"id";"data_inversa";"dia_semana";"horario";"uf";"br";"km";"municipio";"causa_acidente";"tipo_acidente";"classificacao_acidente";"fase_dia";"sentido_via";"condicao_metereologica";"tipo_pista";"tracado_via";"uso_solo";"pessoas";"mortos";"feridos_leves";"feridos_graves";"ilesos";"ignorados";"feridos";"veiculos"
83426185;"02/01/16";"Sábado";"07:30:00";"MS";163;"767,7";"COXIM";"Desobediência à sinalização";"Colisão traseira";"Sem Vítimas";"Pleno dia";"Decrescente";"Ceu Claro";"Simples";"Reta";"Rural";7;0;0;0;7;0;0;2
83426192;"02/01/16";"Sábado";"10:15:00";"RS";158;"405,3";"SAO GABRIEL";"Dormindo";"Saída de Pista";"Com Vítimas Feridas";"Pleno dia";"Crescente";"Nublado";"Simples";"Reta";"Rural";1;0;0;1;0;0;1;1
83426194;"02/01/16";"Sábado";"09:40:00";"SC";101;"147,8";"ITAPEMA";"Outras";"Colisão com objeto fixo";"Com Vítimas Feridas";"Pleno dia";"Crescente";"Nublado";"Simples";"Reta";"Urbano";1;0;0;1;0;0;1;1
83426195;"02/01/16";"Sábado";"09:00:00";"SE";235;"50";"ITABAIANA";"Falta de atenção";"Colisão traseira";"Sem Vítimas";"Pleno dia";"Crescente";"Sol";"Simples";"Reta";"Urbano";2;0;0;0;2;0;0;2
83426197;"01/01/16";"Sexta";"00:10:00";"SP";116;"212";"GUARULHOS";"Ingestão de álcool";"Colisão frontal";"Com Vítimas Fatais";"Plena noite";"Crescente";"Ceu Claro";"Múltipla";"Reta";"Urbano";2;1;0;0;1;0;0;2
83426198;"01/01/16";"Sexta";"18:00:00";"GO";70;"39";"COCALZINHO DE GOIAS";"Outras";"Atropelamento de pessoa";"Com Vítimas Feridas";"Anoitecer";"Decrescente";"Nublado";"Simples";"Reta";"Urbano";3;0;0;1;2;0;1;1
83426202;"02/01/16";"Sábado";"10:15:00";"CE";222;"310,7";"TIANGUA";"Desobediência à sinalização";"Colisão Transversal";"Com Vítimas Feridas";"Pleno dia";"Decrescente";"Nublado";"Simples";"Reta";"Urbano";3;0;1;1;1;0;2;2
83426203;"02/01/16";"Sábado";"09:15:00";"MG";381;"312";"ANTONIO DIAS";"Falta de atenção";"Colisão traseira";"Com Vítimas Feridas";"Pleno dia";"Crescente";"Sol";"Simples";"Reta";"Rural";3;0;1;0;2;0;1;2
83426206;"02/01/16";"Sábado";"10:30:00";"PE";232;"72,5";"GRAVATA";"Defeito mecânico em veículo";"Saída de Pista";"Com Vítimas Feridas";"Pleno dia";"Decrescente";"Ceu Claro";"Dupla";"Reta";"Rural";3;0;3;0;0;0;3;1
83426207;"02/01/16";"Sábado";"11:00:00";"BA";101;"766";"ITABELA";"Dormindo";"Colisão Transversal";"Com Vítimas Feridas";"Pleno dia";"Crescente";"Ceu Claro";"Simples";"Reta";"Rural";5;0;5;0;0;0;5;2
83426208;"02/01/16";"Sábado";"10:50:00";"MG";116;"766,8";"LEOPOLDINA";"Falta de atenção";"Colisão Transversal";"Com Vítimas Feridas";"Pleno dia";"Crescente";"Ceu Claro";"Simples";"Curva";"Urbano";2;0;1;0;1;0;1;2
83426209;"02/01/16";"Sábado";"06:20:00";"ES";101;"289,5";"CARIACICA";"Outras";"Capotamento";"Com Vítimas Feridas";"Pleno dia";"Crescente";"Ceu Claro";"Dupla";"Reta";"Urbano";2;0;1;0;0;1;1;2
83426211;"01/01/16";"Sexta";"17:40:00";"MG";50;"51";"ARAGUARI";"Falta de atenção";"Colisão traseira";"Sem Vítimas";"Pleno dia";"Decrescente";"Nublado";"Dupla";"Reta";"Rural";2;0;0;0;2;0;0;2
83426212;"02/01/16";"Sábado";"10:50:00";"MG";40;"749";"SANTOS DUMONT";"Animais na Pista";"Colisão com objeto móvel";"Sem Vítimas";"Pleno dia";"Crescente";"Nublado";"Simples";"Curva";"Rural";1;0;0;0;1;0;0;1
83426213;"02/01/16";"Sábado";"10:40:00";"SP";116;"561,7";"BARRA DO TURVO";"Velocidade incompatível";"Capotamento";"Sem Vítimas";"Pleno dia";"Crescente";"Chuva";"Dupla";"Curva";"Rural";1;0;0;0;1;0;0;1
83426214;"02/01/16";"Sábado";"12:00:00";"SP";116;"564,5";"BARRA DO TURVO";"Velocidade incompatível";"Colisão com objeto fixo";"Sem Vítimas";"Pleno dia";"Decrescente";"Chuva";"Dupla";"Curva";"Rural";1;0;0;0;1;0;0;1
83426215;"02/01/16";"Sábado";"09:30:00";"SC";101;"4";"GARUVA";"Falta de atenção";"Colisão traseira";"Sem Vítimas";"Pleno dia";"Decrescente";"Chuva";"Dupla";"Reta";"Rural";4;0;0;0;4;0;0;4
83426216;"02/01/16";"Sábado";"09:30:00";"MG";40;"565";"NOVA LIMA";"Velocidade incompatível";"Saída de Pista";"Com Vítimas Feridas";"Pleno dia";"Decrescente";"Nublado";"Simples";"Reta";"Urbano";3;0;0;1;2;0;1;1
83426219;"02/01/16";"Sábado";"11:05:00";"SC";116;"285,9";"CAPAO ALTO";"Defeito mecânico em veículo";"Queda de motocicleta / bicicleta / veículo";"Com Vítimas Feridas";"Pleno dia";"Crescente";"Nublado";"Simples";"Reta";"Rural";1;0;1;0;0;0;1;1
83426220;"02/01/16";"Sábado";"09:50:00";"PR";116;"18,5";"ANTONINA";"Velocidade incompatível";"Capotamento";"Com Vítimas Feridas";"Pleno dia";"Decrescente";"Chuva";"Dupla";"Curva";"Rural";3;0;2;0;1;0;2;1
83426222;"02/01/16";"Sábado";"10:15:00";"PE";101;"7,2";"GOIANA";"Outras";"Colisão Transversal";"Com Vítimas Feridas";"Pleno dia";"Crescente";"Ceu Claro";"Múltipla";"Reta";"Urbano";7;0;2;0;5;0;2;2
83426224;"02/01/16";"Sábado";"10:20:00";"MG";40;"305";"TRES MARIAS";"Falta de atenção";"Colisão Transversal";"Sem Vítimas";"Pleno dia";"Decrescente";"Ceu Claro";"Simples";"Reta";"Rural";2;0;0;0;2;0;0;2
83426225;"02/01/16";"Sábado";"10:30:00";"MT";174;"271,5";"PONTES E LACERDA";"Outras";"Saída de Pista";"Com Vítimas Feridas";"Pleno dia";"Crescente";"Nublado";"Simples";"Reta";"Rural";4;0;3;0;0;1;3;2
83426226;"02/01/16";"Sábado";"11:30:00";"PR";277;"133";"BALSA NOVA";"Velocidade incompatível";"Colisão traseira";"Com Vítimas Feridas";"Pleno dia";"Decrescente";"Chuva";"Múltipla";"Reta";"Rural";7;0;2;0;5;0;2;5
83426227;"02/01/16";"Sábado";"10:50:00";"PR";476;"121";"COLOMBO";"Outras";"Colisão Transversal";"Sem Vítimas";"Pleno dia";"Decrescente";"Chuva";"Múltipla";"Reta";"Urbano";2;0;0;0;2;0;0;2
83426229;"02/01/16";"Sábado";"13:25:00";"SC";282;"181";"BOCAINA DO SUL";"Velocidade incompatível";"Saída de Pista";"Sem Vítimas";"Pleno dia";"Crescente";"Chuva";"Dupla";"Cruzamento";"Urbano";2;0;0;0;2;0;0;2
83426230;"02/01/16";"Sábado";"11:10:00";"SP";116;"385";"MIRACATU";"Defeito mecânico em veículo";"Colisão com objeto fixo";"Sem Vítimas";"Pleno dia";"Decrescente";"Chuva";"Dupla";"Curva";"Rural";1;0;0;0;1;0;0;1
83426231;"02/01/16";"Sábado";"09:20:00";"MG";40;"424";"CURVELO";"Falta de atenção";"Colisão lateral";"Sem Vítimas";"Pleno dia";"Decrescente";"Ceu Claro";"Dupla";"Reta";"Urbano";2;0;0;0;2;0;0;2
83426232;"02/01/16";"Sábado";"11:30:00";"RS";116;"267,1";"CANOAS";"Falta de atenção";"Colisão lateral";"Sem Vítimas";"Pleno dia";"Crescente";"Nublado";"Dupla";"Reta";"Urbano";2;0;0;0;2;0;0;2
83426236;"02/01/16";"Sábado";"09:15:00";"SC";101;"309,6";"LAGUNA";"Outras";"Colisão traseira";"Sem Vítimas";"Pleno dia";"Decrescente";"Chuva";"Dupla";"Reta";"Rural";2;0;0;0;2;0;0;2
83426237;"02/01/16";"Sábado";"08:00:00";"MT";70;"111,8";"GENERAL CARNEIRO";"Dormindo";"Saída de Pista";"Com Vítimas Feridas";"Pleno dia";"Decrescente";"Nublado";"Simples";"Curva";"Rural";2;0;0;2;0;0;2;1
83426240;"02/01/16";"Sábado";"14:20:00";"RS";290;"130,4";"ELDORADO DO SUL";"Desobediência à sinalização";"Colisão Transversal";"Sem Vítimas";"Pleno dia";"Crescente";"Nublado";"Simples";"Reta";"Rural";2;0;0;0;2;0;0;2
83426241;"02/01/16";"Sábado";"13:00:00";"MT";163;"61";"ITIQUIRA";"Ultrapassagem indevida";"Capotamento";"Sem Vítimas";"Pleno dia";"Crescente";"Ceu Claro";"Simples";"Reta";"Rural";5;0;0;0;5;0;0;1
83426243;"02/01/16";"Sábado";"11:26:00";"PI";343;"257";"CAMPO MAIOR";"Falta de atenção";"Colisão Transversal";"Com Vítimas Feridas";"Pleno dia";"Crescente";"Sol";"Simples";"Reta";"Rural";2;0;1;0;1;0;1;2
83426244;"02/01/16";"Sábado";"13:15:00";"PR";153;"517,5";"GENERAL CARNEIRO";"Outras";"Saída de Pista";"Sem Vítimas";"Pleno dia";"Crescente";"Chuva";"Simples";"Curva";"Rural";3;0;0;0;3;0;0;1
83426245;"02/01/16";"Sábado";"09:30:00";"BA";415;"49,5";"ITABUNA";"Outras";"Colisão lateral";"Sem Vítimas";"Pleno dia";"Crescente";"Sol";"Simples";"Reta";"Urbano";7;0;0;0;7;0;0;2
83426249;"02/01/16";"Sábado";"11:10:00";"BA";324;"617";"SALVADOR";"Falta de atenção";"Colisão traseira";"Sem Vítimas";"Pleno dia";"Crescente";"Ceu Claro";"Simples";"Reta";"Urbano";3;0;0;0;3;0;0;2
83426252;"02/01/16";"Sábado";"14:00:00";"SC";280;"266,8";"IRINEOPOLIS";"Outras";"Saída de Pista";"Com Vítimas Feridas";"Pleno dia";"Decrescente";"Chuva";"Simples";"Curva";"Rural";2;0;1;0;1;0;1;1
83426253;"02/01/16";"Sábado";"15:15:00";"PR";277;"140";"BALSA NOVA";"Outras";"Colisão lateral";"Sem Vítimas";"Pleno dia";"Decrescente";"Chuva";"Dupla";"Reta";"Rural";2;0;0;0;2;0;0;2
83426254;"02/01/16";"Sábado";"15:10:00";"RS";101;"74,9";"OSORIO";"Dormindo";"Saída de Pista";"Com Vítimas Feridas";"Pleno dia";"Decrescente";"Nublado";"Dupla";"Curva";"Urbano";1;0;1;0;0;0;1;1
83426256;"02/01/16";"Sábado";"15:00:00";"PR";376;"657";"TIJUCAS DO SUL";"Velocidade incompatível";"Capotamento";"Com Vítimas Feridas";"Pleno dia";"Decrescente";"Chuva";"Dupla";"Curva";"Rural";2;0;2;0;0;0;2;1
83426257;"02/01/16";"Sábado";"13:30:00";"MG";40;"515,4";"RIBEIRAO DAS NEVES";"Defeito mecânico em veículo";"Capotamento";"Sem Vítimas";"Pleno dia";"Decrescente";"Chuva";"Dupla";"Curva";"Rural";1;0;0;0;1;0;0;1
83426258;"02/01/16";"Sábado";"13:20:00";"PR";277;"237,3";"IRATI";"Falta de atenção";"Colisão Transversal";"Com Vítimas Feridas";"Pleno dia";"Crescente";"Chuva";"Simples";"Reta";"Urbano";3;0;1;0;2;0;1;2
83426259;"02/01/16";"Sábado";"06:30:00";"SE";101;"46";"JAPARATUBA";"Não guardar distância de segurança";"Colisão lateral";"Sem Vítimas";"Pleno dia";"Decrescente";"Ceu Claro";"Dupla";"Curva";"Rural";2;0;0;0;2;0;0;2
83426261;"02/01/16";"Sábado";"12:30:00";"ES";101;"288";"CARIACICA";"Outras";"Queda de motocicleta / bicicleta / veículo";"Com Vítimas Feridas";"Pleno dia";"Crescente";"Ceu Claro";"Dupla";"Reta";"Rural";1;0;0;1;0;0;1;1
83426263;"02/01/16";"Sábado";"08:42:00";"RO";319;"62";"PORTO VELHO";"Falta de atenção";"Colisão lateral";"Com Vítimas Feridas";"Pleno dia";"Decrescente";"Nublado";"Dupla";"Reta";"Urbano";3;0;0;2;1;0;2;2
83426264;"02/01/16";"Sábado";"09:10:00";"SC";470;"124,6";"IBIRAMA";"Outras";"Colisão Transversal";"Com Vítimas Feridas";"Pleno dia";"Decrescente";"Chuva";"Simples";"Curva";"Urbano";3;0;1;0;2;0;1;2
83426265;"02/01/16";"Sábado";"13:15:00";"RS";386;"245,2";"SOLEDADE";"Desobediência à sinalização";"Colisão Transversal";"Sem Vítimas";"Pleno dia";"Decrescente";"Nublado";"Simples";"Reta";"Urbano";2;0;0;0;2;0;0;2
83426266;"02/01/16";"Sábado";"13:25:00";"GO";50;"268,1";"CATALAO";"Outras";"Saída de Pista";"Com Vítimas Feridas";"Pleno dia";"Decrescente";"Sol";"Simples";"Reta";"Rural";4;0;2;0;2;0;2;1
83426267;"02/01/16";"Sábado";"09:53:00";"MG";381;"733,5";"CARMO DA CACHOEIRA";"Falta de atenção";"Saída de Pista";"Sem Vítimas";"Pleno dia";"Crescente";"Nublado";"Dupla";"Reta";"Rural";1;0;0;0;1;0;0;1
83426268;"02/01/16";"Sábado";"09:10:00";"MG";381;"686,7";"LAVRAS";"Velocidade incompatível";"Colisão com objeto fixo";"Com Vítimas Feridas";"Pleno dia";"Crescente";"Chuva";"Dupla";"Curva";"Rural";2;0;1;0;1;0;1;1
83426269;"02/01/16";"Sábado";"14:30:00";"SP";116;"515,5";"CAJATI";"Falta de atenção";"Colisão frontal";"Sem Vítimas";"Pleno dia";"Decrescente";"Chuva";"Simples";"Curva";"Rural";2;0;0;0;2;0;0;2
83426270;"02/01/16";"Sábado";"14:00:00";"PR";277;"79";"CURITIBA";"Outras";"Colisão traseira";"Com Vítimas Feridas";"Pleno dia";"Decrescente";"Nublado";"Dupla";"Curva";"Urbano";6;0;6;0;0;0;6;2
83426271;"02/01/16";"Sábado";"16:15:00";"MG";40;"565";"NOVA LIMA";"Não guardar distância de segurança";"Colisão traseira";"Sem Vítimas";"Pleno dia";"Decrescente";"Chuva";"Simples";"Reta";"Urbano";2;0;0;0;2;0;0;2
83426272;"02/01/16";"Sábado";"15:15:00";"MG";381;"516";"IGARAPE";"Velocidade incompatível";"Saída de Pista";"Com Vítimas Feridas";"Pleno dia";"Decrescente";"Chuva";"Dupla";"Curva";"Rural";2;0;1;1;0;0;2;1
83426274;"02/01/16";"Sábado";"13:15:00";"GO";60;"421,6";"RIO VERDE";"Outras";"Saída de Pista";"Com Vítimas Feridas";"Pleno dia";"Decrescente";"Chuva";"Dupla";"Curva";"Rural";3;0;2;0;1;0;2;1
83426275;"02/01/16";"Sábado";"14:00:00";"MG";381;"722,5";"CARMO DA CACHOEIRA";"Velocidade incompatível";"Saída de Pista";"Sem Vítimas";"Pleno dia";"Crescente";"Nublado";"Dupla";"Curva";"Rural";1;0;0;0;1;0;0;1
83426277;"02/01/16";"Sábado";"10:30:00";"SC";280;"22";"ARAQUARI";"Falta de atenção";"Colisão traseira";"Com Vítimas Feridas";"Pleno dia";"Crescente";"Chuva";"Simples";"Reta";"Urbano";5;0;1;0;4;0;1;4
83426278;"02/01/16";"Sábado";"12:00:00";"RJ";101;"505";"ANGRA DOS REIS";"Desobediência à sinalização";"Saída de Pista";"Com Vítimas Feridas";"Pleno dia";"Crescente";"Chuva";"Simples";"Reta";"Urbano";2;0;2;0;0;0;2;1
83426279;"02/01/16";"Sábado";"13:00:00";"TO";153;"148";"ARAGUAINA";"Falta de atenção";"Colisão lateral";"Com Vítimas Feridas";"Pleno dia";"Decrescente";"Nublado";"Simples";"Reta";"Rural";3;0;2;0;1;0;2;2
83426282;"02/01/16";"Sábado";"16:20:00";"SP";116;"533";"BARRA DO TURVO";"Velocidade incompatível";"Colisão lateral";"Sem Vítimas";"Pleno dia";"Decrescente";"Chuva";"Dupla";"Curva";"Rural";2;0;0;0;2;0;0;2
83426283;"02/01/16";"Sábado";"08:40:00";"SC";470;"131,1";"LONTRAS";"Defeito mecânico em veículo";"Colisão lateral";"Sem Vítimas";"Pleno dia";"Crescente";"Chuva";"Simples";"Reta";"Rural";2;0;0;0;2;0;0;2
83426284;"02/01/16";"Sábado";"16:00:00";"RS";386;"73,7";"BOA VISTA DAS MISSOES";"Falta de atenção";"Colisão Transversal";"Sem Vítimas";"Pleno dia";"Decrescente";"Nublado";"Simples";"Cruzamento";"Rural";2;0;0;0;2;0;0;2
83426285;"02/01/16";"Sábado";"13:15:00";"GO";364;"201";"JATAI";"Falta de atenção";"Colisão lateral";"Com Vítimas Feridas";"Pleno dia";"Crescente";"Nublado";"Simples";"Curva";"Rural";4;0;1;0;3;0;1;2
83426286;"02/01/16";"Sábado";"15:00:00";"RJ";101;"430";"MANGARATIBA";"Não guardar distância de segurança";"Colisão traseira";"Sem Vítimas";"Pleno dia";"Decrescente";"Nublado";"Simples";"Reta";"Rural";3;0;0;0;3;0;0;3
83426287;"02/01/16";"Sábado";"14:30:00";"MT";364;"584";"DIAMANTINO";"Outras";"Saída de Pista";"Sem Vítimas";"Pleno dia";"Decrescente";"Chuva";"Dupla";"Reta";"Rural";1;0;0;0;1;0;0;1
83426288;"02/01/16";"Sábado";"15:42:00";"MG";262;"381";"JUATUBA";"Ingestão de álcool";"Saída de Pista";"Com Vítimas Feridas";"Pleno dia";"Decrescente";"Chuva";"Dupla";"Curva";"Rural";4;0;2;0;2;0;2;1
83426289;"02/01/16";"Sábado";"12:40:00";"PI";230;"34";"SAO JULIAO";"Falta de atenção";"Capotamento";"Com Vítimas Feridas";"Pleno dia";"Crescente";"Sol";"Simples";"Curva";"Rural";4;0;4;0;0;0;4;1
83426290;"02/01/16";"Sábado";"13:00:00";"MG";381;"519";"IGARAPE";"Velocidade incompatível";"Colisão traseira";"Com Vítimas Feridas";"Pleno dia";"Decrescente";"Chuva";"Dupla";"Curva";"Rural";4;0;1;0;3;0;1;4
83426291;"02/01/16";"Sábado";"17:00:00";"SP";116;"488,5";"CAJATI";"Velocidade incompatível";"Saída de Pista";"Sem Vítimas";"Pleno dia";"Decrescente";"Chuva";"Dupla";"Curva";"Urbano";1;0;0;0;1;0;0;1
83426292;"02/01/16";"Sábado";"15:15:00";"MG";40;"704,2";"BARBACENA";"Outras";"Colisão com objeto fixo";"Com Vítimas Feridas";"Pleno dia";"Decrescente";"Chuva";"Dupla";"Reta";"Urbano";1;0;1;0;0;0;1;1
83426293;"02/01/16";"Sábado";"15:00:00";"MG";381;"526,4";"BRUMADINHO";"Velocidade incompatível";"Capotamento";"Com Vítimas Feridas";"Pleno dia";"Crescente";"Chuva";"Dupla";"Curva";"Rural";3;0;2;0;1;0;2;1
83426294;"02/01/16";"Sábado";"16:30:00";"SC";101;"88";"BARRA VELHA";"Não guardar distância de segurança";"Colisão traseira";"Sem Vítimas";"Pleno dia";"Decrescente";"Chuva";"Dupla";"Reta";"Urbano";3;0;0;0;3;0;0;3
83426297;"02/01/16";"Sábado";"13:30:00";"PR";277;"237,6";"IRATI";"Não guardar distância de segurança";"Colisão traseira";"Sem Vítimas";"Pleno dia";"Decrescente";"Chuva";"Simples";"Reta";"Urbano";4;0;0;0;4;0;0;4
83426298;"02/01/16";"Sábado";"17:15:00";"SP";381;"45,5";"ATIBAIA";"Velocidade incompatível";"Colisão com objeto fixo";"Sem Vítimas";"Pleno dia";"Decrescente";"Chuva";"Dupla";"Reta";"Urbano";1;0;0;0;1;0;0;1
83426299;"02/01/16";"Sábado";"09:05:00";"MG";381;"531";"ITATIAIUCU";"Velocidade incompatível";"Saída de Pista";"Com Vítimas Feridas";"Pleno dia";"Crescente";"Nublado";"Dupla";"Curva";"Rural";1;0;1;0;0;0;1;1
83426300;"02/01/16";"Sábado";"14:10:00";"SC";282;"442,8";"PONTE SERRADA";"Velocidade incompatível";"Tombamento";"Com Vítimas Feridas";"Pleno dia";"Crescente";"Nublado";"Simples";"Curva";"Rural";2;0;2;0;0;0;2;1
83426301;"02/01/16";"Sábado";"11:25:00";"MG";40;"690,5";"ALFREDO VASCONCELOS";"Defeito na via";"Queda de motocicleta / bicicleta / veículo";"Com Vítimas Feridas";"Pleno dia";"Crescente";"Chuva";"Simples";"Curva";"Rural";1;0;1;0;0;0;1;1
83426305;"02/01/16";"Sábado";"15:40:00";"MG";381;"907,5";"CAMBUI";"Defeito mecânico em veículo";"Colisão lateral";"Sem Vítimas";"Pleno dia";"Decrescente";"Chuva";"Dupla";"Curva";"Rural";6;0;0;0;6;0;0;2
83426306;"02/01/16";"Sábado";"15:10:00";"RJ";40;"13";"COMENDADOR LEVY GASPARIAN";"Falta de atenção";"Saída de Pista";"Sem Vítimas";"Pleno dia";"Decrescente";"Chuva";"Dupla";"Curva";"Rural";1;0;0;0;1;0;0;1
83426307;"02/01/16";"Sábado";"15:30:00";"PR";376;"503,1";"PONTA GROSSA";"Outras";"Saída de Pista";"Sem Vítimas";"Pleno dia";"Decrescente";"Chuva";"Dupla";"Curva";"Urbano";1;0;0;0;1;0;0;1
83426308;"02/01/16";"Sábado";"17:30:00";"SP";381;"36";"ATIBAIA";"Outras";"Colisão traseira";"Sem Vítimas";"Pleno dia";"Crescente";"Chuva";"Dupla";"Reta";"Rural";2;0;0;0;2;0;0;2
83426311;"02/01/16";"Sábado";"14:00:00";"SC";101;"17";"GARUVA";"Outras";"Colisão traseira";"Com Vítimas Feridas";"Pleno dia";"Decrescente";"Chuva";"Dupla";"Reta";"Rural";3;0;1;0;2;0;1;2
83426312;"02/01/16";"Sábado";"09:00:00";"SC";101;"353";"JAGUARUNA";"Falta de atenção";"Colisão com objeto fixo";"Com Vítimas Feridas";"Pleno dia";"Decrescente";"Nublado";"Dupla";"Reta";"Urbano";4;0;3;0;0;1;3;2
83426313;"02/01/16";"Sábado";"13:40:00";"SC";470;"113";"IBIRAMA";"Velocidade incompatível";"Colisão frontal";"Com Vítimas Feridas";"Pleno dia";"Decrescente";"Chuva";"Simples";"Curva";"Rural";3;0;2;0;1;0;2;2
83426314;"01/01/16";"Sexta";"01:30:00";"SC";470;"62";"BLUMENAU";"Ingestão de álcool";"Colisão frontal";"Com Vítimas Feridas";"Plena noite";"Decrescente";"Nublado";"Simples";"Reta";"Rural";3;0;3;0;0;0;3;2
83426315;"02/01/16";"Sábado";"17:10:00";"SC";470;"25,3";"ILHOTA";"Velocidade incompatível";"Colisão traseira";"Com Vítimas Feridas";"Pleno dia";"Crescente";"Chuva";"Simples";"Reta";"Urbano";6;0;4;0;2;0;4;3
83426316;"02/01/16";"Sábado";"14:35:00";"CE";222;"300";"TIANGUA";"Defeito mecânico em veículo";"Colisão lateral";"Sem Vítimas";"Pleno dia";"Decrescente";"Nublado";"Simples";"Curva";"Rural";9;0;0;0;9;0;0;2
83426317;"02/01/16";"Sábado";"16:30:00";"MA";10;"251,6";"IMPERATRIZ";"Falta de atenção";"Colisão lateral";"Com Vítimas Feridas";"Pleno dia";"Crescente";"Ceu Claro";"Múltipla";"Cruzamento";"Urbano";2;0;1;0;1;0;1;2
83426318;"02/01/16";"Sábado";"12:00:00";"PE";101;"90,1";"CABO DE SANTO AGOSTINHO";"Outras";"Saída de Pista";"Sem Vítimas";"Pleno dia";"Crescente";"Sol";"Dupla";"Reta";"Urbano";1;0;0;0;1;0;0;1
83426321;"02/01/16";"Sábado";"17:30:00";"PR";277;"626,3";"CEU AZUL";"Falta de atenção";"Queda de motocicleta / bicicleta / veículo";"Com Vítimas Feridas";"Pleno dia";"Crescente";"Ceu Claro";"Simples";"Curva";"Rural";1;0;1;0;0;0;1;1
83426322;"02/01/16";"Sábado";"17:55:00";"SP";116;"22,8";"LAVRINHAS";"Velocidade incompatível";"Colisão com objeto fixo";"Sem Vítimas";"Pleno dia";"Decrescente";"Chuva";"Dupla";"Reta";"Rural";1;0;0;0;1;0;0;1
83426323;"02/01/16";"Sábado";"18:00:00";"SP";116;"513,5";"CAJATI";"Falta de atenção";"Capotamento";"Sem Vítimas";"Pleno dia";"Decrescente";"Chuva";"Simples";"Curva";"Rural";1;0;0;0;1;0;0;1
83426324;"02/01/16";"Sábado";"15:45:00";"RS";290;"138,7";"ELDORADO DO SUL";"Velocidade incompatível";"Saída de Pista";"Sem Vítimas";"Pleno dia";"Decrescente";"Nublado";"Simples";"Reta";"Rural";1;0;0;0;1;0;0;1
83426327;"02/01/16";"Sábado";"16:30:00";"RS";471;"672";"SANTA VITORIA DO PALMAR";"Falta de atenção";"Colisão traseira";"Sem Vítimas";"Pleno dia";"Decrescente";"Sol";"Simples";"Reta";"Urbano";2;0;0;0;2;0;0;2
83426328;"02/01/16";"Sábado";"15:55:00";"SP";153;"291,8";"OCAUCU";"Falta de atenção";"Capotamento";"Com Vítimas Feridas";"Pleno dia";"Decrescente";"Nublado";"Simples";"Reta";"Rural";4;0;4;0;0;0;4;1
83426329;"02/01/16";"Sábado";"15:45:00";"MG";381;"343";"BELA VISTA DE MINAS";"Velocidade incompatível";"Saída de Pista";"Com Vítimas Feridas";"Pleno dia";"Decrescente";"Chuva";"Múltipla";"Curva";"Urbano";2;0;1;0;1;0;1;1
83426330;"02/01/16";"Sábado";"16:00:00";"SP";116;"105,2";"TAUBATE";"Outras";"Colisão lateral";"Com Vítimas Feridas";"Pleno dia";"Crescente";"Ceu Claro";"Dupla";"Reta";"Urbano";2;0;1;0;1;0;1;2
83426331;"02/01/16";"Sábado";"08:40:00";"SP";116;"339,5";"JUQUITIBA";"Outras";"Colisão com objeto fixo";"Sem Vítimas";"Pleno dia";"Crescente";"Chuva";"Dupla";"Curva";"Rural";1;0;0;0;1;0;0;1
83426332;"02/01/16";"Sábado";"08:00:00";"BA";101;"98";"ALAGOINHAS";"Outras";"Saída de Pista";"Com Vítimas Feridas";"Pleno dia";"Decrescente";"Ceu Claro";"Simples";"Reta";"Rural";4;0;4;0;0;0;4;1
83426333;"02/01/16";"Sábado";"15:30:00";"PE";232;"465,3";"MIRANDIBA";"Falta de atenção";"Colisão com bicicleta";"Com Vítimas Fatais";"Pleno dia";"Crescente";"Ceu Claro";"Simples";"Reta";"Rural";6;1;0;0;5;0;0;2
83426334;"02/01/16";"Sábado";"17:00:00";"BA";101;"716,8";"EUNAPOLIS";"Falta de atenção";"Capotamento";"Com Vítimas Feridas";"Pleno dia";"Decrescente";"Sol";"Simples";"Reta";"Urbano";1;0;1;0;0;0;1;1
83426335;"02/01/16";"Sábado";"15:25:00";"SC";282;"54,9";"AGUAS MORNAS";"Velocidade incompatível";"Colisão traseira";"Com Vítimas Feridas";"Pleno dia";"Decrescente";"Chuva";"Simples";"Curva";"Rural";4;0;4;0;0;0;4;2
83426336;"02/01/16";"Sábado";"16:30:00";"MG";40;"219,8";"JOAO PINHEIRO";"Falta de atenção";"Saída de Pista";"Com Vítimas Feridas";"Pleno dia";"Decrescente";"Nublado";"Simples";"Reta";"Rural";3;0;2;0;1;0;2;1
83426337;"02/01/16";"Sábado";"17:40:00";"PE";104;"61";"CARUARU";"Ingestão de álcool";"Colisão traseira";"Sem Vítimas";"Anoitecer";"Decrescente";"Ceu Claro";"Dupla";"Reta";"Urbano";2;0;0;0;2;0;0;2
83426338;"02/01/16";"Sábado";"14:30:00";"ES";259;"21,1";"JOAO NEIVA";"Velocidade incompatível";"Saída de Pista";"Com Vítimas Feridas";"Pleno dia";"Crescente";"Sol";"Simples";"Reta";"Rural";3;0;2;1;0;0;3;1
83426339;"02/01/16";"Sábado";"13:30:00";"MG";116;"223,5";"CATUJI";"Dormindo";"Saída de Pista";"Com Vítimas Feridas";"Pleno dia";"Crescente";"Ceu Claro";"Simples";"Reta";"Rural";1;0;1;0;0;0;1;1
83426340;"02/01/16";"Sábado";"13:10:00";"MG";381;"732,5";"CARMO DA CACHOEIRA";"Defeito mecânico em veículo";"Colisão com objeto fixo";"Sem Vítimas";"Pleno dia";"Decrescente";"Nublado";"Dupla";"Curva";"Rural";1;0;0;0;1;0;0;1
83426341;"02/01/16";"Sábado";"18:00:00";"MG";381;"451";"SABARA";"Outras";"Colisão traseira";"Com Vítimas Feridas";"Anoitecer";"Crescente";"Ceu Claro";"Simples";"Reta";"Urbano";2;0;1;0;1;0;1;2