"id";"data_inversa";"dia_semana";"horario";"uf";"br";"km";"municipio";"causa_acidente";"tipo_acidente";"classificacao_acidente";"fase_dia";"sentido_via";"condicao_metereologica";"tipo_pista";"tracado_via";"uso_solo";"pessoas";"mortos";"feridos_leves";"feridos_graves";"ilesos";"ignorados";"feridos";"veiculos"
83426758;"03/01/16";"Domingo";"20:15:00";"RO";364;"18,8";"VILHENA";"Falta de atenção";"Colisão com bicicleta";"Com Vítimas Feridas";"Plena noite";"Crescente";"Ceu Claro";"Simples";"Reta";"Rural";7;0;1;0;6;0;1;2
83426759;"03/01/16";"Domingo";"23:15:00";"PR";376;"169,8";"MANDAGUACU";"Outras";"Colisão traseira";"Com Vítimas Feridas";"Plena noite";"Decrescente";"Chuva";"Dupla";"Cruzamento";"Rural";2;0;0;1;0;1;1;2
83426760;"03/01/16";"Domingo";"22:00:00";"PR";163;"92";"CAPANEMA";"Desobediência à sinalização";"Colisão Transversal";"Com Vítimas Feridas";"Plena noite";"Decrescente";"Ceu Claro";"Simples";"Reta";"Rural";3;0;1;0;1;1;1;2
83426761;"03/01/16";"Domingo";"19:00:00";"PB";230;"63,8";"SAO MIGUEL DE TAIPU";"Falta de atenção";"Colisão traseira";"Sem Vítimas";"Plena noite";"Crescente";"Ceu Claro";"Dupla";"Reta";"Rural";7;0;0;0;7;0;0;2
83426762;"03/01/16";"Domingo";"23:15:00";"ES";101;"184,6";"ARACRUZ";"Outras";"Atropelamento de pessoa";"Com Vítimas Feridas";"Plena noite";"Decrescente";"Chuva";"Simples";"Reta";"Rural";2;0;0;1;1;0;1;1
83426763;"03/01/16";"Domingo";"10:10:00";"RS";392;"2";"RIO GRANDE";"Desobediência à sinalização";"Colisão Transversal";"Com Vítimas Feridas";"Pleno dia";"Crescente";"Nublado";"Dupla";"Cruzamento";"Urbano";2;0;1;0;1;0;1;2
83426764;"03/01/16";"Domingo";"16:30:00";"PR";280;"312";"BARRACAO";"Outras";"Colisão frontal";"Com Vítimas Fatais";"Pleno dia";"Crescente";"Nublado";"Simples";"Reta";"Rural";6;1;2;3;0;0;5;2
83426765;"03/01/16";"Domingo";"21:30:00";"SP";116;"565";"BARRA DO TURVO";"Velocidade incompatível";"Colisão com objeto fixo";"Sem Vítimas";"Plena noite";"Crescente";"Chuva";"Simples";"Curva";"Rural";1;0;0;0;1;0;0;1
83426766;"03/01/16";"Domingo";"20:26:00";"RO";364;"710";"PORTO VELHO";"Ingestão de álcool";"Colisão traseira";"Com Vítimas Feridas";"Plena noite";"Crescente";"Ceu Claro";"Dupla";"Reta";"Urbano";2;0;0;1;1;0;1;2
83426767;"03/01/16";"Domingo";"22:40:00";"MG";381;"442,5";"SABARA";"Velocidade incompatível";"Queda de motocicleta / bicicleta / veículo";"Com Vítimas Feridas";"Plena noite";"Crescente";"Chuva";"Simples";"Reta";"Rural";2;0;2;0;0;0;2;1
83426768;"03/01/16";"Domingo";"08:00:00";"PI";135;"545";"SAO GONCALO DO GURGUEIA";"Velocidade incompatível";"Saída de Pista";"Sem Vítimas";"Pleno dia";"Decrescente";"Ceu Claro";"Simples";"Curva";"Rural";1;0;0;0;1;0;0;1
83426769;"03/01/16";"Domingo";"13:00:00";"MG";381;"686,7";"LAVRAS";"Defeito mecânico em veículo";"Colisão com objeto fixo";"Sem Vítimas";"Pleno dia";"Crescente";"Nublado";"Dupla";"Curva";"Rural";1;0;0;0;1;0;0;1
83426770;"03/01/16";"Domingo";"23:40:00";"CE";222;"165,5";"IRAUCUBA";"Animais na Pista";"Atropelamento de animal";"Sem Vítimas";"Plena noite";"Decrescente";"Ceu Claro";"Simples";"Reta";"Rural";1;0;0;0;1;0;0;1
83426771;"04/01/16";"Segunda";"00:50:00";"PR";376;"237,8";"APUCARANA";"Falta de atenção";"Saída de Pista";"Com Vítimas Feridas";"Plena noite";"Decrescente";"Chuva";"Simples";"Curva";"Rural";2;0;0;1;1;0;1;1
83426772;"04/01/16";"Segunda";"00:10:00";"PR";376;"656,7";"TIJUCAS DO SUL";"Velocidade incompatível";"Colisão com objeto fixo";"Sem Vítimas";"Plena noite";"Decrescente";"Chuva";"Dupla";"Curva";"Rural";1;0;0;0;1;0;0;1
83426773;"03/01/16";"Domingo";"19:30:00";"MG";116;"306";"ITAMBACURI";"Outras";"Colisão lateral";"Sem Vítimas";"Anoitecer";"Decrescente";"Nublado";"Simples";"Reta";"Rural";2;0;0;0;2;0;0;2
83426775;"03/01/16";"Domingo";"11:35:00";"MG";365;"144,3";"PIRAPORA";"Dormindo";"Saída de Pista";"Com Vítimas Feridas";"Pleno dia";"Crescente";"Nublado";"Simples";"Reta";"Rural";4;0;3;1;0;0;4;1
83426776;"03/01/16";"Domingo";"18:45:00";"MG";40;"558";"NOVA LIMA";"Outras";"Colisão com objeto fixo";"Sem Vítimas";"Pleno dia";"Crescente";"Chuva";"Dupla";"Curva";"Urbano";1;0;0;0;1;0;0;1
83426777;"03/01/16";"Domingo";"16:15:00";"RS";116;"304";"GUAIBA";"Não guardar distância de segurança";"Colisão traseira";"Com Vítimas Feridas";"Pleno dia";"Decrescente";"Sol";"Múltipla";"Reta";"Urbano";7;0;2;0;5;0;2;5
83426778;"03/01/16";"Domingo";"23:20:00";"MG";267;"365,7";"CAMPANHA";"Ingestão de álcool";"Colisão Transversal";"Com Vítimas Feridas";"Plena noite";"Decrescente";"Nublado";"Simples";"Reta";"Urbano";2;0;0;1;1;0;1;2
83426779;"03/01/16";"Domingo";"14:05:00";"CE";304;"46,3";"ARACATI";"Falta de atenção";"Colisão traseira";"Sem Vítimas";"Pleno dia";"Decrescente";"Sol";"Simples";"Reta";"Urbano";5;0;0;0;5;0;0;2
83426781;"03/01/16";"Domingo";"15:20:00";"CE";116;"67,1";"CHOROZINHO";"Falta de atenção";"Colisão Transversal";"Com Vítimas Feridas";"Pleno dia";"Crescente";"Sol";"Simples";"Cruzamento";"Rural";7;0;5;1;1;0;6;2
83426782;"04/01/16";"Segunda";"00:30:00";"MS";163;"303,5";"RIO BRILHANTE";"Animais na Pista";"Atropelamento de animal";"Sem Vítimas";"Plena noite";"Decrescente";"Ceu Claro";"Simples";"Reta";"Rural";5;0;0;0;5;0;0;1
83426783;"04/01/16";"Segunda";"01:00:00";"RS";116;"37";"VACARIA";"Outras";"Atropelamento de pessoa";"Com Vítimas Feridas";"Plena noite";"Decrescente";"Nublado";"Dupla";"Reta";"Urbano";3;0;1;0;2;0;1;1
83426784;"03/01/16";"Domingo";"17:45:00";"AL";101;"72,5";"MESSIAS";"Outras";"Colisão traseira";"Sem Vítimas";"Anoitecer";"Crescente";"Nublado";"Simples";"Curva";"Rural";2;0;0;0;2;0;0;2
83426785;"03/01/16";"Domingo";"17:40:00";"MG";381;"727";"CARMO DA CACHOEIRA";"Velocidade incompatível";"Capotamento";"Com Vítimas Feridas";"Pleno dia";"Decrescente";"Chuva";"Dupla";"Curva";"Rural";3;0;2;0;1;0;2;1
83426787;"03/01/16";"Domingo";"18:40:00";"GO";60;"0,4";"GOIANIA";"Velocidade incompatível";"Tombamento";"Com Vítimas Feridas";"Pleno dia";"Crescente";"Nublado";"Dupla";"Cruzamento";"Urbano";2;0;1;0;1;0;1;1
83426788;"03/01/16";"Domingo";"18:20:00";"RS";116;"305";"GUAIBA";"Não guardar distância de segurança";"Colisão traseira";"Sem Vítimas";"Pleno dia";"Decrescente";"Sol";"Múltipla";"Reta";"Urbano";2;0;0;0;2;0;0;2
83426789;"03/01/16";"Domingo";"10:30:00";"MA";135;"42";"BACABEIRA";"Falta de atenção";"Colisão traseira";"Sem Vítimas";"Pleno dia";"Crescente";"Sol";"Simples";"Reta";"Rural";3;0;0;0;2;1;0;3
83426790;"03/01/16";"Domingo";"18:30:00";"GO";40;"1";"VALPARAISO DE GOIAS";"Outras";"Colisão traseira";"Com Vítimas Feridas";"Anoitecer";"Decrescente";"Nublado";"Dupla";"Reta";"Urbano";3;0;2;0;1;0;2;2
83426791;"04/01/16";"Segunda";"01:20:00";"RS";290;"175";"BUTIA";"Outras";"Tombamento";"Com Vítimas Feridas";"Plena noite";"Crescente";"Ceu Claro";"Simples";"Reta";"Urbano";1;0;1;0;0;0;1;1
83426792;"03/01/16";"Domingo";"17:00:00";"GO";20;"94";"VILA BOA";"Falta de atenção";"Colisão lateral";"Com Vítimas Feridas";"Pleno dia";"Decrescente";"Chuva";"Simples";"Reta";"Rural";7;0;3;0;2;2;3;2
83426793;"03/01/16";"Domingo";"19:00:00";"BA";101;"842";"TEIXEIRA DE FREITAS";"Outras";"Colisão frontal";"Com Vítimas Feridas";"Plena noite";"Crescente";"Chuva";"Simples";"Curva";"Rural";10;0;7;3;0;0;10;2
83426794;"03/01/16";"Domingo";"18:00:00";"SC";101;"95";"BARRA VELHA";"Desobediência à sinalização";"Colisão lateral";"Com Vítimas Feridas";"Pleno dia";"Decrescente";"Ceu Claro";"Dupla";"Reta";"Rural";3;0;0;2;1;0;2;2
83426795;"03/01/16";"Domingo";"23:25:00";"SC";101;"313";"LAGUNA";"Falta de atenção";"Capotamento";"Com Vítimas Feridas";"Plena noite";"Decrescente";"Ceu Claro";"Dupla";"Reta";"Urbano";1;0;1;0;0;0;1;1
83426796;"04/01/16";"Segunda";"02:45:00";"RJ";40;"92";"PETROPOLIS";"Velocidade incompatível";"Colisão com objeto fixo";"Sem Vítimas";"Plena noite";"Decrescente";"Chuva";"Simples";"Curva";"Rural";1;0;0;0;1;0;0;1
83426797;"03/01/16";"Domingo";"22:45:00";"RS";116;"147,8";"CAXIAS DO SUL";"Defeito mecânico em veículo";"Queda de motocicleta / bicicleta / veículo";"Com Vítimas Feridas";"Plena noite";"Crescente";"Ceu Claro";"Múltipla";"Curva";"Urbano";1;0;1;0;0;0;1;1
83426798;"03/01/16";"Domingo";"20:10:00";"MG";381;"727";"CARMO DA CACHOEIRA";"Velocidade incompatível";"Colisão com objeto fixo";"Sem Vítimas";"Plena noite";"Decrescente";"Nublado";"Dupla";"Curva";"Rural";1;0;0;0;1;0;0;1
83426799;"04/01/16";"Segunda";"00:00:00";"PE";232;"20,3";"JABOATAO DOS GUARARAPES";"Outras";"Capotamento";"Com Vítimas Feridas";"Plena noite";"Crescente";"Nublado";"Simples";"Curva";"Rural";1;0;1;0;0;0;1;1
83426800;"03/01/16";"Domingo";"17:40:00";"MG";116;"252";"TEOFILO OTONI";"Velocidade incompatível";"Colisão frontal";"Com Vítimas Feridas";"Pleno dia";"Decrescente";"Ceu Claro";"Simples";"Curva";"Rural";5;0;3;1;1;0;4;3
83426802;"03/01/16";"Domingo";"21:30:00";"MG";381;"533,4";"ITATIAIUCU";"Velocidade incompatível";"Colisão com objeto fixo";"Com Vítimas Feridas";"Plena noite";"Decrescente";"Chuva";"Dupla";"Curva";"Urbano";4;0;4;0;0;0;4;1
83426803;"03/01/16";"Domingo";"23:20:00";"MG";40;"682";"RESSAQUINHA";"Falta de atenção";"Saída de Pista";"Com Vítimas Feridas";"Plena noite";"Crescente";"Chuva";"Simples";"Curva";"Urbano";1;0;1;0;0;0;1;1
83426804;"03/01/16";"Domingo";"20:30:00";"PE";232;"266,4";"SERTANIA";"Ingestão de álcool";"Colisão frontal";"Com Vítimas Feridas";"Plena noite";"Crescente";"Nublado";"Simples";"Reta";"Rural";3;0;0;1;2;0;1;3
83426806;"03/01/16";"Domingo";"21:50:00";"PR";376;"662,2";"TIJUCAS DO SUL";"Falta de atenção";"Colisão traseira";"Com Vítimas Feridas";"Plena noite";"Decrescente";"Chuva";"Dupla";"Reta";"Rural";4;0;1;1;2;0;2;3
83426807;"04/01/16";"Segunda";"04:52:00";"RJ";116;"179";"NOVA IGUACU";"Outras";"Colisão traseira";"Com Vítimas Feridas";"Amanhecer";"Decrescente";"Ceu Claro";"Dupla";"Reta";"Urbano";3;0;1;0;2;0;1;3
83426808;"04/01/16";"Segunda";"03:00:00";"MG";381;"533,4";"ITATIAIUCU";"Velocidade incompatível";"Colisão com objeto fixo";"Com Vítimas Feridas";"Plena noite";"Crescente";"Chuva";"Dupla";"Curva";"Urbano";5;0;4;0;1;0;4;1
83426809;"03/01/16";"Domingo";"23:30:00";"MG";135;"374,9";"MONTES CLAROS";"Outras";"Colisão traseira";"Com Vítimas Feridas";"Plena noite";"Decrescente";"Ceu Claro";"Simples";"Reta";"Rural";2;0;1;0;1;0;1;2
83426810;"04/01/16";"Segunda";"05:30:00";"PR";376;"656,7";"TIJUCAS DO SUL";"Velocidade incompatível";"Saída de Pista";"Com Vítimas Feridas";"Plena noite";"Decrescente";"Chuva";"Dupla";"Curva";"Rural";2;0;2;0;0;0;2;1
83426811;"03/01/16";"Domingo";"18:50:00";"GO";60;"186";"ABADIA DE GOIAS";"Outras";"Saída de Pista";"Sem Vítimas";"Pleno dia";"Decrescente";"Chuva";"Dupla";"Curva";"Rural";1;0;0;0;1;0;0;1
83426812;"03/01/16";"Domingo";"15:30:00";"ES";101;"448,2";"MIMOSO DO SUL";"Velocidade incompatível";"Colisão lateral";"Com Vítimas Feridas";"Pleno dia";"Decrescente";"Chuva";"Simples";"Curva";"Rural";3;0;1;0;2;0;1;3
83426813;"02/01/16";"Sábado";"19:30:00";"CE";222;"6";"CAUCAIA";"Outras";"Atropelamento de pessoa";"Com Vítimas Feridas";"Plena noite";"Decrescente";"Ceu Claro";"Múltipla";"Reta";"Urbano";2;0;1;0;1;0;1;1
83426814;"04/01/16";"Segunda";"00:01:00";"SP";153;"16,1";"NOVA GRANADA";"Falta de atenção";"Colisão traseira";"Com Vítimas Feridas";"Plena noite";"Decrescente";"Chuva";"Simples";"Reta";"Rural";3;0;2;0;1;0;2;2
83426815;"03/01/16";"Domingo";"17:30:00";"BA";101;"865";"TEIXEIRA DE FREITAS";"Outras";"Saída de Pista";"Com Vítimas Feridas";"Anoitecer";"Crescente";"Chuva";"Simples";"Reta";"Rural";2;0;2;0;0;0;2;1
83426816;"01/01/16";"Sexta";"04:45:00";"DF";20;"5";"BRASILIA";"Falta de atenção";"Colisão traseira";"Com Vítimas Feridas";"Plena noite";"Crescente";"Nublado";"Dupla";"Reta";"Urbano";4;0;1;0;3;0;1;2
83426817;"03/01/16";"Domingo";"11:15:00";"BA";116;"682,6";"JEQUIE";"Ultrapassagem indevida";"Capotamento";"Sem Vítimas";"Pleno dia";"Crescente";"Ceu Claro";"Simples";"Reta";"Rural";5;0;0;0;4;1;0;3
83426821;"04/01/16";"Segunda";"05:40:00";"SP";116;"326";"JUQUITIBA";"Falta de atenção";"Colisão com objeto fixo";"Sem Vítimas";"Amanhecer";"Decrescente";"Nublado";"Dupla";"Reta";"Urbano";1;0;0;0;1;0;0;1
83426822;"04/01/16";"Segunda";"05:00:00";"BA";101;"890";"CARAVELAS";"Animais na Pista";"Queda de motocicleta / bicicleta / veículo";"Com Vítimas Feridas";"Pleno dia";"Crescente";"Chuva";"Simples";"Reta";"Rural";1;0;1;0;0;0;1;1
83426825;"01/01/16";"Sexta";"04:00:00";"MG";135;"435,4";"ENGENHEIRO NAVARRO";"Velocidade incompatível";"Saída de Pista";"Com Vítimas Feridas";"Plena noite";"Decrescente";"Nublado";"Simples";"Reta";"Rural";1;0;1;0;0;0;1;1
83426827;"01/01/16";"Sexta";"03:45:00";"ES";101;"208";"IBIRACU";"Outras";"Colisão frontal";"Com Vítimas Feridas";"Pleno dia";"Decrescente";"Ceu Claro";"Simples";"Reta";"Urbano";2;0;0;1;1;0;1;2
83426828;"03/01/16";"Domingo";"07:48:00";"MG";381;"671,7";"PERDOES";"Velocidade incompatível";"Colisão com objeto fixo";"Sem Vítimas";"Pleno dia";"Crescente";"Nublado";"Dupla";"Curva";"Rural";1;0;0;0;1;0;0;1
83426833;"01/01/16";"Sexta";"02:20:00";"CE";20;"428,2";"FORTALEZA";"Falta de atenção";"Colisão Transversal";"Com Vítimas Feridas";"Plena noite";"Decrescente";"Ceu Claro";"Dupla";"Reta";"Urbano";3;0;1;0;2;0;1;2
83426835;"02/01/16";"Sábado";"22:30:00";"PR";376;"652";"TIJUCAS DO SUL";"Falta de atenção";"Colisão Transversal";"Sem Vítimas";"Plena noite";"Decrescente";"Nublado";"Dupla";"Curva";"Rural";3;0;0;0;3;0;0;3
83426836;"04/01/16";"Segunda";"08:00:00";"RS";386;"44";"SEBERI";"Não guardar distância de segurança";"Colisão traseira";"Sem Vítimas";"Pleno dia";"Decrescente";"Sol";"Simples";"Reta";"Rural";2;0;0;0;2;0;0;2
83426840;"01/01/16";"Sexta";"06:15:00";"PR";376;"665,5";"GUARATUBA";"Velocidade incompatível";"Saída de Pista";"Com Vítimas Feridas";"Amanhecer";"Crescente";"Chuva";"Múltipla";"Curva";"Rural";1;0;0;1;0;0;1;1
83426841;"04/01/16";"Segunda";"06:00:00";"MS";163;"494,5";"CAMPO GRANDE";"Falta de atenção";"Queda de motocicleta / bicicleta / veículo";"Com Vítimas Feridas";"Pleno dia";"Crescente";"Ceu Claro";"Simples";"Reta";"Rural";1;0;0;1;0;0;1;1
83426844;"04/01/16";"Segunda";"07:00:00";"GO";153;"500,1";"GOIANIA";"Velocidade incompatível";"Queda de motocicleta / bicicleta / veículo";"Com Vítimas Feridas";"Amanhecer";"Decrescente";"Chuva";"Dupla";"Reta";"Urbano";1;0;0;1;0;0;1;1
83426845;"04/01/16";"Segunda";"07:35:00";"RS";158;"237,6";"TUPANCIRETA";"Ultrapassagem indevida";"Saída de Pista";"Com Vítimas Feridas";"Pleno dia";"Decrescente";"Ceu Claro";"Simples";"Reta";"Rural";1;0;1;0;0;0;1;1
83426847;"01/01/16";"Sexta";"18:50:00";"AL";104;"34,2";"UNIAO DOS PALMARES";"Falta de atenção";"Atropelamento de pessoa";"Com Vítimas Feridas";"Plena noite";"Crescente";"Ceu Claro";"Simples";"Cruzamento";"Urbano";2;0;0;1;1;0;1;1
83426851;"04/01/16";"Segunda";"08:15:00";"RS";285;"290,1";"PASSO FUNDO";"Falta de atenção";"Colisão Transversal";"Sem Vítimas";"Pleno dia";"Decrescente";"Ceu Claro";"Simples";"Cruzamento";"Urbano";8;0;0;0;8;0;0;2
83426852;"04/01/16";"Segunda";"08:01:00";"RS";386;"323,9";"MARQUES DE SOUZA";"Falta de atenção";"Colisão com bicicleta";"Com Vítimas Feridas";"Pleno dia";"Crescente";"Sol";"Simples";"Reta";"Urbano";2;0;1;0;1;0;1;2
83426853;"01/01/16";"Sexta";"02:45:00";"GO";153;"544,8";"HIDROLANDIA";"Falta de atenção";"Saída de Pista";"Com Vítimas Fatais";"Plena noite";"Crescente";"Ceu Claro";"Dupla";"Reta";"Rural";1;1;0;0;0;0;0;1
83426855;"04/01/16";"Segunda";"07:00:00";"SP";116;"545,2";"BARRA DO TURVO";"Velocidade incompatível";"Colisão com objeto fixo";"Sem Vítimas";"Pleno dia";"Decrescente";"Chuva";"Simples";"Curva";"Rural";4;0;0;0;4;0;0;1
83426856;"04/01/16";"Segunda";"09:00:00";"RS";158;"201";"CRUZ ALTA";"Falta de atenção";"Colisão lateral";"Sem Vítimas";"Pleno dia";"Crescente";"Ceu Claro";"Simples";"Reta";"Rural";6;0;0;0;6;0;0;3
83426858;"03/01/16";"Domingo";"11:20:00";"PA";10;"194";"IPIXUNA DO PARA";"Animais na Pista";"Atropelamento de animal";"Com Vítimas Feridas";"Anoitecer";"Decrescente";"Nublado";"Simples";"Reta";"Urbano";6;0;0;1;5;0;1;2
83426859;"02/01/16";"Sábado";"16:30:00";"MG";40;"565";"NOVA LIMA";"Não guardar distância de segurança";"Colisão traseira";"Com Vítimas Feridas";"Pleno dia";"Decrescente";"Chuva";"Dupla";"Reta";"Rural";3;0;1;0;2;0;1;2
83426860;"04/01/16";"Segunda";"08:40:00";"SP";116;"439";"REGISTRO";"Falta de atenção";"Capotamento";"Com Vítimas Feridas";"Pleno dia";"Crescente";"Ceu Claro";"Dupla";"Curva";"Rural";1;0;1;0;0;0;1;1
83426861;"01/01/16";"Sexta";"06:00:00";"RO";319;"64";"PORTO VELHO";"Outras";"Colisão Transversal";"Sem Vítimas";"Amanhecer";"Crescente";"Ceu Claro";"Dupla";"Cruzamento";"Urbano";2;0;0;0;1;1;0;2
83426862;"01/01/16";"Sexta";"19:00:00";"CE";20;"403";"CAUCAIA";"Animais na Pista";"Atropelamento de animal";"Com Vítimas Feridas";"Plena noite";"Crescente";"Ignorada";"Simples";"Reta";"Rural";2;0;0;2;0;0;2;1
83426863;"01/01/16";"Sexta";"03:50:00";"PB";230;"30,6";"JOAO PESSOA";"Outras";"Colisão com objeto fixo";"Ignorado";"Plena noite";"Crescente";"Ceu Claro";"Dupla";"Curva";"Urbano";1;0;0;0;0;1;0;1
83426864;"03/01/16";"Domingo";"11:30:00";"MS";163;"395";"NOVA ALVORADA DO SUL";"Defeito mecânico em veículo";"Colisão com objeto móvel";"Sem Vítimas";"Pleno dia";"Crescente";"Sol";"Simples";"Reta";"Rural";2;0;0;0;2;0;0;2
83426865;"02/01/16";"Sábado";"04:15:00";"GO";20;"234,9";"POSSE";"Outras";"Colisão Transversal";"Com Vítimas Feridas";"Plena noite";"Crescente";"Ceu Claro";"Simples";"Reta";"Rural";7;0;5;2;0;0;7;2
83426870;"04/01/16";"Segunda";"10:20:00";"MG";50;"206,5";"DELTA";"Falta de atenção";"Tombamento";"Sem Vítimas";"Pleno dia";"Decrescente";"Nublado";"Dupla";"Reta";"Rural";1;0;0;0;1;0;0;1
83426872;"02/01/16";"Sábado";"10:55:00";"SC";101;"58";"ARAQUARI";"Falta de atenção";"Colisão lateral";"Sem Vítimas";"Pleno dia";"Decrescente";"Nublado";"Dupla";"Reta";"Rural";2;0;0;0;2;0;0;2
83426874;"04/01/16";"Segunda";"10:00:00";"PR";277;"649,5";"CEU AZUL";"Defeito mecânico em veículo";"Colisão traseira";"Sem Vítimas";"Pleno dia";"Decrescente";"Ceu Claro";"Simples";"Curva";"Rural";3;0;0;0;3;0;0;3
83426875;"03/01/16";"Domingo";"17:30:00";"PI";343;"18";"PARNAIBA";"Desobediência à sinalização";"Colisão lateral";"Sem Vítimas";"Pleno dia";"Crescente";"Ceu Claro";"Simples";"Reta";"Rural";2;0;0;0;2;0;0;2
83426876;"02/01/16";"Sábado";"21:44:00";"SP";116;"110,6";"TAUBATE";"Falta de atenção";"Colisão traseira";"Com Vítimas Feridas";"Plena noite";"Crescente";"Nublado";"Dupla";"Reta";"Urbano";7;0;3;0;4;0;3;4
83426877;"04/01/16";"Segunda";"10:00:00";"RJ";101;"250";"RIO BONITO";"Dormindo";"Saída de Pista";"Sem Vítimas";"Pleno dia";"Decrescente";"Nublado";"Simples";"Reta";"Rural";1;0;0;0;1;0;0;1
83426878;"04/01/16";"Segunda";"11:30:00";"MG";381;"500";"BETIM";"Não guardar distância de segurança";"Colisão traseira";"Com Vítimas Feridas";"Pleno dia";"Decrescente";"Chuva";"Dupla";"Reta";"Urbano";2;0;1;0;1;0;1;2
83426879;"04/01/16";"Segunda";"06:30:00";"SP";116;"450";"REGISTRO";"Dormindo";"Colisão com objeto fixo";"Com Vítimas Feridas";"Amanhecer";"Crescente";"Ceu Claro";"Dupla";"Reta";"Rural";4;0;3;1;0;0;4;1
83426880;"04/01/16";"Segunda";"09:15:00";"MG";381;"347";"JOAO MONLEVADE";"Velocidade incompatível";"Colisão frontal";"Com Vítimas Feridas";"Pleno dia";"Crescente";"Chuva";"Simples";"Reta";"Rural";6;0;3;0;1;2;3;3
83426883;"04/01/16";"Segunda";"10:15:00";"SC";101;"341";"TUBARAO";"Não guardar distância de segurança";"Colisão traseira";"Sem Vítimas";"Pleno dia";"Decrescente";"Ceu Claro";"Dupla";"Reta";"Urbano";2;0;0;0;2;0;0;2
83426884;"04/01/16";"Segunda";"10:10:00";"SE";235;"55,5";"ITABAIANA";"Falta de atenção";"Queda de motocicleta / bicicleta / veículo";"Com Vítimas Feridas";"Pleno dia";"Crescente";"Ceu Claro";"Simples";"Reta";"Rural";1;0;1;0;0;0;1;1
83426886;"01/01/16";"Sexta";"06:00:00";"CE";116;"150";"RUSSAS";"Animais na Pista";"Atropelamento de animal";"Sem Vítimas";"Pleno dia";"Crescente";"Ceu Claro";"Simples";"Reta";"Rural";4;0;0;0;4;0;0;1
83426887;"04/01/16";"Segunda";"06:20:00";"MS";267;"384";"MARACAJU";"Falta de atenção";"Colisão traseira";"Sem Vítimas";"Amanhecer";"Decrescente";"Nublado";"Simples";"Reta";"Rural";3;0;0;0;3;0;0;3
83426890;"04/01/16";"Segunda";"10:25:00";"MS";163;"37,7";"ELDORADO";"Não guardar distância de segurança";"Colisão traseira";"Sem Vítimas";"Pleno dia";"Crescente";"Nublado";"Simples";"Reta";"Rural";2;0;0;0;2;0;0;2
83426891;"04/01/16";"Segunda";"08:00:00";"PR";277;"583";"CASCAVEL";"Não guardar distância de segurança";"Queda de motocicleta / bicicleta / veículo";"Com Vítimas Feridas";"Pleno dia";"Decrescente";"Ceu Claro";"Simples";"Reta";"Urbano";1;0;1;0;0;0;1;1
83426892;"01/01/16";"Sexta";"07:35:00";"PR";277;"489,5";"NOVA LARANJEIRAS";"Velocidade incompatível";"Saída de Pista";"Sem Vítimas";"Pleno dia";"Crescente";"Nevoeiro/neblina";"Simples";"Curva";"Rural";1;0;0;0;1;0;0;1
83426893;"04/01/16";"Segunda";"11:40:00";"PA";316;"9";"MARITUBA";"Falta de atenção";"Colisão traseira";"Sem Vítimas";"Pleno dia";"Decrescente";"Ceu Claro";"Dupla";"Reta";"Urbano";2;0;0;0;2;0;0;2
83426894;"04/01/16";"Segunda";"08:10:00";"MS";163;"771";"PEDRO GOMES";"Falta de atenção";"Colisão lateral";"Com Vítimas Feridas";"Pleno dia";"Decrescente";"Ceu Claro";"Simples";"Curva";"Rural";5;0;2;0;3;0;2;2
83426895;"02/01/16";"Sábado";"22:15:00";"MG";251;"295,5";"SALINAS";"Outras";"Queda de motocicleta / bicicleta / veículo";"Com Vítimas Fatais";"Plena noite";"Decrescente";"Nublado";"Simples";"Reta";"Rural";2;1;0;0;1;0;0;2
83426896;"01/01/16";"Sexta";"00:50:00";"PR";116;"134";"FAZENDA RIO GRANDE";"Outras";"Colisão com objeto fixo";"Com Vítimas Fatais";"Plena noite";"Decrescente";"Nublado";"Simples";"Curva";"Rural";1;1;0;0;0;0;0;1
83426897;"04/01/16";"Segunda";"10:40:00";"SC";280;"236,9";"CANOINHAS";"Outras";"Colisão lateral";"Sem Vítimas";"Pleno dia";"Decrescente";"Nublado";"Simples";"Curva";"Rural";2;0;0;0;2;0;0;2
83426899;"04/01/16";"Segunda";"11:30:00";"PB";230;"507,3";"CAJAZEIRAS";"Falta de atenção";"Colisão Transversal";"Com Vítimas Feridas";"Pleno dia";"Crescente";"Sol";"Simples";"Reta";"Urbano";2;0;0;1;1;0;1;2
83426901;"04/01/16";"Segunda";"10:40:00";"PR";376;"109,5";"PARANAVAI";"Outras";"Queda de motocicleta / bicicleta / veículo";"Com Vítimas Feridas";"Pleno dia";"Crescente";"Nublado";"Simples";"Reta";"Urbano";2;0;2;0;0;0;2;1
83426902;"04/01/16";"Segunda";"11:00:00";"RS";377;"75,8";"CRUZ ALTA";"Velocidade incompatível";"Saída de Pista";"Com Vítimas Feridas";"Pleno dia";"Decrescente";"Ceu Claro";"Simples";"Curva";"Rural";1;0;1;0;0;0;1;1
83426903;"04/01/16";"Segunda";"11:20:00";"SC";282;"182,5";"BOCAINA DO SUL";"Falta de atenção";"Saída de Pista";"Sem Vítimas";"Pleno dia";"Decrescente";"Chuva";"Simples";"Reta";"Rural";1;0;0;0;1;0;0;1