"id";"data_inversa";"dia_semana";"horario";"uf";"br";"km";"municipio";"causa_acidente";"tipo_acidente";"classificacao_acidente";"fase_dia";"sentido_via";"condicao_metereologica";"tipo_pista";"tracado_via";"uso_solo";"pessoas";"mortos";"feridos_leves";"feridos_graves";"ilesos";"ignorados";"feridos";"veiculos"
83427051;"04/01/16";"Segunda";"07:30:00";"SP";153;"64";"SAO JOSE DO RIO PRETO";"Outras";"Queda de motocicleta / bicicleta / veículo";"Com Vítimas Feridas";"Pleno dia";"Crescente";"Nublado";"Simples";"Curva";"Rural";1;0;1;0;0;0;1;1
83427052;"04/01/16";"Segunda";"07:45:00";"MG";381;"497";"BETIM";"Outras";"Capotamento";"Com Vítimas Feridas";"Amanhecer";"Crescente";"Chuva";"Dupla";"Curva";"Urbano";1;0;1;0;0;0;1;1
83427054;"03/01/16";"Domingo";"16:00:00";"RJ";40;"34,2";"AREAL";"Velocidade incompatível";"Colisão com objeto fixo";"Sem Vítimas";"Pleno dia";"Decrescente";"Chuva";"Dupla";"Curva";"Rural";1;0;0;0;1;0;0;1
83427057;"04/01/16";"Segunda";"16:00:00";"MG";116;"717,5";"MURIAE";"Outras";"Tombamento";"Com Vítimas Feridas";"Pleno dia";"Crescente";"Ceu Claro";"Simples";"Curva";"Rural";1;0;1;0;0;0;1;1
83427058;"03/01/16";"Domingo";"09:40:00";"SC";101;"338,5";"TUBARAO";"Não guardar distância de segurança";"Colisão traseira";"Sem Vítimas";"Pleno dia";"Crescente";"Ceu Claro";"Dupla";"Reta";"Urbano";3;0;0;0;3;0;0;3
83427060;"04/01/16";"Segunda";"16:15:00";"MT";70;"695,7";"CACERES";"Outras";"Queda de motocicleta / bicicleta / veículo";"Com Vítimas Feridas";"Pleno dia";"Decrescente";"Chuva";"Simples";"Curva";"Rural";1;0;0;1;0;0;1;1
83427061;"04/01/16";"Segunda";"17:30:00";"MT";70;"2";"BARRA DO GARCAS";"Falta de atenção";"Colisão Transversal";"Com Vítimas Feridas";"Anoitecer";"Decrescente";"Ceu Claro";"Simples";"Reta";"Urbano";2;0;0;1;1;0;1;2
83427062;"04/01/16";"Segunda";"17:08:00";"PR";369;"184,4";"APUCARANA";"Falta de atenção";"Colisão lateral";"Com Vítimas Feridas";"Pleno dia";"Crescente";"Nublado";"Simples";"Reta";"Urbano";3;0;1;1;1;0;2;2
83427063;"04/01/16";"Segunda";"18:30:00";"GO";60;"96,3";"ANAPOLIS";"Falta de atenção";"Colisão traseira";"Com Vítimas Feridas";"Pleno dia";"Decrescente";"Sol";"Dupla";"Reta";"Urbano";2;0;1;0;1;0;1;2
83427064;"04/01/16";"Segunda";"18:15:00";"MG";262;"112";"RIO CASCA";"Falta de atenção";"Colisão frontal";"Sem Vítimas";"Pleno dia";"Crescente";"Sol";"Simples";"Curva";"Rural";2;0;0;0;2;0;0;2
83427065;"01/01/16";"Sexta";"04:00:00";"SP";101;"46,5";"UBATUBA";"Falta de atenção";"Colisão traseira";"Com Vítimas Feridas";"Plena noite";"Decrescente";"Nublado";"Simples";"Reta";"Urbano";3;0;2;0;0;1;2;2
83427066;"04/01/16";"Segunda";"18:45:00";"MG";40;"50";"PARACATU";"Velocidade incompatível";"Saída de Pista";"Com Vítimas Feridas";"Anoitecer";"Crescente";"Chuva";"Simples";"Reta";"Rural";1;0;1;0;0;0;1;1
83427067;"01/01/16";"Sexta";"03:50:00";"GO";40;"21";"LUZIANIA";"Falta de atenção";"Colisão com bicicleta";"Com Vítimas Fatais";"Plena noite";"Crescente";"Ceu Claro";"Dupla";"Reta";"Urbano";2;1;0;0;0;1;0;2
83427069;"04/01/16";"Segunda";"17:52:00";"GO";60;"95,5";"ANAPOLIS";"Outras";"Colisão lateral";"Sem Vítimas";"Pleno dia";"Decrescente";"Ceu Claro";"Dupla";"Reta";"Urbano";2;0;0;0;2;0;0;2
83427071;"04/01/16";"Segunda";"15:50:00";"RO";364;"539";"ARIQUEMES";"Defeito na via";"Queda de motocicleta / bicicleta / veículo";"Com Vítimas Feridas";"Pleno dia";"Crescente";"Chuva";"Simples";"Curva";"Rural";2;0;2;0;0;0;2;1
83427072;"04/01/16";"Segunda";"14:00:00";"MG";116;"554,2";"SANTA BARBARA DO LESTE";"Falta de atenção";"Tombamento";"Com Vítimas Feridas";"Pleno dia";"Decrescente";"Chuva";"Simples";"Curva";"Rural";1;0;1;0;0;0;1;1
83427073;"04/01/16";"Segunda";"18:20:00";"AL";104;"30";"UNIAO DOS PALMARES";"Velocidade incompatível";"Colisão traseira";"Com Vítimas Feridas";"Plena noite";"Decrescente";"Ceu Claro";"Simples";"Reta";"Rural";2;0;0;1;0;1;1;2
83427076;"04/01/16";"Segunda";"19:15:00";"PR";376;"628";"SAO JOSE DOS PINHAIS";"Outras";"Saída de Pista";"Com Vítimas Feridas";"Anoitecer";"Decrescente";"Chuva";"Dupla";"Reta";"Urbano";2;0;2;0;0;0;2;1
83427077;"04/01/16";"Segunda";"06:30:00";"MG";262;"382";"BETIM";"Outras";"Saída de Pista";"Com Vítimas Feridas";"Pleno dia";"Crescente";"Chuva";"Dupla";"Curva";"Rural";1;0;1;0;0;0;1;1
83427078;"04/01/16";"Segunda";"14:30:00";"PR";376;"635";"SAO JOSE DOS PINHAIS";"Falta de atenção";"Colisão com objeto fixo";"Sem Vítimas";"Pleno dia";"Decrescente";"Sol";"Múltipla";"Reta";"Urbano";1;0;0;0;1;0;0;1
83427079;"01/01/16";"Sexta";"01:50:00";"MG";381;"485,8";"BETIM";"Ingestão de álcool";"Colisão lateral";"Com Vítimas Feridas";"Plena noite";"Decrescente";"Nublado";"Dupla";"Reta";"Urbano";2;0;2;0;0;0;2;2
83427081;"04/01/16";"Segunda";"16:40:00";"ES";262;"3,9";"CARIACICA";"Não guardar distância de segurança";"Colisão traseira";"Com Vítimas Feridas";"Pleno dia";"Crescente";"Nublado";"Dupla";"Reta";"Urbano";2;0;1;0;1;0;1;2
83427082;"04/01/16";"Segunda";"19:40:00";"ES";101;"301,5";"VIANA";"Não guardar distância de segurança";"Colisão traseira";"Sem Vítimas";"Plena noite";"Decrescente";"Chuva";"Dupla";"Cruzamento";"Urbano";2;0;0;0;2;0;0;2
83427083;"04/01/16";"Segunda";"16:30:00";"MG";381;"493";"BETIM";"Outras";"Saída de Pista";"Com Vítimas Feridas";"Pleno dia";"Crescente";"Nublado";"Dupla";"Reta";"Urbano";2;0;1;1;0;0;2;1
83427084;"04/01/16";"Segunda";"17:40:00";"PB";230;"16,9";"JOAO PESSOA";"Velocidade incompatível";"Colisão traseira";"Sem Vítimas";"Anoitecer";"Decrescente";"Ceu Claro";"Dupla";"Cruzamento";"Urbano";3;0;0;0;3;0;0;2
83427085;"04/01/16";"Segunda";"15:40:00";"RN";304;"87,6";"ASSU";"Falta de atenção";"Capotamento";"Com Vítimas Feridas";"Pleno dia";"Decrescente";"Sol";"Simples";"Reta";"Rural";1;0;1;0;0;0;1;1
83427086;"04/01/16";"Segunda";"18:40:00";"PR";277;"673";"MEDIANEIRA";"Outras";"Atropelamento de pessoa";"Com Vítimas Feridas";"Pleno dia";"Decrescente";"Nublado";"Dupla";"Reta";"Urbano";2;0;0;1;0;1;1;1
83427087;"04/01/16";"Segunda";"07:26:00";"PR";277;"373,9";"GUARAPUAVA";"Ultrapassagem indevida";"Colisão frontal";"Com Vítimas Fatais";"Pleno dia";"Crescente";"Nublado";"Simples";"Reta";"Rural";9;1;3;5;0;0;8;2
83427088;"04/01/16";"Segunda";"16:15:00";"RO";319;"60,9";"PORTO VELHO";"Falta de atenção";"Colisão lateral";"Sem Vítimas";"Pleno dia";"Decrescente";"Ceu Claro";"Dupla";"Cruzamento";"Urbano";2;0;0;0;2;0;0;2
83427089;"04/01/16";"Segunda";"05:30:00";"MG";116;"290,9";"TEOFILO OTONI";"Falta de atenção";"Colisão com objeto fixo";"Sem Vítimas";"Amanhecer";"Decrescente";"Nublado";"Dupla";"Reta";"Urbano";1;0;0;0;1;0;0;1
83427090;"04/01/16";"Segunda";"07:30:00";"RS";158;"166,1";"PANAMBI";"Defeito mecânico em veículo";"Tombamento";"Com Vítimas Feridas";"Amanhecer";"Decrescente";"Ceu Claro";"Simples";"Curva";"Rural";1;0;0;1;0;0;1;1
83427091;"04/01/16";"Segunda";"18:20:00";"PR";277;"406,2";"CANDOI";"Não guardar distância de segurança";"Colisão traseira";"Sem Vítimas";"Pleno dia";"Crescente";"Nublado";"Simples";"Curva";"Rural";3;0;0;0;3;0;0;3
83427092;"04/01/16";"Segunda";"16:40:00";"MG";381;"503,5";"BETIM";"Velocidade incompatível";"Colisão traseira";"Sem Vítimas";"Pleno dia";"Decrescente";"Chuva";"Dupla";"Reta";"Urbano";2;0;0;0;2;0;0;2
83427093;"04/01/16";"Segunda";"15:10:00";"BA";101;"739";"ITABELA";"Outras";"Capotamento";"Sem Vítimas";"Pleno dia";"Decrescente";"Chuva";"Simples";"Curva";"Rural";1;0;0;0;1;0;0;1
83427094;"04/01/16";"Segunda";"15:25:00";"PR";277;"103,4";"CAMPO LARGO";"Defeito mecânico em veículo";"Colisão traseira";"Sem Vítimas";"Pleno dia";"Crescente";"Ceu Claro";"Dupla";"Reta";"Urbano";2;0;0;0;2;0;0;2
83427096;"04/01/16";"Segunda";"16:15:00";"PR";280;"301";"FLOR DA SERRA DO SUL";"Outras";"Saída de Pista";"Sem Vítimas";"Pleno dia";"Crescente";"Ceu Claro";"Simples";"Curva";"Rural";5;0;0;0;4;1;0;2
83427098;"04/01/16";"Segunda";"17:00:00";"MA";316;"610";"TIMON";"Não guardar distância de segurança";"Colisão traseira";"Sem Vítimas";"Pleno dia";"Crescente";"Sol";"Simples";"Reta";"Rural";2;0;0;0;2;0;0;2
83427099;"04/01/16";"Segunda";"13:30:00";"MG";251;"442,5";"GRAO MOGOL";"Velocidade incompatível";"Saída de Pista";"Com Vítimas Fatais";"Pleno dia";"Crescente";"Nublado";"Simples";"Curva";"Urbano";3;1;2;0;0;0;2;1
83427100;"02/01/16";"Sábado";"23:00:00";"RS";471;"613";"SANTA VITORIA DO PALMAR";"Dormindo";"Saída de Pista";"Sem Vítimas";"Plena noite";"Crescente";"Ceu Claro";"Simples";"Curva";"Rural";1;0;0;0;1;0;0;1
83427104;"01/01/16";"Sexta";"01:30:00";"ES";262;"41";"DOMINGOS MARTINS";"Ingestão de álcool";"Colisão lateral";"Sem Vítimas";"Plena noite";"Crescente";"Ceu Claro";"Simples";"Cruzamento";"Rural";3;0;0;0;3;0;0;2
83427106;"04/01/16";"Segunda";"21:00:00";"SC";101;"131";"BALNEARIO CAMBORIU";"Falta de atenção";"Capotamento";"Com Vítimas Feridas";"Plena noite";"Crescente";"Vento";"Dupla";"Reta";"Urbano";1;0;1;0;0;0;1;1
83427107;"04/01/16";"Segunda";"21:12:00";"RS";290;"423,2";"SAO GABRIEL";"Animais na Pista";"Atropelamento de animal";"Sem Vítimas";"Plena noite";"Crescente";"Chuva";"Simples";"Reta";"Urbano";3;0;0;0;3;0;0;1
83427108;"04/01/16";"Segunda";"14:30:00";"BA";116;"659";"JEQUIE";"Falta de atenção";"Colisão traseira";"Sem Vítimas";"Pleno dia";"Crescente";"Chuva";"Simples";"Reta";"Rural";3;0;0;0;3;0;0;3
83427109;"04/01/16";"Segunda";"11:00:00";"MG";381;"336";"NOVA ERA";"Outras";"Saída de Pista";"Com Vítimas Fatais";"Pleno dia";"Crescente";"Chuva";"Simples";"Curva";"Rural";4;1;3;0;0;0;3;1
83427110;"04/01/16";"Segunda";"16:00:00";"RO";364;"239,8";"CACOAL";"Falta de atenção";"Colisão lateral";"Com Vítimas Feridas";"Pleno dia";"Crescente";"Nublado";"Simples";"Reta";"Urbano";4;0;1;1;2;0;2;2
83427112;"04/01/16";"Segunda";"13:00:00";"ES";262;"6,7";"CARIACICA";"Não guardar distância de segurança";"Colisão traseira";"Com Vítimas Feridas";"Pleno dia";"Decrescente";"Ceu Claro";"Dupla";"Reta";"Urbano";2;0;1;0;1;0;1;2
83427113;"04/01/16";"Segunda";"16:30:00";"RO";364;"207";"PIMENTA BUENO";"Falta de atenção";"Saída de Pista";"Com Vítimas Feridas";"Pleno dia";"Decrescente";"Chuva";"Simples";"Reta";"Rural";1;0;1;0;0;0;1;1
83427114;"03/01/16";"Domingo";"09:45:00";"SC";101;"338,6";"TUBARAO";"Não guardar distância de segurança";"Colisão lateral";"Sem Vítimas";"Pleno dia";"Crescente";"Ceu Claro";"Dupla";"Reta";"Urbano";2;0;0;0;2;0;0;2
83427116;"04/01/16";"Segunda";"19:50:00";"PI";316;"8";"TERESINA";"Ultrapassagem indevida";"Colisão lateral";"Com Vítimas Feridas";"Plena noite";"Crescente";"Ceu Claro";"Simples";"Reta";"Urbano";2;0;0;1;1;0;1;2
83427117;"04/01/16";"Segunda";"14:00:00";"MS";158;"265";"TRES LAGOAS";"Dormindo";"Tombamento";"Com Vítimas Feridas";"Pleno dia";"Decrescente";"Sol";"Simples";"Curva";"Urbano";1;0;1;0;0;0;1;1
83427121;"04/01/16";"Segunda";"21:18:00";"AL";104;"37";"UNIAO DOS PALMARES";"Animais na Pista";"Atropelamento de animal";"Com Vítimas Feridas";"Plena noite";"Decrescente";"Ceu Claro";"Simples";"Reta";"Urbano";1;0;1;0;0;0;1;1
83427122;"04/01/16";"Segunda";"19:10:00";"RS";158;"231,2";"CRUZ ALTA";"Dormindo";"Saída de Pista";"Sem Vítimas";"Pleno dia";"Decrescente";"Nublado";"Simples";"Reta";"Rural";4;0;0;0;4;0;0;1
83427123;"03/01/16";"Domingo";"09:40:00";"SC";101;"338,5";"TUBARAO";"Não guardar distância de segurança";"Colisão traseira";"Sem Vítimas";"Pleno dia";"Crescente";"Nublado";"Simples";"Reta";"Urbano";3;0;0;0;3;0;0;3
83427124;"04/01/16";"Segunda";"11:45:00";"MG";381;"721";"CARMO DA CACHOEIRA";"Dormindo";"Saída de Pista";"Sem Vítimas";"Pleno dia";"Crescente";"Nublado";"Dupla";"Reta";"Rural";1;0;0;0;1;0;0;1
83427125;"04/01/16";"Segunda";"14:10:00";"MG";381;"711,3";"CARMO DA CACHOEIRA";"Dormindo";"Colisão com objeto fixo";"Com Vítimas Feridas";"Pleno dia";"Crescente";"Nublado";"Dupla";"Curva";"Rural";3;0;2;0;1;0;2;1
83427127;"04/01/16";"Segunda";"22:00:00";"PA";316;"88";"SANTA MARIA DO PARA";"Outras";"Colisão Transversal";"Com Vítimas Feridas";"Plena noite";"Decrescente";"Ceu Claro";"Simples";"Reta";"Rural";4;0;3;0;1;0;3;2
83427128;"01/01/16";"Sexta";"02:20:00";"SC";101;"182,3";"SAO JOSE";"Ingestão de álcool";"Saída de Pista";"Com Vítimas Feridas";"Plena noite";"Decrescente";"Nublado";"Dupla";"Reta";"Urbano";1;0;0;1;0;0;1;1
83427129;"04/01/16";"Segunda";"09:00:00";"RR";432;"204";"CANTA";"Defeito na via";"Colisão com bicicleta";"Com Vítimas Feridas";"Pleno dia";"Decrescente";"Nublado";"Simples";"Reta";"Rural";2;0;0;1;1;0;1;2
83427130;"04/01/16";"Segunda";"20:00:00";"MT";163;"583";"NOVA MUTUM";"Defeito mecânico em veículo";"Colisão com objeto móvel";"Sem Vítimas";"Plena noite";"Decrescente";"Nublado";"Simples";"Reta";"Rural";2;0;0;0;1;1;0;2
83427131;"04/01/16";"Segunda";"14:30:00";"RS";290;"144,1";"ELDORADO DO SUL";"Não guardar distância de segurança";"Colisão traseira";"Com Vítimas Fatais";"Pleno dia";"Decrescente";"Sol";"Simples";"Reta";"Urbano";3;1;0;0;2;0;0;3
83427132;"04/01/16";"Segunda";"17:40:00";"MG";381;"531,2";"ITATIAIUCU";"Velocidade incompatível";"Capotamento";"Com Vítimas Feridas";"Pleno dia";"Crescente";"Chuva";"Dupla";"Curva";"Rural";1;0;1;0;0;0;1;1
83427133;"04/01/16";"Segunda";"21:15:00";"RS";158;"199,1";"CRUZ ALTA";"Falta de atenção";"Colisão frontal";"Com Vítimas Feridas";"Plena noite";"Crescente";"Nublado";"Simples";"Curva";"Urbano";2;0;1;0;1;0;1;2
83427134;"04/01/16";"Segunda";"21:40:00";"RS";158;"356,4";"SANTA MARIA";"Falta de atenção";"Atropelamento de pessoa";"Com Vítimas Fatais";"Plena noite";"Crescente";"Nublado";"Simples";"Reta";"Rural";2;1;0;0;1;0;0;1
83427135;"04/01/16";"Segunda";"19:30:00";"AL";101;"83,4";"RIO LARGO";"Falta de atenção";"Tombamento";"Sem Vítimas";"Plena noite";"Crescente";"Ceu Claro";"Dupla";"Curva";"Rural";1;0;0;0;1;0;0;1
83427137;"04/01/16";"Segunda";"19:45:00";"PE";101;"60";"RECIFE";"Falta de atenção";"Colisão traseira";"Sem Vítimas";"Plena noite";"Decrescente";"Ceu Claro";"Dupla";"Reta";"Urbano";3;0;0;0;3;0;0;3
83427138;"04/01/16";"Segunda";"18:20:00";"SC";282;"55";"RANCHO QUEIMADO";"Velocidade incompatível";"Saída de Pista";"Sem Vítimas";"Pleno dia";"Decrescente";"Chuva";"Simples";"Curva";"Rural";1;0;0;0;1;0;0;1
83427139;"04/01/16";"Segunda";"19:30:00";"MT";174;"410";"NOVA LACERDA";"Velocidade incompatível";"Saída de Pista";"Com Vítimas Fatais";"Plena noite";"Decrescente";"Chuva";"Simples";"Reta";"Rural";2;1;1;0;0;0;1;1
83427140;"04/01/16";"Segunda";"14:00:00";"RS";290;"129,6";"ELDORADO DO SUL";"Ultrapassagem indevida";"Saída de Pista";"Com Vítimas Feridas";"Pleno dia";"Crescente";"Sol";"Simples";"Reta";"Rural";1;0;1;0;0;0;1;1
83427141;"04/01/16";"Segunda";"10:20:00";"BA";101;"703";"EUNAPOLIS";"Velocidade incompatível";"Colisão frontal";"Sem Vítimas";"Pleno dia";"Decrescente";"Chuva";"Simples";"Curva";"Rural";2;0;0;0;2;0;0;2
83427143;"04/01/16";"Segunda";"13:30:00";"MG";40;"487,1";"ESMERALDAS";"Defeito na via";"Colisão traseira";"Sem Vítimas";"Pleno dia";"Decrescente";"Nublado";"Dupla";"Reta";"Rural";2;0;0;0;2;0;0;2
83427144;"04/01/16";"Segunda";"09:00:00";"RS";290;"58";"GRAVATAI";"Defeito mecânico em veículo";"Colisão com objeto móvel";"Sem Vítimas";"Pleno dia";"Crescente";"Sol";"Dupla";"Reta";"Urbano";3;0;0;0;3;0;0;3
83427145;"04/01/16";"Segunda";"12:30:00";"RO";364;"277";"PRESIDENTE MEDICI";"Falta de atenção";"Colisão lateral";"Sem Vítimas";"Pleno dia";"Crescente";"Ceu Claro";"Simples";"Reta";"Rural";6;0;0;0;6;0;0;2
83427146;"04/01/16";"Segunda";"21:00:00";"BA";330;"726";"JEQUIE";"Animais na Pista";"Atropelamento de animal";"Com Vítimas Feridas";"Plena noite";"Decrescente";"Chuva";"Simples";"Reta";"Urbano";1;0;1;0;0;0;1;1
83427147;"05/01/16";"Terça";"02:30:00";"RS";287;"511,2";"SAO BORJA";"Dormindo";"Saída de Pista";"Sem Vítimas";"Plena noite";"Decrescente";"Chuva";"Simples";"Reta";"Rural";5;0;0;0;5;0;0;1
83427148;"04/01/16";"Segunda";"16:10:00";"MG";381;"636";"SANTO ANTONIO DO AMPARO";"Falta de atenção";"Capotamento";"Com Vítimas Feridas";"Pleno dia";"Crescente";"Nublado";"Dupla";"Curva";"Rural";3;0;1;1;1;0;2;2
83427149;"05/01/16";"Terça";"04:00:00";"SP";116;"58,7";"REGISTRO";"Dormindo";"Colisão com objeto fixo";"Sem Vítimas";"Plena noite";"Crescente";"Ceu Claro";"Dupla";"Reta";"Rural";1;0;0;0;1;0;0;1
83427150;"05/01/16";"Terça";"04:10:00";"RS";472;"573";"URUGUAIANA";"Animais na Pista";"Atropelamento de animal";"Sem Vítimas";"Plena noite";"Crescente";"Ceu Claro";"Simples";"Reta";"Urbano";2;0;0;0;2;0;0;1
83427151;"04/01/16";"Segunda";"18:10:00";"BA";324;"602";"SIMOES FILHO";"Outras";"Queda de motocicleta / bicicleta / veículo";"Com Vítimas Feridas";"Anoitecer";"Decrescente";"Nublado";"Dupla";"Reta";"Rural";1;0;1;0;0;0;1;1
83427155;"04/01/16";"Segunda";"15:00:00";"MG";381;"503,8";"BETIM";"Outras";"Colisão com objeto fixo";"Sem Vítimas";"Pleno dia";"Decrescente";"Chuva";"Dupla";"Curva";"Urbano";1;0;0;0;1;0;0;1
83427156;"05/01/16";"Terça";"03:30:00";"MS";163;"773,1";"COXIM";"Dormindo";"Saída de Pista";"Com Vítimas Feridas";"Plena noite";"Decrescente";"Ceu Claro";"Simples";"Reta";"Rural";4;0;3;0;1;0;3;1
83427157;"04/01/16";"Segunda";"15:30:00";"PR";376;"679,6";"GUARATUBA";"Velocidade incompatível";"Colisão com objeto fixo";"Sem Vítimas";"Pleno dia";"Crescente";"Chuva";"Dupla";"Curva";"Rural";2;0;0;0;2;0;0;2
83427159;"04/01/16";"Segunda";"11:00:00";"MG";381;"330";"NOVA ERA";"Velocidade incompatível";"Colisão com objeto fixo";"Com Vítimas Feridas";"Pleno dia";"Crescente";"Chuva";"Dupla";"Curva";"Urbano";3;0;1;0;2;0;1;1
83427160;"01/01/16";"Sexta";"06:00:00";"RJ";101;"331";"RIO DE JANEIRO";"Dormindo";"Colisão traseira";"Sem Vítimas";"Pleno dia";"Crescente";"Ceu Claro";"Dupla";"Reta";"Urbano";3;0;0;0;3;0;0;3
83427162;"05/01/16";"Terça";"04:20:00";"MG";381;"792,6";"SAO GONCALO DO SAPUCAI";"Outras";"Atropelamento de pessoa";"Com Vítimas Fatais";"Plena noite";"Crescente";"Ceu Claro";"Dupla";"Reta";"Rural";2;1;0;0;0;1;0;1
83427163;"05/01/16";"Terça";"02:50:00";"MS";262;"12,5";"TRES LAGOAS";"Velocidade incompatível";"Colisão com objeto fixo";"Ignorado";"Plena noite";"Decrescente";"Ceu Claro";"Simples";"Reta";"Urbano";1;0;0;0;0;1;0;1
83427166;"01/01/16";"Sexta";"12:50:00";"GO";153;"501,4";"GOIANIA";"Falta de atenção";"Colisão traseira";"Sem Vítimas";"Pleno dia";"Decrescente";"Nublado";"Simples";"Cruzamento";"Urbano";2;0;0;0;1;1;0;2
83427167;"01/01/16";"Sexta";"23:30:00";"SP";116;"212";"GUARULHOS";"Não guardar distância de segurança";"Colisão traseira";"Sem Vítimas";"Plena noite";"Crescente";"Ceu Claro";"Múltipla";"Reta";"Urbano";2;0;0;0;2;0;0;2
83427168;"05/01/16";"Terça";"06:00:00";"PE";116;"74";"CABROBO";"Animais na Pista";"Capotamento";"Sem Vítimas";"Amanhecer";"Decrescente";"Ceu Claro";"Simples";"Reta";"Rural";1;0;0;0;1;0;0;1
83427171;"05/01/16";"Terça";"05:50:00";"ES";101;"303,1";"VIANA";"Ingestão de álcool";"Saída de Pista";"Ignorado";"Amanhecer";"Crescente";"Ceu Claro";"Dupla";"Reta";"Urbano";1;0;0;0;0;1;0;1
83427172;"04/01/16";"Segunda";"16:30:00";"RS";290;"649,7";"URUGUAIANA";"Outras";"Queda de motocicleta / bicicleta / veículo";"Com Vítimas Feridas";"Pleno dia";"Crescente";"Chuva";"Simples";"Reta";"Rural";2;0;2;0;0;0;2;1
83427173;"05/01/16";"Terça";"05:35:00";"PE";101;"69,8";"RECIFE";"Velocidade incompatível";"Colisão traseira";"Com Vítimas Feridas";"Amanhecer";"Crescente";"Ceu Claro";"Dupla";"Reta";"Urbano";3;0;1;0;2;0;1;3
83427174;"04/01/16";"Segunda";"05:55:00";"TO";153;"643,2";"GURUPI";"Animais na Pista";"Atropelamento de animal";"Com Vítimas Feridas";"Amanhecer";"Crescente";"Nublado";"Simples";"Reta";"Rural";4;0;1;0;3;0;1;1
83427176;"02/01/16";"Sábado";"00:30:00";"GO";153;"505";"APARECIDA DE GOIANIA";"Falta de atenção";"Saída de Pista";"Com Vítimas Feridas";"Plena noite";"Decrescente";"Nublado";"Dupla";"Cruzamento";"Urbano";1;0;1;0;0;0;1;1
83427177;"04/01/16";"Segunda";"23:00:00";"GO";153;"591,3";"MORRINHOS";"Velocidade incompatível";"Saída de Pista";"Ignorado";"Plena noite";"Decrescente";"Chuva";"Dupla";"Curva";"Rural";1;0;0;0;0;1;0;1
83427178;"05/01/16";"Terça";"08:00:00";"RJ";40;"22";"TRES RIOS";"Falta de atenção";"Colisão lateral";"Sem Vítimas";"Pleno dia";"Crescente";"Ceu Claro";"Dupla";"Reta";"Urbano";2;0;0;0;2;0;0;2
83427179;"03/01/16";"Domingo";"19:20:00";"PR";376;"406,8";"TIBAGI";"Velocidade incompatível";"Saída de Pista";"Sem Vítimas";"Anoitecer";"Decrescente";"Chuva";"Simples";"Curva";"Rural";1;0;0;0;1;0;0;1
83427180;"01/01/16";"Sexta";"19:10:00";"RN";101;"58,5";"CEARA-MIRIM";"Falta de atenção";"Colisão lateral";"Sem Vítimas";"Plena noite";"Decrescente";"Ceu Claro";"Simples";"Reta";"Rural";2;0;0;0;2;0;0;2
83427181;"03/01/16";"Domingo";"20:20:00";"PB";230;"41";"SANTA RITA";"Velocidade incompatível";"Colisão traseira";"Sem Vítimas";"Plena noite";"Crescente";"Ceu Claro";"Dupla";"Reta";"Urbano";5;0;0;0;5;0;0;2
83427182;"04/01/16";"Segunda";"13:30:00";"MT";163;"827";"SINOP";"Falta de atenção";"Queda de motocicleta / bicicleta / veículo";"Com Vítimas Feridas";"Pleno dia";"Crescente";"Nublado";"Dupla";"Cruzamento";"Urbano";1;0;1;0;0;0;1;1
83427183;"03/01/16";"Domingo";"03:00:00";"SC";163;"101";"SAO JOSE DO CEDRO";"Velocidade incompatível";"Saída de Pista";"Com Vítimas Feridas";"Plena noite";"Crescente";"Ceu Claro";"Simples";"Reta";"Urbano";1;0;0;1;0;0;1;1
83427184;"04/01/16";"Segunda";"06:20:00";"MG";381;"425";"NOVA UNIAO";"Falta de atenção";"Colisão traseira";"Sem Vítimas";"Pleno dia";"Decrescente";"Chuva";"Simples";"Reta";"Rural";2;0;0;0;2;0;0;2
83427185;"05/01/16";"Terça";"01:00:00";"BA";101;"489";"ITAJUIPE";"Velocidade incompatível";"Saída de Pista";"Com Vítimas Feridas";"Plena noite";"Decrescente";"Chuva";"Simples";"Curva";"Rural";2;0;0;2;0;0;2;1
83427189;"02/01/16";"Sábado";"15:40:00";"MG";40;"735,1";"SANTOS DUMONT";"Velocidade incompatível";"Capotamento";"Com Vítimas Feridas";"Pleno dia";"Decrescente";"Chuva";"Simples";"Curva";"Rural";1;0;1;0;0;0;1;1
83427191;"02/01/16";"Sábado";"16:00:00";"MG";40;"717,1";"BARBACENA";"Velocidade incompatível";"Colisão com objeto fixo";"Com Vítimas Feridas";"Pleno dia";"Decrescente";"Chuva";"Dupla";"Curva";"Rural";2;0;0;2;0;0;2;1
83427192;"01/01/16";"Sexta";"15:02:00";"SC";470;"168,4";"POUSO REDONDO";"Não guardar distância de segurança";"Colisão traseira";"Sem Vítimas";"Pleno dia";"Crescente";"Chuva";"Múltipla";"Reta";"Rural";3;0;0;0;3;0;0;3
83427193;"02/01/16";"Sábado";"15:00:00";"MG";365;"607,4";"UBERLANDIA";"Falta de atenção";"Colisão lateral";"Com Vítimas Feridas";"Pleno dia";"Decrescente";"Nublado";"Simples";"Reta";"Rural";3;0;0;2;1;0;2;2
83427194;"03/01/16";"Domingo";"15:15:00";"TO";153;"378";"RIO DOS BOIS";"Dormindo";"Colisão frontal";"Com Vítimas Fatais";"Pleno dia";"Crescente";"Ceu Claro";"Simples";"Reta";"Rural";2;1;0;0;1;0;0;2