"id";"data_inversa";"dia_semana";"horario";"uf";"br";"km";"municipio";"causa_acidente";"tipo_acidente";"classificacao_acidente";"fase_dia";"sentido_via";"condicao_metereologica";"tipo_pista";"tracado_via";"uso_solo";"pessoas";"mortos";"feridos_leves";"feridos_graves";"ilesos";"ignorados";"feridos";"veiculos"
83427195;"05/01/16";"Terça";"08:05:00";"SP";116;"216";"GUARULHOS";"Falta de atenção";"Colisão lateral";"Com Vítimas Feridas";"Pleno dia";"Crescente";"Ceu Claro";"Múltipla";"Reta";"Urbano";2;0;1;0;0;1;1;2
83427196;"05/01/16";"Terça";"01:00:00";"MT";163;"888";"CLAUDIA";"Dormindo";"Tombamento";"Com Vítimas Feridas";"Plena noite";"Crescente";"Ceu Claro";"Simples";"Reta";"Rural";2;0;1;0;1;0;1;1
83427197;"04/01/16";"Segunda";"11:30:00";"BA";101;"669,8";"ITAPEBI";"Falta de atenção";"Saída de Pista";"Com Vítimas Feridas";"Pleno dia";"Decrescente";"Chuva";"Simples";"Curva";"Rural";4;0;1;0;3;0;1;1
83427198;"01/01/16";"Sexta";"19:00:00";"SP";116;"212";"GUARULHOS";"Outras";"Colisão com objeto fixo";"Com Vítimas Feridas";"Pleno dia";"Crescente";"Chuva";"Múltipla";"Reta";"Urbano";3;0;1;0;2;0;1;3
83427199;"02/01/16";"Sábado";"06:40:00";"RO";364;"437";"JARU";"Não guardar distância de segurança";"Colisão traseira";"Sem Vítimas";"Amanhecer";"Crescente";"Ceu Claro";"Simples";"Reta";"Rural";7;0;0;0;7;0;0;2
83427201;"05/01/16";"Terça";"09:27:00";"CE";116;"5";"FORTALEZA";"Falta de atenção";"Queda de motocicleta / bicicleta / veículo";"Com Vítimas Feridas";"Pleno dia";"Crescente";"Nublado";"Simples";"Curva";"Urbano";2;0;1;0;1;0;1;1
83427202;"01/01/16";"Sexta";"23:52:00";"PR";376;"656,8";"TIJUCAS DO SUL";"Velocidade incompatível";"Colisão com objeto fixo";"Sem Vítimas";"Plena noite";"Decrescente";"Chuva";"Dupla";"Curva";"Rural";1;0;0;0;1;0;0;1
83427203;"01/01/16";"Sexta";"19:30:00";"RJ";116;"307";"ITATIAIA";"Outras";"Colisão com bicicleta";"Com Vítimas Feridas";"Plena noite";"Crescente";"Chuva";"Dupla";"Reta";"Urbano";2;0;1;0;1;0;1;2
83427205;"05/01/16";"Terça";"08:20:00";"PR";277;"81";"CURITIBA";"Outras";"Queda de motocicleta / bicicleta / veículo";"Com Vítimas Feridas";"Pleno dia";"Decrescente";"Ceu Claro";"Dupla";"Reta";"Urbano";1;0;1;0;0;0;1;1
83427207;"05/01/16";"Terça";"07:30:00";"MS";463;"1";"DOURADOS";"Desobediência à sinalização";"Colisão Transversal";"Com Vítimas Feridas";"Pleno dia";"Crescente";"Nublado";"Simples";"Reta";"Urbano";3;0;0;1;2;0;1;2
83427208;"05/01/16";"Terça";"08:40:00";"SC";101;"173,5";"GOVERNADOR CELSO RAMOS";"Dormindo";"Saída de Pista";"Com Vítimas Feridas";"Pleno dia";"Decrescente";"Chuva";"Dupla";"Curva";"Urbano";2;0;2;0;0;0;2;1
83427210;"05/01/16";"Terça";"08:30:00";"SC";470;"201,1";"PONTE ALTA";"Desobediência à sinalização";"Colisão Transversal";"Sem Vítimas";"Pleno dia";"Decrescente";"Ceu Claro";"Simples";"Cruzamento";"Rural";2;0;0;0;2;0;0;2
83427211;"01/01/16";"Sexta";"18:40:00";"SP";116;"212";"GUARULHOS";"Outras";"Colisão com objeto fixo";"Com Vítimas Feridas";"Pleno dia";"Crescente";"Chuva";"Simples";"Reta";"Urbano";1;0;1;0;0;0;1;1
83427212;"03/01/16";"Domingo";"17:45:00";"GO";60;"292";"JANDAIA";"Outras";"Capotamento";"Sem Vítimas";"Anoitecer";"Crescente";"Chuva";"Dupla";"Reta";"Rural";3;0;0;0;3;0;0;1
83427214;"05/01/16";"Terça";"06:10:00";"RN";101;"107,3";"PARNAMIRIM";"Desobediência à sinalização";"Colisão Transversal";"Com Vítimas Feridas";"Pleno dia";"Crescente";"Ceu Claro";"Dupla";"Cruzamento";"Urbano";2;0;1;0;1;0;1;2
83427216;"05/01/16";"Terça";"06:12:00";"MG";381;"850,5";"POUSO ALEGRE";"Defeito mecânico em veículo";"Colisão com objeto fixo";"Ignorado";"Amanhecer";"Decrescente";"Ceu Claro";"Dupla";"Reta";"Rural";1;0;0;0;0;1;0;1
83427219;"03/01/16";"Domingo";"17:15:00";"PB";230;"9,8";"CABEDELO";"Falta de atenção";"Colisão traseira";"Sem Vítimas";"Plena noite";"Crescente";"Ceu Claro";"Dupla";"Reta";"Urbano";2;0;0;0;2;0;0;2
83427221;"02/01/16";"Sábado";"23:30:00";"MG";116;"810,5";"ALEM PARAIBA";"Outras";"Colisão lateral";"Com Vítimas Feridas";"Plena noite";"Crescente";"Chuva";"Simples";"Curva";"Rural";2;0;1;0;1;0;1;2
83427222;"04/01/16";"Segunda";"02:15:00";"MG";381;"347";"JOAO MONLEVADE";"Velocidade incompatível";"Capotamento";"Sem Vítimas";"Plena noite";"Decrescente";"Chuva";"Simples";"Curva";"Rural";1;0;0;0;1;0;0;1
83427223;"05/01/16";"Terça";"10:30:00";"PE";101;"50";"ABREU E LIMA";"Falta de atenção";"Colisão Transversal";"Sem Vítimas";"Pleno dia";"Crescente";"Sol";"Múltipla";"Curva";"Urbano";3;0;0;0;3;0;0;3
83427224;"01/01/16";"Sexta";"17:30:00";"SC";282;"19";"PALHOCA";"Falta de atenção";"Colisão Transversal";"Com Vítimas Feridas";"Pleno dia";"Crescente";"Nublado";"Simples";"Cruzamento";"Urbano";4;0;3;0;1;0;3;2
83427227;"01/01/16";"Sexta";"18:50:00";"ES";101;"260";"SERRA";"Outras";"Queda de motocicleta / bicicleta / veículo";"Com Vítimas Feridas";"Anoitecer";"Crescente";"Ceu Claro";"Simples";"Curva";"Urbano";1;0;0;1;0;0;1;1
83427228;"03/01/16";"Domingo";"13:10:00";"MG";116;"645,2";"FERVEDOURO";"Outras";"Saída de Pista";"Com Vítimas Feridas";"Pleno dia";"Decrescente";"Chuva";"Simples";"Curva";"Rural";4;0;4;0;0;0;4;1
83427230;"05/01/16";"Terça";"08:15:00";"SC";101;"332,8";"TUBARAO";"Falta de atenção";"Colisão lateral";"Sem Vítimas";"Pleno dia";"Decrescente";"Sol";"Dupla";"Curva";"Urbano";2;0;0;0;2;0;0;2
83427231;"04/01/16";"Segunda";"07:20:00";"MG";365;"674";"MONTE ALEGRE DE MINAS";"Velocidade incompatível";"Tombamento";"Com Vítimas Feridas";"Pleno dia";"Crescente";"Chuva";"Dupla";"Curva";"Rural";2;0;2;0;0;0;2;1
83427232;"03/01/16";"Domingo";"17:45:00";"PR";376;"88,1";"PARANAVAI";"Desobediência à sinalização";"Colisão Transversal";"Com Vítimas Feridas";"Pleno dia";"Crescente";"Ceu Claro";"Simples";"Reta";"Rural";6;0;4;2;0;0;6;2
83427233;"01/01/16";"Sexta";"15:03:00";"SC";470;"168,4";"POUSO REDONDO";"Não guardar distância de segurança";"Colisão traseira";"Sem Vítimas";"Pleno dia";"Crescente";"Chuva";"Múltipla";"Reta";"Rural";2;0;0;0;2;0;0;2
83427235;"01/01/16";"Sexta";"01:30:00";"RN";304;"286";"MACAIBA";"Desobediência à sinalização";"Colisão traseira";"Com Vítimas Feridas";"Plena noite";"Crescente";"Ceu Claro";"Simples";"Reta";"Rural";3;0;0;3;0;0;3;2
83427236;"05/01/16";"Terça";"13:25:00";"RS";116;"246";"SAO LEOPOLDO";"Não guardar distância de segurança";"Colisão traseira";"Sem Vítimas";"Pleno dia";"Decrescente";"Ceu Claro";"Dupla";"Reta";"Urbano";2;0;0;0;2;0;0;2
83427237;"03/01/16";"Domingo";"21:30:00";"MT";158;"583,1";"AGUA BOA";"Animais na Pista";"Saída de Pista";"Sem Vítimas";"Plena noite";"Decrescente";"Nublado";"Simples";"Reta";"Rural";1;0;0;0;1;0;0;1
83427238;"01/01/16";"Sexta";"18:30:00";"GO";60;"178";"ABADIA DE GOIAS";"Ingestão de álcool";"Colisão com objeto fixo";"Sem Vítimas";"Pleno dia";"Decrescente";"Nublado";"Dupla";"Reta";"Rural";1;0;0;0;1;0;0;1
83427239;"05/01/16";"Terça";"10:30:00";"PR";277;"7,5";"PARANAGUA";"Defeito mecânico em veículo";"Saída de Pista";"Sem Vítimas";"Pleno dia";"Decrescente";"Vento";"Dupla";"Reta";"Rural";2;0;0;0;2;0;0;2
83427240;"04/01/16";"Segunda";"07:30:00";"CE";20;"413";"CAUCAIA";"Dormindo";"Colisão frontal";"Com Vítimas Feridas";"Pleno dia";"Decrescente";"Sol";"Simples";"Reta";"Urbano";4;0;1;2;1;0;3;3
83427241;"01/01/16";"Sexta";"20:00:00";"SC";101;"275,6";"IMBITUBA";"Não guardar distância de segurança";"Colisão traseira";"Sem Vítimas";"Anoitecer";"Decrescente";"Ignorada";"Dupla";"Reta";"Urbano";2;0;0;0;2;0;0;2
83427243;"05/01/16";"Terça";"13:40:00";"GO";153;"62";"PORANGATU";"Falta de atenção";"Colisão lateral";"Sem Vítimas";"Pleno dia";"Decrescente";"Ceu Claro";"Simples";"Reta";"Rural";2;0;0;0;2;0;0;2
83427244;"03/01/16";"Domingo";"23:00:00";"DF";20;"19";"BRASILIA";"Outras";"Queda de motocicleta / bicicleta / veículo";"Com Vítimas Feridas";"Plena noite";"Decrescente";"Chuva";"Dupla";"Reta";"Rural";2;0;0;1;0;1;1;2
83427246;"05/01/16";"Terça";"13:30:00";"MG";262;"51,5";"MANHUACU";"Falta de atenção";"Colisão frontal";"Sem Vítimas";"Pleno dia";"Crescente";"Ceu Claro";"Simples";"Reta";"Urbano";3;0;0;0;3;0;0;2
83427247;"05/01/16";"Terça";"13:30:00";"SC";101;"120";"ITAJAI";"Outras";"Colisão traseira";"Com Vítimas Feridas";"Pleno dia";"Crescente";"Nublado";"Dupla";"Reta";"Rural";2;0;1;0;0;1;1;2
83427249;"05/01/16";"Terça";"06:45:00";"MG";116;"448";"ENGENHEIRO CALDAS";"Dormindo";"Colisão frontal";"Com Vítimas Feridas";"Pleno dia";"Crescente";"Ceu Claro";"Simples";"Reta";"Rural";8;0;6;2;0;0;8;2
83427250;"05/01/16";"Terça";"13:45:00";"RS";285;"292,1";"PASSO FUNDO";"Desobediência à sinalização";"Colisão Transversal";"Com Vítimas Feridas";"Pleno dia";"Crescente";"Nublado";"Dupla";"Cruzamento";"Urbano";2;0;1;0;1;0;1;2
83427251;"05/01/16";"Terça";"13:00:00";"MS";163;"512,7";"JARAGUARI";"Outras";"Saída de Pista";"Sem Vítimas";"Pleno dia";"Crescente";"Chuva";"Dupla";"Reta";"Rural";4;0;0;0;4;0;0;1
83427252;"05/01/16";"Terça";"04:50:00";"BA";101;"630";"MASCOTE";"Falta de atenção";"Colisão Transversal";"Sem Vítimas";"Amanhecer";"Crescente";"Ceu Claro";"Simples";"Reta";"Rural";2;0;0;0;2;0;0;2
83427253;"05/01/16";"Terça";"12:30:00";"BA";101;"192";"CONCEICAO DA FEIRA";"Não guardar distância de segurança";"Colisão traseira";"Sem Vítimas";"Pleno dia";"Decrescente";"Ceu Claro";"Simples";"Reta";"Rural";2;0;0;0;2;0;0;2
83427255;"05/01/16";"Terça";"12:38:00";"RS";472;"454,3";"ITAQUI";"Outras";"Saída de Pista";"Com Vítimas Feridas";"Pleno dia";"Crescente";"Chuva";"Simples";"Reta";"Rural";1;0;1;0;0;0;1;1
83427256;"04/01/16";"Segunda";"16:00:00";"MT";70;"588";"POCONE";"Falta de atenção";"Saída de Pista";"Sem Vítimas";"Pleno dia";"Decrescente";"Chuva";"Simples";"Reta";"Rural";1;0;0;0;1;0;0;1
83427258;"05/01/16";"Terça";"14:10:00";"MG";50;"180";"UBERABA";"Outras";"Colisão Transversal";"Com Vítimas Feridas";"Pleno dia";"Crescente";"Ceu Claro";"Dupla";"Reta";"Urbano";2;0;1;0;1;0;1;2
83427259;"05/01/16";"Terça";"09:20:00";"RN";101;"109,3";"PARNAMIRIM";"Falta de atenção";"Colisão lateral";"Com Vítimas Feridas";"Pleno dia";"Decrescente";"Ceu Claro";"Dupla";"Reta";"Urbano";2;0;1;0;1;0;1;2
83427261;"04/01/16";"Segunda";"07:40:00";"CE";222;"4,2";"FORTALEZA";"Velocidade incompatível";"Colisão traseira";"Sem Vítimas";"Pleno dia";"Crescente";"Nublado";"Múltipla";"Reta";"Urbano";2;0;0;0;2;0;0;2
83427266;"05/01/16";"Terça";"11:20:00";"SP";116;"146,2";"SAO JOSE DOS CAMPOS";"Falta de atenção";"Colisão lateral";"Sem Vítimas";"Pleno dia";"Crescente";"Ceu Claro";"Dupla";"Reta";"Rural";2;0;0;0;2;0;0;2
83427267;"03/01/16";"Domingo";"00:50:00";"SE";101;"26";"MURIBECA";"Animais na Pista";"Atropelamento de animal";"Sem Vítimas";"Plena noite";"Crescente";"Ceu Claro";"Simples";"Reta";"Rural";1;0;0;0;1;0;0;1
83427268;"05/01/16";"Terça";"10:40:00";"SC";101;"92,1";"BARRA VELHA";"Falta de atenção";"Colisão Transversal";"Com Vítimas Feridas";"Pleno dia";"Decrescente";"Ceu Claro";"Simples";"Reta";"Urbano";2;0;1;0;1;0;1;2
83427270;"05/01/16";"Terça";"09:35:00";"SP";381;"28";"ATIBAIA";"Não guardar distância de segurança";"Colisão traseira";"Sem Vítimas";"Pleno dia";"Crescente";"Sol";"Dupla";"Reta";"Urbano";3;0;0;0;3;0;0;3
83427273;"05/01/16";"Terça";"11:35:00";"RO";364;"336,8";"JI-PARANA";"Desobediência à sinalização";"Colisão lateral";"Sem Vítimas";"Pleno dia";"Crescente";"Nublado";"Simples";"Reta";"Urbano";3;0;0;0;3;0;0;2
83427274;"05/01/16";"Terça";"11:00:00";"BA";101;"613";"MASCOTE";"Velocidade incompatível";"Saída de Pista";"Sem Vítimas";"Pleno dia";"Crescente";"Nublado";"Simples";"Curva";"Rural";1;0;0;0;1;0;0;1
83427276;"05/01/16";"Terça";"11:20:00";"RO";364;"421";"JARU";"Outras";"Colisão traseira";"Com Vítimas Feridas";"Pleno dia";"Crescente";"Ceu Claro";"Simples";"Reta";"Urbano";2;0;1;0;1;0;1;2
83427277;"02/01/16";"Sábado";"06:30:00";"SC";470;"193,7";"POUSO REDONDO";"Velocidade incompatível";"Colisão frontal";"Com Vítimas Feridas";"Amanhecer";"Crescente";"Chuva";"Múltipla";"Reta";"Rural";5;0;5;0;0;0;5;3
83427281;"01/01/16";"Sexta";"06:44:00";"ES";101;"274";"SERRA";"Outras";"Atropelamento de pessoa";"Com Vítimas Feridas";"Pleno dia";"Decrescente";"Sol";"Dupla";"Reta";"Rural";2;0;0;1;0;1;1;1
83427282;"01/01/16";"Sexta";"23:00:00";"ES";101;"255";"SERRA";"Outras";"Colisão traseira";"Sem Vítimas";"Plena noite";"Decrescente";"Ceu Claro";"Simples";"Reta";"Urbano";2;0;0;0;2;0;0;2
83427283;"05/01/16";"Terça";"15:15:00";"RS";116;"619,3";"ARROIO GRANDE";"Outras";"Saída de Pista";"Sem Vítimas";"Pleno dia";"Decrescente";"Chuva";"Simples";"Reta";"Rural";1;0;0;0;1;0;0;1
83427284;"05/01/16";"Terça";"13:15:00";"GO";60;"122,9";"GOIANAPOLIS";"Outras";"Saída de Pista";"Sem Vítimas";"Pleno dia";"Decrescente";"Nublado";"Dupla";"Reta";"Rural";2;0;0;0;2;0;0;2
83427285;"05/01/16";"Terça";"15:40:00";"SP";153;"58,8";"SAO JOSE DO RIO PRETO";"Falta de atenção";"Colisão Transversal";"Com Vítimas Feridas";"Pleno dia";"Crescente";"Ceu Claro";"Simples";"Cruzamento";"Urbano";2;0;2;0;0;0;2;2
83427286;"05/01/16";"Terça";"14:30:00";"MG";381;"313";"ANTONIO DIAS";"Não guardar distância de segurança";"Queda de motocicleta / bicicleta / veículo";"Com Vítimas Feridas";"Pleno dia";"Crescente";"Nublado";"Simples";"Reta";"Rural";2;0;2;0;0;0;2;1
83427287;"05/01/16";"Terça";"14:56:00";"PR";277;"104";"CAMPO LARGO";"Desobediência à sinalização";"Atropelamento de pessoa";"Com Vítimas Feridas";"Pleno dia";"Crescente";"Nublado";"Dupla";"Reta";"Rural";2;0;1;0;1;0;1;1
83427288;"05/01/16";"Terça";"14:45:00";"PA";10;"355";"SANTA MARIA DO PARA";"Não guardar distância de segurança";"Colisão traseira";"Com Vítimas Feridas";"Pleno dia";"Decrescente";"Chuva";"Simples";"Reta";"Urbano";3;0;2;0;1;0;2;2
83427289;"05/01/16";"Terça";"11:30:00";"MG";116;"608";"SAO JOAO DO MANHUACU";"Falta de atenção";"Colisão Transversal";"Com Vítimas Feridas";"Pleno dia";"Decrescente";"Ceu Claro";"Simples";"Reta";"Urbano";2;0;1;0;1;0;1;2
83427291;"02/01/16";"Sábado";"06:10:00";"MG";40;"424,6";"CURVELO";"Velocidade incompatível";"Capotamento";"Com Vítimas Feridas";"Pleno dia";"Decrescente";"Nublado";"Dupla";"Reta";"Rural";4;0;2;0;2;0;2;1
83427293;"05/01/16";"Terça";"09:20:00";"MG";365;"17,8";"MONTES CLAROS";"Velocidade incompatível";"Tombamento";"Sem Vítimas";"Pleno dia";"Decrescente";"Chuva";"Simples";"Curva";"Rural";4;0;0;0;4;0;0;1
83427294;"05/01/16";"Terça";"14:20:00";"MG";365;"688,3";"MONTE ALEGRE DE MINAS";"Falta de atenção";"Colisão Transversal";"Com Vítimas Feridas";"Pleno dia";"Crescente";"Ceu Claro";"Dupla";"Reta";"Urbano";2;0;1;0;1;0;1;2
83427295;"05/01/16";"Terça";"15:45:00";"RS";116;"180";"NOVA PETROPOLIS";"Dormindo";"Saída de Pista";"Sem Vítimas";"Pleno dia";"Crescente";"Ceu Claro";"Simples";"Reta";"Rural";1;0;0;0;1;0;0;1
83427296;"05/01/16";"Terça";"13:15:00";"MG";365;"770";"ITUIUTABA";"Ultrapassagem indevida";"Colisão frontal";"Com Vítimas Feridas";"Pleno dia";"Crescente";"Nublado";"Simples";"Reta";"Rural";3;0;2;1;0;0;3;2
83427297;"02/01/16";"Sábado";"01:30:00";"RJ";40;"123";"DUQUE DE CAXIAS";"Dormindo";"Colisão com objeto fixo";"Com Vítimas Fatais";"Plena noite";"Crescente";"Nublado";"Múltipla";"Reta";"Urbano";1;1;0;0;0;0;0;1
83427298;"04/01/16";"Segunda";"14:20:00";"DF";20;"18";"BRASILIA";"Falta de atenção";"Colisão traseira";"Sem Vítimas";"Pleno dia";"Crescente";"Nublado";"Dupla";"Reta";"Rural";2;0;0;0;2;0;0;2
83427299;"03/01/16";"Domingo";"18:40:00";"BA";101;"544";"SAO JOSE DA VITORIA";"Outras";"Colisão frontal";"Com Vítimas Feridas";"Anoitecer";"Crescente";"Nublado";"Simples";"Reta";"Urbano";2;0;0;1;1;0;1;2
83427300;"01/01/16";"Sexta";"16:40:00";"MG";262;"549";"LUZ";"Velocidade incompatível";"Capotamento";"Com Vítimas Feridas";"Pleno dia";"Decrescente";"Chuva";"Simples";"Curva";"Rural";2;0;1;0;1;0;1;1
83427301;"01/01/16";"Sexta";"11:40:00";"MG";365;"207";"BURITIZEIRO";"Outras";"Saída de Pista";"Com Vítimas Feridas";"Pleno dia";"Decrescente";"Ceu Claro";"Simples";"Reta";"Rural";5;0;4;1;0;0;5;1
83427302;"05/01/16";"Terça";"14:00:00";"DF";20;"18";"BRASILIA";"Falta de atenção";"Colisão traseira";"Sem Vítimas";"Pleno dia";"Crescente";"Nublado";"Dupla";"Reta";"Urbano";2;0;0;0;2;0;0;2
83427303;"03/01/16";"Domingo";"07:30:00";"MG";135;"616";"CURVELO";"Falta de atenção";"Capotamento";"Com Vítimas Feridas";"Pleno dia";"Crescente";"Chuva";"Simples";"Reta";"Rural";4;0;3;0;1;0;3;1
83427305;"05/01/16";"Terça";"17:20:00";"SC";280;"53,4";"GUARAMIRIM";"Falta de atenção";"Colisão Transversal";"Sem Vítimas";"Pleno dia";"Decrescente";"Ceu Claro";"Simples";"Cruzamento";"Urbano";2;0;0;0;2;0;0;2
83427306;"05/01/16";"Terça";"15:50:00";"MA";135;"4,8";"SAO LUIS";"Não guardar distância de segurança";"Colisão traseira";"Sem Vítimas";"Pleno dia";"Decrescente";"Ceu Claro";"Dupla";"Reta";"Urbano";3;0;0;0;3;0;0;2
83427307;"05/01/16";"Terça";"07:40:00";"PB";230;"448";"APARECIDA";"Falta de atenção";"Colisão lateral";"Com Vítimas Feridas";"Pleno dia";"Crescente";"Ceu Claro";"Simples";"Reta";"Rural";2;0;1;0;0;1;1;2
83427310;"02/01/16";"Sábado";"01:30:00";"RO";364;"715";"PORTO VELHO";"Velocidade incompatível";"Colisão com objeto fixo";"Com Vítimas Feridas";"Plena noite";"Decrescente";"Chuva";"Dupla";"Reta";"Urbano";1;0;1;0;0;0;1;1
83427311;"04/01/16";"Segunda";"05:00:00";"PR";376;"625,1";"SAO JOSE DOS PINHAIS";"Velocidade incompatível";"Saída de Pista";"Sem Vítimas";"Plena noite";"Crescente";"Chuva";"Dupla";"Reta";"Rural";2;0;0;0;2;0;0;1
83427312;"02/01/16";"Sábado";"07:00:00";"RJ";40;"73";"PETROPOLIS";"Outras";"Saída de Pista";"Com Vítimas Feridas";"Amanhecer";"Crescente";"Nublado";"Simples";"Reta";"Urbano";2;0;2;0;0;0;2;1
83427313;"05/01/16";"Terça";"10:30:00";"SC";282;"146,6";"BOM RETIRO";"Dormindo";"Saída de Pista";"Sem Vítimas";"Pleno dia";"Decrescente";"Nublado";"Simples";"Reta";"Rural";2;0;0;0;2;0;0;1
83427314;"05/01/16";"Terça";"17:00:00";"SC";282;"22,4";"PALHOCA";"Não guardar distância de segurança";"Colisão traseira";"Sem Vítimas";"Pleno dia";"Crescente";"Nublado";"Simples";"Reta";"Urbano";3;0;0;0;3;0;0;3
83427315;"05/01/16";"Terça";"17:20:00";"GO";153;"627,5";"MORRINHOS";"Velocidade incompatível";"Saída de Pista";"Sem Vítimas";"Pleno dia";"Decrescente";"Chuva";"Dupla";"Curva";"Rural";4;0;0;0;4;0;0;1
83427316;"05/01/16";"Terça";"13:00:00";"PE";428;"40,8";"OROCO";"Outras";"Incêndio";"Sem Vítimas";"Pleno dia";"Crescente";"Sol";"Simples";"Reta";"Rural";1;0;0;0;1;0;0;1
83427317;"05/01/16";"Terça";"16:25:00";"GO";153;"107,7";"SANTA TEREZA DE GOIAS";"Falta de atenção";"Colisão traseira";"Com Vítimas Feridas";"Pleno dia";"Crescente";"Ceu Claro";"Simples";"Reta";"Rural";6;0;1;0;5;0;1;2
83427318;"02/01/16";"Sábado";"00:40:00";"RJ";40;"124";"DUQUE DE CAXIAS";"Velocidade incompatível";"Queda de motocicleta / bicicleta / veículo";"Com Vítimas Feridas";"Plena noite";"Decrescente";"Chuva";"Múltipla";"Reta";"Urbano";2;0;0;1;0;1;1;1
83427319;"05/01/16";"Terça";"08:00:00";"PR";163;"304";"MERCEDES";"Defeito mecânico em veículo";"Saída de Pista";"Sem Vítimas";"Amanhecer";"Decrescente";"Ceu Claro";"Simples";"Reta";"Rural";1;0;0;0;1;0;0;1
83427320;"05/01/16";"Terça";"14:50:00";"RJ";356;"50";"ITAPERUNA";"Falta de atenção";"Colisão Transversal";"Com Vítimas Feridas";"Pleno dia";"Crescente";"Sol";"Simples";"Cruzamento";"Rural";3;0;2;0;1;0;2;2
83427321;"04/01/16";"Segunda";"12:30:00";"PB";230;"394,1";"POMBAL";"Outras";"Saída de Pista";"Com Vítimas Feridas";"Pleno dia";"Crescente";"Sol";"Simples";"Reta";"Rural";2;0;2;0;0;0;2;1
83427323;"05/01/16";"Terça";"16:20:00";"BA";242;"357";"PALMEIRAS";"Velocidade incompatível";"Saída de Pista";"Sem Vítimas";"Pleno dia";"Crescente";"Chuva";"Simples";"Curva";"Rural";4;0;0;0;4;0;0;1
83427324;"05/01/16";"Terça";"10:35:00";"SC";282;"204,5";"LAGES";"Não guardar distância de segurança";"Colisão traseira";"Sem Vítimas";"Pleno dia";"Crescente";"Chuva";"Simples";"Reta";"Rural";2;0;0;0;2;0;0;2
83427325;"05/01/16";"Terça";"16:40:00";"MG";40;"619";"CONGONHAS";"Não guardar distância de segurança";"Colisão lateral";"Sem Vítimas";"Pleno dia";"Decrescente";"Ceu Claro";"Simples";"Reta";"Urbano";3;0;0;0;3;0;0;2
83427326;"05/01/16";"Terça";"16:00:00";"BA";116;"905,7";"CANDIDO SALES";"Outras";"Capotamento";"Com Vítimas Feridas";"Pleno dia";"Crescente";"Nublado";"Simples";"Reta";"Rural";2;0;2;0;0;0;2;1
83427327;"05/01/16";"Terça";"16:00:00";"BA";101;"547,4";"SAO JOSE DA VITORIA";"Velocidade incompatível";"Saída de Pista";"Com Vítimas Feridas";"Pleno dia";"Decrescente";"Chuva";"Simples";"Curva";"Rural";3;0;3;0;0;0;3;1
83427329;"05/01/16";"Terça";"14:26:00";"MG";50;"25";"ARAGUARI";"Outras";"Saída de Pista";"Sem Vítimas";"Pleno dia";"Crescente";"Chuva";"Dupla";"Reta";"Rural";1;0;0;0;1;0;0;1
83427330;"05/01/16";"Terça";"18:25:00";"GO";60;"116";"TEREZOPOLIS DE GOIAS";"Defeito mecânico em veículo";"Saída de Pista";"Com Vítimas Feridas";"Pleno dia";"Crescente";"Chuva";"Dupla";"Curva";"Rural";3;0;3;0;0;0;3;1
83427331;"05/01/16";"Terça";"16:40:00";"GO";364;"263";"MINEIROS";"Outras";"Saída de Pista";"Com Vítimas Feridas";"Pleno dia";"Decrescente";"Chuva";"Simples";"Curva";"Rural";1;0;1;0;0;0;1;1
83427332;"05/01/16";"Terça";"18:30:00";"RJ";116;"141";"DUQUE DE CAXIAS";"Outras";"Tombamento";"Com Vítimas Feridas";"Pleno dia";"Crescente";"Sol";"Dupla";"Reta";"Urbano";1;0;1;0;0;0;1;1
83427333;"01/01/16";"Sexta";"03:30:00";"BA";324;"527";"FEIRA DE SANTANA";"Falta de atenção";"Colisão traseira";"Com Vítimas Feridas";"Plena noite";"Decrescente";"Ceu Claro";"Dupla";"Reta";"Urbano";3;0;1;0;2;0;1;2
83427337;"05/01/16";"Terça";"16:05:00";"CE";116;"18,7";"EUSEBIO";"Não guardar distância de segurança";"Colisão traseira";"Sem Vítimas";"Pleno dia";"Crescente";"Ceu Claro";"Dupla";"Reta";"Urbano";2;0;0;0;2;0;0;2
83427338;"05/01/16";"Terça";"19:10:00";"RS";386;"396,2";"TRIUNFO";"Velocidade incompatível";"Saída de Pista";"Com Vítimas Feridas";"Pleno dia";"Decrescente";"Chuva";"Dupla";"Reta";"Rural";1;0;1;0;0;0;1;1
83427339;"02/01/16";"Sábado";"23:55:00";"MG";135;"375";"MONTES CLAROS";"Ingestão de álcool";"Colisão traseira";"Com Vítimas Feridas";"Plena noite";"Decrescente";"Nublado";"Simples";"Reta";"Rural";3;0;1;0;2;0;1;2
83427340;"05/01/16";"Terça";"14:17:00";"PR";277;"683,5";"SAO MIGUEL DO IGUACU";"Velocidade incompatível";"Capotamento";"Com Vítimas Feridas";"Pleno dia";"Crescente";"Chuva";"Dupla";"Reta";"Rural";1;0;1;0;0;0;1;1
83427341;"05/01/16";"Terça";"14:00:00";"PE";232;"130,7";"CARUARU";"Outras";"Capotamento";"Sem Vítimas";"Pleno dia";"Crescente";"Sol";"Dupla";"Reta";"Urbano";1;0;0;0;1;0;0;1
83427342;"05/01/16";"Terça";"14:30:00";"MT";364;"278";"JACIARA";"Ultrapassagem indevida";"Colisão frontal";"Com Vítimas Feridas";"Pleno dia";"Crescente";"Chuva";"Simples";"Curva";"Rural";2;0;0;1;1;0;1;2