"id";"data_inversa";"dia_semana";"horario";"uf";"br";"km";"municipio";"causa_acidente";"tipo_acidente";"classificacao_acidente";"fase_dia";"sentido_via";"condicao_metereologica";"tipo_pista";"tracado_via";"uso_solo";"pessoas";"mortos";"feridos_leves";"feridos_graves";"ilesos";"ignorados";"feridos";"veiculos"
83427344;"01/01/16";"Sexta";"17:45:00";"RJ";101;"410";"ITAGUAI";"Velocidade incompatível";"Saída de Pista";"Com Vítimas Feridas";"Pleno dia";"Crescente";"Chuva";"Dupla";"Reta";"Urbano";2;0;1;0;1;0;1;1
83427345;"05/01/16";"Terça";"18:40:00";"SC";282;"514,2";"XAXIM";"Velocidade incompatível";"Colisão frontal";"Com Vítimas Fatais";"Pleno dia";"Decrescente";"Chuva";"Simples";"Curva";"Rural";2;1;0;0;1;0;0;2
83427346;"01/01/16";"Sexta";"14:30:00";"MG";116;"322,3";"ITAMBACURI";"Velocidade incompatível";"Colisão traseira";"Com Vítimas Feridas";"Pleno dia";"Crescente";"Ceu Claro";"Simples";"Reta";"Rural";4;0;2;0;2;0;2;2
83427348;"05/01/16";"Terça";"15:50:00";"ES";101;"147,6";"LINHARES";"Não guardar distância de segurança";"Colisão traseira";"Sem Vítimas";"Pleno dia";"Decrescente";"Sol";"Múltipla";"Reta";"Urbano";4;0;0;0;4;0;0;4
83427349;"05/01/16";"Terça";"12:00:00";"MG";365;"18";"MONTES CLAROS";"Velocidade incompatível";"Saída de Pista";"Com Vítimas Feridas";"Pleno dia";"Crescente";"Chuva";"Simples";"Reta";"Rural";2;0;1;0;1;0;1;1
83427350;"05/01/16";"Terça";"14:00:00";"MT";364;"257";"JUSCIMEIRA";"Falta de atenção";"Colisão lateral";"Sem Vítimas";"Pleno dia";"Decrescente";"Nublado";"Simples";"Reta";"Urbano";2;0;0;0;2;0;0;2
83427351;"05/01/16";"Terça";"18:30:00";"BA";116;"423,8";"FEIRA DE SANTANA";"Desobediência à sinalização";"Queda de motocicleta / bicicleta / veículo";"Com Vítimas Feridas";"Plena noite";"Crescente";"Ceu Claro";"Simples";"Reta";"Urbano";3;0;1;1;0;1;2;2
83427352;"05/01/16";"Terça";"14:40:00";"PE";428;"32,2";"CABROBO";"Não guardar distância de segurança";"Colisão lateral";"Com Vítimas Feridas";"Pleno dia";"Decrescente";"Sol";"Simples";"Reta";"Rural";3;0;1;0;1;1;1;3
83427353;"05/01/16";"Terça";"19:00:00";"RJ";101;"483";"ANGRA DOS REIS";"Não guardar distância de segurança";"Colisão traseira";"Com Vítimas Feridas";"Anoitecer";"Crescente";"Nublado";"Simples";"Reta";"Urbano";2;0;1;0;1;0;1;2
83427354;"02/01/16";"Sábado";"00:15:00";"ES";101;"263,7";"SERRA";"Falta de atenção";"Atropelamento de pessoa";"Com Vítimas Fatais";"Plena noite";"Decrescente";"Ceu Claro";"Dupla";"Reta";"Urbano";3;1;2;0;0;0;2;1
83427355;"05/01/16";"Terça";"18:30:00";"GO";20;"40";"FORMOSA";"Ultrapassagem indevida";"Colisão Transversal";"Com Vítimas Feridas";"Anoitecer";"Crescente";"Nublado";"Simples";"Reta";"Urbano";8;0;3;4;1;0;7;3
83427356;"05/01/16";"Terça";"20:00:00";"RS";392;"26,4";"RIO GRANDE";"Falta de atenção";"Atropelamento de pessoa";"Com Vítimas Feridas";"Anoitecer";"Crescente";"Chuva";"Dupla";"Curva";"Urbano";2;0;1;0;1;0;1;1
83427357;"05/01/16";"Terça";"20:00:00";"CE";222;"2,8";"SOBRAL";"Desobediência à sinalização";"Colisão Transversal";"Com Vítimas Feridas";"Plena noite";"Crescente";"Nublado";"Dupla";"Cruzamento";"Urbano";2;0;1;0;1;0;1;2
83427358;"05/01/16";"Terça";"17:40:00";"PE";232;"88,9";"GRAVATA";"Outras";"Saída de Pista";"Com Vítimas Feridas";"Plena noite";"Decrescente";"Ceu Claro";"Dupla";"Reta";"Rural";1;0;1;0;0;0;1;1
83427359;"05/01/16";"Terça";"15:20:00";"PB";101;"29,5";"MAMANGUAPE";"Desobediência à sinalização";"Colisão traseira";"Com Vítimas Feridas";"Pleno dia";"Crescente";"Ceu Claro";"Dupla";"Curva";"Rural";3;0;1;1;0;1;2;2
83427360;"05/01/16";"Terça";"10:30:00";"RS";153;"577,7";"BAGE";"Velocidade incompatível";"Saída de Pista";"Sem Vítimas";"Pleno dia";"Crescente";"Nublado";"Simples";"Reta";"Rural";1;0;0;0;1;0;0;1
83427361;"05/01/16";"Terça";"18:00:00";"PA";230;"115";"MARABA";"Falta de atenção";"Colisão Transversal";"Com Vítimas Feridas";"Pleno dia";"Crescente";"Ceu Claro";"Dupla";"Reta";"Urbano";3;0;1;0;2;0;1;2
83427362;"05/01/16";"Terça";"19:05:00";"RS";293;"37,5";"MORRO REDONDO";"Outras";"Saída de Pista";"Sem Vítimas";"Pleno dia";"Crescente";"Chuva";"Simples";"Reta";"Rural";1;0;0;0;1;0;0;1
83427363;"05/01/16";"Terça";"07:00:00";"MG";135;"381";"MONTES CLAROS";"Velocidade incompatível";"Tombamento";"Sem Vítimas";"Amanhecer";"Crescente";"Chuva";"Simples";"Reta";"Rural";1;0;0;0;1;0;0;1
83427364;"05/01/16";"Terça";"13:20:00";"PI";343;"339,6";"TERESINA";"Falta de atenção";"Colisão traseira";"Sem Vítimas";"Pleno dia";"Crescente";"Ceu Claro";"Simples";"Curva";"Urbano";4;0;0;0;4;0;0;3
83427365;"05/01/16";"Terça";"18:30:00";"MG";381;"768,2";"CAMPANHA";"Animais na Pista";"Saída de Pista";"Com Vítimas Feridas";"Pleno dia";"Decrescente";"Ceu Claro";"Dupla";"Reta";"Rural";1;0;1;0;0;0;1;1
83427366;"05/01/16";"Terça";"14:40:00";"MT";364;"348";"SANTO ANTONIO DO LEVERGER";"Outras";"Saída de Pista";"Sem Vítimas";"Pleno dia";"Crescente";"Chuva";"Simples";"Curva";"Rural";1;0;0;0;1;0;0;1
83427367;"05/01/16";"Terça";"15:35:00";"MG";116;"598";"SAO JOAO DO MANHUACU";"Ultrapassagem indevida";"Colisão lateral";"Com Vítimas Feridas";"Pleno dia";"Crescente";"Ceu Claro";"Simples";"Curva";"Rural";3;0;0;1;1;1;1;3
83427369;"05/01/16";"Terça";"13:30:00";"PB";361;"97,3";"PIANCO";"Dormindo";"Capotamento";"Com Vítimas Fatais";"Pleno dia";"Crescente";"Sol";"Simples";"Reta";"Urbano";4;1;1;2;0;0;3;1
83427370;"01/01/16";"Sexta";"20:20:00";"SC";101;"71";"ARAQUARI";"Falta de atenção";"Colisão Transversal";"Com Vítimas Feridas";"Anoitecer";"Decrescente";"Nublado";"Simples";"Reta";"Urbano";2;0;1;1;0;0;2;2
83427371;"05/01/16";"Terça";"19:45:00";"PE";428;"177,4";"PETROLINA";"Animais na Pista";"Atropelamento de animal";"Com Vítimas Feridas";"Plena noite";"Decrescente";"Nublado";"Simples";"Reta";"Rural";1;0;0;1;0;0;1;1
83427372;"05/01/16";"Terça";"18:50:00";"MT";70;"530,5";"VARZEA GRANDE";"Falta de atenção";"Saída de Pista";"Com Vítimas Feridas";"Anoitecer";"Decrescente";"Chuva";"Simples";"Reta";"Rural";3;0;1;0;2;0;1;1
83427373;"05/01/16";"Terça";"10:40:00";"RS";153;"573";"BAGE";"Velocidade incompatível";"Saída de Pista";"Com Vítimas Feridas";"Pleno dia";"Crescente";"Chuva";"Simples";"Curva";"Rural";3;0;2;0;1;0;2;1
83427374;"05/01/16";"Terça";"20:25:00";"MS";267;"138";"NOVA ANDRADINA";"Falta de atenção";"Saída de Pista";"Sem Vítimas";"Plena noite";"Crescente";"Ceu Claro";"Simples";"Reta";"Rural";4;0;0;0;4;0;0;1
83427376;"05/01/16";"Terça";"22:25:00";"RS";386;"426,7";"MONTENEGRO";"Velocidade incompatível";"Saída de Pista";"Sem Vítimas";"Plena noite";"Crescente";"Nublado";"Dupla";"Curva";"Rural";1;0;0;0;1;0;0;1
83427377;"05/01/16";"Terça";"22:45:00";"RS";386;"402";"TRIUNFO";"Defeito na via";"Saída de Pista";"Com Vítimas Feridas";"Plena noite";"Crescente";"Nublado";"Dupla";"Reta";"Rural";1;0;1;0;0;0;1;1
83427378;"03/01/16";"Domingo";"16:20:00";"GO";20;"224";"POSSE";"Outras";"Saída de Pista";"Com Vítimas Feridas";"Pleno dia";"Decrescente";"Ceu Claro";"Simples";"Reta";"Rural";4;0;4;0;0;0;4;1
83427380;"05/01/16";"Terça";"18:30:00";"MA";222;"406,2";"SANTA LUZIA";"Falta de atenção";"Colisão traseira";"Com Vítimas Fatais";"Anoitecer";"Crescente";"Ceu Claro";"Dupla";"Reta";"Urbano";2;1;0;0;1;0;0;2
83427381;"05/01/16";"Terça";"07:00:00";"MG";251;"500,3";"FRANCISCO SA";"Velocidade incompatível";"Saída de Pista";"Sem Vítimas";"Amanhecer";"Crescente";"Chuva";"Simples";"Reta";"Rural";2;0;0;0;2;0;0;1
83427382;"05/01/16";"Terça";"22:10:00";"PI";343;"596,4";"FLORIANO";"Ingestão de álcool";"Colisão traseira";"Sem Vítimas";"Plena noite";"Decrescente";"Ignorada";"Dupla";"Reta";"Urbano";2;0;0;0;2;0;0;2
83427383;"05/01/16";"Terça";"17:00:00";"BA";407;"39";"JUAZEIRO";"Falta de atenção";"Colisão Transversal";"Com Vítimas Feridas";"Anoitecer";"Decrescente";"Nublado";"Simples";"Reta";"Rural";4;0;2;0;2;0;2;2
83427384;"03/01/16";"Domingo";"16:30:00";"CE";222;"31,7";"CAUCAIA";"Falta de atenção";"Colisão traseira";"Sem Vítimas";"Pleno dia";"Decrescente";"Ceu Claro";"Simples";"Reta";"Urbano";5;0;0;0;5;0;0;5
83427386;"05/01/16";"Terça";"12:20:00";"BA";242;"305";"LENCOIS";"Falta de atenção";"Saída de Pista";"Com Vítimas Feridas";"Pleno dia";"Crescente";"Nublado";"Simples";"Reta";"Rural";2;0;1;0;1;0;1;1
83427387;"05/01/16";"Terça";"17:25:00";"RS";473;"142";"BAGE";"Animais na Pista";"Saída de Pista";"Sem Vítimas";"Pleno dia";"Decrescente";"Nublado";"Simples";"Reta";"Rural";1;0;0;0;1;0;0;1
83427388;"06/01/16";"Quarta";"00:15:00";"PR";277;"16";"PARANAGUA";"Dormindo";"Tombamento";"Com Vítimas Feridas";"Plena noite";"Decrescente";"Nublado";"Dupla";"Curva";"Rural";1;0;0;1;0;0;1;1
83427389;"05/01/16";"Terça";"21:15:00";"SP";116;"22,5";"LAVRINHAS";"Outras";"Colisão com objeto fixo";"Sem Vítimas";"Plena noite";"Crescente";"Ceu Claro";"Dupla";"Curva";"Rural";2;0;0;0;1;1;0;2
83427390;"05/01/16";"Terça";"12:15:00";"GO";158;"180";"CAIAPONIA";"Defeito mecânico em veículo";"Tombamento";"Sem Vítimas";"Pleno dia";"Crescente";"Sol";"Simples";"Reta";"Rural";1;0;0;0;1;0;0;1
83427391;"05/01/16";"Terça";"21:20:00";"SE";235;"2";"ARACAJU";"Outras";"Tombamento";"Com Vítimas Feridas";"Plena noite";"Crescente";"Ceu Claro";"Simples";"Curva";"Urbano";1;0;1;0;0;0;1;1
83427392;"01/01/16";"Sexta";"18:00:00";"MG";40;"501,1";"ESMERALDAS";"Velocidade incompatível";"Queda de motocicleta / bicicleta / veículo";"Com Vítimas Feridas";"Anoitecer";"Crescente";"Ceu Claro";"Dupla";"Reta";"Rural";2;0;0;2;0;0;2;1
83427393;"05/01/16";"Terça";"12:40:00";"RS";290;"719";"URUGUAIANA";"Falta de atenção";"Colisão lateral";"Sem Vítimas";"Pleno dia";"Crescente";"Ceu Claro";"Simples";"Curva";"Urbano";3;0;0;0;2;1;0;3
83427394;"05/01/16";"Terça";"09:00:00";"MG";381;"442";"SABARA";"Não guardar distância de segurança";"Colisão traseira";"Sem Vítimas";"Pleno dia";"Decrescente";"Sol";"Simples";"Reta";"Rural";2;0;0;0;2;0;0;2
83427395;"05/01/16";"Terça";"16:20:00";"BA";242;"272";"IBIQUERA";"Outras";"Saída de Pista";"Sem Vítimas";"Pleno dia";"Decrescente";"Chuva";"Simples";"Curva";"Rural";3;0;0;0;3;0;0;1
83427396;"06/01/16";"Quarta";"00:30:00";"MS";163;"603,6";"SAO GABRIEL DO OESTE";"Defeito na via";"Saída de Pista";"Com Vítimas Feridas";"Plena noite";"Decrescente";"Nublado";"Dupla";"Reta";"Rural";1;0;1;0;0;0;1;1
83427397;"05/01/16";"Terça";"20:50:00";"MT";364;"204";"RONDONOPOLIS";"Outras";"Atropelamento de pessoa";"Com Vítimas Feridas";"Plena noite";"Crescente";"Chuva";"Dupla";"Reta";"Urbano";2;0;2;0;0;0;2;1
83427398;"05/01/16";"Terça";"23:00:00";"GO";60;"1,5";"APARECIDA DE GOIANIA";"Outras";"Colisão traseira";"Com Vítimas Feridas";"Plena noite";"Crescente";"Ceu Claro";"Dupla";"Reta";"Urbano";2;0;1;0;1;0;1;2
83427399;"06/01/16";"Quarta";"02:10:00";"SC";101;"321,5";"PESCARIA BRAVA";"Falta de atenção";"Saída de Pista";"Com Vítimas Feridas";"Plena noite";"Crescente";"Ceu Claro";"Dupla";"Reta";"Rural";1;0;1;0;0;0;1;1
83427400;"05/01/16";"Terça";"21:10:00";"MS";267;"29";"BATAGUASSU";"Outras";"Saída de Pista";"Sem Vítimas";"Plena noite";"Decrescente";"Nublado";"Dupla";"Cruzamento";"Urbano";1;0;0;0;1;0;0;1
83427401;"06/01/16";"Quarta";"04:00:00";"RS";290;"59,2";"GRAVATAI";"Dormindo";"Saída de Pista";"Ignorado";"Plena noite";"Decrescente";"Nublado";"Dupla";"Reta";"Rural";1;0;0;0;0;1;0;1
83427402;"06/01/16";"Quarta";"02:30:00";"PB";230;"43,2";"SANTA RITA";"Outras";"Colisão com objeto fixo";"Sem Vítimas";"Plena noite";"Crescente";"Ceu Claro";"Dupla";"Reta";"Rural";1;0;0;0;1;0;0;1
83427403;"05/01/16";"Terça";"22:20:00";"GO";60;"181,4";"ABADIA DE GOIAS";"Animais na Pista";"Atropelamento de animal";"Sem Vítimas";"Plena noite";"Crescente";"Nublado";"Dupla";"Reta";"Rural";4;0;0;0;4;0;0;1
83427404;"06/01/16";"Quarta";"02:15:00";"SP";116;"518";"CAJATI";"Falta de atenção";"Colisão traseira";"Com Vítimas Feridas";"Plena noite";"Crescente";"Ceu Claro";"Simples";"Reta";"Rural";2;0;0;1;1;0;1;2
83427408;"05/01/16";"Terça";"18:05:00";"MG";40;"586,9";"ITABIRITO";"Defeito mecânico em veículo";"Colisão traseira";"Com Vítimas Feridas";"Pleno dia";"Crescente";"Nublado";"Simples";"Curva";"Rural";2;0;1;0;1;0;1;2
83427409;"06/01/16";"Quarta";"03:50:00";"SC";470;"70,1";"INDAIAL";"Dormindo";"Colisão com objeto fixo";"Com Vítimas Feridas";"Plena noite";"Decrescente";"Nublado";"Múltipla";"Reta";"Urbano";1;0;1;0;0;0;1;1
83427410;"06/01/16";"Quarta";"05:40:00";"SC";101;"149";"ITAPEMA";"Ingestão de álcool";"Colisão frontal";"Com Vítimas Feridas";"Amanhecer";"Crescente";"Chuva";"Múltipla";"Reta";"Urbano";2;0;1;0;1;0;1;2
83427411;"05/01/16";"Terça";"08:30:00";"AL";101;"3,9";"NOVO LINO";"Outras";"Tombamento";"Com Vítimas Feridas";"Pleno dia";"Crescente";"Ceu Claro";"Dupla";"Curva";"Rural";2;0;2;0;0;0;2;1
83427412;"05/01/16";"Terça";"19:15:00";"SP";116;"218,7";"GUARULHOS";"Outras";"Tombamento";"Sem Vítimas";"Anoitecer";"Crescente";"Ceu Claro";"Simples";"Curva";"Urbano";1;0;0;0;1;0;0;1
83427413;"06/01/16";"Quarta";"05:10:00";"MG";381;"790,5";"SAO GONCALO DO SAPUCAI";"Dormindo";"Saída de Pista";"Com Vítimas Feridas";"Amanhecer";"Crescente";"Ceu Claro";"Dupla";"Reta";"Rural";1;0;1;0;0;0;1;1
83427415;"05/01/16";"Terça";"17:01:00";"RS";101;"24,5";"TRES CACHOEIRAS";"Animais na Pista";"Atropelamento de animal";"Sem Vítimas";"Pleno dia";"Crescente";"Nublado";"Simples";"Reta";"Urbano";1;0;0;0;1;0;0;1
83427416;"05/01/16";"Terça";"13:00:00";"MG";251;"281,1";"SALINAS";"Outras";"Tombamento";"Com Vítimas Feridas";"Pleno dia";"Decrescente";"Nublado";"Simples";"Reta";"Rural";2;0;0;1;1;0;1;1
83427417;"03/01/16";"Domingo";"02:30:00";"ES";101;"266,3";"SERRA";"Outras";"Colisão traseira";"Com Vítimas Feridas";"Plena noite";"Decrescente";"Chuva";"Múltipla";"Reta";"Urbano";2;0;0;1;1;0;1;2
83427418;"02/01/16";"Sábado";"17:22:00";"SC";101;"191";"BIGUACU";"Velocidade incompatível";"Capotamento";"Com Vítimas Feridas";"Pleno dia";"Crescente";"Chuva";"Dupla";"Curva";"Urbano";6;0;2;1;2;1;3;3
83427419;"06/01/16";"Quarta";"06:30:00";"SC";470;"56,4";"BLUMENAU";"Velocidade incompatível";"Tombamento";"Com Vítimas Feridas";"Amanhecer";"Decrescente";"Nublado";"Simples";"Cruzamento";"Urbano";3;0;3;0;0;0;3;1
83427420;"05/01/16";"Terça";"20:10:00";"GO";153;"697,6";"ITUMBIARA";"Desobediência à sinalização";"Colisão frontal";"Com Vítimas Feridas";"Plena noite";"Crescente";"Nublado";"Dupla";"Reta";"Urbano";3;0;0;1;2;0;1;2
83427421;"04/01/16";"Segunda";"18:00:00";"BA";324;"601";"SIMOES FILHO";"Defeito mecânico em veículo";"Tombamento";"Sem Vítimas";"Anoitecer";"Decrescente";"Nublado";"Dupla";"Reta";"Rural";1;0;0;0;1;0;0;1
83427422;"06/01/16";"Quarta";"02:00:00";"RJ";116;"307,9";"RESENDE";"Animais na Pista";"Atropelamento de animal";"Com Vítimas Feridas";"Plena noite";"Decrescente";"Nublado";"Dupla";"Curva";"Rural";5;0;5;0;0;0;5;2
83427423;"06/01/16";"Quarta";"06:20:00";"MS";163;"523,6";"JARAGUARI";"Outras";"Saída de Pista";"Com Vítimas Feridas";"Pleno dia";"Crescente";"Chuva";"Simples";"Reta";"Rural";1;0;1;0;0;0;1;1
83427424;"02/01/16";"Sábado";"10:45:00";"MG";251;"362";"PADRE CARVALHO";"Ultrapassagem indevida";"Colisão lateral";"Com Vítimas Feridas";"Pleno dia";"Crescente";"Ceu Claro";"Simples";"Reta";"Rural";2;0;0;1;1;0;1;2
83427427;"02/01/16";"Sábado";"16:40:00";"BA";324;"545";"AMELIA RODRIGUES";"Desobediência à sinalização";"Colisão Transversal";"Com Vítimas Feridas";"Pleno dia";"Crescente";"Ceu Claro";"Dupla";"Curva";"Urbano";5;0;1;0;2;2;1;2
83427428;"06/01/16";"Quarta";"05:00:00";"PR";376;"665";"GUARATUBA";"Velocidade incompatível";"Tombamento";"Sem Vítimas";"Amanhecer";"Crescente";"Ceu Claro";"Dupla";"Curva";"Rural";2;0;0;0;2;0;0;2
83427431;"02/01/16";"Sábado";"14:25:00";"MG";262;"555,1";"CORREGO DANTA";"Velocidade incompatível";"Saída de Pista";"Com Vítimas Feridas";"Pleno dia";"Decrescente";"Chuva";"Simples";"Curva";"Rural";4;0;3;0;1;0;3;1
83427432;"05/01/16";"Terça";"13:20:00";"RJ";40;"120";"DUQUE DE CAXIAS";"Não guardar distância de segurança";"Capotamento";"Com Vítimas Feridas";"Pleno dia";"Decrescente";"Sol";"Múltipla";"Reta";"Urbano";3;0;2;0;0;1;2;2
83427433;"02/01/16";"Sábado";"21:20:00";"MG";135;"644,9";"CURVELO";"Ultrapassagem indevida";"Colisão frontal";"Com Vítimas Fatais";"Plena noite";"Decrescente";"Ceu Claro";"Simples";"Reta";"Rural";7;3;2;2;0;0;4;2
83427435;"06/01/16";"Quarta";"07:00:00";"RS";116;"157,6";"CAXIAS DO SUL";"Falta de atenção";"Colisão lateral";"Com Vítimas Feridas";"Pleno dia";"Crescente";"Nublado";"Simples";"Curva";"Rural";2;0;0;1;1;0;1;2
83427437;"06/01/16";"Quarta";"07:20:00";"RS";116;"249,9";"SAO LEOPOLDO";"Dormindo";"Saída de Pista";"Com Vítimas Feridas";"Pleno dia";"Decrescente";"Nublado";"Simples";"Curva";"Urbano";1;0;1;0;0;0;1;1
83427438;"04/01/16";"Segunda";"11:59:00";"PR";277;"258";"IRATI";"Velocidade incompatível";"Colisão traseira";"Sem Vítimas";"Pleno dia";"Decrescente";"Ceu Claro";"Simples";"Reta";"Rural";4;0;0;0;4;0;0;4
83427439;"06/01/16";"Quarta";"07:00:00";"MS";163;"493,7";"CAMPO GRANDE";"Outras";"Saída de Pista";"Com Vítimas Feridas";"Pleno dia";"Crescente";"Chuva";"Dupla";"Curva";"Urbano";1;0;1;0;0;0;1;1
83427440;"02/01/16";"Sábado";"20:30:00";"PB";230;"25,7";"JOAO PESSOA";"Ingestão de álcool";"Colisão traseira";"Sem Vítimas";"Plena noite";"Decrescente";"Ceu Claro";"Dupla";"Reta";"Urbano";2;0;0;0;2;0;0;2
83427441;"03/01/16";"Domingo";"01:10:00";"MG";381;"780,4";"CAMPANHA";"Velocidade incompatível";"Saída de Pista";"Sem Vítimas";"Plena noite";"Decrescente";"Chuva";"Dupla";"Curva";"Rural";1;0;0;0;1;0;0;1
83427443;"03/01/16";"Domingo";"01:54:00";"SP";116;"382";"MIRACATU";"Outras";"Tombamento";"Sem Vítimas";"Plena noite";"Crescente";"Chuva";"Dupla";"Reta";"Rural";2;0;0;0;2;0;0;1
83427444;"03/01/16";"Domingo";"07:00:00";"RJ";116;"235,7";"PIRAI";"Não guardar distância de segurança";"Colisão traseira";"Com Vítimas Feridas";"Amanhecer";"Crescente";"Chuva";"Dupla";"Curva";"Urbano";10;0;3;0;7;0;3;8
83427445;"06/01/16";"Quarta";"08:50:00";"SC";470;"141,1";"RIO DO SUL";"Outras";"Tombamento";"Com Vítimas Feridas";"Pleno dia";"Decrescente";"Nublado";"Simples";"Cruzamento";"Urbano";2;0;0;1;1;0;1;2
83427446;"03/01/16";"Domingo";"17:20:00";"RS";116;"304";"GUAIBA";"Não guardar distância de segurança";"Colisão traseira";"Sem Vítimas";"Pleno dia";"Decrescente";"Nublado";"Simples";"Reta";"Rural";2;0;0;0;2;0;0;2
83427447;"03/01/16";"Domingo";"00:10:00";"SP";116;"72,2";"APARECIDA";"Velocidade incompatível";"Colisão com objeto fixo";"Sem Vítimas";"Plena noite";"Decrescente";"Chuva";"Dupla";"Reta";"Rural";1;0;0;0;1;0;0;1
83427448;"06/01/16";"Quarta";"07:40:00";"PR";476;"124";"CURITIBA";"Não guardar distância de segurança";"Colisão traseira";"Com Vítimas Feridas";"Pleno dia";"Crescente";"Nublado";"Dupla";"Reta";"Urbano";3;0;0;2;1;0;2;2
83427452;"03/01/16";"Domingo";"15:30:00";"SP";459;"7,7";"PIQUETE";"Outras";"Colisão lateral";"Sem Vítimas";"Pleno dia";"Decrescente";"Chuva";"Simples";"Curva";"Rural";2;0;0;0;2;0;0;2
83427453;"02/01/16";"Sábado";"11:51:00";"RJ";101;"230";"SILVA JARDIM";"Ultrapassagem indevida";"Colisão frontal";"Com Vítimas Fatais";"Pleno dia";"Decrescente";"Ceu Claro";"Simples";"Reta";"Urbano";4;1;1;1;1;0;2;2
83427454;"06/01/16";"Quarta";"08:30:00";"MG";267;"319,9";"CONCEICAO DO RIO VERDE";"Não guardar distância de segurança";"Colisão traseira";"Sem Vítimas";"Pleno dia";"Decrescente";"Ceu Claro";"Simples";"Reta";"Rural";2;0;0;0;2;0;0;2
83427455;"02/01/16";"Sábado";"17:30:00";"SC";282;"81,8";"RANCHO QUEIMADO";"Velocidade incompatível";"Saída de Pista";"Com Vítimas Feridas";"Pleno dia";"Crescente";"Chuva";"Simples";"Reta";"Rural";2;0;2;0;0;0;2;1
83427456;"06/01/16";"Quarta";"09:20:00";"SC";116;"249";"LAGES";"Dormindo";"Colisão lateral";"Com Vítimas Feridas";"Pleno dia";"Decrescente";"Chuva";"Simples";"Curva";"Rural";2;0;1;0;1;0;1;2
83427458;"05/01/16";"Terça";"05:50:00";"MG";40;"424,1";"CURVELO";"Falta de atenção";"Colisão com objeto fixo";"Sem Vítimas";"Amanhecer";"Decrescente";"Nublado";"Dupla";"Reta";"Rural";1;0;0;0;1;0;0;1
83427459;"04/01/16";"Segunda";"08:20:00";"MG";381;"707";"LAVRAS";"Velocidade incompatível";"Saída de Pista";"Sem Vítimas";"Pleno dia";"Crescente";"Nublado";"Dupla";"Curva";"Rural";1;0;0;0;1;0;0;1
83427460;"06/01/16";"Quarta";"08:00:00";"SP";116;"476,5";"JACUPIRANGA";"Falta de atenção";"Colisão Transversal";"Sem Vítimas";"Pleno dia";"Crescente";"Nublado";"Dupla";"Reta";"Urbano";2;0;0;0;2;0;0;2
83427461;"05/01/16";"Terça";"17:00:00";"BA";110;"58";"JEREMOABO";"Outras";"Colisão frontal";"Com Vítimas Feridas";"Anoitecer";"Decrescente";"Chuva";"Simples";"Curva";"Rural";2;0;0;2;0;0;2;2
83427462;"03/01/16";"Domingo";"17:30:00";"RS";116;"305";"GUAIBA";"Não guardar distância de segurança";"Colisão traseira";"Sem Vítimas";"Pleno dia";"Decrescente";"Nublado";"Simples";"Reta";"Rural";2;0;0;0;2;0;0;2
83427463;"06/01/16";"Quarta";"09:00:00";"BA";116;"583,5";"NOVA ITARANA";"Outras";"Tombamento";"Com Vítimas Feridas";"Pleno dia";"Crescente";"Nublado";"Simples";"Curva";"Rural";1;0;1;0;0;0;1;1
83427464;"06/01/16";"Quarta";"08:50:00";"PR";153;"335,5";"IRATI";"Falta de atenção";"Colisão lateral";"Com Vítimas Feridas";"Pleno dia";"Decrescente";"Nublado";"Simples";"Reta";"Urbano";2;0;1;0;1;0;1;2
83427467;"06/01/16";"Quarta";"09:20:00";"RS";116;"143,2";"CAXIAS DO SUL";"Falta de atenção";"Colisão lateral";"Sem Vítimas";"Pleno dia";"Crescente";"Ceu Claro";"Dupla";"Reta";"Urbano";2;0;0;0;2;0;0;2
83427468;"02/01/16";"Sábado";"20:30:00";"BA";324;"523,8";"FEIRA DE SANTANA";"Falta de atenção";"Colisão traseira";"Com Vítimas Feridas";"Plena noite";"Crescente";"Ceu Claro";"Dupla";"Reta";"Urbano";2;0;1;0;1;0;1;2
83427470;"02/01/16";"Sábado";"17:00:00";"SC";101;"216";"PALHOCA";"Falta de atenção";"Colisão traseira";"Sem Vítimas";"Pleno dia";"Decrescente";"Nublado";"Dupla";"Reta";"Urbano";3;0;0;0;2;1;0;3
83427473;"06/01/16";"Quarta";"10:00:00";"BA";116;"524";"ITATIM";"Velocidade incompatível";"Capotamento";"Com Vítimas Feridas";"Pleno dia";"Crescente";"Chuva";"Simples";"Reta";"Rural";2;0;1;0;1;0;1;1
83427474;"03/01/16";"Domingo";"19:00:00";"BA";324;"528,5";"FEIRA DE SANTANA";"Falta de atenção";"Colisão traseira";"Sem Vítimas";"Anoitecer";"Decrescente";"Nublado";"Dupla";"Reta";"Urbano";3;0;0;0;3;0;0;3
83427475;"06/01/16";"Quarta";"10:10:00";"GO";60;"394";"RIO VERDE";"Defeito mecânico em veículo";"Capotamento";"Sem Vítimas";"Pleno dia";"Decrescente";"Chuva";"Dupla";"Reta";"Rural";1;0;0;0;1;0;0;1
83427476;"06/01/16";"Quarta";"07:30:00";"RO";364;"711";"PORTO VELHO";"Falta de atenção";"Colisão com objeto fixo";"Com Vítimas Feridas";"Pleno dia";"Crescente";"Chuva";"Dupla";"Reta";"Urbano";1;0;0;1;0;0;1;1