"id";"data_inversa";"dia_semana";"horario";"uf";"br";"km";"municipio";"causa_acidente";"tipo_acidente";"classificacao_acidente";"fase_dia";"sentido_via";"condicao_metereologica";"tipo_pista";"tracado_via";"uso_solo";"pessoas";"mortos";"feridos_leves";"feridos_graves";"ilesos";"ignorados";"feridos";"veiculos"
83427477;"06/01/16";"Quarta";"08:50:00";"PE";232;"194";"SANHARO";"Falta de atenção";"Colisão traseira";"Sem Vítimas";"Pleno dia";"Decrescente";"Ceu Claro";"Simples";"Reta";"Urbano";2;0;0;0;2;0;0;2
83427478;"06/01/16";"Quarta";"08:00:00";"GO";60;"3";"GOIANIA";"Falta de atenção";"Colisão lateral";"Sem Vítimas";"Pleno dia";"Crescente";"Nublado";"Dupla";"Reta";"Urbano";2;0;0;0;2;0;0;2
83427479;"06/01/16";"Quarta";"11:13:00";"SC";101;"62";"ARAQUARI";"Falta de atenção";"Colisão traseira";"Sem Vítimas";"Pleno dia";"Crescente";"Ceu Claro";"Dupla";"Curva";"Rural";2;0;0;0;2;0;0;2
83427480;"02/01/16";"Sábado";"08:50:00";"MG";135;"645,4";"CURVELO";"Ultrapassagem indevida";"Colisão frontal";"Com Vítimas Fatais";"Pleno dia";"Decrescente";"Ceu Claro";"Simples";"Reta";"Rural";10;3;7;0;0;0;7;2
83427481;"02/01/16";"Sábado";"17:00:00";"RJ";393;"152";"TRES RIOS";"Falta de atenção";"Colisão com objeto fixo";"Com Vítimas Feridas";"Pleno dia";"Crescente";"Chuva";"Simples";"Curva";"Rural";2;0;2;0;0;0;2;1
83427482;"06/01/16";"Quarta";"07:00:00";"RR";174;"662";"PACARAIMA";"Velocidade incompatível";"Saída de Pista";"Com Vítimas Fatais";"Pleno dia";"Decrescente";"Ceu Claro";"Simples";"Reta";"Rural";1;1;0;0;0;0;0;1
83427483;"06/01/16";"Quarta";"09:30:00";"GO";20;"96";"VILA BOA";"Velocidade incompatível";"Saída de Pista";"Sem Vítimas";"Pleno dia";"Decrescente";"Chuva";"Simples";"Reta";"Rural";1;0;0;0;1;0;0;1
83427484;"03/01/16";"Domingo";"17:20:00";"PI";402;"87";"CAJUEIRO DA PRAIA";"Animais na Pista";"Atropelamento de animal";"Sem Vítimas";"Pleno dia";"Decrescente";"Ignorada";"Simples";"Reta";"Rural";3;0;0;0;3;0;0;1
83427485;"06/01/16";"Quarta";"12:30:00";"PR";277;"123";"BALSA NOVA";"Falta de atenção";"Colisão com bicicleta";"Com Vítimas Feridas";"Pleno dia";"Decrescente";"Sol";"Dupla";"Reta";"Urbano";2;0;1;0;1;0;1;2
83427486;"03/01/16";"Domingo";"13:20:00";"ES";101;"241";"SERRA";"Falta de atenção";"Atropelamento de pessoa";"Com Vítimas Feridas";"Pleno dia";"Crescente";"Nublado";"Simples";"Reta";"Rural";3;0;0;1;2;0;1;1
83427487;"06/01/16";"Quarta";"08:10:00";"BA";101;"402";"IBIRAPITANGA";"Outras";"Colisão com objeto fixo";"Sem Vítimas";"Pleno dia";"Crescente";"Nublado";"Simples";"Curva";"Rural";1;0;0;0;1;0;0;1
83427488;"06/01/16";"Quarta";"11:55:00";"GO";60;"408";"RIO VERDE";"Outras";"Capotamento";"Sem Vítimas";"Pleno dia";"Decrescente";"Chuva";"Dupla";"Curva";"Rural";2;0;0;0;2;0;0;1
83427489;"06/01/16";"Quarta";"09:00:00";"PE";101;"78,3";"JABOATAO DOS GUARARAPES";"Falta de atenção";"Colisão traseira";"Sem Vítimas";"Pleno dia";"Crescente";"Sol";"Dupla";"Reta";"Urbano";2;0;0;0;2;0;0;2
83427490;"06/01/16";"Quarta";"12:30:00";"PB";101;"91";"JOAO PESSOA";"Outras";"Colisão lateral";"Sem Vítimas";"Pleno dia";"Crescente";"Sol";"Dupla";"Reta";"Urbano";2;0;0;0;2;0;0;2
83427491;"02/01/16";"Sábado";"14:00:00";"PR";277;"279";"PRUDENTOPOLIS";"Falta de atenção";"Colisão Transversal";"Com Vítimas Feridas";"Pleno dia";"Crescente";"Chuva";"Simples";"Reta";"Rural";4;0;3;0;1;0;3;2
83427493;"04/01/16";"Segunda";"14:20:00";"PI";135;"621,8";"CRISTALANDIA DO PIAUI";"Outras";"Saída de Pista";"Com Vítimas Feridas";"Pleno dia";"Decrescente";"Chuva";"Simples";"Curva";"Rural";12;0;10;1;1;0;11;1
83427495;"06/01/16";"Quarta";"04:00:00";"AC";317;"265";"EPITACIOLANDIA";"Outras";"Saída de Pista";"Ignorado";"Plena noite";"Decrescente";"Ignorada";"Simples";"Reta";"Rural";1;0;0;0;0;1;0;1
83427497;"06/01/16";"Quarta";"13:30:00";"GO";60;"137,1";"GOIANIA";"Falta de atenção";"Colisão lateral";"Com Vítimas Feridas";"Pleno dia";"Crescente";"Chuva";"Simples";"Reta";"Urbano";2;0;1;0;1;0;1;2
83427498;"06/01/16";"Quarta";"11:00:00";"SP";153;"51,6";"SAO JOSE DO RIO PRETO";"Outras";"Danos Eventuais";"Sem Vítimas";"Pleno dia";"Decrescente";"Ceu Claro";"Simples";"Reta";"Rural";1;0;0;0;1;0;0;1
83427500;"06/01/16";"Quarta";"08:40:00";"BA";324;"619";"SALVADOR";"Outras";"Capotamento";"Com Vítimas Feridas";"Pleno dia";"Decrescente";"Chuva";"Múltipla";"Reta";"Urbano";1;0;1;0;0;0;1;1
83427501;"02/01/16";"Sábado";"12:00:00";"SC";282;"16";"PALHOCA";"Outras";"Colisão Transversal";"Sem Vítimas";"Pleno dia";"Crescente";"Chuva";"Simples";"Reta";"Urbano";2;0;0;0;2;0;0;2
83427502;"06/01/16";"Quarta";"09:40:00";"MT";70;"693";"CACERES";"Outras";"Saída de Pista";"Sem Vítimas";"Pleno dia";"Crescente";"Chuva";"Simples";"Reta";"Rural";1;0;0;0;1;0;0;1
83427503;"06/01/16";"Quarta";"13:37:00";"RS";116;"417,4";"CRISTAL";"Defeito mecânico em veículo";"Tombamento";"Com Vítimas Feridas";"Pleno dia";"Decrescente";"Nublado";"Simples";"Reta";"Rural";1;0;1;0;0;0;1;1
83427504;"05/01/16";"Terça";"05:00:00";"PE";407;"65,3";"PETROLINA";"Dormindo";"Colisão traseira";"Com Vítimas Feridas";"Anoitecer";"Crescente";"Ceu Claro";"Simples";"Reta";"Rural";3;0;2;1;0;0;3;2
83427505;"06/01/16";"Quarta";"14:00:00";"RS";287;"260,5";"SANTA MARIA";"Falta de atenção";"Colisão Transversal";"Sem Vítimas";"Pleno dia";"Decrescente";"Nublado";"Simples";"Reta";"Rural";2;0;0;0;2;0;0;2
83427506;"06/01/16";"Quarta";"11:50:00";"SC";101;"436,1";"SOMBRIO";"Falta de atenção";"Colisão lateral";"Com Vítimas Feridas";"Pleno dia";"Crescente";"Nublado";"Dupla";"Reta";"Urbano";2;0;1;0;1;0;1;2
83427507;"06/01/16";"Quarta";"09:15:00";"BA";242;"518";"OLIVEIRA DOS BREJINHOS";"Desobediência à sinalização";"Colisão Transversal";"Sem Vítimas";"Pleno dia";"Decrescente";"Nublado";"Simples";"Reta";"Rural";2;0;0;0;2;0;0;2
83427510;"06/01/16";"Quarta";"13:30:00";"MG";40;"511";"RIBEIRAO DAS NEVES";"Velocidade incompatível";"Colisão traseira";"Sem Vítimas";"Pleno dia";"Crescente";"Sol";"Dupla";"Reta";"Urbano";2;0;0;0;1;1;0;2
83427512;"06/01/16";"Quarta";"11:50:00";"SE";101;"139,2";"ESTANCIA";"Defeito na via";"Colisão com objeto fixo";"Com Vítimas Feridas";"Pleno dia";"Decrescente";"Chuva";"Dupla";"Curva";"Rural";1;0;1;0;0;0;1;1
83427514;"06/01/16";"Quarta";"15:15:00";"RS";386;"446,7";"CANOAS";"Defeito mecânico em veículo";"Colisão com objeto fixo";"Com Vítimas Feridas";"Pleno dia";"Crescente";"Nublado";"Dupla";"Cruzamento";"Urbano";1;0;1;0;0;0;1;1
83427515;"04/01/16";"Segunda";"14:30:00";"PI";135;"578,7";"CORRENTE";"Outras";"Capotamento";"Com Vítimas Feridas";"Pleno dia";"Crescente";"Chuva";"Simples";"Reta";"Rural";3;0;1;0;1;1;1;1
83427516;"06/01/16";"Quarta";"12:25:00";"SC";101;"204";"SAO JOSE";"Não guardar distância de segurança";"Colisão lateral";"Com Vítimas Feridas";"Pleno dia";"Crescente";"Ceu Claro";"Múltipla";"Reta";"Urbano";3;0;1;0;2;0;1;3
83427517;"06/01/16";"Quarta";"12:20:00";"MG";116;"702,8";"MURIAE";"Desobediência à sinalização";"Colisão traseira";"Sem Vítimas";"Pleno dia";"Decrescente";"Sol";"Simples";"Cruzamento";"Urbano";2;0;0;0;2;0;0;2
83427521;"06/01/16";"Quarta";"12:20:00";"SE";235;"15";"NOSSA SENHORA DO SOCORRO";"Velocidade incompatível";"Saída de Pista";"Com Vítimas Feridas";"Pleno dia";"Crescente";"Chuva";"Simples";"Curva";"Rural";1;0;1;0;0;0;1;1
83427522;"06/01/16";"Quarta";"10:45:00";"MT";70;"514";"VARZEA GRANDE";"Ingestão de álcool";"Colisão Transversal";"Sem Vítimas";"Pleno dia";"Decrescente";"Nublado";"Simples";"Cruzamento";"Urbano";4;0;0;0;4;0;0;2
83427523;"06/01/16";"Quarta";"08:00:00";"MT";163;"563,6";"NOVA MUTUM";"Falta de atenção";"Colisão lateral";"Sem Vítimas";"Pleno dia";"Crescente";"Ignorada";"Simples";"Reta";"Rural";2;0;0;0;2;0;0;2
83427524;"02/01/16";"Sábado";"19:50:00";"PA";230;"118";"MARABA";"Ingestão de álcool";"Colisão traseira";"Sem Vítimas";"Anoitecer";"Crescente";"Ceu Claro";"Dupla";"Reta";"Urbano";3;0;0;0;3;0;0;3
83427525;"06/01/16";"Quarta";"13:50:00";"RS";471;"174";"RIO PARDO";"Falta de atenção";"Colisão Transversal";"Com Vítimas Feridas";"Pleno dia";"Decrescente";"Nublado";"Simples";"Reta";"Urbano";3;0;2;0;1;0;2;2
83427526;"06/01/16";"Quarta";"16:00:00";"RS";153;"628";"BAGE";"Falta de atenção";"Saída de Pista";"Sem Vítimas";"Pleno dia";"Crescente";"Nublado";"Simples";"Reta";"Rural";5;0;0;0;5;0;0;1
83427527;"06/01/16";"Quarta";"07:00:00";"MA";135;"6,1";"SAO LUIS";"Falta de atenção";"Colisão lateral";"Sem Vítimas";"Pleno dia";"Decrescente";"Ceu Claro";"Dupla";"Reta";"Urbano";2;0;0;0;2;0;0;2
83427528;"03/01/16";"Domingo";"07:00:00";"RJ";116;"230";"PIRAI";"Outras";"Tombamento";"Sem Vítimas";"Amanhecer";"Crescente";"Chuva";"Dupla";"Reta";"Rural";1;0;0;0;1;0;0;1
83427529;"06/01/16";"Quarta";"11:40:00";"GO";20;"240,8";"GUARANI DE GOIAS";"Outras";"Saída de Pista";"Sem Vítimas";"Pleno dia";"Crescente";"Chuva";"Simples";"Reta";"Rural";1;0;0;0;1;0;0;1
83427530;"06/01/16";"Quarta";"11:45:00";"MA";135;"17,1";"SAO LUIS";"Outras";"Capotamento";"Com Vítimas Feridas";"Pleno dia";"Decrescente";"Chuva";"Dupla";"Reta";"Urbano";3;0;3;0;0;0;3;1
83427532;"06/01/16";"Quarta";"15:40:00";"RJ";40;"117";"DUQUE DE CAXIAS";"Outras";"Queda de motocicleta / bicicleta / veículo";"Com Vítimas Feridas";"Pleno dia";"Decrescente";"Ceu Claro";"Múltipla";"Reta";"Urbano";1;0;0;1;0;0;1;1
83427533;"03/01/16";"Domingo";"18:10:00";"RO";364;"162,8";"PIMENTA BUENO";"Outras";"Saída de Pista";"Com Vítimas Feridas";"Plena noite";"Crescente";"Chuva";"Simples";"Reta";"Rural";4;0;4;0;0;0;4;1
83427534;"06/01/16";"Quarta";"16:00:00";"GO";60;"210";"VARJAO";"Velocidade incompatível";"Saída de Pista";"Sem Vítimas";"Pleno dia";"Decrescente";"Chuva";"Dupla";"Curva";"Rural";1;0;0;0;1;0;0;1
83427535;"06/01/16";"Quarta";"09:05:00";"PE";104;"74,5";"CARUARU";"Falta de atenção";"Colisão traseira";"Sem Vítimas";"Pleno dia";"Decrescente";"Sol";"Simples";"Reta";"Rural";3;0;0;0;3;0;0;3
83427536;"02/01/16";"Sábado";"09:30:00";"BA";242;"667";"MUQUEM DO SAO FRANCISCO";"Defeito mecânico em veículo";"Saída de Pista";"Sem Vítimas";"Pleno dia";"Crescente";"Ceu Claro";"Simples";"Curva";"Rural";3;0;0;0;2;1;0;1
83427537;"06/01/16";"Quarta";"13:30:00";"RJ";40;"102";"DUQUE DE CAXIAS";"Outras";"Colisão traseira";"Com Vítimas Feridas";"Pleno dia";"Decrescente";"Sol";"Simples";"Reta";"Urbano";2;0;1;0;1;0;1;2
83427538;"03/01/16";"Domingo";"22:35:00";"SC";101;"218";"PALHOCA";"Outras";"Saída de Pista";"Com Vítimas Feridas";"Plena noite";"Crescente";"Nublado";"Dupla";"Reta";"Urbano";1;0;0;1;0;0;1;1
83427539;"04/01/16";"Segunda";"15:10:00";"PR";277;"283,4";"PRUDENTOPOLIS";"Defeito mecânico em veículo";"Capotamento";"Com Vítimas Feridas";"Pleno dia";"Decrescente";"Ceu Claro";"Simples";"Reta";"Rural";5;0;2;2;1;0;4;1
83427540;"01/01/16";"Sexta";"01:10:00";"CE";116;"508,7";"BREJO SANTO";"Falta de atenção";"Colisão traseira";"Com Vítimas Feridas";"Plena noite";"Decrescente";"Ceu Claro";"Simples";"Curva";"Urbano";2;0;1;0;1;0;1;2
83427542;"06/01/16";"Quarta";"12:15:00";"RS";116;"105";"CAXIAS DO SUL";"Outras";"Atropelamento de pessoa";"Com Vítimas Fatais";"Pleno dia";"Decrescente";"Sol";"Simples";"Curva";"Rural";2;2;0;0;0;0;0;1
83427543;"02/01/16";"Sábado";"10:10:00";"MG";381;"631";"OLIVEIRA";"Velocidade incompatível";"Capotamento";"Com Vítimas Feridas";"Pleno dia";"Crescente";"Chuva";"Dupla";"Curva";"Rural";3;0;1;0;2;0;1;1
83427544;"03/01/16";"Domingo";"11:10:00";"CE";20;"406";"CAUCAIA";"Falta de atenção";"Saída de Pista";"Sem Vítimas";"Pleno dia";"Crescente";"Sol";"Múltipla";"Curva";"Urbano";1;0;0;0;1;0;0;1
83427545;"06/01/16";"Quarta";"14:00:00";"GO";60;"328,5";"ACREUNA";"Velocidade incompatível";"Saída de Pista";"Com Vítimas Feridas";"Pleno dia";"Decrescente";"Chuva";"Dupla";"Curva";"Rural";3;0;2;0;1;0;2;1
83427546;"06/01/16";"Quarta";"16:25:00";"SC";101;"217,3";"PALHOCA";"Dormindo";"Colisão lateral";"Sem Vítimas";"Pleno dia";"Crescente";"Nublado";"Dupla";"Reta";"Urbano";2;0;0;0;2;0;0;2
83427547;"03/01/16";"Domingo";"05:30:00";"MG";381;"616,6";"OLIVEIRA";"Velocidade incompatível";"Capotamento";"Com Vítimas Feridas";"Amanhecer";"Crescente";"Chuva";"Dupla";"Curva";"Urbano";5;0;3;0;2;0;3;1
83427548;"06/01/16";"Quarta";"15:00:00";"PR";373;"223";"IMBITUVA";"Falta de atenção";"Colisão Transversal";"Com Vítimas Feridas";"Pleno dia";"Decrescente";"Nublado";"Simples";"Reta";"Rural";3;0;1;0;2;0;1;2
83427549;"06/01/16";"Quarta";"10:40:00";"BA";135;"88";"RIACHAO DAS NEVES";"Velocidade incompatível";"Saída de Pista";"Com Vítimas Feridas";"Pleno dia";"Crescente";"Nublado";"Simples";"Reta";"Rural";4;0;3;1;0;0;4;1
83427550;"06/01/16";"Quarta";"16:50:00";"RS";285;"121,3";"VACARIA";"Falta de atenção";"Colisão traseira";"Sem Vítimas";"Pleno dia";"Crescente";"Nublado";"Simples";"Reta";"Urbano";2;0;0;0;2;0;0;2
83427552;"06/01/16";"Quarta";"16:30:00";"MT";364;"584";"DIAMANTINO";"Outras";"Saída de Pista";"Sem Vítimas";"Pleno dia";"Decrescente";"Chuva";"Dupla";"Reta";"Rural";1;0;0;0;1;0;0;1
83427554;"02/01/16";"Sábado";"19:30:00";"RJ";40;"2";"COMENDADOR LEVY GASPARIAN";"Falta de atenção";"Colisão com objeto fixo";"Sem Vítimas";"Plena noite";"Crescente";"Chuva";"Dupla";"Curva";"Rural";1;0;0;0;1;0;0;1
83427555;"06/01/16";"Quarta";"15:00:00";"MG";135;"434";"ENGENHEIRO NAVARRO";"Defeito mecânico em veículo";"Queda de motocicleta / bicicleta / veículo";"Com Vítimas Feridas";"Pleno dia";"Crescente";"Ceu Claro";"Simples";"Reta";"Rural";2;0;0;2;0;0;2;1
83427556;"06/01/16";"Quarta";"17:50:00";"MG";381;"492";"BETIM";"Falta de atenção";"Colisão Transversal";"Com Vítimas Feridas";"Pleno dia";"Crescente";"Sol";"Dupla";"Reta";"Urbano";2;0;1;0;1;0;1;2
83427557;"06/01/16";"Quarta";"13:30:00";"GO";364;"308,7";"MINEIROS";"Não guardar distância de segurança";"Colisão traseira";"Sem Vítimas";"Pleno dia";"Crescente";"Nublado";"Simples";"Reta";"Rural";2;0;0;0;2;0;0;2
83427558;"06/01/16";"Quarta";"10:20:00";"BA";135;"172";"BARREIRAS";"Falta de atenção";"Colisão traseira";"Sem Vítimas";"Pleno dia";"Decrescente";"Nublado";"Dupla";"Reta";"Urbano";5;0;0;0;4;1;0;2
83427559;"06/01/16";"Quarta";"10:40:00";"GO";364;"180,2";"JATAI";"Falta de atenção";"Colisão Transversal";"Com Vítimas Feridas";"Pleno dia";"Decrescente";"Chuva";"Simples";"Reta";"Rural";3;0;1;0;2;0;1;2
83427560;"06/01/16";"Quarta";"17:00:00";"MG";135;"495";"JOAQUIM FELICIO";"Não guardar distância de segurança";"Colisão traseira";"Sem Vítimas";"Pleno dia";"Decrescente";"Ceu Claro";"Simples";"Reta";"Rural";4;0;0;0;4;0;0;2
83427561;"06/01/16";"Quarta";"16:20:00";"PA";316;"2";"ANANINDEUA";"Não guardar distância de segurança";"Colisão traseira";"Sem Vítimas";"Pleno dia";"Decrescente";"Ceu Claro";"Dupla";"Reta";"Urbano";2;0;0;0;2;0;0;2
83427563;"06/01/16";"Quarta";"17:40:00";"SC";470;"39";"GASPAR";"Falta de atenção";"Colisão Transversal";"Com Vítimas Feridas";"Pleno dia";"Crescente";"Ceu Claro";"Simples";"Reta";"Rural";2;0;0;1;1;0;1;2
83427565;"06/01/16";"Quarta";"17:15:00";"PB";230;"496";"CAJAZEIRAS";"Defeito mecânico em veículo";"Saída de Pista";"Com Vítimas Feridas";"Pleno dia";"Decrescente";"Chuva";"Simples";"Reta";"Rural";2;0;1;0;1;0;1;1
83427566;"06/01/16";"Quarta";"16:15:00";"TO";153;"179,5";"NOVA OLINDA";"Ultrapassagem indevida";"Colisão lateral";"Sem Vítimas";"Pleno dia";"Crescente";"Chuva";"Simples";"Reta";"Rural";3;0;0;0;3;0;0;3
83427567;"06/01/16";"Quarta";"17:30:00";"SC";101;"110,9";"NAVEGANTES";"Outras";"Colisão traseira";"Com Vítimas Feridas";"Pleno dia";"Crescente";"Sol";"Dupla";"Reta";"Urbano";2;0;1;0;1;0;1;2
83427568;"06/01/16";"Quarta";"19:50:00";"SC";101;"83";"BARRA VELHA";"Falta de atenção";"Colisão lateral";"Sem Vítimas";"Pleno dia";"Decrescente";"Nublado";"Dupla";"Reta";"Urbano";2;0;0;0;2;0;0;2
83427569;"06/01/16";"Quarta";"12:00:00";"RN";101;"176";"CANGUARETAMA";"Defeito mecânico em veículo";"Tombamento";"Sem Vítimas";"Pleno dia";"Decrescente";"Ceu Claro";"Dupla";"Reta";"Rural";1;0;0;0;1;0;0;1
83427570;"06/01/16";"Quarta";"13:25:00";"SC";470;"11,7";"NAVEGANTES";"Ingestão de álcool";"Saída de Pista";"Sem Vítimas";"Pleno dia";"Crescente";"Sol";"Simples";"Reta";"Urbano";1;0;0;0;1;0;0;1
83427571;"06/01/16";"Quarta";"16:00:00";"SP";116;"117";"TAUBATE";"Outras";"Queda de motocicleta / bicicleta / veículo";"Com Vítimas Feridas";"Pleno dia";"Crescente";"Ceu Claro";"Dupla";"Reta";"Rural";2;0;1;0;0;1;1;2
83427573;"06/01/16";"Quarta";"17:50:00";"DF";20;"13,1";"BRASILIA";"Outras";"Colisão Transversal";"Sem Vítimas";"Pleno dia";"Crescente";"Nublado";"Dupla";"Reta";"Rural";2;0;0;0;1;1;0;2
83427574;"06/01/16";"Quarta";"19:48:00";"MG";381;"495,7";"BETIM";"Não guardar distância de segurança";"Colisão traseira";"Com Vítimas Feridas";"Plena noite";"Crescente";"Nublado";"Dupla";"Reta";"Urbano";3;0;2;0;1;0;2;2
83427575;"06/01/16";"Quarta";"15:20:00";"RN";101;"135";"SAO JOSE DE MIPIBU";"Ingestão de álcool";"Colisão traseira";"Com Vítimas Feridas";"Pleno dia";"Decrescente";"Ceu Claro";"Dupla";"Reta";"Rural";3;0;2;0;1;0;2;2
83427576;"06/01/16";"Quarta";"14:20:00";"GO";60;"231,3";"CEZARINA";"Velocidade incompatível";"Colisão com objeto fixo";"Sem Vítimas";"Pleno dia";"Decrescente";"Chuva";"Dupla";"Curva";"Urbano";1;0;0;0;1;0;0;1
83427579;"02/01/16";"Sábado";"17:05:00";"SC";101;"206";"SAO JOSE";"Outras";"Queda de motocicleta / bicicleta / veículo";"Com Vítimas Feridas";"Pleno dia";"Decrescente";"Ceu Claro";"Simples";"Reta";"Urbano";1;0;1;0;0;0;1;1
83427580;"06/01/16";"Quarta";"16:20:00";"PR";376;"504,3";"PONTA GROSSA";"Falta de atenção";"Colisão lateral";"Sem Vítimas";"Pleno dia";"Decrescente";"Sol";"Dupla";"Reta";"Urbano";2;0;0;0;2;0;0;2
83427581;"06/01/16";"Quarta";"19:30:00";"PE";101;"69";"RECIFE";"Falta de atenção";"Colisão com bicicleta";"Com Vítimas Feridas";"Plena noite";"Crescente";"Ceu Claro";"Dupla";"Curva";"Urbano";2;0;0;2;0;0;2;2
83427582;"06/01/16";"Quarta";"17:00:00";"MT";364;"545";"ROSARIO OESTE";"Falta de atenção";"Saída de Pista";"Com Vítimas Feridas";"Pleno dia";"Decrescente";"Chuva";"Simples";"Curva";"Rural";2;0;2;0;0;0;2;1
83427583;"06/01/16";"Quarta";"19:20:00";"RN";405;"2";"MOSSORO";"Não guardar distância de segurança";"Colisão traseira";"Sem Vítimas";"Plena noite";"Decrescente";"Ceu Claro";"Dupla";"Reta";"Urbano";2;0;0;0;1;1;0;2
83427584;"04/01/16";"Segunda";"17:30:00";"BA";242;"634";"MUQUEM DO SAO FRANCISCO";"Outras";"Saída de Pista";"Com Vítimas Feridas";"Pleno dia";"Decrescente";"Ceu Claro";"Simples";"Reta";"Rural";1;0;1;0;0;0;1;1
83427585;"05/01/16";"Terça";"16:40:00";"MS";262;"362,5";"CAMPO GRANDE";"Outras";"Colisão lateral";"Com Vítimas Feridas";"Pleno dia";"Crescente";"Nublado";"Simples";"Reta";"Rural";2;0;0;1;1;0;1;2
83427586;"06/01/16";"Quarta";"21:10:00";"BA";101;"264";"SANTO ANTONIO DE JESUS";"Falta de atenção";"Colisão Transversal";"Sem Vítimas";"Plena noite";"Decrescente";"Ceu Claro";"Simples";"Cruzamento";"Urbano";2;0;0;0;2;0;0;2
83427587;"06/01/16";"Quarta";"12:15:00";"PR";163;"250";"TOLEDO";"Defeito na via";"Queda de motocicleta / bicicleta / veículo";"Com Vítimas Feridas";"Pleno dia";"Crescente";"Chuva";"Dupla";"Curva";"Rural";6;0;0;1;5;0;1;3
83427588;"06/01/16";"Quarta";"11:00:00";"DF";20;"18";"BRASILIA";"Outras";"Colisão traseira";"Com Vítimas Feridas";"Pleno dia";"Crescente";"Chuva";"Dupla";"Reta";"Urbano";4;0;2;0;2;0;2;2
83427589;"06/01/16";"Quarta";"15:30:00";"MT";70;"240";"PRIMAVERA DO LESTE";"Velocidade incompatível";"Saída de Pista";"Com Vítimas Feridas";"Pleno dia";"Decrescente";"Nublado";"Simples";"Curva";"Rural";1;0;1;0;0;0;1;1
83427590;"03/01/16";"Domingo";"07:55:00";"MT";364;"320";"CAMPO VERDE";"Ultrapassagem indevida";"Colisão traseira";"Sem Vítimas";"Amanhecer";"Decrescente";"Nublado";"Simples";"Reta";"Rural";2;0;0;0;2;0;0;2
83427591;"06/01/16";"Quarta";"20:00:00";"BA";324;"612";"SALVADOR";"Outras";"Colisão traseira";"Sem Vítimas";"Plena noite";"Decrescente";"Ceu Claro";"Simples";"Reta";"Urbano";2;0;0;0;2;0;0;2
83427592;"06/01/16";"Quarta";"18:30:00";"MG";116;"529,4";"CARATINGA";"Outras";"Colisão Transversal";"Com Vítimas Feridas";"Anoitecer";"Crescente";"Ceu Claro";"Dupla";"Reta";"Urbano";2;0;0;1;1;0;1;2
83427593;"06/01/16";"Quarta";"23:15:00";"SP";101;"43,1";"UBATUBA";"Não guardar distância de segurança";"Colisão com bicicleta";"Com Vítimas Feridas";"Plena noite";"Crescente";"Ceu Claro";"Dupla";"Reta";"Urbano";2;0;1;0;0;1;1;2
83427594;"06/01/16";"Quarta";"21:00:00";"ES";101;"272";"SERRA";"Falta de atenção";"Colisão com bicicleta";"Com Vítimas Feridas";"Plena noite";"Crescente";"Nublado";"Múltipla";"Cruzamento";"Urbano";2;0;1;0;1;0;1;2
83427595;"06/01/16";"Quarta";"12:40:00";"CE";116;"87";"OCARA";"Dormindo";"Colisão lateral";"Sem Vítimas";"Pleno dia";"Crescente";"Sol";"Simples";"Reta";"Rural";2;0;0;0;2;0;0;2
83427596;"06/01/16";"Quarta";"18:30:00";"MG";116;"530,5";"CARATINGA";"Não guardar distância de segurança";"Colisão traseira";"Com Vítimas Feridas";"Pleno dia";"Crescente";"Sol";"Simples";"Cruzamento";"Rural";3;0;1;0;2;0;1;2
83427597;"06/01/16";"Quarta";"20:15:00";"SC";101;"136,9";"BALNEARIO CAMBORIU";"Desobediência à sinalização";"Colisão lateral";"Com Vítimas Feridas";"Plena noite";"Crescente";"Nublado";"Simples";"Reta";"Urbano";2;0;1;0;1;0;1;2
83427599;"06/01/16";"Quarta";"22:00:00";"SC";280;"22";"ARAQUARI";"Não guardar distância de segurança";"Colisão traseira";"Com Vítimas Feridas";"Plena noite";"Decrescente";"Ceu Claro";"Simples";"Reta";"Rural";3;0;1;0;2;0;1;2
83427601;"06/01/16";"Quarta";"21:00:00";"SC";101;"40";"JOINVILLE";"Outras";"Colisão traseira";"Sem Vítimas";"Plena noite";"Decrescente";"Nublado";"Dupla";"Reta";"Urbano";2;0;0;0;2;0;0;2
83427602;"06/01/16";"Quarta";"20:40:00";"MS";267;"230";"NOVA ALVORADA DO SUL";"Outras";"Tombamento";"Com Vítimas Feridas";"Plena noite";"Crescente";"Nublado";"Simples";"Curva";"Rural";2;0;1;0;1;0;1;1
83427603;"06/01/16";"Quarta";"22:40:00";"PR";487;"189";"CAMPO MOURAO";"Não guardar distância de segurança";"Colisão traseira";"Com Vítimas Feridas";"Plena noite";"Decrescente";"Nublado";"Simples";"Reta";"Urbano";2;0;0;1;1;0;1;2
83427604;"06/01/16";"Quarta";"11:00:00";"DF";20;"18";"BRASILIA";"Outras";"Colisão traseira";"Sem Vítimas";"Pleno dia";"Crescente";"Chuva";"Dupla";"Reta";"Urbano";2;0;0;0;2;0;0;2
83427605;"02/01/16";"Sábado";"13:00:00";"RJ";101;"151";"MACAE";"Outras";"Saída de Pista";"Com Vítimas Feridas";"Pleno dia";"Crescente";"Ceu Claro";"Simples";"Curva";"Rural";5;0;2;2;1;0;4;1
83427606;"06/01/16";"Quarta";"20:40:00";"PR";369;"523";"CASCAVEL";"Outras";"Saída de Pista";"Com Vítimas Feridas";"Plena noite";"Crescente";"Ceu Claro";"Simples";"Reta";"Rural";1;0;1;0;0;0;1;1
83427607;"06/01/16";"Quarta";"11:00:00";"DF";20;"18";"BRASILIA";"Outras";"Colisão traseira";"Sem Vítimas";"Pleno dia";"Crescente";"Chuva";"Dupla";"Reta";"Urbano";2;0;0;0;2;0;0;2