"id";"data_inversa";"dia_semana";"horario";"uf";"br";"km";"municipio";"causa_acidente";"tipo_acidente";"classificacao_acidente";"fase_dia";"sentido_via";"condicao_metereologica";"tipo_pista";"tracado_via";"uso_solo";"pessoas";"mortos";"feridos_leves";"feridos_graves";"ilesos";"ignorados";"feridos";"veiculos"
83427608;"06/01/16";"Quarta";"10:25:00";"PR";373;"173,3";"PONTA GROSSA";"Falta de atenção";"Atropelamento de pessoa";"Com Vítimas Feridas";"Pleno dia";"Crescente";"Ceu Claro";"Dupla";"Curva";"Urbano";2;0;1;0;1;0;1;1
83427609;"06/01/16";"Quarta";"22:00:00";"BA";110;"84";"JEREMOABO";"Falta de atenção";"Capotamento";"Com Vítimas Feridas";"Plena noite";"Decrescente";"Chuva";"Simples";"Reta";"Rural";1;0;1;0;0;0;1;1
83427610;"06/01/16";"Quarta";"20:35:00";"RR";401;"4";"CANTA";"Falta de atenção";"Colisão com bicicleta";"Com Vítimas Fatais";"Plena noite";"Crescente";"Ceu Claro";"Simples";"Reta";"Rural";2;1;0;0;0;1;0;2
83427611;"06/01/16";"Quarta";"19:30:00";"RJ";101;"195";"CASIMIRO DE ABREU";"Outras";"Colisão com objeto fixo";"Sem Vítimas";"Plena noite";"Crescente";"Ceu Claro";"Simples";"Reta";"Rural";1;0;0;0;1;0;0;1
83427612;"06/01/16";"Quarta";"14:35:00";"PR";373;"281,1";"PRUDENTOPOLIS";"Defeito mecânico em veículo";"Incêndio";"Sem Vítimas";"Pleno dia";"Crescente";"Ceu Claro";"Simples";"Reta";"Rural";1;0;0;0;1;0;0;1
83427613;"06/01/16";"Quarta";"23:30:00";"PE";407;"129,9";"PETROLINA";"Ingestão de álcool";"Colisão com objeto fixo";"Com Vítimas Feridas";"Plena noite";"Crescente";"Chuva";"Dupla";"Reta";"Urbano";1;0;1;0;0;0;1;1
83427614;"07/01/16";"Quinta";"00:50:00";"SP";116;"433,5";"REGISTRO";"Animais na Pista";"Atropelamento de animal";"Sem Vítimas";"Plena noite";"Decrescente";"Ceu Claro";"Dupla";"Reta";"Rural";1;0;0;0;1;0;0;1
83427615;"03/01/16";"Domingo";"06:30:00";"PR";369;"192";"ARAPONGAS";"Falta de atenção";"Saída de Pista";"Com Vítimas Feridas";"Amanhecer";"Decrescente";"Ceu Claro";"Dupla";"Reta";"Rural";3;0;1;0;1;1;1;1
83427616;"07/01/16";"Quinta";"00:10:00";"SC";282;"413,4";"VARGEM BONITA";"Falta de atenção";"Colisão frontal";"Com Vítimas Feridas";"Plena noite";"Decrescente";"Nublado";"Simples";"Reta";"Rural";6;0;4;1;1;0;5;2
83427617;"07/01/16";"Quinta";"00:20:00";"RN";406;"168,4";"SAO GONCALO DO AMARANTE";"Desobediência à sinalização";"Colisão lateral";"Com Vítimas Feridas";"Plena noite";"Decrescente";"Ceu Claro";"Dupla";"Curva";"Urbano";2;0;0;1;0;1;1;2
83427618;"06/01/16";"Quarta";"16:20:00";"PR";376;"448";"TIBAGI";"Ultrapassagem indevida";"Saída de Pista";"Com Vítimas Feridas";"Pleno dia";"Decrescente";"Ceu Claro";"Simples";"Curva";"Rural";5;0;5;0;0;0;5;1
83427619;"06/01/16";"Quarta";"12:40:00";"GO";60;"344";"SANTO ANTONIO DA BARRA";"Velocidade incompatível";"Saída de Pista";"Sem Vítimas";"Pleno dia";"Crescente";"Chuva";"Dupla";"Reta";"Urbano";1;0;0;0;1;0;0;1
83427621;"06/01/16";"Quarta";"17:10:00";"SC";282;"2";"FLORIANOPOLIS";"Falta de atenção";"Colisão traseira";"Com Vítimas Feridas";"Pleno dia";"Decrescente";"Sol";"Dupla";"Reta";"Urbano";3;0;1;0;2;0;1;3
83427622;"06/01/16";"Quarta";"23:30:00";"BA";324;"595";"CANDEIAS";"Outras";"Saída de Pista";"Com Vítimas Feridas";"Plena noite";"Crescente";"Ceu Claro";"Simples";"Reta";"Rural";4;0;1;0;3;0;1;1
83427623;"06/01/16";"Quarta";"22:00:00";"BA";101;"24";"RIO REAL";"Outras";"Colisão frontal";"Sem Vítimas";"Plena noite";"Crescente";"Chuva";"Simples";"Curva";"Rural";2;0;0;0;1;1;0;2
83427624;"06/01/16";"Quarta";"20:40:00";"GO";153;"616,2";"MORRINHOS";"Dormindo";"Capotamento";"Com Vítimas Feridas";"Plena noite";"Decrescente";"Nublado";"Dupla";"Reta";"Rural";1;0;0;1;0;0;1;1
83427625;"07/01/16";"Quinta";"02:50:00";"RS";101;"16,2";"DOM PEDRO DE ALCANTARA";"Outras";"Colisão com objeto fixo";"Sem Vítimas";"Plena noite";"Decrescente";"Ceu Claro";"Dupla";"Reta";"Rural";1;0;0;0;1;0;0;1
83427626;"06/01/16";"Quarta";"16:00:00";"RS";290;"680";"URUGUAIANA";"Defeito na via";"Saída de Pista";"Com Vítimas Feridas";"Pleno dia";"Crescente";"Ceu Claro";"Simples";"Reta";"Rural";5;0;1;0;4;0;1;1
83427627;"06/01/16";"Quarta";"22:20:00";"RS";471;"145,5";"SANTA CRUZ DO SUL";"Outras";"Colisão frontal";"Com Vítimas Feridas";"Plena noite";"Crescente";"Chuva";"Simples";"Curva";"Urbano";4;0;0;1;3;0;1;2
83427628;"06/01/16";"Quarta";"15:00:00";"ES";101;"393";"RIO NOVO DO SUL";"Defeito mecânico em veículo";"Incêndio";"Sem Vítimas";"Pleno dia";"Decrescente";"Ceu Claro";"Simples";"Reta";"Urbano";1;0;0;0;1;0;0;1
83427629;"06/01/16";"Quarta";"19:20:00";"PA";316;"0";"BELEM";"Não guardar distância de segurança";"Colisão lateral";"Sem Vítimas";"Plena noite";"Crescente";"Ceu Claro";"Dupla";"Reta";"Urbano";2;0;0;0;2;0;0;2
83427630;"07/01/16";"Quinta";"03:15:00";"RS";116;"153,7";"CAXIAS DO SUL";"Falta de atenção";"Colisão lateral";"Sem Vítimas";"Plena noite";"Crescente";"Nublado";"Simples";"Cruzamento";"Urbano";2;0;0;0;2;0;0;2
83427631;"07/01/16";"Quinta";"03:30:00";"RJ";116;"185,4";"NOVA IGUACU";"Outras";"Queda de motocicleta / bicicleta / veículo";"Com Vítimas Feridas";"Plena noite";"Decrescente";"Nublado";"Dupla";"Reta";"Urbano";1;0;0;1;0;0;1;1
83427633;"06/01/16";"Quarta";"10:30:00";"MS";463;"30,3";"PONTA PORA";"Falta de atenção";"Colisão lateral";"Sem Vítimas";"Pleno dia";"Crescente";"Nublado";"Simples";"Reta";"Rural";2;0;0;0;2;0;0;2
83427634;"02/01/16";"Sábado";"17:00:00";"PR";376;"474,7";"PONTA GROSSA";"Outras";"Saída de Pista";"Sem Vítimas";"Pleno dia";"Decrescente";"Chuva";"Dupla";"Reta";"Rural";1;0;0;0;1;0;0;1
83427636;"07/01/16";"Quinta";"03:00:00";"BA";101;"752,2";"ITABELA";"Velocidade incompatível";"Colisão com objeto fixo";"Com Vítimas Feridas";"Plena noite";"Decrescente";"Ceu Claro";"Simples";"Curva";"Rural";4;0;1;0;3;0;1;1
83427637;"06/01/16";"Quarta";"07:40:00";"GO";60;"189,9";"GUAPO";"Animais na Pista";"Atropelamento de animal";"Sem Vítimas";"Pleno dia";"Crescente";"Nublado";"Dupla";"Reta";"Urbano";1;0;0;0;1;0;0;1
83427638;"06/01/16";"Quarta";"22:15:00";"GO";153;"574";"PROFESSOR JAMIL";"Outras";"Saída de Pista";"Ignorado";"Plena noite";"Crescente";"Chuva";"Dupla";"Reta";"Rural";4;0;0;0;0;4;0;1
83427639;"03/01/16";"Domingo";"02:00:00";"CE";222;"1,8";"FORTALEZA";"Outras";"Colisão com objeto fixo";"Com Vítimas Feridas";"Plena noite";"Decrescente";"Ceu Claro";"Múltipla";"Reta";"Urbano";1;0;1;0;0;0;1;1
83427640;"06/01/16";"Quarta";"10:20:00";"CE";116;"69";"CHOROZINHO";"Falta de atenção";"Queda de motocicleta / bicicleta / veículo";"Com Vítimas Feridas";"Pleno dia";"Decrescente";"Ceu Claro";"Simples";"Reta";"Urbano";2;0;1;1;0;0;2;1
83427641;"06/01/16";"Quarta";"23:45:00";"MG";381;"570,4";"ITAGUARA";"Outras";"Atropelamento de pessoa";"Com Vítimas Feridas";"Plena noite";"Decrescente";"Ceu Claro";"Dupla";"Reta";"Rural";2;0;0;1;0;1;1;1
83427642;"06/01/16";"Quarta";"11:20:00";"GO";60;"201,5";"GUAPO";"Defeito na via";"Tombamento";"Sem Vítimas";"Pleno dia";"Crescente";"Chuva";"Dupla";"Reta";"Rural";1;0;0;0;1;0;0;1
83427644;"06/01/16";"Quarta";"14:00:00";"SC";280;"26";"ARAQUARI";"Outras";"Colisão Transversal";"Sem Vítimas";"Pleno dia";"Crescente";"Nublado";"Simples";"Reta";"Urbano";2;0;0;0;2;0;0;2
83427645;"06/01/16";"Quarta";"08:30:00";"RO";364;"13,8";"VILHENA";"Falta de atenção";"Colisão Transversal";"Com Vítimas Feridas";"Pleno dia";"Crescente";"Chuva";"Dupla";"Reta";"Urbano";2;0;1;0;1;0;1;2
83427646;"03/01/16";"Domingo";"15:30:00";"ES";101;"271,1";"SERRA";"Falta de atenção";"Capotamento";"Sem Vítimas";"Pleno dia";"Decrescente";"Chuva";"Dupla";"Reta";"Rural";1;0;0;0;1;0;0;1
83427648;"07/01/16";"Quinta";"05:30:00";"RJ";40;"109";"DUQUE DE CAXIAS";"Outras";"Tombamento";"Sem Vítimas";"Amanhecer";"Crescente";"Ignorada";"Simples";"Curva";"Urbano";2;0;0;0;2;0;0;2
83427650;"07/01/16";"Quinta";"06:20:00";"RS";116;"246,5";"SAO LEOPOLDO";"Não guardar distância de segurança";"Colisão traseira";"Sem Vítimas";"Amanhecer";"Crescente";"Chuva";"Dupla";"Reta";"Urbano";3;0;0;0;3;0;0;3
83427651;"03/01/16";"Domingo";"19:00:00";"ES";101;"204";"JOAO NEIVA";"Outras";"Colisão traseira";"Com Vítimas Feridas";"Plena noite";"Crescente";"Chuva";"Simples";"Reta";"Urbano";7;0;3;0;4;0;3;4
83427653;"06/01/16";"Quarta";"18:40:00";"PE";423;"144";"IATI";"Outras";"Colisão frontal";"Com Vítimas Fatais";"Plena noite";"Decrescente";"Chuva";"Simples";"Reta";"Urbano";2;1;0;0;1;0;0;2
83427655;"04/01/16";"Segunda";"06:30:00";"MG";135;"562,9";"CORINTO";"Outras";"Saída de Pista";"Com Vítimas Feridas";"Amanhecer";"Crescente";"Chuva";"Simples";"Reta";"Rural";2;0;1;0;1;0;1;1
83427657;"07/01/16";"Quinta";"06:30:00";"SP";116;"388";"MIRACATU";"Falta de atenção";"Saída de Pista";"Sem Vítimas";"Pleno dia";"Decrescente";"Ceu Claro";"Dupla";"Reta";"Urbano";1;0;0;0;1;0;0;1
83427658;"03/01/16";"Domingo";"18:20:00";"ES";101;"401";"ITAPEMIRIM";"Velocidade incompatível";"Colisão Transversal";"Sem Vítimas";"Anoitecer";"Decrescente";"Chuva";"Simples";"Curva";"Rural";2;0;0;0;2;0;0;2
83427660;"07/01/16";"Quinta";"04:20:00";"PE";104;"35,6";"CARUARU";"Outras";"Queda de motocicleta / bicicleta / veículo";"Com Vítimas Fatais";"Plena noite";"Crescente";"Chuva";"Dupla";"Reta";"Rural";4;1;3;0;0;0;3;1
83427661;"06/01/16";"Quarta";"14:00:00";"PE";116;"53";"SALGUEIRO";"Defeito mecânico em veículo";"Saída de Pista";"Com Vítimas Feridas";"Pleno dia";"Decrescente";"Nublado";"Simples";"Reta";"Rural";1;0;1;0;0;0;1;1
83427662;"03/01/16";"Domingo";"16:35:00";"ES";101;"271,9";"SERRA";"Falta de atenção";"Capotamento";"Com Vítimas Feridas";"Pleno dia";"Crescente";"Chuva";"Dupla";"Reta";"Urbano";6;0;6;0;0;0;6;1
83427663;"03/01/16";"Domingo";"16:00:00";"RS";290;"61";"GRAVATAI";"Não guardar distância de segurança";"Colisão traseira";"Sem Vítimas";"Pleno dia";"Crescente";"Sol";"Dupla";"Reta";"Rural";2;0;0;0;2;0;0;2
83427664;"03/01/16";"Domingo";"16:30:00";"MG";381;"373";"SAO GONCALO DO RIO ABAIXO";"Velocidade incompatível";"Colisão frontal";"Com Vítimas Feridas";"Pleno dia";"Crescente";"Chuva";"Simples";"Curva";"Rural";7;0;5;1;1;0;6;2
83427666;"03/01/16";"Domingo";"12:20:00";"MG";40;"601";"OURO PRETO";"Velocidade incompatível";"Colisão Transversal";"Com Vítimas Feridas";"Pleno dia";"Crescente";"Sol";"Simples";"Reta";"Rural";4;0;3;1;0;0;4;2
83427667;"07/01/16";"Quinta";"04:40:00";"MS";163;"419,3";"NOVA ALVORADA DO SUL";"Animais na Pista";"Atropelamento de animal";"Sem Vítimas";"Plena noite";"Decrescente";"Nevoeiro/neblina";"Simples";"Reta";"Rural";1;0;0;0;1;0;0;1
83427668;"03/01/16";"Domingo";"17:00:00";"ES";101;"365,5";"ANCHIETA";"Falta de atenção";"Colisão Transversal";"Sem Vítimas";"Pleno dia";"Decrescente";"Chuva";"Simples";"Curva";"Rural";2;0;0;0;2;0;0;2
83427669;"07/01/16";"Quinta";"07:55:00";"SC";101;"121,5";"ITAJAI";"Falta de atenção";"Queda de motocicleta / bicicleta / veículo";"Com Vítimas Feridas";"Pleno dia";"Crescente";"Nublado";"Simples";"Reta";"Urbano";1;0;1;0;0;0;1;1
83427670;"04/01/16";"Segunda";"20:50:00";"CE";222;"0,6";"FORTALEZA";"Desobediência à sinalização";"Colisão lateral";"Sem Vítimas";"Plena noite";"Crescente";"Ceu Claro";"Dupla";"Reta";"Urbano";2;0;0;0;1;1;0;2
83427671;"04/01/16";"Segunda";"21:10:00";"MT";364;"271";"JACIARA";"Velocidade incompatível";"Saída de Pista";"Sem Vítimas";"Plena noite";"Decrescente";"Chuva";"Dupla";"Curva";"Urbano";3;0;0;0;3;0;0;1
83427672;"03/01/16";"Domingo";"23:00:00";"RS";116;"518,3";"PELOTAS";"Outras";"Saída de Pista";"Com Vítimas Fatais";"Plena noite";"Crescente";"Ceu Claro";"Simples";"Reta";"Urbano";1;1;0;0;0;0;0;1
83427673;"07/01/16";"Quinta";"05:20:00";"PI";343;"76,5";"BURITI DOS LOPES";"Animais na Pista";"Atropelamento de animal";"Sem Vítimas";"Amanhecer";"Crescente";"Ceu Claro";"Simples";"Reta";"Rural";4;0;0;0;4;0;0;1
83427675;"07/01/16";"Quinta";"07:10:00";"MS";463;"62,3";"PONTA PORA";"Falta de atenção";"Saída de Pista";"Com Vítimas Feridas";"Amanhecer";"Decrescente";"Nublado";"Simples";"Reta";"Rural";1;0;1;0;0;0;1;1
83427676;"02/01/16";"Sábado";"19:00:00";"MG";116;"523";"CARATINGA";"Outras";"Colisão traseira";"Com Vítimas Feridas";"Anoitecer";"Crescente";"Ceu Claro";"Simples";"Reta";"Urbano";2;0;1;0;0;1;1;2
83427677;"04/01/16";"Segunda";"06:40:00";"SP";459;"28,5";"LORENA";"Falta de atenção";"Colisão com bicicleta";"Com Vítimas Feridas";"Pleno dia";"Crescente";"Ceu Claro";"Simples";"Reta";"Rural";2;0;1;0;1;0;1;2
83427678;"03/01/16";"Domingo";"08:50:00";"MG";356;"286,4";"PATROCINIO DO MURIAE";"Falta de atenção";"Colisão traseira";"Com Vítimas Feridas";"Pleno dia";"Decrescente";"Nublado";"Simples";"Reta";"Rural";2;0;1;0;1;0;1;2
83427679;"04/01/16";"Segunda";"06:45:00";"PE";232;"130,2";"CARUARU";"Falta de atenção";"Colisão traseira";"Sem Vítimas";"Pleno dia";"Crescente";"Ceu Claro";"Dupla";"Curva";"Urbano";2;0;0;0;2;0;0;2
83427680;"03/01/16";"Domingo";"19:00:00";"MG";116;"565,7";"MANHUACU";"Velocidade incompatível";"Colisão Transversal";"Sem Vítimas";"Plena noite";"Crescente";"Chuva";"Simples";"Curva";"Rural";2;0;0;0;2;0;0;2
83427681;"07/01/16";"Quinta";"08:20:00";"PE";101;"34,1";"IGARASSU";"Outras";"Saída de Pista";"Sem Vítimas";"Pleno dia";"Decrescente";"Nublado";"Múltipla";"Reta";"Rural";1;0;0;0;1;0;0;1
83427682;"03/01/16";"Domingo";"22:30:00";"BA";116;"821";"VITORIA DA CONQUISTA";"Outras";"Colisão lateral";"Sem Vítimas";"Plena noite";"Crescente";"Ceu Claro";"Simples";"Reta";"Urbano";2;0;0;0;2;0;0;2
83427685;"05/01/16";"Terça";"22:35:00";"SC";153;"6,5";"AGUA DOCE";"Falta de atenção";"Saída de Pista";"Sem Vítimas";"Plena noite";"Decrescente";"Ceu Claro";"Simples";"Reta";"Rural";1;0;0;0;1;0;0;1
83427688;"03/01/16";"Domingo";"18:30:00";"MG";40;"659,3";"CARANDAI";"Velocidade incompatível";"Saída de Pista";"Com Vítimas Feridas";"Anoitecer";"Decrescente";"Chuva";"Simples";"Curva";"Rural";2;0;1;0;1;0;1;1
83427689;"05/01/16";"Terça";"16:55:00";"BA";242;"241";"ITABERABA";"Outras";"Saída de Pista";"Com Vítimas Feridas";"Pleno dia";"Decrescente";"Chuva";"Simples";"Curva";"Rural";5;0;2;0;3;0;2;1
83427690;"07/01/16";"Quinta";"08:50:00";"RS";386;"346,3";"LAJEADO";"Falta de atenção";"Colisão traseira";"Com Vítimas Feridas";"Pleno dia";"Crescente";"Chuva";"Dupla";"Curva";"Urbano";2;0;0;1;1;0;1;2
83427691;"07/01/16";"Quinta";"08:15:00";"GO";60;"199,8";"GUAPO";"Outras";"Saída de Pista";"Sem Vítimas";"Pleno dia";"Crescente";"Chuva";"Dupla";"Reta";"Rural";2;0;0;0;2;0;0;1
83427692;"07/01/16";"Quinta";"09:00:00";"SP";153;"60";"SAO JOSE DO RIO PRETO";"Defeito mecânico em veículo";"Queda de motocicleta / bicicleta / veículo";"Com Vítimas Feridas";"Pleno dia";"Decrescente";"Sol";"Dupla";"Reta";"Urbano";1;0;1;0;0;0;1;1
83427693;"04/01/16";"Segunda";"15:30:00";"PR";272;"363,5";"CAMPO MOURAO";"Falta de atenção";"Colisão lateral";"Com Vítimas Feridas";"Pleno dia";"Crescente";"Ceu Claro";"Simples";"Reta";"Urbano";2;0;1;0;1;0;1;2
83427694;"04/01/16";"Segunda";"07:40:00";"MG";262;"549";"LUZ";"Velocidade incompatível";"Colisão com objeto fixo";"Com Vítimas Feridas";"Pleno dia";"Crescente";"Chuva";"Simples";"Curva";"Rural";4;0;2;0;2;0;2;1
83427695;"07/01/16";"Quinta";"09:30:00";"ES";262;"136";"BREJETUBA";"Falta de atenção";"Colisão lateral";"Sem Vítimas";"Pleno dia";"Crescente";"Ceu Claro";"Simples";"Reta";"Rural";2;0;0;0;1;1;0;2
83427696;"03/01/16";"Domingo";"19:50:00";"GO";20;"97,1";"VILA BOA";"Outras";"Saída de Pista";"Com Vítimas Feridas";"Plena noite";"Decrescente";"Ceu Claro";"Simples";"Reta";"Rural";5;0;4;1;0;0;5;1
83427697;"04/01/16";"Segunda";"06:40:00";"MG";40;"613";"CONGONHAS";"Falta de atenção";"Colisão traseira";"Com Vítimas Feridas";"Pleno dia";"Crescente";"Sol";"Simples";"Curva";"Urbano";3;0;1;0;2;0;1;3
83427698;"07/01/16";"Quinta";"08:35:00";"ES";101;"258,6";"SERRA";"Outras";"Queda de motocicleta / bicicleta / veículo";"Com Vítimas Fatais";"Pleno dia";"Crescente";"Ceu Claro";"Dupla";"Reta";"Urbano";2;1;0;0;0;1;0;2
83427699;"07/01/16";"Quinta";"08:50:00";"SC";101;"236";"PALHOCA";"Falta de atenção";"Colisão com objeto fixo";"Sem Vítimas";"Pleno dia";"Decrescente";"Ceu Claro";"Simples";"Cruzamento";"Urbano";1;0;0;0;1;0;0;1
83427700;"06/01/16";"Quarta";"06:00:00";"MS";262;"310,7";"CAMPO GRANDE";"Outras";"Colisão traseira";"Com Vítimas Feridas";"Amanhecer";"Crescente";"Chuva";"Simples";"Reta";"Rural";4;0;1;1;2;0;2;2
83427701;"01/01/16";"Sexta";"09:00:00";"AL";101;"236";"PORTO REAL DO COLEGIO";"Falta de atenção";"Colisão traseira";"Com Vítimas Feridas";"Pleno dia";"Crescente";"Ceu Claro";"Dupla";"Curva";"Rural";6;0;5;0;1;0;5;2
83427702;"04/01/16";"Segunda";"04:05:00";"MG";381;"428,9";"CAETE";"Velocidade incompatível";"Saída de Pista";"Com Vítimas Feridas";"Plena noite";"Crescente";"Chuva";"Dupla";"Curva";"Rural";3;0;3;0;0;0;3;1
83427704;"03/01/16";"Domingo";"15:27:00";"MG";50;"145,5";"UBERABA";"Falta de atenção";"Colisão com objeto fixo";"Com Vítimas Feridas";"Pleno dia";"Decrescente";"Ceu Claro";"Dupla";"Reta";"Rural";1;0;1;0;0;0;1;1
83427705;"05/01/16";"Terça";"22:00:00";"PR";369;"409,1";"MAMBORE";"Outras";"Tombamento";"Com Vítimas Feridas";"Plena noite";"Decrescente";"Nublado";"Simples";"Reta";"Rural";1;0;1;0;0;0;1;1
83427707;"05/01/16";"Terça";"15:00:00";"MG";135;"585,3";"CORINTO";"Defeito mecânico em veículo";"Saída de Pista";"Com Vítimas Feridas";"Pleno dia";"Crescente";"Ceu Claro";"Simples";"Reta";"Rural";4;0;3;1;0;0;4;1
83427708;"05/01/16";"Terça";"17:25:00";"PR";116;"1";"CAMPINA GRANDE DO SUL";"Velocidade incompatível";"Tombamento";"Sem Vítimas";"Pleno dia";"Crescente";"Nublado";"Dupla";"Curva";"Rural";1;0;0;0;1;0;0;1
83427709;"03/01/16";"Domingo";"12:00:00";"RJ";40;"84";"PETROPOLIS";"Falta de atenção";"Colisão lateral";"Sem Vítimas";"Pleno dia";"Crescente";"Chuva";"Simples";"Curva";"Rural";2;0;0;0;2;0;0;2
83427711;"05/01/16";"Terça";"08:00:00";"CE";222;"2,5";"FORTALEZA";"Falta de atenção";"Colisão lateral";"Com Vítimas Feridas";"Pleno dia";"Crescente";"Sol";"Múltipla";"Reta";"Urbano";2;0;1;0;1;0;1;2
83427712;"07/01/16";"Quinta";"09:15:00";"MG";381;"675,7";"PERDOES";"Falta de atenção";"Colisão lateral";"Sem Vítimas";"Pleno dia";"Decrescente";"Ceu Claro";"Dupla";"Reta";"Urbano";2;0;0;0;2;0;0;2
83427713;"07/01/16";"Quinta";"11:05:00";"RS";116;"235";"ESTANCIA VELHA";"Falta de atenção";"Colisão lateral";"Sem Vítimas";"Pleno dia";"Crescente";"Chuva";"Dupla";"Reta";"Urbano";2;0;0;0;2;0;0;2
83427715;"03/01/16";"Domingo";"19:15:00";"RS";290;"105";"ELDORADO DO SUL";"Falta de atenção";"Colisão traseira";"Sem Vítimas";"Pleno dia";"Decrescente";"Nublado";"Dupla";"Reta";"Urbano";4;0;0;0;3;1;0;4
83427717;"07/01/16";"Quinta";"07:40:00";"MS";163;"656,4";"RIO VERDE DE MATO GROSSO";"Velocidade incompatível";"Saída de Pista";"Com Vítimas Feridas";"Amanhecer";"Crescente";"Chuva";"Simples";"Curva";"Rural";3;0;1;0;2;0;1;1
83427718;"07/01/16";"Quinta";"08:00:00";"MG";381;"337,4";"NOVA ERA";"Velocidade incompatível";"Colisão frontal";"Com Vítimas Feridas";"Pleno dia";"Crescente";"Ceu Claro";"Simples";"Curva";"Rural";6;0;3;2;1;0;5;2
83427722;"01/01/16";"Sexta";"19:30:00";"RO";364;"462";"JARU";"Defeito mecânico em veículo";"Derramamento de Carga";"Sem Vítimas";"Plena noite";"Crescente";"Ceu Claro";"Simples";"Reta";"Rural";1;0;0;0;1;0;0;1
83427723;"07/01/16";"Quinta";"11:50:00";"GO";60;"179";"ABADIA DE GOIAS";"Outras";"Capotamento";"Com Vítimas Feridas";"Pleno dia";"Decrescente";"Chuva";"Dupla";"Curva";"Rural";1;0;1;0;0;0;1;1
83427724;"04/01/16";"Segunda";"06:00:00";"MG";381;"934,9";"EXTREMA";"Velocidade incompatível";"Colisão lateral";"Sem Vítimas";"Amanhecer";"Decrescente";"Nublado";"Dupla";"Curva";"Rural";2;0;0;0;1;1;0;2
83427726;"04/01/16";"Segunda";"05:45:00";"MG";381;"364";"SAO GONCALO DO RIO ABAIXO";"Desobediência à sinalização";"Colisão frontal";"Com Vítimas Feridas";"Pleno dia";"Crescente";"Chuva";"Simples";"Curva";"Rural";3;0;1;0;2;0;1;2
83427727;"07/01/16";"Quinta";"08:30:00";"MG";251;"506";"FRANCISCO SA";"Velocidade incompatível";"Saída de Pista";"Com Vítimas Feridas";"Pleno dia";"Crescente";"Chuva";"Simples";"Reta";"Rural";4;0;1;0;3;0;1;1
83427728;"07/01/16";"Quinta";"08:15:00";"MG";251;"505,9";"FRANCISCO SA";"Velocidade incompatível";"Capotamento";"Sem Vítimas";"Pleno dia";"Decrescente";"Chuva";"Simples";"Curva";"Rural";1;0;0;0;1;0;0;1
83427729;"07/01/16";"Quinta";"12:30:00";"SC";101;"116,5";"ITAJAI";"Não guardar distância de segurança";"Colisão lateral";"Com Vítimas Feridas";"Pleno dia";"Crescente";"Nublado";"Simples";"Reta";"Urbano";3;0;1;0;1;1;1;3
83427730;"06/01/16";"Quarta";"14:00:00";"SP";116;"114,7";"TAUBATE";"Falta de atenção";"Colisão traseira";"Sem Vítimas";"Pleno dia";"Crescente";"Sol";"Dupla";"Reta";"Urbano";2;0;0;0;2;0;0;2
83427731;"07/01/16";"Quinta";"10:40:00";"RS";158;"138,3";"CONDOR";"Ultrapassagem indevida";"Colisão traseira";"Com Vítimas Feridas";"Pleno dia";"Decrescente";"Ceu Claro";"Simples";"Reta";"Rural";5;0;1;0;4;0;1;2
83427732;"07/01/16";"Quinta";"08:45:00";"SP";116;"220";"GUARULHOS";"Não guardar distância de segurança";"Colisão lateral";"Sem Vítimas";"Pleno dia";"Crescente";"Sol";"Múltipla";"Reta";"Urbano";3;0;0;0;3;0;0;2
83427733;"07/01/16";"Quinta";"12:10:00";"RJ";101;"295";"ITABORAI";"Outras";"Colisão traseira";"Com Vítimas Feridas";"Pleno dia";"Crescente";"Sol";"Dupla";"Reta";"Urbano";3;0;1;0;2;0;1;2
83427734;"03/01/16";"Domingo";"21:40:00";"MG";262;"523,3";"LUZ";"Desobediência à sinalização";"Colisão Transversal";"Com Vítimas Feridas";"Plena noite";"Decrescente";"Nublado";"Simples";"Cruzamento";"Urbano";3;0;3;0;0;0;3;2
83427735;"07/01/16";"Quinta";"13:00:00";"RS";285;"460";"IJUI";"Não guardar distância de segurança";"Colisão traseira";"Sem Vítimas";"Pleno dia";"Decrescente";"Nublado";"Simples";"Reta";"Urbano";2;0;0;0;2;0;0;2
83427736;"04/01/16";"Segunda";"08:45:00";"BA";116;"536";"ITATIM";"Dormindo";"Capotamento";"Com Vítimas Feridas";"Pleno dia";"Crescente";"Ceu Claro";"Simples";"Reta";"Rural";3;0;3;0;0;0;3;1
83427737;"07/01/16";"Quinta";"09:35:00";"MT";70;"606,7";"POCONE";"Falta de atenção";"Tombamento";"Sem Vítimas";"Pleno dia";"Crescente";"Chuva";"Simples";"Reta";"Rural";1;0;0;0;1;0;0;1
83427738;"07/01/16";"Quinta";"08:50:00";"SC";101;"428";"SOMBRIO";"Defeito mecânico em veículo";"Tombamento";"Com Vítimas Feridas";"Pleno dia";"Decrescente";"Ceu Claro";"Simples";"Reta";"Rural";2;0;2;0;0;0;2;1
83427739;"07/01/16";"Quinta";"10:30:00";"MG";135;"380";"MONTES CLAROS";"Velocidade incompatível";"Saída de Pista";"Com Vítimas Feridas";"Pleno dia";"Decrescente";"Chuva";"Simples";"Reta";"Rural";2;0;1;1;0;0;2;1
83427740;"07/01/16";"Quinta";"13:00:00";"RJ";116;"126";"MAGE";"Outras";"Queda de motocicleta / bicicleta / veículo";"Com Vítimas Feridas";"Pleno dia";"Decrescente";"Ceu Claro";"Dupla";"Reta";"Rural";1;0;0;1;0;0;1;1