"id";"data_inversa";"dia_semana";"horario";"uf";"br";"km";"municipio";"causa_acidente";"tipo_acidente";"classificacao_acidente";"fase_dia";"sentido_via";"condicao_metereologica";"tipo_pista";"tracado_via";"uso_solo";"pessoas";"mortos";"feridos_leves";"feridos_graves";"ilesos";"ignorados";"feridos";"veiculos"
83427741;"03/01/16";"Domingo";"20:30:00";"ES";101;"203";"JOAO NEIVA";"Falta de atenção";"Colisão Transversal";"Com Vítimas Feridas";"Plena noite";"Decrescente";"Chuva";"Simples";"Curva";"Urbano";2;0;1;0;1;0;1;2
83427742;"07/01/16";"Quinta";"13:00:00";"SP";116;"385,2";"MIRACATU";"Falta de atenção";"Incêndio";"Sem Vítimas";"Pleno dia";"Decrescente";"Sol";"Dupla";"Curva";"Rural";1;0;0;0;1;0;0;1
83427743;"07/01/16";"Quinta";"12:20:00";"RS";116;"149,1";"CAXIAS DO SUL";"Falta de atenção";"Colisão lateral";"Sem Vítimas";"Plena noite";"Crescente";"Nevoeiro/neblina";"Dupla";"Reta";"Urbano";2;0;0;0;2;0;0;2
83427744;"07/01/16";"Quinta";"13:00:00";"PR";277;"583";"CASCAVEL";"Outras";"Queda de motocicleta / bicicleta / veículo";"Com Vítimas Feridas";"Pleno dia";"Crescente";"Ceu Claro";"Simples";"Curva";"Urbano";1;0;1;0;0;0;1;1
83427745;"07/01/16";"Quinta";"06:40:00";"ES";101;"305";"VIANA";"Falta de atenção";"Colisão lateral";"Sem Vítimas";"Pleno dia";"Crescente";"Ceu Claro";"Múltipla";"Cruzamento";"Urbano";2;0;0;0;2;0;0;2
83427746;"07/01/16";"Quinta";"07:40:00";"MG";381;"920,5";"CAMANDUCAIA";"Dormindo";"Colisão traseira";"Com Vítimas Feridas";"Pleno dia";"Decrescente";"Ceu Claro";"Dupla";"Reta";"Rural";3;0;3;0;0;0;3;2
83427749;"07/01/16";"Quinta";"13:00:00";"GO";153;"586,4";"PIRACANJUBA";"Outras";"Saída de Pista";"Sem Vítimas";"Pleno dia";"Decrescente";"Chuva";"Dupla";"Reta";"Rural";1;0;0;0;1;0;0;1
83427750;"04/01/16";"Segunda";"01:00:00";"PA";316;"46";"SANTA ISABEL DO PARA";"Ingestão de álcool";"Colisão traseira";"Sem Vítimas";"Plena noite";"Decrescente";"Nublado";"Dupla";"Reta";"Urbano";4;0;0;0;4;0;0;4
83427751;"07/01/16";"Quinta";"12:34:00";"PE";101;"69,4";"RECIFE";"Falta de atenção";"Colisão lateral";"Sem Vítimas";"Pleno dia";"Crescente";"Ceu Claro";"Dupla";"Reta";"Urbano";5;0;0;0;5;0;0;2
83427752;"07/01/16";"Quinta";"12:30:00";"RS";116;"149,2";"CAXIAS DO SUL";"Desobediência à sinalização";"Colisão lateral";"Sem Vítimas";"Pleno dia";"Crescente";"Chuva";"Dupla";"Reta";"Urbano";2;0;0;0;2;0;0;2
83427753;"07/01/16";"Quinta";"08:30:00";"GO";60;"196";"GUAPO";"Outras";"Saída de Pista";"Com Vítimas Feridas";"Pleno dia";"Crescente";"Chuva";"Dupla";"Curva";"Rural";1;0;1;0;0;0;1;1
83427755;"07/01/16";"Quinta";"13:30:00";"GO";153;"177";"CAMPINORTE";"Velocidade incompatível";"Saída de Pista";"Sem Vítimas";"Pleno dia";"Crescente";"Chuva";"Simples";"Reta";"Urbano";1;0;0;0;1;0;0;1
83427756;"07/01/16";"Quinta";"11:30:00";"PI";316;"1";"TERESINA";"Falta de atenção";"Colisão traseira";"Sem Vítimas";"Pleno dia";"Decrescente";"Chuva";"Simples";"Reta";"Urbano";2;0;0;0;2;0;0;2
83427757;"07/01/16";"Quinta";"11:40:00";"CE";222;"2,3";"FORTALEZA";"Não guardar distância de segurança";"Colisão traseira";"Sem Vítimas";"Pleno dia";"Crescente";"Chuva";"Múltipla";"Reta";"Urbano";2;0;0;0;2;0;0;2
83427758;"07/01/16";"Quinta";"13:10:00";"PR";277;"132";"BALSA NOVA";"Falta de atenção";"Colisão lateral";"Sem Vítimas";"Pleno dia";"Crescente";"Nublado";"Dupla";"Reta";"Rural";2;0;0;0;2;0;0;2
83427759;"07/01/16";"Quinta";"10:00:00";"PR";116;"72";"QUATRO BARRAS";"Defeito mecânico em veículo";"Colisão com objeto fixo";"Sem Vítimas";"Pleno dia";"Crescente";"Ceu Claro";"Dupla";"Reta";"Rural";1;0;0;0;1;0;0;1
83427761;"07/01/16";"Quinta";"14:00:00";"PR";116;"119";"CURITIBA";"Falta de atenção";"Colisão lateral";"Com Vítimas Feridas";"Pleno dia";"Decrescente";"Ceu Claro";"Dupla";"Reta";"Urbano";2;0;1;0;1;0;1;2
83427762;"07/01/16";"Quinta";"09:50:00";"MG";365;"670";"MONTE ALEGRE DE MINAS";"Defeito mecânico em veículo";"Tombamento";"Sem Vítimas";"Pleno dia";"Crescente";"Nublado";"Dupla";"Reta";"Rural";1;0;0;0;1;0;0;1
83427763;"07/01/16";"Quinta";"13:00:00";"MG";381;"496,7";"BETIM";"Defeito mecânico em veículo";"Queda de motocicleta / bicicleta / veículo";"Com Vítimas Feridas";"Pleno dia";"Crescente";"Ceu Claro";"Dupla";"Reta";"Urbano";2;0;1;0;1;0;1;1
83427764;"07/01/16";"Quinta";"14:40:00";"GO";153;"699,1";"ITUMBIARA";"Falta de atenção";"Colisão traseira";"Com Vítimas Feridas";"Pleno dia";"Decrescente";"Chuva";"Dupla";"Reta";"Urbano";2;0;0;1;1;0;1;2
83427765;"07/01/16";"Quinta";"13:45:00";"GO";60;"39";"ALEXANIA";"Outras";"Saída de Pista";"Sem Vítimas";"Pleno dia";"Decrescente";"Chuva";"Dupla";"Reta";"Rural";1;0;0;0;1;0;0;1
83427767;"04/01/16";"Segunda";"04:00:00";"SP";116;"228";"GUARULHOS";"Dormindo";"Colisão com objeto fixo";"Sem Vítimas";"Plena noite";"Decrescente";"Ceu Claro";"Múltipla";"Reta";"Urbano";1;0;0;0;1;0;0;1
83427768;"07/01/16";"Quinta";"08:25:00";"DF";70;"13,5";"BRASILIA";"Falta de atenção";"Colisão traseira";"Com Vítimas Feridas";"Pleno dia";"Decrescente";"Nublado";"Dupla";"Reta";"Urbano";4;0;2;0;2;0;2;2
83427770;"07/01/16";"Quinta";"14:00:00";"RS";386;"310,8";"MARQUES DE SOUZA";"Falta de atenção";"Saída de Pista";"Sem Vítimas";"Pleno dia";"Crescente";"Chuva";"Simples";"Reta";"Rural";1;0;0;0;1;0;0;1
83427771;"06/01/16";"Quarta";"01:50:00";"SC";282;"67,5";"RANCHO QUEIMADO";"Velocidade incompatível";"Capotamento";"Sem Vítimas";"Plena noite";"Crescente";"Chuva";"Simples";"Curva";"Rural";1;0;0;0;1;0;0;1
83427772;"07/01/16";"Quinta";"10:50:00";"PR";376;"659,8";"TIJUCAS DO SUL";"Defeito mecânico em veículo";"Saída de Pista";"Sem Vítimas";"Pleno dia";"Crescente";"Nublado";"Dupla";"Reta";"Rural";1;0;0;0;1;0;0;1
83427773;"03/01/16";"Domingo";"18:30:00";"CE";116;"484,3";"MILAGRES";"Outras";"Colisão frontal";"Com Vítimas Feridas";"Plena noite";"Crescente";"Ceu Claro";"Simples";"Reta";"Rural";2;0;1;1;0;0;2;2
83427774;"07/01/16";"Quinta";"07:30:00";"PA";155;"283";"ELDORADO DOS CARAJAS";"Velocidade incompatível";"Saída de Pista";"Sem Vítimas";"Amanhecer";"Decrescente";"Chuva";"Simples";"Curva";"Rural";1;0;0;0;1;0;0;1
83427775;"07/01/16";"Quinta";"13:06:00";"SC";153;"58";"IRANI";"Desobediência à sinalização";"Colisão Transversal";"Sem Vítimas";"Pleno dia";"Crescente";"Nublado";"Simples";"Cruzamento";"Rural";5;0;0;0;4;1;0;2
83427776;"07/01/16";"Quinta";"14:45:00";"MG";40;"256,7";"SAO GONCALO DO ABAETE";"Ultrapassagem indevida";"Colisão Transversal";"Com Vítimas Feridas";"Pleno dia";"Decrescente";"Nublado";"Simples";"Reta";"Rural";2;0;1;0;1;0;1;2
83427778;"07/01/16";"Quinta";"10:25:00";"GO";153;"107,7";"SANTA TEREZA DE GOIAS";"Não guardar distância de segurança";"Colisão traseira";"Com Vítimas Feridas";"Pleno dia";"Decrescente";"Chuva";"Simples";"Reta";"Urbano";3;0;1;0;2;0;1;2
83427779;"07/01/16";"Quinta";"14:50:00";"GO";153;"194";"URUACU";"Falta de atenção";"Colisão traseira";"Sem Vítimas";"Pleno dia";"Crescente";"Chuva";"Simples";"Reta";"Rural";2;0;0;0;2;0;0;2
83427780;"07/01/16";"Quinta";"14:00:00";"RO";364;"201,5";"PIMENTA BUENO";"Outras";"Tombamento";"Com Vítimas Feridas";"Pleno dia";"Crescente";"Chuva";"Simples";"Reta";"Urbano";2;0;2;0;0;0;2;1
83427781;"07/01/16";"Quinta";"15:20:00";"SC";101;"58";"ARAQUARI";"Defeito mecânico em veículo";"Queda de motocicleta / bicicleta / veículo";"Com Vítimas Feridas";"Pleno dia";"Crescente";"Ceu Claro";"Dupla";"Reta";"Rural";1;0;1;0;0;0;1;1
83427782;"07/01/16";"Quinta";"06:40:00";"PB";101;"11,4";"MAMANGUAPE";"Falta de atenção";"Saída de Pista";"Com Vítimas Feridas";"Pleno dia";"Decrescente";"Nublado";"Dupla";"Curva";"Rural";2;0;0;1;1;0;1;1
83427783;"07/01/16";"Quinta";"13:15:00";"GO";153;"170,5";"CAMPINORTE";"Velocidade incompatível";"Saída de Pista";"Sem Vítimas";"Pleno dia";"Crescente";"Chuva";"Simples";"Reta";"Rural";3;0;0;0;3;0;0;1
83427784;"07/01/16";"Quinta";"08:15:00";"RN";101;"168,6";"CANGUARETAMA";"Falta de atenção";"Colisão lateral";"Com Vítimas Feridas";"Pleno dia";"Decrescente";"Nublado";"Dupla";"Reta";"Rural";2;0;1;0;1;0;1;2
83427785;"07/01/16";"Quinta";"14:00:00";"MS";60;"380,1";"CAMPO GRANDE";"Defeito mecânico em veículo";"Saída de Pista";"Sem Vítimas";"Pleno dia";"Decrescente";"Nublado";"Simples";"Reta";"Rural";5;0;0;0;5;0;0;1
83427786;"03/01/16";"Domingo";"10:45:00";"MG";40;"754,9";"SANTOS DUMONT";"Velocidade incompatível";"Saída de Pista";"Sem Vítimas";"Pleno dia";"Crescente";"Ceu Claro";"Dupla";"Curva";"Rural";1;0;0;0;1;0;0;1
83427787;"07/01/16";"Quinta";"17:15:00";"ES";101;"144,8";"LINHARES";"Falta de atenção";"Queda de motocicleta / bicicleta / veículo";"Com Vítimas Feridas";"Pleno dia";"Crescente";"Ceu Claro";"Múltipla";"Reta";"Urbano";1;0;1;0;0;0;1;1
83427788;"07/01/16";"Quinta";"14:00:00";"MG";262;"137";"RIO CASCA";"Não guardar distância de segurança";"Colisão traseira";"Sem Vítimas";"Pleno dia";"Decrescente";"Ceu Claro";"Simples";"Reta";"Rural";3;0;0;0;3;0;0;2
83427790;"07/01/16";"Quinta";"11:10:00";"TO";226;"32";"PALMEIRAS DO TOCANTINS";"Velocidade incompatível";"Saída de Pista";"Sem Vítimas";"Pleno dia";"Crescente";"Chuva";"Simples";"Curva";"Rural";3;0;0;0;3;0;0;1
83427791;"07/01/16";"Quinta";"14:00:00";"SP";116;"545";"BARRA DO TURVO";"Outras";"Colisão com objeto fixo";"Sem Vítimas";"Pleno dia";"Decrescente";"Ceu Claro";"Dupla";"Curva";"Rural";1;0;0;0;1;0;0;1
83427794;"07/01/16";"Quinta";"17:25:00";"RS";285;"292,1";"PASSO FUNDO";"Desobediência à sinalização";"Colisão Transversal";"Sem Vítimas";"Pleno dia";"Crescente";"Sol";"Dupla";"Cruzamento";"Urbano";4;0;0;0;4;0;0;2
83427795;"05/01/16";"Terça";"16:30:00";"RO";364;"423";"JARU";"Outras";"Colisão traseira";"Sem Vítimas";"Pleno dia";"Decrescente";"Ceu Claro";"Simples";"Reta";"Urbano";5;0;0;0;4;1;0;4
83427797;"03/01/16";"Domingo";"18:30:00";"MG";40;"705";"BARBACENA";"Velocidade incompatível";"Saída de Pista";"Com Vítimas Feridas";"Pleno dia";"Crescente";"Chuva";"Dupla";"Curva";"Rural";2;0;2;0;0;0;2;1
83427798;"07/01/16";"Quinta";"05:00:00";"RN";101;"94,6";"NATAL";"Ingestão de álcool";"Colisão com objeto fixo";"Sem Vítimas";"Amanhecer";"Crescente";"Ceu Claro";"Múltipla";"Reta";"Urbano";1;0;0;0;1;0;0;1
83427799;"07/01/16";"Quinta";"17:00:00";"MG";116;"418";"GOVERNADOR VALADARES";"Falta de atenção";"Colisão com bicicleta";"Com Vítimas Feridas";"Pleno dia";"Crescente";"Ceu Claro";"Simples";"Cruzamento";"Urbano";2;0;1;0;1;0;1;2
83427800;"04/01/16";"Segunda";"06:45:00";"RJ";40;"46";"PETROPOLIS";"Falta de atenção";"Saída de Pista";"Com Vítimas Feridas";"Pleno dia";"Decrescente";"Ceu Claro";"Dupla";"Reta";"Rural";4;0;2;0;2;0;2;1
83427801;"07/01/16";"Quinta";"14:00:00";"BA";116;"614,8";"IRAJUBA";"Velocidade incompatível";"Capotamento";"Sem Vítimas";"Pleno dia";"Crescente";"Nublado";"Simples";"Reta";"Rural";3;0;0;0;2;1;0;2
83427802;"07/01/16";"Quinta";"17:00:00";"SC";282;"3,8";"FLORIANOPOLIS";"Não guardar distância de segurança";"Colisão lateral";"Com Vítimas Feridas";"Pleno dia";"Crescente";"Nublado";"Múltipla";"Reta";"Urbano";4;0;2;0;2;0;2;3
83427804;"03/01/16";"Domingo";"22:30:00";"MG";40;"744";"SANTOS DUMONT";"Ingestão de álcool";"Atropelamento de pessoa";"Com Vítimas Feridas";"Plena noite";"Crescente";"Chuva";"Simples";"Reta";"Urbano";2;0;0;1;0;1;1;1
83427805;"07/01/16";"Quinta";"16:30:00";"GO";153;"504,3";"APARECIDA DE GOIANIA";"Defeito mecânico em veículo";"Queda de motocicleta / bicicleta / veículo";"Com Vítimas Feridas";"Pleno dia";"Crescente";"Ceu Claro";"Simples";"Reta";"Urbano";1;0;1;0;0;0;1;1
83427806;"04/01/16";"Segunda";"05:00:00";"ES";262;"85";"DOMINGOS MARTINS";"Desobediência à sinalização";"Colisão frontal";"Com Vítimas Feridas";"Amanhecer";"Crescente";"Chuva";"Simples";"Curva";"Rural";5;0;4;1;0;0;5;2
83427809;"03/01/16";"Domingo";"08:50:00";"RJ";101;"176";"MACAE";"Defeito na via";"Capotamento";"Sem Vítimas";"Pleno dia";"Crescente";"Chuva";"Simples";"Reta";"Rural";1;0;0;0;1;0;0;1
83427810;"07/01/16";"Quinta";"09:50:00";"TO";153;"331";"GUARAI";"Falta de atenção";"Colisão lateral";"Com Vítimas Feridas";"Pleno dia";"Decrescente";"Sol";"Dupla";"Reta";"Urbano";4;0;1;0;3;0;1;2
83427811;"03/01/16";"Domingo";"19:45:00";"ES";101;"264,3";"SERRA";"Não guardar distância de segurança";"Colisão traseira";"Com Vítimas Feridas";"Plena noite";"Crescente";"Chuva";"Dupla";"Cruzamento";"Urbano";6;0;1;0;5;0;1;5
83427812;"04/01/16";"Segunda";"02:00:00";"SC";101;"3";"GARUVA";"Dormindo";"Saída de Pista";"Sem Vítimas";"Plena noite";"Decrescente";"Nublado";"Dupla";"Curva";"Urbano";1;0;0;0;1;0;0;1
83427813;"07/01/16";"Quinta";"17:00:00";"RS";116;"153,7";"CAXIAS DO SUL";"Desobediência à sinalização";"Colisão Transversal";"Sem Vítimas";"Pleno dia";"Decrescente";"Chuva";"Múltipla";"Curva";"Urbano";2;0;0;0;2;0;0;2
83427814;"07/01/16";"Quinta";"10:00:00";"BA";242;"712";"CRISTOPOLIS";"Velocidade incompatível";"Queda de motocicleta / bicicleta / veículo";"Com Vítimas Fatais";"Pleno dia";"Crescente";"Nublado";"Simples";"Reta";"Rural";1;1;0;0;0;0;0;1
83427815;"07/01/16";"Quinta";"18:00:00";"SC";470;"56,5";"BLUMENAU";"Ultrapassagem indevida";"Colisão lateral";"Sem Vítimas";"Pleno dia";"Crescente";"Ceu Claro";"Simples";"Cruzamento";"Urbano";2;0;0;0;2;0;0;2
83427818;"07/01/16";"Quinta";"18:50:00";"RS";386;"390,6";"TRIUNFO";"Falta de atenção";"Colisão traseira";"Com Vítimas Feridas";"Pleno dia";"Crescente";"Chuva";"Simples";"Reta";"Rural";3;0;1;0;2;0;1;2
83427820;"07/01/16";"Quinta";"17:30:00";"PA";316;"11";"ANANINDEUA";"Defeito na via";"Queda de motocicleta / bicicleta / veículo";"Com Vítimas Feridas";"Anoitecer";"Decrescente";"Chuva";"Dupla";"Reta";"Urbano";2;0;2;0;0;0;2;1
83427821;"07/01/16";"Quinta";"18:40:00";"RJ";40;"111";"DUQUE DE CAXIAS";"Falta de atenção";"Colisão lateral";"Sem Vítimas";"Pleno dia";"Crescente";"Ignorada";"Simples";"Reta";"Urbano";2;0;0;0;2;0;0;2
83427822;"07/01/16";"Quinta";"14:45:00";"AL";104;"57,2";"MURICI";"Desobediência à sinalização";"Colisão lateral";"Com Vítimas Feridas";"Pleno dia";"Decrescente";"Ceu Claro";"Simples";"Curva";"Rural";4;0;3;0;0;1;3;2
83427823;"07/01/16";"Quinta";"17:10:00";"RJ";40;"78";"PETROPOLIS";"Velocidade incompatível";"Colisão com objeto fixo";"Sem Vítimas";"Pleno dia";"Decrescente";"Ceu Claro";"Dupla";"Reta";"Urbano";2;0;0;0;2;0;0;2
83427824;"07/01/16";"Quinta";"09:50:00";"MG";381;"439";"SABARA";"Não guardar distância de segurança";"Colisão traseira";"Sem Vítimas";"Pleno dia";"Crescente";"Sol";"Simples";"Curva";"Rural";2;0;0;0;2;0;0;2
83427825;"07/01/16";"Quinta";"16:45:00";"SP";381;"79,7";"SAO PAULO";"Falta de atenção";"Capotamento";"Sem Vítimas";"Pleno dia";"Crescente";"Sol";"Dupla";"Curva";"Urbano";1;0;0;0;1;0;0;1
83427826;"07/01/16";"Quinta";"15:00:00";"MT";364;"198";"RONDONOPOLIS";"Falta de atenção";"Colisão com bicicleta";"Com Vítimas Feridas";"Pleno dia";"Decrescente";"Ceu Claro";"Simples";"Reta";"Urbano";2;0;1;0;1;0;1;2
83427827;"07/01/16";"Quinta";"13:40:00";"PI";343;"184";"PIRIPIRI";"Falta de atenção";"Colisão lateral";"Com Vítimas Feridas";"Pleno dia";"Decrescente";"Nublado";"Simples";"Cruzamento";"Rural";2;0;1;0;1;0;1;2
83427828;"07/01/16";"Quinta";"14:45:00";"MS";163;"670,7";"RIO VERDE DE MATO GROSSO";"Velocidade incompatível";"Saída de Pista";"Sem Vítimas";"Pleno dia";"Decrescente";"Chuva";"Simples";"Reta";"Rural";1;0;0;0;1;0;0;1
83427829;"07/01/16";"Quinta";"15:55:00";"MS";163;"254,8";"DOURADOS";"Falta de atenção";"Tombamento";"Com Vítimas Feridas";"Pleno dia";"Crescente";"Chuva";"Dupla";"Reta";"Urbano";2;0;2;0;0;0;2;1
83427830;"07/01/16";"Quinta";"19:00:00";"SC";101;"215";"PALHOCA";"Falta de atenção";"Colisão traseira";"Com Vítimas Feridas";"Anoitecer";"Decrescente";"Nublado";"Dupla";"Reta";"Urbano";2;0;1;0;1;0;1;2
83427831;"07/01/16";"Quinta";"17:35:00";"SC";470;"7,8";"NAVEGANTES";"Desobediência à sinalização";"Colisão Transversal";"Com Vítimas Feridas";"Pleno dia";"Crescente";"Sol";"Simples";"Reta";"Urbano";2;0;1;0;1;0;1;2
83427832;"07/01/16";"Quinta";"18:55:00";"PR";376;"174,6";"MARINGA";"Não guardar distância de segurança";"Colisão traseira";"Sem Vítimas";"Anoitecer";"Decrescente";"Ceu Claro";"Dupla";"Reta";"Urbano";2;0;0;0;2;0;0;2
83427834;"03/01/16";"Domingo";"01:20:00";"SC";282;"6";"FLORIANOPOLIS";"Outras";"Colisão com objeto fixo";"Ignorado";"Plena noite";"Crescente";"Ceu Claro";"Dupla";"Reta";"Urbano";1;0;0;0;0;1;0;1
83427835;"07/01/16";"Quinta";"17:00:00";"PR";369;"173,3";"ROLANDIA";"Falta de atenção";"Colisão Transversal";"Com Vítimas Feridas";"Pleno dia";"Crescente";"Ceu Claro";"Simples";"Reta";"Urbano";2;0;0;1;1;0;1;2
83427836;"04/01/16";"Segunda";"19:30:00";"PR";487;"250";"IRETAMA";"Outras";"Incêndio";"Sem Vítimas";"Plena noite";"Crescente";"Ceu Claro";"Simples";"Reta";"Rural";1;0;0;0;1;0;0;1
83427838;"07/01/16";"Quinta";"16:30:00";"GO";60;"380";"RIO VERDE";"Defeito mecânico em veículo";"Colisão com objeto fixo";"Com Vítimas Feridas";"Pleno dia";"Decrescente";"Chuva";"Dupla";"Reta";"Urbano";2;0;2;0;0;0;2;1
83427839;"04/01/16";"Segunda";"08:20:00";"PB";230;"137";"CAMPINA GRANDE";"Falta de atenção";"Saída de Pista";"Sem Vítimas";"Pleno dia";"Decrescente";"Sol";"Dupla";"Reta";"Rural";2;0;0;0;1;1;0;2
83427841;"04/01/16";"Segunda";"15:47:00";"PI";343;"343,5";"TERESINA";"Falta de atenção";"Colisão traseira";"Sem Vítimas";"Pleno dia";"Decrescente";"Ceu Claro";"Simples";"Cruzamento";"Urbano";2;0;0;0;2;0;0;2
83427843;"07/01/16";"Quinta";"17:15:00";"DF";40;"4,5";"BRASILIA";"Falta de atenção";"Colisão traseira";"Sem Vítimas";"Pleno dia";"Crescente";"Chuva";"Dupla";"Reta";"Urbano";3;0;0;0;3;0;0;3
83427844;"07/01/16";"Quinta";"09:20:00";"ES";101;"205,3";"JOAO NEIVA";"Falta de atenção";"Colisão com objeto fixo";"Com Vítimas Feridas";"Pleno dia";"Crescente";"Sol";"Simples";"Curva";"Urbano";2;0;1;0;1;0;1;1
83427845;"07/01/16";"Quinta";"11:30:00";"BA";135;"60";"FORMOSA DO RIO PRETO";"Velocidade incompatível";"Capotamento";"Com Vítimas Feridas";"Pleno dia";"Crescente";"Chuva";"Simples";"Curva";"Rural";1;0;1;0;0;0;1;1
83427847;"07/01/16";"Quinta";"17:50:00";"RO";364;"708";"PORTO VELHO";"Falta de atenção";"Queda de motocicleta / bicicleta / veículo";"Com Vítimas Feridas";"Anoitecer";"Crescente";"Ceu Claro";"Dupla";"Reta";"Rural";1;0;1;0;0;0;1;1
83427848;"07/01/16";"Quinta";"16:40:00";"RN";427;"22";"ACARI";"Defeito mecânico em veículo";"Saída de Pista";"Com Vítimas Feridas";"Anoitecer";"Decrescente";"Nublado";"Simples";"Curva";"Rural";1;0;1;0;0;0;1;1
83427849;"03/01/16";"Domingo";"17:27:00";"RO";319;"62";"PORTO VELHO";"Falta de atenção";"Colisão lateral";"Com Vítimas Feridas";"Pleno dia";"Crescente";"Ceu Claro";"Dupla";"Reta";"Urbano";2;0;1;0;1;0;1;2
83427851;"03/01/16";"Domingo";"07:30:00";"MG";267;"154,5";"LIMA DUARTE";"Velocidade incompatível";"Capotamento";"Com Vítimas Feridas";"Pleno dia";"Decrescente";"Nublado";"Simples";"Curva";"Rural";2;0;1;1;0;0;2;1
83427852;"07/01/16";"Quinta";"18:20:00";"GO";153;"497";"GOIANIA";"Outras";"Queda de motocicleta / bicicleta / veículo";"Com Vítimas Feridas";"Pleno dia";"Decrescente";"Nublado";"Dupla";"Reta";"Urbano";1;0;0;1;0;0;1;1
83427853;"07/01/16";"Quinta";"13:30:00";"RS";285;"121,5";"VACARIA";"Falta de atenção";"Colisão traseira";"Sem Vítimas";"Pleno dia";"Crescente";"Nublado";"Simples";"Reta";"Urbano";6;0;0;0;6;0;0;4
83427854;"07/01/16";"Quinta";"16:45:00";"PI";316;"68";"MONSENHOR GIL";"Desobediência à sinalização";"Colisão lateral";"Sem Vítimas";"Pleno dia";"Crescente";"Nublado";"Simples";"Reta";"Rural";3;0;0;0;3;0;0;3
83427856;"03/01/16";"Domingo";"16:00:00";"MG";267;"74";"BICAS";"Velocidade incompatível";"Saída de Pista";"Com Vítimas Feridas";"Pleno dia";"Decrescente";"Chuva";"Simples";"Curva";"Rural";4;0;2;2;0;0;4;1
83427857;"06/01/16";"Quarta";"16:35:00";"PR";277;"374,3";"GUARAPUAVA";"Falta de atenção";"Colisão frontal";"Com Vítimas Feridas";"Pleno dia";"Crescente";"Chuva";"Simples";"Reta";"Rural";7;0;2;2;3;0;4;4
83427858;"07/01/16";"Quinta";"17:15:00";"SP";116;"116";"TAUBATE";"Não guardar distância de segurança";"Colisão traseira";"Com Vítimas Feridas";"Pleno dia";"Decrescente";"Ceu Claro";"Dupla";"Reta";"Urbano";2;0;1;0;0;1;1;2
83427859;"01/01/16";"Sexta";"07:00:00";"SC";101;"304,1";"LAGUNA";"Falta de atenção";"Capotamento";"Com Vítimas Feridas";"Amanhecer";"Crescente";"Ceu Claro";"Dupla";"Reta";"Rural";2;0;0;1;1;0;1;1
83427861;"07/01/16";"Quinta";"21:10:00";"GO";153;"510";"APARECIDA DE GOIANIA";"Outras";"Saída de Pista";"Sem Vítimas";"Plena noite";"Decrescente";"Chuva";"Dupla";"Reta";"Urbano";1;0;0;0;1;0;0;1
83427863;"07/01/16";"Quinta";"19:00:00";"MG";116;"400";"GOVERNADOR VALADARES";"Falta de atenção";"Colisão Transversal";"Com Vítimas Feridas";"Anoitecer";"Decrescente";"Ceu Claro";"Simples";"Curva";"Rural";5;0;5;0;0;0;5;2
83427864;"07/01/16";"Quinta";"13:00:00";"BA";242;"203";"ITABERABA";"Desobediência à sinalização";"Colisão Transversal";"Com Vítimas Feridas";"Pleno dia";"Decrescente";"Ceu Claro";"Simples";"Reta";"Urbano";4;0;3;0;1;0;3;2
83427865;"07/01/16";"Quinta";"18:15:00";"RS";386;"295,9";"POUSO NOVO";"Desobediência à sinalização";"Colisão frontal";"Com Vítimas Fatais";"Plena noite";"Decrescente";"Nublado";"Simples";"Reta";"Rural";4;1;0;0;3;0;0;4
83427866;"07/01/16";"Quinta";"19:10:00";"MT";364;"202";"RONDONOPOLIS";"Defeito mecânico em veículo";"Colisão com objeto fixo";"Sem Vítimas";"Anoitecer";"Decrescente";"Ceu Claro";"Dupla";"Reta";"Urbano";1;0;0;0;1;0;0;1
83427867;"07/01/16";"Quinta";"18:00:00";"MT";364;"453";"VARZEA GRANDE";"Dormindo";"Colisão frontal";"Sem Vítimas";"Anoitecer";"Decrescente";"Nublado";"Simples";"Reta";"Rural";4;0;0;0;4;0;0;2
83427868;"07/01/16";"Quinta";"16:40:00";"SC";282;"87";"ALFREDO WAGNER";"Falta de atenção";"Colisão frontal";"Com Vítimas Feridas";"Pleno dia";"Crescente";"Chuva";"Simples";"Curva";"Rural";3;0;2;0;1;0;2;2
83427869;"07/01/16";"Quinta";"05:30:00";"MT";174;"426";"COMODORO";"Falta de atenção";"Colisão frontal";"Com Vítimas Fatais";"Plena noite";"Crescente";"Ceu Claro";"Simples";"Reta";"Rural";5;1;0;0;4;0;0;2
83427870;"07/01/16";"Quinta";"08:30:00";"CE";116;"491,9";"BREJO SANTO";"Falta de atenção";"Colisão Transversal";"Com Vítimas Fatais";"Pleno dia";"Crescente";"Nublado";"Simples";"Reta";"Rural";2;1;0;0;1;0;0;2
83427871;"07/01/16";"Quinta";"17:20:00";"CE";116;"102";"MORADA NOVA";"Defeito na via";"Saída de Pista";"Sem Vítimas";"Pleno dia";"Decrescente";"Ceu Claro";"Simples";"Reta";"Rural";2;0;0;0;2;0;0;1
83427872;"07/01/16";"Quinta";"15:30:00";"GO";153;"631,4";"MORRINHOS";"Falta de atenção";"Colisão lateral";"Sem Vítimas";"Pleno dia";"Decrescente";"Ceu Claro";"Dupla";"Reta";"Rural";4;0;0;0;4;0;0;2