"id";"data_inversa";"dia_semana";"horario";"uf";"br";"km";"municipio";"causa_acidente";"tipo_acidente";"classificacao_acidente";"fase_dia";"sentido_via";"condicao_metereologica";"tipo_pista";"tracado_via";"uso_solo";"pessoas";"mortos";"feridos_leves";"feridos_graves";"ilesos";"ignorados";"feridos";"veiculos"
83428003;"04/01/16";"Segunda";"15:00:00";"GO";80;"37,8";"PADRE BERNARDO";"Outras";"Colisão Transversal";"Com Vítimas Feridas";"Pleno dia";"Crescente";"Chuva";"Simples";"Reta";"Rural";6;0;3;2;1;0;5;2
83428004;"08/01/16";"Sexta";"10:00:00";"MS";163;"703";"RIO VERDE DE MATO GROSSO";"Não guardar distância de segurança";"Colisão traseira";"Sem Vítimas";"Pleno dia";"Crescente";"Ceu Claro";"Dupla";"Reta";"Rural";3;0;0;0;3;0;0;2
83428006;"08/01/16";"Sexta";"11:20:00";"RS";158;"198,5";"CRUZ ALTA";"Falta de atenção";"Colisão traseira";"Sem Vítimas";"Pleno dia";"Decrescente";"Sol";"Simples";"Reta";"Urbano";2;0;0;0;2;0;0;2
83428007;"05/01/16";"Terça";"10:30:00";"ES";101;"414,5";"ITAPEMIRIM";"Defeito mecânico em veículo";"Colisão lateral";"Sem Vítimas";"Pleno dia";"Crescente";"Sol";"Simples";"Cruzamento";"Rural";2;0;0;0;2;0;0;2
83428008;"08/01/16";"Sexta";"11:00:00";"SC";101;"175";"BIGUACU";"Defeito mecânico em veículo";"Colisão com objeto fixo";"Com Vítimas Feridas";"Pleno dia";"Decrescente";"Ceu Claro";"Dupla";"Curva";"Rural";1;0;1;0;0;0;1;1
83428009;"08/01/16";"Sexta";"12:20:00";"GO";60;"179,1";"ABADIA DE GOIAS";"Velocidade incompatível";"Saída de Pista";"Sem Vítimas";"Pleno dia";"Decrescente";"Chuva";"Dupla";"Curva";"Rural";1;0;0;0;1;0;0;1
83428011;"08/01/16";"Sexta";"11:05:00";"AL";101;"73,8";"MESSIAS";"Defeito mecânico em veículo";"Tombamento";"Sem Vítimas";"Pleno dia";"Crescente";"Ceu Claro";"Simples";"Curva";"Urbano";1;0;0;0;1;0;0;1
83428012;"08/01/16";"Sexta";"09:12:00";"SC";101;"285";"IMBITUBA";"Velocidade incompatível";"Saída de Pista";"Com Vítimas Feridas";"Pleno dia";"Decrescente";"Nublado";"Dupla";"Curva";"Rural";2;0;2;0;0;0;2;1
83428013;"08/01/16";"Sexta";"12:10:00";"RS";470;"160";"NOVA PRATA";"Ultrapassagem indevida";"Colisão lateral";"Sem Vítimas";"Pleno dia";"Crescente";"Sol";"Simples";"Reta";"Urbano";2;0;0;0;2;0;0;2
83428014;"08/01/16";"Sexta";"10:10:00";"MG";40;"523";"CONTAGEM";"Outras";"Danos Eventuais";"Com Vítimas Feridas";"Pleno dia";"Decrescente";"Nublado";"Dupla";"Reta";"Urbano";2;0;1;0;1;0;1;1
83428015;"08/01/16";"Sexta";"08:25:00";"MG";40;"737,7";"SANTOS DUMONT";"Não guardar distância de segurança";"Colisão lateral";"Com Vítimas Feridas";"Pleno dia";"Decrescente";"Nublado";"Simples";"Curva";"Rural";2;0;1;0;1;0;1;2
83428016;"08/01/16";"Sexta";"10:15:00";"PE";101;"10,4";"GOIANA";"Falta de atenção";"Queda de motocicleta / bicicleta / veículo";"Com Vítimas Feridas";"Pleno dia";"Decrescente";"Ceu Claro";"Dupla";"Reta";"Rural";1;0;1;0;0;0;1;1
83428017;"08/01/16";"Sexta";"10:30:00";"MG";354;"772,4";"ITAMONTE";"Velocidade incompatível";"Colisão com objeto fixo";"Sem Vítimas";"Pleno dia";"Decrescente";"Ceu Claro";"Simples";"Curva";"Rural";1;0;0;0;1;0;0;1
83428018;"08/01/16";"Sexta";"08:10:00";"SC";282;"197,8";"LAGES";"Animais na Pista";"Atropelamento de animal";"Sem Vítimas";"Pleno dia";"Decrescente";"Nublado";"Simples";"Curva";"Rural";1;0;0;0;1;0;0;1
83428020;"08/01/16";"Sexta";"11:30:00";"RS";116;"224";"DOIS IRMAOS";"Outras";"Colisão traseira";"Com Vítimas Feridas";"Pleno dia";"Crescente";"Nublado";"Simples";"Cruzamento";"Urbano";2;0;1;0;1;0;1;2
83428022;"08/01/16";"Sexta";"08:45:00";"PI";316;"1,8";"TERESINA";"Falta de atenção";"Colisão lateral";"Sem Vítimas";"Pleno dia";"Decrescente";"Sol";"Múltipla";"Cruzamento";"Urbano";2;0;0;0;2;0;0;2
83428025;"08/01/16";"Sexta";"12:10:00";"RN";304;"45";"MOSSORO";"Outras";"Capotamento";"Sem Vítimas";"Pleno dia";"Decrescente";"Chuva";"Dupla";"Reta";"Urbano";1;0;0;0;1;0;0;1
83428027;"04/01/16";"Segunda";"11:00:00";"MG";381;"370";"SAO GONCALO DO RIO ABAIXO";"Velocidade incompatível";"Saída de Pista";"Sem Vítimas";"Pleno dia";"Crescente";"Chuva";"Simples";"Reta";"Rural";1;0;0;0;1;0;0;1
83428028;"08/01/16";"Sexta";"11:15:00";"PR";277;"34";"MORRETES";"Velocidade incompatível";"Tombamento";"Com Vítimas Feridas";"Pleno dia";"Decrescente";"Ceu Claro";"Dupla";"Curva";"Rural";1;0;1;0;0;0;1;1
83428029;"08/01/16";"Sexta";"08:15:00";"CE";20;"422";"MARACANAU";"Falta de atenção";"Colisão Transversal";"Com Vítimas Feridas";"Pleno dia";"Decrescente";"Ceu Claro";"Simples";"Reta";"Urbano";2;0;2;0;0;0;2;2
83428030;"08/01/16";"Sexta";"14:10:00";"DF";20;"22";"BRASILIA";"Falta de atenção";"Colisão lateral";"Com Vítimas Feridas";"Pleno dia";"Crescente";"Chuva";"Dupla";"Reta";"Rural";2;0;1;0;1;0;1;2
83428031;"08/01/16";"Sexta";"13:20:00";"SC";282;"501";"XANXERE";"Falta de atenção";"Atropelamento de pessoa";"Com Vítimas Feridas";"Pleno dia";"Crescente";"Sol";"Dupla";"Reta";"Urbano";2;0;0;1;1;0;1;1
83428032;"08/01/16";"Sexta";"12:15:00";"BA";407;"1";"JUAZEIRO";"Não guardar distância de segurança";"Colisão traseira";"Sem Vítimas";"Pleno dia";"Decrescente";"Nublado";"Simples";"Reta";"Urbano";3;0;0;0;3;0;0;3
83428033;"08/01/16";"Sexta";"02:30:00";"MA";316;"555";"CAXIAS";"Falta de atenção";"Saída de Pista";"Sem Vítimas";"Plena noite";"Crescente";"Chuva";"Simples";"Curva";"Rural";1;0;0;0;1;0;0;1
83428034;"08/01/16";"Sexta";"09:00:00";"SP";116;"222";"GUARULHOS";"Desobediência à sinalização";"Colisão lateral";"Com Vítimas Feridas";"Pleno dia";"Crescente";"Sol";"Múltipla";"Reta";"Urbano";2;0;1;0;1;0;1;2
83428035;"08/01/16";"Sexta";"13:00:00";"GO";153;"628,7";"MORRINHOS";"Velocidade incompatível";"Saída de Pista";"Com Vítimas Feridas";"Pleno dia";"Crescente";"Chuva";"Dupla";"Curva";"Rural";2;0;1;0;1;0;1;1
83428036;"03/01/16";"Domingo";"12:45:00";"SC";101;"340,5";"TUBARAO";"Falta de atenção";"Colisão traseira";"Sem Vítimas";"Pleno dia";"Decrescente";"Nublado";"Dupla";"Reta";"Urbano";2;0;0;0;2;0;0;2
83428037;"05/01/16";"Terça";"07:30:00";"GO";153;"612,1";"MORRINHOS";"Velocidade incompatível";"Saída de Pista";"Com Vítimas Feridas";"Amanhecer";"Decrescente";"Chuva";"Dupla";"Reta";"Rural";5;0;4;1;0;0;5;1
83428038;"08/01/16";"Sexta";"12:10:00";"SC";282;"589,8";"SAUDADES";"Não guardar distância de segurança";"Colisão traseira";"Sem Vítimas";"Pleno dia";"Crescente";"Sol";"Simples";"Curva";"Rural";2;0;0;0;2;0;0;2
83428039;"08/01/16";"Sexta";"12:45:00";"RN";304;"45";"MOSSORO";"Defeito mecânico em veículo";"Queda de motocicleta / bicicleta / veículo";"Com Vítimas Feridas";"Pleno dia";"Decrescente";"Chuva";"Dupla";"Curva";"Urbano";1;0;1;0;0;0;1;1
83428040;"08/01/16";"Sexta";"13:50:00";"SP";381;"31";"ATIBAIA";"Outras";"Saída de Pista";"Com Vítimas Feridas";"Pleno dia";"Crescente";"Ceu Claro";"Dupla";"Reta";"Rural";1;0;1;0;0;0;1;1
83428041;"08/01/16";"Sexta";"10:40:00";"SC";282;"583";"PINHALZINHO";"Velocidade incompatível";"Colisão frontal";"Com Vítimas Feridas";"Pleno dia";"Crescente";"Ceu Claro";"Simples";"Curva";"Rural";2;0;0;1;1;0;1;2
83428042;"04/01/16";"Segunda";"11:30:00";"MG";116;"651,9";"FERVEDOURO";"Outras";"Incêndio";"Sem Vítimas";"Pleno dia";"Crescente";"Nublado";"Simples";"Reta";"Urbano";1;0;0;0;1;0;0;1
83428044;"04/01/16";"Segunda";"19:15:00";"RN";405;"13,8";"MOSSORO";"Outras";"Colisão traseira";"Com Vítimas Feridas";"Plena noite";"Decrescente";"Ceu Claro";"Simples";"Reta";"Rural";2;0;1;0;1;0;1;2
83428045;"08/01/16";"Sexta";"09:50:00";"MG";381;"745";"TRES CORACOES";"Velocidade incompatível";"Saída de Pista";"Sem Vítimas";"Pleno dia";"Crescente";"Chuva";"Dupla";"Reta";"Rural";1;0;0;0;1;0;0;1
83428046;"08/01/16";"Sexta";"09:30:00";"PR";369;"174";"ROLANDIA";"Desobediência à sinalização";"Colisão Transversal";"Sem Vítimas";"Pleno dia";"Decrescente";"Ceu Claro";"Simples";"Reta";"Urbano";2;0;0;0;2;0;0;2
83428047;"08/01/16";"Sexta";"10:20:00";"RJ";356;"148,2";"CAMPOS DOS GOYTACAZES";"Velocidade incompatível";"Colisão Transversal";"Com Vítimas Feridas";"Pleno dia";"Crescente";"Sol";"Simples";"Reta";"Urbano";2;0;1;0;1;0;1;2
83428048;"08/01/16";"Sexta";"14:00:00";"PR";369;"158,6";"CAMBE";"Falta de atenção";"Colisão traseira";"Com Vítimas Feridas";"Pleno dia";"Crescente";"Ceu Claro";"Dupla";"Reta";"Urbano";2;0;1;0;1;0;1;2
83428050;"08/01/16";"Sexta";"14:20:00";"TO";153;"334";"GUARAI";"Velocidade incompatível";"Saída de Pista";"Sem Vítimas";"Pleno dia";"Crescente";"Chuva";"Simples";"Curva";"Urbano";3;0;0;0;3;0;0;1
83428051;"08/01/16";"Sexta";"11:50:00";"PB";230;"84,2";"CALDAS BRANDAO";"Defeito na via";"Saída de Pista";"Com Vítimas Feridas";"Pleno dia";"Crescente";"Nublado";"Dupla";"Curva";"Rural";1;0;1;0;0;0;1;1
83428053;"08/01/16";"Sexta";"08:30:00";"BA";116;"12,5";"VITORIA DA CONQUISTA";"Desobediência à sinalização";"Colisão lateral";"Sem Vítimas";"Pleno dia";"Crescente";"Chuva";"Simples";"Reta";"Urbano";2;0;0;0;2;0;0;2
83428054;"08/01/16";"Sexta";"09:15:00";"BA";324;"619";"SALVADOR";"Outras";"Colisão traseira";"Com Vítimas Feridas";"Pleno dia";"Crescente";"Ceu Claro";"Dupla";"Reta";"Urbano";4;0;1;0;2;1;1;4
83428055;"08/01/16";"Sexta";"10:50:00";"PA";230;"634";"ALTAMIRA";"Velocidade incompatível";"Saída de Pista";"Sem Vítimas";"Amanhecer";"Crescente";"Nublado";"Simples";"Reta";"Rural";5;0;0;0;5;0;0;1
83428056;"07/01/16";"Quinta";"12:00:00";"GO";20;"141";"FLORES DE GOIAS";"Outras";"Tombamento";"Sem Vítimas";"Pleno dia";"Crescente";"Chuva";"Simples";"Reta";"Urbano";1;0;0;0;1;0;0;1
83428057;"08/01/16";"Sexta";"14:00:00";"MS";163;"536,3";"JARAGUARI";"Falta de atenção";"Colisão Transversal";"Sem Vítimas";"Pleno dia";"Crescente";"Chuva";"Simples";"Reta";"Rural";5;0;0;0;5;0;0;2
83428058;"01/01/16";"Sexta";"18:10:00";"BA";101;"180";"SAO GONCALO DOS CAMPOS";"Outras";"Colisão com objeto fixo";"Com Vítimas Fatais";"Anoitecer";"Crescente";"Ceu Claro";"Simples";"Cruzamento";"Rural";1;1;0;0;0;0;0;1
83428059;"04/01/16";"Segunda";"10:00:00";"MG";381;"368,5";"SAO GONCALO DO RIO ABAIXO";"Velocidade incompatível";"Colisão lateral";"Sem Vítimas";"Amanhecer";"Crescente";"Chuva";"Simples";"Curva";"Rural";2;0;0;0;2;0;0;2
83428060;"08/01/16";"Sexta";"09:00:00";"MT";364;"527";"ROSARIO OESTE";"Dormindo";"Tombamento";"Sem Vítimas";"Pleno dia";"Crescente";"Ceu Claro";"Simples";"Reta";"Rural";1;0;0;0;1;0;0;1
83428061;"08/01/16";"Sexta";"13:50:00";"SC";282;"5,5";"SAO JOSE";"Falta de atenção";"Colisão traseira";"Sem Vítimas";"Pleno dia";"Decrescente";"Ceu Claro";"Dupla";"Reta";"Urbano";4;0;0;0;4;0;0;4
83428062;"06/01/16";"Quarta";"11:00:00";"DF";20;"2,7";"BRASILIA";"Velocidade incompatível";"Colisão lateral";"Com Vítimas Feridas";"Pleno dia";"Crescente";"Chuva";"Dupla";"Reta";"Urbano";2;0;0;1;1;0;1;2
83428064;"07/01/16";"Quinta";"05:15:00";"PE";428;"164,2";"PETROLINA";"Animais na Pista";"Atropelamento de animal";"Sem Vítimas";"Amanhecer";"Decrescente";"Nublado";"Simples";"Reta";"Rural";3;0;0;0;3;0;0;1
83428065;"04/01/16";"Segunda";"15:00:00";"CE";402;"278";"TURURU";"Falta de atenção";"Colisão Transversal";"Com Vítimas Fatais";"Pleno dia";"Decrescente";"Ceu Claro";"Simples";"Reta";"Rural";2;1;0;0;1;0;0;2
83428066;"08/01/16";"Sexta";"12:30:00";"BA";101;"871";"TEIXEIRA DE FREITAS";"Falta de atenção";"Capotamento";"Com Vítimas Feridas";"Pleno dia";"Crescente";"Nublado";"Simples";"Reta";"Rural";4;0;3;0;1;0;3;1
83428068;"08/01/16";"Sexta";"10:30:00";"RS";116;"9,4";"MORRO REUTER";"Falta de atenção";"Colisão Transversal";"Sem Vítimas";"Pleno dia";"Decrescente";"Ceu Claro";"Dupla";"Curva";"Urbano";2;0;0;0;2;0;0;2
83428069;"08/01/16";"Sexta";"03:40:00";"CE";20;"421,3";"FORTALEZA";"Outras";"Saída de Pista";"Sem Vítimas";"Plena noite";"Crescente";"Ceu Claro";"Simples";"Reta";"Urbano";1;0;0;0;1;0;0;1
83428070;"08/01/16";"Sexta";"16:25:00";"SC";101;"38,5";"JOINVILLE";"Falta de atenção";"Capotamento";"Com Vítimas Feridas";"Pleno dia";"Decrescente";"Nublado";"Dupla";"Reta";"Urbano";3;0;2;0;1;0;2;2
83428071;"08/01/16";"Sexta";"16:45:00";"SC";101;"205,8";"SAO JOSE";"Falta de atenção";"Saída de Pista";"Com Vítimas Feridas";"Pleno dia";"Crescente";"Ceu Claro";"Dupla";"Reta";"Urbano";1;0;1;0;0;0;1;1
83428072;"08/01/16";"Sexta";"13:05:00";"CE";20;"417";"MARACANAU";"Outras";"Saída de Pista";"Com Vítimas Feridas";"Pleno dia";"Decrescente";"Ceu Claro";"Dupla";"Reta";"Urbano";2;0;1;0;1;0;1;1
83428073;"08/01/16";"Sexta";"12:05:00";"RS";287;"239,7";"SANTA MARIA";"Falta de atenção";"Colisão Transversal";"Com Vítimas Feridas";"Pleno dia";"Decrescente";"Nublado";"Simples";"Reta";"Urbano";2;0;1;0;1;0;1;2
83428074;"08/01/16";"Sexta";"16:40:00";"BA";407;"0,5";"JUAZEIRO";"Defeito mecânico em veículo";"Colisão traseira";"Sem Vítimas";"Pleno dia";"Crescente";"Nublado";"Simples";"Reta";"Urbano";2;0;0;0;2;0;0;2
83428075;"04/01/16";"Segunda";"17:00:00";"MG";381;"376";"SAO GONCALO DO RIO ABAIXO";"Velocidade incompatível";"Saída de Pista";"Com Vítimas Feridas";"Pleno dia";"Crescente";"Chuva";"Simples";"Curva";"Rural";3;0;2;0;1;0;2;1
83428076;"08/01/16";"Sexta";"14:00:00";"RS";290;"142,3";"ELDORADO DO SUL";"Outras";"Saída de Pista";"Sem Vítimas";"Pleno dia";"Crescente";"Nublado";"Simples";"Cruzamento";"Urbano";1;0;0;0;1;0;0;1
83428077;"08/01/16";"Sexta";"11:15:00";"PB";101;"122,7";"CAAPORA";"Defeito na via";"Colisão com objeto fixo";"Sem Vítimas";"Pleno dia";"Crescente";"Chuva";"Dupla";"Curva";"Rural";1;0;0;0;1;0;0;1
83428078;"08/01/16";"Sexta";"09:50:00";"MG";262;"508,3";"LUZ";"Outras";"Saída de Pista";"Com Vítimas Fatais";"Pleno dia";"Decrescente";"Chuva";"Simples";"Curva";"Rural";1;1;0;0;0;0;0;1
83428079;"08/01/16";"Sexta";"12:40:00";"BA";101;"362";"GANDU";"Falta de atenção";"Colisão traseira";"Sem Vítimas";"Pleno dia";"Crescente";"Ceu Claro";"Simples";"Reta";"Rural";2;0;0;0;2;0;0;2
83428080;"08/01/16";"Sexta";"13:20:00";"MG";116;"811,2";"ALEM PARAIBA";"Outras";"Saída de Pista";"Com Vítimas Feridas";"Pleno dia";"Crescente";"Ceu Claro";"Simples";"Curva";"Rural";2;0;2;0;0;0;2;1
83428081;"08/01/16";"Sexta";"12:10:00";"RO";364;"11";"VILHENA";"Velocidade incompatível";"Colisão com bicicleta";"Com Vítimas Feridas";"Pleno dia";"Crescente";"Sol";"Simples";"Reta";"Urbano";2;0;1;0;1;0;1;2
83428082;"08/01/16";"Sexta";"14:00:00";"MG";381;"937";"EXTREMA";"Velocidade incompatível";"Saída de Pista";"Com Vítimas Feridas";"Pleno dia";"Crescente";"Sol";"Dupla";"Reta";"Rural";2;0;2;0;0;0;2;1
83428083;"08/01/16";"Sexta";"07:35:00";"BA";116;"783,2";"PLANALTO";"Falta de atenção";"Colisão Transversal";"Sem Vítimas";"Pleno dia";"Crescente";"Chuva";"Simples";"Reta";"Rural";2;0;0;0;2;0;0;2
83428084;"08/01/16";"Sexta";"15:15:00";"GO";60;"4,9";"GOIANIA";"Falta de atenção";"Colisão lateral";"Sem Vítimas";"Pleno dia";"Crescente";"Nublado";"Dupla";"Cruzamento";"Urbano";2;0;0;0;2;0;0;2
83428085;"01/01/16";"Sexta";"13:00:00";"PI";316;"278,3";"DOM EXPEDITO LOPES";"Defeito mecânico em veículo";"Queda de motocicleta / bicicleta / veículo";"Com Vítimas Feridas";"Pleno dia";"Decrescente";"Sol";"Simples";"Reta";"Rural";2;0;2;0;0;0;2;1
83428086;"08/01/16";"Sexta";"09:30:00";"PR";369;"186,8";"ARAPONGAS";"Falta de atenção";"Colisão com bicicleta";"Com Vítimas Feridas";"Pleno dia";"Decrescente";"Nublado";"Simples";"Reta";"Urbano";2;0;0;1;1;0;1;2
83428087;"08/01/16";"Sexta";"10:25:00";"RO";364;"236,8";"CACOAL";"Falta de atenção";"Colisão Transversal";"Sem Vítimas";"Pleno dia";"Crescente";"Ceu Claro";"Simples";"Reta";"Urbano";2;0;0;0;2;0;0;2
83428089;"08/01/16";"Sexta";"14:45:00";"RS";101;"5";"MAQUINE";"Ultrapassagem indevida";"Colisão lateral";"Com Vítimas Feridas";"Pleno dia";"Crescente";"Nublado";"Simples";"Reta";"Rural";2;0;0;1;1;0;1;2
83428090;"05/01/16";"Terça";"18:40:00";"BA";324;"592";"CANDEIAS";"Outras";"Saída de Pista";"Sem Vítimas";"Plena noite";"Crescente";"Ignorada";"Dupla";"Reta";"Rural";1;0;0;0;1;0;0;1
83428095;"08/01/16";"Sexta";"16:20:00";"SP";116;"284";"EMBU";"Defeito mecânico em veículo";"Colisão traseira";"Sem Vítimas";"Pleno dia";"Crescente";"Sol";"Dupla";"Reta";"Urbano";3;0;0;0;2;1;0;3
83428096;"08/01/16";"Sexta";"17:00:00";"MG";50;"71";"UBERLANDIA";"Falta de atenção";"Colisão traseira";"Sem Vítimas";"Pleno dia";"Crescente";"Nublado";"Múltipla";"Reta";"Urbano";3;0;0;0;3;0;0;3
83428097;"08/01/16";"Sexta";"12:45:00";"PR";369;"137,1";"IBIPORA";"Não guardar distância de segurança";"Colisão Transversal";"Com Vítimas Feridas";"Pleno dia";"Decrescente";"Sol";"Simples";"Reta";"Urbano";2;0;1;0;1;0;1;2
83428100;"08/01/16";"Sexta";"16:30:00";"MG";40;"619";"CONGONHAS";"Desobediência à sinalização";"Colisão Transversal";"Sem Vítimas";"Pleno dia";"Crescente";"Ceu Claro";"Simples";"Curva";"Rural";4;0;0;0;4;0;0;2
83428101;"08/01/16";"Sexta";"16:00:00";"RS";290;"97";"PORTO ALEGRE";"Falta de atenção";"Colisão traseira";"Com Vítimas Feridas";"Pleno dia";"Crescente";"Ceu Claro";"Dupla";"Reta";"Rural";6;0;2;0;4;0;2;5
83428102;"08/01/16";"Sexta";"13:00:00";"RJ";101;"286";"ITABORAI";"Outras";"Colisão traseira";"Com Vítimas Feridas";"Pleno dia";"Crescente";"Ceu Claro";"Dupla";"Reta";"Urbano";2;0;1;0;1;0;1;2
83428104;"08/01/16";"Sexta";"15:00:00";"RS";116;"248,5";"SAO LEOPOLDO";"Não guardar distância de segurança";"Tombamento";"Com Vítimas Feridas";"Pleno dia";"Decrescente";"Nublado";"Múltipla";"Cruzamento";"Urbano";2;0;1;0;1;0;1;2
83428105;"08/01/16";"Sexta";"17:50:00";"RJ";393;"155,2";"TRES RIOS";"Velocidade incompatível";"Tombamento";"Sem Vítimas";"Pleno dia";"Decrescente";"Sol";"Simples";"Curva";"Rural";1;0;0;0;1;0;0;1
83428107;"08/01/16";"Sexta";"17:10:00";"PE";232;"145";"SAO CAITANO";"Defeito mecânico em veículo";"Colisão traseira";"Sem Vítimas";"Pleno dia";"Crescente";"Ceu Claro";"Dupla";"Reta";"Rural";3;0;0;0;2;1;0;2
83428108;"08/01/16";"Sexta";"13:53:00";"RO";319;"61,8";"PORTO VELHO";"Falta de atenção";"Colisão Transversal";"Com Vítimas Feridas";"Pleno dia";"Crescente";"Ceu Claro";"Dupla";"Cruzamento";"Urbano";3;0;2;0;1;0;2;2
83428109;"08/01/16";"Sexta";"06:15:00";"MS";262;"353";"CAMPO GRANDE";"Não guardar distância de segurança";"Colisão traseira";"Sem Vítimas";"Pleno dia";"Decrescente";"Chuva";"Simples";"Cruzamento";"Urbano";2;0;0;0;2;0;0;2
83428110;"08/01/16";"Sexta";"18:00:00";"RJ";101;"328";"NITEROI";"Outras";"Colisão traseira";"Com Vítimas Feridas";"Anoitecer";"Decrescente";"Sol";"Dupla";"Reta";"Urbano";2;0;1;0;1;0;1;2
83428111;"08/01/16";"Sexta";"17:10:00";"SC";101;"67";"ARAQUARI";"Defeito mecânico em veículo";"Tombamento";"Com Vítimas Feridas";"Pleno dia";"Decrescente";"Nublado";"Dupla";"Reta";"Urbano";2;0;2;0;0;0;2;1
83428113;"08/01/16";"Sexta";"10:30:00";"RS";290;"212";"PANTANO GRANDE";"Não guardar distância de segurança";"Colisão traseira";"Sem Vítimas";"Pleno dia";"Crescente";"Sol";"Simples";"Reta";"Rural";3;0;0;0;3;0;0;3
83428114;"08/01/16";"Sexta";"16:40:00";"GO";153;"504,5";"APARECIDA DE GOIANIA";"Outras";"Colisão com objeto fixo";"Sem Vítimas";"Pleno dia";"Crescente";"Chuva";"Dupla";"Reta";"Urbano";1;0;0;0;1;0;0;1
83428115;"08/01/16";"Sexta";"16:50:00";"GO";60;"130,8";"GOIANAPOLIS";"Velocidade incompatível";"Colisão traseira";"Sem Vítimas";"Pleno dia";"Crescente";"Chuva";"Dupla";"Reta";"Rural";2;0;0;0;2;0;0;2
83428116;"08/01/16";"Sexta";"14:00:00";"CE";222;"165,9";"IRAUCUBA";"Velocidade incompatível";"Saída de Pista";"Sem Vítimas";"Pleno dia";"Crescente";"Chuva";"Simples";"Reta";"Rural";1;0;0;0;1;0;0;1
83428117;"05/01/16";"Terça";"07:00:00";"SC";101;"350,5";"JAGUARUNA";"Outras";"Derramamento de Carga";"Sem Vítimas";"Pleno dia";"Decrescente";"Sol";"Dupla";"Reta";"Rural";2;0;0;0;2;0;0;2
83428118;"05/01/16";"Terça";"10:00:00";"CE";222;"5";"CAUCAIA";"Falta de atenção";"Colisão traseira";"Sem Vítimas";"Pleno dia";"Crescente";"Ceu Claro";"Dupla";"Reta";"Urbano";3;0;0;0;3;0;0;3
83428119;"08/01/16";"Sexta";"11:31:00";"PR";277;"561,5";"CASCAVEL";"Defeito mecânico em veículo";"Queda de motocicleta / bicicleta / veículo";"Com Vítimas Feridas";"Pleno dia";"Crescente";"Ceu Claro";"Simples";"Curva";"Rural";2;0;2;0;0;0;2;1
83428121;"04/01/16";"Segunda";"20:31:00";"RJ";101;"183";"RIO DAS OSTRAS";"Ultrapassagem indevida";"Saída de Pista";"Sem Vítimas";"Plena noite";"Decrescente";"Ceu Claro";"Simples";"Reta";"Rural";3;0;0;0;3;0;0;3
83428122;"08/01/16";"Sexta";"18:10:00";"SC";116;"186,9";"SAO CRISTOVAO DO SUL";"Defeito mecânico em veículo";"Capotamento";"Com Vítimas Feridas";"Pleno dia";"Crescente";"Ceu Claro";"Simples";"Curva";"Rural";2;0;2;0;0;0;2;1
83428123;"08/01/16";"Sexta";"17:00:00";"BA";101;"172";"FEIRA DE SANTANA";"Ultrapassagem indevida";"Derramamento de Carga";"Sem Vítimas";"Pleno dia";"Crescente";"Nublado";"Simples";"Curva";"Urbano";2;0;0;0;2;0;0;2
83428124;"08/01/16";"Sexta";"15:50:00";"RN";304;"42,2";"MOSSORO";"Velocidade incompatível";"Colisão com objeto fixo";"Sem Vítimas";"Pleno dia";"Decrescente";"Chuva";"Dupla";"Reta";"Urbano";1;0;0;0;1;0;0;1
83428125;"08/01/16";"Sexta";"07:30:00";"SE";101;"82";"LARANJEIRAS";"Velocidade incompatível";"Colisão lateral";"Sem Vítimas";"Pleno dia";"Crescente";"Ceu Claro";"Dupla";"Reta";"Rural";3;0;0;0;3;0;0;3
83428126;"08/01/16";"Sexta";"18:30:00";"SP";116;"212";"GUARULHOS";"Falta de atenção";"Colisão com objeto fixo";"Sem Vítimas";"Pleno dia";"Decrescente";"Ceu Claro";"Múltipla";"Reta";"Urbano";1;0;0;0;1;0;0;1
83428127;"08/01/16";"Sexta";"18:30:00";"PR";376;"251,7";"APUCARANA";"Outras";"Saída de Pista";"Com Vítimas Feridas";"Pleno dia";"Crescente";"Ceu Claro";"Simples";"Curva";"Urbano";1;0;1;0;0;0;1;1
83428128;"08/01/16";"Sexta";"14:00:00";"RS";285;"481,1";"CORONEL BARROS";"Dormindo";"Saída de Pista";"Com Vítimas Feridas";"Pleno dia";"Decrescente";"Sol";"Simples";"Reta";"Rural";1;0;1;0;0;0;1;1
83428129;"08/01/16";"Sexta";"18:00:00";"PI";316;"6,3";"TERESINA";"Falta de atenção";"Colisão traseira";"Sem Vítimas";"Pleno dia";"Crescente";"Nublado";"Simples";"Reta";"Urbano";2;0;0;0;2;0;0;2
83428130;"08/01/16";"Sexta";"16:15:00";"MT";364;"452";"VARZEA GRANDE";"Falta de atenção";"Saída de Pista";"Sem Vítimas";"Pleno dia";"Decrescente";"Nublado";"Simples";"Reta";"Rural";1;0;0;0;1;0;0;1
83428132;"08/01/16";"Sexta";"17:00:00";"MT";364;"286";"JACIARA";"Defeito mecânico em veículo";"Colisão traseira";"Sem Vítimas";"Pleno dia";"Decrescente";"Nublado";"Simples";"Reta";"Rural";3;0;0;0;3;0;0;3
83428133;"08/01/16";"Sexta";"14:45:00";"PB";230;"39,4";"SANTA RITA";"Velocidade incompatível";"Saída de Pista";"Com Vítimas Feridas";"Pleno dia";"Decrescente";"Chuva";"Dupla";"Curva";"Rural";1;0;0;1;0;0;1;1
83428134;"08/01/16";"Sexta";"15:30:00";"CE";20;"324";"CARIDADE";"Velocidade incompatível";"Saída de Pista";"Sem Vítimas";"Pleno dia";"Crescente";"Chuva";"Simples";"Curva";"Rural";2;0;0;0;2;0;0;1