"id";"data_inversa";"dia_semana";"horario";"uf";"br";"km";"municipio";"causa_acidente";"tipo_acidente";"classificacao_acidente";"fase_dia";"sentido_via";"condicao_metereologica";"tipo_pista";"tracado_via";"uso_solo";"pessoas";"mortos";"feridos_leves";"feridos_graves";"ilesos";"ignorados";"feridos";"veiculos"
83428135;"08/01/16";"Sexta";"19:30:00";"SC";101;"188,6";"BIGUACU";"Falta de atenção";"Queda de motocicleta / bicicleta / veículo";"Com Vítimas Feridas";"Anoitecer";"Crescente";"Ceu Claro";"Dupla";"Reta";"Urbano";2;0;2;0;0;0;2;1
83428136;"08/01/16";"Sexta";"17:20:00";"RS";116;"49,9";"VACARIA";"Outras";"Saída de Pista";"Com Vítimas Feridas";"Pleno dia";"Decrescente";"Chuva";"Simples";"Curva";"Rural";2;0;1;0;1;0;1;1
83428137;"08/01/16";"Sexta";"15:20:00";"MG";381;"631,8";"OLIVEIRA";"Velocidade incompatível";"Capotamento";"Sem Vítimas";"Pleno dia";"Crescente";"Chuva";"Dupla";"Curva";"Rural";1;0;0;0;1;0;0;1
83428139;"08/01/16";"Sexta";"08:20:00";"PR";116;"99";"SAO JOSE DOS PINHAIS";"Outras";"Saída de Pista";"Sem Vítimas";"Pleno dia";"Decrescente";"Nublado";"Dupla";"Reta";"Rural";2;0;0;0;1;1;0;2
83428140;"08/01/16";"Sexta";"14:30:00";"PI";402;"98,2";"LUIS CORREIA";"Falta de atenção";"Colisão lateral";"Sem Vítimas";"Pleno dia";"Decrescente";"Nublado";"Simples";"Reta";"Rural";2;0;0;0;2;0;0;2
83428141;"08/01/16";"Sexta";"08:00:00";"BA";101;"535,9";"SAO JOSE DA VITORIA";"Defeito mecânico em veículo";"Saída de Pista";"Sem Vítimas";"Pleno dia";"Decrescente";"Chuva";"Simples";"Curva";"Rural";1;0;0;0;1;0;0;1
83428142;"04/01/16";"Segunda";"10:30:00";"PR";163;"134";"CAPITAO LEONIDAS MARQUES";"Outras";"Colisão lateral";"Com Vítimas Feridas";"Pleno dia";"Crescente";"Ceu Claro";"Simples";"Curva";"Rural";4;0;3;0;1;0;3;2
83428143;"08/01/16";"Sexta";"17:00:00";"SP";116;"82,8";"ROSEIRA";"Falta de atenção";"Colisão com bicicleta";"Com Vítimas Feridas";"Pleno dia";"Decrescente";"Sol";"Dupla";"Reta";"Urbano";2;0;1;0;1;0;1;2
83428144;"08/01/16";"Sexta";"13:35:00";"ES";101;"291";"CARIACICA";"Desobediência à sinalização";"Colisão com objeto fixo";"Com Vítimas Feridas";"Pleno dia";"Crescente";"Sol";"Múltipla";"Cruzamento";"Urbano";3;0;2;0;1;0;2;1
83428145;"08/01/16";"Sexta";"19:50:00";"RS";470;"225";"GARIBALDI";"Falta de atenção";"Colisão lateral";"Sem Vítimas";"Anoitecer";"Decrescente";"Nublado";"Simples";"Cruzamento";"Urbano";5;0;0;0;5;0;0;3
83428146;"08/01/16";"Sexta";"07:25:00";"PR";163;"142";"CAPITAO LEONIDAS MARQUES";"Velocidade incompatível";"Tombamento";"Com Vítimas Feridas";"Pleno dia";"Decrescente";"Ceu Claro";"Simples";"Curva";"Rural";1;0;1;0;0;0;1;1
83428147;"08/01/16";"Sexta";"16:45:00";"MS";60;"574,7";"GUIA LOPES DA LAGUNA";"Defeito na via";"Colisão frontal";"Com Vítimas Fatais";"Pleno dia";"Decrescente";"Ceu Claro";"Simples";"Reta";"Rural";4;1;1;2;0;0;3;2
83428150;"08/01/16";"Sexta";"18:00:00";"GO";40;"95";"CRISTALINA";"Falta de atenção";"Colisão traseira";"Com Vítimas Feridas";"Pleno dia";"Crescente";"Chuva";"Simples";"Reta";"Urbano";3;0;0;1;2;0;1;3
83428151;"08/01/16";"Sexta";"12:10:00";"CE";304;"48,2";"ARACATI";"Falta de atenção";"Colisão com bicicleta";"Com Vítimas Fatais";"Pleno dia";"Decrescente";"Chuva";"Simples";"Reta";"Urbano";2;1;0;0;1;0;0;2
83428152;"08/01/16";"Sexta";"19:45:00";"RJ";116;"114";"GUAPIMIRIM";"Outras";"Queda de motocicleta / bicicleta / veículo";"Com Vítimas Feridas";"Plena noite";"Crescente";"Ceu Claro";"Simples";"Reta";"Urbano";1;0;1;0;0;0;1;1
83428153;"08/01/16";"Sexta";"10:45:00";"RS";116;"264,5";"CANOAS";"Outras";"Colisão com objeto fixo";"Sem Vítimas";"Pleno dia";"Decrescente";"Nublado";"Dupla";"Reta";"Urbano";1;0;0;0;1;0;0;1
83428154;"08/01/16";"Sexta";"16:00:00";"PR";153;"350,5";"REBOUCAS";"Falta de atenção";"Colisão traseira";"Com Vítimas Feridas";"Pleno dia";"Decrescente";"Ceu Claro";"Simples";"Reta";"Rural";2;0;1;0;1;0;1;2
83428156;"08/01/16";"Sexta";"17:30:00";"SP";116;"412,4";"JUQUIA";"Falta de atenção";"Colisão traseira";"Com Vítimas Fatais";"Pleno dia";"Decrescente";"Ceu Claro";"Dupla";"Reta";"Rural";2;1;0;0;1;0;0;2
83428157;"04/01/16";"Segunda";"14:00:00";"RJ";40;"90";"PETROPOLIS";"Outras";"Colisão traseira";"Sem Vítimas";"Pleno dia";"Decrescente";"Sol";"Simples";"Reta";"Rural";2;0;0;0;2;0;0;2
83428158;"08/01/16";"Sexta";"16:15:00";"RO";364;"343,5";"JI-PARANA";"Falta de atenção";"Colisão lateral";"Sem Vítimas";"Pleno dia";"Decrescente";"Ceu Claro";"Múltipla";"Reta";"Urbano";3;0;0;0;1;2;0;2
83428159;"08/01/16";"Sexta";"12:20:00";"SP";116;"75,3";"APARECIDA";"Outras";"Incêndio";"Sem Vítimas";"Pleno dia";"Decrescente";"Ceu Claro";"Dupla";"Reta";"Rural";1;0;0;0;1;0;0;1
83428160;"08/01/16";"Sexta";"16:30:00";"PE";101;"80,5";"RECIFE";"Falta de atenção";"Colisão lateral";"Com Vítimas Feridas";"Pleno dia";"Decrescente";"Nublado";"Dupla";"Reta";"Urbano";2;0;1;0;1;0;1;2
83428161;"08/01/16";"Sexta";"19:16:00";"RN";406;"169,5";"SAO GONCALO DO AMARANTE";"Falta de atenção";"Colisão traseira";"Sem Vítimas";"Plena noite";"Decrescente";"Ceu Claro";"Dupla";"Reta";"Urbano";2;0;0;0;2;0;0;2
83428162;"07/01/16";"Quinta";"13:40:00";"SP";116;"57,7";"GUARATINGUETA";"Outras";"Colisão com objeto fixo";"Sem Vítimas";"Pleno dia";"Decrescente";"Sol";"Dupla";"Reta";"Rural";1;0;0;0;1;0;0;1
83428163;"08/01/16";"Sexta";"17:00:00";"RS";293;"76,7";"PIRATINI";"Falta de atenção";"Saída de Pista";"Com Vítimas Feridas";"Pleno dia";"Crescente";"Sol";"Simples";"Curva";"Rural";1;0;1;0;0;0;1;1
83428165;"08/01/16";"Sexta";"09:10:00";"CE";116;"482,3";"MILAGRES";"Falta de atenção";"Colisão Transversal";"Com Vítimas Feridas";"Pleno dia";"Crescente";"Nublado";"Simples";"Reta";"Urbano";3;0;2;0;0;1;2;2
83428166;"04/01/16";"Segunda";"08:20:00";"MG";262;"426,3";"CONCEICAO DO PARA";"Dormindo";"Saída de Pista";"Com Vítimas Feridas";"Pleno dia";"Decrescente";"Sol";"Dupla";"Reta";"Rural";1;0;1;0;0;0;1;1
83428167;"08/01/16";"Sexta";"18:40:00";"SC";282;"89,4";"ALFREDO WAGNER";"Falta de atenção";"Saída de Pista";"Com Vítimas Feridas";"Pleno dia";"Decrescente";"Ceu Claro";"Simples";"Curva";"Rural";2;0;0;2;0;0;2;1
83428169;"08/01/16";"Sexta";"21:50:00";"SC";101;"203";"SAO JOSE";"Falta de atenção";"Colisão traseira";"Com Vítimas Feridas";"Plena noite";"Crescente";"Ceu Claro";"Dupla";"Reta";"Urbano";2;0;1;0;1;0;1;2
83428170;"08/01/16";"Sexta";"18:00:00";"SC";116;"108";"MONTE CASTELO";"Defeito mecânico em veículo";"Saída de Pista";"Sem Vítimas";"Pleno dia";"Decrescente";"Nublado";"Simples";"Curva";"Rural";1;0;0;0;1;0;0;1
83428171;"08/01/16";"Sexta";"17:30:00";"AL";104;"85";"RIO LARGO";"Outras";"Queda de motocicleta / bicicleta / veículo";"Com Vítimas Feridas";"Anoitecer";"Decrescente";"Ceu Claro";"Dupla";"Reta";"Rural";1;0;0;1;0;0;1;1
83428172;"08/01/16";"Sexta";"09:45:00";"SC";282;"84,4";"ALFREDO WAGNER";"Outras";"Capotamento";"Com Vítimas Feridas";"Pleno dia";"Decrescente";"Nublado";"Simples";"Reta";"Rural";4;0;3;1;0;0;4;1
83428173;"08/01/16";"Sexta";"21:15:00";"SC";470;"6";"NAVEGANTES";"Desobediência à sinalização";"Colisão Transversal";"Com Vítimas Feridas";"Plena noite";"Crescente";"Ceu Claro";"Simples";"Reta";"Urbano";2;0;0;1;1;0;1;2
83428176;"08/01/16";"Sexta";"16:10:00";"MG";262;"44,7";"MANHUACU";"Velocidade incompatível";"Capotamento";"Sem Vítimas";"Pleno dia";"Decrescente";"Ceu Claro";"Simples";"Curva";"Rural";1;0;0;0;1;0;0;1
83428177;"08/01/16";"Sexta";"05:30:00";"MG";135;"403,8";"BOCAIUVA";"Velocidade incompatível";"Capotamento";"Com Vítimas Feridas";"Amanhecer";"Crescente";"Chuva";"Simples";"Curva";"Rural";1;0;1;0;0;0;1;1
83428178;"08/01/16";"Sexta";"14:30:00";"MT";364;"271,5";"JACIARA";"Velocidade incompatível";"Tombamento";"Com Vítimas Feridas";"Pleno dia";"Decrescente";"Nublado";"Dupla";"Curva";"Urbano";2;0;2;0;0;0;2;1
83428179;"08/01/16";"Sexta";"16:00:00";"MS";163;"714,5";"RIO VERDE DE MATO GROSSO";"Defeito mecânico em veículo";"Colisão com objeto fixo";"Sem Vítimas";"Pleno dia";"Crescente";"Nublado";"Simples";"Reta";"Rural";1;0;0;0;1;0;0;1
83428180;"08/01/16";"Sexta";"18:45:00";"MG";40;"643,3";"CONSELHEIRO LAFAIETE";"Falta de atenção";"Colisão frontal";"Com Vítimas Feridas";"Anoitecer";"Crescente";"Nublado";"Simples";"Curva";"Rural";4;0;3;1;0;0;4;2
83428181;"08/01/16";"Sexta";"19:30:00";"MS";163;"648";"SAO GABRIEL DO OESTE";"Velocidade incompatível";"Saída de Pista";"Com Vítimas Feridas";"Plena noite";"Crescente";"Chuva";"Simples";"Reta";"Rural";5;0;3;0;2;0;3;1
83428182;"03/01/16";"Domingo";"19:35:00";"AL";101;"134";"SAO MIGUEL DOS CAMPOS";"Falta de atenção";"Queda de motocicleta / bicicleta / veículo";"Com Vítimas Feridas";"Plena noite";"Decrescente";"Ceu Claro";"Simples";"Curva";"Rural";1;0;0;1;0;0;1;1
83428183;"08/01/16";"Sexta";"19:55:00";"PR";376;"10";"MARINGA";"Defeito mecânico em veículo";"Queda de motocicleta / bicicleta / veículo";"Com Vítimas Feridas";"Anoitecer";"Crescente";"Ceu Claro";"Dupla";"Reta";"Rural";1;0;1;0;0;0;1;1
83428184;"08/01/16";"Sexta";"17:45:00";"PB";230;"16,9";"JOAO PESSOA";"Falta de atenção";"Colisão traseira";"Com Vítimas Feridas";"Anoitecer";"Decrescente";"Nublado";"Dupla";"Reta";"Urbano";4;0;3;0;1;0;3;3
83428185;"08/01/16";"Sexta";"17:55:00";"MS";163;"31,2";"MUNDO NOVO";"Ultrapassagem indevida";"Colisão frontal";"Com Vítimas Fatais";"Pleno dia";"Decrescente";"Nublado";"Simples";"Reta";"Rural";2;1;1;0;0;0;1;2
83428186;"08/01/16";"Sexta";"19:00:00";"DF";80;"11";"BRASILIA";"Defeito na via";"Colisão Transversal";"Com Vítimas Fatais";"Anoitecer";"Crescente";"Chuva";"Simples";"Reta";"Rural";3;1;2;0;0;0;2;2
83428187;"08/01/16";"Sexta";"21:55:00";"PE";424;"87";"GARANHUNS";"Ingestão de álcool";"Saída de Pista";"Com Vítimas Feridas";"Plena noite";"Decrescente";"Ceu Claro";"Simples";"Curva";"Urbano";2;0;1;0;1;0;1;1
83428188;"08/01/16";"Sexta";"21:45:00";"SP";116;"222";"GUARULHOS";"Defeito mecânico em veículo";"Colisão com objeto fixo";"Sem Vítimas";"Plena noite";"Decrescente";"Ceu Claro";"Múltipla";"Reta";"Urbano";1;0;0;0;1;0;0;1
83428189;"08/01/16";"Sexta";"22:00:00";"RN";304;"301";"MACAIBA";"Outras";"Colisão lateral";"Com Vítimas Feridas";"Plena noite";"Crescente";"Ceu Claro";"Múltipla";"Reta";"Rural";3;0;0;2;1;0;2;2
83428190;"08/01/16";"Sexta";"13:40:00";"SE";235;"83,9";"FREI PAULO";"Defeito mecânico em veículo";"Saída de Pista";"Com Vítimas Feridas";"Pleno dia";"Crescente";"Ceu Claro";"Simples";"Reta";"Rural";4;0;4;0;0;0;4;1
83428191;"08/01/16";"Sexta";"22:30:00";"MG";116;"419";"GOVERNADOR VALADARES";"Falta de atenção";"Colisão traseira";"Sem Vítimas";"Plena noite";"Decrescente";"Chuva";"Simples";"Reta";"Urbano";2;0;0;0;1;1;0;2
83428192;"08/01/16";"Sexta";"14:30:00";"MG";135;"472";"JOAQUIM FELICIO";"Velocidade incompatível";"Tombamento";"Com Vítimas Feridas";"Pleno dia";"Decrescente";"Nublado";"Simples";"Reta";"Rural";1;0;1;0;0;0;1;1
83428193;"08/01/16";"Sexta";"22:45:00";"SC";101;"137,8";"BALNEARIO CAMBORIU";"Ingestão de álcool";"Colisão frontal";"Com Vítimas Feridas";"Plena noite";"Crescente";"Nublado";"Simples";"Reta";"Urbano";2;0;0;1;1;0;1;2
83428194;"08/01/16";"Sexta";"12:30:00";"MG";262;"587";"CAMPOS ALTOS";"Velocidade incompatível";"Saída de Pista";"Com Vítimas Feridas";"Pleno dia";"Decrescente";"Chuva";"Simples";"Curva";"Rural";5;0;1;0;4;0;1;1
83428195;"08/01/16";"Sexta";"18:00:00";"MA";10;"239,8";"IMPERATRIZ";"Defeito mecânico em veículo";"Colisão traseira";"Com Vítimas Feridas";"Anoitecer";"Decrescente";"Nublado";"Simples";"Reta";"Rural";4;0;3;0;1;0;3;4
83428197;"04/01/16";"Segunda";"20:50:00";"MG";40;"446";"PARAOPEBA";"Outras";"Atropelamento de pessoa";"Com Vítimas Fatais";"Plena noite";"Decrescente";"Ceu Claro";"Dupla";"Reta";"Rural";2;1;0;0;1;0;0;1
83428198;"08/01/16";"Sexta";"18:20:00";"SC";280;"305,2";"PORTO UNIAO";"Não guardar distância de segurança";"Colisão lateral";"Com Vítimas Feridas";"Pleno dia";"Crescente";"Ceu Claro";"Simples";"Reta";"Urbano";3;0;0;1;2;0;1;3
83428199;"08/01/16";"Sexta";"19:30:00";"MG";365;"371,9";"PATOS DE MINAS";"Falta de atenção";"Saída de Pista";"Sem Vítimas";"Plena noite";"Decrescente";"Chuva";"Simples";"Curva";"Rural";2;0;0;0;2;0;0;1
83428200;"08/01/16";"Sexta";"14:20:00";"RO";364;"132,5";"PIMENTA BUENO";"Defeito mecânico em veículo";"Tombamento";"Com Vítimas Feridas";"Pleno dia";"Crescente";"Sol";"Simples";"Curva";"Rural";1;0;1;0;0;0;1;1
83428201;"09/01/16";"Sábado";"00:15:00";"SC";470;"53";"BLUMENAU";"Não guardar distância de segurança";"Queda de motocicleta / bicicleta / veículo";"Com Vítimas Feridas";"Plena noite";"Crescente";"Nublado";"Simples";"Reta";"Urbano";2;0;1;0;0;1;1;2
83428202;"08/01/16";"Sexta";"19:00:00";"RO";364;"16";"VILHENA";"Desobediência à sinalização";"Colisão lateral";"Com Vítimas Feridas";"Anoitecer";"Decrescente";"Ceu Claro";"Simples";"Reta";"Urbano";3;0;2;0;1;0;2;2
83428203;"08/01/16";"Sexta";"20:00:00";"GO";60;"162";"GOIANIA";"Não guardar distância de segurança";"Colisão traseira";"Sem Vítimas";"Plena noite";"Crescente";"Chuva";"Dupla";"Reta";"Urbano";2;0;0;0;2;0;0;2
83428204;"06/01/16";"Quarta";"19:20:00";"PI";135;"352,2";"BOM JESUS";"Ultrapassagem indevida";"Colisão Transversal";"Sem Vítimas";"Plena noite";"Crescente";"Chuva";"Simples";"Curva";"Urbano";4;0;0;0;4;0;0;3
83428205;"08/01/16";"Sexta";"19:50:00";"MG";40;"505,8";"RIBEIRAO DAS NEVES";"Outras";"Saída de Pista";"Com Vítimas Feridas";"Plena noite";"Crescente";"Chuva";"Dupla";"Reta";"Urbano";2;0;1;1;0;0;2;1
83428206;"04/01/16";"Segunda";"15:30:00";"MA";316;"256";"SANTA INES";"Falta de atenção";"Colisão Transversal";"Com Vítimas Feridas";"Pleno dia";"Decrescente";"Ceu Claro";"Simples";"Reta";"Urbano";3;0;1;0;2;0;1;2
83428207;"08/01/16";"Sexta";"22:30:00";"MA";10;"130";"ESTREITO";"Desobediência à sinalização";"Colisão Transversal";"Sem Vítimas";"Plena noite";"Crescente";"Nublado";"Múltipla";"Cruzamento";"Urbano";2;0;0;0;2;0;0;2
83428208;"08/01/16";"Sexta";"22:35:00";"ES";101;"266";"SERRA";"Desobediência à sinalização";"Colisão Transversal";"Com Vítimas Feridas";"Plena noite";"Decrescente";"Ceu Claro";"Múltipla";"Cruzamento";"Urbano";2;0;1;0;1;0;1;2
83428209;"08/01/16";"Sexta";"21:40:00";"SP";116;"544,6";"BARRA DO TURVO";"Velocidade incompatível";"Tombamento";"Com Vítimas Feridas";"Plena noite";"Decrescente";"Nublado";"Simples";"Curva";"Rural";1;0;0;1;0;0;1;1
83428210;"08/01/16";"Sexta";"22:00:00";"MT";364;"452";"VARZEA GRANDE";"Falta de atenção";"Queda de motocicleta / bicicleta / veículo";"Com Vítimas Feridas";"Plena noite";"Decrescente";"Nublado";"Simples";"Reta";"Rural";1;0;0;1;0;0;1;1
83428211;"08/01/16";"Sexta";"16:50:00";"RO";364;"800";"PORTO VELHO";"Outras";"Colisão Transversal";"Com Vítimas Feridas";"Pleno dia";"Crescente";"Ceu Claro";"Simples";"Reta";"Urbano";4;0;3;1;0;0;4;2
83428212;"08/01/16";"Sexta";"19:00:00";"PI";343;"134,7";"PIRACURUCA";"Defeito mecânico em veículo";"Colisão traseira";"Com Vítimas Feridas";"Plena noite";"Crescente";"Chuva";"Simples";"Reta";"Rural";2;0;0;1;0;1;1;2
83428213;"09/01/16";"Sábado";"00:10:00";"PR";277;"454,9";"LARANJEIRAS DO SUL";"Animais na Pista";"Atropelamento de animal";"Com Vítimas Feridas";"Plena noite";"Crescente";"Chuva";"Simples";"Reta";"Urbano";3;0;2;0;1;0;2;1
83428214;"08/01/16";"Sexta";"20:00:00";"RS";285;"571";"SAO LUIZ GONZAGA";"Falta de atenção";"Saída de Pista";"Ignorado";"Pleno dia";"Crescente";"Sol";"Simples";"Curva";"Rural";2;0;0;0;0;2;0;1
83428215;"08/01/16";"Sexta";"22:00:00";"MG";116;"542";"SANTA RITA DE MINAS";"Defeito na via";"Queda de motocicleta / bicicleta / veículo";"Com Vítimas Feridas";"Plena noite";"Decrescente";"Nublado";"Simples";"Reta";"Rural";2;0;1;0;1;0;1;1
83428216;"09/01/16";"Sábado";"01:00:00";"SC";282;"644,3";"SAO MIGUEL DOESTE";"Ingestão de álcool";"Saída de Pista";"Com Vítimas Feridas";"Plena noite";"Crescente";"Nublado";"Simples";"Reta";"Rural";1;0;0;1;0;0;1;1
83428217;"08/01/16";"Sexta";"23:00:00";"ES";101;"291";"CARIACICA";"Outras";"Incêndio";"Ignorado";"Plena noite";"Crescente";"Ceu Claro";"Múltipla";"Reta";"Urbano";1;0;0;0;0;1;0;1
83428218;"08/01/16";"Sexta";"20:00:00";"PR";376;"652";"TIJUCAS DO SUL";"Velocidade incompatível";"Colisão com objeto fixo";"Com Vítimas Feridas";"Anoitecer";"Decrescente";"Chuva";"Dupla";"Curva";"Rural";1;0;1;0;0;0;1;1
83428221;"09/01/16";"Sábado";"01:45:00";"SC";470;"139,5";"RIO DO SUL";"Outras";"Colisão com objeto fixo";"Sem Vítimas";"Plena noite";"Decrescente";"Ceu Claro";"Simples";"Reta";"Urbano";1;0;0;0;1;0;0;1
83428222;"08/01/16";"Sexta";"07:40:00";"PB";230;"29";"JOAO PESSOA";"Desobediência à sinalização";"Colisão lateral";"Sem Vítimas";"Pleno dia";"Decrescente";"Ceu Claro";"Dupla";"Reta";"Urbano";2;0;0;0;2;0;0;2
83428223;"08/01/16";"Sexta";"20:40:00";"MS";262;"355,2";"CAMPO GRANDE";"Defeito na via";"Queda de motocicleta / bicicleta / veículo";"Com Vítimas Fatais";"Plena noite";"Decrescente";"Nublado";"Simples";"Reta";"Rural";1;1;0;0;0;0;0;1
83428224;"08/01/16";"Sexta";"23:50:00";"CE";222;"2,3";"FORTALEZA";"Ingestão de álcool";"Atropelamento de pessoa";"Com Vítimas Feridas";"Plena noite";"Crescente";"Nublado";"Múltipla";"Reta";"Urbano";4;0;3;0;1;0;3;2
83428225;"08/01/16";"Sexta";"21:00:00";"PR";373;"173";"PONTA GROSSA";"Ingestão de álcool";"Colisão Transversal";"Sem Vítimas";"Plena noite";"Crescente";"Ceu Claro";"Dupla";"Cruzamento";"Urbano";2;0;0;0;2;0;0;2
83428226;"09/01/16";"Sábado";"02:30:00";"SC";101;"172";"TIJUCAS";"Defeito mecânico em veículo";"Queda de motocicleta / bicicleta / veículo";"Com Vítimas Feridas";"Plena noite";"Crescente";"Nublado";"Dupla";"Reta";"Urbano";2;0;2;0;0;0;2;1
83428227;"09/01/16";"Sábado";"02:20:00";"SC";101;"410";"ARARANGUA";"Falta de atenção";"Colisão com objeto fixo";"Com Vítimas Feridas";"Plena noite";"Decrescente";"Nublado";"Simples";"Cruzamento";"Urbano";3;0;2;0;1;0;2;1
83428228;"08/01/16";"Sexta";"10:20:00";"CE";20;"401";"CAUCAIA";"Falta de atenção";"Saída de Pista";"Sem Vítimas";"Pleno dia";"Crescente";"Sol";"Simples";"Cruzamento";"Rural";2;0;0;0;2;0;0;2
83428229;"09/01/16";"Sábado";"01:15:00";"GO";50;"98,7";"CRISTALINA";"Desobediência à sinalização";"Colisão frontal";"Com Vítimas Feridas";"Plena noite";"Decrescente";"Nublado";"Simples";"Reta";"Urbano";2;0;0;1;1;0;1;2
83428230;"09/01/16";"Sábado";"03:00:00";"RS";386;"87,5";"LAJEADO DO BUGRE";"Dormindo";"Colisão frontal";"Com Vítimas Feridas";"Plena noite";"Crescente";"Ceu Claro";"Simples";"Curva";"Rural";2;0;1;1;0;0;2;2
83428232;"08/01/16";"Sexta";"13:40:00";"MG";116;"775,6";"LEOPOLDINA";"Defeito na via";"Queda de motocicleta / bicicleta / veículo";"Com Vítimas Feridas";"Pleno dia";"Crescente";"Ceu Claro";"Simples";"Reta";"Rural";2;0;2;0;0;0;2;1
83428233;"04/01/16";"Segunda";"15:10:00";"SC";101;"151";"ITAPEMA";"Não guardar distância de segurança";"Colisão lateral";"Com Vítimas Feridas";"Pleno dia";"Decrescente";"Nublado";"Simples";"Reta";"Urbano";2;0;1;0;1;0;1;2
83428234;"09/01/16";"Sábado";"01:10:00";"PB";101;"118";"CAAPORA";"Falta de atenção";"Colisão traseira";"Sem Vítimas";"Plena noite";"Decrescente";"Nublado";"Dupla";"Reta";"Rural";2;0;0;0;1;1;0;2
83428235;"09/01/16";"Sábado";"04:00:00";"SP";153;"64";"SAO JOSE DO RIO PRETO";"Outras";"Saída de Pista";"Ignorado";"Plena noite";"Decrescente";"Nublado";"Dupla";"Reta";"Urbano";1;0;0;0;0;1;0;1
83428236;"09/01/16";"Sábado";"03:30:00";"RJ";116;"172";"BELFORD ROXO";"Velocidade incompatível";"Colisão com objeto fixo";"Sem Vítimas";"Plena noite";"Crescente";"Ceu Claro";"Múltipla";"Reta";"Urbano";1;0;0;0;1;0;0;1
83428237;"08/01/16";"Sexta";"21:30:00";"CE";116;"69,8";"CHOROZINHO";"Ingestão de álcool";"Colisão com bicicleta";"Com Vítimas Feridas";"Plena noite";"Crescente";"Ceu Claro";"Simples";"Reta";"Urbano";2;0;0;1;1;0;1;2
83428238;"08/01/16";"Sexta";"17:30:00";"MG";116;"224,6";"CATUJI";"Velocidade incompatível";"Colisão lateral";"Com Vítimas Feridas";"Pleno dia";"Crescente";"Chuva";"Simples";"Curva";"Rural";2;0;0;1;1;0;1;2
83428239;"08/01/16";"Sexta";"20:50:00";"GO";153;"702,3";"ITUMBIARA";"Outras";"Saída de Pista";"Com Vítimas Feridas";"Plena noite";"Decrescente";"Chuva";"Dupla";"Reta";"Urbano";3;0;2;0;1;0;2;1
83428240;"08/01/16";"Sexta";"14:50:00";"MG";381;"724,5";"CARMO DA CACHOEIRA";"Outras";"Colisão com objeto fixo";"Com Vítimas Feridas";"Pleno dia";"Decrescente";"Nublado";"Dupla";"Reta";"Rural";1;0;1;0;0;0;1;1
83428241;"08/01/16";"Sexta";"17:00:00";"GO";414;"319,4";"VILA PROPICIO";"Outras";"Saída de Pista";"Com Vítimas Feridas";"Pleno dia";"Crescente";"Nublado";"Simples";"Reta";"Rural";2;0;2;0;0;0;2;1
83428242;"08/01/16";"Sexta";"18:05:00";"MG";381;"755,3";"TRES CORACOES";"Falta de atenção";"Colisão traseira";"Com Vítimas Feridas";"Pleno dia";"Decrescente";"Chuva";"Dupla";"Reta";"Rural";2;0;1;0;0;1;1;2
83428243;"08/01/16";"Sexta";"20:45:00";"AL";104;"18";"SAO JOSE DA LAJE";"Velocidade incompatível";"Capotamento";"Com Vítimas Feridas";"Plena noite";"Decrescente";"Ceu Claro";"Simples";"Reta";"Rural";1;0;1;0;0;0;1;1
83428245;"09/01/16";"Sábado";"06:20:00";"RS";158;"556,8";"SANTANA DO LIVRAMENTO";"Animais na Pista";"Atropelamento de animal";"Sem Vítimas";"Amanhecer";"Crescente";"Ceu Claro";"Simples";"Reta";"Rural";3;0;0;0;3;0;0;1
83428246;"09/01/16";"Sábado";"00:30:00";"MG";262;"154,4";"SAO DOMINGOS DO PRATA";"Dormindo";"Colisão traseira";"Com Vítimas Fatais";"Plena noite";"Decrescente";"Ceu Claro";"Simples";"Reta";"Rural";3;1;0;0;2;0;0;2
83428247;"08/01/16";"Sexta";"17:30:00";"MG";381;"518";"IGARAPE";"Velocidade incompatível";"Capotamento";"Com Vítimas Feridas";"Pleno dia";"Decrescente";"Chuva";"Dupla";"Reta";"Rural";1;0;1;0;0;0;1;1
83428248;"09/01/16";"Sábado";"01:30:00";"MG";365;"731";"ITUIUTABA";"Ingestão de álcool";"Saída de Pista";"Com Vítimas Feridas";"Plena noite";"Crescente";"Chuva";"Simples";"Curva";"Rural";2;0;1;0;0;1;1;2
83428249;"08/01/16";"Sexta";"14:50:00";"RS";392;"39,9";"RIO GRANDE";"Dormindo";"Saída de Pista";"Sem Vítimas";"Pleno dia";"Crescente";"Ceu Claro";"Dupla";"Reta";"Rural";1;0;0;0;1;0;0;1
83428250;"08/01/16";"Sexta";"20:35:00";"PR";277;"609";"SANTA TEREZA DO OESTE";"Falta de atenção";"Colisão Transversal";"Sem Vítimas";"Plena noite";"Crescente";"Ceu Claro";"Simples";"Reta";"Urbano";4;0;0;0;4;0;0;2
83428251;"09/01/16";"Sábado";"00:10:00";"RJ";116;"75";"TERESOPOLIS";"Outras";"Colisão com objeto fixo";"Sem Vítimas";"Plena noite";"Crescente";"Ceu Claro";"Simples";"Curva";"Urbano";1;0;0;0;1;0;0;1
83428252;"09/01/16";"Sábado";"04:40:00";"MG";381;"487";"BETIM";"Velocidade incompatível";"Capotamento";"Com Vítimas Feridas";"Plena noite";"Crescente";"Ceu Claro";"Dupla";"Curva";"Urbano";1;0;0;1;0;0;1;1
83428253;"08/01/16";"Sexta";"23:00:00";"RO";364;"211,6";"PIMENTA BUENO";"Defeito na via";"Colisão com objeto fixo";"Sem Vítimas";"Plena noite";"Crescente";"Ceu Claro";"Simples";"Reta";"Rural";1;0;0;0;1;0;0;1