"id";"data_inversa";"dia_semana";"horario";"uf";"br";"km";"municipio";"causa_acidente";"tipo_acidente";"classificacao_acidente";"fase_dia";"sentido_via";"condicao_metereologica";"tipo_pista";"tracado_via";"uso_solo";"pessoas";"mortos";"feridos_leves";"feridos_graves";"ilesos";"ignorados";"feridos";"veiculos"
83428254;"09/01/16";"Sábado";"04:00:00";"SP";116;"149";"SAO JOSE DOS CAMPOS";"Outras";"Capotamento";"Com Vítimas Feridas";"Plena noite";"Crescente";"Ceu Claro";"Múltipla";"Reta";"Urbano";2;0;2;0;0;0;2;1
83428256;"05/01/16";"Terça";"15:50:00";"GO";153;"496";"GOIANIA";"Ultrapassagem indevida";"Colisão Transversal";"Com Vítimas Fatais";"Pleno dia";"Crescente";"Nublado";"Dupla";"Reta";"Urbano";3;1;0;0;2;0;0;3
83428257;"09/01/16";"Sábado";"03:30:00";"PA";10;"82";"ULIANOPOLIS";"Desobediência à sinalização";"Colisão frontal";"Com Vítimas Fatais";"Plena noite";"Crescente";"Ceu Claro";"Simples";"Reta";"Urbano";2;1;0;0;0;1;0;2
83428259;"08/01/16";"Sexta";"18:00:00";"MS";163;"730,3";"COXIM";"Falta de atenção";"Colisão Transversal";"Sem Vítimas";"Anoitecer";"Decrescente";"Chuva";"Simples";"Reta";"Urbano";2;0;0;0;2;0;0;2
83428260;"08/01/16";"Sexta";"18:10:00";"MG";381;"263";"CORONEL FABRICIANO";"Dormindo";"Tombamento";"Com Vítimas Feridas";"Pleno dia";"Decrescente";"Ceu Claro";"Simples";"Reta";"Urbano";1;0;1;0;0;0;1;1
83428261;"09/01/16";"Sábado";"05:45:00";"SC";470;"109";"APIUNA";"Outras";"Colisão com objeto fixo";"Com Vítimas Feridas";"Plena noite";"Decrescente";"Ceu Claro";"Simples";"Reta";"Urbano";1;0;1;0;0;0;1;1
83428262;"08/01/16";"Sexta";"15:00:00";"BA";101;"873";"TEIXEIRA DE FREITAS";"Ultrapassagem indevida";"Colisão frontal";"Com Vítimas Fatais";"Pleno dia";"Decrescente";"Ceu Claro";"Simples";"Curva";"Rural";6;1;3;2;0;0;5;3
83428263;"09/01/16";"Sábado";"06:55:00";"RJ";493;"10";"GUAPIMIRIM";"Outras";"Capotamento";"Sem Vítimas";"Pleno dia";"Crescente";"Ceu Claro";"Simples";"Reta";"Rural";1;0;0;0;1;0;0;1
83428264;"05/01/16";"Terça";"09:00:00";"MG";135;"546,3";"CORINTO";"Ultrapassagem indevida";"Colisão frontal";"Com Vítimas Feridas";"Pleno dia";"Crescente";"Ceu Claro";"Simples";"Reta";"Rural";6;0;3;3;0;0;6;2
83428266;"08/01/16";"Sexta";"16:30:00";"MS";163;"784,7";"COXIM";"Ultrapassagem indevida";"Colisão frontal";"Com Vítimas Feridas";"Pleno dia";"Crescente";"Nublado";"Simples";"Reta";"Rural";4;0;3;0;1;0;3;2
83428267;"09/01/16";"Sábado";"06:00:00";"PR";153;"297";"IMBITUVA";"Ingestão de álcool";"Capotamento";"Com Vítimas Feridas";"Plena noite";"Crescente";"Ceu Claro";"Simples";"Curva";"Rural";1;0;1;0;0;0;1;1
83428268;"09/01/16";"Sábado";"06:00:00";"MS";163;"459,5";"CAMPO GRANDE";"Ingestão de álcool";"Saída de Pista";"Com Vítimas Feridas";"Amanhecer";"Decrescente";"Chuva";"Simples";"Reta";"Rural";2;0;1;0;1;0;1;1
83428270;"09/01/16";"Sábado";"01:50:00";"RJ";40;"102,5";"DUQUE DE CAXIAS";"Outras";"Colisão traseira";"Com Vítimas Feridas";"Plena noite";"Decrescente";"Ceu Claro";"Dupla";"Reta";"Urbano";2;0;1;0;1;0;1;2
83428271;"09/01/16";"Sábado";"07:25:00";"GO";153;"703,3";"ITUMBIARA";"Desobediência à sinalização";"Colisão lateral";"Sem Vítimas";"Amanhecer";"Crescente";"Chuva";"Dupla";"Reta";"Urbano";2;0;0;0;1;1;0;2
83428272;"09/01/16";"Sábado";"07:00:00";"PI";402;"14";"PARNAIBA";"Desobediência à sinalização";"Colisão frontal";"Com Vítimas Feridas";"Pleno dia";"Crescente";"Sol";"Dupla";"Curva";"Rural";3;0;1;0;2;0;1;2
83428273;"09/01/16";"Sábado";"07:45:00";"PR";476;"238";"LAPA";"Falta de atenção";"Saída de Pista";"Sem Vítimas";"Pleno dia";"Crescente";"Sol";"Simples";"Curva";"Rural";1;0;0;0;1;0;0;1
83428276;"08/01/16";"Sexta";"20:10:00";"BA";324;"356";"CAPIM GROSSO";"Desobediência à sinalização";"Colisão com objeto móvel";"Com Vítimas Feridas";"Plena noite";"Decrescente";"Nublado";"Simples";"Reta";"Rural";7;0;0;1;5;1;1;1
83428279;"05/01/16";"Terça";"09:30:00";"RJ";101;"236";"SILVA JARDIM";"Outras";"Colisão lateral";"Sem Vítimas";"Pleno dia";"Decrescente";"Ceu Claro";"Simples";"Curva";"Rural";2;0;0;0;2;0;0;2
83428280;"09/01/16";"Sábado";"07:50:00";"PR";376;"644";"TIJUCAS DO SUL";"Falta de atenção";"Colisão Transversal";"Com Vítimas Feridas";"Pleno dia";"Decrescente";"Nublado";"Dupla";"Reta";"Rural";6;0;5;1;0;0;6;2
83428281;"08/01/16";"Sexta";"17:10:00";"MT";163;"826";"SINOP";"Velocidade incompatível";"Colisão Transversal";"Com Vítimas Feridas";"Pleno dia";"Decrescente";"Ceu Claro";"Dupla";"Reta";"Urbano";5;0;1;0;4;0;1;2
83428284;"09/01/16";"Sábado";"07:40:00";"MG";381;"411";"NOVA UNIAO";"Outras";"Colisão traseira";"Com Vítimas Feridas";"Pleno dia";"Crescente";"Nublado";"Simples";"Curva";"Rural";3;0;2;0;1;0;2;2
83428285;"09/01/16";"Sábado";"04:40:00";"MT";364;"204";"RONDONOPOLIS";"Ingestão de álcool";"Saída de Pista";"Sem Vítimas";"Amanhecer";"Crescente";"Nevoeiro/neblina";"Dupla";"Reta";"Urbano";1;0;0;0;1;0;0;1
83428286;"07/01/16";"Quinta";"02:15:00";"GO";153;"502";"GOIANIA";"Ingestão de álcool";"Atropelamento de pessoa";"Com Vítimas Feridas";"Plena noite";"Crescente";"Nublado";"Dupla";"Reta";"Urbano";3;0;1;1;1;0;2;2
83428287;"09/01/16";"Sábado";"07:50:00";"PR";153;"10,8";"JACAREZINHO";"Falta de atenção";"Colisão lateral";"Com Vítimas Feridas";"Pleno dia";"Crescente";"Nublado";"Simples";"Reta";"Rural";6;0;2;0;4;0;2;2
83428288;"09/01/16";"Sábado";"07:40:00";"PR";116;"209";"RIO NEGRO";"Ingestão de álcool";"Queda de motocicleta / bicicleta / veículo";"Com Vítimas Feridas";"Pleno dia";"Decrescente";"Ceu Claro";"Simples";"Reta";"Urbano";1;0;1;0;0;0;1;1
83428289;"09/01/16";"Sábado";"09:40:00";"CE";116;"70,5";"CHOROZINHO";"Velocidade incompatível";"Capotamento";"Sem Vítimas";"Pleno dia";"Crescente";"Nublado";"Simples";"Curva";"Urbano";3;0;0;0;3;0;0;1
83428290;"09/01/16";"Sábado";"09:00:00";"RS";153;"44,4";"ERECHIM";"Desobediência à sinalização";"Colisão Transversal";"Sem Vítimas";"Pleno dia";"Crescente";"Ceu Claro";"Simples";"Cruzamento";"Urbano";2;0;0;0;2;0;0;2
83428292;"09/01/16";"Sábado";"10:40:00";"SC";101;"161,1";"TIJUCAS";"Falta de atenção";"Saída de Pista";"Com Vítimas Feridas";"Pleno dia";"Crescente";"Ceu Claro";"Dupla";"Reta";"Urbano";5;0;2;0;3;0;2;1
83428293;"09/01/16";"Sábado";"10:25:00";"MG";116;"277";"TEOFILO OTONI";"Falta de atenção";"Colisão lateral";"Com Vítimas Feridas";"Pleno dia";"Crescente";"Sol";"Simples";"Reta";"Urbano";2;0;1;0;1;0;1;2
83428294;"09/01/16";"Sábado";"07:45:00";"BA";101;"879";"TEIXEIRA DE FREITAS";"Ingestão de álcool";"Saída de Pista";"Com Vítimas Feridas";"Pleno dia";"Decrescente";"Nublado";"Simples";"Cruzamento";"Urbano";2;0;1;0;1;0;1;1
83428295;"09/01/16";"Sábado";"09:45:00";"PA";316;"8";"ANANINDEUA";"Falta de atenção";"Colisão Transversal";"Sem Vítimas";"Pleno dia";"Crescente";"Ceu Claro";"Dupla";"Reta";"Urbano";2;0;0;0;2;0;0;2
83428296;"09/01/16";"Sábado";"11:15:00";"RS";377;"94,5";"CRUZ ALTA";"Desobediência à sinalização";"Colisão Transversal";"Sem Vítimas";"Pleno dia";"Decrescente";"Ceu Claro";"Simples";"Reta";"Urbano";2;0;0;0;2;0;0;2
83428298;"03/01/16";"Domingo";"15:30:00";"GO";60;"123";"GOIANAPOLIS";"Velocidade incompatível";"Saída de Pista";"Sem Vítimas";"Pleno dia";"Decrescente";"Chuva";"Dupla";"Reta";"Rural";1;0;0;0;1;0;0;1
83428299;"09/01/16";"Sábado";"09:40:00";"RS";386;"249";"SOLEDADE";"Defeito mecânico em veículo";"Saída de Pista";"Com Vítimas Feridas";"Pleno dia";"Decrescente";"Nublado";"Simples";"Reta";"Rural";4;0;3;0;1;0;3;1
83428301;"09/01/16";"Sábado";"10:40:00";"SP";381;"54,8";"MAIRIPORA";"Falta de atenção";"Tombamento";"Com Vítimas Feridas";"Pleno dia";"Decrescente";"Ceu Claro";"Dupla";"Reta";"Rural";2;0;2;0;0;0;2;1
83428302;"09/01/16";"Sábado";"11:10:00";"SC";282;"3,9";"FLORIANOPOLIS";"Falta de atenção";"Colisão lateral";"Com Vítimas Feridas";"Pleno dia";"Crescente";"Ceu Claro";"Dupla";"Reta";"Urbano";2;0;1;0;1;0;1;2
83428303;"09/01/16";"Sábado";"09:15:00";"MG";153;"225";"FRUTAL";"Não guardar distância de segurança";"Colisão traseira";"Sem Vítimas";"Pleno dia";"Crescente";"Nublado";"Simples";"Reta";"Rural";2;0;0;0;2;0;0;2
83428304;"09/01/16";"Sábado";"12:10:00";"RS";386;"341,3";"LAJEADO";"Falta de atenção";"Colisão traseira";"Com Vítimas Feridas";"Pleno dia";"Crescente";"Nublado";"Simples";"Reta";"Urbano";2;0;1;0;1;0;1;2
83428305;"09/01/16";"Sábado";"08:38:00";"PR";376;"42";"NOVA LONDRINA";"Falta de atenção";"Colisão Transversal";"Sem Vítimas";"Pleno dia";"Crescente";"Nublado";"Simples";"Reta";"Rural";2;0;0;0;2;0;0;2
83428306;"09/01/16";"Sábado";"10:26:00";"SC";163;"99,5";"SAO JOSE DO CEDRO";"Falta de atenção";"Colisão traseira";"Sem Vítimas";"Pleno dia";"Crescente";"Sol";"Simples";"Reta";"Rural";2;0;0;0;2;0;0;2
83428307;"09/01/16";"Sábado";"12:00:00";"MG";40;"560";"NOVA LIMA";"Outras";"Saída de Pista";"Com Vítimas Feridas";"Pleno dia";"Crescente";"Nublado";"Dupla";"Reta";"Urbano";2;0;1;0;1;0;1;1
83428308;"09/01/16";"Sábado";"09:20:00";"GO";60;"237";"INDIARA";"Falta de atenção";"Saída de Pista";"Sem Vítimas";"Pleno dia";"Crescente";"Ceu Claro";"Dupla";"Reta";"Urbano";1;0;0;0;1;0;0;1
83428309;"09/01/16";"Sábado";"12:20:00";"MG";381;"528";"BRUMADINHO";"Velocidade incompatível";"Colisão com objeto fixo";"Com Vítimas Feridas";"Pleno dia";"Crescente";"Chuva";"Dupla";"Curva";"Rural";1;0;1;0;0;0;1;1
83428310;"09/01/16";"Sábado";"08:30:00";"SP";116;"106,5";"TAUBATE";"Ingestão de álcool";"Saída de Pista";"Com Vítimas Feridas";"Pleno dia";"Crescente";"Ceu Claro";"Dupla";"Reta";"Rural";5;0;1;1;3;0;2;1
83428312;"09/01/16";"Sábado";"09:30:00";"MG";381;"711";"CARMO DA CACHOEIRA";"Outras";"Capotamento";"Com Vítimas Feridas";"Pleno dia";"Decrescente";"Nublado";"Dupla";"Reta";"Rural";5;0;1;4;0;0;5;1
83428313;"09/01/16";"Sábado";"07:48:00";"PR";376;"161,4";"MARINGA";"Não guardar distância de segurança";"Queda de motocicleta / bicicleta / veículo";"Com Vítimas Feridas";"Pleno dia";"Decrescente";"Chuva";"Dupla";"Cruzamento";"Urbano";2;0;1;0;1;0;1;1
83428316;"05/01/16";"Terça";"22:50:00";"SC";470;"70";"INDAIAL";"Defeito mecânico em veículo";"Incêndio";"Ignorado";"Plena noite";"Decrescente";"Nublado";"Simples";"Reta";"Urbano";1;0;0;0;0;1;0;1
83428317;"09/01/16";"Sábado";"04:20:00";"MG";116;"629,2";"DIVINO";"Outras";"Tombamento";"Sem Vítimas";"Amanhecer";"Decrescente";"Ceu Claro";"Simples";"Curva";"Rural";1;0;0;0;1;0;0;1
83428318;"09/01/16";"Sábado";"03:30:00";"MG";40;"615,5";"CONGONHAS";"Outras";"Saída de Pista";"Ignorado";"Pleno dia";"Decrescente";"Ignorada";"Simples";"Reta";"Rural";1;0;0;0;0;1;0;1
83428319;"09/01/16";"Sábado";"06:40:00";"MG";40;"36,2";"PARACATU";"Não guardar distância de segurança";"Colisão traseira";"Com Vítimas Feridas";"Amanhecer";"Crescente";"Chuva";"Simples";"Reta";"Rural";10;0;1;0;9;0;1;2
83428320;"09/01/16";"Sábado";"11:20:00";"GO";153;"190";"URUACU";"Falta de atenção";"Colisão traseira";"Sem Vítimas";"Pleno dia";"Decrescente";"Chuva";"Simples";"Reta";"Rural";3;0;0;0;3;0;0;3
83428321;"09/01/16";"Sábado";"12:20:00";"ES";101;"150,1";"LINHARES";"Ingestão de álcool";"Atropelamento de pessoa";"Com Vítimas Feridas";"Pleno dia";"Crescente";"Ceu Claro";"Múltipla";"Curva";"Urbano";2;0;1;0;1;0;1;1
83428322;"05/01/16";"Terça";"19:00:00";"BA";242;"467";"IBITIARA";"Velocidade incompatível";"Saída de Pista";"Sem Vítimas";"Plena noite";"Crescente";"Chuva";"Simples";"Curva";"Rural";3;0;0;0;3;0;0;1
83428323;"05/01/16";"Terça";"17:00:00";"RJ";116;"265";"BARRA MANSA";"Outras";"Queda de motocicleta / bicicleta / veículo";"Com Vítimas Feridas";"Pleno dia";"Crescente";"Ceu Claro";"Dupla";"Curva";"Rural";2;0;1;0;1;0;1;2
83428324;"09/01/16";"Sábado";"11:30:00";"PR";277;"104";"CAMPO LARGO";"Não guardar distância de segurança";"Colisão traseira";"Com Vítimas Feridas";"Pleno dia";"Crescente";"Nublado";"Dupla";"Reta";"Rural";2;0;1;0;0;1;1;2
83428325;"09/01/16";"Sábado";"11:45:00";"PB";230;"150,9";"CAMPINA GRANDE";"Não guardar distância de segurança";"Colisão traseira";"Com Vítimas Feridas";"Pleno dia";"Crescente";"Chuva";"Dupla";"Reta";"Urbano";2;0;0;1;0;1;1;2
83428326;"05/01/16";"Terça";"18:15:00";"MG";381;"868,9";"POUSO ALEGRE";"Falta de atenção";"Saída de Pista";"Sem Vítimas";"Pleno dia";"Decrescente";"Sol";"Dupla";"Reta";"Rural";1;0;0;0;1;0;0;1
83428327;"09/01/16";"Sábado";"14:00:00";"SC";101;"122";"ITAJAI";"Outras";"Colisão lateral";"Com Vítimas Feridas";"Pleno dia";"Decrescente";"Sol";"Dupla";"Reta";"Urbano";2;0;0;1;0;1;1;2
83428328;"05/01/16";"Terça";"11:00:00";"CE";20;"417,5";"MARACANAU";"Desobediência à sinalização";"Colisão Transversal";"Com Vítimas Feridas";"Pleno dia";"Crescente";"Sol";"Simples";"Reta";"Urbano";2;0;0;1;1;0;1;2
83428329;"09/01/16";"Sábado";"13:00:00";"ES";262;"91";"DOMINGOS MARTINS";"Outras";"Colisão lateral";"Com Vítimas Feridas";"Pleno dia";"Crescente";"Ceu Claro";"Simples";"Cruzamento";"Urbano";2;0;1;0;1;0;1;2
83428330;"09/01/16";"Sábado";"10:20:00";"ES";262;"42,5";"DOMINGOS MARTINS";"Defeito mecânico em veículo";"Saída de Pista";"Sem Vítimas";"Pleno dia";"Crescente";"Nublado";"Simples";"Reta";"Rural";1;0;0;0;1;0;0;1
83428332;"05/01/16";"Terça";"21:45:00";"SP";116;"182";"SANTA ISABEL";"Outras";"Colisão com objeto fixo";"Sem Vítimas";"Plena noite";"Decrescente";"Ceu Claro";"Múltipla";"Reta";"Rural";1;0;0;0;1;0;0;1
83428335;"09/01/16";"Sábado";"10:10:00";"RS";471;"172,2";"RIO PARDO";"Falta de atenção";"Colisão Transversal";"Com Vítimas Feridas";"Pleno dia";"Decrescente";"Nublado";"Simples";"Reta";"Urbano";2;0;0;1;1;0;1;2
83428336;"09/01/16";"Sábado";"11:05:00";"SC";116;"143,1";"SANTA CECILIA";"Falta de atenção";"Colisão lateral";"Com Vítimas Feridas";"Pleno dia";"Decrescente";"Ceu Claro";"Simples";"Curva";"Rural";2;0;1;0;1;0;1;2
83428338;"09/01/16";"Sábado";"10:15:00";"SC";101;"404,5";"MARACAJA";"Falta de atenção";"Colisão traseira";"Com Vítimas Feridas";"Pleno dia";"Crescente";"Sol";"Dupla";"Reta";"Rural";2;0;1;0;1;0;1;2
83428339;"08/01/16";"Sexta";"23:00:00";"MG";262;"551,2";"LUZ";"Defeito mecânico em veículo";"Danos Eventuais";"Sem Vítimas";"Plena noite";"Decrescente";"Ignorada";"Simples";"Reta";"Rural";1;0;0;0;1;0;0;1
83428340;"09/01/16";"Sábado";"12:30:00";"RJ";101;"482";"ANGRA DOS REIS";"Falta de atenção";"Colisão Transversal";"Com Vítimas Feridas";"Pleno dia";"Decrescente";"Nublado";"Dupla";"Cruzamento";"Urbano";3;0;2;0;1;0;2;2
83428341;"09/01/16";"Sábado";"14:30:00";"SC";101;"362,6";"TUBARAO";"Falta de atenção";"Colisão lateral";"Sem Vítimas";"Pleno dia";"Crescente";"Nublado";"Dupla";"Curva";"Rural";2;0;0;0;2;0;0;2
83428342;"09/01/16";"Sábado";"13:40:00";"AL";101;"205";"SAO SEBASTIAO";"Falta de atenção";"Colisão lateral";"Sem Vítimas";"Pleno dia";"Crescente";"Chuva";"Simples";"Reta";"Rural";3;0;0;0;2;1;0;2
83428343;"09/01/16";"Sábado";"13:00:00";"RS";116;"116,4";"SAO MARCOS";"Desobediência à sinalização";"Colisão Transversal";"Sem Vítimas";"Pleno dia";"Decrescente";"Nublado";"Simples";"Cruzamento";"Urbano";2;0;0;0;2;0;0;2
83428344;"09/01/16";"Sábado";"08:00:00";"GO";153;"315,7";"RIALMA";"Ingestão de álcool";"Colisão traseira";"Sem Vítimas";"Pleno dia";"Decrescente";"Chuva";"Simples";"Reta";"Rural";2;0;0;0;2;0;0;2
83428345;"09/01/16";"Sábado";"11:45:00";"MT";174;"11";"CACERES";"Outras";"Saída de Pista";"Com Vítimas Feridas";"Pleno dia";"Crescente";"Chuva";"Simples";"Reta";"Rural";2;0;1;0;1;0;1;1
83428346;"09/01/16";"Sábado";"06:40:00";"GO";153;"501,1";"GOIANIA";"Outras";"Queda de motocicleta / bicicleta / veículo";"Com Vítimas Feridas";"Amanhecer";"Decrescente";"Ceu Claro";"Dupla";"Reta";"Urbano";1;0;1;0;0;0;1;1
83428348;"09/01/16";"Sábado";"09:00:00";"CE";116;"5";"FORTALEZA";"Outras";"Colisão traseira";"Com Vítimas Feridas";"Pleno dia";"Decrescente";"Chuva";"Múltipla";"Reta";"Urbano";4;0;1;0;3;0;1;2
83428349;"05/01/16";"Terça";"15:45:00";"SC";101;"205,6";"SAO JOSE";"Animais na Pista";"Atropelamento de animal";"Sem Vítimas";"Pleno dia";"Crescente";"Sol";"Dupla";"Reta";"Urbano";1;0;0;0;1;0;0;1
83428350;"09/01/16";"Sábado";"09:55:00";"PE";101;"91";"CABO DE SANTO AGOSTINHO";"Outras";"Capotamento";"Com Vítimas Feridas";"Pleno dia";"Crescente";"Nublado";"Dupla";"Reta";"Rural";1;0;1;0;0;0;1;1
83428351;"09/01/16";"Sábado";"06:30:00";"MT";364;"203";"RONDONOPOLIS";"Ingestão de álcool";"Colisão frontal";"Com Vítimas Feridas";"Amanhecer";"Crescente";"Nublado";"Simples";"Reta";"Urbano";3;0;2;0;1;0;2;2
83428352;"09/01/16";"Sábado";"10:30:00";"MG";50;"177,8";"UBERABA";"Velocidade incompatível";"Colisão com objeto fixo";"Sem Vítimas";"Pleno dia";"Crescente";"Nublado";"Dupla";"Cruzamento";"Urbano";1;0;0;0;1;0;0;1
83428353;"05/01/16";"Terça";"23:30:00";"RJ";393;"151";"TRES RIOS";"Velocidade incompatível";"Capotamento";"Sem Vítimas";"Plena noite";"Crescente";"Ceu Claro";"Simples";"Curva";"Rural";1;0;0;0;1;0;0;1
83428354;"09/01/16";"Sábado";"13:10:00";"SC";282;"4,8";"SAO JOSE";"Falta de atenção";"Colisão traseira";"Com Vítimas Feridas";"Pleno dia";"Decrescente";"Sol";"Dupla";"Reta";"Urbano";4;0;1;0;3;0;1;4
83428355;"09/01/16";"Sábado";"12:15:00";"MS";163;"682,3";"RIO VERDE DE MATO GROSSO";"Não guardar distância de segurança";"Colisão traseira";"Sem Vítimas";"Pleno dia";"Decrescente";"Chuva";"Simples";"Reta";"Urbano";5;0;0;0;5;0;0;2
83428356;"09/01/16";"Sábado";"09:30:00";"BA";242;"393";"SEABRA";"Desobediência à sinalização";"Colisão frontal";"Com Vítimas Feridas";"Pleno dia";"Crescente";"Nublado";"Simples";"Curva";"Rural";8;0;5;1;2;0;6;2
83428357;"09/01/16";"Sábado";"11:10:00";"SE";101;"59";"ROSARIO DO CATETE";"Falta de atenção";"Saída de Pista";"Com Vítimas Feridas";"Pleno dia";"Decrescente";"Chuva";"Simples";"Reta";"Rural";3;0;2;0;1;0;2;1
83428358;"09/01/16";"Sábado";"13:20:00";"PE";101;"81";"JABOATAO DOS GUARARAPES";"Falta de atenção";"Colisão traseira";"Sem Vítimas";"Pleno dia";"Crescente";"Chuva";"Simples";"Reta";"Urbano";5;0;0;0;4;1;0;5
83428359;"09/01/16";"Sábado";"12:00:00";"RO";174;"15";"VILHENA";"Falta de atenção";"Colisão frontal";"Com Vítimas Feridas";"Pleno dia";"Crescente";"Sol";"Simples";"Reta";"Urbano";3;0;1;0;2;0;1;2
83428360;"09/01/16";"Sábado";"15:40:00";"SC";101;"127,6";"ITAJAI";"Velocidade incompatível";"Colisão com objeto fixo";"Com Vítimas Feridas";"Pleno dia";"Crescente";"Nublado";"Dupla";"Curva";"Urbano";2;0;2;0;0;0;2;1
83428361;"09/01/16";"Sábado";"10:20:00";"MT";364;"543";"ROSARIO OESTE";"Falta de atenção";"Colisão lateral";"Sem Vítimas";"Pleno dia";"Crescente";"Nublado";"Dupla";"Reta";"Urbano";2;0;0;0;2;0;0;2
83428362;"09/01/16";"Sábado";"12:06:00";"BA";324;"515";"FEIRA DE SANTANA";"Falta de atenção";"Colisão Transversal";"Sem Vítimas";"Pleno dia";"Decrescente";"Chuva";"Simples";"Reta";"Urbano";2;0;0;0;1;1;0;2
83428364;"09/01/16";"Sábado";"07:20:00";"DF";60;"9";"BRASILIA";"Falta de atenção";"Colisão traseira";"Sem Vítimas";"Pleno dia";"Crescente";"Ceu Claro";"Dupla";"Curva";"Rural";2;0;0;0;1;1;0;2
83428365;"09/01/16";"Sábado";"16:30:00";"RJ";101;"491,5";"ANGRA DOS REIS";"Animais na Pista";"Saída de Pista";"Sem Vítimas";"Pleno dia";"Decrescente";"Ceu Claro";"Simples";"Curva";"Rural";1;0;0;0;1;0;0;1
83428366;"09/01/16";"Sábado";"10:00:00";"RJ";40;"91";"PETROPOLIS";"Defeito mecânico em veículo";"Colisão lateral";"Com Vítimas Fatais";"Pleno dia";"Crescente";"Ceu Claro";"Simples";"Curva";"Rural";5;1;1;3;0;0;4;2
83428367;"09/01/16";"Sábado";"16:20:00";"PR";376;"161,4";"MARINGA";"Desobediência à sinalização";"Colisão lateral";"Com Vítimas Feridas";"Pleno dia";"Decrescente";"Nublado";"Dupla";"Cruzamento";"Rural";2;0;1;0;1;0;1;2
83428368;"02/01/16";"Sábado";"11:45:00";"PA";316;"203";"SANTA LUZIA DO PARA";"Falta de atenção";"Colisão frontal";"Com Vítimas Fatais";"Pleno dia";"Decrescente";"Sol";"Simples";"Reta";"Rural";5;2;3;0;0;0;3;2
83428369;"09/01/16";"Sábado";"11:00:00";"MG";262;"611,5";"IBIA";"Velocidade incompatível";"Saída de Pista";"Com Vítimas Fatais";"Pleno dia";"Decrescente";"Chuva";"Simples";"Reta";"Rural";2;1;0;1;0;0;1;1
83428371;"09/01/16";"Sábado";"14:00:00";"RJ";116;"38";"SAPUCAIA";"Não guardar distância de segurança";"Colisão lateral";"Com Vítimas Feridas";"Pleno dia";"Decrescente";"Ceu Claro";"Simples";"Cruzamento";"Rural";3;0;2;0;1;0;2;2
83428372;"08/01/16";"Sexta";"16:00:00";"PI";135;"388";"BOM JESUS";"Defeito na via";"Saída de Pista";"Com Vítimas Feridas";"Pleno dia";"Decrescente";"Chuva";"Simples";"Curva";"Rural";2;0;2;0;0;0;2;1
83428374;"09/01/16";"Sábado";"16:45:00";"SC";101;"337";"TUBARAO";"Falta de atenção";"Colisão traseira";"Com Vítimas Feridas";"Pleno dia";"Decrescente";"Nublado";"Simples";"Reta";"Urbano";2;0;1;0;1;0;1;2
83428375;"09/01/16";"Sábado";"05:30:00";"MT";163;"814";"SINOP";"Velocidade incompatível";"Saída de Pista";"Com Vítimas Feridas";"Amanhecer";"Decrescente";"Chuva";"Simples";"Reta";"Rural";1;0;1;0;0;0;1;1
83428377;"09/01/16";"Sábado";"14:40:00";"PR";163;"31,5";"SANTO ANTONIO DO SUDOESTE";"Ultrapassagem indevida";"Tombamento";"Sem Vítimas";"Pleno dia";"Crescente";"Ceu Claro";"Simples";"Curva";"Rural";2;0;0;0;2;0;0;2
83428378;"09/01/16";"Sábado";"13:20:00";"PB";101;"103,8";"ALHANDRA";"Velocidade incompatível";"Colisão com objeto fixo";"Sem Vítimas";"Pleno dia";"Decrescente";"Chuva";"Dupla";"Curva";"Rural";1;0;0;0;1;0;0;1
83428379;"09/01/16";"Sábado";"14:40:00";"PB";101;"110";"ALHANDRA";"Dormindo";"Saída de Pista";"Sem Vítimas";"Pleno dia";"Decrescente";"Chuva";"Dupla";"Reta";"Urbano";1;0;0;0;1;0;0;1
83428380;"09/01/16";"Sábado";"16:25:00";"SC";101;"207";"SAO JOSE";"Falta de atenção";"Tombamento";"Com Vítimas Feridas";"Pleno dia";"Crescente";"Nublado";"Dupla";"Reta";"Urbano";2;0;1;0;1;0;1;2
83428381;"09/01/16";"Sábado";"11:30:00";"MG";146;"510";"POCOS DE CALDAS";"Animais na Pista";"Queda de motocicleta / bicicleta / veículo";"Com Vítimas Feridas";"Pleno dia";"Crescente";"Nublado";"Simples";"Reta";"Rural";1;0;1;0;0;0;1;1
83428383;"06/01/16";"Quarta";"23:00:00";"SP";116;"92";"PINDAMONHANGABA";"Outras";"Colisão com objeto fixo";"Sem Vítimas";"Plena noite";"Decrescente";"Ceu Claro";"Dupla";"Reta";"Urbano";1;0;0;0;1;0;0;1
83428384;"09/01/16";"Sábado";"14:56:00";"MT";364;"468";"VARZEA GRANDE";"Falta de atenção";"Capotamento";"Sem Vítimas";"Pleno dia";"Decrescente";"Chuva";"Múltipla";"Curva";"Rural";1;0;0;0;1;0;0;1
83428385;"09/01/16";"Sábado";"15:20:00";"RN";101;"95,3";"NATAL";"Falta de atenção";"Colisão lateral";"Com Vítimas Feridas";"Pleno dia";"Crescente";"Ceu Claro";"Múltipla";"Reta";"Urbano";2;0;1;0;1;0;1;2
83428386;"09/01/16";"Sábado";"16:40:00";"GO";364;"193,1";"JATAI";"Falta de atenção";"Colisão traseira";"Sem Vítimas";"Pleno dia";"Decrescente";"Ceu Claro";"Dupla";"Reta";"Rural";5;0;0;0;5;0;0;3