"id";"data_inversa";"dia_semana";"horario";"uf";"br";"km";"municipio";"causa_acidente";"tipo_acidente";"classificacao_acidente";"fase_dia";"sentido_via";"condicao_metereologica";"tipo_pista";"tracado_via";"uso_solo";"pessoas";"mortos";"feridos_leves";"feridos_graves";"ilesos";"ignorados";"feridos";"veiculos"
83428504;"09/01/16";"Sábado";"18:30:00";"PA";316;"8";"ANANINDEUA";"Ingestão de álcool";"Colisão traseira";"Com Vítimas Feridas";"Anoitecer";"Crescente";"Ceu Claro";"Dupla";"Reta";"Urbano";4;0;3;0;1;0;3;2
83428505;"09/01/16";"Sábado";"22:40:00";"MG";262;"429,9";"SAO GONCALO DO PARA";"Ingestão de álcool";"Saída de Pista";"Com Vítimas Feridas";"Plena noite";"Crescente";"Chuva";"Dupla";"Reta";"Rural";4;0;2;0;2;0;2;1
83428506;"10/01/16";"Domingo";"00:10:00";"SC";101;"20,5";"JOINVILLE";"Velocidade incompatível";"Saída de Pista";"Com Vítimas Feridas";"Plena noite";"Crescente";"Chuva";"Dupla";"Reta";"Rural";1;0;1;0;0;0;1;1
83428507;"09/01/16";"Sábado";"20:15:00";"MG";459;"91,9";"CONGONHAL";"Ingestão de álcool";"Colisão traseira";"Com Vítimas Feridas";"Plena noite";"Crescente";"Chuva";"Simples";"Reta";"Urbano";4;0;2;2;0;0;4;2
83428509;"09/01/16";"Sábado";"14:20:00";"RR";174;"521";"BOA VISTA";"Falta de atenção";"Colisão lateral";"Sem Vítimas";"Pleno dia";"Crescente";"Sol";"Simples";"Reta";"Rural";2;0;0;0;2;0;0;2
83428511;"09/01/16";"Sábado";"21:30:00";"SC";101;"351,7";"JAGUARUNA";"Falta de atenção";"Colisão Transversal";"Sem Vítimas";"Plena noite";"Decrescente";"Nublado";"Simples";"Cruzamento";"Urbano";2;0;0;0;2;0;0;2
83428512;"09/01/16";"Sábado";"23:00:00";"PA";316;"3";"ANANINDEUA";"Falta de atenção";"Colisão lateral";"Com Vítimas Feridas";"Plena noite";"Decrescente";"Ceu Claro";"Dupla";"Reta";"Urbano";3;0;0;1;2;0;1;3
83428513;"10/01/16";"Domingo";"01:00:00";"SP";153;"113";"JOSE BONIFACIO";"Outras";"Queda de motocicleta / bicicleta / veículo";"Com Vítimas Feridas";"Plena noite";"Decrescente";"Chuva";"Simples";"Reta";"Rural";1;0;1;0;0;0;1;1
83428514;"09/01/16";"Sábado";"23:00:00";"MG";381;"681,1";"PERDOES";"Velocidade incompatível";"Saída de Pista";"Sem Vítimas";"Plena noite";"Crescente";"Chuva";"Dupla";"Curva";"Rural";1;0;0;0;1;0;0;1
83428515;"09/01/16";"Sábado";"18:30:00";"MA";316;"230";"ZE DOCA";"Ultrapassagem indevida";"Colisão traseira";"Com Vítimas Feridas";"Plena noite";"Crescente";"Ceu Claro";"Simples";"Reta";"Urbano";3;0;2;0;0;1;2;2
83428516;"10/01/16";"Domingo";"01:10:00";"MG";116;"586";"MANHUACU";"Dormindo";"Saída de Pista";"Com Vítimas Feridas";"Plena noite";"Decrescente";"Nublado";"Simples";"Reta";"Rural";1;0;0;1;0;0;1;1
83428517;"09/01/16";"Sábado";"00:17:00";"MG";50;"172,8";"UBERABA";"Ingestão de álcool";"Saída de Pista";"Sem Vítimas";"Plena noite";"Decrescente";"Chuva";"Dupla";"Reta";"Urbano";1;0;0;0;1;0;0;1
83428518;"10/01/16";"Domingo";"01:45:00";"SP";116;"518,1";"CAJATI";"Falta de atenção";"Capotamento";"Com Vítimas Feridas";"Plena noite";"Decrescente";"Chuva";"Dupla";"Curva";"Rural";4;0;3;0;1;0;3;1
83428519;"09/01/16";"Sábado";"20:00:00";"MA";316;"198,7";"ZE DOCA";"Ingestão de álcool";"Colisão frontal";"Com Vítimas Feridas";"Plena noite";"Decrescente";"Ceu Claro";"Simples";"Reta";"Urbano";2;0;0;1;1;0;1;2
83428520;"09/01/16";"Sábado";"21:40:00";"RN";101;"45";"MAXARANGUAPE";"Falta de atenção";"Colisão lateral";"Sem Vítimas";"Plena noite";"Crescente";"Ceu Claro";"Simples";"Reta";"Rural";2;0;0;0;2;0;0;2
83428521;"09/01/16";"Sábado";"21:00:00";"AC";364;"91";"RIO BRANCO";"Animais na Pista";"Capotamento";"Com Vítimas Feridas";"Plena noite";"Decrescente";"Ignorada";"Simples";"Reta";"Rural";4;0;3;1;0;0;4;1
83428522;"09/01/16";"Sábado";"18:30:00";"RN";304;"137,1";"IPANGUACU";"Não guardar distância de segurança";"Colisão traseira";"Com Vítimas Feridas";"Plena noite";"Crescente";"Nublado";"Simples";"Reta";"Rural";7;0;5;1;0;1;6;2
83428523;"09/01/16";"Sábado";"21:30:00";"BA";101;"526";"BUERAREMA";"Ultrapassagem indevida";"Colisão frontal";"Com Vítimas Feridas";"Plena noite";"Decrescente";"Ceu Claro";"Simples";"Reta";"Rural";7;0;4;1;2;0;5;2
83428524;"10/01/16";"Domingo";"01:30:00";"SC";470;"4,5";"NAVEGANTES";"Ingestão de álcool";"Colisão frontal";"Com Vítimas Feridas";"Plena noite";"Crescente";"Chuva";"Simples";"Reta";"Urbano";3;0;0;1;1;1;1;3
83428526;"09/01/16";"Sábado";"22:15:00";"BA";101;"937,9";"MUCURI";"Animais na Pista";"Atropelamento de animal";"Com Vítimas Fatais";"Plena noite";"Crescente";"Ceu Claro";"Simples";"Reta";"Rural";2;1;0;0;1;0;0;2
83428527;"09/01/16";"Sábado";"18:00:00";"ES";101;"125";"SOORETAMA";"Ingestão de álcool";"Colisão traseira";"Com Vítimas Feridas";"Pleno dia";"Crescente";"Ceu Claro";"Dupla";"Reta";"Urbano";3;0;1;1;0;1;2;2
83428528;"10/01/16";"Domingo";"02:30:00";"PR";376;"189,1";"MARIALVA";"Ingestão de álcool";"Colisão com objeto móvel";"Sem Vítimas";"Plena noite";"Crescente";"Chuva";"Dupla";"Reta";"Rural";1;0;0;0;1;0;0;1
83428529;"09/01/16";"Sábado";"08:30:00";"ES";101;"414,5";"ITAPEMIRIM";"Defeito mecânico em veículo";"Queda de motocicleta / bicicleta / veículo";"Com Vítimas Feridas";"Pleno dia";"Crescente";"Sol";"Simples";"Cruzamento";"Rural";1;0;1;0;0;0;1;1
83428530;"09/01/16";"Sábado";"20:10:00";"PB";101;"122,7";"CAAPORA";"Velocidade incompatível";"Saída de Pista";"Ignorado";"Plena noite";"Crescente";"Chuva";"Dupla";"Curva";"Urbano";1;0;0;0;0;1;0;1
83428531;"09/01/16";"Sábado";"23:00:00";"PR";163;"126";"REALEZA";"Outras";"Capotamento";"Sem Vítimas";"Plena noite";"Decrescente";"Ceu Claro";"Simples";"Reta";"Rural";1;0;0;0;1;0;0;1
83428532;"10/01/16";"Domingo";"03:00:00";"SC";101;"413,6";"ARARANGUA";"Falta de atenção";"Atropelamento de pessoa";"Com Vítimas Feridas";"Plena noite";"Decrescente";"Nublado";"Simples";"Reta";"Rural";2;0;1;0;0;1;1;1
83428533;"09/01/16";"Sábado";"17:10:00";"PB";230;"137,5";"CAMPINA GRANDE";"Velocidade incompatível";"Saída de Pista";"Sem Vítimas";"Anoitecer";"Decrescente";"Chuva";"Dupla";"Curva";"Rural";1;0;0;0;1;0;0;1
83428535;"09/01/16";"Sábado";"23:10:00";"BA";101;"934";"MUCURI";"Outras";"Colisão traseira";"Com Vítimas Feridas";"Plena noite";"Crescente";"Nublado";"Simples";"Reta";"Urbano";2;0;1;0;0;1;1;2
83428536;"09/01/16";"Sábado";"22:10:00";"PR";369;"153,3";"LONDRINA";"Falta de atenção";"Atropelamento de pessoa";"Com Vítimas Fatais";"Plena noite";"Crescente";"Chuva";"Dupla";"Reta";"Urbano";2;1;0;0;0;1;0;1
83428537;"09/01/16";"Sábado";"18:50:00";"RN";110;"49,5";"MOSSORO";"Falta de atenção";"Colisão lateral";"Com Vítimas Feridas";"Plena noite";"Decrescente";"Ceu Claro";"Dupla";"Reta";"Urbano";2;0;1;0;1;0;1;2
83428538;"09/01/16";"Sábado";"22:00:00";"RO";364;"522";"ARIQUEMES";"Outras";"Atropelamento de pessoa";"Com Vítimas Fatais";"Plena noite";"Decrescente";"Chuva";"Simples";"Reta";"Rural";2;1;0;0;0;1;0;1
83428539;"09/01/16";"Sábado";"21:30:00";"PB";230;"84,2";"CALDAS BRANDAO";"Velocidade incompatível";"Saída de Pista";"Com Vítimas Feridas";"Plena noite";"Crescente";"Chuva";"Simples";"Curva";"Rural";2;0;0;2;0;0;2;1
83428540;"09/01/16";"Sábado";"15:40:00";"MT";364;"47,5";"ALTO GARCAS";"Falta de atenção";"Colisão traseira";"Sem Vítimas";"Pleno dia";"Crescente";"Nublado";"Simples";"Reta";"Rural";5;0;0;0;5;0;0;3
83428541;"09/01/16";"Sábado";"16:10:00";"PR";373;"283";"PRUDENTOPOLIS";"Outras";"Capotamento";"Sem Vítimas";"Pleno dia";"Decrescente";"Chuva";"Simples";"Reta";"Rural";2;0;0;0;2;0;0;1
83428542;"09/01/16";"Sábado";"11:00:00";"AL";104;"35";"UNIAO DOS PALMARES";"Outras";"Queda de motocicleta / bicicleta / veículo";"Com Vítimas Feridas";"Pleno dia";"Crescente";"Chuva";"Simples";"Reta";"Urbano";2;0;0;1;1;0;1;2
83428543;"10/01/16";"Domingo";"02:10:00";"PB";101;"102";"ALHANDRA";"Dormindo";"Saída de Pista";"Sem Vítimas";"Plena noite";"Crescente";"Chuva";"Dupla";"Reta";"Rural";1;0;0;0;1;0;0;1
83428544;"09/01/16";"Sábado";"10:40:00";"PB";230;"35,2";"SANTA RITA";"Ingestão de álcool";"Colisão traseira";"Sem Vítimas";"Pleno dia";"Decrescente";"Chuva";"Dupla";"Curva";"Urbano";2;0;0;0;2;0;0;2
83428545;"09/01/16";"Sábado";"16:00:00";"PR";116;"50";"CAMPINA GRANDE DO SUL";"Velocidade incompatível";"Saída de Pista";"Com Vítimas Feridas";"Pleno dia";"Crescente";"Chuva";"Dupla";"Curva";"Rural";1;0;1;0;0;0;1;1
83428547;"09/01/16";"Sábado";"19:50:00";"RN";101;"94,6";"NATAL";"Não guardar distância de segurança";"Colisão com bicicleta";"Com Vítimas Feridas";"Plena noite";"Crescente";"Ceu Claro";"Simples";"Reta";"Urbano";2;0;1;0;1;0;1;2
83428548;"09/01/16";"Sábado";"23:30:00";"RS";470;"172,7";"VERANOPOLIS";"Falta de atenção";"Colisão frontal";"Sem Vítimas";"Plena noite";"Crescente";"Nublado";"Simples";"Curva";"Urbano";4;0;0;0;3;1;0;2
83428549;"09/01/16";"Sábado";"22:00:00";"BA";110;"296";"INHAMBUPE";"Desobediência à sinalização";"Colisão lateral";"Com Vítimas Feridas";"Plena noite";"Decrescente";"Chuva";"Simples";"Reta";"Urbano";3;0;1;0;2;0;1;2
83428550;"09/01/16";"Sábado";"17:00:00";"MG";50;"161";"UBERABA";"Dormindo";"Capotamento";"Com Vítimas Feridas";"Pleno dia";"Crescente";"Chuva";"Dupla";"Curva";"Rural";1;0;1;0;0;0;1;1
83428551;"10/01/16";"Domingo";"04:45:00";"RS";290;"1,7";"OSORIO";"Animais na Pista";"Atropelamento de animal";"Com Vítimas Feridas";"Plena noite";"Decrescente";"Nublado";"Dupla";"Reta";"Rural";3;0;2;0;1;0;2;2
83428553;"09/01/16";"Sábado";"19:00:00";"PB";101;"12,5";"MAMANGUAPE";"Velocidade incompatível";"Colisão traseira";"Com Vítimas Fatais";"Plena noite";"Crescente";"Chuva";"Dupla";"Curva";"Rural";2;1;0;0;0;1;0;2
83428554;"09/01/16";"Sábado";"16:00:00";"GO";60;"12,9";"SANTO ANTONIO DO DESCOBERTO";"Falta de atenção";"Colisão traseira";"Sem Vítimas";"Pleno dia";"Decrescente";"Chuva";"Dupla";"Reta";"Rural";2;0;0;0;2;0;0;2
83428555;"10/01/16";"Domingo";"04:55:00";"RS";116;"147,9";"CAXIAS DO SUL";"Dormindo";"Colisão com objeto fixo";"Com Vítimas Feridas";"Plena noite";"Decrescente";"Nublado";"Dupla";"Reta";"Urbano";3;0;3;0;0;0;3;1
83428557;"09/01/16";"Sábado";"19:10:00";"MG";381;"925";"ITAPEVA";"Velocidade incompatível";"Capotamento";"Com Vítimas Feridas";"Anoitecer";"Crescente";"Chuva";"Dupla";"Curva";"Rural";3;0;2;0;1;0;2;1
83428558;"09/01/16";"Sábado";"21:40:00";"ES";101;"132";"LINHARES";"Falta de atenção";"Colisão lateral";"Com Vítimas Feridas";"Plena noite";"Crescente";"Ceu Claro";"Simples";"Reta";"Rural";3;0;0;2;1;0;2;2
83428559;"09/01/16";"Sábado";"16:30:00";"PI";135;"478";"MONTE ALEGRE DO PIAUI";"Dormindo";"Saída de Pista";"Sem Vítimas";"Pleno dia";"Decrescente";"Nublado";"Simples";"Reta";"Rural";4;0;0;0;4;0;0;1
83428560;"09/01/16";"Sábado";"21:30:00";"SE";101;"122,7";"ITAPORANGA DAJUDA";"Outras";"Colisão com objeto fixo";"Com Vítimas Feridas";"Plena noite";"Crescente";"Chuva";"Dupla";"Curva";"Rural";2;0;2;0;0;0;2;1
83428561;"09/01/16";"Sábado";"23:45:00";"MA";222;"675";"ACAILANDIA";"Falta de atenção";"Colisão frontal";"Com Vítimas Feridas";"Plena noite";"Crescente";"Ignorada";"Simples";"Reta";"Urbano";4;0;1;0;3;0;1;2
83428562;"09/01/16";"Sábado";"17:00:00";"PR";376;"493";"PONTA GROSSA";"Velocidade incompatível";"Queda de motocicleta / bicicleta / veículo";"Com Vítimas Feridas";"Pleno dia";"Crescente";"Nublado";"Dupla";"Reta";"Urbano";1;0;0;1;0;0;1;1
83428563;"09/01/16";"Sábado";"23:40:00";"SP";116;"269";"TABOAO DA SERRA";"Velocidade incompatível";"Colisão lateral";"Sem Vítimas";"Plena noite";"Decrescente";"Chuva";"Múltipla";"Reta";"Urbano";3;0;0;0;3;0;0;3
83428564;"10/01/16";"Domingo";"04:50:00";"PI";316;"7,9";"TERESINA";"Dormindo";"Colisão com objeto fixo";"Sem Vítimas";"Plena noite";"Crescente";"Ceu Claro";"Simples";"Reta";"Urbano";1;0;0;0;1;0;0;1
83428566;"10/01/16";"Domingo";"00:10:00";"MG";116;"163,8";"PADRE PARAISO";"Outras";"Capotamento";"Com Vítimas Feridas";"Pleno dia";"Decrescente";"Ignorada";"Simples";"Reta";"Rural";1;0;1;0;0;0;1;1
83428567;"09/01/16";"Sábado";"18:50:00";"RS";293;"12,5";"CAPAO DO LEAO";"Ingestão de álcool";"Colisão traseira";"Com Vítimas Feridas";"Pleno dia";"Crescente";"Sol";"Simples";"Reta";"Rural";6;0;3;0;3;0;3;3
83428568;"10/01/16";"Domingo";"05:40:00";"PI";316;"0";"TERESINA";"Falta de atenção";"Colisão traseira";"Com Vítimas Feridas";"Amanhecer";"Decrescente";"Nublado";"Simples";"Reta";"Urbano";2;0;1;0;0;1;1;2
83428569;"06/01/16";"Quarta";"00:20:00";"ES";101;"69";"SAO MATEUS";"Outras";"Queda de motocicleta / bicicleta / veículo";"Com Vítimas Feridas";"Plena noite";"Crescente";"Ceu Claro";"Simples";"Reta";"Urbano";1;0;1;0;0;0;1;1
83428570;"06/01/16";"Quarta";"14:35:00";"SC";101;"163,6";"TIJUCAS";"Outras";"Colisão traseira";"Com Vítimas Feridas";"Pleno dia";"Decrescente";"Ceu Claro";"Múltipla";"Reta";"Urbano";4;0;2;0;2;0;2;2
83428571;"06/01/16";"Quarta";"13:15:00";"SP";153;"58,8";"SAO JOSE DO RIO PRETO";"Falta de atenção";"Colisão Transversal";"Com Vítimas Feridas";"Pleno dia";"Decrescente";"Sol";"Simples";"Cruzamento";"Urbano";3;0;2;0;1;0;2;2
83428572;"10/01/16";"Domingo";"06:00:00";"MG";40;"48";"PARACATU";"Outras";"Saída de Pista";"Com Vítimas Feridas";"Amanhecer";"Decrescente";"Chuva";"Simples";"Reta";"Rural";1;0;1;0;0;0;1;1
83428573;"09/01/16";"Sábado";"02:00:00";"MG";40;"800";"MATIAS BARBOSA";"Falta de atenção";"Colisão com objeto fixo";"Sem Vítimas";"Plena noite";"Decrescente";"Ceu Claro";"Dupla";"Reta";"Rural";1;0;0;0;1;0;0;1
83428574;"06/01/16";"Quarta";"10:30:00";"GO";153;"513";"APARECIDA DE GOIANIA";"Não guardar distância de segurança";"Colisão lateral";"Sem Vítimas";"Pleno dia";"Crescente";"Sol";"Dupla";"Reta";"Urbano";2;0;0;0;2;0;0;2
83428575;"06/01/16";"Quarta";"17:50:00";"BA";101;"360";"WENCESLAU GUIMARAES";"Ingestão de álcool";"Queda de motocicleta / bicicleta / veículo";"Com Vítimas Fatais";"Pleno dia";"Decrescente";"Chuva";"Simples";"Reta";"Rural";1;1;0;0;0;0;0;1
83428576;"09/01/16";"Sábado";"20:00:00";"ES";101;"68";"SAO MATEUS";"Falta de atenção";"Colisão Transversal";"Com Vítimas Feridas";"Plena noite";"Decrescente";"Ceu Claro";"Simples";"Cruzamento";"Urbano";2;0;0;1;1;0;1;2
83428577;"07/01/16";"Quinta";"20:30:00";"MG";251;"464";"GRAO MOGOL";"Velocidade incompatível";"Colisão frontal";"Com Vítimas Feridas";"Plena noite";"Decrescente";"Chuva";"Simples";"Curva";"Rural";2;0;1;1;0;0;2;2
83428578;"02/01/16";"Sábado";"11:15:00";"SC";282;"15,6";"PALHOCA";"Falta de atenção";"Colisão traseira";"Sem Vítimas";"Pleno dia";"Decrescente";"Chuva";"Simples";"Reta";"Urbano";3;0;0;0;3;0;0;3
83428579;"10/01/16";"Domingo";"05:00:00";"PR";376;"600";"CURITIBA";"Velocidade incompatível";"Saída de Pista";"Com Vítimas Feridas";"Plena noite";"Crescente";"Chuva";"Dupla";"Curva";"Urbano";2;0;1;0;1;0;1;1
83428582;"06/01/16";"Quarta";"08:45:00";"MG";116;"414,5";"GOVERNADOR VALADARES";"Não guardar distância de segurança";"Colisão traseira";"Com Vítimas Feridas";"Pleno dia";"Decrescente";"Ceu Claro";"Simples";"Reta";"Urbano";2;0;1;0;1;0;1;2
83428583;"10/01/16";"Domingo";"01:00:00";"RO";364;"83,5";"VILHENA";"Outras";"Capotamento";"Sem Vítimas";"Plena noite";"Decrescente";"Chuva";"Simples";"Curva";"Rural";1;0;0;0;1;0;0;1
83428585;"07/01/16";"Quinta";"16:30:00";"MG";116;"552,5";"SANTA BARBARA DO LESTE";"Desobediência à sinalização";"Colisão Transversal";"Com Vítimas Feridas";"Pleno dia";"Decrescente";"Ceu Claro";"Simples";"Reta";"Urbano";2;0;1;0;1;0;1;2
83428586;"10/01/16";"Domingo";"05:15:00";"PI";343;"275,2";"CAMPO MAIOR";"Outras";"Colisão lateral";"Sem Vítimas";"Amanhecer";"Crescente";"Ceu Claro";"Simples";"Curva";"Rural";2;0;0;0;1;1;0;2
83428587;"08/01/16";"Sexta";"21:45:00";"RN";405;"148";"PAU DOS FERROS";"Defeito na via";"Tombamento";"Com Vítimas Feridas";"Plena noite";"Decrescente";"Nublado";"Simples";"Curva";"Rural";1;0;1;0;0;0;1;1
83428588;"10/01/16";"Domingo";"06:40:00";"PR";116;"117";"CURITIBA";"Outras";"Colisão com objeto fixo";"Sem Vítimas";"Amanhecer";"Crescente";"Chuva";"Dupla";"Curva";"Urbano";1;0;0;0;1;0;0;1
83428589;"06/01/16";"Quarta";"23:00:00";"MT";70;"195";"GENERAL CARNEIRO";"Falta de atenção";"Colisão Transversal";"Sem Vítimas";"Plena noite";"Decrescente";"Nublado";"Simples";"Reta";"Rural";2;0;0;0;2;0;0;2
83428591;"10/01/16";"Domingo";"07:15:00";"MG";381;"527";"BRUMADINHO";"Velocidade incompatível";"Queda de motocicleta / bicicleta / veículo";"Com Vítimas Feridas";"Pleno dia";"Crescente";"Nublado";"Dupla";"Curva";"Rural";1;0;1;0;0;0;1;1
83428592;"06/01/16";"Quarta";"09:30:00";"SP";116;"230";"SAO PAULO";"Outras";"Queda de motocicleta / bicicleta / veículo";"Com Vítimas Feridas";"Pleno dia";"Crescente";"Ceu Claro";"Simples";"Reta";"Urbano";2;0;1;0;1;0;1;2
83428593;"10/01/16";"Domingo";"08:00:00";"SC";0;"75,3";"INDAIAL";"Outras";"Queda de motocicleta / bicicleta / veículo";"Com Vítimas Feridas";"Pleno dia";"Decrescente";"Chuva";"Dupla";"Reta";"Rural";1;0;1;0;0;0;1;1
83428594;"10/01/16";"Domingo";"06:00:00";"GO";153;"703";"ITUMBIARA";"Falta de atenção";"Colisão frontal";"Com Vítimas Feridas";"Amanhecer";"Crescente";"Nublado";"Dupla";"Reta";"Urbano";2;0;1;0;1;0;1;2
83428598;"06/01/16";"Quarta";"07:30:00";"SC";101;"340,5";"TUBARAO";"Dormindo";"Saída de Pista";"Ignorado";"Pleno dia";"Crescente";"Nublado";"Dupla";"Reta";"Rural";1;0;0;0;0;1;0;1
83428599;"10/01/16";"Domingo";"04:30:00";"MG";381;"717";"CARMO DA CACHOEIRA";"Velocidade incompatível";"Saída de Pista";"Sem Vítimas";"Plena noite";"Crescente";"Chuva";"Dupla";"Curva";"Rural";1;0;0;0;1;0;0;1
83428600;"09/01/16";"Sábado";"04:00:00";"PE";116;"26";"SALGUEIRO";"Outras";"Queda de motocicleta / bicicleta / veículo";"Com Vítimas Feridas";"Amanhecer";"Decrescente";"Chuva";"Simples";"Curva";"Urbano";2;0;0;2;0;0;2;1
83428602;"07/01/16";"Quinta";"01:30:00";"PA";155;"292,8";"MARABA";"Animais na Pista";"Atropelamento de animal";"Com Vítimas Feridas";"Plena noite";"Crescente";"Ignorada";"Simples";"Reta";"Rural";1;0;1;0;0;0;1;1
83428603;"10/01/16";"Domingo";"08:40:00";"SP";381;"78,7";"SAO PAULO";"Velocidade incompatível";"Colisão com objeto fixo";"Sem Vítimas";"Pleno dia";"Crescente";"Chuva";"Dupla";"Curva";"Urbano";1;0;0;0;1;0;0;1
83428604;"06/01/16";"Quarta";"12:45:00";"MG";153;"7";"ARAPORA";"Outras";"Capotamento";"Com Vítimas Feridas";"Pleno dia";"Crescente";"Chuva";"Dupla";"Reta";"Rural";1;0;1;0;0;0;1;1
83428605;"10/01/16";"Domingo";"06:40:00";"RS";290;"92";"PORTO ALEGRE";"Velocidade incompatível";"Colisão com objeto fixo";"Com Vítimas Feridas";"Amanhecer";"Crescente";"Ceu Claro";"Simples";"Curva";"Urbano";2;0;2;0;0;0;2;1
83428607;"08/01/16";"Sexta";"11:00:00";"PE";104;"53";"CARUARU";"Outras";"Colisão traseira";"Com Vítimas Feridas";"Pleno dia";"Decrescente";"Ceu Claro";"Dupla";"Reta";"Urbano";2;0;1;0;1;0;1;2
83428608;"10/01/16";"Domingo";"04:30:00";"RJ";116;"63";"TERESOPOLIS";"Não guardar distância de segurança";"Colisão frontal";"Com Vítimas Fatais";"Plena noite";"Decrescente";"Ceu Claro";"Simples";"Curva";"Rural";4;1;2;1;0;0;3;2
83428609;"07/01/16";"Quinta";"02:15:00";"MG";116;"580,5";"MANHUACU";"Animais na Pista";"Atropelamento de animal";"Sem Vítimas";"Plena noite";"Crescente";"Ceu Claro";"Simples";"Curva";"Rural";1;0;0;0;1;0;0;1
83428610;"10/01/16";"Domingo";"09:00:00";"RJ";101;"408";"ITAGUAI";"Ingestão de álcool";"Colisão traseira";"Com Vítimas Feridas";"Pleno dia";"Crescente";"Ceu Claro";"Simples";"Reta";"Urbano";5;0;2;0;3;0;2;4
83428611;"10/01/16";"Domingo";"07:30:00";"MT";364;"388";"SANTO ANTONIO DO LEVERGER";"Falta de atenção";"Colisão traseira";"Sem Vítimas";"Pleno dia";"Crescente";"Nublado";"Simples";"Reta";"Rural";2;0;0;0;1;1;0;2
83428612;"10/01/16";"Domingo";"07:45:00";"PI";316;"13";"TERESINA";"Animais na Pista";"Atropelamento de animal";"Sem Vítimas";"Pleno dia";"Crescente";"Nublado";"Simples";"Reta";"Urbano";1;0;0;0;1;0;0;1
83428613;"06/01/16";"Quarta";"15:20:00";"MT";364;"486";"JANGADA";"Outras";"Saída de Pista";"Sem Vítimas";"Pleno dia";"Crescente";"Chuva";"Simples";"Curva";"Rural";1;0;0;0;1;0;0;1
83428614;"10/01/16";"Domingo";"08:00:00";"SC";101;"57,3";"ARAQUARI";"Velocidade incompatível";"Colisão traseira";"Com Vítimas Feridas";"Pleno dia";"Crescente";"Chuva";"Dupla";"Curva";"Rural";2;0;1;0;1;0;1;2
83428615;"10/01/16";"Domingo";"08:55:00";"SC";470;"124,5";"IBIRAMA";"Outras";"Capotamento";"Com Vítimas Feridas";"Pleno dia";"Crescente";"Chuva";"Simples";"Curva";"Urbano";2;0;1;0;1;0;1;1
83428616;"10/01/16";"Domingo";"09:50:00";"RJ";101;"400";"ITAGUAI";"Falta de atenção";"Colisão traseira";"Sem Vítimas";"Pleno dia";"Decrescente";"Ceu Claro";"Simples";"Reta";"Urbano";2;0;0;0;2;0;0;2
83428617;"06/01/16";"Quarta";"07:05:00";"GO";153;"570,1";"PROFESSOR JAMIL";"Dormindo";"Tombamento";"Sem Vítimas";"Pleno dia";"Decrescente";"Nublado";"Dupla";"Reta";"Rural";1;0;0;0;1;0;0;1
83428618;"05/01/16";"Terça";"16:30:00";"SE";101;"66";"ROSARIO DO CATETE";"Falta de atenção";"Colisão traseira";"Sem Vítimas";"Pleno dia";"Crescente";"Ceu Claro";"Simples";"Reta";"Rural";3;0;0;0;2;1;0;3
83428619;"10/01/16";"Domingo";"05:50:00";"MS";163;"104";"ITAQUIRAI";"Velocidade incompatível";"Saída de Pista";"Sem Vítimas";"Amanhecer";"Crescente";"Chuva";"Simples";"Curva";"Rural";5;0;0;0;5;0;0;1
83428621;"10/01/16";"Domingo";"07:00:00";"PR";376;"519,6";"PONTA GROSSA";"Outras";"Capotamento";"Com Vítimas Feridas";"Pleno dia";"Decrescente";"Chuva";"Dupla";"Reta";"Rural";1;0;1;0;0;0;1;1
83428622;"09/01/16";"Sábado";"11:20:00";"AL";101;"113,1";"PILAR";"Outras";"Tombamento";"Com Vítimas Feridas";"Pleno dia";"Crescente";"Chuva";"Simples";"Curva";"Rural";2;0;1;1;0;0;2;1
83428623;"06/01/16";"Quarta";"16:20:00";"PA";222;"228";"MARABA";"Desobediência à sinalização";"Colisão Transversal";"Com Vítimas Feridas";"Pleno dia";"Crescente";"Ceu Claro";"Simples";"Reta";"Rural";3;0;3;0;0;0;3;2
83428624;"10/01/16";"Domingo";"08:30:00";"PR";277;"203,1";"PALMEIRA";"Velocidade incompatível";"Capotamento";"Com Vítimas Feridas";"Pleno dia";"Decrescente";"Chuva";"Simples";"Reta";"Rural";2;0;1;0;1;0;1;1
83428625;"03/01/16";"Domingo";"08:00:00";"RJ";40;"35";"AREAL";"Outras";"Colisão com objeto fixo";"Ignorado";"Pleno dia";"Crescente";"Sol";"Dupla";"Curva";"Rural";1;0;0;0;0;1;0;1
83428626;"06/01/16";"Quarta";"09:45:00";"AP";156;"234";"MACAPA";"Defeito na via";"Saída de Pista";"Com Vítimas Feridas";"Pleno dia";"Crescente";"Ceu Claro";"Simples";"Reta";"Rural";1;0;1;0;0;0;1;1
83428628;"06/01/16";"Quarta";"18:00:00";"BA";101;"94";"ALAGOINHAS";"Outras";"Capotamento";"Com Vítimas Feridas";"Anoitecer";"Crescente";"Chuva";"Simples";"Reta";"Rural";5;0;2;0;3;0;2;1
83428629;"10/01/16";"Domingo";"08:30:00";"CE";116;"15";"FORTALEZA";"Falta de atenção";"Colisão traseira";"Com Vítimas Feridas";"Pleno dia";"Decrescente";"Ceu Claro";"Dupla";"Curva";"Urbano";5;0;1;1;3;0;2;2