"id";"data_inversa";"dia_semana";"horario";"uf";"br";"km";"municipio";"causa_acidente";"tipo_acidente";"classificacao_acidente";"fase_dia";"sentido_via";"condicao_metereologica";"tipo_pista";"tracado_via";"uso_solo";"pessoas";"mortos";"feridos_leves";"feridos_graves";"ilesos";"ignorados";"feridos";"veiculos"
83428751;"10/01/16";"Domingo";"17:00:00";"PA";163;"978";"SANTAREM";"Ingestão de álcool";"Colisão com bicicleta";"Com Vítimas Feridas";"Pleno dia";"Decrescente";"Nublado";"Simples";"Reta";"Rural";2;0;0;1;1;0;1;2
83428753;"10/01/16";"Domingo";"16:30:00";"SC";282;"588,3";"SAUDADES";"Ultrapassagem indevida";"Colisão traseira";"Sem Vítimas";"Pleno dia";"Crescente";"Ceu Claro";"Simples";"Reta";"Rural";3;0;0;0;3;0;0;2
83428754;"10/01/16";"Domingo";"18:05:00";"SP";116;"223";"GUARULHOS";"Outras";"Colisão traseira";"Com Vítimas Feridas";"Pleno dia";"Decrescente";"Chuva";"Múltipla";"Reta";"Urbano";6;0;2;0;4;0;2;4
83428755;"10/01/16";"Domingo";"15:00:00";"SC";282;"294";"VARGEM";"Velocidade incompatível";"Capotamento";"Com Vítimas Feridas";"Pleno dia";"Decrescente";"Chuva";"Simples";"Curva";"Rural";3;0;1;0;2;0;1;1
83428756;"10/01/16";"Domingo";"16:00:00";"SC";282;"190,5";"LAGES";"Falta de atenção";"Colisão traseira";"Com Vítimas Feridas";"Pleno dia";"Crescente";"Chuva";"Simples";"Curva";"Rural";4;0;2;0;2;0;2;2
83428757;"10/01/16";"Domingo";"17:45:00";"SC";280;"183,1";"MAFRA";"Outras";"Capotamento";"Sem Vítimas";"Pleno dia";"Decrescente";"Chuva";"Simples";"Curva";"Rural";3;0;0;0;3;0;0;1
83428758;"10/01/16";"Domingo";"15:25:00";"PR";467;"113";"CASCAVEL";"Velocidade incompatível";"Colisão Transversal";"Sem Vítimas";"Pleno dia";"Decrescente";"Nublado";"Dupla";"Cruzamento";"Urbano";2;0;0;0;2;0;0;2
83428759;"10/01/16";"Domingo";"17:15:00";"PR";277;"619,2";"CEU AZUL";"Falta de atenção";"Colisão lateral";"Com Vítimas Feridas";"Pleno dia";"Decrescente";"Chuva";"Simples";"Reta";"Rural";5;0;1;0;4;0;1;2
83428760;"10/01/16";"Domingo";"17:30:00";"PR";277;"707";"SAO MIGUEL DO IGUACU";"Outras";"Saída de Pista";"Com Vítimas Feridas";"Pleno dia";"Crescente";"Chuva";"Dupla";"Reta";"Rural";3;0;3;0;0;0;3;1
83428761;"10/01/16";"Domingo";"09:50:00";"PR";116;"3";"CAMPINA GRANDE DO SUL";"Velocidade incompatível";"Colisão com objeto fixo";"Com Vítimas Feridas";"Pleno dia";"Crescente";"Chuva";"Dupla";"Reta";"Urbano";1;0;1;0;0;0;1;1
83428762;"10/01/16";"Domingo";"17:15:00";"RS";290;"78";"GRAVATAI";"Falta de atenção";"Colisão lateral";"Com Vítimas Feridas";"Pleno dia";"Crescente";"Ceu Claro";"Múltipla";"Reta";"Urbano";2;0;1;0;1;0;1;2
83428763;"10/01/16";"Domingo";"15:20:00";"ES";101;"373";"ICONHA";"Ingestão de álcool";"Saída de Pista";"Com Vítimas Feridas";"Pleno dia";"Crescente";"Ceu Claro";"Simples";"Reta";"Rural";1;0;1;0;0;0;1;1
83428764;"10/01/16";"Domingo";"14:00:00";"PB";104;"179,5";"ALCANTIL";"Velocidade incompatível";"Saída de Pista";"Com Vítimas Feridas";"Pleno dia";"Crescente";"Chuva";"Simples";"Curva";"Rural";1;0;1;0;0;0;1;1
83428765;"10/01/16";"Domingo";"18:00:00";"SC";282;"341";"CAMPOS NOVOS";"Falta de atenção";"Colisão Transversal";"Com Vítimas Feridas";"Anoitecer";"Crescente";"Chuva";"Simples";"Reta";"Urbano";3;0;1;0;2;0;1;2
83428766;"10/01/16";"Domingo";"18:20:00";"MG";146;"507,9";"POCOS DE CALDAS";"Falta de atenção";"Colisão Transversal";"Com Vítimas Feridas";"Anoitecer";"Decrescente";"Chuva";"Simples";"Reta";"Rural";2;0;1;0;1;0;1;2
83428767;"10/01/16";"Domingo";"17:55:00";"RS";386;"426,6";"MONTENEGRO";"Falta de atenção";"Saída de Pista";"Sem Vítimas";"Pleno dia";"Crescente";"Ceu Claro";"Dupla";"Curva";"Rural";1;0;0;0;1;0;0;1
83428768;"10/01/16";"Domingo";"10:00:00";"MG";365;"696";"MONTE ALEGRE DE MINAS";"Dormindo";"Saída de Pista";"Com Vítimas Feridas";"Pleno dia";"Crescente";"Sol";"Dupla";"Reta";"Rural";1;0;1;0;0;0;1;1
83428769;"06/01/16";"Quarta";"11:30:00";"RJ";356;"50";"ITAPERUNA";"Falta de atenção";"Colisão lateral";"Com Vítimas Feridas";"Pleno dia";"Crescente";"Ceu Claro";"Simples";"Reta";"Rural";5;0;4;0;1;0;4;2
83428770;"10/01/16";"Domingo";"09:20:00";"SC";470;"113,3";"IBIRAMA";"Velocidade incompatível";"Capotamento";"Sem Vítimas";"Pleno dia";"Crescente";"Chuva";"Simples";"Curva";"Urbano";1;0;0;0;1;0;0;1
83428771;"10/01/16";"Domingo";"14:30:00";"MT";70;"720,3";"CACERES";"Outras";"Capotamento";"Sem Vítimas";"Pleno dia";"Crescente";"Chuva";"Simples";"Curva";"Rural";1;0;0;0;1;0;0;1
83428772;"10/01/16";"Domingo";"17:50:00";"RS";285;"426,1";"PANAMBI";"Não guardar distância de segurança";"Colisão traseira";"Com Vítimas Feridas";"Pleno dia";"Crescente";"Sol";"Simples";"Reta";"Rural";3;0;1;0;2;0;1;2
83428773;"10/01/16";"Domingo";"16:40:00";"SC";282;"54,9";"RANCHO QUEIMADO";"Não guardar distância de segurança";"Colisão lateral";"Sem Vítimas";"Pleno dia";"Crescente";"Chuva";"Simples";"Curva";"Rural";2;0;0;0;2;0;0;2
83428774;"10/01/16";"Domingo";"15:25:00";"MG";381;"674,8";"PERDOES";"Outras";"Queda de motocicleta / bicicleta / veículo";"Com Vítimas Feridas";"Pleno dia";"Decrescente";"Ceu Claro";"Dupla";"Curva";"Urbano";2;0;1;0;1;0;1;1
83428775;"10/01/16";"Domingo";"18:00:00";"SC";280;"244,4";"CANOINHAS";"Falta de atenção";"Saída de Pista";"Com Vítimas Feridas";"Pleno dia";"Crescente";"Chuva";"Simples";"Reta";"Urbano";3;0;1;0;2;0;1;1
83428776;"10/01/16";"Domingo";"16:30:00";"MG";262;"404,1";"PARA DE MINAS";"Outras";"Saída de Pista";"Com Vítimas Feridas";"Pleno dia";"Crescente";"Sol";"Simples";"Curva";"Rural";2;0;0;2;0;0;2;1
83428777;"08/01/16";"Sexta";"16:45:00";"SC";101;"38,4";"JOINVILLE";"Falta de atenção";"Colisão traseira";"Sem Vítimas";"Pleno dia";"Crescente";"Nublado";"Dupla";"Reta";"Urbano";2;0;0;0;2;0;0;2
83428778;"10/01/16";"Domingo";"18:10:00";"MS";267;"18,2";"BATAGUASSU";"Ingestão de álcool";"Colisão traseira";"Sem Vítimas";"Anoitecer";"Decrescente";"Nublado";"Simples";"Reta";"Rural";6;0;0;0;5;1;0;3
83428779;"10/01/16";"Domingo";"19:00:00";"BA";101;"739";"ITABELA";"Velocidade incompatível";"Saída de Pista";"Com Vítimas Feridas";"Anoitecer";"Decrescente";"Ignorada";"Simples";"Curva";"Rural";2;0;2;0;0;0;2;1
83428780;"10/01/16";"Domingo";"18:00:00";"RJ";101;"297";"ITABORAI";"Outras";"Colisão lateral";"Com Vítimas Feridas";"Plena noite";"Crescente";"Ceu Claro";"Dupla";"Reta";"Urbano";3;0;1;0;1;1;1;2
83428781;"10/01/16";"Domingo";"17:10:00";"SC";280;"23";"ARAQUARI";"Outras";"Colisão traseira";"Com Vítimas Feridas";"Pleno dia";"Crescente";"Chuva";"Simples";"Reta";"Urbano";2;0;1;0;1;0;1;2
83428782;"10/01/16";"Domingo";"18:30:00";"PI";316;"10,8";"TERESINA";"Falta de atenção";"Saída de Pista";"Sem Vítimas";"Plena noite";"Crescente";"Nublado";"Simples";"Reta";"Urbano";1;0;0;0;1;0;0;1
83428783;"03/01/16";"Domingo";"06:40:00";"SC";282;"82,5";"ALFREDO WAGNER";"Velocidade incompatível";"Capotamento";"Sem Vítimas";"Pleno dia";"Crescente";"Nublado";"Simples";"Curva";"Rural";1;0;0;0;1;0;0;1
83428784;"10/01/16";"Domingo";"15:00:00";"SP";116;"110,4";"TAUBATE";"Falta de atenção";"Colisão Transversal";"Com Vítimas Feridas";"Pleno dia";"Decrescente";"Chuva";"Dupla";"Reta";"Urbano";2;0;0;1;1;0;1;2
83428785;"10/01/16";"Domingo";"15:10:00";"PR";163;"201";"SANTA TEREZA DO OESTE";"Outras";"Saída de Pista";"Sem Vítimas";"Pleno dia";"Decrescente";"Chuva";"Simples";"Reta";"Rural";1;0;0;0;1;0;0;1
83428786;"10/01/16";"Domingo";"18:50:00";"SP";381;"81";"SAO PAULO";"Velocidade incompatível";"Capotamento";"Com Vítimas Feridas";"Pleno dia";"Crescente";"Chuva";"Dupla";"Reta";"Urbano";2;0;2;0;0;0;2;1
83428789;"10/01/16";"Domingo";"14:20:00";"MG";251;"472,1";"FRANCISCO SA";"Velocidade incompatível";"Colisão traseira";"Sem Vítimas";"Pleno dia";"Crescente";"Ceu Claro";"Simples";"Reta";"Rural";2;0;0;0;2;0;0;2
83428790;"10/01/16";"Domingo";"20:28:00";"SC";101;"266";"PAULO LOPES";"Não guardar distância de segurança";"Colisão traseira";"Sem Vítimas";"Plena noite";"Decrescente";"Chuva";"Dupla";"Reta";"Rural";2;0;0;0;2;0;0;2
83428791;"10/01/16";"Domingo";"17:10:00";"PE";232;"36,3";"MORENO";"Falta de atenção";"Colisão traseira";"Sem Vítimas";"Pleno dia";"Decrescente";"Nublado";"Dupla";"Reta";"Urbano";4;0;0;0;3;1;0;4
83428792;"08/01/16";"Sexta";"01:00:00";"PR";467;"112,2";"CASCAVEL";"Falta de atenção";"Colisão Transversal";"Com Vítimas Feridas";"Plena noite";"Decrescente";"Ceu Claro";"Simples";"Reta";"Urbano";3;0;1;0;2;0;1;2
83428793;"10/01/16";"Domingo";"19:30:00";"PR";376;"633";"SAO JOSE DOS PINHAIS";"Falta de atenção";"Colisão lateral";"Com Vítimas Feridas";"Plena noite";"Decrescente";"Chuva";"Dupla";"Reta";"Rural";3;0;1;0;1;1;1;3
83428794;"10/01/16";"Domingo";"17:00:00";"RN";304;"228,8";"RIACHUELO";"Defeito mecânico em veículo";"Colisão com objeto móvel";"Sem Vítimas";"Anoitecer";"Crescente";"Nublado";"Simples";"Reta";"Rural";2;0;0;0;2;0;0;2
83428795;"10/01/16";"Domingo";"17:00:00";"GO";50;"170,9";"CAMPO ALEGRE DE GOIAS";"Dormindo";"Saída de Pista";"Sem Vítimas";"Pleno dia";"Decrescente";"Ceu Claro";"Simples";"Reta";"Rural";1;0;0;0;1;0;0;1
83428796;"10/01/16";"Domingo";"20:50:00";"ES";101;"255,3";"SERRA";"Falta de atenção";"Colisão lateral";"Com Vítimas Feridas";"Plena noite";"Decrescente";"Ceu Claro";"Múltipla";"Cruzamento";"Urbano";3;0;1;0;0;2;1;3
83428798;"10/01/16";"Domingo";"20:40:00";"RJ";116;"36,5";"SAPUCAIA";"Outras";"Queda de motocicleta / bicicleta / veículo";"Com Vítimas Feridas";"Plena noite";"Crescente";"Ceu Claro";"Simples";"Reta";"Rural";1;0;1;0;0;0;1;1
83428799;"07/01/16";"Quinta";"05:30:00";"CE";116;"20,9";"ITAITINGA";"Não guardar distância de segurança";"Colisão traseira";"Sem Vítimas";"Plena noite";"Crescente";"Ceu Claro";"Dupla";"Reta";"Urbano";3;0;0;0;3;0;0;3
83428800;"10/01/16";"Domingo";"18:50:00";"RS";287;"272";"SANTA MARIA";"Desobediência à sinalização";"Colisão Transversal";"Com Vítimas Fatais";"Pleno dia";"Decrescente";"Nublado";"Simples";"Reta";"Rural";4;1;3;0;0;0;3;2
83428801;"10/01/16";"Domingo";"10:50:00";"MG";116;"449";"ENGENHEIRO CALDAS";"Velocidade incompatível";"Saída de Pista";"Com Vítimas Fatais";"Pleno dia";"Decrescente";"Ceu Claro";"Simples";"Curva";"Rural";5;1;3;1;0;0;4;1
83428802;"10/01/16";"Domingo";"07:50:00";"RJ";101;"321";"NITEROI";"Velocidade incompatível";"Colisão lateral";"Com Vítimas Feridas";"Pleno dia";"Decrescente";"Sol";"Dupla";"Curva";"Urbano";2;0;2;0;0;0;2;2
83428803;"10/01/16";"Domingo";"21:35:00";"RS";285;"292,1";"PASSO FUNDO";"Falta de atenção";"Colisão Transversal";"Sem Vítimas";"Plena noite";"Crescente";"Nublado";"Dupla";"Cruzamento";"Urbano";3;0;0;0;3;0;0;2
83428804;"10/01/16";"Domingo";"19:30:00";"SC";280;"70";"JARAGUA DO SUL";"Velocidade incompatível";"Colisão com objeto fixo";"Sem Vítimas";"Plena noite";"Decrescente";"Chuva";"Simples";"Reta";"Urbano";1;0;0;0;1;0;0;1
83428805;"05/01/16";"Terça";"20:30:00";"BA";330;"828";"UBAITABA";"Falta de atenção";"Saída de Pista";"Sem Vítimas";"Plena noite";"Crescente";"Ceu Claro";"Simples";"Cruzamento";"Rural";1;0;0;0;1;0;0;1
83428806;"10/01/16";"Domingo";"13:40:00";"SC";101;"97";"PICARRAS";"Falta de atenção";"Saída de Pista";"Sem Vítimas";"Pleno dia";"Decrescente";"Chuva";"Múltipla";"Reta";"Rural";1;0;0;0;1;0;0;1
83428807;"10/01/16";"Domingo";"09:45:00";"BA";116;"862,9";"VITORIA DA CONQUISTA";"Outras";"Colisão lateral";"Com Vítimas Feridas";"Pleno dia";"Crescente";"Nublado";"Simples";"Reta";"Rural";5;0;3;0;2;0;3;3
83428808;"10/01/16";"Domingo";"17:20:00";"GO";153;"496,8";"GOIANIA";"Falta de atenção";"Colisão traseira";"Com Vítimas Feridas";"Anoitecer";"Decrescente";"Chuva";"Dupla";"Reta";"Urbano";4;0;1;0;3;0;1;3
83428809;"10/01/16";"Domingo";"18:00:00";"GO";60;"185,3";"GUAPO";"Não guardar distância de segurança";"Colisão traseira";"Sem Vítimas";"Pleno dia";"Decrescente";"Chuva";"Dupla";"Reta";"Rural";2;0;0;0;2;0;0;2
83428810;"10/01/16";"Domingo";"15:30:00";"GO";50;"294";"CATALAO";"Outras";"Saída de Pista";"Sem Vítimas";"Pleno dia";"Decrescente";"Chuva";"Simples";"Reta";"Rural";4;0;0;0;4;0;0;1
83428811;"10/01/16";"Domingo";"19:20:00";"PR";476;"135";"CURITIBA";"Não guardar distância de segurança";"Colisão traseira";"Com Vítimas Feridas";"Plena noite";"Crescente";"Chuva";"Múltipla";"Reta";"Urbano";2;0;1;0;1;0;1;2
83428812;"10/01/16";"Domingo";"14:00:00";"TO";153;"232,6";"COLINAS DO TOCANTINS";"Outras";"Colisão frontal";"Com Vítimas Feridas";"Pleno dia";"Decrescente";"Chuva";"Simples";"Reta";"Rural";2;0;1;0;1;0;1;2
83428813;"10/01/16";"Domingo";"19:00:00";"RS";285;"79";"BOM JESUS";"Velocidade incompatível";"Saída de Pista";"Ignorado";"Pleno dia";"Decrescente";"Ceu Claro";"Simples";"Cruzamento";"Rural";1;0;0;0;0;1;0;1
83428814;"10/01/16";"Domingo";"18:40:00";"RS";470;"236";"CARLOS BARBOSA";"Outras";"Saída de Pista";"Ignorado";"Anoitecer";"Crescente";"Ceu Claro";"Simples";"Reta";"Rural";1;0;0;0;0;1;0;1
83428815;"10/01/16";"Domingo";"17:10:00";"MG";381;"837,8";"SAO SEBASTIAO DA BELA VISTA";"Velocidade incompatível";"Colisão com objeto fixo";"Com Vítimas Feridas";"Pleno dia";"Crescente";"Chuva";"Dupla";"Curva";"Rural";5;0;3;0;2;0;3;2
83428816;"10/01/16";"Domingo";"17:48:00";"BA";116;"821,9";"VITORIA DA CONQUISTA";"Ultrapassagem indevida";"Colisão frontal";"Com Vítimas Feridas";"Anoitecer";"Decrescente";"Ceu Claro";"Simples";"Reta";"Urbano";2;0;0;1;1;0;1;2
83428818;"10/01/16";"Domingo";"15:40:00";"GO";60;"162,1";"GOIANIA";"Outras";"Colisão com objeto fixo";"Com Vítimas Fatais";"Pleno dia";"Crescente";"Nublado";"Dupla";"Curva";"Urbano";1;1;0;0;0;0;0;1
83428819;"10/01/16";"Domingo";"20:45:00";"SP";101;"45,6";"UBATUBA";"Falta de atenção";"Colisão lateral";"Sem Vítimas";"Plena noite";"Decrescente";"Nublado";"Simples";"Reta";"Urbano";2;0;0;0;2;0;0;2
83428820;"06/01/16";"Quarta";"15:15:00";"RJ";116;"224";"PIRAI";"Defeito mecânico em veículo";"Colisão com objeto fixo";"Sem Vítimas";"Pleno dia";"Decrescente";"Ceu Claro";"Dupla";"Curva";"Rural";1;0;0;0;1;0;0;1
83428821;"10/01/16";"Domingo";"16:10:00";"SC";280;"90,3";"CORUPA";"Velocidade incompatível";"Colisão frontal";"Com Vítimas Feridas";"Pleno dia";"Crescente";"Chuva";"Simples";"Curva";"Rural";8;0;4;0;4;0;4;3
83428822;"10/01/16";"Domingo";"17:50:00";"MG";381;"946,3";"EXTREMA";"Velocidade incompatível";"Colisão traseira";"Com Vítimas Feridas";"Pleno dia";"Crescente";"Chuva";"Dupla";"Curva";"Rural";6;0;1;0;5;0;1;5
83428824;"10/01/16";"Domingo";"18:00:00";"TO";153;"383";"RIO DOS BOIS";"Outras";"Tombamento";"Sem Vítimas";"Pleno dia";"Decrescente";"Chuva";"Simples";"Reta";"Rural";1;0;0;0;1;0;0;1
83428825;"10/01/16";"Domingo";"20:00:00";"MG";381;"332";"NOVA ERA";"Velocidade incompatível";"Saída de Pista";"Com Vítimas Feridas";"Plena noite";"Crescente";"Ceu Claro";"Simples";"Curva";"Rural";1;0;1;0;0;0;1;1
83428827;"10/01/16";"Domingo";"16:40:00";"GO";60;"183,5";"ABADIA DE GOIAS";"Velocidade incompatível";"Saída de Pista";"Com Vítimas Feridas";"Pleno dia";"Crescente";"Chuva";"Dupla";"Curva";"Rural";1;0;1;0;0;0;1;1
83428828;"10/01/16";"Domingo";"18:40:00";"SP";116;"557,5";"BARRA DO TURVO";"Velocidade incompatível";"Capotamento";"Sem Vítimas";"Anoitecer";"Decrescente";"Chuva";"Dupla";"Curva";"Rural";1;0;0;0;1;0;0;1
83428829;"10/01/16";"Domingo";"17:30:00";"PB";230;"489,3";"SAO JOAO DO RIO DO PEIXE";"Outras";"Capotamento";"Com Vítimas Feridas";"Pleno dia";"Decrescente";"Chuva";"Simples";"Reta";"Rural";3;0;2;0;1;0;2;1
83428830;"10/01/16";"Domingo";"05:30:00";"MS";163;"256,5";"DOURADOS";"Outras";"Colisão traseira";"Com Vítimas Fatais";"Amanhecer";"Crescente";"Chuva";"Dupla";"Reta";"Urbano";3;1;0;1;1;0;1;2
83428831;"10/01/16";"Domingo";"19:00:00";"MT";70;"676";"CACERES";"Animais na Pista";"Atropelamento de animal";"Sem Vítimas";"Anoitecer";"Crescente";"Chuva";"Simples";"Reta";"Rural";1;0;0;0;1;0;0;1
83428832;"10/01/16";"Domingo";"22:00:00";"RJ";40;"85";"PETROPOLIS";"Outras";"Capotamento";"Sem Vítimas";"Plena noite";"Decrescente";"Ignorada";"Simples";"Curva";"Rural";2;0;0;0;2;0;0;1
83428833;"10/01/16";"Domingo";"19:45:00";"BA";101;"10";"RIO REAL";"Animais na Pista";"Saída de Pista";"Com Vítimas Feridas";"Plena noite";"Crescente";"Nublado";"Simples";"Reta";"Rural";3;0;2;0;1;0;2;1
83428834;"10/01/16";"Domingo";"22:30:00";"PR";376;"215,9";"JANDAIA DO SUL";"Falta de atenção";"Colisão Transversal";"Com Vítimas Feridas";"Plena noite";"Crescente";"Chuva";"Simples";"Cruzamento";"Urbano";3;0;2;0;1;0;2;2
83428835;"10/01/16";"Domingo";"18:00:00";"SE";235;"59,8";"ITABAIANA";"Velocidade incompatível";"Saída de Pista";"Com Vítimas Feridas";"Plena noite";"Decrescente";"Ignorada";"Simples";"Curva";"Rural";1;0;0;1;0;0;1;1
83428836;"10/01/16";"Domingo";"18:00:00";"MT";70;"187";"GENERAL CARNEIRO";"Velocidade incompatível";"Saída de Pista";"Com Vítimas Feridas";"Pleno dia";"Crescente";"Chuva";"Simples";"Curva";"Rural";1;0;1;0;0;0;1;1
83428838;"10/01/16";"Domingo";"22:00:00";"CE";20;"314,2";"CANINDE";"Animais na Pista";"Atropelamento de animal";"Sem Vítimas";"Plena noite";"Crescente";"Ceu Claro";"Simples";"Reta";"Rural";1;0;0;0;1;0;0;1
83428839;"10/01/16";"Domingo";"22:15:00";"GO";60;"128";"GOIANAPOLIS";"Não guardar distância de segurança";"Colisão traseira";"Sem Vítimas";"Plena noite";"Crescente";"Nublado";"Dupla";"Reta";"Rural";2;0;0;0;1;1;0;2
83428840;"10/01/16";"Domingo";"18:30:00";"PR";153;"489";"GENERAL CARNEIRO";"Desobediência à sinalização";"Colisão Transversal";"Com Vítimas Feridas";"Pleno dia";"Crescente";"Ceu Claro";"Simples";"Curva";"Urbano";7;0;4;0;2;1;4;2
83428842;"10/01/16";"Domingo";"19:00:00";"RS";116;"408,3";"CAMAQUA";"Outras";"Saída de Pista";"Com Vítimas Feridas";"Pleno dia";"Crescente";"Nublado";"Simples";"Reta";"Rural";1;0;1;0;0;0;1;1
83428843;"10/01/16";"Domingo";"17:35:00";"MS";262;"358,8";"CAMPO GRANDE";"Defeito na via";"Colisão traseira";"Sem Vítimas";"Pleno dia";"Decrescente";"Chuva";"Simples";"Reta";"Rural";4;0;0;0;4;0;0;2
83428844;"10/01/16";"Domingo";"20:45:00";"MG";40;"529,7";"CONTAGEM";"Falta de atenção";"Colisão lateral";"Com Vítimas Feridas";"Plena noite";"Decrescente";"Nublado";"Dupla";"Curva";"Urbano";2;0;1;0;0;1;1;2
83428845;"10/01/16";"Domingo";"09:30:00";"RS";116;"541,2";"CAPAO DO LEAO";"Defeito mecânico em veículo";"Colisão com objeto fixo";"Sem Vítimas";"Pleno dia";"Decrescente";"Ceu Claro";"Simples";"Reta";"Rural";1;0;0;0;1;0;0;1
83428846;"10/01/16";"Domingo";"23:45:00";"RS";116;"396";"CAMAQUA";"Animais na Pista";"Saída de Pista";"Sem Vítimas";"Plena noite";"Decrescente";"Nublado";"Simples";"Reta";"Urbano";4;0;0;0;4;0;0;1
83428847;"10/01/16";"Domingo";"19:30:00";"PR";376;"147";"PRESIDENTE CASTELO BRANCO";"Falta de atenção";"Colisão traseira";"Com Vítimas Feridas";"Plena noite";"Crescente";"Chuva";"Dupla";"Reta";"Rural";4;0;0;3;1;0;3;2
83428848;"10/01/16";"Domingo";"19:00:00";"MA";316;"622";"TIMON";"Outras";"Colisão frontal";"Com Vítimas Feridas";"Plena noite";"Decrescente";"Nublado";"Simples";"Curva";"Urbano";2;0;1;0;1;0;1;2
83428849;"10/01/16";"Domingo";"23:40:00";"RS";386;"400,6";"TRIUNFO";"Outras";"Colisão com objeto móvel";"Sem Vítimas";"Plena noite";"Decrescente";"Ceu Claro";"Dupla";"Curva";"Rural";1;0;0;0;1;0;0;1
83428850;"10/01/16";"Domingo";"17:30:00";"PA";155;"337,7";"MARABA";"Falta de atenção";"Colisão Transversal";"Sem Vítimas";"Pleno dia";"Decrescente";"Sol";"Simples";"Reta";"Rural";2;0;0;0;2;0;0;2
83428851;"10/01/16";"Domingo";"23:45:00";"RS";386;"400,6";"TRIUNFO";"Outras";"Saída de Pista";"Com Vítimas Feridas";"Plena noite";"Decrescente";"Ceu Claro";"Dupla";"Curva";"Rural";4;0;3;1;0;0;4;1
83428852;"10/01/16";"Domingo";"23:25:00";"MG";356;"268,8";"MURIAE";"Ultrapassagem indevida";"Colisão frontal";"Com Vítimas Feridas";"Plena noite";"Decrescente";"Ceu Claro";"Simples";"Reta";"Urbano";2;0;0;1;1;0;1;2
83428853;"10/01/16";"Domingo";"21:50:00";"BA";116;"739,2";"BOA NOVA";"Falta de atenção";"Atropelamento de pessoa";"Com Vítimas Fatais";"Plena noite";"Decrescente";"Nublado";"Simples";"Reta";"Rural";2;1;0;0;1;0;0;1
83428854;"11/01/16";"Segunda";"00:10:00";"SP";459;"19,2";"PIQUETE";"Velocidade incompatível";"Saída de Pista";"Com Vítimas Feridas";"Plena noite";"Crescente";"Chuva";"Simples";"Reta";"Rural";1;0;1;0;0;0;1;1
83428855;"11/01/16";"Segunda";"00:10:00";"ES";262;"6,5";"CARIACICA";"Desobediência à sinalização";"Colisão Transversal";"Sem Vítimas";"Plena noite";"Crescente";"Ceu Claro";"Múltipla";"Cruzamento";"Urbano";3;0;0;0;3;0;0;2
83428856;"10/01/16";"Domingo";"17:00:00";"GO";60;"196,5";"GUAPO";"Velocidade incompatível";"Saída de Pista";"Com Vítimas Feridas";"Pleno dia";"Crescente";"Chuva";"Dupla";"Curva";"Rural";1;0;1;0;0;0;1;1
83428857;"11/01/16";"Segunda";"00:30:00";"RS";290;"412";"SAO GABRIEL";"Animais na Pista";"Saída de Pista";"Com Vítimas Feridas";"Plena noite";"Crescente";"Ceu Claro";"Simples";"Reta";"Rural";1;0;1;0;0;0;1;1
83428858;"10/01/16";"Domingo";"23:50:00";"PA";230;"111,5";"MARABA";"Animais na Pista";"Saída de Pista";"Com Vítimas Feridas";"Plena noite";"Crescente";"Ceu Claro";"Simples";"Reta";"Urbano";5;0;4;1;0;0;5;1
83428859;"11/01/16";"Segunda";"02:15:00";"PA";316;"8";"ANANINDEUA";"Outras";"Colisão com objeto fixo";"Com Vítimas Feridas";"Plena noite";"Crescente";"Ignorada";"Dupla";"Reta";"Urbano";1;0;1;0;0;0;1;1
83428860;"10/01/16";"Domingo";"21:40:00";"PB";230;"41";"SANTA RITA";"Desobediência à sinalização";"Colisão traseira";"Sem Vítimas";"Plena noite";"Crescente";"Nublado";"Dupla";"Reta";"Urbano";2;0;0;0;1;1;0;2
83428861;"11/01/16";"Segunda";"02:20:00";"PR";376;"8,3";"MANDAGUARI";"Outras";"Saída de Pista";"Com Vítimas Feridas";"Plena noite";"Decrescente";"Nublado";"Simples";"Curva";"Urbano";1;0;1;0;0;0;1;1
83428862;"10/01/16";"Domingo";"14:50:00";"GO";60;"273";"INDIARA";"Velocidade incompatível";"Saída de Pista";"Sem Vítimas";"Pleno dia";"Decrescente";"Chuva";"Dupla";"Reta";"Rural";1;0;0;0;1;0;0;1
83428863;"10/01/16";"Domingo";"17:30:00";"DF";40;"4,5";"BRASILIA";"Falta de atenção";"Colisão lateral";"Com Vítimas Feridas";"Pleno dia";"Crescente";"Ceu Claro";"Dupla";"Reta";"Urbano";2;0;1;0;0;1;1;2
83428864;"10/01/16";"Domingo";"17:40:00";"MG";267;"47,2";"MARIPA DE MINAS";"Falta de atenção";"Colisão traseira";"Com Vítimas Feridas";"Pleno dia";"Decrescente";"Sol";"Simples";"Reta";"Rural";2;0;1;0;1;0;1;2
83428865;"10/01/16";"Domingo";"23:30:00";"RS";386;"400,6";"TRIUNFO";"Outras";"Colisão com objeto móvel";"Sem Vítimas";"Plena noite";"Decrescente";"Nublado";"Simples";"Curva";"Rural";1;0;0;0;1;0;0;1
83428866;"11/01/16";"Segunda";"01:15:00";"PB";230;"17,8";"JOAO PESSOA";"Velocidade incompatível";"Capotamento";"Ignorado";"Plena noite";"Crescente";"Nublado";"Dupla";"Curva";"Urbano";1;0;0;0;0;1;0;1