"id";"data_inversa";"dia_semana";"horario";"uf";"br";"km";"municipio";"causa_acidente";"tipo_acidente";"classificacao_acidente";"fase_dia";"sentido_via";"condicao_metereologica";"tipo_pista";"tracado_via";"uso_solo";"pessoas";"mortos";"feridos_leves";"feridos_graves";"ilesos";"ignorados";"feridos";"veiculos"
83428867;"10/01/16";"Domingo";"17:50:00";"PR";373;"426,5";"CANDOI";"Falta de atenção";"Capotamento";"Com Vítimas Feridas";"Pleno dia";"Decrescente";"Chuva";"Simples";"Reta";"Urbano";4;0;3;1;0;0;4;1
83428868;"10/01/16";"Domingo";"23:35:00";"RS";386;"400,6";"TRIUNFO";"Outras";"Colisão com objeto móvel";"Sem Vítimas";"Plena noite";"Decrescente";"Nublado";"Simples";"Curva";"Rural";1;0;0;0;1;0;0;1
83428869;"10/01/16";"Domingo";"12:40:00";"MT";70;"236";"POXOREO";"Defeito mecânico em veículo";"Saída de Pista";"Sem Vítimas";"Pleno dia";"Crescente";"Chuva";"Simples";"Reta";"Rural";1;0;0;0;1;0;0;1
83428871;"10/01/16";"Domingo";"22:50:00";"SP";116;"301";"SAO LOURENCO DA SERRA";"Velocidade incompatível";"Colisão traseira";"Com Vítimas Feridas";"Plena noite";"Decrescente";"Chuva";"Dupla";"Reta";"Rural";3;0;2;0;1;0;2;2
83428872;"10/01/16";"Domingo";"19:00:00";"TO";153;"136";"ARAGUAINA";"Outras";"Capotamento";"Com Vítimas Feridas";"Plena noite";"Crescente";"Nublado";"Dupla";"Reta";"Urbano";2;0;1;0;1;0;1;1
83428873;"10/01/16";"Domingo";"21:45:00";"RO";364;"195,6";"PIMENTA BUENO";"Ingestão de álcool";"Colisão traseira";"Com Vítimas Feridas";"Plena noite";"Crescente";"Nublado";"Simples";"Reta";"Urbano";2;0;1;0;1;0;1;2
83428874;"10/01/16";"Domingo";"21:55:00";"PR";376;"645";"TIJUCAS DO SUL";"Outras";"Tombamento";"Sem Vítimas";"Plena noite";"Crescente";"Chuva";"Dupla";"Reta";"Rural";1;0;0;0;1;0;0;1
83428875;"10/01/16";"Domingo";"22:30:00";"PR";277;"104";"CAMPO LARGO";"Outras";"Colisão traseira";"Com Vítimas Feridas";"Plena noite";"Crescente";"Chuva";"Dupla";"Reta";"Urbano";5;0;2;0;2;1;2;2
83428876;"11/01/16";"Segunda";"00:30:00";"RS";290;"451";"SAO GABRIEL";"Velocidade incompatível";"Saída de Pista";"Com Vítimas Feridas";"Plena noite";"Decrescente";"Ceu Claro";"Simples";"Reta";"Rural";5;0;4;0;1;0;4;1
83428877;"10/01/16";"Domingo";"20:00:00";"GO";60;"25";"ALEXANIA";"Outras";"Colisão com objeto fixo";"Ignorado";"Plena noite";"Crescente";"Ceu Claro";"Dupla";"Reta";"Rural";1;0;0;0;0;1;0;1
83428878;"10/01/16";"Domingo";"18:25:00";"PI";316;"8,5";"TERESINA";"Não guardar distância de segurança";"Colisão traseira";"Com Vítimas Feridas";"Plena noite";"Decrescente";"Nublado";"Simples";"Reta";"Urbano";2;0;0;1;1;0;1;2
83428879;"10/01/16";"Domingo";"16:50:00";"SP";116;"199,5";"ARUJA";"Outras";"Colisão com objeto fixo";"Sem Vítimas";"Pleno dia";"Crescente";"Chuva";"Dupla";"Curva";"Urbano";1;0;0;0;1;0;0;1
83428880;"10/01/16";"Domingo";"18:40:00";"PR";376;"350";"ORTIGUEIRA";"Falta de atenção";"Colisão traseira";"Sem Vítimas";"Pleno dia";"Crescente";"Chuva";"Simples";"Reta";"Urbano";2;0;0;0;2;0;0;2
83428881;"10/01/16";"Domingo";"16:00:00";"PR";376;"425,3";"TIBAGI";"Outras";"Colisão lateral";"Sem Vítimas";"Pleno dia";"Crescente";"Chuva";"Simples";"Curva";"Rural";3;0;0;0;3;0;0;3
83428882;"05/01/16";"Terça";"17:30:00";"MG";40;"513";"RIBEIRAO DAS NEVES";"Outras";"Colisão traseira";"Sem Vítimas";"Pleno dia";"Decrescente";"Ceu Claro";"Dupla";"Reta";"Urbano";3;0;0;0;3;0;0;3
83428883;"11/01/16";"Segunda";"04:15:00";"SP";116;"223,5";"GUARULHOS";"Outras";"Colisão traseira";"Com Vítimas Feridas";"Plena noite";"Crescente";"Chuva";"Múltipla";"Reta";"Urbano";3;0;1;0;1;1;1;3
83428884;"10/01/16";"Domingo";"20:45:00";"RO";319;"15,9";"PORTO VELHO";"Falta de atenção";"Queda de motocicleta / bicicleta / veículo";"Com Vítimas Feridas";"Plena noite";"Crescente";"Nublado";"Simples";"Reta";"Rural";1;0;0;1;0;0;1;1
83428885;"10/01/16";"Domingo";"22:30:00";"MG";381;"597,5";"CARMOPOLIS DE MINAS";"Desobediência à sinalização";"Colisão com objeto fixo";"Sem Vítimas";"Plena noite";"Crescente";"Nublado";"Múltipla";"Reta";"Rural";1;0;0;0;1;0;0;1
83428886;"11/01/16";"Segunda";"04:45:00";"PE";423;"80";"JUCATI";"Falta de atenção";"Capotamento";"Com Vítimas Feridas";"Amanhecer";"Decrescente";"Ceu Claro";"Simples";"Curva";"Rural";5;0;4;0;1;0;4;1
83428887;"11/01/16";"Segunda";"02:30:00";"MG";381;"729,5";"CARMO DA CACHOEIRA";"Velocidade incompatível";"Capotamento";"Sem Vítimas";"Plena noite";"Decrescente";"Nublado";"Dupla";"Curva";"Rural";1;0;0;0;1;0;0;1
83428888;"10/01/16";"Domingo";"07:50:00";"SP";116;"37,6";"CACHOEIRA PAULISTA";"Velocidade incompatível";"Colisão com objeto fixo";"Sem Vítimas";"Pleno dia";"Crescente";"Chuva";"Dupla";"Reta";"Rural";1;0;0;0;1;0;0;1
83428889;"11/01/16";"Segunda";"00:20:00";"PR";277;"175,4";"PALMEIRA";"Ingestão de álcool";"Colisão lateral";"Com Vítimas Fatais";"Plena noite";"Decrescente";"Chuva";"Simples";"Curva";"Rural";8;7;0;1;0;0;1;2
83428891;"11/01/16";"Segunda";"05:55:00";"RS";116;"142,1";"CAXIAS DO SUL";"Desobediência à sinalização";"Colisão Transversal";"Com Vítimas Feridas";"Plena noite";"Decrescente";"Ceu Claro";"Múltipla";"Cruzamento";"Urbano";2;0;1;0;1;0;1;2
83428892;"10/01/16";"Domingo";"23:00:00";"RJ";116;"239,6";"PIRAI";"Velocidade incompatível";"Tombamento";"Com Vítimas Feridas";"Plena noite";"Decrescente";"Nublado";"Dupla";"Curva";"Rural";1;0;1;0;0;0;1;1
83428893;"08/01/16";"Sexta";"15:55:00";"RS";290;"550,9";"ALEGRETE";"Ultrapassagem indevida";"Colisão frontal";"Com Vítimas Fatais";"Pleno dia";"Decrescente";"Sol";"Simples";"Reta";"Rural";6;2;1;3;0;0;4;2
83428894;"11/01/16";"Segunda";"06:40:00";"RS";285;"239,7";"CIRIACO";"Falta de atenção";"Colisão lateral";"Sem Vítimas";"Amanhecer";"Decrescente";"Nublado";"Simples";"Reta";"Rural";5;0;0;0;4;1;0;2
83428895;"11/01/16";"Segunda";"06:50:00";"RJ";116;"122";"MAGE";"Outras";"Queda de motocicleta / bicicleta / veículo";"Com Vítimas Feridas";"Amanhecer";"Crescente";"Nublado";"Simples";"Curva";"Rural";1;0;1;0;0;0;1;1
83428896;"08/01/16";"Sexta";"14:45:00";"MG";116;"305,4";"ITAMBACURI";"Defeito mecânico em veículo";"Tombamento";"Sem Vítimas";"Pleno dia";"Crescente";"Sol";"Simples";"Reta";"Rural";1;0;0;0;1;0;0;1
83428897;"03/01/16";"Domingo";"10:30:00";"MG";40;"455";"CAETANOPOLIS";"Não guardar distância de segurança";"Colisão traseira";"Sem Vítimas";"Pleno dia";"Crescente";"Ceu Claro";"Dupla";"Reta";"Rural";8;0;0;0;8;0;0;2
83428898;"11/01/16";"Segunda";"06:30:00";"SC";101;"48,6";"JOINVILLE";"Velocidade incompatível";"Colisão com objeto fixo";"Com Vítimas Feridas";"Pleno dia";"Crescente";"Chuva";"Dupla";"Curva";"Rural";6;0;1;0;5;0;1;5
83428899;"11/01/16";"Segunda";"07:45:00";"SC";101;"49";"JOINVILLE";"Falta de atenção";"Colisão traseira";"Sem Vítimas";"Pleno dia";"Decrescente";"Nublado";"Dupla";"Reta";"Rural";2;0;0;0;2;0;0;2
83428900;"07/01/16";"Quinta";"22:35:00";"PR";467;"114,8";"CASCAVEL";"Não guardar distância de segurança";"Colisão traseira";"Com Vítimas Feridas";"Plena noite";"Decrescente";"Nublado";"Dupla";"Reta";"Rural";2;0;0;1;1;0;1;2
83428902;"11/01/16";"Segunda";"07:30:00";"RS";386;"385";"TABAI";"Falta de atenção";"Saída de Pista";"Sem Vítimas";"Plena noite";"Decrescente";"Nevoeiro/neblina";"Dupla";"Reta";"Urbano";1;0;0;0;1;0;0;1
83428903;"04/01/16";"Segunda";"02:00:00";"PR";277;"101,5";"CURITIBA";"Velocidade incompatível";"Saída de Pista";"Com Vítimas Feridas";"Plena noite";"Decrescente";"Nublado";"Dupla";"Curva";"Urbano";2;0;1;0;1;0;1;1
83428904;"07/01/16";"Quinta";"16:30:00";"GO";414;"361";"COCALZINHO DE GOIAS";"Velocidade incompatível";"Saída de Pista";"Com Vítimas Feridas";"Plena noite";"Crescente";"Chuva";"Simples";"Reta";"Rural";1;0;1;0;0;0;1;1
83428905;"07/01/16";"Quinta";"23:20:00";"PR";376;"620";"SAO JOSE DOS PINHAIS";"Desobediência à sinalização";"Colisão Transversal";"Sem Vítimas";"Plena noite";"Crescente";"Nublado";"Dupla";"Reta";"Urbano";2;0;0;0;2;0;0;2
83428908;"10/01/16";"Domingo";"01:10:00";"BA";116;"442";"FEIRA DE SANTANA";"Velocidade incompatível";"Derramamento de Carga";"Sem Vítimas";"Plena noite";"Crescente";"Nublado";"Dupla";"Curva";"Rural";1;0;0;0;1;0;0;1
83428909;"11/01/16";"Segunda";"06:00:00";"RJ";116;"210";"DUQUE DE CAXIAS";"Defeito mecânico em veículo";"Incêndio";"Sem Vítimas";"Amanhecer";"Decrescente";"Nublado";"Dupla";"Reta";"Urbano";1;0;0;0;1;0;0;1
83428910;"11/01/16";"Segunda";"08:40:00";"SC";101;"193,9";"BIGUACU";"Outras";"Queda de motocicleta / bicicleta / veículo";"Com Vítimas Feridas";"Pleno dia";"Decrescente";"Sol";"Múltipla";"Curva";"Urbano";1;0;1;0;0;0;1;1
83428912;"11/01/16";"Segunda";"05:05:00";"SC";101;"116,4";"ITAJAI";"Outras";"Colisão traseira";"Com Vítimas Feridas";"Plena noite";"Crescente";"Nublado";"Dupla";"Reta";"Urbano";2;0;1;0;1;0;1;2
83428913;"11/01/16";"Segunda";"07:30:00";"RS";285;"487,3";"ENTRE IJUIS";"Animais na Pista";"Atropelamento de animal";"Com Vítimas Feridas";"Pleno dia";"Crescente";"Ceu Claro";"Simples";"Reta";"Rural";1;0;1;0;0;0;1;1
83428914;"10/01/16";"Domingo";"16:00:00";"AC";364;"123";"RIO BRANCO";"Falta de atenção";"Colisão Transversal";"Com Vítimas Feridas";"Pleno dia";"Decrescente";"Ceu Claro";"Dupla";"Reta";"Urbano";3;0;2;0;1;0;2;2
83428915;"08/01/16";"Sexta";"07:50:00";"MG";381;"641";"SANTO ANTONIO DO AMPARO";"Outras";"Capotamento";"Com Vítimas Feridas";"Pleno dia";"Crescente";"Ceu Claro";"Dupla";"Reta";"Rural";4;0;3;1;0;0;4;1
83428916;"11/01/16";"Segunda";"08:25:00";"RJ";101;"316";"SAO GONCALO";"Não guardar distância de segurança";"Colisão lateral";"Com Vítimas Feridas";"Amanhecer";"Crescente";"Sol";"Dupla";"Reta";"Urbano";2;0;1;0;1;0;1;2
83428918;"08/01/16";"Sexta";"05:00:00";"MG";50;"171";"UBERABA";"Falta de atenção";"Colisão com objeto fixo";"Sem Vítimas";"Plena noite";"Crescente";"Nublado";"Dupla";"Reta";"Urbano";1;0;0;0;1;0;0;1
83428920;"11/01/16";"Segunda";"07:00:00";"RJ";101;"440";"MANGARATIBA";"Outras";"Colisão frontal";"Com Vítimas Fatais";"Amanhecer";"Crescente";"Nublado";"Simples";"Curva";"Rural";3;1;2;0;0;0;2;3
83428921;"09/01/16";"Sábado";"20:10:00";"PE";232;"203";"PESQUEIRA";"Desobediência à sinalização";"Colisão frontal";"Com Vítimas Feridas";"Plena noite";"Crescente";"Ceu Claro";"Simples";"Reta";"Rural";3;0;0;2;0;1;2;2
83428922;"07/01/16";"Quinta";"16:00:00";"MG";153;"14";"CENTRALINA";"Desobediência à sinalização";"Colisão Transversal";"Com Vítimas Fatais";"Pleno dia";"Crescente";"Nublado";"Dupla";"Reta";"Rural";2;1;0;0;0;1;0;2
83428923;"11/01/16";"Segunda";"09:46:00";"SC";101;"57,1";"ARAQUARI";"Falta de atenção";"Colisão com objeto fixo";"Com Vítimas Feridas";"Pleno dia";"Crescente";"Nublado";"Dupla";"Curva";"Urbano";2;0;1;0;0;1;1;2
83428924;"03/01/16";"Domingo";"18:30:00";"MG";40;"392,8";"CURVELO";"Velocidade incompatível";"Saída de Pista";"Com Vítimas Feridas";"Anoitecer";"Decrescente";"Chuva";"Simples";"Reta";"Rural";4;0;4;0;0;0;4;2
83428925;"11/01/16";"Segunda";"09:00:00";"RS";386;"153";"ALMIRANTE TAMANDARE DO SUL";"Não guardar distância de segurança";"Colisão traseira";"Sem Vítimas";"Pleno dia";"Crescente";"Sol";"Simples";"Curva";"Rural";3;0;0;0;3;0;0;3
83428927;"11/01/16";"Segunda";"07:15:00";"MG";40;"514,5";"RIBEIRAO DAS NEVES";"Falta de atenção";"Queda de motocicleta / bicicleta / veículo";"Com Vítimas Feridas";"Pleno dia";"Crescente";"Sol";"Dupla";"Reta";"Rural";2;0;1;1;0;0;2;1
83428928;"11/01/16";"Segunda";"07:30:00";"PR";369;"142,9";"IBIPORA";"Falta de atenção";"Colisão traseira";"Com Vítimas Feridas";"Pleno dia";"Crescente";"Chuva";"Simples";"Reta";"Urbano";3;0;1;1;1;0;2;3
83428929;"11/01/16";"Segunda";"06:46:00";"SC";101;"215";"PALHOCA";"Desobediência à sinalização";"Colisão lateral";"Com Vítimas Feridas";"Pleno dia";"Decrescente";"Ceu Claro";"Dupla";"Reta";"Urbano";2;0;1;0;0;1;1;2
83428930;"11/01/16";"Segunda";"01:00:00";"SP";116;"404";"MIRACATU";"Falta de atenção";"Saída de Pista";"Sem Vítimas";"Plena noite";"Decrescente";"Chuva";"Dupla";"Reta";"Rural";1;0;0;0;1;0;0;1
83428931;"11/01/16";"Segunda";"08:25:00";"MT";163;"50,9";"ITIQUIRA";"Falta de atenção";"Saída de Pista";"Sem Vítimas";"Pleno dia";"Crescente";"Chuva";"Dupla";"Reta";"Rural";1;0;0;0;1;0;0;1
83428932;"07/01/16";"Quinta";"08:05:00";"RJ";40;"26";"TRES RIOS";"Outras";"Queda de motocicleta / bicicleta / veículo";"Com Vítimas Feridas";"Pleno dia";"Crescente";"Ceu Claro";"Dupla";"Reta";"Urbano";2;0;1;0;1;0;1;1
83428933;"11/01/16";"Segunda";"10:00:00";"MG";381;"924,5";"CAMANDUCAIA";"Velocidade incompatível";"Colisão com objeto fixo";"Sem Vítimas";"Pleno dia";"Crescente";"Chuva";"Dupla";"Curva";"Rural";1;0;0;0;1;0;0;1
83428934;"11/01/16";"Segunda";"08:30:00";"SC";101;"216";"PALHOCA";"Outras";"Colisão traseira";"Sem Vítimas";"Pleno dia";"Decrescente";"Ceu Claro";"Dupla";"Reta";"Urbano";3;0;0;0;3;0;0;3
83428936;"11/01/16";"Segunda";"10:30:00";"PR";158;"521";"PATO BRANCO";"Defeito na via";"Colisão traseira";"Sem Vítimas";"Pleno dia";"Decrescente";"Sol";"Simples";"Reta";"Rural";2;0;0;0;2;0;0;2
83428937;"11/01/16";"Segunda";"08:50:00";"PA";163;"1001";"SANTAREM";"Desobediência à sinalização";"Colisão Transversal";"Com Vítimas Feridas";"Pleno dia";"Decrescente";"Ceu Claro";"Dupla";"Reta";"Urbano";2;0;0;1;1;0;1;2
83428939;"07/01/16";"Quinta";"21:00:00";"MG";381;"948";"EXTREMA";"Falta de atenção";"Danos Eventuais";"Sem Vítimas";"Plena noite";"Decrescente";"Chuva";"Dupla";"Reta";"Rural";1;0;0;0;1;0;0;1
83428940;"11/01/16";"Segunda";"08:10:00";"SC";470;"48,6";"BLUMENAU";"Não guardar distância de segurança";"Colisão traseira";"Com Vítimas Feridas";"Pleno dia";"Crescente";"Nublado";"Simples";"Reta";"Rural";5;0;2;0;1;2;2;4
83428941;"11/01/16";"Segunda";"07:40:00";"RS";386;"176";"CARAZINHO";"Dormindo";"Colisão frontal";"Sem Vítimas";"Pleno dia";"Crescente";"Ceu Claro";"Simples";"Curva";"Rural";2;0;0;0;2;0;0;2
83428942;"11/01/16";"Segunda";"06:40:00";"PE";101;"78,3";"RECIFE";"Falta de atenção";"Atropelamento de pessoa";"Com Vítimas Fatais";"Pleno dia";"Decrescente";"Sol";"Dupla";"Reta";"Urbano";2;1;0;0;0;1;0;1
83428943;"11/01/16";"Segunda";"09:10:00";"RJ";116;"185";"NOVA IGUACU";"Outras";"Saída de Pista";"Com Vítimas Feridas";"Pleno dia";"Crescente";"Nublado";"Dupla";"Reta";"Urbano";2;0;1;0;1;0;1;1
83428944;"11/01/16";"Segunda";"07:15:00";"TO";242;"475,8";"FORMOSO DO ARAGUAIA";"Falta de atenção";"Colisão Transversal";"Com Vítimas Feridas";"Pleno dia";"Crescente";"Nublado";"Simples";"Reta";"Urbano";2;0;1;0;1;0;1;2
83428945;"11/01/16";"Segunda";"10:45:00";"RS";480;"73";"ERECHIM";"Não guardar distância de segurança";"Colisão com objeto fixo";"Com Vítimas Feridas";"Pleno dia";"Decrescente";"Ceu Claro";"Simples";"Reta";"Urbano";2;0;1;0;0;1;1;2
83428947;"11/01/16";"Segunda";"08:35:00";"SP";116;"517,8";"CAJATI";"Velocidade incompatível";"Saída de Pista";"Sem Vítimas";"Pleno dia";"Decrescente";"Chuva";"Simples";"Curva";"Rural";1;0;0;0;1;0;0;1
83428948;"07/01/16";"Quinta";"13:00:00";"TO";153;"213,3";"ARAGUAINA";"Ultrapassagem indevida";"Colisão frontal";"Com Vítimas Fatais";"Pleno dia";"Decrescente";"Nublado";"Simples";"Reta";"Rural";5;3;0;1;1;0;1;2
83428949;"07/01/16";"Quinta";"05:10:00";"RJ";40;"37";"AREAL";"Não guardar distância de segurança";"Colisão traseira";"Com Vítimas Feridas";"Amanhecer";"Crescente";"Ceu Claro";"Dupla";"Curva";"Rural";4;0;1;0;3;0;1;2
83428950;"11/01/16";"Segunda";"07:30:00";"MS";163;"784,7";"COXIM";"Dormindo";"Saída de Pista";"Sem Vítimas";"Amanhecer";"Crescente";"Nublado";"Simples";"Reta";"Rural";1;0;0;0;1;0;0;1
83428951;"07/01/16";"Quinta";"14:40:00";"RJ";40;"23,3";"TRES RIOS";"Desobediência à sinalização";"Colisão lateral";"Sem Vítimas";"Pleno dia";"Decrescente";"Ceu Claro";"Dupla";"Reta";"Rural";2;0;0;0;1;1;0;2
83428953;"07/01/16";"Quinta";"13:20:00";"PI";316;"117";"PASSAGEM FRANCA DO PIAUI";"Falta de atenção";"Colisão lateral";"Sem Vítimas";"Pleno dia";"Crescente";"Ceu Claro";"Simples";"Reta";"Rural";4;0;0;0;4;0;0;2
83428954;"11/01/16";"Segunda";"09:45:00";"PA";316;"19";"BENEVIDES";"Não guardar distância de segurança";"Colisão traseira";"Com Vítimas Feridas";"Pleno dia";"Crescente";"Ceu Claro";"Dupla";"Reta";"Rural";3;0;1;2;0;0;3;2
83428955;"11/01/16";"Segunda";"11:00:00";"PR";476;"133";"CURITIBA";"Desobediência à sinalização";"Colisão lateral";"Com Vítimas Feridas";"Pleno dia";"Crescente";"Nublado";"Dupla";"Reta";"Urbano";3;0;1;0;2;0;1;2
83428956;"08/01/16";"Sexta";"09:14:00";"RJ";116;"167";"SAO JOAO DE MERITI";"Outras";"Queda de motocicleta / bicicleta / veículo";"Com Vítimas Feridas";"Pleno dia";"Decrescente";"Ceu Claro";"Múltipla";"Reta";"Urbano";1;0;1;0;0;0;1;1
83428957;"07/01/16";"Quinta";"16:30:00";"RN";405;"4";"MOSSORO";"Falta de atenção";"Colisão frontal";"Com Vítimas Feridas";"Plena noite";"Crescente";"Ceu Claro";"Simples";"Reta";"Urbano";4;0;1;1;1;1;2;2
83428959;"11/01/16";"Segunda";"08:15:00";"MG";381;"517";"IGARAPE";"Outras";"Derramamento de Carga";"Sem Vítimas";"Pleno dia";"Decrescente";"Nublado";"Dupla";"Reta";"Urbano";1;0;0;0;1;0;0;1
83428960;"11/01/16";"Segunda";"10:10:00";"MT";364;"84,7";"ALTO GARCAS";"Não guardar distância de segurança";"Colisão traseira";"Sem Vítimas";"Pleno dia";"Decrescente";"Chuva";"Simples";"Reta";"Rural";2;0;0;0;2;0;0;2
83428961;"11/01/16";"Segunda";"08:40:00";"SP";116;"517,8";"CAJATI";"Velocidade incompatível";"Saída de Pista";"Sem Vítimas";"Pleno dia";"Decrescente";"Chuva";"Simples";"Curva";"Rural";1;0;0;0;1;0;0;1
83428962;"09/01/16";"Sábado";"10:00:00";"PR";277;"129";"BALSA NOVA";"Velocidade incompatível";"Saída de Pista";"Sem Vítimas";"Pleno dia";"Decrescente";"Nublado";"Simples";"Curva";"Rural";1;0;0;0;1;0;0;1
83428963;"07/01/16";"Quinta";"04:00:00";"PE";428;"76,1";"SANTA MARIA DA BOA VISTA";"Defeito mecânico em veículo";"Colisão com objeto fixo";"Com Vítimas Feridas";"Plena noite";"Decrescente";"Chuva";"Simples";"Curva";"Rural";1;0;0;1;0;0;1;1
83428964;"11/01/16";"Segunda";"11:00:00";"MG";40;"515";"RIBEIRAO DAS NEVES";"Outras";"Atropelamento de pessoa";"Com Vítimas Feridas";"Pleno dia";"Crescente";"Ceu Claro";"Dupla";"Reta";"Urbano";2;0;0;1;1;0;1;1
83428965;"11/01/16";"Segunda";"10:40:00";"SP";116;"560,8";"BARRA DO TURVO";"Velocidade incompatível";"Colisão com objeto fixo";"Sem Vítimas";"Pleno dia";"Crescente";"Chuva";"Dupla";"Curva";"Rural";1;0;0;0;1;0;0;1
83428966;"09/01/16";"Sábado";"20:55:00";"PR";153;"336";"IRATI";"Velocidade incompatível";"Capotamento";"Com Vítimas Feridas";"Plena noite";"Decrescente";"Nublado";"Simples";"Reta";"Urbano";1;0;1;0;0;0;1;1
83428967;"11/01/16";"Segunda";"11:20:00";"SC";101;"128,1";"BALNEARIO CAMBORIU";"Falta de atenção";"Capotamento";"Com Vítimas Feridas";"Pleno dia";"Decrescente";"Nublado";"Múltipla";"Reta";"Rural";2;0;1;0;1;0;1;1
83428969;"11/01/16";"Segunda";"11:45:00";"SP";116;"513,6";"CAJATI";"Velocidade incompatível";"Colisão com objeto fixo";"Sem Vítimas";"Pleno dia";"Decrescente";"Chuva";"Simples";"Curva";"Rural";1;0;0;0;1;0;0;1
83428970;"11/01/16";"Segunda";"10:30:00";"PR";369;"198,8";"APUCARANA";"Outras";"Saída de Pista";"Com Vítimas Feridas";"Pleno dia";"Crescente";"Chuva";"Dupla";"Curva";"Urbano";1;0;1;0;0;0;1;1
83428971;"07/01/16";"Quinta";"19:00:00";"CE";20;"402,9";"CAUCAIA";"Ingestão de álcool";"Colisão Transversal";"Com Vítimas Feridas";"Plena noite";"Crescente";"Ceu Claro";"Simples";"Reta";"Urbano";2;0;0;1;1;0;1;2
83428972;"11/01/16";"Segunda";"11:20:00";"PR";376;"457,1";"PONTA GROSSA";"Outras";"Queda de motocicleta / bicicleta / veículo";"Com Vítimas Feridas";"Pleno dia";"Decrescente";"Nublado";"Simples";"Reta";"Rural";2;0;2;0;0;0;2;1
83428973;"11/01/16";"Segunda";"11:05:00";"PR";376;"230,1";"APUCARANA";"Outras";"Colisão frontal";"Com Vítimas Feridas";"Pleno dia";"Decrescente";"Chuva";"Simples";"Curva";"Rural";3;0;1;2;0;0;3;2
83428974;"04/01/16";"Segunda";"05:00:00";"MG";40;"353";"FELIXLANDIA";"Ultrapassagem indevida";"Colisão frontal";"Com Vítimas Fatais";"Plena noite";"Crescente";"Chuva";"Simples";"Reta";"Rural";5;3;0;0;2;0;0;3
83428975;"11/01/16";"Segunda";"10:55:00";"MG";146;"511,1";"POCOS DE CALDAS";"Velocidade incompatível";"Saída de Pista";"Com Vítimas Feridas";"Pleno dia";"Decrescente";"Chuva";"Simples";"Curva";"Rural";2;0;2;0;0;0;2;1
83428976;"11/01/16";"Segunda";"10:40:00";"SP";153;"205,9";"GETULINA";"Outras";"Capotamento";"Com Vítimas Feridas";"Pleno dia";"Decrescente";"Chuva";"Simples";"Reta";"Rural";1;0;1;0;0;0;1;1
83428978;"11/01/16";"Segunda";"08:30:00";"MA";10;"251,2";"IMPERATRIZ";"Falta de atenção";"Colisão lateral";"Com Vítimas Feridas";"Pleno dia";"Decrescente";"Nublado";"Simples";"Reta";"Urbano";2;0;1;0;1;0;1;2
83428980;"11/01/16";"Segunda";"10:35:00";"MG";50;"136,8";"UBERABA";"Velocidade incompatível";"Capotamento";"Com Vítimas Feridas";"Pleno dia";"Crescente";"Ceu Claro";"Dupla";"Reta";"Rural";2;0;0;2;0;0;2;1
83428981;"11/01/16";"Segunda";"08:05:00";"SP";116;"564,1";"BARRA DO TURVO";"Velocidade incompatível";"Colisão com objeto fixo";"Com Vítimas Feridas";"Pleno dia";"Crescente";"Chuva";"Simples";"Curva";"Rural";3;0;3;0;0;0;3;1
83428982;"08/01/16";"Sexta";"01:30:00";"MG";381;"573,8";"ITAGUARA";"Não guardar distância de segurança";"Colisão traseira";"Com Vítimas Feridas";"Plena noite";"Decrescente";"Nublado";"Dupla";"Curva";"Rural";4;0;1;0;3;0;1;4
83428983;"11/01/16";"Segunda";"11:35:00";"RS";116;"582,8";"ARROIO GRANDE";"Defeito mecânico em veículo";"Saída de Pista";"Com Vítimas Feridas";"Pleno dia";"Crescente";"Nublado";"Simples";"Reta";"Rural";2;0;2;0;0;0;2;1
83428984;"11/01/16";"Segunda";"07:55:00";"CE";116;"275";"JAGUARIBARA";"Ultrapassagem indevida";"Colisão frontal";"Com Vítimas Feridas";"Pleno dia";"Crescente";"Sol";"Simples";"Reta";"Rural";7;0;2;5;0;0;7;2
83428985;"11/01/16";"Segunda";"13:15:00";"PR";376;"649";"TIJUCAS DO SUL";"Falta de atenção";"Colisão lateral";"Com Vítimas Feridas";"Pleno dia";"Crescente";"Nublado";"Dupla";"Reta";"Rural";2;0;1;0;1;0;1;2
83428986;"11/01/16";"Segunda";"09:50:00";"PR";376;"336";"ORTIGUEIRA";"Defeito na via";"Colisão lateral";"Com Vítimas Feridas";"Pleno dia";"Decrescente";"Chuva";"Simples";"Curva";"Urbano";3;0;1;0;2;0;1;2
83428987;"09/01/16";"Sábado";"21:30:00";"MA";226;"420,4";"GRAJAU";"Velocidade incompatível";"Colisão frontal";"Com Vítimas Fatais";"Plena noite";"Decrescente";"Ceu Claro";"Múltipla";"Reta";"Urbano";2;1;0;0;1;0;0;2
83428988;"11/01/16";"Segunda";"12:00:00";"SP";116;"509,5";"CAJATI";"Velocidade incompatível";"Colisão com objeto fixo";"Sem Vítimas";"Pleno dia";"Decrescente";"Chuva";"Dupla";"Curva";"Rural";4;0;0;0;4;0;0;1
83428989;"11/01/16";"Segunda";"10:40:00";"SE";101;"56";"CARMOPOLIS";"Falta de atenção";"Colisão traseira";"Sem Vítimas";"Pleno dia";"Crescente";"Chuva";"Simples";"Curva";"Urbano";3;0;0;0;3;0;0;3