"id";"data_inversa";"dia_semana";"horario";"uf";"br";"km";"municipio";"causa_acidente";"tipo_acidente";"classificacao_acidente";"fase_dia";"sentido_via";"condicao_metereologica";"tipo_pista";"tracado_via";"uso_solo";"pessoas";"mortos";"feridos_leves";"feridos_graves";"ilesos";"ignorados";"feridos";"veiculos"
83429221;"08/01/16";"Sexta";"18:30:00";"PB";230;"28,7";"JOAO PESSOA";"Falta de atenção";"Colisão traseira";"Com Vítimas Feridas";"Plena noite";"Crescente";"Ceu Claro";"Dupla";"Reta";"Urbano";2;0;1;0;1;0;1;2
83429222;"10/01/16";"Domingo";"04:20:00";"PB";405;"4,9";"UIRAUNA";"Animais na Pista";"Saída de Pista";"Sem Vítimas";"Amanhecer";"Decrescente";"Nevoeiro/neblina";"Simples";"Reta";"Rural";1;0;0;0;1;0;0;1
83429223;"09/01/16";"Sábado";"07:00:00";"SC";101;"253,5";"PAULO LOPES";"Dormindo";"Capotamento";"Com Vítimas Feridas";"Amanhecer";"Crescente";"Ceu Claro";"Dupla";"Reta";"Urbano";4;0;3;1;0;0;4;1
83429224;"09/01/16";"Sábado";"03:30:00";"PB";230;"35,3";"SANTA RITA";"Outras";"Saída de Pista";"Ignorado";"Plena noite";"Crescente";"Chuva";"Simples";"Curva";"Urbano";1;0;0;0;0;1;0;1
83429226;"08/01/16";"Sexta";"23:30:00";"PI";343;"3,9";"TERESINA";"Ingestão de álcool";"Saída de Pista";"Com Vítimas Feridas";"Plena noite";"Crescente";"Chuva";"Múltipla";"Reta";"Urbano";1;0;1;0;0;0;1;1
83429227;"12/01/16";"Terça";"07:00:00";"RJ";40;"102";"DUQUE DE CAXIAS";"Outras";"Colisão com objeto fixo";"Com Vítimas Feridas";"Amanhecer";"Decrescente";"Chuva";"Dupla";"Curva";"Urbano";2;0;1;0;1;0;1;1
83429228;"11/01/16";"Segunda";"06:00:00";"MS";262;"4";"TRES LAGOAS";"Velocidade incompatível";"Queda de motocicleta / bicicleta / veículo";"Com Vítimas Feridas";"Pleno dia";"Decrescente";"Chuva";"Dupla";"Curva";"Urbano";1;0;1;0;0;0;1;1
83429229;"09/01/16";"Sábado";"06:10:00";"SC";470;"149,6";"AGRONOMICA";"Falta de atenção";"Colisão lateral";"Sem Vítimas";"Amanhecer";"Decrescente";"Ceu Claro";"Simples";"Cruzamento";"Urbano";2;0;0;0;2;0;0;2
83429231;"08/01/16";"Sexta";"18:50:00";"BA";324;"612";"SALVADOR";"Não guardar distância de segurança";"Colisão traseira";"Sem Vítimas";"Plena noite";"Crescente";"Ceu Claro";"Dupla";"Reta";"Rural";10;0;0;0;6;4;0;10
83429232;"09/01/16";"Sábado";"19:45:00";"CE";20;"403";"CAUCAIA";"Desobediência à sinalização";"Colisão lateral";"Sem Vítimas";"Plena noite";"Crescente";"Ceu Claro";"Simples";"Reta";"Rural";2;0;0;0;2;0;0;2
83429233;"08/01/16";"Sexta";"18:30:00";"MG";251;"452,8";"GRAO MOGOL";"Velocidade incompatível";"Tombamento";"Com Vítimas Feridas";"Pleno dia";"Decrescente";"Chuva";"Simples";"Reta";"Rural";1;0;1;0;0;0;1;1
83429234;"12/01/16";"Terça";"08:52:00";"RS";285;"292,9";"PASSO FUNDO";"Falta de atenção";"Colisão Transversal";"Sem Vítimas";"Pleno dia";"Crescente";"Ceu Claro";"Simples";"Reta";"Urbano";2;0;0;0;2;0;0;2
83429235;"12/01/16";"Terça";"08:00:00";"PA";316;"7";"ANANINDEUA";"Falta de atenção";"Colisão lateral";"Com Vítimas Feridas";"Pleno dia";"Crescente";"Ceu Claro";"Dupla";"Reta";"Urbano";4;0;1;0;3;0;1;3
83429236;"12/01/16";"Terça";"02:15:00";"MG";40;"49";"PARACATU";"Ingestão de álcool";"Saída de Pista";"Com Vítimas Feridas";"Plena noite";"Crescente";"Ignorada";"Simples";"Reta";"Rural";1;0;1;0;0;0;1;1
83429237;"08/01/16";"Sexta";"10:45:00";"MG";365;"16,8";"MONTES CLAROS";"Velocidade incompatível";"Saída de Pista";"Com Vítimas Feridas";"Pleno dia";"Decrescente";"Chuva";"Simples";"Curva";"Rural";1;0;1;0;0;0;1;1
83429238;"12/01/16";"Terça";"07:00:00";"RN";304;"47,9";"MOSSORO";"Outras";"Colisão frontal";"Com Vítimas Feridas";"Pleno dia";"Decrescente";"Sol";"Simples";"Reta";"Urbano";2;0;0;1;0;1;1;2
83429239;"11/01/16";"Segunda";"19:00:00";"MG";40;"89,5";"PARACATU";"Falta de atenção";"Colisão Transversal";"Com Vítimas Feridas";"Anoitecer";"Crescente";"Chuva";"Simples";"Reta";"Rural";2;0;1;0;0;1;1;2
83429240;"08/01/16";"Sexta";"21:15:00";"MG";381;"511";"IGARAPE";"Outras";"Colisão com objeto fixo";"Sem Vítimas";"Plena noite";"Crescente";"Chuva";"Dupla";"Reta";"Urbano";1;0;0;0;1;0;0;1
83429242;"10/01/16";"Domingo";"16:30:00";"PA";222;"174,2";"BOM JESUS DO TOCANTINS";"Falta de atenção";"Colisão traseira";"Com Vítimas Feridas";"Pleno dia";"Decrescente";"Sol";"Dupla";"Reta";"Urbano";6;0;1;3;2;0;4;2
83429243;"08/01/16";"Sexta";"15:30:00";"RJ";493;"7";"ITABORAI";"Falta de atenção";"Colisão traseira";"Com Vítimas Feridas";"Pleno dia";"Decrescente";"Ceu Claro";"Simples";"Reta";"Rural";2;0;1;0;1;0;1;2
83429245;"09/01/16";"Sábado";"03:00:00";"PE";104;"62";"CARUARU";"Falta de atenção";"Queda de motocicleta / bicicleta / veículo";"Sem Vítimas";"Plena noite";"Decrescente";"Ceu Claro";"Dupla";"Reta";"Urbano";1;0;0;0;1;0;0;1
83429247;"12/01/16";"Terça";"07:57:00";"PA";316;"10";"MARITUBA";"Não guardar distância de segurança";"Colisão traseira";"Sem Vítimas";"Pleno dia";"Decrescente";"Ceu Claro";"Dupla";"Reta";"Urbano";3;0;0;0;3;0;0;3
83429249;"12/01/16";"Terça";"07:30:00";"RN";427;"99,7";"CAICO";"Não guardar distância de segurança";"Colisão traseira";"Com Vítimas Feridas";"Pleno dia";"Decrescente";"Ceu Claro";"Simples";"Reta";"Urbano";2;0;1;0;1;0;1;2
83429250;"10/01/16";"Domingo";"15:30:00";"PR";376;"413,6";"TIBAGI";"Outras";"Colisão frontal";"Com Vítimas Feridas";"Pleno dia";"Decrescente";"Chuva";"Simples";"Curva";"Rural";6;0;2;2;2;0;4;3
83429252;"12/01/16";"Terça";"10:00:00";"MG";116;"594,5";"MANHUACU";"Outras";"Saída de Pista";"Sem Vítimas";"Pleno dia";"Decrescente";"Chuva";"Simples";"Curva";"Rural";1;0;0;0;1;0;0;1
83429253;"04/01/16";"Segunda";"05:30:00";"BA";101;"175";"FEIRA DE SANTANA";"Falta de atenção";"Colisão traseira";"Sem Vítimas";"Amanhecer";"Decrescente";"Chuva";"Simples";"Reta";"Rural";4;0;0;0;4;0;0;4
83429255;"11/01/16";"Segunda";"07:40:00";"SP";116;"226";"GUARULHOS";"Velocidade incompatível";"Colisão traseira";"Sem Vítimas";"Pleno dia";"Decrescente";"Chuva";"Múltipla";"Reta";"Urbano";2;0;0;0;2;0;0;2
83429256;"09/01/16";"Sábado";"13:10:00";"CE";222;"10,1";"CAUCAIA";"Falta de atenção";"Colisão Transversal";"Com Vítimas Feridas";"Pleno dia";"Decrescente";"Nublado";"Simples";"Cruzamento";"Urbano";2;0;1;0;1;0;1;2
83429257;"12/01/16";"Terça";"08:05:00";"PA";10;"354,2";"SANTA MARIA DO PARA";"Defeito na via";"Colisão lateral";"Sem Vítimas";"Pleno dia";"Decrescente";"Ceu Claro";"Simples";"Reta";"Rural";2;0;0;0;2;0;0;2
83429258;"12/01/16";"Terça";"09:40:00";"PR";376;"2";"APUCARANA";"Falta de atenção";"Colisão traseira";"Com Vítimas Feridas";"Pleno dia";"Crescente";"Chuva";"Simples";"Reta";"Urbano";3;0;0;1;2;0;1;3
83429259;"03/01/16";"Domingo";"19:15:00";"MG";135;"651";"CURVELO";"Defeito mecânico em veículo";"Saída de Pista";"Com Vítimas Feridas";"Anoitecer";"Crescente";"Chuva";"Simples";"Curva";"Rural";2;0;2;0;0;0;2;1
83429260;"12/01/16";"Terça";"08:15:00";"MG";381;"516,5";"IGARAPE";"Outras";"Colisão com objeto fixo";"Com Vítimas Feridas";"Pleno dia";"Decrescente";"Chuva";"Dupla";"Curva";"Urbano";1;0;1;0;0;0;1;1
83429261;"08/01/16";"Sexta";"19:30:00";"RJ";465;"3";"SEROPEDICA";"Falta de atenção";"Colisão Transversal";"Com Vítimas Feridas";"Anoitecer";"Decrescente";"Ceu Claro";"Simples";"Reta";"Rural";2;0;1;0;1;0;1;2
83429263;"08/01/16";"Sexta";"18:00:00";"AL";104;"73";"MESSIAS";"Ingestão de álcool";"Atropelamento de pessoa";"Com Vítimas Feridas";"Anoitecer";"Decrescente";"Nublado";"Simples";"Curva";"Urbano";2;0;1;0;0;1;1;1
83429264;"10/01/16";"Domingo";"22:15:00";"PA";222;"233";"MARABA";"Falta de atenção";"Colisão Transversal";"Com Vítimas Feridas";"Plena noite";"Decrescente";"Ceu Claro";"Simples";"Reta";"Urbano";2;0;0;1;1;0;1;2
83429265;"12/01/16";"Terça";"08:00:00";"MG";40;"717";"BARBACENA";"Velocidade incompatível";"Colisão com objeto fixo";"Sem Vítimas";"Pleno dia";"Decrescente";"Chuva";"Dupla";"Curva";"Rural";1;0;0;0;1;0;0;1
83429267;"12/01/16";"Terça";"10:45:00";"GO";364;"181";"JATAI";"Defeito mecânico em veículo";"Colisão lateral";"Com Vítimas Feridas";"Pleno dia";"Crescente";"Ceu Claro";"Simples";"Reta";"Rural";2;0;2;0;0;0;2;2
83429268;"09/01/16";"Sábado";"03:30:00";"MG";381;"623";"OLIVEIRA";"Dormindo";"Saída de Pista";"Sem Vítimas";"Plena noite";"Crescente";"Chuva";"Dupla";"Reta";"Rural";1;0;0;0;1;0;0;1
83429269;"12/01/16";"Terça";"08:40:00";"SP";116;"278";"EMBU";"Não guardar distância de segurança";"Colisão lateral";"Com Vítimas Feridas";"Pleno dia";"Decrescente";"Chuva";"Dupla";"Reta";"Rural";4;0;1;0;3;0;1;3
83429270;"12/01/16";"Terça";"09:25:00";"MG";381;"421,3";"CAETE";"Velocidade incompatível";"Colisão frontal";"Com Vítimas Feridas";"Pleno dia";"Decrescente";"Chuva";"Simples";"Curva";"Rural";3;0;2;0;1;0;2;2
83429272;"08/01/16";"Sexta";"13:15:00";"PI";343;"343";"TERESINA";"Falta de atenção";"Colisão com objeto fixo";"Sem Vítimas";"Plena noite";"Crescente";"Nublado";"Simples";"Cruzamento";"Urbano";2;0;0;0;2;0;0;2
83429273;"12/01/16";"Terça";"07:20:00";"BA";324;"359";"CAPIM GROSSO";"Dormindo";"Saída de Pista";"Sem Vítimas";"Pleno dia";"Decrescente";"Nublado";"Simples";"Reta";"Rural";1;0;0;0;1;0;0;1
83429274;"09/01/16";"Sábado";"17:10:00";"MT";364;"117,3";"PEDRA PRETA";"Ultrapassagem indevida";"Colisão frontal";"Com Vítimas Fatais";"Pleno dia";"Crescente";"Nublado";"Simples";"Reta";"Rural";4;1;0;0;3;0;0;2
83429275;"12/01/16";"Terça";"08:30:00";"PR";277;"473";"NOVA LARANJEIRAS";"Velocidade incompatível";"Tombamento";"Com Vítimas Feridas";"Pleno dia";"Crescente";"Sol";"Simples";"Curva";"Rural";1;0;1;0;0;0;1;1
83429277;"12/01/16";"Terça";"09:30:00";"MG";262;"593";"CAMPOS ALTOS";"Velocidade incompatível";"Saída de Pista";"Com Vítimas Feridas";"Pleno dia";"Decrescente";"Chuva";"Simples";"Curva";"Rural";2;0;2;0;0;0;2;1
83429278;"12/01/16";"Terça";"07:30:00";"SC";470;"138,6";"RIO DO SUL";"Falta de atenção";"Colisão Transversal";"Com Vítimas Feridas";"Pleno dia";"Decrescente";"Ceu Claro";"Simples";"Reta";"Urbano";2;0;1;0;0;1;1;2
83429279;"12/01/16";"Terça";"05:40:00";"ES";262;"25";"VIANA";"Não guardar distância de segurança";"Colisão lateral";"Com Vítimas Feridas";"Amanhecer";"Crescente";"Ceu Claro";"Simples";"Reta";"Rural";2;0;1;0;1;0;1;2
83429280;"12/01/16";"Terça";"08:40:00";"PR";476;"322,8";"PAULO FRONTIN";"Falta de atenção";"Colisão lateral";"Sem Vítimas";"Pleno dia";"Crescente";"Nublado";"Simples";"Reta";"Rural";3;0;0;0;3;0;0;3
83429281;"12/01/16";"Terça";"12:00:00";"RJ";40;"119";"DUQUE DE CAXIAS";"Falta de atenção";"Colisão traseira";"Sem Vítimas";"Pleno dia";"Crescente";"Ceu Claro";"Dupla";"Reta";"Urbano";2;0;0;0;2;0;0;2
83429282;"09/01/16";"Sábado";"02:00:00";"GO";153;"516,3";"APARECIDA DE GOIANIA";"Ingestão de álcool";"Queda de motocicleta / bicicleta / veículo";"Com Vítimas Feridas";"Plena noite";"Decrescente";"Nublado";"Dupla";"Reta";"Urbano";1;0;1;0;0;0;1;1
83429283;"12/01/16";"Terça";"09:00:00";"RJ";101;"434";"MANGARATIBA";"Outras";"Colisão Transversal";"Com Vítimas Feridas";"Pleno dia";"Crescente";"Chuva";"Simples";"Reta";"Urbano";2;0;1;0;1;0;1;2
83429284;"12/01/16";"Terça";"12:15:00";"RJ";101;"301";"SAO GONCALO";"Outras";"Colisão traseira";"Com Vítimas Feridas";"Pleno dia";"Decrescente";"Ceu Claro";"Dupla";"Reta";"Urbano";2;0;1;0;1;0;1;2
83429285;"12/01/16";"Terça";"11:00:00";"PE";232;"109,3";"BEZERROS";"Defeito na via";"Tombamento";"Sem Vítimas";"Pleno dia";"Decrescente";"Nublado";"Dupla";"Reta";"Rural";1;0;0;0;1;0;0;1
83429286;"12/01/16";"Terça";"09:30:00";"SC";282;"194,1";"LAGES";"Dormindo";"Saída de Pista";"Sem Vítimas";"Pleno dia";"Crescente";"Ceu Claro";"Simples";"Reta";"Rural";1;0;0;0;1;0;0;1
83429287;"10/01/16";"Domingo";"12:30:00";"MT";364;"44,5";"ALTO GARCAS";"Outras";"Tombamento";"Sem Vítimas";"Pleno dia";"Decrescente";"Chuva";"Simples";"Reta";"Rural";1;0;0;0;1;0;0;1
83429288;"12/01/16";"Terça";"11:20:00";"ES";262;"6,5";"CARIACICA";"Não guardar distância de segurança";"Colisão lateral";"Com Vítimas Feridas";"Pleno dia";"Crescente";"Ceu Claro";"Múltipla";"Reta";"Urbano";3;0;1;0;2;0;1;2
83429289;"12/01/16";"Terça";"10:30:00";"SC";470;"178";"POUSO REDONDO";"Ultrapassagem indevida";"Colisão frontal";"Com Vítimas Feridas";"Pleno dia";"Decrescente";"Ceu Claro";"Simples";"Curva";"Urbano";6;0;4;1;1;0;5;3
83429290;"07/01/16";"Quinta";"02:10:00";"SP";116;"352";"MIRACATU";"Outras";"Tombamento";"Sem Vítimas";"Plena noite";"Crescente";"Nublado";"Simples";"Reta";"Rural";1;0;0;0;1;0;0;1
83429291;"12/01/16";"Terça";"12:30:00";"RS";290;"98";"PORTO ALEGRE";"Outras";"Tombamento";"Com Vítimas Feridas";"Pleno dia";"Crescente";"Sol";"Dupla";"Reta";"Urbano";2;0;1;0;1;0;1;1
83429292;"03/01/16";"Domingo";"16:00:00";"SC";101;"338,8";"TUBARAO";"Não guardar distância de segurança";"Colisão traseira";"Com Vítimas Feridas";"Pleno dia";"Crescente";"Nublado";"Simples";"Reta";"Urbano";3;0;1;0;2;0;1;2
83429293;"12/01/16";"Terça";"06:10:00";"SP";153;"87,6";"MIRASSOL";"Outras";"Colisão com objeto fixo";"Sem Vítimas";"Plena noite";"Decrescente";"Chuva";"Simples";"Reta";"Rural";1;0;0;0;1;0;0;1
83429294;"12/01/16";"Terça";"11:05:00";"SC";101;"4,8";"GARUVA";"Defeito mecânico em veículo";"Queda de motocicleta / bicicleta / veículo";"Com Vítimas Feridas";"Pleno dia";"Crescente";"Ceu Claro";"Dupla";"Reta";"Urbano";1;0;1;0;0;0;1;1
83429295;"08/01/16";"Sexta";"06:30:00";"MG";40;"736,7";"SANTOS DUMONT";"Falta de atenção";"Colisão lateral";"Sem Vítimas";"Amanhecer";"Crescente";"Ceu Claro";"Simples";"Reta";"Rural";2;0;0;0;2;0;0;2
83429296;"12/01/16";"Terça";"09:35:00";"MG";40;"528";"CONTAGEM";"Outras";"Colisão frontal";"Com Vítimas Feridas";"Pleno dia";"Crescente";"Chuva";"Dupla";"Reta";"Urbano";3;0;1;0;2;0;1;2
83429297;"12/01/16";"Terça";"12:40:00";"MG";116;"597,1";"MANHUACU";"Falta de atenção";"Colisão traseira";"Com Vítimas Feridas";"Pleno dia";"Decrescente";"Chuva";"Simples";"Reta";"Rural";2;0;1;0;1;0;1;2
83429298;"12/01/16";"Terça";"11:15:00";"GO";60;"86,8";"ANAPOLIS";"Dormindo";"Capotamento";"Com Vítimas Feridas";"Pleno dia";"Crescente";"Ceu Claro";"Dupla";"Reta";"Rural";3;0;2;1;0;0;3;1
83429300;"09/01/16";"Sábado";"04:40:00";"BA";324;"454";"RIACHAO DO JACUIPE";"Defeito mecânico em veículo";"Incêndio";"Sem Vítimas";"Amanhecer";"Crescente";"Ceu Claro";"Simples";"Reta";"Rural";1;0;0;0;1;0;0;1
83429301;"12/01/16";"Terça";"13:45:00";"RS";153;"50,6";"ERECHIM";"Não guardar distância de segurança";"Colisão lateral";"Com Vítimas Feridas";"Pleno dia";"Crescente";"Sol";"Simples";"Reta";"Urbano";3;0;1;0;2;0;1;2
83429302;"12/01/16";"Terça";"09:00:00";"MS";163;"560,7";"BANDEIRANTES";"Desobediência à sinalização";"Colisão lateral";"Sem Vítimas";"Pleno dia";"Decrescente";"Nublado";"Simples";"Reta";"Rural";4;0;0;0;4;0;0;2
83429303;"08/01/16";"Sexta";"12:00:00";"PE";101;"138";"RIBEIRAO";"Outras";"Tombamento";"Com Vítimas Feridas";"Pleno dia";"Crescente";"Nublado";"Dupla";"Curva";"Urbano";1;0;1;0;0;0;1;1
83429305;"09/01/16";"Sábado";"07:00:00";"GO";70;"11";"AGUAS LINDAS DE GOIAS";"Velocidade incompatível";"Colisão traseira";"Com Vítimas Fatais";"Pleno dia";"Decrescente";"Nublado";"Dupla";"Reta";"Urbano";3;1;0;0;2;0;0;2
83429306;"12/01/16";"Terça";"09:00:00";"BA";242;"338";"LENCOIS";"Velocidade incompatível";"Tombamento";"Sem Vítimas";"Pleno dia";"Decrescente";"Ceu Claro";"Simples";"Curva";"Rural";1;0;0;0;1;0;0;1
83429307;"12/01/16";"Terça";"08:30:00";"SP";116;"359";"MIRACATU";"Velocidade incompatível";"Derramamento de Carga";"Sem Vítimas";"Pleno dia";"Decrescente";"Nublado";"Simples";"Curva";"Rural";1;0;0;0;1;0;0;1
83429308;"12/01/16";"Terça";"13:08:00";"PE";423;"88";"GARANHUNS";"Dormindo";"Colisão frontal";"Sem Vítimas";"Pleno dia";"Decrescente";"Ceu Claro";"Simples";"Reta";"Rural";3;0;0;0;3;0;0;2
83429309;"12/01/16";"Terça";"13:00:00";"SE";235;"51,5";"ITABAIANA";"Falta de atenção";"Colisão lateral";"Com Vítimas Feridas";"Pleno dia";"Decrescente";"Ceu Claro";"Simples";"Reta";"Urbano";2;0;1;0;1;0;1;2
83429310;"12/01/16";"Terça";"13:55:00";"SC";101;"123";"ITAJAI";"Falta de atenção";"Colisão lateral";"Sem Vítimas";"Pleno dia";"Crescente";"Sol";"Dupla";"Reta";"Urbano";3;0;0;0;2;1;0;2
83429311;"12/01/16";"Terça";"09:30:00";"MG";153;"150,1";"CAMPO FLORIDO";"Velocidade incompatível";"Saída de Pista";"Sem Vítimas";"Pleno dia";"Decrescente";"Chuva";"Simples";"Curva";"Rural";1;0;0;0;1;0;0;1
83429312;"12/01/16";"Terça";"11:30:00";"MG";364;"33,8";"FRUTAL";"Falta de atenção";"Colisão Transversal";"Com Vítimas Feridas";"Pleno dia";"Decrescente";"Chuva";"Simples";"Reta";"Rural";5;0;1;0;4;0;1;2
83429313;"08/01/16";"Sexta";"16:00:00";"SC";282;"1";"FLORIANOPOLIS";"Outras";"Colisão traseira";"Com Vítimas Feridas";"Pleno dia";"Decrescente";"Ceu Claro";"Dupla";"Reta";"Urbano";2;0;1;0;1;0;1;2
83429314;"12/01/16";"Terça";"08:15:00";"RS";116;"231,8";"ESTANCIA VELHA";"Não guardar distância de segurança";"Colisão traseira";"Sem Vítimas";"Plena noite";"Decrescente";"Ceu Claro";"Dupla";"Reta";"Urbano";2;0;0;0;2;0;0;2
83429315;"12/01/16";"Terça";"10:50:00";"GO";153;"690,8";"ITUMBIARA";"Falta de atenção";"Saída de Pista";"Sem Vítimas";"Pleno dia";"Crescente";"Nublado";"Dupla";"Reta";"Rural";1;0;0;0;1;0;0;1
83429316;"07/01/16";"Quinta";"19:30:00";"BA";101;"182";"SAO GONCALO DOS CAMPOS";"Animais na Pista";"Atropelamento de animal";"Sem Vítimas";"Plena noite";"Crescente";"Ceu Claro";"Simples";"Reta";"Rural";1;0;0;0;1;0;0;1
83429317;"12/01/16";"Terça";"11:05:00";"RR";174;"507";"BOA VISTA";"Falta de atenção";"Colisão Transversal";"Com Vítimas Feridas";"Pleno dia";"Crescente";"Sol";"Dupla";"Reta";"Urbano";2;0;1;0;1;0;1;2
83429319;"09/01/16";"Sábado";"05:50:00";"GO";60;"11";"SANTO ANTONIO DO DESCOBERTO";"Defeito mecânico em veículo";"Capotamento";"Com Vítimas Feridas";"Amanhecer";"Decrescente";"Chuva";"Dupla";"Curva";"Rural";2;0;2;0;0;0;2;1
83429320;"10/01/16";"Domingo";"01:20:00";"PE";232;"147,5";"SAO CAITANO";"Animais na Pista";"Atropelamento de animal";"Sem Vítimas";"Plena noite";"Decrescente";"Nublado";"Múltipla";"Reta";"Urbano";4;0;0;0;4;0;0;1
83429321;"12/01/16";"Terça";"15:30:00";"MG";40;"546";"BELO HORIZONTE";"Outras";"Capotamento";"Com Vítimas Feridas";"Pleno dia";"Crescente";"Chuva";"Dupla";"Reta";"Urbano";1;0;1;0;0;0;1;1
83429322;"12/01/16";"Terça";"13:30:00";"MS";463;"7,5";"DOURADOS";"Outras";"Capotamento";"Sem Vítimas";"Pleno dia";"Decrescente";"Chuva";"Simples";"Reta";"Rural";1;0;0;0;1;0;0;1
83429323;"10/01/16";"Domingo";"06:00:00";"PA";316;"6";"ANANINDEUA";"Falta de atenção";"Colisão com objeto fixo";"Com Vítimas Feridas";"Amanhecer";"Decrescente";"Ceu Claro";"Dupla";"Reta";"Urbano";1;0;0;1;0;0;1;1
83429324;"08/01/16";"Sexta";"14:50:00";"BA";101;"122,4";"ALAGOINHAS";"Outras";"Saída de Pista";"Com Vítimas Feridas";"Pleno dia";"Crescente";"Ceu Claro";"Simples";"Curva";"Rural";1;0;1;0;0;0;1;1
83429325;"12/01/16";"Terça";"11:19:00";"MG";40;"661,9";"CARANDAI";"Desobediência à sinalização";"Colisão Transversal";"Sem Vítimas";"Pleno dia";"Decrescente";"Nublado";"Simples";"Curva";"Rural";2;0;0;0;2;0;0;2
83429326;"12/01/16";"Terça";"12:30:00";"CE";222;"3,8";"CAUCAIA";"Falta de atenção";"Colisão Transversal";"Sem Vítimas";"Pleno dia";"Decrescente";"Sol";"Múltipla";"Cruzamento";"Urbano";2;0;0;0;2;0;0;2
83429327;"12/01/16";"Terça";"08:15:00";"MG";116;"815,2";"ALEM PARAIBA";"Outras";"Colisão frontal";"Com Vítimas Feridas";"Amanhecer";"Crescente";"Chuva";"Simples";"Curva";"Rural";5;0;0;5;0;0;5;2
83429328;"12/01/16";"Terça";"13:40:00";"MG";40;"641,9";"CONSELHEIRO LAFAIETE";"Defeito mecânico em veículo";"Tombamento";"Sem Vítimas";"Pleno dia";"Crescente";"Ceu Claro";"Simples";"Reta";"Rural";1;0;0;0;1;0;0;1
83429330;"12/01/16";"Terça";"14:50:00";"MG";381;"550";"RIO MANSO";"Velocidade incompatível";"Capotamento";"Sem Vítimas";"Pleno dia";"Decrescente";"Chuva";"Dupla";"Curva";"Rural";1;0;0;0;1;0;0;1
83429332;"12/01/16";"Terça";"05:40:00";"MG";116;"738,5";"LARANJAL";"Dormindo";"Saída de Pista";"Com Vítimas Feridas";"Amanhecer";"Crescente";"Chuva";"Simples";"Reta";"Rural";1;0;1;0;0;0;1;1
83429334;"12/01/16";"Terça";"10:15:00";"MG";40;"555,9";"NOVA LIMA";"Outras";"Saída de Pista";"Com Vítimas Feridas";"Pleno dia";"Crescente";"Chuva";"Dupla";"Reta";"Rural";2;0;1;0;1;0;1;1
83429335;"09/01/16";"Sábado";"00:10:00";"MG";381;"533";"ITATIAIUCU";"Velocidade incompatível";"Saída de Pista";"Com Vítimas Feridas";"Plena noite";"Crescente";"Chuva";"Dupla";"Curva";"Rural";1;0;1;0;0;0;1;1
83429337;"12/01/16";"Terça";"11:00:00";"SC";282;"177,1";"BOCAINA DO SUL";"Não guardar distância de segurança";"Colisão traseira";"Com Vítimas Feridas";"Pleno dia";"Crescente";"Ceu Claro";"Simples";"Reta";"Rural";4;0;2;0;2;0;2;2
83429338;"12/01/16";"Terça";"09:00:00";"PE";101;"12,5";"GOIANA";"Defeito mecânico em veículo";"Tombamento";"Sem Vítimas";"Pleno dia";"Decrescente";"Nublado";"Dupla";"Reta";"Rural";1;0;0;0;1;0;0;1
83429339;"09/01/16";"Sábado";"05:40:00";"SP";116;"58";"GUARATINGUETA";"Animais na Pista";"Atropelamento de animal";"Sem Vítimas";"Amanhecer";"Crescente";"Ceu Claro";"Dupla";"Reta";"Urbano";2;0;0;0;2;0;0;2
83429340;"12/01/16";"Terça";"13:30:00";"RJ";116;"198,9";"QUEIMADOS";"Outras";"Colisão com objeto fixo";"Sem Vítimas";"Pleno dia";"Decrescente";"Nublado";"Dupla";"Reta";"Rural";1;0;0;0;1;0;0;1
83429341;"12/01/16";"Terça";"08:20:00";"RJ";116;"43";"TERESOPOLIS";"Outras";"Tombamento";"Com Vítimas Feridas";"Pleno dia";"Decrescente";"Chuva";"Simples";"Curva";"Rural";1;0;1;0;0;0;1;1
83429342;"08/01/16";"Sexta";"23:20:00";"MG";40;"547";"NOVA LIMA";"Defeito mecânico em veículo";"Colisão com objeto fixo";"Com Vítimas Feridas";"Plena noite";"Decrescente";"Ceu Claro";"Múltipla";"Curva";"Urbano";2;0;0;1;0;1;1;1
83429343;"12/01/16";"Terça";"07:35:00";"CE";20;"429,5";"MARACANAU";"Não guardar distância de segurança";"Colisão traseira";"Sem Vítimas";"Pleno dia";"Crescente";"Sol";"Múltipla";"Reta";"Urbano";3;0;0;0;2;1;0;3
83429344;"12/01/16";"Terça";"14:40:00";"SP";381;"41";"ATIBAIA";"Velocidade incompatível";"Colisão com objeto fixo";"Sem Vítimas";"Pleno dia";"Decrescente";"Chuva";"Dupla";"Reta";"Urbano";1;0;0;0;1;0;0;1
83429345;"12/01/16";"Terça";"09:10:00";"MG";381;"343";"BELA VISTA DE MINAS";"Velocidade incompatível";"Colisão frontal";"Sem Vítimas";"Pleno dia";"Crescente";"Chuva";"Simples";"Curva";"Rural";2;0;0;0;2;0;0;2
83429346;"12/01/16";"Terça";"15:20:00";"SC";470;"66";"INDAIAL";"Desobediência à sinalização";"Colisão Transversal";"Com Vítimas Feridas";"Pleno dia";"Crescente";"Ceu Claro";"Dupla";"Reta";"Urbano";2;0;0;1;1;0;1;2
83429347;"12/01/16";"Terça";"14:20:00";"SP";381;"38";"ATIBAIA";"Outras";"Capotamento";"Sem Vítimas";"Pleno dia";"Decrescente";"Chuva";"Dupla";"Reta";"Urbano";1;0;0;0;1;0;0;1
83429348;"12/01/16";"Terça";"14:00:00";"RJ";40;"43";"AREAL";"Outras";"Saída de Pista";"Sem Vítimas";"Pleno dia";"Decrescente";"Chuva";"Dupla";"Reta";"Rural";1;0;0;0;1;0;0;1