"id";"data_inversa";"dia_semana";"horario";"uf";"br";"km";"municipio";"causa_acidente";"tipo_acidente";"classificacao_acidente";"fase_dia";"sentido_via";"condicao_metereologica";"tipo_pista";"tracado_via";"uso_solo";"pessoas";"mortos";"feridos_leves";"feridos_graves";"ilesos";"ignorados";"feridos";"veiculos"
83429349;"09/01/16";"Sábado";"13:50:00";"BA";324;"553";"AMELIA RODRIGUES";"Outras";"Saída de Pista";"Com Vítimas Feridas";"Pleno dia";"Decrescente";"Ceu Claro";"Dupla";"Reta";"Rural";1;0;1;0;0;0;1;1
83429350;"11/01/16";"Segunda";"08:50:00";"PR";158;"220,4";"CAMPO MOURAO";"Outras";"Saída de Pista";"Com Vítimas Fatais";"Pleno dia";"Decrescente";"Chuva";"Simples";"Reta";"Rural";7;2;2;0;3;0;2;2
83429352;"12/01/16";"Terça";"11:10:00";"BA";116;"631,8";"JAGUAQUARA";"Defeito mecânico em veículo";"Colisão Transversal";"Sem Vítimas";"Pleno dia";"Decrescente";"Ceu Claro";"Dupla";"Reta";"Urbano";2;0;0;0;2;0;0;2
83429353;"12/01/16";"Terça";"02:20:00";"SC";470;"259,6";"CURITIBANOS";"Dormindo";"Saída de Pista";"Sem Vítimas";"Plena noite";"Decrescente";"Nublado";"Simples";"Reta";"Rural";1;0;0;0;1;0;0;1
83429355;"12/01/16";"Terça";"10:10:00";"RJ";101;"67";"CAMPOS DOS GOYTACAZES";"Falta de atenção";"Colisão lateral";"Com Vítimas Feridas";"Pleno dia";"Crescente";"Chuva";"Simples";"Reta";"Urbano";2;0;1;0;0;1;1;2
83429356;"12/01/16";"Terça";"13:50:00";"MG";262;"382";"MATEUS LEME";"Velocidade incompatível";"Saída de Pista";"Sem Vítimas";"Pleno dia";"Crescente";"Chuva";"Dupla";"Reta";"Rural";1;0;0;0;1;0;0;1
83429357;"12/01/16";"Terça";"14:30:00";"SP";381;"51,5";"ATIBAIA";"Outras";"Tombamento";"Com Vítimas Feridas";"Pleno dia";"Crescente";"Chuva";"Dupla";"Reta";"Rural";1;0;0;1;0;0;1;1
83429358;"12/01/16";"Terça";"15:50:00";"PR";376;"135,9";"NOVA ESPERANCA";"Falta de atenção";"Colisão Transversal";"Com Vítimas Feridas";"Pleno dia";"Decrescente";"Nublado";"Simples";"Reta";"Urbano";4;0;2;2;0;0;4;2
83429359;"12/01/16";"Terça";"06:10:00";"MG";365;"169";"BURITIZEIRO";"Falta de atenção";"Colisão lateral";"Com Vítimas Feridas";"Pleno dia";"Crescente";"Ceu Claro";"Simples";"Reta";"Urbano";2;0;1;1;0;0;2;2
83429360;"12/01/16";"Terça";"13:00:00";"BA";101;"805,9";"ITAMARAJU";"Falta de atenção";"Colisão Transversal";"Com Vítimas Feridas";"Pleno dia";"Crescente";"Nublado";"Simples";"Reta";"Urbano";6;0;2;2;2;0;4;2
83429361;"12/01/16";"Terça";"09:30:00";"MG";262;"585,7";"CAMPOS ALTOS";"Velocidade incompatível";"Saída de Pista";"Sem Vítimas";"Pleno dia";"Crescente";"Chuva";"Simples";"Curva";"Rural";1;0;0;0;1;0;0;1
83429363;"12/01/16";"Terça";"14:20:00";"PR";272;"562";"GUAIRA";"Defeito mecânico em veículo";"Saída de Pista";"Sem Vítimas";"Pleno dia";"Crescente";"Sol";"Simples";"Reta";"Rural";1;0;0;0;1;0;0;1
83429364;"12/01/16";"Terça";"15:50:00";"MG";40;"521";"CONTAGEM";"Desobediência à sinalização";"Colisão traseira";"Com Vítimas Feridas";"Pleno dia";"Decrescente";"Chuva";"Dupla";"Reta";"Rural";2;0;1;0;0;1;1;2
83429365;"12/01/16";"Terça";"14:20:00";"SP";381;"82";"SAO PAULO";"Velocidade incompatível";"Colisão com objeto fixo";"Com Vítimas Feridas";"Pleno dia";"Crescente";"Nublado";"Múltipla";"Reta";"Rural";1;0;1;0;0;0;1;1
83429366;"03/01/16";"Domingo";"21:30:00";"SC";101;"314,9";"LAGUNA";"Não guardar distância de segurança";"Colisão lateral";"Sem Vítimas";"Plena noite";"Crescente";"Nublado";"Dupla";"Curva";"Urbano";2;0;0;0;2;0;0;2
83429367;"12/01/16";"Terça";"08:10:00";"SP";116;"143,6";"SAO JOSE DOS CAMPOS";"Outras";"Queda de motocicleta / bicicleta / veículo";"Com Vítimas Feridas";"Pleno dia";"Decrescente";"Chuva";"Dupla";"Reta";"Urbano";1;0;1;0;0;0;1;1
83429368;"12/01/16";"Terça";"17:00:00";"MG";262;"800";"UBERABA";"Outras";"Saída de Pista";"Sem Vítimas";"Pleno dia";"Crescente";"Nublado";"Simples";"Curva";"Urbano";1;0;0;0;1;0;0;1
83429369;"12/01/16";"Terça";"11:40:00";"DF";20;"6,1";"BRASILIA";"Falta de atenção";"Colisão traseira";"Sem Vítimas";"Pleno dia";"Crescente";"Chuva";"Dupla";"Reta";"Urbano";2;0;0;0;2;0;0;2
83429370;"12/01/16";"Terça";"13:50:00";"GO";50;"279,9";"CATALAO";"Velocidade incompatível";"Colisão Transversal";"Com Vítimas Feridas";"Pleno dia";"Crescente";"Nublado";"Simples";"Reta";"Rural";2;0;1;0;1;0;1;2
83429371;"12/01/16";"Terça";"12:30:00";"PR";476;"127";"CURITIBA";"Não guardar distância de segurança";"Colisão traseira";"Sem Vítimas";"Pleno dia";"Decrescente";"Ceu Claro";"Múltipla";"Cruzamento";"Urbano";2;0;0;0;2;0;0;2
83429372;"12/01/16";"Terça";"15:00:00";"GO";50;"276,3";"CATALAO";"Defeito mecânico em veículo";"Colisão com objeto móvel";"Sem Vítimas";"Pleno dia";"Crescente";"Nublado";"Simples";"Reta";"Urbano";2;0;0;0;2;0;0;2
83429373;"12/01/16";"Terça";"15:15:00";"SC";470;"243";"CURITIBANOS";"Falta de atenção";"Colisão traseira";"Sem Vítimas";"Pleno dia";"Crescente";"Sol";"Simples";"Reta";"Rural";2;0;0;0;2;0;0;2
83429376;"12/01/16";"Terça";"15:30:00";"GO";452;"132,5";"BOM JESUS DE GOIAS";"Velocidade incompatível";"Colisão traseira";"Sem Vítimas";"Pleno dia";"Crescente";"Chuva";"Simples";"Reta";"Urbano";2;0;0;0;2;0;0;2
83429377;"12/01/16";"Terça";"13:40:00";"BA";116;"625,5";"JAGUAQUARA";"Dormindo";"Saída de Pista";"Sem Vítimas";"Pleno dia";"Crescente";"Ceu Claro";"Simples";"Reta";"Rural";1;0;0;0;1;0;0;1
83429378;"12/01/16";"Terça";"15:30:00";"SC";280;"281,9";"IRINEOPOLIS";"Dormindo";"Saída de Pista";"Com Vítimas Feridas";"Pleno dia";"Crescente";"Ceu Claro";"Simples";"Reta";"Rural";3;0;1;0;2;0;1;1
83429379;"12/01/16";"Terça";"17:00:00";"MS";267;"472,3";"GUIA LOPES DA LAGUNA";"Defeito mecânico em veículo";"Queda de motocicleta / bicicleta / veículo";"Com Vítimas Feridas";"Pleno dia";"Crescente";"Chuva";"Simples";"Reta";"Rural";2;0;2;0;0;0;2;1
83429380;"12/01/16";"Terça";"16:40:00";"GO";153;"496,9";"GOIANIA";"Defeito na via";"Colisão traseira";"Com Vítimas Feridas";"Pleno dia";"Decrescente";"Nublado";"Dupla";"Reta";"Urbano";3;0;1;0;2;0;1;3
83429381;"03/01/16";"Domingo";"09:00:00";"MG";135;"612,3";"CURVELO";"Ultrapassagem indevida";"Colisão frontal";"Com Vítimas Feridas";"Pleno dia";"Crescente";"Ceu Claro";"Simples";"Curva";"Rural";9;0;6;2;1;0;8;3
83429382;"12/01/16";"Terça";"12:30:00";"MG";135;"601,9";"CORINTO";"Outras";"Colisão frontal";"Com Vítimas Feridas";"Pleno dia";"Crescente";"Chuva";"Simples";"Reta";"Rural";3;0;1;0;2;0;1;2
83429384;"12/01/16";"Terça";"18:05:00";"SC";282;"501";"XANXERE";"Desobediência à sinalização";"Colisão Transversal";"Sem Vítimas";"Pleno dia";"Crescente";"Sol";"Simples";"Cruzamento";"Urbano";2;0;0;0;2;0;0;2
83429385;"09/01/16";"Sábado";"20:20:00";"MT";70;"220";"GENERAL CARNEIRO";"Velocidade incompatível";"Saída de Pista";"Sem Vítimas";"Plena noite";"Crescente";"Ceu Claro";"Simples";"Curva";"Rural";1;0;0;0;1;0;0;1
83429386;"12/01/16";"Terça";"14:00:00";"MS";163;"682";"RIO VERDE DE MATO GROSSO";"Falta de atenção";"Colisão Transversal";"Com Vítimas Feridas";"Pleno dia";"Crescente";"Chuva";"Simples";"Reta";"Urbano";3;0;0;1;2;0;1;2
83429387;"08/01/16";"Sexta";"22:00:00";"MG";381;"862";"POUSO ALEGRE";"Falta de atenção";"Saída de Pista";"Sem Vítimas";"Plena noite";"Decrescente";"Nublado";"Dupla";"Reta";"Rural";3;0;0;0;3;0;0;1
83429388;"12/01/16";"Terça";"16:00:00";"PE";101;"78";"RECIFE";"Falta de atenção";"Colisão lateral";"Com Vítimas Feridas";"Pleno dia";"Crescente";"Ceu Claro";"Dupla";"Reta";"Urbano";2;0;1;0;1;0;1;2
83429389;"12/01/16";"Terça";"13:40:00";"MG";262;"462,5";"ARAUJOS";"Velocidade incompatível";"Saída de Pista";"Com Vítimas Feridas";"Pleno dia";"Decrescente";"Chuva";"Simples";"Reta";"Rural";2;0;1;1;0;0;2;1
83429390;"08/01/16";"Sexta";"17:00:00";"MG";251;"398";"GRAO MOGOL";"Falta de atenção";"Colisão traseira";"Sem Vítimas";"Pleno dia";"Crescente";"Chuva";"Simples";"Curva";"Rural";2;0;0;0;1;1;0;2
83429391;"04/01/16";"Segunda";"16:00:00";"PE";232;"70";"GRAVATA";"Falta de atenção";"Colisão traseira";"Sem Vítimas";"Pleno dia";"Crescente";"Ceu Claro";"Simples";"Curva";"Urbano";2;0;0;0;2;0;0;2
83429393;"12/01/16";"Terça";"13:30:00";"MG";381;"324";"NOVA ERA";"Dormindo";"Saída de Pista";"Com Vítimas Feridas";"Pleno dia";"Crescente";"Chuva";"Simples";"Reta";"Rural";2;0;1;0;1;0;1;1
83429394;"12/01/16";"Terça";"10:05:00";"SC";116;"226,1";"CORREIA PINTO";"Desobediência à sinalização";"Colisão lateral";"Sem Vítimas";"Pleno dia";"Decrescente";"Ceu Claro";"Simples";"Reta";"Rural";3;0;0;0;3;0;0;2
83429395;"12/01/16";"Terça";"11:00:00";"MG";365;"66,3";"JEQUITAI";"Velocidade incompatível";"Capotamento";"Com Vítimas Feridas";"Pleno dia";"Decrescente";"Chuva";"Simples";"Curva";"Rural";1;0;1;0;0;0;1;1
83429397;"12/01/16";"Terça";"14:00:00";"PE";408;"97";"SAO LOURENCO DA MATA";"Outras";"Colisão com objeto fixo";"Ignorado";"Pleno dia";"Decrescente";"Sol";"Dupla";"Reta";"Urbano";1;0;0;0;0;1;0;1
83429398;"12/01/16";"Terça";"14:00:00";"ES";101;"268,5";"SERRA";"Falta de atenção";"Colisão traseira";"Com Vítimas Feridas";"Pleno dia";"Crescente";"Chuva";"Dupla";"Reta";"Urbano";3;0;2;0;1;0;2;2
83429399;"12/01/16";"Terça";"10:00:00";"MG";381;"317";"NOVA ERA";"Velocidade incompatível";"Colisão lateral";"Com Vítimas Fatais";"Pleno dia";"Crescente";"Chuva";"Simples";"Curva";"Rural";3;1;2;0;0;0;2;2
83429400;"12/01/16";"Terça";"17:20:00";"PR";376;"492,4";"PONTA GROSSA";"Não guardar distância de segurança";"Saída de Pista";"Sem Vítimas";"Pleno dia";"Crescente";"Ceu Claro";"Dupla";"Reta";"Urbano";1;0;0;0;1;0;0;1
83429401;"12/01/16";"Terça";"17:40:00";"MG";356;"277,1";"EUGENOPOLIS";"Velocidade incompatível";"Derramamento de Carga";"Sem Vítimas";"Pleno dia";"Decrescente";"Chuva";"Simples";"Curva";"Rural";1;0;0;0;1;0;0;1
83429402;"12/01/16";"Terça";"17:00:00";"PR";476;"149,8";"ARAUCARIA";"Falta de atenção";"Colisão com bicicleta";"Com Vítimas Feridas";"Pleno dia";"Decrescente";"Nublado";"Dupla";"Curva";"Urbano";2;0;1;0;1;0;1;2
83429403;"12/01/16";"Terça";"17:00:00";"SC";470;"97,1";"APIUNA";"Outras";"Saída de Pista";"Com Vítimas Feridas";"Pleno dia";"Decrescente";"Sol";"Simples";"Curva";"Rural";1;0;1;0;0;0;1;1
83429404;"12/01/16";"Terça";"19:00:00";"RJ";40;"43";"PETROPOLIS";"Outras";"Colisão com objeto fixo";"Com Vítimas Feridas";"Anoitecer";"Decrescente";"Chuva";"Dupla";"Curva";"Rural";1;0;1;0;0;0;1;1
83429405;"12/01/16";"Terça";"11:15:00";"AC";364;"131";"RIO BRANCO";"Falta de atenção";"Colisão Transversal";"Com Vítimas Feridas";"Pleno dia";"Crescente";"Sol";"Simples";"Cruzamento";"Urbano";2;0;1;0;1;0;1;2
83429407;"09/01/16";"Sábado";"13:00:00";"MG";251;"378,9";"GRAO MOGOL";"Velocidade incompatível";"Colisão frontal";"Com Vítimas Feridas";"Pleno dia";"Crescente";"Sol";"Simples";"Reta";"Rural";5;0;1;3;1;0;4;2
83429408;"12/01/16";"Terça";"17:30:00";"MG";381;"168";"GOVERNADOR VALADARES";"Ultrapassagem indevida";"Colisão frontal";"Com Vítimas Feridas";"Pleno dia";"Crescente";"Chuva";"Simples";"Reta";"Rural";4;0;3;0;1;0;3;2
83429409;"12/01/16";"Terça";"18:50:00";"RS";116;"53";"VACARIA";"Falta de atenção";"Queda de motocicleta / bicicleta / veículo";"Com Vítimas Feridas";"Anoitecer";"Decrescente";"Ceu Claro";"Simples";"Curva";"Rural";1;0;0;1;0;0;1;1
83429410;"12/01/16";"Terça";"15:00:00";"MG";116;"304";"ITAMBACURI";"Outras";"Saída de Pista";"Sem Vítimas";"Pleno dia";"Crescente";"Chuva";"Simples";"Curva";"Rural";4;0;0;0;4;0;0;1
83429411;"12/01/16";"Terça";"14:00:00";"MT";364;"272,8";"JACIARA";"Velocidade incompatível";"Tombamento";"Com Vítimas Feridas";"Pleno dia";"Decrescente";"Ceu Claro";"Dupla";"Curva";"Urbano";1;0;1;0;0;0;1;1
83429412;"12/01/16";"Terça";"09:20:00";"MG";116;"533,6";"CARATINGA";"Velocidade incompatível";"Queda de motocicleta / bicicleta / veículo";"Com Vítimas Feridas";"Pleno dia";"Crescente";"Chuva";"Simples";"Curva";"Rural";1;0;1;0;0;0;1;1
83429413;"12/01/16";"Terça";"15:30:00";"ES";262;"3,9";"CARIACICA";"Outras";"Queda de motocicleta / bicicleta / veículo";"Com Vítimas Feridas";"Pleno dia";"Crescente";"Chuva";"Múltipla";"Reta";"Urbano";1;0;1;0;0;0;1;1
83429414;"12/01/16";"Terça";"15:00:00";"PE";232;"390";"SERRA TALHADA";"Desobediência à sinalização";"Colisão frontal";"Com Vítimas Feridas";"Pleno dia";"Decrescente";"Ceu Claro";"Simples";"Reta";"Rural";10;0;5;0;4;1;5;4
83429415;"12/01/16";"Terça";"13:00:00";"DF";20;"7";"BRASILIA";"Outras";"Saída de Pista";"Sem Vítimas";"Pleno dia";"Decrescente";"Chuva";"Dupla";"Reta";"Urbano";1;0;0;0;1;0;0;1
83429416;"12/01/16";"Terça";"09:30:00";"PE";232;"280";"SERTANIA";"Outras";"Derramamento de Carga";"Sem Vítimas";"Pleno dia";"Crescente";"Sol";"Simples";"Cruzamento";"Urbano";1;0;0;0;1;0;0;1
83429417;"12/01/16";"Terça";"12:20:00";"SP";116;"34,4";"CACHOEIRA PAULISTA";"Velocidade incompatível";"Colisão traseira";"Sem Vítimas";"Pleno dia";"Crescente";"Nublado";"Dupla";"Reta";"Rural";2;0;0;0;2;0;0;2
83429420;"12/01/16";"Terça";"15:30:00";"MG";381;"697";"LAVRAS";"Não guardar distância de segurança";"Colisão com objeto fixo";"Sem Vítimas";"Pleno dia";"Crescente";"Chuva";"Dupla";"Curva";"Rural";1;0;0;0;1;0;0;1
83429421;"12/01/16";"Terça";"19:40:00";"RJ";101;"551";"PARATI";"Falta de atenção";"Colisão com objeto fixo";"Com Vítimas Feridas";"Anoitecer";"Crescente";"Chuva";"Simples";"Reta";"Rural";2;0;1;0;1;0;1;1
83429422;"12/01/16";"Terça";"07:50:00";"MG";40;"508,4";"RIBEIRAO DAS NEVES";"Velocidade incompatível";"Saída de Pista";"Sem Vítimas";"Pleno dia";"Decrescente";"Chuva";"Dupla";"Reta";"Urbano";1;0;0;0;1;0;0;1
83429423;"12/01/16";"Terça";"11:05:00";"RJ";101;"58";"CAMPOS DOS GOYTACAZES";"Não guardar distância de segurança";"Colisão traseira";"Sem Vítimas";"Pleno dia";"Crescente";"Chuva";"Simples";"Reta";"Urbano";2;0;0;0;2;0;0;2
83429424;"12/01/16";"Terça";"15:30:00";"PR";277;"106,8";"CAMPO LARGO";"Velocidade incompatível";"Colisão traseira";"Sem Vítimas";"Pleno dia";"Crescente";"Ceu Claro";"Dupla";"Reta";"Urbano";4;0;0;0;4;0;0;4
83429426;"12/01/16";"Terça";"18:45:00";"SC";101;"272,3";"IMBITUBA";"Velocidade incompatível";"Colisão frontal";"Com Vítimas Feridas";"Plena noite";"Crescente";"Ceu Claro";"Simples";"Curva";"Urbano";3;0;1;0;2;0;1;2
83429427;"08/01/16";"Sexta";"20:00:00";"SP";116;"216";"GUARULHOS";"Outras";"Capotamento";"Com Vítimas Feridas";"Plena noite";"Decrescente";"Nublado";"Simples";"Reta";"Urbano";3;0;1;0;1;1;1;2
83429428;"12/01/16";"Terça";"18:30:00";"SP";116;"228";"SAO PAULO";"Não guardar distância de segurança";"Colisão lateral";"Com Vítimas Feridas";"Pleno dia";"Decrescente";"Nublado";"Múltipla";"Reta";"Urbano";2;0;1;0;1;0;1;2
83429429;"12/01/16";"Terça";"15:00:00";"PR";376;"379,9";"IMBAU";"Ingestão de álcool";"Capotamento";"Sem Vítimas";"Pleno dia";"Crescente";"Ceu Claro";"Simples";"Reta";"Rural";1;0;0;0;1;0;0;1
83429430;"04/01/16";"Segunda";"12:50:00";"MS";463;"44,1";"PONTA PORA";"Falta de atenção";"Saída de Pista";"Sem Vítimas";"Pleno dia";"Decrescente";"Chuva";"Simples";"Reta";"Rural";2;0;0;0;2;0;0;1
83429431;"12/01/16";"Terça";"10:23:00";"RJ";116;"220,3";"PARACAMBI";"Outras";"Colisão com objeto fixo";"Sem Vítimas";"Pleno dia";"Crescente";"Ceu Claro";"Simples";"Curva";"Rural";1;0;0;0;1;0;0;1
83429432;"12/01/16";"Terça";"17:50:00";"MG";381;"301";"ANTONIO DIAS";"Velocidade incompatível";"Saída de Pista";"Com Vítimas Feridas";"Pleno dia";"Crescente";"Chuva";"Simples";"Curva";"Rural";1;0;1;0;0;0;1;1
83429434;"12/01/16";"Terça";"13:30:00";"MG";365;"266";"BURITIZEIRO";"Velocidade incompatível";"Saída de Pista";"Com Vítimas Feridas";"Pleno dia";"Crescente";"Nublado";"Simples";"Curva";"Rural";5;0;4;1;0;0;5;1
83429435;"12/01/16";"Terça";"16:30:00";"MG";381;"316";"ANTONIO DIAS";"Velocidade incompatível";"Colisão frontal";"Com Vítimas Feridas";"Pleno dia";"Crescente";"Chuva";"Simples";"Curva";"Rural";6;0;3;2;1;0;5;2
83429436;"09/01/16";"Sábado";"04:30:00";"TO";153;"752,2";"ALVORADA";"Falta de atenção";"Colisão lateral";"Sem Vítimas";"Plena noite";"Crescente";"Nublado";"Simples";"Reta";"Rural";4;0;0;0;4;0;0;2
83429437;"12/01/16";"Terça";"18:45:00";"SP";116;"220";"GUARULHOS";"Não guardar distância de segurança";"Colisão lateral";"Com Vítimas Feridas";"Pleno dia";"Crescente";"Nublado";"Múltipla";"Reta";"Urbano";2;0;1;0;0;1;1;2
83429438;"12/01/16";"Terça";"18:00:00";"SC";280;"69,7";"JARAGUA DO SUL";"Não guardar distância de segurança";"Colisão traseira";"Com Vítimas Feridas";"Pleno dia";"Crescente";"Nublado";"Simples";"Reta";"Rural";2;0;1;0;1;0;1;2
83429442;"12/01/16";"Terça";"12:30:00";"MG";40;"731,4";"SANTOS DUMONT";"Velocidade incompatível";"Saída de Pista";"Sem Vítimas";"Pleno dia";"Crescente";"Chuva";"Dupla";"Curva";"Rural";1;0;0;0;1;0;0;1
83429443;"12/01/16";"Terça";"16:40:00";"RS";116;"181,4";"NOVA PETROPOLIS";"Dormindo";"Colisão frontal";"Com Vítimas Feridas";"Pleno dia";"Decrescente";"Sol";"Simples";"Curva";"Urbano";2;0;1;0;1;0;1;2
83429444;"12/01/16";"Terça";"17:30:00";"RS";116;"216,1";"MORRO REUTER";"Desobediência à sinalização";"Colisão Transversal";"Com Vítimas Feridas";"Pleno dia";"Decrescente";"Ceu Claro";"Múltipla";"Cruzamento";"Urbano";4;0;2;1;1;0;3;2
83429446;"12/01/16";"Terça";"19:15:00";"GO";60;"225,3";"CEZARINA";"Velocidade incompatível";"Saída de Pista";"Sem Vítimas";"Plena noite";"Crescente";"Chuva";"Dupla";"Curva";"Rural";1;0;0;0;1;0;0;1
83429447;"12/01/16";"Terça";"19:30:00";"MG";381;"343";"JOAO MONLEVADE";"Velocidade incompatível";"Saída de Pista";"Sem Vítimas";"Anoitecer";"Crescente";"Chuva";"Simples";"Curva";"Rural";1;0;0;0;1;0;0;1
83429448;"12/01/16";"Terça";"18:30:00";"SP";116;"225";"GUARULHOS";"Falta de atenção";"Colisão traseira";"Com Vítimas Feridas";"Pleno dia";"Decrescente";"Nublado";"Simples";"Reta";"Rural";2;0;1;0;0;1;1;2
83429449;"12/01/16";"Terça";"20:00:00";"PR";376;"212";"MANDAGUARI";"Outras";"Capotamento";"Sem Vítimas";"Anoitecer";"Decrescente";"Nublado";"Dupla";"Curva";"Rural";1;0;0;0;1;0;0;1
83429450;"12/01/16";"Terça";"16:15:00";"AL";101;"46,5";"FLEXEIRAS";"Falta de atenção";"Colisão traseira";"Sem Vítimas";"Pleno dia";"Crescente";"Ceu Claro";"Simples";"Reta";"Rural";2;0;0;0;2;0;0;2
83429451;"08/01/16";"Sexta";"14:20:00";"DF";60;"17,1";"BRASILIA";"Defeito mecânico em veículo";"Queda de motocicleta / bicicleta / veículo";"Com Vítimas Feridas";"Pleno dia";"Decrescente";"Chuva";"Dupla";"Reta";"Rural";1;0;1;0;0;0;1;1
83429452;"12/01/16";"Terça";"19:00:00";"SC";282;"197,9";"LAGES";"Desobediência à sinalização";"Colisão lateral";"Com Vítimas Feridas";"Anoitecer";"Decrescente";"Ceu Claro";"Simples";"Reta";"Rural";2;0;0;1;1;0;1;2
83429454;"09/01/16";"Sábado";"14:15:00";"MG";381;"747,4";"TRES CORACOES";"Falta de atenção";"Colisão lateral";"Sem Vítimas";"Pleno dia";"Decrescente";"Nublado";"Dupla";"Reta";"Rural";2;0;0;0;2;0;0;2
83429455;"12/01/16";"Terça";"20:00:00";"BA";116;"16";"VITORIA DA CONQUISTA";"Desobediência à sinalização";"Colisão Transversal";"Com Vítimas Feridas";"Plena noite";"Decrescente";"Nublado";"Simples";"Curva";"Urbano";3;0;1;1;0;1;2;2
83429456;"12/01/16";"Terça";"20:10:00";"BA";116;"823";"VITORIA DA CONQUISTA";"Outras";"Atropelamento de pessoa";"Com Vítimas Feridas";"Plena noite";"Decrescente";"Ceu Claro";"Dupla";"Reta";"Urbano";2;0;2;0;0;0;2;1
83429457;"12/01/16";"Terça";"21:00:00";"PE";101;"65,6";"RECIFE";"Outras";"Atropelamento de pessoa";"Com Vítimas Feridas";"Plena noite";"Decrescente";"Ceu Claro";"Dupla";"Reta";"Urbano";2;0;0;1;1;0;1;1
83429458;"12/01/16";"Terça";"09:55:00";"MG";381;"342";"BELA VISTA DE MINAS";"Velocidade incompatível";"Colisão frontal";"Sem Vítimas";"Pleno dia";"Decrescente";"Chuva";"Simples";"Curva";"Rural";2;0;0;0;2;0;0;2
83429459;"12/01/16";"Terça";"14:20:00";"MG";40;"506";"RIBEIRAO DAS NEVES";"Velocidade incompatível";"Saída de Pista";"Com Vítimas Feridas";"Pleno dia";"Crescente";"Chuva";"Dupla";"Reta";"Urbano";1;0;1;0;0;0;1;1
83429461;"12/01/16";"Terça";"15:00:00";"MG";40;"460,1";"CAETANOPOLIS";"Velocidade incompatível";"Saída de Pista";"Com Vítimas Feridas";"Pleno dia";"Crescente";"Chuva";"Dupla";"Curva";"Rural";1;0;1;0;0;0;1;1
83429462;"12/01/16";"Terça";"18:30:00";"MS";163;"497,1";"CAMPO GRANDE";"Outras";"Colisão traseira";"Com Vítimas Feridas";"Plena noite";"Crescente";"Chuva";"Simples";"Curva";"Rural";3;0;1;0;2;0;1;2
83429463;"08/01/16";"Sexta";"18:20:00";"CE";20;"204";"BOA VIAGEM";"Outras";"Colisão traseira";"Com Vítimas Fatais";"Plena noite";"Decrescente";"Nublado";"Simples";"Reta";"Urbano";3;1;0;1;0;1;1;2
83429464;"12/01/16";"Terça";"12:00:00";"MG";381;"365";"SAO GONCALO DO RIO ABAIXO";"Velocidade incompatível";"Colisão frontal";"Com Vítimas Feridas";"Pleno dia";"Crescente";"Chuva";"Simples";"Curva";"Rural";3;0;3;0;0;0;3;2
83429465;"12/01/16";"Terça";"15:00:00";"MT";158;"726";"BARRA DO GARCAS";"Falta de atenção";"Saída de Pista";"Sem Vítimas";"Pleno dia";"Crescente";"Chuva";"Simples";"Curva";"Rural";1;0;0;0;1;0;0;1
83429466;"12/01/16";"Terça";"16:50:00";"MG";40;"445,9";"PARAOPEBA";"Velocidade incompatível";"Saída de Pista";"Sem Vítimas";"Pleno dia";"Crescente";"Chuva";"Dupla";"Reta";"Urbano";1;0;0;0;1;0;0;1
83429467;"12/01/16";"Terça";"16:30:00";"MG";262;"122";"RIO CASCA";"Velocidade incompatível";"Saída de Pista";"Sem Vítimas";"Pleno dia";"Decrescente";"Chuva";"Simples";"Curva";"Rural";1;0;0;0;1;0;0;1
83429469;"12/01/16";"Terça";"19:00:00";"BA";101;"264";"SANTO ANTONIO DE JESUS";"Outras";"Colisão Transversal";"Sem Vítimas";"Plena noite";"Decrescente";"Ceu Claro";"Simples";"Cruzamento";"Urbano";4;0;0;0;4;0;0;2
83429471;"12/01/16";"Terça";"23:14:00";"SC";101;"10";"GARUVA";"Outras";"Colisão com objeto fixo";"Sem Vítimas";"Plena noite";"Decrescente";"Ceu Claro";"Dupla";"Reta";"Urbano";2;0;0;0;2;0;0;2
83429472;"12/01/16";"Terça";"11:30:00";"MG";262;"160";"SAO DOMINGOS DO PRATA";"Velocidade incompatível";"Colisão frontal";"Com Vítimas Feridas";"Pleno dia";"Crescente";"Chuva";"Simples";"Curva";"Rural";6;0;4;1;1;0;5;2
83429473;"12/01/16";"Terça";"17:30:00";"SC";101;"145,9";"ITAPEMA";"Falta de atenção";"Colisão lateral";"Com Vítimas Feridas";"Pleno dia";"Decrescente";"Ceu Claro";"Dupla";"Reta";"Urbano";3;0;2;0;0;1;2;2
83429474;"12/01/16";"Terça";"20:10:00";"RJ";116;"321";"ITATIAIA";"Outras";"Colisão com objeto fixo";"Com Vítimas Feridas";"Plena noite";"Decrescente";"Nublado";"Dupla";"Curva";"Urbano";2;0;2;0;0;0;2;1
83429475;"12/01/16";"Terça";"23:15:00";"MG";50;"42";"ARAGUARI";"Outras";"Saída de Pista";"Sem Vítimas";"Plena noite";"Crescente";"Nublado";"Dupla";"Reta";"Rural";2;0;0;0;2;0;0;1
83429477;"12/01/16";"Terça";"17:00:00";"RO";364;"92,5";"VILHENA";"Defeito na via";"Colisão lateral";"Sem Vítimas";"Pleno dia";"Crescente";"Ceu Claro";"Simples";"Reta";"Rural";2;0;0;0;2;0;0;2