"id";"data_inversa";"dia_semana";"horario";"uf";"br";"km";"municipio";"causa_acidente";"tipo_acidente";"classificacao_acidente";"fase_dia";"sentido_via";"condicao_metereologica";"tipo_pista";"tracado_via";"uso_solo";"pessoas";"mortos";"feridos_leves";"feridos_graves";"ilesos";"ignorados";"feridos";"veiculos"
83429478;"12/01/16";"Terça";"23:15:00";"MT";364;"201";"RONDONOPOLIS";"Falta de atenção";"Colisão com bicicleta";"Com Vítimas Feridas";"Plena noite";"Crescente";"Ceu Claro";"Dupla";"Reta";"Urbano";2;0;1;0;0;1;1;2
83429479;"12/01/16";"Terça";"15:50:00";"GO";153;"605";"MORRINHOS";"Velocidade incompatível";"Saída de Pista";"Sem Vítimas";"Pleno dia";"Crescente";"Chuva";"Dupla";"Reta";"Rural";1;0;0;0;1;0;0;1
83429480;"12/01/16";"Terça";"07:00:00";"PR";277;"730";"FOZ DO IGUACU";"Desobediência à sinalização";"Atropelamento de pessoa";"Com Vítimas Feridas";"Pleno dia";"Crescente";"Ceu Claro";"Múltipla";"Reta";"Urbano";2;0;0;1;1;0;1;1
83429481;"12/01/16";"Terça";"14:40:00";"MA";135;"1";"SAO LUIS";"Falta de atenção";"Colisão Transversal";"Com Vítimas Feridas";"Plena noite";"Crescente";"Sol";"Dupla";"Reta";"Urbano";2;0;0;1;1;0;1;2
83429483;"12/01/16";"Terça";"22:00:00";"PR";487;"249";"IRETAMA";"Falta de atenção";"Colisão Transversal";"Com Vítimas Feridas";"Plena noite";"Crescente";"Chuva";"Simples";"Curva";"Rural";2;0;0;1;1;0;1;2
83429484;"13/01/16";"Quarta";"01:00:00";"RJ";101;"264";"RIO BONITO";"Outras";"Atropelamento de pessoa";"Com Vítimas Fatais";"Plena noite";"Crescente";"Nublado";"Dupla";"Reta";"Urbano";2;1;0;0;1;0;0;1
83429485;"13/01/16";"Quarta";"02:00:00";"SC";282;"222,9";"LAGES";"Dormindo";"Saída de Pista";"Com Vítimas Feridas";"Plena noite";"Decrescente";"Chuva";"Simples";"Reta";"Rural";1;0;1;0;0;0;1;1
83429486;"12/01/16";"Terça";"17:45:00";"SC";101;"202,2";"SAO JOSE";"Outras";"Colisão traseira";"Com Vítimas Feridas";"Pleno dia";"Decrescente";"Ceu Claro";"Múltipla";"Reta";"Urbano";2;0;1;0;1;0;1;2
83429487;"12/01/16";"Terça";"11:50:00";"MG";40;"432,5";"PARAOPEBA";"Outras";"Saída de Pista";"Sem Vítimas";"Pleno dia";"Crescente";"Chuva";"Dupla";"Reta";"Rural";1;0;0;0;1;0;0;1
83429489;"12/01/16";"Terça";"19:45:00";"RS";472;"181";"SANTO CRISTO";"Ingestão de álcool";"Colisão Transversal";"Com Vítimas Feridas";"Anoitecer";"Decrescente";"Ceu Claro";"Simples";"Reta";"Urbano";4;0;2;0;2;0;2;3
83429490;"12/01/16";"Terça";"15:45:00";"MG";40;"492,2";"ESMERALDAS";"Velocidade incompatível";"Saída de Pista";"Com Vítimas Feridas";"Pleno dia";"Decrescente";"Chuva";"Dupla";"Reta";"Rural";3;0;0;3;0;0;3;1
83429491;"12/01/16";"Terça";"18:30:00";"RJ";116;"258,1";"VOLTA REDONDA";"Outras";"Saída de Pista";"Sem Vítimas";"Pleno dia";"Crescente";"Chuva";"Simples";"Curva";"Rural";1;0;0;0;1;0;0;1
83429492;"12/01/16";"Terça";"10:20:00";"RO";364;"214,9";"PIMENTA BUENO";"Falta de atenção";"Colisão lateral";"Com Vítimas Feridas";"Pleno dia";"Crescente";"Sol";"Simples";"Reta";"Rural";4;0;2;0;2;0;2;2
83429493;"13/01/16";"Quarta";"01:40:00";"BA";101;"567";"ARATACA";"Velocidade incompatível";"Colisão lateral";"Com Vítimas Feridas";"Plena noite";"Decrescente";"Ceu Claro";"Simples";"Curva";"Rural";2;0;1;0;1;0;1;2
83429495;"12/01/16";"Terça";"14:50:00";"ES";101;"12";"PEDRO CANARIO";"Falta de atenção";"Atropelamento de pessoa";"Com Vítimas Feridas";"Pleno dia";"Crescente";"Ceu Claro";"Simples";"Reta";"Rural";2;0;1;0;0;1;1;1
83429496;"12/01/16";"Terça";"14:15:00";"RO";364;"85";"VILHENA";"Não guardar distância de segurança";"Colisão traseira";"Sem Vítimas";"Pleno dia";"Decrescente";"Ceu Claro";"Simples";"Curva";"Rural";3;0;0;0;3;0;0;2
83429498;"12/01/16";"Terça";"17:36:00";"MG";381;"881,8";"ESTIVA";"Outras";"Capotamento";"Sem Vítimas";"Pleno dia";"Decrescente";"Nublado";"Dupla";"Reta";"Rural";1;0;0;0;1;0;0;1
83429499;"12/01/16";"Terça";"11:10:00";"RS";116;"512,9";"PELOTAS";"Defeito mecânico em veículo";"Colisão traseira";"Com Vítimas Feridas";"Pleno dia";"Decrescente";"Ceu Claro";"Simples";"Reta";"Urbano";2;0;1;0;1;0;1;2
83429500;"12/01/16";"Terça";"17:45:00";"MG";267;"238,2";"SERITINGA";"Defeito mecânico em veículo";"Tombamento";"Sem Vítimas";"Pleno dia";"Decrescente";"Chuva";"Simples";"Curva";"Rural";1;0;0;0;1;0;0;1
83429501;"12/01/16";"Terça";"16:00:00";"GO";153;"578";"PROFESSOR JAMIL";"Velocidade incompatível";"Saída de Pista";"Sem Vítimas";"Pleno dia";"Crescente";"Chuva";"Dupla";"Reta";"Rural";1;0;0;0;1;0;0;1
83429502;"13/01/16";"Quarta";"05:20:00";"MG";116;"427";"ALPERCATA";"Animais na Pista";"Atropelamento de animal";"Com Vítimas Feridas";"Pleno dia";"Decrescente";"Ceu Claro";"Simples";"Reta";"Rural";1;0;0;1;0;0;1;1
83429503;"12/01/16";"Terça";"07:30:00";"ES";259;"96";"BAIXO GUANDU";"Defeito mecânico em veículo";"Queda de motocicleta / bicicleta / veículo";"Com Vítimas Feridas";"Plena noite";"Decrescente";"Ceu Claro";"Simples";"Reta";"Rural";2;0;1;1;0;0;2;1
83429504;"12/01/16";"Terça";"22:30:00";"MG";251;"474";"FRANCISCO SA";"Animais na Pista";"Atropelamento de animal";"Sem Vítimas";"Plena noite";"Crescente";"Chuva";"Simples";"Reta";"Rural";1;0;0;0;1;0;0;1
83429505;"13/01/16";"Quarta";"01:30:00";"PR";476;"122";"CURITIBA";"Outras";"Atropelamento de pessoa";"Com Vítimas Feridas";"Plena noite";"Crescente";"Nublado";"Múltipla";"Reta";"Urbano";2;0;0;1;1;0;1;1
83429507;"12/01/16";"Terça";"19:30:00";"MG";135;"404";"BOCAIUVA";"Velocidade incompatível";"Colisão lateral";"Com Vítimas Feridas";"Plena noite";"Crescente";"Chuva";"Simples";"Reta";"Rural";2;0;2;0;0;0;2;2
83429508;"12/01/16";"Terça";"21:15:00";"SP";116;"223";"GUARULHOS";"Outras";"Colisão com objeto fixo";"Sem Vítimas";"Plena noite";"Crescente";"Nublado";"Múltipla";"Reta";"Urbano";1;0;0;0;1;0;0;1
83429509;"12/01/16";"Terça";"10:00:00";"MG";135;"490,7";"JOAQUIM FELICIO";"Velocidade incompatível";"Saída de Pista";"Com Vítimas Feridas";"Pleno dia";"Crescente";"Chuva";"Simples";"Reta";"Rural";3;0;2;0;1;0;2;1
83429510;"12/01/16";"Terça";"08:00:00";"PE";232;"38,8";"VITORIA DE SANTO ANTAO";"Outras";"Tombamento";"Sem Vítimas";"Pleno dia";"Crescente";"Sol";"Dupla";"Reta";"Rural";1;0;0;0;1;0;0;1
83429511;"13/01/16";"Quarta";"06:40:00";"MG";381;"526";"BRUMADINHO";"Outras";"Capotamento";"Com Vítimas Feridas";"Pleno dia";"Crescente";"Chuva";"Dupla";"Curva";"Rural";2;0;2;0;0;0;2;1
83429512;"13/01/16";"Quarta";"02:15:00";"GO";20;"228";"POSSE";"Outras";"Atropelamento de pessoa";"Com Vítimas Fatais";"Plena noite";"Crescente";"Chuva";"Simples";"Reta";"Rural";2;1;0;0;1;0;0;1
83429513;"10/01/16";"Domingo";"02:45:00";"CE";20;"395";"CAUCAIA";"Falta de atenção";"Colisão Transversal";"Com Vítimas Feridas";"Plena noite";"Decrescente";"Nublado";"Simples";"Reta";"Rural";2;0;0;1;1;0;1;2
83429514;"12/01/16";"Terça";"11:15:00";"MG";262;"106";"SANTO ANTONIO DO GRAMA";"Velocidade incompatível";"Colisão frontal";"Com Vítimas Feridas";"Pleno dia";"Decrescente";"Chuva";"Simples";"Curva";"Rural";8;0;8;0;0;0;8;2
83429515;"12/01/16";"Terça";"16:20:00";"MG";381;"336";"NOVA ERA";"Velocidade incompatível";"Capotamento";"Com Vítimas Feridas";"Pleno dia";"Crescente";"Chuva";"Simples";"Curva";"Rural";3;0;3;0;0;0;3;1
83429517;"13/01/16";"Quarta";"06:15:00";"SC";101;"208,6";"SAO JOSE";"Falta de atenção";"Colisão lateral";"Sem Vítimas";"Amanhecer";"Crescente";"Ceu Claro";"Múltipla";"Cruzamento";"Urbano";2;0;0;0;2;0;0;2
83429519;"09/01/16";"Sábado";"17:50:00";"MG";116;"781,4";"LEOPOLDINA";"Velocidade incompatível";"Saída de Pista";"Sem Vítimas";"Pleno dia";"Crescente";"Ceu Claro";"Simples";"Curva";"Rural";1;0;0;0;1;0;0;1
83429520;"13/01/16";"Quarta";"02:23:00";"MT";163;"551";"DIAMANTINO";"Falta de atenção";"Tombamento";"Com Vítimas Feridas";"Plena noite";"Decrescente";"Nublado";"Simples";"Reta";"Rural";1;0;1;0;0;0;1;1
83429521;"10/01/16";"Domingo";"07:00:00";"SC";101;"111";"NAVEGANTES";"Outras";"Saída de Pista";"Sem Vítimas";"Pleno dia";"Decrescente";"Sol";"Dupla";"Curva";"Rural";1;0;0;0;1;0;0;1
83429522;"10/01/16";"Domingo";"05:30:00";"PR";277;"236,7";"IRATI";"Ingestão de álcool";"Saída de Pista";"Com Vítimas Feridas";"Amanhecer";"Decrescente";"Chuva";"Simples";"Reta";"Rural";2;0;1;0;1;0;1;1
83429523;"11/01/16";"Segunda";"09:30:00";"MG";262;"43,9";"MANHUACU";"Falta de atenção";"Colisão traseira";"Com Vítimas Feridas";"Pleno dia";"Crescente";"Nublado";"Simples";"Curva";"Rural";2;0;1;0;1;0;1;2
83429524;"09/01/16";"Sábado";"23:15:00";"SC";470;"6";"NAVEGANTES";"Outras";"Colisão traseira";"Com Vítimas Feridas";"Plena noite";"Crescente";"Nublado";"Simples";"Cruzamento";"Urbano";2;0;1;0;0;1;1;2
83429525;"10/01/16";"Domingo";"20:40:00";"RS";116;"514,3";"PELOTAS";"Não guardar distância de segurança";"Colisão traseira";"Sem Vítimas";"Plena noite";"Decrescente";"Nublado";"Simples";"Reta";"Urbano";2;0;0;0;2;0;0;2
83429526;"07/01/16";"Quinta";"04:10:00";"PB";230;"66";"SAO MIGUEL DE TAIPU";"Dormindo";"Tombamento";"Com Vítimas Feridas";"Amanhecer";"Decrescente";"Ceu Claro";"Dupla";"Reta";"Rural";1;0;1;0;0;0;1;1
83429527;"09/01/16";"Sábado";"05:40:00";"CE";116;"458,8";"BARRO";"Falta de atenção";"Capotamento";"Com Vítimas Feridas";"Amanhecer";"Crescente";"Nevoeiro/neblina";"Simples";"Curva";"Urbano";4;0;3;1;0;0;4;1
83429528;"09/01/16";"Sábado";"06:30:00";"ES";101;"189";"ARACRUZ";"Outras";"Saída de Pista";"Com Vítimas Feridas";"Pleno dia";"Decrescente";"Ceu Claro";"Simples";"Reta";"Urbano";1;0;1;0;0;0;1;1
83429530;"09/01/16";"Sábado";"15:00:00";"MG";267;"213,9";"BOM JARDIM DE MINAS";"Falta de atenção";"Colisão Transversal";"Com Vítimas Feridas";"Pleno dia";"Crescente";"Sol";"Simples";"Cruzamento";"Rural";3;0;2;0;1;0;2;2
83429531;"09/01/16";"Sábado";"21:40:00";"MG";262;"690";"ARAXA";"Outras";"Derramamento de Carga";"Sem Vítimas";"Plena noite";"Crescente";"Chuva";"Simples";"Reta";"Rural";1;0;0;0;1;0;0;1
83429532;"13/01/16";"Quarta";"03:50:00";"GO";50;"200,4";"CAMPO ALEGRE DE GOIAS";"Ingestão de álcool";"Colisão lateral";"Com Vítimas Feridas";"Plena noite";"Decrescente";"Nublado";"Simples";"Curva";"Rural";3;0;0;1;2;0;1;2
83429533;"09/01/16";"Sábado";"23:20:00";"RJ";101;"513";"ANGRA DOS REIS";"Falta de atenção";"Atropelamento de pessoa";"Com Vítimas Feridas";"Plena noite";"Decrescente";"Chuva";"Simples";"Reta";"Urbano";2;0;1;0;1;0;1;1
83429534;"13/01/16";"Quarta";"07:20:00";"RN";101;"83";"SAO GONCALO DO AMARANTE";"Não guardar distância de segurança";"Colisão traseira";"Com Vítimas Feridas";"Pleno dia";"Crescente";"Chuva";"Dupla";"Reta";"Urbano";2;0;1;0;1;0;1;2
83429535;"11/01/16";"Segunda";"06:25:00";"ES";101;"266,3";"SERRA";"Desobediência à sinalização";"Colisão lateral";"Sem Vítimas";"Pleno dia";"Decrescente";"Ceu Claro";"Múltipla";"Cruzamento";"Urbano";3;0;0;0;3;0;0;3
83429536;"13/01/16";"Quarta";"06:40:00";"GO";452;"190,4";"ITUMBIARA";"Outras";"Colisão lateral";"Com Vítimas Feridas";"Pleno dia";"Crescente";"Chuva";"Simples";"Reta";"Rural";2;0;1;0;1;0;1;2
83429537;"13/01/16";"Quarta";"06:50:00";"TO";153;"666,2";"GURUPI";"Ultrapassagem indevida";"Colisão traseira";"Sem Vítimas";"Pleno dia";"Crescente";"Chuva";"Simples";"Reta";"Urbano";2;0;0;0;2;0;0;2
83429538;"06/01/16";"Quarta";"04:50:00";"RN";406;"130,5";"TAIPU";"Falta de atenção";"Colisão Transversal";"Com Vítimas Feridas";"Pleno dia";"Crescente";"Sol";"Simples";"Reta";"Urbano";3;0;2;0;1;0;2;2
83429540;"13/01/16";"Quarta";"06:58:00";"RN";101;"161,9";"CANGUARETAMA";"Outras";"Colisão com objeto fixo";"Sem Vítimas";"Pleno dia";"Crescente";"Nublado";"Múltipla";"Reta";"Rural";1;0;0;0;1;0;0;1
83429541;"09/01/16";"Sábado";"09:00:00";"BA";330;"768";"IPIAU";"Outras";"Saída de Pista";"Sem Vítimas";"Pleno dia";"Crescente";"Nublado";"Simples";"Reta";"Rural";1;0;0;0;1;0;0;1
83429543;"09/01/16";"Sábado";"02:30:00";"MG";153;"120,2";"PRATA";"Falta de atenção";"Colisão traseira";"Sem Vítimas";"Plena noite";"Decrescente";"Chuva";"Simples";"Reta";"Rural";2;0;0;0;2;0;0;2
83429545;"11/01/16";"Segunda";"08:30:00";"PR";277;"332";"GUARAPUAVA";"Falta de atenção";"Capotamento";"Com Vítimas Feridas";"Pleno dia";"Crescente";"Chuva";"Simples";"Reta";"Rural";2;0;1;0;1;0;1;1
83429546;"10/01/16";"Domingo";"15:30:00";"MG";381;"343";"BELA VISTA DE MINAS";"Outras";"Saída de Pista";"Sem Vítimas";"Pleno dia";"Crescente";"Ceu Claro";"Simples";"Curva";"Rural";1;0;0;0;1;0;0;1
83429547;"09/01/16";"Sábado";"08:10:00";"GO";40;"11,5";"LUZIANIA";"Outras";"Colisão Transversal";"Sem Vítimas";"Pleno dia";"Decrescente";"Nublado";"Dupla";"Reta";"Urbano";2;0;0;0;1;1;0;2
83429548;"10/01/16";"Domingo";"04:00:00";"MG";40;"224";"JOAO PINHEIRO";"Velocidade incompatível";"Tombamento";"Sem Vítimas";"Plena noite";"Crescente";"Ignorada";"Simples";"Curva";"Rural";1;0;0;0;1;0;0;1
83429549;"13/01/16";"Quarta";"10:50:00";"RS";386;"344,3";"LAJEADO";"Falta de atenção";"Saída de Pista";"Com Vítimas Feridas";"Pleno dia";"Decrescente";"Sol";"Dupla";"Reta";"Urbano";1;0;1;0;0;0;1;1
83429550;"09/01/16";"Sábado";"16:00:00";"BA";20;"100";"SAO DESIDERIO";"Velocidade incompatível";"Capotamento";"Com Vítimas Feridas";"Pleno dia";"Decrescente";"Nublado";"Simples";"Reta";"Rural";5;0;1;0;4;0;1;1
83429551;"13/01/16";"Quarta";"06:00:00";"MG";116;"21,8";"CACHOEIRA DE PAJEU";"Defeito na via";"Colisão Transversal";"Sem Vítimas";"Anoitecer";"Crescente";"Nevoeiro/neblina";"Simples";"Curva";"Rural";2;0;0;0;2;0;0;2
83429552;"13/01/16";"Quarta";"09:40:00";"SP";116;"105,6";"TAUBATE";"Dormindo";"Saída de Pista";"Sem Vítimas";"Pleno dia";"Decrescente";"Nublado";"Dupla";"Reta";"Urbano";4;0;0;0;4;0;0;1
83429553;"11/01/16";"Segunda";"17:45:00";"GO";153;"294,5";"RIALMA";"Outras";"Saída de Pista";"Com Vítimas Feridas";"Plena noite";"Decrescente";"Chuva";"Simples";"Curva";"Rural";1;0;1;0;0;0;1;1
83429554;"13/01/16";"Quarta";"08:00:00";"BA";407;"7";"JUAZEIRO";"Falta de atenção";"Colisão Transversal";"Com Vítimas Feridas";"Pleno dia";"Crescente";"Ceu Claro";"Simples";"Cruzamento";"Urbano";3;0;2;0;1;0;2;2
83429555;"08/01/16";"Sexta";"06:15:00";"BA";101;"666,5";"ITAPEBI";"Velocidade incompatível";"Tombamento";"Sem Vítimas";"Pleno dia";"Crescente";"Ceu Claro";"Simples";"Curva";"Rural";1;0;0;0;1;0;0;1
83429556;"11/01/16";"Segunda";"17:15:00";"MA";135;"2,6";"SAO LUIS";"Outras";"Colisão traseira";"Sem Vítimas";"Anoitecer";"Crescente";"Ceu Claro";"Dupla";"Reta";"Urbano";3;0;0;0;3;0;0;3
83429557;"13/01/16";"Quarta";"08:00:00";"BA";407;"1";"JUAZEIRO";"Não guardar distância de segurança";"Colisão frontal";"Com Vítimas Feridas";"Pleno dia";"Decrescente";"Ceu Claro";"Simples";"Reta";"Urbano";3;0;1;1;1;0;2;2
83429558;"13/01/16";"Quarta";"08:00:00";"RJ";116;"168";"SAO JOAO DE MERITI";"Outras";"Colisão lateral";"Com Vítimas Feridas";"Pleno dia";"Crescente";"Nublado";"Múltipla";"Reta";"Urbano";3;0;2;0;1;0;2;2
83429560;"13/01/16";"Quarta";"09:00:00";"MG";50;"70,5";"UBERLANDIA";"Não guardar distância de segurança";"Colisão traseira";"Com Vítimas Feridas";"Pleno dia";"Decrescente";"Chuva";"Dupla";"Reta";"Urbano";5;0;3;0;2;0;3;5
83429561;"10/01/16";"Domingo";"05:20:00";"MG";365;"631";"UBERLANDIA";"Ingestão de álcool";"Colisão frontal";"Com Vítimas Feridas";"Plena noite";"Decrescente";"Nublado";"Dupla";"Cruzamento";"Urbano";3;0;1;0;2;0;1;3
83429562;"13/01/16";"Quarta";"07:35:00";"RN";101;"100,6";"PARNAMIRIM";"Outras";"Saída de Pista";"Sem Vítimas";"Pleno dia";"Crescente";"Chuva";"Dupla";"Curva";"Urbano";1;0;0;0;1;0;0;1
83429564;"13/01/16";"Quarta";"10:40:00";"PB";412;"6,1";"BOA VISTA";"Falta de atenção";"Queda de motocicleta / bicicleta / veículo";"Com Vítimas Feridas";"Pleno dia";"Decrescente";"Ceu Claro";"Simples";"Reta";"Rural";1;0;0;1;0;0;1;1
83429565;"13/01/16";"Quarta";"07:00:00";"PE";232;"218,4";"PESQUEIRA";"Outras";"Colisão lateral";"Sem Vítimas";"Pleno dia";"Decrescente";"Nublado";"Simples";"Reta";"Rural";2;0;0;0;2;0;0;2
83429567;"11/01/16";"Segunda";"06:30:00";"PR";369;"168";"ROLANDIA";"Não guardar distância de segurança";"Tombamento";"Sem Vítimas";"Amanhecer";"Crescente";"Chuva";"Dupla";"Reta";"Rural";1;0;0;0;1;0;0;1
83429568;"13/01/16";"Quarta";"09:25:00";"MG";381;"199,8";"NAQUE";"Velocidade incompatível";"Saída de Pista";"Com Vítimas Feridas";"Pleno dia";"Decrescente";"Nublado";"Simples";"Reta";"Rural";3;0;3;0;0;0;3;1
83429569;"13/01/16";"Quarta";"09:15:00";"SP";116;"165";"JACAREI";"Outras";"Colisão traseira";"Sem Vítimas";"Pleno dia";"Decrescente";"Ceu Claro";"Dupla";"Reta";"Urbano";2;0;0;0;2;0;0;2
83429570;"13/01/16";"Quarta";"08:30:00";"PR";163;"308";"MERCEDES";"Ultrapassagem indevida";"Saída de Pista";"Sem Vítimas";"Amanhecer";"Decrescente";"Nublado";"Simples";"Reta";"Rural";3;0;0;0;3;0;0;1
83429571;"13/01/16";"Quarta";"11:00:00";"MG";116;"764,3";"LEOPOLDINA";"Defeito mecânico em veículo";"Saída de Pista";"Com Vítimas Feridas";"Pleno dia";"Crescente";"Ceu Claro";"Simples";"Reta";"Urbano";1;0;1;0;0;0;1;1
83429572;"13/01/16";"Quarta";"10:00:00";"SC";282;"18,7";"PALHOCA";"Falta de atenção";"Colisão lateral";"Com Vítimas Feridas";"Pleno dia";"Crescente";"Ceu Claro";"Simples";"Reta";"Urbano";2;0;0;1;1;0;1;2
83429573;"13/01/16";"Quarta";"08:40:00";"MG";381;"783,2";"CAMPANHA";"Outras";"Saída de Pista";"Com Vítimas Feridas";"Pleno dia";"Decrescente";"Chuva";"Dupla";"Reta";"Rural";5;0;4;0;1;0;4;1
83429574;"10/01/16";"Domingo";"13:10:00";"GO";60;"97";"ANAPOLIS";"Defeito mecânico em veículo";"Queda de motocicleta / bicicleta / veículo";"Com Vítimas Feridas";"Pleno dia";"Decrescente";"Ceu Claro";"Dupla";"Reta";"Urbano";1;0;1;0;0;0;1;1
83429575;"13/01/16";"Quarta";"08:00:00";"RJ";101;"482";"ANGRA DOS REIS";"Falta de atenção";"Atropelamento de pessoa";"Com Vítimas Fatais";"Pleno dia";"Crescente";"Ceu Claro";"Múltipla";"Reta";"Rural";2;1;0;0;1;0;0;1
83429576;"11/01/16";"Segunda";"09:00:00";"RN";304;"38";"MOSSORO";"Falta de atenção";"Colisão com objeto fixo";"Com Vítimas Feridas";"Pleno dia";"Decrescente";"Ceu Claro";"Simples";"Reta";"Urbano";2;0;1;0;1;0;1;2
83429577;"10/01/16";"Domingo";"06:55:00";"PR";376;"488";"PONTA GROSSA";"Outras";"Colisão com objeto fixo";"Ignorado";"Amanhecer";"Decrescente";"Chuva";"Dupla";"Reta";"Urbano";1;0;0;0;0;1;0;1
83429578;"13/01/16";"Quarta";"13:00:00";"ES";101;"252";"SERRA";"Falta de atenção";"Colisão Transversal";"Com Vítimas Feridas";"Pleno dia";"Decrescente";"Ceu Claro";"Simples";"Reta";"Rural";2;0;0;1;0;1;1;2
83429579;"10/01/16";"Domingo";"02:20:00";"SC";101;"110";"PENHA";"Outras";"Saída de Pista";"Sem Vítimas";"Plena noite";"Crescente";"Chuva";"Dupla";"Reta";"Urbano";1;0;0;0;1;0;0;1
83429580;"13/01/16";"Quarta";"11:20:00";"SC";282;"557,9";"NOVA ITABERABA";"Dormindo";"Capotamento";"Com Vítimas Feridas";"Pleno dia";"Decrescente";"Ceu Claro";"Simples";"Reta";"Rural";4;0;1;0;3;0;1;1
83429581;"10/01/16";"Domingo";"05:30:00";"RJ";356;"174,5";"SAO JOAO DA BARRA";"Ingestão de álcool";"Colisão Transversal";"Com Vítimas Feridas";"Amanhecer";"Crescente";"Nublado";"Simples";"Curva";"Rural";5;0;3;1;1;0;4;2
83429582;"13/01/16";"Quarta";"07:05:00";"PR";376;"623,2";"SAO JOSE DOS PINHAIS";"Falta de atenção";"Capotamento";"Com Vítimas Fatais";"Pleno dia";"Decrescente";"Sol";"Dupla";"Reta";"Rural";5;1;2;1;1;0;3;2
83429583;"13/01/16";"Quarta";"09:00:00";"RS";285;"77,6";"BOM JESUS";"Dormindo";"Saída de Pista";"Com Vítimas Feridas";"Pleno dia";"Decrescente";"Sol";"Simples";"Reta";"Rural";2;0;2;0;0;0;2;1
83429584;"10/01/16";"Domingo";"05:15:00";"RJ";393;"102";"CARMO";"Falta de atenção";"Queda de motocicleta / bicicleta / veículo";"Com Vítimas Feridas";"Amanhecer";"Decrescente";"Ceu Claro";"Simples";"Reta";"Urbano";2;0;1;1;0;0;2;1
83429585;"13/01/16";"Quarta";"11:20:00";"PR";272;"558";"GUAIRA";"Outras";"Saída de Pista";"Sem Vítimas";"Pleno dia";"Decrescente";"Ceu Claro";"Simples";"Reta";"Rural";1;0;0;0;1;0;0;1
83429586;"09/01/16";"Sábado";"11:00:00";"RJ";101;"222";"SILVA JARDIM";"Outras";"Colisão lateral";"Com Vítimas Feridas";"Pleno dia";"Crescente";"Ceu Claro";"Simples";"Reta";"Rural";4;0;2;0;2;0;2;3
83429587;"13/01/16";"Quarta";"08:00:00";"PR";369;"232,4";"JANDAIA DO SUL";"Velocidade incompatível";"Saída de Pista";"Ignorado";"Amanhecer";"Crescente";"Chuva";"Simples";"Curva";"Rural";1;0;0;0;0;1;0;1
83429588;"13/01/16";"Quarta";"03:00:00";"PR";116;"43";"CAMPINA GRANDE DO SUL";"Outras";"Saída de Pista";"Sem Vítimas";"Plena noite";"Decrescente";"Nublado";"Simples";"Reta";"Urbano";1;0;0;0;1;0;0;1
83429589;"13/01/16";"Quarta";"09:15:00";"RJ";40;"35";"AREAL";"Velocidade incompatível";"Colisão com objeto fixo";"Com Vítimas Feridas";"Pleno dia";"Decrescente";"Chuva";"Dupla";"Curva";"Rural";4;0;1;0;3;0;1;1
83429590;"13/01/16";"Quarta";"08:40:00";"RO";364;"375";"OURO PRETO DO OESTE";"Falta de atenção";"Colisão traseira";"Sem Vítimas";"Pleno dia";"Decrescente";"Ceu Claro";"Simples";"Reta";"Rural";4;0;0;0;3;1;0;2
83429591;"13/01/16";"Quarta";"10:00:00";"MS";163;"681,3";"RIO VERDE DE MATO GROSSO";"Desobediência à sinalização";"Colisão com bicicleta";"Com Vítimas Feridas";"Pleno dia";"Crescente";"Ceu Claro";"Simples";"Reta";"Urbano";2;0;1;0;1;0;1;2
83429592;"11/01/16";"Segunda";"20:30:00";"MG";116;"53,9";"MEDINA";"Falta de atenção";"Colisão frontal";"Com Vítimas Feridas";"Plena noite";"Crescente";"Ceu Claro";"Simples";"Reta";"Rural";2;0;0;1;1;0;1;2
83429593;"13/01/16";"Quarta";"08:30:00";"MT";364;"139";"PEDRA PRETA";"Falta de atenção";"Colisão com objeto fixo";"Sem Vítimas";"Pleno dia";"Crescente";"Chuva";"Simples";"Curva";"Rural";1;0;0;0;1;0;0;1
83429594;"13/01/16";"Quarta";"12:00:00";"SC";101;"57,8";"ARAQUARI";"Falta de atenção";"Colisão traseira";"Com Vítimas Feridas";"Pleno dia";"Crescente";"Sol";"Múltipla";"Reta";"Rural";2;0;0;1;1;0;1;2
83429595;"09/01/16";"Sábado";"19:30:00";"SP";116;"430";"REGISTRO";"Velocidade incompatível";"Colisão com objeto fixo";"Sem Vítimas";"Anoitecer";"Decrescente";"Chuva";"Dupla";"Reta";"Urbano";1;0;0;0;1;0;0;1
83429596;"10/01/16";"Domingo";"05:45:00";"MT";364;"441";"VARZEA GRANDE";"Outras";"Queda de motocicleta / bicicleta / veículo";"Com Vítimas Feridas";"Amanhecer";"Crescente";"Chuva";"Simples";"Reta";"Rural";1;0;1;0;0;0;1;1
83429597;"13/01/16";"Quarta";"09:15:00";"BA";407;"79";"JAGUARARI";"Não guardar distância de segurança";"Colisão traseira";"Sem Vítimas";"Pleno dia";"Decrescente";"Nublado";"Simples";"Reta";"Rural";2;0;0;0;2;0;0;2
83429598;"13/01/16";"Quarta";"08:35:00";"MT";364;"271,5";"JACIARA";"Outras";"Colisão traseira";"Com Vítimas Feridas";"Pleno dia";"Decrescente";"Nublado";"Dupla";"Reta";"Urbano";2;0;1;0;1;0;1;2
83429601;"13/01/16";"Quarta";"14:14:00";"SC";470;"123";"IBIRAMA";"Velocidade incompatível";"Saída de Pista";"Com Vítimas Feridas";"Pleno dia";"Decrescente";"Ceu Claro";"Múltipla";"Curva";"Rural";1;0;1;0;0;0;1;1