"id";"data_inversa";"dia_semana";"horario";"uf";"br";"km";"municipio";"causa_acidente";"tipo_acidente";"classificacao_acidente";"fase_dia";"sentido_via";"condicao_metereologica";"tipo_pista";"tracado_via";"uso_solo";"pessoas";"mortos";"feridos_leves";"feridos_graves";"ilesos";"ignorados";"feridos";"veiculos"
83429730;"13/01/16";"Quarta";"17:50:00";"BA";116;"488,7";"RAFAEL JAMBEIRO";"Defeito mecânico em veículo";"Saída de Pista";"Sem Vítimas";"Anoitecer";"Crescente";"Nublado";"Dupla";"Reta";"Rural";1;0;0;0;1;0;0;1
83429731;"09/01/16";"Sábado";"22:00:00";"MG";381;"836,5";"SAO SEBASTIAO DA BELA VISTA";"Velocidade incompatível";"Saída de Pista";"Ignorado";"Plena noite";"Decrescente";"Chuva";"Dupla";"Curva";"Rural";1;0;0;0;0;1;0;1
83429732;"13/01/16";"Quarta";"04:20:00";"PA";155;"277";"ELDORADO DOS CARAJAS";"Outras";"Colisão com objeto fixo";"Com Vítimas Feridas";"Plena noite";"Crescente";"Nublado";"Simples";"Reta";"Rural";2;0;1;0;1;0;1;2
83429733;"13/01/16";"Quarta";"19:15:00";"PR";476;"136,7";"CURITIBA";"Outras";"Saída de Pista";"Com Vítimas Feridas";"Pleno dia";"Crescente";"Ceu Claro";"Múltipla";"Reta";"Urbano";1;0;1;0;0;0;1;1
83429734;"13/01/16";"Quarta";"16:00:00";"GO";50;"146,1";"IPAMERI";"Defeito na via";"Capotamento";"Com Vítimas Feridas";"Pleno dia";"Decrescente";"Chuva";"Simples";"Reta";"Rural";4;0;1;1;2;0;2;1
83429735;"13/01/16";"Quarta";"20:00:00";"SC";282;"573,9";"PINHALZINHO";"Ultrapassagem indevida";"Colisão frontal";"Com Vítimas Feridas";"Anoitecer";"Crescente";"Ceu Claro";"Simples";"Reta";"Rural";2;0;1;1;0;0;2;2
83429736;"13/01/16";"Quarta";"15:20:00";"RJ";40;"83";"PETROPOLIS";"Outras";"Tombamento";"Com Vítimas Feridas";"Pleno dia";"Crescente";"Chuva";"Simples";"Curva";"Urbano";1;0;1;0;0;0;1;1
83429738;"13/01/16";"Quarta";"20:00:00";"CE";222;"3,8";"CAUCAIA";"Falta de atenção";"Colisão traseira";"Sem Vítimas";"Plena noite";"Crescente";"Ceu Claro";"Múltipla";"Reta";"Urbano";3;0;0;0;3;0;0;3
83429740;"13/01/16";"Quarta";"14:00:00";"AL";101;"108";"PILAR";"Velocidade incompatível";"Saída de Pista";"Com Vítimas Feridas";"Pleno dia";"Decrescente";"Ceu Claro";"Simples";"Curva";"Rural";2;0;1;0;1;0;1;1
83429741;"13/01/16";"Quarta";"20:30:00";"RS";153;"47";"ERECHIM";"Outras";"Tombamento";"Com Vítimas Feridas";"Plena noite";"Crescente";"Ceu Claro";"Dupla";"Cruzamento";"Urbano";1;0;1;0;0;0;1;1
83429742;"13/01/16";"Quarta";"19:20:00";"RJ";116;"185";"NOVA IGUACU";"Não guardar distância de segurança";"Colisão traseira";"Sem Vítimas";"Anoitecer";"Decrescente";"Chuva";"Dupla";"Curva";"Urbano";2;0;0;0;2;0;0;2
83429743;"13/01/16";"Quarta";"21:20:00";"BA";116;"16,7";"VITORIA DA CONQUISTA";"Desobediência à sinalização";"Colisão Transversal";"Com Vítimas Feridas";"Plena noite";"Decrescente";"Chuva";"Simples";"Cruzamento";"Urbano";2;0;2;0;0;0;2;2
83429744;"13/01/16";"Quarta";"21:50:00";"MG";381;"493";"BETIM";"Velocidade incompatível";"Saída de Pista";"Sem Vítimas";"Plena noite";"Decrescente";"Chuva";"Dupla";"Curva";"Urbano";1;0;0;0;1;0;0;1
83429745;"13/01/16";"Quarta";"18:30:00";"RJ";493;"14";"GUAPIMIRIM";"Falta de atenção";"Colisão traseira";"Sem Vítimas";"Pleno dia";"Decrescente";"Chuva";"Simples";"Reta";"Rural";2;0;0;0;2;0;0;2
83429746;"13/01/16";"Quarta";"21:55:00";"SC";116;"260,3";"CAPAO ALTO";"Falta de atenção";"Saída de Pista";"Sem Vítimas";"Plena noite";"Decrescente";"Nublado";"Simples";"Cruzamento";"Rural";1;0;0;0;1;0;0;1
83429747;"13/01/16";"Quarta";"17:00:00";"PR";467;"105";"CASCAVEL";"Velocidade incompatível";"Capotamento";"Com Vítimas Feridas";"Pleno dia";"Crescente";"Chuva";"Dupla";"Reta";"Rural";3;0;2;0;1;0;2;1
83429748;"13/01/16";"Quarta";"20:05:00";"GO";153;"565";"PROFESSOR JAMIL";"Defeito mecânico em veículo";"Incêndio";"Sem Vítimas";"Plena noite";"Crescente";"Chuva";"Dupla";"Reta";"Rural";1;0;0;0;1;0;0;1
83429750;"13/01/16";"Quarta";"19:00:00";"PI";230;"225";"OEIRAS";"Outras";"Saída de Pista";"Com Vítimas Feridas";"Plena noite";"Decrescente";"Chuva";"Simples";"Reta";"Rural";1;0;1;0;0;0;1;1
83429751;"13/01/16";"Quarta";"15:00:00";"CE";20;"406";"CAUCAIA";"Falta de atenção";"Queda de motocicleta / bicicleta / veículo";"Com Vítimas Feridas";"Plena noite";"Decrescente";"Ceu Claro";"Simples";"Curva";"Rural";1;0;0;1;0;0;1;1
83429752;"13/01/16";"Quarta";"20:40:00";"MA";316;"543,2";"CAXIAS";"Outras";"Colisão lateral";"Com Vítimas Feridas";"Plena noite";"Decrescente";"Chuva";"Simples";"Reta";"Rural";4;0;2;0;1;1;2;2
83429753;"13/01/16";"Quarta";"20:00:00";"RR";174;"506";"BOA VISTA";"Desobediência à sinalização";"Colisão Transversal";"Com Vítimas Feridas";"Plena noite";"Decrescente";"Ignorada";"Dupla";"Cruzamento";"Urbano";4;0;0;1;3;0;1;2
83429754;"13/01/16";"Quarta";"08:00:00";"MG";381;"441";"SABARA";"Velocidade incompatível";"Colisão frontal";"Com Vítimas Feridas";"Pleno dia";"Decrescente";"Chuva";"Simples";"Curva";"Rural";2;0;1;0;1;0;1;2
83429755;"09/01/16";"Sábado";"09:05:00";"BA";101;"347";"TEOLANDIA";"Dormindo";"Saída de Pista";"Sem Vítimas";"Pleno dia";"Decrescente";"Nublado";"Simples";"Reta";"Rural";1;0;0;0;1;0;0;1
83429756;"09/01/16";"Sábado";"21:30:00";"SP";153;"201,5";"GETULINA";"Outras";"Colisão traseira";"Com Vítimas Feridas";"Plena noite";"Crescente";"Chuva";"Simples";"Reta";"Rural";2;0;1;1;0;0;2;2
83429757;"13/01/16";"Quarta";"18:30:00";"MG";116;"209,2";"CATUJI";"Outras";"Saída de Pista";"Sem Vítimas";"Plena noite";"Decrescente";"Chuva";"Simples";"Curva";"Rural";1;0;0;0;1;0;0;1
83429758;"12/01/16";"Terça";"18:30:00";"AC";364;"136";"RIO BRANCO";"Falta de atenção";"Colisão traseira";"Com Vítimas Feridas";"Plena noite";"Decrescente";"Nublado";"Dupla";"Reta";"Urbano";4;0;2;0;2;0;2;3
83429759;"13/01/16";"Quarta";"12:10:00";"MG";381;"656,4";"SANTO ANTONIO DO AMPARO";"Velocidade incompatível";"Tombamento";"Sem Vítimas";"Pleno dia";"Crescente";"Chuva";"Dupla";"Curva";"Rural";1;0;0;0;1;0;0;1
83429760;"14/01/16";"Quinta";"00:36:00";"SC";101;"206,1";"SAO JOSE";"Velocidade incompatível";"Colisão com objeto fixo";"Com Vítimas Fatais";"Plena noite";"Crescente";"Nublado";"Dupla";"Cruzamento";"Urbano";1;1;0;0;0;0;0;1
83429761;"13/01/16";"Quarta";"13:08:00";"MG";381;"672,1";"PERDOES";"Desobediência à sinalização";"Colisão lateral";"Com Vítimas Feridas";"Pleno dia";"Crescente";"Chuva";"Dupla";"Curva";"Rural";2;0;1;0;1;0;1;2
83429762;"09/01/16";"Sábado";"19:30:00";"BA";20;"103";"SAO DESIDERIO";"Velocidade incompatível";"Colisão frontal";"Com Vítimas Feridas";"Plena noite";"Decrescente";"Chuva";"Simples";"Reta";"Rural";2;0;1;0;1;0;1;2
83429763;"13/01/16";"Quarta";"00:05:00";"RN";304;"38,8";"MOSSORO";"Falta de atenção";"Colisão traseira";"Com Vítimas Feridas";"Plena noite";"Crescente";"Ceu Claro";"Dupla";"Reta";"Urbano";3;0;3;0;0;0;3;2
83429764;"13/01/16";"Quarta";"16:30:00";"PB";230;"272";"SANTA LUZIA";"Velocidade incompatível";"Saída de Pista";"Sem Vítimas";"Pleno dia";"Crescente";"Chuva";"Simples";"Reta";"Rural";1;0;0;0;1;0;0;1
83429765;"14/01/16";"Quinta";"01:45:00";"MG";40;"560,5";"NOVA LIMA";"Falta de atenção";"Saída de Pista";"Sem Vítimas";"Plena noite";"Decrescente";"Nublado";"Dupla";"Reta";"Urbano";1;0;0;0;1;0;0;1
83429766;"13/01/16";"Quarta";"12:00:00";"MG";381;"441";"SABARA";"Velocidade incompatível";"Colisão frontal";"Com Vítimas Feridas";"Pleno dia";"Crescente";"Chuva";"Simples";"Curva";"Urbano";5;0;3;1;1;0;4;3
83429767;"13/01/16";"Quarta";"17:30:00";"RR";174;"617";"PACARAIMA";"Velocidade incompatível";"Colisão traseira";"Sem Vítimas";"Plena noite";"Crescente";"Vento";"Simples";"Reta";"Rural";2;0;0;0;1;1;0;2
83429769;"13/01/16";"Quarta";"23:35:00";"MT";163;"0,5";"ITIQUIRA";"Outras";"Saída de Pista";"Sem Vítimas";"Plena noite";"Decrescente";"Nevoeiro/neblina";"Dupla";"Reta";"Rural";1;0;0;0;1;0;0;1
83429770;"10/01/16";"Domingo";"06:15:00";"PR";373;"181,4";"PONTA GROSSA";"Dormindo";"Colisão com objeto fixo";"Com Vítimas Feridas";"Amanhecer";"Decrescente";"Chuva";"Simples";"Curva";"Urbano";2;0;0;1;1;0;1;2
83429773;"13/01/16";"Quarta";"21:20:00";"GO";50;"282,7";"CATALAO";"Falta de atenção";"Colisão Transversal";"Com Vítimas Feridas";"Plena noite";"Crescente";"Nublado";"Simples";"Cruzamento";"Urbano";2;0;0;1;1;0;1;2
83429774;"13/01/16";"Quarta";"16:00:00";"PR";116;"118";"CURITIBA";"Falta de atenção";"Colisão lateral";"Sem Vítimas";"Pleno dia";"Crescente";"Ceu Claro";"Dupla";"Reta";"Urbano";2;0;0;0;2;0;0;2
83429775;"13/01/16";"Quarta";"20:30:00";"ES";101;"15,5";"PEDRO CANARIO";"Falta de atenção";"Colisão Transversal";"Sem Vítimas";"Plena noite";"Crescente";"Chuva";"Simples";"Reta";"Urbano";2;0;0;0;2;0;0;2
83429776;"13/01/16";"Quarta";"21:00:00";"MT";70;"516";"VARZEA GRANDE";"Falta de atenção";"Colisão Transversal";"Com Vítimas Feridas";"Plena noite";"Decrescente";"Chuva";"Simples";"Reta";"Urbano";3;0;1;0;2;0;1;2
83429777;"09/01/16";"Sábado";"02:30:00";"GO";60;"176";"ABADIA DE GOIAS";"Outras";"Colisão lateral";"Sem Vítimas";"Plena noite";"Decrescente";"Ceu Claro";"Dupla";"Curva";"Urbano";2;0;0;0;1;1;0;2
83429778;"14/01/16";"Quinta";"00:35:00";"SC";101;"243";"PALHOCA";"Outras";"Colisão com objeto fixo";"Sem Vítimas";"Plena noite";"Crescente";"Ceu Claro";"Múltipla";"Reta";"Urbano";1;0;0;0;1;0;0;1
83429779;"14/01/16";"Quinta";"02:40:00";"PA";316;"1";"ANANINDEUA";"Dormindo";"Colisão com objeto fixo";"Com Vítimas Feridas";"Plena noite";"Crescente";"Ceu Claro";"Dupla";"Reta";"Urbano";1;0;1;0;0;0;1;1
83429780;"14/01/16";"Quinta";"02:00:00";"PE";316;"301,3";"FLORESTA";"Animais na Pista";"Atropelamento de animal";"Sem Vítimas";"Plena noite";"Crescente";"Ceu Claro";"Simples";"Reta";"Rural";1;0;0;0;1;0;0;1
83429782;"13/01/16";"Quarta";"22:20:00";"ES";101;"162,2";"LINHARES";"Desobediência à sinalização";"Colisão Transversal";"Com Vítimas Feridas";"Plena noite";"Crescente";"Nublado";"Simples";"Reta";"Rural";2;0;1;0;1;0;1;2
83429783;"14/01/16";"Quinta";"02:10:00";"RO";364;"573";"CANDEIAS DO JAMARI";"Outras";"Saída de Pista";"Com Vítimas Feridas";"Plena noite";"Decrescente";"Chuva";"Simples";"Reta";"Rural";2;0;2;0;0;0;2;1
83429784;"14/01/16";"Quinta";"04:30:00";"RS";386;"333,4";"MARQUES DE SOUZA";"Defeito mecânico em veículo";"Incêndio";"Sem Vítimas";"Plena noite";"Decrescente";"Ceu Claro";"Simples";"Curva";"Rural";1;0;0;0;1;0;0;1
83429785;"13/01/16";"Quarta";"08:40:00";"MG";381;"634,9";"SANTO ANTONIO DO AMPARO";"Velocidade incompatível";"Capotamento";"Sem Vítimas";"Pleno dia";"Crescente";"Chuva";"Dupla";"Curva";"Rural";1;0;0;0;1;0;0;1
83429786;"13/01/16";"Quarta";"23:00:00";"BA";101;"914";"NOVA VICOSA";"Velocidade incompatível";"Saída de Pista";"Sem Vítimas";"Plena noite";"Decrescente";"Chuva";"Simples";"Curva";"Rural";1;0;0;0;1;0;0;1
83429787;"09/01/16";"Sábado";"14:00:00";"MG";40;"526";"CONTAGEM";"Outras";"Queda de motocicleta / bicicleta / veículo";"Com Vítimas Feridas";"Pleno dia";"Decrescente";"Ceu Claro";"Dupla";"Reta";"Urbano";2;0;1;1;0;0;2;1
83429788;"13/01/16";"Quarta";"11:40:00";"MG";381;"651,1";"SANTO ANTONIO DO AMPARO";"Velocidade incompatível";"Saída de Pista";"Sem Vítimas";"Pleno dia";"Crescente";"Chuva";"Dupla";"Curva";"Rural";1;0;0;0;1;0;0;1
83429789;"13/01/16";"Quarta";"22:00:00";"MG";50;"179";"UBERABA";"Não guardar distância de segurança";"Colisão traseira";"Com Vítimas Feridas";"Plena noite";"Crescente";"Chuva";"Dupla";"Reta";"Urbano";7;0;6;0;1;0;6;2
83429790;"13/01/16";"Quarta";"05:00:00";"MS";163;"499";"CAMPO GRANDE";"Outras";"Tombamento";"Sem Vítimas";"Plena noite";"Decrescente";"Chuva";"Simples";"Reta";"Rural";1;0;0;0;1;0;0;1
83429791;"13/01/16";"Quarta";"22:00:00";"PE";110;"147,8";"IBIMIRIM";"Ingestão de álcool";"Capotamento";"Com Vítimas Feridas";"Plena noite";"Decrescente";"Ceu Claro";"Simples";"Reta";"Urbano";2;0;1;1;0;0;2;1
83429792;"13/01/16";"Quarta";"16:05:00";"PR";369;"201,5";"APUCARANA";"Não guardar distância de segurança";"Colisão traseira";"Sem Vítimas";"Pleno dia";"Decrescente";"Nublado";"Simples";"Curva";"Urbano";2;0;0;0;2;0;0;2
83429793;"14/01/16";"Quinta";"05:00:00";"MS";163;"472,8";"CAMPO GRANDE";"Outras";"Colisão com bicicleta";"Com Vítimas Feridas";"Plena noite";"Crescente";"Chuva";"Simples";"Reta";"Urbano";2;0;1;0;1;0;1;2
83429794;"10/01/16";"Domingo";"11:15:00";"GO";40;"1,5";"VALPARAISO DE GOIAS";"Falta de atenção";"Colisão lateral";"Com Vítimas Feridas";"Pleno dia";"Crescente";"Nublado";"Dupla";"Reta";"Urbano";2;0;1;0;1;0;1;2
83429795;"14/01/16";"Quinta";"05:40:00";"SC";101;"142,3";"ITAPEMA";"Velocidade incompatível";"Colisão traseira";"Com Vítimas Fatais";"Amanhecer";"Decrescente";"Ceu Claro";"Dupla";"Reta";"Urbano";3;1;0;0;2;0;0;3
83429796;"13/01/16";"Quarta";"22:00:00";"BA";242;"736";"BARREIRAS";"Defeito mecânico em veículo";"Tombamento";"Sem Vítimas";"Pleno dia";"Crescente";"Nublado";"Simples";"Reta";"Rural";1;0;0;0;1;0;0;1
83429797;"14/01/16";"Quinta";"06:00:00";"RS";116;"147,9";"CAXIAS DO SUL";"Ingestão de álcool";"Colisão lateral";"Sem Vítimas";"Amanhecer";"Decrescente";"Chuva";"Dupla";"Reta";"Urbano";2;0;0;0;2;0;0;2
83429798;"10/01/16";"Domingo";"21:40:00";"BA";324;"542";"AMELIA RODRIGUES";"Outras";"Colisão Transversal";"Sem Vítimas";"Plena noite";"Crescente";"Nublado";"Dupla";"Reta";"Urbano";2;0;0;0;1;1;0;2
83429799;"11/01/16";"Segunda";"04:30:00";"RS";116;"260";"CANOAS";"Outras";"Capotamento";"Sem Vítimas";"Plena noite";"Decrescente";"Ceu Claro";"Simples";"Reta";"Urbano";3;0;0;0;1;2;0;2
83429800;"10/01/16";"Domingo";"23:30:00";"PR";476;"126";"CURITIBA";"Outras";"Colisão frontal";"Com Vítimas Feridas";"Plena noite";"Decrescente";"Chuva";"Múltipla";"Reta";"Urbano";5;0;0;4;1;0;4;2
83429802;"14/01/16";"Quinta";"04:00:00";"PR";476;"172,8";"CONTENDA";"Velocidade incompatível";"Saída de Pista";"Ignorado";"Plena noite";"Decrescente";"Ceu Claro";"Dupla";"Cruzamento";"Urbano";1;0;0;0;0;1;0;1
83429803;"14/01/16";"Quinta";"02:10:00";"PE";116;"27";"SALGUEIRO";"Animais na Pista";"Colisão com objeto móvel";"Com Vítimas Feridas";"Plena noite";"Decrescente";"Nublado";"Simples";"Reta";"Urbano";1;0;1;0;0;0;1;1
83429804;"14/01/16";"Quinta";"05:50:00";"RS";290;"51";"GLORINHA";"Falta de atenção";"Colisão lateral";"Sem Vítimas";"Plena noite";"Crescente";"Ceu Claro";"Dupla";"Reta";"Rural";2;0;0;0;1;1;0;2
83429805;"10/01/16";"Domingo";"20:55:00";"MG";381;"487,5";"BETIM";"Outras";"Colisão com objeto fixo";"Sem Vítimas";"Plena noite";"Crescente";"Nublado";"Dupla";"Reta";"Urbano";5;0;0;0;4;1;0;2
83429806;"14/01/16";"Quinta";"03:00:00";"RS";386;"276,1";"SAO JOSE DO HERVAL";"Outras";"Saída de Pista";"Com Vítimas Feridas";"Plena noite";"Decrescente";"Chuva";"Simples";"Curva";"Rural";1;0;1;0;0;0;1;1
83429807;"09/01/16";"Sábado";"10:45:00";"SP";116;"224";"GUARULHOS";"Não guardar distância de segurança";"Colisão lateral";"Sem Vítimas";"Pleno dia";"Decrescente";"Nublado";"Múltipla";"Reta";"Urbano";2;0;0;0;1;1;0;2
83429809;"11/01/16";"Segunda";"00:15:00";"SP";381;"61";"MAIRIPORA";"Velocidade incompatível";"Capotamento";"Sem Vítimas";"Plena noite";"Decrescente";"Chuva";"Dupla";"Curva";"Rural";1;0;0;0;1;0;0;1
83429810;"12/01/16";"Terça";"17:25:00";"MG";40;"751";"SANTOS DUMONT";"Defeito na via";"Colisão frontal";"Com Vítimas Feridas";"Pleno dia";"Decrescente";"Chuva";"Simples";"Curva";"Rural";6;0;5;0;1;0;5;4
83429811;"13/01/16";"Quarta";"18:30:00";"BA";407;"70";"JAGUARARI";"Falta de atenção";"Colisão com bicicleta";"Com Vítimas Feridas";"Anoitecer";"Decrescente";"Nublado";"Simples";"Reta";"Rural";2;0;0;1;0;1;1;2
83429812;"14/01/16";"Quinta";"04:15:00";"RS";290;"583";"ALEGRETE";"Falta de atenção";"Saída de Pista";"Sem Vítimas";"Plena noite";"Crescente";"Ceu Claro";"Simples";"Cruzamento";"Urbano";4;0;0;0;4;0;0;1
83429813;"11/01/16";"Segunda";"20:53:00";"CE";116;"270,6";"JAGUARIBARA";"Falta de atenção";"Colisão frontal";"Com Vítimas Fatais";"Plena noite";"Crescente";"Ceu Claro";"Simples";"Curva";"Rural";2;1;1;0;0;0;1;2
83429814;"14/01/16";"Quinta";"06:30:00";"CE";20;"418,5";"MARACANAU";"Falta de atenção";"Colisão Transversal";"Sem Vítimas";"Pleno dia";"Crescente";"Nublado";"Simples";"Reta";"Urbano";2;0;0;0;2;0;0;2
83429815;"10/01/16";"Domingo";"19:50:00";"PR";163;"295";"MERCEDES";"Outras";"Saída de Pista";"Com Vítimas Feridas";"Anoitecer";"Crescente";"Chuva";"Simples";"Curva";"Rural";3;0;3;0;0;0;3;1
83429817;"14/01/16";"Quinta";"07:00:00";"RS";471;"161,6";"RIO PARDO";"Falta de atenção";"Colisão frontal";"Com Vítimas Feridas";"Pleno dia";"Decrescente";"Ceu Claro";"Simples";"Reta";"Rural";3;0;2;1;0;0;3;2
83429819;"10/01/16";"Domingo";"17:40:00";"MG";40;"510";"RIBEIRAO DAS NEVES";"Não guardar distância de segurança";"Colisão traseira";"Com Vítimas Feridas";"Pleno dia";"Crescente";"Nublado";"Dupla";"Reta";"Urbano";6;0;2;0;4;0;2;4
83429820;"13/01/16";"Quarta";"21:40:00";"PR";487;"203,6";"CAMPO MOURAO";"Desobediência à sinalização";"Colisão frontal";"Com Vítimas Fatais";"Plena noite";"Decrescente";"Ignorada";"Simples";"Reta";"Rural";4;1;0;2;1;0;2;2
83429821;"10/01/16";"Domingo";"16:30:00";"MG";116;"508,7";"INHAPIM";"Falta de atenção";"Colisão traseira";"Sem Vítimas";"Pleno dia";"Decrescente";"Nublado";"Simples";"Reta";"Rural";2;0;0;0;2;0;0;2
83429822;"04/01/16";"Segunda";"08:30:00";"MG";381;"429";"CAETE";"Falta de atenção";"Colisão frontal";"Com Vítimas Feridas";"Pleno dia";"Crescente";"Ceu Claro";"Simples";"Reta";"Urbano";3;0;0;1;2;0;1;3
83429823;"10/01/16";"Domingo";"17:40:00";"GO";40;"2";"VALPARAISO DE GOIAS";"Falta de atenção";"Colisão lateral";"Com Vítimas Feridas";"Pleno dia";"Decrescente";"Nublado";"Dupla";"Reta";"Urbano";3;0;1;0;2;0;1;2
83429824;"14/01/16";"Quinta";"08:20:00";"MG";381;"881,5";"ESTIVA";"Outras";"Saída de Pista";"Sem Vítimas";"Pleno dia";"Crescente";"Chuva";"Simples";"Reta";"Rural";1;0;0;0;1;0;0;1
83429825;"14/01/16";"Quinta";"05:50:00";"MS";60;"226,3";"BANDEIRANTES";"Dormindo";"Saída de Pista";"Com Vítimas Feridas";"Amanhecer";"Crescente";"Ceu Claro";"Simples";"Reta";"Rural";4;0;2;2;0;0;4;1
83429826;"10/01/16";"Domingo";"18:30:00";"RJ";116;"240,9";"PIRAI";"Falta de atenção";"Colisão traseira";"Com Vítimas Feridas";"Pleno dia";"Decrescente";"Chuva";"Dupla";"Curva";"Urbano";3;0;1;0;2;0;1;2
83429827;"14/01/16";"Quinta";"07:30:00";"PR";116;"15";"CAMPINA GRANDE DO SUL";"Velocidade incompatível";"Saída de Pista";"Com Vítimas Feridas";"Pleno dia";"Crescente";"Chuva";"Dupla";"Curva";"Rural";2;0;1;1;0;0;2;1
83429828;"14/01/16";"Quinta";"08:40:00";"SP";116;"156,5";"SAO JOSE DOS CAMPOS";"Velocidade incompatível";"Colisão traseira";"Com Vítimas Feridas";"Pleno dia";"Decrescente";"Chuva";"Dupla";"Reta";"Urbano";5;0;3;0;2;0;3;3
83429829;"10/01/16";"Domingo";"15:40:00";"SC";101;"213,3";"PALHOCA";"Falta de atenção";"Colisão traseira";"Sem Vítimas";"Pleno dia";"Decrescente";"Chuva";"Dupla";"Reta";"Urbano";2;0;0;0;2;0;0;2
83429830;"10/01/16";"Domingo";"06:30:00";"MG";365;"238";"BURITIZEIRO";"Dormindo";"Colisão lateral";"Sem Vítimas";"Pleno dia";"Crescente";"Sol";"Simples";"Reta";"Rural";2;0;0;0;1;1;0;2
83429831;"04/01/16";"Segunda";"05:22:00";"RJ";101;"294";"ITABORAI";"Dormindo";"Colisão com objeto fixo";"Com Vítimas Feridas";"Amanhecer";"Decrescente";"Ceu Claro";"Dupla";"Reta";"Urbano";3;0;0;3;0;0;3;1
83429832;"14/01/16";"Quinta";"08:00:00";"SC";101;"328,4";"CAPIVARI DE BAIXO";"Falta de atenção";"Colisão traseira";"Sem Vítimas";"Pleno dia";"Decrescente";"Nublado";"Simples";"Cruzamento";"Urbano";2;0;0;0;2;0;0;2
83429833;"13/01/16";"Quarta";"22:15:00";"GO";452;"106,3";"BOM JESUS DE GOIAS";"Defeito na via";"Saída de Pista";"Com Vítimas Fatais";"Plena noite";"Crescente";"Chuva";"Simples";"Reta";"Rural";2;1;1;0;0;0;1;1
83429834;"11/01/16";"Segunda";"03:30:00";"MG";40;"531";"BELO HORIZONTE";"Ingestão de álcool";"Capotamento";"Ignorado";"Plena noite";"Decrescente";"Ceu Claro";"Dupla";"Reta";"Urbano";1;0;0;0;0;1;0;1
83429835;"10/01/16";"Domingo";"18:45:00";"CE";116;"372";"ICO";"Falta de atenção";"Colisão lateral";"Com Vítimas Fatais";"Plena noite";"Crescente";"Chuva";"Simples";"Reta";"Rural";2;1;0;0;1;0;0;2
83429836;"11/01/16";"Segunda";"04:45:00";"MG";262;"575,7";"CORREGO DANTA";"Dormindo";"Colisão frontal";"Com Vítimas Fatais";"Amanhecer";"Crescente";"Nublado";"Simples";"Reta";"Rural";3;1;1;1;0;0;2;2
83429837;"14/01/16";"Quinta";"07:20:00";"RS";392;"680,8";"ROQUE GONZALES";"Outras";"Colisão frontal";"Com Vítimas Feridas";"Pleno dia";"Decrescente";"Ceu Claro";"Simples";"Curva";"Rural";3;0;0;1;2;0;1;2
83429838;"14/01/16";"Quinta";"00:10:00";"RJ";101;"66,5";"CAMPOS DOS GOYTACAZES";"Velocidade incompatível";"Colisão com objeto fixo";"Sem Vítimas";"Plena noite";"Crescente";"Vento";"Dupla";"Curva";"Urbano";1;0;0;0;1;0;0;1
83429839;"10/01/16";"Domingo";"07:30:00";"SP";116;"27";"SILVEIRAS";"Falta de atenção";"Colisão traseira";"Com Vítimas Feridas";"Pleno dia";"Decrescente";"Chuva";"Dupla";"Curva";"Rural";5;0;2;0;3;0;2;2
83429840;"10/01/16";"Domingo";"04:30:00";"MT";70;"147,8";"GENERAL CARNEIRO";"Defeito na via";"Saída de Pista";"Sem Vítimas";"Plena noite";"Decrescente";"Ceu Claro";"Simples";"Reta";"Rural";1;0;0;0;1;0;0;1
83429841;"11/01/16";"Segunda";"08:00:00";"MA";10;"342";"ITINGA DO MARANHAO";"Ultrapassagem indevida";"Colisão frontal";"Com Vítimas Fatais";"Pleno dia";"Decrescente";"Nublado";"Simples";"Reta";"Rural";3;2;0;0;1;0;0;2
83429842;"11/01/16";"Segunda";"05:00:00";"RJ";495;"2";"TERESOPOLIS";"Outras";"Saída de Pista";"Com Vítimas Feridas";"Amanhecer";"Crescente";"Nublado";"Simples";"Curva";"Urbano";1;0;1;0;0;0;1;1
83429843;"14/01/16";"Quinta";"08:00:00";"SP";116;"460";"PARIQUERA-ACU";"Velocidade incompatível";"Tombamento";"Sem Vítimas";"Pleno dia";"Crescente";"Nublado";"Dupla";"Reta";"Rural";1;0;0;0;1;0;0;1
83429844;"11/01/16";"Segunda";"08:00:00";"RJ";101;"589";"PARATI";"Falta de atenção";"Capotamento";"Com Vítimas Feridas";"Pleno dia";"Decrescente";"Chuva";"Simples";"Curva";"Rural";1;0;1;0;0;0;1;1
83429846;"14/01/16";"Quinta";"08:40:00";"SC";101;"214";"PALHOCA";"Falta de atenção";"Queda de motocicleta / bicicleta / veículo";"Com Vítimas Feridas";"Pleno dia";"Decrescente";"Ceu Claro";"Dupla";"Reta";"Urbano";2;0;0;1;1;0;1;2
83429850;"08/01/16";"Sexta";"18:45:00";"GO";40;"1,5";"VALPARAISO DE GOIAS";"Outras";"Colisão lateral";"Com Vítimas Feridas";"Pleno dia";"Crescente";"Ceu Claro";"Dupla";"Reta";"Urbano";3;0;1;0;2;0;1;3
83429851;"14/01/16";"Quinta";"07:30:00";"MG";365;"501";"PATROCINIO";"Velocidade incompatível";"Saída de Pista";"Com Vítimas Feridas";"Pleno dia";"Crescente";"Chuva";"Simples";"Reta";"Rural";1;0;0;1;0;0;1;1
83429852;"14/01/16";"Quinta";"06:10:00";"ES";101;"268,3";"SERRA";"Falta de atenção";"Colisão traseira";"Com Vítimas Feridas";"Amanhecer";"Decrescente";"Ceu Claro";"Múltipla";"Reta";"Urbano";3;0;2;0;1;0;2;2