"id";"data_inversa";"dia_semana";"horario";"uf";"br";"km";"municipio";"causa_acidente";"tipo_acidente";"classificacao_acidente";"fase_dia";"sentido_via";"condicao_metereologica";"tipo_pista";"tracado_via";"uso_solo";"pessoas";"mortos";"feridos_leves";"feridos_graves";"ilesos";"ignorados";"feridos";"veiculos"
83429853;"11/01/16";"Segunda";"01:00:00";"PR";376;"494";"PONTA GROSSA";"Outras";"Colisão traseira";"Com Vítimas Feridas";"Plena noite";"Crescente";"Nublado";"Dupla";"Reta";"Urbano";2;0;0;1;1;0;1;2
83429854;"14/01/16";"Quinta";"07:55:00";"PR";487;"141";"TUNEIRAS DO OESTE";"Falta de atenção";"Saída de Pista";"Sem Vítimas";"Amanhecer";"Decrescente";"Ceu Claro";"Simples";"Reta";"Rural";1;0;0;0;1;0;0;1
83429856;"14/01/16";"Quinta";"10:25:00";"PR";376;"671";"GUARATUBA";"Velocidade incompatível";"Capotamento";"Sem Vítimas";"Pleno dia";"Decrescente";"Ceu Claro";"Dupla";"Reta";"Rural";2;0;0;0;2;0;0;2
83429857;"10/01/16";"Domingo";"16:20:00";"GO";364;"318,7";"PORTELANDIA";"Desobediência à sinalização";"Colisão lateral";"Com Vítimas Feridas";"Pleno dia";"Decrescente";"Ceu Claro";"Simples";"Curva";"Rural";2;0;2;0;0;0;2;2
83429858;"10/01/16";"Domingo";"22:45:00";"PA";222;"236,5";"MARABA";"Falta de atenção";"Colisão frontal";"Com Vítimas Fatais";"Plena noite";"Decrescente";"Ceu Claro";"Simples";"Reta";"Urbano";4;2;0;1;0;1;1;2
83429860;"14/01/16";"Quinta";"09:00:00";"SC";101;"122";"ITAJAI";"Falta de atenção";"Colisão traseira";"Com Vítimas Feridas";"Pleno dia";"Decrescente";"Sol";"Dupla";"Reta";"Urbano";2;0;1;0;1;0;1;2
83429862;"14/01/16";"Quinta";"07:55:00";"RS";116;"253,4";"SAPUCAIA DO SUL";"Ultrapassagem indevida";"Colisão lateral";"Com Vítimas Feridas";"Pleno dia";"Crescente";"Sol";"Dupla";"Reta";"Urbano";2;0;1;0;1;0;1;2
83429864;"12/01/16";"Terça";"06:30:00";"SP";101;"47,8";"UBATUBA";"Desobediência à sinalização";"Tombamento";"Com Vítimas Feridas";"Pleno dia";"Crescente";"Nublado";"Simples";"Reta";"Urbano";2;0;1;0;1;0;1;2
83429865;"12/01/16";"Terça";"23:30:00";"RJ";101;"313";"SAO GONCALO";"Outras";"Atropelamento de pessoa";"Com Vítimas Fatais";"Plena noite";"Decrescente";"Chuva";"Dupla";"Curva";"Urbano";2;1;0;0;0;1;0;1
83429866;"10/01/16";"Domingo";"14:30:00";"BA";324;"473";"TANQUINHO";"Outras";"Capotamento";"Sem Vítimas";"Pleno dia";"Crescente";"Nublado";"Simples";"Curva";"Rural";1;0;0;0;1;0;0;1
83429867;"14/01/16";"Quinta";"10:45:00";"RS";285;"465,7";"IJUI";"Falta de atenção";"Saída de Pista";"Com Vítimas Feridas";"Pleno dia";"Crescente";"Ceu Claro";"Simples";"Reta";"Urbano";1;0;1;0;0;0;1;1
83429868;"14/01/16";"Quinta";"08:05:00";"PR";373;"260";"PRUDENTOPOLIS";"Falta de atenção";"Colisão lateral";"Com Vítimas Feridas";"Pleno dia";"Crescente";"Nublado";"Simples";"Curva";"Urbano";2;0;1;0;1;0;1;2
83429869;"14/01/16";"Quinta";"09:00:00";"SE";235;"35,9";"AREIA BRANCA";"Defeito mecânico em veículo";"Queda de motocicleta / bicicleta / veículo";"Com Vítimas Feridas";"Pleno dia";"Crescente";"Ceu Claro";"Simples";"Reta";"Rural";2;0;1;1;0;0;2;1
83429871;"14/01/16";"Quinta";"09:30:00";"SC";101;"54";"JOINVILLE";"Falta de atenção";"Colisão traseira";"Com Vítimas Feridas";"Pleno dia";"Decrescente";"Sol";"Dupla";"Reta";"Rural";2;0;1;0;1;0;1;2
83429872;"14/01/16";"Quinta";"11:20:00";"SC";101;"194,2";"BIGUACU";"Outras";"Colisão lateral";"Sem Vítimas";"Pleno dia";"Decrescente";"Sol";"Múltipla";"Reta";"Urbano";3;0;0;0;3;0;0;2
83429873;"11/01/16";"Segunda";"00:15:00";"CE";116;"41";"HORIZONTE";"Outras";"Capotamento";"Com Vítimas Feridas";"Plena noite";"Crescente";"Ceu Claro";"Dupla";"Reta";"Urbano";2;0;0;1;1;0;1;1
83429874;"14/01/16";"Quinta";"07:30:00";"MA";135;"3";"SAO LUIS";"Defeito mecânico em veículo";"Saída de Pista";"Com Vítimas Feridas";"Plena noite";"Decrescente";"Ceu Claro";"Dupla";"Curva";"Rural";1;0;0;1;0;0;1;1
83429876;"14/01/16";"Quinta";"12:00:00";"ES";262;"136";"BREJETUBA";"Outras";"Capotamento";"Sem Vítimas";"Pleno dia";"Decrescente";"Chuva";"Simples";"Curva";"Urbano";1;0;0;0;1;0;0;1
83429877;"14/01/16";"Quinta";"08:30:00";"MG";40;"117";"LAGOA GRANDE";"Ultrapassagem indevida";"Colisão lateral";"Com Vítimas Feridas";"Pleno dia";"Crescente";"Nublado";"Simples";"Reta";"Rural";3;0;1;0;2;0;1;2
83429879;"14/01/16";"Quinta";"09:30:00";"MT";364;"581,2";"NOBRES";"Ultrapassagem indevida";"Saída de Pista";"Com Vítimas Feridas";"Pleno dia";"Crescente";"Chuva";"Simples";"Reta";"Rural";1;0;1;0;0;0;1;1
83429880;"09/01/16";"Sábado";"19:30:00";"BA";367;"59";"PORTO SEGURO";"Outras";"Colisão Transversal";"Com Vítimas Feridas";"Plena noite";"Decrescente";"Nublado";"Simples";"Reta";"Rural";9;0;5;2;2;0;7;2
83429881;"14/01/16";"Quinta";"07:20:00";"PA";163;"988";"SANTAREM";"Falta de atenção";"Colisão Transversal";"Com Vítimas Feridas";"Pleno dia";"Decrescente";"Ceu Claro";"Simples";"Reta";"Rural";3;0;2;1;0;0;3;2
83429882;"14/01/16";"Quinta";"08:35:00";"MG";116;"773,4";"LEOPOLDINA";"Desobediência à sinalização";"Colisão Transversal";"Com Vítimas Feridas";"Pleno dia";"Crescente";"Sol";"Simples";"Cruzamento";"Rural";3;0;1;0;2;0;1;2
83429884;"12/01/16";"Terça";"17:30:00";"PI";135;"310";"CRISTINO CASTRO";"Ultrapassagem indevida";"Colisão traseira";"Sem Vítimas";"Pleno dia";"Decrescente";"Ceu Claro";"Simples";"Reta";"Rural";2;0;0;0;2;0;0;2
83429885;"14/01/16";"Quinta";"08:00:00";"GO";60;"305,9";"ACREUNA";"Outras";"Tombamento";"Com Vítimas Feridas";"Pleno dia";"Decrescente";"Chuva";"Dupla";"Curva";"Rural";1;0;1;0;0;0;1;1
83429886;"14/01/16";"Quinta";"09:20:00";"CE";116;"51,4";"PACAJUS";"Animais na Pista";"Atropelamento de animal";"Sem Vítimas";"Pleno dia";"Crescente";"Nublado";"Dupla";"Reta";"Rural";1;0;0;0;1;0;0;1
83429887;"10/01/16";"Domingo";"16:30:00";"PR";376;"442,2";"TIBAGI";"Ultrapassagem indevida";"Capotamento";"Com Vítimas Feridas";"Pleno dia";"Crescente";"Chuva";"Simples";"Reta";"Rural";6;0;5;0;1;0;5;2
83429888;"14/01/16";"Quinta";"07:55:00";"PR";476;"124";"CURITIBA";"Velocidade incompatível";"Colisão lateral";"Com Vítimas Feridas";"Pleno dia";"Crescente";"Sol";"Dupla";"Reta";"Urbano";2;0;1;0;0;1;1;2
83429889;"14/01/16";"Quinta";"09:40:00";"MA";226;"547";"PORTO FRANCO";"Animais na Pista";"Saída de Pista";"Com Vítimas Feridas";"Pleno dia";"Crescente";"Nublado";"Simples";"Reta";"Rural";6;0;0;1;1;4;1;1
83429891;"14/01/16";"Quinta";"12:50:00";"MG";381;"853";"POUSO ALEGRE";"Falta de atenção";"Colisão traseira";"Com Vítimas Feridas";"Pleno dia";"Decrescente";"Sol";"Dupla";"Reta";"Rural";3;0;1;0;2;0;1;2
83429892;"14/01/16";"Quinta";"07:00:00";"PE";101;"90,6";"CABO DE SANTO AGOSTINHO";"Outras";"Saída de Pista";"Sem Vítimas";"Amanhecer";"Decrescente";"Sol";"Simples";"Reta";"Rural";1;0;0;0;1;0;0;1
83429893;"10/01/16";"Domingo";"13:35:00";"MG";116;"701,7";"MURIAE";"Desobediência à sinalização";"Colisão Transversal";"Com Vítimas Feridas";"Pleno dia";"Decrescente";"Sol";"Simples";"Cruzamento";"Urbano";2;0;0;1;0;1;1;2
83429894;"14/01/16";"Quinta";"10:40:00";"PA";316;"9";"MARITUBA";"Falta de atenção";"Colisão lateral";"Sem Vítimas";"Pleno dia";"Crescente";"Ceu Claro";"Dupla";"Reta";"Urbano";2;0;0;0;2;0;0;2
83429895;"14/01/16";"Quinta";"06:31:00";"PR";369;"159,7";"CAMBE";"Falta de atenção";"Colisão com bicicleta";"Com Vítimas Feridas";"Amanhecer";"Crescente";"Ceu Claro";"Dupla";"Reta";"Urbano";2;0;1;0;1;0;1;2
83429896;"14/01/16";"Quinta";"11:20:00";"MG";40;"508,1";"RIBEIRAO DAS NEVES";"Defeito mecânico em veículo";"Saída de Pista";"Com Vítimas Feridas";"Pleno dia";"Decrescente";"Nublado";"Dupla";"Reta";"Rural";3;0;0;2;1;0;2;2
83429897;"14/01/16";"Quinta";"11:10:00";"ES";101;"262";"SERRA";"Desobediência à sinalização";"Colisão Transversal";"Com Vítimas Feridas";"Pleno dia";"Decrescente";"Nublado";"Múltipla";"Cruzamento";"Urbano";2;0;0;1;1;0;1;2
83429898;"10/01/16";"Domingo";"01:35:00";"PB";230;"31,5";"BAYEUX";"Animais na Pista";"Atropelamento de animal";"Com Vítimas Feridas";"Plena noite";"Crescente";"Chuva";"Dupla";"Reta";"Urbano";2;0;0;1;1;0;1;1
83429899;"14/01/16";"Quinta";"12:10:00";"RS";392;"276";"SAO SEPE";"Falta de atenção";"Colisão Transversal";"Sem Vítimas";"Pleno dia";"Decrescente";"Ceu Claro";"Simples";"Curva";"Rural";2;0;0;0;2;0;0;2
83429900;"14/01/16";"Quinta";"08:00:00";"MA";10;"253";"IMPERATRIZ";"Falta de atenção";"Colisão Transversal";"Com Vítimas Feridas";"Pleno dia";"Decrescente";"Nublado";"Simples";"Reta";"Urbano";2;0;1;0;1;0;1;2
83429901;"14/01/16";"Quinta";"11:35:00";"SC";101;"203,4";"SAO JOSE";"Não guardar distância de segurança";"Saída de Pista";"Com Vítimas Feridas";"Plena noite";"Decrescente";"Ceu Claro";"Múltipla";"Reta";"Urbano";2;0;2;0;0;0;2;1
83429902;"14/01/16";"Quinta";"12:20:00";"RS";392;"19,9";"RIO GRANDE";"Falta de atenção";"Colisão traseira";"Com Vítimas Feridas";"Pleno dia";"Decrescente";"Sol";"Dupla";"Curva";"Urbano";2;0;1;0;1;0;1;2
83429903;"10/01/16";"Domingo";"22:45:00";"RJ";101;"313";"SAO GONCALO";"Outras";"Capotamento";"Sem Vítimas";"Plena noite";"Decrescente";"Ignorada";"Simples";"Reta";"Urbano";1;0;0;0;1;0;0;1
83429904;"14/01/16";"Quinta";"13:20:00";"PA";316;"9";"MARITUBA";"Falta de atenção";"Colisão lateral";"Sem Vítimas";"Amanhecer";"Decrescente";"Ceu Claro";"Dupla";"Reta";"Urbano";2;0;0;0;2;0;0;2
83429905;"14/01/16";"Quinta";"07:00:00";"GO";40;"153";"CRISTALINA";"Outras";"Saída de Pista";"Com Vítimas Feridas";"Pleno dia";"Crescente";"Chuva";"Simples";"Reta";"Urbano";2;0;0;1;0;1;1;1
83429906;"14/01/16";"Quinta";"11:30:00";"MG";262;"175";"SAO DOMINGOS DO PRATA";"Outras";"Queda de motocicleta / bicicleta / veículo";"Com Vítimas Feridas";"Pleno dia";"Crescente";"Nublado";"Simples";"Curva";"Rural";1;0;0;1;0;0;1;1
83429907;"14/01/16";"Quinta";"11:05:00";"PE";101;"54";"PAULISTA";"Outras";"Colisão lateral";"Sem Vítimas";"Pleno dia";"Decrescente";"Sol";"Dupla";"Reta";"Urbano";2;0;0;0;2;0;0;2
83429908;"14/01/16";"Quinta";"10:50:00";"MG";262;"414";"IGARATINGA";"Velocidade incompatível";"Saída de Pista";"Com Vítimas Feridas";"Pleno dia";"Crescente";"Chuva";"Dupla";"Curva";"Rural";2;0;1;1;0;0;2;1
83429909;"14/01/16";"Quinta";"12:45:00";"SC";101;"210,7";"SAO JOSE";"Outras";"Colisão traseira";"Com Vítimas Feridas";"Pleno dia";"Decrescente";"Nublado";"Dupla";"Reta";"Urbano";4;0;3;0;1;0;3;2
83429910;"14/01/16";"Quinta";"11:30:00";"PE";101;"50";"ABREU E LIMA";"Falta de atenção";"Atropelamento de pessoa";"Com Vítimas Feridas";"Pleno dia";"Crescente";"Ceu Claro";"Dupla";"Reta";"Urbano";2;0;0;1;1;0;1;1
83429911;"14/01/16";"Quinta";"12:00:00";"SC";470;"181,9";"POUSO REDONDO";"Dormindo";"Colisão lateral";"Com Vítimas Feridas";"Pleno dia";"Crescente";"Sol";"Simples";"Reta";"Urbano";3;0;1;1;1;0;2;2
83429912;"14/01/16";"Quinta";"13:15:00";"PB";230;"68";"SAO MIGUEL DE TAIPU";"Velocidade incompatível";"Colisão com objeto fixo";"Sem Vítimas";"Pleno dia";"Crescente";"Chuva";"Dupla";"Reta";"Rural";1;0;0;0;1;0;0;1
83429914;"14/01/16";"Quinta";"13:10:00";"MG";40;"44";"PARACATU";"Outras";"Colisão traseira";"Com Vítimas Feridas";"Pleno dia";"Crescente";"Chuva";"Dupla";"Reta";"Rural";4;0;1;0;3;0;1;2
83429916;"14/01/16";"Quinta";"12:10:00";"GO";60;"180,8";"ABADIA DE GOIAS";"Velocidade incompatível";"Colisão com objeto fixo";"Sem Vítimas";"Pleno dia";"Decrescente";"Chuva";"Dupla";"Curva";"Rural";1;0;0;0;1;0;0;1
83429917;"14/01/16";"Quinta";"14:05:00";"PR";277;"243,2";"IRATI";"Falta de atenção";"Colisão Transversal";"Com Vítimas Feridas";"Pleno dia";"Decrescente";"Sol";"Simples";"Reta";"Rural";6;0;5;1;0;0;6;2
83429918;"14/01/16";"Quinta";"10:00:00";"BA";101;"51";"ENTRE RIOS";"Ultrapassagem indevida";"Saída de Pista";"Com Vítimas Feridas";"Pleno dia";"Crescente";"Ceu Claro";"Simples";"Curva";"Rural";2;0;2;0;0;0;2;1
83429920;"14/01/16";"Quinta";"14:40:00";"RS";285;"292,3";"PASSO FUNDO";"Desobediência à sinalização";"Colisão Transversal";"Com Vítimas Feridas";"Pleno dia";"Crescente";"Sol";"Múltipla";"Cruzamento";"Urbano";2;0;1;0;1;0;1;2
83429921;"14/01/16";"Quinta";"10:50:00";"PE";101;"60,3";"RECIFE";"Outras";"Colisão lateral";"Com Vítimas Feridas";"Pleno dia";"Decrescente";"Sol";"Dupla";"Reta";"Urbano";2;0;1;0;1;0;1;2
83429923;"12/01/16";"Terça";"22:20:00";"RN";304;"55,5";"MOSSORO";"Outras";"Saída de Pista";"Com Vítimas Feridas";"Plena noite";"Crescente";"Nublado";"Simples";"Reta";"Rural";2;0;1;1;0;0;2;1
83429924;"14/01/16";"Quinta";"12:40:00";"PE";101;"68";"RECIFE";"Outras";"Atropelamento de pessoa";"Com Vítimas Feridas";"Pleno dia";"Decrescente";"Ceu Claro";"Simples";"Reta";"Urbano";3;0;1;0;2;0;1;2
83429926;"14/01/16";"Quinta";"14:40:00";"MG";381;"452";"SABARA";"Defeito mecânico em veículo";"Colisão com objeto móvel";"Sem Vítimas";"Pleno dia";"Decrescente";"Nublado";"Simples";"Curva";"Urbano";2;0;0;0;2;0;0;2
83429928;"14/01/16";"Quinta";"07:45:00";"SE";101;"91,6";"NOSSA SENHORA DO SOCORRO";"Falta de atenção";"Colisão traseira";"Com Vítimas Feridas";"Pleno dia";"Decrescente";"Ceu Claro";"Dupla";"Reta";"Urbano";2;0;1;0;0;1;1;2
83429929;"14/01/16";"Quinta";"09:10:00";"SC";282;"583";"PINHALZINHO";"Velocidade incompatível";"Saída de Pista";"Sem Vítimas";"Pleno dia";"Decrescente";"Sol";"Simples";"Curva";"Rural";1;0;0;0;1;0;0;1
83429930;"14/01/16";"Quinta";"15:00:00";"RS";290;"40,1";"SANTO ANTONIO DA PATRULHA";"Dormindo";"Saída de Pista";"Sem Vítimas";"Pleno dia";"Decrescente";"Sol";"Múltipla";"Reta";"Rural";2;0;0;0;2;0;0;1
83429931;"14/01/16";"Quinta";"11:30:00";"PA";10;"319";"IRITUIA";"Outras";"Tombamento";"Com Vítimas Feridas";"Pleno dia";"Decrescente";"Ceu Claro";"Simples";"Reta";"Rural";2;0;2;0;0;0;2;1
83429932;"14/01/16";"Quinta";"11:30:00";"RJ";101;"285";"ITABORAI";"Falta de atenção";"Colisão traseira";"Com Vítimas Feridas";"Pleno dia";"Decrescente";"Ceu Claro";"Dupla";"Reta";"Rural";2;0;1;0;1;0;1;2
83429933;"14/01/16";"Quinta";"12:00:00";"SE";101;"84,4";"NOSSA SENHORA DO SOCORRO";"Falta de atenção";"Colisão com objeto fixo";"Com Vítimas Feridas";"Pleno dia";"Decrescente";"Sol";"Dupla";"Reta";"Rural";3;0;0;2;1;0;2;2
83429934;"14/01/16";"Quinta";"05:00:00";"MT";174;"471";"COMODORO";"Outras";"Saída de Pista";"Sem Vítimas";"Amanhecer";"Decrescente";"Chuva";"Simples";"Reta";"Rural";1;0;0;0;1;0;0;1
83429935;"14/01/16";"Quinta";"14:10:00";"RS";116;"264,7";"CANOAS";"Não guardar distância de segurança";"Colisão lateral";"Com Vítimas Feridas";"Pleno dia";"Crescente";"Ceu Claro";"Dupla";"Reta";"Urbano";2;0;1;0;1;0;1;2
83429936;"14/01/16";"Quinta";"11:30:00";"ES";101;"291,9";"CARIACICA";"Falta de atenção";"Colisão com objeto fixo";"Com Vítimas Fatais";"Pleno dia";"Crescente";"Ceu Claro";"Simples";"Reta";"Urbano";1;1;0;0;0;0;0;1
83429937;"14/01/16";"Quinta";"16:00:00";"PR";476;"144";"CURITIBA";"Defeito mecânico em veículo";"Incêndio";"Sem Vítimas";"Pleno dia";"Decrescente";"Ceu Claro";"Dupla";"Reta";"Urbano";1;0;0;0;1;0;0;1
83429939;"14/01/16";"Quinta";"10:35:00";"SC";282;"600";"CUNHA PORA";"Falta de atenção";"Colisão lateral";"Sem Vítimas";"Pleno dia";"Crescente";"Ceu Claro";"Simples";"Curva";"Rural";2;0;0;0;2;0;0;2
83429940;"14/01/16";"Quinta";"11:00:00";"BA";110;"144";"CICERO DANTAS";"Ultrapassagem indevida";"Colisão frontal";"Com Vítimas Feridas";"Pleno dia";"Crescente";"Ceu Claro";"Simples";"Reta";"Rural";2;0;0;1;1;0;1;2
83429941;"14/01/16";"Quinta";"11:00:00";"MT";174;"32";"CACERES";"Velocidade incompatível";"Saída de Pista";"Com Vítimas Feridas";"Pleno dia";"Crescente";"Chuva";"Simples";"Reta";"Rural";1;0;0;1;0;0;1;1
83429942;"14/01/16";"Quinta";"12:30:00";"MT";364;"70";"ALTO GARCAS";"Outras";"Colisão com objeto móvel";"Com Vítimas Fatais";"Pleno dia";"Decrescente";"Nublado";"Simples";"Reta";"Rural";3;1;0;0;2;0;0;1
83429943;"14/01/16";"Quinta";"15:00:00";"RJ";116;"228";"PIRAI";"Velocidade incompatível";"Capotamento";"Sem Vítimas";"Pleno dia";"Crescente";"Chuva";"Dupla";"Reta";"Urbano";3;0;0;0;3;0;0;1
83429945;"10/01/16";"Domingo";"19:20:00";"PR";376;"41,9";"NOVA LONDRINA";"Outras";"Saída de Pista";"Com Vítimas Feridas";"Plena noite";"Crescente";"Chuva";"Simples";"Reta";"Rural";5;0;4;0;1;0;4;1
83429946;"14/01/16";"Quinta";"12:30:00";"RS";386;"180,3";"CARAZINHO";"Ultrapassagem indevida";"Saída de Pista";"Com Vítimas Fatais";"Pleno dia";"Decrescente";"Ceu Claro";"Simples";"Reta";"Rural";5;3;0;2;0;0;2;1
83429947;"14/01/16";"Quinta";"00:40:00";"PE";232;"449,9";"SAO JOSE DO BELMONTE";"Outras";"Tombamento";"Com Vítimas Feridas";"Plena noite";"Decrescente";"Ceu Claro";"Simples";"Cruzamento";"Rural";1;0;1;0;0;0;1;1
83429948;"10/01/16";"Domingo";"23:10:00";"SP";116;"150";"SAO JOSE DOS CAMPOS";"Outras";"Colisão traseira";"Com Vítimas Feridas";"Plena noite";"Crescente";"Chuva";"Dupla";"Reta";"Urbano";2;0;1;0;0;1;1;2
83429949;"14/01/16";"Quinta";"10:20:00";"PE";232;"127";"CARUARU";"Outras";"Queda de motocicleta / bicicleta / veículo";"Com Vítimas Feridas";"Pleno dia";"Decrescente";"Nublado";"Dupla";"Curva";"Urbano";1;0;1;0;0;0;1;1
83429950;"06/01/16";"Quarta";"20:30:00";"BA";116;"460";"SANTO ESTEVAO";"Defeito na via";"Tombamento";"Sem Vítimas";"Plena noite";"Crescente";"Ceu Claro";"Simples";"Reta";"Urbano";1;0;0;0;1;0;0;1
83429951;"14/01/16";"Quinta";"16:15:00";"SC";101;"218";"PALHOCA";"Falta de atenção";"Colisão com objeto fixo";"Sem Vítimas";"Pleno dia";"Crescente";"Chuva";"Dupla";"Cruzamento";"Urbano";1;0;0;0;1;0;0;1
83429952;"14/01/16";"Quinta";"05:20:00";"MG";381;"378";"SAO GONCALO DO RIO ABAIXO";"Velocidade incompatível";"Saída de Pista";"Sem Vítimas";"Amanhecer";"Decrescente";"Ceu Claro";"Simples";"Curva";"Urbano";1;0;0;0;1;0;0;1
83429953;"14/01/16";"Quinta";"09:40:00";"RJ";40;"44";"AREAL";"Velocidade incompatível";"Colisão com objeto fixo";"Com Vítimas Feridas";"Pleno dia";"Crescente";"Nublado";"Dupla";"Curva";"Rural";2;0;2;0;0;0;2;1
83429955;"14/01/16";"Quinta";"13:30:00";"PR";116;"55";"CAMPINA GRANDE DO SUL";"Não guardar distância de segurança";"Colisão traseira";"Com Vítimas Feridas";"Pleno dia";"Decrescente";"Ceu Claro";"Dupla";"Reta";"Rural";2;0;1;0;1;0;1;2
83429956;"14/01/16";"Quinta";"12:00:00";"ES";101;"148,6";"LINHARES";"Velocidade incompatível";"Colisão traseira";"Com Vítimas Feridas";"Pleno dia";"Decrescente";"Ceu Claro";"Múltipla";"Reta";"Urbano";2;0;0;1;1;0;1;2
83429957;"14/01/16";"Quinta";"10:40:00";"MG";116;"277";"TEOFILO OTONI";"Não guardar distância de segurança";"Colisão traseira";"Sem Vítimas";"Pleno dia";"Decrescente";"Chuva";"Múltipla";"Reta";"Urbano";3;0;0;0;3;0;0;2
83429958;"14/01/16";"Quinta";"14:00:00";"PR";277;"699";"SAO MIGUEL DO IGUACU";"Defeito mecânico em veículo";"Saída de Pista";"Com Vítimas Fatais";"Pleno dia";"Decrescente";"Ceu Claro";"Dupla";"Reta";"Rural";4;1;0;1;2;0;1;1
83429959;"14/01/16";"Quinta";"13:10:00";"MT";163;"761";"SORRISO";"Defeito na via";"Capotamento";"Sem Vítimas";"Pleno dia";"Crescente";"Chuva";"Simples";"Reta";"Urbano";4;0;0;0;4;0;0;1
83429960;"14/01/16";"Quinta";"16:45:00";"PE";101;"77,5";"RECIFE";"Falta de atenção";"Colisão traseira";"Com Vítimas Feridas";"Anoitecer";"Crescente";"Ceu Claro";"Dupla";"Reta";"Urbano";2;0;2;0;0;0;2;2
83429961;"14/01/16";"Quinta";"17:20:00";"RJ";101;"521";"ANGRA DOS REIS";"Velocidade incompatível";"Saída de Pista";"Sem Vítimas";"Pleno dia";"Decrescente";"Chuva";"Simples";"Curva";"Rural";1;0;0;0;1;0;0;1
83429962;"13/01/16";"Quarta";"23:45:00";"MS";163;"628,5";"SAO GABRIEL DO OESTE";"Dormindo";"Saída de Pista";"Com Vítimas Feridas";"Plena noite";"Decrescente";"Nublado";"Simples";"Reta";"Rural";4;0;2;0;2;0;2;1
83429963;"10/01/16";"Domingo";"06:40:00";"SC";480;"128,8";"CHAPECO";"Outras";"Saída de Pista";"Sem Vítimas";"Amanhecer";"Crescente";"Nublado";"Dupla";"Reta";"Urbano";1;0;0;0;1;0;0;1
83429964;"14/01/16";"Quinta";"12:50:00";"MG";50;"178,8";"UBERABA";"Defeito na via";"Colisão com objeto fixo";"Sem Vítimas";"Pleno dia";"Crescente";"Chuva";"Dupla";"Reta";"Urbano";1;0;0;0;1;0;0;1
83429965;"14/01/16";"Quinta";"08:00:00";"MG";267;"261,3";"AIURUOCA";"Velocidade incompatível";"Colisão traseira";"Com Vítimas Feridas";"Pleno dia";"Crescente";"Chuva";"Simples";"Curva";"Rural";7;0;2;0;5;0;2;2
83429966;"14/01/16";"Quinta";"15:40:00";"MG";262;"429";"SAO GONCALO DO PARA";"Velocidade incompatível";"Saída de Pista";"Sem Vítimas";"Pleno dia";"Crescente";"Ceu Claro";"Dupla";"Reta";"Rural";1;0;0;0;1;0;0;1
83429967;"14/01/16";"Quinta";"11:00:00";"BA";101;"348";"TEOLANDIA";"Dormindo";"Colisão frontal";"Sem Vítimas";"Pleno dia";"Crescente";"Sol";"Simples";"Curva";"Rural";2;0;0;0;2;0;0;2
83429968;"14/01/16";"Quinta";"12:45:00";"MG";262;"815";"UBERABA";"Velocidade incompatível";"Saída de Pista";"Com Vítimas Feridas";"Pleno dia";"Decrescente";"Chuva";"Dupla";"Curva";"Urbano";1;0;1;0;0;0;1;1
83429969;"14/01/16";"Quinta";"15:30:00";"MG";262;"549";"LUZ";"Velocidade incompatível";"Colisão frontal";"Com Vítimas Feridas";"Pleno dia";"Crescente";"Chuva";"Simples";"Curva";"Rural";6;0;4;2;0;0;6;2
83429970;"11/01/16";"Segunda";"06:30:00";"SC";101;"206";"SAO JOSE";"Outras";"Colisão Transversal";"Com Vítimas Feridas";"Pleno dia";"Crescente";"Nublado";"Dupla";"Reta";"Urbano";2;0;1;0;1;0;1;2
83429971;"14/01/16";"Quinta";"17:30:00";"DF";60;"29,6";"BRASILIA";"Outras";"Saída de Pista";"Sem Vítimas";"Pleno dia";"Decrescente";"Chuva";"Dupla";"Reta";"Urbano";1;0;0;0;1;0;0;1
83429972;"14/01/16";"Quinta";"09:30:00";"MG";381;"919";"CAMANDUCAIA";"Falta de atenção";"Colisão traseira";"Sem Vítimas";"Pleno dia";"Crescente";"Ignorada";"Dupla";"Reta";"Rural";2;0;0;0;2;0;0;2
83429973;"05/01/16";"Terça";"07:00:00";"MS";158;"48";"PARANAIBA";"Animais na Pista";"Atropelamento de animal";"Sem Vítimas";"Pleno dia";"Decrescente";"Ceu Claro";"Simples";"Curva";"Rural";1;0;0;0;1;0;0;1
83429974;"14/01/16";"Quinta";"15:57:00";"MG";381;"520,6";"IGARAPE";"Velocidade incompatível";"Colisão com objeto fixo";"Sem Vítimas";"Pleno dia";"Crescente";"Nublado";"Dupla";"Curva";"Rural";1;0;0;0;1;0;0;1
83429975;"14/01/16";"Quinta";"12:50:00";"PB";230;"99,9";"GURINHEM";"Defeito na via";"Capotamento";"Com Vítimas Feridas";"Pleno dia";"Crescente";"Chuva";"Dupla";"Curva";"Rural";3;0;3;0;0;0;3;1
83429976;"14/01/16";"Quinta";"18:20:00";"MG";40;"532,9";"BELO HORIZONTE";"Outras";"Queda de motocicleta / bicicleta / veículo";"Com Vítimas Feridas";"Pleno dia";"Decrescente";"Nublado";"Dupla";"Curva";"Urbano";2;0;1;0;1;0;1;2
83429977;"10/01/16";"Domingo";"12:30:00";"MG";381;"378";"SAO GONCALO DO RIO ABAIXO";"Falta de atenção";"Capotamento";"Com Vítimas Feridas";"Pleno dia";"Crescente";"Ceu Claro";"Simples";"Curva";"Rural";1;0;0;1;0;0;1;1
83429978;"14/01/16";"Quinta";"16:50:00";"PE";423;"82";"JUCATI";"Outras";"Capotamento";"Com Vítimas Feridas";"Pleno dia";"Decrescente";"Chuva";"Simples";"Reta";"Rural";2;0;2;0;0;0;2;1