"id";"data_inversa";"dia_semana";"horario";"uf";"br";"km";"municipio";"causa_acidente";"tipo_acidente";"classificacao_acidente";"fase_dia";"sentido_via";"condicao_metereologica";"tipo_pista";"tracado_via";"uso_solo";"pessoas";"mortos";"feridos_leves";"feridos_graves";"ilesos";"ignorados";"feridos";"veiculos"
83429979;"06/01/16";"Quarta";"22:15:00";"RJ";101;"193";"RIO DAS OSTRAS";"Outras";"Colisão traseira";"Com Vítimas Feridas";"Plena noite";"Crescente";"Ceu Claro";"Múltipla";"Reta";"Rural";2;0;1;0;1;0;1;2
83429981;"09/01/16";"Sábado";"23:20:00";"CE";116;"75";"CHOROZINHO";"Animais na Pista";"Colisão lateral";"Sem Vítimas";"Plena noite";"Decrescente";"Ceu Claro";"Simples";"Reta";"Rural";2;0;0;0;2;0;0;2
83429982;"14/01/16";"Quinta";"15:30:00";"MG";365;"590";"UBERLANDIA";"Defeito na via";"Colisão frontal";"Com Vítimas Feridas";"Pleno dia";"Decrescente";"Chuva";"Simples";"Reta";"Rural";3;0;1;1;1;0;2;2
83429983;"14/01/16";"Quinta";"12:30:00";"MG";267;"383,9";"MONSENHOR PAULO";"Falta de atenção";"Capotamento";"Sem Vítimas";"Pleno dia";"Decrescente";"Nublado";"Simples";"Curva";"Rural";1;0;0;0;1;0;0;1
83429984;"14/01/16";"Quinta";"17:10:00";"SC";282;"382";"JOACABA";"Ultrapassagem indevida";"Colisão frontal";"Com Vítimas Feridas";"Pleno dia";"Decrescente";"Sol";"Simples";"Reta";"Rural";2;0;1;0;0;1;1;2
83429985;"14/01/16";"Quinta";"13:25:00";"PR";277;"573";"CASCAVEL";"Outras";"Queda de motocicleta / bicicleta / veículo";"Com Vítimas Feridas";"Pleno dia";"Crescente";"Sol";"Simples";"Reta";"Rural";2;0;1;0;1;0;1;2
83429986;"14/01/16";"Quinta";"14:00:00";"BA";116;"929,6";"ENCRUZILHADA";"Não guardar distância de segurança";"Colisão traseira";"Sem Vítimas";"Pleno dia";"Crescente";"Chuva";"Simples";"Reta";"Rural";2;0;0;0;2;0;0;2
83429988;"14/01/16";"Quinta";"15:00:00";"BA";324;"371";"SAO JOSE DO JACUIPE";"Outras";"Saída de Pista";"Com Vítimas Feridas";"Pleno dia";"Crescente";"Nublado";"Simples";"Reta";"Rural";2;0;1;0;1;0;1;2
83429989;"14/01/16";"Quinta";"13:00:00";"MG";262;"797,7";"UBERABA";"Outras";"Saída de Pista";"Com Vítimas Feridas";"Pleno dia";"Decrescente";"Chuva";"Simples";"Reta";"Rural";4;0;2;0;2;0;2;1
83429990;"14/01/16";"Quinta";"18:00:00";"SC";470;"180";"POUSO REDONDO";"Outras";"Colisão com objeto fixo";"Com Vítimas Feridas";"Pleno dia";"Crescente";"Nublado";"Simples";"Reta";"Urbano";1;0;0;1;0;0;1;1
83429991;"14/01/16";"Quinta";"13:15:00";"GO";60;"26";"ALEXANIA";"Outras";"Capotamento";"Com Vítimas Feridas";"Pleno dia";"Crescente";"Chuva";"Dupla";"Reta";"Rural";2;0;1;0;1;0;1;1
83429992;"14/01/16";"Quinta";"18:30:00";"PE";232;"409";"SERRA TALHADA";"Outras";"Atropelamento de pessoa";"Com Vítimas Feridas";"Plena noite";"Decrescente";"Nublado";"Simples";"Reta";"Urbano";2;0;1;0;0;1;1;1
83429993;"14/01/16";"Quinta";"09:35:00";"RO";364;"646";"CANDEIAS DO JAMARI";"Falta de atenção";"Colisão lateral";"Com Vítimas Feridas";"Pleno dia";"Decrescente";"Ceu Claro";"Simples";"Reta";"Rural";2;0;1;0;1;0;1;2
83429995;"14/01/16";"Quinta";"16:40:00";"BA";324;"354";"CAPIM GROSSO";"Falta de atenção";"Colisão Transversal";"Com Vítimas Feridas";"Pleno dia";"Decrescente";"Nublado";"Simples";"Curva";"Urbano";2;0;0;1;0;1;1;2
83429996;"14/01/16";"Quinta";"17:40:00";"ES";101;"2,7";"VITORIA";"Falta de atenção";"Colisão traseira";"Com Vítimas Feridas";"Pleno dia";"Crescente";"Nublado";"Simples";"Reta";"Urbano";2;0;1;0;1;0;1;2
83429997;"14/01/16";"Quinta";"15:00:00";"GO";153;"294,4";"RIALMA";"Velocidade incompatível";"Colisão traseira";"Com Vítimas Feridas";"Pleno dia";"Crescente";"Chuva";"Simples";"Reta";"Rural";4;0;1;1;2;0;2;2
83429999;"14/01/16";"Quinta";"10:30:00";"SC";101;"266,7";"PAULO LOPES";"Velocidade incompatível";"Saída de Pista";"Sem Vítimas";"Pleno dia";"Decrescente";"Chuva";"Dupla";"Reta";"Rural";1;0;0;0;1;0;0;1
83430001;"13/01/16";"Quarta";"22:00:00";"MG";365;"92";"JEQUITAI";"Velocidade incompatível";"Saída de Pista";"Sem Vítimas";"Pleno dia";"Crescente";"Chuva";"Simples";"Reta";"Rural";1;0;0;0;1;0;0;1
83430003;"14/01/16";"Quinta";"20:00:00";"RS";386;"117";"SARANDI";"Defeito mecânico em veículo";"Colisão com objeto móvel";"Sem Vítimas";"Anoitecer";"Crescente";"Ceu Claro";"Simples";"Reta";"Rural";2;0;0;0;2;0;0;2
83430005;"13/01/16";"Quarta";"23:30:00";"RS";153;"350,5";"CACHOEIRA DO SUL";"Outras";"Saída de Pista";"Com Vítimas Feridas";"Plena noite";"Crescente";"Ignorada";"Simples";"Reta";"Rural";1;0;0;1;0;0;1;1
83430007;"14/01/16";"Quinta";"09:30:00";"RN";304;"281";"MACAIBA";"Desobediência à sinalização";"Colisão lateral";"Com Vítimas Feridas";"Pleno dia";"Decrescente";"Ceu Claro";"Simples";"Reta";"Rural";2;0;1;0;1;0;1;2
83430008;"14/01/16";"Quinta";"07:00:00";"ES";259;"51,5";"COLATINA";"Outras";"Tombamento";"Com Vítimas Feridas";"Pleno dia";"Crescente";"Nublado";"Simples";"Reta";"Rural";1;0;0;1;0;0;1;1
83430009;"14/01/16";"Quinta";"17:00:00";"MG";381;"730";"CARMO DA CACHOEIRA";"Velocidade incompatível";"Tombamento";"Sem Vítimas";"Pleno dia";"Crescente";"Nublado";"Dupla";"Curva";"Rural";1;0;0;0;1;0;0;1
83430010;"14/01/16";"Quinta";"17:00:00";"BA";110;"345";"ALAGOINHAS";"Outras";"Capotamento";"Com Vítimas Feridas";"Pleno dia";"Decrescente";"Ceu Claro";"Simples";"Curva";"Rural";5;0;4;0;1;0;4;1
83430011;"14/01/16";"Quinta";"16:20:00";"BA";116;"641,6";"JAGUAQUARA";"Outras";"Tombamento";"Sem Vítimas";"Pleno dia";"Decrescente";"Nublado";"Simples";"Curva";"Rural";1;0;0;0;1;0;0;1
83430012;"14/01/16";"Quinta";"16:00:00";"MG";40;"783,3";"JUIZ DE FORA";"Dormindo";"Saída de Pista";"Com Vítimas Feridas";"Pleno dia";"Crescente";"Nublado";"Dupla";"Curva";"Rural";4;0;3;0;1;0;3;1
83430014;"14/01/16";"Quinta";"16:35:00";"MA";135;"81,7";"ITAPECURU MIRIM";"Outras";"Tombamento";"Com Vítimas Feridas";"Pleno dia";"Crescente";"Chuva";"Simples";"Reta";"Rural";2;0;2;0;0;0;2;1
83430015;"14/01/16";"Quinta";"20:00:00";"MG";251;"360";"PADRE CARVALHO";"Não guardar distância de segurança";"Colisão traseira";"Com Vítimas Feridas";"Plena noite";"Decrescente";"Nublado";"Simples";"Curva";"Rural";6;0;4;0;2;0;4;2
83430017;"14/01/16";"Quinta";"19:00:00";"PA";10;"18";"DOM ELISEU";"Ingestão de álcool";"Colisão lateral";"Sem Vítimas";"Anoitecer";"Crescente";"Chuva";"Simples";"Reta";"Urbano";2;0;0;0;2;0;0;2
83430018;"14/01/16";"Quinta";"22:00:00";"RJ";116;"166";"RIO DE JANEIRO";"Falta de atenção";"Colisão traseira";"Sem Vítimas";"Plena noite";"Crescente";"Nublado";"Múltipla";"Reta";"Urbano";2;0;0;0;2;0;0;2
83430019;"14/01/16";"Quinta";"21:31:00";"MG";365;"611";"UBERLANDIA";"Defeito na via";"Colisão com objeto fixo";"Com Vítimas Feridas";"Pleno dia";"Decrescente";"Chuva";"Dupla";"Reta";"Urbano";4;0;4;0;0;0;4;1
83430020;"14/01/16";"Quinta";"17:40:00";"RO";364;"424";"JARU";"Falta de atenção";"Colisão Transversal";"Com Vítimas Feridas";"Pleno dia";"Decrescente";"Sol";"Simples";"Reta";"Urbano";2;0;1;0;1;0;1;2
83430021;"14/01/16";"Quinta";"21:00:00";"MS";163;"266,6";"DOURADOS";"Outras";"Colisão com objeto fixo";"Com Vítimas Feridas";"Plena noite";"Crescente";"Chuva";"Dupla";"Reta";"Urbano";1;0;0;1;0;0;1;1
83430022;"14/01/16";"Quinta";"11:30:00";"PI";316;"313";"PICOS";"Falta de atenção";"Colisão Transversal";"Com Vítimas Feridas";"Pleno dia";"Decrescente";"Nublado";"Simples";"Cruzamento";"Urbano";2;0;0;1;1;0;1;2
83430023;"14/01/16";"Quinta";"12:45:00";"GO";60;"1";"APARECIDA DE GOIANIA";"Falta de atenção";"Colisão traseira";"Sem Vítimas";"Pleno dia";"Decrescente";"Chuva";"Dupla";"Reta";"Urbano";2;0;0;0;2;0;0;2
83430024;"14/01/16";"Quinta";"08:00:00";"BA";110;"104";"JEREMOABO";"Outras";"Saída de Pista";"Com Vítimas Feridas";"Pleno dia";"Crescente";"Ceu Claro";"Simples";"Reta";"Rural";2;0;1;1;0;0;2;1
83430025;"14/01/16";"Quinta";"19:30:00";"RS";116;"552,1";"CAPAO DO LEAO";"Falta de atenção";"Saída de Pista";"Com Vítimas Feridas";"Pleno dia";"Crescente";"Ceu Claro";"Simples";"Reta";"Rural";1;0;1;0;0;0;1;1
83430026;"14/01/16";"Quinta";"21:10:00";"SP";116;"187,8";"SANTA ISABEL";"Falta de atenção";"Capotamento";"Sem Vítimas";"Plena noite";"Crescente";"Chuva";"Dupla";"Reta";"Urbano";1;0;0;0;1;0;0;1
83430027;"14/01/16";"Quinta";"05:00:00";"MA";135;"251,6";"CAPINZAL DO NORTE";"Dormindo";"Capotamento";"Com Vítimas Fatais";"Plena noite";"Crescente";"Nublado";"Simples";"Reta";"Rural";1;1;0;0;0;0;0;1
83430028;"14/01/16";"Quinta";"07:20:00";"MT";163;"119";"RONDONOPOLIS";"Falta de atenção";"Colisão Transversal";"Com Vítimas Feridas";"Pleno dia";"Crescente";"Ceu Claro";"Dupla";"Reta";"Urbano";2;0;1;0;1;0;1;2
83430029;"10/01/16";"Domingo";"21:00:00";"SE";235;"52";"ITABAIANA";"Ingestão de álcool";"Queda de motocicleta / bicicleta / veículo";"Com Vítimas Feridas";"Plena noite";"Crescente";"Ceu Claro";"Simples";"Reta";"Urbano";1;0;1;0;0;0;1;1
83430030;"14/01/16";"Quinta";"19:50:00";"PR";376;"1,7";"MANDAGUARI";"Ingestão de álcool";"Colisão com objeto fixo";"Sem Vítimas";"Anoitecer";"Decrescente";"Nublado";"Simples";"Curva";"Rural";1;0;0;0;1;0;0;1
83430031;"14/01/16";"Quinta";"16:40:00";"SP";116;"32,7";"CRUZEIRO";"Velocidade incompatível";"Colisão com objeto fixo";"Sem Vítimas";"Pleno dia";"Decrescente";"Chuva";"Dupla";"Reta";"Rural";1;0;0;0;1;0;0;1
83430032;"14/01/16";"Quinta";"18:30:00";"SP";101;"48";"UBATUBA";"Ingestão de álcool";"Colisão lateral";"Com Vítimas Feridas";"Pleno dia";"Decrescente";"Chuva";"Dupla";"Reta";"Urbano";3;0;1;0;2;0;1;2
83430033;"14/01/16";"Quinta";"21:50:00";"SP";116;"211,5";"GUARULHOS";"Outras";"Queda de motocicleta / bicicleta / veículo";"Com Vítimas Feridas";"Plena noite";"Crescente";"Chuva";"Múltipla";"Reta";"Urbano";1;0;0;1;0;0;1;1
83430034;"14/01/16";"Quinta";"16:50:00";"SP";101;"28,4";"UBATUBA";"Ingestão de álcool";"Colisão Transversal";"Com Vítimas Feridas";"Pleno dia";"Decrescente";"Chuva";"Dupla";"Reta";"Urbano";4;0;0;2;2;0;2;2
83430035;"14/01/16";"Quinta";"14:15:00";"RS";153;"390";"CACHOEIRA DO SUL";"Outras";"Saída de Pista";"Com Vítimas Feridas";"Pleno dia";"Crescente";"Sol";"Simples";"Reta";"Rural";4;0;1;0;3;0;1;1
83430036;"14/01/16";"Quinta";"19:45:00";"SC";101;"434,5";"SOMBRIO";"Falta de atenção";"Colisão traseira";"Sem Vítimas";"Pleno dia";"Crescente";"Nublado";"Dupla";"Reta";"Urbano";2;0;0;0;1;1;0;2
83430037;"14/01/16";"Quinta";"19:10:00";"RJ";495;"21";"PETROPOLIS";"Defeito mecânico em veículo";"Colisão frontal";"Com Vítimas Feridas";"Plena noite";"Crescente";"Chuva";"Simples";"Curva";"Urbano";4;0;2;0;2;0;2;2
83430038;"14/01/16";"Quinta";"22:00:00";"PR";116;"103,3";"CURITIBA";"Falta de atenção";"Saída de Pista";"Sem Vítimas";"Plena noite";"Decrescente";"Ceu Claro";"Dupla";"Reta";"Rural";1;0;0;0;1;0;0;1
83430039;"10/01/16";"Domingo";"14:20:00";"SC";101;"207,8";"SAO JOSE";"Falta de atenção";"Colisão lateral";"Com Vítimas Feridas";"Pleno dia";"Decrescente";"Granizo";"Dupla";"Reta";"Urbano";2;0;1;0;1;0;1;2
83430041;"14/01/16";"Quinta";"22:40:00";"MG";381;"879";"ESTIVA";"Outras";"Saída de Pista";"Sem Vítimas";"Plena noite";"Decrescente";"Chuva";"Dupla";"Reta";"Rural";3;0;0;0;3;0;0;1
83430042;"14/01/16";"Quinta";"21:00:00";"BA";116;"767,1";"POCOES";"Dormindo";"Tombamento";"Com Vítimas Feridas";"Plena noite";"Crescente";"Nublado";"Simples";"Reta";"Rural";2;0;2;0;0;0;2;1
83430043;"14/01/16";"Quinta";"14:30:00";"MG";381;"671,5";"PERDOES";"Velocidade incompatível";"Capotamento";"Sem Vítimas";"Pleno dia";"Crescente";"Chuva";"Dupla";"Curva";"Rural";1;0;0;0;1;0;0;1
83430044;"14/01/16";"Quinta";"12:00:00";"MT";158;"452,8";"RIBEIRAO CASCALHEIRA";"Falta de atenção";"Colisão traseira";"Com Vítimas Feridas";"Pleno dia";"Crescente";"Chuva";"Simples";"Reta";"Rural";2;0;1;0;1;0;1;2
83430046;"12/01/16";"Terça";"07:40:00";"BA";116;"869";"VITORIA DA CONQUISTA";"Outras";"Saída de Pista";"Sem Vítimas";"Pleno dia";"Decrescente";"Nublado";"Simples";"Reta";"Rural";1;0;0;0;1;0;0;1
83430047;"14/01/16";"Quinta";"21:00:00";"RJ";116;"139,2";"DUQUE DE CAXIAS";"Outras";"Atropelamento de pessoa";"Com Vítimas Feridas";"Plena noite";"Decrescente";"Chuva";"Dupla";"Reta";"Urbano";2;0;1;0;0;1;1;1
83430048;"15/01/16";"Sexta";"00:30:00";"SC";470;"125";"LONTRAS";"Velocidade incompatível";"Capotamento";"Sem Vítimas";"Plena noite";"Crescente";"Chuva";"Simples";"Curva";"Urbano";1;0;0;0;1;0;0;1
83430049;"14/01/16";"Quinta";"16:30:00";"BA";242;"271";"IBIQUERA";"Velocidade incompatível";"Saída de Pista";"Com Vítimas Feridas";"Pleno dia";"Decrescente";"Nublado";"Simples";"Reta";"Rural";1;0;1;0;0;0;1;1
83430050;"14/01/16";"Quinta";"16:00:00";"PA";316;"2";"ANANINDEUA";"Ingestão de álcool";"Colisão Transversal";"Com Vítimas Feridas";"Pleno dia";"Decrescente";"Nublado";"Dupla";"Reta";"Urbano";2;0;1;0;1;0;1;2
83430051;"14/01/16";"Quinta";"13:00:00";"MT";70;"371";"CAMPO VERDE";"Outras";"Saída de Pista";"Com Vítimas Feridas";"Pleno dia";"Crescente";"Chuva";"Simples";"Reta";"Rural";4;0;0;1;3;0;1;1
83430052;"14/01/16";"Quinta";"13:40:00";"ES";101;"271,2";"SERRA";"Desobediência à sinalização";"Colisão Transversal";"Com Vítimas Feridas";"Pleno dia";"Decrescente";"Ceu Claro";"Múltipla";"Cruzamento";"Urbano";2;0;1;0;1;0;1;2
83430053;"15/01/16";"Sexta";"00:20:00";"SC";282;"233,7";"LAGES";"Dormindo";"Saída de Pista";"Sem Vítimas";"Plena noite";"Decrescente";"Nublado";"Simples";"Reta";"Rural";1;0;0;0;1;0;0;1
83430054;"14/01/16";"Quinta";"22:35:00";"MG";364;"29,9";"FRUTAL";"Falta de atenção";"Colisão traseira";"Sem Vítimas";"Plena noite";"Crescente";"Ceu Claro";"Simples";"Reta";"Rural";4;0;0;0;4;0;0;2
83430055;"14/01/16";"Quinta";"23:30:00";"SP";116;"53,6";"LORENA";"Outras";"Colisão com bicicleta";"Com Vítimas Feridas";"Plena noite";"Crescente";"Chuva";"Dupla";"Reta";"Rural";2;0;0;1;0;1;1;2
83430056;"14/01/16";"Quinta";"22:00:00";"SC";282;"5,4";"SAO JOSE";"Outras";"Capotamento";"Com Vítimas Feridas";"Plena noite";"Crescente";"Chuva";"Dupla";"Curva";"Urbano";2;0;1;0;1;0;1;1
83430057;"15/01/16";"Sexta";"00:15:00";"MS";163;"500";"CAMPO GRANDE";"Falta de atenção";"Colisão traseira";"Sem Vítimas";"Plena noite";"Decrescente";"Ceu Claro";"Simples";"Reta";"Rural";2;0;0;0;2;0;0;2
83430058;"11/01/16";"Segunda";"17:40:00";"BA";324;"612";"SIMOES FILHO";"Falta de atenção";"Colisão traseira";"Sem Vítimas";"Pleno dia";"Crescente";"Ceu Claro";"Dupla";"Reta";"Urbano";4;0;0;0;4;0;0;4
83430059;"14/01/16";"Quinta";"16:30:00";"PR";163;"160,5";"LINDOESTE";"Desobediência à sinalização";"Colisão Transversal";"Sem Vítimas";"Pleno dia";"Decrescente";"Nublado";"Simples";"Reta";"Rural";2;0;0;0;1;1;0;2
83430061;"14/01/16";"Quinta";"14:00:00";"RO";319;"59,5";"PORTO VELHO";"Falta de atenção";"Colisão traseira";"Com Vítimas Feridas";"Pleno dia";"Crescente";"Ceu Claro";"Dupla";"Reta";"Urbano";2;0;2;0;0;0;2;2
83430062;"14/01/16";"Quinta";"17:00:00";"RJ";116;"112";"GUAPIMIRIM";"Outras";"Capotamento";"Com Vítimas Feridas";"Pleno dia";"Crescente";"Chuva";"Simples";"Reta";"Rural";4;0;4;0;0;0;4;1
83430063;"10/01/16";"Domingo";"22:40:00";"GO";153;"360,1";"JARAGUA";"Velocidade incompatível";"Saída de Pista";"Sem Vítimas";"Plena noite";"Decrescente";"Nublado";"Simples";"Reta";"Urbano";1;0;0;0;1;0;0;1
83430064;"14/01/16";"Quinta";"13:00:00";"ES";393;"6";"CACHOEIRO DE ITAPEMIRIM";"Velocidade incompatível";"Saída de Pista";"Com Vítimas Feridas";"Pleno dia";"Decrescente";"Ceu Claro";"Simples";"Curva";"Rural";1;0;0;1;0;0;1;1
83430065;"06/01/16";"Quarta";"10:00:00";"BA";407;"111";"JAGUARARI";"Defeito mecânico em veículo";"Colisão traseira";"Sem Vítimas";"Pleno dia";"Crescente";"Chuva";"Simples";"Reta";"Rural";3;0;0;0;2;1;0;3
83430066;"14/01/16";"Quinta";"11:30:00";"CE";304;"50";"ARACATI";"Outras";"Colisão Transversal";"Com Vítimas Feridas";"Pleno dia";"Crescente";"Nublado";"Simples";"Reta";"Urbano";2;0;1;0;1;0;1;2
83430067;"11/01/16";"Segunda";"05:00:00";"MG";381;"555,2";"ITAGUARA";"Dormindo";"Saída de Pista";"Sem Vítimas";"Plena noite";"Crescente";"Ceu Claro";"Dupla";"Curva";"Rural";1;0;0;0;1;0;0;1
83430068;"12/01/16";"Terça";"22:00:00";"GO";158;"103,5";"PIRANHAS";"Falta de atenção";"Saída de Pista";"Sem Vítimas";"Plena noite";"Decrescente";"Nublado";"Simples";"Curva";"Rural";1;0;0;0;1;0;0;1
83430069;"14/01/16";"Quinta";"12:50:00";"MG";267;"146,8";"LIMA DUARTE";"Velocidade incompatível";"Saída de Pista";"Com Vítimas Fatais";"Pleno dia";"Crescente";"Nublado";"Simples";"Curva";"Rural";2;1;0;0;1;0;0;2
83430070;"15/01/16";"Sexta";"00:50:00";"RS";285;"117,8";"VACARIA";"Falta de atenção";"Atropelamento de pessoa";"Com Vítimas Feridas";"Plena noite";"Crescente";"Ceu Claro";"Simples";"Reta";"Urbano";2;0;1;1;0;0;2;1
83430071;"14/01/16";"Quinta";"12:40:00";"MG";381;"455";"SABARA";"Outras";"Colisão lateral";"Com Vítimas Feridas";"Pleno dia";"Crescente";"Ceu Claro";"Dupla";"Reta";"Urbano";2;0;0;1;1;0;1;2
83430072;"14/01/16";"Quinta";"17:25:00";"MA";316;"579";"CAXIAS";"Animais na Pista";"Atropelamento de animal";"Com Vítimas Feridas";"Pleno dia";"Crescente";"Sol";"Simples";"Curva";"Rural";2;0;0;1;1;0;1;1
83430073;"14/01/16";"Quinta";"21:30:00";"RS";472;"583";"URUGUAIANA";"Animais na Pista";"Atropelamento de animal";"Sem Vítimas";"Plena noite";"Decrescente";"Ceu Claro";"Simples";"Reta";"Rural";1;0;0;0;1;0;0;1
83430074;"15/01/16";"Sexta";"05:00:00";"RS";116;"611,2";"ARROIO GRANDE";"Animais na Pista";"Atropelamento de animal";"Sem Vítimas";"Plena noite";"Decrescente";"Nublado";"Simples";"Reta";"Rural";1;0;0;0;1;0;0;1
83430075;"10/01/16";"Domingo";"19:45:00";"MG";381;"634,3";"OLIVEIRA";"Desobediência à sinalização";"Colisão lateral";"Com Vítimas Feridas";"Plena noite";"Crescente";"Ceu Claro";"Dupla";"Curva";"Urbano";4;0;1;0;3;0;1;2
83430076;"14/01/16";"Quinta";"15:00:00";"MG";116;"257";"TEOFILO OTONI";"Defeito mecânico em veículo";"Queda de motocicleta / bicicleta / veículo";"Com Vítimas Feridas";"Pleno dia";"Crescente";"Sol";"Simples";"Curva";"Rural";1;0;1;0;0;0;1;1
83430077;"14/01/16";"Quinta";"08:00:00";"AC";364;"132";"RIO BRANCO";"Outras";"Queda de motocicleta / bicicleta / veículo";"Com Vítimas Feridas";"Pleno dia";"Crescente";"Ceu Claro";"Dupla";"Curva";"Urbano";2;0;1;0;1;0;1;1
83430079;"14/01/16";"Quinta";"16:40:00";"MG";40;"439,4";"PARAOPEBA";"Dormindo";"Saída de Pista";"Sem Vítimas";"Pleno dia";"Decrescente";"Nublado";"Dupla";"Reta";"Rural";1;0;0;0;1;0;0;1
83430080;"12/01/16";"Terça";"19:00:00";"MG";251;"228,2";"SANTA CRUZ DE SALINAS";"Outras";"Saída de Pista";"Com Vítimas Feridas";"Anoitecer";"Decrescente";"Chuva";"Simples";"Curva";"Rural";1;0;0;1;0;0;1;1
83430081;"14/01/16";"Quinta";"14:00:00";"MG";116;"109,1";"ITAOBIM";"Outras";"Colisão traseira";"Com Vítimas Feridas";"Pleno dia";"Decrescente";"Ceu Claro";"Simples";"Curva";"Rural";2;0;1;0;1;0;1;2
83430082;"14/01/16";"Quinta";"13:20:00";"ES";101;"298";"VIANA";"Não guardar distância de segurança";"Colisão traseira";"Com Vítimas Feridas";"Pleno dia";"Crescente";"Ceu Claro";"Múltipla";"Reta";"Urbano";3;0;1;0;1;1;1;3
83430083;"14/01/16";"Quinta";"18:00:00";"PR";476;"136";"CURITIBA";"Outras";"Atropelamento de pessoa";"Com Vítimas Feridas";"Pleno dia";"Crescente";"Ceu Claro";"Múltipla";"Reta";"Urbano";2;0;2;0;0;0;2;1
83430084;"14/01/16";"Quinta";"23:35:00";"RO";364;"709";"PORTO VELHO";"Falta de atenção";"Colisão Transversal";"Com Vítimas Fatais";"Plena noite";"Decrescente";"Nublado";"Dupla";"Reta";"Urbano";3;1;0;0;0;2;0;2
83430085;"14/01/16";"Quinta";"20:30:00";"PE";101;"104";"CABO DE SANTO AGOSTINHO";"Defeito mecânico em veículo";"Colisão com objeto fixo";"Sem Vítimas";"Plena noite";"Crescente";"Ceu Claro";"Dupla";"Reta";"Rural";1;0;0;0;1;0;0;1
83430086;"14/01/16";"Quinta";"12:00:00";"MG";381;"532,1";"ITATIAIUCU";"Velocidade incompatível";"Capotamento";"Com Vítimas Feridas";"Pleno dia";"Crescente";"Chuva";"Dupla";"Curva";"Rural";1;0;1;0;0;0;1;1
83430087;"11/01/16";"Segunda";"17:20:00";"ES";101;"266";"SERRA";"Outras";"Tombamento";"Com Vítimas Feridas";"Pleno dia";"Crescente";"Ceu Claro";"Múltipla";"Reta";"Urbano";1;0;0;1;0;0;1;1
83430088;"14/01/16";"Quinta";"21:30:00";"RJ";116;"223,3";"PIRAI";"Defeito mecânico em veículo";"Colisão Transversal";"Sem Vítimas";"Pleno dia";"Crescente";"Chuva";"Simples";"Curva";"Rural";2;0;0;0;2;0;0;2
83430089;"15/01/16";"Sexta";"05:00:00";"GO";60;"100,5";"ANAPOLIS";"Outras";"Saída de Pista";"Com Vítimas Feridas";"Amanhecer";"Decrescente";"Chuva";"Dupla";"Reta";"Urbano";4;0;1;1;2;0;2;3
83430090;"15/01/16";"Sexta";"07:00:00";"DF";20;"36,2";"BRASILIA";"Falta de atenção";"Colisão traseira";"Com Vítimas Feridas";"Amanhecer";"Crescente";"Chuva";"Dupla";"Reta";"Rural";4;0;1;0;3;0;1;2
83430092;"15/01/16";"Sexta";"01:17:00";"GO";50;"144";"IPAMERI";"Defeito mecânico em veículo";"Colisão com objeto fixo";"Com Vítimas Feridas";"Plena noite";"Crescente";"Chuva";"Simples";"Reta";"Rural";46;0;4;0;42;0;4;1
83430093;"15/01/16";"Sexta";"07:45:00";"SC";282;"250,3";"LAGES";"Outras";"Incêndio";"Sem Vítimas";"Pleno dia";"Decrescente";"Nublado";"Simples";"Reta";"Rural";1;0;0;0;1;0;0;1
83430094;"15/01/16";"Sexta";"04:30:00";"SC";470;"56";"BLUMENAU";"Desobediência à sinalização";"Tombamento";"Ignorado";"Plena noite";"Decrescente";"Nublado";"Simples";"Reta";"Urbano";1;0;0;0;0;1;0;1
83430095;"14/01/16";"Quinta";"16:30:00";"MT";163;"635,3";"NOVA MUTUM";"Não guardar distância de segurança";"Colisão lateral";"Com Vítimas Feridas";"Pleno dia";"Decrescente";"Nublado";"Simples";"Reta";"Rural";3;0;1;0;2;0;1;2
83430096;"15/01/16";"Sexta";"01:50:00";"MG";381;"568,7";"ITAGUARA";"Falta de atenção";"Colisão traseira";"Sem Vítimas";"Plena noite";"Decrescente";"Chuva";"Dupla";"Reta";"Rural";2;0;0;0;2;0;0;2
83430097;"12/01/16";"Terça";"05:59:00";"SP";116;"112,8";"TAUBATE";"Ingestão de álcool";"Colisão traseira";"Com Vítimas Feridas";"Plena noite";"Crescente";"Chuva";"Dupla";"Reta";"Urbano";3;0;1;0;2;0;1;2
83430098;"14/01/16";"Quinta";"10:00:00";"BA";415;"25";"ILHEUS";"Velocidade incompatível";"Tombamento";"Sem Vítimas";"Pleno dia";"Decrescente";"Ceu Claro";"Simples";"Reta";"Rural";1;0;0;0;1;0;0;1
83430099;"11/01/16";"Segunda";"16:15:00";"PB";230;"5,1";"CABEDELO";"Falta de atenção";"Atropelamento de pessoa";"Com Vítimas Fatais";"Pleno dia";"Crescente";"Ceu Claro";"Dupla";"Reta";"Urbano";2;1;0;1;0;0;1;1
83430101;"11/01/16";"Segunda";"23:30:00";"MG";262;"409";"IGARATINGA";"Defeito mecânico em veículo";"Incêndio";"Sem Vítimas";"Plena noite";"Crescente";"Nublado";"Dupla";"Curva";"Rural";1;0;0;0;1;0;0;1
83430102;"13/01/16";"Quarta";"09:40:00";"MG";40;"799,5";"JUIZ DE FORA";"Velocidade incompatível";"Tombamento";"Sem Vítimas";"Pleno dia";"Crescente";"Nublado";"Dupla";"Curva";"Rural";1;0;0;0;1;0;0;1
83430103;"15/01/16";"Sexta";"07:40:00";"PR";376;"187,2";"MARIALVA";"Falta de atenção";"Colisão lateral";"Com Vítimas Feridas";"Pleno dia";"Crescente";"Sol";"Dupla";"Reta";"Rural";2;0;0;1;1;0;1;2