"id";"data_inversa";"dia_semana";"horario";"uf";"br";"km";"municipio";"causa_acidente";"tipo_acidente";"classificacao_acidente";"fase_dia";"sentido_via";"condicao_metereologica";"tipo_pista";"tracado_via";"uso_solo";"pessoas";"mortos";"feridos_leves";"feridos_graves";"ilesos";"ignorados";"feridos";"veiculos"
83430104;"11/01/16";"Segunda";"09:30:00";"SC";282;"0,7";"FLORIANOPOLIS";"Não guardar distância de segurança";"Colisão traseira";"Com Vítimas Feridas";"Pleno dia";"Decrescente";"Ceu Claro";"Dupla";"Reta";"Urbano";3;0;2;0;1;0;2;2
83430105;"12/01/16";"Terça";"00:45:00";"PR";376;"651";"TIJUCAS DO SUL";"Velocidade incompatível";"Saída de Pista";"Sem Vítimas";"Plena noite";"Decrescente";"Nevoeiro/neblina";"Dupla";"Reta";"Rural";1;0;0;0;1;0;0;1
83430106;"14/01/16";"Quinta";"08:50:00";"BA";116;"68";"CHORROCHO";"Ultrapassagem indevida";"Colisão frontal";"Com Vítimas Fatais";"Pleno dia";"Decrescente";"Ceu Claro";"Simples";"Reta";"Rural";4;1;3;0;0;0;3;2
83430107;"15/01/16";"Sexta";"06:20:00";"BA";242;"220";"ITABERABA";"Velocidade incompatível";"Saída de Pista";"Com Vítimas Feridas";"Amanhecer";"Crescente";"Chuva";"Simples";"Curva";"Rural";4;0;4;0;0;0;4;1
83430109;"12/01/16";"Terça";"01:30:00";"PR";369;"23";"CAMBARA";"Outras";"Atropelamento de animal";"Com Vítimas Feridas";"Plena noite";"Crescente";"Chuva";"Simples";"Reta";"Rural";1;0;1;0;0;0;1;1
83430111;"15/01/16";"Sexta";"06:20:00";"MT";70;"1,2";"BARRA DO GARCAS";"Falta de atenção";"Colisão Transversal";"Sem Vítimas";"Anoitecer";"Decrescente";"Nublado";"Simples";"Reta";"Urbano";3;0;0;0;3;0;0;2
83430112;"15/01/16";"Sexta";"04:30:00";"MG";381;"639,7";"SANTO ANTONIO DO AMPARO";"Outras";"Colisão lateral";"Com Vítimas Feridas";"Plena noite";"Crescente";"Chuva";"Dupla";"Reta";"Rural";2;0;1;0;1;0;1;2
83430113;"10/01/16";"Domingo";"02:35:00";"MT";364;"290";"JACIARA";"Falta de atenção";"Colisão frontal";"Com Vítimas Feridas";"Plena noite";"Crescente";"Chuva";"Simples";"Reta";"Rural";4;0;2;0;2;0;2;2
83430114;"12/01/16";"Terça";"06:50:00";"SC";470;"87,6";"RODEIO";"Falta de atenção";"Colisão Transversal";"Com Vítimas Feridas";"Pleno dia";"Decrescente";"Ceu Claro";"Simples";"Reta";"Rural";2;0;0;1;1;0;1;2
83430115;"08/01/16";"Sexta";"14:30:00";"PE";116;"44";"SALGUEIRO";"Defeito mecânico em veículo";"Tombamento";"Sem Vítimas";"Pleno dia";"Decrescente";"Chuva";"Simples";"Curva";"Rural";1;0;0;0;1;0;0;1
83430116;"15/01/16";"Sexta";"08:10:00";"RJ";116;"186";"QUEIMADOS";"Outras";"Colisão lateral";"Sem Vítimas";"Pleno dia";"Crescente";"Chuva";"Dupla";"Reta";"Urbano";2;0;0;0;1;1;0;2
83430117;"14/01/16";"Quinta";"18:30:00";"MG";381;"672,7";"PERDOES";"Outras";"Saída de Pista";"Sem Vítimas";"Plena noite";"Crescente";"Chuva";"Dupla";"Curva";"Rural";1;0;0;0;1;0;0;1
83430119;"11/01/16";"Segunda";"23:10:00";"SC";101;"248,3";"PAULO LOPES";"Falta de atenção";"Tombamento";"Sem Vítimas";"Plena noite";"Decrescente";"Nublado";"Dupla";"Reta";"Urbano";1;0;0;0;1;0;0;1
83430120;"15/01/16";"Sexta";"09:45:00";"RS";386;"424,6";"MONTENEGRO";"Outras";"Saída de Pista";"Com Vítimas Feridas";"Pleno dia";"Decrescente";"Sol";"Simples";"Reta";"Rural";3;0;2;0;1;0;2;2
83430121;"15/01/16";"Sexta";"07:40:00";"SP";153;"75";"BADY BASSITT";"Outras";"Queda de motocicleta / bicicleta / veículo";"Com Vítimas Feridas";"Pleno dia";"Decrescente";"Chuva";"Simples";"Reta";"Urbano";1;0;1;0;0;0;1;1
83430122;"11/01/16";"Segunda";"06:55:00";"MG";262;"748";"PERDIZES";"Falta de atenção";"Colisão traseira";"Com Vítimas Fatais";"Pleno dia";"Crescente";"Chuva";"Simples";"Reta";"Rural";6;2;2;2;0;0;4;2
83430123;"14/01/16";"Quinta";"08:30:00";"MG";381;"295";"ANTONIO DIAS";"Não guardar distância de segurança";"Colisão lateral";"Sem Vítimas";"Pleno dia";"Decrescente";"Nublado";"Simples";"Curva";"Rural";3;0;0;0;3;0;0;3
83430124;"11/01/16";"Segunda";"12:30:00";"PE";101;"86";"JABOATAO DOS GUARARAPES";"Outras";"Colisão Transversal";"Sem Vítimas";"Pleno dia";"Decrescente";"Ceu Claro";"Simples";"Reta";"Urbano";2;0;0;0;1;1;0;2
83430125;"12/01/16";"Terça";"00:20:00";"PE";232;"100";"BEZERROS";"Dormindo";"Capotamento";"Com Vítimas Feridas";"Plena noite";"Crescente";"Nublado";"Simples";"Reta";"Urbano";4;0;3;0;1;0;3;1
83430126;"07/01/16";"Quinta";"16:30:00";"PR";277;"336,9";"GUARAPUAVA";"Outras";"Colisão com objeto fixo";"Sem Vítimas";"Pleno dia";"Crescente";"Chuva";"Dupla";"Curva";"Rural";1;0;0;0;1;0;0;1
83430128;"15/01/16";"Sexta";"08:20:00";"SC";282;"217,7";"LAGES";"Não guardar distância de segurança";"Colisão traseira";"Sem Vítimas";"Pleno dia";"Crescente";"Nublado";"Simples";"Cruzamento";"Urbano";2;0;0;0;2;0;0;2
83430129;"11/01/16";"Segunda";"21:00:00";"RJ";40;"92";"PETROPOLIS";"Velocidade incompatível";"Saída de Pista";"Sem Vítimas";"Plena noite";"Crescente";"Chuva";"Dupla";"Curva";"Rural";1;0;0;0;1;0;0;1
83430130;"15/01/16";"Sexta";"08:00:00";"MG";40;"514,7";"RIBEIRAO DAS NEVES";"Falta de atenção";"Colisão lateral";"Sem Vítimas";"Plena noite";"Crescente";"Chuva";"Dupla";"Curva";"Rural";2;0;0;0;1;1;0;2
83430132;"15/01/16";"Sexta";"09:50:00";"MG";381;"532";"ITATIAIUCU";"Velocidade incompatível";"Saída de Pista";"Sem Vítimas";"Pleno dia";"Crescente";"Chuva";"Dupla";"Curva";"Rural";1;0;0;0;1;0;0;1
83430133;"02/01/16";"Sábado";"21:40:00";"GO";70;"29";"AGUAS LINDAS DE GOIAS";"Animais na Pista";"Atropelamento de animal";"Sem Vítimas";"Plena noite";"Crescente";"Ceu Claro";"Simples";"Reta";"Rural";5;0;0;0;5;0;0;1
83430134;"11/01/16";"Segunda";"11:50:00";"MG";40;"551";"NOVA LIMA";"Outras";"Queda de motocicleta / bicicleta / veículo";"Com Vítimas Feridas";"Pleno dia";"Decrescente";"Ceu Claro";"Dupla";"Reta";"Urbano";2;0;0;2;0;0;2;1
83430135;"11/01/16";"Segunda";"15:40:00";"PB";230;"17,1";"JOAO PESSOA";"Ultrapassagem indevida";"Colisão lateral";"Sem Vítimas";"Pleno dia";"Decrescente";"Sol";"Dupla";"Curva";"Urbano";2;0;0;0;1;1;0;2
83430136;"15/01/16";"Sexta";"08:00:00";"RS";392;"193,7";"SANTANA DA BOA VISTA";"Defeito mecânico em veículo";"Tombamento";"Com Vítimas Feridas";"Pleno dia";"Crescente";"Ceu Claro";"Simples";"Reta";"Rural";1;0;1;0;0;0;1;1
83430137;"12/01/16";"Terça";"08:50:00";"MG";381;"532,1";"ITATIAIUCU";"Velocidade incompatível";"Capotamento";"Com Vítimas Feridas";"Pleno dia";"Crescente";"Chuva";"Dupla";"Curva";"Rural";1;0;1;0;0;0;1;1
83430138;"15/01/16";"Sexta";"08:00:00";"PR";116;"116";"CURITIBA";"Falta de atenção";"Colisão Transversal";"Com Vítimas Feridas";"Pleno dia";"Decrescente";"Ceu Claro";"Dupla";"Reta";"Urbano";3;0;0;1;2;0;1;3
83430139;"10/01/16";"Domingo";"23:00:00";"PR";376;"645,9";"TIJUCAS DO SUL";"Outras";"Saída de Pista";"Sem Vítimas";"Plena noite";"Crescente";"Nevoeiro/neblina";"Dupla";"Curva";"Rural";1;0;0;0;1;0;0;1
83430140;"15/01/16";"Sexta";"07:10:00";"MG";40;"488";"ESMERALDAS";"Velocidade incompatível";"Capotamento";"Com Vítimas Feridas";"Pleno dia";"Decrescente";"Chuva";"Dupla";"Reta";"Rural";5;0;2;0;3;0;2;1
83430141;"15/01/16";"Sexta";"09:00:00";"SC";282;"440";"IRANI";"Dormindo";"Saída de Pista";"Com Vítimas Feridas";"Pleno dia";"Decrescente";"Ceu Claro";"Simples";"Reta";"Rural";1;0;1;0;0;0;1;1
83430142;"08/01/16";"Sexta";"03:15:00";"RJ";116;"229";"PIRAI";"Outras";"Saída de Pista";"Sem Vítimas";"Plena noite";"Decrescente";"Nublado";"Dupla";"Curva";"Rural";1;0;0;0;1;0;0;1
83430145;"15/01/16";"Sexta";"09:40:00";"MS";163;"270,6";"DOURADOS";"Desobediência à sinalização";"Colisão Transversal";"Sem Vítimas";"Pleno dia";"Decrescente";"Chuva";"Dupla";"Cruzamento";"Rural";2;0;0;0;2;0;0;2
83430146;"15/01/16";"Sexta";"09:30:00";"BA";116;"459";"SANTO ESTEVAO";"Falta de atenção";"Colisão lateral";"Sem Vítimas";"Pleno dia";"Decrescente";"Nublado";"Simples";"Reta";"Urbano";2;0;0;0;2;0;0;2
83430147;"15/01/16";"Sexta";"09:10:00";"RJ";116;"227,2";"PIRAI";"Velocidade incompatível";"Colisão com objeto fixo";"Sem Vítimas";"Pleno dia";"Decrescente";"Chuva";"Dupla";"Curva";"Rural";1;0;0;0;1;0;0;1
83430148;"11/01/16";"Segunda";"23:00:00";"MG";40;"669,5";"CARANDAI";"Velocidade incompatível";"Capotamento";"Com Vítimas Feridas";"Plena noite";"Decrescente";"Ceu Claro";"Simples";"Reta";"Rural";1;0;1;0;0;0;1;1
83430149;"15/01/16";"Sexta";"03:50:00";"RS";116;"350,4";"TAPES";"Outras";"Colisão lateral";"Com Vítimas Fatais";"Plena noite";"Decrescente";"Nublado";"Simples";"Curva";"Rural";2;1;0;0;1;0;0;2
83430150;"15/01/16";"Sexta";"08:30:00";"MG";50;"22";"ARAGUARI";"Velocidade incompatível";"Saída de Pista";"Sem Vítimas";"Pleno dia";"Crescente";"Chuva";"Dupla";"Reta";"Rural";1;0;0;0;1;0;0;1
83430153;"12/01/16";"Terça";"04:40:00";"MG";356;"267,1";"MURIAE";"Dormindo";"Capotamento";"Com Vítimas Feridas";"Plena noite";"Decrescente";"Nublado";"Simples";"Curva";"Urbano";1;0;1;0;0;0;1;1
83430154;"15/01/16";"Sexta";"10:30:00";"MG";381;"927,8";"ITAPEVA";"Velocidade incompatível";"Colisão com objeto fixo";"Sem Vítimas";"Pleno dia";"Crescente";"Chuva";"Dupla";"Curva";"Urbano";1;0;0;0;1;0;0;1
83430155;"11/01/16";"Segunda";"09:20:00";"RJ";116;"222,1";"PIRAI";"Outras";"Tombamento";"Sem Vítimas";"Pleno dia";"Decrescente";"Nublado";"Simples";"Curva";"Rural";2;0;0;0;2;0;0;2
83430156;"11/01/16";"Segunda";"15:00:00";"BA";324;"513";"FEIRA DE SANTANA";"Não guardar distância de segurança";"Colisão traseira";"Com Vítimas Feridas";"Pleno dia";"Crescente";"Sol";"Simples";"Reta";"Urbano";3;0;1;0;2;0;1;3
83430157;"12/01/16";"Terça";"03:00:00";"MG";381;"583,9";"CARMOPOLIS DE MINAS";"Velocidade incompatível";"Colisão com objeto fixo";"Sem Vítimas";"Plena noite";"Crescente";"Chuva";"Dupla";"Curva";"Rural";2;0;0;0;2;0;0;1
83430158;"14/01/16";"Quinta";"07:00:00";"SC";280;"127";"RIO NEGRINHO";"Falta de atenção";"Colisão Transversal";"Com Vítimas Feridas";"Amanhecer";"Decrescente";"Ceu Claro";"Simples";"Cruzamento";"Urbano";2;0;1;0;1;0;1;2
83430159;"15/01/16";"Sexta";"07:50:00";"RR";174;"503";"BOA VISTA";"Falta de atenção";"Colisão traseira";"Com Vítimas Feridas";"Pleno dia";"Crescente";"Ceu Claro";"Dupla";"Reta";"Rural";2;0;1;0;1;0;1;2
83430160;"15/01/16";"Sexta";"08:50:00";"PR";116;"148";"MANDIRITUBA";"Defeito mecânico em veículo";"Derramamento de Carga";"Sem Vítimas";"Pleno dia";"Crescente";"Ceu Claro";"Simples";"Reta";"Rural";1;0;0;0;1;0;0;1
83430161;"15/01/16";"Sexta";"07:25:00";"RS";285;"524,2";"VITORIA DAS MISSOES";"Falta de atenção";"Colisão Transversal";"Com Vítimas Feridas";"Pleno dia";"Decrescente";"Ceu Claro";"Simples";"Reta";"Rural";3;0;1;0;2;0;1;2
83430162;"15/01/16";"Sexta";"07:10:00";"MG";381;"516,2";"IGARAPE";"Velocidade incompatível";"Capotamento";"Com Vítimas Feridas";"Pleno dia";"Decrescente";"Chuva";"Dupla";"Curva";"Rural";3;0;3;0;0;0;3;1
83430163;"14/01/16";"Quinta";"17:30:00";"MG";381;"636,8";"OLIVEIRA";"Velocidade incompatível";"Colisão lateral";"Sem Vítimas";"Plena noite";"Crescente";"Chuva";"Dupla";"Reta";"Rural";2;0;0;0;2;0;0;2
83430164;"13/01/16";"Quarta";"05:20:00";"GO";70;"0,1";"AGUAS LINDAS DE GOIAS";"Velocidade incompatível";"Saída de Pista";"Com Vítimas Feridas";"Plena noite";"Crescente";"Chuva";"Dupla";"Reta";"Rural";2;0;1;0;0;1;1;1
83430165;"05/01/16";"Terça";"11:30:00";"PR";277;"483,5";"NOVA LARANJEIRAS";"Outras";"Capotamento";"Com Vítimas Feridas";"Pleno dia";"Decrescente";"Ceu Claro";"Simples";"Curva";"Rural";1;0;1;0;0;0;1;1
83430166;"11/01/16";"Segunda";"11:40:00";"MG";381;"908";"CAMBUI";"Velocidade incompatível";"Colisão com objeto fixo";"Sem Vítimas";"Pleno dia";"Crescente";"Chuva";"Dupla";"Curva";"Rural";1;0;0;0;1;0;0;1
83430167;"15/01/16";"Sexta";"11:30:00";"RS";116;"153";"CAXIAS DO SUL";"Falta de atenção";"Colisão lateral";"Com Vítimas Feridas";"Pleno dia";"Crescente";"Sol";"Dupla";"Reta";"Urbano";2;0;1;0;1;0;1;2
83430168;"15/01/16";"Sexta";"10:10:00";"ES";101;"280,5";"CARIACICA";"Falta de atenção";"Colisão lateral";"Com Vítimas Feridas";"Pleno dia";"Decrescente";"Nublado";"Dupla";"Reta";"Urbano";3;0;2;0;1;0;2;2
83430169;"08/01/16";"Sexta";"02:40:00";"PR";116;"128,6";"FAZENDA RIO GRANDE";"Outras";"Colisão frontal";"Com Vítimas Fatais";"Plena noite";"Crescente";"Ceu Claro";"Dupla";"Reta";"Urbano";5;1;1;0;3;0;1;2
83430171;"12/01/16";"Terça";"11:30:00";"PR";277;"281,3";"PRUDENTOPOLIS";"Dormindo";"Saída de Pista";"Com Vítimas Feridas";"Pleno dia";"Decrescente";"Nublado";"Simples";"Curva";"Rural";2;0;2;0;0;0;2;1
83430172;"12/01/16";"Terça";"18:40:00";"PR";153;"329,9";"IRATI";"Velocidade incompatível";"Colisão com objeto fixo";"Sem Vítimas";"Pleno dia";"Crescente";"Ceu Claro";"Dupla";"Reta";"Urbano";2;0;0;0;1;1;0;2
83430173;"11/01/16";"Segunda";"16:45:00";"PR";476;"119,5";"COLOMBO";"Falta de atenção";"Atropelamento de pessoa";"Com Vítimas Fatais";"Pleno dia";"Crescente";"Nublado";"Múltipla";"Reta";"Urbano";2;1;0;0;1;0;0;1
83430175;"15/01/16";"Sexta";"12:30:00";"PR";163;"15,9";"BOM JESUS DO SUL";"Falta de atenção";"Colisão frontal";"Com Vítimas Feridas";"Pleno dia";"Decrescente";"Nublado";"Simples";"Cruzamento";"Urbano";3;0;2;0;1;0;2;2
83430177;"15/01/16";"Sexta";"11:45:00";"MG";50;"157,4";"UBERABA";"Velocidade incompatível";"Colisão com objeto fixo";"Sem Vítimas";"Pleno dia";"Decrescente";"Chuva";"Dupla";"Cruzamento";"Rural";1;0;0;0;1;0;0;1
83430178;"06/01/16";"Quarta";"18:15:00";"RS";386;"345,4";"LAJEADO";"Velocidade incompatível";"Colisão lateral";"Com Vítimas Feridas";"Pleno dia";"Decrescente";"Ceu Claro";"Dupla";"Reta";"Urbano";2;0;0;1;1;0;1;2
83430179;"15/01/16";"Sexta";"10:00:00";"MS";163;"656";"RIO VERDE DE MATO GROSSO";"Velocidade incompatível";"Saída de Pista";"Sem Vítimas";"Pleno dia";"Crescente";"Chuva";"Simples";"Curva";"Rural";2;0;0;0;2;0;0;1
83430180;"15/01/16";"Sexta";"09:40:00";"PE";408;"92";"SAO LOURENCO DA MATA";"Animais na Pista";"Atropelamento de animal";"Sem Vítimas";"Pleno dia";"Decrescente";"Ceu Claro";"Dupla";"Reta";"Rural";3;0;0;0;3;0;0;1
83430181;"11/01/16";"Segunda";"13:30:00";"PA";316;"139";"OUREM";"Falta de atenção";"Capotamento";"Com Vítimas Feridas";"Pleno dia";"Crescente";"Ceu Claro";"Simples";"Reta";"Rural";5;0;2;0;0;3;2;1
83430182;"12/01/16";"Terça";"04:15:00";"RS";116;"566,4";"PEDRO OSORIO";"Animais na Pista";"Saída de Pista";"Com Vítimas Feridas";"Plena noite";"Crescente";"Nublado";"Simples";"Reta";"Rural";6;0;1;0;5;0;1;1
83430183;"15/01/16";"Sexta";"06:30:00";"GO";60;"264,5";"JANDAIA";"Velocidade incompatível";"Capotamento";"Ignorado";"Pleno dia";"Crescente";"Chuva";"Dupla";"Reta";"Rural";1;0;0;0;0;1;0;1
83430184;"15/01/16";"Sexta";"10:00:00";"PB";230;"17,5";"JOAO PESSOA";"Desobediência à sinalização";"Colisão Transversal";"Sem Vítimas";"Pleno dia";"Crescente";"Ceu Claro";"Dupla";"Curva";"Urbano";2;0;0;0;1;1;0;2
83430185;"15/01/16";"Sexta";"12:10:00";"ES";262;"110";"VENDA NOVA DO IMIGRANTE";"Falta de atenção";"Colisão Transversal";"Com Vítimas Feridas";"Pleno dia";"Crescente";"Ceu Claro";"Simples";"Reta";"Urbano";2;0;1;0;1;0;1;2
83430186;"12/01/16";"Terça";"01:00:00";"MT";163;"792";"SINOP";"Animais na Pista";"Atropelamento de animal";"Com Vítimas Feridas";"Plena noite";"Decrescente";"Ceu Claro";"Simples";"Reta";"Rural";4;0;2;2;0;0;4;1
83430188;"03/01/16";"Domingo";"05:00:00";"MS";262;"634";"MIRANDA";"Dormindo";"Saída de Pista";"Com Vítimas Feridas";"Amanhecer";"Decrescente";"Ceu Claro";"Simples";"Reta";"Rural";1;0;1;0;0;0;1;1
83430189;"15/01/16";"Sexta";"11:35:00";"RN";304;"33,7";"MOSSORO";"Defeito mecânico em veículo";"Queda de motocicleta / bicicleta / veículo";"Com Vítimas Feridas";"Pleno dia";"Decrescente";"Nublado";"Dupla";"Reta";"Urbano";2;0;2;0;0;0;2;1
83430190;"12/01/16";"Terça";"03:20:00";"RJ";40;"64";"PETROPOLIS";"Ingestão de álcool";"Queda de motocicleta / bicicleta / veículo";"Com Vítimas Feridas";"Plena noite";"Crescente";"Chuva";"Simples";"Reta";"Rural";1;0;0;1;0;0;1;1
83430191;"15/01/16";"Sexta";"10:45:00";"RJ";354;"6";"RESENDE";"Outras";"Colisão frontal";"Com Vítimas Feridas";"Pleno dia";"Crescente";"Chuva";"Simples";"Curva";"Rural";2;0;0;1;1;0;1;2
83430192;"09/01/16";"Sábado";"03:00:00";"SC";101;"78,3";"ARAQUARI";"Falta de atenção";"Colisão com objeto fixo";"Sem Vítimas";"Plena noite";"Crescente";"Nublado";"Simples";"Reta";"Rural";1;0;0;0;1;0;0;1
83430193;"15/01/16";"Sexta";"13:40:00";"GO";60;"97,1";"ANAPOLIS";"Velocidade incompatível";"Colisão traseira";"Sem Vítimas";"Pleno dia";"Decrescente";"Nublado";"Dupla";"Reta";"Urbano";2;0;0;0;2;0;0;2
83430194;"15/01/16";"Sexta";"13:45:00";"PR";376;"311,6";"ORTIGUEIRA";"Defeito mecânico em veículo";"Saída de Pista";"Sem Vítimas";"Pleno dia";"Crescente";"Ceu Claro";"Simples";"Curva";"Rural";1;0;0;0;1;0;0;1
83430195;"15/01/16";"Sexta";"13:00:00";"MG";116;"146,7";"PONTO DOS VOLANTES";"Falta de atenção";"Colisão lateral";"Com Vítimas Feridas";"Pleno dia";"Decrescente";"Ceu Claro";"Simples";"Reta";"Rural";4;0;3;0;1;0;3;2
83430196;"14/01/16";"Quinta";"06:05:00";"MG";50;"21";"ARAGUARI";"Defeito mecânico em veículo";"Incêndio";"Sem Vítimas";"Amanhecer";"Decrescente";"Chuva";"Dupla";"Reta";"Rural";1;0;0;0;1;0;0;1
83430197;"15/01/16";"Sexta";"12:05:00";"MG";381;"496,3";"BETIM";"Outras";"Colisão com objeto fixo";"Com Vítimas Feridas";"Pleno dia";"Decrescente";"Chuva";"Dupla";"Reta";"Urbano";1;0;1;0;0;0;1;1
83430199;"07/01/16";"Quinta";"12:00:00";"TO";226;"66";"WANDERLANDIA";"Defeito na via";"Saída de Pista";"Com Vítimas Feridas";"Pleno dia";"Crescente";"Nublado";"Simples";"Reta";"Rural";4;0;3;0;1;0;3;1
83430200;"15/01/16";"Sexta";"14:00:00";"RJ";101;"274";"TANGUA";"Outras";"Saída de Pista";"Com Vítimas Feridas";"Pleno dia";"Crescente";"Nublado";"Dupla";"Reta";"Urbano";1;0;1;0;0;0;1;1
83430202;"15/01/16";"Sexta";"11:00:00";"MG";381;"319,1";"NOVA ERA";"Velocidade incompatível";"Colisão frontal";"Com Vítimas Feridas";"Pleno dia";"Crescente";"Chuva";"Simples";"Curva";"Rural";4;0;4;0;0;0;4;2
83430203;"15/01/16";"Sexta";"09:00:00";"MG";381;"344";"BELA VISTA DE MINAS";"Velocidade incompatível";"Saída de Pista";"Com Vítimas Feridas";"Amanhecer";"Decrescente";"Chuva";"Simples";"Curva";"Rural";1;0;1;0;0;0;1;1
83430205;"15/01/16";"Sexta";"13:10:00";"PE";101;"77,4";"RECIFE";"Não guardar distância de segurança";"Colisão lateral";"Sem Vítimas";"Pleno dia";"Decrescente";"Ceu Claro";"Dupla";"Reta";"Urbano";3;0;0;0;2;1;0;3
83430206;"11/01/16";"Segunda";"16:40:00";"PE";101;"58,9";"RECIFE";"Não guardar distância de segurança";"Colisão traseira";"Com Vítimas Feridas";"Pleno dia";"Decrescente";"Nublado";"Múltipla";"Reta";"Rural";5;0;0;1;4;0;1;2
83430209;"15/01/16";"Sexta";"09:00:00";"MG";381;"344";"BELA VISTA DE MINAS";"Velocidade incompatível";"Capotamento";"Com Vítimas Feridas";"Amanhecer";"Crescente";"Chuva";"Simples";"Curva";"Rural";7;0;1;0;6;0;1;4
83430211;"15/01/16";"Sexta";"12:00:00";"SP";116;"513,6";"CAJATI";"Velocidade incompatível";"Colisão com objeto fixo";"Sem Vítimas";"Pleno dia";"Decrescente";"Nublado";"Simples";"Curva";"Rural";1;0;0;0;1;0;0;1
83430212;"15/01/16";"Sexta";"14:20:00";"MG";381;"526";"BRUMADINHO";"Dormindo";"Capotamento";"Com Vítimas Feridas";"Pleno dia";"Crescente";"Chuva";"Dupla";"Curva";"Rural";1;0;1;0;0;0;1;1
83430214;"15/01/16";"Sexta";"13:00:00";"MG";135;"593";"CORINTO";"Falta de atenção";"Colisão lateral";"Com Vítimas Feridas";"Pleno dia";"Decrescente";"Chuva";"Simples";"Reta";"Rural";2;0;1;0;1;0;1;2
83430215;"15/01/16";"Sexta";"08:45:00";"RS";293;"72,1";"PIRATINI";"Defeito mecânico em veículo";"Saída de Pista";"Sem Vítimas";"Pleno dia";"Decrescente";"Ceu Claro";"Simples";"Curva";"Rural";1;0;0;0;1;0;0;1
83430216;"15/01/16";"Sexta";"15:30:00";"MG";381;"931,3";"EXTREMA";"Velocidade incompatível";"Saída de Pista";"Sem Vítimas";"Pleno dia";"Decrescente";"Chuva";"Dupla";"Curva";"Rural";1;0;0;0;1;0;0;1
83430218;"15/01/16";"Sexta";"10:55:00";"CE";116;"68,8";"CHOROZINHO";"Falta de atenção";"Colisão traseira";"Com Vítimas Feridas";"Pleno dia";"Decrescente";"Nublado";"Simples";"Reta";"Rural";2;0;0;1;1;0;1;2
83430220;"15/01/16";"Sexta";"16:30:00";"SP";488;"4";"APARECIDA";"Falta de atenção";"Colisão Transversal";"Com Vítimas Feridas";"Pleno dia";"Crescente";"Chuva";"Dupla";"Reta";"Urbano";2;0;1;0;1;0;1;2
83430221;"14/01/16";"Quinta";"20:20:00";"BA";242;"202";"ITABERABA";"Falta de atenção";"Colisão frontal";"Com Vítimas Fatais";"Plena noite";"Crescente";"Chuva";"Simples";"Reta";"Rural";3;1;0;0;2;0;0;2
83430222;"15/01/16";"Sexta";"09:35:00";"MS";163;"225,6";"CAARAPO";"Não guardar distância de segurança";"Colisão lateral";"Com Vítimas Feridas";"Pleno dia";"Crescente";"Nublado";"Dupla";"Reta";"Urbano";4;0;1;0;3;0;1;2
83430223;"15/01/16";"Sexta";"13:00:00";"PA";316;"40";"SANTA ISABEL DO PARA";"Dormindo";"Tombamento";"Com Vítimas Feridas";"Pleno dia";"Crescente";"Ceu Claro";"Dupla";"Reta";"Rural";1;0;1;0;0;0;1;1
83430224;"15/01/16";"Sexta";"12:30:00";"RJ";101;"328";"NITEROI";"Velocidade incompatível";"Capotamento";"Com Vítimas Feridas";"Pleno dia";"Crescente";"Nublado";"Dupla";"Reta";"Urbano";1;0;0;1;0;0;1;1
83430225;"12/01/16";"Terça";"15:00:00";"MG";135;"628,2";"CURVELO";"Defeito mecânico em veículo";"Saída de Pista";"Com Vítimas Feridas";"Pleno dia";"Decrescente";"Chuva";"Simples";"Curva";"Rural";1;0;1;0;0;0;1;1
83430226;"15/01/16";"Sexta";"16:55:00";"RS";290;"32,4";"SANTO ANTONIO DA PATRULHA";"Outras";"Colisão lateral";"Com Vítimas Fatais";"Pleno dia";"Decrescente";"Sol";"Dupla";"Reta";"Rural";2;1;0;0;1;0;0;2
83430227;"15/01/16";"Sexta";"15:55:00";"RS";285;"455,5";"IJUI";"Não guardar distância de segurança";"Colisão traseira";"Sem Vítimas";"Pleno dia";"Crescente";"Sol";"Simples";"Reta";"Rural";4;0;0;0;4;0;0;4
83430228;"15/01/16";"Sexta";"03:50:00";"SP";116;"87";"ROSEIRA";"Falta de atenção";"Colisão com objeto fixo";"Sem Vítimas";"Pleno dia";"Crescente";"Chuva";"Múltipla";"Reta";"Urbano";1;0;0;0;1;0;0;1
83430230;"15/01/16";"Sexta";"12:30:00";"BA";242;"824";"BARREIRAS";"Velocidade incompatível";"Saída de Pista";"Sem Vítimas";"Pleno dia";"Decrescente";"Chuva";"Simples";"Reta";"Rural";3;0;0;0;3;0;0;1
83430231;"10/01/16";"Domingo";"03:30:00";"MT";364;"266";"SAO PEDRO DA CIPA";"Velocidade incompatível";"Tombamento";"Ignorado";"Plena noite";"Decrescente";"Chuva";"Simples";"Reta";"Urbano";1;0;0;0;0;1;0;1
83430233;"15/01/16";"Sexta";"11:30:00";"PE";232;"78";"GRAVATA";"Falta de atenção";"Colisão traseira";"Com Vítimas Feridas";"Pleno dia";"Crescente";"Sol";"Simples";"Reta";"Urbano";2;0;1;0;1;0;1;2
83430235;"15/01/16";"Sexta";"16:00:00";"PE";104;"61";"CARUARU";"Falta de atenção";"Colisão traseira";"Com Vítimas Feridas";"Pleno dia";"Decrescente";"Nublado";"Simples";"Reta";"Urbano";3;0;1;0;2;0;1;2
83430236;"15/01/16";"Sexta";"17:10:00";"PR";116;"98,5";"SAO JOSE DOS PINHAIS";"Velocidade incompatível";"Colisão com objeto fixo";"Ignorado";"Pleno dia";"Decrescente";"Ceu Claro";"Dupla";"Reta";"Urbano";1;0;0;0;0;1;0;1