"id";"data_inversa";"dia_semana";"horario";"uf";"br";"km";"municipio";"causa_acidente";"tipo_acidente";"classificacao_acidente";"fase_dia";"sentido_via";"condicao_metereologica";"tipo_pista";"tracado_via";"uso_solo";"pessoas";"mortos";"feridos_leves";"feridos_graves";"ilesos";"ignorados";"feridos";"veiculos"
83430487;"16/01/16";"Sábado";"08:40:00";"CE";116;"68,7";"CHOROZINHO";"Falta de atenção";"Colisão frontal";"Com Vítimas Feridas";"Amanhecer";"Decrescente";"Nublado";"Simples";"Reta";"Urbano";2;0;0;1;1;0;1;2
83430488;"16/01/16";"Sábado";"10:15:00";"MG";135;"370";"MONTES CLAROS";"Velocidade incompatível";"Colisão com objeto fixo";"Sem Vítimas";"Pleno dia";"Decrescente";"Chuva";"Simples";"Reta";"Urbano";1;0;0;0;1;0;0;1
83430489;"16/01/16";"Sábado";"09:30:00";"RS";158;"95,5";"PALMEIRA DAS MISSOES";"Desobediência à sinalização";"Colisão Transversal";"Com Vítimas Fatais";"Pleno dia";"Crescente";"Sol";"Simples";"Cruzamento";"Rural";4;1;0;2;1;0;2;2
83430490;"14/01/16";"Quinta";"02:40:00";"MG";381;"532";"ITATIAIUCU";"Velocidade incompatível";"Capotamento";"Com Vítimas Feridas";"Plena noite";"Decrescente";"Chuva";"Dupla";"Curva";"Rural";2;0;2;0;0;0;2;1
83430492;"12/01/16";"Terça";"17:00:00";"MG";381;"343";"BELA VISTA DE MINAS";"Falta de atenção";"Atropelamento de pessoa";"Com Vítimas Feridas";"Pleno dia";"Crescente";"Chuva";"Simples";"Curva";"Rural";2;0;0;1;1;0;1;1
83430493;"16/01/16";"Sábado";"10:30:00";"CE";222;"9";"CAUCAIA";"Falta de atenção";"Colisão lateral";"Com Vítimas Feridas";"Pleno dia";"Decrescente";"Nublado";"Dupla";"Curva";"Urbano";3;0;2;0;1;0;2;2
83430494;"16/01/16";"Sábado";"06:20:00";"MT";364;"126";"ALTO GARCAS";"Falta de atenção";"Tombamento";"Sem Vítimas";"Amanhecer";"Decrescente";"Ceu Claro";"Simples";"Reta";"Rural";1;0;0;0;1;0;0;1
83430495;"16/01/16";"Sábado";"11:20:00";"ES";101;"323";"GUARAPARI";"Dormindo";"Saída de Pista";"Com Vítimas Feridas";"Pleno dia";"Decrescente";"Nublado";"Simples";"Reta";"Rural";2;0;1;0;1;0;1;1
83430496;"16/01/16";"Sábado";"09:35:00";"PA";316;"18";"BENEVIDES";"Falta de atenção";"Colisão lateral";"Sem Vítimas";"Amanhecer";"Crescente";"Ceu Claro";"Dupla";"Reta";"Urbano";2;0;0;0;2;0;0;2
83430497;"13/01/16";"Quarta";"03:15:00";"PE";232;"132,4";"CARUARU";"Animais na Pista";"Atropelamento de animal";"Com Vítimas Feridas";"Plena noite";"Crescente";"Ceu Claro";"Dupla";"Reta";"Urbano";3;0;1;0;2;0;1;1
83430498;"16/01/16";"Sábado";"09:00:00";"GO";60;"111";"GOIANAPOLIS";"Outras";"Saída de Pista";"Sem Vítimas";"Pleno dia";"Decrescente";"Chuva";"Dupla";"Curva";"Rural";1;0;0;0;1;0;0;1
83430500;"16/01/16";"Sábado";"08:30:00";"RJ";40;"0";"COMENDADOR LEVY GASPARIAN";"Velocidade incompatível";"Colisão com objeto fixo";"Com Vítimas Feridas";"Pleno dia";"Crescente";"Chuva";"Dupla";"Curva";"Rural";5;0;5;0;0;0;5;1
83430501;"11/01/16";"Segunda";"15:50:00";"RJ";101;"80";"CAMPOS DOS GOYTACAZES";"Outras";"Colisão frontal";"Com Vítimas Fatais";"Pleno dia";"Decrescente";"Ceu Claro";"Simples";"Reta";"Rural";3;1;0;2;0;0;2;2
83430502;"05/01/16";"Terça";"20:30:00";"TO";153;"405";"MIRANORTE";"Outras";"Colisão Transversal";"Com Vítimas Feridas";"Plena noite";"Crescente";"Chuva";"Simples";"Reta";"Rural";2;0;1;0;0;1;1;2
83430503;"16/01/16";"Sábado";"10:30:00";"PR";376;"636";"TIJUCAS DO SUL";"Velocidade incompatível";"Saída de Pista";"Com Vítimas Feridas";"Pleno dia";"Decrescente";"Nublado";"Dupla";"Curva";"Rural";1;0;1;0;0;0;1;1
83430504;"16/01/16";"Sábado";"13:20:00";"SC";101;"25";"JOINVILLE";"Não guardar distância de segurança";"Colisão traseira";"Com Vítimas Feridas";"Pleno dia";"Decrescente";"Ceu Claro";"Simples";"Reta";"Rural";4;0;1;0;2;1;1;3
83430505;"16/01/16";"Sábado";"08:20:00";"CE";222;"278";"FRECHEIRINHA";"Desobediência à sinalização";"Colisão Transversal";"Com Vítimas Feridas";"Pleno dia";"Decrescente";"Ceu Claro";"Simples";"Reta";"Rural";2;0;0;1;1;0;1;2
83430506;"13/01/16";"Quarta";"03:00:00";"TO";153;"327";"GUARAI";"Ingestão de álcool";"Colisão Transversal";"Com Vítimas Feridas";"Plena noite";"Decrescente";"Chuva";"Simples";"Reta";"Rural";2;0;1;0;1;0;1;2
83430507;"16/01/16";"Sábado";"12:20:00";"MG";153;"186";"FRUTAL";"Outras";"Saída de Pista";"Sem Vítimas";"Pleno dia";"Decrescente";"Chuva";"Simples";"Curva";"Rural";1;0;0;0;1;0;0;1
83430508;"16/01/16";"Sábado";"06:55:00";"MG";40;"474,6";"SETE LAGOAS";"Outras";"Saída de Pista";"Com Vítimas Feridas";"Pleno dia";"Decrescente";"Chuva";"Dupla";"Curva";"Rural";1;0;1;0;0;0;1;1
83430509;"16/01/16";"Sábado";"08:50:00";"MG";116;"686,1";"MIRADOURO";"Velocidade incompatível";"Colisão com objeto fixo";"Sem Vítimas";"Pleno dia";"Decrescente";"Chuva";"Simples";"Curva";"Rural";1;0;0;0;1;0;0;1
83430510;"16/01/16";"Sábado";"08:20:00";"RS";116;"148,9";"CAXIAS DO SUL";"Defeito mecânico em veículo";"Saída de Pista";"Sem Vítimas";"Pleno dia";"Crescente";"Sol";"Múltipla";"Reta";"Urbano";1;0;0;0;1;0;0;1
83430511;"16/01/16";"Sábado";"05:50:00";"MG";40;"419,7";"CURVELO";"Falta de atenção";"Colisão lateral";"Com Vítimas Feridas";"Plena noite";"Decrescente";"Chuva";"Simples";"Reta";"Rural";2;0;1;0;1;0;1;2
83430512;"06/01/16";"Quarta";"19:45:00";"PA";316;"0";"BELEM";"Não guardar distância de segurança";"Colisão lateral";"Sem Vítimas";"Plena noite";"Crescente";"Ignorada";"Dupla";"Curva";"Urbano";2;0;0;0;2;0;0;2
83430513;"13/01/16";"Quarta";"05:10:00";"DF";20;"22";"BRASILIA";"Outras";"Colisão com objeto fixo";"Com Vítimas Feridas";"Plena noite";"Crescente";"Chuva";"Dupla";"Curva";"Rural";2;0;2;0;0;0;2;1
83430514;"16/01/16";"Sábado";"10:40:00";"GO";60;"393";"RIO VERDE";"Defeito mecânico em veículo";"Derramamento de Carga";"Sem Vítimas";"Pleno dia";"Decrescente";"Nublado";"Dupla";"Curva";"Rural";1;0;0;0;1;0;0;1
83430517;"16/01/16";"Sábado";"10:29:00";"RS";386;"387";"TRIUNFO";"Outras";"Queda de motocicleta / bicicleta / veículo";"Com Vítimas Feridas";"Pleno dia";"Crescente";"Ceu Claro";"Dupla";"Curva";"Urbano";1;0;1;0;0;0;1;1
83430519;"16/01/16";"Sábado";"11:50:00";"RS";392;"62";"PELOTAS";"Não guardar distância de segurança";"Colisão traseira";"Sem Vítimas";"Pleno dia";"Crescente";"Ceu Claro";"Simples";"Cruzamento";"Urbano";2;0;0;0;2;0;0;2
83430520;"16/01/16";"Sábado";"11:30:00";"RJ";116;"139";"DUQUE DE CAXIAS";"Defeito mecânico em veículo";"Atropelamento de pessoa";"Com Vítimas Feridas";"Pleno dia";"Crescente";"Ceu Claro";"Dupla";"Reta";"Urbano";2;0;1;0;1;0;1;1
83430521;"16/01/16";"Sábado";"08:30:00";"MG";262;"442,7";"NOVA SERRANA";"Velocidade incompatível";"Colisão com objeto fixo";"Com Vítimas Feridas";"Pleno dia";"Decrescente";"Chuva";"Dupla";"Curva";"Urbano";2;0;2;0;0;0;2;1
83430522;"16/01/16";"Sábado";"14:20:00";"RS";101;"65";"MAQUINE";"Não guardar distância de segurança";"Colisão traseira";"Sem Vítimas";"Pleno dia";"Decrescente";"Ceu Claro";"Dupla";"Reta";"Rural";7;0;0;0;7;0;0;2
83430523;"16/01/16";"Sábado";"09:05:00";"RS";290;"215";"PANTANO GRANDE";"Falta de atenção";"Colisão Transversal";"Sem Vítimas";"Pleno dia";"Decrescente";"Ceu Claro";"Simples";"Reta";"Rural";5;0;0;0;5;0;0;2
83430524;"14/01/16";"Quinta";"16:10:00";"RS";290;"716";"URUGUAIANA";"Não guardar distância de segurança";"Colisão traseira";"Sem Vítimas";"Pleno dia";"Decrescente";"Ceu Claro";"Simples";"Reta";"Rural";5;0;0;0;5;0;0;2
83430525;"16/01/16";"Sábado";"11:10:00";"MG";381;"525";"BRUMADINHO";"Velocidade incompatível";"Colisão com objeto fixo";"Sem Vítimas";"Pleno dia";"Crescente";"Chuva";"Dupla";"Reta";"Rural";1;0;0;0;1;0;0;1
83430526;"13/01/16";"Quarta";"22:40:00";"MG";381;"479,4";"CONTAGEM";"Falta de atenção";"Danos Eventuais";"Com Vítimas Feridas";"Plena noite";"Crescente";"Nublado";"Dupla";"Reta";"Urbano";1;0;1;0;0;0;1;1
83430527;"16/01/16";"Sábado";"12:30:00";"MG";40;"245,1";"SAO GONCALO DO ABAETE";"Velocidade incompatível";"Saída de Pista";"Sem Vítimas";"Pleno dia";"Crescente";"Chuva";"Simples";"Curva";"Rural";1;0;0;0;1;0;0;1
83430528;"16/01/16";"Sábado";"13:40:00";"SC";101;"239,3";"PALHOCA";"Outras";"Saída de Pista";"Com Vítimas Feridas";"Pleno dia";"Crescente";"Ceu Claro";"Dupla";"Curva";"Urbano";2;0;1;1;0;0;2;1
83430529;"16/01/16";"Sábado";"09:45:00";"PI";343;"14";"PARNAIBA";"Falta de atenção";"Colisão com bicicleta";"Com Vítimas Feridas";"Pleno dia";"Decrescente";"Ceu Claro";"Dupla";"Reta";"Urbano";2;0;1;0;0;1;1;2
83430530;"16/01/16";"Sábado";"13:30:00";"PR";369;"191,8";"ARAPONGAS";"Outras";"Capotamento";"Com Vítimas Feridas";"Pleno dia";"Decrescente";"Sol";"Dupla";"Reta";"Rural";4;0;0;4;0;0;4;1
83430531;"16/01/16";"Sábado";"12:15:00";"PR";116;"0,4";"CAMPINA GRANDE DO SUL";"Velocidade incompatível";"Capotamento";"Com Vítimas Feridas";"Pleno dia";"Decrescente";"Sol";"Dupla";"Curva";"Rural";1;0;1;0;0;0;1;1
83430532;"16/01/16";"Sábado";"12:40:00";"RS";116;"530,3";"CAPAO DO LEAO";"Falta de atenção";"Colisão Transversal";"Sem Vítimas";"Pleno dia";"Crescente";"Ceu Claro";"Simples";"Reta";"Rural";2;0;0;0;2;0;0;2
83430533;"16/01/16";"Sábado";"14:20:00";"PR";376;"180,3";"MARINGA";"Outras";"Queda de motocicleta / bicicleta / veículo";"Com Vítimas Feridas";"Pleno dia";"Crescente";"Ceu Claro";"Dupla";"Curva";"Urbano";1;0;1;0;0;0;1;1
83430534;"16/01/16";"Sábado";"14:00:00";"BA";101;"724,1";"EUNAPOLIS";"Velocidade incompatível";"Tombamento";"Com Vítimas Feridas";"Pleno dia";"Crescente";"Nublado";"Simples";"Curva";"Rural";2;0;2;0;0;0;2;1
83430535;"16/01/16";"Sábado";"13:20:00";"MG";381;"301";"ANTONIO DIAS";"Velocidade incompatível";"Saída de Pista";"Com Vítimas Feridas";"Pleno dia";"Crescente";"Chuva";"Simples";"Curva";"Rural";4;0;4;0;0;0;4;1
83430536;"16/01/16";"Sábado";"08:00:00";"PR";376;"183";"SARANDI";"Desobediência à sinalização";"Colisão Transversal";"Com Vítimas Feridas";"Pleno dia";"Crescente";"Ceu Claro";"Dupla";"Reta";"Urbano";2;0;1;0;1;0;1;2
83430537;"16/01/16";"Sábado";"13:48:00";"RS";285;"437";"BOZANO";"Não guardar distância de segurança";"Colisão lateral";"Com Vítimas Feridas";"Pleno dia";"Crescente";"Sol";"Simples";"Reta";"Rural";2;0;1;0;1;0;1;2
83430538;"16/01/16";"Sábado";"13:30:00";"PR";277;"132,7";"BALSA NOVA";"Falta de atenção";"Colisão Transversal";"Sem Vítimas";"Pleno dia";"Crescente";"Ceu Claro";"Múltipla";"Curva";"Rural";2;0;0;0;2;0;0;2
83430539;"16/01/16";"Sábado";"11:00:00";"PR";369;"172,8";"ROLANDIA";"Não guardar distância de segurança";"Colisão traseira";"Com Vítimas Feridas";"Pleno dia";"Crescente";"Ceu Claro";"Simples";"Cruzamento";"Urbano";5;0;1;0;4;0;1;3
83430540;"16/01/16";"Sábado";"12:40:00";"CE";116;"502,4";"BREJO SANTO";"Falta de atenção";"Colisão Transversal";"Com Vítimas Feridas";"Pleno dia";"Decrescente";"Nublado";"Simples";"Curva";"Urbano";5;0;1;0;4;0;1;2
83430541;"16/01/16";"Sábado";"14:00:00";"GO";40;"36";"LUZIANIA";"Outras";"Saída de Pista";"Sem Vítimas";"Pleno dia";"Crescente";"Nublado";"Dupla";"Reta";"Rural";1;0;0;0;1;0;0;1
83430542;"16/01/16";"Sábado";"10:05:00";"SC";101;"384";"ICARA";"Ingestão de álcool";"Colisão Transversal";"Sem Vítimas";"Pleno dia";"Crescente";"Sol";"Simples";"Cruzamento";"Rural";2;0;0;0;2;0;0;2
83430543;"16/01/16";"Sábado";"15:05:00";"GO";60;"79,6";"ANAPOLIS";"Não guardar distância de segurança";"Colisão Transversal";"Sem Vítimas";"Pleno dia";"Decrescente";"Nublado";"Dupla";"Curva";"Urbano";3;0;0;0;3;0;0;3
83430544;"16/01/16";"Sábado";"13:00:00";"PA";316;"61,3";"CASTANHAL";"Outras";"Colisão lateral";"Sem Vítimas";"Pleno dia";"Crescente";"Ceu Claro";"Dupla";"Reta";"Urbano";2;0;0;0;2;0;0;2
83430545;"15/01/16";"Sexta";"15:18:00";"RS";116;"38,2";"VACARIA";"Falta de atenção";"Colisão Transversal";"Sem Vítimas";"Pleno dia";"Decrescente";"Ceu Claro";"Simples";"Reta";"Urbano";2;0;0;0;2;0;0;2
83430547;"16/01/16";"Sábado";"15:45:00";"GO";60;"97,7";"ANAPOLIS";"Desobediência à sinalização";"Colisão traseira";"Com Vítimas Feridas";"Pleno dia";"Crescente";"Nublado";"Dupla";"Reta";"Urbano";2;0;1;0;1;0;1;2
83430548;"16/01/16";"Sábado";"12:40:00";"GO";40;"4";"VALPARAISO DE GOIAS";"Ingestão de álcool";"Atropelamento de pessoa";"Com Vítimas Feridas";"Pleno dia";"Crescente";"Ceu Claro";"Dupla";"Reta";"Urbano";2;0;2;0;0;0;2;1
83430550;"16/01/16";"Sábado";"14:30:00";"MG";381;"487,4";"BETIM";"Defeito mecânico em veículo";"Queda de motocicleta / bicicleta / veículo";"Com Vítimas Feridas";"Pleno dia";"Decrescente";"Chuva";"Dupla";"Reta";"Urbano";1;0;1;0;0;0;1;1
83430551;"16/01/16";"Sábado";"14:00:00";"SP";116;"455,1";"REGISTRO";"Outras";"Tombamento";"Sem Vítimas";"Pleno dia";"Decrescente";"Ceu Claro";"Dupla";"Curva";"Rural";1;0;0;0;1;0;0;1
83430552;"12/01/16";"Terça";"12:20:00";"MG";365;"625";"UBERLANDIA";"Falta de atenção";"Colisão traseira";"Com Vítimas Feridas";"Pleno dia";"Crescente";"Nublado";"Dupla";"Reta";"Urbano";3;0;1;0;2;0;1;2
83430553;"16/01/16";"Sábado";"15:30:00";"PR";277;"38";"MORRETES";"Falta de atenção";"Colisão lateral";"Sem Vítimas";"Pleno dia";"Decrescente";"Ceu Claro";"Dupla";"Curva";"Rural";2;0;0;0;2;0;0;2
83430556;"16/01/16";"Sábado";"12:30:00";"MG";381;"303";"ANTONIO DIAS";"Velocidade incompatível";"Colisão frontal";"Sem Vítimas";"Pleno dia";"Crescente";"Chuva";"Simples";"Curva";"Rural";2;0;0;0;2;0;0;2
83430557;"16/01/16";"Sábado";"14:00:00";"MG";262;"372";"JUATUBA";"Outras";"Capotamento";"Com Vítimas Feridas";"Pleno dia";"Crescente";"Chuva";"Dupla";"Curva";"Urbano";1;0;1;0;0;0;1;1
83430558;"16/01/16";"Sábado";"15:00:00";"RJ";101;"214";"CASIMIRO DE ABREU";"Outras";"Capotamento";"Com Vítimas Feridas";"Pleno dia";"Decrescente";"Nublado";"Simples";"Reta";"Rural";1;0;1;0;0;0;1;1
83430559;"16/01/16";"Sábado";"12:30:00";"RJ";101;"319";"SAO GONCALO";"Outras";"Saída de Pista";"Sem Vítimas";"Pleno dia";"Crescente";"Chuva";"Dupla";"Reta";"Urbano";3;0;0;0;1;2;0;2
83430560;"16/01/16";"Sábado";"15:00:00";"PR";277;"7,5";"PARANAGUA";"Falta de atenção";"Colisão Transversal";"Sem Vítimas";"Pleno dia";"Crescente";"Ceu Claro";"Dupla";"Reta";"Urbano";3;0;0;0;3;0;0;3
83430561;"16/01/16";"Sábado";"12:45:00";"BA";116;"617,8";"IRAJUBA";"Ultrapassagem indevida";"Capotamento";"Com Vítimas Feridas";"Pleno dia";"Decrescente";"Ceu Claro";"Simples";"Reta";"Rural";5;0;5;0;0;0;5;1
83430562;"16/01/16";"Sábado";"14:30:00";"MT";364;"484";"JANGADA";"Outras";"Saída de Pista";"Com Vítimas Feridas";"Pleno dia";"Crescente";"Chuva";"Simples";"Reta";"Rural";1;0;1;0;0;0;1;1
83430563;"16/01/16";"Sábado";"12:00:00";"MG";116;"468,3";"TARUMIRIM";"Velocidade incompatível";"Colisão frontal";"Com Vítimas Feridas";"Pleno dia";"Decrescente";"Chuva";"Simples";"Curva";"Rural";3;0;1;1;1;0;2;2
83430564;"16/01/16";"Sábado";"12:00:00";"MG";116;"526";"CARATINGA";"Falta de atenção";"Colisão Transversal";"Com Vítimas Feridas";"Pleno dia";"Decrescente";"Chuva";"Simples";"Cruzamento";"Urbano";3;0;1;1;1;0;2;2
83430565;"16/01/16";"Sábado";"12:00:00";"MG";381;"363";"SAO GONCALO DO RIO ABAIXO";"Velocidade incompatível";"Saída de Pista";"Com Vítimas Feridas";"Pleno dia";"Crescente";"Chuva";"Simples";"Curva";"Rural";4;0;3;0;1;0;3;1
83430566;"16/01/16";"Sábado";"16:00:00";"RJ";101;"288";"ITABORAI";"Outras";"Saída de Pista";"Sem Vítimas";"Pleno dia";"Decrescente";"Nublado";"Dupla";"Reta";"Urbano";1;0;0;0;1;0;0;1
83430567;"16/01/16";"Sábado";"15:55:00";"SP";116;"408";"JUQUIA";"Falta de atenção";"Colisão traseira";"Sem Vítimas";"Pleno dia";"Decrescente";"Ceu Claro";"Dupla";"Reta";"Rural";2;0;0;0;1;1;0;2
83430568;"16/01/16";"Sábado";"14:50:00";"SP";116;"212";"GUARULHOS";"Velocidade incompatível";"Capotamento";"Com Vítimas Feridas";"Pleno dia";"Decrescente";"Nublado";"Múltipla";"Reta";"Urbano";9;0;5;0;4;0;5;4
83430569;"16/01/16";"Sábado";"11:50:00";"GO";40;"24";"LUZIANIA";"Falta de atenção";"Colisão com bicicleta";"Com Vítimas Feridas";"Pleno dia";"Decrescente";"Nublado";"Dupla";"Reta";"Urbano";2;0;0;1;1;0;1;2
83430570;"16/01/16";"Sábado";"14:05:00";"AL";316;"254";"PILAR";"Falta de atenção";"Colisão Transversal";"Sem Vítimas";"Pleno dia";"Decrescente";"Nublado";"Simples";"Reta";"Urbano";3;0;0;0;3;0;0;2
83430571;"16/01/16";"Sábado";"16:10:00";"SC";116;"219,3";"CORREIA PINTO";"Desobediência à sinalização";"Colisão Transversal";"Sem Vítimas";"Pleno dia";"Decrescente";"Ceu Claro";"Simples";"Cruzamento";"Urbano";2;0;0;0;2;0;0;2
83430574;"16/01/16";"Sábado";"16:20:00";"PR";153;"111,6";"IBAITI";"Não guardar distância de segurança";"Colisão traseira";"Sem Vítimas";"Pleno dia";"Crescente";"Ceu Claro";"Dupla";"Reta";"Urbano";5;0;0;0;5;0;0;2
83430575;"16/01/16";"Sábado";"14:15:00";"ES";259;"3,1";"JOAO NEIVA";"Outras";"Capotamento";"Sem Vítimas";"Pleno dia";"Crescente";"Chuva";"Simples";"Curva";"Rural";1;0;0;0;1;0;0;1
83430576;"16/01/16";"Sábado";"08:00:00";"PE";232;"220";"PESQUEIRA";"Defeito mecânico em veículo";"Colisão frontal";"Com Vítimas Feridas";"Pleno dia";"Crescente";"Sol";"Simples";"Reta";"Rural";2;0;0;1;1;0;1;2
83430577;"16/01/16";"Sábado";"13:40:00";"PE";101;"66,5";"RECIFE";"Outras";"Queda de motocicleta / bicicleta / veículo";"Com Vítimas Feridas";"Pleno dia";"Crescente";"Sol";"Dupla";"Reta";"Urbano";1;0;1;0;0;0;1;1
83430579;"16/01/16";"Sábado";"08:05:00";"ES";101;"221,1";"IBIRACU";"Outras";"Colisão frontal";"Com Vítimas Feridas";"Pleno dia";"Crescente";"Nublado";"Simples";"Reta";"Rural";3;0;1;0;2;0;1;3
83430580;"16/01/16";"Sábado";"11:45:00";"GO";364;"226";"JATAI";"Defeito na via";"Colisão traseira";"Com Vítimas Feridas";"Pleno dia";"Crescente";"Nublado";"Simples";"Curva";"Rural";3;0;0;1;2;0;1;2
83430581;"16/01/16";"Sábado";"16:30:00";"SC";470;"117,7";"IBIRAMA";"Defeito mecânico em veículo";"Tombamento";"Com Vítimas Feridas";"Pleno dia";"Crescente";"Ceu Claro";"Simples";"Curva";"Urbano";3;0;3;0;0;0;3;1
83430582;"15/01/16";"Sexta";"19:50:00";"RS";285;"126,4";"VACARIA";"Falta de atenção";"Colisão frontal";"Com Vítimas Feridas";"Pleno dia";"Crescente";"Ceu Claro";"Simples";"Curva";"Rural";3;0;1;1;1;0;2;2
83430584;"16/01/16";"Sábado";"09:30:00";"MG";40;"715";"BARBACENA";"Velocidade incompatível";"Saída de Pista";"Sem Vítimas";"Pleno dia";"Crescente";"Chuva";"Dupla";"Reta";"Rural";1;0;0;0;1;0;0;1
83430585;"16/01/16";"Sábado";"13:00:00";"MG";381;"531,5";"ITATIAIUCU";"Velocidade incompatível";"Capotamento";"Sem Vítimas";"Pleno dia";"Crescente";"Chuva";"Dupla";"Curva";"Rural";1;0;0;0;1;0;0;1
83430586;"16/01/16";"Sábado";"17:50:00";"PR";277;"718";"SANTA TEREZINHA DE ITAIPU";"Velocidade incompatível";"Queda de motocicleta / bicicleta / veículo";"Com Vítimas Feridas";"Pleno dia";"Crescente";"Sol";"Dupla";"Reta";"Urbano";1;0;0;1;0;0;1;1
83430587;"15/01/16";"Sexta";"19:30:00";"MG";251;"414,3";"GRAO MOGOL";"Ultrapassagem indevida";"Saída de Pista";"Com Vítimas Feridas";"Plena noite";"Crescente";"Nublado";"Simples";"Reta";"Rural";1;0;1;0;0;0;1;1
83430588;"16/01/16";"Sábado";"14:15:00";"SC";282;"2,3";"FLORIANOPOLIS";"Falta de atenção";"Colisão lateral";"Com Vítimas Fatais";"Pleno dia";"Crescente";"Ceu Claro";"Dupla";"Reta";"Urbano";5;4;0;0;1;0;0;2
83430589;"09/01/16";"Sábado";"01:00:00";"RJ";116;"175";"NOVA IGUACU";"Outras";"Colisão traseira";"Com Vítimas Feridas";"Plena noite";"Decrescente";"Ceu Claro";"Dupla";"Reta";"Urbano";2;0;1;0;0;1;1;2
83430591;"12/01/16";"Terça";"22:30:00";"PA";230;"760";"MEDICILANDIA";"Falta de atenção";"Colisão lateral";"Sem Vítimas";"Plena noite";"Crescente";"Nublado";"Simples";"Reta";"Rural";2;0;0;0;2;0;0;2
83430592;"13/01/16";"Quarta";"07:00:00";"MG";381;"729,8";"CARMO DA CACHOEIRA";"Outras";"Saída de Pista";"Sem Vítimas";"Pleno dia";"Crescente";"Nublado";"Dupla";"Curva";"Rural";1;0;0;0;1;0;0;1
83430593;"16/01/16";"Sábado";"15:30:00";"ES";262;"32,9";"DOMINGOS MARTINS";"Outras";"Saída de Pista";"Com Vítimas Feridas";"Pleno dia";"Decrescente";"Nublado";"Simples";"Curva";"Rural";5;0;2;0;3;0;2;1
83430594;"16/01/16";"Sábado";"18:35:00";"MG";262;"476,2";"BOM DESPACHO";"Velocidade incompatível";"Colisão com objeto fixo";"Sem Vítimas";"Pleno dia";"Crescente";"Chuva";"Simples";"Reta";"Urbano";2;0;0;0;1;1;0;2
83430595;"16/01/16";"Sábado";"15:50:00";"ES";262;"104";"VENDA NOVA DO IMIGRANTE";"Ingestão de álcool";"Colisão lateral";"Sem Vítimas";"Pleno dia";"Crescente";"Nublado";"Múltipla";"Reta";"Urbano";2;0;0;0;2;0;0;2
83430596;"16/01/16";"Sábado";"18:00:00";"MG";381;"715";"CARMO DA CACHOEIRA";"Velocidade incompatível";"Colisão com objeto fixo";"Sem Vítimas";"Pleno dia";"Decrescente";"Chuva";"Dupla";"Curva";"Rural";1;0;0;0;1;0;0;1
83430597;"16/01/16";"Sábado";"14:40:00";"AL";101;"198";"SAO SEBASTIAO";"Falta de atenção";"Queda de motocicleta / bicicleta / veículo";"Com Vítimas Feridas";"Pleno dia";"Crescente";"Ceu Claro";"Dupla";"Reta";"Rural";1;0;0;1;0;0;1;1
83430599;"16/01/16";"Sábado";"12:15:00";"ES";101;"457";"MIMOSO DO SUL";"Falta de atenção";"Colisão Transversal";"Com Vítimas Feridas";"Pleno dia";"Decrescente";"Nublado";"Simples";"Reta";"Rural";7;0;0;2;5;0;2;2
83430600;"16/01/16";"Sábado";"11:30:00";"MT";163;"583";"NOVA MUTUM";"Defeito na via";"Saída de Pista";"Sem Vítimas";"Pleno dia";"Decrescente";"Nublado";"Simples";"Reta";"Rural";1;0;0;0;1;0;0;1
83430601;"16/01/16";"Sábado";"15:00:00";"MT";364;"66";"ALTO GARCAS";"Não guardar distância de segurança";"Colisão traseira";"Sem Vítimas";"Pleno dia";"Decrescente";"Ceu Claro";"Simples";"Reta";"Rural";2;0;0;0;2;0;0;2
83430602;"16/01/16";"Sábado";"16:00:00";"SC";101;"367";"ICARA";"Outras";"Queda de motocicleta / bicicleta / veículo";"Com Vítimas Feridas";"Pleno dia";"Crescente";"Sol";"Dupla";"Reta";"Urbano";1;0;1;0;0;0;1;1
83430603;"16/01/16";"Sábado";"10:25:00";"PR";277;"428,7";"VIRMOND";"Falta de atenção";"Colisão lateral";"Com Vítimas Feridas";"Pleno dia";"Decrescente";"Sol";"Simples";"Reta";"Rural";2;0;0;1;1;0;1;2
83430604;"16/01/16";"Sábado";"18:30:00";"ES";262;"17,1";"VIANA";"Falta de atenção";"Colisão Transversal";"Sem Vítimas";"Pleno dia";"Crescente";"Nublado";"Simples";"Reta";"Urbano";2;0;0;0;2;0;0;2
83430605;"16/01/16";"Sábado";"18:00:00";"SC";101;"417,2";"ARARANGUA";"Falta de atenção";"Tombamento";"Com Vítimas Feridas";"Pleno dia";"Crescente";"Ceu Claro";"Simples";"Reta";"Urbano";1;0;0;1;0;0;1;1
83430606;"16/01/16";"Sábado";"15:10:00";"MG";381;"503,8";"BETIM";"Outras";"Colisão com objeto fixo";"Com Vítimas Feridas";"Pleno dia";"Decrescente";"Chuva";"Dupla";"Reta";"Urbano";1;0;1;0;0;0;1;1
83430607;"16/01/16";"Sábado";"15:00:00";"RJ";116;"170";"SAO JOAO DE MERITI";"Defeito mecânico em veículo";"Colisão com objeto fixo";"Com Vítimas Feridas";"Pleno dia";"Crescente";"Nublado";"Múltipla";"Reta";"Urbano";2;0;1;0;1;0;1;1
83430608;"16/01/16";"Sábado";"17:45:00";"MG";262;"582";"CAMPOS ALTOS";"Velocidade incompatível";"Saída de Pista";"Sem Vítimas";"Pleno dia";"Decrescente";"Chuva";"Simples";"Curva";"Rural";3;0;0;0;3;0;0;1
83430609;"16/01/16";"Sábado";"18:30:00";"RJ";116;"131";"MAGE";"Outras";"Saída de Pista";"Com Vítimas Feridas";"Pleno dia";"Crescente";"Chuva";"Dupla";"Reta";"Urbano";2;0;1;0;1;0;1;1