"id";"data_inversa";"dia_semana";"horario";"uf";"br";"km";"municipio";"causa_acidente";"tipo_acidente";"classificacao_acidente";"fase_dia";"sentido_via";"condicao_metereologica";"tipo_pista";"tracado_via";"uso_solo";"pessoas";"mortos";"feridos_leves";"feridos_graves";"ilesos";"ignorados";"feridos";"veiculos"
83430610;"14/01/16";"Quinta";"23:00:00";"RS";472;"568";"URUGUAIANA";"Outras";"Saída de Pista";"Sem Vítimas";"Plena noite";"Crescente";"Ceu Claro";"Simples";"Reta";"Rural";2;0;0;0;2;0;0;1
83430611;"16/01/16";"Sábado";"10:50:00";"MS";158;"72,9";"PARANAIBA";"Velocidade incompatível";"Colisão frontal";"Com Vítimas Feridas";"Pleno dia";"Decrescente";"Chuva";"Simples";"Curva";"Rural";3;0;2;0;1;0;2;2
83430612;"16/01/16";"Sábado";"17:15:00";"MG";381;"344,7";"BELA VISTA DE MINAS";"Velocidade incompatível";"Saída de Pista";"Com Vítimas Feridas";"Pleno dia";"Decrescente";"Chuva";"Simples";"Curva";"Rural";1;0;1;0;0;0;1;1
83430613;"16/01/16";"Sábado";"17:22:00";"SC";101;"281,1";"IMBITUBA";"Ingestão de álcool";"Saída de Pista";"Com Vítimas Feridas";"Pleno dia";"Crescente";"Sol";"Dupla";"Reta";"Rural";2;0;2;0;0;0;2;1
83430614;"16/01/16";"Sábado";"18:00:00";"RN";101;"118";"SAO JOSE DE MIPIBU";"Ingestão de álcool";"Colisão com bicicleta";"Com Vítimas Feridas";"Plena noite";"Crescente";"Ceu Claro";"Dupla";"Reta";"Rural";2;0;2;0;0;0;2;2
83430615;"12/01/16";"Terça";"10:30:00";"PE";104;"78,1";"CARUARU";"Outras";"Tombamento";"Com Vítimas Feridas";"Pleno dia";"Crescente";"Nublado";"Simples";"Curva";"Rural";2;0;2;0;0;0;2;1
83430616;"15/01/16";"Sexta";"22:00:00";"RJ";356;"181";"SAO JOAO DA BARRA";"Falta de atenção";"Colisão traseira";"Com Vítimas Feridas";"Plena noite";"Decrescente";"Chuva";"Simples";"Reta";"Rural";3;0;2;0;1;0;2;2
83430617;"16/01/16";"Sábado";"16:15:00";"SP";153;"211,8";"GUAIMBE";"Falta de atenção";"Colisão traseira";"Com Vítimas Feridas";"Pleno dia";"Crescente";"Ceu Claro";"Simples";"Reta";"Rural";4;0;2;0;2;0;2;2
83430618;"16/01/16";"Sábado";"08:20:00";"SC";470;"11";"NAVEGANTES";"Falta de atenção";"Colisão frontal";"Com Vítimas Feridas";"Pleno dia";"Decrescente";"Ceu Claro";"Simples";"Cruzamento";"Urbano";4;0;3;0;1;0;3;3
83430619;"16/01/16";"Sábado";"13:00:00";"BA";324;"561";"SAO SEBASTIAO DO PASSE";"Outras";"Colisão traseira";"Com Vítimas Feridas";"Pleno dia";"Crescente";"Ceu Claro";"Dupla";"Reta";"Rural";3;0;0;2;1;0;2;2
83430620;"16/01/16";"Sábado";"18:00:00";"PA";316;"2";"ANANINDEUA";"Ingestão de álcool";"Saída de Pista";"Sem Vítimas";"Anoitecer";"Decrescente";"Nublado";"Múltipla";"Reta";"Urbano";1;0;0;0;1;0;0;1
83430621;"16/01/16";"Sábado";"12:15:00";"SC";101;"191";"BIGUACU";"Outras";"Colisão traseira";"Sem Vítimas";"Pleno dia";"Decrescente";"Ceu Claro";"Dupla";"Reta";"Urbano";6;0;0;0;6;0;0;6
83430622;"16/01/16";"Sábado";"12:00:00";"MS";158;"28,5";"PARANAIBA";"Falta de atenção";"Capotamento";"Sem Vítimas";"Pleno dia";"Crescente";"Chuva";"Simples";"Reta";"Rural";2;0;0;0;2;0;0;1
83430623;"16/01/16";"Sábado";"18:30:00";"RS";285;"198,8";"LAGOA VERMELHA";"Desobediência à sinalização";"Colisão Transversal";"Sem Vítimas";"Pleno dia";"Decrescente";"Ceu Claro";"Simples";"Cruzamento";"Urbano";2;0;0;0;2;0;0;2
83430624;"16/01/16";"Sábado";"19:30:00";"RS";287;"0";"SANTIAGO";"Desobediência à sinalização";"Colisão Transversal";"Sem Vítimas";"Pleno dia";"Decrescente";"Ceu Claro";"Simples";"Cruzamento";"Rural";2;0;0;0;2;0;0;2
83430626;"16/01/16";"Sábado";"17:40:00";"MT";70;"636,6";"POCONE";"Não guardar distância de segurança";"Colisão traseira";"Sem Vítimas";"Pleno dia";"Decrescente";"Sol";"Simples";"Reta";"Rural";2;0;0;0;2;0;0;2
83430627;"16/01/16";"Sábado";"19:00:00";"SC";280;"26,5";"ARAQUARI";"Ingestão de álcool";"Colisão com bicicleta";"Com Vítimas Feridas";"Pleno dia";"Crescente";"Sol";"Simples";"Reta";"Urbano";2;0;1;0;0;1;1;2
83430628;"13/01/16";"Quarta";"04:30:00";"MG";365;"624";"UBERLANDIA";"Desobediência à sinalização";"Colisão com objeto fixo";"Sem Vítimas";"Pleno dia";"Crescente";"Chuva";"Dupla";"Reta";"Urbano";1;0;0;0;1;0;0;1
83430629;"16/01/16";"Sábado";"11:00:00";"PE";101;"94,5";"CABO DE SANTO AGOSTINHO";"Falta de atenção";"Tombamento";"Com Vítimas Feridas";"Pleno dia";"Decrescente";"Nublado";"Dupla";"Curva";"Urbano";1;0;1;0;0;0;1;1
83430630;"16/01/16";"Sábado";"19:00:00";"GO";153;"494,5";"GOIANIA";"Falta de atenção";"Colisão lateral";"Sem Vítimas";"Anoitecer";"Decrescente";"Nublado";"Dupla";"Reta";"Urbano";2;0;0;0;2;0;0;2
83430631;"16/01/16";"Sábado";"16:00:00";"AM";174;"945";"MANAUS";"Outras";"Danos Eventuais";"Com Vítimas Feridas";"Pleno dia";"Decrescente";"Ceu Claro";"Simples";"Reta";"Rural";1;0;1;0;0;0;1;1
83430632;"16/01/16";"Sábado";"12:30:00";"BA";242;"872";"LUIS EDUARDO MAGALHAES";"Falta de atenção";"Colisão lateral";"Com Vítimas Feridas";"Pleno dia";"Decrescente";"Ceu Claro";"Simples";"Reta";"Rural";4;0;1;0;3;0;1;2
83430633;"16/01/16";"Sábado";"18:05:00";"RS";285;"522,6";"VITORIA DAS MISSOES";"Falta de atenção";"Colisão Transversal";"Com Vítimas Feridas";"Pleno dia";"Crescente";"Sol";"Simples";"Curva";"Rural";3;0;0;2;1;0;2;2
83430634;"16/01/16";"Sábado";"20:20:00";"ES";262;"4,6";"CARIACICA";"Desobediência à sinalização";"Atropelamento de pessoa";"Com Vítimas Feridas";"Plena noite";"Crescente";"Chuva";"Múltipla";"Cruzamento";"Urbano";2;0;0;1;0;1;1;1
83430635;"16/01/16";"Sábado";"17:23:00";"BA";242;"789";"BARREIRAS";"Não guardar distância de segurança";"Colisão traseira";"Sem Vítimas";"Pleno dia";"Crescente";"Ceu Claro";"Simples";"Curva";"Rural";7;0;0;0;7;0;0;4
83430636;"16/01/16";"Sábado";"13:30:00";"PR";277;"206,5";"PALMEIRA";"Desobediência à sinalização";"Saída de Pista";"Sem Vítimas";"Pleno dia";"Crescente";"Ceu Claro";"Simples";"Curva";"Rural";1;0;0;0;1;0;0;1
83430637;"16/01/16";"Sábado";"12:50:00";"SC";101;"191";"BIGUACU";"Ingestão de álcool";"Colisão traseira";"Com Vítimas Feridas";"Pleno dia";"Decrescente";"Ceu Claro";"Dupla";"Reta";"Urbano";4;0;1;0;3;0;1;2
83430638;"16/01/16";"Sábado";"12:30:00";"SC";101;"191";"BIGUACU";"Falta de atenção";"Colisão traseira";"Sem Vítimas";"Pleno dia";"Decrescente";"Ceu Claro";"Dupla";"Reta";"Urbano";3;0;0;0;3;0;0;3
83430639;"16/01/16";"Sábado";"19:30:00";"SC";116;"223,4";"CORREIA PINTO";"Velocidade incompatível";"Colisão com objeto fixo";"Com Vítimas Feridas";"Pleno dia";"Decrescente";"Ceu Claro";"Simples";"Reta";"Urbano";1;0;1;0;0;0;1;1
83430640;"16/01/16";"Sábado";"19:05:00";"RN";304;"305,9";"PARNAMIRIM";"Defeito na via";"Queda de motocicleta / bicicleta / veículo";"Com Vítimas Feridas";"Plena noite";"Crescente";"Ceu Claro";"Dupla";"Reta";"Rural";1;0;1;0;0;0;1;1
83430641;"16/01/16";"Sábado";"21:20:00";"SC";470;"53,4";"BLUMENAU";"Ultrapassagem indevida";"Queda de motocicleta / bicicleta / veículo";"Sem Vítimas";"Plena noite";"Crescente";"Ceu Claro";"Simples";"Reta";"Urbano";2;0;0;0;1;1;0;2
83430642;"16/01/16";"Sábado";"18:30:00";"DF";70;"10,9";"BRASILIA";"Outras";"Atropelamento de pessoa";"Com Vítimas Feridas";"Anoitecer";"Crescente";"Nublado";"Dupla";"Reta";"Urbano";2;0;0;1;0;1;1;1
83430643;"14/01/16";"Quinta";"15:00:00";"SP";116;"367";"MIRACATU";"Defeito mecânico em veículo";"Colisão com objeto fixo";"Sem Vítimas";"Pleno dia";"Crescente";"Chuva";"Dupla";"Reta";"Urbano";1;0;0;0;1;0;0;1
83430644;"16/01/16";"Sábado";"16:45:00";"RS";290;"145,7";"ELDORADO DO SUL";"Defeito mecânico em veículo";"Colisão frontal";"Sem Vítimas";"Pleno dia";"Crescente";"Sol";"Simples";"Reta";"Urbano";2;0;0;0;2;0;0;2
83430646;"16/01/16";"Sábado";"20:30:00";"PE";232;"86";"GRAVATA";"Falta de atenção";"Saída de Pista";"Com Vítimas Feridas";"Plena noite";"Crescente";"Nublado";"Dupla";"Curva";"Urbano";1;0;1;0;0;0;1;1
83430647;"16/01/16";"Sábado";"20:30:00";"PR";376;"175";"MARINGA";"Falta de atenção";"Colisão Transversal";"Com Vítimas Feridas";"Plena noite";"Decrescente";"Ceu Claro";"Dupla";"Reta";"Urbano";2;0;1;0;1;0;1;2
83430648;"13/01/16";"Quarta";"01:00:00";"ES";262;"154";"IBATIBA";"Ingestão de álcool";"Colisão lateral";"Sem Vítimas";"Plena noite";"Crescente";"Ceu Claro";"Simples";"Curva";"Rural";2;0;0;0;2;0;0;2
83430649;"16/01/16";"Sábado";"20:15:00";"PB";101;"94,6";"CONDE";"Defeito na via";"Saída de Pista";"Ignorado";"Plena noite";"Decrescente";"Chuva";"Dupla";"Curva";"Rural";1;0;0;0;0;1;0;1
83430652;"16/01/16";"Sábado";"19:40:00";"SP";116;"270,5";"TABOAO DA SERRA";"Velocidade incompatível";"Queda de motocicleta / bicicleta / veículo";"Com Vítimas Feridas";"Pleno dia";"Crescente";"Ceu Claro";"Dupla";"Reta";"Urbano";1;0;0;1;0;0;1;1
83430653;"16/01/16";"Sábado";"15:05:00";"SC";101;"105";"PENHA";"Ingestão de álcool";"Colisão lateral";"Sem Vítimas";"Pleno dia";"Decrescente";"Sol";"Dupla";"Curva";"Rural";5;0;0;0;4;1;0;3
83430654;"16/01/16";"Sábado";"21:15:00";"RS";471;"174,2";"RIO PARDO";"Outras";"Colisão traseira";"Com Vítimas Feridas";"Plena noite";"Crescente";"Ceu Claro";"Simples";"Reta";"Urbano";3;0;2;0;0;1;2;2
83430655;"16/01/16";"Sábado";"14:50:00";"GO";452;"134,5";"BOM JESUS DE GOIAS";"Falta de atenção";"Colisão lateral";"Com Vítimas Fatais";"Pleno dia";"Decrescente";"Nublado";"Dupla";"Reta";"Urbano";4;1;2;0;1;0;2;2
83430656;"16/01/16";"Sábado";"15:05:00";"GO";50;"209,7";"CAMPO ALEGRE DE GOIAS";"Ingestão de álcool";"Saída de Pista";"Sem Vítimas";"Pleno dia";"Crescente";"Chuva";"Simples";"Reta";"Rural";7;0;0;0;7;0;0;2
83430657;"16/01/16";"Sábado";"21:00:00";"SC";101;"196";"BIGUACU";"Falta de atenção";"Colisão Transversal";"Com Vítimas Feridas";"Plena noite";"Decrescente";"Ceu Claro";"Simples";"Reta";"Urbano";2;0;2;0;0;0;2;2
83430658;"16/01/16";"Sábado";"19:45:00";"MS";163;"252,8";"DOURADOS";"Falta de atenção";"Queda de motocicleta / bicicleta / veículo";"Com Vítimas Feridas";"Plena noite";"Decrescente";"Ceu Claro";"Dupla";"Curva";"Urbano";1;0;1;0;0;0;1;1
83430659;"16/01/16";"Sábado";"17:50:00";"MS";163;"654,5";"RIO VERDE DE MATO GROSSO";"Defeito mecânico em veículo";"Capotamento";"Sem Vítimas";"Anoitecer";"Crescente";"Chuva";"Simples";"Curva";"Rural";2;0;0;0;2;0;0;1
83430660;"16/01/16";"Sábado";"17:20:00";"PR";277;"637";"CEU AZUL";"Não guardar distância de segurança";"Colisão traseira";"Sem Vítimas";"Pleno dia";"Decrescente";"Ceu Claro";"Simples";"Reta";"Urbano";4;0;0;0;4;0;0;2
83430661;"16/01/16";"Sábado";"15:13:00";"RN";406;"86,8";"JOAO CAMARA";"Outras";"Tombamento";"Sem Vítimas";"Pleno dia";"Crescente";"Nublado";"Simples";"Reta";"Rural";1;0;0;0;1;0;0;1
83430662;"16/01/16";"Sábado";"20:20:00";"MS";262;"0,5";"TRES LAGOAS";"Não guardar distância de segurança";"Colisão traseira";"Sem Vítimas";"Plena noite";"Crescente";"Ceu Claro";"Simples";"Reta";"Urbano";2;0;0;0;2;0;0;2
83430663;"16/01/16";"Sábado";"13:00:00";"SP";116;"116";"TAUBATE";"Falta de atenção";"Colisão traseira";"Com Vítimas Feridas";"Pleno dia";"Crescente";"Sol";"Dupla";"Reta";"Rural";3;0;1;0;2;0;1;3
83430664;"16/01/16";"Sábado";"12:00:00";"GO";50;"137";"IPAMERI";"Velocidade incompatível";"Queda de motocicleta / bicicleta / veículo";"Com Vítimas Feridas";"Pleno dia";"Crescente";"Chuva";"Simples";"Reta";"Rural";1;0;0;1;0;0;1;1
83430665;"16/01/16";"Sábado";"19:00:00";"SC";282;"223,3";"LAGES";"Falta de atenção";"Colisão lateral";"Sem Vítimas";"Pleno dia";"Decrescente";"Nublado";"Simples";"Reta";"Urbano";2;0;0;0;2;0;0;2
83430666;"16/01/16";"Sábado";"16:45:00";"AL";101;"87";"RIO LARGO";"Outras";"Tombamento";"Sem Vítimas";"Pleno dia";"Decrescente";"Ceu Claro";"Simples";"Curva";"Rural";1;0;0;0;1;0;0;1
83430667;"16/01/16";"Sábado";"21:00:00";"PB";230;"35";"BAYEUX";"Desobediência à sinalização";"Colisão Transversal";"Com Vítimas Feridas";"Plena noite";"Crescente";"Nublado";"Dupla";"Reta";"Urbano";3;0;1;1;0;1;2;2
83430668;"16/01/16";"Sábado";"17:05:00";"SC";101;"190,9";"BIGUACU";"Velocidade incompatível";"Queda de motocicleta / bicicleta / veículo";"Com Vítimas Feridas";"Pleno dia";"Crescente";"Ceu Claro";"Dupla";"Curva";"Urbano";2;0;1;1;0;0;2;1
83430671;"12/01/16";"Terça";"16:00:00";"RO";364;"675";"CANDEIAS DO JAMARI";"Falta de atenção";"Colisão traseira";"Com Vítimas Feridas";"Pleno dia";"Crescente";"Ceu Claro";"Simples";"Reta";"Rural";4;0;1;1;2;0;2;2
83430672;"16/01/16";"Sábado";"18:14:00";"RR";174;"684";"PACARAIMA";"Ingestão de álcool";"Saída de Pista";"Com Vítimas Feridas";"Anoitecer";"Crescente";"Ceu Claro";"Simples";"Curva";"Rural";3;0;1;0;2;0;1;1
83430673;"16/01/16";"Sábado";"05:45:00";"MG";116;"228,5";"TEOFILO OTONI";"Outras";"Colisão com objeto fixo";"Sem Vítimas";"Amanhecer";"Decrescente";"Ceu Claro";"Simples";"Curva";"Rural";1;0;0;0;1;0;0;1
83430674;"16/01/16";"Sábado";"15:00:00";"MT";70;"212";"GENERAL CARNEIRO";"Outras";"Capotamento";"Com Vítimas Feridas";"Pleno dia";"Decrescente";"Chuva";"Simples";"Curva";"Rural";1;0;1;0;0;0;1;1
83430675;"16/01/16";"Sábado";"19:00:00";"PE";101;"170";"GAMELEIRA";"Outras";"Colisão lateral";"Sem Vítimas";"Plena noite";"Crescente";"Nublado";"Múltipla";"Reta";"Rural";6;0;0;0;3;3;0;2
83430676;"16/01/16";"Sábado";"20:30:00";"MG";262;"34,8";"MANHUACU";"Ingestão de álcool";"Colisão traseira";"Sem Vítimas";"Plena noite";"Decrescente";"Chuva";"Simples";"Reta";"Urbano";2;0;0;0;2;0;0;2
83430677;"16/01/16";"Sábado";"14:40:00";"PR";476;"343";"PAULA FREITAS";"Falta de atenção";"Colisão lateral";"Com Vítimas Feridas";"Pleno dia";"Decrescente";"Ceu Claro";"Simples";"Reta";"Rural";2;0;0;1;1;0;1;2
83430678;"16/01/16";"Sábado";"22:10:00";"BA";116;"420";"FEIRA DE SANTANA";"Outras";"Queda de motocicleta / bicicleta / veículo";"Com Vítimas Feridas";"Plena noite";"Crescente";"Ceu Claro";"Simples";"Reta";"Urbano";1;0;0;1;0;0;1;1
83430679;"16/01/16";"Sábado";"13:40:00";"PI";316;"3,3";"TERESINA";"Falta de atenção";"Colisão traseira";"Com Vítimas Feridas";"Pleno dia";"Crescente";"Ceu Claro";"Múltipla";"Reta";"Urbano";2;0;1;0;1;0;1;2
83430680;"16/01/16";"Sábado";"19:40:00";"PE";101;"170";"GAMELEIRA";"Falta de atenção";"Colisão traseira";"Com Vítimas Feridas";"Plena noite";"Crescente";"Nublado";"Múltipla";"Reta";"Rural";5;0;4;0;1;0;4;2
83430681;"16/01/16";"Sábado";"13:30:00";"MG";365;"185,4";"BURITIZEIRO";"Velocidade incompatível";"Colisão Transversal";"Com Vítimas Fatais";"Pleno dia";"Decrescente";"Chuva";"Simples";"Curva";"Rural";4;1;3;0;0;0;3;2
83430682;"16/01/16";"Sábado";"20:20:00";"GO";50;"281,6";"CATALAO";"Ingestão de álcool";"Colisão com objeto fixo";"Sem Vítimas";"Plena noite";"Crescente";"Chuva";"Dupla";"Cruzamento";"Urbano";1;0;0;0;1;0;0;1
83430683;"16/01/16";"Sábado";"02:00:00";"MG";116;"234";"TEOFILO OTONI";"Defeito mecânico em veículo";"Incêndio";"Sem Vítimas";"Plena noite";"Decrescente";"Chuva";"Simples";"Reta";"Rural";1;0;0;0;1;0;0;1
83430684;"16/01/16";"Sábado";"22:45:00";"PR";153;"33,5";"SANTO ANTONIO DA PLATINA";"Outras";"Colisão traseira";"Sem Vítimas";"Plena noite";"Decrescente";"Ceu Claro";"Simples";"Curva";"Rural";2;0;0;0;2;0;0;2
83430685;"16/01/16";"Sábado";"10:40:00";"MG";262;"585,3";"CAMPOS ALTOS";"Velocidade incompatível";"Saída de Pista";"Com Vítimas Feridas";"Pleno dia";"Crescente";"Chuva";"Simples";"Curva";"Rural";5;0;5;0;0;0;5;1
83430686;"16/01/16";"Sábado";"19:15:00";"CE";116;"369,6";"ICO";"Animais na Pista";"Colisão traseira";"Sem Vítimas";"Plena noite";"Crescente";"Ceu Claro";"Simples";"Reta";"Rural";7;0;0;0;7;0;0;2
83430687;"16/01/16";"Sábado";"20:40:00";"MS";267;"38,1";"BATAGUASSU";"Defeito mecânico em veículo";"Colisão com objeto fixo";"Sem Vítimas";"Plena noite";"Crescente";"Ceu Claro";"Simples";"Reta";"Rural";5;0;0;0;5;0;0;2
83430688;"12/01/16";"Terça";"19:10:00";"RO";364;"342,9";"JI-PARANA";"Outras";"Colisão traseira";"Sem Vítimas";"Plena noite";"Crescente";"Nublado";"Dupla";"Reta";"Urbano";2;0;0;0;2;0;0;2
83430689;"16/01/16";"Sábado";"18:00:00";"MG";381;"433";"SABARA";"Outras";"Queda de motocicleta / bicicleta / veículo";"Com Vítimas Feridas";"Pleno dia";"Crescente";"Chuva";"Simples";"Curva";"Rural";1;0;1;0;0;0;1;1
83430690;"16/01/16";"Sábado";"22:15:00";"PE";101;"41";"IGARASSU";"Outras";"Capotamento";"Com Vítimas Feridas";"Plena noite";"Crescente";"Ignorada";"Dupla";"Reta";"Urbano";2;0;1;0;1;0;1;1
83430691;"17/01/16";"Domingo";"00:30:00";"SC";470;"58";"BLUMENAU";"Falta de atenção";"Queda de motocicleta / bicicleta / veículo";"Com Vítimas Feridas";"Plena noite";"Crescente";"Nublado";"Simples";"Reta";"Urbano";1;0;1;0;0;0;1;1
83430692;"16/01/16";"Sábado";"22:30:00";"RS";386;"29,3";"FREDERICO WESTPHALEN";"Velocidade incompatível";"Saída de Pista";"Sem Vítimas";"Plena noite";"Crescente";"Ceu Claro";"Simples";"Curva";"Rural";1;0;0;0;1;0;0;1
83430693;"16/01/16";"Sábado";"00:30:00";"MG";116;"353,1";"JAMPRUCA";"Outras";"Saída de Pista";"Com Vítimas Fatais";"Plena noite";"Crescente";"Chuva";"Simples";"Reta";"Rural";1;1;0;0;0;0;0;1
83430694;"16/01/16";"Sábado";"19:20:00";"SC";282;"28,3";"SANTO AMARO DA IMPERATRIZ";"Ingestão de álcool";"Colisão Transversal";"Sem Vítimas";"Pleno dia";"Crescente";"Sol";"Simples";"Reta";"Urbano";2;0;0;0;2;0;0;2
83430695;"16/01/16";"Sábado";"20:00:00";"MS";163;"837";"SONORA";"Ingestão de álcool";"Colisão lateral";"Com Vítimas Feridas";"Plena noite";"Decrescente";"Chuva";"Simples";"Reta";"Rural";4;0;4;0;0;0;4;2
83430696;"16/01/16";"Sábado";"23:45:00";"SC";470;"112";"IBIRAMA";"Ingestão de álcool";"Colisão frontal";"Com Vítimas Feridas";"Plena noite";"Crescente";"Ceu Claro";"Simples";"Curva";"Rural";7;0;4;3;0;0;7;2
83430697;"16/01/16";"Sábado";"22:00:00";"CE";222;"314,8";"TIANGUA";"Desobediência à sinalização";"Colisão Transversal";"Com Vítimas Feridas";"Plena noite";"Crescente";"Chuva";"Simples";"Reta";"Urbano";2;0;1;0;1;0;1;2
83430698;"16/01/16";"Sábado";"22:40:00";"MS";262;"540";"MIRANDA";"Falta de atenção";"Colisão frontal";"Com Vítimas Feridas";"Plena noite";"Crescente";"Ceu Claro";"Simples";"Reta";"Rural";2;0;2;0;0;0;2;2
83430699;"16/01/16";"Sábado";"17:00:00";"RJ";101;"513";"ANGRA DOS REIS";"Outras";"Colisão frontal";"Com Vítimas Feridas";"Pleno dia";"Decrescente";"Nublado";"Simples";"Curva";"Rural";3;0;2;1;0;0;3;2
83430701;"16/01/16";"Sábado";"19:35:00";"PB";230;"89,6";"GURINHEM";"Velocidade incompatível";"Capotamento";"Sem Vítimas";"Plena noite";"Crescente";"Ceu Claro";"Dupla";"Reta";"Urbano";1;0;0;0;1;0;0;1
83430704;"17/01/16";"Domingo";"00:10:00";"SE";235;"34,8";"AREIA BRANCA";"Falta de atenção";"Colisão Transversal";"Sem Vítimas";"Plena noite";"Decrescente";"Nublado";"Simples";"Reta";"Urbano";2;0;0;0;1;1;0;2
83430705;"16/01/16";"Sábado";"21:00:00";"MG";354;"757";"ITAMONTE";"Velocidade incompatível";"Colisão traseira";"Sem Vítimas";"Plena noite";"Crescente";"Nublado";"Simples";"Reta";"Rural";2;0;0;0;2;0;0;2
83430707;"17/01/16";"Domingo";"02:10:00";"BA";101;"175";"SAO GONCALO DOS CAMPOS";"Animais na Pista";"Tombamento";"Sem Vítimas";"Plena noite";"Decrescente";"Ceu Claro";"Simples";"Reta";"Rural";1;0;0;0;1;0;0;1
83430708;"16/01/16";"Sábado";"20:30:00";"BA";330;"806";"UBATA";"Falta de atenção";"Colisão traseira";"Com Vítimas Feridas";"Plena noite";"Crescente";"Ceu Claro";"Simples";"Reta";"Urbano";3;0;2;0;1;0;2;2
83430709;"16/01/16";"Sábado";"22:10:00";"RS";116;"142,9";"CAXIAS DO SUL";"Desobediência à sinalização";"Colisão Transversal";"Com Vítimas Feridas";"Plena noite";"Crescente";"Ceu Claro";"Simples";"Reta";"Urbano";2;0;1;0;1;0;1;2
83430710;"16/01/16";"Sábado";"19:50:00";"GO";60;"164,1";"GOIANIA";"Falta de atenção";"Atropelamento de pessoa";"Com Vítimas Feridas";"Anoitecer";"Crescente";"Ceu Claro";"Dupla";"Reta";"Urbano";2;0;0;1;0;1;1;1
83430711;"16/01/16";"Sábado";"23:15:00";"AC";364;"139";"RIO BRANCO";"Falta de atenção";"Colisão Transversal";"Com Vítimas Feridas";"Plena noite";"Crescente";"Nublado";"Simples";"Curva";"Urbano";2;0;1;0;1;0;1;2
83430712;"17/01/16";"Domingo";"00:30:00";"RN";304;"303,5";"MACAIBA";"Dormindo";"Colisão lateral";"Sem Vítimas";"Plena noite";"Decrescente";"Nublado";"Dupla";"Reta";"Rural";4;0;0;0;4;0;0;2
83430713;"16/01/16";"Sábado";"15:30:00";"BA";324;"518";"FEIRA DE SANTANA";"Outras";"Colisão com objeto fixo";"Sem Vítimas";"Pleno dia";"Crescente";"Nublado";"Dupla";"Curva";"Urbano";1;0;0;0;1;0;0;1
83430714;"17/01/16";"Domingo";"04:00:00";"PR";277;"718";"SANTA TEREZINHA DE ITAIPU";"Velocidade incompatível";"Queda de motocicleta / bicicleta / veículo";"Com Vítimas Feridas";"Plena noite";"Crescente";"Ceu Claro";"Dupla";"Reta";"Urbano";2;0;0;2;0;0;2;1
83430715;"16/01/16";"Sábado";"11:15:00";"MG";116;"338,5";"CAMPANARIO";"Defeito mecânico em veículo";"Colisão lateral";"Sem Vítimas";"Pleno dia";"Decrescente";"Chuva";"Simples";"Reta";"Rural";2;0;0;0;2;0;0;2
83430716;"16/01/16";"Sábado";"18:40:00";"SE";101;"85,4";"NOSSA SENHORA DO SOCORRO";"Outras";"Colisão traseira";"Sem Vítimas";"Plena noite";"Crescente";"Ceu Claro";"Dupla";"Reta";"Rural";5;0;0;0;4;1;0;5
83430717;"16/01/16";"Sábado";"18:20:00";"GO";40;"21";"LUZIANIA";"Falta de atenção";"Colisão com bicicleta";"Com Vítimas Feridas";"Pleno dia";"Crescente";"Nublado";"Dupla";"Reta";"Urbano";2;0;1;1;0;0;2;2
83430718;"16/01/16";"Sábado";"20:52:00";"RO";425;"51,9";"GUAJARA-MIRIM";"Falta de atenção";"Saída de Pista";"Com Vítimas Fatais";"Plena noite";"Decrescente";"Ceu Claro";"Simples";"Reta";"Rural";2;2;0;0;0;0;0;1
83430719;"16/01/16";"Sábado";"15:45:00";"PR";277;"59";"SAO JOSE DOS PINHAIS";"Velocidade incompatível";"Colisão com objeto fixo";"Sem Vítimas";"Pleno dia";"Crescente";"Ceu Claro";"Múltipla";"Reta";"Urbano";1;0;0;0;1;0;0;1
83430720;"16/01/16";"Sábado";"20:00:00";"CE";116;"43";"HORIZONTE";"Ingestão de álcool";"Colisão frontal";"Com Vítimas Feridas";"Plena noite";"Decrescente";"Ceu Claro";"Múltipla";"Reta";"Urbano";2;0;0;2;0;0;2;2
83430721;"16/01/16";"Sábado";"23:05:00";"CE";20;"397,6";"CAUCAIA";"Falta de atenção";"Colisão Transversal";"Com Vítimas Feridas";"Plena noite";"Decrescente";"Ceu Claro";"Simples";"Cruzamento";"Rural";3;0;0;2;1;0;2;2
83430723;"12/01/16";"Terça";"23:20:00";"RJ";116;"85";"TERESOPOLIS";"Outras";"Colisão frontal";"Com Vítimas Feridas";"Plena noite";"Decrescente";"Nublado";"Simples";"Curva";"Urbano";2;0;0;1;1;0;1;2
83430724;"17/01/16";"Domingo";"05:30:00";"SC";470;"58";"BLUMENAU";"Ingestão de álcool";"Colisão com objeto fixo";"Sem Vítimas";"Amanhecer";"Crescente";"Ceu Claro";"Simples";"Reta";"Urbano";1;0;0;0;1;0;0;1
83430725;"17/01/16";"Domingo";"03:10:00";"PI";343;"15,2";"PARNAIBA";"Ingestão de álcool";"Colisão com objeto fixo";"Com Vítimas Feridas";"Plena noite";"Crescente";"Nublado";"Simples";"Curva";"Urbano";2;0;0;2;0;0;2;1