"id";"data_inversa";"dia_semana";"horario";"uf";"br";"km";"municipio";"causa_acidente";"tipo_acidente";"classificacao_acidente";"fase_dia";"sentido_via";"condicao_metereologica";"tipo_pista";"tracado_via";"uso_solo";"pessoas";"mortos";"feridos_leves";"feridos_graves";"ilesos";"ignorados";"feridos";"veiculos"
83430726;"17/01/16";"Domingo";"00:15:00";"SC";280;"243,6";"CANOINHAS";"Ingestão de álcool";"Queda de motocicleta / bicicleta / veículo";"Com Vítimas Feridas";"Plena noite";"Decrescente";"Ceu Claro";"Simples";"Reta";"Rural";2;0;2;0;0;0;2;1
83430727;"16/01/16";"Sábado";"19:40:00";"BA";116;"912";"ENCRUZILHADA";"Ingestão de álcool";"Colisão traseira";"Com Vítimas Feridas";"Plena noite";"Decrescente";"Chuva";"Simples";"Reta";"Urbano";3;0;1;0;2;0;1;2
83430728;"16/01/16";"Sábado";"16:30:00";"AL";104;"84";"RIO LARGO";"Outras";"Queda de motocicleta / bicicleta / veículo";"Com Vítimas Feridas";"Pleno dia";"Crescente";"Ceu Claro";"Dupla";"Reta";"Urbano";1;0;1;0;0;0;1;1
83430729;"17/01/16";"Domingo";"04:20:00";"RN";101;"94,4";"NATAL";"Velocidade incompatível";"Colisão traseira";"Com Vítimas Feridas";"Plena noite";"Decrescente";"Nublado";"Múltipla";"Reta";"Urbano";2;0;1;0;0;1;1;2
83430730;"16/01/16";"Sábado";"23:15:00";"RR";174;"501";"BOA VISTA";"Ingestão de álcool";"Colisão traseira";"Com Vítimas Feridas";"Plena noite";"Decrescente";"Ceu Claro";"Dupla";"Reta";"Rural";4;0;3;0;1;0;3;2
83430731;"17/01/16";"Domingo";"05:00:00";"PR";476;"297,7";"SAO MATEUS DO SUL";"Outras";"Colisão Transversal";"Sem Vítimas";"Plena noite";"Crescente";"Nublado";"Simples";"Reta";"Rural";2;0;0;0;1;1;0;2
83430732;"16/01/16";"Sábado";"23:40:00";"GO";452;"50";"RIO VERDE";"Defeito mecânico em veículo";"Saída de Pista";"Sem Vítimas";"Plena noite";"Crescente";"Chuva";"Simples";"Reta";"Rural";1;0;0;0;1;0;0;1
83430733;"16/01/16";"Sábado";"22:05:00";"SP";116;"327,5";"JUQUITIBA";"Defeito mecânico em veículo";"Capotamento";"Sem Vítimas";"Plena noite";"Decrescente";"Nublado";"Dupla";"Curva";"Rural";1;0;0;0;1;0;0;1
83430734;"17/01/16";"Domingo";"04:00:00";"SC";480;"129,1";"CHAPECO";"Desobediência à sinalização";"Colisão Transversal";"Com Vítimas Feridas";"Plena noite";"Crescente";"Ceu Claro";"Simples";"Reta";"Urbano";3;0;2;0;0;1;2;2
83430736;"17/01/16";"Domingo";"04:50:00";"PR";376;"183,8";"SARANDI";"Ingestão de álcool";"Colisão traseira";"Sem Vítimas";"Plena noite";"Crescente";"Ceu Claro";"Dupla";"Cruzamento";"Urbano";2;0;0;0;2;0;0;2
83430738;"17/01/16";"Domingo";"04:30:00";"PR";476;"342";"PAULA FREITAS";"Não guardar distância de segurança";"Colisão traseira";"Sem Vítimas";"Plena noite";"Crescente";"Ceu Claro";"Simples";"Reta";"Urbano";3;0;0;0;3;0;0;3
83430739;"17/01/16";"Domingo";"02:20:00";"SP";116;"148";"SAO JOSE DOS CAMPOS";"Outras";"Colisão lateral";"Sem Vítimas";"Plena noite";"Decrescente";"Ceu Claro";"Múltipla";"Reta";"Urbano";2;0;0;0;2;0;0;2
83430740;"14/01/16";"Quinta";"05:40:00";"GO";60;"419";"RIO VERDE";"Falta de atenção";"Colisão traseira";"Com Vítimas Feridas";"Amanhecer";"Crescente";"Ceu Claro";"Dupla";"Curva";"Rural";3;0;0;1;2;0;1;2
83430741;"17/01/16";"Domingo";"04:30:00";"SP";116;"473";"JACUPIRANGA";"Falta de atenção";"Colisão traseira";"Com Vítimas Feridas";"Plena noite";"Decrescente";"Ceu Claro";"Dupla";"Reta";"Rural";5;0;1;3;1;0;4;2
83430742;"17/01/16";"Domingo";"03:00:00";"PR";476;"195,5";"LAPA";"Falta de atenção";"Atropelamento de pessoa";"Com Vítimas Fatais";"Amanhecer";"Decrescente";"Nevoeiro/neblina";"Simples";"Reta";"Urbano";2;1;0;0;0;1;0;1
83430743;"17/01/16";"Domingo";"05:10:00";"PE";101;"41,8";"IGARASSU";"Dormindo";"Colisão com objeto fixo";"Com Vítimas Feridas";"Amanhecer";"Decrescente";"Ceu Claro";"Dupla";"Reta";"Rural";2;0;1;1;0;0;2;1
83430744;"17/01/16";"Domingo";"04:00:00";"RR";174;"552";"BOA VISTA";"Outras";"Colisão frontal";"Ignorado";"Plena noite";"Crescente";"Ceu Claro";"Simples";"Reta";"Rural";2;0;0;0;0;2;0;2
83430745;"16/01/16";"Sábado";"22:35:00";"MS";163;"396,9";"NOVA ALVORADA DO SUL";"Dormindo";"Saída de Pista";"Com Vítimas Feridas";"Plena noite";"Crescente";"Nublado";"Simples";"Curva";"Rural";3;0;3;0;0;0;3;1
83430747;"16/01/16";"Sábado";"10:00:00";"MG";381;"341";"BELA VISTA DE MINAS";"Velocidade incompatível";"Saída de Pista";"Com Vítimas Feridas";"Pleno dia";"Decrescente";"Chuva";"Simples";"Curva";"Rural";3;0;2;0;1;0;2;1
83430748;"17/01/16";"Domingo";"06:50:00";"PR";467;"86";"CASCAVEL";"Outras";"Capotamento";"Sem Vítimas";"Amanhecer";"Decrescente";"Ceu Claro";"Dupla";"Reta";"Urbano";2;0;0;0;2;0;0;1
83430749;"17/01/16";"Domingo";"00:40:00";"MT";364;"496";"JANGADA";"Falta de atenção";"Colisão frontal";"Com Vítimas Fatais";"Plena noite";"Crescente";"Nublado";"Simples";"Reta";"Rural";4;1;0;3;0;0;3;2
83430750;"14/01/16";"Quinta";"02:30:00";"CE";222;"49";"CROATA";"Dormindo";"Colisão lateral";"Sem Vítimas";"Pleno dia";"Decrescente";"Ceu Claro";"Simples";"Reta";"Rural";2;0;0;0;2;0;0;2
83430751;"13/01/16";"Quarta";"20:30:00";"CE";222;"3,8";"CAUCAIA";"Falta de atenção";"Colisão lateral";"Com Vítimas Feridas";"Plena noite";"Crescente";"Ceu Claro";"Múltipla";"Reta";"Urbano";2;0;1;0;1;0;1;2
83430752;"17/01/16";"Domingo";"05:20:00";"PE";101;"42,1";"IGARASSU";"Dormindo";"Colisão com objeto fixo";"Sem Vítimas";"Amanhecer";"Crescente";"Ceu Claro";"Múltipla";"Reta";"Rural";2;0;0;0;2;0;0;1
83430753;"12/01/16";"Terça";"21:30:00";"PR";373;"221";"IMBITUVA";"Defeito mecânico em veículo";"Tombamento";"Sem Vítimas";"Plena noite";"Crescente";"Nublado";"Simples";"Reta";"Rural";1;0;0;0;1;0;0;1
83430754;"12/01/16";"Terça";"21:20:00";"PR";373;"265";"PRUDENTOPOLIS";"Falta de atenção";"Colisão Transversal";"Sem Vítimas";"Plena noite";"Crescente";"Nublado";"Simples";"Cruzamento";"Urbano";2;0;0;0;2;0;0;2
83430755;"17/01/16";"Domingo";"00:20:00";"BA";116;"594,4";"IRAJUBA";"Dormindo";"Saída de Pista";"Sem Vítimas";"Plena noite";"Decrescente";"Chuva";"Simples";"Reta";"Rural";1;0;0;0;1;0;0;1
83430756;"16/01/16";"Sábado";"09:10:00";"MG";262;"113";"RIO CASCA";"Velocidade incompatível";"Colisão frontal";"Com Vítimas Feridas";"Pleno dia";"Decrescente";"Chuva";"Simples";"Curva";"Rural";5;0;0;1;4;0;1;4
83430759;"17/01/16";"Domingo";"05:00:00";"PE";232;"129";"CARUARU";"Outras";"Atropelamento de pessoa";"Com Vítimas Fatais";"Amanhecer";"Crescente";"Nublado";"Dupla";"Reta";"Urbano";3;1;1;0;1;0;1;1
83430760;"17/01/16";"Domingo";"06:20:00";"BA";116;"436,2";"FEIRA DE SANTANA";"Defeito mecânico em veículo";"Saída de Pista";"Sem Vítimas";"Pleno dia";"Crescente";"Nublado";"Dupla";"Reta";"Rural";2;0;0;0;2;0;0;1
83430761;"16/01/16";"Sábado";"17:20:00";"BA";324;"517";"FEIRA DE SANTANA";"Falta de atenção";"Queda de motocicleta / bicicleta / veículo";"Com Vítimas Feridas";"Pleno dia";"Crescente";"Nublado";"Simples";"Reta";"Urbano";1;0;0;1;0;0;1;1
83430762;"11/01/16";"Segunda";"18:55:00";"PR";116;"37,8";"CAMPINA GRANDE DO SUL";"Velocidade incompatível";"Colisão com objeto fixo";"Sem Vítimas";"Pleno dia";"Crescente";"Nublado";"Dupla";"Curva";"Rural";1;0;0;0;1;0;0;1
83430763;"14/01/16";"Quinta";"02:30:00";"SC";280;"38";"ARAQUARI";"Outras";"Saída de Pista";"Com Vítimas Feridas";"Plena noite";"Decrescente";"Chuva";"Simples";"Curva";"Rural";1;0;1;0;0;0;1;1
83430764;"15/01/16";"Sexta";"15:10:00";"SC";470;"73,1";"INDAIAL";"Outras";"Colisão traseira";"Com Vítimas Feridas";"Pleno dia";"Decrescente";"Sol";"Simples";"Cruzamento";"Rural";3;0;2;0;0;1;2;2
83430765;"10/01/16";"Domingo";"15:00:00";"BA";324;"562";"SAO SEBASTIAO DO PASSE";"Outras";"Tombamento";"Com Vítimas Feridas";"Pleno dia";"Decrescente";"Chuva";"Simples";"Reta";"Urbano";2;0;2;0;0;0;2;1
83430766;"13/01/16";"Quarta";"19:02:00";"PR";116;"28,2";"CAMPINA GRANDE DO SUL";"Velocidade incompatível";"Tombamento";"Com Vítimas Feridas";"Pleno dia";"Decrescente";"Ceu Claro";"Simples";"Curva";"Rural";1;0;1;0;0;0;1;1
83430767;"11/01/16";"Segunda";"13:00:00";"PR";116;"32,5";"CAMPINA GRANDE DO SUL";"Falta de atenção";"Saída de Pista";"Com Vítimas Feridas";"Pleno dia";"Crescente";"Ceu Claro";"Dupla";"Reta";"Rural";3;0;3;0;0;0;3;1
83430768;"17/01/16";"Domingo";"06:49:00";"ES";101;"213,4";"IBIRACU";"Falta de atenção";"Colisão Transversal";"Com Vítimas Feridas";"Pleno dia";"Decrescente";"Nublado";"Simples";"Cruzamento";"Urbano";3;0;0;2;1;0;2;2
83430769;"17/01/16";"Domingo";"09:20:00";"GO";60;"184";"ABADIA DE GOIAS";"Outras";"Saída de Pista";"Sem Vítimas";"Pleno dia";"Crescente";"Chuva";"Dupla";"Curva";"Rural";3;0;0;0;3;0;0;1
83430770;"15/01/16";"Sexta";"23:30:00";"MS";163;"290,6";"DOURADOS";"Falta de atenção";"Colisão com objeto fixo";"Sem Vítimas";"Plena noite";"Decrescente";"Chuva";"Simples";"Cruzamento";"Rural";1;0;0;0;1;0;0;1
83430771;"17/01/16";"Domingo";"06:10:00";"MG";381;"510";"SAO JOAQUIM DE BICAS";"Outras";"Saída de Pista";"Com Vítimas Feridas";"Amanhecer";"Decrescente";"Chuva";"Dupla";"Reta";"Urbano";1;0;1;0;0;0;1;1
83430774;"13/01/16";"Quarta";"23:30:00";"CE";222;"8,5";"CAUCAIA";"Outras";"Colisão Transversal";"Com Vítimas Feridas";"Plena noite";"Decrescente";"Ceu Claro";"Múltipla";"Reta";"Urbano";4;0;1;1;2;0;2;3
83430775;"15/01/16";"Sexta";"23:30:00";"RN";304;"98,7";"ASSU";"Não guardar distância de segurança";"Colisão traseira";"Sem Vítimas";"Plena noite";"Decrescente";"Ceu Claro";"Simples";"Reta";"Rural";2;0;0;0;2;0;0;2
83430776;"05/01/16";"Terça";"07:00:00";"CE";116;"43";"HORIZONTE";"Outras";"Colisão lateral";"Com Vítimas Feridas";"Pleno dia";"Decrescente";"Ceu Claro";"Dupla";"Reta";"Urbano";2;0;0;1;1;0;1;2
83430777;"14/01/16";"Quinta";"20:40:00";"SP";116;"162";"JACAREI";"Outras";"Colisão traseira";"Sem Vítimas";"Plena noite";"Crescente";"Chuva";"Dupla";"Reta";"Urbano";3;0;0;0;3;0;0;3
83430778;"10/01/16";"Domingo";"03:30:00";"RJ";356;"179";"SAO JOAO DA BARRA";"Ingestão de álcool";"Saída de Pista";"Com Vítimas Feridas";"Plena noite";"Decrescente";"Ceu Claro";"Simples";"Curva";"Rural";1;0;0;1;0;0;1;1
83430779;"14/01/16";"Quinta";"19:30:00";"MG";116;"810";"ALEM PARAIBA";"Velocidade incompatível";"Colisão frontal";"Com Vítimas Feridas";"Anoitecer";"Decrescente";"Chuva";"Simples";"Curva";"Rural";3;0;1;1;1;0;2;3
83430780;"16/01/16";"Sábado";"06:15:00";"GO";153;"318";"RIANAPOLIS";"Falta de atenção";"Capotamento";"Com Vítimas Feridas";"Amanhecer";"Decrescente";"Chuva";"Simples";"Reta";"Urbano";1;0;1;0;0;0;1;1
83430781;"13/01/16";"Quarta";"17:30:00";"RJ";40;"120";"DUQUE DE CAXIAS";"Defeito mecânico em veículo";"Colisão traseira";"Com Vítimas Feridas";"Pleno dia";"Decrescente";"Nublado";"Múltipla";"Reta";"Urbano";9;0;7;0;2;0;7;2
83430782;"17/01/16";"Domingo";"07:50:00";"PE";232;"289";"SERTANIA";"Dormindo";"Saída de Pista";"Com Vítimas Feridas";"Pleno dia";"Crescente";"Sol";"Simples";"Reta";"Rural";3;0;1;1;1;0;2;1
83430783;"17/01/16";"Domingo";"08:10:00";"RS";290;"596,3";"ALEGRETE";"Animais na Pista";"Atropelamento de animal";"Sem Vítimas";"Pleno dia";"Crescente";"Ceu Claro";"Simples";"Reta";"Urbano";4;0;0;0;4;0;0;1
83430784;"13/01/16";"Quarta";"21:00:00";"ES";101;"331,5";"GUARAPARI";"Falta de atenção";"Colisão Transversal";"Com Vítimas Feridas";"Plena noite";"Crescente";"Nublado";"Simples";"Curva";"Rural";3;0;2;0;1;0;2;2
83430785;"09/01/16";"Sábado";"14:20:00";"BA";101;"385";"IBIRAPITANGA";"Falta de atenção";"Tombamento";"Sem Vítimas";"Pleno dia";"Decrescente";"Chuva";"Simples";"Curva";"Rural";1;0;0;0;1;0;0;1
83430786;"15/01/16";"Sexta";"17:40:00";"PR";476;"136";"CURITIBA";"Falta de atenção";"Colisão traseira";"Com Vítimas Feridas";"Pleno dia";"Crescente";"Sol";"Dupla";"Reta";"Urbano";2;0;1;0;1;0;1;2
83430787;"17/01/16";"Domingo";"04:00:00";"RJ";116;"164,2";"RIO DE JANEIRO";"Outras";"Capotamento";"Ignorado";"Pleno dia";"Decrescente";"Nublado";"Múltipla";"Reta";"Urbano";1;0;0;0;0;1;0;1
83430788;"17/01/16";"Domingo";"08:30:00";"RN";101;"77";"NATAL";"Outras";"Saída de Pista";"Com Vítimas Feridas";"Pleno dia";"Decrescente";"Sol";"Dupla";"Reta";"Urbano";2;0;1;0;1;0;1;1
83430789;"14/01/16";"Quinta";"21:50:00";"MG";116;"529,2";"CARATINGA";"Outras";"Atropelamento de pessoa";"Com Vítimas Feridas";"Plena noite";"Crescente";"Ceu Claro";"Dupla";"Reta";"Urbano";2;0;0;1;1;0;1;1
83430790;"16/01/16";"Sábado";"20:30:00";"MG";365;"681,9";"MONTE ALEGRE DE MINAS";"Falta de atenção";"Colisão traseira";"Com Vítimas Fatais";"Plena noite";"Crescente";"Chuva";"Dupla";"Reta";"Rural";2;1;0;0;0;1;0;2
83430791;"17/01/16";"Domingo";"09:20:00";"GO";153;"508,1";"APARECIDA DE GOIANIA";"Outras";"Capotamento";"Sem Vítimas";"Pleno dia";"Crescente";"Chuva";"Dupla";"Reta";"Urbano";1;0;0;0;1;0;0;1
83430792;"17/01/16";"Domingo";"09:15:00";"ES";101;"172,5";"ARACRUZ";"Falta de atenção";"Colisão lateral";"Com Vítimas Feridas";"Pleno dia";"Decrescente";"Nublado";"Simples";"Reta";"Rural";3;0;1;0;2;0;1;2
83430795;"14/01/16";"Quinta";"07:04:00";"RJ";116;"239,3";"PIRAI";"Defeito mecânico em veículo";"Colisão com objeto fixo";"Sem Vítimas";"Pleno dia";"Crescente";"Chuva";"Simples";"Reta";"Rural";1;0;0;0;1;0;0;1
83430796;"17/01/16";"Domingo";"07:55:00";"BA";101;"572";"CAMACAN";"Velocidade incompatível";"Colisão lateral";"Com Vítimas Feridas";"Pleno dia";"Decrescente";"Chuva";"Simples";"Curva";"Urbano";9;0;2;3;4;0;5;2
83430797;"17/01/16";"Domingo";"09:40:00";"SP";381;"66,3";"MAIRIPORA";"Outras";"Colisão traseira";"Com Vítimas Feridas";"Pleno dia";"Crescente";"Sol";"Dupla";"Reta";"Urbano";3;0;1;0;1;1;1;2
83430799;"17/01/16";"Domingo";"08:35:00";"PR";476;"317";"PAULO FRONTIN";"Defeito na via";"Saída de Pista";"Com Vítimas Feridas";"Pleno dia";"Decrescente";"Ceu Claro";"Simples";"Curva";"Rural";2;0;1;0;1;0;1;1
83430800;"15/01/16";"Sexta";"22:30:00";"PR";277;"67";"SAO JOSE DOS PINHAIS";"Animais na Pista";"Atropelamento de animal";"Com Vítimas Feridas";"Plena noite";"Decrescente";"Nublado";"Dupla";"Reta";"Urbano";2;0;2;0;0;0;2;1
83430802;"15/01/16";"Sexta";"14:30:00";"SP";116;"226";"GUARULHOS";"Velocidade incompatível";"Colisão lateral";"Com Vítimas Feridas";"Pleno dia";"Decrescente";"Chuva";"Múltipla";"Reta";"Urbano";2;0;1;0;1;0;1;2
83430803;"17/01/16";"Domingo";"05:30:00";"BA";367;"23,9";"PORTO SEGURO";"Outras";"Colisão frontal";"Com Vítimas Fatais";"Amanhecer";"Crescente";"Chuva";"Simples";"Reta";"Urbano";4;1;0;0;2;1;0;2
83430804;"13/01/16";"Quarta";"23:10:00";"PR";277;"47,1";"MORRETES";"Defeito mecânico em veículo";"Incêndio";"Sem Vítimas";"Plena noite";"Crescente";"Nublado";"Dupla";"Reta";"Rural";1;0;0;0;1;0;0;1
83430805;"17/01/16";"Domingo";"06:00:00";"GO";60;"388";"RIO VERDE";"Falta de atenção";"Saída de Pista";"Com Vítimas Feridas";"Amanhecer";"Decrescente";"Ceu Claro";"Dupla";"Reta";"Urbano";1;0;1;0;0;0;1;1
83430807;"17/01/16";"Domingo";"08:20:00";"PR";376;"174,5";"MARINGA";"Ingestão de álcool";"Colisão Transversal";"Com Vítimas Feridas";"Pleno dia";"Crescente";"Ceu Claro";"Dupla";"Reta";"Urbano";3;0;1;0;2;0;1;2
83430808;"17/01/16";"Domingo";"10:50:00";"GO";153;"204,2";"URUACU";"Não guardar distância de segurança";"Colisão traseira";"Sem Vítimas";"Pleno dia";"Crescente";"Nublado";"Simples";"Reta";"Rural";6;0;0;0;6;0;0;2
83430809;"15/01/16";"Sexta";"00:30:00";"MG";262;"748,8";"SACRAMENTO";"Outras";"Tombamento";"Sem Vítimas";"Plena noite";"Crescente";"Chuva";"Simples";"Curva";"Rural";1;0;0;0;1;0;0;1
83430810;"15/01/16";"Sexta";"19:30:00";"MA";316;"598,1";"TIMON";"Ingestão de álcool";"Colisão Transversal";"Sem Vítimas";"Plena noite";"Crescente";"Ceu Claro";"Simples";"Reta";"Rural";2;0;0;0;2;0;0;2
83430812;"17/01/16";"Domingo";"10:00:00";"SP";153;"2";"ICEM";"Defeito mecânico em veículo";"Colisão com objeto fixo";"Sem Vítimas";"Pleno dia";"Decrescente";"Sol";"Simples";"Reta";"Rural";1;0;0;0;1;0;0;1
83430813;"17/01/16";"Domingo";"12:20:00";"MG";262;"579,5";"CORREGO DANTA";"Não guardar distância de segurança";"Saída de Pista";"Com Vítimas Feridas";"Pleno dia";"Crescente";"Ignorada";"Simples";"Reta";"Rural";2;0;2;0;0;0;2;1
83430814;"14/01/16";"Quinta";"02:30:00";"PE";101;"48";"ABREU E LIMA";"Outras";"Saída de Pista";"Com Vítimas Fatais";"Plena noite";"Crescente";"Nublado";"Múltipla";"Reta";"Urbano";2;1;1;0;0;0;1;1
83430815;"17/01/16";"Domingo";"09:30:00";"SC";101;"220,1";"PALHOCA";"Falta de atenção";"Colisão lateral";"Com Vítimas Feridas";"Pleno dia";"Crescente";"Ceu Claro";"Múltipla";"Reta";"Urbano";3;0;1;0;2;0;1;2
83430816;"17/01/16";"Domingo";"12:50:00";"MG";40;"285";"TRES MARIAS";"Outras";"Saída de Pista";"Com Vítimas Feridas";"Pleno dia";"Decrescente";"Chuva";"Simples";"Curva";"Rural";3;0;2;0;1;0;2;1
83430817;"17/01/16";"Domingo";"07:25:00";"BA";101;"567";"ARATACA";"Outras";"Capotamento";"Sem Vítimas";"Pleno dia";"Crescente";"Chuva";"Simples";"Curva";"Rural";2;0;0;0;2;0;0;1
83430818;"17/01/16";"Domingo";"07:30:00";"SC";101;"272,1";"IMBITUBA";"Falta de atenção";"Capotamento";"Com Vítimas Feridas";"Pleno dia";"Crescente";"Sol";"Dupla";"Reta";"Rural";2;0;0;2;0;0;2;1
83430819;"17/01/16";"Domingo";"09:45:00";"GO";158;"261,3";"JATAI";"Ingestão de álcool";"Saída de Pista";"Com Vítimas Feridas";"Pleno dia";"Decrescente";"Chuva";"Simples";"Reta";"Urbano";2;0;1;1;0;0;2;1
83430820;"17/01/16";"Domingo";"08:45:00";"PB";104;"120";"CAMPINA GRANDE";"Falta de atenção";"Colisão Transversal";"Com Vítimas Feridas";"Pleno dia";"Crescente";"Ceu Claro";"Simples";"Reta";"Rural";3;0;1;0;2;0;1;2
83430821;"15/01/16";"Sexta";"21:20:00";"PR";153;"160";"VENTANIA";"Falta de atenção";"Colisão traseira";"Com Vítimas Feridas";"Plena noite";"Crescente";"Ceu Claro";"Simples";"Reta";"Rural";2;0;1;0;1;0;1;2
83430822;"14/01/16";"Quinta";"08:25:00";"MG";381;"531";"ITATIAIUCU";"Velocidade incompatível";"Capotamento";"Sem Vítimas";"Pleno dia";"Crescente";"Chuva";"Dupla";"Curva";"Rural";1;0;0;0;1;0;0;1
83430823;"17/01/16";"Domingo";"12:15:00";"CE";222;"164,2";"IRAUCUBA";"Velocidade incompatível";"Saída de Pista";"Sem Vítimas";"Pleno dia";"Decrescente";"Chuva";"Simples";"Curva";"Rural";4;0;0;0;4;0;0;1
83430825;"17/01/16";"Domingo";"09:05:00";"MS";267;"0,2";"BATAGUASSU";"Outras";"Colisão traseira";"Sem Vítimas";"Pleno dia";"Decrescente";"Ceu Claro";"Simples";"Reta";"Rural";2;0;0;0;2;0;0;2
83430826;"17/01/16";"Domingo";"07:00:00";"RJ";40;"54";"PETROPOLIS";"Ingestão de álcool";"Colisão com objeto fixo";"Sem Vítimas";"Pleno dia";"Decrescente";"Nublado";"Dupla";"Reta";"Rural";1;0;0;0;1;0;0;1
83430827;"17/01/16";"Domingo";"08:30:00";"SC";470;"37,2";"GASPAR";"Não guardar distância de segurança";"Colisão traseira";"Sem Vítimas";"Pleno dia";"Crescente";"Sol";"Simples";"Reta";"Urbano";3;0;0;0;3;0;0;3
83430828;"17/01/16";"Domingo";"12:00:00";"MS";163;"783";"COXIM";"Outras";"Saída de Pista";"Com Vítimas Feridas";"Pleno dia";"Crescente";"Chuva";"Simples";"Reta";"Rural";2;0;1;0;1;0;1;1
83430829;"17/01/16";"Domingo";"12:00:00";"GO";60;"73";"ABADIANIA";"Falta de atenção";"Colisão com objeto fixo";"Com Vítimas Feridas";"Pleno dia";"Crescente";"Chuva";"Dupla";"Curva";"Rural";1;0;1;0;0;0;1;1
83430830;"13/01/16";"Quarta";"17:05:00";"PA";316;"150";"CAPANEMA";"Falta de atenção";"Colisão Transversal";"Sem Vítimas";"Pleno dia";"Decrescente";"Nublado";"Simples";"Cruzamento";"Urbano";2;0;0;0;2;0;0;2
83430831;"13/01/16";"Quarta";"11:10:00";"SC";116;"245,5";"LAGES";"Desobediência à sinalização";"Colisão Transversal";"Sem Vítimas";"Pleno dia";"Crescente";"Sol";"Simples";"Cruzamento";"Urbano";2;0;0;0;2;0;0;2
83430832;"17/01/16";"Domingo";"15:00:00";"SC";116;"201";"PONTE ALTA";"Falta de atenção";"Colisão lateral";"Sem Vítimas";"Pleno dia";"Decrescente";"Ceu Claro";"Simples";"Reta";"Rural";2;0;0;0;2;0;0;2
83430833;"17/01/16";"Domingo";"10:30:00";"GO";60;"112,2";"GOIANAPOLIS";"Falta de atenção";"Saída de Pista";"Com Vítimas Feridas";"Pleno dia";"Crescente";"Chuva";"Dupla";"Reta";"Rural";1;0;0;1;0;0;1;1
83430834;"17/01/16";"Domingo";"10:15:00";"RJ";116;"26,9";"SAPUCAIA";"Outras";"Saída de Pista";"Com Vítimas Feridas";"Pleno dia";"Crescente";"Chuva";"Simples";"Curva";"Rural";2;0;2;0;0;0;2;1
83430836;"17/01/16";"Domingo";"14:00:00";"MG";267;"9,9";"LEOPOLDINA";"Falta de atenção";"Saída de Pista";"Sem Vítimas";"Pleno dia";"Crescente";"Chuva";"Simples";"Curva";"Rural";1;0;0;0;1;0;0;1
83430837;"17/01/16";"Domingo";"08:30:00";"MG";40;"791";"JUIZ DE FORA";"Velocidade incompatível";"Saída de Pista";"Com Vítimas Feridas";"Pleno dia";"Crescente";"Chuva";"Dupla";"Reta";"Rural";5;0;4;0;1;0;4;1
83430838;"15/01/16";"Sexta";"15:45:00";"PB";230;"16,4";"JOAO PESSOA";"Não guardar distância de segurança";"Colisão traseira";"Sem Vítimas";"Pleno dia";"Decrescente";"Ceu Claro";"Dupla";"Reta";"Urbano";8;0;0;0;7;1;0;4
83430839;"17/01/16";"Domingo";"11:00:00";"RJ";101;"553";"ANGRA DOS REIS";"Outras";"Capotamento";"Sem Vítimas";"Pleno dia";"Decrescente";"Nublado";"Simples";"Curva";"Rural";1;0;0;0;1;0;0;1
83430840;"17/01/16";"Domingo";"10:45:00";"RS";290;"216,3";"PANTANO GRANDE";"Não guardar distância de segurança";"Colisão traseira";"Com Vítimas Feridas";"Pleno dia";"Decrescente";"Sol";"Simples";"Reta";"Urbano";7;0;1;0;6;0;1;6
83430841;"17/01/16";"Domingo";"09:00:00";"RO";364;"253,3";"CACOAL";"Falta de atenção";"Saída de Pista";"Sem Vítimas";"Pleno dia";"Decrescente";"Nublado";"Simples";"Reta";"Rural";1;0;0;0;1;0;0;1
83430842;"17/01/16";"Domingo";"07:30:00";"MG";40;"799";"JUIZ DE FORA";"Velocidade incompatível";"Saída de Pista";"Sem Vítimas";"Pleno dia";"Crescente";"Chuva";"Dupla";"Cruzamento";"Rural";1;0;0;0;1;0;0;1
83430843;"17/01/16";"Domingo";"12:15:00";"PB";230;"70";"SOBRADO";"Falta de atenção";"Queda de motocicleta / bicicleta / veículo";"Com Vítimas Feridas";"Pleno dia";"Decrescente";"Ceu Claro";"Dupla";"Reta";"Urbano";1;0;1;0;0;0;1;1
83430844;"17/01/16";"Domingo";"14:35:00";"PR";476;"112";"COLOMBO";"Outras";"Queda de motocicleta / bicicleta / veículo";"Com Vítimas Feridas";"Pleno dia";"Decrescente";"Sol";"Dupla";"Reta";"Rural";2;0;2;0;0;0;2;1
83430845;"17/01/16";"Domingo";"10:00:00";"MT";158;"697";"BARRA DO GARCAS";"Não guardar distância de segurança";"Colisão frontal";"Com Vítimas Feridas";"Plena noite";"Crescente";"Chuva";"Simples";"Reta";"Urbano";10;0;6;1;3;0;7;3
83430846;"13/01/16";"Quarta";"16:30:00";"MG";381;"840,5";"SAO SEBASTIAO DA BELA VISTA";"Dormindo";"Saída de Pista";"Com Vítimas Feridas";"Pleno dia";"Crescente";"Chuva";"Dupla";"Reta";"Rural";1;0;1;0;0;0;1;1
83430847;"17/01/16";"Domingo";"07:21:00";"RN";101;"150,5";"GOIANINHA";"Desobediência à sinalização";"Saída de Pista";"Com Vítimas Feridas";"Pleno dia";"Decrescente";"Chuva";"Dupla";"Reta";"Urbano";1;0;1;0;0;0;1;1
83430848;"17/01/16";"Domingo";"09:45:00";"SC";470;"74,3";"INDAIAL";"Falta de atenção";"Colisão Transversal";"Com Vítimas Feridas";"Pleno dia";"Decrescente";"Sol";"Simples";"Reta";"Urbano";2;0;1;0;1;0;1;2