"id";"data_inversa";"dia_semana";"horario";"uf";"br";"km";"municipio";"causa_acidente";"tipo_acidente";"classificacao_acidente";"fase_dia";"sentido_via";"condicao_metereologica";"tipo_pista";"tracado_via";"uso_solo";"pessoas";"mortos";"feridos_leves";"feridos_graves";"ilesos";"ignorados";"feridos";"veiculos"
83431086;"14/01/16";"Quinta";"22:15:00";"RJ";40;"110";"DUQUE DE CAXIAS";"Não guardar distância de segurança";"Colisão lateral";"Com Vítimas Feridas";"Plena noite";"Decrescente";"Ignorada";"Múltipla";"Reta";"Urbano";2;0;1;0;1;0;1;2
83431087;"18/01/16";"Segunda";"06:50:00";"PR";277;"266,7";"IRATI";"Dormindo";"Tombamento";"Sem Vítimas";"Amanhecer";"Crescente";"Nublado";"Simples";"Reta";"Rural";1;0;0;0;1;0;0;1
83431088;"18/01/16";"Segunda";"09:30:00";"SC";101;"14,2";"GARUVA";"Falta de atenção";"Colisão com bicicleta";"Com Vítimas Feridas";"Pleno dia";"Decrescente";"Sol";"Múltipla";"Reta";"Rural";2;0;1;0;1;0;1;2
83431089;"10/01/16";"Domingo";"15:20:00";"PE";104;"78,1";"AGRESTINA";"Velocidade incompatível";"Queda de motocicleta / bicicleta / veículo";"Com Vítimas Feridas";"Pleno dia";"Crescente";"Ceu Claro";"Simples";"Curva";"Rural";2;0;1;0;1;0;1;1
83431090;"18/01/16";"Segunda";"06:20:00";"ES";101;"267,8";"SERRA";"Desobediência à sinalização";"Colisão Transversal";"Com Vítimas Feridas";"Pleno dia";"Decrescente";"Chuva";"Múltipla";"Reta";"Urbano";2;0;1;0;1;0;1;2
83431092;"16/01/16";"Sábado";"02:20:00";"SP";116;"134,3";"SAO JOSE DOS CAMPOS";"Ingestão de álcool";"Colisão traseira";"Com Vítimas Feridas";"Plena noite";"Decrescente";"Nublado";"Dupla";"Reta";"Urbano";4;0;1;0;3;0;1;2
83431093;"14/01/16";"Quinta";"16:30:00";"MG";262;"443,3";"NOVA SERRANA";"Outras";"Capotamento";"Com Vítimas Feridas";"Pleno dia";"Decrescente";"Chuva";"Dupla";"Reta";"Rural";2;0;1;0;1;0;1;1
83431095;"14/01/16";"Quinta";"16:00:00";"PA";230;"120,2";"MARABA";"Falta de atenção";"Colisão traseira";"Sem Vítimas";"Pleno dia";"Decrescente";"Nublado";"Dupla";"Reta";"Urbano";2;0;0;0;2;0;0;2
83431097;"17/01/16";"Domingo";"00:20:00";"ES";101;"289,9";"CARIACICA";"Desobediência à sinalização";"Colisão Transversal";"Com Vítimas Feridas";"Plena noite";"Crescente";"Nublado";"Dupla";"Reta";"Urbano";5;0;2;3;0;0;5;2
83431098;"17/01/16";"Domingo";"09:45:00";"GO";60;"118";"TEREZOPOLIS DE GOIAS";"Falta de atenção";"Colisão lateral";"Sem Vítimas";"Pleno dia";"Decrescente";"Chuva";"Dupla";"Reta";"Urbano";2;0;0;0;2;0;0;2
83431099;"14/01/16";"Quinta";"12:30:00";"ES";259;"4,5";"SERRA";"Ultrapassagem indevida";"Colisão lateral";"Com Vítimas Fatais";"Pleno dia";"Decrescente";"Ceu Claro";"Simples";"Reta";"Rural";4;1;3;0;0;0;3;2
83431100;"18/01/16";"Segunda";"07:00:00";"ES";101;"271,5";"SERRA";"Outras";"Saída de Pista";"Sem Vítimas";"Pleno dia";"Decrescente";"Chuva";"Múltipla";"Reta";"Urbano";1;0;0;0;1;0;0;1
83431101;"17/01/16";"Domingo";"05:50:00";"BA";116;"736,2";"BOA NOVA";"Ultrapassagem indevida";"Colisão frontal";"Com Vítimas Fatais";"Pleno dia";"Decrescente";"Nublado";"Simples";"Curva";"Rural";3;1;0;1;1;0;1;2
83431102;"17/01/16";"Domingo";"19:15:00";"RS";116;"190";"NOVA PETROPOLIS";"Outras";"Colisão frontal";"Com Vítimas Feridas";"Anoitecer";"Decrescente";"Ceu Claro";"Simples";"Curva";"Rural";4;0;1;0;3;0;1;2
83431103;"18/01/16";"Segunda";"07:40:00";"PR";277;"74";"SAO JOSE DOS PINHAIS";"Ingestão de álcool";"Colisão traseira";"Com Vítimas Feridas";"Pleno dia";"Crescente";"Sol";"Dupla";"Reta";"Urbano";4;0;1;1;2;0;2;3
83431104;"18/01/16";"Segunda";"07:30:00";"PB";427;"31,4";"POMBAL";"Falta de atenção";"Colisão Transversal";"Com Vítimas Feridas";"Amanhecer";"Decrescente";"Chuva";"Simples";"Curva";"Rural";2;0;0;1;1;0;1;2
83431105;"18/01/16";"Segunda";"08:20:00";"PR";116;"93,3";"SAO JOSE DOS PINHAIS";"Outras";"Queda de motocicleta / bicicleta / veículo";"Com Vítimas Feridas";"Pleno dia";"Decrescente";"Sol";"Dupla";"Curva";"Rural";1;0;0;1;0;0;1;1
83431106;"15/01/16";"Sexta";"22:22:00";"PR";476;"157,5";"ARAUCARIA";"Ingestão de álcool";"Colisão traseira";"Com Vítimas Feridas";"Plena noite";"Crescente";"Nublado";"Simples";"Reta";"Rural";2;0;1;0;1;0;1;2
83431107;"18/01/16";"Segunda";"08:15:00";"BA";415;"20,5";"ILHEUS";"Falta de atenção";"Colisão traseira";"Com Vítimas Feridas";"Pleno dia";"Crescente";"Ceu Claro";"Simples";"Reta";"Rural";2;0;1;0;1;0;1;2
83431108;"16/01/16";"Sábado";"03:20:00";"PR";277;"95";"CURITIBA";"Outras";"Capotamento";"Com Vítimas Feridas";"Plena noite";"Crescente";"Nublado";"Dupla";"Reta";"Urbano";1;0;1;0;0;0;1;1
83431109;"18/01/16";"Segunda";"10:30:00";"RS";285;"323,2";"PASSO FUNDO";"Outras";"Capotamento";"Com Vítimas Feridas";"Plena noite";"Decrescente";"Sol";"Simples";"Reta";"Urbano";3;0;3;0;0;0;3;1
83431110;"15/01/16";"Sexta";"21:00:00";"PR";277;"721";"FOZ DO IGUACU";"Falta de atenção";"Colisão Transversal";"Com Vítimas Feridas";"Plena noite";"Crescente";"Ceu Claro";"Dupla";"Cruzamento";"Rural";4;0;2;0;2;0;2;2
83431111;"16/01/16";"Sábado";"16:45:00";"AL";101;"77";"RIO LARGO";"Ingestão de álcool";"Colisão frontal";"Com Vítimas Feridas";"Pleno dia";"Crescente";"Ceu Claro";"Simples";"Reta";"Rural";3;0;1;1;1;0;2;3
83431112;"17/01/16";"Domingo";"10:00:00";"BA";324;"435";"RIACHAO DO JACUIPE";"Defeito mecânico em veículo";"Colisão Transversal";"Com Vítimas Feridas";"Pleno dia";"Crescente";"Nublado";"Simples";"Reta";"Rural";2;0;0;1;1;0;1;2
83431113;"14/01/16";"Quinta";"18:12:00";"CE";20;"420,5";"MARACANAU";"Falta de atenção";"Colisão com bicicleta";"Com Vítimas Feridas";"Plena noite";"Crescente";"Ceu Claro";"Simples";"Reta";"Urbano";2;0;2;0;0;0;2;2
83431115;"16/01/16";"Sábado";"19:00:00";"MG";251;"324";"SALINAS";"Velocidade incompatível";"Saída de Pista";"Com Vítimas Feridas";"Plena noite";"Crescente";"Chuva";"Simples";"Curva";"Rural";4;0;4;0;0;0;4;1
83431116;"18/01/16";"Segunda";"08:40:00";"PR";277;"3,5";"PARANAGUA";"Velocidade incompatível";"Colisão traseira";"Com Vítimas Feridas";"Pleno dia";"Decrescente";"Ceu Claro";"Dupla";"Reta";"Urbano";2;0;0;1;1;0;1;2
83431117;"18/01/16";"Segunda";"11:25:00";"MG";381;"326";"NOVA ERA";"Não guardar distância de segurança";"Colisão traseira";"Sem Vítimas";"Pleno dia";"Crescente";"Chuva";"Simples";"Reta";"Urbano";2;0;0;0;2;0;0;2
83431118;"18/01/16";"Segunda";"09:15:00";"RS";290;"395,3";"SANTA MARGARIDA DO SUL";"Não guardar distância de segurança";"Colisão traseira";"Sem Vítimas";"Pleno dia";"Decrescente";"Ceu Claro";"Simples";"Reta";"Urbano";9;0;0;0;9;0;0;3
83431119;"18/01/16";"Segunda";"09:00:00";"PE";101;"96";"CABO DE SANTO AGOSTINHO";"Outras";"Saída de Pista";"Com Vítimas Feridas";"Pleno dia";"Crescente";"Chuva";"Dupla";"Curva";"Rural";2;0;1;0;1;0;1;1
83431120;"16/01/16";"Sábado";"18:30:00";"MG";262;"123";"RIO CASCA";"Velocidade incompatível";"Saída de Pista";"Sem Vítimas";"Pleno dia";"Decrescente";"Chuva";"Simples";"Curva";"Rural";1;0;0;0;1;0;0;1
83431122;"14/01/16";"Quinta";"21:30:00";"ES";262;"3";"CARIACICA";"Falta de atenção";"Colisão traseira";"Com Vítimas Feridas";"Plena noite";"Decrescente";"Nublado";"Múltipla";"Reta";"Urbano";5;0;1;0;4;0;1;4
83431124;"14/01/16";"Quinta";"17:10:00";"RJ";116;"139";"DUQUE DE CAXIAS";"Outras";"Colisão traseira";"Com Vítimas Feridas";"Pleno dia";"Decrescente";"Nublado";"Dupla";"Reta";"Rural";32;0;29;0;3;0;29;2
83431125;"15/01/16";"Sexta";"17:00:00";"SP";116;"210";"GUARULHOS";"Velocidade incompatível";"Colisão traseira";"Com Vítimas Feridas";"Pleno dia";"Crescente";"Chuva";"Dupla";"Reta";"Urbano";2;0;1;0;1;0;1;2
83431127;"18/01/16";"Segunda";"11:40:00";"PR";116;"207,8";"RIO NEGRO";"Falta de atenção";"Saída de Pista";"Com Vítimas Feridas";"Plena noite";"Decrescente";"Sol";"Simples";"Reta";"Urbano";1;0;1;0;0;0;1;1
83431128;"18/01/16";"Segunda";"08:40:00";"MA";316;"560";"CAXIAS";"Outras";"Colisão Transversal";"Com Vítimas Fatais";"Pleno dia";"Crescente";"Chuva";"Simples";"Reta";"Rural";5;1;2;1;1;0;3;2
83431130;"08/01/16";"Sexta";"11:20:00";"CE";222;"178";"IRAUCUBA";"Velocidade incompatível";"Tombamento";"Sem Vítimas";"Pleno dia";"Decrescente";"Chuva";"Simples";"Reta";"Rural";1;0;0;0;1;0;0;1
83431131;"18/01/16";"Segunda";"09:30:00";"MA";316;"564";"CAXIAS";"Outras";"Capotamento";"Ignorado";"Pleno dia";"Decrescente";"Chuva";"Simples";"Reta";"Rural";1;0;0;0;0;1;0;1
83431132;"18/01/16";"Segunda";"08:30:00";"PE";101;"56";"PAULISTA";"Outras";"Colisão Transversal";"Com Vítimas Feridas";"Pleno dia";"Crescente";"Chuva";"Dupla";"Reta";"Urbano";2;0;1;0;1;0;1;2
83431133;"14/01/16";"Quinta";"19:30:00";"SP";116;"168";"JACAREI";"Outras";"Colisão com objeto fixo";"Com Vítimas Feridas";"Plena noite";"Decrescente";"Chuva";"Dupla";"Reta";"Urbano";1;0;1;0;0;0;1;1
83431134;"17/01/16";"Domingo";"20:00:00";"MG";40;"100,8";"LAGOA GRANDE";"Outras";"Saída de Pista";"Com Vítimas Feridas";"Plena noite";"Decrescente";"Chuva";"Simples";"Reta";"Rural";5;0;2;0;3;0;2;1
83431135;"08/01/16";"Sexta";"07:10:00";"BA";101;"491";"ITAJUIPE";"Velocidade incompatível";"Tombamento";"Com Vítimas Feridas";"Pleno dia";"Crescente";"Chuva";"Simples";"Curva";"Rural";3;0;2;0;1;0;2;1
83431137;"18/01/16";"Segunda";"10:40:00";"SC";101;"459";"SAO JOAO DO SUL";"Falta de atenção";"Colisão lateral";"Sem Vítimas";"Pleno dia";"Decrescente";"Sol";"Dupla";"Reta";"Rural";2;0;0;0;2;0;0;2
83431138;"15/01/16";"Sexta";"04:30:00";"PR";116;"19,5";"ANTONINA";"Não guardar distância de segurança";"Colisão traseira";"Sem Vítimas";"Plena noite";"Crescente";"Ceu Claro";"Dupla";"Reta";"Rural";2;0;0;0;2;0;0;2
83431139;"18/01/16";"Segunda";"10:00:00";"RS";468;"4";"PALMEIRA DAS MISSOES";"Falta de atenção";"Colisão Transversal";"Com Vítimas Feridas";"Pleno dia";"Crescente";"Ceu Claro";"Simples";"Cruzamento";"Rural";3;0;1;0;2;0;1;2
83431140;"18/01/16";"Segunda";"12:00:00";"RS";470;"209";"BENTO GONCALVES";"Falta de atenção";"Colisão traseira";"Sem Vítimas";"Pleno dia";"Decrescente";"Ceu Claro";"Simples";"Cruzamento";"Rural";3;0;0;0;3;0;0;3
83431141;"18/01/16";"Segunda";"09:17:00";"GO";60;"108";"GOIANAPOLIS";"Desobediência à sinalização";"Colisão traseira";"Com Vítimas Feridas";"Pleno dia";"Crescente";"Nublado";"Dupla";"Reta";"Rural";5;0;2;0;2;1;2;3
83431142;"09/01/16";"Sábado";"10:50:00";"SP";488;"4,2";"APARECIDA";"Falta de atenção";"Colisão traseira";"Com Vítimas Feridas";"Pleno dia";"Decrescente";"Ceu Claro";"Dupla";"Reta";"Urbano";3;0;1;1;1;0;2;2
83431143;"18/01/16";"Segunda";"06:20:00";"ES";262;"41,9";"MARECHAL FLORIANO";"Velocidade incompatível";"Saída de Pista";"Sem Vítimas";"Pleno dia";"Crescente";"Chuva";"Simples";"Curva";"Rural";1;0;0;0;1;0;0;1
83431144;"09/01/16";"Sábado";"11:30:00";"SP";488;"1,2";"APARECIDA";"Falta de atenção";"Colisão lateral";"Com Vítimas Feridas";"Pleno dia";"Decrescente";"Sol";"Dupla";"Reta";"Urbano";2;0;1;0;1;0;1;2
83431145;"10/01/16";"Domingo";"00:20:00";"SP";116;"70";"APARECIDA";"Dormindo";"Colisão com objeto fixo";"Com Vítimas Feridas";"Plena noite";"Crescente";"Nevoeiro/neblina";"Dupla";"Curva";"Urbano";1;0;1;0;0;0;1;1
83431146;"18/01/16";"Segunda";"09:20:00";"GO";153;"616,6";"MORRINHOS";"Dormindo";"Saída de Pista";"Sem Vítimas";"Pleno dia";"Crescente";"Chuva";"Dupla";"Reta";"Urbano";1;0;0;0;1;0;0;1
83431147;"09/01/16";"Sábado";"12:50:00";"SP";116;"67";"APARECIDA";"Outras";"Colisão com bicicleta";"Com Vítimas Feridas";"Pleno dia";"Decrescente";"Sol";"Dupla";"Reta";"Urbano";2;0;1;0;1;0;1;2
83431148;"09/01/16";"Sábado";"15:40:00";"ES";101;"213";"IBIRACU";"Outras";"Colisão com objeto fixo";"Com Vítimas Feridas";"Pleno dia";"Decrescente";"Ceu Claro";"Dupla";"Curva";"Urbano";2;0;0;1;1;0;1;1
83431149;"18/01/16";"Segunda";"08:00:00";"PI";343;"341,1";"TERESINA";"Falta de atenção";"Colisão traseira";"Sem Vítimas";"Pleno dia";"Decrescente";"Chuva";"Simples";"Reta";"Urbano";2;0;0;0;2;0;0;2
83431150;"18/01/16";"Segunda";"09:40:00";"SC";470;"234,8";"SAO CRISTOVAO DO SUL";"Falta de atenção";"Colisão lateral";"Sem Vítimas";"Pleno dia";"Decrescente";"Sol";"Simples";"Reta";"Urbano";2;0;0;0;2;0;0;2
83431151;"18/01/16";"Segunda";"11:15:00";"MG";381;"480,2";"CONTAGEM";"Defeito mecânico em veículo";"Queda de motocicleta / bicicleta / veículo";"Com Vítimas Feridas";"Pleno dia";"Crescente";"Chuva";"Múltipla";"Reta";"Urbano";1;0;1;0;0;0;1;1
83431152;"18/01/16";"Segunda";"09:35:00";"MG";381;"533,5";"ITATIAIUCU";"Velocidade incompatível";"Capotamento";"Com Vítimas Feridas";"Pleno dia";"Crescente";"Chuva";"Dupla";"Curva";"Rural";2;0;2;0;0;0;2;1
83431153;"18/01/16";"Segunda";"08:10:00";"ES";101;"296,6";"CARIACICA";"Não guardar distância de segurança";"Colisão lateral";"Com Vítimas Feridas";"Pleno dia";"Decrescente";"Chuva";"Dupla";"Curva";"Urbano";2;0;0;1;1;0;1;2
83431154;"18/01/16";"Segunda";"10:05:00";"ES";262;"3";"CARIACICA";"Não guardar distância de segurança";"Colisão traseira";"Com Vítimas Feridas";"Pleno dia";"Crescente";"Chuva";"Dupla";"Reta";"Urbano";2;0;1;0;1;0;1;2
83431155;"18/01/16";"Segunda";"10:40:00";"RO";364;"344,8";"JI-PARANA";"Falta de atenção";"Colisão lateral";"Sem Vítimas";"Pleno dia";"Decrescente";"Nublado";"Dupla";"Reta";"Urbano";2;0;0;0;2;0;0;2
83431156;"18/01/16";"Segunda";"08:15:00";"SC";101;"203,1";"SAO JOSE";"Desobediência à sinalização";"Colisão lateral";"Com Vítimas Feridas";"Plena noite";"Crescente";"Ceu Claro";"Dupla";"Reta";"Urbano";2;0;1;0;1;0;1;2
83431157;"15/01/16";"Sexta";"06:00:00";"MG";262;"419";"PARA DE MINAS";"Ingestão de álcool";"Saída de Pista";"Sem Vítimas";"Amanhecer";"Decrescente";"Nublado";"Dupla";"Reta";"Rural";1;0;0;0;1;0;0;1
83431158;"18/01/16";"Segunda";"09:45:00";"MG";381;"330";"NOVA ERA";"Outras";"Colisão traseira";"Sem Vítimas";"Plena noite";"Crescente";"Chuva";"Dupla";"Curva";"Rural";3;0;0;0;3;0;0;3
83431160;"18/01/16";"Segunda";"11:15:00";"SC";101;"141";"BALNEARIO CAMBORIU";"Outras";"Saída de Pista";"Com Vítimas Feridas";"Pleno dia";"Crescente";"Ceu Claro";"Dupla";"Curva";"Urbano";1;0;1;0;0;0;1;1
83431161;"16/01/16";"Sábado";"00:30:00";"MG";40;"714,2";"BARBACENA";"Falta de atenção";"Atropelamento de pessoa";"Com Vítimas Feridas";"Plena noite";"Decrescente";"Chuva";"Simples";"Curva";"Urbano";2;0;0;1;1;0;1;1
83431163;"15/01/16";"Sexta";"17:40:00";"GO";40;"7,9";"LUZIANIA";"Falta de atenção";"Colisão traseira";"Com Vítimas Feridas";"Pleno dia";"Decrescente";"Nublado";"Dupla";"Reta";"Urbano";3;0;1;0;2;0;1;2
83431164;"18/01/16";"Segunda";"11:00:00";"MG";381;"533,4";"ITATIAIUCU";"Velocidade incompatível";"Capotamento";"Sem Vítimas";"Pleno dia";"Crescente";"Chuva";"Dupla";"Curva";"Rural";1;0;0;0;1;0;0;1
83431165;"12/01/16";"Terça";"05:45:00";"RJ";40;"99";"DUQUE DE CAXIAS";"Velocidade incompatível";"Saída de Pista";"Com Vítimas Feridas";"Amanhecer";"Crescente";"Nublado";"Simples";"Curva";"Urbano";1;0;1;0;0;0;1;1
83431166;"18/01/16";"Segunda";"11:40:00";"PE";408;"99";"SAO LOURENCO DA MATA";"Defeito na via";"Saída de Pista";"Com Vítimas Feridas";"Pleno dia";"Crescente";"Chuva";"Dupla";"Reta";"Urbano";3;0;2;1;0;0;3;1
83431167;"15/01/16";"Sexta";"01:50:00";"SC";282;"211,3";"LAGES";"Outras";"Colisão frontal";"Com Vítimas Fatais";"Plena noite";"Crescente";"Ceu Claro";"Simples";"Reta";"Rural";2;1;0;0;1;0;0;2
83431168;"18/01/16";"Segunda";"10:45:00";"SC";282;"532,8";"CHAPECO";"Desobediência à sinalização";"Colisão Transversal";"Com Vítimas Feridas";"Pleno dia";"Crescente";"Ceu Claro";"Simples";"Reta";"Urbano";2;0;1;0;1;0;1;2
83431169;"18/01/16";"Segunda";"13:10:00";"CE";116;"16,8";"EUSEBIO";"Não guardar distância de segurança";"Colisão traseira";"Sem Vítimas";"Pleno dia";"Crescente";"Ceu Claro";"Simples";"Reta";"Rural";3;0;0;0;3;0;0;2
83431170;"18/01/16";"Segunda";"13:10:00";"SC";101;"16";"GARUVA";"Falta de atenção";"Colisão com objeto fixo";"Sem Vítimas";"Pleno dia";"Crescente";"Sol";"Dupla";"Cruzamento";"Rural";2;0;0;0;2;0;0;2
83431172;"18/01/16";"Segunda";"11:15:00";"MG";153;"0";"ARAPORA";"Outras";"Colisão Transversal";"Sem Vítimas";"Pleno dia";"Crescente";"Chuva";"Simples";"Reta";"Urbano";2;0;0;0;2;0;0;2
83431173;"18/01/16";"Segunda";"07:20:00";"RS";392;"1,2";"RIO GRANDE";"Desobediência à sinalização";"Colisão Transversal";"Com Vítimas Feridas";"Pleno dia";"Crescente";"Ceu Claro";"Simples";"Reta";"Rural";2;0;1;0;1;0;1;2
83431174;"15/01/16";"Sexta";"06:15:00";"SP";116;"4";"GUARULHOS";"Não guardar distância de segurança";"Colisão traseira";"Com Vítimas Feridas";"Amanhecer";"Crescente";"Chuva";"Múltipla";"Reta";"Urbano";3;0;1;0;1;1;1;3
83431175;"18/01/16";"Segunda";"13:35:00";"SC";116;"287,3";"CAPAO ALTO";"Velocidade incompatível";"Capotamento";"Sem Vítimas";"Pleno dia";"Crescente";"Ceu Claro";"Simples";"Reta";"Rural";2;0;0;0;2;0;0;2
83431176;"18/01/16";"Segunda";"10:26:00";"SP";116;"180,7";"GUARAREMA";"Falta de atenção";"Colisão traseira";"Sem Vítimas";"Pleno dia";"Crescente";"Ceu Claro";"Múltipla";"Reta";"Rural";2;0;0;0;2;0;0;2
83431177;"14/01/16";"Quinta";"19:00:00";"MT";364;"273";"JACIARA";"Não guardar distância de segurança";"Colisão traseira";"Com Vítimas Feridas";"Plena noite";"Crescente";"Ceu Claro";"Dupla";"Curva";"Urbano";2;0;0;1;1;0;1;2
83431179;"18/01/16";"Segunda";"12:00:00";"MG";267;"305";"CAXAMBU";"Outras";"Colisão lateral";"Sem Vítimas";"Pleno dia";"Crescente";"Chuva";"Dupla";"Curva";"Urbano";3;0;0;0;3;0;0;2
83431180;"18/01/16";"Segunda";"11:20:00";"SC";101;"54,3";"JOINVILLE";"Falta de atenção";"Colisão traseira";"Sem Vítimas";"Pleno dia";"Decrescente";"Sol";"Dupla";"Reta";"Urbano";3;0;0;0;3;0;0;3
83431181;"18/01/16";"Segunda";"10:15:00";"RS";470;"3,8";"BARRACAO";"Velocidade incompatível";"Saída de Pista";"Sem Vítimas";"Pleno dia";"Crescente";"Sol";"Simples";"Curva";"Rural";1;0;0;0;1;0;0;1
83431182;"18/01/16";"Segunda";"09:20:00";"MG";262;"0";"LUZ";"Velocidade incompatível";"Colisão frontal";"Com Vítimas Fatais";"Pleno dia";"Decrescente";"Chuva";"Simples";"Curva";"Rural";5;1;3;1;0;0;4;4
83431183;"17/01/16";"Domingo";"08:35:00";"SP";381;"36,8";"ATIBAIA";"Desobediência à sinalização";"Colisão traseira";"Com Vítimas Feridas";"Pleno dia";"Crescente";"Ceu Claro";"Dupla";"Curva";"Urbano";2;0;1;0;1;0;1;2
83431184;"18/01/16";"Segunda";"13:00:00";"PE";101;"4";"GOIANA";"Outras";"Saída de Pista";"Com Vítimas Feridas";"Pleno dia";"Crescente";"Chuva";"Dupla";"Curva";"Rural";1;0;1;0;0;0;1;1
83431185;"18/01/16";"Segunda";"07:50:00";"PR";277;"73";"SAO JOSE DOS PINHAIS";"Velocidade incompatível";"Colisão traseira";"Sem Vítimas";"Pleno dia";"Crescente";"Sol";"Dupla";"Reta";"Rural";5;0;0;0;5;0;0;3
83431186;"18/01/16";"Segunda";"12:20:00";"PR";369;"147,2";"LONDRINA";"Desobediência à sinalização";"Colisão com bicicleta";"Com Vítimas Feridas";"Pleno dia";"Decrescente";"Nublado";"Dupla";"Reta";"Urbano";2;0;1;0;1;0;1;2
83431187;"15/01/16";"Sexta";"04:30:00";"BA";116;"593,3";"IRAJUBA";"Ingestão de álcool";"Tombamento";"Com Vítimas Feridas";"Amanhecer";"Crescente";"Ceu Claro";"Simples";"Curva";"Rural";1;0;1;0;0;0;1;1
83431188;"18/01/16";"Segunda";"09:30:00";"MG";40;"465,5";"SETE LAGOAS";"Velocidade incompatível";"Saída de Pista";"Sem Vítimas";"Pleno dia";"Decrescente";"Chuva";"Dupla";"Reta";"Urbano";1;0;0;0;1;0;0;1
83431189;"18/01/16";"Segunda";"14:20:00";"SE";101;"31";"MURIBECA";"Não guardar distância de segurança";"Colisão traseira";"Com Vítimas Feridas";"Pleno dia";"Decrescente";"Chuva";"Dupla";"Curva";"Rural";2;0;1;0;1;0;1;2
83431190;"14/01/16";"Quinta";"09:55:00";"MG";40;"493,6";"ESMERALDAS";"Outras";"Saída de Pista";"Sem Vítimas";"Pleno dia";"Crescente";"Chuva";"Dupla";"Curva";"Rural";1;0;0;0;1;0;0;1
83431191;"18/01/16";"Segunda";"13:00:00";"RJ";101;"285";"ITABORAI";"Outras";"Saída de Pista";"Sem Vítimas";"Pleno dia";"Decrescente";"Ignorada";"Dupla";"Reta";"Rural";1;0;0;0;1;0;0;1
83431192;"18/01/16";"Segunda";"11:20:00";"SC";101;"117";"ITAJAI";"Outras";"Tombamento";"Sem Vítimas";"Pleno dia";"Crescente";"Sol";"Dupla";"Reta";"Urbano";2;0;0;0;2;0;0;2
83431193;"14/01/16";"Quinta";"16:40:00";"MS";163;"570,6";"BANDEIRANTES";"Falta de atenção";"Colisão Transversal";"Sem Vítimas";"Pleno dia";"Crescente";"Chuva";"Simples";"Reta";"Rural";3;0;0;0;3;0;0;2
83431194;"18/01/16";"Segunda";"09:00:00";"SC";101;"148,3";"ITAPEMA";"Falta de atenção";"Colisão Transversal";"Com Vítimas Feridas";"Pleno dia";"Crescente";"Ceu Claro";"Simples";"Reta";"Urbano";2;0;1;0;1;0;1;2
83431196;"14/01/16";"Quinta";"08:00:00";"MT";364;"400";"CUIABA";"Falta de atenção";"Colisão lateral";"Com Vítimas Feridas";"Pleno dia";"Crescente";"Ceu Claro";"Simples";"Reta";"Urbano";2;0;1;0;1;0;1;2
83431197;"18/01/16";"Segunda";"15:10:00";"RJ";101;"123";"CAMPOS DOS GOYTACAZES";"Falta de atenção";"Colisão traseira";"Sem Vítimas";"Pleno dia";"Decrescente";"Chuva";"Simples";"Reta";"Urbano";2;0;0;0;2;0;0;2
83431198;"18/01/16";"Segunda";"10:30:00";"BA";116;"417";"FEIRA DE SANTANA";"Falta de atenção";"Colisão com bicicleta";"Com Vítimas Feridas";"Pleno dia";"Decrescente";"Ceu Claro";"Dupla";"Reta";"Urbano";2;0;2;0;0;0;2;2
83431199;"16/01/16";"Sábado";"11:00:00";"PR";277;"349";"GUARAPUAVA";"Velocidade incompatível";"Colisão Transversal";"Com Vítimas Feridas";"Pleno dia";"Decrescente";"Ceu Claro";"Simples";"Reta";"Rural";6;0;5;0;1;0;5;2
83431200;"18/01/16";"Segunda";"09:40:00";"BA";20;"176";"LUIS EDUARDO MAGALHAES";"Velocidade incompatível";"Saída de Pista";"Sem Vítimas";"Pleno dia";"Decrescente";"Chuva";"Simples";"Reta";"Rural";2;0;0;0;2;0;0;1
83431201;"18/01/16";"Segunda";"08:10:00";"PB";230;"22";"JOAO PESSOA";"Não guardar distância de segurança";"Colisão traseira";"Com Vítimas Feridas";"Pleno dia";"Crescente";"Chuva";"Dupla";"Reta";"Urbano";3;0;1;0;2;0;1;3
83431202;"15/01/16";"Sexta";"05:00:00";"PR";163;"261";"TOLEDO";"Outras";"Colisão lateral";"Sem Vítimas";"Plena noite";"Decrescente";"Ceu Claro";"Simples";"Curva";"Rural";2;0;0;0;1;1;0;2
83431203;"18/01/16";"Segunda";"11:30:00";"PA";316;"7";"ANANINDEUA";"Desobediência à sinalização";"Atropelamento de pessoa";"Com Vítimas Feridas";"Pleno dia";"Decrescente";"Sol";"Simples";"Reta";"Urbano";2;0;0;1;0;1;1;1
83431204;"18/01/16";"Segunda";"15:35:00";"RS";285;"292,8";"PASSO FUNDO";"Não guardar distância de segurança";"Colisão traseira";"Sem Vítimas";"Pleno dia";"Crescente";"Ceu Claro";"Simples";"Reta";"Urbano";2;0;0;0;2;0;0;2
83431205;"18/01/16";"Segunda";"13:30:00";"RS";285;"195";"LAGOA VERMELHA";"Falta de atenção";"Colisão traseira";"Sem Vítimas";"Pleno dia";"Crescente";"Ceu Claro";"Simples";"Reta";"Urbano";2;0;0;0;2;0;0;2
83431206;"14/01/16";"Quinta";"18:20:00";"BA";324;"626";"SALVADOR";"Outras";"Capotamento";"Sem Vítimas";"Plena noite";"Crescente";"Chuva";"Dupla";"Curva";"Urbano";1;0;0;0;1;0;0;1
83431207;"18/01/16";"Segunda";"11:05:00";"RS";116;"238,7";"NOVO HAMBURGO";"Falta de atenção";"Colisão traseira";"Com Vítimas Feridas";"Pleno dia";"Decrescente";"Sol";"Dupla";"Reta";"Urbano";2;0;1;0;1;0;1;2