"id";"data_inversa";"dia_semana";"horario";"uf";"br";"km";"municipio";"causa_acidente";"tipo_acidente";"classificacao_acidente";"fase_dia";"sentido_via";"condicao_metereologica";"tipo_pista";"tracado_via";"uso_solo";"pessoas";"mortos";"feridos_leves";"feridos_graves";"ilesos";"ignorados";"feridos";"veiculos"
83431209;"16/01/16";"Sábado";"20:50:00";"GO";20;"3,6";"FORMOSA";"Ingestão de álcool";"Colisão Transversal";"Com Vítimas Feridas";"Plena noite";"Crescente";"Nublado";"Simples";"Reta";"Urbano";3;0;1;0;2;0;1;2
83431210;"17/01/16";"Domingo";"21:40:00";"RS";470;"169";"VERANOPOLIS";"Falta de atenção";"Colisão frontal";"Com Vítimas Feridas";"Plena noite";"Crescente";"Ceu Claro";"Simples";"Curva";"Urbano";4;0;0;2;2;0;2;2
83431211;"18/01/16";"Segunda";"08:50:00";"MG";40;"562";"NOVA LIMA";"Velocidade incompatível";"Saída de Pista";"Sem Vítimas";"Pleno dia";"Crescente";"Chuva";"Dupla";"Curva";"Urbano";2;0;0;0;2;0;0;1
83431212;"18/01/16";"Segunda";"15:00:00";"PR";277;"11,4";"PARANAGUA";"Falta de atenção";"Atropelamento de pessoa";"Com Vítimas Feridas";"Pleno dia";"Decrescente";"Ceu Claro";"Dupla";"Reta";"Rural";3;0;0;2;1;0;2;1
83431214;"18/01/16";"Segunda";"14:35:00";"RJ";101;"141";"MACAE";"Outras";"Saída de Pista";"Sem Vítimas";"Pleno dia";"Crescente";"Chuva";"Dupla";"Reta";"Rural";1;0;0;0;1;0;0;1
83431215;"18/01/16";"Segunda";"12:00:00";"PB";230;"266,5";"JUNCO DO SERIDO";"Velocidade incompatível";"Saída de Pista";"Sem Vítimas";"Pleno dia";"Decrescente";"Chuva";"Simples";"Curva";"Rural";1;0;0;0;1;0;0;1
83431216;"18/01/16";"Segunda";"07:20:00";"MG";262;"547";"CORREGO DANTA";"Velocidade incompatível";"Tombamento";"Com Vítimas Feridas";"Pleno dia";"Crescente";"Chuva";"Simples";"Reta";"Rural";1;0;1;0;0;0;1;1
83431217;"18/01/16";"Segunda";"15:00:00";"GO";60;"180";"ABADIA DE GOIAS";"Velocidade incompatível";"Saída de Pista";"Sem Vítimas";"Pleno dia";"Decrescente";"Chuva";"Dupla";"Curva";"Rural";1;0;0;0;1;0;0;1
83431218;"17/01/16";"Domingo";"04:10:00";"TO";153;"656,5";"GURUPI";"Dormindo";"Colisão frontal";"Com Vítimas Fatais";"Plena noite";"Decrescente";"Nublado";"Simples";"Reta";"Rural";2;1;0;0;1;0;0;2
83431219;"18/01/16";"Segunda";"13:00:00";"RS";285;"123,2";"VACARIA";"Falta de atenção";"Colisão traseira";"Sem Vítimas";"Pleno dia";"Decrescente";"Sol";"Simples";"Reta";"Urbano";2;0;0;0;2;0;0;2
83431220;"15/01/16";"Sexta";"22:30:00";"GO";60;"406";"RIO VERDE";"Defeito mecânico em veículo";"Incêndio";"Com Vítimas Feridas";"Plena noite";"Crescente";"Chuva";"Dupla";"Reta";"Rural";1;0;1;0;0;0;1;1
83431221;"18/01/16";"Segunda";"11:00:00";"MG";116;"773";"LEOPOLDINA";"Falta de atenção";"Colisão Transversal";"Sem Vítimas";"Pleno dia";"Decrescente";"Chuva";"Simples";"Reta";"Rural";4;0;0;0;3;1;0;2
83431222;"18/01/16";"Segunda";"09:30:00";"SC";470;"143";"RIO DO SUL";"Falta de atenção";"Colisão com bicicleta";"Com Vítimas Feridas";"Pleno dia";"Crescente";"Ceu Claro";"Simples";"Reta";"Urbano";2;0;1;0;1;0;1;2
83431223;"18/01/16";"Segunda";"10:30:00";"PR";476;"118,5";"COLOMBO";"Falta de atenção";"Colisão lateral";"Com Vítimas Feridas";"Pleno dia";"Decrescente";"Sol";"Múltipla";"Reta";"Urbano";2;0;1;0;0;1;1;2
83431224;"18/01/16";"Segunda";"14:20:00";"MT";163;"57,7";"ITIQUIRA";"Falta de atenção";"Saída de Pista";"Sem Vítimas";"Pleno dia";"Crescente";"Chuva";"Simples";"Reta";"Rural";3;0;0;0;3;0;0;1
83431225;"18/01/16";"Segunda";"15:00:00";"PR";277;"698";"SAO MIGUEL DO IGUACU";"Defeito mecânico em veículo";"Colisão com objeto fixo";"Sem Vítimas";"Pleno dia";"Crescente";"Sol";"Dupla";"Reta";"Rural";3;0;0;0;3;0;0;2
83431226;"18/01/16";"Segunda";"13:30:00";"SP";116;"68";"APARECIDA";"Velocidade incompatível";"Colisão com objeto fixo";"Com Vítimas Feridas";"Pleno dia";"Decrescente";"Nublado";"Dupla";"Reta";"Urbano";2;0;1;1;0;0;2;1
83431227;"18/01/16";"Segunda";"14:00:00";"MG";381;"839,9";"SAO SEBASTIAO DA BELA VISTA";"Outras";"Saída de Pista";"Sem Vítimas";"Pleno dia";"Crescente";"Nublado";"Dupla";"Curva";"Rural";2;0;0;0;2;0;0;2
83431229;"15/01/16";"Sexta";"09:15:00";"MG";381;"329";"NOVA ERA";"Falta de atenção";"Saída de Pista";"Com Vítimas Feridas";"Pleno dia";"Crescente";"Chuva";"Dupla";"Curva";"Rural";1;0;1;0;0;0;1;1
83431231;"18/01/16";"Segunda";"13:51:00";"PR";163;"143,6";"CAPITAO LEONIDAS MARQUES";"Outras";"Tombamento";"Com Vítimas Feridas";"Pleno dia";"Decrescente";"Sol";"Simples";"Reta";"Urbano";1;0;1;0;0;0;1;1
83431232;"18/01/16";"Segunda";"15:30:00";"GO";60;"163,9";"GOIANIA";"Velocidade incompatível";"Colisão com objeto fixo";"Com Vítimas Feridas";"Pleno dia";"Crescente";"Chuva";"Dupla";"Reta";"Urbano";2;0;1;0;1;0;1;1
83431233;"18/01/16";"Segunda";"14:50:00";"RS";386;"74";"BOA VISTA DAS MISSOES";"Falta de atenção";"Colisão Transversal";"Sem Vítimas";"Pleno dia";"Crescente";"Sol";"Simples";"Cruzamento";"Rural";2;0;0;0;2;0;0;2
83431234;"18/01/16";"Segunda";"13:30:00";"RJ";40;"90";"PETROPOLIS";"Outras";"Colisão lateral";"Com Vítimas Feridas";"Pleno dia";"Crescente";"Chuva";"Simples";"Reta";"Rural";3;0;2;0;1;0;2;2
83431235;"14/01/16";"Quinta";"14:50:00";"RO";364;"130";"PIMENTA BUENO";"Outras";"Tombamento";"Com Vítimas Feridas";"Plena noite";"Crescente";"Sol";"Simples";"Reta";"Rural";4;0;3;1;0;0;4;1
83431236;"18/01/16";"Segunda";"12:12:00";"PB";230;"99,9";"GURINHEM";"Defeito na via";"Saída de Pista";"Com Vítimas Feridas";"Pleno dia";"Crescente";"Chuva";"Dupla";"Curva";"Rural";1;0;1;0;0;0;1;1
83431237;"18/01/16";"Segunda";"13:20:00";"MG";381;"744,5";"TRES CORACOES";"Velocidade incompatível";"Saída de Pista";"Sem Vítimas";"Pleno dia";"Crescente";"Nublado";"Dupla";"Reta";"Rural";1;0;0;0;1;0;0;1
83431238;"18/01/16";"Segunda";"12:00:00";"RS";116;"523,4";"PELOTAS";"Desobediência à sinalização";"Colisão lateral";"Sem Vítimas";"Pleno dia";"Decrescente";"Sol";"Dupla";"Cruzamento";"Urbano";2;0;0;0;2;0;0;2
83431239;"18/01/16";"Segunda";"14:30:00";"MG";381;"305";"ANTONIO DIAS";"Velocidade incompatível";"Capotamento";"Sem Vítimas";"Pleno dia";"Crescente";"Chuva";"Simples";"Curva";"Rural";1;0;0;0;1;0;0;1
83431240;"18/01/16";"Segunda";"12:30:00";"BA";367;"69,9";"EUNAPOLIS";"Não guardar distância de segurança";"Tombamento";"Com Vítimas Feridas";"Pleno dia";"Crescente";"Nublado";"Simples";"Reta";"Rural";2;0;0;1;1;0;1;1
83431241;"18/01/16";"Segunda";"09:20:00";"GO";40;"7";"VALPARAISO DE GOIAS";"Falta de atenção";"Atropelamento de pessoa";"Com Vítimas Feridas";"Pleno dia";"Decrescente";"Nublado";"Dupla";"Reta";"Urbano";2;0;0;1;1;0;1;1
83431242;"18/01/16";"Segunda";"09:05:00";"PR";369;"133";"IBIPORA";"Defeito mecânico em veículo";"Queda de motocicleta / bicicleta / veículo";"Com Vítimas Feridas";"Pleno dia";"Decrescente";"Ceu Claro";"Dupla";"Reta";"Urbano";1;0;0;1;0;0;1;1
83431243;"15/01/16";"Sexta";"22:00:00";"GO";60;"378";"RIO VERDE";"Desobediência à sinalização";"Colisão lateral";"Com Vítimas Feridas";"Plena noite";"Crescente";"Chuva";"Dupla";"Reta";"Urbano";2;0;1;0;1;0;1;2
83431244;"18/01/16";"Segunda";"17:00:00";"PR";376;"652";"TIJUCAS DO SUL";"Velocidade incompatível";"Colisão lateral";"Sem Vítimas";"Pleno dia";"Crescente";"Ceu Claro";"Dupla";"Reta";"Rural";2;0;0;0;2;0;0;2
83431245;"18/01/16";"Segunda";"16:40:00";"PR";277;"81,8";"CURITIBA";"Velocidade incompatível";"Colisão com objeto fixo";"Ignorado";"Pleno dia";"Decrescente";"Sol";"Dupla";"Reta";"Urbano";1;0;0;0;0;1;0;1
83431247;"18/01/16";"Segunda";"14:15:00";"PB";101;"122,7";"CAAPORA";"Velocidade incompatível";"Saída de Pista";"Sem Vítimas";"Pleno dia";"Crescente";"Chuva";"Dupla";"Curva";"Rural";1;0;0;0;1;0;0;1
83431248;"18/01/16";"Segunda";"15:30:00";"SC";470;"72";"INDAIAL";"Falta de atenção";"Colisão traseira";"Com Vítimas Feridas";"Pleno dia";"Crescente";"Ceu Claro";"Simples";"Reta";"Urbano";2;0;1;0;1;0;1;2
83431249;"14/01/16";"Quinta";"08:20:00";"PR";277;"349";"GUARAPUAVA";"Não guardar distância de segurança";"Colisão traseira";"Sem Vítimas";"Pleno dia";"Decrescente";"Ceu Claro";"Simples";"Reta";"Urbano";5;0;0;0;5;0;0;5
83431250;"18/01/16";"Segunda";"10:30:00";"BA";101;"197";"CACHOEIRA";"Ultrapassagem indevida";"Colisão frontal";"Com Vítimas Fatais";"Pleno dia";"Crescente";"Ceu Claro";"Dupla";"Reta";"Urbano";5;1;0;0;4;0;0;2
83431251;"18/01/16";"Segunda";"16:45:00";"ES";262;"18";"VIANA";"Defeito mecânico em veículo";"Queda de motocicleta / bicicleta / veículo";"Com Vítimas Feridas";"Pleno dia";"Crescente";"Nublado";"Simples";"Curva";"Urbano";1;0;1;0;0;0;1;1
83431252;"18/01/16";"Segunda";"16:00:00";"MS";163;"471,1";"CAMPO GRANDE";"Defeito mecânico em veículo";"Colisão com objeto móvel";"Sem Vítimas";"Pleno dia";"Crescente";"Ceu Claro";"Simples";"Reta";"Rural";2;0;0;0;2;0;0;2
83431254;"16/01/16";"Sábado";"00:30:00";"ES";101;"211,6";"IBIRACU";"Ultrapassagem indevida";"Colisão frontal";"Com Vítimas Feridas";"Plena noite";"Decrescente";"Nublado";"Simples";"Curva";"Rural";3;0;0;2;1;0;2;2
83431255;"18/01/16";"Segunda";"13:45:00";"CE";116;"7,2";"FORTALEZA";"Defeito mecânico em veículo";"Colisão frontal";"Com Vítimas Feridas";"Pleno dia";"Crescente";"Nublado";"Simples";"Curva";"Urbano";2;0;1;0;1;0;1;2
83431256;"18/01/16";"Segunda";"11:10:00";"SC";101;"133";"BALNEARIO CAMBORIU";"Não guardar distância de segurança";"Colisão traseira";"Com Vítimas Feridas";"Pleno dia";"Decrescente";"Sol";"Dupla";"Reta";"Urbano";3;0;1;0;2;0;1;2
83431257;"18/01/16";"Segunda";"16:30:00";"SC";470;"149,2";"AGRONOMICA";"Falta de atenção";"Colisão Transversal";"Com Vítimas Feridas";"Pleno dia";"Crescente";"Sol";"Simples";"Cruzamento";"Urbano";2;0;0;1;1;0;1;2
83431258;"18/01/16";"Segunda";"13:45:00";"SC";282;"306";"VARGEM";"Velocidade incompatível";"Saída de Pista";"Com Vítimas Feridas";"Pleno dia";"Decrescente";"Ceu Claro";"Simples";"Curva";"Urbano";1;0;1;0;0;0;1;1
83431259;"18/01/16";"Segunda";"10:30:00";"SC";101;"48,4";"JOINVILLE";"Não guardar distância de segurança";"Colisão traseira";"Com Vítimas Feridas";"Pleno dia";"Decrescente";"Sol";"Dupla";"Curva";"Rural";2;0;1;0;1;0;1;2
83431260;"16/01/16";"Sábado";"17:45:00";"RS";470;"222,3";"GARIBALDI";"Não guardar distância de segurança";"Colisão traseira";"Sem Vítimas";"Pleno dia";"Decrescente";"Ceu Claro";"Simples";"Reta";"Rural";2;0;0;0;2;0;0;2
83431261;"18/01/16";"Segunda";"12:00:00";"MT";70;"148";"GENERAL CARNEIRO";"Dormindo";"Saída de Pista";"Sem Vítimas";"Pleno dia";"Decrescente";"Nublado";"Simples";"Reta";"Rural";1;0;0;0;1;0;0;1
83431262;"17/01/16";"Domingo";"19:10:00";"MT";163;"520,5";"DIAMANTINO";"Falta de atenção";"Tombamento";"Sem Vítimas";"Anoitecer";"Decrescente";"Ignorada";"Simples";"Reta";"Rural";1;0;0;0;1;0;0;1
83431263;"18/01/16";"Segunda";"06:15:00";"MG";381;"929,9";"ITAPEVA";"Velocidade incompatível";"Tombamento";"Com Vítimas Feridas";"Pleno dia";"Crescente";"Ceu Claro";"Dupla";"Curva";"Urbano";1;0;1;0;0;0;1;1
83431264;"18/01/16";"Segunda";"18:00:00";"MG";365;"621";"UBERLANDIA";"Desobediência à sinalização";"Colisão lateral";"Com Vítimas Feridas";"Pleno dia";"Decrescente";"Chuva";"Dupla";"Cruzamento";"Urbano";2;0;1;0;1;0;1;2
83431265;"18/01/16";"Segunda";"12:10:00";"RN";101;"146,4";"GOIANINHA";"Outras";"Colisão traseira";"Com Vítimas Feridas";"Pleno dia";"Crescente";"Chuva";"Dupla";"Reta";"Urbano";3;0;2;0;1;0;2;2
83431266;"18/01/16";"Segunda";"10:00:00";"PR";369;"56,5";"BANDEIRANTES";"Desobediência à sinalização";"Colisão Transversal";"Com Vítimas Feridas";"Pleno dia";"Crescente";"Sol";"Simples";"Cruzamento";"Urbano";3;0;2;0;1;0;2;2
83431267;"18/01/16";"Segunda";"10:15:00";"SC";101;"123";"ITAJAI";"Outras";"Colisão Transversal";"Com Vítimas Feridas";"Pleno dia";"Crescente";"Sol";"Dupla";"Cruzamento";"Urbano";2;0;1;0;1;0;1;2
83431268;"17/01/16";"Domingo";"08:00:00";"ES";262;"50,6";"MARECHAL FLORIANO";"Velocidade incompatível";"Colisão frontal";"Com Vítimas Feridas";"Pleno dia";"Crescente";"Chuva";"Simples";"Curva";"Rural";6;0;4;0;2;0;4;2
83431269;"18/01/16";"Segunda";"14:00:00";"GO";153;"682";"ITUMBIARA";"Velocidade incompatível";"Saída de Pista";"Com Vítimas Feridas";"Pleno dia";"Crescente";"Chuva";"Dupla";"Curva";"Rural";2;0;2;0;0;0;2;1
83431270;"18/01/16";"Segunda";"08:10:00";"RS";158;"243";"TUPANCIRETA";"Outras";"Saída de Pista";"Com Vítimas Feridas";"Pleno dia";"Decrescente";"Ceu Claro";"Simples";"Reta";"Rural";1;0;1;0;0;0;1;1
83431271;"18/01/16";"Segunda";"10:50:00";"SC";282;"553,5";"NOVA ITABERABA";"Não guardar distância de segurança";"Colisão traseira";"Com Vítimas Feridas";"Pleno dia";"Decrescente";"Sol";"Simples";"Reta";"Rural";4;0;2;0;2;0;2;3
83431272;"18/01/16";"Segunda";"12:20:00";"PB";230;"99,9";"GURINHEM";"Defeito na via";"Saída de Pista";"Sem Vítimas";"Pleno dia";"Crescente";"Chuva";"Dupla";"Curva";"Rural";1;0;0;0;1;0;0;1
83431273;"14/01/16";"Quinta";"21:00:00";"SP";153;"27,6";"NOVA GRANADA";"Outras";"Saída de Pista";"Sem Vítimas";"Plena noite";"Crescente";"Chuva";"Simples";"Cruzamento";"Rural";1;0;0;0;1;0;0;1
83431274;"10/01/16";"Domingo";"22:30:00";"RJ";101;"143";"MACAE";"Outras";"Atropelamento de pessoa";"Com Vítimas Feridas";"Plena noite";"Decrescente";"Nublado";"Dupla";"Reta";"Rural";2;0;0;1;0;1;1;1
83431275;"18/01/16";"Segunda";"17:15:00";"RJ";116;"223,8";"PIRAI";"Velocidade incompatível";"Saída de Pista";"Com Vítimas Feridas";"Pleno dia";"Decrescente";"Chuva";"Simples";"Curva";"Rural";4;0;4;0;0;0;4;1
83431276;"18/01/16";"Segunda";"16:00:00";"MG";381;"413";"NOVA UNIAO";"Não guardar distância de segurança";"Colisão traseira";"Com Vítimas Feridas";"Pleno dia";"Crescente";"Nublado";"Simples";"Reta";"Rural";3;0;1;0;2;0;1;2
83431277;"18/01/16";"Segunda";"06:40:00";"SP";116;"290";"ITAPECERICA DA SERRA";"Outras";"Tombamento";"Sem Vítimas";"Anoitecer";"Decrescente";"Ceu Claro";"Dupla";"Reta";"Rural";1;0;0;0;1;0;0;1
83431278;"16/01/16";"Sábado";"03:40:00";"MG";381;"685,8";"LAVRAS";"Falta de atenção";"Colisão com objeto fixo";"Sem Vítimas";"Plena noite";"Decrescente";"Chuva";"Dupla";"Curva";"Rural";1;0;0;0;1;0;0;1
83431279;"18/01/16";"Segunda";"16:30:00";"PR";277;"49";"MORRETES";"Velocidade incompatível";"Queda de motocicleta / bicicleta / veículo";"Com Vítimas Feridas";"Pleno dia";"Decrescente";"Sol";"Dupla";"Reta";"Rural";1;0;1;0;0;0;1;1
83431280;"18/01/16";"Segunda";"08:15:00";"RJ";101;"210";"CASIMIRO DE ABREU";"Outras";"Colisão com objeto fixo";"Sem Vítimas";"Pleno dia";"Decrescente";"Chuva";"Simples";"Curva";"Rural";1;0;0;0;1;0;0;1
83431281;"18/01/16";"Segunda";"17:00:00";"RS";101;"45,2";"TERRA DE AREIA";"Outras";"Colisão traseira";"Sem Vítimas";"Pleno dia";"Decrescente";"Ceu Claro";"Dupla";"Reta";"Urbano";2;0;0;0;2;0;0;2
83431282;"18/01/16";"Segunda";"14:30:00";"SC";101;"270";"IMBITUBA";"Outras";"Colisão lateral";"Sem Vítimas";"Pleno dia";"Crescente";"Sol";"Dupla";"Reta";"Rural";2;0;0;0;2;0;0;2
83431283;"18/01/16";"Segunda";"16:00:00";"AL";316;"183,6";"TANQUE DARCA";"Animais na Pista";"Atropelamento de animal";"Com Vítimas Feridas";"Pleno dia";"Crescente";"Ceu Claro";"Simples";"Curva";"Rural";1;0;1;0;0;0;1;1
83431284;"18/01/16";"Segunda";"13:45:00";"MS";60;"165,1";"CAMAPUA";"Defeito na via";"Capotamento";"Sem Vítimas";"Pleno dia";"Crescente";"Ceu Claro";"Simples";"Reta";"Rural";1;0;0;0;1;0;0;1
83431285;"16/01/16";"Sábado";"04:35:00";"SC";470;"56,3";"BLUMENAU";"Desobediência à sinalização";"Colisão Transversal";"Sem Vítimas";"Amanhecer";"Crescente";"Nublado";"Simples";"Cruzamento";"Urbano";2;0;0;0;2;0;0;2
83431286;"18/01/16";"Segunda";"08:40:00";"RS";158;"245,5";"TUPANCIRETA";"Falta de atenção";"Colisão Transversal";"Com Vítimas Feridas";"Pleno dia";"Decrescente";"Ceu Claro";"Simples";"Reta";"Urbano";3;0;2;0;1;0;2;2
83431287;"18/01/16";"Segunda";"17:25:00";"PR";277;"5";"FOZ DO IGUACU";"Outras";"Atropelamento de pessoa";"Com Vítimas Feridas";"Pleno dia";"Decrescente";"Ceu Claro";"Dupla";"Reta";"Urbano";3;0;1;0;2;0;1;1
83431288;"18/01/16";"Segunda";"17:35:00";"SC";116;"267,7";"CAPAO ALTO";"Desobediência à sinalização";"Colisão traseira";"Com Vítimas Feridas";"Pleno dia";"Decrescente";"Ceu Claro";"Simples";"Cruzamento";"Rural";7;0;4;2;1;0;6;2
83431289;"18/01/16";"Segunda";"18:00:00";"PR";277;"657";"MATELANDIA";"Desobediência à sinalização";"Colisão Transversal";"Com Vítimas Feridas";"Pleno dia";"Crescente";"Ceu Claro";"Múltipla";"Reta";"Urbano";2;0;1;0;1;0;1;2
83431290;"16/01/16";"Sábado";"13:15:00";"PR";277;"368";"GUARAPUAVA";"Falta de atenção";"Colisão Transversal";"Com Vítimas Feridas";"Pleno dia";"Crescente";"Ceu Claro";"Simples";"Reta";"Rural";2;0;1;0;1;0;1;2
83431291;"18/01/16";"Segunda";"16:20:00";"RN";101;"100";"PARNAMIRIM";"Outras";"Colisão Transversal";"Com Vítimas Feridas";"Pleno dia";"Crescente";"Chuva";"Dupla";"Curva";"Urbano";2;0;1;0;1;0;1;2
83431292;"18/01/16";"Segunda";"19:00:00";"GO";153;"606,8";"MORRINHOS";"Outras";"Saída de Pista";"Sem Vítimas";"Anoitecer";"Crescente";"Chuva";"Dupla";"Curva";"Rural";1;0;0;0;1;0;0;1
83431293;"18/01/16";"Segunda";"14:50:00";"GO";60;"185,6";"ABADIA DE GOIAS";"Velocidade incompatível";"Capotamento";"Com Vítimas Feridas";"Pleno dia";"Crescente";"Chuva";"Dupla";"Curva";"Rural";2;0;1;0;1;0;1;1
83431294;"15/01/16";"Sexta";"16:40:00";"SP";381;"83";"SAO PAULO";"Outras";"Colisão frontal";"Com Vítimas Feridas";"Pleno dia";"Crescente";"Nublado";"Dupla";"Reta";"Urbano";3;0;1;0;2;0;1;2
83431295;"15/01/16";"Sexta";"04:30:00";"RJ";116;"179,5";"NOVA IGUACU";"Outras";"Tombamento";"Com Vítimas Feridas";"Plena noite";"Decrescente";"Chuva";"Múltipla";"Reta";"Urbano";1;0;1;0;0;0;1;1
83431296;"18/01/16";"Segunda";"17:25:00";"PE";101;"79";"JABOATAO DOS GUARARAPES";"Outras";"Saída de Pista";"Com Vítimas Feridas";"Anoitecer";"Crescente";"Chuva";"Dupla";"Curva";"Urbano";2;0;2;0;0;0;2;1
83431297;"18/01/16";"Segunda";"19:00:00";"GO";60;"188";"GUAPO";"Velocidade incompatível";"Colisão com objeto fixo";"Sem Vítimas";"Pleno dia";"Crescente";"Chuva";"Dupla";"Reta";"Urbano";1;0;0;0;1;0;0;1
83431298;"18/01/16";"Segunda";"17:50:00";"PE";232;"9,5";"JABOATAO DOS GUARARAPES";"Falta de atenção";"Atropelamento de pessoa";"Com Vítimas Feridas";"Anoitecer";"Crescente";"Nublado";"Simples";"Reta";"Urbano";2;0;1;1;0;0;2;1
83431299;"15/01/16";"Sexta";"01:45:00";"MG";40;"615,3";"CONGONHAS";"Ingestão de álcool";"Colisão com objeto fixo";"Sem Vítimas";"Plena noite";"Crescente";"Chuva";"Simples";"Curva";"Urbano";1;0;0;0;1;0;0;1
83431300;"18/01/16";"Segunda";"09:20:00";"PE";232;"126";"CARUARU";"Velocidade incompatível";"Capotamento";"Com Vítimas Feridas";"Pleno dia";"Decrescente";"Chuva";"Dupla";"Reta";"Urbano";2;0;2;0;0;0;2;1
83431301;"18/01/16";"Segunda";"14:10:00";"RS";116;"439,8";"CRISTAL";"Outras";"Saída de Pista";"Com Vítimas Feridas";"Pleno dia";"Decrescente";"Ceu Claro";"Simples";"Reta";"Rural";1;0;1;0;0;0;1;1
83431302;"18/01/16";"Segunda";"17:35:00";"MG";40;"732,6";"SANTOS DUMONT";"Velocidade incompatível";"Colisão com objeto fixo";"Sem Vítimas";"Pleno dia";"Crescente";"Chuva";"Dupla";"Curva";"Rural";4;0;0;0;4;0;0;1
83431303;"18/01/16";"Segunda";"18:35:00";"MS";262;"6,9";"TRES LAGOAS";"Falta de atenção";"Colisão Transversal";"Com Vítimas Feridas";"Pleno dia";"Crescente";"Ceu Claro";"Dupla";"Reta";"Urbano";2;0;1;0;1;0;1;2
83431304;"18/01/16";"Segunda";"20:40:00";"SC";470;"84";"ASCURRA";"Outras";"Queda de motocicleta / bicicleta / veículo";"Com Vítimas Feridas";"Plena noite";"Crescente";"Nublado";"Simples";"Reta";"Rural";2;0;2;0;0;0;2;1
83431305;"18/01/16";"Segunda";"00:30:00";"PI";316;"309";"PICOS";"Ingestão de álcool";"Colisão Transversal";"Sem Vítimas";"Plena noite";"Crescente";"Ignorada";"Simples";"Cruzamento";"Urbano";4;0;0;0;4;0;0;2
83431306;"15/01/16";"Sexta";"15:40:00";"AL";104;"88";"RIO LARGO";"Velocidade incompatível";"Saída de Pista";"Com Vítimas Feridas";"Pleno dia";"Crescente";"Ceu Claro";"Dupla";"Reta";"Urbano";2;0;2;0;0;0;2;1
83431307;"18/01/16";"Segunda";"18:15:00";"MG";40;"717,9";"BARBACENA";"Velocidade incompatível";"Saída de Pista";"Sem Vítimas";"Pleno dia";"Decrescente";"Chuva";"Dupla";"Curva";"Rural";4;0;0;0;4;0;0;1
83431308;"18/01/16";"Segunda";"15:40:00";"RJ";493;"123";"ITAGUAI";"Defeito mecânico em veículo";"Colisão com objeto fixo";"Com Vítimas Feridas";"Pleno dia";"Crescente";"Chuva";"Dupla";"Reta";"Rural";2;0;1;0;1;0;1;1
83431309;"15/01/16";"Sexta";"22:30:00";"MG";381;"671,5";"PERDOES";"Falta de atenção";"Saída de Pista";"Sem Vítimas";"Plena noite";"Decrescente";"Chuva";"Dupla";"Curva";"Rural";1;0;0;0;1;0;0;1
83431310;"18/01/16";"Segunda";"19:25:00";"PE";407;"128,5";"PETROLINA";"Desobediência à sinalização";"Colisão Transversal";"Com Vítimas Feridas";"Plena noite";"Decrescente";"Ceu Claro";"Simples";"Reta";"Urbano";3;0;0;2;1;0;2;2
83431311;"18/01/16";"Segunda";"17:40:00";"RS";472;"574";"URUGUAIANA";"Falta de atenção";"Colisão Transversal";"Com Vítimas Feridas";"Pleno dia";"Decrescente";"Ceu Claro";"Simples";"Reta";"Urbano";2;0;0;1;1;0;1;2
83431312;"18/01/16";"Segunda";"18:00:00";"MG";40;"122,3";"JOAO PINHEIRO";"Velocidade incompatível";"Saída de Pista";"Sem Vítimas";"Anoitecer";"Decrescente";"Chuva";"Simples";"Reta";"Rural";2;0;0;0;2;0;0;1
83431313;"18/01/16";"Segunda";"12:10:00";"SC";101;"212";"PALHOCA";"Falta de atenção";"Colisão traseira";"Sem Vítimas";"Pleno dia";"Decrescente";"Sol";"Dupla";"Reta";"Urbano";5;0;0;0;5;0;0;5
83431314;"18/01/16";"Segunda";"20:00:00";"SP";381;"74";"SAO PAULO";"Outras";"Tombamento";"Sem Vítimas";"Plena noite";"Decrescente";"Ignorada";"Dupla";"Curva";"Rural";1;0;0;0;1;0;0;1
83431316;"18/01/16";"Segunda";"16:30:00";"MG";146;"517,5";"POCOS DE CALDAS";"Outras";"Colisão com objeto fixo";"Sem Vítimas";"Pleno dia";"Crescente";"Ceu Claro";"Simples";"Cruzamento";"Urbano";1;0;0;0;1;0;0;1
83431317;"18/01/16";"Segunda";"05:30:00";"CE";222;"64";"SAO GONCALO DO AMARANTE";"Outras";"Colisão lateral";"Sem Vítimas";"Pleno dia";"Decrescente";"Chuva";"Simples";"Reta";"Urbano";3;0;0;0;1;2;0;2
83431319;"18/01/16";"Segunda";"11:50:00";"BA";116;"933,1";"ENCRUZILHADA";"Falta de atenção";"Saída de Pista";"Com Vítimas Feridas";"Pleno dia";"Decrescente";"Nublado";"Simples";"Reta";"Rural";4;0;4;0;0;0;4;1
83431320;"18/01/16";"Segunda";"17:10:00";"PB";230;"25";"JOAO PESSOA";"Ultrapassagem indevida";"Colisão lateral";"Sem Vítimas";"Pleno dia";"Crescente";"Nublado";"Dupla";"Reta";"Urbano";2;0;0;0;2;0;0;2
83431321;"18/01/16";"Segunda";"18:25:00";"GO";153;"530,2";"HIDROLANDIA";"Outras";"Saída de Pista";"Sem Vítimas";"Pleno dia";"Crescente";"Chuva";"Dupla";"Reta";"Urbano";1;0;0;0;1;0;0;1
83431322;"18/01/16";"Segunda";"19:20:00";"SE";235;"75";"FREI PAULO";"Ingestão de álcool";"Colisão com bicicleta";"Com Vítimas Feridas";"Plena noite";"Decrescente";"Ceu Claro";"Simples";"Reta";"Rural";2;0;1;1;0;0;2;2