"id";"data_inversa";"dia_semana";"horario";"uf";"br";"km";"municipio";"causa_acidente";"tipo_acidente";"classificacao_acidente";"fase_dia";"sentido_via";"condicao_metereologica";"tipo_pista";"tracado_via";"uso_solo";"pessoas";"mortos";"feridos_leves";"feridos_graves";"ilesos";"ignorados";"feridos";"veiculos"
83431323;"18/01/16";"Segunda";"20:15:00";"SC";470;"126";"LONTRAS";"Falta de atenção";"Colisão Transversal";"Sem Vítimas";"Anoitecer";"Crescente";"Ceu Claro";"Simples";"Reta";"Urbano";2;0;0;0;2;0;0;2
83431324;"18/01/16";"Segunda";"10:40:00";"CE";222;"8";"CAUCAIA";"Animais na Pista";"Atropelamento de animal";"Com Vítimas Feridas";"Pleno dia";"Crescente";"Nublado";"Dupla";"Reta";"Urbano";1;0;1;0;0;0;1;1
83431325;"18/01/16";"Segunda";"08:35:00";"AC";364;"139,2";"RIO BRANCO";"Não guardar distância de segurança";"Colisão traseira";"Sem Vítimas";"Pleno dia";"Crescente";"Chuva";"Simples";"Reta";"Urbano";3;0;0;0;3;0;0;2
83431326;"18/01/16";"Segunda";"16:20:00";"PA";316;"0";"BELEM";"Falta de atenção";"Colisão traseira";"Sem Vítimas";"Pleno dia";"Decrescente";"Nublado";"Dupla";"Reta";"Urbano";2;0;0;0;2;0;0;2
83431327;"18/01/16";"Segunda";"20:20:00";"SC";101;"205";"SAO JOSE";"Animais na Pista";"Atropelamento de animal";"Com Vítimas Feridas";"Plena noite";"Crescente";"Nublado";"Dupla";"Reta";"Urbano";1;0;1;0;0;0;1;1
83431328;"18/01/16";"Segunda";"21:15:00";"MT";163;"55,5";"ITIQUIRA";"Outras";"Saída de Pista";"Sem Vítimas";"Plena noite";"Decrescente";"Chuva";"Dupla";"Reta";"Rural";1;0;0;0;1;0;0;1
83431329;"18/01/16";"Segunda";"07:30:00";"MT";174;"430";"COMODORO";"Outras";"Tombamento";"Sem Vítimas";"Amanhecer";"Crescente";"Nublado";"Simples";"Reta";"Rural";1;0;0;0;1;0;0;1
83431330;"15/01/16";"Sexta";"06:50:00";"GO";40;"93";"CRISTALINA";"Desobediência à sinalização";"Colisão Transversal";"Com Vítimas Feridas";"Amanhecer";"Crescente";"Nevoeiro/neblina";"Simples";"Cruzamento";"Rural";5;0;1;3;1;0;4;2
83431331;"18/01/16";"Segunda";"15:00:00";"CE";222;"0,1";"FORTALEZA";"Outras";"Colisão lateral";"Com Vítimas Feridas";"Pleno dia";"Crescente";"Sol";"Múltipla";"Reta";"Urbano";2;0;1;0;0;1;1;2
83431332;"14/01/16";"Quinta";"08:15:00";"PA";230;"632,2";"ALTAMIRA";"Falta de atenção";"Colisão frontal";"Com Vítimas Feridas";"Pleno dia";"Decrescente";"Ceu Claro";"Simples";"Reta";"Urbano";2;0;1;0;1;0;1;2
83431333;"18/01/16";"Segunda";"10:30:00";"MT";364;"349";"SANTO ANTONIO DO LEVERGER";"Outras";"Saída de Pista";"Com Vítimas Feridas";"Pleno dia";"Crescente";"Nublado";"Simples";"Curva";"Rural";1;0;1;0;0;0;1;1
83431334;"18/01/16";"Segunda";"20:30:00";"MS";163;"478";"CAMPO GRANDE";"Não guardar distância de segurança";"Colisão traseira";"Com Vítimas Feridas";"Plena noite";"Crescente";"Ceu Claro";"Simples";"Reta";"Urbano";3;0;0;1;2;0;1;3
83431335;"18/01/16";"Segunda";"07:30:00";"CE";222;"1,6";"FORTALEZA";"Falta de atenção";"Colisão traseira";"Com Vítimas Feridas";"Pleno dia";"Crescente";"Sol";"Múltipla";"Reta";"Urbano";2;0;1;0;1;0;1;2
83431336;"18/01/16";"Segunda";"16:30:00";"RJ";356;"66";"ITAPERUNA";"Defeito mecânico em veículo";"Tombamento";"Sem Vítimas";"Pleno dia";"Decrescente";"Nublado";"Simples";"Reta";"Rural";2;0;0;0;2;0;0;1
83431337;"18/01/16";"Segunda";"20:00:00";"SC";101;"212,7";"PALHOCA";"Outras";"Queda de motocicleta / bicicleta / veículo";"Com Vítimas Feridas";"Anoitecer";"Decrescente";"Ceu Claro";"Dupla";"Reta";"Urbano";2;0;1;0;0;1;1;2
83431338;"18/01/16";"Segunda";"19:30:00";"GO";60;"58,2";"ABADIANIA";"Defeito mecânico em veículo";"Saída de Pista";"Sem Vítimas";"Anoitecer";"Decrescente";"Nublado";"Dupla";"Curva";"Rural";1;0;0;0;1;0;0;1
83431339;"18/01/16";"Segunda";"21:05:00";"SC";101;"86";"BARRA VELHA";"Velocidade incompatível";"Colisão com objeto fixo";"Com Vítimas Feridas";"Plena noite";"Decrescente";"Ceu Claro";"Dupla";"Reta";"Rural";4;0;3;0;1;0;3;2
83431340;"18/01/16";"Segunda";"22:35:00";"RS";116;"611,9";"ARROIO GRANDE";"Velocidade incompatível";"Colisão traseira";"Com Vítimas Feridas";"Plena noite";"Crescente";"Ceu Claro";"Dupla";"Reta";"Rural";2;0;1;0;1;0;1;2
83431341;"18/01/16";"Segunda";"06:40:00";"RS";290;"142,8";"ELDORADO DO SUL";"Ultrapassagem indevida";"Colisão frontal";"Com Vítimas Feridas";"Pleno dia";"Crescente";"Ceu Claro";"Simples";"Reta";"Rural";3;0;0;3;0;0;3;2
83431342;"18/01/16";"Segunda";"20:30:00";"PB";230;"160,9";"CAMPINA GRANDE";"Defeito mecânico em veículo";"Colisão traseira";"Com Vítimas Feridas";"Plena noite";"Decrescente";"Chuva";"Simples";"Reta";"Rural";3;0;0;2;1;0;2;2
83431343;"14/01/16";"Quinta";"16:30:00";"RJ";101;"170";"MACAE";"Outras";"Colisão com objeto fixo";"Sem Vítimas";"Pleno dia";"Decrescente";"Nublado";"Simples";"Curva";"Rural";1;0;0;0;1;0;0;1
83431344;"15/01/16";"Sexta";"21:40:00";"MA";10;"257";"IMPERATRIZ";"Ingestão de álcool";"Colisão frontal";"Com Vítimas Feridas";"Plena noite";"Decrescente";"Ceu Claro";"Simples";"Reta";"Urbano";3;0;1;0;2;0;1;2
83431345;"18/01/16";"Segunda";"15:00:00";"RN";304;"42,2";"MOSSORO";"Outras";"Saída de Pista";"Sem Vítimas";"Pleno dia";"Decrescente";"Chuva";"Dupla";"Curva";"Urbano";4;0;0;0;4;0;0;1
83431346;"18/01/16";"Segunda";"17:30:00";"CE";222;"8,5";"CAUCAIA";"Outras";"Colisão Transversal";"Sem Vítimas";"Pleno dia";"Decrescente";"Nublado";"Dupla";"Reta";"Urbano";2;0;0;0;1;1;0;2
83431348;"18/01/16";"Segunda";"10:00:00";"PR";476;"124";"CURITIBA";"Velocidade incompatível";"Colisão traseira";"Sem Vítimas";"Plena noite";"Crescente";"Ceu Claro";"Dupla";"Reta";"Urbano";3;0;0;0;3;0;0;3
83431350;"14/01/16";"Quinta";"04:15:00";"SC";282;"46,5";"AGUAS MORNAS";"Velocidade incompatível";"Capotamento";"Com Vítimas Feridas";"Plena noite";"Decrescente";"Nublado";"Simples";"Curva";"Rural";2;0;1;0;1;0;1;1
83431351;"18/01/16";"Segunda";"17:30:00";"AC";364;"122";"RIO BRANCO";"Falta de atenção";"Atropelamento de pessoa";"Com Vítimas Feridas";"Pleno dia";"Decrescente";"Nublado";"Dupla";"Reta";"Urbano";2;0;1;1;0;0;2;1
83431352;"18/01/16";"Segunda";"17:30:00";"CE";304;"65,2";"ARACATI";"Outras";"Saída de Pista";"Com Vítimas Feridas";"Anoitecer";"Decrescente";"Chuva";"Simples";"Reta";"Urbano";1;0;1;0;0;0;1;1
83431353;"18/01/16";"Segunda";"15:45:00";"PB";230;"53,2";"SANTA RITA";"Outras";"Saída de Pista";"Sem Vítimas";"Pleno dia";"Decrescente";"Chuva";"Dupla";"Reta";"Rural";2;0;0;0;2;0;0;2
83431354;"16/01/16";"Sábado";"01:20:00";"MA";10;"297";"CIDELANDIA";"Outras";"Saída de Pista";"Com Vítimas Feridas";"Plena noite";"Crescente";"Ceu Claro";"Simples";"Reta";"Rural";1;0;1;0;0;0;1;1
83431355;"18/01/16";"Segunda";"14:40:00";"MA";222;"180,2";"PRESIDENTE VARGAS";"Outras";"Colisão frontal";"Com Vítimas Feridas";"Pleno dia";"Crescente";"Chuva";"Simples";"Curva";"Rural";2;0;1;0;1;0;1;2
83431357;"18/01/16";"Segunda";"18:10:00";"RO";174;"16";"VILHENA";"Falta de atenção";"Colisão Transversal";"Com Vítimas Feridas";"Pleno dia";"Decrescente";"Ceu Claro";"Simples";"Reta";"Urbano";3;0;1;0;2;0;1;2
83431358;"18/01/16";"Segunda";"08:15:00";"MG";40;"464,9";"SETE LAGOAS";"Outras";"Saída de Pista";"Com Vítimas Feridas";"Pleno dia";"Decrescente";"Chuva";"Dupla";"Reta";"Rural";3;0;0;2;1;0;2;1
83431359;"18/01/16";"Segunda";"14:30:00";"MG";40;"464,5";"SETE LAGOAS";"Outras";"Saída de Pista";"Com Vítimas Feridas";"Pleno dia";"Crescente";"Chuva";"Dupla";"Reta";"Rural";2;0;1;0;1;0;1;1
83431360;"18/01/16";"Segunda";"23:45:00";"SP";116;"307,5";"SAO LOURENCO DA SERRA";"Animais na Pista";"Atropelamento de animal";"Sem Vítimas";"Plena noite";"Decrescente";"Nublado";"Dupla";"Reta";"Rural";2;0;0;0;2;0;0;1
83431361;"18/01/16";"Segunda";"20:40:00";"SE";101;"205";"CRISTINAPOLIS";"Outras";"Incêndio";"Sem Vítimas";"Plena noite";"Decrescente";"Nublado";"Simples";"Reta";"Rural";1;0;0;0;1;0;0;1
83431362;"18/01/16";"Segunda";"12:45:00";"CE";222;"107,9";"ITAPAGE";"Velocidade incompatível";"Saída de Pista";"Com Vítimas Feridas";"Pleno dia";"Decrescente";"Nublado";"Simples";"Reta";"Rural";2;0;0;1;1;0;1;1
83431363;"18/01/16";"Segunda";"21:45:00";"GO";60;"210,4";"VARJAO";"Velocidade incompatível";"Saída de Pista";"Sem Vítimas";"Plena noite";"Decrescente";"Chuva";"Dupla";"Reta";"Rural";1;0;0;0;1;0;0;1
83431365;"19/01/16";"Terça";"00:50:00";"MG";381;"759,8";"TRES CORACOES";"Velocidade incompatível";"Saída de Pista";"Com Vítimas Feridas";"Plena noite";"Crescente";"Nublado";"Dupla";"Reta";"Rural";2;0;1;0;1;0;1;1
83431366;"18/01/16";"Segunda";"20:45:00";"GO";50;"154";"CAMPO ALEGRE DE GOIAS";"Falta de atenção";"Colisão Transversal";"Sem Vítimas";"Plena noite";"Decrescente";"Chuva";"Simples";"Cruzamento";"Rural";3;0;0;0;3;0;0;2
83431367;"18/01/16";"Segunda";"07:15:00";"PB";101;"36,6";"MAMANGUAPE";"Defeito na via";"Saída de Pista";"Sem Vítimas";"Pleno dia";"Crescente";"Chuva";"Dupla";"Curva";"Urbano";1;0;0;0;1;0;0;1
83431368;"18/01/16";"Segunda";"20:30:00";"BA";101;"922";"NOVA VICOSA";"Falta de atenção";"Colisão traseira";"Sem Vítimas";"Plena noite";"Decrescente";"Ceu Claro";"Simples";"Reta";"Rural";2;0;0;0;2;0;0;2
83431369;"18/01/16";"Segunda";"15:00:00";"PA";316;"23";"BENEVIDES";"Outras";"Queda de motocicleta / bicicleta / veículo";"Com Vítimas Feridas";"Pleno dia";"Decrescente";"Chuva";"Simples";"Reta";"Urbano";1;0;1;0;0;0;1;1
83431370;"18/01/16";"Segunda";"16:30:00";"SC";101;"205";"SAO JOSE";"Velocidade incompatível";"Colisão traseira";"Com Vítimas Feridas";"Pleno dia";"Decrescente";"Sol";"Múltipla";"Reta";"Urbano";3;0;1;0;2;0;1;3
83431371;"18/01/16";"Segunda";"22:20:00";"MT";163;"797";"VERA";"Animais na Pista";"Atropelamento de animal";"Com Vítimas Feridas";"Plena noite";"Crescente";"Chuva";"Simples";"Reta";"Rural";3;0;2;0;1;0;2;1
83431372;"18/01/16";"Segunda";"17:40:00";"MA";135;"3";"SAO LUIS";"Falta de atenção";"Colisão traseira";"Sem Vítimas";"Anoitecer";"Decrescente";"Nublado";"Dupla";"Reta";"Urbano";2;0;0;0;2;0;0;2
83431373;"18/01/16";"Segunda";"15:00:00";"SC";282;"49,6";"AGUAS MORNAS";"Não guardar distância de segurança";"Colisão traseira";"Sem Vítimas";"Pleno dia";"Decrescente";"Ceu Claro";"Simples";"Curva";"Rural";2;0;0;0;2;0;0;2
83431374;"18/01/16";"Segunda";"22:00:00";"DF";251;"23,3";"BRASILIA";"Outras";"Atropelamento de animal";"Com Vítimas Fatais";"Plena noite";"Decrescente";"Chuva";"Simples";"Reta";"Rural";1;1;0;0;0;0;0;1
83431375;"18/01/16";"Segunda";"21:10:00";"RS";386;"279,8";"SAO JOSE DO HERVAL";"Falta de atenção";"Colisão traseira";"Com Vítimas Fatais";"Plena noite";"Crescente";"Ceu Claro";"Simples";"Curva";"Urbano";2;1;0;0;1;0;0;2
83431376;"18/01/16";"Segunda";"19:30:00";"SP";116;"6,9";"QUELUZ";"Outras";"Colisão com objeto fixo";"Com Vítimas Feridas";"Plena noite";"Decrescente";"Chuva";"Dupla";"Reta";"Rural";1;0;1;0;0;0;1;1
83431377;"14/01/16";"Quinta";"23:00:00";"MA";135;"40,4";"BACABEIRA";"Outras";"Saída de Pista";"Com Vítimas Feridas";"Plena noite";"Decrescente";"Ceu Claro";"Simples";"Reta";"Rural";1;0;1;0;0;0;1;1
83431378;"14/01/16";"Quinta";"18:45:00";"SC";101;"200";"SAO JOSE";"Defeito mecânico em veículo";"Queda de motocicleta / bicicleta / veículo";"Com Vítimas Feridas";"Pleno dia";"Crescente";"Chuva";"Dupla";"Reta";"Urbano";2;0;1;0;1;0;1;1
83431379;"18/01/16";"Segunda";"17:40:00";"PB";101;"98";"ALHANDRA";"Não guardar distância de segurança";"Saída de Pista";"Sem Vítimas";"Anoitecer";"Decrescente";"Nevoeiro/neblina";"Dupla";"Reta";"Rural";3;0;0;0;2;1;0;2
83431380;"10/01/16";"Domingo";"23:20:00";"GO";414;"439";"ANAPOLIS";"Falta de atenção";"Colisão Transversal";"Sem Vítimas";"Plena noite";"Crescente";"Chuva";"Simples";"Reta";"Urbano";2;0;0;0;2;0;0;2
83431381;"14/01/16";"Quinta";"17:20:00";"GO";153;"286,8";"RIALMA";"Ultrapassagem indevida";"Colisão lateral";"Sem Vítimas";"Pleno dia";"Decrescente";"Nublado";"Simples";"Reta";"Rural";3;0;0;0;2;1;0;3
83431382;"19/01/16";"Terça";"02:20:00";"RJ";393;"286,8";"VOLTA REDONDA";"Falta de atenção";"Saída de Pista";"Sem Vítimas";"Plena noite";"Decrescente";"Chuva";"Dupla";"Curva";"Urbano";1;0;0;0;1;0;0;1
83431383;"18/01/16";"Segunda";"21:20:00";"MG";40;"464";"SETE LAGOAS";"Defeito na via";"Saída de Pista";"Sem Vítimas";"Plena noite";"Decrescente";"Chuva";"Dupla";"Reta";"Rural";1;0;0;0;1;0;0;1
83431384;"18/01/16";"Segunda";"19:30:00";"PI";316;"56,3";"MONSENHOR GIL";"Animais na Pista";"Atropelamento de animal";"Com Vítimas Feridas";"Plena noite";"Decrescente";"Ceu Claro";"Simples";"Curva";"Rural";1;0;0;1;0;0;1;1
83431385;"18/01/16";"Segunda";"15:30:00";"MA";135;"165";"MATOES DO NORTE";"Outras";"Colisão lateral";"Com Vítimas Feridas";"Pleno dia";"Decrescente";"Ceu Claro";"Simples";"Reta";"Urbano";4;0;2;0;2;0;2;3
83431386;"18/01/16";"Segunda";"12:05:00";"RS";290;"70,9";"GRAVATAI";"Outras";"Colisão traseira";"Com Vítimas Feridas";"Pleno dia";"Crescente";"Sol";"Dupla";"Reta";"Urbano";3;0;1;0;2;0;1;2
83431388;"18/01/16";"Segunda";"18:46:00";"PR";376;"616";"SAO JOSE DOS PINHAIS";"Falta de atenção";"Colisão com bicicleta";"Com Vítimas Feridas";"Pleno dia";"Decrescente";"Sol";"Dupla";"Reta";"Rural";2;0;0;1;1;0;1;2
83431389;"18/01/16";"Segunda";"06:30:00";"AL";101;"31";"JOAQUIM GOMES";"Outras";"Colisão frontal";"Sem Vítimas";"Pleno dia";"Decrescente";"Chuva";"Simples";"Curva";"Rural";2;0;0;0;2;0;0;2
83431390;"19/01/16";"Terça";"04:15:00";"PR";376;"508,8";"PONTA GROSSA";"Dormindo";"Saída de Pista";"Com Vítimas Feridas";"Plena noite";"Crescente";"Ceu Claro";"Dupla";"Reta";"Rural";2;0;1;0;1;0;1;1
83431391;"15/01/16";"Sexta";"16:30:00";"RS";290;"117,8";"ELDORADO DO SUL";"Falta de atenção";"Colisão traseira";"Sem Vítimas";"Pleno dia";"Crescente";"Ceu Claro";"Simples";"Reta";"Urbano";5;0;0;0;5;0;0;2
83431392;"15/01/16";"Sexta";"17:30:00";"BA";101;"232";"SAPEACU";"Velocidade incompatível";"Colisão Transversal";"Com Vítimas Feridas";"Anoitecer";"Decrescente";"Ceu Claro";"Simples";"Reta";"Rural";3;0;1;0;2;0;1;3
83431393;"18/01/16";"Segunda";"20:00:00";"TO";153;"334";"GUARAI";"Outras";"Queda de motocicleta / bicicleta / veículo";"Com Vítimas Feridas";"Plena noite";"Crescente";"Nublado";"Simples";"Curva";"Rural";1;0;0;1;0;0;1;1
83431394;"18/01/16";"Segunda";"22:20:00";"MG";381;"810";"CAREACU";"Velocidade incompatível";"Tombamento";"Com Vítimas Feridas";"Plena noite";"Decrescente";"Ceu Claro";"Dupla";"Curva";"Rural";1;0;0;1;0;0;1;1
83431395;"15/01/16";"Sexta";"22:10:00";"PR";277;"721,5";"FOZ DO IGUACU";"Ingestão de álcool";"Colisão Transversal";"Com Vítimas Feridas";"Plena noite";"Crescente";"Ceu Claro";"Dupla";"Reta";"Urbano";4;0;2;0;2;0;2;3
83431396;"19/01/16";"Terça";"06:20:00";"RS";468;"2,2";"PALMEIRA DAS MISSOES";"Falta de atenção";"Atropelamento de pessoa";"Com Vítimas Fatais";"Amanhecer";"Decrescente";"Ceu Claro";"Simples";"Reta";"Urbano";2;1;0;0;1;0;0;1
83431398;"19/01/16";"Terça";"06:50:00";"RS";116;"148";"CAXIAS DO SUL";"Falta de atenção";"Colisão traseira";"Sem Vítimas";"Pleno dia";"Crescente";"Sol";"Múltipla";"Curva";"Urbano";3;0;0;0;3;0;0;2
83431399;"18/01/16";"Segunda";"12:00:00";"AL";101;"51";"FLEXEIRAS";"Defeito na via";"Tombamento";"Com Vítimas Feridas";"Pleno dia";"Decrescente";"Chuva";"Simples";"Curva";"Urbano";1;0;1;0;0;0;1;1
83431400;"15/01/16";"Sexta";"21:20:00";"PB";230;"20,7";"JOAO PESSOA";"Velocidade incompatível";"Colisão traseira";"Sem Vítimas";"Plena noite";"Crescente";"Ignorada";"Dupla";"Reta";"Urbano";2;0;0;0;2;0;0;2
83431401;"15/01/16";"Sexta";"19:10:00";"RS";116;"315,5";"BARRA DO RIBEIRO";"Não guardar distância de segurança";"Colisão traseira";"Com Vítimas Feridas";"Pleno dia";"Decrescente";"Ceu Claro";"Simples";"Reta";"Rural";3;0;1;0;2;0;1;3
83431402;"18/01/16";"Segunda";"20:30:00";"SC";470;"142";"RIO DO SUL";"Falta de atenção";"Colisão Transversal";"Com Vítimas Feridas";"Plena noite";"Crescente";"Ceu Claro";"Simples";"Reta";"Urbano";3;0;1;0;2;0;1;2
83431403;"18/01/16";"Segunda";"16:15:00";"PA";316;"92";"SANTA MARIA DO PARA";"Ultrapassagem indevida";"Capotamento";"Com Vítimas Feridas";"Pleno dia";"Crescente";"Ceu Claro";"Simples";"Reta";"Rural";1;0;0;1;0;0;1;1
83431404;"16/01/16";"Sábado";"00:30:00";"ES";101;"205,4";"SERRA";"Falta de atenção";"Atropelamento de pessoa";"Com Vítimas Fatais";"Plena noite";"Decrescente";"Ignorada";"Simples";"Reta";"Urbano";2;1;0;0;0;1;0;1
83431405;"15/01/16";"Sexta";"11:45:00";"CE";116;"3";"FORTALEZA";"Falta de atenção";"Colisão lateral";"Com Vítimas Feridas";"Pleno dia";"Decrescente";"Ceu Claro";"Múltipla";"Reta";"Urbano";2;0;1;0;1;0;1;2
83431406;"15/01/16";"Sexta";"19:00:00";"MG";262;"650,8";"IBIA";"Desobediência à sinalização";"Colisão frontal";"Com Vítimas Feridas";"Plena noite";"Crescente";"Chuva";"Simples";"Curva";"Rural";3;0;2;0;1;0;2;2
83431407;"16/01/16";"Sábado";"01:00:00";"SP";381;"58";"MAIRIPORA";"Outras";"Capotamento";"Sem Vítimas";"Plena noite";"Crescente";"Chuva";"Dupla";"Reta";"Rural";1;0;0;0;1;0;0;1
83431408;"19/01/16";"Terça";"07:00:00";"SC";470;"161,7";"TROMBUDO CENTRAL";"Não guardar distância de segurança";"Colisão traseira";"Sem Vítimas";"Pleno dia";"Decrescente";"Sol";"Simples";"Reta";"Urbano";2;0;0;0;2;0;0;2
83431409;"12/01/16";"Terça";"00:36:00";"SP";116;"84,9";"PINDAMONHANGABA";"Falta de atenção";"Colisão traseira";"Com Vítimas Feridas";"Plena noite";"Decrescente";"Chuva";"Dupla";"Reta";"Urbano";3;0;1;0;2;0;1;2
83431410;"12/01/16";"Terça";"17:30:00";"ES";259;"17,8";"JOAO NEIVA";"Desobediência à sinalização";"Colisão lateral";"Com Vítimas Feridas";"Pleno dia";"Crescente";"Chuva";"Simples";"Curva";"Rural";5;0;3;2;0;0;5;2
83431411;"19/01/16";"Terça";"07:30:00";"PR";277;"724";"FOZ DO IGUACU";"Não guardar distância de segurança";"Colisão traseira";"Com Vítimas Feridas";"Pleno dia";"Crescente";"Ceu Claro";"Dupla";"Curva";"Urbano";4;0;2;0;1;1;2;4
83431412;"17/01/16";"Domingo";"19:30:00";"GO";60;"10,5";"APARECIDA DE GOIANIA";"Falta de atenção";"Colisão Transversal";"Com Vítimas Feridas";"Anoitecer";"Crescente";"Nublado";"Dupla";"Cruzamento";"Urbano";2;0;1;1;0;0;2;2
83431413;"15/01/16";"Sexta";"14:15:00";"MG";40;"751,7";"SANTOS DUMONT";"Velocidade incompatível";"Colisão com objeto fixo";"Sem Vítimas";"Pleno dia";"Crescente";"Chuva";"Simples";"Reta";"Rural";1;0;0;0;1;0;0;1
83431414;"17/01/16";"Domingo";"11:00:00";"SP";116;"515";"CAJATI";"Velocidade incompatível";"Colisão com objeto móvel";"Sem Vítimas";"Pleno dia";"Decrescente";"Ceu Claro";"Simples";"Curva";"Rural";4;0;0;0;4;0;0;1
83431415;"17/01/16";"Domingo";"11:29:00";"SP";116;"514,2";"CAJATI";"Velocidade incompatível";"Tombamento";"Sem Vítimas";"Pleno dia";"Decrescente";"Sol";"Simples";"Curva";"Rural";1;0;0;0;1;0;0;1
83431416;"17/01/16";"Domingo";"21:35:00";"SP";116;"489,8";"CAJATI";"Outras";"Colisão com objeto fixo";"Ignorado";"Plena noite";"Crescente";"Ceu Claro";"Dupla";"Reta";"Urbano";1;0;0;0;0;1;0;1
83431417;"12/01/16";"Terça";"04:50:00";"RJ";101;"291";"ITABORAI";"Outras";"Colisão traseira";"Com Vítimas Feridas";"Amanhecer";"Crescente";"Chuva";"Dupla";"Reta";"Rural";4;0;1;2;1;0;3;3
83431418;"18/01/16";"Segunda";"03:00:00";"SP";116;"511";"CAJATI";"Outras";"Colisão lateral";"Com Vítimas Feridas";"Plena noite";"Decrescente";"Ceu Claro";"Simples";"Curva";"Rural";2;0;1;0;0;1;1;2
83431419;"15/01/16";"Sexta";"23:05:00";"ES";101;"335,1";"GUARAPARI";"Defeito mecânico em veículo";"Colisão com objeto fixo";"Sem Vítimas";"Plena noite";"Crescente";"Nublado";"Simples";"Cruzamento";"Rural";1;0;0;0;1;0;0;1
83431420;"15/01/16";"Sexta";"14:30:00";"MG";262;"485";"BOM DESPACHO";"Falta de atenção";"Colisão lateral";"Com Vítimas Feridas";"Pleno dia";"Decrescente";"Chuva";"Simples";"Reta";"Rural";3;0;1;1;1;0;2;2
83431421;"15/01/16";"Sexta";"17:00:00";"ES";259;"53,4";"COLATINA";"Não guardar distância de segurança";"Colisão traseira";"Com Vítimas Feridas";"Pleno dia";"Crescente";"Nublado";"Dupla";"Reta";"Urbano";2;0;0;1;1;0;1;2
83431422;"02/01/16";"Sábado";"19:40:00";"PR";163;"185,2";"LINDOESTE";"Outras";"Capotamento";"Com Vítimas Feridas";"Anoitecer";"Crescente";"Chuva";"Simples";"Curva";"Rural";1;0;0;1;0;0;1;1
83431423;"15/01/16";"Sexta";"14:10:00";"SC";116;"247,5";"LAGES";"Falta de atenção";"Colisão frontal";"Com Vítimas Feridas";"Pleno dia";"Decrescente";"Ceu Claro";"Simples";"Reta";"Urbano";2;0;0;1;1;0;1;2
83431424;"15/01/16";"Sexta";"14:15:00";"MG";262;"485,1";"BOM DESPACHO";"Ultrapassagem indevida";"Saída de Pista";"Com Vítimas Feridas";"Pleno dia";"Crescente";"Chuva";"Simples";"Reta";"Rural";2;0;1;0;1;0;1;2
83431425;"18/01/16";"Segunda";"01:45:00";"PR";476;"133";"CURITIBA";"Desobediência à sinalização";"Colisão Transversal";"Com Vítimas Feridas";"Plena noite";"Decrescente";"Nublado";"Múltipla";"Reta";"Urbano";2;0;1;1;0;0;2;2
83431426;"19/01/16";"Terça";"05:30:00";"PB";412;"110,5";"SUME";"Animais na Pista";"Atropelamento de animal";"Sem Vítimas";"Amanhecer";"Decrescente";"Nublado";"Simples";"Reta";"Urbano";1;0;0;0;1;0;0;1
83431427;"19/01/16";"Terça";"07:30:00";"MT";364;"583,3";"DIAMANTINO";"Falta de atenção";"Saída de Pista";"Sem Vítimas";"Pleno dia";"Crescente";"Chuva";"Dupla";"Curva";"Rural";1;0;0;0;1;0;0;1
83431428;"15/01/16";"Sexta";"22:15:00";"SC";101;"211,5";"PALHOCA";"Falta de atenção";"Colisão traseira";"Com Vítimas Feridas";"Plena noite";"Decrescente";"Ceu Claro";"Dupla";"Reta";"Urbano";2;0;1;0;1;0;1;2
83431429;"19/01/16";"Terça";"08:10:00";"DF";20;"5";"BRASILIA";"Falta de atenção";"Colisão traseira";"Com Vítimas Feridas";"Amanhecer";"Decrescente";"Chuva";"Dupla";"Reta";"Urbano";3;0;1;0;2;0;1;2
83431430;"15/01/16";"Sexta";"22:30:00";"PI";343;"347";"TERESINA";"Falta de atenção";"Colisão frontal";"Com Vítimas Feridas";"Plena noite";"Crescente";"Nublado";"Simples";"Reta";"Urbano";2;0;0;1;1;0;1;2
83431432;"15/01/16";"Sexta";"22:15:00";"RN";406;"95";"JANDAIRA";"Animais na Pista";"Atropelamento de animal";"Sem Vítimas";"Plena noite";"Crescente";"Ceu Claro";"Simples";"Reta";"Rural";2;0;0;0;2;0;0;2
83431433;"19/01/16";"Terça";"08:30:00";"BA";101;"751,1";"ITABELA";"Velocidade incompatível";"Saída de Pista";"Com Vítimas Feridas";"Pleno dia";"Decrescente";"Sol";"Simples";"Curva";"Rural";1;0;1;0;0;0;1;1
83431434;"15/01/16";"Sexta";"17:40:00";"RS";116;"261,3";"CANOAS";"Defeito mecânico em veículo";"Colisão com objeto fixo";"Com Vítimas Feridas";"Pleno dia";"Crescente";"Ceu Claro";"Múltipla";"Reta";"Urbano";1;0;1;0;0;0;1;1
83431435;"19/01/16";"Terça";"07:55:00";"SC";101;"213";"PALHOCA";"Outras";"Queda de motocicleta / bicicleta / veículo";"Com Vítimas Feridas";"Pleno dia";"Crescente";"Sol";"Múltipla";"Reta";"Urbano";2;0;1;0;0;1;1;2
83431436;"15/01/16";"Sexta";"14:00:00";"PE";101;"101";"CABO DE SANTO AGOSTINHO";"Dormindo";"Colisão frontal";"Com Vítimas Feridas";"Pleno dia";"Decrescente";"Sol";"Simples";"Reta";"Urbano";2;0;1;0;0;1;1;2