"id";"data_inversa";"dia_semana";"horario";"uf";"br";"km";"municipio";"causa_acidente";"tipo_acidente";"classificacao_acidente";"fase_dia";"sentido_via";"condicao_metereologica";"tipo_pista";"tracado_via";"uso_solo";"pessoas";"mortos";"feridos_leves";"feridos_graves";"ilesos";"ignorados";"feridos";"veiculos"
83431438;"19/01/16";"Terça";"08:00:00";"SC";470;"176";"POUSO REDONDO";"Falta de atenção";"Atropelamento de pessoa";"Com Vítimas Feridas";"Pleno dia";"Decrescente";"Ceu Claro";"Simples";"Curva";"Urbano";2;0;1;0;1;0;1;1
83431439;"17/01/16";"Domingo";"21:30:00";"PE";232;"196,2";"SANHARO";"Falta de atenção";"Colisão frontal";"Com Vítimas Fatais";"Plena noite";"Crescente";"Chuva";"Simples";"Reta";"Rural";2;1;0;0;1;0;0;2
83431440;"15/01/16";"Sexta";"16:15:00";"MG";50;"164,8";"UBERABA";"Velocidade incompatível";"Saída de Pista";"Sem Vítimas";"Pleno dia";"Decrescente";"Chuva";"Dupla";"Reta";"Rural";1;0;0;0;1;0;0;1
83431441;"15/01/16";"Sexta";"06:30:00";"PE";232;"0";"CARUARU";"Dormindo";"Colisão lateral";"Com Vítimas Feridas";"Pleno dia";"Decrescente";"Nevoeiro/neblina";"Dupla";"Reta";"Urbano";2;0;0;1;1;0;1;2
83431442;"15/01/16";"Sexta";"23:40:00";"MG";381;"399";"BOM JESUS DO AMPARO";"Outras";"Colisão frontal";"Com Vítimas Feridas";"Plena noite";"Decrescente";"Chuva";"Simples";"Reta";"Rural";22;0;5;0;17;0;5;2
83431444;"15/01/16";"Sexta";"21:00:00";"RJ";40;"90";"PETROPOLIS";"Velocidade incompatível";"Saída de Pista";"Sem Vítimas";"Plena noite";"Decrescente";"Chuva";"Dupla";"Curva";"Rural";1;0;0;0;1;0;0;1
83431445;"15/01/16";"Sexta";"12:30:00";"MG";40;"785,5";"JUIZ DE FORA";"Outras";"Capotamento";"Com Vítimas Feridas";"Pleno dia";"Decrescente";"Chuva";"Dupla";"Curva";"Rural";5;0;4;0;1;0;4;1
83431446;"12/01/16";"Terça";"00:40:00";"RJ";116;"239";"PIRAI";"Outras";"Colisão com objeto fixo";"Sem Vítimas";"Plena noite";"Decrescente";"Chuva";"Dupla";"Curva";"Rural";1;0;0;0;1;0;0;1
83431447;"19/01/16";"Terça";"06:15:00";"MG";50;"48,5";"ARAGUARI";"Defeito na via";"Queda de motocicleta / bicicleta / veículo";"Com Vítimas Feridas";"Amanhecer";"Crescente";"Chuva";"Dupla";"Reta";"Rural";2;0;1;1;0;0;2;1
83431448;"15/01/16";"Sexta";"21:30:00";"MG";381;"530";"ITATIAIUCU";"Velocidade incompatível";"Saída de Pista";"Sem Vítimas";"Plena noite";"Decrescente";"Chuva";"Dupla";"Curva";"Rural";1;0;0;0;1;0;0;1
83431449;"19/01/16";"Terça";"08:00:00";"GO";60;"69,3";"ABADIANIA";"Velocidade incompatível";"Saída de Pista";"Com Vítimas Feridas";"Pleno dia";"Crescente";"Nublado";"Dupla";"Reta";"Rural";1;0;1;0;0;0;1;1
83431450;"16/01/16";"Sábado";"01:40:00";"PA";222;"226,5";"MARABA";"Outras";"Colisão frontal";"Com Vítimas Fatais";"Plena noite";"Decrescente";"Chuva";"Simples";"Curva";"Urbano";3;1;0;1;0;1;1;2
83431451;"15/01/16";"Sexta";"01:30:00";"PE";232;"276,2";"SERTANIA";"Animais na Pista";"Atropelamento de animal";"Sem Vítimas";"Plena noite";"Crescente";"Nublado";"Simples";"Reta";"Rural";1;0;0;0;1;0;0;1
83431452;"18/01/16";"Segunda";"05:00:00";"MS";163;"500,3";"CAMPO GRANDE";"Falta de atenção";"Colisão traseira";"Com Vítimas Feridas";"Amanhecer";"Decrescente";"Ceu Claro";"Simples";"Reta";"Rural";16;0;4;1;11;0;5;2
83431453;"16/01/16";"Sábado";"01:00:00";"RJ";40;"101";"DUQUE DE CAXIAS";"Outras";"Atropelamento de pessoa";"Com Vítimas Feridas";"Plena noite";"Decrescente";"Chuva";"Simples";"Curva";"Rural";2;0;1;0;1;0;1;1
83431454;"06/01/16";"Quarta";"17:40:00";"GO";153;"523";"HIDROLANDIA";"Outras";"Capotamento";"Com Vítimas Feridas";"Pleno dia";"Crescente";"Ceu Claro";"Dupla";"Reta";"Rural";2;0;2;0;0;0;2;1
83431455;"19/01/16";"Terça";"03:10:00";"MT";163;"971";"TERRA NOVA DO NORTE";"Velocidade incompatível";"Saída de Pista";"Sem Vítimas";"Plena noite";"Decrescente";"Chuva";"Múltipla";"Curva";"Rural";2;0;0;0;2;0;0;1
83431456;"16/01/16";"Sábado";"00:55:00";"RS";293;"99,7";"PINHEIRO MACHADO";"Outras";"Atropelamento de pessoa";"Com Vítimas Fatais";"Plena noite";"Decrescente";"Ceu Claro";"Simples";"Curva";"Rural";2;1;0;0;1;0;0;1
83431457;"15/01/16";"Sexta";"15:30:00";"MG";262;"487";"BOM DESPACHO";"Não guardar distância de segurança";"Colisão traseira";"Com Vítimas Feridas";"Pleno dia";"Decrescente";"Chuva";"Simples";"Reta";"Urbano";7;0;1;1;4;1;2;4
83431459;"03/01/16";"Domingo";"18:35:00";"PR";369;"65,8";"SANTA MARIANA";"Não guardar distância de segurança";"Colisão traseira";"Sem Vítimas";"Pleno dia";"Crescente";"Ceu Claro";"Simples";"Curva";"Rural";4;0;0;0;4;0;0;2
83431460;"08/01/16";"Sexta";"17:50:00";"SP";116;"122,9";"CACAPAVA";"Falta de atenção";"Colisão traseira";"Sem Vítimas";"Pleno dia";"Decrescente";"Nublado";"Dupla";"Reta";"Urbano";3;0;0;0;3;0;0;3
83431461;"15/01/16";"Sexta";"10:15:00";"PA";316;"6";"ANANINDEUA";"Falta de atenção";"Colisão lateral";"Sem Vítimas";"Pleno dia";"Crescente";"Sol";"Dupla";"Reta";"Urbano";2;0;0;0;2;0;0;2
83431463;"19/01/16";"Terça";"07:10:00";"MG";381;"828";"SAO SEBASTIAO DA BELA VISTA";"Falta de atenção";"Tombamento";"Sem Vítimas";"Amanhecer";"Crescente";"Nublado";"Simples";"Reta";"Rural";1;0;0;0;1;0;0;1
83431464;"15/01/16";"Sexta";"05:00:00";"MG";116;"486,7";"DOM CAVATI";"Falta de atenção";"Saída de Pista";"Com Vítimas Feridas";"Amanhecer";"Decrescente";"Chuva";"Simples";"Curva";"Rural";2;0;1;1;0;0;2;1
83431465;"17/01/16";"Domingo";"02:00:00";"PB";230;"70,6";"SOBRADO";"Ingestão de álcool";"Queda de motocicleta / bicicleta / veículo";"Com Vítimas Feridas";"Plena noite";"Crescente";"Nublado";"Dupla";"Reta";"Rural";2;0;2;0;0;0;2;1
83431466;"15/01/16";"Sexta";"14:50:00";"MG";262;"485,9";"BOM DESPACHO";"Falta de atenção";"Colisão traseira";"Com Vítimas Feridas";"Pleno dia";"Crescente";"Chuva";"Simples";"Reta";"Rural";2;0;0;1;1;0;1;2
83431467;"19/01/16";"Terça";"09:15:00";"SC";101;"117";"ITAJAI";"Outras";"Saída de Pista";"Com Vítimas Feridas";"Pleno dia";"Crescente";"Ceu Claro";"Simples";"Reta";"Urbano";2;0;1;0;1;0;1;2
83431468;"19/01/16";"Terça";"08:27:00";"GO";70;"3";"AGUAS LINDAS DE GOIAS";"Não guardar distância de segurança";"Colisão traseira";"Com Vítimas Feridas";"Pleno dia";"Decrescente";"Chuva";"Dupla";"Reta";"Rural";4;0;2;0;2;0;2;3
83431471;"19/01/16";"Terça";"09:30:00";"ES";101;"138,6";"LINHARES";"Falta de atenção";"Colisão Transversal";"Com Vítimas Feridas";"Pleno dia";"Crescente";"Nublado";"Múltipla";"Cruzamento";"Rural";3;0;2;0;0;1;2;2
83431472;"02/01/16";"Sábado";"08:00:00";"PR";277;"0,1";"FOZ DO IGUACU";"Desobediência à sinalização";"Saída de Pista";"Ignorado";"Pleno dia";"Crescente";"Ceu Claro";"Simples";"Curva";"Urbano";1;0;0;0;0;1;0;1
83431473;"12/01/16";"Terça";"00:45:00";"RJ";116;"239";"PIRAI";"Outras";"Colisão com objeto fixo";"Sem Vítimas";"Plena noite";"Decrescente";"Chuva";"Dupla";"Curva";"Rural";1;0;0;0;1;0;0;1
83431474;"02/01/16";"Sábado";"16:45:00";"PR";277;"319,6";"GUARAPUAVA";"Falta de atenção";"Colisão traseira";"Com Vítimas Feridas";"Pleno dia";"Crescente";"Chuva";"Simples";"Reta";"Rural";4;0;1;0;3;0;1;3
83431476;"19/01/16";"Terça";"07:13:00";"RJ";101;"312";"SAO GONCALO";"Outras";"Colisão com objeto fixo";"Com Vítimas Feridas";"Pleno dia";"Decrescente";"Chuva";"Dupla";"Reta";"Urbano";1;0;1;0;0;0;1;1
83431478;"04/01/16";"Segunda";"10:45:00";"PE";101;"65";"RECIFE";"Não guardar distância de segurança";"Colisão traseira";"Sem Vítimas";"Pleno dia";"Decrescente";"Ceu Claro";"Dupla";"Reta";"Urbano";2;0;0;0;2;0;0;2
83431479;"19/01/16";"Terça";"10:34:00";"SC";116;"305";"CAPAO ALTO";"Falta de atenção";"Saída de Pista";"Sem Vítimas";"Pleno dia";"Crescente";"Ceu Claro";"Simples";"Reta";"Rural";1;0;0;0;1;0;0;1
83431480;"19/01/16";"Terça";"09:50:00";"SC";282;"603,9";"MARAVILHA";"Não guardar distância de segurança";"Colisão traseira";"Sem Vítimas";"Pleno dia";"Crescente";"Sol";"Simples";"Curva";"Urbano";3;0;0;0;3;0;0;3
83431481;"19/01/16";"Terça";"08:20:00";"BA";101;"915";"NOVA VICOSA";"Outras";"Saída de Pista";"Sem Vítimas";"Pleno dia";"Crescente";"Ceu Claro";"Simples";"Reta";"Rural";1;0;0;0;1;0;0;1
83431482;"15/01/16";"Sexta";"14:53:00";"RJ";116;"220,4";"PIRAI";"Outras";"Colisão com objeto fixo";"Sem Vítimas";"Pleno dia";"Decrescente";"Chuva";"Simples";"Curva";"Rural";1;0;0;0;1;0;0;1
83431483;"16/01/16";"Sábado";"19:00:00";"RS";285;"208,5";"LAGOA VERMELHA";"Desobediência à sinalização";"Colisão Transversal";"Sem Vítimas";"Pleno dia";"Decrescente";"Sol";"Simples";"Cruzamento";"Rural";2;0;0;0;1;1;0;2
83431484;"19/01/16";"Terça";"08:05:00";"BA";324;"620";"SALVADOR";"Velocidade incompatível";"Colisão traseira";"Com Vítimas Feridas";"Pleno dia";"Crescente";"Sol";"Simples";"Reta";"Urbano";2;0;1;0;1;0;1;2
83431485;"18/01/16";"Segunda";"11:00:00";"GO";60;"195";"GUAPO";"Velocidade incompatível";"Saída de Pista";"Com Vítimas Feridas";"Pleno dia";"Crescente";"Chuva";"Dupla";"Curva";"Rural";2;0;1;1;0;0;2;1
83431487;"18/01/16";"Segunda";"06:00:00";"MT";364;"225";"RONDONOPOLIS";"Outras";"Tombamento";"Com Vítimas Feridas";"Amanhecer";"Crescente";"Nublado";"Simples";"Curva";"Rural";1;0;1;0;0;0;1;1
83431488;"15/01/16";"Sexta";"21:00:00";"MG";267;"289";"AIURUOCA";"Velocidade incompatível";"Saída de Pista";"Com Vítimas Feridas";"Plena noite";"Crescente";"Chuva";"Simples";"Curva";"Rural";1;0;1;0;0;0;1;1
83431489;"15/01/16";"Sexta";"16:50:00";"MG";365;"623,2";"UBERLANDIA";"Outras";"Colisão lateral";"Sem Vítimas";"Pleno dia";"Crescente";"Chuva";"Dupla";"Reta";"Urbano";2;0;0;0;2;0;0;2
83431492;"19/01/16";"Terça";"07:30:00";"PE";232;"105,2";"BEZERROS";"Dormindo";"Saída de Pista";"Com Vítimas Feridas";"Pleno dia";"Crescente";"Nublado";"Dupla";"Curva";"Rural";1;0;1;0;0;0;1;1
83431493;"19/01/16";"Terça";"09:30:00";"RS";116;"155";"CAXIAS DO SUL";"Não guardar distância de segurança";"Colisão lateral";"Sem Vítimas";"Pleno dia";"Crescente";"Ceu Claro";"Simples";"Curva";"Urbano";2;0;0;0;1;1;0;2
83431494;"16/01/16";"Sábado";"05:30:00";"RJ";40;"53";"PETROPOLIS";"Outras";"Colisão com objeto móvel";"Com Vítimas Feridas";"Pleno dia";"Decrescente";"Chuva";"Simples";"Reta";"Rural";4;0;2;0;0;2;2;1
83431495;"08/01/16";"Sexta";"09:00:00";"BA";242;"389";"SEABRA";"Falta de atenção";"Colisão Transversal";"Com Vítimas Feridas";"Pleno dia";"Crescente";"Nublado";"Simples";"Reta";"Urbano";2;0;1;0;1;0;1;2
83431496;"10/01/16";"Domingo";"09:10:00";"SP";101;"33,6";"UBATUBA";"Falta de atenção";"Colisão Transversal";"Com Vítimas Feridas";"Pleno dia";"Decrescente";"Sol";"Simples";"Curva";"Urbano";2;0;0;1;1;0;1;2
83431497;"17/01/16";"Domingo";"19:30:00";"RN";405;"162";"RAFAEL FERNANDES";"Falta de atenção";"Colisão com objeto móvel";"Com Vítimas Feridas";"Plena noite";"Crescente";"Nublado";"Simples";"Curva";"Rural";1;0;0;1;0;0;1;1
83431498;"19/01/16";"Terça";"09:00:00";"MG";365;"525";"MONTE CARMELO";"Não guardar distância de segurança";"Colisão traseira";"Sem Vítimas";"Pleno dia";"Crescente";"Chuva";"Simples";"Cruzamento";"Rural";3;0;0;0;3;0;0;3
83431499;"16/01/16";"Sábado";"09:00:00";"MG";40;"757,8";"EWBANK DA CAMARA";"Velocidade incompatível";"Colisão traseira";"Sem Vítimas";"Pleno dia";"Decrescente";"Chuva";"Simples";"Reta";"Urbano";2;0;0;0;2;0;0;2
83431500;"19/01/16";"Terça";"08:40:00";"SP";116;"143,5";"SAO JOSE DOS CAMPOS";"Não guardar distância de segurança";"Colisão traseira";"Sem Vítimas";"Pleno dia";"Decrescente";"Chuva";"Dupla";"Reta";"Rural";3;0;0;0;3;0;0;3
83431501;"19/01/16";"Terça";"12:30:00";"PR";369;"192,3";"ARAPONGAS";"Defeito mecânico em veículo";"Queda de motocicleta / bicicleta / veículo";"Com Vítimas Feridas";"Pleno dia";"Decrescente";"Ceu Claro";"Dupla";"Reta";"Rural";2;0;1;1;0;0;2;1
83431502;"19/01/16";"Terça";"09:50:00";"MG";381;"716";"CARMO DA CACHOEIRA";"Outras";"Capotamento";"Com Vítimas Feridas";"Pleno dia";"Crescente";"Nublado";"Dupla";"Reta";"Rural";4;0;2;0;2;0;2;1
83431503;"01/01/16";"Sexta";"16:00:00";"ES";262;"50,3";"MARECHAL FLORIANO";"Falta de atenção";"Colisão lateral";"Sem Vítimas";"Pleno dia";"Decrescente";"Sol";"Simples";"Curva";"Rural";2;0;0;0;2;0;0;2
83431504;"19/01/16";"Terça";"08:50:00";"PR";476;"117";"COLOMBO";"Desobediência à sinalização";"Colisão Transversal";"Com Vítimas Feridas";"Pleno dia";"Crescente";"Ceu Claro";"Dupla";"Reta";"Urbano";3;0;1;0;2;0;1;2
83431505;"17/01/16";"Domingo";"15:30:00";"MT";364;"135,9";"PEDRA PRETA";"Ultrapassagem indevida";"Colisão frontal";"Com Vítimas Fatais";"Pleno dia";"Crescente";"Chuva";"Simples";"Curva";"Rural";5;1;0;0;4;0;0;5
83431508;"05/01/16";"Terça";"07:30:00";"RJ";393;"238,8";"VASSOURAS";"Desobediência à sinalização";"Colisão Transversal";"Sem Vítimas";"Pleno dia";"Decrescente";"Nublado";"Simples";"Cruzamento";"Rural";2;0;0;0;2;0;0;2
83431510;"15/01/16";"Sexta";"18:40:00";"MG";365;"628,8";"UBERLANDIA";"Outras";"Colisão traseira";"Sem Vítimas";"Pleno dia";"Crescente";"Chuva";"Dupla";"Reta";"Urbano";2;0;0;0;2;0;0;2
83431512;"19/01/16";"Terça";"10:20:00";"RJ";116;"262,5";"BARRA MANSA";"Outras";"Colisão com objeto fixo";"Sem Vítimas";"Pleno dia";"Crescente";"Chuva";"Dupla";"Reta";"Urbano";2;0;0;0;2;0;0;2
83431514;"19/01/16";"Terça";"12:00:00";"MS";163;"466";"CAMPO GRANDE";"Velocidade incompatível";"Tombamento";"Sem Vítimas";"Pleno dia";"Crescente";"Ceu Claro";"Simples";"Curva";"Rural";1;0;0;0;1;0;0;1
83431515;"19/01/16";"Terça";"11:50:00";"PR";153;"330,5";"IRATI";"Animais na Pista";"Queda de motocicleta / bicicleta / veículo";"Com Vítimas Feridas";"Pleno dia";"Crescente";"Sol";"Dupla";"Reta";"Urbano";2;0;2;0;0;0;2;1
83431516;"19/01/16";"Terça";"09:00:00";"MG";116;"780,5";"LEOPOLDINA";"Defeito mecânico em veículo";"Tombamento";"Com Vítimas Feridas";"Pleno dia";"Decrescente";"Chuva";"Simples";"Curva";"Rural";1;0;1;0;0;0;1;1
83431519;"19/01/16";"Terça";"11:50:00";"GO";153;"0";"SANTA TEREZA DE GOIAS";"Não guardar distância de segurança";"Colisão traseira";"Sem Vítimas";"Pleno dia";"Decrescente";"Nublado";"Simples";"Reta";"Rural";3;0;0;0;3;0;0;3
83431523;"07/01/16";"Quinta";"12:00:00";"RJ";393;"270";"BARRA DO PIRAI";"Outras";"Colisão frontal";"Com Vítimas Feridas";"Pleno dia";"Decrescente";"Ceu Claro";"Simples";"Curva";"Rural";8;0;4;1;3;0;5;4
83431525;"19/01/16";"Terça";"09:40:00";"RJ";116;"212";"SEROPEDICA";"Falta de atenção";"Colisão com objeto fixo";"Sem Vítimas";"Pleno dia";"Crescente";"Chuva";"Dupla";"Reta";"Urbano";1;0;0;0;1;0;0;1
83431526;"19/01/16";"Terça";"10:50:00";"PR";369;"154";"LONDRINA";"Outras";"Queda de motocicleta / bicicleta / veículo";"Com Vítimas Feridas";"Pleno dia";"Crescente";"Ceu Claro";"Dupla";"Reta";"Urbano";1;0;0;1;0;0;1;1
83431527;"07/01/16";"Quinta";"21:30:00";"RJ";393;"285";"VOLTA REDONDA";"Não guardar distância de segurança";"Colisão traseira";"Com Vítimas Feridas";"Plena noite";"Decrescente";"Nublado";"Múltipla";"Reta";"Urbano";2;0;1;0;1;0;1;2
83431528;"19/01/16";"Terça";"13:40:00";"PR";376;"668,2";"GUARATUBA";"Defeito mecânico em veículo";"Colisão traseira";"Sem Vítimas";"Pleno dia";"Crescente";"Sol";"Dupla";"Curva";"Rural";2;0;0;0;2;0;0;2
83431529;"19/01/16";"Terça";"15:10:00";"MG";381;"503,4";"BETIM";"Outras";"Colisão com objeto fixo";"Com Vítimas Feridas";"Pleno dia";"Decrescente";"Chuva";"Dupla";"Curva";"Urbano";2;0;1;0;1;0;1;1
83431530;"19/01/16";"Terça";"09:00:00";"MG";135;"409,6";"JOAQUIM FELICIO";"Velocidade incompatível";"Saída de Pista";"Com Vítimas Feridas";"Pleno dia";"Crescente";"Chuva";"Simples";"Curva";"Rural";3;0;1;2;0;0;3;1
83431532;"19/01/16";"Terça";"13:30:00";"PR";476;"268";"SAO MATEUS DO SUL";"Falta de atenção";"Atropelamento de pessoa";"Com Vítimas Feridas";"Pleno dia";"Decrescente";"Sol";"Simples";"Reta";"Rural";2;0;1;0;1;0;1;1
83431534;"15/01/16";"Sexta";"21:25:00";"PR";116;"96,2";"SAO JOSE DOS PINHAIS";"Velocidade incompatível";"Atropelamento de pessoa";"Com Vítimas Feridas";"Plena noite";"Decrescente";"Chuva";"Dupla";"Reta";"Urbano";3;0;2;0;1;0;2;1
83431535;"19/01/16";"Terça";"07:20:00";"PA";316;"20";"BENEVIDES";"Não guardar distância de segurança";"Colisão traseira";"Sem Vítimas";"Pleno dia";"Crescente";"Ceu Claro";"Dupla";"Curva";"Urbano";2;0;0;0;2;0;0;2
83431536;"19/01/16";"Terça";"13:20:00";"BA";324;"514";"FEIRA DE SANTANA";"Falta de atenção";"Atropelamento de pessoa";"Com Vítimas Feridas";"Pleno dia";"Decrescente";"Ceu Claro";"Simples";"Cruzamento";"Urbano";2;0;0;1;1;0;1;1
83431537;"15/01/16";"Sexta";"13:00:00";"SP";381;"83";"SAO PAULO";"Falta de atenção";"Colisão lateral";"Sem Vítimas";"Pleno dia";"Crescente";"Chuva";"Múltipla";"Reta";"Urbano";2;0;0;0;2;0;0;2
83431538;"15/01/16";"Sexta";"19:30:00";"SP";381;"74";"MAIRIPORA";"Outras";"Queda de motocicleta / bicicleta / veículo";"Com Vítimas Feridas";"Plena noite";"Decrescente";"Nublado";"Múltipla";"Reta";"Urbano";2;0;2;0;0;0;2;1
83431539;"16/01/16";"Sábado";"04:50:00";"PE";232;"290,4";"SERTANIA";"Animais na Pista";"Atropelamento de animal";"Com Vítimas Feridas";"Amanhecer";"Crescente";"Ceu Claro";"Simples";"Reta";"Rural";1;0;1;0;0;0;1;1
83431540;"19/01/16";"Terça";"13:00:00";"PR";272;"548,9";"TERRA ROXA";"Falta de atenção";"Colisão Transversal";"Sem Vítimas";"Pleno dia";"Crescente";"Ceu Claro";"Simples";"Cruzamento";"Rural";2;0;0;0;2;0;0;2
83431541;"19/01/16";"Terça";"09:00:00";"MG";381;"179,2";"PERIQUITO";"Velocidade incompatível";"Saída de Pista";"Com Vítimas Feridas";"Pleno dia";"Decrescente";"Chuva";"Simples";"Curva";"Rural";3;0;1;0;2;0;1;1
83431542;"19/01/16";"Terça";"08:30:00";"RO";364;"336";"JI-PARANA";"Defeito mecânico em veículo";"Colisão com objeto móvel";"Sem Vítimas";"Pleno dia";"Crescente";"Nublado";"Simples";"Reta";"Rural";2;0;0;0;2;0;0;2
83431546;"19/01/16";"Terça";"11:00:00";"RO";364;"344,8";"JI-PARANA";"Desobediência à sinalização";"Colisão Transversal";"Com Vítimas Feridas";"Pleno dia";"Crescente";"Ceu Claro";"Múltipla";"Cruzamento";"Urbano";2;0;1;0;1;0;1;2
83431547;"19/01/16";"Terça";"13:30:00";"PR";277;"428,5";"VIRMOND";"Não guardar distância de segurança";"Colisão traseira";"Com Vítimas Feridas";"Pleno dia";"Crescente";"Sol";"Simples";"Reta";"Rural";4;0;1;0;3;0;1;3
83431548;"19/01/16";"Terça";"09:55:00";"BA";116;"39,9";"CHORROCHO";"Defeito mecânico em veículo";"Saída de Pista";"Com Vítimas Feridas";"Pleno dia";"Crescente";"Nublado";"Simples";"Reta";"Rural";4;0;1;1;2;0;2;1
83431549;"15/01/16";"Sexta";"19:20:00";"MG";40;"728,7";"OLIVEIRA FORTES";"Velocidade incompatível";"Capotamento";"Sem Vítimas";"Pleno dia";"Crescente";"Chuva";"Dupla";"Reta";"Rural";1;0;0;0;1;0;0;1
83431550;"16/01/16";"Sábado";"05:00:00";"MT";163;"755";"SORRISO";"Ingestão de álcool";"Saída de Pista";"Sem Vítimas";"Plena noite";"Crescente";"Chuva";"Dupla";"Curva";"Rural";2;0;0;0;2;0;0;1
83431552;"19/01/16";"Terça";"14:15:00";"PR";476;"137";"CURITIBA";"Falta de atenção";"Colisão Transversal";"Com Vítimas Feridas";"Pleno dia";"Crescente";"Ceu Claro";"Múltipla";"Cruzamento";"Urbano";3;0;2;0;1;0;2;2
83431553;"19/01/16";"Terça";"11:00:00";"CE";20;"397,5";"CAUCAIA";"Outras";"Saída de Pista";"Com Vítimas Feridas";"Pleno dia";"Crescente";"Chuva";"Simples";"Reta";"Rural";1;0;1;0;0;0;1;1
83431554;"19/01/16";"Terça";"13:00:00";"CE";222;"207,9";"FORQUILHA";"Falta de atenção";"Colisão traseira";"Sem Vítimas";"Pleno dia";"Crescente";"Chuva";"Simples";"Reta";"Rural";7;0;0;0;7;0;0;2
83431555;"19/01/16";"Terça";"10:50:00";"MT";364;"139,4";"PEDRA PRETA";"Defeito na via";"Tombamento";"Sem Vítimas";"Pleno dia";"Decrescente";"Nublado";"Simples";"Curva";"Rural";1;0;0;0;1;0;0;1
83431556;"19/01/16";"Terça";"08:10:00";"PB";230;"36";"SANTA RITA";"Desobediência à sinalização";"Saída de Pista";"Com Vítimas Feridas";"Pleno dia";"Decrescente";"Ceu Claro";"Dupla";"Reta";"Urbano";2;0;1;0;1;0;1;2
83431557;"19/01/16";"Terça";"17:00:00";"RS";116;"36,6";"VACARIA";"Falta de atenção";"Colisão traseira";"Sem Vítimas";"Pleno dia";"Crescente";"Ceu Claro";"Simples";"Reta";"Rural";2;0;0;0;1;1;0;2
83431558;"19/01/16";"Terça";"14:45:00";"PR";369;"416,5";"JURANDA";"Outras";"Colisão lateral";"Com Vítimas Feridas";"Pleno dia";"Crescente";"Ceu Claro";"Simples";"Reta";"Rural";2;0;1;0;1;0;1;2
83431559;"19/01/16";"Terça";"09:00:00";"MG";135;"473,4";"JOAQUIM FELICIO";"Velocidade incompatível";"Saída de Pista";"Sem Vítimas";"Pleno dia";"Crescente";"Nevoeiro/neblina";"Simples";"Curva";"Rural";1;0;0;0;1;0;0;1
83431560;"19/01/16";"Terça";"06:20:00";"MA";316;"574";"CAXIAS";"Outras";"Saída de Pista";"Sem Vítimas";"Amanhecer";"Crescente";"Chuva";"Simples";"Reta";"Rural";2;0;0;0;2;0;0;1
83431561;"19/01/16";"Terça";"14:55:00";"RJ";101;"471";"ANGRA DOS REIS";"Outras";"Colisão traseira";"Com Vítimas Feridas";"Pleno dia";"Crescente";"Chuva";"Simples";"Reta";"Rural";5;0;2;1;2;0;3;2
83431562;"19/01/16";"Terça";"09:30:00";"PA";316;"229";"SANTA LUZIA DO PARA";"Outras";"Capotamento";"Com Vítimas Feridas";"Pleno dia";"Crescente";"Ceu Claro";"Simples";"Reta";"Rural";5;0;1;0;0;4;1;1
83431563;"19/01/16";"Terça";"14:00:00";"ES";101;"222,5";"IBIRACU";"Outras";"Colisão com objeto fixo";"Sem Vítimas";"Pleno dia";"Decrescente";"Nublado";"Simples";"Reta";"Rural";1;0;0;0;1;0;0;1
83431564;"19/01/16";"Terça";"16:30:00";"MG";381;"656,3";"SANTO ANTONIO DO AMPARO";"Velocidade incompatível";"Saída de Pista";"Com Vítimas Feridas";"Pleno dia";"Crescente";"Chuva";"Dupla";"Curva";"Rural";1;0;1;0;0;0;1;1
83431567;"17/01/16";"Domingo";"23:00:00";"SP";116;"27,9";"SILVEIRAS";"Ingestão de álcool";"Colisão com objeto fixo";"Sem Vítimas";"Plena noite";"Decrescente";"Nublado";"Dupla";"Curva";"Rural";1;0;0;0;1;0;0;1
83431568;"17/01/16";"Domingo";"05:50:00";"RJ";116;"122";"MAGE";"Outras";"Saída de Pista";"Com Vítimas Feridas";"Amanhecer";"Crescente";"Chuva";"Simples";"Curva";"Rural";2;0;1;0;0;1;1;1
83431569;"19/01/16";"Terça";"13:36:00";"GO";153;"175,2";"CAMPINORTE";"Outras";"Saída de Pista";"Sem Vítimas";"Pleno dia";"Decrescente";"Chuva";"Simples";"Curva";"Rural";1;0;0;0;1;0;0;1
83431570;"17/01/16";"Domingo";"17:45:00";"MG";267;"127,8";"JUIZ DE FORA";"Falta de atenção";"Colisão frontal";"Com Vítimas Feridas";"Pleno dia";"Decrescente";"Chuva";"Simples";"Reta";"Urbano";4;0;0;4;0;0;4;2
83431572;"05/01/16";"Terça";"19:10:00";"SC";101;"150,5";"ITAPEMA";"Defeito na via";"Queda de motocicleta / bicicleta / veículo";"Com Vítimas Feridas";"Pleno dia";"Crescente";"Ceu Claro";"Dupla";"Reta";"Urbano";1;0;0;1;0;0;1;1
83431573;"19/01/16";"Terça";"11:30:00";"PI";316;"33,9";"DEMERVAL LOBAO";"Defeito na via";"Saída de Pista";"Sem Vítimas";"Pleno dia";"Decrescente";"Chuva";"Simples";"Reta";"Rural";1;0;0;0;1;0;0;1
83431574;"19/01/16";"Terça";"18:05:00";"RJ";101;"575";"PARATI";"Falta de atenção";"Colisão traseira";"Sem Vítimas";"Pleno dia";"Crescente";"Nublado";"Simples";"Cruzamento";"Urbano";2;0;0;0;2;0;0;2