"id";"data_inversa";"dia_semana";"horario";"uf";"br";"km";"municipio";"causa_acidente";"tipo_acidente";"classificacao_acidente";"fase_dia";"sentido_via";"condicao_metereologica";"tipo_pista";"tracado_via";"uso_solo";"pessoas";"mortos";"feridos_leves";"feridos_graves";"ilesos";"ignorados";"feridos";"veiculos"
83431575;"19/01/16";"Terça";"14:30:00";"PI";343;"597";"FLORIANO";"Ingestão de álcool";"Colisão lateral";"Sem Vítimas";"Pleno dia";"Crescente";"Nevoeiro/neblina";"Simples";"Reta";"Urbano";2;0;0;0;2;0;0;2
83431576;"19/01/16";"Terça";"16:20:00";"PA";316;"5";"ANANINDEUA";"Falta de atenção";"Colisão lateral";"Com Vítimas Feridas";"Pleno dia";"Crescente";"Nublado";"Dupla";"Reta";"Urbano";2;0;1;0;1;0;1;2
83431577;"19/01/16";"Terça";"14:00:00";"ES";101;"258,2";"SERRA";"Falta de atenção";"Colisão com bicicleta";"Com Vítimas Feridas";"Pleno dia";"Crescente";"Sol";"Múltipla";"Reta";"Urbano";3;0;1;2;0;0;3;2
83431580;"19/01/16";"Terça";"15:15:00";"MT";174;"269,5";"PONTES E LACERDA";"Desobediência à sinalização";"Colisão lateral";"Sem Vítimas";"Pleno dia";"Decrescente";"Ceu Claro";"Simples";"Reta";"Rural";26;0;0;0;26;0;0;2
83431581;"11/01/16";"Segunda";"23:40:00";"ES";262;"132";"BREJETUBA";"Outras";"Colisão traseira";"Com Vítimas Feridas";"Plena noite";"Decrescente";"Ceu Claro";"Simples";"Reta";"Rural";5;0;1;0;3;1;1;2
83431582;"19/01/16";"Terça";"15:10:00";"PR";467;"116";"CASCAVEL";"Falta de atenção";"Colisão frontal";"Com Vítimas Fatais";"Pleno dia";"Decrescente";"Sol";"Simples";"Reta";"Urbano";2;1;0;0;1;0;0;2
83431583;"19/01/16";"Terça";"17:30:00";"SC";101;"354";"JAGUARUNA";"Falta de atenção";"Colisão lateral";"Sem Vítimas";"Pleno dia";"Crescente";"Ceu Claro";"Dupla";"Reta";"Rural";2;0;0;0;2;0;0;2
83431584;"19/01/16";"Terça";"12:50:00";"BA";418;"99";"NOVA VICOSA";"Não guardar distância de segurança";"Derramamento de Carga";"Sem Vítimas";"Pleno dia";"Decrescente";"Ceu Claro";"Simples";"Reta";"Rural";2;0;0;0;2;0;0;2
83431585;"15/01/16";"Sexta";"19:43:00";"RJ";40;"98";"DUQUE DE CAXIAS";"Velocidade incompatível";"Capotamento";"Com Vítimas Feridas";"Plena noite";"Crescente";"Chuva";"Simples";"Reta";"Rural";2;0;0;2;0;0;2;1
83431586;"19/01/16";"Terça";"09:30:00";"RN";101;"96";"NATAL";"Outras";"Colisão lateral";"Com Vítimas Feridas";"Pleno dia";"Decrescente";"Ceu Claro";"Dupla";"Reta";"Urbano";2;0;1;0;1;0;1;2
83431587;"19/01/16";"Terça";"17:30:00";"SP";381;"65";"MAIRIPORA";"Não guardar distância de segurança";"Colisão traseira";"Sem Vítimas";"Pleno dia";"Decrescente";"Nublado";"Dupla";"Reta";"Urbano";3;0;0;0;3;0;0;3
83431588;"19/01/16";"Terça";"15:05:00";"PE";424;"23,1";"PEDRA";"Falta de atenção";"Colisão traseira";"Sem Vítimas";"Pleno dia";"Crescente";"Nublado";"Simples";"Reta";"Rural";2;0;0;0;2;0;0;2
83431589;"18/01/16";"Segunda";"07:15:00";"BA";101;"554";"SAO JOSE DA VITORIA";"Outras";"Saída de Pista";"Sem Vítimas";"Amanhecer";"Crescente";"Chuva";"Simples";"Curva";"Rural";1;0;0;0;1;0;0;1
83431590;"19/01/16";"Terça";"18:20:00";"GO";153;"529";"HIDROLANDIA";"Defeito mecânico em veículo";"Saída de Pista";"Sem Vítimas";"Pleno dia";"Crescente";"Chuva";"Dupla";"Reta";"Urbano";2;0;0;0;2;0;0;1
83431591;"19/01/16";"Terça";"11:20:00";"MG";365;"54,9";"CLARO DOS POCOES";"Velocidade incompatível";"Saída de Pista";"Com Vítimas Fatais";"Pleno dia";"Decrescente";"Chuva";"Simples";"Reta";"Rural";5;1;0;4;0;0;4;1
83431593;"19/01/16";"Terça";"17:00:00";"RS";153;"48,5";"ERECHIM";"Não guardar distância de segurança";"Colisão traseira";"Com Vítimas Feridas";"Pleno dia";"Crescente";"Sol";"Simples";"Reta";"Urbano";2;0;0;2;0;0;2;2
83431594;"19/01/16";"Terça";"14:00:00";"PE";232;"268,6";"SERTANIA";"Outras";"Colisão com objeto fixo";"Sem Vítimas";"Pleno dia";"Crescente";"Nublado";"Simples";"Curva";"Rural";1;0;0;0;1;0;0;1
83431595;"17/01/16";"Domingo";"22:00:00";"PB";230;"32,2";"BAYEUX";"Ingestão de álcool";"Atropelamento de pessoa";"Com Vítimas Feridas";"Plena noite";"Decrescente";"Ceu Claro";"Dupla";"Reta";"Urbano";2;0;1;0;0;1;1;1
83431596;"19/01/16";"Terça";"09:15:00";"ES";101;"270,3";"SERRA";"Falta de atenção";"Colisão lateral";"Com Vítimas Feridas";"Pleno dia";"Decrescente";"Sol";"Dupla";"Reta";"Urbano";2;0;1;0;1;0;1;2
83431597;"19/01/16";"Terça";"12:00:00";"MA";10;"256";"IMPERATRIZ";"Falta de atenção";"Colisão lateral";"Sem Vítimas";"Pleno dia";"Decrescente";"Ceu Claro";"Simples";"Reta";"Urbano";2;0;0;0;2;0;0;2
83431598;"18/01/16";"Segunda";"19:30:00";"PI";404;"15";"PIRIPIRI";"Defeito na via";"Colisão com bicicleta";"Com Vítimas Feridas";"Plena noite";"Decrescente";"Vento";"Simples";"Reta";"Rural";2;0;0;1;1;0;1;2
83431599;"02/01/16";"Sábado";"16:30:00";"SC";101;"233";"PALHOCA";"Outras";"Queda de motocicleta / bicicleta / veículo";"Com Vítimas Feridas";"Pleno dia";"Crescente";"Chuva";"Dupla";"Curva";"Rural";2;0;1;0;1;0;1;1
83431600;"19/01/16";"Terça";"13:00:00";"MA";230;"2";"BARAO DE GRAJAU";"Outras";"Colisão Transversal";"Com Vítimas Feridas";"Pleno dia";"Crescente";"Nublado";"Simples";"Curva";"Urbano";3;0;1;1;0;1;2;2
83431601;"19/01/16";"Terça";"11:50:00";"GO";153;"618";"MORRINHOS";"Não guardar distância de segurança";"Colisão lateral";"Sem Vítimas";"Pleno dia";"Crescente";"Ceu Claro";"Dupla";"Curva";"Rural";2;0;0;0;1;1;0;2
83431602;"19/01/16";"Terça";"17:20:00";"BA";324;"568";"SAO SEBASTIAO DO PASSE";"Outras";"Saída de Pista";"Com Vítimas Feridas";"Anoitecer";"Crescente";"Ceu Claro";"Dupla";"Reta";"Rural";2;0;2;0;0;0;2;1
83431603;"15/01/16";"Sexta";"18:40:00";"RJ";101;"210";"CASIMIRO DE ABREU";"Outras";"Colisão traseira";"Com Vítimas Feridas";"Anoitecer";"Decrescente";"Chuva";"Simples";"Reta";"Rural";4;0;0;1;3;0;1;4
83431604;"19/01/16";"Terça";"18:40:00";"GO";158;"271";"JATAI";"Falta de atenção";"Colisão lateral";"Com Vítimas Feridas";"Pleno dia";"Decrescente";"Ceu Claro";"Simples";"Reta";"Urbano";2;0;1;0;0;1;1;2
83431605;"19/01/16";"Terça";"16:35:00";"RO";364;"346,4";"JI-PARANA";"Falta de atenção";"Colisão Transversal";"Sem Vítimas";"Pleno dia";"Decrescente";"Ceu Claro";"Simples";"Reta";"Urbano";2;0;0;0;2;0;0;2
83431606;"19/01/16";"Terça";"14:00:00";"PB";230;"17,5";"JOAO PESSOA";"Desobediência à sinalização";"Colisão lateral";"Com Vítimas Feridas";"Pleno dia";"Decrescente";"Ceu Claro";"Dupla";"Reta";"Urbano";4;0;3;0;1;0;3;3
83431607;"19/01/16";"Terça";"18:00:00";"CE";222;"5,5";"CAUCAIA";"Falta de atenção";"Colisão com objeto fixo";"Com Vítimas Feridas";"Plena noite";"Crescente";"Ceu Claro";"Múltipla";"Curva";"Urbano";1;0;1;0;0;0;1;1
83431608;"19/01/16";"Terça";"14:40:00";"GO";60;"263,9";"JANDAIA";"Velocidade incompatível";"Saída de Pista";"Sem Vítimas";"Pleno dia";"Crescente";"Chuva";"Dupla";"Reta";"Rural";1;0;0;0;1;0;0;1
83431609;"19/01/16";"Terça";"07:15:00";"MG";365;"817,8";"SANTA VITORIA";"Velocidade incompatível";"Tombamento";"Sem Vítimas";"Pleno dia";"Crescente";"Ceu Claro";"Simples";"Reta";"Rural";1;0;0;0;1;0;0;1
83431611;"19/01/16";"Terça";"16:30:00";"SP";116;"269,2";"TABOAO DA SERRA";"Falta de atenção";"Colisão traseira";"Com Vítimas Feridas";"Pleno dia";"Decrescente";"Nublado";"Dupla";"Reta";"Urbano";3;0;1;0;1;1;1;3
83431612;"17/01/16";"Domingo";"20:35:00";"MG";40;"474,2";"SETE LAGOAS";"Falta de atenção";"Colisão traseira";"Com Vítimas Feridas";"Plena noite";"Crescente";"Chuva";"Dupla";"Reta";"Urbano";3;0;1;0;1;1;1;2
83431613;"15/01/16";"Sexta";"18:40:00";"RJ";101;"166";"MACAE";"Velocidade incompatível";"Colisão frontal";"Com Vítimas Fatais";"Plena noite";"Crescente";"Chuva";"Simples";"Reta";"Rural";4;1;3;0;0;0;3;2
83431614;"19/01/16";"Terça";"19:10:00";"AL";101;"138";"SAO MIGUEL DOS CAMPOS";"Falta de atenção";"Colisão Transversal";"Com Vítimas Feridas";"Plena noite";"Crescente";"Nublado";"Simples";"Reta";"Urbano";3;0;2;0;1;0;2;2
83431615;"19/01/16";"Terça";"10:00:00";"PI";230;"302,4";"FLORIANO";"Outras";"Colisão Transversal";"Com Vítimas Feridas";"Pleno dia";"Crescente";"Chuva";"Simples";"Curva";"Rural";5;0;0;5;0;0;5;2
83431616;"19/01/16";"Terça";"08:00:00";"PA";316;"9";"MARITUBA";"Falta de atenção";"Colisão lateral";"Sem Vítimas";"Pleno dia";"Crescente";"Ceu Claro";"Dupla";"Reta";"Urbano";2;0;0;0;2;0;0;2
83431617;"19/01/16";"Terça";"15:55:00";"PI";316;"313";"PICOS";"Ultrapassagem indevida";"Colisão lateral";"Com Vítimas Feridas";"Pleno dia";"Decrescente";"Nublado";"Simples";"Reta";"Urbano";2;0;0;1;0;1;1;2
83431620;"19/01/16";"Terça";"08:45:00";"RS";287;"250";"SANTA MARIA";"Falta de atenção";"Colisão traseira";"Com Vítimas Feridas";"Pleno dia";"Decrescente";"Ceu Claro";"Simples";"Reta";"Urbano";2;0;1;0;1;0;1;2
83431621;"19/01/16";"Terça";"13:10:00";"SC";280;"167,4";"MAFRA";"Defeito mecânico em veículo";"Danos Eventuais";"Sem Vítimas";"Pleno dia";"Crescente";"Sol";"Simples";"Cruzamento";"Urbano";1;0;0;0;1;0;0;1
83431622;"19/01/16";"Terça";"09:55:00";"MG";267;"194";"BOM JARDIM DE MINAS";"Falta de atenção";"Saída de Pista";"Com Vítimas Feridas";"Pleno dia";"Decrescente";"Nublado";"Simples";"Curva";"Rural";1;0;1;0;0;0;1;1
83431624;"19/01/16";"Terça";"19:00:00";"GO";60;"46,6";"ALEXANIA";"Falta de atenção";"Saída de Pista";"Com Vítimas Feridas";"Pleno dia";"Decrescente";"Chuva";"Dupla";"Curva";"Rural";1;0;1;0;0;0;1;1
83431625;"19/01/16";"Terça";"18:30:00";"SC";280;"77,2";"CORUPA";"Defeito mecânico em veículo";"Queda de motocicleta / bicicleta / veículo";"Com Vítimas Feridas";"Pleno dia";"Decrescente";"Ceu Claro";"Simples";"Reta";"Urbano";2;0;1;1;0;0;2;1
83431626;"19/01/16";"Terça";"18:40:00";"SC";282;"2,1";"FLORIANOPOLIS";"Desobediência à sinalização";"Colisão lateral";"Com Vítimas Feridas";"Pleno dia";"Crescente";"Ceu Claro";"Dupla";"Reta";"Urbano";3;0;1;1;1;0;2;3
83431627;"19/01/16";"Terça";"17:55:00";"PR";376;"152";"PRESIDENTE CASTELO BRANCO";"Velocidade incompatível";"Capotamento";"Com Vítimas Feridas";"Pleno dia";"Decrescente";"Sol";"Dupla";"Reta";"Rural";2;0;2;0;0;0;2;1
83431628;"19/01/16";"Terça";"11:00:00";"PA";316;"8";"ANANINDEUA";"Não guardar distância de segurança";"Colisão lateral";"Com Vítimas Feridas";"Pleno dia";"Crescente";"Ceu Claro";"Dupla";"Reta";"Urbano";2;0;1;0;1;0;1;2
83431629;"19/01/16";"Terça";"18:54:00";"RS";285;"123,5";"VACARIA";"Falta de atenção";"Colisão Transversal";"Com Vítimas Feridas";"Pleno dia";"Decrescente";"Ceu Claro";"Simples";"Reta";"Urbano";2;0;1;0;1;0;1;2
83431630;"19/01/16";"Terça";"17:30:00";"SC";153;"41";"VARGEM BONITA";"Velocidade incompatível";"Capotamento";"Com Vítimas Feridas";"Pleno dia";"Decrescente";"Ceu Claro";"Simples";"Curva";"Rural";2;0;0;2;0;0;2;1
83431631;"19/01/16";"Terça";"21:15:00";"RS";386;"423";"MONTENEGRO";"Outras";"Saída de Pista";"Sem Vítimas";"Plena noite";"Decrescente";"Ceu Claro";"Dupla";"Curva";"Rural";2;0;0;0;2;0;0;1
83431632;"17/01/16";"Domingo";"21:00:00";"SP";116;"315";"JUQUITIBA";"Falta de atenção";"Atropelamento de pessoa";"Com Vítimas Fatais";"Plena noite";"Decrescente";"Ceu Claro";"Dupla";"Reta";"Rural";2;1;0;0;1;0;0;1
83431633;"19/01/16";"Terça";"11:45:00";"RS";116;"151,7";"CAXIAS DO SUL";"Não guardar distância de segurança";"Colisão traseira";"Sem Vítimas";"Pleno dia";"Decrescente";"Ceu Claro";"Dupla";"Curva";"Urbano";2;0;0;0;2;0;0;2
83431634;"19/01/16";"Terça";"12:20:00";"MG";116;"415,2";"GOVERNADOR VALADARES";"Falta de atenção";"Colisão traseira";"Com Vítimas Feridas";"Pleno dia";"Decrescente";"Ceu Claro";"Simples";"Reta";"Urbano";4;0;1;0;3;0;1;3
83431635;"19/01/16";"Terça";"17:00:00";"BA";110;"217";"NOVA SOURE";"Outras";"Saída de Pista";"Com Vítimas Feridas";"Anoitecer";"Crescente";"Ceu Claro";"Simples";"Reta";"Rural";2;0;1;0;0;1;1;1
83431636;"19/01/16";"Terça";"20:00:00";"MG";381;"502";"BETIM";"Outras";"Colisão traseira";"Sem Vítimas";"Plena noite";"Decrescente";"Chuva";"Dupla";"Reta";"Urbano";2;0;0;0;2;0;0;2
83431638;"19/01/16";"Terça";"08:50:00";"MA";10;"251,3";"IMPERATRIZ";"Falta de atenção";"Colisão com bicicleta";"Com Vítimas Feridas";"Pleno dia";"Decrescente";"Ceu Claro";"Simples";"Reta";"Urbano";2;0;1;0;1;0;1;2
83431639;"19/01/16";"Terça";"19:25:00";"PB";230;"66,3";"SAO MIGUEL DE TAIPU";"Falta de atenção";"Capotamento";"Sem Vítimas";"Plena noite";"Crescente";"Ceu Claro";"Dupla";"Reta";"Rural";1;0;0;0;1;0;0;1
83431640;"17/01/16";"Domingo";"20:10:00";"TO";153;"126,5";"WANDERLANDIA";"Outras";"Colisão traseira";"Sem Vítimas";"Plena noite";"Crescente";"Nublado";"Simples";"Curva";"Rural";4;0;0;0;4;0;0;4
83431641;"19/01/16";"Terça";"10:30:00";"ES";101;"270";"SERRA";"Não guardar distância de segurança";"Colisão traseira";"Com Vítimas Feridas";"Pleno dia";"Decrescente";"Nublado";"Múltipla";"Reta";"Urbano";2;0;1;0;1;0;1;2
83431642;"19/01/16";"Terça";"12:40:00";"ES";262;"132";"BREJETUBA";"Falta de atenção";"Colisão traseira";"Com Vítimas Feridas";"Pleno dia";"Crescente";"Chuva";"Simples";"Reta";"Rural";4;0;3;0;1;0;3;2
83431643;"19/01/16";"Terça";"13:30:00";"GO";60;"125";"GOIANAPOLIS";"Não guardar distância de segurança";"Colisão traseira";"Com Vítimas Feridas";"Pleno dia";"Decrescente";"Chuva";"Dupla";"Curva";"Rural";3;0;1;1;1;0;2;2
83431644;"19/01/16";"Terça";"19:30:00";"SC";470;"59,5";"BLUMENAU";"Desobediência à sinalização";"Colisão Transversal";"Com Vítimas Feridas";"Pleno dia";"Crescente";"Ceu Claro";"Simples";"Cruzamento";"Urbano";2;0;0;1;1;0;1;2
83431645;"19/01/16";"Terça";"14:40:00";"SC";101;"115,6";"ITAJAI";"Falta de atenção";"Capotamento";"Com Vítimas Feridas";"Pleno dia";"Crescente";"Sol";"Dupla";"Reta";"Urbano";2;0;1;1;0;0;2;1
83431646;"19/01/16";"Terça";"17:54:00";"RO";364;"238,8";"CACOAL";"Falta de atenção";"Colisão com objeto fixo";"Com Vítimas Feridas";"Pleno dia";"Decrescente";"Nublado";"Simples";"Reta";"Urbano";2;0;0;1;1;0;1;2
83431647;"19/01/16";"Terça";"18:20:00";"SC";101;"41,4";"JOINVILLE";"Falta de atenção";"Colisão traseira";"Sem Vítimas";"Pleno dia";"Crescente";"Ceu Claro";"Dupla";"Reta";"Urbano";3;0;0;0;3;0;0;3
83431648;"17/01/16";"Domingo";"16:40:00";"AM";174;"897";"MANAUS";"Defeito na via";"Capotamento";"Sem Vítimas";"Pleno dia";"Decrescente";"Sol";"Simples";"Reta";"Rural";1;0;0;0;1;0;0;1
83431649;"19/01/16";"Terça";"21:55:00";"GO";153;"358";"JARAGUA";"Falta de atenção";"Saída de Pista";"Com Vítimas Feridas";"Plena noite";"Decrescente";"Chuva";"Simples";"Cruzamento";"Urbano";2;0;2;0;0;0;2;1
83431650;"19/01/16";"Terça";"16:15:00";"MT";364;"163";"PEDRA PRETA";"Outras";"Colisão frontal";"Com Vítimas Feridas";"Pleno dia";"Decrescente";"Nublado";"Simples";"Curva";"Urbano";2;0;1;0;1;0;1;2
83431651;"17/01/16";"Domingo";"01:10:00";"SP";116;"274,8";"TABOAO DA SERRA";"Não guardar distância de segurança";"Colisão com objeto fixo";"Sem Vítimas";"Plena noite";"Crescente";"Nublado";"Dupla";"Reta";"Urbano";1;0;0;0;1;0;0;1
83431652;"19/01/16";"Terça";"17:30:00";"MG";40;"447";"PARAOPEBA";"Velocidade incompatível";"Capotamento";"Sem Vítimas";"Pleno dia";"Crescente";"Chuva";"Dupla";"Curva";"Rural";2;0;0;0;2;0;0;1
83431653;"19/01/16";"Terça";"20:40:00";"MG";381;"493,7";"BETIM";"Outras";"Colisão traseira";"Ignorado";"Plena noite";"Crescente";"Chuva";"Dupla";"Reta";"Urbano";2;0;0;0;0;2;0;2
83431655;"17/01/16";"Domingo";"11:30:00";"SP";381;"16";"BRAGANCA PAULISTA";"Velocidade incompatível";"Colisão traseira";"Com Vítimas Feridas";"Pleno dia";"Decrescente";"Ceu Claro";"Dupla";"Curva";"Rural";2;0;2;0;0;0;2;2
83431656;"19/01/16";"Terça";"18:20:00";"RS";116;"37,8";"VACARIA";"Falta de atenção";"Colisão Transversal";"Com Vítimas Feridas";"Pleno dia";"Decrescente";"Ceu Claro";"Simples";"Cruzamento";"Urbano";2;0;1;0;1;0;1;2
83431657;"19/01/16";"Terça";"17:04:00";"GO";60;"95";"ANAPOLIS";"Falta de atenção";"Colisão traseira";"Sem Vítimas";"Pleno dia";"Decrescente";"Chuva";"Dupla";"Reta";"Urbano";2;0;0;0;2;0;0;2
83431658;"19/01/16";"Terça";"21:15:00";"GO";153;"495";"GOIANIA";"Outras";"Colisão com objeto fixo";"Com Vítimas Feridas";"Plena noite";"Decrescente";"Chuva";"Dupla";"Reta";"Urbano";1;0;0;1;0;0;1;1
83431659;"19/01/16";"Terça";"16:00:00";"PI";316;"310";"PICOS";"Ultrapassagem indevida";"Colisão Transversal";"Com Vítimas Feridas";"Pleno dia";"Crescente";"Chuva";"Simples";"Reta";"Urbano";2;0;1;0;1;0;1;2
83431660;"16/01/16";"Sábado";"03:15:00";"SC";282;"22";"SANTO AMARO DA IMPERATRIZ";"Falta de atenção";"Colisão lateral";"Sem Vítimas";"Plena noite";"Decrescente";"Nublado";"Simples";"Reta";"Urbano";2;0;0;0;2;0;0;2
83431661;"19/01/16";"Terça";"19:10:00";"MA";222;"209,8";"ITAPECURU MIRIM";"Outras";"Colisão traseira";"Sem Vítimas";"Plena noite";"Decrescente";"Chuva";"Dupla";"Reta";"Urbano";3;0;0;0;2;1;0;3
83431662;"19/01/16";"Terça";"20:20:00";"PR";467;"95,5";"CASCAVEL";"Defeito mecânico em veículo";"Incêndio";"Sem Vítimas";"Plena noite";"Decrescente";"Ceu Claro";"Dupla";"Reta";"Rural";1;0;0;0;1;0;0;1
83431663;"19/01/16";"Terça";"19:30:00";"CE";116;"4";"FORTALEZA";"Falta de atenção";"Atropelamento de pessoa";"Com Vítimas Feridas";"Plena noite";"Crescente";"Nublado";"Múltipla";"Reta";"Urbano";2;0;0;2;0;0;2;1
83431664;"19/01/16";"Terça";"19:20:00";"MG";262;"587,2";"CAMPOS ALTOS";"Velocidade incompatível";"Saída de Pista";"Com Vítimas Feridas";"Anoitecer";"Decrescente";"Chuva";"Simples";"Curva";"Rural";5;0;2;0;3;0;2;1
83431665;"18/01/16";"Segunda";"01:40:00";"ES";259;"104,2";"BAIXO GUANDU";"Falta de atenção";"Colisão frontal";"Com Vítimas Feridas";"Plena noite";"Decrescente";"Nublado";"Simples";"Reta";"Rural";2;0;0;1;1;0;1;2
83431666;"19/01/16";"Terça";"19:15:00";"CE";20;"301,7";"CANINDE";"Animais na Pista";"Atropelamento de animal";"Sem Vítimas";"Plena noite";"Decrescente";"Nublado";"Simples";"Reta";"Rural";1;0;0;0;1;0;0;1
83431667;"19/01/16";"Terça";"19:40:00";"RS";285;"395";"SANTA BARBARA DO SUL";"Falta de atenção";"Colisão traseira";"Sem Vítimas";"Pleno dia";"Decrescente";"Ceu Claro";"Simples";"Reta";"Rural";2;0;0;0;2;0;0;2
83431669;"19/01/16";"Terça";"18:10:00";"PR";376;"598";"CURITIBA";"Falta de atenção";"Queda de motocicleta / bicicleta / veículo";"Com Vítimas Feridas";"Pleno dia";"Decrescente";"Sol";"Dupla";"Reta";"Urbano";1;0;0;1;0;0;1;1
83431671;"13/01/16";"Quarta";"13:30:00";"SC";101;"332,8";"TUBARAO";"Falta de atenção";"Colisão traseira";"Sem Vítimas";"Pleno dia";"Crescente";"Sol";"Simples";"Cruzamento";"Urbano";2;0;0;0;2;0;0;2
83431672;"19/01/16";"Terça";"21:15:00";"PR";373;"208,9";"IPIRANGA";"Ultrapassagem indevida";"Colisão lateral";"Com Vítimas Feridas";"Plena noite";"Decrescente";"Nublado";"Simples";"Curva";"Urbano";4;0;1;1;2;0;2;3
83431674;"12/01/16";"Terça";"00:45:00";"PE";232;"100";"BEZERROS";"Outras";"Capotamento";"Com Vítimas Feridas";"Plena noite";"Crescente";"Nublado";"Dupla";"Reta";"Urbano";4;0;4;0;0;0;4;1
83431675;"19/01/16";"Terça";"14:27:00";"MG";262;"533,9";"LUZ";"Velocidade incompatível";"Saída de Pista";"Sem Vítimas";"Pleno dia";"Crescente";"Chuva";"Simples";"Curva";"Rural";1;0;0;0;1;0;0;1
83431676;"19/01/16";"Terça";"15:45:00";"BA";101;"276";"LAJE";"Falta de atenção";"Colisão Transversal";"Com Vítimas Feridas";"Pleno dia";"Crescente";"Ceu Claro";"Simples";"Reta";"Rural";9;0;4;3;2;0;7;3
83431677;"19/01/16";"Terça";"12:30:00";"MG";40;"474";"SETE LAGOAS";"Velocidade incompatível";"Colisão com objeto fixo";"Ignorado";"Pleno dia";"Crescente";"Chuva";"Simples";"Curva";"Urbano";1;0;0;0;0;1;0;1
83431678;"19/01/16";"Terça";"23:35:00";"SC";101;"234";"PALHOCA";"Outras";"Danos Eventuais";"Sem Vítimas";"Plena noite";"Crescente";"Ceu Claro";"Dupla";"Curva";"Rural";1;0;0;0;1;0;0;1
83431679;"19/01/16";"Terça";"16:00:00";"MG";40;"591";"ITABIRITO";"Outras";"Colisão lateral";"Com Vítimas Feridas";"Pleno dia";"Crescente";"Chuva";"Dupla";"Curva";"Rural";2;0;0;1;1;0;1;2
83431680;"19/01/16";"Terça";"18:50:00";"ES";101;"146";"LINHARES";"Falta de atenção";"Colisão traseira";"Com Vítimas Feridas";"Anoitecer";"Decrescente";"Nublado";"Múltipla";"Reta";"Urbano";2;0;1;0;0;1;1;2
83431681;"19/01/16";"Terça";"15:30:00";"BA";242;"593";"MUQUEM DO SAO FRANCISCO";"Outras";"Saída de Pista";"Sem Vítimas";"Pleno dia";"Decrescente";"Nublado";"Simples";"Reta";"Rural";1;0;0;0;1;0;0;1
83431682;"19/01/16";"Terça";"09:50:00";"SC";101;"209,2";"SAO JOSE";"Velocidade incompatível";"Colisão traseira";"Com Vítimas Feridas";"Pleno dia";"Decrescente";"Ceu Claro";"Múltipla";"Reta";"Urbano";3;0;2;0;0;1;2;2
83431683;"16/01/16";"Sábado";"07:15:00";"MG";381;"307";"ANTONIO DIAS";"Velocidade incompatível";"Queda de motocicleta / bicicleta / veículo";"Com Vítimas Feridas";"Pleno dia";"Decrescente";"Chuva";"Simples";"Reta";"Rural";1;0;1;0;0;0;1;1
83431684;"19/01/16";"Terça";"22:35:00";"PB";101;"4,6";"MATARACA";"Animais na Pista";"Capotamento";"Com Vítimas Feridas";"Plena noite";"Decrescente";"Nublado";"Dupla";"Reta";"Rural";2;0;2;0;0;0;2;1
83431685;"19/01/16";"Terça";"17:26:00";"PR";369;"148,1";"LONDRINA";"Falta de atenção";"Colisão lateral";"Com Vítimas Feridas";"Pleno dia";"Decrescente";"Ceu Claro";"Dupla";"Reta";"Urbano";3;0;2;0;1;0;2;2
83431686;"19/01/16";"Terça";"16:45:00";"PA";10;"350";"SANTA MARIA DO PARA";"Outras";"Capotamento";"Com Vítimas Feridas";"Pleno dia";"Crescente";"Sol";"Simples";"Reta";"Rural";2;0;2;0;0;0;2;1
83431687;"19/01/16";"Terça";"21:20:00";"BA";324;"602";"SIMOES FILHO";"Dormindo";"Saída de Pista";"Sem Vítimas";"Plena noite";"Decrescente";"Ceu Claro";"Múltipla";"Reta";"Rural";1;0;0;0;1;0;0;1
83431688;"19/01/16";"Terça";"23:15:00";"MG";116;"342,8";"CAMPANARIO";"Outras";"Saída de Pista";"Sem Vítimas";"Plena noite";"Decrescente";"Chuva";"Simples";"Curva";"Rural";5;0;0;0;5;0;0;1
83431689;"19/01/16";"Terça";"13:15:00";"GO";60;"125,3";"GOIANAPOLIS";"Não guardar distância de segurança";"Colisão traseira";"Sem Vítimas";"Pleno dia";"Decrescente";"Chuva";"Dupla";"Reta";"Rural";2;0;0;0;2;0;0;2
83431690;"19/01/16";"Terça";"15:15:00";"RO";364;"681";"CANDEIAS DO JAMARI";"Outras";"Colisão com objeto fixo";"Sem Vítimas";"Pleno dia";"Crescente";"Chuva";"Simples";"Reta";"Rural";1;0;0;0;1;0;0;1
83431691;"19/01/16";"Terça";"19:30:00";"SC";101;"202,4";"SAO JOSE";"Falta de atenção";"Colisão lateral";"Com Vítimas Feridas";"Anoitecer";"Crescente";"Ceu Claro";"Múltipla";"Reta";"Urbano";2;0;1;0;1;0;1;2
83431692;"19/01/16";"Terça";"23:30:00";"MT";364;"562";"NOBRES";"Defeito na via";"Tombamento";"Sem Vítimas";"Plena noite";"Decrescente";"Nevoeiro/neblina";"Dupla";"Curva";"Urbano";1;0;0;0;1;0;0;1
83431693;"19/01/16";"Terça";"19:00:00";"PB";230;"16,6";"JOAO PESSOA";"Velocidade incompatível";"Colisão traseira";"Com Vítimas Feridas";"Plena noite";"Decrescente";"Ignorada";"Dupla";"Reta";"Urbano";2;0;1;0;1;0;1;2
83431694;"19/01/16";"Terça";"11:40:00";"SC";470;"91,9";"APIUNA";"Velocidade incompatível";"Saída de Pista";"Sem Vítimas";"Pleno dia";"Decrescente";"Ceu Claro";"Simples";"Curva";"Rural";1;0;0;0;1;0;0;1