"id";"data_inversa";"dia_semana";"horario";"uf";"br";"km";"municipio";"causa_acidente";"tipo_acidente";"classificacao_acidente";"fase_dia";"sentido_via";"condicao_metereologica";"tipo_pista";"tracado_via";"uso_solo";"pessoas";"mortos";"feridos_leves";"feridos_graves";"ilesos";"ignorados";"feridos";"veiculos"
83431826;"18/01/16";"Segunda";"07:10:00";"MG";116;"103,3";"ITAOBIM";"Outras";"Colisão lateral";"Sem Vítimas";"Pleno dia";"Decrescente";"Chuva";"Simples";"Curva";"Rural";2;0;0;0;2;0;0;2
83431828;"20/01/16";"Quarta";"13:50:00";"SC";101;"206";"SAO JOSE";"Falta de atenção";"Queda de motocicleta / bicicleta / veículo";"Com Vítimas Feridas";"Pleno dia";"Crescente";"Sol";"Múltipla";"Reta";"Urbano";1;0;0;1;0;0;1;1
83431829;"16/01/16";"Sábado";"16:45:00";"MG";262;"679";"ARAXA";"Velocidade incompatível";"Saída de Pista";"Com Vítimas Feridas";"Pleno dia";"Crescente";"Chuva";"Dupla";"Cruzamento";"Urbano";5;0;5;0;0;0;5;1
83431830;"17/01/16";"Domingo";"07:00:00";"MG";365;"624";"UBERLANDIA";"Defeito na via";"Queda de motocicleta / bicicleta / veículo";"Com Vítimas Feridas";"Pleno dia";"Crescente";"Chuva";"Dupla";"Reta";"Urbano";1;0;1;0;0;0;1;1
83431832;"16/01/16";"Sábado";"11:20:00";"PR";277;"363";"GUARAPUAVA";"Não guardar distância de segurança";"Colisão frontal";"Com Vítimas Feridas";"Pleno dia";"Decrescente";"Ceu Claro";"Simples";"Reta";"Rural";4;0;2;0;2;0;2;2
83431833;"20/01/16";"Quarta";"12:00:00";"RJ";116;"205,8";"SEROPEDICA";"Outras";"Tombamento";"Sem Vítimas";"Pleno dia";"Crescente";"Chuva";"Simples";"Curva";"Urbano";1;0;0;0;1;0;0;1
83431834;"20/01/16";"Quarta";"12:00:00";"GO";50;"276,9";"CATALAO";"Falta de atenção";"Capotamento";"Sem Vítimas";"Pleno dia";"Decrescente";"Nublado";"Simples";"Cruzamento";"Urbano";2;0;0;0;1;1;0;2
83431835;"20/01/16";"Quarta";"12:59:00";"RS";158;"86";"BOA VISTA DAS MISSOES";"Velocidade incompatível";"Colisão frontal";"Com Vítimas Fatais";"Pleno dia";"Decrescente";"Sol";"Simples";"Reta";"Rural";5;2;0;2;1;0;2;2
83431837;"20/01/16";"Quarta";"13:30:00";"RS";470;"213";"BENTO GONCALVES";"Falta de atenção";"Colisão com objeto móvel";"Sem Vítimas";"Pleno dia";"Decrescente";"Ceu Claro";"Simples";"Reta";"Urbano";2;0;0;0;2;0;0;2
83431838;"20/01/16";"Quarta";"12:50:00";"PR";277;"2,8";"PARANAGUA";"Desobediência à sinalização";"Colisão Transversal";"Com Vítimas Fatais";"Pleno dia";"Decrescente";"Sol";"Dupla";"Reta";"Urbano";2;1;0;0;1;0;0;2
83431840;"16/01/16";"Sábado";"00:30:00";"SC";101;"155";"PORTO BELO";"Falta de atenção";"Colisão lateral";"Sem Vítimas";"Plena noite";"Crescente";"Ceu Claro";"Simples";"Curva";"Urbano";2;0;0;0;2;0;0;2
83431841;"20/01/16";"Quarta";"08:30:00";"PB";361;"11,9";"SANTA TERESINHA";"Animais na Pista";"Atropelamento de animal";"Sem Vítimas";"Pleno dia";"Crescente";"Nublado";"Simples";"Reta";"Rural";1;0;0;0;1;0;0;1
83431842;"20/01/16";"Quarta";"10:20:00";"SP";116;"381";"MIRACATU";"Velocidade incompatível";"Tombamento";"Com Vítimas Feridas";"Pleno dia";"Decrescente";"Nublado";"Dupla";"Curva";"Rural";1;0;0;1;0;0;1;1
83431844;"20/01/16";"Quarta";"10:15:00";"MG";381;"699";"LAVRAS";"Velocidade incompatível";"Colisão com objeto fixo";"Sem Vítimas";"Pleno dia";"Crescente";"Nublado";"Dupla";"Reta";"Rural";1;0;0;0;1;0;0;1
83431846;"20/01/16";"Quarta";"11:10:00";"BA";101;"552";"ARATACA";"Outras";"Saída de Pista";"Com Vítimas Feridas";"Pleno dia";"Decrescente";"Chuva";"Simples";"Curva";"Rural";1;0;1;0;0;0;1;1
83431847;"17/01/16";"Domingo";"10:00:00";"MG";40;"527";"CONTAGEM";"Velocidade incompatível";"Capotamento";"Com Vítimas Feridas";"Pleno dia";"Crescente";"Chuva";"Dupla";"Curva";"Urbano";2;0;1;0;1;0;1;1
83431848;"20/01/16";"Quarta";"11:50:00";"CE";222;"2,3";"SOBRAL";"Falta de atenção";"Colisão traseira";"Com Vítimas Feridas";"Pleno dia";"Decrescente";"Nublado";"Dupla";"Reta";"Rural";4;0;0;2;2;0;2;2
83431849;"20/01/16";"Quarta";"13:50:00";"RJ";116;"138";"DUQUE DE CAXIAS";"Falta de atenção";"Atropelamento de pessoa";"Com Vítimas Feridas";"Pleno dia";"Crescente";"Chuva";"Dupla";"Reta";"Urbano";2;0;0;1;0;1;1;1
83431850;"20/01/16";"Quarta";"11:00:00";"MG";50;"0,1";"ARAGUARI";"Falta de atenção";"Colisão lateral";"Sem Vítimas";"Pleno dia";"Decrescente";"Nublado";"Dupla";"Curva";"Rural";2;0;0;0;2;0;0;2
83431851;"16/01/16";"Sábado";"22:45:00";"RS";116;"565,2";"PEDRO OSORIO";"Ingestão de álcool";"Colisão frontal";"Sem Vítimas";"Plena noite";"Crescente";"Ignorada";"Simples";"Reta";"Rural";2;0;0;0;2;0;0;2
83431852;"19/01/16";"Terça";"15:00:00";"PE";232;"367";"FLORES";"Animais na Pista";"Atropelamento de animal";"Sem Vítimas";"Pleno dia";"Crescente";"Ceu Claro";"Simples";"Reta";"Rural";4;0;0;0;4;0;0;1
83431853;"20/01/16";"Quarta";"12:40:00";"MA";10;"344";"ACAILANDIA";"Falta de atenção";"Colisão traseira";"Sem Vítimas";"Pleno dia";"Crescente";"Ceu Claro";"Simples";"Reta";"Urbano";3;0;0;0;3;0;0;3
83431854;"20/01/16";"Quarta";"07:30:00";"RO";319;"64,5";"PORTO VELHO";"Falta de atenção";"Queda de motocicleta / bicicleta / veículo";"Com Vítimas Feridas";"Pleno dia";"Decrescente";"Ceu Claro";"Dupla";"Reta";"Urbano";1;0;0;1;0;0;1;1
83431855;"11/01/16";"Segunda";"14:30:00";"SC";101;"132,4";"BALNEARIO CAMBORIU";"Falta de atenção";"Colisão com objeto móvel";"Com Vítimas Feridas";"Pleno dia";"Decrescente";"Sol";"Dupla";"Reta";"Urbano";1;0;1;0;0;0;1;1
83431856;"16/01/16";"Sábado";"15:30:00";"MG";262;"382";"MATEUS LEME";"Outras";"Colisão com objeto fixo";"Com Vítimas Feridas";"Pleno dia";"Crescente";"Chuva";"Dupla";"Reta";"Rural";2;0;1;0;1;0;1;1
83431857;"06/01/16";"Quarta";"13:40:00";"AL";101;"122";"PILAR";"Não guardar distância de segurança";"Colisão traseira";"Com Vítimas Feridas";"Pleno dia";"Decrescente";"Ceu Claro";"Simples";"Reta";"Rural";2;0;1;0;1;0;1;2
83431859;"20/01/16";"Quarta";"11:26:00";"SC";116;"238,9";"LAGES";"Velocidade incompatível";"Tombamento";"Com Vítimas Feridas";"Pleno dia";"Crescente";"Ceu Claro";"Simples";"Cruzamento";"Rural";1;0;1;0;0;0;1;1
83431860;"20/01/16";"Quarta";"14:00:00";"GO";60;"358,5";"RIO VERDE";"Velocidade incompatível";"Saída de Pista";"Sem Vítimas";"Pleno dia";"Decrescente";"Nublado";"Dupla";"Reta";"Rural";1;0;0;0;1;0;0;1
83431861;"17/01/16";"Domingo";"18:55:00";"BA";324;"550";"AMELIA RODRIGUES";"Animais na Pista";"Atropelamento de animal";"Sem Vítimas";"Plena noite";"Decrescente";"Nublado";"Dupla";"Reta";"Rural";1;0;0;0;1;0;0;1
83431862;"20/01/16";"Quarta";"08:30:00";"MG";40;"566";"NOVA LIMA";"Velocidade incompatível";"Colisão com objeto fixo";"Com Vítimas Feridas";"Pleno dia";"Decrescente";"Nublado";"Simples";"Curva";"Rural";1;0;0;1;0;0;1;1
83431863;"20/01/16";"Quarta";"07:50:00";"PB";230;"22,6";"JOAO PESSOA";"Não guardar distância de segurança";"Colisão traseira";"Com Vítimas Feridas";"Pleno dia";"Decrescente";"Sol";"Dupla";"Reta";"Urbano";5;0;0;2;3;0;2;4
83431864;"20/01/16";"Quarta";"15:45:00";"RS";386;"347,8";"LAJEADO";"Falta de atenção";"Colisão lateral";"Sem Vítimas";"Pleno dia";"Crescente";"Sol";"Dupla";"Reta";"Urbano";2;0;0;0;2;0;0;2
83431867;"20/01/16";"Quarta";"12:30:00";"CE";222;"315,5";"TIANGUA";"Falta de atenção";"Colisão Transversal";"Sem Vítimas";"Pleno dia";"Decrescente";"Nublado";"Simples";"Reta";"Rural";2;0;0;0;2;0;0;2
83431868;"20/01/16";"Quarta";"15:00:00";"MA";10;"140";"PORTO FRANCO";"Velocidade incompatível";"Tombamento";"Com Vítimas Feridas";"Pleno dia";"Decrescente";"Chuva";"Simples";"Reta";"Rural";1;0;1;0;0;0;1;1
83431869;"20/01/16";"Quarta";"15:00:00";"PE";232;"122,1";"BEZERROS";"Falta de atenção";"Saída de Pista";"Sem Vítimas";"Pleno dia";"Crescente";"Nublado";"Dupla";"Reta";"Rural";1;0;0;0;1;0;0;1
83431870;"18/01/16";"Segunda";"09:30:00";"PE";232;"153";"SAO CAITANO";"Dormindo";"Colisão Transversal";"Com Vítimas Feridas";"Pleno dia";"Crescente";"Chuva";"Simples";"Reta";"Rural";2;0;0;1;1;0;1;2
83431871;"20/01/16";"Quarta";"10:00:00";"SC";282;"604,2";"MARAVILHA";"Desobediência à sinalização";"Colisão Transversal";"Sem Vítimas";"Pleno dia";"Crescente";"Sol";"Simples";"Reta";"Urbano";2;0;0;0;2;0;0;2
83431872;"20/01/16";"Quarta";"16:20:00";"GO";60;"4,9";"GOIANIA";"Desobediência à sinalização";"Colisão lateral";"Com Vítimas Feridas";"Pleno dia";"Crescente";"Nublado";"Dupla";"Cruzamento";"Urbano";2;0;1;0;0;1;1;2
83431873;"20/01/16";"Quarta";"12:40:00";"RS";101;"3";"MAQUINE";"Falta de atenção";"Colisão Transversal";"Com Vítimas Feridas";"Pleno dia";"Crescente";"Sol";"Simples";"Reta";"Rural";3;0;3;0;0;0;3;2
83431876;"20/01/16";"Quarta";"13:45:00";"RO";174;"18";"VILHENA";"Falta de atenção";"Colisão Transversal";"Com Vítimas Feridas";"Pleno dia";"Decrescente";"Sol";"Simples";"Reta";"Urbano";2;0;1;0;1;0;1;2
83431877;"16/01/16";"Sábado";"17:00:00";"BA";101;"55";"ENTRE RIOS";"Outras";"Queda de motocicleta / bicicleta / veículo";"Com Vítimas Feridas";"Pleno dia";"Crescente";"Nublado";"Simples";"Reta";"Rural";1;0;0;1;0;0;1;1
83431879;"20/01/16";"Quarta";"12:10:00";"PR";476;"135";"CURITIBA";"Velocidade incompatível";"Colisão lateral";"Sem Vítimas";"Pleno dia";"Decrescente";"Ceu Claro";"Múltipla";"Reta";"Urbano";2;0;0;0;2;0;0;2
83431880;"20/01/16";"Quarta";"14:10:00";"PR";476;"139";"CURITIBA";"Velocidade incompatível";"Colisão traseira";"Sem Vítimas";"Pleno dia";"Crescente";"Ceu Claro";"Múltipla";"Reta";"Urbano";2;0;0;0;2;0;0;2
83431881;"20/01/16";"Quarta";"12:00:00";"CE";222;"110,2";"ITAPAGE";"Outras";"Tombamento";"Com Vítimas Feridas";"Pleno dia";"Decrescente";"Chuva";"Simples";"Reta";"Rural";3;0;2;0;1;0;2;1
83431882;"20/01/16";"Quarta";"08:40:00";"PR";476;"125,5";"CURITIBA";"Falta de atenção";"Queda de motocicleta / bicicleta / veículo";"Com Vítimas Feridas";"Pleno dia";"Crescente";"Ceu Claro";"Dupla";"Reta";"Urbano";2;0;1;0;1;0;1;1
83431883;"20/01/16";"Quarta";"14:30:00";"RS";153;"585";"BAGE";"Falta de atenção";"Tombamento";"Sem Vítimas";"Pleno dia";"Decrescente";"Ceu Claro";"Simples";"Curva";"Rural";1;0;0;0;1;0;0;1
83431884;"20/01/16";"Quarta";"14:25:00";"PR";476;"139,2";"CURITIBA";"Outras";"Colisão com objeto fixo";"Sem Vítimas";"Pleno dia";"Crescente";"Ceu Claro";"Múltipla";"Reta";"Urbano";1;0;0;0;1;0;0;1
83431885;"20/01/16";"Quarta";"15:20:00";"GO";60;"181,9";"ABADIA DE GOIAS";"Falta de atenção";"Colisão Transversal";"Com Vítimas Feridas";"Pleno dia";"Crescente";"Ceu Claro";"Dupla";"Reta";"Rural";3;0;1;0;2;0;1;2
83431886;"20/01/16";"Quarta";"14:30:00";"MT";364;"132";"RONDONOPOLIS";"Velocidade incompatível";"Colisão frontal";"Com Vítimas Feridas";"Pleno dia";"Decrescente";"Sol";"Múltipla";"Curva";"Rural";4;0;2;0;2;0;2;2
83431887;"20/01/16";"Quarta";"16:20:00";"PB";104;"95";"ESPERANCA";"Outras";"Capotamento";"Sem Vítimas";"Pleno dia";"Crescente";"Nublado";"Simples";"Reta";"Rural";1;0;0;0;1;0;0;1
83431888;"15/01/16";"Sexta";"19:00:00";"BA";324;"621";"SALVADOR";"Falta de atenção";"Colisão traseira";"Com Vítimas Feridas";"Plena noite";"Crescente";"Ceu Claro";"Múltipla";"Reta";"Urbano";2;0;1;0;1;0;1;2
83431889;"17/01/16";"Domingo";"05:40:00";"SP";116;"75";"APARECIDA";"Outras";"Saída de Pista";"Sem Vítimas";"Amanhecer";"Crescente";"Chuva";"Dupla";"Reta";"Rural";1;0;0;0;1;0;0;1
83431890;"20/01/16";"Quarta";"15:45:00";"SC";101;"282";"IMBITUBA";"Falta de atenção";"Colisão Transversal";"Sem Vítimas";"Pleno dia";"Decrescente";"Ceu Claro";"Dupla";"Cruzamento";"Urbano";2;0;0;0;2;0;0;2
83431891;"20/01/16";"Quarta";"14:00:00";"GO";20;"243";"POSSE";"Velocidade incompatível";"Saída de Pista";"Sem Vítimas";"Pleno dia";"Decrescente";"Chuva";"Simples";"Reta";"Rural";1;0;0;0;1;0;0;1
83431892;"17/01/16";"Domingo";"00:01:00";"MG";459;"80,5";"CONGONHAL";"Animais na Pista";"Atropelamento de animal";"Com Vítimas Feridas";"Plena noite";"Crescente";"Ceu Claro";"Simples";"Reta";"Rural";2;0;2;0;0;0;2;1
83431893;"17/01/16";"Domingo";"06:10:00";"GO";153;"514";"APARECIDA DE GOIANIA";"Falta de atenção";"Colisão Transversal";"Sem Vítimas";"Amanhecer";"Decrescente";"Chuva";"Dupla";"Reta";"Urbano";2;0;0;0;1;1;0;2
83431894;"20/01/16";"Quarta";"17:50:00";"SP";153;"256,5";"MARILIA";"Outras";"Queda de motocicleta / bicicleta / veículo";"Com Vítimas Feridas";"Pleno dia";"Decrescente";"Sol";"Dupla";"Curva";"Urbano";1;0;1;0;0;0;1;1
83431895;"20/01/16";"Quarta";"16:40:00";"MT";70;"524";"VARZEA GRANDE";"Ultrapassagem indevida";"Colisão Transversal";"Com Vítimas Feridas";"Pleno dia";"Crescente";"Ceu Claro";"Simples";"Reta";"Urbano";2;0;0;1;1;0;1;2
83431896;"20/01/16";"Quarta";"12:50:00";"MS";163;"706,2";"RIO VERDE DE MATO GROSSO";"Defeito mecânico em veículo";"Colisão com objeto móvel";"Sem Vítimas";"Pleno dia";"Crescente";"Sol";"Simples";"Curva";"Rural";2;0;0;0;2;0;0;2
83431897;"20/01/16";"Quarta";"10:40:00";"PE";232;"366,5";"FLORES";"Outras";"Colisão frontal";"Sem Vítimas";"Pleno dia";"Crescente";"Nublado";"Simples";"Reta";"Urbano";4;0;0;0;4;0;0;3
83431898;"20/01/16";"Quarta";"16:00:00";"MG";267;"28,5";"ARGIRITA";"Outras";"Derramamento de Carga";"Sem Vítimas";"Pleno dia";"Crescente";"Chuva";"Simples";"Curva";"Rural";1;0;0;0;1;0;0;1
83431899;"20/01/16";"Quarta";"13:20:00";"MT";364;"545";"ROSARIO OESTE";"Falta de atenção";"Colisão Transversal";"Sem Vítimas";"Pleno dia";"Crescente";"Ceu Claro";"Dupla";"Reta";"Rural";6;0;0;0;6;0;0;2
83431900;"17/01/16";"Domingo";"21:45:00";"RJ";101;"110";"CAMPOS DOS GOYTACAZES";"Falta de atenção";"Colisão traseira";"Com Vítimas Feridas";"Plena noite";"Crescente";"Chuva";"Simples";"Reta";"Rural";4;0;2;0;2;0;2;3
83431901;"20/01/16";"Quarta";"16:50:00";"RS";386;"276,3";"SAO JOSE DO HERVAL";"Não guardar distância de segurança";"Colisão traseira";"Com Vítimas Feridas";"Pleno dia";"Crescente";"Ceu Claro";"Simples";"Reta";"Rural";4;0;1;0;3;0;1;3
83431903;"16/01/16";"Sábado";"14:20:00";"RS";116;"185,9";"NOVA PETROPOLIS";"Falta de atenção";"Tombamento";"Sem Vítimas";"Pleno dia";"Decrescente";"Sol";"Simples";"Curva";"Urbano";1;0;0;0;1;0;0;1
83431904;"20/01/16";"Quarta";"08:00:00";"PR";369;"150,3";"LONDRINA";"Não guardar distância de segurança";"Colisão traseira";"Com Vítimas Feridas";"Pleno dia";"Crescente";"Ceu Claro";"Dupla";"Reta";"Urbano";2;0;0;1;0;1;1;2
83431905;"20/01/16";"Quarta";"11:30:00";"GO";20;"126";"FLORES DE GOIAS";"Outras";"Saída de Pista";"Sem Vítimas";"Pleno dia";"Decrescente";"Chuva";"Simples";"Curva";"Rural";1;0;0;0;1;0;0;1
83431906;"20/01/16";"Quarta";"07:00:00";"MG";381;"945,4";"EXTREMA";"Outras";"Capotamento";"Ignorado";"Pleno dia";"Crescente";"Nublado";"Dupla";"Curva";"Rural";1;0;0;0;0;1;0;1
83431907;"20/01/16";"Quarta";"18:30:00";"PR";376;"171,1";"MARINGA";"Falta de atenção";"Atropelamento de pessoa";"Com Vítimas Feridas";"Pleno dia";"Decrescente";"Sol";"Dupla";"Reta";"Urbano";2;0;1;0;0;1;1;1
83431908;"20/01/16";"Quarta";"10:00:00";"SC";101;"215";"PALHOCA";"Falta de atenção";"Colisão lateral";"Com Vítimas Feridas";"Pleno dia";"Crescente";"Ceu Claro";"Dupla";"Cruzamento";"Urbano";2;0;1;0;1;0;1;2
83431909;"20/01/16";"Quarta";"15:40:00";"PR";163;"315";"TERRA ROXA";"Velocidade incompatível";"Tombamento";"Sem Vítimas";"Pleno dia";"Crescente";"Ceu Claro";"Simples";"Curva";"Urbano";1;0;0;0;1;0;0;1
83431910;"20/01/16";"Quarta";"07:45:00";"PE";232;"130,2";"CARUARU";"Falta de atenção";"Colisão Transversal";"Sem Vítimas";"Pleno dia";"Decrescente";"Nublado";"Dupla";"Reta";"Urbano";2;0;0;0;2;0;0;2
83431911;"20/01/16";"Quarta";"10:50:00";"PI";230;"225";"OEIRAS";"Velocidade incompatível";"Capotamento";"Com Vítimas Feridas";"Pleno dia";"Decrescente";"Chuva";"Simples";"Reta";"Rural";4;0;4;0;0;0;4;1
83431912;"17/01/16";"Domingo";"05:30:00";"PI";343;"319,1";"ALTOS";"Falta de atenção";"Queda de motocicleta / bicicleta / veículo";"Com Vítimas Feridas";"Plena noite";"Decrescente";"Nublado";"Simples";"Curva";"Rural";1;0;0;1;0;0;1;1
83431913;"20/01/16";"Quarta";"14:00:00";"MG";381;"515,9";"IGARAPE";"Outras";"Capotamento";"Com Vítimas Feridas";"Pleno dia";"Decrescente";"Chuva";"Dupla";"Curva";"Urbano";1;0;1;0;0;0;1;1
83431914;"20/01/16";"Quarta";"18:45:00";"PE";101;"78";"RECIFE";"Não guardar distância de segurança";"Colisão lateral";"Com Vítimas Feridas";"Anoitecer";"Decrescente";"Ceu Claro";"Dupla";"Reta";"Urbano";3;0;1;0;2;0;1;3
83431915;"20/01/16";"Quarta";"13:00:00";"PE";116;"24";"SALGUEIRO";"Desobediência à sinalização";"Colisão lateral";"Com Vítimas Feridas";"Pleno dia";"Decrescente";"Nublado";"Simples";"Reta";"Rural";4;0;2;0;2;0;2;2
83431916;"20/01/16";"Quarta";"15:40:00";"PR";277;"637,6";"CEU AZUL";"Outras";"Colisão frontal";"Com Vítimas Feridas";"Pleno dia";"Crescente";"Sol";"Simples";"Reta";"Urbano";5;0;1;3;1;0;4;3
83431917;"20/01/16";"Quarta";"18:40:00";"RS";116;"248";"SAO LEOPOLDO";"Não guardar distância de segurança";"Colisão traseira";"Com Vítimas Feridas";"Pleno dia";"Crescente";"Sol";"Múltipla";"Reta";"Urbano";4;0;1;0;3;0;1;3
83431918;"20/01/16";"Quarta";"15:00:00";"PI";343;"117,9";"PIRACURUCA";"Outras";"Saída de Pista";"Sem Vítimas";"Pleno dia";"Decrescente";"Chuva";"Simples";"Curva";"Rural";3;0;0;0;3;0;0;1
83431920;"13/01/16";"Quarta";"02:30:00";"PI";407;"508,4";"PATOS DO PIAUI";"Defeito mecânico em veículo";"Saída de Pista";"Com Vítimas Feridas";"Plena noite";"Decrescente";"Nublado";"Simples";"Curva";"Rural";1;0;1;0;0;0;1;1
83431921;"20/01/16";"Quarta";"17:10:00";"GO";153;"515,1";"APARECIDA DE GOIANIA";"Falta de atenção";"Colisão Transversal";"Sem Vítimas";"Pleno dia";"Crescente";"Sol";"Dupla";"Reta";"Urbano";2;0;0;0;2;0;0;2
83431922;"14/01/16";"Quinta";"07:00:00";"CE";116;"501,2";"BREJO SANTO";"Falta de atenção";"Atropelamento de pessoa";"Com Vítimas Fatais";"Pleno dia";"Crescente";"Chuva";"Simples";"Reta";"Urbano";2;1;0;0;1;0;0;1
83431924;"20/01/16";"Quarta";"15:00:00";"PR";476;"180,7";"CONTENDA";"Velocidade incompatível";"Tombamento";"Com Vítimas Feridas";"Pleno dia";"Crescente";"Ceu Claro";"Simples";"Curva";"Rural";1;0;1;0;0;0;1;1
83431925;"20/01/16";"Quarta";"18:30:00";"PE";428;"192";"PETROLINA";"Falta de atenção";"Colisão Transversal";"Com Vítimas Feridas";"Plena noite";"Crescente";"Chuva";"Simples";"Reta";"Urbano";3;0;0;1;2;0;1;3
83431926;"20/01/16";"Quarta";"10:00:00";"BA";101;"544";"SAO JOSE DA VITORIA";"Outras";"Capotamento";"Sem Vítimas";"Pleno dia";"Decrescente";"Chuva";"Simples";"Curva";"Rural";1;0;0;0;1;0;0;1
83431927;"20/01/16";"Quarta";"15:30:00";"BA";242;"239";"RUY BARBOSA";"Velocidade incompatível";"Saída de Pista";"Ignorado";"Pleno dia";"Crescente";"Chuva";"Simples";"Curva";"Rural";2;0;0;0;0;2;0;1
83431928;"20/01/16";"Quarta";"17:20:00";"RN";101;"96,4";"NATAL";"Falta de atenção";"Colisão traseira";"Com Vítimas Feridas";"Anoitecer";"Decrescente";"Nublado";"Dupla";"Reta";"Urbano";2;0;1;0;1;0;1;2
83431930;"20/01/16";"Quarta";"10:45:00";"MG";354;"718,1";"CAXAMBU";"Ultrapassagem indevida";"Colisão lateral";"Sem Vítimas";"Pleno dia";"Crescente";"Nublado";"Simples";"Curva";"Rural";3;0;0;0;3;0;0;2
83431931;"20/01/16";"Quarta";"19:40:00";"RS";290;"55";"GLORINHA";"Falta de atenção";"Colisão lateral";"Com Vítimas Feridas";"Pleno dia";"Decrescente";"Ceu Claro";"Dupla";"Curva";"Rural";4;0;3;0;1;0;3;2
83431932;"20/01/16";"Quarta";"14:40:00";"MS";163;"676";"RIO VERDE DE MATO GROSSO";"Defeito mecânico em veículo";"Colisão lateral";"Com Vítimas Feridas";"Pleno dia";"Crescente";"Ceu Claro";"Simples";"Curva";"Rural";51;0;1;0;50;0;1;3
83431933;"20/01/16";"Quarta";"10:30:00";"BA";116;"886,1";"CANDIDO SALES";"Defeito mecânico em veículo";"Colisão com objeto fixo";"Sem Vítimas";"Pleno dia";"Decrescente";"Chuva";"Simples";"Reta";"Rural";1;0;0;0;1;0;0;1
83431934;"20/01/16";"Quarta";"07:15:00";"RS";290;"55";"GLORINHA";"Dormindo";"Saída de Pista";"Com Vítimas Feridas";"Pleno dia";"Crescente";"Sol";"Dupla";"Reta";"Urbano";2;0;2;0;0;0;2;1
83431935;"20/01/16";"Quarta";"17:40:00";"MG";153;"177,8";"COMENDADOR GOMES";"Outras";"Incêndio";"Sem Vítimas";"Pleno dia";"Decrescente";"Ceu Claro";"Simples";"Reta";"Rural";1;0;0;0;1;0;0;1
83431936;"16/01/16";"Sábado";"15:00:00";"MG";262;"441";"NOVA SERRANA";"Velocidade incompatível";"Saída de Pista";"Sem Vítimas";"Plena noite";"Decrescente";"Chuva";"Dupla";"Reta";"Urbano";1;0;0;0;1;0;0;1
83431937;"20/01/16";"Quarta";"18:30:00";"SP";153;"15,5";"NOVA GRANADA";"Outras";"Queda de motocicleta / bicicleta / veículo";"Com Vítimas Feridas";"Anoitecer";"Decrescente";"Nublado";"Simples";"Reta";"Rural";2;0;2;0;0;0;2;1
83431938;"20/01/16";"Quarta";"15:10:00";"SP";116;"158,8";"JACAREI";"Outras";"Colisão traseira";"Com Vítimas Feridas";"Pleno dia";"Crescente";"Nublado";"Dupla";"Reta";"Urbano";2;0;0;1;1;0;1;2
83431939;"14/01/16";"Quinta";"09:30:00";"PI";316;"76,3";"MONSENHOR GIL";"Falta de atenção";"Colisão traseira";"Sem Vítimas";"Pleno dia";"Decrescente";"Nublado";"Simples";"Reta";"Rural";4;0;0;0;4;0;0;4
83431940;"20/01/16";"Quarta";"22:00:00";"RS";386;"416";"MONTENEGRO";"Falta de atenção";"Colisão traseira";"Com Vítimas Feridas";"Plena noite";"Crescente";"Ceu Claro";"Simples";"Reta";"Rural";2;0;1;0;1;0;1;2
83431941;"20/01/16";"Quarta";"08:21:00";"SC";116;"4";"MAFRA";"Ultrapassagem indevida";"Colisão lateral";"Com Vítimas Feridas";"Pleno dia";"Decrescente";"Ceu Claro";"Simples";"Reta";"Rural";2;0;1;0;1;0;1;2
83431942;"20/01/16";"Quarta";"17:30:00";"CE";222;"180,2";"SOBRAL";"Velocidade incompatível";"Saída de Pista";"Sem Vítimas";"Anoitecer";"Crescente";"Chuva";"Simples";"Reta";"Rural";1;0;0;0;1;0;0;1
83431943;"17/01/16";"Domingo";"17:40:00";"PI";222;"31,7";"SAO JOAO DA FRONTEIRA";"Outras";"Tombamento";"Sem Vítimas";"Anoitecer";"Decrescente";"Nublado";"Simples";"Reta";"Rural";1;0;0;0;1;0;0;1
83431944;"20/01/16";"Quarta";"21:30:00";"SC";101;"215,5";"PALHOCA";"Falta de atenção";"Colisão lateral";"Com Vítimas Feridas";"Plena noite";"Decrescente";"Ceu Claro";"Dupla";"Reta";"Urbano";2;0;0;1;1;0;1;2
83431945;"20/01/16";"Quarta";"17:20:00";"PR";376;"490,2";"PONTA GROSSA";"Outras";"Capotamento";"Com Vítimas Feridas";"Pleno dia";"Decrescente";"Ceu Claro";"Dupla";"Curva";"Urbano";1;0;1;0;0;0;1;1
83431946;"20/01/16";"Quarta";"04:10:00";"PI";135;"613";"CORRENTE";"Outras";"Colisão com objeto fixo";"Sem Vítimas";"Plena noite";"Decrescente";"Chuva";"Simples";"Reta";"Rural";1;0;0;0;1;0;0;1
83431947;"20/01/16";"Quarta";"13:00:00";"BA";116;"685";"JEQUIE";"Ultrapassagem indevida";"Capotamento";"Com Vítimas Feridas";"Pleno dia";"Decrescente";"Nublado";"Simples";"Reta";"Rural";5;0;5;0;0;0;5;1
83431948;"20/01/16";"Quarta";"18:11:00";"GO";50;"260,8";"CATALAO";"Outras";"Colisão traseira";"Com Vítimas Fatais";"Pleno dia";"Crescente";"Ceu Claro";"Simples";"Curva";"Rural";2;1;0;0;1;0;0;2