"id";"data_inversa";"dia_semana";"horario";"uf";"br";"km";"municipio";"causa_acidente";"tipo_acidente";"classificacao_acidente";"fase_dia";"sentido_via";"condicao_metereologica";"tipo_pista";"tracado_via";"uso_solo";"pessoas";"mortos";"feridos_leves";"feridos_graves";"ilesos";"ignorados";"feridos";"veiculos"
83431950;"20/01/16";"Quarta";"16:40:00";"MG";365;"69,5";"JEQUITAI";"Defeito mecânico em veículo";"Saída de Pista";"Sem Vítimas";"Pleno dia";"Decrescente";"Nublado";"Simples";"Reta";"Rural";1;0;0;0;1;0;0;1
83431951;"20/01/16";"Quarta";"20:15:00";"SC";116;"67,2";"MONTE CASTELO";"Ultrapassagem indevida";"Colisão lateral";"Com Vítimas Feridas";"Plena noite";"Decrescente";"Ceu Claro";"Simples";"Reta";"Rural";3;0;2;0;1;0;2;2
83431952;"20/01/16";"Quarta";"15:15:00";"MG";40;"50,5";"PARACATU";"Não guardar distância de segurança";"Saída de Pista";"Sem Vítimas";"Pleno dia";"Crescente";"Chuva";"Dupla";"Reta";"Rural";2;0;0;0;2;0;0;1
83431953;"20/01/16";"Quarta";"17:40:00";"SC";480;"128,3";"CHAPECO";"Desobediência à sinalização";"Colisão Transversal";"Com Vítimas Feridas";"Pleno dia";"Crescente";"Sol";"Simples";"Reta";"Urbano";2;0;0;1;1;0;1;2
83431954;"20/01/16";"Quarta";"22:30:00";"RS";386;"418,5";"MONTENEGRO";"Ingestão de álcool";"Tombamento";"Com Vítimas Feridas";"Plena noite";"Crescente";"Ceu Claro";"Simples";"Curva";"Rural";1;0;1;0;0;0;1;1
83431955;"20/01/16";"Quarta";"11:45:00";"RJ";101;"94";"CAMPOS DOS GOYTACAZES";"Outras";"Saída de Pista";"Com Vítimas Feridas";"Pleno dia";"Crescente";"Nublado";"Simples";"Curva";"Rural";4;0;3;0;0;1;3;2
83431957;"20/01/16";"Quarta";"19:00:00";"PE";232;"8";"RECIFE";"Não guardar distância de segurança";"Colisão lateral";"Sem Vítimas";"Plena noite";"Crescente";"Nublado";"Dupla";"Reta";"Urbano";2;0;0;0;2;0;0;2
83431958;"20/01/16";"Quarta";"20:30:00";"ES";101;"292";"CARIACICA";"Outras";"Derramamento de Carga";"Sem Vítimas";"Plena noite";"Crescente";"Nublado";"Dupla";"Curva";"Rural";1;0;0;0;1;0;0;1
83431959;"01/01/16";"Sexta";"19:00:00";"CE";116;"176,6";"RUSSAS";"Outras";"Saída de Pista";"Ignorado";"Plena noite";"Decrescente";"Vento";"Simples";"Reta";"Rural";1;0;0;0;0;1;0;1
83431960;"20/01/16";"Quarta";"18:40:00";"PR";376;"488,9";"PONTA GROSSA";"Falta de atenção";"Colisão traseira";"Sem Vítimas";"Pleno dia";"Decrescente";"Ceu Claro";"Dupla";"Reta";"Urbano";2;0;0;0;2;0;0;2
83431962;"20/01/16";"Quarta";"21:05:00";"AL";316;"242,7";"ATALAIA";"Outras";"Colisão lateral";"Com Vítimas Feridas";"Plena noite";"Crescente";"Nublado";"Simples";"Curva";"Rural";2;0;1;1;0;0;2;2
83431963;"20/01/16";"Quarta";"17:40:00";"RS";101;"9";"TORRES";"Falta de atenção";"Colisão lateral";"Sem Vítimas";"Pleno dia";"Decrescente";"Ceu Claro";"Dupla";"Reta";"Rural";2;0;0;0;2;0;0;2
83431964;"20/01/16";"Quarta";"22:40:00";"MG";116;"744";"LEOPOLDINA";"Outras";"Colisão com objeto fixo";"Sem Vítimas";"Plena noite";"Crescente";"Chuva";"Simples";"Reta";"Rural";1;0;0;0;1;0;0;1
83431965;"20/01/16";"Quarta";"19:30:00";"SP";116;"36,4";"CACHOEIRA PAULISTA";"Defeito mecânico em veículo";"Colisão com objeto fixo";"Sem Vítimas";"Anoitecer";"Crescente";"Nublado";"Dupla";"Reta";"Rural";1;0;0;0;1;0;0;1
83431966;"20/01/16";"Quarta";"18:05:00";"RO";364;"341,9";"JI-PARANA";"Falta de atenção";"Queda de motocicleta / bicicleta / veículo";"Com Vítimas Feridas";"Pleno dia";"Crescente";"Ceu Claro";"Simples";"Reta";"Urbano";2;0;2;0;0;0;2;1
83431967;"20/01/16";"Quarta";"17:50:00";"RO";364;"347,4";"JI-PARANA";"Falta de atenção";"Colisão Transversal";"Com Vítimas Feridas";"Pleno dia";"Crescente";"Nublado";"Simples";"Reta";"Urbano";3;0;0;1;2;0;1;2
83431968;"20/01/16";"Quarta";"22:20:00";"PR";376;"264,9";"CALIFORNIA";"Falta de atenção";"Queda de motocicleta / bicicleta / veículo";"Com Vítimas Feridas";"Plena noite";"Decrescente";"Ceu Claro";"Simples";"Reta";"Rural";2;0;2;0;0;0;2;1
83431969;"20/01/16";"Quarta";"09:00:00";"CE";116;"16";"FORTALEZA";"Falta de atenção";"Colisão lateral";"Sem Vítimas";"Pleno dia";"Decrescente";"Ceu Claro";"Múltipla";"Reta";"Urbano";2;0;0;0;2;0;0;2
83431971;"17/01/16";"Domingo";"18:40:00";"CE";222;"5";"CAUCAIA";"Outras";"Atropelamento de pessoa";"Com Vítimas Feridas";"Plena noite";"Crescente";"Nublado";"Múltipla";"Reta";"Urbano";3;0;1;1;1;0;2;1
83431972;"20/01/16";"Quarta";"19:40:00";"GO";364;"228,6";"JATAI";"Defeito na via";"Colisão frontal";"Com Vítimas Fatais";"Pleno dia";"Crescente";"Ceu Claro";"Simples";"Reta";"Rural";20;3;1;3;13;0;4;2
83431973;"20/01/16";"Quarta";"10:00:00";"MS";163;"56,3";"ELDORADO";"Falta de atenção";"Colisão Transversal";"Sem Vítimas";"Pleno dia";"Crescente";"Ceu Claro";"Simples";"Reta";"Rural";2;0;0;0;2;0;0;2
83431974;"20/01/16";"Quarta";"23:30:00";"ES";101;"147,2";"LINHARES";"Não guardar distância de segurança";"Colisão traseira";"Com Vítimas Feridas";"Plena noite";"Decrescente";"Chuva";"Dupla";"Reta";"Urbano";2;0;1;0;1;0;1;2
83431975;"20/01/16";"Quarta";"23:30:00";"RS";386;"312,8";"MARQUES DE SOUZA";"Dormindo";"Saída de Pista";"Com Vítimas Feridas";"Plena noite";"Crescente";"Ceu Claro";"Simples";"Reta";"Rural";5;0;4;1;0;0;5;1
83431977;"20/01/16";"Quarta";"13:50:00";"PI";343;"68";"BURITI DOS LOPES";"Velocidade incompatível";"Saída de Pista";"Sem Vítimas";"Pleno dia";"Crescente";"Chuva";"Simples";"Curva";"Rural";1;0;0;0;1;0;0;1
83431978;"20/01/16";"Quarta";"18:30:00";"RO";364;"416";"JARU";"Defeito mecânico em veículo";"Colisão lateral";"Com Vítimas Feridas";"Anoitecer";"Decrescente";"Nublado";"Simples";"Curva";"Rural";8;0;1;0;7;0;1;4
83431979;"20/01/16";"Quarta";"16:13:00";"MG";381;"481";"CONTAGEM";"Outras";"Colisão lateral";"Com Vítimas Feridas";"Pleno dia";"Crescente";"Ceu Claro";"Dupla";"Reta";"Urbano";3;0;2;0;1;0;2;2
83431980;"20/01/16";"Quarta";"21:30:00";"MT";364;"474";"JANGADA";"Não guardar distância de segurança";"Colisão traseira";"Sem Vítimas";"Plena noite";"Crescente";"Ceu Claro";"Simples";"Reta";"Rural";2;0;0;0;2;0;0;2
83431981;"20/01/16";"Quarta";"20:00:00";"RR";401;"35";"BONFIM";"Dormindo";"Saída de Pista";"Com Vítimas Fatais";"Plena noite";"Decrescente";"Ignorada";"Simples";"Reta";"Rural";2;1;1;0;0;0;1;1
83431982;"20/01/16";"Quarta";"12:00:00";"MG";116;"203,8";"CATUJI";"Outras";"Tombamento";"Sem Vítimas";"Pleno dia";"Decrescente";"Chuva";"Simples";"Reta";"Rural";1;0;0;0;1;0;0;1
83431983;"20/01/16";"Quarta";"13:45:00";"PR";476;"133";"CURITIBA";"Desobediência à sinalização";"Atropelamento de pessoa";"Com Vítimas Feridas";"Pleno dia";"Decrescente";"Ceu Claro";"Múltipla";"Cruzamento";"Urbano";2;0;0;1;1;0;1;1
83431984;"20/01/16";"Quarta";"21:20:00";"SC";101;"374,5";"ICARA";"Defeito mecânico em veículo";"Incêndio";"Sem Vítimas";"Plena noite";"Crescente";"Ceu Claro";"Simples";"Cruzamento";"Rural";1;0;0;0;1;0;0;1
83431985;"21/01/16";"Quinta";"00:10:00";"PB";230;"12,3";"CABEDELO";"Desobediência à sinalização";"Colisão Transversal";"Com Vítimas Feridas";"Plena noite";"Crescente";"Ceu Claro";"Dupla";"Reta";"Urbano";2;0;0;1;1;0;1;2
83431986;"21/01/16";"Quinta";"00:30:00";"RS";448;"10";"CANOAS";"Falta de atenção";"Colisão traseira";"Com Vítimas Feridas";"Plena noite";"Decrescente";"Ceu Claro";"Dupla";"Reta";"Rural";4;0;4;0;0;0;4;2
83431987;"21/01/16";"Quinta";"01:50:00";"MG";381;"924,1";"CAMANDUCAIA";"Falta de atenção";"Colisão traseira";"Sem Vítimas";"Plena noite";"Decrescente";"Ceu Claro";"Dupla";"Curva";"Rural";2;0;0;0;2;0;0;2
83431988;"21/01/16";"Quinta";"01:20:00";"SP";116;"503,3";"CAJATI";"Falta de atenção";"Tombamento";"Sem Vítimas";"Plena noite";"Crescente";"Nublado";"Simples";"Curva";"Rural";1;0;0;0;1;0;0;1
83431989;"21/01/16";"Quinta";"00:25:00";"PR";376;"183";"SARANDI";"Falta de atenção";"Colisão traseira";"Com Vítimas Feridas";"Plena noite";"Decrescente";"Ceu Claro";"Dupla";"Cruzamento";"Urbano";2;0;1;0;1;0;1;2
83431990;"20/01/16";"Quarta";"22:20:00";"RS";290;"58";"GLORINHA";"Falta de atenção";"Colisão traseira";"Com Vítimas Feridas";"Plena noite";"Crescente";"Ignorada";"Dupla";"Reta";"Urbano";3;0;2;0;1;0;2;2
83431991;"17/01/16";"Domingo";"07:30:00";"RO";364;"515";"ARIQUEMES";"Desobediência à sinalização";"Colisão lateral";"Sem Vítimas";"Pleno dia";"Decrescente";"Sol";"Simples";"Reta";"Urbano";5;0;0;0;5;0;0;2
83431992;"20/01/16";"Quarta";"16:20:00";"MS";262;"363,2";"CAMPO GRANDE";"Falta de atenção";"Tombamento";"Com Vítimas Feridas";"Pleno dia";"Crescente";"Ceu Claro";"Simples";"Cruzamento";"Urbano";2;0;0;1;1;0;1;2
83431993;"20/01/16";"Quarta";"18:40:00";"MS";262;"363";"CAMPO GRANDE";"Falta de atenção";"Queda de motocicleta / bicicleta / veículo";"Sem Vítimas";"Pleno dia";"Crescente";"Ceu Claro";"Simples";"Reta";"Urbano";2;0;0;0;1;1;0;2
83431994;"20/01/16";"Quarta";"23:30:00";"SP";116;"414";"JUQUIA";"Outras";"Incêndio";"Sem Vítimas";"Plena noite";"Decrescente";"Chuva";"Dupla";"Reta";"Rural";1;0;0;0;1;0;0;1
83431995;"16/01/16";"Sábado";"17:15:00";"SC";280;"41";"GUARAMIRIM";"Defeito mecânico em veículo";"Queda de motocicleta / bicicleta / veículo";"Com Vítimas Feridas";"Pleno dia";"Decrescente";"Ceu Claro";"Simples";"Reta";"Rural";2;0;2;0;0;0;2;1
83431996;"20/01/16";"Quarta";"22:50:00";"MS";262;"363,2";"CAMPO GRANDE";"Outras";"Colisão com objeto fixo";"Sem Vítimas";"Plena noite";"Crescente";"Ceu Claro";"Simples";"Cruzamento";"Urbano";2;0;0;0;2;0;0;2
83431997;"20/01/16";"Quarta";"13:00:00";"RN";304;"55,1";"MOSSORO";"Dormindo";"Saída de Pista";"Sem Vítimas";"Pleno dia";"Crescente";"Chuva";"Simples";"Reta";"Rural";1;0;0;0;1;0;0;1
83431998;"20/01/16";"Quarta";"11:00:00";"MG";116;"222";"CATUJI";"Velocidade incompatível";"Tombamento";"Sem Vítimas";"Pleno dia";"Decrescente";"Chuva";"Simples";"Curva";"Rural";1;0;0;0;1;0;0;1
83432000;"21/01/16";"Quinta";"00:05:00";"RS";386;"268,4";"FONTOURA XAVIER";"Velocidade incompatível";"Tombamento";"Com Vítimas Feridas";"Plena noite";"Decrescente";"Ceu Claro";"Simples";"Reta";"Urbano";2;0;2;0;0;0;2;1
83432002;"20/01/16";"Quarta";"20:00:00";"RJ";101;"107";"CAMPOS DOS GOYTACAZES";"Dormindo";"Colisão com objeto fixo";"Com Vítimas Feridas";"Plena noite";"Decrescente";"Nublado";"Dupla";"Reta";"Rural";1;0;1;0;0;0;1;1
83432003;"20/01/16";"Quarta";"18:10:00";"SP";153;"195";"GETULINA";"Outras";"Queda de motocicleta / bicicleta / veículo";"Com Vítimas Feridas";"Pleno dia";"Decrescente";"Ceu Claro";"Simples";"Reta";"Rural";1;0;0;1;0;0;1;1
83432004;"20/01/16";"Quarta";"06:40:00";"AC";317;"133";"CAPIXABA";"Não guardar distância de segurança";"Colisão traseira";"Com Vítimas Feridas";"Pleno dia";"Crescente";"Ceu Claro";"Simples";"Reta";"Rural";5;0;0;1;4;0;1;2
83432005;"21/01/16";"Quinta";"03:50:00";"PR";153;"461";"PORTO VITORIA";"Falta de atenção";"Capotamento";"Com Vítimas Feridas";"Plena noite";"Decrescente";"Ceu Claro";"Simples";"Reta";"Rural";1;0;1;0;0;0;1;1
83432006;"20/01/16";"Quarta";"23:30:00";"SP";116;"509";"CAJATI";"Velocidade incompatível";"Colisão traseira";"Sem Vítimas";"Plena noite";"Decrescente";"Ceu Claro";"Dupla";"Curva";"Rural";2;0;0;0;2;0;0;2
83432007;"20/01/16";"Quarta";"21:30:00";"MT";364;"348";"SANTO ANTONIO DO LEVERGER";"Falta de atenção";"Tombamento";"Sem Vítimas";"Plena noite";"Crescente";"Ceu Claro";"Dupla";"Reta";"Rural";1;0;0;0;1;0;0;1
83432008;"20/01/16";"Quarta";"20:00:00";"CE";116;"3";"FORTALEZA";"Falta de atenção";"Colisão Transversal";"Sem Vítimas";"Plena noite";"Crescente";"Chuva";"Múltipla";"Cruzamento";"Urbano";6;0;0;0;6;0;0;2
83432009;"20/01/16";"Quarta";"11:30:00";"BA";101;"155";"CONCEICAO DO JACUIPE";"Outras";"Saída de Pista";"Com Vítimas Feridas";"Pleno dia";"Crescente";"Nublado";"Simples";"Reta";"Rural";3;0;3;0;0;0;3;1
83432010;"21/01/16";"Quinta";"04:00:00";"MS";163;"360,3";"NOVA ALVORADA DO SUL";"Dormindo";"Capotamento";"Com Vítimas Feridas";"Plena noite";"Decrescente";"Ceu Claro";"Simples";"Reta";"Rural";1;0;1;0;0;0;1;1
83432011;"20/01/16";"Quarta";"14:15:00";"MG";135;"606";"CURVELO";"Não guardar distância de segurança";"Colisão traseira";"Com Vítimas Feridas";"Pleno dia";"Crescente";"Chuva";"Simples";"Reta";"Rural";2;0;1;0;1;0;1;2
83432012;"21/01/16";"Quinta";"05:00:00";"RS";290;"201";"PANTANO GRANDE";"Não guardar distância de segurança";"Colisão lateral";"Com Vítimas Feridas";"Plena noite";"Decrescente";"Ceu Claro";"Simples";"Reta";"Rural";8;0;6;0;1;1;6;2
83432013;"21/01/16";"Quinta";"03:00:00";"SP";116;"0,7";"QUELUZ";"Defeito mecânico em veículo";"Colisão com objeto fixo";"Sem Vítimas";"Plena noite";"Decrescente";"Nublado";"Dupla";"Reta";"Rural";3;0;0;0;3;0;0;3
83432015;"20/01/16";"Quarta";"21:00:00";"RS";285;"231,5";"CIRIACO";"Falta de atenção";"Saída de Pista";"Com Vítimas Fatais";"Plena noite";"Crescente";"Ceu Claro";"Simples";"Curva";"Rural";2;1;0;0;1;0;0;1
83432017;"17/01/16";"Domingo";"22:45:00";"PB";230;"21,2";"JOAO PESSOA";"Defeito mecânico em veículo";"Saída de Pista";"Com Vítimas Feridas";"Plena noite";"Crescente";"Ceu Claro";"Dupla";"Reta";"Urbano";2;0;2;0;0;0;2;1
83432018;"20/01/16";"Quarta";"15:30:00";"RS";116;"146";"CAXIAS DO SUL";"Outras";"Colisão com objeto fixo";"Sem Vítimas";"Pleno dia";"Decrescente";"Ceu Claro";"Dupla";"Reta";"Urbano";2;0;0;0;1;1;0;2
83432019;"09/01/16";"Sábado";"04:50:00";"RJ";393;"287";"VOLTA REDONDA";"Outras";"Queda de motocicleta / bicicleta / veículo";"Com Vítimas Feridas";"Anoitecer";"Decrescente";"Chuva";"Dupla";"Reta";"Urbano";1;0;1;0;0;0;1;1
83432020;"21/01/16";"Quinta";"02:00:00";"MG";381;"628";"OLIVEIRA";"Dormindo";"Colisão traseira";"Sem Vítimas";"Plena noite";"Crescente";"Chuva";"Dupla";"Curva";"Rural";2;0;0;0;2;0;0;2
83432021;"20/01/16";"Quarta";"20:10:00";"PE";232;"88,4";"GRAVATA";"Outras";"Atropelamento de pessoa";"Com Vítimas Feridas";"Plena noite";"Crescente";"Nublado";"Dupla";"Reta";"Rural";2;0;0;1;1;0;1;1
83432022;"18/01/16";"Segunda";"13:20:00";"MT";70;"160";"GENERAL CARNEIRO";"Outras";"Tombamento";"Sem Vítimas";"Pleno dia";"Decrescente";"Ceu Claro";"Simples";"Reta";"Rural";1;0;0;0;1;0;0;1
83432023;"21/01/16";"Quinta";"06:30:00";"SP";153;"55,7";"SAO JOSE DO RIO PRETO";"Falta de atenção";"Colisão lateral";"Com Vítimas Feridas";"Amanhecer";"Crescente";"Ignorada";"Simples";"Reta";"Rural";3;0;1;0;1;1;1;2
83432024;"21/01/16";"Quinta";"05:40:00";"PR";376;"150,9";"MANDAGUACU";"Outras";"Saída de Pista";"Com Vítimas Feridas";"Plena noite";"Decrescente";"Ceu Claro";"Dupla";"Reta";"Rural";4;0;4;0;0;0;4;1
83432026;"21/01/16";"Quinta";"03:30:00";"MG";116;"172";"PADRE PARAISO";"Outras";"Saída de Pista";"Com Vítimas Feridas";"Plena noite";"Crescente";"Chuva";"Simples";"Reta";"Rural";1;0;1;0;0;0;1;1
83432027;"17/01/16";"Domingo";"11:40:00";"CE";116;"20";"ITAITINGA";"Outras";"Queda de motocicleta / bicicleta / veículo";"Com Vítimas Feridas";"Pleno dia";"Decrescente";"Nublado";"Dupla";"Reta";"Urbano";1;0;0;1;0;0;1;1
83432028;"17/01/16";"Domingo";"11:10:00";"GO";153;"544";"HIDROLANDIA";"Outras";"Saída de Pista";"Sem Vítimas";"Pleno dia";"Crescente";"Chuva";"Dupla";"Curva";"Rural";1;0;0;0;1;0;0;1
83432029;"17/01/16";"Domingo";"12:00:00";"MG";40;"345,1";"FELIXLANDIA";"Falta de atenção";"Saída de Pista";"Com Vítimas Feridas";"Pleno dia";"Crescente";"Chuva";"Simples";"Reta";"Rural";2;0;1;0;1;0;1;1
83432030;"21/01/16";"Quinta";"03:50:00";"SP";116;"44";"CANAS";"Animais na Pista";"Atropelamento de animal";"Com Vítimas Feridas";"Plena noite";"Crescente";"Nublado";"Dupla";"Reta";"Rural";2;0;1;0;1;0;1;1
83432031;"21/01/16";"Quinta";"03:45:00";"SP";116;"44,3";"CANAS";"Animais na Pista";"Atropelamento de animal";"Sem Vítimas";"Plena noite";"Crescente";"Nublado";"Dupla";"Reta";"Rural";1;0;0;0;1;0;0;1
83432033;"13/01/16";"Quarta";"04:00:00";"AL";104;"8";"SAO JOSE DA LAJE";"Defeito mecânico em veículo";"Saída de Pista";"Com Vítimas Feridas";"Amanhecer";"Crescente";"Ceu Claro";"Simples";"Curva";"Urbano";2;0;2;0;0;0;2;1
83432034;"21/01/16";"Quinta";"07:15:00";"PE";101;"69,5";"RECIFE";"Outras";"Queda de motocicleta / bicicleta / veículo";"Com Vítimas Feridas";"Pleno dia";"Crescente";"Nublado";"Múltipla";"Reta";"Urbano";2;0;1;0;1;0;1;2
83432036;"18/01/16";"Segunda";"06:30:00";"RJ";101;"169";"MACAE";"Falta de atenção";"Colisão lateral";"Com Vítimas Feridas";"Amanhecer";"Decrescente";"Chuva";"Simples";"Reta";"Rural";2;0;0;1;1;0;1;2
83432037;"21/01/16";"Quinta";"05:00:00";"SP";116;"159";"JACAREI";"Ingestão de álcool";"Colisão traseira";"Com Vítimas Feridas";"Plena noite";"Crescente";"Ceu Claro";"Dupla";"Reta";"Urbano";2;0;1;0;1;0;1;2
83432038;"17/01/16";"Domingo";"16:00:00";"ES";101;"315,5";"VIANA";"Ingestão de álcool";"Colisão Transversal";"Sem Vítimas";"Pleno dia";"Decrescente";"Chuva";"Simples";"Reta";"Rural";3;0;0;0;3;0;0;2
83432039;"21/01/16";"Quinta";"07:55:00";"PR";277;"642,8";"CEU AZUL";"Não guardar distância de segurança";"Colisão traseira";"Sem Vítimas";"Pleno dia";"Decrescente";"Ceu Claro";"Simples";"Reta";"Rural";2;0;0;0;2;0;0;2
83432040;"17/01/16";"Domingo";"23:45:00";"PE";101;"80,4";"JABOATAO DOS GUARARAPES";"Defeito na via";"Saída de Pista";"Com Vítimas Feridas";"Plena noite";"Decrescente";"Nublado";"Dupla";"Curva";"Urbano";2;0;1;1;0;0;2;1
83432041;"18/01/16";"Segunda";"10:30:00";"MG";116;"662";"MIRADOURO";"Velocidade incompatível";"Capotamento";"Sem Vítimas";"Pleno dia";"Decrescente";"Chuva";"Simples";"Curva";"Rural";2;0;0;0;2;0;0;1
83432043;"17/01/16";"Domingo";"03:55:00";"RS";293;"12,3";"CAPAO DO LEAO";"Outras";"Saída de Pista";"Sem Vítimas";"Plena noite";"Decrescente";"Ceu Claro";"Simples";"Reta";"Urbano";1;0;0;0;1;0;0;1
83432044;"21/01/16";"Quinta";"07:20:00";"RS";116;"253";"SAPUCAIA DO SUL";"Falta de atenção";"Colisão traseira";"Com Vítimas Feridas";"Pleno dia";"Crescente";"Ceu Claro";"Múltipla";"Reta";"Urbano";2;0;0;1;1;0;1;2
83432045;"20/01/16";"Quarta";"15:20:00";"MG";267;"307";"CAXAMBU";"Outras";"Queda de motocicleta / bicicleta / veículo";"Com Vítimas Feridas";"Pleno dia";"Crescente";"Nublado";"Simples";"Reta";"Rural";2;0;2;0;0;0;2;1
83432048;"18/01/16";"Segunda";"05:15:00";"RJ";116;"265";"BARRA MANSA";"Outras";"Colisão lateral";"Com Vítimas Feridas";"Plena noite";"Decrescente";"Nublado";"Dupla";"Reta";"Rural";4;0;1;0;2;1;1;2
83432050;"17/01/16";"Domingo";"17:15:00";"SC";101;"283";"IMBITUBA";"Defeito mecânico em veículo";"Tombamento";"Com Vítimas Feridas";"Pleno dia";"Crescente";"Ceu Claro";"Dupla";"Reta";"Urbano";2;0;1;1;0;0;2;1
83432052;"18/01/16";"Segunda";"02:00:00";"PI";343;"348";"TERESINA";"Desobediência à sinalização";"Colisão Transversal";"Com Vítimas Feridas";"Plena noite";"Decrescente";"Chuva";"Dupla";"Reta";"Urbano";4;0;2;0;2;0;2;2
83432053;"21/01/16";"Quinta";"07:55:00";"RS";116;"253";"SAPUCAIA DO SUL";"Falta de atenção";"Colisão lateral";"Sem Vítimas";"Pleno dia";"Decrescente";"Sol";"Dupla";"Reta";"Urbano";2;0;0;0;2;0;0;2
83432055;"18/01/16";"Segunda";"05:00:00";"PE";423;"184,7";"ITAIBA";"Animais na Pista";"Atropelamento de animal";"Com Vítimas Fatais";"Amanhecer";"Crescente";"Nublado";"Simples";"Reta";"Rural";1;1;0;0;0;0;0;1
83432056;"17/01/16";"Domingo";"21:00:00";"SC";101;"95,6";"BARRA VELHA";"Falta de atenção";"Colisão traseira";"Sem Vítimas";"Plena noite";"Decrescente";"Ceu Claro";"Dupla";"Reta";"Rural";3;0;0;0;3;0;0;3
83432057;"19/01/16";"Terça";"08:30:00";"BA";242;"403";"SEABRA";"Defeito mecânico em veículo";"Capotamento";"Com Vítimas Feridas";"Pleno dia";"Decrescente";"Chuva";"Simples";"Curva";"Rural";3;0;1;0;2;0;1;1
83432059;"17/01/16";"Domingo";"08:20:00";"TO";153;"129,5";"ARAGUAINA";"Outras";"Colisão lateral";"Sem Vítimas";"Pleno dia";"Crescente";"Chuva";"Simples";"Cruzamento";"Rural";2;0;0;0;2;0;0;2
83432060;"07/01/16";"Quinta";"03:00:00";"SC";470;"64";"INDAIAL";"Ingestão de álcool";"Colisão Transversal";"Com Vítimas Feridas";"Plena noite";"Decrescente";"Nublado";"Simples";"Curva";"Urbano";3;0;2;0;1;0;2;2
83432062;"18/01/16";"Segunda";"01:05:00";"PE";428;"175,3";"PETROLINA";"Ultrapassagem indevida";"Colisão frontal";"Com Vítimas Fatais";"Plena noite";"Decrescente";"Nublado";"Simples";"Reta";"Rural";2;1;0;0;0;1;0;2
83432065;"18/01/16";"Segunda";"05:30:00";"AL";101;"120,7";"PILAR";"Velocidade incompatível";"Colisão lateral";"Com Vítimas Feridas";"Amanhecer";"Crescente";"Chuva";"Simples";"Curva";"Rural";6;0;4;0;2;0;4;3
83432067;"14/01/16";"Quinta";"06:00:00";"RJ";393;"266,6";"VASSOURAS";"Dormindo";"Capotamento";"Com Vítimas Feridas";"Amanhecer";"Decrescente";"Chuva";"Simples";"Reta";"Rural";2;0;0;2;0;0;2;1
83432068;"18/01/16";"Segunda";"06:20:00";"PE";232;"54,2";"POMBOS";"Velocidade incompatível";"Colisão Transversal";"Com Vítimas Feridas";"Amanhecer";"Crescente";"Chuva";"Dupla";"Reta";"Rural";2;0;1;1;0;0;2;2
83432069;"09/01/16";"Sábado";"15:30:00";"PR";116;"39";"CAMPINA GRANDE DO SUL";"Velocidade incompatível";"Tombamento";"Com Vítimas Feridas";"Pleno dia";"Decrescente";"Chuva";"Dupla";"Curva";"Rural";4;0;1;0;3;0;1;2
83432070;"18/01/16";"Segunda";"02:30:00";"SC";101;"358,7";"SANGAO";"Falta de atenção";"Colisão com objeto fixo";"Com Vítimas Feridas";"Plena noite";"Decrescente";"Ceu Claro";"Simples";"Curva";"Urbano";1;0;1;0;0;0;1;1
83432071;"21/01/16";"Quinta";"09:58:00";"DF";40;"2,1";"BRASILIA";"Falta de atenção";"Colisão lateral";"Sem Vítimas";"Pleno dia";"Crescente";"Ceu Claro";"Múltipla";"Reta";"Urbano";5;0;0;0;5;0;0;2
83432072;"21/01/16";"Quinta";"09:40:00";"RS";293;"304,7";"SANTANA DO LIVRAMENTO";"Outras";"Capotamento";"Com Vítimas Feridas";"Pleno dia";"Decrescente";"Sol";"Simples";"Reta";"Rural";1;0;1;0;0;0;1;1
83432073;"19/01/16";"Terça";"22:20:00";"RJ";101;"313";"SAO GONCALO";"Outras";"Saída de Pista";"Sem Vítimas";"Plena noite";"Crescente";"Chuva";"Dupla";"Reta";"Urbano";1;0;0;0;1;0;0;1
83432074;"21/01/16";"Quinta";"10:30:00";"SC";101;"209";"SAO JOSE";"Não guardar distância de segurança";"Colisão lateral";"Sem Vítimas";"Pleno dia";"Crescente";"Ceu Claro";"Dupla";"Reta";"Urbano";2;0;0;0;2;0;0;2
83432075;"18/01/16";"Segunda";"07:20:00";"MG";381;"637";"SANTO ANTONIO DO AMPARO";"Velocidade incompatível";"Saída de Pista";"Sem Vítimas";"Pleno dia";"Decrescente";"Chuva";"Dupla";"Curva";"Rural";1;0;0;0;1;0;0;1
83432076;"21/01/16";"Quinta";"07:30:00";"PR";369;"490";"CORBELIA";"Outras";"Colisão com bicicleta";"Com Vítimas Feridas";"Pleno dia";"Decrescente";"Sol";"Simples";"Reta";"Urbano";2;0;2;0;0;0;2;2
83432077;"17/01/16";"Domingo";"23:20:00";"MG";381;"882,8";"ESTIVA";"Dormindo";"Saída de Pista";"Sem Vítimas";"Plena noite";"Decrescente";"Nublado";"Dupla";"Reta";"Rural";1;0;0;0;1;0;0;1
83432078;"21/01/16";"Quinta";"06:20:00";"MS";267;"363,1";"MARACAJU";"Dormindo";"Saída de Pista";"Sem Vítimas";"Pleno dia";"Crescente";"Ceu Claro";"Dupla";"Reta";"Rural";1;0;0;0;1;0;0;1
83432080;"15/01/16";"Sexta";"20:50:00";"SC";101;"211";"SAO JOSE";"Falta de atenção";"Colisão traseira";"Com Vítimas Feridas";"Plena noite";"Crescente";"Ignorada";"Simples";"Reta";"Urbano";5;0;0;2;3;0;2;4