"id";"data_inversa";"dia_semana";"horario";"uf";"br";"km";"municipio";"causa_acidente";"tipo_acidente";"classificacao_acidente";"fase_dia";"sentido_via";"condicao_metereologica";"tipo_pista";"tracado_via";"uso_solo";"pessoas";"mortos";"feridos_leves";"feridos_graves";"ilesos";"ignorados";"feridos";"veiculos"
83432082;"15/01/16";"Sexta";"21:30:00";"MG";365;"762";"ITUIUTABA";"Velocidade incompatível";"Tombamento";"Ignorado";"Plena noite";"Decrescente";"Nublado";"Simples";"Reta";"Rural";1;0;0;0;0;1;0;1
83432084;"21/01/16";"Quinta";"07:00:00";"PB";230;"118";"INGA";"Velocidade incompatível";"Saída de Pista";"Com Vítimas Feridas";"Pleno dia";"Decrescente";"Chuva";"Dupla";"Reta";"Urbano";1;0;1;0;0;0;1;1
83432085;"15/01/16";"Sexta";"01:20:00";"PE";116;"22";"SALGUEIRO";"Outras";"Capotamento";"Sem Vítimas";"Plena noite";"Crescente";"Chuva";"Simples";"Reta";"Rural";2;0;0;0;2;0;0;1
83432086;"21/01/16";"Quinta";"10:10:00";"ES";101;"270,5";"SERRA";"Defeito mecânico em veículo";"Queda de motocicleta / bicicleta / veículo";"Com Vítimas Feridas";"Pleno dia";"Decrescente";"Nublado";"Dupla";"Reta";"Rural";1;0;1;0;0;0;1;1
83432087;"21/01/16";"Quinta";"10:20:00";"MG";40;"43,9";"PARACATU";"Falta de atenção";"Colisão lateral";"Com Vítimas Feridas";"Pleno dia";"Crescente";"Nublado";"Simples";"Reta";"Urbano";3;0;1;1;1;0;2;2
83432089;"21/01/16";"Quinta";"08:10:00";"ES";101;"282";"CARIACICA";"Velocidade incompatível";"Colisão com objeto fixo";"Com Vítimas Feridas";"Pleno dia";"Decrescente";"Chuva";"Dupla";"Curva";"Urbano";1;0;1;0;0;0;1;1
83432090;"21/01/16";"Quinta";"09:30:00";"SC";101;"162,4";"TIJUCAS";"Outras";"Colisão Transversal";"Sem Vítimas";"Pleno dia";"Decrescente";"Sol";"Simples";"Reta";"Urbano";2;0;0;0;2;0;0;2
83432091;"21/01/16";"Quinta";"05:50:00";"ES";101;"270,8";"SERRA";"Animais na Pista";"Atropelamento de animal";"Com Vítimas Feridas";"Amanhecer";"Crescente";"Chuva";"Simples";"Reta";"Urbano";1;0;0;1;0;0;1;1
83432110;"21/01/16";"Quinta";"08:50:00";"RN";110;"55";"MOSSORO";"Desobediência à sinalização";"Colisão frontal";"Com Vítimas Feridas";"Pleno dia";"Crescente";"Nublado";"Simples";"Reta";"Rural";3;0;0;1;2;0;1;2
83432111;"21/01/16";"Quinta";"12:00:00";"PR";277;"585";"CASCAVEL";"Outras";"Colisão Transversal";"Com Vítimas Feridas";"Pleno dia";"Crescente";"Sol";"Simples";"Reta";"Urbano";2;0;1;0;1;0;1;2
83432113;"21/01/16";"Quinta";"12:15:00";"ES";101;"147,4";"LINHARES";"Outras";"Colisão traseira";"Com Vítimas Feridas";"Pleno dia";"Crescente";"Chuva";"Múltipla";"Reta";"Urbano";2;0;1;0;1;0;1;2
83432115;"13/01/16";"Quarta";"05:50:00";"BA";101;"217";"CRUZ DAS ALMAS";"Dormindo";"Saída de Pista";"Com Vítimas Feridas";"Amanhecer";"Crescente";"Nublado";"Simples";"Curva";"Rural";1;0;1;0;0;0;1;1
83432116;"20/01/16";"Quarta";"02:50:00";"PR";467;"95";"CASCAVEL";"Outras";"Capotamento";"Com Vítimas Feridas";"Plena noite";"Decrescente";"Ceu Claro";"Dupla";"Curva";"Rural";1;0;1;0;0;0;1;1
83432117;"18/01/16";"Segunda";"07:30:00";"SC";116;"245,6";"LAGES";"Falta de atenção";"Colisão Transversal";"Sem Vítimas";"Pleno dia";"Crescente";"Ceu Claro";"Simples";"Cruzamento";"Urbano";2;0;0;0;2;0;0;2
83432118;"21/01/16";"Quinta";"09:45:00";"PR";476;"119,5";"COLOMBO";"Falta de atenção";"Atropelamento de pessoa";"Com Vítimas Feridas";"Plena noite";"Crescente";"Sol";"Dupla";"Reta";"Urbano";2;0;1;0;1;0;1;1
83432119;"21/01/16";"Quinta";"12:05:00";"ES";101;"66";"SAO MATEUS";"Falta de atenção";"Colisão traseira";"Sem Vítimas";"Pleno dia";"Crescente";"Chuva";"Simples";"Reta";"Urbano";4;0;0;0;4;0;0;2
83432120;"15/01/16";"Sexta";"14:20:00";"RJ";40;"56";"PETROPOLIS";"Outras";"Tombamento";"Sem Vítimas";"Pleno dia";"Decrescente";"Chuva";"Simples";"Reta";"Urbano";1;0;0;0;1;0;0;1
83432121;"19/01/16";"Terça";"17:15:00";"PI";135;"235";"COLONIA DO GURGUEIA";"Outras";"Tombamento";"Sem Vítimas";"Anoitecer";"Decrescente";"Chuva";"Simples";"Reta";"Rural";1;0;0;0;1;0;0;1
83432124;"21/01/16";"Quinta";"14:21:00";"SP";116;"202,2";"ARUJA";"Defeito mecânico em veículo";"Incêndio";"Sem Vítimas";"Pleno dia";"Decrescente";"Ceu Claro";"Dupla";"Curva";"Urbano";1;0;0;0;1;0;0;1
83432125;"21/01/16";"Quinta";"13:35:00";"PR";369;"446,8";"UBIRATA";"Falta de atenção";"Colisão traseira";"Sem Vítimas";"Pleno dia";"Decrescente";"Sol";"Simples";"Reta";"Rural";3;0;0;0;3;0;0;3
83432126;"13/01/16";"Quarta";"09:00:00";"RJ";101;"297";"ITABORAI";"Outras";"Colisão com bicicleta";"Com Vítimas Feridas";"Pleno dia";"Decrescente";"Chuva";"Dupla";"Curva";"Urbano";2;0;1;0;0;1;1;2
83432127;"16/01/16";"Sábado";"05:20:00";"RJ";40;"54";"PETROPOLIS";"Outras";"Capotamento";"Sem Vítimas";"Amanhecer";"Decrescente";"Chuva";"Simples";"Reta";"Urbano";1;0;0;0;1;0;0;1
83432128;"21/01/16";"Quinta";"12:30:00";"MG";262;"631,8";"IBIA";"Defeito na via";"Capotamento";"Com Vítimas Feridas";"Pleno dia";"Crescente";"Nublado";"Simples";"Cruzamento";"Rural";2;0;2;0;0;0;2;1
83432129;"21/01/16";"Quinta";"10:30:00";"RN";226;"89,2";"TANGARA";"Outras";"Capotamento";"Com Vítimas Feridas";"Pleno dia";"Decrescente";"Chuva";"Simples";"Curva";"Rural";2;0;2;0;0;0;2;1
83432130;"21/01/16";"Quinta";"10:40:00";"MT";163;"30,7";"ITIQUIRA";"Falta de atenção";"Capotamento";"Com Vítimas Feridas";"Pleno dia";"Decrescente";"Ceu Claro";"Dupla";"Reta";"Rural";2;0;2;0;0;0;2;1
83432131;"21/01/16";"Quinta";"10:10:00";"RS";116;"314,5";"GUAIBA";"Falta de atenção";"Colisão traseira";"Com Vítimas Feridas";"Pleno dia";"Decrescente";"Ceu Claro";"Simples";"Reta";"Rural";3;0;1;0;2;0;1;2
83432133;"21/01/16";"Quinta";"11:40:00";"BA";116;"15,5";"VITORIA DA CONQUISTA";"Outras";"Saída de Pista";"Com Vítimas Feridas";"Pleno dia";"Crescente";"Chuva";"Simples";"Cruzamento";"Urbano";1;0;1;0;0;0;1;1
83432134;"21/01/16";"Quinta";"07:30:00";"BA";101;"552";"ARATACA";"Outras";"Capotamento";"Com Vítimas Feridas";"Pleno dia";"Decrescente";"Chuva";"Simples";"Curva";"Rural";2;0;0;1;1;0;1;1
83432136;"21/01/16";"Quinta";"12:15:00";"MG";40;"678,8";"RESSAQUINHA";"Velocidade incompatível";"Saída de Pista";"Com Vítimas Feridas";"Pleno dia";"Decrescente";"Chuva";"Simples";"Curva";"Rural";2;0;0;2;0;0;2;1
83432138;"21/01/16";"Quinta";"11:45:00";"BA";242;"367";"PALMEIRAS";"Outras";"Saída de Pista";"Com Vítimas Feridas";"Pleno dia";"Decrescente";"Chuva";"Simples";"Curva";"Rural";1;0;1;0;0;0;1;1
83432139;"21/01/16";"Quinta";"15:30:00";"MT";364;"56,5";"ALTO GARCAS";"Dormindo";"Capotamento";"Sem Vítimas";"Pleno dia";"Crescente";"Ceu Claro";"Simples";"Reta";"Urbano";1;0;0;0;1;0;0;1
83432140;"21/01/16";"Quinta";"15:20:00";"RS";470;"216";"BENTO GONCALVES";"Falta de atenção";"Colisão traseira";"Sem Vítimas";"Pleno dia";"Crescente";"Sol";"Dupla";"Curva";"Urbano";2;0;0;0;1;1;0;2
83432141;"21/01/16";"Quinta";"17:40:00";"RS";116;"147,4";"CAXIAS DO SUL";"Não guardar distância de segurança";"Colisão lateral";"Sem Vítimas";"Pleno dia";"Crescente";"Chuva";"Múltipla";"Reta";"Urbano";2;0;0;0;2;0;0;2
83432142;"21/01/16";"Quinta";"11:10:00";"PI";316;"370,7";"VILA NOVA DO PIAUI";"Falta de atenção";"Capotamento";"Com Vítimas Feridas";"Pleno dia";"Crescente";"Chuva";"Simples";"Curva";"Rural";3;0;2;0;1;0;2;1
83432144;"21/01/16";"Quinta";"05:45:00";"MG";365;"771,2";"ITUIUTABA";"Animais na Pista";"Capotamento";"Sem Vítimas";"Amanhecer";"Crescente";"Chuva";"Simples";"Reta";"Rural";1;0;0;0;1;0;0;1
83432145;"21/01/16";"Quinta";"11:40:00";"BA";242;"623";"MUQUEM DO SAO FRANCISCO";"Outras";"Saída de Pista";"Sem Vítimas";"Pleno dia";"Crescente";"Chuva";"Simples";"Reta";"Rural";1;0;0;0;1;0;0;1
83432146;"21/01/16";"Quinta";"13:30:00";"MG";267;"371,2";"CAMPANHA";"Defeito mecânico em veículo";"Saída de Pista";"Com Vítimas Feridas";"Pleno dia";"Crescente";"Ceu Claro";"Simples";"Curva";"Rural";1;0;1;0;0;0;1;1
83432147;"21/01/16";"Quinta";"08:20:00";"MG";267;"87,2";"JUIZ DE FORA";"Outras";"Saída de Pista";"Sem Vítimas";"Pleno dia";"Crescente";"Chuva";"Simples";"Curva";"Rural";1;0;0;0;1;0;0;1
83432148;"21/01/16";"Quinta";"15:00:00";"MT";70;"0,5";"BARRA DO GARCAS";"Falta de atenção";"Colisão Transversal";"Com Vítimas Feridas";"Pleno dia";"Decrescente";"Sol";"Simples";"Reta";"Urbano";4;0;2;1;1;0;3;3
83432149;"21/01/16";"Quinta";"07:20:00";"GO";40;"1,5";"VALPARAISO DE GOIAS";"Desobediência à sinalização";"Colisão traseira";"Com Vítimas Feridas";"Pleno dia";"Decrescente";"Nublado";"Dupla";"Reta";"Urbano";2;0;1;0;1;0;1;2
83432150;"21/01/16";"Quinta";"10:25:00";"SP";116;"229";"SAO PAULO";"Falta de atenção";"Colisão lateral";"Com Vítimas Feridas";"Pleno dia";"Crescente";"Ceu Claro";"Múltipla";"Reta";"Urbano";2;0;1;0;1;0;1;2
83432151;"21/01/16";"Quinta";"15:40:00";"MG";381;"791,8";"SAO GONCALO DO SAPUCAI";"Velocidade incompatível";"Tombamento";"Sem Vítimas";"Pleno dia";"Decrescente";"Nublado";"Dupla";"Curva";"Rural";1;0;0;0;1;0;0;1
83432152;"21/01/16";"Quinta";"13:30:00";"RJ";101;"324";"NITEROI";"Outras";"Colisão traseira";"Com Vítimas Feridas";"Pleno dia";"Decrescente";"Ceu Claro";"Dupla";"Reta";"Urbano";3;0;2;0;1;0;2;2
83432153;"21/01/16";"Quinta";"10:50:00";"AC";364;"160";"BUJARI";"Falta de atenção";"Saída de Pista";"Com Vítimas Feridas";"Pleno dia";"Decrescente";"Ceu Claro";"Simples";"Reta";"Rural";2;0;1;0;1;0;1;1
83432154;"17/01/16";"Domingo";"19:05:00";"MS";262;"104,5";"AGUA CLARA";"Defeito na via";"Saída de Pista";"Sem Vítimas";"Anoitecer";"Decrescente";"Ceu Claro";"Simples";"Reta";"Rural";1;0;0;0;1;0;0;1
83432155;"21/01/16";"Quinta";"15:45:00";"RJ";101;"67,9";"CAMPOS DOS GOYTACAZES";"Não guardar distância de segurança";"Colisão traseira";"Com Vítimas Feridas";"Pleno dia";"Decrescente";"Nublado";"Simples";"Reta";"Rural";6;0;1;0;3;2;1;3
83432156;"21/01/16";"Quinta";"14:50:00";"MS";163;"267";"DOURADOS";"Falta de atenção";"Colisão traseira";"Sem Vítimas";"Pleno dia";"Decrescente";"Sol";"Dupla";"Reta";"Rural";2;0;0;0;2;0;0;2
83432157;"21/01/16";"Quinta";"11:30:00";"RS";116;"348,9";"TAPES";"Ultrapassagem indevida";"Saída de Pista";"Com Vítimas Fatais";"Pleno dia";"Crescente";"Ceu Claro";"Simples";"Reta";"Rural";4;1;0;2;1;0;2;1
83432158;"21/01/16";"Quinta";"10:00:00";"MS";262;"136";"AGUA CLARA";"Ultrapassagem indevida";"Saída de Pista";"Com Vítimas Feridas";"Pleno dia";"Decrescente";"Ceu Claro";"Simples";"Reta";"Rural";2;0;1;1;0;0;2;1
83432159;"21/01/16";"Quinta";"16:30:00";"GO";153;"85,5";"SANTA TEREZA DE GOIAS";"Desobediência à sinalização";"Colisão frontal";"Sem Vítimas";"Pleno dia";"Decrescente";"Chuva";"Simples";"Reta";"Rural";3;0;0;0;3;0;0;2
83432160;"17/01/16";"Domingo";"15:00:00";"SC";101;"205";"SAO JOSE";"Falta de atenção";"Colisão lateral";"Com Vítimas Feridas";"Pleno dia";"Crescente";"Sol";"Dupla";"Reta";"Urbano";2;0;1;0;1;0;1;2
83432161;"21/01/16";"Quinta";"15:00:00";"RJ";116;"140";"DUQUE DE CAXIAS";"Outras";"Atropelamento de pessoa";"Com Vítimas Feridas";"Pleno dia";"Crescente";"Nublado";"Dupla";"Reta";"Urbano";2;0;1;0;1;0;1;1
83432162;"21/01/16";"Quinta";"08:55:00";"MG";40;"137,7";"JOAO PINHEIRO";"Defeito mecânico em veículo";"Saída de Pista";"Sem Vítimas";"Pleno dia";"Decrescente";"Nublado";"Simples";"Curva";"Rural";4;0;0;0;4;0;0;1
83432163;"21/01/16";"Quinta";"13:35:00";"SC";280;"49";"GUARAMIRIM";"Falta de atenção";"Colisão traseira";"Com Vítimas Feridas";"Pleno dia";"Crescente";"Nublado";"Simples";"Reta";"Rural";2;0;1;0;1;0;1;2
83432164;"21/01/16";"Quinta";"09:20:00";"RO";364;"167,3";"PIMENTA BUENO";"Outras";"Colisão frontal";"Com Vítimas Feridas";"Pleno dia";"Decrescente";"Sol";"Simples";"Reta";"Rural";4;0;0;2;2;0;2;3
83432165;"21/01/16";"Quinta";"16:55:00";"RS";116;"257";"ESTEIO";"Outras";"Colisão traseira";"Sem Vítimas";"Pleno dia";"Decrescente";"Ceu Claro";"Múltipla";"Curva";"Urbano";3;0;0;0;3;0;0;3
83432167;"21/01/16";"Quinta";"15:00:00";"MA";135;"16";"SAO LUIS";"Falta de atenção";"Colisão traseira";"Sem Vítimas";"Pleno dia";"Crescente";"Nublado";"Dupla";"Reta";"Rural";2;0;0;0;2;0;0;2
83432168;"21/01/16";"Quinta";"15:15:00";"PR";376;"183,3";"SARANDI";"Não guardar distância de segurança";"Colisão traseira";"Com Vítimas Feridas";"Pleno dia";"Decrescente";"Ceu Claro";"Dupla";"Reta";"Urbano";3;0;1;0;2;0;1;3
83432169;"21/01/16";"Quinta";"16:40:00";"MA";316;"335";"BACABAL";"Animais na Pista";"Tombamento";"Sem Vítimas";"Pleno dia";"Decrescente";"Chuva";"Simples";"Reta";"Rural";1;0;0;0;1;0;0;1
83432170;"21/01/16";"Quinta";"07:10:00";"SC";282;"573,4";"VARGEAO";"Ultrapassagem indevida";"Queda de motocicleta / bicicleta / veículo";"Com Vítimas Feridas";"Pleno dia";"Decrescente";"Ceu Claro";"Simples";"Reta";"Rural";2;0;1;1;0;0;2;1
83432171;"21/01/16";"Quinta";"17:30:00";"SC";282;"499,9";"XANXERE";"Falta de atenção";"Colisão Transversal";"Sem Vítimas";"Pleno dia";"Decrescente";"Ceu Claro";"Dupla";"Cruzamento";"Urbano";3;0;0;0;3;0;0;2
83432172;"21/01/16";"Quinta";"10:40:00";"MG";116;"276,3";"TEOFILO OTONI";"Falta de atenção";"Colisão lateral";"Sem Vítimas";"Pleno dia";"Decrescente";"Chuva";"Simples";"Reta";"Urbano";2;0;0;0;2;0;0;2
83432173;"21/01/16";"Quinta";"09:00:00";"RJ";101;"334";"RIO DE JANEIRO";"Outras";"Queda de motocicleta / bicicleta / veículo";"Com Vítimas Feridas";"Pleno dia";"Decrescente";"Nublado";"Dupla";"Reta";"Urbano";1;0;1;0;0;0;1;1
83432174;"21/01/16";"Quinta";"09:40:00";"CE";222;"2";"FORTALEZA";"Falta de atenção";"Colisão lateral";"Sem Vítimas";"Pleno dia";"Crescente";"Ceu Claro";"Dupla";"Reta";"Urbano";2;0;0;0;2;0;0;2
83432175;"21/01/16";"Quinta";"16:30:00";"PE";101;"68,2";"RECIFE";"Não guardar distância de segurança";"Colisão traseira";"Sem Vítimas";"Pleno dia";"Decrescente";"Nublado";"Múltipla";"Reta";"Urbano";2;0;0;0;2;0;0;2
83432176;"18/01/16";"Segunda";"18:00:00";"PR";163;"246";"TOLEDO";"Defeito mecânico em veículo";"Colisão traseira";"Sem Vítimas";"Pleno dia";"Decrescente";"Sol";"Simples";"Reta";"Rural";6;0;0;0;6;0;0;3
83432177;"21/01/16";"Quinta";"10:50:00";"PE";104;"134,5";"QUIPAPA";"Velocidade incompatível";"Colisão frontal";"Sem Vítimas";"Pleno dia";"Decrescente";"Chuva";"Simples";"Curva";"Rural";3;0;0;0;3;0;0;2
83432178;"21/01/16";"Quinta";"18:10:00";"SC";280;"128";"RIO NEGRINHO";"Não guardar distância de segurança";"Colisão traseira";"Sem Vítimas";"Pleno dia";"Crescente";"Sol";"Simples";"Reta";"Urbano";2;0;0;0;2;0;0;2
83432179;"21/01/16";"Quinta";"08:10:00";"CE";222;"214,2";"SOBRAL";"Outras";"Colisão frontal";"Com Vítimas Feridas";"Pleno dia";"Crescente";"Chuva";"Simples";"Curva";"Rural";2;0;0;1;1;0;1;2
83432180;"21/01/16";"Quinta";"08:20:00";"ES";101;"14";"PEDRO CANARIO";"Velocidade incompatível";"Capotamento";"Com Vítimas Feridas";"Pleno dia";"Crescente";"Chuva";"Dupla";"Curva";"Rural";3;0;3;0;0;0;3;1
83432181;"21/01/16";"Quinta";"16:00:00";"RS";116;"142,9";"CAXIAS DO SUL";"Falta de atenção";"Colisão lateral";"Sem Vítimas";"Pleno dia";"Crescente";"Ceu Claro";"Dupla";"Reta";"Urbano";2;0;0;0;2;0;0;2
83432183;"21/01/16";"Quinta";"15:40:00";"BA";101;"544";"SAO JOSE DA VITORIA";"Outras";"Capotamento";"Sem Vítimas";"Pleno dia";"Decrescente";"Chuva";"Simples";"Curva";"Rural";1;0;0;0;1;0;0;1
83432184;"21/01/16";"Quinta";"14:40:00";"PE";101;"64";"RECIFE";"Não guardar distância de segurança";"Colisão traseira";"Com Vítimas Feridas";"Pleno dia";"Decrescente";"Nublado";"Dupla";"Reta";"Urbano";4;0;0;1;2;1;1;4
83432185;"21/01/16";"Quinta";"18:55:00";"MG";50;"178";"UBERABA";"Outras";"Queda de motocicleta / bicicleta / veículo";"Com Vítimas Feridas";"Pleno dia";"Crescente";"Nublado";"Dupla";"Reta";"Urbano";1;0;1;0;0;0;1;1
83432187;"21/01/16";"Quinta";"17:30:00";"SP";116;"145,8";"SAO JOSE DOS CAMPOS";"Outras";"Colisão traseira";"Sem Vítimas";"Pleno dia";"Decrescente";"Ceu Claro";"Dupla";"Reta";"Urbano";3;0;0;0;3;0;0;3
83432188;"21/01/16";"Quinta";"18:00:00";"SP";116;"145,8";"SAO JOSE DOS CAMPOS";"Outras";"Colisão traseira";"Sem Vítimas";"Pleno dia";"Decrescente";"Ceu Claro";"Dupla";"Reta";"Rural";2;0;0;0;2;0;0;2
83432189;"21/01/16";"Quinta";"18:30:00";"SP";116;"145,8";"SAO JOSE DOS CAMPOS";"Outras";"Colisão traseira";"Sem Vítimas";"Pleno dia";"Decrescente";"Ceu Claro";"Dupla";"Reta";"Urbano";2;0;0;0;2;0;0;2
83432190;"21/01/16";"Quinta";"17:00:00";"SC";101;"145";"BALNEARIO CAMBORIU";"Não guardar distância de segurança";"Colisão traseira";"Sem Vítimas";"Pleno dia";"Decrescente";"Sol";"Dupla";"Reta";"Urbano";3;0;0;0;3;0;0;3
83432192;"17/01/16";"Domingo";"23:00:00";"AL";101;"75";"RIO LARGO";"Ingestão de álcool";"Colisão traseira";"Sem Vítimas";"Plena noite";"Crescente";"Nublado";"Simples";"Reta";"Rural";3;0;0;0;3;0;0;3
83432193;"17/01/16";"Domingo";"20:30:00";"MG";116;"273";"TEOFILO OTONI";"Falta de atenção";"Colisão frontal";"Com Vítimas Feridas";"Plena noite";"Decrescente";"Chuva";"Simples";"Reta";"Urbano";6;0;0;5;1;0;5;2
83432194;"21/01/16";"Quinta";"18:45:00";"MG";116;"595,9";"MANHUACU";"Falta de atenção";"Saída de Pista";"Sem Vítimas";"Anoitecer";"Crescente";"Nublado";"Simples";"Curva";"Rural";1;0;0;0;1;0;0;1
83432195;"21/01/16";"Quinta";"04:40:00";"MG";50;"138,1";"UBERABA";"Outras";"Saída de Pista";"Sem Vítimas";"Plena noite";"Decrescente";"Ignorada";"Dupla";"Reta";"Rural";1;0;0;0;1;0;0;1
83432196;"21/01/16";"Quinta";"14:40:00";"MG";40;"507,4";"RIBEIRAO DAS NEVES";"Não guardar distância de segurança";"Colisão traseira";"Com Vítimas Feridas";"Pleno dia";"Decrescente";"Ceu Claro";"Dupla";"Reta";"Urbano";3;0;1;0;2;0;1;3
83432197;"17/01/16";"Domingo";"15:50:00";"ES";101;"293,1";"CARIACICA";"Ingestão de álcool";"Colisão traseira";"Sem Vítimas";"Pleno dia";"Crescente";"Chuva";"Dupla";"Reta";"Urbano";2;0;0;0;2;0;0;2
83432198;"21/01/16";"Quinta";"18:45:00";"RS";116;"524,3";"PELOTAS";"Outras";"Colisão Transversal";"Com Vítimas Feridas";"Pleno dia";"Crescente";"Ceu Claro";"Simples";"Reta";"Urbano";2;0;1;0;1;0;1;2
83432199;"21/01/16";"Quinta";"09:00:00";"GO";364;"294,5";"MINEIROS";"Falta de atenção";"Colisão lateral";"Com Vítimas Feridas";"Pleno dia";"Decrescente";"Ceu Claro";"Simples";"Reta";"Urbano";5;0;3;0;2;0;3;3
83432200;"21/01/16";"Quinta";"10:55:00";"PB";230;"25,5";"JOAO PESSOA";"Falta de atenção";"Colisão traseira";"Com Vítimas Feridas";"Pleno dia";"Decrescente";"Sol";"Dupla";"Reta";"Urbano";2;0;1;0;1;0;1;2
83432201;"21/01/16";"Quinta";"09:30:00";"BA";116;"461";"SANTO ESTEVAO";"Falta de atenção";"Colisão traseira";"Sem Vítimas";"Pleno dia";"Crescente";"Nublado";"Simples";"Reta";"Rural";3;0;0;0;3;0;0;3
83432202;"21/01/16";"Quinta";"10:50:00";"RJ";116;"107";"GUAPIMIRIM";"Desobediência à sinalização";"Colisão com bicicleta";"Com Vítimas Feridas";"Pleno dia";"Decrescente";"Chuva";"Simples";"Reta";"Urbano";2;0;0;1;1;0;1;2
83432203;"21/01/16";"Quinta";"18:55:00";"MT";364;"209";"RONDONOPOLIS";"Defeito na via";"Saída de Pista";"Sem Vítimas";"Anoitecer";"Crescente";"Ceu Claro";"Dupla";"Reta";"Urbano";1;0;0;0;1;0;0;1
83432204;"21/01/16";"Quinta";"15:10:00";"GO";60;"322";"ACREUNA";"Falta de atenção";"Capotamento";"Com Vítimas Feridas";"Pleno dia";"Decrescente";"Ceu Claro";"Dupla";"Reta";"Rural";2;0;0;2;0;0;2;1
83432205;"21/01/16";"Quinta";"19:25:00";"GO";60;"181,7";"ABADIA DE GOIAS";"Defeito mecânico em veículo";"Saída de Pista";"Com Vítimas Feridas";"Pleno dia";"Crescente";"Chuva";"Dupla";"Reta";"Rural";1;0;1;0;0;0;1;1
83432206;"21/01/16";"Quinta";"16:15:00";"TO";153;"736,5";"ALVORADA";"Outras";"Colisão traseira";"Com Vítimas Feridas";"Pleno dia";"Decrescente";"Chuva";"Simples";"Reta";"Rural";3;0;1;0;2;0;1;3
83432207;"21/01/16";"Quinta";"09:10:00";"RS";290;"123,9";"ELDORADO DO SUL";"Falta de atenção";"Colisão traseira";"Sem Vítimas";"Pleno dia";"Crescente";"Ceu Claro";"Simples";"Reta";"Rural";2;0;0;0;2;0;0;2
83432208;"21/01/16";"Quinta";"18:20:00";"RN";304;"27,6";"MOSSORO";"Outras";"Atropelamento de animal";"Sem Vítimas";"Plena noite";"Crescente";"Chuva";"Simples";"Reta";"Urbano";1;0;0;0;1;0;0;1
83432209;"21/01/16";"Quinta";"14:10:00";"BA";116;"672,3";"JEQUIE";"Falta de atenção";"Colisão Transversal";"Com Vítimas Feridas";"Pleno dia";"Crescente";"Chuva";"Simples";"Reta";"Urbano";2;0;1;0;1;0;1;2
83432211;"17/01/16";"Domingo";"08:30:00";"RJ";40;"53";"PETROPOLIS";"Velocidade incompatível";"Tombamento";"Com Vítimas Feridas";"Pleno dia";"Crescente";"Chuva";"Dupla";"Curva";"Urbano";1;0;0;1;0;0;1;1
83432212;"21/01/16";"Quinta";"09:00:00";"SC";282;"16,4";"PALHOCA";"Outras";"Colisão com objeto móvel";"Sem Vítimas";"Pleno dia";"Decrescente";"Ceu Claro";"Simples";"Reta";"Urbano";4;0;0;0;4;0;0;2
83432213;"21/01/16";"Quinta";"18:00:00";"MS";163;"340,3";"RIO BRILHANTE";"Ingestão de álcool";"Capotamento";"Com Vítimas Feridas";"Pleno dia";"Decrescente";"Ceu Claro";"Simples";"Reta";"Urbano";1;0;1;0;0;0;1;1
83432214;"21/01/16";"Quinta";"15:30:00";"MS";163;"618";"SAO GABRIEL DO OESTE";"Falta de atenção";"Colisão Transversal";"Sem Vítimas";"Pleno dia";"Decrescente";"Ceu Claro";"Simples";"Reta";"Rural";3;0;0;0;3;0;0;2
83432215;"21/01/16";"Quinta";"16:31:00";"RN";101;"107,7";"PARNAMIRIM";"Não guardar distância de segurança";"Colisão traseira";"Com Vítimas Feridas";"Pleno dia";"Decrescente";"Nublado";"Dupla";"Cruzamento";"Urbano";3;0;3;0;0;0;3;2
83432216;"21/01/16";"Quinta";"19:00:00";"PE";101;"41,6";"IGARASSU";"Falta de atenção";"Colisão lateral";"Sem Vítimas";"Plena noite";"Crescente";"Nublado";"Dupla";"Reta";"Urbano";3;0;0;0;2;1;0;3
83432217;"21/01/16";"Quinta";"12:30:00";"MS";163;"387";"NOVA ALVORADA DO SUL";"Outras";"Colisão lateral";"Sem Vítimas";"Pleno dia";"Decrescente";"Ceu Claro";"Simples";"Reta";"Rural";2;0;0;0;2;0;0;2
83432218;"21/01/16";"Quinta";"11:10:00";"MA";230;"405";"BALSAS";"Falta de atenção";"Colisão Transversal";"Com Vítimas Feridas";"Pleno dia";"Crescente";"Ceu Claro";"Simples";"Reta";"Urbano";2;0;0;1;1;0;1;2
83432219;"21/01/16";"Quinta";"17:25:00";"SC";470;"171";"POUSO REDONDO";"Falta de atenção";"Colisão lateral";"Com Vítimas Feridas";"Pleno dia";"Decrescente";"Sol";"Simples";"Reta";"Urbano";3;0;2;0;1;0;2;2
83432220;"21/01/16";"Quinta";"12:10:00";"SE";101;"77,5";"LARANJEIRAS";"Outras";"Capotamento";"Com Vítimas Feridas";"Pleno dia";"Crescente";"Nublado";"Dupla";"Cruzamento";"Rural";1;0;1;0;0;0;1;1
83432222;"18/01/16";"Segunda";"01:15:00";"MG";381;"937";"EXTREMA";"Dormindo";"Saída de Pista";"Sem Vítimas";"Plena noite";"Crescente";"Nublado";"Dupla";"Reta";"Rural";1;0;0;0;1;0;0;1
83432223;"14/01/16";"Quinta";"01:35:00";"PR";376;"121,5";"ALTO PARANA";"Desobediência à sinalização";"Atropelamento de pessoa";"Com Vítimas Fatais";"Plena noite";"Decrescente";"Ceu Claro";"Simples";"Reta";"Rural";2;1;0;0;1;0;0;1
83432224;"21/01/16";"Quinta";"19:00:00";"GO";60;"94";"ANAPOLIS";"Falta de atenção";"Colisão lateral";"Sem Vítimas";"Plena noite";"Decrescente";"Ceu Claro";"Dupla";"Cruzamento";"Urbano";2;0;0;0;2;0;0;2