"id";"data_inversa";"dia_semana";"horario";"uf";"br";"km";"municipio";"causa_acidente";"tipo_acidente";"classificacao_acidente";"fase_dia";"sentido_via";"condicao_metereologica";"tipo_pista";"tracado_via";"uso_solo";"pessoas";"mortos";"feridos_leves";"feridos_graves";"ilesos";"ignorados";"feridos";"veiculos"
83432225;"21/01/16";"Quinta";"11:45:00";"PR";277;"42,5";"MORRETES";"Defeito mecânico em veículo";"Saída de Pista";"Sem Vítimas";"Pleno dia";"Crescente";"Ceu Claro";"Dupla";"Reta";"Rural";1;0;0;0;1;0;0;1
83432226;"21/01/16";"Quinta";"14:00:00";"SC";282;"387,4";"JOACABA";"Dormindo";"Colisão frontal";"Com Vítimas Feridas";"Pleno dia";"Crescente";"Ceu Claro";"Simples";"Reta";"Urbano";2;0;1;0;1;0;1;2
83432227;"21/01/16";"Quinta";"17:30:00";"PB";230;"17";"JOAO PESSOA";"Falta de atenção";"Colisão lateral";"Com Vítimas Feridas";"Anoitecer";"Crescente";"Ceu Claro";"Dupla";"Curva";"Urbano";2;0;1;0;1;0;1;2
83432228;"21/01/16";"Quinta";"16:45:00";"MG";365;"21";"MONTES CLAROS";"Dormindo";"Saída de Pista";"Com Vítimas Feridas";"Pleno dia";"Decrescente";"Nublado";"Simples";"Curva";"Rural";1;0;1;0;0;0;1;1
83432229;"21/01/16";"Quinta";"13:30:00";"PB";230;"123";"RIACHAO DO BACAMARTE";"Dormindo";"Saída de Pista";"Com Vítimas Feridas";"Pleno dia";"Decrescente";"Nublado";"Dupla";"Curva";"Rural";1;0;1;0;0;0;1;1
83432230;"21/01/16";"Quinta";"07:00:00";"PA";10;"115";"PARAGOMINAS";"Falta de atenção";"Saída de Pista";"Com Vítimas Feridas";"Pleno dia";"Decrescente";"Ceu Claro";"Simples";"Reta";"Rural";1;0;1;0;0;0;1;1
83432231;"21/01/16";"Quinta";"14:15:00";"SC";282;"388";"JOACABA";"Falta de atenção";"Colisão Transversal";"Sem Vítimas";"Pleno dia";"Crescente";"Ceu Claro";"Simples";"Reta";"Urbano";2;0;0;0;2;0;0;2
83432232;"14/01/16";"Quinta";"09:40:00";"PR";277;"328";"GUARAPUAVA";"Falta de atenção";"Colisão traseira";"Sem Vítimas";"Pleno dia";"Crescente";"Ceu Claro";"Simples";"Reta";"Rural";2;0;0;0;2;0;0;2
83432233;"21/01/16";"Quinta";"16:00:00";"MT";364;"349";"SANTO ANTONIO DO LEVERGER";"Outras";"Colisão traseira";"Com Vítimas Feridas";"Pleno dia";"Crescente";"Ceu Claro";"Dupla";"Curva";"Rural";4;0;2;0;2;0;2;4
83432234;"21/01/16";"Quinta";"19:30:00";"PE";232;"59,9";"POMBOS";"Outras";"Atropelamento de pessoa";"Com Vítimas Fatais";"Plena noite";"Decrescente";"Nublado";"Dupla";"Reta";"Urbano";2;1;0;1;0;0;1;1
83432235;"21/01/16";"Quinta";"18:20:00";"RS";158;"239,5";"TUPANCIRETA";"Ultrapassagem indevida";"Saída de Pista";"Com Vítimas Feridas";"Pleno dia";"Crescente";"Sol";"Simples";"Curva";"Rural";2;0;2;0;0;0;2;1
83432236;"21/01/16";"Quinta";"19:20:00";"SC";280;"263,5";"CANOINHAS";"Outras";"Colisão frontal";"Com Vítimas Feridas";"Pleno dia";"Crescente";"Sol";"Simples";"Reta";"Rural";3;0;0;2;1;0;2;2
83432237;"17/01/16";"Domingo";"19:50:00";"RS";392;"2";"RIO GRANDE";"Ingestão de álcool";"Colisão lateral";"Sem Vítimas";"Pleno dia";"Decrescente";"Sol";"Simples";"Reta";"Urbano";7;0;0;0;7;0;0;2
83432238;"19/01/16";"Terça";"03:55:00";"RJ";116;"222";"PIRAI";"Outras";"Colisão traseira";"Sem Vítimas";"Plena noite";"Decrescente";"Chuva";"Simples";"Curva";"Rural";2;0;0;0;2;0;0;2
83432240;"17/01/16";"Domingo";"17:00:00";"MG";381;"489";"BETIM";"Velocidade incompatível";"Colisão com objeto fixo";"Com Vítimas Feridas";"Pleno dia";"Crescente";"Chuva";"Dupla";"Reta";"Urbano";2;0;0;1;1;0;1;1
83432242;"21/01/16";"Quinta";"16:40:00";"RO";364;"239,3";"CACOAL";"Outras";"Colisão lateral";"Com Vítimas Feridas";"Pleno dia";"Decrescente";"Ceu Claro";"Simples";"Curva";"Urbano";2;0;1;0;1;0;1;2
83432243;"21/01/16";"Quinta";"15:15:00";"TO";153;"131";"ARAGUAINA";"Velocidade incompatível";"Colisão frontal";"Sem Vítimas";"Pleno dia";"Crescente";"Chuva";"Simples";"Reta";"Urbano";2;0;0;0;2;0;0;2
83432244;"21/01/16";"Quinta";"22:20:00";"BA";324;"5";"FEIRA DE SANTANA";"Defeito na via";"Capotamento";"Sem Vítimas";"Plena noite";"Crescente";"Chuva";"Dupla";"Reta";"Urbano";1;0;0;0;1;0;0;1
83432246;"21/01/16";"Quinta";"20:40:00";"GO";20;"30";"FORMOSA";"Outras";"Atropelamento de pessoa";"Com Vítimas Feridas";"Plena noite";"Decrescente";"Nublado";"Simples";"Reta";"Rural";2;0;1;0;1;0;1;1
83432247;"21/01/16";"Quinta";"11:00:00";"AL";101;"13,1";"NOVO LINO";"Outras";"Tombamento";"Com Vítimas Feridas";"Pleno dia";"Crescente";"Chuva";"Dupla";"Curva";"Urbano";1;0;1;0;0;0;1;1
83432248;"21/01/16";"Quinta";"08:00:00";"PI";343;"596,5";"FLORIANO";"Desobediência à sinalização";"Colisão lateral";"Com Vítimas Feridas";"Pleno dia";"Decrescente";"Sol";"Dupla";"Reta";"Urbano";2;0;0;1;0;1;1;2
83432249;"21/01/16";"Quinta";"20:00:00";"RO";364;"602";"CANDEIAS DO JAMARI";"Defeito na via";"Saída de Pista";"Sem Vítimas";"Plena noite";"Decrescente";"Nublado";"Dupla";"Reta";"Rural";4;0;0;0;4;0;0;1
83432250;"21/01/16";"Quinta";"16:15:00";"MT";364;"591,5";"DIAMANTINO";"Outras";"Tombamento";"Com Vítimas Feridas";"Pleno dia";"Decrescente";"Ceu Claro";"Simples";"Reta";"Rural";1;0;1;0;0;0;1;1
83432251;"18/01/16";"Segunda";"01:10:00";"DF";20;"14";"BRASILIA";"Velocidade incompatível";"Saída de Pista";"Com Vítimas Feridas";"Plena noite";"Crescente";"Nublado";"Dupla";"Reta";"Rural";2;0;2;0;0;0;2;1
83432252;"21/01/16";"Quinta";"11:50:00";"ES";101;"266";"SERRA";"Outras";"Atropelamento de pessoa";"Com Vítimas Feridas";"Pleno dia";"Crescente";"Nublado";"Múltipla";"Reta";"Urbano";3;0;2;0;0;1;2;1
83432253;"21/01/16";"Quinta";"15:55:00";"RO";364;"239,1";"CACOAL";"Falta de atenção";"Colisão Transversal";"Com Vítimas Feridas";"Pleno dia";"Decrescente";"Ceu Claro";"Simples";"Reta";"Urbano";2;0;1;0;1;0;1;2
83432254;"17/01/16";"Domingo";"13:30:00";"ES";262;"51";"MARECHAL FLORIANO";"Outras";"Colisão frontal";"Com Vítimas Feridas";"Pleno dia";"Decrescente";"Chuva";"Simples";"Curva";"Rural";2;0;1;0;1;0;1;2
83432255;"21/01/16";"Quinta";"01:00:00";"SP";381;"46";"ATIBAIA";"Outras";"Colisão com objeto fixo";"Sem Vítimas";"Plena noite";"Decrescente";"Nublado";"Dupla";"Reta";"Urbano";1;0;0;0;1;0;0;1
83432256;"21/01/16";"Quinta";"19:45:00";"PR";376;"253";"CALIFORNIA";"Outras";"Colisão com objeto móvel";"Sem Vítimas";"Pleno dia";"Decrescente";"Sol";"Simples";"Reta";"Rural";3;0;0;0;1;2;0;3
83432257;"21/01/16";"Quinta";"21:30:00";"PI";316;"1,3";"TERESINA";"Desobediência à sinalização";"Colisão Transversal";"Com Vítimas Feridas";"Plena noite";"Crescente";"Nublado";"Dupla";"Cruzamento";"Urbano";2;0;0;1;0;1;1;2
83432258;"21/01/16";"Quinta";"20:00:00";"BA";101;"544";"SAO JOSE DA VITORIA";"Outras";"Capotamento";"Sem Vítimas";"Plena noite";"Decrescente";"Chuva";"Simples";"Curva";"Rural";1;0;0;0;1;0;0;1
83432259;"09/01/16";"Sábado";"20:50:00";"CE";20;"415";"MARACANAU";"Ingestão de álcool";"Colisão frontal";"Com Vítimas Feridas";"Plena noite";"Decrescente";"Ceu Claro";"Simples";"Reta";"Urbano";2;0;1;0;1;0;1;2
83432260;"21/01/16";"Quinta";"06:20:00";"RJ";116;"170";"SAO JOAO DE MERITI";"Outras";"Incêndio";"Sem Vítimas";"Pleno dia";"Decrescente";"Nublado";"Múltipla";"Reta";"Urbano";1;0;0;0;1;0;0;1
83432261;"21/01/16";"Quinta";"18:00:00";"PR";376;"181,7";"MARINGA";"Velocidade incompatível";"Queda de motocicleta / bicicleta / veículo";"Com Vítimas Feridas";"Pleno dia";"Decrescente";"Sol";"Dupla";"Reta";"Urbano";1;0;1;0;0;0;1;1
83432262;"21/01/16";"Quinta";"21:33:00";"MG";381;"525,8";"BRUMADINHO";"Velocidade incompatível";"Saída de Pista";"Com Vítimas Fatais";"Plena noite";"Crescente";"Nublado";"Dupla";"Curva";"Rural";2;2;0;0;0;0;0;1
83432263;"21/01/16";"Quinta";"23:30:00";"GO";153;"699,4";"ITUMBIARA";"Falta de atenção";"Atropelamento de pessoa";"Com Vítimas Feridas";"Plena noite";"Crescente";"Nublado";"Dupla";"Reta";"Urbano";2;0;1;0;1;0;1;1
83432264;"21/01/16";"Quinta";"21:25:00";"RO";319;"61,5";"PORTO VELHO";"Desobediência à sinalização";"Colisão Transversal";"Com Vítimas Feridas";"Plena noite";"Decrescente";"Ceu Claro";"Dupla";"Reta";"Urbano";4;0;0;2;2;0;2;2
83432265;"21/01/16";"Quinta";"23:55:00";"SC";116;"252,2";"LAGES";"Dormindo";"Colisão frontal";"Sem Vítimas";"Plena noite";"Crescente";"Ceu Claro";"Simples";"Reta";"Rural";2;0;0;0;2;0;0;2
83432266;"22/01/16";"Sexta";"00:10:00";"PE";101;"70";"RECIFE";"Outras";"Saída de Pista";"Sem Vítimas";"Plena noite";"Decrescente";"Chuva";"Múltipla";"Curva";"Urbano";1;0;0;0;1;0;0;1
83432267;"22/01/16";"Sexta";"00:20:00";"MS";163;"267";"DOURADOS";"Falta de atenção";"Queda de motocicleta / bicicleta / veículo";"Com Vítimas Feridas";"Plena noite";"Crescente";"Ceu Claro";"Dupla";"Reta";"Rural";1;0;1;0;0;0;1;1
83432268;"09/01/16";"Sábado";"18:15:00";"PR";116;"5";"CAMPINA GRANDE DO SUL";"Outras";"Colisão com objeto fixo";"Com Vítimas Feridas";"Pleno dia";"Decrescente";"Chuva";"Dupla";"Curva";"Rural";2;0;2;0;0;0;2;1
83432269;"21/01/16";"Quinta";"09:50:00";"PR";116;"101,5";"CURITIBA";"Desobediência à sinalização";"Colisão Transversal";"Com Vítimas Fatais";"Pleno dia";"Decrescente";"Sol";"Simples";"Reta";"Urbano";2;1;0;0;1;0;0;2
83432270;"22/01/16";"Sexta";"02:15:00";"MG";40;"548,5";"NOVA LIMA";"Dormindo";"Saída de Pista";"Sem Vítimas";"Plena noite";"Decrescente";"Chuva";"Dupla";"Curva";"Urbano";1;0;0;0;1;0;0;1
83432271;"21/01/16";"Quinta";"22:01:00";"BA";407;"108";"JAGUARARI";"Ingestão de álcool";"Colisão frontal";"Sem Vítimas";"Plena noite";"Crescente";"Chuva";"Simples";"Reta";"Rural";2;0;0;0;2;0;0;2
83432272;"21/01/16";"Quinta";"11:40:00";"ES";262;"2,6";"CARIACICA";"Desobediência à sinalização";"Colisão lateral";"Com Vítimas Feridas";"Pleno dia";"Crescente";"Chuva";"Dupla";"Reta";"Urbano";3;0;0;1;2;0;1;3
83432273;"21/01/16";"Quinta";"23:00:00";"GO";153;"0";"PORANGATU";"Defeito na via";"Saída de Pista";"Sem Vítimas";"Plena noite";"Decrescente";"Chuva";"Simples";"Reta";"Rural";2;0;0;0;2;0;0;1
83432274;"17/01/16";"Domingo";"14:30:00";"MT";364;"350,8";"SANTO ANTONIO DO LEVERGER";"Defeito mecânico em veículo";"Tombamento";"Sem Vítimas";"Pleno dia";"Crescente";"Ceu Claro";"Simples";"Reta";"Rural";1;0;0;0;1;0;0;1
83432275;"21/01/16";"Quinta";"21:45:00";"MG";381;"701,8";"LAVRAS";"Velocidade incompatível";"Colisão traseira";"Sem Vítimas";"Plena noite";"Decrescente";"Nublado";"Dupla";"Reta";"Rural";4;0;0;0;2;2;0;4
83432276;"17/01/16";"Domingo";"17:30:00";"PR";376;"465,8";"PONTA GROSSA";"Falta de atenção";"Colisão Transversal";"Com Vítimas Feridas";"Pleno dia";"Decrescente";"Ceu Claro";"Simples";"Curva";"Rural";2;0;1;0;1;0;1;2
83432277;"13/01/16";"Quarta";"17:00:00";"CE";116;"13,5";"FORTALEZA";"Outras";"Colisão lateral";"Com Vítimas Feridas";"Pleno dia";"Decrescente";"Ceu Claro";"Dupla";"Reta";"Urbano";2;0;0;1;1;0;1;2
83432278;"21/01/16";"Quinta";"19:50:00";"MA";135;"11";"SAO LUIS";"Falta de atenção";"Atropelamento de pessoa";"Com Vítimas Feridas";"Plena noite";"Decrescente";"Nublado";"Dupla";"Reta";"Urbano";2;0;0;2;0;0;2;1
83432279;"21/01/16";"Quinta";"15:30:00";"MG";381;"369";"SAO GONCALO DO RIO ABAIXO";"Defeito mecânico em veículo";"Capotamento";"Com Vítimas Feridas";"Pleno dia";"Decrescente";"Ceu Claro";"Simples";"Curva";"Rural";1;0;1;0;0;0;1;1
83432280;"21/01/16";"Quinta";"12:00:00";"RS";290;"124";"ELDORADO DO SUL";"Falta de atenção";"Colisão traseira";"Sem Vítimas";"Pleno dia";"Decrescente";"Ceu Claro";"Simples";"Reta";"Rural";2;0;0;0;2;0;0;2
83432281;"21/01/16";"Quinta";"12:30:00";"PB";230;"33";"BAYEUX";"Defeito mecânico em veículo";"Incêndio";"Sem Vítimas";"Pleno dia";"Crescente";"Ceu Claro";"Dupla";"Reta";"Urbano";1;0;0;0;1;0;0;1
83432282;"17/01/16";"Domingo";"19:40:00";"TO";153;"125,5";"WANDERLANDIA";"Velocidade incompatível";"Colisão traseira";"Sem Vítimas";"Plena noite";"Crescente";"Chuva";"Simples";"Reta";"Rural";2;0;0;0;2;0;0;2
83432283;"21/01/16";"Quinta";"15:54:00";"MA";222;"540";"BOM JESUS DAS SELVAS";"Falta de atenção";"Colisão traseira";"Com Vítimas Feridas";"Pleno dia";"Crescente";"Nublado";"Simples";"Reta";"Urbano";7;0;3;1;3;0;4;3
83432284;"21/01/16";"Quinta";"15:20:00";"GO";60;"47,2";"ABADIANIA";"Outras";"Saída de Pista";"Com Vítimas Feridas";"Pleno dia";"Decrescente";"Ceu Claro";"Dupla";"Reta";"Rural";1;0;1;0;0;0;1;1
83432285;"21/01/16";"Quinta";"23:40:00";"RS";392;"352,6";"SANTA MARIA";"Outras";"Colisão Transversal";"Com Vítimas Feridas";"Plena noite";"Crescente";"Ceu Claro";"Simples";"Reta";"Urbano";3;0;2;0;1;0;2;2
83432286;"22/01/16";"Sexta";"02:50:00";"SC";101;"410";"ARARANGUA";"Defeito na via";"Saída de Pista";"Com Vítimas Feridas";"Pleno dia";"Decrescente";"Ceu Claro";"Simples";"Cruzamento";"Urbano";4;0;0;4;0;0;4;1
83432287;"13/01/16";"Quarta";"20:00:00";"MG";40;"519";"CONTAGEM";"Falta de atenção";"Colisão Transversal";"Com Vítimas Feridas";"Plena noite";"Decrescente";"Chuva";"Dupla";"Reta";"Rural";2;0;0;1;1;0;1;2
83432288;"21/01/16";"Quinta";"21:30:00";"RS";472;"574";"URUGUAIANA";"Ingestão de álcool";"Colisão Transversal";"Com Vítimas Feridas";"Plena noite";"Crescente";"Ceu Claro";"Simples";"Cruzamento";"Urbano";2;0;0;1;1;0;1;2
83432289;"22/01/16";"Sexta";"04:00:00";"RJ";116;"75";"TERESOPOLIS";"Defeito mecânico em veículo";"Incêndio";"Sem Vítimas";"Plena noite";"Decrescente";"Nublado";"Simples";"Reta";"Urbano";1;0;0;0;1;0;0;1
83432290;"21/01/16";"Quinta";"13:35:00";"AL";101;"23,7";"JOAQUIM GOMES";"Falta de atenção";"Colisão traseira";"Sem Vítimas";"Pleno dia";"Crescente";"Chuva";"Simples";"Reta";"Rural";2;0;0;0;2;0;0;2
83432291;"22/01/16";"Sexta";"02:00:00";"GO";153;"560";"PROFESSOR JAMIL";"Outras";"Saída de Pista";"Sem Vítimas";"Plena noite";"Decrescente";"Chuva";"Dupla";"Curva";"Rural";1;0;0;0;1;0;0;1
83432292;"21/01/16";"Quinta";"14:05:00";"PB";230;"34";"BAYEUX";"Falta de atenção";"Colisão lateral";"Com Vítimas Feridas";"Pleno dia";"Decrescente";"Ceu Claro";"Dupla";"Reta";"Urbano";3;0;2;0;1;0;2;2
83432293;"22/01/16";"Sexta";"00:45:00";"RS";290;"105";"ELDORADO DO SUL";"Falta de atenção";"Saída de Pista";"Com Vítimas Feridas";"Plena noite";"Decrescente";"Ceu Claro";"Dupla";"Reta";"Urbano";2;0;1;0;1;0;1;1
83432294;"21/01/16";"Quinta";"22:30:00";"ES";101;"407,8";"ITAPEMIRIM";"Falta de atenção";"Atropelamento de pessoa";"Com Vítimas Feridas";"Plena noite";"Crescente";"Nublado";"Simples";"Reta";"Rural";2;0;0;1;1;0;1;1
83432295;"22/01/16";"Sexta";"03:15:00";"MG";40;"811";"MATIAS BARBOSA";"Animais na Pista";"Atropelamento de animal";"Sem Vítimas";"Plena noite";"Crescente";"Ceu Claro";"Dupla";"Reta";"Rural";1;0;0;0;1;0;0;1
83432296;"21/01/16";"Quinta";"19:45:00";"PB";230;"159,7";"CAMPINA GRANDE";"Falta de atenção";"Colisão Transversal";"Com Vítimas Feridas";"Plena noite";"Crescente";"Ceu Claro";"Simples";"Reta";"Urbano";2;0;1;0;1;0;1;2
83432297;"22/01/16";"Sexta";"04:30:00";"SP";116;"507,5";"CAJATI";"Falta de atenção";"Colisão traseira";"Sem Vítimas";"Plena noite";"Decrescente";"Chuva";"Simples";"Curva";"Rural";2;0;0;0;2;0;0;2
83432298;"21/01/16";"Quinta";"19:36:00";"MG";381;"940,8";"EXTREMA";"Velocidade incompatível";"Colisão com objeto fixo";"Com Vítimas Feridas";"Anoitecer";"Decrescente";"Ceu Claro";"Dupla";"Curva";"Rural";2;0;2;0;0;0;2;1
83432299;"21/01/16";"Quinta";"10:40:00";"SC";101;"280";"IMBITUBA";"Falta de atenção";"Capotamento";"Sem Vítimas";"Pleno dia";"Decrescente";"Sol";"Dupla";"Reta";"Urbano";1;0;0;0;1;0;0;1
83432300;"17/01/16";"Domingo";"22:00:00";"RJ";101;"416";"MANGARATIBA";"Ingestão de álcool";"Atropelamento de pessoa";"Com Vítimas Feridas";"Anoitecer";"Decrescente";"Chuva";"Simples";"Reta";"Rural";2;0;0;1;1;0;1;1
83432301;"22/01/16";"Sexta";"04:30:00";"PB";104;"135,3";"QUEIMADAS";"Animais na Pista";"Atropelamento de animal";"Sem Vítimas";"Amanhecer";"Decrescente";"Chuva";"Simples";"Reta";"Urbano";1;0;0;0;1;0;0;1
83432302;"22/01/16";"Sexta";"05:30:00";"SP";116;"522,5";"CAJATI";"Velocidade incompatível";"Colisão com objeto fixo";"Sem Vítimas";"Amanhecer";"Crescente";"Chuva";"Simples";"Curva";"Rural";1;0;0;0;1;0;0;1
83432304;"18/01/16";"Segunda";"09:10:00";"GO";40;"24,7";"LUZIANIA";"Falta de atenção";"Colisão Transversal";"Com Vítimas Feridas";"Pleno dia";"Crescente";"Nublado";"Simples";"Reta";"Urbano";2;0;1;0;1;0;1;2
83432305;"22/01/16";"Sexta";"04:00:00";"ES";101;"376";"ICONHA";"Dormindo";"Saída de Pista";"Sem Vítimas";"Plena noite";"Decrescente";"Chuva";"Simples";"Curva";"Urbano";1;0;0;0;1;0;0;1
83432306;"21/01/16";"Quinta";"21:30:00";"PI";343;"596";"FLORIANO";"Falta de atenção";"Colisão traseira";"Com Vítimas Feridas";"Plena noite";"Crescente";"Nublado";"Simples";"Reta";"Urbano";2;0;1;0;1;0;1;2
83432309;"21/01/16";"Quinta";"17:00:00";"MG";50;"136";"UBERABA";"Velocidade incompatível";"Saída de Pista";"Com Vítimas Feridas";"Pleno dia";"Decrescente";"Ceu Claro";"Dupla";"Reta";"Rural";2;0;2;0;0;0;2;1
83432310;"22/01/16";"Sexta";"06:30:00";"SC";280;"131";"RIO NEGRINHO";"Falta de atenção";"Colisão Transversal";"Sem Vítimas";"Amanhecer";"Decrescente";"Chuva";"Simples";"Reta";"Urbano";2;0;0;0;2;0;0;2
83432311;"18/01/16";"Segunda";"18:45:00";"PR";476;"136,6";"CURITIBA";"Ingestão de álcool";"Colisão traseira";"Sem Vítimas";"Anoitecer";"Crescente";"Nublado";"Múltipla";"Reta";"Urbano";2;0;0;0;2;0;0;2
83432312;"21/01/16";"Quinta";"20:25:00";"RN";405;"5";"MOSSORO";"Outras";"Colisão traseira";"Com Vítimas Fatais";"Plena noite";"Decrescente";"Chuva";"Simples";"Reta";"Urbano";2;1;0;1;0;0;1;2
83432313;"22/01/16";"Sexta";"03:40:00";"PR";277;"147,8";"PORTO AMAZONAS";"Defeito mecânico em veículo";"Incêndio";"Sem Vítimas";"Plena noite";"Decrescente";"Ceu Claro";"Simples";"Reta";"Rural";1;0;0;0;1;0;0;1
83432314;"21/01/16";"Quinta";"16:00:00";"MT";364;"359";"SANTO ANTONIO DO LEVERGER";"Não guardar distância de segurança";"Colisão traseira";"Com Vítimas Feridas";"Plena noite";"Crescente";"Ceu Claro";"Dupla";"Reta";"Rural";8;0;2;0;6;0;2;7
83432315;"22/01/16";"Sexta";"05:20:00";"PR";376;"667";"GUARATUBA";"Dormindo";"Colisão traseira";"Com Vítimas Feridas";"Amanhecer";"Crescente";"Chuva";"Dupla";"Curva";"Rural";3;0;1;0;2;0;1;2
83432316;"18/01/16";"Segunda";"19:55:00";"RJ";101;"322";"NITEROI";"Falta de atenção";"Atropelamento de pessoa";"Com Vítimas Feridas";"Plena noite";"Decrescente";"Nublado";"Dupla";"Reta";"Urbano";2;0;1;0;1;0;1;1
83432317;"22/01/16";"Sexta";"02:50:00";"SE";101;"42,9";"CAPELA";"Outras";"Capotamento";"Sem Vítimas";"Plena noite";"Decrescente";"Chuva";"Simples";"Curva";"Rural";1;0;0;0;1;0;0;1
83432318;"22/01/16";"Sexta";"04:45:00";"PR";277;"484";"NOVA LARANJEIRAS";"Velocidade incompatível";"Saída de Pista";"Sem Vítimas";"Plena noite";"Crescente";"Sol";"Simples";"Curva";"Rural";1;0;0;0;1;0;0;1
83432319;"21/01/16";"Quinta";"21:20:00";"RJ";101;"101,9";"CAMPOS DOS GOYTACAZES";"Defeito na via";"Colisão com objeto fixo";"Com Vítimas Fatais";"Plena noite";"Crescente";"Chuva";"Simples";"Reta";"Rural";1;1;0;0;0;0;0;1
83432320;"18/01/16";"Segunda";"23:15:00";"CE";222;"14";"CAUCAIA";"Outras";"Colisão com objeto fixo";"Com Vítimas Feridas";"Plena noite";"Decrescente";"Chuva";"Simples";"Reta";"Urbano";2;0;0;2;0;0;2;1
83432321;"22/01/16";"Sexta";"07:00:00";"SC";101;"252,7";"PAULO LOPES";"Falta de atenção";"Colisão com objeto fixo";"Sem Vítimas";"Pleno dia";"Crescente";"Ceu Claro";"Dupla";"Reta";"Rural";2;0;0;0;2;0;0;1
83432322;"21/01/16";"Quinta";"11:00:00";"SP";116;"226";"GUARULHOS";"Falta de atenção";"Colisão com objeto fixo";"Sem Vítimas";"Pleno dia";"Decrescente";"Ceu Claro";"Múltipla";"Reta";"Urbano";2;0;0;0;2;0;0;2
83432323;"21/01/16";"Quinta";"11:44:00";"CE";20;"358,2";"MARANGUAPE";"Outras";"Capotamento";"Sem Vítimas";"Pleno dia";"Decrescente";"Chuva";"Simples";"Reta";"Rural";3;0;0;0;2;1;0;2
83432324;"22/01/16";"Sexta";"06:40:00";"SP";116;"58,5";"GUARATINGUETA";"Outras";"Colisão com objeto fixo";"Com Vítimas Feridas";"Pleno dia";"Decrescente";"Nublado";"Dupla";"Reta";"Rural";1;0;1;0;0;0;1;1
83432325;"21/01/16";"Quinta";"14:50:00";"MG";267;"307";"CAXAMBU";"Defeito mecânico em veículo";"Capotamento";"Sem Vítimas";"Pleno dia";"Crescente";"Ceu Claro";"Simples";"Reta";"Rural";1;0;0;0;1;0;0;1
83432326;"22/01/16";"Sexta";"07:40:00";"SC";101;"464";"PASSO DE TORRES";"Falta de atenção";"Colisão traseira";"Sem Vítimas";"Pleno dia";"Crescente";"Ceu Claro";"Dupla";"Reta";"Rural";2;0;0;0;2;0;0;2
83432327;"20/01/16";"Quarta";"22:30:00";"RS";116;"149,2";"CAXIAS DO SUL";"Falta de atenção";"Colisão lateral";"Sem Vítimas";"Pleno dia";"Crescente";"Sol";"Dupla";"Reta";"Urbano";2;0;0;0;2;0;0;2
83432328;"19/01/16";"Terça";"07:28:00";"PR";476;"143,6";"CURITIBA";"Velocidade incompatível";"Saída de Pista";"Com Vítimas Feridas";"Amanhecer";"Decrescente";"Ceu Claro";"Simples";"Curva";"Urbano";1;0;1;0;0;0;1;1
83432329;"18/01/16";"Segunda";"14:30:00";"MG";356;"283,8";"PATROCINIO DO MURIAE";"Desobediência à sinalização";"Colisão lateral";"Sem Vítimas";"Pleno dia";"Crescente";"Chuva";"Simples";"Reta";"Rural";2;0;0;0;1;1;0;2
83432330;"21/01/16";"Quinta";"22:00:00";"PE";232;"90,8";"GRAVATA";"Outras";"Colisão lateral";"Com Vítimas Feridas";"Plena noite";"Crescente";"Ceu Claro";"Múltipla";"Reta";"Rural";2;0;1;0;1;0;1;2
83432331;"22/01/16";"Sexta";"06:50:00";"MG";153;"25";"CENTRALINA";"Outras";"Colisão Transversal";"Com Vítimas Feridas";"Pleno dia";"Crescente";"Sol";"Dupla";"Reta";"Rural";3;0;0;2;1;0;2;2
83432332;"18/01/16";"Segunda";"15:30:00";"MG";365;"503";"PATROCINIO";"Outras";"Colisão frontal";"Com Vítimas Feridas";"Pleno dia";"Decrescente";"Chuva";"Simples";"Curva";"Rural";3;0;0;2;1;0;2;2
83432333;"22/01/16";"Sexta";"05:00:00";"PB";230;"80,5";"RIACHAO DO POCO";"Velocidade incompatível";"Saída de Pista";"Com Vítimas Feridas";"Amanhecer";"Crescente";"Chuva";"Dupla";"Curva";"Rural";3;0;3;0;0;0;3;1
83432334;"14/01/16";"Quinta";"10:10:00";"BA";101;"477";"URUCUCA";"Ultrapassagem indevida";"Saída de Pista";"Sem Vítimas";"Pleno dia";"Decrescente";"Ceu Claro";"Simples";"Reta";"Rural";1;0;0;0;1;0;0;1
83432335;"18/01/16";"Segunda";"16:30:00";"MG";381;"379";"SAO GONCALO DO RIO ABAIXO";"Falta de atenção";"Colisão Transversal";"Com Vítimas Feridas";"Pleno dia";"Crescente";"Ceu Claro";"Simples";"Curva";"Rural";3;0;1;0;2;0;1;2
83432336;"18/01/16";"Segunda";"12:10:00";"GO";20;"27";"FORMOSA";"Outras";"Colisão frontal";"Com Vítimas Fatais";"Pleno dia";"Decrescente";"Chuva";"Simples";"Reta";"Rural";3;2;0;1;0;0;1;2
83432337;"20/01/16";"Quarta";"17:00:00";"MA";135;"13";"SAO LUIS";"Outras";"Colisão lateral";"Sem Vítimas";"Pleno dia";"Crescente";"Nublado";"Dupla";"Reta";"Rural";2;0;0;0;2;0;0;2
83432338;"18/01/16";"Segunda";"08:00:00";"SC";101;"215,7";"PALHOCA";"Falta de atenção";"Colisão lateral";"Com Vítimas Feridas";"Pleno dia";"Decrescente";"Sol";"Dupla";"Reta";"Urbano";3;0;2;0;1;0;2;3