"id";"data_inversa";"dia_semana";"horario";"uf";"br";"km";"municipio";"causa_acidente";"tipo_acidente";"classificacao_acidente";"fase_dia";"sentido_via";"condicao_metereologica";"tipo_pista";"tracado_via";"uso_solo";"pessoas";"mortos";"feridos_leves";"feridos_graves";"ilesos";"ignorados";"feridos";"veiculos"
83432339;"22/01/16";"Sexta";"07:50:00";"PR";116;"16";"COLOMBO";"Velocidade incompatível";"Colisão com objeto fixo";"Com Vítimas Feridas";"Pleno dia";"Decrescente";"Nublado";"Dupla";"Reta";"Urbano";1;0;1;0;0;0;1;1
83432340;"09/01/16";"Sábado";"09:00:00";"MG";365;"394";"PATOS DE MINAS";"Defeito mecânico em veículo";"Saída de Pista";"Sem Vítimas";"Pleno dia";"Decrescente";"Chuva";"Dupla";"Reta";"Rural";1;0;0;0;1;0;0;1
83432341;"22/01/16";"Sexta";"08:00:00";"SC";116;"247,6";"LAGES";"Outras";"Colisão frontal";"Sem Vítimas";"Pleno dia";"Crescente";"Sol";"Simples";"Reta";"Urbano";2;0;0;0;2;0;0;2
83432342;"21/01/16";"Quinta";"17:30:00";"MG";267;"319";"CAXAMBU";"Outras";"Queda de motocicleta / bicicleta / veículo";"Com Vítimas Feridas";"Pleno dia";"Decrescente";"Ceu Claro";"Simples";"Reta";"Rural";1;0;1;0;0;0;1;1
83432345;"22/01/16";"Sexta";"01:40:00";"MS";60;"62,8";"AGUA CLARA";"Defeito mecânico em veículo";"Incêndio";"Com Vítimas Feridas";"Plena noite";"Crescente";"Ceu Claro";"Simples";"Reta";"Urbano";29;0;1;0;28;0;1;1
83432346;"21/01/16";"Quinta";"03:15:00";"BA";324;"587";"CANDEIAS";"Outras";"Saída de Pista";"Sem Vítimas";"Plena noite";"Decrescente";"Chuva";"Dupla";"Reta";"Rural";1;0;0;0;1;0;0;1
83432347;"22/01/16";"Sexta";"07:50:00";"SP";116;"524";"BARRA DO TURVO";"Velocidade incompatível";"Capotamento";"Sem Vítimas";"Amanhecer";"Decrescente";"Chuva";"Dupla";"Reta";"Rural";1;0;0;0;1;0;0;1
83432348;"22/01/16";"Sexta";"08:00:00";"PR";277;"20";"MORRETES";"Outras";"Colisão lateral";"Sem Vítimas";"Pleno dia";"Decrescente";"Chuva";"Dupla";"Curva";"Rural";2;0;0;0;2;0;0;2
83432349;"22/01/16";"Sexta";"07:50:00";"SP";116;"447,1";"REGISTRO";"Falta de atenção";"Colisão lateral";"Com Vítimas Feridas";"Pleno dia";"Crescente";"Nublado";"Dupla";"Reta";"Urbano";2;0;1;0;1;0;1;2
83432350;"18/01/16";"Segunda";"21:10:00";"GO";20;"19";"FORMOSA";"Outras";"Saída de Pista";"Sem Vítimas";"Plena noite";"Decrescente";"Chuva";"Simples";"Reta";"Rural";3;0;0;0;3;0;0;1
83432351;"22/01/16";"Sexta";"09:05:00";"MG";262;"193";"BELA VISTA DE MINAS";"Não guardar distância de segurança";"Colisão traseira";"Sem Vítimas";"Pleno dia";"Decrescente";"Chuva";"Simples";"Curva";"Rural";2;0;0;0;2;0;0;2
83432352;"22/01/16";"Sexta";"08:30:00";"PR";277;"134";"BALSA NOVA";"Velocidade incompatível";"Saída de Pista";"Sem Vítimas";"Pleno dia";"Crescente";"Chuva";"Dupla";"Reta";"Rural";1;0;0;0;1;0;0;1
83432355;"19/01/16";"Terça";"06:30:00";"MG";381;"344,5";"BELA VISTA DE MINAS";"Velocidade incompatível";"Colisão frontal";"Com Vítimas Feridas";"Amanhecer";"Decrescente";"Chuva";"Simples";"Curva";"Rural";2;0;0;1;1;0;1;2
83432356;"21/01/16";"Quinta";"23:00:00";"MT";70;"0";"PONTAL DO ARAGUAIA";"Não guardar distância de segurança";"Colisão lateral";"Com Vítimas Feridas";"Plena noite";"Crescente";"Nublado";"Simples";"Reta";"Urbano";4;0;4;0;0;0;4;2
83432357;"17/01/16";"Domingo";"05:50:00";"SP";381;"48,8";"ATIBAIA";"Outras";"Colisão traseira";"Com Vítimas Feridas";"Amanhecer";"Decrescente";"Ceu Claro";"Dupla";"Reta";"Urbano";4;0;1;0;3;0;1;2
83432358;"19/01/16";"Terça";"02:00:00";"AL";101;"108";"PILAR";"Outras";"Saída de Pista";"Com Vítimas Feridas";"Plena noite";"Crescente";"Ignorada";"Simples";"Reta";"Rural";1;0;1;0;0;0;1;1
83432359;"22/01/16";"Sexta";"07:00:00";"MG";116;"96,5";"MEDINA";"Dormindo";"Tombamento";"Com Vítimas Feridas";"Pleno dia";"Decrescente";"Nublado";"Simples";"Reta";"Rural";1;0;1;0;0;0;1;1
83432361;"20/01/16";"Quarta";"16:30:00";"AM";319;"711";"HUMAITA";"Não guardar distância de segurança";"Colisão lateral";"Com Vítimas Feridas";"Pleno dia";"Decrescente";"Ceu Claro";"Simples";"Reta";"Rural";2;0;0;1;1;0;1;2
83432362;"18/01/16";"Segunda";"18:10:00";"MG";381;"528,6";"BRUMADINHO";"Velocidade incompatível";"Saída de Pista";"Com Vítimas Feridas";"Pleno dia";"Crescente";"Chuva";"Dupla";"Curva";"Rural";1;0;1;0;0;0;1;1
83432363;"19/01/16";"Terça";"06:50:00";"ES";101;"450,9";"MIMOSO DO SUL";"Velocidade incompatível";"Saída de Pista";"Com Vítimas Feridas";"Pleno dia";"Crescente";"Nublado";"Simples";"Reta";"Rural";1;0;1;0;0;0;1;1
83432364;"22/01/16";"Sexta";"09:00:00";"SC";101;"209";"SAO JOSE";"Falta de atenção";"Colisão traseira";"Com Vítimas Feridas";"Pleno dia";"Decrescente";"Ceu Claro";"Dupla";"Reta";"Urbano";4;0;2;0;0;2;2;3
83432365;"22/01/16";"Sexta";"09:20:00";"SC";101;"413,6";"ARARANGUA";"Falta de atenção";"Colisão traseira";"Com Vítimas Feridas";"Pleno dia";"Decrescente";"Sol";"Simples";"Reta";"Urbano";2;0;1;0;1;0;1;2
83432366;"22/01/16";"Sexta";"08:30:00";"SC";101;"211";"PALHOCA";"Outras";"Queda de motocicleta / bicicleta / veículo";"Com Vítimas Feridas";"Pleno dia";"Decrescente";"Sol";"Dupla";"Reta";"Urbano";2;0;0;1;0;1;1;2
83432367;"19/01/16";"Terça";"05:30:00";"PR";277;"127";"BALSA NOVA";"Ingestão de álcool";"Colisão lateral";"Sem Vítimas";"Amanhecer";"Crescente";"Ceu Claro";"Simples";"Reta";"Rural";4;0;0;0;4;0;0;2
83432368;"18/01/16";"Segunda";"02:00:00";"MG";40;"446,5";"PARAOPEBA";"Outras";"Saída de Pista";"Com Vítimas Feridas";"Plena noite";"Crescente";"Chuva";"Dupla";"Reta";"Urbano";1;0;1;0;0;0;1;1
83432369;"22/01/16";"Sexta";"09:15:00";"RS";285;"461,7";"IJUI";"Falta de atenção";"Colisão Transversal";"Sem Vítimas";"Pleno dia";"Decrescente";"Sol";"Simples";"Reta";"Urbano";2;0;0;0;2;0;0;2
83432370;"14/01/16";"Quinta";"07:45:00";"PR";277;"339,6";"GUARAPUAVA";"Falta de atenção";"Colisão com objeto fixo";"Com Vítimas Feridas";"Pleno dia";"Decrescente";"Ceu Claro";"Dupla";"Reta";"Rural";1;0;1;0;0;0;1;1
83432371;"22/01/16";"Sexta";"08:00:00";"AL";316;"241,2";"ATALAIA";"Falta de atenção";"Colisão Transversal";"Sem Vítimas";"Pleno dia";"Decrescente";"Nublado";"Simples";"Curva";"Urbano";2;0;0;0;2;0;0;2
83432372;"22/01/16";"Sexta";"07:10:00";"PA";316;"17";"BENEVIDES";"Não guardar distância de segurança";"Colisão traseira";"Sem Vítimas";"Pleno dia";"Decrescente";"Ceu Claro";"Dupla";"Reta";"Rural";4;0;0;0;4;0;0;4
83432373;"22/01/16";"Sexta";"09:35:00";"GO";153;"194";"URUACU";"Falta de atenção";"Colisão traseira";"Com Vítimas Feridas";"Pleno dia";"Decrescente";"Chuva";"Simples";"Reta";"Rural";8;0;1;0;7;0;1;2
83432374;"21/01/16";"Quinta";"08:00:00";"SC";101;"334";"TUBARAO";"Falta de atenção";"Colisão traseira";"Sem Vítimas";"Pleno dia";"Crescente";"Ceu Claro";"Dupla";"Curva";"Urbano";3;0;0;0;2;1;0;3
83432375;"19/01/16";"Terça";"07:30:00";"MG";381;"532";"ITATIAIUCU";"Velocidade incompatível";"Capotamento";"Sem Vítimas";"Pleno dia";"Crescente";"Chuva";"Dupla";"Curva";"Rural";1;0;0;0;1;0;0;1
83432376;"17/01/16";"Domingo";"10:00:00";"MG";40;"500,9";"ESMERALDAS";"Falta de atenção";"Saída de Pista";"Com Vítimas Feridas";"Pleno dia";"Crescente";"Chuva";"Dupla";"Reta";"Rural";5;0;0;5;0;0;5;1
83432377;"18/01/16";"Segunda";"21:45:00";"RJ";101;"549";"PARATI";"Outras";"Colisão frontal";"Com Vítimas Feridas";"Plena noite";"Decrescente";"Chuva";"Simples";"Curva";"Urbano";4;0;1;1;1;1;2;2
83432378;"19/01/16";"Terça";"06:35:00";"GO";153;"563,9";"PROFESSOR JAMIL";"Outras";"Capotamento";"Sem Vítimas";"Amanhecer";"Decrescente";"Chuva";"Dupla";"Reta";"Rural";2;0;0;0;2;0;0;1
83432379;"22/01/16";"Sexta";"07:15:00";"RS";285;"146";"MUITOS CAPOES";"Velocidade incompatível";"Colisão frontal";"Com Vítimas Fatais";"Pleno dia";"Decrescente";"Ceu Claro";"Simples";"Curva";"Rural";4;2;0;1;1;0;1;2
83432382;"22/01/16";"Sexta";"07:15:00";"PB";101;"92,2";"JOAO PESSOA";"Defeito na via";"Capotamento";"Sem Vítimas";"Pleno dia";"Decrescente";"Chuva";"Dupla";"Reta";"Urbano";1;0;0;0;1;0;0;1
83432383;"20/01/16";"Quarta";"23:00:00";"BA";242;"642";"MUQUEM DO SAO FRANCISCO";"Outras";"Saída de Pista";"Sem Vítimas";"Plena noite";"Decrescente";"Chuva";"Simples";"Reta";"Urbano";1;0;0;0;1;0;0;1
83432384;"14/01/16";"Quinta";"15:20:00";"CE";116;"140,3";"RUSSAS";"Falta de atenção";"Atropelamento de pessoa";"Com Vítimas Feridas";"Pleno dia";"Crescente";"Nublado";"Simples";"Reta";"Urbano";2;0;0;1;1;0;1;1
83432385;"22/01/16";"Sexta";"11:10:00";"PR";277;"727";"FOZ DO IGUACU";"Outras";"Queda de motocicleta / bicicleta / veículo";"Com Vítimas Feridas";"Pleno dia";"Decrescente";"Ceu Claro";"Dupla";"Reta";"Urbano";3;0;1;0;0;2;1;2
83432386;"22/01/16";"Sexta";"10:00:00";"MT";364;"57";"ALTO GARCAS";"Falta de atenção";"Colisão Transversal";"Sem Vítimas";"Pleno dia";"Decrescente";"Ceu Claro";"Simples";"Reta";"Urbano";2;0;0;0;2;0;0;2
83432387;"10/01/16";"Domingo";"09:40:00";"PB";104;"141,9";"QUEIMADAS";"Falta de atenção";"Colisão traseira";"Com Vítimas Feridas";"Pleno dia";"Decrescente";"Sol";"Simples";"Reta";"Urbano";3;0;1;0;2;0;1;3
83432390;"14/01/16";"Quinta";"13:00:00";"AL";101;"114";"PILAR";"Outras";"Tombamento";"Com Vítimas Feridas";"Pleno dia";"Crescente";"Sol";"Simples";"Curva";"Rural";1;0;1;0;0;0;1;1
83432391;"21/01/16";"Quinta";"21:45:00";"MS";163;"259,9";"DOURADOS";"Falta de atenção";"Atropelamento de pessoa";"Com Vítimas Feridas";"Plena noite";"Crescente";"Ceu Claro";"Dupla";"Reta";"Urbano";2;0;0;2;0;0;2;1
83432392;"07/01/16";"Quinta";"14:35:00";"PR";376;"594";"CURITIBA";"Outras";"Colisão lateral";"Sem Vítimas";"Pleno dia";"Crescente";"Nublado";"Dupla";"Reta";"Urbano";2;0;0;0;1;1;0;2
83432393;"22/01/16";"Sexta";"10:00:00";"PR";116;"99";"SAO JOSE DOS PINHAIS";"Não guardar distância de segurança";"Colisão traseira";"Sem Vítimas";"Pleno dia";"Crescente";"Chuva";"Dupla";"Reta";"Urbano";4;0;0;0;2;2;0;4
83432394;"22/01/16";"Sexta";"12:10:00";"RS";101;"0,5";"TORRES";"Falta de atenção";"Colisão traseira";"Sem Vítimas";"Pleno dia";"Decrescente";"Ceu Claro";"Dupla";"Reta";"Rural";2;0;0;0;2;0;0;2
83432399;"19/01/16";"Terça";"02:15:00";"MG";262;"492";"MOEMA";"Outras";"Tombamento";"Com Vítimas Feridas";"Plena noite";"Decrescente";"Chuva";"Simples";"Reta";"Rural";4;0;3;1;0;0;4;1
83432401;"22/01/16";"Sexta";"12:30:00";"MG";40;"480";"SETE LAGOAS";"Falta de atenção";"Colisão traseira";"Com Vítimas Feridas";"Pleno dia";"Decrescente";"Nublado";"Dupla";"Reta";"Rural";3;0;1;0;2;0;1;3
83432402;"22/01/16";"Sexta";"10:10:00";"PR";116;"100";"SAO JOSE DOS PINHAIS";"Não guardar distância de segurança";"Colisão traseira";"Com Vítimas Feridas";"Pleno dia";"Crescente";"Nublado";"Dupla";"Reta";"Rural";4;0;3;0;0;1;3;4
83432403;"22/01/16";"Sexta";"07:00:00";"PE";101;"96";"CABO DE SANTO AGOSTINHO";"Outras";"Colisão lateral";"Com Vítimas Feridas";"Pleno dia";"Decrescente";"Chuva";"Dupla";"Curva";"Rural";3;0;1;1;1;0;2;2
83432404;"21/01/16";"Quinta";"20:00:00";"PE";101;"86,5";"CABO DE SANTO AGOSTINHO";"Outras";"Saída de Pista";"Sem Vítimas";"Plena noite";"Crescente";"Chuva";"Dupla";"Reta";"Urbano";1;0;0;0;1;0;0;1
83432405;"19/01/16";"Terça";"02:25:00";"ES";101;"150";"LINHARES";"Outras";"Queda de motocicleta / bicicleta / veículo";"Com Vítimas Feridas";"Plena noite";"Crescente";"Nublado";"Múltipla";"Reta";"Urbano";1;0;0;1;0;0;1;1
83432406;"22/01/16";"Sexta";"09:40:00";"SC";282;"552,9";"NOVA ITABERABA";"Não guardar distância de segurança";"Colisão traseira";"Com Vítimas Feridas";"Pleno dia";"Decrescente";"Sol";"Simples";"Reta";"Rural";4;0;2;0;2;0;2;3
83432407;"19/01/16";"Terça";"00:10:00";"MG";381;"597,7";"CARMOPOLIS DE MINAS";"Dormindo";"Colisão traseira";"Com Vítimas Feridas";"Plena noite";"Crescente";"Chuva";"Dupla";"Reta";"Rural";2;0;1;0;1;0;1;2
83432408;"22/01/16";"Sexta";"10:30:00";"ES";101;"298";"VIANA";"Falta de atenção";"Atropelamento de pessoa";"Com Vítimas Feridas";"Pleno dia";"Crescente";"Nublado";"Múltipla";"Reta";"Urbano";2;0;0;1;1;0;1;1
83432412;"15/01/16";"Sexta";"10:15:00";"RS";285;"477,5";"CORONEL BARROS";"Desobediência à sinalização";"Colisão traseira";"Sem Vítimas";"Pleno dia";"Decrescente";"Nublado";"Simples";"Reta";"Urbano";3;0;0;0;3;0;0;3
83432413;"22/01/16";"Sexta";"08:05:00";"PE";101;"11";"GOIANA";"Outras";"Saída de Pista";"Com Vítimas Feridas";"Pleno dia";"Decrescente";"Nublado";"Dupla";"Reta";"Rural";1;0;1;0;0;0;1;1
83432414;"19/01/16";"Terça";"16:15:00";"SP";116;"498,8";"CAJATI";"Falta de atenção";"Derramamento de Carga";"Sem Vítimas";"Pleno dia";"Crescente";"Nublado";"Múltipla";"Reta";"Rural";1;0;0;0;1;0;0;1
83432416;"22/01/16";"Sexta";"12:15:00";"MS";163;"377";"NOVA ALVORADA DO SUL";"Outras";"Saída de Pista";"Com Vítimas Feridas";"Pleno dia";"Crescente";"Ceu Claro";"Simples";"Reta";"Rural";1;0;1;0;0;0;1;1
83432417;"22/01/16";"Sexta";"11:55:00";"SP";116;"519,4";"CAJATI";"Defeito mecânico em veículo";"Saída de Pista";"Sem Vítimas";"Pleno dia";"Crescente";"Nublado";"Simples";"Reta";"Rural";1;0;0;0;1;0;0;1
83432418;"22/01/16";"Sexta";"12:05:00";"MG";381;"484";"BETIM";"Outras";"Colisão traseira";"Com Vítimas Feridas";"Pleno dia";"Decrescente";"Sol";"Dupla";"Reta";"Urbano";3;0;1;0;2;0;1;3
83432419;"22/01/16";"Sexta";"12:00:00";"RJ";465;"16";"NOVA IGUACU";"Outras";"Colisão com objeto fixo";"Sem Vítimas";"Pleno dia";"Crescente";"Chuva";"Simples";"Reta";"Rural";1;0;0;0;1;0;0;1
83432421;"18/01/16";"Segunda";"15:30:00";"PA";155;"325";"MARABA";"Defeito mecânico em veículo";"Colisão traseira";"Com Vítimas Fatais";"Pleno dia";"Crescente";"Nublado";"Simples";"Reta";"Rural";3;1;0;0;2;0;0;3
83432422;"22/01/16";"Sexta";"10:00:00";"PR";376;"500";"PONTA GROSSA";"Outras";"Capotamento";"Com Vítimas Feridas";"Pleno dia";"Decrescente";"Nublado";"Dupla";"Reta";"Urbano";3;0;2;0;1;0;2;2
83432423;"18/01/16";"Segunda";"16:20:00";"BA";324;"590";"CANDEIAS";"Defeito mecânico em veículo";"Capotamento";"Com Vítimas Feridas";"Pleno dia";"Crescente";"Ceu Claro";"Dupla";"Reta";"Rural";5;0;5;0;0;0;5;1
83432424;"22/01/16";"Sexta";"14:50:00";"SC";101;"1,3";"GARUVA";"Falta de atenção";"Colisão lateral";"Sem Vítimas";"Pleno dia";"Crescente";"Sol";"Múltipla";"Reta";"Rural";2;0;0;0;2;0;0;2
83432425;"21/01/16";"Quinta";"07:20:00";"SC";280;"57,1";"GUARAMIRIM";"Desobediência à sinalização";"Colisão Transversal";"Com Vítimas Feridas";"Pleno dia";"Crescente";"Ceu Claro";"Simples";"Reta";"Urbano";2;0;1;0;1;0;1;2
83432426;"22/01/16";"Sexta";"13:50:00";"SP";116;"143";"SAO JOSE DOS CAMPOS";"Falta de atenção";"Colisão traseira";"Sem Vítimas";"Pleno dia";"Crescente";"Sol";"Dupla";"Reta";"Rural";2;0;0;0;2;0;0;2
83432427;"22/01/16";"Sexta";"09:07:00";"PR";369;"147,5";"LONDRINA";"Defeito mecânico em veículo";"Queda de motocicleta / bicicleta / veículo";"Com Vítimas Feridas";"Pleno dia";"Decrescente";"Ceu Claro";"Dupla";"Curva";"Urbano";2;0;2;0;0;0;2;1
83432428;"22/01/16";"Sexta";"14:30:00";"SC";470;"128,7";"LONTRAS";"Falta de atenção";"Colisão traseira";"Sem Vítimas";"Pleno dia";"Crescente";"Sol";"Simples";"Reta";"Urbano";2;0;0;0;2;0;0;2
83432429;"22/01/16";"Sexta";"12:45:00";"RJ";116;"252";"PIRAI";"Outras";"Colisão com objeto fixo";"Sem Vítimas";"Pleno dia";"Crescente";"Chuva";"Simples";"Reta";"Rural";1;0;0;0;1;0;0;1
83432430;"20/01/16";"Quarta";"23:20:00";"MG";267;"212";"BOM JARDIM DE MINAS";"Velocidade incompatível";"Colisão frontal";"Com Vítimas Fatais";"Plena noite";"Crescente";"Chuva";"Simples";"Reta";"Urbano";3;1;1;0;1;0;1;2
83432431;"16/01/16";"Sábado";"05:38:00";"SP";116;"116,6";"TAUBATE";"Outras";"Saída de Pista";"Sem Vítimas";"Amanhecer";"Decrescente";"Nublado";"Dupla";"Reta";"Urbano";4;0;0;0;3;1;0;1
83432432;"22/01/16";"Sexta";"14:20:00";"SC";470;"52";"BLUMENAU";"Falta de atenção";"Colisão traseira";"Com Vítimas Feridas";"Pleno dia";"Decrescente";"Ceu Claro";"Simples";"Reta";"Urbano";4;0;1;0;3;0;1;3
83432433;"22/01/16";"Sexta";"12:20:00";"RS";290;"140";"ELDORADO DO SUL";"Não guardar distância de segurança";"Colisão traseira";"Sem Vítimas";"Pleno dia";"Crescente";"Sol";"Simples";"Reta";"Rural";2;0;0;0;2;0;0;2
83432434;"22/01/16";"Sexta";"13:00:00";"MT";163;"119";"RONDONOPOLIS";"Falta de atenção";"Colisão traseira";"Com Vítimas Feridas";"Pleno dia";"Crescente";"Ceu Claro";"Dupla";"Curva";"Urbano";2;0;1;0;1;0;1;2
83432436;"19/01/16";"Terça";"05:00:00";"PR";277;"667";"MEDIANEIRA";"Outras";"Saída de Pista";"Com Vítimas Feridas";"Plena noite";"Crescente";"Ignorada";"Dupla";"Reta";"Urbano";9;0;3;1;5;0;4;1
83432439;"22/01/16";"Sexta";"06:50:00";"SP";116;"165";"JACAREI";"Outras";"Derramamento de Carga";"Sem Vítimas";"Amanhecer";"Decrescente";"Ceu Claro";"Dupla";"Reta";"Rural";1;0;0;0;1;0;0;1
83432440;"18/01/16";"Segunda";"13:00:00";"PR";277;"4,8";"PARANAGUA";"Falta de atenção";"Colisão lateral";"Com Vítimas Feridas";"Pleno dia";"Crescente";"Ceu Claro";"Dupla";"Cruzamento";"Urbano";4;0;0;3;1;0;3;2
83432444;"22/01/16";"Sexta";"11:20:00";"MG";262;"672";"IBIA";"Falta de atenção";"Queda de motocicleta / bicicleta / veículo";"Com Vítimas Feridas";"Pleno dia";"Decrescente";"Sol";"Simples";"Curva";"Rural";1;0;1;0;0;0;1;1
83432445;"22/01/16";"Sexta";"14:00:00";"GO";364;"18,1";"SAO SIMAO";"Outras";"Saída de Pista";"Sem Vítimas";"Pleno dia";"Decrescente";"Nublado";"Simples";"Reta";"Rural";1;0;0;0;1;0;0;1
83432446;"05/01/16";"Terça";"13:00:00";"MG";40;"289";"TRES MARIAS";"Outras";"Saída de Pista";"Com Vítimas Feridas";"Pleno dia";"Decrescente";"Chuva";"Simples";"Reta";"Rural";2;0;2;0;0;0;2;1
83432449;"22/01/16";"Sexta";"08:30:00";"GO";40;"31,8";"LUZIANIA";"Outras";"Saída de Pista";"Sem Vítimas";"Pleno dia";"Crescente";"Chuva";"Simples";"Reta";"Rural";2;0;0;0;2;0;0;1
83432450;"22/01/16";"Sexta";"13:10:00";"PR";376;"616,9";"SAO JOSE DOS PINHAIS";"Velocidade incompatível";"Saída de Pista";"Com Vítimas Feridas";"Pleno dia";"Crescente";"Chuva";"Dupla";"Curva";"Urbano";1;0;1;0;0;0;1;1
83432451;"22/01/16";"Sexta";"08:00:00";"MG";262;"736,5";"PERDIZES";"Defeito mecânico em veículo";"Saída de Pista";"Sem Vítimas";"Pleno dia";"Crescente";"Ceu Claro";"Múltipla";"Reta";"Rural";2;0;0;0;2;0;0;1
83432452;"22/01/16";"Sexta";"09:00:00";"BA";324;"622";"SALVADOR";"Defeito mecânico em veículo";"Queda de motocicleta / bicicleta / veículo";"Com Vítimas Feridas";"Pleno dia";"Crescente";"Nublado";"Dupla";"Reta";"Urbano";1;0;1;0;0;0;1;1
83432454;"18/01/16";"Segunda";"20:10:00";"BA";101;"226";"CRUZ DAS ALMAS";"Ultrapassagem indevida";"Colisão frontal";"Com Vítimas Fatais";"Plena noite";"Crescente";"Ceu Claro";"Simples";"Curva";"Rural";4;3;0;0;1;0;0;3
83432455;"22/01/16";"Sexta";"15:50:00";"SC";280;"58";"GUARAMIRIM";"Falta de atenção";"Colisão traseira";"Com Vítimas Feridas";"Pleno dia";"Decrescente";"Ceu Claro";"Simples";"Reta";"Urbano";3;0;1;0;2;0;1;2
83432456;"21/01/16";"Quinta";"19:25:00";"CE";116;"179";"RUSSAS";"Animais na Pista";"Atropelamento de animal";"Sem Vítimas";"Plena noite";"Crescente";"Chuva";"Simples";"Reta";"Rural";3;0;0;0;3;0;0;1
83432457;"18/01/16";"Segunda";"19:00:00";"RJ";393;"243";"VASSOURAS";"Falta de atenção";"Colisão com objeto fixo";"Sem Vítimas";"Plena noite";"Crescente";"Chuva";"Simples";"Curva";"Rural";1;0;0;0;1;0;0;1
83432458;"21/01/16";"Quinta";"17:00:00";"GO";364;"334";"PORTELANDIA";"Defeito mecânico em veículo";"Incêndio";"Sem Vítimas";"Pleno dia";"Crescente";"Sol";"Simples";"Reta";"Rural";1;0;0;0;1;0;0;1
83432459;"22/01/16";"Sexta";"14:00:00";"GO";20;"215";"POSSE";"Outras";"Capotamento";"Com Vítimas Feridas";"Pleno dia";"Decrescente";"Chuva";"Simples";"Reta";"Rural";2;0;1;0;1;0;1;1
83432460;"10/01/16";"Domingo";"17:55:00";"RJ";393;"267";"BARRA DO PIRAI";"Velocidade incompatível";"Capotamento";"Sem Vítimas";"Pleno dia";"Crescente";"Chuva";"Dupla";"Reta";"Rural";1;0;0;0;1;0;0;1
83432461;"12/01/16";"Terça";"23:30:00";"AL";101;"58";"MESSIAS";"Outras";"Saída de Pista";"Com Vítimas Feridas";"Plena noite";"Crescente";"Nublado";"Simples";"Curva";"Rural";2;0;2;0;0;0;2;2
83432462;"22/01/16";"Sexta";"09:00:00";"CE";116;"497";"BREJO SANTO";"Defeito na via";"Colisão traseira";"Sem Vítimas";"Pleno dia";"Crescente";"Chuva";"Simples";"Reta";"Rural";3;0;0;0;3;0;0;3
83432463;"22/01/16";"Sexta";"03:00:00";"BA";116;"863";"VITORIA DA CONQUISTA";"Ultrapassagem indevida";"Saída de Pista";"Com Vítimas Feridas";"Plena noite";"Decrescente";"Chuva";"Simples";"Reta";"Rural";1;0;1;0;0;0;1;1
83432465;"22/01/16";"Sexta";"10:00:00";"RS";386;"149";"ALMIRANTE TAMANDARE DO SUL";"Falta de atenção";"Tombamento";"Com Vítimas Feridas";"Pleno dia";"Crescente";"Ceu Claro";"Simples";"Curva";"Rural";5;0;4;0;0;1;4;2
83432466;"21/01/16";"Quinta";"22:50:00";"SP";116;"226,9";"GUARULHOS";"Outras";"Atropelamento de pessoa";"Com Vítimas Fatais";"Plena noite";"Crescente";"Ceu Claro";"Múltipla";"Reta";"Urbano";2;1;0;0;1;0;0;1
83432467;"22/01/16";"Sexta";"08:20:00";"MG";116;"245";"TEOFILO OTONI";"Falta de atenção";"Colisão traseira";"Sem Vítimas";"Pleno dia";"Crescente";"Chuva";"Dupla";"Reta";"Urbano";2;0;0;0;2;0;0;2
83432468;"22/01/16";"Sexta";"13:50:00";"GO";60;"20,6";"ALEXANIA";"Dormindo";"Saída de Pista";"Com Vítimas Feridas";"Pleno dia";"Decrescente";"Chuva";"Dupla";"Reta";"Urbano";3;0;2;0;1;0;2;1
83432469;"22/01/16";"Sexta";"07:40:00";"CE";116;"468,4";"MILAGRES";"Outras";"Saída de Pista";"Sem Vítimas";"Pleno dia";"Crescente";"Chuva";"Simples";"Reta";"Rural";1;0;0;0;1;0;0;1
83432470;"22/01/16";"Sexta";"16:45:00";"RJ";101;"270";"RIO BONITO";"Outras";"Saída de Pista";"Com Vítimas Feridas";"Pleno dia";"Decrescente";"Chuva";"Dupla";"Curva";"Urbano";1;0;1;0;0;0;1;1
83432471;"22/01/16";"Sexta";"13:40:00";"SC";480;"129,2";"CHAPECO";"Falta de atenção";"Atropelamento de pessoa";"Com Vítimas Feridas";"Pleno dia";"Crescente";"Sol";"Simples";"Curva";"Urbano";2;0;0;1;1;0;1;1
83432472;"22/01/16";"Sexta";"15:30:00";"RJ";40;"19";"TRES RIOS";"Outras";"Atropelamento de animal";"Com Vítimas Feridas";"Pleno dia";"Crescente";"Ceu Claro";"Dupla";"Reta";"Rural";1;0;0;1;0;0;1;1
83432473;"22/01/16";"Sexta";"16:48:00";"RS";116;"224,8";"DOIS IRMAOS";"Outras";"Tombamento";"Sem Vítimas";"Pleno dia";"Crescente";"Ceu Claro";"Simples";"Curva";"Urbano";1;0;0;0;1;0;0;1
83432476;"22/01/16";"Sexta";"15:40:00";"PR";277;"32";"MORRETES";"Velocidade incompatível";"Colisão com objeto fixo";"Sem Vítimas";"Pleno dia";"Crescente";"Chuva";"Dupla";"Curva";"Rural";1;0;0;0;1;0;0;1
83432477;"22/01/16";"Sexta";"16:35:00";"PR";476;"135";"CURITIBA";"Velocidade incompatível";"Capotamento";"Sem Vítimas";"Pleno dia";"Crescente";"Chuva";"Dupla";"Reta";"Urbano";2;0;0;0;2;0;0;2
83432478;"22/01/16";"Sexta";"17:00:00";"SC";101;"341";"TUBARAO";"Não guardar distância de segurança";"Colisão traseira";"Sem Vítimas";"Pleno dia";"Decrescente";"Ceu Claro";"Dupla";"Reta";"Urbano";2;0;0;0;2;0;0;2
83432479;"21/01/16";"Quinta";"03:43:00";"MG";116;"795,3";"ALEM PARAIBA";"Velocidade incompatível";"Saída de Pista";"Sem Vítimas";"Amanhecer";"Crescente";"Chuva";"Simples";"Curva";"Rural";1;0;0;0;1;0;0;1