"id";"data_inversa";"dia_semana";"horario";"uf";"br";"km";"municipio";"causa_acidente";"tipo_acidente";"classificacao_acidente";"fase_dia";"sentido_via";"condicao_metereologica";"tipo_pista";"tracado_via";"uso_solo";"pessoas";"mortos";"feridos_leves";"feridos_graves";"ilesos";"ignorados";"feridos";"veiculos"
83433066;"24/01/16";"Domingo";"10:50:00";"RN";226;"5";"NATAL";"Desobediência à sinalização";"Colisão frontal";"Com Vítimas Feridas";"Pleno dia";"Decrescente";"Ceu Claro";"Simples";"Reta";"Urbano";2;0;0;1;1;0;1;2
83433067;"20/01/16";"Quarta";"04:00:00";"PI";135;"613";"CORRENTE";"Falta de atenção";"Saída de Pista";"Sem Vítimas";"Plena noite";"Decrescente";"Chuva";"Simples";"Reta";"Rural";1;0;0;0;1;0;0;1
83433068;"24/01/16";"Domingo";"14:30:00";"CE";222;"157";"IRAUCUBA";"Outras";"Capotamento";"Sem Vítimas";"Pleno dia";"Crescente";"Chuva";"Simples";"Reta";"Rural";1;0;0;0;1;0;0;1
83433069;"24/01/16";"Domingo";"17:40:00";"SP";153;"278,3";"OCAUCU";"Outras";"Colisão com objeto fixo";"Sem Vítimas";"Pleno dia";"Crescente";"Sol";"Simples";"Reta";"Rural";5;0;0;0;5;0;0;2
83433070;"24/01/16";"Domingo";"19:10:00";"PR";277;"109";"CAMPO LARGO";"Não guardar distância de segurança";"Colisão traseira";"Sem Vítimas";"Plena noite";"Decrescente";"Ceu Claro";"Dupla";"Reta";"Urbano";2;0;0;0;2;0;0;2
83433071;"22/01/16";"Sexta";"23:30:00";"BA";101;"245";"DOM MACEDO COSTA";"Outras";"Saída de Pista";"Sem Vítimas";"Plena noite";"Crescente";"Nublado";"Simples";"Curva";"Rural";1;0;0;0;1;0;0;1
83433072;"24/01/16";"Domingo";"18:35:00";"ES";262;"2,2";"CARIACICA";"Ingestão de álcool";"Colisão lateral";"Sem Vítimas";"Pleno dia";"Crescente";"Ceu Claro";"Dupla";"Cruzamento";"Urbano";2;0;0;0;2;0;0;2
83433073;"24/01/16";"Domingo";"11:40:00";"RJ";393;"279";"BARRA DO PIRAI";"Outras";"Colisão com bicicleta";"Com Vítimas Feridas";"Pleno dia";"Decrescente";"Ceu Claro";"Simples";"Reta";"Urbano";2;0;1;0;0;1;1;2
83433074;"24/01/16";"Domingo";"18:30:00";"SC";101;"87,5";"BARRA VELHA";"Outras";"Colisão traseira";"Com Vítimas Feridas";"Pleno dia";"Decrescente";"Sol";"Dupla";"Reta";"Urbano";4;0;2;0;2;0;2;2
83433075;"24/01/16";"Domingo";"17:00:00";"PE";101;"103,6";"CABO DE SANTO AGOSTINHO";"Outras";"Colisão traseira";"Com Vítimas Feridas";"Pleno dia";"Decrescente";"Nublado";"Simples";"Reta";"Urbano";3;0;1;0;2;0;1;2
83433076;"24/01/16";"Domingo";"17:30:00";"SP";381;"75";"SAO PAULO";"Não guardar distância de segurança";"Colisão traseira";"Sem Vítimas";"Pleno dia";"Crescente";"Chuva";"Dupla";"Reta";"Rural";2;0;0;0;2;0;0;2
83433077;"24/01/16";"Domingo";"16:35:00";"MS";163;"587,2";"BANDEIRANTES";"Falta de atenção";"Saída de Pista";"Sem Vítimas";"Pleno dia";"Crescente";"Ceu Claro";"Dupla";"Reta";"Rural";1;0;0;0;1;0;0;1
83433078;"24/01/16";"Domingo";"17:15:00";"RS";116;"191,6";"NOVA PETROPOLIS";"Não guardar distância de segurança";"Colisão traseira";"Sem Vítimas";"Pleno dia";"Crescente";"Sol";"Simples";"Reta";"Urbano";2;0;0;0;2;0;0;2
83433079;"24/01/16";"Domingo";"16:00:00";"PE";232;"545";"PARNAMIRIM";"Velocidade incompatível";"Saída de Pista";"Sem Vítimas";"Pleno dia";"Crescente";"Chuva";"Simples";"Curva";"Rural";2;0;0;0;2;0;0;1
83433080;"24/01/16";"Domingo";"17:00:00";"PR";476;"145";"CURITIBA";"Falta de atenção";"Colisão lateral";"Sem Vítimas";"Pleno dia";"Crescente";"Ceu Claro";"Dupla";"Reta";"Urbano";2;0;0;0;2;0;0;2
83433081;"24/01/16";"Domingo";"16:20:00";"SP";381;"75";"SAO PAULO";"Outras";"Capotamento";"Sem Vítimas";"Pleno dia";"Decrescente";"Chuva";"Dupla";"Curva";"Rural";1;0;0;0;1;0;0;1
83433082;"24/01/16";"Domingo";"18:00:00";"PR";116;"100";"SAO JOSE DOS PINHAIS";"Falta de atenção";"Colisão traseira";"Com Vítimas Feridas";"Pleno dia";"Decrescente";"Ceu Claro";"Dupla";"Reta";"Urbano";3;0;1;0;2;0;1;2
83433083;"24/01/16";"Domingo";"17:40:00";"PR";373;"269,5";"PRUDENTOPOLIS";"Ultrapassagem indevida";"Colisão frontal";"Com Vítimas Fatais";"Pleno dia";"Crescente";"Ceu Claro";"Simples";"Reta";"Rural";2;1;0;0;1;0;0;2
83433084;"24/01/16";"Domingo";"19:30:00";"GO";153;"201,6";"URUACU";"Ingestão de álcool";"Colisão Transversal";"Sem Vítimas";"Anoitecer";"Decrescente";"Nublado";"Simples";"Reta";"Urbano";4;0;0;0;3;1;0;2
83433085;"24/01/16";"Domingo";"16:50:00";"MG";40;"556";"NOVA LIMA";"Velocidade incompatível";"Capotamento";"Sem Vítimas";"Pleno dia";"Crescente";"Chuva";"Dupla";"Reta";"Rural";1;0;0;0;1;0;0;1
83433086;"24/01/16";"Domingo";"15:45:00";"MG";40;"462,9";"SETE LAGOAS";"Defeito na via";"Colisão lateral";"Com Vítimas Feridas";"Pleno dia";"Crescente";"Chuva";"Dupla";"Reta";"Rural";5;0;3;1;1;0;4;2
83433087;"24/01/16";"Domingo";"14:10:00";"MA";10;"237,7";"ACAILANDIA";"Outras";"Saída de Pista";"Sem Vítimas";"Pleno dia";"Crescente";"Sol";"Simples";"Reta";"Rural";1;0;0;0;1;0;0;1
83433088;"24/01/16";"Domingo";"15:30:00";"MT";364;"26,5";"ALTO ARAGUAIA";"Defeito mecânico em veículo";"Capotamento";"Sem Vítimas";"Pleno dia";"Decrescente";"Ceu Claro";"Simples";"Curva";"Rural";5;0;0;0;5;0;0;1
83433089;"24/01/16";"Domingo";"18:20:00";"RS";290;"106,5";"ELDORADO DO SUL";"Ingestão de álcool";"Colisão traseira";"Com Vítimas Feridas";"Pleno dia";"Decrescente";"Ceu Claro";"Dupla";"Reta";"Urbano";4;0;2;0;2;0;2;2
83433090;"24/01/16";"Domingo";"18:00:00";"MS";267;"480,3";"JARDIM";"Falta de atenção";"Colisão traseira";"Sem Vítimas";"Pleno dia";"Decrescente";"Ceu Claro";"Simples";"Reta";"Urbano";2;0;0;0;2;0;0;2
83433091;"24/01/16";"Domingo";"17:50:00";"MG";262;"380,6";"JUATUBA";"Outras";"Saída de Pista";"Com Vítimas Feridas";"Pleno dia";"Decrescente";"Chuva";"Dupla";"Curva";"Rural";1;0;1;0;0;0;1;1
83433092;"24/01/16";"Domingo";"09:30:00";"RN";304;"37";"MOSSORO";"Outras";"Colisão com objeto fixo";"Sem Vítimas";"Pleno dia";"Crescente";"Chuva";"Dupla";"Reta";"Urbano";1;0;0;0;1;0;0;1
83433094;"22/01/16";"Sexta";"23:20:00";"BA";324;"543";"AMELIA RODRIGUES";"Outras";"Colisão com objeto fixo";"Sem Vítimas";"Plena noite";"Decrescente";"Nublado";"Dupla";"Reta";"Urbano";1;0;0;0;1;0;0;1
83433095;"24/01/16";"Domingo";"15:00:00";"MA";10;"237,7";"GOVERNADOR EDISON LOBAO";"Falta de atenção";"Colisão traseira";"Com Vítimas Feridas";"Pleno dia";"Decrescente";"Sol";"Simples";"Reta";"Rural";6;0;3;0;3;0;3;2
83433096;"24/01/16";"Domingo";"20:10:00";"CE";222;"1,7";"FORTALEZA";"Não guardar distância de segurança";"Colisão traseira";"Sem Vítimas";"Plena noite";"Crescente";"Chuva";"Múltipla";"Reta";"Urbano";3;0;0;0;3;0;0;3
83433097;"24/01/16";"Domingo";"21:05:00";"RS";386;"50,6";"SEBERI";"Ingestão de álcool";"Colisão Transversal";"Com Vítimas Feridas";"Plena noite";"Decrescente";"Ceu Claro";"Simples";"Cruzamento";"Urbano";3;0;1;0;2;0;1;2
83433098;"24/01/16";"Domingo";"20:00:00";"MG";381;"925,6";"ITAPEVA";"Falta de atenção";"Queda de motocicleta / bicicleta / veículo";"Com Vítimas Feridas";"Plena noite";"Crescente";"Chuva";"Dupla";"Curva";"Rural";1;0;1;0;0;0;1;1
83433099;"24/01/16";"Domingo";"18:30:00";"SC";116;"90,8";"MONTE CASTELO";"Ingestão de álcool";"Colisão frontal";"Com Vítimas Feridas";"Pleno dia";"Crescente";"Sol";"Simples";"Reta";"Rural";3;0;1;0;2;0;1;2
83433100;"24/01/16";"Domingo";"18:20:00";"PI";316;"10";"TERESINA";"Outras";"Queda de motocicleta / bicicleta / veículo";"Com Vítimas Feridas";"Anoitecer";"Decrescente";"Chuva";"Simples";"Reta";"Urbano";1;0;0;1;0;0;1;1
83433101;"24/01/16";"Domingo";"19:30:00";"SC";101;"223";"PALHOCA";"Não guardar distância de segurança";"Colisão traseira";"Com Vítimas Feridas";"Pleno dia";"Decrescente";"Ceu Claro";"Dupla";"Reta";"Rural";2;0;1;0;1;0;1;2
83433102;"24/01/16";"Domingo";"10:20:00";"MA";226;"308";"BARRA DO CORDA";"Velocidade incompatível";"Colisão frontal";"Com Vítimas Fatais";"Pleno dia";"Decrescente";"Sol";"Simples";"Curva";"Rural";3;1;0;1;1;0;1;2
83433103;"24/01/16";"Domingo";"16:45:00";"PR";376;"645";"TIJUCAS DO SUL";"Não guardar distância de segurança";"Colisão lateral";"Com Vítimas Feridas";"Pleno dia";"Crescente";"Sol";"Dupla";"Curva";"Urbano";2;0;1;0;1;0;1;2
83433104;"24/01/16";"Domingo";"18:00:00";"SP";381;"75";"SAO PAULO";"Velocidade incompatível";"Capotamento";"Com Vítimas Feridas";"Pleno dia";"Crescente";"Chuva";"Dupla";"Curva";"Rural";1;0;1;0;0;0;1;1
83433105;"24/01/16";"Domingo";"21:15:00";"SC";101;"117";"ITAJAI";"Não guardar distância de segurança";"Colisão traseira";"Com Vítimas Feridas";"Plena noite";"Decrescente";"Nublado";"Dupla";"Reta";"Urbano";2;0;1;0;0;1;1;2
83433106;"24/01/16";"Domingo";"18:30:00";"MG";262;"382";"MATEUS LEME";"Outras";"Capotamento";"Com Vítimas Feridas";"Pleno dia";"Crescente";"Nublado";"Dupla";"Curva";"Rural";3;0;2;0;1;0;2;1
83433107;"24/01/16";"Domingo";"18:00:00";"PI";316;"1,3";"TERESINA";"Desobediência à sinalização";"Colisão Transversal";"Com Vítimas Feridas";"Pleno dia";"Decrescente";"Chuva";"Múltipla";"Cruzamento";"Urbano";3;0;1;0;2;0;1;2
83433108;"23/01/16";"Sábado";"07:10:00";"SP";116;"216,6";"GUARULHOS";"Falta de atenção";"Colisão lateral";"Com Vítimas Fatais";"Amanhecer";"Crescente";"Nublado";"Múltipla";"Reta";"Urbano";7;1;3;1;2;0;4;2
83433109;"24/01/16";"Domingo";"15:50:00";"SC";101;"195";"BIGUACU";"Não guardar distância de segurança";"Colisão traseira";"Com Vítimas Feridas";"Pleno dia";"Crescente";"Sol";"Dupla";"Reta";"Urbano";3;0;2;0;1;0;2;2
83433110;"24/01/16";"Domingo";"21:00:00";"SE";235;"6";"NOSSA SENHORA DO SOCORRO";"Ingestão de álcool";"Queda de motocicleta / bicicleta / veículo";"Com Vítimas Feridas";"Plena noite";"Decrescente";"Ceu Claro";"Dupla";"Reta";"Urbano";1;0;1;0;0;0;1;1
83433111;"24/01/16";"Domingo";"17:00:00";"PA";10;"263";"AURORA DO PARA";"Falta de atenção";"Colisão lateral";"Com Vítimas Feridas";"Pleno dia";"Decrescente";"Nublado";"Simples";"Reta";"Rural";5;0;3;0;2;0;3;2
83433112;"23/01/16";"Sábado";"06:00:00";"BA";101;"190";"CONCEICAO DA FEIRA";"Falta de atenção";"Colisão frontal";"Com Vítimas Feridas";"Pleno dia";"Crescente";"Nublado";"Simples";"Reta";"Rural";3;0;2;0;1;0;2;2
83433113;"24/01/16";"Domingo";"13:25:00";"MT";163;"832";"SINOP";"Falta de atenção";"Queda de motocicleta / bicicleta / veículo";"Com Vítimas Feridas";"Pleno dia";"Crescente";"Sol";"Simples";"Reta";"Urbano";2;0;2;0;0;0;2;1
83433114;"24/01/16";"Domingo";"21:15:00";"GO";153;"514";"APARECIDA DE GOIANIA";"Falta de atenção";"Colisão lateral";"Sem Vítimas";"Plena noite";"Decrescente";"Ceu Claro";"Dupla";"Cruzamento";"Urbano";2;0;0;0;2;0;0;2
83433115;"24/01/16";"Domingo";"16:30:00";"RJ";101;"12";"CAMPOS DOS GOYTACAZES";"Desobediência à sinalização";"Colisão Transversal";"Com Vítimas Fatais";"Pleno dia";"Crescente";"Ceu Claro";"Simples";"Reta";"Rural";6;3;2;0;1;0;2;2
83433116;"24/01/16";"Domingo";"19:15:00";"SC";101;"300,8";"LAGUNA";"Falta de atenção";"Colisão com objeto fixo";"Com Vítimas Feridas";"Pleno dia";"Crescente";"Ceu Claro";"Dupla";"Reta";"Rural";5;0;3;0;2;0;3;1
83433117;"24/01/16";"Domingo";"20:30:00";"PE";101;"86";"JABOATAO DOS GUARARAPES";"Outras";"Colisão Transversal";"Com Vítimas Feridas";"Plena noite";"Crescente";"Nublado";"Dupla";"Reta";"Rural";3;0;1;1;1;0;2;2
83433118;"24/01/16";"Domingo";"16:40:00";"PI";316;"59";"MONSENHOR GIL";"Não guardar distância de segurança";"Colisão traseira";"Sem Vítimas";"Pleno dia";"Decrescente";"Ceu Claro";"Simples";"Reta";"Rural";2;0;0;0;2;0;0;2
83433119;"24/01/16";"Domingo";"15:00:00";"MT";174;"476";"COMODORO";"Outras";"Saída de Pista";"Com Vítimas Feridas";"Pleno dia";"Crescente";"Ceu Claro";"Simples";"Reta";"Rural";4;0;4;0;0;0;4;1
83433120;"24/01/16";"Domingo";"20:10:00";"SC";282;"41";"AGUAS MORNAS";"Falta de atenção";"Colisão Transversal";"Com Vítimas Feridas";"Anoitecer";"Crescente";"Ceu Claro";"Simples";"Reta";"Urbano";2;0;0;1;1;0;1;2
83433121;"24/01/16";"Domingo";"16:55:00";"RN";110;"88";"UPANEMA";"Outras";"Saída de Pista";"Com Vítimas Feridas";"Pleno dia";"Crescente";"Chuva";"Simples";"Reta";"Rural";1;0;1;0;0;0;1;1
83433122;"24/01/16";"Domingo";"21:50:00";"ES";262;"158,9";"IBATIBA";"Desobediência à sinalização";"Colisão frontal";"Com Vítimas Feridas";"Plena noite";"Decrescente";"Chuva";"Simples";"Cruzamento";"Urbano";3;0;2;1;0;0;3;2
83433123;"24/01/16";"Domingo";"21:25:00";"RS";116;"148";"CAXIAS DO SUL";"Falta de atenção";"Atropelamento de pessoa";"Com Vítimas Fatais";"Plena noite";"Decrescente";"Ceu Claro";"Dupla";"Curva";"Urbano";2;1;0;0;1;0;0;1
83433124;"24/01/16";"Domingo";"19:30:00";"PE";232;"247";"ARCOVERDE";"Animais na Pista";"Atropelamento de animal";"Com Vítimas Feridas";"Plena noite";"Crescente";"Nublado";"Simples";"Reta";"Rural";2;0;2;0;0;0;2;1
83433125;"24/01/16";"Domingo";"21:30:00";"SE";101;"123,7";"ITAPORANGA DAJUDA";"Outras";"Saída de Pista";"Com Vítimas Feridas";"Plena noite";"Crescente";"Ceu Claro";"Dupla";"Curva";"Rural";2;0;1;0;1;0;1;1
83433126;"24/01/16";"Domingo";"17:30:00";"MT";364;"504,3";"ROSARIO OESTE";"Defeito mecânico em veículo";"Colisão lateral";"Sem Vítimas";"Pleno dia";"Decrescente";"Sol";"Simples";"Reta";"Rural";3;0;0;0;3;0;0;3
83433127;"24/01/16";"Domingo";"22:00:00";"SP";381;"20,5";"BRAGANCA PAULISTA";"Outras";"Saída de Pista";"Com Vítimas Feridas";"Plena noite";"Decrescente";"Nublado";"Dupla";"Reta";"Rural";1;0;1;0;0;0;1;1
83433128;"24/01/16";"Domingo";"22:25:00";"PR";277;"1";"PARANAGUA";"Falta de atenção";"Queda de motocicleta / bicicleta / veículo";"Com Vítimas Feridas";"Plena noite";"Decrescente";"Ceu Claro";"Dupla";"Reta";"Urbano";1;0;1;0;0;0;1;1
83433130;"24/01/16";"Domingo";"18:50:00";"MS";163;"508";"JARAGUARI";"Ingestão de álcool";"Colisão Transversal";"Com Vítimas Feridas";"Anoitecer";"Crescente";"Ceu Claro";"Simples";"Reta";"Rural";2;0;2;0;0;0;2;2
83433132;"24/01/16";"Domingo";"20:45:00";"SE";101;"39,2";"CAPELA";"Falta de atenção";"Colisão traseira";"Com Vítimas Feridas";"Plena noite";"Crescente";"Nublado";"Dupla";"Reta";"Rural";3;0;2;0;1;0;2;2
83433134;"24/01/16";"Domingo";"21:30:00";"SP";116;"426,9";"JUQUIA";"Ingestão de álcool";"Colisão traseira";"Sem Vítimas";"Plena noite";"Decrescente";"Ceu Claro";"Múltipla";"Reta";"Rural";3;0;0;0;2;1;0;3
83433137;"24/01/16";"Domingo";"16:10:00";"MG";40;"463,5";"SETE LAGOAS";"Defeito na via";"Colisão traseira";"Sem Vítimas";"Pleno dia";"Crescente";"Chuva";"Dupla";"Reta";"Rural";3;0;0;0;3;0;0;3
83433138;"24/01/16";"Domingo";"20:00:00";"BA";101;"570";"ARATACA";"Velocidade incompatível";"Colisão lateral";"Com Vítimas Feridas";"Plena noite";"Crescente";"Chuva";"Simples";"Curva";"Rural";2;0;1;0;1;0;1;2
83433139;"25/01/16";"Segunda";"00:05:00";"PR";277;"723,9";"FOZ DO IGUACU";"Outras";"Colisão traseira";"Com Vítimas Feridas";"Plena noite";"Crescente";"Ceu Claro";"Dupla";"Reta";"Urbano";4;0;2;0;2;0;2;2
83433142;"20/01/16";"Quarta";"08:30:00";"SC";101;"200,1";"SAO JOSE";"Falta de atenção";"Colisão traseira";"Com Vítimas Feridas";"Pleno dia";"Crescente";"Ceu Claro";"Dupla";"Reta";"Urbano";3;0;1;0;1;1;1;3
83433143;"24/01/16";"Domingo";"23:00:00";"SE";235;"8";"NOSSA SENHORA DO SOCORRO";"Ingestão de álcool";"Saída de Pista";"Ignorado";"Plena noite";"Crescente";"Chuva";"Simples";"Curva";"Rural";1;0;0;0;0;1;0;1
83433144;"24/01/16";"Domingo";"21:25:00";"MG";267;"146,7";"LIMA DUARTE";"Falta de atenção";"Atropelamento de pessoa";"Com Vítimas Fatais";"Plena noite";"Decrescente";"Ceu Claro";"Simples";"Reta";"Rural";2;1;0;0;1;0;0;1
83433145;"24/01/16";"Domingo";"17:20:00";"SC";101;"75";"BARRA VELHA";"Ingestão de álcool";"Colisão traseira";"Sem Vítimas";"Pleno dia";"Decrescente";"Sol";"Dupla";"Reta";"Rural";3;0;0;0;3;0;0;2
83433146;"24/01/16";"Domingo";"19:50:00";"MG";40;"748,8";"SANTOS DUMONT";"Desobediência à sinalização";"Colisão lateral";"Com Vítimas Feridas";"Plena noite";"Crescente";"Nublado";"Simples";"Curva";"Rural";2;0;2;0;0;0;2;2
83433147;"24/01/16";"Domingo";"18:40:00";"CE";116;"525,7";"JATI";"Falta de atenção";"Colisão frontal";"Com Vítimas Feridas";"Plena noite";"Crescente";"Nublado";"Simples";"Reta";"Urbano";2;0;1;0;1;0;1;2
83433148;"24/01/16";"Domingo";"13:00:00";"RO";429;"65,5";"PRESIDENTE MEDICI";"Falta de atenção";"Colisão com objeto fixo";"Com Vítimas Feridas";"Pleno dia";"Crescente";"Sol";"Simples";"Curva";"Rural";1;0;0;1;0;0;1;1
83433149;"24/01/16";"Domingo";"17:00:00";"MG";116;"812";"ALEM PARAIBA";"Defeito mecânico em veículo";"Saída de Pista";"Sem Vítimas";"Pleno dia";"Decrescente";"Ceu Claro";"Simples";"Reta";"Rural";1;0;0;0;1;0;0;1
83433150;"24/01/16";"Domingo";"18:30:00";"MG";381;"719,5";"CARMO DA CACHOEIRA";"Velocidade incompatível";"Capotamento";"Sem Vítimas";"Pleno dia";"Crescente";"Ceu Claro";"Dupla";"Reta";"Rural";1;0;0;0;1;0;0;1
83433151;"24/01/16";"Domingo";"15:30:00";"MG";40;"462,8";"SETE LAGOAS";"Defeito na via";"Colisão traseira";"Com Vítimas Feridas";"Pleno dia";"Crescente";"Chuva";"Dupla";"Reta";"Rural";5;0;2;0;3;0;2;3
83433152;"24/01/16";"Domingo";"21:00:00";"SC";470;"108,5";"APIUNA";"Ultrapassagem indevida";"Colisão frontal";"Com Vítimas Feridas";"Plena noite";"Crescente";"Ceu Claro";"Simples";"Reta";"Urbano";7;0;0;4;3;0;4;4
83433153;"24/01/16";"Domingo";"16:45:00";"PR";373;"441";"CHOPINZINHO";"Outras";"Colisão traseira";"Com Vítimas Feridas";"Pleno dia";"Crescente";"Ceu Claro";"Simples";"Reta";"Rural";2;0;1;0;1;0;1;2
83433154;"25/01/16";"Segunda";"00:45:00";"MG";365;"635,5";"UBERLANDIA";"Defeito na via";"Queda de motocicleta / bicicleta / veículo";"Com Vítimas Feridas";"Plena noite";"Decrescente";"Ceu Claro";"Dupla";"Reta";"Rural";2;0;1;1;0;0;2;1
83433155;"25/01/16";"Segunda";"00:50:00";"ES";101;"138";"LINHARES";"Desobediência à sinalização";"Colisão frontal";"Com Vítimas Feridas";"Plena noite";"Crescente";"Nublado";"Simples";"Reta";"Urbano";6;0;2;1;2;1;3;2
83433157;"24/01/16";"Domingo";"11:55:00";"AL";101;"204";"SAO SEBASTIAO";"Defeito mecânico em veículo";"Tombamento";"Com Vítimas Feridas";"Pleno dia";"Crescente";"Sol";"Dupla";"Curva";"Rural";2;0;1;0;1;0;1;2
83433158;"24/01/16";"Domingo";"17:00:00";"BA";116;"696,2";"JEQUIE";"Velocidade incompatível";"Capotamento";"Com Vítimas Feridas";"Pleno dia";"Decrescente";"Chuva";"Simples";"Curva";"Rural";3;0;2;0;1;0;2;1
83433159;"24/01/16";"Domingo";"20:30:00";"PE";232;"279";"SERTANIA";"Outras";"Atropelamento de pessoa";"Com Vítimas Feridas";"Plena noite";"Decrescente";"Ceu Claro";"Simples";"Reta";"Urbano";2;0;0;1;1;0;1;1
83433160;"25/01/16";"Segunda";"01:50:00";"PR";376;"409,5";"TIBAGI";"Dormindo";"Capotamento";"Com Vítimas Feridas";"Plena noite";"Crescente";"Ceu Claro";"Simples";"Reta";"Rural";2;0;1;0;1;0;1;1
83433161;"24/01/16";"Domingo";"21:30:00";"PR";376;"618,1";"SAO JOSE DOS PINHAIS";"Falta de atenção";"Atropelamento de pessoa";"Com Vítimas Fatais";"Plena noite";"Decrescente";"Ceu Claro";"Dupla";"Reta";"Urbano";2;1;0;0;1;0;0;1
83433162;"24/01/16";"Domingo";"16:30:00";"SP";101;"36,8";"UBATUBA";"Outras";"Capotamento";"Com Vítimas Feridas";"Pleno dia";"Crescente";"Nublado";"Simples";"Reta";"Rural";4;0;3;0;1;0;3;1
83433163;"24/01/16";"Domingo";"17:50:00";"CE";116;"44,3";"PACAJUS";"Falta de atenção";"Colisão lateral";"Com Vítimas Fatais";"Anoitecer";"Decrescente";"Chuva";"Múltipla";"Reta";"Rural";3;1;0;1;1;0;1;2
83433164;"24/01/16";"Domingo";"18:30:00";"MA";135;"49";"BACABEIRA";"Ingestão de álcool";"Colisão traseira";"Sem Vítimas";"Plena noite";"Decrescente";"Ceu Claro";"Dupla";"Reta";"Rural";2;0;0;0;2;0;0;2
83433165;"24/01/16";"Domingo";"20:20:00";"GO";40;"8";"VALPARAISO DE GOIAS";"Falta de atenção";"Colisão traseira";"Com Vítimas Feridas";"Plena noite";"Crescente";"Chuva";"Dupla";"Reta";"Urbano";2;0;1;0;1;0;1;2
83433166;"24/01/16";"Domingo";"16:00:00";"ES";101;"259,2";"SERRA";"Outras";"Saída de Pista";"Sem Vítimas";"Pleno dia";"Decrescente";"Chuva";"Dupla";"Reta";"Urbano";2;0;0;0;1;1;0;2
83433167;"24/01/16";"Domingo";"19:40:00";"RN";304;"38,5";"MOSSORO";"Defeito na via";"Atropelamento de pessoa";"Com Vítimas Fatais";"Plena noite";"Crescente";"Ceu Claro";"Dupla";"Reta";"Urbano";2;1;0;0;0;1;0;1
83433168;"24/01/16";"Domingo";"21:30:00";"PA";155;"307";"MARABA";"Ingestão de álcool";"Saída de Pista";"Com Vítimas Fatais";"Plena noite";"Crescente";"Ceu Claro";"Simples";"Reta";"Rural";3;1;0;0;2;0;0;1
83433169;"16/01/16";"Sábado";"18:45:00";"RJ";356;"121";"CAMPOS DOS GOYTACAZES";"Outras";"Queda de motocicleta / bicicleta / veículo";"Com Vítimas Fatais";"Anoitecer";"Crescente";"Chuva";"Simples";"Reta";"Rural";1;1;0;0;0;0;0;1
83433170;"24/01/16";"Domingo";"19:50:00";"PR";476;"136";"CURITIBA";"Não guardar distância de segurança";"Colisão lateral";"Com Vítimas Feridas";"Anoitecer";"Decrescente";"Ceu Claro";"Múltipla";"Reta";"Urbano";3;0;2;0;1;0;2;2
83433171;"25/01/16";"Segunda";"03:45:00";"RS";101;"3";"TORRES";"Velocidade incompatível";"Colisão com objeto fixo";"Com Vítimas Feridas";"Plena noite";"Decrescente";"Nublado";"Dupla";"Curva";"Rural";1;0;1;0;0;0;1;1
83433172;"25/01/16";"Segunda";"04:00:00";"RJ";101;"314";"SAO GONCALO";"Falta de atenção";"Colisão com objeto fixo";"Ignorado";"Plena noite";"Crescente";"Ignorada";"Dupla";"Reta";"Urbano";1;0;0;0;0;1;0;1
83433173;"25/01/16";"Segunda";"01:10:00";"PI";316;"303";"PICOS";"Velocidade incompatível";"Colisão Transversal";"Com Vítimas Feridas";"Plena noite";"Crescente";"Ceu Claro";"Simples";"Curva";"Urbano";2;0;0;1;0;1;1;2
83433174;"24/01/16";"Domingo";"19:40:00";"BA";101;"923";"NOVA VICOSA";"Ingestão de álcool";"Colisão frontal";"Com Vítimas Feridas";"Plena noite";"Crescente";"Nublado";"Simples";"Reta";"Rural";5;0;4;1;0;0;5;2
83433176;"24/01/16";"Domingo";"22:30:00";"SC";101;"277,3";"IMBITUBA";"Falta de atenção";"Colisão lateral";"Sem Vítimas";"Plena noite";"Decrescente";"Ceu Claro";"Dupla";"Reta";"Urbano";2;0;0;0;2;0;0;2
83433177;"20/01/16";"Quarta";"12:40:00";"TO";153;"233,5";"ARAGUAINA";"Outras";"Saída de Pista";"Com Vítimas Feridas";"Pleno dia";"Crescente";"Chuva";"Simples";"Reta";"Rural";3;0;2;0;1;0;2;1
83433178;"24/01/16";"Domingo";"19:10:00";"RJ";116;"269,3";"BARRA MANSA";"Outras";"Tombamento";"Com Vítimas Feridas";"Anoitecer";"Crescente";"Ceu Claro";"Dupla";"Curva";"Rural";1;0;1;0;0;0;1;1
83433179;"24/01/16";"Domingo";"17:25:00";"MG";40;"462,8";"SETE LAGOAS";"Velocidade incompatível";"Colisão traseira";"Sem Vítimas";"Pleno dia";"Crescente";"Chuva";"Dupla";"Reta";"Rural";2;0;0;0;2;0;0;2
83433180;"24/01/16";"Domingo";"19:20:00";"AC";364;"132";"RIO BRANCO";"Falta de atenção";"Colisão Transversal";"Com Vítimas Feridas";"Plena noite";"Decrescente";"Ceu Claro";"Dupla";"Cruzamento";"Urbano";3;0;2;0;0;1;2;2
83433181;"24/01/16";"Domingo";"17:30:00";"MT";364;"188";"RONDONOPOLIS";"Falta de atenção";"Colisão traseira";"Com Vítimas Feridas";"Pleno dia";"Crescente";"Ceu Claro";"Simples";"Reta";"Rural";3;0;2;0;1;0;2;2