"id";"data_inversa";"dia_semana";"horario";"uf";"br";"km";"municipio";"causa_acidente";"tipo_acidente";"classificacao_acidente";"fase_dia";"sentido_via";"condicao_metereologica";"tipo_pista";"tracado_via";"uso_solo";"pessoas";"mortos";"feridos_leves";"feridos_graves";"ilesos";"ignorados";"feridos";"veiculos"
83433182;"25/01/16";"Segunda";"05:30:00";"SP";381;"31";"ATIBAIA";"Defeito mecânico em veículo";"Capotamento";"Sem Vítimas";"Plena noite";"Crescente";"Nevoeiro/neblina";"Dupla";"Curva";"Rural";1;0;0;0;1;0;0;1
83433183;"24/01/16";"Domingo";"19:30:00";"MG";251;"425";"GRAO MOGOL";"Falta de atenção";"Colisão traseira";"Com Vítimas Feridas";"Plena noite";"Crescente";"Chuva";"Simples";"Reta";"Rural";3;0;2;0;1;0;2;2
83433184;"24/01/16";"Domingo";"16:30:00";"PE";423;"148";"IATI";"Falta de atenção";"Colisão lateral";"Sem Vítimas";"Pleno dia";"Crescente";"Ceu Claro";"Simples";"Reta";"Rural";2;0;0;0;2;0;0;2
83433185;"24/01/16";"Domingo";"22:05:00";"SC";470;"175";"POUSO REDONDO";"Falta de atenção";"Colisão Transversal";"Com Vítimas Feridas";"Plena noite";"Decrescente";"Ceu Claro";"Simples";"Reta";"Urbano";2;0;1;0;1;0;1;2
83433186;"25/01/16";"Segunda";"02:15:00";"MT";163;"796";"VERA";"Falta de atenção";"Colisão com objeto móvel";"Ignorado";"Plena noite";"Decrescente";"Ceu Claro";"Simples";"Reta";"Rural";1;0;0;0;0;1;0;1
83433187;"24/01/16";"Domingo";"22:15:00";"RJ";101;"195";"CASIMIRO DE ABREU";"Outras";"Saída de Pista";"Com Vítimas Feridas";"Plena noite";"Decrescente";"Ceu Claro";"Dupla";"Curva";"Rural";2;0;1;0;1;0;1;1
83433188;"25/01/16";"Segunda";"06:45:00";"SC";101;"257,9";"PAULO LOPES";"Outras";"Colisão lateral";"Com Vítimas Feridas";"Amanhecer";"Decrescente";"Ceu Claro";"Dupla";"Reta";"Rural";2;0;1;0;0;1;1;2
83433189;"25/01/16";"Segunda";"05:55:00";"MT";163;"46,4";"ITIQUIRA";"Falta de atenção";"Colisão Transversal";"Com Vítimas Feridas";"Amanhecer";"Decrescente";"Ceu Claro";"Simples";"Reta";"Rural";2;0;0;1;1;0;1;2
83433190;"21/01/16";"Quinta";"22:00:00";"MT";364;"145";"PEDRA PRETA";"Outras";"Colisão traseira";"Sem Vítimas";"Plena noite";"Decrescente";"Ceu Claro";"Simples";"Reta";"Rural";2;0;0;0;2;0;0;2
83433191;"23/01/16";"Sábado";"17:40:00";"SC";101;"342,1";"TUBARAO";"Outras";"Colisão com objeto fixo";"Com Vítimas Feridas";"Pleno dia";"Decrescente";"Ceu Claro";"Simples";"Reta";"Urbano";2;0;0;2;0;0;2;1
83433192;"21/01/16";"Quinta";"08:00:00";"ES";101;"287";"CARIACICA";"Defeito na via";"Queda de motocicleta / bicicleta / veículo";"Com Vítimas Feridas";"Pleno dia";"Crescente";"Chuva";"Dupla";"Reta";"Urbano";1;0;1;0;0;0;1;1
83433193;"23/01/16";"Sábado";"06:40:00";"MT";364;"349";"SANTO ANTONIO DO LEVERGER";"Defeito mecânico em veículo";"Saída de Pista";"Sem Vítimas";"Pleno dia";"Crescente";"Nublado";"Simples";"Curva";"Rural";1;0;0;0;1;0;0;1
83433194;"23/01/16";"Sábado";"03:45:00";"BA";324;"554";"AMELIA RODRIGUES";"Outras";"Saída de Pista";"Sem Vítimas";"Plena noite";"Decrescente";"Nublado";"Dupla";"Reta";"Rural";1;0;0;0;1;0;0;1
83433195;"25/01/16";"Segunda";"06:00:00";"MG";116;"247";"TEOFILO OTONI";"Falta de atenção";"Colisão lateral";"Sem Vítimas";"Amanhecer";"Crescente";"Chuva";"Simples";"Curva";"Rural";2;0;0;0;2;0;0;2
83433198;"24/01/16";"Domingo";"22:30:00";"GO";153;"444,1";"ANAPOLIS";"Outras";"Queda de motocicleta / bicicleta / veículo";"Com Vítimas Feridas";"Plena noite";"Crescente";"Ceu Claro";"Dupla";"Cruzamento";"Urbano";1;0;0;1;0;0;1;1
83433199;"25/01/16";"Segunda";"06:20:00";"SP";116;"154,5";"SAO JOSE DOS CAMPOS";"Outras";"Colisão lateral";"Sem Vítimas";"Pleno dia";"Crescente";"Ceu Claro";"Dupla";"Reta";"Urbano";3;0;0;0;2;1;0;3
83433200;"25/01/16";"Segunda";"06:35:00";"MT";364;"320";"CAMPO VERDE";"Não guardar distância de segurança";"Colisão frontal";"Sem Vítimas";"Amanhecer";"Crescente";"Ceu Claro";"Simples";"Reta";"Rural";2;0;0;0;2;0;0;2
83433201;"17/01/16";"Domingo";"22:15:00";"CE";222;"6";"CAUCAIA";"Outras";"Danos Eventuais";"Com Vítimas Feridas";"Plena noite";"Decrescente";"Nublado";"Dupla";"Curva";"Urbano";5;0;2;2;0;1;4;1
83433202;"25/01/16";"Segunda";"07:50:00";"SP";153;"61";"SAO JOSE DO RIO PRETO";"Não guardar distância de segurança";"Colisão traseira";"Com Vítimas Feridas";"Pleno dia";"Crescente";"Ceu Claro";"Dupla";"Reta";"Urbano";2;0;1;0;1;0;1;2
83433204;"22/01/16";"Sexta";"04:00:00";"SC";101;"127,5";"ITAJAI";"Outras";"Saída de Pista";"Ignorado";"Plena noite";"Decrescente";"Ceu Claro";"Dupla";"Reta";"Rural";1;0;0;0;0;1;0;1
83433205;"25/01/16";"Segunda";"06:40:00";"RS";386;"366";"FAZENDA VILANOVA";"Velocidade incompatível";"Tombamento";"Com Vítimas Feridas";"Pleno dia";"Crescente";"Ceu Claro";"Dupla";"Reta";"Rural";1;0;0;1;0;0;1;1
83433206;"22/01/16";"Sexta";"15:00:00";"RS";290;"99";"PORTO ALEGRE";"Outras";"Colisão traseira";"Sem Vítimas";"Pleno dia";"Crescente";"Ceu Claro";"Dupla";"Reta";"Urbano";2;0;0;0;2;0;0;2
83433207;"17/01/16";"Domingo";"10:00:00";"MG";40;"464,1";"SETE LAGOAS";"Falta de atenção";"Colisão lateral";"Com Vítimas Feridas";"Pleno dia";"Crescente";"Chuva";"Dupla";"Reta";"Rural";3;0;1;0;1;1;1;2
83433208;"25/01/16";"Segunda";"07:00:00";"RJ";40;"119";"DUQUE DE CAXIAS";"Outras";"Capotamento";"Com Vítimas Feridas";"Pleno dia";"Decrescente";"Ceu Claro";"Dupla";"Reta";"Urbano";1;0;1;0;0;0;1;1
83433209;"22/01/16";"Sexta";"06:00:00";"RJ";116;"168";"SAO JOAO DE MERITI";"Outras";"Colisão com objeto fixo";"Sem Vítimas";"Amanhecer";"Crescente";"Ceu Claro";"Dupla";"Reta";"Urbano";1;0;0;0;1;0;0;1
83433210;"21/01/16";"Quinta";"11:20:00";"ES";101;"107,2";"SOORETAMA";"Não guardar distância de segurança";"Colisão traseira";"Com Vítimas Feridas";"Pleno dia";"Decrescente";"Nublado";"Simples";"Reta";"Rural";3;0;1;1;1;0;2;2
83433211;"24/01/16";"Domingo";"06:30:00";"BA";242;"816,4";"BARREIRAS";"Dormindo";"Saída de Pista";"Com Vítimas Feridas";"Amanhecer";"Decrescente";"Nublado";"Simples";"Reta";"Rural";5;0;4;0;1;0;4;1
83433213;"22/01/16";"Sexta";"20:30:00";"MG";267;"68,1";"BICAS";"Velocidade incompatível";"Colisão com objeto fixo";"Com Vítimas Feridas";"Plena noite";"Crescente";"Nublado";"Simples";"Curva";"Rural";1;0;1;0;0;0;1;1
83433214;"09/01/16";"Sábado";"19:00:00";"BA";324;"620";"SALVADOR";"Não guardar distância de segurança";"Colisão traseira";"Sem Vítimas";"Plena noite";"Decrescente";"Nublado";"Dupla";"Reta";"Urbano";2;0;0;0;2;0;0;2
83433215;"24/01/16";"Domingo";"05:50:00";"RS";158;"342,5";"SANTA MARIA";"Ingestão de álcool";"Colisão traseira";"Com Vítimas Feridas";"Plena noite";"Crescente";"Ceu Claro";"Simples";"Reta";"Rural";3;0;0;2;1;0;2;2
83433217;"16/01/16";"Sábado";"17:30:00";"PR";277;"1";"FOZ DO IGUACU";"Falta de atenção";"Colisão Transversal";"Com Vítimas Feridas";"Pleno dia";"Crescente";"Ceu Claro";"Dupla";"Cruzamento";"Urbano";2;0;1;0;1;0;1;2
83433218;"22/01/16";"Sexta";"05:10:00";"BA";101;"912";"NOVA VICOSA";"Defeito mecânico em veículo";"Colisão lateral";"Sem Vítimas";"Amanhecer";"Crescente";"Nublado";"Simples";"Reta";"Rural";5;0;0;0;5;0;0;2
83433219;"21/01/16";"Quinta";"14:00:00";"SC";101;"208";"SAO JOSE";"Falta de atenção";"Colisão lateral";"Com Vítimas Feridas";"Pleno dia";"Decrescente";"Ceu Claro";"Dupla";"Reta";"Urbano";2;0;1;0;1;0;1;2
83433220;"24/01/16";"Domingo";"07:25:00";"PR";277;"358,9";"GUARAPUAVA";"Velocidade incompatível";"Capotamento";"Com Vítimas Feridas";"Pleno dia";"Crescente";"Sol";"Simples";"Reta";"Rural";1;0;1;0;0;0;1;1
83433221;"21/01/16";"Quinta";"16:30:00";"PI";135;"632";"CRISTALANDIA DO PIAUI";"Defeito na via";"Colisão frontal";"Com Vítimas Feridas";"Anoitecer";"Crescente";"Chuva";"Simples";"Curva";"Rural";3;0;1;0;2;0;1;2
83433223;"22/01/16";"Sexta";"23:30:00";"BA";101;"485";"ITAJUIPE";"Velocidade incompatível";"Saída de Pista";"Com Vítimas Feridas";"Plena noite";"Decrescente";"Chuva";"Simples";"Curva";"Rural";2;0;1;0;1;0;1;1
83433224;"17/01/16";"Domingo";"21:30:00";"MA";135;"5,9";"SAO LUIS";"Outras";"Capotamento";"Sem Vítimas";"Plena noite";"Crescente";"Ceu Claro";"Dupla";"Reta";"Urbano";1;0;0;0;1;0;0;1
83433225;"09/01/16";"Sábado";"19:50:00";"BA";324;"619";"SALVADOR";"Velocidade incompatível";"Capotamento";"Ignorado";"Plena noite";"Crescente";"Nublado";"Dupla";"Reta";"Urbano";1;0;0;0;0;1;0;1
83433226;"25/01/16";"Segunda";"05:15:00";"MG";40;"790,6";"JUIZ DE FORA";"Dormindo";"Colisão com objeto fixo";"Sem Vítimas";"Amanhecer";"Crescente";"Nublado";"Dupla";"Curva";"Rural";1;0;0;0;1;0;0;1
83433228;"25/01/16";"Segunda";"08:20:00";"PR";277;"165";"PALMEIRA";"Outras";"Saída de Pista";"Com Vítimas Feridas";"Pleno dia";"Decrescente";"Sol";"Simples";"Reta";"Rural";2;0;2;0;0;0;2;1
83433229;"25/01/16";"Segunda";"06:00:00";"BA";407;"88";"JAGUARARI";"Dormindo";"Saída de Pista";"Sem Vítimas";"Pleno dia";"Crescente";"Chuva";"Simples";"Reta";"Rural";1;0;0;0;1;0;0;1
83433231;"21/01/16";"Quinta";"09:00:00";"MG";381;"593";"CARMOPOLIS DE MINAS";"Velocidade incompatível";"Saída de Pista";"Sem Vítimas";"Pleno dia";"Crescente";"Nublado";"Dupla";"Curva";"Rural";3;0;0;0;3;0;0;1
83433232;"22/01/16";"Sexta";"14:40:00";"MG";381;"865,6";"POUSO ALEGRE";"Velocidade incompatível";"Colisão traseira";"Com Vítimas Feridas";"Pleno dia";"Crescente";"Sol";"Dupla";"Curva";"Rural";2;0;1;0;1;0;1;2
83433233;"25/01/16";"Segunda";"08:00:00";"PE";407;"126,4";"PETROLINA";"Desobediência à sinalização";"Colisão Transversal";"Com Vítimas Feridas";"Pleno dia";"Crescente";"Nublado";"Simples";"Curva";"Urbano";3;0;3;0;0;0;3;2
83433234;"25/01/16";"Segunda";"07:25:00";"SP";153;"64";"SAO JOSE DO RIO PRETO";"Falta de atenção";"Queda de motocicleta / bicicleta / veículo";"Com Vítimas Feridas";"Pleno dia";"Crescente";"Ceu Claro";"Dupla";"Reta";"Urbano";1;0;1;0;0;0;1;1
83433235;"25/01/16";"Segunda";"06:50:00";"SC";282;"410,6";"CATANDUVAS";"Dormindo";"Saída de Pista";"Sem Vítimas";"Pleno dia";"Decrescente";"Sol";"Simples";"Reta";"Urbano";1;0;0;0;1;0;0;1
83433236;"22/01/16";"Sexta";"04:00:00";"PR";376;"665";"GUARATUBA";"Dormindo";"Tombamento";"Sem Vítimas";"Plena noite";"Decrescente";"Ceu Claro";"Múltipla";"Curva";"Rural";1;0;0;0;1;0;0;1
83433239;"21/01/16";"Quinta";"05:45:00";"MS";267;"522";"JARDIM";"Animais na Pista";"Atropelamento de animal";"Com Vítimas Feridas";"Amanhecer";"Decrescente";"Ceu Claro";"Simples";"Reta";"Rural";2;0;2;0;0;0;2;1
83433240;"25/01/16";"Segunda";"07:15:00";"SP";153;"64";"SAO JOSE DO RIO PRETO";"Outras";"Colisão traseira";"Com Vítimas Feridas";"Pleno dia";"Crescente";"Ceu Claro";"Dupla";"Reta";"Urbano";2;0;1;0;1;0;1;2
83433242;"25/01/16";"Segunda";"07:30:00";"PR";476;"122";"CURITIBA";"Desobediência à sinalização";"Colisão Transversal";"Com Vítimas Feridas";"Pleno dia";"Crescente";"Ceu Claro";"Múltipla";"Reta";"Urbano";2;0;1;0;1;0;1;2
83433244;"25/01/16";"Segunda";"08:35:00";"RS";116;"153";"CAXIAS DO SUL";"Falta de atenção";"Colisão traseira";"Com Vítimas Feridas";"Pleno dia";"Decrescente";"Ceu Claro";"Dupla";"Reta";"Urbano";2;0;1;0;1;0;1;2
83433245;"23/01/16";"Sábado";"16:20:00";"PB";427;"36";"POMBAL";"Falta de atenção";"Colisão traseira";"Com Vítimas Feridas";"Pleno dia";"Crescente";"Ceu Claro";"Simples";"Reta";"Urbano";2;0;0;1;1;0;1;2
83433247;"25/01/16";"Segunda";"10:00:00";"PR";277;"1,6";"PARANAGUA";"Desobediência à sinalização";"Colisão Transversal";"Com Vítimas Feridas";"Pleno dia";"Crescente";"Ceu Claro";"Simples";"Reta";"Urbano";2;0;1;0;1;0;1;2
83433248;"23/01/16";"Sábado";"17:00:00";"MG";40;"524";"NOVA LIMA";"Outras";"Saída de Pista";"Com Vítimas Feridas";"Pleno dia";"Decrescente";"Nublado";"Dupla";"Reta";"Urbano";2;0;1;1;0;0;2;2
83433249;"25/01/16";"Segunda";"08:00:00";"SC";101;"214,3";"PALHOCA";"Não guardar distância de segurança";"Colisão traseira";"Com Vítimas Feridas";"Pleno dia";"Decrescente";"Ceu Claro";"Múltipla";"Reta";"Urbano";3;0;1;0;2;0;1;3
83433250;"17/01/16";"Domingo";"20:20:00";"CE";116;"23";"ITAITINGA";"Ingestão de álcool";"Colisão traseira";"Com Vítimas Feridas";"Plena noite";"Decrescente";"Ceu Claro";"Dupla";"Reta";"Urbano";2;0;1;0;1;0;1;2
83433251;"25/01/16";"Segunda";"04:30:00";"RS";116;"452";"SAO LOURENCO DO SUL";"Velocidade incompatível";"Saída de Pista";"Ignorado";"Plena noite";"Crescente";"Ceu Claro";"Simples";"Reta";"Rural";1;0;0;0;0;1;0;1
83433252;"21/01/16";"Quinta";"19:00:00";"MG";381;"529";"BRUMADINHO";"Velocidade incompatível";"Saída de Pista";"Com Vítimas Feridas";"Anoitecer";"Decrescente";"Nublado";"Dupla";"Curva";"Rural";1;0;1;0;0;0;1;1
83433253;"25/01/16";"Segunda";"03:50:00";"PE";104;"38";"CARUARU";"Outras";"Tombamento";"Sem Vítimas";"Amanhecer";"Decrescente";"Nevoeiro/neblina";"Dupla";"Reta";"Rural";1;0;0;0;1;0;0;1
83433254;"23/01/16";"Sábado";"19:00:00";"PB";361;"21,6";"SANTA TERESINHA";"Animais na Pista";"Atropelamento de animal";"Com Vítimas Fatais";"Plena noite";"Crescente";"Nublado";"Simples";"Reta";"Urbano";1;1;0;0;0;0;0;1
83433255;"25/01/16";"Segunda";"09:00:00";"SC";101;"338,1";"TUBARAO";"Falta de atenção";"Colisão traseira";"Sem Vítimas";"Pleno dia";"Crescente";"Sol";"Dupla";"Reta";"Urbano";5;0;0;0;5;0;0;5
83433256;"25/01/16";"Segunda";"09:40:00";"RS";290;"249,8";"CACHOEIRA DO SUL";"Defeito mecânico em veículo";"Saída de Pista";"Sem Vítimas";"Pleno dia";"Crescente";"Ceu Claro";"Simples";"Reta";"Rural";1;0;0;0;1;0;0;1
83433258;"25/01/16";"Segunda";"07:40:00";"SP";116;"467";"JACUPIRANGA";"Outras";"Queda de motocicleta / bicicleta / veículo";"Com Vítimas Feridas";"Pleno dia";"Decrescente";"Ceu Claro";"Dupla";"Reta";"Rural";1;0;1;0;0;0;1;1
83433259;"25/01/16";"Segunda";"07:30:00";"RN";101;"104,2";"PARNAMIRIM";"Não guardar distância de segurança";"Colisão lateral";"Com Vítimas Feridas";"Pleno dia";"Decrescente";"Chuva";"Múltipla";"Reta";"Urbano";3;0;1;0;1;1;1;3
83433260;"25/01/16";"Segunda";"08:00:00";"PR";476;"123";"CURITIBA";"Falta de atenção";"Colisão lateral";"Com Vítimas Feridas";"Pleno dia";"Crescente";"Sol";"Dupla";"Reta";"Urbano";2;0;1;0;1;0;1;2
83433261;"25/01/16";"Segunda";"10:40:00";"SC";280;"193,3";"MAFRA";"Velocidade incompatível";"Colisão traseira";"Com Vítimas Feridas";"Pleno dia";"Crescente";"Sol";"Simples";"Reta";"Rural";3;0;1;0;2;0;1;2
83433262;"20/01/16";"Quarta";"08:10:00";"BA";101;"216";"GOVERNADOR MANGABEIRA";"Outras";"Atropelamento de animal";"Com Vítimas Feridas";"Pleno dia";"Crescente";"Chuva";"Simples";"Reta";"Rural";1;0;1;0;0;0;1;1
83433263;"21/01/16";"Quinta";"14:40:00";"PR";376;"411";"TIBAGI";"Falta de atenção";"Colisão traseira";"Sem Vítimas";"Pleno dia";"Crescente";"Sol";"Simples";"Reta";"Rural";2;0;0;0;1;1;0;2
83433264;"21/01/16";"Quinta";"20:50:00";"BA";101;"724";"EUNAPOLIS";"Velocidade incompatível";"Capotamento";"Com Vítimas Feridas";"Plena noite";"Crescente";"Nublado";"Simples";"Curva";"Rural";2;0;1;0;1;0;1;1
83433265;"25/01/16";"Segunda";"10:30:00";"RJ";101;"524,1";"ANGRA DOS REIS";"Outras";"Saída de Pista";"Com Vítimas Feridas";"Pleno dia";"Crescente";"Nublado";"Simples";"Reta";"Rural";2;0;1;0;0;1;1;2
83433266;"21/01/16";"Quinta";"19:30:00";"CE";116;"50,5";"PACAJUS";"Falta de atenção";"Colisão com bicicleta";"Com Vítimas Fatais";"Plena noite";"Decrescente";"Nublado";"Dupla";"Reta";"Rural";2;1;1;0;0;0;1;2
83433267;"25/01/16";"Segunda";"07:20:00";"SP";153;"59";"SAO JOSE DO RIO PRETO";"Falta de atenção";"Colisão traseira";"Com Vítimas Feridas";"Pleno dia";"Crescente";"Ceu Claro";"Simples";"Reta";"Urbano";4;0;2;0;2;0;2;3
83433268;"21/01/16";"Quinta";"20:40:00";"SP";153;"58,8";"SAO JOSE DO RIO PRETO";"Defeito na via";"Danos Eventuais";"Com Vítimas Feridas";"Plena noite";"Crescente";"Nublado";"Simples";"Cruzamento";"Urbano";2;0;2;0;0;0;2;1
83433269;"24/01/16";"Domingo";"06:10:00";"MT";163;"49";"ITIQUIRA";"Ultrapassagem indevida";"Colisão lateral";"Sem Vítimas";"Amanhecer";"Decrescente";"Ceu Claro";"Simples";"Reta";"Rural";7;0;0;0;7;0;0;2
83433270;"25/01/16";"Segunda";"09:20:00";"MG";365;"627";"UBERLANDIA";"Falta de atenção";"Colisão traseira";"Sem Vítimas";"Pleno dia";"Crescente";"Ceu Claro";"Dupla";"Curva";"Urbano";2;0;0;0;2;0;0;2
83433271;"25/01/16";"Segunda";"11:50:00";"SC";101;"193,9";"BIGUACU";"Falta de atenção";"Colisão com bicicleta";"Com Vítimas Feridas";"Pleno dia";"Crescente";"Ceu Claro";"Dupla";"Reta";"Urbano";2;0;1;0;1;0;1;2
83433272;"25/01/16";"Segunda";"10:10:00";"SP";101;"45,5";"UBATUBA";"Ingestão de álcool";"Colisão traseira";"Sem Vítimas";"Amanhecer";"Decrescente";"Ceu Claro";"Simples";"Reta";"Urbano";2;0;0;0;2;0;0;2
83433273;"25/01/16";"Segunda";"08:45:00";"SC";163;"100,9";"SAO JOSE DO CEDRO";"Não guardar distância de segurança";"Colisão frontal";"Com Vítimas Feridas";"Pleno dia";"Crescente";"Ceu Claro";"Simples";"Reta";"Urbano";2;0;0;1;1;0;1;2
83433274;"25/01/16";"Segunda";"06:50:00";"PE";101;"203";"XEXEU";"Falta de atenção";"Colisão traseira";"Sem Vítimas";"Pleno dia";"Crescente";"Sol";"Simples";"Reta";"Urbano";2;0;0;0;1;1;0;2
83433275;"25/01/16";"Segunda";"10:40:00";"MG";354;"719,3";"POUSO ALTO";"Defeito mecânico em veículo";"Colisão com objeto fixo";"Com Vítimas Feridas";"Pleno dia";"Decrescente";"Ceu Claro";"Simples";"Curva";"Rural";2;0;2;0;0;0;2;1
83433276;"25/01/16";"Segunda";"06:15:00";"SP";116;"444,9";"REGISTRO";"Falta de atenção";"Colisão Transversal";"Com Vítimas Feridas";"Amanhecer";"Crescente";"Ceu Claro";"Múltipla";"Cruzamento";"Urbano";4;0;2;2;0;0;4;2
83433277;"21/01/16";"Quinta";"15:00:00";"MG";381;"483";"BETIM";"Não guardar distância de segurança";"Colisão traseira";"Com Vítimas Feridas";"Pleno dia";"Decrescente";"Ceu Claro";"Dupla";"Reta";"Urbano";2;0;0;1;1;0;1;2
83433279;"22/01/16";"Sexta";"06:30:00";"PE";101;"86";"JABOATAO DOS GUARARAPES";"Falta de atenção";"Tombamento";"Sem Vítimas";"Pleno dia";"Decrescente";"Nublado";"Dupla";"Reta";"Urbano";1;0;0;0;1;0;0;1
83433280;"25/01/16";"Segunda";"11:00:00";"RS";386;"70,5";"BOA VISTA DAS MISSOES";"Falta de atenção";"Colisão Transversal";"Sem Vítimas";"Pleno dia";"Decrescente";"Sol";"Simples";"Reta";"Rural";2;0;0;0;2;0;0;2
83433281;"22/01/16";"Sexta";"18:40:00";"SC";282;"417,5";"VARGEM BONITA";"Falta de atenção";"Colisão Transversal";"Sem Vítimas";"Pleno dia";"Decrescente";"Ceu Claro";"Simples";"Reta";"Rural";2;0;0;0;2;0;0;2
83433282;"25/01/16";"Segunda";"08:00:00";"PR";376;"53,7";"GUAIRACA";"Dormindo";"Colisão frontal";"Com Vítimas Feridas";"Pleno dia";"Crescente";"Ceu Claro";"Simples";"Reta";"Rural";8;0;2;1;5;0;3;5
83433283;"25/01/16";"Segunda";"08:00:00";"RS";116;"149,9";"CAXIAS DO SUL";"Velocidade incompatível";"Colisão traseira";"Com Vítimas Feridas";"Pleno dia";"Crescente";"Ceu Claro";"Dupla";"Reta";"Urbano";3;0;1;1;1;0;2;2
83433284;"18/01/16";"Segunda";"05:30:00";"ES";101;"282,1";"CARIACICA";"Velocidade incompatível";"Capotamento";"Com Vítimas Feridas";"Plena noite";"Decrescente";"Chuva";"Dupla";"Curva";"Urbano";1;0;1;0;0;0;1;1
83433287;"25/01/16";"Segunda";"12:10:00";"MG";116;"290";"TEOFILO OTONI";"Outras";"Colisão lateral";"Sem Vítimas";"Pleno dia";"Decrescente";"Nublado";"Simples";"Reta";"Rural";2;0;0;0;2;0;0;2
83433288;"24/01/16";"Domingo";"11:00:00";"SP";488;"0";"APARECIDA";"Outras";"Atropelamento de pessoa";"Com Vítimas Feridas";"Pleno dia";"Crescente";"Ceu Claro";"Dupla";"Reta";"Urbano";2;0;0;1;1;0;1;1
83433289;"25/01/16";"Segunda";"09:45:00";"BA";116;"775";"PLANALTO";"Falta de atenção";"Colisão traseira";"Com Vítimas Feridas";"Pleno dia";"Decrescente";"Nublado";"Simples";"Reta";"Rural";2;0;1;0;1;0;1;2
83433290;"17/01/16";"Domingo";"22:30:00";"ES";101;"269";"SERRA";"Outras";"Colisão com objeto fixo";"Com Vítimas Feridas";"Plena noite";"Decrescente";"Chuva";"Simples";"Reta";"Urbano";1;0;0;1;0;0;1;1
83433291;"22/01/16";"Sexta";"05:00:00";"MG";262;"432,5";"NOVA SERRANA";"Dormindo";"Saída de Pista";"Com Vítimas Feridas";"Plena noite";"Decrescente";"Nublado";"Dupla";"Curva";"Rural";1;0;1;0;0;0;1;1
83433292;"23/01/16";"Sábado";"07:20:00";"RS";386;"138,6";"SARANDI";"Defeito na via";"Saída de Pista";"Com Vítimas Feridas";"Pleno dia";"Decrescente";"Ceu Claro";"Simples";"Reta";"Rural";1;0;1;0;0;0;1;1
83433295;"25/01/16";"Segunda";"07:40:00";"PR";369;"148";"LONDRINA";"Desobediência à sinalização";"Colisão Transversal";"Com Vítimas Feridas";"Pleno dia";"Decrescente";"Ceu Claro";"Dupla";"Cruzamento";"Urbano";2;0;1;0;1;0;1;2
83433298;"25/01/16";"Segunda";"10:25:00";"RS";470;"213,5";"BENTO GONCALVES";"Não guardar distância de segurança";"Colisão traseira";"Sem Vítimas";"Pleno dia";"Crescente";"Ceu Claro";"Simples";"Cruzamento";"Urbano";2;0;0;0;2;0;0;2
83433299;"25/01/16";"Segunda";"10:00:00";"SP";116;"228";"SAO PAULO";"Falta de atenção";"Colisão traseira";"Sem Vítimas";"Pleno dia";"Decrescente";"Sol";"Múltipla";"Reta";"Urbano";3;0;0;0;2;1;0;3
83433300;"21/01/16";"Quinta";"00:30:00";"MG";381;"757";"TRES CORACOES";"Falta de atenção";"Colisão traseira";"Sem Vítimas";"Plena noite";"Crescente";"Nublado";"Dupla";"Reta";"Rural";2;0;0;0;2;0;0;2
83433302;"25/01/16";"Segunda";"10:30:00";"PI";316;"235";"VALENCA DO PIAUI";"Ultrapassagem indevida";"Colisão lateral";"Sem Vítimas";"Pleno dia";"Decrescente";"Ceu Claro";"Simples";"Reta";"Rural";3;0;0;0;3;0;0;2
83433304;"25/01/16";"Segunda";"09:20:00";"MT";70;"2,1";"BARRA DO GARCAS";"Desobediência à sinalização";"Colisão frontal";"Com Vítimas Feridas";"Pleno dia";"Crescente";"Sol";"Simples";"Reta";"Urbano";2;0;0;1;1;0;1;2
83433305;"21/01/16";"Quinta";"23:00:00";"MT";70;"221,4";"GENERAL CARNEIRO";"Animais na Pista";"Atropelamento de animal";"Com Vítimas Feridas";"Plena noite";"Crescente";"Ceu Claro";"Simples";"Reta";"Rural";4;0;2;0;2;0;2;1
83433306;"22/01/16";"Sexta";"19:00:00";"GO";60;"82,5";"ANAPOLIS";"Velocidade incompatível";"Saída de Pista";"Sem Vítimas";"Plena noite";"Decrescente";"Chuva";"Dupla";"Curva";"Rural";1;0;0;0;1;0;0;1
83433307;"25/01/16";"Segunda";"13:30:00";"MG";262;"570";"CORREGO DANTA";"Velocidade incompatível";"Capotamento";"Sem Vítimas";"Pleno dia";"Decrescente";"Chuva";"Simples";"Reta";"Rural";1;0;0;0;1;0;0;1
83433308;"25/01/16";"Segunda";"13:30:00";"SC";101;"153";"PORTO BELO";"Falta de atenção";"Saída de Pista";"Sem Vítimas";"Pleno dia";"Crescente";"Ceu Claro";"Dupla";"Reta";"Urbano";1;0;0;0;1;0;0;1
83433310;"25/01/16";"Segunda";"12:45:00";"PE";101;"70";"RECIFE";"Outras";"Colisão lateral";"Sem Vítimas";"Pleno dia";"Crescente";"Ceu Claro";"Dupla";"Reta";"Urbano";2;0;0;0;2;0;0;2
83433311;"25/01/16";"Segunda";"05:30:00";"AC";317;"100";"SENADOR GUIOMARD";"Falta de atenção";"Atropelamento de pessoa";"Com Vítimas Fatais";"Amanhecer";"Crescente";"Ceu Claro";"Simples";"Reta";"Rural";3;1;0;1;0;1;1;1
83433312;"25/01/16";"Segunda";"14:30:00";"RJ";40;"109";"DUQUE DE CAXIAS";"Não guardar distância de segurança";"Colisão traseira";"Sem Vítimas";"Pleno dia";"Decrescente";"Sol";"Múltipla";"Reta";"Urbano";2;0;0;0;2;0;0;2