"id";"data_inversa";"dia_semana";"horario";"uf";"br";"km";"municipio";"causa_acidente";"tipo_acidente";"classificacao_acidente";"fase_dia";"sentido_via";"condicao_metereologica";"tipo_pista";"tracado_via";"uso_solo";"pessoas";"mortos";"feridos_leves";"feridos_graves";"ilesos";"ignorados";"feridos";"veiculos"
83433313;"20/01/16";"Quarta";"19:55:00";"ES";101;"457,8";"MIMOSO DO SUL";"Falta de atenção";"Colisão Transversal";"Com Vítimas Feridas";"Plena noite";"Decrescente";"Nublado";"Simples";"Cruzamento";"Rural";4;0;0;2;2;0;2;2
83433314;"21/01/16";"Quinta";"19:45:00";"DF";450;"20";"BRASILIA";"Não guardar distância de segurança";"Colisão traseira";"Com Vítimas Feridas";"Anoitecer";"Crescente";"Chuva";"Múltipla";"Reta";"Urbano";4;0;1;0;3;0;1;2
83433315;"25/01/16";"Segunda";"10:40:00";"RO";319;"61,5";"PORTO VELHO";"Falta de atenção";"Colisão Transversal";"Sem Vítimas";"Pleno dia";"Crescente";"Nublado";"Dupla";"Reta";"Urbano";2;0;0;0;2;0;0;2
83433316;"24/01/16";"Domingo";"13:40:00";"RJ";101;"74";"CAMPOS DOS GOYTACAZES";"Outras";"Danos Eventuais";"Com Vítimas Feridas";"Pleno dia";"Crescente";"Nublado";"Simples";"Reta";"Urbano";2;0;1;0;1;0;1;1
83433317;"25/01/16";"Segunda";"14:35:00";"RJ";40;"109";"DUQUE DE CAXIAS";"Outras";"Colisão traseira";"Sem Vítimas";"Pleno dia";"Decrescente";"Sol";"Múltipla";"Reta";"Urbano";3;0;0;0;3;0;0;2
83433319;"21/01/16";"Quinta";"08:30:00";"RJ";40;"71";"PETROPOLIS";"Velocidade incompatível";"Saída de Pista";"Sem Vítimas";"Pleno dia";"Decrescente";"Chuva";"Dupla";"Curva";"Rural";1;0;0;0;1;0;0;1
83433320;"25/01/16";"Segunda";"12:30:00";"PB";230;"172";"CAMPINA GRANDE";"Defeito mecânico em veículo";"Incêndio";"Sem Vítimas";"Pleno dia";"Crescente";"Ceu Claro";"Simples";"Reta";"Rural";1;0;0;0;1;0;0;1
83433322;"25/01/16";"Segunda";"15:00:00";"PR";163;"283";"MARECHAL CANDIDO RONDON";"Falta de atenção";"Colisão frontal";"Com Vítimas Feridas";"Pleno dia";"Decrescente";"Ceu Claro";"Simples";"Reta";"Rural";2;0;0;1;1;0;1;2
83433323;"25/01/16";"Segunda";"14:00:00";"MA";316;"535";"CAXIAS";"Dormindo";"Capotamento";"Com Vítimas Feridas";"Pleno dia";"Crescente";"Chuva";"Simples";"Reta";"Rural";1;0;1;0;0;0;1;1
83433327;"17/01/16";"Domingo";"20:50:00";"RJ";393;"284";"VOLTA REDONDA";"Desobediência à sinalização";"Colisão traseira";"Com Vítimas Feridas";"Plena noite";"Decrescente";"Chuva";"Dupla";"Reta";"Urbano";3;0;1;0;2;0;1;3
83433328;"25/01/16";"Segunda";"14:45:00";"PR";277;"252,8";"IRATI";"Outras";"Capotamento";"Sem Vítimas";"Pleno dia";"Crescente";"Chuva";"Simples";"Curva";"Rural";1;0;0;0;1;0;0;1
83433329;"17/01/16";"Domingo";"04:50:00";"PE";101;"47";"ABREU E LIMA";"Desobediência à sinalização";"Atropelamento de pessoa";"Com Vítimas Fatais";"Amanhecer";"Crescente";"Nublado";"Múltipla";"Reta";"Urbano";2;1;0;0;0;1;0;1
83433330;"21/01/16";"Quinta";"12:40:00";"BA";101;"902";"CARAVELAS";"Velocidade incompatível";"Colisão lateral";"Com Vítimas Feridas";"Pleno dia";"Decrescente";"Chuva";"Simples";"Reta";"Rural";2;0;1;0;1;0;1;2
83433331;"22/01/16";"Sexta";"06:00:00";"DF";20;"35";"BRASILIA";"Falta de atenção";"Colisão traseira";"Com Vítimas Feridas";"Plena noite";"Crescente";"Nublado";"Dupla";"Reta";"Rural";3;0;2;0;1;0;2;2
83433332;"25/01/16";"Segunda";"16:05:00";"RS";386;"346,3";"LAJEADO";"Não guardar distância de segurança";"Colisão lateral";"Com Vítimas Feridas";"Plena noite";"Crescente";"Chuva";"Múltipla";"Reta";"Urbano";2;0;1;0;1;0;1;2
83433333;"25/01/16";"Segunda";"09:00:00";"SC";282;"336,8";"CAMPOS NOVOS";"Falta de atenção";"Colisão lateral";"Sem Vítimas";"Pleno dia";"Crescente";"Sol";"Simples";"Reta";"Rural";2;0;0;0;2;0;0;2
83433334;"17/01/16";"Domingo";"18:10:00";"SC";101;"86";"BARRA VELHA";"Não guardar distância de segurança";"Colisão traseira";"Com Vítimas Feridas";"Pleno dia";"Decrescente";"Ceu Claro";"Dupla";"Reta";"Urbano";4;0;1;0;3;0;1;4
83433335;"24/01/16";"Domingo";"12:10:00";"ES";262;"104,9";"VENDA NOVA DO IMIGRANTE";"Velocidade incompatível";"Queda de motocicleta / bicicleta / veículo";"Com Vítimas Feridas";"Pleno dia";"Decrescente";"Nublado";"Dupla";"Reta";"Urbano";1;0;1;0;0;0;1;1
83433336;"23/01/16";"Sábado";"23:30:00";"BA";324;"516";"FEIRA DE SANTANA";"Desobediência à sinalização";"Colisão Transversal";"Com Vítimas Feridas";"Plena noite";"Decrescente";"Nublado";"Simples";"Reta";"Urbano";5;0;2;1;1;1;3;2
83433337;"25/01/16";"Segunda";"16:40:00";"PR";116;"104";"CURITIBA";"Defeito mecânico em veículo";"Danos Eventuais";"Sem Vítimas";"Pleno dia";"Decrescente";"Nublado";"Dupla";"Reta";"Urbano";1;0;0;0;1;0;0;1
83433338;"25/01/16";"Segunda";"15:30:00";"RS";101;"66,3";"MAQUINE";"Falta de atenção";"Colisão lateral";"Sem Vítimas";"Pleno dia";"Decrescente";"Ceu Claro";"Dupla";"Reta";"Rural";6;0;0;0;6;0;0;2
83433339;"25/01/16";"Segunda";"16:40:00";"RS";290;"88";"PORTO ALEGRE";"Outras";"Saída de Pista";"Com Vítimas Feridas";"Pleno dia";"Decrescente";"Sol";"Múltipla";"Reta";"Rural";1;0;0;1;0;0;1;1
83433343;"24/01/16";"Domingo";"08:20:00";"SP";381;"84";"SAO PAULO";"Falta de atenção";"Colisão lateral";"Com Vítimas Feridas";"Pleno dia";"Decrescente";"Ceu Claro";"Dupla";"Reta";"Urbano";3;0;1;0;2;0;1;2
83433344;"23/01/16";"Sábado";"21:00:00";"PA";230;"617";"ALTAMIRA";"Ingestão de álcool";"Saída de Pista";"Sem Vítimas";"Plena noite";"Decrescente";"Ceu Claro";"Dupla";"Reta";"Rural";1;0;0;0;1;0;0;1
83433345;"25/01/16";"Segunda";"10:10:00";"RO";364;"343,1";"JI-PARANA";"Velocidade incompatível";"Colisão traseira";"Sem Vítimas";"Pleno dia";"Crescente";"Ceu Claro";"Dupla";"Reta";"Urbano";3;0;0;0;3;0;0;3
83433346;"25/01/16";"Segunda";"12:50:00";"RS";290;"448,8";"SAO GABRIEL";"Outras";"Colisão frontal";"Com Vítimas Fatais";"Pleno dia";"Crescente";"Ceu Claro";"Simples";"Curva";"Rural";2;1;0;1;0;0;1;2
83433347;"25/01/16";"Segunda";"15:00:00";"MA";230;"423,2";"BALSAS";"Defeito mecânico em veículo";"Capotamento";"Com Vítimas Feridas";"Pleno dia";"Crescente";"Ceu Claro";"Simples";"Reta";"Rural";4;0;1;3;0;0;4;1
83433350;"21/01/16";"Quinta";"14:30:00";"PR";277;"83,7";"CURITIBA";"Falta de atenção";"Colisão lateral";"Com Vítimas Feridas";"Pleno dia";"Decrescente";"Ceu Claro";"Dupla";"Curva";"Urbano";2;0;1;1;0;0;2;2
83433351;"25/01/16";"Segunda";"16:15:00";"MG";135;"373";"MONTES CLAROS";"Falta de atenção";"Colisão traseira";"Com Vítimas Feridas";"Pleno dia";"Decrescente";"Chuva";"Simples";"Reta";"Rural";3;0;1;0;2;0;1;2
83433353;"25/01/16";"Segunda";"14:00:00";"RO";364;"611";"CANDEIAS DO JAMARI";"Outras";"Saída de Pista";"Sem Vítimas";"Pleno dia";"Decrescente";"Sol";"Simples";"Reta";"Rural";1;0;0;0;1;0;0;1
83433355;"25/01/16";"Segunda";"14:45:00";"CE";222;"238,2";"SOBRAL";"Outras";"Colisão lateral";"Sem Vítimas";"Pleno dia";"Crescente";"Nublado";"Simples";"Reta";"Rural";2;0;0;0;2;0;0;2
83433356;"25/01/16";"Segunda";"17:25:00";"RS";386;"345,4";"LAJEADO";"Não guardar distância de segurança";"Colisão traseira";"Com Vítimas Feridas";"Pleno dia";"Decrescente";"Nublado";"Dupla";"Reta";"Urbano";3;0;0;1;2;0;1;3
83433357;"21/01/16";"Quinta";"16:30:00";"SC";101;"206";"SAO JOSE";"Outras";"Colisão com objeto móvel";"Com Vítimas Feridas";"Pleno dia";"Crescente";"Sol";"Dupla";"Reta";"Urbano";2;0;1;0;1;0;1;2
83433359;"25/01/16";"Segunda";"12:05:00";"RJ";393;"104";"SAPUCAIA";"Falta de atenção";"Colisão traseira";"Com Vítimas Feridas";"Pleno dia";"Decrescente";"Sol";"Dupla";"Curva";"Urbano";2;0;1;0;1;0;1;2
83433360;"25/01/16";"Segunda";"15:45:00";"MS";163;"376,2";"NOVA ALVORADA DO SUL";"Dormindo";"Colisão traseira";"Sem Vítimas";"Pleno dia";"Decrescente";"Ceu Claro";"Simples";"Reta";"Rural";2;0;0;0;2;0;0;2
83433361;"13/01/16";"Quarta";"17:30:00";"MG";381;"485";"BETIM";"Não guardar distância de segurança";"Danos Eventuais";"Com Vítimas Feridas";"Pleno dia";"Crescente";"Nublado";"Dupla";"Reta";"Urbano";1;0;1;0;0;0;1;1
83433362;"25/01/16";"Segunda";"14:30:00";"MS";158;"120,3";"PARANAIBA";"Defeito na via";"Capotamento";"Com Vítimas Feridas";"Pleno dia";"Decrescente";"Ceu Claro";"Simples";"Reta";"Rural";3;0;2;0;1;0;2;1
83433363;"25/01/16";"Segunda";"07:30:00";"SP";116;"226";"GUARULHOS";"Falta de atenção";"Colisão lateral";"Sem Vítimas";"Pleno dia";"Decrescente";"Sol";"Múltipla";"Reta";"Urbano";2;0;0;0;2;0;0;2
83433365;"22/01/16";"Sexta";"19:30:00";"GO";60;"92,3";"ANAPOLIS";"Outras";"Atropelamento de pessoa";"Com Vítimas Feridas";"Anoitecer";"Crescente";"Chuva";"Dupla";"Reta";"Urbano";2;0;0;1;1;0;1;1
83433366;"25/01/16";"Segunda";"17:30:00";"SP";116;"285";"ITAPECERICA DA SERRA";"Falta de atenção";"Colisão traseira";"Sem Vítimas";"Pleno dia";"Decrescente";"Sol";"Dupla";"Reta";"Urbano";5;0;0;0;5;0;0;3
83433367;"25/01/16";"Segunda";"14:10:00";"MS";262;"484";"ANASTACIO";"Defeito mecânico em veículo";"Tombamento";"Com Vítimas Feridas";"Pleno dia";"Decrescente";"Chuva";"Simples";"Reta";"Rural";4;0;1;0;3;0;1;1
83433368;"25/01/16";"Segunda";"14:30:00";"MT";70;"708,5";"CACERES";"Velocidade incompatível";"Saída de Pista";"Com Vítimas Feridas";"Pleno dia";"Crescente";"Chuva";"Simples";"Curva";"Rural";2;0;1;1;0;0;2;1
83433369;"25/01/16";"Segunda";"16:40:00";"PR";476;"142";"CURITIBA";"Ultrapassagem indevida";"Queda de motocicleta / bicicleta / veículo";"Com Vítimas Feridas";"Pleno dia";"Crescente";"Ceu Claro";"Dupla";"Reta";"Urbano";1;0;1;0;0;0;1;1
83433370;"25/01/16";"Segunda";"13:05:00";"PR";376;"295,7";"MAUA DA SERRA";"Desobediência à sinalização";"Colisão Transversal";"Com Vítimas Feridas";"Pleno dia";"Decrescente";"Chuva";"Simples";"Reta";"Rural";3;0;1;0;2;0;1;2
83433371;"25/01/16";"Segunda";"16:46:00";"RS";290;"65,1";"GRAVATAI";"Falta de atenção";"Saída de Pista";"Sem Vítimas";"Pleno dia";"Crescente";"Ceu Claro";"Dupla";"Reta";"Rural";1;0;0;0;1;0;0;1
83433372;"25/01/16";"Segunda";"18:10:00";"RS";116;"525";"PELOTAS";"Animais na Pista";"Colisão traseira";"Sem Vítimas";"Pleno dia";"Decrescente";"Ceu Claro";"Simples";"Reta";"Urbano";2;0;0;0;2;0;0;2
83433373;"18/01/16";"Segunda";"17:00:00";"MG";365;"513";"MONTE CARMELO";"Outras";"Saída de Pista";"Sem Vítimas";"Pleno dia";"Decrescente";"Chuva";"Dupla";"Curva";"Rural";1;0;0;0;1;0;0;1
83433375;"24/01/16";"Domingo";"22:30:00";"AC";317;"213";"XAPURI";"Animais na Pista";"Atropelamento de animal";"Com Vítimas Feridas";"Plena noite";"Decrescente";"Nublado";"Simples";"Reta";"Rural";1;0;1;0;0;0;1;1
83433376;"25/01/16";"Segunda";"16:40:00";"PB";230;"271";"SANTA LUZIA";"Falta de atenção";"Colisão traseira";"Sem Vítimas";"Pleno dia";"Crescente";"Sol";"Simples";"Reta";"Rural";2;0;0;0;2;0;0;2
83433377;"25/01/16";"Segunda";"14:15:00";"AL";423;"52,3";"INHAPI";"Animais na Pista";"Atropelamento de animal";"Sem Vítimas";"Pleno dia";"Crescente";"Sol";"Simples";"Reta";"Rural";1;0;0;0;1;0;0;1
83433378;"25/01/16";"Segunda";"14:40:00";"SC";101;"215,3";"PALHOCA";"Desobediência à sinalização";"Colisão com bicicleta";"Com Vítimas Feridas";"Pleno dia";"Crescente";"Ceu Claro";"Múltipla";"Cruzamento";"Urbano";2;0;0;1;1;0;1;2
83433380;"21/01/16";"Quinta";"11:20:00";"RJ";393;"164";"TRES RIOS";"Velocidade incompatível";"Colisão com objeto fixo";"Com Vítimas Fatais";"Pleno dia";"Crescente";"Nublado";"Simples";"Curva";"Rural";5;1;4;0;0;0;4;1
83433381;"01/01/16";"Sexta";"10:35:00";"MG";381;"692,1";"LAVRAS";"Outras";"Saída de Pista";"Com Vítimas Feridas";"Pleno dia";"Decrescente";"Nublado";"Dupla";"Reta";"Rural";3;0;2;0;1;0;2;1
83433382;"25/01/16";"Segunda";"15:20:00";"BA";101;"575";"CAMACAN";"Outras";"Saída de Pista";"Com Vítimas Feridas";"Pleno dia";"Crescente";"Chuva";"Simples";"Reta";"Rural";1;0;1;0;0;0;1;1
83433383;"25/01/16";"Segunda";"13:15:00";"PR";369;"176";"ROLANDIA";"Outras";"Queda de motocicleta / bicicleta / veículo";"Com Vítimas Feridas";"Pleno dia";"Crescente";"Chuva";"Simples";"Reta";"Urbano";1;0;1;0;0;0;1;1
83433384;"25/01/16";"Segunda";"15:20:00";"MT";364;"512";"ROSARIO OESTE";"Outras";"Queda de motocicleta / bicicleta / veículo";"Com Vítimas Feridas";"Pleno dia";"Decrescente";"Nublado";"Simples";"Reta";"Rural";1;0;1;0;0;0;1;1
83433385;"25/01/16";"Segunda";"16:00:00";"RS";101;"59";"MAQUINE";"Defeito mecânico em veículo";"Saída de Pista";"Sem Vítimas";"Pleno dia";"Decrescente";"Sol";"Dupla";"Reta";"Rural";1;0;0;0;1;0;0;1
83433386;"25/01/16";"Segunda";"18:20:00";"SP";381;"44,9";"ATIBAIA";"Não guardar distância de segurança";"Colisão lateral";"Com Vítimas Feridas";"Pleno dia";"Crescente";"Sol";"Dupla";"Reta";"Urbano";3;0;1;0;2;0;1;3
83433387;"25/01/16";"Segunda";"13:30:00";"RO";364;"344,7";"JI-PARANA";"Falta de atenção";"Colisão Transversal";"Com Vítimas Feridas";"Pleno dia";"Crescente";"Ceu Claro";"Múltipla";"Cruzamento";"Urbano";2;0;1;0;1;0;1;2
83433388;"25/01/16";"Segunda";"17:40:00";"BA";101;"719,8";"EUNAPOLIS";"Falta de atenção";"Colisão Transversal";"Sem Vítimas";"Anoitecer";"Decrescente";"Chuva";"Simples";"Reta";"Urbano";2;0;0;0;2;0;0;2
83433389;"21/01/16";"Quinta";"03:32:00";"SP";116;"4";"QUELUZ";"Outras";"Tombamento";"Sem Vítimas";"Plena noite";"Decrescente";"Ceu Claro";"Dupla";"Reta";"Rural";1;0;0;0;1;0;0;1
83433390;"25/01/16";"Segunda";"13:10:00";"ES";262;"29,5";"DOMINGOS MARTINS";"Falta de atenção";"Capotamento";"Sem Vítimas";"Pleno dia";"Crescente";"Chuva";"Simples";"Reta";"Rural";1;0;0;0;1;0;0;1
83433391;"23/01/16";"Sábado";"06:40:00";"RO";364;"374,4";"JI-PARANA";"Falta de atenção";"Saída de Pista";"Sem Vítimas";"Amanhecer";"Decrescente";"Ceu Claro";"Simples";"Reta";"Rural";2;0;0;0;2;0;0;2
83433392;"22/01/16";"Sexta";"18:45:00";"DF";40;"1";"BRASILIA";"Falta de atenção";"Colisão lateral";"Sem Vítimas";"Anoitecer";"Crescente";"Chuva";"Múltipla";"Reta";"Urbano";2;0;0;0;2;0;0;2
83433393;"25/01/16";"Segunda";"18:20:00";"PR";476;"133";"CURITIBA";"Falta de atenção";"Atropelamento de pessoa";"Com Vítimas Feridas";"Anoitecer";"Decrescente";"Nublado";"Múltipla";"Reta";"Urbano";2;0;1;0;0;1;1;1
83433394;"25/01/16";"Segunda";"18:15:00";"SE";235;"52,2";"ITABAIANA";"Desobediência à sinalização";"Colisão Transversal";"Com Vítimas Feridas";"Plena noite";"Crescente";"Ignorada";"Simples";"Reta";"Urbano";2;0;1;0;0;1;1;2
83433395;"25/01/16";"Segunda";"18:25:00";"RN";101;"95,9";"NATAL";"Não guardar distância de segurança";"Colisão traseira";"Sem Vítimas";"Plena noite";"Crescente";"Ceu Claro";"Dupla";"Reta";"Urbano";2;0;0;0;2;0;0;2
83433396;"24/01/16";"Domingo";"16:00:00";"MT";174;"460";"COMODORO";"Defeito mecânico em veículo";"Saída de Pista";"Sem Vítimas";"Pleno dia";"Crescente";"Ceu Claro";"Simples";"Reta";"Rural";2;0;0;0;2;0;0;1
83433398;"25/01/16";"Segunda";"17:40:00";"PR";369;"143,2";"LONDRINA";"Ultrapassagem indevida";"Colisão frontal";"Com Vítimas Feridas";"Pleno dia";"Decrescente";"Chuva";"Simples";"Reta";"Urbano";2;0;1;0;1;0;1;2
83433399;"25/01/16";"Segunda";"15:50:00";"SC";101;"205,4";"SAO JOSE";"Velocidade incompatível";"Queda de motocicleta / bicicleta / veículo";"Com Vítimas Feridas";"Pleno dia";"Decrescente";"Sol";"Múltipla";"Curva";"Urbano";1;0;1;0;0;0;1;1
83433400;"25/01/16";"Segunda";"08:00:00";"MG";50;"131,9";"UBERABA";"Dormindo";"Saída de Pista";"Com Vítimas Feridas";"Pleno dia";"Decrescente";"Sol";"Dupla";"Reta";"Rural";2;0;1;1;0;0;2;1
83433402;"22/01/16";"Sexta";"06:10:00";"BA";410;"27";"TUCANO";"Outras";"Saída de Pista";"Sem Vítimas";"Pleno dia";"Crescente";"Ceu Claro";"Simples";"Reta";"Rural";3;0;0;0;3;0;0;1
83433403;"25/01/16";"Segunda";"15:30:00";"GO";60;"46,5";"ALEXANIA";"Outras";"Saída de Pista";"Sem Vítimas";"Pleno dia";"Decrescente";"Chuva";"Dupla";"Curva";"Rural";1;0;0;0;1;0;0;1
83433404;"22/01/16";"Sexta";"20:55:00";"CE";304;"36,5";"ARACATI";"Outras";"Colisão com bicicleta";"Com Vítimas Fatais";"Plena noite";"Crescente";"Nublado";"Simples";"Reta";"Rural";2;1;0;0;1;0;0;2
83433405;"25/01/16";"Segunda";"18:50:00";"RS";290;"721";"URUGUAIANA";"Não guardar distância de segurança";"Colisão traseira";"Sem Vítimas";"Pleno dia";"Crescente";"Ceu Claro";"Simples";"Reta";"Urbano";2;0;0;0;2;0;0;2
83433406;"25/01/16";"Segunda";"15:39:00";"RN";101;"101,6";"PARNAMIRIM";"Falta de atenção";"Colisão traseira";"Com Vítimas Feridas";"Pleno dia";"Crescente";"Sol";"Múltipla";"Reta";"Urbano";2;0;0;1;1;0;1;2
83433407;"25/01/16";"Segunda";"18:30:00";"CE";222;"9";"CAUCAIA";"Outras";"Queda de motocicleta / bicicleta / veículo";"Com Vítimas Feridas";"Plena noite";"Crescente";"Ceu Claro";"Dupla";"Reta";"Urbano";2;0;0;1;0;1;1;2
83433408;"25/01/16";"Segunda";"19:20:00";"PR";376;"631";"SAO JOSE DOS PINHAIS";"Velocidade incompatível";"Saída de Pista";"Sem Vítimas";"Pleno dia";"Crescente";"Chuva";"Dupla";"Reta";"Rural";1;0;0;0;1;0;0;1
83433409;"21/01/16";"Quinta";"05:50:00";"CE";116;"23";"TIANGUA";"Outras";"Atropelamento de animal";"Sem Vítimas";"Pleno dia";"Crescente";"Chuva";"Dupla";"Reta";"Urbano";1;0;0;0;1;0;0;1
83433410;"25/01/16";"Segunda";"19:00:00";"RS";287;"240,9";"SANTA MARIA";"Dormindo";"Saída de Pista";"Com Vítimas Feridas";"Pleno dia";"Crescente";"Ceu Claro";"Dupla";"Curva";"Urbano";2;0;2;0;0;0;2;1
83433411;"25/01/16";"Segunda";"08:10:00";"SC";282;"25,7";"SANTO AMARO DA IMPERATRIZ";"Falta de atenção";"Saída de Pista";"Com Vítimas Feridas";"Pleno dia";"Crescente";"Ceu Claro";"Simples";"Curva";"Rural";1;0;1;0;0;0;1;1
83433412;"25/01/16";"Segunda";"18:40:00";"MT";70;"731";"CACERES";"Falta de atenção";"Colisão Transversal";"Com Vítimas Feridas";"Pleno dia";"Crescente";"Ceu Claro";"Simples";"Cruzamento";"Urbano";2;0;0;2;0;0;2;2
83433413;"25/01/16";"Segunda";"18:45:00";"MA";316;"357";"BACABAL";"Falta de atenção";"Colisão com bicicleta";"Com Vítimas Feridas";"Anoitecer";"Crescente";"Nublado";"Simples";"Reta";"Urbano";2;0;1;0;1;0;1;2
83433414;"20/01/16";"Quarta";"20:10:00";"PR";376;"179,5";"MARINGA";"Outras";"Colisão traseira";"Com Vítimas Feridas";"Plena noite";"Crescente";"Ceu Claro";"Dupla";"Reta";"Urbano";2;0;0;1;1;0;1;2
83433415;"25/01/16";"Segunda";"16:30:00";"MT";163;"649";"LUCAS DO RIO VERDE";"Dormindo";"Saída de Pista";"Com Vítimas Feridas";"Pleno dia";"Crescente";"Nublado";"Simples";"Reta";"Rural";2;0;2;0;0;0;2;1
83433416;"22/01/16";"Sexta";"07:50:00";"MA";135;"66,5";"BACABEIRA";"Outras";"Colisão traseira";"Sem Vítimas";"Amanhecer";"Crescente";"Ceu Claro";"Simples";"Reta";"Urbano";2;0;0;0;2;0;0;2
83433417;"21/01/16";"Quinta";"11:08:00";"PB";230;"25,2";"JOAO PESSOA";"Falta de atenção";"Colisão Transversal";"Com Vítimas Feridas";"Pleno dia";"Decrescente";"Ceu Claro";"Dupla";"Reta";"Urbano";2;0;1;0;1;0;1;2
83433419;"25/01/16";"Segunda";"16:30:00";"PE";424;"98,3";"GARANHUNS";"Velocidade incompatível";"Capotamento";"Com Vítimas Feridas";"Pleno dia";"Crescente";"Ceu Claro";"Simples";"Reta";"Rural";3;0;1;1;0;1;2;1
83433420;"25/01/16";"Segunda";"10:20:00";"MA";316;"506,5";"CAXIAS";"Falta de atenção";"Saída de Pista";"Com Vítimas Feridas";"Pleno dia";"Decrescente";"Nublado";"Simples";"Reta";"Rural";3;0;3;0;0;0;3;1
83433421;"25/01/16";"Segunda";"08:30:00";"CE";222;"0";"FORTALEZA";"Falta de atenção";"Colisão traseira";"Com Vítimas Feridas";"Pleno dia";"Decrescente";"Ceu Claro";"Dupla";"Reta";"Urbano";3;0;2;0;1;0;2;2
83433422;"25/01/16";"Segunda";"15:30:00";"PR";369;"167,3";"CAMBE";"Outras";"Colisão traseira";"Sem Vítimas";"Pleno dia";"Crescente";"Chuva";"Dupla";"Reta";"Urbano";3;0;0;0;3;0;0;3
83433423;"25/01/16";"Segunda";"11:50:00";"SC";470;"137,7";"RIO DO SUL";"Outras";"Colisão lateral";"Com Vítimas Feridas";"Pleno dia";"Decrescente";"Sol";"Simples";"Reta";"Urbano";2;0;0;1;1;0;1;2
83433424;"25/01/16";"Segunda";"20:00:00";"PR";476;"319";"PAULO FRONTIN";"Outras";"Colisão com objeto fixo";"Com Vítimas Feridas";"Plena noite";"Decrescente";"Nublado";"Simples";"Reta";"Rural";1;0;1;0;0;0;1;1
83433425;"25/01/16";"Segunda";"20:20:00";"MG";354;"743,9";"POUSO ALTO";"Ingestão de álcool";"Atropelamento de pessoa";"Com Vítimas Feridas";"Plena noite";"Decrescente";"Nublado";"Simples";"Reta";"Rural";2;0;1;0;1;0;1;1
83433426;"25/01/16";"Segunda";"05:00:00";"MT";174;"474";"COMODORO";"Dormindo";"Saída de Pista";"Com Vítimas Feridas";"Amanhecer";"Crescente";"Ceu Claro";"Simples";"Curva";"Rural";2;0;1;0;1;0;1;1
83433427;"25/01/16";"Segunda";"13:40:00";"MG";381;"401,6";"BOM JESUS DO AMPARO";"Outras";"Colisão frontal";"Com Vítimas Feridas";"Pleno dia";"Crescente";"Sol";"Simples";"Curva";"Rural";2;0;1;0;1;0;1;2
83433428;"25/01/16";"Segunda";"18:30:00";"PR";163;"173,8";"LINDOESTE";"Outras";"Colisão lateral";"Com Vítimas Feridas";"Pleno dia";"Decrescente";"Sol";"Simples";"Reta";"Rural";2;0;1;0;1;0;1;2
83433429;"25/01/16";"Segunda";"21:10:00";"SP";116;"332";"JUQUITIBA";"Não guardar distância de segurança";"Capotamento";"Com Vítimas Feridas";"Plena noite";"Decrescente";"Nublado";"Dupla";"Reta";"Rural";1;0;0;1;0;0;1;1
83433430;"25/01/16";"Segunda";"16:30:00";"RS";470;"194,8";"BENTO GONCALVES";"Velocidade incompatível";"Saída de Pista";"Sem Vítimas";"Pleno dia";"Crescente";"Nublado";"Simples";"Curva";"Rural";2;0;0;0;1;1;0;2
83433432;"22/01/16";"Sexta";"20:30:00";"MS";163;"443";"CAMPO GRANDE";"Animais na Pista";"Atropelamento de animal";"Sem Vítimas";"Plena noite";"Crescente";"Ceu Claro";"Simples";"Reta";"Rural";1;0;0;0;1;0;0;1
83433433;"25/01/16";"Segunda";"16:30:00";"PE";101;"65,2";"RECIFE";"Ultrapassagem indevida";"Colisão lateral";"Com Vítimas Fatais";"Pleno dia";"Decrescente";"Ceu Claro";"Múltipla";"Reta";"Urbano";2;1;0;0;1;0;0;2
83433434;"21/01/16";"Quinta";"14:35:00";"MG";262;"369,4";"JUATUBA";"Não guardar distância de segurança";"Colisão traseira";"Com Vítimas Feridas";"Pleno dia";"Crescente";"Nublado";"Dupla";"Reta";"Urbano";3;0;2;0;1;0;2;3
83433435;"25/01/16";"Segunda";"20:40:00";"SE";235;"2,9";"ARACAJU";"Animais na Pista";"Atropelamento de animal";"Com Vítimas Feridas";"Plena noite";"Crescente";"Ceu Claro";"Dupla";"Reta";"Urbano";1;0;1;0;0;0;1;1
83433436;"25/01/16";"Segunda";"20:20:00";"SC";470;"70,1";"INDAIAL";"Outras";"Colisão Transversal";"Com Vítimas Feridas";"Plena noite";"Decrescente";"Nublado";"Múltipla";"Reta";"Urbano";2;0;0;1;1;0;1;2
83433437;"25/01/16";"Segunda";"10:00:00";"MG";381;"398,9";"BOM JESUS DO AMPARO";"Falta de atenção";"Colisão traseira";"Sem Vítimas";"Pleno dia";"Decrescente";"Ceu Claro";"Simples";"Reta";"Rural";3;0;0;0;3;0;0;3
83433438;"25/01/16";"Segunda";"21:00:00";"PE";101;"42,9";"IGARASSU";"Falta de atenção";"Colisão Transversal";"Sem Vítimas";"Plena noite";"Crescente";"Ceu Claro";"Múltipla";"Reta";"Urbano";2;0;0;0;1;1;0;2
83433439;"25/01/16";"Segunda";"17:35:00";"RS";392;"3";"RIO GRANDE";"Velocidade incompatível";"Colisão lateral";"Com Vítimas Feridas";"Pleno dia";"Crescente";"Ceu Claro";"Simples";"Reta";"Urbano";4;0;1;0;3;0;1;2