"id";"data_inversa";"dia_semana";"horario";"uf";"br";"km";"municipio";"causa_acidente";"tipo_acidente";"classificacao_acidente";"fase_dia";"sentido_via";"condicao_metereologica";"tipo_pista";"tracado_via";"uso_solo";"pessoas";"mortos";"feridos_leves";"feridos_graves";"ilesos";"ignorados";"feridos";"veiculos"
83433440;"25/01/16";"Segunda";"21:50:00";"PR";376;"666";"GUARATUBA";"Velocidade incompatível";"Queda de motocicleta / bicicleta / veículo";"Com Vítimas Feridas";"Plena noite";"Crescente";"Nublado";"Múltipla";"Curva";"Rural";1;0;1;0;0;0;1;1
83433441;"25/01/16";"Segunda";"17:30:00";"MT";158;"561";"AGUA BOA";"Ultrapassagem indevida";"Saída de Pista";"Com Vítimas Feridas";"Pleno dia";"Decrescente";"Chuva";"Simples";"Reta";"Rural";1;0;1;0;0;0;1;1
83433443;"25/01/16";"Segunda";"21:10:00";"GO";50;"98";"CRISTALINA";"Outras";"Saída de Pista";"Ignorado";"Plena noite";"Crescente";"Nublado";"Simples";"Reta";"Urbano";1;0;0;0;0;1;0;1
83433444;"25/01/16";"Segunda";"17:05:00";"ES";101;"349";"GUARAPARI";"Velocidade incompatível";"Saída de Pista";"Sem Vítimas";"Pleno dia";"Decrescente";"Chuva";"Simples";"Curva";"Rural";1;0;0;0;1;0;0;1
83433445;"25/01/16";"Segunda";"19:30:00";"MG";381;"595";"CARMOPOLIS DE MINAS";"Outras";"Colisão lateral";"Com Vítimas Feridas";"Anoitecer";"Decrescente";"Chuva";"Dupla";"Reta";"Rural";4;0;1;0;2;1;1;2
83433447;"25/01/16";"Segunda";"13:45:00";"AL";101;"114,4";"PILAR";"Velocidade incompatível";"Colisão traseira";"Com Vítimas Feridas";"Pleno dia";"Crescente";"Ceu Claro";"Simples";"Curva";"Rural";13;0;2;0;10;1;2;11
83433448;"25/01/16";"Segunda";"20:30:00";"RS";290;"293,8";"CACHOEIRA DO SUL";"Dormindo";"Saída de Pista";"Com Vítimas Feridas";"Anoitecer";"Crescente";"Ceu Claro";"Simples";"Reta";"Rural";1;0;1;0;0;0;1;1
83433449;"25/01/16";"Segunda";"19:00:00";"RJ";116;"309";"RESENDE";"Falta de atenção";"Colisão lateral";"Com Vítimas Fatais";"Pleno dia";"Crescente";"Chuva";"Dupla";"Reta";"Rural";7;1;0;0;6;0;0;6
83433450;"25/01/16";"Segunda";"21:15:00";"MS";163;"603,7";"SAO GABRIEL DO OESTE";"Defeito na via";"Saída de Pista";"Com Vítimas Feridas";"Plena noite";"Decrescente";"Nublado";"Dupla";"Reta";"Rural";3;0;2;0;1;0;2;1
83433451;"25/01/16";"Segunda";"17:10:00";"SC";101;"143,5";"ITAPEMA";"Desobediência à sinalização";"Colisão traseira";"Com Vítimas Feridas";"Pleno dia";"Decrescente";"Sol";"Dupla";"Reta";"Urbano";4;0;3;0;1;0;3;3
83433453;"25/01/16";"Segunda";"19:20:00";"PB";101;"17,8";"MAMANGUAPE";"Defeito mecânico em veículo";"Saída de Pista";"Sem Vítimas";"Plena noite";"Decrescente";"Ceu Claro";"Dupla";"Reta";"Rural";1;0;0;0;1;0;0;1
83433454;"25/01/16";"Segunda";"14:30:00";"RO";364;"499";"ARIQUEMES";"Outras";"Saída de Pista";"Com Vítimas Fatais";"Pleno dia";"Decrescente";"Chuva";"Simples";"Reta";"Rural";2;1;1;0;0;0;1;1
83433455;"25/01/16";"Segunda";"21:30:00";"PR";373;"266,8";"PRUDENTOPOLIS";"Outras";"Colisão frontal";"Com Vítimas Feridas";"Plena noite";"Crescente";"Nublado";"Simples";"Reta";"Urbano";2;0;0;1;1;0;1;2
83433456;"25/01/16";"Segunda";"23:00:00";"RJ";40;"25,8";"TRES RIOS";"Dormindo";"Colisão com objeto fixo";"Com Vítimas Feridas";"Plena noite";"Decrescente";"Ceu Claro";"Dupla";"Curva";"Rural";1;0;0;1;0;0;1;1
83433457;"25/01/16";"Segunda";"20:30:00";"PB";230;"150,6";"CAMPINA GRANDE";"Desobediência à sinalização";"Colisão Transversal";"Com Vítimas Feridas";"Plena noite";"Decrescente";"Ceu Claro";"Simples";"Reta";"Urbano";3;0;1;0;2;0;1;3
83433458;"25/01/16";"Segunda";"14:15:00";"PR";277;"79,9";"CURITIBA";"Ingestão de álcool";"Colisão lateral";"Sem Vítimas";"Pleno dia";"Crescente";"Nublado";"Dupla";"Reta";"Urbano";3;0;0;0;3;0;0;3
83433459;"25/01/16";"Segunda";"13:00:00";"ES";259;"96,2";"BAIXO GUANDU";"Velocidade incompatível";"Colisão frontal";"Com Vítimas Fatais";"Pleno dia";"Decrescente";"Chuva";"Simples";"Curva";"Rural";4;3;1;0;0;0;1;2
83433460;"25/01/16";"Segunda";"19:00:00";"BA";116;"15,5";"VITORIA DA CONQUISTA";"Falta de atenção";"Colisão Transversal";"Com Vítimas Feridas";"Plena noite";"Decrescente";"Nublado";"Simples";"Reta";"Urbano";3;0;1;0;2;0;1;2
83433461;"25/01/16";"Segunda";"15:30:00";"PR";376;"490,5";"PONTA GROSSA";"Não guardar distância de segurança";"Colisão traseira";"Sem Vítimas";"Pleno dia";"Crescente";"Nublado";"Dupla";"Reta";"Urbano";2;0;0;0;2;0;0;2
83433462;"25/01/16";"Segunda";"21:40:00";"BA";116;"462";"SANTO ESTEVAO";"Desobediência à sinalização";"Colisão traseira";"Com Vítimas Feridas";"Plena noite";"Decrescente";"Ceu Claro";"Dupla";"Reta";"Urbano";4;0;1;0;3;0;1;3
83433463;"25/01/16";"Segunda";"13:55:00";"PB";101;"109";"ALHANDRA";"Defeito mecânico em veículo";"Saída de Pista";"Com Vítimas Feridas";"Pleno dia";"Decrescente";"Sol";"Dupla";"Reta";"Urbano";1;0;0;1;0;0;1;1
83433464;"26/01/16";"Terça";"01:20:00";"PR";376;"664,8";"GUARATUBA";"Falta de atenção";"Colisão traseira";"Com Vítimas Feridas";"Plena noite";"Decrescente";"Nublado";"Dupla";"Reta";"Rural";2;0;1;1;0;0;2;2
83433465;"26/01/16";"Terça";"02:10:00";"MG";50;"63,8";"UBERLANDIA";"Desobediência à sinalização";"Saída de Pista";"Com Vítimas Feridas";"Plena noite";"Decrescente";"Ceu Claro";"Dupla";"Reta";"Rural";2;0;1;0;1;0;1;1
83433467;"26/01/16";"Terça";"03:20:00";"SC";116;"263,3";"CAPAO ALTO";"Animais na Pista";"Atropelamento de animal";"Sem Vítimas";"Plena noite";"Decrescente";"Nublado";"Simples";"Curva";"Rural";1;0;0;0;1;0;0;1
83433468;"25/01/16";"Segunda";"14:00:00";"PR";376;"366,2";"ORTIGUEIRA";"Outras";"Colisão com objeto fixo";"Com Vítimas Feridas";"Pleno dia";"Decrescente";"Chuva";"Simples";"Reta";"Rural";2;0;1;1;0;0;2;1
83433469;"26/01/16";"Terça";"02:20:00";"BA";330;"725";"JEQUIE";"Animais na Pista";"Atropelamento de animal";"Com Vítimas Feridas";"Plena noite";"Crescente";"Nublado";"Simples";"Reta";"Urbano";1;0;1;0;0;0;1;1
83433470;"25/01/16";"Segunda";"09:40:00";"PB";230;"22,8";"JOAO PESSOA";"Falta de atenção";"Colisão traseira";"Com Vítimas Feridas";"Pleno dia";"Decrescente";"Ceu Claro";"Dupla";"Reta";"Urbano";4;0;2;0;2;0;2;4
83433471;"25/01/16";"Segunda";"19:55:00";"PR";369;"429,9";"JURANDA";"Velocidade incompatível";"Capotamento";"Com Vítimas Feridas";"Anoitecer";"Crescente";"Nublado";"Simples";"Reta";"Rural";2;0;2;0;0;0;2;1
83433472;"25/01/16";"Segunda";"14:06:00";"AP";156;"334,1";"FERREIRA GOMES";"Não guardar distância de segurança";"Colisão traseira";"Sem Vítimas";"Pleno dia";"Decrescente";"Chuva";"Simples";"Curva";"Rural";3;0;0;0;3;0;0;2
83433473;"25/01/16";"Segunda";"16:30:00";"SC";282;"25,6";"SANTO AMARO DA IMPERATRIZ";"Outras";"Colisão traseira";"Com Vítimas Feridas";"Pleno dia";"Decrescente";"Ceu Claro";"Simples";"Reta";"Rural";5;0;2;2;1;0;4;3
83433474;"25/01/16";"Segunda";"21:00:00";"GO";50;"170,2";"CAMPO ALEGRE DE GOIAS";"Outras";"Capotamento";"Com Vítimas Feridas";"Plena noite";"Decrescente";"Nublado";"Simples";"Reta";"Rural";4;0;1;2;1;0;3;1
83433475;"25/01/16";"Segunda";"15:15:00";"PR";277;"106";"CAMPO LARGO";"Outras";"Saída de Pista";"Sem Vítimas";"Pleno dia";"Decrescente";"Chuva";"Dupla";"Reta";"Rural";1;0;0;0;1;0;0;1
83433476;"25/01/16";"Segunda";"19:00:00";"GO";60;"165";"GOIANIA";"Falta de atenção";"Colisão lateral";"Com Vítimas Feridas";"Anoitecer";"Decrescente";"Sol";"Dupla";"Reta";"Urbano";2;0;0;1;1;0;1;2
83433477;"25/01/16";"Segunda";"17:45:00";"RJ";40;"115";"DUQUE DE CAXIAS";"Animais na Pista";"Colisão com objeto fixo";"Com Vítimas Feridas";"Pleno dia";"Crescente";"Sol";"Dupla";"Reta";"Urbano";1;0;1;0;0;0;1;1
83433478;"25/01/16";"Segunda";"22:20:00";"BA";407;"70";"JAGUARARI";"Outras";"Colisão frontal";"Com Vítimas Fatais";"Plena noite";"Crescente";"Ceu Claro";"Simples";"Reta";"Rural";2;1;0;0;0;1;0;2
83433479;"22/01/16";"Sexta";"00:45:00";"DF";40;"4,6";"BRASILIA";"Ingestão de álcool";"Colisão traseira";"Com Vítimas Feridas";"Plena noite";"Crescente";"Nublado";"Dupla";"Reta";"Urbano";3;0;1;0;2;0;1;2
83433480;"26/01/16";"Terça";"05:00:00";"SC";163;"82";"GUARACIABA";"Não guardar distância de segurança";"Colisão traseira";"Sem Vítimas";"Plena noite";"Decrescente";"Ceu Claro";"Simples";"Reta";"Rural";2;0;0;0;2;0;0;2
83433481;"25/01/16";"Segunda";"17:20:00";"SP";116;"85";"PINDAMONHANGABA";"Velocidade incompatível";"Tombamento";"Com Vítimas Feridas";"Pleno dia";"Decrescente";"Ceu Claro";"Múltipla";"Curva";"Urbano";1;0;1;0;0;0;1;1
83433482;"25/01/16";"Segunda";"15:50:00";"BA";116;"822";"VITORIA DA CONQUISTA";"Falta de atenção";"Colisão lateral";"Com Vítimas Feridas";"Pleno dia";"Decrescente";"Nublado";"Dupla";"Reta";"Urbano";3;0;2;0;1;0;2;2
83433483;"25/01/16";"Segunda";"12:45:00";"PB";230;"0,5";"CABEDELO";"Ingestão de álcool";"Colisão traseira";"Sem Vítimas";"Pleno dia";"Crescente";"Sol";"Simples";"Curva";"Urbano";2;0;0;0;2;0;0;2
83433484;"25/01/16";"Segunda";"19:40:00";"MG";365;"446,1";"GUIMARANIA";"Velocidade incompatível";"Saída de Pista";"Com Vítimas Feridas";"Anoitecer";"Decrescente";"Nublado";"Simples";"Reta";"Rural";2;0;0;1;0;1;1;2
83433486;"25/01/16";"Segunda";"18:30:00";"MG";365;"334,4";"SAO GONCALO DO ABAETE";"Outras";"Queda de motocicleta / bicicleta / veículo";"Com Vítimas Feridas";"Pleno dia";"Decrescente";"Ceu Claro";"Simples";"Reta";"Rural";1;0;0;1;0;0;1;1
83433487;"25/01/16";"Segunda";"20:45:00";"MG";267;"219,3";"ARANTINA";"Desobediência à sinalização";"Colisão Transversal";"Com Vítimas Feridas";"Plena noite";"Crescente";"Chuva";"Simples";"Cruzamento";"Rural";4;0;0;1;3;0;1;2
83433488;"22/01/16";"Sexta";"01:00:00";"MG";50;"128";"UBERABA";"Dormindo";"Colisão traseira";"Com Vítimas Feridas";"Plena noite";"Decrescente";"Ceu Claro";"Dupla";"Reta";"Rural";2;0;0;1;1;0;1;2
83433489;"25/01/16";"Segunda";"23:45:00";"RS";116;"146";"CAXIAS DO SUL";"Desobediência à sinalização";"Colisão Transversal";"Com Vítimas Feridas";"Plena noite";"Decrescente";"Ceu Claro";"Dupla";"Reta";"Urbano";3;0;1;0;2;0;1;2
83433490;"23/01/16";"Sábado";"03:30:00";"SP";153;"78,9";"BADY BASSITT";"Outras";"Queda de motocicleta / bicicleta / veículo";"Com Vítimas Feridas";"Plena noite";"Decrescente";"Ceu Claro";"Simples";"Reta";"Rural";1;0;1;0;0;0;1;1
83433491;"26/01/16";"Terça";"05:45:00";"SP";116;"386";"MIRACATU";"Dormindo";"Saída de Pista";"Sem Vítimas";"Plena noite";"Crescente";"Ceu Claro";"Dupla";"Reta";"Rural";2;0;0;0;2;0;0;1
83433492;"26/01/16";"Terça";"04:50:00";"RJ";40;"25";"TRES RIOS";"Dormindo";"Colisão com objeto fixo";"Com Vítimas Feridas";"Plena noite";"Decrescente";"Ceu Claro";"Dupla";"Curva";"Rural";5;0;2;0;3;0;2;1
83433493;"26/01/16";"Terça";"05:40:00";"SE";235;"51,2";"ITABAIANA";"Falta de atenção";"Colisão lateral";"Sem Vítimas";"Plena noite";"Decrescente";"Nublado";"Dupla";"Curva";"Urbano";2;0;0;0;2;0;0;2
83433494;"25/01/16";"Segunda";"00:30:00";"ES";262;"43";"MARECHAL FLORIANO";"Outras";"Incêndio";"Sem Vítimas";"Plena noite";"Crescente";"Chuva";"Simples";"Reta";"Rural";1;0;0;0;1;0;0;1
83433495;"20/01/16";"Quarta";"12:15:00";"MG";251;"476,4";"FRANCISCO SA";"Velocidade incompatível";"Saída de Pista";"Sem Vítimas";"Pleno dia";"Crescente";"Chuva";"Simples";"Reta";"Rural";2;0;0;0;2;0;0;1
83433496;"25/01/16";"Segunda";"10:30:00";"MT";364;"538";"ROSARIO OESTE";"Não guardar distância de segurança";"Colisão traseira";"Sem Vítimas";"Pleno dia";"Crescente";"Chuva";"Simples";"Reta";"Rural";4;0;0;0;4;0;0;4
83433497;"25/01/16";"Segunda";"22:30:00";"MS";163;"650,5";"RIO VERDE DE MATO GROSSO";"Animais na Pista";"Atropelamento de animal";"Sem Vítimas";"Plena noite";"Decrescente";"Ceu Claro";"Dupla";"Reta";"Rural";2;0;0;0;2;0;0;1
83433498;"21/01/16";"Quinta";"15:15:00";"PB";101;"79,1";"SANTA RITA";"Dormindo";"Capotamento";"Com Vítimas Feridas";"Pleno dia";"Crescente";"Ceu Claro";"Dupla";"Curva";"Rural";1;0;0;1;0;0;1;1
83433499;"25/01/16";"Segunda";"14:10:00";"MG";116;"79,9";"MEDINA";"Outras";"Capotamento";"Sem Vítimas";"Pleno dia";"Crescente";"Chuva";"Simples";"Reta";"Rural";1;0;0;0;1;0;0;1
83433500;"22/01/16";"Sexta";"12:20:00";"SC";282;"111,8";"ALFREDO WAGNER";"Defeito mecânico em veículo";"Tombamento";"Com Vítimas Feridas";"Pleno dia";"Crescente";"Ceu Claro";"Simples";"Curva";"Rural";3;0;1;1;1;0;2;2
83433501;"26/01/16";"Terça";"06:55:00";"RJ";116;"144";"DUQUE DE CAXIAS";"Falta de atenção";"Queda de motocicleta / bicicleta / veículo";"Com Vítimas Feridas";"Pleno dia";"Crescente";"Ceu Claro";"Dupla";"Curva";"Rural";2;0;1;0;1;0;1;2
83433502;"23/01/16";"Sábado";"05:40:00";"SC";116;"248,9";"LAGES";"Dormindo";"Colisão traseira";"Com Vítimas Fatais";"Plena noite";"Decrescente";"Ceu Claro";"Simples";"Curva";"Rural";4;1;0;2;1;0;2;2
83433503;"26/01/16";"Terça";"05:45:00";"SE";101;"126,4";"ITAPORANGA DAJUDA";"Outras";"Saída de Pista";"Ignorado";"Amanhecer";"Crescente";"Sol";"Dupla";"Reta";"Rural";1;0;0;0;0;1;0;1
83433504;"16/01/16";"Sábado";"22:45:00";"PI";235;"311";"MONTE ALEGRE DO PIAUI";"Dormindo";"Saída de Pista";"Com Vítimas Feridas";"Plena noite";"Crescente";"Ignorada";"Simples";"Curva";"Rural";1;0;1;0;0;0;1;1
83433505;"26/01/16";"Terça";"06:45:00";"PR";158;"521,7";"PATO BRANCO";"Falta de atenção";"Colisão lateral";"Com Vítimas Fatais";"Amanhecer";"Decrescente";"Ceu Claro";"Simples";"Reta";"Urbano";4;1;0;0;3;0;0;2
83433506;"23/01/16";"Sábado";"05:20:00";"SC";101;"137,5";"BALNEARIO CAMBORIU";"Não guardar distância de segurança";"Colisão traseira";"Sem Vítimas";"Plena noite";"Crescente";"Ceu Claro";"Simples";"Reta";"Urbano";2;0;0;0;2;0;0;2
83433507;"26/01/16";"Terça";"00:30:00";"CE";20;"290,5";"CANINDE";"Defeito mecânico em veículo";"Queda de motocicleta / bicicleta / veículo";"Com Vítimas Feridas";"Plena noite";"Crescente";"Ceu Claro";"Simples";"Curva";"Rural";2;0;2;0;0;0;2;1
83433508;"26/01/16";"Terça";"07:45:00";"RJ";40;"3,1";"COMENDADOR LEVY GASPARIAN";"Dormindo";"Colisão com objeto fixo";"Sem Vítimas";"Pleno dia";"Crescente";"Ceu Claro";"Dupla";"Curva";"Rural";3;0;0;0;3;0;0;1
83433509;"25/01/16";"Segunda";"16:00:00";"MG";262;"709,5";"ARAXA";"Velocidade incompatível";"Saída de Pista";"Com Vítimas Feridas";"Pleno dia";"Decrescente";"Chuva";"Simples";"Curva";"Rural";3;0;1;0;2;0;1;1
83433511;"24/01/16";"Domingo";"23:30:00";"RS";386;"415,7";"MONTENEGRO";"Ingestão de álcool";"Colisão frontal";"Com Vítimas Fatais";"Plena noite";"Crescente";"Ceu Claro";"Simples";"Curva";"Rural";5;3;0;1;1;0;1;2
83433512;"25/01/16";"Segunda";"17:30:00";"RJ";40;"111";"DUQUE DE CAXIAS";"Não guardar distância de segurança";"Colisão traseira";"Com Vítimas Feridas";"Pleno dia";"Decrescente";"Ceu Claro";"Múltipla";"Reta";"Urbano";5;0;3;0;2;0;3;2
83433514;"26/01/16";"Terça";"04:00:00";"MG";40;"633,1";"CONSELHEIRO LAFAIETE";"Outras";"Incêndio";"Sem Vítimas";"Plena noite";"Crescente";"Chuva";"Simples";"Reta";"Urbano";1;0;0;0;1;0;0;1
83433516;"23/01/16";"Sábado";"05:20:00";"MG";40;"524,8";"CONTAGEM";"Dormindo";"Saída de Pista";"Sem Vítimas";"Amanhecer";"Crescente";"Nublado";"Dupla";"Curva";"Urbano";3;0;0;0;3;0;0;1
83433518;"26/01/16";"Terça";"02:30:00";"MG";116;"168";"PADRE PARAISO";"Defeito na via";"Saída de Pista";"Sem Vítimas";"Plena noite";"Decrescente";"Nublado";"Simples";"Curva";"Rural";1;0;0;0;1;0;0;1
83433519;"23/01/16";"Sábado";"03:50:00";"PR";467;"111";"CASCAVEL";"Ingestão de álcool";"Colisão traseira";"Sem Vítimas";"Plena noite";"Decrescente";"Ceu Claro";"Dupla";"Curva";"Urbano";5;0;0;0;5;0;0;2
83433520;"22/01/16";"Sexta";"20:30:00";"PB";230;"15";"CABEDELO";"Não guardar distância de segurança";"Colisão traseira";"Sem Vítimas";"Plena noite";"Decrescente";"Ceu Claro";"Dupla";"Reta";"Urbano";3;0;0;0;2;1;0;2
83433521;"26/01/16";"Terça";"08:30:00";"MG";381;"488";"BETIM";"Outras";"Queda de motocicleta / bicicleta / veículo";"Sem Vítimas";"Pleno dia";"Crescente";"Ceu Claro";"Dupla";"Reta";"Urbano";2;0;0;0;1;1;0;2
83433522;"25/01/16";"Segunda";"15:00:00";"PE";232;"500,7";"SALGUEIRO";"Desobediência à sinalização";"Colisão lateral";"Com Vítimas Fatais";"Pleno dia";"Decrescente";"Sol";"Simples";"Reta";"Rural";5;1;2;0;1;1;2;3
83433523;"23/01/16";"Sábado";"04:15:00";"MG";262;"409";"PARA DE MINAS";"Ingestão de álcool";"Capotamento";"Com Vítimas Feridas";"Plena noite";"Decrescente";"Ceu Claro";"Dupla";"Curva";"Rural";4;0;0;3;1;0;3;1
83433524;"24/01/16";"Domingo";"17:20:00";"MG";381;"518,2";"IGARAPE";"Velocidade incompatível";"Colisão com objeto fixo";"Sem Vítimas";"Pleno dia";"Decrescente";"Chuva";"Dupla";"Reta";"Rural";1;0;0;0;1;0;0;1
83433525;"26/01/16";"Terça";"08:00:00";"MG";365;"657";"MONTE ALEGRE DE MINAS";"Defeito na via";"Colisão lateral";"Com Vítimas Feridas";"Pleno dia";"Decrescente";"Ceu Claro";"Dupla";"Reta";"Rural";2;0;1;0;1;0;1;2
83433526;"26/01/16";"Terça";"07:15:00";"SC";101;"52,9";"JOINVILLE";"Outras";"Colisão traseira";"Com Vítimas Feridas";"Pleno dia";"Crescente";"Ceu Claro";"Dupla";"Reta";"Urbano";5;0;2;0;3;0;2;5
83433527;"26/01/16";"Terça";"06:30:00";"BA";116;"420,5";"FEIRA DE SANTANA";"Desobediência à sinalização";"Colisão lateral";"Com Vítimas Feridas";"Amanhecer";"Decrescente";"Nublado";"Simples";"Reta";"Urbano";3;0;1;0;1;1;1;2
83433530;"25/01/16";"Segunda";"07:20:00";"SC";280;"54,5";"GUARAMIRIM";"Falta de atenção";"Atropelamento de pessoa";"Com Vítimas Feridas";"Pleno dia";"Crescente";"Ceu Claro";"Simples";"Curva";"Urbano";2;0;0;1;1;0;1;1
83433531;"18/01/16";"Segunda";"16:45:00";"PE";104;"64,7";"CARUARU";"Velocidade incompatível";"Colisão traseira";"Sem Vítimas";"Pleno dia";"Crescente";"Ceu Claro";"Múltipla";"Reta";"Urbano";3;0;0;0;3;0;0;3
83433532;"25/01/16";"Segunda";"05:05:00";"PR";376;"153,1";"MANDAGUACU";"Animais na Pista";"Atropelamento de animal";"Sem Vítimas";"Plena noite";"Crescente";"Ignorada";"Simples";"Cruzamento";"Rural";1;0;0;0;1;0;0;1
83433533;"26/01/16";"Terça";"10:13:00";"PR";277;"730";"FOZ DO IGUACU";"Falta de atenção";"Colisão lateral";"Com Vítimas Feridas";"Pleno dia";"Crescente";"Nublado";"Dupla";"Reta";"Urbano";3;0;1;0;2;0;1;2
83433534;"22/01/16";"Sexta";"05:00:00";"BA";367;"78";"EUNAPOLIS";"Ultrapassagem indevida";"Colisão lateral";"Com Vítimas Feridas";"Amanhecer";"Decrescente";"Nublado";"Simples";"Curva";"Rural";5;0;3;1;1;0;4;2
83433535;"26/01/16";"Terça";"07:40:00";"PR";476;"131";"CURITIBA";"Não guardar distância de segurança";"Colisão traseira";"Com Vítimas Feridas";"Pleno dia";"Decrescente";"Ceu Claro";"Múltipla";"Reta";"Urbano";5;0;1;0;4;0;1;4
83433536;"23/01/16";"Sábado";"07:30:00";"RJ";116;"104";"GUAPIMIRIM";"Falta de atenção";"Colisão Transversal";"Com Vítimas Feridas";"Pleno dia";"Decrescente";"Ceu Claro";"Dupla";"Reta";"Rural";2;0;2;0;0;0;2;2
83433537;"26/01/16";"Terça";"08:45:00";"SC";101;"213,2";"PALHOCA";"Falta de atenção";"Atropelamento de pessoa";"Com Vítimas Feridas";"Pleno dia";"Decrescente";"Ceu Claro";"Simples";"Reta";"Urbano";2;0;0;1;1;0;1;1
83433538;"26/01/16";"Terça";"08:20:00";"PR";376;"156,9";"MANDAGUACU";"Falta de atenção";"Colisão Transversal";"Com Vítimas Feridas";"Pleno dia";"Crescente";"Ceu Claro";"Simples";"Cruzamento";"Urbano";2;0;1;0;1;0;1;2
83433539;"21/01/16";"Quinta";"14:00:00";"SC";470;"58,2";"BLUMENAU";"Desobediência à sinalização";"Colisão Transversal";"Com Vítimas Feridas";"Pleno dia";"Crescente";"Ceu Claro";"Simples";"Reta";"Urbano";2;0;1;0;1;0;1;2
83433540;"23/01/16";"Sábado";"06:30:00";"MA";10;"151";"PORTO FRANCO";"Outras";"Colisão frontal";"Com Vítimas Feridas";"Pleno dia";"Crescente";"Chuva";"Simples";"Curva";"Rural";2;0;1;0;1;0;1;2
83433541;"17/01/16";"Domingo";"00:05:00";"MG";381;"498,9";"BETIM";"Outras";"Capotamento";"Com Vítimas Feridas";"Plena noite";"Decrescente";"Chuva";"Dupla";"Reta";"Urbano";2;0;2;0;0;0;2;1
83433542;"19/01/16";"Terça";"06:00:00";"PE";101;"45,5";"IGARASSU";"Velocidade incompatível";"Colisão traseira";"Sem Vítimas";"Pleno dia";"Crescente";"Ceu Claro";"Múltipla";"Reta";"Urbano";2;0;0;0;2;0;0;2
83433543;"26/01/16";"Terça";"07:10:00";"RS";116;"394,2";"CAMAQUA";"Outras";"Colisão lateral";"Com Vítimas Feridas";"Pleno dia";"Decrescente";"Nublado";"Simples";"Reta";"Rural";3;0;0;2;1;0;2;3
83433544;"26/01/16";"Terça";"07:40:00";"MS";163;"228,8";"CAARAPO";"Outras";"Queda de motocicleta / bicicleta / veículo";"Com Vítimas Feridas";"Pleno dia";"Crescente";"Ceu Claro";"Dupla";"Reta";"Rural";1;0;1;0;0;0;1;1
83433545;"26/01/16";"Terça";"10:00:00";"PR";277;"9,2";"PARANAGUA";"Defeito mecânico em veículo";"Queda de motocicleta / bicicleta / veículo";"Com Vítimas Feridas";"Pleno dia";"Crescente";"Ceu Claro";"Dupla";"Reta";"Rural";1;0;1;0;0;0;1;1
83433546;"22/01/16";"Sexta";"12:20:00";"CE";116;"508";"MILAGRES";"Falta de atenção";"Colisão traseira";"Sem Vítimas";"Pleno dia";"Crescente";"Chuva";"Simples";"Reta";"Rural";3;0;0;0;2;1;0;2
83433547;"24/01/16";"Domingo";"23:30:00";"MG";381;"481";"CONTAGEM";"Outras";"Colisão com objeto fixo";"Com Vítimas Feridas";"Plena noite";"Crescente";"Nublado";"Dupla";"Reta";"Urbano";2;0;1;1;0;0;2;1
83433548;"22/01/16";"Sexta";"17:10:00";"GO";20;"25";"FORMOSA";"Outras";"Saída de Pista";"Sem Vítimas";"Pleno dia";"Crescente";"Chuva";"Simples";"Reta";"Rural";1;0;0;0;1;0;0;1
83433549;"24/01/16";"Domingo";"19:40:00";"MT";364;"261";"JUSCIMEIRA";"Defeito mecânico em veículo";"Colisão frontal";"Com Vítimas Fatais";"Plena noite";"Decrescente";"Nublado";"Simples";"Reta";"Rural";3;1;0;0;2;0;0;2
83433550;"26/01/16";"Terça";"08:20:00";"RS";285;"142,8";"MUITOS CAPOES";"Não guardar distância de segurança";"Colisão traseira";"Sem Vítimas";"Pleno dia";"Decrescente";"Sol";"Simples";"Reta";"Rural";2;0;0;0;2;0;0;2
83433551;"22/01/16";"Sexta";"15:20:00";"RS";470;"176,8";"VERANOPOLIS";"Falta de atenção";"Colisão Transversal";"Com Vítimas Feridas";"Pleno dia";"Crescente";"Sol";"Simples";"Reta";"Urbano";2;0;0;1;1;0;1;2
83433552;"23/01/16";"Sábado";"03:00:00";"MG";381;"850";"POUSO ALEGRE";"Velocidade incompatível";"Derramamento de Carga";"Sem Vítimas";"Plena noite";"Decrescente";"Ceu Claro";"Simples";"Curva";"Urbano";1;0;0;0;1;0;0;1
83433553;"26/01/16";"Terça";"07:40:00";"MT";364;"399";"CUIABA";"Desobediência à sinalização";"Colisão Transversal";"Com Vítimas Feridas";"Pleno dia";"Decrescente";"Sol";"Simples";"Reta";"Rural";2;0;0;1;1;0;1;2
83433554;"26/01/16";"Terça";"09:00:00";"RS";153;"537,8";"CACAPAVA DO SUL";"Animais na Pista";"Saída de Pista";"Sem Vítimas";"Pleno dia";"Decrescente";"Chuva";"Simples";"Reta";"Rural";1;0;0;0;1;0;0;1
83433555;"26/01/16";"Terça";"10:20:00";"SC";282;"204,6";"LAGES";"Não guardar distância de segurança";"Colisão traseira";"Sem Vítimas";"Pleno dia";"Crescente";"Sol";"Simples";"Reta";"Rural";2;0;0;0;2;0;0;2
83433556;"26/01/16";"Terça";"07:50:00";"SC";282;"532,9";"CHAPECO";"Falta de atenção";"Colisão Transversal";"Sem Vítimas";"Pleno dia";"Decrescente";"Nublado";"Simples";"Cruzamento";"Urbano";3;0;0;0;3;0;0;3