"id";"data_inversa";"dia_semana";"horario";"uf";"br";"km";"municipio";"causa_acidente";"tipo_acidente";"classificacao_acidente";"fase_dia";"sentido_via";"condicao_metereologica";"tipo_pista";"tracado_via";"uso_solo";"pessoas";"mortos";"feridos_leves";"feridos_graves";"ilesos";"ignorados";"feridos";"veiculos"
83433557;"22/01/16";"Sexta";"20:50:00";"PR";116;"15,5";"CAMPINA GRANDE DO SUL";"Falta de atenção";"Colisão com objeto fixo";"Sem Vítimas";"Plena noite";"Crescente";"Chuva";"Dupla";"Curva";"Rural";2;0;0;0;2;0;0;1
83433558;"26/01/16";"Terça";"09:40:00";"SC";282;"2";"FLORIANOPOLIS";"Falta de atenção";"Colisão lateral";"Com Vítimas Feridas";"Pleno dia";"Decrescente";"Sol";"Dupla";"Reta";"Urbano";2;0;1;0;0;1;1;2
83433560;"26/01/16";"Terça";"10:50:00";"RS";287;"385,5";"SANTIAGO";"Velocidade incompatível";"Saída de Pista";"Com Vítimas Feridas";"Pleno dia";"Decrescente";"Chuva";"Simples";"Reta";"Rural";2;0;1;1;0;0;2;1
83433561;"26/01/16";"Terça";"07:20:00";"PE";104;"60,1";"CARUARU";"Falta de atenção";"Colisão traseira";"Com Vítimas Fatais";"Pleno dia";"Crescente";"Sol";"Dupla";"Cruzamento";"Rural";3;1;0;1;1;0;1;2
83433562;"26/01/16";"Terça";"09:05:00";"BA";242;"827,5";"BARREIRAS";"Velocidade incompatível";"Saída de Pista";"Com Vítimas Feridas";"Pleno dia";"Crescente";"Chuva";"Simples";"Reta";"Rural";2;0;1;0;1;0;1;1
83433563;"22/01/16";"Sexta";"06:10:00";"SP";116;"362";"MIRACATU";"Falta de atenção";"Colisão lateral";"Sem Vítimas";"Pleno dia";"Crescente";"Ceu Claro";"Dupla";"Curva";"Rural";2;0;0;0;2;0;0;2
83433564;"22/01/16";"Sexta";"17:45:00";"GO";60;"421";"RIO VERDE";"Falta de atenção";"Saída de Pista";"Com Vítimas Feridas";"Pleno dia";"Crescente";"Ceu Claro";"Dupla";"Reta";"Rural";1;0;1;0;0;0;1;1
83433565;"26/01/16";"Terça";"12:00:00";"MG";40;"480,9";"SETE LAGOAS";"Falta de atenção";"Saída de Pista";"Com Vítimas Feridas";"Pleno dia";"Crescente";"Ceu Claro";"Dupla";"Reta";"Rural";2;0;1;0;1;0;1;1
83433566;"26/01/16";"Terça";"10:30:00";"MG";116;"277,8";"TEOFILO OTONI";"Não guardar distância de segurança";"Colisão traseira";"Sem Vítimas";"Pleno dia";"Decrescente";"Sol";"Dupla";"Cruzamento";"Urbano";2;0;0;0;2;0;0;2
83433567;"26/01/16";"Terça";"01:30:00";"AL";423;"97,8";"DELMIRO GOUVEIA";"Animais na Pista";"Atropelamento de animal";"Com Vítimas Feridas";"Plena noite";"Crescente";"Ceu Claro";"Simples";"Reta";"Rural";2;0;1;1;0;0;2;1
83433568;"26/01/16";"Terça";"12:30:00";"RS";285;"291,7";"PASSO FUNDO";"Falta de atenção";"Colisão Transversal";"Sem Vítimas";"Pleno dia";"Crescente";"Chuva";"Dupla";"Cruzamento";"Urbano";2;0;0;0;2;0;0;2
83433569;"25/01/16";"Segunda";"22:40:00";"GO";153;"30,9";"PORANGATU";"Outras";"Tombamento";"Com Vítimas Feridas";"Plena noite";"Crescente";"Chuva";"Simples";"Reta";"Rural";1;0;1;0;0;0;1;1
83433570;"23/01/16";"Sábado";"05:05:00";"SP";116;"201";"ARUJA";"Outras";"Colisão frontal";"Sem Vítimas";"Amanhecer";"Crescente";"Ceu Claro";"Múltipla";"Reta";"Urbano";2;0;0;0;2;0;0;2
83433571;"26/01/16";"Terça";"12:35:00";"SC";116;"275,4";"CAPAO ALTO";"Falta de atenção";"Colisão lateral";"Sem Vítimas";"Pleno dia";"Decrescente";"Nublado";"Simples";"Reta";"Rural";2;0;0;0;2;0;0;2
83433572;"26/01/16";"Terça";"08:45:00";"PR";476;"197,1";"LAPA";"Velocidade incompatível";"Colisão traseira";"Com Vítimas Feridas";"Pleno dia";"Crescente";"Ceu Claro";"Simples";"Reta";"Urbano";2;0;1;0;1;0;1;2
83433573;"22/01/16";"Sexta";"16:30:00";"RJ";40;"111";"DUQUE DE CAXIAS";"Outras";"Colisão lateral";"Com Vítimas Feridas";"Pleno dia";"Decrescente";"Ceu Claro";"Múltipla";"Reta";"Urbano";6;0;3;1;2;0;4;2
83433574;"26/01/16";"Terça";"12:20:00";"MG";116;"525,2";"CARATINGA";"Ultrapassagem indevida";"Queda de motocicleta / bicicleta / veículo";"Com Vítimas Feridas";"Pleno dia";"Crescente";"Nublado";"Simples";"Reta";"Rural";1;0;1;0;0;0;1;1
83433575;"26/01/16";"Terça";"08:00:00";"SC";101;"117";"ITAJAI";"Falta de atenção";"Colisão lateral";"Com Vítimas Feridas";"Pleno dia";"Decrescente";"Sol";"Múltipla";"Reta";"Urbano";2;0;1;0;0;1;1;2
83433576;"26/01/16";"Terça";"10:45:00";"ES";101;"264,4";"SERRA";"Outras";"Tombamento";"Com Vítimas Feridas";"Pleno dia";"Crescente";"Sol";"Simples";"Reta";"Urbano";2;0;1;0;1;0;1;2
83433577;"26/01/16";"Terça";"13:00:00";"MG";365;"160";"PIRAPORA";"Não guardar distância de segurança";"Colisão traseira";"Sem Vítimas";"Pleno dia";"Crescente";"Ceu Claro";"Simples";"Reta";"Rural";2;0;0;0;2;0;0;2
83433578;"26/01/16";"Terça";"10:30:00";"MG";153;"30";"CENTRALINA";"Outras";"Saída de Pista";"Sem Vítimas";"Pleno dia";"Crescente";"Ceu Claro";"Dupla";"Reta";"Rural";1;0;0;0;1;0;0;1
83433579;"26/01/16";"Terça";"10:30:00";"ES";101;"147,8";"LINHARES";"Não guardar distância de segurança";"Colisão traseira";"Com Vítimas Feridas";"Pleno dia";"Crescente";"Nublado";"Múltipla";"Reta";"Urbano";4;0;0;1;3;0;1;2
83433580;"26/01/16";"Terça";"08:45:00";"RN";406;"102";"JOAO CAMARA";"Falta de atenção";"Colisão lateral";"Com Vítimas Feridas";"Pleno dia";"Decrescente";"Ceu Claro";"Simples";"Cruzamento";"Urbano";3;0;2;0;1;0;2;2
83433581;"26/01/16";"Terça";"10:30:00";"RS";290;"383,7";"SANTA MARGARIDA DO SUL";"Ultrapassagem indevida";"Colisão com objeto fixo";"Sem Vítimas";"Pleno dia";"Crescente";"Chuva";"Simples";"Reta";"Rural";4;0;0;0;4;0;0;2
83433582;"23/01/16";"Sábado";"04:30:00";"SP";116;"270";"TABOAO DA SERRA";"Velocidade incompatível";"Colisão com objeto fixo";"Sem Vítimas";"Plena noite";"Crescente";"Ignorada";"Dupla";"Reta";"Urbano";2;0;0;0;2;0;0;1
83433583;"20/01/16";"Quarta";"14:00:00";"MG";365;"301";"SAO GONCALO DO ABAETE";"Outras";"Capotamento";"Com Vítimas Feridas";"Pleno dia";"Crescente";"Chuva";"Simples";"Reta";"Rural";1;0;1;0;0;0;1;1
83433584;"26/01/16";"Terça";"08:45:00";"SC";101;"383,1";"ICARA";"Dormindo";"Saída de Pista";"Com Vítimas Feridas";"Pleno dia";"Crescente";"Sol";"Dupla";"Reta";"Urbano";4;0;3;1;0;0;4;1
83433585;"26/01/16";"Terça";"11:50:00";"TO";226;"11,5";"PALMEIRAS DO TOCANTINS";"Outras";"Colisão lateral";"Sem Vítimas";"Pleno dia";"Crescente";"Nublado";"Simples";"Reta";"Rural";2;0;0;0;2;0;0;2
83433588;"26/01/16";"Terça";"11:25:00";"RS";116;"219";"DOIS IRMAOS";"Ultrapassagem indevida";"Colisão lateral";"Com Vítimas Feridas";"Pleno dia";"Decrescente";"Nublado";"Simples";"Curva";"Rural";2;0;1;0;1;0;1;2
83433590;"21/01/16";"Quinta";"07:50:00";"SP";116;"147,4";"SAO JOSE DOS CAMPOS";"Outras";"Colisão traseira";"Com Vítimas Feridas";"Pleno dia";"Crescente";"Ceu Claro";"Múltipla";"Reta";"Urbano";3;0;2;0;1;0;2;3
83433591;"26/01/16";"Terça";"09:15:00";"BA";367;"49,2";"PORTO SEGURO";"Velocidade incompatível";"Saída de Pista";"Com Vítimas Feridas";"Pleno dia";"Crescente";"Ceu Claro";"Simples";"Curva";"Rural";2;0;0;1;1;0;1;1
83433592;"22/01/16";"Sexta";"15:30:00";"PE";101;"50";"ABREU E LIMA";"Falta de atenção";"Colisão Transversal";"Sem Vítimas";"Pleno dia";"Decrescente";"Sol";"Múltipla";"Reta";"Urbano";2;0;0;0;1;1;0;2
83433593;"26/01/16";"Terça";"10:30:00";"MT";163;"861";"SINOP";"Não guardar distância de segurança";"Colisão traseira";"Com Vítimas Feridas";"Pleno dia";"Crescente";"Chuva";"Simples";"Reta";"Rural";3;0;2;0;1;0;2;2
83433594;"26/01/16";"Terça";"11:20:00";"PI";316;"3";"TERESINA";"Falta de atenção";"Colisão Transversal";"Com Vítimas Feridas";"Pleno dia";"Decrescente";"Nublado";"Dupla";"Cruzamento";"Urbano";2;0;1;0;1;0;1;2
83433595;"22/01/16";"Sexta";"22:05:00";"DF";40;"0,5";"BRASILIA";"Dormindo";"Colisão com objeto fixo";"Com Vítimas Fatais";"Plena noite";"Crescente";"Chuva";"Dupla";"Reta";"Urbano";2;1;1;0;0;0;1;1
83433596;"23/01/16";"Sábado";"02:00:00";"GO";452;"1";"RIO VERDE";"Outras";"Saída de Pista";"Sem Vítimas";"Plena noite";"Decrescente";"Ceu Claro";"Dupla";"Reta";"Urbano";1;0;0;0;1;0;0;1
83433597;"26/01/16";"Terça";"12:20:00";"MG";116;"716,1";"MURIAE";"Outras";"Colisão frontal";"Com Vítimas Feridas";"Pleno dia";"Decrescente";"Sol";"Simples";"Curva";"Rural";4;0;3;0;1;0;3;2
83433598;"26/01/16";"Terça";"10:00:00";"PI";316;"5";"TERESINA";"Falta de atenção";"Colisão lateral";"Com Vítimas Feridas";"Pleno dia";"Decrescente";"Nublado";"Múltipla";"Reta";"Urbano";2;0;0;1;1;0;1;2
83433599;"23/01/16";"Sábado";"05:15:00";"RS";116;"316,7";"BARRA DO RIBEIRO";"Dormindo";"Colisão frontal";"Sem Vítimas";"Amanhecer";"Crescente";"Ceu Claro";"Simples";"Reta";"Rural";2;0;0;0;2;0;0;2
83433600;"26/01/16";"Terça";"14:00:00";"MG";251;"504";"FRANCISCO SA";"Defeito na via";"Queda de motocicleta / bicicleta / veículo";"Com Vítimas Feridas";"Pleno dia";"Crescente";"Ceu Claro";"Simples";"Reta";"Rural";1;0;1;0;0;0;1;1
83433601;"26/01/16";"Terça";"10:00:00";"MS";163;"602,9";"SAO GABRIEL DO OESTE";"Velocidade incompatível";"Colisão Transversal";"Sem Vítimas";"Pleno dia";"Crescente";"Sol";"Simples";"Reta";"Rural";2;0;0;0;2;0;0;2
83433602;"26/01/16";"Terça";"06:15:00";"BA";324;"560";"SAO SEBASTIAO DO PASSE";"Falta de atenção";"Saída de Pista";"Sem Vítimas";"Pleno dia";"Decrescente";"Ceu Claro";"Dupla";"Reta";"Rural";1;0;0;0;1;0;0;1
83433603;"26/01/16";"Terça";"09:30:00";"MA";135;"6,6";"SAO LUIS";"Falta de atenção";"Colisão traseira";"Sem Vítimas";"Pleno dia";"Decrescente";"Nublado";"Dupla";"Reta";"Urbano";4;0;0;0;4;0;0;4
83433604;"24/01/16";"Domingo";"05:20:00";"PR";373;"412,4";"CANDOI";"Ingestão de álcool";"Colisão frontal";"Sem Vítimas";"Amanhecer";"Crescente";"Ceu Claro";"Simples";"Reta";"Rural";2;0;0;0;2;0;0;2
83433605;"26/01/16";"Terça";"14:45:00";"PR";376;"598,9";"CURITIBA";"Falta de atenção";"Queda de motocicleta / bicicleta / veículo";"Com Vítimas Feridas";"Pleno dia";"Crescente";"Ceu Claro";"Simples";"Reta";"Urbano";1;0;0;1;0;0;1;1
83433606;"26/01/16";"Terça";"10:00:00";"RO";364;"12";"VILHENA";"Falta de atenção";"Colisão lateral";"Sem Vítimas";"Pleno dia";"Decrescente";"Ceu Claro";"Dupla";"Reta";"Urbano";2;0;0;0;2;0;0;2
83433609;"23/01/16";"Sábado";"08:30:00";"MA";222;"678";"ACAILANDIA";"Falta de atenção";"Colisão lateral";"Sem Vítimas";"Pleno dia";"Crescente";"Nublado";"Dupla";"Reta";"Urbano";2;0;0;0;2;0;0;2
83433610;"18/01/16";"Segunda";"09:20:00";"PR";277;"3,5";"FOZ DO IGUACU";"Outras";"Colisão com bicicleta";"Com Vítimas Feridas";"Amanhecer";"Decrescente";"Ignorada";"Dupla";"Reta";"Urbano";2;0;0;1;1;0;1;2
83433611;"15/01/16";"Sexta";"07:30:00";"PE";232;"79,1";"GRAVATA";"Outras";"Colisão frontal";"Com Vítimas Feridas";"Pleno dia";"Decrescente";"Ceu Claro";"Simples";"Curva";"Urbano";2;0;1;0;1;0;1;2
83433612;"16/01/16";"Sábado";"03:15:00";"PE";232;"30";"MORENO";"Outras";"Capotamento";"Com Vítimas Fatais";"Plena noite";"Decrescente";"Chuva";"Dupla";"Curva";"Rural";2;1;0;1;0;0;1;1
83433613;"26/01/16";"Terça";"09:00:00";"MA";10;"247,5";"IMPERATRIZ";"Falta de atenção";"Colisão lateral";"Com Vítimas Feridas";"Pleno dia";"Crescente";"Ceu Claro";"Simples";"Reta";"Urbano";3;0;3;0;0;0;3;2
83433614;"26/01/16";"Terça";"14:15:00";"RS";116;"3,9";"VACARIA";"Ultrapassagem indevida";"Queda de motocicleta / bicicleta / veículo";"Com Vítimas Feridas";"Pleno dia";"Crescente";"Chuva";"Simples";"Curva";"Rural";1;0;1;0;0;0;1;1
83433615;"18/01/16";"Segunda";"19:30:00";"SE";101;"157";"ESTANCIA";"Outras";"Queda de motocicleta / bicicleta / veículo";"Com Vítimas Feridas";"Plena noite";"Crescente";"Ceu Claro";"Simples";"Reta";"Rural";1;0;1;0;0;0;1;1
83433616;"26/01/16";"Terça";"11:00:00";"BA";324;"545";"AMELIA RODRIGUES";"Não guardar distância de segurança";"Colisão traseira";"Sem Vítimas";"Pleno dia";"Crescente";"Nublado";"Dupla";"Reta";"Urbano";2;0;0;0;2;0;0;2
83433617;"26/01/16";"Terça";"15:20:00";"RS";116;"146";"CAXIAS DO SUL";"Não guardar distância de segurança";"Colisão traseira";"Sem Vítimas";"Pleno dia";"Decrescente";"Chuva";"Dupla";"Reta";"Urbano";2;0;0;0;2;0;0;2
83433618;"20/01/16";"Quarta";"06:30:00";"PE";232;"26";"MORENO";"Outras";"Capotamento";"Com Vítimas Feridas";"Pleno dia";"Decrescente";"Chuva";"Dupla";"Reta";"Rural";1;0;1;0;0;0;1;1
83433619;"26/01/16";"Terça";"10:50:00";"RS";386;"425,8";"MONTENEGRO";"Falta de atenção";"Saída de Pista";"Com Vítimas Fatais";"Pleno dia";"Crescente";"Nublado";"Simples";"Reta";"Rural";2;1;0;1;0;0;1;1
83433620;"26/01/16";"Terça";"12:30:00";"PB";230;"1";"CABEDELO";"Outras";"Colisão lateral";"Com Vítimas Feridas";"Pleno dia";"Decrescente";"Sol";"Simples";"Reta";"Urbano";2;0;0;1;1;0;1;2
83433621;"26/01/16";"Terça";"15:45:00";"RS";386;"348,6";"ESTRELA";"Outras";"Colisão com objeto fixo";"Sem Vítimas";"Pleno dia";"Decrescente";"Chuva";"Dupla";"Reta";"Urbano";1;0;0;0;1;0;0;1
83433622;"26/01/16";"Terça";"13:20:00";"RS";116;"40";"VACARIA";"Falta de atenção";"Colisão lateral";"Com Vítimas Feridas";"Pleno dia";"Decrescente";"Ceu Claro";"Simples";"Cruzamento";"Urbano";2;0;1;0;1;0;1;2
83433623;"26/01/16";"Terça";"12:20:00";"PR";277;"102";"CURITIBA";"Não guardar distância de segurança";"Colisão traseira";"Sem Vítimas";"Pleno dia";"Crescente";"Sol";"Dupla";"Reta";"Urbano";2;0;0;0;2;0;0;2
83433624;"26/01/16";"Terça";"16:20:00";"MG";50;"206,5";"DELTA";"Não guardar distância de segurança";"Colisão traseira";"Sem Vítimas";"Pleno dia";"Decrescente";"Ceu Claro";"Dupla";"Reta";"Rural";3;0;0;0;3;0;0;2
83433625;"26/01/16";"Terça";"11:25:00";"MS";163;"771,5";"PEDRO GOMES";"Desobediência à sinalização";"Capotamento";"Com Vítimas Feridas";"Pleno dia";"Crescente";"Ceu Claro";"Simples";"Reta";"Rural";3;0;2;0;1;0;2;2
83433626;"21/01/16";"Quinta";"18:15:00";"SP";116;"153,8";"SAO JOSE DOS CAMPOS";"Falta de atenção";"Colisão traseira";"Sem Vítimas";"Pleno dia";"Decrescente";"Sol";"Dupla";"Reta";"Urbano";4;0;0;0;4;0;0;4
83433627;"26/01/16";"Terça";"15:10:00";"PR";277;"488,4";"NOVA LARANJEIRAS";"Falta de atenção";"Tombamento";"Sem Vítimas";"Pleno dia";"Crescente";"Nublado";"Simples";"Curva";"Rural";1;0;0;0;1;0;0;1
83433628;"26/01/16";"Terça";"07:20:00";"PB";101;"112,9";"ALHANDRA";"Dormindo";"Colisão traseira";"Sem Vítimas";"Pleno dia";"Decrescente";"Sol";"Dupla";"Reta";"Rural";2;0;0;0;2;0;0;2
83433629;"26/01/16";"Terça";"13:10:00";"PI";343;"225,8";"COCAL DE TELHA";"Outras";"Saída de Pista";"Sem Vítimas";"Pleno dia";"Decrescente";"Vento";"Simples";"Reta";"Urbano";5;0;0;0;5;0;0;1
83433631;"26/01/16";"Terça";"15:15:00";"RS";290;"121,4";"ELDORADO DO SUL";"Não guardar distância de segurança";"Saída de Pista";"Sem Vítimas";"Pleno dia";"Decrescente";"Chuva";"Simples";"Reta";"Rural";2;0;0;0;2;0;0;1
83433632;"26/01/16";"Terça";"15:05:00";"SC";470;"45";"GASPAR";"Falta de atenção";"Colisão frontal";"Com Vítimas Feridas";"Pleno dia";"Crescente";"Ceu Claro";"Simples";"Curva";"Rural";11;0;3;0;7;1;3;6
83433633;"26/01/16";"Terça";"14:50:00";"ES";101;"260";"SERRA";"Outras";"Queda de motocicleta / bicicleta / veículo";"Com Vítimas Feridas";"Pleno dia";"Crescente";"Sol";"Dupla";"Curva";"Urbano";2;0;0;2;0;0;2;1
83433634;"26/01/16";"Terça";"10:30:00";"BA";101;"691,1";"EUNAPOLIS";"Defeito mecânico em veículo";"Tombamento";"Sem Vítimas";"Pleno dia";"Decrescente";"Nublado";"Simples";"Curva";"Rural";1;0;0;0;1;0;0;1
83433635;"26/01/16";"Terça";"16:20:00";"SC";101;"139";"BALNEARIO CAMBORIU";"Falta de atenção";"Colisão lateral";"Com Vítimas Feridas";"Pleno dia";"Decrescente";"Nublado";"Simples";"Cruzamento";"Urbano";2;0;1;0;1;0;1;2
83433636;"22/01/16";"Sexta";"20:00:00";"MG";262;"803";"UBERABA";"Falta de atenção";"Saída de Pista";"Com Vítimas Feridas";"Plena noite";"Decrescente";"Ceu Claro";"Dupla";"Reta";"Urbano";1;0;1;0;0;0;1;1
83433637;"26/01/16";"Terça";"12:30:00";"RJ";116;"223";"PIRAI";"Defeito mecânico em veículo";"Colisão traseira";"Com Vítimas Feridas";"Pleno dia";"Decrescente";"Ceu Claro";"Simples";"Curva";"Rural";2;0;1;0;1;0;1;2
83433638;"26/01/16";"Terça";"11:15:00";"SC";101;"283,9";"IMBITUBA";"Falta de atenção";"Colisão traseira";"Sem Vítimas";"Pleno dia";"Crescente";"Sol";"Dupla";"Reta";"Rural";3;0;0;0;3;0;0;3
83433639;"26/01/16";"Terça";"17:00:00";"RS";386;"351,9";"ESTRELA";"Velocidade incompatível";"Saída de Pista";"Sem Vítimas";"Pleno dia";"Crescente";"Chuva";"Simples";"Curva";"Urbano";3;0;0;0;1;2;0;3
83433641;"26/01/16";"Terça";"11:50:00";"PB";230;"142,5";"CAMPINA GRANDE";"Defeito mecânico em veículo";"Saída de Pista";"Sem Vítimas";"Pleno dia";"Crescente";"Ceu Claro";"Dupla";"Reta";"Rural";1;0;0;0;1;0;0;1
83433642;"25/01/16";"Segunda";"07:00:00";"SP";116;"45,3";"CANAS";"Outras";"Colisão com objeto fixo";"Sem Vítimas";"Pleno dia";"Crescente";"Ceu Claro";"Dupla";"Reta";"Rural";1;0;0;0;1;0;0;1
83433643;"26/01/16";"Terça";"17:00:00";"PE";101;"69";"RECIFE";"Ultrapassagem indevida";"Colisão lateral";"Com Vítimas Feridas";"Pleno dia";"Crescente";"Ceu Claro";"Dupla";"Reta";"Urbano";2;0;1;0;1;0;1;2
83433644;"20/01/16";"Quarta";"12:30:00";"MG";251;"476";"FRANCISCO SA";"Velocidade incompatível";"Colisão lateral";"Sem Vítimas";"Plena noite";"Crescente";"Chuva";"Simples";"Reta";"Rural";3;0;0;0;3;0;0;3
83433645;"26/01/16";"Terça";"10:50:00";"MG";262;"757,5";"SACRAMENTO";"Velocidade incompatível";"Saída de Pista";"Com Vítimas Feridas";"Pleno dia";"Crescente";"Ceu Claro";"Simples";"Reta";"Rural";1;0;1;0;0;0;1;1
83433646;"26/01/16";"Terça";"17:00:00";"SP";153;"62,7";"SAO JOSE DO RIO PRETO";"Outras";"Queda de motocicleta / bicicleta / veículo";"Com Vítimas Feridas";"Pleno dia";"Crescente";"Chuva";"Dupla";"Reta";"Urbano";1;0;1;0;0;0;1;1
83433647;"26/01/16";"Terça";"15:30:00";"SP";116;"507";"CAJATI";"Falta de atenção";"Saída de Pista";"Com Vítimas Feridas";"Pleno dia";"Crescente";"Sol";"Simples";"Curva";"Urbano";1;0;1;0;0;0;1;1
83433648;"26/01/16";"Terça";"17:50:00";"RS";290;"12,5";"SANTO ANTONIO DA PATRULHA";"Dormindo";"Saída de Pista";"Com Vítimas Feridas";"Pleno dia";"Decrescente";"Nublado";"Dupla";"Curva";"Rural";1;0;1;0;0;0;1;1
83433649;"26/01/16";"Terça";"08:40:00";"RJ";40;"122";"DUQUE DE CAXIAS";"Dormindo";"Colisão com objeto fixo";"Sem Vítimas";"Pleno dia";"Decrescente";"Sol";"Múltipla";"Reta";"Urbano";1;0;0;0;1;0;0;1
83433650;"26/01/16";"Terça";"16:30:00";"RS";116;"255,5";"ESTEIO";"Não guardar distância de segurança";"Colisão traseira";"Com Vítimas Feridas";"Pleno dia";"Decrescente";"Chuva";"Dupla";"Reta";"Urbano";2;0;1;0;1;0;1;2
83433651;"26/01/16";"Terça";"16:00:00";"CE";116;"12,1";"FORTALEZA";"Falta de atenção";"Colisão lateral";"Sem Vítimas";"Pleno dia";"Crescente";"Ceu Claro";"Dupla";"Curva";"Urbano";2;0;0;0;2;0;0;2
83433652;"26/01/16";"Terça";"14:15:00";"MG";50;"140,4";"UBERABA";"Falta de atenção";"Saída de Pista";"Com Vítimas Feridas";"Pleno dia";"Decrescente";"Ceu Claro";"Dupla";"Reta";"Rural";1;0;1;0;0;0;1;1
83433653;"26/01/16";"Terça";"18:10:00";"PR";116;"208,4";"RIO NEGRO";"Não guardar distância de segurança";"Colisão traseira";"Com Vítimas Feridas";"Pleno dia";"Crescente";"Nublado";"Simples";"Reta";"Urbano";3;0;1;0;2;0;1;2
83433655;"26/01/16";"Terça";"15:30:00";"SC";470;"268,6";"CURITIBANOS";"Outras";"Colisão frontal";"Com Vítimas Feridas";"Pleno dia";"Decrescente";"Nublado";"Simples";"Curva";"Rural";3;0;1;0;2;0;1;2
83433656;"18/01/16";"Segunda";"11:25:00";"CE";20;"424,9";"FORTALEZA";"Outras";"Saída de Pista";"Com Vítimas Feridas";"Pleno dia";"Decrescente";"Chuva";"Dupla";"Reta";"Urbano";1;0;0;1;0;0;1;1
83433657;"26/01/16";"Terça";"14:30:00";"MG";381;"725,4";"CARMO DA CACHOEIRA";"Dormindo";"Colisão traseira";"Sem Vítimas";"Pleno dia";"Crescente";"Ceu Claro";"Dupla";"Curva";"Rural";2;0;0;0;2;0;0;2
83433658;"26/01/16";"Terça";"18:30:00";"SC";101;"61";"ARAQUARI";"Falta de atenção";"Colisão traseira";"Sem Vítimas";"Pleno dia";"Crescente";"Nublado";"Múltipla";"Curva";"Rural";2;0;0;0;2;0;0;2
83433659;"26/01/16";"Terça";"15:30:00";"RS";386;"41";"FREDERICO WESTPHALEN";"Falta de atenção";"Colisão traseira";"Sem Vítimas";"Pleno dia";"Decrescente";"Nublado";"Simples";"Reta";"Urbano";2;0;0;0;2;0;0;2
83433661;"26/01/16";"Terça";"14:00:00";"RS";386;"32";"FREDERICO WESTPHALEN";"Desobediência à sinalização";"Colisão Transversal";"Sem Vítimas";"Pleno dia";"Crescente";"Chuva";"Simples";"Reta";"Urbano";2;0;0;0;2;0;0;2
83433662;"22/01/16";"Sexta";"09:20:00";"CE";20;"429,1";"MARACANAU";"Outras";"Colisão traseira";"Com Vítimas Feridas";"Pleno dia";"Crescente";"Ceu Claro";"Dupla";"Reta";"Urbano";2;0;0;1;1;0;1;2
83433663;"26/01/16";"Terça";"11:20:00";"MA";230;"296,5";"SAMBAIBA";"Dormindo";"Saída de Pista";"Com Vítimas Feridas";"Pleno dia";"Decrescente";"Chuva";"Simples";"Reta";"Rural";1;0;1;0;0;0;1;1
83433664;"26/01/16";"Terça";"19:00:00";"SC";101;"152,9";"PORTO BELO";"Outras";"Saída de Pista";"Com Vítimas Feridas";"Pleno dia";"Decrescente";"Chuva";"Dupla";"Reta";"Urbano";1;0;1;0;0;0;1;1
83433665;"26/01/16";"Terça";"08:05:00";"MG";381;"925,1";"ITAPEVA";"Dormindo";"Tombamento";"Com Vítimas Feridas";"Pleno dia";"Crescente";"Ceu Claro";"Dupla";"Curva";"Rural";2;0;0;1;1;0;1;2
83433667;"26/01/16";"Terça";"16:00:00";"MG";116;"283,1";"TEOFILO OTONI";"Outras";"Saída de Pista";"Com Vítimas Feridas";"Pleno dia";"Decrescente";"Nublado";"Simples";"Curva";"Rural";2;0;1;0;1;0;1;1
83433669;"25/01/16";"Segunda";"08:30:00";"BA";324;"528";"FEIRA DE SANTANA";"Outras";"Colisão lateral";"Com Vítimas Feridas";"Pleno dia";"Decrescente";"Nublado";"Dupla";"Reta";"Rural";4;0;3;0;1;0;3;2
83433670;"26/01/16";"Terça";"17:15:00";"MG";40;"413,8";"CURVELO";"Falta de atenção";"Colisão Transversal";"Com Vítimas Feridas";"Pleno dia";"Crescente";"Ceu Claro";"Dupla";"Reta";"Rural";2;0;1;0;1;0;1;2
83433671;"16/01/16";"Sábado";"16:24:00";"RJ";116;"295";"PORTO REAL";"Dormindo";"Saída de Pista";"Com Vítimas Feridas";"Pleno dia";"Decrescente";"Nublado";"Dupla";"Reta";"Urbano";2;0;2;0;0;0;2;1
83433672;"26/01/16";"Terça";"09:05:00";"SP";116;"218,6";"GUARULHOS";"Outras";"Queda de motocicleta / bicicleta / veículo";"Com Vítimas Feridas";"Pleno dia";"Crescente";"Ceu Claro";"Múltipla";"Reta";"Urbano";3;0;2;0;1;0;2;2
83433673;"26/01/16";"Terça";"17:00:00";"MG";153;"4";"ARAPORA";"Outras";"Saída de Pista";"Sem Vítimas";"Pleno dia";"Decrescente";"Nublado";"Dupla";"Reta";"Rural";1;0;0;0;1;0;0;1
83433674;"22/01/16";"Sexta";"17:10:00";"CE";116;"1,2";"FORTALEZA";"Não guardar distância de segurança";"Colisão traseira";"Sem Vítimas";"Pleno dia";"Decrescente";"Ceu Claro";"Dupla";"Reta";"Urbano";2;0;0;0;2;0;0;2
83433675;"26/01/16";"Terça";"18:10:00";"RJ";40;"113";"DUQUE DE CAXIAS";"Outras";"Tombamento";"Com Vítimas Feridas";"Anoitecer";"Decrescente";"Ceu Claro";"Dupla";"Reta";"Urbano";1;0;1;0;0;0;1;1
83433676;"22/01/16";"Sexta";"18:55:00";"CE";20;"426,5";"FORTALEZA";"Falta de atenção";"Colisão Transversal";"Com Vítimas Feridas";"Plena noite";"Decrescente";"Ceu Claro";"Dupla";"Reta";"Urbano";2;0;0;1;1;0;1;2
83433677;"26/01/16";"Terça";"17:30:00";"RS";285;"218";"CASEIROS";"Desobediência à sinalização";"Colisão Transversal";"Com Vítimas Feridas";"Pleno dia";"Decrescente";"Nublado";"Simples";"Cruzamento";"Urbano";2;0;1;0;0;1;1;2