"id";"data_inversa";"dia_semana";"horario";"uf";"br";"km";"municipio";"causa_acidente";"tipo_acidente";"classificacao_acidente";"fase_dia";"sentido_via";"condicao_metereologica";"tipo_pista";"tracado_via";"uso_solo";"pessoas";"mortos";"feridos_leves";"feridos_graves";"ilesos";"ignorados";"feridos";"veiculos"
83433796;"18/01/16";"Segunda";"03:30:00";"MG";40;"469,8";"SETE LAGOAS";"Falta de atenção";"Colisão com objeto fixo";"Sem Vítimas";"Plena noite";"Decrescente";"Chuva";"Dupla";"Curva";"Rural";1;0;0;0;1;0;0;1
83433797;"23/01/16";"Sábado";"20:35:00";"BA";116;"460,7";"SANTO ESTEVAO";"Ultrapassagem indevida";"Colisão frontal";"Com Vítimas Feridas";"Plena noite";"Crescente";"Nublado";"Simples";"Reta";"Urbano";3;0;0;2;0;1;2;2
83433798;"23/01/16";"Sábado";"17:00:00";"RS";158;"323";"SANTA MARIA";"Falta de atenção";"Colisão Transversal";"Com Vítimas Feridas";"Pleno dia";"Crescente";"Sol";"Simples";"Reta";"Urbano";4;0;3;0;1;0;3;2
83433800;"24/01/16";"Domingo";"02:40:00";"PR";376;"229,2";"APUCARANA";"Ingestão de álcool";"Capotamento";"Com Vítimas Feridas";"Plena noite";"Crescente";"Ceu Claro";"Simples";"Curva";"Rural";1;0;1;0;0;0;1;1
83433801;"27/01/16";"Quarta";"08:15:00";"SC";101;"283,2";"IMBITUBA";"Falta de atenção";"Colisão lateral";"Com Vítimas Feridas";"Pleno dia";"Crescente";"Chuva";"Simples";"Cruzamento";"Urbano";2;0;1;0;1;0;1;2
83433803;"24/01/16";"Domingo";"06:30:00";"BA";101;"852";"TEIXEIRA DE FREITAS";"Outras";"Capotamento";"Sem Vítimas";"Amanhecer";"Crescente";"Chuva";"Simples";"Reta";"Rural";4;0;0;0;4;0;0;1
83433804;"27/01/16";"Quarta";"08:50:00";"SC";101;"111,4";"NAVEGANTES";"Outras";"Colisão com objeto fixo";"Com Vítimas Fatais";"Pleno dia";"Crescente";"Nublado";"Simples";"Reta";"Urbano";3;1;1;0;1;0;1;3
83433805;"27/01/16";"Quarta";"02:00:00";"MS";262;"367,9";"CAMPO GRANDE";"Dormindo";"Colisão lateral";"Sem Vítimas";"Plena noite";"Crescente";"Chuva";"Simples";"Curva";"Rural";2;0;0;0;2;0;0;2
83433806;"27/01/16";"Quarta";"07:30:00";"MG";459;"43,1";"SANTA RITA DE CALDAS";"Defeito mecânico em veículo";"Incêndio";"Sem Vítimas";"Pleno dia";"Crescente";"Ceu Claro";"Simples";"Reta";"Rural";1;0;0;0;1;0;0;1
83433807;"23/01/16";"Sábado";"19:00:00";"ES";101;"262";"SERRA";"Não guardar distância de segurança";"Colisão traseira";"Com Vítimas Feridas";"Plena noite";"Crescente";"Chuva";"Dupla";"Cruzamento";"Urbano";4;0;2;0;2;0;2;2
83433808;"24/01/16";"Domingo";"04:32:00";"BA";116;"466,3";"SANTO ESTEVAO";"Falta de atenção";"Capotamento";"Sem Vítimas";"Amanhecer";"Crescente";"Chuva";"Simples";"Curva";"Rural";1;0;0;0;1;0;0;1
83433809;"17/01/16";"Domingo";"22:30:00";"PE";232;"428,2";"SERRA TALHADA";"Outras";"Queda de motocicleta / bicicleta / veículo";"Com Vítimas Feridas";"Plena noite";"Crescente";"Ceu Claro";"Simples";"Reta";"Urbano";2;0;1;1;0;0;2;1
83433810;"24/01/16";"Domingo";"02:30:00";"MG";381;"483";"BETIM";"Ingestão de álcool";"Colisão com objeto fixo";"Com Vítimas Feridas";"Plena noite";"Crescente";"Ceu Claro";"Dupla";"Curva";"Urbano";2;0;2;0;0;0;2;1
83433811;"27/01/16";"Quarta";"03:10:00";"RN";304;"269";"SAO PEDRO";"Ingestão de álcool";"Colisão frontal";"Sem Vítimas";"Plena noite";"Crescente";"Ceu Claro";"Simples";"Reta";"Rural";2;0;0;0;2;0;0;2
83433812;"27/01/16";"Quarta";"08:45:00";"SC";282;"497,7";"XANXERE";"Velocidade incompatível";"Tombamento";"Com Vítimas Feridas";"Pleno dia";"Crescente";"Sol";"Dupla";"Cruzamento";"Urbano";2;0;1;1;0;0;2;1
83433813;"24/01/16";"Domingo";"08:10:00";"GO";60;"15";"ALEXANIA";"Velocidade incompatível";"Saída de Pista";"Com Vítimas Feridas";"Pleno dia";"Crescente";"Nublado";"Dupla";"Curva";"Rural";1;0;0;1;0;0;1;1
83433814;"24/01/16";"Domingo";"05:35:00";"PR";469;"13";"FOZ DO IGUACU";"Ingestão de álcool";"Saída de Pista";"Sem Vítimas";"Plena noite";"Decrescente";"Ceu Claro";"Simples";"Reta";"Urbano";1;0;0;0;1;0;0;1
83433815;"22/01/16";"Sexta";"18:40:00";"DF";70;"6";"BRASILIA";"Ingestão de álcool";"Colisão traseira";"Com Vítimas Feridas";"Plena noite";"Decrescente";"Nublado";"Dupla";"Reta";"Urbano";6;0;2;0;4;0;2;3
83433816;"24/01/16";"Domingo";"03:15:00";"SC";116;"171,5";"PONTE ALTA DO NORTE";"Ingestão de álcool";"Saída de Pista";"Com Vítimas Feridas";"Plena noite";"Crescente";"Ceu Claro";"Simples";"Reta";"Rural";1;0;1;0;0;0;1;1
83433818;"24/01/16";"Domingo";"19:00:00";"MG";251;"325";"MONTES CLAROS";"Velocidade incompatível";"Colisão frontal";"Com Vítimas Feridas";"Anoitecer";"Decrescente";"Chuva";"Simples";"Curva";"Rural";6;0;5;1;0;0;6;2
83433819;"27/01/16";"Quarta";"10:30:00";"RJ";101;"482";"ANGRA DOS REIS";"Não guardar distância de segurança";"Colisão traseira";"Com Vítimas Feridas";"Pleno dia";"Decrescente";"Ceu Claro";"Simples";"Reta";"Urbano";2;0;1;0;1;0;1;2
83433820;"21/01/16";"Quinta";"08:15:00";"GO";60;"340";"SANTO ANTONIO DA BARRA";"Animais na Pista";"Capotamento";"Com Vítimas Feridas";"Pleno dia";"Crescente";"Nublado";"Dupla";"Reta";"Urbano";1;0;1;0;0;0;1;1
83433822;"27/01/16";"Quarta";"09:10:00";"PE";101;"63,4";"RECIFE";"Falta de atenção";"Colisão lateral";"Sem Vítimas";"Pleno dia";"Decrescente";"Ceu Claro";"Múltipla";"Reta";"Urbano";3;0;0;0;2;1;0;2
83433823;"23/01/16";"Sábado";"16:20:00";"DF";40;"1,9";"BRASILIA";"Outras";"Colisão lateral";"Sem Vítimas";"Pleno dia";"Crescente";"Ceu Claro";"Dupla";"Reta";"Urbano";2;0;0;0;1;1;0;2
83433824;"23/01/16";"Sábado";"22:00:00";"RJ";101;"405";"ITAGUAI";"Outras";"Colisão traseira";"Com Vítimas Feridas";"Plena noite";"Crescente";"Ceu Claro";"Dupla";"Reta";"Urbano";2;0;1;0;1;0;1;2
83433825;"26/01/16";"Terça";"13:25:00";"RO";364;"208,8";"PIMENTA BUENO";"Falta de atenção";"Colisão com objeto fixo";"Sem Vítimas";"Pleno dia";"Decrescente";"Nublado";"Simples";"Reta";"Rural";1;0;0;0;1;0;0;1
83433826;"27/01/16";"Quarta";"11:20:00";"RS";101;"86";"OSORIO";"Falta de atenção";"Colisão lateral";"Com Vítimas Feridas";"Pleno dia";"Decrescente";"Sol";"Dupla";"Reta";"Urbano";2;0;1;0;1;0;1;2
83433827;"19/01/16";"Terça";"04:00:00";"BA";101;"240";"CONCEICAO DO ALMEIDA";"Outras";"Saída de Pista";"Sem Vítimas";"Plena noite";"Crescente";"Ceu Claro";"Simples";"Curva";"Rural";1;0;0;0;1;0;0;1
83433828;"27/01/16";"Quarta";"06:20:00";"PR";476;"11,1";"COLOMBO";"Outras";"Colisão frontal";"Com Vítimas Feridas";"Pleno dia";"Crescente";"Chuva";"Dupla";"Curva";"Rural";2;0;2;0;0;0;2;2
83433829;"26/01/16";"Terça";"19:20:00";"MG";365;"657";"MONTE ALEGRE DE MINAS";"Não guardar distância de segurança";"Colisão traseira";"Com Vítimas Feridas";"Anoitecer";"Decrescente";"Ceu Claro";"Dupla";"Reta";"Rural";3;0;1;0;2;0;1;2
83433830;"27/01/16";"Quarta";"07:05:00";"MG";40;"810";"MATIAS BARBOSA";"Falta de atenção";"Colisão Transversal";"Com Vítimas Feridas";"Pleno dia";"Crescente";"Ceu Claro";"Simples";"Curva";"Rural";2;0;2;0;0;0;2;2
83433832;"27/01/16";"Quarta";"08:00:00";"GO";153;"304";"RIALMA";"Falta de atenção";"Saída de Pista";"Sem Vítimas";"Pleno dia";"Crescente";"Chuva";"Simples";"Reta";"Rural";1;0;0;0;1;0;0;1
83433833;"27/01/16";"Quarta";"12:25:00";"SC";280;"52,3";"GUARAMIRIM";"Falta de atenção";"Colisão Transversal";"Com Vítimas Feridas";"Pleno dia";"Crescente";"Chuva";"Simples";"Cruzamento";"Urbano";4;0;1;2;1;0;3;3
83433834;"27/01/16";"Quarta";"11:00:00";"MG";459;"103";"POUSO ALEGRE";"Falta de atenção";"Colisão traseira";"Com Vítimas Feridas";"Pleno dia";"Decrescente";"Ceu Claro";"Dupla";"Reta";"Rural";2;0;1;0;1;0;1;2
83433835;"26/01/16";"Terça";"18:00:00";"RS";293;"424,6";"QUARAI";"Outras";"Saída de Pista";"Sem Vítimas";"Pleno dia";"Crescente";"Ceu Claro";"Simples";"Reta";"Rural";1;0;0;0;1;0;0;1
83433836;"27/01/16";"Quarta";"09:30:00";"BA";116;"533,7";"ITATIM";"Falta de atenção";"Colisão Transversal";"Com Vítimas Feridas";"Pleno dia";"Decrescente";"Ceu Claro";"Simples";"Reta";"Rural";4;0;4;0;0;0;4;2
83433837;"27/01/16";"Quarta";"09:00:00";"SP";116;"109,6";"TAUBATE";"Falta de atenção";"Colisão com objeto fixo";"Sem Vítimas";"Pleno dia";"Decrescente";"Ceu Claro";"Dupla";"Reta";"Urbano";1;0;0;0;1;0;0;1
83433838;"27/01/16";"Quarta";"08:15:00";"RS";290;"86";"PORTO ALEGRE";"Ingestão de álcool";"Saída de Pista";"Sem Vítimas";"Pleno dia";"Decrescente";"Ceu Claro";"Simples";"Curva";"Urbano";1;0;0;0;1;0;0;1
83433840;"26/01/16";"Terça";"05:15:00";"MS";163;"576,5";"BANDEIRANTES";"Defeito mecânico em veículo";"Saída de Pista";"Sem Vítimas";"Pleno dia";"Decrescente";"Ceu Claro";"Simples";"Reta";"Rural";2;0;0;0;2;0;0;1
83433841;"27/01/16";"Quarta";"09:15:00";"SC";101;"359";"SANGAO";"Desobediência à sinalização";"Colisão Transversal";"Com Vítimas Feridas";"Pleno dia";"Crescente";"Chuva";"Simples";"Cruzamento";"Rural";3;0;1;0;2;0;1;2
83433842;"27/01/16";"Quarta";"11:00:00";"SC";101;"356";"SANGAO";"Falta de atenção";"Colisão lateral";"Sem Vítimas";"Pleno dia";"Crescente";"Nublado";"Dupla";"Reta";"Rural";2;0;0;0;2;0;0;2
83433843;"07/01/16";"Quinta";"09:20:00";"SC";101;"234";"PALHOCA";"Ultrapassagem indevida";"Colisão lateral";"Com Vítimas Feridas";"Pleno dia";"Decrescente";"Ceu Claro";"Dupla";"Reta";"Rural";2;0;1;0;1;0;1;2
83433844;"27/01/16";"Quarta";"12:30:00";"PA";316;"8";"ANANINDEUA";"Falta de atenção";"Colisão lateral";"Com Vítimas Feridas";"Pleno dia";"Decrescente";"Chuva";"Dupla";"Reta";"Urbano";3;0;2;0;1;0;2;2
83433845;"27/01/16";"Quarta";"10:30:00";"SC";470;"99,9";"APIUNA";"Falta de atenção";"Colisão traseira";"Sem Vítimas";"Pleno dia";"Decrescente";"Chuva";"Simples";"Reta";"Urbano";2;0;0;0;2;0;0;2
83433846;"27/01/16";"Quarta";"10:20:00";"RN";101;"96";"NATAL";"Falta de atenção";"Queda de motocicleta / bicicleta / veículo";"Com Vítimas Feridas";"Pleno dia";"Crescente";"Sol";"Dupla";"Cruzamento";"Urbano";2;0;2;0;0;0;2;1
83433848;"27/01/16";"Quarta";"14:05:00";"SC";101;"81";"BARRA VELHA";"Falta de atenção";"Colisão lateral";"Sem Vítimas";"Pleno dia";"Crescente";"Ceu Claro";"Dupla";"Reta";"Rural";2;0;0;0;2;0;0;2
83433849;"27/01/16";"Quarta";"10:45:00";"PE";232;"176,9";"BELO JARDIM";"Falta de atenção";"Colisão Transversal";"Com Vítimas Feridas";"Pleno dia";"Decrescente";"Sol";"Simples";"Reta";"Rural";4;0;4;0;0;0;4;2
83433850;"22/01/16";"Sexta";"19:50:00";"AC";317;"363";"BRASILEIA";"Falta de atenção";"Colisão traseira";"Com Vítimas Feridas";"Pleno dia";"Crescente";"Ceu Claro";"Simples";"Reta";"Rural";3;0;2;0;1;0;2;2
83433851;"23/01/16";"Sábado";"16:20:00";"ES";101;"341,8";"GUARAPARI";"Dormindo";"Colisão frontal";"Com Vítimas Feridas";"Pleno dia";"Crescente";"Nublado";"Simples";"Reta";"Rural";3;0;2;0;1;0;2;2
83433853;"27/01/16";"Quarta";"11:30:00";"ES";101;"377,7";"ICONHA";"Falta de atenção";"Colisão Transversal";"Com Vítimas Feridas";"Pleno dia";"Decrescente";"Ceu Claro";"Simples";"Reta";"Urbano";2;0;1;0;1;0;1;2
83433855;"27/01/16";"Quarta";"14:00:00";"PR";277;"79";"CURITIBA";"Desobediência à sinalização";"Colisão traseira";"Com Vítimas Feridas";"Pleno dia";"Decrescente";"Chuva";"Dupla";"Reta";"Urbano";4;0;3;0;1;0;3;2
83433856;"19/01/16";"Terça";"11:15:00";"TO";153;"134";"ARAGUAINA";"Outras";"Capotamento";"Ignorado";"Plena noite";"Decrescente";"Chuva";"Dupla";"Reta";"Urbano";1;0;0;0;0;1;0;1
83433857;"11/01/16";"Segunda";"14:30:00";"SC";101;"215,5";"PALHOCA";"Desobediência à sinalização";"Colisão Transversal";"Com Vítimas Feridas";"Pleno dia";"Decrescente";"Nublado";"Dupla";"Cruzamento";"Urbano";2;0;1;0;1;0;1;2
83433860;"23/01/16";"Sábado";"23:30:00";"MG";116;"530,4";"CARATINGA";"Ingestão de álcool";"Colisão traseira";"Com Vítimas Feridas";"Plena noite";"Decrescente";"Nublado";"Simples";"Reta";"Urbano";3;0;2;0;1;0;2;2
83433861;"27/01/16";"Quarta";"11:40:00";"SP";153;"54";"SAO JOSE DO RIO PRETO";"Outras";"Colisão traseira";"Com Vítimas Feridas";"Pleno dia";"Decrescente";"Sol";"Dupla";"Reta";"Rural";3;0;2;0;1;0;2;2
83433862;"27/01/16";"Quarta";"11:30:00";"TO";153;"770,7";"ALVORADA";"Outras";"Saída de Pista";"Com Vítimas Feridas";"Pleno dia";"Crescente";"Chuva";"Dupla";"Reta";"Rural";1;0;1;0;0;0;1;1
83433864;"27/01/16";"Quarta";"10:40:00";"TO";153;"745";"ALVORADA";"Defeito na via";"Colisão traseira";"Com Vítimas Feridas";"Pleno dia";"Crescente";"Chuva";"Simples";"Reta";"Rural";6;0;1;0;5;0;1;2
83433865;"27/01/16";"Quarta";"11:30:00";"SC";280;"131,1";"RIO NEGRINHO";"Velocidade incompatível";"Saída de Pista";"Sem Vítimas";"Pleno dia";"Decrescente";"Chuva";"Simples";"Curva";"Urbano";1;0;0;0;1;0;0;1
83433866;"27/01/16";"Quarta";"14:00:00";"MT";364;"321";"CAMPO VERDE";"Não guardar distância de segurança";"Colisão traseira";"Sem Vítimas";"Pleno dia";"Decrescente";"Chuva";"Simples";"Reta";"Rural";2;0;0;0;2;0;0;2
83433867;"27/01/16";"Quarta";"13:30:00";"BA";116;"817";"VITORIA DA CONQUISTA";"Não guardar distância de segurança";"Colisão traseira";"Sem Vítimas";"Pleno dia";"Decrescente";"Nublado";"Simples";"Reta";"Urbano";3;0;0;0;3;0;0;2
83433868;"27/01/16";"Quarta";"09:40:00";"BA";324;"560";"SAO SEBASTIAO DO PASSE";"Falta de atenção";"Colisão lateral";"Com Vítimas Feridas";"Pleno dia";"Decrescente";"Sol";"Dupla";"Reta";"Rural";3;0;1;0;2;0;1;2
83433869;"27/01/16";"Quarta";"13:45:00";"MG";40;"526,9";"CONTAGEM";"Outras";"Queda de motocicleta / bicicleta / veículo";"Com Vítimas Feridas";"Pleno dia";"Decrescente";"Sol";"Dupla";"Curva";"Urbano";1;0;0;1;0;0;1;1
83433870;"17/01/16";"Domingo";"20:00:00";"MG";40;"501";"ESMERALDAS";"Falta de atenção";"Colisão com objeto fixo";"Sem Vítimas";"Plena noite";"Crescente";"Chuva";"Dupla";"Reta";"Rural";1;0;0;0;1;0;0;1
83433871;"27/01/16";"Quarta";"14:25:00";"SC";116;"17,2";"MAFRA";"Dormindo";"Colisão lateral";"Sem Vítimas";"Pleno dia";"Decrescente";"Nublado";"Simples";"Reta";"Rural";2;0;0;0;2;0;0;2
83433872;"27/01/16";"Quarta";"11:00:00";"SC";470;"99,5";"APIUNA";"Falta de atenção";"Colisão traseira";"Sem Vítimas";"Pleno dia";"Crescente";"Chuva";"Simples";"Reta";"Urbano";4;0;0;0;4;0;0;4
83433873;"24/01/16";"Domingo";"07:00:00";"SP";116;"228";"SAO PAULO";"Outras";"Colisão com objeto fixo";"Sem Vítimas";"Amanhecer";"Decrescente";"Ceu Claro";"Múltipla";"Reta";"Urbano";1;0;0;0;1;0;0;1
83433874;"27/01/16";"Quarta";"08:30:00";"MA";10;"254";"IMPERATRIZ";"Não guardar distância de segurança";"Colisão traseira";"Com Vítimas Feridas";"Pleno dia";"Crescente";"Ceu Claro";"Simples";"Curva";"Urbano";2;0;1;0;1;0;1;2
83433875;"25/01/16";"Segunda";"15:30:00";"AC";364;"231";"SENA MADUREIRA";"Defeito mecânico em veículo";"Saída de Pista";"Sem Vítimas";"Pleno dia";"Decrescente";"Ceu Claro";"Simples";"Curva";"Rural";2;0;0;0;2;0;0;1
83433876;"22/01/16";"Sexta";"14:40:00";"PR";277;"367,2";"GUARAPUAVA";"Falta de atenção";"Colisão traseira";"Sem Vítimas";"Pleno dia";"Decrescente";"Ceu Claro";"Simples";"Reta";"Rural";2;0;0;0;2;0;0;2
83433877;"27/01/16";"Quarta";"11:00:00";"MT";70;"579";"NOSSA SENHORA DO LIVRAMENTO";"Velocidade incompatível";"Saída de Pista";"Sem Vítimas";"Pleno dia";"Crescente";"Chuva";"Simples";"Curva";"Rural";6;0;0;0;6;0;0;1
83433878;"27/01/16";"Quarta";"15:35:00";"PR";277;"726,5";"FOZ DO IGUACU";"Falta de atenção";"Colisão Transversal";"Com Vítimas Feridas";"Pleno dia";"Decrescente";"Sol";"Dupla";"Cruzamento";"Urbano";3;0;0;1;2;0;1;2
83433879;"22/01/16";"Sexta";"22:00:00";"RS";116;"518,1";"PELOTAS";"Outras";"Colisão com objeto fixo";"Sem Vítimas";"Plena noite";"Decrescente";"Ceu Claro";"Múltipla";"Reta";"Urbano";1;0;0;0;1;0;0;1
83433880;"27/01/16";"Quarta";"06:40:00";"PB";230;"28,3";"JOAO PESSOA";"Velocidade incompatível";"Colisão Transversal";"Sem Vítimas";"Pleno dia";"Crescente";"Sol";"Dupla";"Curva";"Urbano";2;0;0;0;2;0;0;2
83433882;"27/01/16";"Quarta";"13:30:00";"CE";116;"45,2";"PACAJUS";"Outras";"Saída de Pista";"Sem Vítimas";"Pleno dia";"Decrescente";"Ceu Claro";"Dupla";"Reta";"Urbano";1;0;0;0;1;0;0;1
83433884;"24/01/16";"Domingo";"23:00:00";"MG";365;"266";"BURITIZEIRO";"Outras";"Saída de Pista";"Com Vítimas Feridas";"Plena noite";"Decrescente";"Chuva";"Simples";"Curva";"Rural";3;0;3;0;0;0;3;1
83433885;"27/01/16";"Quarta";"15:40:00";"RS";470;"207";"BENTO GONCALVES";"Falta de atenção";"Colisão traseira";"Sem Vítimas";"Pleno dia";"Decrescente";"Nublado";"Simples";"Curva";"Rural";3;0;0;0;2;1;0;3
83433887;"23/01/16";"Sábado";"21:15:00";"PR";158;"201,8";"PEABIRU";"Falta de atenção";"Saída de Pista";"Com Vítimas Feridas";"Plena noite";"Decrescente";"Ceu Claro";"Simples";"Curva";"Rural";2;0;0;1;1;0;1;2
83433888;"26/01/16";"Terça";"09:30:00";"RO";364;"237";"CACOAL";"Falta de atenção";"Colisão traseira";"Sem Vítimas";"Pleno dia";"Decrescente";"Nublado";"Simples";"Cruzamento";"Urbano";2;0;0;0;2;0;0;2
83433889;"27/01/16";"Quarta";"15:30:00";"SP";116;"420";"JUQUIA";"Velocidade incompatível";"Saída de Pista";"Sem Vítimas";"Pleno dia";"Decrescente";"Chuva";"Dupla";"Reta";"Rural";1;0;0;0;1;0;0;1
83433891;"27/01/16";"Quarta";"14:55:00";"MG";153;"0,4";"ARAPORA";"Não guardar distância de segurança";"Colisão traseira";"Sem Vítimas";"Pleno dia";"Crescente";"Ceu Claro";"Dupla";"Reta";"Rural";4;0;0;0;4;0;0;2
83433892;"27/01/16";"Quarta";"09:00:00";"MG";262;"776,9";"UBERABA";"Outras";"Colisão frontal";"Com Vítimas Fatais";"Pleno dia";"Crescente";"Chuva";"Simples";"Reta";"Rural";4;1;0;3;0;0;3;2
83433893;"23/01/16";"Sábado";"23:00:00";"RS";290;"555";"ALEGRETE";"Animais na Pista";"Capotamento";"Com Vítimas Feridas";"Plena noite";"Crescente";"Ceu Claro";"Simples";"Reta";"Rural";3;0;2;1;0;0;3;1
83433894;"24/01/16";"Domingo";"04:20:00";"PR";272;"363,6";"CAMPO MOURAO";"Ingestão de álcool";"Colisão com objeto fixo";"Com Vítimas Feridas";"Plena noite";"Crescente";"Ceu Claro";"Dupla";"Reta";"Urbano";1;0;0;1;0;0;1;1
83433895;"27/01/16";"Quarta";"11:30:00";"BA";101;"175";"SAO GONCALO DOS CAMPOS";"Falta de atenção";"Colisão lateral";"Com Vítimas Feridas";"Pleno dia";"Crescente";"Sol";"Simples";"Reta";"Rural";2;0;1;0;1;0;1;2
83433896;"27/01/16";"Quarta";"14:00:00";"CE";222;"5,5";"CAUCAIA";"Animais na Pista";"Colisão lateral";"Com Vítimas Feridas";"Pleno dia";"Decrescente";"Sol";"Múltipla";"Curva";"Urbano";2;0;1;0;1;0;1;2
83433897;"27/01/16";"Quarta";"09:40:00";"MT";163;"1056";"GUARANTA DO NORTE";"Defeito na via";"Queda de motocicleta / bicicleta / veículo";"Com Vítimas Feridas";"Pleno dia";"Crescente";"Chuva";"Simples";"Reta";"Rural";2;0;2;0;0;0;2;1
83433898;"27/01/16";"Quarta";"09:40:00";"RJ";495;"32";"PETROPOLIS";"Falta de atenção";"Colisão traseira";"Sem Vítimas";"Pleno dia";"Decrescente";"Ceu Claro";"Dupla";"Curva";"Urbano";2;0;0;0;2;0;0;2
83433899;"11/01/16";"Segunda";"07:40:00";"SC";101;"214,5";"PALHOCA";"Falta de atenção";"Colisão traseira";"Com Vítimas Feridas";"Pleno dia";"Decrescente";"Ceu Claro";"Dupla";"Reta";"Urbano";2;0;1;0;1;0;1;2
83433900;"27/01/16";"Quarta";"16:50:00";"PR";277;"716,7";"SANTA TEREZINHA DE ITAIPU";"Defeito mecânico em veículo";"Queda de motocicleta / bicicleta / veículo";"Com Vítimas Feridas";"Pleno dia";"Crescente";"Ceu Claro";"Dupla";"Reta";"Rural";1;0;1;0;0;0;1;1
83433901;"27/01/16";"Quarta";"16:40:00";"RS";386;"348,8";"ESTRELA";"Não guardar distância de segurança";"Colisão lateral";"Com Vítimas Feridas";"Pleno dia";"Crescente";"Nublado";"Dupla";"Reta";"Urbano";2;0;1;0;1;0;1;2
83433902;"21/01/16";"Quinta";"09:00:00";"SC";282;"2";"FLORIANOPOLIS";"Não guardar distância de segurança";"Colisão lateral";"Sem Vítimas";"Pleno dia";"Crescente";"Ceu Claro";"Dupla";"Reta";"Urbano";2;0;0;0;2;0;0;2
83433903;"27/01/16";"Quarta";"13:45:00";"RS";290;"96";"PORTO ALEGRE";"Outras";"Colisão traseira";"Sem Vítimas";"Pleno dia";"Crescente";"Ceu Claro";"Dupla";"Reta";"Urbano";2;0;0;0;2;0;0;2
83433904;"27/01/16";"Quarta";"10:00:00";"PE";408;"94";"SAO LOURENCO DA MATA";"Outras";"Saída de Pista";"Com Vítimas Feridas";"Pleno dia";"Decrescente";"Ceu Claro";"Dupla";"Reta";"Rural";1;0;1;0;0;0;1;1
83433905;"27/01/16";"Quarta";"16:00:00";"PR";277;"41,5";"MORRETES";"Não guardar distância de segurança";"Colisão traseira";"Sem Vítimas";"Pleno dia";"Decrescente";"Chuva";"Dupla";"Reta";"Rural";3;0;0;0;3;0;0;2
83433906;"27/01/16";"Quarta";"09:00:00";"PR";476;"124";"CURITIBA";"Falta de atenção";"Colisão lateral";"Com Vítimas Feridas";"Pleno dia";"Crescente";"Chuva";"Dupla";"Reta";"Urbano";2;0;0;1;1;0;1;2
83433907;"27/01/16";"Quarta";"16:30:00";"SP";116;"555,2";"BARRA DO TURVO";"Velocidade incompatível";"Saída de Pista";"Com Vítimas Feridas";"Pleno dia";"Crescente";"Chuva";"Simples";"Curva";"Rural";2;0;2;0;0;0;2;1
83433908;"27/01/16";"Quarta";"14:00:00";"SC";101;"357";"SANGAO";"Ultrapassagem indevida";"Colisão lateral";"Sem Vítimas";"Pleno dia";"Crescente";"Nublado";"Dupla";"Reta";"Rural";2;0;0;0;2;0;0;2
83433909;"27/01/16";"Quarta";"14:40:00";"MG";381;"260";"CORONEL FABRICIANO";"Não guardar distância de segurança";"Colisão traseira";"Com Vítimas Feridas";"Pleno dia";"Decrescente";"Ceu Claro";"Simples";"Reta";"Rural";2;0;0;1;1;0;1;2
83433910;"21/01/16";"Quinta";"17:30:00";"BA";324;"547";"AMELIA RODRIGUES";"Ultrapassagem indevida";"Colisão traseira";"Sem Vítimas";"Pleno dia";"Crescente";"Chuva";"Dupla";"Reta";"Rural";3;0;0;0;3;0;0;3
83433911;"24/01/16";"Domingo";"04:30:00";"ES";262;"97,3";"DOMINGOS MARTINS";"Outras";"Capotamento";"Sem Vítimas";"Plena noite";"Decrescente";"Nublado";"Simples";"Reta";"Urbano";1;0;0;0;1;0;0;1
83433912;"27/01/16";"Quarta";"16:30:00";"RS";116;"241,9";"SAO LEOPOLDO";"Falta de atenção";"Colisão lateral";"Com Vítimas Feridas";"Pleno dia";"Crescente";"Sol";"Múltipla";"Reta";"Urbano";2;0;1;0;1;0;1;2
83433913;"27/01/16";"Quarta";"12:00:00";"PI";343;"341,3";"TERESINA";"Outras";"Saída de Pista";"Sem Vítimas";"Pleno dia";"Crescente";"Chuva";"Dupla";"Reta";"Urbano";1;0;0;0;1;0;0;1
83433914;"27/01/16";"Quarta";"15:10:00";"SC";282;"467,8";"PONTE SERRADA";"Outras";"Capotamento";"Com Vítimas Feridas";"Pleno dia";"Crescente";"Chuva";"Simples";"Curva";"Rural";2;0;1;0;1;0;1;1
83433915;"27/01/16";"Quarta";"13:20:00";"RJ";40;"122";"DUQUE DE CAXIAS";"Falta de atenção";"Colisão com objeto fixo";"Sem Vítimas";"Pleno dia";"Decrescente";"Ceu Claro";"Múltipla";"Reta";"Urbano";2;0;0;0;2;0;0;2
83433916;"26/01/16";"Terça";"19:20:00";"SP";116;"176,8";"GUARAREMA";"Defeito mecânico em veículo";"Colisão lateral";"Sem Vítimas";"Pleno dia";"Decrescente";"Ceu Claro";"Dupla";"Reta";"Rural";2;0;0;0;2;0;0;2
83433917;"27/01/16";"Quarta";"16:00:00";"PR";376;"664";"GUARATUBA";"Outras";"Capotamento";"Com Vítimas Feridas";"Pleno dia";"Decrescente";"Chuva";"Dupla";"Curva";"Urbano";5;0;1;0;4;0;1;1
83433918;"27/01/16";"Quarta";"13:00:00";"SC";470;"193,7";"POUSO REDONDO";"Velocidade incompatível";"Colisão lateral";"Sem Vítimas";"Pleno dia";"Decrescente";"Nublado";"Simples";"Curva";"Rural";2;0;0;0;2;0;0;2