"id";"data_inversa";"dia_semana";"horario";"uf";"br";"km";"municipio";"causa_acidente";"tipo_acidente";"classificacao_acidente";"fase_dia";"sentido_via";"condicao_metereologica";"tipo_pista";"tracado_via";"uso_solo";"pessoas";"mortos";"feridos_leves";"feridos_graves";"ilesos";"ignorados";"feridos";"veiculos"
83434158;"25/01/16";"Segunda";"18:30:00";"RJ";116;"106";"GUAPIMIRIM";"Falta de atenção";"Queda de motocicleta / bicicleta / veículo";"Com Vítimas Feridas";"Pleno dia";"Crescente";"Ceu Claro";"Dupla";"Curva";"Urbano";2;0;2;0;0;0;2;1
83434159;"28/01/16";"Quinta";"17:00:00";"SP";116;"417,5";"JUQUIA";"Falta de atenção";"Colisão com objeto fixo";"Sem Vítimas";"Pleno dia";"Decrescente";"Ceu Claro";"Dupla";"Reta";"Rural";1;0;0;0;1;0;0;1
83434160;"28/01/16";"Quinta";"15:20:00";"SC";470;"10";"NAVEGANTES";"Desobediência à sinalização";"Colisão lateral";"Com Vítimas Feridas";"Pleno dia";"Decrescente";"Chuva";"Simples";"Reta";"Urbano";3;0;1;1;1;0;2;3
83434161;"28/01/16";"Quinta";"16:50:00";"GO";60;"186,5";"GUAPO";"Defeito mecânico em veículo";"Saída de Pista";"Sem Vítimas";"Pleno dia";"Crescente";"Chuva";"Dupla";"Reta";"Rural";1;0;0;0;1;0;0;1
83434162;"28/01/16";"Quinta";"15:20:00";"SP";381;"30";"ATIBAIA";"Falta de atenção";"Colisão traseira";"Com Vítimas Feridas";"Pleno dia";"Decrescente";"Ceu Claro";"Dupla";"Reta";"Rural";3;0;1;0;2;0;1;3
83434163;"24/01/16";"Domingo";"22:40:00";"MG";381;"493,2";"BETIM";"Outras";"Colisão traseira";"Com Vítimas Feridas";"Plena noite";"Crescente";"Chuva";"Dupla";"Reta";"Urbano";4;0;1;1;1;1;2;2
83434164;"28/01/16";"Quinta";"15:30:00";"SC";163;"108";"GUARUJA DO SUL";"Ultrapassagem indevida";"Colisão lateral";"Com Vítimas Feridas";"Pleno dia";"Decrescente";"Ceu Claro";"Simples";"Curva";"Rural";4;0;2;0;2;0;2;2
83434165;"28/01/16";"Quinta";"17:20:00";"GO";60;"203";"GUAPO";"Velocidade incompatível";"Saída de Pista";"Com Vítimas Feridas";"Pleno dia";"Crescente";"Chuva";"Dupla";"Curva";"Rural";1;0;1;0;0;0;1;1
83434166;"28/01/16";"Quinta";"16:10:00";"GO";60;"422,7";"RIO VERDE";"Ultrapassagem indevida";"Colisão traseira";"Sem Vítimas";"Pleno dia";"Decrescente";"Nublado";"Dupla";"Reta";"Rural";2;0;0;0;1;1;0;2
83434167;"28/01/16";"Quinta";"09:30:00";"MS";60;"369,3";"CAMPO GRANDE";"Defeito mecânico em veículo";"Saída de Pista";"Com Vítimas Feridas";"Pleno dia";"Crescente";"Sol";"Simples";"Reta";"Rural";2;0;1;0;1;0;1;1
83434168;"26/01/16";"Terça";"15:20:00";"MT";163;"850,6";"SINOP";"Outras";"Queda de motocicleta / bicicleta / veículo";"Com Vítimas Feridas";"Pleno dia";"Decrescente";"Chuva";"Simples";"Reta";"Rural";1;0;1;0;0;0;1;1
83434169;"28/01/16";"Quinta";"18:10:00";"RS";116;"516,8";"PELOTAS";"Falta de atenção";"Colisão Transversal";"Com Vítimas Feridas";"Pleno dia";"Crescente";"Ceu Claro";"Dupla";"Reta";"Urbano";2;0;1;0;1;0;1;2
83434170;"25/01/16";"Segunda";"00:40:00";"MA";316;"337";"LAGO VERDE";"Defeito na via";"Tombamento";"Sem Vítimas";"Plena noite";"Decrescente";"Chuva";"Simples";"Reta";"Rural";1;0;0;0;1;0;0;1
83434171;"28/01/16";"Quinta";"17:35:00";"MG";267;"301,4";"CAXAMBU";"Velocidade incompatível";"Capotamento";"Com Vítimas Feridas";"Pleno dia";"Crescente";"Chuva";"Simples";"Curva";"Rural";2;0;1;0;1;0;1;1
83434172;"28/01/16";"Quinta";"14:40:00";"RJ";493;"3";"ITABORAI";"Falta de atenção";"Colisão traseira";"Sem Vítimas";"Pleno dia";"Decrescente";"Chuva";"Simples";"Reta";"Urbano";2;0;0;0;2;0;0;2
83434173;"28/01/16";"Quinta";"15:15:00";"SC";101;"83,5";"BARRA VELHA";"Desobediência à sinalização";"Colisão Transversal";"Sem Vítimas";"Pleno dia";"Crescente";"Chuva";"Dupla";"Reta";"Urbano";2;0;0;0;2;0;0;2
83434174;"28/01/16";"Quinta";"13:20:00";"MG";153;"245";"FRONTEIRA";"Falta de atenção";"Colisão Transversal";"Com Vítimas Feridas";"Pleno dia";"Decrescente";"Nublado";"Simples";"Cruzamento";"Urbano";6;0;6;0;0;0;6;2
83434176;"28/01/16";"Quinta";"18:20:00";"RS";116;"248,8";"SAO LEOPOLDO";"Não guardar distância de segurança";"Colisão lateral";"Com Vítimas Feridas";"Pleno dia";"Decrescente";"Sol";"Múltipla";"Reta";"Urbano";4;0;1;0;3;0;1;4
83434177;"24/01/16";"Domingo";"23:50:00";"RS";386;"421";"MONTENEGRO";"Ultrapassagem indevida";"Colisão lateral";"Sem Vítimas";"Plena noite";"Decrescente";"Ceu Claro";"Dupla";"Reta";"Rural";2;0;0;0;2;0;0;2
83434178;"28/01/16";"Quinta";"17:30:00";"PI";316;"39";"LAGOA DO PIAUI";"Falta de atenção";"Colisão traseira";"Sem Vítimas";"Pleno dia";"Decrescente";"Nublado";"Simples";"Reta";"Urbano";2;0;0;0;1;1;0;2
83434179;"25/01/16";"Segunda";"02:20:00";"MG";40;"448,3";"CAETANOPOLIS";"Outras";"Queda de motocicleta / bicicleta / veículo";"Com Vítimas Feridas";"Plena noite";"Decrescente";"Chuva";"Dupla";"Reta";"Rural";1;0;1;0;0;0;1;1
83434180;"28/01/16";"Quinta";"16:00:00";"MG";40;"491,6";"ESMERALDAS";"Outras";"Capotamento";"Com Vítimas Feridas";"Pleno dia";"Crescente";"Ceu Claro";"Dupla";"Reta";"Rural";3;0;2;0;1;0;2;1
83434181;"28/01/16";"Quinta";"16:12:00";"RJ";116;"240";"PIRAI";"Outras";"Saída de Pista";"Com Vítimas Feridas";"Pleno dia";"Decrescente";"Chuva";"Simples";"Curva";"Urbano";4;0;1;0;3;0;1;1
83434182;"24/01/16";"Domingo";"21:30:00";"SP";116;"317";"JUQUITIBA";"Outras";"Saída de Pista";"Com Vítimas Feridas";"Pleno dia";"Decrescente";"Ceu Claro";"Dupla";"Curva";"Rural";1;0;1;0;0;0;1;1
83434183;"28/01/16";"Quinta";"17:07:00";"MG";381;"901";"CAMBUI";"Falta de atenção";"Colisão traseira";"Com Vítimas Feridas";"Pleno dia";"Decrescente";"Ceu Claro";"Dupla";"Reta";"Urbano";4;0;1;0;3;0;1;4
83434184;"28/01/16";"Quinta";"15:30:00";"PE";101;"46,5";"IGARASSU";"Falta de atenção";"Atropelamento de pessoa";"Com Vítimas Feridas";"Pleno dia";"Crescente";"Nublado";"Simples";"Reta";"Urbano";2;0;0;1;1;0;1;1
83434185;"28/01/16";"Quinta";"16:00:00";"SC";282;"5";"SAO JOSE";"Não guardar distância de segurança";"Colisão traseira";"Sem Vítimas";"Pleno dia";"Decrescente";"Chuva";"Dupla";"Reta";"Urbano";5;0;0;0;5;0;0;5
83434186;"28/01/16";"Quinta";"15:10:00";"MS";163;"205,9";"CAARAPO";"Falta de atenção";"Colisão lateral";"Sem Vítimas";"Pleno dia";"Crescente";"Sol";"Simples";"Reta";"Rural";2;0;0;0;2;0;0;2
83434187;"28/01/16";"Quinta";"15:30:00";"MG";153;"32,7";"CENTRALINA";"Outras";"Saída de Pista";"Sem Vítimas";"Pleno dia";"Decrescente";"Ceu Claro";"Dupla";"Reta";"Rural";1;0;0;0;1;0;0;1
83434188;"28/01/16";"Quinta";"14:30:00";"SC";282;"52";"AGUAS MORNAS";"Velocidade incompatível";"Colisão lateral";"Sem Vítimas";"Pleno dia";"Decrescente";"Chuva";"Simples";"Curva";"Rural";4;0;0;0;4;0;0;4
83434189;"28/01/16";"Quinta";"15:45:00";"DF";20;"8";"BRASILIA";"Falta de atenção";"Colisão Transversal";"Com Vítimas Feridas";"Pleno dia";"Decrescente";"Nublado";"Dupla";"Reta";"Urbano";4;0;2;0;2;0;2;2
83434190;"25/01/16";"Segunda";"00:45:00";"MG";381;"495";"BETIM";"Não guardar distância de segurança";"Colisão lateral";"Com Vítimas Feridas";"Plena noite";"Crescente";"Nublado";"Dupla";"Reta";"Urbano";2;0;0;1;1;0;1;2
83434191;"28/01/16";"Quinta";"10:00:00";"MT";70;"2";"BARRA DO GARCAS";"Falta de atenção";"Colisão traseira";"Com Vítimas Feridas";"Pleno dia";"Crescente";"Nublado";"Simples";"Reta";"Urbano";2;0;1;0;1;0;1;2
83434192;"28/01/16";"Quinta";"18:00:00";"SC";101;"229";"PALHOCA";"Falta de atenção";"Colisão traseira";"Com Vítimas Feridas";"Pleno dia";"Decrescente";"Chuva";"Dupla";"Reta";"Rural";3;0;1;0;2;0;1;3
83434193;"28/01/16";"Quinta";"18:00:00";"SC";101;"233,1";"PALHOCA";"Outras";"Tombamento";"Ignorado";"Pleno dia";"Decrescente";"Chuva";"Dupla";"Curva";"Rural";1;0;0;0;0;1;0;1
83434194;"25/01/16";"Segunda";"14:00:00";"MT";163;"861";"SINOP";"Outras";"Tombamento";"Sem Vítimas";"Pleno dia";"Crescente";"Ceu Claro";"Simples";"Reta";"Rural";1;0;0;0;1;0;0;1
83434195;"24/01/16";"Domingo";"16:15:00";"PB";101;"15";"MAMANGUAPE";"Outras";"Queda de motocicleta / bicicleta / veículo";"Ignorado";"Pleno dia";"Crescente";"Sol";"Dupla";"Reta";"Rural";1;0;0;0;0;1;0;1
83434196;"28/01/16";"Quinta";"11:55:00";"RO";364;"235,5";"CACOAL";"Ingestão de álcool";"Colisão Transversal";"Com Vítimas Feridas";"Pleno dia";"Decrescente";"Nublado";"Simples";"Reta";"Urbano";3;0;2;0;1;0;2;2
83434197;"28/01/16";"Quinta";"16:50:00";"BA";101;"262";"SANTO ANTONIO DE JESUS";"Outras";"Capotamento";"Sem Vítimas";"Plena noite";"Decrescente";"Ceu Claro";"Simples";"Reta";"Rural";1;0;0;0;1;0;0;1
83434198;"28/01/16";"Quinta";"04:15:00";"RO";364;"263,4";"CACOAL";"Falta de atenção";"Saída de Pista";"Com Vítimas Feridas";"Plena noite";"Decrescente";"Ceu Claro";"Simples";"Reta";"Rural";1;0;1;0;0;0;1;1
83434199;"28/01/16";"Quinta";"16:50:00";"DF";70;"6,5";"BRASILIA";"Falta de atenção";"Colisão lateral";"Com Vítimas Feridas";"Pleno dia";"Decrescente";"Nublado";"Dupla";"Reta";"Rural";2;0;1;0;1;0;1;2
83434201;"28/01/16";"Quinta";"16:05:00";"ES";101;"213,8";"IBIRACU";"Outras";"Colisão lateral";"Com Vítimas Feridas";"Pleno dia";"Decrescente";"Sol";"Simples";"Reta";"Urbano";2;0;1;0;0;1;1;2
83434202;"28/01/16";"Quinta";"16:25:00";"PR";369;"153";"LONDRINA";"Desobediência à sinalização";"Colisão Transversal";"Com Vítimas Feridas";"Pleno dia";"Crescente";"Ceu Claro";"Simples";"Cruzamento";"Urbano";3;0;2;0;1;0;2;2
83434203;"28/01/16";"Quinta";"08:50:00";"PR";369;"153";"LONDRINA";"Não guardar distância de segurança";"Colisão lateral";"Com Vítimas Feridas";"Pleno dia";"Decrescente";"Sol";"Dupla";"Reta";"Urbano";3;0;2;0;1;0;2;3
83434204;"28/01/16";"Quinta";"19:20:00";"PE";428;"87";"SANTA MARIA DA BOA VISTA";"Animais na Pista";"Atropelamento de animal";"Sem Vítimas";"Plena noite";"Crescente";"Nublado";"Simples";"Reta";"Rural";1;0;0;0;1;0;0;1
83434205;"28/01/16";"Quinta";"07:10:00";"PR";369;"148";"LONDRINA";"Desobediência à sinalização";"Colisão Transversal";"Com Vítimas Feridas";"Pleno dia";"Crescente";"Ceu Claro";"Dupla";"Reta";"Urbano";3;0;2;0;1;0;2;2
83434206;"28/01/16";"Quinta";"18:30:00";"PR";153;"478,4";"PORTO VITORIA";"Outras";"Saída de Pista";"Sem Vítimas";"Pleno dia";"Decrescente";"Ceu Claro";"Simples";"Curva";"Rural";1;0;0;0;1;0;0;1
83434207;"28/01/16";"Quinta";"18:00:00";"PR";376;"163";"MARINGA";"Ultrapassagem indevida";"Capotamento";"Com Vítimas Feridas";"Pleno dia";"Decrescente";"Ceu Claro";"Dupla";"Reta";"Rural";3;0;1;0;2;0;1;2
83434208;"28/01/16";"Quinta";"06:50:00";"RS";290;"716";"URUGUAIANA";"Não guardar distância de segurança";"Colisão traseira";"Sem Vítimas";"Amanhecer";"Decrescente";"Ceu Claro";"Simples";"Reta";"Urbano";2;0;0;0;2;0;0;2
83434209;"28/01/16";"Quinta";"17:45:00";"GO";60;"8,8";"APARECIDA DE GOIANIA";"Velocidade incompatível";"Saída de Pista";"Com Vítimas Feridas";"Pleno dia";"Decrescente";"Nublado";"Dupla";"Reta";"Urbano";3;0;2;0;1;0;2;2
83434210;"28/01/16";"Quinta";"17:30:00";"PE";232;"139";"SAO CAITANO";"Falta de atenção";"Atropelamento de pessoa";"Com Vítimas Feridas";"Pleno dia";"Crescente";"Ceu Claro";"Dupla";"Reta";"Rural";2;0;0;2;0;0;2;1
83434211;"28/01/16";"Quinta";"15:00:00";"MT";158;"795";"BARRA DO GARCAS";"Falta de atenção";"Saída de Pista";"Com Vítimas Feridas";"Pleno dia";"Crescente";"Nublado";"Simples";"Reta";"Urbano";1;0;1;0;0;0;1;1
83434212;"28/01/16";"Quinta";"16:20:00";"MG";262;"464,3";"ARAUJOS";"Velocidade incompatível";"Capotamento";"Com Vítimas Fatais";"Pleno dia";"Crescente";"Nublado";"Simples";"Reta";"Rural";1;1;0;0;0;0;0;1
83434213;"28/01/16";"Quinta";"20:40:00";"SC";470;"70,4";"INDAIAL";"Outras";"Colisão traseira";"Com Vítimas Feridas";"Anoitecer";"Crescente";"Nublado";"Simples";"Reta";"Urbano";2;0;1;0;0;1;1;2
83434214;"08/01/16";"Sexta";"17:20:00";"SC";101;"203";"SAO JOSE";"Falta de atenção";"Colisão lateral";"Sem Vítimas";"Pleno dia";"Crescente";"Ceu Claro";"Dupla";"Reta";"Urbano";3;0;0;0;2;1;0;3
83434215;"28/01/16";"Quinta";"15:10:00";"MG";459;"84,3";"CONGONHAL";"Falta de atenção";"Colisão traseira";"Sem Vítimas";"Pleno dia";"Crescente";"Nublado";"Simples";"Reta";"Urbano";2;0;0;0;2;0;0;2
83434216;"28/01/16";"Quinta";"12:40:00";"RN";101;"84,9";"SAO GONCALO DO AMARANTE";"Defeito mecânico em veículo";"Colisão traseira";"Sem Vítimas";"Pleno dia";"Crescente";"Ceu Claro";"Dupla";"Reta";"Urbano";3;0;0;0;3;0;0;3
83434217;"28/01/16";"Quinta";"14:30:00";"MA";135;"54,9";"BACABEIRA";"Falta de atenção";"Colisão lateral";"Sem Vítimas";"Pleno dia";"Crescente";"Ceu Claro";"Simples";"Reta";"Rural";2;0;0;0;2;0;0;2
83434218;"28/01/16";"Quinta";"09:00:00";"RR";174;"664";"PACARAIMA";"Outras";"Saída de Pista";"Com Vítimas Feridas";"Pleno dia";"Decrescente";"Sol";"Simples";"Reta";"Rural";6;0;0;2;4;0;2;1
83434219;"28/01/16";"Quinta";"18:10:00";"RS";290;"178";"BUTIA";"Falta de atenção";"Colisão Transversal";"Com Vítimas Feridas";"Pleno dia";"Decrescente";"Sol";"Simples";"Reta";"Urbano";2;0;1;0;1;0;1;2
83434220;"28/01/16";"Quinta";"19:00:00";"PR";277;"106";"CAMPO LARGO";"Não guardar distância de segurança";"Colisão lateral";"Sem Vítimas";"Anoitecer";"Crescente";"Ceu Claro";"Dupla";"Curva";"Rural";3;0;0;0;3;0;0;2
83434221;"28/01/16";"Quinta";"19:40:00";"CE";116;"64";"CHOROZINHO";"Desobediência à sinalização";"Colisão Transversal";"Com Vítimas Feridas";"Plena noite";"Decrescente";"Ceu Claro";"Simples";"Cruzamento";"Urbano";3;0;2;0;1;0;2;2
83434222;"24/01/16";"Domingo";"22:00:00";"SC";280;"48";"GUARAMIRIM";"Ultrapassagem indevida";"Colisão frontal";"Com Vítimas Feridas";"Plena noite";"Decrescente";"Chuva";"Simples";"Reta";"Urbano";3;0;0;3;0;0;3;2
83434223;"28/01/16";"Quinta";"18:00:00";"SC";282;"633,2";"DESCANSO";"Defeito na via";"Saída de Pista";"Sem Vítimas";"Pleno dia";"Decrescente";"Ceu Claro";"Simples";"Curva";"Rural";2;0;0;0;2;0;0;1
83434224;"27/01/16";"Quarta";"15:50:00";"CE";116;"5,8";"FORTALEZA";"Falta de atenção";"Colisão traseira";"Sem Vítimas";"Pleno dia";"Decrescente";"Ceu Claro";"Múltipla";"Curva";"Urbano";2;0;0;0;2;0;0;2
83434225;"28/01/16";"Quinta";"13:30:00";"RS";290;"166,9";"BUTIA";"Falta de atenção";"Colisão Transversal";"Com Vítimas Feridas";"Pleno dia";"Decrescente";"Sol";"Simples";"Reta";"Rural";2;0;0;1;1;0;1;2
83434226;"28/01/16";"Quinta";"18:00:00";"MT";364;"347";"SANTO ANTONIO DO LEVERGER";"Velocidade incompatível";"Tombamento";"Sem Vítimas";"Anoitecer";"Crescente";"Ceu Claro";"Simples";"Reta";"Rural";1;0;0;0;1;0;0;1
83434227;"28/01/16";"Quinta";"14:00:00";"RS";290;"181";"MINAS DO LEAO";"Falta de atenção";"Colisão Transversal";"Sem Vítimas";"Pleno dia";"Crescente";"Sol";"Simples";"Reta";"Urbano";3;0;0;0;3;0;0;2
83434229;"28/01/16";"Quinta";"13:00:00";"DF";70;"8,9";"BRASILIA";"Falta de atenção";"Colisão lateral";"Com Vítimas Feridas";"Pleno dia";"Decrescente";"Nublado";"Dupla";"Reta";"Urbano";3;0;1;0;2;0;1;2
83434230;"28/01/16";"Quinta";"16:10:00";"MG";116;"504";"INHAPIM";"Dormindo";"Colisão lateral";"Com Vítimas Feridas";"Pleno dia";"Crescente";"Nublado";"Simples";"Curva";"Rural";3;0;1;1;1;0;2;2
83434231;"28/01/16";"Quinta";"19:50:00";"SE";101;"147,5";"ESTANCIA";"Outras";"Colisão com objeto fixo";"Sem Vítimas";"Plena noite";"Crescente";"Ceu Claro";"Dupla";"Curva";"Urbano";1;0;0;0;1;0;0;1
83434232;"27/01/16";"Quarta";"16:30:00";"SP";381;"35";"ATIBAIA";"Outras";"Colisão traseira";"Com Vítimas Feridas";"Pleno dia";"Crescente";"Chuva";"Dupla";"Reta";"Urbano";3;0;1;0;2;0;1;2
83434233;"28/01/16";"Quinta";"14:30:00";"PE";428;"118,2";"LAGOA GRANDE";"Falta de atenção";"Saída de Pista";"Sem Vítimas";"Pleno dia";"Decrescente";"Nublado";"Simples";"Reta";"Rural";1;0;0;0;1;0;0;1
83434234;"28/01/16";"Quinta";"18:15:00";"SP";116;"290";"ITAPECERICA DA SERRA";"Velocidade incompatível";"Capotamento";"Com Vítimas Feridas";"Pleno dia";"Decrescente";"Sol";"Dupla";"Curva";"Rural";3;0;3;0;0;0;3;1
83434235;"28/01/16";"Quinta";"18:00:00";"MA";10;"252,3";"IMPERATRIZ";"Desobediência à sinalização";"Colisão Transversal";"Com Vítimas Feridas";"Anoitecer";"Crescente";"Ceu Claro";"Simples";"Reta";"Urbano";2;0;1;0;1;0;1;2
83434236;"28/01/16";"Quinta";"14:45:00";"PE";232;"362";"FLORES";"Falta de atenção";"Colisão lateral";"Com Vítimas Fatais";"Pleno dia";"Crescente";"Sol";"Simples";"Reta";"Rural";5;1;2;0;2;0;2;3
83434237;"28/01/16";"Quinta";"19:45:00";"RN";406;"166";"SAO GONCALO DO AMARANTE";"Falta de atenção";"Colisão Transversal";"Sem Vítimas";"Plena noite";"Decrescente";"Ceu Claro";"Dupla";"Reta";"Rural";2;0;0;0;2;0;0;2
83434238;"28/01/16";"Quinta";"13:00:00";"MT";70;"583,5";"NOSSA SENHORA DO LIVRAMENTO";"Velocidade incompatível";"Saída de Pista";"Com Vítimas Feridas";"Pleno dia";"Decrescente";"Chuva";"Simples";"Curva";"Rural";2;0;1;1;0;0;2;1
83434239;"28/01/16";"Quinta";"16:40:00";"PR";376;"657";"TIJUCAS DO SUL";"Velocidade incompatível";"Capotamento";"Sem Vítimas";"Pleno dia";"Decrescente";"Nublado";"Dupla";"Curva";"Rural";1;0;0;0;1;0;0;1
83434240;"28/01/16";"Quinta";"15:50:00";"MS";163;"311,1";"RIO BRILHANTE";"Não guardar distância de segurança";"Colisão traseira";"Com Vítimas Feridas";"Pleno dia";"Crescente";"Sol";"Simples";"Reta";"Rural";3;0;1;0;1;1;1;2
83434241;"28/01/16";"Quinta";"15:35:00";"MT";174;"259";"VALE DE SAO DOMINGOS";"Falta de atenção";"Saída de Pista";"Com Vítimas Feridas";"Pleno dia";"Crescente";"Chuva";"Simples";"Reta";"Rural";2;0;1;0;1;0;1;1
83434242;"28/01/16";"Quinta";"21:10:00";"SC";101;"380,5";"ICARA";"Falta de atenção";"Tombamento";"Sem Vítimas";"Plena noite";"Decrescente";"Chuva";"Simples";"Reta";"Urbano";1;0;0;0;1;0;0;1
83434243;"28/01/16";"Quinta";"15:50:00";"MG";381;"783";"CAMPANHA";"Velocidade incompatível";"Capotamento";"Com Vítimas Feridas";"Pleno dia";"Crescente";"Nublado";"Dupla";"Reta";"Rural";1;0;1;0;0;0;1;1
83434244;"28/01/16";"Quinta";"20:00:00";"PR";272;"548";"TERRA ROXA";"Falta de atenção";"Colisão Transversal";"Sem Vítimas";"Anoitecer";"Decrescente";"Sol";"Simples";"Cruzamento";"Rural";3;0;0;0;3;0;0;2
83434245;"28/01/16";"Quinta";"18:20:00";"ES";262;"99,6";"VENDA NOVA DO IMIGRANTE";"Falta de atenção";"Colisão lateral";"Com Vítimas Feridas";"Anoitecer";"Decrescente";"Nublado";"Simples";"Reta";"Rural";2;0;1;0;1;0;1;2
83434246;"28/01/16";"Quinta";"19:30:00";"MA";230;"407,3";"BALSAS";"Outras";"Colisão com bicicleta";"Com Vítimas Fatais";"Plena noite";"Decrescente";"Nublado";"Simples";"Reta";"Rural";2;1;0;0;1;0;0;2
83434247;"28/01/16";"Quinta";"21:00:00";"SC";470;"24";"ILHOTA";"Defeito mecânico em veículo";"Colisão frontal";"Com Vítimas Fatais";"Plena noite";"Decrescente";"Chuva";"Simples";"Reta";"Rural";2;1;0;0;1;0;0;2
83434248;"28/01/16";"Quinta";"17:40:00";"PR";369;"147,5";"LONDRINA";"Não guardar distância de segurança";"Queda de motocicleta / bicicleta / veículo";"Com Vítimas Feridas";"Pleno dia";"Decrescente";"Sol";"Dupla";"Reta";"Urbano";1;0;0;1;0;0;1;1
83434249;"28/01/16";"Quinta";"22:18:00";"RJ";101;"320";"NITEROI";"Outras";"Colisão com objeto fixo";"Com Vítimas Feridas";"Plena noite";"Decrescente";"Chuva";"Dupla";"Reta";"Urbano";2;0;2;0;0;0;2;1
83434250;"28/01/16";"Quinta";"12:50:00";"CE";222;"302,5";"TIANGUA";"Defeito mecânico em veículo";"Tombamento";"Sem Vítimas";"Pleno dia";"Decrescente";"Sol";"Simples";"Curva";"Rural";1;0;0;0;1;0;0;1
83434251;"28/01/16";"Quinta";"10:30:00";"MG";40;"180";"JOAO PINHEIRO";"Falta de atenção";"Colisão com objeto fixo";"Sem Vítimas";"Pleno dia";"Crescente";"Chuva";"Simples";"Reta";"Rural";2;0;0;0;2;0;0;2
83434252;"28/01/16";"Quinta";"22:00:00";"RJ";116;"167";"SAO JOAO DE MERITI";"Outras";"Queda de motocicleta / bicicleta / veículo";"Com Vítimas Feridas";"Plena noite";"Crescente";"Chuva";"Múltipla";"Reta";"Urbano";2;0;2;0;0;0;2;1
83434253;"28/01/16";"Quinta";"21:45:00";"SC";101;"164,6";"TIJUCAS";"Outras";"Saída de Pista";"Com Vítimas Feridas";"Plena noite";"Crescente";"Chuva";"Dupla";"Reta";"Urbano";1;0;1;0;0;0;1;1
83434254;"28/01/16";"Quinta";"18:15:00";"PE";101;"68";"RECIFE";"Não guardar distância de segurança";"Colisão lateral";"Com Vítimas Feridas";"Plena noite";"Decrescente";"Ceu Claro";"Simples";"Reta";"Urbano";4;0;1;0;3;0;1;2
83434255;"28/01/16";"Quinta";"23:30:00";"SC";101;"382";"ICARA";"Ultrapassagem indevida";"Colisão lateral";"Sem Vítimas";"Plena noite";"Crescente";"Chuva";"Dupla";"Reta";"Rural";2;0;0;0;1;1;0;2
83434256;"16/01/16";"Sábado";"23:45:00";"RJ";116;"185,6";"NOVA IGUACU";"Outras";"Colisão com objeto fixo";"Com Vítimas Feridas";"Plena noite";"Decrescente";"Ceu Claro";"Dupla";"Reta";"Urbano";1;0;1;0;0;0;1;1
83434257;"28/01/16";"Quinta";"20:45:00";"MT";364;"139";"PEDRA PRETA";"Falta de atenção";"Colisão lateral";"Sem Vítimas";"Plena noite";"Decrescente";"Ceu Claro";"Simples";"Curva";"Urbano";2;0;0;0;2;0;0;2
83434258;"28/01/16";"Quinta";"21:00:00";"BA";110;"93";"JEREMOABO";"Outras";"Atropelamento de pessoa";"Com Vítimas Fatais";"Plena noite";"Crescente";"Ceu Claro";"Simples";"Reta";"Rural";2;1;0;0;0;1;0;1
83434259;"28/01/16";"Quinta";"19:20:00";"SC";101;"230,6";"PALHOCA";"Outras";"Capotamento";"Sem Vítimas";"Plena noite";"Crescente";"Chuva";"Dupla";"Reta";"Rural";1;0;0;0;1;0;0;1
83434260;"28/01/16";"Quinta";"10:45:00";"RJ";356;"148";"CAMPOS DOS GOYTACAZES";"Falta de atenção";"Colisão Transversal";"Com Vítimas Feridas";"Pleno dia";"Crescente";"Ceu Claro";"Simples";"Curva";"Urbano";2;0;1;0;1;0;1;2
83434261;"28/01/16";"Quinta";"09:10:00";"PI";316;"310";"PICOS";"Falta de atenção";"Colisão traseira";"Sem Vítimas";"Pleno dia";"Crescente";"Sol";"Simples";"Reta";"Urbano";2;0;0;0;2;0;0;2
83434262;"28/01/16";"Quinta";"18:30:00";"RJ";116;"172,6";"BELFORD ROXO";"Outras";"Atropelamento de pessoa";"Com Vítimas Feridas";"Pleno dia";"Crescente";"Chuva";"Múltipla";"Reta";"Urbano";2;0;1;0;1;0;1;1
83434263;"29/01/16";"Sexta";"00:15:00";"RS";480;"71,6";"ERECHIM";"Desobediência à sinalização";"Colisão Transversal";"Com Vítimas Feridas";"Plena noite";"Crescente";"Ceu Claro";"Simples";"Reta";"Urbano";2;0;1;0;1;0;1;2
83434264;"28/01/16";"Quinta";"23:45:00";"PR";369;"137,1";"IBIPORA";"Velocidade incompatível";"Atropelamento de pessoa";"Com Vítimas Fatais";"Plena noite";"Crescente";"Ceu Claro";"Simples";"Reta";"Urbano";2;1;0;1;0;0;1;1
83434265;"28/01/16";"Quinta";"21:00:00";"SP";381;"36";"ATIBAIA";"Outras";"Colisão traseira";"Sem Vítimas";"Plena noite";"Crescente";"Ceu Claro";"Dupla";"Reta";"Urbano";2;0;0;0;2;0;0;2
83434266;"28/01/16";"Quinta";"23:00:00";"SC";470;"196";"POUSO REDONDO";"Velocidade incompatível";"Saída de Pista";"Sem Vítimas";"Plena noite";"Decrescente";"Nevoeiro/neblina";"Dupla";"Reta";"Urbano";1;0;0;0;1;0;0;1
83434267;"28/01/16";"Quinta";"21:55:00";"RJ";116;"316,5";"ITATIAIA";"Falta de atenção";"Queda de motocicleta / bicicleta / veículo";"Com Vítimas Feridas";"Plena noite";"Crescente";"Chuva";"Dupla";"Reta";"Urbano";1;0;1;0;0;0;1;1