"id";"data_inversa";"dia_semana";"horario";"uf";"br";"km";"municipio";"causa_acidente";"tipo_acidente";"classificacao_acidente";"fase_dia";"sentido_via";"condicao_metereologica";"tipo_pista";"tracado_via";"uso_solo";"pessoas";"mortos";"feridos_leves";"feridos_graves";"ilesos";"ignorados";"feridos";"veiculos"
83434268;"28/01/16";"Quinta";"16:30:00";"MG";116;"193,5";"CARAI";"Outras";"Colisão lateral";"Sem Vítimas";"Pleno dia";"Crescente";"Nublado";"Simples";"Reta";"Rural";2;0;0;0;2;0;0;2
83434269;"28/01/16";"Quinta";"09:50:00";"AC";364;"137";"RIO BRANCO";"Falta de atenção";"Colisão com objeto fixo";"Com Vítimas Feridas";"Pleno dia";"Decrescente";"Ceu Claro";"Simples";"Reta";"Urbano";1;0;0;1;0;0;1;1
83434270;"29/01/16";"Sexta";"01:30:00";"SP";381;"44,5";"ATIBAIA";"Falta de atenção";"Queda de motocicleta / bicicleta / veículo";"Com Vítimas Feridas";"Plena noite";"Crescente";"Ceu Claro";"Simples";"Curva";"Rural";1;0;1;0;0;0;1;1
83434271;"28/01/16";"Quinta";"10:20:00";"RS";116;"243,5";"SAO LEOPOLDO";"Falta de atenção";"Colisão lateral";"Sem Vítimas";"Pleno dia";"Decrescente";"Sol";"Múltipla";"Cruzamento";"Urbano";2;0;0;0;2;0;0;2
83434272;"29/01/16";"Sexta";"00:15:00";"PR";277;"15";"PARANAGUA";"Outras";"Saída de Pista";"Sem Vítimas";"Plena noite";"Crescente";"Chuva";"Dupla";"Reta";"Rural";1;0;0;0;1;0;0;1
83434273;"29/01/16";"Sexta";"00:30:00";"SP";153;"62";"SAO JOSE DO RIO PRETO";"Outras";"Colisão com objeto fixo";"Com Vítimas Feridas";"Plena noite";"Crescente";"Nublado";"Dupla";"Reta";"Urbano";1;0;1;0;0;0;1;1
83434274;"28/01/16";"Quinta";"19:45:00";"SP";116;"182";"SANTA ISABEL";"Outras";"Colisão traseira";"Sem Vítimas";"Plena noite";"Decrescente";"Ceu Claro";"Dupla";"Reta";"Rural";2;0;0;0;2;0;0;2
83434275;"28/01/16";"Quinta";"18:52:00";"RN";110;"47";"MOSSORO";"Ingestão de álcool";"Atropelamento de pessoa";"Com Vítimas Feridas";"Plena noite";"Crescente";"Ceu Claro";"Simples";"Cruzamento";"Urbano";2;0;0;1;1;0;1;1
83434276;"28/01/16";"Quinta";"12:15:00";"SE";235;"4,8";"NOSSA SENHORA DO SOCORRO";"Não guardar distância de segurança";"Colisão traseira";"Sem Vítimas";"Pleno dia";"Decrescente";"Ceu Claro";"Dupla";"Reta";"Urbano";4;0;0;0;4;0;0;4
83434277;"28/01/16";"Quinta";"19:20:00";"SC";101;"337,1";"TUBARAO";"Velocidade incompatível";"Colisão com objeto fixo";"Sem Vítimas";"Pleno dia";"Crescente";"Chuva";"Simples";"Reta";"Urbano";1;0;0;0;1;0;0;1
83434279;"29/01/16";"Sexta";"01:30:00";"ES";101;"70";"SAO MATEUS";"Falta de atenção";"Colisão Transversal";"Com Vítimas Feridas";"Plena noite";"Crescente";"Ceu Claro";"Simples";"Reta";"Urbano";3;0;2;0;1;0;2;2
83434280;"29/01/16";"Sexta";"02:00:00";"SC";101;"201,9";"SAO JOSE";"Outras";"Saída de Pista";"Sem Vítimas";"Plena noite";"Crescente";"Chuva";"Dupla";"Reta";"Urbano";1;0;0;0;1;0;0;1
83434281;"29/01/16";"Sexta";"02:20:00";"SP";381;"65";"MAIRIPORA";"Defeito mecânico em veículo";"Colisão com objeto fixo";"Sem Vítimas";"Plena noite";"Decrescente";"Ceu Claro";"Múltipla";"Reta";"Urbano";1;0;0;0;1;0;0;1
83434282;"28/01/16";"Quinta";"23:20:00";"MS";163;"41";"ELDORADO";"Falta de atenção";"Colisão traseira";"Com Vítimas Feridas";"Plena noite";"Decrescente";"Nublado";"Simples";"Reta";"Urbano";3;0;1;0;2;0;1;2
83434283;"28/01/16";"Quinta";"16:40:00";"RS";287;"296";"SAO PEDRO DO SUL";"Dormindo";"Capotamento";"Com Vítimas Feridas";"Pleno dia";"Crescente";"Ceu Claro";"Simples";"Reta";"Rural";5;0;4;1;0;0;5;1
83434284;"26/01/16";"Terça";"09:30:00";"BA";324;"590";"CANDEIAS";"Falta de atenção";"Colisão Transversal";"Com Vítimas Feridas";"Pleno dia";"Crescente";"Nublado";"Simples";"Reta";"Rural";3;0;2;0;1;0;2;2
83434285;"28/01/16";"Quinta";"16:30:00";"SP";101;"49";"UBATUBA";"Ingestão de álcool";"Colisão Transversal";"Com Vítimas Feridas";"Pleno dia";"Decrescente";"Sol";"Simples";"Reta";"Urbano";2;0;1;0;1;0;1;2
83434286;"29/01/16";"Sexta";"01:00:00";"PR";277;"31";"MORRETES";"Velocidade incompatível";"Capotamento";"Com Vítimas Feridas";"Plena noite";"Crescente";"Chuva";"Dupla";"Curva";"Rural";1;0;1;0;0;0;1;1
83434287;"24/01/16";"Domingo";"19:15:00";"BA";116;"337";"TEOFILANDIA";"Falta de atenção";"Atropelamento de pessoa";"Com Vítimas Feridas";"Plena noite";"Decrescente";"Ceu Claro";"Simples";"Reta";"Urbano";2;0;0;2;0;0;2;1
83434288;"28/01/16";"Quinta";"22:20:00";"GO";452;"47,7";"RIO VERDE";"Falta de atenção";"Colisão Transversal";"Com Vítimas Feridas";"Plena noite";"Crescente";"Ceu Claro";"Simples";"Cruzamento";"Rural";2;0;1;0;1;0;1;2
83434289;"28/01/16";"Quinta";"17:45:00";"RO";364;"711";"PORTO VELHO";"Falta de atenção";"Colisão Transversal";"Sem Vítimas";"Pleno dia";"Decrescente";"Ceu Claro";"Simples";"Reta";"Urbano";3;0;0;0;3;0;0;2
83434290;"28/01/16";"Quinta";"22:10:00";"BA";116;"854,5";"VITORIA DA CONQUISTA";"Outras";"Atropelamento de pessoa";"Com Vítimas Fatais";"Plena noite";"Decrescente";"Nublado";"Simples";"Reta";"Rural";2;1;0;0;0;1;0;1
83434291;"28/01/16";"Quinta";"22:30:00";"MG";364;"11";"FRUTAL";"Defeito na via";"Saída de Pista";"Sem Vítimas";"Plena noite";"Crescente";"Nublado";"Simples";"Reta";"Rural";1;0;0;0;1;0;0;1
83434292;"28/01/16";"Quinta";"14:20:00";"MT";70;"625,7";"POCONE";"Outras";"Saída de Pista";"Sem Vítimas";"Pleno dia";"Decrescente";"Chuva";"Simples";"Reta";"Rural";1;0;0;0;1;0;0;1
83434293;"28/01/16";"Quinta";"14:55:00";"MG";267;"280,9";"BAEPENDI";"Velocidade incompatível";"Capotamento";"Com Vítimas Feridas";"Pleno dia";"Decrescente";"Chuva";"Simples";"Curva";"Rural";2;0;2;0;0;0;2;1
83434295;"29/01/16";"Sexta";"04:50:00";"MT";364;"380";"SANTO ANTONIO DO LEVERGER";"Outras";"Saída de Pista";"Sem Vítimas";"Plena noite";"Crescente";"Nublado";"Simples";"Reta";"Rural";1;0;0;0;1;0;0;1
83434296;"25/01/16";"Segunda";"23:23:00";"RJ";101;"321";"NITEROI";"Outras";"Capotamento";"Com Vítimas Feridas";"Plena noite";"Decrescente";"Ceu Claro";"Dupla";"Curva";"Urbano";1;0;1;0;0;0;1;1
83434297;"28/01/16";"Quinta";"16:00:00";"MT";70;"233";"POXOREO";"Falta de atenção";"Tombamento";"Sem Vítimas";"Pleno dia";"Crescente";"Ignorada";"Simples";"Reta";"Rural";2;0;0;0;2;0;0;1
83434298;"28/01/16";"Quinta";"23:30:00";"PR";277;"116";"CAMPO LARGO";"Outras";"Queda de motocicleta / bicicleta / veículo";"Com Vítimas Feridas";"Plena noite";"Decrescente";"Nublado";"Dupla";"Reta";"Urbano";2;0;0;1;0;1;1;2
83434299;"29/01/16";"Sexta";"01:30:00";"RS";386;"417";"MONTENEGRO";"Outras";"Atropelamento de pessoa";"Com Vítimas Feridas";"Plena noite";"Crescente";"Ceu Claro";"Simples";"Reta";"Rural";2;0;0;1;0;1;1;1
83434300;"29/01/16";"Sexta";"06:30:00";"PR";116;"36";"CAMPINA GRANDE DO SUL";"Dormindo";"Saída de Pista";"Sem Vítimas";"Amanhecer";"Decrescente";"Ceu Claro";"Dupla";"Curva";"Rural";1;0;0;0;1;0;0;1
83434301;"29/01/16";"Sexta";"04:50:00";"PE";116;"28";"SALGUEIRO";"Ingestão de álcool";"Saída de Pista";"Com Vítimas Feridas";"Amanhecer";"Decrescente";"Nublado";"Simples";"Reta";"Rural";1;0;1;0;0;0;1;1
83434302;"25/01/16";"Segunda";"06:10:00";"ES";101;"298,5";"VIANA";"Desobediência à sinalização";"Colisão Transversal";"Com Vítimas Feridas";"Amanhecer";"Crescente";"Nublado";"Múltipla";"Cruzamento";"Urbano";2;0;1;0;1;0;1;2
83434303;"24/01/16";"Domingo";"00:20:00";"RN";101;"124";"SAO JOSE DE MIPIBU";"Outras";"Saída de Pista";"Com Vítimas Feridas";"Plena noite";"Decrescente";"Ceu Claro";"Simples";"Reta";"Urbano";2;0;1;0;1;0;1;1
83434304;"29/01/16";"Sexta";"00:20:00";"PE";232;"528,3";"SALGUEIRO";"Animais na Pista";"Saída de Pista";"Sem Vítimas";"Plena noite";"Decrescente";"Ceu Claro";"Simples";"Reta";"Rural";4;0;0;0;4;0;0;1
83434305;"28/01/16";"Quinta";"18:40:00";"RJ";40;"41";"AREAL";"Defeito na via";"Colisão com objeto fixo";"Sem Vítimas";"Anoitecer";"Decrescente";"Chuva";"Dupla";"Curva";"Urbano";1;0;0;0;1;0;0;1
83434306;"24/01/16";"Domingo";"07:00:00";"MT";158;"558";"AGUA BOA";"Outras";"Saída de Pista";"Com Vítimas Feridas";"Pleno dia";"Crescente";"Chuva";"Simples";"Reta";"Rural";2;0;2;0;0;0;2;1
83434307;"28/01/16";"Quinta";"00:23:00";"TO";153;"234,3";"COLINAS DO TOCANTINS";"Outras";"Colisão traseira";"Com Vítimas Feridas";"Plena noite";"Decrescente";"Chuva";"Simples";"Reta";"Rural";13;0;1;0;12;0;1;2
83434308;"25/01/16";"Segunda";"11:00:00";"MT";364;"209";"RONDONOPOLIS";"Outras";"Colisão lateral";"Sem Vítimas";"Pleno dia";"Decrescente";"Ceu Claro";"Dupla";"Curva";"Urbano";2;0;0;0;2;0;0;2
83434309;"28/01/16";"Quinta";"17:30:00";"RJ";40;"43";"AREAL";"Outras";"Tombamento";"Sem Vítimas";"Anoitecer";"Decrescente";"Chuva";"Dupla";"Curva";"Rural";1;0;0;0;1;0;0;1
83434310;"25/01/16";"Segunda";"07:50:00";"PB";230;"22,8";"JOAO PESSOA";"Falta de atenção";"Colisão traseira";"Sem Vítimas";"Pleno dia";"Decrescente";"Ceu Claro";"Dupla";"Curva";"Urbano";4;0;0;0;4;0;0;4
83434311;"29/01/16";"Sexta";"07:00:00";"MG";116;"772,8";"LEOPOLDINA";"Falta de atenção";"Colisão Transversal";"Com Vítimas Feridas";"Amanhecer";"Crescente";"Ceu Claro";"Simples";"Curva";"Rural";3;0;2;0;1;0;2;2
83434313;"26/01/16";"Terça";"07:20:00";"SC";470;"4,1";"NAVEGANTES";"Outras";"Atropelamento de pessoa";"Com Vítimas Feridas";"Pleno dia";"Decrescente";"Sol";"Simples";"Reta";"Urbano";2;0;1;0;1;0;1;1
83434314;"25/01/16";"Segunda";"23:20:00";"RN";304;"289,7";"MACAIBA";"Dormindo";"Colisão lateral";"Com Vítimas Feridas";"Plena noite";"Decrescente";"Ceu Claro";"Simples";"Reta";"Rural";2;0;1;0;1;0;1;2
83434315;"25/01/16";"Segunda";"15:35:00";"MG";356;"266,2";"MURIAE";"Falta de atenção";"Colisão Transversal";"Com Vítimas Feridas";"Pleno dia";"Decrescente";"Ceu Claro";"Simples";"Cruzamento";"Urbano";2;0;2;0;0;0;2;2
83434316;"26/01/16";"Terça";"16:30:00";"RS";448;"17";"CANOAS";"Outras";"Colisão com objeto fixo";"Sem Vítimas";"Pleno dia";"Decrescente";"Chuva";"Dupla";"Reta";"Rural";1;0;0;0;1;0;0;1
83434317;"29/01/16";"Sexta";"04:00:00";"SP";116;"360";"MIRACATU";"Velocidade incompatível";"Tombamento";"Com Vítimas Feridas";"Plena noite";"Decrescente";"Nublado";"Simples";"Curva";"Rural";2;0;1;0;1;0;1;2
83434318;"27/01/16";"Quarta";"14:40:00";"BA";367;"24";"PORTO SEGURO";"Falta de atenção";"Colisão lateral";"Com Vítimas Feridas";"Anoitecer";"Decrescente";"Ceu Claro";"Simples";"Reta";"Urbano";3;0;2;0;1;0;2;2
83434319;"26/01/16";"Terça";"07:50:00";"DF";70;"4";"BRASILIA";"Falta de atenção";"Colisão traseira";"Com Vítimas Feridas";"Pleno dia";"Decrescente";"Ceu Claro";"Dupla";"Reta";"Urbano";5;0;0;1;4;0;1;2
83434320;"25/01/16";"Segunda";"13:15:00";"MG";381;"158";"GOVERNADOR VALADARES";"Falta de atenção";"Colisão lateral";"Com Vítimas Feridas";"Pleno dia";"Decrescente";"Ceu Claro";"Simples";"Reta";"Rural";3;0;0;2;1;0;2;2
83434321;"25/01/16";"Segunda";"16:40:00";"ES";101;"298,5";"VIANA";"Falta de atenção";"Colisão Transversal";"Sem Vítimas";"Pleno dia";"Decrescente";"Chuva";"Múltipla";"Cruzamento";"Urbano";2;0;0;0;2;0;0;2
83434322;"25/01/16";"Segunda";"17:00:00";"MG";40;"524";"CONTAGEM";"Falta de atenção";"Queda de motocicleta / bicicleta / veículo";"Com Vítimas Feridas";"Pleno dia";"Decrescente";"Nublado";"Dupla";"Reta";"Urbano";1;0;0;1;0;0;1;1
83434323;"29/01/16";"Sexta";"06:55:00";"RN";304;"45,6";"MOSSORO";"Falta de atenção";"Colisão lateral";"Com Vítimas Feridas";"Pleno dia";"Decrescente";"Ceu Claro";"Dupla";"Reta";"Rural";4;0;2;0;2;0;2;2
83434324;"28/01/16";"Quinta";"18:25:00";"RJ";116;"279,2";"BARRA MANSA";"Outras";"Colisão com objeto fixo";"Sem Vítimas";"Pleno dia";"Crescente";"Chuva";"Dupla";"Curva";"Rural";1;0;0;0;1;0;0;1
83434325;"25/01/16";"Segunda";"11:45:00";"PE";408;"85";"PAUDALHO";"Outras";"Saída de Pista";"Sem Vítimas";"Pleno dia";"Decrescente";"Ceu Claro";"Dupla";"Reta";"Rural";1;0;0;0;1;0;0;1
83434326;"29/01/16";"Sexta";"08:00:00";"RS";287;"241";"SANTA MARIA";"Outras";"Colisão lateral";"Com Vítimas Feridas";"Pleno dia";"Crescente";"Sol";"Simples";"Curva";"Urbano";2;0;1;0;1;0;1;2
83434327;"29/01/16";"Sexta";"08:00:00";"SP";488;"0";"APARECIDA";"Falta de atenção";"Colisão Transversal";"Com Vítimas Feridas";"Pleno dia";"Crescente";"Chuva";"Dupla";"Reta";"Urbano";2;0;1;0;1;0;1;2
83434329;"21/01/16";"Quinta";"08:00:00";"AL";101;"245,1";"PORTO REAL DO COLEGIO";"Dormindo";"Capotamento";"Com Vítimas Feridas";"Pleno dia";"Crescente";"Ceu Claro";"Dupla";"Reta";"Rural";4;0;4;0;0;0;4;1
83434330;"29/01/16";"Sexta";"09:00:00";"RR";174;"492";"BOA VISTA";"Dormindo";"Colisão traseira";"Ignorado";"Amanhecer";"Crescente";"Ceu Claro";"Simples";"Reta";"Rural";2;0;0;0;0;2;0;2
83434332;"29/01/16";"Sexta";"09:00:00";"RJ";40;"124";"DUQUE DE CAXIAS";"Falta de atenção";"Atropelamento de pessoa";"Com Vítimas Feridas";"Pleno dia";"Crescente";"Nublado";"Dupla";"Reta";"Urbano";2;0;1;0;1;0;1;1
83434333;"27/01/16";"Quarta";"19:40:00";"MA";222;"631,4";"ACAILANDIA";"Outras";"Saída de Pista";"Sem Vítimas";"Plena noite";"Crescente";"Chuva";"Simples";"Reta";"Rural";2;0;0;0;2;0;0;1
83434334;"29/01/16";"Sexta";"08:10:00";"PR";116;"27,5";"CAMPINA GRANDE DO SUL";"Dormindo";"Saída de Pista";"Com Vítimas Feridas";"Pleno dia";"Decrescente";"Nublado";"Simples";"Curva";"Rural";5;0;5;0;0;0;5;1
83434335;"25/01/16";"Segunda";"18:00:00";"MG";381;"229,9";"SANTANA DO PARAISO";"Outras";"Saída de Pista";"Com Vítimas Feridas";"Anoitecer";"Crescente";"Ceu Claro";"Simples";"Reta";"Rural";1;0;0;1;0;0;1;1
83434336;"29/01/16";"Sexta";"08:20:00";"RS";116;"483,5";"TURUCU";"Outras";"Saída de Pista";"Sem Vítimas";"Pleno dia";"Decrescente";"Ceu Claro";"Simples";"Reta";"Urbano";1;0;0;0;1;0;0;1
83434337;"25/01/16";"Segunda";"19:30:00";"AL";104;"91,5";"RIO LARGO";"Falta de atenção";"Colisão traseira";"Sem Vítimas";"Plena noite";"Decrescente";"Ceu Claro";"Dupla";"Reta";"Urbano";3;0;0;0;2;1;0;3
83434338;"26/01/16";"Terça";"17:00:00";"GO";60;"370,2";"RIO VERDE";"Defeito mecânico em veículo";"Saída de Pista";"Sem Vítimas";"Pleno dia";"Decrescente";"Nublado";"Dupla";"Reta";"Rural";3;0;0;0;3;0;0;1
83434339;"25/01/16";"Segunda";"19:40:00";"DF";70;"10";"BRASILIA";"Falta de atenção";"Atropelamento de pessoa";"Com Vítimas Feridas";"Anoitecer";"Crescente";"Ceu Claro";"Dupla";"Reta";"Urbano";2;0;0;1;1;0;1;1
83434340;"29/01/16";"Sexta";"07:35:00";"PR";376;"599,3";"CURITIBA";"Ultrapassagem indevida";"Colisão lateral";"Com Vítimas Feridas";"Pleno dia";"Decrescente";"Nublado";"Dupla";"Reta";"Urbano";2;0;1;0;1;0;1;2
83434341;"29/01/16";"Sexta";"06:30:00";"PR";369;"245,2";"BOM SUCESSO";"Dormindo";"Colisão frontal";"Com Vítimas Fatais";"Amanhecer";"Decrescente";"Ceu Claro";"Simples";"Reta";"Urbano";2;1;0;1;0;0;1;2
83434342;"29/01/16";"Sexta";"07:00:00";"SP";116;"92";"PINDAMONHANGABA";"Não guardar distância de segurança";"Colisão traseira";"Com Vítimas Feridas";"Amanhecer";"Crescente";"Chuva";"Dupla";"Reta";"Urbano";4;0;2;0;2;0;2;2
83434343;"29/01/16";"Sexta";"08:00:00";"SC";101;"201,6";"SAO JOSE";"Falta de atenção";"Colisão traseira";"Com Vítimas Feridas";"Pleno dia";"Crescente";"Nublado";"Dupla";"Reta";"Urbano";2;0;1;0;1;0;1;2
83434344;"21/01/16";"Quinta";"19:00:00";"SP";116;"224";"GUARULHOS";"Desobediência à sinalização";"Colisão lateral";"Sem Vítimas";"Pleno dia";"Decrescente";"Ceu Claro";"Simples";"Reta";"Urbano";2;0;0;0;2;0;0;2
83434345;"28/01/16";"Quinta";"20:00:00";"MA";316;"129";"NOVA OLINDA DO MARANHAO";"Falta de atenção";"Colisão frontal";"Com Vítimas Fatais";"Plena noite";"Decrescente";"Ignorada";"Simples";"Reta";"Rural";2;1;0;0;0;1;0;2
83434346;"28/01/16";"Quinta";"17:50:00";"SP";116;"146,4";"SAO JOSE DOS CAMPOS";"Falta de atenção";"Colisão traseira";"Sem Vítimas";"Pleno dia";"Decrescente";"Ceu Claro";"Dupla";"Reta";"Urbano";2;0;0;0;2;0;0;2
83434347;"29/01/16";"Sexta";"06:20:00";"GO";153;"506,7";"APARECIDA DE GOIANIA";"Falta de atenção";"Colisão traseira";"Com Vítimas Feridas";"Amanhecer";"Decrescente";"Chuva";"Dupla";"Reta";"Urbano";4;0;1;0;3;0;1;4
83434348;"29/01/16";"Sexta";"07:20:00";"GO";153;"505,8";"APARECIDA DE GOIANIA";"Falta de atenção";"Colisão lateral";"Sem Vítimas";"Pleno dia";"Decrescente";"Nublado";"Dupla";"Reta";"Urbano";2;0;0;0;2;0;0;2
83434351;"29/01/16";"Sexta";"07:30:00";"MT";364;"56,3";"ALTO GARCAS";"Falta de atenção";"Tombamento";"Sem Vítimas";"Pleno dia";"Decrescente";"Ceu Claro";"Simples";"Reta";"Rural";1;0;0;0;1;0;0;1
83434353;"25/01/16";"Segunda";"05:40:00";"MG";267;"311,2";"SOLEDADE DE MINAS";"Defeito na via";"Colisão lateral";"Com Vítimas Feridas";"Amanhecer";"Crescente";"Ceu Claro";"Simples";"Reta";"Rural";4;0;1;0;3;0;1;2
83434354;"29/01/16";"Sexta";"08:00:00";"PE";101;"65,5";"RECIFE";"Não guardar distância de segurança";"Colisão traseira";"Com Vítimas Feridas";"Pleno dia";"Decrescente";"Ceu Claro";"Dupla";"Reta";"Urbano";2;0;1;0;1;0;1;2
83434355;"21/01/16";"Quinta";"08:40:00";"PA";316;"0";"BELEM";"Falta de atenção";"Colisão lateral";"Sem Vítimas";"Pleno dia";"Decrescente";"Ceu Claro";"Simples";"Curva";"Urbano";2;0;0;0;2;0;0;2
83434357;"27/01/16";"Quarta";"15:15:00";"SP";116;"149,5";"SAO JOSE DOS CAMPOS";"Falta de atenção";"Colisão traseira";"Sem Vítimas";"Pleno dia";"Decrescente";"Chuva";"Múltipla";"Reta";"Rural";3;0;0;0;3;0;0;3
83434358;"29/01/16";"Sexta";"08:10:00";"MG";262;"159";"SAO DOMINGOS DO PRATA";"Defeito na via";"Colisão frontal";"Com Vítimas Feridas";"Pleno dia";"Decrescente";"Ceu Claro";"Simples";"Curva";"Rural";7;0;1;0;6;0;1;2
83434359;"28/01/16";"Quinta";"07:20:00";"RS";470;"220";"BENTO GONCALVES";"Falta de atenção";"Colisão traseira";"Com Vítimas Feridas";"Amanhecer";"Crescente";"Ceu Claro";"Simples";"Reta";"Rural";2;0;1;0;1;0;1;2
83434361;"23/01/16";"Sábado";"16:25:00";"MG";381;"478,5";"CONTAGEM";"Velocidade incompatível";"Colisão traseira";"Com Vítimas Feridas";"Pleno dia";"Crescente";"Ceu Claro";"Dupla";"Reta";"Rural";7;0;5;1;1;0;6;2
83434362;"28/01/16";"Quinta";"06:00:00";"MT";163;"824,6";"SINOP";"Falta de atenção";"Atropelamento de pessoa";"Com Vítimas Feridas";"Amanhecer";"Decrescente";"Ceu Claro";"Dupla";"Reta";"Rural";2;0;1;1;0;0;2;1
83434363;"29/01/16";"Sexta";"08:00:00";"PA";316;"4,5";"ANANINDEUA";"Não guardar distância de segurança";"Colisão traseira";"Sem Vítimas";"Pleno dia";"Decrescente";"Sol";"Dupla";"Reta";"Urbano";3;0;0;0;3;0;0;3
83434364;"29/01/16";"Sexta";"09:40:00";"CE";116;"3";"FORTALEZA";"Falta de atenção";"Colisão traseira";"Com Vítimas Feridas";"Pleno dia";"Crescente";"Ceu Claro";"Múltipla";"Curva";"Urbano";3;0;0;1;2;0;1;2
83434365;"26/01/16";"Terça";"17:00:00";"CE";116;"375,8";"ICO";"Desobediência à sinalização";"Colisão Transversal";"Com Vítimas Feridas";"Pleno dia";"Decrescente";"Nublado";"Simples";"Cruzamento";"Urbano";4;0;2;2;0;0;4;2
83434366;"29/01/16";"Sexta";"08:00:00";"PE";101;"60";"PAULISTA";"Não guardar distância de segurança";"Colisão traseira";"Sem Vítimas";"Pleno dia";"Decrescente";"Ceu Claro";"Dupla";"Reta";"Urbano";2;0;0;0;2;0;0;2
83434367;"26/01/16";"Terça";"19:20:00";"SC";282;"203,2";"LAGES";"Outras";"Saída de Pista";"Sem Vítimas";"Anoitecer";"Crescente";"Chuva";"Simples";"Reta";"Rural";1;0;0;0;1;0;0;1
83434368;"22/01/16";"Sexta";"03:30:00";"PR";369;"148,8";"LONDRINA";"Outras";"Saída de Pista";"Sem Vítimas";"Plena noite";"Crescente";"Ignorada";"Dupla";"Reta";"Urbano";1;0;0;0;1;0;0;1
83434369;"29/01/16";"Sexta";"07:40:00";"SC";101;"208,6";"SAO JOSE";"Falta de atenção";"Colisão lateral";"Com Vítimas Feridas";"Pleno dia";"Decrescente";"Chuva";"Múltipla";"Reta";"Urbano";2;0;1;0;0;1;1;2
83434370;"29/01/16";"Sexta";"08:00:00";"SC";280;"29";"ARAQUARI";"Falta de atenção";"Colisão Transversal";"Sem Vítimas";"Pleno dia";"Crescente";"Ceu Claro";"Simples";"Reta";"Urbano";2;0;0;0;2;0;0;2
83434371;"28/01/16";"Quinta";"06:30:00";"GO";153;"226";"HIDROLINA";"Defeito na via";"Saída de Pista";"Sem Vítimas";"Amanhecer";"Decrescente";"Nevoeiro/neblina";"Simples";"Reta";"Rural";2;0;0;0;2;0;0;1
83434374;"29/01/16";"Sexta";"10:00:00";"BA";135;"165";"BARREIRAS";"Outras";"Atropelamento de pessoa";"Com Vítimas Feridas";"Pleno dia";"Crescente";"Ceu Claro";"Simples";"Reta";"Rural";2;0;1;0;1;0;1;1
83434375;"29/01/16";"Sexta";"08:30:00";"SC";101;"210,1";"SAO JOSE";"Falta de atenção";"Colisão lateral";"Com Vítimas Feridas";"Pleno dia";"Crescente";"Nublado";"Dupla";"Reta";"Urbano";2;0;0;1;1;0;1;2
83434376;"29/01/16";"Sexta";"05:00:00";"PI";230;"224";"OEIRAS";"Animais na Pista";"Atropelamento de animal";"Com Vítimas Feridas";"Amanhecer";"Crescente";"Nevoeiro/neblina";"Simples";"Reta";"Rural";2;0;0;1;1;0;1;1
83434377;"29/01/16";"Sexta";"06:50:00";"GO";70;"3";"AGUAS LINDAS DE GOIAS";"Outras";"Saída de Pista";"Com Vítimas Feridas";"Amanhecer";"Decrescente";"Chuva";"Dupla";"Curva";"Urbano";2;0;1;0;0;1;1;2
83434378;"29/01/16";"Sexta";"09:40:00";"PR";376;"672";"GUARATUBA";"Velocidade incompatível";"Tombamento";"Sem Vítimas";"Pleno dia";"Crescente";"Nublado";"Dupla";"Reta";"Rural";3;0;0;0;2;1;0;3
83434379;"29/01/16";"Sexta";"11:30:00";"RS";285;"673";"SAO BORJA";"Falta de atenção";"Colisão traseira";"Sem Vítimas";"Pleno dia";"Crescente";"Sol";"Simples";"Cruzamento";"Urbano";3;0;0;0;3;0;0;2
83434380;"29/01/16";"Sexta";"10:50:00";"SC";282;"16,5";"PALHOCA";"Não guardar distância de segurança";"Colisão traseira";"Sem Vítimas";"Pleno dia";"Decrescente";"Nublado";"Simples";"Reta";"Urbano";2;0;0;0;2;0;0;2
83434381;"29/01/16";"Sexta";"04:50:00";"PR";369;"485,5";"CORBELIA";"Outras";"Saída de Pista";"Com Vítimas Feridas";"Plena noite";"Decrescente";"Ceu Claro";"Simples";"Curva";"Rural";1;0;1;0;0;0;1;1
83434382;"29/01/16";"Sexta";"09:30:00";"RS";285;"411,5";"PANAMBI";"Dormindo";"Colisão lateral";"Sem Vítimas";"Pleno dia";"Decrescente";"Sol";"Simples";"Reta";"Rural";2;0;0;0;2;0;0;2
83434383;"24/01/16";"Domingo";"03:40:00";"MG";381;"503";"BETIM";"Velocidade incompatível";"Colisão com objeto fixo";"Com Vítimas Feridas";"Plena noite";"Decrescente";"Ignorada";"Dupla";"Curva";"Rural";1;0;0;1;0;0;1;1
83434384;"29/01/16";"Sexta";"11:10:00";"MG";116;"737,4";"LARANJAL";"Não guardar distância de segurança";"Colisão traseira";"Sem Vítimas";"Pleno dia";"Crescente";"Nublado";"Simples";"Reta";"Urbano";2;0;0;0;2;0;0;2
83434386;"29/01/16";"Sexta";"09:10:00";"PR";153;"41,6";"SANTO ANTONIO DA PLATINA";"Não guardar distância de segurança";"Colisão traseira";"Sem Vítimas";"Pleno dia";"Crescente";"Ceu Claro";"Simples";"Cruzamento";"Urbano";5;0;0;0;5;0;0;2
83434388;"27/01/16";"Quarta";"17:50:00";"CE";222;"99";"UMIRIM";"Outras";"Saída de Pista";"Com Vítimas Feridas";"Anoitecer";"Decrescente";"Ceu Claro";"Simples";"Reta";"Rural";2;0;0;2;0;0;2;1
83434389;"29/01/16";"Sexta";"12:50:00";"SP";116;"27,7";"SILVEIRAS";"Velocidade incompatível";"Colisão com objeto fixo";"Sem Vítimas";"Pleno dia";"Decrescente";"Chuva";"Dupla";"Curva";"Rural";1;0;0;0;1;0;0;1
83434390;"29/01/16";"Sexta";"11:00:00";"MG";381;"794,3";"SAO GONCALO DO SAPUCAI";"Velocidade incompatível";"Saída de Pista";"Sem Vítimas";"Pleno dia";"Decrescente";"Chuva";"Dupla";"Curva";"Urbano";1;0;0;0;1;0;0;1