"id";"data_inversa";"dia_semana";"horario";"uf";"br";"km";"municipio";"causa_acidente";"tipo_acidente";"classificacao_acidente";"fase_dia";"sentido_via";"condicao_metereologica";"tipo_pista";"tracado_via";"uso_solo";"pessoas";"mortos";"feridos_leves";"feridos_graves";"ilesos";"ignorados";"feridos";"veiculos"
83434618;"25/01/16";"Segunda";"18:15:00";"MG";381;"661,4";"SANTO ANTONIO DO AMPARO";"Defeito mecânico em veículo";"Colisão com objeto fixo";"Sem Vítimas";"Pleno dia";"Crescente";"Nublado";"Dupla";"Reta";"Rural";3;0;0;0;3;0;0;1
83434619;"29/01/16";"Sexta";"21:00:00";"RJ";116;"296";"PORTO REAL";"Dormindo";"Saída de Pista";"Sem Vítimas";"Plena noite";"Crescente";"Nublado";"Dupla";"Reta";"Rural";1;0;0;0;1;0;0;1
83434620;"30/01/16";"Sábado";"06:50:00";"MG";381;"481,2";"BETIM";"Defeito mecânico em veículo";"Queda de motocicleta / bicicleta / veículo";"Com Vítimas Feridas";"Pleno dia";"Decrescente";"Sol";"Dupla";"Reta";"Urbano";2;0;2;0;0;0;2;1
83434621;"30/01/16";"Sábado";"05:45:00";"RJ";40;"116";"DUQUE DE CAXIAS";"Velocidade incompatível";"Colisão com objeto fixo";"Com Vítimas Feridas";"Amanhecer";"Decrescente";"Ceu Claro";"Dupla";"Reta";"Urbano";1;0;1;0;0;0;1;1
83434622;"30/01/16";"Sábado";"05:50:00";"SC";282;"575,6";"PINHALZINHO";"Ingestão de álcool";"Capotamento";"Com Vítimas Feridas";"Amanhecer";"Decrescente";"Ceu Claro";"Simples";"Reta";"Urbano";1;0;1;0;0;0;1;1
83434623;"18/01/16";"Segunda";"07:35:00";"BA";324;"512";"FEIRA DE SANTANA";"Outras";"Colisão lateral";"Com Vítimas Feridas";"Pleno dia";"Decrescente";"Ceu Claro";"Dupla";"Reta";"Rural";2;0;1;0;1;0;1;2
83434624;"26/01/16";"Terça";"18:45:00";"ES";101;"307,6";"VIANA";"Outras";"Colisão frontal";"Com Vítimas Fatais";"Plena noite";"Decrescente";"Ceu Claro";"Simples";"Reta";"Rural";37;1;1;2;32;1;3;3
83434625;"30/01/16";"Sábado";"00:30:00";"MT";163;"944";"ITAUBA";"Outras";"Tombamento";"Sem Vítimas";"Plena noite";"Crescente";"Chuva";"Simples";"Reta";"Rural";1;0;0;0;1;0;0;1
83434626;"23/01/16";"Sábado";"06:30:00";"GO";60;"39";"ALEXANIA";"Outras";"Colisão lateral";"Sem Vítimas";"Amanhecer";"Crescente";"Ceu Claro";"Dupla";"Reta";"Rural";2;0;0;0;1;1;0;2
83434627;"30/01/16";"Sábado";"04:00:00";"PR";476;"201,7";"LAPA";"Falta de atenção";"Colisão frontal";"Com Vítimas Feridas";"Plena noite";"Crescente";"Nublado";"Simples";"Reta";"Rural";2;0;2;0;0;0;2;2
83434628;"27/01/16";"Quarta";"03:20:00";"MG";381;"516,3";"IGARAPE";"Velocidade incompatível";"Colisão com objeto fixo";"Sem Vítimas";"Plena noite";"Decrescente";"Nublado";"Dupla";"Curva";"Rural";1;0;0;0;1;0;0;1
83434629;"23/01/16";"Sábado";"01:00:00";"SC";470;"178,8";"POUSO REDONDO";"Outras";"Saída de Pista";"Com Vítimas Feridas";"Plena noite";"Crescente";"Nublado";"Simples";"Cruzamento";"Urbano";2;0;1;0;1;0;1;2
83434630;"29/01/16";"Sexta";"21:30:00";"RJ";40;"122";"DUQUE DE CAXIAS";"Outras";"Atropelamento de pessoa";"Com Vítimas Feridas";"Plena noite";"Decrescente";"Ceu Claro";"Múltipla";"Reta";"Urbano";2;0;0;1;1;0;1;1
83434631;"29/01/16";"Sexta";"05:45:00";"MT";163;"117";"RONDONOPOLIS";"Falta de atenção";"Colisão traseira";"Com Vítimas Feridas";"Amanhecer";"Decrescente";"Ceu Claro";"Simples";"Reta";"Urbano";3;0;1;0;2;0;1;2
83434632;"29/01/16";"Sexta";"20:45:00";"BA";101;"820";"ITAMARAJU";"Defeito mecânico em veículo";"Incêndio";"Sem Vítimas";"Plena noite";"Crescente";"Ceu Claro";"Simples";"Reta";"Rural";40;0;0;0;40;0;0;1
83434633;"30/01/16";"Sábado";"07:20:00";"PR";116;"1";"CAMPINA GRANDE DO SUL";"Velocidade incompatível";"Saída de Pista";"Com Vítimas Feridas";"Pleno dia";"Crescente";"Chuva";"Dupla";"Curva";"Rural";2;0;1;0;1;0;1;1
83434634;"26/01/16";"Terça";"17:40:00";"SC";101;"17,5";"PALHOCA";"Falta de atenção";"Colisão Transversal";"Com Vítimas Feridas";"Pleno dia";"Crescente";"Nublado";"Simples";"Cruzamento";"Urbano";2;0;0;1;1;0;1;2
83434635;"29/01/16";"Sexta";"20:00:00";"RJ";40;"119";"DUQUE DE CAXIAS";"Outras";"Queda de motocicleta / bicicleta / veículo";"Com Vítimas Feridas";"Plena noite";"Decrescente";"Ceu Claro";"Múltipla";"Curva";"Urbano";1;0;0;1;0;0;1;1
83434636;"26/01/16";"Terça";"15:00:00";"RJ";116;"237";"PIRAI";"Falta de atenção";"Colisão traseira";"Com Vítimas Feridas";"Pleno dia";"Decrescente";"Nublado";"Dupla";"Reta";"Urbano";2;0;1;0;1;0;1;2
83434637;"28/01/16";"Quinta";"21:30:00";"MG";40;"759,3";"EWBANK DA CAMARA";"Outras";"Colisão lateral";"Sem Vítimas";"Plena noite";"Crescente";"Chuva";"Simples";"Reta";"Rural";2;0;0;0;2;0;0;2
83434638;"28/01/16";"Quinta";"05:30:00";"MG";262;"615,8";"IBIA";"Outras";"Tombamento";"Sem Vítimas";"Amanhecer";"Decrescente";"Nublado";"Simples";"Reta";"Rural";1;0;0;0;1;0;0;1
83434639;"28/01/16";"Quinta";"17:52:00";"MG";381;"492,9";"BETIM";"Outras";"Queda de motocicleta / bicicleta / veículo";"Com Vítimas Feridas";"Pleno dia";"Decrescente";"Chuva";"Dupla";"Reta";"Urbano";1;0;0;1;0;0;1;1
83434640;"30/01/16";"Sábado";"05:20:00";"MT";70;"591,3";"POCONE";"Falta de atenção";"Saída de Pista";"Ignorado";"Amanhecer";"Crescente";"Ignorada";"Simples";"Curva";"Rural";1;0;0;0;0;1;0;1
83434641;"29/01/16";"Sexta";"18:30:00";"PA";316;"172";"SANTA LUZIA DO PARA";"Outras";"Capotamento";"Com Vítimas Feridas";"Plena noite";"Decrescente";"Chuva";"Simples";"Reta";"Rural";2;0;1;0;1;0;1;1
83434642;"30/01/16";"Sábado";"07:40:00";"PR";277;"683,2";"MEDIANEIRA";"Velocidade incompatível";"Saída de Pista";"Sem Vítimas";"Amanhecer";"Crescente";"Chuva";"Dupla";"Curva";"Urbano";1;0;0;0;1;0;0;1
83434643;"28/01/16";"Quinta";"18:20:00";"MG";381;"503";"BETIM";"Outras";"Colisão com objeto fixo";"Sem Vítimas";"Pleno dia";"Decrescente";"Chuva";"Dupla";"Curva";"Urbano";1;0;0;0;1;0;0;1
83434644;"30/01/16";"Sábado";"06:50:00";"MA";230;"404,5";"BALSAS";"Falta de atenção";"Colisão lateral";"Com Vítimas Feridas";"Pleno dia";"Crescente";"Ceu Claro";"Simples";"Reta";"Urbano";3;0;1;1;0;1;2;2
83434645;"26/01/16";"Terça";"22:55:00";"RJ";393;"262,8";"BARRA DO PIRAI";"Velocidade incompatível";"Tombamento";"Com Vítimas Feridas";"Plena noite";"Decrescente";"Ignorada";"Simples";"Curva";"Rural";2;0;1;1;0;0;2;1
83434646;"30/01/16";"Sábado";"05:30:00";"SP";116;"525,9";"BARRA DO TURVO";"Falta de atenção";"Tombamento";"Sem Vítimas";"Amanhecer";"Crescente";"Chuva";"Dupla";"Reta";"Rural";1;0;0;0;1;0;0;1
83434647;"21/01/16";"Quinta";"14:30:00";"SC";470;"69,9";"INDAIAL";"Velocidade incompatível";"Colisão lateral";"Com Vítimas Feridas";"Pleno dia";"Crescente";"Ceu Claro";"Simples";"Reta";"Urbano";5;0;2;0;3;0;2;3
83434648;"28/01/16";"Quinta";"17:45:00";"PI";230;"301";"FLORIANO";"Defeito mecânico em veículo";"Colisão frontal";"Com Vítimas Feridas";"Anoitecer";"Decrescente";"Chuva";"Dupla";"Reta";"Rural";5;0;3;1;1;0;4;2
83434649;"27/01/16";"Quarta";"06:00:00";"BA";101;"623";"MASCOTE";"Velocidade incompatível";"Saída de Pista";"Sem Vítimas";"Amanhecer";"Decrescente";"Chuva";"Simples";"Curva";"Rural";2;0;0;0;2;0;0;1
83434650;"26/01/16";"Terça";"22:10:00";"SC";116;"207,7";"PONTE ALTA";"Desobediência à sinalização";"Colisão Transversal";"Sem Vítimas";"Plena noite";"Crescente";"Nublado";"Múltipla";"Reta";"Urbano";2;0;0;0;2;0;0;2
83434651;"29/01/16";"Sexta";"01:50:00";"RR";174;"505";"BOA VISTA";"Velocidade incompatível";"Tombamento";"Ignorado";"Plena noite";"Crescente";"Ceu Claro";"Dupla";"Cruzamento";"Urbano";1;0;0;0;0;1;0;1
83434652;"30/01/16";"Sábado";"07:30:00";"MT";163;"539";"DIAMANTINO";"Outras";"Saída de Pista";"Sem Vítimas";"Amanhecer";"Crescente";"Chuva";"Simples";"Reta";"Rural";1;0;0;0;1;0;0;1
83434653;"30/01/16";"Sábado";"07:00:00";"PR";116;"20";"ANTONINA";"Velocidade incompatível";"Colisão com objeto fixo";"Sem Vítimas";"Pleno dia";"Crescente";"Chuva";"Dupla";"Curva";"Rural";1;0;0;0;1;0;0;1
83434654;"29/01/16";"Sexta";"18:50:00";"MG";50;"53";"UBERLANDIA";"Velocidade incompatível";"Colisão com objeto fixo";"Com Vítimas Feridas";"Anoitecer";"Crescente";"Chuva";"Dupla";"Reta";"Rural";2;0;1;0;1;0;1;1
83434655;"26/01/16";"Terça";"11:40:00";"GO";60;"26";"ALEXANIA";"Outras";"Capotamento";"Com Vítimas Feridas";"Pleno dia";"Decrescente";"Chuva";"Dupla";"Reta";"Rural";1;0;1;0;0;0;1;1
83434656;"30/01/16";"Sábado";"04:46:00";"PE";424;"95";"GARANHUNS";"Ingestão de álcool";"Saída de Pista";"Com Vítimas Fatais";"Amanhecer";"Crescente";"Nublado";"Simples";"Reta";"Rural";2;1;0;0;1;0;0;1
83434658;"30/01/16";"Sábado";"05:00:00";"MS";163;"626";"SAO GABRIEL DO OESTE";"Ingestão de álcool";"Saída de Pista";"Sem Vítimas";"Plena noite";"Decrescente";"Chuva";"Simples";"Reta";"Rural";1;0;0;0;1;0;0;1
83434659;"30/01/16";"Sábado";"07:00:00";"SC";116;"213";"PONTE ALTA";"Outras";"Tombamento";"Com Vítimas Feridas";"Amanhecer";"Crescente";"Nevoeiro/neblina";"Simples";"Reta";"Rural";1;0;1;0;0;0;1;1
83434661;"30/01/16";"Sábado";"08:45:00";"PR";467;"94";"CASCAVEL";"Não guardar distância de segurança";"Saída de Pista";"Sem Vítimas";"Pleno dia";"Decrescente";"Chuva";"Dupla";"Reta";"Rural";2;0;0;0;2;0;0;2
83434662;"28/01/16";"Quinta";"05:10:00";"MG";262;"584,7";"CAMPOS ALTOS";"Velocidade incompatível";"Saída de Pista";"Sem Vítimas";"Plena noite";"Crescente";"Chuva";"Simples";"Reta";"Rural";1;0;0;0;1;0;0;1
83434663;"27/01/16";"Quarta";"19:10:00";"PE";232;"326";"CUSTODIA";"Desobediência à sinalização";"Tombamento";"Com Vítimas Feridas";"Plena noite";"Crescente";"Ceu Claro";"Simples";"Reta";"Rural";1;0;1;0;0;0;1;1
83434664;"30/01/16";"Sábado";"09:00:00";"SP";116;"564,5";"BARRA DO TURVO";"Velocidade incompatível";"Capotamento";"Sem Vítimas";"Pleno dia";"Decrescente";"Chuva";"Simples";"Curva";"Rural";1;0;0;0;1;0;0;1
83434665;"30/01/16";"Sábado";"08:30:00";"GO";153;"653,6";"GOIATUBA";"Velocidade incompatível";"Saída de Pista";"Com Vítimas Feridas";"Pleno dia";"Crescente";"Chuva";"Dupla";"Reta";"Rural";2;0;2;0;0;0;2;1
83434666;"30/01/16";"Sábado";"10:35:00";"PR";376;"667";"GUARATUBA";"Velocidade incompatível";"Colisão traseira";"Sem Vítimas";"Pleno dia";"Crescente";"Ceu Claro";"Simples";"Curva";"Rural";2;0;0;0;2;0;0;2
83434667;"28/01/16";"Quinta";"18:30:00";"MG";40;"552";"NOVA LIMA";"Outras";"Colisão com objeto fixo";"Com Vítimas Feridas";"Anoitecer";"Crescente";"Chuva";"Dupla";"Curva";"Urbano";1;0;1;0;0;0;1;1
83434668;"29/01/16";"Sexta";"06:22:00";"GO";153;"506,7";"APARECIDA DE GOIANIA";"Não guardar distância de segurança";"Colisão traseira";"Sem Vítimas";"Amanhecer";"Decrescente";"Chuva";"Dupla";"Reta";"Urbano";2;0;0;0;1;1;0;2
83434669;"30/01/16";"Sábado";"03:00:00";"MS";158;"306";"TRES LAGOAS";"Ingestão de álcool";"Saída de Pista";"Sem Vítimas";"Plena noite";"Decrescente";"Ignorada";"Simples";"Reta";"Rural";2;0;0;0;2;0;0;1
83434670;"26/01/16";"Terça";"09:30:00";"RO";364;"100,6";"PIMENTA BUENO";"Desobediência à sinalização";"Saída de Pista";"Com Vítimas Fatais";"Pleno dia";"Decrescente";"Nublado";"Simples";"Curva";"Rural";3;1;2;0;0;0;2;1
83434671;"30/01/16";"Sábado";"08:50:00";"RS";116;"153";"CAXIAS DO SUL";"Não guardar distância de segurança";"Colisão traseira";"Sem Vítimas";"Pleno dia";"Decrescente";"Ceu Claro";"Múltipla";"Reta";"Urbano";2;0;0;0;1;1;0;2
83434672;"24/01/16";"Domingo";"13:45:00";"DF";20;"6,1";"BRASILIA";"Outras";"Capotamento";"Com Vítimas Feridas";"Pleno dia";"Crescente";"Chuva";"Dupla";"Curva";"Urbano";2;0;1;0;1;0;1;1
83434673;"30/01/16";"Sábado";"09:05:00";"SC";282;"490";"FAXINAL DOS GUEDES";"Ingestão de álcool";"Colisão traseira";"Com Vítimas Feridas";"Pleno dia";"Decrescente";"Nublado";"Simples";"Reta";"Urbano";3;0;1;0;2;0;1;2
83434674;"22/01/16";"Sexta";"11:00:00";"SC";101;"338";"TUBARAO";"Não guardar distância de segurança";"Colisão traseira";"Sem Vítimas";"Pleno dia";"Crescente";"Ceu Claro";"Dupla";"Reta";"Urbano";2;0;0;0;2;0;0;2
83434675;"30/01/16";"Sábado";"11:00:00";"RS";287;"236,5";"SANTA MARIA";"Outras";"Colisão traseira";"Com Vítimas Feridas";"Pleno dia";"Decrescente";"Nublado";"Simples";"Reta";"Urbano";2;0;1;0;1;0;1;2
83434676;"30/01/16";"Sábado";"09:30:00";"PA";316;"8";"ANANINDEUA";"Falta de atenção";"Colisão com bicicleta";"Com Vítimas Feridas";"Pleno dia";"Decrescente";"Ceu Claro";"Dupla";"Reta";"Urbano";2;0;1;0;1;0;1;2
83434677;"30/01/16";"Sábado";"09:20:00";"PR";277;"111";"CAMPO LARGO";"Não guardar distância de segurança";"Colisão traseira";"Com Vítimas Feridas";"Pleno dia";"Crescente";"Nublado";"Dupla";"Reta";"Urbano";3;0;1;0;1;1;1;2
83434679;"30/01/16";"Sábado";"10:40:00";"AL";316;"157,3";"PALMEIRA DOS INDIOS";"Outras";"Saída de Pista";"Sem Vítimas";"Pleno dia";"Crescente";"Chuva";"Simples";"Reta";"Rural";1;0;0;0;1;0;0;1
83434680;"29/01/16";"Sexta";"15:45:00";"BA";242;"215";"ITABERABA";"Falta de atenção";"Saída de Pista";"Sem Vítimas";"Pleno dia";"Decrescente";"Ceu Claro";"Simples";"Reta";"Rural";1;0;0;0;1;0;0;1
83434681;"25/01/16";"Segunda";"18:00:00";"PA";316;"0,5";"BELEM";"Não guardar distância de segurança";"Colisão lateral";"Sem Vítimas";"Plena noite";"Crescente";"Ceu Claro";"Dupla";"Reta";"Urbano";2;0;0;0;2;0;0;2
83434682;"27/01/16";"Quarta";"00:30:00";"MG";40;"221,3";"JOAO PINHEIRO";"Animais na Pista";"Atropelamento de animal";"Com Vítimas Feridas";"Plena noite";"Crescente";"Nublado";"Simples";"Reta";"Rural";3;0;2;0;1;0;2;1
83434683;"30/01/16";"Sábado";"10:30:00";"SC";101;"345,3";"TUBARAO";"Dormindo";"Saída de Pista";"Sem Vítimas";"Pleno dia";"Crescente";"Sol";"Dupla";"Reta";"Urbano";1;0;0;0;1;0;0;1
83434684;"30/01/16";"Sábado";"11:30:00";"RJ";101;"472";"ANGRA DOS REIS";"Outras";"Colisão traseira";"Com Vítimas Feridas";"Pleno dia";"Crescente";"Ceu Claro";"Simples";"Reta";"Urbano";2;0;1;0;1;0;1;2
83434685;"30/01/16";"Sábado";"08:30:00";"SC";101;"281,3";"IMBITUBA";"Falta de atenção";"Colisão com objeto fixo";"Sem Vítimas";"Pleno dia";"Crescente";"Sol";"Dupla";"Reta";"Urbano";1;0;0;0;1;0;0;1
83434686;"30/01/16";"Sábado";"07:20:00";"MS";158;"348,5";"BRASILANDIA";"Ingestão de álcool";"Saída de Pista";"Com Vítimas Feridas";"Pleno dia";"Decrescente";"Nublado";"Simples";"Reta";"Rural";2;0;2;0;0;0;2;1
83434687;"26/01/16";"Terça";"06:00:00";"AL";101;"107";"PILAR";"Outras";"Tombamento";"Com Vítimas Feridas";"Pleno dia";"Decrescente";"Chuva";"Simples";"Curva";"Rural";1;0;1;0;0;0;1;1
83434688;"22/01/16";"Sexta";"07:50:00";"PR";476;"130,2";"CURITIBA";"Não guardar distância de segurança";"Queda de motocicleta / bicicleta / veículo";"Com Vítimas Feridas";"Pleno dia";"Decrescente";"Chuva";"Múltipla";"Reta";"Urbano";2;0;2;0;0;0;2;1
83434689;"30/01/16";"Sábado";"07:30:00";"RS";116;"223";"DOIS IRMAOS";"Velocidade incompatível";"Saída de Pista";"Ignorado";"Pleno dia";"Decrescente";"Ceu Claro";"Simples";"Curva";"Urbano";1;0;0;0;0;1;0;1
83434690;"30/01/16";"Sábado";"13:00:00";"RJ";101;"322";"NITEROI";"Não guardar distância de segurança";"Colisão traseira";"Com Vítimas Feridas";"Pleno dia";"Decrescente";"Ceu Claro";"Dupla";"Reta";"Urbano";6;0;1;0;5;0;1;4
83434691;"30/01/16";"Sábado";"10:50:00";"PE";101;"50";"ABREU E LIMA";"Falta de atenção";"Atropelamento de pessoa";"Com Vítimas Fatais";"Pleno dia";"Crescente";"Nublado";"Dupla";"Reta";"Urbano";4;1;2;0;1;0;2;2
83434692;"30/01/16";"Sábado";"12:10:00";"SC";101;"132,1";"BALNEARIO CAMBORIU";"Falta de atenção";"Colisão Transversal";"Com Vítimas Feridas";"Pleno dia";"Crescente";"Ceu Claro";"Dupla";"Reta";"Urbano";2;0;1;0;1;0;1;2
83434693;"26/01/16";"Terça";"15:05:00";"SP";116;"199";"ARUJA";"Outras";"Colisão lateral";"Sem Vítimas";"Pleno dia";"Decrescente";"Ceu Claro";"Dupla";"Reta";"Urbano";2;0;0;0;2;0;0;2
83434694;"30/01/16";"Sábado";"10:40:00";"MT";163;"578";"NOVA MUTUM";"Velocidade incompatível";"Colisão frontal";"Com Vítimas Feridas";"Pleno dia";"Decrescente";"Chuva";"Dupla";"Reta";"Rural";4;0;3;0;1;0;3;2
83434695;"30/01/16";"Sábado";"11:30:00";"SP";116;"535";"BARRA DO TURVO";"Falta de atenção";"Colisão traseira";"Sem Vítimas";"Pleno dia";"Crescente";"Chuva";"Dupla";"Curva";"Rural";2;0;0;0;2;0;0;2
83434696;"30/01/16";"Sábado";"10:40:00";"PR";369;"96,5";"CORNELIO PROCOPIO";"Velocidade incompatível";"Saída de Pista";"Sem Vítimas";"Pleno dia";"Crescente";"Chuva";"Simples";"Reta";"Urbano";1;0;0;0;1;0;0;1
83434697;"30/01/16";"Sábado";"05:40:00";"MA";222;"175,3";"ITAPECURU MIRIM";"Outras";"Colisão lateral";"Com Vítimas Feridas";"Amanhecer";"Crescente";"Ceu Claro";"Simples";"Reta";"Rural";2;0;1;0;1;0;1;2
83434698;"27/01/16";"Quarta";"00:45:00";"MG";459;"78,5";"CONGONHAL";"Outras";"Colisão traseira";"Com Vítimas Fatais";"Plena noite";"Decrescente";"Nublado";"Simples";"Reta";"Rural";2;1;0;0;0;1;0;2
83434699;"30/01/16";"Sábado";"14:20:00";"MG";116;"773";"LEOPOLDINA";"Falta de atenção";"Colisão Transversal";"Com Vítimas Feridas";"Pleno dia";"Crescente";"Sol";"Simples";"Cruzamento";"Rural";4;0;2;0;2;0;2;2
83434700;"30/01/16";"Sábado";"14:10:00";"RS";471;"194,6";"PANTANO GRANDE";"Falta de atenção";"Colisão Transversal";"Com Vítimas Feridas";"Pleno dia";"Crescente";"Nublado";"Simples";"Reta";"Rural";6;0;2;1;3;0;3;2
83434701;"30/01/16";"Sábado";"10:00:00";"PI";343;"597";"FLORIANO";"Velocidade incompatível";"Saída de Pista";"Com Vítimas Feridas";"Pleno dia";"Crescente";"Sol";"Dupla";"Reta";"Urbano";1;0;1;0;0;0;1;1
83434702;"30/01/16";"Sábado";"11:00:00";"SC";101;"338,8";"TUBARAO";"Não guardar distância de segurança";"Colisão traseira";"Sem Vítimas";"Pleno dia";"Crescente";"Ceu Claro";"Simples";"Reta";"Urbano";2;0;0;0;2;0;0;2
83434703;"30/01/16";"Sábado";"14:00:00";"PI";343;"335,8";"TERESINA";"Outras";"Colisão com objeto fixo";"Sem Vítimas";"Pleno dia";"Crescente";"Ceu Claro";"Simples";"Curva";"Urbano";1;0;0;0;1;0;0;1
83434704;"30/01/16";"Sábado";"05:00:00";"RS";392;"53";"RIO GRANDE";"Ingestão de álcool";"Colisão traseira";"Com Vítimas Feridas";"Plena noite";"Crescente";"Ceu Claro";"Dupla";"Reta";"Rural";4;0;2;0;2;0;2;2
83434705;"30/01/16";"Sábado";"13:10:00";"RS";392;"3,8";"RIO GRANDE";"Falta de atenção";"Colisão traseira";"Sem Vítimas";"Pleno dia";"Crescente";"Ceu Claro";"Simples";"Reta";"Rural";2;0;0;0;2;0;0;2
83434706;"28/01/16";"Quinta";"03:30:00";"PB";230;"55,8";"CRUZ DO ESPIRITO SANTO";"Não guardar distância de segurança";"Colisão traseira";"Com Vítimas Feridas";"Plena noite";"Crescente";"Ceu Claro";"Dupla";"Reta";"Rural";2;0;1;0;0;1;1;2
83434707;"30/01/16";"Sábado";"07:45:00";"PR";476;"180,7";"LAPA";"Velocidade incompatível";"Capotamento";"Com Vítimas Feridas";"Pleno dia";"Decrescente";"Ceu Claro";"Simples";"Curva";"Rural";4;0;1;0;3;0;1;1
83434708;"30/01/16";"Sábado";"14:30:00";"SC";101;"25,5";"JOINVILLE";"Outras";"Saída de Pista";"Com Vítimas Fatais";"Pleno dia";"Crescente";"Ceu Claro";"Dupla";"Reta";"Urbano";6;2;4;0;0;0;4;1
83434709;"30/01/16";"Sábado";"15:25:00";"RS";470;"224";"GARIBALDI";"Falta de atenção";"Colisão lateral";"Com Vítimas Feridas";"Pleno dia";"Crescente";"Nublado";"Simples";"Curva";"Urbano";3;0;2;0;1;0;2;2
83434710;"30/01/16";"Sábado";"13:15:00";"PR";376;"346";"ORTIGUEIRA";"Velocidade incompatível";"Colisão frontal";"Com Vítimas Feridas";"Pleno dia";"Crescente";"Chuva";"Simples";"Curva";"Rural";4;0;0;3;1;0;3;2
83434711;"30/01/16";"Sábado";"14:20:00";"ES";101;"211,7";"IBIRACU";"Desobediência à sinalização";"Colisão traseira";"Com Vítimas Feridas";"Pleno dia";"Crescente";"Sol";"Simples";"Curva";"Rural";5;0;1;0;4;0;1;2
83434712;"30/01/16";"Sábado";"15:15:00";"SC";101;"197";"BIGUACU";"Ingestão de álcool";"Colisão com bicicleta";"Com Vítimas Feridas";"Pleno dia";"Crescente";"Ceu Claro";"Múltipla";"Reta";"Urbano";2;0;1;0;1;0;1;2
83434713;"30/01/16";"Sábado";"12:05:00";"GO";153;"391,5";"SAO FRANCISCO DE GOIAS";"Velocidade incompatível";"Colisão traseira";"Sem Vítimas";"Pleno dia";"Decrescente";"Ceu Claro";"Simples";"Reta";"Rural";2;0;0;0;2;0;0;2
83434714;"30/01/16";"Sábado";"14:00:00";"ES";101;"320";"GUARAPARI";"Defeito na via";"Colisão traseira";"Sem Vítimas";"Pleno dia";"Crescente";"Sol";"Múltipla";"Reta";"Rural";2;0;0;0;2;0;0;2
83434715;"30/01/16";"Sábado";"15:40:00";"SC";282;"216";"LAGES";"Falta de atenção";"Colisão traseira";"Sem Vítimas";"Plena noite";"Crescente";"Sol";"Simples";"Curva";"Rural";2;0;0;0;2;0;0;2
83434716;"27/01/16";"Quarta";"06:15:00";"BA";101;"63";"ENTRE RIOS";"Animais na Pista";"Colisão traseira";"Com Vítimas Fatais";"Amanhecer";"Crescente";"Ceu Claro";"Simples";"Reta";"Rural";2;1;0;0;1;0;0;2
83434717;"30/01/16";"Sábado";"11:15:00";"GO";153;"370,4";"JARAGUA";"Outras";"Capotamento";"Com Vítimas Feridas";"Pleno dia";"Decrescente";"Nublado";"Simples";"Reta";"Rural";1;0;0;1;0;0;1;1
83434718;"30/01/16";"Sábado";"14:30:00";"MG";40;"554";"NOVA LIMA";"Falta de atenção";"Colisão traseira";"Com Vítimas Feridas";"Pleno dia";"Crescente";"Chuva";"Dupla";"Curva";"Urbano";2;0;1;0;1;0;1;2
83434719;"30/01/16";"Sábado";"09:00:00";"BA";101;"657";"ITAPEBI";"Outras";"Colisão lateral";"Sem Vítimas";"Amanhecer";"Crescente";"Chuva";"Simples";"Curva";"Rural";2;0;0;0;2;0;0;2
83434720;"30/01/16";"Sábado";"09:00:00";"MG";40;"477";"SETE LAGOAS";"Falta de atenção";"Colisão Transversal";"Com Vítimas Feridas";"Amanhecer";"Decrescente";"Ceu Claro";"Simples";"Reta";"Rural";2;0;1;0;1;0;1;2
83434721;"30/01/16";"Sábado";"12:25:00";"MS";163;"388,5";"NOVA ALVORADA DO SUL";"Defeito mecânico em veículo";"Queda de motocicleta / bicicleta / veículo";"Com Vítimas Feridas";"Pleno dia";"Crescente";"Nublado";"Simples";"Reta";"Rural";2;0;2;0;0;0;2;1
83434722;"29/01/16";"Sexta";"06:40:00";"RO";364;"399";"OURO PRETO DO OESTE";"Falta de atenção";"Saída de Pista";"Com Vítimas Feridas";"Amanhecer";"Crescente";"Nublado";"Simples";"Reta";"Rural";1;0;1;0;0;0;1;1
83434724;"30/01/16";"Sábado";"12:20:00";"MG";40;"502,3";"SETE LAGOAS";"Falta de atenção";"Colisão lateral";"Sem Vítimas";"Pleno dia";"Crescente";"Sol";"Dupla";"Curva";"Rural";2;0;0;0;2;0;0;2
83434725;"30/01/16";"Sábado";"14:02:00";"MS";163;"256,5";"DOURADOS";"Falta de atenção";"Colisão traseira";"Com Vítimas Feridas";"Pleno dia";"Decrescente";"Chuva";"Dupla";"Reta";"Urbano";3;0;2;0;1;0;2;2
83434726;"30/01/16";"Sábado";"13:30:00";"SC";282;"218,4";"LAGES";"Ingestão de álcool";"Colisão Transversal";"Com Vítimas Feridas";"Pleno dia";"Decrescente";"Ceu Claro";"Simples";"Cruzamento";"Urbano";3;0;1;0;2;0;1;2
83434727;"30/01/16";"Sábado";"14:50:00";"SC";101;"66";"ARAQUARI";"Outras";"Capotamento";"Com Vítimas Feridas";"Pleno dia";"Crescente";"Nublado";"Múltipla";"Curva";"Rural";2;0;2;0;0;0;2;1
83434728;"30/01/16";"Sábado";"15:15:00";"PR";376;"496,9";"PONTA GROSSA";"Não guardar distância de segurança";"Colisão traseira";"Sem Vítimas";"Pleno dia";"Crescente";"Nublado";"Dupla";"Reta";"Urbano";2;0;0;0;2;0;0;2
83434729;"30/01/16";"Sábado";"15:30:00";"SP";116;"401,9";"MIRACATU";"Outras";"Colisão com objeto fixo";"Sem Vítimas";"Pleno dia";"Decrescente";"Ceu Claro";"Dupla";"Reta";"Urbano";2;0;0;0;2;0;0;2