"id";"data_inversa";"dia_semana";"horario";"uf";"br";"km";"municipio";"causa_acidente";"tipo_acidente";"classificacao_acidente";"fase_dia";"sentido_via";"condicao_metereologica";"tipo_pista";"tracado_via";"uso_solo";"pessoas";"mortos";"feridos_leves";"feridos_graves";"ilesos";"ignorados";"feridos";"veiculos"
83434730;"30/01/16";"Sábado";"07:00:00";"PI";343;"3,8";"TERESINA";"Não guardar distância de segurança";"Colisão traseira";"Sem Vítimas";"Pleno dia";"Crescente";"Sol";"Múltipla";"Reta";"Urbano";2;0;0;0;2;0;0;2
83434731;"26/01/16";"Terça";"19:20:00";"SP";116;"359";"MIRACATU";"Dormindo";"Tombamento";"Com Vítimas Feridas";"Anoitecer";"Crescente";"Ceu Claro";"Simples";"Reta";"Urbano";1;0;1;0;0;0;1;1
83434732;"30/01/16";"Sábado";"14:40:00";"SP";116;"458,9";"PARIQUERA-ACU";"Dormindo";"Capotamento";"Com Vítimas Feridas";"Pleno dia";"Crescente";"Sol";"Dupla";"Reta";"Rural";2;0;1;0;1;0;1;1
83434734;"30/01/16";"Sábado";"15:40:00";"MG";381;"929,9";"ITAPEVA";"Ingestão de álcool";"Queda de motocicleta / bicicleta / veículo";"Com Vítimas Feridas";"Pleno dia";"Crescente";"Sol";"Dupla";"Curva";"Rural";1;0;0;1;0;0;1;1
83434735;"27/01/16";"Quarta";"04:00:00";"PR";476;"216";"LAPA";"Ingestão de álcool";"Saída de Pista";"Com Vítimas Feridas";"Plena noite";"Crescente";"Nublado";"Simples";"Reta";"Rural";1;0;0;1;0;0;1;1
83434736;"26/01/16";"Terça";"14:20:00";"MG";365;"351";"VARJAO DE MINAS";"Defeito mecânico em veículo";"Incêndio";"Sem Vítimas";"Pleno dia";"Crescente";"Ceu Claro";"Simples";"Reta";"Rural";1;0;0;0;1;0;0;1
83434737;"30/01/16";"Sábado";"13:10:00";"PB";230;"61";"CRUZ DO ESPIRITO SANTO";"Falta de atenção";"Colisão Transversal";"Sem Vítimas";"Pleno dia";"Crescente";"Sol";"Dupla";"Reta";"Rural";2;0;0;0;2;0;0;2
83434738;"26/01/16";"Terça";"16:40:00";"ES";101;"265";"SERRA";"Velocidade incompatível";"Colisão traseira";"Com Vítimas Feridas";"Pleno dia";"Crescente";"Ceu Claro";"Múltipla";"Reta";"Urbano";2;0;1;0;1;0;1;2
83434739;"30/01/16";"Sábado";"14:00:00";"RJ";40;"4";"COMENDADOR LEVY GASPARIAN";"Outras";"Tombamento";"Com Vítimas Feridas";"Pleno dia";"Crescente";"Ceu Claro";"Dupla";"Reta";"Rural";1;0;0;1;0;0;1;1
83434740;"30/01/16";"Sábado";"16:00:00";"SC";470;"49";"BLUMENAU";"Outras";"Colisão Transversal";"Com Vítimas Feridas";"Pleno dia";"Decrescente";"Nublado";"Simples";"Curva";"Urbano";3;0;1;0;2;0;1;2
83434741;"30/01/16";"Sábado";"16:50:00";"TO";226;"8";"PALMEIRAS DO TOCANTINS";"Defeito mecânico em veículo";"Saída de Pista";"Sem Vítimas";"Pleno dia";"Crescente";"Ceu Claro";"Simples";"Reta";"Rural";1;0;0;0;1;0;0;1
83434742;"30/01/16";"Sábado";"13:20:00";"ES";262;"1,2";"CARIACICA";"Falta de atenção";"Queda de motocicleta / bicicleta / veículo";"Com Vítimas Feridas";"Pleno dia";"Decrescente";"Ceu Claro";"Dupla";"Reta";"Urbano";1;0;1;0;0;0;1;1
83434743;"30/01/16";"Sábado";"13:50:00";"SP";153;"129";"UBARANA";"Dormindo";"Colisão lateral";"Com Vítimas Feridas";"Pleno dia";"Crescente";"Sol";"Simples";"Reta";"Rural";2;0;1;0;1;0;1;2
83434744;"30/01/16";"Sábado";"14:50:00";"PA";10;"338";"SANTA MARIA DO PARA";"Dormindo";"Colisão lateral";"Com Vítimas Feridas";"Pleno dia";"Decrescente";"Nublado";"Simples";"Reta";"Rural";2;0;0;1;1;0;1;2
83434745;"30/01/16";"Sábado";"17:40:00";"RJ";116;"198";"QUEIMADOS";"Outras";"Colisão com objeto fixo";"Sem Vítimas";"Pleno dia";"Decrescente";"Sol";"Dupla";"Reta";"Urbano";1;0;0;0;1;0;0;1
83434746;"30/01/16";"Sábado";"14:00:00";"RS";116;"249,5";"SAO LEOPOLDO";"Falta de atenção";"Colisão lateral";"Com Vítimas Feridas";"Pleno dia";"Crescente";"Nublado";"Múltipla";"Reta";"Urbano";3;0;2;0;1;0;2;2
83434747;"30/01/16";"Sábado";"16:00:00";"SC";101;"115";"ITAJAI";"Defeito mecânico em veículo";"Queda de motocicleta / bicicleta / veículo";"Com Vítimas Feridas";"Pleno dia";"Decrescente";"Nublado";"Dupla";"Reta";"Urbano";2;0;2;0;0;0;2;1
83434748;"30/01/16";"Sábado";"17:10:00";"PE";232;"6,5";"RECIFE";"Falta de atenção";"Colisão traseira";"Sem Vítimas";"Anoitecer";"Crescente";"Sol";"Dupla";"Reta";"Urbano";3;0;0;0;3;0;0;3
83434749;"30/01/16";"Sábado";"16:10:00";"PB";230;"31";"JOAO PESSOA";"Falta de atenção";"Colisão traseira";"Sem Vítimas";"Pleno dia";"Decrescente";"Sol";"Dupla";"Reta";"Urbano";2;0;0;0;2;0;0;2
83434750;"30/01/16";"Sábado";"18:10:00";"SP";116;"69,2";"APARECIDA";"Defeito mecânico em veículo";"Queda de motocicleta / bicicleta / veículo";"Com Vítimas Feridas";"Pleno dia";"Crescente";"Sol";"Dupla";"Reta";"Urbano";1;0;1;0;0;0;1;1
83434751;"30/01/16";"Sábado";"07:05:00";"MG";381;"789,7";"SAO GONCALO DO SAPUCAI";"Outras";"Tombamento";"Sem Vítimas";"Pleno dia";"Decrescente";"Nublado";"Dupla";"Reta";"Rural";1;0;0;0;1;0;0;1
83434752;"30/01/16";"Sábado";"16:05:00";"SC";101;"217,5";"PALHOCA";"Outras";"Saída de Pista";"Sem Vítimas";"Pleno dia";"Decrescente";"Sol";"Dupla";"Reta";"Urbano";1;0;0;0;1;0;0;1
83434753;"30/01/16";"Sábado";"10:50:00";"MG";116;"277";"TEOFILO OTONI";"Desobediência à sinalização";"Colisão lateral";"Com Vítimas Feridas";"Pleno dia";"Crescente";"Ceu Claro";"Dupla";"Reta";"Urbano";2;0;1;0;0;1;1;2
83434754;"30/01/16";"Sábado";"17:00:00";"MT";364;"70,9";"ALTO GARCAS";"Não guardar distância de segurança";"Saída de Pista";"Sem Vítimas";"Pleno dia";"Crescente";"Nublado";"Simples";"Reta";"Rural";1;0;0;0;1;0;0;1
83434756;"30/01/16";"Sábado";"14:10:00";"PI";343;"596";"FLORIANO";"Outras";"Colisão Transversal";"Sem Vítimas";"Pleno dia";"Decrescente";"Ceu Claro";"Simples";"Reta";"Urbano";2;0;0;0;2;0;0;2
83434760;"30/01/16";"Sábado";"07:50:00";"BA";324;"547";"AMELIA RODRIGUES";"Outras";"Colisão traseira";"Sem Vítimas";"Pleno dia";"Decrescente";"Ceu Claro";"Dupla";"Reta";"Rural";5;0;0;0;5;0;0;5
83434761;"30/01/16";"Sábado";"15:00:00";"MT";163;"104";"RONDONOPOLIS";"Desobediência à sinalização";"Colisão traseira";"Sem Vítimas";"Pleno dia";"Decrescente";"Chuva";"Dupla";"Reta";"Rural";2;0;0;0;1;1;0;2
83434762;"30/01/16";"Sábado";"13:30:00";"MS";262;"420";"TERENOS";"Outras";"Capotamento";"Sem Vítimas";"Pleno dia";"Decrescente";"Chuva";"Simples";"Curva";"Rural";1;0;0;0;1;0;0;1
83434763;"30/01/16";"Sábado";"16:00:00";"RO";364;"487";"ARIQUEMES";"Animais na Pista";"Saída de Pista";"Sem Vítimas";"Pleno dia";"Decrescente";"Chuva";"Simples";"Reta";"Rural";1;0;0;0;1;0;0;1
83434764;"30/01/16";"Sábado";"16:50:00";"BA";324;"550";"AMELIA RODRIGUES";"Outras";"Danos Eventuais";"Sem Vítimas";"Pleno dia";"Decrescente";"Nublado";"Simples";"Reta";"Urbano";1;0;0;0;1;0;0;1
83434765;"30/01/16";"Sábado";"18:20:00";"RS";290;"393,6";"SANTA MARGARIDA DO SUL";"Defeito na via";"Colisão traseira";"Sem Vítimas";"Pleno dia";"Crescente";"Chuva";"Simples";"Reta";"Urbano";3;0;0;0;3;0;0;3
83434766;"30/01/16";"Sábado";"18:50:00";"RS";470;"214";"BENTO GONCALVES";"Velocidade incompatível";"Saída de Pista";"Com Vítimas Feridas";"Pleno dia";"Decrescente";"Nublado";"Simples";"Curva";"Urbano";1;0;1;0;0;0;1;1
83434767;"30/01/16";"Sábado";"16:30:00";"MA";316;"553,3";"CAXIAS";"Outras";"Colisão lateral";"Sem Vítimas";"Pleno dia";"Decrescente";"Ceu Claro";"Dupla";"Cruzamento";"Urbano";2;0;0;0;2;0;0;2
83434768;"30/01/16";"Sábado";"09:00:00";"GO";364;"102,3";"CACHOEIRA ALTA";"Falta de atenção";"Tombamento";"Sem Vítimas";"Pleno dia";"Decrescente";"Ceu Claro";"Simples";"Reta";"Rural";1;0;0;0;1;0;0;1
83434769;"30/01/16";"Sábado";"12:20:00";"MA";316;"425";"PERITORO";"Ingestão de álcool";"Colisão lateral";"Com Vítimas Feridas";"Pleno dia";"Crescente";"Ceu Claro";"Simples";"Reta";"Rural";5;0;2;0;3;0;2;2
83434770;"30/01/16";"Sábado";"18:30:00";"PR";277;"721,3";"FOZ DO IGUACU";"Outras";"Capotamento";"Com Vítimas Feridas";"Pleno dia";"Decrescente";"Chuva";"Dupla";"Reta";"Rural";2;0;2;0;0;0;2;1
83434771;"29/01/16";"Sexta";"11:00:00";"MT";158;"737,7";"BARRA DO GARCAS";"Outras";"Saída de Pista";"Sem Vítimas";"Pleno dia";"Crescente";"Chuva";"Simples";"Curva";"Rural";1;0;0;0;1;0;0;1
83434772;"25/01/16";"Segunda";"08:00:00";"MG";262;"38";"MANHUACU";"Falta de atenção";"Colisão traseira";"Com Vítimas Feridas";"Pleno dia";"Decrescente";"Ceu Claro";"Simples";"Reta";"Urbano";2;0;1;0;1;0;1;2
83434773;"30/01/16";"Sábado";"18:30:00";"MG";262;"827,4";"UBERABA";"Falta de atenção";"Colisão Transversal";"Com Vítimas Feridas";"Pleno dia";"Crescente";"Ceu Claro";"Simples";"Reta";"Rural";5;0;3;0;2;0;3;2
83434774;"30/01/16";"Sábado";"15:30:00";"MT";364;"216";"RONDONOPOLIS";"Falta de atenção";"Colisão lateral";"Com Vítimas Feridas";"Pleno dia";"Crescente";"Nublado";"Dupla";"Reta";"Rural";2;0;1;0;1;0;1;2
83434775;"29/01/16";"Sexta";"18:00:00";"AL";101;"247,8";"PORTO REAL DO COLEGIO";"Defeito na via";"Queda de motocicleta / bicicleta / veículo";"Com Vítimas Fatais";"Plena noite";"Decrescente";"Chuva";"Simples";"Reta";"Rural";2;1;0;1;0;0;1;1
83434776;"25/01/16";"Segunda";"07:30:00";"SC";101;"214,5";"PALHOCA";"Não guardar distância de segurança";"Colisão lateral";"Com Vítimas Feridas";"Pleno dia";"Decrescente";"Sol";"Dupla";"Reta";"Urbano";2;0;0;1;1;0;1;2
83434777;"30/01/16";"Sábado";"18:10:00";"MG";116;"526,5";"CARATINGA";"Ingestão de álcool";"Colisão Transversal";"Com Vítimas Feridas";"Pleno dia";"Decrescente";"Ceu Claro";"Simples";"Reta";"Rural";2;0;1;0;1;0;1;2
83434778;"30/01/16";"Sábado";"17:45:00";"CE";116;"311";"JAGUARIBE";"Falta de atenção";"Colisão lateral";"Com Vítimas Feridas";"Plena noite";"Crescente";"Ceu Claro";"Simples";"Reta";"Rural";3;0;1;0;2;0;1;3
83434779;"30/01/16";"Sábado";"17:45:00";"RS";386;"181,1";"CARAZINHO";"Outras";"Capotamento";"Ignorado";"Pleno dia";"Crescente";"Chuva";"Simples";"Reta";"Rural";1;0;0;0;0;1;0;1
83434780;"30/01/16";"Sábado";"19:45:00";"SC";101;"140";"BALNEARIO CAMBORIU";"Falta de atenção";"Colisão com objeto fixo";"Sem Vítimas";"Plena noite";"Crescente";"Chuva";"Dupla";"Curva";"Urbano";1;0;0;0;1;0;0;1
83434781;"30/01/16";"Sábado";"17:40:00";"MG";40;"618,2";"CONGONHAS";"Velocidade incompatível";"Capotamento";"Com Vítimas Feridas";"Pleno dia";"Decrescente";"Ceu Claro";"Simples";"Curva";"Rural";2;0;2;0;0;0;2;1
83434782;"30/01/16";"Sábado";"20:02:00";"PR";116;"204";"RIO NEGRO";"Outras";"Colisão com objeto fixo";"Sem Vítimas";"Anoitecer";"Decrescente";"Nublado";"Simples";"Reta";"Rural";1;0;0;0;1;0;0;1
83434783;"30/01/16";"Sábado";"18:40:00";"BA";101;"717";"EUNAPOLIS";"Velocidade incompatível";"Atropelamento de pessoa";"Com Vítimas Feridas";"Plena noite";"Decrescente";"Nublado";"Dupla";"Reta";"Urbano";2;0;0;1;0;1;1;1
83434784;"30/01/16";"Sábado";"09:30:00";"MS";262;"470,2";"ANASTACIO";"Defeito mecânico em veículo";"Saída de Pista";"Sem Vítimas";"Pleno dia";"Crescente";"Nublado";"Simples";"Reta";"Rural";1;0;0;0;1;0;0;1
83434785;"30/01/16";"Sábado";"17:10:00";"GO";60;"413,5";"RIO VERDE";"Outras";"Capotamento";"Com Vítimas Feridas";"Pleno dia";"Decrescente";"Nublado";"Dupla";"Reta";"Rural";4;0;4;0;0;0;4;1
83434786;"30/01/16";"Sábado";"18:00:00";"RJ";465;"21";"RIO DE JANEIRO";"Desobediência à sinalização";"Colisão lateral";"Sem Vítimas";"Anoitecer";"Crescente";"Ceu Claro";"Simples";"Reta";"Urbano";2;0;0;0;1;1;0;2
83434787;"30/01/16";"Sábado";"15:45:00";"MS";262;"469,3";"ANASTACIO";"Falta de atenção";"Colisão traseira";"Sem Vítimas";"Pleno dia";"Crescente";"Nublado";"Simples";"Reta";"Rural";3;0;0;0;3;0;0;2
83434788;"30/01/16";"Sábado";"17:30:00";"BA";330;"728,8";"JEQUIE";"Animais na Pista";"Atropelamento de animal";"Sem Vítimas";"Anoitecer";"Decrescente";"Ceu Claro";"Simples";"Reta";"Rural";1;0;0;0;1;0;0;1
83434789;"30/01/16";"Sábado";"21:20:00";"RS";287;"398";"SANTIAGO";"Falta de atenção";"Saída de Pista";"Com Vítimas Feridas";"Plena noite";"Decrescente";"Chuva";"Simples";"Reta";"Urbano";1;0;1;0;0;0;1;1
83434790;"30/01/16";"Sábado";"15:30:00";"PR";476;"337,7";"PAULA FREITAS";"Não guardar distância de segurança";"Colisão traseira";"Sem Vítimas";"Pleno dia";"Crescente";"Chuva";"Simples";"Reta";"Rural";2;0;0;0;2;0;0;2
83434791;"30/01/16";"Sábado";"16:35:00";"GO";40;"30,8";"LUZIANIA";"Falta de atenção";"Colisão Transversal";"Com Vítimas Fatais";"Pleno dia";"Decrescente";"Sol";"Simples";"Reta";"Urbano";2;1;0;0;1;0;0;2
83434793;"30/01/16";"Sábado";"17:50:00";"ES";101;"266";"SERRA";"Outras";"Queda de motocicleta / bicicleta / veículo";"Com Vítimas Feridas";"Pleno dia";"Decrescente";"Ceu Claro";"Múltipla";"Reta";"Urbano";1;0;1;0;0;0;1;1
83434794;"30/01/16";"Sábado";"21:20:00";"GO";153;"505";"GOIANIA";"Falta de atenção";"Colisão traseira";"Com Vítimas Feridas";"Plena noite";"Decrescente";"Ceu Claro";"Dupla";"Reta";"Urbano";2;0;0;1;1;0;1;2
83434795;"30/01/16";"Sábado";"17:30:00";"RO";364;"238,5";"CACOAL";"Não guardar distância de segurança";"Colisão traseira";"Sem Vítimas";"Pleno dia";"Decrescente";"Nublado";"Simples";"Reta";"Urbano";3;0;0;0;3;0;0;3
83434796;"30/01/16";"Sábado";"20:30:00";"SC";101;"198";"BIGUACU";"Não guardar distância de segurança";"Colisão traseira";"Sem Vítimas";"Plena noite";"Decrescente";"Chuva";"Múltipla";"Reta";"Urbano";2;0;0;0;1;1;0;2
83434797;"30/01/16";"Sábado";"13:30:00";"RO";364;"515";"ARIQUEMES";"Falta de atenção";"Colisão lateral";"Com Vítimas Feridas";"Pleno dia";"Crescente";"Sol";"Simples";"Cruzamento";"Urbano";3;0;1;0;2;0;1;2
83434798;"30/01/16";"Sábado";"16:50:00";"ES";259;"91";"BAIXO GUANDU";"Outras";"Colisão lateral";"Com Vítimas Feridas";"Pleno dia";"Crescente";"Ceu Claro";"Simples";"Reta";"Rural";4;0;3;0;1;0;3;2
83434799;"30/01/16";"Sábado";"18:50:00";"PE";232;"512";"SALGUEIRO";"Falta de atenção";"Colisão Transversal";"Com Vítimas Feridas";"Plena noite";"Crescente";"Nublado";"Simples";"Reta";"Urbano";3;0;1;1;1;0;2;2
83434800;"30/01/16";"Sábado";"20:20:00";"GO";40;"4";"VALPARAISO DE GOIAS";"Não guardar distância de segurança";"Colisão lateral";"Com Vítimas Feridas";"Plena noite";"Crescente";"Ceu Claro";"Dupla";"Reta";"Urbano";3;0;1;0;1;1;1;2
83434801;"30/01/16";"Sábado";"16:30:00";"RN";226;"246,1";"JUCURUTU";"Outras";"Saída de Pista";"Com Vítimas Feridas";"Pleno dia";"Crescente";"Chuva";"Simples";"Curva";"Rural";1;0;0;1;0;0;1;1
83434802;"29/01/16";"Sexta";"06:40:00";"SP";116;"196";"ARUJA";"Dormindo";"Colisão traseira";"Com Vítimas Fatais";"Amanhecer";"Crescente";"Ceu Claro";"Dupla";"Reta";"Urbano";3;1;0;0;2;0;0;2
83434803;"30/01/16";"Sábado";"21:30:00";"SC";101;"199";"SAO JOSE";"Ingestão de álcool";"Colisão Transversal";"Sem Vítimas";"Plena noite";"Crescente";"Chuva";"Múltipla";"Reta";"Urbano";2;0;0;0;2;0;0;2
83434804;"30/01/16";"Sábado";"22:05:00";"RS";290;"60";"GRAVATAI";"Outras";"Saída de Pista";"Com Vítimas Feridas";"Plena noite";"Decrescente";"Nublado";"Dupla";"Reta";"Rural";4;0;3;0;0;1;3;2
83434805;"16/01/16";"Sábado";"08:05:00";"CE";116;"138";"RUSSAS";"Falta de atenção";"Tombamento";"Sem Vítimas";"Pleno dia";"Crescente";"Chuva";"Simples";"Curva";"Rural";3;0;0;0;3;0;0;1
83434806;"30/01/16";"Sábado";"17:15:00";"MA";135;"10";"SAO LUIS";"Outras";"Colisão Transversal";"Com Vítimas Feridas";"Pleno dia";"Crescente";"Nublado";"Dupla";"Reta";"Urbano";2;0;1;0;1;0;1;2
83434807;"30/01/16";"Sábado";"18:50:00";"ES";101;"331";"GUARAPARI";"Falta de atenção";"Saída de Pista";"Com Vítimas Feridas";"Anoitecer";"Decrescente";"Ceu Claro";"Simples";"Reta";"Rural";6;0;4;0;0;2;4;2
83434808;"30/01/16";"Sábado";"21:20:00";"SP";116;"494,5";"CAJATI";"Ultrapassagem indevida";"Colisão traseira";"Sem Vítimas";"Plena noite";"Decrescente";"Ceu Claro";"Dupla";"Reta";"Rural";3;0;0;0;3;0;0;3
83434809;"30/01/16";"Sábado";"22:30:00";"SC";116;"302";"CAPAO ALTO";"Outras";"Saída de Pista";"Com Vítimas Feridas";"Plena noite";"Crescente";"Chuva";"Simples";"Reta";"Rural";2;0;1;0;1;0;1;1
83434811;"27/01/16";"Quarta";"18:15:00";"AL";316;"217,1";"ATALAIA";"Falta de atenção";"Colisão Transversal";"Sem Vítimas";"Plena noite";"Decrescente";"Ceu Claro";"Simples";"Reta";"Rural";2;0;0;0;2;0;0;2
83434812;"30/01/16";"Sábado";"21:50:00";"RJ";116;"66";"TERESOPOLIS";"Ingestão de álcool";"Colisão frontal";"Com Vítimas Feridas";"Plena noite";"Crescente";"Nublado";"Simples";"Reta";"Rural";4;0;4;0;0;0;4;2
83434813;"30/01/16";"Sábado";"21:50:00";"MG";50;"61";"UBERLANDIA";"Outras";"Queda de motocicleta / bicicleta / veículo";"Com Vítimas Feridas";"Plena noite";"Decrescente";"Ceu Claro";"Dupla";"Reta";"Rural";1;0;1;0;0;0;1;1
83434814;"30/01/16";"Sábado";"23:00:00";"SC";101;"138,2";"BALNEARIO CAMBORIU";"Ingestão de álcool";"Tombamento";"Com Vítimas Feridas";"Plena noite";"Decrescente";"Chuva";"Dupla";"Reta";"Urbano";1;0;1;0;0;0;1;1
83434815;"30/01/16";"Sábado";"21:00:00";"PA";316;"89";"SANTA MARIA DO PARA";"Não guardar distância de segurança";"Colisão traseira";"Com Vítimas Feridas";"Plena noite";"Decrescente";"Nublado";"Simples";"Reta";"Rural";3;0;1;1;1;0;2;2
83434816;"30/01/16";"Sábado";"21:00:00";"RJ";116;"180";"NOVA IGUACU";"Não guardar distância de segurança";"Colisão traseira";"Sem Vítimas";"Pleno dia";"Decrescente";"Ceu Claro";"Múltipla";"Reta";"Urbano";2;0;0;0;1;1;0;2
83434817;"30/01/16";"Sábado";"16:50:00";"DF";20;"15";"BRASILIA";"Outras";"Capotamento";"Com Vítimas Feridas";"Pleno dia";"Crescente";"Ceu Claro";"Dupla";"Reta";"Urbano";3;0;3;0;0;0;3;1
83434818;"26/01/16";"Terça";"12:25:00";"PE";424;"47";"VENTUROSA";"Falta de atenção";"Saída de Pista";"Sem Vítimas";"Pleno dia";"Decrescente";"Ceu Claro";"Simples";"Reta";"Rural";1;0;0;0;1;0;0;1
83434819;"25/01/16";"Segunda";"20:05:00";"SC";101;"85";"BARRA VELHA";"Falta de atenção";"Colisão traseira";"Sem Vítimas";"Anoitecer";"Crescente";"Nublado";"Simples";"Reta";"Urbano";2;0;0;0;2;0;0;2
83434820;"30/01/16";"Sábado";"17:45:00";"GO";452;"106";"BOM JESUS DE GOIAS";"Defeito na via";"Tombamento";"Sem Vítimas";"Pleno dia";"Crescente";"Ceu Claro";"Simples";"Reta";"Rural";1;0;0;0;1;0;0;1
83434821;"31/01/16";"Domingo";"00:05:00";"RS";386;"129";"SARANDI";"Outras";"Colisão frontal";"Com Vítimas Feridas";"Plena noite";"Decrescente";"Chuva";"Simples";"Reta";"Urbano";5;0;4;1;0;0;5;2
83434822;"30/01/16";"Sábado";"19:23:00";"SC";101;"86";"BARRA VELHA";"Falta de atenção";"Colisão Transversal";"Sem Vítimas";"Anoitecer";"Decrescente";"Nublado";"Simples";"Cruzamento";"Urbano";2;0;0;0;2;0;0;2
83434823;"30/01/16";"Sábado";"23:40:00";"PR";277;"21";"MORRETES";"Ingestão de álcool";"Saída de Pista";"Sem Vítimas";"Plena noite";"Decrescente";"Ceu Claro";"Dupla";"Reta";"Rural";1;0;0;0;1;0;0;1
83434824;"30/01/16";"Sábado";"19:20:00";"RS";287;"264,9";"SANTA MARIA";"Defeito mecânico em veículo";"Queda de motocicleta / bicicleta / veículo";"Com Vítimas Feridas";"Anoitecer";"Crescente";"Nublado";"Simples";"Reta";"Urbano";2;0;2;0;0;0;2;1
83434825;"30/01/16";"Sábado";"23:00:00";"PA";316;"8";"ANANINDEUA";"Falta de atenção";"Colisão traseira";"Sem Vítimas";"Plena noite";"Decrescente";"Ceu Claro";"Dupla";"Reta";"Urbano";2;0;0;0;2;0;0;2
83434826;"30/01/16";"Sábado";"10:30:00";"MG";40;"463,9";"SETE LAGOAS";"Não guardar distância de segurança";"Colisão traseira";"Com Vítimas Feridas";"Pleno dia";"Decrescente";"Ceu Claro";"Dupla";"Reta";"Rural";5;0;1;0;3;1;1;3
83434827;"30/01/16";"Sábado";"08:30:00";"GO";364;"308,2";"MINEIROS";"Falta de atenção";"Saída de Pista";"Com Vítimas Feridas";"Amanhecer";"Decrescente";"Ceu Claro";"Dupla";"Reta";"Urbano";1;0;1;0;0;0;1;1
83434828;"30/01/16";"Sábado";"15:35:00";"PE";232;"62";"POMBOS";"Ingestão de álcool";"Atropelamento de pessoa";"Com Vítimas Feridas";"Pleno dia";"Decrescente";"Sol";"Simples";"Reta";"Rural";2;0;1;1;0;0;2;1
83434829;"31/01/16";"Domingo";"00:50:00";"RS";285;"318,6";"PASSO FUNDO";"Velocidade incompatível";"Saída de Pista";"Com Vítimas Feridas";"Plena noite";"Crescente";"Chuva";"Simples";"Curva";"Rural";3;0;1;0;2;0;1;1
83434831;"30/01/16";"Sábado";"17:30:00";"AC";364;"140";"RIO BRANCO";"Outras";"Colisão lateral";"Com Vítimas Feridas";"Pleno dia";"Decrescente";"Chuva";"Simples";"Reta";"Urbano";6;0;2;3;1;0;5;3
83434832;"31/01/16";"Domingo";"00:10:00";"MG";153;"227";"FRONTEIRA";"Falta de atenção";"Colisão com objeto fixo";"Com Vítimas Feridas";"Plena noite";"Decrescente";"Ceu Claro";"Múltipla";"Reta";"Rural";2;0;1;0;1;0;1;1
83434833;"30/01/16";"Sábado";"12:00:00";"PB";101;"88";"JOAO PESSOA";"Não guardar distância de segurança";"Colisão lateral";"Com Vítimas Feridas";"Pleno dia";"Crescente";"Sol";"Dupla";"Reta";"Urbano";3;0;2;0;0;1;2;3
83434834;"30/01/16";"Sábado";"20:30:00";"BA";116;"340,8";"TEOFILANDIA";"Outras";"Queda de motocicleta / bicicleta / veículo";"Com Vítimas Feridas";"Plena noite";"Crescente";"Ceu Claro";"Simples";"Reta";"Rural";1;0;0;1;0;0;1;1
83434835;"30/01/16";"Sábado";"14:50:00";"ES";101;"268,3";"SERRA";"Não guardar distância de segurança";"Colisão traseira";"Com Vítimas Feridas";"Pleno dia";"Decrescente";"Sol";"Múltipla";"Reta";"Urbano";2;0;0;1;1;0;1;2
83434837;"30/01/16";"Sábado";"21:10:00";"PR";277;"582";"CASCAVEL";"Falta de atenção";"Colisão Transversal";"Com Vítimas Feridas";"Plena noite";"Decrescente";"Chuva";"Simples";"Reta";"Urbano";4;0;2;0;2;0;2;2
83434838;"30/01/16";"Sábado";"23:10:00";"RO";364;"344";"JI-PARANA";"Falta de atenção";"Colisão frontal";"Com Vítimas Feridas";"Plena noite";"Decrescente";"Chuva";"Múltipla";"Reta";"Urbano";3;0;1;0;2;0;1;2
83434839;"30/01/16";"Sábado";"20:30:00";"GO";364;"321,4";"PORTELANDIA";"Ingestão de álcool";"Colisão frontal";"Sem Vítimas";"Plena noite";"Decrescente";"Nublado";"Simples";"Reta";"Rural";2;0;0;0;2;0;0;2
83434840;"30/01/16";"Sábado";"15:00:00";"MG";381;"482,3";"CONTAGEM";"Defeito mecânico em veículo";"Capotamento";"Sem Vítimas";"Pleno dia";"Decrescente";"Ceu Claro";"Dupla";"Reta";"Urbano";1;0;0;0;1;0;0;1
83434841;"22/01/16";"Sexta";"17:50:00";"SC";101;"205";"SAO JOSE";"Falta de atenção";"Colisão traseira";"Com Vítimas Feridas";"Pleno dia";"Crescente";"Sol";"Múltipla";"Reta";"Urbano";3;0;1;0;2;0;1;3
83434842;"30/01/16";"Sábado";"11:10:00";"MG";116;"227,2";"TEOFILO OTONI";"Velocidade incompatível";"Saída de Pista";"Com Vítimas Feridas";"Plena noite";"Crescente";"Ceu Claro";"Simples";"Curva";"Rural";1;0;1;0;0;0;1;1
83434843;"29/01/16";"Sexta";"05:55:00";"PB";101;"69,2";"SANTA RITA";"Dormindo";"Colisão traseira";"Com Vítimas Feridas";"Pleno dia";"Decrescente";"Ceu Claro";"Dupla";"Reta";"Urbano";3;0;1;0;2;0;1;2
83434844;"30/01/16";"Sábado";"12:40:00";"SC";280;"54";"GUARAMIRIM";"Ingestão de álcool";"Colisão Transversal";"Com Vítimas Feridas";"Pleno dia";"Decrescente";"Ceu Claro";"Simples";"Reta";"Urbano";2;0;1;0;1;0;1;2
83434845;"31/01/16";"Domingo";"02:00:00";"ES";393;"12,4";"CACHOEIRO DE ITAPEMIRIM";"Velocidade incompatível";"Queda de motocicleta / bicicleta / veículo";"Com Vítimas Feridas";"Plena noite";"Crescente";"Ceu Claro";"Simples";"Reta";"Rural";1;0;0;1;0;0;1;1