"id";"data_inversa";"dia_semana";"horario";"uf";"br";"km";"municipio";"causa_acidente";"tipo_acidente";"classificacao_acidente";"fase_dia";"sentido_via";"condicao_metereologica";"tipo_pista";"tracado_via";"uso_solo";"pessoas";"mortos";"feridos_leves";"feridos_graves";"ilesos";"ignorados";"feridos";"veiculos"
83434846;"31/01/16";"Domingo";"01:20:00";"MA";316;"613,3";"TIMON";"Ingestão de álcool";"Colisão frontal";"Com Vítimas Feridas";"Plena noite";"Crescente";"Ceu Claro";"Simples";"Curva";"Rural";2;0;0;2;0;0;2;2
83434847;"30/01/16";"Sábado";"13:30:00";"CE";230;"101,6";"FARIAS BRITO";"Falta de atenção";"Colisão Transversal";"Com Vítimas Fatais";"Pleno dia";"Decrescente";"Sol";"Simples";"Reta";"Rural";2;1;0;0;1;0;0;2
83434848;"30/01/16";"Sábado";"21:40:00";"RS";287;"249";"SANTA MARIA";"Falta de atenção";"Colisão Transversal";"Com Vítimas Feridas";"Plena noite";"Crescente";"Chuva";"Simples";"Reta";"Urbano";2;0;1;0;1;0;1;2
83434849;"31/01/16";"Domingo";"02:50:00";"SP";116;"439,8";"REGISTRO";"Dormindo";"Saída de Pista";"Sem Vítimas";"Plena noite";"Decrescente";"Nublado";"Dupla";"Reta";"Urbano";1;0;0;0;1;0;0;1
83434850;"31/01/16";"Domingo";"00:10:00";"BA";116;"778,4";"PLANALTO";"Outras";"Colisão traseira";"Sem Vítimas";"Pleno dia";"Crescente";"Ignorada";"Simples";"Reta";"Urbano";2;0;0;0;2;0;0;2
83434851;"31/01/16";"Domingo";"03:40:00";"PR";277;"683,9";"SAO MIGUEL DO IGUACU";"Outras";"Saída de Pista";"Com Vítimas Feridas";"Plena noite";"Decrescente";"Chuva";"Dupla";"Reta";"Rural";1;0;1;0;0;0;1;1
83434852;"31/01/16";"Domingo";"03:00:00";"SP";153;"52";"SAO JOSE DO RIO PRETO";"Outras";"Tombamento";"Com Vítimas Feridas";"Plena noite";"Crescente";"Ceu Claro";"Dupla";"Curva";"Urbano";1;0;1;0;0;0;1;1
83434853;"31/01/16";"Domingo";"00:40:00";"SC";101;"157,5";"PORTO BELO";"Não guardar distância de segurança";"Colisão traseira";"Com Vítimas Feridas";"Plena noite";"Crescente";"Chuva";"Dupla";"Reta";"Urbano";3;0;1;0;2;0;1;3
83434854;"30/01/16";"Sábado";"21:40:00";"PR";369;"24,5";"CAMBARA";"Animais na Pista";"Capotamento";"Com Vítimas Feridas";"Plena noite";"Decrescente";"Chuva";"Simples";"Reta";"Rural";5;0;4;1;0;0;5;1
83434855;"29/01/16";"Sexta";"05:30:00";"ES";101;"68,5";"SAO MATEUS";"Outras";"Colisão traseira";"Com Vítimas Feridas";"Plena noite";"Crescente";"Ceu Claro";"Simples";"Reta";"Rural";2;0;1;0;1;0;1;2
83434856;"30/01/16";"Sábado";"16:00:00";"RN";101;"83";"SAO GONCALO DO AMARANTE";"Velocidade incompatível";"Atropelamento de pessoa";"Com Vítimas Feridas";"Pleno dia";"Crescente";"Ceu Claro";"Dupla";"Reta";"Urbano";2;0;1;0;1;0;1;1
83434857;"31/01/16";"Domingo";"04:30:00";"SC";470;"47,4";"GASPAR";"Ingestão de álcool";"Colisão traseira";"Com Vítimas Feridas";"Plena noite";"Crescente";"Nublado";"Simples";"Curva";"Urbano";3;0;0;1;2;0;1;2
83434858;"31/01/16";"Domingo";"01:15:00";"MG";381;"617,8";"OLIVEIRA";"Dormindo";"Colisão com objeto fixo";"Sem Vítimas";"Plena noite";"Crescente";"Ceu Claro";"Dupla";"Reta";"Rural";1;0;0;0;1;0;0;1
83434859;"31/01/16";"Domingo";"02:10:00";"RS";116;"358,9";"TAPES";"Outras";"Saída de Pista";"Com Vítimas Feridas";"Plena noite";"Crescente";"Chuva";"Simples";"Curva";"Rural";2;0;0;2;0;0;2;1
83434860;"30/01/16";"Sábado";"10:50:00";"SC";282;"23";"AGUAS MORNAS";"Falta de atenção";"Colisão Transversal";"Sem Vítimas";"Pleno dia";"Crescente";"Ceu Claro";"Simples";"Reta";"Urbano";2;0;0;0;2;0;0;2
83434861;"31/01/16";"Domingo";"04:45:00";"SC";101;"127,4";"ITAJAI";"Defeito mecânico em veículo";"Incêndio";"Sem Vítimas";"Anoitecer";"Crescente";"Nevoeiro/neblina";"Simples";"Reta";"Urbano";1;0;0;0;1;0;0;1
83434862;"30/01/16";"Sábado";"09:40:00";"SP";116;"28";"SILVEIRAS";"Velocidade incompatível";"Saída de Pista";"Com Vítimas Feridas";"Pleno dia";"Crescente";"Ceu Claro";"Dupla";"Curva";"Rural";1;0;1;0;0;0;1;1
83434863;"30/01/16";"Sábado";"16:30:00";"CE";116;"56";"PACAJUS";"Falta de atenção";"Colisão com bicicleta";"Com Vítimas Feridas";"Pleno dia";"Decrescente";"Ceu Claro";"Simples";"Reta";"Rural";2;0;0;1;0;1;1;2
83434864;"30/01/16";"Sábado";"22:00:00";"RJ";116;"180";"NOVA IGUACU";"Outras";"Queda de motocicleta / bicicleta / veículo";"Com Vítimas Feridas";"Plena noite";"Crescente";"Ceu Claro";"Múltipla";"Reta";"Urbano";1;0;1;0;0;0;1;1
83434865;"30/01/16";"Sábado";"18:30:00";"CE";116;"61,7";"CHOROZINHO";"Falta de atenção";"Atropelamento de pessoa";"Com Vítimas Fatais";"Plena noite";"Crescente";"Ceu Claro";"Simples";"Reta";"Rural";2;1;0;0;1;0;0;1
83434866;"30/01/16";"Sábado";"20:20:00";"MS";163;"257";"DOURADOS";"Ingestão de álcool";"Capotamento";"Com Vítimas Feridas";"Plena noite";"Crescente";"Ceu Claro";"Dupla";"Reta";"Urbano";3;0;1;0;2;0;1;2
83434867;"30/01/16";"Sábado";"23:00:00";"SP";116;"109";"TAUBATE";"Outras";"Saída de Pista";"Sem Vítimas";"Plena noite";"Decrescente";"Ceu Claro";"Dupla";"Reta";"Urbano";1;0;0;0;1;0;0;1
83434868;"31/01/16";"Domingo";"01:30:00";"TO";153;"676,6";"CARIRI DO TOCANTINS";"Defeito na via";"Saída de Pista";"Com Vítimas Feridas";"Plena noite";"Decrescente";"Nublado";"Simples";"Reta";"Rural";2;0;2;0;0;0;2;1
83434869;"31/01/16";"Domingo";"06:25:00";"RS";290;"35,7";"SANTO ANTONIO DA PATRULHA";"Falta de atenção";"Capotamento";"Sem Vítimas";"Amanhecer";"Crescente";"Chuva";"Dupla";"Reta";"Rural";2;0;0;0;2;0;0;2
83434870;"30/01/16";"Sábado";"18:00:00";"ES";259;"61,8";"COLATINA";"Desobediência à sinalização";"Colisão Transversal";"Com Vítimas Feridas";"Anoitecer";"Crescente";"Ceu Claro";"Simples";"Cruzamento";"Urbano";2;0;1;0;1;0;1;2
83434871;"23/01/16";"Sábado";"17:00:00";"MG";251;"401";"GRAO MOGOL";"Ingestão de álcool";"Colisão traseira";"Sem Vítimas";"Pleno dia";"Crescente";"Nublado";"Simples";"Reta";"Rural";3;0;0;0;3;0;0;3
83434872;"31/01/16";"Domingo";"02:00:00";"PA";316;"83";"SAO FRANCISCO DO PARA";"Outras";"Colisão frontal";"Com Vítimas Fatais";"Plena noite";"Crescente";"Nublado";"Simples";"Reta";"Rural";2;1;0;0;1;0;0;2
83434873;"30/01/16";"Sábado";"18:35:00";"MG";116;"414";"GOVERNADOR VALADARES";"Desobediência à sinalização";"Colisão com bicicleta";"Com Vítimas Feridas";"Pleno dia";"Crescente";"Ceu Claro";"Simples";"Curva";"Urbano";2;0;0;1;1;0;1;2
83434874;"31/01/16";"Domingo";"06:30:00";"RJ";40;"30";"AREAL";"Dormindo";"Colisão com objeto fixo";"Sem Vítimas";"Amanhecer";"Crescente";"Ceu Claro";"Dupla";"Curva";"Rural";1;0;0;0;1;0;0;1
83434875;"29/01/16";"Sexta";"23:30:00";"PR";476;"116,7";"COLOMBO";"Outras";"Colisão com objeto fixo";"Sem Vítimas";"Plena noite";"Crescente";"Chuva";"Dupla";"Curva";"Urbano";1;0;0;0;1;0;0;1
83434876;"30/01/16";"Sábado";"17:40:00";"RJ";356;"167";"SAO JOAO DA BARRA";"Outras";"Saída de Pista";"Sem Vítimas";"Pleno dia";"Crescente";"Ceu Claro";"Simples";"Reta";"Rural";2;0;0;0;2;0;0;1
83434877;"31/01/16";"Domingo";"03:30:00";"RJ";356;"175";"SAO JOAO DA BARRA";"Falta de atenção";"Capotamento";"Com Vítimas Feridas";"Plena noite";"Decrescente";"Ceu Claro";"Simples";"Reta";"Urbano";1;0;1;0;0;0;1;1
83434878;"27/01/16";"Quarta";"18:30:00";"ES";259;"93,2";"BAIXO GUANDU";"Velocidade incompatível";"Colisão Transversal";"Com Vítimas Fatais";"Anoitecer";"Decrescente";"Chuva";"Simples";"Reta";"Rural";2;1;0;0;1;0;0;2
83434879;"19/01/16";"Terça";"13:10:00";"RJ";101;"204";"CASIMIRO DE ABREU";"Outras";"Colisão com bicicleta";"Com Vítimas Feridas";"Pleno dia";"Crescente";"Ceu Claro";"Simples";"Reta";"Urbano";2;0;0;1;1;0;1;2
83434881;"25/01/16";"Segunda";"10:00:00";"MG";40;"507";"RIBEIRAO DAS NEVES";"Outras";"Atropelamento de pessoa";"Com Vítimas Feridas";"Pleno dia";"Crescente";"Ceu Claro";"Dupla";"Reta";"Urbano";2;0;0;1;1;0;1;1
83434882;"31/01/16";"Domingo";"07:15:00";"RJ";101;"299";"ITABORAI";"Falta de atenção";"Colisão traseira";"Sem Vítimas";"Amanhecer";"Decrescente";"Sol";"Dupla";"Reta";"Urbano";2;0;0;0;2;0;0;2
83434883;"31/01/16";"Domingo";"00:40:00";"SP";116;"351";"MIRACATU";"Defeito mecânico em veículo";"Saída de Pista";"Sem Vítimas";"Plena noite";"Crescente";"Ceu Claro";"Simples";"Curva";"Rural";2;0;0;0;1;1;0;2
83434884;"31/01/16";"Domingo";"06:00:00";"PI";316;"6";"TERESINA";"Outras";"Colisão frontal";"Sem Vítimas";"Amanhecer";"Crescente";"Ceu Claro";"Simples";"Reta";"Urbano";2;0;0;0;1;1;0;2
83434885;"28/01/16";"Quinta";"15:10:00";"PR";158;"492,7";"CORONEL VIVIDA";"Outras";"Colisão Transversal";"Com Vítimas Feridas";"Pleno dia";"Decrescente";"Nublado";"Simples";"Curva";"Rural";2;0;1;0;1;0;1;2
83434886;"31/01/16";"Domingo";"06:15:00";"RS";290;"723,5";"URUGUAIANA";"Falta de atenção";"Saída de Pista";"Sem Vítimas";"Plena noite";"Crescente";"Nublado";"Simples";"Curva";"Urbano";1;0;0;0;1;0;0;1
83434887;"30/01/16";"Sábado";"19:15:00";"RJ";116;"108";"GUAPIMIRIM";"Outras";"Colisão com bicicleta";"Com Vítimas Fatais";"Anoitecer";"Decrescente";"Ceu Claro";"Dupla";"Reta";"Urbano";2;1;0;0;1;0;0;2
83434888;"31/01/16";"Domingo";"07:50:00";"MG";381;"667,7";"PERDOES";"Defeito mecânico em veículo";"Colisão com objeto fixo";"Sem Vítimas";"Pleno dia";"Decrescente";"Ceu Claro";"Dupla";"Reta";"Rural";1;0;0;0;1;0;0;1
83434889;"30/01/16";"Sábado";"21:30:00";"RR";174;"518";"BOA VISTA";"Animais na Pista";"Atropelamento de animal";"Sem Vítimas";"Plena noite";"Decrescente";"Ceu Claro";"Simples";"Reta";"Rural";1;0;0;0;1;0;0;1
83434890;"30/01/16";"Sábado";"02:00:00";"MT";163;"107";"RONDONOPOLIS";"Outras";"Colisão traseira";"Com Vítimas Feridas";"Plena noite";"Crescente";"Chuva";"Dupla";"Reta";"Rural";25;0;1;0;23;1;1;2
83434891;"27/01/16";"Quarta";"18:10:00";"MG";40;"462,7";"SETE LAGOAS";"Velocidade incompatível";"Capotamento";"Com Vítimas Feridas";"Pleno dia";"Crescente";"Chuva";"Dupla";"Reta";"Rural";4;0;4;0;0;0;4;1
83434892;"24/01/16";"Domingo";"01:30:00";"SC";280;"231,5";"CANOINHAS";"Desobediência à sinalização";"Colisão Transversal";"Sem Vítimas";"Plena noite";"Decrescente";"Ceu Claro";"Simples";"Cruzamento";"Urbano";2;0;0;0;2;0;0;2
83434893;"28/01/16";"Quinta";"05:00:00";"RS";116;"237";"NOVO HAMBURGO";"Outras";"Colisão com objeto fixo";"Sem Vítimas";"Amanhecer";"Crescente";"Nublado";"Dupla";"Reta";"Urbano";1;0;0;0;1;0;0;1
83434894;"27/01/16";"Quarta";"16:00:00";"SP";381;"89";"GUARULHOS";"Falta de atenção";"Colisão traseira";"Com Vítimas Feridas";"Pleno dia";"Decrescente";"Chuva";"Múltipla";"Reta";"Urbano";2;0;1;0;1;0;1;2
83434895;"28/01/16";"Quinta";"02:10:00";"SP";116;"356";"MIRACATU";"Falta de atenção";"Colisão traseira";"Sem Vítimas";"Plena noite";"Crescente";"Ceu Claro";"Simples";"Curva";"Rural";5;0;0;0;5;0;0;2
83434896;"31/01/16";"Domingo";"07:25:00";"BA";242;"199";"ITABERABA";"Outras";"Danos Eventuais";"Sem Vítimas";"Pleno dia";"Decrescente";"Nublado";"Simples";"Reta";"Rural";1;0;0;0;1;0;0;1
83434897;"31/01/16";"Domingo";"06:10:00";"PB";230;"140,2";"CAMPINA GRANDE";"Dormindo";"Capotamento";"Sem Vítimas";"Amanhecer";"Crescente";"Nublado";"Dupla";"Reta";"Rural";1;0;0;0;1;0;0;1
83434898;"31/01/16";"Domingo";"07:45:00";"RS";285;"420,9";"PANAMBI";"Defeito mecânico em veículo";"Saída de Pista";"Sem Vítimas";"Pleno dia";"Decrescente";"Chuva";"Simples";"Reta";"Rural";1;0;0;0;1;0;0;1
83434899;"31/01/16";"Domingo";"08:15:00";"RS";290;"5";"OSORIO";"Velocidade incompatível";"Saída de Pista";"Sem Vítimas";"Pleno dia";"Decrescente";"Chuva";"Múltipla";"Reta";"Rural";1;0;0;0;1;0;0;1
83434901;"27/01/16";"Quarta";"22:50:00";"SP";116;"146";"SAO JOSE DOS CAMPOS";"Não guardar distância de segurança";"Colisão traseira";"Sem Vítimas";"Plena noite";"Crescente";"Chuva";"Dupla";"Reta";"Urbano";6;0;0;0;5;1;0;6
83434902;"30/01/16";"Sábado";"22:40:00";"BA";101;"263";"SANTO ANTONIO DE JESUS";"Desobediência à sinalização";"Colisão frontal";"Com Vítimas Fatais";"Plena noite";"Crescente";"Ceu Claro";"Simples";"Reta";"Urbano";4;1;1;2;0;0;3;2
83434903;"31/01/16";"Domingo";"07:20:00";"TO";153;"139,1";"ARAGUAINA";"Ingestão de álcool";"Queda de motocicleta / bicicleta / veículo";"Com Vítimas Feridas";"Pleno dia";"Crescente";"Ceu Claro";"Dupla";"Reta";"Urbano";1;0;0;1;0;0;1;1
83434904;"31/01/16";"Domingo";"05:49:00";"AP";210;"2";"MACAPA";"Dormindo";"Capotamento";"Sem Vítimas";"Amanhecer";"Crescente";"Nublado";"Dupla";"Reta";"Urbano";2;0;0;0;2;0;0;1
83434905;"27/01/16";"Quarta";"19:20:00";"MG";251;"513";"MONTES CLAROS";"Ingestão de álcool";"Queda de motocicleta / bicicleta / veículo";"Com Vítimas Feridas";"Plena noite";"Decrescente";"Nublado";"Simples";"Reta";"Rural";1;0;0;1;0;0;1;1
83434906;"30/01/16";"Sábado";"03:45:00";"PI";343;"4,9";"TERESINA";"Falta de atenção";"Colisão lateral";"Sem Vítimas";"Plena noite";"Crescente";"Ceu Claro";"Múltipla";"Reta";"Urbano";2;0;0;0;2;0;0;2
83434907;"29/01/16";"Sexta";"05:45:00";"MG";381;"643,6";"SANTO ANTONIO DO AMPARO";"Defeito mecânico em veículo";"Incêndio";"Sem Vítimas";"Plena noite";"Decrescente";"Chuva";"Dupla";"Reta";"Rural";1;0;0;0;1;0;0;1
83434908;"30/01/16";"Sábado";"22:30:00";"MT";163;"810";"SINOP";"Ingestão de álcool";"Colisão lateral";"Sem Vítimas";"Plena noite";"Crescente";"Nublado";"Simples";"Reta";"Rural";4;0;0;0;4;0;0;2
83434909;"28/01/16";"Quinta";"07:00:00";"TO";153;"287";"BRASILANDIA DO TOCANTINS";"Velocidade incompatível";"Saída de Pista";"Sem Vítimas";"Amanhecer";"Decrescente";"Chuva";"Simples";"Reta";"Rural";1;0;0;0;1;0;0;1
83434910;"29/01/16";"Sexta";"12:10:00";"MG";50;"39";"ARAGUARI";"Velocidade incompatível";"Capotamento";"Com Vítimas Feridas";"Pleno dia";"Crescente";"Nublado";"Dupla";"Reta";"Urbano";4;0;3;0;1;0;3;1
83434911;"27/01/16";"Quarta";"16:10:00";"SP";116;"218";"GUARULHOS";"Não guardar distância de segurança";"Colisão traseira";"Sem Vítimas";"Pleno dia";"Decrescente";"Chuva";"Múltipla";"Reta";"Urbano";2;0;0;0;2;0;0;2
83434912;"29/01/16";"Sexta";"22:20:00";"PR";163;"287";"MARECHAL CANDIDO RONDON";"Ingestão de álcool";"Colisão com bicicleta";"Com Vítimas Feridas";"Plena noite";"Decrescente";"Ceu Claro";"Simples";"Reta";"Urbano";2;0;0;1;1;0;1;2
83434913;"27/01/16";"Quarta";"19:15:00";"PA";316;"35";"SANTA ISABEL DO PARA";"Falta de atenção";"Colisão Transversal";"Com Vítimas Feridas";"Plena noite";"Crescente";"Nublado";"Dupla";"Reta";"Urbano";4;0;1;2;1;0;3;2
83434914;"31/01/16";"Domingo";"06:00:00";"MG";40;"598,8";"OURO PRETO";"Falta de atenção";"Saída de Pista";"Sem Vítimas";"Amanhecer";"Crescente";"Ceu Claro";"Simples";"Curva";"Rural";1;0;0;0;1;0;0;1
83434915;"31/01/16";"Domingo";"09:05:00";"DF";20;"50";"BRASILIA";"Falta de atenção";"Saída de Pista";"Sem Vítimas";"Pleno dia";"Crescente";"Ceu Claro";"Dupla";"Reta";"Rural";1;0;0;0;1;0;0;1
83434916;"31/01/16";"Domingo";"08:00:00";"PR";277;"687,5";"SAO MIGUEL DO IGUACU";"Ingestão de álcool";"Colisão lateral";"Sem Vítimas";"Pleno dia";"Decrescente";"Nublado";"Dupla";"Reta";"Urbano";2;0;0;0;2;0;0;2
83434918;"31/01/16";"Domingo";"06:30:00";"PB";230;"36,6";"SANTA RITA";"Velocidade incompatível";"Queda de motocicleta / bicicleta / veículo";"Com Vítimas Feridas";"Pleno dia";"Decrescente";"Nublado";"Dupla";"Reta";"Urbano";2;0;1;0;1;0;1;2
83434919;"31/01/16";"Domingo";"08:10:00";"RO";364;"433";"JARU";"Defeito na via";"Queda de motocicleta / bicicleta / veículo";"Com Vítimas Feridas";"Pleno dia";"Crescente";"Nublado";"Simples";"Reta";"Rural";2;0;1;0;1;0;1;1
83434920;"31/01/16";"Domingo";"07:50:00";"RO";364;"424";"JARU";"Falta de atenção";"Colisão com objeto fixo";"Ignorado";"Pleno dia";"Decrescente";"Nublado";"Simples";"Reta";"Urbano";1;0;0;0;0;1;0;1
83434921;"27/01/16";"Quarta";"22:10:00";"RJ";116;"54";"TERESOPOLIS";"Outras";"Colisão com objeto fixo";"Com Vítimas Feridas";"Plena noite";"Decrescente";"Ceu Claro";"Simples";"Reta";"Rural";2;0;0;1;1;0;1;1
83434922;"31/01/16";"Domingo";"05:00:00";"GO";153;"98";"VILA PROPICIO";"Animais na Pista";"Atropelamento de animal";"Sem Vítimas";"Amanhecer";"Crescente";"Ignorada";"Simples";"Reta";"Rural";1;0;0;0;1;0;0;1
83434923;"31/01/16";"Domingo";"06:30:00";"MT";364;"442,5";"VARZEA GRANDE";"Falta de atenção";"Colisão frontal";"Com Vítimas Fatais";"Amanhecer";"Decrescente";"Chuva";"Simples";"Reta";"Urbano";2;1;0;0;1;0;0;2
83434924;"27/01/16";"Quarta";"00:20:00";"SC";280;"126,2";"RIO NEGRINHO";"Ingestão de álcool";"Colisão traseira";"Sem Vítimas";"Plena noite";"Crescente";"Ceu Claro";"Simples";"Reta";"Urbano";2;0;0;0;2;0;0;2
83434925;"31/01/16";"Domingo";"09:00:00";"BA";116;"675,7";"JEQUIE";"Falta de atenção";"Colisão com bicicleta";"Com Vítimas Feridas";"Pleno dia";"Decrescente";"Sol";"Simples";"Reta";"Rural";2;0;1;1;0;0;2;2
83434926;"31/01/16";"Domingo";"03:15:00";"BA";367;"34,8";"PORTO SEGURO";"Animais na Pista";"Atropelamento de animal";"Com Vítimas Feridas";"Plena noite";"Decrescente";"Ceu Claro";"Simples";"Reta";"Rural";1;0;0;1;0;0;1;1
83434927;"27/01/16";"Quarta";"23:00:00";"MT";70;"508,3";"CUIABA";"Falta de atenção";"Colisão traseira";"Com Vítimas Feridas";"Plena noite";"Crescente";"Nublado";"Simples";"Reta";"Urbano";3;0;0;1;2;0;1;3
83434928;"30/01/16";"Sábado";"16:00:00";"PE";101;"132,9";"ESCADA";"Falta de atenção";"Colisão com objeto fixo";"Com Vítimas Feridas";"Pleno dia";"Crescente";"Ceu Claro";"Múltipla";"Reta";"Urbano";1;0;0;1;0;0;1;1
83434929;"31/01/16";"Domingo";"04:30:00";"PR";277;"95,3";"CURITIBA";"Ingestão de álcool";"Colisão com objeto fixo";"Com Vítimas Feridas";"Plena noite";"Decrescente";"Ceu Claro";"Dupla";"Reta";"Urbano";1;0;1;0;0;0;1;1
83434930;"31/01/16";"Domingo";"09:30:00";"RJ";116;"220";"PIRAI";"Outras";"Saída de Pista";"Sem Vítimas";"Pleno dia";"Crescente";"Ceu Claro";"Dupla";"Curva";"Rural";1;0;0;0;1;0;0;1
83434931;"31/01/16";"Domingo";"10:00:00";"MG";40;"485";"SETE LAGOAS";"Velocidade incompatível";"Capotamento";"Com Vítimas Feridas";"Pleno dia";"Crescente";"Ceu Claro";"Dupla";"Reta";"Rural";2;0;1;0;1;0;1;2
83434933;"31/01/16";"Domingo";"08:20:00";"MG";459;"61,7";"IPUIUNA";"Não guardar distância de segurança";"Colisão traseira";"Com Vítimas Feridas";"Pleno dia";"Crescente";"Ceu Claro";"Simples";"Reta";"Rural";2;0;1;0;1;0;1;2
83434934;"31/01/16";"Domingo";"06:45:00";"RS";116;"247,9";"SAO LEOPOLDO";"Velocidade incompatível";"Colisão com objeto fixo";"Com Vítimas Feridas";"Amanhecer";"Crescente";"Chuva";"Múltipla";"Reta";"Urbano";3;0;2;0;1;0;2;1
83434935;"31/01/16";"Domingo";"11:20:00";"RJ";40;"87";"PETROPOLIS";"Outras";"Colisão traseira";"Sem Vítimas";"Pleno dia";"Decrescente";"Ceu Claro";"Simples";"Reta";"Rural";3;0;0;0;3;0;0;2
83434936;"31/01/16";"Domingo";"06:00:00";"PB";230;"36,8";"SANTA RITA";"Falta de atenção";"Atropelamento de pessoa";"Com Vítimas Feridas";"Pleno dia";"Decrescente";"Sol";"Dupla";"Reta";"Urbano";2;0;0;1;0;1;1;1
83434937;"25/01/16";"Segunda";"17:20:00";"MG";381;"502";"BETIM";"Não guardar distância de segurança";"Queda de motocicleta / bicicleta / veículo";"Com Vítimas Feridas";"Pleno dia";"Crescente";"Nublado";"Dupla";"Reta";"Urbano";1;0;1;0;0;0;1;1
83434939;"31/01/16";"Domingo";"07:30:00";"BA";116;"451";"ANTONIO CARDOSO";"Não guardar distância de segurança";"Colisão traseira";"Sem Vítimas";"Pleno dia";"Crescente";"Sol";"Simples";"Reta";"Rural";3;0;0;0;3;0;0;3
83434940;"30/01/16";"Sábado";"23:00:00";"RR";174;"506";"BOA VISTA";"Ingestão de álcool";"Colisão lateral";"Sem Vítimas";"Plena noite";"Decrescente";"Ceu Claro";"Dupla";"Reta";"Urbano";5;0;0;0;5;0;0;2
83434941;"28/01/16";"Quinta";"22:30:00";"MG";381;"718,2";"CARMO DA CACHOEIRA";"Dormindo";"Tombamento";"Sem Vítimas";"Plena noite";"Crescente";"Nublado";"Dupla";"Reta";"Rural";1;0;0;0;1;0;0;1
83434942;"31/01/16";"Domingo";"09:00:00";"MT";70;"577";"POCONE";"Velocidade incompatível";"Saída de Pista";"Sem Vítimas";"Pleno dia";"Crescente";"Chuva";"Simples";"Curva";"Rural";4;0;0;0;4;0;0;1
83434943;"31/01/16";"Domingo";"07:15:00";"MG";365;"36";"MONTES CLAROS";"Dormindo";"Colisão frontal";"Com Vítimas Feridas";"Pleno dia";"Decrescente";"Ceu Claro";"Simples";"Curva";"Rural";4;0;1;2;1;0;3;3
83434944;"31/01/16";"Domingo";"12:25:00";"RS";290;"577";"ALEGRETE";"Falta de atenção";"Colisão traseira";"Sem Vítimas";"Pleno dia";"Decrescente";"Ceu Claro";"Simples";"Cruzamento";"Urbano";2;0;0;0;2;0;0;2
83434945;"31/01/16";"Domingo";"09:10:00";"PB";230;"134";"CAMPINA GRANDE";"Falta de atenção";"Saída de Pista";"Com Vítimas Feridas";"Pleno dia";"Decrescente";"Nublado";"Dupla";"Curva";"Rural";2;0;1;1;0;0;2;1
83434946;"31/01/16";"Domingo";"09:00:00";"CE";222;"3,8";"FORTALEZA";"Defeito na via";"Queda de motocicleta / bicicleta / veículo";"Com Vítimas Feridas";"Pleno dia";"Crescente";"Nublado";"Múltipla";"Reta";"Urbano";2;0;0;2;0;0;2;1
83434947;"28/01/16";"Quinta";"08:00:00";"SP";116;"22";"LAVRINHAS";"Defeito mecânico em veículo";"Tombamento";"Sem Vítimas";"Pleno dia";"Decrescente";"Ceu Claro";"Dupla";"Curva";"Rural";2;0;0;0;2;0;0;1
83434948;"27/01/16";"Quarta";"20:30:00";"MG";40;"91,5";"CONGONHAS";"Falta de atenção";"Colisão traseira";"Sem Vítimas";"Plena noite";"Crescente";"Ceu Claro";"Simples";"Reta";"Rural";2;0;0;0;2;0;0;2
83434949;"27/01/16";"Quarta";"11:15:00";"PR";116;"51";"CAMPINA GRANDE DO SUL";"Outras";"Capotamento";"Com Vítimas Feridas";"Pleno dia";"Decrescente";"Chuva";"Dupla";"Curva";"Rural";4;0;2;0;2;0;2;1
83434951;"31/01/16";"Domingo";"06:45:00";"SP";153;"76,4";"BADY BASSITT";"Falta de atenção";"Saída de Pista";"Sem Vítimas";"Pleno dia";"Crescente";"Sol";"Simples";"Reta";"Rural";1;0;0;0;1;0;0;1
83434952;"27/01/16";"Quarta";"14:30:00";"GO";40;"8,8";"LUZIANIA";"Desobediência à sinalização";"Colisão Transversal";"Com Vítimas Feridas";"Pleno dia";"Crescente";"Ceu Claro";"Dupla";"Reta";"Urbano";2;0;0;1;1;0;1;2
83434953;"28/01/16";"Quinta";"10:45:00";"MG";146;"469,9";"CABO VERDE";"Defeito mecânico em veículo";"Queda de motocicleta / bicicleta / veículo";"Com Vítimas Feridas";"Pleno dia";"Crescente";"Nublado";"Simples";"Curva";"Urbano";2;0;2;0;0;0;2;1
83434954;"31/01/16";"Domingo";"09:55:00";"BA";324;"621";"SALVADOR";"Velocidade incompatível";"Saída de Pista";"Sem Vítimas";"Pleno dia";"Decrescente";"Chuva";"Dupla";"Curva";"Urbano";7;0;0;0;3;4;0;5
83434955;"31/01/16";"Domingo";"11:45:00";"RJ";116;"281,7";"BARRA MANSA";"Defeito mecânico em veículo";"Queda de motocicleta / bicicleta / veículo";"Com Vítimas Feridas";"Pleno dia";"Crescente";"Sol";"Dupla";"Reta";"Urbano";2;0;2;0;0;0;2;1
83434956;"31/01/16";"Domingo";"06:30:00";"MG";251;"385";"GRAO MOGOL";"Falta de atenção";"Colisão traseira";"Sem Vítimas";"Pleno dia";"Crescente";"Nublado";"Simples";"Reta";"Rural";2;0;0;0;2;0;0;2
83434957;"28/01/16";"Quinta";"07:00:00";"SP";116;"229";"SAO PAULO";"Falta de atenção";"Tombamento";"Sem Vítimas";"Pleno dia";"Decrescente";"Nublado";"Múltipla";"Reta";"Urbano";2;0;0;0;1;1;0;2
83434958;"31/01/16";"Domingo";"08:10:00";"ES";101;"255,5";"SERRA";"Não guardar distância de segurança";"Colisão traseira";"Com Vítimas Feridas";"Pleno dia";"Crescente";"Sol";"Simples";"Reta";"Rural";4;0;1;0;3;0;1;3