"id";"data_inversa";"dia_semana";"horario";"uf";"br";"km";"municipio";"causa_acidente";"tipo_acidente";"classificacao_acidente";"fase_dia";"sentido_via";"condicao_metereologica";"tipo_pista";"tracado_via";"uso_solo";"pessoas";"mortos";"feridos_leves";"feridos_graves";"ilesos";"ignorados";"feridos";"veiculos"
83434959;"31/01/16";"Domingo";"10:35:00";"PR";476;"109";"COLOMBO";"Outras";"Saída de Pista";"Sem Vítimas";"Pleno dia";"Decrescente";"Ceu Claro";"Dupla";"Curva";"Rural";1;0;0;0;1;0;0;1
83434960;"31/01/16";"Domingo";"09:10:00";"PR";376;"671";"GUARATUBA";"Falta de atenção";"Tombamento";"Sem Vítimas";"Pleno dia";"Crescente";"Nublado";"Dupla";"Reta";"Rural";1;0;0;0;1;0;0;1
83434961;"31/01/16";"Domingo";"12:00:00";"MG";381;"900,6";"CAMBUI";"Falta de atenção";"Colisão lateral";"Sem Vítimas";"Pleno dia";"Decrescente";"Ceu Claro";"Dupla";"Reta";"Rural";2;0;0;0;2;0;0;2
83434962;"31/01/16";"Domingo";"09:00:00";"MG";381;"845,1";"SAO SEBASTIAO DA BELA VISTA";"Velocidade incompatível";"Capotamento";"Com Vítimas Feridas";"Pleno dia";"Crescente";"Sol";"Dupla";"Curva";"Rural";5;0;1;0;4;0;1;1
83434963;"31/01/16";"Domingo";"12:30:00";"PI";316;"6,4";"TERESINA";"Falta de atenção";"Colisão Transversal";"Sem Vítimas";"Pleno dia";"Decrescente";"Ceu Claro";"Simples";"Reta";"Urbano";2;0;0;0;2;0;0;2
83434964;"31/01/16";"Domingo";"14:15:00";"SP";116;"521,5";"CAJATI";"Defeito mecânico em veículo";"Incêndio";"Sem Vítimas";"Pleno dia";"Crescente";"Ceu Claro";"Simples";"Curva";"Rural";1;0;0;0;1;0;0;1
83434965;"31/01/16";"Domingo";"15:12:00";"GO";153;"53,2";"PORANGATU";"Defeito na via";"Queda de motocicleta / bicicleta / veículo";"Com Vítimas Feridas";"Pleno dia";"Crescente";"Ceu Claro";"Simples";"Reta";"Rural";2;0;2;0;0;0;2;1
83434966;"31/01/16";"Domingo";"13:35:00";"CE";222;"7,9";"CAUCAIA";"Falta de atenção";"Colisão lateral";"Com Vítimas Feridas";"Pleno dia";"Decrescente";"Sol";"Dupla";"Reta";"Urbano";2;0;0;1;0;1;1;2
83434967;"31/01/16";"Domingo";"12:30:00";"MG";354;"745,5";"POUSO ALTO";"Desobediência à sinalização";"Colisão Transversal";"Com Vítimas Feridas";"Pleno dia";"Decrescente";"Ceu Claro";"Simples";"Cruzamento";"Urbano";2;0;0;1;1;0;1;2
83434968;"31/01/16";"Domingo";"14:00:00";"BA";101;"879";"TEIXEIRA DE FREITAS";"Outras";"Colisão com bicicleta";"Com Vítimas Feridas";"Pleno dia";"Crescente";"Ceu Claro";"Simples";"Reta";"Urbano";2;0;1;0;1;0;1;2
83434969;"31/01/16";"Domingo";"10:35:00";"MS";60;"344,1";"CAMPO GRANDE";"Outras";"Capotamento";"Com Vítimas Feridas";"Pleno dia";"Decrescente";"Chuva";"Dupla";"Reta";"Urbano";1;0;1;0;0;0;1;1
83434970;"31/01/16";"Domingo";"14:40:00";"SP";116;"502";"CAJATI";"Velocidade incompatível";"Colisão com objeto fixo";"Sem Vítimas";"Pleno dia";"Decrescente";"Sol";"Simples";"Curva";"Urbano";1;0;0;0;1;0;0;1
83434971;"31/01/16";"Domingo";"11:40:00";"BA";101;"900";"CARAVELAS";"Falta de atenção";"Colisão traseira";"Sem Vítimas";"Pleno dia";"Decrescente";"Ceu Claro";"Simples";"Reta";"Rural";2;0;0;0;2;0;0;2
83434972;"31/01/16";"Domingo";"10:00:00";"PB";361;"5,2";"PATOS";"Falta de atenção";"Colisão Transversal";"Com Vítimas Feridas";"Pleno dia";"Decrescente";"Ceu Claro";"Simples";"Reta";"Urbano";2;0;0;1;1;0;1;2
83434973;"31/01/16";"Domingo";"14:20:00";"PR";476;"127";"CURITIBA";"Ingestão de álcool";"Colisão lateral";"Sem Vítimas";"Pleno dia";"Crescente";"Ceu Claro";"Dupla";"Reta";"Urbano";3;0;0;0;2;1;0;3
83434974;"31/01/16";"Domingo";"11:35:00";"PR";373;"423,3";"CHOPINZINHO";"Velocidade incompatível";"Saída de Pista";"Com Vítimas Feridas";"Pleno dia";"Decrescente";"Nublado";"Simples";"Curva";"Rural";3;0;2;0;1;0;2;1
83434976;"31/01/16";"Domingo";"07:15:00";"SC";282;"450,7";"PONTE SERRADA";"Defeito na via";"Saída de Pista";"Com Vítimas Feridas";"Amanhecer";"Decrescente";"Chuva";"Simples";"Curva";"Rural";1;0;1;0;0;0;1;1
83434977;"28/01/16";"Quinta";"05:00:00";"RJ";116;"234";"PIRAI";"Outras";"Colisão traseira";"Com Vítimas Fatais";"Anoitecer";"Decrescente";"Chuva";"Dupla";"Reta";"Rural";4;2;0;0;2;0;0;2
83434978;"27/01/16";"Quarta";"16:50:00";"PR";376;"317";"ORTIGUEIRA";"Velocidade incompatível";"Tombamento";"Com Vítimas Feridas";"Pleno dia";"Decrescente";"Ceu Claro";"Simples";"Curva";"Rural";1;0;1;0;0;0;1;1
83434980;"31/01/16";"Domingo";"09:10:00";"SC";153;"114";"CONCORDIA";"Velocidade incompatível";"Colisão frontal";"Com Vítimas Feridas";"Pleno dia";"Decrescente";"Chuva";"Simples";"Curva";"Rural";5;0;1;3;1;0;4;2
83434981;"26/01/16";"Terça";"11:50:00";"PA";316;"19";"BENEVIDES";"Velocidade incompatível";"Colisão traseira";"Com Vítimas Feridas";"Pleno dia";"Decrescente";"Nublado";"Dupla";"Reta";"Rural";3;0;2;0;1;0;2;2
83434982;"31/01/16";"Domingo";"15:20:00";"SP";116;"408";"JUQUIA";"Defeito mecânico em veículo";"Colisão com objeto fixo";"Sem Vítimas";"Pleno dia";"Decrescente";"Ceu Claro";"Dupla";"Reta";"Rural";1;0;0;0;1;0;0;1
83434983;"31/01/16";"Domingo";"14:00:00";"PE";232;"120,8";"CARUARU";"Outras";"Colisão com objeto fixo";"Com Vítimas Feridas";"Pleno dia";"Crescente";"Chuva";"Dupla";"Reta";"Rural";2;0;1;1;0;0;2;1
83434984;"31/01/16";"Domingo";"15:48:00";"PR";277;"681,1";"SAO MIGUEL DO IGUACU";"Velocidade incompatível";"Saída de Pista";"Sem Vítimas";"Pleno dia";"Decrescente";"Chuva";"Simples";"Reta";"Rural";2;0;0;0;2;0;0;1
83434985;"31/01/16";"Domingo";"15:00:00";"PE";232;"159";"TACAIMBO";"Outras";"Capotamento";"Com Vítimas Feridas";"Pleno dia";"Crescente";"Chuva";"Simples";"Reta";"Rural";1;0;1;0;0;0;1;1
83434986;"31/01/16";"Domingo";"16:20:00";"RS";386;"273,1";"FONTOURA XAVIER";"Não guardar distância de segurança";"Colisão traseira";"Sem Vítimas";"Pleno dia";"Decrescente";"Chuva";"Simples";"Curva";"Rural";10;0;0;0;10;0;0;10
83434987;"30/01/16";"Sábado";"08:15:00";"SP";116;"334,6";"JUQUITIBA";"Outras";"Capotamento";"Com Vítimas Feridas";"Pleno dia";"Decrescente";"Nublado";"Dupla";"Curva";"Rural";2;0;2;0;0;0;2;1
83434988;"31/01/16";"Domingo";"15:00:00";"SC";101;"146";"ITAPEMA";"Outras";"Colisão lateral";"Com Vítimas Feridas";"Pleno dia";"Crescente";"Ceu Claro";"Múltipla";"Curva";"Urbano";2;0;0;1;1;0;1;2
83434989;"31/01/16";"Domingo";"15:30:00";"RS";101;"41";"TERRA DE AREIA";"Outras";"Saída de Pista";"Sem Vítimas";"Pleno dia";"Decrescente";"Chuva";"Dupla";"Reta";"Rural";1;0;0;0;1;0;0;1
83434990;"31/01/16";"Domingo";"17:10:00";"PR";277;"701";"SAO MIGUEL DO IGUACU";"Velocidade incompatível";"Saída de Pista";"Com Vítimas Feridas";"Pleno dia";"Decrescente";"Chuva";"Dupla";"Reta";"Rural";2;0;1;0;1;0;1;1
83434991;"31/01/16";"Domingo";"16:55:00";"RS";116;"172";"CAXIAS DO SUL";"Falta de atenção";"Colisão traseira";"Sem Vítimas";"Pleno dia";"Decrescente";"Chuva";"Simples";"Cruzamento";"Urbano";2;0;0;0;2;0;0;2
83434992;"31/01/16";"Domingo";"11:00:00";"BA";116;"22,5";"VITORIA DA CONQUISTA";"Outras";"Saída de Pista";"Com Vítimas Fatais";"Pleno dia";"Decrescente";"Ceu Claro";"Simples";"Curva";"Rural";6;4;1;0;1;0;1;2
83434993;"31/01/16";"Domingo";"17:45:00";"RS";386;"352";"ESTRELA";"Desobediência à sinalização";"Colisão Transversal";"Sem Vítimas";"Pleno dia";"Crescente";"Nublado";"Simples";"Curva";"Urbano";2;0;0;0;2;0;0;2
83434994;"31/01/16";"Domingo";"13:45:00";"SC";101;"337,5";"TUBARAO";"Falta de atenção";"Colisão traseira";"Sem Vítimas";"Pleno dia";"Decrescente";"Chuva";"Dupla";"Reta";"Rural";2;0;0;0;1;1;0;2
83434995;"31/01/16";"Domingo";"12:10:00";"BA";324;"516,9";"FEIRA DE SANTANA";"Falta de atenção";"Colisão Transversal";"Com Vítimas Feridas";"Pleno dia";"Decrescente";"Sol";"Simples";"Reta";"Urbano";3;0;1;1;1;0;2;2
83434996;"31/01/16";"Domingo";"17:55:00";"RJ";101;"319";"NITEROI";"Outras";"Colisão lateral";"Sem Vítimas";"Pleno dia";"Decrescente";"Sol";"Dupla";"Reta";"Urbano";2;0;0;0;1;1;0;2
83434997;"31/01/16";"Domingo";"15:00:00";"RS";116;"51";"VACARIA";"Velocidade incompatível";"Saída de Pista";"Sem Vítimas";"Pleno dia";"Crescente";"Chuva";"Simples";"Curva";"Rural";3;0;0;0;3;0;0;1
83434998;"31/01/16";"Domingo";"15:40:00";"SC";470;"28,8";"GASPAR";"Não guardar distância de segurança";"Colisão traseira";"Sem Vítimas";"Pleno dia";"Crescente";"Nublado";"Simples";"Reta";"Rural";5;0;0;0;4;1;0;5
83434999;"31/01/16";"Domingo";"17:30:00";"PR";277;"578";"CASCAVEL";"Falta de atenção";"Colisão traseira";"Sem Vítimas";"Pleno dia";"Crescente";"Nublado";"Simples";"Reta";"Rural";4;0;0;0;4;0;0;4
83435000;"31/01/16";"Domingo";"16:40:00";"SC";470;"56,5";"BLUMENAU";"Falta de atenção";"Colisão Transversal";"Sem Vítimas";"Pleno dia";"Crescente";"Nublado";"Simples";"Cruzamento";"Urbano";2;0;0;0;2;0;0;2
83435001;"31/01/16";"Domingo";"18:00:00";"ES";101;"250,7";"SERRA";"Defeito mecânico em veículo";"Saída de Pista";"Com Vítimas Feridas";"Anoitecer";"Crescente";"Ceu Claro";"Simples";"Reta";"Urbano";2;0;1;1;0;0;2;1
83435002;"31/01/16";"Domingo";"13:17:00";"ES";101;"459,6";"MIMOSO DO SUL";"Velocidade incompatível";"Tombamento";"Com Vítimas Feridas";"Pleno dia";"Crescente";"Ceu Claro";"Simples";"Curva";"Rural";5;0;3;1;1;0;4;2
83435003;"31/01/16";"Domingo";"17:15:00";"ES";101;"190,5";"ARACRUZ";"Falta de atenção";"Colisão traseira";"Com Vítimas Feridas";"Pleno dia";"Decrescente";"Sol";"Simples";"Cruzamento";"Rural";2;0;2;0;0;0;2;2
83435005;"27/01/16";"Quarta";"13:40:00";"DF";80;"20";"BRASILIA";"Falta de atenção";"Colisão lateral";"Com Vítimas Feridas";"Pleno dia";"Decrescente";"Nublado";"Simples";"Reta";"Rural";3;0;2;0;1;0;2;2
83435006;"31/01/16";"Domingo";"14:00:00";"MG";40;"608";"CONGONHAS";"Desobediência à sinalização";"Colisão Transversal";"Com Vítimas Feridas";"Pleno dia";"Crescente";"Ceu Claro";"Simples";"Reta";"Rural";3;0;1;0;2;0;1;2
83435007;"31/01/16";"Domingo";"16:25:00";"MG";40;"643,2";"CONSELHEIRO LAFAIETE";"Velocidade incompatível";"Saída de Pista";"Com Vítimas Feridas";"Pleno dia";"Decrescente";"Sol";"Simples";"Curva";"Rural";3;0;2;1;0;0;3;1
83435008;"31/01/16";"Domingo";"14:55:00";"SC";101;"340";"TUBARAO";"Falta de atenção";"Colisão traseira";"Com Vítimas Feridas";"Pleno dia";"Decrescente";"Chuva";"Dupla";"Reta";"Rural";5;0;2;0;3;0;2;3
83435009;"31/01/16";"Domingo";"14:15:00";"PR";476;"248,6";"LAPA";"Velocidade incompatível";"Saída de Pista";"Com Vítimas Feridas";"Pleno dia";"Crescente";"Chuva";"Simples";"Curva";"Rural";1;0;1;0;0;0;1;1
83435010;"31/01/16";"Domingo";"16:30:00";"RJ";495;"12,8";"PETROPOLIS";"Ultrapassagem indevida";"Colisão frontal";"Sem Vítimas";"Pleno dia";"Crescente";"Ceu Claro";"Simples";"Reta";"Urbano";4;0;0;0;4;0;0;2
83435011;"31/01/16";"Domingo";"16:30:00";"SC";101;"144";"ITAPEMA";"Não guardar distância de segurança";"Colisão traseira";"Com Vítimas Feridas";"Pleno dia";"Crescente";"Chuva";"Dupla";"Reta";"Urbano";3;0;1;0;1;1;1;3
83435012;"31/01/16";"Domingo";"15:40:00";"MG";381;"484";"BETIM";"Outras";"Queda de motocicleta / bicicleta / veículo";"Com Vítimas Feridas";"Pleno dia";"Crescente";"Ceu Claro";"Dupla";"Reta";"Urbano";2;0;2;0;0;0;2;1
83435013;"31/01/16";"Domingo";"19:02:00";"MG";381;"769,2";"CAMPANHA";"Defeito mecânico em veículo";"Atropelamento de pessoa";"Com Vítimas Feridas";"Pleno dia";"Crescente";"Ceu Claro";"Dupla";"Reta";"Rural";2;0;1;0;1;0;1;1
83435014;"31/01/16";"Domingo";"10:45:00";"MG";262;"453";"NOVA SERRANA";"Outras";"Saída de Pista";"Com Vítimas Feridas";"Pleno dia";"Crescente";"Ceu Claro";"Simples";"Curva";"Rural";1;0;1;0;0;0;1;1
83435015;"31/01/16";"Domingo";"11:00:00";"MA";135;"28";"BACABEIRA";"Outras";"Capotamento";"Com Vítimas Feridas";"Pleno dia";"Decrescente";"Sol";"Simples";"Reta";"Rural";3;0;1;0;2;0;1;2
83435016;"31/01/16";"Domingo";"14:30:00";"RO";364;"423";"JARU";"Falta de atenção";"Colisão traseira";"Sem Vítimas";"Pleno dia";"Crescente";"Nublado";"Simples";"Reta";"Urbano";2;0;0;0;2;0;0;2
83435017;"31/01/16";"Domingo";"06:20:00";"BA";324;"603";"SIMOES FILHO";"Não guardar distância de segurança";"Colisão traseira";"Com Vítimas Feridas";"Pleno dia";"Crescente";"Ceu Claro";"Dupla";"Reta";"Urbano";2;0;1;0;0;1;1;2
83435018;"31/01/16";"Domingo";"17:50:00";"SE";101;"8,5";"CEDRO DE SAO JOAO";"Ingestão de álcool";"Queda de motocicleta / bicicleta / veículo";"Sem Vítimas";"Anoitecer";"Decrescente";"Ceu Claro";"Simples";"Reta";"Rural";1;0;0;0;1;0;0;1
83435019;"31/01/16";"Domingo";"19:15:00";"RJ";40;"110";"DUQUE DE CAXIAS";"Velocidade incompatível";"Colisão traseira";"Com Vítimas Feridas";"Pleno dia";"Decrescente";"Ignorada";"Simples";"Reta";"Urbano";4;0;1;0;3;0;1;3
83435021;"31/01/16";"Domingo";"15:00:00";"PR";158;"495";"CORONEL VIVIDA";"Velocidade incompatível";"Saída de Pista";"Sem Vítimas";"Pleno dia";"Decrescente";"Chuva";"Simples";"Curva";"Rural";3;0;0;0;3;0;0;1
83435022;"31/01/16";"Domingo";"17:20:00";"CE";222;"3,9";"CAUCAIA";"Ingestão de álcool";"Colisão lateral";"Com Vítimas Feridas";"Pleno dia";"Decrescente";"Nublado";"Múltipla";"Reta";"Urbano";2;0;1;0;1;0;1;2
83435023;"31/01/16";"Domingo";"10:30:00";"SC";282;"174,7";"BOCAINA DO SUL";"Velocidade incompatível";"Saída de Pista";"Com Vítimas Feridas";"Pleno dia";"Crescente";"Chuva";"Simples";"Curva";"Rural";2;0;1;0;1;0;1;1
83435024;"31/01/16";"Domingo";"18:40:00";"RJ";101;"574";"PARATI";"Falta de atenção";"Saída de Pista";"Com Vítimas Feridas";"Pleno dia";"Crescente";"Ceu Claro";"Simples";"Reta";"Rural";5;0;5;0;0;0;5;1
83435025;"31/01/16";"Domingo";"16:10:00";"PB";230;"501";"CAJAZEIRAS";"Outras";"Saída de Pista";"Sem Vítimas";"Pleno dia";"Crescente";"Sol";"Simples";"Reta";"Rural";2;0;0;0;2;0;0;1
83435026;"29/01/16";"Sexta";"21:00:00";"BA";110;"12";"PAULO AFONSO";"Animais na Pista";"Atropelamento de animal";"Com Vítimas Feridas";"Plena noite";"Decrescente";"Chuva";"Simples";"Reta";"Rural";5;0;5;0;0;0;5;1
83435027;"31/01/16";"Domingo";"11:00:00";"MG";116;"488,8";"INHAPIM";"Outras";"Colisão frontal";"Com Vítimas Feridas";"Pleno dia";"Crescente";"Ceu Claro";"Simples";"Curva";"Rural";6;0;2;3;1;0;5;2
83435028;"31/01/16";"Domingo";"14:30:00";"CE";222;"217,5";"SOBRAL";"Velocidade incompatível";"Capotamento";"Com Vítimas Feridas";"Pleno dia";"Crescente";"Chuva";"Simples";"Reta";"Urbano";2;0;2;0;0;0;2;1
83435029;"31/01/16";"Domingo";"15:40:00";"RS";116;"150";"CAXIAS DO SUL";"Falta de atenção";"Colisão traseira";"Sem Vítimas";"Pleno dia";"Decrescente";"Chuva";"Dupla";"Curva";"Urbano";2;0;0;0;2;0;0;2
83435030;"31/01/16";"Domingo";"18:30:00";"MT";70;"556";"NOSSA SENHORA DO LIVRAMENTO";"Defeito mecânico em veículo";"Queda de motocicleta / bicicleta / veículo";"Com Vítimas Feridas";"Anoitecer";"Decrescente";"Nublado";"Simples";"Reta";"Rural";2;0;2;0;0;0;2;1
83435033;"31/01/16";"Domingo";"13:35:00";"RR";174;"567";"BOA VISTA";"Outras";"Capotamento";"Ignorado";"Pleno dia";"Crescente";"Ceu Claro";"Simples";"Reta";"Rural";1;0;0;0;0;1;0;1
83435034;"31/01/16";"Domingo";"17:30:00";"RO";364;"96";"VILHENA";"Outras";"Derramamento de Carga";"Sem Vítimas";"Anoitecer";"Crescente";"Chuva";"Simples";"Reta";"Rural";1;0;0;0;1;0;0;1
83435035;"31/01/16";"Domingo";"06:40:00";"PA";316;"7";"ANANINDEUA";"Ingestão de álcool";"Colisão Transversal";"Com Vítimas Feridas";"Amanhecer";"Crescente";"Ceu Claro";"Múltipla";"Reta";"Urbano";2;0;1;0;1;0;1;2
83435036;"27/01/16";"Quarta";"13:00:00";"PR";163;"148";"SANTA LUCIA";"Outras";"Colisão traseira";"Sem Vítimas";"Pleno dia";"Decrescente";"Ceu Claro";"Simples";"Reta";"Rural";3;0;0;0;3;0;0;3
83435037;"31/01/16";"Domingo";"19:00:00";"CE";222;"316,3";"TIANGUA";"Velocidade incompatível";"Colisão traseira";"Com Vítimas Feridas";"Anoitecer";"Decrescente";"Nublado";"Simples";"Reta";"Urbano";3;0;2;0;0;1;2;2
83435038;"31/01/16";"Domingo";"15:20:00";"RN";405;"167,5";"RAFAEL FERNANDES";"Outras";"Queda de motocicleta / bicicleta / veículo";"Com Vítimas Feridas";"Pleno dia";"Crescente";"Nublado";"Simples";"Reta";"Rural";1;0;0;1;0;0;1;1
83435039;"31/01/16";"Domingo";"18:49:00";"PE";428;"18,1";"CABROBO";"Ultrapassagem indevida";"Colisão lateral";"Com Vítimas Feridas";"Anoitecer";"Decrescente";"Ceu Claro";"Simples";"Reta";"Rural";7;0;4;2;0;1;6;2
83435040;"31/01/16";"Domingo";"16:30:00";"PR";280;"260";"MARMELEIRO";"Falta de atenção";"Colisão Transversal";"Sem Vítimas";"Pleno dia";"Crescente";"Chuva";"Simples";"Curva";"Urbano";3;0;0;0;3;0;0;2
83435041;"31/01/16";"Domingo";"20:30:00";"ES";262;"4";"CARIACICA";"Falta de atenção";"Queda de motocicleta / bicicleta / veículo";"Com Vítimas Feridas";"Plena noite";"Crescente";"Ceu Claro";"Múltipla";"Reta";"Urbano";2;0;1;0;1;0;1;1
83435042;"31/01/16";"Domingo";"19:00:00";"SC";470;"3";"NAVEGANTES";"Falta de atenção";"Colisão Transversal";"Com Vítimas Feridas";"Pleno dia";"Decrescente";"Nublado";"Simples";"Reta";"Urbano";2;0;1;0;1;0;1;2
83435043;"31/01/16";"Domingo";"19:00:00";"PR";116;"8,9";"CAMPINA GRANDE DO SUL";"Outras";"Colisão com objeto fixo";"Sem Vítimas";"Anoitecer";"Crescente";"Ceu Claro";"Dupla";"Reta";"Rural";1;0;0;0;1;0;0;1
83435045;"31/01/16";"Domingo";"17:30:00";"SC";101;"320";"PESCARIA BRAVA";"Outras";"Colisão Transversal";"Sem Vítimas";"Pleno dia";"Decrescente";"Chuva";"Simples";"Reta";"Urbano";2;0;0;0;2;0;0;2
83435046;"31/01/16";"Domingo";"19:10:00";"RJ";101;"324";"NITEROI";"Outras";"Colisão lateral";"Com Vítimas Feridas";"Anoitecer";"Decrescente";"Ceu Claro";"Dupla";"Reta";"Urbano";2;0;0;1;1;0;1;2
83435047;"27/01/16";"Quarta";"23:00:00";"PB";104;"46,3";"BARRA DE SANTA ROSA";"Animais na Pista";"Atropelamento de animal";"Com Vítimas Fatais";"Plena noite";"Decrescente";"Ceu Claro";"Simples";"Reta";"Rural";1;1;0;0;0;0;0;1
83435048;"31/01/16";"Domingo";"08:50:00";"MG";365;"35,1";"CLARO DOS POCOES";"Desobediência à sinalização";"Colisão Transversal";"Com Vítimas Feridas";"Pleno dia";"Crescente";"Ceu Claro";"Simples";"Reta";"Rural";4;0;0;1;2;1;1;3
83435049;"27/01/16";"Quarta";"13:30:00";"RN";304;"35,5";"MOSSORO";"Falta de atenção";"Colisão lateral";"Com Vítimas Feridas";"Pleno dia";"Decrescente";"Sol";"Simples";"Curva";"Urbano";2;0;1;0;1;0;1;2
83435050;"27/01/16";"Quarta";"13:56:00";"PR";277;"664";"MEDIANEIRA";"Falta de atenção";"Colisão lateral";"Com Vítimas Feridas";"Pleno dia";"Crescente";"Ceu Claro";"Dupla";"Curva";"Rural";6;0;3;0;3;0;3;2
83435051;"31/01/16";"Domingo";"13:40:00";"ES";101;"382,5";"RIO NOVO DO SUL";"Ultrapassagem indevida";"Colisão lateral";"Com Vítimas Fatais";"Pleno dia";"Decrescente";"Ceu Claro";"Simples";"Curva";"Rural";5;1;1;2;1;0;3;2
83435052;"31/01/16";"Domingo";"18:10:00";"PE";424;"19,5";"PEDRA";"Outras";"Capotamento";"Ignorado";"Plena noite";"Decrescente";"Chuva";"Simples";"Reta";"Rural";1;0;0;0;0;1;0;1
83435053;"31/01/16";"Domingo";"15:00:00";"MT";364;"273";"JACIARA";"Outras";"Colisão traseira";"Sem Vítimas";"Pleno dia";"Decrescente";"Ceu Claro";"Simples";"Reta";"Urbano";3;0;0;0;3;0;0;2
83435054;"31/01/16";"Domingo";"18:00:00";"SP";116;"544,3";"BARRA DO TURVO";"Velocidade incompatível";"Tombamento";"Sem Vítimas";"Anoitecer";"Decrescente";"Ceu Claro";"Simples";"Curva";"Rural";1;0;0;0;1;0;0;1
83435055;"31/01/16";"Domingo";"19:30:00";"PR";153;"503,9";"GENERAL CARNEIRO";"Velocidade incompatível";"Colisão com objeto fixo";"Sem Vítimas";"Anoitecer";"Decrescente";"Chuva";"Simples";"Curva";"Urbano";1;0;0;0;1;0;0;1
83435056;"31/01/16";"Domingo";"15:30:00";"SP";116;"200";"ARUJA";"Velocidade incompatível";"Colisão com objeto fixo";"Sem Vítimas";"Pleno dia";"Decrescente";"Ceu Claro";"Simples";"Curva";"Urbano";2;0;0;0;2;0;0;1
83435057;"31/01/16";"Domingo";"15:40:00";"AL";316;"264,8";"SATUBA";"Dormindo";"Saída de Pista";"Com Vítimas Feridas";"Pleno dia";"Crescente";"Ceu Claro";"Simples";"Curva";"Rural";1;0;1;0;0;0;1;1
83435058;"02/01/16";"Sábado";"09:00:00";"BA";30;"650";"MARAU";"Outras";"Capotamento";"Com Vítimas Feridas";"Pleno dia";"Crescente";"Sol";"Simples";"Reta";"Rural";5;0;3;0;2;0;3;1
83435059;"31/01/16";"Domingo";"05:00:00";"AM";174;"891,9";"MANAUS";"Outras";"Incêndio";"Sem Vítimas";"Amanhecer";"Crescente";"Ceu Claro";"Simples";"Reta";"Urbano";1;0;0;0;1;0;0;1
83435060;"31/01/16";"Domingo";"17:00:00";"AC";364;"127";"RIO BRANCO";"Falta de atenção";"Saída de Pista";"Com Vítimas Feridas";"Anoitecer";"Crescente";"Nublado";"Simples";"Reta";"Urbano";1;0;1;0;0;0;1;1
83435061;"31/01/16";"Domingo";"20:00:00";"SP";116;"303";"SAO LOURENCO DA SERRA";"Falta de atenção";"Saída de Pista";"Com Vítimas Feridas";"Anoitecer";"Decrescente";"Ceu Claro";"Dupla";"Reta";"Rural";4;0;3;0;0;1;3;2
83435062;"31/01/16";"Domingo";"20:30:00";"BA";101;"204";"MURITIBA";"Outras";"Queda de motocicleta / bicicleta / veículo";"Sem Vítimas";"Plena noite";"Crescente";"Ceu Claro";"Simples";"Reta";"Rural";1;0;0;0;1;0;0;1
83435063;"31/01/16";"Domingo";"16:15:00";"MG";381;"533";"ITATIAIUCU";"Ingestão de álcool";"Capotamento";"Sem Vítimas";"Pleno dia";"Decrescente";"Ceu Claro";"Dupla";"Curva";"Rural";1;0;0;0;1;0;0;1
83435064;"31/01/16";"Domingo";"21:50:00";"RJ";116;"85";"TERESOPOLIS";"Outras";"Queda de motocicleta / bicicleta / veículo";"Com Vítimas Feridas";"Plena noite";"Crescente";"Nublado";"Simples";"Curva";"Urbano";2;0;2;0;0;0;2;1
83435065;"31/01/16";"Domingo";"21:00:00";"CE";222;"309";"TIANGUA";"Ultrapassagem indevida";"Queda de motocicleta / bicicleta / veículo";"Com Vítimas Feridas";"Plena noite";"Crescente";"Nevoeiro/neblina";"Simples";"Reta";"Rural";1;0;0;1;0;0;1;1
83435066;"31/01/16";"Domingo";"19:50:00";"RS";293;"172";"HULHA NEGRA";"Não guardar distância de segurança";"Colisão traseira";"Sem Vítimas";"Pleno dia";"Crescente";"Ceu Claro";"Simples";"Reta";"Rural";7;0;0;0;7;0;0;2
83435067;"31/01/16";"Domingo";"09:00:00";"RS";290;"174,7";"BUTIA";"Falta de atenção";"Colisão Transversal";"Sem Vítimas";"Pleno dia";"Crescente";"Nublado";"Simples";"Cruzamento";"Urbano";2;0;0;0;2;0;0;2
83435068;"31/01/16";"Domingo";"20:05:00";"RS";392;"40,8";"RIO GRANDE";"Animais na Pista";"Atropelamento de animal";"Com Vítimas Feridas";"Anoitecer";"Crescente";"Ceu Claro";"Dupla";"Reta";"Rural";2;0;2;0;0;0;2;1
83435069;"28/01/16";"Quinta";"01:10:00";"MG";116;"151";"PONTO DOS VOLANTES";"Outras";"Saída de Pista";"Sem Vítimas";"Plena noite";"Crescente";"Chuva";"Simples";"Curva";"Rural";1;0;0;0;1;0;0;1
83435070;"31/01/16";"Domingo";"16:00:00";"MS";158;"134,3";"APARECIDA DO TABOADO";"Outras";"Colisão frontal";"Com Vítimas Feridas";"Pleno dia";"Decrescente";"Ceu Claro";"Simples";"Curva";"Rural";3;0;1;0;2;0;1;2
83435071;"31/01/16";"Domingo";"16:26:00";"MS";419;"326";"NIOAQUE";"Outras";"Colisão lateral";"Com Vítimas Feridas";"Pleno dia";"Crescente";"Chuva";"Simples";"Reta";"Rural";3;0;1;0;2;0;1;2
83435072;"31/01/16";"Domingo";"11:20:00";"RN";101;"151,6";"GOIANINHA";"Outras";"Capotamento";"Ignorado";"Pleno dia";"Decrescente";"Ceu Claro";"Dupla";"Reta";"Rural";1;0;0;0;0;1;0;1