"id";"data_inversa";"dia_semana";"horario";"uf";"br";"km";"municipio";"causa_acidente";"tipo_acidente";"classificacao_acidente";"fase_dia";"sentido_via";"condicao_metereologica";"tipo_pista";"tracado_via";"uso_solo";"pessoas";"mortos";"feridos_leves";"feridos_graves";"ilesos";"ignorados";"feridos";"veiculos"
83435187;"04/01/16";"Segunda";"12:30:00";"RJ";40;"63";"PETROPOLIS";"Outras";"Colisão frontal";"Com Vítimas Feridas";"Pleno dia";"Decrescente";"Sol";"Simples";"Reta";"Urbano";2;0;1;0;1;0;1;2
83435188;"28/01/16";"Quinta";"07:50:00";"RS";470;"220";"GARIBALDI";"Velocidade incompatível";"Colisão traseira";"Sem Vítimas";"Pleno dia";"Decrescente";"Ceu Claro";"Simples";"Reta";"Rural";3;0;0;0;3;0;0;2
83435190;"31/01/16";"Domingo";"16:15:00";"RJ";116;"104";"GUAPIMIRIM";"Falta de atenção";"Colisão Transversal";"Com Vítimas Feridas";"Pleno dia";"Decrescente";"Ceu Claro";"Dupla";"Reta";"Urbano";2;0;1;0;1;0;1;2
83435191;"31/01/16";"Domingo";"07:30:00";"MG";251;"342,2";"FRUTA DE LEITE";"Defeito mecânico em veículo";"Tombamento";"Sem Vítimas";"Pleno dia";"Decrescente";"Ceu Claro";"Simples";"Curva";"Rural";1;0;0;0;1;0;0;1
83435192;"31/01/16";"Domingo";"18:30:00";"PA";10;"170";"PARAGOMINAS";"Dormindo";"Saída de Pista";"Com Vítimas Feridas";"Pleno dia";"Decrescente";"Ceu Claro";"Simples";"Reta";"Rural";1;0;0;1;0;0;1;1
83435193;"01/02/16";"Segunda";"09:15:00";"SP";101;"50";"UBATUBA";"Falta de atenção";"Atropelamento de pessoa";"Com Vítimas Feridas";"Pleno dia";"Decrescente";"Ceu Claro";"Dupla";"Reta";"Urbano";3;0;3;0;0;0;3;1
83435194;"23/01/16";"Sábado";"18:40:00";"SC";101;"229";"PALHOCA";"Ingestão de álcool";"Colisão Transversal";"Com Vítimas Feridas";"Pleno dia";"Decrescente";"Ceu Claro";"Dupla";"Reta";"Urbano";2;0;1;0;1;0;1;2
83435195;"31/01/16";"Domingo";"05:30:00";"RS";116;"253";"SAO LEOPOLDO";"Velocidade incompatível";"Saída de Pista";"Sem Vítimas";"Plena noite";"Crescente";"Chuva";"Dupla";"Reta";"Urbano";1;0;0;0;1;0;0;1
83435196;"01/02/16";"Segunda";"07:50:00";"GO";153;"496,7";"GOIANIA";"Não guardar distância de segurança";"Colisão traseira";"Com Vítimas Feridas";"Pleno dia";"Crescente";"Ceu Claro";"Dupla";"Reta";"Urbano";5;0;2;0;2;1;2;4
83435197;"29/01/16";"Sexta";"06:40:00";"PR";376;"644";"TIJUCAS DO SUL";"Falta de atenção";"Tombamento";"Sem Vítimas";"Pleno dia";"Crescente";"Nublado";"Dupla";"Reta";"Rural";2;0;0;0;2;0;0;2
83435198;"29/01/16";"Sexta";"08:00:00";"RJ";40;"120";"DUQUE DE CAXIAS";"Outras";"Colisão traseira";"Com Vítimas Feridas";"Pleno dia";"Crescente";"Sol";"Múltipla";"Reta";"Urbano";2;0;1;0;1;0;1;2
83435199;"01/02/16";"Segunda";"04:20:00";"MT";364;"256";"JUSCIMEIRA";"Animais na Pista";"Atropelamento de animal";"Sem Vítimas";"Plena noite";"Crescente";"Ceu Claro";"Simples";"Reta";"Rural";1;0;0;0;1;0;0;1
83435200;"01/02/16";"Segunda";"07:50:00";"DF";40;"5,8";"BRASILIA";"Falta de atenção";"Colisão lateral";"Com Vítimas Feridas";"Pleno dia";"Crescente";"Sol";"Dupla";"Reta";"Urbano";2;0;1;0;1;0;1;2
83435201;"01/02/16";"Segunda";"10:00:00";"RJ";101;"274";"TANGUA";"Outras";"Capotamento";"Com Vítimas Feridas";"Pleno dia";"Crescente";"Sol";"Dupla";"Reta";"Urbano";3;0;2;0;1;0;2;2
83435202;"01/02/16";"Segunda";"06:35:00";"GO";153;"508,9";"APARECIDA DE GOIANIA";"Não guardar distância de segurança";"Queda de motocicleta / bicicleta / veículo";"Com Vítimas Feridas";"Amanhecer";"Decrescente";"Ceu Claro";"Múltipla";"Reta";"Urbano";2;0;0;1;0;1;1;1
83435203;"01/02/16";"Segunda";"10:00:00";"SC";282;"505,7";"XANXERE";"Não guardar distância de segurança";"Colisão traseira";"Sem Vítimas";"Pleno dia";"Decrescente";"Chuva";"Simples";"Curva";"Rural";2;0;0;0;2;0;0;2
83435204;"31/01/16";"Domingo";"04:30:00";"PI";316;"307,8";"PICOS";"Falta de atenção";"Colisão lateral";"Com Vítimas Fatais";"Plena noite";"Crescente";"Ceu Claro";"Simples";"Reta";"Urbano";3;1;0;0;1;1;0;2
83435205;"01/02/16";"Segunda";"07:15:00";"RR";174;"511";"BOA VISTA";"Outras";"Capotamento";"Com Vítimas Feridas";"Pleno dia";"Crescente";"Ceu Claro";"Simples";"Reta";"Rural";1;0;1;0;0;0;1;1
83435206;"22/01/16";"Sexta";"23:30:00";"SC";101;"161";"TIJUCAS";"Ingestão de álcool";"Saída de Pista";"Com Vítimas Fatais";"Plena noite";"Decrescente";"Ignorada";"Dupla";"Reta";"Urbano";2;1;0;1;0;0;1;1
83435207;"01/02/16";"Segunda";"09:00:00";"PE";232;"517,5";"SALGUEIRO";"Outras";"Colisão traseira";"Com Vítimas Feridas";"Pleno dia";"Decrescente";"Ceu Claro";"Simples";"Reta";"Rural";3;0;1;0;2;0;1;2
83435208;"31/01/16";"Domingo";"18:10:00";"RJ";356;"174,5";"SAO JOAO DA BARRA";"Falta de atenção";"Colisão Transversal";"Com Vítimas Fatais";"Pleno dia";"Crescente";"Ceu Claro";"Simples";"Curva";"Rural";4;1;0;2;1;0;2;2
83435209;"27/01/16";"Quarta";"17:30:00";"SP";116;"361,8";"MIRACATU";"Outras";"Queda de motocicleta / bicicleta / veículo";"Com Vítimas Feridas";"Anoitecer";"Decrescente";"Chuva";"Simples";"Curva";"Rural";1;0;1;0;0;0;1;1
83435210;"01/02/16";"Segunda";"07:30:00";"SC";282;"632,5";"DESCANSO";"Defeito na via";"Saída de Pista";"Com Vítimas Feridas";"Pleno dia";"Decrescente";"Nublado";"Simples";"Curva";"Rural";1;0;1;0;0;0;1;1
83435211;"28/01/16";"Quinta";"23:30:00";"SC";280;"51,5";"GUARAMIRIM";"Outras";"Colisão com bicicleta";"Com Vítimas Feridas";"Plena noite";"Crescente";"Chuva";"Simples";"Reta";"Urbano";2;0;1;0;0;1;1;2
83435212;"29/01/16";"Sexta";"07:20:00";"MG";40;"529";"CONTAGEM";"Outras";"Queda de motocicleta / bicicleta / veículo";"Com Vítimas Feridas";"Pleno dia";"Crescente";"Nublado";"Dupla";"Reta";"Urbano";1;0;1;0;0;0;1;1
83435213;"30/01/16";"Sábado";"21:05:00";"SP";153;"73,1";"SAO JOSE DO RIO PRETO";"Falta de atenção";"Colisão traseira";"Com Vítimas Feridas";"Plena noite";"Crescente";"Ceu Claro";"Simples";"Reta";"Urbano";2;0;2;0;0;0;2;2
83435214;"01/02/16";"Segunda";"08:00:00";"SC";470;"41";"GASPAR";"Outras";"Saída de Pista";"Com Vítimas Feridas";"Pleno dia";"Decrescente";"Nublado";"Simples";"Curva";"Urbano";1;0;1;0;0;0;1;1
83435215;"01/02/16";"Segunda";"11:15:00";"RS";386;"385,4";"TABAI";"Falta de atenção";"Colisão traseira";"Sem Vítimas";"Pleno dia";"Crescente";"Nublado";"Dupla";"Reta";"Urbano";2;0;0;0;2;0;0;2
83435216;"29/01/16";"Sexta";"17:00:00";"BA";110;"400";"SAO SEBASTIAO DO PASSE";"Outras";"Colisão Transversal";"Sem Vítimas";"Pleno dia";"Decrescente";"Sol";"Simples";"Reta";"Rural";2;0;0;0;2;0;0;2
83435217;"01/02/16";"Segunda";"09:30:00";"PA";316;"8";"ANANINDEUA";"Outras";"Colisão lateral";"Sem Vítimas";"Pleno dia";"Crescente";"Ceu Claro";"Dupla";"Reta";"Urbano";3;0;0;0;3;0;0;3
83435218;"01/02/16";"Segunda";"05:27:00";"SP";381;"6";"VARGEM";"Falta de atenção";"Colisão com objeto fixo";"Sem Vítimas";"Plena noite";"Decrescente";"Ceu Claro";"Dupla";"Reta";"Urbano";1;0;0;0;1;0;0;1
83435219;"01/02/16";"Segunda";"08:00:00";"RS";471;"145,2";"SANTA CRUZ DO SUL";"Falta de atenção";"Colisão traseira";"Sem Vítimas";"Pleno dia";"Decrescente";"Sol";"Simples";"Reta";"Urbano";3;0;0;0;3;0;0;3
83435220;"28/01/16";"Quinta";"15:10:00";"PI";343;"345";"TERESINA";"Falta de atenção";"Colisão Transversal";"Sem Vítimas";"Pleno dia";"Crescente";"Nublado";"Simples";"Reta";"Rural";2;0;0;0;2;0;0;2
83435221;"01/02/16";"Segunda";"08:45:00";"SP";381;"45,5";"ATIBAIA";"Outras";"Queda de motocicleta / bicicleta / veículo";"Com Vítimas Feridas";"Pleno dia";"Decrescente";"Ceu Claro";"Dupla";"Reta";"Rural";1;0;0;1;0;0;1;1
83435222;"01/02/16";"Segunda";"03:00:00";"RS";285;"607,8";"SANTO ANTONIO DAS MISSOES";"Outras";"Saída de Pista";"Sem Vítimas";"Plena noite";"Decrescente";"Ceu Claro";"Simples";"Reta";"Rural";1;0;0;0;1;0;0;1
83435223;"01/02/16";"Segunda";"12:15:00";"RJ";101;"328";"NITEROI";"Falta de atenção";"Colisão traseira";"Sem Vítimas";"Pleno dia";"Decrescente";"Ceu Claro";"Dupla";"Reta";"Urbano";3;0;0;0;3;0;0;2
83435224;"01/02/16";"Segunda";"08:00:00";"RS";285;"134,4";"VACARIA";"Não guardar distância de segurança";"Colisão traseira";"Sem Vítimas";"Pleno dia";"Decrescente";"Chuva";"Simples";"Reta";"Rural";2;0;0;0;2;0;0;2
83435225;"01/02/16";"Segunda";"07:55:00";"ES";101;"280,5";"CARIACICA";"Não guardar distância de segurança";"Colisão traseira";"Com Vítimas Feridas";"Pleno dia";"Decrescente";"Sol";"Dupla";"Reta";"Urbano";2;0;0;1;1;0;1;2
83435226;"31/01/16";"Domingo";"06:05:00";"RR";174;"520";"BOA VISTA";"Falta de atenção";"Saída de Pista";"Com Vítimas Feridas";"Amanhecer";"Decrescente";"Ceu Claro";"Simples";"Reta";"Rural";2;0;2;0;0;0;2;1
83435228;"31/01/16";"Domingo";"03:55:00";"SC";163;"105,2";"SAO JOSE DO CEDRO";"Ingestão de álcool";"Saída de Pista";"Com Vítimas Feridas";"Plena noite";"Decrescente";"Chuva";"Simples";"Curva";"Rural";1;0;1;0;0;0;1;1
83435229;"01/02/16";"Segunda";"10:35:00";"SC";282;"348";"CAMPOS NOVOS";"Falta de atenção";"Colisão lateral";"Sem Vítimas";"Pleno dia";"Crescente";"Chuva";"Simples";"Cruzamento";"Rural";2;0;0;0;2;0;0;2
83435230;"01/02/16";"Segunda";"09:10:00";"MS";262;"79";"TRES LAGOAS";"Outras";"Saída de Pista";"Sem Vítimas";"Pleno dia";"Decrescente";"Sol";"Simples";"Reta";"Rural";1;0;0;0;1;0;0;1
83435231;"01/02/16";"Segunda";"07:45:00";"GO";452;"47,5";"SANTA HELENA DE GOIAS";"Desobediência à sinalização";"Colisão Transversal";"Com Vítimas Fatais";"Pleno dia";"Crescente";"Sol";"Simples";"Reta";"Rural";3;1;2;0;0;0;2;2
83435232;"29/01/16";"Sexta";"14:45:00";"SC";282;"326,2";"CAMPOS NOVOS";"Falta de atenção";"Colisão Transversal";"Sem Vítimas";"Pleno dia";"Crescente";"Ceu Claro";"Simples";"Reta";"Rural";3;0;0;0;3;0;0;2
83435233;"01/02/16";"Segunda";"09:45:00";"GO";60;"164";"GOIANIA";"Velocidade incompatível";"Queda de motocicleta / bicicleta / veículo";"Com Vítimas Feridas";"Pleno dia";"Crescente";"Ceu Claro";"Múltipla";"Reta";"Urbano";1;0;1;0;0;0;1;1
83435234;"01/02/16";"Segunda";"13:45:00";"RJ";101;"55";"CAMPOS DOS GOYTACAZES";"Falta de atenção";"Atropelamento de pessoa";"Com Vítimas Feridas";"Pleno dia";"Crescente";"Ceu Claro";"Simples";"Reta";"Urbano";2;0;1;0;1;0;1;1
83435235;"01/02/16";"Segunda";"07:50:00";"PR";116;"14";"COLOMBO";"Falta de atenção";"Queda de motocicleta / bicicleta / veículo";"Com Vítimas Feridas";"Pleno dia";"Crescente";"Ceu Claro";"Dupla";"Reta";"Urbano";1;0;0;1;0;0;1;1
83435236;"01/02/16";"Segunda";"14:00:00";"ES";101;"285";"CARIACICA";"Não guardar distância de segurança";"Colisão traseira";"Sem Vítimas";"Pleno dia";"Crescente";"Sol";"Dupla";"Reta";"Urbano";2;0;0;0;2;0;0;2
83435237;"01/02/16";"Segunda";"13:45:00";"SC";280;"128";"RIO NEGRINHO";"Não guardar distância de segurança";"Colisão traseira";"Sem Vítimas";"Pleno dia";"Decrescente";"Ceu Claro";"Simples";"Reta";"Urbano";2;0;0;0;2;0;0;2
83435238;"01/02/16";"Segunda";"09:00:00";"RJ";393;"123";"SAPUCAIA";"Dormindo";"Tombamento";"Com Vítimas Feridas";"Pleno dia";"Decrescente";"Sol";"Simples";"Curva";"Rural";1;0;1;0;0;0;1;1
83435240;"01/02/16";"Segunda";"14:20:00";"RS";290;"11";"OSORIO";"Velocidade incompatível";"Saída de Pista";"Com Vítimas Feridas";"Pleno dia";"Decrescente";"Chuva";"Dupla";"Reta";"Rural";1;0;1;0;0;0;1;1
83435241;"01/02/16";"Segunda";"15:45:00";"RS";101;"85,2";"OSORIO";"Falta de atenção";"Colisão traseira";"Sem Vítimas";"Pleno dia";"Crescente";"Nublado";"Simples";"Reta";"Urbano";2;0;0;0;2;0;0;2
83435242;"28/01/16";"Quinta";"19:00:00";"MG";381;"503";"BETIM";"Outras";"Queda de motocicleta / bicicleta / veículo";"Com Vítimas Feridas";"Pleno dia";"Decrescente";"Chuva";"Dupla";"Reta";"Urbano";1;0;0;1;0;0;1;1
83435243;"31/01/16";"Domingo";"20:30:00";"BA";116;"458";"SANTO ESTEVAO";"Não guardar distância de segurança";"Colisão traseira";"Sem Vítimas";"Plena noite";"Decrescente";"Ceu Claro";"Simples";"Reta";"Urbano";2;0;0;0;1;1;0;2
83435244;"01/02/16";"Segunda";"13:50:00";"PA";316;"2";"ANANINDEUA";"Velocidade incompatível";"Colisão lateral";"Com Vítimas Feridas";"Pleno dia";"Decrescente";"Nublado";"Dupla";"Reta";"Urbano";3;0;1;0;2;0;1;2
83435245;"01/02/16";"Segunda";"15:30:00";"MG";50;"80,6";"UBERLANDIA";"Outras";"Saída de Pista";"Sem Vítimas";"Pleno dia";"Crescente";"Ceu Claro";"Dupla";"Reta";"Rural";1;0;0;0;1;0;0;1
83435246;"28/01/16";"Quinta";"18:20:00";"PE";101;"73,5";"RECIFE";"Não guardar distância de segurança";"Colisão traseira";"Sem Vítimas";"Plena noite";"Decrescente";"Ceu Claro";"Dupla";"Reta";"Urbano";3;0;0;0;3;0;0;3
83435247;"01/02/16";"Segunda";"10:00:00";"SC";470;"35";"GASPAR";"Falta de atenção";"Colisão lateral";"Sem Vítimas";"Pleno dia";"Crescente";"Nublado";"Simples";"Cruzamento";"Urbano";3;0;0;0;3;0;0;3
83435248;"01/02/16";"Segunda";"09:00:00";"MG";50;"71";"UBERLANDIA";"Falta de atenção";"Colisão lateral";"Sem Vítimas";"Pleno dia";"Decrescente";"Ceu Claro";"Dupla";"Curva";"Urbano";2;0;0;0;2;0;0;2
83435250;"01/02/16";"Segunda";"14:50:00";"GO";153;"692,1";"ITUMBIARA";"Defeito mecânico em veículo";"Incêndio";"Sem Vítimas";"Pleno dia";"Crescente";"Sol";"Dupla";"Reta";"Rural";1;0;0;0;1;0;0;1
83435251;"28/01/16";"Quinta";"22:20:00";"MG";381;"870,8";"POUSO ALEGRE";"Defeito mecânico em veículo";"Colisão com objeto fixo";"Sem Vítimas";"Plena noite";"Crescente";"Chuva";"Dupla";"Reta";"Rural";1;0;0;0;1;0;0;1
83435252;"01/02/16";"Segunda";"12:40:00";"SP";116;"274";"TABOAO DA SERRA";"Defeito mecânico em veículo";"Queda de motocicleta / bicicleta / veículo";"Com Vítimas Feridas";"Pleno dia";"Decrescente";"Sol";"Dupla";"Reta";"Urbano";2;0;1;1;0;0;2;1
83435254;"01/02/16";"Segunda";"08:00:00";"RR";174;"507";"BOA VISTA";"Falta de atenção";"Colisão Transversal";"Com Vítimas Feridas";"Pleno dia";"Crescente";"Ceu Claro";"Simples";"Reta";"Urbano";2;0;1;0;1;0;1;2
83435255;"01/02/16";"Segunda";"09:50:00";"MT";163;"538";"DIAMANTINO";"Ultrapassagem indevida";"Colisão frontal";"Com Vítimas Fatais";"Pleno dia";"Decrescente";"Ceu Claro";"Simples";"Curva";"Rural";8;2;0;3;3;0;3;4
83435256;"28/01/16";"Quinta";"22:30:00";"MG";381;"519,3";"IGARAPE";"Outras";"Colisão com objeto fixo";"Sem Vítimas";"Plena noite";"Decrescente";"Chuva";"Dupla";"Curva";"Rural";1;0;0;0;1;0;0;1
83435257;"01/02/16";"Segunda";"09:55:00";"GO";60;"108";"GOIANAPOLIS";"Defeito mecânico em veículo";"Colisão traseira";"Sem Vítimas";"Pleno dia";"Crescente";"Sol";"Dupla";"Reta";"Rural";2;0;0;0;2;0;0;2
83435258;"01/02/16";"Segunda";"09:45:00";"SP";116;"203";"ARUJA";"Falta de atenção";"Colisão traseira";"Sem Vítimas";"Pleno dia";"Crescente";"Ceu Claro";"Múltipla";"Reta";"Urbano";2;0;0;0;2;0;0;2
83435259;"29/01/16";"Sexta";"06:30:00";"RJ";116;"286";"BARRA MANSA";"Outras";"Colisão lateral";"Sem Vítimas";"Amanhecer";"Decrescente";"Chuva";"Dupla";"Reta";"Rural";2;0;0;0;1;1;0;2
83435260;"28/01/16";"Quinta";"14:45:00";"RJ";116;"197";"QUEIMADOS";"Outras";"Saída de Pista";"Com Vítimas Feridas";"Pleno dia";"Crescente";"Chuva";"Dupla";"Reta";"Rural";1;0;1;0;0;0;1;1
83435261;"28/01/16";"Quinta";"23:30:00";"RS";290;"160,2";"ARROIO DOS RATOS";"Dormindo";"Saída de Pista";"Sem Vítimas";"Plena noite";"Decrescente";"Nublado";"Simples";"Reta";"Rural";1;0;0;0;1;0;0;1
83435262;"28/01/16";"Quinta";"17:30:00";"RJ";393;"116";"SAPUCAIA";"Defeito mecânico em veículo";"Incêndio";"Sem Vítimas";"Pleno dia";"Crescente";"Nublado";"Simples";"Reta";"Rural";1;0;0;0;1;0;0;1
83435263;"01/02/16";"Segunda";"08:45:00";"MG";50;"68";"UBERLANDIA";"Falta de atenção";"Colisão traseira";"Com Vítimas Feridas";"Pleno dia";"Decrescente";"Ceu Claro";"Dupla";"Curva";"Urbano";2;0;1;0;1;0;1;2
83435264;"01/02/16";"Segunda";"15:30:00";"RS";290;"14,3";"SANTO ANTONIO DA PATRULHA";"Velocidade incompatível";"Saída de Pista";"Com Vítimas Feridas";"Pleno dia";"Decrescente";"Chuva";"Dupla";"Reta";"Rural";1;0;1;0;0;0;1;1
83435265;"30/01/16";"Sábado";"05:00:00";"PB";230;"64,8";"SAO MIGUEL DE TAIPU";"Velocidade incompatível";"Saída de Pista";"Sem Vítimas";"Amanhecer";"Decrescente";"Nublado";"Dupla";"Curva";"Rural";1;0;0;0;1;0;0;1
83435266;"01/02/16";"Segunda";"12:00:00";"SC";101;"206";"SAO JOSE";"Defeito na via";"Tombamento";"Com Vítimas Feridas";"Pleno dia";"Decrescente";"Nublado";"Múltipla";"Reta";"Urbano";1;0;1;0;0;0;1;1
83435267;"01/02/16";"Segunda";"10:50:00";"PE";101;"58,8";"RECIFE";"Defeito mecânico em veículo";"Capotamento";"Com Vítimas Feridas";"Pleno dia";"Decrescente";"Nublado";"Dupla";"Curva";"Rural";1;0;0;1;0;0;1;1
83435268;"16/01/16";"Sábado";"11:00:00";"PR";476;"126,8";"CURITIBA";"Não guardar distância de segurança";"Colisão lateral";"Com Vítimas Feridas";"Pleno dia";"Decrescente";"Ceu Claro";"Dupla";"Reta";"Urbano";2;0;1;0;1;0;1;2
83435269;"01/02/16";"Segunda";"12:40:00";"PE";423;"62,5";"LAJEDO";"Falta de atenção";"Colisão Transversal";"Com Vítimas Feridas";"Pleno dia";"Decrescente";"Ceu Claro";"Simples";"Reta";"Urbano";2;0;1;0;1;0;1;2
83435270;"01/02/16";"Segunda";"10:40:00";"PE";316;"86";"OURICURI";"Outras";"Capotamento";"Com Vítimas Feridas";"Pleno dia";"Decrescente";"Sol";"Simples";"Reta";"Rural";1;0;1;0;0;0;1;1
83435271;"01/02/16";"Segunda";"09:00:00";"BA";101;"343";"TEOLANDIA";"Defeito mecânico em veículo";"Capotamento";"Sem Vítimas";"Pleno dia";"Crescente";"Ceu Claro";"Simples";"Reta";"Rural";1;0;0;0;1;0;0;1
83435272;"01/02/16";"Segunda";"16:30:00";"PR";277;"726";"FOZ DO IGUACU";"Falta de atenção";"Colisão Transversal";"Com Vítimas Feridas";"Pleno dia";"Decrescente";"Ceu Claro";"Dupla";"Curva";"Urbano";2;0;1;0;1;0;1;2
83435273;"01/02/16";"Segunda";"11:00:00";"MG";381;"503";"BETIM";"Não guardar distância de segurança";"Colisão traseira";"Com Vítimas Feridas";"Pleno dia";"Decrescente";"Sol";"Dupla";"Reta";"Urbano";3;0;0;1;2;0;1;3
83435274;"01/02/16";"Segunda";"15:00:00";"SC";282;"570,5";"NOVA ERECHIM";"Não guardar distância de segurança";"Colisão traseira";"Sem Vítimas";"Plena noite";"Crescente";"Chuva";"Simples";"Reta";"Rural";5;0;0;0;5;0;0;2
83435275;"28/01/16";"Quinta";"20:30:00";"MA";135;"4";"SAO LUIS";"Falta de atenção";"Colisão traseira";"Com Vítimas Feridas";"Plena noite";"Crescente";"Nublado";"Dupla";"Reta";"Urbano";2;0;1;0;1;0;1;2
83435276;"01/02/16";"Segunda";"16:30:00";"SP";116;"543";"BARRA DO TURVO";"Falta de atenção";"Colisão com objeto fixo";"Sem Vítimas";"Pleno dia";"Crescente";"Sol";"Dupla";"Reta";"Rural";1;0;0;0;1;0;0;1
83435277;"01/02/16";"Segunda";"17:30:00";"RS";290;"112";"ELDORADO DO SUL";"Não guardar distância de segurança";"Colisão traseira";"Sem Vítimas";"Pleno dia";"Decrescente";"Sol";"Simples";"Reta";"Rural";2;0;0;0;2;0;0;2
83435278;"08/01/16";"Sexta";"20:00:00";"GO";40;"7,8";"LUZIANIA";"Falta de atenção";"Colisão traseira";"Com Vítimas Feridas";"Plena noite";"Crescente";"Nublado";"Dupla";"Reta";"Urbano";2;0;1;0;1;0;1;2
83435279;"01/02/16";"Segunda";"14:00:00";"GO";40;"113";"CRISTALINA";"Dormindo";"Capotamento";"Com Vítimas Feridas";"Pleno dia";"Decrescente";"Ceu Claro";"Dupla";"Reta";"Rural";2;0;1;0;1;0;1;1
83435280;"01/02/16";"Segunda";"17:45:00";"SC";101;"190,6";"BIGUACU";"Outras";"Colisão com objeto fixo";"Com Vítimas Feridas";"Pleno dia";"Decrescente";"Chuva";"Dupla";"Curva";"Urbano";2;0;2;0;0;0;2;1
83435281;"01/02/16";"Segunda";"16:15:00";"SP";116;"213";"GUARULHOS";"Não guardar distância de segurança";"Queda de motocicleta / bicicleta / veículo";"Com Vítimas Feridas";"Pleno dia";"Crescente";"Ceu Claro";"Múltipla";"Reta";"Urbano";1;0;1;0;0;0;1;1
83435282;"01/02/16";"Segunda";"15:00:00";"RS";386;"212,5";"TIO HUGO";"Outras";"Colisão lateral";"Com Vítimas Feridas";"Pleno dia";"Crescente";"Nublado";"Simples";"Curva";"Rural";2;0;1;0;1;0;1;2
83435283;"01/02/16";"Segunda";"10:10:00";"SC";116;"205,2";"PONTE ALTA";"Velocidade incompatível";"Saída de Pista";"Com Vítimas Feridas";"Pleno dia";"Crescente";"Chuva";"Simples";"Curva";"Rural";2;0;1;1;0;0;2;1
83435284;"01/02/16";"Segunda";"13:40:00";"CE";222;"107,9";"ITAPAGE";"Falta de atenção";"Tombamento";"Com Vítimas Feridas";"Pleno dia";"Decrescente";"Chuva";"Simples";"Reta";"Rural";1;0;1;0;0;0;1;1
83435285;"01/02/16";"Segunda";"14:10:00";"SC";470;"226,2";"SAO CRISTOVAO DO SUL";"Velocidade incompatível";"Saída de Pista";"Com Vítimas Feridas";"Pleno dia";"Decrescente";"Chuva";"Simples";"Curva";"Rural";1;0;0;1;0;0;1;1
83435286;"01/02/16";"Segunda";"10:45:00";"PR";277;"108";"CAMPO LARGO";"Falta de atenção";"Saída de Pista";"Com Vítimas Feridas";"Pleno dia";"Crescente";"Ceu Claro";"Dupla";"Reta";"Rural";4;0;3;0;1;0;3;1
83435287;"01/02/16";"Segunda";"18:10:00";"RS";386;"416";"MONTENEGRO";"Outras";"Atropelamento de pessoa";"Com Vítimas Feridas";"Pleno dia";"Crescente";"Sol";"Simples";"Reta";"Rural";2;0;0;1;1;0;1;1
83435288;"01/02/16";"Segunda";"16:30:00";"PR";277;"725,4";"FOZ DO IGUACU";"Outras";"Colisão Transversal";"Sem Vítimas";"Pleno dia";"Decrescente";"Nublado";"Dupla";"Reta";"Urbano";2;0;0;0;1;1;0;2
83435289;"28/01/16";"Quinta";"17:30:00";"MG";40;"581";"ITABIRITO";"Velocidade incompatível";"Colisão com objeto fixo";"Com Vítimas Feridas";"Pleno dia";"Crescente";"Chuva";"Dupla";"Reta";"Rural";1;0;1;0;0;0;1;1
83435290;"01/02/16";"Segunda";"11:15:00";"SC";101;"335";"TUBARAO";"Falta de atenção";"Colisão traseira";"Sem Vítimas";"Pleno dia";"Crescente";"Chuva";"Dupla";"Reta";"Urbano";5;0;0;0;5;0;0;5
83435291;"29/01/16";"Sexta";"23:30:00";"SP";116;"155";"SAO JOSE DOS CAMPOS";"Outras";"Colisão com objeto fixo";"Com Vítimas Feridas";"Plena noite";"Decrescente";"Nublado";"Dupla";"Reta";"Rural";6;0;2;4;0;0;6;1
83435292;"01/02/16";"Segunda";"15:30:00";"PA";316;"11";"MARITUBA";"Não guardar distância de segurança";"Colisão traseira";"Com Vítimas Feridas";"Pleno dia";"Decrescente";"Ceu Claro";"Dupla";"Reta";"Urbano";3;0;0;1;2;0;1;3
83435293;"01/02/16";"Segunda";"13:20:00";"SC";101;"84";"BARRA VELHA";"Não guardar distância de segurança";"Colisão lateral";"Com Vítimas Feridas";"Pleno dia";"Decrescente";"Sol";"Múltipla";"Reta";"Rural";2;0;1;0;1;0;1;2
83435294;"01/02/16";"Segunda";"18:56:00";"RN";406;"147";"CEARA-MIRIM";"Outras";"Colisão Transversal";"Sem Vítimas";"Pleno dia";"Crescente";"Nublado";"Simples";"Reta";"Rural";2;0;0;0;2;0;0;2
83435295;"30/01/16";"Sábado";"12:20:00";"RJ";116;"140";"DUQUE DE CAXIAS";"Outras";"Colisão com objeto fixo";"Sem Vítimas";"Pleno dia";"Decrescente";"Ceu Claro";"Dupla";"Reta";"Rural";1;0;0;0;1;0;0;1
83435296;"01/02/16";"Segunda";"17:25:00";"PR";158;"523";"PATO BRANCO";"Outras";"Colisão Transversal";"Sem Vítimas";"Pleno dia";"Decrescente";"Chuva";"Simples";"Reta";"Urbano";2;0;0;0;2;0;0;2
83435297;"01/02/16";"Segunda";"16:40:00";"GO";60;"8,7";"APARECIDA DE GOIANIA";"Não guardar distância de segurança";"Colisão traseira";"Com Vítimas Feridas";"Pleno dia";"Crescente";"Sol";"Simples";"Reta";"Urbano";2;0;1;0;1;0;1;2
83435298;"01/02/16";"Segunda";"07:40:00";"AL";104;"88";"RIO LARGO";"Outras";"Atropelamento de pessoa";"Com Vítimas Feridas";"Pleno dia";"Decrescente";"Ceu Claro";"Dupla";"Reta";"Urbano";2;0;0;2;0;0;2;1