"id";"data_inversa";"dia_semana";"horario";"uf";"br";"km";"municipio";"causa_acidente";"tipo_acidente";"classificacao_acidente";"fase_dia";"sentido_via";"condicao_metereologica";"tipo_pista";"tracado_via";"uso_solo";"pessoas";"mortos";"feridos_leves";"feridos_graves";"ilesos";"ignorados";"feridos";"veiculos"
83435409;"01/02/16";"Segunda";"14:45:00";"MG";116;"305,7";"ITAMBACURI";"Falta de atenção";"Colisão com objeto móvel";"Com Vítimas Feridas";"Pleno dia";"Decrescente";"Sol";"Simples";"Reta";"Rural";3;0;1;0;2;0;1;2
83435411;"01/02/16";"Segunda";"23:10:00";"GO";414;"421";"ABADIANIA";"Outras";"Colisão com objeto móvel";"Sem Vítimas";"Plena noite";"Crescente";"Ceu Claro";"Simples";"Curva";"Rural";4;0;0;0;3;1;0;4
83435412;"28/01/16";"Quinta";"14:30:00";"PR";487;"217";"LUIZIANA";"Velocidade incompatível";"Colisão traseira";"Sem Vítimas";"Pleno dia";"Decrescente";"Ceu Claro";"Simples";"Reta";"Rural";2;0;0;0;2;0;0;2
83435413;"01/02/16";"Segunda";"18:30:00";"MT";163;"616";"NOVA MUTUM";"Falta de atenção";"Colisão traseira";"Sem Vítimas";"Pleno dia";"Decrescente";"Ignorada";"Simples";"Reta";"Rural";2;0;0;0;2;0;0;2
83435414;"02/02/16";"Terça";"03:30:00";"SP";116;"274";"TABOAO DA SERRA";"Defeito mecânico em veículo";"Saída de Pista";"Ignorado";"Plena noite";"Crescente";"Ceu Claro";"Dupla";"Reta";"Urbano";1;0;0;0;0;1;0;1
83435415;"01/02/16";"Segunda";"18:10:00";"PR";376;"3";"SAO JOSE DOS PINHAIS";"Não guardar distância de segurança";"Colisão traseira";"Com Vítimas Feridas";"Pleno dia";"Crescente";"Nublado";"Dupla";"Reta";"Urbano";5;0;1;0;4;0;1;4
83435416;"01/02/16";"Segunda";"23:10:00";"SC";101;"41";"JOINVILLE";"Falta de atenção";"Colisão com bicicleta";"Com Vítimas Feridas";"Plena noite";"Crescente";"Chuva";"Dupla";"Reta";"Urbano";2;0;1;0;1;0;1;2
83435417;"01/02/16";"Segunda";"21:45:00";"RS";386;"279,9";"SAO JOSE DO HERVAL";"Falta de atenção";"Atropelamento de pessoa";"Com Vítimas Fatais";"Plena noite";"Decrescente";"Nublado";"Simples";"Reta";"Urbano";2;1;0;0;1;0;0;1
83435418;"01/02/16";"Segunda";"11:30:00";"SC";101;"343";"TUBARAO";"Não guardar distância de segurança";"Saída de Pista";"Sem Vítimas";"Pleno dia";"Decrescente";"Chuva";"Dupla";"Reta";"Urbano";1;0;0;0;1;0;0;1
83435419;"01/02/16";"Segunda";"20:10:00";"PR";277;"133";"BALSA NOVA";"Outras";"Colisão traseira";"Sem Vítimas";"Plena noite";"Crescente";"Ceu Claro";"Dupla";"Reta";"Rural";4;0;0;0;4;0;0;2
83435420;"02/02/16";"Terça";"00:50:00";"SC";101;"14,7";"GARUVA";"Falta de atenção";"Colisão com objeto fixo";"Sem Vítimas";"Plena noite";"Decrescente";"Chuva";"Dupla";"Reta";"Urbano";2;0;0;0;2;0;0;2
83435421;"02/02/16";"Terça";"04:00:00";"PR";277;"67";"SAO JOSE DOS PINHAIS";"Velocidade incompatível";"Saída de Pista";"Ignorado";"Plena noite";"Decrescente";"Nublado";"Múltipla";"Reta";"Urbano";1;0;0;0;0;1;0;1
83435422;"01/02/16";"Segunda";"19:00:00";"CE";116;"7,1";"FORTALEZA";"Outras";"Saída de Pista";"Sem Vítimas";"Plena noite";"Crescente";"Chuva";"Múltipla";"Curva";"Urbano";1;0;0;0;1;0;0;1
83435423;"01/02/16";"Segunda";"20:30:00";"MS";436;"9";"APARECIDA DO TABOADO";"Animais na Pista";"Atropelamento de animal";"Com Vítimas Feridas";"Plena noite";"Crescente";"Nublado";"Dupla";"Reta";"Rural";4;0;1;0;3;0;1;1
83435424;"01/02/16";"Segunda";"16:50:00";"MG";116;"338,7";"CAMPANARIO";"Dormindo";"Colisão traseira";"Com Vítimas Feridas";"Pleno dia";"Decrescente";"Sol";"Simples";"Reta";"Rural";3;0;2;0;1;0;2;2
83435425;"01/02/16";"Segunda";"11:00:00";"SE";101;"136";"ESTANCIA";"Outras";"Atropelamento de pessoa";"Com Vítimas Feridas";"Pleno dia";"Decrescente";"Ceu Claro";"Dupla";"Reta";"Urbano";2;0;1;0;0;1;1;1
83435426;"02/02/16";"Terça";"00:10:00";"MT";364;"507";"JANGADA";"Outras";"Saída de Pista";"Sem Vítimas";"Plena noite";"Crescente";"Nublado";"Simples";"Reta";"Rural";1;0;0;0;1;0;0;1
83435427;"01/02/16";"Segunda";"16:35:00";"PA";163;"999";"SANTAREM";"Falta de atenção";"Colisão Transversal";"Com Vítimas Feridas";"Pleno dia";"Crescente";"Ceu Claro";"Dupla";"Reta";"Urbano";3;0;1;0;2;0;1;2
83435428;"01/02/16";"Segunda";"12:30:00";"PB";230;"34,9";"SANTA RITA";"Falta de atenção";"Colisão Transversal";"Com Vítimas Feridas";"Pleno dia";"Crescente";"Ceu Claro";"Dupla";"Cruzamento";"Urbano";2;0;0;1;0;1;1;2
83435429;"02/02/16";"Terça";"01:40:00";"GO";40;"152,5";"CRISTALINA";"Dormindo";"Colisão lateral";"Com Vítimas Feridas";"Plena noite";"Crescente";"Ignorada";"Simples";"Reta";"Rural";3;0;2;0;1;0;2;2
83435430;"02/02/16";"Terça";"03:00:00";"SP";116;"462,2";"PARIQUERA-ACU";"Outras";"Tombamento";"Sem Vítimas";"Plena noite";"Crescente";"Nublado";"Dupla";"Reta";"Rural";2;0;0;0;2;0;0;1
83435431;"02/02/16";"Terça";"05:20:00";"SC";282;"510,4";"XANXERE";"Velocidade incompatível";"Saída de Pista";"Sem Vítimas";"Plena noite";"Decrescente";"Nevoeiro/neblina";"Simples";"Curva";"Rural";1;0;0;0;1;0;0;1
83435432;"01/02/16";"Segunda";"07:30:00";"RN";226;"1";"NATAL";"Ingestão de álcool";"Colisão traseira";"Com Vítimas Feridas";"Pleno dia";"Crescente";"Nublado";"Simples";"Reta";"Urbano";2;0;0;1;1;0;1;2
83435433;"01/02/16";"Segunda";"08:00:00";"MG";381;"688";"LAVRAS";"Falta de atenção";"Queda de motocicleta / bicicleta / veículo";"Com Vítimas Feridas";"Pleno dia";"Decrescente";"Ceu Claro";"Dupla";"Curva";"Rural";2;0;1;0;1;0;1;2
83435434;"02/02/16";"Terça";"01:05:00";"BA";116;"674,2";"JEQUIE";"Outras";"Queda de motocicleta / bicicleta / veículo";"Com Vítimas Feridas";"Plena noite";"Decrescente";"Ceu Claro";"Simples";"Reta";"Urbano";1;0;1;0;0;0;1;1
83435435;"02/02/16";"Terça";"05:00:00";"GO";60;"113";"GOIANAPOLIS";"Outras";"Colisão traseira";"Ignorado";"Plena noite";"Decrescente";"Ceu Claro";"Dupla";"Reta";"Rural";2;0;0;0;0;2;0;2
83435436;"02/02/16";"Terça";"04:45:00";"PR";376;"183";"SARANDI";"Desobediência à sinalização";"Colisão Transversal";"Com Vítimas Feridas";"Plena noite";"Crescente";"Nublado";"Dupla";"Reta";"Urbano";3;0;0;2;1;0;2;2
83435437;"01/02/16";"Segunda";"22:40:00";"SP";116;"223";"GUARULHOS";"Ingestão de álcool";"Tombamento";"Sem Vítimas";"Plena noite";"Crescente";"Ceu Claro";"Múltipla";"Reta";"Urbano";1;0;0;0;1;0;0;1
83435438;"01/02/16";"Segunda";"19:00:00";"MG";40;"134";"JOAO PINHEIRO";"Falta de atenção";"Colisão lateral";"Com Vítimas Feridas";"Anoitecer";"Crescente";"Ceu Claro";"Simples";"Reta";"Rural";2;0;1;0;1;0;1;2
83435439;"02/02/16";"Terça";"04:10:00";"BA";116;"425";"FEIRA DE SANTANA";"Animais na Pista";"Atropelamento de animal";"Com Vítimas Feridas";"Plena noite";"Decrescente";"Nublado";"Simples";"Reta";"Urbano";1;0;1;0;0;0;1;1
83435440;"02/02/16";"Terça";"04:30:00";"MG";381;"160,2";"GOVERNADOR VALADARES";"Animais na Pista";"Capotamento";"Sem Vítimas";"Plena noite";"Crescente";"Ignorada";"Simples";"Reta";"Rural";1;0;0;0;1;0;0;1
83435441;"02/02/16";"Terça";"05:40:00";"SC";280;"51,4";"GUARAMIRIM";"Desobediência à sinalização";"Colisão Transversal";"Com Vítimas Feridas";"Amanhecer";"Crescente";"Nublado";"Simples";"Cruzamento";"Rural";4;0;2;0;2;0;2;2
83435442;"01/02/16";"Segunda";"17:45:00";"SP";116;"216";"GUARULHOS";"Não guardar distância de segurança";"Colisão lateral";"Com Vítimas Feridas";"Pleno dia";"Decrescente";"Ceu Claro";"Múltipla";"Reta";"Urbano";3;0;2;0;1;0;2;2
83435443;"01/02/16";"Segunda";"17:30:00";"MG";40;"700";"BARBACENA";"Defeito mecânico em veículo";"Queda de motocicleta / bicicleta / veículo";"Com Vítimas Feridas";"Pleno dia";"Decrescente";"Ceu Claro";"Simples";"Curva";"Urbano";2;0;1;1;0;0;2;1
83435444;"28/01/16";"Quinta";"17:30:00";"MG";40;"595,2";"OURO PRETO";"Outras";"Colisão com objeto fixo";"Com Vítimas Feridas";"Anoitecer";"Crescente";"Ceu Claro";"Simples";"Reta";"Rural";2;0;1;0;1;0;1;1
83435445;"02/02/16";"Terça";"03:00:00";"RS";287;"462,1";"SAO BORJA";"Animais na Pista";"Atropelamento de animal";"Sem Vítimas";"Plena noite";"Crescente";"Ceu Claro";"Simples";"Reta";"Rural";2;0;0;0;2;0;0;1
83435446;"25/01/16";"Segunda";"17:15:00";"ES";101;"271";"SERRA";"Outras";"Tombamento";"Com Vítimas Feridas";"Pleno dia";"Crescente";"Chuva";"Simples";"Reta";"Urbano";1;0;1;0;0;0;1;1
83435447;"30/01/16";"Sábado";"00:00:00";"PE";101;"77,4";"RECIFE";"Falta de atenção";"Colisão Transversal";"Sem Vítimas";"Plena noite";"Crescente";"Ceu Claro";"Dupla";"Reta";"Urbano";2;0;0;0;2;0;0;2
83435448;"30/01/16";"Sábado";"11:45:00";"GO";153;"130,7";"MARA ROSA";"Falta de atenção";"Saída de Pista";"Com Vítimas Feridas";"Pleno dia";"Decrescente";"Ceu Claro";"Simples";"Reta";"Rural";1;0;1;0;0;0;1;1
83435449;"02/02/16";"Terça";"06:23:00";"PR";277;"579,6";"CASCAVEL";"Outras";"Colisão traseira";"Com Vítimas Feridas";"Amanhecer";"Crescente";"Nevoeiro/neblina";"Simples";"Reta";"Urbano";3;0;1;0;2;0;1;2
83435450;"29/01/16";"Sexta";"23:30:00";"MG";267;"40,9";"MARIPA DE MINAS";"Falta de atenção";"Colisão com objeto fixo";"Com Vítimas Feridas";"Plena noite";"Decrescente";"Ceu Claro";"Simples";"Reta";"Rural";2;0;1;0;1;0;1;2
83435451;"10/01/16";"Domingo";"23:45:00";"SE";101;"100,9";"SAO CRISTOVAO";"Outras";"Saída de Pista";"Com Vítimas Fatais";"Plena noite";"Decrescente";"Nublado";"Dupla";"Reta";"Rural";4;1;1;0;0;2;1;1
83435452;"01/02/16";"Segunda";"15:15:00";"PE";232;"250,8";"ARCOVERDE";"Falta de atenção";"Capotamento";"Com Vítimas Fatais";"Pleno dia";"Crescente";"Ceu Claro";"Simples";"Reta";"Rural";1;1;0;0;0;0;0;1
83435453;"29/01/16";"Sexta";"14:50:00";"MG";116;"84,4";"MEDINA";"Outras";"Colisão Transversal";"Com Vítimas Feridas";"Pleno dia";"Decrescente";"Ceu Claro";"Simples";"Reta";"Rural";2;0;1;0;1;0;1;2
83435454;"02/02/16";"Terça";"06:00:00";"MG";381;"361";"JOAO MONLEVADE";"Dormindo";"Tombamento";"Com Vítimas Feridas";"Amanhecer";"Decrescente";"Ceu Claro";"Simples";"Curva";"Urbano";1;0;1;0;0;0;1;1
83435455;"29/01/16";"Sexta";"15:30:00";"ES";101;"273";"SERRA";"Outras";"Capotamento";"Com Vítimas Feridas";"Pleno dia";"Decrescente";"Ceu Claro";"Dupla";"Curva";"Urbano";1;0;1;0;0;0;1;1
83435456;"30/01/16";"Sábado";"02:30:00";"MG";135;"586,1";"CORINTO";"Outras";"Capotamento";"Com Vítimas Feridas";"Plena noite";"Decrescente";"Nublado";"Simples";"Reta";"Rural";3;0;2;1;0;0;3;1
83435457;"29/01/16";"Sexta";"12:00:00";"MG";381;"502";"BETIM";"Outras";"Colisão traseira";"Sem Vítimas";"Pleno dia";"Decrescente";"Ceu Claro";"Dupla";"Reta";"Urbano";2;0;0;0;2;0;0;2
83435458;"31/01/16";"Domingo";"06:00:00";"BA";116;"819,2";"VITORIA DA CONQUISTA";"Dormindo";"Capotamento";"Com Vítimas Feridas";"Amanhecer";"Crescente";"Nublado";"Dupla";"Curva";"Rural";5;0;4;0;1;0;4;1
83435459;"02/02/16";"Terça";"04:10:00";"PB";104;"134,5";"QUEIMADAS";"Falta de atenção";"Atropelamento de animal";"Sem Vítimas";"Plena noite";"Decrescente";"Chuva";"Simples";"Reta";"Rural";1;0;0;0;1;0;0;1
83435460;"31/01/16";"Domingo";"19:20:00";"SC";282;"416,6";"VARGEM BONITA";"Ingestão de álcool";"Colisão frontal";"Com Vítimas Feridas";"Plena noite";"Decrescente";"Chuva";"Simples";"Curva";"Rural";9;0;5;0;4;0;5;3
83435461;"29/01/16";"Sexta";"18:15:00";"SP";116;"128";"CACAPAVA";"Falta de atenção";"Tombamento";"Com Vítimas Feridas";"Anoitecer";"Decrescente";"Ceu Claro";"Dupla";"Reta";"Urbano";1;0;1;0;0;0;1;1
83435462;"29/01/16";"Sexta";"23:00:00";"RJ";101;"185";"RIO DAS OSTRAS";"Falta de atenção";"Colisão com objeto fixo";"Sem Vítimas";"Plena noite";"Crescente";"Ceu Claro";"Simples";"Reta";"Rural";1;0;0;0;1;0;0;1
83435463;"31/01/16";"Domingo";"06:20:00";"DF";20;"19";"BRASILIA";"Velocidade incompatível";"Colisão traseira";"Com Vítimas Feridas";"Amanhecer";"Decrescente";"Ceu Claro";"Dupla";"Reta";"Urbano";6;0;3;0;3;0;3;2
83435464;"02/02/16";"Terça";"08:35:00";"RS";386;"434";"NOVA SANTA RITA";"Não guardar distância de segurança";"Colisão traseira";"Sem Vítimas";"Pleno dia";"Crescente";"Nublado";"Dupla";"Reta";"Rural";2;0;0;0;2;0;0;2
83435465;"01/02/16";"Segunda";"20:20:00";"RJ";40;"124";"DUQUE DE CAXIAS";"Outras";"Atropelamento de pessoa";"Com Vítimas Feridas";"Plena noite";"Decrescente";"Ceu Claro";"Múltipla";"Reta";"Urbano";2;0;0;1;0;1;1;1
83435466;"30/01/16";"Sábado";"05:20:00";"PR";376;"651";"TIJUCAS DO SUL";"Ingestão de álcool";"Colisão traseira";"Com Vítimas Feridas";"Plena noite";"Decrescente";"Nublado";"Dupla";"Reta";"Rural";2;0;1;0;1;0;1;2
83435467;"30/01/16";"Sábado";"20:10:00";"ES";101;"0,4";"SERRA";"Velocidade incompatível";"Colisão Transversal";"Com Vítimas Feridas";"Plena noite";"Crescente";"Ceu Claro";"Múltipla";"Curva";"Urbano";2;0;1;0;1;0;1;2
83435468;"30/01/16";"Sábado";"20:20:00";"AL";316;"250,3";"ATALAIA";"Falta de atenção";"Queda de motocicleta / bicicleta / veículo";"Com Vítimas Feridas";"Plena noite";"Crescente";"Nublado";"Simples";"Cruzamento";"Rural";1;0;1;0;0;0;1;1
83435469;"30/01/16";"Sábado";"02:30:00";"RS";116;"368,1";"TAPES";"Animais na Pista";"Atropelamento de animal";"Sem Vítimas";"Plena noite";"Decrescente";"Chuva";"Simples";"Reta";"Rural";1;0;0;0;1;0;0;1
83435471;"30/01/16";"Sábado";"02:50:00";"RJ";116;"183";"NOVA IGUACU";"Falta de atenção";"Queda de motocicleta / bicicleta / veículo";"Com Vítimas Fatais";"Plena noite";"Decrescente";"Ceu Claro";"Dupla";"Reta";"Urbano";3;2;0;0;0;1;0;2
83435472;"01/01/16";"Sexta";"05:20:00";"CE";222;"101,4";"UMIRIM";"Dormindo";"Colisão frontal";"Com Vítimas Feridas";"Amanhecer";"Decrescente";"Nublado";"Simples";"Curva";"Rural";5;0;1;4;0;0;5;2
83435473;"31/01/16";"Domingo";"04:00:00";"BA";101;"802";"ITAMARAJU";"Velocidade incompatível";"Colisão frontal";"Com Vítimas Feridas";"Plena noite";"Crescente";"Nublado";"Simples";"Curva";"Rural";2;0;0;1;0;1;1;2
83435474;"29/01/16";"Sexta";"23:50:00";"SC";101;"284,9";"IMBITUBA";"Falta de atenção";"Colisão lateral";"Com Vítimas Fatais";"Plena noite";"Decrescente";"Ceu Claro";"Dupla";"Reta";"Urbano";3;1;0;0;2;0;0;3
83435476;"31/01/16";"Domingo";"22:45:00";"SP";116;"230";"SAO PAULO";"Defeito mecânico em veículo";"Colisão traseira";"Sem Vítimas";"Plena noite";"Decrescente";"Ceu Claro";"Múltipla";"Reta";"Urbano";2;0;0;0;2;0;0;2
83435477;"05/01/16";"Terça";"13:20:00";"RS";287;"304,7";"SAO PEDRO DO SUL";"Ultrapassagem indevida";"Colisão frontal";"Com Vítimas Fatais";"Pleno dia";"Crescente";"Nublado";"Simples";"Reta";"Rural";4;1;2;1;0;0;3;2
83435478;"02/02/16";"Terça";"07:15:00";"RS";116;"266";"CANOAS";"Defeito mecânico em veículo";"Queda de motocicleta / bicicleta / veículo";"Com Vítimas Feridas";"Pleno dia";"Crescente";"Ceu Claro";"Múltipla";"Reta";"Urbano";2;0;2;0;0;0;2;1
83435479;"29/01/16";"Sexta";"19:35:00";"RS";392;"48,9";"RIO GRANDE";"Falta de atenção";"Capotamento";"Sem Vítimas";"Pleno dia";"Crescente";"Nublado";"Dupla";"Reta";"Rural";1;0;0;0;1;0;0;1
83435480;"29/01/16";"Sexta";"21:40:00";"MG";135;"377,3";"MONTES CLAROS";"Falta de atenção";"Colisão lateral";"Com Vítimas Fatais";"Plena noite";"Decrescente";"Ceu Claro";"Simples";"Reta";"Rural";3;1;0;1;1;0;1;2
83435482;"29/01/16";"Sexta";"16:30:00";"SC";101;"208";"SAO JOSE";"Não guardar distância de segurança";"Colisão traseira";"Com Vítimas Feridas";"Pleno dia";"Decrescente";"Sol";"Dupla";"Reta";"Urbano";2;0;1;0;1;0;1;2
83435483;"29/01/16";"Sexta";"17:24:00";"BA";324;"542";"AMELIA RODRIGUES";"Outras";"Atropelamento de pessoa";"Com Vítimas Fatais";"Pleno dia";"Decrescente";"Ceu Claro";"Dupla";"Reta";"Urbano";2;1;0;0;1;0;0;1
83435484;"02/02/16";"Terça";"08:30:00";"MG";116;"702,4";"MURIAE";"Dormindo";"Colisão traseira";"Sem Vítimas";"Pleno dia";"Crescente";"Sol";"Simples";"Cruzamento";"Urbano";2;0;0;0;2;0;0;2
83435485;"30/01/16";"Sábado";"18:00:00";"RS";290;"114,4";"ELDORADO DO SUL";"Não guardar distância de segurança";"Colisão traseira";"Sem Vítimas";"Pleno dia";"Decrescente";"Sol";"Simples";"Reta";"Rural";2;0;0;0;2;0;0;2
83435487;"30/01/16";"Sábado";"06:00:00";"DF";20;"40";"BRASILIA";"Velocidade incompatível";"Saída de Pista";"Sem Vítimas";"Plena noite";"Crescente";"Ceu Claro";"Dupla";"Reta";"Rural";1;0;0;0;1;0;0;1
83435490;"29/01/16";"Sexta";"15:00:00";"MG";365;"332";"SAO GONCALO DO ABAETE";"Outras";"Saída de Pista";"Com Vítimas Feridas";"Pleno dia";"Decrescente";"Chuva";"Simples";"Reta";"Rural";1;0;1;0;0;0;1;1
83435491;"30/01/16";"Sábado";"02:30:00";"GO";40;"11,5";"LUZIANIA";"Outras";"Capotamento";"Ignorado";"Plena noite";"Crescente";"Chuva";"Dupla";"Reta";"Urbano";1;0;0;0;0;1;0;1
83435492;"31/01/16";"Domingo";"22:50:00";"PE";428;"176";"PETROLINA";"Outras";"Capotamento";"Com Vítimas Fatais";"Plena noite";"Crescente";"Chuva";"Simples";"Reta";"Rural";5;2;1;2;0;0;3;1
83435494;"21/01/16";"Quinta";"17:10:00";"MG";40;"683,2";"RESSAQUINHA";"Velocidade incompatível";"Colisão traseira";"Sem Vítimas";"Pleno dia";"Decrescente";"Chuva";"Simples";"Reta";"Rural";3;0;0;0;1;2;0;3
83435495;"30/01/16";"Sábado";"01:40:00";"ES";262;"1,3";"CARIACICA";"Velocidade incompatível";"Colisão lateral";"Com Vítimas Feridas";"Plena noite";"Crescente";"Ceu Claro";"Múltipla";"Curva";"Urbano";3;0;2;0;1;0;2;2
83435496;"30/01/16";"Sábado";"02:35:00";"RS";116;"482,2";"TURUCU";"Falta de atenção";"Tombamento";"Com Vítimas Feridas";"Plena noite";"Crescente";"Nublado";"Simples";"Curva";"Urbano";2;0;2;0;0;0;2;1
83435497;"02/02/16";"Terça";"06:20:00";"PR";376;"176,3";"MARINGA";"Falta de atenção";"Colisão com bicicleta";"Com Vítimas Feridas";"Amanhecer";"Crescente";"Ceu Claro";"Dupla";"Cruzamento";"Urbano";2;0;1;0;1;0;1;2
83435498;"27/01/16";"Quarta";"16:00:00";"SP";116;"218";"GUARULHOS";"Outras";"Colisão lateral";"Com Vítimas Feridas";"Pleno dia";"Decrescente";"Chuva";"Múltipla";"Reta";"Urbano";2;0;1;0;1;0;1;2
83435499;"26/01/16";"Terça";"22:42:00";"PR";277;"446";"LARANJEIRAS DO SUL";"Ultrapassagem indevida";"Colisão frontal";"Com Vítimas Fatais";"Plena noite";"Crescente";"Ceu Claro";"Simples";"Reta";"Rural";2;1;0;0;1;0;0;2
83435500;"07/01/16";"Quinta";"04:45:00";"CE";116;"20,9";"ITAITINGA";"Outras";"Colisão traseira";"Com Vítimas Feridas";"Amanhecer";"Decrescente";"Ignorada";"Dupla";"Reta";"Urbano";2;0;1;0;1;0;1;2
83435501;"31/01/16";"Domingo";"06:30:00";"BA";101;"913";"NOVA VICOSA";"Outras";"Saída de Pista";"Com Vítimas Feridas";"Amanhecer";"Decrescente";"Ceu Claro";"Simples";"Reta";"Rural";4;0;0;4;0;0;4;1
83435503;"08/01/16";"Sexta";"08:15:00";"RR";174;"506";"BOA VISTA";"Falta de atenção";"Atropelamento de pessoa";"Com Vítimas Feridas";"Amanhecer";"Decrescente";"Ceu Claro";"Dupla";"Reta";"Urbano";2;0;1;0;0;1;1;1
83435505;"02/02/16";"Terça";"10:00:00";"RS";101;"60,1";"MAQUINE";"Falta de atenção";"Saída de Pista";"Sem Vítimas";"Pleno dia";"Crescente";"Nublado";"Dupla";"Reta";"Rural";1;0;0;0;1;0;0;1
83435506;"27/01/16";"Quarta";"13:00:00";"PR";277;"15";"PARANAGUA";"Ultrapassagem indevida";"Capotamento";"Com Vítimas Feridas";"Pleno dia";"Crescente";"Chuva";"Dupla";"Curva";"Rural";2;0;2;0;0;0;2;1
83435507;"02/02/16";"Terça";"09:00:00";"RS";116;"257,5";"ESTEIO";"Falta de atenção";"Colisão Transversal";"Com Vítimas Feridas";"Pleno dia";"Crescente";"Sol";"Múltipla";"Reta";"Urbano";2;0;1;0;1;0;1;2
83435508;"31/01/16";"Domingo";"18:30:00";"SC";282;"89";"ALFREDO WAGNER";"Falta de atenção";"Saída de Pista";"Sem Vítimas";"Pleno dia";"Crescente";"Chuva";"Simples";"Curva";"Rural";1;0;0;0;1;0;0;1
83435509;"02/02/16";"Terça";"07:30:00";"MS";60;"586,5";"JARDIM";"Falta de atenção";"Colisão com bicicleta";"Com Vítimas Feridas";"Pleno dia";"Crescente";"Ceu Claro";"Simples";"Curva";"Urbano";2;0;1;0;1;0;1;2
83435510;"02/01/16";"Sábado";"16:30:00";"MS";163;"618";"SAO GABRIEL DO OESTE";"Defeito mecânico em veículo";"Saída de Pista";"Com Vítimas Feridas";"Pleno dia";"Decrescente";"Nublado";"Simples";"Reta";"Rural";5;0;1;0;4;0;1;1
83435511;"15/01/16";"Sexta";"10:30:00";"MS";60;"536,3";"NIOAQUE";"Velocidade incompatível";"Colisão com objeto fixo";"Com Vítimas Feridas";"Pleno dia";"Crescente";"Ceu Claro";"Simples";"Curva";"Urbano";1;0;0;1;0;0;1;1
83435512;"15/01/16";"Sexta";"12:00:00";"MG";365;"402";"PATOS DE MINAS";"Velocidade incompatível";"Colisão frontal";"Com Vítimas Feridas";"Pleno dia";"Crescente";"Chuva";"Simples";"Curva";"Rural";3;0;1;0;2;0;1;2
83435514;"03/01/16";"Domingo";"14:00:00";"BA";242;"831";"BARREIRAS";"Ultrapassagem indevida";"Capotamento";"Com Vítimas Feridas";"Pleno dia";"Crescente";"Nublado";"Simples";"Reta";"Rural";3;0;2;1;0;0;3;1
83435515;"02/02/16";"Terça";"10:00:00";"PR";163;"85";"CAPANEMA";"Não guardar distância de segurança";"Colisão traseira";"Sem Vítimas";"Pleno dia";"Crescente";"Chuva";"Simples";"Reta";"Rural";5;0;0;0;5;0;0;3
83435516;"30/01/16";"Sábado";"22:20:00";"PR";277;"343,1";"GUARAPUAVA";"Falta de atenção";"Saída de Pista";"Com Vítimas Fatais";"Plena noite";"Decrescente";"Nublado";"Dupla";"Reta";"Urbano";2;1;0;1;0;0;1;1
83435517;"30/01/16";"Sábado";"05:00:00";"GO";50;"107";"CRISTALINA";"Falta de atenção";"Atropelamento de animal";"Ignorado";"Plena noite";"Crescente";"Nublado";"Dupla";"Reta";"Rural";1;0;0;0;0;1;0;1
83435518;"05/01/16";"Terça";"08:40:00";"MS";158;"201,9";"TRES LAGOAS";"Outras";"Colisão traseira";"Com Vítimas Fatais";"Pleno dia";"Decrescente";"Ceu Claro";"Simples";"Reta";"Rural";3;1;0;1;1;0;1;2
83435519;"02/02/16";"Terça";"07:30:00";"RJ";116;"182";"NOVA IGUACU";"Outras";"Colisão traseira";"Sem Vítimas";"Pleno dia";"Decrescente";"Ceu Claro";"Dupla";"Reta";"Urbano";8;0;0;0;8;0;0;8
83435520;"21/01/16";"Quinta";"14:10:00";"AL";101;"34";"JOAQUIM GOMES";"Outras";"Capotamento";"Sem Vítimas";"Pleno dia";"Crescente";"Chuva";"Dupla";"Curva";"Rural";4;0;0;0;4;0;0;1
83435521;"22/01/16";"Sexta";"01:05:00";"MG";381;"889,8";"CAMBUI";"Dormindo";"Capotamento";"Com Vítimas Feridas";"Plena noite";"Crescente";"Nublado";"Dupla";"Reta";"Rural";1;0;1;0;0;0;1;1
83435522;"02/02/16";"Terça";"10:10:00";"RJ";116;"187";"QUEIMADOS";"Desobediência à sinalização";"Capotamento";"Com Vítimas Feridas";"Pleno dia";"Crescente";"Ceu Claro";"Dupla";"Reta";"Urbano";1;0;1;0;0;0;1;1
83435523;"01/01/16";"Sexta";"07:30:00";"PR";369;"190,8";"ARAPONGAS";"Dormindo";"Saída de Pista";"Com Vítimas Feridas";"Amanhecer";"Decrescente";"Nublado";"Dupla";"Reta";"Rural";1;0;1;0;0;0;1;1
83435524;"31/01/16";"Domingo";"14:30:00";"PR";277;"78";"CURITIBA";"Outras";"Saída de Pista";"Com Vítimas Feridas";"Pleno dia";"Decrescente";"Ceu Claro";"Dupla";"Reta";"Urbano";1;0;1;0;0;0;1;1
83435525;"29/01/16";"Sexta";"11:30:00";"RS";116;"105";"CAXIAS DO SUL";"Velocidade incompatível";"Tombamento";"Com Vítimas Feridas";"Pleno dia";"Decrescente";"Ceu Claro";"Simples";"Curva";"Rural";1;0;1;0;0;0;1;1
83435526;"31/01/16";"Domingo";"13:40:00";"SC";282;"39,5";"AGUAS MORNAS";"Falta de atenção";"Tombamento";"Com Vítimas Feridas";"Pleno dia";"Crescente";"Chuva";"Simples";"Reta";"Rural";2;0;1;0;1;0;1;1