"id";"data_inversa";"dia_semana";"horario";"uf";"br";"km";"municipio";"causa_acidente";"tipo_acidente";"classificacao_acidente";"fase_dia";"sentido_via";"condicao_metereologica";"tipo_pista";"tracado_via";"uso_solo";"pessoas";"mortos";"feridos_leves";"feridos_graves";"ilesos";"ignorados";"feridos";"veiculos"
83435757;"02/02/16";"Terça";"13:20:00";"ES";262;"4";"CARIACICA";"Falta de atenção";"Colisão lateral";"Com Vítimas Feridas";"Pleno dia";"Crescente";"Ceu Claro";"Dupla";"Reta";"Urbano";2;0;1;0;0;1;1;2
83435758;"03/02/16";"Quarta";"04:50:00";"SP";116;"474,9";"JACUPIRANGA";"Dormindo";"Saída de Pista";"Sem Vítimas";"Plena noite";"Decrescente";"Ceu Claro";"Dupla";"Reta";"Rural";1;0;0;0;1;0;0;1
83435759;"02/02/16";"Terça";"19:40:00";"ES";259;"4,6";"JOAO NEIVA";"Ultrapassagem indevida";"Colisão frontal";"Com Vítimas Fatais";"Plena noite";"Decrescente";"Ceu Claro";"Simples";"Reta";"Rural";3;1;0;2;0;0;2;2
83435760;"30/01/16";"Sábado";"06:00:00";"MG";381;"667";"PERDOES";"Outras";"Queda de motocicleta / bicicleta / veículo";"Com Vítimas Feridas";"Amanhecer";"Crescente";"Chuva";"Dupla";"Curva";"Rural";2;0;2;0;0;0;2;1
83435761;"03/02/16";"Quarta";"00:10:00";"SE";101;"87,9";"NOSSA SENHORA DO SOCORRO";"Dormindo";"Tombamento";"Sem Vítimas";"Plena noite";"Crescente";"Nublado";"Dupla";"Reta";"Rural";1;0;0;0;1;0;0;1
83435762;"02/02/16";"Terça";"23:20:00";"BA";116;"822";"VITORIA DA CONQUISTA";"Defeito mecânico em veículo";"Saída de Pista";"Sem Vítimas";"Plena noite";"Crescente";"Ceu Claro";"Dupla";"Reta";"Urbano";1;0;0;0;1;0;0;1
83435763;"02/02/16";"Terça";"18:20:00";"MG";381;"482";"BETIM";"Ingestão de álcool";"Colisão traseira";"Sem Vítimas";"Anoitecer";"Decrescente";"Ceu Claro";"Dupla";"Reta";"Urbano";3;0;0;0;3;0;0;3
83435764;"31/01/16";"Domingo";"02:55:00";"MG";381;"497,5";"BETIM";"Ingestão de álcool";"Queda de motocicleta / bicicleta / veículo";"Com Vítimas Feridas";"Plena noite";"Crescente";"Ceu Claro";"Múltipla";"Curva";"Urbano";1;0;1;0;0;0;1;1
83435766;"03/02/16";"Quarta";"04:50:00";"MG";50;"181";"UBERABA";"Ingestão de álcool";"Queda de motocicleta / bicicleta / veículo";"Com Vítimas Feridas";"Plena noite";"Crescente";"Nublado";"Dupla";"Reta";"Urbano";1;0;1;0;0;0;1;1
83435767;"30/01/16";"Sábado";"23:55:00";"MG";381;"479,7";"CONTAGEM";"Outras";"Colisão Transversal";"Com Vítimas Feridas";"Plena noite";"Crescente";"Ceu Claro";"Múltipla";"Reta";"Urbano";7;0;3;2;2;0;5;2
83435768;"30/01/16";"Sábado";"21:00:00";"MG";381;"486";"BETIM";"Dormindo";"Capotamento";"Sem Vítimas";"Plena noite";"Crescente";"Ceu Claro";"Dupla";"Reta";"Urbano";1;0;0;0;1;0;0;1
83435769;"03/02/16";"Quarta";"06:55:00";"PR";369;"425,1";"JURANDA";"Falta de atenção";"Colisão traseira";"Com Vítimas Feridas";"Pleno dia";"Crescente";"Nublado";"Simples";"Reta";"Rural";3;0;2;0;1;0;2;2
83435770;"10/01/16";"Domingo";"20:30:00";"BA";407;"158";"FILADELFIA";"Falta de atenção";"Colisão Transversal";"Com Vítimas Feridas";"Plena noite";"Decrescente";"Ceu Claro";"Simples";"Reta";"Rural";3;0;2;0;1;0;2;2
83435771;"31/01/16";"Domingo";"01:00:00";"PR";277;"532,8";"IBEMA";"Falta de atenção";"Colisão frontal";"Com Vítimas Feridas";"Plena noite";"Crescente";"Chuva";"Simples";"Curva";"Rural";2;0;1;1;0;0;2;2
83435772;"30/01/16";"Sábado";"22:20:00";"SC";101;"357";"SANGAO";"Defeito na via";"Saída de Pista";"Com Vítimas Feridas";"Plena noite";"Crescente";"Chuva";"Simples";"Reta";"Urbano";2;0;1;0;1;0;1;1
83435773;"02/02/16";"Terça";"19:15:00";"MT";163;"560";"DIAMANTINO";"Outras";"Colisão frontal";"Com Vítimas Fatais";"Anoitecer";"Crescente";"Chuva";"Simples";"Reta";"Rural";3;1;1;0;1;0;1;2
83435774;"19/01/16";"Terça";"23:00:00";"SP";116;"343";"MIRACATU";"Defeito mecânico em veículo";"Incêndio";"Sem Vítimas";"Plena noite";"Decrescente";"Ceu Claro";"Dupla";"Reta";"Rural";1;0;0;0;1;0;0;1
83435775;"26/01/16";"Terça";"19:20:00";"SP";153;"332,6";"SALTO GRANDE";"Falta de atenção";"Colisão Transversal";"Com Vítimas Feridas";"Anoitecer";"Decrescente";"Ceu Claro";"Simples";"Reta";"Rural";2;0;1;0;1;0;1;2
83435776;"02/02/16";"Terça";"19:50:00";"CE";116;"149,1";"RUSSAS";"Ultrapassagem indevida";"Colisão frontal";"Sem Vítimas";"Plena noite";"Crescente";"Nublado";"Simples";"Reta";"Rural";4;0;0;0;4;0;0;2
83435778;"03/02/16";"Quarta";"05:10:00";"MS";163;"751,2";"COXIM";"Dormindo";"Colisão frontal";"Com Vítimas Feridas";"Plena noite";"Crescente";"Ceu Claro";"Simples";"Reta";"Rural";3;0;1;1;1;0;2;2
83435779;"30/01/16";"Sábado";"15:30:00";"GO";153;"504,4";"GOIANIA";"Outras";"Colisão traseira";"Com Vítimas Feridas";"Pleno dia";"Crescente";"Ceu Claro";"Dupla";"Reta";"Urbano";2;0;1;0;1;0;1;2
83435780;"15/01/16";"Sexta";"01:00:00";"SC";282;"448,2";"PONTE SERRADA";"Dormindo";"Saída de Pista";"Sem Vítimas";"Plena noite";"Decrescente";"Ceu Claro";"Simples";"Curva";"Rural";1;0;0;0;1;0;0;1
83435781;"02/02/16";"Terça";"13:30:00";"MT";364;"20";"ALTO ARAGUAIA";"Defeito mecânico em veículo";"Colisão traseira";"Sem Vítimas";"Pleno dia";"Crescente";"Sol";"Simples";"Reta";"Rural";3;0;0;0;3;0;0;3
83435782;"03/02/16";"Quarta";"05:50:00";"SP";116;"230";"SAO PAULO";"Falta de atenção";"Colisão traseira";"Sem Vítimas";"Amanhecer";"Crescente";"Ceu Claro";"Múltipla";"Reta";"Urbano";4;0;0;0;3;1;0;4
83435784;"30/01/16";"Sábado";"11:30:00";"MG";381;"436";"SABARA";"Outras";"Capotamento";"Com Vítimas Feridas";"Plena noite";"Crescente";"Ceu Claro";"Simples";"Reta";"Rural";2;0;1;0;1;0;1;2
83435785;"31/01/16";"Domingo";"04:30:00";"PR";376;"180";"MARINGA";"Outras";"Saída de Pista";"Sem Vítimas";"Plena noite";"Decrescente";"Ceu Claro";"Dupla";"Reta";"Urbano";1;0;0;0;1;0;0;1
83435786;"03/02/16";"Quarta";"08:15:00";"RJ";116;"144";"DUQUE DE CAXIAS";"Falta de atenção";"Colisão traseira";"Sem Vítimas";"Pleno dia";"Crescente";"Ceu Claro";"Dupla";"Reta";"Urbano";2;0;0;0;2;0;0;2
83435788;"03/02/16";"Quarta";"06:30:00";"DF";40;"2,8";"BRASILIA";"Falta de atenção";"Colisão traseira";"Sem Vítimas";"Pleno dia";"Decrescente";"Ceu Claro";"Dupla";"Reta";"Urbano";2;0;0;0;2;0;0;2
83435789;"30/01/16";"Sábado";"05:00:00";"MG";40;"484,1";"SETE LAGOAS";"Falta de atenção";"Queda de motocicleta / bicicleta / veículo";"Com Vítimas Feridas";"Plena noite";"Decrescente";"Ceu Claro";"Dupla";"Curva";"Rural";2;0;1;1;0;0;2;1
83435790;"30/01/16";"Sábado";"14:30:00";"BA";116;"776,9";"PLANALTO";"Falta de atenção";"Atropelamento de pessoa";"Com Vítimas Feridas";"Pleno dia";"Decrescente";"Ceu Claro";"Simples";"Reta";"Urbano";2;0;1;0;1;0;1;1
83435791;"14/01/16";"Quinta";"12:30:00";"SP";116;"92,2";"ROSEIRA";"Outras";"Colisão traseira";"Sem Vítimas";"Pleno dia";"Crescente";"Sol";"Dupla";"Reta";"Urbano";2;0;0;0;2;0;0;2
83435792;"31/01/16";"Domingo";"07:00:00";"PR";163;"153";"SANTA LUCIA";"Dormindo";"Colisão frontal";"Com Vítimas Fatais";"Amanhecer";"Decrescente";"Nublado";"Simples";"Curva";"Rural";3;1;1;0;1;0;1;2
83435793;"02/02/16";"Terça";"19:30:00";"GO";60;"288";"ACREUNA";"Outras";"Capotamento";"Sem Vítimas";"Anoitecer";"Crescente";"Chuva";"Dupla";"Reta";"Rural";3;0;0;0;3;0;0;1
83435794;"03/02/16";"Quarta";"03:00:00";"PE";104;"78,5";"AGRESTINA";"Ingestão de álcool";"Colisão frontal";"Com Vítimas Feridas";"Plena noite";"Crescente";"Ceu Claro";"Simples";"Reta";"Rural";3;0;0;2;1;0;2;2
83435795;"03/02/16";"Quarta";"07:30:00";"SC";101;"135,1";"BALNEARIO CAMBORIU";"Desobediência à sinalização";"Colisão lateral";"Com Vítimas Feridas";"Pleno dia";"Decrescente";"Ceu Claro";"Dupla";"Reta";"Urbano";3;0;3;0;0;0;3;2
83435796;"30/01/16";"Sábado";"14:00:00";"PR";277;"634";"CEU AZUL";"Não guardar distância de segurança";"Colisão lateral";"Sem Vítimas";"Pleno dia";"Crescente";"Chuva";"Simples";"Reta";"Rural";2;0;0;0;2;0;0;2
83435798;"30/01/16";"Sábado";"21:30:00";"MG";116;"481";"DOM CAVATI";"Desobediência à sinalização";"Atropelamento de pessoa";"Com Vítimas Feridas";"Plena noite";"Crescente";"Ceu Claro";"Simples";"Reta";"Rural";2;0;0;1;0;1;1;1
83435799;"31/01/16";"Domingo";"00:10:00";"SC";101;"410,3";"ARARANGUA";"Falta de atenção";"Colisão com objeto fixo";"Sem Vítimas";"Plena noite";"Decrescente";"Chuva";"Simples";"Cruzamento";"Urbano";1;0;0;0;1;0;0;1
83435800;"26/01/16";"Terça";"17:00:00";"RJ";101;"61";"CAMPOS DOS GOYTACAZES";"Desobediência à sinalização";"Colisão Transversal";"Com Vítimas Feridas";"Pleno dia";"Crescente";"Ceu Claro";"Simples";"Reta";"Urbano";2;0;2;0;0;0;2;2
83435802;"01/02/16";"Segunda";"08:40:00";"MT";364;"210";"RONDONOPOLIS";"Outras";"Danos Eventuais";"Sem Vítimas";"Pleno dia";"Crescente";"Sol";"Dupla";"Reta";"Rural";1;0;0;0;1;0;0;1
83435803;"31/01/16";"Domingo";"03:30:00";"PE";232;"212,2";"PESQUEIRA";"Dormindo";"Colisão frontal";"Com Vítimas Feridas";"Plena noite";"Decrescente";"Ceu Claro";"Simples";"Reta";"Rural";3;0;1;1;1;0;2;2
83435804;"03/02/16";"Quarta";"07:40:00";"PR";376;"201";"MANDAGUARI";"Defeito mecânico em veículo";"Colisão com objeto fixo";"Sem Vítimas";"Pleno dia";"Decrescente";"Nublado";"Dupla";"Reta";"Rural";2;0;0;0;2;0;0;2
83435806;"30/01/16";"Sábado";"20:10:00";"CE";20;"380";"CAUCAIA";"Outras";"Saída de Pista";"Com Vítimas Feridas";"Plena noite";"Crescente";"Chuva";"Simples";"Reta";"Rural";1;0;0;1;0;0;1;1
83435807;"31/01/16";"Domingo";"04:40:00";"PR";376;"179,9";"MARINGA";"Ingestão de álcool";"Colisão traseira";"Sem Vítimas";"Plena noite";"Decrescente";"Ceu Claro";"Dupla";"Reta";"Urbano";2;0;0;0;2;0;0;2
83435808;"31/01/16";"Domingo";"03:20:00";"PR";476;"136";"CURITIBA";"Ingestão de álcool";"Colisão traseira";"Com Vítimas Feridas";"Plena noite";"Crescente";"Ceu Claro";"Múltipla";"Curva";"Urbano";3;0;1;0;2;0;1;3
83435809;"03/02/16";"Quarta";"06:00:00";"MT";163;"760";"SORRISO";"Dormindo";"Saída de Pista";"Sem Vítimas";"Amanhecer";"Decrescente";"Ceu Claro";"Simples";"Reta";"Rural";1;0;0;0;1;0;0;1
83435810;"03/02/16";"Quarta";"08:55:00";"PR";277;"580,6";"CASCAVEL";"Desobediência à sinalização";"Colisão Transversal";"Com Vítimas Feridas";"Pleno dia";"Crescente";"Nublado";"Simples";"Reta";"Urbano";2;0;1;0;1;0;1;2
83435811;"01/02/16";"Segunda";"05:10:00";"RN";304;"46,7";"MOSSORO";"Velocidade incompatível";"Queda de motocicleta / bicicleta / veículo";"Com Vítimas Fatais";"Amanhecer";"Crescente";"Nublado";"Dupla";"Reta";"Urbano";2;1;0;1;0;0;1;1
83435813;"30/01/16";"Sábado";"20:20:00";"MG";381;"583,5";"CARMOPOLIS DE MINAS";"Defeito mecânico em veículo";"Saída de Pista";"Sem Vítimas";"Anoitecer";"Decrescente";"Ceu Claro";"Dupla";"Reta";"Rural";1;0;0;0;1;0;0;1
83435814;"30/01/16";"Sábado";"21:30:00";"MT";158;"667,9";"NOVA XAVANTINA";"Dormindo";"Capotamento";"Com Vítimas Feridas";"Plena noite";"Decrescente";"Ceu Claro";"Simples";"Curva";"Rural";1;0;1;0;0;0;1;1
83435815;"30/01/16";"Sábado";"20:45:00";"SC";101;"238";"PALHOCA";"Ingestão de álcool";"Colisão traseira";"Com Vítimas Feridas";"Plena noite";"Crescente";"Nublado";"Dupla";"Reta";"Rural";2;0;1;0;1;0;1;2
83435817;"12/01/16";"Terça";"16:00:00";"MG";381;"385";"SAO GONCALO DO RIO ABAIXO";"Velocidade incompatível";"Saída de Pista";"Com Vítimas Feridas";"Pleno dia";"Crescente";"Chuva";"Simples";"Reta";"Rural";1;0;1;0;0;0;1;1
83435818;"03/02/16";"Quarta";"08:45:00";"PR";116;"22";"CAMPINA GRANDE DO SUL";"Falta de atenção";"Saída de Pista";"Com Vítimas Feridas";"Amanhecer";"Crescente";"Ceu Claro";"Dupla";"Curva";"Rural";1;0;1;0;0;0;1;1
83435819;"14/01/16";"Quinta";"22:45:00";"MA";135;"88,3";"ITAPECURU MIRIM";"Outras";"Colisão lateral";"Com Vítimas Feridas";"Plena noite";"Crescente";"Nublado";"Simples";"Reta";"Rural";2;0;0;1;0;1;1;2
83435820;"31/01/16";"Domingo";"04:00:00";"DF";80;"10";"BRASILIA";"Falta de atenção";"Colisão traseira";"Sem Vítimas";"Plena noite";"Decrescente";"Ceu Claro";"Simples";"Reta";"Rural";3;0;0;0;3;0;0;2
83435821;"03/02/16";"Quarta";"07:00:00";"MS";262;"353,2";"CAMPO GRANDE";"Ultrapassagem indevida";"Colisão traseira";"Com Vítimas Feridas";"Pleno dia";"Decrescente";"Nublado";"Simples";"Reta";"Urbano";2;0;0;1;1;0;1;2
83435823;"03/02/16";"Quarta";"07:50:00";"PA";316;"5";"ANANINDEUA";"Falta de atenção";"Colisão lateral";"Sem Vítimas";"Pleno dia";"Decrescente";"Chuva";"Dupla";"Reta";"Urbano";2;0;0;0;2;0;0;2
83435824;"03/02/16";"Quarta";"10:15:00";"RS";386;"424,4";"MONTENEGRO";"Defeito mecânico em veículo";"Colisão Transversal";"Sem Vítimas";"Pleno dia";"Crescente";"Nublado";"Dupla";"Reta";"Rural";2;0;0;0;2;0;0;2
83435825;"27/01/16";"Quarta";"21:45:00";"GO";60;"291";"ACREUNA";"Velocidade incompatível";"Colisão traseira";"Sem Vítimas";"Plena noite";"Crescente";"Nevoeiro/neblina";"Dupla";"Curva";"Rural";2;0;0;0;2;0;0;2
83435826;"01/02/16";"Segunda";"18:36:00";"RJ";393;"263";"BARRA DO PIRAI";"Falta de atenção";"Colisão lateral";"Sem Vítimas";"Pleno dia";"Crescente";"Ceu Claro";"Simples";"Curva";"Urbano";2;0;0;0;2;0;0;2
83435827;"03/02/16";"Quarta";"08:30:00";"PE";101;"69";"RECIFE";"Outras";"Queda de motocicleta / bicicleta / veículo";"Com Vítimas Feridas";"Pleno dia";"Crescente";"Sol";"Dupla";"Reta";"Urbano";2;0;1;0;1;0;1;1
83435828;"03/02/16";"Quarta";"08:00:00";"PR";376;"165,6";"MARINGA";"Falta de atenção";"Colisão traseira";"Com Vítimas Feridas";"Pleno dia";"Crescente";"Nublado";"Dupla";"Reta";"Urbano";3;0;1;0;2;0;1;2
83435829;"01/02/16";"Segunda";"17:10:00";"DF";70;"7";"BRASILIA";"Outras";"Saída de Pista";"Sem Vítimas";"Pleno dia";"Decrescente";"Ceu Claro";"Dupla";"Reta";"Urbano";1;0;0;0;1;0;0;1
83435830;"19/01/16";"Terça";"12:20:00";"MS";60;"418,7";"SIDROLANDIA";"Outras";"Saída de Pista";"Com Vítimas Feridas";"Pleno dia";"Decrescente";"Ceu Claro";"Simples";"Reta";"Rural";1;0;1;0;0;0;1;1
83435831;"03/02/16";"Quarta";"08:20:00";"PR";376;"167";"MARINGA";"Desobediência à sinalização";"Colisão Transversal";"Com Vítimas Feridas";"Pleno dia";"Crescente";"Nublado";"Dupla";"Reta";"Rural";2;0;1;0;1;0;1;2
83435832;"03/02/16";"Quarta";"07:40:00";"SC";163;"96,3";"SAO JOSE DO CEDRO";"Ultrapassagem indevida";"Colisão frontal";"Com Vítimas Feridas";"Pleno dia";"Crescente";"Chuva";"Simples";"Reta";"Rural";4;0;2;0;2;0;2;3
83435833;"03/02/16";"Quarta";"08:45:00";"SC";280;"253,8";"CANOINHAS";"Ultrapassagem indevida";"Capotamento";"Com Vítimas Feridas";"Pleno dia";"Crescente";"Nublado";"Simples";"Reta";"Rural";4;0;1;0;2;1;1;4
83435834;"08/01/16";"Sexta";"05:30:00";"PE";110;"104";"SERTANIA";"Velocidade incompatível";"Tombamento";"Com Vítimas Feridas";"Amanhecer";"Decrescente";"Nublado";"Simples";"Curva";"Rural";2;0;0;1;1;0;1;1
83435835;"31/01/16";"Domingo";"04:30:00";"RJ";101;"325";"NITEROI";"Dormindo";"Colisão Transversal";"Com Vítimas Feridas";"Plena noite";"Decrescente";"Ceu Claro";"Dupla";"Reta";"Urbano";2;0;1;0;1;0;1;2
83435836;"30/01/16";"Sábado";"17:00:00";"SP";381;"84";"SAO PAULO";"Outras";"Colisão traseira";"Sem Vítimas";"Pleno dia";"Crescente";"Ceu Claro";"Dupla";"Reta";"Urbano";2;0;0;0;2;0;0;2
83435837;"21/01/16";"Quinta";"14:30:00";"PA";316;"19";"BENEVIDES";"Outras";"Colisão traseira";"Sem Vítimas";"Pleno dia";"Crescente";"Sol";"Dupla";"Reta";"Rural";2;0;0;0;2;0;0;2
83435839;"30/01/16";"Sábado";"20:00:00";"SC";101;"221,2";"PALHOCA";"Outras";"Saída de Pista";"Sem Vítimas";"Plena noite";"Crescente";"Chuva";"Dupla";"Reta";"Rural";1;0;0;0;1;0;0;1
83435840;"15/01/16";"Sexta";"16:56:00";"CE";20;"418";"MARACANAU";"Falta de atenção";"Colisão Transversal";"Sem Vítimas";"Anoitecer";"Decrescente";"Ceu Claro";"Simples";"Reta";"Urbano";2;0;0;0;1;1;0;2
83435841;"03/02/16";"Quarta";"06:00:00";"PA";10;"20";"DOM ELISEU";"Falta de atenção";"Colisão traseira";"Com Vítimas Feridas";"Amanhecer";"Crescente";"Chuva";"Simples";"Reta";"Rural";4;0;2;0;2;0;2;3
83435842;"03/02/16";"Quarta";"07:50:00";"SC";101;"215";"PALHOCA";"Falta de atenção";"Colisão lateral";"Com Vítimas Feridas";"Pleno dia";"Decrescente";"Nublado";"Dupla";"Reta";"Urbano";3;0;1;1;1;0;2;2
83435843;"03/02/16";"Quarta";"09:30:00";"RJ";40;"43,9";"AREAL";"Falta de atenção";"Tombamento";"Com Vítimas Feridas";"Pleno dia";"Decrescente";"Ceu Claro";"Dupla";"Curva";"Rural";2;0;2;0;0;0;2;1
83435844;"03/02/16";"Quarta";"09:45:00";"MS";158;"75";"PARANAIBA";"Defeito mecânico em veículo";"Saída de Pista";"Com Vítimas Feridas";"Pleno dia";"Decrescente";"Ceu Claro";"Simples";"Reta";"Rural";1;0;0;1;0;0;1;1
83435845;"11/01/16";"Segunda";"09:40:00";"PE";232;"386";"SERRA TALHADA";"Falta de atenção";"Saída de Pista";"Com Vítimas Feridas";"Pleno dia";"Crescente";"Nublado";"Simples";"Reta";"Rural";5;0;4;0;1;0;4;1
83435846;"30/01/16";"Sábado";"04:15:00";"PR";476;"130";"CURITIBA";"Velocidade incompatível";"Colisão com objeto fixo";"Ignorado";"Plena noite";"Crescente";"Chuva";"Múltipla";"Curva";"Urbano";1;0;0;0;0;1;0;1
83435847;"03/02/16";"Quarta";"09:00:00";"PR";277;"32";"MORRETES";"Velocidade incompatível";"Tombamento";"Sem Vítimas";"Pleno dia";"Crescente";"Nublado";"Dupla";"Curva";"Rural";1;0;0;0;1;0;0;1
83435848;"03/02/16";"Quarta";"12:20:00";"PR";376;"182";"SARANDI";"Outras";"Queda de motocicleta / bicicleta / veículo";"Com Vítimas Feridas";"Pleno dia";"Decrescente";"Nublado";"Dupla";"Reta";"Urbano";1;0;1;0;0;0;1;1
83435850;"03/02/16";"Quarta";"08:00:00";"SC";101;"387";"ICARA";"Falta de atenção";"Capotamento";"Com Vítimas Fatais";"Pleno dia";"Crescente";"Nublado";"Dupla";"Reta";"Rural";4;1;1;2;0;0;3;1
83435851;"03/02/16";"Quarta";"11:15:00";"RS";386;"239,4";"SOLEDADE";"Outras";"Colisão lateral";"Sem Vítimas";"Pleno dia";"Decrescente";"Nublado";"Simples";"Reta";"Rural";2;0;0;0;2;0;0;2
83435852;"01/01/16";"Sexta";"09:00:00";"PR";277;"711";"SANTA TEREZINHA DE ITAIPU";"Outras";"Tombamento";"Com Vítimas Feridas";"Pleno dia";"Decrescente";"Nublado";"Dupla";"Reta";"Rural";1;0;1;0;0;0;1;1
83435853;"03/02/16";"Quarta";"11:00:00";"RJ";101;"327";"NITEROI";"Não guardar distância de segurança";"Colisão traseira";"Com Vítimas Feridas";"Pleno dia";"Crescente";"Ceu Claro";"Dupla";"Reta";"Urbano";4;0;2;0;2;0;2;3
83435854;"03/02/16";"Quarta";"11:50:00";"RS";386;"245,8";"SOLEDADE";"Desobediência à sinalização";"Colisão Transversal";"Com Vítimas Feridas";"Pleno dia";"Decrescente";"Nublado";"Simples";"Reta";"Urbano";3;0;1;1;1;0;2;2
83435855;"03/02/16";"Quarta";"12:30:00";"MG";251;"484";"FRANCISCO SA";"Não guardar distância de segurança";"Colisão traseira";"Com Vítimas Feridas";"Pleno dia";"Crescente";"Ceu Claro";"Simples";"Reta";"Rural";2;0;0;1;1;0;1;2
83435856;"03/02/16";"Quarta";"10:20:00";"RJ";116;"17";"SAPUCAIA";"Dormindo";"Tombamento";"Com Vítimas Feridas";"Pleno dia";"Crescente";"Sol";"Simples";"Curva";"Rural";1;0;1;0;0;0;1;1
83435857;"03/02/16";"Quarta";"10:42:00";"PR";369;"173";"ROLANDIA";"Falta de atenção";"Colisão com bicicleta";"Com Vítimas Feridas";"Pleno dia";"Decrescente";"Sol";"Simples";"Reta";"Urbano";2;0;1;0;1;0;1;2
83435858;"03/02/16";"Quarta";"11:30:00";"RJ";101;"236";"SILVA JARDIM";"Outras";"Colisão traseira";"Sem Vítimas";"Pleno dia";"Decrescente";"Ceu Claro";"Simples";"Reta";"Rural";6;0;0;0;6;0;0;6
83435859;"03/02/16";"Quarta";"10:24:00";"PE";407;"121,6";"PETROLINA";"Falta de atenção";"Colisão Transversal";"Com Vítimas Fatais";"Pleno dia";"Decrescente";"Nublado";"Simples";"Cruzamento";"Urbano";3;1;0;0;2;0;0;2
83435860;"03/02/16";"Quarta";"08:30:00";"RS";285;"531,4";"SAO LUIZ GONZAGA";"Velocidade incompatível";"Saída de Pista";"Com Vítimas Feridas";"Pleno dia";"Crescente";"Chuva";"Simples";"Reta";"Rural";1;0;1;0;0;0;1;1
83435861;"02/01/16";"Sábado";"12:50:00";"PR";116;"26";"CAMPINA GRANDE DO SUL";"Velocidade incompatível";"Capotamento";"Com Vítimas Feridas";"Pleno dia";"Decrescente";"Nublado";"Dupla";"Curva";"Rural";1;0;1;0;0;0;1;1
83435864;"31/01/16";"Domingo";"16:30:00";"SC";282;"305";"VARGEM";"Outras";"Capotamento";"Sem Vítimas";"Pleno dia";"Decrescente";"Chuva";"Simples";"Curva";"Rural";1;0;0;0;1;0;0;1
83435865;"03/02/16";"Quarta";"11:00:00";"PR";369;"461";"UBIRATA";"Outras";"Tombamento";"Sem Vítimas";"Pleno dia";"Decrescente";"Chuva";"Simples";"Reta";"Rural";1;0;0;0;1;0;0;1
83435866;"03/02/16";"Quarta";"10:35:00";"SC";101;"355,9";"SANGAO";"Velocidade incompatível";"Saída de Pista";"Com Vítimas Feridas";"Pleno dia";"Crescente";"Nublado";"Dupla";"Reta";"Rural";1;0;1;0;0;0;1;1
83435868;"03/02/16";"Quarta";"11:40:00";"SC";280;"55";"GUARAMIRIM";"Outras";"Queda de motocicleta / bicicleta / veículo";"Com Vítimas Feridas";"Pleno dia";"Decrescente";"Chuva";"Simples";"Curva";"Urbano";1;0;1;0;0;0;1;1
83435869;"03/02/16";"Quarta";"11:35:00";"PR";369;"502,7";"CORBELIA";"Falta de atenção";"Colisão traseira";"Sem Vítimas";"Pleno dia";"Decrescente";"Chuva";"Simples";"Reta";"Urbano";2;0;0;0;2;0;0;2
83435870;"03/01/16";"Domingo";"15:30:00";"PR";376;"512";"PONTA GROSSA";"Outras";"Colisão lateral";"Sem Vítimas";"Pleno dia";"Crescente";"Chuva";"Dupla";"Reta";"Rural";2;0;0;0;2;0;0;2
83435872;"31/01/16";"Domingo";"03:10:00";"MT";70;"504";"CUIABA";"Ingestão de álcool";"Saída de Pista";"Com Vítimas Feridas";"Plena noite";"Decrescente";"Ceu Claro";"Simples";"Reta";"Rural";1;0;1;0;0;0;1;1
83435873;"03/02/16";"Quarta";"08:00:00";"MT";70;"672,5";"CACERES";"Ultrapassagem indevida";"Saída de Pista";"Sem Vítimas";"Pleno dia";"Decrescente";"Chuva";"Simples";"Reta";"Rural";1;0;0;0;1;0;0;1
83435874;"26/01/16";"Terça";"09:00:00";"RJ";101;"57";"CAMPOS DOS GOYTACAZES";"Falta de atenção";"Atropelamento de pessoa";"Com Vítimas Fatais";"Pleno dia";"Crescente";"Ceu Claro";"Simples";"Reta";"Urbano";2;1;0;0;1;0;0;1
83435875;"25/01/16";"Segunda";"13:30:00";"PR";376;"307";"MAUA DA SERRA";"Velocidade incompatível";"Saída de Pista";"Sem Vítimas";"Pleno dia";"Crescente";"Chuva";"Dupla";"Curva";"Rural";1;0;0;0;1;0;0;1
83435876;"30/01/16";"Sábado";"20:30:00";"ES";262;"100,5";"VENDA NOVA DO IMIGRANTE";"Ingestão de álcool";"Colisão frontal";"Com Vítimas Feridas";"Plena noite";"Crescente";"Ceu Claro";"Simples";"Curva";"Urbano";3;0;2;0;1;0;2;2
83435877;"03/01/16";"Domingo";"17:35:00";"PR";376;"133,3";"NOVA ESPERANCA";"Velocidade incompatível";"Saída de Pista";"Com Vítimas Feridas";"Pleno dia";"Decrescente";"Nublado";"Simples";"Reta";"Urbano";1;0;0;1;0;0;1;1
83435878;"03/02/16";"Quarta";"12:10:00";"PR";277;"123";"BALSA NOVA";"Desobediência à sinalização";"Colisão com bicicleta";"Com Vítimas Feridas";"Pleno dia";"Decrescente";"Ceu Claro";"Dupla";"Reta";"Urbano";2;0;0;1;1;0;1;2
83435879;"03/02/16";"Quarta";"09:35:00";"SP";153;"256";"MARILIA";"Outras";"Queda de motocicleta / bicicleta / veículo";"Com Vítimas Feridas";"Pleno dia";"Decrescente";"Ceu Claro";"Dupla";"Cruzamento";"Urbano";1;0;1;0;0;0;1;1
83435880;"03/02/16";"Quarta";"09:10:00";"RJ";101;"236";"SILVA JARDIM";"Falta de atenção";"Colisão Transversal";"Com Vítimas Feridas";"Pleno dia";"Crescente";"Sol";"Simples";"Reta";"Urbano";3;0;2;0;1;0;2;2