"id";"data_inversa";"dia_semana";"horario";"uf";"br";"km";"municipio";"causa_acidente";"tipo_acidente";"classificacao_acidente";"fase_dia";"sentido_via";"condicao_metereologica";"tipo_pista";"tracado_via";"uso_solo";"pessoas";"mortos";"feridos_leves";"feridos_graves";"ilesos";"ignorados";"feridos";"veiculos"
83436111;"27/01/16";"Quarta";"06:00:00";"RO";364;"586";"ITAPUÃ DO OESTE";"Dormindo";"Tombamento";"Sem Vítimas";"Amanhecer";"Crescente";"Ceu Claro";"Simples";"Reta";"Rural";1;0;0;0;1;0;0;1
83436112;"04/02/16";"Quinta";"06:20:00";"GO";153;"155,1";"CAMPINORTE";"Defeito na via";"Colisão frontal";"Sem Vítimas";"Amanhecer";"Decrescente";"Ceu Claro";"Simples";"Reta";"Rural";6;0;0;0;6;0;0;2
83436113;"11/01/16";"Segunda";"08:20:00";"MG";381;"811,4";"CAREACU";"Velocidade incompatível";"Saída de Pista";"Com Vítimas Feridas";"Pleno dia";"Crescente";"Chuva";"Simples";"Curva";"Rural";2;0;2;0;0;0;2;1
83436114;"31/01/16";"Domingo";"19:40:00";"BA";418;"34";"CARAVELAS";"Outras";"Colisão frontal";"Com Vítimas Feridas";"Plena noite";"Crescente";"Nublado";"Simples";"Reta";"Rural";3;0;1;1;0;1;2;2
83436115;"04/02/16";"Quinta";"06:30:00";"RJ";40;"123";"DUQUE DE CAXIAS";"Outras";"Colisão lateral";"Com Vítimas Feridas";"Pleno dia";"Crescente";"Ceu Claro";"Dupla";"Reta";"Urbano";2;0;1;0;1;0;1;2
83436116;"31/01/16";"Domingo";"21:00:00";"MT";70;"0,1";"BARRA DO GARCAS";"Falta de atenção";"Queda de motocicleta / bicicleta / veículo";"Com Vítimas Feridas";"Plena noite";"Decrescente";"Ceu Claro";"Simples";"Reta";"Urbano";1;0;1;0;0;0;1;1
83436117;"01/02/16";"Segunda";"03:30:00";"SC";101;"251";"PAULO LOPES";"Defeito mecânico em veículo";"Colisão com objeto fixo";"Sem Vítimas";"Plena noite";"Decrescente";"Chuva";"Dupla";"Reta";"Rural";1;0;0;0;1;0;0;1
83436118;"31/01/16";"Domingo";"20:05:00";"MG";381;"498,7";"BETIM";"Velocidade incompatível";"Colisão com objeto fixo";"Sem Vítimas";"Plena noite";"Crescente";"Ceu Claro";"Dupla";"Curva";"Urbano";2;0;0;0;2;0;0;2
83436119;"29/01/16";"Sexta";"06:20:00";"GO";60;"106";"GOIANAPOLIS";"Dormindo";"Saída de Pista";"Com Vítimas Feridas";"Plena noite";"Crescente";"Chuva";"Dupla";"Reta";"Rural";2;0;0;1;1;0;1;1
83436120;"31/01/16";"Domingo";"00:25:00";"MG";116;"425,5";"ALPERCATA";"Animais na Pista";"Atropelamento de animal";"Com Vítimas Feridas";"Plena noite";"Crescente";"Ceu Claro";"Simples";"Reta";"Rural";2;0;1;1;0;0;2;1
83436121;"06/01/16";"Quarta";"23:30:00";"PR";153;"140";"VENTANIA";"Outras";"Tombamento";"Com Vítimas Feridas";"Plena noite";"Crescente";"Nublado";"Simples";"Curva";"Rural";1;0;1;0;0;0;1;1
83436122;"25/01/16";"Segunda";"12:15:00";"PR";277;"332,8";"GUARAPUAVA";"Outras";"Tombamento";"Com Vítimas Feridas";"Pleno dia";"Decrescente";"Nublado";"Simples";"Reta";"Rural";2;0;1;0;0;1;1;2
83436124;"31/01/16";"Domingo";"15:20:00";"MT";364;"296,5";"JACIARA";"Defeito na via";"Danos Eventuais";"Sem Vítimas";"Pleno dia";"Decrescente";"Ceu Claro";"Simples";"Reta";"Rural";1;0;0;0;1;0;0;1
83436126;"04/02/16";"Quinta";"09:30:00";"PR";376;"664";"GUARATUBA";"Velocidade incompatível";"Colisão lateral";"Sem Vítimas";"Pleno dia";"Decrescente";"Chuva";"Dupla";"Curva";"Rural";2;0;0;0;2;0;0;2
83436127;"04/02/16";"Quinta";"05:50:00";"MG";40;"688,7";"RESSAQUINHA";"Dormindo";"Saída de Pista";"Com Vítimas Feridas";"Amanhecer";"Crescente";"Ceu Claro";"Simples";"Curva";"Rural";1;0;1;0;0;0;1;1
83436128;"02/02/16";"Terça";"05:50:00";"MG";381;"930,4";"ITAPEVA";"Animais na Pista";"Tombamento";"Sem Vítimas";"Amanhecer";"Decrescente";"Ceu Claro";"Dupla";"Reta";"Urbano";1;0;0;0;1;0;0;1
83436130;"04/02/16";"Quinta";"07:52:00";"GO";153;"491";"GOIANIA";"Outras";"Saída de Pista";"Ignorado";"Amanhecer";"Decrescente";"Nublado";"Múltipla";"Reta";"Rural";1;0;0;0;0;1;0;1
83436132;"31/01/16";"Domingo";"17:20:00";"MG";381;"490";"BETIM";"Outras";"Queda de motocicleta / bicicleta / veículo";"Com Vítimas Feridas";"Pleno dia";"Decrescente";"Ceu Claro";"Dupla";"Reta";"Urbano";2;0;1;0;0;1;1;1
83436133;"01/02/16";"Segunda";"11:00:00";"SC";116;"5,8";"MAFRA";"Falta de atenção";"Colisão Transversal";"Com Vítimas Feridas";"Pleno dia";"Crescente";"Nublado";"Simples";"Reta";"Urbano";2;0;1;0;1;0;1;2
83436134;"01/02/16";"Segunda";"19:00:00";"RS";116;"611";"ARROIO GRANDE";"Desobediência à sinalização";"Colisão Transversal";"Com Vítimas Feridas";"Anoitecer";"Crescente";"Ceu Claro";"Simples";"Cruzamento";"Urbano";2;0;1;0;1;0;1;2
83436135;"31/01/16";"Domingo";"22:00:00";"BA";324;"478,7";"TANQUINHO";"Outras";"Colisão frontal";"Com Vítimas Feridas";"Plena noite";"Crescente";"Nublado";"Simples";"Curva";"Rural";2;0;0;1;1;0;1;2
83436136;"07/01/16";"Quinta";"07:55:00";"PR";277;"583,9";"CASCAVEL";"Falta de atenção";"Queda de motocicleta / bicicleta / veículo";"Com Vítimas Feridas";"Pleno dia";"Decrescente";"Sol";"Simples";"Reta";"Urbano";1;0;0;1;0;0;1;1
83436137;"03/01/16";"Domingo";"13:30:00";"SC";280;"23,6";"ARAQUARI";"Falta de atenção";"Colisão lateral";"Com Vítimas Feridas";"Pleno dia";"Crescente";"Ceu Claro";"Simples";"Reta";"Urbano";2;0;1;0;1;0;1;2
83436139;"07/01/16";"Quinta";"12:25:00";"PR";476;"153";"ARAUCARIA";"Falta de atenção";"Colisão Transversal";"Com Vítimas Feridas";"Pleno dia";"Decrescente";"Ceu Claro";"Dupla";"Reta";"Urbano";2;0;1;0;1;0;1;2
83436140;"03/01/16";"Domingo";"08:50:00";"TO";153;"653,5";"GURUPI";"Falta de atenção";"Colisão Transversal";"Com Vítimas Feridas";"Pleno dia";"Crescente";"Ceu Claro";"Simples";"Reta";"Rural";7;0;4;0;3;0;4;2
83436141;"31/01/16";"Domingo";"17:50:00";"SC";101;"86";"BARRA VELHA";"Falta de atenção";"Colisão traseira";"Com Vítimas Feridas";"Anoitecer";"Decrescente";"Ceu Claro";"Dupla";"Reta";"Urbano";3;0;2;0;1;0;2;2
83436143;"04/02/16";"Quinta";"08:15:00";"SP";116;"486";"CAJATI";"Falta de atenção";"Danos Eventuais";"Sem Vítimas";"Pleno dia";"Decrescente";"Chuva";"Dupla";"Curva";"Rural";3;0;0;0;3;0;0;3
83436144;"30/01/16";"Sábado";"15:25:00";"RS";386;"257,9";"FONTOURA XAVIER";"Velocidade incompatível";"Capotamento";"Com Vítimas Feridas";"Pleno dia";"Decrescente";"Nublado";"Simples";"Curva";"Rural";2;0;1;0;0;1;1;1
83436145;"04/02/16";"Quinta";"06:15:00";"SP";116;"457,3";"REGISTRO";"Falta de atenção";"Colisão traseira";"Sem Vítimas";"Amanhecer";"Decrescente";"Chuva";"Dupla";"Reta";"Rural";2;0;0;0;2;0;0;2
83436146;"31/01/16";"Domingo";"17:00:00";"BA";242;"325";"LENCOIS";"Ingestão de álcool";"Queda de motocicleta / bicicleta / veículo";"Com Vítimas Feridas";"Pleno dia";"Crescente";"Ceu Claro";"Simples";"Curva";"Rural";1;0;1;0;0;0;1;1
83436147;"31/01/16";"Domingo";"18:50:00";"PI";343;"3,8";"TERESINA";"Desobediência à sinalização";"Colisão Transversal";"Sem Vítimas";"Plena noite";"Crescente";"Ignorada";"Múltipla";"Reta";"Urbano";2;0;0;0;2;0;0;2
83436148;"28/01/16";"Quinta";"06:30:00";"PR";158;"202";"PEABIRU";"Outras";"Saída de Pista";"Com Vítimas Feridas";"Amanhecer";"Decrescente";"Nublado";"Simples";"Reta";"Rural";1;0;0;1;0;0;1;1
83436149;"03/01/16";"Domingo";"16:45:00";"PI";343;"262";"CAMPO MAIOR";"Não guardar distância de segurança";"Colisão traseira";"Sem Vítimas";"Pleno dia";"Crescente";"Ceu Claro";"Simples";"Reta";"Rural";2;0;0;0;2;0;0;2
83436150;"04/02/16";"Quinta";"10:00:00";"RS";386;"395,8";"TRIUNFO";"Velocidade incompatível";"Colisão Transversal";"Sem Vítimas";"Pleno dia";"Decrescente";"Chuva";"Simples";"Reta";"Rural";2;0;0;0;2;0;0;2
83436151;"04/02/16";"Quinta";"07:40:00";"RS";116;"336,1";"BARRA DO RIBEIRO";"Ultrapassagem indevida";"Colisão frontal";"Sem Vítimas";"Pleno dia";"Crescente";"Chuva";"Simples";"Reta";"Rural";2;0;0;0;2;0;0;2
83436152;"13/01/16";"Quarta";"07:30:00";"AL";101;"114";"PILAR";"Velocidade incompatível";"Saída de Pista";"Com Vítimas Feridas";"Pleno dia";"Crescente";"Nublado";"Simples";"Curva";"Rural";4;0;3;0;1;0;3;1
83436153;"07/01/16";"Quinta";"16:05:00";"PR";277;"667";"MEDIANEIRA";"Desobediência à sinalização";"Colisão traseira";"Com Vítimas Feridas";"Pleno dia";"Decrescente";"Sol";"Dupla";"Reta";"Rural";4;0;1;0;2;1;1;3
83436155;"07/01/16";"Quinta";"18:00:00";"PR";476;"363,5";"UNIAO DA VITORIA";"Falta de atenção";"Colisão Transversal";"Com Vítimas Feridas";"Pleno dia";"Decrescente";"Chuva";"Simples";"Cruzamento";"Urbano";2;0;1;0;1;0;1;2
83436156;"01/02/16";"Segunda";"03:30:00";"PE";232;"86";"GRAVATA";"Animais na Pista";"Capotamento";"Com Vítimas Feridas";"Plena noite";"Crescente";"Ceu Claro";"Dupla";"Curva";"Rural";2;0;1;1;0;0;2;1
83436157;"04/02/16";"Quinta";"09:00:00";"PA";316;"65";"CASTANHAL";"Falta de atenção";"Colisão lateral";"Sem Vítimas";"Pleno dia";"Crescente";"Ceu Claro";"Dupla";"Reta";"Urbano";2;0;0;0;2;0;0;2
83436158;"31/01/16";"Domingo";"22:40:00";"PB";101;"19";"MAMANGUAPE";"Ingestão de álcool";"Queda de motocicleta / bicicleta / veículo";"Com Vítimas Feridas";"Plena noite";"Decrescente";"Nublado";"Dupla";"Reta";"Rural";1;0;0;1;0;0;1;1
83436159;"08/01/16";"Sexta";"13:10:00";"PR";277;"61";"SAO JOSE DOS PINHAIS";"Desobediência à sinalização";"Colisão Transversal";"Com Vítimas Feridas";"Pleno dia";"Decrescente";"Ceu Claro";"Dupla";"Reta";"Rural";2;0;1;0;1;0;1;2
83436160;"02/01/16";"Sábado";"09:30:00";"PI";135;"233";"COLONIA DO GURGUEIA";"Velocidade incompatível";"Saída de Pista";"Com Vítimas Fatais";"Pleno dia";"Decrescente";"Nublado";"Simples";"Curva";"Rural";2;1;1;0;0;0;1;1
83436161;"04/02/16";"Quinta";"10:00:00";"MS";163;"722";"COXIM";"Velocidade incompatível";"Capotamento";"Com Vítimas Feridas";"Pleno dia";"Decrescente";"Ceu Claro";"Simples";"Reta";"Rural";3;0;1;0;2;0;1;1
83436162;"03/01/16";"Domingo";"17:50:00";"PI";343;"301";"ALTOS";"Não guardar distância de segurança";"Colisão traseira";"Sem Vítimas";"Anoitecer";"Crescente";"Ceu Claro";"Simples";"Reta";"Rural";3;0;0;0;3;0;0;3
83436163;"01/02/16";"Segunda";"16:30:00";"PR";272;"400";"JANIOPOLIS";"Outras";"Incêndio";"Sem Vítimas";"Pleno dia";"Decrescente";"Nublado";"Simples";"Reta";"Urbano";1;0;0;0;1;0;0;1
83436164;"04/02/16";"Quinta";"10:10:00";"SP";116;"448,9";"REGISTRO";"Falta de atenção";"Colisão traseira";"Com Vítimas Feridas";"Pleno dia";"Crescente";"Chuva";"Dupla";"Reta";"Urbano";2;0;1;0;1;0;1;2
83436165;"04/02/16";"Quinta";"07:26:00";"SP";153;"58,8";"SAO JOSE DO RIO PRETO";"Defeito mecânico em veículo";"Colisão com objeto fixo";"Sem Vítimas";"Amanhecer";"Crescente";"Sol";"Simples";"Cruzamento";"Urbano";1;0;0;0;1;0;0;1
83436166;"07/01/16";"Quinta";"17:50:00";"PI";343;"304";"ALTOS";"Outras";"Saída de Pista";"Com Vítimas Fatais";"Anoitecer";"Crescente";"Chuva";"Simples";"Curva";"Rural";3;1;2;0;0;0;2;1
83436167;"07/01/16";"Quinta";"17:50:00";"PI";343;"304";"ALTOS";"Outras";"Saída de Pista";"Com Vítimas Fatais";"Anoitecer";"Crescente";"Chuva";"Simples";"Curva";"Rural";3;1;2;0;0;0;2;1
83436168;"04/02/16";"Quinta";"08:30:00";"PE";232;"133";"CARUARU";"Não guardar distância de segurança";"Colisão traseira";"Com Vítimas Feridas";"Pleno dia";"Decrescente";"Ceu Claro";"Dupla";"Reta";"Urbano";2;0;1;0;1;0;1;2
83436169;"31/01/16";"Domingo";"18:00:00";"PA";230;"627";"ALTAMIRA";"Falta de atenção";"Colisão traseira";"Com Vítimas Feridas";"Pleno dia";"Crescente";"Ceu Claro";"Simples";"Reta";"Urbano";5;0;2;1;2;0;3;2
83436170;"04/02/16";"Quinta";"07:55:00";"TO";153;"136,6";"ARAGUAINA";"Velocidade incompatível";"Saída de Pista";"Com Vítimas Feridas";"Pleno dia";"Crescente";"Chuva";"Dupla";"Reta";"Urbano";3;0;1;0;2;0;1;2
83436171;"03/02/16";"Quarta";"17:30:00";"MT";163;"803";"SINOP";"Outras";"Saída de Pista";"Com Vítimas Feridas";"Pleno dia";"Crescente";"Nublado";"Simples";"Reta";"Rural";1;0;1;0;0;0;1;1
83436172;"04/02/16";"Quinta";"11:15:00";"PR";376;"206,8";"MANDAGUARI";"Outras";"Capotamento";"Com Vítimas Feridas";"Pleno dia";"Decrescente";"Sol";"Dupla";"Reta";"Rural";2;0;1;1;0;0;2;1
83436174;"07/01/16";"Quinta";"09:30:00";"PI";343;"565";"FLORIANO";"Velocidade incompatível";"Capotamento";"Sem Vítimas";"Pleno dia";"Crescente";"Chuva";"Simples";"Curva";"Rural";2;0;0;0;2;0;0;1
83436175;"04/02/16";"Quinta";"12:00:00";"SC";101;"147";"ITAPEMA";"Desobediência à sinalização";"Colisão Transversal";"Sem Vítimas";"Pleno dia";"Decrescente";"Nublado";"Dupla";"Cruzamento";"Urbano";2;0;0;0;1;1;0;2
83436176;"31/01/16";"Domingo";"20:55:00";"MG";116;"608,8";"SAO JOAO DO MANHUACU";"Falta de atenção";"Queda de motocicleta / bicicleta / veículo";"Com Vítimas Feridas";"Plena noite";"Decrescente";"Nublado";"Simples";"Reta";"Urbano";2;0;0;1;0;1;1;2
83436177;"02/02/16";"Terça";"17:00:00";"RN";101;"80,6";"NATAL";"Falta de atenção";"Colisão Transversal";"Com Vítimas Feridas";"Pleno dia";"Decrescente";"Sol";"Dupla";"Cruzamento";"Urbano";3;0;1;0;2;0;1;2
83436178;"04/02/16";"Quinta";"09:00:00";"PB";230;"376";"CONDADO";"Falta de atenção";"Colisão Transversal";"Com Vítimas Feridas";"Pleno dia";"Crescente";"Sol";"Simples";"Reta";"Urbano";2;0;1;0;1;0;1;2
83436179;"01/02/16";"Segunda";"13:40:00";"BA";101;"570";"ARATACA";"Outras";"Capotamento";"Com Vítimas Feridas";"Pleno dia";"Decrescente";"Chuva";"Simples";"Curva";"Rural";1;0;1;0;0;0;1;1
83436181;"04/02/16";"Quinta";"06:50:00";"SC";101;"204,8";"SAO JOSE";"Não guardar distância de segurança";"Colisão lateral";"Sem Vítimas";"Pleno dia";"Crescente";"Chuva";"Múltipla";"Reta";"Urbano";3;0;0;0;3;0;0;2
83436182;"30/01/16";"Sábado";"23:00:00";"PR";277;"352,3";"GUARAPUAVA";"Falta de atenção";"Colisão frontal";"Com Vítimas Feridas";"Plena noite";"Decrescente";"Nublado";"Simples";"Reta";"Rural";2;0;1;0;0;1;1;2
83436183;"04/02/16";"Quinta";"10:45:00";"RS";386;"332,5";"MARQUES DE SOUZA";"Outras";"Derramamento de Carga";"Sem Vítimas";"Pleno dia";"Decrescente";"Chuva";"Dupla";"Curva";"Rural";1;0;0;0;1;0;0;1
83436184;"31/01/16";"Domingo";"06:15:00";"PR";163;"247";"TOLEDO";"Animais na Pista";"Colisão traseira";"Com Vítimas Feridas";"Amanhecer";"Decrescente";"Chuva";"Simples";"Reta";"Rural";2;0;0;1;1;0;1;2
83436185;"04/02/16";"Quinta";"09:25:00";"MT";163;"512";"DIAMANTINO";"Outras";"Colisão traseira";"Sem Vítimas";"Pleno dia";"Decrescente";"Sol";"Simples";"Reta";"Rural";3;0;0;0;3;0;0;3
83436186;"04/02/16";"Quinta";"07:40:00";"RS";290;"641";"URUGUAIANA";"Dormindo";"Capotamento";"Sem Vítimas";"Pleno dia";"Crescente";"Sol";"Simples";"Reta";"Rural";1;0;0;0;1;0;0;1
83436187;"31/01/16";"Domingo";"16:27:00";"MG";116;"409";"GOVERNADOR VALADARES";"Ingestão de álcool";"Colisão com objeto fixo";"Sem Vítimas";"Pleno dia";"Decrescente";"Sol";"Dupla";"Reta";"Urbano";1;0;0;0;1;0;0;1
83436188;"04/02/16";"Quinta";"10:05:00";"SP";116;"109,4";"TAUBATE";"Outras";"Atropelamento de pessoa";"Com Vítimas Feridas";"Pleno dia";"Crescente";"Ceu Claro";"Dupla";"Reta";"Urbano";2;0;1;0;1;0;1;1
83436189;"15/01/16";"Sexta";"20:10:00";"RS";153;"48,2";"ERECHIM";"Desobediência à sinalização";"Colisão Transversal";"Com Vítimas Feridas";"Anoitecer";"Decrescente";"Ceu Claro";"Dupla";"Cruzamento";"Urbano";5;0;0;3;2;0;3;2
83436191;"04/02/16";"Quinta";"11:00:00";"RS";116;"248,7";"SAO LEOPOLDO";"Outras";"Colisão traseira";"Sem Vítimas";"Pleno dia";"Decrescente";"Chuva";"Dupla";"Curva";"Urbano";4;0;0;0;4;0;0;4
83436192;"04/02/16";"Quinta";"04:30:00";"PR";116;"97";"SAO JOSE DOS PINHAIS";"Outras";"Queda de motocicleta / bicicleta / veículo";"Com Vítimas Feridas";"Plena noite";"Crescente";"Nublado";"Dupla";"Reta";"Urbano";1;0;1;0;0;0;1;1
83436193;"31/01/16";"Domingo";"19:10:00";"GO";153;"497";"GOIANIA";"Falta de atenção";"Colisão lateral";"Sem Vítimas";"Pleno dia";"Decrescente";"Sol";"Dupla";"Curva";"Urbano";3;0;0;0;3;0;0;2
83436194;"31/01/16";"Domingo";"23:30:00";"SC";470;"6";"NAVEGANTES";"Outras";"Colisão com objeto fixo";"Sem Vítimas";"Plena noite";"Crescente";"Chuva";"Simples";"Cruzamento";"Urbano";1;0;0;0;1;0;0;1
83436195;"08/01/16";"Sexta";"13:30:00";"PR";376;"602";"CURITIBA";"Falta de atenção";"Colisão lateral";"Com Vítimas Feridas";"Pleno dia";"Crescente";"Ceu Claro";"Dupla";"Reta";"Urbano";3;0;2;0;1;0;2;2
83436196;"04/02/16";"Quinta";"09:30:00";"PA";230;"115,9";"MARABA";"Falta de atenção";"Colisão traseira";"Com Vítimas Feridas";"Pleno dia";"Crescente";"Sol";"Dupla";"Reta";"Urbano";2;0;0;1;1;0;1;2
83436197;"08/01/16";"Sexta";"15:35:00";"PR";376;"17";"SARANDI";"Não guardar distância de segurança";"Queda de motocicleta / bicicleta / veículo";"Com Vítimas Feridas";"Pleno dia";"Crescente";"Sol";"Dupla";"Curva";"Urbano";1;0;0;1;0;0;1;1
83436198;"31/01/16";"Domingo";"15:05:00";"SC";101;"246,7";"PAULO LOPES";"Dormindo";"Colisão com objeto fixo";"Com Vítimas Feridas";"Pleno dia";"Decrescente";"Chuva";"Dupla";"Reta";"Urbano";5;0;1;4;0;0;5;1
83436199;"04/02/16";"Quinta";"10:40:00";"RS";386;"92,3";"PALMEIRA DAS MISSOES";"Ultrapassagem indevida";"Saída de Pista";"Com Vítimas Feridas";"Pleno dia";"Crescente";"Nublado";"Simples";"Reta";"Rural";1;0;1;0;0;0;1;1
83436200;"09/01/16";"Sábado";"01:20:00";"PR";277;"157,3";"PORTO AMAZONAS";"Ingestão de álcool";"Saída de Pista";"Sem Vítimas";"Plena noite";"Crescente";"Ceu Claro";"Simples";"Cruzamento";"Rural";1;0;0;0;1;0;0;1
83436203;"09/01/16";"Sábado";"08:40:00";"PR";277;"477";"NOVA LARANJEIRAS";"Velocidade incompatível";"Saída de Pista";"Com Vítimas Feridas";"Pleno dia";"Decrescente";"Ceu Claro";"Simples";"Curva";"Rural";2;0;0;1;1;0;1;1
83436204;"04/02/16";"Quinta";"11:40:00";"MG";262;"585";"CAMPOS ALTOS";"Velocidade incompatível";"Colisão frontal";"Com Vítimas Feridas";"Pleno dia";"Crescente";"Chuva";"Simples";"Reta";"Rural";2;0;2;0;0;0;2;2
83436205;"05/01/16";"Terça";"18:50:00";"SC";101;"209";"SAO JOSE";"Falta de atenção";"Colisão traseira";"Com Vítimas Feridas";"Pleno dia";"Decrescente";"Ceu Claro";"Múltipla";"Reta";"Urbano";2;0;1;0;1;0;1;2
83436206;"09/01/16";"Sábado";"12:03:00";"PR";153;"96,3";"JAPIRA";"Ultrapassagem indevida";"Capotamento";"Sem Vítimas";"Pleno dia";"Decrescente";"Chuva";"Simples";"Reta";"Rural";1;0;0;0;1;0;0;1
83436207;"31/01/16";"Domingo";"16:35:00";"GO";40;"93,9";"CRISTALINA";"Ingestão de álcool";"Colisão Transversal";"Sem Vítimas";"Pleno dia";"Crescente";"Sol";"Simples";"Reta";"Rural";2;0;0;0;2;0;0;2
83436208;"03/02/16";"Quarta";"07:10:00";"SP";116;"227,3";"GUARULHOS";"Falta de atenção";"Colisão traseira";"Com Vítimas Feridas";"Pleno dia";"Crescente";"Ceu Claro";"Múltipla";"Reta";"Urbano";2;0;1;0;1;0;1;2
83436209;"04/02/16";"Quinta";"12:00:00";"RJ";393;"268";"BARRA DO PIRAI";"Falta de atenção";"Colisão Transversal";"Sem Vítimas";"Pleno dia";"Decrescente";"Ceu Claro";"Simples";"Cruzamento";"Rural";2;0;0;0;2;0;0;2
83436210;"04/02/16";"Quinta";"00:10:00";"PR";277;"333";"GUARAPUAVA";"Dormindo";"Colisão frontal";"Com Vítimas Feridas";"Plena noite";"Decrescente";"Chuva";"Simples";"Curva";"Rural";2;0;0;1;1;0;1;2
83436211;"04/02/16";"Quinta";"12:40:00";"MS";60;"423,5";"SIDROLANDIA";"Falta de atenção";"Colisão traseira";"Sem Vítimas";"Pleno dia";"Crescente";"Nublado";"Simples";"Reta";"Urbano";4;0;0;0;4;0;0;2
83436213;"04/02/16";"Quinta";"11:30:00";"RS";386;"440";"CANOAS";"Velocidade incompatível";"Saída de Pista";"Sem Vítimas";"Pleno dia";"Crescente";"Chuva";"Dupla";"Reta";"Rural";2;0;0;0;2;0;0;2
83436214;"04/02/16";"Quinta";"13:45:00";"PR";116;"95,9";"SAO JOSE DOS PINHAIS";"Velocidade incompatível";"Colisão traseira";"Sem Vítimas";"Pleno dia";"Crescente";"Nublado";"Dupla";"Reta";"Rural";2;0;0;0;2;0;0;2
83436215;"09/01/16";"Sábado";"14:40:00";"PR";277;"694,7";"SAO MIGUEL DO IGUACU";"Velocidade incompatível";"Saída de Pista";"Com Vítimas Feridas";"Pleno dia";"Crescente";"Ceu Claro";"Dupla";"Reta";"Rural";1;0;1;0;0;0;1;1
83436216;"04/02/16";"Quinta";"08:00:00";"PA";316;"9";"MARITUBA";"Falta de atenção";"Colisão lateral";"Sem Vítimas";"Pleno dia";"Crescente";"Ceu Claro";"Dupla";"Reta";"Urbano";2;0;0;0;1;1;0;2
83436217;"01/02/16";"Segunda";"05:50:00";"AL";101;"14,5";"NOVO LINO";"Falta de atenção";"Colisão com objeto fixo";"Com Vítimas Feridas";"Pleno dia";"Decrescente";"Ceu Claro";"Dupla";"Curva";"Rural";2;0;1;1;0;0;2;1
83436218;"04/02/16";"Quinta";"14:00:00";"MG";40;"315";"TRES MARIAS";"Não guardar distância de segurança";"Colisão lateral";"Sem Vítimas";"Pleno dia";"Crescente";"Sol";"Simples";"Reta";"Rural";2;0;0;0;2;0;0;2
83436219;"10/01/16";"Domingo";"14:10:00";"PR";277;"79";"CURITIBA";"Outras";"Atropelamento de pessoa";"Com Vítimas Feridas";"Pleno dia";"Decrescente";"Chuva";"Dupla";"Reta";"Urbano";2;0;0;1;1;0;1;1
83436220;"04/02/16";"Quinta";"09:35:00";"SP";116;"564,7";"BARRA DO TURVO";"Velocidade incompatível";"Colisão com objeto fixo";"Sem Vítimas";"Pleno dia";"Decrescente";"Chuva";"Dupla";"Reta";"Rural";1;0;0;0;1;0;0;1
83436221;"03/01/16";"Domingo";"14:30:00";"SC";282;"40,8";"AGUAS MORNAS";"Falta de atenção";"Colisão Transversal";"Com Vítimas Feridas";"Pleno dia";"Decrescente";"Ceu Claro";"Simples";"Reta";"Urbano";3;0;0;2;1;0;2;2
83436222;"12/01/16";"Terça";"03:00:00";"SP";381;"13";"BRAGANCA PAULISTA";"Defeito mecânico em veículo";"Incêndio";"Sem Vítimas";"Plena noite";"Crescente";"Ceu Claro";"Dupla";"Reta";"Rural";1;0;0;0;1;0;0;1
83436223;"12/01/16";"Terça";"22:30:00";"PR";277;"582";"CASCAVEL";"Ingestão de álcool";"Colisão com bicicleta";"Com Vítimas Feridas";"Plena noite";"Crescente";"Ceu Claro";"Simples";"Reta";"Urbano";2;0;1;0;1;0;1;2
83436224;"04/02/16";"Quinta";"09:00:00";"SE";101;"151";"ESTANCIA";"Falta de atenção";"Colisão Transversal";"Sem Vítimas";"Pleno dia";"Crescente";"Sol";"Simples";"Reta";"Urbano";2;0;0;0;2;0;0;2
83436226;"02/02/16";"Terça";"18:10:00";"RJ";40;"113";"DUQUE DE CAXIAS";"Defeito mecânico em veículo";"Queda de motocicleta / bicicleta / veículo";"Com Vítimas Feridas";"Anoitecer";"Crescente";"Ceu Claro";"Múltipla";"Reta";"Urbano";1;0;1;0;0;0;1;1
83436227;"04/02/16";"Quinta";"07:30:00";"ES";101;"264,5";"SERRA";"Desobediência à sinalização";"Colisão Transversal";"Com Vítimas Feridas";"Pleno dia";"Decrescente";"Sol";"Dupla";"Cruzamento";"Urbano";3;0;1;0;2;0;1;2
83436228;"04/02/16";"Quinta";"14:35:00";"SC";116;"135,2";"SANTA CECILIA";"Velocidade incompatível";"Colisão traseira";"Com Vítimas Feridas";"Pleno dia";"Decrescente";"Nublado";"Simples";"Reta";"Rural";3;0;1;0;2;0;1;2
83436229;"04/02/16";"Quinta";"13:00:00";"PI";343;"339";"TERESINA";"Não guardar distância de segurança";"Colisão traseira";"Sem Vítimas";"Pleno dia";"Crescente";"Sol";"Simples";"Reta";"Urbano";2;0;0;0;2;0;0;2
83436230;"04/02/16";"Quinta";"10:40:00";"TO";153;"355";"FORTALEZA DO TABOCAO";"Falta de atenção";"Colisão Transversal";"Com Vítimas Feridas";"Pleno dia";"Crescente";"Ceu Claro";"Simples";"Reta";"Urbano";2;0;0;1;1;0;1;2
83436231;"04/02/16";"Quinta";"11:45:00";"RS";116;"216,1";"MORRO REUTER";"Falta de atenção";"Colisão Transversal";"Sem Vítimas";"Pleno dia";"Decrescente";"Chuva";"Simples";"Reta";"Urbano";2;0;0;0;2;0;0;2