"id";"data_inversa";"dia_semana";"horario";"uf";"br";"km";"municipio";"causa_acidente";"tipo_acidente";"classificacao_acidente";"fase_dia";"sentido_via";"condicao_metereologica";"tipo_pista";"tracado_via";"uso_solo";"pessoas";"mortos";"feridos_leves";"feridos_graves";"ilesos";"ignorados";"feridos";"veiculos"
83436605;"05/02/16";"Sexta";"14:30:00";"PA";316;"0";"BELEM";"Falta de atenção";"Atropelamento de pessoa";"Com Vítimas Feridas";"Pleno dia";"Crescente";"Nublado";"Dupla";"Curva";"Urbano";2;0;1;0;1;0;1;1
83436606;"05/02/16";"Sexta";"13:50:00";"RO";364;"343,2";"JI-PARANA";"Outras";"Queda de motocicleta / bicicleta / veículo";"Com Vítimas Feridas";"Pleno dia";"Crescente";"Ceu Claro";"Dupla";"Cruzamento";"Urbano";1;0;1;0;0;0;1;1
83436607;"05/02/16";"Sexta";"18:00:00";"MG";365;"631";"UBERLANDIA";"Defeito mecânico em veículo";"Colisão lateral";"Sem Vítimas";"Pleno dia";"Crescente";"Nublado";"Dupla";"Reta";"Rural";2;0;0;0;2;0;0;2
83436608;"05/02/16";"Sexta";"19:00:00";"CE";222;"8,6";"CAUCAIA";"Outras";"Saída de Pista";"Com Vítimas Feridas";"Plena noite";"Crescente";"Ceu Claro";"Dupla";"Reta";"Urbano";2;0;1;0;1;0;1;1
83436609;"05/02/16";"Sexta";"16:10:00";"SC";163;"116,8";"DIONISIO CERQUEIRA";"Não guardar distância de segurança";"Colisão traseira";"Com Vítimas Feridas";"Pleno dia";"Decrescente";"Nublado";"Simples";"Curva";"Rural";4;0;1;0;3;0;1;3
83436610;"05/02/16";"Sexta";"18:30:00";"SC";282;"34";"AGUAS MORNAS";"Velocidade incompatível";"Colisão frontal";"Com Vítimas Feridas";"Pleno dia";"Decrescente";"Nublado";"Simples";"Curva";"Rural";2;0;1;0;1;0;1;2
83436611;"05/02/16";"Sexta";"19:30:00";"MG";40;"524";"CONTAGEM";"Falta de atenção";"Colisão com bicicleta";"Com Vítimas Feridas";"Pleno dia";"Decrescente";"Ceu Claro";"Dupla";"Reta";"Urbano";2;0;1;0;1;0;1;2
83436612;"05/02/16";"Sexta";"18:45:00";"RS";116;"414,5";"CAMAQUA";"Falta de atenção";"Saída de Pista";"Sem Vítimas";"Pleno dia";"Crescente";"Ceu Claro";"Simples";"Reta";"Rural";1;0;0;0;1;0;0;1
83436613;"05/02/16";"Sexta";"19:05:00";"RS";116;"146,5";"CAXIAS DO SUL";"Falta de atenção";"Colisão traseira";"Sem Vítimas";"Pleno dia";"Decrescente";"Ceu Claro";"Dupla";"Reta";"Urbano";3;0;0;0;3;0;0;3
83436614;"05/02/16";"Sexta";"10:30:00";"GO";153;"399";"PIRENOPOLIS";"Defeito na via";"Queda de motocicleta / bicicleta / veículo";"Com Vítimas Feridas";"Pleno dia";"Decrescente";"Ceu Claro";"Simples";"Reta";"Rural";1;0;0;1;0;0;1;1
83436615;"05/02/16";"Sexta";"16:00:00";"BA";324;"528";"FEIRA DE SANTANA";"Outras";"Colisão traseira";"Sem Vítimas";"Pleno dia";"Crescente";"Ceu Claro";"Dupla";"Reta";"Rural";2;0;0;0;2;0;0;2
83436616;"05/02/16";"Sexta";"19:20:00";"RS";386;"32,8";"FREDERICO WESTPHALEN";"Falta de atenção";"Colisão Transversal";"Com Vítimas Feridas";"Pleno dia";"Crescente";"Sol";"Simples";"Reta";"Urbano";2;0;1;0;1;0;1;2
83436617;"05/02/16";"Sexta";"17:20:00";"SC";280;"25,4";"ARAQUARI";"Não guardar distância de segurança";"Colisão traseira";"Com Vítimas Feridas";"Pleno dia";"Crescente";"Chuva";"Simples";"Reta";"Rural";5;0;2;0;3;0;2;4
83436618;"05/02/16";"Sexta";"08:30:00";"RS";116;"265";"CANOAS";"Falta de atenção";"Colisão traseira";"Sem Vítimas";"Pleno dia";"Crescente";"Sol";"Múltipla";"Reta";"Urbano";3;0;0;0;3;0;0;3
83436619;"05/02/16";"Sexta";"16:45:00";"MS";262;"105";"AGUA CLARA";"Outras";"Saída de Pista";"Sem Vítimas";"Pleno dia";"Decrescente";"Chuva";"Simples";"Curva";"Rural";1;0;0;0;1;0;0;1
83436620;"05/02/16";"Sexta";"08:00:00";"BA";101;"475";"URUCUCA";"Falta de atenção";"Colisão Transversal";"Com Vítimas Feridas";"Pleno dia";"Crescente";"Sol";"Simples";"Curva";"Rural";2;0;1;1;0;0;2;2
83436621;"05/02/16";"Sexta";"10:00:00";"MG";262;"353";"BETIM";"Outras";"Queda de motocicleta / bicicleta / veículo";"Com Vítimas Feridas";"Pleno dia";"Crescente";"Ceu Claro";"Dupla";"Reta";"Rural";1;0;0;1;0;0;1;1
83436622;"05/02/16";"Sexta";"20:00:00";"PI";316;"13,3";"TERESINA";"Outras";"Queda de motocicleta / bicicleta / veículo";"Com Vítimas Feridas";"Plena noite";"Crescente";"Nublado";"Simples";"Reta";"Rural";1;0;1;0;0;0;1;1
83436623;"05/02/16";"Sexta";"15:25:00";"PE";423;"88,7";"GARANHUNS";"Outras";"Colisão frontal";"Com Vítimas Feridas";"Pleno dia";"Crescente";"Ceu Claro";"Simples";"Reta";"Rural";2;0;0;1;1;0;1;2
83436624;"05/02/16";"Sexta";"16:00:00";"PE";232;"14";"JABOATAO DOS GUARARAPES";"Velocidade incompatível";"Queda de motocicleta / bicicleta / veículo";"Com Vítimas Feridas";"Pleno dia";"Crescente";"Ceu Claro";"Múltipla";"Reta";"Rural";1;0;1;0;0;0;1;1
83436625;"05/02/16";"Sexta";"12:00:00";"PE";232;"440,1";"SERRA TALHADA";"Outras";"Colisão frontal";"Com Vítimas Feridas";"Pleno dia";"Crescente";"Ceu Claro";"Simples";"Reta";"Rural";6;0;0;5;1;0;5;2
83436626;"05/02/16";"Sexta";"14:15:00";"GO";60;"58,5";"ABADIANIA";"Outras";"Saída de Pista";"Com Vítimas Feridas";"Pleno dia";"Decrescente";"Ceu Claro";"Dupla";"Curva";"Rural";1;0;0;1;0;0;1;1
83436627;"05/02/16";"Sexta";"17:40:00";"SP";381;"62";"MAIRIPORA";"Outras";"Colisão com objeto fixo";"Sem Vítimas";"Anoitecer";"Crescente";"Chuva";"Dupla";"Curva";"Rural";1;0;0;0;1;0;0;1
83436628;"05/02/16";"Sexta";"20:35:00";"CE";116;"5";"FORTALEZA";"Falta de atenção";"Colisão lateral";"Com Vítimas Feridas";"Plena noite";"Crescente";"Ceu Claro";"Dupla";"Curva";"Urbano";2;0;1;0;1;0;1;2
83436629;"05/02/16";"Sexta";"19:00:00";"RJ";101;"301";"SAO GONCALO";"Outras";"Atropelamento de pessoa";"Com Vítimas Feridas";"Anoitecer";"Decrescente";"Ceu Claro";"Dupla";"Reta";"Urbano";3;0;2;1;0;0;3;1
83436630;"05/02/16";"Sexta";"19:00:00";"SC";116;"92";"MONTE CASTELO";"Falta de atenção";"Tombamento";"Com Vítimas Feridas";"Pleno dia";"Crescente";"Nublado";"Simples";"Reta";"Rural";6;0;2;0;4;0;2;2
83436631;"05/02/16";"Sexta";"11:40:00";"BA";324;"591";"CANDEIAS";"Outras";"Queda de motocicleta / bicicleta / veículo";"Com Vítimas Feridas";"Pleno dia";"Decrescente";"Ceu Claro";"Dupla";"Reta";"Rural";2;0;2;0;0;0;2;1
83436632;"05/02/16";"Sexta";"12:00:00";"PA";316;"62,6";"CASTANHAL";"Falta de atenção";"Colisão traseira";"Sem Vítimas";"Pleno dia";"Crescente";"Nublado";"Dupla";"Reta";"Urbano";4;0;0;0;2;2;0;4
83436633;"05/02/16";"Sexta";"16:25:00";"SC";116;"65,2";"PAPANDUVA";"Outras";"Colisão lateral";"Sem Vítimas";"Pleno dia";"Decrescente";"Chuva";"Simples";"Reta";"Rural";2;0;0;0;2;0;0;2
83436634;"05/02/16";"Sexta";"13:10:00";"GO";60;"42,7";"ALEXANIA";"Falta de atenção";"Saída de Pista";"Sem Vítimas";"Pleno dia";"Crescente";"Ceu Claro";"Dupla";"Reta";"Rural";1;0;0;0;1;0;0;1
83436635;"05/02/16";"Sexta";"20:10:00";"PR";376;"523";"PONTA GROSSA";"Falta de atenção";"Colisão traseira";"Com Vítimas Feridas";"Plena noite";"Crescente";"Ceu Claro";"Dupla";"Reta";"Rural";3;0;1;0;2;0;1;3
83436636;"05/02/16";"Sexta";"17:35:00";"RN";405;"73";"APODI";"Outras";"Colisão traseira";"Sem Vítimas";"Pleno dia";"Crescente";"Ceu Claro";"Simples";"Curva";"Rural";2;0;0;0;2;0;0;2
83436637;"05/02/16";"Sexta";"16:00:00";"PR";153;"344";"REBOUCAS";"Outras";"Capotamento";"Sem Vítimas";"Pleno dia";"Decrescente";"Ceu Claro";"Simples";"Reta";"Rural";1;0;0;0;1;0;0;1
83436638;"30/01/16";"Sábado";"09:30:00";"ES";101;"299";"VIANA";"Ingestão de álcool";"Capotamento";"Com Vítimas Feridas";"Pleno dia";"Crescente";"Ceu Claro";"Dupla";"Reta";"Urbano";1;0;1;0;0;0;1;1
83436639;"05/02/16";"Sexta";"19:45:00";"MG";116;"411";"GOVERNADOR VALADARES";"Ingestão de álcool";"Colisão traseira";"Com Vítimas Feridas";"Plena noite";"Decrescente";"Ceu Claro";"Dupla";"Reta";"Urbano";2;0;0;1;1;0;1;2
83436640;"05/02/16";"Sexta";"22:00:00";"RS";101;"26,8";"TRES CACHOEIRAS";"Outras";"Atropelamento de animal";"Sem Vítimas";"Plena noite";"Decrescente";"Nublado";"Dupla";"Reta";"Rural";1;0;0;0;1;0;0;1
83436641;"05/02/16";"Sexta";"16:00:00";"MG";50;"70";"UBERLANDIA";"Ultrapassagem indevida";"Colisão lateral";"Com Vítimas Feridas";"Pleno dia";"Decrescente";"Sol";"Dupla";"Reta";"Urbano";2;0;1;0;1;0;1;2
83436642;"05/02/16";"Sexta";"16:50:00";"ES";259;"26";"COLATINA";"Outras";"Colisão com objeto fixo";"Ignorado";"Pleno dia";"Decrescente";"Ceu Claro";"Simples";"Curva";"Rural";1;0;0;0;0;1;0;1
83436643;"05/02/16";"Sexta";"21:30:00";"MS";158;"83";"PARANAIBA";"Defeito na via";"Queda de motocicleta / bicicleta / veículo";"Com Vítimas Feridas";"Plena noite";"Crescente";"Chuva";"Simples";"Reta";"Rural";1;0;0;1;0;0;1;1
83436644;"05/02/16";"Sexta";"17:30:00";"SC";101;"101";"PICARRAS";"Outras";"Saída de Pista";"Sem Vítimas";"Pleno dia";"Decrescente";"Chuva";"Dupla";"Reta";"Urbano";1;0;0;0;1;0;0;1
83436645;"05/02/16";"Sexta";"20:00:00";"PR";376;"254";"CALIFORNIA";"Ultrapassagem indevida";"Saída de Pista";"Sem Vítimas";"Plena noite";"Crescente";"Nublado";"Simples";"Reta";"Rural";5;0;0;0;5;0;0;1
83436646;"05/02/16";"Sexta";"22:10:00";"SC";470;"52";"INDAIAL";"Outras";"Colisão Transversal";"Sem Vítimas";"Plena noite";"Crescente";"Nublado";"Simples";"Reta";"Urbano";2;0;0;0;1;1;0;2
83436647;"05/02/16";"Sexta";"19:50:00";"TO";226;"4";"AGUIARNOPOLIS";"Falta de atenção";"Colisão lateral";"Com Vítimas Feridas";"Anoitecer";"Crescente";"Ignorada";"Simples";"Reta";"Urbano";4;0;1;0;3;0;1;2
83436648;"05/02/16";"Sexta";"17:20:00";"TO";153;"344";"GUARAI";"Falta de atenção";"Colisão Transversal";"Com Vítimas Feridas";"Pleno dia";"Decrescente";"Sol";"Simples";"Reta";"Rural";3;0;1;0;0;2;1;2
83436649;"05/02/16";"Sexta";"10:40:00";"ES";101;"436";"MIMOSO DO SUL";"Falta de atenção";"Saída de Pista";"Com Vítimas Feridas";"Pleno dia";"Decrescente";"Sol";"Simples";"Curva";"Rural";2;0;1;0;1;0;1;1
83436650;"05/02/16";"Sexta";"20:00:00";"BA";116;"821";"VITORIA DA CONQUISTA";"Não guardar distância de segurança";"Colisão frontal";"Com Vítimas Feridas";"Plena noite";"Crescente";"Ceu Claro";"Simples";"Reta";"Urbano";2;0;1;0;1;0;1;2
83436651;"05/02/16";"Sexta";"16:45:00";"GO";153;"424,2";"ANAPOLIS";"Defeito mecânico em veículo";"Colisão com objeto fixo";"Com Vítimas Feridas";"Pleno dia";"Decrescente";"Chuva";"Dupla";"Reta";"Rural";1;0;0;1;0;0;1;1
83436652;"05/02/16";"Sexta";"10:30:00";"ES";101;"269";"SERRA";"Outras";"Colisão com objeto fixo";"Sem Vítimas";"Pleno dia";"Decrescente";"Ceu Claro";"Dupla";"Reta";"Urbano";1;0;0;0;1;0;0;1
83436653;"04/02/16";"Quinta";"18:20:00";"SC";101;"401";"MARACAJA";"Desobediência à sinalização";"Colisão frontal";"Com Vítimas Feridas";"Pleno dia";"Crescente";"Sol";"Dupla";"Reta";"Urbano";2;0;1;0;1;0;1;2
83436654;"05/02/16";"Sexta";"21:25:00";"MG";262;"52,9";"MANHUACU";"Falta de atenção";"Colisão Transversal";"Com Vítimas Feridas";"Plena noite";"Decrescente";"Nublado";"Simples";"Reta";"Rural";3;0;1;1;1;0;2;2
83436655;"05/02/16";"Sexta";"22:00:00";"PR";158;"203,1";"PEABIRU";"Velocidade incompatível";"Capotamento";"Com Vítimas Feridas";"Plena noite";"Decrescente";"Ceu Claro";"Dupla";"Reta";"Rural";1;0;1;0;0;0;1;1
83436656;"05/02/16";"Sexta";"06:20:00";"PB";230;"35";"SANTA RITA";"Defeito mecânico em veículo";"Queda de motocicleta / bicicleta / veículo";"Com Vítimas Feridas";"Pleno dia";"Decrescente";"Sol";"Simples";"Curva";"Urbano";2;0;2;0;0;0;2;1
83436657;"05/02/16";"Sexta";"20:30:00";"MG";40;"488";"SETE LAGOAS";"Velocidade incompatível";"Colisão traseira";"Sem Vítimas";"Plena noite";"Crescente";"Ceu Claro";"Dupla";"Reta";"Rural";2;0;0;0;2;0;0;2
83436659;"05/02/16";"Sexta";"16:40:00";"GO";70;"0,3";"AGUAS LINDAS DE GOIAS";"Outras";"Saída de Pista";"Com Vítimas Fatais";"Pleno dia";"Decrescente";"Chuva";"Dupla";"Curva";"Rural";4;1;0;3;0;0;3;1
83436660;"05/02/16";"Sexta";"21:30:00";"RS";470;"213";"BENTO GONCALVES";"Falta de atenção";"Colisão lateral";"Sem Vítimas";"Plena noite";"Decrescente";"Ceu Claro";"Simples";"Reta";"Rural";2;0;0;0;2;0;0;2
83436661;"05/02/16";"Sexta";"11:45:00";"MG";40;"548";"NOVA LIMA";"Outras";"Colisão traseira";"Sem Vítimas";"Pleno dia";"Crescente";"Ceu Claro";"Múltipla";"Reta";"Urbano";2;0;0;0;1;1;0;2
83436662;"05/02/16";"Sexta";"11:20:00";"MS";163;"22,5";"MUNDO NOVO";"Falta de atenção";"Colisão traseira";"Sem Vítimas";"Pleno dia";"Decrescente";"Ceu Claro";"Simples";"Reta";"Rural";2;0;0;0;2;0;0;2
83436663;"05/02/16";"Sexta";"18:00:00";"RJ";101;"71";"CAMPOS DOS GOYTACAZES";"Outras";"Colisão Transversal";"Sem Vítimas";"Pleno dia";"Crescente";"Ceu Claro";"Simples";"Reta";"Urbano";2;0;0;0;1;1;0;2
83436664;"05/02/16";"Sexta";"15:30:00";"MT";163;"641";"NOVA MUTUM";"Falta de atenção";"Saída de Pista";"Com Vítimas Feridas";"Pleno dia";"Decrescente";"Chuva";"Simples";"Curva";"Rural";1;0;0;1;0;0;1;1
83436665;"05/02/16";"Sexta";"17:30:00";"BA";242;"870";"LUIS EDUARDO MAGALHAES";"Velocidade incompatível";"Saída de Pista";"Ignorado";"Pleno dia";"Decrescente";"Ceu Claro";"Simples";"Reta";"Rural";1;0;0;0;0;1;0;1
83436666;"05/02/16";"Sexta";"23:25:00";"GO";153;"200,5";"URUACU";"Defeito na via";"Colisão traseira";"Sem Vítimas";"Plena noite";"Decrescente";"Nublado";"Simples";"Reta";"Urbano";2;0;0;0;2;0;0;2
83436667;"05/02/16";"Sexta";"21:30:00";"PI";343;"307";"ALTOS";"Falta de atenção";"Colisão Transversal";"Com Vítimas Feridas";"Plena noite";"Decrescente";"Nublado";"Simples";"Reta";"Urbano";2;0;0;1;1;0;1;2
83436668;"05/02/16";"Sexta";"22:00:00";"SP";116;"510,8";"CAJATI";"Velocidade incompatível";"Capotamento";"Sem Vítimas";"Plena noite";"Decrescente";"Chuva";"Simples";"Curva";"Rural";5;0;0;0;5;0;0;1
83436669;"05/02/16";"Sexta";"17:00:00";"MT";70;"514";"VARZEA GRANDE";"Desobediência à sinalização";"Colisão Transversal";"Com Vítimas Feridas";"Pleno dia";"Decrescente";"Sol";"Simples";"Reta";"Urbano";2;0;0;1;1;0;1;2
83436670;"05/02/16";"Sexta";"21:20:00";"SP";116;"513,3";"CAJATI";"Velocidade incompatível";"Colisão com objeto fixo";"Sem Vítimas";"Plena noite";"Decrescente";"Chuva";"Simples";"Curva";"Rural";2;0;0;0;2;0;0;1
83436671;"05/02/16";"Sexta";"19:00:00";"MT";364;"394,2";"CUIABA";"Ultrapassagem indevida";"Colisão frontal";"Com Vítimas Fatais";"Pleno dia";"Crescente";"Sol";"Simples";"Reta";"Rural";3;1;0;0;2;0;0;2
83436672;"05/02/16";"Sexta";"23:15:00";"SC";101;"216";"PALHOCA";"Outras";"Colisão traseira";"Sem Vítimas";"Plena noite";"Crescente";"Ceu Claro";"Múltipla";"Reta";"Urbano";4;0;0;0;4;0;0;4
83436674;"05/02/16";"Sexta";"22:55:00";"PA";308;"152";"CAPANEMA";"Falta de atenção";"Colisão frontal";"Sem Vítimas";"Plena noite";"Crescente";"Ceu Claro";"Simples";"Reta";"Urbano";2;0;0;0;2;0;0;2
83436675;"05/02/16";"Sexta";"23:30:00";"PR";376;"174,1";"MARINGA";"Falta de atenção";"Colisão lateral";"Com Vítimas Feridas";"Plena noite";"Crescente";"Ceu Claro";"Dupla";"Cruzamento";"Urbano";3;0;2;0;0;1;2;2
83436676;"05/02/16";"Sexta";"20:00:00";"RJ";101;"305";"SAO GONCALO";"Outras";"Atropelamento de pessoa";"Com Vítimas Feridas";"Anoitecer";"Decrescente";"Ceu Claro";"Dupla";"Reta";"Urbano";2;0;1;0;1;0;1;1
83436677;"05/02/16";"Sexta";"21:20:00";"MG";40;"446,8";"CAETANOPOLIS";"Falta de atenção";"Colisão com bicicleta";"Com Vítimas Fatais";"Plena noite";"Decrescente";"Ceu Claro";"Dupla";"Reta";"Rural";3;1;0;0;2;0;0;3
83436678;"05/02/16";"Sexta";"14:00:00";"CE";20;"343";"CARIDADE";"Falta de atenção";"Colisão Transversal";"Sem Vítimas";"Pleno dia";"Decrescente";"Nublado";"Simples";"Reta";"Rural";7;0;0;0;6;1;0;2
83436679;"05/02/16";"Sexta";"23:30:00";"RS";386;"292,3";"POUSO NOVO";"Ingestão de álcool";"Colisão lateral";"Sem Vítimas";"Plena noite";"Decrescente";"Ceu Claro";"Simples";"Reta";"Urbano";2;0;0;0;2;0;0;2
83436681;"05/02/16";"Sexta";"23:00:00";"SC";282;"601,7";"CUNHA PORA";"Velocidade incompatível";"Saída de Pista";"Sem Vítimas";"Plena noite";"Crescente";"Ceu Claro";"Simples";"Cruzamento";"Rural";1;0;0;0;1;0;0;1
83436682;"05/02/16";"Sexta";"21:50:00";"SC";282;"567,5";"NOVA ERECHIM";"Desobediência à sinalização";"Colisão Transversal";"Sem Vítimas";"Plena noite";"Decrescente";"Nublado";"Simples";"Cruzamento";"Urbano";2;0;0;0;1;1;0;2
83436683;"05/02/16";"Sexta";"22:15:00";"PB";230;"195";"POCINHOS";"Defeito mecânico em veículo";"Saída de Pista";"Com Vítimas Feridas";"Plena noite";"Crescente";"Ceu Claro";"Simples";"Reta";"Rural";5;0;4;1;0;0;5;1
83436684;"05/02/16";"Sexta";"23:35:00";"PR";277;"66";"SAO JOSE DOS PINHAIS";"Ingestão de álcool";"Colisão com objeto fixo";"Sem Vítimas";"Plena noite";"Crescente";"Nublado";"Dupla";"Reta";"Urbano";1;0;0;0;1;0;0;1
83436685;"05/02/16";"Sexta";"22:30:00";"RJ";40;"87";"PETROPOLIS";"Outras";"Tombamento";"Com Vítimas Feridas";"Plena noite";"Crescente";"Ceu Claro";"Simples";"Reta";"Rural";1;0;1;0;0;0;1;1
83436686;"06/02/16";"Sábado";"00:15:00";"SC";116;"52,9";"PAPANDUVA";"Não guardar distância de segurança";"Colisão traseira";"Sem Vítimas";"Plena noite";"Crescente";"Ceu Claro";"Simples";"Reta";"Rural";2;0;0;0;2;0;0;2
83436687;"05/02/16";"Sexta";"20:50:00";"GO";153;"444";"ANAPOLIS";"Falta de atenção";"Colisão traseira";"Sem Vítimas";"Plena noite";"Decrescente";"Ceu Claro";"Simples";"Curva";"Urbano";3;0;0;0;3;0;0;3
83436688;"28/01/16";"Quinta";"18:10:00";"SC";101;"204";"SAO JOSE";"Falta de atenção";"Colisão traseira";"Sem Vítimas";"Pleno dia";"Decrescente";"Chuva";"Dupla";"Reta";"Urbano";3;0;0;0;3;0;0;3
83436689;"05/02/16";"Sexta";"20:00:00";"BA";110;"19";"PAULO AFONSO";"Defeito na via";"Queda de motocicleta / bicicleta / veículo";"Com Vítimas Fatais";"Plena noite";"Decrescente";"Ceu Claro";"Simples";"Reta";"Rural";1;1;0;0;0;0;0;1
83436690;"05/02/16";"Sexta";"17:30:00";"SP";116;"204";"ARUJA";"Falta de atenção";"Colisão Transversal";"Sem Vítimas";"Pleno dia";"Decrescente";"Nublado";"Dupla";"Reta";"Rural";2;0;0;0;2;0;0;2
83436691;"05/02/16";"Sexta";"23:15:00";"PR";369;"181";"ARAPONGAS";"Outras";"Colisão com bicicleta";"Com Vítimas Feridas";"Plena noite";"Decrescente";"Nublado";"Simples";"Reta";"Rural";2;0;1;0;1;0;1;2
83436692;"06/02/16";"Sábado";"00:35:00";"PR";476;"150,4";"ARAUCARIA";"Velocidade incompatível";"Saída de Pista";"Com Vítimas Feridas";"Plena noite";"Crescente";"Ceu Claro";"Dupla";"Reta";"Urbano";2;0;1;0;1;0;1;1
83436693;"06/02/16";"Sábado";"01:30:00";"SP";116;"554,3";"BARRA DO TURVO";"Defeito mecânico em veículo";"Colisão traseira";"Sem Vítimas";"Plena noite";"Crescente";"Nublado";"Dupla";"Reta";"Rural";2;0;0;0;2;0;0;2
83436694;"01/02/16";"Segunda";"23:50:00";"SC";101;"203";"SAO JOSE";"Desobediência à sinalização";"Colisão Transversal";"Sem Vítimas";"Plena noite";"Crescente";"Chuva";"Múltipla";"Cruzamento";"Urbano";2;0;0;0;2;0;0;2
83436695;"05/02/16";"Sexta";"22:30:00";"SC";282;"575,2";"PINHALZINHO";"Defeito mecânico em veículo";"Colisão Transversal";"Com Vítimas Feridas";"Plena noite";"Crescente";"Nublado";"Simples";"Reta";"Rural";4;0;1;1;2;0;2;3
83436696;"05/01/16";"Terça";"08:40:00";"CE";222;"21";"CAUCAIA";"Desobediência à sinalização";"Colisão traseira";"Com Vítimas Feridas";"Pleno dia";"Decrescente";"Ceu Claro";"Simples";"Reta";"Rural";4;0;1;1;1;1;2;3
83436697;"05/02/16";"Sexta";"23:30:00";"MT";163;"690";"LUCAS DO RIO VERDE";"Falta de atenção";"Saída de Pista";"Ignorado";"Plena noite";"Crescente";"Ceu Claro";"Simples";"Reta";"Urbano";1;0;0;0;0;1;0;1
83436698;"06/02/16";"Sábado";"01:05:00";"PR";376;"280,3";"MARILANDIA DO SUL";"Não guardar distância de segurança";"Colisão traseira";"Sem Vítimas";"Plena noite";"Crescente";"Ceu Claro";"Simples";"Curva";"Rural";4;0;0;0;4;0;0;2
83436699;"06/02/16";"Sábado";"00:20:00";"SC";163;"71,8";"SAO MIGUEL DOESTE";"Ingestão de álcool";"Saída de Pista";"Com Vítimas Feridas";"Plena noite";"Decrescente";"Chuva";"Simples";"Reta";"Urbano";3;0;2;0;1;0;2;2
83436700;"05/02/16";"Sexta";"22:20:00";"AC";364;"135,8";"RIO BRANCO";"Desobediência à sinalização";"Colisão Transversal";"Sem Vítimas";"Plena noite";"Crescente";"Ceu Claro";"Dupla";"Reta";"Urbano";4;0;0;0;4;0;0;2
83436701;"06/02/16";"Sábado";"00:30:00";"CE";222;"201";"FORQUILHA";"Falta de atenção";"Colisão traseira";"Com Vítimas Feridas";"Plena noite";"Crescente";"Ceu Claro";"Simples";"Reta";"Rural";2;0;1;0;1;0;1;2
83436702;"05/02/16";"Sexta";"19:00:00";"SP";116;"563";"BARRA DO TURVO";"Velocidade incompatível";"Saída de Pista";"Sem Vítimas";"Plena noite";"Crescente";"Chuva";"Dupla";"Curva";"Rural";2;0;0;0;2;0;0;1
83436703;"05/02/16";"Sexta";"15:00:00";"SP";116;"561,7";"BARRA DO TURVO";"Velocidade incompatível";"Colisão com objeto fixo";"Sem Vítimas";"Pleno dia";"Crescente";"Nublado";"Dupla";"Curva";"Rural";2;0;0;0;2;0;0;1
83436704;"06/02/16";"Sábado";"02:40:00";"MG";116;"411";"GOVERNADOR VALADARES";"Falta de atenção";"Queda de motocicleta / bicicleta / veículo";"Com Vítimas Feridas";"Plena noite";"Decrescente";"Ceu Claro";"Dupla";"Curva";"Urbano";1;0;1;0;0;0;1;1
83436705;"05/02/16";"Sexta";"21:35:00";"GO";40;"109";"CRISTALINA";"Falta de atenção";"Capotamento";"Com Vítimas Feridas";"Plena noite";"Crescente";"Nublado";"Dupla";"Reta";"Rural";1;0;1;0;0;0;1;1
83436707;"05/02/16";"Sexta";"16:40:00";"AC";317;"227";"EPITACIOLANDIA";"Defeito na via";"Saída de Pista";"Sem Vítimas";"Pleno dia";"Decrescente";"Ceu Claro";"Simples";"Curva";"Rural";2;0;0;0;2;0;0;1
83436708;"06/02/16";"Sábado";"01:00:00";"MG";262;"41";"MANHUACU";"Velocidade incompatível";"Saída de Pista";"Ignorado";"Plena noite";"Crescente";"Nublado";"Simples";"Curva";"Rural";1;0;0;0;0;1;0;1
83436709;"05/02/16";"Sexta";"21:30:00";"PR";476;"138";"CURITIBA";"Não guardar distância de segurança";"Colisão lateral";"Com Vítimas Feridas";"Plena noite";"Crescente";"Chuva";"Dupla";"Reta";"Urbano";2;0;0;1;1;0;1;2
83436710;"05/02/16";"Sexta";"23:45:00";"PR";116;"1";"CAMPINA GRANDE DO SUL";"Velocidade incompatível";"Capotamento";"Com Vítimas Feridas";"Plena noite";"Decrescente";"Nublado";"Dupla";"Curva";"Urbano";2;0;1;0;1;0;1;1
83436711;"06/02/16";"Sábado";"00:30:00";"RS";101;"22,2";"TRES CACHOEIRAS";"Falta de atenção";"Colisão traseira";"Com Vítimas Fatais";"Plena noite";"Decrescente";"Nublado";"Dupla";"Reta";"Urbano";2;1;0;0;0;1;0;2
83436712;"05/02/16";"Sexta";"19:35:00";"PB";101;"46";"MAMANGUAPE";"Velocidade incompatível";"Saída de Pista";"Sem Vítimas";"Plena noite";"Crescente";"Ceu Claro";"Dupla";"Curva";"Rural";1;0;0;0;1;0;0;1
83436713;"05/02/16";"Sexta";"09:00:00";"PR";376;"651";"TIJUCAS DO SUL";"Velocidade incompatível";"Saída de Pista";"Com Vítimas Feridas";"Pleno dia";"Decrescente";"Ceu Claro";"Dupla";"Curva";"Rural";3;0;1;0;2;0;1;2
83436714;"05/02/16";"Sexta";"16:00:00";"PI";316;"209";"VALENCA DO PIAUI";"Falta de atenção";"Capotamento";"Com Vítimas Feridas";"Pleno dia";"Crescente";"Ceu Claro";"Simples";"Reta";"Rural";3;0;3;0;0;0;3;1
83436715;"05/02/16";"Sexta";"22:10:00";"SC";470;"68";"INDAIAL";"Ingestão de álcool";"Colisão Transversal";"Sem Vítimas";"Plena noite";"Decrescente";"Ceu Claro";"Simples";"Reta";"Urbano";2;0;0;0;2;0;0;2