"id";"data_inversa";"dia_semana";"horario";"uf";"br";"km";"municipio";"causa_acidente";"tipo_acidente";"classificacao_acidente";"fase_dia";"sentido_via";"condicao_metereologica";"tipo_pista";"tracado_via";"uso_solo";"pessoas";"mortos";"feridos_leves";"feridos_graves";"ilesos";"ignorados";"feridos";"veiculos"
83436716;"06/01/16";"Quarta";"00:30:00";"PI";316;"84";"BARRO DURO";"Animais na Pista";"Atropelamento de animal";"Sem Vítimas";"Plena noite";"Decrescente";"Nublado";"Simples";"Reta";"Rural";1;0;0;0;1;0;0;1
83436717;"06/02/16";"Sábado";"02:30:00";"MS";267;"56";"BATAGUASSU";"Animais na Pista";"Atropelamento de animal";"Sem Vítimas";"Plena noite";"Crescente";"Nublado";"Simples";"Reta";"Rural";2;0;0;0;2;0;0;1
83436718;"05/02/16";"Sexta";"14:00:00";"MG";40;"376,7";"CURVELO";"Outras";"Saída de Pista";"Ignorado";"Pleno dia";"Crescente";"Sol";"Simples";"Curva";"Rural";1;0;0;0;0;1;0;1
83436719;"05/02/16";"Sexta";"23:30:00";"SP";381;"57";"MAIRIPORA";"Ingestão de álcool";"Colisão traseira";"Sem Vítimas";"Plena noite";"Crescente";"Chuva";"Simples";"Reta";"Urbano";2;0;0;0;2;0;0;2
83436721;"05/02/16";"Sexta";"15:45:00";"PB";230;"154";"CAMPINA GRANDE";"Falta de atenção";"Colisão frontal";"Com Vítimas Feridas";"Pleno dia";"Decrescente";"Ceu Claro";"Simples";"Curva";"Rural";2;0;0;1;1;0;1;2
83436722;"30/01/16";"Sábado";"21:30:00";"RN";101;"81,6";"NATAL";"Outras";"Colisão com bicicleta";"Com Vítimas Feridas";"Plena noite";"Decrescente";"Ceu Claro";"Dupla";"Reta";"Urbano";2;0;2;0;0;0;2;2
83436723;"06/02/16";"Sábado";"03:00:00";"PR";376;"651,8";"TIJUCAS DO SUL";"Outras";"Colisão com objeto fixo";"Sem Vítimas";"Plena noite";"Crescente";"Nublado";"Dupla";"Curva";"Rural";1;0;0;0;1;0;0;1
83436724;"06/02/16";"Sábado";"03:10:00";"SC";101;"91";"BARRA VELHA";"Outras";"Colisão com bicicleta";"Com Vítimas Feridas";"Plena noite";"Crescente";"Nublado";"Múltipla";"Reta";"Rural";2;0;1;0;1;0;1;2
83436725;"06/02/16";"Sábado";"04:00:00";"SP";116;"300";"SAO LOURENCO DA SERRA";"Falta de atenção";"Capotamento";"Sem Vítimas";"Plena noite";"Decrescente";"Nublado";"Dupla";"Curva";"Rural";3;0;0;0;3;0;0;1
83436726;"05/02/16";"Sexta";"18:30:00";"BA";101;"407";"IBIRAPITANGA";"Falta de atenção";"Colisão lateral";"Com Vítimas Feridas";"Plena noite";"Decrescente";"Ceu Claro";"Simples";"Reta";"Rural";2;0;0;1;1;0;1;2
83436727;"05/02/16";"Sexta";"17:00:00";"MG";364;"15";"FRUTAL";"Outras";"Incêndio";"Sem Vítimas";"Pleno dia";"Decrescente";"Ceu Claro";"Simples";"Reta";"Rural";1;0;0;0;1;0;0;1
83436728;"05/02/16";"Sexta";"16:50:00";"GO";60;"96,3";"ANAPOLIS";"Outras";"Colisão lateral";"Com Vítimas Feridas";"Pleno dia";"Crescente";"Sol";"Dupla";"Reta";"Urbano";3;0;3;0;0;0;3;2
83436729;"05/02/16";"Sexta";"21:00:00";"PE";101;"57";"RECIFE";"Outras";"Colisão Transversal";"Com Vítimas Feridas";"Plena noite";"Crescente";"Ceu Claro";"Dupla";"Reta";"Urbano";2;0;2;0;0;0;2;2
83436730;"05/02/16";"Sexta";"20:15:00";"RS";386;"437,8";"NOVA SANTA RITA";"Ingestão de álcool";"Colisão Transversal";"Sem Vítimas";"Anoitecer";"Crescente";"Sol";"Dupla";"Reta";"Urbano";2;0;0;0;2;0;0;2
83436731;"06/02/16";"Sábado";"05:00:00";"RS";116;"244";"SAO LEOPOLDO";"Ingestão de álcool";"Colisão com objeto fixo";"Sem Vítimas";"Plena noite";"Crescente";"Nublado";"Múltipla";"Reta";"Urbano";1;0;0;0;1;0;0;1
83436732;"05/02/16";"Sexta";"10:30:00";"PR";116;"1";"CAMPINA GRANDE DO SUL";"Velocidade incompatível";"Saída de Pista";"Sem Vítimas";"Plena noite";"Decrescente";"Chuva";"Dupla";"Curva";"Rural";1;0;0;0;1;0;0;1
83436733;"05/02/16";"Sexta";"20:40:00";"PR";476;"138";"CURITIBA";"Falta de atenção";"Colisão com bicicleta";"Com Vítimas Feridas";"Plena noite";"Crescente";"Chuva";"Múltipla";"Reta";"Urbano";2;0;0;1;1;0;1;2
83436734;"05/02/16";"Sexta";"16:50:00";"RJ";116;"258,7";"VOLTA REDONDA";"Defeito mecânico em veículo";"Capotamento";"Sem Vítimas";"Pleno dia";"Decrescente";"Ceu Claro";"Dupla";"Reta";"Rural";1;0;0;0;1;0;0;1
83436736;"05/02/16";"Sexta";"16:00:00";"PB";230;"1";"CABEDELO";"Não guardar distância de segurança";"Colisão lateral";"Com Vítimas Feridas";"Pleno dia";"Crescente";"Sol";"Simples";"Reta";"Urbano";3;0;1;0;2;0;1;3
83436738;"05/02/16";"Sexta";"22:30:00";"BA";324;"604";"SIMOES FILHO";"Falta de atenção";"Colisão traseira";"Sem Vítimas";"Plena noite";"Decrescente";"Ceu Claro";"Dupla";"Reta";"Rural";3;0;0;0;3;0;0;3
83436739;"06/02/16";"Sábado";"04:50:00";"RJ";101;"334";"RIO DE JANEIRO";"Outras";"Colisão com objeto fixo";"Com Vítimas Feridas";"Plena noite";"Crescente";"Ceu Claro";"Dupla";"Reta";"Urbano";1;0;1;0;0;0;1;1
83436740;"06/02/16";"Sábado";"03:20:00";"RJ";101;"69";"CAMPOS DOS GOYTACAZES";"Falta de atenção";"Colisão com objeto fixo";"Sem Vítimas";"Plena noite";"Crescente";"Ceu Claro";"Simples";"Reta";"Urbano";1;0;0;0;1;0;0;1
83436741;"05/02/16";"Sexta";"16:50:00";"CE";116;"14";"FORTALEZA";"Falta de atenção";"Colisão traseira";"Sem Vítimas";"Pleno dia";"Crescente";"Ceu Claro";"Múltipla";"Cruzamento";"Urbano";2;0;0;0;2;0;0;2
83436742;"06/02/16";"Sábado";"05:00:00";"RS";386;"337,3";"LAJEADO";"Animais na Pista";"Atropelamento de animal";"Com Vítimas Feridas";"Plena noite";"Decrescente";"Ceu Claro";"Simples";"Reta";"Urbano";5;0;3;1;1;0;4;1
83436744;"06/02/16";"Sábado";"05:20:00";"SP";116;"500,9";"CAJATI";"Falta de atenção";"Saída de Pista";"Sem Vítimas";"Amanhecer";"Crescente";"Nublado";"Simples";"Reta";"Rural";1;0;0;0;1;0;0;1
83436745;"06/02/16";"Sábado";"04:45:00";"PR";469;"13,9";"FOZ DO IGUACU";"Falta de atenção";"Saída de Pista";"Ignorado";"Plena noite";"Decrescente";"Nublado";"Simples";"Reta";"Urbano";1;0;0;0;0;1;0;1
83436746;"06/02/16";"Sábado";"01:35:00";"RJ";101;"402";"ITAGUAI";"Falta de atenção";"Colisão traseira";"Com Vítimas Feridas";"Plena noite";"Crescente";"Ceu Claro";"Dupla";"Reta";"Urbano";3;0;0;1;1;1;1;3
83436747;"05/02/16";"Sexta";"21:10:00";"MG";365;"701,5";"MONTE ALEGRE DE MINAS";"Defeito mecânico em veículo";"Saída de Pista";"Sem Vítimas";"Anoitecer";"Decrescente";"Nublado";"Dupla";"Reta";"Rural";1;0;0;0;1;0;0;1
83436748;"06/02/16";"Sábado";"03:40:00";"RJ";116;"94";"GUAPIMIRIM";"Outras";"Queda de motocicleta / bicicleta / veículo";"Com Vítimas Feridas";"Plena noite";"Decrescente";"Ceu Claro";"Simples";"Curva";"Rural";1;0;1;0;0;0;1;1
83436749;"05/02/16";"Sexta";"05:40:00";"MG";262;"192";"BELA VISTA DE MINAS";"Ingestão de álcool";"Saída de Pista";"Com Vítimas Feridas";"Amanhecer";"Decrescente";"Ceu Claro";"Simples";"Curva";"Rural";4;0;3;1;0;0;4;1
83436750;"01/02/16";"Segunda";"20:30:00";"RJ";116;"38";"TERESOPOLIS";"Outras";"Queda de motocicleta / bicicleta / veículo";"Com Vítimas Feridas";"Plena noite";"Decrescente";"Ceu Claro";"Simples";"Reta";"Rural";1;0;1;0;0;0;1;1
83436751;"06/02/16";"Sábado";"05:15:00";"MG";381;"451";"SABARA";"Outras";"Colisão lateral";"Com Vítimas Feridas";"Pleno dia";"Decrescente";"Ceu Claro";"Simples";"Reta";"Urbano";3;0;0;2;1;0;2;2
83436752;"05/02/16";"Sexta";"11:50:00";"BA";101;"567";"ARATACA";"Outras";"Capotamento";"Sem Vítimas";"Pleno dia";"Decrescente";"Sol";"Simples";"Curva";"Rural";1;0;0;0;1;0;0;1
83436753;"06/02/16";"Sábado";"01:20:00";"MT";364;"516";"ROSARIO OESTE";"Velocidade incompatível";"Tombamento";"Ignorado";"Plena noite";"Decrescente";"Ceu Claro";"Simples";"Reta";"Rural";1;0;0;0;0;1;0;1
83436754;"06/02/16";"Sábado";"03:45:00";"SC";158;"118,1";"CUNHA PORA";"Ingestão de álcool";"Colisão frontal";"Sem Vítimas";"Plena noite";"Crescente";"Nublado";"Simples";"Curva";"Rural";4;0;0;0;4;0;0;2
83436755;"05/02/16";"Sexta";"23:30:00";"RJ";101;"295";"ITABORAI";"Outras";"Colisão lateral";"Com Vítimas Feridas";"Plena noite";"Decrescente";"Ceu Claro";"Dupla";"Reta";"Urbano";4;0;2;0;2;0;2;3
83436756;"06/02/16";"Sábado";"01:00:00";"RJ";40;"120";"DUQUE DE CAXIAS";"Outras";"Capotamento";"Ignorado";"Plena noite";"Decrescente";"Ceu Claro";"Dupla";"Reta";"Urbano";1;0;0;0;0;1;0;1
83436757;"06/02/16";"Sábado";"02:50:00";"SC";470;"77";"INDAIAL";"Ingestão de álcool";"Tombamento";"Com Vítimas Feridas";"Plena noite";"Crescente";"Ceu Claro";"Simples";"Reta";"Rural";1;0;1;0;0;0;1;1
83436758;"05/02/16";"Sexta";"07:20:00";"AL";101;"149,5";"JEQUIA DA PRAIA";"Outras";"Tombamento";"Com Vítimas Feridas";"Pleno dia";"Crescente";"Chuva";"Simples";"Curva";"Rural";1;0;1;0;0;0;1;1
83436759;"05/02/16";"Sexta";"15:00:00";"PA";316;"0";"SANTA ISABEL DO PARA";"Falta de atenção";"Colisão traseira";"Sem Vítimas";"Pleno dia";"Crescente";"Chuva";"Dupla";"Reta";"Urbano";2;0;0;0;2;0;0;2
83436760;"06/02/16";"Sábado";"02:50:00";"RJ";40;"107";"DUQUE DE CAXIAS";"Outras";"Queda de motocicleta / bicicleta / veículo";"Com Vítimas Feridas";"Plena noite";"Decrescente";"Ceu Claro";"Simples";"Reta";"Urbano";3;0;3;0;0;0;3;1
83436761;"05/02/16";"Sexta";"17:40:00";"RS";470;"192";"VERANOPOLIS";"Ultrapassagem indevida";"Colisão lateral";"Sem Vítimas";"Anoitecer";"Crescente";"Ceu Claro";"Simples";"Reta";"Rural";2;0;0;0;2;0;0;2
83436762;"06/02/16";"Sábado";"02:15:00";"MG";381;"623,5";"OLIVEIRA";"Falta de atenção";"Saída de Pista";"Com Vítimas Feridas";"Plena noite";"Decrescente";"Ceu Claro";"Dupla";"Reta";"Rural";1;0;0;1;0;0;1;1
83436764;"04/02/16";"Quinta";"12:00:00";"PR";272;"391,7";"FAROL";"Outras";"Saída de Pista";"Com Vítimas Feridas";"Pleno dia";"Crescente";"Chuva";"Simples";"Curva";"Rural";1;0;1;0;0;0;1;1
83436766;"06/02/16";"Sábado";"06:20:00";"PI";343;"0";"TERESINA";"Outras";"Queda de motocicleta / bicicleta / veículo";"Com Vítimas Feridas";"Pleno dia";"Decrescente";"Nublado";"Dupla";"Cruzamento";"Urbano";2;0;2;0;0;0;2;1
83436768;"06/02/16";"Sábado";"06:00:00";"RJ";101;"594";"PARATI";"Dormindo";"Capotamento";"Sem Vítimas";"Plena noite";"Decrescente";"Ceu Claro";"Simples";"Curva";"Rural";1;0;0;0;1;0;0;1
83436770;"03/02/16";"Quarta";"05:00:00";"RJ";116;"21";"SAPUCAIA";"Outras";"Incêndio";"Sem Vítimas";"Plena noite";"Decrescente";"Ceu Claro";"Simples";"Reta";"Rural";1;0;0;0;1;0;0;1
83436771;"29/01/16";"Sexta";"07:40:00";"ES";262;"1596";"CARIACICA";"Desobediência à sinalização";"Colisão Transversal";"Com Vítimas Feridas";"Pleno dia";"Decrescente";"Sol";"Múltipla";"Cruzamento";"Urbano";2;0;0;1;0;1;1;2
83436772;"28/01/16";"Quinta";"22:30:00";"RJ";116;"172,6";"BELFORD ROXO";"Outras";"Queda de motocicleta / bicicleta / veículo";"Com Vítimas Feridas";"Plena noite";"Crescente";"Ceu Claro";"Múltipla";"Reta";"Urbano";2;0;1;0;1;0;1;1
83436773;"01/02/16";"Segunda";"23:40:00";"MG";381;"598";"CARMOPOLIS DE MINAS";"Falta de atenção";"Colisão com objeto fixo";"Ignorado";"Plena noite";"Crescente";"Ceu Claro";"Dupla";"Reta";"Rural";1;0;0;0;0;1;0;1
83436774;"02/02/16";"Terça";"20:00:00";"SP";116;"224";"GUARULHOS";"Falta de atenção";"Colisão com objeto fixo";"Com Vítimas Feridas";"Plena noite";"Crescente";"Ceu Claro";"Múltipla";"Reta";"Urbano";1;0;1;0;0;0;1;1
83436776;"03/02/16";"Quarta";"17:00:00";"MG";40;"524";"CONTAGEM";"Falta de atenção";"Colisão traseira";"Com Vítimas Feridas";"Pleno dia";"Decrescente";"Sol";"Dupla";"Curva";"Urbano";2;0;0;1;1;0;1;2
83436777;"06/02/16";"Sábado";"05:00:00";"TO";153;"139,9";"ARAGUAINA";"Velocidade incompatível";"Saída de Pista";"Ignorado";"Plena noite";"Crescente";"Ceu Claro";"Dupla";"Reta";"Urbano";1;0;0;0;0;1;0;1
83436778;"06/01/16";"Quarta";"03:30:00";"SE";101;"11";"CEDRO DE SAO JOAO";"Outras";"Colisão frontal";"Com Vítimas Feridas";"Plena noite";"Crescente";"Ceu Claro";"Simples";"Reta";"Rural";8;0;7;1;0;0;8;2
83436779;"02/02/16";"Terça";"07:30:00";"PI";343;"520";"AMARANTE";"Falta de atenção";"Saída de Pista";"Sem Vítimas";"Plena noite";"Decrescente";"Chuva";"Simples";"Curva";"Rural";1;0;0;0;1;0;0;1
83436780;"05/02/16";"Sexta";"18:30:00";"CE";20;"423,2";"MARACANAU";"Defeito na via";"Colisão com objeto fixo";"Sem Vítimas";"Anoitecer";"Crescente";"Ceu Claro";"Simples";"Reta";"Urbano";2;0;0;0;2;0;0;1
83436781;"04/02/16";"Quinta";"17:45:00";"DF";70;"14";"BRASILIA";"Não guardar distância de segurança";"Colisão traseira";"Com Vítimas Feridas";"Pleno dia";"Crescente";"Ceu Claro";"Dupla";"Reta";"Urbano";2;0;1;0;1;0;1;2
83436782;"06/02/16";"Sábado";"04:45:00";"BA";101;"264,5";"SANTO ANTONIO DE JESUS";"Falta de atenção";"Colisão Transversal";"Com Vítimas Feridas";"Amanhecer";"Crescente";"Ceu Claro";"Simples";"Reta";"Urbano";2;0;1;0;1;0;1;2
83436783;"03/02/16";"Quarta";"06:25:00";"PR";153;"86,5";"CONSELHEIRO MAIRINCK";"Ultrapassagem indevida";"Colisão frontal";"Com Vítimas Feridas";"Amanhecer";"Decrescente";"Ceu Claro";"Simples";"Curva";"Rural";2;0;2;0;0;0;2;2
83436784;"05/02/16";"Sexta";"13:45:00";"BA";242;"202";"ITABERABA";"Velocidade incompatível";"Colisão lateral";"Sem Vítimas";"Pleno dia";"Decrescente";"Ceu Claro";"Simples";"Reta";"Rural";3;0;0;0;3;0;0;3
83436785;"09/01/16";"Sábado";"17:00:00";"PI";343;"12";"PARNAIBA";"Ingestão de álcool";"Colisão Transversal";"Sem Vítimas";"Pleno dia";"Crescente";"Nublado";"Dupla";"Reta";"Urbano";3;0;0;0;3;0;0;3
83436786;"02/02/16";"Terça";"10:20:00";"SC";282;"495,3";"XANXERE";"Outras";"Colisão traseira";"Com Vítimas Feridas";"Pleno dia";"Decrescente";"Chuva";"Simples";"Reta";"Rural";6;0;2;0;4;0;2;4
83436787;"06/02/16";"Sábado";"07:00:00";"PR";376;"385,9";"IMBAU";"Falta de atenção";"Colisão traseira";"Com Vítimas Feridas";"Pleno dia";"Decrescente";"Ceu Claro";"Simples";"Reta";"Urbano";3;0;2;0;1;0;2;2
83436788;"02/02/16";"Terça";"20:45:00";"PB";101;"38,8";"MAMANGUAPE";"Falta de atenção";"Colisão traseira";"Com Vítimas Feridas";"Plena noite";"Decrescente";"Ceu Claro";"Dupla";"Reta";"Urbano";2;0;1;0;0;1;1;2
83436789;"03/02/16";"Quarta";"18:10:00";"GO";80;"43,6";"PADRE BERNARDO";"Falta de atenção";"Colisão frontal";"Com Vítimas Fatais";"Pleno dia";"Crescente";"Nublado";"Simples";"Reta";"Rural";4;1;0;3;0;0;3;2
83436790;"05/02/16";"Sexta";"16:00:00";"TO";153;"171,6";"ARAGUAINA";"Velocidade incompatível";"Capotamento";"Com Vítimas Fatais";"Pleno dia";"Crescente";"Chuva";"Simples";"Reta";"Rural";2;1;0;1;0;0;1;1
83436791;"06/02/16";"Sábado";"05:00:00";"RO";364;"18";"VILHENA";"Não guardar distância de segurança";"Colisão traseira";"Sem Vítimas";"Amanhecer";"Decrescente";"Chuva";"Simples";"Reta";"Rural";2;0;0;0;1;1;0;2
83436792;"03/02/16";"Quarta";"06:55:00";"AL";104;"56,9";"MURICI";"Ingestão de álcool";"Colisão lateral";"Com Vítimas Feridas";"Amanhecer";"Crescente";"Ceu Claro";"Simples";"Reta";"Rural";2;0;1;0;1;0;1;2
83436793;"18/01/16";"Segunda";"00:15:00";"PE";232;"103";"BEZERROS";"Outras";"Saída de Pista";"Sem Vítimas";"Plena noite";"Decrescente";"Chuva";"Dupla";"Reta";"Rural";1;0;0;0;1;0;0;1
83436794;"05/02/16";"Sexta";"07:25:00";"RJ";116;"293";"PORTO REAL";"Outras";"Capotamento";"Com Vítimas Feridas";"Pleno dia";"Crescente";"Sol";"Dupla";"Reta";"Urbano";2;0;1;0;1;0;1;1
83436795;"04/02/16";"Quinta";"23:05:00";"MG";262;"414,5";"IGARATINGA";"Outras";"Colisão traseira";"Com Vítimas Fatais";"Plena noite";"Crescente";"Nublado";"Dupla";"Reta";"Rural";2;1;0;0;1;0;0;2
83436796;"06/02/16";"Sábado";"06:00:00";"BA";101;"423";"IBIRAPITANGA";"Velocidade incompatível";"Saída de Pista";"Sem Vítimas";"Pleno dia";"Decrescente";"Ceu Claro";"Simples";"Curva";"Rural";1;0;0;0;1;0;0;1
83436797;"02/02/16";"Terça";"19:20:00";"AM";319;"665";"HUMAITA";"Falta de atenção";"Saída de Pista";"Com Vítimas Feridas";"Anoitecer";"Crescente";"Ceu Claro";"Simples";"Reta";"Rural";1;0;1;0;0;0;1;1
83436798;"05/02/16";"Sexta";"08:15:00";"RJ";116;"297";"PORTO REAL";"Falta de atenção";"Colisão traseira";"Com Vítimas Feridas";"Pleno dia";"Decrescente";"Sol";"Dupla";"Reta";"Urbano";4;0;1;0;3;0;1;3
83436799;"29/01/16";"Sexta";"12:45:00";"BA";324;"565";"SANTO AMARO";"Outras";"Capotamento";"Com Vítimas Feridas";"Pleno dia";"Decrescente";"Sol";"Dupla";"Reta";"Rural";3;0;3;0;0;0;3;1
83436800;"06/02/16";"Sábado";"09:40:00";"PR";476;"167";"CONTENDA";"Falta de atenção";"Colisão Transversal";"Com Vítimas Feridas";"Pleno dia";"Decrescente";"Sol";"Simples";"Cruzamento";"Rural";2;0;1;1;0;0;2;2
83436802;"04/02/16";"Quinta";"13:40:00";"PR";163;"287";"MARECHAL CANDIDO RONDON";"Falta de atenção";"Colisão traseira";"Com Vítimas Feridas";"Pleno dia";"Crescente";"Sol";"Dupla";"Reta";"Urbano";3;0;2;0;1;0;2;3
83436803;"05/02/16";"Sexta";"16:00:00";"SC";101;"287,1";"IMBITUBA";"Outras";"Colisão com objeto fixo";"Com Vítimas Fatais";"Pleno dia";"Crescente";"Nublado";"Dupla";"Reta";"Rural";2;2;0;0;0;0;0;1
83436804;"30/01/16";"Sábado";"01:00:00";"RJ";101;"314";"SAO GONCALO";"Outras";"Colisão frontal";"Com Vítimas Feridas";"Pleno dia";"Decrescente";"Ceu Claro";"Dupla";"Reta";"Urbano";2;0;0;1;1;0;1;2
83436805;"06/02/16";"Sábado";"06:20:00";"MA";222;"676";"ACAILANDIA";"Falta de atenção";"Colisão Transversal";"Com Vítimas Feridas";"Pleno dia";"Decrescente";"Ceu Claro";"Simples";"Reta";"Urbano";2;0;0;1;0;1;1;2
83436806;"02/02/16";"Terça";"19:30:00";"RJ";101;"226";"SILVA JARDIM";"Outras";"Saída de Pista";"Com Vítimas Feridas";"Anoitecer";"Decrescente";"Ceu Claro";"Simples";"Reta";"Rural";2;0;1;0;1;0;1;1
83436807;"06/02/16";"Sábado";"10:30:00";"RJ";40;"81";"DUQUE DE CAXIAS";"Falta de atenção";"Colisão lateral";"Sem Vítimas";"Pleno dia";"Decrescente";"Ceu Claro";"Dupla";"Curva";"Urbano";5;0;0;0;5;0;0;2
83436808;"06/02/16";"Sábado";"08:00:00";"RJ";101;"300";"SAO GONCALO";"Outras";"Colisão traseira";"Sem Vítimas";"Pleno dia";"Decrescente";"Ceu Claro";"Dupla";"Reta";"Urbano";2;0;0;0;2;0;0;2
83436809;"06/02/16";"Sábado";"08:00:00";"MS";262;"144";"AGUA CLARA";"Falta de atenção";"Colisão traseira";"Sem Vítimas";"Amanhecer";"Crescente";"Chuva";"Simples";"Reta";"Urbano";2;0;0;0;2;0;0;2
83436811;"27/01/16";"Quarta";"06:00:00";"MT";364;"468";"VARZEA GRANDE";"Outras";"Tombamento";"Sem Vítimas";"Pleno dia";"Crescente";"Chuva";"Simples";"Reta";"Rural";1;0;0;0;1;0;0;1
83436812;"02/02/16";"Terça";"18:10:00";"BA";110;"311,5";"ALAGOINHAS";"Falta de atenção";"Colisão Transversal";"Com Vítimas Fatais";"Amanhecer";"Decrescente";"Nublado";"Simples";"Reta";"Rural";3;2;1;0;0;0;1;2
83436813;"14/01/16";"Quinta";"10:50:00";"MG";381;"541,1";"ITATIAIUCU";"Falta de atenção";"Colisão traseira";"Com Vítimas Feridas";"Pleno dia";"Decrescente";"Nublado";"Dupla";"Reta";"Rural";3;0;1;0;2;0;1;2
83436814;"06/02/16";"Sábado";"07:45:00";"GO";40;"90";"CRISTALINA";"Outras";"Saída de Pista";"Com Vítimas Feridas";"Pleno dia";"Crescente";"Ceu Claro";"Simples";"Reta";"Urbano";2;0;2;0;0;0;2;1
83436815;"04/02/16";"Quinta";"09:00:00";"SP";116;"222";"GUARULHOS";"Velocidade incompatível";"Colisão traseira";"Com Vítimas Feridas";"Pleno dia";"Crescente";"Ceu Claro";"Múltipla";"Reta";"Urbano";2;0;1;0;1;0;1;2
83436816;"06/02/16";"Sábado";"08:30:00";"CE";222;"314";"TIANGUA";"Defeito mecânico em veículo";"Colisão frontal";"Com Vítimas Feridas";"Pleno dia";"Decrescente";"Ceu Claro";"Simples";"Reta";"Urbano";3;0;1;0;2;0;1;2
83436817;"06/02/16";"Sábado";"08:30:00";"BA";116;"535,5";"ITATIM";"Ultrapassagem indevida";"Saída de Pista";"Sem Vítimas";"Pleno dia";"Crescente";"Ceu Claro";"Simples";"Reta";"Rural";1;0;0;0;1;0;0;1
83436818;"02/02/16";"Terça";"07:30:00";"SC";101;"206,9";"SAO JOSE";"Falta de atenção";"Colisão lateral";"Com Vítimas Feridas";"Pleno dia";"Decrescente";"Sol";"Dupla";"Reta";"Urbano";2;0;1;0;1;0;1;2
83436819;"06/02/16";"Sábado";"10:00:00";"PR";376;"444";"TIBAGI";"Falta de atenção";"Queda de motocicleta / bicicleta / veículo";"Com Vítimas Feridas";"Pleno dia";"Crescente";"Ceu Claro";"Simples";"Reta";"Rural";2;0;0;2;0;0;2;1
83436820;"06/02/16";"Sábado";"11:19:00";"GO";40;"83,9";"CRISTALINA";"Defeito mecânico em veículo";"Queda de motocicleta / bicicleta / veículo";"Com Vítimas Feridas";"Pleno dia";"Crescente";"Ceu Claro";"Dupla";"Curva";"Rural";2;0;2;0;0;0;2;1
83436821;"06/02/16";"Sábado";"10:10:00";"MA";222;"677";"ACAILANDIA";"Falta de atenção";"Colisão lateral";"Com Vítimas Feridas";"Amanhecer";"Crescente";"Ceu Claro";"Simples";"Reta";"Urbano";3;0;0;1;2;0;1;2
83436822;"06/02/16";"Sábado";"10:57:00";"SC";101;"107,3";"PENHA";"Falta de atenção";"Colisão traseira";"Sem Vítimas";"Pleno dia";"Crescente";"Nublado";"Dupla";"Reta";"Rural";4;0;0;0;4;0;0;4
83436824;"06/02/16";"Sábado";"08:30:00";"PR";376;"629";"SAO JOSE DOS PINHAIS";"Ingestão de álcool";"Colisão Transversal";"Com Vítimas Feridas";"Pleno dia";"Crescente";"Ceu Claro";"Dupla";"Reta";"Rural";2;0;1;0;1;0;1;2
83436826;"06/02/16";"Sábado";"11:40:00";"PR";277;"131";"BALSA NOVA";"Falta de atenção";"Saída de Pista";"Com Vítimas Feridas";"Pleno dia";"Crescente";"Sol";"Simples";"Reta";"Rural";1;0;1;0;0;0;1;1
83436827;"06/02/16";"Sábado";"11:55:00";"PA";316;"8";"ANANINDEUA";"Não guardar distância de segurança";"Colisão com bicicleta";"Sem Vítimas";"Pleno dia";"Crescente";"Sol";"Simples";"Reta";"Urbano";2;0;0;0;2;0;0;2
83436829;"03/02/16";"Quarta";"05:45:00";"RS";290;"70,1";"GRAVATAI";"Falta de atenção";"Tombamento";"Ignorado";"Plena noite";"Decrescente";"Ceu Claro";"Dupla";"Reta";"Urbano";2;0;0;0;0;2;0;1
83436830;"06/02/16";"Sábado";"12:45:00";"RJ";40;"83";"PETROPOLIS";"Outras";"Colisão lateral";"Sem Vítimas";"Pleno dia";"Decrescente";"Sol";"Simples";"Curva";"Urbano";8;0;0;0;8;0;0;2
83436831;"06/02/16";"Sábado";"10:45:00";"RS";470;"336";"TRIUNFO";"Falta de atenção";"Colisão Transversal";"Sem Vítimas";"Pleno dia";"Crescente";"Ceu Claro";"Simples";"Reta";"Rural";2;0;0;0;2;0;0;2
83436832;"06/02/16";"Sábado";"06:50:00";"RO";364;"173,7";"PIMENTA BUENO";"Outras";"Saída de Pista";"Com Vítimas Feridas";"Amanhecer";"Crescente";"Chuva";"Simples";"Reta";"Rural";3;0;3;0;0;0;3;1
83436833;"06/02/16";"Sábado";"12:00:00";"PR";163;"351,5";"GUAIRA";"Defeito mecânico em veículo";"Queda de motocicleta / bicicleta / veículo";"Com Vítimas Feridas";"Pleno dia";"Crescente";"Ceu Claro";"Simples";"Reta";"Rural";1;0;0;1;0;0;1;1
83436834;"06/02/16";"Sábado";"11:20:00";"CE";116;"308";"JAGUARIBE";"Outras";"Queda de motocicleta / bicicleta / veículo";"Com Vítimas Feridas";"Pleno dia";"Crescente";"Ceu Claro";"Simples";"Reta";"Urbano";1;0;1;0;0;0;1;1
83436835;"06/02/16";"Sábado";"10:15:00";"SP";116;"145,1";"SAO JOSE DOS CAMPOS";"Outras";"Colisão traseira";"Sem Vítimas";"Pleno dia";"Decrescente";"Ceu Claro";"Dupla";"Reta";"Rural";2;0;0;0;2;0;0;2
83436837;"02/02/16";"Terça";"23:40:00";"SP";116;"190";"SANTA ISABEL";"Falta de atenção";"Capotamento";"Com Vítimas Feridas";"Plena noite";"Crescente";"Ceu Claro";"Dupla";"Reta";"Rural";1;0;1;0;0;0;1;1
83436838;"06/02/16";"Sábado";"04:30:00";"MT";70;"142";"GENERAL CARNEIRO";"Dormindo";"Colisão Transversal";"Sem Vítimas";"Plena noite";"Crescente";"Ceu Claro";"Simples";"Reta";"Urbano";2;0;0;0;2;0;0;2
83436839;"04/02/16";"Quinta";"21:30:00";"GO";70;"0";"AGUAS LINDAS DE GOIAS";"Defeito na via";"Atropelamento de pessoa";"Com Vítimas Feridas";"Plena noite";"Crescente";"Ceu Claro";"Múltipla";"Reta";"Urbano";2;0;1;0;1;0;1;1