"id";"data_inversa";"dia_semana";"horario";"uf";"br";"km";"municipio";"causa_acidente";"tipo_acidente";"classificacao_acidente";"fase_dia";"sentido_via";"condicao_metereologica";"tipo_pista";"tracado_via";"uso_solo";"pessoas";"mortos";"feridos_leves";"feridos_graves";"ilesos";"ignorados";"feridos";"veiculos"
83436840;"06/02/16";"Sábado";"09:36:00";"MS";262;"351";"CAMPO GRANDE";"Outras";"Queda de motocicleta / bicicleta / veículo";"Sem Vítimas";"Pleno dia";"Decrescente";"Ceu Claro";"Simples";"Reta";"Rural";1;0;0;0;1;0;0;1
83436841;"06/02/16";"Sábado";"11:35:00";"RS";287;"234,8";"SANTA MARIA";"Falta de atenção";"Colisão Transversal";"Com Vítimas Feridas";"Pleno dia";"Decrescente";"Sol";"Simples";"Reta";"Urbano";2;0;0;1;1;0;1;2
83436842;"06/02/16";"Sábado";"10:30:00";"SC";470;"57,5";"BLUMENAU";"Ultrapassagem indevida";"Colisão lateral";"Com Vítimas Feridas";"Pleno dia";"Crescente";"Nublado";"Simples";"Reta";"Urbano";3;0;2;0;1;0;2;2
83436843;"06/02/16";"Sábado";"13:00:00";"RJ";101;"291";"RIO BONITO";"Falta de atenção";"Colisão traseira";"Com Vítimas Feridas";"Pleno dia";"Decrescente";"Ceu Claro";"Dupla";"Reta";"Urbano";4;0;1;0;3;0;1;3
83436845;"05/02/16";"Sexta";"15:30:00";"PA";316;"28";"SANTA ISABEL DO PARA";"Falta de atenção";"Queda de motocicleta / bicicleta / veículo";"Com Vítimas Feridas";"Pleno dia";"Crescente";"Chuva";"Dupla";"Reta";"Rural";2;0;1;1;0;0;2;1
83436846;"02/02/16";"Terça";"16:55:00";"MG";381;"457";"BELO HORIZONTE";"Desobediência à sinalização";"Colisão Transversal";"Com Vítimas Feridas";"Pleno dia";"Decrescente";"Sol";"Dupla";"Reta";"Urbano";2;0;1;0;0;1;1;2
83436847;"06/02/16";"Sábado";"05:00:00";"BA";101;"551,5";"SAO JOSE DA VITORIA";"Velocidade incompatível";"Capotamento";"Com Vítimas Feridas";"Pleno dia";"Decrescente";"Chuva";"Simples";"Curva";"Rural";2;0;2;0;0;0;2;1
83436848;"06/02/16";"Sábado";"11:15:00";"SP";116;"137,5";"SAO JOSE DOS CAMPOS";"Falta de atenção";"Colisão traseira";"Com Vítimas Feridas";"Pleno dia";"Decrescente";"Nublado";"Dupla";"Reta";"Urbano";2;0;1;0;1;0;1;2
83436850;"06/02/16";"Sábado";"11:20:00";"MG";365;"628";"UBERLANDIA";"Não guardar distância de segurança";"Colisão traseira";"Sem Vítimas";"Pleno dia";"Decrescente";"Ceu Claro";"Dupla";"Reta";"Urbano";2;0;0;0;2;0;0;2
83436851;"03/02/16";"Quarta";"10:30:00";"BA";116;"549,3";"MILAGRES";"Dormindo";"Capotamento";"Com Vítimas Feridas";"Pleno dia";"Crescente";"Sol";"Múltipla";"Curva";"Rural";1;0;1;0;0;0;1;1
83436852;"06/02/16";"Sábado";"11:15:00";"ES";101;"241,5";"SERRA";"Desobediência à sinalização";"Colisão Transversal";"Sem Vítimas";"Pleno dia";"Decrescente";"Sol";"Simples";"Cruzamento";"Urbano";2;0;0;0;2;0;0;2
83436853;"06/02/16";"Sábado";"09:40:00";"AC";364;"110";"RIO BRANCO";"Falta de atenção";"Colisão Transversal";"Com Vítimas Feridas";"Pleno dia";"Crescente";"Ceu Claro";"Simples";"Reta";"Rural";3;0;1;0;1;1;1;2
83436854;"06/02/16";"Sábado";"09:40:00";"SC";116;"245,4";"LAGES";"Falta de atenção";"Colisão Transversal";"Com Vítimas Feridas";"Pleno dia";"Crescente";"Ceu Claro";"Simples";"Cruzamento";"Urbano";6;0;4;0;2;0;4;2
83436855;"06/02/16";"Sábado";"06:25:00";"GO";20;"4";"FORMOSA";"Outras";"Saída de Pista";"Ignorado";"Amanhecer";"Crescente";"Ceu Claro";"Dupla";"Reta";"Urbano";1;0;0;0;0;1;0;1
83436856;"03/02/16";"Quarta";"06:40:00";"ES";101;"305,5";"VIANA";"Falta de atenção";"Colisão Transversal";"Sem Vítimas";"Pleno dia";"Crescente";"Ceu Claro";"Simples";"Cruzamento";"Rural";2;0;0;0;2;0;0;2
83436857;"05/02/16";"Sexta";"04:00:00";"MG";116;"569,8";"MANHUACU";"Outras";"Incêndio";"Ignorado";"Plena noite";"Crescente";"Ceu Claro";"Simples";"Curva";"Rural";1;0;0;0;0;1;0;1
83436858;"04/02/16";"Quinta";"07:15:00";"GO";60;"439";"RIO VERDE";"Outras";"Colisão com objeto fixo";"Sem Vítimas";"Pleno dia";"Decrescente";"Nublado";"Dupla";"Reta";"Rural";1;0;0;0;1;0;0;1
83436859;"06/02/16";"Sábado";"03:00:00";"PE";101;"52";"PAULISTA";"Outras";"Saída de Pista";"Com Vítimas Fatais";"Plena noite";"Decrescente";"Ceu Claro";"Dupla";"Curva";"Urbano";1;1;0;0;0;0;0;1
83436860;"06/02/16";"Sábado";"12:40:00";"RO";364;"340";"JI-PARANA";"Falta de atenção";"Colisão traseira";"Sem Vítimas";"Pleno dia";"Crescente";"Nublado";"Múltipla";"Cruzamento";"Urbano";2;0;0;0;2;0;0;2
83436861;"06/02/16";"Sábado";"11:45:00";"MG";459;"106,2";"POUSO ALEGRE";"Outras";"Colisão lateral";"Com Vítimas Feridas";"Pleno dia";"Crescente";"Ceu Claro";"Dupla";"Reta";"Urbano";3;0;1;1;0;1;2;2
83436862;"06/02/16";"Sábado";"09:40:00";"MG";381;"818,4";"CAREACU";"Falta de atenção";"Saída de Pista";"Com Vítimas Feridas";"Pleno dia";"Decrescente";"Ceu Claro";"Dupla";"Curva";"Rural";3;0;1;0;2;0;1;1
83436863;"06/02/16";"Sábado";"13:50:00";"MG";116;"759";"LEOPOLDINA";"Ultrapassagem indevida";"Saída de Pista";"Com Vítimas Feridas";"Pleno dia";"Decrescente";"Ceu Claro";"Simples";"Reta";"Rural";1;0;1;0;0;0;1;1
83436864;"06/02/16";"Sábado";"10:50:00";"SP";116;"24";"LAVRINHAS";"Falta de atenção";"Colisão lateral";"Sem Vítimas";"Plena noite";"Crescente";"Ceu Claro";"Dupla";"Reta";"Rural";2;0;0;0;2;0;0;2
83436865;"05/02/16";"Sexta";"16:15:00";"ES";101;"147,1";"LINHARES";"Falta de atenção";"Colisão lateral";"Sem Vítimas";"Pleno dia";"Crescente";"Sol";"Múltipla";"Reta";"Urbano";2;0;0;0;2;0;0;2
83436866;"06/02/16";"Sábado";"14:00:00";"PR";376;"411";"TIBAGI";"Falta de atenção";"Colisão Transversal";"Sem Vítimas";"Pleno dia";"Crescente";"Ceu Claro";"Simples";"Cruzamento";"Urbano";2;0;0;0;2;0;0;2
83436867;"04/02/16";"Quinta";"19:10:00";"SP";116;"225,3";"GUARULHOS";"Falta de atenção";"Colisão lateral";"Sem Vítimas";"Anoitecer";"Crescente";"Ceu Claro";"Múltipla";"Reta";"Urbano";2;0;0;0;2;0;0;2
83436868;"06/02/16";"Sábado";"10:40:00";"MT";364;"285";"JACIARA";"Defeito na via";"Queda de motocicleta / bicicleta / veículo";"Com Vítimas Feridas";"Pleno dia";"Crescente";"Nublado";"Simples";"Curva";"Rural";2;0;2;0;0;0;2;1
83436869;"06/02/16";"Sábado";"06:40:00";"PI";343;"347,5";"TERESINA";"Desobediência à sinalização";"Colisão Transversal";"Com Vítimas Feridas";"Pleno dia";"Decrescente";"Ceu Claro";"Dupla";"Reta";"Urbano";2;0;1;1;0;0;2;2
83436870;"06/02/16";"Sábado";"11:00:00";"RS";116;"191,2";"NOVA PETROPOLIS";"Não guardar distância de segurança";"Colisão traseira";"Sem Vítimas";"Pleno dia";"Crescente";"Nublado";"Simples";"Reta";"Rural";5;0;0;0;5;0;0;4
83436871;"06/02/16";"Sábado";"09:15:00";"RO";364;"77";"VILHENA";"Outras";"Queda de motocicleta / bicicleta / veículo";"Com Vítimas Feridas";"Pleno dia";"Decrescente";"Ceu Claro";"Simples";"Reta";"Rural";1;0;1;0;0;0;1;1
83436872;"06/02/16";"Sábado";"09:30:00";"RJ";393;"130,6";"SAPUCAIA";"Defeito mecânico em veículo";"Colisão com objeto fixo";"Com Vítimas Feridas";"Pleno dia";"Decrescente";"Ceu Claro";"Simples";"Reta";"Rural";4;0;2;0;2;0;2;1
83436873;"06/02/16";"Sábado";"12:20:00";"SC";282;"527,8";"CORDILHEIRA ALTA";"Desobediência à sinalização";"Colisão frontal";"Com Vítimas Feridas";"Pleno dia";"Decrescente";"Ceu Claro";"Simples";"Curva";"Urbano";2;0;2;0;0;0;2;2
83436874;"05/02/16";"Sexta";"14:10:00";"RN";101;"99";"NATAL";"Falta de atenção";"Colisão Transversal";"Sem Vítimas";"Pleno dia";"Crescente";"Ceu Claro";"Dupla";"Reta";"Urbano";2;0;0;0;2;0;0;2
83436875;"06/02/16";"Sábado";"11:30:00";"MG";365;"628";"UBERLANDIA";"Falta de atenção";"Colisão traseira";"Sem Vítimas";"Pleno dia";"Crescente";"Ceu Claro";"Dupla";"Curva";"Urbano";2;0;0;0;2;0;0;2
83436876;"03/02/16";"Quarta";"21:15:00";"GO";153;"442,3";"ANAPOLIS";"Defeito na via";"Queda de motocicleta / bicicleta / veículo";"Com Vítimas Feridas";"Plena noite";"Decrescente";"Ignorada";"Dupla";"Curva";"Urbano";1;0;0;1;0;0;1;1
83436877;"06/02/16";"Sábado";"14:35:00";"RS";290;"130";"ELDORADO DO SUL";"Desobediência à sinalização";"Colisão Transversal";"Sem Vítimas";"Pleno dia";"Crescente";"Sol";"Simples";"Cruzamento";"Rural";3;0;0;0;3;0;0;2
83436878;"06/02/16";"Sábado";"14:00:00";"SC";116;"52,3";"PAPANDUVA";"Outras";"Colisão traseira";"Com Vítimas Feridas";"Pleno dia";"Crescente";"Sol";"Dupla";"Reta";"Rural";2;0;1;0;1;0;1;2
83436879;"06/02/16";"Sábado";"14:40:00";"PR";116;"152";"MANDIRITUBA";"Falta de atenção";"Colisão Transversal";"Com Vítimas Feridas";"Pleno dia";"Decrescente";"Ceu Claro";"Simples";"Cruzamento";"Rural";2;0;0;1;1;0;1;2
83436880;"02/02/16";"Terça";"23:30:00";"PR";116;"129";"FAZENDA RIO GRANDE";"Falta de atenção";"Atropelamento de pessoa";"Com Vítimas Fatais";"Plena noite";"Crescente";"Nublado";"Simples";"Reta";"Rural";3;1;0;0;2;0;0;1
83436881;"06/02/16";"Sábado";"08:55:00";"MG";40;"471";"SETE LAGOAS";"Ultrapassagem indevida";"Colisão traseira";"Sem Vítimas";"Amanhecer";"Decrescente";"Ceu Claro";"Dupla";"Curva";"Rural";6;0;0;0;6;0;0;2
83436882;"06/02/16";"Sábado";"12:30:00";"GO";60;"210";"VARJAO";"Falta de atenção";"Colisão traseira";"Com Vítimas Feridas";"Pleno dia";"Crescente";"Sol";"Dupla";"Reta";"Rural";2;0;0;1;1;0;1;2
83436883;"05/02/16";"Sexta";"22:30:00";"SP";381;"85";"SAO PAULO";"Outras";"Colisão Transversal";"Sem Vítimas";"Plena noite";"Crescente";"Nublado";"Dupla";"Reta";"Urbano";2;0;0;0;2;0;0;2
83436884;"05/02/16";"Sexta";"18:45:00";"PA";316;"17";"BENEVIDES";"Ingestão de álcool";"Colisão Transversal";"Com Vítimas Feridas";"Anoitecer";"Decrescente";"Nublado";"Dupla";"Reta";"Rural";3;0;0;2;1;0;2;2
83436885;"06/02/16";"Sábado";"11:50:00";"PE";232;"131,7";"CARUARU";"Outras";"Capotamento";"Com Vítimas Feridas";"Pleno dia";"Crescente";"Ceu Claro";"Múltipla";"Reta";"Urbano";2;0;2;0;0;0;2;1
83436886;"06/02/16";"Sábado";"11:10:00";"PB";230;"139";"CAMPINA GRANDE";"Defeito mecânico em veículo";"Saída de Pista";"Com Vítimas Feridas";"Pleno dia";"Crescente";"Sol";"Dupla";"Curva";"Rural";2;0;2;0;0;0;2;1
83436887;"06/02/16";"Sábado";"02:20:00";"PR";376;"419,1";"TIBAGI";"Outras";"Capotamento";"Com Vítimas Feridas";"Plena noite";"Decrescente";"Ceu Claro";"Simples";"Curva";"Rural";1;0;1;0;0;0;1;1
83436888;"06/02/16";"Sábado";"08:40:00";"MS";163;"485,3";"CAMPO GRANDE";"Falta de atenção";"Colisão lateral";"Sem Vítimas";"Pleno dia";"Decrescente";"Ceu Claro";"Simples";"Reta";"Urbano";2;0;0;0;2;0;0;2
83436889;"06/02/16";"Sábado";"14:22:00";"SC";158;"112,6";"CUNHA PORA";"Defeito na via";"Saída de Pista";"Sem Vítimas";"Pleno dia";"Crescente";"Ceu Claro";"Simples";"Reta";"Rural";1;0;0;0;1;0;0;1
83436890;"02/02/16";"Terça";"08:40:00";"SP";116;"210";"GUARULHOS";"Não guardar distância de segurança";"Tombamento";"Com Vítimas Feridas";"Pleno dia";"Decrescente";"Sol";"Múltipla";"Reta";"Urbano";3;0;1;0;0;2;1;3
83436891;"06/02/16";"Sábado";"08:30:00";"GO";251;"32";"CRISTALINA";"Desobediência à sinalização";"Saída de Pista";"Com Vítimas Feridas";"Pleno dia";"Decrescente";"Ceu Claro";"Simples";"Reta";"Rural";2;0;1;1;0;0;2;1
83436892;"04/02/16";"Quinta";"05:30:00";"GO";153;"390,4";"PIRENOPOLIS";"Defeito na via";"Colisão frontal";"Sem Vítimas";"Plena noite";"Decrescente";"Chuva";"Simples";"Reta";"Rural";2;0;0;0;1;1;0;2
83436893;"06/02/16";"Sábado";"13:30:00";"RO";364;"341,9";"JI-PARANA";"Falta de atenção";"Colisão traseira";"Com Vítimas Feridas";"Pleno dia";"Crescente";"Chuva";"Dupla";"Reta";"Urbano";3;0;1;0;2;0;1;3
83436894;"06/02/16";"Sábado";"12:00:00";"PB";361;"4,5";"PATOS";"Não guardar distância de segurança";"Colisão traseira";"Com Vítimas Feridas";"Pleno dia";"Crescente";"Ceu Claro";"Simples";"Reta";"Urbano";2;0;2;0;0;0;2;2
83436895;"02/02/16";"Terça";"09:30:00";"TO";153;"332";"GUARAI";"Falta de atenção";"Atropelamento de pessoa";"Com Vítimas Feridas";"Pleno dia";"Crescente";"Ceu Claro";"Simples";"Reta";"Urbano";3;0;1;0;2;0;1;2
83436896;"06/02/16";"Sábado";"09:30:00";"SC";101;"81";"BARRA VELHA";"Não guardar distância de segurança";"Colisão traseira";"Sem Vítimas";"Pleno dia";"Crescente";"Nublado";"Dupla";"Reta";"Rural";2;0;0;0;2;0;0;2
83436897;"06/02/16";"Sábado";"12:45:00";"SC";470;"110,2";"APIUNA";"Falta de atenção";"Atropelamento de pessoa";"Com Vítimas Feridas";"Pleno dia";"Decrescente";"Nublado";"Simples";"Reta";"Urbano";2;0;0;1;1;0;1;1
83436898;"06/02/16";"Sábado";"12:00:00";"RJ";116;"194,5";"QUEIMADOS";"Não guardar distância de segurança";"Queda de motocicleta / bicicleta / veículo";"Com Vítimas Feridas";"Pleno dia";"Crescente";"Ceu Claro";"Dupla";"Reta";"Urbano";2;0;1;1;0;0;2;1
83436899;"06/02/16";"Sábado";"12:35:00";"AL";104;"74,1";"MESSIAS";"Outras";"Colisão lateral";"Com Vítimas Feridas";"Pleno dia";"Decrescente";"Ceu Claro";"Simples";"Reta";"Rural";3;0;1;0;2;0;1;3
83436900;"06/02/16";"Sábado";"08:00:00";"RJ";101;"176";"RIO DAS OSTRAS";"Ultrapassagem indevida";"Colisão frontal";"Com Vítimas Fatais";"Pleno dia";"Decrescente";"Ceu Claro";"Simples";"Reta";"Rural";2;1;0;0;1;0;0;2
83436901;"06/02/16";"Sábado";"13:30:00";"SC";101;"436,2";"SOMBRIO";"Dormindo";"Colisão lateral";"Com Vítimas Feridas";"Pleno dia";"Crescente";"Nublado";"Dupla";"Reta";"Urbano";2;0;1;0;1;0;1;2
83436902;"06/02/16";"Sábado";"12:35:00";"BA";101;"729,3";"ITABELA";"Velocidade incompatível";"Colisão frontal";"Sem Vítimas";"Pleno dia";"Decrescente";"Sol";"Simples";"Curva";"Rural";3;0;0;0;3;0;0;3
83436903;"06/02/16";"Sábado";"14:00:00";"GO";153;"417,3";"ANAPOLIS";"Outras";"Capotamento";"Com Vítimas Feridas";"Pleno dia";"Decrescente";"Ceu Claro";"Simples";"Reta";"Rural";3;0;2;0;1;0;2;1
83436904;"06/02/16";"Sábado";"11:30:00";"GO";60;"11";"SANTO ANTONIO DO DESCOBERTO";"Falta de atenção";"Saída de Pista";"Com Vítimas Feridas";"Pleno dia";"Decrescente";"Ceu Claro";"Dupla";"Reta";"Rural";2;0;1;1;0;0;2;1
83436905;"06/02/16";"Sábado";"10:30:00";"GO";158;"203,1";"CAIAPONIA";"Desobediência à sinalização";"Colisão lateral";"Com Vítimas Feridas";"Pleno dia";"Crescente";"Ceu Claro";"Simples";"Cruzamento";"Rural";6;0;2;0;4;0;2;2
83436906;"06/02/16";"Sábado";"14:20:00";"RJ";116;"49";"TERESOPOLIS";"Outras";"Colisão com objeto fixo";"Sem Vítimas";"Pleno dia";"Decrescente";"Sol";"Simples";"Curva";"Rural";1;0;0;0;1;0;0;1
83436907;"06/02/16";"Sábado";"10:30:00";"RS";158;"189,3";"CRUZ ALTA";"Falta de atenção";"Colisão traseira";"Com Vítimas Feridas";"Pleno dia";"Decrescente";"Nublado";"Simples";"Reta";"Rural";2;0;1;0;1;0;1;2
83436908;"06/02/16";"Sábado";"14:40:00";"PE";232;"367,9";"FLORES";"Outras";"Saída de Pista";"Com Vítimas Feridas";"Pleno dia";"Crescente";"Ceu Claro";"Simples";"Reta";"Rural";2;0;1;0;1;0;1;1
83436909;"06/02/16";"Sábado";"13:55:00";"RS";158;"181,3";"PEJUCARA";"Ultrapassagem indevida";"Colisão frontal";"Com Vítimas Feridas";"Pleno dia";"Crescente";"Ceu Claro";"Simples";"Reta";"Rural";6;0;3;0;3;0;3;2
83436910;"06/02/16";"Sábado";"08:30:00";"GO";364;"287,7";"MINEIROS";"Ultrapassagem indevida";"Capotamento";"Sem Vítimas";"Pleno dia";"Decrescente";"Ceu Claro";"Simples";"Curva";"Rural";3;0;0;0;3;0;0;1
83436911;"29/01/16";"Sexta";"13:00:00";"MG";116;"701,4";"MURIAE";"Velocidade incompatível";"Colisão Transversal";"Com Vítimas Feridas";"Pleno dia";"Decrescente";"Ceu Claro";"Simples";"Cruzamento";"Urbano";2;0;0;1;1;0;1;2
83436912;"06/02/16";"Sábado";"15:00:00";"ES";101;"262";"SERRA";"Não guardar distância de segurança";"Colisão traseira";"Com Vítimas Feridas";"Pleno dia";"Crescente";"Ceu Claro";"Dupla";"Reta";"Urbano";5;0;1;0;4;0;1;5
83436913;"02/02/16";"Terça";"16:30:00";"MG";381;"487";"BETIM";"Outras";"Colisão com objeto fixo";"Sem Vítimas";"Pleno dia";"Crescente";"Chuva";"Dupla";"Curva";"Urbano";1;0;0;0;1;0;0;1
83436914;"06/02/16";"Sábado";"17:00:00";"RJ";101;"398";"ITAGUAI";"Falta de atenção";"Colisão traseira";"Sem Vítimas";"Pleno dia";"Crescente";"Ceu Claro";"Dupla";"Reta";"Urbano";5;0;0;0;5;0;0;2
83436915;"06/02/16";"Sábado";"15:00:00";"GO";153;"585";"PONTALINA";"Outras";"Capotamento";"Sem Vítimas";"Pleno dia";"Crescente";"Sol";"Dupla";"Reta";"Rural";1;0;0;0;1;0;0;1
83436916;"06/02/16";"Sábado";"08:30:00";"PR";369;"163";"CAMBE";"Desobediência à sinalização";"Colisão traseira";"Com Vítimas Feridas";"Pleno dia";"Crescente";"Ceu Claro";"Dupla";"Reta";"Rural";7;0;1;0;6;0;1;6
83436917;"06/02/16";"Sábado";"09:10:00";"CE";402;"293";"TURURU";"Falta de atenção";"Colisão lateral";"Sem Vítimas";"Pleno dia";"Crescente";"Ceu Claro";"Simples";"Reta";"Rural";2;0;0;0;2;0;0;2
83436918;"06/02/16";"Sábado";"13:45:00";"SC";470;"246,7";"CURITIBANOS";"Ultrapassagem indevida";"Colisão frontal";"Com Vítimas Fatais";"Pleno dia";"Decrescente";"Ceu Claro";"Simples";"Reta";"Rural";4;1;1;0;2;0;1;3
83436919;"06/02/16";"Sábado";"17:20:00";"SC";282;"510";"XANXERE";"Velocidade incompatível";"Saída de Pista";"Com Vítimas Feridas";"Pleno dia";"Decrescente";"Sol";"Simples";"Reta";"Rural";1;0;1;0;0;0;1;1
83436920;"06/02/16";"Sábado";"15:30:00";"PE";232;"515,3";"SALGUEIRO";"Outras";"Capotamento";"Com Vítimas Fatais";"Pleno dia";"Crescente";"Sol";"Simples";"Reta";"Rural";2;1;1;0;0;0;1;1
83436921;"03/02/16";"Quarta";"02:30:00";"MG";262;"361,5";"BETIM";"Não guardar distância de segurança";"Colisão traseira";"Com Vítimas Feridas";"Plena noite";"Decrescente";"Nublado";"Dupla";"Reta";"Rural";2;0;1;0;1;0;1;2
83436922;"06/02/16";"Sábado";"15:00:00";"SP";116;"562,3";"BARRA DO TURVO";"Velocidade incompatível";"Colisão com objeto fixo";"Sem Vítimas";"Pleno dia";"Crescente";"Chuva";"Dupla";"Curva";"Rural";1;0;0;0;1;0;0;1
83436923;"05/02/16";"Sexta";"16:00:00";"RR";174;"419";"IRACEMA";"Defeito mecânico em veículo";"Incêndio";"Sem Vítimas";"Pleno dia";"Crescente";"Ceu Claro";"Simples";"Reta";"Rural";1;0;0;0;1;0;0;1
83436924;"06/02/16";"Sábado";"11:20:00";"RS";285;"580,6";"SAO LUIZ GONZAGA";"Ingestão de álcool";"Capotamento";"Com Vítimas Feridas";"Pleno dia";"Crescente";"Sol";"Simples";"Reta";"Rural";6;0;4;2;0;0;6;1
83436925;"06/02/16";"Sábado";"14:30:00";"GO";153;"525";"HIDROLANDIA";"Outras";"Incêndio";"Sem Vítimas";"Pleno dia";"Crescente";"Ceu Claro";"Dupla";"Reta";"Rural";1;0;0;0;1;0;0;1
83436926;"06/02/16";"Sábado";"10:30:00";"MG";50;"6";"ARAGUARI";"Defeito mecânico em veículo";"Colisão com objeto fixo";"Sem Vítimas";"Pleno dia";"Crescente";"Ceu Claro";"Dupla";"Reta";"Rural";1;0;0;0;1;0;0;1
83436927;"06/02/16";"Sábado";"14:50:00";"PE";316;"279,7";"BELEM DE SAO FRANCISCO";"Animais na Pista";"Atropelamento de animal";"Sem Vítimas";"Pleno dia";"Decrescente";"Ceu Claro";"Simples";"Reta";"Rural";4;0;0;0;4;0;0;1
83436928;"06/02/16";"Sábado";"13:35:00";"MG";459;"24,3";"CALDAS";"Velocidade incompatível";"Saída de Pista";"Com Vítimas Feridas";"Pleno dia";"Decrescente";"Chuva";"Simples";"Curva";"Rural";3;0;3;0;0;0;3;1
83436929;"06/02/16";"Sábado";"14:50:00";"SP";116;"544,7";"BARRA DO TURVO";"Outras";"Colisão com objeto fixo";"Sem Vítimas";"Pleno dia";"Crescente";"Chuva";"Múltipla";"Curva";"Rural";3;0;0;0;3;0;0;3
83436930;"06/02/16";"Sábado";"12:10:00";"MS";60;"650";"BELA VISTA";"Dormindo";"Colisão frontal";"Com Vítimas Fatais";"Pleno dia";"Decrescente";"Ceu Claro";"Simples";"Reta";"Urbano";5;2;0;2;1;0;2;2
83436931;"06/02/16";"Sábado";"17:35:00";"RS";290;"125";"ELDORADO DO SUL";"Falta de atenção";"Colisão Transversal";"Com Vítimas Feridas";"Pleno dia";"Decrescente";"Sol";"Simples";"Reta";"Rural";9;0;1;0;8;0;1;2
83436932;"06/02/16";"Sábado";"14:50:00";"GO";60;"213,9";"CEZARINA";"Outras";"Saída de Pista";"Com Vítimas Feridas";"Pleno dia";"Decrescente";"Chuva";"Dupla";"Reta";"Rural";4;0;2;0;2;0;2;1
83436933;"06/02/16";"Sábado";"11:20:00";"BA";101;"857";"TEIXEIRA DE FREITAS";"Falta de atenção";"Saída de Pista";"Com Vítimas Feridas";"Pleno dia";"Decrescente";"Ceu Claro";"Simples";"Reta";"Rural";2;0;2;0;0;0;2;1
83436934;"06/02/16";"Sábado";"16:00:00";"MG";381;"924,5";"CAMANDUCAIA";"Velocidade incompatível";"Saída de Pista";"Com Vítimas Feridas";"Pleno dia";"Decrescente";"Chuva";"Dupla";"Curva";"Rural";4;0;2;0;2;0;2;1
83436935;"06/02/16";"Sábado";"12:50:00";"MG";116;"528,1";"CARATINGA";"Falta de atenção";"Colisão lateral";"Com Vítimas Feridas";"Pleno dia";"Crescente";"Sol";"Múltipla";"Cruzamento";"Urbano";3;0;2;0;1;0;2;2
83436936;"06/02/16";"Sábado";"15:40:00";"MS";163;"684,5";"RIO VERDE DE MATO GROSSO";"Outras";"Saída de Pista";"Com Vítimas Feridas";"Pleno dia";"Crescente";"Ceu Claro";"Simples";"Reta";"Rural";2;0;2;0;0;0;2;1
83436937;"06/02/16";"Sábado";"13:15:00";"AM";174;"1031,9";"PRESIDENTE FIGUEIREDO";"Dormindo";"Saída de Pista";"Sem Vítimas";"Pleno dia";"Crescente";"Ceu Claro";"Simples";"Reta";"Urbano";2;0;0;0;2;0;0;1
83436938;"06/02/16";"Sábado";"17:50:00";"RS";116;"240";"NOVO HAMBURGO";"Falta de atenção";"Saída de Pista";"Com Vítimas Feridas";"Pleno dia";"Decrescente";"Sol";"Dupla";"Reta";"Urbano";1;0;1;0;0;0;1;1
83436939;"06/02/16";"Sábado";"15:15:00";"MG";50;"73";"UBERLANDIA";"Ingestão de álcool";"Colisão traseira";"Com Vítimas Feridas";"Pleno dia";"Decrescente";"Nublado";"Dupla";"Reta";"Urbano";2;0;0;1;1;0;1;2
83436940;"06/02/16";"Sábado";"16:30:00";"SC";282;"2";"FLORIANOPOLIS";"Não guardar distância de segurança";"Colisão traseira";"Com Vítimas Feridas";"Pleno dia";"Decrescente";"Nublado";"Múltipla";"Curva";"Urbano";2;0;0;1;1;0;1;2
83436941;"29/01/16";"Sexta";"19:00:00";"GO";40;"7";"VALPARAISO DE GOIAS";"Desobediência à sinalização";"Colisão Transversal";"Com Vítimas Feridas";"Anoitecer";"Crescente";"Ceu Claro";"Dupla";"Reta";"Urbano";2;0;1;0;1;0;1;2
83436942;"06/02/16";"Sábado";"15:15:00";"SC";101;"41,3";"JOINVILLE";"Falta de atenção";"Colisão Transversal";"Com Vítimas Feridas";"Pleno dia";"Decrescente";"Sol";"Múltipla";"Cruzamento";"Urbano";2;0;1;0;1;0;1;2
83436943;"06/02/16";"Sábado";"14:30:00";"SP";116;"561,1";"BARRA DO TURVO";"Outras";"Colisão com objeto fixo";"Sem Vítimas";"Pleno dia";"Crescente";"Chuva";"Dupla";"Curva";"Rural";1;0;0;0;1;0;0;1
83436944;"04/02/16";"Quinta";"13:30:00";"RJ";40;"105";"DUQUE DE CAXIAS";"Falta de atenção";"Atropelamento de pessoa";"Com Vítimas Feridas";"Plena noite";"Decrescente";"Ceu Claro";"Dupla";"Reta";"Urbano";2;0;1;0;1;0;1;1
83436945;"05/02/16";"Sexta";"16:40:00";"RS";158;"119,6";"PALMEIRA DAS MISSOES";"Outras";"Colisão traseira";"Com Vítimas Feridas";"Pleno dia";"Crescente";"Sol";"Simples";"Reta";"Rural";2;0;1;0;1;0;1;2
83436946;"06/02/16";"Sábado";"18:15:00";"SP";153;"61";"SAO JOSE DO RIO PRETO";"Falta de atenção";"Colisão lateral";"Com Vítimas Feridas";"Pleno dia";"Decrescente";"Nublado";"Dupla";"Reta";"Urbano";2;0;1;0;1;0;1;2
83436947;"06/02/16";"Sábado";"18:00:00";"ES";101;"154";"LINHARES";"Defeito mecânico em veículo";"Queda de motocicleta / bicicleta / veículo";"Com Vítimas Feridas";"Pleno dia";"Decrescente";"Ceu Claro";"Simples";"Reta";"Rural";2;0;2;0;0;0;2;1