"id";"data_inversa";"dia_semana";"horario";"uf";"br";"km";"municipio";"causa_acidente";"tipo_acidente";"classificacao_acidente";"fase_dia";"sentido_via";"condicao_metereologica";"tipo_pista";"tracado_via";"uso_solo";"pessoas";"mortos";"feridos_leves";"feridos_graves";"ilesos";"ignorados";"feridos";"veiculos"
83436948;"13/01/16";"Quarta";"23:00:00";"MG";40;"730";"OLIVEIRA FORTES";"Velocidade incompatível";"Saída de Pista";"Sem Vítimas";"Plena noite";"Crescente";"Chuva";"Dupla";"Reta";"Rural";1;0;0;0;1;0;0;1
83436949;"06/02/16";"Sábado";"16:15:00";"PR";476;"117";"COLOMBO";"Velocidade incompatível";"Colisão com objeto fixo";"Com Vítimas Feridas";"Pleno dia";"Crescente";"Sol";"Dupla";"Curva";"Urbano";5;0;1;0;4;0;1;2
83436950;"06/02/16";"Sábado";"18:15:00";"MG";116;"703";"MURIAE";"Defeito mecânico em veículo";"Colisão traseira";"Sem Vítimas";"Pleno dia";"Crescente";"Ceu Claro";"Simples";"Reta";"Urbano";2;0;0;0;1;1;0;2
83436951;"06/02/16";"Sábado";"17:20:00";"PR";376;"600";"CURITIBA";"Não guardar distância de segurança";"Colisão traseira";"Sem Vítimas";"Pleno dia";"Crescente";"Chuva";"Dupla";"Reta";"Urbano";2;0;0;0;2;0;0;2
83436952;"06/02/16";"Sábado";"18:00:00";"PR";277;"645,3";"CEU AZUL";"Falta de atenção";"Saída de Pista";"Sem Vítimas";"Pleno dia";"Decrescente";"Chuva";"Simples";"Curva";"Rural";1;0;0;0;1;0;0;1
83436953;"06/02/16";"Sábado";"11:00:00";"PR";277;"72";"SAO JOSE DOS PINHAIS";"Outras";"Colisão lateral";"Com Vítimas Feridas";"Pleno dia";"Decrescente";"Ceu Claro";"Dupla";"Reta";"Urbano";3;0;0;2;1;0;2;2
83436954;"06/02/16";"Sábado";"11:15:00";"PR";376;"187,3";"MARIALVA";"Defeito mecânico em veículo";"Queda de motocicleta / bicicleta / veículo";"Com Vítimas Feridas";"Pleno dia";"Decrescente";"Ceu Claro";"Dupla";"Reta";"Rural";2;0;1;0;1;0;1;1
83436955;"06/02/16";"Sábado";"17:20:00";"RJ";40;"62";"PETROPOLIS";"Falta de atenção";"Colisão Transversal";"Com Vítimas Feridas";"Pleno dia";"Crescente";"Sol";"Dupla";"Cruzamento";"Urbano";2;0;1;0;1;0;1;2
83436956;"06/02/16";"Sábado";"18:25:00";"GO";50;"281";"CATALAO";"Falta de atenção";"Colisão Transversal";"Sem Vítimas";"Pleno dia";"Decrescente";"Nublado";"Simples";"Reta";"Urbano";5;0;0;0;5;0;0;2
83436957;"06/02/16";"Sábado";"14:00:00";"SP";116;"358";"MIRACATU";"Falta de atenção";"Colisão traseira";"Sem Vítimas";"Pleno dia";"Crescente";"Sol";"Simples";"Curva";"Rural";2;0;0;0;2;0;0;2
83436958;"02/02/16";"Terça";"18:02:00";"RJ";40;"114";"DUQUE DE CAXIAS";"Não guardar distância de segurança";"Colisão traseira";"Com Vítimas Feridas";"Pleno dia";"Crescente";"Ceu Claro";"Múltipla";"Reta";"Urbano";3;0;1;0;2;0;1;2
83436959;"06/02/16";"Sábado";"17:20:00";"MG";146;"504";"BANDEIRA DO SUL";"Velocidade incompatível";"Queda de motocicleta / bicicleta / veículo";"Com Vítimas Feridas";"Pleno dia";"Decrescente";"Nublado";"Simples";"Curva";"Rural";2;0;2;0;0;0;2;1
83436960;"06/02/16";"Sábado";"12:00:00";"MG";459;"106,2";"POUSO ALEGRE";"Não guardar distância de segurança";"Colisão traseira";"Sem Vítimas";"Pleno dia";"Crescente";"Nublado";"Dupla";"Reta";"Rural";3;0;0;0;3;0;0;3
83436961;"06/02/16";"Sábado";"12:20:00";"MT";174;"113";"PORTO ESPERIDIAO";"Velocidade incompatível";"Capotamento";"Com Vítimas Feridas";"Pleno dia";"Decrescente";"Nublado";"Simples";"Reta";"Rural";4;0;4;0;0;0;4;1
83436962;"06/02/16";"Sábado";"14:30:00";"PR";376;"182,7";"SARANDI";"Falta de atenção";"Colisão traseira";"Com Vítimas Feridas";"Pleno dia";"Decrescente";"Ceu Claro";"Dupla";"Cruzamento";"Urbano";2;0;1;0;1;0;1;2
83436963;"06/02/16";"Sábado";"16:45:00";"SP";116;"98,3";"PINDAMONHANGABA";"Outras";"Saída de Pista";"Com Vítimas Feridas";"Pleno dia";"Crescente";"Nublado";"Dupla";"Reta";"Urbano";1;0;1;0;0;0;1;1
83436964;"06/02/16";"Sábado";"14:00:00";"RJ";101;"474";"ANGRA DOS REIS";"Velocidade incompatível";"Queda de motocicleta / bicicleta / veículo";"Com Vítimas Feridas";"Pleno dia";"Decrescente";"Nublado";"Simples";"Curva";"Urbano";1;0;1;0;0;0;1;1
83436965;"06/02/16";"Sábado";"16:00:00";"PA";10;"46";"ULIANOPOLIS";"Defeito mecânico em veículo";"Saída de Pista";"Com Vítimas Feridas";"Pleno dia";"Decrescente";"Sol";"Simples";"Reta";"Rural";2;0;2;0;0;0;2;1
83436966;"02/02/16";"Terça";"10:20:00";"RJ";101;"236";"SILVA JARDIM";"Outras";"Colisão com objeto móvel";"Com Vítimas Feridas";"Pleno dia";"Decrescente";"Ceu Claro";"Simples";"Reta";"Rural";1;0;1;0;0;0;1;1
83436967;"06/02/16";"Sábado";"12:00:00";"RJ";465;"7";"SEROPEDICA";"Falta de atenção";"Colisão lateral";"Sem Vítimas";"Pleno dia";"Crescente";"Sol";"Dupla";"Reta";"Urbano";4;0;0;0;4;0;0;2
83436968;"06/02/16";"Sábado";"18:00:00";"GO";153;"628";"MORRINHOS";"Outras";"Saída de Pista";"Ignorado";"Pleno dia";"Decrescente";"Nublado";"Dupla";"Curva";"Rural";1;0;0;0;0;1;0;1
83436969;"06/02/16";"Sábado";"16:05:00";"RJ";393;"279,8";"BARRA DO PIRAI";"Falta de atenção";"Colisão Transversal";"Com Vítimas Feridas";"Pleno dia";"Decrescente";"Ceu Claro";"Simples";"Reta";"Urbano";2;0;0;1;1;0;1;2
83436970;"06/02/16";"Sábado";"18:30:00";"SC";101;"116,5";"ITAJAI";"Falta de atenção";"Colisão lateral";"Com Vítimas Feridas";"Pleno dia";"Crescente";"Sol";"Múltipla";"Reta";"Urbano";4;0;1;0;3;0;1;2
83436972;"06/02/16";"Sábado";"19:15:00";"RJ";101;"537";"PARATI";"Não guardar distância de segurança";"Colisão traseira";"Sem Vítimas";"Anoitecer";"Decrescente";"Nublado";"Simples";"Reta";"Rural";2;0;0;0;2;0;0;2
83436973;"06/02/16";"Sábado";"10:30:00";"MG";40;"473";"SETE LAGOAS";"Outras";"Saída de Pista";"Sem Vítimas";"Pleno dia";"Crescente";"Ceu Claro";"Dupla";"Curva";"Rural";1;0;0;0;1;0;0;1
83436974;"06/02/16";"Sábado";"15:30:00";"PR";116;"107,6";"SAO JOSE DOS PINHAIS";"Outras";"Colisão lateral";"Com Vítimas Feridas";"Pleno dia";"Decrescente";"Ceu Claro";"Dupla";"Reta";"Rural";3;0;0;2;1;0;2;2
83436975;"06/02/16";"Sábado";"14:15:00";"SP";116;"328";"JUQUITIBA";"Outras";"Tombamento";"Com Vítimas Feridas";"Pleno dia";"Decrescente";"Ceu Claro";"Dupla";"Curva";"Rural";2;0;1;0;0;1;1;2
83436976;"06/02/16";"Sábado";"19:45:00";"SP";116;"518";"CAJATI";"Velocidade incompatível";"Colisão com objeto fixo";"Sem Vítimas";"Anoitecer";"Decrescente";"Chuva";"Dupla";"Curva";"Rural";1;0;0;0;1;0;0;1
83436977;"06/02/16";"Sábado";"08:45:00";"ES";262;"19,7";"VIANA";"Desobediência à sinalização";"Colisão Transversal";"Sem Vítimas";"Pleno dia";"Decrescente";"Sol";"Simples";"Cruzamento";"Urbano";3;0;0;0;3;0;0;3
83436978;"06/02/16";"Sábado";"15:45:00";"PI";316;"313";"PICOS";"Falta de atenção";"Atropelamento de pessoa";"Com Vítimas Feridas";"Pleno dia";"Decrescente";"Ceu Claro";"Simples";"Reta";"Urbano";2;0;1;1;0;0;2;1
83436979;"06/02/16";"Sábado";"03:40:00";"MG";40;"139";"JOAO PINHEIRO";"Outras";"Colisão lateral";"Com Vítimas Feridas";"Plena noite";"Decrescente";"Ceu Claro";"Simples";"Curva";"Rural";16;0;0;1;15;0;1;2
83436980;"06/02/16";"Sábado";"19:50:00";"SP";116;"201";"ARUJA";"Ultrapassagem indevida";"Colisão com objeto fixo";"Sem Vítimas";"Plena noite";"Crescente";"Chuva";"Dupla";"Reta";"Urbano";1;0;0;0;1;0;0;1
83436982;"06/02/16";"Sábado";"09:50:00";"RR";174;"210";"RORAINOPOLIS";"Falta de atenção";"Colisão lateral";"Com Vítimas Feridas";"Pleno dia";"Crescente";"Sol";"Simples";"Reta";"Urbano";2;0;1;0;0;1;1;2
83436983;"06/02/16";"Sábado";"18:25:00";"RN";101;"112,3";"SAO JOSE DE MIPIBU";"Animais na Pista";"Atropelamento de animal";"Com Vítimas Feridas";"Plena noite";"Crescente";"Ceu Claro";"Dupla";"Reta";"Rural";1;0;1;0;0;0;1;1
83436984;"06/02/16";"Sábado";"13:20:00";"MS";163;"206";"CAARAPO";"Velocidade incompatível";"Tombamento";"Com Vítimas Feridas";"Pleno dia";"Decrescente";"Nublado";"Simples";"Cruzamento";"Rural";1;0;1;0;0;0;1;1
83436985;"04/02/16";"Quinta";"10:30:00";"PI";343;"346,4";"TERESINA";"Não guardar distância de segurança";"Colisão lateral";"Sem Vítimas";"Pleno dia";"Crescente";"Sol";"Simples";"Curva";"Urbano";2;0;0;0;2;0;0;2
83436986;"06/02/16";"Sábado";"14:30:00";"RJ";116;"165";"RIO DE JANEIRO";"Desobediência à sinalização";"Atropelamento de pessoa";"Com Vítimas Feridas";"Pleno dia";"Decrescente";"Ceu Claro";"Múltipla";"Reta";"Urbano";2;0;0;1;1;0;1;1
83436987;"02/02/16";"Terça";"18:15:00";"ES";101;"0,6";"SERRA";"Não guardar distância de segurança";"Colisão traseira";"Com Vítimas Feridas";"Pleno dia";"Crescente";"Ceu Claro";"Dupla";"Cruzamento";"Urbano";3;0;1;0;2;0;1;3
83436988;"06/02/16";"Sábado";"19:30:00";"RJ";116;"292";"PORTO REAL";"Outras";"Colisão com objeto fixo";"Sem Vítimas";"Plena noite";"Decrescente";"Chuva";"Dupla";"Curva";"Rural";1;0;0;0;1;0;0;1
83436989;"06/02/16";"Sábado";"19:10:00";"SC";282;"19";"PALHOCA";"Desobediência à sinalização";"Colisão Transversal";"Com Vítimas Feridas";"Pleno dia";"Crescente";"Nublado";"Simples";"Reta";"Urbano";2;0;0;1;1;0;1;2
83436990;"06/02/16";"Sábado";"17:30:00";"MT";70;"260";"PRIMAVERA DO LESTE";"Falta de atenção";"Saída de Pista";"Sem Vítimas";"Pleno dia";"Crescente";"Nublado";"Simples";"Reta";"Rural";1;0;0;0;1;0;0;1
83436991;"02/02/16";"Terça";"23:12:00";"GO";60;"220";"VARJAO";"Defeito mecânico em veículo";"Saída de Pista";"Sem Vítimas";"Plena noite";"Crescente";"Chuva";"Dupla";"Reta";"Rural";1;0;0;0;1;0;0;1
83436993;"04/02/16";"Quinta";"03:50:00";"BA";116;"729";"MANOEL VITORINO";"Outras";"Colisão lateral";"Sem Vítimas";"Plena noite";"Crescente";"Nublado";"Simples";"Reta";"Rural";2;0;0;0;2;0;0;2
83436994;"06/02/16";"Sábado";"14:05:00";"SE";101;"76,9";"LARANJEIRAS";"Outras";"Tombamento";"Com Vítimas Fatais";"Pleno dia";"Crescente";"Ceu Claro";"Simples";"Reta";"Rural";3;1;1;0;1;0;1;2
83436995;"06/02/16";"Sábado";"16:00:00";"RJ";101;"60,2";"CAMPOS DOS GOYTACAZES";"Falta de atenção";"Colisão traseira";"Sem Vítimas";"Pleno dia";"Decrescente";"Sol";"Simples";"Reta";"Urbano";2;0;0;0;2;0;0;2
83436996;"06/02/16";"Sábado";"13:30:00";"MT";364;"464";"VARZEA GRANDE";"Falta de atenção";"Colisão traseira";"Com Vítimas Fatais";"Pleno dia";"Decrescente";"Chuva";"Simples";"Reta";"Rural";4;1;0;1;2;0;1;3
83436998;"06/02/16";"Sábado";"08:30:00";"RO";364;"532";"ARIQUEMES";"Falta de atenção";"Saída de Pista";"Com Vítimas Feridas";"Pleno dia";"Decrescente";"Sol";"Simples";"Reta";"Rural";2;0;2;0;0;0;2;1
83436999;"06/02/16";"Sábado";"16:37:00";"PR";376;"170";"MARINGA";"Ingestão de álcool";"Colisão com objeto fixo";"Com Vítimas Feridas";"Pleno dia";"Decrescente";"Ceu Claro";"Simples";"Curva";"Urbano";1;0;1;0;0;0;1;1
83437000;"06/02/16";"Sábado";"15:30:00";"MG";135;"494";"JOAQUIM FELICIO";"Falta de atenção";"Saída de Pista";"Com Vítimas Feridas";"Pleno dia";"Crescente";"Ceu Claro";"Simples";"Reta";"Rural";5;0;0;5;0;0;5;1
83437001;"06/02/16";"Sábado";"17:10:00";"PR";369;"152,7";"LONDRINA";"Desobediência à sinalização";"Colisão Transversal";"Com Vítimas Feridas";"Pleno dia";"Crescente";"Sol";"Dupla";"Cruzamento";"Urbano";2;0;0;1;1;0;1;2
83437002;"06/02/16";"Sábado";"18:00:00";"ES";101;"66";"SAO MATEUS";"Desobediência à sinalização";"Colisão Transversal";"Com Vítimas Feridas";"Pleno dia";"Decrescente";"Ceu Claro";"Simples";"Reta";"Urbano";2;0;0;1;1;0;1;2
83437003;"06/02/16";"Sábado";"19:00:00";"SC";470;"21,1";"ILHOTA";"Ultrapassagem indevida";"Colisão lateral";"Com Vítimas Feridas";"Anoitecer";"Decrescente";"Nublado";"Simples";"Reta";"Rural";3;0;2;0;1;0;2;2
83437004;"06/02/16";"Sábado";"16:50:00";"PR";280;"267,3";"MARMELEIRO";"Velocidade incompatível";"Capotamento";"Sem Vítimas";"Plena noite";"Crescente";"Chuva";"Simples";"Curva";"Rural";1;0;0;0;1;0;0;1
83437005;"06/02/16";"Sábado";"17:10:00";"SP";153;"63,1";"SAO JOSE DO RIO PRETO";"Ingestão de álcool";"Saída de Pista";"Sem Vítimas";"Pleno dia";"Crescente";"Sol";"Dupla";"Curva";"Urbano";1;0;0;0;1;0;0;1
83437006;"06/02/16";"Sábado";"20:15:00";"SC";101;"100,1";"PICARRAS";"Falta de atenção";"Colisão traseira";"Com Vítimas Feridas";"Plena noite";"Decrescente";"Nublado";"Dupla";"Reta";"Urbano";3;0;2;0;1;0;2;2
83437008;"06/02/16";"Sábado";"08:20:00";"PI";316;"34,2";"DEMERVAL LOBAO";"Animais na Pista";"Colisão traseira";"Sem Vítimas";"Pleno dia";"Crescente";"Sol";"Simples";"Reta";"Rural";2;0;0;0;2;0;0;2
83437009;"06/02/16";"Sábado";"17:30:00";"RO";364;"604";"CANDEIAS DO JAMARI";"Falta de atenção";"Colisão traseira";"Sem Vítimas";"Pleno dia";"Decrescente";"Nublado";"Múltipla";"Reta";"Urbano";2;0;0;0;2;0;0;2
83437010;"06/02/16";"Sábado";"19:35:00";"PR";277;"700,8";"SAO MIGUEL DO IGUACU";"Velocidade incompatível";"Saída de Pista";"Com Vítimas Feridas";"Anoitecer";"Crescente";"Nublado";"Dupla";"Reta";"Rural";3;0;0;3;0;0;3;1
83437011;"06/02/16";"Sábado";"18:40:00";"AC";364;"147";"RIO BRANCO";"Falta de atenção";"Saída de Pista";"Com Vítimas Feridas";"Plena noite";"Crescente";"Ceu Claro";"Dupla";"Reta";"Rural";1;0;1;0;0;0;1;1
83437012;"06/02/16";"Sábado";"09:55:00";"CE";222;"53,4";"CROATA";"Não guardar distância de segurança";"Colisão traseira";"Sem Vítimas";"Pleno dia";"Crescente";"Sol";"Simples";"Reta";"Rural";2;0;0;0;2;0;0;2
83437013;"06/02/16";"Sábado";"16:20:00";"MG";262;"563";"IBIA";"Falta de atenção";"Colisão traseira";"Com Vítimas Fatais";"Pleno dia";"Decrescente";"Ceu Claro";"Simples";"Curva";"Rural";3;1;1;0;1;0;1;3
83437014;"06/02/16";"Sábado";"20:30:00";"PE";101;"86";"JABOATAO DOS GUARARAPES";"Outras";"Colisão lateral";"Com Vítimas Feridas";"Plena noite";"Decrescente";"Ceu Claro";"Simples";"Reta";"Urbano";3;0;2;0;1;0;2;2
83437015;"06/02/16";"Sábado";"19:45:00";"RS";101;"58,7";"MAQUINE";"Falta de atenção";"Saída de Pista";"Com Vítimas Feridas";"Anoitecer";"Decrescente";"Ceu Claro";"Dupla";"Reta";"Rural";5;0;5;0;0;0;5;1
83437016;"06/02/16";"Sábado";"19:50:00";"MS";163;"247,6";"DOURADOS";"Falta de atenção";"Colisão lateral";"Com Vítimas Feridas";"Plena noite";"Crescente";"Nublado";"Simples";"Reta";"Rural";2;0;1;0;1;0;1;2
83437017;"06/02/16";"Sábado";"20:00:00";"PE";407;"129,8";"PETROLINA";"Outras";"Colisão com objeto fixo";"Com Vítimas Feridas";"Plena noite";"Decrescente";"Ceu Claro";"Dupla";"Reta";"Urbano";1;0;1;0;0;0;1;1
83437018;"06/02/16";"Sábado";"20:00:00";"MG";381;"418,4";"CAETE";"Velocidade incompatível";"Saída de Pista";"Com Vítimas Feridas";"Plena noite";"Decrescente";"Ceu Claro";"Simples";"Curva";"Rural";4;0;4;0;0;0;4;1
83437019;"06/02/16";"Sábado";"18:30:00";"PE";424;"33,3";"VENTUROSA";"Outras";"Colisão frontal";"Com Vítimas Feridas";"Anoitecer";"Decrescente";"Nublado";"Simples";"Reta";"Rural";2;0;0;1;0;1;1;2
83437020;"06/02/16";"Sábado";"17:40:00";"MG";381;"422,5";"CAETE";"Velocidade incompatível";"Capotamento";"Com Vítimas Feridas";"Pleno dia";"Decrescente";"Ceu Claro";"Simples";"Curva";"Urbano";2;0;2;0;0;0;2;1
83437022;"06/02/16";"Sábado";"20:20:00";"MS";158;"264,9";"TRES LAGOAS";"Defeito na via";"Queda de motocicleta / bicicleta / veículo";"Com Vítimas Feridas";"Plena noite";"Crescente";"Ignorada";"Simples";"Curva";"Urbano";2;0;2;0;0;0;2;1
83437023;"06/02/16";"Sábado";"17:00:00";"SC";101;"38";"JOINVILLE";"Desobediência à sinalização";"Colisão Transversal";"Sem Vítimas";"Pleno dia";"Decrescente";"Nublado";"Simples";"Cruzamento";"Urbano";2;0;0;0;2;0;0;2
83437024;"02/02/16";"Terça";"06:50:00";"SC";280;"130,4";"RIO NEGRINHO";"Falta de atenção";"Colisão Transversal";"Com Vítimas Feridas";"Amanhecer";"Decrescente";"Nevoeiro/neblina";"Simples";"Reta";"Rural";2;0;0;1;1;0;1;2
83437025;"06/02/16";"Sábado";"12:40:00";"MG";262;"45,9";"MANHUACU";"Ingestão de álcool";"Saída de Pista";"Com Vítimas Feridas";"Pleno dia";"Crescente";"Ceu Claro";"Simples";"Curva";"Rural";4;0;4;0;0;0;4;1
83437026;"06/02/16";"Sábado";"21:00:00";"MS";163;"496,1";"CAMPO GRANDE";"Outras";"Saída de Pista";"Com Vítimas Feridas";"Plena noite";"Crescente";"Chuva";"Simples";"Reta";"Rural";6;0;1;0;5;0;1;1
83437027;"06/02/16";"Sábado";"08:00:00";"CE";116;"3,8";"FORTALEZA";"Ingestão de álcool";"Atropelamento de pessoa";"Com Vítimas Feridas";"Pleno dia";"Crescente";"Ceu Claro";"Simples";"Reta";"Urbano";2;0;1;0;1;0;1;1
83437028;"06/02/16";"Sábado";"21:40:00";"MG";153;"225,5";"FRUTAL";"Outras";"Saída de Pista";"Com Vítimas Feridas";"Plena noite";"Decrescente";"Ceu Claro";"Simples";"Reta";"Urbano";1;0;1;0;0;0;1;1
83437029;"06/02/16";"Sábado";"20:00:00";"CE";116;"163";"RUSSAS";"Ingestão de álcool";"Capotamento";"Com Vítimas Feridas";"Plena noite";"Decrescente";"Ceu Claro";"Simples";"Reta";"Rural";2;0;2;0;0;0;2;1
83437030;"06/02/16";"Sábado";"17:30:00";"MS";163;"480,5";"CAMPO GRANDE";"Ingestão de álcool";"Tombamento";"Sem Vítimas";"Pleno dia";"Decrescente";"Nublado";"Simples";"Reta";"Urbano";1;0;0;0;1;0;0;1
83437031;"06/02/16";"Sábado";"19:45:00";"RO";174;"16";"VILHENA";"Falta de atenção";"Colisão Transversal";"Com Vítimas Feridas";"Plena noite";"Decrescente";"Ceu Claro";"Dupla";"Cruzamento";"Urbano";2;0;1;0;1;0;1;2
83437032;"06/02/16";"Sábado";"17:50:00";"BA";110;"27";"PAULO AFONSO";"Outras";"Colisão frontal";"Com Vítimas Fatais";"Anoitecer";"Decrescente";"Ceu Claro";"Simples";"Curva";"Rural";2;1;0;0;1;0;0;2
83437033;"06/02/16";"Sábado";"20:00:00";"RR";401;"1,2";"BOA VISTA";"Falta de atenção";"Atropelamento de pessoa";"Com Vítimas Feridas";"Plena noite";"Crescente";"Ceu Claro";"Dupla";"Reta";"Urbano";3;0;3;0;0;0;3;1
83437034;"06/02/16";"Sábado";"14:20:00";"MG";146;"516,5";"POCOS DE CALDAS";"Velocidade incompatível";"Capotamento";"Com Vítimas Feridas";"Pleno dia";"Decrescente";"Chuva";"Simples";"Curva";"Rural";2;0;2;0;0;0;2;1
83437035;"06/02/16";"Sábado";"13:45:00";"RJ";101;"512";"ANGRA DOS REIS";"Falta de atenção";"Colisão traseira";"Sem Vítimas";"Pleno dia";"Crescente";"Nublado";"Simples";"Reta";"Urbano";2;0;0;0;2;0;0;2
83437036;"06/02/16";"Sábado";"21:40:00";"SE";101;"94";"NOSSA SENHORA DO SOCORRO";"Defeito na via";"Tombamento";"Com Vítimas Feridas";"Plena noite";"Decrescente";"Ceu Claro";"Dupla";"Reta";"Urbano";1;0;1;0;0;0;1;1
83437037;"06/02/16";"Sábado";"19:40:00";"SC";101;"16,2";"GARUVA";"Ingestão de álcool";"Colisão frontal";"Com Vítimas Fatais";"Anoitecer";"Decrescente";"Chuva";"Dupla";"Reta";"Rural";3;1;0;1;1;0;1;2
83437038;"07/02/16";"Domingo";"00:03:00";"RS";116;"248";"SAO LEOPOLDO";"Desobediência à sinalização";"Colisão com bicicleta";"Com Vítimas Feridas";"Plena noite";"Crescente";"Ceu Claro";"Dupla";"Cruzamento";"Urbano";2;0;0;1;0;1;1;2
83437039;"06/02/16";"Sábado";"13:20:00";"AL";101;"114,5";"PILAR";"Defeito mecânico em veículo";"Tombamento";"Sem Vítimas";"Pleno dia";"Crescente";"Sol";"Simples";"Curva";"Rural";1;0;0;0;1;0;0;1
83437040;"06/02/16";"Sábado";"16:45:00";"RS";293;"103";"PINHEIRO MACHADO";"Desobediência à sinalização";"Colisão lateral";"Com Vítimas Feridas";"Pleno dia";"Crescente";"Ceu Claro";"Simples";"Reta";"Rural";4;0;1;1;2;0;2;3
83437041;"06/02/16";"Sábado";"09:05:00";"SP";116;"269";"TABOAO DA SERRA";"Velocidade incompatível";"Colisão Transversal";"Com Vítimas Feridas";"Plena noite";"Crescente";"Chuva";"Múltipla";"Reta";"Urbano";2;0;0;1;1;0;1;2
83437042;"06/02/16";"Sábado";"15:45:00";"PR";163;"54";"PEROLA DOESTE";"Ingestão de álcool";"Colisão lateral";"Com Vítimas Feridas";"Pleno dia";"Decrescente";"Nublado";"Simples";"Reta";"Rural";2;0;1;0;1;0;1;2
83437043;"06/02/16";"Sábado";"17:30:00";"SP";116;"212";"GUARULHOS";"Outras";"Colisão lateral";"Com Vítimas Feridas";"Pleno dia";"Crescente";"Chuva";"Múltipla";"Reta";"Urbano";3;0;1;0;1;1;1;3
83437044;"06/02/16";"Sábado";"14:10:00";"SP";381;"84";"SAO PAULO";"Outras";"Colisão traseira";"Com Vítimas Feridas";"Pleno dia";"Decrescente";"Ceu Claro";"Dupla";"Reta";"Urbano";5;0;1;0;4;0;1;4
83437045;"06/02/16";"Sábado";"19:20:00";"ES";393;"11";"CACHOEIRO DE ITAPEMIRIM";"Outras";"Queda de motocicleta / bicicleta / veículo";"Com Vítimas Feridas";"Plena noite";"Decrescente";"Ceu Claro";"Simples";"Reta";"Rural";2;0;2;0;0;0;2;1
83437046;"06/02/16";"Sábado";"21:48:00";"SC";282;"2,7";"FLORIANOPOLIS";"Desobediência à sinalização";"Saída de Pista";"Com Vítimas Fatais";"Plena noite";"Crescente";"Ceu Claro";"Múltipla";"Reta";"Urbano";2;1;0;1;0;0;1;1
83437047;"06/02/16";"Sábado";"22:30:00";"TO";153;"493";"PARAISO DO TOCANTINS";"Ingestão de álcool";"Queda de motocicleta / bicicleta / veículo";"Com Vítimas Feridas";"Plena noite";"Crescente";"Ceu Claro";"Simples";"Reta";"Urbano";1;0;1;0;0;0;1;1
83437048;"06/02/16";"Sábado";"19:50:00";"RS";470;"157";"NOVA PRATA";"Ingestão de álcool";"Colisão lateral";"Sem Vítimas";"Anoitecer";"Decrescente";"Ceu Claro";"Simples";"Curva";"Urbano";2;0;0;0;2;0;0;2
83437049;"06/02/16";"Sábado";"18:30:00";"GO";60;"423";"RIO VERDE";"Velocidade incompatível";"Saída de Pista";"Sem Vítimas";"Pleno dia";"Decrescente";"Chuva";"Dupla";"Reta";"Rural";1;0;0;0;1;0;0;1
83437050;"06/02/16";"Sábado";"15:45:00";"PB";230;"139";"CAMPINA GRANDE";"Falta de atenção";"Saída de Pista";"Com Vítimas Feridas";"Pleno dia";"Decrescente";"Ceu Claro";"Dupla";"Reta";"Rural";1;0;0;1;0;0;1;1
83437051;"06/02/16";"Sábado";"19:30:00";"PI";316;"310";"PICOS";"Falta de atenção";"Colisão Transversal";"Com Vítimas Feridas";"Plena noite";"Decrescente";"Ceu Claro";"Simples";"Reta";"Urbano";4;0;0;1;3;0;1;2
83437052;"06/02/16";"Sábado";"23:00:00";"GO";70;"9";"AGUAS LINDAS DE GOIAS";"Ingestão de álcool";"Colisão traseira";"Com Vítimas Feridas";"Plena noite";"Crescente";"Ceu Claro";"Dupla";"Reta";"Urbano";5;0;1;0;4;0;1;2
83437053;"06/02/16";"Sábado";"20:00:00";"PR";467;"81";"TOLEDO";"Outras";"Capotamento";"Com Vítimas Feridas";"Anoitecer";"Decrescente";"Chuva";"Dupla";"Curva";"Rural";3;0;1;0;2;0;1;1
83437054;"03/02/16";"Quarta";"04:20:00";"ES";101;"218,9";"IBIRACU";"Outras";"Queda de motocicleta / bicicleta / veículo";"Com Vítimas Feridas";"Plena noite";"Decrescente";"Ceu Claro";"Simples";"Cruzamento";"Urbano";1;0;1;0;0;0;1;1
83437055;"06/02/16";"Sábado";"21:30:00";"DF";60;"4";"BRASILIA";"Ingestão de álcool";"Colisão lateral";"Com Vítimas Feridas";"Plena noite";"Crescente";"Ceu Claro";"Dupla";"Reta";"Urbano";3;0;1;0;2;0;1;2
83437056;"06/02/16";"Sábado";"23:00:00";"PR";476;"249";"LAPA";"Velocidade incompatível";"Saída de Pista";"Sem Vítimas";"Plena noite";"Crescente";"Chuva";"Simples";"Curva";"Rural";1;0;0;0;1;0;0;1
83437057;"06/02/16";"Sábado";"21:30:00";"PR";476;"235";"LAPA";"Velocidade incompatível";"Saída de Pista";"Sem Vítimas";"Plena noite";"Crescente";"Chuva";"Simples";"Curva";"Rural";1;0;0;0;1;0;0;1
83437058;"03/02/16";"Quarta";"06:20:00";"MG";381;"708,7";"NEPOMUCENO";"Falta de atenção";"Colisão traseira";"Com Vítimas Feridas";"Amanhecer";"Crescente";"Ceu Claro";"Dupla";"Reta";"Rural";7;0;4;1;2;0;5;2
83437059;"06/02/16";"Sábado";"22:30:00";"PA";163;"998";"SANTAREM";"Falta de atenção";"Colisão Transversal";"Com Vítimas Feridas";"Plena noite";"Decrescente";"Ceu Claro";"Simples";"Reta";"Urbano";3;0;3;0;0;0;3;2