"id";"data_inversa";"dia_semana";"horario";"uf";"br";"km";"municipio";"causa_acidente";"tipo_acidente";"classificacao_acidente";"fase_dia";"sentido_via";"condicao_metereologica";"tipo_pista";"tracado_via";"uso_solo";"pessoas";"mortos";"feridos_leves";"feridos_graves";"ilesos";"ignorados";"feridos";"veiculos"
83437060;"06/02/16";"Sábado";"23:00:00";"GO";153;"413,7";"ANAPOLIS";"Outras";"Saída de Pista";"Ignorado";"Plena noite";"Decrescente";"Ignorada";"Simples";"Reta";"Rural";1;0;0;0;0;1;0;1
83437061;"06/02/16";"Sábado";"20:30:00";"GO";60;"11";"APARECIDA DE GOIANIA";"Ingestão de álcool";"Colisão traseira";"Com Vítimas Feridas";"Plena noite";"Crescente";"Ceu Claro";"Dupla";"Reta";"Urbano";3;0;2;0;1;0;2;2
83437062;"06/02/16";"Sábado";"05:40:00";"MG";116;"322,5";"ITAMBACURI";"Falta de atenção";"Colisão traseira";"Sem Vítimas";"Plena noite";"Crescente";"Ceu Claro";"Simples";"Reta";"Rural";2;0;0;0;2;0;0;2
83437063;"06/02/16";"Sábado";"19:00:00";"RS";392;"341,7";"SANTA MARIA";"Outras";"Queda de motocicleta / bicicleta / veículo";"Com Vítimas Feridas";"Pleno dia";"Crescente";"Sol";"Simples";"Reta";"Rural";1;0;0;1;0;0;1;1
83437064;"06/02/16";"Sábado";"12:40:00";"MG";40;"434";"PARAOPEBA";"Falta de atenção";"Colisão lateral";"Com Vítimas Feridas";"Pleno dia";"Crescente";"Ceu Claro";"Dupla";"Reta";"Rural";3;0;2;0;1;0;2;2
83437065;"07/02/16";"Domingo";"01:00:00";"RN";101;"82,9";"SAO GONCALO DO AMARANTE";"Ingestão de álcool";"Capotamento";"Sem Vítimas";"Plena noite";"Crescente";"Ceu Claro";"Dupla";"Curva";"Urbano";1;0;0;0;1;0;0;1
83437066;"06/02/16";"Sábado";"00:55:00";"SC";280;"147,2";"MAFRA";"Dormindo";"Colisão frontal";"Com Vítimas Feridas";"Plena noite";"Decrescente";"Nublado";"Simples";"Curva";"Rural";3;0;1;1;1;0;2;2
83437067;"01/02/16";"Segunda";"11:00:00";"BA";116;"873";"VITORIA DA CONQUISTA";"Outras";"Colisão traseira";"Sem Vítimas";"Pleno dia";"Crescente";"Nublado";"Múltipla";"Reta";"Rural";2;0;0;0;2;0;0;2
83437068;"06/02/16";"Sábado";"17:35:00";"SE";235;"2,5";"ARACAJU";"Outras";"Queda de motocicleta / bicicleta / veículo";"Com Vítimas Feridas";"Anoitecer";"Decrescente";"Ceu Claro";"Dupla";"Reta";"Urbano";1;0;1;0;0;0;1;1
83437069;"07/02/16";"Domingo";"02:55:00";"SC";101;"218";"PALHOCA";"Outras";"Atropelamento de pessoa";"Com Vítimas Feridas";"Plena noite";"Crescente";"Ceu Claro";"Dupla";"Reta";"Urbano";2;0;0;1;1;0;1;1
83437070;"06/02/16";"Sábado";"23:30:00";"PR";116;"150";"MANDIRITUBA";"Ingestão de álcool";"Colisão frontal";"Com Vítimas Feridas";"Plena noite";"Crescente";"Ceu Claro";"Simples";"Reta";"Rural";3;0;0;3;0;0;3;2
83437071;"06/02/16";"Sábado";"16:00:00";"MT";364;"273";"JACIARA";"Velocidade incompatível";"Tombamento";"Com Vítimas Feridas";"Pleno dia";"Decrescente";"Nublado";"Dupla";"Curva";"Urbano";2;0;1;0;1;0;1;2
83437072;"02/02/16";"Terça";"12:05:00";"GO";153;"343,9";"JARAGUA";"Defeito na via";"Colisão traseira";"Com Vítimas Feridas";"Pleno dia";"Decrescente";"Ceu Claro";"Simples";"Reta";"Rural";2;0;0;1;1;0;1;2
83437073;"06/02/16";"Sábado";"23:30:00";"PE";232;"253,8";"ARCOVERDE";"Ingestão de álcool";"Colisão frontal";"Com Vítimas Fatais";"Plena noite";"Crescente";"Nublado";"Simples";"Reta";"Rural";11;3;1;7;0;0;8;2
83437074;"07/02/16";"Domingo";"00:20:00";"SC";280;"80";"CORUPA";"Outras";"Atropelamento de pessoa";"Com Vítimas Feridas";"Plena noite";"Crescente";"Nublado";"Simples";"Reta";"Urbano";3;0;0;3;0;0;3;1
83437075;"06/02/16";"Sábado";"17:40:00";"AL";101;"108";"PILAR";"Velocidade incompatível";"Tombamento";"Com Vítimas Feridas";"Anoitecer";"Crescente";"Ceu Claro";"Simples";"Curva";"Rural";1;0;0;1;0;0;1;1
83437076;"07/02/16";"Domingo";"00:30:00";"PR";280;"296";"PATO BRANCO";"Ingestão de álcool";"Saída de Pista";"Sem Vítimas";"Plena noite";"Decrescente";"Ceu Claro";"Simples";"Curva";"Rural";1;0;0;0;1;0;0;1
83437077;"07/02/16";"Domingo";"02:00:00";"RS";290;"29,3";"SANTO ANTONIO DA PATRULHA";"Falta de atenção";"Colisão traseira";"Com Vítimas Feridas";"Plena noite";"Decrescente";"Nublado";"Dupla";"Reta";"Rural";7;0;2;0;4;1;2;2
83437078;"07/02/16";"Domingo";"01:00:00";"MG";381;"426";"CAETE";"Falta de atenção";"Colisão lateral";"Com Vítimas Feridas";"Plena noite";"Decrescente";"Ceu Claro";"Simples";"Curva";"Rural";2;0;1;0;1;0;1;2
83437079;"06/02/16";"Sábado";"10:30:00";"PI";343;"214,6";"CAPITAO DE CAMPOS";"Falta de atenção";"Colisão traseira";"Sem Vítimas";"Pleno dia";"Decrescente";"Ceu Claro";"Simples";"Reta";"Urbano";9;0;0;0;9;0;0;2
83437080;"07/02/16";"Domingo";"00:01:00";"PE";316;"86,8";"OURICURI";"Outras";"Colisão traseira";"Com Vítimas Fatais";"Plena noite";"Decrescente";"Nublado";"Simples";"Reta";"Rural";3;1;0;1;1;0;1;2
83437081;"06/02/16";"Sábado";"22:30:00";"RJ";101;"80";"CAMPOS DOS GOYTACAZES";"Ingestão de álcool";"Queda de motocicleta / bicicleta / veículo";"Com Vítimas Feridas";"Plena noite";"Crescente";"Ceu Claro";"Simples";"Reta";"Urbano";1;0;1;0;0;0;1;1
83437082;"07/02/16";"Domingo";"02:00:00";"RS";392;"25";"RIO GRANDE";"Falta de atenção";"Colisão lateral";"Com Vítimas Feridas";"Plena noite";"Crescente";"Ceu Claro";"Dupla";"Curva";"Urbano";4;0;2;0;2;0;2;2
83437083;"06/02/16";"Sábado";"13:15:00";"AL";104;"50";"BRANQUINHA";"Outras";"Capotamento";"Com Vítimas Feridas";"Pleno dia";"Decrescente";"Ceu Claro";"Simples";"Reta";"Rural";1;0;1;0;0;0;1;1
83437084;"06/02/16";"Sábado";"13:20:00";"GO";60;"96,8";"ANAPOLIS";"Outras";"Colisão Transversal";"Com Vítimas Feridas";"Pleno dia";"Crescente";"Ceu Claro";"Dupla";"Reta";"Urbano";2;0;1;0;1;0;1;2
83437085;"07/02/16";"Domingo";"02:00:00";"GO";153;"660,6";"GOIATUBA";"Ingestão de álcool";"Saída de Pista";"Sem Vítimas";"Plena noite";"Crescente";"Nublado";"Dupla";"Reta";"Urbano";2;0;0;0;2;0;0;1
83437087;"07/02/16";"Domingo";"03:00:00";"PB";101;"107";"INGA";"Falta de atenção";"Saída de Pista";"Sem Vítimas";"Plena noite";"Crescente";"Ceu Claro";"Dupla";"Reta";"Rural";1;0;0;0;1;0;0;1
83437088;"06/02/16";"Sábado";"10:50:00";"GO";153;"32";"PORANGATU";"Defeito na via";"Capotamento";"Com Vítimas Feridas";"Pleno dia";"Decrescente";"Sol";"Simples";"Reta";"Rural";5;0;5;0;0;0;5;1
83437089;"07/02/16";"Domingo";"03:30:00";"SC";282;"0,3";"FLORIANOPOLIS";"Falta de atenção";"Colisão com objeto fixo";"Com Vítimas Feridas";"Plena noite";"Decrescente";"Nublado";"Dupla";"Curva";"Urbano";1;0;1;0;0;0;1;1
83437090;"06/02/16";"Sábado";"09:30:00";"MG";50;"133,6";"UBERABA";"Dormindo";"Saída de Pista";"Com Vítimas Feridas";"Pleno dia";"Decrescente";"Sol";"Dupla";"Reta";"Rural";4;0;4;0;0;0;4;1
83437091;"06/02/16";"Sábado";"11:50:00";"PR";373;"172,3";"PONTA GROSSA";"Falta de atenção";"Colisão lateral";"Com Vítimas Feridas";"Pleno dia";"Decrescente";"Ceu Claro";"Dupla";"Reta";"Urbano";2;0;0;1;1;0;1;2
83437093;"06/02/16";"Sábado";"18:30:00";"PE";101;"70";"RECIFE";"Falta de atenção";"Colisão lateral";"Com Vítimas Feridas";"Plena noite";"Crescente";"Ceu Claro";"Dupla";"Curva";"Urbano";3;0;1;1;1;0;2;2
83437095;"06/02/16";"Sábado";"08:45:00";"SC";101;"4,9";"GARUVA";"Velocidade incompatível";"Queda de motocicleta / bicicleta / veículo";"Com Vítimas Feridas";"Plena noite";"Crescente";"Chuva";"Dupla";"Curva";"Rural";3;0;2;0;1;0;2;3
83437096;"06/02/16";"Sábado";"21:45:00";"RS";471;"172,2";"RIO PARDO";"Falta de atenção";"Colisão Transversal";"Com Vítimas Feridas";"Plena noite";"Crescente";"Ceu Claro";"Simples";"Reta";"Urbano";3;0;1;1;1;0;2;2
83437097;"07/02/16";"Domingo";"00:30:00";"MG";40;"669,4";"CARANDAI";"Outras";"Saída de Pista";"Com Vítimas Feridas";"Plena noite";"Decrescente";"Ceu Claro";"Simples";"Reta";"Rural";3;0;2;0;1;0;2;1
83437098;"07/02/16";"Domingo";"03:50:00";"GO";50;"110";"CRISTALINA";"Outras";"Queda de motocicleta / bicicleta / veículo";"Com Vítimas Feridas";"Plena noite";"Decrescente";"Ceu Claro";"Dupla";"Reta";"Rural";2;0;0;2;0;0;2;1
83437099;"06/02/16";"Sábado";"22:00:00";"RN";226;"1";"NATAL";"Falta de atenção";"Colisão frontal";"Com Vítimas Feridas";"Plena noite";"Crescente";"Ceu Claro";"Simples";"Reta";"Urbano";4;0;1;0;3;0;1;2
83437100;"06/02/16";"Sábado";"14:15:00";"MG";153;"225,1";"FRUTAL";"Velocidade incompatível";"Colisão traseira";"Sem Vítimas";"Pleno dia";"Crescente";"Nublado";"Múltipla";"Reta";"Rural";2;0;0;0;2;0;0;2
83437101;"06/02/16";"Sábado";"18:15:00";"GO";20;"101,9";"FLORES DE GOIAS";"Outras";"Colisão lateral";"Com Vítimas Feridas";"Pleno dia";"Decrescente";"Chuva";"Simples";"Reta";"Rural";4;0;0;2;2;0;2;2
83437102;"06/02/16";"Sábado";"12:40:00";"PR";376;"343";"ORTIGUEIRA";"Velocidade incompatível";"Colisão com objeto fixo";"Sem Vítimas";"Pleno dia";"Decrescente";"Ceu Claro";"Simples";"Reta";"Rural";1;0;0;0;1;0;0;1
83437103;"06/02/16";"Sábado";"23:40:00";"MT";163;"14";"RONDONOPOLIS";"Outras";"Colisão frontal";"Com Vítimas Fatais";"Plena noite";"Crescente";"Ceu Claro";"Simples";"Reta";"Urbano";2;1;0;0;1;0;0;2
83437104;"07/02/16";"Domingo";"04:35:00";"SC";101;"160,4";"TIJUCAS";"Falta de atenção";"Colisão traseira";"Com Vítimas Feridas";"Plena noite";"Decrescente";"Nublado";"Dupla";"Reta";"Rural";2;0;1;0;1;0;1;2
83437105;"06/02/16";"Sábado";"18:50:00";"MG";50;"130,9";"UBERABA";"Velocidade incompatível";"Tombamento";"Com Vítimas Feridas";"Plena noite";"Crescente";"Nublado";"Dupla";"Reta";"Rural";4;0;2;0;2;0;2;1
83437106;"07/02/16";"Domingo";"02:15:00";"MT";163;"953";"NOVA SANTA HELENA";"Ingestão de álcool";"Saída de Pista";"Com Vítimas Feridas";"Plena noite";"Crescente";"Nublado";"Simples";"Curva";"Rural";2;0;1;0;1;0;1;1
83437107;"06/02/16";"Sábado";"19:30:00";"PA";155;"306";"MARABA";"Falta de atenção";"Colisão Transversal";"Com Vítimas Feridas";"Plena noite";"Crescente";"Ceu Claro";"Dupla";"Reta";"Rural";3;0;0;1;2;0;1;2
83437108;"02/02/16";"Terça";"19:30:00";"MG";262;"56,4";"MANHUACU";"Outras";"Saída de Pista";"Com Vítimas Feridas";"Anoitecer";"Crescente";"Chuva";"Simples";"Curva";"Urbano";2;0;1;0;1;0;1;1
83437109;"06/02/16";"Sábado";"18:30:00";"MT";70;"695";"CACERES";"Defeito mecânico em veículo";"Capotamento";"Sem Vítimas";"Anoitecer";"Decrescente";"Ceu Claro";"Simples";"Curva";"Rural";2;0;0;0;2;0;0;2
83437110;"06/02/16";"Sábado";"22:30:00";"PA";316;"57";"CASTANHAL";"Falta de atenção";"Colisão lateral";"Com Vítimas Feridas";"Plena noite";"Decrescente";"Ceu Claro";"Dupla";"Reta";"Urbano";2;0;0;1;1;0;1;2
83437111;"06/02/16";"Sábado";"14:00:00";"GO";60;"221,4";"CEZARINA";"Defeito na via";"Saída de Pista";"Com Vítimas Feridas";"Pleno dia";"Decrescente";"Nublado";"Dupla";"Reta";"Rural";1;0;0;1;0;0;1;1
83437112;"06/02/16";"Sábado";"08:00:00";"GO";60;"107,7";"GOIANAPOLIS";"Ingestão de álcool";"Colisão lateral";"Sem Vítimas";"Pleno dia";"Decrescente";"Ceu Claro";"Dupla";"Reta";"Rural";2;0;0;0;2;0;0;2
83437113;"07/02/16";"Domingo";"00:30:00";"MG";50;"161,2";"UBERABA";"Dormindo";"Saída de Pista";"Com Vítimas Feridas";"Plena noite";"Crescente";"Nublado";"Dupla";"Curva";"Rural";5;0;2;0;3;0;2;1
83437114;"06/02/16";"Sábado";"10:00:00";"BA";407;"110";"JAGUARARI";"Ultrapassagem indevida";"Colisão frontal";"Com Vítimas Fatais";"Pleno dia";"Crescente";"Ceu Claro";"Simples";"Reta";"Rural";9;1;5;0;3;0;5;2
83437115;"06/02/16";"Sábado";"13:25:00";"MG";381;"525,5";"BRUMADINHO";"Velocidade incompatível";"Capotamento";"Com Vítimas Fatais";"Pleno dia";"Crescente";"Ceu Claro";"Dupla";"Curva";"Rural";1;1;0;0;0;0;0;1
83437116;"07/02/16";"Domingo";"05:00:00";"PR";277;"675";"MEDIANEIRA";"Outras";"Colisão traseira";"Sem Vítimas";"Plena noite";"Crescente";"Ceu Claro";"Dupla";"Reta";"Rural";2;0;0;0;1;1;0;2
83437117;"07/02/16";"Domingo";"01:40:00";"RS";472;"461";"ITAQUI";"Animais na Pista";"Atropelamento de animal";"Sem Vítimas";"Plena noite";"Crescente";"Ceu Claro";"Simples";"Reta";"Rural";1;0;0;0;1;0;0;1
83437118;"06/02/16";"Sábado";"23:45:00";"PR";277;"722,5";"FOZ DO IGUACU";"Ingestão de álcool";"Saída de Pista";"Sem Vítimas";"Plena noite";"Decrescente";"Ceu Claro";"Dupla";"Reta";"Urbano";1;0;0;0;1;0;0;1
83437119;"06/02/16";"Sábado";"20:55:00";"RN";427;"27,3";"ACARI";"Ingestão de álcool";"Colisão lateral";"Com Vítimas Feridas";"Plena noite";"Decrescente";"Ceu Claro";"Simples";"Reta";"Urbano";3;0;2;1;0;0;3;2
83437120;"07/02/16";"Domingo";"03:00:00";"CE";116;"161";"RUSSAS";"Outras";"Queda de motocicleta / bicicleta / veículo";"Com Vítimas Feridas";"Plena noite";"Decrescente";"Vento";"Simples";"Cruzamento";"Urbano";1;0;0;1;0;0;1;1
83437121;"06/02/16";"Sábado";"23:20:00";"DF";60;"10,8";"BRASILIA";"Desobediência à sinalização";"Colisão Transversal";"Com Vítimas Fatais";"Plena noite";"Crescente";"Ignorada";"Dupla";"Reta";"Urbano";2;1;0;0;0;1;0;2
83437122;"07/02/16";"Domingo";"05:00:00";"CE";116;"170,3";"RUSSAS";"Outras";"Saída de Pista";"Ignorado";"Amanhecer";"Decrescente";"Ceu Claro";"Simples";"Curva";"Rural";1;0;0;0;0;1;0;1
83437123;"06/02/16";"Sábado";"16:50:00";"SP";116;"212";"GUARULHOS";"Outras";"Colisão com objeto fixo";"Sem Vítimas";"Pleno dia";"Crescente";"Chuva";"Múltipla";"Reta";"Urbano";2;0;0;0;2;0;0;2
83437124;"07/02/16";"Domingo";"04:10:00";"RJ";40;"26";"TRES RIOS";"Dormindo";"Colisão traseira";"Com Vítimas Feridas";"Plena noite";"Crescente";"Nublado";"Dupla";"Reta";"Rural";9;0;2;0;7;0;2;2
83437125;"06/02/16";"Sábado";"16:00:00";"MG";50;"178,5";"UBERABA";"Velocidade incompatível";"Colisão com objeto fixo";"Sem Vítimas";"Anoitecer";"Crescente";"Chuva";"Dupla";"Reta";"Urbano";1;0;0;0;1;0;0;1
83437126;"05/02/16";"Sexta";"08:05:00";"CE";116;"5";"FORTALEZA";"Desobediência à sinalização";"Colisão frontal";"Com Vítimas Feridas";"Pleno dia";"Decrescente";"Ceu Claro";"Múltipla";"Reta";"Urbano";2;0;1;0;1;0;1;2
83437127;"07/02/16";"Domingo";"04:30:00";"SC";101;"335";"TUBARAO";"Falta de atenção";"Colisão traseira";"Com Vítimas Feridas";"Plena noite";"Crescente";"Nublado";"Dupla";"Reta";"Urbano";6;0;2;0;4;0;2;5
83437128;"07/02/16";"Domingo";"05:45:00";"RS";392;"112,4";"CANGUCU";"Ingestão de álcool";"Queda de motocicleta / bicicleta / veículo";"Com Vítimas Feridas";"Amanhecer";"Decrescente";"Nublado";"Simples";"Reta";"Urbano";1;0;1;0;0;0;1;1
83437129;"04/02/16";"Quinta";"03:15:00";"PR";116;"7,5";"CAMPINA GRANDE DO SUL";"Outras";"Saída de Pista";"Sem Vítimas";"Plena noite";"Crescente";"Chuva";"Dupla";"Curva";"Rural";1;0;0;0;1;0;0;1
83437130;"06/02/16";"Sábado";"18:00:00";"BA";324;"479";"TANQUINHO";"Outras";"Colisão lateral";"Sem Vítimas";"Anoitecer";"Crescente";"Ceu Claro";"Simples";"Reta";"Rural";2;0;0;0;1;1;0;2
83437131;"07/02/16";"Domingo";"01:10:00";"PI";222;"68,5";"PIRIPIRI";"Animais na Pista";"Saída de Pista";"Com Vítimas Feridas";"Plena noite";"Decrescente";"Ceu Claro";"Simples";"Reta";"Rural";2;0;2;0;0;0;2;1
83437132;"06/02/16";"Sábado";"09:45:00";"SP";101;"30";"UBATUBA";"Desobediência à sinalização";"Colisão lateral";"Com Vítimas Feridas";"Pleno dia";"Crescente";"Sol";"Simples";"Curva";"Rural";2;0;1;0;1;0;1;2
83437133;"06/02/16";"Sábado";"20:30:00";"SP";116;"224";"GUARULHOS";"Falta de atenção";"Colisão traseira";"Com Vítimas Feridas";"Plena noite";"Crescente";"Chuva";"Múltipla";"Reta";"Urbano";4;0;1;0;1;2;1;3
83437134;"07/02/16";"Domingo";"04:10:00";"RN";101;"123,8";"SAO JOSE DE MIPIBU";"Falta de atenção";"Atropelamento de pessoa";"Com Vítimas Feridas";"Plena noite";"Decrescente";"Ceu Claro";"Dupla";"Reta";"Urbano";2;0;1;0;0;1;1;1
83437135;"04/02/16";"Quinta";"03:50:00";"SC";101;"204,5";"SAO JOSE";"Ingestão de álcool";"Tombamento";"Com Vítimas Feridas";"Plena noite";"Decrescente";"Chuva";"Dupla";"Reta";"Urbano";2;0;0;1;0;1;1;1
83437136;"07/02/16";"Domingo";"03:00:00";"RJ";116;"106";"GUAPIMIRIM";"Dormindo";"Saída de Pista";"Ignorado";"Plena noite";"Decrescente";"Ceu Claro";"Dupla";"Reta";"Urbano";1;0;0;0;0;1;0;1
83437137;"03/02/16";"Quarta";"22:35:00";"ES";101;"255,3";"SERRA";"Desobediência à sinalização";"Colisão Transversal";"Com Vítimas Feridas";"Plena noite";"Crescente";"Ceu Claro";"Simples";"Cruzamento";"Urbano";5;0;2;1;2;0;3;2
83437138;"07/02/16";"Domingo";"02:06:00";"RJ";40;"111";"DUQUE DE CAXIAS";"Velocidade incompatível";"Colisão com objeto fixo";"Com Vítimas Fatais";"Plena noite";"Crescente";"Ceu Claro";"Múltipla";"Reta";"Urbano";1;1;0;0;0;0;0;1
83437139;"06/02/16";"Sábado";"09:30:00";"RJ";393;"151,8";"TRES RIOS";"Velocidade incompatível";"Tombamento";"Com Vítimas Feridas";"Pleno dia";"Crescente";"Ceu Claro";"Simples";"Curva";"Rural";2;0;2;0;0;0;2;1
83437140;"06/02/16";"Sábado";"19:00:00";"RJ";116;"130";"MAGE";"Falta de atenção";"Colisão traseira";"Com Vítimas Feridas";"Anoitecer";"Crescente";"Ceu Claro";"Dupla";"Reta";"Rural";4;0;3;1;0;0;4;2
83437141;"07/02/16";"Domingo";"05:00:00";"MT";163;"816";"SINOP";"Falta de atenção";"Saída de Pista";"Com Vítimas Feridas";"Plena noite";"Decrescente";"Ceu Claro";"Simples";"Reta";"Rural";1;0;1;0;0;0;1;1
83437142;"05/02/16";"Sexta";"15:05:00";"PB";230;"17,1";"JOAO PESSOA";"Outras";"Queda de motocicleta / bicicleta / veículo";"Com Vítimas Feridas";"Pleno dia";"Decrescente";"Sol";"Múltipla";"Curva";"Urbano";1;0;0;1;0;0;1;1
83437143;"06/02/16";"Sábado";"00:45:00";"SP";116;"279";"EMBU";"Velocidade incompatível";"Colisão traseira";"Com Vítimas Feridas";"Plena noite";"Decrescente";"Nublado";"Dupla";"Reta";"Urbano";4;0;2;0;2;0;2;2
83437144;"06/02/16";"Sábado";"22:30:00";"BA";110;"230";"NOVA SOURE";"Defeito na via";"Capotamento";"Com Vítimas Feridas";"Plena noite";"Decrescente";"Nublado";"Simples";"Reta";"Rural";4;0;3;1;0;0;4;1
83437145;"05/02/16";"Sexta";"19:30:00";"RS";285;"134,4";"VACARIA";"Falta de atenção";"Colisão Transversal";"Com Vítimas Feridas";"Pleno dia";"Crescente";"Ceu Claro";"Simples";"Reta";"Rural";4;0;1;0;3;0;1;2
83437146;"07/02/16";"Domingo";"07:00:00";"MG";40;"279";"TRES MARIAS";"Outras";"Atropelamento de pessoa";"Com Vítimas Feridas";"Pleno dia";"Decrescente";"Nublado";"Simples";"Reta";"Rural";2;0;1;0;0;1;1;1
83437147;"06/02/16";"Sábado";"20:00:00";"PR";163;"22";"SANTO ANTONIO DO SUDOESTE";"Defeito mecânico em veículo";"Colisão Transversal";"Com Vítimas Feridas";"Anoitecer";"Decrescente";"Nublado";"Simples";"Reta";"Rural";3;0;1;0;2;0;1;3
83437148;"03/02/16";"Quarta";"22:45:00";"MG";262;"35";"MANHUACU";"Falta de atenção";"Colisão Transversal";"Com Vítimas Feridas";"Plena noite";"Crescente";"Ceu Claro";"Simples";"Reta";"Urbano";2;0;1;0;1;0;1;2
83437149;"07/02/16";"Domingo";"00:30:00";"RJ";40;"102";"DUQUE DE CAXIAS";"Ingestão de álcool";"Atropelamento de pessoa";"Com Vítimas Feridas";"Plena noite";"Decrescente";"Ceu Claro";"Múltipla";"Curva";"Urbano";2;0;0;1;1;0;1;1
83437150;"07/02/16";"Domingo";"04:00:00";"PR";476;"321,8";"PAULO FRONTIN";"Dormindo";"Saída de Pista";"Sem Vítimas";"Plena noite";"Crescente";"Ceu Claro";"Simples";"Reta";"Rural";1;0;0;0;1;0;0;1
83437152;"31/01/16";"Domingo";"21:30:00";"MA";230;"50";"BARAO DE GRAJAU";"Velocidade incompatível";"Saída de Pista";"Ignorado";"Plena noite";"Decrescente";"Ceu Claro";"Simples";"Curva";"Rural";1;0;0;0;0;1;0;1
83437153;"03/02/16";"Quarta";"15:00:00";"MT";70;"287";"PRIMAVERA DO LESTE";"Falta de atenção";"Colisão Transversal";"Com Vítimas Feridas";"Pleno dia";"Decrescente";"Ceu Claro";"Simples";"Reta";"Rural";2;0;1;0;1;0;1;2
83437155;"07/02/16";"Domingo";"06:40:00";"ES";101;"4,5";"PEDRO CANARIO";"Outras";"Saída de Pista";"Sem Vítimas";"Pleno dia";"Crescente";"Nublado";"Simples";"Curva";"Rural";1;0;0;0;1;0;0;1
83437156;"07/02/16";"Domingo";"08:30:00";"RS";101;"6";"MAQUINE";"Dormindo";"Capotamento";"Com Vítimas Feridas";"Pleno dia";"Decrescente";"Nublado";"Simples";"Reta";"Rural";1;0;1;0;0;0;1;1
83437159;"05/02/16";"Sexta";"22:00:00";"BA";324;"536";"CONCEICAO DO JACUIPE";"Outras";"Atropelamento de pessoa";"Com Vítimas Fatais";"Plena noite";"Decrescente";"Nublado";"Dupla";"Reta";"Rural";2;1;0;0;0;1;0;1
83437160;"01/02/16";"Segunda";"08:00:00";"MG";251;"312";"SALINAS";"Outras";"Tombamento";"Com Vítimas Feridas";"Pleno dia";"Crescente";"Ceu Claro";"Simples";"Cruzamento";"Rural";1;0;1;0;0;0;1;1
83437161;"05/02/16";"Sexta";"18:30:00";"PB";230;"16,8";"JOAO PESSOA";"Velocidade incompatível";"Colisão traseira";"Com Vítimas Feridas";"Plena noite";"Decrescente";"Ceu Claro";"Dupla";"Reta";"Urbano";8;0;2;0;5;1;2;6
83437162;"04/02/16";"Quinta";"04:45:00";"RJ";116;"313";"ITATIAIA";"Dormindo";"Colisão traseira";"Sem Vítimas";"Amanhecer";"Decrescente";"Ceu Claro";"Dupla";"Reta";"Urbano";2;0;0;0;2;0;0;2
83437163;"05/02/16";"Sexta";"07:40:00";"PR";476;"126";"CURITIBA";"Falta de atenção";"Colisão traseira";"Com Vítimas Feridas";"Pleno dia";"Crescente";"Sol";"Dupla";"Reta";"Urbano";2;0;1;0;1;0;1;2
83437164;"04/02/16";"Quinta";"07:00:00";"RJ";354;"15";"RESENDE";"Outras";"Saída de Pista";"Com Vítimas Feridas";"Pleno dia";"Crescente";"Sol";"Simples";"Curva";"Urbano";2;0;0;1;1;0;1;1
83437165;"03/02/16";"Quarta";"20:10:00";"RJ";40;"36";"AREAL";"Animais na Pista";"Atropelamento de animal";"Com Vítimas Feridas";"Plena noite";"Crescente";"Nublado";"Dupla";"Curva";"Rural";5;0;1;0;4;0;1;1
83437166;"07/02/16";"Domingo";"08:35:00";"PR";277;"632,5";"CEU AZUL";"Ingestão de álcool";"Colisão lateral";"Sem Vítimas";"Pleno dia";"Decrescente";"Ceu Claro";"Dupla";"Reta";"Rural";2;0;0;0;2;0;0;2
83437167;"03/02/16";"Quarta";"19:50:00";"RS";116;"300,7";"GUAIBA";"Desobediência à sinalização";"Colisão lateral";"Sem Vítimas";"Pleno dia";"Crescente";"Nublado";"Simples";"Reta";"Urbano";2;0;0;0;2;0;0;2
83437168;"07/01/16";"Quinta";"05:00:00";"SC";282;"632";"DESCANSO";"Defeito na via";"Saída de Pista";"Sem Vítimas";"Amanhecer";"Decrescente";"Nevoeiro/neblina";"Simples";"Curva";"Rural";1;0;0;0;1;0;0;1
83437170;"07/02/16";"Domingo";"09:20:00";"RS";386;"147";"SARANDI";"Não guardar distância de segurança";"Colisão traseira";"Sem Vítimas";"Pleno dia";"Decrescente";"Ceu Claro";"Simples";"Curva";"Rural";2;0;0;0;2;0;0;2
83437171;"05/02/16";"Sexta";"10:00:00";"MT";70;"515,5";"VARZEA GRANDE";"Ingestão de álcool";"Colisão Transversal";"Com Vítimas Feridas";"Pleno dia";"Crescente";"Ceu Claro";"Simples";"Curva";"Urbano";3;0;1;0;2;0;1;2
83437172;"03/02/16";"Quarta";"17:50:00";"GO";153;"313,7";"RIALMA";"Outras";"Colisão com objeto fixo";"Com Vítimas Feridas";"Pleno dia";"Decrescente";"Chuva";"Simples";"Reta";"Rural";1;0;0;1;0;0;1;1
83437173;"06/02/16";"Sábado";"16:00:00";"PR";277;"324,6";"GUARAPUAVA";"Outras";"Capotamento";"Sem Vítimas";"Pleno dia";"Crescente";"Chuva";"Simples";"Curva";"Rural";1;0;0;0;1;0;0;1
83437174;"03/02/16";"Quarta";"16:00:00";"MG";116;"782,8";"LEOPOLDINA";"Velocidade incompatível";"Colisão frontal";"Com Vítimas Fatais";"Pleno dia";"Decrescente";"Sol";"Simples";"Curva";"Rural";2;1;0;0;1;0;0;2
83437175;"07/02/16";"Domingo";"07:30:00";"MG";262;"574";"CORREGO DANTA";"Outras";"Tombamento";"Sem Vítimas";"Amanhecer";"Crescente";"Chuva";"Simples";"Curva";"Rural";1;0;0;0;1;0;0;1