"id";"data_inversa";"dia_semana";"horario";"uf";"br";"km";"municipio";"causa_acidente";"tipo_acidente";"classificacao_acidente";"fase_dia";"sentido_via";"condicao_metereologica";"tipo_pista";"tracado_via";"uso_solo";"pessoas";"mortos";"feridos_leves";"feridos_graves";"ilesos";"ignorados";"feridos";"veiculos"
83437176;"07/02/16";"Domingo";"05:25:00";"PR";277;"521,2";"GUARANIACU";"Velocidade incompatível";"Colisão traseira";"Com Vítimas Feridas";"Amanhecer";"Decrescente";"Ceu Claro";"Simples";"Reta";"Rural";7;0;3;0;4;0;3;2
83437178;"06/02/16";"Sábado";"08:20:00";"ES";262;"135";"BREJETUBA";"Desobediência à sinalização";"Colisão frontal";"Com Vítimas Feridas";"Pleno dia";"Crescente";"Sol";"Simples";"Reta";"Rural";3;0;1;1;1;0;2;2
83437179;"04/02/16";"Quinta";"05:50:00";"RS";116;"270";"CANOAS";"Ingestão de álcool";"Colisão Transversal";"Com Vítimas Feridas";"Plena noite";"Decrescente";"Chuva";"Dupla";"Reta";"Urbano";3;0;0;1;2;0;1;2
83437180;"03/02/16";"Quarta";"05:40:00";"SC";282;"51,8";"AGUAS MORNAS";"Velocidade incompatível";"Saída de Pista";"Com Vítimas Feridas";"Plena noite";"Decrescente";"Chuva";"Simples";"Curva";"Rural";6;0;6;0;0;0;6;1
83437181;"06/02/16";"Sábado";"22:00:00";"PE";232;"414";"SERRA TALHADA";"Desobediência à sinalização";"Colisão Transversal";"Com Vítimas Feridas";"Plena noite";"Decrescente";"Ceu Claro";"Simples";"Reta";"Urbano";3;0;3;0;0;0;3;2
83437182;"04/02/16";"Quinta";"05:40:00";"CE";116;"482";"MILAGRES";"Animais na Pista";"Atropelamento de animal";"Com Vítimas Feridas";"Amanhecer";"Crescente";"Nublado";"Simples";"Reta";"Rural";1;0;1;0;0;0;1;1
83437183;"07/02/16";"Domingo";"06:30:00";"PR";369;"43,7";"ANDIRA";"Ingestão de álcool";"Colisão lateral";"Com Vítimas Feridas";"Amanhecer";"Crescente";"Nublado";"Simples";"Reta";"Rural";4;0;2;0;2;0;2;2
83437184;"04/02/16";"Quinta";"05:33:00";"SP";116;"278";"EMBU";"Falta de atenção";"Tombamento";"Com Vítimas Feridas";"Amanhecer";"Crescente";"Ceu Claro";"Dupla";"Reta";"Rural";2;0;2;0;0;0;2;2
83437185;"07/02/16";"Domingo";"09:15:00";"BA";101;"696";"EUNAPOLIS";"Velocidade incompatível";"Saída de Pista";"Com Vítimas Feridas";"Pleno dia";"Crescente";"Ceu Claro";"Simples";"Curva";"Rural";1;0;1;0;0;0;1;1
83437186;"04/02/16";"Quinta";"02:00:00";"RJ";393;"237";"VASSOURAS";"Falta de atenção";"Capotamento";"Sem Vítimas";"Plena noite";"Decrescente";"Ceu Claro";"Simples";"Reta";"Urbano";1;0;0;0;1;0;0;1
83437187;"07/02/16";"Domingo";"11:00:00";"PR";376;"299";"MAUA DA SERRA";"Velocidade incompatível";"Queda de motocicleta / bicicleta / veículo";"Com Vítimas Feridas";"Pleno dia";"Decrescente";"Sol";"Dupla";"Curva";"Rural";1;0;1;0;0;0;1;1
83437188;"04/02/16";"Quinta";"05:00:00";"MG";116;"813";"ALEM PARAIBA";"Velocidade incompatível";"Queda de motocicleta / bicicleta / veículo";"Com Vítimas Feridas";"Amanhecer";"Crescente";"Ceu Claro";"Simples";"Curva";"Rural";1;0;1;0;0;0;1;1
83437189;"07/02/16";"Domingo";"09:50:00";"SC";101;"5,9";"GARUVA";"Outras";"Saída de Pista";"Sem Vítimas";"Pleno dia";"Crescente";"Nublado";"Dupla";"Reta";"Urbano";3;0;0;0;3;0;0;3
83437190;"03/02/16";"Quarta";"22:40:00";"GO";153;"295,2";"RIALMA";"Defeito na via";"Colisão frontal";"Com Vítimas Fatais";"Plena noite";"Decrescente";"Chuva";"Simples";"Reta";"Rural";3;1;1;1;0;0;2;3
83437191;"07/02/16";"Domingo";"09:40:00";"MS";163;"767,7";"PEDRO GOMES";"Velocidade incompatível";"Queda de motocicleta / bicicleta / veículo";"Com Vítimas Feridas";"Pleno dia";"Crescente";"Ceu Claro";"Simples";"Reta";"Rural";3;0;3;0;0;0;3;1
83437192;"07/02/16";"Domingo";"09:55:00";"RS";290;"70,1";"GRAVATAI";"Desobediência à sinalização";"Colisão traseira";"Sem Vítimas";"Pleno dia";"Crescente";"Ceu Claro";"Dupla";"Reta";"Urbano";2;0;0;0;2;0;0;2
83437194;"07/02/16";"Domingo";"10:10:00";"PR";467;"74";"TOLEDO";"Velocidade incompatível";"Colisão traseira";"Sem Vítimas";"Pleno dia";"Decrescente";"Ceu Claro";"Dupla";"Curva";"Rural";2;0;0;0;2;0;0;2
83437195;"05/02/16";"Sexta";"19:50:00";"PR";277;"586";"CASCAVEL";"Desobediência à sinalização";"Colisão Transversal";"Com Vítimas Feridas";"Anoitecer";"Crescente";"Ceu Claro";"Simples";"Cruzamento";"Rural";3;0;2;0;1;0;2;2
83437196;"05/02/16";"Sexta";"22:00:00";"RJ";40;"37";"AREAL";"Falta de atenção";"Atropelamento de pessoa";"Com Vítimas Fatais";"Plena noite";"Crescente";"Ceu Claro";"Dupla";"Curva";"Rural";4;1;1;0;2;0;1;2
83437197;"05/02/16";"Sexta";"17:30:00";"GO";60;"77,8";"ABADIANIA";"Ingestão de álcool";"Saída de Pista";"Sem Vítimas";"Pleno dia";"Decrescente";"Ceu Claro";"Dupla";"Curva";"Rural";1;0;0;0;1;0;0;1
83437198;"07/02/16";"Domingo";"10:20:00";"PR";369;"19,5";"CAMBARA";"Desobediência à sinalização";"Colisão Transversal";"Com Vítimas Feridas";"Pleno dia";"Crescente";"Sol";"Simples";"Cruzamento";"Urbano";3;0;2;0;1;0;2;2
83437199;"07/02/16";"Domingo";"10:40:00";"PR";373;"213,6";"IMBITUVA";"Outras";"Capotamento";"Sem Vítimas";"Pleno dia";"Decrescente";"Ceu Claro";"Simples";"Curva";"Rural";1;0;0;0;1;0;0;1
83437200;"07/02/16";"Domingo";"05:20:00";"PA";316;"12";"MARITUBA";"Ingestão de álcool";"Colisão traseira";"Com Vítimas Feridas";"Amanhecer";"Crescente";"Ceu Claro";"Dupla";"Reta";"Urbano";2;0;1;0;1;0;1;2
83437201;"07/02/16";"Domingo";"09:30:00";"PE";101;"92";"CABO DE SANTO AGOSTINHO";"Outras";"Colisão traseira";"Sem Vítimas";"Pleno dia";"Crescente";"Sol";"Dupla";"Reta";"Rural";2;0;0;0;2;0;0;2
83437202;"07/02/16";"Domingo";"11:30:00";"PE";232;"69";"GRAVATA";"Outras";"Colisão traseira";"Sem Vítimas";"Pleno dia";"Crescente";"Ceu Claro";"Dupla";"Reta";"Rural";2;0;0;0;2;0;0;2
83437203;"07/02/16";"Domingo";"08:15:00";"MG";40;"691,8";"ALFREDO VASCONCELOS";"Ingestão de álcool";"Saída de Pista";"Com Vítimas Feridas";"Pleno dia";"Crescente";"Ceu Claro";"Simples";"Curva";"Rural";5;0;5;0;0;0;5;1
83437204;"04/02/16";"Quinta";"01:10:00";"MG";50;"6,5";"ARAGUARI";"Dormindo";"Tombamento";"Sem Vítimas";"Plena noite";"Crescente";"Nublado";"Dupla";"Reta";"Rural";1;0;0;0;1;0;0;1
83437205;"04/02/16";"Quinta";"03:30:00";"SC";282;"19";"PALHOCA";"Ingestão de álcool";"Capotamento";"Sem Vítimas";"Plena noite";"Decrescente";"Chuva";"Simples";"Reta";"Urbano";1;0;0;0;1;0;0;1
83437206;"04/02/16";"Quinta";"18:15:00";"MT";70;"415";"CAMPO VERDE";"Velocidade incompatível";"Saída de Pista";"Sem Vítimas";"Pleno dia";"Crescente";"Chuva";"Simples";"Curva";"Rural";1;0;0;0;1;0;0;1
83437207;"07/02/16";"Domingo";"12:40:00";"SC";153;"8,9";"AGUA DOCE";"Velocidade incompatível";"Capotamento";"Sem Vítimas";"Pleno dia";"Crescente";"Ceu Claro";"Simples";"Curva";"Rural";2;0;0;0;2;0;0;1
83437208;"07/02/16";"Domingo";"10:15:00";"RS";116;"448";"SAO LOURENCO DO SUL";"Defeito mecânico em veículo";"Saída de Pista";"Sem Vítimas";"Pleno dia";"Crescente";"Sol";"Simples";"Reta";"Rural";3;0;0;0;3;0;0;1
83437209;"07/02/16";"Domingo";"10:10:00";"PE";101;"90,5";"CABO DE SANTO AGOSTINHO";"Falta de atenção";"Colisão traseira";"Com Vítimas Feridas";"Pleno dia";"Crescente";"Sol";"Dupla";"Reta";"Rural";4;0;1;0;3;0;1;3
83437211;"05/02/16";"Sexta";"17:10:00";"GO";60;"264,4";"INDIARA";"Falta de atenção";"Saída de Pista";"Sem Vítimas";"Pleno dia";"Crescente";"Chuva";"Dupla";"Reta";"Rural";1;0;0;0;1;0;0;1
83437212;"07/02/16";"Domingo";"13:30:00";"RS";101;"40,1";"TERRA DE AREIA";"Falta de atenção";"Queda de motocicleta / bicicleta / veículo";"Com Vítimas Feridas";"Pleno dia";"Crescente";"Sol";"Dupla";"Curva";"Rural";1;0;1;0;0;0;1;1
83437213;"07/02/16";"Domingo";"09:00:00";"MG";381;"327";"NOVA ERA";"Não guardar distância de segurança";"Colisão traseira";"Com Vítimas Feridas";"Pleno dia";"Crescente";"Sol";"Simples";"Reta";"Urbano";3;0;1;0;2;0;1;2
83437214;"07/02/16";"Domingo";"10:20:00";"MG";381;"601,3";"CARMOPOLIS DE MINAS";"Falta de atenção";"Capotamento";"Sem Vítimas";"Pleno dia";"Crescente";"Sol";"Dupla";"Curva";"Rural";1;0;0;0;1;0;0;1
83437215;"07/02/16";"Domingo";"12:30:00";"RS";470;"180";"VERANOPOLIS";"Outras";"Saída de Pista";"Com Vítimas Feridas";"Pleno dia";"Crescente";"Ceu Claro";"Simples";"Reta";"Urbano";1;0;1;0;0;0;1;1
83437216;"07/02/16";"Domingo";"07:00:00";"BA";116;"273";"TUCANO";"Falta de atenção";"Colisão Transversal";"Com Vítimas Fatais";"Pleno dia";"Crescente";"Ceu Claro";"Simples";"Reta";"Urbano";3;1;1;0;1;0;1;2
83437217;"07/02/16";"Domingo";"12:15:00";"PE";407;"129";"PETROLINA";"Desobediência à sinalização";"Colisão Transversal";"Com Vítimas Feridas";"Pleno dia";"Decrescente";"Ceu Claro";"Simples";"Reta";"Urbano";2;0;1;0;1;0;1;2
83437218;"03/02/16";"Quarta";"18:00:00";"SP";116;"229,5";"SAO PAULO";"Outras";"Saída de Pista";"Sem Vítimas";"Pleno dia";"Decrescente";"Ceu Claro";"Múltipla";"Reta";"Urbano";1;0;0;0;1;0;0;1
83437219;"07/02/16";"Domingo";"09:15:00";"MS";436;"6";"APARECIDA DO TABOADO";"Outras";"Saída de Pista";"Com Vítimas Feridas";"Pleno dia";"Crescente";"Ceu Claro";"Simples";"Reta";"Rural";1;0;1;0;0;0;1;1
83437220;"07/02/16";"Domingo";"12:00:00";"PR";163;"345";"GUAIRA";"Outras";"Colisão Transversal";"Sem Vítimas";"Pleno dia";"Decrescente";"Ceu Claro";"Simples";"Cruzamento";"Rural";2;0;0;0;2;0;0;2
83437221;"07/02/16";"Domingo";"14:00:00";"RJ";116;"167";"SAO JOAO DE MERITI";"Outras";"Colisão traseira";"Sem Vítimas";"Pleno dia";"Crescente";"Sol";"Múltipla";"Reta";"Urbano";2;0;0;0;2;0;0;2
83437222;"07/02/16";"Domingo";"14:00:00";"SP";381;"19";"BRAGANCA PAULISTA";"Outras";"Danos Eventuais";"Com Vítimas Feridas";"Pleno dia";"Decrescente";"Sol";"Simples";"Curva";"Rural";2;0;1;0;1;0;1;1
83437223;"07/02/16";"Domingo";"06:45:00";"GO";364;"18";"SAO SIMAO";"Ingestão de álcool";"Saída de Pista";"Com Vítimas Feridas";"Amanhecer";"Decrescente";"Ceu Claro";"Simples";"Reta";"Rural";2;0;2;0;0;0;2;1
83437224;"07/02/16";"Domingo";"07:10:00";"MG";40;"674";"CARANDAI";"Falta de atenção";"Colisão Transversal";"Com Vítimas Feridas";"Pleno dia";"Decrescente";"Ceu Claro";"Simples";"Reta";"Rural";3;0;0;2;1;0;2;2
83437225;"07/02/16";"Domingo";"10:30:00";"SP";116;"515";"CAJATI";"Velocidade incompatível";"Capotamento";"Sem Vítimas";"Pleno dia";"Decrescente";"Nublado";"Simples";"Curva";"Rural";1;0;0;0;1;0;0;1
83437226;"07/02/16";"Domingo";"08:30:00";"MS";267;"16,3";"BATAGUASSU";"Ultrapassagem indevida";"Colisão frontal";"Com Vítimas Feridas";"Pleno dia";"Decrescente";"Ceu Claro";"Simples";"Reta";"Rural";5;0;3;2;0;0;5;3
83437227;"06/02/16";"Sábado";"21:30:00";"CE";116;"3,5";"FORTALEZA";"Outras";"Colisão com objeto fixo";"Com Vítimas Feridas";"Plena noite";"Crescente";"Ceu Claro";"Múltipla";"Reta";"Urbano";1;0;0;1;0;0;1;1
83437228;"04/02/16";"Quinta";"04:10:00";"RN";101;"168";"CANGUARETAMA";"Dormindo";"Colisão traseira";"Sem Vítimas";"Plena noite";"Decrescente";"Ceu Claro";"Dupla";"Reta";"Urbano";2;0;0;0;2;0;0;2
83437229;"02/02/16";"Terça";"03:45:00";"PB";361;"41,8";"CATINGUEIRA";"Animais na Pista";"Atropelamento de animal";"Sem Vítimas";"Plena noite";"Crescente";"Nevoeiro/neblina";"Simples";"Reta";"Rural";1;0;0;0;1;0;0;1
83437230;"07/02/16";"Domingo";"07:05:00";"GO";60;"46";"ALEXANIA";"Outras";"Saída de Pista";"Com Vítimas Fatais";"Pleno dia";"Crescente";"Sol";"Dupla";"Curva";"Urbano";4;3;1;0;0;0;1;1
83437231;"28/01/16";"Quinta";"12:30:00";"RS";392;"327";"SANTA MARIA";"Defeito mecânico em veículo";"Colisão frontal";"Sem Vítimas";"Pleno dia";"Crescente";"Ceu Claro";"Simples";"Reta";"Rural";4;0;0;0;4;0;0;2
83437232;"07/02/16";"Domingo";"13:20:00";"PE";101;"50";"ABREU E LIMA";"Velocidade incompatível";"Colisão traseira";"Sem Vítimas";"Pleno dia";"Crescente";"Ceu Claro";"Dupla";"Curva";"Urbano";2;0;0;0;2;0;0;2
83437233;"07/02/16";"Domingo";"11:00:00";"PB";101;"92,3";"JOAO PESSOA";"Velocidade incompatível";"Saída de Pista";"Sem Vítimas";"Pleno dia";"Crescente";"Ceu Claro";"Dupla";"Curva";"Urbano";1;0;0;0;1;0;0;1
83437234;"07/02/16";"Domingo";"14:30:00";"SP";116;"560";"BARRA DO TURVO";"Velocidade incompatível";"Saída de Pista";"Sem Vítimas";"Pleno dia";"Crescente";"Chuva";"Dupla";"Curva";"Rural";1;0;0;0;1;0;0;1
83437235;"07/02/16";"Domingo";"14:30:00";"SE";101;"100,5";"SAO CRISTOVAO";"Outras";"Queda de motocicleta / bicicleta / veículo";"Com Vítimas Feridas";"Pleno dia";"Crescente";"Ceu Claro";"Dupla";"Reta";"Rural";2;0;2;0;0;0;2;1
83437236;"04/02/16";"Quinta";"08:45:00";"RS";470;"172";"VERANOPOLIS";"Outras";"Tombamento";"Sem Vítimas";"Pleno dia";"Decrescente";"Nublado";"Simples";"Curva";"Urbano";1;0;0;0;1;0;0;1
83437237;"07/02/16";"Domingo";"14:30:00";"SP";116;"562";"BARRA DO TURVO";"Velocidade incompatível";"Colisão com objeto fixo";"Sem Vítimas";"Pleno dia";"Crescente";"Chuva";"Dupla";"Curva";"Rural";1;0;0;0;1;0;0;1
83437238;"07/02/16";"Domingo";"13:00:00";"MG";381;"724,8";"CAREACU";"Dormindo";"Saída de Pista";"Sem Vítimas";"Pleno dia";"Crescente";"Nublado";"Dupla";"Reta";"Rural";1;0;0;0;1;0;0;1
83437240;"07/02/16";"Domingo";"11:44:00";"RJ";116;"306";"RESENDE";"Defeito mecânico em veículo";"Capotamento";"Com Vítimas Feridas";"Pleno dia";"Decrescente";"Ceu Claro";"Dupla";"Reta";"Urbano";7;0;7;0;0;0;7;1
83437241;"07/02/16";"Domingo";"14:20:00";"SC";282;"215";"LAGES";"Desobediência à sinalização";"Colisão com objeto fixo";"Sem Vítimas";"Pleno dia";"Decrescente";"Ceu Claro";"Simples";"Cruzamento";"Urbano";2;0;0;0;2;0;0;2
83437242;"03/02/16";"Quarta";"15:40:00";"GO";20;"8";"FORMOSA";"Outras";"Tombamento";"Sem Vítimas";"Pleno dia";"Decrescente";"Chuva";"Dupla";"Reta";"Rural";1;0;0;0;1;0;0;1
83437243;"07/02/16";"Domingo";"16:20:00";"SC";101;"191";"BIGUACU";"Ingestão de álcool";"Queda de motocicleta / bicicleta / veículo";"Com Vítimas Feridas";"Pleno dia";"Crescente";"Ceu Claro";"Dupla";"Reta";"Urbano";1;0;1;0;0;0;1;1
83437244;"06/02/16";"Sábado";"22:30:00";"PB";230;"89";"GURINHEM";"Desobediência à sinalização";"Colisão com bicicleta";"Com Vítimas Feridas";"Plena noite";"Decrescente";"Ceu Claro";"Dupla";"Reta";"Rural";2;0;1;0;0;1;1;2
83437245;"06/02/16";"Sábado";"00:30:00";"BA";242;"349";"PALMEIRAS";"Velocidade incompatível";"Saída de Pista";"Com Vítimas Feridas";"Plena noite";"Decrescente";"Ceu Claro";"Simples";"Curva";"Rural";1;0;1;0;0;0;1;1
83437246;"06/02/16";"Sábado";"18:00:00";"MA";230;"214";"SAO DOMINGOS DO AZEITAO";"Ingestão de álcool";"Colisão lateral";"Com Vítimas Feridas";"Anoitecer";"Decrescente";"Ceu Claro";"Simples";"Curva";"Rural";2;0;0;1;0;1;1;2
83437247;"06/02/16";"Sábado";"20:45:00";"MG";50;"61";"UBERLANDIA";"Defeito na via";"Queda de motocicleta / bicicleta / veículo";"Com Vítimas Feridas";"Pleno dia";"Decrescente";"Ceu Claro";"Dupla";"Reta";"Rural";1;0;1;0;0;0;1;1
83437248;"07/02/16";"Domingo";"11:40:00";"PR";376;"668";"GUARATUBA";"Defeito mecânico em veículo";"Colisão lateral";"Com Vítimas Fatais";"Pleno dia";"Crescente";"Nublado";"Dupla";"Curva";"Rural";5;2;2;1;0;0;3;2
83437249;"07/02/16";"Domingo";"15:10:00";"RS";285;"105,1";"VACARIA";"Falta de atenção";"Colisão Transversal";"Sem Vítimas";"Pleno dia";"Decrescente";"Sol";"Simples";"Reta";"Rural";2;0;0;0;2;0;0;2
83437250;"07/02/16";"Domingo";"08:35:00";"RJ";101;"303";"SAO GONCALO";"Outras";"Colisão traseira";"Com Vítimas Feridas";"Pleno dia";"Decrescente";"Ceu Claro";"Dupla";"Reta";"Urbano";3;0;1;0;1;1;1;2
83437251;"03/02/16";"Quarta";"07:20:00";"DF";60;"0,2";"BRASILIA";"Falta de atenção";"Colisão traseira";"Com Vítimas Feridas";"Pleno dia";"Decrescente";"Ceu Claro";"Múltipla";"Reta";"Urbano";2;0;0;1;1;0;1;2
83437252;"07/02/16";"Domingo";"15:10:00";"RS";153;"47";"ERECHIM";"Desobediência à sinalização";"Colisão Transversal";"Sem Vítimas";"Pleno dia";"Decrescente";"Nublado";"Múltipla";"Cruzamento";"Urbano";2;0;0;0;2;0;0;2
83437253;"07/02/16";"Domingo";"17:00:00";"RS";290;"92";"PORTO ALEGRE";"Defeito mecânico em veículo";"Queda de motocicleta / bicicleta / veículo";"Com Vítimas Feridas";"Pleno dia";"Crescente";"Ceu Claro";"Simples";"Curva";"Urbano";2;0;1;1;0;0;2;1
83437254;"01/02/16";"Segunda";"20:30:00";"BA";116;"546";"MILAGRES";"Velocidade incompatível";"Colisão traseira";"Com Vítimas Feridas";"Plena noite";"Decrescente";"Ceu Claro";"Simples";"Reta";"Urbano";3;0;2;0;1;0;2;2
83437255;"03/02/16";"Quarta";"18:40:00";"RS";392;"220,8";"CACAPAVA DO SUL";"Velocidade incompatível";"Saída de Pista";"Com Vítimas Feridas";"Pleno dia";"Decrescente";"Nublado";"Múltipla";"Curva";"Rural";1;0;1;0;0;0;1;1
83437256;"03/02/16";"Quarta";"15:20:00";"SC";280;"54,6";"GUARAMIRIM";"Falta de atenção";"Atropelamento de pessoa";"Com Vítimas Feridas";"Pleno dia";"Crescente";"Nublado";"Simples";"Curva";"Urbano";4;0;1;0;3;0;1;1
83437257;"07/02/16";"Domingo";"14:30:00";"PR";373;"238,6";"GUAMIRANGA";"Defeito mecânico em veículo";"Capotamento";"Sem Vítimas";"Pleno dia";"Decrescente";"Ceu Claro";"Simples";"Curva";"Rural";1;0;0;0;1;0;0;1
83437258;"07/02/16";"Domingo";"12:30:00";"PR";272;"362";"CAMPO MOURAO";"Falta de atenção";"Colisão Transversal";"Com Vítimas Feridas";"Pleno dia";"Decrescente";"Ceu Claro";"Dupla";"Reta";"Urbano";2;0;0;2;0;0;2;2
83437259;"07/02/16";"Domingo";"14:00:00";"GO";60;"210,4";"VARJAO";"Velocidade incompatível";"Saída de Pista";"Sem Vítimas";"Pleno dia";"Decrescente";"Chuva";"Dupla";"Reta";"Rural";1;0;0;0;1;0;0;1
83437260;"07/02/16";"Domingo";"13:35:00";"PE";232;"413,6";"SERRA TALHADA";"Ingestão de álcool";"Colisão frontal";"Com Vítimas Feridas";"Pleno dia";"Decrescente";"Ceu Claro";"Simples";"Reta";"Urbano";3;0;1;1;0;1;2;2
83437261;"07/02/16";"Domingo";"17:30:00";"PR";469;"12,7";"FOZ DO IGUACU";"Ingestão de álcool";"Colisão lateral";"Com Vítimas Feridas";"Pleno dia";"Decrescente";"Ceu Claro";"Múltipla";"Curva";"Urbano";3;0;1;0;2;0;1;2
83437262;"07/02/16";"Domingo";"13:45:00";"PA";10;"329";"SAO MIGUEL DO GUAMA";"Falta de atenção";"Colisão Transversal";"Com Vítimas Feridas";"Pleno dia";"Decrescente";"Ceu Claro";"Simples";"Reta";"Rural";4;0;1;2;1;0;3;2
83437263;"07/02/16";"Domingo";"07:40:00";"PR";116;"28";"CAMPINA GRANDE DO SUL";"Outras";"Colisão com objeto fixo";"Sem Vítimas";"Pleno dia";"Decrescente";"Chuva";"Simples";"Curva";"Rural";1;0;0;0;1;0;0;1
83437264;"07/02/16";"Domingo";"17:10:00";"PR";277;"717,5";"SANTA TEREZINHA DE ITAIPU";"Defeito mecânico em veículo";"Queda de motocicleta / bicicleta / veículo";"Com Vítimas Feridas";"Pleno dia";"Decrescente";"Ceu Claro";"Dupla";"Reta";"Rural";2;0;1;1;0;0;2;1
83437265;"07/02/16";"Domingo";"15:35:00";"BA";116;"420";"FEIRA DE SANTANA";"Falta de atenção";"Colisão Transversal";"Com Vítimas Feridas";"Pleno dia";"Decrescente";"Ceu Claro";"Múltipla";"Cruzamento";"Urbano";3;0;0;2;0;1;2;2
83437267;"07/02/16";"Domingo";"17:45:00";"SC";101;"460,2";"PASSO DE TORRES";"Defeito mecânico em veículo";"Incêndio";"Sem Vítimas";"Pleno dia";"Crescente";"Nublado";"Dupla";"Reta";"Rural";2;0;0;0;2;0;0;1
83437268;"06/02/16";"Sábado";"21:30:00";"DF";20;"21";"BRASILIA";"Falta de atenção";"Colisão traseira";"Com Vítimas Feridas";"Plena noite";"Decrescente";"Ceu Claro";"Dupla";"Reta";"Urbano";2;0;1;0;1;0;1;2
83437270;"07/02/16";"Domingo";"14:35:00";"PR";487;"209,5";"LUIZIANA";"Defeito mecânico em veículo";"Queda de motocicleta / bicicleta / veículo";"Com Vítimas Feridas";"Pleno dia";"Decrescente";"Sol";"Simples";"Reta";"Rural";2;0;2;0;0;0;2;1
83437271;"07/02/16";"Domingo";"16:20:00";"SC";116;"193,1";"PONTE ALTA";"Velocidade incompatível";"Tombamento";"Com Vítimas Feridas";"Pleno dia";"Decrescente";"Ceu Claro";"Simples";"Curva";"Rural";2;0;1;1;0;0;2;1
83437273;"07/02/16";"Domingo";"12:30:00";"PB";230;"465";"SOUSA";"Ingestão de álcool";"Colisão traseira";"Sem Vítimas";"Pleno dia";"Crescente";"Ceu Claro";"Simples";"Reta";"Urbano";2;0;0;0;1;1;0;2
83437274;"07/02/16";"Domingo";"10:00:00";"ES";262;"56";"MARECHAL FLORIANO";"Falta de atenção";"Queda de motocicleta / bicicleta / veículo";"Com Vítimas Feridas";"Pleno dia";"Decrescente";"Ceu Claro";"Simples";"Curva";"Rural";1;0;0;1;0;0;1;1
83437275;"07/02/16";"Domingo";"17:30:00";"SP";116;"375";"MIRACATU";"Defeito na via";"Saída de Pista";"Sem Vítimas";"Pleno dia";"Decrescente";"Chuva";"Dupla";"Curva";"Rural";1;0;0;0;1;0;0;1
83437276;"07/01/16";"Quinta";"13:10:00";"MG";381;"455";"BELO HORIZONTE";"Dormindo";"Colisão frontal";"Sem Vítimas";"Pleno dia";"Decrescente";"Sol";"Simples";"Reta";"Rural";2;0;0;0;2;0;0;2
83437277;"06/02/16";"Sábado";"09:45:00";"AL";101;"180,5";"JUNQUEIRO";"Velocidade incompatível";"Tombamento";"Sem Vítimas";"Pleno dia";"Decrescente";"Chuva";"Dupla";"Curva";"Rural";1;0;0;0;1;0;0;1
83437278;"07/02/16";"Domingo";"17:40:00";"SC";101;"312,3";"LAGUNA";"Falta de atenção";"Colisão traseira";"Sem Vítimas";"Pleno dia";"Decrescente";"Nublado";"Dupla";"Reta";"Urbano";3;0;0;0;3;0;0;3
83437280;"07/02/16";"Domingo";"18:14:00";"PR";277;"698,7";"SAO MIGUEL DO IGUACU";"Defeito mecânico em veículo";"Saída de Pista";"Sem Vítimas";"Pleno dia";"Decrescente";"Ceu Claro";"Dupla";"Reta";"Rural";1;0;0;0;1;0;0;1
83437281;"03/02/16";"Quarta";"17:30:00";"SP";116;"143,8";"SAO JOSE DOS CAMPOS";"Falta de atenção";"Colisão traseira";"Sem Vítimas";"Pleno dia";"Decrescente";"Chuva";"Dupla";"Reta";"Rural";2;0;0;0;2;0;0;2
83437282;"04/02/16";"Quinta";"03:40:00";"MG";381;"715,8";"CARMO DA CACHOEIRA";"Outras";"Saída de Pista";"Sem Vítimas";"Plena noite";"Crescente";"Ceu Claro";"Dupla";"Reta";"Rural";1;0;0;0;1;0;0;1
83437283;"07/02/16";"Domingo";"18:05:00";"RN";304;"28,8";"MOSSORO";"Defeito mecânico em veículo";"Saída de Pista";"Com Vítimas Feridas";"Plena noite";"Decrescente";"Ceu Claro";"Simples";"Reta";"Rural";2;0;1;0;1;0;1;1
83437284;"07/02/16";"Domingo";"17:30:00";"PR";277;"253,1";"IRATI";"Falta de atenção";"Saída de Pista";"Com Vítimas Feridas";"Pleno dia";"Crescente";"Sol";"Simples";"Reta";"Rural";1;0;1;0;0;0;1;1
83437285;"07/02/16";"Domingo";"18:00:00";"MG";262;"183";"SAO DOMINGOS DO PRATA";"Outras";"Incêndio";"Ignorado";"Pleno dia";"Crescente";"Ceu Claro";"Simples";"Curva";"Rural";1;0;0;0;0;1;0;1
83437286;"07/02/16";"Domingo";"18:30:00";"RJ";116;"27,4";"BARRA MANSA";"Outras";"Colisão com objeto fixo";"Com Vítimas Feridas";"Pleno dia";"Decrescente";"Chuva";"Dupla";"Curva";"Rural";2;0;1;0;1;0;1;1
83437287;"05/02/16";"Sexta";"17:15:00";"SC";282;"258,1";"SAO JOSE DO CERRITO";"Velocidade incompatível";"Colisão frontal";"Com Vítimas Fatais";"Pleno dia";"Decrescente";"Nublado";"Múltipla";"Curva";"Rural";4;2;0;1;1;0;1;2
83437288;"07/02/16";"Domingo";"17:00:00";"PR";158;"211";"CAMPO MOURAO";"Velocidade incompatível";"Saída de Pista";"Com Vítimas Feridas";"Pleno dia";"Decrescente";"Chuva";"Simples";"Curva";"Rural";2;0;0;1;1;0;1;1
83437289;"07/02/16";"Domingo";"16:50:00";"BA";324;"613";"SIMOES FILHO";"Outras";"Queda de motocicleta / bicicleta / veículo";"Com Vítimas Feridas";"Pleno dia";"Decrescente";"Sol";"Dupla";"Reta";"Urbano";3;0;2;0;1;0;2;2