"id";"data_inversa";"dia_semana";"horario";"uf";"br";"km";"municipio";"causa_acidente";"tipo_acidente";"classificacao_acidente";"fase_dia";"sentido_via";"condicao_metereologica";"tipo_pista";"tracado_via";"uso_solo";"pessoas";"mortos";"feridos_leves";"feridos_graves";"ilesos";"ignorados";"feridos";"veiculos"
83437290;"28/01/16";"Quinta";"12:10:00";"MG";40;"517";"CONTAGEM";"Velocidade incompatível";"Capotamento";"Sem Vítimas";"Pleno dia";"Crescente";"Chuva";"Dupla";"Curva";"Rural";1;0;0;0;1;0;0;1
83437291;"07/02/16";"Domingo";"15:30:00";"SE";101;"153";"ESTANCIA";"Outras";"Colisão traseira";"Com Vítimas Feridas";"Pleno dia";"Decrescente";"Ceu Claro";"Simples";"Reta";"Rural";2;0;0;1;0;1;1;2
83437292;"07/02/16";"Domingo";"11:00:00";"MS";158;"231";"TRES LAGOAS";"Falta de atenção";"Colisão Transversal";"Sem Vítimas";"Pleno dia";"Decrescente";"Ceu Claro";"Dupla";"Reta";"Rural";2;0;0;0;2;0;0;2
83437293;"06/02/16";"Sábado";"07:30:00";"MG";381;"313";"ANTONIO DIAS";"Não guardar distância de segurança";"Colisão traseira";"Com Vítimas Feridas";"Pleno dia";"Crescente";"Sol";"Simples";"Reta";"Rural";4;0;2;0;2;0;2;3
83437294;"30/01/16";"Sábado";"05:00:00";"CE";20;"419,1";"MARACANAU";"Falta de atenção";"Queda de motocicleta / bicicleta / veículo";"Com Vítimas Fatais";"Amanhecer";"Crescente";"Ceu Claro";"Simples";"Reta";"Urbano";1;1;0;0;0;0;0;1
83437295;"04/02/16";"Quinta";"03:30:00";"MS";163;"485,4";"CAMPO GRANDE";"Ingestão de álcool";"Colisão Transversal";"Sem Vítimas";"Plena noite";"Crescente";"Nublado";"Simples";"Reta";"Urbano";2;0;0;0;2;0;0;2
83437296;"07/02/16";"Domingo";"19:10:00";"RS";116;"264";"CANOAS";"Outras";"Colisão com objeto fixo";"Com Vítimas Feridas";"Pleno dia";"Crescente";"Ceu Claro";"Dupla";"Reta";"Urbano";3;0;2;1;0;0;3;1
83437297;"05/02/16";"Sexta";"16:40:00";"SC";282;"27";"SANTO AMARO DA IMPERATRIZ";"Defeito mecânico em veículo";"Queda de motocicleta / bicicleta / veículo";"Com Vítimas Feridas";"Pleno dia";"Decrescente";"Chuva";"Simples";"Reta";"Urbano";2;0;0;2;0;0;2;1
83437298;"06/02/16";"Sábado";"04:20:00";"MG";354;"742";"POUSO ALTO";"Velocidade incompatível";"Saída de Pista";"Sem Vítimas";"Plena noite";"Crescente";"Ceu Claro";"Simples";"Curva";"Rural";1;0;0;0;1;0;0;1
83437299;"07/02/16";"Domingo";"15:30:00";"MT";163;"786";"SORRISO";"Outras";"Saída de Pista";"Com Vítimas Feridas";"Pleno dia";"Decrescente";"Sol";"Simples";"Reta";"Rural";1;0;1;0;0;0;1;1
83437300;"07/02/16";"Domingo";"10:20:00";"MA";10;"224,3";"GOVERNADOR EDISON LOBAO";"Defeito mecânico em veículo";"Colisão traseira";"Com Vítimas Feridas";"Pleno dia";"Decrescente";"Ceu Claro";"Simples";"Reta";"Rural";2;0;1;0;1;0;1;2
83437301;"07/02/16";"Domingo";"17:30:00";"MA";316;"552";"CAXIAS";"Outras";"Colisão frontal";"Com Vítimas Feridas";"Anoitecer";"Crescente";"Ceu Claro";"Dupla";"Reta";"Urbano";3;0;2;0;1;0;2;2
83437302;"07/02/16";"Domingo";"16:37:00";"MG";262;"354";"BETIM";"Velocidade incompatível";"Colisão traseira";"Com Vítimas Feridas";"Pleno dia";"Decrescente";"Ceu Claro";"Dupla";"Curva";"Rural";2;0;1;0;1;0;1;2
83437303;"07/02/16";"Domingo";"19:50:00";"SP";381;"75";"SAO PAULO";"Outras";"Capotamento";"Sem Vítimas";"Plena noite";"Decrescente";"Chuva";"Dupla";"Curva";"Urbano";1;0;0;0;1;0;0;1
83437304;"07/02/16";"Domingo";"15:05:00";"SP";153;"30";"NOVA GRANADA";"Dormindo";"Colisão lateral";"Sem Vítimas";"Pleno dia";"Decrescente";"Nublado";"Simples";"Reta";"Rural";2;0;0;0;2;0;0;2
83437305;"07/02/16";"Domingo";"21:20:00";"SC";470;"53,3";"BLUMENAU";"Falta de atenção";"Colisão Transversal";"Sem Vítimas";"Plena noite";"Decrescente";"Ceu Claro";"Múltipla";"Cruzamento";"Urbano";2;0;0;0;2;0;0;2
83437306;"07/02/16";"Domingo";"15:30:00";"RS";472;"565";"URUGUAIANA";"Falta de atenção";"Colisão com objeto móvel";"Com Vítimas Feridas";"Pleno dia";"Decrescente";"Ceu Claro";"Simples";"Reta";"Urbano";3;0;1;1;0;1;2;2
83437307;"07/02/16";"Domingo";"10:50:00";"CE";222;"150";"IRAUCUBA";"Ingestão de álcool";"Colisão traseira";"Sem Vítimas";"Pleno dia";"Crescente";"Sol";"Simples";"Reta";"Urbano";3;0;0;0;3;0;0;2
83437308;"07/02/16";"Domingo";"21:10:00";"RJ";101;"17,8";"CAMPOS DOS GOYTACAZES";"Outras";"Queda de motocicleta / bicicleta / veículo";"Ignorado";"Plena noite";"Decrescente";"Ceu Claro";"Simples";"Reta";"Rural";1;0;0;0;0;1;0;1
83437309;"07/02/16";"Domingo";"15:30:00";"MG";262;"354";"BETIM";"Ingestão de álcool";"Colisão traseira";"Com Vítimas Feridas";"Pleno dia";"Decrescente";"Sol";"Dupla";"Curva";"Urbano";2;0;1;0;1;0;1;2
83437310;"02/02/16";"Terça";"05:00:00";"BA";324;"565";"SANTO AMARO";"Outras";"Saída de Pista";"Sem Vítimas";"Amanhecer";"Decrescente";"Ceu Claro";"Dupla";"Reta";"Rural";1;0;0;0;1;0;0;1
83437311;"07/02/16";"Domingo";"19:30:00";"SC";470;"15";"NAVEGANTES";"Outras";"Queda de motocicleta / bicicleta / veículo";"Com Vítimas Feridas";"Anoitecer";"Crescente";"Nublado";"Simples";"Reta";"Urbano";2;0;2;0;0;0;2;1
83437312;"07/02/16";"Domingo";"17:00:00";"SP";116;"219";"GUARULHOS";"Não guardar distância de segurança";"Colisão traseira";"Sem Vítimas";"Pleno dia";"Crescente";"Ceu Claro";"Dupla";"Curva";"Urbano";2;0;0;0;2;0;0;2
83437314;"07/02/16";"Domingo";"03:30:00";"PR";163;"63,5";"PEROLA DOESTE";"Dormindo";"Saída de Pista";"Sem Vítimas";"Plena noite";"Decrescente";"Ignorada";"Simples";"Curva";"Rural";1;0;0;0;1;0;0;1
83437315;"07/02/16";"Domingo";"16:30:00";"RJ";101;"215";"SILVA JARDIM";"Defeito na via";"Colisão frontal";"Com Vítimas Feridas";"Pleno dia";"Crescente";"Chuva";"Simples";"Reta";"Urbano";2;0;1;0;1;0;1;2
83437316;"07/02/16";"Domingo";"21:30:00";"PR";277;"705";"SANTA TEREZINHA DE ITAIPU";"Defeito mecânico em veículo";"Colisão traseira";"Sem Vítimas";"Plena noite";"Crescente";"Ceu Claro";"Dupla";"Reta";"Urbano";2;0;0;0;2;0;0;2
83437317;"07/02/16";"Domingo";"19:41:00";"MG";153;"240,3";"FRONTEIRA";"Não guardar distância de segurança";"Colisão traseira";"Com Vítimas Feridas";"Anoitecer";"Crescente";"Chuva";"Simples";"Reta";"Rural";5;0;1;0;3;1;1;2
83437318;"07/02/16";"Domingo";"18:30:00";"MG";381;"501,6";"BETIM";"Falta de atenção";"Colisão frontal";"Sem Vítimas";"Pleno dia";"Crescente";"Ceu Claro";"Dupla";"Reta";"Urbano";2;0;0;0;2;0;0;2
83437319;"07/02/16";"Domingo";"15:00:00";"PR";116;"2";"CAMPINA GRANDE DO SUL";"Defeito mecânico em veículo";"Colisão com objeto móvel";"Sem Vítimas";"Pleno dia";"Decrescente";"Chuva";"Dupla";"Reta";"Rural";1;0;0;0;1;0;0;1
83437320;"07/02/16";"Domingo";"18:00:00";"PR";277;"7";"PARANAGUA";"Velocidade incompatível";"Tombamento";"Sem Vítimas";"Pleno dia";"Decrescente";"Nublado";"Dupla";"Curva";"Rural";2;0;0;0;2;0;0;2
83437321;"07/02/16";"Domingo";"15:55:00";"CE";20;"316,2";"CANINDE";"Defeito mecânico em veículo";"Queda de motocicleta / bicicleta / veículo";"Com Vítimas Feridas";"Pleno dia";"Decrescente";"Ceu Claro";"Simples";"Reta";"Rural";2;0;2;0;0;0;2;1
83437322;"07/02/16";"Domingo";"19:45:00";"SC";101;"292";"IMBITUBA";"Ingestão de álcool";"Capotamento";"Sem Vítimas";"Plena noite";"Decrescente";"Nublado";"Dupla";"Curva";"Rural";1;0;0;0;1;0;0;1
83437323;"07/02/16";"Domingo";"09:00:00";"RS";290;"354,5";"SAO SEPE";"Dormindo";"Colisão com objeto fixo";"Com Vítimas Feridas";"Pleno dia";"Decrescente";"Ceu Claro";"Simples";"Reta";"Rural";1;0;1;0;0;0;1;1
83437324;"03/02/16";"Quarta";"12:30:00";"MG";116;"489";"INHAPIM";"Defeito mecânico em veículo";"Saída de Pista";"Com Vítimas Feridas";"Pleno dia";"Decrescente";"Ceu Claro";"Simples";"Reta";"Rural";1;0;1;0;0;0;1;1
83437325;"07/02/16";"Domingo";"19:26:00";"MG";153;"240,3";"FRONTEIRA";"Velocidade incompatível";"Saída de Pista";"Com Vítimas Feridas";"Plena noite";"Crescente";"Chuva";"Simples";"Reta";"Rural";4;0;3;0;1;0;3;1
83437326;"04/02/16";"Quinta";"04:50:00";"CE";222;"3,1";"FORTALEZA";"Outras";"Colisão Transversal";"Com Vítimas Feridas";"Amanhecer";"Crescente";"Ceu Claro";"Múltipla";"Reta";"Urbano";3;0;0;2;0;1;2;2
83437327;"07/02/16";"Domingo";"20:40:00";"SP";116;"287";"ITAPECERICA DA SERRA";"Outras";"Atropelamento de pessoa";"Com Vítimas Feridas";"Plena noite";"Decrescente";"Ceu Claro";"Dupla";"Reta";"Rural";2;0;1;0;1;0;1;1
83437328;"07/02/16";"Domingo";"18:15:00";"RJ";116;"214";"SEROPEDICA";"Não guardar distância de segurança";"Saída de Pista";"Sem Vítimas";"Pleno dia";"Decrescente";"Nublado";"Dupla";"Curva";"Rural";3;0;0;0;2;1;0;1
83437329;"07/02/16";"Domingo";"20:30:00";"BA";367;"32";"PORTO SEGURO";"Velocidade incompatível";"Colisão traseira";"Com Vítimas Feridas";"Plena noite";"Decrescente";"Ceu Claro";"Simples";"Reta";"Rural";3;0;0;2;0;1;2;2
83437330;"07/02/16";"Domingo";"21:20:00";"RS";287;"247";"SANTA MARIA";"Ingestão de álcool";"Colisão traseira";"Com Vítimas Feridas";"Plena noite";"Decrescente";"Ceu Claro";"Simples";"Reta";"Urbano";3;0;3;0;0;0;3;2
83437331;"07/02/16";"Domingo";"15:10:00";"DF";80;"18";"BRASILIA";"Outras";"Tombamento";"Com Vítimas Feridas";"Pleno dia";"Decrescente";"Ceu Claro";"Simples";"Reta";"Rural";5;0;3;2;0;0;5;1
83437332;"07/02/16";"Domingo";"18:00:00";"MT";163;"533,6";"DIAMANTINO";"Outras";"Capotamento";"Ignorado";"Pleno dia";"Decrescente";"Ceu Claro";"Simples";"Curva";"Rural";3;0;0;0;0;3;0;1
83437333;"07/02/16";"Domingo";"20:00:00";"PR";469;"12";"FOZ DO IGUACU";"Falta de atenção";"Saída de Pista";"Com Vítimas Feridas";"Anoitecer";"Decrescente";"Ceu Claro";"Simples";"Reta";"Urbano";1;0;1;0;0;0;1;1
83437334;"07/02/16";"Domingo";"21:20:00";"RS";386;"29,9";"FREDERICO WESTPHALEN";"Ingestão de álcool";"Colisão lateral";"Sem Vítimas";"Plena noite";"Decrescente";"Ceu Claro";"Simples";"Curva";"Rural";2;0;0;0;2;0;0;2
83437335;"07/02/16";"Domingo";"22:00:00";"GO";364;"10";"SAO SIMAO";"Outras";"Saída de Pista";"Com Vítimas Feridas";"Plena noite";"Crescente";"Ceu Claro";"Simples";"Reta";"Rural";3;0;3;0;0;0;3;1
83437336;"07/02/16";"Domingo";"20:30:00";"SC";101;"199";"SAO JOSE";"Ingestão de álcool";"Colisão com objeto fixo";"Sem Vítimas";"Plena noite";"Crescente";"Ceu Claro";"Dupla";"Reta";"Urbano";1;0;0;0;1;0;0;1
83437338;"03/02/16";"Quarta";"17:30:00";"PE";423;"105,4";"GARANHUNS";"Falta de atenção";"Colisão lateral";"Com Vítimas Feridas";"Anoitecer";"Crescente";"Ignorada";"Simples";"Reta";"Rural";4;0;2;1;1;0;3;2
83437339;"07/02/16";"Domingo";"17:00:00";"MT";158;"414";"RIBEIRAO CASCALHEIRA";"Outras";"Capotamento";"Com Vítimas Feridas";"Pleno dia";"Decrescente";"Sol";"Simples";"Curva";"Rural";3;0;1;0;2;0;1;1
83437340;"07/02/16";"Domingo";"02:25:00";"RN";101;"98,3";"NATAL";"Ingestão de álcool";"Tombamento";"Com Vítimas Feridas";"Plena noite";"Crescente";"Ceu Claro";"Múltipla";"Reta";"Urbano";1;0;1;0;0;0;1;1
83437341;"07/02/16";"Domingo";"21:50:00";"RJ";116;"175";"NOVA IGUACU";"Ingestão de álcool";"Colisão com objeto fixo";"Sem Vítimas";"Plena noite";"Decrescente";"Ceu Claro";"Múltipla";"Reta";"Urbano";1;0;0;0;1;0;0;1
83437342;"07/02/16";"Domingo";"08:50:00";"MG";381;"780,1";"CAMPANHA";"Velocidade incompatível";"Saída de Pista";"Com Vítimas Feridas";"Pleno dia";"Decrescente";"Nublado";"Dupla";"Curva";"Rural";2;0;2;0;0;0;2;1
83437343;"07/02/16";"Domingo";"06:10:00";"BA";101;"843";"TEIXEIRA DE FREITAS";"Outras";"Saída de Pista";"Com Vítimas Feridas";"Pleno dia";"Crescente";"Ceu Claro";"Simples";"Curva";"Rural";1;0;1;0;0;0;1;1
83437344;"05/02/16";"Sexta";"19:30:00";"MT";70;"178,4";"GENERAL CARNEIRO";"Outras";"Saída de Pista";"Sem Vítimas";"Plena noite";"Crescente";"Ceu Claro";"Simples";"Reta";"Rural";1;0;0;0;1;0;0;1
83437345;"07/02/16";"Domingo";"11:30:00";"RO";364;"522";"ARIQUEMES";"Outras";"Saída de Pista";"Sem Vítimas";"Pleno dia";"Decrescente";"Sol";"Simples";"Reta";"Urbano";1;0;0;0;1;0;0;1
83437346;"07/02/16";"Domingo";"22:30:00";"SP";381;"36,6";"ATIBAIA";"Outras";"Colisão lateral";"Com Vítimas Feridas";"Plena noite";"Decrescente";"Nublado";"Simples";"Curva";"Rural";5;0;1;2;1;1;3;3
83437347;"07/02/16";"Domingo";"19:05:00";"GO";452;"47,7";"RIO VERDE";"Velocidade incompatível";"Colisão Transversal";"Com Vítimas Feridas";"Pleno dia";"Crescente";"Ceu Claro";"Simples";"Reta";"Rural";6;0;0;2;4;0;2;2
83437348;"07/02/16";"Domingo";"18:30:00";"BA";410;"2";"RIBEIRA DO POMBAL";"Ultrapassagem indevida";"Colisão frontal";"Com Vítimas Feridas";"Plena noite";"Decrescente";"Ceu Claro";"Simples";"Reta";"Rural";2;0;0;1;0;1;1;2
83437349;"06/02/16";"Sábado";"14:00:00";"PI";343;"94";"CARAUBAS DO PIAUI";"Ingestão de álcool";"Saída de Pista";"Com Vítimas Feridas";"Pleno dia";"Decrescente";"Ceu Claro";"Simples";"Reta";"Rural";1;0;1;0;0;0;1;1
83437350;"07/02/16";"Domingo";"21:00:00";"RN";101;"80,8";"SAO GONCALO DO AMARANTE";"Ingestão de álcool";"Colisão Transversal";"Sem Vítimas";"Plena noite";"Crescente";"Ceu Claro";"Dupla";"Cruzamento";"Urbano";2;0;0;0;2;0;0;2
83437351;"07/02/16";"Domingo";"22:35:00";"PR";277;"724,6";"FOZ DO IGUACU";"Falta de atenção";"Colisão lateral";"Sem Vítimas";"Plena noite";"Crescente";"Ceu Claro";"Dupla";"Reta";"Urbano";2;0;0;0;2;0;0;2
83437352;"07/02/16";"Domingo";"22:45:00";"MG";262;"889,1";"CAMPO FLORIDO";"Velocidade incompatível";"Saída de Pista";"Com Vítimas Feridas";"Plena noite";"Crescente";"Chuva";"Dupla";"Curva";"Rural";2;0;2;0;0;0;2;1
83437353;"07/02/16";"Domingo";"20:00:00";"RN";101;"130";"SAO JOSE DE MIPIBU";"Outras";"Colisão com objeto fixo";"Com Vítimas Feridas";"Plena noite";"Decrescente";"Ceu Claro";"Dupla";"Reta";"Rural";1;0;0;1;0;0;1;1
83437355;"07/02/16";"Domingo";"22:50:00";"CE";116;"27,2";"ITAITINGA";"Animais na Pista";"Atropelamento de animal";"Sem Vítimas";"Plena noite";"Decrescente";"Ceu Claro";"Dupla";"Reta";"Urbano";1;0;0;0;1;0;0;1
83437356;"07/02/16";"Domingo";"08:40:00";"MG";116;"258,1";"TEOFILO OTONI";"Dormindo";"Tombamento";"Sem Vítimas";"Pleno dia";"Decrescente";"Ceu Claro";"Simples";"Reta";"Rural";1;0;0;0;1;0;0;1
83437357;"07/02/16";"Domingo";"09:15:00";"PR";116;"27,9";"CAMPINA GRANDE DO SUL";"Outras";"Colisão com objeto fixo";"Sem Vítimas";"Pleno dia";"Decrescente";"Ceu Claro";"Simples";"Curva";"Rural";1;0;0;0;1;0;0;1
83437358;"07/02/16";"Domingo";"23:30:00";"RS";377;"93,6";"CRUZ ALTA";"Não guardar distância de segurança";"Colisão traseira";"Sem Vítimas";"Plena noite";"Crescente";"Ceu Claro";"Simples";"Curva";"Urbano";2;0;0;0;2;0;0;2
83437359;"30/01/16";"Sábado";"16:25:00";"PR";272;"366";"CAMPO MOURAO";"Defeito mecânico em veículo";"Saída de Pista";"Com Vítimas Feridas";"Pleno dia";"Crescente";"Chuva";"Simples";"Curva";"Rural";2;0;1;0;1;0;1;1
83437360;"07/02/16";"Domingo";"23:30:00";"RS";470;"176";"VERANOPOLIS";"Outras";"Tombamento";"Com Vítimas Feridas";"Plena noite";"Decrescente";"Ceu Claro";"Simples";"Cruzamento";"Urbano";1;0;1;0;0;0;1;1
83437361;"04/02/16";"Quinta";"06:10:00";"ES";262;"17,9";"VIANA";"Velocidade incompatível";"Colisão com bicicleta";"Com Vítimas Fatais";"Pleno dia";"Decrescente";"Ceu Claro";"Simples";"Curva";"Urbano";2;1;0;0;1;0;0;2
83437362;"07/02/16";"Domingo";"22:47:00";"MT";364;"191";"RONDONOPOLIS";"Velocidade incompatível";"Saída de Pista";"Com Vítimas Feridas";"Plena noite";"Crescente";"Ceu Claro";"Simples";"Reta";"Rural";1;0;1;0;0;0;1;1
83437364;"07/02/16";"Domingo";"23:20:00";"RS";285;"288";"PASSO FUNDO";"Outras";"Colisão lateral";"Sem Vítimas";"Plena noite";"Decrescente";"Ceu Claro";"Simples";"Reta";"Rural";6;0;0;0;5;1;0;2
83437366;"07/02/16";"Domingo";"22:45:00";"CE";20;"205";"BOA VIAGEM";"Animais na Pista";"Saída de Pista";"Sem Vítimas";"Plena noite";"Decrescente";"Ceu Claro";"Simples";"Reta";"Rural";2;0;0;0;2;0;0;1
83437367;"07/02/16";"Domingo";"20:30:00";"ES";101;"29,5";"CONCEICAO DA BARRA";"Dormindo";"Queda de motocicleta / bicicleta / veículo";"Com Vítimas Feridas";"Plena noite";"Crescente";"Ceu Claro";"Simples";"Reta";"Rural";1;0;1;0;0;0;1;1
83437368;"07/02/16";"Domingo";"19:30:00";"BA";116;"420";"FEIRA DE SANTANA";"Ingestão de álcool";"Colisão traseira";"Com Vítimas Feridas";"Plena noite";"Decrescente";"Ceu Claro";"Múltipla";"Cruzamento";"Urbano";4;0;2;0;2;0;2;2
83437369;"08/02/16";"Segunda";"00:30:00";"RJ";101;"328";"SILVA JARDIM";"Outras";"Saída de Pista";"Sem Vítimas";"Plena noite";"Crescente";"Ceu Claro";"Simples";"Reta";"Rural";1;0;0;0;1;0;0;1
83437370;"07/02/16";"Domingo";"21:00:00";"BA";407;"9,4";"JUAZEIRO";"Dormindo";"Colisão lateral";"Com Vítimas Feridas";"Plena noite";"Decrescente";"Ceu Claro";"Simples";"Reta";"Rural";2;0;1;0;1;0;1;2
83437371;"07/02/16";"Domingo";"18:30:00";"MT";163;"1030,8";"PEIXOTO DE AZEVEDO";"Ingestão de álcool";"Colisão frontal";"Com Vítimas Feridas";"Pleno dia";"Decrescente";"Ceu Claro";"Simples";"Reta";"Urbano";3;0;2;0;1;0;2;2
83437372;"07/02/16";"Domingo";"16:20:00";"PR";476;"104";"COLOMBO";"Outras";"Tombamento";"Com Vítimas Feridas";"Pleno dia";"Decrescente";"Nublado";"Simples";"Curva";"Rural";1;0;0;1;0;0;1;1
83437373;"29/01/16";"Sexta";"17:00:00";"SC";101;"276";"IMBITUBA";"Falta de atenção";"Colisão Transversal";"Sem Vítimas";"Pleno dia";"Crescente";"Ceu Claro";"Dupla";"Cruzamento";"Rural";2;0;0;0;2;0;0;2
83437374;"07/02/16";"Domingo";"10:30:00";"RS";472;"533";"URUGUAIANA";"Defeito mecânico em veículo";"Tombamento";"Sem Vítimas";"Pleno dia";"Crescente";"Ceu Claro";"Simples";"Reta";"Rural";1;0;0;0;1;0;0;1
83437375;"08/02/16";"Segunda";"01:40:00";"MG";40;"614";"CONGONHAS";"Dormindo";"Colisão com objeto fixo";"Sem Vítimas";"Plena noite";"Crescente";"Ceu Claro";"Simples";"Curva";"Urbano";4;0;0;0;4;0;0;1
83437377;"08/02/16";"Segunda";"02:00:00";"SC";101;"342";"TUBARAO";"Falta de atenção";"Saída de Pista";"Com Vítimas Feridas";"Plena noite";"Crescente";"Ceu Claro";"Dupla";"Reta";"Rural";2;0;1;0;1;0;1;1
83437378;"05/02/16";"Sexta";"19:40:00";"PB";230;"5";"CABEDELO";"Falta de atenção";"Colisão Transversal";"Com Vítimas Feridas";"Plena noite";"Decrescente";"Ceu Claro";"Dupla";"Reta";"Urbano";3;0;1;1;1;0;2;2
83437379;"08/02/16";"Segunda";"00:01:00";"MT";163;"723";"SORRISO";"Ingestão de álcool";"Saída de Pista";"Com Vítimas Feridas";"Plena noite";"Decrescente";"Nublado";"Simples";"Reta";"Rural";2;0;1;0;1;0;1;1
83437380;"07/02/16";"Domingo";"20:20:00";"GO";20;"125";"FLORES DE GOIAS";"Ingestão de álcool";"Colisão frontal";"Sem Vítimas";"Plena noite";"Decrescente";"Chuva";"Simples";"Reta";"Rural";6;0;0;0;2;4;0;2
83437381;"07/02/16";"Domingo";"18:45:00";"MG";262;"362";"JUATUBA";"Defeito mecânico em veículo";"Saída de Pista";"Com Vítimas Feridas";"Pleno dia";"Crescente";"Ceu Claro";"Dupla";"Reta";"Rural";3;0;2;0;1;0;2;1
83437382;"08/02/16";"Segunda";"01:10:00";"SC";282;"31";"AGUAS MORNAS";"Outras";"Capotamento";"Sem Vítimas";"Plena noite";"Crescente";"Chuva";"Simples";"Curva";"Rural";1;0;0;0;1;0;0;1
83437383;"07/02/16";"Domingo";"23:25:00";"MG";381;"339";"BELA VISTA DE MINAS";"Defeito mecânico em veículo";"Incêndio";"Sem Vítimas";"Plena noite";"Decrescente";"Ceu Claro";"Simples";"Curva";"Urbano";1;0;0;0;1;0;0;1
83437384;"07/02/16";"Domingo";"17:20:00";"DF";20;"35,5";"BRASILIA";"Ingestão de álcool";"Colisão lateral";"Com Vítimas Feridas";"Pleno dia";"Crescente";"Ceu Claro";"Dupla";"Reta";"Rural";4;0;2;0;2;0;2;2
83437385;"07/02/16";"Domingo";"01:30:00";"MT";364;"357";"SANTO ANTONIO DO LEVERGER";"Dormindo";"Saída de Pista";"Com Vítimas Feridas";"Plena noite";"Crescente";"Ignorada";"Dupla";"Curva";"Rural";2;0;1;0;1;0;1;1
83437386;"07/02/16";"Domingo";"19:30:00";"MA";316;"279";"BELA VISTA DO MARANHAO";"Outras";"Colisão traseira";"Com Vítimas Fatais";"Anoitecer";"Decrescente";"Ceu Claro";"Simples";"Reta";"Rural";2;1;0;0;0;1;0;2
83437387;"07/02/16";"Domingo";"16:00:00";"MG";135;"368";"MONTES CLAROS";"Outras";"Tombamento";"Com Vítimas Feridas";"Pleno dia";"Crescente";"Ceu Claro";"Simples";"Curva";"Urbano";1;0;1;0;0;0;1;1
83437388;"08/02/16";"Segunda";"04:25:00";"SC";280;"54";"GUARAMIRIM";"Falta de atenção";"Colisão lateral";"Com Vítimas Feridas";"Plena noite";"Crescente";"Chuva";"Simples";"Reta";"Urbano";2;0;0;1;1;0;1;2
83437389;"08/02/16";"Segunda";"03:31:00";"MS";163;"119";"NAVIRAI";"Ingestão de álcool";"Queda de motocicleta / bicicleta / veículo";"Com Vítimas Feridas";"Plena noite";"Decrescente";"Ceu Claro";"Simples";"Reta";"Rural";1;0;1;0;0;0;1;1
83437390;"08/02/16";"Segunda";"03:00:00";"MA";222;"675";"ACAILANDIA";"Desobediência à sinalização";"Colisão Transversal";"Com Vítimas Feridas";"Plena noite";"Crescente";"Ceu Claro";"Simples";"Reta";"Urbano";2;0;1;0;1;0;1;2
83437391;"07/02/16";"Domingo";"20:15:00";"RO";364;"714";"PORTO VELHO";"Falta de atenção";"Colisão com bicicleta";"Com Vítimas Feridas";"Plena noite";"Crescente";"Ceu Claro";"Dupla";"Reta";"Urbano";3;0;3;0;0;0;3;2
83437392;"08/02/16";"Segunda";"03:00:00";"SP";116;"476,3";"JACUPIRANGA";"Animais na Pista";"Atropelamento de animal";"Sem Vítimas";"Plena noite";"Decrescente";"Nublado";"Dupla";"Reta";"Urbano";1;0;0;0;1;0;0;1
83437394;"08/02/16";"Segunda";"04:38:00";"PB";412;"14,4";"BOA VISTA";"Dormindo";"Capotamento";"Sem Vítimas";"Plena noite";"Decrescente";"Ceu Claro";"Simples";"Curva";"Rural";1;0;0;0;1;0;0;1
83437395;"08/02/16";"Segunda";"04:15:00";"SP";381;"58";"MAIRIPORA";"Defeito mecânico em veículo";"Colisão traseira";"Com Vítimas Feridas";"Pleno dia";"Crescente";"Ignorada";"Dupla";"Reta";"Rural";3;0;1;0;2;0;1;2
83437396;"30/01/16";"Sábado";"18:10:00";"SC";101;"363";"SANGAO";"Não guardar distância de segurança";"Colisão traseira";"Com Vítimas Feridas";"Pleno dia";"Decrescente";"Ceu Claro";"Simples";"Reta";"Rural";3;0;0;2;1;0;2;2
83437397;"08/02/16";"Segunda";"05:00:00";"PR";277;"113";"CAMPO LARGO";"Velocidade incompatível";"Capotamento";"Com Vítimas Feridas";"Plena noite";"Decrescente";"Nublado";"Dupla";"Reta";"Urbano";1;0;1;0;0;0;1;1
83437398;"07/02/16";"Domingo";"15:00:00";"MG";50;"143";"UBERABA";"Velocidade incompatível";"Saída de Pista";"Com Vítimas Feridas";"Pleno dia";"Crescente";"Chuva";"Dupla";"Reta";"Rural";5;0;3;0;2;0;3;1
83437399;"08/02/16";"Segunda";"00:50:00";"SC";101;"147,1";"ITAPEMA";"Outras";"Atropelamento de pessoa";"Com Vítimas Fatais";"Plena noite";"Decrescente";"Nublado";"Dupla";"Curva";"Urbano";2;1;0;0;1;0;0;1
83437400;"03/02/16";"Quarta";"19:36:00";"SP";116;"271,8";"TABOAO DA SERRA";"Falta de atenção";"Colisão lateral";"Com Vítimas Feridas";"Pleno dia";"Crescente";"Ceu Claro";"Dupla";"Reta";"Rural";3;0;0;1;2;0;1;3
83437401;"07/02/16";"Domingo";"22:40:00";"MG";40;"120";"JOAO PINHEIRO";"Velocidade incompatível";"Saída de Pista";"Ignorado";"Plena noite";"Crescente";"Chuva";"Simples";"Cruzamento";"Rural";1;0;0;0;0;1;0;1
83437402;"07/02/16";"Domingo";"20:50:00";"MG";40;"549";"NOVA LIMA";"Velocidade incompatível";"Capotamento";"Com Vítimas Feridas";"Plena noite";"Crescente";"Ceu Claro";"Dupla";"Reta";"Urbano";2;0;0;1;1;0;1;2