"id";"data_inversa";"dia_semana";"horario";"uf";"br";"km";"municipio";"causa_acidente";"tipo_acidente";"classificacao_acidente";"fase_dia";"sentido_via";"condicao_metereologica";"tipo_pista";"tracado_via";"uso_solo";"pessoas";"mortos";"feridos_leves";"feridos_graves";"ilesos";"ignorados";"feridos";"veiculos"
83437403;"04/02/16";"Quinta";"06:40:00";"SP";116;"567,3";"BARRA DO TURVO";"Velocidade incompatível";"Danos Eventuais";"Com Vítimas Feridas";"Plena noite";"Crescente";"Chuva";"Dupla";"Curva";"Rural";1;0;1;0;0;0;1;1
83437405;"03/02/16";"Quarta";"08:30:00";"ES";262;"3,9";"CARIACICA";"Falta de atenção";"Colisão traseira";"Com Vítimas Feridas";"Pleno dia";"Crescente";"Ceu Claro";"Dupla";"Reta";"Urbano";2;0;1;0;0;1;1;2
83437408;"04/02/16";"Quinta";"18:40:00";"RS";290;"128";"ELDORADO DO SUL";"Não guardar distância de segurança";"Colisão traseira";"Com Vítimas Feridas";"Pleno dia";"Crescente";"Ceu Claro";"Simples";"Reta";"Rural";2;0;1;0;1;0;1;2
83437409;"07/02/16";"Domingo";"10:30:00";"RJ";116;"77";"TERESOPOLIS";"Outras";"Colisão traseira";"Com Vítimas Feridas";"Pleno dia";"Crescente";"Ceu Claro";"Simples";"Cruzamento";"Rural";2;0;1;0;1;0;1;2
83437410;"03/02/16";"Quarta";"18:20:00";"CE";20;"426,5";"FORTALEZA";"Outras";"Colisão Transversal";"Com Vítimas Feridas";"Plena noite";"Crescente";"Nublado";"Dupla";"Reta";"Urbano";3;0;1;0;2;0;1;2
83437411;"08/02/16";"Segunda";"02:00:00";"RJ";116;"89";"TERESOPOLIS";"Outras";"Saída de Pista";"Ignorado";"Plena noite";"Decrescente";"Nublado";"Simples";"Cruzamento";"Rural";1;0;0;0;0;1;0;1
83437412;"03/02/16";"Quarta";"21:30:00";"PB";230;"15,1";"CABEDELO";"Outras";"Colisão com objeto fixo";"Com Vítimas Feridas";"Plena noite";"Decrescente";"Nublado";"Dupla";"Reta";"Urbano";1;0;0;1;0;0;1;1
83437414;"06/02/16";"Sábado";"00:15:00";"MG";50;"183,5";"UBERABA";"Falta de atenção";"Colisão traseira";"Sem Vítimas";"Plena noite";"Crescente";"Ceu Claro";"Dupla";"Reta";"Urbano";2;0;0;0;2;0;0;2
83437415;"08/02/16";"Segunda";"06:20:00";"SC";280;"45";"GUARAMIRIM";"Dormindo";"Colisão lateral";"Com Vítimas Feridas";"Amanhecer";"Decrescente";"Nublado";"Simples";"Reta";"Rural";2;0;2;0;0;0;2;2
83437416;"08/02/16";"Segunda";"06:00:00";"SC";470;"107,2";"APIUNA";"Outras";"Colisão com objeto fixo";"Com Vítimas Feridas";"Plena noite";"Decrescente";"Chuva";"Simples";"Curva";"Urbano";1;0;1;0;0;0;1;1
83437417;"05/02/16";"Sexta";"04:00:00";"CE";116;"13";"FORTALEZA";"Outras";"Tombamento";"Com Vítimas Feridas";"Plena noite";"Crescente";"Chuva";"Dupla";"Curva";"Urbano";2;0;1;0;1;0;1;1
83437418;"05/02/16";"Sexta";"07:00:00";"GO";50;"139,8";"IPAMERI";"Dormindo";"Colisão lateral";"Com Vítimas Feridas";"Pleno dia";"Crescente";"Ceu Claro";"Simples";"Reta";"Rural";5;0;4;1;0;0;5;2
83437419;"05/02/16";"Sexta";"05:40:00";"SC";470;"61";"BLUMENAU";"Falta de atenção";"Colisão Transversal";"Com Vítimas Feridas";"Plena noite";"Decrescente";"Ceu Claro";"Simples";"Curva";"Urbano";3;0;1;0;1;1;1;2
83437420;"06/02/16";"Sábado";"08:00:00";"BA";101;"216";"GOVERNADOR MANGABEIRA";"Falta de atenção";"Colisão traseira";"Sem Vítimas";"Pleno dia";"Crescente";"Ceu Claro";"Simples";"Reta";"Rural";5;0;0;0;5;0;0;5
83437421;"03/02/16";"Quarta";"16:17:00";"PE";423;"128";"SALOA";"Falta de atenção";"Colisão lateral";"Sem Vítimas";"Pleno dia";"Crescente";"Ceu Claro";"Simples";"Curva";"Rural";2;0;0;0;2;0;0;2
83437422;"04/02/16";"Quinta";"18:30:00";"SP";116;"223,3";"GUARULHOS";"Velocidade incompatível";"Colisão traseira";"Com Vítimas Feridas";"Pleno dia";"Decrescente";"Ceu Claro";"Múltipla";"Reta";"Urbano";2;0;1;0;0;1;1;2
83437423;"04/02/16";"Quinta";"17:00:00";"MG";40;"745,8";"SANTOS DUMONT";"Outras";"Queda de motocicleta / bicicleta / veículo";"Com Vítimas Feridas";"Pleno dia";"Decrescente";"Ceu Claro";"Simples";"Curva";"Rural";1;0;1;0;0;0;1;1
83437424;"05/02/16";"Sexta";"00:30:00";"MG";50;"135";"UBERABA";"Velocidade incompatível";"Colisão traseira";"Com Vítimas Feridas";"Plena noite";"Decrescente";"Nublado";"Dupla";"Reta";"Rural";3;0;0;2;0;1;2;2
83437425;"05/02/16";"Sexta";"06:35:00";"SP";116;"216,3";"GUARULHOS";"Não guardar distância de segurança";"Colisão traseira";"Com Vítimas Feridas";"Amanhecer";"Crescente";"Ceu Claro";"Múltipla";"Reta";"Urbano";3;0;1;0;2;0;1;3
83437426;"07/02/16";"Domingo";"15:50:00";"SP";116;"180,9";"GUARAREMA";"Falta de atenção";"Colisão com objeto fixo";"Com Vítimas Feridas";"Pleno dia";"Decrescente";"Sol";"Dupla";"Reta";"Rural";2;0;0;1;1;0;1;2
83437427;"08/02/16";"Segunda";"06:55:00";"PR";376;"232";"APUCARANA";"Defeito mecânico em veículo";"Saída de Pista";"Sem Vítimas";"Pleno dia";"Decrescente";"Ceu Claro";"Dupla";"Curva";"Rural";1;0;0;0;1;0;0;1
83437428;"08/02/16";"Segunda";"07:20:00";"SC";101;"84";"BARRA VELHA";"Outras";"Colisão traseira";"Com Vítimas Feridas";"Amanhecer";"Decrescente";"Ceu Claro";"Múltipla";"Reta";"Rural";2;0;2;0;0;0;2;2
83437429;"02/02/16";"Terça";"14:30:00";"PR";116;"100";"SAO JOSE DOS PINHAIS";"Velocidade incompatível";"Saída de Pista";"Sem Vítimas";"Pleno dia";"Decrescente";"Chuva";"Dupla";"Reta";"Rural";1;0;0;0;1;0;0;1
83437430;"07/02/16";"Domingo";"19:30:00";"BA";101;"278";"LAJE";"Falta de atenção";"Queda de motocicleta / bicicleta / veículo";"Com Vítimas Fatais";"Plena noite";"Crescente";"Nublado";"Simples";"Reta";"Urbano";2;1;0;1;0;0;1;2
83437431;"31/01/16";"Domingo";"07:15:00";"SC";280;"24,9";"ARAQUARI";"Falta de atenção";"Colisão lateral";"Com Vítimas Feridas";"Pleno dia";"Decrescente";"Ceu Claro";"Simples";"Reta";"Urbano";2;0;1;0;1;0;1;2
83437432;"08/02/16";"Segunda";"06:55:00";"TO";153;"499,9";"PARAISO DO TOCANTINS";"Outras";"Colisão lateral";"Com Vítimas Feridas";"Amanhecer";"Crescente";"Ceu Claro";"Simples";"Reta";"Rural";3;0;1;1;1;0;2;2
83437433;"08/02/16";"Segunda";"05:50:00";"RJ";101;"220";"SILVA JARDIM";"Outras";"Queda de motocicleta / bicicleta / veículo";"Com Vítimas Feridas";"Plena noite";"Crescente";"Ceu Claro";"Simples";"Reta";"Rural";2;0;1;1;0;0;2;1
83437434;"04/02/16";"Quinta";"17:00:00";"MA";316;"328,8";"BACABAL";"Defeito mecânico em veículo";"Saída de Pista";"Sem Vítimas";"Pleno dia";"Decrescente";"Ceu Claro";"Simples";"Curva";"Rural";1;0;0;0;1;0;0;1
83437435;"08/02/16";"Segunda";"04:50:00";"PE";232;"262,5";"ARCOVERDE";"Animais na Pista";"Atropelamento de animal";"Sem Vítimas";"Amanhecer";"Crescente";"Ceu Claro";"Simples";"Reta";"Rural";1;0;0;0;1;0;0;1
83437436;"05/02/16";"Sexta";"01:00:00";"SE";101;"82";"LARANJEIRAS";"Animais na Pista";"Atropelamento de animal";"Ignorado";"Plena noite";"Decrescente";"Ceu Claro";"Dupla";"Reta";"Rural";1;0;0;0;0;1;0;1
83437437;"30/01/16";"Sábado";"20:15:00";"PR";376;"4,3";"APUCARANA";"Ingestão de álcool";"Colisão Transversal";"Sem Vítimas";"Plena noite";"Crescente";"Ceu Claro";"Simples";"Reta";"Urbano";2;0;0;0;2;0;0;2
83437438;"27/01/16";"Quarta";"13:00:00";"RJ";116;"247,2";"PIRAI";"Outras";"Saída de Pista";"Com Vítimas Feridas";"Pleno dia";"Crescente";"Nublado";"Dupla";"Curva";"Rural";1;0;1;0;0;0;1;1
83437439;"07/02/16";"Domingo";"16:20:00";"BA";420;"278";"UBAIRA";"Falta de atenção";"Colisão traseira";"Com Vítimas Fatais";"Anoitecer";"Crescente";"Nublado";"Simples";"Reta";"Rural";3;1;2;0;0;0;2;2
83437440;"06/02/16";"Sábado";"22:50:00";"PR";277;"74,5";"SAO JOSE DOS PINHAIS";"Ingestão de álcool";"Colisão lateral";"Com Vítimas Feridas";"Plena noite";"Decrescente";"Ceu Claro";"Dupla";"Reta";"Urbano";3;0;1;0;2;0;1;3
83437441;"06/02/16";"Sábado";"21:20:00";"PA";222;"244,2";"MARABA";"Outras";"Colisão frontal";"Sem Vítimas";"Plena noite";"Crescente";"Nublado";"Simples";"Reta";"Urbano";3;0;0;0;2;1;0;2
83437442;"06/02/16";"Sábado";"13:30:00";"MG";381;"388";"BARAO DE COCAIS";"Dormindo";"Colisão frontal";"Com Vítimas Feridas";"Pleno dia";"Crescente";"Sol";"Simples";"Curva";"Rural";2;0;1;0;1;0;1;2
83437443;"08/02/16";"Segunda";"00:30:00";"MS";267;"37,2";"BATAGUASSU";"Ingestão de álcool";"Saída de Pista";"Sem Vítimas";"Plena noite";"Crescente";"Ceu Claro";"Simples";"Reta";"Rural";1;0;0;0;1;0;0;1
83437445;"08/02/16";"Segunda";"00:30:00";"MA";230;"400,5";"BALSAS";"Falta de atenção";"Colisão traseira";"Com Vítimas Feridas";"Plena noite";"Crescente";"Ceu Claro";"Simples";"Reta";"Rural";2;0;1;0;0;1;1;2
83437446;"27/01/16";"Quarta";"22:00:00";"SC";280;"36,8";"ARAQUARI";"Falta de atenção";"Colisão Transversal";"Com Vítimas Feridas";"Plena noite";"Crescente";"Nublado";"Simples";"Curva";"Rural";5;0;4;0;1;0;4;2
83437447;"06/02/16";"Sábado";"00:20:00";"SP";381;"85";"SAO PAULO";"Velocidade incompatível";"Colisão traseira";"Sem Vítimas";"Plena noite";"Crescente";"Nublado";"Múltipla";"Reta";"Urbano";2;0;0;0;2;0;0;2
83437448;"08/02/16";"Segunda";"04:00:00";"RS";471;"155,6";"SANTA CRUZ DO SUL";"Outras";"Colisão frontal";"Com Vítimas Fatais";"Plena noite";"Decrescente";"Ceu Claro";"Simples";"Reta";"Rural";4;1;2;1;0;0;3;2
83437450;"07/02/16";"Domingo";"22:45:00";"PE";232;"352,4";"FLORES";"Velocidade incompatível";"Colisão frontal";"Com Vítimas Fatais";"Plena noite";"Decrescente";"Ceu Claro";"Simples";"Curva";"Rural";6;4;2;0;0;0;2;2
83437452;"07/02/16";"Domingo";"01:45:00";"MT";364;"26";"ALTO ARAGUAIA";"Velocidade incompatível";"Saída de Pista";"Com Vítimas Feridas";"Plena noite";"Decrescente";"Nublado";"Simples";"Reta";"Urbano";1;0;1;0;0;0;1;1
83437453;"06/02/16";"Sábado";"11:50:00";"MG";116;"291";"TEOFILO OTONI";"Não guardar distância de segurança";"Colisão com objeto fixo";"Sem Vítimas";"Pleno dia";"Decrescente";"Ceu Claro";"Simples";"Reta";"Urbano";1;0;0;0;1;0;0;1
83437454;"07/02/16";"Domingo";"06:00:00";"PA";316;"66";"CASTANHAL";"Desobediência à sinalização";"Colisão lateral";"Com Vítimas Feridas";"Amanhecer";"Crescente";"Nublado";"Dupla";"Reta";"Urbano";2;0;0;1;1;0;1;2
83437455;"04/02/16";"Quinta";"12:30:00";"SP";116;"538";"BARRA DO TURVO";"Velocidade incompatível";"Colisão com objeto fixo";"Sem Vítimas";"Pleno dia";"Crescente";"Nublado";"Dupla";"Curva";"Rural";1;0;0;0;1;0;0;1
83437456;"06/02/16";"Sábado";"10:30:00";"PA";230;"120,8";"MARABA";"Desobediência à sinalização";"Colisão lateral";"Com Vítimas Feridas";"Pleno dia";"Decrescente";"Ceu Claro";"Dupla";"Reta";"Urbano";3;0;2;0;0;1;2;2
83437457;"07/02/16";"Domingo";"03:45:00";"BA";116;"460";"SANTO ESTEVAO";"Outras";"Colisão frontal";"Com Vítimas Fatais";"Plena noite";"Decrescente";"Ceu Claro";"Simples";"Reta";"Urbano";3;1;0;0;2;0;0;2
83437458;"08/02/16";"Segunda";"08:20:00";"PE";232;"261,6";"ARCOVERDE";"Outras";"Capotamento";"Sem Vítimas";"Pleno dia";"Crescente";"Ceu Claro";"Simples";"Curva";"Rural";1;0;0;0;1;0;0;1
83437459;"06/02/16";"Sábado";"16:00:00";"PB";230;"139";"CAMPINA GRANDE";"Não guardar distância de segurança";"Saída de Pista";"Sem Vítimas";"Pleno dia";"Decrescente";"Ceu Claro";"Dupla";"Reta";"Rural";1;0;0;0;1;0;0;1
83437460;"31/01/16";"Domingo";"16:00:00";"SP";116;"94";"PINDAMONHANGABA";"Outras";"Colisão traseira";"Com Vítimas Feridas";"Plena noite";"Decrescente";"Ceu Claro";"Dupla";"Reta";"Urbano";3;0;1;0;1;1;1;2
83437461;"04/02/16";"Quinta";"18:15:00";"AM";319;"811";"HUMAITA";"Animais na Pista";"Atropelamento de animal";"Com Vítimas Feridas";"Pleno dia";"Decrescente";"Ceu Claro";"Simples";"Reta";"Rural";1;0;1;0;0;0;1;1
83437462;"06/02/16";"Sábado";"07:10:00";"GO";20;"157,3";"ALVORADA DO NORTE";"Outras";"Colisão frontal";"Com Vítimas Feridas";"Pleno dia";"Decrescente";"Ceu Claro";"Simples";"Reta";"Rural";11;0;2;8;1;0;10;3
83437463;"08/02/16";"Segunda";"03:10:00";"MA";222;"676";"ACAILANDIA";"Falta de atenção";"Colisão lateral";"Com Vítimas Feridas";"Plena noite";"Decrescente";"Ignorada";"Simples";"Reta";"Urbano";3;0;1;0;2;0;1;2
83437464;"04/02/16";"Quinta";"11:40:00";"MG";262;"381";"MATEUS LEME";"Defeito mecânico em veículo";"Incêndio";"Sem Vítimas";"Pleno dia";"Crescente";"Sol";"Dupla";"Reta";"Rural";1;0;0;0;1;0;0;1
83437465;"08/02/16";"Segunda";"10:00:00";"MS";262;"112,1";"AGUA CLARA";"Outras";"Derramamento de Carga";"Sem Vítimas";"Pleno dia";"Decrescente";"Ceu Claro";"Simples";"Reta";"Rural";1;0;0;0;1;0;0;1
83437466;"04/02/16";"Quinta";"21:40:00";"RS";392;"2,8";"RIO GRANDE";"Animais na Pista";"Atropelamento de animal";"Sem Vítimas";"Plena noite";"Decrescente";"Ceu Claro";"Simples";"Reta";"Urbano";2;0;0;0;2;0;0;1
83437467;"08/02/16";"Segunda";"00:05:00";"AC";364;"5";"ACRELANDIA";"Animais na Pista";"Tombamento";"Com Vítimas Feridas";"Plena noite";"Crescente";"Ceu Claro";"Simples";"Reta";"Rural";1;0;0;1;0;0;1;1
83437468;"08/02/16";"Segunda";"08:35:00";"SP";101;"51,5";"UBATUBA";"Desobediência à sinalização";"Colisão traseira";"Com Vítimas Feridas";"Pleno dia";"Decrescente";"Ceu Claro";"Dupla";"Reta";"Urbano";2;0;1;0;1;0;1;2
83437469;"08/02/16";"Segunda";"06:00:00";"PA";316;"7";"ANANINDEUA";"Falta de atenção";"Queda de motocicleta / bicicleta / veículo";"Com Vítimas Feridas";"Pleno dia";"Decrescente";"Ceu Claro";"Simples";"Reta";"Urbano";1;0;1;0;0;0;1;1
83437470;"06/02/16";"Sábado";"07:20:00";"RJ";116;"166";"RIO DE JANEIRO";"Não guardar distância de segurança";"Colisão traseira";"Sem Vítimas";"Pleno dia";"Decrescente";"Sol";"Múltipla";"Reta";"Urbano";2;0;0;0;2;0;0;2
83437473;"07/02/16";"Domingo";"23:00:00";"BA";116;"776";"PLANALTO";"Outras";"Capotamento";"Com Vítimas Feridas";"Plena noite";"Decrescente";"Nublado";"Simples";"Curva";"Rural";1;0;1;0;0;0;1;1
83437474;"08/02/16";"Segunda";"08:30:00";"SP";116;"388,8";"MIRACATU";"Falta de atenção";"Saída de Pista";"Sem Vítimas";"Pleno dia";"Decrescente";"Ceu Claro";"Dupla";"Reta";"Rural";1;0;0;0;1;0;0;1
83437475;"05/02/16";"Sexta";"07:30:00";"RR";174;"504";"BOA VISTA";"Falta de atenção";"Colisão traseira";"Com Vítimas Feridas";"Pleno dia";"Decrescente";"Nublado";"Dupla";"Curva";"Urbano";2;0;0;1;0;1;1;2
83437476;"07/02/16";"Domingo";"05:25:00";"SC";153;"99,8";"CONCORDIA";"Ingestão de álcool";"Colisão Transversal";"Sem Vítimas";"Plena noite";"Crescente";"Nevoeiro/neblina";"Simples";"Reta";"Urbano";2;0;0;0;2;0;0;2
83437477;"03/02/16";"Quarta";"12:00:00";"PA";316;"2";"ANANINDEUA";"Não guardar distância de segurança";"Colisão lateral";"Sem Vítimas";"Pleno dia";"Decrescente";"Sol";"Simples";"Reta";"Urbano";2;0;0;0;2;0;0;2
83437478;"06/02/16";"Sábado";"15:44:00";"PR";116;"63";"CAMPINA GRANDE DO SUL";"Falta de atenção";"Colisão com objeto fixo";"Com Vítimas Feridas";"Pleno dia";"Crescente";"Ceu Claro";"Dupla";"Reta";"Rural";1;0;1;0;0;0;1;1
83437479;"08/02/16";"Segunda";"08:30:00";"SC";480;"127,4";"CHAPECO";"Falta de atenção";"Colisão Transversal";"Sem Vítimas";"Pleno dia";"Decrescente";"Sol";"Simples";"Reta";"Urbano";2;0;0;0;2;0;0;2
83437480;"04/02/16";"Quinta";"20:00:00";"RS";293;"48,5";"CERRITO";"Defeito mecânico em veículo";"Queda de motocicleta / bicicleta / veículo";"Com Vítimas Feridas";"Anoitecer";"Crescente";"Ceu Claro";"Simples";"Reta";"Rural";2;0;2;0;0;0;2;1
83437481;"08/02/16";"Segunda";"04:30:00";"SC";282;"397,3";"JOACABA";"Dormindo";"Saída de Pista";"Sem Vítimas";"Plena noite";"Crescente";"Nublado";"Simples";"Curva";"Rural";1;0;0;0;1;0;0;1
83437482;"08/02/16";"Segunda";"11:00:00";"SP";116;"142,4";"SAO JOSE DOS CAMPOS";"Falta de atenção";"Colisão traseira";"Sem Vítimas";"Pleno dia";"Decrescente";"Sol";"Dupla";"Reta";"Urbano";2;0;0;0;2;0;0;2
83437483;"08/02/16";"Segunda";"13:00:00";"RJ";116;"135";"MAGE";"Falta de atenção";"Colisão com objeto fixo";"Sem Vítimas";"Pleno dia";"Decrescente";"Ceu Claro";"Dupla";"Reta";"Urbano";1;0;0;0;1;0;0;1
83437484;"08/02/16";"Segunda";"09:20:00";"DF";60;"0,1";"BRASILIA";"Falta de atenção";"Atropelamento de pessoa";"Sem Vítimas";"Pleno dia";"Decrescente";"Ceu Claro";"Dupla";"Reta";"Rural";2;0;0;0;1;1;0;1
83437485;"31/01/16";"Domingo";"23:15:00";"RJ";493;"4";"ITABORAI";"Outras";"Saída de Pista";"Com Vítimas Feridas";"Plena noite";"Crescente";"Ceu Claro";"Simples";"Reta";"Rural";1;0;1;0;0;0;1;1
83437486;"05/02/16";"Sexta";"07:00:00";"ES";101;"309,4";"VIANA";"Falta de atenção";"Colisão lateral";"Com Vítimas Feridas";"Pleno dia";"Crescente";"Ceu Claro";"Simples";"Reta";"Rural";2;0;0;1;1;0;1;2
83437487;"08/02/16";"Segunda";"05:00:00";"MS";262;"344";"CAMPO GRANDE";"Ingestão de álcool";"Saída de Pista";"Sem Vítimas";"Plena noite";"Decrescente";"Ceu Claro";"Simples";"Curva";"Rural";1;0;0;0;1;0;0;1
83437488;"08/02/16";"Segunda";"12:30:00";"GO";153;"48,3";"PORANGATU";"Defeito na via";"Saída de Pista";"Sem Vítimas";"Pleno dia";"Decrescente";"Sol";"Simples";"Reta";"Urbano";1;0;0;0;1;0;0;1
83437489;"30/01/16";"Sábado";"04:00:00";"MG";135;"412";"BOCAIUVA";"Ingestão de álcool";"Colisão traseira";"Sem Vítimas";"Plena noite";"Decrescente";"Ceu Claro";"Simples";"Reta";"Urbano";2;0;0;0;2;0;0;2
83437491;"08/02/16";"Segunda";"12:00:00";"PR";476;"330,3";"PAULA FREITAS";"Velocidade incompatível";"Saída de Pista";"Sem Vítimas";"Pleno dia";"Crescente";"Nublado";"Simples";"Reta";"Rural";1;0;0;0;1;0;0;1
83437493;"08/02/16";"Segunda";"12:30:00";"GO";40;"61,7";"CRISTALINA";"Defeito mecânico em veículo";"Saída de Pista";"Com Vítimas Feridas";"Pleno dia";"Decrescente";"Ceu Claro";"Simples";"Curva";"Urbano";2;0;0;1;1;0;1;1
83437494;"04/02/16";"Quinta";"16:40:00";"SP";116;"211";"GUARULHOS";"Defeito mecânico em veículo";"Danos Eventuais";"Sem Vítimas";"Pleno dia";"Crescente";"Nublado";"Múltipla";"Reta";"Urbano";2;0;0;0;2;0;0;2
83437495;"08/02/16";"Segunda";"10:20:00";"MG";153;"193,1";"FRUTAL";"Defeito mecânico em veículo";"Saída de Pista";"Sem Vítimas";"Pleno dia";"Crescente";"Nublado";"Simples";"Reta";"Rural";2;0;0;0;2;0;0;1
83437496;"08/02/16";"Segunda";"07:30:00";"PR";369;"154,4";"LONDRINA";"Falta de atenção";"Colisão traseira";"Com Vítimas Feridas";"Pleno dia";"Decrescente";"Sol";"Múltipla";"Reta";"Urbano";5;0;2;0;3;0;2;3
83437497;"07/02/16";"Domingo";"06:30:00";"PR";158;"506,6";"CORONEL VIVIDA";"Falta de atenção";"Saída de Pista";"Com Vítimas Feridas";"Amanhecer";"Crescente";"Ceu Claro";"Simples";"Curva";"Rural";1;0;1;0;0;0;1;1
83437498;"04/02/16";"Quinta";"10:40:00";"SP";116;"221";"GUARULHOS";"Falta de atenção";"Colisão lateral";"Com Vítimas Feridas";"Pleno dia";"Crescente";"Sol";"Múltipla";"Reta";"Urbano";2;0;1;0;1;0;1;2
83437499;"07/02/16";"Domingo";"00:45:00";"PR";158;"201,7";"PEABIRU";"Outras";"Saída de Pista";"Com Vítimas Fatais";"Plena noite";"Decrescente";"Chuva";"Dupla";"Curva";"Rural";5;1;3;1;0;0;4;1
83437500;"08/02/16";"Segunda";"10:52:00";"MT";163;"97";"RONDONOPOLIS";"Outras";"Tombamento";"Com Vítimas Feridas";"Pleno dia";"Decrescente";"Ceu Claro";"Dupla";"Reta";"Rural";1;0;1;0;0;0;1;1
83437501;"04/02/16";"Quinta";"22:00:00";"MG";262;"456,5";"NOVA SERRANA";"Velocidade incompatível";"Capotamento";"Sem Vítimas";"Plena noite";"Crescente";"Chuva";"Simples";"Reta";"Rural";2;0;0;0;2;0;0;1
83437502;"08/02/16";"Segunda";"07:40:00";"MG";381;"938,5";"EXTREMA";"Velocidade incompatível";"Tombamento";"Sem Vítimas";"Amanhecer";"Crescente";"Ceu Claro";"Dupla";"Curva";"Rural";1;0;0;0;1;0;0;1
83437503;"05/02/16";"Sexta";"02:34:00";"RJ";101;"176";"MACAE";"Falta de atenção";"Colisão frontal";"Com Vítimas Fatais";"Plena noite";"Decrescente";"Ceu Claro";"Simples";"Curva";"Rural";4;1;0;0;3;0;0;2
83437504;"08/02/16";"Segunda";"14:30:00";"GO";60;"460,3";"JATAI";"Velocidade incompatível";"Saída de Pista";"Sem Vítimas";"Pleno dia";"Crescente";"Chuva";"Dupla";"Curva";"Rural";2;0;0;0;2;0;0;1
83437505;"08/02/16";"Segunda";"07:00:00";"MT";163;"837";"SINOP";"Desobediência à sinalização";"Colisão Transversal";"Com Vítimas Feridas";"Pleno dia";"Crescente";"Ceu Claro";"Dupla";"Reta";"Urbano";3;0;1;2;0;0;3;2
83437507;"08/02/16";"Segunda";"14:30:00";"ES";101;"46,9";"CONCEICAO DA BARRA";"Defeito mecânico em veículo";"Queda de motocicleta / bicicleta / veículo";"Com Vítimas Feridas";"Pleno dia";"Crescente";"Sol";"Simples";"Reta";"Rural";2;0;1;1;0;0;2;1
83437508;"08/02/16";"Segunda";"11:30:00";"CE";116;"451,8";"BARRO";"Defeito na via";"Queda de motocicleta / bicicleta / veículo";"Com Vítimas Feridas";"Pleno dia";"Decrescente";"Ceu Claro";"Simples";"Reta";"Rural";1;0;1;0;0;0;1;1
83437510;"07/02/16";"Domingo";"03:00:00";"MS";163;"842";"SONORA";"Falta de atenção";"Colisão lateral";"Com Vítimas Fatais";"Plena noite";"Crescente";"Nublado";"Simples";"Reta";"Rural";2;1;0;0;1;0;0;2
83437511;"08/02/16";"Segunda";"14:00:00";"RJ";101;"319";"NITEROI";"Outras";"Colisão com objeto fixo";"Sem Vítimas";"Pleno dia";"Crescente";"Sol";"Dupla";"Reta";"Urbano";1;0;0;0;1;0;0;1
83437512;"04/02/16";"Quinta";"10:50:00";"SP";381;"37";"ATIBAIA";"Não guardar distância de segurança";"Colisão lateral";"Sem Vítimas";"Pleno dia";"Decrescente";"Ceu Claro";"Múltipla";"Reta";"Urbano";2;0;0;0;2;0;0;2
83437513;"05/02/16";"Sexta";"12:00:00";"PB";230;"408";"POMBAL";"Desobediência à sinalização";"Colisão Transversal";"Com Vítimas Feridas";"Pleno dia";"Crescente";"Ceu Claro";"Simples";"Reta";"Urbano";3;0;2;0;1;0;2;2
83437514;"08/02/16";"Segunda";"12:45:00";"MG";40;"799";"JUIZ DE FORA";"Velocidade incompatível";"Colisão com objeto fixo";"Sem Vítimas";"Pleno dia";"Crescente";"Ceu Claro";"Dupla";"Curva";"Rural";1;0;0;0;1;0;0;1
83437515;"08/02/16";"Segunda";"13:00:00";"RJ";101;"271";"TANGUA";"Outras";"Colisão com objeto fixo";"Sem Vítimas";"Pleno dia";"Decrescente";"Ceu Claro";"Dupla";"Cruzamento";"Urbano";1;0;0;0;1;0;0;1
83437516;"08/02/16";"Segunda";"10:50:00";"PI";343;"264,5";"CAMPO MAIOR";"Falta de atenção";"Colisão lateral";"Sem Vítimas";"Pleno dia";"Crescente";"Ceu Claro";"Simples";"Reta";"Urbano";2;0;0;0;2;0;0;2
83437517;"04/02/16";"Quinta";"23:00:00";"PI";135;"450,5";"MONTE ALEGRE DO PIAUI";"Defeito na via";"Tombamento";"Com Vítimas Feridas";"Plena noite";"Decrescente";"Ceu Claro";"Simples";"Curva";"Rural";1;0;1;0;0;0;1;1
83437518;"08/02/16";"Segunda";"13:20:00";"SP";116;"293";"ITAPECERICA DA SERRA";"Não guardar distância de segurança";"Colisão traseira";"Com Vítimas Feridas";"Pleno dia";"Decrescente";"Ceu Claro";"Dupla";"Curva";"Rural";6;0;3;0;3;0;3;2
83437519;"08/02/16";"Segunda";"13:00:00";"RS";116;"235,8";"NOVO HAMBURGO";"Outras";"Colisão traseira";"Sem Vítimas";"Pleno dia";"Decrescente";"Sol";"Simples";"Reta";"Urbano";2;0;0;0;2;0;0;2
83437520;"08/02/16";"Segunda";"15:40:00";"RS";285;"292,8";"PASSO FUNDO";"Defeito mecânico em veículo";"Capotamento";"Sem Vítimas";"Pleno dia";"Crescente";"Sol";"Simples";"Cruzamento";"Urbano";1;0;0;0;1;0;0;1
83437521;"08/02/16";"Segunda";"14:18:00";"SP";116;"485,8";"CAJATI";"Defeito mecânico em veículo";"Colisão traseira";"Sem Vítimas";"Pleno dia";"Crescente";"Ceu Claro";"Dupla";"Reta";"Urbano";2;0;0;0;2;0;0;2
83437522;"05/02/16";"Sexta";"11:00:00";"PA";10;"132";"PARAGOMINAS";"Outras";"Saída de Pista";"Com Vítimas Feridas";"Pleno dia";"Crescente";"Ceu Claro";"Simples";"Reta";"Rural";3;0;2;0;1;0;2;1