"id";"data_inversa";"dia_semana";"horario";"uf";"br";"km";"municipio";"causa_acidente";"tipo_acidente";"classificacao_acidente";"fase_dia";"sentido_via";"condicao_metereologica";"tipo_pista";"tracado_via";"uso_solo";"pessoas";"mortos";"feridos_leves";"feridos_graves";"ilesos";"ignorados";"feridos";"veiculos"
83437863;"08/02/16";"Segunda";"06:30:00";"GO";153;"563,5";"PROFESSOR JAMIL";"Defeito na via";"Saída de Pista";"Sem Vítimas";"Amanhecer";"Decrescente";"Chuva";"Dupla";"Reta";"Rural";1;0;0;0;1;0;0;1
83437864;"09/02/16";"Terça";"21:40:00";"RS";386;"438";"NOVA SANTA RITA";"Outras";"Atropelamento de pessoa";"Com Vítimas Feridas";"Plena noite";"Decrescente";"Ceu Claro";"Dupla";"Reta";"Urbano";2;0;1;0;0;1;1;1
83437865;"05/02/16";"Sexta";"15:50:00";"MG";40;"505,5";"RIBEIRAO DAS NEVES";"Defeito mecânico em veículo";"Queda de motocicleta / bicicleta / veículo";"Com Vítimas Feridas";"Pleno dia";"Crescente";"Ceu Claro";"Dupla";"Reta";"Urbano";1;0;1;0;0;0;1;1
83437866;"09/02/16";"Terça";"18:50:00";"MG";381;"310";"ANTONIO DIAS";"Falta de atenção";"Colisão traseira";"Sem Vítimas";"Anoitecer";"Crescente";"Ceu Claro";"Simples";"Curva";"Urbano";2;0;0;0;2;0;0;2
83437867;"09/02/16";"Terça";"22:00:00";"RS";116;"146,9";"CAXIAS DO SUL";"Desobediência à sinalização";"Colisão frontal";"Com Vítimas Feridas";"Plena noite";"Crescente";"Nublado";"Dupla";"Reta";"Urbano";3;0;1;1;1;0;2;2
83437868;"09/02/16";"Terça";"13:45:00";"MA";10;"198";"RIBAMAR FIQUENE";"Outras";"Capotamento";"Com Vítimas Feridas";"Pleno dia";"Decrescente";"Sol";"Simples";"Reta";"Rural";1;0;0;1;0;0;1;1
83437869;"09/02/16";"Terça";"07:50:00";"RS";290;"65";"GRAVATAI";"Falta de atenção";"Saída de Pista";"Sem Vítimas";"Pleno dia";"Crescente";"Ceu Claro";"Dupla";"Reta";"Rural";1;0;0;0;1;0;0;1
83437870;"09/02/16";"Terça";"19:50:00";"MG";40;"509";"RIBEIRAO DAS NEVES";"Não guardar distância de segurança";"Colisão traseira";"Com Vítimas Feridas";"Anoitecer";"Crescente";"Ceu Claro";"Dupla";"Reta";"Rural";3;0;1;0;2;0;1;2
83437871;"09/02/16";"Terça";"20:10:00";"BA";407;"2,9";"JUAZEIRO";"Desobediência à sinalização";"Colisão frontal";"Com Vítimas Fatais";"Plena noite";"Crescente";"Ignorada";"Simples";"Cruzamento";"Urbano";2;1;1;0;0;0;1;2
83437872;"09/02/16";"Terça";"21:20:00";"PR";277;"531,1";"CAMPO BONITO";"Desobediência à sinalização";"Colisão Transversal";"Com Vítimas Fatais";"Plena noite";"Decrescente";"Nublado";"Simples";"Cruzamento";"Rural";6;2;0;1;3;0;1;2
83437873;"05/02/16";"Sexta";"20:00:00";"RS";290;"74";"GRAVATAI";"Falta de atenção";"Colisão traseira";"Sem Vítimas";"Anoitecer";"Decrescente";"Ceu Claro";"Múltipla";"Reta";"Urbano";2;0;0;0;2;0;0;2
83437874;"05/02/16";"Sexta";"22:45:00";"SE";101;"91,5";"NOSSA SENHORA DO SOCORRO";"Não guardar distância de segurança";"Atropelamento de pessoa";"Com Vítimas Feridas";"Plena noite";"Decrescente";"Nublado";"Dupla";"Reta";"Urbano";3;0;2;1;0;0;3;1
83437875;"09/02/16";"Terça";"18:50:00";"CE";20;"203";"BOA VIAGEM";"Animais na Pista";"Atropelamento de animal";"Com Vítimas Feridas";"Plena noite";"Decrescente";"Ceu Claro";"Simples";"Reta";"Urbano";2;0;1;1;0;0;2;1
83437877;"09/02/16";"Terça";"11:30:00";"PA";308;"199";"BRAGANCA";"Falta de atenção";"Saída de Pista";"Com Vítimas Feridas";"Pleno dia";"Decrescente";"Ceu Claro";"Simples";"Reta";"Rural";1;0;1;0;0;0;1;1
83437878;"09/02/16";"Terça";"12:45:00";"GO";60;"18";"SANTO ANTONIO DO DESCOBERTO";"Não guardar distância de segurança";"Colisão traseira";"Com Vítimas Feridas";"Pleno dia";"Decrescente";"Ceu Claro";"Dupla";"Reta";"Urbano";2;0;0;1;1;0;1;2
83437879;"09/02/16";"Terça";"16:00:00";"MT";364;"303,6";"JACIARA";"Ultrapassagem indevida";"Colisão lateral";"Com Vítimas Fatais";"Pleno dia";"Decrescente";"Nublado";"Simples";"Reta";"Rural";8;3;0;2;3;0;2;3
83437880;"09/02/16";"Terça";"13:30:00";"PI";343;"113";"PIRACURUCA";"Outras";"Saída de Pista";"Sem Vítimas";"Pleno dia";"Crescente";"Ceu Claro";"Simples";"Reta";"Rural";2;0;0;0;2;0;0;2
83437881;"09/02/16";"Terça";"22:00:00";"BA";367;"45";"PORTO SEGURO";"Outras";"Saída de Pista";"Com Vítimas Feridas";"Plena noite";"Decrescente";"Ceu Claro";"Simples";"Curva";"Rural";3;0;2;0;0;1;2;2
83437882;"09/02/16";"Terça";"17:30:00";"GO";50;"271,1";"CATALAO";"Falta de atenção";"Queda de motocicleta / bicicleta / veículo";"Com Vítimas Feridas";"Pleno dia";"Crescente";"Nublado";"Simples";"Reta";"Rural";2;0;2;0;0;0;2;1
83437883;"09/02/16";"Terça";"20:50:00";"RS";158;"133";"CONDOR";"Defeito mecânico em veículo";"Saída de Pista";"Com Vítimas Feridas";"Plena noite";"Crescente";"Ceu Claro";"Simples";"Reta";"Rural";4;0;2;1;1;0;3;1
83437884;"09/02/16";"Terça";"17:10:00";"SC";101;"204";"SAO JOSE";"Falta de atenção";"Colisão traseira";"Sem Vítimas";"Pleno dia";"Crescente";"Chuva";"Múltipla";"Reta";"Urbano";2;0;0;0;2;0;0;2
83437885;"09/02/16";"Terça";"20:40:00";"PB";101;"74,3";"SANTA RITA";"Outras";"Colisão com objeto fixo";"Com Vítimas Feridas";"Plena noite";"Decrescente";"Ceu Claro";"Dupla";"Curva";"Rural";2;0;0;2;0;0;2;1
83437887;"09/02/16";"Terça";"17:35:00";"AC";364;"125";"RIO BRANCO";"Falta de atenção";"Colisão lateral";"Sem Vítimas";"Anoitecer";"Crescente";"Ceu Claro";"Dupla";"Reta";"Urbano";6;0;0;0;6;0;0;2
83437888;"10/02/16";"Quarta";"00:20:00";"RJ";116;"223";"PIRAI";"Outras";"Colisão com objeto fixo";"Sem Vítimas";"Plena noite";"Decrescente";"Ceu Claro";"Simples";"Curva";"Urbano";1;0;0;0;1;0;0;1
83437890;"09/02/16";"Terça";"23:15:00";"PE";232;"103,2";"BEZERROS";"Animais na Pista";"Atropelamento de animal";"Com Vítimas Feridas";"Plena noite";"Crescente";"Ceu Claro";"Dupla";"Reta";"Rural";3;0;2;0;1;0;2;1
83437891;"09/02/16";"Terça";"21:10:00";"MG";116;"686,6";"MURIAE";"Ingestão de álcool";"Colisão frontal";"Com Vítimas Fatais";"Plena noite";"Decrescente";"Nublado";"Simples";"Curva";"Rural";3;1;0;0;2;0;0;2
83437892;"06/02/16";"Sábado";"06:45:00";"MG";365;"631";"UBERLANDIA";"Velocidade incompatível";"Saída de Pista";"Ignorado";"Amanhecer";"Crescente";"Ceu Claro";"Dupla";"Curva";"Urbano";1;0;0;0;0;1;0;1
83437893;"09/02/16";"Terça";"15:30:00";"RO";364;"132,9";"PIMENTA BUENO";"Falta de atenção";"Colisão lateral";"Sem Vítimas";"Pleno dia";"Decrescente";"Nublado";"Simples";"Reta";"Rural";3;0;0;0;3;0;0;3
83437894;"10/02/16";"Quarta";"00:20:00";"SC";101;"208";"SAO JOSE";"Ingestão de álcool";"Colisão traseira";"Sem Vítimas";"Plena noite";"Crescente";"Nublado";"Múltipla";"Reta";"Urbano";2;0;0;0;1;1;0;2
83437895;"09/02/16";"Terça";"22:30:00";"MT";70;"528";"VARZEA GRANDE";"Ingestão de álcool";"Colisão lateral";"Com Vítimas Feridas";"Plena noite";"Decrescente";"Ceu Claro";"Simples";"Reta";"Urbano";4;0;1;0;3;0;1;2
83437896;"09/02/16";"Terça";"23:30:00";"CE";222;"5,5";"CAUCAIA";"Ingestão de álcool";"Colisão com objeto fixo";"Com Vítimas Feridas";"Plena noite";"Crescente";"Ceu Claro";"Dupla";"Curva";"Urbano";1;0;0;1;0;0;1;1
83437897;"10/02/16";"Quarta";"00:00:00";"RJ";101;"519";"ANGRA DOS REIS";"Outras";"Queda de motocicleta / bicicleta / veículo";"Com Vítimas Feridas";"Plena noite";"Crescente";"Ceu Claro";"Simples";"Curva";"Urbano";1;0;0;1;0;0;1;1
83437898;"09/02/16";"Terça";"23:00:00";"PB";361;"18";"SANTA TERESINHA";"Animais na Pista";"Atropelamento de animal";"Com Vítimas Feridas";"Plena noite";"Crescente";"Ceu Claro";"Simples";"Reta";"Rural";5;0;3;1;1;0;4;2
83437899;"10/02/16";"Quarta";"01:00:00";"PR";469;"15,1";"FOZ DO IGUACU";"Ingestão de álcool";"Colisão Transversal";"Com Vítimas Feridas";"Plena noite";"Crescente";"Nublado";"Múltipla";"Curva";"Rural";2;0;1;0;0;1;1;2
83437900;"09/02/16";"Terça";"19:30:00";"MG";381;"442";"SABARA";"Falta de atenção";"Colisão traseira";"Com Vítimas Feridas";"Plena noite";"Crescente";"Nublado";"Simples";"Reta";"Rural";4;0;2;0;2;0;2;2
83437901;"09/02/16";"Terça";"22:00:00";"SC";163;"120,6";"DIONISIO CERQUEIRA";"Velocidade incompatível";"Colisão frontal";"Com Vítimas Feridas";"Plena noite";"Decrescente";"Ceu Claro";"Simples";"Curva";"Rural";2;0;0;1;0;1;1;2
83437902;"09/02/16";"Terça";"23:20:00";"MG";116;"476,1";"TARUMIRIM";"Falta de atenção";"Tombamento";"Sem Vítimas";"Plena noite";"Decrescente";"Nublado";"Simples";"Reta";"Rural";1;0;0;0;1;0;0;1
83437903;"09/02/16";"Terça";"20:50:00";"RO";364;"519";"ARIQUEMES";"Ingestão de álcool";"Queda de motocicleta / bicicleta / veículo";"Com Vítimas Feridas";"Plena noite";"Decrescente";"Ceu Claro";"Simples";"Cruzamento";"Urbano";2;0;2;0;0;0;2;1
83437904;"09/02/16";"Terça";"08:30:00";"MT";364;"347";"SANTO ANTONIO DO LEVERGER";"Defeito mecânico em veículo";"Colisão traseira";"Sem Vítimas";"Pleno dia";"Crescente";"Ceu Claro";"Dupla";"Reta";"Rural";2;0;0;0;2;0;0;2
83437905;"05/02/16";"Sexta";"20:40:00";"PE";423;"63,3";"LAJEDO";"Ingestão de álcool";"Colisão traseira";"Com Vítimas Feridas";"Plena noite";"Decrescente";"Ceu Claro";"Simples";"Reta";"Rural";2;0;1;0;1;0;1;2
83437906;"09/02/16";"Terça";"21:45:00";"PR";116;"98,4";"SAO JOSE DOS PINHAIS";"Falta de atenção";"Colisão lateral";"Com Vítimas Feridas";"Plena noite";"Crescente";"Chuva";"Dupla";"Reta";"Urbano";4;0;2;0;2;0;2;2
83437907;"09/02/16";"Terça";"15:40:00";"PB";412;"31,6";"SAO JOAO DO CARIRI";"Dormindo";"Saída de Pista";"Com Vítimas Feridas";"Pleno dia";"Crescente";"Ceu Claro";"Simples";"Reta";"Rural";2;0;1;1;0;0;2;1
83437908;"06/02/16";"Sábado";"04:30:00";"SC";101;"345,1";"TUBARAO";"Ingestão de álcool";"Saída de Pista";"Com Vítimas Feridas";"Plena noite";"Decrescente";"Nublado";"Dupla";"Curva";"Rural";2;0;0;1;1;0;1;1
83437909;"10/02/16";"Quarta";"01:30:00";"TO";153;"135";"ARAGUAINA";"Defeito na via";"Tombamento";"Com Vítimas Feridas";"Plena noite";"Crescente";"Ceu Claro";"Dupla";"Reta";"Urbano";1;0;1;0;0;0;1;1
83437910;"09/02/16";"Terça";"15:45:00";"RS";293;"15,2";"CAPAO DO LEAO";"Falta de atenção";"Colisão Transversal";"Sem Vítimas";"Pleno dia";"Crescente";"Ceu Claro";"Simples";"Cruzamento";"Urbano";2;0;0;0;2;0;0;2
83437911;"09/02/16";"Terça";"16:40:00";"PB";230;"187,2";"POCINHOS";"Falta de atenção";"Colisão traseira";"Com Vítimas Feridas";"Pleno dia";"Decrescente";"Ceu Claro";"Simples";"Reta";"Rural";3;0;1;0;2;0;1;2
83437912;"09/02/16";"Terça";"15:35:00";"PR";369;"435";"UBIRATA";"Outras";"Capotamento";"Com Vítimas Feridas";"Pleno dia";"Decrescente";"Chuva";"Simples";"Reta";"Rural";1;0;0;1;0;0;1;1
83437913;"09/02/16";"Terça";"07:20:00";"PB";101;"50,9";"MAMANGUAPE";"Desobediência à sinalização";"Colisão Transversal";"Com Vítimas Feridas";"Pleno dia";"Crescente";"Ceu Claro";"Dupla";"Reta";"Rural";2;0;0;1;1;0;1;2
83437914;"02/02/16";"Terça";"18:20:00";"GO";60;"89";"ANAPOLIS";"Falta de atenção";"Colisão traseira";"Com Vítimas Feridas";"Pleno dia";"Crescente";"Chuva";"Dupla";"Reta";"Urbano";3;0;2;1;0;0;3;2
83437915;"09/02/16";"Terça";"20:30:00";"PA";316;"15,2";"MARITUBA";"Não guardar distância de segurança";"Colisão traseira";"Com Vítimas Feridas";"Plena noite";"Decrescente";"Nublado";"Dupla";"Reta";"Urbano";4;0;1;0;3;0;1;4
83437916;"06/02/16";"Sábado";"07:20:00";"RJ";101;"67";"CAMPOS DOS GOYTACAZES";"Falta de atenção";"Colisão traseira";"Com Vítimas Feridas";"Pleno dia";"Decrescente";"Ceu Claro";"Simples";"Reta";"Urbano";4;0;2;0;2;0;2;3
83437917;"09/02/16";"Terça";"22:55:00";"RN";304;"24";"MOSSORO";"Ingestão de álcool";"Saída de Pista";"Sem Vítimas";"Plena noite";"Crescente";"Ceu Claro";"Dupla";"Curva";"Rural";1;0;0;0;1;0;0;1
83437918;"10/02/16";"Quarta";"02:00:00";"PA";230;"116,7";"MARABA";"Ingestão de álcool";"Colisão Transversal";"Ignorado";"Plena noite";"Decrescente";"Ceu Claro";"Dupla";"Reta";"Urbano";3;0;0;0;0;3;0;2
83437919;"09/02/16";"Terça";"22:10:00";"MG";116;"395,4";"GOVERNADOR VALADARES";"Ultrapassagem indevida";"Colisão lateral";"Com Vítimas Feridas";"Plena noite";"Crescente";"Ceu Claro";"Simples";"Curva";"Rural";3;0;0;1;2;0;1;3
83437920;"09/02/16";"Terça";"22:10:00";"PR";376;"535";"PALMEIRA";"Outras";"Saída de Pista";"Com Vítimas Feridas";"Plena noite";"Decrescente";"Ceu Claro";"Dupla";"Reta";"Rural";5;0;1;1;3;0;2;1
83437921;"09/02/16";"Terça";"15:50:00";"RS";470;"203,3";"BENTO GONCALVES";"Defeito mecânico em veículo";"Colisão frontal";"Com Vítimas Feridas";"Pleno dia";"Crescente";"Chuva";"Simples";"Reta";"Rural";4;0;3;1;0;0;4;2
83437922;"10/02/16";"Quarta";"05:00:00";"MG";116;"521,4";"CARATINGA";"Falta de atenção";"Colisão com objeto fixo";"Sem Vítimas";"Plena noite";"Crescente";"Ceu Claro";"Múltipla";"Cruzamento";"Rural";1;0;0;0;1;0;0;1
83437923;"10/02/16";"Quarta";"04:45:00";"PR";277;"7";"PARANAGUA";"Velocidade incompatível";"Saída de Pista";"Sem Vítimas";"Plena noite";"Crescente";"Nublado";"Simples";"Curva";"Rural";1;0;0;0;1;0;0;1
83437924;"09/02/16";"Terça";"08:40:00";"PR";369;"502,7";"CORBELIA";"Velocidade incompatível";"Saída de Pista";"Com Vítimas Feridas";"Pleno dia";"Decrescente";"Ceu Claro";"Simples";"Reta";"Rural";1;0;1;0;0;0;1;1
83437925;"09/02/16";"Terça";"21:30:00";"PB";230;"383,5";"SAO BENTINHO";"Velocidade incompatível";"Saída de Pista";"Sem Vítimas";"Plena noite";"Crescente";"Chuva";"Simples";"Reta";"Rural";1;0;0;0;1;0;0;1
83437926;"09/02/16";"Terça";"16:45:00";"CE";116;"172";"RUSSAS";"Velocidade incompatível";"Saída de Pista";"Com Vítimas Feridas";"Pleno dia";"Decrescente";"Chuva";"Simples";"Reta";"Rural";3;0;1;0;2;0;1;1
83437927;"10/02/16";"Quarta";"05:50:00";"RS";116;"521,7";"PELOTAS";"Desobediência à sinalização";"Colisão traseira";"Sem Vítimas";"Amanhecer";"Decrescente";"Ceu Claro";"Dupla";"Reta";"Urbano";3;0;0;0;3;0;0;2
83437928;"10/02/16";"Quarta";"05:35:00";"SP";381;"87";"SAO PAULO";"Falta de atenção";"Capotamento";"Com Vítimas Feridas";"Plena noite";"Crescente";"Nublado";"Múltipla";"Reta";"Urbano";1;0;0;1;0;0;1;1
83437930;"09/02/16";"Terça";"16:00:00";"PA";10;"143";"PARAGOMINAS";"Falta de atenção";"Saída de Pista";"Com Vítimas Feridas";"Pleno dia";"Crescente";"Ceu Claro";"Simples";"Reta";"Rural";4;0;2;0;2;0;2;1
83437931;"06/02/16";"Sábado";"00:10:00";"PR";487;"171";"CAMPO MOURAO";"Animais na Pista";"Atropelamento de animal";"Com Vítimas Feridas";"Plena noite";"Crescente";"Ceu Claro";"Simples";"Reta";"Urbano";3;0;0;3;0;0;3;1
83437932;"04/02/16";"Quinta";"07:00:00";"SP";116;"147";"SAO JOSE DOS CAMPOS";"Não guardar distância de segurança";"Colisão traseira";"Sem Vítimas";"Pleno dia";"Crescente";"Ceu Claro";"Múltipla";"Reta";"Rural";3;0;0;0;2;1;0;3
83437933;"09/02/16";"Terça";"20:30:00";"RS";116;"481,8";"TURUCU";"Falta de atenção";"Colisão Transversal";"Com Vítimas Feridas";"Plena noite";"Decrescente";"Ceu Claro";"Simples";"Reta";"Urbano";3;0;1;0;2;0;1;2
83437934;"09/02/16";"Terça";"16:40:00";"RJ";116;"106";"GUAPIMIRIM";"Outras";"Colisão traseira";"Sem Vítimas";"Pleno dia";"Decrescente";"Ceu Claro";"Dupla";"Curva";"Rural";2;0;0;0;2;0;0;2
83437935;"05/02/16";"Sexta";"09:00:00";"SC";101;"206";"SAO JOSE";"Falta de atenção";"Colisão traseira";"Com Vítimas Feridas";"Pleno dia";"Crescente";"Ceu Claro";"Dupla";"Reta";"Urbano";4;0;1;0;3;0;1;3
83437936;"06/02/16";"Sábado";"12:50:00";"GO";153;"499,5";"GOIANIA";"Falta de atenção";"Colisão Transversal";"Sem Vítimas";"Pleno dia";"Crescente";"Nublado";"Dupla";"Reta";"Urbano";3;0;0;0;3;0;0;3
83437937;"06/02/16";"Sábado";"13:00:00";"GO";40;"1,1";"VALPARAISO DE GOIAS";"Falta de atenção";"Colisão lateral";"Com Vítimas Feridas";"Pleno dia";"Crescente";"Ceu Claro";"Dupla";"Reta";"Urbano";3;0;1;0;2;0;1;2
83437938;"10/02/16";"Quarta";"06:00:00";"SC";101;"419";"ARARANGUA";"Falta de atenção";"Colisão lateral";"Sem Vítimas";"Plena noite";"Crescente";"Ceu Claro";"Dupla";"Reta";"Urbano";2;0;0;0;2;0;0;2
83437940;"05/02/16";"Sexta";"14:30:00";"PI";343;"217,7";"CAPITAO DE CAMPOS";"Ingestão de álcool";"Colisão traseira";"Sem Vítimas";"Pleno dia";"Crescente";"Sol";"Simples";"Curva";"Rural";2;0;0;0;2;0;0;2
83437941;"07/02/16";"Domingo";"08:40:00";"BA";116;"307,3";"TUCANO";"Desobediência à sinalização";"Colisão Transversal";"Com Vítimas Feridas";"Pleno dia";"Decrescente";"Sol";"Simples";"Reta";"Rural";4;0;1;2;1;0;3;2
83437942;"10/02/16";"Quarta";"07:00:00";"SP";116;"302";"SAO LOURENCO DA SERRA";"Velocidade incompatível";"Colisão com objeto fixo";"Sem Vítimas";"Pleno dia";"Decrescente";"Ceu Claro";"Dupla";"Curva";"Rural";1;0;0;0;1;0;0;1
83437944;"06/02/16";"Sábado";"17:25:00";"SC";116;"266,7";"CAPAO ALTO";"Outras";"Colisão lateral";"Com Vítimas Feridas";"Pleno dia";"Crescente";"Ceu Claro";"Simples";"Reta";"Rural";2;0;1;0;1;0;1;2
83437946;"06/02/16";"Sábado";"17:30:00";"SP";116;"153";"SAO JOSE DOS CAMPOS";"Outras";"Colisão traseira";"Sem Vítimas";"Pleno dia";"Crescente";"Chuva";"Dupla";"Reta";"Urbano";2;0;0;0;2;0;0;2
83437947;"06/02/16";"Sábado";"20:10:00";"RS";116;"388,1";"CAMAQUA";"Defeito mecânico em veículo";"Saída de Pista";"Com Vítimas Feridas";"Pleno dia";"Decrescente";"Ceu Claro";"Simples";"Reta";"Rural";1;0;1;0;0;0;1;1
83437948;"09/02/16";"Terça";"02:55:00";"PR";277;"206,6";"PALMEIRA";"Outras";"Saída de Pista";"Com Vítimas Feridas";"Plena noite";"Crescente";"Chuva";"Simples";"Reta";"Urbano";2;0;1;0;1;0;1;1
83437949;"10/02/16";"Quarta";"01:00:00";"RJ";40;"113";"DUQUE DE CAXIAS";"Outras";"Queda de motocicleta / bicicleta / veículo";"Com Vítimas Feridas";"Plena noite";"Decrescente";"Ceu Claro";"Dupla";"Reta";"Urbano";2;0;2;0;0;0;2;1
83437950;"06/02/16";"Sábado";"09:45:00";"SP";381;"13,5";"BRAGANCA PAULISTA";"Falta de atenção";"Colisão traseira";"Com Vítimas Feridas";"Pleno dia";"Decrescente";"Nublado";"Dupla";"Reta";"Rural";3;0;2;0;1;0;2;2
83437951;"10/02/16";"Quarta";"05:30:00";"PE";423;"63,7";"LAJEDO";"Outras";"Tombamento";"Com Vítimas Feridas";"Pleno dia";"Decrescente";"Ceu Claro";"Simples";"Reta";"Rural";4;0;1;1;2;0;2;1
83437952;"10/02/16";"Quarta";"08:20:00";"SC";470;"128";"LONTRAS";"Falta de atenção";"Colisão lateral";"Sem Vítimas";"Pleno dia";"Crescente";"Ceu Claro";"Simples";"Reta";"Urbano";2;0;0;0;2;0;0;2
83437953;"02/02/16";"Terça";"07:50:00";"MG";262;"464,8";"BOM DESPACHO";"Ultrapassagem indevida";"Capotamento";"Com Vítimas Feridas";"Pleno dia";"Decrescente";"Sol";"Simples";"Reta";"Rural";3;0;3;0;0;0;3;1
83437954;"10/02/16";"Quarta";"06:10:00";"RS";293;"371,5";"SANTANA DO LIVRAMENTO";"Ultrapassagem indevida";"Saída de Pista";"Sem Vítimas";"Amanhecer";"Decrescente";"Nevoeiro/neblina";"Simples";"Reta";"Rural";1;0;0;0;1;0;0;1
83437955;"07/02/16";"Domingo";"06:00:00";"RS";153;"42";"ERECHIM";"Ingestão de álcool";"Colisão Transversal";"Sem Vítimas";"Plena noite";"Decrescente";"Nublado";"Múltipla";"Reta";"Rural";2;0;0;0;2;0;0;2
83437956;"06/02/16";"Sábado";"20:15:00";"RN";226;"12";"MACAIBA";"Ingestão de álcool";"Colisão traseira";"Sem Vítimas";"Plena noite";"Crescente";"Ceu Claro";"Simples";"Reta";"Urbano";2;0;0;0;2;0;0;2
83437957;"05/02/16";"Sexta";"15:30:00";"PE";232;"440,1";"SERRA TALHADA";"Não guardar distância de segurança";"Colisão traseira";"Sem Vítimas";"Pleno dia";"Crescente";"Ceu Claro";"Simples";"Reta";"Rural";3;0;0;0;3;0;0;2
83437958;"06/02/16";"Sábado";"22:00:00";"DF";20;"7";"BRASILIA";"Outras";"Colisão com bicicleta";"Com Vítimas Feridas";"Plena noite";"Crescente";"Ceu Claro";"Dupla";"Reta";"Urbano";2;0;0;1;1;0;1;2
83437960;"07/02/16";"Domingo";"01:30:00";"MG";381;"752,9";"TRES CORACOES";"Ingestão de álcool";"Saída de Pista";"Com Vítimas Fatais";"Plena noite";"Crescente";"Ceu Claro";"Dupla";"Curva";"Rural";3;1;2;0;0;0;2;1
83437961;"06/02/16";"Sábado";"14:30:00";"RN";304;"295";"MACAIBA";"Não guardar distância de segurança";"Colisão traseira";"Com Vítimas Feridas";"Pleno dia";"Decrescente";"Ceu Claro";"Simples";"Reta";"Rural";2;0;1;0;1;0;1;2
83437962;"10/02/16";"Quarta";"07:35:00";"RS";116;"151,3";"CAXIAS DO SUL";"Não guardar distância de segurança";"Colisão lateral";"Sem Vítimas";"Pleno dia";"Decrescente";"Ceu Claro";"Dupla";"Reta";"Urbano";2;0;0;0;2;0;0;2
83437964;"07/02/16";"Domingo";"07:00:00";"SC";282;"249";"SAO JOSE DO CERRITO";"Outras";"Saída de Pista";"Com Vítimas Feridas";"Amanhecer";"Crescente";"Nevoeiro/neblina";"Simples";"Reta";"Rural";4;0;3;0;1;0;3;1
83437965;"06/02/16";"Sábado";"03:00:00";"RJ";116;"102";"GUAPIMIRIM";"Falta de atenção";"Queda de motocicleta / bicicleta / veículo";"Com Vítimas Feridas";"Plena noite";"Decrescente";"Ceu Claro";"Dupla";"Curva";"Urbano";2;0;2;0;0;0;2;1
83437966;"10/02/16";"Quarta";"00:00:00";"RJ";116;"101";"GUAPIMIRIM";"Ingestão de álcool";"Capotamento";"Com Vítimas Feridas";"Anoitecer";"Crescente";"Ceu Claro";"Simples";"Curva";"Rural";1;0;1;0;0;0;1;1
83437967;"10/02/16";"Quarta";"08:40:00";"RS";116;"615,9";"ARROIO GRANDE";"Defeito mecânico em veículo";"Saída de Pista";"Sem Vítimas";"Pleno dia";"Decrescente";"Ceu Claro";"Simples";"Reta";"Rural";2;0;0;0;2;0;0;1
83437968;"10/02/16";"Quarta";"03:00:00";"MA";316;"559,4";"CAXIAS";"Dormindo";"Saída de Pista";"Com Vítimas Feridas";"Plena noite";"Crescente";"Ceu Claro";"Simples";"Reta";"Rural";2;0;1;0;1;0;1;1
83437969;"06/02/16";"Sábado";"19:00:00";"RS";116;"558,6";"PEDRO OSORIO";"Outras";"Colisão Transversal";"Com Vítimas Fatais";"Pleno dia";"Crescente";"Ceu Claro";"Simples";"Reta";"Rural";8;1;2;0;5;0;2;3
83437970;"07/02/16";"Domingo";"05:30:00";"RS";116;"397";"CAMAQUA";"Ingestão de álcool";"Saída de Pista";"Sem Vítimas";"Plena noite";"Crescente";"Nublado";"Simples";"Reta";"Urbano";1;0;0;0;1;0;0;1
83437971;"07/02/16";"Domingo";"00:05:00";"GO";153;"610,5";"MORRINHOS";"Ingestão de álcool";"Colisão frontal";"Com Vítimas Feridas";"Plena noite";"Decrescente";"Ceu Claro";"Simples";"Reta";"Rural";2;0;0;1;1;0;1;2
83437972;"07/02/16";"Domingo";"02:30:00";"ES";101;"310";"VIANA";"Velocidade incompatível";"Capotamento";"Com Vítimas Feridas";"Plena noite";"Decrescente";"Ceu Claro";"Simples";"Curva";"Urbano";3;0;1;1;1;0;2;2
83437973;"06/02/16";"Sábado";"18:30:00";"MA";10;"240";"IMPERATRIZ";"Outras";"Colisão frontal";"Com Vítimas Feridas";"Anoitecer";"Crescente";"Ceu Claro";"Simples";"Reta";"Rural";3;0;1;1;0;1;2;2
83437974;"07/02/16";"Domingo";"18:50:00";"BA";116;"357,1";"SERRINHA";"Outras";"Colisão traseira";"Com Vítimas Feridas";"Plena noite";"Crescente";"Ceu Claro";"Dupla";"Reta";"Urbano";2;0;0;1;1;0;1;2
83437975;"10/01/16";"Domingo";"04:30:00";"MG";135;"609,9";"CURVELO";"Ultrapassagem indevida";"Colisão frontal";"Com Vítimas Fatais";"Plena noite";"Decrescente";"Nublado";"Simples";"Curva";"Rural";3;2;1;0;0;0;1;2
83437976;"10/02/16";"Quarta";"07:00:00";"BA";101;"719,5";"EUNAPOLIS";"Não guardar distância de segurança";"Colisão lateral";"Sem Vítimas";"Pleno dia";"Decrescente";"Ceu Claro";"Simples";"Reta";"Urbano";2;0;0;0;2;0;0;2
83437977;"10/02/16";"Quarta";"08:40:00";"PR";376;"671";"GUARATUBA";"Outras";"Incêndio";"Sem Vítimas";"Pleno dia";"Crescente";"Ceu Claro";"Múltipla";"Reta";"Rural";1;0;0;0;1;0;0;1