"id";"data_inversa";"dia_semana";"horario";"uf";"br";"km";"municipio";"causa_acidente";"tipo_acidente";"classificacao_acidente";"fase_dia";"sentido_via";"condicao_metereologica";"tipo_pista";"tracado_via";"uso_solo";"pessoas";"mortos";"feridos_leves";"feridos_graves";"ilesos";"ignorados";"feridos";"veiculos"
83438096;"04/02/16";"Quinta";"15:30:00";"MG";459;"32,5";"CALDAS";"Velocidade incompatível";"Colisão frontal";"Com Vítimas Fatais";"Pleno dia";"Crescente";"Chuva";"Simples";"Curva";"Rural";6;3;0;3;0;0;3;2
83438097;"09/02/16";"Terça";"15:10:00";"MA";316;"600,5";"TIMON";"Falta de atenção";"Colisão Transversal";"Sem Vítimas";"Pleno dia";"Decrescente";"Ceu Claro";"Simples";"Reta";"Rural";2;0;0;0;2;0;0;2
83438098;"10/02/16";"Quarta";"12:40:00";"PR";467;"86,6";"CASCAVEL";"Outras";"Saída de Pista";"Com Vítimas Feridas";"Pleno dia";"Crescente";"Ceu Claro";"Dupla";"Reta";"Urbano";1;0;0;1;0;0;1;1
83438099;"09/02/16";"Terça";"20:00:00";"RJ";356;"167,3";"SAO JOAO DA BARRA";"Ingestão de álcool";"Colisão frontal";"Com Vítimas Fatais";"Plena noite";"Decrescente";"Ceu Claro";"Simples";"Curva";"Rural";5;2;0;3;0;0;3;2
83438100;"10/02/16";"Quarta";"13:45:00";"MS";267;"479,7";"JARDIM";"Ingestão de álcool";"Colisão traseira";"Sem Vítimas";"Pleno dia";"Decrescente";"Ceu Claro";"Simples";"Reta";"Urbano";2;0;0;0;2;0;0;2
83438101;"10/02/16";"Quarta";"17:15:00";"SC";280;"58,1";"GUARAMIRIM";"Falta de atenção";"Colisão Transversal";"Com Vítimas Feridas";"Pleno dia";"Decrescente";"Nublado";"Simples";"Reta";"Urbano";2;0;0;1;1;0;1;2
83438102;"10/02/16";"Quarta";"16:30:00";"PR";116;"114";"CURITIBA";"Falta de atenção";"Colisão traseira";"Sem Vítimas";"Pleno dia";"Decrescente";"Chuva";"Dupla";"Reta";"Rural";5;0;0;0;4;1;0;5
83438103;"06/02/16";"Sábado";"11:45:00";"MG";381;"496";"BETIM";"Outras";"Queda de motocicleta / bicicleta / veículo";"Com Vítimas Feridas";"Pleno dia";"Decrescente";"Ceu Claro";"Dupla";"Reta";"Urbano";2;0;2;0;0;0;2;1
83438104;"06/02/16";"Sábado";"21:00:00";"BA";324;"362";"CAPIM GROSSO";"Ingestão de álcool";"Colisão traseira";"Com Vítimas Feridas";"Plena noite";"Decrescente";"Ceu Claro";"Simples";"Reta";"Rural";3;0;2;1;0;0;3;2
83438105;"06/02/16";"Sábado";"16:00:00";"MG";262;"559";"CORREGO DANTA";"Outras";"Tombamento";"Sem Vítimas";"Pleno dia";"Crescente";"Ceu Claro";"Simples";"Curva";"Rural";1;0;0;0;1;0;0;1
83438106;"06/02/16";"Sábado";"19:20:00";"MG";40;"510";"RIBEIRAO DAS NEVES";"Falta de atenção";"Colisão traseira";"Com Vítimas Feridas";"Plena noite";"Crescente";"Ceu Claro";"Dupla";"Reta";"Rural";2;0;0;1;1;0;1;2
83438107;"10/02/16";"Quarta";"15:45:00";"SC";101;"397,6";"MARACAJA";"Outras";"Saída de Pista";"Sem Vítimas";"Pleno dia";"Decrescente";"Sol";"Dupla";"Reta";"Rural";1;0;0;0;1;0;0;1
83438108;"10/02/16";"Quarta";"16:55:00";"SC";280;"127,5";"RIO NEGRINHO";"Falta de atenção";"Colisão frontal";"Com Vítimas Feridas";"Pleno dia";"Decrescente";"Ceu Claro";"Simples";"Reta";"Urbano";2;0;2;0;0;0;2;2
83438109;"08/02/16";"Segunda";"20:30:00";"MG";262;"71,2";"MATIPO";"Falta de atenção";"Colisão frontal";"Com Vítimas Fatais";"Plena noite";"Decrescente";"Ceu Claro";"Simples";"Reta";"Rural";7;2;4;0;1;0;4;2
83438110;"04/02/16";"Quinta";"11:00:00";"RJ";493;"8";"GUAPIMIRIM";"Não guardar distância de segurança";"Colisão traseira";"Sem Vítimas";"Pleno dia";"Crescente";"Sol";"Simples";"Reta";"Urbano";2;0;0;0;2;0;0;2
83438112;"10/02/16";"Quarta";"15:30:00";"RJ";495;"27";"PETROPOLIS";"Não guardar distância de segurança";"Colisão lateral";"Com Vítimas Feridas";"Pleno dia";"Crescente";"Ceu Claro";"Simples";"Reta";"Urbano";2;0;0;1;1;0;1;2
83438113;"07/02/16";"Domingo";"21:30:00";"GO";153;"434";"ANAPOLIS";"Outras";"Colisão lateral";"Com Vítimas Feridas";"Plena noite";"Crescente";"Ceu Claro";"Dupla";"Reta";"Urbano";2;0;1;0;1;0;1;2
83438115;"10/02/16";"Quarta";"17:30:00";"MA";230;"404";"BALSAS";"Desobediência à sinalização";"Colisão lateral";"Com Vítimas Feridas";"Pleno dia";"Decrescente";"Ceu Claro";"Simples";"Cruzamento";"Urbano";2;0;1;0;0;1;1;2
83438116;"10/02/16";"Quarta";"15:30:00";"SC";470;"124,8";"IBIRAMA";"Ultrapassagem indevida";"Colisão lateral";"Sem Vítimas";"Pleno dia";"Crescente";"Sol";"Simples";"Curva";"Urbano";2;0;0;0;2;0;0;2
83438117;"10/02/16";"Quarta";"17:30:00";"MG";381;"413,9";"NOVA UNIAO";"Outras";"Colisão Transversal";"Sem Vítimas";"Pleno dia";"Crescente";"Sol";"Simples";"Curva";"Rural";2;0;0;0;2;0;0;2
83438118;"10/02/16";"Quarta";"13:55:00";"PR";376;"194,7";"MARIALVA";"Outras";"Saída de Pista";"Com Vítimas Feridas";"Pleno dia";"Crescente";"Chuva";"Dupla";"Curva";"Rural";2;0;2;0;0;0;2;1
83438119;"10/02/16";"Quarta";"14:20:00";"SE";235;"29,2";"AREIA BRANCA";"Dormindo";"Colisão lateral";"Com Vítimas Feridas";"Pleno dia";"Decrescente";"Ceu Claro";"Simples";"Curva";"Rural";3;0;1;0;2;0;1;2
83438120;"10/02/16";"Quarta";"13:30:00";"TO";153;"630,6";"ALIANCA DO TOCANTINS";"Falta de atenção";"Colisão traseira";"Com Vítimas Feridas";"Pleno dia";"Decrescente";"Sol";"Simples";"Reta";"Rural";4;0;1;2;1;0;3;2
83438121;"06/02/16";"Sábado";"23:30:00";"MG";262;"819";"UBERABA";"Defeito mecânico em veículo";"Queda de motocicleta / bicicleta / veículo";"Com Vítimas Feridas";"Plena noite";"Crescente";"Nublado";"Dupla";"Curva";"Rural";1;0;1;0;0;0;1;1
83438122;"10/02/16";"Quarta";"15:00:00";"GO";60;"82,3";"ANAPOLIS";"Outras";"Colisão Transversal";"Sem Vítimas";"Pleno dia";"Decrescente";"Ceu Claro";"Dupla";"Reta";"Rural";2;0;0;0;2;0;0;2
83438123;"10/02/16";"Quarta";"12:30:00";"PE";101;"89";"JABOATAO DOS GUARARAPES";"Outras";"Colisão traseira";"Com Vítimas Feridas";"Pleno dia";"Decrescente";"Ceu Claro";"Dupla";"Reta";"Urbano";2;0;1;0;1;0;1;2
83438124;"07/02/16";"Domingo";"03:40:00";"MG";381;"507";"SAO JOAQUIM DE BICAS";"Velocidade incompatível";"Capotamento";"Com Vítimas Feridas";"Plena noite";"Decrescente";"Ceu Claro";"Dupla";"Reta";"Urbano";2;0;0;1;1;0;1;1
83438125;"10/02/16";"Quarta";"15:10:00";"SC";280;"54,1";"GUARAMIRIM";"Não guardar distância de segurança";"Colisão traseira";"Sem Vítimas";"Pleno dia";"Crescente";"Nublado";"Simples";"Reta";"Urbano";2;0;0;0;2;0;0;2
83438126;"10/02/16";"Quarta";"18:15:00";"RS";290;"26";"SANTO ANTONIO DA PATRULHA";"Animais na Pista";"Saída de Pista";"Sem Vítimas";"Pleno dia";"Crescente";"Ceu Claro";"Múltipla";"Reta";"Rural";2;0;0;0;2;0;0;1
83438127;"06/02/16";"Sábado";"15:05:00";"RO";364;"521";"ARIQUEMES";"Falta de atenção";"Colisão traseira";"Com Vítimas Fatais";"Pleno dia";"Decrescente";"Ceu Claro";"Simples";"Reta";"Rural";2;1;0;0;1;0;0;2
83438128;"10/02/16";"Quarta";"16:20:00";"BA";116;"450";"SANTO ESTEVAO";"Outras";"Atropelamento de pessoa";"Com Vítimas Feridas";"Pleno dia";"Crescente";"Sol";"Dupla";"Reta";"Urbano";2;0;0;1;1;0;1;1
83438129;"10/02/16";"Quarta";"18:00:00";"RS";290;"106,4";"ELDORADO DO SUL";"Outras";"Capotamento";"Sem Vítimas";"Pleno dia";"Decrescente";"Sol";"Dupla";"Reta";"Urbano";3;0;0;0;3;0;0;1
83438130;"10/02/16";"Quarta";"09:05:00";"MG";40;"527,1";"CONTAGEM";"Defeito mecânico em veículo";"Atropelamento de pessoa";"Com Vítimas Fatais";"Pleno dia";"Crescente";"Sol";"Dupla";"Curva";"Urbano";2;1;0;0;0;1;0;1
83438131;"10/02/16";"Quarta";"18:15:00";"PE";101;"46";"IGARASSU";"Animais na Pista";"Atropelamento de animal";"Com Vítimas Feridas";"Anoitecer";"Decrescente";"Ceu Claro";"Dupla";"Reta";"Urbano";1;0;1;0;0;0;1;1
83438133;"10/02/16";"Quarta";"18:20:00";"MG";116;"760";"LEOPOLDINA";"Falta de atenção";"Colisão traseira";"Sem Vítimas";"Pleno dia";"Crescente";"Ceu Claro";"Simples";"Reta";"Urbano";2;0;0;0;2;0;0;2
83438134;"10/02/16";"Quarta";"18:00:00";"GO";60;"6";"APARECIDA DE GOIANIA";"Falta de atenção";"Colisão lateral";"Sem Vítimas";"Anoitecer";"Crescente";"Chuva";"Dupla";"Reta";"Urbano";2;0;0;0;2;0;0;2
83438135;"10/02/16";"Quarta";"15:15:00";"BA";101;"244";"CONCEICAO DO ALMEIDA";"Outras";"Colisão traseira";"Sem Vítimas";"Pleno dia";"Crescente";"Sol";"Simples";"Reta";"Rural";2;0;0;0;2;0;0;2
83438137;"10/02/16";"Quarta";"16:50:00";"PR";376;"307,8";"MAUA DA SERRA";"Velocidade incompatível";"Saída de Pista";"Sem Vítimas";"Pleno dia";"Decrescente";"Chuva";"Dupla";"Curva";"Rural";1;0;0;0;1;0;0;1
83438138;"10/02/16";"Quarta";"19:00:00";"RS";116;"184";"NOVA PETROPOLIS";"Não guardar distância de segurança";"Colisão traseira";"Sem Vítimas";"Pleno dia";"Crescente";"Ceu Claro";"Simples";"Curva";"Urbano";2;0;0;0;2;0;0;2
83438139;"10/02/16";"Quarta";"15:30:00";"MT";174;"260";"PONTES E LACERDA";"Falta de atenção";"Saída de Pista";"Sem Vítimas";"Pleno dia";"Decrescente";"Chuva";"Simples";"Curva";"Rural";4;0;0;0;4;0;0;1
83438140;"10/02/16";"Quarta";"15:30:00";"SP";116;"417";"JUQUIA";"Velocidade incompatível";"Colisão com objeto fixo";"Sem Vítimas";"Pleno dia";"Crescente";"Chuva";"Dupla";"Curva";"Rural";1;0;0;0;1;0;0;1
83438142;"10/02/16";"Quarta";"17:00:00";"SP";116;"428,7";"REGISTRO";"Velocidade incompatível";"Saída de Pista";"Sem Vítimas";"Pleno dia";"Crescente";"Chuva";"Dupla";"Curva";"Rural";1;0;0;0;1;0;0;1
83438143;"10/02/16";"Quarta";"17:05:00";"SP";116;"428,7";"REGISTRO";"Velocidade incompatível";"Saída de Pista";"Sem Vítimas";"Pleno dia";"Crescente";"Chuva";"Dupla";"Curva";"Rural";2;0;0;0;2;0;0;2
83438144;"10/02/16";"Quarta";"17:10:00";"SP";116;"428,9";"REGISTRO";"Falta de atenção";"Colisão traseira";"Sem Vítimas";"Pleno dia";"Crescente";"Chuva";"Dupla";"Curva";"Rural";3;0;0;0;3;0;0;3
83438145;"10/02/16";"Quarta";"16:40:00";"AC";364;"125";"RIO BRANCO";"Outras";"Saída de Pista";"Sem Vítimas";"Pleno dia";"Crescente";"Chuva";"Simples";"Reta";"Urbano";3;0;0;0;3;0;0;1
83438146;"10/02/16";"Quarta";"16:10:00";"PR";376;"652";"TIJUCAS DO SUL";"Falta de atenção";"Saída de Pista";"Sem Vítimas";"Pleno dia";"Decrescente";"Chuva";"Dupla";"Reta";"Urbano";1;0;0;0;1;0;0;1
83438147;"06/02/16";"Sábado";"17:30:00";"SP";116;"186";"SANTA ISABEL";"Falta de atenção";"Colisão com objeto fixo";"Sem Vítimas";"Pleno dia";"Crescente";"Ceu Claro";"Dupla";"Curva";"Rural";1;0;0;0;1;0;0;1
83438148;"10/02/16";"Quarta";"15:50:00";"AL";101;"65";"MESSIAS";"Outras";"Saída de Pista";"Com Vítimas Feridas";"Pleno dia";"Crescente";"Ceu Claro";"Simples";"Curva";"Rural";1;0;0;1;0;0;1;1
83438149;"10/02/16";"Quarta";"19:30:00";"SP";116;"61";"GUARATINGUETA";"Defeito mecânico em veículo";"Colisão com objeto fixo";"Sem Vítimas";"Plena noite";"Crescente";"Nublado";"Dupla";"Reta";"Urbano";1;0;0;0;1;0;0;1
83438150;"07/02/16";"Domingo";"06:30:00";"GO";153;"572";"MORRINHOS";"Ingestão de álcool";"Colisão traseira";"Sem Vítimas";"Pleno dia";"Crescente";"Ceu Claro";"Dupla";"Reta";"Rural";4;0;0;0;4;0;0;2
83438151;"10/02/16";"Quarta";"17:20:00";"PR";376;"596,1";"CURITIBA";"Não guardar distância de segurança";"Colisão com objeto fixo";"Sem Vítimas";"Pleno dia";"Crescente";"Chuva";"Dupla";"Reta";"Urbano";1;0;0;0;1;0;0;1
83438152;"10/02/16";"Quarta";"15:00:00";"ES";101;"392,3";"RIO NOVO DO SUL";"Falta de atenção";"Colisão lateral";"Com Vítimas Feridas";"Pleno dia";"Decrescente";"Sol";"Simples";"Reta";"Rural";2;0;1;0;1;0;1;2
83438153;"10/02/16";"Quarta";"15:00:00";"PR";369;"150,1";"LONDRINA";"Não guardar distância de segurança";"Colisão traseira";"Com Vítimas Feridas";"Pleno dia";"Decrescente";"Chuva";"Dupla";"Reta";"Urbano";3;0;1;0;2;0;1;3
83438154;"07/02/16";"Domingo";"00:10:00";"PA";316;"161";"CAPANEMA";"Falta de atenção";"Colisão Transversal";"Com Vítimas Feridas";"Plena noite";"Crescente";"Nublado";"Simples";"Reta";"Rural";2;0;1;0;1;0;1;2
83438155;"10/02/16";"Quarta";"13:00:00";"SE";235;"6";"NOSSA SENHORA DO SOCORRO";"Falta de atenção";"Colisão lateral";"Com Vítimas Feridas";"Pleno dia";"Decrescente";"Sol";"Múltipla";"Reta";"Urbano";3;0;2;0;1;0;2;2
83438157;"10/02/16";"Quarta";"15:20:00";"PA";163;"998";"SANTAREM";"Falta de atenção";"Colisão Transversal";"Com Vítimas Feridas";"Pleno dia";"Decrescente";"Sol";"Simples";"Reta";"Urbano";6;0;2;0;4;0;2;2
83438158;"10/02/16";"Quarta";"10:30:00";"MG";267;"216,6";"ARANTINA";"Falta de atenção";"Colisão Transversal";"Com Vítimas Fatais";"Pleno dia";"Decrescente";"Ceu Claro";"Simples";"Reta";"Rural";6;1;1;3;1;0;4;2
83438159;"10/02/16";"Quarta";"18:15:00";"MG";381;"494,5";"BETIM";"Defeito mecânico em veículo";"Queda de motocicleta / bicicleta / veículo";"Com Vítimas Feridas";"Pleno dia";"Decrescente";"Sol";"Dupla";"Reta";"Urbano";2;0;2;0;0;0;2;1
83438160;"10/02/16";"Quarta";"16:10:00";"PE";232;"251";"ARCOVERDE";"Falta de atenção";"Colisão traseira";"Com Vítimas Feridas";"Pleno dia";"Crescente";"Chuva";"Simples";"Reta";"Rural";7;0;1;5;1;0;6;2
83438161;"10/02/16";"Quarta";"15:50:00";"PR";277;"31";"MORRETES";"Velocidade incompatível";"Tombamento";"Sem Vítimas";"Pleno dia";"Decrescente";"Chuva";"Dupla";"Curva";"Rural";1;0;0;0;1;0;0;1
83438162;"10/02/16";"Quarta";"20:00:00";"PR";277;"66";"SAO JOSE DOS PINHAIS";"Velocidade incompatível";"Saída de Pista";"Sem Vítimas";"Plena noite";"Decrescente";"Chuva";"Dupla";"Reta";"Urbano";1;0;0;0;1;0;0;1
83438163;"10/02/16";"Quarta";"17:30:00";"RS";472;"474,3";"ITAQUI";"Falta de atenção";"Colisão traseira";"Sem Vítimas";"Pleno dia";"Crescente";"Ceu Claro";"Simples";"Reta";"Rural";2;0;0;0;2;0;0;2
83438164;"10/02/16";"Quarta";"19:30:00";"MA";10;"155,5";"PORTO FRANCO";"Desobediência à sinalização";"Colisão Transversal";"Sem Vítimas";"Plena noite";"Crescente";"Ceu Claro";"Múltipla";"Reta";"Urbano";3;0;0;0;3;0;0;2
83438165;"10/02/16";"Quarta";"17:10:00";"BA";110;"237";"OLINDINA";"Defeito na via";"Capotamento";"Com Vítimas Feridas";"Pleno dia";"Crescente";"Ceu Claro";"Simples";"Reta";"Rural";5;0;3;1;1;0;4;1
83438166;"10/02/16";"Quarta";"19:30:00";"PR";277;"5";"PARANAGUA";"Dormindo";"Saída de Pista";"Sem Vítimas";"Anoitecer";"Crescente";"Chuva";"Dupla";"Reta";"Urbano";1;0;0;0;1;0;0;1
83438167;"10/02/16";"Quarta";"19:00:00";"CE";304;"64";"ARACATI";"Desobediência à sinalização";"Colisão Transversal";"Sem Vítimas";"Plena noite";"Crescente";"Ceu Claro";"Simples";"Reta";"Rural";2;0;0;0;2;0;0;2
83438168;"10/02/16";"Quarta";"18:00:00";"MS";463;"21";"DOURADOS";"Defeito mecânico em veículo";"Queda de motocicleta / bicicleta / veículo";"Com Vítimas Feridas";"Pleno dia";"Decrescente";"Ceu Claro";"Simples";"Reta";"Rural";2;0;0;2;0;0;2;1
83438169;"10/02/16";"Quarta";"15:25:00";"RO";364;"236,3";"CACOAL";"Outras";"Atropelamento de pessoa";"Com Vítimas Feridas";"Pleno dia";"Crescente";"Chuva";"Simples";"Reta";"Urbano";3;0;1;0;2;0;1;1
83438170;"10/02/16";"Quarta";"18:05:00";"MT";364;"242,5";"JUSCIMEIRA";"Falta de atenção";"Colisão traseira";"Sem Vítimas";"Pleno dia";"Decrescente";"Sol";"Simples";"Reta";"Rural";3;0;0;0;3;0;0;3
83438171;"10/02/16";"Quarta";"17:30:00";"PR";116;"155";"MANDIRITUBA";"Velocidade incompatível";"Colisão Transversal";"Com Vítimas Feridas";"Pleno dia";"Decrescente";"Chuva";"Simples";"Curva";"Rural";3;0;2;0;1;0;2;3
83438172;"10/02/16";"Quarta";"21:15:00";"PR";476;"195";"LAPA";"Velocidade incompatível";"Colisão com objeto fixo";"Sem Vítimas";"Plena noite";"Crescente";"Chuva";"Simples";"Reta";"Rural";1;0;0;0;1;0;0;1
83438173;"10/02/16";"Quarta";"16:00:00";"PE";104;"78";"CARUARU";"Falta de atenção";"Colisão traseira";"Sem Vítimas";"Pleno dia";"Decrescente";"Nublado";"Simples";"Reta";"Rural";2;0;0;0;2;0;0;2
83438174;"10/02/16";"Quarta";"11:30:00";"AL";424;"101,4";"SATUBA";"Defeito mecânico em veículo";"Tombamento";"Sem Vítimas";"Pleno dia";"Decrescente";"Ceu Claro";"Simples";"Curva";"Rural";1;0;0;0;1;0;0;1
83438175;"07/02/16";"Domingo";"00:20:00";"PR";376;"182,7";"SARANDI";"Desobediência à sinalização";"Colisão Transversal";"Com Vítimas Feridas";"Plena noite";"Crescente";"Ceu Claro";"Dupla";"Cruzamento";"Urbano";2;0;1;0;1;0;1;2
83438176;"10/02/16";"Quarta";"18:30:00";"MG";381;"408,9";"NOVA UNIAO";"Outras";"Atropelamento de pessoa";"Com Vítimas Feridas";"Pleno dia";"Crescente";"Ceu Claro";"Simples";"Curva";"Urbano";2;0;0;1;1;0;1;1
83438177;"10/02/16";"Quarta";"19:30:00";"RS";285;"437,5";"BOZANO";"Não guardar distância de segurança";"Colisão traseira";"Sem Vítimas";"Pleno dia";"Crescente";"Sol";"Simples";"Reta";"Rural";2;0;0;0;2;0;0;2
83438178;"10/02/16";"Quarta";"17:30:00";"SC";470;"66";"INDAIAL";"Falta de atenção";"Colisão traseira";"Com Vítimas Feridas";"Pleno dia";"Crescente";"Chuva";"Simples";"Reta";"Urbano";4;0;1;0;2;1;1;4
83438179;"10/02/16";"Quarta";"13:20:00";"ES";262;"179,7";"IBATIBA";"Desobediência à sinalização";"Colisão Transversal";"Com Vítimas Feridas";"Pleno dia";"Crescente";"Ceu Claro";"Simples";"Curva";"Rural";2;0;1;0;1;0;1;2
83438180;"10/02/16";"Quarta";"18:30:00";"AC";364;"105";"RIO BRANCO";"Animais na Pista";"Atropelamento de animal";"Com Vítimas Feridas";"Plena noite";"Decrescente";"Ceu Claro";"Simples";"Reta";"Rural";2;0;2;0;0;0;2;1
83438181;"10/02/16";"Quarta";"06:40:00";"SC";101;"393,3";"CRICIUMA";"Dormindo";"Colisão traseira";"Sem Vítimas";"Amanhecer";"Crescente";"Ceu Claro";"Dupla";"Reta";"Rural";2;0;0;0;2;0;0;2
83438182;"09/02/16";"Terça";"20:30:00";"RJ";40;"31,9";"AREAL";"Dormindo";"Capotamento";"Com Vítimas Feridas";"Plena noite";"Crescente";"Ceu Claro";"Dupla";"Curva";"Rural";2;0;2;0;0;0;2;1
83438183;"10/02/16";"Quarta";"22:00:00";"SP";153;"58,8";"SAO JOSE DO RIO PRETO";"Falta de atenção";"Colisão Transversal";"Com Vítimas Feridas";"Plena noite";"Decrescente";"Ceu Claro";"Simples";"Cruzamento";"Urbano";2;0;1;0;1;0;1;2
83438185;"10/02/16";"Quarta";"11:30:00";"MS";163;"510,7";"JARAGUARI";"Outras";"Saída de Pista";"Sem Vítimas";"Pleno dia";"Crescente";"Sol";"Simples";"Reta";"Rural";2;0;0;0;1;1;0;2
83438187;"10/02/16";"Quarta";"18:50:00";"PB";104;"149,6";"QUEIMADAS";"Falta de atenção";"Colisão lateral";"Com Vítimas Feridas";"Plena noite";"Crescente";"Nublado";"Simples";"Cruzamento";"Rural";2;0;1;0;1;0;1;2
83438188;"10/02/16";"Quarta";"17:40:00";"SC";282;"406,7";"CATANDUVAS";"Velocidade incompatível";"Colisão com objeto fixo";"Sem Vítimas";"Pleno dia";"Crescente";"Sol";"Simples";"Cruzamento";"Urbano";1;0;0;0;1;0;0;1
83438189;"10/02/16";"Quarta";"17:30:00";"SP";116;"426,6";"REGISTRO";"Falta de atenção";"Atropelamento de pessoa";"Com Vítimas Feridas";"Pleno dia";"Crescente";"Chuva";"Múltipla";"Reta";"Rural";2;0;1;0;1;0;1;1
83438190;"10/02/16";"Quarta";"12:30:00";"BA";415;"30";"ILHEUS";"Falta de atenção";"Colisão traseira";"Com Vítimas Feridas";"Pleno dia";"Crescente";"Ceu Claro";"Simples";"Reta";"Rural";2;0;1;0;1;0;1;2
83438191;"07/02/16";"Domingo";"03:00:00";"MG";40;"700,1";"BARBACENA";"Outras";"Saída de Pista";"Com Vítimas Feridas";"Plena noite";"Crescente";"Ceu Claro";"Simples";"Reta";"Urbano";4;0;2;1;0;1;3;1
83438192;"10/02/16";"Quarta";"21:22:00";"MS";163;"605,2";"SAO GABRIEL DO OESTE";"Desobediência à sinalização";"Colisão frontal";"Com Vítimas Feridas";"Plena noite";"Crescente";"Nublado";"Simples";"Reta";"Rural";3;0;1;0;2;0;1;2
83438193;"10/02/16";"Quarta";"18:40:00";"SC";470;"99,2";"APIUNA";"Ultrapassagem indevida";"Colisão Transversal";"Com Vítimas Feridas";"Pleno dia";"Crescente";"Nublado";"Simples";"Reta";"Urbano";2;0;2;0;0;0;2;2
83438194;"10/02/16";"Quarta";"18:15:00";"CE";222;"149,5";"IRAUCUBA";"Outras";"Atropelamento de pessoa";"Com Vítimas Feridas";"Plena noite";"Crescente";"Nublado";"Simples";"Curva";"Urbano";2;0;0;1;1;0;1;1
83438195;"02/02/16";"Terça";"23:00:00";"CE";20;"265";"CANINDE";"Falta de atenção";"Colisão traseira";"Sem Vítimas";"Plena noite";"Decrescente";"Ceu Claro";"Simples";"Reta";"Rural";2;0;0;0;2;0;0;2
83438196;"10/02/16";"Quarta";"20:15:00";"PR";376;"650,3";"TIJUCAS DO SUL";"Velocidade incompatível";"Saída de Pista";"Sem Vítimas";"Plena noite";"Decrescente";"Chuva";"Dupla";"Curva";"Rural";1;0;0;0;1;0;0;1
83438197;"10/02/16";"Quarta";"21:40:00";"SP";116;"561,5";"BARRA DO TURVO";"Velocidade incompatível";"Colisão com objeto fixo";"Sem Vítimas";"Plena noite";"Crescente";"Chuva";"Dupla";"Curva";"Rural";1;0;0;0;1;0;0;1
83438198;"10/02/16";"Quarta";"16:45:00";"RO";364;"346,4";"JI-PARANA";"Falta de atenção";"Colisão Transversal";"Com Vítimas Feridas";"Pleno dia";"Crescente";"Chuva";"Simples";"Reta";"Urbano";2;0;2;0;0;0;2;2
83438199;"10/02/16";"Quarta";"21:00:00";"PE";232;"366";"FLORES";"Falta de atenção";"Colisão traseira";"Sem Vítimas";"Plena noite";"Decrescente";"Nublado";"Simples";"Curva";"Rural";2;0;0;0;2;0;0;2
83438200;"10/02/16";"Quarta";"20:05:00";"MT";174;"34,9";"VILA BELA DA SANTISSIMA TRINDADE";"Animais na Pista";"Atropelamento de animal";"Sem Vítimas";"Anoitecer";"Crescente";"Chuva";"Simples";"Reta";"Rural";2;0;0;0;2;0;0;1
83438201;"10/02/16";"Quarta";"22:10:00";"PR";277;"1,1";"PARANAGUA";"Não guardar distância de segurança";"Colisão traseira";"Sem Vítimas";"Plena noite";"Decrescente";"Chuva";"Simples";"Reta";"Urbano";2;0;0;0;2;0;0;2
83438202;"10/02/16";"Quarta";"16:00:00";"ES";101;"256,5";"SERRA";"Desobediência à sinalização";"Colisão Transversal";"Com Vítimas Feridas";"Pleno dia";"Decrescente";"Sol";"Múltipla";"Cruzamento";"Urbano";2;0;1;0;1;0;1;2
83438203;"10/02/16";"Quarta";"23:20:00";"MG";381;"452";"SABARA";"Outras";"Queda de motocicleta / bicicleta / veículo";"Com Vítimas Feridas";"Plena noite";"Crescente";"Ceu Claro";"Simples";"Reta";"Urbano";1;0;1;0;0;0;1;1
83438204;"10/02/16";"Quarta";"17:40:00";"MT";364;"290";"JACIARA";"Outras";"Colisão frontal";"Com Vítimas Fatais";"Pleno dia";"Decrescente";"Chuva";"Simples";"Reta";"Rural";2;1;0;1;0;0;1;2
83438205;"06/02/16";"Sábado";"18:15:00";"PR";376;"182";"MARINGA";"Desobediência à sinalização";"Colisão Transversal";"Sem Vítimas";"Plena noite";"Decrescente";"Ceu Claro";"Dupla";"Cruzamento";"Urbano";2;0;0;0;2;0;0;2
83438206;"28/01/16";"Quinta";"18:30:00";"PR";376;"165";"MARINGA";"Não guardar distância de segurança";"Colisão traseira";"Sem Vítimas";"Pleno dia";"Decrescente";"Ceu Claro";"Dupla";"Reta";"Rural";3;0;0;0;3;0;0;3
83438207;"10/02/16";"Quarta";"23:50:00";"GO";153;"505,8";"APARECIDA DE GOIANIA";"Falta de atenção";"Colisão traseira";"Com Vítimas Feridas";"Plena noite";"Crescente";"Chuva";"Dupla";"Reta";"Urbano";3;0;2;0;0;1;2;2
83438208;"10/02/16";"Quarta";"10:40:00";"RN";226;"44";"BOM JESUS";"Não guardar distância de segurança";"Colisão traseira";"Sem Vítimas";"Pleno dia";"Crescente";"Nublado";"Simples";"Reta";"Rural";3;0;0;0;3;0;0;3
83438209;"10/02/16";"Quarta";"21:35:00";"MS";60;"541,7";"NIOAQUE";"Outras";"Atropelamento de pessoa";"Com Vítimas Fatais";"Plena noite";"Decrescente";"Ceu Claro";"Simples";"Reta";"Urbano";3;1;1;0;1;0;1;1
83438210;"10/02/16";"Quarta";"20:20:00";"GO";50;"148,5";"CAMPO ALEGRE DE GOIAS";"Falta de atenção";"Colisão Transversal";"Com Vítimas Feridas";"Plena noite";"Decrescente";"Nublado";"Simples";"Reta";"Rural";5;0;1;0;4;0;1;2