"id";"data_inversa";"dia_semana";"horario";"uf";"br";"km";"municipio";"causa_acidente";"tipo_acidente";"classificacao_acidente";"fase_dia";"sentido_via";"condicao_metereologica";"tipo_pista";"tracado_via";"uso_solo";"pessoas";"mortos";"feridos_leves";"feridos_graves";"ilesos";"ignorados";"feridos";"veiculos"
83438211;"10/02/16";"Quarta";"20:00:00";"PR";277;"199";"PALMEIRA";"Outras";"Colisão lateral";"Com Vítimas Feridas";"Anoitecer";"Crescente";"Chuva";"Simples";"Curva";"Rural";3;0;1;0;2;0;1;2
83438212;"11/02/16";"Quinta";"02:30:00";"ES";101;"188";"ARACRUZ";"Dormindo";"Saída de Pista";"Com Vítimas Feridas";"Plena noite";"Crescente";"Ceu Claro";"Simples";"Curva";"Rural";1;0;0;1;0;0;1;1
83438213;"10/02/16";"Quarta";"22:45:00";"RS";392;"352,9";"SANTA MARIA";"Falta de atenção";"Colisão frontal";"Com Vítimas Feridas";"Plena noite";"Crescente";"Ceu Claro";"Simples";"Reta";"Urbano";2;0;1;0;1;0;1;2
83438214;"10/02/16";"Quarta";"16:20:00";"PR";153;"168,9";"VENTANIA";"Outras";"Colisão Transversal";"Com Vítimas Fatais";"Pleno dia";"Crescente";"Chuva";"Simples";"Reta";"Rural";3;1;1;0;1;0;1;2
83438215;"10/02/16";"Quarta";"23:30:00";"RJ";356;"157";"CAMPOS DOS GOYTACAZES";"Falta de atenção";"Colisão frontal";"Com Vítimas Feridas";"Plena noite";"Crescente";"Ceu Claro";"Simples";"Curva";"Rural";2;0;0;1;1;0;1;2
83438216;"10/02/16";"Quarta";"16:05:00";"PR";277;"31,3";"MORRETES";"Velocidade incompatível";"Saída de Pista";"Com Vítimas Feridas";"Pleno dia";"Decrescente";"Chuva";"Dupla";"Curva";"Rural";1;0;1;0;0;0;1;1
83438217;"10/02/16";"Quarta";"15:40:00";"SC";101;"440,9";"SOMBRIO";"Outras";"Colisão Transversal";"Com Vítimas Feridas";"Pleno dia";"Crescente";"Ceu Claro";"Dupla";"Reta";"Urbano";2;0;1;0;1;0;1;2
83438218;"10/02/16";"Quarta";"21:00:00";"MG";116;"122";"ITAOBIM";"Outras";"Atropelamento de animal";"Sem Vítimas";"Plena noite";"Decrescente";"Ceu Claro";"Simples";"Reta";"Rural";1;0;0;0;1;0;0;1
83438219;"10/02/16";"Quarta";"21:30:00";"PR";376;"471,6";"PONTA GROSSA";"Dormindo";"Saída de Pista";"Sem Vítimas";"Plena noite";"Crescente";"Chuva";"Dupla";"Reta";"Rural";1;0;0;0;1;0;0;1
83438220;"10/02/16";"Quarta";"14:40:00";"BA";418;"89";"NOVA VICOSA";"Falta de atenção";"Colisão Transversal";"Sem Vítimas";"Pleno dia";"Decrescente";"Ceu Claro";"Simples";"Reta";"Urbano";6;0;0;0;6;0;0;2
83438221;"10/02/16";"Quarta";"17:40:00";"SP";381;"88,1";"GUARULHOS";"Falta de atenção";"Colisão traseira";"Com Vítimas Feridas";"Pleno dia";"Decrescente";"Chuva";"Múltipla";"Reta";"Urbano";2;0;1;0;1;0;1;2
83438222;"10/02/16";"Quarta";"18:30:00";"GO";364;"182";"JATAI";"Defeito mecânico em veículo";"Queda de motocicleta / bicicleta / veículo";"Com Vítimas Feridas";"Pleno dia";"Decrescente";"Ceu Claro";"Simples";"Curva";"Rural";1;0;1;0;0;0;1;1
83438223;"10/02/16";"Quarta";"20:40:00";"MG";116;"553,2";"SANTA BARBARA DO LESTE";"Outras";"Queda de motocicleta / bicicleta / veículo";"Com Vítimas Feridas";"Plena noite";"Decrescente";"Nublado";"Simples";"Reta";"Rural";2;0;0;1;1;0;1;2
83438224;"10/02/16";"Quarta";"17:45:00";"PR";116;"119";"CURITIBA";"Velocidade incompatível";"Queda de motocicleta / bicicleta / veículo";"Com Vítimas Feridas";"Pleno dia";"Decrescente";"Chuva";"Dupla";"Reta";"Rural";1;0;1;0;0;0;1;1
83438225;"10/02/16";"Quarta";"18:10:00";"ES";101;"410,9";"ITAPEMIRIM";"Velocidade incompatível";"Queda de motocicleta / bicicleta / veículo";"Com Vítimas Feridas";"Pleno dia";"Crescente";"Sol";"Simples";"Reta";"Rural";3;0;2;0;1;0;2;2
83438226;"06/02/16";"Sábado";"21:00:00";"MG";381;"727";"CARMO DA CACHOEIRA";"Outras";"Saída de Pista";"Sem Vítimas";"Plena noite";"Decrescente";"Chuva";"Dupla";"Curva";"Rural";1;0;0;0;1;0;0;1
83438227;"10/02/16";"Quarta";"18:50:00";"MG";262;"787";"UBERABA";"Velocidade incompatível";"Colisão traseira";"Com Vítimas Feridas";"Pleno dia";"Crescente";"Chuva";"Simples";"Reta";"Rural";4;0;4;0;0;0;4;2
83438228;"11/02/16";"Quinta";"03:30:00";"PE";101;"42";"IGARASSU";"Falta de atenção";"Atropelamento de pessoa";"Com Vítimas Fatais";"Plena noite";"Crescente";"Nublado";"Múltipla";"Reta";"Urbano";2;1;0;0;0;1;0;1
83438229;"06/02/16";"Sábado";"10:00:00";"ES";101;"214";"IBIRACU";"Falta de atenção";"Colisão Transversal";"Com Vítimas Feridas";"Pleno dia";"Crescente";"Ceu Claro";"Dupla";"Reta";"Rural";3;0;1;1;1;0;2;2
83438230;"11/02/16";"Quinta";"05:10:00";"MG";381;"756,3";"TRES CORACOES";"Velocidade incompatível";"Tombamento";"Sem Vítimas";"Plena noite";"Crescente";"Ignorada";"Simples";"Curva";"Rural";1;0;0;0;1;0;0;1
83438231;"06/02/16";"Sábado";"20:40:00";"MG";381;"701";"LAVRAS";"Outras";"Saída de Pista";"Sem Vítimas";"Plena noite";"Crescente";"Chuva";"Dupla";"Curva";"Rural";2;0;0;0;2;0;0;2
83438232;"10/02/16";"Quarta";"21:00:00";"RN";304;"293,7";"MACAIBA";"Ingestão de álcool";"Queda de motocicleta / bicicleta / veículo";"Com Vítimas Feridas";"Plena noite";"Crescente";"Ceu Claro";"Simples";"Reta";"Rural";1;0;1;0;0;0;1;1
83438233;"10/02/16";"Quarta";"18:30:00";"PE";316;"20,3";"ARARIPINA";"Falta de atenção";"Colisão frontal";"Com Vítimas Fatais";"Anoitecer";"Crescente";"Ceu Claro";"Simples";"Reta";"Rural";2;1;0;0;1;0;0;2
83438234;"10/02/16";"Quarta";"19:20:00";"AL";104;"33";"UNIAO DOS PALMARES";"Outras";"Atropelamento de animal";"Sem Vítimas";"Plena noite";"Crescente";"Ceu Claro";"Simples";"Reta";"Rural";1;0;0;0;1;0;0;1
83438235;"11/02/16";"Quinta";"05:20:00";"GO";50;"267,4";"CATALAO";"Outras";"Saída de Pista";"Sem Vítimas";"Plena noite";"Crescente";"Nublado";"Simples";"Curva";"Rural";1;0;0;0;1;0;0;1
83438236;"11/02/16";"Quinta";"05:00:00";"SC";470;"69,9";"INDAIAL";"Falta de atenção";"Colisão Transversal";"Com Vítimas Feridas";"Plena noite";"Crescente";"Nublado";"Simples";"Cruzamento";"Urbano";2;0;1;0;1;0;1;2
83438237;"10/02/16";"Quarta";"07:27:00";"MG";40;"607,3";"CONGONHAS";"Ingestão de álcool";"Colisão lateral";"Sem Vítimas";"Amanhecer";"Decrescente";"Ceu Claro";"Simples";"Reta";"Urbano";2;0;0;0;2;0;0;2
83438238;"11/02/16";"Quinta";"06:45:00";"RS";101;"85,9";"OSORIO";"Dormindo";"Saída de Pista";"Sem Vítimas";"Pleno dia";"Crescente";"Sol";"Múltipla";"Curva";"Rural";1;0;0;0;1;0;0;1
83438239;"07/02/16";"Domingo";"17:30:00";"ES";259;"57,3";"COLATINA";"Outras";"Saída de Pista";"Com Vítimas Feridas";"Anoitecer";"Crescente";"Sol";"Simples";"Curva";"Rural";1;0;1;0;0;0;1;1
83438240;"08/02/16";"Segunda";"05:40:00";"PR";277;"73";"SAO JOSE DOS PINHAIS";"Outras";"Capotamento";"Sem Vítimas";"Amanhecer";"Crescente";"Chuva";"Dupla";"Reta";"Urbano";2;0;0;0;1;1;0;2
83438241;"07/02/16";"Domingo";"20:50:00";"ES";259;"59,3";"COLATINA";"Ultrapassagem indevida";"Colisão frontal";"Com Vítimas Feridas";"Plena noite";"Crescente";"Ceu Claro";"Simples";"Reta";"Rural";2;0;0;2;0;0;2;2
83438242;"11/02/16";"Quinta";"06:50:00";"PR";376;"114,2";"ALTO PARANA";"Dormindo";"Colisão lateral";"Com Vítimas Feridas";"Amanhecer";"Crescente";"Ceu Claro";"Simples";"Reta";"Rural";5;0;1;0;4;0;1;2
83438243;"08/02/16";"Segunda";"01:52:00";"PR";369;"174";"ROLANDIA";"Ingestão de álcool";"Colisão com objeto fixo";"Sem Vítimas";"Plena noite";"Decrescente";"Ceu Claro";"Simples";"Reta";"Urbano";1;0;0;0;1;0;0;1
83438244;"11/02/16";"Quinta";"07:00:00";"GO";60;"96";"ANAPOLIS";"Outras";"Capotamento";"Com Vítimas Feridas";"Pleno dia";"Decrescente";"Nublado";"Dupla";"Reta";"Urbano";1;0;1;0;0;0;1;1
83438245;"08/02/16";"Segunda";"04:30:00";"SC";101;"204,5";"SAO JOSE";"Outras";"Colisão Transversal";"Com Vítimas Feridas";"Plena noite";"Decrescente";"Nublado";"Dupla";"Reta";"Urbano";3;0;1;0;1;1;1;2
83438246;"10/02/16";"Quarta";"12:20:00";"SP";381;"82,5";"SAO PAULO";"Outras";"Colisão traseira";"Com Vítimas Feridas";"Pleno dia";"Crescente";"Ceu Claro";"Dupla";"Reta";"Urbano";3;0;1;0;2;0;1;2
83438248;"05/02/16";"Sexta";"18:15:00";"ES";101;"213";"SERRA";"Outras";"Atropelamento de pessoa";"Com Vítimas Feridas";"Pleno dia";"Decrescente";"Ceu Claro";"Simples";"Reta";"Urbano";2;0;0;1;0;1;1;1
83438249;"07/02/16";"Domingo";"20:40:00";"ES";393;"7";"CACHOEIRO DE ITAPEMIRIM";"Ingestão de álcool";"Colisão lateral";"Sem Vítimas";"Plena noite";"Crescente";"Ceu Claro";"Simples";"Curva";"Rural";2;0;0;0;2;0;0;2
83438250;"10/02/16";"Quarta";"22:30:00";"AL";101;"137,9";"SAO MIGUEL DOS CAMPOS";"Falta de atenção";"Colisão Transversal";"Sem Vítimas";"Plena noite";"Decrescente";"Ceu Claro";"Simples";"Reta";"Urbano";2;0;0;0;2;0;0;2
83438251;"11/02/16";"Quinta";"07:30:00";"RJ";40;"105";"DUQUE DE CAXIAS";"Falta de atenção";"Colisão lateral";"Sem Vítimas";"Pleno dia";"Crescente";"Chuva";"Múltipla";"Reta";"Urbano";2;0;0;0;2;0;0;2
83438252;"06/02/16";"Sábado";"16:45:00";"RJ";116;"324";"ITATIAIA";"Outras";"Colisão com objeto fixo";"Sem Vítimas";"Pleno dia";"Crescente";"Ceu Claro";"Dupla";"Curva";"Rural";1;0;0;0;1;0;0;1
83438253;"11/02/16";"Quinta";"00:10:00";"RO";364;"516";"ARIQUEMES";"Ingestão de álcool";"Saída de Pista";"Sem Vítimas";"Plena noite";"Decrescente";"Ignorada";"Simples";"Reta";"Urbano";1;0;0;0;1;0;0;1
83438254;"04/02/16";"Quinta";"17:40:00";"DF";20;"46";"BRASILIA";"Outras";"Saída de Pista";"Ignorado";"Plena noite";"Crescente";"Ceu Claro";"Dupla";"Reta";"Rural";1;0;0;0;0;1;0;1
83438256;"07/02/16";"Domingo";"11:10:00";"MG";262;"592,9";"CAMPOS ALTOS";"Falta de atenção";"Capotamento";"Sem Vítimas";"Pleno dia";"Decrescente";"Chuva";"Simples";"Curva";"Rural";1;0;0;0;1;0;0;1
83438257;"11/02/16";"Quinta";"06:30:00";"BA";116;"671";"JEQUIE";"Velocidade incompatível";"Atropelamento de animal";"Sem Vítimas";"Amanhecer";"Crescente";"Ceu Claro";"Simples";"Reta";"Urbano";1;0;0;0;1;0;0;1
83438258;"08/02/16";"Segunda";"03:00:00";"PA";163;"1000";"SANTAREM";"Falta de atenção";"Colisão traseira";"Com Vítimas Feridas";"Plena noite";"Decrescente";"Ignorada";"Dupla";"Reta";"Urbano";2;0;1;0;1;0;1;2
83438259;"08/02/16";"Segunda";"03:00:00";"RJ";116;"224,7";"PIRAI";"Falta de atenção";"Tombamento";"Com Vítimas Feridas";"Plena noite";"Decrescente";"Ceu Claro";"Simples";"Curva";"Rural";1;0;1;0;0;0;1;1
83438261;"08/02/16";"Segunda";"06:30:00";"SC";158;"141";"PALMITOS";"Ingestão de álcool";"Colisão lateral";"Sem Vítimas";"Amanhecer";"Decrescente";"Ceu Claro";"Simples";"Reta";"Rural";2;0;0;0;2;0;0;2
83438262;"06/02/16";"Sábado";"09:50:00";"ES";101;"154";"LINHARES";"Outras";"Colisão frontal";"Com Vítimas Feridas";"Pleno dia";"Crescente";"Ceu Claro";"Simples";"Reta";"Rural";3;0;0;1;2;0;1;2
83438263;"08/02/16";"Segunda";"03:30:00";"SP";116;"204";"ARUJA";"Outras";"Colisão com objeto fixo";"Sem Vítimas";"Plena noite";"Decrescente";"Nublado";"Dupla";"Reta";"Urbano";1;0;0;0;1;0;0;1
83438264;"11/02/16";"Quinta";"08:00:00";"PR";277;"683";"SAO MIGUEL DO IGUACU";"Outras";"Saída de Pista";"Com Vítimas Feridas";"Pleno dia";"Crescente";"Ceu Claro";"Simples";"Reta";"Rural";1;0;1;0;0;0;1;1
83438265;"07/02/16";"Domingo";"21:00:00";"MG";153;"96";"PRATA";"Outras";"Saída de Pista";"Com Vítimas Feridas";"Plena noite";"Crescente";"Ceu Claro";"Simples";"Reta";"Rural";5;0;5;0;0;0;5;1
83438266;"11/02/16";"Quinta";"06:00:00";"GO";80;"169";"URUACU";"Dormindo";"Colisão Transversal";"Sem Vítimas";"Amanhecer";"Decrescente";"Ceu Claro";"Simples";"Reta";"Rural";4;0;0;0;4;0;0;2
83438267;"11/02/16";"Quinta";"07:50:00";"SP";116;"150,3";"SAO JOSE DOS CAMPOS";"Defeito mecânico em veículo";"Colisão traseira";"Com Vítimas Feridas";"Pleno dia";"Crescente";"Nublado";"Dupla";"Reta";"Urbano";3;0;2;0;0;1;2;2
83438268;"07/02/16";"Domingo";"21:20:00";"DF";60;"3";"BRASILIA";"Falta de atenção";"Colisão traseira";"Com Vítimas Feridas";"Plena noite";"Decrescente";"Ceu Claro";"Dupla";"Reta";"Urbano";7;0;2;0;5;0;2;2
83438269;"11/02/16";"Quinta";"07:05:00";"SC";101;"114";"ITAJAI";"Falta de atenção";"Colisão Transversal";"Com Vítimas Feridas";"Pleno dia";"Decrescente";"Sol";"Dupla";"Reta";"Urbano";2;0;0;1;1;0;1;2
83438270;"07/02/16";"Domingo";"17:30:00";"RJ";116;"222,5";"PIRAI";"Outras";"Saída de Pista";"Sem Vítimas";"Pleno dia";"Decrescente";"Ceu Claro";"Dupla";"Curva";"Rural";2;0;0;0;2;0;0;1
83438271;"11/02/16";"Quinta";"09:10:00";"RS";287;"243,9";"SANTA MARIA";"Falta de atenção";"Colisão lateral";"Com Vítimas Feridas";"Pleno dia";"Decrescente";"Sol";"Simples";"Cruzamento";"Urbano";3;0;2;0;1;0;2;2
83438272;"08/02/16";"Segunda";"18:30:00";"BA";116;"406";"FEIRA DE SANTANA";"Falta de atenção";"Colisão traseira";"Sem Vítimas";"Anoitecer";"Crescente";"Ceu Claro";"Simples";"Reta";"Rural";2;0;0;0;2;0;0;2
83438273;"11/02/16";"Quinta";"07:30:00";"RS";101;"62,8";"MAQUINE";"Velocidade incompatível";"Colisão traseira";"Com Vítimas Feridas";"Pleno dia";"Decrescente";"Ceu Claro";"Dupla";"Reta";"Rural";2;0;1;0;1;0;1;2
83438274;"08/02/16";"Segunda";"07:30:00";"PA";316;"55";"CASTANHAL";"Falta de atenção";"Colisão traseira";"Com Vítimas Fatais";"Amanhecer";"Decrescente";"Ceu Claro";"Dupla";"Reta";"Urbano";5;1;2;0;2;0;2;2
83438275;"13/01/16";"Quarta";"12:15:00";"MT";163;"118";"RONDONOPOLIS";"Falta de atenção";"Colisão traseira";"Sem Vítimas";"Pleno dia";"Crescente";"Chuva";"Simples";"Reta";"Urbano";4;0;0;0;4;0;0;4
83438276;"03/02/16";"Quarta";"11:00:00";"PB";230;"338";"PATOS";"Falta de atenção";"Colisão frontal";"Com Vítimas Feridas";"Pleno dia";"Crescente";"Ceu Claro";"Simples";"Reta";"Urbano";2;0;1;0;1;0;1;2
83438277;"07/02/16";"Domingo";"18:00:00";"GO";60;"300";"ACREUNA";"Ingestão de álcool";"Colisão lateral";"Sem Vítimas";"Pleno dia";"Crescente";"Ceu Claro";"Dupla";"Reta";"Urbano";2;0;0;0;1;1;0;2
83438279;"11/02/16";"Quinta";"08:45:00";"ES";101;"146";"LINHARES";"Falta de atenção";"Colisão traseira";"Sem Vítimas";"Pleno dia";"Crescente";"Ceu Claro";"Simples";"Reta";"Urbano";2;0;0;0;2;0;0;2
83438280;"09/02/16";"Terça";"21:00:00";"MA";135;"98,8";"ITAPECURU MIRIM";"Outras";"Colisão com bicicleta";"Com Vítimas Fatais";"Plena noite";"Decrescente";"Nublado";"Simples";"Reta";"Rural";2;1;0;0;0;1;0;2
83438281;"07/02/16";"Domingo";"18:45:00";"RR";174;"515";"BOA VISTA";"Falta de atenção";"Colisão com bicicleta";"Com Vítimas Fatais";"Anoitecer";"Decrescente";"Ceu Claro";"Dupla";"Reta";"Urbano";2;1;0;0;1;0;0;2
83438282;"05/02/16";"Sexta";"16:55:00";"ES";101;"218,1";"IBIRACU";"Não guardar distância de segurança";"Saída de Pista";"Com Vítimas Feridas";"Pleno dia";"Crescente";"Ceu Claro";"Dupla";"Curva";"Rural";1;0;1;0;0;0;1;1
83438283;"03/01/16";"Domingo";"05:00:00";"MG";381;"452";"SABARA";"Outras";"Colisão lateral";"Com Vítimas Feridas";"Plena noite";"Decrescente";"Ceu Claro";"Simples";"Curva";"Rural";2;0;1;0;1;0;1;2
83438284;"10/02/16";"Quarta";"07:20:00";"MA";10;"153,3";"PORTO FRANCO";"Defeito na via";"Saída de Pista";"Com Vítimas Fatais";"Pleno dia";"Crescente";"Ceu Claro";"Simples";"Reta";"Rural";5;2;2;1;0;0;3;1
83438285;"10/02/16";"Quarta";"09:10:00";"MA";135;"67,7";"SANTA RITA";"Outras";"Colisão Transversal";"Com Vítimas Feridas";"Pleno dia";"Crescente";"Sol";"Simples";"Reta";"Urbano";3;0;0;1;1;1;1;3
83438286;"06/02/16";"Sábado";"23:45:00";"RJ";40;"72";"PETROPOLIS";"Velocidade incompatível";"Saída de Pista";"Com Vítimas Feridas";"Plena noite";"Decrescente";"Nublado";"Simples";"Curva";"Rural";4;0;1;2;1;0;3;1
83438287;"15/01/16";"Sexta";"18:10:00";"RJ";116;"213";"SEROPEDICA";"Outras";"Colisão com objeto fixo";"Sem Vítimas";"Pleno dia";"Crescente";"Chuva";"Dupla";"Curva";"Urbano";1;0;0;0;1;0;0;1
83438288;"08/02/16";"Segunda";"07:15:00";"RJ";101;"475";"ANGRA DOS REIS";"Outras";"Capotamento";"Com Vítimas Feridas";"Pleno dia";"Crescente";"Ceu Claro";"Simples";"Curva";"Urbano";3;0;3;0;0;0;3;1
83438289;"07/02/16";"Domingo";"21:30:00";"RN";226;"173";"CURRAIS NOVOS";"Animais na Pista";"Colisão traseira";"Com Vítimas Feridas";"Plena noite";"Crescente";"Ceu Claro";"Simples";"Reta";"Urbano";3;0;2;0;1;0;2;2
83438290;"08/02/16";"Segunda";"06:40:00";"MT";70;"51,8";"BARRA DO GARCAS";"Defeito mecânico em veículo";"Incêndio";"Sem Vítimas";"Pleno dia";"Crescente";"Ceu Claro";"Simples";"Reta";"Rural";1;0;0;0;1;0;0;1
83438292;"10/02/16";"Quarta";"17:00:00";"MT";163;"1113";"GUARANTA DO NORTE";"Velocidade incompatível";"Tombamento";"Com Vítimas Feridas";"Anoitecer";"Crescente";"Ceu Claro";"Simples";"Curva";"Rural";2;0;2;0;0;0;2;1
83438293;"11/02/16";"Quinta";"08:30:00";"MA";222;"665";"ACAILANDIA";"Ultrapassagem indevida";"Colisão lateral";"Com Vítimas Feridas";"Pleno dia";"Decrescente";"Sol";"Simples";"Reta";"Urbano";3;0;1;0;2;0;1;2
83438294;"08/02/16";"Segunda";"06:20:00";"SC";116;"71,2";"MONTE CASTELO";"Outras";"Colisão lateral";"Com Vítimas Feridas";"Amanhecer";"Crescente";"Chuva";"Simples";"Reta";"Rural";3;0;0;1;2;0;1;3
83438296;"11/02/16";"Quinta";"08:00:00";"MT";70;"1,8";"BARRA DO GARCAS";"Falta de atenção";"Colisão traseira";"Com Vítimas Feridas";"Pleno dia";"Decrescente";"Ceu Claro";"Simples";"Reta";"Urbano";2;0;1;0;1;0;1;2
83438297;"11/02/16";"Quinta";"09:00:00";"PA";316;"23";"BENEVIDES";"Outras";"Saída de Pista";"Com Vítimas Feridas";"Pleno dia";"Decrescente";"Sol";"Dupla";"Reta";"Urbano";1;0;0;1;0;0;1;1
83438298;"11/02/16";"Quinta";"06:50:00";"CE";116;"4,1";"FORTALEZA";"Falta de atenção";"Colisão traseira";"Com Vítimas Feridas";"Pleno dia";"Decrescente";"Ceu Claro";"Múltipla";"Reta";"Urbano";6;0;3;0;3;0;3;3
83438299;"11/02/16";"Quinta";"08:45:00";"PR";116;"117,5";"CURITIBA";"Falta de atenção";"Colisão traseira";"Sem Vítimas";"Plena noite";"Decrescente";"Nublado";"Dupla";"Cruzamento";"Urbano";3;0;0;0;3;0;0;3
83438300;"31/01/16";"Domingo";"14:50:00";"SP";381;"70,5";"MAIRIPORA";"Outras";"Capotamento";"Ignorado";"Pleno dia";"Decrescente";"Sol";"Dupla";"Reta";"Rural";1;0;0;0;0;1;0;1
83438301;"11/02/16";"Quinta";"08:40:00";"TO";153;"140,8";"ARAGUAINA";"Não guardar distância de segurança";"Colisão traseira";"Com Vítimas Feridas";"Pleno dia";"Decrescente";"Ceu Claro";"Dupla";"Reta";"Urbano";3;0;1;0;2;0;1;2
83438302;"04/01/16";"Segunda";"16:30:00";"BA";101;"403";"IBIRAPITANGA";"Velocidade incompatível";"Capotamento";"Com Vítimas Feridas";"Pleno dia";"Crescente";"Chuva";"Simples";"Curva";"Rural";5;0;2;0;3;0;2;1
83438303;"11/02/16";"Quinta";"09:30:00";"RS";392;"340,3";"SANTA MARIA";"Falta de atenção";"Colisão lateral";"Sem Vítimas";"Pleno dia";"Decrescente";"Sol";"Simples";"Reta";"Rural";2;0;0;0;2;0;0;2
83438305;"10/02/16";"Quarta";"03:00:00";"MA";135;"45,2";"BACABEIRA";"Ultrapassagem indevida";"Colisão frontal";"Com Vítimas Feridas";"Plena noite";"Crescente";"Nublado";"Simples";"Reta";"Urbano";2;0;1;0;1;0;1;2
83438307;"11/02/16";"Quinta";"09:45:00";"MG";40;"766,6";"JUIZ DE FORA";"Falta de atenção";"Colisão traseira";"Sem Vítimas";"Pleno dia";"Decrescente";"Ceu Claro";"Simples";"Reta";"Rural";2;0;0;0;2;0;0;2
83438308;"11/02/16";"Quinta";"09:40:00";"MG";354;"732,7";"POUSO ALTO";"Velocidade incompatível";"Saída de Pista";"Sem Vítimas";"Pleno dia";"Decrescente";"Nublado";"Simples";"Curva";"Rural";1;0;0;0;1;0;0;1
83438309;"09/02/16";"Terça";"23:10:00";"PI";407;"596,2";"ACAUA";"Defeito mecânico em veículo";"Colisão lateral";"Sem Vítimas";"Plena noite";"Crescente";"Ceu Claro";"Simples";"Reta";"Rural";3;0;0;0;3;0;0;3
83438310;"12/01/16";"Terça";"10:19:00";"MG";364;"32,8";"FRUTAL";"Outras";"Colisão com objeto fixo";"Com Vítimas Feridas";"Pleno dia";"Crescente";"Chuva";"Simples";"Reta";"Rural";1;0;0;1;0;0;1;1
83438312;"11/02/16";"Quinta";"11:11:00";"SP";116;"270";"TABOAO DA SERRA";"Não guardar distância de segurança";"Queda de motocicleta / bicicleta / veículo";"Com Vítimas Feridas";"Pleno dia";"Decrescente";"Ceu Claro";"Dupla";"Reta";"Rural";2;0;1;0;1;0;1;1
83438313;"11/02/16";"Quinta";"09:40:00";"PR";376;"474,5";"PONTA GROSSA";"Defeito mecânico em veículo";"Colisão lateral";"Com Vítimas Feridas";"Pleno dia";"Crescente";"Chuva";"Dupla";"Curva";"Rural";4;0;2;0;2;0;2;2
83438314;"11/02/16";"Quinta";"08:37:00";"PR";163;"250";"TOLEDO";"Não guardar distância de segurança";"Colisão traseira";"Com Vítimas Feridas";"Pleno dia";"Crescente";"Ceu Claro";"Simples";"Reta";"Rural";2;0;1;0;1;0;1;2
83438315;"11/02/16";"Quinta";"10:10:00";"SP";116;"269";"TABOAO DA SERRA";"Desobediência à sinalização";"Atropelamento de pessoa";"Com Vítimas Feridas";"Pleno dia";"Decrescente";"Ceu Claro";"Dupla";"Reta";"Urbano";2;0;1;0;1;0;1;1
83438316;"03/01/16";"Domingo";"06:50:00";"MG";116;"318,9";"ITAMBACURI";"Dormindo";"Colisão frontal";"Com Vítimas Fatais";"Amanhecer";"Decrescente";"Ceu Claro";"Simples";"Reta";"Urbano";3;1;2;0;0;0;2;2
83438317;"11/02/16";"Quinta";"12:20:00";"RS";153;"47";"ERECHIM";"Falta de atenção";"Colisão Transversal";"Com Vítimas Feridas";"Pleno dia";"Decrescente";"Ceu Claro";"Dupla";"Cruzamento";"Urbano";2;0;1;0;1;0;1;2
83438318;"11/02/16";"Quinta";"11:20:00";"PE";104;"56,5";"CARUARU";"Ultrapassagem indevida";"Capotamento";"Com Vítimas Feridas";"Pleno dia";"Crescente";"Sol";"Dupla";"Reta";"Rural";1;0;1;0;0;0;1;1
83438319;"11/02/16";"Quinta";"12:00:00";"RS";116;"234";"NOVO HAMBURGO";"Desobediência à sinalização";"Colisão Transversal";"Sem Vítimas";"Pleno dia";"Decrescente";"Sol";"Simples";"Cruzamento";"Urbano";2;0;0;0;2;0;0;2
83438320;"11/02/16";"Quinta";"10:40:00";"ES";101;"270,7";"SERRA";"Falta de atenção";"Queda de motocicleta / bicicleta / veículo";"Com Vítimas Feridas";"Pleno dia";"Crescente";"Ceu Claro";"Múltipla";"Curva";"Urbano";1;0;0;1;0;0;1;1
83438321;"11/02/16";"Quinta";"01:50:00";"MG";116;"86";"MEDINA";"Outras";"Saída de Pista";"Com Vítimas Feridas";"Plena noite";"Decrescente";"Ignorada";"Simples";"Reta";"Rural";5;0;4;1;0;0;5;1
83438322;"04/02/16";"Quinta";"15:00:00";"RJ";101;"325";"NITEROI";"Outras";"Capotamento";"Com Vítimas Feridas";"Pleno dia";"Crescente";"Ceu Claro";"Dupla";"Reta";"Urbano";1;0;1;0;0;0;1;1
83438323;"10/02/16";"Quarta";"23:45:00";"GO";60;"460,2";"JATAI";"Dormindo";"Capotamento";"Sem Vítimas";"Plena noite";"Crescente";"Ceu Claro";"Dupla";"Curva";"Rural";1;0;0;0;1;0;0;1
83438324;"08/02/16";"Segunda";"07:00:00";"RJ";40;"119";"DUQUE DE CAXIAS";"Outras";"Colisão com objeto fixo";"Com Vítimas Feridas";"Pleno dia";"Decrescente";"Ceu Claro";"Múltipla";"Reta";"Urbano";2;0;1;0;1;0;1;1
83438325;"11/02/16";"Quinta";"11:10:00";"RJ";116;"239";"PIRAI";"Outras";"Capotamento";"Sem Vítimas";"Pleno dia";"Decrescente";"Chuva";"Dupla";"Curva";"Rural";1;0;0;0;1;0;0;1
83438326;"05/02/16";"Sexta";"17:18:00";"SC";101;"101";"PICARRAS";"Falta de atenção";"Colisão traseira";"Sem Vítimas";"Pleno dia";"Crescente";"Chuva";"Dupla";"Reta";"Rural";10;0;0;0;10;0;0;4
83438327;"09/02/16";"Terça";"07:30:00";"SC";282;"381";"JOACABA";"Dormindo";"Tombamento";"Sem Vítimas";"Pleno dia";"Decrescente";"Ceu Claro";"Simples";"Curva";"Rural";1;0;0;0;1;0;0;1
83438328;"11/02/16";"Quinta";"08:00:00";"MG";381;"484";"BETIM";"Outras";"Queda de motocicleta / bicicleta / veículo";"Com Vítimas Feridas";"Pleno dia";"Crescente";"Ceu Claro";"Dupla";"Reta";"Urbano";1;0;1;0;0;0;1;1