"id";"data_inversa";"dia_semana";"horario";"uf";"br";"km";"municipio";"causa_acidente";"tipo_acidente";"classificacao_acidente";"fase_dia";"sentido_via";"condicao_metereologica";"tipo_pista";"tracado_via";"uso_solo";"pessoas";"mortos";"feridos_leves";"feridos_graves";"ilesos";"ignorados";"feridos";"veiculos"
83438329;"11/02/16";"Quinta";"13:20:00";"RS";116;"252";"SAPUCAIA DO SUL";"Falta de atenção";"Atropelamento de pessoa";"Com Vítimas Feridas";"Pleno dia";"Decrescente";"Ceu Claro";"Dupla";"Reta";"Urbano";2;0;0;1;1;0;1;1
83438330;"07/02/16";"Domingo";"10:30:00";"GO";80;"34,5";"PADRE BERNARDO";"Falta de atenção";"Tombamento";"Com Vítimas Feridas";"Pleno dia";"Decrescente";"Ceu Claro";"Simples";"Reta";"Urbano";1;0;1;0;0;0;1;1
83438331;"06/02/16";"Sábado";"13:30:00";"ES";101;"443,8";"MIMOSO DO SUL";"Velocidade incompatível";"Colisão lateral";"Com Vítimas Fatais";"Pleno dia";"Decrescente";"Sol";"Simples";"Curva";"Rural";7;1;6;0;0;0;6;2
83438332;"11/02/16";"Quinta";"06:40:00";"GO";60;"460,1";"JATAI";"Velocidade incompatível";"Capotamento";"Com Vítimas Feridas";"Amanhecer";"Crescente";"Ceu Claro";"Dupla";"Curva";"Rural";3;0;1;0;2;0;1;1
83438333;"11/02/16";"Quinta";"11:55:00";"MG";381;"486";"BETIM";"Não guardar distância de segurança";"Colisão traseira";"Com Vítimas Feridas";"Pleno dia";"Decrescente";"Sol";"Dupla";"Curva";"Urbano";3;0;1;0;2;0;1;2
83438334;"11/02/16";"Quinta";"07:20:00";"PB";230;"32";"BAYEUX";"Não guardar distância de segurança";"Colisão traseira";"Com Vítimas Feridas";"Pleno dia";"Decrescente";"Ceu Claro";"Dupla";"Reta";"Urbano";2;0;1;0;1;0;1;2
83438336;"11/02/16";"Quinta";"12:30:00";"RS";470;"208";"BENTO GONCALVES";"Velocidade incompatível";"Saída de Pista";"Sem Vítimas";"Pleno dia";"Decrescente";"Ceu Claro";"Simples";"Curva";"Urbano";1;0;0;0;1;0;0;1
83438337;"11/02/16";"Quinta";"09:50:00";"PR";467;"81,4";"CASCAVEL";"Outras";"Colisão lateral";"Sem Vítimas";"Pleno dia";"Decrescente";"Sol";"Dupla";"Reta";"Rural";3;0;0;0;3;0;0;2
83438338;"11/02/16";"Quinta";"12:15:00";"BA";324;"546";"AMELIA RODRIGUES";"Outras";"Colisão traseira";"Sem Vítimas";"Pleno dia";"Decrescente";"Ceu Claro";"Dupla";"Reta";"Rural";2;0;0;0;2;0;0;2
83438339;"11/02/16";"Quinta";"10:50:00";"CE";222;"221";"SOBRAL";"Outras";"Atropelamento de pessoa";"Com Vítimas Feridas";"Pleno dia";"Crescente";"Sol";"Simples";"Curva";"Urbano";2;0;0;1;1;0;1;1
83438340;"11/02/16";"Quinta";"09:00:00";"MT";70;"505";"CUIABA";"Outras";"Colisão traseira";"Sem Vítimas";"Pleno dia";"Crescente";"Ceu Claro";"Simples";"Reta";"Rural";3;0;0;0;3;0;0;3
83438341;"27/01/16";"Quarta";"07:55:00";"RJ";101;"485";"ANGRA DOS REIS";"Falta de atenção";"Colisão traseira";"Com Vítimas Feridas";"Amanhecer";"Crescente";"Ceu Claro";"Simples";"Reta";"Urbano";3;0;2;0;1;0;2;2
83438342;"11/02/16";"Quinta";"11:00:00";"PR";476;"144";"CURITIBA";"Velocidade incompatível";"Colisão com objeto fixo";"Com Vítimas Feridas";"Pleno dia";"Crescente";"Ceu Claro";"Dupla";"Reta";"Urbano";5;0;1;4;0;0;5;1
83438343;"10/02/16";"Quarta";"23:35:00";"PR";163;"304";"MERCEDES";"Ultrapassagem indevida";"Colisão frontal";"Com Vítimas Feridas";"Plena noite";"Crescente";"Ceu Claro";"Simples";"Reta";"Rural";4;0;0;1;1;2;1;4
83438344;"10/02/16";"Quarta";"15:00:00";"BA";101;"438,4";"UBAITABA";"Outras";"Capotamento";"Com Vítimas Feridas";"Pleno dia";"Decrescente";"Sol";"Simples";"Reta";"Rural";1;0;1;0;0;0;1;1
83438345;"11/02/16";"Quinta";"13:00:00";"MA";135;"17,5";"SAO LUIS";"Dormindo";"Capotamento";"Com Vítimas Feridas";"Pleno dia";"Decrescente";"Ceu Claro";"Dupla";"Reta";"Rural";2;0;2;0;0;0;2;1
83438348;"06/02/16";"Sábado";"09:10:00";"CE";116;"59";"CHOROZINHO";"Falta de atenção";"Colisão traseira";"Sem Vítimas";"Pleno dia";"Crescente";"Ceu Claro";"Simples";"Reta";"Rural";3;0;0;0;3;0;0;3
83438349;"09/02/16";"Terça";"11:50:00";"MG";381;"293,4";"ANTONIO DIAS";"Dormindo";"Colisão lateral";"Com Vítimas Feridas";"Pleno dia";"Decrescente";"Ceu Claro";"Simples";"Curva";"Rural";2;0;0;1;1;0;1;2
83438350;"11/02/16";"Quinta";"06:55:00";"PE";232;"251";"ARCOVERDE";"Outras";"Atropelamento de pessoa";"Com Vítimas Feridas";"Amanhecer";"Crescente";"Ceu Claro";"Simples";"Reta";"Rural";2;0;0;1;1;0;1;1
83438351;"11/02/16";"Quinta";"10:20:00";"PR";476;"122";"CURITIBA";"Outras";"Colisão Transversal";"Com Vítimas Feridas";"Pleno dia";"Decrescente";"Sol";"Dupla";"Reta";"Urbano";3;0;2;0;1;0;2;2
83438352;"11/02/16";"Quinta";"06:00:00";"MG";40;"737,9";"SANTOS DUMONT";"Falta de atenção";"Capotamento";"Com Vítimas Feridas";"Pleno dia";"Decrescente";"Ceu Claro";"Simples";"Curva";"Rural";1;0;1;0;0;0;1;1
83438353;"07/02/16";"Domingo";"09:00:00";"PR";376;"303";"MAUA DA SERRA";"Velocidade incompatível";"Colisão lateral";"Sem Vítimas";"Pleno dia";"Crescente";"Ceu Claro";"Simples";"Curva";"Rural";5;0;0;0;4;1;0;2
83438354;"11/02/16";"Quinta";"07:35:00";"PR";373;"237,4";"IMBITUVA";"Velocidade incompatível";"Tombamento";"Com Vítimas Feridas";"Amanhecer";"Decrescente";"Nublado";"Simples";"Curva";"Rural";1;0;0;1;0;0;1;1
83438355;"07/02/16";"Domingo";"16:40:00";"RO";364;"237,4";"CACOAL";"Ingestão de álcool";"Saída de Pista";"Com Vítimas Feridas";"Pleno dia";"Crescente";"Sol";"Simples";"Reta";"Urbano";1;0;1;0;0;0;1;1
83438356;"11/02/16";"Quinta";"15:00:00";"RS";386;"424,6";"MONTENEGRO";"Não guardar distância de segurança";"Colisão traseira";"Sem Vítimas";"Pleno dia";"Crescente";"Ceu Claro";"Dupla";"Cruzamento";"Rural";3;0;0;0;3;0;0;3
83438357;"11/02/16";"Quinta";"07:00:00";"SC";101;"364";"SANGAO";"Falta de atenção";"Saída de Pista";"Com Vítimas Feridas";"Amanhecer";"Crescente";"Ceu Claro";"Dupla";"Curva";"Urbano";1;0;1;0;0;0;1;1
83438358;"07/02/16";"Domingo";"19:35:00";"PI";230;"306,5";"FLORIANO";"Falta de atenção";"Queda de motocicleta / bicicleta / veículo";"Com Vítimas Feridas";"Plena noite";"Crescente";"Ceu Claro";"Simples";"Cruzamento";"Urbano";1;0;1;0;0;0;1;1
83438360;"11/02/16";"Quinta";"09:45:00";"SC";116;"301,7";"CAPAO ALTO";"Não guardar distância de segurança";"Colisão traseira";"Sem Vítimas";"Pleno dia";"Decrescente";"Sol";"Simples";"Reta";"Rural";2;0;0;0;2;0;0;2
83438361;"11/02/16";"Quinta";"09:20:00";"SC";101;"281,7";"IMBITUBA";"Falta de atenção";"Colisão Transversal";"Com Vítimas Feridas";"Pleno dia";"Decrescente";"Sol";"Dupla";"Cruzamento";"Urbano";2;0;1;0;1;0;1;2
83438362;"11/02/16";"Quinta";"09:00:00";"MA";230;"3";"BARAO DE GRAJAU";"Animais na Pista";"Colisão traseira";"Com Vítimas Feridas";"Pleno dia";"Decrescente";"Sol";"Simples";"Reta";"Urbano";2;0;1;0;1;0;1;2
83438364;"08/02/16";"Segunda";"09:15:00";"AL";101;"201,5";"SAO SEBASTIAO";"Defeito mecânico em veículo";"Capotamento";"Com Vítimas Feridas";"Pleno dia";"Crescente";"Ceu Claro";"Dupla";"Reta";"Rural";3;0;2;0;1;0;2;1
83438365;"11/02/16";"Quinta";"06:50:00";"MS";267;"501,1";"JARDIM";"Dormindo";"Saída de Pista";"Com Vítimas Feridas";"Amanhecer";"Crescente";"Ceu Claro";"Simples";"Reta";"Rural";4;0;3;0;1;0;3;1
83438367;"07/02/16";"Domingo";"03:30:00";"GO";153;"317";"RIALMA";"Ingestão de álcool";"Colisão frontal";"Com Vítimas Fatais";"Plena noite";"Decrescente";"Nublado";"Simples";"Reta";"Rural";3;1;0;1;1;0;1;2
83438368;"11/02/16";"Quinta";"13:00:00";"PI";343;"619";"FLORIANO";"Defeito na via";"Colisão lateral";"Com Vítimas Feridas";"Pleno dia";"Decrescente";"Ceu Claro";"Simples";"Reta";"Rural";2;0;1;0;1;0;1;2
83438370;"07/02/16";"Domingo";"23:00:00";"SP";116;"132";"CACAPAVA";"Velocidade incompatível";"Colisão traseira";"Com Vítimas Feridas";"Plena noite";"Crescente";"Ceu Claro";"Simples";"Reta";"Rural";2;0;1;0;1;0;1;2
83438371;"11/02/16";"Quinta";"07:50:00";"RS";448;"21";"PORTO ALEGRE";"Outras";"Queda de motocicleta / bicicleta / veículo";"Sem Vítimas";"Pleno dia";"Crescente";"Sol";"Simples";"Reta";"Urbano";2;0;0;0;2;0;0;2
83438372;"11/02/16";"Quinta";"10:45:00";"RS";472;"575";"URUGUAIANA";"Falta de atenção";"Colisão Transversal";"Com Vítimas Fatais";"Pleno dia";"Crescente";"Ceu Claro";"Simples";"Reta";"Urbano";2;1;0;0;1;0;0;2
83438373;"09/02/16";"Terça";"05:00:00";"RO";364;"324,2";"PRESIDENTE MEDICI";"Defeito na via";"Tombamento";"Sem Vítimas";"Amanhecer";"Crescente";"Ignorada";"Simples";"Reta";"Rural";1;0;0;0;1;0;0;1
83438374;"05/02/16";"Sexta";"20:30:00";"RN";101;"101,5";"PARNAMIRIM";"Falta de atenção";"Colisão traseira";"Com Vítimas Feridas";"Plena noite";"Decrescente";"Ceu Claro";"Dupla";"Reta";"Urbano";2;0;1;0;0;1;1;2
83438375;"11/02/16";"Quinta";"14:55:00";"RS";116;"483";"TURUCU";"Falta de atenção";"Colisão lateral";"Com Vítimas Feridas";"Pleno dia";"Crescente";"Sol";"Simples";"Curva";"Urbano";3;0;2;0;1;0;2;2
83438376;"06/02/16";"Sábado";"17:20:00";"SP";488;"1,2";"APARECIDA";"Outras";"Colisão traseira";"Com Vítimas Feridas";"Pleno dia";"Decrescente";"Nublado";"Dupla";"Reta";"Urbano";3;0;1;0;2;0;1;3
83438377;"11/02/16";"Quinta";"11:15:00";"RS";448;"7";"CANOAS";"Defeito mecânico em veículo";"Tombamento";"Com Vítimas Feridas";"Pleno dia";"Decrescente";"Sol";"Dupla";"Reta";"Urbano";1;0;1;0;0;0;1;1
83438378;"11/02/16";"Quinta";"14:00:00";"RJ";101;"430";"MANGARATIBA";"Não guardar distância de segurança";"Colisão traseira";"Sem Vítimas";"Pleno dia";"Decrescente";"Chuva";"Simples";"Reta";"Urbano";7;0;0;0;6;1;0;7
83438379;"11/02/16";"Quinta";"14:50:00";"MG";40;"43,7";"PARACATU";"Não guardar distância de segurança";"Colisão traseira";"Com Vítimas Feridas";"Pleno dia";"Crescente";"Ceu Claro";"Múltipla";"Reta";"Urbano";5;0;0;1;4;0;1;2
83438380;"05/02/16";"Sexta";"11:20:00";"SC";282;"523,4";"XAXIM";"Outras";"Saída de Pista";"Sem Vítimas";"Pleno dia";"Crescente";"Ceu Claro";"Simples";"Curva";"Urbano";1;0;0;0;1;0;0;1
83438381;"11/02/16";"Quinta";"15:10:00";"SC";101;"127";"ITAJAI";"Defeito mecânico em veículo";"Queda de motocicleta / bicicleta / veículo";"Com Vítimas Feridas";"Pleno dia";"Decrescente";"Nublado";"Dupla";"Reta";"Rural";4;0;2;0;2;0;2;3
83438382;"10/02/16";"Quarta";"11:00:00";"PE";101;"134,9";"ESCADA";"Falta de atenção";"Colisão lateral";"Com Vítimas Feridas";"Pleno dia";"Crescente";"Ceu Claro";"Dupla";"Reta";"Rural";2;0;0;1;1;0;1;2
83438383;"11/02/16";"Quinta";"15:00:00";"MS";262;"381,2";"CAMPO GRANDE";"Desobediência à sinalização";"Colisão lateral";"Com Vítimas Feridas";"Pleno dia";"Decrescente";"Ceu Claro";"Simples";"Cruzamento";"Urbano";2;0;1;0;1;0;1;2
83438384;"11/02/16";"Quinta";"16:30:00";"SP";381;"45";"ATIBAIA";"Outras";"Colisão com objeto fixo";"Sem Vítimas";"Pleno dia";"Decrescente";"Chuva";"Dupla";"Reta";"Rural";1;0;0;0;1;0;0;1
83438386;"11/02/16";"Quinta";"13:30:00";"BA";110;"172";"RIBEIRA DO POMBAL";"Falta de atenção";"Atropelamento de pessoa";"Com Vítimas Feridas";"Pleno dia";"Decrescente";"Ceu Claro";"Simples";"Reta";"Urbano";5;0;0;1;4;0;1;1
83438387;"11/02/16";"Quinta";"14:10:00";"PE";428;"192";"PETROLINA";"Não guardar distância de segurança";"Colisão traseira";"Com Vítimas Feridas";"Pleno dia";"Decrescente";"Ceu Claro";"Simples";"Curva";"Urbano";2;0;1;0;1;0;1;2
83438388;"11/02/16";"Quinta";"16:00:00";"RS";470;"221,4";"GARIBALDI";"Falta de atenção";"Colisão Transversal";"Sem Vítimas";"Pleno dia";"Decrescente";"Ceu Claro";"Simples";"Cruzamento";"Urbano";2;0;0;0;2;0;0;2
83438389;"06/02/16";"Sábado";"17:00:00";"MG";135;"608";"CURVELO";"Dormindo";"Saída de Pista";"Com Vítimas Feridas";"Pleno dia";"Decrescente";"Ceu Claro";"Simples";"Curva";"Rural";4;0;3;0;1;0;3;1
83438390;"11/02/16";"Quinta";"15:15:00";"PR";116;"104,7";"SAO JOSE DOS PINHAIS";"Velocidade incompatível";"Colisão lateral";"Sem Vítimas";"Pleno dia";"Decrescente";"Nublado";"Dupla";"Reta";"Rural";2;0;0;0;1;1;0;2
83438391;"11/02/16";"Quinta";"07:00:00";"RJ";116;"213";"PARACAMBI";"Outras";"Saída de Pista";"Com Vítimas Fatais";"Pleno dia";"Crescente";"Chuva";"Dupla";"Reta";"Urbano";4;2;0;2;0;0;2;1
83438392;"11/02/16";"Quinta";"16:00:00";"PA";316;"7";"ANANINDEUA";"Falta de atenção";"Queda de motocicleta / bicicleta / veículo";"Com Vítimas Feridas";"Pleno dia";"Decrescente";"Chuva";"Dupla";"Reta";"Urbano";1;0;1;0;0;0;1;1
83438393;"11/02/16";"Quinta";"09:50:00";"SC";101;"214";"PALHOCA";"Falta de atenção";"Colisão traseira";"Sem Vítimas";"Pleno dia";"Crescente";"Sol";"Múltipla";"Reta";"Urbano";2;0;0;0;2;0;0;2
83438395;"08/02/16";"Segunda";"03:00:00";"SC";101;"216";"PALHOCA";"Ingestão de álcool";"Colisão com objeto fixo";"Sem Vítimas";"Plena noite";"Crescente";"Chuva";"Dupla";"Cruzamento";"Urbano";1;0;0;0;1;0;0;1
83438396;"11/02/16";"Quinta";"15:30:00";"BA";324;"365";"SAO JOSE DO JACUIPE";"Falta de atenção";"Colisão lateral";"Sem Vítimas";"Pleno dia";"Crescente";"Sol";"Simples";"Reta";"Rural";2;0;0;0;1;1;0;2
83438397;"11/02/16";"Quinta";"15:20:00";"SP";116;"378";"MIRACATU";"Outras";"Capotamento";"Com Vítimas Feridas";"Pleno dia";"Decrescente";"Nublado";"Dupla";"Curva";"Urbano";1;0;1;0;0;0;1;1
83438398;"11/02/16";"Quinta";"16:00:00";"RJ";101;"452";"MANGARATIBA";"Falta de atenção";"Colisão frontal";"Sem Vítimas";"Pleno dia";"Crescente";"Chuva";"Simples";"Curva";"Urbano";2;0;0;0;2;0;0;2
83438399;"11/02/16";"Quinta";"17:00:00";"MG";381;"873,8";"ESTIVA";"Velocidade incompatível";"Saída de Pista";"Sem Vítimas";"Pleno dia";"Crescente";"Nublado";"Dupla";"Curva";"Rural";1;0;0;0;1;0;0;1
83438400;"11/02/16";"Quinta";"17:00:00";"RS";285;"474,8";"CORONEL BARROS";"Não guardar distância de segurança";"Colisão lateral";"Sem Vítimas";"Pleno dia";"Crescente";"Nublado";"Simples";"Reta";"Rural";2;0;0;0;2;0;0;2
83438401;"11/02/16";"Quinta";"17:50:00";"RJ";116;"285,9";"BARRA MANSA";"Outras";"Colisão com objeto fixo";"Sem Vítimas";"Pleno dia";"Crescente";"Chuva";"Dupla";"Curva";"Rural";1;0;0;0;1;0;0;1
83438402;"11/02/16";"Quinta";"15:05:00";"MG";381;"768";"CAMPANHA";"Velocidade incompatível";"Capotamento";"Sem Vítimas";"Pleno dia";"Decrescente";"Chuva";"Dupla";"Reta";"Rural";1;0;0;0;1;0;0;1
83438403;"11/02/16";"Quinta";"17:50:00";"PR";376;"192";"MARIALVA";"Outras";"Saída de Pista";"Sem Vítimas";"Pleno dia";"Decrescente";"Chuva";"Dupla";"Curva";"Rural";1;0;0;0;1;0;0;1
83438404;"11/02/16";"Quinta";"10:20:00";"SC";101;"358";"SANGAO";"Outras";"Queda de motocicleta / bicicleta / veículo";"Com Vítimas Feridas";"Pleno dia";"Decrescente";"Ceu Claro";"Simples";"Reta";"Urbano";2;0;1;0;1;0;1;2
83438405;"11/02/16";"Quinta";"14:30:00";"PB";104;"131,6";"CAMPINA GRANDE";"Não guardar distância de segurança";"Colisão traseira";"Com Vítimas Feridas";"Pleno dia";"Crescente";"Sol";"Simples";"Reta";"Rural";2;0;0;1;1;0;1;2
83438406;"07/02/16";"Domingo";"10:58:00";"RO";364;"710";"PORTO VELHO";"Falta de atenção";"Colisão lateral";"Com Vítimas Feridas";"Pleno dia";"Crescente";"Ceu Claro";"Dupla";"Reta";"Urbano";3;0;0;1;0;2;1;3
83438407;"11/02/16";"Quinta";"17:05:00";"MG";381;"671";"PERDOES";"Velocidade incompatível";"Capotamento";"Sem Vítimas";"Pleno dia";"Crescente";"Chuva";"Dupla";"Curva";"Rural";1;0;0;0;1;0;0;1
83438411;"11/02/16";"Quinta";"16:30:00";"RS";153;"53";"ERECHIM";"Outras";"Saída de Pista";"Sem Vítimas";"Pleno dia";"Decrescente";"Chuva";"Simples";"Reta";"Urbano";1;0;0;0;1;0;0;1
83438412;"11/02/16";"Quinta";"17:15:00";"SC";470;"163";"TROMBUDO CENTRAL";"Defeito mecânico em veículo";"Incêndio";"Sem Vítimas";"Pleno dia";"Decrescente";"Nublado";"Simples";"Reta";"Urbano";1;0;0;0;1;0;0;1
83438413;"19/01/16";"Terça";"07:00:00";"RJ";393;"176";"PARAIBA DO SUL";"Desobediência à sinalização";"Colisão lateral";"Sem Vítimas";"Amanhecer";"Crescente";"Chuva";"Simples";"Curva";"Urbano";2;0;0;0;2;0;0;2
83438414;"11/02/16";"Quinta";"14:20:00";"SC";101;"359";"SANGAO";"Desobediência à sinalização";"Colisão Transversal";"Com Vítimas Feridas";"Pleno dia";"Decrescente";"Sol";"Simples";"Cruzamento";"Urbano";2;0;0;1;1;0;1;2
83438415;"08/02/16";"Segunda";"15:30:00";"RJ";101;"414";"ITAGUAI";"Falta de atenção";"Colisão traseira";"Sem Vítimas";"Pleno dia";"Crescente";"Sol";"Dupla";"Reta";"Rural";2;0;0;0;2;0;0;2
83438417;"11/02/16";"Quinta";"06:30:00";"RJ";101;"436,9";"MANGARATIBA";"Desobediência à sinalização";"Colisão frontal";"Com Vítimas Fatais";"Amanhecer";"Decrescente";"Nublado";"Simples";"Curva";"Urbano";7;1;2;3;1;0;5;2
83438418;"11/02/16";"Quinta";"15:30:00";"RJ";101;"9";"CAMPOS DOS GOYTACAZES";"Outras";"Tombamento";"Com Vítimas Feridas";"Pleno dia";"Decrescente";"Sol";"Simples";"Reta";"Rural";2;0;2;0;0;0;2;1
83438419;"11/02/16";"Quinta";"12:20:00";"BA";324;"620";"SALVADOR";"Defeito mecânico em veículo";"Colisão traseira";"Com Vítimas Fatais";"Pleno dia";"Decrescente";"Ceu Claro";"Dupla";"Reta";"Urbano";3;1;0;1;1;0;1;2
83438420;"11/02/16";"Quinta";"17:35:00";"GO";60;"114,2";"TEREZOPOLIS DE GOIAS";"Outras";"Saída de Pista";"Sem Vítimas";"Pleno dia";"Decrescente";"Chuva";"Dupla";"Reta";"Urbano";1;0;0;0;1;0;0;1
83438421;"11/02/16";"Quinta";"15:20:00";"GO";60;"170,9";"ABADIA DE GOIAS";"Animais na Pista";"Colisão traseira";"Com Vítimas Feridas";"Pleno dia";"Crescente";"Sol";"Dupla";"Reta";"Urbano";2;0;1;0;1;0;1;2
83438423;"11/02/16";"Quinta";"12:30:00";"RO";364;"423";"JARU";"Falta de atenção";"Colisão lateral";"Com Vítimas Feridas";"Pleno dia";"Decrescente";"Ceu Claro";"Dupla";"Reta";"Urbano";2;0;1;0;1;0;1;2
83438424;"11/02/16";"Quinta";"18:30:00";"RS";116;"248,6";"SAO LEOPOLDO";"Outras";"Colisão traseira";"Sem Vítimas";"Pleno dia";"Decrescente";"Sol";"Dupla";"Curva";"Urbano";3;0;0;0;3;0;0;3
83438425;"11/02/16";"Quinta";"11:00:00";"PR";153;"522";"GENERAL CARNEIRO";"Velocidade incompatível";"Saída de Pista";"Com Vítimas Feridas";"Pleno dia";"Decrescente";"Nevoeiro/neblina";"Simples";"Curva";"Rural";2;0;0;1;1;0;1;1
83438426;"11/02/16";"Quinta";"19:00:00";"RS";116;"2";"PORTO ALEGRE";"Outras";"Colisão traseira";"Sem Vítimas";"Anoitecer";"Decrescente";"Ceu Claro";"Múltipla";"Reta";"Urbano";2;0;0;0;2;0;0;2
83438427;"11/02/16";"Quinta";"10:00:00";"RJ";493;"3";"ITABORAI";"Falta de atenção";"Colisão Transversal";"Com Vítimas Feridas";"Pleno dia";"Decrescente";"Nublado";"Simples";"Reta";"Urbano";2;0;2;0;0;0;2;2
83438428;"11/02/16";"Quinta";"16:00:00";"PR";158;"207";"CAMPO MOURAO";"Velocidade incompatível";"Saída de Pista";"Sem Vítimas";"Pleno dia";"Decrescente";"Ceu Claro";"Simples";"Curva";"Urbano";1;0;0;0;1;0;0;1
83438429;"11/02/16";"Quinta";"17:00:00";"SC";282;"492,1";"XANXERE";"Falta de atenção";"Colisão lateral";"Com Vítimas Feridas";"Pleno dia";"Decrescente";"Ceu Claro";"Simples";"Curva";"Rural";2;0;1;0;1;0;1;2
83438430;"11/02/16";"Quinta";"15:00:00";"GO";60;"169,9";"GOIANIA";"Defeito mecânico em veículo";"Colisão com objeto fixo";"Com Vítimas Feridas";"Pleno dia";"Decrescente";"Nublado";"Dupla";"Reta";"Urbano";2;0;2;0;0;0;2;1
83438431;"11/02/16";"Quinta";"13:30:00";"RO";364;"265,2";"CACOAL";"Outras";"Colisão traseira";"Com Vítimas Fatais";"Plena noite";"Decrescente";"Ignorada";"Simples";"Reta";"Rural";2;1;0;0;0;1;0;2
83438432;"11/02/16";"Quinta";"19:00:00";"RS";470;"221,4";"GARIBALDI";"Ultrapassagem indevida";"Colisão lateral";"Com Vítimas Feridas";"Pleno dia";"Decrescente";"Ceu Claro";"Simples";"Reta";"Rural";2;0;0;1;1;0;1;2
83438433;"11/02/16";"Quinta";"17:00:00";"SP";381;"39";"ATIBAIA";"Outras";"Colisão com objeto fixo";"Sem Vítimas";"Pleno dia";"Decrescente";"Chuva";"Dupla";"Reta";"Rural";1;0;0;0;1;0;0;1
83438434;"11/02/16";"Quinta";"16:30:00";"SC";282;"16";"PALHOCA";"Falta de atenção";"Colisão traseira";"Sem Vítimas";"Pleno dia";"Decrescente";"Sol";"Simples";"Reta";"Urbano";3;0;0;0;3;0;0;3
83438435;"07/02/16";"Domingo";"12:00:00";"RJ";393;"248";"BARRA DO PIRAI";"Não guardar distância de segurança";"Colisão traseira";"Com Vítimas Feridas";"Pleno dia";"Crescente";"Ceu Claro";"Simples";"Reta";"Urbano";2;0;1;0;1;0;1;2
83438436;"11/02/16";"Quinta";"12:00:00";"MT";70;"148,3";"BARRA DO GARCAS";"Animais na Pista";"Saída de Pista";"Sem Vítimas";"Pleno dia";"Crescente";"Ceu Claro";"Simples";"Curva";"Rural";1;0;0;0;1;0;0;1
83438437;"11/02/16";"Quinta";"13:30:00";"MG";262;"134";"RIO CASCA";"Outras";"Saída de Pista";"Com Vítimas Feridas";"Pleno dia";"Decrescente";"Sol";"Simples";"Reta";"Rural";3;0;2;0;1;0;2;1
83438438;"11/02/16";"Quinta";"17:30:00";"ES";101;"270,5";"SERRA";"Outras";"Tombamento";"Com Vítimas Feridas";"Pleno dia";"Decrescente";"Sol";"Simples";"Reta";"Urbano";1;0;0;1;0;0;1;1
83438439;"11/02/16";"Quinta";"13:45:00";"RO";364;"460";"JARU";"Não guardar distância de segurança";"Colisão lateral";"Com Vítimas Feridas";"Pleno dia";"Decrescente";"Sol";"Simples";"Reta";"Rural";4;0;1;0;3;0;1;3
83438441;"11/02/16";"Quinta";"18:00:00";"GO";153;"499";"GOIANIA";"Outras";"Queda de motocicleta / bicicleta / veículo";"Com Vítimas Feridas";"Pleno dia";"Crescente";"Ceu Claro";"Dupla";"Reta";"Urbano";1;0;0;1;0;0;1;1
83438442;"11/02/16";"Quinta";"16:45:00";"SC";101;"22";"JOINVILLE";"Outras";"Queda de motocicleta / bicicleta / veículo";"Com Vítimas Feridas";"Pleno dia";"Crescente";"Nublado";"Dupla";"Reta";"Rural";1;0;1;0;0;0;1;1
83438443;"11/02/16";"Quinta";"18:15:00";"RS";158;"158";"PANAMBI";"Outras";"Colisão Transversal";"Sem Vítimas";"Pleno dia";"Decrescente";"Sol";"Simples";"Reta";"Rural";2;0;0;0;2;0;0;2
83438444;"11/02/16";"Quinta";"06:00:00";"MT";158;"333,7";"BOM JESUS DO ARAGUAIA";"Outras";"Capotamento";"Com Vítimas Feridas";"Amanhecer";"Crescente";"Ceu Claro";"Simples";"Reta";"Rural";2;0;2;0;0;0;2;1
83438445;"06/02/16";"Sábado";"16:00:00";"MG";262;"698,3";"ARAXA";"Outras";"Saída de Pista";"Ignorado";"Pleno dia";"Crescente";"Ignorada";"Simples";"Curva";"Rural";1;0;0;0;0;1;0;1
83438446;"11/02/16";"Quinta";"19:20:00";"SC";101;"150,3";"ITAPEMA";"Outras";"Queda de motocicleta / bicicleta / veículo";"Com Vítimas Feridas";"Plena noite";"Decrescente";"Ceu Claro";"Dupla";"Reta";"Urbano";1;0;0;1;0;0;1;1
83438447;"11/02/16";"Quinta";"15:00:00";"PE";101;"168";"GAMELEIRA";"Outras";"Tombamento";"Com Vítimas Feridas";"Pleno dia";"Crescente";"Ceu Claro";"Dupla";"Curva";"Rural";1;0;1;0;0;0;1;1
83438448;"11/02/16";"Quinta";"11:15:00";"MG";381;"525,5";"BRUMADINHO";"Defeito mecânico em veículo";"Colisão lateral";"Com Vítimas Feridas";"Pleno dia";"Crescente";"Ceu Claro";"Dupla";"Curva";"Rural";5;0;2;0;3;0;2;3
83438449;"11/02/16";"Quinta";"16:00:00";"MS";163;"407,5";"NOVA ALVORADA DO SUL";"Dormindo";"Colisão lateral";"Com Vítimas Feridas";"Pleno dia";"Decrescente";"Ceu Claro";"Simples";"Reta";"Rural";2;0;1;1;0;0;2;2
83438450;"06/02/16";"Sábado";"05:00:00";"RJ";101;"325";"NITEROI";"Falta de atenção";"Colisão traseira";"Sem Vítimas";"Amanhecer";"Decrescente";"Ceu Claro";"Dupla";"Reta";"Urbano";3;0;0;0;3;0;0;3