"id";"data_inversa";"dia_semana";"horario";"uf";"br";"km";"municipio";"causa_acidente";"tipo_acidente";"classificacao_acidente";"fase_dia";"sentido_via";"condicao_metereologica";"tipo_pista";"tracado_via";"uso_solo";"pessoas";"mortos";"feridos_leves";"feridos_graves";"ilesos";"ignorados";"feridos";"veiculos"
83438451;"11/02/16";"Quinta";"14:20:00";"RJ";116;"84";"TERESOPOLIS";"Outras";"Queda de motocicleta / bicicleta / veículo";"Com Vítimas Feridas";"Pleno dia";"Decrescente";"Nublado";"Simples";"Reta";"Urbano";1;0;1;0;0;0;1;1
83438453;"11/02/16";"Quinta";"18:30:00";"RJ";116;"137";"DUQUE DE CAXIAS";"Outras";"Colisão Transversal";"Sem Vítimas";"Anoitecer";"Crescente";"Chuva";"Dupla";"Reta";"Urbano";2;0;0;0;2;0;0;2
83438456;"11/02/16";"Quinta";"17:20:00";"PR";376;"11";"MARINGA";"Outras";"Colisão com objeto fixo";"Sem Vítimas";"Pleno dia";"Decrescente";"Chuva";"Dupla";"Reta";"Urbano";1;0;0;0;1;0;0;1
83438457;"11/02/16";"Quinta";"15:00:00";"PE";101;"101";"CABO DE SANTO AGOSTINHO";"Falta de atenção";"Colisão lateral";"Sem Vítimas";"Pleno dia";"Crescente";"Sol";"Simples";"Reta";"Urbano";2;0;0;0;2;0;0;2
83438458;"08/02/16";"Segunda";"18:10:00";"SP";381;"22";"BRAGANCA PAULISTA";"Outras";"Colisão lateral";"Com Vítimas Feridas";"Pleno dia";"Crescente";"Nublado";"Dupla";"Reta";"Urbano";8;0;1;0;7;0;1;3
83438460;"11/02/16";"Quinta";"09:50:00";"RS";290;"115";"ELDORADO DO SUL";"Velocidade incompatível";"Colisão traseira";"Sem Vítimas";"Pleno dia";"Decrescente";"Sol";"Simples";"Reta";"Rural";2;0;0;0;2;0;0;2
83438462;"11/02/16";"Quinta";"18:30:00";"MG";40;"800,4";"MATIAS BARBOSA";"Velocidade incompatível";"Colisão com objeto fixo";"Com Vítimas Feridas";"Pleno dia";"Crescente";"Chuva";"Dupla";"Curva";"Rural";1;0;1;0;0;0;1;1
83438463;"11/02/16";"Quinta";"20:00:00";"PA";316;"8";"ANANINDEUA";"Outras";"Colisão lateral";"Sem Vítimas";"Plena noite";"Crescente";"Ceu Claro";"Dupla";"Reta";"Urbano";3;0;0;0;3;0;0;3
83438464;"11/02/16";"Quinta";"17:40:00";"MG";40;"659,1";"CARANDAI";"Velocidade incompatível";"Saída de Pista";"Com Vítimas Feridas";"Pleno dia";"Decrescente";"Chuva";"Simples";"Curva";"Rural";1;0;1;0;0;0;1;1
83438465;"11/02/16";"Quinta";"13:30:00";"PR";277;"257";"IRATI";"Falta de atenção";"Colisão lateral";"Com Vítimas Feridas";"Pleno dia";"Decrescente";"Nublado";"Simples";"Curva";"Rural";3;0;2;0;1;0;2;2
83438466;"10/02/16";"Quarta";"06:40:00";"CE";20;"421";"MARACANAU";"Falta de atenção";"Colisão traseira";"Com Vítimas Feridas";"Pleno dia";"Decrescente";"Ceu Claro";"Simples";"Reta";"Urbano";2;0;1;0;1;0;1;2
83438467;"11/02/16";"Quinta";"19:30:00";"RJ";116;"220,6";"PIRAI";"Falta de atenção";"Saída de Pista";"Sem Vítimas";"Pleno dia";"Crescente";"Chuva";"Simples";"Curva";"Rural";1;0;0;0;1;0;0;1
83438468;"11/02/16";"Quinta";"16:30:00";"RO";364;"806";"PORTO VELHO";"Defeito na via";"Queda de motocicleta / bicicleta / veículo";"Com Vítimas Feridas";"Pleno dia";"Decrescente";"Chuva";"Simples";"Reta";"Rural";1;0;1;0;0;0;1;1
83438469;"11/02/16";"Quinta";"11:30:00";"RS";290;"125,4";"ELDORADO DO SUL";"Outras";"Danos Eventuais";"Com Vítimas Feridas";"Pleno dia";"Crescente";"Sol";"Simples";"Reta";"Rural";2;0;1;0;1;0;1;2
83438470;"09/02/16";"Terça";"18:10:00";"BA";116;"427";"FEIRA DE SANTANA";"Ingestão de álcool";"Colisão lateral";"Sem Vítimas";"Plena noite";"Decrescente";"Ceu Claro";"Dupla";"Reta";"Urbano";4;0;0;0;4;0;0;2
83438471;"05/02/16";"Sexta";"13:30:00";"SC";101;"274,1";"IMBITUBA";"Falta de atenção";"Colisão lateral";"Com Vítimas Feridas";"Pleno dia";"Crescente";"Ceu Claro";"Dupla";"Reta";"Urbano";3;0;1;0;2;0;1;3
83438472;"11/02/16";"Quinta";"20:20:00";"RJ";116;"185";"NOVA IGUACU";"Outras";"Colisão com objeto fixo";"Sem Vítimas";"Plena noite";"Decrescente";"Chuva";"Dupla";"Reta";"Urbano";3;0;0;0;3;0;0;3
83438473;"10/02/16";"Quarta";"08:00:00";"MT";364;"160";"PEDRA PRETA";"Defeito na via";"Saída de Pista";"Sem Vítimas";"Plena noite";"Decrescente";"Ignorada";"Simples";"Reta";"Rural";3;0;0;0;3;0;0;1
83438474;"11/02/16";"Quinta";"19:00:00";"BA";418;"87,9";"NOVA VICOSA";"Falta de atenção";"Colisão lateral";"Com Vítimas Feridas";"Anoitecer";"Decrescente";"Ceu Claro";"Simples";"Reta";"Urbano";2;0;0;1;1;0;1;2
83438475;"11/02/16";"Quinta";"20:50:00";"SC";101;"211";"PALHOCA";"Defeito mecânico em veículo";"Queda de motocicleta / bicicleta / veículo";"Com Vítimas Feridas";"Plena noite";"Decrescente";"Ceu Claro";"Dupla";"Reta";"Urbano";2;0;2;0;0;0;2;1
83438476;"11/02/16";"Quinta";"12:20:00";"CE";20;"349";"CARIDADE";"Falta de atenção";"Colisão lateral";"Com Vítimas Feridas";"Pleno dia";"Decrescente";"Ceu Claro";"Simples";"Reta";"Rural";2;0;1;0;1;0;1;2
83438477;"08/02/16";"Segunda";"06:20:00";"TO";153;"331";"GUARAI";"Ingestão de álcool";"Colisão traseira";"Com Vítimas Feridas";"Amanhecer";"Crescente";"Ceu Claro";"Simples";"Reta";"Urbano";2;0;1;0;1;0;1;2
83438478;"11/02/16";"Quinta";"09:00:00";"MA";10;"255";"IMPERATRIZ";"Não guardar distância de segurança";"Colisão traseira";"Sem Vítimas";"Pleno dia";"Decrescente";"Ceu Claro";"Simples";"Reta";"Urbano";3;0;0;0;3;0;0;3
83438480;"11/02/16";"Quinta";"20:40:00";"SP";116;"215";"GUARULHOS";"Falta de atenção";"Colisão traseira";"Com Vítimas Feridas";"Plena noite";"Decrescente";"Chuva";"Múltipla";"Reta";"Urbano";4;0;3;0;1;0;3;2
83438481;"11/02/16";"Quinta";"13:15:00";"SC";101;"299";"IMBITUBA";"Falta de atenção";"Colisão lateral";"Com Vítimas Feridas";"Pleno dia";"Crescente";"Sol";"Dupla";"Cruzamento";"Urbano";2;0;1;0;0;1;1;2
83438482;"11/02/16";"Quinta";"18:50:00";"MG";40;"656,3";"CARANDAI";"Velocidade incompatível";"Colisão com objeto fixo";"Sem Vítimas";"Pleno dia";"Decrescente";"Chuva";"Dupla";"Curva";"Rural";1;0;0;0;1;0;0;1
83438483;"11/02/16";"Quinta";"21:30:00";"SC";470;"120";"IBIRAMA";"Ultrapassagem indevida";"Colisão lateral";"Sem Vítimas";"Plena noite";"Decrescente";"Nublado";"Simples";"Curva";"Urbano";2;0;0;0;2;0;0;2
83438484;"11/02/16";"Quinta";"14:00:00";"MG";381;"347,5";"JOAO MONLEVADE";"Ultrapassagem indevida";"Saída de Pista";"Sem Vítimas";"Pleno dia";"Decrescente";"Sol";"Simples";"Reta";"Rural";1;0;0;0;1;0;0;1
83438485;"11/02/16";"Quinta";"18:30:00";"SP";116;"356";"MIRACATU";"Falta de atenção";"Colisão traseira";"Sem Vítimas";"Pleno dia";"Crescente";"Chuva";"Simples";"Curva";"Rural";3;0;0;0;3;0;0;3
83438486;"11/02/16";"Quinta";"20:00:00";"MT";364;"279";"JACIARA";"Ultrapassagem indevida";"Saída de Pista";"Sem Vítimas";"Plena noite";"Crescente";"Ceu Claro";"Simples";"Reta";"Rural";1;0;0;0;1;0;0;1
83438487;"11/02/16";"Quinta";"18:20:00";"MG";381;"727,5";"CARMO DA CACHOEIRA";"Velocidade incompatível";"Capotamento";"Sem Vítimas";"Pleno dia";"Decrescente";"Chuva";"Dupla";"Curva";"Rural";1;0;0;0;1;0;0;1
83438488;"11/02/16";"Quinta";"20:20:00";"BA";101;"491,7";"ITAJUIPE";"Animais na Pista";"Atropelamento de animal";"Sem Vítimas";"Plena noite";"Crescente";"Ceu Claro";"Simples";"Reta";"Rural";1;0;0;0;1;0;0;1
83438489;"11/02/16";"Quinta";"13:40:00";"PI";407;"572";"PAULISTANA";"Ultrapassagem indevida";"Colisão frontal";"Com Vítimas Fatais";"Pleno dia";"Crescente";"Ceu Claro";"Simples";"Reta";"Urbano";3;2;0;0;1;0;0;2
83438490;"11/02/16";"Quinta";"15:40:00";"TO";230;"6";"AGUIARNOPOLIS";"Outras";"Tombamento";"Com Vítimas Feridas";"Pleno dia";"Crescente";"Sol";"Simples";"Cruzamento";"Rural";2;0;1;0;1;0;1;1
83438491;"11/02/16";"Quinta";"18:30:00";"RJ";393;"274";"BARRA DO PIRAI";"Outras";"Colisão frontal";"Sem Vítimas";"Anoitecer";"Decrescente";"Chuva";"Simples";"Curva";"Rural";3;0;0;0;3;0;0;2
83438493;"11/02/16";"Quinta";"19:30:00";"MS";60;"227";"BANDEIRANTES";"Velocidade incompatível";"Capotamento";"Com Vítimas Feridas";"Plena noite";"Decrescente";"Nublado";"Simples";"Reta";"Rural";3;0;3;0;0;0;3;1
83438494;"11/02/16";"Quinta";"21:15:00";"MT";163;"21";"ITIQUIRA";"Outras";"Queda de motocicleta / bicicleta / veículo";"Com Vítimas Feridas";"Plena noite";"Decrescente";"Nublado";"Dupla";"Reta";"Rural";2;0;1;1;0;0;2;1
83438495;"11/02/16";"Quinta";"20:30:00";"RN";304;"34";"MOSSORO";"Defeito mecânico em veículo";"Queda de motocicleta / bicicleta / veículo";"Com Vítimas Feridas";"Plena noite";"Decrescente";"Ceu Claro";"Simples";"Reta";"Urbano";2;0;0;2;0;0;2;1
83438496;"11/02/16";"Quinta";"21:00:00";"PR";116;"104";"SAO JOSE DOS PINHAIS";"Falta de atenção";"Colisão lateral";"Sem Vítimas";"Plena noite";"Decrescente";"Nublado";"Dupla";"Reta";"Rural";2;0;0;0;2;0;0;2
83438497;"06/02/16";"Sábado";"06:10:00";"PA";163;"980,1";"SANTAREM";"Falta de atenção";"Colisão Transversal";"Com Vítimas Feridas";"Pleno dia";"Decrescente";"Nublado";"Simples";"Reta";"Rural";2;0;0;1;1;0;1;2
83438498;"11/02/16";"Quinta";"18:00:00";"PA";163;"998";"SANTAREM";"Falta de atenção";"Colisão Transversal";"Com Vítimas Feridas";"Anoitecer";"Decrescente";"Ceu Claro";"Simples";"Cruzamento";"Urbano";3;0;1;1;1;0;2;2
83438499;"11/02/16";"Quinta";"21:30:00";"SP";116;"548";"BARRA DO TURVO";"Velocidade incompatível";"Colisão com objeto fixo";"Sem Vítimas";"Plena noite";"Crescente";"Chuva";"Dupla";"Curva";"Rural";1;0;0;0;1;0;0;1
83438500;"05/02/16";"Sexta";"14:45:00";"PA";10;"3,5";"DOM ELISEU";"Ultrapassagem indevida";"Colisão traseira";"Com Vítimas Feridas";"Pleno dia";"Decrescente";"Chuva";"Simples";"Curva";"Rural";20;0;12;3;4;1;15;7
83438501;"11/02/16";"Quinta";"21:30:00";"RJ";40;"113";"DUQUE DE CAXIAS";"Falta de atenção";"Colisão traseira";"Com Vítimas Feridas";"Plena noite";"Decrescente";"Chuva";"Múltipla";"Reta";"Urbano";3;0;1;1;1;0;2;2
83438502;"11/02/16";"Quinta";"19:00:00";"BA";110;"1";"PAULO AFONSO";"Animais na Pista";"Atropelamento de animal";"Com Vítimas Feridas";"Plena noite";"Crescente";"Ceu Claro";"Simples";"Reta";"Urbano";1;0;1;0;0;0;1;1
83438503;"11/02/16";"Quinta";"19:15:00";"PB";101;"41,1";"MAMANGUAPE";"Falta de atenção";"Atropelamento de pessoa";"Com Vítimas Fatais";"Plena noite";"Crescente";"Ceu Claro";"Dupla";"Reta";"Urbano";2;1;0;1;0;0;1;1
83438504;"11/02/16";"Quinta";"20:10:00";"MS";359;"220";"COXIM";"Não guardar distância de segurança";"Atropelamento de pessoa";"Com Vítimas Feridas";"Plena noite";"Crescente";"Ceu Claro";"Simples";"Reta";"Rural";2;0;1;0;0;1;1;1
83438505;"11/02/16";"Quinta";"20:40:00";"PR";158;"520";"PATO BRANCO";"Falta de atenção";"Colisão Transversal";"Com Vítimas Feridas";"Plena noite";"Decrescente";"Nublado";"Simples";"Reta";"Urbano";3;0;2;0;1;0;2;2
83438506;"11/02/16";"Quinta";"15:30:00";"MG";267;"42";"MARIPA DE MINAS";"Outras";"Colisão lateral";"Sem Vítimas";"Pleno dia";"Decrescente";"Nublado";"Simples";"Reta";"Rural";2;0;0;0;2;0;0;2
83438507;"11/02/16";"Quinta";"19:30:00";"MS";163;"779";"COXIM";"Animais na Pista";"Atropelamento de animal";"Sem Vítimas";"Plena noite";"Crescente";"Ceu Claro";"Simples";"Reta";"Rural";2;0;0;0;2;0;0;2
83438508;"07/02/16";"Domingo";"17:30:00";"RS";116;"52,8";"VACARIA";"Velocidade incompatível";"Tombamento";"Sem Vítimas";"Pleno dia";"Decrescente";"Ceu Claro";"Simples";"Curva";"Rural";1;0;0;0;1;0;0;1
83438509;"11/02/16";"Quinta";"19:15:00";"CE";20;"303,4";"CANINDE";"Falta de atenção";"Colisão Transversal";"Com Vítimas Fatais";"Plena noite";"Crescente";"Ceu Claro";"Simples";"Reta";"Rural";2;1;0;1;0;0;1;2
83438510;"11/02/16";"Quinta";"20:45:00";"PR";476;"153,5";"ARAUCARIA";"Ingestão de álcool";"Colisão frontal";"Com Vítimas Feridas";"Plena noite";"Decrescente";"Ceu Claro";"Dupla";"Reta";"Urbano";3;0;1;0;2;0;1;2
83438512;"11/02/16";"Quinta";"23:00:00";"MG";381;"528,1";"BRUMADINHO";"Velocidade incompatível";"Colisão com objeto fixo";"Com Vítimas Feridas";"Plena noite";"Crescente";"Chuva";"Dupla";"Curva";"Rural";2;0;1;0;1;0;1;1
83438513;"12/02/16";"Sexta";"00:10:00";"MG";262;"357,9";"BETIM";"Dormindo";"Saída de Pista";"Sem Vítimas";"Plena noite";"Decrescente";"Chuva";"Dupla";"Curva";"Urbano";1;0;0;0;1;0;0;1
83438514;"11/02/16";"Quinta";"15:30:00";"SC";101;"204";"SAO JOSE";"Desobediência à sinalização";"Colisão Transversal";"Com Vítimas Feridas";"Pleno dia";"Crescente";"Ceu Claro";"Dupla";"Cruzamento";"Urbano";3;0;1;0;2;0;1;2
83438516;"11/02/16";"Quinta";"18:20:00";"SP";116;"301";"SAO LOURENCO DA SERRA";"Velocidade incompatível";"Saída de Pista";"Com Vítimas Feridas";"Pleno dia";"Crescente";"Chuva";"Dupla";"Curva";"Rural";5;0;5;0;0;0;5;1
83438517;"11/02/16";"Quinta";"21:45:00";"RJ";116;"227,8";"PIRAI";"Outras";"Colisão traseira";"Sem Vítimas";"Plena noite";"Crescente";"Chuva";"Dupla";"Reta";"Rural";2;0;0;0;2;0;0;2
83438518;"12/02/16";"Sexta";"02:30:00";"MG";50;"42";"ARAGUARI";"Falta de atenção";"Queda de motocicleta / bicicleta / veículo";"Com Vítimas Feridas";"Plena noite";"Crescente";"Chuva";"Dupla";"Reta";"Rural";1;0;0;1;0;0;1;1
83438519;"11/02/16";"Quinta";"12:00:00";"PR";153;"151";"VENTANIA";"Defeito mecânico em veículo";"Saída de Pista";"Sem Vítimas";"Pleno dia";"Crescente";"Ceu Claro";"Simples";"Reta";"Rural";1;0;0;0;1;0;0;1
83438520;"12/02/16";"Sexta";"02:00:00";"SC";101;"207";"SAO JOSE";"Falta de atenção";"Colisão com objeto fixo";"Com Vítimas Feridas";"Plena noite";"Crescente";"Ceu Claro";"Múltipla";"Reta";"Urbano";1;0;1;0;0;0;1;1
83438521;"11/02/16";"Quinta";"18:15:00";"CE";116;"91";"OCARA";"Ultrapassagem indevida";"Saída de Pista";"Sem Vítimas";"Plena noite";"Decrescente";"Ceu Claro";"Simples";"Reta";"Rural";1;0;0;0;1;0;0;1
83438522;"12/02/16";"Sexta";"02:00:00";"PR";369;"136";"IBIPORA";"Outras";"Saída de Pista";"Com Vítimas Feridas";"Plena noite";"Decrescente";"Chuva";"Simples";"Curva";"Urbano";1;0;1;0;0;0;1;1
83438523;"11/02/16";"Quinta";"22:39:00";"AC";364;"123";"RIO BRANCO";"Falta de atenção";"Colisão Transversal";"Com Vítimas Feridas";"Plena noite";"Crescente";"Nublado";"Simples";"Reta";"Urbano";2;0;0;1;0;1;1;2
83438524;"11/02/16";"Quinta";"23:44:00";"PB";230;"25,2";"JOAO PESSOA";"Falta de atenção";"Colisão lateral";"Sem Vítimas";"Plena noite";"Decrescente";"Ceu Claro";"Dupla";"Reta";"Urbano";2;0;0;0;2;0;0;2
83438525;"11/02/16";"Quinta";"10:30:00";"MA";135;"41,2";"BACABEIRA";"Defeito na via";"Capotamento";"Com Vítimas Feridas";"Pleno dia";"Decrescente";"Sol";"Simples";"Reta";"Rural";1;0;1;0;0;0;1;1
83438526;"10/02/16";"Quarta";"14:00:00";"SC";101;"363";"SANGAO";"Desobediência à sinalização";"Colisão traseira";"Com Vítimas Feridas";"Pleno dia";"Crescente";"Sol";"Simples";"Reta";"Urbano";2;0;1;0;1;0;1;2
83438527;"12/02/16";"Sexta";"02:30:00";"SC";101;"390,2";"CRICIUMA";"Outras";"Colisão traseira";"Com Vítimas Feridas";"Plena noite";"Crescente";"Nublado";"Dupla";"Reta";"Rural";2;0;2;0;0;0;2;2
83438528;"11/02/16";"Quinta";"15:10:00";"SC";101;"213,2";"PALHOCA";"Falta de atenção";"Colisão traseira";"Sem Vítimas";"Pleno dia";"Decrescente";"Sol";"Dupla";"Reta";"Urbano";4;0;0;0;3;1;0;4
83438529;"11/02/16";"Quinta";"13:00:00";"AL";101;"240,6";"PORTO REAL DO COLEGIO";"Dormindo";"Tombamento";"Sem Vítimas";"Pleno dia";"Crescente";"Ceu Claro";"Dupla";"Reta";"Rural";1;0;0;0;1;0;0;1
83438530;"12/02/16";"Sexta";"03:15:00";"SC";116;"220,5";"CORREIA PINTO";"Velocidade incompatível";"Colisão com objeto fixo";"Sem Vítimas";"Plena noite";"Decrescente";"Ceu Claro";"Simples";"Cruzamento";"Urbano";1;0;0;0;1;0;0;1
83438531;"11/02/16";"Quinta";"13:20:00";"MG";381;"364";"SAO GONCALO DO RIO ABAIXO";"Velocidade incompatível";"Tombamento";"Com Vítimas Feridas";"Pleno dia";"Crescente";"Sol";"Simples";"Curva";"Rural";1;0;1;0;0;0;1;1
83438532;"12/02/16";"Sexta";"01:10:00";"BA";101;"872";"TEIXEIRA DE FREITAS";"Outras";"Atropelamento de pessoa";"Com Vítimas Feridas";"Plena noite";"Crescente";"Ceu Claro";"Simples";"Reta";"Rural";2;0;0;1;0;1;1;1
83438533;"12/02/16";"Sexta";"04:20:00";"RS";287;"251,5";"SANTA MARIA";"Ingestão de álcool";"Queda de motocicleta / bicicleta / veículo";"Com Vítimas Feridas";"Plena noite";"Crescente";"Ceu Claro";"Simples";"Reta";"Urbano";1;0;1;0;0;0;1;1
83438534;"12/02/16";"Sexta";"01:30:00";"PR";116;"38";"CAMPINA GRANDE DO SUL";"Dormindo";"Capotamento";"Sem Vítimas";"Plena noite";"Crescente";"Ceu Claro";"Dupla";"Curva";"Rural";1;0;0;0;1;0;0;1
83438535;"12/02/16";"Sexta";"05:00:00";"RS";290;"86";"PORTO ALEGRE";"Outras";"Saída de Pista";"Ignorado";"Plena noite";"Decrescente";"Ceu Claro";"Simples";"Curva";"Urbano";1;0;0;0;0;1;0;1
83438536;"11/02/16";"Quinta";"22:05:00";"RO";364;"148,7";"PIMENTA BUENO";"Falta de atenção";"Colisão lateral";"Sem Vítimas";"Plena noite";"Crescente";"Ceu Claro";"Simples";"Reta";"Rural";2;0;0;0;2;0;0;2
83438537;"11/02/16";"Quinta";"23:10:00";"GO";50;"147,5";"CATALAO";"Outras";"Tombamento";"Com Vítimas Feridas";"Plena noite";"Crescente";"Chuva";"Simples";"Reta";"Rural";2;0;2;0;0;0;2;1
83438538;"12/02/16";"Sexta";"00:00:00";"PE";428;"96";"PETROLINA";"Animais na Pista";"Saída de Pista";"Sem Vítimas";"Plena noite";"Crescente";"Ceu Claro";"Simples";"Reta";"Rural";1;0;0;0;1;0;0;1
83438539;"10/02/16";"Quarta";"16:10:00";"SC";101;"373";"ICARA";"Falta de atenção";"Capotamento";"Com Vítimas Feridas";"Pleno dia";"Decrescente";"Sol";"Dupla";"Reta";"Rural";5;0;4;1;0;0;5;1
83438540;"07/02/16";"Domingo";"06:20:00";"PR";369;"186";"ARAPONGAS";"Falta de atenção";"Colisão traseira";"Com Vítimas Feridas";"Pleno dia";"Crescente";"Ceu Claro";"Simples";"Reta";"Urbano";4;0;2;0;2;0;2;2
83438541;"07/02/16";"Domingo";"19:00:00";"PA";316;"65";"CASTANHAL";"Falta de atenção";"Colisão Transversal";"Com Vítimas Feridas";"Plena noite";"Decrescente";"Nublado";"Dupla";"Reta";"Urbano";2;0;0;1;1;0;1;2
83438542;"12/02/16";"Sexta";"01:00:00";"RS";392;"71,3";"PELOTAS";"Outras";"Tombamento";"Com Vítimas Feridas";"Plena noite";"Decrescente";"Ceu Claro";"Dupla";"Reta";"Urbano";1;0;1;0;0;0;1;1
83438543;"11/02/16";"Quinta";"19:20:00";"AC";364;"143";"RIO BRANCO";"Falta de atenção";"Colisão com bicicleta";"Com Vítimas Feridas";"Plena noite";"Decrescente";"Ceu Claro";"Dupla";"Reta";"Rural";3;0;1;0;2;0;1;2
83438544;"11/02/16";"Quinta";"17:10:00";"SP";116;"327,8";"JUQUITIBA";"Falta de atenção";"Saída de Pista";"Com Vítimas Fatais";"Pleno dia";"Decrescente";"Chuva";"Dupla";"Curva";"Rural";1;1;0;0;0;0;0;1
83438545;"12/02/16";"Sexta";"03:00:00";"MG";381;"921,9";"CAMANDUCAIA";"Falta de atenção";"Colisão lateral";"Sem Vítimas";"Plena noite";"Decrescente";"Ignorada";"Dupla";"Reta";"Rural";2;0;0;0;1;1;0;2
83438546;"11/02/16";"Quinta";"22:30:00";"BA";324;"543";"AMELIA RODRIGUES";"Outras";"Saída de Pista";"Sem Vítimas";"Plena noite";"Decrescente";"Ceu Claro";"Dupla";"Reta";"Urbano";1;0;0;0;1;0;0;1
83438547;"11/02/16";"Quinta";"17:30:00";"TO";153;"116";"WANDERLANDIA";"Velocidade incompatível";"Saída de Pista";"Sem Vítimas";"Anoitecer";"Decrescente";"Chuva";"Simples";"Reta";"Rural";1;0;0;0;1;0;0;1
83438548;"12/02/16";"Sexta";"04:40:00";"MS";163;"608,9";"SAO GABRIEL DO OESTE";"Falta de atenção";"Queda de motocicleta / bicicleta / veículo";"Ignorado";"Amanhecer";"Decrescente";"Ignorada";"Simples";"Reta";"Rural";2;0;0;0;0;2;0;1
83438549;"11/02/16";"Quinta";"17:00:00";"PR";277;"594,8";"CASCAVEL";"Ingestão de álcool";"Colisão Transversal";"Sem Vítimas";"Pleno dia";"Decrescente";"Ceu Claro";"Simples";"Reta";"Urbano";2;0;0;0;2;0;0;2
83438550;"11/02/16";"Quinta";"18:30:00";"TO";153;"202";"NOVA OLINDA";"Animais na Pista";"Atropelamento de animal";"Com Vítimas Feridas";"Plena noite";"Crescente";"Chuva";"Simples";"Reta";"Urbano";4;0;1;0;3;0;1;1
83438551;"11/02/16";"Quinta";"21:30:00";"RJ";393;"267,5";"BARRA DO PIRAI";"Outras";"Saída de Pista";"Sem Vítimas";"Plena noite";"Crescente";"Chuva";"Simples";"Curva";"Urbano";1;0;0;0;1;0;0;1
83438552;"12/02/16";"Sexta";"01:10:00";"MA";230;"474,7";"RIACHAO";"Animais na Pista";"Atropelamento de animal";"Com Vítimas Feridas";"Plena noite";"Decrescente";"Nublado";"Simples";"Reta";"Rural";3;0;2;0;1;0;2;1
83438553;"12/02/16";"Sexta";"04:30:00";"RJ";101;"75";"CAMPOS DOS GOYTACAZES";"Dormindo";"Saída de Pista";"Sem Vítimas";"Plena noite";"Decrescente";"Ignorada";"Simples";"Curva";"Urbano";1;0;0;0;1;0;0;1
83438554;"12/02/16";"Sexta";"02:43:00";"RO";364;"697";"PORTO VELHO";"Falta de atenção";"Colisão com objeto fixo";"Com Vítimas Feridas";"Plena noite";"Decrescente";"Ceu Claro";"Dupla";"Reta";"Rural";1;0;0;1;0;0;1;1
83438555;"11/02/16";"Quinta";"18:00:00";"RO";364;"800";"PORTO VELHO";"Outras";"Capotamento";"Com Vítimas Feridas";"Anoitecer";"Crescente";"Chuva";"Simples";"Reta";"Rural";1;0;1;0;0;0;1;1
83438556;"08/02/16";"Segunda";"11:40:00";"ES";101;"217";"IBIRACU";"Outras";"Tombamento";"Com Vítimas Feridas";"Pleno dia";"Decrescente";"Ceu Claro";"Simples";"Curva";"Rural";1;0;1;0;0;0;1;1
83438557;"04/02/16";"Quinta";"03:50:00";"PE";101;"12";"GOIANA";"Falta de atenção";"Queda de motocicleta / bicicleta / veículo";"Com Vítimas Feridas";"Pleno dia";"Crescente";"Sol";"Dupla";"Reta";"Rural";1;0;1;0;0;0;1;1
83438558;"12/02/16";"Sexta";"04:15:00";"MT";364;"347,9";"SANTO ANTONIO DO LEVERGER";"Velocidade incompatível";"Colisão com objeto fixo";"Ignorado";"Plena noite";"Crescente";"Nublado";"Dupla";"Curva";"Rural";1;0;0;0;0;1;0;1
83438559;"07/02/16";"Domingo";"19:50:00";"GO";40;"10";"LUZIANIA";"Outras";"Colisão traseira";"Com Vítimas Feridas";"Plena noite";"Decrescente";"Ceu Claro";"Dupla";"Reta";"Urbano";4;0;3;0;0;1;3;2
83438560;"11/02/16";"Quinta";"19:30:00";"RJ";116;"126";"MAGE";"Outras";"Colisão traseira";"Sem Vítimas";"Plena noite";"Decrescente";"Ceu Claro";"Dupla";"Curva";"Rural";2;0;0;0;2;0;0;2
83438561;"12/02/16";"Sexta";"06:10:00";"SP";116;"38,1";"CACHOEIRA PAULISTA";"Outras";"Colisão traseira";"Sem Vítimas";"Amanhecer";"Crescente";"Chuva";"Dupla";"Reta";"Rural";2;0;0;0;1;1;0;2
83438562;"12/02/16";"Sexta";"05:00:00";"MG";381;"405";"BOM JESUS DO AMPARO";"Ultrapassagem indevida";"Colisão frontal";"Com Vítimas Feridas";"Plena noite";"Crescente";"Chuva";"Simples";"Curva";"Rural";3;0;0;1;2;0;1;3
83438563;"11/02/16";"Quinta";"10:35:00";"MG";381;"782";"CAMPANHA";"Dormindo";"Saída de Pista";"Com Vítimas Feridas";"Pleno dia";"Crescente";"Nublado";"Dupla";"Curva";"Rural";1;0;1;0;0;0;1;1
83438564;"09/02/16";"Terça";"03:40:00";"MG";381;"496,6";"BETIM";"Velocidade incompatível";"Capotamento";"Com Vítimas Feridas";"Plena noite";"Crescente";"Ceu Claro";"Múltipla";"Curva";"Urbano";7;0;3;3;1;0;6;2
83438566;"12/02/16";"Sexta";"06:15:00";"MS";163;"642";"SAO GABRIEL DO OESTE";"Dormindo";"Saída de Pista";"Com Vítimas Feridas";"Pleno dia";"Crescente";"Sol";"Dupla";"Reta";"Rural";1;0;1;0;0;0;1;1
83438567;"11/02/16";"Quinta";"09:30:00";"RJ";40;"94";"PETROPOLIS";"Dormindo";"Saída de Pista";"Sem Vítimas";"Pleno dia";"Crescente";"Nublado";"Dupla";"Reta";"Rural";1;0;0;0;1;0;0;1
83438568;"12/02/16";"Sexta";"06:30:00";"MS";163;"21";"MUNDO NOVO";"Defeito mecânico em veículo";"Tombamento";"Sem Vítimas";"Pleno dia";"Decrescente";"Ceu Claro";"Simples";"Reta";"Rural";1;0;0;0;1;0;0;1