"id";"data_inversa";"dia_semana";"horario";"uf";"br";"km";"municipio";"causa_acidente";"tipo_acidente";"classificacao_acidente";"fase_dia";"sentido_via";"condicao_metereologica";"tipo_pista";"tracado_via";"uso_solo";"pessoas";"mortos";"feridos_leves";"feridos_graves";"ilesos";"ignorados";"feridos";"veiculos"
83438695;"11/02/16";"Quinta";"14:49:00";"SP";116;"58,1";"GUARATINGUETA";"Outras";"Saída de Pista";"Com Vítimas Feridas";"Pleno dia";"Crescente";"Chuva";"Múltipla";"Reta";"Rural";1;0;1;0;0;0;1;1
83438696;"12/02/16";"Sexta";"10:20:00";"SP";116;"223";"GUARULHOS";"Falta de atenção";"Colisão traseira";"Sem Vítimas";"Pleno dia";"Decrescente";"Ceu Claro";"Múltipla";"Reta";"Urbano";2;0;0;0;2;0;0;2
83438697;"12/02/16";"Sexta";"15:30:00";"PR";376;"434,1";"TIBAGI";"Ultrapassagem indevida";"Saída de Pista";"Sem Vítimas";"Pleno dia";"Decrescente";"Ceu Claro";"Simples";"Reta";"Rural";1;0;0;0;1;0;0;1
83438698;"09/02/16";"Terça";"22:50:00";"RJ";101;"407";"ITAGUAI";"Outras";"Colisão com objeto fixo";"Sem Vítimas";"Plena noite";"Decrescente";"Ceu Claro";"Dupla";"Reta";"Urbano";4;0;0;0;3;1;0;4
83438699;"12/02/16";"Sexta";"15:30:00";"GO";153;"503";"APARECIDA DE GOIANIA";"Falta de atenção";"Colisão lateral";"Com Vítimas Feridas";"Pleno dia";"Crescente";"Sol";"Dupla";"Curva";"Urbano";3;0;1;0;2;0;1;2
83438700;"12/02/16";"Sexta";"15:30:00";"ES";101;"276";"SERRA";"Velocidade incompatível";"Colisão com objeto fixo";"Com Vítimas Feridas";"Pleno dia";"Crescente";"Chuva";"Dupla";"Reta";"Urbano";1;0;1;0;0;0;1;1
83438701;"12/02/16";"Sexta";"12:39:00";"RJ";101;"62";"CAMPOS DOS GOYTACAZES";"Não guardar distância de segurança";"Colisão traseira";"Com Vítimas Feridas";"Pleno dia";"Decrescente";"Chuva";"Simples";"Reta";"Urbano";2;0;1;0;1;0;1;2
83438702;"12/02/16";"Sexta";"16:30:00";"MG";381;"516";"IGARAPE";"Outras";"Colisão com objeto fixo";"Sem Vítimas";"Pleno dia";"Crescente";"Chuva";"Dupla";"Curva";"Rural";1;0;0;0;1;0;0;1
83438703;"12/02/16";"Sexta";"11:55:00";"MG";50;"7,5";"ARAGUARI";"Defeito mecânico em veículo";"Capotamento";"Com Vítimas Feridas";"Pleno dia";"Crescente";"Ceu Claro";"Dupla";"Reta";"Rural";1;0;1;0;0;0;1;1
83438704;"12/02/16";"Sexta";"08:16:00";"PR";376;"300,2";"MAUA DA SERRA";"Velocidade incompatível";"Queda de motocicleta / bicicleta / veículo";"Com Vítimas Feridas";"Pleno dia";"Crescente";"Nublado";"Dupla";"Curva";"Urbano";2;0;0;2;0;0;2;1
83438705;"12/02/16";"Sexta";"11:00:00";"MG";116;"771,7";"LEOPOLDINA";"Defeito mecânico em veículo";"Derramamento de Carga";"Sem Vítimas";"Pleno dia";"Decrescente";"Ceu Claro";"Simples";"Curva";"Rural";1;0;0;0;1;0;0;1
83438706;"08/02/16";"Segunda";"02:40:00";"SC";101;"144,6";"ITAPEMA";"Falta de atenção";"Colisão lateral";"Com Vítimas Feridas";"Plena noite";"Decrescente";"Ceu Claro";"Dupla";"Reta";"Rural";2;0;1;0;1;0;1;2
83438713;"06/02/16";"Sábado";"16:50:00";"MG";381;"571";"CARMOPOLIS DE MINAS";"Velocidade incompatível";"Capotamento";"Com Vítimas Feridas";"Pleno dia";"Crescente";"Ceu Claro";"Dupla";"Reta";"Rural";2;0;2;0;0;0;2;1
83438715;"12/02/16";"Sexta";"09:30:00";"RN";226;"396";"PAU DOS FERROS";"Desobediência à sinalização";"Colisão Transversal";"Com Vítimas Feridas";"Pleno dia";"Decrescente";"Ceu Claro";"Simples";"Reta";"Rural";2;0;1;0;0;1;1;2
83438716;"12/02/16";"Sexta";"15:30:00";"MT";364;"199,7";"RONDONOPOLIS";"Falta de atenção";"Colisão traseira";"Sem Vítimas";"Pleno dia";"Decrescente";"Chuva";"Simples";"Reta";"Urbano";2;0;0;0;2;0;0;2
83438717;"09/02/16";"Terça";"08:00:00";"AL";101;"155";"JEQUIA DA PRAIA";"Falta de atenção";"Colisão Transversal";"Com Vítimas Feridas";"Pleno dia";"Decrescente";"Nublado";"Dupla";"Reta";"Rural";5;0;2;0;1;2;2;2
83438718;"09/02/16";"Terça";"18:35:00";"SC";101;"362";"SANGAO";"Falta de atenção";"Colisão com objeto fixo";"Sem Vítimas";"Pleno dia";"Crescente";"Sol";"Dupla";"Curva";"Rural";1;0;0;0;1;0;0;1
83438719;"12/02/16";"Sexta";"18:00:00";"MG";40;"561";"NOVA LIMA";"Outras";"Capotamento";"Com Vítimas Feridas";"Pleno dia";"Decrescente";"Chuva";"Dupla";"Reta";"Urbano";1;0;1;0;0;0;1;1
83438721;"12/02/16";"Sexta";"17:10:00";"MG";116;"416";"GOVERNADOR VALADARES";"Ingestão de álcool";"Colisão com bicicleta";"Sem Vítimas";"Pleno dia";"Decrescente";"Ceu Claro";"Simples";"Cruzamento";"Urbano";2;0;0;0;2;0;0;2
83438722;"12/02/16";"Sexta";"19:05:00";"SC";280;"53,4";"GUARAMIRIM";"Falta de atenção";"Colisão Transversal";"Com Vítimas Feridas";"Pleno dia";"Decrescente";"Ceu Claro";"Simples";"Reta";"Rural";2;0;1;0;1;0;1;2
83438723;"12/02/16";"Sexta";"17:00:00";"MG";40;"527";"CONTAGEM";"Velocidade incompatível";"Saída de Pista";"Com Vítimas Feridas";"Pleno dia";"Decrescente";"Chuva";"Dupla";"Reta";"Rural";3;0;2;0;1;0;2;1
83438724;"12/02/16";"Sexta";"12:15:00";"RO";364;"711";"PORTO VELHO";"Ingestão de álcool";"Colisão traseira";"Com Vítimas Feridas";"Pleno dia";"Crescente";"Sol";"Dupla";"Reta";"Urbano";2;0;1;0;1;0;1;2
83438725;"12/02/16";"Sexta";"15:15:00";"SC";470;"57";"BLUMENAU";"Ingestão de álcool";"Colisão Transversal";"Com Vítimas Feridas";"Pleno dia";"Crescente";"Nublado";"Simples";"Reta";"Urbano";2;0;1;0;1;0;1;2
83438726;"12/02/16";"Sexta";"16:15:00";"SP";116;"212";"GUARULHOS";"Outras";"Colisão traseira";"Sem Vítimas";"Pleno dia";"Crescente";"Ceu Claro";"Múltipla";"Reta";"Urbano";2;0;0;0;2;0;0;2
83438727;"09/02/16";"Terça";"17:00:00";"AL";101;"180,4";"JUNQUEIRO";"Velocidade incompatível";"Tombamento";"Com Vítimas Feridas";"Pleno dia";"Decrescente";"Ceu Claro";"Dupla";"Curva";"Rural";1;0;1;0;0;0;1;1
83438729;"12/02/16";"Sexta";"07:30:00";"PE";104;"77,6";"CARUARU";"Defeito mecânico em veículo";"Capotamento";"Com Vítimas Feridas";"Pleno dia";"Decrescente";"Ceu Claro";"Simples";"Reta";"Rural";1;0;1;0;0;0;1;1
83438730;"12/02/16";"Sexta";"16:00:00";"ES";101;"296";"CARIACICA";"Velocidade incompatível";"Colisão com objeto fixo";"Com Vítimas Feridas";"Pleno dia";"Decrescente";"Chuva";"Dupla";"Reta";"Urbano";2;0;2;0;0;0;2;1
83438731;"12/02/16";"Sexta";"17:30:00";"RS";116;"247,5";"SAO LEOPOLDO";"Não guardar distância de segurança";"Colisão traseira";"Sem Vítimas";"Pleno dia";"Decrescente";"Sol";"Múltipla";"Reta";"Urbano";3;0;0;0;3;0;0;3
83438732;"12/02/16";"Sexta";"08:00:00";"SP";116;"220,8";"GUARULHOS";"Não guardar distância de segurança";"Colisão lateral";"Com Vítimas Feridas";"Pleno dia";"Crescente";"Sol";"Múltipla";"Reta";"Urbano";2;0;1;0;0;1;1;2
83438733;"12/02/16";"Sexta";"16:40:00";"RJ";101;"421";"MANGARATIBA";"Falta de atenção";"Colisão Transversal";"Com Vítimas Feridas";"Pleno dia";"Crescente";"";"Simples";"Reta";"Urbano";2;0;1;0;1;0;1;2
83438734;"08/02/16";"Segunda";"23:35:00";"SC";280;"73,7";"JARAGUA DO SUL";"Falta de atenção";"Colisão lateral";"Com Vítimas Feridas";"Plena noite";"Crescente";"Ceu Claro";"Simples";"Reta";"Rural";2;0;1;0;1;0;1;2
83438735;"12/02/16";"Sexta";"08:40:00";"TO";153;"137";"ARAGUAINA";"Outras";"Tombamento";"Sem Vítimas";"Pleno dia";"Crescente";"Ceu Claro";"Dupla";"Cruzamento";"Urbano";2;0;0;0;2;0;0;1
83438736;"08/02/16";"Segunda";"20:20:00";"RN";304;"102,3";"ASSU";"Ingestão de álcool";"Colisão frontal";"Com Vítimas Feridas";"Plena noite";"Decrescente";"Ceu Claro";"Simples";"Reta";"Rural";4;0;3;0;1;0;3;2
83438737;"12/02/16";"Sexta";"15:30:00";"PE";428;"159";"PETROLINA";"Outras";"Queda de motocicleta / bicicleta / veículo";"Com Vítimas Feridas";"Pleno dia";"Crescente";"Ceu Claro";"Simples";"Reta";"Rural";2;0;1;1;0;0;2;1
83438738;"10/02/16";"Quarta";"15:00:00";"SP";116;"339,8";"JUQUITIBA";"Falta de atenção";"Colisão com objeto fixo";"Sem Vítimas";"Pleno dia";"Crescente";"Nublado";"Dupla";"Curva";"Rural";1;0;0;0;1;0;0;1
83438739;"02/02/16";"Terça";"13:25:00";"SC";101;"214";"PALHOCA";"Não guardar distância de segurança";"Colisão traseira";"Com Vítimas Feridas";"Pleno dia";"Decrescente";"Ceu Claro";"Dupla";"Reta";"Urbano";2;0;1;0;1;0;1;2
83438740;"12/02/16";"Sexta";"18:40:00";"PR";476;"130,7";"CURITIBA";"Falta de atenção";"Atropelamento de pessoa";"Com Vítimas Feridas";"Pleno dia";"Crescente";"Ceu Claro";"Dupla";"Reta";"Urbano";2;0;1;0;1;0;1;1
83438741;"12/02/16";"Sexta";"15:20:00";"MG";381;"481,4";"CONTAGEM";"Ultrapassagem indevida";"Colisão lateral";"Com Vítimas Feridas";"Pleno dia";"Crescente";"Nublado";"Múltipla";"Reta";"Urbano";2;0;1;0;1;0;1;2
83438742;"12/02/16";"Sexta";"16:20:00";"ES";262;"35,6";"DOMINGOS MARTINS";"Velocidade incompatível";"Colisão frontal";"Sem Vítimas";"Pleno dia";"Decrescente";"Chuva";"Simples";"Curva";"Rural";2;0;0;0;2;0;0;2
83438743;"12/02/16";"Sexta";"15:00:00";"RS";285;"122,9";"VACARIA";"Outras";"Colisão com bicicleta";"Com Vítimas Feridas";"Pleno dia";"Decrescente";"Sol";"Simples";"Reta";"Urbano";2;0;0;1;1;0;1;2
83438744;"12/02/16";"Sexta";"14:55:00";"SC";101;"56";"ARAQUARI";"Falta de atenção";"Colisão lateral";"Sem Vítimas";"Pleno dia";"Crescente";"Sol";"Dupla";"Reta";"Rural";2;0;0;0;2;0;0;2
83438745;"12/02/16";"Sexta";"16:40:00";"AC";364;"127";"RIO BRANCO";"Outras";"Saída de Pista";"Com Vítimas Feridas";"Pleno dia";"Decrescente";"Nublado";"Simples";"Reta";"Urbano";2;0;1;0;1;0;1;2
83438746;"12/02/16";"Sexta";"10:10:00";"MT";174;"361";"CONQUISTA DOESTE";"Outras";"Capotamento";"Sem Vítimas";"Pleno dia";"Crescente";"Ceu Claro";"Simples";"Reta";"Rural";3;0;0;0;3;0;0;1
83438747;"12/02/16";"Sexta";"17:10:00";"MG";267;"317";"CONCEICAO DO RIO VERDE";"Falta de atenção";"Colisão lateral";"Com Vítimas Fatais";"Pleno dia";"Decrescente";"Ceu Claro";"Simples";"Reta";"Rural";3;1;0;0;2;0;0;2
83438749;"12/02/16";"Sexta";"14:25:00";"SC";101;"204,9";"SAO JOSE";"Não guardar distância de segurança";"Colisão traseira";"Com Vítimas Feridas";"Pleno dia";"Crescente";"Sol";"Múltipla";"Reta";"Urbano";2;0;1;0;1;0;1;2
83438750;"12/02/16";"Sexta";"13:55:00";"PR";163;"147,7";"CAPITAO LEONIDAS MARQUES";"Outras";"Colisão com objeto fixo";"Sem Vítimas";"Pleno dia";"Crescente";"Sol";"Simples";"Reta";"Rural";1;0;0;0;1;0;0;1
83438751;"12/02/16";"Sexta";"16:40:00";"SC";280;"66,7";"JARAGUA DO SUL";"Não guardar distância de segurança";"Colisão traseira";"Com Vítimas Feridas";"Pleno dia";"Crescente";"Nublado";"Simples";"Reta";"Urbano";2;0;1;0;1;0;1;2
83438752;"12/02/16";"Sexta";"16:00:00";"MG";381;"481,3";"CONTAGEM";"Velocidade incompatível";"Colisão traseira";"Com Vítimas Feridas";"Pleno dia";"Crescente";"Ceu Claro";"Múltipla";"Reta";"Urbano";2;0;1;0;1;0;1;2
83438753;"12/02/16";"Sexta";"16:25:00";"CE";222;"246,9";"SOBRAL";"Falta de atenção";"Colisão lateral";"Com Vítimas Feridas";"Pleno dia";"Crescente";"Ceu Claro";"Simples";"Reta";"Rural";3;0;1;0;2;0;1;2
83438754;"12/02/16";"Sexta";"19:50:00";"SC";470;"134,6";"RIO DO SUL";"Falta de atenção";"Colisão lateral";"Com Vítimas Feridas";"Pleno dia";"Decrescente";"Ceu Claro";"Simples";"Reta";"Rural";2;0;0;1;1;0;1;2
83438755;"12/02/16";"Sexta";"18:00:00";"PE";424;"7,1";"ARCOVERDE";"Outras";"Colisão com bicicleta";"Com Vítimas Feridas";"Plena noite";"Crescente";"Ceu Claro";"Simples";"Reta";"Rural";2;0;1;1;0;0;2;2
83438756;"12/02/16";"Sexta";"15:15:00";"MG";262;"410,7";"IGARATINGA";"Outras";"Atropelamento de pessoa";"Com Vítimas Feridas";"Pleno dia";"Decrescente";"Ceu Claro";"Dupla";"Reta";"Rural";2;0;0;1;1;0;1;1
83438757;"12/02/16";"Sexta";"13:50:00";"SP";153;"62,5";"SAO JOSE DO RIO PRETO";"Não guardar distância de segurança";"Colisão traseira";"Com Vítimas Feridas";"Pleno dia";"Crescente";"Sol";"Dupla";"Reta";"Urbano";3;0;1;0;2;0;1;3
83438758;"09/02/16";"Terça";"03:30:00";"MG";365;"862";"SANTA VITORIA";"Outras";"Saída de Pista";"Com Vítimas Feridas";"Plena noite";"Crescente";"Ceu Claro";"Simples";"Reta";"Rural";3;0;2;1;0;0;3;1
83438759;"12/02/16";"Sexta";"10:10:00";"GO";40;"3";"VALPARAISO DE GOIAS";"Outras";"Queda de motocicleta / bicicleta / veículo";"Com Vítimas Feridas";"Pleno dia";"Decrescente";"Ceu Claro";"Dupla";"Reta";"Urbano";2;0;2;0;0;0;2;1
83438760;"12/02/16";"Sexta";"13:20:00";"PB";230;"18";"JOAO PESSOA";"Outras";"Saída de Pista";"Com Vítimas Feridas";"Pleno dia";"Crescente";"Ceu Claro";"Dupla";"Reta";"Urbano";2;0;1;1;0;0;2;1
83438761;"12/02/16";"Sexta";"21:15:00";"SC";101;"340";"TUBARAO";"Falta de atenção";"Tombamento";"Com Vítimas Feridas";"Plena noite";"Decrescente";"Nublado";"Simples";"Curva";"Urbano";1;0;1;0;0;0;1;1
83438762;"12/02/16";"Sexta";"16:10:00";"PR";369;"174,4";"ROLANDIA";"Desobediência à sinalização";"Colisão com bicicleta";"Com Vítimas Feridas";"Pleno dia";"Decrescente";"Ceu Claro";"Simples";"Reta";"Urbano";2;0;1;0;1;0;1;2
83438763;"12/02/16";"Sexta";"07:20:00";"RO";364;"349";"JI-PARANA";"Ultrapassagem indevida";"Saída de Pista";"Com Vítimas Feridas";"Pleno dia";"Crescente";"Nublado";"Simples";"Reta";"Rural";1;0;1;0;0;0;1;1
83438764;"12/02/16";"Sexta";"19:25:00";"GO";60;"92,8";"ANAPOLIS";"Falta de atenção";"Colisão lateral";"Com Vítimas Feridas";"Anoitecer";"Decrescente";"Nublado";"Dupla";"Reta";"Urbano";2;0;2;0;0;0;2;2
83438765;"12/02/16";"Sexta";"18:30:00";"MG";153;"34";"CANAPOLIS";"Velocidade incompatível";"Saída de Pista";"Sem Vítimas";"Pleno dia";"Crescente";"Chuva";"Dupla";"Reta";"Rural";1;0;0;0;1;0;0;1
83438766;"12/02/16";"Sexta";"07:15:00";"SC";101;"215";"PALHOCA";"Outras";"Colisão traseira";"Sem Vítimas";"Pleno dia";"Decrescente";"Ceu Claro";"Dupla";"Curva";"Urbano";2;0;0;0;2;0;0;2
83438768;"12/02/16";"Sexta";"21:00:00";"SC";101;"5,5";"GARUVA";"Falta de atenção";"Colisão lateral";"Com Vítimas Feridas";"Plena noite";"Decrescente";"Nublado";"Dupla";"Reta";"Rural";3;0;1;0;2;0;1;2
83438769;"12/02/16";"Sexta";"20:15:00";"SC";163;"74";"SAO MIGUEL DOESTE";"Velocidade incompatível";"Capotamento";"Com Vítimas Feridas";"Plena noite";"Crescente";"Chuva";"Simples";"Reta";"Rural";3;0;3;0;0;0;3;1
83438770;"12/02/16";"Sexta";"18:20:00";"MG";381;"452,8";"SABARA";"Velocidade incompatível";"Colisão traseira";"Sem Vítimas";"Pleno dia";"Decrescente";"Chuva";"Simples";"Reta";"Urbano";3;0;0;0;3;0;0;2
83438771;"12/02/16";"Sexta";"16:30:00";"MT";364;"349,8";"SANTO ANTONIO DO LEVERGER";"Velocidade incompatível";"Colisão traseira";"Sem Vítimas";"Pleno dia";"Crescente";"Sol";"Dupla";"Curva";"Rural";3;0;0;0;3;0;0;3
83438772;"12/02/16";"Sexta";"13:50:00";"MT";163;"584";"NOVA MUTUM";"Falta de atenção";"Colisão frontal";"Com Vítimas Feridas";"Pleno dia";"Decrescente";"Nublado";"Simples";"Reta";"Rural";3;0;2;0;1;0;2;2
83438773;"12/02/16";"Sexta";"20:35:00";"ES";101;"259,5";"SERRA";"Falta de atenção";"Atropelamento de pessoa";"Com Vítimas Feridas";"Plena noite";"Crescente";"Nublado";"Simples";"Reta";"Urbano";2;0;2;0;0;0;2;1
83438774;"12/02/16";"Sexta";"19:45:00";"RJ";101;"496";"ANGRA DOS REIS";"Velocidade incompatível";"Colisão traseira";"Com Vítimas Feridas";"Plena noite";"Crescente";"Ceu Claro";"Simples";"Reta";"Rural";2;0;2;0;0;0;2;2
83438775;"12/02/16";"Sexta";"15:20:00";"MT";163;"511";"DIAMANTINO";"Falta de atenção";"Colisão com objeto móvel";"Sem Vítimas";"Pleno dia";"Decrescente";"Ceu Claro";"Simples";"Reta";"Rural";2;0;0;0;2;0;0;2
83438776;"12/02/16";"Sexta";"17:30:00";"BA";116;"908,8";"CANDIDO SALES";"Falta de atenção";"Colisão traseira";"Sem Vítimas";"Anoitecer";"Decrescente";"Nublado";"Simples";"Reta";"Urbano";2;0;0;0;2;0;0;2
83438777;"12/02/16";"Sexta";"18:10:00";"RO";364;"43";"VILHENA";"Não guardar distância de segurança";"Saída de Pista";"Sem Vítimas";"Anoitecer";"Crescente";"Ceu Claro";"Simples";"Reta";"Rural";1;0;0;0;1;0;0;1
83438778;"12/02/16";"Sexta";"19:40:00";"MG";40;"44";"PARACATU";"Não guardar distância de segurança";"Colisão traseira";"Sem Vítimas";"Plena noite";"Crescente";"Ceu Claro";"Simples";"Reta";"Urbano";3;0;0;0;3;0;0;3
83438779;"12/02/16";"Sexta";"17:05:00";"MG";262;"439,5";"NOVA SERRANA";"Outras";"Saída de Pista";"Com Vítimas Feridas";"Pleno dia";"Crescente";"Chuva";"Dupla";"Curva";"Urbano";2;0;1;0;1;0;1;1
83438780;"12/02/16";"Sexta";"13:50:00";"MG";40;"144,7";"JOAO PINHEIRO";"Outras";"Colisão com bicicleta";"Com Vítimas Feridas";"Pleno dia";"Decrescente";"Ceu Claro";"Simples";"Reta";"Rural";4;0;0;1;3;0;1;2
83438781;"12/02/16";"Sexta";"19:30:00";"SE";101;"68";"MARUIM";"Não guardar distância de segurança";"Colisão traseira";"Sem Vítimas";"Plena noite";"Crescente";"Ceu Claro";"Simples";"Reta";"Rural";3;0;0;0;3;0;0;3
83438782;"12/02/16";"Sexta";"22:00:00";"SC";101;"205,2";"SAO JOSE";"Outras";"Colisão traseira";"Com Vítimas Feridas";"Plena noite";"Crescente";"Ceu Claro";"Dupla";"Reta";"Urbano";2;0;1;0;1;0;1;2
83438783;"12/02/16";"Sexta";"18:20:00";"SC";282;"2,2";"FLORIANOPOLIS";"Falta de atenção";"Colisão lateral";"Com Vítimas Feridas";"Pleno dia";"Crescente";"Ceu Claro";"Dupla";"Reta";"Urbano";2;0;1;0;1;0;1;2
83438784;"12/02/16";"Sexta";"22:40:00";"SC";101;"188";"BIGUACU";"Velocidade incompatível";"Colisão traseira";"Com Vítimas Feridas";"Plena noite";"Crescente";"Nublado";"Dupla";"Reta";"Urbano";3;0;0;1;1;1;1;2
83438785;"12/02/16";"Sexta";"23:05:00";"SC";101;"119,5";"ITAJAI";"Falta de atenção";"Colisão com objeto fixo";"Sem Vítimas";"Pleno dia";"Decrescente";"Nublado";"Múltipla";"Reta";"Urbano";1;0;0;0;1;0;0;1
83438786;"12/02/16";"Sexta";"18:50:00";"SE";101;"90";"NOSSA SENHORA DO SOCORRO";"Falta de atenção";"Colisão com objeto fixo";"Com Vítimas Feridas";"Plena noite";"Decrescente";"Ceu Claro";"Dupla";"Reta";"Rural";2;0;1;0;1;0;1;1
83438787;"12/02/16";"Sexta";"18:30:00";"PE";110;"133,5";"IBIMIRIM";"Velocidade incompatível";"Tombamento";"Com Vítimas Feridas";"Plena noite";"Decrescente";"Ceu Claro";"Simples";"Reta";"Rural";1;0;1;0;0;0;1;1
83438788;"12/02/16";"Sexta";"18:30:00";"CE";222;"214";"FORQUILHA";"Outras";"Colisão com bicicleta";"Com Vítimas Feridas";"Plena noite";"Decrescente";"Ceu Claro";"Simples";"Reta";"Rural";2;0;0;1;1;0;1;2
83438789;"12/02/16";"Sexta";"22:45:00";"RS";386;"217,8";"TIO HUGO";"Desobediência à sinalização";"Colisão lateral";"Sem Vítimas";"Plena noite";"Crescente";"Nublado";"Simples";"Reta";"Rural";2;0;0;0;2;0;0;2
83438790;"12/02/16";"Sexta";"16:50:00";"MG";365;"157";"PIRAPORA";"Velocidade incompatível";"Capotamento";"Com Vítimas Feridas";"Pleno dia";"Decrescente";"Chuva";"Simples";"Reta";"Rural";1;0;1;0;0;0;1;1
83438791;"12/02/16";"Sexta";"20:00:00";"PA";316;"11";"MARITUBA";"Outras";"Atropelamento de pessoa";"Com Vítimas Feridas";"Plena noite";"Decrescente";"Nublado";"Dupla";"Reta";"Urbano";2;0;0;1;1;0;1;1
83438792;"12/02/16";"Sexta";"23:00:00";"RJ";116;"41";"TERESOPOLIS";"Falta de atenção";"Colisão frontal";"Com Vítimas Feridas";"Plena noite";"Crescente";"Ceu Claro";"Simples";"Reta";"Urbano";2;0;0;1;1;0;1;2
83438793;"12/02/16";"Sexta";"23:30:00";"PR";476;"363,7";"UNIAO DA VITORIA";"Não guardar distância de segurança";"Colisão traseira";"Com Vítimas Feridas";"Plena noite";"Decrescente";"Ceu Claro";"Simples";"Reta";"Urbano";2;0;1;0;1;0;1;2
83438794;"12/02/16";"Sexta";"22:35:00";"PE";232;"511,8";"SALGUEIRO";"Animais na Pista";"Atropelamento de animal";"Com Vítimas Feridas";"Plena noite";"Decrescente";"Chuva";"Simples";"Reta";"Urbano";2;0;1;0;1;0;1;2
83438795;"12/02/16";"Sexta";"16:50:00";"RR";401;"1";"BOA VISTA";"Não guardar distância de segurança";"Colisão traseira";"Com Vítimas Feridas";"Pleno dia";"Decrescente";"Ceu Claro";"Dupla";"Cruzamento";"Urbano";3;0;1;0;2;0;1;2
83438796;"12/02/16";"Sexta";"23:50:00";"PR";376;"173,3";"MARINGA";"Falta de atenção";"Atropelamento de pessoa";"Com Vítimas Feridas";"Plena noite";"Decrescente";"Ceu Claro";"Dupla";"Curva";"Urbano";2;0;1;0;0;1;1;1
83438797;"12/02/16";"Sexta";"20:22:00";"MG";381;"524";"BRUMADINHO";"Falta de atenção";"Colisão traseira";"Sem Vítimas";"Plena noite";"Crescente";"Chuva";"Dupla";"Reta";"Rural";3;0;0;0;3;0;0;2
83438798;"09/02/16";"Terça";"14:50:00";"PB";230;"9,1";"CABEDELO";"Outras";"Queda de motocicleta / bicicleta / veículo";"Com Vítimas Feridas";"Pleno dia";"Crescente";"Sol";"Dupla";"Reta";"Urbano";1;0;1;0;0;0;1;1
83438799;"13/02/16";"Sábado";"01:15:00";"RS";116;"261";"PORTO ALEGRE";"Velocidade incompatível";"Colisão com objeto fixo";"Com Vítimas Feridas";"Plena noite";"Decrescente";"Ceu Claro";"Múltipla";"Curva";"Rural";3;0;2;0;1;0;2;1
83438800;"12/02/16";"Sexta";"18:15:00";"PR";163;"6";"BARRACAO";"Falta de atenção";"Colisão Transversal";"Com Vítimas Feridas";"Pleno dia";"Crescente";"Ceu Claro";"Simples";"Curva";"Rural";2;0;0;1;1;0;1;2
83438801;"12/02/16";"Sexta";"22:30:00";"MT";364;"255,9";"JUSCIMEIRA";"Defeito mecânico em veículo";"Incêndio";"Sem Vítimas";"Plena noite";"Decrescente";"Nublado";"Simples";"Reta";"Rural";1;0;0;0;1;0;0;1
83438802;"11/02/16";"Quinta";"19:45:00";"BA";116;"632";"JAGUAQUARA";"Outras";"Colisão traseira";"Sem Vítimas";"Plena noite";"Decrescente";"Ceu Claro";"Simples";"Reta";"Urbano";4;0;0;0;4;0;0;2
83438803;"13/02/16";"Sábado";"01:20:00";"PR";376;"140";"NOVA ESPERANCA";"Outras";"Capotamento";"Com Vítimas Feridas";"Plena noite";"Decrescente";"Ceu Claro";"Dupla";"Reta";"Rural";1;0;1;0;0;0;1;1
83438804;"13/02/16";"Sábado";"03:00:00";"SC";101;"41,8";"JOINVILLE";"Falta de atenção";"Capotamento";"Com Vítimas Feridas";"Plena noite";"Crescente";"Ceu Claro";"Dupla";"Reta";"Urbano";2;0;2;0;0;0;2;1
83438805;"12/02/16";"Sexta";"18:55:00";"SC";101;"324,2";"PESCARIA BRAVA";"Desobediência à sinalização";"Colisão Transversal";"Com Vítimas Feridas";"Pleno dia";"Crescente";"Sol";"Simples";"Reta";"Urbano";2;0;1;0;1;0;1;2
83438806;"08/02/16";"Segunda";"14:00:00";"BA";101;"541";"SAO JOSE DA VITORIA";"Velocidade incompatível";"Capotamento";"Com Vítimas Feridas";"Pleno dia";"Decrescente";"Ceu Claro";"Simples";"Reta";"Urbano";3;0;1;2;0;0;3;1
83438807;"12/02/16";"Sexta";"20:20:00";"PR";277;"70";"CURITIBA";"Outras";"Capotamento";"Com Vítimas Feridas";"Plena noite";"Crescente";"Nublado";"Dupla";"Reta";"Urbano";1;0;1;0;0;0;1;1
83438808;"13/02/16";"Sábado";"03:10:00";"RS";287;"246,7";"SANTA MARIA";"Falta de atenção";"Colisão lateral";"Com Vítimas Feridas";"Plena noite";"Decrescente";"Ceu Claro";"Simples";"Reta";"Urbano";2;0;1;0;0;1;1;2
83438810;"13/02/16";"Sábado";"02:20:00";"RN";101;"83";"NATAL";"Não guardar distância de segurança";"Colisão lateral";"Com Vítimas Feridas";"Plena noite";"Decrescente";"Vento";"Dupla";"Reta";"Urbano";3;0;2;0;1;0;2;2
83438811;"13/02/16";"Sábado";"02:00:00";"SP";116;"318";"JUQUITIBA";"Falta de atenção";"Saída de Pista";"Sem Vítimas";"Plena noite";"Decrescente";"Nevoeiro/neblina";"Dupla";"Reta";"Rural";1;0;0;0;1;0;0;1
83438812;"12/02/16";"Sexta";"17:10:00";"PA";316;"138";"CAPANEMA";"Não guardar distância de segurança";"Colisão traseira";"Com Vítimas Fatais";"Pleno dia";"Crescente";"Nublado";"Simples";"Reta";"Rural";4;1;0;0;3;0;0;2
83438813;"08/02/16";"Segunda";"15:00:00";"MA";135;"24";"SAO LUIS";"Outras";"Colisão traseira";"Sem Vítimas";"Pleno dia";"Decrescente";"Nublado";"Simples";"Reta";"Urbano";3;0;0;0;3;0;0;3