"id";"data_inversa";"dia_semana";"horario";"uf";"br";"km";"municipio";"causa_acidente";"tipo_acidente";"classificacao_acidente";"fase_dia";"sentido_via";"condicao_metereologica";"tipo_pista";"tracado_via";"uso_solo";"pessoas";"mortos";"feridos_leves";"feridos_graves";"ilesos";"ignorados";"feridos";"veiculos"
83438814;"07/02/16";"Domingo";"17:00:00";"MT";70;"601";"POCONE";"Outras";"Capotamento";"Com Vítimas Feridas";"Pleno dia";"Crescente";"Chuva";"Simples";"Curva";"Rural";2;0;1;0;1;0;1;1
83438815;"12/02/16";"Sexta";"22:00:00";"GO";60;"9";"SANTO ANTONIO DO DESCOBERTO";"Ingestão de álcool";"Colisão traseira";"Com Vítimas Feridas";"Plena noite";"Crescente";"Ceu Claro";"Dupla";"Reta";"Rural";2;0;0;1;1;0;1;2
83438816;"11/02/16";"Quinta";"17:30:00";"MG";365;"630";"UBERLANDIA";"Não guardar distância de segurança";"Colisão traseira";"Sem Vítimas";"Pleno dia";"Decrescente";"Nublado";"Dupla";"Cruzamento";"Urbano";3;0;0;0;3;0;0;3
83438817;"12/02/16";"Sexta";"18:40:00";"MG";381;"440";"SABARA";"Velocidade incompatível";"Colisão frontal";"Com Vítimas Feridas";"Anoitecer";"Decrescente";"Nublado";"Simples";"Curva";"Rural";4;0;0;1;3;0;1;3
83438818;"12/02/16";"Sexta";"13:50:00";"DF";20;"19";"BRASILIA";"Outras";"Colisão traseira";"Com Vítimas Feridas";"Pleno dia";"Crescente";"Ceu Claro";"Dupla";"Reta";"Urbano";9;0;7;0;2;0;7;2
83438819;"12/02/16";"Sexta";"20:30:00";"MT";163;"986";"TERRA NOVA DO NORTE";"Defeito na via";"Colisão traseira";"Com Vítimas Feridas";"Plena noite";"Crescente";"Ceu Claro";"Simples";"Reta";"Rural";2;0;1;0;1;0;1;2
83438820;"07/02/16";"Domingo";"20:15:00";"ES";101;"176,9";"ARACRUZ";"Falta de atenção";"Queda de motocicleta / bicicleta / veículo";"Com Vítimas Feridas";"Plena noite";"Crescente";"Nublado";"Múltipla";"Reta";"Urbano";1;0;1;0;0;0;1;1
83438821;"12/02/16";"Sexta";"18:20:00";"PB";104;"111,1";"LAGOA SECA";"Outras";"Colisão traseira";"Com Vítimas Feridas";"Plena noite";"Decrescente";"Ceu Claro";"Simples";"Curva";"Rural";3;0;1;1;1;0;2;3
83438823;"09/02/16";"Terça";"05:40:00";"SP";381;"13";"BRAGANCA PAULISTA";"Outras";"Colisão com objeto móvel";"Com Vítimas Fatais";"Plena noite";"Crescente";"Ceu Claro";"Múltipla";"Reta";"Urbano";5;1;4;0;0;0;4;2
83438824;"13/02/16";"Sábado";"04:30:00";"GO";60;"108,5";"GOIANAPOLIS";"Outras";"Queda de motocicleta / bicicleta / veículo";"Com Vítimas Feridas";"Plena noite";"Decrescente";"Nublado";"Dupla";"Cruzamento";"Rural";1;0;0;1;0;0;1;1
83438825;"12/02/16";"Sexta";"15:30:00";"GO";60;"428,5";"RIO VERDE";"Velocidade incompatível";"Saída de Pista";"Sem Vítimas";"Pleno dia";"Decrescente";"Chuva";"Dupla";"Reta";"Rural";1;0;0;0;1;0;0;1
83438826;"13/02/16";"Sábado";"04:00:00";"SC";282;"524,6";"XAXIM";"Velocidade incompatível";"Colisão com objeto fixo";"Com Vítimas Feridas";"Plena noite";"Crescente";"Ceu Claro";"Simples";"Curva";"Rural";1;0;1;0;0;0;1;1
83438827;"12/02/16";"Sexta";"05:30:00";"PR";277;"666,2";"MEDIANEIRA";"Falta de atenção";"Queda de motocicleta / bicicleta / veículo";"Com Vítimas Feridas";"Plena noite";"Decrescente";"Ceu Claro";"Dupla";"Reta";"Rural";2;0;2;0;0;0;2;1
83438828;"09/02/16";"Terça";"04:30:00";"MG";365;"165,5";"PIRAPORA";"Falta de atenção";"Atropelamento de pessoa";"Com Vítimas Feridas";"Amanhecer";"Crescente";"Ceu Claro";"Simples";"Reta";"Urbano";2;0;0;1;0;1;1;1
83438829;"12/02/16";"Sexta";"15:30:00";"SC";101;"379,7";"ICARA";"Outras";"Saída de Pista";"Com Vítimas Feridas";"Pleno dia";"Crescente";"Ceu Claro";"Dupla";"Reta";"Rural";1;0;1;0;0;0;1;1
83438830;"12/02/16";"Sexta";"20:45:00";"PR";163;"109,5";"CAPANEMA";"Outras";"Colisão lateral";"Sem Vítimas";"Plena noite";"Crescente";"Ceu Claro";"Simples";"Curva";"Rural";2;0;0;0;1;1;0;2
83438831;"12/02/16";"Sexta";"16:15:00";"AL";101;"59";"FLEXEIRAS";"Ultrapassagem indevida";"Saída de Pista";"Com Vítimas Feridas";"Anoitecer";"Crescente";"Nublado";"Simples";"Reta";"Rural";1;0;0;1;0;0;1;1
83438832;"13/02/16";"Sábado";"04:00:00";"SC";116;"216,3";"PONTE ALTA";"Ingestão de álcool";"Capotamento";"Com Vítimas Feridas";"Plena noite";"Crescente";"Ceu Claro";"Simples";"Reta";"Rural";1;0;1;0;0;0;1;1
83438833;"12/02/16";"Sexta";"09:50:00";"RS";290;"180,1";"MINAS DO LEAO";"Defeito mecânico em veículo";"Saída de Pista";"Com Vítimas Feridas";"Pleno dia";"Crescente";"Ceu Claro";"Simples";"Reta";"Urbano";1;0;1;0;0;0;1;1
83438834;"13/02/16";"Sábado";"07:00:00";"RS";290;"33";"SANTO ANTONIO DA PATRULHA";"Dormindo";"Capotamento";"Ignorado";"Amanhecer";"Decrescente";"Ceu Claro";"Dupla";"Reta";"Rural";1;0;0;0;0;1;0;1
83438835;"09/02/16";"Terça";"04:30:00";"RS";116;"203,2";"PICADA CAFE";"Dormindo";"Tombamento";"Com Vítimas Feridas";"Plena noite";"Crescente";"Ceu Claro";"Simples";"Curva";"Rural";1;0;0;1;0;0;1;1
83438836;"12/02/16";"Sexta";"14:01:00";"TO";226;"37";"DARCINOPOLIS";"Outras";"Colisão frontal";"Com Vítimas Feridas";"Pleno dia";"Crescente";"Chuva";"Simples";"Reta";"Rural";2;0;1;0;1;0;1;2
83438837;"12/02/16";"Sexta";"20:10:00";"RJ";116;"310";"ITATIAIA";"Outras";"Atropelamento de pessoa";"Com Vítimas Feridas";"Plena noite";"Decrescente";"Ceu Claro";"Simples";"Reta";"Urbano";2;0;1;0;0;1;1;1
83438838;"13/02/16";"Sábado";"06:00:00";"SC";116;"7,5";"MAFRA";"Desobediência à sinalização";"Colisão lateral";"Com Vítimas Feridas";"Plena noite";"Crescente";"Ceu Claro";"Simples";"Reta";"Urbano";4;0;0;2;2;0;2;3
83438839;"13/02/16";"Sábado";"07:00:00";"SC";153;"99,3";"CONCORDIA";"Outras";"Queda de motocicleta / bicicleta / veículo";"Com Vítimas Feridas";"Pleno dia";"Crescente";"Ceu Claro";"Simples";"Reta";"Urbano";1;0;1;0;0;0;1;1
83438840;"09/02/16";"Terça";"17:10:00";"PR";476;"142";"CURITIBA";"Outras";"Queda de motocicleta / bicicleta / veículo";"Com Vítimas Feridas";"Pleno dia";"Decrescente";"Nublado";"Dupla";"Reta";"Urbano";1;0;0;1;0;0;1;1
83438841;"13/02/16";"Sábado";"02:00:00";"MS";267;"24,9";"BATAGUASSU";"Dormindo";"Saída de Pista";"Sem Vítimas";"Plena noite";"Decrescente";"Nublado";"Simples";"Reta";"Rural";1;0;0;0;1;0;0;1
83438842;"12/02/16";"Sexta";"22:30:00";"MG";381;"292";"ANTONIO DIAS";"Falta de atenção";"Tombamento";"Sem Vítimas";"Plena noite";"Crescente";"Chuva";"Simples";"Reta";"Rural";1;0;0;0;1;0;0;1
83438843;"13/02/16";"Sábado";"04:20:00";"SC";470;"223";"SAO CRISTOVAO DO SUL";"Outras";"Colisão lateral";"Sem Vítimas";"Plena noite";"Crescente";"Ceu Claro";"Simples";"Reta";"Rural";2;0;0;0;2;0;0;2
83438844;"03/02/16";"Quarta";"19:30:00";"BA";324;"562";"SAO SEBASTIAO DO PASSE";"Defeito mecânico em veículo";"Colisão com objeto móvel";"Sem Vítimas";"Plena noite";"Crescente";"Ceu Claro";"Dupla";"Reta";"Rural";2;0;0;0;2;0;0;2
83438845;"13/02/16";"Sábado";"07:20:00";"MG";381;"555";"ITAGUARA";"Outras";"Saída de Pista";"Sem Vítimas";"Amanhecer";"Crescente";"Nublado";"Dupla";"Reta";"Rural";1;0;0;0;1;0;0;1
83438846;"12/02/16";"Sexta";"17:45:00";"SC";101;"348,2";"JAGUARUNA";"Falta de atenção";"Colisão lateral";"Sem Vítimas";"Pleno dia";"Decrescente";"Ceu Claro";"Dupla";"Reta";"Rural";2;0;0;0;2;0;0;2
83438847;"09/02/16";"Terça";"18:00:00";"MG";40;"587,5";"ITABIRITO";"Ingestão de álcool";"Colisão frontal";"Com Vítimas Feridas";"Pleno dia";"Decrescente";"Ceu Claro";"Simples";"Curva";"Rural";7;0;4;3;0;0;7;2
83438848;"10/02/16";"Quarta";"06:50:00";"TO";153;"498";"PARAISO DO TOCANTINS";"Outras";"Queda de motocicleta / bicicleta / veículo";"Com Vítimas Feridas";"Amanhecer";"Crescente";"Ceu Claro";"Simples";"Reta";"Rural";1;0;0;1;0;0;1;1
83438849;"13/02/16";"Sábado";"08:00:00";"SC";101;"215";"PALHOCA";"Outras";"Colisão lateral";"Com Vítimas Feridas";"Pleno dia";"Decrescente";"Ceu Claro";"Simples";"Reta";"Urbano";3;0;2;0;1;0;2;2
83438850;"09/02/16";"Terça";"14:15:00";"SC";282;"431";"VARGEM BONITA";"Falta de atenção";"Colisão frontal";"Com Vítimas Feridas";"Pleno dia";"Decrescente";"Nublado";"Simples";"Reta";"Rural";3;0;2;0;1;0;2;2
83438851;"10/02/16";"Quarta";"04:40:00";"CE";116;"6";"FORTALEZA";"Outras";"Queda de motocicleta / bicicleta / veículo";"Com Vítimas Feridas";"Amanhecer";"Crescente";"Ceu Claro";"Múltipla";"Reta";"Urbano";1;0;1;0;0;0;1;1
83438852;"13/02/16";"Sábado";"06:15:00";"MS";163;"454,9";"CAMPO GRANDE";"Ingestão de álcool";"Colisão traseira";"Com Vítimas Feridas";"Pleno dia";"Decrescente";"Ceu Claro";"Simples";"Reta";"Rural";6;0;4;0;2;0;4;2
83438853;"11/02/16";"Quinta";"05:20:00";"MG";381;"410,7";"NOVA UNIAO";"Dormindo";"Colisão frontal";"Com Vítimas Feridas";"Plena noite";"Crescente";"Ceu Claro";"Simples";"Curva";"Rural";7;0;7;0;0;0;7;2
83438854;"13/02/16";"Sábado";"05:30:00";"SC";280;"104,8";"SAO BENTO DO SUL";"Dormindo";"Capotamento";"Com Vítimas Feridas";"Plena noite";"Decrescente";"Nublado";"Simples";"Reta";"Urbano";2;0;0;2;0;0;2;1
83438855;"12/02/16";"Sexta";"07:20:00";"SC";280;"55";"GUARAMIRIM";"Falta de atenção";"Colisão Transversal";"Com Vítimas Feridas";"Pleno dia";"Crescente";"Ceu Claro";"Simples";"Reta";"Urbano";2;0;1;0;1;0;1;2
83438856;"10/02/16";"Quarta";"04:30:00";"SE";101;"11,1";"CEDRO DE SAO JOAO";"Outras";"Queda de motocicleta / bicicleta / veículo";"Com Vítimas Feridas";"Amanhecer";"Crescente";"Ceu Claro";"Simples";"Reta";"Rural";1;0;1;0;0;0;1;1
83438857;"10/02/16";"Quarta";"07:20:00";"ES";101;"171,8";"LINHARES";"Falta de atenção";"Saída de Pista";"Sem Vítimas";"Pleno dia";"Crescente";"Sol";"Simples";"Reta";"Rural";1;0;0;0;1;0;0;1
83438858;"10/02/16";"Quarta";"15:20:00";"CE";222;"11";"CAUCAIA";"Não guardar distância de segurança";"Colisão traseira";"Com Vítimas Feridas";"Pleno dia";"Crescente";"Ceu Claro";"Simples";"Reta";"Urbano";2;0;0;1;1;0;1;2
83438859;"10/02/16";"Quarta";"03:40:00";"PR";153;"220";"TIBAGI";"Defeito mecânico em veículo";"Saída de Pista";"Com Vítimas Feridas";"Plena noite";"Decrescente";"Ceu Claro";"Simples";"Curva";"Rural";1;0;1;0;0;0;1;1
83438860;"09/02/16";"Terça";"16:20:00";"MG";40;"519";"CONTAGEM";"Falta de atenção";"Colisão traseira";"Com Vítimas Feridas";"Pleno dia";"Decrescente";"Ceu Claro";"Dupla";"Curva";"Urbano";3;0;1;0;2;0;1;2
83438861;"13/02/16";"Sábado";"08:11:00";"MG";116;"427";"CARATINGA";"Falta de atenção";"Colisão lateral";"Com Vítimas Feridas";"Pleno dia";"Decrescente";"Nublado";"Dupla";"Reta";"Urbano";2;0;1;0;1;0;1;2
83438862;"09/02/16";"Terça";"07:30:00";"BA";101;"146,8";"CORACAO DE MARIA";"Outras";"Incêndio";"Sem Vítimas";"Pleno dia";"Decrescente";"Ceu Claro";"Simples";"Reta";"Rural";1;0;0;0;1;0;0;1
83438863;"13/02/16";"Sábado";"06:40:00";"MS";163;"499,5";"CAMPO GRANDE";"Ultrapassagem indevida";"Colisão lateral";"Com Vítimas Feridas";"Pleno dia";"Crescente";"Ceu Claro";"Simples";"Reta";"Rural";5;0;3;0;2;0;3;3
83438864;"09/02/16";"Terça";"16:49:00";"MT";364;"496";"JANGADA";"Outras";"Queda de motocicleta / bicicleta / veículo";"Sem Vítimas";"Pleno dia";"Decrescente";"Chuva";"Simples";"Reta";"Urbano";2;0;0;0;1;1;0;2
83438865;"13/02/16";"Sábado";"09:15:00";"MG";116;"766,8";"LEOPOLDINA";"Não guardar distância de segurança";"Colisão traseira";"Sem Vítimas";"Pleno dia";"Crescente";"Ceu Claro";"Simples";"Reta";"Urbano";2;0;0;0;2;0;0;2
83438866;"13/02/16";"Sábado";"08:05:00";"SP";116;"498,1";"CAJATI";"Dormindo";"Saída de Pista";"Sem Vítimas";"Pleno dia";"Decrescente";"Sol";"Simples";"Reta";"Rural";1;0;0;0;1;0;0;1
83438867;"12/02/16";"Sexta";"20:40:00";"ES";101;"437,8";"MIMOSO DO SUL";"Velocidade incompatível";"Saída de Pista";"Com Vítimas Fatais";"Plena noite";"Crescente";"Chuva";"Simples";"Reta";"Rural";1;1;0;0;0;0;0;1
83438868;"11/02/16";"Quinta";"20:30:00";"PR";158;"501";"CORONEL VIVIDA";"Velocidade incompatível";"Tombamento";"Sem Vítimas";"Plena noite";"Decrescente";"Nublado";"Simples";"Curva";"Rural";1;0;0;0;1;0;0;1
83438869;"10/02/16";"Quarta";"05:30:00";"MG";40;"551";"NOVA LIMA";"Dormindo";"Saída de Pista";"Com Vítimas Feridas";"Plena noite";"Decrescente";"Nublado";"Dupla";"Reta";"Urbano";5;0;5;0;0;0;5;1
83438871;"09/02/16";"Terça";"18:50:00";"SC";282;"390";"JOACABA";"Ingestão de álcool";"Colisão frontal";"Com Vítimas Feridas";"Pleno dia";"Decrescente";"Nublado";"Simples";"Curva";"Rural";2;0;1;0;1;0;1;2
83438872;"09/02/16";"Terça";"18:35:00";"DF";60;"14";"BRASILIA";"Não guardar distância de segurança";"Colisão traseira";"Sem Vítimas";"Pleno dia";"Decrescente";"Chuva";"Dupla";"Reta";"Rural";2;0;0;0;2;0;0;2
83438873;"13/02/16";"Sábado";"08:30:00";"MG";116;"743";"LARANJAL";"Outras";"Queda de motocicleta / bicicleta / veículo";"Com Vítimas Feridas";"Pleno dia";"Decrescente";"Ceu Claro";"Simples";"Reta";"Rural";2;0;1;1;0;0;2;1
83438875;"10/02/16";"Quarta";"02:45:00";"MS";267;"296";"RIO BRILHANTE";"Falta de atenção";"Tombamento";"Sem Vítimas";"Plena noite";"Decrescente";"Nublado";"Simples";"Cruzamento";"Rural";1;0;0;0;1;0;0;1
83438876;"11/02/16";"Quinta";"09:45:00";"SP";116;"71";"GUARATINGUETA";"Outras";"Queda de motocicleta / bicicleta / veículo";"Com Vítimas Feridas";"Pleno dia";"Crescente";"Nublado";"Dupla";"Curva";"Urbano";2;0;1;0;1;0;1;1
83438877;"12/02/16";"Sexta";"21:00:00";"PA";10;"188,2";"PARAGOMINAS";"Defeito na via";"Capotamento";"Com Vítimas Feridas";"Plena noite";"Decrescente";"Chuva";"Simples";"Reta";"Rural";2;0;2;0;0;0;2;1
83438878;"13/02/16";"Sábado";"09:00:00";"MG";381;"908";"CAMBUI";"Defeito mecânico em veículo";"Incêndio";"Sem Vítimas";"Pleno dia";"Crescente";"Sol";"Dupla";"Curva";"Rural";1;0;0;0;1;0;0;1
83438879;"13/02/16";"Sábado";"05:30:00";"RS";116;"516,5";"PELOTAS";"Outras";"Saída de Pista";"Sem Vítimas";"Amanhecer";"Decrescente";"Ceu Claro";"Dupla";"Curva";"Urbano";2;0;0;0;2;0;0;1
83438880;"13/02/16";"Sábado";"05:40:00";"MS";163;"711,9";"RIO VERDE DE MATO GROSSO";"Ingestão de álcool";"Saída de Pista";"Com Vítimas Feridas";"Amanhecer";"Decrescente";"Ceu Claro";"Simples";"Reta";"Rural";1;0;1;0;0;0;1;1
83438881;"13/02/16";"Sábado";"10:00:00";"PR";476;"124,7";"CURITIBA";"Não guardar distância de segurança";"Colisão lateral";"Com Vítimas Feridas";"Pleno dia";"Decrescente";"Ceu Claro";"Dupla";"Cruzamento";"Urbano";2;0;1;0;1;0;1;2
83438883;"14/01/16";"Quinta";"16:00:00";"MG";262;"537,9";"LUZ";"Velocidade incompatível";"Capotamento";"Sem Vítimas";"Pleno dia";"Crescente";"Chuva";"Simples";"Curva";"Rural";1;0;0;0;1;0;0;1
83438884;"13/02/16";"Sábado";"11:00:00";"RS";116;"36,1";"VACARIA";"Outras";"Queda de motocicleta / bicicleta / veículo";"Com Vítimas Feridas";"Pleno dia";"Decrescente";"Sol";"Simples";"Reta";"Urbano";2;0;1;0;1;0;1;2
83438885;"13/02/16";"Sábado";"10:00:00";"BA";242;"602";"MUQUEM DO SAO FRANCISCO";"Falta de atenção";"Saída de Pista";"Com Vítimas Feridas";"Pleno dia";"Decrescente";"Ceu Claro";"Simples";"Curva";"Rural";1;0;1;0;0;0;1;1
83438886;"12/02/16";"Sexta";"03:30:00";"PR";376;"0,6";"APUCARANA";"Ingestão de álcool";"Colisão traseira";"Sem Vítimas";"Plena noite";"Decrescente";"Nublado";"Simples";"Reta";"Urbano";6;0;0;0;6;0;0;2
83438887;"05/02/16";"Sexta";"17:00:00";"PB";361;"111,7";"ITAPORANGA";"Falta de atenção";"Colisão traseira";"Com Vítimas Feridas";"Pleno dia";"Crescente";"Ceu Claro";"Simples";"Reta";"Rural";4;0;3;1;0;0;4;2
83438888;"13/02/16";"Sábado";"09:40:00";"RS";386;"33,3";"FREDERICO WESTPHALEN";"Falta de atenção";"Colisão Transversal";"Sem Vítimas";"Pleno dia";"Decrescente";"Sol";"Simples";"Reta";"Urbano";2;0;0;0;2;0;0;2
83438889;"13/02/16";"Sábado";"10:30:00";"MG";381;"908,8";"CAMANDUCAIA";"Falta de atenção";"Colisão traseira";"Sem Vítimas";"Pleno dia";"Crescente";"Sol";"Dupla";"Curva";"Rural";2;0;0;0;2;0;0;2
83438890;"10/02/16";"Quarta";"19:30:00";"CE";116;"260,5";"ALTO SANTO";"Outras";"Atropelamento de pessoa";"Com Vítimas Fatais";"Plena noite";"Crescente";"Ceu Claro";"Simples";"Reta";"Rural";2;1;0;0;0;1;0;1
83438891;"13/02/16";"Sábado";"12:50:00";"SC";101;"25,7";"JOINVILLE";"Outras";"Colisão com bicicleta";"Com Vítimas Feridas";"Pleno dia";"Decrescente";"Ceu Claro";"Dupla";"Reta";"Urbano";2;0;1;0;1;0;1;2
83438892;"13/02/16";"Sábado";"10:00:00";"TO";226;"2";"AGUIARNOPOLIS";"Outras";"Colisão lateral";"Sem Vítimas";"Pleno dia";"Decrescente";"Nublado";"Simples";"Reta";"Urbano";2;0;0;0;2;0;0;2
83438893;"13/02/16";"Sábado";"07:55:00";"PR";476;"122,1";"CURITIBA";"Desobediência à sinalização";"Colisão Transversal";"Com Vítimas Feridas";"Pleno dia";"Crescente";"Sol";"Múltipla";"Reta";"Urbano";3;0;1;0;2;0;1;2
83438894;"13/02/16";"Sábado";"10:10:00";"MG";364;"4,5";"PLANURA";"Falta de atenção";"Colisão traseira";"Com Vítimas Feridas";"Pleno dia";"Decrescente";"Ceu Claro";"Simples";"Reta";"Urbano";6;0;1;0;5;0;1;2
83438895;"08/02/16";"Segunda";"18:40:00";"AM";174;"1055";"MANAUS";"Falta de atenção";"Saída de Pista";"Com Vítimas Feridas";"Plena noite";"Decrescente";"Ceu Claro";"Simples";"Reta";"Rural";3;0;1;0;2;0;1;1
83438896;"13/02/16";"Sábado";"10:20:00";"MT";163;"14,9";"ITIQUIRA";"Falta de atenção";"Colisão traseira";"Com Vítimas Feridas";"Pleno dia";"Crescente";"Ceu Claro";"Simples";"Reta";"Urbano";3;0;1;0;2;0;1;2
83438897;"12/02/16";"Sexta";"05:10:00";"PR";277;"594";"CASCAVEL";"Outras";"Colisão com objeto fixo";"Ignorado";"Plena noite";"Decrescente";"Ceu Claro";"Simples";"Reta";"Urbano";1;0;0;0;0;1;0;1
83438898;"09/02/16";"Terça";"20:30:00";"RJ";101;"415,5";"MANGARATIBA";"Outras";"Colisão lateral";"Com Vítimas Feridas";"Plena noite";"Crescente";"Ceu Claro";"Dupla";"Reta";"Urbano";2;0;1;0;1;0;1;2
83438899;"13/02/16";"Sábado";"12:20:00";"SC";101;"203";"SAO JOSE";"Falta de atenção";"Queda de motocicleta / bicicleta / veículo";"Com Vítimas Feridas";"Pleno dia";"Crescente";"Nublado";"Simples";"Reta";"Urbano";1;0;1;0;0;0;1;1
83438900;"13/02/16";"Sábado";"11:30:00";"SC";470;"57";"BLUMENAU";"Desobediência à sinalização";"Colisão lateral";"Com Vítimas Feridas";"Pleno dia";"Crescente";"Sol";"Simples";"Reta";"Urbano";3;0;2;0;1;0;2;2
83438901;"13/02/16";"Sábado";"13:55:00";"RS";285;"292";"PASSO FUNDO";"Desobediência à sinalização";"Colisão Transversal";"Com Vítimas Feridas";"Pleno dia";"Crescente";"Nublado";"Dupla";"Cruzamento";"Urbano";4;0;2;0;2;0;2;2
83438902;"13/02/16";"Sábado";"09:50:00";"MA";230;"403,5";"BALSAS";"Falta de atenção";"Colisão com bicicleta";"Com Vítimas Feridas";"Pleno dia";"Crescente";"Nublado";"Simples";"Reta";"Urbano";2;0;0;2;0;0;2;2
83438903;"11/02/16";"Quinta";"15:05:00";"SP";488;"0,6";"APARECIDA";"Falta de atenção";"Colisão traseira";"Sem Vítimas";"Pleno dia";"Crescente";"Nublado";"Dupla";"Reta";"Urbano";2;0;0;0;2;0;0;2
83438905;"13/02/16";"Sábado";"07:40:00";"MG";135;"412,5";"BOCAIUVA";"Falta de atenção";"Colisão Transversal";"Com Vítimas Feridas";"Pleno dia";"Crescente";"Nublado";"Múltipla";"Reta";"Urbano";2;0;1;0;1;0;1;2
83438906;"13/02/16";"Sábado";"09:25:00";"PR";116;"3";"CAMPINA GRANDE DO SUL";"Outras";"Saída de Pista";"Com Vítimas Feridas";"Pleno dia";"Crescente";"Sol";"Dupla";"Curva";"Rural";1;0;1;0;0;0;1;1
83438907;"13/02/16";"Sábado";"11:30:00";"BA";116;"531";"ITATIM";"Outras";"Colisão lateral";"Com Vítimas Feridas";"Pleno dia";"Crescente";"Nublado";"Simples";"Reta";"Rural";3;0;2;0;1;0;2;2
83438908;"13/02/16";"Sábado";"12:35:00";"DF";40;"5,8";"BRASILIA";"Falta de atenção";"Colisão Transversal";"Com Vítimas Feridas";"Pleno dia";"Decrescente";"Sol";"Dupla";"Reta";"Urbano";7;0;3;0;4;0;3;2
83438909;"13/02/16";"Sábado";"07:20:00";"SP";116;"544";"BARRA DO TURVO";"Dormindo";"Saída de Pista";"Sem Vítimas";"Amanhecer";"Crescente";"Ceu Claro";"Dupla";"Reta";"Rural";2;0;0;0;2;0;0;1
83438910;"13/02/16";"Sábado";"13:40:00";"SC";280;"43";"GUARAMIRIM";"Outras";"Queda de motocicleta / bicicleta / veículo";"Com Vítimas Feridas";"Pleno dia";"Crescente";"Ceu Claro";"Simples";"Reta";"Urbano";1;0;1;0;0;0;1;1
83438911;"13/02/16";"Sábado";"08:45:00";"PR";158;"519";"PATO BRANCO";"Falta de atenção";"Colisão Transversal";"Com Vítimas Feridas";"Pleno dia";"Decrescente";"Ceu Claro";"Simples";"Cruzamento";"Urbano";3;0;1;0;2;0;1;2
83438912;"13/02/16";"Sábado";"09:00:00";"SC";470;"232,1";"SAO CRISTOVAO DO SUL";"Falta de atenção";"Colisão Transversal";"Com Vítimas Feridas";"Pleno dia";"Crescente";"Ceu Claro";"Simples";"Reta";"Rural";2;0;1;0;1;0;1;2
83438913;"09/02/16";"Terça";"15:20:00";"MG";40;"503,5";"ESMERALDAS";"Defeito mecânico em veículo";"Queda de motocicleta / bicicleta / veículo";"Com Vítimas Feridas";"Pleno dia";"Crescente";"Ceu Claro";"Dupla";"Reta";"Rural";2;0;2;0;0;0;2;1
83438914;"13/02/16";"Sábado";"11:50:00";"PR";116;"16";"COLOMBO";"Defeito mecânico em veículo";"Saída de Pista";"Sem Vítimas";"Pleno dia";"Crescente";"Sol";"Dupla";"Reta";"Urbano";1;0;0;0;1;0;0;1
83438915;"13/02/16";"Sábado";"12:30:00";"MG";116;"716,1";"MURIAE";"Velocidade incompatível";"Queda de motocicleta / bicicleta / veículo";"Com Vítimas Feridas";"Pleno dia";"Decrescente";"Sol";"Simples";"Curva";"Rural";1;0;1;0;0;0;1;1
83438916;"13/02/16";"Sábado";"11:20:00";"BA";101;"900";"IBIRAPUA";"Velocidade incompatível";"Saída de Pista";"Com Vítimas Feridas";"Pleno dia";"Crescente";"Sol";"Simples";"Reta";"Urbano";2;0;1;0;1;0;1;1
83438917;"06/02/16";"Sábado";"09:00:00";"MG";135;"618";"CURVELO";"Defeito na via";"Saída de Pista";"Com Vítimas Feridas";"Pleno dia";"Crescente";"Sol";"Simples";"Reta";"Urbano";3;0;3;0;0;0;3;1
83438918;"12/02/16";"Sexta";"08:50:00";"RJ";116;"122";"MAGE";"Defeito mecânico em veículo";"Saída de Pista";"Sem Vítimas";"Pleno dia";"Decrescente";"Nublado";"Simples";"Curva";"Urbano";1;0;0;0;1;0;0;1
83438919;"13/02/16";"Sábado";"14:00:00";"MG";262;"359";"BETIM";"Falta de atenção";"Colisão traseira";"Sem Vítimas";"Pleno dia";"Crescente";"Nublado";"Dupla";"Reta";"Rural";2;0;0;0;2;0;0;2
83438920;"13/02/16";"Sábado";"10:20:00";"SP";116;"566,3";"BARRA DO TURVO";"Dormindo";"Saída de Pista";"Sem Vítimas";"Pleno dia";"Crescente";"Ceu Claro";"Dupla";"Curva";"Rural";1;0;0;0;1;0;0;1
83438921;"10/02/16";"Quarta";"01:20:00";"PR";277;"587,3";"CASCAVEL";"Ingestão de álcool";"Colisão traseira";"Com Vítimas Feridas";"Plena noite";"Decrescente";"Chuva";"Simples";"Reta";"Urbano";2;0;0;1;1;0;1;2
83438922;"10/02/16";"Quarta";"08:00:00";"PR";376;"665";"GUARATUBA";"Defeito mecânico em veículo";"Tombamento";"Com Vítimas Feridas";"Pleno dia";"Crescente";"Sol";"Dupla";"Curva";"Rural";2;0;0;2;0;0;2;1
83438923;"13/02/16";"Sábado";"13:00:00";"CE";222;"222";"SOBRAL";"Falta de atenção";"Colisão Transversal";"Sem Vítimas";"Pleno dia";"Crescente";"Sol";"Simples";"Curva";"Urbano";2;0;0;0;2;0;0;2
83438924;"13/02/16";"Sábado";"10:40:00";"BA";242;"584";"IBOTIRAMA";"Falta de atenção";"Colisão Transversal";"Com Vítimas Feridas";"Pleno dia";"Decrescente";"Sol";"Simples";"Reta";"Urbano";2;0;1;0;1;0;1;2
83438925;"09/02/16";"Terça";"20:30:00";"PA";316;"48";"SANTA ISABEL DO PARA";"Outras";"Queda de motocicleta / bicicleta / veículo";"Com Vítimas Feridas";"Plena noite";"Decrescente";"Ceu Claro";"Múltipla";"Reta";"Urbano";1;0;0;1;0;0;1;1