"id";"data_inversa";"dia_semana";"horario";"uf";"br";"km";"municipio";"causa_acidente";"tipo_acidente";"classificacao_acidente";"fase_dia";"sentido_via";"condicao_metereologica";"tipo_pista";"tracado_via";"uso_solo";"pessoas";"mortos";"feridos_leves";"feridos_graves";"ilesos";"ignorados";"feridos";"veiculos"
83438926;"13/02/16";"Sábado";"12:50:00";"RS";116;"212";"DOIS IRMAOS";"Não guardar distância de segurança";"Colisão traseira";"Com Vítimas Feridas";"Pleno dia";"Decrescente";"Sol";"Simples";"Reta";"Urbano";2;0;1;0;1;0;1;2
83438927;"13/02/16";"Sábado";"09:00:00";"CE";116;"165";"RUSSAS";"Animais na Pista";"Atropelamento de animal";"Com Vítimas Feridas";"Pleno dia";"Decrescente";"Ceu Claro";"Simples";"Reta";"Rural";2;0;1;0;0;1;1;1
83438928;"09/02/16";"Terça";"13:00:00";"CE";222;"44";"CROATA";"Outras";"Saída de Pista";"Sem Vítimas";"Pleno dia";"Decrescente";"Ceu Claro";"Simples";"Reta";"Rural";1;0;0;0;1;0;0;1
83438929;"05/02/16";"Sexta";"23:00:00";"GO";40;"22";"LUZIANIA";"Falta de atenção";"Colisão Transversal";"Com Vítimas Feridas";"Plena noite";"Decrescente";"Ceu Claro";"Dupla";"Reta";"Urbano";2;0;1;0;1;0;1;2
83438930;"09/02/16";"Terça";"20:15:00";"SP";116;"110,7";"TAUBATE";"Não guardar distância de segurança";"Queda de motocicleta / bicicleta / veículo";"Com Vítimas Feridas";"Plena noite";"Decrescente";"Nublado";"Dupla";"Reta";"Urbano";2;0;1;0;1;0;1;2
83438931;"13/02/16";"Sábado";"12:10:00";"ES";101;"303,5";"VIANA";"Falta de atenção";"Colisão com bicicleta";"Com Vítimas Feridas";"Pleno dia";"Crescente";"Sol";"Múltipla";"Reta";"Urbano";2;0;0;1;1;0;1;2
83438932;"13/02/16";"Sábado";"14:00:00";"PR";116;"121";"CURITIBA";"Falta de atenção";"Colisão traseira";"Com Vítimas Feridas";"Pleno dia";"Crescente";"Sol";"Dupla";"Reta";"Rural";2;0;0;1;1;0;1;2
83438933;"13/02/16";"Sábado";"10:10:00";"ES";101;"293,1";"CARIACICA";"Falta de atenção";"Atropelamento de pessoa";"Com Vítimas Feridas";"Pleno dia";"Crescente";"Nublado";"Dupla";"Reta";"Urbano";2;0;0;1;1;0;1;1
83438934;"13/02/16";"Sábado";"14:30:00";"RS";392;"1,6";"RIO GRANDE";"Desobediência à sinalização";"Colisão Transversal";"Sem Vítimas";"Pleno dia";"Crescente";"Chuva";"Simples";"Cruzamento";"Urbano";2;0;0;0;2;0;0;2
83438935;"13/02/16";"Sábado";"12:00:00";"BA";101;"236";"SAPEACU";"Outras";"Atropelamento de pessoa";"Com Vítimas Feridas";"Pleno dia";"Crescente";"Ceu Claro";"Simples";"Reta";"Rural";3;0;1;0;2;0;1;1
83438936;"13/02/16";"Sábado";"12:00:00";"PE";423;"69,9";"JUPI";"Ingestão de álcool";"Colisão frontal";"Com Vítimas Feridas";"Pleno dia";"Crescente";"Ceu Claro";"Simples";"Reta";"Rural";2;0;0;1;1;0;1;2
83438937;"13/02/16";"Sábado";"13:30:00";"SC";282;"603,2";"MARAVILHA";"Falta de atenção";"Queda de motocicleta / bicicleta / veículo";"Com Vítimas Feridas";"Pleno dia";"Decrescente";"Ceu Claro";"Simples";"Reta";"Urbano";1;0;1;0;0;0;1;1
83438938;"13/02/16";"Sábado";"15:20:00";"RJ";116;"128";"MAGE";"Outras";"Colisão traseira";"Com Vítimas Feridas";"Pleno dia";"Crescente";"Sol";"Dupla";"Reta";"Urbano";4;0;3;0;1;0;3;2
83438939;"13/02/16";"Sábado";"14:05:00";"RS";470;"184";"VERANOPOLIS";"Ultrapassagem indevida";"Colisão lateral";"Sem Vítimas";"Pleno dia";"Crescente";"Nublado";"Dupla";"Curva";"Rural";3;0;0;0;3;0;0;3
83438940;"13/02/16";"Sábado";"14:55:00";"SC";282;"525,7";"XAXIM";"Velocidade incompatível";"Colisão com objeto fixo";"Com Vítimas Feridas";"Pleno dia";"Decrescente";"Sol";"Simples";"Curva";"Rural";4;0;4;0;0;0;4;1
83438941;"13/02/16";"Sábado";"10:45:00";"MG";40;"2246";"CAETANOPOLIS";"Velocidade incompatível";"Saída de Pista";"Com Vítimas Feridas";"Pleno dia";"Decrescente";"Chuva";"Dupla";"Curva";"Rural";2;0;0;2;0;0;2;1
83438942;"13/02/16";"Sábado";"15:35:00";"MG";381;"542";"ITATIAIUCU";"Outras";"Capotamento";"Com Vítimas Feridas";"Pleno dia";"Crescente";"Chuva";"Dupla";"Curva";"Rural";2;0;2;0;0;0;2;1
83438943;"13/02/16";"Sábado";"12:00:00";"MG";116;"393";"GOVERNADOR VALADARES";"Defeito mecânico em veículo";"Tombamento";"Sem Vítimas";"Pleno dia";"Decrescente";"Ceu Claro";"Simples";"Reta";"Rural";1;0;0;0;1;0;0;1
83438944;"13/02/16";"Sábado";"08:32:00";"RJ";40;"46";"PETROPOLIS";"Outras";"Capotamento";"Com Vítimas Feridas";"Pleno dia";"Decrescente";"Sol";"Dupla";"Curva";"Rural";2;0;1;0;1;0;1;2
83438945;"13/02/16";"Sábado";"13:50:00";"BA";116;"433,3";"FEIRA DE SANTANA";"Defeito mecânico em veículo";"Capotamento";"Com Vítimas Feridas";"Pleno dia";"Decrescente";"Sol";"Dupla";"Curva";"Rural";5;0;4;0;1;0;4;1
83438946;"10/02/16";"Quarta";"07:30:00";"ES";262;"118,3";"CONCEICAO DO CASTELO";"Não guardar distância de segurança";"Colisão traseira";"Sem Vítimas";"Amanhecer";"Crescente";"Sol";"Simples";"Reta";"Rural";4;0;0;0;4;0;0;4
83438947;"11/02/16";"Quinta";"06:30:00";"SP";116;"269";"TABOAO DA SERRA";"Falta de atenção";"Colisão lateral";"Com Vítimas Feridas";"Pleno dia";"Decrescente";"Ceu Claro";"Múltipla";"Reta";"Urbano";2;0;1;0;1;0;1;2
83438948;"09/02/16";"Terça";"12:40:00";"RJ";116;"44";"TERESOPOLIS";"Outras";"Colisão Transversal";"Com Vítimas Feridas";"Pleno dia";"Decrescente";"Ceu Claro";"Simples";"Reta";"Rural";3;0;1;1;1;0;2;2
83438949;"13/02/16";"Sábado";"16:30:00";"RS";285;"266,9";"MATO CASTELHANO";"Falta de atenção";"Atropelamento de pessoa";"Com Vítimas Feridas";"Pleno dia";"Crescente";"Ceu Claro";"Simples";"Reta";"Rural";6;0;0;1;5;0;1;1
83438950;"13/02/16";"Sábado";"11:40:00";"RS";470;"228";"GARIBALDI";"Falta de atenção";"Saída de Pista";"Com Vítimas Feridas";"Pleno dia";"Decrescente";"Ceu Claro";"Simples";"Reta";"Rural";1;0;1;0;0;0;1;1
83438951;"13/02/16";"Sábado";"08:25:00";"GO";60;"168";"GOIANIA";"Outras";"Colisão com objeto fixo";"Ignorado";"Pleno dia";"Decrescente";"Ceu Claro";"Dupla";"Reta";"Rural";1;0;0;0;0;1;0;1
83438952;"13/02/16";"Sábado";"13:30:00";"DF";40;"4";"BRASILIA";"Velocidade incompatível";"Colisão traseira";"Com Vítimas Feridas";"Pleno dia";"Crescente";"Sol";"Dupla";"Reta";"Urbano";4;0;1;0;3;0;1;3
83438953;"09/02/16";"Terça";"19:30:00";"SC";101;"244,5";"PALHOCA";"Defeito na via";"Queda de motocicleta / bicicleta / veículo";"Com Vítimas Feridas";"Pleno dia";"Crescente";"Ceu Claro";"Dupla";"Reta";"Urbano";1;0;1;0;0;0;1;1
83438955;"13/01/16";"Quarta";"10:40:00";"PB";230;"31,3";"BAYEUX";"Não guardar distância de segurança";"Colisão lateral";"Com Vítimas Feridas";"Pleno dia";"Decrescente";"Sol";"Dupla";"Reta";"Urbano";2;0;1;0;1;0;1;2
83438956;"13/02/16";"Sábado";"14:20:00";"SC";101;"350,5";"JAGUARUNA";"Falta de atenção";"Colisão lateral";"Sem Vítimas";"Pleno dia";"Crescente";"Sol";"Dupla";"Curva";"Urbano";2;0;0;0;2;0;0;2
83438957;"13/02/16";"Sábado";"16:40:00";"ES";101;"140,7";"LINHARES";"Não guardar distância de segurança";"Colisão traseira";"Com Vítimas Feridas";"Pleno dia";"Crescente";"Sol";"Simples";"Reta";"Urbano";2;0;0;1;1;0;1;2
83438958;"13/02/16";"Sábado";"08:55:00";"RS";101;"9,6";"TORRES";"Falta de atenção";"Tombamento";"Com Vítimas Fatais";"Pleno dia";"Decrescente";"Ceu Claro";"Dupla";"Reta";"Urbano";5;1;3;0;1;0;3;3
83438959;"13/02/16";"Sábado";"14:30:00";"RS";293;"14,9";"CAPAO DO LEAO";"Outras";"Colisão lateral";"Sem Vítimas";"Pleno dia";"Crescente";"Chuva";"Simples";"Reta";"Urbano";2;0;0;0;2;0;0;2
83438961;"13/02/16";"Sábado";"15:20:00";"PI";343;"54";"BURITI DOS LOPES";"Falta de atenção";"Colisão traseira";"Sem Vítimas";"Pleno dia";"Decrescente";"Ceu Claro";"Simples";"Reta";"Rural";4;0;0;0;4;0;0;2
83438962;"13/02/16";"Sábado";"15:50:00";"RS";290;"423";"SAO GABRIEL";"Não guardar distância de segurança";"Colisão traseira";"Sem Vítimas";"Pleno dia";"Decrescente";"Nublado";"Simples";"Reta";"Urbano";2;0;0;0;2;0;0;2
83438963;"11/02/16";"Quinta";"03:10:00";"RJ";40;"61";"PETROPOLIS";"Outras";"Colisão Transversal";"Sem Vítimas";"Plena noite";"Decrescente";"Ceu Claro";"Dupla";"Reta";"Rural";2;0;0;0;2;0;0;2
83438964;"13/02/16";"Sábado";"16:00:00";"RS";386;"221,9";"SOLEDADE";"Outras";"Colisão lateral";"Com Vítimas Feridas";"Pleno dia";"Decrescente";"Chuva";"Simples";"Curva";"Rural";2;0;1;0;1;0;1;2
83438965;"13/02/16";"Sábado";"14:30:00";"SP";116;"71,5";"APARECIDA";"Outras";"Colisão Transversal";"Com Vítimas Feridas";"Pleno dia";"Crescente";"Ceu Claro";"Simples";"Reta";"Rural";2;0;1;0;1;0;1;2
83438966;"13/02/16";"Sábado";"16:45:00";"RJ";101;"267";"RIO BONITO";"Outras";"Tombamento";"Sem Vítimas";"Pleno dia";"Decrescente";"Sol";"Dupla";"Reta";"Rural";1;0;0;0;1;0;0;1
83438967;"13/02/16";"Sábado";"13:45:00";"PE";101;"87";"JABOATAO DOS GUARARAPES";"Falta de atenção";"Colisão Transversal";"Com Vítimas Feridas";"Pleno dia";"Crescente";"Ceu Claro";"Simples";"Reta";"Urbano";3;0;2;0;1;0;2;2
83438969;"09/02/16";"Terça";"10:00:00";"BA";101;"566";"ARATACA";"Outras";"Tombamento";"Sem Vítimas";"Pleno dia";"Crescente";"Sol";"Simples";"Reta";"Rural";1;0;0;0;1;0;0;1
83438970;"13/02/16";"Sábado";"13:45:00";"PE";101;"87";"JABOATAO DOS GUARARAPES";"Outras";"Capotamento";"Com Vítimas Feridas";"Pleno dia";"Decrescente";"Sol";"Dupla";"Reta";"Rural";5;0;3;2;0;0;5;1
83438971;"13/02/16";"Sábado";"17:30:00";"PR";476;"130";"CURITIBA";"Outras";"Atropelamento de pessoa";"Com Vítimas Feridas";"Anoitecer";"Crescente";"Chuva";"Dupla";"Reta";"Urbano";2;0;1;0;1;0;1;1
83438972;"13/02/16";"Sábado";"18:30:00";"ES";101;"330";"GUARAPARI";"Defeito mecânico em veículo";"Queda de motocicleta / bicicleta / veículo";"Com Vítimas Feridas";"Anoitecer";"Decrescente";"Ceu Claro";"Simples";"Reta";"Rural";1;0;0;1;0;0;1;1
83438973;"13/02/16";"Sábado";"19:00:00";"RS";101;"71";"OSORIO";"Velocidade incompatível";"Saída de Pista";"Com Vítimas Feridas";"Anoitecer";"Crescente";"Nublado";"Dupla";"Curva";"Urbano";2;0;2;0;0;0;2;1
83438974;"13/02/16";"Sábado";"14:45:00";"RS";287;"320,5";"SAO VICENTE DO SUL";"Outras";"Saída de Pista";"Com Vítimas Feridas";"Pleno dia";"Decrescente";"Sol";"Simples";"Reta";"Rural";1;0;1;0;0;0;1;1
83438975;"13/02/16";"Sábado";"14:40:00";"BA";116;"905";"CANDIDO SALES";"Outras";"Capotamento";"Com Vítimas Feridas";"Pleno dia";"Crescente";"Ceu Claro";"Simples";"Curva";"Rural";1;0;1;0;0;0;1;1
83438976;"13/02/16";"Sábado";"16:30:00";"MG";116;"482";"DOM CAVATI";"Falta de atenção";"Atropelamento de pessoa";"Com Vítimas Feridas";"Pleno dia";"Crescente";"Ceu Claro";"Simples";"Reta";"Urbano";2;0;0;1;1;0;1;1
83438977;"13/02/16";"Sábado";"13:50:00";"AL";104;"90,5";"RIO LARGO";"Ingestão de álcool";"Colisão traseira";"Com Vítimas Feridas";"Pleno dia";"Decrescente";"Sol";"Dupla";"Reta";"Urbano";3;0;0;2;1;0;2;2
83438978;"13/02/16";"Sábado";"18:40:00";"SC";158;"107,3";"CUNHA PORA";"Velocidade incompatível";"Capotamento";"Com Vítimas Feridas";"Pleno dia";"Crescente";"Chuva";"Simples";"Reta";"Rural";1;0;1;0;0;0;1;1
83438979;"13/02/16";"Sábado";"16:00:00";"MG";381;"774";"CAMPANHA";"Velocidade incompatível";"Tombamento";"Com Vítimas Fatais";"Pleno dia";"Crescente";"Ceu Claro";"Dupla";"Curva";"Rural";1;1;0;0;0;0;0;1
83438980;"13/02/16";"Sábado";"17:30:00";"SC";101;"197,5";"BIGUACU";"Falta de atenção";"Colisão traseira";"Sem Vítimas";"Pleno dia";"Crescente";"Ceu Claro";"Múltipla";"Reta";"Urbano";2;0;0;0;2;0;0;2
83438982;"13/02/16";"Sábado";"17:50:00";"MS";163;"558";"BANDEIRANTES";"Ultrapassagem indevida";"Saída de Pista";"Com Vítimas Feridas";"Pleno dia";"Crescente";"Ceu Claro";"Simples";"Reta";"Rural";3;0;2;0;1;0;2;2
83438983;"27/01/16";"Quarta";"23:50:00";"SC";470;"52,6";"BLUMENAU";"Desobediência à sinalização";"Colisão frontal";"Com Vítimas Feridas";"Plena noite";"Decrescente";"Chuva";"Simples";"Reta";"Urbano";3;0;2;0;1;0;2;2
83438984;"01/02/16";"Segunda";"13:20:00";"RN";101;"82";"NATAL";"Falta de atenção";"Colisão traseira";"Sem Vítimas";"Pleno dia";"Decrescente";"Sol";"Dupla";"Reta";"Urbano";5;0;0;0;5;0;0;5
83438985;"13/02/16";"Sábado";"17:50:00";"MS";158;"88,2";"PARANAIBA";"Falta de atenção";"Colisão lateral";"Sem Vítimas";"Pleno dia";"Crescente";"Ceu Claro";"Simples";"Reta";"Rural";3;0;0;0;3;0;0;2
83438986;"13/02/16";"Sábado";"16:20:00";"TO";153;"712";"CARIRI DO TOCANTINS";"Velocidade incompatível";"Tombamento";"Com Vítimas Feridas";"Pleno dia";"Crescente";"Chuva";"Simples";"Curva";"Rural";2;0;1;0;1;0;1;1
83438987;"13/02/16";"Sábado";"17:00:00";"BA";135;"114";"RIACHAO DAS NEVES";"Dormindo";"Capotamento";"Com Vítimas Feridas";"Plena noite";"Crescente";"Nublado";"Simples";"Reta";"Rural";3;0;3;0;0;0;3;1
83438988;"13/02/16";"Sábado";"09:00:00";"MA";316;"262";"SANTA INES";"Não guardar distância de segurança";"Colisão Transversal";"Sem Vítimas";"Pleno dia";"Decrescente";"Ceu Claro";"Simples";"Reta";"Urbano";2;0;0;0;2;0;0;2
83438989;"13/02/16";"Sábado";"21:40:00";"RS";116;"147,7";"CAXIAS DO SUL";"Desobediência à sinalização";"Colisão Transversal";"Sem Vítimas";"Plena noite";"Crescente";"Chuva";"Múltipla";"Cruzamento";"Urbano";2;0;0;0;2;0;0;2
83438990;"13/02/16";"Sábado";"18:00:00";"MA";10;"255";"IMPERATRIZ";"Desobediência à sinalização";"Colisão Transversal";"Com Vítimas Feridas";"Pleno dia";"Decrescente";"Nublado";"Simples";"Cruzamento";"Urbano";2;0;1;0;1;0;1;2
83438991;"13/02/16";"Sábado";"09:00:00";"RS";392;"352,4";"SANTA MARIA";"Falta de atenção";"Colisão traseira";"Com Vítimas Feridas";"Pleno dia";"Crescente";"Sol";"Simples";"Reta";"Urbano";2;0;1;0;1;0;1;2
83438992;"13/02/16";"Sábado";"17:40:00";"MG";116;"386,3";"GOVERNADOR VALADARES";"Animais na Pista";"Atropelamento de animal";"Com Vítimas Feridas";"Pleno dia";"Crescente";"Ceu Claro";"Simples";"Reta";"Rural";1;0;1;0;0;0;1;1
83438993;"13/02/16";"Sábado";"18:20:00";"MS";163;"260,8";"DOURADOS";"Falta de atenção";"Colisão traseira";"Com Vítimas Feridas";"Pleno dia";"Decrescente";"Sol";"Dupla";"Curva";"Urbano";3;0;0;2;0;1;2;2
83438994;"13/02/16";"Sábado";"18:30:00";"GO";158;"261";"JATAI";"Velocidade incompatível";"Colisão traseira";"Com Vítimas Fatais";"Pleno dia";"Decrescente";"Ceu Claro";"Dupla";"Reta";"Urbano";2;1;0;0;0;1;0;2
83438995;"13/02/16";"Sábado";"17:45:00";"PB";230;"119,8";"RIACHAO DO BACAMARTE";"Ingestão de álcool";"Capotamento";"Com Vítimas Feridas";"Pleno dia";"Decrescente";"Ceu Claro";"Dupla";"Reta";"Rural";2;0;2;0;0;0;2;1
83438996;"13/02/16";"Sábado";"16:40:00";"MG";40;"452,6";"PARAOPEBA";"Outras";"Saída de Pista";"Sem Vítimas";"Pleno dia";"Crescente";"Chuva";"Dupla";"Reta";"Rural";1;0;0;0;1;0;0;1
83438997;"13/02/16";"Sábado";"16:50:00";"PR";163;"142";"CAPITAO LEONIDAS MARQUES";"Velocidade incompatível";"Tombamento";"Com Vítimas Feridas";"Pleno dia";"Decrescente";"Nublado";"Simples";"Curva";"Rural";1;0;0;1;0;0;1;1
83438998;"13/02/16";"Sábado";"20:05:00";"SP";116;"219";"GUARULHOS";"Falta de atenção";"Colisão frontal";"Com Vítimas Feridas";"Plena noite";"Crescente";"Ceu Claro";"Múltipla";"Reta";"Urbano";6;0;4;0;2;0;4;2
83438999;"13/02/16";"Sábado";"17:30:00";"MA";222;"675";"ACAILANDIA";"Falta de atenção";"Queda de motocicleta / bicicleta / veículo";"Com Vítimas Fatais";"Pleno dia";"Crescente";"Ceu Claro";"Simples";"Reta";"Urbano";3;1;0;0;2;0;0;2
83439000;"13/02/16";"Sábado";"21:35:00";"PR";376;"196";"MARIALVA";"Outras";"Colisão Transversal";"Com Vítimas Feridas";"Plena noite";"Crescente";"Ceu Claro";"Dupla";"Reta";"Rural";2;0;1;0;1;0;1;2
83439001;"13/02/16";"Sábado";"19:18:00";"PE";428;"184";"PETROLINA";"Falta de atenção";"Colisão frontal";"Com Vítimas Feridas";"Plena noite";"Crescente";"Ceu Claro";"Simples";"Cruzamento";"Rural";2;0;1;0;1;0;1;2
83439002;"13/02/16";"Sábado";"14:30:00";"AP";156;"802";"OIAPOQUE";"Não guardar distância de segurança";"Colisão traseira";"Sem Vítimas";"Pleno dia";"Crescente";"Nublado";"Simples";"Reta";"Urbano";2;0;0;0;2;0;0;2
83439003;"13/02/16";"Sábado";"15:00:00";"RO";364;"515";"ARIQUEMES";"Não guardar distância de segurança";"Atropelamento de pessoa";"Com Vítimas Feridas";"Pleno dia";"Crescente";"Ceu Claro";"Simples";"Reta";"Urbano";2;0;0;1;1;0;1;1
83439004;"13/02/16";"Sábado";"16:20:00";"PE";424;"76,5";"CAETES";"Ingestão de álcool";"Colisão traseira";"Sem Vítimas";"Pleno dia";"Decrescente";"Ceu Claro";"Simples";"Reta";"Rural";3;0;0;0;3;0;0;3
83439006;"13/02/16";"Sábado";"17:20:00";"RS";392;"280";"SAO SEPE";"Velocidade incompatível";"Saída de Pista";"Com Vítimas Feridas";"Pleno dia";"Crescente";"Chuva";"Simples";"Reta";"Rural";1;0;1;0;0;0;1;1
83439007;"13/02/16";"Sábado";"19:10:00";"PA";316;"2";"ANANINDEUA";"Falta de atenção";"Atropelamento de pessoa";"Com Vítimas Feridas";"Plena noite";"Decrescente";"Nublado";"Simples";"Reta";"Urbano";3;0;1;0;2;0;1;2
83439008;"13/02/16";"Sábado";"17:40:00";"PI";343;"58";"BURITI DOS LOPES";"Defeito mecânico em veículo";"Tombamento";"Com Vítimas Feridas";"Pleno dia";"Decrescente";"Nublado";"Simples";"Reta";"Rural";1;0;1;0;0;0;1;1
83439009;"13/02/16";"Sábado";"19:50:00";"PI";316;"0";"TERESINA";"Falta de atenção";"Colisão lateral";"Com Vítimas Feridas";"Plena noite";"Crescente";"Ceu Claro";"Simples";"Reta";"Urbano";3;0;2;0;1;0;2;2
83439010;"13/02/16";"Sábado";"17:25:00";"MT";364;"585";"DIAMANTINO";"Falta de atenção";"Tombamento";"Com Vítimas Feridas";"Pleno dia";"Decrescente";"Chuva";"Dupla";"Curva";"Rural";1;0;1;0;0;0;1;1
83439011;"13/02/16";"Sábado";"22:00:00";"PR";376;"298,3";"MAUA DA SERRA";"Ingestão de álcool";"Colisão lateral";"Com Vítimas Feridas";"Plena noite";"Decrescente";"Ceu Claro";"Dupla";"Reta";"Rural";4;0;1;0;1;2;1;2
83439012;"13/02/16";"Sábado";"18:45:00";"PE";101;"74";"RECIFE";"Falta de atenção";"Atropelamento de pessoa";"Com Vítimas Fatais";"Plena noite";"Decrescente";"Ceu Claro";"Dupla";"Curva";"Urbano";3;1;0;0;2;0;0;1
83439013;"13/02/16";"Sábado";"21:00:00";"SP";116;"469,9";"JACUPIRANGA";"Falta de atenção";"Saída de Pista";"Com Vítimas Feridas";"Plena noite";"Decrescente";"Ceu Claro";"Dupla";"Curva";"Rural";4;0;1;0;3;0;1;1
83439014;"13/02/16";"Sábado";"18:15:00";"SC";116;"50,6";"PAPANDUVA";"Ingestão de álcool";"Saída de Pista";"Com Vítimas Feridas";"Pleno dia";"Decrescente";"Ceu Claro";"Simples";"Reta";"Rural";3;0;0;1;0;2;1;1
83439015;"13/02/16";"Sábado";"22:45:00";"PR";277;"61";"SAO JOSE DOS PINHAIS";"Falta de atenção";"Capotamento";"Com Vítimas Feridas";"Plena noite";"Crescente";"Ceu Claro";"Dupla";"Reta";"Urbano";3;0;1;0;1;1;1;2
83439016;"13/02/16";"Sábado";"20:50:00";"SP";116;"217";"GUARULHOS";"Ingestão de álcool";"Capotamento";"Sem Vítimas";"Plena noite";"Crescente";"Ceu Claro";"Múltipla";"Reta";"Urbano";1;0;0;0;1;0;0;1
83439017;"13/02/16";"Sábado";"08:00:00";"MG";267;"322,3";"CONCEICAO DO RIO VERDE";"Velocidade incompatível";"Saída de Pista";"Com Vítimas Feridas";"Pleno dia";"Decrescente";"Sol";"Simples";"Reta";"Rural";1;0;0;1;0;0;1;1
83439018;"14/02/16";"Domingo";"00:30:00";"RS";116;"147,7";"CAXIAS DO SUL";"Falta de atenção";"Colisão traseira";"Sem Vítimas";"Plena noite";"Crescente";"Chuva";"Dupla";"Cruzamento";"Urbano";2;0;0;0;2;0;0;2
83439019;"13/02/16";"Sábado";"23:00:00";"RN";304;"46";"MOSSORO";"Ingestão de álcool";"Queda de motocicleta / bicicleta / veículo";"Com Vítimas Feridas";"Anoitecer";"Decrescente";"Ceu Claro";"Simples";"Reta";"Urbano";1;0;1;0;0;0;1;1
83439020;"13/02/16";"Sábado";"22:30:00";"SC";282;"25";"AGUAS MORNAS";"Falta de atenção";"Colisão frontal";"Com Vítimas Feridas";"Plena noite";"Crescente";"Nublado";"Simples";"Reta";"Rural";2;0;0;1;1;0;1;2
83439021;"13/02/16";"Sábado";"21:30:00";"TO";153;"285";"BRASILANDIA DO TOCANTINS";"Ultrapassagem indevida";"Saída de Pista";"Sem Vítimas";"Plena noite";"Crescente";"Ceu Claro";"Simples";"Reta";"Rural";1;0;0;0;1;0;0;1
83439022;"14/02/16";"Domingo";"01:45:00";"SC";470;"57,7";"BLUMENAU";"Ingestão de álcool";"Colisão Transversal";"Sem Vítimas";"Plena noite";"Decrescente";"Ceu Claro";"Simples";"Reta";"Urbano";2;0;0;0;2;0;0;2
83439023;"13/02/16";"Sábado";"23:30:00";"MS";163;"507";"JARAGUARI";"Dormindo";"Saída de Pista";"Sem Vítimas";"Plena noite";"Decrescente";"Ceu Claro";"Simples";"Curva";"Rural";1;0;0;0;1;0;0;1
83439024;"13/02/16";"Sábado";"19:00:00";"MT";163;"835";"SINOP";"Ultrapassagem indevida";"Queda de motocicleta / bicicleta / veículo";"Com Vítimas Feridas";"Anoitecer";"Crescente";"Nublado";"Dupla";"Reta";"Urbano";1;0;1;0;0;0;1;1
83439025;"13/02/16";"Sábado";"13:10:00";"AC";364;"124";"RIO BRANCO";"Desobediência à sinalização";"Colisão Transversal";"Sem Vítimas";"Pleno dia";"Crescente";"Ceu Claro";"Simples";"Cruzamento";"Urbano";2;0;0;0;2;0;0;2
83439026;"13/02/16";"Sábado";"23:15:00";"MG";262;"45,5";"MANHUACU";"Falta de atenção";"Colisão Transversal";"Com Vítimas Feridas";"Plena noite";"Crescente";"Ceu Claro";"Simples";"Reta";"Rural";5;0;4;0;1;0;4;2
83439027;"13/02/16";"Sábado";"17:00:00";"PR";163;"29";"SANTO ANTONIO DO SUDOESTE";"Ultrapassagem indevida";"Saída de Pista";"Sem Vítimas";"Pleno dia";"Decrescente";"Chuva";"Simples";"Curva";"Rural";4;0;0;0;4;0;0;3
83439028;"13/02/16";"Sábado";"22:50:00";"MA";10;"255";"IMPERATRIZ";"Falta de atenção";"Colisão traseira";"Com Vítimas Feridas";"Plena noite";"Decrescente";"Chuva";"Simples";"Reta";"Urbano";2;0;0;1;1;0;1;2
83439029;"13/02/16";"Sábado";"22:50:00";"MA";222;"667";"ACAILANDIA";"Ingestão de álcool";"Colisão traseira";"Sem Vítimas";"Plena noite";"Decrescente";"Nublado";"Simples";"Reta";"Urbano";3;0;0;0;3;0;0;2
83439030;"14/02/16";"Domingo";"00:30:00";"MG";262;"33,5";"MANHUACU";"Animais na Pista";"Atropelamento de animal";"Sem Vítimas";"Plena noite";"Crescente";"Ceu Claro";"Simples";"Reta";"Rural";1;0;0;0;1;0;0;1
83439031;"13/02/16";"Sábado";"21:20:00";"BA";116;"633,6";"JAGUAQUARA";"Velocidade incompatível";"Saída de Pista";"Com Vítimas Feridas";"Plena noite";"Crescente";"Nublado";"Simples";"Reta";"Urbano";1;0;1;0;0;0;1;1
83439032;"14/02/16";"Domingo";"01:00:00";"RS";285;"151,1";"MUITOS CAPOES";"Outras";"Saída de Pista";"Sem Vítimas";"Anoitecer";"Crescente";"Chuva";"Simples";"Curva";"Rural";1;0;0;0;1;0;0;1
83439033;"13/02/16";"Sábado";"20:00:00";"DF";60;"4,5";"BRASILIA";"Ingestão de álcool";"Colisão traseira";"Com Vítimas Feridas";"Plena noite";"Crescente";"Nublado";"Dupla";"Reta";"Urbano";4;0;2;0;2;0;2;2
83439034;"13/02/16";"Sábado";"23:40:00";"AC";364;"121,1";"RIO BRANCO";"Outras";"Atropelamento de animal";"Com Vítimas Feridas";"Plena noite";"Decrescente";"Ceu Claro";"Dupla";"Reta";"Rural";1;0;1;0;0;0;1;1
83439035;"13/02/16";"Sábado";"09:00:00";"ES";262;"156,9";"IBATIBA";"Falta de atenção";"Colisão traseira";"Com Vítimas Feridas";"Plena noite";"Crescente";"Ceu Claro";"Simples";"Reta";"Rural";4;0;1;2;1;0;3;4
83439037;"09/02/16";"Terça";"17:10:00";"SC";101;"82";"BARRA VELHA";"Falta de atenção";"Colisão lateral";"Com Vítimas Feridas";"Pleno dia";"Decrescente";"Chuva";"Dupla";"Reta";"Rural";4;0;3;0;1;0;3;2