"id";"data_inversa";"dia_semana";"horario";"uf";"br";"km";"municipio";"causa_acidente";"tipo_acidente";"classificacao_acidente";"fase_dia";"sentido_via";"condicao_metereologica";"tipo_pista";"tracado_via";"uso_solo";"pessoas";"mortos";"feridos_leves";"feridos_graves";"ilesos";"ignorados";"feridos";"veiculos"
83439038;"14/02/16";"Domingo";"02:10:00";"PB";101;"99,4";"ALHANDRA";"Ingestão de álcool";"Colisão frontal";"Com Vítimas Feridas";"Plena noite";"Decrescente";"Ceu Claro";"Dupla";"Reta";"Urbano";2;0;0;1;0;1;1;2
83439039;"14/02/16";"Domingo";"02:30:00";"SC";280;"54,7";"GUARAMIRIM";"Falta de atenção";"Colisão traseira";"Com Vítimas Feridas";"Plena noite";"Crescente";"Chuva";"Simples";"Reta";"Urbano";2;0;0;1;1;0;1;2
83439040;"13/02/16";"Sábado";"22:50:00";"RS";290;"81,7";"CACHOEIRINHA";"Ingestão de álcool";"Saída de Pista";"Com Vítimas Feridas";"Plena noite";"Crescente";"Chuva";"Dupla";"Reta";"Rural";1;0;0;1;0;0;1;1
83439041;"14/02/16";"Domingo";"03:34:00";"SC";280;"233,5";"CANOINHAS";"Ingestão de álcool";"Colisão Transversal";"Com Vítimas Feridas";"Plena noite";"Decrescente";"Chuva";"Simples";"Reta";"Urbano";7;0;2;0;5;0;2;2
83439042;"14/02/16";"Domingo";"04:20:00";"PR";277;"80";"CURITIBA";"Velocidade incompatível";"Saída de Pista";"Ignorado";"Plena noite";"Decrescente";"Ceu Claro";"Dupla";"Reta";"Urbano";1;0;0;0;0;1;0;1
83439043;"13/02/16";"Sábado";"10:40:00";"MG";381;"781,6";"CAMPANHA";"Outras";"Saída de Pista";"Sem Vítimas";"Pleno dia";"Crescente";"Sol";"Dupla";"Curva";"Rural";1;0;0;0;1;0;0;1
83439044;"13/02/16";"Sábado";"20:25:00";"MG";153;"210";"FRUTAL";"Velocidade incompatível";"Colisão Transversal";"Com Vítimas Fatais";"Plena noite";"Decrescente";"Ceu Claro";"Múltipla";"Cruzamento";"Rural";5;2;0;2;1;0;2;2
83439045;"13/02/16";"Sábado";"12:20:00";"PR";369;"150,1";"LONDRINA";"Não guardar distância de segurança";"Colisão traseira";"Com Vítimas Feridas";"Pleno dia";"Decrescente";"Ceu Claro";"Dupla";"Reta";"Urbano";2;0;0;1;1;0;1;2
83439046;"14/02/16";"Domingo";"04:15:00";"PR";277;"101";"CURITIBA";"Velocidade incompatível";"Saída de Pista";"Com Vítimas Feridas";"Plena noite";"Crescente";"Chuva";"Dupla";"Curva";"Rural";3;0;3;0;0;0;3;1
83439047;"07/02/16";"Domingo";"08:25:00";"PB";101;"6";"CABEDELO";"Ingestão de álcool";"Colisão traseira";"Com Vítimas Feridas";"Pleno dia";"Decrescente";"Ceu Claro";"Dupla";"Reta";"Urbano";2;0;1;0;0;1;1;2
83439048;"13/02/16";"Sábado";"21:20:00";"BA";116;"638";"JAGUAQUARA";"Velocidade incompatível";"Colisão com objeto fixo";"Sem Vítimas";"Plena noite";"Crescente";"Ceu Claro";"Simples";"Curva";"Rural";1;0;0;0;1;0;0;1
83439049;"14/02/16";"Domingo";"01:10:00";"MG";40;"517";"RIBEIRAO DAS NEVES";"Ingestão de álcool";"Capotamento";"Com Vítimas Feridas";"Plena noite";"Decrescente";"Nublado";"Dupla";"Reta";"Urbano";1;0;1;0;0;0;1;1
83439050;"13/02/16";"Sábado";"17:50:00";"PR";369;"148";"LONDRINA";"Desobediência à sinalização";"Colisão Transversal";"Com Vítimas Feridas";"Pleno dia";"Crescente";"Ceu Claro";"Dupla";"Reta";"Urbano";2;0;1;0;1;0;1;2
83439051;"06/02/16";"Sábado";"12:22:00";"RJ";101;"310";"SAO GONCALO";"Outras";"Queda de motocicleta / bicicleta / veículo";"Com Vítimas Feridas";"Pleno dia";"Crescente";"Sol";"Dupla";"Reta";"Urbano";2;0;1;0;0;1;1;2
83439052;"13/02/16";"Sábado";"18:00:00";"DF";60;"29,5";"BRASILIA";"Defeito na via";"Capotamento";"Com Vítimas Feridas";"Pleno dia";"Crescente";"Chuva";"Dupla";"Curva";"Urbano";2;0;0;1;1;0;1;1
83439053;"14/02/16";"Domingo";"04:20:00";"RJ";101;"412";"ITAGUAI";"Velocidade incompatível";"Capotamento";"Com Vítimas Feridas";"Plena noite";"Crescente";"Ceu Claro";"Dupla";"Reta";"Rural";2;0;2;0;0;0;2;1
83439054;"08/02/16";"Segunda";"16:50:00";"SC";101;"203";"SAO JOSE";"Não guardar distância de segurança";"Colisão traseira";"Sem Vítimas";"Pleno dia";"Decrescente";"Sol";"Dupla";"Curva";"Urbano";4;0;0;0;4;0;0;4
83439055;"14/02/16";"Domingo";"02:20:00";"AL";101;"160";"CAMPO ALEGRE";"Velocidade incompatível";"Capotamento";"Sem Vítimas";"Plena noite";"Decrescente";"Ceu Claro";"Simples";"Reta";"Rural";4;0;0;0;4;0;0;1
83439056;"14/02/16";"Domingo";"06:20:00";"RS";386;"421";"MONTENEGRO";"Falta de atenção";"Saída de Pista";"Com Vítimas Feridas";"Amanhecer";"Decrescente";"Nublado";"Dupla";"Reta";"Rural";1;0;1;0;0;0;1;1
83439057;"13/02/16";"Sábado";"18:10:00";"MG";40;"506,3";"RIBEIRAO DAS NEVES";"Outras";"Saída de Pista";"Com Vítimas Feridas";"Pleno dia";"Decrescente";"Nublado";"Dupla";"Reta";"Urbano";1;0;1;0;0;0;1;1
83439058;"13/02/16";"Sábado";"19:00:00";"RS";392;"208";"SANTANA DA BOA VISTA";"Velocidade incompatível";"Saída de Pista";"Sem Vítimas";"Pleno dia";"Crescente";"Chuva";"Simples";"Curva";"Rural";1;0;0;0;1;0;0;1
83439059;"13/02/16";"Sábado";"20:00:00";"RS";392;"196";"SANTANA DA BOA VISTA";"Velocidade incompatível";"Colisão com objeto fixo";"Sem Vítimas";"Anoitecer";"Decrescente";"Chuva";"Simples";"Curva";"Rural";1;0;0;0;1;0;0;1
83439060;"13/02/16";"Sábado";"22:00:00";"MT";163;"575";"NOVA MUTUM";"Defeito na via";"Tombamento";"Sem Vítimas";"Plena noite";"Decrescente";"Ceu Claro";"Simples";"Curva";"Rural";1;0;0;0;1;0;0;1
83439061;"14/02/16";"Domingo";"01:00:00";"MT";364;"201";"RONDONOPOLIS";"Ingestão de álcool";"Tombamento";"Com Vítimas Feridas";"Plena noite";"Decrescente";"Ceu Claro";"Dupla";"Reta";"Urbano";1;0;1;0;0;0;1;1
83439062;"13/02/16";"Sábado";"23:20:00";"MG";381;"152,4";"GOVERNADOR VALADARES";"Desobediência à sinalização";"Colisão traseira";"Com Vítimas Feridas";"Plena noite";"Crescente";"Nublado";"Simples";"Reta";"Rural";3;0;1;1;1;0;2;2
83439063;"13/02/16";"Sábado";"20:00:00";"TO";226;"22";"PALMEIRAS DO TOCANTINS";"Outras";"Tombamento";"Sem Vítimas";"Plena noite";"Decrescente";"Chuva";"Simples";"Reta";"Rural";1;0;0;0;1;0;0;1
83439064;"13/02/16";"Sábado";"22:30:00";"RO";319;"62";"PORTO VELHO";"Falta de atenção";"Colisão lateral";"Com Vítimas Feridas";"Plena noite";"Crescente";"Ceu Claro";"Dupla";"Reta";"Urbano";2;0;1;0;1;0;1;2
83439065;"13/02/16";"Sábado";"22:30:00";"SC";116;"94,9";"MONTE CASTELO";"Dormindo";"Tombamento";"Sem Vítimas";"Plena noite";"Crescente";"Nublado";"Simples";"Reta";"Rural";1;0;0;0;1;0;0;1
83439066;"10/02/16";"Quarta";"23:55:00";"ES";259;"20,5";"JOAO NEIVA";"Outras";"Capotamento";"Com Vítimas Feridas";"Plena noite";"Decrescente";"Ceu Claro";"Simples";"Curva";"Rural";1;0;0;1;0;0;1;1
83439067;"14/02/16";"Domingo";"05:00:00";"PR";277;"659,2";"MATELANDIA";"Falta de atenção";"Colisão lateral";"Com Vítimas Feridas";"Plena noite";"Crescente";"Ceu Claro";"Simples";"Curva";"Rural";2;0;0;1;1;0;1;2
83439068;"13/02/16";"Sábado";"21:30:00";"MG";50;"29";"ARAGUARI";"Velocidade incompatível";"Tombamento";"Com Vítimas Feridas";"Plena noite";"Decrescente";"Ceu Claro";"Dupla";"Curva";"Rural";1;0;0;1;0;0;1;1
83439069;"10/02/16";"Quarta";"18:45:00";"RJ";116;"137,9";"DUQUE DE CAXIAS";"Outras";"Colisão lateral";"Com Vítimas Feridas";"Pleno dia";"Crescente";"Ceu Claro";"Simples";"Reta";"Urbano";4;0;1;1;2;0;2;2
83439070;"13/02/16";"Sábado";"22:10:00";"MS";163;"256,2";"DOURADOS";"Ingestão de álcool";"Colisão traseira";"Sem Vítimas";"Plena noite";"Decrescente";"Ceu Claro";"Dupla";"Reta";"Urbano";2;0;0;0;2;0;0;2
83439071;"02/02/16";"Terça";"08:20:00";"RJ";116;"220";"PIRAI";"Outras";"Tombamento";"Com Vítimas Feridas";"Pleno dia";"Decrescente";"Ceu Claro";"Simples";"Curva";"Rural";1;0;1;0;0;0;1;1
83439072;"14/02/16";"Domingo";"04:15:00";"PR";376;"164";"MARINGA";"Ingestão de álcool";"Colisão traseira";"Com Vítimas Feridas";"Plena noite";"Crescente";"Ceu Claro";"Dupla";"Reta";"Rural";2;0;0;1;1;0;1;2
83439073;"10/02/16";"Quarta";"02:15:00";"SC";280;"144,5";"MAFRA";"Outras";"Colisão lateral";"Sem Vítimas";"Plena noite";"Crescente";"Nublado";"Simples";"Curva";"Rural";2;0;0;0;2;0;0;2
83439074;"14/02/16";"Domingo";"00:30:00";"RN";101;"95";"NATAL";"Outras";"Capotamento";"Com Vítimas Feridas";"Plena noite";"Crescente";"Ceu Claro";"Múltipla";"Curva";"Urbano";1;0;1;0;0;0;1;1
83439075;"14/02/16";"Domingo";"03:00:00";"RN";304;"304";"MACAIBA";"Desobediência à sinalização";"Colisão Transversal";"Com Vítimas Feridas";"Plena noite";"Crescente";"Ceu Claro";"Dupla";"Reta";"Urbano";2;0;1;0;1;0;1;2
83439076;"06/02/16";"Sábado";"17:10:00";"PR";277;"397,9";"CANDOI";"Falta de atenção";"Colisão Transversal";"Com Vítimas Feridas";"Pleno dia";"Decrescente";"Sol";"Simples";"Cruzamento";"Rural";6;0;4;1;1;0;5;2
83439077;"13/02/16";"Sábado";"19:00:00";"PE";423;"72,5";"JUPI";"Defeito mecânico em veículo";"Incêndio";"Sem Vítimas";"Plena noite";"Crescente";"Nublado";"Simples";"Reta";"Rural";1;0;0;0;1;0;0;1
83439078;"14/02/16";"Domingo";"06:20:00";"MT";364;"45";"ALTO GARCAS";"Outras";"Colisão traseira";"Sem Vítimas";"Amanhecer";"Crescente";"Ceu Claro";"Simples";"Reta";"Rural";2;0;0;0;2;0;0;2
83439079;"13/02/16";"Sábado";"14:45:00";"DF";70;"19,8";"BRASILIA";"Outras";"Colisão com objeto fixo";"Sem Vítimas";"Pleno dia";"Crescente";"Ceu Claro";"Dupla";"Reta";"Urbano";1;0;0;0;1;0;0;1
83439080;"14/02/16";"Domingo";"05:30:00";"PR";376;"494,8";"PONTA GROSSA";"Ingestão de álcool";"Colisão traseira";"Sem Vítimas";"Plena noite";"Crescente";"Nublado";"Dupla";"Reta";"Urbano";2;0;0;0;2;0;0;2
83439081;"14/02/16";"Domingo";"04:00:00";"PA";163;"1001";"SANTAREM";"Ingestão de álcool";"Atropelamento de pessoa";"Com Vítimas Feridas";"Plena noite";"Crescente";"Ceu Claro";"Dupla";"Reta";"Urbano";2;0;0;2;0;0;2;1
83439082;"10/02/16";"Quarta";"20:16:00";"SP";116;"129";"CACAPAVA";"Outras";"Colisão com objeto fixo";"Sem Vítimas";"Plena noite";"Decrescente";"Chuva";"Dupla";"Reta";"Urbano";1;0;0;0;1;0;0;1
83439084;"06/02/16";"Sábado";"10:30:00";"ES";259;"72";"COLATINA";"Velocidade incompatível";"Colisão com objeto fixo";"Com Vítimas Feridas";"Pleno dia";"Decrescente";"Sol";"Simples";"Reta";"Rural";3;0;0;3;0;0;3;1
83439085;"06/02/16";"Sábado";"18:30:00";"MG";381;"484,8";"BETIM";"Outras";"Queda de motocicleta / bicicleta / veículo";"Com Vítimas Feridas";"Pleno dia";"Crescente";"Ceu Claro";"Dupla";"Reta";"Urbano";2;0;2;0;0;0;2;1
83439086;"14/02/16";"Domingo";"06:30:00";"MG";116;"746,3";"LEOPOLDINA";"Outras";"Capotamento";"Com Vítimas Feridas";"Amanhecer";"Crescente";"Ceu Claro";"Simples";"Reta";"Rural";2;0;1;1;0;0;2;1
83439087;"10/02/16";"Quarta";"14:10:00";"SP";381;"47,9";"ATIBAIA";"Outras";"Colisão com objeto fixo";"Com Vítimas Feridas";"Pleno dia";"Decrescente";"Ceu Claro";"Dupla";"Reta";"Urbano";2;0;0;2;0;0;2;1
83439088;"03/02/16";"Quarta";"00:25:00";"PR";476;"139";"CURITIBA";"Outras";"Atropelamento de pessoa";"Com Vítimas Fatais";"Plena noite";"Decrescente";"Nublado";"Dupla";"Reta";"Urbano";2;1;0;0;0;1;0;1
83439091;"11/02/16";"Quinta";"05:00:00";"SP";381;"44,5";"ATIBAIA";"Falta de atenção";"Colisão com objeto fixo";"Sem Vítimas";"Amanhecer";"Crescente";"Ceu Claro";"Dupla";"Reta";"Urbano";1;0;0;0;1;0;0;1
83439092;"10/02/16";"Quarta";"16:00:00";"SP";116;"536,1";"BARRA DO TURVO";"Velocidade incompatível";"Capotamento";"Com Vítimas Feridas";"Pleno dia";"Crescente";"Chuva";"Dupla";"Curva";"Rural";3;0;3;0;0;0;3;1
83439093;"10/02/16";"Quarta";"10:20:00";"BA";116;"408";"FEIRA DE SANTANA";"Velocidade incompatível";"Colisão lateral";"Sem Vítimas";"Pleno dia";"Decrescente";"Sol";"Simples";"Reta";"Rural";2;0;0;0;2;0;0;2
83439094;"14/02/16";"Domingo";"06:50:00";"RJ";101;"304";"SAO GONCALO";"Outras";"Colisão com objeto fixo";"Com Vítimas Feridas";"Amanhecer";"Crescente";"Sol";"Dupla";"Reta";"Urbano";1;0;1;0;0;0;1;1
83439095;"07/02/16";"Domingo";"03:50:00";"RJ";101;"321";"NITEROI";"Outras";"Capotamento";"Com Vítimas Feridas";"Plena noite";"Crescente";"Ceu Claro";"Dupla";"Curva";"Urbano";6;0;3;0;3;0;3;1
83439096;"10/02/16";"Quarta";"19:10:00";"BA";324;"561";"SAO SEBASTIAO DO PASSE";"Outras";"Capotamento";"Sem Vítimas";"Plena noite";"Crescente";"Ceu Claro";"Simples";"Reta";"Urbano";1;0;0;0;1;0;0;1
83439097;"07/02/16";"Domingo";"06:05:00";"PR";277;"51";"SAO JOSE DOS PINHAIS";"Dormindo";"Saída de Pista";"Com Vítimas Feridas";"Amanhecer";"Crescente";"Chuva";"Dupla";"Reta";"Rural";2;0;2;0;0;0;2;1
83439098;"10/02/16";"Quarta";"05:50:00";"BA";324;"537";"CONCEICAO DO JACUIPE";"Outras";"Colisão com objeto fixo";"Sem Vítimas";"Amanhecer";"Crescente";"Ceu Claro";"Dupla";"Reta";"Rural";1;0;0;0;1;0;0;1
83439099;"10/02/16";"Quarta";"14:20:00";"PR";116;"15";"ANTONINA";"Outras";"Colisão com objeto fixo";"Com Vítimas Feridas";"Pleno dia";"Crescente";"Chuva";"Dupla";"Curva";"Rural";1;0;1;0;0;0;1;1
83439100;"14/02/16";"Domingo";"07:00:00";"SC";282;"357,5";"ERVAL VELHO";"Velocidade incompatível";"Capotamento";"Sem Vítimas";"Amanhecer";"Decrescente";"Nublado";"Simples";"Curva";"Rural";1;0;0;0;1;0;0;1
83439101;"06/02/16";"Sábado";"18:30:00";"BA";101;"767";"ITABELA";"Falta de atenção";"Colisão Transversal";"Sem Vítimas";"Anoitecer";"Decrescente";"Ceu Claro";"Simples";"Reta";"Rural";2;0;0;0;2;0;0;2
83439102;"11/02/16";"Quinta";"07:20:00";"SC";470;"142,3";"RIO DO SUL";"Falta de atenção";"Colisão traseira";"Com Vítimas Feridas";"Pleno dia";"Decrescente";"Ceu Claro";"Múltipla";"Reta";"Urbano";3;0;1;0;2;0;1;3
83439103;"10/02/16";"Quarta";"10:15:00";"RN";226;"49,1";"BOM JESUS";"Não guardar distância de segurança";"Colisão traseira";"Sem Vítimas";"Pleno dia";"Decrescente";"Ceu Claro";"Simples";"Reta";"Urbano";5;0;0;0;4;1;0;5
83439104;"11/02/16";"Quinta";"04:30:00";"SP";381;"21,5";"BRAGANCA PAULISTA";"Defeito mecânico em veículo";"Colisão com objeto fixo";"Sem Vítimas";"Plena noite";"Decrescente";"Ceu Claro";"Dupla";"Reta";"Rural";1;0;0;0;1;0;0;1
83439105;"14/02/16";"Domingo";"06:50:00";"RS";472;"586,6";"URUGUAIANA";"Ingestão de álcool";"Saída de Pista";"Com Vítimas Feridas";"Amanhecer";"Crescente";"Ceu Claro";"Simples";"Reta";"Rural";1;0;0;1;0;0;1;1
83439106;"12/02/16";"Sexta";"19:15:00";"PI";135;"368";"BOM JESUS";"Animais na Pista";"Atropelamento de animal";"Sem Vítimas";"Plena noite";"Decrescente";"Ignorada";"Simples";"Reta";"Rural";4;0;0;0;4;0;0;1
83439107;"14/02/16";"Domingo";"07:40:00";"RS";285;"436,8";"BOZANO";"Velocidade incompatível";"Saída de Pista";"Com Vítimas Feridas";"Amanhecer";"Decrescente";"Chuva";"Simples";"Curva";"Rural";2;0;2;0;0;0;2;1
83439108;"07/02/16";"Domingo";"06:30:00";"RJ";101;"262";"RIO BONITO";"Outras";"Colisão com objeto fixo";"Sem Vítimas";"Amanhecer";"Crescente";"Ceu Claro";"Dupla";"Curva";"Urbano";1;0;0;0;1;0;0;1
83439109;"13/02/16";"Sábado";"19:20:00";"MT";163;"788";"SORRISO";"Velocidade incompatível";"Saída de Pista";"Com Vítimas Feridas";"Pleno dia";"Crescente";"Nublado";"Simples";"Reta";"Rural";2;0;1;0;0;1;1;2
83439110;"10/02/16";"Quarta";"06:13:00";"ES";101;"253";"SERRA";"Outras";"Atropelamento de pessoa";"Com Vítimas Feridas";"Pleno dia";"Crescente";"Ceu Claro";"Múltipla";"Curva";"Urbano";2;0;1;0;1;0;1;1
83439111;"10/02/16";"Quarta";"18:00:00";"SP";116;"219";"GUARULHOS";"Outras";"Colisão lateral";"Sem Vítimas";"Pleno dia";"Crescente";"Chuva";"Múltipla";"Reta";"Urbano";2;0;0;0;2;0;0;2
83439113;"12/02/16";"Sexta";"16:20:00";"PR";158;"200";"PEABIRU";"Falta de atenção";"Colisão Transversal";"Com Vítimas Feridas";"Pleno dia";"Crescente";"Ceu Claro";"Simples";"Reta";"Urbano";2;0;1;0;1;0;1;2
83439114;"13/02/16";"Sábado";"14:30:00";"MT";163;"1071,6";"GUARANTA DO NORTE";"Velocidade incompatível";"Atropelamento de pessoa";"Com Vítimas Feridas";"Pleno dia";"Decrescente";"Ceu Claro";"Simples";"Curva";"Rural";5;0;0;1;1;3;1;2
83439115;"14/02/16";"Domingo";"07:10:00";"RJ";101;"327";"NITEROI";"Outras";"Colisão traseira";"Com Vítimas Feridas";"Pleno dia";"Decrescente";"Ceu Claro";"Dupla";"Reta";"Urbano";2;0;1;0;1;0;1;2
83439116;"07/02/16";"Domingo";"18:30:00";"MG";40;"564";"NOVA LIMA";"Outras";"Colisão Transversal";"Sem Vítimas";"Pleno dia";"Decrescente";"Ceu Claro";"Simples";"Reta";"Rural";2;0;0;0;2;0;0;2
83439117;"11/02/16";"Quinta";"06:20:00";"SP";381;"15,5";"BRAGANCA PAULISTA";"Dormindo";"Colisão traseira";"Com Vítimas Feridas";"Amanhecer";"Crescente";"Ceu Claro";"Dupla";"Reta";"Rural";3;0;1;1;1;0;2;2
83439118;"10/02/16";"Quarta";"15:25:00";"PR";116;"5";"CAMPINA GRANDE DO SUL";"Outras";"Colisão com objeto fixo";"Com Vítimas Feridas";"Pleno dia";"Decrescente";"Chuva";"Simples";"Curva";"Rural";2;0;2;0;0;0;2;1
83439120;"14/02/16";"Domingo";"06:40:00";"MG";40;"648";"CRISTIANO OTONI";"Outras";"Capotamento";"Sem Vítimas";"Amanhecer";"Decrescente";"Ceu Claro";"Simples";"Reta";"Urbano";1;0;0;0;1;0;0;1
83439122;"12/02/16";"Sexta";"18:26:00";"RJ";116;"143,6";"DUQUE DE CAXIAS";"Não guardar distância de segurança";"Tombamento";"Com Vítimas Feridas";"Anoitecer";"Crescente";"Ceu Claro";"Simples";"Curva";"Rural";2;0;1;0;1;0;1;2
83439123;"14/02/16";"Domingo";"04:55:00";"MT";163;"744";"SORRISO";"Ingestão de álcool";"Saída de Pista";"Sem Vítimas";"Plena noite";"Decrescente";"Ceu Claro";"Simples";"Reta";"Rural";1;0;0;0;1;0;0;1
83439124;"11/02/16";"Quinta";"06:00:00";"PR";376;"653";"TIJUCAS DO SUL";"Outras";"Queda de motocicleta / bicicleta / veículo";"Com Vítimas Feridas";"Amanhecer";"Crescente";"Nublado";"Dupla";"Curva";"Rural";1;0;0;1;0;0;1;1
83439125;"12/02/16";"Sexta";"18:00:00";"MG";40;"413";"CURVELO";"Defeito mecânico em veículo";"Colisão traseira";"Sem Vítimas";"Anoitecer";"Crescente";"Chuva";"Simples";"Reta";"Rural";2;0;0;0;2;0;0;2
83439126;"11/02/16";"Quinta";"12:40:00";"SC";282;"541,1";"CHAPECO";"Ultrapassagem indevida";"Colisão lateral";"Com Vítimas Feridas";"Pleno dia";"Decrescente";"Ceu Claro";"Simples";"Curva";"Rural";2;0;0;1;1;0;1;2
83439127;"13/02/16";"Sábado";"16:30:00";"AC";364;"265";"SENA MADUREIRA";"Falta de atenção";"Colisão lateral";"Sem Vítimas";"Pleno dia";"Decrescente";"Sol";"Simples";"Reta";"Rural";6;0;0;0;6;0;0;2
83439128;"07/02/16";"Domingo";"07:30:00";"MG";40;"512";"RIBEIRAO DAS NEVES";"Outras";"Saída de Pista";"Com Vítimas Feridas";"Pleno dia";"Decrescente";"Ceu Claro";"Dupla";"Reta";"Urbano";2;0;0;2;0;0;2;1
83439129;"14/02/16";"Domingo";"07:45:00";"RS";285;"263,3";"MATO CASTELHANO";"Defeito mecânico em veículo";"Colisão com objeto móvel";"Sem Vítimas";"Pleno dia";"Decrescente";"Nublado";"Simples";"Reta";"Rural";3;0;0;0;3;0;0;2
83439130;"14/02/16";"Domingo";"10:10:00";"GO";40;"99,1";"CRISTALINA";"Falta de atenção";"Queda de motocicleta / bicicleta / veículo";"Com Vítimas Feridas";"Pleno dia";"Crescente";"Nublado";"Simples";"Curva";"Rural";1;0;0;1;0;0;1;1
83439131;"14/02/16";"Domingo";"10:05:00";"SC";282;"60";"RANCHO QUEIMADO";"Outras";"Saída de Pista";"Com Vítimas Feridas";"Pleno dia";"Decrescente";"Ceu Claro";"Simples";"Curva";"Rural";2;0;1;1;0;0;2;1
83439132;"14/02/16";"Domingo";"10:15:00";"PR";277;"77";"CURITIBA";"Falta de atenção";"Colisão traseira";"Com Vítimas Feridas";"Pleno dia";"Crescente";"Ceu Claro";"Dupla";"Reta";"Urbano";2;0;1;0;1;0;1;2
83439133;"14/02/16";"Domingo";"05:25:00";"PR";163;"32";"SANTO ANTONIO DO SUDOESTE";"Outras";"Colisão Transversal";"Sem Vítimas";"Plena noite";"Crescente";"Ceu Claro";"Simples";"Reta";"Rural";2;0;0;0;1;1;0;2
83439134;"10/02/16";"Quarta";"10:50:00";"CE";222;"67";"SAO GONCALO DO AMARANTE";"Não guardar distância de segurança";"Colisão traseira";"Com Vítimas Feridas";"Pleno dia";"Decrescente";"Ceu Claro";"Simples";"Reta";"Rural";2;0;1;0;1;0;1;2
83439135;"06/02/16";"Sábado";"17:20:00";"PB";230;"34,9";"BAYEUX";"Ingestão de álcool";"Colisão Transversal";"Com Vítimas Feridas";"Pleno dia";"Crescente";"Sol";"Dupla";"Curva";"Urbano";2;0;1;0;1;0;1;2
83439136;"11/02/16";"Quinta";"05:40:00";"SP";116;"277,1";"EMBU";"Não guardar distância de segurança";"Colisão lateral";"Com Vítimas Feridas";"Amanhecer";"Decrescente";"Ceu Claro";"Dupla";"Reta";"Urbano";2;0;1;0;1;0;1;2
83439137;"08/02/16";"Segunda";"19:50:00";"RJ";116;"114";"MAGE";"Falta de atenção";"Colisão com objeto fixo";"Com Vítimas Feridas";"Plena noite";"Decrescente";"Ceu Claro";"Dupla";"Reta";"Urbano";2;0;1;0;1;0;1;2
83439138;"10/02/16";"Quarta";"06:50:00";"RJ";116;"106";"GUAPIMIRIM";"Falta de atenção";"Colisão com objeto fixo";"Com Vítimas Feridas";"Pleno dia";"Crescente";"Ceu Claro";"Dupla";"Reta";"Urbano";1;0;1;0;0;0;1;1
83439139;"14/02/16";"Domingo";"11:45:00";"RJ";101;"266";"RIO BONITO";"Velocidade incompatível";"Colisão traseira";"Com Vítimas Feridas";"Pleno dia";"Crescente";"Ceu Claro";"Dupla";"Reta";"Urbano";7;0;3;0;4;0;3;5
83439140;"10/02/16";"Quarta";"08:30:00";"CE";222;"58";"SAO GONCALO DO AMARANTE";"Não guardar distância de segurança";"Colisão traseira";"Sem Vítimas";"Pleno dia";"Decrescente";"Ceu Claro";"Simples";"Reta";"Rural";2;0;0;0;2;0;0;2
83439141;"06/02/16";"Sábado";"03:30:00";"SC";101;"69";"ARAQUARI";"Outras";"Atropelamento de pessoa";"Com Vítimas Fatais";"Plena noite";"Crescente";"Nublado";"Múltipla";"Reta";"Rural";4;1;1;0;2;0;1;3
83439142;"14/02/16";"Domingo";"10:00:00";"SE";101;"92,8";"NOSSA SENHORA DO SOCORRO";"Falta de atenção";"Colisão com bicicleta";"Com Vítimas Feridas";"Pleno dia";"Decrescente";"Nublado";"Dupla";"Reta";"Rural";2;0;0;1;0;1;1;2
83439143;"12/02/16";"Sexta";"11:45:00";"SC";282;"338";"CAMPOS NOVOS";"Velocidade incompatível";"Colisão traseira";"Sem Vítimas";"Plena noite";"Decrescente";"Ceu Claro";"Simples";"Cruzamento";"Urbano";2;0;0;0;1;1;0;2
83439144;"06/02/16";"Sábado";"18:20:00";"BA";101;"371";"GANDU";"Outras";"Saída de Pista";"Sem Vítimas";"Pleno dia";"Decrescente";"Ceu Claro";"Simples";"Reta";"Rural";1;0;0;0;1;0;0;1
83439146;"10/02/16";"Quarta";"22:10:00";"GO";60;"214,7";"VARJAO";"Ingestão de álcool";"Colisão lateral";"Com Vítimas Feridas";"Plena noite";"Crescente";"Ceu Claro";"Dupla";"Reta";"Rural";5;0;3;1;1;0;4;2
83439147;"14/02/16";"Domingo";"09:20:00";"RJ";116;"19";"SAPUCAIA";"Velocidade incompatível";"Capotamento";"Com Vítimas Feridas";"Pleno dia";"Decrescente";"Sol";"Simples";"Curva";"Rural";1;0;1;0;0;0;1;1
83439148;"25/01/16";"Segunda";"13:30:00";"CE";20;"407";"CAUCAIA";"Outras";"Capotamento";"Ignorado";"Pleno dia";"Decrescente";"Ceu Claro";"Dupla";"Reta";"Urbano";1;0;0;0;0;1;0;1
83439149;"10/02/16";"Quarta";"20:50:00";"SC";101;"319,7";"PESCARIA BRAVA";"Defeito mecânico em veículo";"Queda de motocicleta / bicicleta / veículo";"Com Vítimas Feridas";"Plena noite";"Decrescente";"Nublado";"Dupla";"Reta";"Urbano";1;0;1;0;0;0;1;1
83439150;"14/02/16";"Domingo";"13:20:00";"RS";290;"479,5";"ROSARIO DO SUL";"Não guardar distância de segurança";"Colisão traseira";"Sem Vítimas";"Pleno dia";"Decrescente";"Sol";"Simples";"Reta";"Rural";4;0;0;0;4;0;0;2
83439151;"10/02/16";"Quarta";"19:30:00";"RO";364;"483";"ARIQUEMES";"Desobediência à sinalização";"Colisão Transversal";"Sem Vítimas";"Plena noite";"Crescente";"Ceu Claro";"Simples";"Reta";"Rural";6;0;0;0;5;1;0;2