"id";"data_inversa";"dia_semana";"horario";"uf";"br";"km";"municipio";"causa_acidente";"tipo_acidente";"classificacao_acidente";"fase_dia";"sentido_via";"condicao_metereologica";"tipo_pista";"tracado_via";"uso_solo";"pessoas";"mortos";"feridos_leves";"feridos_graves";"ilesos";"ignorados";"feridos";"veiculos"
83439269;"14/02/16";"Domingo";"22:30:00";"RS";116;"533,7";"CAPAO DO LEAO";"Outras";"Queda de motocicleta / bicicleta / veículo";"Com Vítimas Feridas";"Plena noite";"Crescente";"Ceu Claro";"Simples";"Reta";"Rural";1;0;1;0;0;0;1;1
83439270;"14/02/16";"Domingo";"16:00:00";"PB";101;"99";"ALHANDRA";"Outras";"Atropelamento de pessoa";"Com Vítimas Feridas";"Plena noite";"Decrescente";"Ceu Claro";"Dupla";"Reta";"Rural";2;0;1;0;0;1;1;1
83439271;"14/02/16";"Domingo";"23:00:00";"SP";116;"321";"JUQUITIBA";"Falta de atenção";"Colisão lateral";"Sem Vítimas";"Plena noite";"Decrescente";"Ceu Claro";"Dupla";"Reta";"Rural";3;0;0;0;3;0;0;2
83439272;"14/02/16";"Domingo";"22:50:00";"SP";381;"43";"ATIBAIA";"Velocidade incompatível";"Colisão com objeto fixo";"Ignorado";"Plena noite";"Crescente";"Ceu Claro";"Múltipla";"Reta";"Rural";1;0;0;0;0;1;0;1
83439273;"14/02/16";"Domingo";"21:40:00";"MS";163;"552,8";"BANDEIRANTES";"Outras";"Saída de Pista";"Sem Vítimas";"Plena noite";"Crescente";"Chuva";"Simples";"Curva";"Rural";1;0;0;0;1;0;0;1
83439274;"14/02/16";"Domingo";"21:30:00";"MS";163;"561";"BANDEIRANTES";"Falta de atenção";"Saída de Pista";"Sem Vítimas";"Plena noite";"Decrescente";"Chuva";"Simples";"Reta";"Rural";3;0;0;0;3;0;0;1
83439275;"14/02/16";"Domingo";"22:30:00";"PE";424;"67,3";"CAETES";"Velocidade incompatível";"Colisão traseira";"Com Vítimas Fatais";"Plena noite";"Crescente";"Ceu Claro";"Simples";"Reta";"Rural";2;1;0;0;0;1;0;2
83439276;"14/02/16";"Domingo";"16:30:00";"MG";459;"92,8";"POUSO ALEGRE";"Ingestão de álcool";"Capotamento";"Com Vítimas Feridas";"Pleno dia";"Crescente";"Sol";"Simples";"Reta";"Rural";3;0;2;0;1;0;2;1
83439277;"14/02/16";"Domingo";"16:50:00";"GO";70;"3";"AGUAS LINDAS DE GOIAS";"Falta de atenção";"Colisão lateral";"Com Vítimas Feridas";"Pleno dia";"Decrescente";"Nublado";"Dupla";"Reta";"Urbano";7;0;1;1;5;0;2;2
83439278;"14/02/16";"Domingo";"21:30:00";"MG";381;"541";"ITATIAIUCU";"Falta de atenção";"Saída de Pista";"Sem Vítimas";"Plena noite";"Decrescente";"Chuva";"Dupla";"Reta";"Rural";1;0;0;0;1;0;0;1
83439279;"14/02/16";"Domingo";"23:10:00";"SC";158;"111,3";"CUNHA PORA";"Velocidade incompatível";"Saída de Pista";"Com Vítimas Fatais";"Plena noite";"Crescente";"Ceu Claro";"Simples";"Curva";"Rural";1;1;0;0;0;0;0;1
83439280;"14/02/16";"Domingo";"20:00:00";"MG";116;"226,1";"TEOFILO OTONI";"Falta de atenção";"Saída de Pista";"Com Vítimas Feridas";"Plena noite";"Crescente";"Ceu Claro";"Simples";"Reta";"Rural";3;0;3;0;0;0;3;2
83439281;"15/02/16";"Segunda";"00:34:00";"PR";376;"256";"CALIFORNIA";"Falta de atenção";"Colisão traseira";"Sem Vítimas";"Plena noite";"Crescente";"Ceu Claro";"Simples";"Reta";"Urbano";2;0;0;0;2;0;0;2
83439282;"15/02/16";"Segunda";"00:40:00";"SC";101;"74,3";"ARAQUARI";"Outras";"Colisão lateral";"Com Vítimas Feridas";"Plena noite";"Decrescente";"Nublado";"Dupla";"Curva";"Rural";3;0;2;0;1;0;2;2
83439283;"14/02/16";"Domingo";"22:00:00";"SE";101;"94";"NOSSA SENHORA DO SOCORRO";"Outras";"Colisão com objeto fixo";"Com Vítimas Feridas";"Plena noite";"Decrescente";"Ceu Claro";"Dupla";"Reta";"Rural";1;0;1;0;0;0;1;1
83439285;"14/02/16";"Domingo";"20:30:00";"MA";222;"347,5";"IGARAPE DO MEIO";"Defeito na via";"Colisão frontal";"Com Vítimas Feridas";"Plena noite";"Decrescente";"Ceu Claro";"Simples";"Reta";"Rural";2;0;0;1;1;0;1;2
83439286;"14/02/16";"Domingo";"11:15:00";"PR";277;"599";"CASCAVEL";"Falta de atenção";"Colisão com bicicleta";"Com Vítimas Fatais";"Plena noite";"Crescente";"Ceu Claro";"Dupla";"Reta";"Rural";3;1;1;0;1;0;1;2
83439287;"11/02/16";"Quinta";"07:00:00";"ES";101;"399,1";"RIO NOVO DO SUL";"Falta de atenção";"Colisão com objeto fixo";"Com Vítimas Feridas";"Pleno dia";"Crescente";"Sol";"Simples";"Reta";"Rural";3;0;1;0;2;0;1;2
83439288;"14/02/16";"Domingo";"13:00:00";"MG";135;"410,3";"BOCAIUVA";"Desobediência à sinalização";"Colisão Transversal";"Com Vítimas Feridas";"Pleno dia";"Decrescente";"Ceu Claro";"Simples";"Reta";"Urbano";5;0;1;0;4;0;1;2
83439289;"14/02/16";"Domingo";"23:15:00";"RS";386;"357,5";"ESTRELA";"Outras";"Colisão lateral";"Com Vítimas Feridas";"Plena noite";"Crescente";"Ceu Claro";"Simples";"Reta";"Rural";5;0;3;0;2;0;3;2
83439290;"14/02/16";"Domingo";"23:30:00";"CE";304;"52,8";"ARACATI";"Animais na Pista";"Atropelamento de animal";"Sem Vítimas";"Plena noite";"Decrescente";"Ceu Claro";"Simples";"Reta";"Rural";2;0;0;0;2;0;0;1
83439291;"15/02/16";"Segunda";"00:30:00";"PB";230;"398,4";"SAO BENTO";"Animais na Pista";"Capotamento";"Com Vítimas Feridas";"Plena noite";"Crescente";"Nublado";"Simples";"Reta";"Rural";3;0;1;0;2;0;1;1
83439292;"27/01/16";"Quarta";"19:14:00";"PB";104;"132,8";"QUEIMADAS";"Falta de atenção";"Colisão lateral";"Sem Vítimas";"Plena noite";"Crescente";"Ceu Claro";"Simples";"Reta";"Urbano";2;0;0;0;1;1;0;2
83439293;"15/02/16";"Segunda";"03:00:00";"RS";290;"88,6";"PORTO ALEGRE";"Animais na Pista";"Atropelamento de animal";"Sem Vítimas";"Plena noite";"Crescente";"Ceu Claro";"Dupla";"Reta";"Rural";1;0;0;0;1;0;0;1
83439294;"14/02/16";"Domingo";"21:00:00";"RS";293;"246,9";"DOM PEDRITO";"Ingestão de álcool";"Saída de Pista";"Com Vítimas Feridas";"Anoitecer";"Crescente";"Chuva";"Simples";"Reta";"Rural";1;0;1;0;0;0;1;1
83439295;"14/02/16";"Domingo";"15:40:00";"SC";282;"32,6";"AGUAS MORNAS";"Falta de atenção";"Colisão traseira";"Com Vítimas Feridas";"Pleno dia";"Decrescente";"Nublado";"Simples";"Reta";"Urbano";3;0;1;0;2;0;1;2
83439296;"14/02/16";"Domingo";"15:07:00";"GO";153;"519";"HIDROLANDIA";"Velocidade incompatível";"Saída de Pista";"Sem Vítimas";"Pleno dia";"Crescente";"Chuva";"Dupla";"Reta";"Urbano";1;0;0;0;1;0;0;1
83439297;"14/02/16";"Domingo";"17:50:00";"CE";222;"6";"CAUCAIA";"Ingestão de álcool";"Colisão com bicicleta";"Com Vítimas Feridas";"Plena noite";"Decrescente";"Nublado";"Múltipla";"Reta";"Urbano";2;0;1;0;1;0;1;2
83439298;"14/02/16";"Domingo";"17:15:00";"BA";116;"428";"FEIRA DE SANTANA";"Falta de atenção";"Colisão lateral";"Sem Vítimas";"Pleno dia";"Decrescente";"Ceu Claro";"Dupla";"Reta";"Urbano";2;0;0;0;2;0;0;2
83439299;"10/02/16";"Quarta";"15:30:00";"PB";230;"15";"JOAO PESSOA";"Falta de atenção";"Queda de motocicleta / bicicleta / veículo";"Com Vítimas Feridas";"Pleno dia";"Decrescente";"Sol";"Dupla";"Reta";"Urbano";1;0;1;0;0;0;1;1
83439300;"14/02/16";"Domingo";"16:40:00";"MS";262;"403";"TERENOS";"Falta de atenção";"Colisão Transversal";"Com Vítimas Feridas";"Pleno dia";"Decrescente";"Nublado";"Simples";"Reta";"Rural";3;0;0;3;0;0;3;2
83439301;"14/02/16";"Domingo";"19:05:00";"PR";280;"261,2";"MARMELEIRO";"Ultrapassagem indevida";"Colisão frontal";"Com Vítimas Feridas";"Anoitecer";"Crescente";"Ceu Claro";"Simples";"Reta";"Rural";5;0;3;0;1;1;3;3
83439302;"14/02/16";"Domingo";"18:40:00";"PI";316;"396";"FRANCISCO MACEDO";"Falta de atenção";"Colisão frontal";"Com Vítimas Fatais";"Plena noite";"Crescente";"Ceu Claro";"Simples";"Reta";"Rural";2;1;0;0;1;0;0;2
83439303;"14/02/16";"Domingo";"20:10:00";"BA";324;"552";"AMELIA RODRIGUES";"Falta de atenção";"Queda de motocicleta / bicicleta / veículo";"Com Vítimas Feridas";"Plena noite";"Decrescente";"Ceu Claro";"Dupla";"Reta";"Rural";2;0;2;0;0;0;2;1
83439305;"14/02/16";"Domingo";"22:30:00";"BA";242;"272,1";"IBIQUERA";"Defeito mecânico em veículo";"Colisão com objeto fixo";"Com Vítimas Feridas";"Plena noite";"Decrescente";"Ceu Claro";"Simples";"Reta";"Rural";1;0;1;0;0;0;1;1
83439306;"15/02/16";"Segunda";"01:44:00";"SP";116;"220,8";"GUARULHOS";"Falta de atenção";"Capotamento";"Com Vítimas Feridas";"Plena noite";"Crescente";"Ceu Claro";"Múltipla";"Reta";"Urbano";1;0;1;0;0;0;1;1
83439307;"14/02/16";"Domingo";"22:45:00";"PR";277;"40,3";"MORRETES";"Defeito mecânico em veículo";"Colisão com objeto fixo";"Sem Vítimas";"Plena noite";"Decrescente";"Nublado";"Dupla";"Curva";"Rural";3;0;0;0;3;0;0;3
83439308;"13/02/16";"Sábado";"00:15:00";"TO";153;"236,1";"COLINAS DO TOCANTINS";"Outras";"Colisão lateral";"Sem Vítimas";"Plena noite";"Decrescente";"Nublado";"Simples";"Reta";"Rural";2;0;0;0;2;0;0;2
83439309;"15/02/16";"Segunda";"04:50:00";"RS";116;"487";"TURUCU";"Outras";"Colisão com objeto fixo";"Sem Vítimas";"Plena noite";"Decrescente";"Nevoeiro/neblina";"Simples";"Reta";"Rural";1;0;0;0;1;0;0;1
83439310;"15/02/16";"Segunda";"03:40:00";"RS";290;"449,2";"SAO GABRIEL";"Dormindo";"Colisão frontal";"Com Vítimas Feridas";"Plena noite";"Decrescente";"Nublado";"Simples";"Reta";"Rural";10;0;3;0;7;0;3;3
83439311;"10/02/16";"Quarta";"13:49:00";"SP";116;"205";"ARUJA";"Não guardar distância de segurança";"Colisão traseira";"Sem Vítimas";"Pleno dia";"Crescente";"Ceu Claro";"Múltipla";"Reta";"Urbano";2;0;0;0;2;0;0;2
83439312;"15/02/16";"Segunda";"03:45:00";"PR";369;"184";"ARAPONGAS";"Velocidade incompatível";"Colisão traseira";"Com Vítimas Feridas";"Pleno dia";"Crescente";"Ceu Claro";"Simples";"Cruzamento";"Urbano";5;0;3;1;0;1;4;2
83439313;"14/02/16";"Domingo";"13:50:00";"ES";101;"324,6";"GUARAPARI";"Dormindo";"Capotamento";"Com Vítimas Feridas";"Pleno dia";"Crescente";"Ceu Claro";"Simples";"Reta";"Rural";1;0;1;0;0;0;1;1
83439315;"14/02/16";"Domingo";"19:30:00";"DF";80;"13";"BRASILIA";"Outras";"Colisão com objeto fixo";"Com Vítimas Feridas";"Plena noite";"Decrescente";"Ignorada";"Simples";"Reta";"Rural";4;0;2;0;0;2;2;3
83439316;"14/02/16";"Domingo";"17:10:00";"PE";232;"408";"SERRA TALHADA";"Desobediência à sinalização";"Colisão Transversal";"Sem Vítimas";"Pleno dia";"Crescente";"Ceu Claro";"Simples";"Reta";"Urbano";6;0;0;0;5;1;0;2
83439317;"15/02/16";"Segunda";"04:30:00";"MS";60;"448,5";"SIDROLANDIA";"Dormindo";"Saída de Pista";"Com Vítimas Feridas";"Plena noite";"Decrescente";"Ceu Claro";"Simples";"Curva";"Rural";1;0;1;0;0;0;1;1
83439318;"14/02/16";"Domingo";"21:10:00";"MG";40;"118,9";"LAGOA GRANDE";"Velocidade incompatível";"Tombamento";"Sem Vítimas";"Plena noite";"Decrescente";"Ignorada";"Simples";"Reta";"Rural";1;0;0;0;1;0;0;1
83439320;"14/02/16";"Domingo";"22:50:00";"PR";487;"247,2";"IRETAMA";"Ultrapassagem indevida";"Queda de motocicleta / bicicleta / veículo";"Com Vítimas Fatais";"Plena noite";"Crescente";"Ceu Claro";"Simples";"Reta";"Rural";2;1;1;0;0;0;1;1
83439321;"04/02/16";"Quinta";"19:30:00";"SP";116;"223";"GUARULHOS";"Não guardar distância de segurança";"Colisão traseira";"Sem Vítimas";"Anoitecer";"Crescente";"Nublado";"Múltipla";"Reta";"Urbano";2;0;0;0;2;0;0;2
83439323;"10/02/16";"Quarta";"20:40:00";"SP";116;"144";"SAO JOSE DOS CAMPOS";"Não guardar distância de segurança";"Colisão traseira";"Sem Vítimas";"Plena noite";"Decrescente";"Nublado";"Dupla";"Reta";"Urbano";2;0;0;0;2;0;0;2
83439324;"14/02/16";"Domingo";"21:10:00";"SP";116;"146";"SAO JOSE DOS CAMPOS";"Ingestão de álcool";"Colisão lateral";"Sem Vítimas";"Plena noite";"Crescente";"Nublado";"Dupla";"Reta";"Urbano";2;0;0;0;2;0;0;2
83439326;"09/02/16";"Terça";"19:30:00";"SC";116;"245,5";"LAGES";"Falta de atenção";"Colisão Transversal";"Com Vítimas Feridas";"Anoitecer";"Crescente";"Ceu Claro";"Simples";"Cruzamento";"Urbano";4;0;2;0;2;0;2;2
83439327;"08/02/16";"Segunda";"06:00:00";"MG";40;"598,5";"OURO PRETO";"Defeito na via";"Queda de motocicleta / bicicleta / veículo";"Com Vítimas Feridas";"Amanhecer";"Decrescente";"Ignorada";"Dupla";"Reta";"Rural";1;0;1;0;0;0;1;1
83439328;"15/02/16";"Segunda";"06:40:00";"ES";101;"58";"SAO MATEUS";"Falta de atenção";"Colisão traseira";"Com Vítimas Feridas";"Pleno dia";"Decrescente";"Ceu Claro";"Simples";"Reta";"Rural";2;0;1;0;1;0;1;2
83439329;"10/02/16";"Quarta";"18:40:00";"MG";267;"127,9";"JUIZ DE FORA";"Outras";"Colisão com objeto móvel";"Com Vítimas Feridas";"Pleno dia";"Decrescente";"Ceu Claro";"Simples";"Reta";"Rural";3;0;2;0;0;1;2;2
83439330;"15/02/16";"Segunda";"00:15:00";"PA";230;"623,5";"VITORIA DO XINGU";"Animais na Pista";"Queda de motocicleta / bicicleta / veículo";"Com Vítimas Feridas";"Plena noite";"Crescente";"Nublado";"Simples";"Reta";"Rural";1;0;1;0;0;0;1;1
83439331;"06/02/16";"Sábado";"04:00:00";"PR";376;"456,6";"TIBAGI";"Falta de atenção";"Colisão traseira";"Sem Vítimas";"Plena noite";"Crescente";"Ceu Claro";"Simples";"Reta";"Rural";2;0;0;0;2;0;0;2
83439332;"14/02/16";"Domingo";"23:30:00";"MT";70;"91,5";"GENERAL CARNEIRO";"Ingestão de álcool";"Colisão traseira";"Com Vítimas Feridas";"Plena noite";"Crescente";"Nublado";"Simples";"Reta";"Rural";2;0;0;1;1;0;1;2
83439333;"15/02/16";"Segunda";"05:40:00";"RO";364;"345,2";"JI-PARANA";"Não guardar distância de segurança";"Queda de motocicleta / bicicleta / veículo";"Com Vítimas Feridas";"Amanhecer";"Crescente";"Nublado";"Dupla";"Reta";"Urbano";1;0;1;0;0;0;1;1
83439334;"11/02/16";"Quinta";"04:45:00";"BA";101;"246";"CONCEICAO DO ALMEIDA";"Outras";"Saída de Pista";"Sem Vítimas";"Amanhecer";"Decrescente";"Ceu Claro";"Simples";"Reta";"Rural";1;0;0;0;1;0;0;1
83439335;"13/02/16";"Sábado";"21:00:00";"MG";381;"490";"BETIM";"Falta de atenção";"Colisão traseira";"Com Vítimas Feridas";"Plena noite";"Crescente";"Nublado";"Dupla";"Reta";"Urbano";5;0;2;0;3;0;2;4
83439336;"15/02/16";"Segunda";"07:15:00";"SP";381;"64";"MAIRIPORA";"Falta de atenção";"Capotamento";"Sem Vítimas";"Pleno dia";"Decrescente";"Ceu Claro";"Dupla";"Reta";"Urbano";2;0;0;0;2;0;0;2
83439337;"15/02/16";"Segunda";"08:00:00";"RJ";40;"124";"DUQUE DE CAXIAS";"Desobediência à sinalização";"Colisão Transversal";"Com Vítimas Feridas";"Pleno dia";"Crescente";"Sol";"Múltipla";"Curva";"Urbano";3;0;1;0;2;0;1;2
83439338;"13/02/16";"Sábado";"06:50:00";"RS";392;"68,4";"PELOTAS";"Outras";"Colisão com bicicleta";"Sem Vítimas";"Pleno dia";"Decrescente";"Ceu Claro";"Simples";"Cruzamento";"Urbano";2;0;0;0;2;0;0;2
83439339;"15/02/16";"Segunda";"07:00:00";"BA";242;"797,5";"BARREIRAS";"Falta de atenção";"Colisão Transversal";"Com Vítimas Feridas";"Pleno dia";"Decrescente";"Sol";"Simples";"Reta";"Urbano";2;0;0;1;1;0;1;2
83439340;"14/02/16";"Domingo";"04:00:00";"MT";70;"332";"DOM AQUINO";"Outras";"Colisão lateral";"Com Vítimas Feridas";"Plena noite";"Crescente";"Nublado";"Simples";"Reta";"Rural";4;0;1;0;3;0;1;2
83439341;"08/02/16";"Segunda";"17:15:00";"SC";101;"203";"SAO JOSE";"Falta de atenção";"Colisão lateral";"Sem Vítimas";"Pleno dia";"Decrescente";"Sol";"Dupla";"Reta";"Urbano";2;0;0;0;2;0;0;2
83439342;"14/02/16";"Domingo";"05:00:00";"TO";153;"140,3";"ARAGUAINA";"Falta de atenção";"Colisão traseira";"Com Vítimas Feridas";"Amanhecer";"Crescente";"Ceu Claro";"Dupla";"Reta";"Urbano";2;0;1;0;1;0;1;2
83439343;"11/02/16";"Quinta";"23:50:00";"MG";50;"36";"ARAGUARI";"Outras";"Colisão com objeto fixo";"Com Vítimas Feridas";"Plena noite";"Decrescente";"Chuva";"Dupla";"Cruzamento";"Urbano";3;0;3;0;0;0;3;1
83439345;"14/02/16";"Domingo";"10:30:00";"BA";110;"341";"ALAGOINHAS";"Falta de atenção";"Colisão traseira";"Sem Vítimas";"Pleno dia";"Decrescente";"Nublado";"Simples";"Reta";"Urbano";5;0;0;0;4;1;0;3
83439346;"15/02/16";"Segunda";"07:30:00";"ES";101;"2";"SERRA";"Outras";"Queda de motocicleta / bicicleta / veículo";"Com Vítimas Feridas";"Pleno dia";"Crescente";"Ceu Claro";"Dupla";"Reta";"Urbano";1;0;0;1;0;0;1;1
83439348;"11/02/16";"Quinta";"18:30:00";"GO";40;"1";"VALPARAISO DE GOIAS";"Falta de atenção";"Colisão traseira";"Sem Vítimas";"Anoitecer";"Crescente";"Ceu Claro";"Dupla";"Reta";"Urbano";2;0;0;0;2;0;0;2
83439349;"11/02/16";"Quinta";"13:10:00";"DF";60;"5";"BRASILIA";"Falta de atenção";"Colisão Transversal";"Sem Vítimas";"Pleno dia";"Crescente";"Ceu Claro";"Dupla";"Reta";"Urbano";3;0;0;0;3;0;0;2
83439350;"14/02/16";"Domingo";"20:50:00";"RJ";101;"562";"PARATI";"Outras";"Colisão frontal";"Com Vítimas Fatais";"Plena noite";"Decrescente";"Ceu Claro";"Simples";"Curva";"Rural";5;1;1;1;2;0;2;2
83439353;"15/02/16";"Segunda";"06:30:00";"GO";60;"7,6";"APARECIDA DE GOIANIA";"Falta de atenção";"Colisão lateral";"Com Vítimas Feridas";"Amanhecer";"Crescente";"Nublado";"Dupla";"Reta";"Urbano";2;0;1;0;0;1;1;2
83439354;"12/02/16";"Sexta";"07:15:00";"PR";476;"242";"LAPA";"Velocidade incompatível";"Tombamento";"Sem Vítimas";"Pleno dia";"Crescente";"Ceu Claro";"Simples";"Curva";"Rural";1;0;0;0;1;0;0;1
83439355;"11/02/16";"Quinta";"20:10:00";"MG";365;"753,3";"ITUIUTABA";"Não guardar distância de segurança";"Danos Eventuais";"Sem Vítimas";"Plena noite";"Decrescente";"Ceu Claro";"Dupla";"Reta";"Urbano";1;0;0;0;1;0;0;1
83439356;"11/02/16";"Quinta";"10:00:00";"SE";101;"119,2";"ITAPORANGA DAJUDA";"Animais na Pista";"Atropelamento de animal";"Sem Vítimas";"Pleno dia";"Crescente";"Ceu Claro";"Dupla";"Curva";"Rural";1;0;0;0;1;0;0;1
83439357;"15/02/16";"Segunda";"07:01:00";"GO";40;"3";"VALPARAISO DE GOIAS";"Falta de atenção";"Colisão traseira";"Com Vítimas Feridas";"Pleno dia";"Decrescente";"Nublado";"Dupla";"Reta";"Urbano";5;0;1;0;4;0;1;4
83439359;"15/02/16";"Segunda";"02:00:00";"SC";282;"250,9";"SAO JOSE DO CERRITO";"Outras";"Atropelamento de animal";"Sem Vítimas";"Plena noite";"Decrescente";"Nevoeiro/neblina";"Simples";"Curva";"Rural";1;0;0;0;1;0;0;1
83439360;"14/02/16";"Domingo";"23:50:00";"MG";262;"185";"SAO DOMINGOS DO PRATA";"Falta de atenção";"Colisão lateral";"Com Vítimas Feridas";"Plena noite";"Decrescente";"Ceu Claro";"Simples";"Curva";"Rural";2;0;1;0;1;0;1;2
83439361;"13/02/16";"Sábado";"19:30:00";"GO";60;"46";"ALEXANIA";"Ingestão de álcool";"Colisão lateral";"Sem Vítimas";"Anoitecer";"Crescente";"Nublado";"Dupla";"Curva";"Rural";2;0;0;0;2;0;0;2
83439362;"13/02/16";"Sábado";"21:25:00";"PR";277;"588,3";"CASCAVEL";"Ingestão de álcool";"Colisão frontal";"Com Vítimas Feridas";"Plena noite";"Decrescente";"Ceu Claro";"Simples";"Reta";"Urbano";3;0;1;0;2;0;1;2
83439364;"11/02/16";"Quinta";"21:30:00";"PR";158;"204,5";"PEABIRU";"Falta de atenção";"Saída de Pista";"Com Vítimas Feridas";"Plena noite";"Crescente";"Ceu Claro";"Dupla";"Reta";"Rural";3;0;0;2;1;0;2;1
83439366;"15/02/16";"Segunda";"06:40:00";"RS";116;"478,7";"SAO LOURENCO DO SUL";"Ultrapassagem indevida";"Colisão frontal";"Com Vítimas Feridas";"Pleno dia";"Crescente";"Ceu Claro";"Simples";"Reta";"Rural";7;0;4;2;1;0;6;2
83439367;"15/02/16";"Segunda";"07:54:00";"MG";381;"844";"POUSO ALEGRE";"Dormindo";"Saída de Pista";"Com Vítimas Feridas";"Pleno dia";"Crescente";"Ceu Claro";"Dupla";"Reta";"Rural";1;0;1;0;0;0;1;1
83439368;"15/02/16";"Segunda";"03:30:00";"RS";290;"41,5";"SANTO ANTONIO DA PATRULHA";"Dormindo";"Saída de Pista";"Sem Vítimas";"Plena noite";"Crescente";"Nevoeiro/neblina";"Múltipla";"Reta";"Rural";1;0;0;0;1;0;0;1
83439369;"12/02/16";"Sexta";"07:00:00";"RO";364;"424,5";"JARU";"Falta de atenção";"Colisão Transversal";"Sem Vítimas";"Pleno dia";"Decrescente";"Ceu Claro";"Simples";"Reta";"Urbano";2;0;0;0;2;0;0;2
83439370;"15/02/16";"Segunda";"08:45:00";"SC";470;"123";"IBIRAMA";"Velocidade incompatível";"Colisão frontal";"Com Vítimas Feridas";"Pleno dia";"Crescente";"Chuva";"Simples";"Curva";"Rural";3;0;2;0;1;0;2;2
83439371;"13/02/16";"Sábado";"16:30:00";"BA";116;"811";"VITORIA DA CONQUISTA";"Outras";"Colisão Transversal";"Com Vítimas Feridas";"Pleno dia";"Crescente";"Nublado";"Simples";"Reta";"Urbano";2;0;1;0;1;0;1;2
83439373;"11/02/16";"Quinta";"12:25:00";"AP";210;"3";"MACAPA";"Falta de atenção";"Colisão Transversal";"Com Vítimas Feridas";"Pleno dia";"Crescente";"Nublado";"Simples";"Cruzamento";"Urbano";2;0;1;0;1;0;1;2
83439374;"15/02/16";"Segunda";"09:10:00";"RS";116;"358,2";"TAPES";"Dormindo";"Colisão lateral";"Sem Vítimas";"Pleno dia";"Crescente";"Ceu Claro";"Simples";"Reta";"Rural";4;0;0;0;4;0;0;2
83439377;"12/02/16";"Sexta";"04:15:00";"SC";101;"372,3";"ICARA";"Animais na Pista";"Capotamento";"Com Vítimas Feridas";"Plena noite";"Crescente";"Ceu Claro";"Dupla";"Reta";"Rural";2;0;1;0;1;0;1;1
83439378;"04/02/16";"Quinta";"07:10:00";"MT";364;"562";"NOBRES";"Falta de atenção";"Colisão lateral";"Com Vítimas Feridas";"Pleno dia";"Crescente";"Ceu Claro";"Dupla";"Reta";"Urbano";3;0;1;0;0;2;1;3
83439379;"11/02/16";"Quinta";"18:40:00";"RJ";116;"219";"PIRAI";"Outras";"Colisão com objeto fixo";"Com Vítimas Feridas";"Anoitecer";"Crescente";"Chuva";"Dupla";"Curva";"Rural";2;0;1;0;1;0;1;1
83439380;"15/02/16";"Segunda";"09:00:00";"GO";153;"87";"SANTA TEREZA DE GOIAS";"Defeito na via";"Queda de motocicleta / bicicleta / veículo";"Com Vítimas Feridas";"Pleno dia";"Decrescente";"Ceu Claro";"Simples";"Reta";"Rural";2;0;1;0;1;0;1;2
83439381;"15/02/16";"Segunda";"09:15:00";"PA";163;"999";"SANTAREM";"Desobediência à sinalização";"Colisão Transversal";"Sem Vítimas";"Pleno dia";"Decrescente";"Ceu Claro";"Simples";"Curva";"Urbano";2;0;0;0;2;0;0;2
83439382;"11/02/16";"Quinta";"20:35:00";"GO";153;"502";"GOIANIA";"Falta de atenção";"Atropelamento de pessoa";"Com Vítimas Feridas";"Plena noite";"Crescente";"Vento";"Dupla";"Reta";"Urbano";2;0;0;1;0;1;1;1
83439383;"12/02/16";"Sexta";"21:00:00";"PA";10;"339";"SANTA MARIA DO PARA";"Outras";"Saída de Pista";"Sem Vítimas";"Plena noite";"Decrescente";"Ceu Claro";"Simples";"Reta";"Rural";1;0;0;0;1;0;0;1
83439384;"15/02/16";"Segunda";"05:00:00";"RO";364;"27";"VILHENA";"Outras";"Saída de Pista";"Com Vítimas Feridas";"Amanhecer";"Decrescente";"Nublado";"Simples";"Reta";"Rural";3;0;1;0;2;0;1;1
83439385;"13/02/16";"Sábado";"20:15:00";"PE";407;"59,5";"PETROLINA";"Outras";"Colisão frontal";"Com Vítimas Fatais";"Plena noite";"Decrescente";"Nublado";"Simples";"Reta";"Rural";2;1;0;1;0;0;1;2
83439386;"15/02/16";"Segunda";"10:15:00";"PR";376;"176,8";"MARINGA";"Falta de atenção";"Colisão traseira";"Sem Vítimas";"Pleno dia";"Decrescente";"Ceu Claro";"Dupla";"Reta";"Urbano";2;0;0;0;1;1;0;2
83439389;"16/01/16";"Sábado";"22:30:00";"PR";376;"4";"SAO JOSE DOS PINHAIS";"Desobediência à sinalização";"Colisão Transversal";"Com Vítimas Feridas";"Plena noite";"Decrescente";"Ceu Claro";"Múltipla";"Cruzamento";"Urbano";2;0;0;1;1;0;1;2
83439390;"04/02/16";"Quinta";"01:00:00";"PR";369;"154";"LONDRINA";"Falta de atenção";"Colisão Transversal";"Com Vítimas Feridas";"Plena noite";"Decrescente";"Nublado";"Dupla";"Reta";"Urbano";2;0;0;1;1;0;1;2
83439391;"15/02/16";"Segunda";"11:00:00";"ES";101;"67,2";"SAO MATEUS";"Animais na Pista";"Atropelamento de animal";"Sem Vítimas";"Pleno dia";"Decrescente";"Ceu Claro";"Simples";"Reta";"Urbano";1;0;0;0;1;0;0;1
83439392;"15/02/16";"Segunda";"06:40:00";"MT";364;"284";"JACIARA";"Ultrapassagem indevida";"Colisão lateral";"Com Vítimas Feridas";"Amanhecer";"Crescente";"Ceu Claro";"Simples";"Reta";"Rural";2;0;1;0;1;0;1;2