"id";"data_inversa";"dia_semana";"horario";"uf";"br";"km";"municipio";"causa_acidente";"tipo_acidente";"classificacao_acidente";"fase_dia";"sentido_via";"condicao_metereologica";"tipo_pista";"tracado_via";"uso_solo";"pessoas";"mortos";"feridos_leves";"feridos_graves";"ilesos";"ignorados";"feridos";"veiculos"
83439513;"07/02/16";"Domingo";"18:15:00";"PB";104;"90";"REMIGIO";"Outras";"Atropelamento de pessoa";"Com Vítimas Feridas";"Anoitecer";"Crescente";"Ceu Claro";"Simples";"Reta";"Urbano";2;0;0;2;0;0;2;1
83439514;"15/02/16";"Segunda";"17:20:00";"MT";174;"332,9";"PONTES E LACERDA";"Outras";"Saída de Pista";"Sem Vítimas";"Pleno dia";"Crescente";"Chuva";"Simples";"Curva";"Rural";1;0;0;0;1;0;0;1
83439515;"05/02/16";"Sexta";"17:00:00";"PE";104;"72";"CARUARU";"Defeito mecânico em veículo";"Saída de Pista";"Sem Vítimas";"Pleno dia";"Crescente";"Ceu Claro";"Simples";"Reta";"Rural";1;0;0;0;1;0;0;1
83439516;"15/02/16";"Segunda";"18:50:00";"MG";381;"931,1";"ITAPEVA";"Velocidade incompatível";"Tombamento";"Com Vítimas Feridas";"Anoitecer";"Decrescente";"Chuva";"Dupla";"Curva";"Urbano";3;0;2;0;1;0;2;1
83439517;"15/02/16";"Segunda";"18:30:00";"AL";316;"83,6";"SANTANA DO IPANEMA";"Outras";"Colisão lateral";"Com Vítimas Feridas";"Pleno dia";"Crescente";"Nublado";"Simples";"Reta";"Urbano";2;0;1;0;1;0;1;2
83439518;"15/02/16";"Segunda";"16:45:00";"MG";40;"823,5";"SIMAO PEREIRA";"Velocidade incompatível";"Colisão com objeto fixo";"Com Vítimas Feridas";"Pleno dia";"Crescente";"Chuva";"Dupla";"Curva";"Rural";2;0;1;0;1;0;1;1
83439519;"15/02/16";"Segunda";"17:30:00";"GO";153;"506,5";"GOIANIA";"Falta de atenção";"Colisão lateral";"Com Vítimas Feridas";"Pleno dia";"Crescente";"Ceu Claro";"Dupla";"Reta";"Urbano";3;0;1;0;2;0;1;2
83439520;"15/02/16";"Segunda";"19:20:00";"MG";381;"548";"ITAGUARA";"Velocidade incompatível";"Capotamento";"Com Vítimas Feridas";"Plena noite";"Decrescente";"Ceu Claro";"Dupla";"Curva";"Rural";1;0;1;0;0;0;1;1
83439521;"15/02/16";"Segunda";"08:25:00";"RO";364;"104,3";"PIMENTA BUENO";"Defeito mecânico em veículo";"Tombamento";"Sem Vítimas";"Pleno dia";"Crescente";"Nublado";"Simples";"Reta";"Rural";2;0;0;0;2;0;0;2
83439522;"13/02/16";"Sábado";"21:00:00";"AC";317;"277";"EPITACIOLANDIA";"Defeito na via";"Capotamento";"Com Vítimas Feridas";"Plena noite";"Decrescente";"Ceu Claro";"Simples";"Curva";"Rural";1;0;1;0;0;0;1;1
83439523;"15/02/16";"Segunda";"17:00:00";"PR";277;"200,9";"PALMEIRA";"Falta de atenção";"Colisão lateral";"Sem Vítimas";"Pleno dia";"Crescente";"Nublado";"Simples";"Reta";"Rural";2;0;0;0;2;0;0;2
83439524;"15/02/16";"Segunda";"18:30:00";"SP";116;"269";"TABOAO DA SERRA";"Desobediência à sinalização";"Atropelamento de pessoa";"Com Vítimas Feridas";"Pleno dia";"Crescente";"Chuva";"Dupla";"Reta";"Urbano";2;0;0;1;1;0;1;1
83439525;"15/02/16";"Segunda";"16:30:00";"PR";487;"196,6";"CAMPO MOURAO";"Desobediência à sinalização";"Colisão Transversal";"Com Vítimas Feridas";"Pleno dia";"Crescente";"Ceu Claro";"Simples";"Cruzamento";"Rural";2;0;1;0;1;0;1;2
83439526;"15/02/16";"Segunda";"14:20:00";"MG";116;"541,5";"SANTA RITA DE MINAS";"Outras";"Queda de motocicleta / bicicleta / veículo";"Com Vítimas Feridas";"Pleno dia";"Crescente";"Ceu Claro";"Simples";"Curva";"Rural";1;0;1;0;0;0;1;1
83439527;"15/02/16";"Segunda";"20:30:00";"PR";376;"183";"SARANDI";"Falta de atenção";"Colisão traseira";"Com Vítimas Feridas";"Plena noite";"Decrescente";"Chuva";"Dupla";"Cruzamento";"Urbano";2;0;2;0;0;0;2;2
83439528;"15/02/16";"Segunda";"18:40:00";"RJ";101;"432";"MANGARATIBA";"Falta de atenção";"Saída de Pista";"Sem Vítimas";"Plena noite";"Crescente";"Chuva";"Simples";"Curva";"Rural";2;0;0;0;2;0;0;1
83439529;"15/02/16";"Segunda";"07:50:00";"SP";101;"51,1";"UBATUBA";"Falta de atenção";"Colisão traseira";"Com Vítimas Feridas";"Amanhecer";"Crescente";"Ceu Claro";"Simples";"Reta";"Urbano";2;0;2;0;0;0;2;2
83439530;"15/02/16";"Segunda";"16:10:00";"PR";476;"121,5";"COLOMBO";"Outras";"Saída de Pista";"Com Vítimas Feridas";"Pleno dia";"Crescente";"Chuva";"Dupla";"Reta";"Urbano";1;0;1;0;0;0;1;1
83439531;"15/02/16";"Segunda";"18:30:00";"RJ";40;"77";"PETROPOLIS";"Outras";"Tombamento";"Com Vítimas Feridas";"Pleno dia";"Crescente";"Chuva";"Simples";"Curva";"Urbano";2;0;2;0;0;0;2;1
83439532;"15/02/16";"Segunda";"18:40:00";"RR";174;"503";"BOA VISTA";"Falta de atenção";"Atropelamento de pessoa";"Com Vítimas Feridas";"Anoitecer";"Crescente";"Ceu Claro";"Simples";"Reta";"Urbano";2;0;0;1;1;0;1;1
83439533;"15/02/16";"Segunda";"17:20:00";"ES";262;"6";"CARIACICA";"Falta de atenção";"Colisão traseira";"Com Vítimas Feridas";"Pleno dia";"Crescente";"Ceu Claro";"Múltipla";"Reta";"Urbano";3;0;1;0;2;0;1;2
83439534;"15/02/16";"Segunda";"19:00:00";"RJ";116;"213";"PARACAMBI";"Outras";"Colisão com objeto fixo";"Com Vítimas Feridas";"Plena noite";"Decrescente";"Chuva";"Dupla";"Reta";"Rural";2;0;2;0;0;0;2;1
83439535;"13/02/16";"Sábado";"03:00:00";"SC";101;"208";"SAO JOSE";"Ingestão de álcool";"Saída de Pista";"Sem Vítimas";"Plena noite";"Crescente";"Nublado";"Dupla";"Reta";"Urbano";1;0;0;0;1;0;0;1
83439536;"15/02/16";"Segunda";"17:15:00";"PB";101;"122,7";"CAAPORA";"Falta de atenção";"Saída de Pista";"Sem Vítimas";"Pleno dia";"Crescente";"Nublado";"Dupla";"Curva";"Rural";1;0;0;0;1;0;0;1
83439537;"15/02/16";"Segunda";"14:20:00";"RN";226;"174,7";"CURRAIS NOVOS";"Falta de atenção";"Colisão Transversal";"Com Vítimas Feridas";"Pleno dia";"Decrescente";"Ceu Claro";"Dupla";"Reta";"Urbano";2;0;1;0;0;1;1;2
83439538;"15/02/16";"Segunda";"17:40:00";"RJ";116;"95";"GUAPIMIRIM";"Outras";"Colisão lateral";"Com Vítimas Feridas";"Pleno dia";"Crescente";"Chuva";"Simples";"Curva";"Rural";5;0;4;0;1;0;4;2
83439539;"13/02/16";"Sábado";"19:30:00";"CE";222;"49,2";"SAO GONCALO DO AMARANTE";"Desobediência à sinalização";"Colisão frontal";"Com Vítimas Feridas";"Plena noite";"Crescente";"Ceu Claro";"Simples";"Reta";"Rural";5;0;2;2;1;0;4;2
83439540;"15/02/16";"Segunda";"19:45:00";"SC";280;"54";"GUARAMIRIM";"Ingestão de álcool";"Colisão Transversal";"Sem Vítimas";"Pleno dia";"Decrescente";"Chuva";"Simples";"Reta";"Urbano";2;0;0;0;2;0;0;2
83439541;"15/02/16";"Segunda";"20:40:00";"PA";316;"0";"BELEM";"Não guardar distância de segurança";"Colisão traseira";"Sem Vítimas";"Plena noite";"Crescente";"Ceu Claro";"Dupla";"Reta";"Urbano";4;0;0;0;4;0;0;4
83439542;"15/02/16";"Segunda";"20:30:00";"RS";470;"286,6";"MONTENEGRO";"Falta de atenção";"Colisão Transversal";"Com Vítimas Feridas";"Plena noite";"Decrescente";"Ceu Claro";"Simples";"Cruzamento";"Urbano";2;0;0;1;1;0;1;2
83439543;"31/01/16";"Domingo";"07:20:00";"PE";407;"126";"PETROLINA";"Não guardar distância de segurança";"Colisão traseira";"Sem Vítimas";"Pleno dia";"Decrescente";"Ceu Claro";"Simples";"Reta";"Urbano";2;0;0;0;1;1;0;2
83439544;"15/02/16";"Segunda";"18:40:00";"AL";101;"82";"RIO LARGO";"Outras";"Colisão Transversal";"Com Vítimas Feridas";"Plena noite";"Decrescente";"Chuva";"Simples";"Reta";"Rural";3;0;0;1;2;0;1;2
83439545;"15/02/16";"Segunda";"21:30:00";"SC";101;"106";"PENHA";"Falta de atenção";"Colisão lateral";"Sem Vítimas";"Plena noite";"Decrescente";"Nublado";"Dupla";"Curva";"Urbano";2;0;0;0;2;0;0;2
83439546;"15/02/16";"Segunda";"20:00:00";"RJ";116;"143";"DUQUE DE CAXIAS";"Outras";"Atropelamento de pessoa";"Com Vítimas Feridas";"Plena noite";"Decrescente";"Chuva";"Dupla";"Reta";"Rural";2;0;1;0;1;0;1;1
83439547;"09/02/16";"Terça";"11:15:00";"GO";40;"28,7";"LUZIANIA";"Outras";"Saída de Pista";"Sem Vítimas";"Pleno dia";"Decrescente";"Ceu Claro";"Simples";"Reta";"Rural";4;0;0;0;3;1;0;1
83439548;"15/02/16";"Segunda";"20:15:00";"PI";230;"296";"FLORIANO";"Animais na Pista";"Atropelamento de animal";"Com Vítimas Feridas";"Plena noite";"Decrescente";"Ceu Claro";"Simples";"Reta";"Rural";2;0;2;0;0;0;2;1
83439549;"15/02/16";"Segunda";"18:00:00";"PR";376;"353";"ORTIGUEIRA";"Outras";"Queda de motocicleta / bicicleta / veículo";"Com Vítimas Feridas";"Anoitecer";"Decrescente";"Nublado";"Simples";"Curva";"Rural";1;0;1;0;0;0;1;1
83439550;"15/02/16";"Segunda";"16:00:00";"SP";116;"216,5";"GUARULHOS";"Outras";"Colisão com objeto fixo";"Sem Vítimas";"Pleno dia";"Crescente";"Chuva";"Múltipla";"Reta";"Urbano";1;0;0;0;1;0;0;1
83439551;"13/02/16";"Sábado";"09:30:00";"PI";135;"546";"SAO GONCALO DO GURGUEIA";"Outras";"Colisão frontal";"Com Vítimas Fatais";"Pleno dia";"Crescente";"Chuva";"Simples";"Reta";"Rural";3;2;0;0;1;0;0;2
83439552;"15/02/16";"Segunda";"21:55:00";"PR";476;"124";"CURITIBA";"Desobediência à sinalização";"Colisão Transversal";"Com Vítimas Feridas";"Plena noite";"Crescente";"Nublado";"Dupla";"Reta";"Urbano";3;0;2;0;1;0;2;2
83439553;"10/02/16";"Quarta";"14:40:00";"PE";101;"50";"ABREU E LIMA";"Falta de atenção";"Colisão lateral";"Com Vítimas Feridas";"Pleno dia";"Crescente";"Ceu Claro";"Múltipla";"Reta";"Urbano";4;0;0;1;3;0;1;2
83439554;"08/02/16";"Segunda";"08:20:00";"PR";376;"663";"TIJUCAS DO SUL";"Defeito na via";"Queda de motocicleta / bicicleta / veículo";"Com Vítimas Feridas";"Pleno dia";"Decrescente";"Nublado";"Dupla";"Curva";"Rural";1;0;1;0;0;0;1;1
83439555;"15/02/16";"Segunda";"12:00:00";"BA";367;"26";"PORTO SEGURO";"Falta de atenção";"Colisão Transversal";"Com Vítimas Feridas";"Pleno dia";"Crescente";"Ceu Claro";"Simples";"Curva";"Urbano";2;0;0;1;1;0;1;2
83439556;"11/02/16";"Quinta";"19:30:00";"PR";163;"142";"CAPITAO LEONIDAS MARQUES";"Velocidade incompatível";"Tombamento";"Com Vítimas Feridas";"Anoitecer";"Decrescente";"Ceu Claro";"Simples";"Curva";"Rural";1;0;1;0;0;0;1;1
83439557;"15/02/16";"Segunda";"13:35:00";"TO";226;"12";"PALMEIRAS DO TOCANTINS";"Dormindo";"Colisão lateral";"Sem Vítimas";"Pleno dia";"Crescente";"Sol";"Simples";"Reta";"Rural";2;0;0;0;1;1;0;2
83439558;"15/02/16";"Segunda";"08:00:00";"CE";226;"255";"PEDRA BRANCA";"Outras";"Colisão lateral";"Com Vítimas Fatais";"Pleno dia";"Crescente";"Ceu Claro";"Simples";"Curva";"Urbano";2;1;0;0;0;1;0;2
83439559;"15/02/16";"Segunda";"18:45:00";"RO";364;"688";"CANDEIAS DO JAMARI";"Outras";"Saída de Pista";"Sem Vítimas";"Plena noite";"Decrescente";"Chuva";"Simples";"Reta";"Rural";1;0;0;0;1;0;0;1
83439560;"15/02/16";"Segunda";"17:00:00";"SP";116;"522";"CAJATI";"Falta de atenção";"Tombamento";"Sem Vítimas";"Pleno dia";"Crescente";"Nublado";"Simples";"Reta";"Rural";1;0;0;0;1;0;0;1
83439561;"15/02/16";"Segunda";"10:00:00";"RS";290;"181";"MINAS DO LEAO";"Falta de atenção";"Colisão traseira";"Sem Vítimas";"Pleno dia";"Decrescente";"Ceu Claro";"Simples";"Reta";"Urbano";3;0;0;0;3;0;0;3
83439562;"15/02/16";"Segunda";"19:00:00";"PE";101;"194,8";"PALMARES";"Outras";"Colisão lateral";"Com Vítimas Feridas";"Plena noite";"Crescente";"Chuva";"Simples";"Reta";"Rural";3;0;2;1;0;0;3;2
83439563;"15/02/16";"Segunda";"21:00:00";"MS";267;"474";"GUIA LOPES DA LAGUNA";"Velocidade incompatível";"Saída de Pista";"Sem Vítimas";"Plena noite";"Crescente";"Ceu Claro";"Dupla";"Curva";"Rural";1;0;0;0;1;0;0;1
83439564;"15/02/16";"Segunda";"08:20:00";"SP";381;"18,5";"BRAGANCA PAULISTA";"Defeito mecânico em veículo";"Colisão traseira";"Sem Vítimas";"Pleno dia";"Decrescente";"Sol";"Dupla";"Reta";"Rural";2;0;0;0;2;0;0;2
83439565;"15/02/16";"Segunda";"17:10:00";"PA";230;"630";"ALTAMIRA";"Falta de atenção";"Colisão traseira";"Com Vítimas Feridas";"Pleno dia";"Crescente";"Ceu Claro";"Simples";"Reta";"Urbano";6;0;1;0;5;0;1;4
83439566;"15/02/16";"Segunda";"23:40:00";"BA";407;"92,8";"JAGUARARI";"Dormindo";"Colisão lateral";"Com Vítimas Feridas";"Plena noite";"Crescente";"Chuva";"Simples";"Reta";"Rural";12;0;12;0;0;0;12;2
83439567;"15/02/16";"Segunda";"13:40:00";"RN";110;"49,8";"MOSSORO";"Outras";"Colisão frontal";"Com Vítimas Feridas";"Pleno dia";"Crescente";"Sol";"Dupla";"Reta";"Urbano";2;0;0;1;1;0;1;2
83439569;"11/02/16";"Quinta";"17:00:00";"PA";316;"62";"CASTANHAL";"Outras";"Colisão Transversal";"Com Vítimas Feridas";"Pleno dia";"Decrescente";"Nublado";"Dupla";"Reta";"Urbano";2;0;1;0;1;0;1;2
83439570;"16/02/16";"Terça";"05:15:00";"SC";116;"1";"MAFRA";"Ultrapassagem indevida";"Colisão lateral";"Sem Vítimas";"Plena noite";"Decrescente";"Ignorada";"Simples";"Curva";"Urbano";2;0;0;0;2;0;0;2
83439571;"16/02/16";"Terça";"00:30:00";"MG";153;"158,5";"COMENDADOR GOMES";"Outras";"Saída de Pista";"Com Vítimas Feridas";"Plena noite";"Crescente";"Ceu Claro";"Simples";"Reta";"Rural";1;0;1;0;0;0;1;1
83439572;"16/02/16";"Terça";"01:00:00";"BA";324;"584";"CANDEIAS";"Outras";"Saída de Pista";"Sem Vítimas";"Plena noite";"Crescente";"Ceu Claro";"Dupla";"Reta";"Rural";1;0;0;0;1;0;0;1
83439573;"15/02/16";"Segunda";"21:40:00";"RO";174;"18";"VILHENA";"Ingestão de álcool";"Queda de motocicleta / bicicleta / veículo";"Com Vítimas Feridas";"Plena noite";"Decrescente";"Ceu Claro";"Simples";"Cruzamento";"Rural";1;0;1;0;0;0;1;1
83439574;"15/02/16";"Segunda";"11:10:00";"SP";116;"446,5";"REGISTRO";"Falta de atenção";"Colisão traseira";"Sem Vítimas";"Pleno dia";"Decrescente";"Ceu Claro";"Dupla";"Reta";"Urbano";2;0;0;0;2;0;0;2
83439575;"16/02/16";"Terça";"03:20:00";"SP";116;"27,9";"SILVEIRAS";"Outras";"Saída de Pista";"Sem Vítimas";"Plena noite";"Crescente";"Chuva";"Dupla";"Curva";"Rural";1;0;0;0;1;0;0;1
83439576;"15/02/16";"Segunda";"21:30:00";"SP";116;"548";"BARRA DO TURVO";"Ultrapassagem indevida";"Colisão com objeto fixo";"Sem Vítimas";"Plena noite";"Decrescente";"Chuva";"Simples";"Curva";"Rural";1;0;0;0;1;0;0;1
83439577;"08/02/16";"Segunda";"02:40:00";"SP";116;"562";"BARRA DO TURVO";"Outras";"Saída de Pista";"Sem Vítimas";"Plena noite";"Crescente";"Chuva";"Dupla";"Curva";"Rural";1;0;0;0;1;0;0;1
83439578;"15/02/16";"Segunda";"14:00:00";"AC";364;"148";"RIO BRANCO";"Falta de atenção";"Colisão traseira";"Com Vítimas Feridas";"Pleno dia";"Decrescente";"Ceu Claro";"Dupla";"Reta";"Rural";2;0;2;0;0;0;2;2
83439579;"09/02/16";"Terça";"05:50:00";"PR";376;"642";"TIJUCAS DO SUL";"Outras";"Saída de Pista";"Sem Vítimas";"Amanhecer";"Crescente";"Nublado";"Dupla";"Reta";"Rural";1;0;0;0;1;0;0;1
83439580;"15/02/16";"Segunda";"18:00:00";"RJ";116;"318";"ITATIAIA";"Outras";"Colisão com objeto fixo";"Sem Vítimas";"Anoitecer";"Crescente";"Nublado";"Múltipla";"Reta";"Urbano";1;0;0;0;1;0;0;1
83439581;"16/02/16";"Terça";"04:50:00";"SP";116;"183,5";"SANTA ISABEL";"Falta de atenção";"Colisão traseira";"Com Vítimas Feridas";"Plena noite";"Crescente";"Chuva";"Dupla";"Reta";"Urbano";2;0;0;1;0;1;1;2
83439582;"16/02/16";"Terça";"03:20:00";"MG";381;"876,3";"ESTIVA";"Dormindo";"Colisão com objeto fixo";"Sem Vítimas";"Plena noite";"Crescente";"Chuva";"Dupla";"Reta";"Rural";1;0;0;0;1;0;0;1
83439583;"15/02/16";"Segunda";"22:45:00";"PR";469;"12";"FOZ DO IGUACU";"Outras";"Colisão Transversal";"Com Vítimas Feridas";"Plena noite";"Crescente";"Chuva";"Dupla";"Reta";"Urbano";2;0;0;1;1;0;1;2
83439584;"15/01/16";"Sexta";"13:00:00";"RJ";101;"412";"ITAGUAI";"Outras";"Colisão traseira";"Com Vítimas Feridas";"Pleno dia";"Crescente";"Chuva";"Dupla";"Curva";"Urbano";2;0;1;0;1;0;1;2
83439585;"15/02/16";"Segunda";"17:20:00";"RJ";116;"282";"BARRA MANSA";"Outras";"Colisão com objeto fixo";"Sem Vítimas";"Pleno dia";"Decrescente";"Chuva";"Dupla";"Curva";"Rural";1;0;0;0;1;0;0;1
83439586;"13/02/16";"Sábado";"21:30:00";"PB";230;"2";"CABEDELO";"Falta de atenção";"Colisão Transversal";"Com Vítimas Feridas";"Plena noite";"Crescente";"Nublado";"Simples";"Reta";"Urbano";2;0;1;0;0;1;1;2
83439587;"16/02/16";"Terça";"07:00:00";"MG";381;"697,4";"LAVRAS";"Defeito na via";"Capotamento";"Sem Vítimas";"Pleno dia";"Crescente";"Chuva";"Dupla";"Curva";"Rural";1;0;0;0;1;0;0;1
83439588;"12/02/16";"Sexta";"08:00:00";"MT";163;"680";"LUCAS DO RIO VERDE";"Ingestão de álcool";"Saída de Pista";"Com Vítimas Feridas";"Pleno dia";"Decrescente";"Ceu Claro";"Simples";"Reta";"Rural";1;0;0;1;0;0;1;1
83439591;"13/02/16";"Sábado";"05:50:00";"SC";470;"62,7";"BLUMENAU";"Outras";"Colisão Transversal";"Com Vítimas Feridas";"Plena noite";"Decrescente";"Ceu Claro";"Simples";"Reta";"Urbano";3;0;1;0;0;2;1;2
83439592;"15/02/16";"Segunda";"14:00:00";"PR";376;"444,6";"TIBAGI";"Velocidade incompatível";"Saída de Pista";"Sem Vítimas";"Pleno dia";"Decrescente";"Sol";"Simples";"Reta";"Rural";1;0;0;0;1;0;0;1
83439593;"11/02/16";"Quinta";"16:20:00";"ES";101;"263";"SERRA";"Não guardar distância de segurança";"Colisão traseira";"Sem Vítimas";"Pleno dia";"Decrescente";"Sol";"Dupla";"Cruzamento";"Urbano";2;0;0;0;2;0;0;2
83439596;"16/02/16";"Terça";"06:40:00";"SP";116;"275";"TABOAO DA SERRA";"Defeito mecânico em veículo";"Queda de motocicleta / bicicleta / veículo";"Com Vítimas Feridas";"Amanhecer";"Decrescente";"Ceu Claro";"Dupla";"Reta";"Rural";2;0;2;0;0;0;2;1
83439597;"15/02/16";"Segunda";"16:00:00";"PE";101;"38";"IGARASSU";"Não guardar distância de segurança";"Colisão traseira";"Com Vítimas Feridas";"Pleno dia";"Crescente";"Chuva";"Dupla";"Curva";"Urbano";3;0;1;0;2;0;1;3
83439598;"01/01/16";"Sexta";"05:40:00";"MT";163;"832";"SINOP";"Desobediência à sinalização";"Colisão lateral";"Com Vítimas Feridas";"Amanhecer";"Decrescente";"Nublado";"Dupla";"Cruzamento";"Urbano";3;0;0;1;1;1;1;2
83439599;"12/02/16";"Sexta";"12:40:00";"BA";324;"516";"FEIRA DE SANTANA";"Falta de atenção";"Colisão traseira";"Com Vítimas Feridas";"Pleno dia";"Crescente";"Sol";"Simples";"Reta";"Urbano";2;0;1;0;1;0;1;2
83439600;"12/02/16";"Sexta";"21:50:00";"MG";262;"369";"JUATUBA";"Outras";"Colisão com objeto fixo";"Sem Vítimas";"Plena noite";"Decrescente";"Chuva";"Dupla";"Reta";"Urbano";1;0;0;0;1;0;0;1
83439601;"03/01/16";"Domingo";"05:50:00";"SC";470;"43";"GASPAR";"Falta de atenção";"Colisão Transversal";"Com Vítimas Feridas";"Amanhecer";"Decrescente";"Nublado";"Simples";"Cruzamento";"Rural";2;0;1;0;1;0;1;2
83439603;"13/02/16";"Sábado";"04:00:00";"PR";376;"281,3";"MARILANDIA DO SUL";"Falta de atenção";"Saída de Pista";"Com Vítimas Feridas";"Plena noite";"Decrescente";"Nevoeiro/neblina";"Simples";"Reta";"Urbano";1;0;1;0;0;0;1;1
83439604;"16/02/16";"Terça";"08:10:00";"RS";471;"201,5";"PANTANO GRANDE";"Velocidade incompatível";"Saída de Pista";"Com Vítimas Feridas";"Pleno dia";"Crescente";"Ceu Claro";"Simples";"Curva";"Rural";1;0;1;0;0;0;1;1
83439605;"16/02/16";"Terça";"04:30:00";"MS";60;"522";"NIOAQUE";"Dormindo";"Saída de Pista";"Com Vítimas Feridas";"Plena noite";"Crescente";"Ceu Claro";"Simples";"Curva";"Rural";1;0;0;1;0;0;1;1
83439606;"15/02/16";"Segunda";"15:25:00";"MG";153;"77";"MONTE ALEGRE DE MINAS";"Não guardar distância de segurança";"Colisão traseira";"Com Vítimas Feridas";"Pleno dia";"Crescente";"Ceu Claro";"Simples";"Reta";"Rural";3;0;0;1;2;0;1;3
83439608;"03/01/16";"Domingo";"12:00:00";"MG";135;"537,3";"AUGUSTO DE LIMA";"Falta de atenção";"Colisão frontal";"Com Vítimas Fatais";"Pleno dia";"Crescente";"Chuva";"Simples";"Reta";"Rural";31;1;24;3;3;0;27;4
83439609;"12/02/16";"Sexta";"21:20:00";"MG";365;"507";"MONTE CARMELO";"Outras";"Colisão frontal";"Com Vítimas Fatais";"Plena noite";"Crescente";"Chuva";"Dupla";"Reta";"Rural";3;2;0;0;1;0;0;3
83439610;"16/02/16";"Terça";"08:30:00";"MG";381;"782";"CAMPANHA";"Velocidade incompatível";"Capotamento";"Sem Vítimas";"Pleno dia";"Decrescente";"Chuva";"Dupla";"Curva";"Rural";2;0;0;0;2;0;0;1
83439612;"12/02/16";"Sexta";"09:30:00";"RJ";116;"265";"BARRA MANSA";"Outras";"Tombamento";"Com Vítimas Feridas";"Pleno dia";"Decrescente";"Ceu Claro";"Dupla";"Reta";"Rural";1;0;1;0;0;0;1;1
83439614;"15/02/16";"Segunda";"23:50:00";"PR";369;"154";"LONDRINA";"Ingestão de álcool";"Colisão com bicicleta";"Com Vítimas Feridas";"Plena noite";"Crescente";"Chuva";"Múltipla";"Curva";"Urbano";2;0;0;1;1;0;1;2
83439615;"16/02/16";"Terça";"07:20:00";"BA";330;"804";"UBATA";"Não guardar distância de segurança";"Colisão traseira";"Sem Vítimas";"Pleno dia";"Decrescente";"Ceu Claro";"Simples";"Reta";"Urbano";2;0;0;0;1;1;0;2
83439616;"16/02/16";"Terça";"06:40:00";"MS";60;"586";"JARDIM";"Outras";"Queda de motocicleta / bicicleta / veículo";"Com Vítimas Feridas";"Pleno dia";"Decrescente";"Nublado";"Simples";"Reta";"Urbano";1;0;1;0;0;0;1;1
83439618;"16/02/16";"Terça";"07:00:00";"AL";316;"97,8";"SANTANA DO IPANEMA";"Não guardar distância de segurança";"Colisão traseira";"Com Vítimas Fatais";"Pleno dia";"Decrescente";"Ceu Claro";"Simples";"Reta";"Rural";2;1;0;0;1;0;0;2
83439619;"05/02/16";"Sexta";"08:30:00";"RN";101;"105";"PARNAMIRIM";"Outras";"Colisão lateral";"Sem Vítimas";"Pleno dia";"Decrescente";"Ceu Claro";"Dupla";"Reta";"Urbano";2;0;0;0;1;1;0;2
83439620;"12/02/16";"Sexta";"17:30:00";"RO";364;"342,3";"JI-PARANA";"Falta de atenção";"Colisão traseira";"Sem Vítimas";"Pleno dia";"Decrescente";"Ceu Claro";"Simples";"Reta";"Urbano";3;0;0;0;3;0;0;3
83439621;"09/02/16";"Terça";"07:10:00";"MG";381;"838";"SAO SEBASTIAO DA BELA VISTA";"Falta de atenção";"Capotamento";"Com Vítimas Feridas";"Pleno dia";"Decrescente";"Ceu Claro";"Dupla";"Curva";"Rural";5;0;3;1;1;0;4;1
83439622;"13/02/16";"Sábado";"15:15:00";"PR";369;"518,9";"CASCAVEL";"Ingestão de álcool";"Saída de Pista";"Com Vítimas Feridas";"Pleno dia";"Crescente";"Ceu Claro";"Simples";"Curva";"Urbano";2;0;1;1;0;0;2;1
83439623;"16/02/16";"Terça";"07:15:00";"MG";459;"101,8";"POUSO ALEGRE";"Falta de atenção";"Saída de Pista";"Com Vítimas Feridas";"Amanhecer";"Crescente";"Chuva";"Simples";"Reta";"Urbano";2;0;1;0;1;0;1;2
83439624;"16/02/16";"Terça";"07:45:00";"MS";163;"476,8";"CAMPO GRANDE";"Outras";"Colisão traseira";"Com Vítimas Feridas";"Pleno dia";"Decrescente";"Ceu Claro";"Simples";"Reta";"Urbano";2;0;0;1;1;0;1;2
83439625;"11/01/16";"Segunda";"11:30:00";"AP";210;"0";"MACAPA";"Falta de atenção";"Colisão traseira";"Com Vítimas Feridas";"Pleno dia";"Decrescente";"Chuva";"Dupla";"Reta";"Urbano";2;0;1;0;1;0;1;2
83439626;"16/02/16";"Terça";"10:00:00";"RS";386;"147,1";"ALMIRANTE TAMANDARE DO SUL";"Dormindo";"Saída de Pista";"Sem Vítimas";"Pleno dia";"Decrescente";"Nublado";"Simples";"Curva";"Rural";1;0;0;0;1;0;0;1
83439627;"30/01/16";"Sábado";"03:50:00";"MT";364;"289";"JACIARA";"Desobediência à sinalização";"Saída de Pista";"Com Vítimas Feridas";"Plena noite";"Decrescente";"Chuva";"Simples";"Curva";"Rural";1;0;1;0;0;0;1;1
83439628;"16/02/16";"Terça";"06:30:00";"TO";153;"788,7";"TALISMA";"Defeito na via";"Saída de Pista";"Sem Vítimas";"Pleno dia";"Decrescente";"Ceu Claro";"Simples";"Reta";"Rural";1;0;0;0;1;0;0;1
83439629;"16/02/16";"Terça";"08:50:00";"MG";40;"785";"JUIZ DE FORA";"Velocidade incompatível";"Saída de Pista";"Sem Vítimas";"Pleno dia";"Decrescente";"Chuva";"Dupla";"Curva";"Urbano";1;0;0;0;1;0;0;1
83439630;"12/02/16";"Sexta";"16:30:00";"GO";452;"48";"RIO VERDE";"Desobediência à sinalização";"Colisão frontal";"Com Vítimas Fatais";"Pleno dia";"Crescente";"Nublado";"Simples";"Curva";"Rural";2;2;0;0;0;0;0;2