"id";"data_inversa";"dia_semana";"horario";"uf";"br";"km";"municipio";"causa_acidente";"tipo_acidente";"classificacao_acidente";"fase_dia";"sentido_via";"condicao_metereologica";"tipo_pista";"tracado_via";"uso_solo";"pessoas";"mortos";"feridos_leves";"feridos_graves";"ilesos";"ignorados";"feridos";"veiculos"
83439631;"15/02/16";"Segunda";"01:00:00";"PR";277;"177,2";"PALMEIRA";"Ingestão de álcool";"Saída de Pista";"Com Vítimas Feridas";"Pleno dia";"Decrescente";"Chuva";"Simples";"Reta";"Rural";5;0;2;2;1;0;4;1
83439634;"14/02/16";"Domingo";"23:22:00";"GO";153;"292";"RIALMA";"Outras";"Saída de Pista";"Com Vítimas Feridas";"Plena noite";"Crescente";"Chuva";"Simples";"Reta";"Rural";1;0;1;0;0;0;1;1
83439636;"16/02/16";"Terça";"10:00:00";"PA";316;"8";"ANANINDEUA";"Outras";"Colisão traseira";"Com Vítimas Feridas";"Pleno dia";"Crescente";"Sol";"Dupla";"Reta";"Urbano";3;0;2;0;1;0;2;2
83439639;"16/02/16";"Terça";"00:20:00";"PR";469;"2";"FOZ DO IGUACU";"Outras";"Saída de Pista";"Sem Vítimas";"Plena noite";"Crescente";"Chuva";"Simples";"Cruzamento";"Urbano";1;0;0;0;1;0;0;1
83439640;"16/02/16";"Terça";"10:00:00";"SC";282;"1";"FLORIANOPOLIS";"Outras";"Colisão lateral";"Com Vítimas Feridas";"Pleno dia";"Decrescente";"Ceu Claro";"Dupla";"Reta";"Urbano";2;0;1;0;0;1;1;2
83439641;"16/02/16";"Terça";"10:40:00";"PR";369;"230";"JANDAIA DO SUL";"Falta de atenção";"Colisão Transversal";"Com Vítimas Feridas";"Pleno dia";"Crescente";"Nublado";"Simples";"Reta";"Urbano";4;0;2;1;1;0;3;2
83439642;"16/02/16";"Terça";"07:15:00";"MA";316;"114";"SANTA LUZIA DO PARUA";"Velocidade incompatível";"Colisão traseira";"Com Vítimas Feridas";"Pleno dia";"Decrescente";"Ceu Claro";"Simples";"Reta";"Rural";4;0;2;1;1;0;3;2
83439643;"23/01/16";"Sábado";"19:15:00";"PE";232;"86";"GRAVATA";"Velocidade incompatível";"Capotamento";"Com Vítimas Feridas";"Plena noite";"Crescente";"Ceu Claro";"Dupla";"Curva";"Rural";2;0;0;1;1;0;1;1
83439644;"16/02/16";"Terça";"09:40:00";"SC";470;"143";"RIO DO SUL";"Falta de atenção";"Colisão Transversal";"Com Vítimas Feridas";"Pleno dia";"Crescente";"Ceu Claro";"Simples";"Reta";"Urbano";2;0;2;0;0;0;2;2
83439645;"16/02/16";"Terça";"09:05:00";"MG";116;"485,2";"DOM CAVATI";"Outras";"Colisão frontal";"Com Vítimas Fatais";"Pleno dia";"Decrescente";"Ceu Claro";"Simples";"Curva";"Rural";5;1;2;1;1;0;3;3
83439646;"03/01/16";"Domingo";"07:00:00";"BA";101;"613";"MASCOTE";"Outras";"Capotamento";"Com Vítimas Feridas";"Pleno dia";"Decrescente";"Sol";"Simples";"Curva";"Rural";4;0;1;0;3;0;1;1
83439647;"16/02/16";"Terça";"10:30:00";"PR";376;"675";"GUARATUBA";"Falta de atenção";"Queda de motocicleta / bicicleta / veículo";"Com Vítimas Feridas";"Pleno dia";"Decrescente";"Sol";"Dupla";"Curva";"Rural";1;0;1;0;0;0;1;1
83439648;"27/01/16";"Quarta";"16:00:00";"RO";319;"59";"PORTO VELHO";"Desobediência à sinalização";"Colisão Transversal";"Com Vítimas Feridas";"Pleno dia";"Decrescente";"Ceu Claro";"Dupla";"Reta";"Urbano";3;0;1;0;2;0;1;3
83439649;"16/02/16";"Terça";"10:30:00";"RJ";116;"63";"TERESOPOLIS";"Outras";"Colisão frontal";"Com Vítimas Feridas";"Pleno dia";"Decrescente";"Nublado";"Simples";"Curva";"Urbano";4;0;2;0;2;0;2;3
83439651;"15/02/16";"Segunda";"06:40:00";"SC";470;"66,9";"INDAIAL";"Outras";"Colisão Transversal";"Com Vítimas Feridas";"Pleno dia";"Decrescente";"Nublado";"Simples";"Reta";"Rural";3;0;1;1;1;0;2;2
83439652;"11/02/16";"Quinta";"22:00:00";"MG";116;"703";"MURIAE";"Falta de atenção";"Atropelamento de pessoa";"Com Vítimas Feridas";"Plena noite";"Decrescente";"Chuva";"Simples";"Reta";"Urbano";2;0;1;1;0;0;2;1
83439653;"16/02/16";"Terça";"07:45:00";"MG";381;"864";"POUSO ALEGRE";"Velocidade incompatível";"Capotamento";"Com Vítimas Feridas";"Pleno dia";"Decrescente";"Chuva";"Dupla";"Curva";"Rural";1;0;1;0;0;0;1;1
83439654;"14/02/16";"Domingo";"20:30:00";"MA";316;"262";"SANTA INES";"Ingestão de álcool";"Colisão frontal";"Com Vítimas Feridas";"Plena noite";"Crescente";"Ceu Claro";"Dupla";"Reta";"Urbano";2;0;0;1;1;0;1;2
83439656;"15/02/16";"Segunda";"00:15:00";"GO";20;"12";"FORMOSA";"Outras";"Colisão frontal";"Sem Vítimas";"Plena noite";"Crescente";"Chuva";"Simples";"Reta";"Rural";2;0;0;0;2;0;0;2
83439657;"12/02/16";"Sexta";"23:00:00";"DF";20;"46,3";"BRASILIA";"Dormindo";"Capotamento";"Sem Vítimas";"Plena noite";"Decrescente";"Chuva";"Dupla";"Reta";"Rural";1;0;0;0;1;0;0;1
83439658;"16/02/16";"Terça";"10:30:00";"BA";101;"872";"TEIXEIRA DE FREITAS";"Velocidade incompatível";"Colisão frontal";"Com Vítimas Feridas";"Pleno dia";"Crescente";"Ceu Claro";"Simples";"Curva";"Rural";3;0;0;2;1;0;2;2
83439659;"16/02/16";"Terça";"09:30:00";"RJ";101;"291";"ITABORAI";"Outras";"Danos Eventuais";"Com Vítimas Feridas";"Pleno dia";"Decrescente";"Nublado";"Dupla";"Reta";"Rural";1;0;0;1;0;0;1;1
83439661;"11/01/16";"Segunda";"21:20:00";"GO";153;"395,9";"PIRENOPOLIS";"Ultrapassagem indevida";"Colisão com objeto fixo";"Sem Vítimas";"Plena noite";"Decrescente";"Chuva";"Simples";"Reta";"Rural";1;0;0;0;1;0;0;1
83439662;"16/02/16";"Terça";"07:20:00";"BA";324;"587";"CANDEIAS";"Velocidade incompatível";"Saída de Pista";"Com Vítimas Feridas";"Pleno dia";"Decrescente";"Sol";"Simples";"Reta";"Rural";1;0;1;0;0;0;1;1
83439663;"16/02/16";"Terça";"12:05:00";"RJ";101;"292";"ITABORAI";"Outras";"Colisão com objeto fixo";"Com Vítimas Feridas";"Pleno dia";"Decrescente";"Sol";"Dupla";"Reta";"Rural";2;0;1;0;0;1;1;2
83439664;"16/02/16";"Terça";"10:00:00";"MT";163;"729";"SORRISO";"Não guardar distância de segurança";"Colisão traseira";"Com Vítimas Feridas";"Pleno dia";"Crescente";"Ceu Claro";"Simples";"Reta";"Rural";2;0;0;1;1;0;1;2
83439666;"14/02/16";"Domingo";"01:25:00";"PR";163;"32";"SANTO ANTONIO DO SUDOESTE";"Ultrapassagem indevida";"Saída de Pista";"Sem Vítimas";"Plena noite";"Crescente";"Ceu Claro";"Simples";"Reta";"Rural";1;0;0;0;1;0;0;1
83439667;"12/02/16";"Sexta";"23:20:00";"RS";290;"94";"PORTO ALEGRE";"Velocidade incompatível";"Saída de Pista";"Sem Vítimas";"Plena noite";"Decrescente";"Ceu Claro";"Dupla";"Reta";"Urbano";2;0;0;0;2;0;0;1
83439668;"03/02/16";"Quarta";"11:00:00";"RR";174;"637";"AMAJARI";"Defeito mecânico em veículo";"Incêndio";"Sem Vítimas";"Pleno dia";"Decrescente";"Sol";"Simples";"Reta";"Rural";5;0;0;0;5;0;0;1
83439669;"31/01/16";"Domingo";"21:45:00";"SC";101;"69,7";"ARAQUARI";"Falta de atenção";"Colisão traseira";"Com Vítimas Feridas";"Plena noite";"Decrescente";"Nublado";"Dupla";"Reta";"Rural";4;0;2;0;2;0;2;3
83439670;"13/02/16";"Sábado";"02:30:00";"PR";277;"111";"CAMPO LARGO";"Outras";"Colisão traseira";"Com Vítimas Feridas";"Plena noite";"Crescente";"Ceu Claro";"Dupla";"Curva";"Urbano";4;0;0;1;3;0;1;2
83439671;"15/02/16";"Segunda";"23:40:00";"PI";316;"408,4";"MARCOLANDIA";"Falta de atenção";"Tombamento";"Com Vítimas Feridas";"Plena noite";"Decrescente";"Nublado";"Simples";"Curva";"Rural";2;0;1;0;1;0;1;1
83439672;"12/02/16";"Sexta";"17:20:00";"MG";116;"411,2";"GOVERNADOR VALADARES";"Falta de atenção";"Colisão lateral";"Com Vítimas Feridas";"Pleno dia";"Decrescente";"Ceu Claro";"Múltipla";"Reta";"Urbano";2;0;1;0;1;0;1;2
83439673;"16/02/16";"Terça";"10:30:00";"MG";381;"597,7";"CARMOPOLIS DE MINAS";"Defeito mecânico em veículo";"Colisão com objeto fixo";"Sem Vítimas";"Pleno dia";"Decrescente";"Chuva";"Dupla";"Reta";"Rural";1;0;0;0;1;0;0;1
83439674;"14/02/16";"Domingo";"14:30:00";"SP";116;"499";"CAJATI";"Dormindo";"Capotamento";"Com Vítimas Feridas";"Pleno dia";"Crescente";"Ceu Claro";"Simples";"Curva";"Rural";1;0;1;0;0;0;1;1
83439676;"12/02/16";"Sexta";"22:30:00";"SC";282;"208";"LAGES";"Defeito mecânico em veículo";"Saída de Pista";"Sem Vítimas";"Plena noite";"Crescente";"Ceu Claro";"Simples";"Reta";"Rural";1;0;0;0;1;0;0;1
83439677;"18/01/16";"Segunda";"16:35:00";"PA";230;"115";"MARABA";"Falta de atenção";"Colisão Transversal";"Ignorado";"Pleno dia";"Decrescente";"Nublado";"Dupla";"Reta";"Urbano";2;0;0;0;0;2;0;2
83439678;"16/02/16";"Terça";"13:33:00";"GO";153;"502";"GOIANIA";"Defeito mecânico em veículo";"Queda de motocicleta / bicicleta / veículo";"Com Vítimas Feridas";"Pleno dia";"Decrescente";"Sol";"Dupla";"Reta";"Urbano";1;0;1;0;0;0;1;1
83439679;"19/01/16";"Terça";"14:20:00";"MG";381;"370";"SAO GONCALO DO RIO ABAIXO";"Velocidade incompatível";"Tombamento";"Com Vítimas Feridas";"Pleno dia";"Decrescente";"Chuva";"Simples";"Curva";"Rural";2;0;1;1;0;0;2;1
83439680;"16/02/16";"Terça";"10:00:00";"GO";60;"108";"GOIANAPOLIS";"Falta de atenção";"Colisão com objeto fixo";"Sem Vítimas";"Pleno dia";"Decrescente";"Ceu Claro";"Múltipla";"Reta";"Rural";1;0;0;0;1;0;0;1
83439681;"16/02/16";"Terça";"12:00:00";"MS";163;"237,4";"CAARAPO";"Dormindo";"Saída de Pista";"Sem Vítimas";"Pleno dia";"Decrescente";"Ceu Claro";"Simples";"Reta";"Rural";2;0;0;0;2;0;0;1
83439683;"16/02/16";"Terça";"12:15:00";"MT";174;"310";"PONTES E LACERDA";"Falta de atenção";"Colisão traseira";"Com Vítimas Feridas";"Pleno dia";"Decrescente";"Ceu Claro";"Simples";"Reta";"Rural";10;0;1;0;9;0;1;3
83439685;"14/02/16";"Domingo";"20:30:00";"PA";222;"241";"MARABA";"Falta de atenção";"Queda de motocicleta / bicicleta / veículo";"Com Vítimas Feridas";"Plena noite";"Crescente";"Chuva";"Simples";"Curva";"Rural";1;0;1;0;0;0;1;1
83439686;"16/02/16";"Terça";"11:20:00";"SE";101;"110,4";"ITAPORANGA DAJUDA";"Falta de atenção";"Colisão lateral";"Com Vítimas Feridas";"Pleno dia";"Decrescente";"Sol";"Dupla";"Reta";"Urbano";7;0;1;0;6;0;1;3
83439687;"08/02/16";"Segunda";"09:30:00";"SP";116;"87";"PINDAMONHANGABA";"Falta de atenção";"Colisão traseira";"Sem Vítimas";"Pleno dia";"Decrescente";"Ceu Claro";"Múltipla";"Reta";"Urbano";2;0;0;0;2;0;0;2
83439688;"16/02/16";"Terça";"08:10:00";"DF";20;"6";"BRASILIA";"Falta de atenção";"Colisão Transversal";"Com Vítimas Feridas";"Pleno dia";"Crescente";"Ceu Claro";"Dupla";"Reta";"Urbano";2;0;2;0;0;0;2;2
83439689;"16/02/16";"Terça";"13:40:00";"CE";116;"2";"FORTALEZA";"Falta de atenção";"Colisão traseira";"Com Vítimas Feridas";"Pleno dia";"Decrescente";"Ceu Claro";"Dupla";"Reta";"Urbano";2;0;1;0;1;0;1;2
83439691;"16/02/16";"Terça";"14:40:00";"GO";153;"685,1";"ITUMBIARA";"Falta de atenção";"Tombamento";"Com Vítimas Feridas";"Pleno dia";"Crescente";"Chuva";"Dupla";"Reta";"Rural";2;0;1;0;1;0;1;1
83439694;"16/02/16";"Terça";"11:00:00";"PE";423;"87,5";"SAO JOAO";"Não guardar distância de segurança";"Colisão traseira";"Sem Vítimas";"Pleno dia";"Crescente";"Ceu Claro";"Simples";"Reta";"Rural";3;0;0;0;2;1;0;3
83439695;"16/02/16";"Terça";"13:40:00";"BA";116;"451,5";"ANTONIO CARDOSO";"Não guardar distância de segurança";"Colisão traseira";"Sem Vítimas";"Pleno dia";"Crescente";"Sol";"Simples";"Reta";"Rural";2;0;0;0;2;0;0;2
83439696;"16/02/16";"Terça";"14:20:00";"PR";369;"199";"APUCARANA";"Defeito mecânico em veículo";"Tombamento";"Com Vítimas Feridas";"Pleno dia";"Crescente";"Sol";"Dupla";"Reta";"Urbano";1;0;1;0;0;0;1;1
83439697;"16/02/16";"Terça";"14:15:00";"SC";470;"251";"CURITIBANOS";"Desobediência à sinalização";"Colisão Transversal";"Com Vítimas Feridas";"Pleno dia";"Crescente";"Nublado";"Simples";"Cruzamento";"Urbano";2;0;0;1;1;0;1;2
83439698;"16/02/16";"Terça";"10:30:00";"CE";20;"404";"CAUCAIA";"Defeito mecânico em veículo";"Queda de motocicleta / bicicleta / veículo";"Com Vítimas Feridas";"Pleno dia";"Crescente";"Nublado";"Simples";"Reta";"Urbano";1;0;1;0;0;0;1;1
83439699;"16/02/16";"Terça";"12:20:00";"RN";226;"175,5";"CURRAIS NOVOS";"Falta de atenção";"Colisão Transversal";"Com Vítimas Feridas";"Pleno dia";"Decrescente";"Ceu Claro";"Simples";"Reta";"Urbano";2;0;1;0;0;1;1;2
83439700;"20/01/16";"Quarta";"12:30:00";"MT";70;"136,1";"GENERAL CARNEIRO";"Defeito na via";"Tombamento";"Sem Vítimas";"Pleno dia";"Decrescente";"Nublado";"Simples";"Reta";"Rural";2;0;0;0;2;0;0;1
83439702;"16/02/16";"Terça";"14:40:00";"MG";40;"524";"CONTAGEM";"Velocidade incompatível";"Colisão traseira";"Com Vítimas Feridas";"Pleno dia";"Crescente";"Ceu Claro";"Dupla";"Reta";"Urbano";2;0;1;0;1;0;1;2
83439703;"16/01/16";"Sábado";"08:30:00";"MG";381;"347,5";"JOAO MONLEVADE";"Velocidade incompatível";"Saída de Pista";"Sem Vítimas";"Pleno dia";"Decrescente";"Chuva";"Simples";"Curva";"Rural";2;0;0;0;2;0;0;1
83439704;"16/02/16";"Terça";"14:00:00";"MG";262;"582,4";"CAMPOS ALTOS";"Velocidade incompatível";"Saída de Pista";"Sem Vítimas";"Pleno dia";"Decrescente";"Chuva";"Simples";"Curva";"Rural";2;0;0;0;2;0;0;1
83439705;"16/02/16";"Terça";"08:23:00";"MG";262;"451,2";"NOVA SERRANA";"Defeito mecânico em veículo";"Incêndio";"Sem Vítimas";"Pleno dia";"Decrescente";"Nublado";"Simples";"Reta";"Rural";1;0;0;0;1;0;0;1
83439706;"08/02/16";"Segunda";"09:45:00";"MG";251;"282,2";"SALINAS";"Defeito mecânico em veículo";"Saída de Pista";"Com Vítimas Feridas";"Pleno dia";"Decrescente";"Ceu Claro";"Simples";"Reta";"Rural";1;0;1;0;0;0;1;1
83439709;"16/02/16";"Terça";"15:55:00";"MG";356;"264,5";"MURIAE";"Não guardar distância de segurança";"Colisão traseira";"Sem Vítimas";"Pleno dia";"Decrescente";"Ceu Claro";"Simples";"Reta";"Urbano";2;0;0;0;2;0;0;2
83439710;"16/01/16";"Sábado";"11:20:00";"MG";40;"633";"CONSELHEIRO LAFAIETE";"Falta de atenção";"Colisão Transversal";"Sem Vítimas";"Pleno dia";"Decrescente";"Ceu Claro";"Simples";"Reta";"Urbano";2;0;0;0;2;0;0;2
83439711;"16/02/16";"Terça";"13:05:00";"SC";158;"135,7";"PALMITOS";"Desobediência à sinalização";"Tombamento";"Com Vítimas Feridas";"Pleno dia";"Crescente";"Sol";"Simples";"Curva";"Rural";2;0;1;0;1;0;1;2
83439712;"16/02/16";"Terça";"13:40:00";"SC";101;"160,8";"TIJUCAS";"Outras";"Incêndio";"Sem Vítimas";"Pleno dia";"Crescente";"Sol";"Dupla";"Reta";"Urbano";1;0;0;0;1;0;0;1
83439713;"15/02/16";"Segunda";"07:00:00";"SP";116;"221";"GUARULHOS";"Falta de atenção";"Colisão lateral";"Com Vítimas Feridas";"Pleno dia";"Crescente";"Ceu Claro";"Múltipla";"Reta";"Urbano";3;0;1;1;1;0;2;2
83439714;"16/02/16";"Terça";"15:00:00";"MT";364;"347";"SANTO ANTONIO DO LEVERGER";"Outras";"Tombamento";"Sem Vítimas";"Pleno dia";"Crescente";"Ceu Claro";"Dupla";"Reta";"Rural";1;0;0;0;1;0;0;1
83439715;"16/02/16";"Terça";"13:30:00";"MT";70;"512";"VARZEA GRANDE";"Não guardar distância de segurança";"Colisão traseira";"Sem Vítimas";"Pleno dia";"Crescente";"Sol";"Simples";"Reta";"Urbano";3;0;0;0;1;2;0;2
83439716;"01/02/16";"Segunda";"00:15:00";"RJ";101;"333";"RIO DE JANEIRO";"Falta de atenção";"Colisão traseira";"Com Vítimas Feridas";"Plena noite";"Crescente";"Ceu Claro";"Múltipla";"Reta";"Urbano";3;0;1;0;1;1;1;2
83439717;"23/01/16";"Sábado";"15:00:00";"PR";476;"52";"TUNAS DO PARANA";"Desobediência à sinalização";"Colisão frontal";"Com Vítimas Feridas";"Pleno dia";"Crescente";"Ceu Claro";"Simples";"Curva";"Rural";5;0;2;2;1;0;4;2
83439718;"05/02/16";"Sexta";"08:40:00";"RN";101;"100";"NATAL";"Falta de atenção";"Colisão lateral";"Sem Vítimas";"Pleno dia";"Decrescente";"Ceu Claro";"Dupla";"Cruzamento";"Rural";2;0;0;0;2;0;0;2
83439719;"15/02/16";"Segunda";"04:55:00";"BA";324;"550";"AMELIA RODRIGUES";"Não guardar distância de segurança";"Colisão traseira";"Com Vítimas Feridas";"Amanhecer";"Decrescente";"Ceu Claro";"Dupla";"Reta";"Urbano";2;0;1;0;1;0;1;2
83439720;"16/02/16";"Terça";"11:35:00";"PB";101;"121,6";"CAAPORA";"Velocidade incompatível";"Saída de Pista";"Com Vítimas Feridas";"Pleno dia";"Decrescente";"Sol";"Dupla";"Reta";"Rural";1;0;1;0;0;0;1;1
83439721;"16/02/16";"Terça";"16:40:00";"MG";381;"533,4";"ITATIAIUCU";"Falta de atenção";"Tombamento";"Sem Vítimas";"Pleno dia";"Decrescente";"Chuva";"Dupla";"Curva";"Rural";1;0;0;0;1;0;0;1
83439723;"13/02/16";"Sábado";"02:50:00";"RN";101;"96,7";"NATAL";"Outras";"Colisão traseira";"Com Vítimas Feridas";"Plena noite";"Crescente";"Ceu Claro";"Múltipla";"Reta";"Urbano";2;0;0;1;1;0;1;2
83439724;"16/02/16";"Terça";"15:00:00";"AL";104;"9";"SAO JOSE DA LAJE";"Falta de atenção";"Colisão lateral";"Sem Vítimas";"Pleno dia";"Crescente";"Nublado";"Simples";"Reta";"Rural";2;0;0;0;2;0;0;2
83439725;"16/02/16";"Terça";"11:20:00";"MG";262;"558,5";"CORREGO DANTA";"Velocidade incompatível";"Saída de Pista";"Sem Vítimas";"Pleno dia";"Crescente";"Chuva";"Simples";"Curva";"Rural";1;0;0;0;1;0;0;1
83439726;"16/02/16";"Terça";"16:10:00";"SP";381;"61";"MAIRIPORA";"Outras";"Incêndio";"Sem Vítimas";"Pleno dia";"Decrescente";"Ceu Claro";"Dupla";"Reta";"Rural";1;0;0;0;1;0;0;1
83439727;"16/02/16";"Terça";"06:00:00";"PA";230;"580";"VITORIA DO XINGU";"Outras";"Capotamento";"Com Vítimas Fatais";"Amanhecer";"Decrescente";"Nublado";"Simples";"Curva";"Rural";1;1;0;0;0;0;0;1
83439728;"14/02/16";"Domingo";"21:00:00";"BA";116;"15,1";"VITORIA DA CONQUISTA";"Ingestão de álcool";"Colisão traseira";"Com Vítimas Feridas";"Plena noite";"Crescente";"Nublado";"Simples";"Reta";"Urbano";3;0;0;2;1;0;2;2
83439729;"16/02/16";"Terça";"18:00:00";"MG";50;"44,1";"ARAGUARI";"Outras";"Saída de Pista";"Sem Vítimas";"Pleno dia";"Decrescente";"Chuva";"Dupla";"Reta";"Rural";1;0;0;0;1;0;0;1
83439731;"16/02/16";"Terça";"18:15:00";"PR";116;"206";"RIO NEGRO";"Ingestão de álcool";"Saída de Pista";"Com Vítimas Feridas";"Pleno dia";"Crescente";"Chuva";"Simples";"Reta";"Rural";3;0;3;0;0;0;3;1
83439732;"16/02/16";"Terça";"17:30:00";"SP";116;"509,5";"CAJATI";"Velocidade incompatível";"Saída de Pista";"Sem Vítimas";"Pleno dia";"Decrescente";"Chuva";"Simples";"Curva";"Rural";1;0;0;0;1;0;0;1
83439733;"16/02/16";"Terça";"10:00:00";"RS";285;"119";"VACARIA";"Falta de atenção";"Colisão traseira";"Sem Vítimas";"Pleno dia";"Decrescente";"Ceu Claro";"Simples";"Reta";"Urbano";2;0;0;0;2;0;0;2
83439734;"16/02/16";"Terça";"09:15:00";"SC";282;"497,7";"XANXERE";"Velocidade incompatível";"Saída de Pista";"Sem Vítimas";"Pleno dia";"Crescente";"Nublado";"Dupla";"Cruzamento";"Urbano";1;0;0;0;1;0;0;1
83439735;"16/02/16";"Terça";"18:35:00";"PR";376;"660";"TIJUCAS DO SUL";"Velocidade incompatível";"Colisão com objeto fixo";"Sem Vítimas";"Pleno dia";"Decrescente";"Chuva";"Dupla";"Reta";"Urbano";1;0;0;0;1;0;0;1
83439736;"16/02/16";"Terça";"11:55:00";"MG";116;"591,9";"MANHUACU";"Velocidade incompatível";"Colisão com objeto fixo";"Sem Vítimas";"Pleno dia";"Crescente";"Ceu Claro";"Simples";"Reta";"Rural";2;0;0;0;2;0;0;2
83439737;"16/02/16";"Terça";"05:40:00";"CE";116;"22,9";"ITAITINGA";"Animais na Pista";"Atropelamento de animal";"Com Vítimas Feridas";"Amanhecer";"Crescente";"Ceu Claro";"Dupla";"Reta";"Urbano";2;0;1;0;1;0;1;2
83439738;"14/02/16";"Domingo";"18:00:00";"SP";381;"69";"MAIRIPORA";"Velocidade incompatível";"Colisão traseira";"Sem Vítimas";"Pleno dia";"Crescente";"Sol";"Múltipla";"Reta";"Urbano";7;0;0;0;7;0;0;4
83439739;"16/02/16";"Terça";"15:20:00";"BA";242;"890";"LUIS EDUARDO MAGALHAES";"Velocidade incompatível";"Capotamento";"Com Vítimas Feridas";"Pleno dia";"Crescente";"Sol";"Simples";"Reta";"Rural";4;0;3;0;1;0;3;1
83439740;"16/02/16";"Terça";"11:40:00";"SC";282;"357";"ERVAL VELHO";"Dormindo";"Colisão frontal";"Com Vítimas Feridas";"Pleno dia";"Crescente";"Ceu Claro";"Simples";"Reta";"Rural";4;0;2;0;2;0;2;2
83439741;"16/02/16";"Terça";"17:15:00";"SC";101;"215";"PALHOCA";"Defeito mecânico em veículo";"Colisão com objeto fixo";"Com Vítimas Feridas";"Pleno dia";"Crescente";"Chuva";"Múltipla";"Reta";"Urbano";1;0;1;0;0;0;1;1
83439742;"31/01/16";"Domingo";"08:35:00";"RS";290;"78";"GRAVATAI";"Outras";"Saída de Pista";"Com Vítimas Feridas";"Pleno dia";"Decrescente";"Chuva";"Dupla";"Reta";"Rural";2;0;0;2;0;0;2;1
83439743;"04/02/16";"Quinta";"21:25:00";"RS";290;"43";"GLORINHA";"Defeito mecânico em veículo";"Saída de Pista";"Com Vítimas Feridas";"Plena noite";"Decrescente";"Ignorada";"Dupla";"Reta";"Rural";2;0;2;0;0;0;2;1
83439744;"11/02/16";"Quinta";"18:30:00";"RJ";116;"53";"TERESOPOLIS";"Velocidade incompatível";"Colisão frontal";"Com Vítimas Fatais";"Anoitecer";"Crescente";"Chuva";"Simples";"Reta";"Rural";5;1;3;1;0;0;4;2
83439745;"16/02/16";"Terça";"12:30:00";"MG";365;"227,7";"BURITIZEIRO";"Falta de atenção";"Colisão traseira";"Com Vítimas Feridas";"Pleno dia";"Crescente";"Ceu Claro";"Simples";"Reta";"Rural";3;0;1;0;2;0;1;3
83439746;"16/02/16";"Terça";"17:40:00";"RJ";101;"431";"MANGARATIBA";"Outras";"Colisão lateral";"Com Vítimas Feridas";"Pleno dia";"Decrescente";"Ceu Claro";"Simples";"Curva";"Rural";2;0;1;0;0;1;1;2
83439747;"16/02/16";"Terça";"15:00:00";"ES";259;"7,7";"JOAO NEIVA";"Desobediência à sinalização";"Saída de Pista";"Com Vítimas Feridas";"Pleno dia";"Decrescente";"Ceu Claro";"Simples";"Curva";"Rural";2;0;1;0;1;0;1;1
83439749;"16/02/16";"Terça";"18:30:00";"PR";277;"18,8";"MORRETES";"Outras";"Saída de Pista";"Sem Vítimas";"Anoitecer";"Crescente";"Chuva";"Dupla";"Reta";"Rural";2;0;0;0;2;0;0;1
83439751;"16/02/16";"Terça";"19:10:00";"RS";116;"243,7";"SAO LEOPOLDO";"Outras";"Colisão lateral";"Sem Vítimas";"Pleno dia";"Decrescente";"Ceu Claro";"Dupla";"Cruzamento";"Urbano";2;0;0;0;2;0;0;2
83439752;"16/02/16";"Terça";"14:50:00";"MS";163;"808,5";"SONORA";"Defeito mecânico em veículo";"Incêndio";"Sem Vítimas";"Pleno dia";"Decrescente";"Nublado";"Simples";"Reta";"Rural";1;0;0;0;1;0;0;1
83439753;"16/02/16";"Terça";"10:55:00";"MS";463;"56,5";"PONTA PORA";"Falta de atenção";"Tombamento";"Sem Vítimas";"Pleno dia";"Decrescente";"Sol";"Simples";"Reta";"Rural";4;0;0;0;3;1;0;4
83439754;"16/02/16";"Terça";"12:00:00";"MG";381;"617,9";"OLIVEIRA";"Falta de atenção";"Colisão com objeto fixo";"Sem Vítimas";"Pleno dia";"Crescente";"Chuva";"Dupla";"Curva";"Rural";2;0;0;0;2;0;0;1
83439755;"16/02/16";"Terça";"16:15:00";"SP";116;"561,7";"BARRA DO TURVO";"Velocidade incompatível";"Saída de Pista";"Sem Vítimas";"Pleno dia";"Crescente";"Nublado";"Dupla";"Curva";"Rural";1;0;0;0;1;0;0;1
83439756;"31/01/16";"Domingo";"15:20:00";"SC";101;"340,5";"TUBARAO";"Falta de atenção";"Colisão traseira";"Com Vítimas Feridas";"Pleno dia";"Decrescente";"Chuva";"Dupla";"Reta";"Urbano";2;0;0;1;1;0;1;2
83439757;"12/02/16";"Sexta";"20:40:00";"ES";259;"8,5";"JOAO NEIVA";"Outras";"Saída de Pista";"Com Vítimas Feridas";"Plena noite";"Crescente";"Ceu Claro";"Simples";"Curva";"Rural";1;0;1;0;0;0;1;1
83439758;"16/02/16";"Terça";"18:30:00";"PR";277;"29,5";"MORRETES";"Velocidade incompatível";"Capotamento";"Com Vítimas Feridas";"Pleno dia";"Crescente";"Chuva";"Dupla";"Reta";"Rural";2;0;2;0;0;0;2;1
83439759;"16/02/16";"Terça";"16:30:00";"MG";381;"291";"ANTONIO DIAS";"Dormindo";"Saída de Pista";"Com Vítimas Feridas";"Pleno dia";"Decrescente";"Ceu Claro";"Simples";"Curva";"Rural";3;0;1;2;0;0;3;1
83439760;"16/02/16";"Terça";"17:40:00";"RS";386;"41,8";"SEBERI";"Velocidade incompatível";"Colisão traseira";"Com Vítimas Feridas";"Pleno dia";"Decrescente";"Chuva";"Simples";"Reta";"Rural";3;0;2;0;1;0;2;3