"id";"data_inversa";"dia_semana";"horario";"uf";"br";"km";"municipio";"causa_acidente";"tipo_acidente";"classificacao_acidente";"fase_dia";"sentido_via";"condicao_metereologica";"tipo_pista";"tracado_via";"uso_solo";"pessoas";"mortos";"feridos_leves";"feridos_graves";"ilesos";"ignorados";"feridos";"veiculos"
83439874;"13/02/16";"Sábado";"22:40:00";"MG";40;"566";"NOVA LIMA";"Outras";"Saída de Pista";"Com Vítimas Feridas";"Plena noite";"Decrescente";"Ceu Claro";"Simples";"Reta";"Urbano";2;0;1;0;1;0;1;1
83439875;"17/02/16";"Quarta";"07:40:00";"RS";386;"345,9";"LAJEADO";"Outras";"Atropelamento de pessoa";"Com Vítimas Feridas";"Pleno dia";"Crescente";"Sol";"Dupla";"Reta";"Urbano";2;0;2;0;0;0;2;1
83439876;"15/02/16";"Segunda";"06:40:00";"SC";101;"265,7";"PAULO LOPES";"Velocidade incompatível";"Colisão traseira";"Com Vítimas Feridas";"Amanhecer";"Crescente";"Ceu Claro";"Dupla";"Reta";"Rural";5;0;2;0;3;0;2;2
83439878;"17/02/16";"Quarta";"08:00:00";"RS";471;"197";"PANTANO GRANDE";"Falta de atenção";"Colisão Transversal";"Sem Vítimas";"Pleno dia";"Decrescente";"Sol";"Simples";"Reta";"Urbano";15;0;0;0;15;0;0;2
83439879;"13/02/16";"Sábado";"13:45:00";"AL";101;"114,2";"PILAR";"Velocidade incompatível";"Tombamento";"Sem Vítimas";"Pleno dia";"Crescente";"Ceu Claro";"Simples";"Curva";"Rural";1;0;0;0;1;0;0;1
83439880;"27/01/16";"Quarta";"15:20:00";"CE";20;"428,7";"FORTALEZA";"Falta de atenção";"Colisão lateral";"Sem Vítimas";"Pleno dia";"Crescente";"Ceu Claro";"Dupla";"Reta";"Urbano";2;0;0;0;2;0;0;2
83439884;"17/01/16";"Domingo";"07:05:00";"PR";376;"177,1";"MARINGA";"Não guardar distância de segurança";"Colisão traseira";"Com Vítimas Feridas";"Pleno dia";"Crescente";"Chuva";"Dupla";"Reta";"Urbano";2;0;1;0;1;0;1;2
83439885;"16/02/16";"Terça";"05:30:00";"SP";116;"269";"TABOAO DA SERRA";"Outras";"Colisão traseira";"Com Vítimas Feridas";"Amanhecer";"Decrescente";"Ignorada";"Dupla";"Reta";"Urbano";5;0;3;0;2;0;3;2
83439886;"11/02/16";"Quinta";"16:00:00";"PR";277;"359,2";"GUARAPUAVA";"Falta de atenção";"Capotamento";"Sem Vítimas";"Pleno dia";"Decrescente";"Ceu Claro";"Simples";"Reta";"Rural";2;0;0;0;2;0;0;2
83439887;"17/02/16";"Quarta";"04:45:00";"MS";60;"430";"SIDROLANDIA";"Velocidade incompatível";"Queda de motocicleta / bicicleta / veículo";"Com Vítimas Feridas";"Plena noite";"Crescente";"Ceu Claro";"Simples";"Curva";"Urbano";1;0;0;1;0;0;1;1
83439888;"14/02/16";"Domingo";"14:44:00";"SC";282;"140,7";"BOM RETIRO";"Falta de atenção";"Colisão lateral";"Com Vítimas Feridas";"Pleno dia";"Crescente";"Chuva";"Simples";"Reta";"Rural";4;0;2;0;2;0;2;2
83439889;"14/02/16";"Domingo";"04:30:00";"RJ";116;"253";"PIRAI";"Outras";"Saída de Pista";"Com Vítimas Feridas";"Plena noite";"Decrescente";"Ceu Claro";"Dupla";"Reta";"Rural";1;0;1;0;0;0;1;1
83439890;"16/02/16";"Terça";"05:55:00";"PR";153;"328,5";"IRATI";"Dormindo";"Colisão traseira";"Sem Vítimas";"Amanhecer";"Decrescente";"Nublado";"Dupla";"Reta";"Urbano";2;0;0;0;2;0;0;2
83439891;"17/02/16";"Quarta";"06:50:00";"SC";101;"202";"SAO JOSE";"Outras";"Queda de motocicleta / bicicleta / veículo";"Com Vítimas Feridas";"Pleno dia";"Crescente";"Sol";"Dupla";"Reta";"Urbano";4;0;0;2;1;1;2;4
83439892;"17/02/16";"Quarta";"08:00:00";"PR";277;"82";"CURITIBA";"Falta de atenção";"Colisão lateral";"Com Vítimas Feridas";"Pleno dia";"Crescente";"Ceu Claro";"Dupla";"Reta";"Urbano";2;0;1;0;1;0;1;2
83439893;"14/02/16";"Domingo";"03:10:00";"GO";153;"502,9";"GOIANIA";"Outras";"Queda de motocicleta / bicicleta / veículo";"Com Vítimas Feridas";"Plena noite";"Crescente";"Ceu Claro";"Dupla";"Reta";"Urbano";2;0;0;1;0;1;1;1
83439894;"17/02/16";"Quarta";"09:45:00";"RS";392;"116,7";"CANGUCU";"Não guardar distância de segurança";"Colisão traseira";"Sem Vítimas";"Pleno dia";"Crescente";"Ceu Claro";"Simples";"Curva";"Urbano";2;0;0;0;2;0;0;2
83439895;"13/02/16";"Sábado";"12:45:00";"SC";101;"290,5";"IMBITUBA";"Não guardar distância de segurança";"Colisão com objeto fixo";"Com Vítimas Feridas";"Pleno dia";"Crescente";"Ceu Claro";"Dupla";"Curva";"Rural";1;0;0;1;0;0;1;1
83439896;"15/02/16";"Segunda";"00:00:00";"CE";116;"68";"CHOROZINHO";"Outras";"Colisão traseira";"Com Vítimas Fatais";"Plena noite";"Decrescente";"Ceu Claro";"Simples";"Reta";"Rural";3;1;0;1;0;1;1;2
83439897;"17/02/16";"Quarta";"10:00:00";"SP";116;"202";"ARUJA";"Outras";"Colisão com objeto móvel";"Com Vítimas Feridas";"Pleno dia";"Decrescente";"Sol";"Dupla";"Curva";"Urbano";1;0;1;0;0;0;1;1
83439898;"09/02/16";"Terça";"23:30:00";"PR";369;"520,3";"CASCAVEL";"Ingestão de álcool";"Colisão lateral";"Sem Vítimas";"Plena noite";"Decrescente";"Chuva";"Simples";"Reta";"Urbano";34;0;0;0;33;1;0;2
83439900;"11/02/16";"Quinta";"10:40:00";"PR";277;"350";"GUARAPUAVA";"Outras";"Incêndio";"Sem Vítimas";"Pleno dia";"Decrescente";"Ceu Claro";"Simples";"Reta";"Urbano";1;0;0;0;1;0;0;1
83439901;"17/02/16";"Quarta";"08:40:00";"SP";116;"45,4";"CANAS";"Outras";"Saída de Pista";"Com Vítimas Feridas";"Pleno dia";"Decrescente";"Sol";"Dupla";"Reta";"Rural";2;0;2;0;0;0;2;1
83439902;"09/02/16";"Terça";"16:00:00";"RJ";40;"39";"AREAL";"Desobediência à sinalização";"Colisão lateral";"Sem Vítimas";"Pleno dia";"Decrescente";"Ceu Claro";"Dupla";"Cruzamento";"Rural";2;0;0;0;2;0;0;2
83439903;"17/02/16";"Quarta";"07:00:00";"SP";116;"414,2";"JUQUIA";"Animais na Pista";"Colisão traseira";"Com Vítimas Feridas";"Pleno dia";"Decrescente";"Nublado";"Dupla";"Reta";"Urbano";3;0;2;0;1;0;2;2
83439905;"17/02/16";"Quarta";"08:55:00";"RS";116;"248";"SAO LEOPOLDO";"Falta de atenção";"Colisão lateral";"Sem Vítimas";"Pleno dia";"Crescente";"Sol";"Múltipla";"Reta";"Urbano";2;0;0;0;2;0;0;2
83439906;"17/02/16";"Quarta";"10:15:00";"SC";480;"129,9";"CHAPECO";"Desobediência à sinalização";"Colisão Transversal";"Com Vítimas Feridas";"Pleno dia";"Crescente";"Sol";"Múltipla";"Reta";"Urbano";2;0;1;0;1;0;1;2
83439907;"07/02/16";"Domingo";"13:10:00";"BA";101;"874";"TEIXEIRA DE FREITAS";"Defeito na via";"Saída de Pista";"Com Vítimas Fatais";"Pleno dia";"Crescente";"Ceu Claro";"Simples";"Reta";"Rural";2;2;0;0;0;0;0;1
83439908;"17/02/16";"Quarta";"08:30:00";"BA";116;"783,3";"PLANALTO";"Falta de atenção";"Colisão Transversal";"Com Vítimas Feridas";"Pleno dia";"Crescente";"Ceu Claro";"Simples";"Reta";"Rural";2;0;0;1;1;0;1;2
83439909;"17/02/16";"Quarta";"08:40:00";"PR";277;"534,4";"IBEMA";"Falta de atenção";"Colisão lateral";"Com Vítimas Feridas";"Pleno dia";"Decrescente";"Ceu Claro";"Simples";"Curva";"Rural";2;0;1;0;1;0;1;2
83439910;"17/02/16";"Quarta";"03:00:00";"RS";472;"591,4";"URUGUAIANA";"Velocidade incompatível";"Saída de Pista";"Com Vítimas Feridas";"Plena noite";"Decrescente";"Ceu Claro";"Simples";"Curva";"Rural";2;0;2;0;0;0;2;1
83439911;"17/02/16";"Quarta";"11:00:00";"PR";277;"133";"BALSA NOVA";"Falta de atenção";"Colisão Transversal";"Com Vítimas Feridas";"Pleno dia";"Decrescente";"Ceu Claro";"Dupla";"Reta";"Rural";3;0;1;0;2;0;1;2
83439912;"14/02/16";"Domingo";"04:20:00";"SP";116;"211";"GUARULHOS";"Velocidade incompatível";"Colisão com objeto fixo";"Sem Vítimas";"Plena noite";"Crescente";"Ceu Claro";"Múltipla";"Reta";"Urbano";1;0;0;0;1;0;0;1
83439913;"17/02/16";"Quarta";"07:40:00";"SC";470;"0";"GASPAR";"Ultrapassagem indevida";"Atropelamento de pessoa";"Com Vítimas Feridas";"Pleno dia";"Crescente";"Ceu Claro";"Simples";"Cruzamento";"Rural";2;0;1;0;1;0;1;1
83439916;"02/01/16";"Sábado";"16:30:00";"TO";153;"390";"RIO DOS BOIS";"Falta de atenção";"Colisão traseira";"Com Vítimas Feridas";"Pleno dia";"Decrescente";"Nublado";"Simples";"Reta";"Urbano";10;0;3;1;5;1;4;3
83439917;"13/02/16";"Sábado";"22:20:00";"GO";70;"286";"ITAPIRAPUA";"Ingestão de álcool";"Colisão traseira";"Com Vítimas Feridas";"Plena noite";"Decrescente";"Ceu Claro";"Simples";"Reta";"Rural";2;0;1;0;1;0;1;2
83439918;"17/02/16";"Quarta";"10:40:00";"PA";316;"10";"MARITUBA";"Falta de atenção";"Colisão lateral";"Sem Vítimas";"Pleno dia";"Decrescente";"Sol";"Simples";"Reta";"Urbano";2;0;0;0;2;0;0;2
83439919;"17/02/16";"Quarta";"03:30:00";"GO";60;"176";"ABADIA DE GOIAS";"Dormindo";"Tombamento";"Sem Vítimas";"Plena noite";"Decrescente";"Ceu Claro";"Múltipla";"Reta";"Rural";1;0;0;0;1;0;0;1
83439920;"16/02/16";"Terça";"12:20:00";"MG";381;"637";"SANTO ANTONIO DO AMPARO";"Velocidade incompatível";"Saída de Pista";"Sem Vítimas";"Pleno dia";"Decrescente";"Chuva";"Dupla";"Curva";"Rural";1;0;0;0;1;0;0;1
83439921;"13/02/16";"Sábado";"01:20:00";"ES";259;"54";"COLATINA";"Outras";"Queda de motocicleta / bicicleta / veículo";"Ignorado";"Plena noite";"Crescente";"Ceu Claro";"Simples";"Curva";"Rural";1;0;0;0;0;1;0;1
83439922;"17/02/16";"Quarta";"10:00:00";"SP";153;"96";"JACI";"Defeito mecânico em veículo";"Colisão com objeto fixo";"Ignorado";"Pleno dia";"Decrescente";"Ceu Claro";"Simples";"Reta";"Rural";1;0;0;0;0;1;0;1
83439923;"07/02/16";"Domingo";"17:05:00";"RJ";101;"520";"ANGRA DOS REIS";"Ingestão de álcool";"Colisão Transversal";"Com Vítimas Feridas";"Pleno dia";"Decrescente";"Ceu Claro";"Simples";"Reta";"Rural";2;0;2;0;0;0;2;2
83439924;"12/01/16";"Terça";"17:50:00";"RJ";40;"25,8";"TRES RIOS";"Velocidade incompatível";"Saída de Pista";"Sem Vítimas";"Pleno dia";"Crescente";"Chuva";"Dupla";"Curva";"Rural";1;0;0;0;1;0;0;1
83439925;"15/02/16";"Segunda";"14:00:00";"BA";410;"24";"RIBEIRA DO POMBAL";"Defeito na via";"Capotamento";"Com Vítimas Feridas";"Pleno dia";"Crescente";"Ceu Claro";"Simples";"Reta";"Rural";2;0;2;0;0;0;2;1
83439926;"24/01/16";"Domingo";"17:00:00";"MG";262;"427";"CONCEICAO DO PARA";"Velocidade incompatível";"Capotamento";"Sem Vítimas";"Pleno dia";"Crescente";"Chuva";"Dupla";"Reta";"Rural";1;0;0;0;1;0;0;1
83439928;"17/02/16";"Quarta";"09:30:00";"PR";369;"160,9";"CAMBE";"Falta de atenção";"Colisão traseira";"Sem Vítimas";"Pleno dia";"Crescente";"Chuva";"Dupla";"Reta";"Urbano";3;0;0;0;3;0;0;3
83439931;"17/02/16";"Quarta";"11:45:00";"CE";222;"8,1";"CAUCAIA";"Falta de atenção";"Colisão lateral";"Com Vítimas Feridas";"Pleno dia";"Decrescente";"Nublado";"Dupla";"Reta";"Urbano";2;0;1;0;0;1;1;2
83439932;"14/02/16";"Domingo";"12:15:00";"PB";101;"87";"BAYEUX";"Defeito mecânico em veículo";"Queda de motocicleta / bicicleta / veículo";"Com Vítimas Feridas";"Pleno dia";"Decrescente";"Ceu Claro";"Dupla";"Curva";"Urbano";2;0;2;0;0;0;2;1
83439933;"17/02/16";"Quarta";"10:30:00";"CE";116;"25";"ITAITINGA";"Falta de atenção";"Colisão Transversal";"Sem Vítimas";"Pleno dia";"Crescente";"Sol";"Dupla";"Reta";"Urbano";2;0;0;0;2;0;0;2
83439935;"17/02/16";"Quarta";"07:30:00";"RS";290;"103,2";"PORTO ALEGRE";"Não guardar distância de segurança";"Saída de Pista";"Com Vítimas Fatais";"Pleno dia";"Crescente";"Ceu Claro";"Dupla";"Reta";"Rural";3;1;1;0;1;0;1;2
83439936;"17/02/16";"Quarta";"07:50:00";"SP";153;"61,6";"SAO JOSE DO RIO PRETO";"Não guardar distância de segurança";"Colisão lateral";"Com Vítimas Feridas";"Pleno dia";"Crescente";"Ceu Claro";"Dupla";"Reta";"Urbano";2;0;1;0;1;0;1;2
83439937;"17/02/16";"Quarta";"12:50:00";"PA";163;"998";"SANTAREM";"Falta de atenção";"Colisão lateral";"Com Vítimas Feridas";"Pleno dia";"Crescente";"Sol";"Simples";"Reta";"Urbano";3;0;2;1;0;0;3;2
83439938;"17/02/16";"Quarta";"09:15:00";"MG";262;"152";"SAO DOMINGOS DO PRATA";"Defeito mecânico em veículo";"Incêndio";"Sem Vítimas";"Pleno dia";"Decrescente";"Ceu Claro";"Simples";"Reta";"Rural";1;0;0;0;1;0;0;1
83439939;"16/02/16";"Terça";"20:30:00";"SC";282;"257";"SAO JOSE DO CERRITO";"Não guardar distância de segurança";"Colisão traseira";"Com Vítimas Feridas";"Plena noite";"Decrescente";"Chuva";"Simples";"Curva";"Rural";2;0;1;0;1;0;1;2
83439941;"14/02/16";"Domingo";"01:00:00";"TO";153;"669,7";"GURUPI";"Falta de atenção";"Colisão Transversal";"Com Vítimas Feridas";"Plena noite";"Decrescente";"Ceu Claro";"Dupla";"Reta";"Urbano";2;0;1;0;1;0;1;2
83439942;"17/02/16";"Quarta";"10:15:00";"RS";290;"87";"PORTO ALEGRE";"Defeito mecânico em veículo";"Queda de motocicleta / bicicleta / veículo";"Com Vítimas Feridas";"Pleno dia";"Crescente";"Ceu Claro";"Dupla";"Reta";"Urbano";2;0;1;0;1;0;1;1
83439943;"17/02/16";"Quarta";"08:05:00";"SP";116;"149,5";"SAO JOSE DOS CAMPOS";"Falta de atenção";"Colisão lateral";"Sem Vítimas";"Pleno dia";"Crescente";"Nublado";"Dupla";"Reta";"Rural";2;0;0;0;2;0;0;2
83439944;"17/02/16";"Quarta";"12:20:00";"PR";376;"174";"MARINGA";"Desobediência à sinalização";"Colisão Transversal";"Sem Vítimas";"Pleno dia";"Decrescente";"Ceu Claro";"Dupla";"Reta";"Urbano";3;0;0;0;3;0;0;3
83439946;"17/02/16";"Quarta";"12:20:00";"RS";290;"123,2";"ELDORADO DO SUL";"Não guardar distância de segurança";"Colisão traseira";"Com Vítimas Feridas";"Pleno dia";"Crescente";"Sol";"Simples";"Reta";"Rural";10;0;2;0;8;0;2;3
83439947;"17/02/16";"Quarta";"09:35:00";"MT";364;"290";"JACIARA";"Defeito na via";"Tombamento";"Sem Vítimas";"Pleno dia";"Decrescente";"Sol";"Simples";"Reta";"Rural";2;0;0;0;2;0;0;2
83439948;"17/02/16";"Quarta";"11:00:00";"DF";60;"1";"BRASILIA";"Outras";"Colisão com objeto fixo";"Com Vítimas Feridas";"Pleno dia";"Decrescente";"Ceu Claro";"Simples";"Reta";"Urbano";1;0;1;0;0;0;1;1
83439949;"11/02/16";"Quinta";"17:30:00";"ES";101;"258,8";"SERRA";"Falta de atenção";"Capotamento";"Com Vítimas Feridas";"Pleno dia";"Crescente";"Sol";"Dupla";"Reta";"Urbano";4;0;3;0;1;0;3;2
83439950;"13/02/16";"Sábado";"17:40:00";"MG";381;"503";"BETIM";"Falta de atenção";"Colisão lateral";"Com Vítimas Feridas";"Pleno dia";"Crescente";"Ceu Claro";"Dupla";"Reta";"Urbano";3;0;1;0;2;0;1;2
83439952;"17/02/16";"Quarta";"11:30:00";"GO";60;"2,5";"APARECIDA DE GOIANIA";"Falta de atenção";"Colisão lateral";"Sem Vítimas";"Pleno dia";"Decrescente";"Sol";"Dupla";"Reta";"Urbano";2;0;0;0;2;0;0;2
83439953;"12/02/16";"Sexta";"07:50:00";"MA";222;"325";"IGARAPE DO MEIO";"Defeito na via";"Saída de Pista";"Sem Vítimas";"Pleno dia";"Decrescente";"Ceu Claro";"Simples";"Reta";"Rural";1;0;0;0;1;0;0;1
83439956;"13/02/16";"Sábado";"11:30:00";"BA";242;"236";"RUY BARBOSA";"Velocidade incompatível";"Tombamento";"Com Vítimas Feridas";"Pleno dia";"Decrescente";"Sol";"Simples";"Curva";"Rural";1;0;1;0;0;0;1;1
83439957;"17/02/16";"Quarta";"11:50:00";"MG";262;"567,7";"CORREGO DANTA";"Falta de atenção";"Colisão traseira";"Sem Vítimas";"Pleno dia";"Crescente";"Sol";"Simples";"Reta";"Rural";2;0;0;0;2;0;0;2
83439958;"17/02/16";"Quarta";"14:00:00";"RS";116;"606,4";"ARROIO GRANDE";"Outras";"Saída de Pista";"Com Vítimas Feridas";"Pleno dia";"Decrescente";"Nublado";"Simples";"Reta";"Rural";2;0;2;0;0;0;2;1
83439959;"13/02/16";"Sábado";"19:30:00";"CE";116;"6";"FORTALEZA";"Falta de atenção";"Colisão frontal";"Sem Vítimas";"Amanhecer";"Crescente";"Ceu Claro";"Simples";"Curva";"Urbano";2;0;0;0;2;0;0;2
83439960;"17/02/16";"Quarta";"14:15:00";"SP";116;"284";"ITAPECERICA DA SERRA";"Não guardar distância de segurança";"Colisão traseira";"Sem Vítimas";"Pleno dia";"Crescente";"Ceu Claro";"Dupla";"Reta";"Rural";2;0;0;0;2;0;0;2
83439961;"17/02/16";"Quarta";"14:00:00";"GO";153;"494";"GOIANIA";"Outras";"Colisão com objeto fixo";"Com Vítimas Feridas";"Pleno dia";"Decrescente";"Sol";"Dupla";"Reta";"Urbano";1;0;1;0;0;0;1;1
83439962;"26/01/16";"Terça";"17:05:00";"PB";230;"48";"SANTA RITA";"Outras";"Danos Eventuais";"Com Vítimas Feridas";"Anoitecer";"Crescente";"Ceu Claro";"Dupla";"Reta";"Rural";2;0;2;0;0;0;2;1
83439963;"13/02/16";"Sábado";"22:00:00";"RN";101;"99";"NATAL";"Ingestão de álcool";"Colisão traseira";"Com Vítimas Feridas";"Plena noite";"Decrescente";"Ceu Claro";"Dupla";"Reta";"Urbano";2;0;1;0;1;0;1;2
83439964;"17/02/16";"Quarta";"10:15:00";"MG";40;"529";"CONTAGEM";"Falta de atenção";"Saída de Pista";"Sem Vítimas";"Pleno dia";"Decrescente";"Ceu Claro";"Dupla";"Curva";"Urbano";1;0;0;0;1;0;0;1
83439965;"17/02/16";"Quarta";"11:20:00";"MG";381;"498";"BETIM";"Outras";"Colisão com objeto fixo";"Com Vítimas Feridas";"Pleno dia";"Crescente";"Ceu Claro";"Dupla";"Curva";"Urbano";1;0;1;0;0;0;1;1
83439966;"17/02/16";"Quarta";"08:15:00";"PR";369;"230,3";"JANDAIA DO SUL";"Outras";"Atropelamento de pessoa";"Com Vítimas Feridas";"Pleno dia";"Decrescente";"Chuva";"Simples";"Curva";"Rural";2;0;0;1;1;0;1;1
83439967;"17/02/16";"Quarta";"11:00:00";"PI";20;"369,2";"MONSENHOR HIPOLITO";"Ultrapassagem indevida";"Colisão lateral";"Com Vítimas Feridas";"Pleno dia";"Decrescente";"Ceu Claro";"Simples";"Reta";"Rural";2;0;0;1;0;1;1;2
83439968;"08/01/16";"Sexta";"18:20:00";"MG";40;"532";"BELO HORIZONTE";"Falta de atenção";"Colisão traseira";"Sem Vítimas";"Pleno dia";"Decrescente";"Ceu Claro";"Dupla";"Reta";"Urbano";3;0;0;0;3;0;0;3
83439969;"10/02/16";"Quarta";"14:30:00";"RJ";40;"124";"DUQUE DE CAXIAS";"Falta de atenção";"Colisão com objeto fixo";"Sem Vítimas";"Pleno dia";"Decrescente";"Ceu Claro";"Múltipla";"Reta";"Urbano";1;0;0;0;1;0;0;1
83439970;"17/02/16";"Quarta";"10:20:00";"SC";282;"568";"NOVA ERECHIM";"Falta de atenção";"Colisão traseira";"Com Vítimas Feridas";"Pleno dia";"Crescente";"Ceu Claro";"Simples";"Reta";"Urbano";2;0;0;1;1;0;1;2
83439971;"17/02/16";"Quarta";"11:30:00";"PE";101;"68";"RECIFE";"Outras";"Queda de motocicleta / bicicleta / veículo";"Com Vítimas Feridas";"Pleno dia";"Decrescente";"Sol";"Dupla";"Curva";"Urbano";1;0;1;0;0;0;1;1
83439972;"17/02/16";"Quarta";"15:00:00";"SP";116;"343";"MIRACATU";"Outras";"Colisão com objeto fixo";"Sem Vítimas";"Pleno dia";"Decrescente";"Chuva";"Dupla";"Curva";"Rural";1;0;0;0;1;0;0;1
83439973;"17/02/16";"Quarta";"09:00:00";"PB";230;"41,3";"SANTA RITA";"Dormindo";"Capotamento";"Com Vítimas Feridas";"Pleno dia";"Decrescente";"Ceu Claro";"Dupla";"Curva";"Rural";3;0;3;0;0;0;3;1
83439975;"13/02/16";"Sábado";"23:40:00";"PA";230;"629";"ALTAMIRA";"Defeito mecânico em veículo";"Queda de motocicleta / bicicleta / veículo";"Com Vítimas Feridas";"Plena noite";"Crescente";"Nublado";"Simples";"Reta";"Urbano";2;0;1;1;0;0;2;1
83439976;"17/02/16";"Quarta";"14:50:00";"SC";101;"206";"SAO JOSE";"Não guardar distância de segurança";"Colisão traseira";"Com Vítimas Feridas";"Pleno dia";"Crescente";"Ceu Claro";"Múltipla";"Reta";"Urbano";2;0;1;0;1;0;1;2
83439977;"17/02/16";"Quarta";"09:50:00";"MT";364;"383";"SANTO ANTONIO DO LEVERGER";"Não guardar distância de segurança";"Colisão traseira";"Sem Vítimas";"Pleno dia";"Crescente";"Ceu Claro";"Simples";"Reta";"Rural";2;0;0;0;2;0;0;2
83439978;"15/02/16";"Segunda";"09:30:00";"PI";316;"293,5";"PICOS";"Desobediência à sinalização";"Colisão Transversal";"Com Vítimas Feridas";"Pleno dia";"Decrescente";"Sol";"Simples";"Reta";"Urbano";3;0;1;0;2;0;1;2
83439979;"17/02/16";"Quarta";"15:50:00";"RJ";116;"129";"MAGE";"Outras";"Queda de motocicleta / bicicleta / veículo";"Com Vítimas Feridas";"Pleno dia";"Crescente";"Ceu Claro";"Dupla";"Reta";"Urbano";2;0;2;0;0;0;2;1
83439980;"17/02/16";"Quarta";"13:30:00";"MT";163;"119";"RONDONOPOLIS";"Desobediência à sinalização";"Colisão Transversal";"Sem Vítimas";"Pleno dia";"Decrescente";"Ceu Claro";"Simples";"Reta";"Urbano";2;0;0;0;2;0;0;2
83439981;"17/02/16";"Quarta";"13:45:00";"SC";101;"264,9";"PAULO LOPES";"Outras";"Colisão Transversal";"Com Vítimas Feridas";"Pleno dia";"Crescente";"Sol";"Simples";"Reta";"Urbano";2;0;1;0;1;0;1;2
83439982;"13/02/16";"Sábado";"19:45:00";"MG";40;"621,5";"CONGONHAS";"Velocidade incompatível";"Colisão traseira";"Sem Vítimas";"Plena noite";"Decrescente";"Ceu Claro";"Simples";"Reta";"Rural";3;0;0;0;2;1;0;2
83439983;"17/02/16";"Quarta";"12:30:00";"RS";285;"492,5";"ENTRE IJUIS";"Dormindo";"Colisão lateral";"Com Vítimas Feridas";"Pleno dia";"Decrescente";"Sol";"Simples";"Curva";"Rural";2;0;1;0;1;0;1;2
83439984;"17/02/16";"Quarta";"11:55:00";"AP";210;"17";"MACAPA";"Outras";"Saída de Pista";"Sem Vítimas";"Pleno dia";"Crescente";"Chuva";"Simples";"Curva";"Rural";1;0;0;0;1;0;0;1
83439985;"17/02/16";"Quarta";"09:45:00";"PR";116;"38";"CAMPINA GRANDE DO SUL";"Velocidade incompatível";"Colisão com objeto fixo";"Sem Vítimas";"Pleno dia";"Decrescente";"Nublado";"Dupla";"Curva";"Urbano";1;0;0;0;1;0;0;1
83439986;"17/02/16";"Quarta";"14:20:00";"SC";282;"4";"FLORIANOPOLIS";"Outras";"Colisão lateral";"Sem Vítimas";"Pleno dia";"Crescente";"Sol";"Dupla";"Reta";"Urbano";2;0;0;0;2;0;0;2
83439987;"17/02/16";"Quarta";"09:10:00";"MG";262;"448,3";"NOVA SERRANA";"Outras";"Capotamento";"Com Vítimas Feridas";"Pleno dia";"Crescente";"Ceu Claro";"Simples";"Reta";"Rural";1;0;1;0;0;0;1;1
83439989;"17/02/16";"Quarta";"10:30:00";"MS";163;"566,6";"BANDEIRANTES";"Outras";"Saída de Pista";"Com Vítimas Feridas";"Pleno dia";"Decrescente";"Ceu Claro";"Simples";"Reta";"Rural";3;0;1;0;1;1;1;3
83439990;"20/01/16";"Quarta";"18:10:00";"GO";50;"280,6";"CATALAO";"Falta de atenção";"Colisão Transversal";"Sem Vítimas";"Pleno dia";"Decrescente";"Ceu Claro";"Dupla";"Reta";"Urbano";2;0;0;0;2;0;0;2
83439991;"10/02/16";"Quarta";"19:40:00";"PR";116;"40";"CAMPINA GRANDE DO SUL";"Outras";"Colisão com objeto fixo";"Com Vítimas Feridas";"Plena noite";"Crescente";"Chuva";"Dupla";"Curva";"Rural";4;0;2;0;2;0;2;1
83439992;"10/02/16";"Quarta";"15:05:00";"PR";116;"14";"ANTONINA";"Outras";"Colisão com objeto fixo";"Sem Vítimas";"Pleno dia";"Crescente";"Chuva";"Dupla";"Curva";"Rural";1;0;0;0;1;0;0;1
83439993;"17/02/16";"Quarta";"11:10:00";"SC";101;"438,8";"SOMBRIO";"Ultrapassagem indevida";"Colisão traseira";"Sem Vítimas";"Pleno dia";"Decrescente";"Ceu Claro";"Dupla";"Reta";"Rural";2;0;0;0;1;1;0;2
83439994;"17/02/16";"Quarta";"14:00:00";"RS";293;"285,8";"DOM PEDRITO";"Velocidade incompatível";"Saída de Pista";"Com Vítimas Feridas";"Pleno dia";"Crescente";"Chuva";"Simples";"Reta";"Rural";4;0;1;0;3;0;1;1
83439995;"17/02/16";"Quarta";"13:00:00";"RO";364;"197,9";"PIMENTA BUENO";"Falta de atenção";"Colisão traseira";"Com Vítimas Feridas";"Pleno dia";"Decrescente";"Sol";"Simples";"Cruzamento";"Urbano";2;0;1;0;1;0;1;2
83439996;"16/02/16";"Terça";"21:50:00";"MG";381;"260";"CORONEL FABRICIANO";"Defeito na via";"Colisão frontal";"Sem Vítimas";"Plena noite";"Crescente";"Ceu Claro";"Simples";"Curva";"Rural";5;0;0;0;5;0;0;2
83439997;"10/02/16";"Quarta";"12:40:00";"PR";116;"37,8";"CAMPINA GRANDE DO SUL";"Defeito mecânico em veículo";"Saída de Pista";"Com Vítimas Feridas";"Pleno dia";"Crescente";"Chuva";"Dupla";"Curva";"Rural";1;0;1;0;0;0;1;1
83439998;"17/02/16";"Quarta";"15:30:00";"RS";153;"591,4";"BAGE";"Outras";"Saída de Pista";"Sem Vítimas";"Pleno dia";"Decrescente";"Chuva";"Simples";"Curva";"Rural";1;0;0;0;1;0;0;1
83439999;"17/02/16";"Quarta";"16:38:00";"SP";153;"55";"SAO JOSE DO RIO PRETO";"Outras";"Colisão traseira";"Sem Vítimas";"Pleno dia";"Crescente";"Sol";"Simples";"Reta";"Urbano";3;0;0;0;3;0;0;3