"id";"data_inversa";"dia_semana";"horario";"uf";"br";"km";"municipio";"causa_acidente";"tipo_acidente";"classificacao_acidente";"fase_dia";"sentido_via";"condicao_metereologica";"tipo_pista";"tracado_via";"uso_solo";"pessoas";"mortos";"feridos_leves";"feridos_graves";"ilesos";"ignorados";"feridos";"veiculos"
83440343;"18/02/16";"Quinta";"17:50:00";"AL";104;"86,6";"RIO LARGO";"Desobediência à sinalização";"Colisão Transversal";"Com Vítimas Feridas";"Anoitecer";"Decrescente";"Nublado";"Dupla";"Reta";"Urbano";2;0;2;0;0;0;2;2
83440344;"18/02/16";"Quinta";"17:30:00";"MG";50;"122,1";"UBERABA";"Dormindo";"Saída de Pista";"Sem Vítimas";"Pleno dia";"Decrescente";"Sol";"Dupla";"Reta";"Rural";1;0;0;0;1;0;0;1
83440345;"18/02/16";"Quinta";"14:00:00";"SP";116;"278";"EMBU";"Velocidade incompatível";"Colisão traseira";"Com Vítimas Feridas";"Pleno dia";"Crescente";"Nublado";"Dupla";"Reta";"Urbano";2;0;1;0;1;0;1;2
83440346;"18/02/16";"Quinta";"18:30:00";"PE";101;"128";"ESCADA";"Ultrapassagem indevida";"Colisão lateral";"Com Vítimas Feridas";"Plena noite";"Decrescente";"Nublado";"Simples";"Reta";"Urbano";3;0;0;1;2;0;1;3
83440347;"18/02/16";"Quinta";"17:15:00";"BA";101;"845";"TEIXEIRA DE FREITAS";"Outras";"Colisão com objeto móvel";"Sem Vítimas";"Pleno dia";"Decrescente";"Ceu Claro";"Simples";"Curva";"Rural";3;0;0;0;2;1;0;2
83440348;"18/02/16";"Quinta";"14:30:00";"MS";163;"383,3";"NOVA ALVORADA DO SUL";"Velocidade incompatível";"Colisão Transversal";"Com Vítimas Feridas";"Pleno dia";"Crescente";"Chuva";"Simples";"Curva";"Rural";5;0;1;4;0;0;5;2
83440349;"18/02/16";"Quinta";"14:00:00";"GO";60;"394";"RIO VERDE";"Falta de atenção";"Saída de Pista";"Sem Vítimas";"Pleno dia";"Decrescente";"Ceu Claro";"Dupla";"Reta";"Rural";1;0;0;0;1;0;0;1
83440350;"18/02/16";"Quinta";"17:15:00";"GO";364;"171,3";"JATAI";"Outras";"Colisão lateral";"Com Vítimas Fatais";"Pleno dia";"Crescente";"Chuva";"Simples";"Curva";"Rural";2;1;0;0;1;0;0;2
83440351;"18/02/16";"Quinta";"08:15:00";"MA";135;"7";"SAO LUIS";"Falta de atenção";"Colisão traseira";"Com Vítimas Feridas";"Pleno dia";"Decrescente";"Ceu Claro";"Dupla";"Reta";"Urbano";2;0;0;1;1;0;1;2
83440352;"18/02/16";"Quinta";"13:30:00";"BA";101;"535";"SAO JOSE DA VITORIA";"Defeito mecânico em veículo";"Capotamento";"Sem Vítimas";"Pleno dia";"Crescente";"Ceu Claro";"Simples";"Curva";"Rural";1;0;0;0;1;0;0;1
83440354;"18/02/16";"Quinta";"18:35:00";"MS";163;"487,7";"CAMPO GRANDE";"Ultrapassagem indevida";"Colisão frontal";"Sem Vítimas";"Pleno dia";"Crescente";"Chuva";"Simples";"Reta";"Urbano";3;0;0;0;3;0;0;2
83440355;"15/02/16";"Segunda";"21:10:00";"SC";101;"243";"PALHOCA";"Falta de atenção";"Colisão traseira";"Sem Vítimas";"Plena noite";"Decrescente";"Nublado";"Múltipla";"Reta";"Rural";2;0;0;0;2;0;0;2
83440356;"18/02/16";"Quinta";"17:30:00";"SP";116;"457,2";"REGISTRO";"Velocidade incompatível";"Colisão traseira";"Com Vítimas Feridas";"Pleno dia";"Crescente";"Ceu Claro";"Simples";"Reta";"Rural";6;0;1;0;5;0;1;5
83440358;"18/02/16";"Quinta";"17:50:00";"MG";262;"473";"BOM DESPACHO";"Não guardar distância de segurança";"Colisão traseira";"Sem Vítimas";"Pleno dia";"Crescente";"Sol";"Simples";"Reta";"Rural";3;0;0;0;3;0;0;3
83440359;"18/02/16";"Quinta";"14:10:00";"PR";116;"97";"SAO JOSE DOS PINHAIS";"Defeito mecânico em veículo";"Queda de motocicleta / bicicleta / veículo";"Com Vítimas Feridas";"Pleno dia";"Decrescente";"Ceu Claro";"Dupla";"Reta";"Urbano";2;0;2;0;0;0;2;1
83440360;"18/02/16";"Quinta";"20:00:00";"SP";116;"385,5";"MIRACATU";"Dormindo";"Tombamento";"Sem Vítimas";"Plena noite";"Decrescente";"Ceu Claro";"Dupla";"Reta";"Rural";1;0;0;0;1;0;0;1
83440361;"15/02/16";"Segunda";"11:10:00";"SP";116;"66,3";"GUARATINGUETA";"Falta de atenção";"Capotamento";"Sem Vítimas";"Pleno dia";"Decrescente";"Sol";"Dupla";"Curva";"Rural";1;0;0;0;1;0;0;1
83440362;"18/02/16";"Quinta";"21:40:00";"ES";101;"74";"SAO MATEUS";"Desobediência à sinalização";"Colisão frontal";"Com Vítimas Feridas";"Plena noite";"Decrescente";"Ceu Claro";"Simples";"Reta";"Rural";2;0;2;0;0;0;2;2
83440363;"18/02/16";"Quinta";"14:30:00";"GO";50;"121,3";"IPAMERI";"Defeito mecânico em veículo";"Saída de Pista";"Com Vítimas Feridas";"Pleno dia";"Crescente";"Sol";"Dupla";"Reta";"Rural";2;0;2;0;0;0;2;1
83440364;"13/01/16";"Quarta";"07:35:00";"CE";116;"34,5";"HORIZONTE";"Defeito na via";"Tombamento";"Sem Vítimas";"Pleno dia";"Decrescente";"Chuva";"Dupla";"Reta";"Urbano";2;0;0;0;2;0;0;2
83440365;"18/02/16";"Quinta";"19:00:00";"RS";116;"145,8";"CAXIAS DO SUL";"Não guardar distância de segurança";"Colisão traseira";"Sem Vítimas";"Pleno dia";"Decrescente";"Sol";"Múltipla";"Reta";"Urbano";3;0;0;0;3;0;0;3
83440366;"18/02/16";"Quinta";"18:34:00";"MT";163;"583";"NOVA MUTUM";"Não guardar distância de segurança";"Colisão lateral";"Com Vítimas Feridas";"Pleno dia";"Crescente";"Ceu Claro";"Simples";"Reta";"Rural";2;0;2;0;0;0;2;2
83440367;"18/02/16";"Quinta";"19:25:00";"SC";101;"20,1";"JOINVILLE";"Outras";"Colisão traseira";"Sem Vítimas";"Anoitecer";"Crescente";"Sol";"Dupla";"Reta";"Rural";3;0;0;0;3;0;0;3
83440368;"18/02/16";"Quinta";"15:00:00";"MA";10;"255";"IMPERATRIZ";"Falta de atenção";"Colisão Transversal";"Com Vítimas Feridas";"Pleno dia";"Crescente";"Ceu Claro";"Simples";"Cruzamento";"Urbano";2;0;0;1;1;0;1;2
83440369;"18/02/16";"Quinta";"21:59:00";"RN";101;"107,3";"PARNAMIRIM";"Ingestão de álcool";"Colisão Transversal";"Com Vítimas Feridas";"Plena noite";"Crescente";"Ignorada";"Dupla";"Cruzamento";"Urbano";2;0;1;0;1;0;1;2
83440370;"18/02/16";"Quinta";"21:10:00";"PR";376;"616";"SAO JOSE DOS PINHAIS";"Defeito mecânico em veículo";"Queda de motocicleta / bicicleta / veículo";"Com Vítimas Feridas";"Plena noite";"Decrescente";"Nublado";"Dupla";"Curva";"Rural";1;0;0;1;0;0;1;1
83440371;"17/01/16";"Domingo";"04:30:00";"SE";101;"57,9";"ROSARIO DO CATETE";"Falta de atenção";"Colisão lateral";"Com Vítimas Fatais";"Amanhecer";"Crescente";"Ignorada";"Simples";"Reta";"Rural";2;1;0;0;0;1;0;2
83440372;"18/02/16";"Quinta";"21:40:00";"MS";262;"9,5";"TRES LAGOAS";"Ingestão de álcool";"Atropelamento de pessoa";"Com Vítimas Feridas";"Plena noite";"Decrescente";"Nublado";"Simples";"Reta";"Urbano";2;0;1;1;0;0;2;1
83440373;"18/02/16";"Quinta";"23:10:00";"SC";101;"194,1";"BIGUACU";"Ingestão de álcool";"Colisão Transversal";"Com Vítimas Feridas";"Plena noite";"Crescente";"Nublado";"Múltipla";"Cruzamento";"Urbano";2;0;1;1;0;0;2;2
83440374;"18/02/16";"Quinta";"15:40:00";"MT";364;"289";"JACIARA";"Ingestão de álcool";"Tombamento";"Sem Vítimas";"Pleno dia";"Decrescente";"Ceu Claro";"Simples";"Reta";"Rural";1;0;0;0;1;0;0;1
83440375;"19/02/16";"Sexta";"00:15:00";"RJ";101;"322";"NITEROI";"Outras";"Colisão com objeto móvel";"Sem Vítimas";"Plena noite";"Crescente";"Ceu Claro";"Dupla";"Curva";"Urbano";2;0;0;0;2;0;0;2
83440376;"18/02/16";"Quinta";"19:50:00";"SP";116;"216,4";"GUARULHOS";"Outras";"Atropelamento de pessoa";"Com Vítimas Feridas";"Anoitecer";"Crescente";"Ceu Claro";"Múltipla";"Reta";"Urbano";2;0;0;1;1;0;1;1
83440377;"18/02/16";"Quinta";"21:00:00";"PI";343;"184,6";"PIRIPIRI";"Outras";"Queda de motocicleta / bicicleta / veículo";"Com Vítimas Feridas";"Plena noite";"Decrescente";"Chuva";"Dupla";"Cruzamento";"Urbano";2;0;1;1;0;0;2;1
83440379;"18/02/16";"Quinta";"20:15:00";"MT";174;"87,2";"GLORIA DOESTE";"Defeito na via";"Saída de Pista";"Sem Vítimas";"Plena noite";"Decrescente";"Chuva";"Simples";"Reta";"Rural";2;0;0;0;2;0;0;2
83440380;"18/02/16";"Quinta";"17:50:00";"GO";60;"53";"ABADIANIA";"Outras";"Saída de Pista";"Com Vítimas Feridas";"Pleno dia";"Decrescente";"Ceu Claro";"Dupla";"Curva";"Rural";1;0;0;1;0;0;1;1
83440381;"18/02/16";"Quinta";"22:00:00";"MS";262;"414,6";"TERENOS";"Outras";"Saída de Pista";"Sem Vítimas";"Plena noite";"Crescente";"Chuva";"Simples";"Reta";"Rural";3;0;0;0;3;0;0;1
83440382;"19/02/16";"Sexta";"00:50:00";"ES";101;"144";"LINHARES";"Falta de atenção";"Queda de motocicleta / bicicleta / veículo";"Com Vítimas Feridas";"Plena noite";"Decrescente";"Ceu Claro";"Múltipla";"Reta";"Urbano";1;0;1;0;0;0;1;1
83440383;"18/02/16";"Quinta";"22:50:00";"SP";116;"444,8";"REGISTRO";"Desobediência à sinalização";"Colisão lateral";"Com Vítimas Feridas";"Plena noite";"Decrescente";"Ceu Claro";"Dupla";"Reta";"Urbano";3;0;2;0;1;0;2;2
83440384;"19/02/16";"Sexta";"01:10:00";"MG";365;"629";"UBERLANDIA";"Outras";"Queda de motocicleta / bicicleta / veículo";"Com Vítimas Feridas";"Plena noite";"Decrescente";"Chuva";"Dupla";"Reta";"Urbano";1;0;1;0;0;0;1;1
83440385;"14/02/16";"Domingo";"17:10:00";"PR";116;"8";"CAMPINA GRANDE DO SUL";"Outras";"Capotamento";"Com Vítimas Feridas";"Pleno dia";"Decrescente";"Chuva";"Dupla";"Curva";"Rural";4;0;2;1;1;0;3;2
83440386;"18/02/16";"Quinta";"15:40:00";"ES";101;"431,3";"ATILIO VIVACQUA";"Defeito mecânico em veículo";"Incêndio";"Com Vítimas Feridas";"Pleno dia";"Crescente";"Sol";"Simples";"Reta";"Rural";1;0;1;0;0;0;1;1
83440387;"18/02/16";"Quinta";"20:00:00";"PB";412;"123,3";"MONTEIRO";"Outras";"Colisão traseira";"Com Vítimas Feridas";"Plena noite";"Decrescente";"Nublado";"Simples";"Reta";"Rural";3;0;0;1;2;0;1;3
83440388;"14/02/16";"Domingo";"00:45:00";"SC";101;"342,5";"TUBARAO";"Falta de atenção";"Colisão traseira";"Com Vítimas Feridas";"Plena noite";"Crescente";"Chuva";"Simples";"Reta";"Urbano";4;0;2;0;2;0;2;2
83440389;"13/02/16";"Sábado";"09:20:00";"PI";343;"600,5";"FLORIANO";"Falta de atenção";"Atropelamento de pessoa";"Com Vítimas Fatais";"Pleno dia";"Crescente";"Ceu Claro";"Simples";"Reta";"Urbano";2;1;0;0;1;0;0;1
83440390;"18/02/16";"Quinta";"18:55:00";"RS";470;"218";"BENTO GONCALVES";"Falta de atenção";"Atropelamento de pessoa";"Com Vítimas Feridas";"Pleno dia";"Decrescente";"Sol";"Dupla";"Curva";"Urbano";2;0;0;1;1;0;1;1
83440391;"19/02/16";"Sexta";"03:20:00";"RS";287;"242,9";"SANTA MARIA";"Falta de atenção";"Tombamento";"Com Vítimas Feridas";"Plena noite";"Decrescente";"Ceu Claro";"Simples";"Reta";"Urbano";1;0;1;0;0;0;1;1
83440392;"18/02/16";"Quinta";"17:30:00";"PA";316;"8";"ANANINDEUA";"Falta de atenção";"Colisão traseira";"Sem Vítimas";"Pleno dia";"Decrescente";"Ceu Claro";"Dupla";"Reta";"Urbano";2;0;0;0;2;0;0;2
83440393;"18/02/16";"Quinta";"19:49:00";"GO";60;"203";"GUAPO";"Outras";"Saída de Pista";"Sem Vítimas";"Anoitecer";"Decrescente";"Ceu Claro";"Dupla";"Curva";"Rural";1;0;0;0;1;0;0;1
83440394;"18/02/16";"Quinta";"11:40:00";"GO";70;"8";"AGUAS LINDAS DE GOIAS";"Falta de atenção";"Colisão traseira";"Com Vítimas Feridas";"Pleno dia";"Crescente";"Ceu Claro";"Dupla";"Reta";"Urbano";6;0;3;0;2;1;3;3
83440395;"19/02/16";"Sexta";"03:00:00";"PR";376;"9,3";"MARINGA";"Velocidade incompatível";"Saída de Pista";"Com Vítimas Feridas";"Plena noite";"Decrescente";"Nevoeiro/neblina";"Dupla";"Curva";"Urbano";2;0;2;0;0;0;2;1
83440396;"18/02/16";"Quinta";"17:50:00";"PR";116;"71,2";"CAMPINA GRANDE DO SUL";"Velocidade incompatível";"Colisão com objeto fixo";"Sem Vítimas";"Pleno dia";"Crescente";"Nublado";"Dupla";"Curva";"Rural";1;0;0;0;1;0;0;1
83440398;"18/02/16";"Quinta";"16:00:00";"SE";235;"5,5";"NOSSA SENHORA DO SOCORRO";"Falta de atenção";"Colisão com bicicleta";"Com Vítimas Feridas";"Pleno dia";"Decrescente";"Ceu Claro";"Dupla";"Reta";"Urbano";2;0;0;1;1;0;1;2
83440400;"18/02/16";"Quinta";"15:20:00";"GO";60;"76,2";"ANAPOLIS";"Dormindo";"Tombamento";"Sem Vítimas";"Pleno dia";"Crescente";"Ceu Claro";"Dupla";"Reta";"Rural";1;0;0;0;1;0;0;1
83440401;"18/02/16";"Quinta";"08:30:00";"PI";20;"192";"NOVA SANTA RITA";"Falta de atenção";"Colisão lateral";"Com Vítimas Fatais";"Pleno dia";"Crescente";"Ceu Claro";"Simples";"Reta";"Rural";3;1;2;0;0;0;2;2
83440402;"18/02/16";"Quinta";"20:00:00";"RS";386;"341,3";"LAJEADO";"Desobediência à sinalização";"Colisão Transversal";"Sem Vítimas";"Anoitecer";"Decrescente";"Ceu Claro";"Simples";"Reta";"Urbano";2;0;0;0;2;0;0;2
83440404;"18/02/16";"Quinta";"17:45:00";"PA";316;"15";"MARITUBA";"Não guardar distância de segurança";"Colisão traseira";"Sem Vítimas";"Pleno dia";"Decrescente";"Nublado";"Dupla";"Reta";"Urbano";2;0;0;0;2;0;0;2
83440405;"18/02/16";"Quinta";"20:15:00";"MT";174;"87,2";"GLORIA DOESTE";"Defeito na via";"Saída de Pista";"Sem Vítimas";"Plena noite";"Decrescente";"Chuva";"Simples";"Reta";"Rural";1;0;0;0;1;0;0;1
83440406;"19/02/16";"Sexta";"03:30:00";"SP";116;"549";"BARRA DO TURVO";"Velocidade incompatível";"Colisão com objeto fixo";"Com Vítimas Feridas";"Plena noite";"Crescente";"Ceu Claro";"Dupla";"Curva";"Rural";1;0;1;0;0;0;1;1
83440407;"15/02/16";"Segunda";"07:30:00";"ES";101;"131";"LINHARES";"Falta de atenção";"Colisão lateral";"Sem Vítimas";"Pleno dia";"Crescente";"Ceu Claro";"Múltipla";"Reta";"Rural";3;0;0;0;3;0;0;3
83440408;"19/02/16";"Sexta";"03:30:00";"GO";70;"4";"AGUAS LINDAS DE GOIAS";"Ingestão de álcool";"Saída de Pista";"Sem Vítimas";"Plena noite";"Decrescente";"Ceu Claro";"Dupla";"Reta";"Urbano";3;0;0;0;3;0;0;1
83440409;"18/02/16";"Quinta";"22:45:00";"ES";101;"131,3";"LINHARES";"Outras";"Colisão com bicicleta";"Com Vítimas Fatais";"Plena noite";"Decrescente";"Nublado";"Simples";"Reta";"Rural";2;1;0;0;0;1;0;2
83440410;"18/02/16";"Quinta";"20:10:00";"SE";101;"42";"CAPELA";"Defeito na via";"Colisão traseira";"Sem Vítimas";"Plena noite";"Crescente";"Nublado";"Dupla";"Reta";"Rural";2;0;0;0;2;0;0;2
83440411;"18/02/16";"Quinta";"19:00:00";"RS";101;"14";"DOM PEDRO DE ALCANTARA";"Falta de atenção";"Saída de Pista";"Sem Vítimas";"Anoitecer";"Crescente";"Ceu Claro";"Dupla";"Curva";"Rural";2;0;0;0;2;0;0;1
83440412;"19/02/16";"Sexta";"06:10:00";"GO";60;"89,8";"ANAPOLIS";"Outras";"Colisão com objeto fixo";"Sem Vítimas";"Amanhecer";"Crescente";"Ceu Claro";"Dupla";"Reta";"Urbano";1;0;0;0;1;0;0;1
83440413;"18/02/16";"Quinta";"19:30:00";"SC";116;"167,8";"PONTE ALTA DO NORTE";"Ingestão de álcool";"Colisão Transversal";"Sem Vítimas";"Pleno dia";"Decrescente";"Ceu Claro";"Simples";"Reta";"Urbano";2;0;0;0;2;0;0;2
83440414;"18/02/16";"Quinta";"20:40:00";"PR";376;"528";"PONTA GROSSA";"Falta de atenção";"Colisão traseira";"Com Vítimas Fatais";"Plena noite";"Decrescente";"Ignorada";"Dupla";"Reta";"Rural";2;1;0;1;0;0;1;2
83440415;"19/02/16";"Sexta";"05:50:00";"RS";386;"417";"LAJEADO";"Velocidade incompatível";"Saída de Pista";"Sem Vítimas";"Plena noite";"Crescente";"Nublado";"Dupla";"Reta";"Rural";1;0;0;0;1;0;0;1
83440416;"14/02/16";"Domingo";"17:58:00";"SC";116;"244,9";"LAGES";"Outras";"Colisão Transversal";"Sem Vítimas";"Pleno dia";"Crescente";"Ceu Claro";"Simples";"Curva";"Urbano";2;0;0;0;1;1;0;2
83440417;"19/02/16";"Sexta";"04:00:00";"RS";470;"224,9";"GARIBALDI";"Falta de atenção";"Colisão Transversal";"Com Vítimas Feridas";"Plena noite";"Crescente";"Ceu Claro";"Simples";"Reta";"Urbano";2;0;0;1;1;0;1;2
83440418;"19/02/16";"Sexta";"05:00:00";"PB";101;"113";"ALHANDRA";"Dormindo";"Saída de Pista";"Sem Vítimas";"Amanhecer";"Decrescente";"Ceu Claro";"Dupla";"Reta";"Rural";1;0;0;0;1;0;0;1
83440419;"19/02/16";"Sexta";"05:30:00";"RJ";493;"22";"MAGE";"Não guardar distância de segurança";"Colisão traseira";"Sem Vítimas";"Amanhecer";"Crescente";"Ceu Claro";"Simples";"Reta";"Rural";2;0;0;0;2;0;0;2
83440420;"18/02/16";"Quinta";"23:25:00";"SC";101;"117,9";"ITAJAI";"Ingestão de álcool";"Colisão com objeto fixo";"Com Vítimas Feridas";"Plena noite";"Decrescente";"Ceu Claro";"Dupla";"Reta";"Urbano";1;0;0;1;0;0;1;1
83440421;"18/02/16";"Quinta";"16:00:00";"MS";267;"189";"NOVA ALVORADA DO SUL";"Dormindo";"Saída de Pista";"Com Vítimas Feridas";"Pleno dia";"Decrescente";"Ceu Claro";"Simples";"Reta";"Rural";1;0;0;1;0;0;1;1
83440422;"19/02/16";"Sexta";"06:10:00";"PR";376;"668,3";"GUARATUBA";"Velocidade incompatível";"Tombamento";"Com Vítimas Feridas";"Amanhecer";"Crescente";"Ceu Claro";"Dupla";"Curva";"Rural";2;0;1;0;1;0;1;2
83440423;"16/02/16";"Terça";"04:20:00";"MG";381;"512,5";"IGARAPE";"Dormindo";"Colisão traseira";"Com Vítimas Fatais";"Plena noite";"Crescente";"Nublado";"Múltipla";"Reta";"Urbano";2;1;0;0;1;0;0;2
83440424;"18/02/16";"Quinta";"06:50:00";"RS";116;"530,1";"CAPAO DO LEAO";"Falta de atenção";"Colisão Transversal";"Sem Vítimas";"Amanhecer";"Decrescente";"Ceu Claro";"Simples";"Reta";"Urbano";2;0;0;0;2;0;0;2
83440425;"11/02/16";"Quinta";"08:15:00";"SC";101;"202,5";"BIGUACU";"Não guardar distância de segurança";"Colisão traseira";"Com Vítimas Feridas";"Pleno dia";"Crescente";"Ceu Claro";"Múltipla";"Reta";"Urbano";2;0;1;0;1;0;1;2
83440426;"15/02/16";"Segunda";"14:50:00";"CE";116;"19,2";"EUSEBIO";"Defeito mecânico em veículo";"Tombamento";"Com Vítimas Feridas";"Pleno dia";"Crescente";"Sol";"Dupla";"Curva";"Urbano";2;0;2;0;0;0;2;1
83440427;"19/02/16";"Sexta";"06:00:00";"ES";101;"299,1";"VIANA";"Falta de atenção";"Atropelamento de pessoa";"Com Vítimas Feridas";"Amanhecer";"Decrescente";"Ceu Claro";"Dupla";"Curva";"Urbano";2;0;0;1;1;0;1;1
83440428;"15/01/16";"Sexta";"06:40:00";"SC";101;"54,3";"ARAQUARI";"Outras";"Queda de motocicleta / bicicleta / veículo";"Com Vítimas Feridas";"Pleno dia";"Crescente";"Ceu Claro";"Dupla";"Reta";"Rural";1;0;0;1;0;0;1;1
83440429;"18/02/16";"Quinta";"11:10:00";"BA";101;"348";"TEOLANDIA";"Outras";"Tombamento";"Com Vítimas Feridas";"Pleno dia";"Crescente";"Sol";"Simples";"Reta";"Rural";1;0;1;0;0;0;1;1
83440430;"19/02/16";"Sexta";"06:48:00";"MS";163;"531";"JARAGUARI";"Outras";"Saída de Pista";"Sem Vítimas";"Pleno dia";"Decrescente";"Ceu Claro";"Simples";"Reta";"Rural";2;0;0;0;2;0;0;1
83440433;"12/02/16";"Sexta";"22:30:00";"MG";262;"774,3";"UBERABA";"Velocidade incompatível";"Saída de Pista";"Ignorado";"Plena noite";"Crescente";"Ceu Claro";"Simples";"Curva";"Rural";1;0;0;0;0;1;0;1
83440434;"11/02/16";"Quinta";"10:25:00";"SC";101;"87,8";"BARRA VELHA";"Velocidade incompatível";"Colisão traseira";"Sem Vítimas";"Pleno dia";"Decrescente";"Ceu Claro";"Simples";"Reta";"Urbano";3;0;0;0;3;0;0;3
83440435;"18/01/16";"Segunda";"22:30:00";"SP";101;"50,5";"UBATUBA";"Falta de atenção";"Colisão Transversal";"Com Vítimas Feridas";"Plena noite";"Decrescente";"Ceu Claro";"Simples";"Reta";"Urbano";2;0;1;0;1;0;1;2
83440436;"18/02/16";"Quinta";"13:45:00";"RS";116;"184,1";"NOVA PETROPOLIS";"Não guardar distância de segurança";"Colisão traseira";"Sem Vítimas";"Pleno dia";"Crescente";"Nublado";"Simples";"Curva";"Urbano";3;0;0;0;3;0;0;3
83440437;"15/02/16";"Segunda";"17:15:00";"MG";381;"486,8";"BETIM";"Outras";"Colisão com objeto fixo";"Com Vítimas Feridas";"Pleno dia";"Crescente";"Sol";"Dupla";"Reta";"Urbano";1;0;1;0;0;0;1;1
83440438;"18/02/16";"Quinta";"07:40:00";"SP";116;"275";"TABOAO DA SERRA";"Não guardar distância de segurança";"Colisão lateral";"Com Vítimas Feridas";"Pleno dia";"Decrescente";"Ceu Claro";"Dupla";"Reta";"Urbano";3;0;2;0;1;0;2;2
83440439;"19/02/16";"Sexta";"07:50:00";"RS";285;"317";"PASSO FUNDO";"Outras";"Saída de Pista";"Com Vítimas Feridas";"Pleno dia";"Crescente";"Ceu Claro";"Simples";"Reta";"Rural";1;0;1;0;0;0;1;1
83440440;"15/02/16";"Segunda";"23:50:00";"BA";116;"421,8";"FEIRA DE SANTANA";"Velocidade incompatível";"Capotamento";"Com Vítimas Feridas";"Plena noite";"Decrescente";"Ceu Claro";"Simples";"Reta";"Urbano";1;0;1;0;0;0;1;1
83440441;"15/02/16";"Segunda";"23:15:00";"PR";376;"508,1";"PONTA GROSSA";"Falta de atenção";"Colisão traseira";"Com Vítimas Feridas";"Plena noite";"Crescente";"Chuva";"Dupla";"Reta";"Rural";2;0;1;0;1;0;1;2
83440444;"13/02/16";"Sábado";"05:30:00";"BA";116;"416";"FEIRA DE SANTANA";"Outras";"Saída de Pista";"Com Vítimas Fatais";"Amanhecer";"Decrescente";"Ceu Claro";"Simples";"Reta";"Urbano";1;1;0;0;0;0;0;1
83440446;"16/02/16";"Terça";"06:40:00";"DF";80;"0";"BRASILIA";"Falta de atenção";"Colisão Transversal";"Com Vítimas Feridas";"Amanhecer";"Crescente";"Sol";"Simples";"Reta";"Rural";2;0;1;0;1;0;1;2
83440447;"19/02/16";"Sexta";"08:30:00";"PR";277;"134,9";"BALSA NOVA";"Defeito mecânico em veículo";"Derramamento de Carga";"Sem Vítimas";"Pleno dia";"Crescente";"Nevoeiro/neblina";"Dupla";"Reta";"Rural";1;0;0;0;1;0;0;1
83440448;"16/02/16";"Terça";"01:00:00";"PR";163;"150,3";"SANTA LUCIA";"Falta de atenção";"Colisão frontal";"Com Vítimas Feridas";"Plena noite";"Crescente";"Ceu Claro";"Simples";"Reta";"Rural";2;0;0;1;1;0;1;2
83440449;"19/02/16";"Sexta";"07:20:00";"RS";158;"177,4";"PEJUCARA";"Falta de atenção";"Saída de Pista";"Com Vítimas Feridas";"Pleno dia";"Crescente";"Ceu Claro";"Simples";"Curva";"Rural";1;0;1;0;0;0;1;1
83440451;"19/02/16";"Sexta";"08:35:00";"PR";373;"177,1";"PONTA GROSSA";"Outras";"Colisão lateral";"Sem Vítimas";"Pleno dia";"Crescente";"Sol";"Simples";"Reta";"Urbano";2;0;0;0;2;0;0;2
83440452;"19/02/16";"Sexta";"07:00:00";"RJ";465;"14";"SEROPEDICA";"Falta de atenção";"Colisão frontal";"Com Vítimas Feridas";"Pleno dia";"Decrescente";"Ceu Claro";"Simples";"Reta";"Urbano";2;0;1;0;1;0;1;2
83440453;"15/02/16";"Segunda";"13:30:00";"SP";381;"68";"MAIRIPORA";"Outras";"Capotamento";"Sem Vítimas";"Pleno dia";"Crescente";"Chuva";"Dupla";"Curva";"Urbano";1;0;0;0;1;0;0;1
83440454;"17/02/16";"Quarta";"08:14:00";"RJ";116;"238";"PIRAI";"Falta de atenção";"Colisão traseira";"Sem Vítimas";"Pleno dia";"Crescente";"Nublado";"Dupla";"Reta";"Rural";2;0;0;0;2;0;0;2
83440456;"19/02/16";"Sexta";"06:00:00";"MG";40;"100,9";"LAGOA GRANDE";"Outras";"Tombamento";"Com Vítimas Feridas";"Amanhecer";"Crescente";"Ceu Claro";"Simples";"Reta";"Rural";1;0;1;0;0;0;1;1
83440457;"19/02/16";"Sexta";"08:25:00";"RS";448;"1,7";"SAPUCAIA DO SUL";"Defeito mecânico em veículo";"Colisão com objeto fixo";"Sem Vítimas";"Pleno dia";"Crescente";"Sol";"Dupla";"Reta";"Urbano";1;0;0;0;1;0;0;1
83440458;"19/02/16";"Sexta";"01:30:00";"MS";262;"87";"TRES LAGOAS";"Dormindo";"Saída de Pista";"Sem Vítimas";"Plena noite";"Crescente";"Ceu Claro";"Simples";"Reta";"Rural";3;0;0;0;3;0;0;1
83440459;"19/02/16";"Sexta";"07:30:00";"RO";364;"505";"ARIQUEMES";"Outras";"Colisão lateral";"Com Vítimas Feridas";"Pleno dia";"Crescente";"Ceu Claro";"Simples";"Reta";"Rural";2;0;1;0;1;0;1;2
83440460;"19/02/16";"Sexta";"05:45:00";"MS";163;"720,7";"COXIM";"Dormindo";"Colisão traseira";"Com Vítimas Feridas";"Amanhecer";"Crescente";"Nublado";"Simples";"Reta";"Rural";5;0;2;0;3;0;2;3
83440461;"19/02/16";"Sexta";"09:40:00";"PR";376;"175,7";"MARINGA";"Desobediência à sinalização";"Colisão Transversal";"Com Vítimas Feridas";"Pleno dia";"Crescente";"Ceu Claro";"Dupla";"Reta";"Urbano";2;0;0;1;1;0;1;2
83440462;"19/02/16";"Sexta";"09:30:00";"MG";381;"858";"POUSO ALEGRE";"Outras";"Saída de Pista";"Sem Vítimas";"Pleno dia";"Decrescente";"Ceu Claro";"Dupla";"Reta";"Rural";1;0;0;0;1;0;0;1