"id";"data_inversa";"dia_semana";"horario";"uf";"br";"km";"municipio";"causa_acidente";"tipo_acidente";"classificacao_acidente";"fase_dia";"sentido_via";"condicao_metereologica";"tipo_pista";"tracado_via";"uso_solo";"pessoas";"mortos";"feridos_leves";"feridos_graves";"ilesos";"ignorados";"feridos";"veiculos"
83440587;"19/02/16";"Sexta";"17:00:00";"AL";104;"15,7";"SAO JOSE DA LAJE";"Outras";"Saída de Pista";"Com Vítimas Feridas";"Pleno dia";"Decrescente";"Nublado";"Simples";"Curva";"Rural";1;0;0;1;0;0;1;1
83440588;"19/02/16";"Sexta";"16:05:00";"MS";262;"366,5";"TERENOS";"Falta de atenção";"Colisão Transversal";"Com Vítimas Feridas";"Pleno dia";"Decrescente";"Ceu Claro";"Simples";"Reta";"Urbano";2;0;0;1;1;0;1;2
83440589;"01/01/16";"Sexta";"06:00:00";"SC";101;"160";"PORTO BELO";"Ingestão de álcool";"Saída de Pista";"Com Vítimas Feridas";"Amanhecer";"Crescente";"Ceu Claro";"Dupla";"Reta";"Urbano";5;0;3;2;0;0;5;1
83440590;"19/02/16";"Sexta";"17:00:00";"RS";285;"176";"LAGOA VERMELHA";"Falta de atenção";"Colisão frontal";"Sem Vítimas";"Pleno dia";"Crescente";"Ceu Claro";"Simples";"Curva";"Rural";2;0;0;0;2;0;0;2
83440591;"19/02/16";"Sexta";"16:00:00";"RO";364;"510";"ARIQUEMES";"Outras";"Saída de Pista";"Com Vítimas Feridas";"Pleno dia";"Decrescente";"Sol";"Simples";"Reta";"Rural";3;0;1;0;2;0;1;1
83440592;"19/02/16";"Sexta";"17:35:00";"RS";392;"304,1";"SAO SEPE";"Não guardar distância de segurança";"Colisão traseira";"Com Vítimas Feridas";"Pleno dia";"Crescente";"Ceu Claro";"Simples";"Reta";"Rural";2;0;1;0;1;0;1;2
83440593;"19/02/16";"Sexta";"18:15:00";"SC";116;"14";"MAFRA";"Não guardar distância de segurança";"Colisão traseira";"Com Vítimas Feridas";"Anoitecer";"Decrescente";"Ceu Claro";"Simples";"Reta";"Rural";3;0;1;0;2;0;1;3
83440594;"19/02/16";"Sexta";"12:40:00";"PE";424;"65";"CAETES";"Outras";"Colisão traseira";"Com Vítimas Feridas";"Pleno dia";"Decrescente";"Ceu Claro";"Simples";"Reta";"Rural";3;0;1;1;1;0;2;2
83440595;"19/02/16";"Sexta";"19:00:00";"SC";101;"199";"SAO JOSE";"Não guardar distância de segurança";"Colisão traseira";"Com Vítimas Feridas";"Pleno dia";"Decrescente";"Ceu Claro";"Múltipla";"Reta";"Urbano";2;0;1;0;1;0;1;2
83440596;"19/02/16";"Sexta";"16:30:00";"PB";104;"131,9";"CAMPINA GRANDE";"Defeito mecânico em veículo";"Colisão Transversal";"Com Vítimas Feridas";"Pleno dia";"Decrescente";"Nublado";"Simples";"Reta";"Urbano";4;0;1;1;2;0;2;2
83440597;"19/02/16";"Sexta";"17:30:00";"GO";60;"7,8";"APARECIDA DE GOIANIA";"Falta de atenção";"Colisão traseira";"Sem Vítimas";"Pleno dia";"Crescente";"Nublado";"Dupla";"Reta";"Urbano";3;0;0;0;3;0;0;3
83440598;"19/02/16";"Sexta";"17:20:00";"PR";277;"74";"CURITIBA";"Falta de atenção";"Colisão Transversal";"Com Vítimas Feridas";"Pleno dia";"Crescente";"Sol";"Dupla";"Reta";"Urbano";3;0;3;0;0;0;3;2
83440599;"19/02/16";"Sexta";"19:00:00";"RS";285;"140";"MUITOS CAPOES";"Defeito mecânico em veículo";"Incêndio";"Sem Vítimas";"Pleno dia";"Decrescente";"Sol";"Simples";"Reta";"Rural";1;0;0;0;1;0;0;1
83440600;"19/02/16";"Sexta";"09:20:00";"BA";116;"306";"TUCANO";"Velocidade incompatível";"Saída de Pista";"Com Vítimas Feridas";"Pleno dia";"Decrescente";"Chuva";"Simples";"Reta";"Rural";2;0;2;0;0;0;2;1
83440601;"19/02/16";"Sexta";"13:50:00";"MA";316;"462";"CODO";"Falta de atenção";"Colisão traseira";"Sem Vítimas";"Pleno dia";"Crescente";"Ceu Claro";"Simples";"Reta";"Rural";2;0;0;0;2;0;0;2
83440602;"19/02/16";"Sexta";"14:00:00";"MT";163;"751";"SORRISO";"Desobediência à sinalização";"Colisão lateral";"Sem Vítimas";"Pleno dia";"Crescente";"Ceu Claro";"Dupla";"Curva";"Urbano";2;0;0;0;1;1;0;2
83440603;"19/02/16";"Sexta";"11:20:00";"RR";174;"702,9";"PACARAIMA";"Falta de atenção";"Colisão lateral";"Sem Vítimas";"Pleno dia";"Decrescente";"Ceu Claro";"Simples";"Reta";"Rural";2;0;0;0;2;0;0;2
83440604;"19/02/16";"Sexta";"20:50:00";"RS";290;"91,4";"PORTO ALEGRE";"Falta de atenção";"Colisão lateral";"Sem Vítimas";"Plena noite";"Decrescente";"Ceu Claro";"Múltipla";"Reta";"Urbano";2;0;0;0;2;0;0;2
83440605;"15/02/16";"Segunda";"18:30:00";"MG";116;"528";"CARATINGA";"Falta de atenção";"Colisão Transversal";"Com Vítimas Feridas";"Pleno dia";"Crescente";"Ceu Claro";"Simples";"Reta";"Urbano";2;0;1;0;1;0;1;2
83440606;"17/02/16";"Quarta";"19:20:00";"PB";230;"38,2";"SANTA RITA";"Falta de atenção";"Colisão traseira";"Sem Vítimas";"Plena noite";"Decrescente";"Ceu Claro";"Dupla";"Reta";"Urbano";2;0;0;0;2;0;0;2
83440607;"19/02/16";"Sexta";"16:20:00";"SC";282;"581,7";"PINHALZINHO";"Não guardar distância de segurança";"Colisão traseira";"Sem Vítimas";"Pleno dia";"Crescente";"Chuva";"Simples";"Cruzamento";"Rural";2;0;0;0;2;0;0;2
83440608;"19/02/16";"Sexta";"17:55:00";"MG";381;"942,5";"EXTREMA";"Velocidade incompatível";"Capotamento";"Sem Vítimas";"Pleno dia";"Crescente";"Nublado";"Dupla";"Reta";"Rural";2;0;0;0;2;0;0;1
83440609;"19/02/16";"Sexta";"07:40:00";"PR";116;"48";"CAMPINA GRANDE DO SUL";"Outras";"Capotamento";"Com Vítimas Feridas";"Pleno dia";"Crescente";"Nublado";"Dupla";"Reta";"Urbano";3;0;1;0;2;0;1;1
83440610;"19/02/16";"Sexta";"10:00:00";"GO";60;"192,9";"GUAPO";"Defeito na via";"Queda de motocicleta / bicicleta / veículo";"Com Vítimas Feridas";"Pleno dia";"Decrescente";"Sol";"Dupla";"Reta";"Rural";1;0;0;1;0;0;1;1
83440611;"19/02/16";"Sexta";"19:20:00";"RJ";116;"182,9";"NOVA IGUACU";"Não guardar distância de segurança";"Colisão traseira";"Com Vítimas Feridas";"Anoitecer";"Decrescente";"Nublado";"Múltipla";"Reta";"Urbano";4;0;2;0;2;0;2;2
83440612;"19/02/16";"Sexta";"18:20:00";"PR";376;"225,3";"CAMBIRA";"Velocidade incompatível";"Capotamento";"Sem Vítimas";"Pleno dia";"Decrescente";"Chuva";"Dupla";"Curva";"Rural";2;0;0;0;2;0;0;1
83440613;"19/02/16";"Sexta";"15:30:00";"SP";116;"308";"SAO LOURENCO DA SERRA";"Velocidade incompatível";"Saída de Pista";"Com Vítimas Feridas";"Pleno dia";"Decrescente";"Ceu Claro";"Dupla";"Reta";"Rural";3;0;1;0;2;0;1;1
83440614;"19/02/16";"Sexta";"18:10:00";"MG";365;"545";"MONTE CARMELO";"Outras";"Saída de Pista";"Sem Vítimas";"Pleno dia";"Decrescente";"Sol";"Simples";"Reta";"Rural";1;0;0;0;1;0;0;1
83440615;"19/02/16";"Sexta";"22:00:00";"SC";282;"614,5";"IRACEMINHA";"Ingestão de álcool";"Saída de Pista";"Sem Vítimas";"Plena noite";"Decrescente";"Nublado";"Simples";"Curva";"Rural";1;0;0;0;1;0;0;1
83440616;"19/02/16";"Sexta";"16:20:00";"MT";163;"716";"SORRISO";"Ultrapassagem indevida";"Colisão lateral";"Sem Vítimas";"Pleno dia";"Decrescente";"Sol";"Simples";"Reta";"Rural";3;0;0;0;3;0;0;3
83440617;"19/02/16";"Sexta";"19:30:00";"SP";116;"215";"GUARULHOS";"Outras";"Incêndio";"Sem Vítimas";"Plena noite";"Decrescente";"Nublado";"Múltipla";"Reta";"Urbano";1;0;0;0;1;0;0;1
83440618;"19/02/16";"Sexta";"18:00:00";"BA";101;"696";"EUNAPOLIS";"Falta de atenção";"Saída de Pista";"Com Vítimas Feridas";"Anoitecer";"Decrescente";"Ignorada";"Simples";"Reta";"Rural";4;0;1;0;3;0;1;1
83440619;"19/02/16";"Sexta";"18:00:00";"SC";101;"209,5";"SAO JOSE";"Não guardar distância de segurança";"Colisão lateral";"Sem Vítimas";"Plena noite";"Decrescente";"Nublado";"Múltipla";"Reta";"Urbano";6;0;0;0;6;0;0;2
83440621;"19/02/16";"Sexta";"16:30:00";"SP";153;"69,5";"SAO JOSE DO RIO PRETO";"Falta de atenção";"Colisão traseira";"Com Vítimas Feridas";"Pleno dia";"Decrescente";"Nublado";"Simples";"Cruzamento";"Urbano";2;0;1;0;1;0;1;2
83440622;"19/02/16";"Sexta";"07:40:00";"PR";369;"104,2";"CORNELIO PROCOPIO";"Outras";"Colisão traseira";"Com Vítimas Feridas";"Amanhecer";"Decrescente";"Nevoeiro/neblina";"Simples";"Reta";"Rural";2;0;1;0;1;0;1;2
83440623;"19/02/16";"Sexta";"13:00:00";"PA";230;"120";"MARABA";"Outras";"Colisão traseira";"Com Vítimas Feridas";"Pleno dia";"Crescente";"Sol";"Simples";"Reta";"Urbano";5;0;2;0;3;0;2;5
83440624;"19/02/16";"Sexta";"14:00:00";"RN";304;"44,7";"MOSSORO";"Ingestão de álcool";"Colisão lateral";"Com Vítimas Feridas";"Pleno dia";"Decrescente";"Chuva";"Dupla";"Reta";"Urbano";4;0;1;0;3;0;1;2
83440625;"15/02/16";"Segunda";"08:05:00";"SP";116;"219,6";"GUARULHOS";"Outras";"Colisão traseira";"Com Vítimas Feridas";"Pleno dia";"Crescente";"Ceu Claro";"Múltipla";"Reta";"Urbano";2;0;2;0;0;0;2;2
83440626;"19/02/16";"Sexta";"20:00:00";"PE";232;"410";"SERRA TALHADA";"Falta de atenção";"Atropelamento de pessoa";"Com Vítimas Feridas";"Anoitecer";"Decrescente";"Chuva";"Simples";"Curva";"Rural";2;0;0;1;1;0;1;1
83440627;"19/02/16";"Sexta";"18:30:00";"RN";110;"46,5";"MOSSORO";"Falta de atenção";"Colisão Transversal";"Com Vítimas Feridas";"Plena noite";"Decrescente";"Nublado";"Simples";"Reta";"Urbano";2;0;0;1;1;0;1;2
83440628;"19/02/16";"Sexta";"17:50:00";"MG";40;"465";"SETE LAGOAS";"Velocidade incompatível";"Saída de Pista";"Sem Vítimas";"Pleno dia";"Decrescente";"Chuva";"Dupla";"Reta";"Rural";1;0;0;0;1;0;0;1
83440629;"19/02/16";"Sexta";"20:40:00";"SC";101;"190,8";"BIGUACU";"Outras";"Atropelamento de pessoa";"Com Vítimas Fatais";"Plena noite";"Crescente";"Nublado";"Dupla";"Curva";"Urbano";3;1;0;0;2;0;0;2
83440630;"15/02/16";"Segunda";"17:20:00";"SP";116;"210";"GUARULHOS";"Não guardar distância de segurança";"Colisão lateral";"Com Vítimas Feridas";"Pleno dia";"Decrescente";"Chuva";"Dupla";"Reta";"Urbano";2;0;2;0;0;0;2;2
83440631;"17/02/16";"Quarta";"16:30:00";"PE";101;"195";"XEXEU";"Outras";"Colisão Transversal";"Sem Vítimas";"Anoitecer";"Decrescente";"Ceu Claro";"Simples";"Reta";"Rural";2;0;0;0;1;1;0;2
83440632;"19/02/16";"Sexta";"20:30:00";"SC";101;"126";"ITAJAI";"Falta de atenção";"Colisão traseira";"Sem Vítimas";"Plena noite";"Crescente";"Ceu Claro";"Dupla";"Reta";"Urbano";2;0;0;0;2;0;0;2
83440633;"19/02/16";"Sexta";"20:00:00";"PE";232;"8";"RECIFE";"Outras";"Colisão com objeto móvel";"Ignorado";"Plena noite";"Decrescente";"Ceu Claro";"Simples";"Reta";"Urbano";2;0;0;0;0;2;0;2
83440634;"19/02/16";"Sexta";"22:30:00";"RJ";40;"103";"DUQUE DE CAXIAS";"Ingestão de álcool";"Queda de motocicleta / bicicleta / veículo";"Com Vítimas Feridas";"Plena noite";"Crescente";"Chuva";"Múltipla";"Reta";"Rural";1;0;1;0;0;0;1;1
83440635;"19/02/16";"Sexta";"18:50:00";"MS";163;"361,5";"NOVA ALVORADA DO SUL";"Velocidade incompatível";"Saída de Pista";"Sem Vítimas";"Plena noite";"Crescente";"Chuva";"Simples";"Reta";"Rural";2;0;0;0;2;0;0;1
83440636;"19/02/16";"Sexta";"22:00:00";"RS";116;"408,5";"CAMAQUA";"Defeito na via";"Danos Eventuais";"Sem Vítimas";"Plena noite";"Crescente";"Nublado";"Simples";"Cruzamento";"Rural";1;0;0;0;1;0;0;1
83440637;"19/02/16";"Sexta";"18:15:00";"MG";50;"140,2";"UBERABA";"Velocidade incompatível";"Colisão traseira";"Com Vítimas Fatais";"Pleno dia";"Crescente";"Ceu Claro";"Dupla";"Reta";"Rural";3;1;0;0;2;0;0;2
83440638;"19/02/16";"Sexta";"22:30:00";"MG";381;"490,3";"BETIM";"Velocidade incompatível";"Colisão traseira";"Sem Vítimas";"Plena noite";"Crescente";"Ceu Claro";"Dupla";"Curva";"Urbano";2;0;0;0;2;0;0;2
83440639;"19/02/16";"Sexta";"18:00:00";"PR";369;"155,7";"LONDRINA";"Falta de atenção";"Colisão Transversal";"Com Vítimas Feridas";"Pleno dia";"Crescente";"Ceu Claro";"Dupla";"Reta";"Urbano";4;0;1;0;3;0;1;4
83440640;"15/02/16";"Segunda";"18:30:00";"RJ";101;"209";"CASIMIRO DE ABREU";"Outras";"Colisão Transversal";"Com Vítimas Fatais";"Pleno dia";"Crescente";"Chuva";"Simples";"Curva";"Rural";3;2;0;1;0;0;1;2
83440641;"19/02/16";"Sexta";"20:30:00";"MS";163;"86";"ITAQUIRAI";"Outras";"Saída de Pista";"Com Vítimas Feridas";"Plena noite";"Crescente";"Ceu Claro";"Simples";"Reta";"Rural";1;0;1;0;0;0;1;1
83440642;"19/02/16";"Sexta";"15:00:00";"PR";369;"177,2";"ROLANDIA";"Defeito mecânico em veículo";"Tombamento";"Com Vítimas Feridas";"Pleno dia";"Decrescente";"Sol";"Simples";"Curva";"Rural";1;0;0;1;0;0;1;1
83440643;"19/02/16";"Sexta";"22:40:00";"SC";280;"140,4";"RIO NEGRINHO";"Falta de atenção";"Colisão frontal";"Com Vítimas Feridas";"Plena noite";"Crescente";"Ceu Claro";"Simples";"Reta";"Rural";3;0;2;0;1;0;2;2
83440644;"19/02/16";"Sexta";"15:00:00";"SC";280;"9";"SAO FRANCISCO DO SUL";"Desobediência à sinalização";"Colisão Transversal";"Com Vítimas Feridas";"Pleno dia";"Crescente";"Ceu Claro";"Simples";"Reta";"Urbano";2;0;1;0;1;0;1;2
83440645;"19/02/16";"Sexta";"15:30:00";"PR";153;"461";"UNIAO DA VITORIA";"Falta de atenção";"Colisão lateral";"Sem Vítimas";"Pleno dia";"Crescente";"Ceu Claro";"Simples";"Reta";"Rural";2;0;0;0;2;0;0;2
83440646;"19/02/16";"Sexta";"23:15:00";"MG";50;"41";"ARAGUARI";"Outras";"Saída de Pista";"Com Vítimas Feridas";"Plena noite";"Decrescente";"Nublado";"Dupla";"Curva";"Urbano";1;0;1;0;0;0;1;1
83440647;"19/02/16";"Sexta";"16:50:00";"PE";116;"18";"SALGUEIRO";"Defeito mecânico em veículo";"Saída de Pista";"Com Vítimas Feridas";"Pleno dia";"Decrescente";"Nublado";"Simples";"Curva";"Rural";7;0;3;4;0;0;7;1
83440648;"15/02/16";"Segunda";"08:50:00";"SC";282;"5";"SAO JOSE";"Falta de atenção";"Colisão lateral";"Com Vítimas Feridas";"Pleno dia";"Decrescente";"Ceu Claro";"Dupla";"Reta";"Urbano";2;0;1;0;1;0;1;2
83440649;"19/02/16";"Sexta";"18:40:00";"RO";364;"343";"JI-PARANA";"Falta de atenção";"Colisão traseira";"Sem Vítimas";"Anoitecer";"Crescente";"Ceu Claro";"Dupla";"Cruzamento";"Urbano";4;0;0;0;4;0;0;2
83440650;"19/02/16";"Sexta";"20:15:00";"MT";163;"119";"RONDONOPOLIS";"Desobediência à sinalização";"Colisão traseira";"Sem Vítimas";"Plena noite";"Decrescente";"Ceu Claro";"Simples";"Reta";"Urbano";2;0;0;0;2;0;0;2
83440651;"19/02/16";"Sexta";"15:30:00";"PA";163;"314";"NOVO PROGRESSO";"Falta de atenção";"Colisão traseira";"Sem Vítimas";"Pleno dia";"Crescente";"Ceu Claro";"Simples";"Curva";"Rural";2;0;0;0;2;0;0;2
83440652;"19/02/16";"Sexta";"22:50:00";"RS";285;"395";"SANTA BARBARA DO SUL";"Velocidade incompatível";"Saída de Pista";"Sem Vítimas";"Plena noite";"Decrescente";"Chuva";"Simples";"Reta";"Rural";5;0;0;0;5;0;0;1
83440653;"19/02/16";"Sexta";"22:50:00";"RJ";116;"246";"PIRAI";"Falta de atenção";"Saída de Pista";"Com Vítimas Feridas";"Plena noite";"Crescente";"Chuva";"Dupla";"Curva";"Urbano";1;0;1;0;0;0;1;1
83440654;"19/02/16";"Sexta";"22:30:00";"MG";40;"617,8";"CONGONHAS";"Ingestão de álcool";"Colisão com bicicleta";"Com Vítimas Fatais";"Plena noite";"Crescente";"Nublado";"Simples";"Curva";"Urbano";2;1;0;0;0;1;0;2
83440655;"19/02/16";"Sexta";"22:00:00";"RS";158;"202,6";"CRUZ ALTA";"Velocidade incompatível";"Colisão traseira";"Sem Vítimas";"Plena noite";"Decrescente";"Chuva";"Simples";"Reta";"Rural";3;0;0;0;3;0;0;3
83440656;"19/02/16";"Sexta";"21:30:00";"PR";373;"179,8";"PONTA GROSSA";"Falta de atenção";"Colisão lateral";"Com Vítimas Fatais";"Plena noite";"Crescente";"Nublado";"Simples";"Reta";"Urbano";2;1;0;0;1;0;0;2
83440658;"20/02/16";"Sábado";"00:20:00";"MG";116;"411,5";"GOVERNADOR VALADARES";"Ingestão de álcool";"Colisão com bicicleta";"Com Vítimas Feridas";"Plena noite";"Decrescente";"Ceu Claro";"Dupla";"Reta";"Urbano";2;0;1;0;0;1;1;2
83440659;"19/02/16";"Sexta";"17:30:00";"MT";158;"630";"NOVA XAVANTINA";"Outras";"Colisão frontal";"Com Vítimas Feridas";"Pleno dia";"Decrescente";"Ceu Claro";"Simples";"Reta";"Rural";3;0;1;1;1;0;2;2
83440660;"19/02/16";"Sexta";"21:30:00";"MS";163;"783,1";"PEDRO GOMES";"Defeito mecânico em veículo";"Queda de motocicleta / bicicleta / veículo";"Com Vítimas Feridas";"Plena noite";"Crescente";"Ceu Claro";"Simples";"Reta";"Rural";2;0;2;0;0;0;2;1
83440661;"19/02/16";"Sexta";"19:00:00";"BA";101;"753,1";"ITABELA";"Ultrapassagem indevida";"Colisão lateral";"Com Vítimas Fatais";"Plena noite";"Decrescente";"Ignorada";"Simples";"Reta";"Rural";3;2;1;0;0;0;1;2
83440662;"19/02/16";"Sexta";"19:48:00";"RO";364;"706";"PORTO VELHO";"Defeito na via";"Queda de motocicleta / bicicleta / veículo";"Com Vítimas Feridas";"Plena noite";"Crescente";"Nublado";"Dupla";"Reta";"Urbano";2;0;2;0;0;0;2;1
83440663;"20/02/16";"Sábado";"01:30:00";"RJ";101;"78";"CAMPOS DOS GOYTACAZES";"Dormindo";"Colisão lateral";"Sem Vítimas";"Plena noite";"Decrescente";"Ignorada";"Simples";"Curva";"Rural";2;0;0;0;2;0;0;2
83440664;"20/02/16";"Sábado";"00:05:00";"SC";282;"28,9";"SANTO AMARO DA IMPERATRIZ";"Outras";"Colisão Transversal";"Sem Vítimas";"Plena noite";"Crescente";"Nublado";"Simples";"Curva";"Rural";2;0;0;0;2;0;0;2
83440665;"20/02/16";"Sábado";"00:40:00";"RJ";101;"315";"SAO GONCALO";"Falta de atenção";"Colisão com objeto fixo";"Com Vítimas Feridas";"Plena noite";"Crescente";"Nublado";"Dupla";"Curva";"Urbano";1;0;1;0;0;0;1;1
83440666;"19/02/16";"Sexta";"22:40:00";"CE";116;"1";"FORTALEZA";"Defeito mecânico em veículo";"Colisão traseira";"Sem Vítimas";"Plena noite";"Decrescente";"Nublado";"Dupla";"Reta";"Urbano";2;0;0;0;2;0;0;2
83440667;"19/02/16";"Sexta";"10:00:00";"MG";381;"521,5";"BRUMADINHO";"Velocidade incompatível";"Colisão com objeto fixo";"Sem Vítimas";"Pleno dia";"Crescente";"Nublado";"Dupla";"Curva";"Rural";1;0;0;0;1;0;0;1
83440668;"19/02/16";"Sexta";"20:25:00";"AL";101;"58";"FLEXEIRAS";"Outras";"Saída de Pista";"Sem Vítimas";"Plena noite";"Crescente";"Nublado";"Simples";"Curva";"Rural";1;0;0;0;1;0;0;1
83440669;"20/02/16";"Sábado";"00:30:00";"SC";470;"35,4";"GASPAR";"Ingestão de álcool";"Colisão frontal";"Com Vítimas Feridas";"Plena noite";"Decrescente";"Nublado";"Simples";"Reta";"Rural";5;0;2;0;3;0;2;3
83440671;"19/02/16";"Sexta";"21:10:00";"MG";381;"454";"SABARA";"Ultrapassagem indevida";"Colisão frontal";"Com Vítimas Feridas";"Plena noite";"Crescente";"Ceu Claro";"Simples";"Reta";"Rural";2;0;1;0;1;0;1;2
83440672;"19/02/16";"Sexta";"15:00:00";"MT";158;"324,6";"ALTO BOA VISTA";"Ultrapassagem indevida";"Colisão lateral";"Com Vítimas Feridas";"Pleno dia";"Crescente";"Sol";"Simples";"Reta";"Rural";3;0;1;0;1;1;1;3
83440673;"19/02/16";"Sexta";"16:40:00";"GO";60;"264,3";"INDIARA";"Outras";"Saída de Pista";"Sem Vítimas";"Pleno dia";"Decrescente";"Chuva";"Dupla";"Reta";"Rural";1;0;0;0;1;0;0;1
83440674;"19/02/16";"Sexta";"14:20:00";"RN";101;"102";"PARNAMIRIM";"Falta de atenção";"Colisão traseira";"Com Vítimas Feridas";"Pleno dia";"Decrescente";"Ceu Claro";"Dupla";"Reta";"Urbano";6;0;1;0;5;0;1;2
83440675;"20/02/16";"Sábado";"00:40:00";"RS";158;"209,5";"CRUZ ALTA";"Velocidade incompatível";"Colisão traseira";"Sem Vítimas";"Plena noite";"Decrescente";"Nublado";"Simples";"Reta";"Rural";5;0;0;0;4;1;0;2
83440676;"19/02/16";"Sexta";"15:40:00";"RN";304;"204";"CAICARA DO RIO DO VENTO";"Velocidade incompatível";"Saída de Pista";"Sem Vítimas";"Pleno dia";"Crescente";"Chuva";"Simples";"Reta";"Rural";1;0;0;0;1;0;0;1
83440677;"19/02/16";"Sexta";"17:40:00";"MT";364;"201";"RONDONOPOLIS";"Falta de atenção";"Colisão lateral";"Sem Vítimas";"Pleno dia";"Decrescente";"Ceu Claro";"Dupla";"Reta";"Urbano";2;0;0;0;2;0;0;2
83440678;"20/02/16";"Sábado";"02:00:00";"RS";470;"194";"BENTO GONCALVES";"Defeito mecânico em veículo";"Saída de Pista";"Com Vítimas Feridas";"Plena noite";"Decrescente";"Ceu Claro";"Simples";"Reta";"Rural";1;0;1;0;0;0;1;1
83440679;"19/02/16";"Sexta";"17:00:00";"GO";60;"187,1";"GUAPO";"Defeito mecânico em veículo";"Colisão com objeto fixo";"Sem Vítimas";"Pleno dia";"Decrescente";"Nublado";"Dupla";"Reta";"Urbano";1;0;0;0;1;0;0;1
83440680;"19/02/16";"Sexta";"15:30:00";"BA";110;"33";"TUCANO";"Falta de atenção";"Colisão traseira";"Sem Vítimas";"Pleno dia";"Crescente";"Chuva";"Simples";"Reta";"Urbano";2;0;0;0;2;0;0;2
83440681;"19/02/16";"Sexta";"14:00:00";"BA";116;"528";"ITATIM";"Desobediência à sinalização";"Colisão traseira";"Com Vítimas Fatais";"Pleno dia";"Crescente";"Chuva";"Simples";"Reta";"Rural";3;1;0;0;2;0;0;2
83440682;"19/02/16";"Sexta";"20:30:00";"MA";222;"626";"ACAILANDIA";"Dormindo";"Colisão lateral";"Com Vítimas Feridas";"Plena noite";"Crescente";"Ceu Claro";"Simples";"Curva";"Rural";4;0;2;0;2;0;2;2
83440683;"19/02/16";"Sexta";"13:30:00";"SC";280;"7";"SAO FRANCISCO DO SUL";"Desobediência à sinalização";"Colisão Transversal";"Sem Vítimas";"Pleno dia";"Crescente";"Sol";"Simples";"Cruzamento";"Urbano";2;0;0;0;2;0;0;2
83440684;"20/02/16";"Sábado";"01:10:00";"MG";381;"664,7";"PERDOES";"Dormindo";"Colisão traseira";"Sem Vítimas";"Plena noite";"Crescente";"Nublado";"Dupla";"Reta";"Rural";2;0;0;0;2;0;0;2
83440685;"19/02/16";"Sexta";"16:00:00";"TO";226;"62";"WANDERLANDIA";"Velocidade incompatível";"Colisão traseira";"Sem Vítimas";"Pleno dia";"Crescente";"Ceu Claro";"Simples";"Reta";"Rural";6;0;0;0;6;0;0;4
83440686;"20/02/16";"Sábado";"03:10:00";"SC";116;"253,2";"LAGES";"Outras";"Atropelamento de pessoa";"Com Vítimas Fatais";"Plena noite";"Crescente";"Ceu Claro";"Simples";"Reta";"Rural";2;1;0;0;1;0;0;1
83440687;"19/02/16";"Sexta";"22:00:00";"RS";472;"432";"SAO BORJA";"Outras";"Saída de Pista";"Sem Vítimas";"Plena noite";"Crescente";"Nublado";"Simples";"Reta";"Rural";4;0;0;0;4;0;0;1
83440688;"19/02/16";"Sexta";"14:40:00";"GO";60;"48,2";"ABADIANIA";"Velocidade incompatível";"Saída de Pista";"Com Vítimas Feridas";"Pleno dia";"Decrescente";"Ceu Claro";"Dupla";"Reta";"Rural";1;0;0;1;0;0;1;1
83440689;"19/02/16";"Sexta";"19:30:00";"BA";101;"545";"SAO JOSE DA VITORIA";"Outras";"Saída de Pista";"Com Vítimas Fatais";"Plena noite";"Crescente";"Nublado";"Simples";"Curva";"Rural";1;1;0;0;0;0;0;1
83440690;"19/02/16";"Sexta";"19:00:00";"TO";153;"628,8";"ALIANCA DO TOCANTINS";"Animais na Pista";"Atropelamento de animal";"Com Vítimas Feridas";"Plena noite";"Crescente";"Ceu Claro";"Simples";"Reta";"Rural";1;0;0;1;0;0;1;1
83440691;"20/02/16";"Sábado";"04:00:00";"RS";287;"237,4";"SANTA MARIA";"Outras";"Colisão frontal";"Com Vítimas Feridas";"Plena noite";"Decrescente";"Nublado";"Dupla";"Reta";"Urbano";2;0;1;0;0;1;1;2
83440692;"19/02/16";"Sexta";"22:45:00";"PR";116;"103";"SAO JOSE DOS PINHAIS";"Falta de atenção";"Colisão lateral";"Sem Vítimas";"Plena noite";"Decrescente";"Ceu Claro";"Dupla";"Reta";"Rural";3;0;0;0;3;0;0;3
83440693;"19/02/16";"Sexta";"19:10:00";"GO";153;"442,4";"ANAPOLIS";"Outras";"Queda de motocicleta / bicicleta / veículo";"Com Vítimas Feridas";"Pleno dia";"Decrescente";"Ceu Claro";"Dupla";"Reta";"Urbano";1;0;0;1;0;0;1;1
83440694;"19/02/16";"Sexta";"21:40:00";"MS";262;"59,5";"TRES LAGOAS";"Dormindo";"Colisão traseira";"Com Vítimas Feridas";"Plena noite";"Decrescente";"Ceu Claro";"Simples";"Reta";"Rural";4;0;2;0;2;0;2;3
83440695;"19/02/16";"Sexta";"14:15:00";"BA";116;"537";"ITATIM";"Outras";"Capotamento";"Sem Vítimas";"Pleno dia";"Decrescente";"Chuva";"Simples";"Reta";"Rural";1;0;0;0;1;0;0;1
83440696;"19/02/16";"Sexta";"15:30:00";"BA";410;"24";"TUCANO";"Defeito na via";"Capotamento";"Com Vítimas Feridas";"Pleno dia";"Crescente";"Ceu Claro";"Simples";"Reta";"Rural";2;0;1;0;0;1;1;1