"id";"data_inversa";"dia_semana";"horario";"uf";"br";"km";"municipio";"causa_acidente";"tipo_acidente";"classificacao_acidente";"fase_dia";"sentido_via";"condicao_metereologica";"tipo_pista";"tracado_via";"uso_solo";"pessoas";"mortos";"feridos_leves";"feridos_graves";"ilesos";"ignorados";"feridos";"veiculos"
83440697;"19/02/16";"Sexta";"22:20:00";"RN";304;"115,5";"ASSU";"Desobediência à sinalização";"Colisão frontal";"Com Vítimas Feridas";"Plena noite";"Crescente";"Ceu Claro";"Simples";"Reta";"Rural";3;0;0;3;0;0;3;2
83440698;"19/02/16";"Sexta";"16:00:00";"BA";116;"812,9";"VITORIA DA CONQUISTA";"Velocidade incompatível";"Colisão traseira";"Sem Vítimas";"Pleno dia";"Crescente";"Nublado";"Simples";"Reta";"Rural";2;0;0;0;2;0;0;2
83440699;"20/02/16";"Sábado";"03:30:00";"SC";101;"210";"SAO JOSE";"Outras";"Colisão com objeto fixo";"Com Vítimas Fatais";"Plena noite";"Decrescente";"Ceu Claro";"Múltipla";"Reta";"Urbano";1;1;0;0;0;0;0;1
83440700;"20/02/16";"Sábado";"04:05:00";"MG";40;"41,2";"PARACATU";"Ingestão de álcool";"Colisão frontal";"Com Vítimas Feridas";"Plena noite";"Crescente";"Ignorada";"Simples";"Reta";"Urbano";3;0;0;1;2;0;1;2
83440701;"19/02/16";"Sexta";"14:30:00";"SP";116;"511,8";"CAJATI";"Falta de atenção";"Tombamento";"Com Vítimas Feridas";"Pleno dia";"Decrescente";"Ceu Claro";"Simples";"Curva";"Rural";1;0;1;0;0;0;1;1
83440702;"20/02/16";"Sábado";"02:30:00";"MS";163;"512";"JARAGUARI";"Ingestão de álcool";"Saída de Pista";"Sem Vítimas";"Plena noite";"Crescente";"Nublado";"Dupla";"Reta";"Rural";1;0;0;0;1;0;0;1
83440703;"19/02/16";"Sexta";"23:20:00";"SC";280;"30";"ARAQUARI";"Ingestão de álcool";"Colisão frontal";"Sem Vítimas";"Plena noite";"Crescente";"Ceu Claro";"Simples";"Reta";"Urbano";3;0;0;0;3;0;0;2
83440704;"19/02/16";"Sexta";"12:10:00";"MG";381;"562,8";"ITAGUARA";"Velocidade incompatível";"Saída de Pista";"Ignorado";"Pleno dia";"Crescente";"Ceu Claro";"Dupla";"Reta";"Urbano";1;0;0;0;0;1;0;1
83440705;"20/02/16";"Sábado";"04:10:00";"PI";316;"4,9";"TERESINA";"Desobediência à sinalização";"Colisão frontal";"Sem Vítimas";"Plena noite";"Crescente";"Ignorada";"Simples";"Reta";"Urbano";2;0;0;0;2;0;0;2
83440706;"20/02/16";"Sábado";"05:00:00";"RS";386;"272,8";"FONTOURA XAVIER";"Outras";"Saída de Pista";"Com Vítimas Feridas";"Plena noite";"Crescente";"Ignorada";"Simples";"Curva";"Rural";3;0;3;0;0;0;3;1
83440707;"18/02/16";"Quinta";"08:00:00";"RS";116;"3";"PORTO ALEGRE";"Não guardar distância de segurança";"Colisão traseira";"Com Vítimas Feridas";"Pleno dia";"Crescente";"Ceu Claro";"Dupla";"Reta";"Urbano";2;0;1;0;1;0;1;2
83440708;"19/02/16";"Sexta";"23:40:00";"SP";116;"182";"SANTA ISABEL";"Falta de atenção";"Colisão traseira";"Sem Vítimas";"Plena noite";"Decrescente";"Nublado";"Múltipla";"Reta";"Urbano";3;0;0;0;3;0;0;3
83440709;"19/02/16";"Sexta";"22:10:00";"SP";381;"86";"SAO PAULO";"Velocidade incompatível";"Colisão com objeto fixo";"Com Vítimas Fatais";"Plena noite";"Crescente";"Ignorada";"Dupla";"Curva";"Urbano";1;1;0;0;0;0;0;1
83440710;"15/02/16";"Segunda";"20:30:00";"PA";316;"18";"BENEVIDES";"Falta de atenção";"Colisão Transversal";"Com Vítimas Feridas";"Plena noite";"Decrescente";"Nublado";"Dupla";"Reta";"Urbano";2;0;1;0;1;0;1;2
83440711;"20/02/16";"Sábado";"06:35:00";"RS";290;"104,4";"ELDORADO DO SUL";"Animais na Pista";"Atropelamento de animal";"Com Vítimas Feridas";"Pleno dia";"Crescente";"Ceu Claro";"Simples";"Reta";"Rural";1;0;0;1;0;0;1;1
83440712;"20/02/16";"Sábado";"05:25:00";"ES";262;"3,8";"CARIACICA";"Ingestão de álcool";"Colisão Transversal";"Com Vítimas Feridas";"Pleno dia";"Crescente";"Ceu Claro";"Dupla";"Reta";"Urbano";3;0;1;0;1;1;1;2
83440713;"18/02/16";"Quinta";"22:00:00";"DF";20;"2";"BRASILIA";"Falta de atenção";"Colisão Transversal";"Com Vítimas Feridas";"Plena noite";"Crescente";"Ceu Claro";"Dupla";"Reta";"Urbano";3;0;2;0;1;0;2;2
83440714;"19/02/16";"Sexta";"14:45:00";"BA";324;"530";"FEIRA DE SANTANA";"Outras";"Saída de Pista";"Ignorado";"Pleno dia";"Decrescente";"Chuva";"Dupla";"Curva";"Rural";1;0;0;0;0;1;0;1
83440715;"20/02/16";"Sábado";"06:00:00";"MG";381;"782,5";"CAMPANHA";"Dormindo";"Saída de Pista";"Com Vítimas Feridas";"Amanhecer";"Decrescente";"Chuva";"Dupla";"Reta";"Rural";4;0;1;1;2;0;2;1
83440716;"20/02/16";"Sábado";"02:45:00";"RS";116;"115";"SAO MARCOS";"Falta de atenção";"Colisão com objeto fixo";"Sem Vítimas";"Plena noite";"Crescente";"Ceu Claro";"Simples";"Curva";"Urbano";2;0;0;0;1;1;0;2
83440717;"20/02/16";"Sábado";"06:50:00";"MG";381;"776,5";"CAMPANHA";"Velocidade incompatível";"Colisão com objeto fixo";"Sem Vítimas";"Amanhecer";"Crescente";"Chuva";"Dupla";"Curva";"Rural";1;0;0;0;1;0;0;1
83440718;"20/02/16";"Sábado";"03:30:00";"MA";316;"550";"CAXIAS";"Ingestão de álcool";"Saída de Pista";"Com Vítimas Fatais";"Plena noite";"Crescente";"Chuva";"Simples";"Reta";"Rural";1;1;0;0;0;0;0;1
83440719;"20/02/16";"Sábado";"06:20:00";"PR";376;"182";"MARINGA";"Falta de atenção";"Queda de motocicleta / bicicleta / veículo";"Com Vítimas Feridas";"Amanhecer";"Crescente";"Ceu Claro";"Simples";"Curva";"Urbano";1;0;0;1;0;0;1;1
83440720;"20/02/16";"Sábado";"07:00:00";"SP";116;"329";"JUQUITIBA";"Velocidade incompatível";"Saída de Pista";"Sem Vítimas";"Pleno dia";"Decrescente";"Ceu Claro";"Dupla";"Reta";"Rural";1;0;0;0;1;0;0;1
83440721;"17/02/16";"Quarta";"06:30:00";"SC";470;"26";"ILHOTA";"Falta de atenção";"Colisão traseira";"Com Vítimas Feridas";"Pleno dia";"Decrescente";"Ceu Claro";"Simples";"Reta";"Urbano";2;0;1;0;1;0;1;2
83440722;"19/02/16";"Sexta";"10:40:00";"RO";364;"46";"VILHENA";"Velocidade incompatível";"Tombamento";"Sem Vítimas";"Pleno dia";"Crescente";"Sol";"Simples";"Reta";"Rural";1;0;0;0;1;0;0;1
83440723;"16/02/16";"Terça";"19:20:00";"SP";381;"61";"MAIRIPORA";"Velocidade incompatível";"Capotamento";"Sem Vítimas";"Pleno dia";"Crescente";"Chuva";"Dupla";"Curva";"Urbano";1;0;0;0;1;0;0;1
83440724;"17/02/16";"Quarta";"04:40:00";"SC";470;"47,3";"GASPAR";"Outras";"Colisão lateral";"Sem Vítimas";"Anoitecer";"Decrescente";"Nublado";"Simples";"Reta";"Rural";2;0;0;0;2;0;0;2
83440725;"19/02/16";"Sexta";"23:00:00";"MT";163;"766";"SORRISO";"Não guardar distância de segurança";"Colisão traseira";"Sem Vítimas";"Plena noite";"Decrescente";"Ceu Claro";"Simples";"Reta";"Rural";2;0;0;0;2;0;0;2
83440726;"20/02/16";"Sábado";"08:00:00";"RS";290;"39,6";"SANTO ANTONIO DA PATRULHA";"Defeito mecânico em veículo";"Capotamento";"Com Vítimas Feridas";"Pleno dia";"Crescente";"Ceu Claro";"Dupla";"Reta";"Rural";6;0;5;1;0;0;6;1
83440727;"20/02/16";"Sábado";"06:00:00";"PR";277;"10";"PARANAGUA";"Outras";"Colisão com objeto fixo";"Ignorado";"Amanhecer";"Crescente";"Ceu Claro";"Simples";"Curva";"Rural";1;0;0;0;0;1;0;1
83440728;"16/02/16";"Terça";"07:50:00";"PA";230;"122";"MARABA";"Falta de atenção";"Colisão Transversal";"Com Vítimas Feridas";"Pleno dia";"Decrescente";"Ceu Claro";"Dupla";"Reta";"Urbano";2;0;1;0;1;0;1;2
83440729;"20/02/16";"Sábado";"04:30:00";"MT";163;"593";"NOVA MUTUM";"Falta de atenção";"Colisão com objeto fixo";"Sem Vítimas";"Plena noite";"Crescente";"Ceu Claro";"Simples";"Reta";"Urbano";1;0;0;0;1;0;0;1
83440730;"18/02/16";"Quinta";"21:00:00";"PR";116;"167";"QUITANDINHA";"Falta de atenção";"Colisão com objeto fixo";"Sem Vítimas";"Plena noite";"Crescente";"Nublado";"Simples";"Reta";"Rural";1;0;0;0;1;0;0;1
83440731;"16/02/16";"Terça";"12:00:00";"MG";116;"543";"SANTA RITA DE MINAS";"Outras";"Queda de motocicleta / bicicleta / veículo";"Com Vítimas Feridas";"Pleno dia";"Crescente";"Ceu Claro";"Simples";"Curva";"Rural";1;0;1;0;0;0;1;1
83440732;"18/02/16";"Quinta";"17:55:00";"MG";40;"529";"CONTAGEM";"Falta de atenção";"Colisão traseira";"Com Vítimas Feridas";"Anoitecer";"Crescente";"Ceu Claro";"Dupla";"Reta";"Urbano";2;0;0;1;1;0;1;2
83440733;"17/02/16";"Quarta";"06:00:00";"PR";376;"323";"ORTIGUEIRA";"Velocidade incompatível";"Capotamento";"Sem Vítimas";"Amanhecer";"Crescente";"Nublado";"Simples";"Curva";"Rural";1;0;0;0;1;0;0;1
83440734;"19/02/16";"Sexta";"22:15:00";"BA";116;"662";"JEQUIE";"Ultrapassagem indevida";"Tombamento";"Sem Vítimas";"Plena noite";"Crescente";"Nublado";"Simples";"Curva";"Rural";2;0;0;0;2;0;0;1
83440735;"08/02/16";"Segunda";"16:00:00";"RJ";116;"230";"PIRAI";"Outras";"Colisão com objeto fixo";"Sem Vítimas";"Pleno dia";"Crescente";"Ceu Claro";"Simples";"Curva";"Rural";1;0;0;0;1;0;0;1
83440736;"04/02/16";"Quinta";"19:30:00";"MG";262;"801,6";"UBERABA";"Falta de atenção";"Colisão traseira";"Com Vítimas Feridas";"Anoitecer";"Crescente";"Ceu Claro";"Dupla";"Reta";"Rural";2;0;0;1;1;0;1;2
83440737;"20/02/16";"Sábado";"06:30:00";"PR";116;"110";"CURITIBA";"Defeito mecânico em veículo";"Colisão traseira";"Com Vítimas Feridas";"Amanhecer";"Crescente";"Ceu Claro";"Dupla";"Reta";"Rural";2;0;1;0;1;0;1;2
83440738;"20/02/16";"Sábado";"01:00:00";"RS";158;"406,6";"SAO GABRIEL";"Dormindo";"Saída de Pista";"Ignorado";"Plena noite";"Decrescente";"Nublado";"Simples";"Curva";"Rural";1;0;0;0;0;1;0;1
83440739;"16/02/16";"Terça";"07:30:00";"MT";163;"838";"SINOP";"Desobediência à sinalização";"Colisão Transversal";"Com Vítimas Feridas";"Pleno dia";"Decrescente";"Ceu Claro";"Simples";"Reta";"Urbano";2;0;1;0;0;1;1;2
83440740;"20/02/16";"Sábado";"07:45:00";"PR";116;"96,9";"SAO JOSE DOS PINHAIS";"Outras";"Queda de motocicleta / bicicleta / veículo";"Com Vítimas Feridas";"Pleno dia";"Crescente";"Ceu Claro";"Dupla";"Reta";"Rural";1;0;0;1;0;0;1;1
83440741;"13/02/16";"Sábado";"06:10:00";"GO";153;"169";"CAMPINORTE";"Falta de atenção";"Colisão traseira";"Com Vítimas Feridas";"Plena noite";"Crescente";"Ceu Claro";"Simples";"Reta";"Rural";3;0;2;0;1;0;2;2
83440742;"17/02/16";"Quarta";"05:10:00";"MG";262;"432,8";"SAO GONCALO DO PARA";"Não guardar distância de segurança";"Colisão traseira";"Com Vítimas Feridas";"Plena noite";"Decrescente";"Nublado";"Dupla";"Reta";"Rural";2;0;1;0;0;1;1;2
83440743;"19/02/16";"Sexta";"05:20:00";"RS";471;"520";"RIO GRANDE";"Velocidade incompatível";"Saída de Pista";"Sem Vítimas";"Plena noite";"Decrescente";"Nevoeiro/neblina";"Simples";"Reta";"Rural";2;0;0;0;2;0;0;1
83440744;"14/02/16";"Domingo";"18:15:00";"SP";153;"36";"ONDA VERDE";"Falta de atenção";"Colisão traseira";"Sem Vítimas";"Pleno dia";"Crescente";"Ceu Claro";"Simples";"Reta";"Rural";3;0;0;0;3;0;0;3
83440745;"31/01/16";"Domingo";"08:30:00";"MG";153;"21";"CENTRALINA";"Outras";"Saída de Pista";"Com Vítimas Feridas";"Pleno dia";"Decrescente";"Ceu Claro";"Dupla";"Reta";"Rural";2;0;1;0;1;0;1;2
83440746;"18/02/16";"Quinta";"02:20:00";"MG";116;"378,9";"MATHIAS LOBATO";"Dormindo";"Tombamento";"Com Vítimas Feridas";"Plena noite";"Decrescente";"Ceu Claro";"Simples";"Reta";"Rural";1;0;1;0;0;0;1;1
83440747;"04/02/16";"Quinta";"11:00:00";"PI";316;"2,6";"TERESINA";"Outras";"Colisão lateral";"Com Vítimas Feridas";"Pleno dia";"Crescente";"Sol";"Simples";"Reta";"Urbano";3;0;0;1;1;1;1;3
83440748;"20/02/16";"Sábado";"04:00:00";"MG";40;"738,9";"SANTOS DUMONT";"Falta de atenção";"Derramamento de Carga";"Sem Vítimas";"Plena noite";"Crescente";"Ceu Claro";"Simples";"Curva";"Rural";1;0;0;0;1;0;0;1
83440749;"19/02/16";"Sexta";"04:00:00";"MA";230;"234";"SAO DOMINGOS DO AZEITAO";"Defeito mecânico em veículo";"Incêndio";"Com Vítimas Feridas";"Amanhecer";"Crescente";"Ceu Claro";"Simples";"Reta";"Rural";1;0;0;1;0;0;1;1
83440750;"16/02/16";"Terça";"16:00:00";"PR";277;"128";"BALSA NOVA";"Outras";"Colisão lateral";"Sem Vítimas";"Pleno dia";"Decrescente";"Chuva";"Dupla";"Curva";"Urbano";2;0;0;0;2;0;0;2
83440751;"20/02/16";"Sábado";"07:15:00";"BA";110;"147";"RIBEIRA DO POMBAL";"Falta de atenção";"Colisão Transversal";"Sem Vítimas";"Pleno dia";"Crescente";"Ceu Claro";"Simples";"Reta";"Rural";2;0;0;0;2;0;0;2
83440752;"18/02/16";"Quinta";"05:40:00";"RS";116;"258";"ESTEIO";"Desobediência à sinalização";"Colisão lateral";"Sem Vítimas";"Plena noite";"Crescente";"Ceu Claro";"Simples";"Reta";"Urbano";2;0;0;0;2;0;0;2
83440753;"20/02/16";"Sábado";"08:40:00";"RS";116;"240,9";"NOVO HAMBURGO";"Falta de atenção";"Colisão lateral";"Com Vítimas Feridas";"Pleno dia";"Decrescente";"Ceu Claro";"Dupla";"Reta";"Urbano";2;0;1;0;1;0;1;2
83440754;"19/02/16";"Sexta";"18:15:00";"MT";364;"198";"RONDONOPOLIS";"Não guardar distância de segurança";"Queda de motocicleta / bicicleta / veículo";"Com Vítimas Feridas";"Pleno dia";"Decrescente";"Sol";"Simples";"Reta";"Urbano";1;0;1;0;0;0;1;1
83440755;"16/02/16";"Terça";"16:30:00";"PR";277;"130,9";"BALSA NOVA";"Velocidade incompatível";"Saída de Pista";"Sem Vítimas";"Pleno dia";"Decrescente";"Nublado";"Dupla";"Curva";"Rural";1;0;0;0;1;0;0;1
83440756;"14/02/16";"Domingo";"05:20:00";"RS";392;"1";"RIO GRANDE";"Ingestão de álcool";"Saída de Pista";"Com Vítimas Feridas";"Plena noite";"Decrescente";"Ceu Claro";"Simples";"Cruzamento";"Rural";1;0;1;0;0;0;1;1
83440757;"20/02/16";"Sábado";"00:20:00";"MT";163;"833";"SINOP";"Ingestão de álcool";"Saída de Pista";"Com Vítimas Feridas";"Plena noite";"Decrescente";"Ignorada";"Dupla";"Curva";"Urbano";1;0;1;0;0;0;1;1
83440758;"17/02/16";"Quarta";"05:50:00";"BA";407;"103";"JAGUARARI";"Outras";"Colisão traseira";"Com Vítimas Feridas";"Amanhecer";"Decrescente";"Ceu Claro";"Simples";"Reta";"Urbano";2;0;1;0;1;0;1;2
83440759;"17/02/16";"Quarta";"18:50:00";"BA";116;"420";"FEIRA DE SANTANA";"Desobediência à sinalização";"Colisão Transversal";"Com Vítimas Feridas";"Plena noite";"Crescente";"Ceu Claro";"Simples";"Reta";"Urbano";2;0;1;0;1;0;1;2
83440760;"20/02/16";"Sábado";"05:30:00";"MG";381;"802";"SAO GONCALO DO SAPUCAI";"Dormindo";"Saída de Pista";"Sem Vítimas";"Amanhecer";"Decrescente";"Nublado";"Dupla";"Reta";"Rural";1;0;0;0;1;0;0;1
83440761;"20/02/16";"Sábado";"05:40:00";"GO";364;"235,4";"JATAI";"Outras";"Tombamento";"Com Vítimas Feridas";"Amanhecer";"Decrescente";"Nublado";"Simples";"Reta";"Rural";1;0;1;0;0;0;1;1
83440762;"20/02/16";"Sábado";"06:30:00";"BA";116;"478";"RAFAEL JAMBEIRO";"Defeito mecânico em veículo";"Saída de Pista";"Sem Vítimas";"Pleno dia";"Crescente";"Nublado";"Dupla";"Reta";"Rural";1;0;0;0;1;0;0;1
83440763;"18/02/16";"Quinta";"23:10:00";"AC";364;"264";"SENA MADUREIRA";"Animais na Pista";"Atropelamento de animal";"Sem Vítimas";"Plena noite";"Decrescente";"Ceu Claro";"Simples";"Reta";"Rural";3;0;0;0;3;0;0;1
83440764;"18/02/16";"Quinta";"18:00:00";"SP";116;"456,3";"REGISTRO";"Não guardar distância de segurança";"Saída de Pista";"Sem Vítimas";"Anoitecer";"Crescente";"Ceu Claro";"Dupla";"Reta";"Rural";1;0;0;0;1;0;0;1
83440765;"20/02/16";"Sábado";"10:00:00";"PR";116;"132";"FAZENDA RIO GRANDE";"Desobediência à sinalização";"Colisão Transversal";"Com Vítimas Feridas";"Plena noite";"Crescente";"Ceu Claro";"Simples";"Reta";"Rural";7;0;3;0;4;0;3;2
83440766;"14/02/16";"Domingo";"20:45:00";"GO";60;"107,9";"GOIANAPOLIS";"Defeito mecânico em veículo";"Colisão traseira";"Com Vítimas Feridas";"Plena noite";"Crescente";"Ceu Claro";"Múltipla";"Reta";"Rural";4;0;2;1;1;0;3;2
83440767;"17/02/16";"Quarta";"15:30:00";"MG";40;"751,2";"SANTOS DUMONT";"Velocidade incompatível";"Colisão traseira";"Com Vítimas Feridas";"Pleno dia";"Crescente";"Chuva";"Simples";"Curva";"Rural";2;0;0;1;1;0;1;2
83440769;"17/02/16";"Quarta";"17:00:00";"CE";116;"2,6";"FORTALEZA";"Outras";"Colisão Transversal";"Sem Vítimas";"Pleno dia";"Decrescente";"Ceu Claro";"Múltipla";"Reta";"Urbano";2;0;0;0;2;0;0;2
83440770;"16/02/16";"Terça";"17:50:00";"MG";40;"462";"SETE LAGOAS";"Não guardar distância de segurança";"Colisão traseira";"Com Vítimas Feridas";"Pleno dia";"Decrescente";"Ceu Claro";"Dupla";"Reta";"Rural";6;0;2;0;4;0;2;2
83440771;"20/02/16";"Sábado";"09:55:00";"PR";277;"94,5";"CURITIBA";"Outras";"Queda de motocicleta / bicicleta / veículo";"Com Vítimas Feridas";"Pleno dia";"Decrescente";"Ceu Claro";"Dupla";"Reta";"Urbano";1;0;1;0;0;0;1;1
83440773;"20/02/16";"Sábado";"11:40:00";"RS";386;"230,9";"SOLEDADE";"Não guardar distância de segurança";"Colisão traseira";"Sem Vítimas";"Pleno dia";"Decrescente";"Nublado";"Simples";"Reta";"Rural";3;0;0;0;3;0;0;3
83440774;"12/02/16";"Sexta";"14:10:00";"ES";101;"66,5";"SAO MATEUS";"Falta de atenção";"Colisão Transversal";"Com Vítimas Feridas";"Pleno dia";"Crescente";"Ceu Claro";"Simples";"Reta";"Urbano";2;0;2;0;0;0;2;2
83440775;"20/01/16";"Quarta";"09:00:00";"RS";290;"126,2";"ELDORADO DO SUL";"Não guardar distância de segurança";"Saída de Pista";"Com Vítimas Feridas";"Pleno dia";"Decrescente";"Ceu Claro";"Simples";"Reta";"Rural";1;0;1;0;0;0;1;1
83440776;"19/02/16";"Sexta";"22:10:00";"RS";290;"573,9";"ALEGRETE";"Falta de atenção";"Colisão Transversal";"Sem Vítimas";"Plena noite";"Crescente";"Nublado";"Simples";"Reta";"Rural";4;0;0;0;4;0;0;2
83440777;"17/02/16";"Quarta";"19:00:00";"SP";153;"71,5";"SAO JOSE DO RIO PRETO";"Falta de atenção";"Colisão traseira";"Sem Vítimas";"Pleno dia";"Crescente";"Sol";"Simples";"Reta";"Urbano";2;0;0;0;2;0;0;2
83440778;"20/02/16";"Sábado";"08:30:00";"RS";101;"77";"OSORIO";"Falta de atenção";"Colisão Transversal";"Sem Vítimas";"Pleno dia";"Decrescente";"Nublado";"Dupla";"Reta";"Rural";2;0;0;0;2;0;0;2
83440779;"18/02/16";"Quinta";"13:10:00";"RS";116;"150,4";"CAXIAS DO SUL";"Ingestão de álcool";"Colisão traseira";"Sem Vítimas";"Pleno dia";"Decrescente";"Sol";"Múltipla";"Cruzamento";"Urbano";3;0;0;0;3;0;0;3
83440780;"20/02/16";"Sábado";"10:40:00";"RJ";116;"181";"NOVA IGUACU";"Falta de atenção";"Colisão traseira";"Com Vítimas Feridas";"Pleno dia";"Crescente";"Sol";"Múltipla";"Reta";"Urbano";4;0;1;0;2;1;1;3
83440781;"20/02/16";"Sábado";"12:30:00";"RS";290;"483";"ROSARIO DO SUL";"Falta de atenção";"Colisão Transversal";"Sem Vítimas";"Pleno dia";"Decrescente";"Ceu Claro";"Simples";"Reta";"Rural";7;0;0;0;7;0;0;2
83440782;"20/02/16";"Sábado";"10:15:00";"MT";364;"349";"SANTO ANTONIO DO LEVERGER";"Velocidade incompatível";"Tombamento";"Com Vítimas Feridas";"Pleno dia";"Crescente";"Ceu Claro";"Dupla";"Curva";"Rural";1;0;1;0;0;0;1;1
83440783;"20/02/16";"Sábado";"09:50:00";"PR";376;"177,6";"MARINGA";"Falta de atenção";"Colisão lateral";"Com Vítimas Feridas";"Pleno dia";"Crescente";"Ceu Claro";"Múltipla";"Reta";"Urbano";2;0;0;1;0;1;1;2
83440784;"20/02/16";"Sábado";"10:45:00";"RS";116;"246,4";"SAO LEOPOLDO";"Ultrapassagem indevida";"Colisão lateral";"Sem Vítimas";"Pleno dia";"Crescente";"Ceu Claro";"Dupla";"Reta";"Urbano";2;0;0;0;2;0;0;2
83440785;"20/02/16";"Sábado";"10:00:00";"PR";376;"178,3";"MARINGA";"Falta de atenção";"Colisão traseira";"Com Vítimas Feridas";"Pleno dia";"Crescente";"Sol";"Dupla";"Cruzamento";"Urbano";2;0;1;0;1;0;1;2
83440786;"19/02/16";"Sexta";"01:10:00";"PR";467;"82";"CASCAVEL";"Outras";"Capotamento";"Com Vítimas Feridas";"Plena noite";"Decrescente";"Nublado";"Dupla";"Curva";"Rural";2;0;0;2;0;0;2;1
83440787;"20/02/16";"Sábado";"11:15:00";"SC";101;"192,8";"BIGUACU";"Defeito mecânico em veículo";"Queda de motocicleta / bicicleta / veículo";"Com Vítimas Feridas";"Pleno dia";"Decrescente";"Nublado";"Dupla";"Reta";"Urbano";2;0;2;0;0;0;2;1
83440788;"20/02/16";"Sábado";"09:30:00";"MT";70;"663,9";"CACERES";"Defeito mecânico em veículo";"Incêndio";"Sem Vítimas";"Pleno dia";"Crescente";"Ceu Claro";"Simples";"Reta";"Rural";1;0;0;0;1;0;0;1
83440789;"20/02/16";"Sábado";"10:00:00";"MS";262;"549,7";"MIRANDA";"Dormindo";"Saída de Pista";"Com Vítimas Feridas";"Pleno dia";"Crescente";"Ceu Claro";"Simples";"Reta";"Rural";1;0;1;0;0;0;1;1
83440790;"16/02/16";"Terça";"09:30:00";"MG";40;"552";"NOVA LIMA";"Outras";"Capotamento";"Com Vítimas Feridas";"Pleno dia";"Crescente";"Ceu Claro";"Simples";"Reta";"Urbano";2;0;1;0;1;0;1;2
83440791;"20/02/16";"Sábado";"12:10:00";"MG";262;"358";"BETIM";"Defeito mecânico em veículo";"Queda de motocicleta / bicicleta / veículo";"Com Vítimas Feridas";"Pleno dia";"Crescente";"Ceu Claro";"Dupla";"Reta";"Rural";2;0;2;0;0;0;2;1
83440792;"15/02/16";"Segunda";"06:50:00";"ES";262;"19";"VIANA";"Outras";"Colisão lateral";"Sem Vítimas";"Pleno dia";"Crescente";"Sol";"Dupla";"Cruzamento";"Urbano";2;0;0;0;2;0;0;2
83440793;"17/02/16";"Quarta";"02:15:00";"RJ";40;"36";"TRES RIOS";"Dormindo";"Tombamento";"Sem Vítimas";"Plena noite";"Crescente";"Ceu Claro";"Dupla";"Reta";"Rural";1;0;0;0;1;0;0;1
83440794;"20/02/16";"Sábado";"09:45:00";"GO";153;"370,9";"JARAGUA";"Velocidade incompatível";"Colisão frontal";"Com Vítimas Feridas";"Pleno dia";"Decrescente";"Ceu Claro";"Simples";"Reta";"Rural";4;0;3;0;1;0;3;3
83440795;"20/02/16";"Sábado";"09:40:00";"RS";290;"122";"ELDORADO DO SUL";"Outras";"Colisão traseira";"Sem Vítimas";"Pleno dia";"Crescente";"Sol";"Simples";"Reta";"Rural";10;0;0;0;10;0;0;4
83440796;"20/02/16";"Sábado";"11:20:00";"PR";116;"17,9";"ANTONINA";"Outras";"Saída de Pista";"Ignorado";"Pleno dia";"Crescente";"Sol";"Dupla";"Reta";"Rural";1;0;0;0;0;1;0;1
83440797;"16/02/16";"Terça";"05:20:00";"ES";262;"23";"VIANA";"Defeito mecânico em veículo";"Saída de Pista";"Sem Vítimas";"Amanhecer";"Decrescente";"Ceu Claro";"Simples";"Curva";"Urbano";1;0;0;0;1;0;0;1
83440798;"20/02/16";"Sábado";"09:30:00";"MS";163;"839,2";"SONORA";"Não guardar distância de segurança";"Colisão lateral";"Com Vítimas Feridas";"Pleno dia";"Decrescente";"Ceu Claro";"Simples";"Reta";"Urbano";4;0;2;0;2;0;2;2
83440799;"20/02/16";"Sábado";"13:00:00";"MG";381;"606";"OLIVEIRA";"Defeito mecânico em veículo";"Tombamento";"Sem Vítimas";"Pleno dia";"Crescente";"Ceu Claro";"Dupla";"Reta";"Rural";1;0;0;0;1;0;0;1
83440800;"20/02/16";"Sábado";"13:05:00";"MS";163;"26,2";"MUNDO NOVO";"Outras";"Tombamento";"Com Vítimas Feridas";"Pleno dia";"Decrescente";"Sol";"Simples";"Reta";"Rural";1;0;1;0;0;0;1;1
83440801;"20/02/16";"Sábado";"02:00:00";"MS";163;"41";"ELDORADO";"Ingestão de álcool";"Colisão lateral";"Sem Vítimas";"Plena noite";"Crescente";"Ceu Claro";"Simples";"Reta";"Urbano";2;0;0;0;2;0;0;2
83440802;"20/02/16";"Sábado";"14:30:00";"RS";116;"255,7";"ESTEIO";"Defeito mecânico em veículo";"Tombamento";"Sem Vítimas";"Pleno dia";"Decrescente";"Sol";"Múltipla";"Reta";"Urbano";1;0;0;0;1;0;0;1
83440803;"20/02/16";"Sábado";"14:45:00";"RS";285;"339";"CARAZINHO";"Não guardar distância de segurança";"Colisão traseira";"Com Vítimas Feridas";"Pleno dia";"Decrescente";"Nublado";"Simples";"Reta";"Urbano";3;0;3;0;0;0;3;2
83440804;"20/02/16";"Sábado";"14:30:00";"SP";116;"147";"SAO JOSE DOS CAMPOS";"Falta de atenção";"Colisão com objeto fixo";"Sem Vítimas";"Pleno dia";"Crescente";"Ceu Claro";"Dupla";"Reta";"Urbano";1;0;0;0;1;0;0;1
83440806;"20/02/16";"Sábado";"09:50:00";"BA";101;"349";"TEOLANDIA";"Outras";"Capotamento";"Sem Vítimas";"Pleno dia";"Decrescente";"Nublado";"Simples";"Curva";"Rural";1;0;0;0;1;0;0;1