"id";"data_inversa";"dia_semana";"horario";"uf";"br";"km";"municipio";"causa_acidente";"tipo_acidente";"classificacao_acidente";"fase_dia";"sentido_via";"condicao_metereologica";"tipo_pista";"tracado_via";"uso_solo";"pessoas";"mortos";"feridos_leves";"feridos_graves";"ilesos";"ignorados";"feridos";"veiculos"
83440807;"20/02/16";"Sábado";"13:50:00";"PR";116;"165";"QUITANDINHA";"Falta de atenção";"Colisão Transversal";"Com Vítimas Feridas";"Pleno dia";"Crescente";"Sol";"Simples";"Reta";"Rural";2;0;2;0;0;0;2;2
83440808;"19/02/16";"Sexta";"15:00:00";"MG";50;"67";"UBERLANDIA";"Ingestão de álcool";"Colisão lateral";"Sem Vítimas";"Pleno dia";"Decrescente";"Ceu Claro";"Dupla";"Reta";"Urbano";2;0;0;0;2;0;0;2
83440809;"20/02/16";"Sábado";"14:30:00";"SC";470;"45";"GASPAR";"Desobediência à sinalização";"Colisão Transversal";"Sem Vítimas";"Pleno dia";"Decrescente";"Sol";"Simples";"Curva";"Urbano";2;0;0;0;1;1;0;2
83440810;"20/02/16";"Sábado";"09:00:00";"MT";70;"548";"POCONE";"Outras";"Colisão com bicicleta";"Com Vítimas Feridas";"Pleno dia";"Decrescente";"Nublado";"Simples";"Curva";"Rural";5;0;0;1;4;0;1;2
83440811;"20/02/16";"Sábado";"14:00:00";"CE";20;"317,2";"CANINDE";"Defeito mecânico em veículo";"Saída de Pista";"Sem Vítimas";"Pleno dia";"Crescente";"Ceu Claro";"Simples";"Curva";"Rural";2;0;0;0;2;0;0;2
83440812;"20/02/16";"Sábado";"14:50:00";"MG";381;"713";"CARMO DA CACHOEIRA";"Velocidade incompatível";"Capotamento";"Com Vítimas Feridas";"Pleno dia";"Crescente";"Nublado";"Dupla";"Curva";"Rural";1;0;1;0;0;0;1;1
83440813;"20/02/16";"Sábado";"12:40:00";"MA";316;"558";"CAXIAS";"Ultrapassagem indevida";"Saída de Pista";"Com Vítimas Feridas";"Pleno dia";"Decrescente";"Ceu Claro";"Simples";"Reta";"Rural";1;0;1;0;0;0;1;1
83440814;"20/02/16";"Sábado";"16:00:00";"SP";116;"288";"ITAPECERICA DA SERRA";"Não guardar distância de segurança";"Colisão lateral";"Com Vítimas Feridas";"Pleno dia";"Decrescente";"Sol";"Dupla";"Reta";"Urbano";2;0;1;0;1;0;1;2
83440815;"20/02/16";"Sábado";"16:00:00";"SC";101;"201,9";"SAO JOSE";"Outras";"Queda de motocicleta / bicicleta / veículo";"Com Vítimas Feridas";"Pleno dia";"Crescente";"Nublado";"Dupla";"Reta";"Urbano";2;0;2;0;0;0;2;1
83440816;"20/02/16";"Sábado";"16:20:00";"PR";369;"368";"CAMPO MOURAO";"Falta de atenção";"Saída de Pista";"Com Vítimas Feridas";"Pleno dia";"Crescente";"Chuva";"Simples";"Curva";"Rural";1;0;1;0;0;0;1;1
83440817;"20/02/16";"Sábado";"09:20:00";"MT";158;"0";"BARRA DO GARCAS";"Outras";"Tombamento";"Com Vítimas Feridas";"Pleno dia";"Crescente";"Sol";"Simples";"Reta";"Rural";1;0;1;0;0;0;1;1
83440818;"20/02/16";"Sábado";"11:15:00";"RN";304;"294,5";"MACAIBA";"Dormindo";"Colisão lateral";"Com Vítimas Feridas";"Pleno dia";"Crescente";"Ceu Claro";"Simples";"Reta";"Urbano";5;0;1;1;3;0;2;5
83440819;"17/02/16";"Quarta";"15:29:00";"RS";392;"16,4";"RIO GRANDE";"Falta de atenção";"Colisão traseira";"Com Vítimas Feridas";"Pleno dia";"Crescente";"Nublado";"Simples";"Reta";"Urbano";2;0;1;0;1;0;1;2
83440820;"20/02/16";"Sábado";"13:20:00";"GO";60;"6";"APARECIDA DE GOIANIA";"Falta de atenção";"Colisão Transversal";"Com Vítimas Feridas";"Pleno dia";"Crescente";"Ceu Claro";"Dupla";"Reta";"Urbano";2;0;0;1;1;0;1;2
83440821;"20/02/16";"Sábado";"14:25:00";"RS";472;"126";"TRES DE MAIO";"Velocidade incompatível";"Saída de Pista";"Com Vítimas Feridas";"Pleno dia";"Decrescente";"Chuva";"Simples";"Curva";"Rural";3;0;2;1;0;0;3;1
83440822;"16/02/16";"Terça";"19:25:00";"ES";262;"164";"IBATIBA";"Falta de atenção";"Colisão Transversal";"Com Vítimas Feridas";"Anoitecer";"Decrescente";"Ceu Claro";"Simples";"Reta";"Urbano";2;0;0;1;1;0;1;2
83440823;"20/02/16";"Sábado";"14:50:00";"SC";470;"2";"NAVEGANTES";"Outras";"Tombamento";"Com Vítimas Feridas";"Pleno dia";"Crescente";"Sol";"Simples";"Reta";"Urbano";1;0;1;0;0;0;1;1
83440826;"20/02/16";"Sábado";"15:40:00";"PB";230;"172";"CAMPINA GRANDE";"Falta de atenção";"Queda de motocicleta / bicicleta / veículo";"Com Vítimas Feridas";"Pleno dia";"Crescente";"Ceu Claro";"Simples";"Reta";"Rural";1;0;0;1;0;0;1;1
83440827;"20/02/16";"Sábado";"04:45:00";"RS";392;"681,5";"ROQUE GONZALES";"Ingestão de álcool";"Colisão lateral";"Com Vítimas Feridas";"Plena noite";"Crescente";"Ceu Claro";"Simples";"Reta";"Rural";3;0;2;0;1;0;2;2
83440828;"20/02/16";"Sábado";"14:40:00";"ES";101;"246";"SERRA";"Falta de atenção";"Colisão Transversal";"Com Vítimas Feridas";"Pleno dia";"Crescente";"Ceu Claro";"Simples";"Reta";"Rural";2;0;1;0;1;0;1;2
83440829;"20/02/16";"Sábado";"16:35:00";"SC";282;"525,2";"XAXIM";"Velocidade incompatível";"Saída de Pista";"Sem Vítimas";"Pleno dia";"Crescente";"Chuva";"Simples";"Curva";"Rural";1;0;0;0;1;0;0;1
83440830;"18/02/16";"Quinta";"21:45:00";"PR";373;"177,1";"PONTA GROSSA";"Ingestão de álcool";"Colisão Transversal";"Sem Vítimas";"Plena noite";"Decrescente";"Nublado";"Simples";"Reta";"Urbano";3;0;0;0;2;1;0;3
83440831;"20/02/16";"Sábado";"15:40:00";"MT";364;"585";"DIAMANTINO";"Outras";"Capotamento";"Com Vítimas Feridas";"Pleno dia";"Decrescente";"Chuva";"Dupla";"Reta";"Rural";1;0;1;0;0;0;1;1
83440832;"20/02/16";"Sábado";"09:30:00";"RS";472;"485";"ITAQUI";"Dormindo";"Saída de Pista";"Com Vítimas Feridas";"Pleno dia";"Decrescente";"Nublado";"Simples";"Reta";"Rural";4;0;4;0;0;0;4;1
83440833;"20/02/16";"Sábado";"08:10:00";"PA";230;"618";"VITORIA DO XINGU";"Falta de atenção";"Colisão lateral";"Com Vítimas Feridas";"Pleno dia";"Decrescente";"Nublado";"Simples";"Reta";"Rural";4;0;4;0;0;0;4;2
83440834;"20/02/16";"Sábado";"12:30:00";"MA";10;"222,8";"GOVERNADOR EDISON LOBAO";"Dormindo";"Colisão frontal";"Com Vítimas Feridas";"Pleno dia";"Decrescente";"Ceu Claro";"Simples";"Reta";"Rural";2;0;0;1;1;0;1;2
83440835;"14/02/16";"Domingo";"06:30:00";"SE";101;"161,5";"SANTA LUZIA DO ITANHY";"Defeito mecânico em veículo";"Capotamento";"Sem Vítimas";"Amanhecer";"Decrescente";"Ceu Claro";"Simples";"Reta";"Rural";1;0;0;0;1;0;0;1
83440836;"20/02/16";"Sábado";"09:50:00";"ES";101;"136,5";"LINHARES";"Falta de atenção";"Queda de motocicleta / bicicleta / veículo";"Com Vítimas Feridas";"Pleno dia";"Crescente";"Sol";"Simples";"Reta";"Rural";1;0;1;0;0;0;1;1
83440837;"20/02/16";"Sábado";"16:05:00";"PE";232;"74,3";"GRAVATA";"Falta de atenção";"Colisão traseira";"Com Vítimas Feridas";"Pleno dia";"Crescente";"Sol";"Dupla";"Reta";"Rural";7;0;1;0;5;1;1;3
83440838;"20/02/16";"Sábado";"10:25:00";"GO";153;"124,8";"ESTRELA DO NORTE";"Ultrapassagem indevida";"Colisão frontal";"Com Vítimas Fatais";"Pleno dia";"Decrescente";"Sol";"Simples";"Reta";"Rural";2;1;1;0;0;0;1;2
83440839;"20/02/16";"Sábado";"17:15:00";"BA";110;"1,5";"PAULO AFONSO";"Falta de atenção";"Colisão Transversal";"Com Vítimas Feridas";"Pleno dia";"Decrescente";"Sol";"Simples";"Reta";"Rural";2;0;0;1;1;0;1;2
83440840;"20/02/16";"Sábado";"14:40:00";"SC";280;"83,6";"CORUPA";"Falta de atenção";"Colisão lateral";"Com Vítimas Feridas";"Pleno dia";"Decrescente";"Ceu Claro";"Simples";"Reta";"Urbano";4;0;1;2;1;0;3;3
83440841;"20/02/16";"Sábado";"15:40:00";"RS";116;"152,8";"CAXIAS DO SUL";"Não guardar distância de segurança";"Colisão traseira";"Sem Vítimas";"Pleno dia";"Crescente";"Nublado";"Simples";"Reta";"Urbano";3;0;0;0;3;0;0;3
83440842;"20/02/16";"Sábado";"14:35:00";"SE";101;"111,2";"ITAPORANGA DAJUDA";"Falta de atenção";"Queda de motocicleta / bicicleta / veículo";"Com Vítimas Feridas";"Pleno dia";"Decrescente";"Ceu Claro";"Dupla";"Reta";"Urbano";1;0;0;1;0;0;1;1
83440843;"20/02/16";"Sábado";"15:30:00";"MG";116;"414,5";"GOVERNADOR VALADARES";"Outras";"Queda de motocicleta / bicicleta / veículo";"Com Vítimas Feridas";"Pleno dia";"Crescente";"Ceu Claro";"Simples";"Reta";"Urbano";2;0;1;0;1;0;1;2
83440844;"20/02/16";"Sábado";"14:15:00";"MT";163;"561,1";"NOVA MUTUM";"Outras";"Saída de Pista";"Sem Vítimas";"Pleno dia";"Crescente";"Nublado";"Simples";"Reta";"Rural";2;0;0;0;2;0;0;1
83440845;"17/02/16";"Quarta";"02:30:00";"SP";116;"146,5";"SAO JOSE DOS CAMPOS";"Dormindo";"Colisão traseira";"Com Vítimas Feridas";"Plena noite";"Crescente";"Ceu Claro";"Múltipla";"Reta";"Urbano";5;0;4;0;1;0;4;2
83440846;"20/02/16";"Sábado";"08:50:00";"MT";163;"561";"NOVA MUTUM";"Falta de atenção";"Tombamento";"Sem Vítimas";"Pleno dia";"Decrescente";"Ceu Claro";"Simples";"Reta";"Rural";1;0;0;0;1;0;0;1
83440847;"20/02/16";"Sábado";"17:15:00";"MG";153;"186";"FRUTAL";"Outras";"Tombamento";"Sem Vítimas";"Pleno dia";"Crescente";"Nublado";"Simples";"Reta";"Rural";1;0;0;0;1;0;0;1
83440848;"20/02/16";"Sábado";"15:05:00";"MG";262;"871,5";"CAMPO FLORIDO";"Dormindo";"Saída de Pista";"Com Vítimas Feridas";"Pleno dia";"Crescente";"Ceu Claro";"Dupla";"Reta";"Rural";1;0;1;0;0;0;1;1
83440849;"12/02/16";"Sexta";"15:30:00";"GO";158;"270";"JATAI";"Falta de atenção";"Colisão lateral";"Com Vítimas Feridas";"Pleno dia";"Decrescente";"Nublado";"Simples";"Cruzamento";"Urbano";2;0;1;0;1;0;1;2
83440850;"20/02/16";"Sábado";"10:00:00";"MG";40;"565";"NOVA LIMA";"Falta de atenção";"Colisão Transversal";"Com Vítimas Fatais";"Pleno dia";"Crescente";"Sol";"Simples";"Reta";"Urbano";3;1;0;1;1;0;1;3
83440851;"07/02/16";"Domingo";"18:04:00";"MT";364;"266";"JACIARA";"Desobediência à sinalização";"Queda de motocicleta / bicicleta / veículo";"Com Vítimas Feridas";"Pleno dia";"Decrescente";"Ceu Claro";"Simples";"Reta";"Rural";1;0;1;0;0;0;1;1
83440852;"20/02/16";"Sábado";"16:15:00";"PR";277;"590";"CASCAVEL";"Falta de atenção";"Saída de Pista";"Com Vítimas Feridas";"Pleno dia";"Crescente";"Chuva";"Simples";"Reta";"Urbano";2;0;0;1;1;0;1;1
83440853;"20/02/16";"Sábado";"14:00:00";"SP";116;"385";"MIRACATU";"Falta de atenção";"Queda de motocicleta / bicicleta / veículo";"Com Vítimas Feridas";"Pleno dia";"Crescente";"Ceu Claro";"Dupla";"Reta";"Rural";1;0;1;0;0;0;1;1
83440854;"20/02/16";"Sábado";"15:40:00";"MG";135;"410,9";"BOCAIUVA";"Defeito mecânico em veículo";"Colisão Transversal";"Sem Vítimas";"Pleno dia";"Crescente";"Sol";"Múltipla";"Reta";"Urbano";3;0;0;0;3;0;0;3
83440855;"20/02/16";"Sábado";"13:00:00";"MA";316;"578";"CAXIAS";"Falta de atenção";"Colisão lateral";"Sem Vítimas";"Pleno dia";"Crescente";"Sol";"Simples";"Reta";"Urbano";3;0;0;0;3;0;0;3
83440856;"20/02/16";"Sábado";"17:00:00";"RS";101;"35";"TRES CACHOEIRAS";"Falta de atenção";"Colisão lateral";"Sem Vítimas";"Pleno dia";"Decrescente";"Nublado";"Dupla";"Reta";"Rural";3;0;0;0;2;1;0;3
83440857;"20/02/16";"Sábado";"17:45:00";"MG";381;"359";"JOAO MONLEVADE";"Desobediência à sinalização";"Colisão Transversal";"Com Vítimas Feridas";"Pleno dia";"Crescente";"Ceu Claro";"Simples";"Curva";"Urbano";2;0;1;0;1;0;1;2
83440858;"05/02/16";"Sexta";"18:00:00";"BA";116;"665";"JEQUIE";"Ultrapassagem indevida";"Colisão lateral";"Sem Vítimas";"Plena noite";"Crescente";"Ceu Claro";"Simples";"Reta";"Rural";3;0;0;0;3;0;0;2
83440859;"16/02/16";"Terça";"19:15:00";"RO";364;"236,8";"CACOAL";"Falta de atenção";"Colisão Transversal";"Com Vítimas Feridas";"Plena noite";"Decrescente";"Nublado";"Simples";"Reta";"Urbano";2;0;1;0;1;0;1;2
83440860;"16/02/16";"Terça";"14:30:00";"BA";101;"212";"GOVERNADOR MANGABEIRA";"Outras";"Colisão Transversal";"Com Vítimas Feridas";"Pleno dia";"Crescente";"Ceu Claro";"Simples";"Reta";"Rural";2;0;1;0;0;1;1;2
83440861;"20/02/16";"Sábado";"19:30:00";"SC";280;"57";"GUARAMIRIM";"Falta de atenção";"Colisão lateral";"Com Vítimas Feridas";"Anoitecer";"Crescente";"Chuva";"Simples";"Reta";"Urbano";3;0;1;0;2;0;1;2
83440862;"20/02/16";"Sábado";"04:40:00";"SE";101;"87";"NOSSA SENHORA DO SOCORRO";"Defeito mecânico em veículo";"Saída de Pista";"Sem Vítimas";"Amanhecer";"Crescente";"Ceu Claro";"Dupla";"Reta";"Rural";1;0;0;0;1;0;0;1
83440863;"20/02/16";"Sábado";"14:50:00";"MG";365;"631";"UBERLANDIA";"Desobediência à sinalização";"Colisão Transversal";"Com Vítimas Feridas";"Pleno dia";"Crescente";"Ceu Claro";"Dupla";"Curva";"Urbano";2;0;1;0;1;0;1;2
83440864;"20/02/16";"Sábado";"13:00:00";"MG";262;"380";"JUATUBA";"Outras";"Queda de motocicleta / bicicleta / veículo";"Com Vítimas Feridas";"Pleno dia";"Decrescente";"Ceu Claro";"Dupla";"Curva";"Rural";1;0;1;0;0;0;1;1
83440865;"20/02/16";"Sábado";"14:45:00";"MS";163;"709,9";"RIO VERDE DE MATO GROSSO";"Não guardar distância de segurança";"Colisão traseira";"Sem Vítimas";"Pleno dia";"Decrescente";"Ceu Claro";"Simples";"Reta";"Rural";4;0;0;0;4;0;0;4
83440866;"20/02/16";"Sábado";"11:10:00";"BA";101;"263";"SANTO ANTONIO DE JESUS";"Outras";"Colisão lateral";"Com Vítimas Feridas";"Pleno dia";"Decrescente";"Ceu Claro";"Simples";"Reta";"Urbano";2;0;1;0;0;1;1;2
83440867;"14/02/16";"Domingo";"18:30:00";"PE";428;"137";"LAGOA GRANDE";"Outras";"Capotamento";"Com Vítimas Feridas";"Plena noite";"Crescente";"Chuva";"Simples";"Reta";"Rural";1;0;1;0;0;0;1;1
83440868;"20/02/16";"Sábado";"16:20:00";"MG";365;"630,5";"UBERLANDIA";"Outras";"Saída de Pista";"Com Vítimas Feridas";"Pleno dia";"Decrescente";"Ceu Claro";"Dupla";"Curva";"Urbano";1;0;1;0;0;0;1;1
83440869;"20/02/16";"Sábado";"15:10:00";"PI";343;"12";"PARNAIBA";"Desobediência à sinalização";"Colisão Transversal";"Sem Vítimas";"Pleno dia";"Crescente";"Nublado";"Simples";"Reta";"Urbano";2;0;0;0;1;1;0;2
83440871;"20/02/16";"Sábado";"18:20:00";"PR";376;"182,7";"SARANDI";"Outras";"Atropelamento de pessoa";"Com Vítimas Feridas";"Pleno dia";"Crescente";"Ceu Claro";"Múltipla";"Reta";"Urbano";3;0;1;0;2;0;1;1
83440872;"20/02/16";"Sábado";"18:00:00";"SC";470;"7";"NAVEGANTES";"Ingestão de álcool";"Queda de motocicleta / bicicleta / veículo";"Com Vítimas Feridas";"Anoitecer";"Crescente";"Nublado";"Simples";"Reta";"Urbano";1;0;1;0;0;0;1;1
83440873;"20/02/16";"Sábado";"10:10:00";"MG";381;"405";"BOM JESUS DO AMPARO";"Falta de atenção";"Colisão traseira";"Com Vítimas Feridas";"Pleno dia";"Crescente";"Ceu Claro";"Simples";"Reta";"Rural";2;0;1;0;1;0;1;2
83440874;"20/02/16";"Sábado";"19:50:00";"MG";50;"47";"ARAGUARI";"Velocidade incompatível";"Capotamento";"Com Vítimas Feridas";"Anoitecer";"Decrescente";"Nublado";"Dupla";"Reta";"Rural";1;0;1;0;0;0;1;1
83440875;"20/02/16";"Sábado";"14:55:00";"PR";277;"356,2";"GUARAPUAVA";"Falta de atenção";"Colisão Transversal";"Com Vítimas Feridas";"Pleno dia";"Decrescente";"Nublado";"Simples";"Reta";"Rural";2;0;0;1;1;0;1;2
83440876;"20/02/16";"Sábado";"18:05:00";"SC";470;"13";"NAVEGANTES";"Falta de atenção";"Colisão Transversal";"Com Vítimas Feridas";"Pleno dia";"Crescente";"Ceu Claro";"Simples";"Reta";"Rural";3;0;0;1;0;2;1;2
83440877;"20/02/16";"Sábado";"15:20:00";"SC";101;"158";"PORTO BELO";"Falta de atenção";"Colisão lateral";"Com Vítimas Feridas";"Pleno dia";"Decrescente";"Ceu Claro";"Dupla";"Reta";"Rural";5;0;5;0;0;0;5;2
83440878;"20/02/16";"Sábado";"20:30:00";"SC";280;"4,8";"SAO FRANCISCO DO SUL";"Outras";"Atropelamento de pessoa";"Com Vítimas Feridas";"Plena noite";"Crescente";"Chuva";"Simples";"Reta";"Urbano";2;0;1;0;1;0;1;1
83440879;"20/02/16";"Sábado";"16:30:00";"MS";267;"440";"JARDIM";"Outras";"Colisão Transversal";"Com Vítimas Fatais";"Anoitecer";"Crescente";"Ceu Claro";"Simples";"Curva";"Rural";2;1;0;0;1;0;0;2
83440880;"20/02/16";"Sábado";"18:30:00";"SC";101;"153";"PORTO BELO";"Velocidade incompatível";"Colisão com objeto fixo";"Sem Vítimas";"Anoitecer";"Crescente";"Chuva";"Dupla";"Reta";"Rural";1;0;0;0;1;0;0;1
83440881;"20/02/16";"Sábado";"09:20:00";"SC";280;"54,7";"GUARAMIRIM";"Não guardar distância de segurança";"Colisão traseira";"Com Vítimas Feridas";"Pleno dia";"Crescente";"Sol";"Simples";"Reta";"Urbano";2;0;1;0;1;0;1;2
83440882;"20/02/16";"Sábado";"17:20:00";"PI";316;"312";"PICOS";"Falta de atenção";"Colisão lateral";"Com Vítimas Feridas";"Pleno dia";"Decrescente";"Ceu Claro";"Múltipla";"Reta";"Urbano";2;0;0;1;1;0;1;2
83440883;"20/02/16";"Sábado";"08:20:00";"TO";153;"136,7";"ARAGUAINA";"Outras";"Saída de Pista";"Sem Vítimas";"Pleno dia";"Decrescente";"Ceu Claro";"Dupla";"Curva";"Rural";2;0;0;0;2;0;0;1
83440884;"20/02/16";"Sábado";"17:30:00";"ES";101;"261";"SERRA";"Não guardar distância de segurança";"Colisão traseira";"Sem Vítimas";"Anoitecer";"Decrescente";"Sol";"Dupla";"Reta";"Urbano";2;0;0;0;2;0;0;2
83440885;"20/02/16";"Sábado";"17:30:00";"RS";290;"720";"URUGUAIANA";"Falta de atenção";"Colisão lateral";"Com Vítimas Feridas";"Pleno dia";"Crescente";"Ceu Claro";"Simples";"Curva";"Urbano";2;0;1;0;0;1;1;2
83440886;"20/02/16";"Sábado";"21:00:00";"RJ";101;"317";"SAO GONCALO";"Outras";"Colisão com objeto fixo";"Ignorado";"Plena noite";"Crescente";"Chuva";"Dupla";"Reta";"Urbano";1;0;0;0;0;1;0;1
83440887;"20/02/16";"Sábado";"19:00:00";"SC";470;"51";"BLUMENAU";"Velocidade incompatível";"Colisão traseira";"Sem Vítimas";"Anoitecer";"Crescente";"Chuva";"Simples";"Reta";"Rural";4;0;0;0;3;1;0;4
83440888;"20/02/16";"Sábado";"11:20:00";"ES";259;"45,4";"COLATINA";"Ingestão de álcool";"Capotamento";"Com Vítimas Feridas";"Pleno dia";"Decrescente";"Sol";"Simples";"Reta";"Urbano";3;0;3;0;0;0;3;1
83440889;"20/02/16";"Sábado";"16:45:00";"RS";116;"266,2";"CANOAS";"Falta de atenção";"Atropelamento de pessoa";"Com Vítimas Fatais";"Pleno dia";"Crescente";"Ceu Claro";"Simples";"Reta";"Urbano";2;1;0;0;1;0;0;1
83440890;"20/02/16";"Sábado";"18:15:00";"BA";101;"858";"TEIXEIRA DE FREITAS";"Outras";"Colisão traseira";"Sem Vítimas";"Anoitecer";"Crescente";"Ceu Claro";"Simples";"Reta";"Rural";2;0;0;0;2;0;0;2
83440891;"20/02/16";"Sábado";"18:45:00";"PI";343;"349";"TERESINA";"Desobediência à sinalização";"Colisão lateral";"Com Vítimas Feridas";"Plena noite";"Decrescente";"Nublado";"Simples";"Reta";"Urbano";2;0;1;0;1;0;1;2
83440892;"20/02/16";"Sábado";"18:15:00";"GO";40;"1,1";"VALPARAISO DE GOIAS";"Não guardar distância de segurança";"Colisão traseira";"Com Vítimas Feridas";"Pleno dia";"Decrescente";"Sol";"Dupla";"Reta";"Urbano";5;0;2;0;3;0;2;3
83440893;"20/02/16";"Sábado";"17:50:00";"BA";116;"933";"ENCRUZILHADA";"Ultrapassagem indevida";"Saída de Pista";"Com Vítimas Feridas";"Pleno dia";"Crescente";"Ceu Claro";"Simples";"Curva";"Rural";2;0;2;0;0;0;2;1
83440894;"20/02/16";"Sábado";"09:40:00";"RO";364;"148";"PIMENTA BUENO";"Outras";"Saída de Pista";"Sem Vítimas";"Pleno dia";"Crescente";"Nublado";"Simples";"Reta";"Rural";1;0;0;0;1;0;0;1
83440895;"20/02/16";"Sábado";"18:00:00";"SC";280;"58,8";"JARAGUA DO SUL";"Falta de atenção";"Colisão frontal";"Com Vítimas Feridas";"Pleno dia";"Crescente";"Chuva";"Simples";"Reta";"Urbano";4;0;2;0;2;0;2;2
83440896;"20/02/16";"Sábado";"10:00:00";"MG";381;"938";"EXTREMA";"Velocidade incompatível";"Queda de motocicleta / bicicleta / veículo";"Com Vítimas Feridas";"Pleno dia";"Decrescente";"Ceu Claro";"Dupla";"Curva";"Rural";1;0;1;0;0;0;1;1
83440897;"20/02/16";"Sábado";"20:20:00";"ES";101;"291";"CARIACICA";"Desobediência à sinalização";"Colisão Transversal";"Com Vítimas Feridas";"Plena noite";"Decrescente";"Ceu Claro";"Múltipla";"Cruzamento";"Urbano";3;0;0;2;1;0;2;2
83440898;"20/02/16";"Sábado";"17:40:00";"RN";101;"73";"EXTREMOZ";"Outras";"Capotamento";"Com Vítimas Feridas";"Anoitecer";"Crescente";"Ceu Claro";"Simples";"Reta";"Rural";3;0;2;1;0;0;3;2
83440899;"20/02/16";"Sábado";"20:30:00";"PR";277;"232,4";"FERNANDES PINHEIRO";"Falta de atenção";"Colisão Transversal";"Com Vítimas Feridas";"Plena noite";"Decrescente";"Nublado";"Simples";"Reta";"Rural";2;0;0;1;1;0;1;2
83440900;"20/02/16";"Sábado";"09:20:00";"PR";277;"332,5";"GUARAPUAVA";"Ultrapassagem indevida";"Colisão frontal";"Com Vítimas Fatais";"Pleno dia";"Decrescente";"Ceu Claro";"Simples";"Reta";"Rural";3;1;1;1;0;0;2;2
83440901;"20/02/16";"Sábado";"14:20:00";"PR";116;"28";"CAMPINA GRANDE DO SUL";"Outras";"Tombamento";"Sem Vítimas";"Pleno dia";"Decrescente";"Nublado";"Dupla";"Reta";"Urbano";1;0;0;0;1;0;0;1
83440902;"20/02/16";"Sábado";"21:00:00";"MG";381;"483";"BETIM";"Outras";"Queda de motocicleta / bicicleta / veículo";"Com Vítimas Feridas";"Plena noite";"Crescente";"Ceu Claro";"Dupla";"Curva";"Urbano";2;0;2;0;0;0;2;1
83440903;"20/02/16";"Sábado";"18:10:00";"SC";282;"223,7";"LAGES";"Desobediência à sinalização";"Colisão frontal";"Sem Vítimas";"Pleno dia";"Decrescente";"Ceu Claro";"Simples";"Reta";"Urbano";2;0;0;0;2;0;0;2
83440904;"20/02/16";"Sábado";"15:00:00";"RN";110;"112,1";"CAMPO GRANDE";"Outras";"Saída de Pista";"Com Vítimas Feridas";"Pleno dia";"Decrescente";"Ceu Claro";"Simples";"Curva";"Rural";2;0;0;2;0;0;2;1
83440905;"20/02/16";"Sábado";"22:10:00";"RJ";101;"301";"SAO GONCALO";"Outras";"Colisão traseira";"Sem Vítimas";"Plena noite";"Crescente";"Chuva";"Dupla";"Reta";"Urbano";2;0;0;0;2;0;0;2
83440906;"20/02/16";"Sábado";"21:04:00";"SP";153;"56,4";"SAO JOSE DO RIO PRETO";"Falta de atenção";"Colisão traseira";"Sem Vítimas";"Plena noite";"Decrescente";"Ceu Claro";"Simples";"Reta";"Urbano";3;0;0;0;3;0;0;3
83440907;"20/02/16";"Sábado";"21:00:00";"BA";324;"615";"SALVADOR";"Falta de atenção";"Colisão traseira";"Com Vítimas Feridas";"Plena noite";"Crescente";"Ceu Claro";"Dupla";"Reta";"Urbano";2;0;1;0;1;0;1;2
83440908;"20/02/16";"Sábado";"20:00:00";"PR";277;"105";"CAMPO LARGO";"Falta de atenção";"Colisão frontal";"Com Vítimas Feridas";"Plena noite";"Decrescente";"Chuva";"Dupla";"Reta";"Urbano";2;0;1;0;1;0;1;2
83440909;"20/02/16";"Sábado";"20:00:00";"GO";452;"183,7";"ITUMBIARA";"Outras";"Colisão lateral";"Com Vítimas Feridas";"Anoitecer";"Crescente";"Ignorada";"Simples";"Curva";"Rural";3;0;1;0;2;0;1;2
83440910;"20/02/16";"Sábado";"22:30:00";"SC";101;"203";"SAO JOSE";"Outras";"Queda de motocicleta / bicicleta / veículo";"Com Vítimas Feridas";"Plena noite";"Crescente";"Chuva";"Dupla";"Reta";"Urbano";1;0;1;0;0;0;1;1
83440911;"20/02/16";"Sábado";"07:20:00";"ES";101;"229";"SERRA";"Outras";"Queda de motocicleta / bicicleta / veículo";"Com Vítimas Feridas";"Pleno dia";"Crescente";"Ceu Claro";"Simples";"Reta";"Urbano";1;0;0;1;0;0;1;1
83440912;"20/02/16";"Sábado";"22:55:00";"SC";101;"199";"SAO JOSE";"Outras";"Colisão Transversal";"Com Vítimas Feridas";"Plena noite";"Decrescente";"Chuva";"Dupla";"Reta";"Urbano";2;0;1;0;1;0;1;2
83440913;"20/02/16";"Sábado";"21:00:00";"PR";369;"185";"ARAPONGAS";"Ingestão de álcool";"Colisão traseira";"Sem Vítimas";"Plena noite";"Crescente";"Chuva";"Simples";"Cruzamento";"Urbano";2;0;0;0;2;0;0;2
83440914;"20/02/16";"Sábado";"09:30:00";"MG";40;"546";"NOVA LIMA";"Outras";"Queda de motocicleta / bicicleta / veículo";"Com Vítimas Feridas";"Pleno dia";"Decrescente";"Ceu Claro";"Dupla";"Curva";"Urbano";1;0;1;0;0;0;1;1
83440915;"20/02/16";"Sábado";"21:30:00";"PE";407;"109,7";"PETROLINA";"Animais na Pista";"Atropelamento de animal";"Com Vítimas Fatais";"Plena noite";"Decrescente";"Ceu Claro";"Simples";"Reta";"Rural";2;1;1;0;0;0;1;1
83440916;"20/02/16";"Sábado";"14:40:00";"GO";70;"45,7";"COCALZINHO DE GOIAS";"Falta de atenção";"Saída de Pista";"Com Vítimas Fatais";"Pleno dia";"Decrescente";"Nublado";"Simples";"Reta";"Rural";5;2;0;3;0;0;3;1