"id";"data_inversa";"dia_semana";"horario";"uf";"br";"km";"municipio";"causa_acidente";"tipo_acidente";"classificacao_acidente";"fase_dia";"sentido_via";"condicao_metereologica";"tipo_pista";"tracado_via";"uso_solo";"pessoas";"mortos";"feridos_leves";"feridos_graves";"ilesos";"ignorados";"feridos";"veiculos"
83441026;"21/02/16";"Domingo";"00:40:00";"CE";20;"201";"BOA VIAGEM";"Falta de atenção";"Colisão traseira";"Com Vítimas Fatais";"Plena noite";"Decrescente";"Ceu Claro";"Simples";"Reta";"Rural";2;1;0;0;0;1;0;2
83441027;"08/01/16";"Sexta";"17:00:00";"RJ";40;"121";"DUQUE DE CAXIAS";"Falta de atenção";"Colisão com bicicleta";"Com Vítimas Fatais";"Pleno dia";"Crescente";"Ceu Claro";"Simples";"Reta";"Urbano";2;1;0;0;1;0;0;2
83441028;"21/02/16";"Domingo";"07:20:00";"PR";476;"140,8";"CURITIBA";"Ingestão de álcool";"Colisão traseira";"Sem Vítimas";"Pleno dia";"Decrescente";"Nublado";"Múltipla";"Reta";"Urbano";2;0;0;0;2;0;0;2
83441029;"17/02/16";"Quarta";"15:00:00";"BA";324;"619";"SALVADOR";"Defeito mecânico em veículo";"Colisão com objeto móvel";"Com Vítimas Feridas";"Pleno dia";"Decrescente";"Ceu Claro";"Múltipla";"Reta";"Urbano";2;0;1;0;1;0;1;2
83441030;"21/02/16";"Domingo";"08:10:00";"PB";101;"122,6";"CAAPORA";"Defeito na via";"Capotamento";"Com Vítimas Feridas";"Pleno dia";"Crescente";"Chuva";"Dupla";"Curva";"Rural";1;0;1;0;0;0;1;1
83441031;"17/02/16";"Quarta";"23:10:00";"PE";232;"153,5";"SAO CAITANO";"Dormindo";"Colisão Transversal";"Com Vítimas Feridas";"Plena noite";"Crescente";"Nublado";"Simples";"Reta";"Rural";2;0;0;1;1;0;1;2
83441032;"17/02/16";"Quarta";"19:30:00";"PR";272;"412";"JANIOPOLIS";"Outras";"Capotamento";"Com Vítimas Feridas";"Pleno dia";"Crescente";"Chuva";"Simples";"Reta";"Rural";1;0;0;1;0;0;1;1
83441033;"17/02/16";"Quarta";"16:10:00";"MG";40;"599";"CONGONHAS";"Outras";"Colisão Transversal";"Sem Vítimas";"Pleno dia";"Decrescente";"Ceu Claro";"Simples";"Reta";"Rural";3;0;0;0;3;0;0;3
83441034;"19/02/16";"Sexta";"20:40:00";"MS";158;"55,7";"PARANAIBA";"Velocidade incompatível";"Tombamento";"Com Vítimas Fatais";"Plena noite";"Crescente";"Chuva";"Simples";"Curva";"Rural";1;1;0;0;0;0;0;1
83441035;"21/02/16";"Domingo";"07:40:00";"RS";386;"436,3";"NOVA SANTA RITA";"Outras";"Colisão traseira";"Com Vítimas Feridas";"Pleno dia";"Crescente";"Sol";"Dupla";"Reta";"Rural";2;0;1;0;1;0;1;2
83441036;"21/02/16";"Domingo";"08:15:00";"PR";116;"91";"PIRAQUARA";"Falta de atenção";"Colisão traseira";"Sem Vítimas";"Pleno dia";"Crescente";"Nublado";"Dupla";"Reta";"Rural";2;0;0;0;2;0;0;2
83441037;"21/02/16";"Domingo";"09:30:00";"PA";230;"626";"ALTAMIRA";"Outras";"Queda de motocicleta / bicicleta / veículo";"Com Vítimas Feridas";"Pleno dia";"Crescente";"Ceu Claro";"Simples";"Curva";"Urbano";1;0;1;0;0;0;1;1
83441038;"21/02/16";"Domingo";"10:00:00";"PR";469;"15";"FOZ DO IGUACU";"Falta de atenção";"Colisão Transversal";"Com Vítimas Feridas";"Pleno dia";"Decrescente";"Nublado";"Múltipla";"Cruzamento";"Urbano";2;0;2;0;0;0;2;2
83441040;"21/02/16";"Domingo";"07:00:00";"PI";316;"2,3";"TERESINA";"Ingestão de álcool";"Colisão com bicicleta";"Com Vítimas Feridas";"Pleno dia";"Crescente";"Ceu Claro";"Múltipla";"Reta";"Urbano";2;0;0;1;1;0;1;2
83441041;"21/02/16";"Domingo";"01:45:00";"SC";280;"129,5";"RIO NEGRINHO";"Outras";"Queda de motocicleta / bicicleta / veículo";"Com Vítimas Feridas";"Plena noite";"Crescente";"Ceu Claro";"Simples";"Reta";"Urbano";3;0;1;1;0;1;2;2
83441042;"21/02/16";"Domingo";"09:45:00";"MG";381;"919";"CAMANDUCAIA";"Velocidade incompatível";"Saída de Pista";"Sem Vítimas";"Pleno dia";"Crescente";"Chuva";"Dupla";"Curva";"Rural";1;0;0;0;1;0;0;1
83441043;"17/02/16";"Quarta";"17:30:00";"MG";50;"177,6";"UBERABA";"Velocidade incompatível";"Colisão com objeto fixo";"Sem Vítimas";"Pleno dia";"Crescente";"Chuva";"Dupla";"Reta";"Urbano";3;0;0;0;3;0;0;2
83441044;"21/02/16";"Domingo";"09:20:00";"RJ";116;"137";"DUQUE DE CAXIAS";"Outras";"Queda de motocicleta / bicicleta / veículo";"Com Vítimas Feridas";"Pleno dia";"Decrescente";"Ceu Claro";"Dupla";"Reta";"Urbano";1;0;1;0;0;0;1;1
83441045;"20/02/16";"Sábado";"14:40:00";"MG";262;"579";"CORREGO DANTA";"Outras";"Colisão traseira";"Sem Vítimas";"Pleno dia";"Decrescente";"Nublado";"Simples";"Reta";"Rural";2;0;0;0;2;0;0;2
83441046;"17/02/16";"Quarta";"06:00:00";"MG";50;"138";"UBERABA";"Outras";"Colisão com objeto fixo";"Sem Vítimas";"Amanhecer";"Crescente";"Nublado";"Dupla";"Reta";"Rural";1;0;0;0;1;0;0;1
83441047;"19/02/16";"Sexta";"07:50:00";"SP";116;"394,6";"MIRACATU";"Velocidade incompatível";"Colisão com objeto fixo";"Com Vítimas Feridas";"Pleno dia";"Decrescente";"Sol";"Dupla";"Curva";"Rural";1;0;1;0;0;0;1;1
83441048;"18/02/16";"Quinta";"06:40:00";"SP";116;"229";"SAO PAULO";"Falta de atenção";"Colisão traseira";"Sem Vítimas";"Amanhecer";"Crescente";"Ceu Claro";"Múltipla";"Reta";"Urbano";4;0;0;0;2;2;0;4
83441049;"20/02/16";"Sábado";"12:00:00";"PA";163;"433,3";"ITAITUBA";"Velocidade incompatível";"Tombamento";"Com Vítimas Feridas";"Pleno dia";"Crescente";"Ceu Claro";"Simples";"Curva";"Rural";1;0;1;0;0;0;1;1
83441050;"21/02/16";"Domingo";"05:30:00";"RN";110;"5";"AREIA BRANCA";"Outras";"Colisão traseira";"Com Vítimas Feridas";"Amanhecer";"Decrescente";"Ceu Claro";"Simples";"Reta";"Rural";2;0;0;1;0;1;1;2
83441051;"18/02/16";"Quinta";"04:40:00";"RO";364;"614";"ITAPUÃ DO OESTE";"Outras";"Saída de Pista";"Sem Vítimas";"Amanhecer";"Decrescente";"Chuva";"Simples";"Reta";"Rural";1;0;0;0;1;0;0;1
83441052;"15/02/16";"Segunda";"21:30:00";"RJ";493;"3";"ITABORAI";"Outras";"Atropelamento de pessoa";"Com Vítimas Fatais";"Plena noite";"Crescente";"Chuva";"Simples";"Reta";"Urbano";2;1;0;0;1;0;0;1
83441053;"21/02/16";"Domingo";"10:10:00";"RJ";116;"242,7";"PIRAI";"Outras";"Colisão com objeto fixo";"Sem Vítimas";"Pleno dia";"Crescente";"Nublado";"Dupla";"Reta";"Rural";1;0;0;0;1;0;0;1
83441055;"21/02/16";"Domingo";"08:40:00";"PE";101;"85";"CABO DE SANTO AGOSTINHO";"Outras";"Colisão lateral";"Com Vítimas Feridas";"Pleno dia";"Crescente";"Ceu Claro";"Simples";"Reta";"Rural";3;0;1;0;2;0;1;2
83441056;"21/02/16";"Domingo";"09:00:00";"MS";163;"465";"CAMPO GRANDE";"Falta de atenção";"Colisão Transversal";"Sem Vítimas";"Pleno dia";"Decrescente";"Nublado";"Simples";"Reta";"Rural";6;0;0;0;6;0;0;2
83441057;"21/02/16";"Domingo";"01:30:00";"MG";364;"0";"PLANURA";"Dormindo";"Saída de Pista";"Sem Vítimas";"Plena noite";"Decrescente";"Ceu Claro";"Simples";"Reta";"Rural";2;0;0;0;2;0;0;1
83441058;"21/02/16";"Domingo";"08:45:00";"MT";163;"664";"LUCAS DO RIO VERDE";"Não guardar distância de segurança";"Colisão traseira";"Sem Vítimas";"Pleno dia";"Decrescente";"Ceu Claro";"Simples";"Reta";"Rural";5;0;0;0;5;0;0;3
83441059;"21/02/16";"Domingo";"10:40:00";"AP";156;"228";"MACAPA";"Velocidade incompatível";"Tombamento";"Com Vítimas Feridas";"Pleno dia";"Decrescente";"Nublado";"Simples";"Reta";"Rural";2;0;1;0;1;0;1;1
83441060;"17/02/16";"Quarta";"17:41:00";"MG";381;"493";"BETIM";"Outras";"Queda de motocicleta / bicicleta / veículo";"Com Vítimas Feridas";"Pleno dia";"Crescente";"Sol";"Dupla";"Reta";"Urbano";2;0;2;0;0;0;2;1
83441061;"21/02/16";"Domingo";"11:00:00";"PR";376;"303,6";"MAUA DA SERRA";"Não guardar distância de segurança";"Queda de motocicleta / bicicleta / veículo";"Com Vítimas Feridas";"Pleno dia";"Decrescente";"Ceu Claro";"Dupla";"Curva";"Rural";1;0;0;1;0;0;1;1
83441062;"20/02/16";"Sábado";"00:50:00";"RS";290;"609,8";"ALEGRETE";"Animais na Pista";"Atropelamento de animal";"Sem Vítimas";"Plena noite";"Decrescente";"Ceu Claro";"Simples";"Reta";"Rural";1;0;0;0;1;0;0;1
83441063;"21/02/16";"Domingo";"11:30:00";"SC";101;"142,6";"ITAPEMA";"Outras";"Colisão com objeto fixo";"Com Vítimas Feridas";"Pleno dia";"Decrescente";"Nublado";"Dupla";"Reta";"Urbano";1;0;1;0;0;0;1;1
83441064;"16/01/16";"Sábado";"15:15:00";"SE";235;"0,5";"ARACAJU";"Outras";"Atropelamento de pessoa";"Com Vítimas Feridas";"Pleno dia";"Decrescente";"Ceu Claro";"Múltipla";"Reta";"Urbano";2;0;0;1;0;1;1;1
83441065;"21/02/16";"Domingo";"07:30:00";"PR";376;"588,6";"CURITIBA";"Falta de atenção";"Saída de Pista";"Sem Vítimas";"Pleno dia";"Decrescente";"Nublado";"Dupla";"Reta";"Urbano";1;0;0;0;1;0;0;1
83441066;"21/02/16";"Domingo";"06:30:00";"DF";70;"16";"BRASILIA";"Velocidade incompatível";"Colisão com objeto fixo";"Ignorado";"Amanhecer";"Crescente";"Ceu Claro";"Dupla";"Cruzamento";"Rural";1;0;0;0;0;1;0;1
83441067;"17/02/16";"Quarta";"18:00:00";"SP";116;"70,2";"APARECIDA";"Outras";"Colisão com objeto móvel";"Com Vítimas Feridas";"Pleno dia";"Crescente";"Chuva";"Dupla";"Curva";"Rural";1;0;1;0;0;0;1;1
83441068;"21/02/16";"Domingo";"08:40:00";"GO";60;"244,5";"INDIARA";"Ingestão de álcool";"Colisão com objeto fixo";"Sem Vítimas";"Pleno dia";"Decrescente";"Sol";"Dupla";"Curva";"Rural";1;0;0;0;1;0;0;1
83441069;"13/02/16";"Sábado";"21:00:00";"MG";116;"414";"GOVERNADOR VALADARES";"Ingestão de álcool";"Colisão lateral";"Com Vítimas Feridas";"Plena noite";"Decrescente";"Ceu Claro";"Simples";"Reta";"Urbano";2;0;1;0;1;0;1;2
83441070;"20/02/16";"Sábado";"23:30:00";"MG";381;"688";"LAVRAS";"Desobediência à sinalização";"Colisão frontal";"Com Vítimas Feridas";"Plena noite";"Decrescente";"Nublado";"Dupla";"Curva";"Rural";2;0;1;0;1;0;1;2
83441071;"17/02/16";"Quarta";"13:00:00";"MG";40;"532";"BELO HORIZONTE";"Falta de atenção";"Colisão com objeto fixo";"Com Vítimas Feridas";"Pleno dia";"Crescente";"Ceu Claro";"Dupla";"Reta";"Urbano";1;0;1;0;0;0;1;1
83441072;"21/02/16";"Domingo";"12:15:00";"PR";277;"584,2";"CASCAVEL";"Defeito mecânico em veículo";"Queda de motocicleta / bicicleta / veículo";"Com Vítimas Feridas";"Pleno dia";"Crescente";"Sol";"Simples";"Reta";"Urbano";2;0;1;1;0;0;2;1
83441073;"21/02/16";"Domingo";"08:40:00";"ES";262;"32,1";"DOMINGOS MARTINS";"Velocidade incompatível";"Colisão frontal";"Com Vítimas Feridas";"Pleno dia";"Decrescente";"Ceu Claro";"Simples";"Curva";"Urbano";2;0;1;0;1;0;1;2
83441074;"21/02/16";"Domingo";"07:20:00";"CE";116;"67,1";"CHOROZINHO";"Desobediência à sinalização";"Colisão Transversal";"Com Vítimas Fatais";"Pleno dia";"Crescente";"Ceu Claro";"Simples";"Reta";"Rural";5;1;0;1;3;0;1;2
83441075;"21/02/16";"Domingo";"09:15:00";"RO";364;"430";"JARU";"Falta de atenção";"Colisão Transversal";"Com Vítimas Feridas";"Pleno dia";"Crescente";"Nublado";"Simples";"Reta";"Rural";5;0;1;3;1;0;4;2
83441076;"19/02/16";"Sexta";"19:25:00";"SC";116;"6,8";"MAFRA";"Desobediência à sinalização";"Colisão Transversal";"Sem Vítimas";"Anoitecer";"Decrescente";"Ceu Claro";"Simples";"Reta";"Urbano";2;0;0;0;2;0;0;2
83441077;"21/02/16";"Domingo";"11:00:00";"PR";277;"5";"PARANAGUA";"Desobediência à sinalização";"Colisão Transversal";"Com Vítimas Feridas";"Pleno dia";"Decrescente";"Ceu Claro";"Dupla";"Cruzamento";"Urbano";3;0;2;0;1;0;2;2
83441079;"21/02/16";"Domingo";"10:30:00";"SP";381;"86,3";"SAO PAULO";"Outras";"Colisão com objeto fixo";"Com Vítimas Feridas";"Pleno dia";"Crescente";"Chuva";"Múltipla";"Curva";"Urbano";2;0;2;0;0;0;2;1
83441080;"21/02/16";"Domingo";"10:30:00";"ES";101;"34";"CONCEICAO DA BARRA";"Falta de atenção";"Queda de motocicleta / bicicleta / veículo";"Com Vítimas Feridas";"Pleno dia";"Crescente";"Ceu Claro";"Simples";"Reta";"Urbano";2;0;0;1;1;0;1;1
83441081;"17/02/16";"Quarta";"16:00:00";"ES";262;"33";"MARECHAL FLORIANO";"Outras";"Colisão com objeto fixo";"Sem Vítimas";"Pleno dia";"Crescente";"Sol";"Dupla";"Reta";"Rural";1;0;0;0;1;0;0;1
83441082;"17/02/16";"Quarta";"16:10:00";"BA";101;"625";"MASCOTE";"Outras";"Tombamento";"Com Vítimas Feridas";"Pleno dia";"Decrescente";"Sol";"Simples";"Curva";"Rural";1;0;1;0;0;0;1;1
83441083;"18/02/16";"Quinta";"06:30:00";"RJ";116;"265";"BARRA MANSA";"Outras";"Colisão traseira";"Com Vítimas Feridas";"Amanhecer";"Decrescente";"Nublado";"Dupla";"Curva";"Rural";2;0;1;0;1;0;1;2
83441084;"18/02/16";"Quinta";"07:00:00";"CE";222;"32,2";"CAUCAIA";"Animais na Pista";"Atropelamento de animal";"Com Vítimas Feridas";"Pleno dia";"Crescente";"Nublado";"Simples";"Reta";"Rural";1;0;1;0;0;0;1;1
83441085;"21/02/16";"Domingo";"10:00:00";"BA";116;"454";"SANTO ESTEVAO";"Outras";"Colisão lateral";"Sem Vítimas";"Pleno dia";"Crescente";"Sol";"Dupla";"Reta";"Rural";2;0;0;0;2;0;0;2
83441086;"21/02/16";"Domingo";"11:45:00";"GO";153;"219,6";"URUACU";"Outras";"Incêndio";"Sem Vítimas";"Pleno dia";"Decrescente";"Ceu Claro";"Simples";"Reta";"Rural";1;0;0;0;1;0;0;1
83441087;"21/02/16";"Domingo";"13:20:00";"SC";101;"197,5";"BIGUACU";"Falta de atenção";"Colisão lateral";"Com Vítimas Feridas";"Pleno dia";"Crescente";"Nublado";"Dupla";"Reta";"Urbano";4;0;1;0;3;0;1;2
83441088;"18/02/16";"Quinta";"17:45:00";"RJ";116;"80";"TERESOPOLIS";"Velocidade incompatível";"Colisão frontal";"Com Vítimas Fatais";"Anoitecer";"Crescente";"Chuva";"Simples";"Curva";"Urbano";3;1;0;1;1;0;1;2
83441089;"21/02/16";"Domingo";"10:20:00";"RO";364;"55";"VILHENA";"Não guardar distância de segurança";"Colisão traseira";"Sem Vítimas";"Pleno dia";"Crescente";"Ceu Claro";"Simples";"Reta";"Rural";2;0;0;0;2;0;0;2
83441090;"19/02/16";"Sexta";"01:30:00";"SP";116;"327,8";"JUQUITIBA";"Falta de atenção";"Colisão com objeto fixo";"Com Vítimas Feridas";"Plena noite";"Decrescente";"Ceu Claro";"Dupla";"Curva";"Rural";1;0;1;0;0;0;1;1
83441091;"21/02/16";"Domingo";"13:15:00";"GO";60;"131,1";"GOIANIA";"Falta de atenção";"Colisão lateral";"Com Vítimas Feridas";"Pleno dia";"Decrescente";"Nublado";"Dupla";"Reta";"Rural";2;0;1;1;0;0;2;2
83441092;"17/02/16";"Quarta";"09:10:00";"MG";40;"620,5";"CONSELHEIRO LAFAIETE";"Falta de atenção";"Queda de motocicleta / bicicleta / veículo";"Com Vítimas Feridas";"Pleno dia";"Decrescente";"Ceu Claro";"Simples";"Reta";"Rural";1;0;0;1;0;0;1;1
83441093;"21/02/16";"Domingo";"12:00:00";"RO";364;"515";"ARIQUEMES";"Falta de atenção";"Colisão Transversal";"Sem Vítimas";"Pleno dia";"Decrescente";"Ceu Claro";"Simples";"Cruzamento";"Urbano";5;0;0;0;5;0;0;2
83441094;"21/02/16";"Domingo";"11:10:00";"RS";116;"260";"CANOAS";"Outras";"Colisão Transversal";"Com Vítimas Feridas";"Pleno dia";"Decrescente";"Ceu Claro";"Múltipla";"Reta";"Urbano";3;0;1;0;2;0;1;2
83441095;"21/02/16";"Domingo";"14:40:00";"GO";153;"357";"JARAGUA";"Defeito na via";"Queda de motocicleta / bicicleta / veículo";"Com Vítimas Feridas";"Pleno dia";"Decrescente";"Ceu Claro";"Simples";"Reta";"Rural";2;0;2;0;0;0;2;1
83441096;"20/02/16";"Sábado";"20:00:00";"PE";101;"95,9";"CABO DE SANTO AGOSTINHO";"Outras";"Saída de Pista";"Com Vítimas Feridas";"Plena noite";"Decrescente";"Nublado";"Dupla";"Curva";"Rural";2;0;1;0;0;1;1;2
83441097;"21/02/16";"Domingo";"07:30:00";"RO";364;"55";"VILHENA";"Ultrapassagem indevida";"Saída de Pista";"Sem Vítimas";"Pleno dia";"Decrescente";"Sol";"Simples";"Reta";"Rural";1;0;0;0;1;0;0;1
83441098;"17/02/16";"Quarta";"23:20:00";"MG";381;"722,3";"CARMO DA CACHOEIRA";"Velocidade incompatível";"Tombamento";"Com Vítimas Feridas";"Plena noite";"Decrescente";"Chuva";"Dupla";"Curva";"Rural";4;0;1;0;3;0;1;4
83441099;"21/02/16";"Domingo";"13:15:00";"PR";369;"485,7";"CORBELIA";"Outras";"Capotamento";"Com Vítimas Feridas";"Pleno dia";"Crescente";"Sol";"Simples";"Reta";"Rural";3;0;3;0;0;0;3;1
83441100;"21/02/16";"Domingo";"13:10:00";"PR";376;"323,1";"ORTIGUEIRA";"Outras";"Saída de Pista";"Com Vítimas Feridas";"Pleno dia";"Crescente";"Chuva";"Simples";"Curva";"Rural";1;0;1;0;0;0;1;1
83441101;"21/02/16";"Domingo";"15:00:00";"SP";116;"522,4";"CAJATI";"Velocidade incompatível";"Colisão com objeto fixo";"Sem Vítimas";"Pleno dia";"Crescente";"Chuva";"Simples";"Curva";"Rural";3;0;0;0;3;0;0;1
83441102;"21/02/16";"Domingo";"12:45:00";"PA";316;"9";"MARITUBA";"Falta de atenção";"Atropelamento de pessoa";"Com Vítimas Feridas";"Pleno dia";"Crescente";"Ceu Claro";"Dupla";"Reta";"Urbano";2;0;1;0;1;0;1;1
83441103;"21/02/16";"Domingo";"14:15:00";"MT";364;"53,2";"ALTO GARCAS";"Falta de atenção";"Saída de Pista";"Com Vítimas Feridas";"Pleno dia";"Decrescente";"Chuva";"Simples";"Reta";"Rural";1;0;0;1;0;0;1;1
83441104;"21/02/16";"Domingo";"15:10:00";"SC";470;"4";"NAVEGANTES";"Falta de atenção";"Colisão Transversal";"Com Vítimas Feridas";"Pleno dia";"Crescente";"Nublado";"Simples";"Reta";"Urbano";2;0;1;1;0;0;2;2
83441105;"17/02/16";"Quarta";"12:40:00";"SP";459;"10";"PIQUETE";"Outras";"Saída de Pista";"Com Vítimas Feridas";"Pleno dia";"Crescente";"Sol";"Simples";"Curva";"Rural";2;0;1;1;0;0;2;1
83441106;"17/02/16";"Quarta";"08:00:00";"BA";101;"661";"ITAPEBI";"Dormindo";"Colisão lateral";"Com Vítimas Feridas";"Pleno dia";"Crescente";"Sol";"Simples";"Curva";"Rural";4;0;3;0;1;0;3;2
83441107;"21/02/16";"Domingo";"15:00:00";"SC";282;"2,2";"FLORIANOPOLIS";"Falta de atenção";"Colisão lateral";"Com Vítimas Feridas";"Pleno dia";"Decrescente";"Ceu Claro";"Dupla";"Reta";"Urbano";2;0;1;0;1;0;1;2
83441109;"21/02/16";"Domingo";"07:50:00";"TO";153;"799";"TALISMA";"Falta de atenção";"Colisão traseira";"Sem Vítimas";"Pleno dia";"Decrescente";"Ceu Claro";"Simples";"Reta";"Rural";2;0;0;0;2;0;0;2
83441110;"21/02/16";"Domingo";"12:55:00";"PR";376;"666";"GUARATUBA";"Outras";"Colisão Transversal";"Sem Vítimas";"Pleno dia";"Decrescente";"Nublado";"Múltipla";"Curva";"Urbano";2;0;0;0;2;0;0;2
83441111;"21/02/16";"Domingo";"15:20:00";"RS";116;"511,9";"PELOTAS";"Outras";"Saída de Pista";"Com Vítimas Feridas";"Pleno dia";"Crescente";"Ceu Claro";"Simples";"Reta";"Urbano";1;0;1;0;0;0;1;1
83441112;"21/02/16";"Domingo";"15:05:00";"MG";381;"740,7";"TRES CORACOES";"Velocidade incompatível";"Saída de Pista";"Sem Vítimas";"Pleno dia";"Crescente";"Nublado";"Dupla";"Reta";"Rural";1;0;0;0;1;0;0;1
83441114;"21/02/16";"Domingo";"14:40:00";"SC";282;"663,7";"PARAISO";"Velocidade incompatível";"Saída de Pista";"Com Vítimas Feridas";"Pleno dia";"Decrescente";"Ceu Claro";"Simples";"Curva";"Urbano";5;0;2;0;3;0;2;1
83441115;"21/02/16";"Domingo";"09:00:00";"MG";381;"752";"TRES CORACOES";"Outras";"Capotamento";"Ignorado";"Pleno dia";"Crescente";"Ceu Claro";"Dupla";"Reta";"Rural";1;0;0;0;0;1;0;1
83441116;"21/02/16";"Domingo";"16:40:00";"RJ";116;"235";"PIRAI";"Outras";"Tombamento";"Sem Vítimas";"Pleno dia";"Crescente";"Chuva";"Dupla";"Reta";"Rural";1;0;0;0;1;0;0;1
83441117;"21/02/16";"Domingo";"16:40:00";"SP";116;"526,1";"BARRA DO TURVO";"Falta de atenção";"Colisão lateral";"Sem Vítimas";"Pleno dia";"Decrescente";"Chuva";"Simples";"Reta";"Rural";5;0;0;0;5;0;0;2
83441118;"21/02/16";"Domingo";"16:45:00";"PR";277;"47";"SAO JOSE DOS PINHAIS";"Falta de atenção";"Saída de Pista";"Sem Vítimas";"Anoitecer";"Crescente";"Chuva";"Dupla";"Curva";"Rural";1;0;0;0;1;0;0;1
83441119;"21/02/16";"Domingo";"15:00:00";"SC";282;"46";"AGUAS MORNAS";"Velocidade incompatível";"Saída de Pista";"Com Vítimas Fatais";"Pleno dia";"Decrescente";"Ceu Claro";"Simples";"Curva";"Rural";1;1;0;0;0;0;0;1
83441120;"21/02/16";"Domingo";"15:15:00";"PR";369;"133";"IBIPORA";"Falta de atenção";"Colisão Transversal";"Com Vítimas Feridas";"Pleno dia";"Decrescente";"Ceu Claro";"Simples";"Cruzamento";"Rural";5;0;1;0;4;0;1;2
83441121;"07/01/16";"Quinta";"19:20:00";"BA";110;"404";"SAO SEBASTIAO DO PASSE";"Falta de atenção";"Colisão Transversal";"Sem Vítimas";"Plena noite";"Crescente";"Nublado";"Simples";"Reta";"Rural";2;0;0;0;2;0;0;2
83441122;"21/02/16";"Domingo";"12:40:00";"MG";381;"837,7";"POUSO ALEGRE";"Falta de atenção";"Saída de Pista";"Sem Vítimas";"Pleno dia";"Crescente";"Chuva";"Dupla";"Curva";"Rural";1;0;0;0;1;0;0;1
83441123;"21/02/16";"Domingo";"14:55:00";"RN";304;"296";"MACAIBA";"Falta de atenção";"Colisão traseira";"Com Vítimas Feridas";"Pleno dia";"Crescente";"Sol";"Simples";"Cruzamento";"Urbano";2;0;0;1;1;0;1;2
83441124;"21/02/16";"Domingo";"16:30:00";"RS";386;"133";"SARANDI";"Desobediência à sinalização";"Colisão Transversal";"Sem Vítimas";"Pleno dia";"Decrescente";"Sol";"Simples";"Curva";"Urbano";2;0;0;0;2;0;0;2
83441125;"21/02/16";"Domingo";"08:00:00";"MS";163;"403";"NOVA ALVORADA DO SUL";"Outras";"Tombamento";"Sem Vítimas";"Pleno dia";"Crescente";"Ceu Claro";"Simples";"Reta";"Rural";1;0;0;0;1;0;0;1
83441126;"21/02/16";"Domingo";"17:00:00";"BA";116;"838";"VITORIA DA CONQUISTA";"Falta de atenção";"Colisão traseira";"Sem Vítimas";"Pleno dia";"Decrescente";"Ceu Claro";"Simples";"Reta";"Urbano";2;0;0;0;2;0;0;2
83441127;"21/02/16";"Domingo";"15:30:00";"SC";282;"413,7";"CATANDUVAS";"Não guardar distância de segurança";"Colisão traseira";"Com Vítimas Feridas";"Pleno dia";"Crescente";"Ceu Claro";"Simples";"Reta";"Rural";3;0;1;0;2;0;1;2
83441128;"21/02/16";"Domingo";"15:30:00";"PR";116;"29";"CAMPINA GRANDE DO SUL";"Velocidade incompatível";"Saída de Pista";"Com Vítimas Feridas";"Pleno dia";"Decrescente";"Chuva";"Dupla";"Curva";"Rural";2;0;2;0;0;0;2;1
83441129;"21/02/16";"Domingo";"11:00:00";"GO";60;"374,3";"RIO VERDE";"Falta de atenção";"Colisão lateral";"Com Vítimas Fatais";"Pleno dia";"Decrescente";"Sol";"Dupla";"Reta";"Rural";3;1;0;0;2;0;0;2
83441130;"20/02/16";"Sábado";"13:40:00";"TO";153;"134";"ARAGUAINA";"Defeito na via";"Colisão traseira";"Com Vítimas Feridas";"Pleno dia";"Decrescente";"Ceu Claro";"Dupla";"Reta";"Urbano";3;0;1;0;2;0;1;2
83441131;"21/02/16";"Domingo";"16:30:00";"SP";116;"211";"GUARULHOS";"Falta de atenção";"Colisão traseira";"Com Vítimas Feridas";"Pleno dia";"Decrescente";"Nublado";"Múltipla";"Reta";"Urbano";2;0;1;0;1;0;1;2
83441132;"21/02/16";"Domingo";"10:00:00";"SC";101;"416";"ARARANGUA";"Outras";"Atropelamento de pessoa";"Com Vítimas Fatais";"Pleno dia";"Crescente";"Ceu Claro";"Dupla";"Reta";"Rural";2;1;0;0;0;1;0;1
83441133;"21/02/16";"Domingo";"11:00:00";"MS";163;"318,6";"RIO BRILHANTE";"Outras";"Saída de Pista";"Com Vítimas Feridas";"Pleno dia";"Crescente";"Nublado";"Simples";"Reta";"Rural";1;0;1;0;0;0;1;1
83441134;"20/02/16";"Sábado";"22:20:00";"RJ";356;"168";"SAO JOAO DA BARRA";"Ingestão de álcool";"Colisão frontal";"Com Vítimas Fatais";"Plena noite";"Crescente";"Ceu Claro";"Simples";"Curva";"Rural";7;1;3;3;0;0;6;2
83441135;"21/02/16";"Domingo";"16:20:00";"PR";376;"125,8";"ALTO PARANA";"Falta de atenção";"Saída de Pista";"Com Vítimas Feridas";"Pleno dia";"Decrescente";"Chuva";"Simples";"Reta";"Rural";2;0;1;0;1;0;1;2
83441136;"16/02/16";"Terça";"17:20:00";"TO";153;"141,1";"ARAGUAINA";"Defeito na via";"Colisão com objeto fixo";"Sem Vítimas";"Pleno dia";"Crescente";"Ceu Claro";"Dupla";"Reta";"Urbano";1;0;0;0;1;0;0;1
83441137;"21/02/16";"Domingo";"16:20:00";"SP";116;"513,2";"CAJATI";"Velocidade incompatível";"Saída de Pista";"Sem Vítimas";"Pleno dia";"Decrescente";"Chuva";"Simples";"Curva";"Rural";2;0;0;0;2;0;0;1