"id";"data_inversa";"dia_semana";"horario";"uf";"br";"km";"municipio";"causa_acidente";"tipo_acidente";"classificacao_acidente";"fase_dia";"sentido_via";"condicao_metereologica";"tipo_pista";"tracado_via";"uso_solo";"pessoas";"mortos";"feridos_leves";"feridos_graves";"ilesos";"ignorados";"feridos";"veiculos"
83441138;"18/02/16";"Quinta";"00:30:00";"BA";324;"588";"CANDEIAS";"Defeito mecânico em veículo";"Capotamento";"Sem Vítimas";"Plena noite";"Decrescente";"Ceu Claro";"Dupla";"Reta";"Rural";1;0;0;0;1;0;0;1
83441139;"21/02/16";"Domingo";"12:20:00";"GO";153;"497,5";"GOIANIA";"Ingestão de álcool";"Saída de Pista";"Sem Vítimas";"Pleno dia";"Crescente";"Nublado";"Dupla";"Reta";"Urbano";3;0;0;0;1;2;0;1
83441140;"21/02/16";"Domingo";"16:30:00";"SP";116;"513,2";"CAJATI";"Velocidade incompatível";"Colisão com objeto fixo";"Com Vítimas Feridas";"Pleno dia";"Decrescente";"Chuva";"Dupla";"Curva";"Rural";3;0;1;0;2;0;1;1
83441141;"10/02/16";"Quarta";"00:15:00";"SC";101;"132,6";"BALNEARIO CAMBORIU";"Falta de atenção";"Colisão Transversal";"Com Vítimas Feridas";"Plena noite";"Crescente";"Nublado";"Simples";"Reta";"Urbano";2;0;1;0;1;0;1;2
83441142;"21/02/16";"Domingo";"10:00:00";"MG";381;"717,4";"CARMO DA CACHOEIRA";"Dormindo";"Tombamento";"Com Vítimas Feridas";"Pleno dia";"Decrescente";"Ignorada";"Dupla";"Curva";"Rural";1;0;1;0;0;0;1;1
83441143;"21/02/16";"Domingo";"16:30:00";"SP";116;"224";"GUARULHOS";"Não guardar distância de segurança";"Colisão traseira";"Com Vítimas Feridas";"Pleno dia";"Crescente";"Nublado";"Múltipla";"Reta";"Urbano";3;0;1;0;2;0;1;2
83441144;"21/02/16";"Domingo";"15:05:00";"RN";406;"110,7";"POCO BRANCO";"Outras";"Colisão traseira";"Sem Vítimas";"Pleno dia";"Crescente";"Ceu Claro";"Simples";"Reta";"Rural";2;0;0;0;1;1;0;2
83441145;"21/02/16";"Domingo";"14:05:00";"PB";101;"79,9";"SANTA RITA";"Velocidade incompatível";"Capotamento";"Com Vítimas Feridas";"Pleno dia";"Crescente";"Nublado";"Dupla";"Curva";"Rural";1;0;1;0;0;0;1;1
83441146;"21/02/16";"Domingo";"17:00:00";"ES";101;"270";"SERRA";"Outras";"Saída de Pista";"Sem Vítimas";"Pleno dia";"Decrescente";"Ceu Claro";"Dupla";"Reta";"Urbano";1;0;0;0;1;0;0;1
83441147;"21/02/16";"Domingo";"17:15:00";"SC";101;"333";"TUBARAO";"Desobediência à sinalização";"Colisão Transversal";"Sem Vítimas";"Pleno dia";"Crescente";"Sol";"Simples";"Cruzamento";"Urbano";2;0;0;0;2;0;0;2
83441148;"21/02/16";"Domingo";"16:00:00";"MG";135;"396,5";"BOCAIUVA";"Velocidade incompatível";"Queda de motocicleta / bicicleta / veículo";"Com Vítimas Feridas";"Pleno dia";"Crescente";"Nublado";"Simples";"Curva";"Rural";2;0;2;0;0;0;2;1
83441149;"21/02/16";"Domingo";"12:50:00";"GO";80;"4,2";"PADRE BERNARDO";"Dormindo";"Saída de Pista";"Com Vítimas Feridas";"Pleno dia";"Decrescente";"Ceu Claro";"Simples";"Curva";"Rural";4;0;1;0;3;0;1;1
83441150;"21/02/16";"Domingo";"15:15:00";"GO";452;"26";"RIO VERDE";"Outras";"Saída de Pista";"Sem Vítimas";"Pleno dia";"Crescente";"Ceu Claro";"Simples";"Reta";"Rural";2;0;0;0;2;0;0;1
83441151;"21/02/16";"Domingo";"18:15:00";"PA";316;"14";"MARITUBA";"Não guardar distância de segurança";"Colisão traseira";"Com Vítimas Feridas";"Anoitecer";"Decrescente";"Ceu Claro";"Dupla";"Reta";"Urbano";2;0;1;0;0;1;1;2
83441152;"13/02/16";"Sábado";"20:00:00";"SC";282;"16";"PALHOCA";"Falta de atenção";"Colisão Transversal";"Sem Vítimas";"Plena noite";"Crescente";"Ceu Claro";"Simples";"Reta";"Urbano";2;0;0;0;2;0;0;2
83441153;"21/02/16";"Domingo";"13:00:00";"MG";116;"67,3";"MEDINA";"Dormindo";"Saída de Pista";"Sem Vítimas";"Pleno dia";"Decrescente";"Ceu Claro";"Simples";"Reta";"Rural";1;0;0;0;1;0;0;1
83441154;"21/02/16";"Domingo";"16:00:00";"MT";364;"568";"NOBRES";"Outras";"Saída de Pista";"Sem Vítimas";"Pleno dia";"Decrescente";"Chuva";"Dupla";"Reta";"Rural";2;0;0;0;2;0;0;2
83441155;"21/02/16";"Domingo";"09:30:00";"MT";364;"510";"ROSARIO OESTE";"Dormindo";"Colisão frontal";"Com Vítimas Fatais";"Pleno dia";"Decrescente";"Sol";"Simples";"Reta";"Rural";2;1;1;0;0;0;1;2
83441156;"21/02/16";"Domingo";"18:10:00";"PR";277;"448,2";"LARANJEIRAS DO SUL";"Ingestão de álcool";"Colisão lateral";"Sem Vítimas";"Anoitecer";"Decrescente";"Ceu Claro";"Simples";"Reta";"Rural";3;0;0;0;3;0;0;2
83441157;"21/02/16";"Domingo";"00:29:00";"PR";277;"298,1";"PRUDENTOPOLIS";"Ingestão de álcool";"Saída de Pista";"Sem Vítimas";"Plena noite";"Decrescente";"Ceu Claro";"Simples";"Curva";"Rural";1;0;0;0;1;0;0;1
83441158;"21/02/16";"Domingo";"15:45:00";"RN";110;"13,8";"AREIA BRANCA";"Defeito mecânico em veículo";"Queda de motocicleta / bicicleta / veículo";"Com Vítimas Feridas";"Pleno dia";"Crescente";"Nublado";"Simples";"Reta";"Rural";3;0;2;1;0;0;3;2
83441159;"21/02/16";"Domingo";"15:20:00";"PR";277;"17";"PARANAGUA";"Outras";"Queda de motocicleta / bicicleta / veículo";"Sem Vítimas";"Pleno dia";"Crescente";"Sol";"Dupla";"Reta";"Rural";1;0;0;0;1;0;0;1
83441160;"21/02/16";"Domingo";"09:00:00";"CE";222;"78";"SAO GONCALO DO AMARANTE";"Falta de atenção";"Colisão Transversal";"Com Vítimas Feridas";"Pleno dia";"Decrescente";"Ceu Claro";"Dupla";"Reta";"Urbano";2;0;1;0;1;0;1;2
83441161;"21/02/16";"Domingo";"18:15:00";"PR";277;"128";"BALSA NOVA";"Defeito mecânico em veículo";"Colisão com objeto fixo";"Sem Vítimas";"Anoitecer";"Decrescente";"Chuva";"Dupla";"Curva";"Rural";1;0;0;0;1;0;0;1
83441162;"21/02/16";"Domingo";"16:50:00";"SP";116;"204";"ARUJA";"Não guardar distância de segurança";"Colisão traseira";"Sem Vítimas";"Pleno dia";"Decrescente";"Nublado";"Múltipla";"Reta";"Urbano";2;0;0;0;2;0;0;2
83441163;"16/02/16";"Terça";"09:20:00";"SP";116;"231";"SAO PAULO";"Falta de atenção";"Colisão lateral";"Com Vítimas Feridas";"Pleno dia";"Crescente";"Ceu Claro";"Múltipla";"Reta";"Urbano";2;0;0;1;1;0;1;2
83441164;"21/02/16";"Domingo";"12:45:00";"MA";135;"93,5";"ITAPECURU MIRIM";"Outras";"Colisão Transversal";"Com Vítimas Feridas";"Pleno dia";"Decrescente";"Sol";"Simples";"Reta";"Rural";2;0;1;0;1;0;1;2
83441165;"21/02/16";"Domingo";"17:00:00";"MT";364;"331";"SANTO ANTONIO DO LEVERGER";"Ultrapassagem indevida";"Saída de Pista";"Sem Vítimas";"Pleno dia";"Crescente";"Nublado";"Dupla";"Reta";"Rural";1;0;0;0;1;0;0;1
83441166;"21/02/16";"Domingo";"18:00:00";"SP";116;"446";"REGISTRO";"Outras";"Capotamento";"Com Vítimas Feridas";"Anoitecer";"Crescente";"Chuva";"Simples";"Reta";"Urbano";1;0;1;0;0;0;1;1
83441167;"21/02/16";"Domingo";"15:00:00";"CE";222;"143";"IRAUCUBA";"Ingestão de álcool";"Colisão Transversal";"Com Vítimas Fatais";"Pleno dia";"Decrescente";"Ceu Claro";"Simples";"Reta";"Urbano";4;1;0;1;2;0;1;2
83441168;"21/02/16";"Domingo";"13:33:00";"MT";163;"917";"ITAUBA";"Falta de atenção";"Saída de Pista";"Com Vítimas Feridas";"Pleno dia";"Crescente";"Chuva";"Simples";"Reta";"Rural";1;0;1;0;0;0;1;1
83441169;"21/02/16";"Domingo";"16:35:00";"SC";280;"225,4";"TRES BARRAS";"Ingestão de álcool";"Colisão traseira";"Sem Vítimas";"Pleno dia";"Crescente";"Nublado";"Simples";"Reta";"Rural";2;0;0;0;2;0;0;2
83441170;"20/02/16";"Sábado";"20:00:00";"CE";222;"25";"CAUCAIA";"Ingestão de álcool";"Colisão traseira";"Com Vítimas Feridas";"Plena noite";"Decrescente";"Ceu Claro";"Simples";"Reta";"Urbano";2;0;0;1;0;1;1;2
83441171;"21/02/16";"Domingo";"18:00:00";"RS";386;"269,5";"FONTOURA XAVIER";"Outras";"Colisão Transversal";"Com Vítimas Feridas";"Pleno dia";"Crescente";"Ceu Claro";"Simples";"Reta";"Urbano";4;0;3;0;1;0;3;2
83441172;"21/02/16";"Domingo";"18:40:00";"SP";381;"25";"BRAGANCA PAULISTA";"Outras";"Queda de motocicleta / bicicleta / veículo";"Com Vítimas Feridas";"Anoitecer";"Crescente";"Chuva";"Dupla";"Reta";"Urbano";2;0;2;0;0;0;2;1
83441173;"21/02/16";"Domingo";"11:20:00";"MG";365;"667";"MONTE ALEGRE DE MINAS";"Outras";"Saída de Pista";"Com Vítimas Fatais";"Pleno dia";"Decrescente";"Nublado";"Dupla";"Curva";"Rural";5;2;0;3;0;0;3;1
83441174;"21/02/16";"Domingo";"19:10:00";"PR";116;"14";"CAMPINA GRANDE DO SUL";"Velocidade incompatível";"Saída de Pista";"Com Vítimas Feridas";"Plena noite";"Crescente";"Chuva";"Dupla";"Curva";"Urbano";3;0;1;0;2;0;1;1
83441175;"21/02/16";"Domingo";"17:15:00";"RS";116;"108,5";"CAXIAS DO SUL";"Velocidade incompatível";"Saída de Pista";"Com Vítimas Feridas";"Pleno dia";"Decrescente";"Chuva";"Simples";"Curva";"Rural";3;0;3;0;0;0;3;1
83441176;"21/02/16";"Domingo";"18:40:00";"MG";116;"416";"GOVERNADOR VALADARES";"Ingestão de álcool";"Colisão lateral";"Com Vítimas Feridas";"Anoitecer";"Crescente";"Ceu Claro";"Dupla";"Reta";"Urbano";6;0;2;0;4;0;2;3
83441177;"21/02/16";"Domingo";"17:00:00";"MS";262;"351,7";"CAMPO GRANDE";"Não guardar distância de segurança";"Colisão traseira";"Com Vítimas Feridas";"Pleno dia";"Crescente";"Nublado";"Simples";"Reta";"Urbano";2;0;1;0;1;0;1;2
83441178;"21/02/16";"Domingo";"18:30:00";"RS";386;"195";"SANTO ANTONIO DO PLANALTO";"Desobediência à sinalização";"Colisão Transversal";"Sem Vítimas";"Anoitecer";"Crescente";"Chuva";"Simples";"Reta";"Rural";2;0;0;0;2;0;0;2
83441179;"21/02/16";"Domingo";"15:00:00";"PR";153;"38";"SANTO ANTONIO DA PLATINA";"Falta de atenção";"Tombamento";"Com Vítimas Feridas";"Pleno dia";"Decrescente";"Ceu Claro";"Simples";"Curva";"Rural";1;0;1;0;0;0;1;1
83441180;"17/02/16";"Quarta";"10:20:00";"ES";262;"2,4";"CARIACICA";"Falta de atenção";"Colisão lateral";"Sem Vítimas";"Pleno dia";"Decrescente";"Ceu Claro";"Múltipla";"Reta";"Urbano";2;0;0;0;2;0;0;2
83441181;"14/02/16";"Domingo";"08:20:00";"RJ";116;"300";"RESENDE";"Outras";"Queda de motocicleta / bicicleta / veículo";"Com Vítimas Feridas";"Amanhecer";"Decrescente";"Ceu Claro";"Dupla";"Reta";"Rural";1;0;1;0;0;0;1;1
83441182;"21/02/16";"Domingo";"18:20:00";"GO";60;"6";"APARECIDA DE GOIANIA";"Outras";"Colisão traseira";"Com Vítimas Feridas";"Anoitecer";"Crescente";"Ceu Claro";"Dupla";"Reta";"Urbano";3;0;0;1;2;0;1;2
83441183;"21/02/16";"Domingo";"16:20:00";"SC";470;"62";"BLUMENAU";"Dormindo";"Colisão frontal";"Com Vítimas Feridas";"Pleno dia";"Decrescente";"Nublado";"Simples";"Curva";"Urbano";3;0;1;0;2;0;1;2
83441184;"19/02/16";"Sexta";"03:45:00";"PA";10;"327";"SAO MIGUEL DO GUAMA";"Outras";"Saída de Pista";"Sem Vítimas";"Plena noite";"Decrescente";"Chuva";"Simples";"Reta";"Rural";1;0;0;0;1;0;0;1
83441185;"21/02/16";"Domingo";"20:10:00";"GO";60;"101,8";"ANAPOLIS";"Não guardar distância de segurança";"Colisão traseira";"Sem Vítimas";"Plena noite";"Decrescente";"Ceu Claro";"Dupla";"Reta";"Urbano";2;0;0;0;2;0;0;2
83441186;"21/02/16";"Domingo";"18:45:00";"AL";316;"254";"PILAR";"Outras";"Queda de motocicleta / bicicleta / veículo";"Com Vítimas Feridas";"Plena noite";"Decrescente";"Ceu Claro";"Simples";"Reta";"Rural";1;0;0;1;0;0;1;1
83441187;"21/02/16";"Domingo";"12:50:00";"PA";316;"1";"BELEM";"Não guardar distância de segurança";"Colisão lateral";"Sem Vítimas";"Pleno dia";"Crescente";"Ceu Claro";"Dupla";"Reta";"Urbano";2;0;0;0;2;0;0;2
83441188;"21/02/16";"Domingo";"16:00:00";"BA";110;"0";"PAULO AFONSO";"Defeito na via";"Colisão traseira";"Sem Vítimas";"Pleno dia";"Decrescente";"Ceu Claro";"Simples";"Reta";"Rural";5;0;0;0;4;1;0;4
83441189;"14/02/16";"Domingo";"18:20:00";"PR";116;"7,9";"CAMPINA GRANDE DO SUL";"Outras";"Queda de motocicleta / bicicleta / veículo";"Com Vítimas Feridas";"Pleno dia";"Crescente";"Nublado";"Dupla";"Reta";"Urbano";1;0;1;0;0;0;1;1
83441190;"21/02/16";"Domingo";"16:00:00";"ES";101;"99";"JAGUARE";"Falta de atenção";"Colisão traseira";"Com Vítimas Feridas";"Pleno dia";"Crescente";"Ceu Claro";"Simples";"Reta";"Urbano";3;0;1;1;1;0;2;2
83441191;"21/02/16";"Domingo";"19:20:00";"RS";285;"329";"CARAZINHO";"Velocidade incompatível";"Saída de Pista";"Sem Vítimas";"Plena noite";"Decrescente";"Chuva";"Simples";"Reta";"Rural";1;0;0;0;1;0;0;1
83441192;"21/02/16";"Domingo";"19:30:00";"RJ";101;"73";"CAMPOS DOS GOYTACAZES";"Falta de atenção";"Colisão traseira";"Com Vítimas Feridas";"Plena noite";"Crescente";"Nublado";"Simples";"Reta";"Urbano";10;0;5;0;5;0;5;2
83441193;"21/02/16";"Domingo";"13:00:00";"RO";364;"342,1";"JI-PARANA";"Falta de atenção";"Colisão Transversal";"Com Vítimas Feridas";"Pleno dia";"Crescente";"Ceu Claro";"Simples";"Reta";"Urbano";3;0;1;0;1;1;1;2
83441194;"21/02/16";"Domingo";"15:30:00";"MA";135;"15,1";"SAO LUIS";"Falta de atenção";"Colisão Transversal";"Sem Vítimas";"Pleno dia";"Crescente";"Nublado";"Dupla";"Reta";"Urbano";2;0;0;0;2;0;0;2
83441195;"21/02/16";"Domingo";"13:30:00";"SC";101;"317";"LAGUNA";"Falta de atenção";"Saída de Pista";"Com Vítimas Feridas";"Pleno dia";"Decrescente";"Sol";"Simples";"Curva";"Rural";2;0;1;1;0;0;2;1
83441196;"21/02/16";"Domingo";"16:40:00";"RO";364;"563";"ALTO PARAISO";"Falta de atenção";"Colisão lateral";"Sem Vítimas";"Pleno dia";"Crescente";"Sol";"Simples";"Reta";"Rural";5;0;0;0;5;0;0;2
83441197;"21/02/16";"Domingo";"20:00:00";"RS";290;"10";"OSORIO";"Falta de atenção";"Colisão lateral";"Sem Vítimas";"Plena noite";"Crescente";"Nublado";"Dupla";"Reta";"Rural";2;0;0;0;2;0;0;2
83441198;"21/02/16";"Domingo";"20:00:00";"SC";280;"140,2";"RIO NEGRINHO";"Falta de atenção";"Colisão Transversal";"Com Vítimas Feridas";"Plena noite";"Crescente";"Ceu Claro";"Simples";"Reta";"Rural";4;0;0;2;2;0;2;2
83441199;"21/02/16";"Domingo";"16:40:00";"PA";316;"23";"BENEVIDES";"Defeito na via";"Queda de motocicleta / bicicleta / veículo";"Com Vítimas Feridas";"Pleno dia";"Decrescente";"Ceu Claro";"Dupla";"Reta";"Urbano";1;0;1;0;0;0;1;1
83441200;"21/02/16";"Domingo";"19:23:00";"MA";230;"413";"BALSAS";"Outras";"Colisão traseira";"Com Vítimas Feridas";"Plena noite";"Crescente";"Ceu Claro";"Simples";"Reta";"Rural";2;0;1;1;0;0;2;2
83441201;"21/02/16";"Domingo";"07:00:00";"MT";70;"516";"VARZEA GRANDE";"Desobediência à sinalização";"Colisão traseira";"Sem Vítimas";"Pleno dia";"Crescente";"Ceu Claro";"Simples";"Reta";"Rural";3;0;0;0;2;1;0;2
83441202;"21/02/16";"Domingo";"18:50:00";"GO";40;"98";"CRISTALINA";"Outras";"Saída de Pista";"Com Vítimas Feridas";"Plena noite";"Crescente";"Chuva";"Simples";"Reta";"Urbano";3;0;2;0;1;0;2;1
83441203;"21/02/16";"Domingo";"19:54:00";"GO";40;"8";"LUZIANIA";"Outras";"Colisão traseira";"Com Vítimas Feridas";"Plena noite";"Crescente";"Chuva";"Dupla";"Reta";"Urbano";4;0;2;0;2;0;2;2
83441204;"18/02/16";"Quinta";"03:30:00";"MS";262;"374,4";"TERENOS";"Ingestão de álcool";"Colisão lateral";"Com Vítimas Feridas";"Plena noite";"Decrescente";"Ceu Claro";"Simples";"Reta";"Rural";3;0;1;0;2;0;1;2
83441205;"21/02/16";"Domingo";"21:20:00";"PR";376;"244,8";"APUCARANA";"Outras";"Queda de motocicleta / bicicleta / veículo";"Com Vítimas Feridas";"Plena noite";"Decrescente";"Nevoeiro/neblina";"Simples";"Curva";"Rural";1;0;1;0;0;0;1;1
83441206;"21/02/16";"Domingo";"10:50:00";"ES";101;"298";"VIANA";"Não guardar distância de segurança";"Colisão traseira";"Com Vítimas Feridas";"Pleno dia";"Crescente";"Ceu Claro";"Múltipla";"Cruzamento";"Urbano";4;0;2;0;2;0;2;2
83441207;"21/02/16";"Domingo";"21:00:00";"AL";101;"208,5";"SAO SEBASTIAO";"Animais na Pista";"Atropelamento de animal";"Com Vítimas Feridas";"Plena noite";"Crescente";"Ceu Claro";"Simples";"Curva";"Rural";3;0;1;1;1;0;2;1
83441208;"21/02/16";"Domingo";"19:30:00";"RS";285;"672";"SAO BORJA";"Ingestão de álcool";"Colisão Transversal";"Sem Vítimas";"Plena noite";"Decrescente";"Nublado";"Simples";"Reta";"Urbano";3;0;0;0;3;0;0;2
83441209;"21/02/16";"Domingo";"19:30:00";"PE";232;"86,4";"GRAVATA";"Outras";"Capotamento";"Sem Vítimas";"Plena noite";"Crescente";"Ceu Claro";"Dupla";"Curva";"Rural";1;0;0;0;1;0;0;1
83441210;"21/02/16";"Domingo";"19:05:00";"SC";101;"194,9";"BIGUACU";"Ingestão de álcool";"Colisão Transversal";"Com Vítimas Feridas";"Plena noite";"Crescente";"Chuva";"Múltipla";"Reta";"Urbano";2;0;0;1;1;0;1;2
83441211;"21/02/16";"Domingo";"17:40:00";"MT";163;"756";"SORRISO";"Outras";"Colisão frontal";"Com Vítimas Feridas";"Pleno dia";"Crescente";"Chuva";"Dupla";"Reta";"Rural";4;0;4;0;0;0;4;2
83441212;"16/02/16";"Terça";"19:00:00";"SP";116;"217";"GUARULHOS";"Ingestão de álcool";"Colisão traseira";"Sem Vítimas";"Anoitecer";"Crescente";"Chuva";"Simples";"Reta";"Urbano";2;0;0;0;2;0;0;2
83441213;"21/02/16";"Domingo";"20:00:00";"RS";392;"351";"SANTA MARIA";"Desobediência à sinalização";"Colisão Transversal";"Com Vítimas Feridas";"Plena noite";"Crescente";"Ceu Claro";"Simples";"Reta";"Urbano";3;0;1;0;2;0;1;3
83441214;"21/02/16";"Domingo";"19:04:00";"MA";10;"155";"PORTO FRANCO";"Ingestão de álcool";"Colisão traseira";"Com Vítimas Feridas";"Plena noite";"Decrescente";"Nublado";"Simples";"Reta";"Urbano";2;0;0;1;0;1;1;2
83441215;"21/02/16";"Domingo";"19:30:00";"RS";392;"117,3";"CANGUCU";"Outras";"Colisão Transversal";"Com Vítimas Feridas";"Anoitecer";"Crescente";"Ceu Claro";"Simples";"Reta";"Urbano";2;0;1;0;0;1;1;2
83441216;"19/02/16";"Sexta";"04:30:00";"SP";116;"62";"GUARATINGUETA";"Outras";"Colisão com objeto móvel";"Sem Vítimas";"Amanhecer";"Decrescente";"Ceu Claro";"Dupla";"Reta";"Urbano";1;0;0;0;1;0;0;1
83441217;"21/02/16";"Domingo";"13:20:00";"MG";146;"517,9";"POCOS DE CALDAS";"Ingestão de álcool";"Atropelamento de pessoa";"Com Vítimas Feridas";"Pleno dia";"Decrescente";"Nublado";"Simples";"Reta";"Rural";3;0;1;0;2;0;1;2
83441218;"21/02/16";"Domingo";"21:30:00";"SP";116;"520,6";"CAJATI";"Velocidade incompatível";"Capotamento";"Com Vítimas Feridas";"Plena noite";"Crescente";"Nublado";"Simples";"Curva";"Rural";1;0;1;0;0;0;1;1
83441220;"21/02/16";"Domingo";"20:00:00";"RS";290;"185";"MINAS DO LEAO";"Animais na Pista";"Atropelamento de animal";"Com Vítimas Feridas";"Plena noite";"Decrescente";"Ceu Claro";"Simples";"Reta";"Rural";9;0;5;1;3;0;6;1
83441221;"21/02/16";"Domingo";"22:50:00";"SP";116;"286,6";"ITAPECERICA DA SERRA";"Desobediência à sinalização";"Colisão Transversal";"Com Vítimas Feridas";"Plena noite";"Crescente";"Nublado";"Dupla";"Reta";"Rural";6;0;1;0;5;0;1;2
83441222;"21/02/16";"Domingo";"18:30:00";"PR";116;"6";"CAMPINA GRANDE DO SUL";"Velocidade incompatível";"Colisão com objeto fixo";"Sem Vítimas";"Anoitecer";"Decrescente";"Chuva";"Dupla";"Curva";"Rural";1;0;0;0;1;0;0;1
83441223;"21/02/16";"Domingo";"18:00:00";"PB";361;"5";"PATOS";"Ingestão de álcool";"Colisão traseira";"Com Vítimas Feridas";"Plena noite";"Decrescente";"Ceu Claro";"Simples";"Reta";"Urbano";13;0;9;0;4;0;9;2
83441224;"09/02/16";"Terça";"19:20:00";"PE";104;"68";"CARUARU";"Falta de atenção";"Colisão traseira";"Sem Vítimas";"Plena noite";"Decrescente";"Ceu Claro";"Dupla";"Reta";"Urbano";3;0;0;0;3;0;0;3
83441225;"21/02/16";"Domingo";"13:00:00";"SC";282;"97";"ALFREDO WAGNER";"Velocidade incompatível";"Saída de Pista";"Com Vítimas Feridas";"Pleno dia";"Crescente";"Ceu Claro";"Simples";"Curva";"Rural";2;0;2;0;0;0;2;1
83441226;"21/02/16";"Domingo";"23:45:00";"PR";116;"121,9";"CURITIBA";"Outras";"Colisão com objeto fixo";"Com Vítimas Feridas";"Plena noite";"Crescente";"Nublado";"Dupla";"Reta";"Urbano";2;0;2;0;0;0;2;1
83441228;"21/02/16";"Domingo";"21:45:00";"BA";242;"456";"IBITIARA";"Ingestão de álcool";"Colisão frontal";"Com Vítimas Fatais";"Anoitecer";"Decrescente";"Ceu Claro";"Simples";"Reta";"Rural";2;1;0;0;1;0;0;2
83441229;"21/02/16";"Domingo";"17:30:00";"MT";174;"429,1";"COMODORO";"Defeito na via";"Derramamento de Carga";"Sem Vítimas";"Pleno dia";"Crescente";"Nublado";"Simples";"Reta";"Rural";1;0;0;0;1;0;0;1
83441230;"21/02/16";"Domingo";"15:00:00";"RS";470;"8";"BARRACAO";"Velocidade incompatível";"Tombamento";"Com Vítimas Feridas";"Pleno dia";"Decrescente";"Sol";"Simples";"Curva";"Rural";1;0;0;1;0;0;1;1
83441231;"21/02/16";"Domingo";"20:50:00";"MS";163;"321,9";"RIO BRILHANTE";"Falta de atenção";"Colisão com bicicleta";"Com Vítimas Fatais";"Plena noite";"Decrescente";"Chuva";"Simples";"Reta";"Rural";2;1;0;0;0;1;0;2
83441232;"21/02/16";"Domingo";"22:45:00";"PR";369;"151,9";"LONDRINA";"Ingestão de álcool";"Saída de Pista";"Sem Vítimas";"Plena noite";"Crescente";"Ceu Claro";"Dupla";"Reta";"Urbano";1;0;0;0;1;0;0;1
83441233;"21/02/16";"Domingo";"23:00:00";"SP";116;"477,2";"JACUPIRANGA";"Falta de atenção";"Colisão traseira";"Sem Vítimas";"Plena noite";"Decrescente";"Chuva";"Dupla";"Reta";"Urbano";2;0;0;0;1;1;0;2
83441234;"21/02/16";"Domingo";"18:00:00";"BA";242;"140";"RAFAEL JAMBEIRO";"Desobediência à sinalização";"Colisão frontal";"Com Vítimas Feridas";"Anoitecer";"Decrescente";"Ceu Claro";"Simples";"Reta";"Rural";6;0;3;1;2;0;4;2
83441235;"10/01/16";"Domingo";"07:20:00";"RJ";101;"398";"ITAGUAI";"Velocidade incompatível";"Colisão com objeto fixo";"Com Vítimas Feridas";"Pleno dia";"Crescente";"Ceu Claro";"Simples";"Reta";"Urbano";1;0;1;0;0;0;1;1
83441236;"24/01/16";"Domingo";"17:00:00";"GO";414;"414,3";"VILA PROPICIO";"Não guardar distância de segurança";"Colisão traseira";"Com Vítimas Feridas";"Pleno dia";"Crescente";"Ceu Claro";"Simples";"Reta";"Rural";3;0;0;2;0;1;2;2
83441237;"19/02/16";"Sexta";"18:00:00";"ES";101;"263,3";"SERRA";"Não guardar distância de segurança";"Colisão traseira";"Com Vítimas Feridas";"Pleno dia";"Decrescente";"Ceu Claro";"Dupla";"Reta";"Urbano";2;0;0;1;1;0;1;2
83441238;"18/02/16";"Quinta";"18:25:00";"SP";116;"170";"JACAREI";"Outras";"Colisão com objeto fixo";"Com Vítimas Feridas";"Pleno dia";"Decrescente";"Chuva";"Dupla";"Reta";"Urbano";2;0;1;0;1;0;1;1
83441239;"22/02/16";"Segunda";"06:15:00";"BA";242;"189";"ITABERABA";"Velocidade incompatível";"Colisão traseira";"Sem Vítimas";"Amanhecer";"Decrescente";"Ceu Claro";"Simples";"Reta";"Rural";3;0;0;0;3;0;0;2
83441240;"22/02/16";"Segunda";"02:30:00";"SP";116;"418";"JUQUIA";"Outras";"Tombamento";"Sem Vítimas";"Plena noite";"Crescente";"Chuva";"Dupla";"Reta";"Rural";1;0;0;0;1;0;0;1
83441242;"18/02/16";"Quinta";"13:30:00";"MG";381;"500";"BETIM";"Velocidade incompatível";"Colisão traseira";"Sem Vítimas";"Pleno dia";"Decrescente";"Nublado";"Dupla";"Reta";"Urbano";2;0;0;0;2;0;0;2
83441243;"22/02/16";"Segunda";"05:15:00";"SC";101;"136";"BALNEARIO CAMBORIU";"Falta de atenção";"Colisão com objeto fixo";"Com Vítimas Feridas";"Pleno dia";"Decrescente";"Nublado";"Simples";"Reta";"Urbano";1;0;1;0;0;0;1;1
83441244;"21/02/16";"Domingo";"10:40:00";"RO";364;"227";"CACOAL";"Defeito na via";"Tombamento";"Com Vítimas Feridas";"Pleno dia";"Crescente";"Sol";"Simples";"Reta";"Rural";1;0;1;0;0;0;1;1
83441246;"21/02/16";"Domingo";"23:20:00";"BA";330;"803";"UBATA";"Animais na Pista";"Atropelamento de animal";"Com Vítimas Fatais";"Plena noite";"Crescente";"Ceu Claro";"Simples";"Reta";"Rural";1;1;0;0;0;0;0;1
83441247;"21/02/16";"Domingo";"16:15:00";"GO";452;"177,9";"ITUMBIARA";"Velocidade incompatível";"Colisão lateral";"Sem Vítimas";"Pleno dia";"Decrescente";"Ceu Claro";"Simples";"Reta";"Rural";2;0;0;0;2;0;0;2