"id";"data_inversa";"dia_semana";"horario";"uf";"br";"km";"municipio";"causa_acidente";"tipo_acidente";"classificacao_acidente";"fase_dia";"sentido_via";"condicao_metereologica";"tipo_pista";"tracado_via";"uso_solo";"pessoas";"mortos";"feridos_leves";"feridos_graves";"ilesos";"ignorados";"feridos";"veiculos"
83441248;"21/02/16";"Domingo";"05:30:00";"PR";376;"594";"CURITIBA";"Outras";"Atropelamento de pessoa";"Com Vítimas Fatais";"Amanhecer";"Decrescente";"Ceu Claro";"Dupla";"Reta";"Urbano";2;1;0;0;0;1;0;1
83441249;"21/02/16";"Domingo";"19:30:00";"PR";376;"671";"GUARATUBA";"Outras";"Saída de Pista";"Sem Vítimas";"Plena noite";"Crescente";"Chuva";"Dupla";"Reta";"Rural";2;0;0;0;2;0;0;2
83441250;"21/02/16";"Domingo";"04:10:00";"PR";369;"57,7";"BANDEIRANTES";"Velocidade incompatível";"Colisão com objeto fixo";"Com Vítimas Fatais";"Plena noite";"Decrescente";"Chuva";"Simples";"Reta";"Urbano";5;1;2;1;0;1;3;1
83441251;"21/02/16";"Domingo";"19:10:00";"RJ";101;"481";"ANGRA DOS REIS";"Outras";"Colisão frontal";"Com Vítimas Feridas";"Plena noite";"Decrescente";"Ceu Claro";"Simples";"Curva";"Urbano";7;0;3;0;3;1;3;2
83441252;"29/01/16";"Sexta";"16:28:00";"ES";262;"6";"CARIACICA";"Defeito na via";"Queda de motocicleta / bicicleta / veículo";"Com Vítimas Feridas";"Pleno dia";"Crescente";"Ceu Claro";"Dupla";"Reta";"Urbano";1;0;1;0;0;0;1;1
83441255;"22/02/16";"Segunda";"07:45:00";"RS";116;"246";"SAO LEOPOLDO";"Falta de atenção";"Colisão traseira";"Sem Vítimas";"Pleno dia";"Decrescente";"Sol";"Dupla";"Reta";"Urbano";4;0;0;0;4;0;0;4
83441256;"20/02/16";"Sábado";"22:30:00";"MG";40;"429";"PARAOPEBA";"Dormindo";"Colisão traseira";"Com Vítimas Feridas";"Plena noite";"Decrescente";"Ceu Claro";"Dupla";"Reta";"Rural";2;0;1;0;1;0;1;2
83441257;"19/02/16";"Sexta";"07:10:00";"SC";101;"135";"BALNEARIO CAMBORIU";"Falta de atenção";"Colisão traseira";"Com Vítimas Feridas";"Amanhecer";"Crescente";"Ceu Claro";"Múltipla";"Reta";"Urbano";3;0;3;0;0;0;3;2
83441258;"22/02/16";"Segunda";"06:10:00";"SC";282;"32,4";"AGUAS MORNAS";"Desobediência à sinalização";"Colisão Transversal";"Com Vítimas Fatais";"Amanhecer";"Decrescente";"Ceu Claro";"Simples";"Cruzamento";"Rural";3;1;0;1;1;0;1;2
83441259;"19/02/16";"Sexta";"02:00:00";"PR";277;"96,5";"CURITIBA";"Velocidade incompatível";"Atropelamento de pessoa";"Com Vítimas Fatais";"Plena noite";"Decrescente";"Ceu Claro";"Dupla";"Reta";"Urbano";2;1;1;0;0;0;1;1
83441261;"21/02/16";"Domingo";"07:30:00";"PR";467;"73";"TOLEDO";"Dormindo";"Saída de Pista";"Sem Vítimas";"Amanhecer";"Decrescente";"Sol";"Dupla";"Reta";"Rural";1;0;0;0;1;0;0;1
83441262;"22/02/16";"Segunda";"08:00:00";"DF";20;"12,1";"BRASILIA";"Outras";"Colisão lateral";"Com Vítimas Feridas";"Pleno dia";"Decrescente";"Ceu Claro";"Dupla";"Reta";"Urbano";2;0;1;0;1;0;1;2
83441263;"19/02/16";"Sexta";"06:40:00";"SC";470;"60";"BLUMENAU";"Ultrapassagem indevida";"Colisão frontal";"Com Vítimas Feridas";"Amanhecer";"Crescente";"Nublado";"Simples";"Cruzamento";"Urbano";2;0;2;0;0;0;2;2
83441264;"22/02/16";"Segunda";"07:20:00";"GO";153;"496";"GOIANIA";"Falta de atenção";"Colisão traseira";"Com Vítimas Feridas";"Pleno dia";"Decrescente";"Sol";"Dupla";"Reta";"Urbano";2;0;1;0;1;0;1;2
83441265;"18/02/16";"Quinta";"10:15:00";"SP";381;"85,5";"SAO PAULO";"Falta de atenção";"Colisão traseira";"Sem Vítimas";"Pleno dia";"Decrescente";"Sol";"Dupla";"Reta";"Urbano";2;0;0;0;2;0;0;2
83441266;"21/01/16";"Quinta";"07:00:00";"MG";50;"65";"UBERLANDIA";"Velocidade incompatível";"Tombamento";"Com Vítimas Feridas";"Amanhecer";"Decrescente";"Ceu Claro";"Dupla";"Curva";"Urbano";2;0;2;0;0;0;2;1
83441267;"20/02/16";"Sábado";"23:00:00";"RS";392;"32";"RIO GRANDE";"Ingestão de álcool";"Colisão com objeto fixo";"Com Vítimas Feridas";"Plena noite";"Decrescente";"Ceu Claro";"Dupla";"Curva";"Rural";1;0;1;0;0;0;1;1
83441268;"19/02/16";"Sexta";"00:30:00";"SC";280;"128,6";"RIO NEGRINHO";"Ingestão de álcool";"Colisão Transversal";"Com Vítimas Feridas";"Plena noite";"Crescente";"Ignorada";"Simples";"Reta";"Rural";3;0;1;1;1;0;2;2
83441269;"19/02/16";"Sexta";"17:30:00";"MG";262;"28,8";"REDUTO";"Falta de atenção";"Colisão Transversal";"Com Vítimas Feridas";"Pleno dia";"Decrescente";"Ceu Claro";"Simples";"Curva";"Urbano";3;0;1;0;2;0;1;2
83441271;"14/02/16";"Domingo";"22:40:00";"MA";135;"2";"SAO LUIS";"Falta de atenção";"Colisão Transversal";"Com Vítimas Feridas";"Plena noite";"Crescente";"Ceu Claro";"Dupla";"Reta";"Urbano";4;0;2;2;0;0;4;2
83441272;"19/02/16";"Sexta";"11:30:00";"AC";364;"272";"RIO BRANCO";"Falta de atenção";"Colisão Transversal";"Sem Vítimas";"Pleno dia";"Decrescente";"Ceu Claro";"Simples";"Reta";"Urbano";2;0;0;0;2;0;0;2
83441275;"20/02/16";"Sábado";"20:00:00";"BA";324;"583";"CANDEIAS";"Ingestão de álcool";"Atropelamento de pessoa";"Com Vítimas Feridas";"Plena noite";"Decrescente";"Ceu Claro";"Simples";"Reta";"Rural";2;0;0;1;1;0;1;1
83441276;"17/02/16";"Quarta";"15:40:00";"CE";222;"0,5";"FORTALEZA";"Não guardar distância de segurança";"Colisão traseira";"Com Vítimas Feridas";"Pleno dia";"Crescente";"Ceu Claro";"Múltipla";"Reta";"Urbano";2;0;0;1;1;0;1;2
83441279;"20/02/16";"Sábado";"06:00:00";"MG";40;"528";"CONTAGEM";"Velocidade incompatível";"Capotamento";"Sem Vítimas";"Amanhecer";"Decrescente";"Ceu Claro";"Dupla";"Curva";"Urbano";1;0;0;0;1;0;0;1
83441281;"20/02/16";"Sábado";"00:15:00";"CE";20;"391,2";"CAUCAIA";"Animais na Pista";"Atropelamento de animal";"Com Vítimas Feridas";"Plena noite";"Crescente";"Ceu Claro";"Simples";"Reta";"Rural";3;0;0;3;0;0;3;2
83441282;"19/02/16";"Sexta";"16:30:00";"PB";230;"31";"JOAO PESSOA";"Não guardar distância de segurança";"Colisão traseira";"Com Vítimas Feridas";"Pleno dia";"Crescente";"Ceu Claro";"Dupla";"Reta";"Urbano";5;0;1;1;2;1;2;4
83441283;"22/02/16";"Segunda";"07:40:00";"SC";470;"59,5";"BLUMENAU";"Desobediência à sinalização";"Colisão traseira";"Sem Vítimas";"Pleno dia";"Decrescente";"Sol";"Simples";"Reta";"Urbano";2;0;0;0;2;0;0;2
83441284;"19/02/16";"Sexta";"00:30:00";"SC";101;"0";"ARAQUARI";"Outras";"Colisão com objeto fixo";"Sem Vítimas";"Plena noite";"Decrescente";"Nublado";"Dupla";"Curva";"Rural";1;0;0;0;1;0;0;1
83441285;"22/02/16";"Segunda";"09:15:00";"RS";386;"105,2";"SAO JOSE DAS MISSOES";"Falta de atenção";"Saída de Pista";"Com Vítimas Feridas";"Pleno dia";"Decrescente";"Ceu Claro";"Simples";"Curva";"Rural";5;0;3;0;2;0;3;1
83441286;"22/02/16";"Segunda";"07:40:00";"RS";470;"213";"BENTO GONCALVES";"Falta de atenção";"Colisão frontal";"Sem Vítimas";"Pleno dia";"Decrescente";"Ceu Claro";"Simples";"Cruzamento";"Urbano";2;0;0;0;2;0;0;2
83441288;"22/02/16";"Segunda";"09:55:00";"SC";101;"199,9";"SAO JOSE";"Ultrapassagem indevida";"Colisão Transversal";"Com Vítimas Feridas";"Pleno dia";"Decrescente";"Sol";"Múltipla";"Reta";"Urbano";2;0;1;0;1;0;1;2
83441289;"19/02/16";"Sexta";"09:00:00";"CE";222;"55";"CROATA";"Outras";"Colisão lateral";"Com Vítimas Feridas";"Pleno dia";"Decrescente";"Ceu Claro";"Simples";"Reta";"Rural";2;0;1;0;1;0;1;2
83441290;"21/02/16";"Domingo";"06:30:00";"PA";316;"50";"SANTA ISABEL DO PARA";"Outras";"Colisão traseira";"Com Vítimas Feridas";"Amanhecer";"Decrescente";"Ceu Claro";"Dupla";"Reta";"Rural";2;0;0;1;1;0;1;2
83441293;"18/02/16";"Quinta";"13:30:00";"SP";381;"42";"ATIBAIA";"Defeito mecânico em veículo";"Queda de motocicleta / bicicleta / veículo";"Com Vítimas Feridas";"Pleno dia";"Decrescente";"Sol";"Dupla";"Reta";"Rural";1;0;1;0;0;0;1;1
83441294;"22/02/16";"Segunda";"09:20:00";"MT";174;"552,5";"COMODORO";"Defeito na via";"Colisão com objeto fixo";"Sem Vítimas";"Pleno dia";"Crescente";"Ceu Claro";"Simples";"Reta";"Rural";1;0;0;0;1;0;0;1
83441296;"19/01/16";"Terça";"03:40:00";"MT";364;"139";"PEDRA PRETA";"Dormindo";"Tombamento";"Sem Vítimas";"Plena noite";"Decrescente";"Ceu Claro";"Simples";"Curva";"Rural";4;0;0;0;4;0;0;1
83441297;"19/02/16";"Sexta";"06:00:00";"RJ";116;"196,8";"QUEIMADOS";"Dormindo";"Colisão com objeto fixo";"Sem Vítimas";"Amanhecer";"Crescente";"Ceu Claro";"Dupla";"Reta";"Rural";1;0;0;0;1;0;0;1
83441298;"15/02/16";"Segunda";"01:30:00";"BA";101;"291";"LAJE";"Animais na Pista";"Atropelamento de animal";"Sem Vítimas";"Amanhecer";"Decrescente";"Ignorada";"Simples";"Reta";"Rural";1;0;0;0;1;0;0;1
83441300;"22/02/16";"Segunda";"09:00:00";"MS";163;"524";"JARAGUARI";"Não guardar distância de segurança";"Colisão traseira";"Sem Vítimas";"Pleno dia";"Decrescente";"Sol";"Simples";"Reta";"Rural";3;0;0;0;3;0;0;3
83441302;"21/02/16";"Domingo";"16:20:00";"SP";153;"14,8";"NOVA GRANADA";"Defeito mecânico em veículo";"Queda de motocicleta / bicicleta / veículo";"Com Vítimas Feridas";"Pleno dia";"Crescente";"Ceu Claro";"Simples";"Reta";"Rural";2;0;2;0;0;0;2;1
83441303;"22/02/16";"Segunda";"10:00:00";"PR";369;"87,6";"CORNELIO PROCOPIO";"Outras";"Capotamento";"Sem Vítimas";"Pleno dia";"Decrescente";"Chuva";"Simples";"Reta";"Rural";2;0;0;0;2;0;0;1
83441304;"20/02/16";"Sábado";"16:45:00";"PI";343;"342";"TERESINA";"Outras";"Atropelamento de pessoa";"Com Vítimas Feridas";"Pleno dia";"Crescente";"Sol";"Simples";"Reta";"Urbano";2;0;0;1;1;0;1;1
83441305;"22/02/16";"Segunda";"08:30:00";"MS";267;"109";"NOVA ANDRADINA";"Defeito mecânico em veículo";"Saída de Pista";"Ignorado";"Pleno dia";"Decrescente";"Nublado";"Simples";"Reta";"Rural";1;0;0;0;0;1;0;1
83441307;"20/02/16";"Sábado";"16:50:00";"PR";476;"91";"BOCAIUVA DO SUL";"Velocidade incompatível";"Colisão frontal";"Com Vítimas Feridas";"Pleno dia";"Decrescente";"Nublado";"Simples";"Curva";"Rural";3;0;2;0;1;0;2;2
83441309;"21/02/16";"Domingo";"14:40:00";"MG";146;"558";"ANDRADAS";"Velocidade incompatível";"Colisão frontal";"Com Vítimas Feridas";"Pleno dia";"Crescente";"Chuva";"Simples";"Curva";"Rural";5;0;4;1;0;0;5;2
83441310;"22/02/16";"Segunda";"08:40:00";"SP";116;"426";"JUQUIA";"Falta de atenção";"Colisão traseira";"Com Vítimas Feridas";"Pleno dia";"Crescente";"Chuva";"Simples";"Reta";"Rural";4;0;1;0;3;0;1;2
83441311;"08/01/16";"Sexta";"15:00:00";"BA";101;"652";"ITAPEBI";"Velocidade incompatível";"Saída de Pista";"Com Vítimas Feridas";"Pleno dia";"Crescente";"Chuva";"Simples";"Curva";"Rural";1;0;1;0;0;0;1;1
83441312;"22/02/16";"Segunda";"11:00:00";"RS";158;"422";"SAO GABRIEL";"Dormindo";"Queda de motocicleta / bicicleta / veículo";"Com Vítimas Feridas";"Pleno dia";"Decrescente";"Ceu Claro";"Simples";"Reta";"Rural";1;0;1;0;0;0;1;1
83441313;"04/02/16";"Quinta";"23:13:00";"PR";369;"173";"ROLANDIA";"Outras";"Colisão com objeto fixo";"Com Vítimas Feridas";"Plena noite";"Crescente";"Ignorada";"Simples";"Reta";"Urbano";1;0;0;1;0;0;1;1
83441314;"22/02/16";"Segunda";"10:10:00";"PR";369;"509,9";"CASCAVEL";"Outras";"Colisão frontal";"Com Vítimas Feridas";"Pleno dia";"Crescente";"Chuva";"Simples";"Curva";"Rural";2;0;0;1;1;0;1;2
83441315;"18/02/16";"Quinta";"16:20:00";"SC";101;"225";"PALHOCA";"Desobediência à sinalização";"Colisão lateral";"Com Vítimas Feridas";"Pleno dia";"Crescente";"Ceu Claro";"Simples";"Cruzamento";"Rural";2;0;1;0;1;0;1;2
83441316;"22/02/16";"Segunda";"11:00:00";"PR";277;"204,2";"PALMEIRA";"Outras";"Saída de Pista";"Com Vítimas Feridas";"Pleno dia";"Crescente";"Nublado";"Simples";"Curva";"Rural";1;0;1;0;0;0;1;1
83441317;"22/02/16";"Segunda";"11:00:00";"MA";230;"405";"BALSAS";"Desobediência à sinalização";"Colisão Transversal";"Com Vítimas Feridas";"Pleno dia";"Crescente";"Sol";"Simples";"Reta";"Urbano";3;0;2;0;1;0;2;2
83441318;"19/02/16";"Sexta";"14:30:00";"SP";116;"549";"BARRA DO TURVO";"Velocidade incompatível";"Queda de motocicleta / bicicleta / veículo";"Com Vítimas Feridas";"Pleno dia";"Decrescente";"Sol";"Dupla";"Curva";"Rural";1;0;1;0;0;0;1;1
83441319;"22/02/16";"Segunda";"11:50:00";"SC";101;"128";"BALNEARIO CAMBORIU";"Outras";"Queda de motocicleta / bicicleta / veículo";"Com Vítimas Feridas";"Pleno dia";"Crescente";"Sol";"Dupla";"Reta";"Urbano";3;0;2;0;1;0;2;2
83441321;"10/02/16";"Quarta";"08:10:00";"BA";101;"108";"ALAGOINHAS";"Falta de atenção";"Colisão Transversal";"Com Vítimas Feridas";"Pleno dia";"Decrescente";"Ceu Claro";"Simples";"Curva";"Urbano";2;0;1;0;1;0;1;2
83441322;"04/02/16";"Quinta";"11:50:00";"PR";116;"14";"CAMPINA GRANDE DO SUL";"Velocidade incompatível";"Capotamento";"Com Vítimas Feridas";"Pleno dia";"Crescente";"Nublado";"Dupla";"Curva";"Rural";1;0;1;0;0;0;1;1
83441323;"22/02/16";"Segunda";"07:20:00";"TO";153;"660";"GURUPI";"Ultrapassagem indevida";"Saída de Pista";"Com Vítimas Feridas";"Amanhecer";"Crescente";"Ceu Claro";"Simples";"Reta";"Rural";5;0;1;3;1;0;4;1
83441324;"22/02/16";"Segunda";"11:30:00";"CE";116;"93";"MORADA NOVA";"Animais na Pista";"Atropelamento de animal";"Sem Vítimas";"Pleno dia";"Decrescente";"Ceu Claro";"Simples";"Reta";"Rural";2;0;0;0;2;0;0;1
83441325;"22/02/16";"Segunda";"10:50:00";"SP";116;"212";"GUARULHOS";"Não guardar distância de segurança";"Colisão traseira";"Sem Vítimas";"Pleno dia";"Crescente";"Chuva";"Múltipla";"Reta";"Urbano";3;0;0;0;2;1;0;3
83441326;"22/02/16";"Segunda";"06:30:00";"BA";324;"623";"SALVADOR";"Outras";"Colisão lateral";"Sem Vítimas";"Pleno dia";"Decrescente";"Chuva";"Dupla";"Reta";"Urbano";2;0;0;0;1;1;0;2
83441327;"22/02/16";"Segunda";"09:50:00";"PR";376;"174,5";"MARINGA";"Desobediência à sinalização";"Colisão lateral";"Com Vítimas Feridas";"Pleno dia";"Decrescente";"Nublado";"Dupla";"Reta";"Urbano";2;0;1;0;0;1;1;2
83441328;"22/02/16";"Segunda";"12:05:00";"PR";369;"138,8";"IBIPORA";"Desobediência à sinalização";"Colisão Transversal";"Sem Vítimas";"Pleno dia";"Crescente";"Nublado";"Dupla";"Curva";"Urbano";2;0;0;0;2;0;0;2
83441330;"19/02/16";"Sexta";"06:50:00";"SC";282;"223,7";"LAGES";"Falta de atenção";"Colisão lateral";"Sem Vítimas";"Pleno dia";"Crescente";"Ceu Claro";"Simples";"Curva";"Urbano";2;0;0;0;2;0;0;2
83441331;"22/02/16";"Segunda";"13:25:00";"MG";381;"862,6";"POUSO ALEGRE";"Velocidade incompatível";"Saída de Pista";"Sem Vítimas";"Pleno dia";"Crescente";"Chuva";"Dupla";"Reta";"Rural";1;0;0;0;1;0;0;1
83441332;"22/02/16";"Segunda";"11:20:00";"GO";153;"444";"ANAPOLIS";"Falta de atenção";"Colisão traseira";"Sem Vítimas";"Pleno dia";"Crescente";"Ceu Claro";"Dupla";"Curva";"Urbano";2;0;0;0;2;0;0;2
83441333;"22/02/16";"Segunda";"12:30:00";"SC";116;"1";"MAFRA";"Falta de atenção";"Colisão traseira";"Sem Vítimas";"Pleno dia";"Decrescente";"Nublado";"Simples";"Curva";"Urbano";2;0;0;0;2;0;0;2
83441334;"22/02/16";"Segunda";"13:30:00";"RS";101;"72,3";"OSORIO";"Defeito mecânico em veículo";"Incêndio";"Sem Vítimas";"Pleno dia";"Decrescente";"Ceu Claro";"Dupla";"Reta";"Rural";1;0;0;0;1;0;0;1
83441335;"18/02/16";"Quinta";"16:35:00";"BA";324;"584";"CANDEIAS";"Velocidade incompatível";"Capotamento";"Sem Vítimas";"Pleno dia";"Decrescente";"Ceu Claro";"Dupla";"Reta";"Rural";1;0;0;0;1;0;0;1
83441336;"18/02/16";"Quinta";"19:00:00";"MG";116;"17";"AGUAS VERMELHAS";"Defeito na via";"Colisão traseira";"Com Vítimas Feridas";"Plena noite";"Crescente";"Ceu Claro";"Simples";"Reta";"Rural";2;0;1;0;1;0;1;2
83441337;"12/02/16";"Sexta";"08:00:00";"MG";135;"617";"CURVELO";"Outras";"Colisão lateral";"Com Vítimas Feridas";"Pleno dia";"Crescente";"Chuva";"Simples";"Reta";"Rural";2;0;1;0;1;0;1;2
83441338;"22/02/16";"Segunda";"12:00:00";"MG";153;"100";"PRATA";"Outras";"Colisão traseira";"Com Vítimas Feridas";"Pleno dia";"Crescente";"Sol";"Simples";"Reta";"Rural";2;0;0;1;1;0;1;2
83441339;"22/02/16";"Segunda";"10:45:00";"BA";324;"517";"FEIRA DE SANTANA";"Outras";"Tombamento";"Sem Vítimas";"Pleno dia";"Decrescente";"Nublado";"Simples";"Reta";"Urbano";1;0;0;0;1;0;0;1
83441340;"20/02/16";"Sábado";"20:00:00";"BA";101;"178";"SAO GONCALO DOS CAMPOS";"Outras";"Capotamento";"Com Vítimas Fatais";"Plena noite";"Decrescente";"Nublado";"Simples";"Reta";"Rural";1;1;0;0;0;0;0;1
83441341;"22/02/16";"Segunda";"10:20:00";"MT";364;"478";"JANGADA";"Falta de atenção";"Colisão traseira";"Sem Vítimas";"Pleno dia";"Decrescente";"Ignorada";"Simples";"Reta";"Rural";2;0;0;0;2;0;0;2
83441342;"22/02/16";"Segunda";"12:00:00";"SP";381;"74,6";"MAIRIPORA";"Outras";"Queda de motocicleta / bicicleta / veículo";"Com Vítimas Feridas";"Plena noite";"Decrescente";"Chuva";"Dupla";"Curva";"Urbano";1;0;1;0;0;0;1;1
83441343;"22/02/16";"Segunda";"08:30:00";"PE";232;"10";"JABOATAO DOS GUARARAPES";"Não guardar distância de segurança";"Colisão traseira";"Com Vítimas Feridas";"Pleno dia";"Decrescente";"Ceu Claro";"Dupla";"Reta";"Urbano";5;0;1;1;3;0;2;5
83441344;"22/02/16";"Segunda";"13:40:00";"DF";20;"20";"BRASILIA";"Outras";"Saída de Pista";"Sem Vítimas";"Pleno dia";"Crescente";"Ceu Claro";"Dupla";"Reta";"Urbano";1;0;0;0;1;0;0;1
83441345;"19/02/16";"Sexta";"18:10:00";"CE";222;"34,8";"CAUCAIA";"Animais na Pista";"Atropelamento de animal";"Sem Vítimas";"Plena noite";"Decrescente";"Chuva";"Simples";"Reta";"Rural";1;0;0;0;1;0;0;1
83441346;"18/02/16";"Quinta";"12:05:00";"ES";101;"383";"RIO NOVO DO SUL";"Falta de atenção";"Colisão lateral";"Sem Vítimas";"Pleno dia";"Decrescente";"Ceu Claro";"Simples";"Reta";"Rural";2;0;0;0;2;0;0;2
83441347;"22/02/16";"Segunda";"12:50:00";"RS";290;"46";"GLORINHA";"Dormindo";"Saída de Pista";"Ignorado";"Pleno dia";"Crescente";"Ceu Claro";"Dupla";"Reta";"Rural";1;0;0;0;0;1;0;1
83441348;"21/02/16";"Domingo";"20:10:00";"MS";163;"408,7";"NOVA ALVORADA DO SUL";"Outras";"Colisão frontal";"Com Vítimas Fatais";"Plena noite";"Crescente";"Ignorada";"Simples";"Reta";"Rural";2;1;0;0;1;0;0;2
83441349;"21/02/16";"Domingo";"05:00:00";"ES";262;"189,3";"IUNA";"Outras";"Incêndio";"Sem Vítimas";"Plena noite";"Decrescente";"Ceu Claro";"Simples";"Reta";"Rural";2;0;0;0;1;1;0;2
83441351;"22/02/16";"Segunda";"14:15:00";"RJ";116;"134";"MAGE";"Outras";"Saída de Pista";"Com Vítimas Feridas";"Pleno dia";"Crescente";"Ceu Claro";"Dupla";"Reta";"Rural";2;0;2;0;0;0;2;1
83441352;"18/02/16";"Quinta";"22:50:00";"MG";381;"635,5";"SANTO ANTONIO DO AMPARO";"Velocidade incompatível";"Saída de Pista";"Sem Vítimas";"Plena noite";"Crescente";"Chuva";"Dupla";"Curva";"Rural";1;0;0;0;1;0;0;1
83441356;"22/02/16";"Segunda";"14:45:00";"MG";381;"499";"BETIM";"Outras";"Colisão com objeto fixo";"Sem Vítimas";"Pleno dia";"Decrescente";"Sol";"Dupla";"Reta";"Urbano";1;0;0;0;1;0;0;1
83441357;"22/02/16";"Segunda";"12:30:00";"ES";101;"260";"SERRA";"Outras";"Saída de Pista";"Com Vítimas Feridas";"Pleno dia";"Decrescente";"Ceu Claro";"Simples";"Curva";"Rural";1;0;1;0;0;0;1;1
83441359;"19/02/16";"Sexta";"18:45:00";"CE";222;"31,2";"CAUCAIA";"Animais na Pista";"Atropelamento de animal";"Sem Vítimas";"Plena noite";"Crescente";"Chuva";"Simples";"Reta";"Rural";1;0;0;0;1;0;0;1
83441361;"22/02/16";"Segunda";"12:15:00";"BA";101;"715";"EUNAPOLIS";"Falta de atenção";"Colisão Transversal";"Sem Vítimas";"Pleno dia";"Decrescente";"Ceu Claro";"Simples";"Reta";"Urbano";2;0;0;0;2;0;0;2
83441362;"22/02/16";"Segunda";"09:20:00";"MG";381;"895,8";"CAMBUI";"Dormindo";"Saída de Pista";"Sem Vítimas";"Pleno dia";"Crescente";"Nublado";"Dupla";"Reta";"Rural";1;0;0;0;1;0;0;1
83441363;"22/02/16";"Segunda";"12:30:00";"PA";163;"1000";"SANTAREM";"Desobediência à sinalização";"Colisão lateral";"Com Vítimas Feridas";"Pleno dia";"Decrescente";"Ceu Claro";"Dupla";"Reta";"Urbano";2;0;1;0;1;0;1;2
83441365;"16/02/16";"Terça";"22:00:00";"MG";135;"506";"BUENOPOLIS";"Falta de atenção";"Colisão lateral";"Com Vítimas Feridas";"Pleno dia";"Decrescente";"Ceu Claro";"Simples";"Reta";"Rural";2;0;1;0;1;0;1;2
83441369;"22/02/16";"Segunda";"14:00:00";"SC";101;"118";"ITAJAI";"Desobediência à sinalização";"Colisão Transversal";"Com Vítimas Feridas";"Pleno dia";"Crescente";"Ceu Claro";"Múltipla";"Reta";"Urbano";2;0;2;0;0;0;2;2
83441370;"06/02/16";"Sábado";"08:00:00";"BA";101;"216";"GOVERNADOR MANGABEIRA";"Falta de atenção";"Colisão traseira";"Sem Vítimas";"Pleno dia";"Crescente";"Ceu Claro";"Simples";"Reta";"Rural";6;0;0;0;6;0;0;6
83441371;"18/02/16";"Quinta";"21:25:00";"SP";116;"213";"GUARULHOS";"Não guardar distância de segurança";"Colisão traseira";"Sem Vítimas";"Plena noite";"Decrescente";"Ceu Claro";"Múltipla";"Reta";"Urbano";2;0;0;0;2;0;0;2
83441372;"07/02/16";"Domingo";"07:50:00";"CE";116;"23";"AQUIRAZ";"Falta de atenção";"Colisão lateral";"Com Vítimas Feridas";"Pleno dia";"Crescente";"Nublado";"Dupla";"Reta";"Urbano";2;0;1;0;1;0;1;2
83441374;"22/02/16";"Segunda";"13:40:00";"RS";116;"491,7";"PELOTAS";"Ultrapassagem indevida";"Colisão frontal";"Com Vítimas Feridas";"Pleno dia";"Crescente";"Ceu Claro";"Simples";"Reta";"Rural";3;0;1;0;2;0;1;2
83441378;"31/01/16";"Domingo";"00:30:00";"PR";376;"674";"GUARATUBA";"Velocidade incompatível";"Saída de Pista";"Com Vítimas Feridas";"Plena noite";"Decrescente";"Ceu Claro";"Dupla";"Reta";"Rural";2;0;0;2;0;0;2;1
83441379;"19/02/16";"Sexta";"00:40:00";"MG";381;"714,5";"CARMO DA CACHOEIRA";"Velocidade incompatível";"Tombamento";"Sem Vítimas";"Plena noite";"Crescente";"Chuva";"Dupla";"Reta";"Rural";1;0;0;0;1;0;0;1
83441380;"14/01/16";"Quinta";"22:00:00";"MT";163;"837,6";"SINOP";"Desobediência à sinalização";"Colisão Transversal";"Sem Vítimas";"Plena noite";"Decrescente";"Nublado";"Dupla";"Reta";"Urbano";2;0;0;0;2;0;0;2
83441381;"22/02/16";"Segunda";"10:50:00";"MG";381;"910";"CAMANDUCAIA";"Dormindo";"Tombamento";"Com Vítimas Feridas";"Pleno dia";"Decrescente";"Chuva";"Dupla";"Reta";"Rural";2;0;2;0;0;0;2;1
83441382;"22/02/16";"Segunda";"13:00:00";"SP";381;"75,5";"SAO PAULO";"Velocidade incompatível";"Colisão com objeto fixo";"Sem Vítimas";"Pleno dia";"Crescente";"Ceu Claro";"Dupla";"Curva";"Rural";1;0;0;0;1;0;0;1
83441383;"22/02/16";"Segunda";"13:00:00";"DF";70;"19,8";"BRASILIA";"Velocidade incompatível";"Saída de Pista";"Com Vítimas Feridas";"Pleno dia";"Decrescente";"Chuva";"Dupla";"Curva";"Rural";4;0;2;0;2;0;2;1
83441384;"17/02/16";"Quarta";"22:15:00";"PR";476;"108";"COLOMBO";"Ingestão de álcool";"Colisão lateral";"Sem Vítimas";"Plena noite";"Decrescente";"Ceu Claro";"Simples";"Curva";"Rural";2;0;0;0;2;0;0;2
83441385;"22/02/16";"Segunda";"07:15:00";"PE";101;"70";"RECIFE";"Não guardar distância de segurança";"Colisão traseira";"Com Vítimas Feridas";"Pleno dia";"Decrescente";"Ceu Claro";"Múltipla";"Reta";"Urbano";5;0;3;1;1;0;4;3
83441386;"22/02/16";"Segunda";"14:50:00";"PR";277;"18";"PARANAGUA";"Falta de atenção";"Saída de Pista";"Sem Vítimas";"Pleno dia";"Decrescente";"Chuva";"Dupla";"Reta";"Rural";1;0;0;0;1;0;0;1
83441387;"14/02/16";"Domingo";"14:50:00";"MA";135;"10";"SAO LUIS";"Outras";"Capotamento";"Com Vítimas Feridas";"Pleno dia";"Crescente";"Chuva";"Dupla";"Reta";"Urbano";3;0;0;3;0;0;3;1
83441388;"22/02/16";"Segunda";"06:30:00";"CE";222;"3,2";"FORTALEZA";"Falta de atenção";"Colisão traseira";"Com Vítimas Feridas";"Pleno dia";"Decrescente";"Sol";"Múltipla";"Reta";"Urbano";4;0;2;0;1;1;2;3