"id";"data_inversa";"dia_semana";"horario";"uf";"br";"km";"municipio";"causa_acidente";"tipo_acidente";"classificacao_acidente";"fase_dia";"sentido_via";"condicao_metereologica";"tipo_pista";"tracado_via";"uso_solo";"pessoas";"mortos";"feridos_leves";"feridos_graves";"ilesos";"ignorados";"feridos";"veiculos"
83441627;"19/02/16";"Sexta";"13:30:00";"GO";60;"101";"ANAPOLIS";"Outras";"Queda de motocicleta / bicicleta / veículo";"Com Vítimas Feridas";"Pleno dia";"Crescente";"Ceu Claro";"Dupla";"Reta";"Urbano";2;0;1;0;0;1;1;2
83441628;"23/02/16";"Terça";"07:15:00";"RO";319;"63";"PORTO VELHO";"Falta de atenção";"Colisão lateral";"Com Vítimas Feridas";"Pleno dia";"Decrescente";"Ceu Claro";"Dupla";"Reta";"Urbano";2;0;1;0;1;0;1;2
83441629;"23/02/16";"Terça";"05:30:00";"MG";40;"509";"RIBEIRAO DAS NEVES";"Não guardar distância de segurança";"Colisão traseira";"Sem Vítimas";"Amanhecer";"Crescente";"Ceu Claro";"Dupla";"Reta";"Urbano";3;0;0;0;3;0;0;3
83441631;"20/02/16";"Sábado";"05:35:00";"ES";101;"288";"CARIACICA";"Falta de atenção";"Colisão Transversal";"Com Vítimas Feridas";"Plena noite";"Decrescente";"Ceu Claro";"Dupla";"Reta";"Urbano";2;0;0;1;0;1;1;2
83441632;"23/02/16";"Terça";"09:10:00";"PR";277;"76,8";"SAO JOSE DOS PINHAIS";"Velocidade incompatível";"Colisão com objeto fixo";"Ignorado";"Pleno dia";"Crescente";"Chuva";"Dupla";"Reta";"Urbano";3;0;0;0;0;3;0;1
83441633;"22/02/16";"Segunda";"16:30:00";"PI";135;"364";"BOM JESUS";"Ultrapassagem indevida";"Saída de Pista";"Sem Vítimas";"Pleno dia";"Crescente";"Ceu Claro";"Simples";"Curva";"Rural";2;0;0;0;2;0;0;1
83441634;"23/02/16";"Terça";"09:30:00";"PI";316;"309";"PICOS";"Falta de atenção";"Colisão lateral";"Sem Vítimas";"Pleno dia";"Crescente";"Ceu Claro";"Simples";"Cruzamento";"Rural";2;0;0;0;2;0;0;2
83441635;"20/02/16";"Sábado";"07:40:00";"SC";101;"13,5";"GARUVA";"Falta de atenção";"Colisão traseira";"Com Vítimas Feridas";"Pleno dia";"Crescente";"Nublado";"Dupla";"Reta";"Rural";3;0;1;0;2;0;1;2
83441636;"23/02/16";"Terça";"11:30:00";"PA";316;"101,5";"SANTA MARIA DO PARA";"Falta de atenção";"Colisão Transversal";"Sem Vítimas";"Pleno dia";"Decrescente";"Ceu Claro";"Simples";"Reta";"Urbano";2;0;0;0;2;0;0;2
83441637;"23/02/16";"Terça";"09:00:00";"MG";459;"37,9";"SANTA RITA DE CALDAS";"Velocidade incompatível";"Capotamento";"Sem Vítimas";"Pleno dia";"Decrescente";"Chuva";"Simples";"Curva";"Rural";1;0;0;0;1;0;0;1
83441638;"07/02/16";"Domingo";"07:00:00";"MG";381;"714,5";"CARMO DA CACHOEIRA";"Outras";"Colisão frontal";"Com Vítimas Fatais";"Pleno dia";"Crescente";"Nublado";"Dupla";"Reta";"Rural";8;2;1;5;0;0;6;2
83441639;"23/02/16";"Terça";"09:45:00";"MG";381;"478,7";"CONTAGEM";"Falta de atenção";"Colisão Transversal";"Com Vítimas Feridas";"Pleno dia";"Crescente";"Sol";"Múltipla";"Reta";"Urbano";2;0;1;0;1;0;1;2
83441640;"23/02/16";"Terça";"11:30:00";"RS";116;"250";"SAO LEOPOLDO";"Falta de atenção";"Colisão traseira";"Sem Vítimas";"Pleno dia";"Crescente";"Ceu Claro";"Dupla";"Reta";"Urbano";2;0;0;0;2;0;0;2
83441641;"23/02/16";"Terça";"08:30:00";"PB";101;"94,1";"CONDE";"Defeito na via";"Saída de Pista";"Com Vítimas Feridas";"Pleno dia";"Decrescente";"Chuva";"Dupla";"Reta";"Rural";1;0;1;0;0;0;1;1
83441642;"22/02/16";"Segunda";"10:05:00";"PR";277;"122";"CAMPO LARGO";"Velocidade incompatível";"Saída de Pista";"Sem Vítimas";"Pleno dia";"Decrescente";"Nublado";"Dupla";"Curva";"Rural";1;0;0;0;1;0;0;1
83441643;"19/02/16";"Sexta";"21:20:00";"DF";20;"17";"BRASILIA";"Outras";"Colisão Transversal";"Com Vítimas Feridas";"Plena noite";"Crescente";"Ceu Claro";"Dupla";"Reta";"Urbano";2;0;1;1;0;0;2;2
83441646;"23/02/16";"Terça";"13:20:00";"PE";101;"69,6";"RECIFE";"Falta de atenção";"Colisão traseira";"Com Vítimas Feridas";"Pleno dia";"Crescente";"Nublado";"Múltipla";"Reta";"Urbano";2;0;1;0;1;0;1;2
83441647;"20/02/16";"Sábado";"03:15:00";"SP";101;"46,7";"UBATUBA";"Falta de atenção";"Colisão Transversal";"Com Vítimas Feridas";"Plena noite";"Decrescente";"Ceu Claro";"Simples";"Reta";"Urbano";2;0;0;1;0;1;1;2
83441649;"20/02/16";"Sábado";"05:30:00";"PR";163;"13,6";"BOM JESUS DO SUL";"Ingestão de álcool";"Saída de Pista";"Com Vítimas Feridas";"Plena noite";"Decrescente";"Ceu Claro";"Simples";"Reta";"Rural";1;0;1;0;0;0;1;1
83441651;"23/02/16";"Terça";"06:20:00";"RS";285;"523,5";"VITORIA DAS MISSOES";"Não guardar distância de segurança";"Colisão traseira";"Com Vítimas Feridas";"Amanhecer";"Decrescente";"Ceu Claro";"Simples";"Reta";"Rural";2;0;2;0;0;0;2;2
83441652;"23/02/16";"Terça";"09:20:00";"SP";116;"340";"MIRACATU";"Outras";"Saída de Pista";"Com Vítimas Feridas";"Pleno dia";"Decrescente";"Nublado";"Dupla";"Reta";"Rural";2;0;2;0;0;0;2;1
83441653;"22/02/16";"Segunda";"00:49:00";"AP";210;"4";"MACAPA";"Não guardar distância de segurança";"Saída de Pista";"Sem Vítimas";"Plena noite";"Decrescente";"Ignorada";"Dupla";"Reta";"Urbano";1;0;0;0;1;0;0;1
83441654;"23/02/16";"Terça";"11:45:00";"SC";470;"144,1";"RIO DO SUL";"Outras";"Colisão frontal";"Com Vítimas Feridas";"Pleno dia";"Crescente";"Chuva";"Simples";"Curva";"Urbano";2;0;0;1;1;0;1;2
83441655;"19/02/16";"Sexta";"14:35:00";"CE";116;"41,4";"HORIZONTE";"Falta de atenção";"Colisão lateral";"Com Vítimas Feridas";"Pleno dia";"Crescente";"Sol";"Dupla";"Curva";"Urbano";2;0;1;0;0;1;1;2
83441656;"23/02/16";"Terça";"09:30:00";"BA";101;"911,3";"NOVA VICOSA";"Outras";"Colisão frontal";"Com Vítimas Fatais";"Pleno dia";"Crescente";"Sol";"Simples";"Curva";"Rural";3;1;0;1;1;0;1;2
83441660;"23/02/16";"Terça";"10:20:00";"TO";226;"3,3";"AGUIARNOPOLIS";"Outras";"Tombamento";"Com Vítimas Feridas";"Pleno dia";"Decrescente";"Sol";"Simples";"Reta";"Rural";1;0;1;0;0;0;1;1
83441661;"23/02/16";"Terça";"12:30:00";"PR";277;"37,5";"MORRETES";"Defeito mecânico em veículo";"Saída de Pista";"Sem Vítimas";"Pleno dia";"Decrescente";"Chuva";"Dupla";"Curva";"Rural";1;0;0;0;1;0;0;1
83441664;"21/02/16";"Domingo";"18:00:00";"PB";230;"366";"MALTA";"Não guardar distância de segurança";"Colisão traseira";"Com Vítimas Feridas";"Plena noite";"Crescente";"Ignorada";"Simples";"Reta";"Urbano";4;0;3;0;1;0;3;2
83441666;"21/02/16";"Domingo";"16:00:00";"MG";381;"728,8";"CARMO DA CACHOEIRA";"Outras";"Capotamento";"Sem Vítimas";"Pleno dia";"Decrescente";"Nublado";"Dupla";"Curva";"Rural";1;0;0;0;1;0;0;1
83441667;"19/02/16";"Sexta";"17:50:00";"RO";364;"710";"PORTO VELHO";"Falta de atenção";"Colisão lateral";"Com Vítimas Feridas";"Pleno dia";"Crescente";"Ceu Claro";"Dupla";"Reta";"Urbano";2;0;0;1;1;0;1;2
83441668;"21/02/16";"Domingo";"19:30:00";"PB";230;"418,7";"POMBAL";"Animais na Pista";"Atropelamento de animal";"Com Vítimas Feridas";"Plena noite";"Crescente";"Ceu Claro";"Simples";"Reta";"Rural";1;0;1;0;0;0;1;1
83441669;"22/02/16";"Segunda";"20:00:00";"GO";20;"10";"FORMOSA";"Outras";"Colisão frontal";"Com Vítimas Fatais";"Plena noite";"Crescente";"Chuva";"Simples";"Reta";"Rural";36;1;16;0;19;0;16;2
83441670;"23/02/16";"Terça";"13:45:00";"MT";70;"4";"BARRA DO GARCAS";"Não guardar distância de segurança";"Colisão com objeto fixo";"Com Vítimas Feridas";"Pleno dia";"Crescente";"Ceu Claro";"Dupla";"Reta";"Urbano";1;0;0;1;0;0;1;1
83441671;"23/02/16";"Terça";"09:15:00";"BA";116;"813";"VITORIA DA CONQUISTA";"Outras";"Colisão traseira";"Com Vítimas Feridas";"Pleno dia";"Crescente";"Nublado";"Simples";"Reta";"Rural";13;0;6;1;6;0;7;4
83441672;"23/02/16";"Terça";"12:30:00";"SP";116;"96,8";"PINDAMONHANGABA";"Dormindo";"Capotamento";"Com Vítimas Feridas";"Pleno dia";"Decrescente";"Nublado";"Dupla";"Reta";"Urbano";3;0;3;0;0;0;3;1
83441673;"23/02/16";"Terça";"13:50:00";"GO";60;"192,9";"GUAPO";"Defeito na via";"Saída de Pista";"Sem Vítimas";"Pleno dia";"Decrescente";"Ceu Claro";"Dupla";"Reta";"Rural";1;0;0;0;1;0;0;1
83441674;"04/02/16";"Quinta";"19:00:00";"PI";402;"57";"LUIS CORREIA";"Animais na Pista";"Atropelamento de animal";"Sem Vítimas";"Plena noite";"Crescente";"Ceu Claro";"Simples";"Reta";"Rural";2;0;0;0;2;0;0;1
83441675;"22/02/16";"Segunda";"19:30:00";"MT";163;"844";"SINOP";"Velocidade incompatível";"Tombamento";"Sem Vítimas";"Plena noite";"Decrescente";"Ceu Claro";"Simples";"Cruzamento";"Rural";1;0;0;0;1;0;0;1
83441676;"23/02/16";"Terça";"14:10:00";"RS";386;"432,1";"NOVA SANTA RITA";"Não guardar distância de segurança";"Colisão traseira";"Sem Vítimas";"Pleno dia";"Decrescente";"Ceu Claro";"Dupla";"Reta";"Rural";4;0;0;0;4;0;0;2
83441678;"19/02/16";"Sexta";"21:00:00";"MG";251;"429,8";"GRAO MOGOL";"Outras";"Colisão frontal";"Com Vítimas Fatais";"Plena noite";"Crescente";"Ceu Claro";"Simples";"Reta";"Rural";2;1;0;0;0;1;0;2
83441679;"23/02/16";"Terça";"07:30:00";"BA";101;"152,5";"CONCEICAO DO JACUIPE";"Defeito na via";"Colisão frontal";"Com Vítimas Feridas";"Amanhecer";"Decrescente";"Ceu Claro";"Simples";"Reta";"Rural";4;0;0;1;3;0;1;4
83441680;"23/02/16";"Terça";"09:20:00";"RJ";393;"256,1";"BARRA DO PIRAI";"Falta de atenção";"Colisão frontal";"Com Vítimas Feridas";"Pleno dia";"Crescente";"Sol";"Simples";"Reta";"Urbano";2;0;0;1;1;0;1;2
83441681;"23/02/16";"Terça";"07:20:00";"RO";319;"63";"PORTO VELHO";"Falta de atenção";"Colisão lateral";"Sem Vítimas";"Pleno dia";"Decrescente";"Ceu Claro";"Dupla";"Reta";"Urbano";2;0;0;0;2;0;0;2
83441682;"23/02/16";"Terça";"12:40:00";"MT";364;"290";"JACIARA";"Ultrapassagem indevida";"Saída de Pista";"Sem Vítimas";"Pleno dia";"Decrescente";"Chuva";"Simples";"Reta";"Rural";1;0;0;0;1;0;0;1
83441683;"23/02/16";"Terça";"07:45:00";"PB";101;"122,5";"CAAPORA";"Velocidade incompatível";"Saída de Pista";"Com Vítimas Fatais";"Amanhecer";"Crescente";"Chuva";"Dupla";"Curva";"Rural";2;1;0;1;0;0;1;1
83441684;"21/02/16";"Domingo";"20:10:00";"GO";60;"96";"ANAPOLIS";"Outras";"Saída de Pista";"Ignorado";"Plena noite";"Decrescente";"Ceu Claro";"Dupla";"Reta";"Urbano";1;0;0;0;0;1;0;1
83441685;"23/02/16";"Terça";"13:20:00";"MG";381;"494";"BETIM";"Velocidade incompatível";"Saída de Pista";"Sem Vítimas";"Pleno dia";"Crescente";"Ceu Claro";"Dupla";"Reta";"Rural";1;0;0;0;1;0;0;1
83441686;"23/02/16";"Terça";"11:00:00";"SC";101;"335";"TUBARAO";"Não guardar distância de segurança";"Colisão com objeto móvel";"Com Vítimas Feridas";"Pleno dia";"Decrescente";"Nublado";"Dupla";"Reta";"Urbano";2;0;1;0;1;0;1;2
83441687;"23/02/16";"Terça";"15:00:00";"RS";386;"327";"MARQUES DE SOUZA";"Falta de atenção";"Colisão lateral";"Com Vítimas Feridas";"Pleno dia";"Crescente";"Nublado";"Simples";"Reta";"Rural";2;0;1;0;1;0;1;2
83441688;"19/02/16";"Sexta";"14:30:00";"MG";381;"500,5";"BETIM";"Ultrapassagem indevida";"Colisão lateral";"Sem Vítimas";"Pleno dia";"Crescente";"Ceu Claro";"Dupla";"Reta";"Urbano";2;0;0;0;2;0;0;2
83441689;"19/02/16";"Sexta";"19:30:00";"SC";101;"217";"PALHOCA";"Defeito mecânico em veículo";"Colisão lateral";"Com Vítimas Feridas";"Anoitecer";"Crescente";"Ceu Claro";"Dupla";"Reta";"Urbano";3;0;1;0;2;0;1;2
83441690;"23/02/16";"Terça";"13:15:00";"PR";163;"185,2";"LINDOESTE";"Outras";"Capotamento";"Com Vítimas Feridas";"Pleno dia";"Crescente";"Chuva";"Simples";"Curva";"Urbano";1;0;1;0;0;0;1;1
83441691;"23/02/16";"Terça";"14:50:00";"SC";116;"272,5";"CAPAO ALTO";"Desobediência à sinalização";"Colisão Transversal";"Sem Vítimas";"Pleno dia";"Crescente";"Ceu Claro";"Simples";"Reta";"Rural";2;0;0;0;2;0;0;2
83441692;"23/02/16";"Terça";"13:30:00";"SC";470;"186";"POUSO REDONDO";"Velocidade incompatível";"Tombamento";"Com Vítimas Feridas";"Pleno dia";"Decrescente";"Chuva";"Simples";"Curva";"Rural";1;0;0;1;0;0;1;1
83441693;"23/02/16";"Terça";"13:20:00";"RN";101;"83,9";"SAO GONCALO DO AMARANTE";"Falta de atenção";"Colisão traseira";"Com Vítimas Feridas";"Pleno dia";"Crescente";"Nublado";"Dupla";"Reta";"Urbano";2;0;1;0;1;0;1;2
83441694;"23/02/16";"Terça";"13:45:00";"SC";101;"342,4";"TUBARAO";"Outras";"Colisão Transversal";"Com Vítimas Feridas";"Pleno dia";"Crescente";"Sol";"Simples";"Cruzamento";"Urbano";2;0;0;1;1;0;1;2
83441695;"23/02/16";"Terça";"13:20:00";"SP";116;"554";"BARRA DO TURVO";"Velocidade incompatível";"Capotamento";"Sem Vítimas";"Pleno dia";"Crescente";"Chuva";"Dupla";"Curva";"Rural";1;0;0;0;1;0;0;1
83441696;"23/02/16";"Terça";"11:00:00";"MG";459;"13,5";"CALDAS";"Velocidade incompatível";"Saída de Pista";"Com Vítimas Feridas";"Pleno dia";"Crescente";"Chuva";"Simples";"Curva";"Rural";2;0;1;1;0;0;2;1
83441698;"15/02/16";"Segunda";"19:45:00";"PR";476;"187,3";"LAPA";"Velocidade incompatível";"Colisão frontal";"Com Vítimas Fatais";"Anoitecer";"Crescente";"Chuva";"Simples";"Reta";"Rural";4;1;0;1;2;0;1;4
83441699;"23/02/16";"Terça";"12:45:00";"PR";376;"2,8";"MARINGA";"Outras";"Derramamento de Carga";"Sem Vítimas";"Pleno dia";"Crescente";"Chuva";"Dupla";"Reta";"Urbano";1;0;0;0;1;0;0;1
83441700;"23/02/16";"Terça";"15:30:00";"RS";285;"230,5";"CASEIROS";"Falta de atenção";"Saída de Pista";"Com Vítimas Feridas";"Pleno dia";"Decrescente";"Nublado";"Simples";"Curva";"Rural";1;0;1;0;0;0;1;1
83441702;"23/02/16";"Terça";"10:45:00";"SE";235;"39,5";"AREIA BRANCA";"Outras";"Colisão traseira";"Sem Vítimas";"Pleno dia";"Crescente";"Sol";"Simples";"Reta";"Rural";2;0;0;0;2;0;0;2
83441703;"23/02/16";"Terça";"15:50:00";"SC";282;"46,3";"AGUAS MORNAS";"Velocidade incompatível";"Capotamento";"Com Vítimas Feridas";"Pleno dia";"Decrescente";"Chuva";"Simples";"Curva";"Rural";1;0;1;0;0;0;1;1
83441704;"15/02/16";"Segunda";"13:38:00";"SC";101;"62";"ARAQUARI";"Outras";"Colisão traseira";"Com Vítimas Feridas";"Pleno dia";"Crescente";"Ceu Claro";"Dupla";"Reta";"Rural";3;0;2;0;1;0;2;2
83441705;"23/02/16";"Terça";"12:35:00";"GO";50;"115,6";"CRISTALINA";"Outras";"Capotamento";"Com Vítimas Feridas";"Pleno dia";"Crescente";"Ceu Claro";"Simples";"Reta";"Rural";1;0;1;0;0;0;1;1
83441706;"23/02/16";"Terça";"12:40:00";"SP";116;"97,8";"PINDAMONHANGABA";"Não guardar distância de segurança";"Colisão traseira";"Com Vítimas Feridas";"Pleno dia";"Decrescente";"Chuva";"Dupla";"Reta";"Rural";6;0;3;0;3;0;3;3
83441707;"22/01/16";"Sexta";"00:20:00";"MG";50;"17";"ARAGUARI";"Outras";"Capotamento";"Sem Vítimas";"Plena noite";"Crescente";"Vento";"Dupla";"Curva";"Rural";1;0;0;0;1;0;0;1
83441708;"23/02/16";"Terça";"14:40:00";"MA";135;"8";"SAO LUIS";"Outras";"Colisão Transversal";"Com Vítimas Feridas";"Pleno dia";"Crescente";"Chuva";"Dupla";"Cruzamento";"Urbano";2;0;1;0;1;0;1;2
83441709;"23/02/16";"Terça";"09:30:00";"SC";282;"3,8";"FLORIANOPOLIS";"Desobediência à sinalização";"Colisão lateral";"Sem Vítimas";"Pleno dia";"Decrescente";"Sol";"Múltipla";"Reta";"Urbano";2;0;0;0;2;0;0;2
83441710;"17/02/16";"Quarta";"13:45:00";"SP";116;"145";"SAO JOSE DOS CAMPOS";"Defeito mecânico em veículo";"Incêndio";"Sem Vítimas";"Pleno dia";"Crescente";"Sol";"Dupla";"Reta";"Urbano";1;0;0;0;1;0;0;1
83441711;"21/02/16";"Domingo";"15:20:00";"MG";40;"727";"OLIVEIRA FORTES";"Velocidade incompatível";"Colisão com objeto fixo";"Com Vítimas Feridas";"Pleno dia";"Crescente";"Chuva";"Dupla";"Curva";"Rural";3;0;2;1;0;0;3;1
83441712;"23/02/16";"Terça";"15:00:00";"MG";262;"372";"JUATUBA";"Falta de atenção";"Colisão lateral";"Sem Vítimas";"Pleno dia";"Decrescente";"Ceu Claro";"Dupla";"Reta";"Rural";2;0;0;0;2;0;0;2
83441713;"19/02/16";"Sexta";"15:45:00";"RJ";40;"124";"DUQUE DE CAXIAS";"Falta de atenção";"Atropelamento de pessoa";"Com Vítimas Feridas";"Pleno dia";"Decrescente";"Ceu Claro";"Múltipla";"Reta";"Urbano";3;0;0;1;2;0;1;2
83441714;"21/02/16";"Domingo";"19:50:00";"BA";101;"224";"CRUZ DAS ALMAS";"Outras";"Saída de Pista";"Com Vítimas Feridas";"Plena noite";"Decrescente";"Nublado";"Simples";"Reta";"Rural";1;0;1;0;0;0;1;1
83441715;"23/02/16";"Terça";"08:50:00";"SP";116;"219";"GUARULHOS";"Outras";"Colisão traseira";"Com Vítimas Feridas";"Pleno dia";"Crescente";"Sol";"Múltipla";"Reta";"Urbano";3;0;2;0;1;0;2;2
83441716;"23/02/16";"Terça";"01:40:00";"BA";101;"122";"ALAGOINHAS";"Velocidade incompatível";"Saída de Pista";"Sem Vítimas";"Plena noite";"Crescente";"Ceu Claro";"Simples";"Curva";"Rural";1;0;0;0;1;0;0;1
83441717;"23/02/16";"Terça";"14:30:00";"PR";158;"393,3";"LARANJEIRAS DO SUL";"Outras";"Saída de Pista";"Com Vítimas Feridas";"Pleno dia";"Crescente";"Nublado";"Simples";"Curva";"Rural";4;0;4;0;0;0;4;1
83441718;"23/02/16";"Terça";"15:43:00";"MG";381;"492";"BETIM";"Outras";"Colisão com objeto fixo";"Com Vítimas Feridas";"Pleno dia";"Decrescente";"Sol";"Dupla";"Reta";"Urbano";2;0;0;1;1;0;1;2
83441719;"23/02/16";"Terça";"11:10:00";"MS";463;"101,3";"PONTA PORA";"Falta de atenção";"Colisão com bicicleta";"Com Vítimas Feridas";"Pleno dia";"Decrescente";"Chuva";"Simples";"Reta";"Urbano";2;0;1;0;1;0;1;2
83441720;"23/02/16";"Terça";"14:00:00";"SC";280;"154,5";"MAFRA";"Velocidade incompatível";"Saída de Pista";"Com Vítimas Feridas";"Pleno dia";"Decrescente";"Chuva";"Simples";"Curva";"Rural";3;0;2;0;1;0;2;1
83441721;"23/02/16";"Terça";"13:10:00";"PR";376;"213,4";"MANDAGUARI";"Outras";"Saída de Pista";"Com Vítimas Feridas";"Pleno dia";"Decrescente";"Chuva";"Dupla";"Reta";"Rural";1;0;1;0;0;0;1;1
83441722;"17/02/16";"Quarta";"17:30:00";"PR";476;"99,5";"BOCAIUVA DO SUL";"Outras";"Colisão lateral";"Com Vítimas Feridas";"Pleno dia";"Crescente";"Chuva";"Simples";"Curva";"Rural";4;0;1;0;3;0;1;3
83441723;"23/02/16";"Terça";"17:10:00";"RJ";116;"267";"BARRA MANSA";"Outras";"Colisão lateral";"Sem Vítimas";"Pleno dia";"Decrescente";"Nublado";"Dupla";"Curva";"Urbano";2;0;0;0;1;1;0;2
83441724;"23/02/16";"Terça";"10:30:00";"SC";280;"35";"ARAQUARI";"Outras";"Colisão com objeto fixo";"Sem Vítimas";"Pleno dia";"Crescente";"Nublado";"Simples";"Curva";"Urbano";1;0;0;0;1;0;0;1
83441725;"19/02/16";"Sexta";"15:45:00";"SP";116;"229";"SAO PAULO";"Outras";"Colisão lateral";"Com Vítimas Feridas";"Pleno dia";"Crescente";"Nublado";"Múltipla";"Reta";"Urbano";3;0;1;0;2;0;1;3
83441726;"23/02/16";"Terça";"15:30:00";"PR";376;"176,4";"MARINGA";"Não guardar distância de segurança";"Colisão traseira";"Com Vítimas Feridas";"Plena noite";"Decrescente";"Nublado";"Dupla";"Reta";"Urbano";3;0;1;0;1;1;1;3
83441727;"23/02/16";"Terça";"16:20:00";"MG";365;"599,6";"UBERLANDIA";"Desobediência à sinalização";"Colisão com objeto fixo";"Sem Vítimas";"Pleno dia";"Decrescente";"Ceu Claro";"Simples";"Reta";"Urbano";1;0;0;0;1;0;0;1
83441728;"19/02/16";"Sexta";"18:45:00";"CE";116;"1,5";"FORTALEZA";"Falta de atenção";"Colisão lateral";"Com Vítimas Feridas";"Plena noite";"Crescente";"Ceu Claro";"Dupla";"Reta";"Urbano";3;0;1;1;1;0;2;3
83441731;"23/02/16";"Terça";"12:00:00";"MT";174;"225";"FIGUEIROPOLIS DOESTE";"Outras";"Saída de Pista";"Com Vítimas Feridas";"Pleno dia";"Crescente";"Ceu Claro";"Simples";"Reta";"Rural";2;0;2;0;0;0;2;1
83441732;"20/02/16";"Sábado";"04:25:00";"SE";101;"117,9";"ITAPORANGA DAJUDA";"Outras";"Colisão com bicicleta";"Com Vítimas Fatais";"Plena noite";"Crescente";"Ceu Claro";"Dupla";"Reta";"Rural";2;1;0;0;1;0;0;2
83441733;"23/02/16";"Terça";"16:35:00";"MG";116;"773";"LEOPOLDINA";"Falta de atenção";"Colisão Transversal";"Sem Vítimas";"Pleno dia";"Crescente";"Sol";"Simples";"Curva";"Rural";2;0;0;0;2;0;0;2
83441734;"23/02/16";"Terça";"16:00:00";"RS";116;"236";"ESTANCIA VELHA";"Falta de atenção";"Colisão Transversal";"Com Vítimas Feridas";"Pleno dia";"Crescente";"Sol";"Dupla";"Cruzamento";"Urbano";2;0;1;0;1;0;1;2
83441735;"23/02/16";"Terça";"17:05:00";"PR";158;"206,5";"CAMPO MOURAO";"Falta de atenção";"Colisão traseira";"Sem Vítimas";"Pleno dia";"Decrescente";"Nublado";"Dupla";"Reta";"Rural";2;0;0;0;2;0;0;2
83441736;"23/02/16";"Terça";"16:30:00";"SC";101;"203,4";"SAO JOSE";"Não guardar distância de segurança";"Colisão lateral";"Com Vítimas Feridas";"Pleno dia";"Decrescente";"Chuva";"Múltipla";"Reta";"Urbano";2;0;1;0;1;0;1;2
83441737;"21/02/16";"Domingo";"23:00:00";"GO";153;"663";"GOIATUBA";"Dormindo";"Colisão traseira";"Sem Vítimas";"Plena noite";"Decrescente";"Ceu Claro";"Dupla";"Reta";"Rural";2;0;0;0;2;0;0;2
83441738;"23/02/16";"Terça";"13:20:00";"MG";381;"455";"BELO HORIZONTE";"Outras";"Colisão lateral";"Com Vítimas Feridas";"Pleno dia";"Decrescente";"Sol";"Simples";"Reta";"Rural";3;0;2;0;1;0;2;3
83441739;"23/02/16";"Terça";"17:45:00";"GO";60;"385";"RIO VERDE";"Não guardar distância de segurança";"Queda de motocicleta / bicicleta / veículo";"Com Vítimas Feridas";"Anoitecer";"Crescente";"Chuva";"Dupla";"Reta";"Urbano";2;0;1;0;1;0;1;2
83441740;"23/02/16";"Terça";"09:33:00";"RS";116;"242,7";"SAO LEOPOLDO";"Falta de atenção";"Colisão traseira";"Sem Vítimas";"Pleno dia";"Crescente";"Ceu Claro";"Dupla";"Reta";"Urbano";6;0;0;0;6;0;0;6
83441741;"23/02/16";"Terça";"14:35:00";"MG";135;"495";"JOAQUIM FELICIO";"Falta de atenção";"Colisão traseira";"Sem Vítimas";"Pleno dia";"Decrescente";"Ceu Claro";"Simples";"Reta";"Rural";2;0;0;0;2;0;0;2
83441742;"20/02/16";"Sábado";"02:39:00";"MG";40;"741,9";"SANTOS DUMONT";"Velocidade incompatível";"Saída de Pista";"Com Vítimas Feridas";"Plena noite";"Decrescente";"Nublado";"Simples";"Curva";"Rural";5;0;1;0;4;0;1;1
83441745;"23/02/16";"Terça";"07:20:00";"MS";262;"555,7";"MIRANDA";"Falta de atenção";"Colisão traseira";"Com Vítimas Fatais";"Pleno dia";"Crescente";"Nublado";"Simples";"Reta";"Rural";3;1;0;0;2;0;0;2
83441746;"13/02/16";"Sábado";"22:00:00";"MA";135;"2";"SAO LUIS";"Falta de atenção";"Colisão lateral";"Sem Vítimas";"Plena noite";"Decrescente";"Chuva";"Dupla";"Reta";"Rural";3;0;0;0;1;2;0;3
83441747;"23/02/16";"Terça";"17:30:00";"SC";163;"67,1";"SAO MIGUEL DOESTE";"Outras";"Atropelamento de pessoa";"Ignorado";"Pleno dia";"Decrescente";"Ceu Claro";"Dupla";"Reta";"Urbano";2;0;0;0;0;2;0;1
83441748;"23/02/16";"Terça";"17:30:00";"MT";364;"438";"VARZEA GRANDE";"Outras";"Saída de Pista";"Sem Vítimas";"Pleno dia";"Crescente";"Chuva";"Simples";"Reta";"Urbano";1;0;0;0;1;0;0;1
83441749;"20/02/16";"Sábado";"05:20:00";"PI";135;"244";"ALVORADA DO GURGUEIA";"Defeito na via";"Saída de Pista";"Sem Vítimas";"Amanhecer";"Crescente";"Ceu Claro";"Simples";"Reta";"Rural";3;0;0;0;2;1;0;2
83441750;"23/02/16";"Terça";"18:00:00";"ES";101;"0";"SERRA";"Falta de atenção";"Colisão lateral";"Com Vítimas Feridas";"Anoitecer";"Decrescente";"Ignorada";"Múltipla";"Reta";"Urbano";4;0;0;1;3;0;1;4
83441751;"17/02/16";"Quarta";"09:20:00";"ES";101;"65";"SAO MATEUS";"Outras";"Queda de motocicleta / bicicleta / veículo";"Com Vítimas Feridas";"Pleno dia";"Decrescente";"Ceu Claro";"Simples";"Reta";"Urbano";1;0;1;0;0;0;1;1
83441755;"23/02/16";"Terça";"08:00:00";"MT";70;"299";"PRIMAVERA DO LESTE";"Falta de atenção";"Colisão traseira";"Com Vítimas Feridas";"Pleno dia";"Crescente";"Ceu Claro";"Simples";"Reta";"Rural";3;0;2;0;1;0;2;3