"id";"data_inversa";"dia_semana";"horario";"uf";"br";"km";"municipio";"causa_acidente";"tipo_acidente";"classificacao_acidente";"fase_dia";"sentido_via";"condicao_metereologica";"tipo_pista";"tracado_via";"uso_solo";"pessoas";"mortos";"feridos_leves";"feridos_graves";"ilesos";"ignorados";"feridos";"veiculos"
83442227;"25/02/16";"Quinta";"06:05:00";"PB";230;"11,1";"CABEDELO";"Desobediência à sinalização";"Colisão com bicicleta";"Com Vítimas Feridas";"Pleno dia";"Decrescente";"Sol";"Dupla";"Reta";"Urbano";2;0;1;0;1;0;1;2
83442228;"25/02/16";"Quinta";"08:00:00";"PE";104;"42";"CARUARU";"Outras";"Colisão traseira";"Com Vítimas Feridas";"Pleno dia";"Decrescente";"Nublado";"Dupla";"Reta";"Rural";2;0;1;0;1;0;1;2
83442229;"25/02/16";"Quinta";"11:00:00";"SC";470;"74,5";"INDAIAL";"Não guardar distância de segurança";"Colisão traseira";"Sem Vítimas";"Pleno dia";"Decrescente";"Ceu Claro";"Simples";"Reta";"Urbano";2;0;0;0;2;0;0;2
83442230;"25/02/16";"Quinta";"13:00:00";"RJ";116;"124";"MAGE";"Outras";"Colisão lateral";"Sem Vítimas";"Pleno dia";"Crescente";"Sol";"Dupla";"Reta";"Rural";2;0;0;0;1;1;0;2
83442231;"25/02/16";"Quinta";"08:43:00";"SC";282;"485,5";"FAXINAL DOS GUEDES";"Falta de atenção";"Colisão frontal";"Sem Vítimas";"Pleno dia";"Decrescente";"Sol";"Simples";"Cruzamento";"Urbano";2;0;0;0;2;0;0;2
83442232;"17/02/16";"Quarta";"16:20:00";"MG";40;"752,2";"SANTOS DUMONT";"Velocidade incompatível";"Colisão lateral";"Com Vítimas Feridas";"Pleno dia";"Decrescente";"Chuva";"Simples";"Curva";"Rural";2;0;1;0;1;0;1;2
83442233;"14/01/16";"Quinta";"12:25:00";"MG";40;"275";"TRES MARIAS";"Outras";"Atropelamento de animal";"Com Vítimas Feridas";"Pleno dia";"Decrescente";"Sol";"Simples";"Reta";"Urbano";2;0;0;2;0;0;2;1
83442234;"25/02/16";"Quinta";"09:00:00";"PR";163;"59,3";"PEROLA DOESTE";"Outras";"Saída de Pista";"Com Vítimas Feridas";"Pleno dia";"Decrescente";"Sol";"Simples";"Reta";"Rural";1;0;1;0;0;0;1;1
83442235;"22/02/16";"Segunda";"02:00:00";"RS";392;"73,9";"PELOTAS";"Animais na Pista";"Atropelamento de animal";"Com Vítimas Feridas";"Plena noite";"Decrescente";"Ceu Claro";"Simples";"Reta";"Urbano";2;0;1;0;1;0;1;2
83442236;"11/01/16";"Segunda";"09:40:00";"MG";381;"494";"BETIM";"Defeito mecânico em veículo";"Colisão traseira";"Com Vítimas Feridas";"Pleno dia";"Decrescente";"Ceu Claro";"Dupla";"Reta";"Rural";2;0;1;0;1;0;1;2
83442237;"21/02/16";"Domingo";"16:15:00";"RJ";393;"182";"PARAIBA DO SUL";"Ultrapassagem indevida";"Queda de motocicleta / bicicleta / veículo";"Com Vítimas Feridas";"Pleno dia";"Crescente";"Ceu Claro";"Simples";"Curva";"Urbano";2;0;2;0;0;0;2;1
83442238;"08/02/16";"Segunda";"22:30:00";"MG";381;"223,8";"SANTANA DO PARAISO";"Velocidade incompatível";"Colisão frontal";"Com Vítimas Feridas";"Plena noite";"Crescente";"Ceu Claro";"Simples";"Curva";"Rural";9;0;4;4;1;0;8;2
83442239;"11/01/16";"Segunda";"17:15:00";"MG";381;"705,1";"LAVRAS";"Velocidade incompatível";"Capotamento";"Com Vítimas Feridas";"Pleno dia";"Crescente";"Ceu Claro";"Dupla";"Curva";"Rural";2;0;2;0;0;0;2;1
83442240;"04/01/16";"Segunda";"16:10:00";"MG";40;"789,9";"JUIZ DE FORA";"Outras";"Colisão traseira";"Com Vítimas Feridas";"Pleno dia";"Decrescente";"Ceu Claro";"Dupla";"Reta";"Rural";5;0;0;1;4;0;1;2
83442241;"25/02/16";"Quinta";"12:50:00";"MG";116;"527";"CARATINGA";"Falta de atenção";"Colisão Transversal";"Com Vítimas Feridas";"Pleno dia";"Crescente";"Ceu Claro";"Simples";"Reta";"Urbano";3;0;0;1;2;0;1;3
83442242;"25/02/16";"Quinta";"08:20:00";"PB";104;"138,6";"QUEIMADAS";"Falta de atenção";"Colisão traseira";"Com Vítimas Feridas";"Pleno dia";"Decrescente";"Ceu Claro";"Simples";"Reta";"Rural";2;0;1;1;0;0;2;2
83442245;"25/02/16";"Quinta";"10:48:00";"MT";364;"204";"RONDONOPOLIS";"Outras";"Queda de motocicleta / bicicleta / veículo";"Com Vítimas Feridas";"Pleno dia";"Crescente";"Ceu Claro";"Simples";"Reta";"Urbano";1;0;1;0;0;0;1;1
83442247;"24/02/16";"Quarta";"06:20:00";"PA";230;"162";"ITUPIRANGA";"Outras";"Atropelamento de pessoa";"Com Vítimas Fatais";"Amanhecer";"Decrescente";"Nublado";"Simples";"Reta";"Rural";2;1;0;0;0;1;0;1
83442248;"25/02/16";"Quinta";"09:30:00";"SP";116;"535";"BARRA DO TURVO";"Velocidade incompatível";"Capotamento";"Sem Vítimas";"Pleno dia";"Decrescente";"Chuva";"Dupla";"Curva";"Rural";1;0;0;0;1;0;0;1
83442249;"25/02/16";"Quinta";"11:30:00";"PR";277;"681";"SAO MIGUEL DO IGUACU";"Outras";"Saída de Pista";"Sem Vítimas";"Pleno dia";"Decrescente";"Chuva";"Dupla";"Reta";"Rural";1;0;0;0;1;0;0;1
83442250;"25/02/16";"Quinta";"10:10:00";"PR";277;"683,4";"SAO MIGUEL DO IGUACU";"Outras";"Saída de Pista";"Com Vítimas Feridas";"Pleno dia";"Decrescente";"Chuva";"Dupla";"Curva";"Rural";2;0;1;0;1;0;1;1
83442251;"25/02/16";"Quinta";"13:40:00";"PB";230;"158,6";"CAMPINA GRANDE";"Falta de atenção";"Colisão Transversal";"Com Vítimas Feridas";"Pleno dia";"Decrescente";"Ceu Claro";"Simples";"Reta";"Urbano";2;0;1;0;1;0;1;2
83442252;"19/02/16";"Sexta";"16:00:00";"PA";222;"180";"MARABA";"Velocidade incompatível";"Saída de Pista";"Ignorado";"Pleno dia";"Decrescente";"Ceu Claro";"Simples";"Reta";"Rural";1;0;0;0;0;1;0;1
83442253;"25/02/16";"Quinta";"12:30:00";"MS";262;"594,6";"MIRANDA";"Outras";"Saída de Pista";"Com Vítimas Feridas";"Pleno dia";"Decrescente";"Chuva";"Simples";"Curva";"Rural";2;0;1;0;1;0;1;1
83442254;"25/02/16";"Quinta";"13:00:00";"SC";282;"0,1";"FLORIANOPOLIS";"Defeito mecânico em veículo";"Queda de motocicleta / bicicleta / veículo";"Com Vítimas Feridas";"Pleno dia";"Decrescente";"Nublado";"Dupla";"Reta";"Urbano";1;0;1;0;0;0;1;1
83442255;"25/02/16";"Quinta";"11:30:00";"BA";242;"817";"BARREIRAS";"Velocidade incompatível";"Tombamento";"Com Vítimas Feridas";"Pleno dia";"Crescente";"Sol";"Simples";"Reta";"Rural";1;0;1;0;0;0;1;1
83442256;"25/02/16";"Quinta";"14:20:00";"PR";153;"338,2";"IRATI";"Falta de atenção";"Colisão Transversal";"Sem Vítimas";"Pleno dia";"Decrescente";"Nublado";"Simples";"Reta";"Urbano";2;0;0;0;2;0;0;2
83442257;"23/02/16";"Terça";"18:30:00";"RN";101;"100,8";"NATAL";"Outras";"Queda de motocicleta / bicicleta / veículo";"Com Vítimas Feridas";"Plena noite";"Crescente";"Ceu Claro";"Dupla";"Reta";"Urbano";1;0;1;0;0;0;1;1
83442258;"25/02/16";"Quinta";"10:30:00";"MT";364;"300";"CAMPO VERDE";"Outras";"Colisão traseira";"Sem Vítimas";"Pleno dia";"Decrescente";"Nublado";"Dupla";"Reta";"Rural";2;0;0;0;1;1;0;2
83442259;"22/02/16";"Segunda";"00:05:00";"SC";101;"90";"BARRA VELHA";"Outras";"Atropelamento de animal";"Com Vítimas Feridas";"Plena noite";"Decrescente";"Nublado";"Dupla";"Reta";"Rural";1;0;1;0;0;0;1;1
83442260;"25/02/16";"Quinta";"12:30:00";"PR";476;"350";"PAULA FREITAS";"Defeito na via";"Colisão traseira";"Sem Vítimas";"Pleno dia";"Crescente";"Chuva";"Simples";"Reta";"Rural";2;0;0;0;1;1;0;2
83442261;"25/02/16";"Quinta";"14:00:00";"RS";386;"179";"CARAZINHO";"Desobediência à sinalização";"Colisão lateral";"Sem Vítimas";"Pleno dia";"Decrescente";"Sol";"Simples";"Cruzamento";"Urbano";2;0;0;0;2;0;0;2
83442262;"24/02/16";"Quarta";"05:30:00";"RS";116;"599,3";"ARROIO GRANDE";"Defeito mecânico em veículo";"Saída de Pista";"Sem Vítimas";"Plena noite";"Decrescente";"Nevoeiro/neblina";"Simples";"Reta";"Rural";3;0;0;0;3;0;0;1
83442263;"21/02/16";"Domingo";"00:01:00";"SP";153;"94,2";"JACI";"Defeito mecânico em veículo";"Colisão traseira";"Com Vítimas Feridas";"Plena noite";"Crescente";"Ceu Claro";"Simples";"Reta";"Urbano";2;0;1;0;1;0;1;2
83442264;"25/02/16";"Quinta";"10:30:00";"SC";153;"22";"AGUA DOCE";"Velocidade incompatível";"Colisão frontal";"Com Vítimas Fatais";"Pleno dia";"Crescente";"Ceu Claro";"Simples";"Reta";"Rural";7;1;6;0;0;0;6;2
83442265;"04/01/16";"Segunda";"16:15:00";"MG";40;"76,8";"PARACATU";"Outras";"Saída de Pista";"Sem Vítimas";"Pleno dia";"Decrescente";"Chuva";"Simples";"Reta";"Rural";1;0;0;0;1;0;0;1
83442266;"22/02/16";"Segunda";"22:50:00";"MG";116;"782,1";"LEOPOLDINA";"Velocidade incompatível";"Tombamento";"Sem Vítimas";"Plena noite";"Decrescente";"Ceu Claro";"Simples";"Curva";"Rural";1;0;0;0;1;0;0;1
83442267;"21/02/16";"Domingo";"18:45:00";"SE";235;"56";"ITABAIANA";"Ingestão de álcool";"Colisão lateral";"Sem Vítimas";"Plena noite";"Crescente";"Ceu Claro";"Simples";"Reta";"Rural";2;0;0;0;2;0;0;2
83442268;"25/02/16";"Quinta";"12:15:00";"SC";163;"93,3";"GUARACIABA";"Falta de atenção";"Tombamento";"Sem Vítimas";"Pleno dia";"Crescente";"Ceu Claro";"Simples";"Curva";"Rural";1;0;0;0;1;0;0;1
83442269;"22/02/16";"Segunda";"05:15:00";"MG";381;"726";"CARMO DA CACHOEIRA";"Outras";"Saída de Pista";"Sem Vítimas";"Amanhecer";"Decrescente";"Nublado";"Dupla";"Reta";"Rural";1;0;0;0;1;0;0;1
83442270;"25/02/16";"Quinta";"13:00:00";"PR";158;"398";"LARANJEIRAS DO SUL";"Outras";"Saída de Pista";"Com Vítimas Feridas";"Plena noite";"Crescente";"Chuva";"Simples";"Reta";"Rural";1;0;1;0;0;0;1;1
83442271;"25/02/16";"Quinta";"15:30:00";"MG";116;"530";"ENGENHEIRO CALDAS";"Falta de atenção";"Colisão com bicicleta";"Com Vítimas Feridas";"Pleno dia";"Crescente";"Ceu Claro";"Simples";"Cruzamento";"Urbano";2;0;0;1;1;0;1;2
83442272;"25/02/16";"Quinta";"09:30:00";"MS";267;"231,5";"NOVA ALVORADA DO SUL";"Defeito mecânico em veículo";"Colisão traseira";"Sem Vítimas";"Pleno dia";"Decrescente";"Ceu Claro";"Simples";"Reta";"Rural";2;0;0;0;2;0;0;2
83442273;"25/02/16";"Quinta";"14:00:00";"MG";381;"456";"BELO HORIZONTE";"Falta de atenção";"Colisão lateral";"Com Vítimas Feridas";"Pleno dia";"Decrescente";"Ceu Claro";"Dupla";"Reta";"Urbano";3;0;2;0;1;0;2;2
83442274;"25/02/16";"Quinta";"16:00:00";"PE";101;"71,5";"RECIFE";"Outras";"Colisão Transversal";"Com Vítimas Feridas";"Pleno dia";"Decrescente";"Ceu Claro";"Dupla";"Reta";"Urbano";2;0;1;0;0;1;1;2
83442275;"25/02/16";"Quinta";"08:08:00";"MA";10;"267,8";"IMPERATRIZ";"Não guardar distância de segurança";"Colisão traseira";"Com Vítimas Feridas";"Pleno dia";"Decrescente";"Ceu Claro";"Simples";"Reta";"Rural";8;0;8;0;0;0;8;4
83442276;"25/02/16";"Quinta";"14:10:00";"PR";376;"375";"IMBAU";"Velocidade incompatível";"Colisão lateral";"Sem Vítimas";"Pleno dia";"Crescente";"Ceu Claro";"Simples";"Curva";"Rural";2;0;0;0;1;1;0;2
83442277;"01/01/16";"Sexta";"16:20:00";"PB";412;"110,9";"SUME";"Outras";"Saída de Pista";"Com Vítimas Fatais";"Pleno dia";"Decrescente";"Ceu Claro";"Simples";"Reta";"Rural";1;1;0;0;0;0;0;1
83442278;"25/02/16";"Quinta";"14:25:00";"BA";101;"4,4";"RIO REAL";"Outras";"Colisão traseira";"Com Vítimas Feridas";"Pleno dia";"Decrescente";"Sol";"Simples";"Reta";"Rural";3;0;1;0;2;0;1;3
83442279;"25/02/16";"Quinta";"13:00:00";"ES";101;"210";"IBIRACU";"Outras";"Colisão Transversal";"Sem Vítimas";"Pleno dia";"Decrescente";"Sol";"Dupla";"Reta";"Rural";2;0;0;0;2;0;0;2
83442281;"21/01/16";"Quinta";"23:00:00";"ES";101;"269,7";"SERRA";"Outras";"Incêndio";"Sem Vítimas";"Pleno dia";"Crescente";"Nublado";"Múltipla";"Reta";"Urbano";1;0;0;0;1;0;0;1
83442283;"21/02/16";"Domingo";"10:00:00";"SP";116;"184";"SANTA ISABEL";"Outras";"Queda de motocicleta / bicicleta / veículo";"Com Vítimas Fatais";"Pleno dia";"Crescente";"Ceu Claro";"Dupla";"Reta";"Rural";2;1;0;0;1;0;0;2
83442284;"22/02/16";"Segunda";"02:00:00";"MG";262;"352,5";"BETIM";"Desobediência à sinalização";"Queda de motocicleta / bicicleta / veículo";"Com Vítimas Feridas";"Plena noite";"Crescente";"Ceu Claro";"Dupla";"Reta";"Urbano";2;0;0;2;0;0;2;1
83442285;"25/02/16";"Quinta";"06:40:00";"ES";101;"267";"SERRA";"Outras";"Atropelamento de pessoa";"Com Vítimas Feridas";"Pleno dia";"Decrescente";"Sol";"Múltipla";"Reta";"Urbano";3;0;1;0;2;0;1;2
83442286;"25/02/16";"Quinta";"15:00:00";"SC";101;"207,8";"SAO JOSE";"Falta de atenção";"Colisão Transversal";"Com Vítimas Feridas";"Pleno dia";"Crescente";"Chuva";"Dupla";"Cruzamento";"Urbano";2;0;1;0;1;0;1;2
83442287;"25/02/16";"Quinta";"12:20:00";"SP";116;"302";"SAO LOURENCO DA SERRA";"Não guardar distância de segurança";"Colisão com objeto fixo";"Com Vítimas Feridas";"Pleno dia";"Decrescente";"Ceu Claro";"Dupla";"Reta";"Rural";3;0;1;0;2;0;1;1
83442288;"25/02/16";"Quinta";"14:20:00";"GO";153;"143";"CAMPINORTE";"Ultrapassagem indevida";"Saída de Pista";"Sem Vítimas";"Pleno dia";"Crescente";"Ceu Claro";"Simples";"Reta";"Rural";1;0;0;0;1;0;0;1
83442289;"25/02/16";"Quinta";"14:15:00";"MS";60;"396";"SIDROLANDIA";"Outras";"Saída de Pista";"Sem Vítimas";"Pleno dia";"Crescente";"Chuva";"Simples";"Curva";"Rural";1;0;0;0;1;0;0;1
83442290;"25/02/16";"Quinta";"09:00:00";"SC";101;"300";"IMBITUBA";"Defeito mecânico em veículo";"Queda de motocicleta / bicicleta / veículo";"Com Vítimas Feridas";"Pleno dia";"Crescente";"Ceu Claro";"Dupla";"Reta";"Urbano";1;0;1;0;0;0;1;1
83442291;"25/02/16";"Quinta";"17:00:00";"SC";470;"58,6";"BLUMENAU";"Desobediência à sinalização";"Colisão Transversal";"Com Vítimas Feridas";"Pleno dia";"Decrescente";"Sol";"Simples";"Curva";"Urbano";2;0;1;1;0;0;2;2
83442292;"20/01/16";"Quarta";"00:40:00";"MG";116;"457";"ENGENHEIRO CALDAS";"Outras";"Colisão com objeto fixo";"Com Vítimas Feridas";"Plena noite";"Decrescente";"Chuva";"Simples";"Reta";"Urbano";2;0;1;1;0;0;2;1
83442293;"25/02/16";"Quinta";"14:30:00";"MG";40;"444";"PARAOPEBA";"Outras";"Saída de Pista";"Com Vítimas Feridas";"Pleno dia";"Crescente";"Ceu Claro";"Dupla";"Curva";"Rural";1;0;1;0;0;0;1;1
83442294;"25/02/16";"Quinta";"15:50:00";"SC";101;"142";"ITAPEMA";"Outras";"Queda de motocicleta / bicicleta / veículo";"Com Vítimas Feridas";"Pleno dia";"Crescente";"Chuva";"Dupla";"Reta";"Urbano";1;0;1;0;0;0;1;1
83442295;"25/02/16";"Quinta";"17:02:00";"RJ";101;"395";"RIO DE JANEIRO";"Falta de atenção";"Colisão lateral";"Com Vítimas Feridas";"Pleno dia";"Crescente";"Chuva";"Múltipla";"Curva";"Urbano";2;0;1;0;1;0;1;2
83442296;"25/02/16";"Quinta";"07:30:00";"MG";365;"166";"PIRAPORA";"Velocidade incompatível";"Colisão traseira";"Com Vítimas Feridas";"Pleno dia";"Decrescente";"Nublado";"Simples";"Reta";"Rural";3;0;3;0;0;0;3;2
83442297;"21/02/16";"Domingo";"08:00:00";"SC";101;"110,1";"PENHA";"Outras";"Saída de Pista";"Ignorado";"Pleno dia";"Decrescente";"Chuva";"Dupla";"Curva";"Rural";1;0;0;0;0;1;0;1
83442298;"23/02/16";"Terça";"15:55:00";"PR";376;"660";"TIJUCAS DO SUL";"Outras";"Colisão traseira";"Sem Vítimas";"Pleno dia";"Crescente";"Chuva";"Simples";"Curva";"Rural";2;0;0;0;2;0;0;2
83442299;"25/02/16";"Quinta";"12:55:00";"MG";40;"729";"OLIVEIRA FORTES";"Velocidade incompatível";"Saída de Pista";"Com Vítimas Feridas";"Pleno dia";"Crescente";"Chuva";"Dupla";"Curva";"Rural";1;0;1;0;0;0;1;1
83442300;"21/02/16";"Domingo";"22:00:00";"SP";381;"80";"SAO PAULO";"Dormindo";"Tombamento";"Sem Vítimas";"Plena noite";"Decrescente";"Nublado";"Dupla";"Reta";"Urbano";1;0;0;0;1;0;0;1
83442301;"25/02/16";"Quinta";"15:30:00";"MS";163;"209,7";"CAARAPO";"Falta de atenção";"Colisão Transversal";"Sem Vítimas";"Pleno dia";"Decrescente";"Sol";"Simples";"Reta";"Urbano";2;0;0;0;2;0;0;2
83442302;"25/02/16";"Quinta";"15:30:00";"GO";20;"50";"FORMOSA";"Ultrapassagem indevida";"Saída de Pista";"Sem Vítimas";"Pleno dia";"Crescente";"Ceu Claro";"Simples";"Reta";"Rural";1;0;0;0;1;0;0;1
83442303;"23/02/16";"Terça";"03:30:00";"PR";476;"129";"CURITIBA";"Não guardar distância de segurança";"Colisão traseira";"Com Vítimas Feridas";"Plena noite";"Crescente";"Ignorada";"Múltipla";"Cruzamento";"Urbano";2;0;1;0;1;0;1;2
83442304;"25/02/16";"Quinta";"17:45:00";"PA";155;"330";"MARABA";"Falta de atenção";"Colisão traseira";"Sem Vítimas";"Anoitecer";"Decrescente";"Chuva";"Simples";"Reta";"Rural";2;0;0;0;1;1;0;2
83442305;"25/02/16";"Quinta";"14:00:00";"RS";116;"236";"NOVO HAMBURGO";"Falta de atenção";"Colisão traseira";"Com Vítimas Feridas";"Pleno dia";"Decrescente";"Sol";"Múltipla";"Reta";"Urbano";2;0;1;0;1;0;1;2
83442306;"24/02/16";"Quarta";"18:30:00";"SP";116;"156";"SAO JOSE DOS CAMPOS";"Falta de atenção";"Colisão traseira";"Sem Vítimas";"Anoitecer";"Decrescente";"Chuva";"Múltipla";"Reta";"Urbano";6;0;0;0;6;0;0;6
83442307;"25/02/16";"Quinta";"09:30:00";"SE";235;"55";"ITABAIANA";"Falta de atenção";"Queda de motocicleta / bicicleta / veículo";"Com Vítimas Feridas";"Pleno dia";"Decrescente";"Ceu Claro";"Simples";"Reta";"Urbano";1;0;1;0;0;0;1;1
83442308;"25/02/16";"Quinta";"14:40:00";"MA";10;"258";"IMPERATRIZ";"Não guardar distância de segurança";"Colisão traseira";"Sem Vítimas";"Pleno dia";"Decrescente";"Ceu Claro";"Simples";"Reta";"Urbano";3;0;0;0;2;1;0;3
83442309;"25/02/16";"Quinta";"10:30:00";"SC";101;"118,2";"ITAJAI";"Não guardar distância de segurança";"Colisão traseira";"Sem Vítimas";"Pleno dia";"Crescente";"Nublado";"Dupla";"Reta";"Urbano";3;0;0;0;3;0;0;3
83442310;"25/02/16";"Quinta";"09:00:00";"SC";101;"111,8";"ITAJAI";"Falta de atenção";"Queda de motocicleta / bicicleta / veículo";"Com Vítimas Feridas";"Pleno dia";"Crescente";"Nublado";"Dupla";"Reta";"Urbano";1;0;1;0;0;0;1;1
83442311;"21/02/16";"Domingo";"07:05:00";"RS";392;"33,7";"RIO GRANDE";"Ingestão de álcool";"Colisão com objeto fixo";"Com Vítimas Feridas";"Amanhecer";"Decrescente";"Ceu Claro";"Dupla";"Reta";"Rural";2;0;1;1;0;0;2;1
83442312;"25/02/16";"Quinta";"17:05:00";"PE";232;"127,3";"CARUARU";"Outras";"Queda de motocicleta / bicicleta / veículo";"Com Vítimas Feridas";"Anoitecer";"Decrescente";"Ceu Claro";"Dupla";"Curva";"Rural";1;0;1;0;0;0;1;1
83442313;"25/02/16";"Quinta";"08:50:00";"ES";101;"0,4";"SERRA";"Outras";"Atropelamento de pessoa";"Com Vítimas Feridas";"Pleno dia";"Decrescente";"Sol";"Múltipla";"Cruzamento";"Urbano";2;0;0;1;1;0;1;1
83442314;"25/02/16";"Quinta";"17:40:00";"RS";448;"0,9";"SAPUCAIA DO SUL";"Não guardar distância de segurança";"Colisão lateral";"Com Vítimas Feridas";"Pleno dia";"Crescente";"Sol";"Dupla";"Reta";"Urbano";3;0;2;0;1;0;2;2
83442315;"25/02/16";"Quinta";"15:00:00";"SE";235;"55,4";"ITABAIANA";"Outras";"Saída de Pista";"Sem Vítimas";"Pleno dia";"Decrescente";"Ceu Claro";"Simples";"Reta";"Urbano";1;0;0;0;1;0;0;1
83442316;"25/02/16";"Quinta";"16:10:00";"MA";316;"282,5";"BELA VISTA DO MARANHAO";"Outras";"Tombamento";"Sem Vítimas";"Pleno dia";"Decrescente";"Chuva";"Simples";"Reta";"Rural";1;0;0;0;1;0;0;1
83442317;"25/02/16";"Quinta";"18:00:00";"SP";116;"427";"JUQUIA";"Outras";"Saída de Pista";"Com Vítimas Feridas";"Anoitecer";"Decrescente";"Ceu Claro";"Dupla";"Reta";"Rural";2;0;1;0;1;0;1;1
83442318;"25/02/16";"Quinta";"17:00:00";"MG";262;"578,1";"CORREGO DANTA";"Velocidade incompatível";"Capotamento";"Com Vítimas Feridas";"Pleno dia";"Decrescente";"Chuva";"Simples";"Curva";"Rural";2;0;1;1;0;0;2;1
83442319;"25/02/16";"Quinta";"16:19:00";"PR";376;"671";"GUARATUBA";"Velocidade incompatível";"Saída de Pista";"Com Vítimas Feridas";"Pleno dia";"Crescente";"Chuva";"Dupla";"Curva";"Rural";2;0;1;0;1;0;1;1
83442320;"21/02/16";"Domingo";"21:30:00";"PA";316;"63";"CASTANHAL";"Não guardar distância de segurança";"Colisão traseira";"Com Vítimas Feridas";"Plena noite";"Crescente";"Ceu Claro";"Múltipla";"Reta";"Urbano";3;0;1;0;2;0;1;3
83442321;"25/02/16";"Quinta";"18:20:00";"MG";381;"506";"BETIM";"Outras";"Colisão com objeto fixo";"Sem Vítimas";"Plena noite";"Crescente";"Chuva";"Dupla";"Reta";"Urbano";1;0;0;0;1;0;0;1
83442322;"25/02/16";"Quinta";"18:40:00";"SC";101;"202,1";"SAO JOSE";"Falta de atenção";"Colisão traseira";"Com Vítimas Feridas";"Anoitecer";"Crescente";"Ceu Claro";"Dupla";"Reta";"Urbano";2;0;0;1;1;0;1;2
83442323;"20/02/16";"Sábado";"18:30:00";"RJ";40;"88";"PETROPOLIS";"Velocidade incompatível";"Colisão com objeto fixo";"Com Vítimas Feridas";"Plena noite";"Decrescente";"Nublado";"Simples";"Curva";"Urbano";3;0;2;0;1;0;2;1
83442324;"21/02/16";"Domingo";"19:05:00";"SC";101;"147";"ITAPEMA";"Outras";"Colisão lateral";"Com Vítimas Feridas";"Plena noite";"Decrescente";"Nublado";"Simples";"Reta";"Urbano";2;0;1;0;1;0;1;2
83442325;"25/02/16";"Quinta";"18:15:00";"RS";471;"174";"RIO PARDO";"Desobediência à sinalização";"Colisão Transversal";"Com Vítimas Feridas";"Pleno dia";"Crescente";"Sol";"Simples";"Cruzamento";"Urbano";2;0;1;0;1;0;1;2
83442326;"21/02/16";"Domingo";"22:00:00";"PR";376;"618";"SAO JOSE DOS PINHAIS";"Outras";"Saída de Pista";"Com Vítimas Feridas";"Plena noite";"Decrescente";"Chuva";"Dupla";"Reta";"Urbano";2;0;1;0;1;0;1;1
83442327;"25/02/16";"Quinta";"18:35:00";"RS";116;"252";"SAPUCAIA DO SUL";"Defeito mecânico em veículo";"Queda de motocicleta / bicicleta / veículo";"Com Vítimas Feridas";"Pleno dia";"Decrescente";"Sol";"Dupla";"Reta";"Urbano";2;0;2;0;0;0;2;1
83442328;"21/02/16";"Domingo";"17:00:00";"MG";262;"508,9";"LUZ";"Velocidade incompatível";"Colisão frontal";"Com Vítimas Fatais";"Pleno dia";"Decrescente";"Chuva";"Simples";"Curva";"Rural";5;3;0;0;2;0;0;2
83442329;"25/02/16";"Quinta";"11:10:00";"RS";290;"720,1";"URUGUAIANA";"Falta de atenção";"Colisão com objeto fixo";"Sem Vítimas";"Pleno dia";"Decrescente";"Ceu Claro";"Dupla";"Cruzamento";"Urbano";2;0;0;0;2;0;0;2
83442330;"25/02/16";"Quinta";"16:00:00";"MT";364;"94,8";"ALTO GARCAS";"Falta de atenção";"Colisão traseira";"Sem Vítimas";"Pleno dia";"Crescente";"Nublado";"Simples";"Reta";"Rural";2;0;0;0;2;0;0;2
83442331;"25/02/16";"Quinta";"17:50:00";"SP";101;"42";"UBATUBA";"Defeito mecânico em veículo";"Saída de Pista";"Sem Vítimas";"Pleno dia";"Decrescente";"Ceu Claro";"Dupla";"Curva";"Urbano";1;0;0;0;1;0;0;1
83442332;"25/02/16";"Quinta";"17:15:00";"GO";60;"326";"ACREUNA";"Defeito mecânico em veículo";"Capotamento";"Sem Vítimas";"Pleno dia";"Crescente";"Sol";"Dupla";"Reta";"Rural";2;0;0;0;2;0;0;1
83442333;"22/02/16";"Segunda";"01:10:00";"BA";324;"616";"SALVADOR";"Ingestão de álcool";"Saída de Pista";"Sem Vítimas";"Plena noite";"Decrescente";"Ceu Claro";"Múltipla";"Reta";"Urbano";1;0;0;0;1;0;0;1
83442334;"25/02/16";"Quinta";"10:35:00";"SP";153;"266,2";"MARILIA";"Defeito mecânico em veículo";"Colisão frontal";"Com Vítimas Feridas";"Pleno dia";"Crescente";"Nublado";"Simples";"Reta";"Rural";4;0;2;0;2;0;2;3
83442335;"25/02/16";"Quinta";"18:15:00";"PA";316;"63";"CASTANHAL";"Falta de atenção";"Colisão lateral";"Sem Vítimas";"Anoitecer";"Decrescente";"Chuva";"Dupla";"Reta";"Urbano";2;0;0;0;2;0;0;2
83442336;"25/02/16";"Quinta";"15:00:00";"ES";101;"258,5";"SERRA";"Outras";"Colisão lateral";"Sem Vítimas";"Pleno dia";"Decrescente";"Sol";"Múltipla";"Cruzamento";"Urbano";2;0;0;0;1;1;0;2
83442337;"25/02/16";"Quinta";"08:47:00";"SP";116;"229";"SAO PAULO";"Falta de atenção";"Colisão com objeto fixo";"Ignorado";"Pleno dia";"Crescente";"Ceu Claro";"Dupla";"Reta";"Urbano";1;0;0;0;0;1;0;1
83442338;"25/02/16";"Quinta";"16:00:00";"PE";316;"257,8";"BELEM DE SAO FRANCISCO";"Falta de atenção";"Colisão lateral";"Com Vítimas Feridas";"Pleno dia";"Crescente";"Ceu Claro";"Simples";"Reta";"Rural";5;0;1;0;4;0;1;4