"id";"data_inversa";"dia_semana";"horario";"uf";"br";"km";"municipio";"causa_acidente";"tipo_acidente";"classificacao_acidente";"fase_dia";"sentido_via";"condicao_metereologica";"tipo_pista";"tracado_via";"uso_solo";"pessoas";"mortos";"feridos_leves";"feridos_graves";"ilesos";"ignorados";"feridos";"veiculos"
83442339;"18/02/16";"Quinta";"08:15:00";"ES";262;"6,9";"CARIACICA";"Falta de atenção";"Colisão lateral";"Com Vítimas Feridas";"Pleno dia";"Decrescente";"Nublado";"Dupla";"Cruzamento";"Urbano";2;0;1;0;1;0;1;2
83442340;"21/02/16";"Domingo";"18:40:00";"RJ";101;"488";"ANGRA DOS REIS";"Animais na Pista";"Atropelamento de animal";"Com Vítimas Feridas";"Plena noite";"Decrescente";"Chuva";"Simples";"Reta";"Urbano";2;0;2;0;0;0;2;1
83442341;"25/02/16";"Quinta";"12:40:00";"MG";40;"738,7";"SANTOS DUMONT";"Velocidade incompatível";"Tombamento";"Sem Vítimas";"Pleno dia";"Crescente";"Chuva";"Dupla";"Curva";"Rural";1;0;0;0;1;0;0;1
83442342;"25/02/16";"Quinta";"09:00:00";"MS";158;"296";"TRES LAGOAS";"Defeito mecânico em veículo";"Queda de motocicleta / bicicleta / veículo";"Com Vítimas Feridas";"Pleno dia";"Crescente";"Ceu Claro";"Simples";"Curva";"Rural";2;0;2;0;0;0;2;1
83442343;"25/02/16";"Quinta";"17:20:00";"PR";376;"175,8";"MARINGA";"Defeito mecânico em veículo";"Colisão traseira";"Sem Vítimas";"Pleno dia";"Decrescente";"Nublado";"Dupla";"Reta";"Urbano";3;0;0;0;3;0;0;3
83442344;"25/02/16";"Quinta";"14:00:00";"GO";364;"87,9";"CACHOEIRA ALTA";"Ingestão de álcool";"Saída de Pista";"Com Vítimas Fatais";"Pleno dia";"Crescente";"Ceu Claro";"Simples";"Reta";"Rural";5;2;2;1;0;0;3;1
83442345;"04/01/16";"Segunda";"11:00:00";"PB";230;"23";"JOAO PESSOA";"Falta de atenção";"Colisão traseira";"Sem Vítimas";"Pleno dia";"Crescente";"Ceu Claro";"Dupla";"Reta";"Urbano";4;0;0;0;1;3;0;4
83442346;"25/02/16";"Quinta";"18:00:00";"PI";316;"10";"TERESINA";"Não guardar distância de segurança";"Colisão traseira";"Com Vítimas Feridas";"Anoitecer";"Decrescente";"Ceu Claro";"Simples";"Reta";"Urbano";2;0;1;0;1;0;1;2
83442347;"25/02/16";"Quinta";"18:30:00";"PR";376;"182,7";"SARANDI";"Velocidade incompatível";"Colisão traseira";"Sem Vítimas";"Pleno dia";"Decrescente";"Nublado";"Dupla";"Cruzamento";"Urbano";2;0;0;0;2;0;0;2
83442348;"25/02/16";"Quinta";"20:40:00";"PR";376;"244,8";"APUCARANA";"Velocidade incompatível";"Queda de motocicleta / bicicleta / veículo";"Com Vítimas Feridas";"Plena noite";"Decrescente";"Nublado";"Simples";"Curva";"Rural";2;0;2;0;0;0;2;1
83442349;"25/02/16";"Quinta";"21:10:00";"RS";386;"433,4";"NOVA SANTA RITA";"Defeito mecânico em veículo";"Colisão traseira";"Sem Vítimas";"Plena noite";"Crescente";"Nublado";"Dupla";"Reta";"Rural";2;0;0;0;2;0;0;2
83442350;"18/02/16";"Quinta";"10:30:00";"ES";101;"287,2";"CARIACICA";"Velocidade incompatível";"Colisão com objeto fixo";"Sem Vítimas";"Pleno dia";"Crescente";"Ceu Claro";"Dupla";"Reta";"Urbano";1;0;0;0;1;0;0;1
83442351;"22/02/16";"Segunda";"15:30:00";"SP";116;"165";"SAO JOSE DOS CAMPOS";"Outras";"Colisão traseira";"Sem Vítimas";"Pleno dia";"Crescente";"Nublado";"Dupla";"Reta";"Rural";2;0;0;0;2;0;0;2
83442352;"25/02/16";"Quinta";"18:00:00";"SC";282;"5";"SAO JOSE";"Falta de atenção";"Colisão traseira";"Com Vítimas Feridas";"Anoitecer";"Decrescente";"Nublado";"Dupla";"Reta";"Urbano";2;0;1;0;1;0;1;2
83442353;"25/02/16";"Quinta";"17:40:00";"MG";381;"623";"OLIVEIRA";"Velocidade incompatível";"Capotamento";"Sem Vítimas";"Pleno dia";"Decrescente";"Chuva";"Dupla";"Curva";"Rural";1;0;0;0;1;0;0;1
83442354;"25/02/16";"Quinta";"18:40:00";"SC";116;"267,6";"CAPAO ALTO";"Outras";"Danos Eventuais";"Sem Vítimas";"Anoitecer";"Crescente";"Nublado";"Simples";"Cruzamento";"Rural";2;0;0;0;2;0;0;2
83442355;"22/02/16";"Segunda";"07:20:00";"MG";381;"697,4";"LAVRAS";"Outras";"Saída de Pista";"Sem Vítimas";"Pleno dia";"Crescente";"Chuva";"Dupla";"Curva";"Rural";1;0;0;0;1;0;0;1
83442356;"25/02/16";"Quinta";"19:30:00";"SC";116;"252,8";"LAGES";"Animais na Pista";"Colisão traseira";"Com Vítimas Feridas";"Plena noite";"Decrescente";"Nublado";"Simples";"Reta";"Rural";7;0;4;0;3;0;4;2
83442358;"25/02/16";"Quinta";"19:50:00";"RS";386;"415,1";"TRIUNFO";"Desobediência à sinalização";"Colisão Transversal";"Com Vítimas Feridas";"Plena noite";"Decrescente";"Nublado";"Simples";"Reta";"Urbano";3;0;1;1;1;0;2;2
83442359;"25/02/16";"Quinta";"20:30:00";"ES";101;"143";"LINHARES";"Outras";"Colisão Transversal";"Com Vítimas Feridas";"Plena noite";"Decrescente";"Ceu Claro";"Simples";"Reta";"Urbano";2;0;2;0;0;0;2;2
83442360;"25/02/16";"Quinta";"10:00:00";"RN";101;"125";"SAO JOSE DE MIPIBU";"Dormindo";"Colisão Transversal";"Com Vítimas Feridas";"Pleno dia";"Decrescente";"Ceu Claro";"Dupla";"Cruzamento";"Urbano";3;0;1;0;2;0;1;3
83442361;"24/02/16";"Quarta";"06:35:00";"RS";471;"187,4";"RIO PARDO";"Defeito mecânico em veículo";"Queda de motocicleta / bicicleta / veículo";"Com Vítimas Feridas";"Amanhecer";"Decrescente";"Ceu Claro";"Simples";"Reta";"Rural";2;0;2;0;0;0;2;1
83442362;"25/02/16";"Quinta";"20:10:00";"GO";50;"248,9";"CATALAO";"Defeito mecânico em veículo";"Queda de motocicleta / bicicleta / veículo";"Com Vítimas Feridas";"Plena noite";"Crescente";"Nublado";"Simples";"Reta";"Urbano";2;0;2;0;0;0;2;1
83442363;"25/02/16";"Quinta";"17:00:00";"MG";40;"563";"NOVA LIMA";"Outras";"Colisão com objeto móvel";"Sem Vítimas";"Pleno dia";"Decrescente";"Chuva";"Dupla";"Curva";"Urbano";2;0;0;0;2;0;0;2
83442364;"25/02/16";"Quinta";"17:50:00";"PR";163;"34";"SANTO ANTONIO DO SUDOESTE";"Outras";"Atropelamento de pessoa";"Com Vítimas Feridas";"Pleno dia";"Decrescente";"Ceu Claro";"Simples";"Curva";"Urbano";2;0;1;0;1;0;1;1
83442365;"25/02/16";"Quinta";"16:30:00";"MG";40;"563";"NOVA LIMA";"Outras";"Capotamento";"Com Vítimas Feridas";"Pleno dia";"Crescente";"Chuva";"Dupla";"Curva";"Urbano";1;0;1;0;0;0;1;1
83442366;"25/02/16";"Quinta";"11:30:00";"MT";174;"412,7";"NOVA LACERDA";"Outras";"Saída de Pista";"Sem Vítimas";"Pleno dia";"Decrescente";"Chuva";"Simples";"Reta";"Rural";1;0;0;0;1;0;0;1
83442367;"25/02/16";"Quinta";"20:45:00";"GO";60;"114";"GOIANAPOLIS";"Outras";"Queda de motocicleta / bicicleta / veículo";"Com Vítimas Feridas";"Plena noite";"Decrescente";"Ceu Claro";"Dupla";"Reta";"Rural";1;0;0;1;0;0;1;1
83442368;"25/02/16";"Quinta";"19:28:00";"RS";290;"2,2";"OSORIO";"Falta de atenção";"Saída de Pista";"Com Vítimas Feridas";"Plena noite";"Decrescente";"Chuva";"Dupla";"Reta";"Rural";3;0;3;0;0;0;3;1
83442369;"25/02/16";"Quinta";"21:10:00";"PR";153;"18";"JACAREZINHO";"Outras";"Atropelamento de pessoa";"Com Vítimas Feridas";"Plena noite";"Decrescente";"Nublado";"Simples";"Reta";"Rural";2;0;2;0;0;0;2;1
83442370;"25/02/16";"Quinta";"06:10:00";"GO";60;"6,5";"APARECIDA DE GOIANIA";"Desobediência à sinalização";"Colisão Transversal";"Com Vítimas Feridas";"Amanhecer";"Crescente";"Ceu Claro";"Dupla";"Reta";"Urbano";3;0;1;0;2;0;1;3
83442371;"25/02/16";"Quinta";"17:50:00";"PB";230;"456";"SOUSA";"Velocidade incompatível";"Colisão traseira";"Com Vítimas Fatais";"Anoitecer";"Decrescente";"Ceu Claro";"Simples";"Reta";"Rural";3;1;1;1;0;0;2;2
83442372;"25/02/16";"Quinta";"17:10:00";"RJ";356;"50";"ITAPERUNA";"Falta de atenção";"Colisão Transversal";"Com Vítimas Feridas";"Pleno dia";"Decrescente";"Ceu Claro";"Simples";"Reta";"Rural";2;0;1;0;1;0;1;2
83442373;"25/02/16";"Quinta";"16:10:00";"MG";116;"594,3";"MANHUACU";"Velocidade incompatível";"Tombamento";"Com Vítimas Feridas";"Pleno dia";"Decrescente";"Nublado";"Simples";"Curva";"Rural";1;0;1;0;0;0;1;1
83442374;"22/02/16";"Segunda";"05:40:00";"GO";40;"26";"LUZIANIA";"Falta de atenção";"Saída de Pista";"Com Vítimas Fatais";"Amanhecer";"Decrescente";"Ceu Claro";"Simples";"Curva";"Rural";1;1;0;0;0;0;0;1
83442375;"25/02/16";"Quinta";"22:00:00";"PA";10;"18,6";"DOM ELISEU";"Não guardar distância de segurança";"Colisão traseira";"Sem Vítimas";"Plena noite";"Decrescente";"Ceu Claro";"Simples";"Reta";"Urbano";2;0;0;0;2;0;0;2
83442376;"25/02/16";"Quinta";"16:10:00";"MG";365;"862,8";"SANTA VITORIA";"Velocidade incompatível";"Colisão Transversal";"Com Vítimas Feridas";"Pleno dia";"Decrescente";"Ceu Claro";"Simples";"Cruzamento";"Rural";2;0;1;0;1;0;1;2
83442377;"25/02/16";"Quinta";"17:00:00";"MG";262;"38,1";"MANHUACU";"Falta de atenção";"Colisão lateral";"Com Vítimas Feridas";"Pleno dia";"Crescente";"Ceu Claro";"Simples";"Reta";"Urbano";2;0;0;1;1;0;1;2
83442379;"25/02/16";"Quinta";"20:30:00";"BA";110;"66,3";"JEREMOABO";"Velocidade incompatível";"Tombamento";"Sem Vítimas";"Plena noite";"Decrescente";"Ceu Claro";"Simples";"Curva";"Rural";1;0;0;0;1;0;0;1
83442380;"21/02/16";"Domingo";"22:40:00";"RN";226;"119,9";"SANTA CRUZ";"Animais na Pista";"Atropelamento de animal";"Sem Vítimas";"Plena noite";"Crescente";"Ceu Claro";"Simples";"Reta";"Rural";1;0;0;0;1;0;0;1
83442381;"22/02/16";"Segunda";"05:50:00";"SC";280;"49";"GUARAMIRIM";"Outras";"Colisão frontal";"Com Vítimas Fatais";"Amanhecer";"Decrescente";"Nublado";"Dupla";"Cruzamento";"Rural";2;1;1;0;0;0;1;2
83442382;"25/02/16";"Quinta";"19:00:00";"MT";364;"199";"RONDONOPOLIS";"Falta de atenção";"Colisão Transversal";"Com Vítimas Fatais";"Plena noite";"Decrescente";"Ceu Claro";"Simples";"Reta";"Urbano";3;1;0;0;2;0;0;2
83442383;"25/02/16";"Quinta";"09:25:00";"MA";135;"2,5";"SAO LUIS";"Falta de atenção";"Colisão lateral";"Com Vítimas Feridas";"Pleno dia";"Decrescente";"Ceu Claro";"Dupla";"Reta";"Urbano";2;0;1;0;1;0;1;2
83442384;"25/02/16";"Quinta";"19:50:00";"SC";101;"29,2";"JOINVILLE";"Falta de atenção";"Saída de Pista";"Sem Vítimas";"Plena noite";"Crescente";"Chuva";"Dupla";"Reta";"Rural";1;0;0;0;1;0;0;1
83442385;"25/02/16";"Quinta";"19:20:00";"SP";116;"445";"REGISTRO";"Outras";"Colisão traseira";"Com Vítimas Feridas";"Plena noite";"Crescente";"Ceu Claro";"Simples";"Reta";"Urbano";3;0;1;0;1;1;1;3
83442386;"25/02/16";"Quinta";"20:05:00";"SP";116;"294,5";"ITAPECERICA DA SERRA";"Outras";"Tombamento";"Sem Vítimas";"Plena noite";"Decrescente";"Nublado";"Dupla";"Reta";"Rural";3;0;0;0;3;0;0;1
83442387;"25/02/16";"Quinta";"14:00:00";"MG";40;"717,1";"BARBACENA";"Velocidade incompatível";"Saída de Pista";"Sem Vítimas";"Pleno dia";"Decrescente";"Chuva";"Dupla";"Curva";"Rural";1;0;0;0;1;0;0;1
83442388;"25/02/16";"Quinta";"20:30:00";"PR";158;"506";"PATO BRANCO";"Falta de atenção";"Colisão Transversal";"Sem Vítimas";"Plena noite";"Decrescente";"Ceu Claro";"Simples";"Reta";"Rural";2;0;0;0;2;0;0;2
83442389;"25/02/16";"Quinta";"21:15:00";"PR";277;"411,8";"CANDOI";"Não guardar distância de segurança";"Saída de Pista";"Com Vítimas Feridas";"Plena noite";"Decrescente";"Nublado";"Múltipla";"Curva";"Rural";1;0;1;0;0;0;1;1
83442390;"25/02/16";"Quinta";"21:10:00";"PR";376;"33,2";"NOVA LONDRINA";"Animais na Pista";"Atropelamento de animal";"Sem Vítimas";"Plena noite";"Decrescente";"Ignorada";"Simples";"Curva";"Rural";1;0;0;0;1;0;0;1
83442391;"22/02/16";"Segunda";"07:10:00";"SP";116;"229";"SAO PAULO";"Não guardar distância de segurança";"Queda de motocicleta / bicicleta / veículo";"Com Vítimas Feridas";"Amanhecer";"Crescente";"Sol";"Múltipla";"Reta";"Urbano";2;0;1;0;1;0;1;2
83442392;"25/02/16";"Quinta";"22:10:00";"PR";277;"134";"BALSA NOVA";"Falta de atenção";"Colisão traseira";"Com Vítimas Feridas";"Plena noite";"Decrescente";"Chuva";"Dupla";"Reta";"Rural";4;0;2;0;2;0;2;2
83442393;"25/02/16";"Quinta";"22:30:00";"SC";282;"406,3";"CATANDUVAS";"Desobediência à sinalização";"Colisão Transversal";"Com Vítimas Feridas";"Plena noite";"Crescente";"Ceu Claro";"Simples";"Cruzamento";"Urbano";3;0;0;2;1;0;2;2
83442394;"25/02/16";"Quinta";"21:20:00";"MA";316;"558";"CAXIAS";"Outras";"Tombamento";"Sem Vítimas";"Plena noite";"Crescente";"Chuva";"Simples";"Reta";"Rural";2;0;0;0;2;0;0;2
83442395;"25/02/16";"Quinta";"11:30:00";"MG";267;"326,4";"CONCEICAO DO RIO VERDE";"Falta de atenção";"Colisão traseira";"Com Vítimas Feridas";"Pleno dia";"Crescente";"Nublado";"Simples";"Cruzamento";"Rural";2;0;1;0;1;0;1;2
83442397;"25/02/16";"Quinta";"13:00:00";"MG";116;"530";"CARATINGA";"Outras";"Queda de motocicleta / bicicleta / veículo";"Com Vítimas Feridas";"Pleno dia";"Crescente";"Ceu Claro";"Simples";"Reta";"Urbano";2;0;1;0;1;0;1;2
83442398;"25/02/16";"Quinta";"22:30:00";"SC";470;"198,1";"PONTE ALTA";"Falta de atenção";"Colisão lateral";"Com Vítimas Feridas";"Plena noite";"Crescente";"Ceu Claro";"Simples";"Curva";"Rural";2;0;1;0;1;0;1;2
83442399;"25/02/16";"Quinta";"19:00:00";"MT";163;"836";"SINOP";"Falta de atenção";"Colisão Transversal";"Com Vítimas Feridas";"Plena noite";"Decrescente";"Ceu Claro";"Simples";"Reta";"Urbano";3;0;0;1;2;0;1;2
83442400;"25/02/16";"Quinta";"22:45:00";"MG";381;"901,8";"CAMBUI";"Outras";"Saída de Pista";"Sem Vítimas";"Plena noite";"Decrescente";"Ceu Claro";"Dupla";"Reta";"Rural";1;0;0;0;1;0;0;1
83442401;"25/02/16";"Quinta";"06:30:00";"MG";116;"348,8";"JAMPRUCA";"Dormindo";"Saída de Pista";"Com Vítimas Feridas";"Pleno dia";"Decrescente";"Sol";"Simples";"Reta";"Rural";2;0;2;0;0;0;2;1
83442402;"25/02/16";"Quinta";"21:20:00";"RS";285;"602";"SANTO ANTONIO DAS MISSOES";"Defeito na via";"Saída de Pista";"Com Vítimas Feridas";"Plena noite";"Crescente";"Ceu Claro";"Simples";"Reta";"Rural";5;0;1;0;4;0;1;1
83442403;"25/02/16";"Quinta";"17:20:00";"PR";277;"43";"MORRETES";"Outras";"Queda de motocicleta / bicicleta / veículo";"Com Vítimas Feridas";"Pleno dia";"Decrescente";"Ceu Claro";"Dupla";"Curva";"Rural";2;0;0;2;0;0;2;1
83442404;"22/02/16";"Segunda";"17:15:00";"MS";163;"479,8";"CAMPO GRANDE";"Outras";"Colisão com objeto fixo";"Sem Vítimas";"Pleno dia";"Decrescente";"Nublado";"Dupla";"Reta";"Rural";2;0;0;0;1;1;0;2
83442405;"25/02/16";"Quinta";"14:10:00";"MG";116;"526";"CARATINGA";"Falta de atenção";"Colisão lateral";"Sem Vítimas";"Pleno dia";"Crescente";"Ceu Claro";"Simples";"Reta";"Urbano";2;0;0;0;2;0;0;2
83442406;"26/02/16";"Sexta";"01:00:00";"SC";101;"192";"BIGUACU";"Falta de atenção";"Capotamento";"Com Vítimas Feridas";"Plena noite";"Decrescente";"Nublado";"Múltipla";"Curva";"Urbano";1;0;1;0;0;0;1;1
83442407;"25/02/16";"Quinta";"20:30:00";"MG";381;"541";"ITATIAIUCU";"Velocidade incompatível";"Capotamento";"Sem Vítimas";"Plena noite";"Decrescente";"Chuva";"Dupla";"Curva";"Rural";1;0;0;0;1;0;0;1
83442408;"25/02/16";"Quinta";"21:45:00";"BA";415;"27";"ILHEUS";"Outras";"Colisão lateral";"Com Vítimas Feridas";"Plena noite";"Crescente";"Ceu Claro";"Simples";"Reta";"Rural";2;0;0;1;1;0;1;2
83442409;"25/02/16";"Quinta";"12:20:00";"PR";163;"151,3";"SANTA LUCIA";"Desobediência à sinalização";"Colisão Transversal";"Sem Vítimas";"Pleno dia";"Decrescente";"Ceu Claro";"Simples";"Reta";"Urbano";2;0;0;0;2;0;0;2
83442410;"26/02/16";"Sexta";"00:15:00";"AL";104;"90";"RIO LARGO";"Falta de atenção";"Colisão lateral";"Com Vítimas Feridas";"Plena noite";"Decrescente";"Ceu Claro";"Dupla";"Reta";"Urbano";2;0;1;0;1;0;1;2
83442411;"25/02/16";"Quinta";"22:50:00";"RN";101;"76,8";"NATAL";"Ingestão de álcool";"Colisão lateral";"Sem Vítimas";"Plena noite";"Decrescente";"Ceu Claro";"Dupla";"Reta";"Urbano";2;0;0;0;2;0;0;2
83442412;"25/02/16";"Quinta";"13:50:00";"RS";285;"482,1";"CORONEL BARROS";"Ultrapassagem indevida";"Colisão traseira";"Sem Vítimas";"Pleno dia";"Decrescente";"Sol";"Simples";"Curva";"Rural";2;0;0;0;2;0;0;2
83442413;"25/02/16";"Quinta";"21:00:00";"AC";364;"122,2";"RIO BRANCO";"Desobediência à sinalização";"Colisão Transversal";"Com Vítimas Feridas";"Plena noite";"Crescente";"Ceu Claro";"Dupla";"Reta";"Urbano";3;0;0;2;0;1;2;2
83442414;"25/02/16";"Quinta";"08:10:00";"RS";290;"95,7";"PORTO ALEGRE";"Não guardar distância de segurança";"Colisão traseira";"Com Vítimas Fatais";"Pleno dia";"Crescente";"Sol";"Dupla";"Reta";"Urbano";3;1;0;0;2;0;0;3
83442415;"26/02/16";"Sexta";"03:45:00";"SP";381;"20";"BRAGANCA PAULISTA";"Outras";"Saída de Pista";"Com Vítimas Feridas";"Plena noite";"Crescente";"Nublado";"Dupla";"Reta";"Rural";1;0;0;1;0;0;1;1
83442416;"25/02/16";"Quinta";"14:50:00";"BA";101;"98";"ALAGOINHAS";"Outras";"Colisão Transversal";"Sem Vítimas";"Pleno dia";"Decrescente";"Ceu Claro";"Simples";"Curva";"Rural";2;0;0;0;2;0;0;2
83442417;"25/02/16";"Quinta";"22:00:00";"RN";304;"264";"SANTA MARIA";"Animais na Pista";"Capotamento";"Com Vítimas Feridas";"Plena noite";"Decrescente";"Ceu Claro";"Simples";"Reta";"Rural";2;0;1;1;0;0;2;1
83442418;"21/02/16";"Domingo";"22:00:00";"AL";104;"45";"BRANQUINHA";"Outras";"Saída de Pista";"Com Vítimas Feridas";"Plena noite";"Crescente";"Nublado";"Simples";"Reta";"Rural";3;0;2;0;1;0;2;1
83442419;"25/02/16";"Quinta";"08:30:00";"RO";364;"296";"PRESIDENTE MEDICI";"Defeito na via";"Saída de Pista";"Sem Vítimas";"Pleno dia";"Decrescente";"Chuva";"Simples";"Reta";"Rural";2;0;0;0;2;0;0;2
83442421;"25/02/16";"Quinta";"19:45:00";"AC";364;"108";"RIO BRANCO";"Falta de atenção";"Colisão traseira";"Com Vítimas Feridas";"Plena noite";"Crescente";"Ceu Claro";"Simples";"Reta";"Rural";2;0;1;0;1;0;1;2
83442422;"25/02/16";"Quinta";"21:40:00";"PE";101;"17";"GOIANA";"Outras";"Saída de Pista";"Com Vítimas Fatais";"Plena noite";"Decrescente";"Ceu Claro";"Dupla";"Reta";"Rural";5;1;3;1;0;0;4;1
83442423;"26/02/16";"Sexta";"03:30:00";"PB";230;"378";"CONDADO";"Animais na Pista";"Atropelamento de animal";"Sem Vítimas";"Plena noite";"Decrescente";"Ceu Claro";"Simples";"Reta";"Urbano";4;0;0;0;4;0;0;1
83442424;"25/02/16";"Quinta";"18:00:00";"RJ";116;"79";"TERESOPOLIS";"Outras";"Colisão lateral";"Com Vítimas Feridas";"Anoitecer";"Decrescente";"Ceu Claro";"Simples";"Curva";"Urbano";2;0;0;1;1;0;1;2
83442425;"22/02/16";"Segunda";"13:50:00";"PB";230;"36,2";"SANTA RITA";"Falta de atenção";"Colisão traseira";"Com Vítimas Feridas";"Pleno dia";"Crescente";"Ceu Claro";"Dupla";"Reta";"Urbano";3;0;2;0;0;1;2;2
83442426;"25/02/16";"Quinta";"14:30:00";"CE";116;"493";"MILAGRES";"Falta de atenção";"Saída de Pista";"Ignorado";"Pleno dia";"Decrescente";"Ceu Claro";"Simples";"Reta";"Rural";1;0;0;0;0;1;0;1
83442427;"24/01/16";"Domingo";"15:40:00";"SC";101;"145,8";"ITAPEMA";"Outras";"Queda de motocicleta / bicicleta / veículo";"Com Vítimas Feridas";"Pleno dia";"Decrescente";"Sol";"Dupla";"Reta";"Urbano";1;0;1;0;0;0;1;1
83442428;"22/02/16";"Segunda";"07:20:00";"PB";230;"33,5";"BAYEUX";"Não guardar distância de segurança";"Colisão traseira";"Com Vítimas Feridas";"Pleno dia";"Decrescente";"Nublado";"Dupla";"Curva";"Urbano";5;0;1;0;3;1;1;4
83442430;"24/02/16";"Quarta";"06:52:00";"BA";110;"210";"CIPO";"Animais na Pista";"Saída de Pista";"Com Vítimas Fatais";"Pleno dia";"Decrescente";"Ceu Claro";"Simples";"Reta";"Rural";5;2;2;1;0;0;3;1
83442431;"25/02/16";"Quinta";"18:00:00";"PE";101;"84,1";"JABOATAO DOS GUARARAPES";"Desobediência à sinalização";"Atropelamento de pessoa";"Com Vítimas Feridas";"Plena noite";"Decrescente";"Nublado";"Simples";"Reta";"Urbano";2;0;0;1;0;1;1;1
83442432;"25/02/16";"Quinta";"13:40:00";"RO";364;"340,6";"JI-PARANA";"Defeito na via";"Colisão traseira";"Sem Vítimas";"Pleno dia";"Crescente";"Chuva";"Dupla";"Reta";"Urbano";2;0;0;0;2;0;0;2
83442433;"26/02/16";"Sexta";"06:30:00";"SC";282;"194,8";"LAGES";"Falta de atenção";"Saída de Pista";"Com Vítimas Feridas";"Amanhecer";"Decrescente";"Ceu Claro";"Simples";"Reta";"Rural";2;0;2;0;0;0;2;1
83442435;"22/02/16";"Segunda";"01:00:00";"MG";116;"732,4";"LARANJAL";"Animais na Pista";"Atropelamento de animal";"Sem Vítimas";"Plena noite";"Decrescente";"Ceu Claro";"Simples";"Reta";"Rural";3;0;0;0;3;0;0;1
83442436;"22/02/16";"Segunda";"22:20:00";"RS";293;"225";"DOM PEDRITO";"Falta de atenção";"Saída de Pista";"Sem Vítimas";"Plena noite";"Crescente";"Ceu Claro";"Simples";"Reta";"Rural";1;0;0;0;1;0;0;1
83442437;"26/02/16";"Sexta";"07:20:00";"PR";153;"334";"IRATI";"Outras";"Colisão Transversal";"Com Vítimas Feridas";"Pleno dia";"Crescente";"Chuva";"Simples";"Reta";"Urbano";2;0;1;0;0;1;1;2
83442438;"26/02/16";"Sexta";"06:45:00";"PR";116;"141";"MANDIRITUBA";"Falta de atenção";"Colisão Transversal";"Com Vítimas Feridas";"Pleno dia";"Decrescente";"Ceu Claro";"Dupla";"Reta";"Urbano";2;0;1;0;1;0;1;2
83442439;"23/01/16";"Sábado";"02:50:00";"SC";101;"162,1";"TIJUCAS";"Falta de atenção";"Saída de Pista";"Com Vítimas Feridas";"Plena noite";"Crescente";"Chuva";"Dupla";"Reta";"Urbano";1;0;1;0;0;0;1;1
83442440;"04/01/16";"Segunda";"17:00:00";"MG";267;"38,2";"MARIPA DE MINAS";"Ingestão de álcool";"Colisão frontal";"Com Vítimas Feridas";"Pleno dia";"Crescente";"Ceu Claro";"Simples";"Reta";"Rural";2;0;1;0;1;0;1;2
83442441;"25/02/16";"Quinta";"18:00:00";"RJ";116;"110";"GUAPIMIRIM";"Falta de atenção";"Colisão lateral";"Com Vítimas Feridas";"Plena noite";"Decrescente";"Ceu Claro";"Dupla";"Reta";"Rural";15;0;3;0;12;0;3;2
83442442;"25/02/16";"Quinta";"22:40:00";"MS";262;"40";"TRES LAGOAS";"Defeito mecânico em veículo";"Derramamento de Carga";"Sem Vítimas";"Plena noite";"Decrescente";"Chuva";"Simples";"Reta";"Rural";1;0;0;0;1;0;0;1
83442443;"04/01/16";"Segunda";"13:00:00";"MG";381;"309";"ANTONIO DIAS";"Velocidade incompatível";"Saída de Pista";"Com Vítimas Feridas";"Pleno dia";"Crescente";"Chuva";"Simples";"Curva";"Rural";2;0;1;0;1;0;1;2
83442444;"25/02/16";"Quinta";"17:40:00";"MG";381;"711";"CARMO DA CACHOEIRA";"Falta de atenção";"Colisão traseira";"Com Vítimas Feridas";"Pleno dia";"Crescente";"Chuva";"Dupla";"Curva";"Rural";3;0;2;0;1;0;2;2
83442445;"26/02/16";"Sexta";"05:00:00";"RR";174;"467";"BOA VISTA";"Outras";"Colisão Transversal";"Com Vítimas Feridas";"Plena noite";"Decrescente";"Ceu Claro";"Simples";"Reta";"Rural";7;0;6;0;1;0;6;2
83442447;"04/01/16";"Segunda";"14:00:00";"MG";381;"312";"ANTONIO DIAS";"Velocidade incompatível";"Saída de Pista";"Sem Vítimas";"Pleno dia";"Crescente";"Chuva";"Simples";"Curva";"Rural";1;0;0;0;1;0;0;1
83442448;"21/02/16";"Domingo";"17:40:00";"SC";101;"96,5";"PICARRAS";"Velocidade incompatível";"Queda de motocicleta / bicicleta / veículo";"Com Vítimas Feridas";"Pleno dia";"Crescente";"Nublado";"Dupla";"Curva";"Rural";2;0;1;1;0;0;2;1
83442449;"25/02/16";"Quinta";"07:10:00";"PR";277;"589";"CASCAVEL";"Falta de atenção";"Colisão Transversal";"Com Vítimas Feridas";"Pleno dia";"Crescente";"Chuva";"Simples";"Cruzamento";"Urbano";2;0;1;0;1;0;1;2
83442450;"04/01/16";"Segunda";"19:25:00";"MG";40;"249,5";"SAO GONCALO DO ABAETE";"Outras";"Saída de Pista";"Com Vítimas Feridas";"Anoitecer";"Decrescente";"Chuva";"Simples";"Curva";"Rural";2;0;1;0;1;0;1;1
83442451;"23/02/16";"Terça";"06:50:00";"PE";423;"131,7";"SALOA";"Outras";"Capotamento";"Com Vítimas Fatais";"Pleno dia";"Crescente";"Ceu Claro";"Simples";"Curva";"Rural";1;1;0;0;0;0;0;1