"id";"data_inversa";"dia_semana";"horario";"uf";"br";"km";"municipio";"causa_acidente";"tipo_acidente";"classificacao_acidente";"fase_dia";"sentido_via";"condicao_metereologica";"tipo_pista";"tracado_via";"uso_solo";"pessoas";"mortos";"feridos_leves";"feridos_graves";"ilesos";"ignorados";"feridos";"veiculos"
83442576;"26/02/16";"Sexta";"11:30:00";"MG";365;"594,3";"INDIANOPOLIS";"Falta de atenção";"Colisão lateral";"Sem Vítimas";"Pleno dia";"Crescente";"Ceu Claro";"Simples";"Curva";"Rural";3;0;0;0;3;0;0;3
83442577;"26/02/16";"Sexta";"13:30:00";"SC";101;"333";"TUBARAO";"Ultrapassagem indevida";"Colisão lateral";"Com Vítimas Feridas";"Pleno dia";"Decrescente";"Sol";"Dupla";"Reta";"Urbano";3;0;2;0;1;0;2;2
83442578;"22/02/16";"Segunda";"16:30:00";"RJ";40;"109";"DUQUE DE CAXIAS";"Velocidade incompatível";"Tombamento";"Com Vítimas Feridas";"Pleno dia";"Crescente";"Ceu Claro";"Simples";"Curva";"Urbano";1;0;1;0;0;0;1;1
83442579;"26/02/16";"Sexta";"15:00:00";"MG";381;"924,5";"CAMANDUCAIA";"Velocidade incompatível";"Saída de Pista";"Com Vítimas Feridas";"Pleno dia";"Crescente";"Chuva";"Dupla";"Curva";"Rural";2;0;2;0;0;0;2;1
83442580;"26/02/16";"Sexta";"11:45:00";"SP";116;"502,9";"CAJATI";"Velocidade incompatível";"Colisão com objeto fixo";"Sem Vítimas";"Pleno dia";"Decrescente";"Ceu Claro";"Simples";"Curva";"Rural";1;0;0;0;1;0;0;1
83442581;"26/02/16";"Sexta";"09:30:00";"PR";376;"672";"GUARATUBA";"Defeito mecânico em veículo";"Colisão traseira";"Com Vítimas Feridas";"Pleno dia";"Crescente";"Nublado";"Dupla";"Reta";"Rural";3;0;1;0;2;0;1;3
83442582;"26/02/16";"Sexta";"14:35:00";"MG";50;"32";"ARAGUARI";"Falta de atenção";"Colisão traseira";"Com Vítimas Feridas";"Pleno dia";"Crescente";"Ceu Claro";"Dupla";"Reta";"Rural";2;0;1;0;1;0;1;2
83442583;"26/02/16";"Sexta";"11:55:00";"MG";365;"648,1";"UBERLANDIA";"Dormindo";"Capotamento";"Com Vítimas Feridas";"Pleno dia";"Crescente";"Ceu Claro";"Dupla";"Reta";"Rural";2;0;2;0;0;0;2;1
83442584;"26/02/16";"Sexta";"14:00:00";"PR";376;"9,2";"MARINGA";"Velocidade incompatível";"Colisão traseira";"Sem Vítimas";"Pleno dia";"Decrescente";"Ceu Claro";"Dupla";"Reta";"Urbano";2;0;0;0;2;0;0;2
83442585;"03/01/16";"Domingo";"11:30:00";"MG";381;"452";"SABARA";"Desobediência à sinalização";"Colisão Transversal";"Com Vítimas Feridas";"Pleno dia";"Crescente";"Ceu Claro";"Simples";"Cruzamento";"Urbano";4;0;2;0;2;0;2;2
83442586;"26/02/16";"Sexta";"08:30:00";"PB";230;"158,6";"CAMPINA GRANDE";"Falta de atenção";"Colisão Transversal";"Com Vítimas Feridas";"Pleno dia";"Decrescente";"Sol";"Simples";"Cruzamento";"Urbano";2;0;0;1;1;0;1;2
83442587;"25/02/16";"Quinta";"17:15:00";"MG";40;"532";"CONTAGEM";"Outras";"Danos Eventuais";"Com Vítimas Feridas";"Anoitecer";"Decrescente";"Chuva";"Dupla";"Reta";"Urbano";2;0;1;0;1;0;1;1
83442588;"03/01/16";"Domingo";"16:00:00";"MG";381;"639";"SANTO ANTONIO DO AMPARO";"Outras";"Colisão traseira";"Com Vítimas Feridas";"Pleno dia";"Crescente";"Chuva";"Dupla";"Reta";"Rural";5;0;1;0;4;0;1;2
83442589;"26/02/16";"Sexta";"15:15:00";"MG";116;"595,1";"MANHUACU";"Velocidade incompatível";"Saída de Pista";"Sem Vítimas";"Pleno dia";"Decrescente";"Chuva";"Simples";"Curva";"Rural";3;0;0;0;3;0;0;1
83442590;"26/02/16";"Sexta";"12:40:00";"GO";60;"460,2";"JATAI";"Velocidade incompatível";"Capotamento";"Sem Vítimas";"Pleno dia";"Crescente";"Chuva";"Dupla";"Curva";"Rural";1;0;0;0;1;0;0;1
83442591;"26/02/16";"Sexta";"11:10:00";"RS";116;"244";"SAO LEOPOLDO";"Falta de atenção";"Colisão lateral";"Sem Vítimas";"Pleno dia";"Crescente";"Ceu Claro";"Múltipla";"Reta";"Urbano";2;0;0;0;2;0;0;2
83442592;"22/02/16";"Segunda";"20:00:00";"RJ";40;"113";"DUQUE DE CAXIAS";"Não guardar distância de segurança";"Colisão traseira";"Sem Vítimas";"Plena noite";"Crescente";"Chuva";"Dupla";"Reta";"Urbano";5;0;0;0;5;0;0;5
83442593;"26/02/16";"Sexta";"15:24:00";"SP";488;"2,5";"APARECIDA";"Falta de atenção";"Colisão Transversal";"Com Vítimas Feridas";"Pleno dia";"Crescente";"Ceu Claro";"Dupla";"Reta";"Urbano";2;0;1;0;1;0;1;2
83442594;"22/02/16";"Segunda";"09:30:00";"MG";365;"492";"PATROCINIO";"Outras";"Saída de Pista";"Sem Vítimas";"Pleno dia";"Crescente";"Ceu Claro";"Simples";"Reta";"Rural";1;0;0;0;1;0;0;1
83442595;"26/02/16";"Sexta";"08:30:00";"MG";40;"532";"BELO HORIZONTE";"Não guardar distância de segurança";"Colisão traseira";"Sem Vítimas";"Pleno dia";"Crescente";"Ceu Claro";"Dupla";"Reta";"Urbano";2;0;0;0;2;0;0;2
83442596;"26/02/16";"Sexta";"12:00:00";"MG";116;"308,5";"ITAMBACURI";"Velocidade incompatível";"Saída de Pista";"Sem Vítimas";"Pleno dia";"Decrescente";"Sol";"Simples";"Curva";"Rural";1;0;0;0;1;0;0;1
83442597;"26/02/16";"Sexta";"12:00:00";"SC";470;"58";"BLUMENAU";"Não guardar distância de segurança";"Colisão traseira";"Com Vítimas Feridas";"Pleno dia";"Decrescente";"Sol";"Simples";"Reta";"Urbano";3;0;0;1;1;1;1;2
83442598;"26/02/16";"Sexta";"06:50:00";"TO";153;"264,6";"BRASILANDIA DO TOCANTINS";"Outras";"Capotamento";"Com Vítimas Feridas";"Pleno dia";"Decrescente";"Chuva";"Simples";"Reta";"Rural";1;0;1;0;0;0;1;1
83442599;"25/01/16";"Segunda";"19:30:00";"MT";364;"205";"RONDONOPOLIS";"Defeito mecânico em veículo";"Colisão traseira";"Sem Vítimas";"Anoitecer";"Crescente";"Ceu Claro";"Dupla";"Reta";"Urbano";2;0;0;0;2;0;0;2
83442600;"26/02/16";"Sexta";"10:53:00";"GO";70;"21,2";"COCALZINHO DE GOIAS";"Não guardar distância de segurança";"Colisão traseira";"Com Vítimas Feridas";"Pleno dia";"Decrescente";"Nublado";"Simples";"Reta";"Urbano";5;0;1;0;3;1;1;2
83442601;"26/02/16";"Sexta";"08:45:00";"MT";364;"306";"JACIARA";"Defeito na via";"Colisão traseira";"Sem Vítimas";"Pleno dia";"Crescente";"Chuva";"Simples";"Reta";"Rural";2;0;0;0;2;0;0;2
83442602;"26/02/16";"Sexta";"15:50:00";"SP";116;"145";"SAO JOSE DOS CAMPOS";"Não guardar distância de segurança";"Colisão traseira";"Com Vítimas Feridas";"Pleno dia";"Crescente";"Nublado";"Dupla";"Reta";"Urbano";4;0;1;0;3;0;1;3
83442603;"26/02/16";"Sexta";"15:15:00";"GO";60;"102,9";"ANAPOLIS";"Outras";"Colisão traseira";"Sem Vítimas";"Pleno dia";"Crescente";"Chuva";"Dupla";"Curva";"Rural";2;0;0;0;2;0;0;2
83442604;"26/02/16";"Sexta";"15:00:00";"PR";369;"19,2";"CAMBARA";"Desobediência à sinalização";"Colisão Transversal";"Sem Vítimas";"Pleno dia";"Crescente";"Chuva";"Simples";"Cruzamento";"Urbano";2;0;0;0;2;0;0;2
83442605;"22/02/16";"Segunda";"15:50:00";"SP";381;"71,2";"MAIRIPORA";"Outras";"Colisão com objeto fixo";"Sem Vítimas";"Pleno dia";"Crescente";"Chuva";"Dupla";"Curva";"Rural";1;0;0;0;1;0;0;1
83442606;"26/02/16";"Sexta";"17:00:00";"SC";116;"245,6";"LAGES";"Desobediência à sinalização";"Colisão Transversal";"Sem Vítimas";"Pleno dia";"Crescente";"Ceu Claro";"Simples";"Cruzamento";"Urbano";2;0;0;0;2;0;0;2
83442607;"26/02/16";"Sexta";"17:00:00";"PA";316;"5";"ANANINDEUA";"Falta de atenção";"Atropelamento de pessoa";"Com Vítimas Feridas";"Pleno dia";"Crescente";"Nublado";"Dupla";"Reta";"Urbano";3;0;3;0;0;0;3;1
83442608;"25/02/16";"Quinta";"08:00:00";"MT";364;"350,1";"SANTO ANTONIO DO LEVERGER";"Ultrapassagem indevida";"Saída de Pista";"Sem Vítimas";"Pleno dia";"Decrescente";"Ceu Claro";"Dupla";"Reta";"Rural";1;0;0;0;1;0;0;1
83442609;"26/02/16";"Sexta";"17:00:00";"PR";376;"668";"GUARATUBA";"Outras";"Colisão com objeto fixo";"Sem Vítimas";"Pleno dia";"Decrescente";"Ceu Claro";"Dupla";"Curva";"Rural";1;0;0;0;1;0;0;1
83442610;"26/02/16";"Sexta";"16:30:00";"RJ";116;"220,3";"PIRAI";"Outras";"Tombamento";"Sem Vítimas";"Pleno dia";"Crescente";"Chuva";"Simples";"Curva";"Rural";1;0;0;0;1;0;0;1
83442611;"26/02/16";"Sexta";"13:40:00";"MS";60;"569,3";"GUIA LOPES DA LAGUNA";"Outras";"Capotamento";"Com Vítimas Feridas";"Pleno dia";"Decrescente";"Chuva";"Simples";"Curva";"Rural";2;0;1;0;1;0;1;1
83442612;"26/02/16";"Sexta";"17:20:00";"PA";316;"12,7";"MARITUBA";"Falta de atenção";"Colisão lateral";"Com Vítimas Feridas";"Pleno dia";"Decrescente";"Nublado";"Dupla";"Curva";"Urbano";3;0;0;1;2;0;1;3
83442613;"26/02/16";"Sexta";"14:00:00";"MS";262;"366";"CAMPO GRANDE";"Não guardar distância de segurança";"Colisão traseira";"Com Vítimas Feridas";"Pleno dia";"Crescente";"Chuva";"Dupla";"Reta";"Urbano";3;0;1;0;2;0;1;2
83442614;"26/02/16";"Sexta";"15:00:00";"MG";40;"749,9";"SANTOS DUMONT";"Velocidade incompatível";"Saída de Pista";"Sem Vítimas";"Pleno dia";"Decrescente";"Chuva";"Dupla";"Curva";"Rural";2;0;0;0;2;0;0;1
83442615;"24/02/16";"Quarta";"11:20:00";"MG";116;"337";"ITAMBACURI";"Outras";"Tombamento";"Sem Vítimas";"Plena noite";"Decrescente";"Ceu Claro";"Simples";"Cruzamento";"Rural";2;0;0;0;1;1;0;2
83442616;"26/02/16";"Sexta";"13:40:00";"MT";70;"681,7";"CACERES";"Velocidade incompatível";"Saída de Pista";"Sem Vítimas";"Pleno dia";"Crescente";"Chuva";"Simples";"Curva";"Rural";1;0;0;0;1;0;0;1
83442617;"26/02/16";"Sexta";"12:50:00";"MT";70;"516";"VARZEA GRANDE";"Falta de atenção";"Colisão Transversal";"Com Vítimas Feridas";"Pleno dia";"Decrescente";"Ceu Claro";"Simples";"Reta";"Urbano";2;0;0;1;1;0;1;2
83442618;"26/02/16";"Sexta";"16:30:00";"RS";285;"240";"CIRIACO";"Velocidade incompatível";"Saída de Pista";"Sem Vítimas";"Pleno dia";"Crescente";"Chuva";"Simples";"Curva";"Rural";1;0;0;0;1;0;0;1
83442619;"26/02/16";"Sexta";"14:40:00";"PR";116;"198";"RIO NEGRO";"Ultrapassagem indevida";"Colisão Transversal";"Com Vítimas Feridas";"Pleno dia";"Crescente";"Ceu Claro";"Simples";"Reta";"Rural";3;0;1;0;2;0;1;2
83442620;"22/02/16";"Segunda";"23:30:00";"SC";101;"181";"BIGUACU";"Outras";"Colisão com objeto fixo";"Com Vítimas Feridas";"Plena noite";"Decrescente";"Ceu Claro";"Dupla";"Reta";"Urbano";1;0;0;1;0;0;1;1
83442621;"16/02/16";"Terça";"08:40:00";"RS";116;"217,2";"MORRO REUTER";"Não guardar distância de segurança";"Colisão traseira";"Sem Vítimas";"Pleno dia";"Decrescente";"Ceu Claro";"Simples";"Reta";"Rural";2;0;0;0;2;0;0;2
83442622;"26/02/16";"Sexta";"17:00:00";"RS";116;"248";"SAO LEOPOLDO";"Falta de atenção";"Colisão lateral";"Com Vítimas Feridas";"Pleno dia";"Decrescente";"Nublado";"Múltipla";"Reta";"Urbano";2;0;1;0;1;0;1;2
83442623;"26/02/16";"Sexta";"17:30:00";"PR";153;"475";"PORTO VITORIA";"Outras";"Saída de Pista";"Com Vítimas Feridas";"Pleno dia";"Crescente";"Chuva";"Simples";"Reta";"Rural";4;0;2;0;2;0;2;1
83442624;"26/02/16";"Sexta";"08:00:00";"MA";316;"618";"TIMON";"Defeito na via";"Queda de motocicleta / bicicleta / veículo";"Com Vítimas Feridas";"Pleno dia";"Crescente";"Ceu Claro";"Simples";"Reta";"Urbano";2;0;1;0;1;0;1;1
83442625;"26/02/16";"Sexta";"17:40:00";"MG";354;"712,2";"CAXAMBU";"Falta de atenção";"Colisão lateral";"Com Vítimas Feridas";"Pleno dia";"Crescente";"Sol";"Simples";"Curva";"Rural";2;0;1;0;1;0;1;2
83442626;"20/02/16";"Sábado";"16:20:00";"MG";381;"654";"SANTO ANTONIO DO AMPARO";"Velocidade incompatível";"Colisão com objeto fixo";"Sem Vítimas";"Pleno dia";"Decrescente";"Chuva";"Dupla";"Curva";"Rural";1;0;0;0;1;0;0;1
83442627;"26/02/16";"Sexta";"12:00:00";"MG";116;"537";"SANTA RITA DE MINAS";"Defeito mecânico em veículo";"Queda de motocicleta / bicicleta / veículo";"Com Vítimas Feridas";"Pleno dia";"Crescente";"Ceu Claro";"Simples";"Curva";"Rural";2;0;2;0;0;0;2;1
83442628;"26/02/16";"Sexta";"11:50:00";"PI";135;"518";"GILBUES";"Defeito mecânico em veículo";"Colisão traseira";"Com Vítimas Feridas";"Pleno dia";"Decrescente";"Ceu Claro";"Simples";"Reta";"Urbano";3;0;2;0;1;0;2;2
83442629;"26/02/16";"Sexta";"17:20:00";"BA";116;"800,9";"VITORIA DA CONQUISTA";"Falta de atenção";"Colisão Transversal";"Com Vítimas Feridas";"Pleno dia";"Decrescente";"Ceu Claro";"Simples";"Cruzamento";"Rural";2;0;1;0;1;0;1;2
83442630;"26/02/16";"Sexta";"16:20:00";"MG";262;"484,3";"BOM DESPACHO";"Falta de atenção";"Colisão Transversal";"Com Vítimas Feridas";"Pleno dia";"Crescente";"Ceu Claro";"Simples";"Reta";"Rural";2;0;1;0;1;0;1;2
83442631;"26/02/16";"Sexta";"11:30:00";"RJ";101;"212";"CASIMIRO DE ABREU";"Outras";"Saída de Pista";"Sem Vítimas";"Pleno dia";"Decrescente";"Sol";"Simples";"Reta";"Rural";2;0;0;0;2;0;0;1
83442632;"26/02/16";"Sexta";"17:30:00";"RS";116;"348";"TAPES";"Não guardar distância de segurança";"Colisão traseira";"Com Vítimas Feridas";"Pleno dia";"Crescente";"Nevoeiro/neblina";"Simples";"Reta";"Rural";5;0;2;0;3;0;2;3
83442633;"26/02/16";"Sexta";"09:00:00";"MT";70;"134,7";"GENERAL CARNEIRO";"Falta de atenção";"Capotamento";"Sem Vítimas";"Pleno dia";"Crescente";"Ceu Claro";"Simples";"Curva";"Rural";1;0;0;0;1;0;0;1
83442634;"26/02/16";"Sexta";"13:50:00";"TO";153;"656,9";"GURUPI";"Defeito mecânico em veículo";"Colisão lateral";"Sem Vítimas";"Pleno dia";"Decrescente";"Ceu Claro";"Simples";"Reta";"Rural";2;0;0;0;2;0;0;2
83442635;"26/02/16";"Sexta";"09:00:00";"MT";70;"28,3";"BARRA DO GARCAS";"Velocidade incompatível";"Tombamento";"Com Vítimas Feridas";"Plena noite";"Decrescente";"Sol";"Simples";"Curva";"Rural";1;0;1;0;0;0;1;1
83442637;"26/02/16";"Sexta";"14:30:00";"PR";280;"293,1";"FLOR DA SERRA DO SUL";"Desobediência à sinalização";"Colisão lateral";"Com Vítimas Feridas";"Pleno dia";"Crescente";"Sol";"Simples";"Reta";"Urbano";2;0;0;1;1;0;1;2
83442638;"24/02/16";"Quarta";"22:25:00";"PR";476;"247,5";"LAPA";"Ultrapassagem indevida";"Colisão lateral";"Sem Vítimas";"Plena noite";"Crescente";"Nublado";"Simples";"Curva";"Rural";2;0;0;0;2;0;0;2
83442639;"26/02/16";"Sexta";"16:50:00";"PB";230;"159,8";"CAMPINA GRANDE";"Desobediência à sinalização";"Colisão Transversal";"Sem Vítimas";"Pleno dia";"Decrescente";"Nublado";"Simples";"Reta";"Rural";2;0;0;0;2;0;0;2
83442640;"26/02/16";"Sexta";"17:10:00";"MG";381;"503,3";"BETIM";"Velocidade incompatível";"Colisão com objeto fixo";"Sem Vítimas";"Pleno dia";"Crescente";"Ceu Claro";"Dupla";"Reta";"Urbano";1;0;0;0;1;0;0;1
83442641;"22/01/16";"Sexta";"02:00:00";"BA";407;"200";"CAPIM GROSSO";"Animais na Pista";"Tombamento";"Sem Vítimas";"Amanhecer";"Crescente";"Chuva";"Simples";"Reta";"Rural";1;0;0;0;1;0;0;1
83442642;"26/02/16";"Sexta";"09:32:00";"ES";101;"265,7";"SERRA";"Não guardar distância de segurança";"Colisão traseira";"Com Vítimas Feridas";"Pleno dia";"Decrescente";"Sol";"Dupla";"Reta";"Urbano";2;0;1;0;1;0;1;2
83442643;"26/02/16";"Sexta";"18:00:00";"SC";282;"604,5";"MARAVILHA";"Ultrapassagem indevida";"Colisão traseira";"Sem Vítimas";"Pleno dia";"Decrescente";"Sol";"Simples";"Reta";"Urbano";2;0;0;0;2;0;0;2
83442644;"08/01/16";"Sexta";"11:50:00";"MG";262;"594";"CAMPOS ALTOS";"Velocidade incompatível";"Saída de Pista";"Sem Vítimas";"Pleno dia";"Decrescente";"Chuva";"Simples";"Curva";"Rural";1;0;0;0;1;0;0;1
83442645;"20/02/16";"Sábado";"17:20:00";"MG";381;"684,8";"RIBEIRAO VERMELHO";"Defeito mecânico em veículo";"Queda de motocicleta / bicicleta / veículo";"Com Vítimas Feridas";"Pleno dia";"Decrescente";"Nublado";"Dupla";"Reta";"Urbano";2;0;2;0;0;0;2;1
83442646;"10/02/16";"Quarta";"20:10:00";"MA";135;"108,5";"ITAPECURU MIRIM";"Outras";"Saída de Pista";"Com Vítimas Feridas";"Plena noite";"Crescente";"Ceu Claro";"Simples";"Curva";"Rural";4;0;4;0;0;0;4;1
83442647;"26/02/16";"Sexta";"12:30:00";"PR";163;"160";"LINDOESTE";"Não guardar distância de segurança";"Colisão traseira";"Com Vítimas Feridas";"Pleno dia";"Decrescente";"Sol";"Simples";"Reta";"Rural";2;0;2;0;0;0;2;2
83442648;"26/02/16";"Sexta";"16:30:00";"SC";280;"5,5";"SAO FRANCISCO DO SUL";"Desobediência à sinalização";"Colisão com bicicleta";"Com Vítimas Feridas";"Pleno dia";"Decrescente";"Ceu Claro";"Simples";"Reta";"Urbano";3;0;1;1;1;0;2;2
83442649;"25/02/16";"Quinta";"17:10:00";"MG";116;"406,2";"GOVERNADOR VALADARES";"Defeito mecânico em veículo";"Incêndio";"Sem Vítimas";"Pleno dia";"Crescente";"Ceu Claro";"Simples";"Reta";"Rural";1;0;0;0;1;0;0;1
83442650;"26/02/16";"Sexta";"18:02:00";"SC";158;"146,6";"PALMITOS";"Falta de atenção";"Colisão Transversal";"Com Vítimas Feridas";"Anoitecer";"Crescente";"Ceu Claro";"Simples";"Reta";"Rural";3;0;1;0;2;0;1;2
83442651;"25/02/16";"Quinta";"18:00:00";"RO";425;"51,9";"VILA NOVA DO MAMORE";"Falta de atenção";"Saída de Pista";"Com Vítimas Fatais";"Anoitecer";"Decrescente";"Ignorada";"Simples";"Reta";"Rural";1;1;0;0;0;0;0;1
83442652;"26/02/16";"Sexta";"14:40:00";"MT";70;"507";"CUIABA";"Defeito mecânico em veículo";"Colisão lateral";"Sem Vítimas";"Pleno dia";"Decrescente";"Sol";"Simples";"Reta";"Rural";3;0;0;0;3;0;0;2
83442653;"23/02/16";"Terça";"07:16:00";"MG";381;"262";"TIMOTEO";"Desobediência à sinalização";"Colisão Transversal";"Com Vítimas Feridas";"Pleno dia";"Crescente";"Ceu Claro";"Simples";"Reta";"Rural";3;0;0;3;0;0;3;2
83442654;"26/02/16";"Sexta";"17:30:00";"RS";285;"419";"PANAMBI";"Ultrapassagem indevida";"Colisão lateral";"Sem Vítimas";"Pleno dia";"Crescente";"Ceu Claro";"Simples";"Reta";"Rural";2;0;0;0;2;0;0;2
83442655;"26/02/16";"Sexta";"15:20:00";"BA";116;"371";"SERRINHA";"Outras";"Saída de Pista";"Com Vítimas Feridas";"Pleno dia";"Decrescente";"Nublado";"Simples";"Reta";"Rural";4;0;3;0;1;0;3;2
83442656;"26/02/16";"Sexta";"16:20:00";"RJ";116;"164,4";"RIO DE JANEIRO";"Outras";"Queda de motocicleta / bicicleta / veículo";"Com Vítimas Fatais";"Pleno dia";"Decrescente";"Sol";"Múltipla";"Reta";"Urbano";1;1;0;0;0;0;0;1
83442657;"26/02/16";"Sexta";"17:30:00";"MG";116;"422,5";"ALPERCATA";"Desobediência à sinalização";"Colisão Transversal";"Com Vítimas Feridas";"Pleno dia";"Crescente";"Sol";"Simples";"Reta";"Rural";3;0;2;1;0;0;3;2
83442658;"26/02/16";"Sexta";"17:30:00";"RJ";393;"243";"VASSOURAS";"Outras";"Colisão lateral";"Com Vítimas Feridas";"Anoitecer";"Crescente";"Chuva";"Múltipla";"Curva";"Rural";4;0;1;0;3;0;1;3
83442659;"26/02/16";"Sexta";"18:30:00";"PR";163;"291,3";"MARECHAL CANDIDO RONDON";"Falta de atenção";"Colisão lateral";"Com Vítimas Feridas";"Pleno dia";"Crescente";"Sol";"Simples";"Reta";"Rural";3;0;1;0;2;0;1;2
83442660;"26/02/16";"Sexta";"09:00:00";"RJ";40;"124";"DUQUE DE CAXIAS";"Não guardar distância de segurança";"Colisão traseira";"Sem Vítimas";"Plena noite";"Decrescente";"Nublado";"Múltipla";"Reta";"Urbano";3;0;0;0;3;0;0;3
83442661;"24/02/16";"Quarta";"05:40:00";"SP";116;"124,4";"CACAPAVA";"Dormindo";"Tombamento";"Sem Vítimas";"Amanhecer";"Decrescente";"Ceu Claro";"Dupla";"Reta";"Urbano";1;0;0;0;1;0;0;1
83442662;"26/02/16";"Sexta";"17:30:00";"RS";293;"238";"DOM PEDRITO";"Falta de atenção";"Colisão Transversal";"Sem Vítimas";"Pleno dia";"Decrescente";"Ceu Claro";"Simples";"Reta";"Rural";3;0;0;0;3;0;0;3
83442663;"07/01/16";"Quinta";"15:00:00";"PR";277;"378";"GUARAPUAVA";"Outras";"Colisão com objeto fixo";"Ignorado";"Pleno dia";"Crescente";"Ceu Claro";"Simples";"Reta";"Rural";1;0;0;0;0;1;0;1
83442664;"26/02/16";"Sexta";"21:10:00";"SC";101;"25,8";"JOINVILLE";"Falta de atenção";"Colisão traseira";"Sem Vítimas";"Plena noite";"Crescente";"Ceu Claro";"Dupla";"Reta";"Rural";2;0;0;0;2;0;0;2
83442665;"26/02/16";"Sexta";"17:25:00";"RJ";393;"243";"VASSOURAS";"Outras";"Saída de Pista";"Sem Vítimas";"Anoitecer";"Crescente";"Chuva";"Simples";"Curva";"Urbano";2;0;0;0;2;0;0;1
83442666;"26/02/16";"Sexta";"15:00:00";"RJ";116;"171,9";"SAO JOAO DE MERITI";"Não guardar distância de segurança";"Capotamento";"Com Vítimas Feridas";"Pleno dia";"Decrescente";"Ceu Claro";"Múltipla";"Reta";"Urbano";4;0;1;0;3;0;1;4
83442667;"26/02/16";"Sexta";"16:30:00";"PR";277;"146";"BALSA NOVA";"Falta de atenção";"Colisão Transversal";"Com Vítimas Feridas";"Pleno dia";"Crescente";"Ceu Claro";"Simples";"Reta";"Rural";3;0;1;1;1;0;2;2
83442668;"26/02/16";"Sexta";"18:25:00";"PR";277;"586,6";"CASCAVEL";"Desobediência à sinalização";"Colisão Transversal";"Sem Vítimas";"Pleno dia";"Decrescente";"Ceu Claro";"Simples";"Reta";"Rural";2;0;0;0;2;0;0;2
83442669;"26/02/16";"Sexta";"07:20:00";"ES";262;"1,4";"CARIACICA";"Falta de atenção";"Colisão lateral";"Com Vítimas Feridas";"Pleno dia";"Crescente";"Sol";"Dupla";"Cruzamento";"Urbano";2;0;1;0;1;0;1;2
83442670;"26/02/16";"Sexta";"20:35:00";"SC";282;"487,6";"FAXINAL DOS GUEDES";"Defeito mecânico em veículo";"Queda de motocicleta / bicicleta / veículo";"Com Vítimas Feridas";"Plena noite";"Crescente";"Ceu Claro";"Simples";"Reta";"Rural";2;0;2;0;0;0;2;1
83442671;"26/02/16";"Sexta";"10:00:00";"MG";381;"360,5";"JOAO MONLEVADE";"Falta de atenção";"Colisão frontal";"Com Vítimas Feridas";"Pleno dia";"Crescente";"Nublado";"Simples";"Curva";"Urbano";3;0;2;0;0;1;2;2
83442672;"26/02/16";"Sexta";"20:20:00";"PR";376;"495,6";"PONTA GROSSA";"Outras";"Colisão lateral";"Sem Vítimas";"Plena noite";"Decrescente";"Ceu Claro";"Dupla";"Reta";"Rural";2;0;0;0;1;1;0;2
83442673;"26/02/16";"Sexta";"20:45:00";"SP";116;"151";"SAO JOSE DOS CAMPOS";"Outras";"Capotamento";"Ignorado";"Plena noite";"Crescente";"Nevoeiro/neblina";"Dupla";"Reta";"Rural";1;0;0;0;0;1;0;1
83442674;"26/02/16";"Sexta";"17:15:00";"RS";392;"1,4";"PELOTAS";"Outras";"Colisão Transversal";"Sem Vítimas";"Pleno dia";"Crescente";"Chuva";"Simples";"Reta";"Urbano";2;0;0;0;2;0;0;2
83442675;"26/02/16";"Sexta";"18:55:00";"MG";262;"121";"RIO CASCA";"Falta de atenção";"Colisão Transversal";"Com Vítimas Feridas";"Anoitecer";"Decrescente";"Nublado";"Simples";"Reta";"Urbano";2;0;0;1;1;0;1;2
83442676;"26/02/16";"Sexta";"18:20:00";"PR";369;"147,9";"LONDRINA";"Não guardar distância de segurança";"Colisão traseira";"Com Vítimas Feridas";"Anoitecer";"Crescente";"Sol";"Dupla";"Reta";"Urbano";4;0;1;0;3;0;1;3
83442677;"26/02/16";"Sexta";"19:20:00";"RS";293;"14,4";"CAPAO DO LEAO";"Falta de atenção";"Colisão frontal";"Com Vítimas Feridas";"Anoitecer";"Decrescente";"Nublado";"Simples";"Reta";"Urbano";3;0;0;1;2;0;1;3
83442678;"26/02/16";"Sexta";"19:40:00";"AL";316;"84";"SANTANA DO IPANEMA";"Falta de atenção";"Colisão frontal";"Com Vítimas Feridas";"Plena noite";"Crescente";"Ceu Claro";"Simples";"Reta";"Urbano";2;0;0;1;1;0;1;2
83442679;"26/02/16";"Sexta";"19:10:00";"SC";101;"117";"ITAJAI";"Outras";"Colisão lateral";"Com Vítimas Feridas";"Plena noite";"Crescente";"Ceu Claro";"Múltipla";"Reta";"Rural";2;0;0;1;1;0;1;2
83442680;"26/02/16";"Sexta";"20:37:00";"MG";50;"175,3";"UBERABA";"Falta de atenção";"Colisão com objeto fixo";"Com Vítimas Feridas";"Plena noite";"Crescente";"Chuva";"Dupla";"Reta";"Urbano";1;0;1;0;0;0;1;1
83442681;"26/02/16";"Sexta";"12:45:00";"RO";319;"64";"PORTO VELHO";"Falta de atenção";"Colisão Transversal";"Com Vítimas Feridas";"Pleno dia";"Crescente";"Nublado";"Múltipla";"Reta";"Urbano";2;0;1;0;1;0;1;2
83442682;"26/02/16";"Sexta";"15:30:00";"RJ";116;"165";"RIO DE JANEIRO";"Outras";"Colisão com objeto fixo";"Com Vítimas Feridas";"Pleno dia";"Decrescente";"Sol";"Múltipla";"Reta";"Urbano";1;0;1;0;0;0;1;1