"id";"data_inversa";"dia_semana";"horario";"uf";"br";"km";"municipio";"causa_acidente";"tipo_acidente";"classificacao_acidente";"fase_dia";"sentido_via";"condicao_metereologica";"tipo_pista";"tracado_via";"uso_solo";"pessoas";"mortos";"feridos_leves";"feridos_graves";"ilesos";"ignorados";"feridos";"veiculos"
83442684;"26/02/16";"Sexta";"17:45:00";"RS";386;"349,4";"ESTRELA";"Não guardar distância de segurança";"Colisão lateral";"Sem Vítimas";"Pleno dia";"Decrescente";"Nublado";"Dupla";"Reta";"Urbano";2;0;0;0;2;0;0;2
83442685;"26/02/16";"Sexta";"20:15:00";"RJ";101;"55";"CAMPOS DOS GOYTACAZES";"Outras";"Colisão Transversal";"Com Vítimas Feridas";"Plena noite";"Decrescente";"Ceu Claro";"Simples";"Reta";"Urbano";2;0;1;0;1;0;1;2
83442686;"11/02/16";"Quinta";"17:40:00";"TO";153;"448";"BARROLANDIA";"Defeito mecânico em veículo";"Tombamento";"Sem Vítimas";"Pleno dia";"Decrescente";"Ceu Claro";"Simples";"Curva";"Rural";1;0;0;0;1;0;0;1
83442687;"26/02/16";"Sexta";"15:30:00";"RO";364;"774";"PORTO VELHO";"Velocidade incompatível";"Saída de Pista";"Com Vítimas Feridas";"Pleno dia";"Crescente";"Chuva";"Simples";"Reta";"Rural";2;0;2;0;0;0;2;1
83442688;"26/02/16";"Sexta";"18:00:00";"MS";267;"37";"BATAGUASSU";"Ultrapassagem indevida";"Colisão frontal";"Com Vítimas Fatais";"Anoitecer";"Decrescente";"Nublado";"Simples";"Reta";"Rural";7;1;2;4;0;0;6;2
83442689;"26/02/16";"Sexta";"19:45:00";"RO";364;"710";"PORTO VELHO";"Falta de atenção";"Colisão Transversal";"Com Vítimas Feridas";"Plena noite";"Decrescente";"Ignorada";"Dupla";"Reta";"Urbano";3;0;1;0;2;0;1;2
83442690;"26/02/16";"Sexta";"10:50:00";"RJ";101;"281";"ITABORAI";"Outras";"Colisão lateral";"Sem Vítimas";"Pleno dia";"Crescente";"Sol";"Dupla";"Reta";"Rural";2;0;0;0;2;0;0;2
83442692;"27/02/16";"Sábado";"00:30:00";"SC";101;"24,8";"JOINVILLE";"Outras";"Colisão com objeto fixo";"Sem Vítimas";"Plena noite";"Crescente";"Ceu Claro";"Dupla";"Reta";"Rural";2;0;0;0;2;0;0;2
83442693;"26/02/16";"Sexta";"17:05:00";"GO";20;"30";"FORMOSA";"Falta de atenção";"Tombamento";"Sem Vítimas";"Anoitecer";"Decrescente";"Chuva";"Simples";"Reta";"Rural";1;0;0;0;1;0;0;1
83442694;"26/02/16";"Sexta";"15:00:00";"RO";174;"21";"VILHENA";"Defeito na via";"Saída de Pista";"Sem Vítimas";"Pleno dia";"Decrescente";"Ceu Claro";"Simples";"Reta";"Rural";1;0;0;0;1;0;0;1
83442695;"27/02/16";"Sábado";"00:15:00";"RS";285;"310,5";"PASSO FUNDO";"Velocidade incompatível";"Saída de Pista";"Sem Vítimas";"Plena noite";"Decrescente";"Chuva";"Dupla";"Curva";"Rural";1;0;0;0;1;0;0;1
83442696;"27/02/16";"Sábado";"00:15:00";"SP";381;"30,7";"ATIBAIA";"Outras";"Saída de Pista";"Com Vítimas Feridas";"Plena noite";"Decrescente";"Nublado";"Dupla";"Reta";"Urbano";2;0;2;0;0;0;2;1
83442697;"26/02/16";"Sexta";"16:50:00";"RO";364;"97,6";"VILHENA";"Ultrapassagem indevida";"Capotamento";"Sem Vítimas";"Pleno dia";"Crescente";"Nublado";"Simples";"Reta";"Rural";3;0;0;0;3;0;0;3
83442698;"26/02/16";"Sexta";"23:00:00";"MG";381;"525";"BRUMADINHO";"Velocidade incompatível";"Saída de Pista";"Com Vítimas Feridas";"Plena noite";"Crescente";"Nublado";"Dupla";"Curva";"Rural";1;0;1;0;0;0;1;1
83442699;"26/02/16";"Sexta";"23:50:00";"SC";282;"38,6";"AGUAS MORNAS";"Outras";"Colisão frontal";"Com Vítimas Feridas";"Plena noite";"Decrescente";"Ignorada";"Simples";"Curva";"Rural";2;0;0;1;1;0;1;2
83442700;"26/02/16";"Sexta";"23:50:00";"SC";282;"574,7";"PINHALZINHO";"Ingestão de álcool";"Colisão lateral";"Sem Vítimas";"Plena noite";"Decrescente";"Ceu Claro";"Simples";"Reta";"Rural";2;0;0;0;2;0;0;2
83442701;"26/02/16";"Sexta";"23:30:00";"PE";104;"66,3";"CARUARU";"Outras";"Colisão Transversal";"Com Vítimas Feridas";"Plena noite";"Decrescente";"Ceu Claro";"Dupla";"Cruzamento";"Urbano";3;0;0;2;1;0;2;2
83442702;"27/02/16";"Sábado";"00:43:00";"SC";101;"24,8";"JOINVILLE";"Defeito na via";"Colisão com objeto fixo";"Sem Vítimas";"Plena noite";"Crescente";"Ceu Claro";"Dupla";"Reta";"Urbano";1;0;0;0;1;0;0;1
83442703;"26/02/16";"Sexta";"13:00:00";"MT";70;"524";"VARZEA GRANDE";"Falta de atenção";"Colisão traseira";"Sem Vítimas";"Pleno dia";"Crescente";"Ceu Claro";"Simples";"Reta";"Urbano";3;0;0;0;3;0;0;3
83442704;"24/02/16";"Quarta";"10:34:00";"GO";153;"368,7";"JARAGUA";"Ingestão de álcool";"Colisão lateral";"Com Vítimas Feridas";"Pleno dia";"Decrescente";"Ceu Claro";"Simples";"Reta";"Rural";4;0;1;0;3;0;1;4
83442705;"26/02/16";"Sexta";"17:00:00";"RJ";393;"104,2";"SAPUCAIA";"Não guardar distância de segurança";"Colisão traseira";"Sem Vítimas";"Pleno dia";"Crescente";"Chuva";"Simples";"Reta";"Rural";4;0;0;0;3;1;0;4
83442706;"27/02/16";"Sábado";"01:10:00";"SC";101;"207,8";"SAO JOSE";"Falta de atenção";"Colisão com objeto fixo";"Com Vítimas Feridas";"Plena noite";"Crescente";"Nublado";"Dupla";"Reta";"Urbano";1;0;1;0;0;0;1;1
83442707;"27/02/16";"Sábado";"01:00:00";"SP";116;"222,2";"GUARULHOS";"Defeito mecânico em veículo";"Colisão traseira";"Sem Vítimas";"Plena noite";"Decrescente";"Nublado";"Múltipla";"Reta";"Urbano";2;0;0;0;2;0;0;2
83442708;"26/02/16";"Sexta";"21:10:00";"ES";101;"162";"LINHARES";"Outras";"Colisão com objeto móvel";"Com Vítimas Feridas";"Plena noite";"Crescente";"Ceu Claro";"Simples";"Reta";"Rural";2;0;0;1;0;1;1;2
83442709;"27/02/16";"Sábado";"00:40:00";"PR";376;"147,2";"PRESIDENTE CASTELO BRANCO";"Desobediência à sinalização";"Colisão Transversal";"Com Vítimas Feridas";"Plena noite";"Crescente";"Chuva";"Dupla";"Reta";"Rural";5;0;1;1;3;0;2;2
83442710;"26/02/16";"Sexta";"11:30:00";"SC";282;"336";"CAMPOS NOVOS";"Ingestão de álcool";"Colisão frontal";"Sem Vítimas";"Plena noite";"Crescente";"Ceu Claro";"Simples";"Curva";"Urbano";2;0;0;0;2;0;0;2
83442711;"27/02/16";"Sábado";"00:15:00";"RJ";116;"303";"RESENDE";"Falta de atenção";"Capotamento";"Sem Vítimas";"Plena noite";"Crescente";"Nublado";"Dupla";"Reta";"Urbano";1;0;0;0;1;0;0;1
83442712;"27/02/16";"Sábado";"02:00:00";"PR";277;"128";"BALSA NOVA";"Dormindo";"Saída de Pista";"Com Vítimas Feridas";"Plena noite";"Crescente";"Nevoeiro/neblina";"Dupla";"Reta";"Rural";1;0;1;0;0;0;1;1
83442713;"26/02/16";"Sexta";"22:10:00";"PR";277;"725,6";"FOZ DO IGUACU";"Falta de atenção";"Colisão Transversal";"Sem Vítimas";"Plena noite";"Decrescente";"Ceu Claro";"Dupla";"Reta";"Urbano";5;0;0;0;5;0;0;2
83442714;"26/02/16";"Sexta";"19:00:00";"MA";10;"178";"CAMPESTRE DO MARANHAO";"Outras";"Atropelamento de pessoa";"Com Vítimas Feridas";"Plena noite";"Decrescente";"Ceu Claro";"Simples";"Reta";"Urbano";2;0;0;1;1;0;1;1
83442715;"26/02/16";"Sexta";"21:30:00";"GO";364;"151,5";"JATAI";"Falta de atenção";"Colisão traseira";"Com Vítimas Feridas";"Plena noite";"Decrescente";"Ceu Claro";"Simples";"Reta";"Rural";2;0;0;1;1;0;1;2
83442716;"26/02/16";"Sexta";"12:20:00";"TO";153;"141";"ARAGUAINA";"Defeito na via";"Tombamento";"Com Vítimas Feridas";"Pleno dia";"Crescente";"Nublado";"Múltipla";"Cruzamento";"Urbano";1;0;1;0;0;0;1;1
83442717;"27/02/16";"Sábado";"02:00:00";"PR";277;"703";"SAO MIGUEL DO IGUACU";"Outras";"Derramamento de Carga";"Sem Vítimas";"Plena noite";"Crescente";"Ceu Claro";"Dupla";"Reta";"Rural";1;0;0;0;1;0;0;1
83442718;"26/02/16";"Sexta";"19:30:00";"GO";60;"164,4";"GOIANIA";"Outras";"Tombamento";"Com Vítimas Feridas";"Plena noite";"Decrescente";"Ceu Claro";"Dupla";"Reta";"Urbano";1;0;0;1;0;0;1;1
83442719;"26/02/16";"Sexta";"23:10:00";"SP";101;"47,2";"UBATUBA";"Outras";"Colisão lateral";"Com Vítimas Feridas";"Plena noite";"Crescente";"Ceu Claro";"Simples";"Curva";"Urbano";6;0;2;0;4;0;2;2
83442720;"27/02/16";"Sábado";"03:00:00";"RS";153;"31";"TRES ARROIOS";"Defeito mecânico em veículo";"Saída de Pista";"Sem Vítimas";"Plena noite";"Decrescente";"Chuva";"Simples";"Reta";"Rural";5;0;0;0;5;0;0;1
83442721;"27/02/16";"Sábado";"04:15:00";"RS";285;"462,7";"IJUI";"Desobediência à sinalização";"Colisão Transversal";"Sem Vítimas";"Plena noite";"Crescente";"Chuva";"Simples";"Cruzamento";"Rural";2;0;0;0;2;0;0;2
83442722;"22/02/16";"Segunda";"12:00:00";"SP";381;"52";"ATIBAIA";"Falta de atenção";"Tombamento";"Com Vítimas Feridas";"Pleno dia";"Crescente";"Sol";"Simples";"Reta";"Rural";1;0;1;0;0;0;1;1
83442723;"26/02/16";"Sexta";"16:30:00";"PR";272;"541";"TERRA ROXA";"Outras";"Colisão lateral";"Sem Vítimas";"Pleno dia";"Crescente";"Chuva";"Simples";"Reta";"Rural";2;0;0;0;2;0;0;2
83442724;"06/02/16";"Sábado";"14:30:00";"AP";156;"330,2";"FERREIRA GOMES";"Falta de atenção";"Colisão Transversal";"Com Vítimas Feridas";"Pleno dia";"Crescente";"Ceu Claro";"Simples";"Reta";"Rural";4;0;1;1;2;0;2;2
83442725;"26/02/16";"Sexta";"19:10:00";"SC";470;"70,9";"INDAIAL";"Falta de atenção";"Colisão Transversal";"Com Vítimas Feridas";"Anoitecer";"Crescente";"Ceu Claro";"Simples";"Cruzamento";"Urbano";2;0;1;0;1;0;1;2
83442726;"27/02/16";"Sábado";"02:00:00";"RO";364;"420";"JARU";"Outras";"Danos Eventuais";"Sem Vítimas";"Plena noite";"Crescente";"Ceu Claro";"Simples";"Reta";"Rural";1;0;0;0;1;0;0;1
83442727;"26/02/16";"Sexta";"20:27:00";"GO";660;"164,3";"GOIANIA";"Outras";"Colisão com objeto fixo";"Com Vítimas Feridas";"Plena noite";"Crescente";"Ceu Claro";"Dupla";"Reta";"Urbano";1;0;1;0;0;0;1;1
83442728;"26/02/16";"Sexta";"16:50:00";"ES";101;"296";"CARIACICA";"Desobediência à sinalização";"Colisão com objeto fixo";"Com Vítimas Feridas";"Pleno dia";"Crescente";"Nublado";"Múltipla";"Cruzamento";"Urbano";1;0;1;0;0;0;1;1
83442729;"23/02/16";"Terça";"01:00:00";"SP";381;"78,7";"SAO PAULO";"Dormindo";"Colisão traseira";"Com Vítimas Feridas";"Plena noite";"Crescente";"Ceu Claro";"Dupla";"Reta";"Rural";3;0;2;0;1;0;2;2
83442731;"27/02/16";"Sábado";"04:30:00";"SC";101;"101,2";"PICARRAS";"Falta de atenção";"Colisão lateral";"Com Vítimas Feridas";"Plena noite";"Decrescente";"Chuva";"Dupla";"Reta";"Urbano";3;0;1;1;1;0;2;2
83442732;"27/02/16";"Sábado";"04:15:00";"SP";116;"546,2";"BARRA DO TURVO";"Falta de atenção";"Tombamento";"Sem Vítimas";"Plena noite";"Crescente";"Nublado";"Simples";"Curva";"Rural";1;0;0;0;1;0;0;1
83442733;"26/02/16";"Sexta";"18:00:00";"SP";116;"227,6";"SAO PAULO";"Falta de atenção";"Colisão lateral";"Com Vítimas Feridas";"Pleno dia";"Decrescente";"Ceu Claro";"Múltipla";"Reta";"Urbano";2;0;1;0;1;0;1;2
83442734;"27/02/16";"Sábado";"04:20:00";"PR";369;"142,5";"IBIPORA";"Ingestão de álcool";"Colisão com objeto fixo";"Com Vítimas Feridas";"Plena noite";"Crescente";"Chuva";"Dupla";"Curva";"Urbano";2;0;2;0;0;0;2;1
83442735;"26/02/16";"Sexta";"20:45:00";"RS";290;"122";"ELDORADO DO SUL";"Ingestão de álcool";"Colisão Transversal";"Sem Vítimas";"Plena noite";"Crescente";"Chuva";"Simples";"Reta";"Rural";2;0;0;0;2;0;0;2
83442736;"26/02/16";"Sexta";"20:50:00";"SC";282;"208";"LAGES";"Defeito mecânico em veículo";"Colisão com objeto móvel";"Sem Vítimas";"Plena noite";"Decrescente";"Nublado";"Simples";"Reta";"Urbano";2;0;0;0;2;0;0;2
83442737;"27/02/16";"Sábado";"04:30:00";"RS";386;"164,8";"CARAZINHO";"Falta de atenção";"Saída de Pista";"Sem Vítimas";"Plena noite";"Decrescente";"Chuva";"Simples";"Reta";"Rural";1;0;0;0;1;0;0;1
83442738;"26/02/16";"Sexta";"14:30:00";"PI";404;"56";"PEDRO II";"Outras";"Capotamento";"Com Vítimas Fatais";"Pleno dia";"Crescente";"Ceu Claro";"Simples";"Reta";"Rural";6;1;2;3;0;0;5;1
83442739;"27/02/16";"Sábado";"01:00:00";"BA";415;"58";"ITABUNA";"Defeito mecânico em veículo";"Incêndio";"Sem Vítimas";"Plena noite";"Decrescente";"Ceu Claro";"Simples";"Reta";"Rural";1;0;0;0;1;0;0;1
83442740;"26/02/16";"Sexta";"17:50:00";"RJ";116;"27,8";"SAPUCAIA";"Velocidade incompatível";"Colisão frontal";"Sem Vítimas";"Plena noite";"Crescente";"Nublado";"Simples";"Curva";"Rural";3;0;0;0;2;1;0;2
83442741;"27/02/16";"Sábado";"00:30:00";"ES";101;"144";"LINHARES";"Ingestão de álcool";"Saída de Pista";"Sem Vítimas";"Plena noite";"Decrescente";"Ceu Claro";"Dupla";"Reta";"Urbano";2;0;0;0;2;0;0;1
83442742;"18/02/16";"Quinta";"21:10:00";"RJ";393;"279";"BARRA DO PIRAI";"Ingestão de álcool";"Colisão Transversal";"Sem Vítimas";"Plena noite";"Decrescente";"Ceu Claro";"Simples";"Reta";"Urbano";2;0;0;0;2;0;0;2
83442743;"27/02/16";"Sábado";"06:00:00";"RS";285;"462,1";"IJUI";"Velocidade incompatível";"Colisão com objeto fixo";"Sem Vítimas";"Plena noite";"Decrescente";"Chuva";"Simples";"Reta";"Rural";2;0;0;0;2;0;0;1
83442744;"27/02/16";"Sábado";"05:00:00";"PR";369;"439,4";"UBIRATA";"Ingestão de álcool";"Colisão lateral";"Sem Vítimas";"Plena noite";"Crescente";"Nublado";"Simples";"Reta";"Rural";2;0;0;0;2;0;0;2
83442745;"20/02/16";"Sábado";"01:20:00";"PR";116;"16";"CURITIBA";"Outras";"Saída de Pista";"Sem Vítimas";"Plena noite";"Crescente";"Nublado";"Dupla";"Reta";"Urbano";5;0;0;0;4;1;0;4
83442746;"27/02/16";"Sábado";"05:35:00";"SP";116;"543";"BARRA DO TURVO";"Falta de atenção";"Colisão com objeto fixo";"Sem Vítimas";"Amanhecer";"Decrescente";"Nublado";"Dupla";"Reta";"Rural";1;0;0;0;1;0;0;1
83442747;"26/02/16";"Sexta";"14:25:00";"PR";163;"154";"SANTA LUCIA";"Outras";"Queda de motocicleta / bicicleta / veículo";"Com Vítimas Feridas";"Pleno dia";"Decrescente";"Sol";"Simples";"Curva";"Rural";2;0;2;0;0;0;2;1
83442748;"26/02/16";"Sexta";"05:00:00";"MG";40;"353";"FELIXLANDIA";"Velocidade incompatível";"Colisão traseira";"Sem Vítimas";"Plena noite";"Crescente";"Ceu Claro";"Simples";"Reta";"Rural";2;0;0;0;2;0;0;2
83442749;"26/02/16";"Sexta";"20:30:00";"RJ";116;"92";"GUAPIMIRIM";"Falta de atenção";"Colisão Transversal";"Com Vítimas Feridas";"Plena noite";"Decrescente";"Chuva";"Simples";"Curva";"Rural";2;0;0;2;0;0;2;2
83442750;"27/02/16";"Sábado";"07:20:00";"RS";285;"327,4";"CARAZINHO";"Velocidade incompatível";"Saída de Pista";"Sem Vítimas";"Amanhecer";"Decrescente";"Chuva";"Simples";"Curva";"Rural";1;0;0;0;1;0;0;1
83442751;"26/02/16";"Sexta";"21:00:00";"RJ";465;"12";"SEROPEDICA";"Falta de atenção";"Colisão frontal";"Com Vítimas Feridas";"Plena noite";"Decrescente";"Nublado";"Simples";"Reta";"Urbano";3;0;2;0;1;0;2;2
83442752;"18/02/16";"Quinta";"15:20:00";"ES";262;"6,5";"CARIACICA";"Velocidade incompatível";"Colisão traseira";"Com Vítimas Feridas";"Pleno dia";"Crescente";"Sol";"Múltipla";"Reta";"Urbano";2;0;1;1;0;0;2;2
83442753;"26/02/16";"Sexta";"23:40:00";"RJ";116;"164";"RIO DE JANEIRO";"Outras";"Colisão com objeto fixo";"Sem Vítimas";"Plena noite";"Crescente";"Ceu Claro";"Múltipla";"Reta";"Urbano";2;0;0;0;2;0;0;2
83442754;"05/02/16";"Sexta";"07:00:00";"RS";285;"123";"VACARIA";"Falta de atenção";"Colisão traseira";"Sem Vítimas";"Pleno dia";"Decrescente";"Sol";"Simples";"Reta";"Urbano";2;0;0;0;2;0;0;2
83442756;"27/02/16";"Sábado";"07:10:00";"AL";316;"244";"ATALAIA";"Ultrapassagem indevida";"Colisão lateral";"Com Vítimas Feridas";"Pleno dia";"Crescente";"Ceu Claro";"Simples";"Reta";"Urbano";2;0;1;0;1;0;1;2
83442757;"06/02/16";"Sábado";"05:40:00";"SC";470;"81,9";"RODEIO";"Outras";"Colisão lateral";"Com Vítimas Feridas";"Amanhecer";"Decrescente";"Nublado";"Simples";"Reta";"Urbano";5;0;2;0;2;1;2;4
83442758;"26/02/16";"Sexta";"13:00:00";"RJ";116;"104";"GUAPIMIRIM";"Falta de atenção";"Colisão Transversal";"Com Vítimas Feridas";"Pleno dia";"Decrescente";"Sol";"Dupla";"Reta";"Urbano";3;0;2;0;1;0;2;3
83442759;"06/02/16";"Sábado";"05:40:00";"SC";470;"81,9";"RODEIO";"Falta de atenção";"Colisão lateral";"Com Vítimas Feridas";"Amanhecer";"Decrescente";"Nublado";"Simples";"Reta";"Urbano";5;0;2;0;3;0;2;4
83442760;"27/02/16";"Sábado";"08:05:00";"PR";376;"662";"TIJUCAS DO SUL";"Outras";"Incêndio";"Sem Vítimas";"Pleno dia";"Decrescente";"Ceu Claro";"Dupla";"Reta";"Rural";1;0;0;0;1;0;0;1
83442761;"23/02/16";"Terça";"23:50:00";"SE";101;"147,5";"ESTANCIA";"Outras";"Saída de Pista";"Com Vítimas Fatais";"Plena noite";"Crescente";"Ceu Claro";"Dupla";"Curva";"Rural";1;1;0;0;0;0;0;1
83442762;"27/02/16";"Sábado";"06:05:00";"MT";163;"714";"SORRISO";"Não guardar distância de segurança";"Colisão traseira";"Sem Vítimas";"Amanhecer";"Decrescente";"Chuva";"Simples";"Reta";"Rural";2;0;0;0;1;1;0;2
83442763;"23/02/16";"Terça";"08:40:00";"SC";101;"214,3";"PALHOCA";"Outras";"Colisão traseira";"Com Vítimas Feridas";"Pleno dia";"Decrescente";"Nublado";"Dupla";"Reta";"Urbano";2;0;1;0;1;0;1;2
83442766;"27/02/16";"Sábado";"06:30:00";"SC";282;"620,5";"IRACEMINHA";"Ultrapassagem indevida";"Colisão lateral";"Com Vítimas Feridas";"Amanhecer";"Decrescente";"Chuva";"Simples";"Curva";"Rural";2;0;1;0;1;0;1;2
83442768;"27/02/16";"Sábado";"06:10:00";"BA";110;"193,5";"RIBEIRA DO POMBAL";"Defeito na via";"Capotamento";"Com Vítimas Feridas";"Pleno dia";"Decrescente";"Ceu Claro";"Simples";"Reta";"Rural";5;0;2;3;0;0;5;1
83442769;"23/02/16";"Terça";"19:10:00";"PR";467;"103";"CASCAVEL";"Outras";"Saída de Pista";"Sem Vítimas";"Plena noite";"Crescente";"Chuva";"Dupla";"Reta";"Rural";2;0;0;0;2;0;0;2
83442770;"27/02/16";"Sábado";"07:50:00";"MG";262;"46";"MANHUACU";"Falta de atenção";"Colisão traseira";"Com Vítimas Feridas";"Pleno dia";"Decrescente";"Nublado";"Simples";"Curva";"Rural";2;0;1;0;1;0;1;2
83442772;"23/02/16";"Terça";"17:15:00";"SC";470;"183";"POUSO REDONDO";"Ultrapassagem indevida";"Colisão lateral";"Sem Vítimas";"Pleno dia";"Crescente";"Chuva";"Simples";"Reta";"Rural";2;0;0;0;2;0;0;2
83442773;"27/02/16";"Sábado";"06:45:00";"SC";282;"382";"JOACABA";"Velocidade incompatível";"Colisão frontal";"Com Vítimas Fatais";"Amanhecer";"Decrescente";"Chuva";"Simples";"Reta";"Rural";3;1;2;0;0;0;2;2
83442774;"24/02/16";"Quarta";"18:30:00";"GO";50;"101";"CRISTALINA";"Outras";"Saída de Pista";"Com Vítimas Feridas";"Plena noite";"Crescente";"Chuva";"Dupla";"Reta";"Rural";2;0;1;0;1;0;1;1
83442775;"26/02/16";"Sexta";"21:44:00";"MT";163;"912";"ITAUBA";"Outras";"Derramamento de Carga";"Sem Vítimas";"Plena noite";"Decrescente";"Nublado";"Simples";"Reta";"Rural";2;0;0;0;2;0;0;2
83442776;"26/02/16";"Sexta";"15:50:00";"PB";230;"366,2";"MALTA";"Falta de atenção";"Colisão frontal";"Com Vítimas Feridas";"Pleno dia";"Decrescente";"Sol";"Simples";"Reta";"Urbano";2;0;0;1;1;0;1;2
83442777;"24/02/16";"Quarta";"01:15:00";"RJ";116;"224,3";"PIRAI";"Velocidade incompatível";"Capotamento";"Com Vítimas Feridas";"Plena noite";"Decrescente";"Ceu Claro";"Simples";"Curva";"Rural";1;0;1;0;0;0;1;1
83442778;"27/02/16";"Sábado";"09:00:00";"MA";10;"247";"IMPERATRIZ";"Desobediência à sinalização";"Colisão Transversal";"Com Vítimas Feridas";"Pleno dia";"Crescente";"Ceu Claro";"Simples";"Reta";"Urbano";2;0;1;0;1;0;1;2
83442779;"19/02/16";"Sexta";"18:00:00";"RJ";116;"221,4";"PIRAI";"Velocidade incompatível";"Colisão com objeto fixo";"Sem Vítimas";"Anoitecer";"Decrescente";"Ceu Claro";"Dupla";"Curva";"Rural";1;0;0;0;1;0;0;1
83442780;"11/02/16";"Quinta";"08:00:00";"BA";324;"614";"SALVADOR";"Outras";"Colisão traseira";"Sem Vítimas";"Pleno dia";"Crescente";"Ceu Claro";"Dupla";"Reta";"Urbano";4;0;0;0;3;1;0;4
83442781;"27/02/16";"Sábado";"08:05:00";"PR";158;"516,3";"PATO BRANCO";"Velocidade incompatível";"Colisão frontal";"Com Vítimas Feridas";"Pleno dia";"Decrescente";"Chuva";"Simples";"Curva";"Rural";2;0;1;1;0;0;2;2
83442782;"27/02/16";"Sábado";"09:10:00";"SP";116;"515";"CAJATI";"Falta de atenção";"Colisão lateral";"Sem Vítimas";"Pleno dia";"Crescente";"Nublado";"Simples";"Reta";"Rural";2;0;0;0;2;0;0;2
83442783;"27/02/16";"Sábado";"06:40:00";"PE";232;"413,3";"SERRA TALHADA";"Defeito mecânico em veículo";"Colisão Transversal";"Com Vítimas Feridas";"Pleno dia";"Crescente";"Sol";"Simples";"Cruzamento";"Rural";3;0;0;2;1;0;2;2
83442784;"27/02/16";"Sábado";"08:30:00";"MS";163;"125";"NAVIRAI";"Outras";"Colisão com objeto fixo";"Sem Vítimas";"Amanhecer";"Decrescente";"Chuva";"Simples";"Reta";"Rural";2;0;0;0;2;0;0;1
83442785;"27/02/16";"Sábado";"08:00:00";"TO";153;"141";"ARAGUAINA";"Defeito na via";"Queda de motocicleta / bicicleta / veículo";"Com Vítimas Feridas";"Pleno dia";"Crescente";"Nublado";"Dupla";"Reta";"Urbano";1;0;1;0;0;0;1;1
83442786;"26/02/16";"Sexta";"17:40:00";"MG";40;"676,7";"CARANDAI";"Outras";"Colisão frontal";"Com Vítimas Feridas";"Pleno dia";"Decrescente";"Nublado";"Simples";"Reta";"Rural";10;0;0;10;0;0;10;2
83442787;"27/02/16";"Sábado";"07:20:00";"BA";116;"3";"VITORIA DA CONQUISTA";"Desobediência à sinalização";"Colisão Transversal";"Com Vítimas Feridas";"Pleno dia";"Crescente";"Nublado";"Simples";"Reta";"Rural";2;0;1;0;0;1;1;2
83442788;"27/02/16";"Sábado";"10:30:00";"SC";470;"138,8";"RIO DO SUL";"Outras";"Colisão Transversal";"Sem Vítimas";"Pleno dia";"Decrescente";"Sol";"Simples";"Cruzamento";"Urbano";2;0;0;0;2;0;0;2
83442789;"27/02/16";"Sábado";"09:10:00";"PR";376;"322,9";"ORTIGUEIRA";"Ingestão de álcool";"Saída de Pista";"Sem Vítimas";"Pleno dia";"Crescente";"Chuva";"Simples";"Curva";"Rural";2;0;0;0;2;0;0;1
83442790;"27/02/16";"Sábado";"09:15:00";"RS";116;"233,1";"NOVO HAMBURGO";"Velocidade incompatível";"Colisão frontal";"Com Vítimas Fatais";"Pleno dia";"Crescente";"Nublado";"Simples";"Reta";"Urbano";2;1;1;0;0;0;1;2
83442791;"27/02/16";"Sábado";"09:55:00";"RJ";116;"111";"GUAPIMIRIM";"Falta de atenção";"Colisão Transversal";"Sem Vítimas";"Pleno dia";"Decrescente";"Ceu Claro";"Dupla";"Reta";"Rural";3;0;0;0;3;0;0;2
83442792;"27/02/16";"Sábado";"09:00:00";"SP";381;"34";"ATIBAIA";"Outras";"Queda de motocicleta / bicicleta / veículo";"Com Vítimas Feridas";"Pleno dia";"Decrescente";"Nublado";"Dupla";"Curva";"Rural";1;0;1;0;0;0;1;1
83442793;"27/02/16";"Sábado";"10:10:00";"CE";222;"1,8";"FORTALEZA";"Falta de atenção";"Colisão traseira";"Sem Vítimas";"Pleno dia";"Crescente";"Sol";"Múltipla";"Reta";"Urbano";3;0;0;0;3;0;0;3
83442794;"27/02/16";"Sábado";"10:15:00";"PR";153;"328,5";"IRATI";"Outras";"Saída de Pista";"Com Vítimas Feridas";"Pleno dia";"Crescente";"Chuva";"Simples";"Cruzamento";"Urbano";1;0;1;0;0;0;1;1
83442795;"27/02/16";"Sábado";"08:50:00";"CE";20;"316";"CANINDE";"Defeito mecânico em veículo";"Queda de motocicleta / bicicleta / veículo";"Com Vítimas Feridas";"Pleno dia";"Decrescente";"Ceu Claro";"Simples";"Reta";"Rural";1;0;1;0;0;0;1;1
83442796;"27/02/16";"Sábado";"09:30:00";"MS";163;"361,1";"NOVA ALVORADA DO SUL";"Desobediência à sinalização";"Colisão lateral";"Sem Vítimas";"Pleno dia";"Decrescente";"Nublado";"Simples";"Reta";"Rural";4;0;0;0;4;0;0;3
83442797;"23/02/16";"Terça";"17:00:00";"ES";101;"275,5";"SERRA";"Defeito mecânico em veículo";"Queda de motocicleta / bicicleta / veículo";"Com Vítimas Feridas";"Pleno dia";"Decrescente";"Ceu Claro";"Dupla";"Reta";"Rural";1;0;0;1;0;0;1;1
83442798;"27/02/16";"Sábado";"10:30:00";"MG";40;"566";"NOVA LIMA";"Defeito mecânico em veículo";"Queda de motocicleta / bicicleta / veículo";"Com Vítimas Feridas";"Pleno dia";"Crescente";"Sol";"Simples";"Reta";"Urbano";2;0;1;1;0;0;2;1
83442800;"27/02/16";"Sábado";"11:20:00";"SP";116;"120,8";"CACAPAVA";"Defeito mecânico em veículo";"Queda de motocicleta / bicicleta / veículo";"Com Vítimas Feridas";"Pleno dia";"Decrescente";"Nublado";"Dupla";"Reta";"Urbano";2;0;2;0;0;0;2;1