"id";"data_inversa";"dia_semana";"horario";"uf";"br";"km";"municipio";"causa_acidente";"tipo_acidente";"classificacao_acidente";"fase_dia";"sentido_via";"condicao_metereologica";"tipo_pista";"tracado_via";"uso_solo";"pessoas";"mortos";"feridos_leves";"feridos_graves";"ilesos";"ignorados";"feridos";"veiculos"
83442801;"27/02/16";"Sábado";"11:50:00";"SP";116;"277";"EMBU";"Desobediência à sinalização";"Colisão Transversal";"Com Vítimas Feridas";"Pleno dia";"Crescente";"Nublado";"Dupla";"Reta";"Urbano";4;0;1;0;3;0;1;2
83442802;"27/02/16";"Sábado";"13:00:00";"RJ";40;"43";"AREAL";"Outras";"Saída de Pista";"Sem Vítimas";"Pleno dia";"Decrescente";"Ceu Claro";"Dupla";"Curva";"Urbano";1;0;0;0;1;0;0;1
83442803;"27/02/16";"Sábado";"09:35:00";"RS";472;"568,2";"URUGUAIANA";"Outras";"Tombamento";"Com Vítimas Feridas";"Pleno dia";"Crescente";"Ceu Claro";"Simples";"Reta";"Rural";1;0;1;0;0;0;1;1
83442804;"20/02/16";"Sábado";"01:25:00";"AL";110;"12";"DELMIRO GOUVEIA";"Falta de atenção";"Capotamento";"Sem Vítimas";"Plena noite";"Decrescente";"Ceu Claro";"Simples";"Cruzamento";"Rural";1;0;0;0;1;0;0;1
83442805;"27/02/16";"Sábado";"07:40:00";"RJ";393;"287";"VOLTA REDONDA";"Outras";"Colisão lateral";"Sem Vítimas";"Pleno dia";"Decrescente";"Ceu Claro";"Simples";"Reta";"Urbano";4;0;0;0;4;0;0;4
83442806;"20/02/16";"Sábado";"15:20:00";"PI";343;"267";"CAMPO MAIOR";"Falta de atenção";"Colisão frontal";"Com Vítimas Feridas";"Pleno dia";"Crescente";"Sol";"Simples";"Reta";"Urbano";2;0;1;0;1;0;1;2
83442807;"27/02/16";"Sábado";"11:20:00";"SC";101;"31";"JOINVILLE";"Defeito mecânico em veículo";"Colisão lateral";"Com Vítimas Feridas";"Pleno dia";"Crescente";"Nublado";"Dupla";"Reta";"Urbano";2;0;1;0;1;0;1;2
83442808;"27/02/16";"Sábado";"11:00:00";"TO";153;"520";"PUGMIL";"Defeito mecânico em veículo";"Colisão com objeto móvel";"Com Vítimas Feridas";"Pleno dia";"Decrescente";"Sol";"Simples";"Reta";"Rural";3;0;1;1;1;0;2;2
83442809;"27/02/16";"Sábado";"11:40:00";"BA";116;"16,2";"VITORIA DA CONQUISTA";"Desobediência à sinalização";"Colisão Transversal";"Com Vítimas Feridas";"Pleno dia";"Decrescente";"Sol";"Simples";"Reta";"Urbano";2;0;1;0;1;0;1;2
83442810;"27/02/16";"Sábado";"06:30:00";"MG";40;"622";"CONSELHEIRO LAFAIETE";"Outras";"Saída de Pista";"Com Vítimas Feridas";"Pleno dia";"Crescente";"Ceu Claro";"Simples";"Reta";"Urbano";2;0;2;0;0;0;2;1
83442811;"27/02/16";"Sábado";"12:50:00";"RS";377;"69";"CRUZ ALTA";"Velocidade incompatível";"Capotamento";"Com Vítimas Feridas";"Pleno dia";"Crescente";"Ceu Claro";"Simples";"Curva";"Rural";4;0;1;0;3;0;1;1
83442812;"23/02/16";"Terça";"08:20:00";"ES";101;"291,7";"CARIACICA";"Falta de atenção";"Atropelamento de pessoa";"Com Vítimas Feridas";"Pleno dia";"Decrescente";"Ceu Claro";"Múltipla";"Reta";"Urbano";2;0;0;1;1;0;1;1
83442813;"27/02/16";"Sábado";"13:05:00";"RJ";393;"174,1";"TRES RIOS";"Velocidade incompatível";"Tombamento";"Sem Vítimas";"Pleno dia";"Crescente";"Sol";"Simples";"Curva";"Rural";1;0;0;0;1;0;0;1
83442815;"27/02/16";"Sábado";"11:45:00";"CE";222;"312,8";"TIANGUA";"Falta de atenção";"Colisão lateral";"Sem Vítimas";"Pleno dia";"Decrescente";"Nublado";"Simples";"Reta";"Urbano";2;0;0;0;2;0;0;2
83442816;"27/02/16";"Sábado";"13:20:00";"MG";116;"763,1";"LEOPOLDINA";"Falta de atenção";"Colisão Transversal";"Com Vítimas Feridas";"Pleno dia";"Decrescente";"Sol";"Simples";"Cruzamento";"Urbano";2;0;0;1;1;0;1;2
83442818;"27/02/16";"Sábado";"08:30:00";"ES";101;"234,2";"FUNDAO";"Ingestão de álcool";"Saída de Pista";"Com Vítimas Feridas";"Pleno dia";"Crescente";"Sol";"Simples";"Curva";"Rural";3;0;1;0;2;0;1;1
83442819;"27/02/16";"Sábado";"05:15:00";"SP";153;"61,2";"SAO JOSE DO RIO PRETO";"Ingestão de álcool";"Colisão traseira";"Com Vítimas Feridas";"Plena noite";"Decrescente";"Nublado";"Dupla";"Reta";"Urbano";3;0;1;0;2;0;1;2
83442820;"27/02/16";"Sábado";"12:55:00";"MG";381;"923,5";"CAMANDUCAIA";"Velocidade incompatível";"Saída de Pista";"Sem Vítimas";"Pleno dia";"Decrescente";"Chuva";"Dupla";"Curva";"Rural";1;0;0;0;1;0;0;1
83442821;"24/02/16";"Quarta";"14:35:00";"MG";50;"143";"UBERABA";"Outras";"Saída de Pista";"Sem Vítimas";"Pleno dia";"Decrescente";"Sol";"Dupla";"Reta";"Rural";1;0;0;0;1;0;0;1
83442822;"27/02/16";"Sábado";"12:40:00";"BA";116;"423";"FEIRA DE SANTANA";"Falta de atenção";"Colisão Transversal";"Com Vítimas Feridas";"Pleno dia";"Crescente";"Ceu Claro";"Simples";"Reta";"Urbano";2;0;0;1;1;0;1;2
83442823;"23/02/16";"Terça";"09:50:00";"RS";285;"122";"VACARIA";"Outras";"Atropelamento de animal";"Com Vítimas Feridas";"Pleno dia";"Decrescente";"Ceu Claro";"Simples";"Reta";"Urbano";2;0;0;1;1;0;1;1
83442824;"21/02/16";"Domingo";"20:10:00";"BA";324;"523";"FEIRA DE SANTANA";"Desobediência à sinalização";"Atropelamento de pessoa";"Com Vítimas Feridas";"Plena noite";"Decrescente";"Ceu Claro";"Dupla";"Reta";"Urbano";2;0;1;0;0;1;1;1
83442825;"23/02/16";"Terça";"22:00:00";"SC";101;"219,7";"PALHOCA";"Desobediência à sinalização";"Colisão frontal";"Com Vítimas Feridas";"Plena noite";"Decrescente";"Nublado";"Simples";"Curva";"Urbano";2;0;0;2;0;0;2;2
83442826;"27/02/16";"Sábado";"10:00:00";"ES";262;"130";"BREJETUBA";"Defeito mecânico em veículo";"Incêndio";"Sem Vítimas";"Pleno dia";"Decrescente";"Ceu Claro";"Simples";"Reta";"Rural";2;0;0;0;2;0;0;1
83442827;"01/02/16";"Segunda";"20:30:00";"MG";262;"798";"UBERABA";"Ultrapassagem indevida";"Colisão frontal";"Com Vítimas Feridas";"Plena noite";"Crescente";"Ceu Claro";"Simples";"Reta";"Urbano";2;0;1;1;0;0;2;2
83442828;"27/02/16";"Sábado";"07:15:00";"MG";381;"491,3";"BETIM";"Falta de atenção";"Colisão lateral";"Com Vítimas Feridas";"Pleno dia";"Decrescente";"Sol";"Dupla";"Reta";"Urbano";2;0;2;0;0;0;2;2
83442829;"27/02/16";"Sábado";"09:20:00";"MG";381;"477,2";"CONTAGEM";"Não guardar distância de segurança";"Colisão Transversal";"Com Vítimas Feridas";"Pleno dia";"Crescente";"Ceu Claro";"Dupla";"Reta";"Urbano";3;0;1;0;2;0;1;2
83442830;"23/02/16";"Terça";"11:30:00";"PR";376;"666";"GUARATUBA";"Velocidade incompatível";"Saída de Pista";"Sem Vítimas";"Pleno dia";"Decrescente";"Nublado";"Dupla";"Curva";"Rural";1;0;0;0;1;0;0;1
83442831;"27/02/16";"Sábado";"05:30:00";"SC";280;"207,5";"MAFRA";"Ingestão de álcool";"Saída de Pista";"Com Vítimas Feridas";"Amanhecer";"Crescente";"Ignorada";"Simples";"Reta";"Rural";2;0;1;1;0;0;2;1
83442832;"27/02/16";"Sábado";"14:00:00";"PR";153;"480,4";"PORTO VITORIA";"Velocidade incompatível";"Saída de Pista";"Sem Vítimas";"Pleno dia";"Decrescente";"Chuva";"Simples";"Curva";"Rural";1;0;0;0;1;0;0;1
83442833;"27/02/16";"Sábado";"09:40:00";"SE";101;"91";"NOSSA SENHORA DO SOCORRO";"Outras";"Queda de motocicleta / bicicleta / veículo";"Com Vítimas Feridas";"Pleno dia";"Crescente";"Ceu Claro";"Simples";"Curva";"Urbano";2;0;2;0;0;0;2;1
83442834;"26/02/16";"Sexta";"23:00:00";"PA";222;"239";"MARABA";"Falta de atenção";"Capotamento";"Com Vítimas Feridas";"Plena noite";"Crescente";"Ceu Claro";"Simples";"Reta";"Urbano";3;0;2;0;1;0;2;1
83442835;"26/02/16";"Sexta";"23:00:00";"SP";116;"219";"GUARULHOS";"Defeito mecânico em veículo";"Queda de motocicleta / bicicleta / veículo";"Com Vítimas Feridas";"Plena noite";"Decrescente";"Nublado";"Múltipla";"Reta";"Urbano";2;0;0;1;1;0;1;2
83442836;"27/02/16";"Sábado";"12:25:00";"MT";70;"1";"BARRA DO GARCAS";"Ingestão de álcool";"Colisão traseira";"Sem Vítimas";"Pleno dia";"Decrescente";"Sol";"Simples";"Reta";"Urbano";2;0;0;0;2;0;0;2
83442837;"27/02/16";"Sábado";"13:40:00";"BA";367;"45,1";"PORTO SEGURO";"Falta de atenção";"Colisão Transversal";"Sem Vítimas";"Pleno dia";"Crescente";"Sol";"Simples";"Reta";"Rural";2;0;0;0;2;0;0;2
83442838;"27/02/16";"Sábado";"14:30:00";"MG";40;"545";"NOVA LIMA";"Outras";"Colisão com objeto fixo";"Sem Vítimas";"Pleno dia";"Decrescente";"Chuva";"Dupla";"Curva";"Urbano";1;0;0;0;1;0;0;1
83442839;"27/02/16";"Sábado";"09:40:00";"PA";316;"7";"ANANINDEUA";"Defeito mecânico em veículo";"Colisão lateral";"Sem Vítimas";"Pleno dia";"Decrescente";"Nublado";"Dupla";"Reta";"Urbano";4;0;0;0;4;0;0;4
83442840;"27/02/16";"Sábado";"11:40:00";"PR";376;"667";"GUARATUBA";"Desobediência à sinalização";"Colisão frontal";"Com Vítimas Feridas";"Pleno dia";"Decrescente";"Ceu Claro";"Dupla";"Curva";"Rural";2;0;1;0;1;0;1;2
83442841;"27/02/16";"Sábado";"13:15:00";"GO";40;"6,5";"VALPARAISO DE GOIAS";"Falta de atenção";"Colisão lateral";"Com Vítimas Feridas";"Plena noite";"Crescente";"Nublado";"Dupla";"Reta";"Urbano";2;0;1;0;1;0;1;2
83442843;"19/02/16";"Sexta";"07:40:00";"PB";230;"30,1";"JOAO PESSOA";"Desobediência à sinalização";"Colisão lateral";"Com Vítimas Feridas";"Pleno dia";"Decrescente";"Nublado";"Dupla";"Reta";"Urbano";2;0;1;0;1;0;1;2
83442844;"27/02/16";"Sábado";"11:00:00";"MS";163;"680";"RIO VERDE DE MATO GROSSO";"Desobediência à sinalização";"Colisão Transversal";"Com Vítimas Feridas";"Pleno dia";"Crescente";"Ceu Claro";"Simples";"Cruzamento";"Urbano";2;0;1;0;1;0;1;2
83442845;"27/02/16";"Sábado";"02:20:00";"GO";60;"33,8";"ALEXANIA";"Falta de atenção";"Saída de Pista";"Com Vítimas Feridas";"Plena noite";"Decrescente";"Nublado";"Dupla";"Reta";"Rural";3;0;2;0;1;0;2;1
83442846;"27/02/16";"Sábado";"14:00:00";"PR";376;"11,6";"MARINGA";"Defeito mecânico em veículo";"Queda de motocicleta / bicicleta / veículo";"Com Vítimas Feridas";"Plena noite";"Decrescente";"Nublado";"Dupla";"Reta";"Urbano";2;0;2;0;0;0;2;1
83442847;"27/02/16";"Sábado";"07:00:00";"MA";10;"250,9";"IMPERATRIZ";"Não guardar distância de segurança";"Colisão traseira";"Com Vítimas Feridas";"Pleno dia";"Decrescente";"Nublado";"Simples";"Reta";"Urbano";2;0;1;0;0;1;1;2
83442848;"27/02/16";"Sábado";"12:20:00";"SC";101;"109";"PENHA";"Falta de atenção";"Colisão com objeto fixo";"Com Vítimas Feridas";"Pleno dia";"Crescente";"Ceu Claro";"Dupla";"Curva";"Rural";1;0;1;0;0;0;1;1
83442849;"06/02/16";"Sábado";"15:15:00";"SC";101;"66";"ARAQUARI";"Defeito mecânico em veículo";"Colisão Transversal";"Sem Vítimas";"Pleno dia";"Decrescente";"Nublado";"Dupla";"Curva";"Rural";2;0;0;0;2;0;0;2
83442850;"23/02/16";"Terça";"06:10:00";"BA";101;"183";"SAO GONCALO DOS CAMPOS";"Defeito mecânico em veículo";"Saída de Pista";"Sem Vítimas";"Amanhecer";"Decrescente";"Ceu Claro";"Simples";"Reta";"Rural";1;0;0;0;1;0;0;1
83442851;"27/02/16";"Sábado";"10:50:00";"MG";381;"482";"CONTAGEM";"Falta de atenção";"Colisão lateral";"Com Vítimas Feridas";"Pleno dia";"Crescente";"Sol";"Dupla";"Reta";"Urbano";3;0;1;0;2;0;1;2
83442852;"27/02/16";"Sábado";"08:30:00";"PB";101;"105,9";"ALHANDRA";"Não guardar distância de segurança";"Tombamento";"Com Vítimas Feridas";"Pleno dia";"Crescente";"Sol";"Dupla";"Curva";"Rural";2;0;2;0;0;0;2;1
83442853;"27/02/16";"Sábado";"15:00:00";"SC";470;"112";"IBIRAMA";"Velocidade incompatível";"Colisão frontal";"Com Vítimas Feridas";"Pleno dia";"Crescente";"Chuva";"Simples";"Curva";"Rural";2;0;1;1;0;0;2;2
83442854;"27/02/16";"Sábado";"14:20:00";"MG";262;"367,8";"JUATUBA";"Defeito mecânico em veículo";"Saída de Pista";"Sem Vítimas";"Pleno dia";"Crescente";"Nublado";"Dupla";"Reta";"Rural";1;0;0;0;1;0;0;1
83442855;"27/02/16";"Sábado";"12:50:00";"SC";280;"29";"ARAQUARI";"Falta de atenção";"Colisão lateral";"Com Vítimas Feridas";"Pleno dia";"Crescente";"Nublado";"Simples";"Reta";"Urbano";3;0;0;2;1;0;2;2
83442856;"27/02/16";"Sábado";"11:50:00";"SC";282;"482";"FAXINAL DOS GUEDES";"Velocidade incompatível";"Capotamento";"Sem Vítimas";"Pleno dia";"Crescente";"Chuva";"Simples";"Curva";"Rural";1;0;0;0;1;0;0;1
83442857;"27/02/16";"Sábado";"08:40:00";"RJ";393;"114";"SAPUCAIA";"Velocidade incompatível";"Tombamento";"Sem Vítimas";"Pleno dia";"Decrescente";"Ceu Claro";"Simples";"Curva";"Rural";1;0;0;0;1;0;0;1
83442858;"27/02/16";"Sábado";"16:20:00";"PA";316;"5";"ANANINDEUA";"Falta de atenção";"Colisão traseira";"Com Vítimas Feridas";"Pleno dia";"Decrescente";"Nublado";"Simples";"Reta";"Urbano";3;0;1;0;2;0;1;2
83442859;"27/02/16";"Sábado";"11:15:00";"MG";365;"624";"UBERLANDIA";"Não guardar distância de segurança";"Colisão traseira";"Com Vítimas Feridas";"Pleno dia";"Decrescente";"Sol";"Dupla";"Reta";"Urbano";3;0;2;0;1;0;2;2
83442860;"27/02/16";"Sábado";"11:30:00";"MT";163;"684";"LUCAS DO RIO VERDE";"Não guardar distância de segurança";"Colisão traseira";"Sem Vítimas";"Pleno dia";"Decrescente";"Sol";"Simples";"Reta";"Rural";2;0;0;0;2;0;0;2
83442861;"27/02/16";"Sábado";"11:00:00";"PE";104;"26";"TORITAMA";"Defeito na via";"Tombamento";"Com Vítimas Feridas";"Pleno dia";"Crescente";"Ceu Claro";"Simples";"Reta";"Rural";1;0;1;0;0;0;1;1
83442862;"27/02/16";"Sábado";"08:50:00";"SC";101;"278,1";"IMBITUBA";"Falta de atenção";"Colisão traseira";"Sem Vítimas";"Pleno dia";"Decrescente";"Sol";"Dupla";"Reta";"Rural";2;0;0;0;2;0;0;2
83442863;"27/02/16";"Sábado";"07:00:00";"MG";50;"177";"UBERABA";"Falta de atenção";"Saída de Pista";"Ignorado";"Pleno dia";"Crescente";"Ceu Claro";"Dupla";"Cruzamento";"Urbano";1;0;0;0;0;1;0;1
83442864;"27/02/16";"Sábado";"16:10:00";"MG";116;"415,7";"GOVERNADOR VALADARES";"Falta de atenção";"Colisão com bicicleta";"Com Vítimas Feridas";"Pleno dia";"Crescente";"Sol";"Simples";"Cruzamento";"Urbano";2;0;2;0;0;0;2;2
83442866;"19/02/16";"Sexta";"20:20:00";"AL";101;"58";"MESSIAS";"Outras";"Saída de Pista";"Sem Vítimas";"Plena noite";"Crescente";"Ceu Claro";"Simples";"Curva";"Rural";1;0;0;0;1;0;0;1
83442867;"27/02/16";"Sábado";"15:30:00";"SC";101;"415,6";"ARARANGUA";"Ingestão de álcool";"Colisão Transversal";"Com Vítimas Feridas";"Pleno dia";"Crescente";"Nublado";"Simples";"Reta";"Urbano";2;0;0;1;1;0;1;2
83442868;"27/02/16";"Sábado";"16:00:00";"RS";287;"242,9";"SANTA MARIA";"Falta de atenção";"Colisão frontal";"Com Vítimas Feridas";"Pleno dia";"Crescente";"Sol";"Simples";"Cruzamento";"Urbano";2;0;1;0;1;0;1;2
83442870;"27/02/16";"Sábado";"16:40:00";"BA";407;"99";"JAGUARARI";"Defeito mecânico em veículo";"Capotamento";"Com Vítimas Feridas";"Pleno dia";"Crescente";"Ceu Claro";"Simples";"Reta";"Rural";1;0;1;0;0;0;1;1
83442871;"27/02/16";"Sábado";"08:25:00";"DF";20;"10";"BRASILIA";"Outras";"Colisão traseira";"Com Vítimas Feridas";"Pleno dia";"Decrescente";"Ceu Claro";"Dupla";"Reta";"Urbano";3;0;2;0;1;0;2;2
83442872;"27/02/16";"Sábado";"16:40:00";"SP";116;"305";"SAO LOURENCO DA SERRA";"Falta de atenção";"Saída de Pista";"Com Vítimas Feridas";"Pleno dia";"Crescente";"Sol";"Dupla";"Reta";"Rural";4;0;4;0;0;0;4;1
83442873;"27/02/16";"Sábado";"18:00:00";"SC";280;"55,4";"GUARAMIRIM";"Ingestão de álcool";"Saída de Pista";"Com Vítimas Feridas";"Pleno dia";"Decrescente";"Chuva";"Simples";"Curva";"Urbano";2;0;1;0;1;0;1;1
83442874;"27/02/16";"Sábado";"13:30:00";"MG";381;"519,1";"IGARAPE";"Falta de atenção";"Saída de Pista";"Com Vítimas Feridas";"Pleno dia";"Decrescente";"Nublado";"Dupla";"Curva";"Rural";1;0;0;1;0;0;1;1
83442875;"27/02/16";"Sábado";"11:15:00";"MG";267;"231,9";"LIBERDADE";"Não guardar distância de segurança";"Colisão traseira";"Com Vítimas Feridas";"Pleno dia";"Crescente";"Nublado";"Simples";"Reta";"Rural";4;0;1;0;3;0;1;2
83442876;"27/02/16";"Sábado";"14:30:00";"MG";262;"585,8";"CAMPOS ALTOS";"Outras";"Tombamento";"Sem Vítimas";"Pleno dia";"Crescente";"Chuva";"Simples";"Curva";"Rural";1;0;0;0;1;0;0;1
83442877;"27/02/16";"Sábado";"15:35:00";"MG";381;"616,5";"OLIVEIRA";"Velocidade incompatível";"Capotamento";"Com Vítimas Feridas";"Pleno dia";"Decrescente";"Chuva";"Dupla";"Curva";"Rural";2;0;2;0;0;0;2;1
83442878;"23/02/16";"Terça";"14:50:00";"RR";174;"503";"BOA VISTA";"Falta de atenção";"Colisão traseira";"Sem Vítimas";"Pleno dia";"Decrescente";"Sol";"Simples";"Reta";"Urbano";2;0;0;0;2;0;0;2
83442879;"23/02/16";"Terça";"10:00:00";"RN";406;"161";"CEARA-MIRIM";"Outras";"Queda de motocicleta / bicicleta / veículo";"Com Vítimas Feridas";"Pleno dia";"Crescente";"Ceu Claro";"Simples";"Reta";"Urbano";1;0;1;0;0;0;1;1
83442880;"27/02/16";"Sábado";"13:30:00";"BA";101;"217";"MURITIBA";"Velocidade incompatível";"Colisão Transversal";"Com Vítimas Feridas";"Pleno dia";"Crescente";"Ceu Claro";"Simples";"Curva";"Rural";6;0;4;0;2;0;4;3
83442881;"27/02/16";"Sábado";"16:30:00";"PR";476;"201";"LAPA";"Falta de atenção";"Tombamento";"Sem Vítimas";"Pleno dia";"Decrescente";"Chuva";"Simples";"Reta";"Urbano";1;0;0;0;1;0;0;1
83442882;"27/02/16";"Sábado";"16:15:00";"PR";376;"427,5";"TIBAGI";"Defeito mecânico em veículo";"Saída de Pista";"Sem Vítimas";"Pleno dia";"Decrescente";"Chuva";"Simples";"Reta";"Rural";1;0;0;0;1;0;0;1
83442883;"27/02/16";"Sábado";"16:00:00";"MG";381;"509,9";"SAO JOAQUIM DE BICAS";"Outras";"Saída de Pista";"Sem Vítimas";"Pleno dia";"Decrescente";"Chuva";"Dupla";"Reta";"Urbano";1;0;0;0;1;0;0;1
83442884;"27/02/16";"Sábado";"13:30:00";"MG";116;"416";"GOVERNADOR VALADARES";"Ingestão de álcool";"Atropelamento de pessoa";"Com Vítimas Feridas";"Pleno dia";"Crescente";"Nublado";"Múltipla";"Reta";"Urbano";2;0;2;0;0;0;2;1
83442885;"27/02/16";"Sábado";"15:30:00";"PR";153;"66,3";"GUAPIRAMA";"Falta de atenção";"Saída de Pista";"Sem Vítimas";"Pleno dia";"Crescente";"Nublado";"Simples";"Reta";"Rural";1;0;0;0;1;0;0;1
83442886;"27/02/16";"Sábado";"18:10:00";"PR";373;"175,1";"PONTA GROSSA";"Velocidade incompatível";"Colisão com objeto fixo";"Ignorado";"Anoitecer";"Crescente";"Chuva";"Dupla";"Reta";"Urbano";1;0;0;0;0;1;0;1
83442887;"27/02/16";"Sábado";"16:15:00";"GO";153;"509";"APARECIDA DE GOIANIA";"Outras";"Saída de Pista";"Com Vítimas Feridas";"Pleno dia";"Decrescente";"Chuva";"Dupla";"Reta";"Urbano";1;0;1;0;0;0;1;1
83442888;"27/02/16";"Sábado";"11:00:00";"SE";101;"48,3";"JAPARATUBA";"Outras";"Saída de Pista";"Com Vítimas Feridas";"Pleno dia";"Crescente";"Nublado";"Dupla";"Curva";"Rural";3;0;1;0;1;1;1;2
83442889;"27/02/16";"Sábado";"06:50:00";"RS";448;"17";"CANOAS";"Outras";"Colisão lateral";"Com Vítimas Feridas";"Pleno dia";"Decrescente";"Ceu Claro";"Simples";"Reta";"Rural";2;0;1;0;1;0;1;2
83442890;"27/02/16";"Sábado";"17:40:00";"SC";282;"583,5";"PINHALZINHO";"Velocidade incompatível";"Tombamento";"Com Vítimas Feridas";"Pleno dia";"Crescente";"Nublado";"Simples";"Curva";"Rural";1;0;1;0;0;0;1;1
83442891;"27/02/16";"Sábado";"17:30:00";"SC";101;"34,7";"JOINVILLE";"Não guardar distância de segurança";"Colisão traseira";"Com Vítimas Feridas";"Pleno dia";"Crescente";"Chuva";"Dupla";"Reta";"Urbano";4;0;1;1;2;0;2;3
83442892;"27/02/16";"Sábado";"16:30:00";"MG";381;"418";"CAETE";"Outras";"Queda de motocicleta / bicicleta / veículo";"Com Vítimas Feridas";"Pleno dia";"Crescente";"Chuva";"Simples";"Curva";"Rural";2;0;1;0;1;0;1;1
83442894;"27/02/16";"Sábado";"14:25:00";"PR";369;"230,5";"JANDAIA DO SUL";"Outras";"Saída de Pista";"Sem Vítimas";"Pleno dia";"Crescente";"Nublado";"Simples";"Curva";"Rural";1;0;0;0;1;0;0;1
83442895;"27/02/16";"Sábado";"18:30:00";"CE";116;"178,6";"RUSSAS";"Ingestão de álcool";"Queda de motocicleta / bicicleta / veículo";"Com Vítimas Feridas";"Plena noite";"Decrescente";"Ceu Claro";"Simples";"Reta";"Rural";1;0;1;0;0;0;1;1
83442896;"27/02/16";"Sábado";"13:20:00";"AL";316;"227";"ATALAIA";"Desobediência à sinalização";"Colisão lateral";"Com Vítimas Fatais";"Pleno dia";"Decrescente";"Ceu Claro";"Simples";"Reta";"Rural";2;1;0;0;1;0;0;2
83442897;"24/02/16";"Quarta";"19:40:00";"MG";50;"172";"UBERABA";"Outras";"Colisão traseira";"Com Vítimas Feridas";"Plena noite";"Decrescente";"Ceu Claro";"Dupla";"Reta";"Urbano";4;0;3;0;1;0;3;2
83442898;"27/02/16";"Sábado";"19:25:00";"CE";222;"221";"SOBRAL";"Ingestão de álcool";"Queda de motocicleta / bicicleta / veículo";"Com Vítimas Feridas";"Plena noite";"Crescente";"Ceu Claro";"Dupla";"Reta";"Urbano";2;0;1;1;0;0;2;1
83442899;"27/02/16";"Sábado";"13:50:00";"GO";153;"532,6";"HIDROLANDIA";"Outras";"Queda de motocicleta / bicicleta / veículo";"Com Vítimas Feridas";"Plena noite";"Decrescente";"Sol";"Dupla";"Reta";"Urbano";1;0;1;0;0;0;1;1
83442900;"27/02/16";"Sábado";"17:55:00";"PR";376;"130,3";"NOVA ESPERANCA";"Falta de atenção";"Saída de Pista";"Sem Vítimas";"Pleno dia";"Decrescente";"Chuva";"Simples";"Reta";"Rural";1;0;0;0;1;0;0;1
83442901;"27/02/16";"Sábado";"18:00:00";"RS";101;"27,4";"TRES CACHOEIRAS";"Dormindo";"Saída de Pista";"Com Vítimas Feridas";"Anoitecer";"Crescente";"Nublado";"Dupla";"Reta";"Rural";2;0;1;0;1;0;1;1
83442902;"25/02/16";"Quinta";"15:45:00";"PR";277;"214,3";"IRATI";"Ingestão de álcool";"Colisão traseira";"Sem Vítimas";"Pleno dia";"Crescente";"Chuva";"Simples";"Reta";"Rural";2;0;0;0;2;0;0;2
83442903;"27/02/16";"Sábado";"17:30:00";"GO";40;"64,8";"CRISTALINA";"Outras";"Capotamento";"Sem Vítimas";"Pleno dia";"Decrescente";"Chuva";"Simples";"Curva";"Rural";1;0;0;0;1;0;0;1
83442904;"27/02/16";"Sábado";"17:30:00";"MS";163;"654,3";"RIO VERDE DE MATO GROSSO";"Velocidade incompatível";"Saída de Pista";"Com Vítimas Feridas";"Pleno dia";"Crescente";"Chuva";"Simples";"Curva";"Rural";1;0;1;0;0;0;1;1
83442905;"27/02/16";"Sábado";"18:45:00";"RS";290;"57";"GLORINHA";"Ingestão de álcool";"Saída de Pista";"Com Vítimas Feridas";"Plena noite";"Crescente";"Ceu Claro";"Dupla";"Reta";"Rural";3;0;3;0;0;0;3;1
83442906;"27/02/16";"Sábado";"15:50:00";"SP";153;"40";"ONDA VERDE";"Falta de atenção";"Colisão Transversal";"Com Vítimas Feridas";"Pleno dia";"Crescente";"Sol";"Simples";"Reta";"Rural";4;0;2;0;2;0;2;2
83442907;"27/02/16";"Sábado";"19:30:00";"BA";324;"1";"FEIRA DE SANTANA";"Não guardar distância de segurança";"Colisão traseira";"Com Vítimas Feridas";"Plena noite";"Decrescente";"Ceu Claro";"Simples";"Reta";"Urbano";3;0;1;0;2;0;1;2
83442908;"27/02/16";"Sábado";"18:20:00";"SC";101;"56,5";"JOINVILLE";"Velocidade incompatível";"Capotamento";"Com Vítimas Feridas";"Anoitecer";"Crescente";"Chuva";"Dupla";"Reta";"Urbano";1;0;1;0;0;0;1;1
83442909;"27/02/16";"Sábado";"18:35:00";"SC";101;"2";"GARUVA";"Falta de atenção";"Colisão com objeto fixo";"Sem Vítimas";"Anoitecer";"Crescente";"Chuva";"Múltipla";"Reta";"Rural";1;0;0;0;1;0;0;1
83442910;"27/02/16";"Sábado";"18:30:00";"MT";163;"47,6";"ITIQUIRA";"Falta de atenção";"Colisão traseira";"Sem Vítimas";"Anoitecer";"Decrescente";"Ceu Claro";"Dupla";"Reta";"Rural";2;0;0;0;2;0;0;2
83442911;"24/02/16";"Quarta";"07:30:00";"BA";101;"505,3";"ITABUNA";"Outras";"Queda de motocicleta / bicicleta / veículo";"Com Vítimas Feridas";"Pleno dia";"Decrescente";"Ceu Claro";"Simples";"Reta";"Urbano";2;0;0;1;0;1;1;2
83442912;"27/02/16";"Sábado";"17:20:00";"RN";101;"106";"PARNAMIRIM";"Falta de atenção";"Colisão traseira";"Com Vítimas Feridas";"Pleno dia";"Decrescente";"Sol";"Dupla";"Reta";"Urbano";2;0;1;0;0;1;1;2