"id";"data_inversa";"dia_semana";"horario";"uf";"br";"km";"municipio";"causa_acidente";"tipo_acidente";"classificacao_acidente";"fase_dia";"sentido_via";"condicao_metereologica";"tipo_pista";"tracado_via";"uso_solo";"pessoas";"mortos";"feridos_leves";"feridos_graves";"ilesos";"ignorados";"feridos";"veiculos"
83443024;"24/02/16";"Quarta";"19:30:00";"MG";116;"635,4";"DIVINO";"Desobediência à sinalização";"Atropelamento de pessoa";"Com Vítimas Fatais";"Plena noite";"Decrescente";"Nublado";"Simples";"Reta";"Rural";3;1;0;0;1;1;0;1
83443025;"21/02/16";"Domingo";"07:30:00";"BA";101;"490,2";"ITAJUIPE";"Velocidade incompatível";"Saída de Pista";"Com Vítimas Feridas";"Pleno dia";"Crescente";"Chuva";"Simples";"Curva";"Rural";1;0;0;1;0;0;1;1
83443026;"20/02/16";"Sábado";"22:30:00";"BA";116;"461";"SANTO ESTEVAO";"Outras";"Queda de motocicleta / bicicleta / veículo";"Ignorado";"Plena noite";"Crescente";"Ceu Claro";"Simples";"Reta";"Urbano";1;0;0;0;0;1;0;1
83443027;"28/02/16";"Domingo";"06:00:00";"SC";101;"202,7";"BIGUACU";"Não guardar distância de segurança";"Colisão com objeto fixo";"Ignorado";"Plena noite";"Decrescente";"Ceu Claro";"Múltipla";"Reta";"Urbano";1;0;0;0;0;1;0;1
83443028;"27/02/16";"Sábado";"23:10:00";"RJ";116;"184";"NOVA IGUACU";"Outras";"Capotamento";"Com Vítimas Feridas";"Plena noite";"Decrescente";"Ceu Claro";"Dupla";"Reta";"Urbano";3;0;1;0;2;0;1;1
83443029;"24/02/16";"Quarta";"16:30:00";"ES";101;"301,6";"VIANA";"Falta de atenção";"Colisão traseira";"Com Vítimas Feridas";"Pleno dia";"Crescente";"Ceu Claro";"Múltipla";"Cruzamento";"Urbano";3;0;2;0;1;0;2;2
83443030;"28/02/16";"Domingo";"00:30:00";"RJ";40;"106";"DUQUE DE CAXIAS";"Falta de atenção";"Atropelamento de pessoa";"Com Vítimas Feridas";"Plena noite";"Crescente";"Ignorada";"Múltipla";"Reta";"Urbano";2;0;2;0;0;0;2;1
83443031;"20/02/16";"Sábado";"18:30:00";"BA";324;"517";"FEIRA DE SANTANA";"Ingestão de álcool";"Colisão com bicicleta";"Com Vítimas Feridas";"Plena noite";"Crescente";"Ceu Claro";"Simples";"Reta";"Urbano";2;0;1;0;1;0;1;2
83443032;"28/02/16";"Domingo";"08:00:00";"SC";101;"111";"ITAJAI";"Velocidade incompatível";"Colisão com objeto fixo";"Sem Vítimas";"Pleno dia";"Decrescente";"Chuva";"Simples";"Reta";"Rural";1;0;0;0;1;0;0;1
83443033;"24/02/16";"Quarta";"03:00:00";"BA";116;"441,7";"FEIRA DE SANTANA";"Velocidade incompatível";"Tombamento";"Sem Vítimas";"Plena noite";"Crescente";"Nublado";"Dupla";"Curva";"Rural";1;0;0;0;1;0;0;1
83443034;"22/02/16";"Segunda";"09:00:00";"SP";116;"9";"QUELUZ";"Defeito mecânico em veículo";"Queda de motocicleta / bicicleta / veículo";"Com Vítimas Feridas";"Pleno dia";"Crescente";"Sol";"Dupla";"Curva";"Rural";1;0;1;0;0;0;1;1
83443035;"28/02/16";"Domingo";"07:30:00";"SC";470;"103,3";"APIUNA";"Falta de atenção";"Saída de Pista";"Sem Vítimas";"Amanhecer";"Crescente";"Chuva";"Simples";"Curva";"Urbano";1;0;0;0;1;0;0;1
83443036;"26/02/16";"Sexta";"18:50:00";"PR";369;"178";"ROLANDIA";"Falta de atenção";"Colisão Transversal";"Com Vítimas Feridas";"Anoitecer";"Crescente";"Nublado";"Dupla";"Reta";"Rural";2;0;1;0;1;0;1;2
83443037;"28/02/16";"Domingo";"06:30:00";"PR";476;"140";"CURITIBA";"Velocidade incompatível";"Colisão com objeto fixo";"Sem Vítimas";"Pleno dia";"Decrescente";"Nublado";"Múltipla";"Reta";"Urbano";1;0;0;0;1;0;0;1
83443038;"28/02/16";"Domingo";"08:00:00";"RJ";116;"93";"GUAPIMIRIM";"Outras";"Colisão com objeto fixo";"Sem Vítimas";"Pleno dia";"Crescente";"Ceu Claro";"Simples";"Curva";"Rural";1;0;0;0;1;0;0;1
83443039;"25/02/16";"Quinta";"20:15:00";"MT";163;"587,8";"NOVA MUTUM";"Defeito na via";"Tombamento";"Com Vítimas Feridas";"Plena noite";"Decrescente";"Granizo";"Simples";"Reta";"Rural";1;0;1;0;0;0;1;1
83443041;"28/02/16";"Domingo";"05:00:00";"RJ";116;"184,5";"NOVA IGUACU";"Outras";"Colisão traseira";"Com Vítimas Feridas";"Plena noite";"Decrescente";"Ceu Claro";"Dupla";"Reta";"Urbano";2;0;0;1;1;0;1;2
83443042;"26/02/16";"Sexta";"16:30:00";"BA";101;"350,4";"WENCESLAU GUIMARAES";"Velocidade incompatível";"Saída de Pista";"Com Vítimas Feridas";"Pleno dia";"Decrescente";"Ceu Claro";"Simples";"Curva";"Rural";1;0;1;0;0;0;1;1
83443043;"24/02/16";"Quarta";"18:00:00";"SP";116;"361";"MIRACATU";"Falta de atenção";"Colisão lateral";"Sem Vítimas";"Anoitecer";"Decrescente";"Nublado";"Simples";"Curva";"Urbano";2;0;0;0;2;0;0;2
83443044;"28/02/16";"Domingo";"09:00:00";"PI";135;"366";"BOM JESUS";"Defeito mecânico em veículo";"Capotamento";"Com Vítimas Feridas";"Pleno dia";"Decrescente";"Sol";"Simples";"Reta";"Rural";4;0;1;1;2;0;2;1
83443045;"26/02/16";"Sexta";"00:40:00";"PE";232;"413,6";"SERRA TALHADA";"Falta de atenção";"Saída de Pista";"Com Vítimas Feridas";"Plena noite";"Decrescente";"Ceu Claro";"Simples";"Reta";"Urbano";3;0;2;0;0;1;2;1
83443046;"26/02/16";"Sexta";"23:15:00";"PA";222;"239";"MARABA";"Ultrapassagem indevida";"Colisão traseira";"Com Vítimas Fatais";"Plena noite";"Crescente";"Nublado";"Simples";"Reta";"Urbano";2;1;0;0;1;0;0;2
83443047;"28/02/16";"Domingo";"06:30:00";"PR";476;"126";"CURITIBA";"Velocidade incompatível";"Capotamento";"Sem Vítimas";"Pleno dia";"Decrescente";"Nublado";"Dupla";"Reta";"Urbano";1;0;0;0;1;0;0;1
83443048;"28/02/16";"Domingo";"03:30:00";"MT";70;"564";"POCONE";"Dormindo";"Saída de Pista";"Sem Vítimas";"Amanhecer";"Decrescente";"Ceu Claro";"Simples";"Reta";"Rural";1;0;0;0;1;0;0;1
83443049;"28/02/16";"Domingo";"07:05:00";"ES";262;"6,9";"CARIACICA";"Velocidade incompatível";"Colisão com objeto fixo";"Ignorado";"Pleno dia";"Decrescente";"Ceu Claro";"Múltipla";"Reta";"Urbano";1;0;0;0;0;1;0;1
83443050;"26/02/16";"Sexta";"13:30:00";"PR";476;"360";"UNIAO DA VITORIA";"Desobediência à sinalização";"Colisão Transversal";"Com Vítimas Feridas";"Pleno dia";"Decrescente";"Ceu Claro";"Simples";"Cruzamento";"Urbano";2;0;1;0;1;0;1;2
83443051;"28/02/16";"Domingo";"09:35:00";"RS";116;"150,1";"CAXIAS DO SUL";"Falta de atenção";"Colisão lateral";"Com Vítimas Feridas";"Pleno dia";"Crescente";"Nublado";"Dupla";"Reta";"Urbano";3;0;2;0;1;0;2;2
83443052;"28/02/16";"Domingo";"06:40:00";"TO";153;"389,5";"RIO DOS BOIS";"Falta de atenção";"Colisão frontal";"Sem Vítimas";"Amanhecer";"Decrescente";"Ceu Claro";"Simples";"Reta";"Urbano";2;0;0;0;2;0;0;2
83443054;"28/02/16";"Domingo";"10:30:00";"SC";101;"22,8";"JOINVILLE";"Falta de atenção";"Saída de Pista";"Com Vítimas Feridas";"Pleno dia";"Crescente";"Chuva";"Dupla";"Reta";"Rural";2;0;2;0;0;0;2;1
83443055;"26/02/16";"Sexta";"01:27:00";"MT";163;"611";"NOVA MUTUM";"Falta de atenção";"Saída de Pista";"Com Vítimas Feridas";"Anoitecer";"Decrescente";"Chuva";"Simples";"Curva";"Rural";1;0;1;0;0;0;1;1
83443056;"24/02/16";"Quarta";"21:50:00";"MG";262;"448,3";"LUZ";"Dormindo";"Colisão traseira";"Com Vítimas Feridas";"Plena noite";"Crescente";"Nublado";"Simples";"Curva";"Rural";2;0;1;0;1;0;1;2
83443057;"24/02/16";"Quarta";"20:30:00";"SP";381;"73,2";"SAO PAULO";"Velocidade incompatível";"Capotamento";"Sem Vítimas";"Plena noite";"Decrescente";"Chuva";"Dupla";"Curva";"Rural";1;0;0;0;1;0;0;1
83443058;"24/02/16";"Quarta";"21:00:00";"SP";116;"228";"SAO PAULO";"Velocidade incompatível";"Colisão lateral";"Com Vítimas Feridas";"Plena noite";"Decrescente";"Chuva";"Múltipla";"Reta";"Urbano";2;0;1;0;1;0;1;2
83443059;"28/02/16";"Domingo";"06:15:00";"PR";277;"176,9";"PALMEIRA";"Ultrapassagem indevida";"Colisão lateral";"Com Vítimas Feridas";"Amanhecer";"Decrescente";"Chuva";"Simples";"Reta";"Urbano";3;0;1;0;2;0;1;2
83443060;"27/02/16";"Sábado";"07:00:00";"SC";470;"84";"RODEIO";"Ultrapassagem indevida";"Colisão frontal";"Com Vítimas Feridas";"Pleno dia";"Decrescente";"Nublado";"Simples";"Reta";"Rural";2;0;0;1;1;0;1;2
83443061;"28/02/16";"Domingo";"10:10:00";"MG";50;"90";"UBERLANDIA";"Falta de atenção";"Tombamento";"Sem Vítimas";"Pleno dia";"Decrescente";"Ceu Claro";"Dupla";"Reta";"Rural";1;0;0;0;1;0;0;1
83443062;"28/02/16";"Domingo";"03:40:00";"RS";285;"211,5";"LAGOA VERMELHA";"Falta de atenção";"Colisão frontal";"Com Vítimas Fatais";"Plena noite";"Decrescente";"Ignorada";"Simples";"Reta";"Rural";3;1;2;0;0;0;2;2
83443063;"28/02/16";"Domingo";"11:25:00";"PR";116;"35,5";"CAMPINA GRANDE DO SUL";"Outras";"Colisão com objeto fixo";"Com Vítimas Feridas";"Pleno dia";"Decrescente";"Chuva";"Dupla";"Reta";"Rural";2;0;1;0;1;0;1;1
83443064;"28/02/16";"Domingo";"07:00:00";"BA";324;"573";"SAO SEBASTIAO DO PASSE";"Falta de atenção";"Saída de Pista";"Sem Vítimas";"Pleno dia";"Decrescente";"Ceu Claro";"Dupla";"Reta";"Rural";3;0;0;0;3;0;0;1
83443065;"25/02/16";"Quinta";"23:20:00";"MG";381;"533,5";"ITATIAIUCU";"Velocidade incompatível";"Capotamento";"Sem Vítimas";"Plena noite";"Decrescente";"Chuva";"Dupla";"Curva";"Rural";2;0;0;0;2;0;0;2
83443066;"28/02/16";"Domingo";"11:50:00";"BA";324;"587";"CANDEIAS";"Velocidade incompatível";"Saída de Pista";"Com Vítimas Feridas";"Pleno dia";"Crescente";"Sol";"Dupla";"Reta";"Rural";3;0;3;0;0;0;3;1
83443067;"20/02/16";"Sábado";"15:50:00";"ES";101;"260,1";"SERRA";"Falta de atenção";"Colisão frontal";"Com Vítimas Feridas";"Pleno dia";"Crescente";"Sol";"Dupla";"Curva";"Urbano";8;0;5;3;0;0;8;2
83443068;"28/02/16";"Domingo";"07:50:00";"BA";135;"152";"RIACHAO DAS NEVES";"Falta de atenção";"Colisão com bicicleta";"Com Vítimas Fatais";"Pleno dia";"Crescente";"Ceu Claro";"Simples";"Curva";"Rural";4;1;0;0;3;0;0;2
83443069;"05/01/16";"Terça";"19:40:00";"SE";235;"51,7";"ITABAIANA";"Desobediência à sinalização";"Colisão frontal";"Com Vítimas Fatais";"Plena noite";"Crescente";"Ceu Claro";"Simples";"Reta";"Urbano";2;1;0;0;0;1;0;2
83443070;"28/02/16";"Domingo";"08:40:00";"CE";20;"315,1";"CANINDE";"Velocidade incompatível";"Saída de Pista";"Com Vítimas Fatais";"Pleno dia";"Crescente";"Ceu Claro";"Simples";"Reta";"Rural";5;1;2;2;0;0;4;1
83443072;"28/02/16";"Domingo";"08:10:00";"CE";222;"38,2";"CAUCAIA";"Defeito mecânico em veículo";"Queda de motocicleta / bicicleta / veículo";"Com Vítimas Feridas";"Pleno dia";"Crescente";"Ceu Claro";"Simples";"Reta";"Urbano";4;0;3;0;1;0;3;2
83443074;"28/02/16";"Domingo";"11:50:00";"RJ";116;"319,6";"ITATIAIA";"Outras";"Incêndio";"Sem Vítimas";"Pleno dia";"Crescente";"Sol";"Dupla";"Reta";"Urbano";1;0;0;0;1;0;0;1
83443075;"24/02/16";"Quarta";"10:30:00";"SC";101;"214";"PALHOCA";"Outras";"Saída de Pista";"Com Vítimas Feridas";"Pleno dia";"Decrescente";"Ceu Claro";"Dupla";"Reta";"Urbano";1;0;1;0;0;0;1;1
83443076;"21/02/16";"Domingo";"05:10:00";"RJ";116;"283";"BARRA MANSA";"Outras";"Queda de motocicleta / bicicleta / veículo";"Com Vítimas Feridas";"Pleno dia";"Crescente";"Nublado";"Dupla";"Curva";"Rural";1;0;1;0;0;0;1;1
83443078;"24/02/16";"Quarta";"20:45:00";"PR";373;"242";"GUAMIRANGA";"Ultrapassagem indevida";"Colisão frontal";"Com Vítimas Fatais";"Plena noite";"Crescente";"Ceu Claro";"Simples";"Reta";"Urbano";2;1;0;0;1;0;0;2
83443079;"28/02/16";"Domingo";"11:30:00";"SC";470;"90";"ASCURRA";"Falta de atenção";"Colisão com objeto fixo";"Com Vítimas Feridas";"Pleno dia";"Decrescente";"Chuva";"Simples";"Reta";"Urbano";3;0;1;0;1;1;1;3
83443080;"28/02/16";"Domingo";"10:00:00";"RS";116;"215,7";"MORRO REUTER";"Velocidade incompatível";"Colisão frontal";"Com Vítimas Feridas";"Pleno dia";"Decrescente";"Sol";"Simples";"Curva";"Rural";5;0;1;2;2;0;3;2
83443081;"28/02/16";"Domingo";"12:30:00";"PR";476;"197";"LAPA";"Falta de atenção";"Colisão Transversal";"Sem Vítimas";"Pleno dia";"Decrescente";"Chuva";"Simples";"Reta";"Urbano";2;0;0;0;1;1;0;2
83443082;"28/02/16";"Domingo";"13:20:00";"PR";116;"56";"CAMPINA GRANDE DO SUL";"Outras";"Queda de motocicleta / bicicleta / veículo";"Com Vítimas Feridas";"Pleno dia";"Decrescente";"Chuva";"Dupla";"Reta";"Rural";2;0;2;0;0;0;2;1
83443083;"28/02/16";"Domingo";"11:12:00";"MG";381;"854";"POUSO ALEGRE";"Velocidade incompatível";"Saída de Pista";"Sem Vítimas";"Pleno dia";"Crescente";"Chuva";"Simples";"Reta";"Rural";1;0;0;0;1;0;0;1
83443084;"28/02/16";"Domingo";"12:00:00";"SC";101;"113,7";"ITAJAI";"Não guardar distância de segurança";"Colisão traseira";"Com Vítimas Feridas";"Pleno dia";"Decrescente";"Chuva";"Dupla";"Reta";"Urbano";6;0;1;2;3;0;3;3
83443085;"24/02/16";"Quarta";"07:00:00";"ES";262;"1,4";"CARIACICA";"Falta de atenção";"Atropelamento de pessoa";"Com Vítimas Feridas";"Pleno dia";"Crescente";"Ceu Claro";"Simples";"Reta";"Urbano";2;0;2;0;0;0;2;1
83443086;"20/02/16";"Sábado";"17:15:00";"SC";282;"29";"SANTO AMARO DA IMPERATRIZ";"Outras";"Colisão frontal";"Com Vítimas Feridas";"Pleno dia";"Crescente";"Chuva";"Simples";"Curva";"Urbano";8;0;6;1;1;0;7;2
83443087;"28/02/16";"Domingo";"11:30:00";"CE";222;"3";"SOBRAL";"Não guardar distância de segurança";"Colisão lateral";"Com Vítimas Feridas";"Pleno dia";"Decrescente";"Nublado";"Dupla";"Reta";"Urbano";3;0;1;1;1;0;2;2
83443088;"28/02/16";"Domingo";"09:30:00";"PI";343;"143,5";"PIRACURUCA";"Ingestão de álcool";"Colisão lateral";"Com Vítimas Feridas";"Pleno dia";"Crescente";"Ceu Claro";"Simples";"Reta";"Urbano";4;0;1;0;3;0;1;2
83443089;"20/02/16";"Sábado";"18:50:00";"ES";101;"266,1";"SERRA";"Desobediência à sinalização";"Colisão Transversal";"Com Vítimas Feridas";"Anoitecer";"Decrescente";"Ceu Claro";"Dupla";"Cruzamento";"Urbano";3;0;3;0;0;0;3;2
83443090;"28/02/16";"Domingo";"13:20:00";"MG";135;"398,2";"BOCAIUVA";"Velocidade incompatível";"Colisão traseira";"Com Vítimas Feridas";"Pleno dia";"Decrescente";"Ceu Claro";"Simples";"Reta";"Rural";2;0;1;0;0;1;1;2
83443091;"28/02/16";"Domingo";"13:25:00";"PR";376;"657";"TIJUCAS DO SUL";"Velocidade incompatível";"Capotamento";"Com Vítimas Feridas";"Pleno dia";"Crescente";"Chuva";"Simples";"Curva";"Urbano";3;0;1;0;2;0;1;1
83443092;"21/02/16";"Domingo";"18:45:00";"PR";116;"44";"CAMPINA GRANDE DO SUL";"Velocidade incompatível";"Capotamento";"Sem Vítimas";"Anoitecer";"Crescente";"Chuva";"Dupla";"Curva";"Rural";2;0;0;0;2;0;0;1
83443093;"28/02/16";"Domingo";"13:10:00";"SP";381;"34,5";"ATIBAIA";"Outras";"Capotamento";"Sem Vítimas";"Pleno dia";"Crescente";"Chuva";"Dupla";"Curva";"Rural";1;0;0;0;1;0;0;1
83443094;"28/02/16";"Domingo";"13:49:00";"SC";101;"110,2";"PENHA";"Outras";"Saída de Pista";"Com Vítimas Feridas";"Pleno dia";"Crescente";"Ceu Claro";"Dupla";"Curva";"Rural";2;0;1;0;1;0;1;1
83443095;"28/02/16";"Domingo";"11:25:00";"PR";116;"16,9";"CAMPINA GRANDE DO SUL";"Velocidade incompatível";"Tombamento";"Sem Vítimas";"Pleno dia";"Decrescente";"Chuva";"Dupla";"Curva";"Rural";1;0;0;0;1;0;0;1
83443096;"28/02/16";"Domingo";"12:00:00";"PR";277;"199";"PALMEIRA";"Falta de atenção";"Saída de Pista";"Sem Vítimas";"Pleno dia";"Decrescente";"Chuva";"Simples";"Curva";"Rural";1;0;0;0;1;0;0;1
83443097;"28/02/16";"Domingo";"11:30:00";"PA";155;"311";"MARABA";"Falta de atenção";"Colisão traseira";"Com Vítimas Feridas";"Pleno dia";"Crescente";"Ceu Claro";"Simples";"Reta";"Rural";2;0;0;1;1;0;1;2
83443098;"28/02/16";"Domingo";"12:35:00";"SP";116;"187";"SANTA ISABEL";"Outras";"Saída de Pista";"Com Vítimas Feridas";"Pleno dia";"Decrescente";"Ceu Claro";"Dupla";"Curva";"Rural";1;0;1;0;0;0;1;1
83443099;"28/02/16";"Domingo";"09:00:00";"BA";110;"316";"ALAGOINHAS";"Ultrapassagem indevida";"Capotamento";"Com Vítimas Feridas";"Pleno dia";"Decrescente";"Ceu Claro";"Simples";"Reta";"Rural";2;0;1;0;1;0;1;2
83443100;"28/02/16";"Domingo";"13:10:00";"MG";381;"618";"OLIVEIRA";"Velocidade incompatível";"Capotamento";"Com Vítimas Feridas";"Pleno dia";"Crescente";"Ceu Claro";"Dupla";"Curva";"Rural";2;0;2;0;0;0;2;1
83443101;"28/02/16";"Domingo";"11:15:00";"AL";101;"244";"PORTO REAL DO COLEGIO";"Outras";"Colisão frontal";"Com Vítimas Feridas";"Pleno dia";"Decrescente";"Ceu Claro";"Simples";"Curva";"Rural";2;0;1;0;1;0;1;2
83443102;"28/02/16";"Domingo";"13:00:00";"MG";381;"525";"BRUMADINHO";"Defeito mecânico em veículo";"Tombamento";"Sem Vítimas";"Pleno dia";"Crescente";"Ceu Claro";"Dupla";"Curva";"Rural";1;0;0;0;1;0;0;1
83443103;"28/02/16";"Domingo";"11:30:00";"PR";116;"23";"ANTONINA";"Velocidade incompatível";"Capotamento";"Com Vítimas Feridas";"Pleno dia";"Decrescente";"Nublado";"Dupla";"Reta";"Rural";1;0;1;0;0;0;1;1
83443104;"28/02/16";"Domingo";"13:35:00";"PR";369;"91,8";"CORNELIO PROCOPIO";"Outras";"Queda de motocicleta / bicicleta / veículo";"Com Vítimas Feridas";"Pleno dia";"Decrescente";"Chuva";"Simples";"Reta";"Rural";1;0;1;0;0;0;1;1
83443105;"26/02/16";"Sexta";"21:25:00";"MG";116;"278,8";"TEOFILO OTONI";"Ingestão de álcool";"Tombamento";"Com Vítimas Feridas";"Plena noite";"Crescente";"Ceu Claro";"Dupla";"Reta";"Rural";1;0;1;0;0;0;1;1
83443106;"28/02/16";"Domingo";"12:00:00";"MG";381;"519";"IGARAPE";"Outras";"Colisão com objeto fixo";"Com Vítimas Feridas";"Pleno dia";"Decrescente";"Ceu Claro";"Dupla";"Curva";"Rural";6;0;4;0;2;0;4;3
83443107;"28/02/16";"Domingo";"15:00:00";"PR";116;"117";"CURITIBA";"Outras";"Colisão lateral";"Sem Vítimas";"Pleno dia";"Crescente";"Chuva";"Dupla";"Reta";"Urbano";2;0;0;0;2;0;0;2
83443108;"28/02/16";"Domingo";"08:30:00";"BA";135;"152";"RIACHAO DAS NEVES";"Outras";"Atropelamento de pessoa";"Com Vítimas Feridas";"Pleno dia";"Decrescente";"Ceu Claro";"Simples";"Curva";"Rural";2;0;0;1;1;0;1;1
83443109;"28/02/16";"Domingo";"15:30:00";"RJ";101;"541";"PARATI";"Desobediência à sinalização";"Colisão lateral";"Com Vítimas Feridas";"Pleno dia";"Decrescente";"Chuva";"Simples";"Reta";"Rural";4;0;2;0;2;0;2;2
83443110;"28/02/16";"Domingo";"11:30:00";"MA";402;"33";"AXIXA";"Falta de atenção";"Colisão frontal";"Com Vítimas Feridas";"Pleno dia";"Crescente";"Sol";"Simples";"Curva";"Rural";2;0;0;1;1;0;1;2
83443111;"28/02/16";"Domingo";"14:15:00";"MG";381;"911,3";"CAMANDUCAIA";"Dormindo";"Saída de Pista";"Sem Vítimas";"Pleno dia";"Decrescente";"Nublado";"Dupla";"Reta";"Rural";1;0;0;0;1;0;0;1
83443112;"24/02/16";"Quarta";"20:30:00";"MG";40;"522";"CONTAGEM";"Outras";"Queda de motocicleta / bicicleta / veículo";"Com Vítimas Feridas";"Plena noite";"Crescente";"Ignorada";"Dupla";"Reta";"Urbano";1;0;1;0;0;0;1;1
83443113;"28/02/16";"Domingo";"12:15:00";"MG";381;"512,5";"IGARAPE";"Não guardar distância de segurança";"Colisão traseira";"Sem Vítimas";"Pleno dia";"Decrescente";"Ceu Claro";"Múltipla";"Reta";"Urbano";3;0;0;0;3;0;0;3
83443114;"26/02/16";"Sexta";"16:00:00";"RS";290;"125,2";"ELDORADO DO SUL";"Dormindo";"Colisão lateral";"Com Vítimas Feridas";"Pleno dia";"Decrescente";"Nublado";"Simples";"Reta";"Rural";3;0;1;0;2;0;1;2
83443115;"28/02/16";"Domingo";"14:00:00";"GO";60;"207";"GUAPO";"Outras";"Saída de Pista";"Com Vítimas Feridas";"Pleno dia";"Decrescente";"Chuva";"Dupla";"Reta";"Rural";5;0;3;2;0;0;5;1
83443116;"28/02/16";"Domingo";"14:30:00";"PR";376;"152,9";"MANDAGUACU";"Desobediência à sinalização";"Colisão Transversal";"Com Vítimas Feridas";"Pleno dia";"Decrescente";"Chuva";"Simples";"Cruzamento";"Rural";3;0;1;0;2;0;1;2
83443117;"28/02/16";"Domingo";"09:00:00";"PR";373;"236,4";"IMBITUVA";"Falta de atenção";"Saída de Pista";"Sem Vítimas";"Pleno dia";"Decrescente";"Chuva";"Simples";"Reta";"Rural";1;0;0;0;1;0;0;1
83443118;"28/02/16";"Domingo";"15:50:00";"PR";376;"665";"GUARATUBA";"Velocidade incompatível";"Saída de Pista";"Sem Vítimas";"Pleno dia";"Crescente";"Chuva";"Dupla";"Curva";"Rural";1;0;0;0;1;0;0;1
83443119;"28/02/16";"Domingo";"12:10:00";"SP";116;"55,1";"LORENA";"Outras";"Queda de motocicleta / bicicleta / veículo";"Com Vítimas Fatais";"Pleno dia";"Crescente";"Ceu Claro";"Dupla";"Reta";"Rural";1;1;0;0;0;0;0;1
83443120;"28/02/16";"Domingo";"14:20:00";"MG";262;"382";"MATEUS LEME";"Velocidade incompatível";"Saída de Pista";"Sem Vítimas";"Pleno dia";"Crescente";"Ceu Claro";"Dupla";"Curva";"Rural";1;0;0;0;1;0;0;1
83443121;"28/02/16";"Domingo";"15:45:00";"SC";470;"228,7";"SAO CRISTOVAO DO SUL";"Velocidade incompatível";"Tombamento";"Com Vítimas Feridas";"Pleno dia";"Crescente";"Nublado";"Simples";"Curva";"Rural";1;0;1;0;0;0;1;1
83443122;"28/02/16";"Domingo";"15:20:00";"MG";381;"711,7";"CARMO DA CACHOEIRA";"Velocidade incompatível";"Saída de Pista";"Sem Vítimas";"Pleno dia";"Crescente";"Chuva";"Dupla";"Reta";"Rural";2;0;0;0;2;0;0;1
83443123;"28/02/16";"Domingo";"16:20:00";"SC";101;"42,5";"JOINVILLE";"Falta de atenção";"Colisão com objeto fixo";"Com Vítimas Feridas";"Pleno dia";"Crescente";"Chuva";"Dupla";"Reta";"Rural";1;0;1;0;0;0;1;1
83443124;"28/02/16";"Domingo";"15:00:00";"MG";381;"710,5";"CARMO DA CACHOEIRA";"Velocidade incompatível";"Colisão com objeto fixo";"Com Vítimas Feridas";"Pleno dia";"Crescente";"Chuva";"Dupla";"Reta";"Rural";4;0;2;0;2;0;2;1
83443125;"28/02/16";"Domingo";"09:00:00";"MG";262;"685,3";"ARAXA";"Outras";"Saída de Pista";"Com Vítimas Feridas";"Pleno dia";"Crescente";"Nublado";"Simples";"Reta";"Rural";1;0;1;0;0;0;1;1
83443126;"28/02/16";"Domingo";"16:25:00";"BA";101;"751";"ITABELA";"Velocidade incompatível";"Tombamento";"Com Vítimas Feridas";"Pleno dia";"Decrescente";"Sol";"Simples";"Curva";"Rural";2;0;2;0;0;0;2;1
83443127;"28/02/16";"Domingo";"14:10:00";"MG";262;"388,4";"FLORESTAL";"Outras";"Capotamento";"Sem Vítimas";"Pleno dia";"Decrescente";"Chuva";"Dupla";"Reta";"Rural";1;0;0;0;1;0;0;1
83443128;"28/02/16";"Domingo";"16:30:00";"CE";222;"300,7";"TIANGUA";"Defeito mecânico em veículo";"Saída de Pista";"Sem Vítimas";"Pleno dia";"Decrescente";"Nublado";"Simples";"Curva";"Rural";1;0;0;0;1;0;0;1
83443129;"24/02/16";"Quarta";"12:50:00";"PA";316;"99";"SANTA MARIA DO PARA";"Não guardar distância de segurança";"Colisão traseira";"Sem Vítimas";"Pleno dia";"Crescente";"Ceu Claro";"Simples";"Reta";"Rural";3;0;0;0;3;0;0;3
83443130;"28/02/16";"Domingo";"16:15:00";"MS";163;"372,7";"NOVA ALVORADA DO SUL";"Não guardar distância de segurança";"Colisão traseira";"Sem Vítimas";"Pleno dia";"Crescente";"Chuva";"Simples";"Reta";"Rural";2;0;0;0;2;0;0;2
83443131;"28/02/16";"Domingo";"14:45:00";"PE";408;"105";"JABOATAO DOS GUARARAPES";"Outras";"Queda de motocicleta / bicicleta / veículo";"Com Vítimas Feridas";"Pleno dia";"Crescente";"Sol";"Simples";"Curva";"Urbano";2;0;2;0;0;0;2;1
83443132;"26/02/16";"Sexta";"20:15:00";"DF";20;"8";"BRASILIA";"Ingestão de álcool";"Colisão traseira";"Sem Vítimas";"Plena noite";"Crescente";"Ceu Claro";"Dupla";"Reta";"Urbano";2;0;0;0;2;0;0;2
83443133;"28/02/16";"Domingo";"13:50:00";"MG";262;"379";"JUATUBA";"Defeito mecânico em veículo";"Colisão com objeto fixo";"Sem Vítimas";"Pleno dia";"Decrescente";"Chuva";"Dupla";"Curva";"Rural";1;0;0;0;1;0;0;1
83443134;"28/02/16";"Domingo";"11:00:00";"RS";472;"481,8";"ITAQUI";"Ingestão de álcool";"Saída de Pista";"Com Vítimas Feridas";"Pleno dia";"Crescente";"Ceu Claro";"Simples";"Curva";"Rural";2;0;1;0;1;0;1;1
83443135;"25/02/16";"Quinta";"12:15:00";"SC";116;"234,3";"CORREIA PINTO";"Outras";"Saída de Pista";"Com Vítimas Feridas";"Pleno dia";"Decrescente";"Ceu Claro";"Simples";"Reta";"Rural";1;0;1;0;0;0;1;1