"id";"data_inversa";"dia_semana";"horario";"uf";"br";"km";"municipio";"causa_acidente";"tipo_acidente";"classificacao_acidente";"fase_dia";"sentido_via";"condicao_metereologica";"tipo_pista";"tracado_via";"uso_solo";"pessoas";"mortos";"feridos_leves";"feridos_graves";"ilesos";"ignorados";"feridos";"veiculos"
83443247;"28/02/16";"Domingo";"13:30:00";"RS";116;"143,1";"CAXIAS DO SUL";"Falta de atenção";"Tombamento";"Sem Vítimas";"Pleno dia";"Crescente";"Sol";"Múltipla";"Cruzamento";"Urbano";2;0;0;0;2;0;0;2
83443248;"28/02/16";"Domingo";"17:25:00";"MG";40;"794,7";"JUIZ DE FORA";"Outras";"Colisão traseira";"Com Vítimas Feridas";"Anoitecer";"Decrescente";"Chuva";"Dupla";"Reta";"Rural";4;0;2;0;2;0;2;2
83443249;"29/02/16";"Segunda";"01:00:00";"MT";158;"712,7";"BARRA DO GARCAS";"Outras";"Tombamento";"Com Vítimas Fatais";"Plena noite";"Crescente";"Nublado";"Simples";"Reta";"Rural";1;1;0;0;0;0;0;1
83443250;"25/02/16";"Quinta";"06:50:00";"MG";251;"363";"PADRE CARVALHO";"Ultrapassagem indevida";"Saída de Pista";"Com Vítimas Feridas";"Amanhecer";"Crescente";"Ceu Claro";"Simples";"Reta";"Rural";2;0;1;0;1;0;1;1
83443251;"28/02/16";"Domingo";"19:35:00";"ES";393;"0,6";"CACHOEIRO DE ITAPEMIRIM";"Outras";"Colisão lateral";"Com Vítimas Feridas";"Plena noite";"Crescente";"Nublado";"Simples";"Reta";"Urbano";2;0;0;1;0;1;1;2
83443254;"25/02/16";"Quinta";"17:50:00";"DF";40;"1";"BRASILIA";"Falta de atenção";"Atropelamento de pessoa";"Com Vítimas Feridas";"Pleno dia";"Crescente";"Ceu Claro";"Múltipla";"Reta";"Rural";2;0;1;0;1;0;1;1
83443255;"29/02/16";"Segunda";"04:10:00";"MS";262;"488,2";"ANASTACIO";"Animais na Pista";"Atropelamento de animal";"Sem Vítimas";"Plena noite";"Crescente";"Nublado";"Simples";"Reta";"Urbano";4;0;0;0;4;0;0;1
83443256;"25/02/16";"Quinta";"22:40:00";"PR";116;"135";"QUITANDINHA";"Outras";"Colisão lateral";"Com Vítimas Feridas";"Plena noite";"Decrescente";"Nublado";"Simples";"Reta";"Urbano";3;0;2;0;1;0;2;2
83443257;"25/02/16";"Quinta";"14:30:00";"PR";277;"335,7";"GUARAPUAVA";"Defeito mecânico em veículo";"Colisão com objeto fixo";"Sem Vítimas";"Pleno dia";"Crescente";"Chuva";"Simples";"Curva";"Rural";1;0;0;0;1;0;0;1
83443258;"25/02/16";"Quinta";"11:30:00";"MG";381;"737,1";"TRES CORACOES";"Velocidade incompatível";"Saída de Pista";"Sem Vítimas";"Pleno dia";"Crescente";"Chuva";"Dupla";"Curva";"Rural";1;0;0;0;1;0;0;1
83443259;"26/02/16";"Sexta";"00:35:00";"MG";381;"795";"SAO GONCALO DO SAPUCAI";"Dormindo";"Saída de Pista";"Com Vítimas Feridas";"Plena noite";"Crescente";"Nublado";"Dupla";"Reta";"Rural";2;0;0;1;1;0;1;2
83443260;"29/02/16";"Segunda";"05:00:00";"SP";116;"85,2";"SANTA ISABEL";"Falta de atenção";"Colisão traseira";"Com Vítimas Feridas";"Plena noite";"Crescente";"Nublado";"Dupla";"Reta";"Rural";6;0;2;0;3;1;2;5
83443261;"29/02/16";"Segunda";"07:00:00";"SC";101;"40";"JOINVILLE";"Outras";"Colisão lateral";"Sem Vítimas";"Pleno dia";"Crescente";"Ceu Claro";"Dupla";"Curva";"Urbano";2;0;0;0;1;1;0;2
83443262;"29/02/16";"Segunda";"01:00:00";"RJ";393;"151,9";"TRES RIOS";"Dormindo";"Colisão com objeto fixo";"Com Vítimas Feridas";"Plena noite";"Decrescente";"Chuva";"Simples";"Curva";"Rural";2;0;1;0;0;1;1;1
83443263;"04/01/16";"Segunda";"09:45:00";"MG";381;"316";"ANTONIO DIAS";"Velocidade incompatível";"Colisão frontal";"Com Vítimas Feridas";"Pleno dia";"Crescente";"Chuva";"Simples";"Curva";"Rural";2;0;1;0;1;0;1;2
83443264;"27/02/16";"Sábado";"21:40:00";"PR";277;"47,1";"MORRETES";"Ingestão de álcool";"Colisão traseira";"Sem Vítimas";"Plena noite";"Decrescente";"Nublado";"Dupla";"Curva";"Rural";2;0;0;0;1;1;0;2
83443265;"26/02/16";"Sexta";"02:40:00";"PE";101;"70";"RECIFE";"Velocidade incompatível";"Colisão com objeto fixo";"Sem Vítimas";"Plena noite";"Decrescente";"Nublado";"Dupla";"Reta";"Urbano";1;0;0;0;1;0;0;1
83443266;"25/02/16";"Quinta";"05:30:00";"PR";476;"123";"CURITIBA";"Desobediência à sinalização";"Colisão Transversal";"Com Vítimas Fatais";"Amanhecer";"Crescente";"Nublado";"Simples";"Cruzamento";"Urbano";2;1;0;0;1;0;0;2
83443267;"29/02/16";"Segunda";"05:45:00";"MS";163;"731";"COXIM";"Defeito mecânico em veículo";"Queda de motocicleta / bicicleta / veículo";"Com Vítimas Feridas";"Amanhecer";"Crescente";"Ceu Claro";"Simples";"Reta";"Urbano";1;0;0;1;0;0;1;1
83443268;"29/02/16";"Segunda";"07:00:00";"SC";158;"145,2";"PALMITOS";"Falta de atenção";"Colisão lateral";"Sem Vítimas";"Pleno dia";"Decrescente";"Ceu Claro";"Simples";"Curva";"Rural";2;0;0;0;2;0;0;2
83443269;"25/02/16";"Quinta";"06:50:00";"RJ";116;"29";"SAPUCAIA";"Outras";"Tombamento";"Com Vítimas Feridas";"Amanhecer";"Decrescente";"Ceu Claro";"Simples";"Curva";"Rural";1;0;1;0;0;0;1;1
83443270;"05/02/16";"Sexta";"12:50:00";"SP";381;"53";"ATIBAIA";"Não guardar distância de segurança";"Colisão traseira";"Com Vítimas Feridas";"Pleno dia";"Crescente";"Sol";"Dupla";"Reta";"Rural";2;0;0;1;1;0;1;2
83443271;"25/02/16";"Quinta";"10:20:00";"PR";376;"640";"TIJUCAS DO SUL";"Velocidade incompatível";"Saída de Pista";"Com Vítimas Feridas";"Pleno dia";"Crescente";"Ceu Claro";"Dupla";"Reta";"Rural";1;0;0;1;0;0;1;1
83443272;"26/02/16";"Sexta";"02:00:00";"MG";262;"386,8";"FLORESTAL";"Velocidade incompatível";"Saída de Pista";"Com Vítimas Feridas";"Plena noite";"Crescente";"Chuva";"Dupla";"Curva";"Rural";1;0;0;1;0;0;1;1
83443273;"21/02/16";"Domingo";"23:50:00";"PB";104;"6,8";"CUITE";"Velocidade incompatível";"Saída de Pista";"Com Vítimas Fatais";"Plena noite";"Decrescente";"Ceu Claro";"Simples";"Reta";"Rural";5;2;2;1;0;0;3;1
83443274;"25/02/16";"Quinta";"18:35:00";"PE";232;"142";"SAO CAITANO";"Ingestão de álcool";"Colisão traseira";"Sem Vítimas";"Plena noite";"Decrescente";"Nublado";"Dupla";"Reta";"Rural";2;0;0;0;2;0;0;2
83443275;"29/02/16";"Segunda";"00:30:00";"SP";116;"269,4";"TABOAO DA SERRA";"Outras";"Colisão com objeto fixo";"Com Vítimas Feridas";"Plena noite";"Crescente";"Chuva";"Dupla";"Reta";"Urbano";1;0;1;0;0;0;1;1
83443276;"28/02/16";"Domingo";"05:10:00";"RN";406;"106,1";"JOAO CAMARA";"Outras";"Capotamento";"Com Vítimas Fatais";"Pleno dia";"Crescente";"Ceu Claro";"Simples";"Reta";"Urbano";3;1;1;1;0;0;2;1
83443277;"21/02/16";"Domingo";"01:30:00";"SP";116;"322";"JUQUITIBA";"Outras";"Colisão lateral";"Com Vítimas Feridas";"Pleno dia";"Decrescente";"Ceu Claro";"Dupla";"Reta";"Rural";2;0;1;0;1;0;1;2
83443278;"25/02/16";"Quinta";"13:15:00";"BA";367;"47,9";"PORTO SEGURO";"Outras";"Capotamento";"Com Vítimas Feridas";"Pleno dia";"Decrescente";"Ceu Claro";"Simples";"Reta";"Rural";4;0;2;0;2;0;2;1
83443279;"25/02/16";"Quinta";"14:45:00";"MG";381;"346,5";"BELA VISTA DE MINAS";"Ultrapassagem indevida";"Tombamento";"Sem Vítimas";"Pleno dia";"Decrescente";"Ceu Claro";"Simples";"Reta";"Rural";1;0;0;0;1;0;0;1
83443280;"04/01/16";"Segunda";"10:35:00";"MG";40;"281,9";"TRES MARIAS";"Outras";"Atropelamento de pessoa";"Com Vítimas Feridas";"Pleno dia";"Crescente";"Chuva";"Simples";"Reta";"Urbano";2;0;0;1;1;0;1;1
83443281;"27/02/16";"Sábado";"07:15:00";"MG";116;"517";"UBAPORANGA";"Velocidade incompatível";"Colisão frontal";"Com Vítimas Feridas";"Pleno dia";"Crescente";"Ceu Claro";"Simples";"Curva";"Rural";7;0;4;1;2;0;5;3
83443282;"18/01/16";"Segunda";"20:30:00";"GO";153;"544,1";"HIDROLANDIA";"Outras";"Saída de Pista";"Sem Vítimas";"Plena noite";"Crescente";"Ceu Claro";"Dupla";"Reta";"Rural";1;0;0;0;1;0;0;1
83443284;"23/02/16";"Terça";"22:30:00";"PA";316;"63";"CASTANHAL";"Falta de atenção";"Colisão traseira";"Sem Vítimas";"Plena noite";"Decrescente";"Chuva";"Dupla";"Reta";"Urbano";2;0;0;0;2;0;0;2
83443285;"29/02/16";"Segunda";"07:35:00";"PR";376;"245";"APUCARANA";"Falta de atenção";"Colisão Transversal";"Com Vítimas Feridas";"Pleno dia";"Decrescente";"Nublado";"Simples";"Reta";"Urbano";2;0;1;0;1;0;1;2
83443286;"28/01/16";"Quinta";"16:40:00";"MG";135;"400";"BOCAIUVA";"Velocidade incompatível";"Capotamento";"Com Vítimas Feridas";"Pleno dia";"Decrescente";"Chuva";"Simples";"Reta";"Rural";2;0;1;1;0;0;2;1
83443287;"25/02/16";"Quinta";"21:40:00";"MG";381;"637,6";"SANTO ANTONIO DO AMPARO";"Falta de atenção";"Tombamento";"Com Vítimas Feridas";"Plena noite";"Crescente";"Ignorada";"Dupla";"Curva";"Rural";1;0;1;0;0;0;1;1
83443288;"25/02/16";"Quinta";"08:00:00";"SC";101;"213,1";"PALHOCA";"Falta de atenção";"Colisão lateral";"Sem Vítimas";"Pleno dia";"Decrescente";"Ceu Claro";"Dupla";"Reta";"Urbano";2;0;0;0;2;0;0;2
83443289;"21/02/16";"Domingo";"16:30:00";"SC";101;"222,5";"PALHOCA";"Não guardar distância de segurança";"Colisão traseira";"Sem Vítimas";"Pleno dia";"Decrescente";"Ceu Claro";"Dupla";"Reta";"Rural";3;0;0;0;3;0;0;3
83443290;"04/01/16";"Segunda";"12:40:00";"MG";381;"300";"ANTONIO DIAS";"Velocidade incompatível";"Saída de Pista";"Com Vítimas Feridas";"Pleno dia";"Crescente";"Chuva";"Simples";"Curva";"Rural";2;0;1;0;1;0;1;1
83443291;"18/02/16";"Quinta";"14:40:00";"RJ";116;"285";"BARRA MANSA";"Outras";"Colisão com objeto fixo";"Sem Vítimas";"Pleno dia";"Decrescente";"Nublado";"Dupla";"Reta";"Rural";1;0;0;0;1;0;0;1
83443292;"15/02/16";"Segunda";"18:00:00";"PR";369;"56";"BANDEIRANTES";"Outras";"Colisão Transversal";"Com Vítimas Feridas";"Pleno dia";"Crescente";"Ignorada";"Simples";"Reta";"Urbano";2;0;1;0;0;1;1;2
83443293;"29/02/16";"Segunda";"08:10:00";"RS";116;"256";"ESTEIO";"Falta de atenção";"Colisão lateral";"Sem Vítimas";"Pleno dia";"Decrescente";"Ceu Claro";"Dupla";"Curva";"Urbano";2;0;0;0;2;0;0;2
83443294;"21/02/16";"Domingo";"09:15:00";"SC";101;"97,9";"PICARRAS";"Falta de atenção";"Saída de Pista";"Sem Vítimas";"Pleno dia";"Decrescente";"Ceu Claro";"Dupla";"Reta";"Rural";1;0;0;0;1;0;0;1
83443295;"29/02/16";"Segunda";"09:10:00";"RS";116;"250";"SAO LEOPOLDO";"Velocidade incompatível";"Colisão com objeto fixo";"Com Vítimas Feridas";"Pleno dia";"Crescente";"Sol";"Múltipla";"Curva";"Urbano";1;0;1;0;0;0;1;1
83443296;"29/02/16";"Segunda";"07:35:00";"PR";369;"201,2";"APUCARANA";"Não guardar distância de segurança";"Colisão traseira";"Com Vítimas Feridas";"Pleno dia";"Crescente";"Nublado";"Simples";"Reta";"Urbano";2;0;1;0;1;0;1;2
83443298;"15/01/16";"Sexta";"08:53:00";"RJ";40;"78";"PETROPOLIS";"Velocidade incompatível";"Colisão com objeto fixo";"Sem Vítimas";"Pleno dia";"Crescente";"Chuva";"Simples";"Curva";"Rural";4;0;0;0;4;0;0;1
83443299;"26/02/16";"Sexta";"15:50:00";"CE";222;"6,5";"CAUCAIA";"Outras";"Queda de motocicleta / bicicleta / veículo";"Com Vítimas Feridas";"Pleno dia";"Crescente";"Ceu Claro";"Múltipla";"Reta";"Urbano";2;0;0;2;0;0;2;1
83443300;"29/02/16";"Segunda";"07:20:00";"GO";60;"162";"GOIANIA";"Não guardar distância de segurança";"Colisão Transversal";"Com Vítimas Feridas";"Pleno dia";"Decrescente";"Sol";"Dupla";"Reta";"Urbano";2;0;2;0;0;0;2;2
83443301;"25/02/16";"Quinta";"16:35:00";"MG";40;"563";"NOVA LIMA";"Outras";"Colisão com objeto fixo";"Sem Vítimas";"Pleno dia";"Decrescente";"Chuva";"Dupla";"Curva";"Urbano";2;0;0;0;2;0;0;2
83443302;"26/02/16";"Sexta";"21:20:00";"CE";20;"406";"CAUCAIA";"Falta de atenção";"Saída de Pista";"Com Vítimas Feridas";"Plena noite";"Crescente";"Ceu Claro";"Simples";"Curva";"Urbano";1;0;1;0;0;0;1;1
83443304;"26/02/16";"Sexta";"02:00:00";"TO";153;"240,4";"COLINAS DO TOCANTINS";"Velocidade incompatível";"Tombamento";"Com Vítimas Feridas";"Plena noite";"Decrescente";"Ceu Claro";"Simples";"Curva";"Urbano";3;0;3;0;0;0;3;1
83443305;"29/02/16";"Segunda";"07:05:00";"SC";282;"501";"XANXERE";"Desobediência à sinalização";"Colisão Transversal";"Sem Vítimas";"Pleno dia";"Crescente";"Sol";"Simples";"Cruzamento";"Urbano";2;0;0;0;2;0;0;2
83443306;"29/02/16";"Segunda";"08:25:00";"SC";282;"505,4";"XANXERE";"Velocidade incompatível";"Capotamento";"Com Vítimas Feridas";"Pleno dia";"Crescente";"Sol";"Dupla";"Cruzamento";"Urbano";1;0;0;1;0;0;1;1
83443307;"29/02/16";"Segunda";"08:10:00";"MA";10;"319";"ACAILANDIA";"Falta de atenção";"Colisão Transversal";"Com Vítimas Feridas";"Pleno dia";"Crescente";"Sol";"Simples";"Reta";"Urbano";2;0;0;1;1;0;1;2
83443308;"29/02/16";"Segunda";"09:20:00";"PR";277;"21,2";"MORRETES";"Outras";"Queda de motocicleta / bicicleta / veículo";"Com Vítimas Feridas";"Pleno dia";"Crescente";"Ceu Claro";"Simples";"Reta";"Rural";2;0;1;1;0;0;2;1
83443309;"29/02/16";"Segunda";"10:30:00";"SP";116;"227";"GUARULHOS";"Outras";"Colisão lateral";"Sem Vítimas";"Pleno dia";"Decrescente";"Nublado";"Múltipla";"Reta";"Urbano";2;0;0;0;2;0;0;2
83443310;"29/02/16";"Segunda";"07:15:00";"RS";386;"446";"CANOAS";"Não guardar distância de segurança";"Colisão traseira";"Com Vítimas Feridas";"Pleno dia";"Decrescente";"Ceu Claro";"Múltipla";"Reta";"Urbano";3;0;2;0;1;0;2;2
83443311;"27/02/16";"Sábado";"23:40:00";"RS";116;"39,2";"VACARIA";"Ingestão de álcool";"Atropelamento de pessoa";"Com Vítimas Feridas";"Plena noite";"Crescente";"Nublado";"Simples";"Reta";"Urbano";2;0;1;0;1;0;1;1
83443312;"26/02/16";"Sexta";"00:15:00";"PE";101;"67,5";"RECIFE";"Outras";"Colisão lateral";"Sem Vítimas";"Plena noite";"Crescente";"Nublado";"Múltipla";"Reta";"Urbano";2;0;0;0;1;1;0;2
83443313;"25/02/16";"Quinta";"20:00:00";"RS";293;"66,4";"PIRATINI";"Falta de atenção";"Saída de Pista";"Com Vítimas Feridas";"Plena noite";"Decrescente";"Ignorada";"Simples";"Reta";"Rural";1;0;1;0;0;0;1;1
83443314;"25/02/16";"Quinta";"21:00:00";"SP";116;"228";"SAO PAULO";"Não guardar distância de segurança";"Colisão traseira";"Com Vítimas Feridas";"Plena noite";"Decrescente";"Nublado";"Múltipla";"Reta";"Urbano";3;0;1;0;2;0;1;3
83443315;"26/02/16";"Sexta";"00:15:00";"SC";280;"4";"SAO FRANCISCO DO SUL";"Falta de atenção";"Colisão Transversal";"Com Vítimas Feridas";"Plena noite";"Decrescente";"Nevoeiro/neblina";"Dupla";"Reta";"Urbano";2;0;1;0;1;0;1;2
83443316;"29/02/16";"Segunda";"07:15:00";"RS";116;"52,9";"VACARIA";"Outras";"Capotamento";"Sem Vítimas";"Pleno dia";"Decrescente";"Ceu Claro";"Simples";"Curva";"Rural";2;0;0;0;2;0;0;1
83443317;"21/02/16";"Domingo";"18:30:00";"RJ";101;"315";"SAO GONCALO";"Outras";"Atropelamento de pessoa";"Com Vítimas Feridas";"Anoitecer";"Decrescente";"Ceu Claro";"Dupla";"Reta";"Urbano";2;0;0;1;1;0;1;1
83443318;"04/01/16";"Segunda";"14:00:00";"MG";381;"894";"CAMBUI";"Dormindo";"Colisão com objeto fixo";"Sem Vítimas";"Pleno dia";"Decrescente";"Ceu Claro";"Dupla";"Curva";"Rural";1;0;0;0;1;0;0;1
83443319;"29/02/16";"Segunda";"08:30:00";"PE";101;"65";"RECIFE";"Outras";"Colisão traseira";"Sem Vítimas";"Pleno dia";"Decrescente";"Sol";"Dupla";"Reta";"Urbano";2;0;0;0;2;0;0;2
83443320;"04/01/16";"Segunda";"13:45:00";"MG";381;"305";"ANTONIO DIAS";"Velocidade incompatível";"Saída de Pista";"Com Vítimas Feridas";"Pleno dia";"Decrescente";"Chuva";"Simples";"Curva";"Rural";2;0;2;0;0;0;2;1
83443321;"26/02/16";"Sexta";"06:10:00";"RJ";116;"204";"SEROPEDICA";"Dormindo";"Saída de Pista";"Sem Vítimas";"Amanhecer";"Crescente";"Ceu Claro";"Dupla";"Reta";"Rural";1;0;0;0;1;0;0;1
83443322;"25/02/16";"Quinta";"10:00:00";"BA";367;"83,9";"EUNAPOLIS";"Falta de atenção";"Colisão com bicicleta";"Com Vítimas Feridas";"Pleno dia";"Decrescente";"Ceu Claro";"Múltipla";"Reta";"Urbano";2;0;1;0;1;0;1;2
83443323;"29/02/16";"Segunda";"10:55:00";"PR";376;"109,5";"PARANAVAI";"Falta de atenção";"Colisão Transversal";"Sem Vítimas";"Pleno dia";"Decrescente";"Nublado";"Simples";"Cruzamento";"Urbano";2;0;0;0;2;0;0;2
83443324;"18/02/16";"Quinta";"12:30:00";"PR";376;"178";"MARINGA";"Outras";"Colisão traseira";"Ignorado";"Pleno dia";"Decrescente";"Ignorada";"Dupla";"Reta";"Urbano";2;0;0;0;0;2;0;2
83443325;"29/02/16";"Segunda";"07:55:00";"GO";60;"162";"GOIANIA";"Não guardar distância de segurança";"Colisão traseira";"Sem Vítimas";"Pleno dia";"Decrescente";"Sol";"Dupla";"Reta";"Urbano";2;0;0;0;2;0;0;2
83443326;"23/02/16";"Terça";"11:00:00";"BA";242;"632";"MUQUEM DO SAO FRANCISCO";"Outras";"Colisão frontal";"Com Vítimas Feridas";"Amanhecer";"Crescente";"Ceu Claro";"Simples";"Reta";"Rural";3;0;0;1;2;0;1;3
83443327;"26/02/16";"Sexta";"17:10:00";"CE";222;"0,7";"FORTALEZA";"Falta de atenção";"Colisão lateral";"Sem Vítimas";"Pleno dia";"Decrescente";"Ceu Claro";"Múltipla";"Reta";"Urbano";2;0;0;0;2;0;0;2
83443328;"29/02/16";"Segunda";"10:20:00";"SC";101;"138,5";"BALNEARIO CAMBORIU";"Falta de atenção";"Colisão traseira";"Sem Vítimas";"Pleno dia";"Decrescente";"Ceu Claro";"Dupla";"Reta";"Urbano";2;0;0;0;2;0;0;2
83443329;"26/02/16";"Sexta";"08:00:00";"GO";60;"94,3";"ANAPOLIS";"Velocidade incompatível";"Colisão traseira";"Sem Vítimas";"Pleno dia";"Crescente";"Ceu Claro";"Dupla";"Reta";"Urbano";3;0;0;0;3;0;0;3
83443331;"27/02/16";"Sábado";"01:30:00";"DF";20;"21,4";"BRASILIA";"Ingestão de álcool";"Colisão frontal";"Com Vítimas Feridas";"Plena noite";"Decrescente";"Ceu Claro";"Dupla";"Reta";"Urbano";2;0;0;1;1;0;1;2
83443332;"06/01/16";"Quarta";"02:00:00";"MG";50;"63,6";"UBERLANDIA";"Dormindo";"Colisão com objeto fixo";"Sem Vítimas";"Plena noite";"Crescente";"Chuva";"Dupla";"Reta";"Rural";1;0;0;0;1;0;0;1
83443333;"29/02/16";"Segunda";"07:50:00";"SP";116;"561,4";"BARRA DO TURVO";"Velocidade incompatível";"Capotamento";"Sem Vítimas";"Pleno dia";"Crescente";"Chuva";"Dupla";"Curva";"Rural";1;0;0;0;1;0;0;1
83443334;"09/01/16";"Sábado";"23:40:00";"MG";381;"442";"SABARA";"Ingestão de álcool";"Colisão frontal";"Com Vítimas Feridas";"Plena noite";"Crescente";"Ceu Claro";"Simples";"Cruzamento";"Rural";2;0;1;0;1;0;1;2
83443335;"08/01/16";"Sexta";"17:00:00";"MG";381;"384";"SAO GONCALO DO RIO ABAIXO";"Falta de atenção";"Colisão traseira";"Com Vítimas Feridas";"Pleno dia";"Crescente";"Chuva";"Simples";"Reta";"Urbano";3;0;1;0;2;0;1;2
83443336;"29/02/16";"Segunda";"08:40:00";"BA";324;"614";"SIMOES FILHO";"Falta de atenção";"Colisão traseira";"Sem Vítimas";"Pleno dia";"Crescente";"Ceu Claro";"Dupla";"Reta";"Urbano";2;0;0;0;2;0;0;2
83443337;"09/01/16";"Sábado";"23:45:00";"MG";262;"356";"BETIM";"Falta de atenção";"Colisão traseira";"Com Vítimas Feridas";"Plena noite";"Crescente";"Nublado";"Dupla";"Reta";"Rural";4;0;2;1;1;0;3;2
83443338;"29/02/16";"Segunda";"07:45:00";"RS";116;"245,2";"SAO LEOPOLDO";"Não guardar distância de segurança";"Colisão traseira";"Sem Vítimas";"Pleno dia";"Crescente";"Ceu Claro";"Dupla";"Reta";"Urbano";6;0;0;0;6;0;0;3
83443339;"29/02/16";"Segunda";"10:00:00";"ES";262;"0,5";"CARIACICA";"Velocidade incompatível";"Colisão lateral";"Com Vítimas Feridas";"Pleno dia";"Decrescente";"Ceu Claro";"Dupla";"Reta";"Urbano";2;0;1;0;1;0;1;2
83443341;"29/02/16";"Segunda";"08:44:00";"PR";369;"15,5";"CAMBARA";"Outras";"Saída de Pista";"Com Vítimas Feridas";"Amanhecer";"Decrescente";"Nublado";"Simples";"Reta";"Rural";1;0;0;1;0;0;1;1
83443342;"29/02/16";"Segunda";"11:25:00";"RS";290;"6,8";"OSORIO";"Não guardar distância de segurança";"Atropelamento de pessoa";"Com Vítimas Feridas";"Pleno dia";"Decrescente";"Sol";"Dupla";"Reta";"Rural";2;0;0;1;1;0;1;1
83443344;"29/01/16";"Sexta";"06:30:00";"PA";316;"15,5";"MARITUBA";"Defeito mecânico em veículo";"Colisão traseira";"Com Vítimas Feridas";"Pleno dia";"Decrescente";"Ceu Claro";"Dupla";"Reta";"Urbano";3;0;2;0;1;0;2;3
83443346;"29/02/16";"Segunda";"08:50:00";"ES";101;"223";"IBIRACU";"Outras";"Danos Eventuais";"Com Vítimas Feridas";"Pleno dia";"Decrescente";"Ceu Claro";"Simples";"Reta";"Rural";2;0;0;1;1;0;1;1
83443347;"29/02/16";"Segunda";"07:50:00";"MG";116;"384,5";"MATHIAS LOBATO";"Velocidade incompatível";"Capotamento";"Com Vítimas Feridas";"Pleno dia";"Decrescente";"Ceu Claro";"Simples";"Reta";"Rural";1;0;1;0;0;0;1;1
83443348;"29/02/16";"Segunda";"08:00:00";"RO";319;"62,7";"PORTO VELHO";"Falta de atenção";"Colisão lateral";"Com Vítimas Feridas";"Pleno dia";"Decrescente";"Sol";"Dupla";"Reta";"Urbano";2;0;1;0;1;0;1;2
83443349;"06/01/16";"Quarta";"05:30:00";"MG";40;"176";"JOAO PINHEIRO";"Outras";"Capotamento";"Com Vítimas Fatais";"Amanhecer";"Decrescente";"Nublado";"Simples";"Curva";"Rural";5;1;1;2;1;0;3;2
83443350;"10/01/16";"Domingo";"10:30:00";"MG";40;"484";"SETE LAGOAS";"Defeito mecânico em veículo";"Capotamento";"Com Vítimas Feridas";"Pleno dia";"Decrescente";"Ceu Claro";"Dupla";"Curva";"Rural";4;0;4;0;0;0;4;1
83443352;"28/02/16";"Domingo";"01:50:00";"TO";153;"135";"ARAGUAINA";"Ingestão de álcool";"Colisão com objeto fixo";"Ignorado";"Plena noite";"Crescente";"Ignorada";"Dupla";"Reta";"Rural";2;0;0;0;0;2;0;1
83443353;"25/02/16";"Quinta";"10:10:00";"RJ";116;"278";"BARRA MANSA";"Falta de atenção";"Colisão lateral";"Sem Vítimas";"Pleno dia";"Crescente";"Ceu Claro";"Dupla";"Curva";"Rural";2;0;0;0;2;0;0;2
83443354;"25/02/16";"Quinta";"14:10:00";"PR";116;"160,3";"QUITANDINHA";"Falta de atenção";"Colisão traseira";"Com Vítimas Feridas";"Pleno dia";"Decrescente";"Ceu Claro";"Simples";"Reta";"Rural";3;0;1;1;1;0;2;2
83443355;"29/02/16";"Segunda";"10:45:00";"RS";285;"451,1";"IJUI";"Não guardar distância de segurança";"Colisão traseira";"Sem Vítimas";"Pleno dia";"Decrescente";"Ceu Claro";"Simples";"Reta";"Rural";2;0;0;0;2;0;0;2
83443356;"29/02/16";"Segunda";"11:20:00";"SP";381;"74,7";"SAO PAULO";"Outras";"Capotamento";"Sem Vítimas";"Pleno dia";"Decrescente";"Chuva";"Dupla";"Curva";"Rural";1;0;0;0;1;0;0;1
83443357;"26/02/16";"Sexta";"20:00:00";"CE";20;"411";"MARACANAU";"Falta de atenção";"Atropelamento de pessoa";"Com Vítimas Feridas";"Plena noite";"Decrescente";"Ceu Claro";"Simples";"Reta";"Urbano";2;0;1;1;0;0;2;1
83443359;"29/02/16";"Segunda";"10:37:00";"PR";163;"164,2";"LINDOESTE";"Velocidade incompatível";"Tombamento";"Sem Vítimas";"Pleno dia";"Decrescente";"Ceu Claro";"Simples";"Reta";"Rural";1;0;0;0;1;0;0;1
83443360;"19/01/16";"Terça";"04:00:00";"PR";277;"651,8";"MATELANDIA";"Desobediência à sinalização";"Colisão lateral";"Com Vítimas Feridas";"Plena noite";"Decrescente";"Ceu Claro";"Simples";"Reta";"Rural";3;0;1;0;2;0;1;2
83443361;"29/02/16";"Segunda";"06:30:00";"PE";316;"253";"BELEM DE SAO FRANCISCO";"Dormindo";"Saída de Pista";"Com Vítimas Feridas";"Amanhecer";"Crescente";"Sol";"Simples";"Reta";"Rural";2;0;1;1;0;0;2;1
83443362;"08/01/16";"Sexta";"09:51:00";"MG";40;"271,2";"SAO GONCALO DO ABAETE";"Não guardar distância de segurança";"Colisão traseira";"Sem Vítimas";"Pleno dia";"Crescente";"Nublado";"Simples";"Reta";"Rural";2;0;0;0;2;0;0;2
83443363;"29/02/16";"Segunda";"07:35:00";"DF";60;"0,5";"BRASILIA";"Falta de atenção";"Colisão traseira";"Com Vítimas Feridas";"Pleno dia";"Decrescente";"Ceu Claro";"Dupla";"Reta";"Urbano";3;0;1;0;2;0;1;3
83443364;"29/02/16";"Segunda";"12:40:00";"PR";277;"2";"FOZ DO IGUACU";"Falta de atenção";"Queda de motocicleta / bicicleta / veículo";"Com Vítimas Feridas";"Pleno dia";"Crescente";"Ceu Claro";"Dupla";"Reta";"Urbano";1;0;1;0;0;0;1;1