"id";"data_inversa";"dia_semana";"horario";"uf";"br";"km";"municipio";"causa_acidente";"tipo_acidente";"classificacao_acidente";"fase_dia";"sentido_via";"condicao_metereologica";"tipo_pista";"tracado_via";"uso_solo";"pessoas";"mortos";"feridos_leves";"feridos_graves";"ilesos";"ignorados";"feridos";"veiculos"
83443481;"01/02/16";"Segunda";"16:30:00";"BA";20;"53";"SAO DESIDERIO";"Velocidade incompatível";"Tombamento";"Sem Vítimas";"Pleno dia";"Decrescente";"Chuva";"Simples";"Curva";"Rural";1;0;0;0;1;0;0;1
83443482;"29/02/16";"Segunda";"19:00:00";"TO";153;"331,8";"GUARAI";"Não guardar distância de segurança";"Colisão traseira";"Sem Vítimas";"Anoitecer";"Decrescente";"Ceu Claro";"Simples";"Reta";"Urbano";2;0;0;0;2;0;0;2
83443483;"29/02/16";"Segunda";"16:30:00";"SC";101;"298,8";"IMBITUBA";"Outras";"Derramamento de Carga";"Sem Vítimas";"Pleno dia";"Decrescente";"Ceu Claro";"Dupla";"Curva";"Rural";1;0;0;0;1;0;0;1
83443484;"29/02/16";"Segunda";"16:40:00";"MS";163;"266";"DOURADOS";"Outras";"Queda de motocicleta / bicicleta / veículo";"Com Vítimas Fatais";"Pleno dia";"Crescente";"Ceu Claro";"Dupla";"Reta";"Urbano";2;1;0;0;1;0;0;2
83443485;"29/02/16";"Segunda";"14:50:00";"RS";116;"258,4";"ESTEIO";"Outras";"Colisão com objeto fixo";"Sem Vítimas";"Pleno dia";"Decrescente";"Sol";"Múltipla";"Reta";"Urbano";1;0;0;0;1;0;0;1
83443486;"29/02/16";"Segunda";"08:50:00";"SC";470;"65";"INDAIAL";"Falta de atenção";"Colisão Transversal";"Com Vítimas Feridas";"Pleno dia";"Crescente";"Ceu Claro";"Dupla";"Reta";"Urbano";3;0;0;1;2;0;1;3
83443487;"21/02/16";"Domingo";"19:00:00";"MG";116;"684,9";"MURIAE";"Outras";"Colisão com objeto fixo";"Com Vítimas Fatais";"Plena noite";"Crescente";"Ceu Claro";"Simples";"Reta";"Rural";1;1;0;0;0;0;0;1
83443488;"29/02/16";"Segunda";"16:30:00";"GO";60;"462";"JATAI";"Defeito na via";"Saída de Pista";"Sem Vítimas";"Pleno dia";"Crescente";"Chuva";"Dupla";"Curva";"Rural";1;0;0;0;1;0;0;1
83443489;"29/02/16";"Segunda";"17:30:00";"MG";365;"697";"MONTE ALEGRE DE MINAS";"Falta de atenção";"Colisão traseira";"Sem Vítimas";"Pleno dia";"Crescente";"Chuva";"Simples";"Reta";"Urbano";2;0;0;0;2;0;0;2
83443490;"29/02/16";"Segunda";"13:30:00";"RO";364;"712";"PORTO VELHO";"Falta de atenção";"Colisão lateral";"Com Vítimas Feridas";"Pleno dia";"Crescente";"Ceu Claro";"Dupla";"Reta";"Urbano";2;0;2;0;0;0;2;2
83443491;"29/02/16";"Segunda";"07:05:00";"MT";364;"305";"JACIARA";"Outras";"Incêndio";"Com Vítimas Feridas";"Pleno dia";"Decrescente";"Nublado";"Simples";"Reta";"Urbano";1;0;1;0;0;0;1;1
83443492;"29/02/16";"Segunda";"17:30:00";"MT";174;"15";"PONTES E LACERDA";"Outras";"Atropelamento de pessoa";"Com Vítimas Feridas";"Pleno dia";"Crescente";"Ceu Claro";"Simples";"Reta";"Rural";3;0;0;1;2;0;1;1
83443493;"29/02/16";"Segunda";"19:10:00";"RJ";101;"86";"CAMPOS DOS GOYTACAZES";"Defeito na via";"Saída de Pista";"Sem Vítimas";"Plena noite";"Decrescente";"Nublado";"Simples";"Curva";"Rural";1;0;0;0;1;0;0;1
83443494;"29/02/16";"Segunda";"18:00:00";"PR";376;"179";"MARINGA";"Não guardar distância de segurança";"Colisão lateral";"Com Vítimas Feridas";"Plena noite";"Crescente";"Ceu Claro";"Dupla";"Reta";"Urbano";3;0;2;1;0;0;3;2
83443495;"29/02/16";"Segunda";"18:15:00";"PR";376;"178,7";"MARINGA";"Desobediência à sinalização";"Colisão Transversal";"Com Vítimas Feridas";"Pleno dia";"Crescente";"Ceu Claro";"Múltipla";"Cruzamento";"Urbano";2;0;1;0;1;0;1;2
83443496;"29/02/16";"Segunda";"15:50:00";"PR";369;"161,2";"CAMBE";"Não guardar distância de segurança";"Colisão traseira";"Com Vítimas Feridas";"Pleno dia";"Crescente";"Ceu Claro";"Dupla";"Reta";"Urbano";2;0;1;0;1;0;1;2
83443497;"29/02/16";"Segunda";"18:50:00";"PA";163;"996";"SANTAREM";"Falta de atenção";"Colisão Transversal";"Com Vítimas Feridas";"Anoitecer";"Decrescente";"Nublado";"Simples";"Reta";"Urbano";2;0;2;0;0;0;2;2
83443498;"29/02/16";"Segunda";"18:25:00";"SP";116;"218";"GUARULHOS";"Não guardar distância de segurança";"Colisão lateral";"Com Vítimas Feridas";"Anoitecer";"Decrescente";"Nublado";"Múltipla";"Reta";"Urbano";2;0;1;0;1;0;1;2
83443499;"27/02/16";"Sábado";"06:15:00";"SC";282;"258,7";"SAO JOSE DO CERRITO";"Outras";"Capotamento";"Com Vítimas Feridas";"Pleno dia";"Decrescente";"Chuva";"Simples";"Curva";"Rural";1;0;1;0;0;0;1;1
83443501;"29/02/16";"Segunda";"15:30:00";"RS";116;"0,5";"PORTO ALEGRE";"Defeito mecânico em veículo";"Queda de motocicleta / bicicleta / veículo";"Com Vítimas Feridas";"Pleno dia";"Decrescente";"Ceu Claro";"Múltipla";"Reta";"Urbano";1;0;1;0;0;0;1;1
83443502;"29/02/16";"Segunda";"18:30:00";"RS";448;"1";"SAPUCAIA DO SUL";"Falta de atenção";"Colisão traseira";"Sem Vítimas";"Pleno dia";"Decrescente";"Sol";"Dupla";"Reta";"Rural";3;0;0;0;3;0;0;2
83443503;"29/02/16";"Segunda";"18:10:00";"RN";101;"95";"NATAL";"Falta de atenção";"Atropelamento de pessoa";"Com Vítimas Feridas";"Plena noite";"Decrescente";"Ceu Claro";"Dupla";"Reta";"Urbano";2;0;1;1;0;0;2;1
83443504;"29/02/16";"Segunda";"09:40:00";"RS";285;"328";"CARAZINHO";"Não guardar distância de segurança";"Colisão traseira";"Sem Vítimas";"Pleno dia";"Crescente";"Ceu Claro";"Simples";"Reta";"Rural";3;0;0;0;3;0;0;3
83443506;"29/02/16";"Segunda";"09:30:00";"GO";40;"12,5";"LUZIANIA";"Falta de atenção";"Colisão traseira";"Sem Vítimas";"Pleno dia";"Decrescente";"Ceu Claro";"Dupla";"Reta";"Urbano";5;0;0;0;4;1;0;2
83443507;"29/02/16";"Segunda";"20:15:00";"RS";290;"421";"SAO GABRIEL";"Falta de atenção";"Saída de Pista";"Sem Vítimas";"Plena noite";"Decrescente";"Ceu Claro";"Simples";"Reta";"Urbano";2;0;0;0;2;0;0;1
83443508;"29/02/16";"Segunda";"18:50:00";"PE";232;"144";"SAO CAITANO";"Animais na Pista";"Colisão traseira";"Sem Vítimas";"Plena noite";"Crescente";"Ceu Claro";"Dupla";"Reta";"Rural";2;0;0;0;2;0;0;2
83443509;"25/02/16";"Quinta";"16:20:00";"PI";316;"1,8";"TERESINA";"Falta de atenção";"Colisão lateral";"Sem Vítimas";"Pleno dia";"Decrescente";"Ceu Claro";"Simples";"Cruzamento";"Urbano";2;0;0;0;2;0;0;2
83443510;"29/02/16";"Segunda";"18:40:00";"RS";290;"34,5";"SANTO ANTONIO DA PATRULHA";"Não guardar distância de segurança";"Colisão traseira";"Com Vítimas Feridas";"Anoitecer";"Crescente";"Ceu Claro";"Dupla";"Reta";"Rural";7;0;3;0;4;0;3;4
83443511;"29/02/16";"Segunda";"15:00:00";"MG";381;"637";"SANTO ANTONIO DO AMPARO";"Outras";"Colisão com objeto fixo";"Sem Vítimas";"Pleno dia";"Decrescente";"Chuva";"Dupla";"Curva";"Rural";1;0;0;0;1;0;0;1
83443512;"29/02/16";"Segunda";"19:00:00";"ES";101;"294";"CARIACICA";"Falta de atenção";"Colisão lateral";"Com Vítimas Feridas";"Plena noite";"Decrescente";"Ceu Claro";"Simples";"Cruzamento";"Urbano";2;0;0;1;1;0;1;2
83443513;"29/02/16";"Segunda";"14:00:00";"PE";101;"178";"PALMARES";"Outras";"Saída de Pista";"Com Vítimas Feridas";"Pleno dia";"Crescente";"Sol";"Múltipla";"Reta";"Rural";1;0;0;1;0;0;1;1
83443514;"29/02/16";"Segunda";"17:00:00";"SC";470;"37";"GASPAR";"Ultrapassagem indevida";"Colisão lateral";"Com Vítimas Feridas";"Pleno dia";"Crescente";"Ceu Claro";"Simples";"Reta";"Urbano";2;0;1;0;0;1;1;2
83443515;"26/02/16";"Sexta";"11:50:00";"BA";324;"538";"AMELIA RODRIGUES";"Outras";"Capotamento";"Sem Vítimas";"Pleno dia";"Decrescente";"Ceu Claro";"Dupla";"Reta";"Rural";4;0;0;0;4;0;0;2
83443516;"27/02/16";"Sábado";"03:50:00";"PR";376;"474";"PONTA GROSSA";"Falta de atenção";"Tombamento";"Sem Vítimas";"Plena noite";"Crescente";"Chuva";"Dupla";"Reta";"Rural";2;0;0;0;2;0;0;2
83443517;"29/02/16";"Segunda";"14:00:00";"PR";277;"572,2";"CASCAVEL";"Desobediência à sinalização";"Colisão Transversal";"Com Vítimas Feridas";"Pleno dia";"Crescente";"Ceu Claro";"Simples";"Cruzamento";"Rural";2;0;1;0;1;0;1;2
83443518;"29/02/16";"Segunda";"17:20:00";"MG";381;"155,7";"GOVERNADOR VALADARES";"Não guardar distância de segurança";"Colisão traseira";"Com Vítimas Feridas";"Pleno dia";"Decrescente";"Ceu Claro";"Simples";"Reta";"Rural";3;0;1;0;2;0;1;3
83443519;"23/02/16";"Terça";"23:50:00";"PR";277;"308";"GUARAPUAVA";"Velocidade incompatível";"Tombamento";"Sem Vítimas";"Plena noite";"Decrescente";"Nublado";"Simples";"Curva";"Rural";1;0;0;0;1;0;0;1
83443520;"26/02/16";"Sexta";"04:30:00";"BA";110;"403";"SAO SEBASTIAO DO PASSE";"Defeito na via";"Tombamento";"Sem Vítimas";"Plena noite";"Decrescente";"Chuva";"Simples";"Reta";"Rural";1;0;0;0;1;0;0;1
83443521;"29/02/16";"Segunda";"20:00:00";"SC";282;"515,3";"XAXIM";"Desobediência à sinalização";"Colisão Transversal";"Com Vítimas Feridas";"Plena noite";"Decrescente";"Ceu Claro";"Simples";"Cruzamento";"Rural";2;0;1;0;1;0;1;2
83443522;"29/02/16";"Segunda";"19:00:00";"PR";376;"244,8";"APUCARANA";"Falta de atenção";"Colisão Transversal";"Com Vítimas Feridas";"Plena noite";"Decrescente";"Ceu Claro";"Simples";"Reta";"Rural";4;0;2;0;2;0;2;2
83443523;"27/02/16";"Sábado";"20:40:00";"MT";70;"602,2";"POCONE";"Defeito mecânico em veículo";"Saída de Pista";"Sem Vítimas";"Plena noite";"Crescente";"Chuva";"Simples";"Reta";"Rural";1;0;0;0;1;0;0;1
83443524;"29/02/16";"Segunda";"07:20:00";"MG";116;"663,4";"SAO FRANCISCO DO GLORIA";"Defeito mecânico em veículo";"Colisão com objeto fixo";"Com Vítimas Feridas";"Pleno dia";"Crescente";"Nublado";"Simples";"Curva";"Rural";1;0;1;0;0;0;1;1
83443525;"29/02/16";"Segunda";"16:15:00";"RN";110;"49,6";"MOSSORO";"Ingestão de álcool";"Colisão lateral";"Com Vítimas Feridas";"Pleno dia";"Decrescente";"Ceu Claro";"Dupla";"Reta";"Urbano";2;0;2;0;0;0;2;2
83443526;"29/02/16";"Segunda";"18:30:00";"MG";116;"420";"GOVERNADOR VALADARES";"Animais na Pista";"Atropelamento de animal";"Com Vítimas Feridas";"Anoitecer";"Decrescente";"Ignorada";"Simples";"Reta";"Rural";1;0;1;0;0;0;1;1
83443527;"29/02/16";"Segunda";"19:30:00";"SP";116;"489,2";"CAJATI";"Falta de atenção";"Tombamento";"Sem Vítimas";"Plena noite";"Crescente";"Ceu Claro";"Dupla";"Reta";"Urbano";1;0;0;0;1;0;0;1
83443528;"29/02/16";"Segunda";"14:15:00";"PR";277;"637";"CEU AZUL";"Não guardar distância de segurança";"Colisão traseira";"Sem Vítimas";"Pleno dia";"Decrescente";"Ceu Claro";"Simples";"Reta";"Rural";2;0;0;0;2;0;0;2
83443529;"29/02/16";"Segunda";"13:20:00";"SC";470;"60";"BLUMENAU";"Defeito na via";"Colisão traseira";"Com Vítimas Feridas";"Pleno dia";"Crescente";"Sol";"Simples";"Reta";"Urbano";2;0;1;0;1;0;1;2
83443530;"29/02/16";"Segunda";"15:00:00";"TO";153;"140,3";"ARAGUAINA";"Desobediência à sinalização";"Colisão traseira";"Com Vítimas Feridas";"Pleno dia";"Crescente";"Ceu Claro";"Simples";"Cruzamento";"Urbano";7;0;3;0;4;0;3;3
83443531;"27/02/16";"Sábado";"02:30:00";"MG";116;"224,2";"CATUJI";"Dormindo";"Saída de Pista";"Sem Vítimas";"Plena noite";"Crescente";"Ceu Claro";"Simples";"Curva";"Rural";2;0;0;0;2;0;0;1
83443532;"29/02/16";"Segunda";"19:45:00";"PI";343;"15";"PARNAIBA";"Ingestão de álcool";"Colisão lateral";"Com Vítimas Feridas";"Plena noite";"Decrescente";"Ceu Claro";"Dupla";"Reta";"Urbano";2;0;1;0;1;0;1;2
83443533;"29/02/16";"Segunda";"16:30:00";"BA";330;"748";"JITAUNA";"Falta de atenção";"Colisão lateral";"Sem Vítimas";"Pleno dia";"Crescente";"Sol";"Simples";"Reta";"Rural";3;0;0;0;3;0;0;3
83443534;"29/02/16";"Segunda";"18:25:00";"RN";110;"67,5";"MOSSORO";"Animais na Pista";"Saída de Pista";"Com Vítimas Feridas";"Plena noite";"Decrescente";"Ignorada";"Simples";"Reta";"Rural";2;0;1;1;0;0;2;1
83443536;"29/02/16";"Segunda";"09:20:00";"PA";316;"4,5";"ANANINDEUA";"Falta de atenção";"Colisão traseira";"Com Vítimas Feridas";"Pleno dia";"Decrescente";"Ceu Claro";"Dupla";"Reta";"Urbano";3;0;1;0;2;0;1;2
83443537;"29/02/16";"Segunda";"17:45:00";"RO";364;"514";"ARIQUEMES";"Falta de atenção";"Colisão Transversal";"Com Vítimas Feridas";"Pleno dia";"Decrescente";"Ceu Claro";"Simples";"Reta";"Urbano";3;0;2;1;0;0;3;2
83443538;"29/02/16";"Segunda";"18:00:00";"RS";471;"144,4";"SANTA CRUZ DO SUL";"Falta de atenção";"Colisão lateral";"Com Vítimas Feridas";"Anoitecer";"Crescente";"Sol";"Simples";"Curva";"Urbano";2;0;1;0;1;0;1;2
83443539;"27/02/16";"Sábado";"00:20:00";"SP";116;"152";"SAO JOSE DOS CAMPOS";"Outras";"Colisão traseira";"Sem Vítimas";"Plena noite";"Crescente";"Nublado";"Dupla";"Reta";"Urbano";3;0;0;0;3;0;0;2
83443540;"29/02/16";"Segunda";"20:45:00";"MG";116;"523,9";"CARATINGA";"Outras";"Queda de motocicleta / bicicleta / veículo";"Com Vítimas Feridas";"Plena noite";"Decrescente";"Ceu Claro";"Simples";"Reta";"Urbano";1;0;1;0;0;0;1;1
83443541;"27/02/16";"Sábado";"18:00:00";"SC";101;"328,4";"CAPIVARI DE BAIXO";"Falta de atenção";"Colisão com objeto fixo";"Com Vítimas Feridas";"Anoitecer";"Crescente";"Chuva";"Dupla";"Reta";"Urbano";1;0;1;0;0;0;1;1
83443542;"29/02/16";"Segunda";"21:00:00";"PR";116;"60";"CAMPINA GRANDE DO SUL";"Outras";"Saída de Pista";"Sem Vítimas";"Plena noite";"Decrescente";"Nublado";"Dupla";"Reta";"Urbano";1;0;0;0;1;0;0;1
83443543;"29/02/16";"Segunda";"07:00:00";"MS";262;"8";"TRES LAGOAS";"Não guardar distância de segurança";"Colisão traseira";"Sem Vítimas";"Pleno dia";"Crescente";"Chuva";"Simples";"Curva";"Rural";3;0;0;0;3;0;0;3
83443544;"29/02/16";"Segunda";"21:45:00";"SC";153;"111,5";"CONCORDIA";"Falta de atenção";"Colisão Transversal";"Sem Vítimas";"Plena noite";"Crescente";"Ceu Claro";"Simples";"Cruzamento";"Rural";2;0;0;0;2;0;0;2
83443545;"29/02/16";"Segunda";"18:00:00";"AL";423;"8";"OURO BRANCO";"Desobediência à sinalização";"Colisão Transversal";"Sem Vítimas";"Plena noite";"Crescente";"Ceu Claro";"Simples";"Reta";"Rural";2;0;0;0;2;0;0;2
83443546;"29/02/16";"Segunda";"13:30:00";"PA";163;"877";"RUROPOLIS";"Velocidade incompatível";"Tombamento";"Com Vítimas Feridas";"Pleno dia";"Crescente";"Nublado";"Simples";"Curva";"Rural";2;0;1;1;0;0;2;1
83443547;"29/02/16";"Segunda";"21:45:00";"SC";101;"335,3";"TUBARAO";"Falta de atenção";"Colisão lateral";"Com Vítimas Feridas";"Plena noite";"Decrescente";"Ceu Claro";"Dupla";"Reta";"Urbano";2;0;1;0;1;0;1;2
83443548;"29/02/16";"Segunda";"16:50:00";"PR";277;"618";"CEU AZUL";"Velocidade incompatível";"Colisão Transversal";"Com Vítimas Feridas";"Pleno dia";"Decrescente";"Ceu Claro";"Simples";"Reta";"Rural";3;0;1;1;1;0;2;2
83443549;"29/02/16";"Segunda";"22:00:00";"RJ";101;"75";"CAMPOS DOS GOYTACAZES";"Velocidade incompatível";"Saída de Pista";"Sem Vítimas";"Plena noite";"Decrescente";"Nublado";"Simples";"Curva";"Urbano";1;0;0;0;1;0;0;1
83443550;"29/02/16";"Segunda";"06:00:00";"MG";116;"665,1";"SAO FRANCISCO DO GLORIA";"Outras";"Saída de Pista";"Sem Vítimas";"Plena noite";"Decrescente";"Chuva";"Simples";"Reta";"Rural";1;0;0;0;1;0;0;1
83443551;"29/02/16";"Segunda";"21:30:00";"MG";381;"647";"SANTO ANTONIO DO AMPARO";"Falta de atenção";"Capotamento";"Com Vítimas Feridas";"Plena noite";"Crescente";"Chuva";"Dupla";"Curva";"Rural";2;0;1;0;1;0;1;1
83443552;"29/02/16";"Segunda";"19:05:00";"GO";60;"164,5";"GOIANIA";"Não guardar distância de segurança";"Colisão traseira";"Com Vítimas Feridas";"Plena noite";"Crescente";"Nublado";"Múltipla";"Reta";"Urbano";3;0;2;0;1;0;2;3
83443553;"29/02/16";"Segunda";"15:20:00";"RO";364;"84";"VILHENA";"Defeito na via";"Saída de Pista";"Com Vítimas Feridas";"Pleno dia";"Decrescente";"Chuva";"Simples";"Reta";"Rural";2;0;2;0;0;0;2;1
83443554;"26/02/16";"Sexta";"04:10:00";"GO";50;"106,1";"CRISTALINA";"Dormindo";"Saída de Pista";"Com Vítimas Feridas";"Plena noite";"Decrescente";"Nublado";"Dupla";"Curva";"Rural";1;0;1;0;0;0;1;1
83443555;"26/02/16";"Sexta";"02:10:00";"MG";381;"681,5";"PERDOES";"Dormindo";"Saída de Pista";"Sem Vítimas";"Plena noite";"Crescente";"Nublado";"Dupla";"Curva";"Rural";1;0;0;0;1;0;0;1
83443556;"29/02/16";"Segunda";"15:45:00";"PB";230;"11,6";"CABEDELO";"Falta de atenção";"Queda de motocicleta / bicicleta / veículo";"Com Vítimas Feridas";"Pleno dia";"Decrescente";"Sol";"Dupla";"Reta";"Urbano";1;0;0;1;0;0;1;1
83443557;"29/02/16";"Segunda";"21:40:00";"PR";373;"172,9";"PONTA GROSSA";"Falta de atenção";"Colisão com objeto fixo";"Sem Vítimas";"Plena noite";"Decrescente";"Ceu Claro";"Múltipla";"Reta";"Urbano";1;0;0;0;1;0;0;1
83443558;"29/02/16";"Segunda";"23:10:00";"MT";70;"0";"BARRA DO GARCAS";"Falta de atenção";"Colisão lateral";"Com Vítimas Feridas";"Plena noite";"Crescente";"Ceu Claro";"Simples";"Reta";"Urbano";3;0;2;0;1;0;2;2
83443559;"29/02/16";"Segunda";"21:45:00";"MG";40;"811,4";"MATIAS BARBOSA";"Outras";"Colisão traseira";"Com Vítimas Feridas";"Plena noite";"Crescente";"Chuva";"Dupla";"Reta";"Urbano";2;0;0;1;1;0;1;2
83443560;"29/02/16";"Segunda";"19:30:00";"MA";135;"115";"MIRANDA DO NORTE";"Falta de atenção";"Colisão Transversal";"Com Vítimas Fatais";"Plena noite";"Crescente";"Ignorada";"Simples";"Reta";"Urbano";3;1;0;1;1;0;1;2
83443561;"29/02/16";"Segunda";"23:14:00";"PE";232;"411";"SERRA TALHADA";"Falta de atenção";"Colisão Transversal";"Com Vítimas Feridas";"Plena noite";"Decrescente";"Ceu Claro";"Simples";"Reta";"Urbano";2;0;0;1;0;1;1;2
83443562;"29/02/16";"Segunda";"18:00:00";"MG";365;"5,4";"MONTES CLAROS";"Velocidade incompatível";"Capotamento";"Com Vítimas Feridas";"Anoitecer";"Crescente";"Ceu Claro";"Simples";"Curva";"Rural";4;0;0;4;0;0;4;1
83443563;"29/02/16";"Segunda";"22:50:00";"MS";163;"610";"SAO GABRIEL DO OESTE";"Animais na Pista";"Atropelamento de animal";"Sem Vítimas";"Plena noite";"Crescente";"Nublado";"Simples";"Reta";"Rural";1;0;0;0;1;0;0;1
83443564;"29/02/16";"Segunda";"22:30:00";"PR";277;"596";"CASCAVEL";"Desobediência à sinalização";"Colisão Transversal";"Sem Vítimas";"Plena noite";"Decrescente";"Nublado";"Simples";"Reta";"Urbano";2;0;0;0;2;0;0;2
83443565;"29/02/16";"Segunda";"22:30:00";"RS";116;"302";"GUAIBA";"Velocidade incompatível";"Saída de Pista";"Com Vítimas Feridas";"Plena noite";"Decrescente";"Ceu Claro";"Simples";"Reta";"Urbano";1;0;1;0;0;0;1;1
83443566;"01/03/16";"Terça";"00:10:00";"BA";324;"0";"FEIRA DE SANTANA";"Defeito mecânico em veículo";"Colisão com objeto fixo";"Sem Vítimas";"Plena noite";"Decrescente";"Ceu Claro";"Dupla";"Reta";"Urbano";1;0;0;0;1;0;0;1
83443567;"09/02/16";"Terça";"23:30:00";"RO";364;"540";"ALTO PARAISO";"Animais na Pista";"Atropelamento de animal";"Com Vítimas Feridas";"Plena noite";"Decrescente";"Ceu Claro";"Simples";"Curva";"Rural";2;0;0;2;0;0;2;1
83443568;"29/02/16";"Segunda";"22:20:00";"MG";381;"888";"CAMBUI";"Dormindo";"Colisão traseira";"Sem Vítimas";"Pleno dia";"Decrescente";"Ceu Claro";"Dupla";"Reta";"Rural";2;0;0;0;2;0;0;2
83443569;"29/02/16";"Segunda";"16:45:00";"MG";381;"574,6";"ITAGUARA";"Falta de atenção";"Colisão com objeto fixo";"Sem Vítimas";"Pleno dia";"Crescente";"Nublado";"Dupla";"Reta";"Rural";1;0;0;0;1;0;0;1
83443570;"29/02/16";"Segunda";"13:50:00";"RS";290;"287,1";"CACHOEIRA DO SUL";"Falta de atenção";"Colisão lateral";"Com Vítimas Feridas";"Pleno dia";"Crescente";"Sol";"Simples";"Curva";"Rural";6;0;4;1;1;0;5;2
83443571;"29/02/16";"Segunda";"21:10:00";"MG";365;"797";"GURINHATA";"Velocidade incompatível";"Colisão com objeto fixo";"Sem Vítimas";"Plena noite";"Crescente";"Chuva";"Simples";"Reta";"Rural";1;0;0;0;1;0;0;1
83443572;"28/02/16";"Domingo";"04:30:00";"RO";364;"339";"JI-PARANA";"Ingestão de álcool";"Colisão Transversal";"Com Vítimas Feridas";"Plena noite";"Crescente";"Ignorada";"Dupla";"Reta";"Urbano";3;0;3;0;0;0;3;2
83443573;"01/03/16";"Terça";"01:00:00";"GO";60;"80";"ANAPOLIS";"Ingestão de álcool";"Saída de Pista";"Sem Vítimas";"Plena noite";"Decrescente";"Ceu Claro";"Dupla";"Reta";"Urbano";1;0;0;0;1;0;0;1
83443574;"01/03/16";"Terça";"00:00:00";"PR";277;"697";"SAO MIGUEL DO IGUACU";"Falta de atenção";"Colisão Transversal";"Sem Vítimas";"Plena noite";"Decrescente";"Ceu Claro";"Dupla";"Reta";"Rural";2;0;0;0;2;0;0;2
83443575;"29/02/16";"Segunda";"08:30:00";"SP";116;"365";"MIRACATU";"Defeito na via";"Queda de motocicleta / bicicleta / veículo";"Com Vítimas Feridas";"Plena noite";"Crescente";"Chuva";"Dupla";"Reta";"Rural";3;0;2;0;1;0;2;1
83443576;"29/02/16";"Segunda";"07:50:00";"SE";235;"4";"NOSSA SENHORA DO SOCORRO";"Falta de atenção";"Colisão lateral";"Com Vítimas Feridas";"Pleno dia";"Decrescente";"Nublado";"Dupla";"Reta";"Rural";3;0;1;0;2;0;1;2
83443577;"29/02/16";"Segunda";"17:50:00";"GO";153;"501";"GOIANIA";"Outras";"Colisão lateral";"Com Vítimas Feridas";"Anoitecer";"Decrescente";"Chuva";"Dupla";"Reta";"Urbano";2;0;1;0;0;1;1;2
83443578;"29/02/16";"Segunda";"23:30:00";"GO";153;"266,2";"NOVA GLORIA";"Defeito na via";"Colisão com objeto fixo";"Com Vítimas Feridas";"Plena noite";"Decrescente";"Ceu Claro";"Simples";"Reta";"Urbano";5;0;4;1;0;0;5;1
83443580;"29/02/16";"Segunda";"20:00:00";"SP";488;"1,4";"APARECIDA";"Ingestão de álcool";"Atropelamento de pessoa";"Com Vítimas Feridas";"Plena noite";"Crescente";"Chuva";"Simples";"Curva";"Urbano";2;0;1;0;1;0;1;1
83443581;"29/02/16";"Segunda";"13:00:00";"AL";101;"72";"MESSIAS";"Falta de atenção";"Colisão Transversal";"Sem Vítimas";"Pleno dia";"Crescente";"Ceu Claro";"Simples";"Cruzamento";"Rural";2;0;0;0;2;0;0;2
83443582;"29/02/16";"Segunda";"23:25:00";"PR";369;"174";"ROLANDIA";"Desobediência à sinalização";"Colisão Transversal";"Com Vítimas Feridas";"Plena noite";"Crescente";"Nublado";"Simples";"Reta";"Urbano";2;0;0;1;1;0;1;2
83443583;"29/02/16";"Segunda";"14:50:00";"GO";60;"50,2";"ABADIANIA";"Outras";"Capotamento";"Com Vítimas Feridas";"Pleno dia";"Decrescente";"Chuva";"Dupla";"Curva";"Rural";1;0;1;0;0;0;1;1
83443584;"29/02/16";"Segunda";"05:40:00";"CE";116;"1,4";"FORTALEZA";"Falta de atenção";"Colisão traseira";"Com Vítimas Feridas";"Pleno dia";"Decrescente";"Ceu Claro";"Múltipla";"Reta";"Urbano";3;0;2;0;1;0;2;3
83443585;"29/02/16";"Segunda";"22:00:00";"PR";163;"155";"SANTA LUCIA";"Defeito mecânico em veículo";"Incêndio";"Sem Vítimas";"Plena noite";"Decrescente";"Ceu Claro";"Simples";"Curva";"Rural";1;0;0;0;1;0;0;1
83443587;"29/02/16";"Segunda";"23:15:00";"SP";381;"66";"MAIRIPORA";"Defeito mecânico em veículo";"Incêndio";"Sem Vítimas";"Plena noite";"Crescente";"Chuva";"Dupla";"Reta";"Urbano";1;0;0;0;1;0;0;1
83443588;"29/02/16";"Segunda";"21:30:00";"SP";116;"464";"PARIQUERA-ACU";"Outras";"Atropelamento de pessoa";"Com Vítimas Fatais";"Plena noite";"Crescente";"Ceu Claro";"Dupla";"Reta";"Rural";3;1;0;0;2;0;0;1
83443589;"29/02/16";"Segunda";"17:50:00";"MG";381;"669";"PERDOES";"Falta de atenção";"Queda de motocicleta / bicicleta / veículo";"Com Vítimas Feridas";"Anoitecer";"Decrescente";"Ignorada";"Dupla";"Reta";"Rural";2;0;2;0;0;0;2;1
83443590;"29/02/16";"Segunda";"18:00:00";"MT";163;"787";"VERA";"Outras";"Tombamento";"Com Vítimas Feridas";"Anoitecer";"Decrescente";"Ceu Claro";"Simples";"Cruzamento";"Rural";1;0;1;0;0;0;1;1
83443591;"29/02/16";"Segunda";"17:00:00";"MG";381;"742,5";"TRES CORACOES";"Velocidade incompatível";"Colisão com objeto fixo";"Com Vítimas Feridas";"Pleno dia";"Crescente";"Chuva";"Dupla";"Reta";"Rural";1;0;1;0;0;0;1;1