"id";"data_inversa";"dia_semana";"horario";"uf";"br";"km";"municipio";"causa_acidente";"tipo_acidente";"classificacao_acidente";"fase_dia";"sentido_via";"condicao_metereologica";"tipo_pista";"tracado_via";"uso_solo";"pessoas";"mortos";"feridos_leves";"feridos_graves";"ilesos";"ignorados";"feridos";"veiculos"
83443712;"01/03/16";"Terça";"12:10:00";"MG";40;"583,8";"ITABIRITO";"Outras";"Saída de Pista";"Sem Vítimas";"Pleno dia";"Decrescente";"Sol";"Simples";"Curva";"Rural";1;0;0;0;1;0;0;1
83443713;"01/03/16";"Terça";"09:30:00";"RJ";101;"440,5";"MANGARATIBA";"Velocidade incompatível";"Saída de Pista";"Com Vítimas Feridas";"Pleno dia";"Decrescente";"Chuva";"Simples";"Curva";"Rural";1;0;1;0;0;0;1;1
83443714;"26/01/16";"Terça";"07:15:00";"PR";153;"30,5";"SANTO ANTONIO DA PLATINA";"Outras";"Colisão lateral";"Sem Vítimas";"Pleno dia";"Decrescente";"Sol";"Simples";"Reta";"Rural";2;0;0;0;2;0;0;2
83443715;"01/03/16";"Terça";"12:15:00";"RS";386;"437";"NOVA SANTA RITA";"Desobediência à sinalização";"Colisão Transversal";"Com Vítimas Feridas";"Pleno dia";"Crescente";"Ceu Claro";"Dupla";"Cruzamento";"Urbano";2;0;0;1;1;0;1;2
83443716;"01/03/16";"Terça";"07:15:00";"PA";316;"47";"SANTA ISABEL DO PARA";"Animais na Pista";"Atropelamento de animal";"Com Vítimas Feridas";"Amanhecer";"Crescente";"Sol";"Dupla";"Reta";"Rural";1;0;0;1;0;0;1;1
83443717;"11/02/16";"Quinta";"03:00:00";"ES";259;"94";"BAIXO GUANDU";"Outras";"Saída de Pista";"Sem Vítimas";"Plena noite";"Decrescente";"Nublado";"Simples";"Reta";"Rural";1;0;0;0;1;0;0;1
83443721;"14/02/16";"Domingo";"17:45:00";"MS";163;"301";"RIO BRILHANTE";"Dormindo";"Capotamento";"Com Vítimas Feridas";"Pleno dia";"Decrescente";"Ceu Claro";"Simples";"Reta";"Rural";4;0;3;0;1;0;3;1
83443722;"29/02/16";"Segunda";"05:00:00";"PB";104;"119,5";"CAMPINA GRANDE";"Outras";"Atropelamento de pessoa";"Com Vítimas Fatais";"Amanhecer";"Crescente";"Vento";"Simples";"Reta";"Rural";2;1;0;0;0;1;0;1
83443723;"01/03/16";"Terça";"09:00:00";"MG";40;"698,8";"BARBACENA";"Outras";"Queda de motocicleta / bicicleta / veículo";"Com Vítimas Feridas";"Pleno dia";"Crescente";"Nublado";"Simples";"Reta";"Rural";2;0;0;1;1;0;1;1
83443724;"01/03/16";"Terça";"10:26:00";"SC";282;"5,1";"SAO JOSE";"Falta de atenção";"Colisão lateral";"Com Vítimas Feridas";"Pleno dia";"Decrescente";"Ceu Claro";"Dupla";"Reta";"Urbano";3;0;1;0;2;0;1;3
83443725;"27/02/16";"Sábado";"07:30:00";"PA";316;"64";"CASTANHAL";"Falta de atenção";"Colisão Transversal";"Sem Vítimas";"Plena noite";"Crescente";"Chuva";"Dupla";"Reta";"Urbano";2;0;0;0;2;0;0;2
83443727;"01/03/16";"Terça";"13:15:00";"RS";285;"466";"IJUI";"Falta de atenção";"Colisão Transversal";"Sem Vítimas";"Pleno dia";"Crescente";"Sol";"Simples";"Reta";"Rural";2;0;0;0;2;0;0;2
83443730;"22/02/16";"Segunda";"17:00:00";"PR";476;"122";"CURITIBA";"Não guardar distância de segurança";"Colisão traseira";"Com Vítimas Feridas";"Pleno dia";"Decrescente";"Chuva";"Dupla";"Reta";"Urbano";3;0;1;0;2;0;1;2
83443731;"01/03/16";"Terça";"07:40:00";"PB";230;"24,1";"JOAO PESSOA";"Falta de atenção";"Colisão traseira";"Com Vítimas Feridas";"Pleno dia";"Decrescente";"Sol";"Dupla";"Curva";"Urbano";3;0;2;0;1;0;2;2
83443732;"27/02/16";"Sábado";"03:00:00";"MG";262;"491,2";"MOEMA";"Outras";"Colisão com objeto fixo";"Com Vítimas Feridas";"Plena noite";"Decrescente";"Ceu Claro";"Simples";"Reta";"Rural";1;0;0;1;0;0;1;1
83443733;"01/03/16";"Terça";"08:05:00";"RS";116;"211,5";"MORRO REUTER";"Dormindo";"Colisão frontal";"Com Vítimas Feridas";"Pleno dia";"Decrescente";"Ceu Claro";"Simples";"Curva";"Rural";7;0;2;0;5;0;2;5
83443734;"01/03/16";"Terça";"14:50:00";"SC";116;"219,7";"CORREIA PINTO";"Falta de atenção";"Colisão lateral";"Sem Vítimas";"Pleno dia";"Crescente";"Ceu Claro";"Simples";"Reta";"Urbano";2;0;0;0;2;0;0;2
83443735;"19/02/16";"Sexta";"07:15:00";"SC";163;"70";"SAO MIGUEL DOESTE";"Falta de atenção";"Colisão lateral";"Com Vítimas Feridas";"Pleno dia";"Crescente";"Ceu Claro";"Dupla";"Reta";"Urbano";2;0;1;0;1;0;1;2
83443736;"01/03/16";"Terça";"13:45:00";"PR";277;"2";"PARANAGUA";"Velocidade incompatível";"Colisão Transversal";"Com Vítimas Feridas";"Pleno dia";"Crescente";"Ceu Claro";"Simples";"Reta";"Urbano";2;0;0;1;1;0;1;2
83443737;"01/03/16";"Terça";"10:05:00";"GO";153;"209,9";"URUACU";"Defeito na via";"Tombamento";"Com Vítimas Feridas";"Pleno dia";"Decrescente";"Ceu Claro";"Simples";"Reta";"Rural";1;0;1;0;0;0;1;1
83443738;"01/03/16";"Terça";"15:30:00";"MA";10;"258";"IMPERATRIZ";"Falta de atenção";"Colisão Transversal";"Com Vítimas Feridas";"Pleno dia";"Decrescente";"Chuva";"Simples";"Reta";"Urbano";2;0;1;0;1;0;1;2
83443739;"01/03/16";"Terça";"15:10:00";"SP";116;"76,7";"ROSEIRA";"Velocidade incompatível";"Saída de Pista";"Sem Vítimas";"Pleno dia";"Crescente";"Chuva";"Dupla";"Reta";"Urbano";1;0;0;0;1;0;0;1
83443741;"01/03/16";"Terça";"15:20:00";"PR";376;"182,7";"SARANDI";"Falta de atenção";"Colisão lateral";"Sem Vítimas";"Pleno dia";"Decrescente";"Nublado";"Dupla";"Reta";"Urbano";2;0;0;0;2;0;0;2
83443743;"10/02/16";"Quarta";"19:00:00";"SC";282;"198";"LAGES";"Ultrapassagem indevida";"Colisão lateral";"Sem Vítimas";"Pleno dia";"Crescente";"Ceu Claro";"Simples";"Curva";"Rural";2;0;0;0;2;0;0;2
83443745;"01/03/16";"Terça";"15:10:00";"PR";277;"233,9";"FERNANDES PINHEIRO";"Falta de atenção";"Colisão Transversal";"Com Vítimas Feridas";"Pleno dia";"Decrescente";"Sol";"Simples";"Cruzamento";"Rural";2;0;1;0;1;0;1;2
83443746;"29/02/16";"Segunda";"05:50:00";"RS";392;"3,5";"RIO GRANDE";"Animais na Pista";"Atropelamento de animal";"Com Vítimas Feridas";"Amanhecer";"Decrescente";"Ceu Claro";"Simples";"Reta";"Urbano";2;0;1;1;0;0;2;1
83443747;"20/02/16";"Sábado";"03:58:00";"SC";101;"207,4";"SAO JOSE";"Velocidade incompatível";"Colisão traseira";"Com Vítimas Fatais";"Plena noite";"Crescente";"Ceu Claro";"Múltipla";"Reta";"Urbano";2;1;0;0;1;0;0;2
83443748;"01/03/16";"Terça";"13:30:00";"RO";364;"570";"CANDEIAS DO JAMARI";"Falta de atenção";"Colisão traseira";"Com Vítimas Feridas";"Pleno dia";"Decrescente";"Nublado";"Simples";"Reta";"Rural";6;0;2;3;1;0;5;2
83443749;"14/02/16";"Domingo";"12:30:00";"BA";101;"122";"ALAGOINHAS";"Outras";"Tombamento";"Sem Vítimas";"Pleno dia";"Crescente";"Sol";"Simples";"Curva";"Rural";1;0;0;0;1;0;0;1
83443750;"01/03/16";"Terça";"15:20:00";"PE";424;"80";"GARANHUNS";"Velocidade incompatível";"Colisão traseira";"Sem Vítimas";"Pleno dia";"Decrescente";"Sol";"Simples";"Reta";"Rural";2;0;0;0;2;0;0;2
83443751;"26/02/16";"Sexta";"10:55:00";"DF";40;"2,1";"BRASILIA";"Falta de atenção";"Colisão traseira";"Com Vítimas Feridas";"Pleno dia";"Decrescente";"Ceu Claro";"Dupla";"Reta";"Urbano";3;0;0;1;2;0;1;2
83443752;"01/03/16";"Terça";"12:15:00";"BA";101;"263,6";"SANTO ANTONIO DE JESUS";"Outras";"Colisão Transversal";"Com Vítimas Feridas";"Pleno dia";"Decrescente";"Ceu Claro";"Simples";"Reta";"Urbano";2;0;1;0;1;0;1;2
83443753;"27/02/16";"Sábado";"06:30:00";"RJ";116;"130";"MAGE";"Dormindo";"Saída de Pista";"Com Vítimas Feridas";"Amanhecer";"Decrescente";"Nublado";"Dupla";"Reta";"Rural";1;0;1;0;0;0;1;1
83443754;"27/02/16";"Sábado";"02:15:00";"SC";470;"140,1";"RIO DO SUL";"Ingestão de álcool";"Colisão Transversal";"Sem Vítimas";"Plena noite";"Crescente";"Nublado";"Simples";"Cruzamento";"Urbano";2;0;0;0;2;0;0;2
83443755;"01/03/16";"Terça";"16:25:00";"PR";153;"44";"SANTO ANTONIO DA PLATINA";"Defeito mecânico em veículo";"Colisão traseira";"Sem Vítimas";"Pleno dia";"Decrescente";"Ceu Claro";"Simples";"Reta";"Urbano";4;0;0;0;4;0;0;4
83443756;"23/02/16";"Terça";"05:10:00";"ES";101;"265";"SERRA";"Dormindo";"Colisão com objeto fixo";"Sem Vítimas";"Pleno dia";"Crescente";"Ceu Claro";"Dupla";"Reta";"Urbano";1;0;0;0;1;0;0;1
83443757;"01/03/16";"Terça";"15:45:00";"GO";60;"114";"GOIANAPOLIS";"Outras";"Tombamento";"Sem Vítimas";"Pleno dia";"Crescente";"Chuva";"Dupla";"Reta";"Rural";1;0;0;0;1;0;0;1
83443758;"01/03/16";"Terça";"06:50:00";"MT";364;"399";"CUIABA";"Desobediência à sinalização";"Colisão Transversal";"Com Vítimas Feridas";"Amanhecer";"Decrescente";"Ceu Claro";"Simples";"Reta";"Urbano";2;0;1;0;1;0;1;2
83443759;"01/03/16";"Terça";"13:30:00";"MG";50;"68";"UBERLANDIA";"Outras";"Colisão Transversal";"Sem Vítimas";"Pleno dia";"Decrescente";"Ceu Claro";"Simples";"Cruzamento";"Urbano";2;0;0;0;2;0;0;2
83443760;"01/03/16";"Terça";"17:00:00";"GO";153;"544";"PIRACANJUBA";"Velocidade incompatível";"Saída de Pista";"Com Vítimas Feridas";"Pleno dia";"Crescente";"Chuva";"Dupla";"Curva";"Rural";2;0;1;0;1;0;1;1
83443761;"01/03/16";"Terça";"10:30:00";"RO";364;"499";"ARIQUEMES";"Falta de atenção";"Colisão traseira";"Sem Vítimas";"Pleno dia";"Crescente";"Chuva";"Simples";"Reta";"Rural";2;0;0;0;2;0;0;2
83443762;"01/03/16";"Terça";"14:40:00";"MT";364;"178";"PEDRA PRETA";"Falta de atenção";"Colisão lateral";"Com Vítimas Feridas";"Pleno dia";"Crescente";"Ceu Claro";"Simples";"Reta";"Urbano";3;0;1;0;2;0;1;2
83443763;"09/01/16";"Sábado";"15:30:00";"MG";381;"336,5";"NOVA ERA";"Velocidade incompatível";"Tombamento";"Com Vítimas Feridas";"Pleno dia";"Decrescente";"Ceu Claro";"Simples";"Curva";"Rural";1;0;1;0;0;0;1;1
83443764;"27/02/16";"Sábado";"16:30:00";"GO";153;"525";"HIDROLANDIA";"Falta de atenção";"Colisão traseira";"Com Vítimas Feridas";"Pleno dia";"Decrescente";"Chuva";"Dupla";"Reta";"Rural";6;0;1;0;5;0;1;2
83443765;"01/03/16";"Terça";"14:05:00";"ES";262;"3,8";"CARIACICA";"Outras";"Colisão traseira";"Com Vítimas Feridas";"Pleno dia";"Crescente";"Ceu Claro";"Dupla";"Reta";"Urbano";3;0;1;0;2;0;1;3
83443766;"01/03/16";"Terça";"15:00:00";"SC";282;"23,4";"SANTO AMARO DA IMPERATRIZ";"Desobediência à sinalização";"Colisão Transversal";"Sem Vítimas";"Pleno dia";"Decrescente";"Ceu Claro";"Simples";"Cruzamento";"Urbano";2;0;0;0;2;0;0;2
83443767;"01/03/16";"Terça";"17:00:00";"DF";20;"3";"BRASILIA";"Outras";"Colisão lateral";"Sem Vítimas";"Pleno dia";"Crescente";"Ceu Claro";"Dupla";"Reta";"Urbano";2;0;0;0;1;1;0;2
83443768;"01/03/16";"Terça";"17:00:00";"SP";381;"20,7";"BRAGANCA PAULISTA";"Outras";"Colisão com objeto fixo";"Com Vítimas Feridas";"Pleno dia";"Crescente";"Chuva";"Dupla";"Reta";"Rural";1;0;1;0;0;0;1;1
83443769;"01/03/16";"Terça";"14:10:00";"SC";282;"598";"CUNHA PORA";"Falta de atenção";"Colisão lateral";"Sem Vítimas";"Pleno dia";"Decrescente";"Sol";"Simples";"Reta";"Rural";3;0;0;0;3;0;0;3
83443770;"01/03/16";"Terça";"18:00:00";"RS";153;"48,9";"ERECHIM";"Desobediência à sinalização";"Colisão traseira";"Sem Vítimas";"Pleno dia";"Crescente";"Sol";"Múltipla";"Curva";"Urbano";2;0;0;0;2;0;0;2
83443771;"01/03/16";"Terça";"17:15:00";"MG";381;"933,7";"EXTREMA";"Velocidade incompatível";"Capotamento";"Sem Vítimas";"Pleno dia";"Decrescente";"Chuva";"Dupla";"Curva";"Rural";1;0;0;0;1;0;0;1
83443772;"10/02/16";"Quarta";"19:00:00";"SC";282;"198";"LAGES";"Ultrapassagem indevida";"Colisão lateral";"Sem Vítimas";"Anoitecer";"Crescente";"Ceu Claro";"Simples";"Reta";"Rural";2;0;0;0;2;0;0;2
83443773;"01/03/16";"Terça";"18:05:00";"GO";60;"63,5";"ABADIANIA";"Defeito mecânico em veículo";"Saída de Pista";"Com Vítimas Feridas";"Pleno dia";"Decrescente";"Nublado";"Dupla";"Reta";"Rural";4;0;4;0;0;0;4;1
83443774;"01/03/16";"Terça";"12:40:00";"SC";280;"102,9";"SAO BENTO DO SUL";"Não guardar distância de segurança";"Colisão lateral";"Sem Vítimas";"Pleno dia";"Decrescente";"Ceu Claro";"Simples";"Reta";"Rural";3;0;0;0;3;0;0;3
83443775;"01/03/16";"Terça";"09:40:00";"RO";364;"342,6";"JI-PARANA";"Falta de atenção";"Colisão traseira";"Sem Vítimas";"Pleno dia";"Crescente";"Chuva";"Dupla";"Reta";"Urbano";2;0;0;0;2;0;0;2
83443776;"01/03/16";"Terça";"17:40:00";"RS";116;"151,7";"CAXIAS DO SUL";"Falta de atenção";"Colisão traseira";"Sem Vítimas";"Pleno dia";"Crescente";"Ceu Claro";"Dupla";"Curva";"Urbano";2;0;0;0;2;0;0;2
83443777;"01/03/16";"Terça";"10:10:00";"RS";116;"498";"PELOTAS";"Outras";"Incêndio";"Sem Vítimas";"Pleno dia";"Crescente";"Ceu Claro";"Simples";"Reta";"Rural";1;0;0;0;1;0;0;1
83443778;"01/03/16";"Terça";"16:49:00";"SC";101;"215,9";"PALHOCA";"Defeito mecânico em veículo";"Colisão lateral";"Com Vítimas Feridas";"Pleno dia";"Crescente";"Ceu Claro";"Múltipla";"Reta";"Urbano";2;0;1;0;1;0;1;2
83443779;"01/03/16";"Terça";"06:20:00";"BA";324;"613,9";"SALVADOR";"Velocidade incompatível";"Colisão traseira";"Sem Vítimas";"Pleno dia";"Crescente";"Ceu Claro";"Dupla";"Reta";"Urbano";2;0;0;0;2;0;0;2
83443780;"01/03/16";"Terça";"14:02:00";"ES";262;"1,3";"CARIACICA";"Outras";"Colisão lateral";"Sem Vítimas";"Pleno dia";"Crescente";"Sol";"Dupla";"Reta";"Urbano";2;0;0;0;2;0;0;2
83443782;"01/03/16";"Terça";"09:20:00";"RO";364;"748";"PORTO VELHO";"Defeito na via";"Capotamento";"Sem Vítimas";"Pleno dia";"Decrescente";"Chuva";"Simples";"Curva";"Rural";1;0;0;0;1;0;0;1
83443783;"01/03/16";"Terça";"17:00:00";"BA";116;"495,8";"CASTRO ALVES";"Defeito mecânico em veículo";"Colisão com objeto fixo";"Sem Vítimas";"Pleno dia";"Decrescente";"Nublado";"Simples";"Reta";"Rural";1;0;0;0;1;0;0;1
83443784;"01/03/16";"Terça";"16:50:00";"ES";101;"262";"SERRA";"Não guardar distância de segurança";"Colisão traseira";"Sem Vítimas";"Pleno dia";"Decrescente";"Ceu Claro";"Múltipla";"Reta";"Urbano";2;0;0;0;2;0;0;2
83443785;"01/03/16";"Terça";"12:40:00";"BA";110;"102";"ANTAS";"Falta de atenção";"Colisão lateral";"Sem Vítimas";"Pleno dia";"Decrescente";"Ceu Claro";"Simples";"Reta";"Rural";3;0;0;0;3;0;0;2
83443786;"01/03/16";"Terça";"06:45:00";"SP";116;"213";"GUARULHOS";"Velocidade incompatível";"Colisão lateral";"Com Vítimas Feridas";"Pleno dia";"Crescente";"Chuva";"Múltipla";"Reta";"Urbano";2;0;2;0;0;0;2;2
83443787;"01/03/16";"Terça";"15:45:00";"PR";153;"458";"UNIAO DA VITORIA";"Falta de atenção";"Colisão com bicicleta";"Com Vítimas Feridas";"Pleno dia";"Decrescente";"Ceu Claro";"Simples";"Reta";"Rural";2;0;0;1;1;0;1;2
83443788;"01/03/16";"Terça";"14:20:00";"PI";343;"341,8";"TERESINA";"Outras";"Colisão lateral";"Com Vítimas Feridas";"Pleno dia";"Decrescente";"Ceu Claro";"Simples";"Curva";"Urbano";2;0;1;0;1;0;1;2
83443789;"28/02/16";"Domingo";"15:50:00";"MG";135;"628,7";"CURVELO";"Outras";"Colisão frontal";"Com Vítimas Fatais";"Pleno dia";"Crescente";"Chuva";"Simples";"Curva";"Rural";7;2;0;4;1;0;4;2
83443790;"01/03/16";"Terça";"18:00:00";"RS";116;"40";"VACARIA";"Falta de atenção";"Colisão Transversal";"Com Vítimas Feridas";"Pleno dia";"Crescente";"Sol";"Simples";"Reta";"Urbano";2;0;0;1;1;0;1;2
83443791;"01/03/16";"Terça";"16:30:00";"MG";381;"359";"JOAO MONLEVADE";"Desobediência à sinalização";"Colisão frontal";"Com Vítimas Feridas";"Pleno dia";"Crescente";"Nublado";"Simples";"Curva";"Urbano";3;0;2;0;0;1;2;2
83443792;"01/03/16";"Terça";"19:50:00";"PB";104;"156,4";"QUEIMADAS";"Animais na Pista";"Atropelamento de animal";"Sem Vítimas";"Plena noite";"Decrescente";"Nublado";"Simples";"Reta";"Rural";1;0;0;0;1;0;0;1
83443794;"01/03/16";"Terça";"19:51:00";"PB";104;"156,4";"QUEIMADAS";"Animais na Pista";"Atropelamento de animal";"Sem Vítimas";"Plena noite";"Crescente";"Nublado";"Simples";"Reta";"Rural";1;0;0;0;1;0;0;1
83443795;"01/03/16";"Terça";"09:10:00";"PI";316;"309,9";"PICOS";"Falta de atenção";"Colisão Transversal";"Com Vítimas Feridas";"Pleno dia";"Crescente";"Ceu Claro";"Simples";"Reta";"Urbano";2;0;1;0;1;0;1;2
83443796;"01/03/16";"Terça";"18:50:00";"SC";280;"57,8";"GUARAMIRIM";"Falta de atenção";"Colisão Transversal";"Sem Vítimas";"Anoitecer";"Crescente";"Ceu Claro";"Simples";"Reta";"Urbano";2;0;0;0;2;0;0;2
83443797;"01/03/16";"Terça";"18:30:00";"PB";230;"24,2";"JOAO PESSOA";"Não guardar distância de segurança";"Colisão lateral";"Com Vítimas Feridas";"Plena noite";"Crescente";"Nublado";"Dupla";"Reta";"Urbano";2;0;1;0;1;0;1;2
83443798;"01/03/16";"Terça";"17:50:00";"GO";60;"223";"CEZARINA";"Outras";"Capotamento";"Com Vítimas Feridas";"Pleno dia";"Decrescente";"Chuva";"Dupla";"Curva";"Rural";3;0;3;0;0;0;3;1
83443799;"01/03/16";"Terça";"18:00:00";"RO";174;"16";"VILHENA";"Falta de atenção";"Colisão Transversal";"Com Vítimas Feridas";"Anoitecer";"Decrescente";"Nublado";"Simples";"Cruzamento";"Urbano";2;0;1;0;1;0;1;2
83443800;"01/03/16";"Terça";"11:15:00";"PR";376;"631";"SAO JOSE DOS PINHAIS";"Falta de atenção";"Queda de motocicleta / bicicleta / veículo";"Com Vítimas Feridas";"Pleno dia";"Crescente";"Ceu Claro";"Dupla";"Reta";"Urbano";1;0;1;0;0;0;1;1
83443801;"27/02/16";"Sábado";"04:50:00";"PR";116;"23";"CAMPINA GRANDE DO SUL";"Velocidade incompatível";"Tombamento";"Com Vítimas Feridas";"Plena noite";"Decrescente";"Nublado";"Simples";"Curva";"Rural";1;0;1;0;0;0;1;1
83443802;"01/03/16";"Terça";"18:30:00";"PR";153;"335,2";"IRATI";"Falta de atenção";"Colisão Transversal";"Com Vítimas Feridas";"Plena noite";"Decrescente";"Ceu Claro";"Simples";"Reta";"Urbano";2;0;1;0;1;0;1;2
83443803;"01/03/16";"Terça";"17:35:00";"RS";116;"151,9";"CAXIAS DO SUL";"Não guardar distância de segurança";"Colisão traseira";"Sem Vítimas";"Pleno dia";"Decrescente";"Ceu Claro";"Simples";"Curva";"Urbano";3;0;0;0;3;0;0;3
83443804;"01/03/16";"Terça";"19:20:00";"MG";381;"764,9";"CAMPANHA";"Falta de atenção";"Saída de Pista";"Sem Vítimas";"Plena noite";"Decrescente";"Ignorada";"Dupla";"Curva";"Rural";1;0;0;0;1;0;0;1
83443806;"26/02/16";"Sexta";"22:40:00";"MG";262;"535,5";"LUZ";"Velocidade incompatível";"Saída de Pista";"Com Vítimas Feridas";"Plena noite";"Decrescente";"Ceu Claro";"Simples";"Reta";"Rural";1;0;0;1;0;0;1;1
83443807;"10/02/16";"Quarta";"18:00:00";"MG";262;"815";"UBERABA";"Outras";"Incêndio";"Sem Vítimas";"Pleno dia";"Decrescente";"Nublado";"Dupla";"Reta";"Rural";1;0;0;0;1;0;0;1
83443808;"01/03/16";"Terça";"20:56:00";"PR";376;"17,2";"MARINGA";"Ingestão de álcool";"Queda de motocicleta / bicicleta / veículo";"Com Vítimas Feridas";"Plena noite";"Decrescente";"Ceu Claro";"Dupla";"Curva";"Urbano";1;0;1;0;0;0;1;1
83443810;"01/03/16";"Terça";"15:40:00";"CE";222;"5,7";"CAUCAIA";"Falta de atenção";"Colisão traseira";"Com Vítimas Feridas";"Pleno dia";"Crescente";"Sol";"Dupla";"Curva";"Urbano";2;0;1;0;1;0;1;2
83443812;"01/03/16";"Terça";"14:00:00";"RJ";116;"218";"PARACAMBI";"Outras";"Tombamento";"Com Vítimas Feridas";"Pleno dia";"Decrescente";"Chuva";"Simples";"Curva";"Rural";1;0;1;0;0;0;1;1
83443813;"01/03/16";"Terça";"10:20:00";"BA";101;"878";"TEIXEIRA DE FREITAS";"Falta de atenção";"Colisão Transversal";"Com Vítimas Feridas";"Pleno dia";"Crescente";"Ceu Claro";"Simples";"Reta";"Urbano";2;0;1;0;1;0;1;2
83443814;"07/01/16";"Quinta";"14:53:00";"RS";285;"131";"VACARIA";"Velocidade incompatível";"Tombamento";"Com Vítimas Feridas";"Pleno dia";"Decrescente";"Ceu Claro";"Simples";"Curva";"Rural";1;0;1;0;0;0;1;1
83443815;"01/03/16";"Terça";"18:45:00";"ES";101;"147,9";"LINHARES";"Ingestão de álcool";"Colisão traseira";"Sem Vítimas";"Plena noite";"Crescente";"Ceu Claro";"Múltipla";"Reta";"Urbano";2;0;0;0;1;1;0;2
83443816;"01/03/16";"Terça";"20:15:00";"PR";376;"104,5";"PARANAVAI";"Falta de atenção";"Colisão Transversal";"Sem Vítimas";"Plena noite";"Decrescente";"Ceu Claro";"Simples";"Reta";"Rural";2;0;0;0;2;0;0;2
83443817;"01/03/16";"Terça";"17:50:00";"SC";280;"4,7";"SAO FRANCISCO DO SUL";"Desobediência à sinalização";"Colisão Transversal";"Com Vítimas Feridas";"Pleno dia";"Crescente";"Ceu Claro";"Simples";"Cruzamento";"Urbano";2;0;1;0;1;0;1;2
83443818;"01/03/16";"Terça";"19:30:00";"DF";20;"30";"BRASILIA";"Outras";"Atropelamento de pessoa";"Sem Vítimas";"Plena noite";"Crescente";"Nublado";"Dupla";"Curva";"Rural";2;0;0;0;1;1;0;1
83443819;"01/03/16";"Terça";"20:30:00";"RS";386;"239,5";"SOLEDADE";"Animais na Pista";"Atropelamento de animal";"Sem Vítimas";"Plena noite";"Crescente";"Ceu Claro";"Simples";"Reta";"Rural";2;0;0;0;2;0;0;1
83443820;"01/03/16";"Terça";"14:00:00";"BA";116;"580";"BREJOES";"Velocidade incompatível";"Colisão Transversal";"Com Vítimas Feridas";"Pleno dia";"Decrescente";"Ceu Claro";"Simples";"Reta";"Rural";3;0;0;2;1;0;2;2
83443821;"29/02/16";"Segunda";"14:30:00";"MG";262;"592,2";"CAMPOS ALTOS";"Velocidade incompatível";"Saída de Pista";"Sem Vítimas";"Pleno dia";"Decrescente";"Nublado";"Simples";"Curva";"Rural";1;0;0;0;1;0;0;1
83443822;"01/03/16";"Terça";"18:00:00";"RN";304;"48,4";"MOSSORO";"Outras";"Colisão traseira";"Com Vítimas Feridas";"Plena noite";"Crescente";"Ceu Claro";"Dupla";"Reta";"Urbano";2;0;1;0;0;1;1;2
83443823;"01/03/16";"Terça";"18:55:00";"SE";101;"198,7";"CRISTINAPOLIS";"Falta de atenção";"Atropelamento de pessoa";"Com Vítimas Feridas";"Anoitecer";"Decrescente";"Ceu Claro";"Simples";"Reta";"Urbano";2;0;1;1;0;0;2;1
83443824;"01/03/16";"Terça";"18:45:00";"DF";70;"6";"BRASILIA";"Ingestão de álcool";"Colisão lateral";"Sem Vítimas";"Plena noite";"Crescente";"Nublado";"Dupla";"Reta";"Urbano";4;0;0;0;4;0;0;2
83443825;"01/03/16";"Terça";"18:00:00";"RJ";116;"183";"NOVA IGUACU";"Falta de atenção";"Colisão lateral";"Com Vítimas Feridas";"Anoitecer";"Crescente";"Nublado";"Dupla";"Reta";"Urbano";2;0;1;0;0;1;1;2
83443826;"01/03/16";"Terça";"21:45:00";"PR";277;"723";"FOZ DO IGUACU";"Velocidade incompatível";"Colisão traseira";"Sem Vítimas";"Plena noite";"Crescente";"Ceu Claro";"Dupla";"Reta";"Urbano";2;0;0;0;1;1;0;2
83443827;"01/03/16";"Terça";"16:30:00";"MS";262;"465";"ANASTACIO";"Outras";"Saída de Pista";"Sem Vítimas";"Pleno dia";"Crescente";"Nublado";"Simples";"Reta";"Rural";2;0;0;0;2;0;0;1
83443828;"01/03/16";"Terça";"22:35:00";"PR";116;"152,4";"MANDIRITUBA";"Animais na Pista";"Atropelamento de animal";"Com Vítimas Feridas";"Plena noite";"Decrescente";"Ceu Claro";"Simples";"Reta";"Urbano";1;0;1;0;0;0;1;1
83443829;"01/03/16";"Terça";"16:10:00";"SP";116;"347,5";"MIRACATU";"Não guardar distância de segurança";"Colisão lateral";"Sem Vítimas";"Pleno dia";"Crescente";"Ceu Claro";"Dupla";"Curva";"Rural";2;0;0;0;2;0;0;2
83443830;"01/03/16";"Terça";"18:18:00";"SC";470;"142,2";"RIO DO SUL";"Falta de atenção";"Colisão Transversal";"Com Vítimas Feridas";"Pleno dia";"Decrescente";"Ceu Claro";"Múltipla";"Reta";"Urbano";2;0;1;0;1;0;1;2
83443831;"01/03/16";"Terça";"20:00:00";"ES";101;"267";"SERRA";"Outras";"Tombamento";"Com Vítimas Feridas";"Plena noite";"Crescente";"Ceu Claro";"Dupla";"Reta";"Urbano";1;0;0;1;0;0;1;1
83443832;"01/03/16";"Terça";"16:50:00";"PE";232;"39,3";"VITORIA DE SANTO ANTAO";"Velocidade incompatível";"Colisão com objeto fixo";"Ignorado";"Pleno dia";"Crescente";"Ceu Claro";"Dupla";"Curva";"Rural";1;0;0;0;0;1;0;1
83443833;"01/03/16";"Terça";"20:35:00";"PR";467;"111,5";"CASCAVEL";"Falta de atenção";"Atropelamento de pessoa";"Com Vítimas Fatais";"Plena noite";"Crescente";"Ceu Claro";"Dupla";"Reta";"Urbano";2;1;1;0;0;0;1;1