"id";"data_inversa";"dia_semana";"horario";"uf";"br";"km";"municipio";"causa_acidente";"tipo_acidente";"classificacao_acidente";"fase_dia";"sentido_via";"condicao_metereologica";"tipo_pista";"tracado_via";"uso_solo";"pessoas";"mortos";"feridos_leves";"feridos_graves";"ilesos";"ignorados";"feridos";"veiculos"
83443834;"01/03/16";"Terça";"18:30:00";"SC";282;"578";"PINHALZINHO";"Falta de atenção";"Colisão traseira";"Sem Vítimas";"Anoitecer";"Decrescente";"Ceu Claro";"Simples";"Reta";"Rural";2;0;0;0;2;0;0;2
83443836;"01/03/16";"Terça";"08:30:00";"CE";222;"250,8";"SOBRAL";"Outras";"Capotamento";"Com Vítimas Feridas";"Pleno dia";"Crescente";"Ceu Claro";"Simples";"Reta";"Rural";2;0;0;2;0;0;2;1
83443837;"01/03/16";"Terça";"21:30:00";"PR";158;"494,9";"CORONEL VIVIDA";"Velocidade incompatível";"Colisão Transversal";"Com Vítimas Feridas";"Plena noite";"Crescente";"Ceu Claro";"Simples";"Curva";"Rural";4;0;2;0;2;0;2;2
83443839;"01/03/16";"Terça";"17:40:00";"MT";364;"135,3";"PEDRA PRETA";"Falta de atenção";"Colisão traseira";"Sem Vítimas";"Anoitecer";"Crescente";"Ceu Claro";"Simples";"Curva";"Rural";3;0;0;0;3;0;0;3
83443840;"01/03/16";"Terça";"05:30:00";"MG";262;"518";"LUZ";"Dormindo";"Colisão lateral";"Com Vítimas Feridas";"Amanhecer";"Crescente";"Ceu Claro";"Simples";"Reta";"Rural";2;0;1;0;1;0;1;2
83443841;"01/03/16";"Terça";"17:30:00";"MG";381;"627,7";"OLIVEIRA";"Velocidade incompatível";"Capotamento";"Com Vítimas Feridas";"Pleno dia";"Decrescente";"Nublado";"Dupla";"Curva";"Rural";3;0;0;3;0;0;3;1
83443842;"01/03/16";"Terça";"22:40:00";"PR";376;"178,9";"MARINGA";"Ingestão de álcool";"Colisão lateral";"Sem Vítimas";"Plena noite";"Crescente";"Ceu Claro";"Dupla";"Reta";"Urbano";3;0;0;0;3;0;0;2
83443843;"01/03/16";"Terça";"19:55:00";"MS";163;"526";"JARAGUARI";"Falta de atenção";"Colisão Transversal";"Sem Vítimas";"Plena noite";"Crescente";"Ceu Claro";"Simples";"Reta";"Urbano";2;0;0;0;2;0;0;2
83443844;"01/03/16";"Terça";"19:30:00";"RS";116;"265";"CANOAS";"Falta de atenção";"Colisão traseira";"Sem Vítimas";"Anoitecer";"Decrescente";"Ignorada";"Simples";"Reta";"Urbano";4;0;0;0;4;0;0;4
83443845;"01/03/16";"Terça";"14:00:00";"TO";153;"120";"WANDERLANDIA";"Outras";"Saída de Pista";"Sem Vítimas";"Pleno dia";"Crescente";"Sol";"Simples";"Curva";"Rural";1;0;0;0;1;0;0;1
83443846;"01/03/16";"Terça";"20:00:00";"RO";364;"694";"PORTO VELHO";"Outras";"Colisão traseira";"Com Vítimas Feridas";"Plena noite";"Crescente";"Nublado";"Dupla";"Reta";"Rural";3;0;2;0;0;1;2;2
83443847;"01/03/16";"Terça";"19:50:00";"RN";405;"4";"MOSSORO";"Outras";"Saída de Pista";"Com Vítimas Feridas";"Plena noite";"Crescente";"Ceu Claro";"Simples";"Reta";"Urbano";1;0;1;0;0;0;1;1
83443849;"01/03/16";"Terça";"21:30:00";"MT";364;"223";"RONDONOPOLIS";"Outras";"Tombamento";"Sem Vítimas";"Plena noite";"Decrescente";"Chuva";"Simples";"Reta";"Rural";1;0;0;0;1;0;0;1
83443850;"02/03/16";"Quarta";"01:30:00";"SC";101;"178";"BIGUACU";"Dormindo";"Saída de Pista";"Sem Vítimas";"Plena noite";"Crescente";"Nublado";"Dupla";"Reta";"Urbano";1;0;0;0;1;0;0;1
83443851;"01/03/16";"Terça";"23:50:00";"RJ";393;"241,4";"VASSOURAS";"Outras";"Colisão traseira";"Com Vítimas Feridas";"Plena noite";"Decrescente";"Chuva";"Simples";"Reta";"Rural";2;0;1;0;1;0;1;2
83443852;"01/03/16";"Terça";"18:50:00";"AL";101;"138";"SAO MIGUEL DOS CAMPOS";"Falta de atenção";"Colisão Transversal";"Com Vítimas Feridas";"Plena noite";"Crescente";"Ceu Claro";"Simples";"Reta";"Urbano";2;0;1;0;1;0;1;2
83443854;"02/03/16";"Quarta";"01:35:00";"RS";386;"288,3";"POUSO NOVO";"Dormindo";"Saída de Pista";"Com Vítimas Feridas";"Plena noite";"Decrescente";"Ceu Claro";"Simples";"Curva";"Rural";1;0;1;0;0;0;1;1
83443855;"01/03/16";"Terça";"20:10:00";"AP";210;"0";"MACAPA";"Falta de atenção";"Colisão com bicicleta";"Com Vítimas Feridas";"Plena noite";"Crescente";"Ceu Claro";"Dupla";"Reta";"Urbano";2;0;1;0;1;0;1;2
83443856;"26/02/16";"Sexta";"23:20:00";"ES";101;"437,9";"MIMOSO DO SUL";"Dormindo";"Saída de Pista";"Com Vítimas Feridas";"Plena noite";"Crescente";"Ceu Claro";"Simples";"Reta";"Rural";2;0;2;0;0;0;2;1
83443858;"02/03/16";"Quarta";"01:00:00";"PR";376;"389";"IMBAU";"Falta de atenção";"Saída de Pista";"Sem Vítimas";"Plena noite";"Crescente";"Ceu Claro";"Simples";"Reta";"Rural";1;0;0;0;1;0;0;1
83443860;"02/03/16";"Quarta";"01:20:00";"MT";364;"399";"CUIABA";"Outras";"Saída de Pista";"Com Vítimas Feridas";"Plena noite";"Crescente";"Ceu Claro";"Simples";"Reta";"Urbano";1;0;1;0;0;0;1;1
83443861;"01/03/16";"Terça";"14:00:00";"MA";135;"16";"SAO LUIS";"Dormindo";"Colisão traseira";"Com Vítimas Feridas";"Pleno dia";"Decrescente";"Ceu Claro";"Dupla";"Reta";"Urbano";2;0;1;0;1;0;1;2
83443862;"27/02/16";"Sábado";"02:10:00";"PR";476;"128";"CURITIBA";"Não guardar distância de segurança";"Colisão traseira";"Com Vítimas Feridas";"Plena noite";"Crescente";"Nublado";"Múltipla";"Curva";"Urbano";2;0;1;0;0;1;1;2
83443863;"02/03/16";"Quarta";"01:30:00";"MG";116;"816,6";"ALEM PARAIBA";"Dormindo";"Saída de Pista";"Com Vítimas Feridas";"Plena noite";"Crescente";"Ceu Claro";"Dupla";"Curva";"Rural";3;0;2;0;1;0;2;1
83443864;"27/02/16";"Sábado";"04:45:00";"PR";476;"133";"CURITIBA";"Ingestão de álcool";"Colisão traseira";"Sem Vítimas";"Plena noite";"Crescente";"Nublado";"Múltipla";"Reta";"Urbano";3;0;0;0;2;1;0;3
83443865;"01/03/16";"Terça";"17:50:00";"GO";153;"599,1";"MORRINHOS";"Velocidade incompatível";"Saída de Pista";"Sem Vítimas";"Anoitecer";"Decrescente";"Chuva";"Dupla";"Reta";"Rural";1;0;0;0;1;0;0;1
83443866;"02/03/16";"Quarta";"00:55:00";"GO";60;"69,6";"ABADIANIA";"Ingestão de álcool";"Capotamento";"Com Vítimas Feridas";"Plena noite";"Decrescente";"Nublado";"Dupla";"Reta";"Rural";4;0;3;1;0;0;4;1
83443867;"27/02/16";"Sábado";"16:08:00";"MT";163;"960";"NOVA SANTA HELENA";"Outras";"Saída de Pista";"Sem Vítimas";"Pleno dia";"Decrescente";"Chuva";"Simples";"Reta";"Rural";1;0;0;0;1;0;0;1
83443868;"01/03/16";"Terça";"13:10:00";"SC";470;"43,5";"GASPAR";"Defeito mecânico em veículo";"Colisão lateral";"Com Vítimas Feridas";"Pleno dia";"Decrescente";"Ceu Claro";"Simples";"Reta";"Rural";2;0;2;0;0;0;2;2
83443869;"01/03/16";"Terça";"11:30:00";"PE";423;"131,5";"SALOA";"Defeito mecânico em veículo";"Tombamento";"Sem Vítimas";"Pleno dia";"Crescente";"Ceu Claro";"Simples";"Curva";"Rural";1;0;0;0;1;0;0;1
83443870;"01/03/16";"Terça";"20:40:00";"MG";50;"179";"UBERABA";"Falta de atenção";"Queda de motocicleta / bicicleta / veículo";"Com Vítimas Feridas";"Plena noite";"Crescente";"Nublado";"Dupla";"Reta";"Urbano";1;0;1;0;0;0;1;1
83443872;"01/03/16";"Terça";"13:30:00";"PE";423;"190,6";"ITAIBA";"Defeito mecânico em veículo";"Incêndio";"Sem Vítimas";"Pleno dia";"Crescente";"Ceu Claro";"Simples";"Reta";"Rural";1;0;0;0;1;0;0;1
83443873;"01/03/16";"Terça";"22:15:00";"RS";293;"180,2";"BAGE";"Falta de atenção";"Tombamento";"Com Vítimas Feridas";"Plena noite";"Decrescente";"Ceu Claro";"Simples";"Reta";"Rural";1;0;1;0;0;0;1;1
83443874;"27/02/16";"Sábado";"23:00:00";"ES";259;"80,1";"COLATINA";"Dormindo";"Capotamento";"Com Vítimas Feridas";"Plena noite";"Decrescente";"Ceu Claro";"Simples";"Reta";"Rural";1;0;0;1;0;0;1;1
83443875;"01/03/16";"Terça";"16:00:00";"SC";470;"141";"RIO DO SUL";"Falta de atenção";"Colisão traseira";"Sem Vítimas";"Pleno dia";"Decrescente";"Ceu Claro";"Múltipla";"Cruzamento";"Urbano";2;0;0;0;2;0;0;2
83443876;"02/03/16";"Quarta";"05:00:00";"PR";376;"392";"IMBAU";"Falta de atenção";"Colisão traseira";"Com Vítimas Feridas";"Plena noite";"Decrescente";"Ceu Claro";"Simples";"Reta";"Rural";3;0;0;2;1;0;2;2
83443877;"28/02/16";"Domingo";"05:40:00";"RS";116;"244";"SAO LEOPOLDO";"Ingestão de álcool";"Capotamento";"Com Vítimas Feridas";"Pleno dia";"Decrescente";"Ceu Claro";"Múltipla";"Reta";"Urbano";1;0;1;0;0;0;1;1
83443878;"02/03/16";"Quarta";"07:05:00";"RJ";116;"66,9";"TERESOPOLIS";"Falta de atenção";"Colisão traseira";"Com Vítimas Feridas";"Amanhecer";"Decrescente";"Nublado";"Simples";"Curva";"Urbano";2;0;0;1;0;1;1;2
83443879;"01/02/16";"Segunda";"20:00:00";"ES";101;"2,7";"PEDRO CANARIO";"Ultrapassagem indevida";"Colisão lateral";"Com Vítimas Feridas";"Plena noite";"Decrescente";"Ceu Claro";"Simples";"Reta";"Rural";2;0;1;0;1;0;1;2
83443880;"27/02/16";"Sábado";"12:00:00";"GO";20;"2,5";"FORMOSA";"Outras";"Saída de Pista";"Com Vítimas Feridas";"Pleno dia";"Crescente";"Ceu Claro";"Simples";"Reta";"Urbano";1;0;0;1;0;0;1;1
83443881;"27/02/16";"Sábado";"20:00:00";"SC";282;"18,4";"PALHOCA";"Desobediência à sinalização";"Colisão Transversal";"Com Vítimas Feridas";"Plena noite";"Decrescente";"Nublado";"Simples";"Reta";"Urbano";3;0;2;0;1;0;2;2
83443882;"02/03/16";"Quarta";"06:15:00";"PE";101;"64";"RECIFE";"Ultrapassagem indevida";"Colisão traseira";"Com Vítimas Feridas";"Pleno dia";"Crescente";"Sol";"Múltipla";"Curva";"Urbano";3;0;1;0;2;0;1;3
83443883;"26/02/16";"Sexta";"07:30:00";"MG";40;"527";"CONTAGEM";"Não guardar distância de segurança";"Colisão traseira";"Com Vítimas Feridas";"Pleno dia";"Crescente";"Ceu Claro";"Dupla";"Reta";"Urbano";2;0;1;0;1;0;1;2
83443884;"02/03/16";"Quarta";"06:00:00";"MT";163;"49,2";"ITIQUIRA";"Não guardar distância de segurança";"Capotamento";"Com Vítimas Feridas";"Amanhecer";"Decrescente";"Nublado";"Dupla";"Reta";"Rural";5;0;1;0;4;0;1;1
83443885;"27/02/16";"Sábado";"09:10:00";"SC";282;"106,8";"ALFREDO WAGNER";"Defeito na via";"Capotamento";"Com Vítimas Feridas";"Pleno dia";"Crescente";"Ceu Claro";"Simples";"Curva";"Rural";1;0;1;0;0;0;1;1
83443886;"27/02/16";"Sábado";"13:10:00";"SC";282;"512";"XAXIM";"Outras";"Colisão lateral";"Sem Vítimas";"Pleno dia";"Decrescente";"Nublado";"Simples";"Curva";"Rural";2;0;0;0;2;0;0;2
83443887;"02/03/16";"Quarta";"06:40:00";"PB";230;"30";"JOAO PESSOA";"Não guardar distância de segurança";"Colisão traseira";"Com Vítimas Feridas";"Pleno dia";"Crescente";"Ceu Claro";"Dupla";"Reta";"Urbano";3;0;0;1;2;0;1;2
83443888;"02/03/16";"Quarta";"08:15:00";"RS";470;"217";"BENTO GONCALVES";"Desobediência à sinalização";"Colisão Transversal";"Com Vítimas Feridas";"Pleno dia";"Decrescente";"Ceu Claro";"Simples";"Cruzamento";"Urbano";3;0;2;0;1;0;2;2
83443889;"02/03/16";"Quarta";"07:00:00";"ES";101;"297";"VIANA";"Defeito mecânico em veículo";"Incêndio";"Sem Vítimas";"Pleno dia";"Crescente";"Ceu Claro";"Dupla";"Reta";"Urbano";1;0;0;0;1;0;0;1
83443890;"23/02/16";"Terça";"09:00:00";"SP";116;"213,8";"GUARULHOS";"Outras";"Colisão com objeto fixo";"Ignorado";"Amanhecer";"Crescente";"Nublado";"Múltipla";"Reta";"Urbano";1;0;0;0;0;1;0;1
83443891;"27/01/16";"Quarta";"01:35:00";"PR";376;"658";"TIJUCAS DO SUL";"Falta de atenção";"Derramamento de Carga";"Sem Vítimas";"Plena noite";"Crescente";"Nublado";"Dupla";"Reta";"Rural";1;0;0;0;1;0;0;1
83443892;"27/02/16";"Sábado";"21:00:00";"CE";222;"8";"CAUCAIA";"Outras";"Saída de Pista";"Sem Vítimas";"Plena noite";"Crescente";"Ceu Claro";"Dupla";"Reta";"Urbano";1;0;0;0;1;0;0;1
83443893;"02/03/16";"Quarta";"06:00:00";"MT";364;"225";"RONDONOPOLIS";"Ultrapassagem indevida";"Saída de Pista";"Sem Vítimas";"Amanhecer";"Crescente";"Ceu Claro";"Simples";"Reta";"Rural";2;0;0;0;2;0;0;2
83443894;"25/02/16";"Quinta";"19:00:00";"GO";60;"5,3";"SANTO ANTONIO DO DESCOBERTO";"Outras";"Capotamento";"Sem Vítimas";"Anoitecer";"Crescente";"Ceu Claro";"Dupla";"Curva";"Rural";1;0;0;0;1;0;0;1
83443895;"02/03/16";"Quarta";"07:30:00";"BA";101;"489";"ITAJUIPE";"Velocidade incompatível";"Capotamento";"Com Vítimas Feridas";"Pleno dia";"Decrescente";"Chuva";"Simples";"Curva";"Rural";1;0;1;0;0;0;1;1
83443896;"27/02/16";"Sábado";"22:00:00";"RS";116;"260";"CANOAS";"Outras";"Colisão com objeto fixo";"Sem Vítimas";"Plena noite";"Decrescente";"Ceu Claro";"Múltipla";"Reta";"Urbano";2;0;0;0;2;0;0;1
83443898;"27/02/16";"Sábado";"11:40:00";"CE";116;"17,2";"EUSEBIO";"Falta de atenção";"Colisão lateral";"Sem Vítimas";"Pleno dia";"Decrescente";"Sol";"Dupla";"Curva";"Urbano";2;0;0;0;2;0;0;2
83443899;"02/03/16";"Quarta";"06:10:00";"BA";101;"490";"ITAJUIPE";"Velocidade incompatível";"Capotamento";"Com Vítimas Feridas";"Pleno dia";"Crescente";"Chuva";"Simples";"Curva";"Rural";3;0;2;0;1;0;2;1
83443900;"28/02/16";"Domingo";"06:45:00";"RS";158;"250";"TUPANCIRETA";"Ingestão de álcool";"Saída de Pista";"Com Vítimas Feridas";"Amanhecer";"Crescente";"Ceu Claro";"Simples";"Reta";"Urbano";1;0;1;0;0;0;1;1
83443901;"02/03/16";"Quarta";"06:40:00";"BA";415;"49";"ITABUNA";"Velocidade incompatível";"Colisão com objeto fixo";"Sem Vítimas";"Amanhecer";"Decrescente";"Chuva";"Simples";"Reta";"Urbano";1;0;0;0;1;0;0;1
83443902;"27/02/16";"Sábado";"23:25:00";"PR";163;"248";"TOLEDO";"Ingestão de álcool";"Colisão Transversal";"Sem Vítimas";"Plena noite";"Decrescente";"Nublado";"Simples";"Reta";"Rural";4;0;0;0;4;0;0;2
83443903;"31/01/16";"Domingo";"11:10:00";"GO";50;"282,7";"CATALAO";"Falta de atenção";"Saída de Pista";"Sem Vítimas";"Pleno dia";"Decrescente";"Sol";"Simples";"Reta";"Urbano";5;0;0;0;5;0;0;2
83443904;"27/02/16";"Sábado";"21:30:00";"PI";343;"12,9";"PARNAIBA";"Ingestão de álcool";"Colisão traseira";"Sem Vítimas";"Plena noite";"Crescente";"Nublado";"Dupla";"Reta";"Urbano";2;0;0;0;2;0;0;2
83443905;"29/02/16";"Segunda";"11:40:00";"PR";163;"20";"SANTO ANTONIO DO SUDOESTE";"Falta de atenção";"Saída de Pista";"Sem Vítimas";"Pleno dia";"Decrescente";"Ceu Claro";"Simples";"Reta";"Rural";1;0;0;0;1;0;0;1
83443906;"28/02/16";"Domingo";"22:00:00";"SP";116;"202";"ARUJA";"Velocidade incompatível";"Colisão com objeto fixo";"Com Vítimas Feridas";"Plena noite";"Crescente";"Chuva";"Dupla";"Cruzamento";"Urbano";12;0;4;3;5;0;7;6
83443907;"29/02/16";"Segunda";"06:00:00";"SP";381;"18";"BRAGANCA PAULISTA";"Defeito mecânico em veículo";"Incêndio";"Sem Vítimas";"Amanhecer";"Crescente";"Chuva";"Dupla";"Reta";"Rural";1;0;0;0;1;0;0;1
83443908;"02/03/16";"Quarta";"01:20:00";"RJ";116;"194";"QUEIMADOS";"Dormindo";"Colisão traseira";"Sem Vítimas";"Plena noite";"Decrescente";"Nublado";"Dupla";"Reta";"Rural";2;0;0;0;2;0;0;2
83443909;"27/01/16";"Quarta";"15:00:00";"PR";116;"29,3";"CAMPINA GRANDE DO SUL";"Outras";"Saída de Pista";"Sem Vítimas";"Pleno dia";"Decrescente";"Chuva";"Dupla";"Curva";"Rural";1;0;0;0;1;0;0;1
83443910;"02/03/16";"Quarta";"07:50:00";"CE";222;"313,3";"TIANGUA";"Falta de atenção";"Colisão Transversal";"Com Vítimas Feridas";"Pleno dia";"Decrescente";"Nublado";"Simples";"Cruzamento";"Urbano";2;0;0;1;1;0;1;2
83443911;"26/02/16";"Sexta";"15:50:00";"BA";324;"538";"AMELIA RODRIGUES";"Não guardar distância de segurança";"Colisão traseira";"Sem Vítimas";"Pleno dia";"Decrescente";"Ceu Claro";"Dupla";"Reta";"Rural";2;0;0;0;2;0;0;2
83443912;"01/03/16";"Terça";"17:20:00";"SP";116;"147,4";"SAO JOSE DOS CAMPOS";"Não guardar distância de segurança";"Colisão traseira";"Sem Vítimas";"Pleno dia";"Decrescente";"Chuva";"Múltipla";"Reta";"Urbano";4;0;0;0;4;0;0;4
83443913;"29/01/16";"Sexta";"05:50:00";"PR";163;"142";"CAPITAO LEONIDAS MARQUES";"Outras";"Saída de Pista";"Sem Vítimas";"Amanhecer";"Decrescente";"Ceu Claro";"Simples";"Curva";"Rural";2;0;0;0;2;0;0;1
83443914;"02/03/16";"Quarta";"09:00:00";"PR";376;"679";"GUARATUBA";"Velocidade incompatível";"Colisão com objeto fixo";"Sem Vítimas";"Pleno dia";"Crescente";"Chuva";"Dupla";"Curva";"Rural";1;0;0;0;1;0;0;1
83443916;"27/02/16";"Sábado";"16:30:00";"CE";116;"40,5";"HORIZONTE";"Falta de atenção";"Colisão traseira";"Com Vítimas Feridas";"Pleno dia";"Decrescente";"Ceu Claro";"Dupla";"Reta";"Urbano";2;0;1;0;1;0;1;2
83443917;"01/02/16";"Segunda";"09:55:00";"PR";376;"179,6";"MARINGA";"Falta de atenção";"Colisão traseira";"Com Vítimas Feridas";"Pleno dia";"Crescente";"Ceu Claro";"Dupla";"Reta";"Urbano";4;0;0;1;2;1;1;4
83443918;"06/02/16";"Sábado";"10:30:00";"PR";376;"623";"SAO JOSE DOS PINHAIS";"Falta de atenção";"Colisão traseira";"Com Vítimas Feridas";"Plena noite";"Crescente";"Ceu Claro";"Dupla";"Reta";"Rural";4;0;3;0;1;0;3;2
83443919;"01/02/16";"Segunda";"05:30:00";"SE";101;"89";"NOSSA SENHORA DO SOCORRO";"Outras";"Queda de motocicleta / bicicleta / veículo";"Com Vítimas Feridas";"Amanhecer";"Crescente";"Ceu Claro";"Dupla";"Reta";"Urbano";2;0;1;1;0;0;2;1
83443920;"28/02/16";"Domingo";"04:00:00";"PB";101;"80";"SANTA RITA";"Falta de atenção";"Saída de Pista";"Com Vítimas Feridas";"Plena noite";"Crescente";"Nublado";"Dupla";"Curva";"Rural";1;0;1;0;0;0;1;1
83443921;"02/03/16";"Quarta";"07:00:00";"AC";364;"129";"RIO BRANCO";"Dormindo";"Saída de Pista";"Com Vítimas Feridas";"Pleno dia";"Decrescente";"Nublado";"Simples";"Curva";"Rural";1;0;1;0;0;0;1;1
83443922;"02/03/16";"Quarta";"09:00:00";"PR";116;"163";"QUITANDINHA";"Falta de atenção";"Colisão Transversal";"Com Vítimas Feridas";"Pleno dia";"Crescente";"Nublado";"Simples";"Reta";"Rural";2;0;1;0;1;0;1;2
83443923;"26/02/16";"Sexta";"19:00:00";"PI";343;"345,5";"TERESINA";"Outras";"Colisão traseira";"Com Vítimas Feridas";"Plena noite";"Crescente";"Sol";"Simples";"Reta";"Urbano";2;0;1;0;1;0;1;2
83443924;"28/02/16";"Domingo";"18:15:00";"SC";101;"221";"PALHOCA";"Falta de atenção";"Colisão frontal";"Com Vítimas Feridas";"Pleno dia";"Decrescente";"Nublado";"Simples";"Curva";"Urbano";2;0;1;0;1;0;1;2
83443925;"02/03/16";"Quarta";"08:15:00";"PR";376;"360,4";"ORTIGUEIRA";"Falta de atenção";"Saída de Pista";"Sem Vítimas";"Pleno dia";"Crescente";"Ceu Claro";"Simples";"Reta";"Rural";1;0;0;0;1;0;0;1
83443926;"02/03/16";"Quarta";"10:30:00";"PR";376;"664";"GUARATUBA";"Velocidade incompatível";"Saída de Pista";"Com Vítimas Feridas";"Pleno dia";"Decrescente";"Chuva";"Dupla";"Curva";"Rural";1;0;0;1;0;0;1;1
83443927;"12/02/16";"Sexta";"07:00:00";"RJ";40;"84";"PETROPOLIS";"Velocidade incompatível";"Colisão com objeto fixo";"Sem Vítimas";"Pleno dia";"Decrescente";"Chuva";"Simples";"Curva";"Rural";1;0;0;0;1;0;0;1
83443928;"02/03/16";"Quarta";"05:20:00";"MS";267;"29,5";"BATAGUASSU";"Falta de atenção";"Colisão traseira";"Com Vítimas Feridas";"Amanhecer";"Decrescente";"Nublado";"Dupla";"Reta";"Urbano";2;0;1;0;1;0;1;2
83443930;"16/02/16";"Terça";"07:30:00";"RS";468;"84,9";"CAMPO NOVO";"Falta de atenção";"Colisão Transversal";"Com Vítimas Feridas";"Pleno dia";"Crescente";"Nublado";"Simples";"Cruzamento";"Rural";3;0;1;1;1;0;2;2
83443931;"01/03/16";"Terça";"09:00:00";"RS";116;"150";"CAXIAS DO SUL";"Outras";"Colisão Transversal";"Com Vítimas Feridas";"Pleno dia";"Decrescente";"Ceu Claro";"Dupla";"Cruzamento";"Urbano";2;0;1;0;1;0;1;2
83443933;"01/03/16";"Terça";"05:30:00";"AL";424;"98,5";"SATUBA";"Falta de atenção";"Saída de Pista";"Com Vítimas Feridas";"Pleno dia";"Decrescente";"Sol";"Simples";"Reta";"Rural";2;0;2;0;0;0;2;1
83443934;"02/03/16";"Quarta";"07:30:00";"SC";280;"107";"SAO BENTO DO SUL";"Falta de atenção";"Colisão traseira";"Com Vítimas Feridas";"Amanhecer";"Crescente";"Nublado";"Simples";"Curva";"Rural";3;0;1;0;2;0;1;2
83443935;"02/03/16";"Quarta";"11:00:00";"PR";376;"660";"TIJUCAS DO SUL";"Velocidade incompatível";"Colisão com objeto fixo";"Sem Vítimas";"Pleno dia";"Decrescente";"Chuva";"Dupla";"Curva";"Rural";1;0;0;0;1;0;0;1
83443936;"03/02/16";"Quarta";"16:00:00";"PR";116;"118";"CURITIBA";"Falta de atenção";"Colisão lateral";"Com Vítimas Feridas";"Pleno dia";"Crescente";"Nublado";"Dupla";"Reta";"Urbano";2;0;1;0;1;0;1;2
83443938;"03/02/16";"Quarta";"22:15:00";"PR";369;"182";"ARAPONGAS";"Falta de atenção";"Colisão Transversal";"Com Vítimas Feridas";"Plena noite";"Decrescente";"Chuva";"Simples";"Reta";"Urbano";3;0;1;0;2;0;1;2
83443939;"20/02/16";"Sábado";"15:45:00";"PB";230;"232,2";"JUAZEIRINHO";"Ultrapassagem indevida";"Saída de Pista";"Com Vítimas Feridas";"Pleno dia";"Crescente";"Sol";"Simples";"Reta";"Rural";3;0;2;0;0;1;2;2
83443940;"02/03/16";"Quarta";"08:14:00";"SP";116;"566,5";"BARRA DO TURVO";"Velocidade incompatível";"Capotamento";"Com Vítimas Feridas";"Pleno dia";"Crescente";"Nublado";"Dupla";"Curva";"Rural";1;0;1;0;0;0;1;1
83443941;"24/02/16";"Quarta";"19:00:00";"SP";116;"221";"GUARULHOS";"Não guardar distância de segurança";"Colisão lateral";"Com Vítimas Feridas";"Pleno dia";"Crescente";"Nublado";"Múltipla";"Reta";"Urbano";2;0;1;0;0;1;1;2
83443943;"05/01/16";"Terça";"00:10:00";"BA";101;"382";"GANDU";"Velocidade incompatível";"Tombamento";"Com Vítimas Fatais";"Plena noite";"Crescente";"Chuva";"Simples";"Curva";"Rural";1;1;0;0;0;0;0;1
83443945;"02/03/16";"Quarta";"08:10:00";"SP";116;"212,1";"GUARULHOS";"Falta de atenção";"Colisão lateral";"Com Vítimas Feridas";"Pleno dia";"Decrescente";"Nublado";"Múltipla";"Reta";"Urbano";2;0;1;0;1;0;1;2
83443946;"02/03/16";"Quarta";"12:15:00";"PR";376;"678";"GUARATUBA";"Velocidade incompatível";"Saída de Pista";"Sem Vítimas";"Pleno dia";"Crescente";"Chuva";"Dupla";"Curva";"Rural";1;0;0;0;1;0;0;1
83443947;"02/03/16";"Quarta";"11:18:00";"SC";101;"86,7";"BARRA VELHA";"Falta de atenção";"Colisão com bicicleta";"Com Vítimas Fatais";"Pleno dia";"Decrescente";"Nublado";"Dupla";"Curva";"Urbano";2;1;0;0;1;0;0;2
83443948;"02/03/16";"Quarta";"06:30:00";"MS";158;"113";"PARANAIBA";"Falta de atenção";"Colisão lateral";"Com Vítimas Feridas";"Amanhecer";"Crescente";"Nublado";"Simples";"Reta";"Rural";2;0;0;1;1;0;1;2
83443949;"02/03/16";"Quarta";"08:10:00";"SP";116;"477,8";"JACUPIRANGA";"Falta de atenção";"Colisão lateral";"Com Vítimas Feridas";"Pleno dia";"Crescente";"Nublado";"Simples";"Reta";"Urbano";2;0;0;1;1;0;1;2
83443950;"20/02/16";"Sábado";"05:10:00";"GO";153;"147,8";"MARA ROSA";"Ingestão de álcool";"Colisão frontal";"Com Vítimas Feridas";"Plena noite";"Decrescente";"Ceu Claro";"Simples";"Reta";"Rural";4;0;3;0;1;0;3;2
83443951;"02/03/16";"Quarta";"09:50:00";"MG";40;"784,5";"JUIZ DE FORA";"Desobediência à sinalização";"Colisão Transversal";"Sem Vítimas";"Pleno dia";"Decrescente";"Nublado";"Dupla";"Cruzamento";"Rural";2;0;0;0;2;0;0;2
83443952;"28/02/16";"Domingo";"04:45:00";"SP";116;"137,3";"SAO JOSE DOS CAMPOS";"Falta de atenção";"Colisão traseira";"Sem Vítimas";"Plena noite";"Decrescente";"Nublado";"Dupla";"Reta";"Urbano";8;0;0;0;8;0;0;3
83443953;"02/03/16";"Quarta";"10:30:00";"RJ";101;"289";"ITABORAI";"Outras";"Colisão com objeto fixo";"Com Vítimas Feridas";"Pleno dia";"Crescente";"Ceu Claro";"Dupla";"Reta";"Urbano";1;0;0;1;0;0;1;1
83443955;"02/03/16";"Quarta";"10:20:00";"SE";235;"28";"AREIA BRANCA";"Falta de atenção";"Saída de Pista";"Sem Vítimas";"Pleno dia";"Crescente";"Chuva";"Simples";"Curva";"Rural";1;0;0;0;1;0;0;1
83443956;"27/02/16";"Sábado";"22:20:00";"SC";282;"505,5";"XANXERE";"Ingestão de álcool";"Colisão frontal";"Sem Vítimas";"Plena noite";"Decrescente";"Nublado";"Dupla";"Reta";"Urbano";2;0;0;0;2;0;0;2
83443957;"27/02/16";"Sábado";"16:30:00";"PR";163;"130,4";"REALEZA";"Não guardar distância de segurança";"Colisão traseira";"Sem Vítimas";"Pleno dia";"Crescente";"Ceu Claro";"Simples";"Reta";"Rural";2;0;0;0;2;0;0;2