"id";"data_inversa";"dia_semana";"horario";"uf";"br";"km";"municipio";"causa_acidente";"tipo_acidente";"classificacao_acidente";"fase_dia";"sentido_via";"condicao_metereologica";"tipo_pista";"tracado_via";"uso_solo";"pessoas";"mortos";"feridos_leves";"feridos_graves";"ilesos";"ignorados";"feridos";"veiculos"
83443958;"01/03/16";"Terça";"02:30:00";"BA";242;"400";"SEABRA";"Velocidade incompatível";"Saída de Pista";"Com Vítimas Feridas";"Plena noite";"Decrescente";"Ceu Claro";"Simples";"Curva";"Rural";1;0;1;0;0;0;1;1
83443959;"02/03/16";"Quarta";"08:40:00";"PR";476;"133";"CURITIBA";"Falta de atenção";"Colisão lateral";"Com Vítimas Feridas";"Pleno dia";"Decrescente";"Nublado";"Múltipla";"Reta";"Urbano";3;0;1;0;2;0;1;3
83443960;"06/02/16";"Sábado";"19:50:00";"PR";376;"3,8";"APUCARANA";"Desobediência à sinalização";"Colisão Transversal";"Com Vítimas Feridas";"Plena noite";"Crescente";"Ceu Claro";"Simples";"Cruzamento";"Urbano";2;0;0;1;0;1;1;2
83443961;"02/03/16";"Quarta";"08:00:00";"BA";101;"568";"ARATACA";"Velocidade incompatível";"Saída de Pista";"Com Vítimas Feridas";"Pleno dia";"Decrescente";"Chuva";"Simples";"Curva";"Rural";1;0;1;0;0;0;1;1
83443963;"06/02/16";"Sábado";"22:00:00";"PR";376;"624,5";"SAO JOSE DOS PINHAIS";"Ingestão de álcool";"Saída de Pista";"Sem Vítimas";"Plena noite";"Decrescente";"Ceu Claro";"Dupla";"Reta";"Rural";1;0;0;0;1;0;0;1
83443964;"28/02/16";"Domingo";"19:45:00";"SC";101;"212";"PALHOCA";"Falta de atenção";"Colisão traseira";"Sem Vítimas";"Plena noite";"Decrescente";"Nublado";"Dupla";"Reta";"Urbano";3;0;0;0;3;0;0;3
83443965;"02/03/16";"Quarta";"07:40:00";"TO";153;"132,1";"ARAGUAINA";"Desobediência à sinalização";"Atropelamento de pessoa";"Com Vítimas Feridas";"Pleno dia";"Decrescente";"Nublado";"Dupla";"Reta";"Urbano";2;0;1;0;1;0;1;1
83443966;"01/03/16";"Terça";"05:45:00";"PR";277;"657,7";"MATELANDIA";"Falta de atenção";"Colisão com objeto fixo";"Sem Vítimas";"Amanhecer";"Decrescente";"Ceu Claro";"Simples";"Curva";"Urbano";1;0;0;0;1;0;0;1
83443967;"02/03/16";"Quarta";"13:10:00";"RJ";116;"138";"DUQUE DE CAXIAS";"Outras";"Colisão com objeto fixo";"Com Vítimas Feridas";"Pleno dia";"Crescente";"Ceu Claro";"Simples";"Reta";"Urbano";1;0;1;0;0;0;1;1
83443968;"08/02/16";"Segunda";"05:45:00";"PR";277;"5";"PARANAGUA";"Ingestão de álcool";"Colisão com objeto fixo";"Sem Vítimas";"Amanhecer";"Crescente";"Ceu Claro";"Dupla";"Reta";"Urbano";1;0;0;0;1;0;0;1
83443969;"02/03/16";"Quarta";"10:45:00";"GO";153;"501,2";"GOIANIA";"Falta de atenção";"Colisão traseira";"Com Vítimas Feridas";"Pleno dia";"Decrescente";"Sol";"Dupla";"Reta";"Urbano";3;0;2;0;1;0;2;2
83443970;"02/03/16";"Quarta";"11:00:00";"MG";365;"624";"UBERLANDIA";"Desobediência à sinalização";"Colisão com objeto móvel";"Com Vítimas Feridas";"Pleno dia";"Crescente";"Ceu Claro";"Simples";"Reta";"Urbano";2;0;2;0;0;0;2;2
83443971;"27/01/16";"Quarta";"07:31:00";"SC";101;"120,8";"ITAJAI";"Outras";"Queda de motocicleta / bicicleta / veículo";"Com Vítimas Feridas";"Pleno dia";"Crescente";"Nublado";"Simples";"Reta";"Urbano";1;0;0;1;0;0;1;1
83443972;"16/01/16";"Sábado";"01:20:00";"ES";101;"442,3";"MIMOSO DO SUL";"Ingestão de álcool";"Colisão frontal";"Sem Vítimas";"Plena noite";"Crescente";"Chuva";"Simples";"Reta";"Rural";2;0;0;0;2;0;0;2
83443974;"27/02/16";"Sábado";"16:30:00";"MA";316;"122";"SANTA LUZIA DO PARUA";"Falta de atenção";"Colisão Transversal";"Sem Vítimas";"Anoitecer";"Decrescente";"Chuva";"Simples";"Reta";"Rural";2;0;0;0;1;1;0;2
83443975;"02/03/16";"Quarta";"07:10:00";"ES";262;"6";"CARIACICA";"Falta de atenção";"Colisão traseira";"Com Vítimas Feridas";"Pleno dia";"Crescente";"Ceu Claro";"Dupla";"Reta";"Urbano";2;0;1;0;1;0;1;2
83443976;"28/02/16";"Domingo";"01:55:00";"MG";40;"464,8";"SETE LAGOAS";"Outras";"Tombamento";"Sem Vítimas";"Plena noite";"Decrescente";"Chuva";"Dupla";"Curva";"Rural";1;0;0;0;1;0;0;1
83443977;"28/02/16";"Domingo";"05:30:00";"BA";324;"480";"TANQUINHO";"Velocidade incompatível";"Saída de Pista";"Com Vítimas Feridas";"Amanhecer";"Crescente";"Ceu Claro";"Simples";"Curva";"Rural";2;0;1;1;0;0;2;1
83443978;"13/02/16";"Sábado";"16:45:00";"PR";376;"216,9";"JANDAIA DO SUL";"Desobediência à sinalização";"Colisão Transversal";"Sem Vítimas";"Pleno dia";"Decrescente";"Ceu Claro";"Simples";"Cruzamento";"Urbano";6;0;0;0;5;1;0;2
83443980;"14/02/16";"Domingo";"16:55:00";"PR";116;"103";"SAO JOSE DOS PINHAIS";"Velocidade incompatível";"Saída de Pista";"Sem Vítimas";"Pleno dia";"Crescente";"Nublado";"Dupla";"Reta";"Urbano";1;0;0;0;1;0;0;1
83443981;"28/02/16";"Domingo";"05:30:00";"SC";470;"180";"POUSO REDONDO";"Ingestão de álcool";"Colisão lateral";"Com Vítimas Feridas";"Amanhecer";"Crescente";"Chuva";"Simples";"Reta";"Rural";2;0;1;0;1;0;1;2
83443982;"27/02/16";"Sábado";"22:20:00";"MG";381;"483";"BETIM";"Outras";"Capotamento";"Com Vítimas Feridas";"Plena noite";"Crescente";"Chuva";"Dupla";"Reta";"Urbano";1;0;1;0;0;0;1;1
83443983;"29/02/16";"Segunda";"17:30:00";"AM";319;"106,4";"CAREIRO";"Outras";"Saída de Pista";"Com Vítimas Feridas";"Pleno dia";"Crescente";"Nublado";"Simples";"Curva";"Rural";3;0;2;1;0;0;3;1
83443984;"02/03/16";"Quarta";"11:20:00";"SC";163;"89,8";"GUARACIABA";"Defeito na via";"Saída de Pista";"Sem Vítimas";"Pleno dia";"Decrescente";"Nublado";"Simples";"Reta";"Rural";1;0;0;0;1;0;0;1
83443985;"02/03/16";"Quarta";"07:30:00";"SC";101;"125";"ITAJAI";"Outras";"Saída de Pista";"Com Vítimas Feridas";"Pleno dia";"Decrescente";"Nublado";"Dupla";"Reta";"Rural";1;0;1;0;0;0;1;1
83443986;"29/02/16";"Segunda";"14:10:00";"BA";116;"448";"ANTONIO CARDOSO";"Falta de atenção";"Colisão Transversal";"Com Vítimas Feridas";"Pleno dia";"Decrescente";"Sol";"Simples";"Reta";"Rural";5;0;0;1;4;0;1;2
83443987;"02/03/16";"Quarta";"10:30:00";"PA";230;"591";"VITORIA DO XINGU";"Velocidade incompatível";"Saída de Pista";"Sem Vítimas";"Pleno dia";"Crescente";"Chuva";"Simples";"Reta";"Rural";2;0;0;0;1;1;0;1
83443988;"02/03/16";"Quarta";"07:40:00";"AL";424;"99,5";"SATUBA";"Defeito na via";"Queda de motocicleta / bicicleta / veículo";"Ignorado";"Pleno dia";"Crescente";"Sol";"Simples";"Reta";"Urbano";2;0;0;0;0;2;0;1
83443990;"23/02/16";"Terça";"20:50:00";"PI";404;"37,5";"PEDRO II";"Ingestão de álcool";"Colisão traseira";"Com Vítimas Feridas";"Plena noite";"Decrescente";"Ceu Claro";"Simples";"Reta";"Rural";2;0;1;0;1;0;1;2
83443992;"28/02/16";"Domingo";"02:50:00";"MG";381;"485,1";"BETIM";"Dormindo";"Capotamento";"Com Vítimas Feridas";"Amanhecer";"Crescente";"Ceu Claro";"Dupla";"Reta";"Urbano";1;0;1;0;0;0;1;1
83443993;"02/03/16";"Quarta";"06:55:00";"MA";10;"275";"IMPERATRIZ";"Defeito mecânico em veículo";"Colisão lateral";"Com Vítimas Feridas";"Amanhecer";"Decrescente";"Ceu Claro";"Simples";"Reta";"Rural";3;0;1;0;2;0;1;3
83443994;"26/02/16";"Sexta";"08:20:00";"SC";101;"192";"BIGUACU";"Falta de atenção";"Colisão lateral";"Com Vítimas Feridas";"Pleno dia";"Crescente";"Sol";"Dupla";"Curva";"Urbano";2;0;1;0;1;0;1;2
83443995;"02/03/16";"Quarta";"10:30:00";"BA";242;"234,5";"ITABERABA";"Velocidade incompatível";"Saída de Pista";"Com Vítimas Feridas";"Pleno dia";"Crescente";"Chuva";"Simples";"Curva";"Rural";4;0;4;0;0;0;4;1
83443996;"02/03/16";"Quarta";"12:00:00";"PR";116;"56,9";"CAMPINA GRANDE DO SUL";"Outras";"Colisão com objeto fixo";"Sem Vítimas";"Pleno dia";"Crescente";"Nublado";"Múltipla";"Reta";"Rural";1;0;0;0;1;0;0;1
83443998;"02/03/16";"Quarta";"07:20:00";"BA";101;"27";"ESPLANADA";"Outras";"Colisão traseira";"Sem Vítimas";"Pleno dia";"Decrescente";"Chuva";"Simples";"Reta";"Rural";2;0;0;0;2;0;0;2
83443999;"02/03/16";"Quarta";"14:10:00";"SP";381;"26,9";"ATIBAIA";"Falta de atenção";"Colisão traseira";"Com Vítimas Feridas";"Pleno dia";"Decrescente";"Chuva";"Dupla";"Reta";"Urbano";8;0;2;0;5;1;2;7
83444001;"01/03/16";"Terça";"20:40:00";"MT";163;"851";"SINOP";"Outras";"Saída de Pista";"Com Vítimas Feridas";"Plena noite";"Decrescente";"Chuva";"Simples";"Reta";"Rural";1;0;1;0;0;0;1;1
83444002;"02/03/16";"Quarta";"07:50:00";"MG";50;"129,3";"UBERABA";"Outras";"Queda de motocicleta / bicicleta / veículo";"Com Vítimas Feridas";"Pleno dia";"Decrescente";"Chuva";"Dupla";"Reta";"Rural";1;0;1;0;0;0;1;1
83444003;"02/03/16";"Quarta";"12:30:00";"RS";472;"172";"SANTO CRISTO";"Velocidade incompatível";"Saída de Pista";"Com Vítimas Feridas";"Pleno dia";"Crescente";"Chuva";"Simples";"Curva";"Rural";1;0;1;0;0;0;1;1
83444004;"02/03/16";"Quarta";"08:00:00";"SP";116;"154";"SAO JOSE DOS CAMPOS";"Falta de atenção";"Colisão lateral";"Com Vítimas Feridas";"Pleno dia";"Decrescente";"Nublado";"Simples";"Reta";"Urbano";2;0;0;1;1;0;1;2
83444005;"29/02/16";"Segunda";"06:00:00";"SC";101;"212,8";"PALHOCA";"Falta de atenção";"Colisão traseira";"Com Vítimas Feridas";"Amanhecer";"Crescente";"Nublado";"Múltipla";"Reta";"Urbano";2;0;0;1;1;0;1;2
83444006;"01/03/16";"Terça";"16:35:00";"SC";282;"596,1";"CUNHA PORA";"Falta de atenção";"Colisão traseira";"Sem Vítimas";"Pleno dia";"Decrescente";"Ceu Claro";"Simples";"Reta";"Rural";3;0;0;0;3;0;0;2
83444007;"28/02/16";"Domingo";"05:30:00";"MG";40;"446";"PARAOPEBA";"Ingestão de álcool";"Saída de Pista";"Com Vítimas Feridas";"Amanhecer";"Crescente";"Chuva";"Dupla";"Reta";"Urbano";2;0;1;1;0;0;2;1
83444008;"01/03/16";"Terça";"15:20:00";"SC";470;"298,5";"CAMPOS NOVOS";"Outras";"Colisão frontal";"Com Vítimas Fatais";"Pleno dia";"Crescente";"Sol";"Simples";"Reta";"Rural";15;4;7;3;1;0;10;2
83444009;"02/03/16";"Quarta";"02:30:00";"RJ";101;"455";"MANGARATIBA";"Desobediência à sinalização";"Colisão lateral";"Com Vítimas Feridas";"Pleno dia";"Crescente";"Nublado";"Múltipla";"Cruzamento";"Urbano";3;0;1;0;2;0;1;2
83444010;"02/03/16";"Quarta";"10:30:00";"GO";80;"98,1";"VILA PROPICIO";"Falta de atenção";"Saída de Pista";"Com Vítimas Feridas";"Pleno dia";"Decrescente";"Ceu Claro";"Simples";"Reta";"Rural";1;0;1;0;0;0;1;1
83444011;"02/03/16";"Quarta";"09:30:00";"RJ";101;"482";"ANGRA DOS REIS";"Outras";"Atropelamento de pessoa";"Com Vítimas Feridas";"Pleno dia";"Crescente";"Nublado";"Simples";"Reta";"Urbano";3;0;0;1;2;0;1;1
83444012;"02/03/16";"Quarta";"09:30:00";"MG";50;"204,2";"DELTA";"Defeito mecânico em veículo";"Saída de Pista";"Sem Vítimas";"Pleno dia";"Crescente";"Chuva";"Dupla";"Reta";"Rural";1;0;0;0;1;0;0;1
83444013;"02/03/16";"Quarta";"13:15:00";"PR";376;"217";"JANDAIA DO SUL";"Desobediência à sinalização";"Colisão Transversal";"Com Vítimas Feridas";"Pleno dia";"Crescente";"Sol";"Simples";"Curva";"Rural";2;0;1;0;1;0;1;2
83444014;"02/03/16";"Quarta";"10:00:00";"ES";262;"18";"VIANA";"Falta de atenção";"Colisão frontal";"Com Vítimas Fatais";"Pleno dia";"Decrescente";"Ceu Claro";"Simples";"Reta";"Urbano";2;1;0;0;1;0;0;2
83444015;"02/03/16";"Quarta";"14:45:00";"RJ";101;"332";"RIO DE JANEIRO";"Falta de atenção";"Colisão traseira";"Com Vítimas Feridas";"Pleno dia";"Crescente";"Sol";"Dupla";"Reta";"Urbano";3;0;1;0;2;0;1;2
83444016;"02/03/16";"Quarta";"13:10:00";"MA";135;"4,3";"SAO LUIS";"Falta de atenção";"Colisão traseira";"Sem Vítimas";"Pleno dia";"Decrescente";"Nublado";"Dupla";"Reta";"Urbano";2;0;0;0;2;0;0;2
83444017;"02/03/16";"Quarta";"14:40:00";"DF";20;"35";"BRASILIA";"Outras";"Queda de motocicleta / bicicleta / veículo";"Com Vítimas Feridas";"Pleno dia";"Decrescente";"Ceu Claro";"Dupla";"Reta";"Rural";1;0;1;0;0;0;1;1
83444018;"02/03/16";"Quarta";"07:40:00";"GO";40;"6,8";"VALPARAISO DE GOIAS";"Falta de atenção";"Atropelamento de pessoa";"Com Vítimas Feridas";"Pleno dia";"Decrescente";"Sol";"Dupla";"Reta";"Urbano";3;0;2;0;0;1;2;1
83444019;"02/03/16";"Quarta";"14:00:00";"ES";101;"229,6";"FUNDAO";"Outras";"Colisão lateral";"Com Vítimas Feridas";"Pleno dia";"Decrescente";"Ceu Claro";"Múltipla";"Reta";"Urbano";3;0;0;1;2;0;1;2
83444020;"02/03/16";"Quarta";"15:00:00";"SC";282;"530,3";"CORDILHEIRA ALTA";"Velocidade incompatível";"Saída de Pista";"Sem Vítimas";"Pleno dia";"Crescente";"Chuva";"Simples";"Curva";"Rural";1;0;0;0;1;0;0;1
83444021;"02/03/16";"Quarta";"09:30:00";"MA";230;"60";"SAO JOAO DOS PATOS";"Animais na Pista";"Atropelamento de animal";"Com Vítimas Fatais";"Pleno dia";"Decrescente";"Ceu Claro";"Simples";"Curva";"Urbano";1;1;0;0;0;0;0;1
83444022;"02/03/16";"Quarta";"15:40:00";"RO";364;"344";"JI-PARANA";"Falta de atenção";"Colisão lateral";"Com Vítimas Feridas";"Pleno dia";"Crescente";"Nublado";"Múltipla";"Cruzamento";"Urbano";3;0;1;0;2;0;1;2
83444023;"02/03/16";"Quarta";"10:15:00";"RS";285;"413";"PANAMBI";"Outras";"Tombamento";"Sem Vítimas";"Pleno dia";"Crescente";"Chuva";"Simples";"Reta";"Rural";1;0;0;0;1;0;0;1
83444024;"27/02/16";"Sábado";"11:25:00";"SC";282;"530";"CORDILHEIRA ALTA";"Não guardar distância de segurança";"Colisão traseira";"Sem Vítimas";"Pleno dia";"Decrescente";"Chuva";"Simples";"Reta";"Rural";2;0;0;0;2;0;0;2
83444025;"28/02/16";"Domingo";"05:30:00";"MG";262;"421";"IGARATINGA";"Dormindo";"Saída de Pista";"Sem Vítimas";"Amanhecer";"Crescente";"Nublado";"Dupla";"Reta";"Rural";2;0;0;0;2;0;0;1
83444026;"29/02/16";"Segunda";"17:20:00";"SP";116;"145";"SAO JOSE DOS CAMPOS";"Falta de atenção";"Colisão lateral";"Com Vítimas Feridas";"Pleno dia";"Decrescente";"Nublado";"Simples";"Reta";"Urbano";2;0;1;0;0;1;1;2
83444027;"02/03/16";"Quarta";"17:00:00";"PR";376;"664";"GUARATUBA";"Não guardar distância de segurança";"Colisão traseira";"Sem Vítimas";"Pleno dia";"Crescente";"Chuva";"Dupla";"Reta";"Rural";2;0;0;0;2;0;0;2
83444028;"26/02/16";"Sexta";"18:05:00";"SC";101;"191,7";"BIGUACU";"Não guardar distância de segurança";"Colisão traseira";"Sem Vítimas";"Pleno dia";"Decrescente";"Sol";"Dupla";"Reta";"Urbano";5;0;0;0;5;0;0;5
83444029;"02/03/16";"Quarta";"14:50:00";"SP";153;"66,5";"SAO JOSE DO RIO PRETO";"Defeito mecânico em veículo";"Queda de motocicleta / bicicleta / veículo";"Com Vítimas Feridas";"Pleno dia";"Crescente";"Sol";"Simples";"Curva";"Urbano";1;0;1;0;0;0;1;1
83444030;"02/03/16";"Quarta";"12:45:00";"SC";101;"115";"ITAJAI";"Outras";"Queda de motocicleta / bicicleta / veículo";"Com Vítimas Feridas";"Pleno dia";"Decrescente";"Sol";"Múltipla";"Reta";"Urbano";1;0;1;0;0;0;1;1
83444032;"02/03/16";"Quarta";"16:50:00";"RS";116;"268";"CANOAS";"Não guardar distância de segurança";"Colisão traseira";"Sem Vítimas";"Pleno dia";"Crescente";"Nublado";"Múltipla";"Reta";"Urbano";2;0;0;0;2;0;0;2
83444033;"02/03/16";"Quarta";"16:20:00";"SC";282;"645";"SAO MIGUEL DOESTE";"Velocidade incompatível";"Colisão traseira";"Sem Vítimas";"Pleno dia";"Crescente";"Nublado";"Simples";"Curva";"Rural";2;0;0;0;2;0;0;2
83444034;"02/03/16";"Quarta";"07:55:00";"PR";277;"583,3";"CASCAVEL";"Não guardar distância de segurança";"Colisão traseira";"Com Vítimas Feridas";"Pleno dia";"Decrescente";"Nublado";"Simples";"Reta";"Urbano";2;0;1;0;1;0;1;2
83444035;"02/03/16";"Quarta";"16:10:00";"GO";70;"474";"ARAGARCAS";"Desobediência à sinalização";"Colisão Transversal";"Com Vítimas Feridas";"Pleno dia";"Crescente";"Sol";"Dupla";"Cruzamento";"Urbano";2;0;1;0;0;1;1;2
83444036;"28/02/16";"Domingo";"17:30:00";"MA";10;"250,5";"IMPERATRIZ";"Falta de atenção";"Colisão Transversal";"Com Vítimas Feridas";"Pleno dia";"Crescente";"Ceu Claro";"Simples";"Reta";"Urbano";2;0;1;0;1;0;1;2
83444037;"28/02/16";"Domingo";"03:30:00";"MG";262;"408";"PARA DE MINAS";"Outras";"Saída de Pista";"Com Vítimas Feridas";"Plena noite";"Decrescente";"Nublado";"Dupla";"Reta";"Rural";2;0;1;1;0;0;2;1
83444038;"02/03/16";"Quarta";"15:40:00";"SP";116;"103";"TAUBATE";"Defeito mecânico em veículo";"Queda de motocicleta / bicicleta / veículo";"Com Vítimas Feridas";"Pleno dia";"Decrescente";"Nublado";"Dupla";"Reta";"Rural";1;0;1;0;0;0;1;1
83444039;"02/03/16";"Quarta";"17:00:00";"SC";282;"0,1";"FLORIANOPOLIS";"Falta de atenção";"Colisão lateral";"Com Vítimas Feridas";"Pleno dia";"Crescente";"Chuva";"Dupla";"Reta";"Urbano";3;0;1;0;2;0;1;3
83444040;"19/02/16";"Sexta";"16:05:00";"PR";369;"64,8";"SANTA MARIANA";"Defeito mecânico em veículo";"Tombamento";"Com Vítimas Feridas";"Pleno dia";"Decrescente";"Ceu Claro";"Simples";"Curva";"Rural";1;0;1;0;0;0;1;1
83444041;"02/03/16";"Quarta";"16:13:00";"SP";116;"226,4";"GUARULHOS";"Falta de atenção";"Colisão lateral";"Com Vítimas Feridas";"Pleno dia";"Decrescente";"Chuva";"Múltipla";"Reta";"Urbano";2;0;1;0;1;0;1;2
83444042;"23/02/16";"Terça";"10:00:00";"PA";316;"0";"BELEM";"Falta de atenção";"Colisão lateral";"Com Vítimas Feridas";"Pleno dia";"Decrescente";"Ceu Claro";"Dupla";"Reta";"Urbano";2;0;1;0;0;1;1;2
83444043;"02/03/16";"Quarta";"15:10:00";"SP";116;"45,9";"CANAS";"Falta de atenção";"Colisão traseira";"Sem Vítimas";"Pleno dia";"Crescente";"Nublado";"Dupla";"Reta";"Rural";2;0;0;0;2;0;0;2
83444044;"02/03/16";"Quarta";"13:30:00";"RS";116;"247";"SAO LEOPOLDO";"Desobediência à sinalização";"Colisão traseira";"Sem Vítimas";"Pleno dia";"Decrescente";"Nublado";"Dupla";"Reta";"Urbano";2;0;0;0;2;0;0;2
83444046;"02/03/16";"Quarta";"15:15:00";"SC";282;"46,3";"AGUAS MORNAS";"Ultrapassagem indevida";"Colisão frontal";"Com Vítimas Feridas";"Pleno dia";"Crescente";"Chuva";"Simples";"Curva";"Rural";4;0;1;0;3;0;1;4
83444047;"02/03/16";"Quarta";"09:40:00";"PA";230;"120,8";"MARABA";"Falta de atenção";"Colisão lateral";"Sem Vítimas";"Pleno dia";"Decrescente";"Ceu Claro";"Dupla";"Reta";"Urbano";3;0;0;0;3;0;0;3
83444048;"02/03/16";"Quarta";"17:00:00";"GO";60;"181,5";"ABADIA DE GOIAS";"Falta de atenção";"Saída de Pista";"Sem Vítimas";"Anoitecer";"Crescente";"Chuva";"Dupla";"Reta";"Rural";1;0;0;0;1;0;0;1
83444049;"02/03/16";"Quarta";"11:41:00";"MS";163;"547";"BANDEIRANTES";"Outras";"Colisão frontal";"Com Vítimas Fatais";"Pleno dia";"Crescente";"Nublado";"Simples";"Curva";"Rural";5;2;1;1;1;0;2;2
83444050;"02/03/16";"Quarta";"14:35:00";"SP";381;"34";"ATIBAIA";"Velocidade incompatível";"Colisão traseira";"Ignorado";"Pleno dia";"Crescente";"Chuva";"Dupla";"Curva";"Rural";3;0;0;0;0;3;0;3
83444051;"24/02/16";"Quarta";"07:00:00";"GO";50;"98";"CRISTALINA";"Falta de atenção";"Colisão lateral";"Sem Vítimas";"Pleno dia";"Crescente";"Ceu Claro";"Simples";"Reta";"Urbano";3;0;0;0;2;1;0;3
83444052;"02/03/16";"Quarta";"17:00:00";"SP";381;"52,1";"ATIBAIA";"Velocidade incompatível";"Saída de Pista";"Sem Vítimas";"Pleno dia";"Crescente";"Chuva";"Dupla";"Curva";"Rural";1;0;0;0;1;0;0;1
83444053;"22/01/16";"Sexta";"22:33:00";"BA";110;"390";"SAO SEBASTIAO DO PASSE";"Desobediência à sinalização";"Colisão Transversal";"Com Vítimas Feridas";"Plena noite";"Crescente";"Ceu Claro";"Simples";"Cruzamento";"Rural";2;0;0;1;0;1;1;2
83444054;"27/02/16";"Sábado";"17:35:00";"ES";101;"286";"CARIACICA";"Outras";"Colisão lateral";"Com Vítimas Feridas";"Anoitecer";"Decrescente";"Nublado";"Dupla";"Reta";"Urbano";2;0;1;0;1;0;1;2
83444055;"02/03/16";"Quarta";"11:30:00";"PR";476;"278";"SAO MATEUS DO SUL";"Falta de atenção";"Colisão Transversal";"Com Vítimas Feridas";"Pleno dia";"Crescente";"Ceu Claro";"Simples";"Reta";"Urbano";2;0;1;0;1;0;1;2
83444056;"02/03/16";"Quarta";"07:30:00";"MG";40;"515,1";"RIBEIRAO DAS NEVES";"Outras";"Colisão traseira";"Com Vítimas Feridas";"Pleno dia";"Crescente";"Sol";"Dupla";"Reta";"Rural";3;0;0;2;1;0;2;2
83444057;"02/03/16";"Quarta";"17:15:00";"RS";470;"224,5";"GARIBALDI";"Falta de atenção";"Colisão Transversal";"Com Vítimas Feridas";"Pleno dia";"Decrescente";"Ceu Claro";"Simples";"Reta";"Urbano";5;0;3;0;2;0;3;2
83444058;"08/02/16";"Segunda";"20:00:00";"MG";381;"278";"JAGUARACU";"Outras";"Queda de motocicleta / bicicleta / veículo";"Com Vítimas Feridas";"Plena noite";"Decrescente";"Ceu Claro";"Simples";"Reta";"Urbano";1;0;0;1;0;0;1;1
83444060;"01/03/16";"Terça";"11:30:00";"SC";101;"306,2";"LAGUNA";"Outras";"Colisão com objeto fixo";"Com Vítimas Feridas";"Pleno dia";"Crescente";"Sol";"Simples";"Curva";"Urbano";1;0;1;0;0;0;1;1
83444061;"02/03/16";"Quarta";"14:00:00";"PR";476;"226";"LAPA";"Falta de atenção";"Colisão traseira";"Com Vítimas Feridas";"Pleno dia";"Crescente";"Nublado";"Simples";"Reta";"Rural";2;0;1;0;1;0;1;2
83444062;"28/02/16";"Domingo";"02:00:00";"MG";50;"14,5";"UBERLANDIA";"Falta de atenção";"Colisão com objeto fixo";"Com Vítimas Feridas";"Plena noite";"Crescente";"Ceu Claro";"Dupla";"Curva";"Urbano";2;0;1;0;1;0;1;1
83444063;"28/02/16";"Domingo";"05:50:00";"MG";262;"473";"BOM DESPACHO";"Velocidade incompatível";"Colisão lateral";"Sem Vítimas";"Amanhecer";"Crescente";"Chuva";"Simples";"Reta";"Rural";2;0;0;0;2;0;0;2
83444064;"02/03/16";"Quarta";"06:40:00";"GO";40;"62,8";"CRISTALINA";"Dormindo";"Colisão lateral";"Sem Vítimas";"Amanhecer";"Decrescente";"Ceu Claro";"Simples";"Curva";"Rural";3;0;0;0;2;1;0;3
83444065;"02/03/16";"Quarta";"13:10:00";"CE";222;"3,4";"FORTALEZA";"Outras";"Colisão com bicicleta";"Com Vítimas Feridas";"Pleno dia";"Decrescente";"Sol";"Múltipla";"Reta";"Urbano";2;0;2;0;0;0;2;2
83444066;"02/03/16";"Quarta";"14:35:00";"MG";262;"440,2";"NOVA SERRANA";"Defeito mecânico em veículo";"Saída de Pista";"Com Vítimas Feridas";"Pleno dia";"Crescente";"Sol";"Dupla";"Reta";"Rural";2;0;1;0;1;0;1;1
83444067;"02/03/16";"Quarta";"13:25:00";"MG";381;"501,5";"BETIM";"Outras";"Colisão traseira";"Com Vítimas Feridas";"Pleno dia";"Crescente";"Ceu Claro";"Dupla";"Reta";"Urbano";2;0;1;0;0;1;1;2
83444068;"02/03/16";"Quarta";"17:40:00";"MG";262;"394,3";"PARA DE MINAS";"Defeito mecânico em veículo";"Saída de Pista";"Sem Vítimas";"Anoitecer";"Crescente";"Ceu Claro";"Dupla";"Reta";"Rural";1;0;0;0;1;0;0;1
83444069;"02/03/16";"Quarta";"18:00:00";"PR";369;"163";"CAMBE";"Falta de atenção";"Colisão traseira";"Sem Vítimas";"Pleno dia";"Crescente";"Ceu Claro";"Dupla";"Curva";"Urbano";2;0;0;0;2;0;0;2
83444070;"27/02/16";"Sábado";"11:00:00";"BA";324;"583";"CANDEIAS";"Outras";"Colisão traseira";"Sem Vítimas";"Pleno dia";"Decrescente";"Ceu Claro";"Simples";"Reta";"Rural";4;0;0;0;4;0;0;2
83444071;"28/02/16";"Domingo";"04:50:00";"DF";20;"10,7";"BRASILIA";"Defeito na via";"Colisão com objeto fixo";"Sem Vítimas";"Amanhecer";"Decrescente";"Vento";"Dupla";"Reta";"Urbano";1;0;0;0;1;0;0;1
83444072;"02/03/16";"Quarta";"11:21:00";"MG";381;"720,7";"CARMO DA CACHOEIRA";"Velocidade incompatível";"Colisão com objeto fixo";"Com Vítimas Feridas";"Pleno dia";"Decrescente";"Nublado";"Dupla";"Curva";"Rural";1;0;1;0;0;0;1;1
83444073;"28/02/16";"Domingo";"06:00:00";"MG";40;"764,5";"JUIZ DE FORA";"Outras";"Saída de Pista";"Com Vítimas Feridas";"Amanhecer";"Crescente";"Chuva";"Simples";"Curva";"Rural";1;0;1;0;0;0;1;1
83444075;"02/03/16";"Quarta";"12:55:00";"PR";116;"42,4";"CAMPINA GRANDE DO SUL";"Outras";"Tombamento";"Sem Vítimas";"Pleno dia";"Decrescente";"Nublado";"Simples";"Curva";"Rural";2;0;0;0;2;0;0;1