"id";"data_inversa";"dia_semana";"horario";"uf";"br";"km";"municipio";"causa_acidente";"tipo_acidente";"classificacao_acidente";"fase_dia";"sentido_via";"condicao_metereologica";"tipo_pista";"tracado_via";"uso_solo";"pessoas";"mortos";"feridos_leves";"feridos_graves";"ilesos";"ignorados";"feridos";"veiculos"
83444076;"02/03/16";"Quarta";"08:30:00";"ES";262;"139";"MUNIZ FREIRE";"Falta de atenção";"Colisão Transversal";"Com Vítimas Feridas";"Pleno dia";"Decrescente";"Ceu Claro";"Simples";"Cruzamento";"Rural";2;0;0;1;1;0;1;2
83444077;"02/03/16";"Quarta";"18:30:00";"PR";272;"373";"CAMPO MOURAO";"Falta de atenção";"Colisão traseira";"Sem Vítimas";"Anoitecer";"Crescente";"Sol";"Simples";"Reta";"Urbano";2;0;0;0;2;0;0;2
83444078;"01/03/16";"Terça";"13:40:00";"SC";101;"351,5";"JAGUARUNA";"Falta de atenção";"Colisão traseira";"Com Vítimas Feridas";"Pleno dia";"Crescente";"Ceu Claro";"Dupla";"Reta";"Urbano";2;0;0;1;1;0;1;2
83444079;"02/03/16";"Quarta";"18:05:00";"MG";40;"43,5";"PARACATU";"Falta de atenção";"Colisão Transversal";"Com Vítimas Feridas";"Anoitecer";"Decrescente";"Ceu Claro";"Simples";"Reta";"Urbano";2;0;0;1;1;0;1;2
83444080;"02/03/16";"Quarta";"20:00:00";"PR";376;"296";"MAUA DA SERRA";"Defeito mecânico em veículo";"Colisão com objeto fixo";"Sem Vítimas";"Plena noite";"Crescente";"Nublado";"Simples";"Reta";"Urbano";1;0;0;0;1;0;0;1
83444081;"24/02/16";"Quarta";"00:40:00";"PR";277;"355,3";"GUARAPUAVA";"Velocidade incompatível";"Colisão traseira";"Com Vítimas Feridas";"Plena noite";"Decrescente";"Nublado";"Simples";"Cruzamento";"Urbano";2;0;1;0;1;0;1;2
83444082;"02/03/16";"Quarta";"19:00:00";"MG";50;"62";"UBERLANDIA";"Falta de atenção";"Colisão lateral";"Sem Vítimas";"Anoitecer";"Decrescente";"Ceu Claro";"Dupla";"Reta";"Rural";2;0;0;0;2;0;0;2
83444083;"27/02/16";"Sábado";"20:20:00";"MG";153;"28";"CENTRALINA";"Velocidade incompatível";"Queda de motocicleta / bicicleta / veículo";"Com Vítimas Feridas";"Plena noite";"Decrescente";"Ceu Claro";"Dupla";"Reta";"Rural";1;0;0;1;0;0;1;1
83444084;"02/03/16";"Quarta";"16:20:00";"SC";101;"211,8";"PALHOCA";"Falta de atenção";"Colisão Transversal";"Com Vítimas Feridas";"Pleno dia";"Decrescente";"Chuva";"Dupla";"Cruzamento";"Urbano";3;0;1;0;2;0;1;2
83444085;"02/03/16";"Quarta";"18:55:00";"RN";101;"99";"NATAL";"Falta de atenção";"Colisão lateral";"Com Vítimas Feridas";"Plena noite";"Decrescente";"Ceu Claro";"Múltipla";"Reta";"Urbano";3;0;2;1;0;0;3;2
83444086;"28/02/16";"Domingo";"06:15:00";"SP";101;"45,1";"UBATUBA";"Ingestão de álcool";"Colisão traseira";"Com Vítimas Feridas";"Amanhecer";"Crescente";"Ceu Claro";"Simples";"Reta";"Urbano";2;0;1;0;1;0;1;2
83444087;"02/03/16";"Quarta";"17:30:00";"BA";101;"857,1";"TEIXEIRA DE FREITAS";"Outras";"Capotamento";"Sem Vítimas";"Pleno dia";"Crescente";"Sol";"Simples";"Reta";"Rural";2;0;0;0;2;0;0;1
83444088;"02/03/16";"Quarta";"20:11:00";"RS";116;"525,9";"PELOTAS";"Falta de atenção";"Capotamento";"Com Vítimas Feridas";"Plena noite";"Decrescente";"Chuva";"Simples";"Cruzamento";"Urbano";5;0;1;0;4;0;1;1
83444089;"02/03/16";"Quarta";"16:35:00";"MA";222;"646";"ACAILANDIA";"Ultrapassagem indevida";"Colisão Transversal";"Com Vítimas Feridas";"Pleno dia";"Crescente";"Nublado";"Simples";"Reta";"Rural";3;0;1;0;2;0;1;2
83444090;"02/03/16";"Quarta";"12:10:00";"PI";135;"405";"REDENCAO DO GURGUEIA";"Defeito na via";"Capotamento";"Com Vítimas Feridas";"Pleno dia";"Decrescente";"Ceu Claro";"Simples";"Curva";"Rural";3;0;2;0;0;1;2;2
83444091;"02/03/16";"Quarta";"20:55:00";"RS";386;"344";"LAJEADO";"Falta de atenção";"Queda de motocicleta / bicicleta / veículo";"Com Vítimas Feridas";"Plena noite";"Decrescente";"Chuva";"Simples";"Reta";"Urbano";2;0;2;0;0;0;2;1
83444092;"02/03/16";"Quarta";"20:30:00";"RS";285;"200";"LAGOA VERMELHA";"Animais na Pista";"Atropelamento de animal";"Sem Vítimas";"Plena noite";"Decrescente";"Nublado";"Simples";"Reta";"Urbano";2;0;0;0;2;0;0;1
83444093;"02/03/16";"Quarta";"20:20:00";"PE";101;"41,2";"IGARASSU";"Outras";"Colisão traseira";"Com Vítimas Feridas";"Plena noite";"Decrescente";"Ceu Claro";"Dupla";"Reta";"Urbano";2;0;2;0;0;0;2;2
83444094;"02/03/16";"Quarta";"19:40:00";"GO";153;"512";"APARECIDA DE GOIANIA";"Falta de atenção";"Colisão traseira";"Com Vítimas Feridas";"Plena noite";"Crescente";"Chuva";"Múltipla";"Reta";"Urbano";2;0;1;0;1;0;1;2
83444095;"02/03/16";"Quarta";"14:00:00";"RO";364;"396";"OURO PRETO DO OESTE";"Outras";"Colisão traseira";"Sem Vítimas";"Pleno dia";"Crescente";"Ceu Claro";"Simples";"Curva";"Rural";2;0;0;0;2;0;0;2
83444096;"27/02/16";"Sábado";"07:30:00";"SP";116;"231";"SAO PAULO";"Dormindo";"Colisão com objeto fixo";"Sem Vítimas";"Amanhecer";"Decrescente";"Nublado";"Múltipla";"Reta";"Urbano";1;0;0;0;1;0;0;1
83444097;"02/03/16";"Quarta";"08:05:00";"PI";343;"11,9";"PARNAIBA";"Falta de atenção";"Colisão lateral";"Com Vítimas Feridas";"Pleno dia";"Crescente";"Sol";"Dupla";"Reta";"Urbano";2;0;1;0;1;0;1;2
83444098;"02/03/16";"Quarta";"18:30:00";"BA";324;"404";"NOVA FATIMA";"Outras";"Tombamento";"Com Vítimas Feridas";"Plena noite";"Crescente";"Ceu Claro";"Simples";"Reta";"Urbano";2;0;1;1;0;0;2;1
83444099;"02/03/16";"Quarta";"20:30:00";"RS";470;"211,7";"BENTO GONCALVES";"Outras";"Saída de Pista";"Sem Vítimas";"Plena noite";"Decrescente";"Chuva";"Simples";"Curva";"Rural";1;0;0;0;1;0;0;1
83444100;"02/03/16";"Quarta";"18:20:00";"SC";101;"205";"SAO JOSE";"Outras";"Queda de motocicleta / bicicleta / veículo";"Com Vítimas Feridas";"Plena noite";"Crescente";"Chuva";"Múltipla";"Curva";"Urbano";1;0;0;1;0;0;1;1
83444101;"02/03/16";"Quarta";"16:30:00";"SC";280;"112";"SAO BENTO DO SUL";"Velocidade incompatível";"Capotamento";"Com Vítimas Feridas";"Pleno dia";"Decrescente";"Nevoeiro/neblina";"Simples";"Curva";"Rural";1;0;1;0;0;0;1;1
83444102;"02/03/16";"Quarta";"18:30:00";"RS";386;"331";"LAJEADO";"Falta de atenção";"Colisão Transversal";"Sem Vítimas";"Pleno dia";"Crescente";"Nublado";"Simples";"Reta";"Rural";2;0;0;0;2;0;0;2
83444103;"02/03/16";"Quarta";"21:05:00";"PR";376;"176,8";"MARINGA";"Outras";"Colisão lateral";"Com Vítimas Feridas";"Plena noite";"Crescente";"Nublado";"Dupla";"Cruzamento";"Urbano";3;0;2;0;1;0;2;2
83444104;"02/03/16";"Quarta";"18:10:00";"GO";153;"491,5";"GOIANIA";"Defeito mecânico em veículo";"Colisão com objeto fixo";"Com Vítimas Feridas";"Plena noite";"Decrescente";"Chuva";"Dupla";"Curva";"Urbano";2;0;1;0;1;0;1;2
83444105;"02/03/16";"Quarta";"17:30:00";"MG";40;"678,5";"CARANDAI";"Outras";"Colisão com objeto fixo";"Com Vítimas Feridas";"Pleno dia";"Decrescente";"Sol";"Simples";"Reta";"Rural";3;0;3;0;0;0;3;1
83444106;"02/03/16";"Quarta";"21:20:00";"SC";116;"210,5";"PONTE ALTA";"Velocidade incompatível";"Saída de Pista";"Sem Vítimas";"Plena noite";"Decrescente";"Chuva";"Simples";"Curva";"Rural";1;0;0;0;1;0;0;1
83444107;"02/03/16";"Quarta";"21:40:00";"PR";376;"0,4";"APUCARANA";"Defeito na via";"Queda de motocicleta / bicicleta / veículo";"Com Vítimas Feridas";"Plena noite";"Crescente";"Ceu Claro";"Simples";"Reta";"Rural";1;0;1;0;0;0;1;1
83444108;"27/02/16";"Sábado";"19:00:00";"BA";116;"698";"JEQUIE";"Outras";"Tombamento";"Sem Vítimas";"Plena noite";"Crescente";"Ceu Claro";"Simples";"Curva";"Rural";1;0;0;0;1;0;0;1
83444109;"27/02/16";"Sábado";"22:25:00";"PA";316;"61";"CASTANHAL";"Desobediência à sinalização";"Colisão Transversal";"Sem Vítimas";"Plena noite";"Decrescente";"Nublado";"Dupla";"Reta";"Urbano";2;0;0;0;2;0;0;2
83444110;"02/03/16";"Quarta";"16:50:00";"GO";40;"2,4";"VALPARAISO DE GOIAS";"Falta de atenção";"Colisão lateral";"Sem Vítimas";"Pleno dia";"Crescente";"Ceu Claro";"Dupla";"Reta";"Urbano";2;0;0;0;2;0;0;2
83444111;"02/03/16";"Quarta";"18:50:00";"SP";116;"155";"SAO JOSE DOS CAMPOS";"Falta de atenção";"Colisão traseira";"Com Vítimas Feridas";"Plena noite";"Crescente";"Nublado";"Dupla";"Reta";"Urbano";4;0;2;0;1;1;2;2
83444112;"02/03/16";"Quarta";"12:25:00";"MG";116;"702,5";"MURIAE";"Falta de atenção";"Colisão Transversal";"Sem Vítimas";"Pleno dia";"Decrescente";"Sol";"Simples";"Cruzamento";"Urbano";2;0;0;0;2;0;0;2
83444113;"02/03/16";"Quarta";"21:15:00";"RS";116;"248,5";"SAO LEOPOLDO";"Outras";"Tombamento";"Com Vítimas Feridas";"Plena noite";"Decrescente";"Chuva";"Dupla";"Reta";"Urbano";1;0;1;0;0;0;1;1
83444114;"02/03/16";"Quarta";"16:50:00";"MG";50;"146,5";"UBERABA";"Velocidade incompatível";"Saída de Pista";"Sem Vítimas";"Pleno dia";"Crescente";"Chuva";"Dupla";"Reta";"Rural";2;0;0;0;2;0;0;1
83444115;"02/03/16";"Quarta";"21:50:00";"SP";153;"51,5";"SAO JOSE DO RIO PRETO";"Outras";"Colisão Transversal";"Com Vítimas Feridas";"Plena noite";"Crescente";"Nublado";"Simples";"Reta";"Rural";4;0;2;1;1;0;3;2
83444116;"02/03/16";"Quarta";"12:40:00";"MT";163;"109,5";"RONDONOPOLIS";"Outras";"Colisão traseira";"Com Vítimas Feridas";"Pleno dia";"Decrescente";"Chuva";"Dupla";"Reta";"Rural";3;0;2;0;1;0;2;3
83444117;"02/03/16";"Quarta";"07:30:00";"PE";232;"462,6";"SAO JOSE DO BELMONTE";"Defeito mecânico em veículo";"Colisão traseira";"Sem Vítimas";"Pleno dia";"Crescente";"Ceu Claro";"Simples";"Reta";"Rural";2;0;0;0;2;0;0;2
83444118;"02/03/16";"Quarta";"17:45:00";"SC";101;"157,3";"TIJUCAS";"Outras";"Queda de motocicleta / bicicleta / veículo";"Com Vítimas Feridas";"Pleno dia";"Decrescente";"Chuva";"Dupla";"Reta";"Urbano";1;0;0;1;0;0;1;1
83444119;"02/03/16";"Quarta";"18:15:00";"SC";101;"118,5";"ITAJAI";"Outras";"Queda de motocicleta / bicicleta / veículo";"Com Vítimas Feridas";"Anoitecer";"Decrescente";"Chuva";"Dupla";"Reta";"Urbano";2;0;2;0;0;0;2;1
83444120;"02/03/16";"Quarta";"21:45:00";"RS";116;"222";"DOIS IRMAOS";"Velocidade incompatível";"Tombamento";"Com Vítimas Feridas";"Plena noite";"Decrescente";"Chuva";"Simples";"Curva";"Urbano";1;0;1;0;0;0;1;1
83444121;"02/03/16";"Quarta";"22:30:00";"SC";282;"590,7";"SAUDADES";"Outras";"Saída de Pista";"Sem Vítimas";"Plena noite";"Decrescente";"Chuva";"Simples";"Curva";"Rural";1;0;0;0;1;0;0;1
83444122;"02/03/16";"Quarta";"22:00:00";"RJ";116;"76";"TERESOPOLIS";"Outras";"Colisão traseira";"Com Vítimas Feridas";"Plena noite";"Crescente";"Ceu Claro";"Simples";"Reta";"Urbano";3;0;1;0;1;1;1;2
83444123;"02/03/16";"Quarta";"19:25:00";"SP";116;"445";"REGISTRO";"Falta de atenção";"Colisão traseira";"Com Vítimas Feridas";"Plena noite";"Crescente";"Nublado";"Simples";"Reta";"Urbano";3;0;1;0;2;0;1;3
83444124;"21/02/16";"Domingo";"21:10:00";"BA";101;"245";"CONCEICAO DO ALMEIDA";"Outras";"Saída de Pista";"Sem Vítimas";"Plena noite";"Crescente";"Nublado";"Simples";"Curva";"Rural";1;0;0;0;1;0;0;1
83444125;"02/03/16";"Quarta";"17:00:00";"AM";319;"39";"CAREIRO DA VARZEA";"Falta de atenção";"Saída de Pista";"Sem Vítimas";"Pleno dia";"Decrescente";"Nublado";"Dupla";"Reta";"Rural";4;0;0;0;4;0;0;1
83444126;"02/03/16";"Quarta";"22:30:00";"SC";280;"99,5";"CORUPA";"Velocidade incompatível";"Tombamento";"Com Vítimas Feridas";"Plena noite";"Decrescente";"Nevoeiro/neblina";"Simples";"Curva";"Rural";1;0;1;0;0;0;1;1
83444127;"02/03/16";"Quarta";"20:30:00";"MS";60;"521,9";"NIOAQUE";"Defeito mecânico em veículo";"Saída de Pista";"Sem Vítimas";"Plena noite";"Crescente";"Nublado";"Simples";"Reta";"Rural";14;0;0;0;14;0;0;1
83444128;"02/03/16";"Quarta";"17:50:00";"SP";116;"490";"CAJATI";"Outras";"Derramamento de Carga";"Sem Vítimas";"Pleno dia";"Decrescente";"Nublado";"Dupla";"Curva";"Rural";1;0;0;0;1;0;0;1
83444129;"02/03/16";"Quarta";"23:00:00";"SC";101;"287";"IMBITUBA";"Dormindo";"Saída de Pista";"Com Vítimas Feridas";"Plena noite";"Crescente";"Chuva";"Dupla";"Reta";"Urbano";1;0;1;0;0;0;1;1
83444130;"07/02/16";"Domingo";"18:00:00";"TO";153;"274";"BRASILANDIA DO TOCANTINS";"Velocidade incompatível";"Saída de Pista";"Com Vítimas Feridas";"Anoitecer";"Decrescente";"Ceu Claro";"Simples";"Reta";"Rural";1;0;0;1;0;0;1;1
83444131;"02/03/16";"Quarta";"22:30:00";"SC";470;"212,7";"SAO CRISTOVAO DO SUL";"Outras";"Incêndio";"Sem Vítimas";"Plena noite";"Crescente";"Chuva";"Simples";"Reta";"Rural";1;0;0;0;1;0;0;1
83444132;"02/03/16";"Quarta";"21:30:00";"PE";232;"123,5";"CARUARU";"Outras";"Colisão traseira";"Sem Vítimas";"Plena noite";"Crescente";"Ceu Claro";"Dupla";"Reta";"Rural";2;0;0;0;1;1;0;2
83444133;"02/03/16";"Quarta";"21:40:00";"PR";376;"226";"APUCARANA";"Ingestão de álcool";"Tombamento";"Sem Vítimas";"Plena noite";"Decrescente";"Ceu Claro";"Dupla";"Reta";"Rural";1;0;0;0;1;0;0;1
83444134;"02/03/16";"Quarta";"17:00:00";"AC";364;"138";"RIO BRANCO";"Não guardar distância de segurança";"Colisão traseira";"Com Vítimas Feridas";"Pleno dia";"Crescente";"Chuva";"Simples";"Reta";"Urbano";3;0;1;0;2;0;1;2
83444135;"02/03/16";"Quarta";"18:30:00";"MG";116;"558,3";"MANHUACU";"Outras";"Queda de motocicleta / bicicleta / veículo";"Com Vítimas Feridas";"Anoitecer";"Crescente";"Ceu Claro";"Simples";"Curva";"Rural";1;0;0;1;0;0;1;1
83444136;"02/03/16";"Quarta";"17:15:00";"RS";468;"29,4";"CORONEL BICACO";"Velocidade incompatível";"Saída de Pista";"Sem Vítimas";"Pleno dia";"Crescente";"Chuva";"Simples";"Reta";"Rural";1;0;0;0;1;0;0;1
83444137;"02/03/16";"Quarta";"21:00:00";"PA";163;"999";"SANTAREM";"Falta de atenção";"Colisão lateral";"Com Vítimas Feridas";"Plena noite";"Decrescente";"Ignorada";"Dupla";"Cruzamento";"Urbano";3;0;1;1;1;0;2;2
83444138;"02/03/16";"Quarta";"21:20:00";"MG";135;"370";"MONTES CLAROS";"Falta de atenção";"Colisão lateral";"Com Vítimas Feridas";"Plena noite";"Decrescente";"Ceu Claro";"Dupla";"Cruzamento";"Urbano";6;0;1;0;5;0;1;2
83444139;"02/03/16";"Quarta";"16:45:00";"RS";468;"33,6";"CORONEL BICACO";"Velocidade incompatível";"Saída de Pista";"Sem Vítimas";"Pleno dia";"Decrescente";"Chuva";"Simples";"Reta";"Rural";1;0;0;0;1;0;0;1
83444140;"02/03/16";"Quarta";"21:00:00";"PR";476;"122";"CURITIBA";"Falta de atenção";"Colisão Transversal";"Sem Vítimas";"Plena noite";"Crescente";"Ceu Claro";"Dupla";"Reta";"Urbano";2;0;0;0;2;0;0;2
83444141;"02/03/16";"Quarta";"15:05:00";"PR";277;"95";"CURITIBA";"Velocidade incompatível";"Capotamento";"Sem Vítimas";"Pleno dia";"Crescente";"Nublado";"Dupla";"Reta";"Urbano";3;0;0;0;3;0;0;3
83444142;"02/03/16";"Quarta";"20:20:00";"RS";386;"32";"FREDERICO WESTPHALEN";"Ingestão de álcool";"Colisão frontal";"Sem Vítimas";"Plena noite";"Crescente";"Chuva";"Simples";"Cruzamento";"Urbano";2;0;0;0;2;0;0;2
83444143;"02/03/16";"Quarta";"18:40:00";"SP";381;"68";"MAIRIPORA";"Velocidade incompatível";"Tombamento";"Sem Vítimas";"Anoitecer";"Decrescente";"Chuva";"Dupla";"Curva";"Urbano";1;0;0;0;1;0;0;1
83444144;"02/03/16";"Quarta";"22:00:00";"CE";304;"1";"BEBERIBE";"Falta de atenção";"Tombamento";"Com Vítimas Feridas";"Plena noite";"Decrescente";"Ceu Claro";"Simples";"Curva";"Urbano";3;0;3;0;0;0;3;1
83444146;"28/02/16";"Domingo";"17:40:00";"MG";40;"758,6";"EWBANK DA CAMARA";"Outras";"Colisão lateral";"Sem Vítimas";"Pleno dia";"Decrescente";"Chuva";"Simples";"Reta";"Rural";2;0;0;0;2;0;0;2
83444147;"02/03/16";"Quarta";"12:00:00";"SC";282;"5";"SAO JOSE";"Falta de atenção";"Colisão lateral";"Com Vítimas Feridas";"Pleno dia";"Crescente";"Ceu Claro";"Múltipla";"Reta";"Urbano";2;0;1;0;1;0;1;2
83444148;"03/03/16";"Quinta";"02:30:00";"RS";116;"611,7";"ARROIO GRANDE";"Dormindo";"Saída de Pista";"Sem Vítimas";"Plena noite";"Decrescente";"Nublado";"Simples";"Cruzamento";"Urbano";1;0;0;0;1;0;0;1
83444149;"03/03/16";"Quinta";"02:30:00";"MG";381;"566,1";"ITAGUARA";"Ingestão de álcool";"Saída de Pista";"Sem Vítimas";"Plena noite";"Crescente";"Nublado";"Dupla";"Curva";"Rural";1;0;0;0;1;0;0;1
83444150;"02/03/16";"Quarta";"17:20:00";"PI";316;"303";"PICOS";"Ingestão de álcool";"Colisão traseira";"Com Vítimas Feridas";"Pleno dia";"Decrescente";"Ceu Claro";"Simples";"Reta";"Rural";4;0;0;1;3;0;1;4
83444151;"27/02/16";"Sábado";"23:40:00";"CE";116;"40";"HORIZONTE";"Outras";"Tombamento";"Com Vítimas Feridas";"Plena noite";"Decrescente";"Ceu Claro";"Dupla";"Curva";"Urbano";1;0;0;1;0;0;1;1
83444152;"02/03/16";"Quarta";"23:45:00";"RS";290;"169,8";"BUTIA";"Falta de atenção";"Colisão lateral";"Sem Vítimas";"Plena noite";"Decrescente";"Chuva";"Simples";"Reta";"Rural";2;0;0;0;1;1;0;2
83444153;"03/03/16";"Quinta";"03:55:00";"RS";386;"401";"TRIUNFO";"Ingestão de álcool";"Colisão com objeto fixo";"Sem Vítimas";"Plena noite";"Decrescente";"Chuva";"Dupla";"Cruzamento";"Rural";3;0;0;0;3;0;0;1
83444154;"03/03/16";"Quinta";"02:00:00";"PR";376;"214";"JANDAIA DO SUL";"Desobediência à sinalização";"Colisão Transversal";"Com Vítimas Feridas";"Plena noite";"Crescente";"Nublado";"Dupla";"Reta";"Rural";3;0;2;0;0;1;2;2
83444155;"03/02/16";"Quarta";"02:50:00";"ES";101;"356,8";"ANCHIETA";"Ultrapassagem indevida";"Saída de Pista";"Sem Vítimas";"Plena noite";"Decrescente";"Ceu Claro";"Simples";"Reta";"Rural";2;0;0;0;2;0;0;1
83444156;"02/03/16";"Quarta";"20:30:00";"PB";405;"3,3";"UIRAUNA";"Falta de atenção";"Colisão Transversal";"Sem Vítimas";"Anoitecer";"Crescente";"Vento";"Simples";"Reta";"Rural";4;0;0;0;2;2;0;2
83444157;"27/02/16";"Sábado";"16:19:00";"MA";316;"560";"CAXIAS";"Outras";"Saída de Pista";"Ignorado";"Pleno dia";"Decrescente";"Ceu Claro";"Simples";"Reta";"Rural";1;0;0;0;0;1;0;1
83444158;"02/03/16";"Quarta";"12:30:00";"RR";174;"575";"BOA VISTA";"Ultrapassagem indevida";"Colisão frontal";"Com Vítimas Fatais";"Pleno dia";"Decrescente";"Sol";"Simples";"Reta";"Rural";7;2;5;0;0;0;5;2
83444160;"26/02/16";"Sexta";"08:25:00";"PB";230;"9";"CABEDELO";"Falta de atenção";"Colisão traseira";"Com Vítimas Feridas";"Pleno dia";"Decrescente";"Sol";"Dupla";"Reta";"Urbano";2;0;0;1;1;0;1;2
83444161;"02/03/16";"Quarta";"09:40:00";"GO";40;"7";"VALPARAISO DE GOIAS";"Não guardar distância de segurança";"Colisão traseira";"Com Vítimas Feridas";"Pleno dia";"Decrescente";"Nublado";"Dupla";"Reta";"Urbano";6;0;2;1;3;0;3;4
83444163;"02/03/16";"Quarta";"23:00:00";"GO";452;"178";"ITUMBIARA";"Outras";"Tombamento";"Sem Vítimas";"Plena noite";"Crescente";"Chuva";"Simples";"Reta";"Rural";1;0;0;0;1;0;0;1
83444164;"03/03/16";"Quinta";"04:50:00";"RS";392;"37,8";"RIO GRANDE";"Velocidade incompatível";"Saída de Pista";"Sem Vítimas";"Plena noite";"Decrescente";"Chuva";"Dupla";"Reta";"Rural";1;0;0;0;1;0;0;1
83444165;"03/03/16";"Quinta";"05:30:00";"GO";60;"390,5";"RIO VERDE";"Dormindo";"Capotamento";"Sem Vítimas";"Plena noite";"Decrescente";"Nublado";"Dupla";"Reta";"Urbano";1;0;0;0;1;0;0;1
83444166;"03/03/16";"Quinta";"05:30:00";"SC";101;"0,5";"GARUVA";"Outras";"Atropelamento de pessoa";"Com Vítimas Feridas";"Amanhecer";"Crescente";"Chuva";"Dupla";"Curva";"Rural";2;0;0;1;0;1;1;1
83444167;"02/03/16";"Quarta";"17:00:00";"GO";60;"319,1";"ACREUNA";"Defeito mecânico em veículo";"Derramamento de Carga";"Sem Vítimas";"Pleno dia";"Crescente";"Ceu Claro";"Dupla";"Reta";"Rural";1;0;0;0;1;0;0;1
83444169;"02/03/16";"Quarta";"23:00:00";"SP";116;"357,5";"MIRACATU";"Defeito mecânico em veículo";"Capotamento";"Com Vítimas Feridas";"Plena noite";"Decrescente";"Nublado";"Simples";"Curva";"Rural";1;0;0;1;0;0;1;1
83444171;"28/02/16";"Domingo";"11:15:00";"MG";251;"474,2";"FRANCISCO SA";"Velocidade incompatível";"Colisão traseira";"Sem Vítimas";"Pleno dia";"Crescente";"Ceu Claro";"Simples";"Curva";"Rural";2;0;0;0;2;0;0;2
83444172;"28/02/16";"Domingo";"15:30:00";"MG";251;"520";"MONTES CLAROS";"Dormindo";"Queda de motocicleta / bicicleta / veículo";"Com Vítimas Feridas";"Pleno dia";"Decrescente";"Ceu Claro";"Simples";"Curva";"Rural";3;0;1;0;2;0;1;1
83444173;"07/01/16";"Quinta";"17:05:00";"SE";235;"1,8";"ARACAJU";"Desobediência à sinalização";"Colisão traseira";"Com Vítimas Feridas";"Pleno dia";"Crescente";"Ceu Claro";"Dupla";"Reta";"Urbano";2;0;1;0;1;0;1;2
83444175;"02/03/16";"Quarta";"22:10:00";"RJ";40;"103";"DUQUE DE CAXIAS";"Outras";"Queda de motocicleta / bicicleta / veículo";"Com Vítimas Feridas";"Plena noite";"Decrescente";"Nublado";"Dupla";"Reta";"Urbano";1;0;0;1;0;0;1;1
83444177;"28/02/16";"Domingo";"18:50:00";"BA";116;"494";"RAFAEL JAMBEIRO";"Ingestão de álcool";"Colisão traseira";"Com Vítimas Feridas";"Plena noite";"Decrescente";"Ceu Claro";"Dupla";"Curva";"Rural";2;0;0;1;0;1;1;2
83444180;"01/03/16";"Terça";"06:40:00";"PR";272;"363,7";"CAMPO MOURAO";"Falta de atenção";"Atropelamento de pessoa";"Com Vítimas Fatais";"Amanhecer";"Crescente";"Ceu Claro";"Simples";"Reta";"Urbano";2;1;0;0;1;0;0;1
83444181;"03/03/16";"Quinta";"06:00:00";"RJ";40;"105";"DUQUE DE CAXIAS";"Outras";"Capotamento";"Com Vítimas Feridas";"Amanhecer";"Decrescente";"Ceu Claro";"Dupla";"Reta";"Urbano";1;0;1;0;0;0;1;1
83444182;"02/03/16";"Quarta";"18:30:00";"SP";116;"550";"BARRA DO TURVO";"Velocidade incompatível";"Capotamento";"Sem Vítimas";"Plena noite";"Crescente";"Chuva";"Simples";"Curva";"Rural";1;0;0;0;1;0;0;1
83444183;"03/03/16";"Quinta";"06:40:00";"SP";381;"69,8";"MAIRIPORA";"Velocidade incompatível";"Colisão com objeto fixo";"Sem Vítimas";"Amanhecer";"Crescente";"Nublado";"Dupla";"Curva";"Urbano";1;0;0;0;1;0;0;1
83444184;"10/02/16";"Quarta";"07:30:00";"RJ";101;"278";"TANGUA";"Outras";"Colisão traseira";"Sem Vítimas";"Pleno dia";"Crescente";"Sol";"Dupla";"Reta";"Rural";6;0;0;0;6;0;0;6
83444185;"02/03/16";"Quarta";"05:15:00";"RS";392;"23,1";"RIO GRANDE";"Animais na Pista";"Atropelamento de animal";"Com Vítimas Feridas";"Plena noite";"Decrescente";"Ceu Claro";"Dupla";"Reta";"Rural";2;0;1;0;1;0;1;1
83444186;"25/02/16";"Quinta";"06:45:00";"PR";277;"153";"PORTO AMAZONAS";"Outras";"Tombamento";"Sem Vítimas";"Amanhecer";"Crescente";"Nublado";"Simples";"Reta";"Rural";1;0;0;0;1;0;0;1
83444187;"29/02/16";"Segunda";"17:30:00";"MG";135;"635";"CURVELO";"Outras";"Tombamento";"Com Vítimas Feridas";"Pleno dia";"Crescente";"Ceu Claro";"Simples";"Reta";"Rural";2;0;1;1;0;0;2;1
83444188;"28/02/16";"Domingo";"06:30:00";"BA";101;"247";"CONCEICAO DO ALMEIDA";"Outras";"Tombamento";"Sem Vítimas";"Pleno dia";"Crescente";"Ceu Claro";"Simples";"Reta";"Rural";1;0;0;0;1;0;0;1
83444190;"03/03/16";"Quinta";"04:00:00";"RJ";116;"268,2";"BARRA MANSA";"Outras";"Capotamento";"Com Vítimas Feridas";"Plena noite";"Crescente";"Nublado";"Dupla";"Reta";"Urbano";1;0;1;0;0;0;1;1
83444191;"03/03/16";"Quinta";"06:00:00";"TO";153;"136,6";"ARAGUAINA";"Velocidade incompatível";"Saída de Pista";"Com Vítimas Fatais";"Amanhecer";"Decrescente";"Ceu Claro";"Dupla";"Curva";"Urbano";1;1;0;0;0;0;0;1
83444192;"27/02/16";"Sábado";"19:25:00";"CE";116;"17";"EUSEBIO";"Falta de atenção";"Colisão lateral";"Sem Vítimas";"Plena noite";"Crescente";"Ceu Claro";"Múltipla";"Reta";"Urbano";3;0;0;0;3;0;0;3
83444194;"01/03/16";"Terça";"18:30:00";"PR";376;"267";"MARILANDIA DO SUL";"Não guardar distância de segurança";"Colisão traseira";"Com Vítimas Feridas";"Pleno dia";"Decrescente";"Nublado";"Simples";"Reta";"Rural";3;0;1;0;2;0;1;2