"id";"data_inversa";"dia_semana";"horario";"uf";"br";"km";"municipio";"causa_acidente";"tipo_acidente";"classificacao_acidente";"fase_dia";"sentido_via";"condicao_metereologica";"tipo_pista";"tracado_via";"uso_solo";"pessoas";"mortos";"feridos_leves";"feridos_graves";"ilesos";"ignorados";"feridos";"veiculos"
83444197;"03/03/16";"Quinta";"05:20:00";"MG";381;"721,2";"CARMO DA CACHOEIRA";"Dormindo";"Colisão com objeto fixo";"Sem Vítimas";"Amanhecer";"Crescente";"Ceu Claro";"Dupla";"Curva";"Rural";1;0;0;0;1;0;0;1
83444198;"03/03/16";"Quinta";"06:10:00";"SC";101;"192";"BIGUACU";"Outras";"Saída de Pista";"Com Vítimas Feridas";"Amanhecer";"Decrescente";"Chuva";"Múltipla";"Curva";"Urbano";1;0;1;0;0;0;1;1
83444199;"28/02/16";"Domingo";"09:00:00";"SP";381;"71";"MAIRIPORA";"Não guardar distância de segurança";"Queda de motocicleta / bicicleta / veículo";"Com Vítimas Feridas";"Pleno dia";"Crescente";"Chuva";"Dupla";"Reta";"Urbano";2;0;2;0;0;0;2;1
83444200;"03/03/16";"Quinta";"07:25:00";"PE";101;"69";"RECIFE";"Outras";"Saída de Pista";"Com Vítimas Feridas";"Pleno dia";"Decrescente";"Chuva";"Dupla";"Reta";"Urbano";1;0;1;0;0;0;1;1
83444202;"27/01/16";"Quarta";"11:10:00";"CE";304;"72";"ARACATI";"Não guardar distância de segurança";"Colisão traseira";"Sem Vítimas";"Pleno dia";"Crescente";"Sol";"Simples";"Reta";"Rural";6;0;0;0;6;0;0;2
83444203;"28/01/16";"Quinta";"23:50:00";"CE";116;"14,1";"FORTALEZA";"Velocidade incompatível";"Colisão traseira";"Sem Vítimas";"Plena noite";"Crescente";"Ceu Claro";"Múltipla";"Reta";"Urbano";2;0;0;0;1;1;0;2
83444204;"28/02/16";"Domingo";"16:30:00";"MG";262;"759";"SACRAMENTO";"Outras";"Saída de Pista";"Sem Vítimas";"Pleno dia";"Crescente";"Chuva";"Simples";"Reta";"Rural";1;0;0;0;1;0;0;1
83444205;"03/03/16";"Quinta";"06:50:00";"CE";116;"1,8";"FORTALEZA";"Falta de atenção";"Colisão lateral";"Com Vítimas Feridas";"Pleno dia";"Decrescente";"Ceu Claro";"Dupla";"Reta";"Urbano";3;0;2;0;1;0;2;2
83444206;"24/02/16";"Quarta";"20:20:00";"MA";10;"295";"CIDELANDIA";"Falta de atenção";"Colisão Transversal";"Com Vítimas Feridas";"Plena noite";"Crescente";"Ceu Claro";"Simples";"Reta";"Rural";4;0;2;0;2;0;2;3
83444207;"27/02/16";"Sábado";"15:00:00";"BA";242;"787";"BARREIRAS";"Dormindo";"Colisão lateral";"Sem Vítimas";"Pleno dia";"Crescente";"Sol";"Simples";"Reta";"Rural";2;0;0;0;2;0;0;2
83444209;"28/02/16";"Domingo";"16:50:00";"CE";222;"16,3";"CAUCAIA";"Falta de atenção";"Colisão Transversal";"Sem Vítimas";"Pleno dia";"Decrescente";"Ceu Claro";"Simples";"Reta";"Rural";4;0;0;0;3;1;0;2
83444210;"26/02/16";"Sexta";"20:40:00";"PR";277;"399";"CANDOI";"Defeito mecânico em veículo";"Colisão traseira";"Com Vítimas Feridas";"Plena noite";"Decrescente";"Nublado";"Simples";"Reta";"Rural";5;0;0;4;1;0;4;2
83444212;"29/02/16";"Segunda";"19:30:00";"SC";282;"24";"PALHOCA";"Falta de atenção";"Colisão Transversal";"Sem Vítimas";"Plena noite";"Crescente";"Ceu Claro";"Simples";"Reta";"Urbano";2;0;0;0;2;0;0;2
83444213;"25/02/16";"Quinta";"06:00:00";"PR";158;"204";"CAMPO MOURAO";"Outras";"Queda de motocicleta / bicicleta / veículo";"Com Vítimas Feridas";"Amanhecer";"Crescente";"Ignorada";"Dupla";"Reta";"Rural";1;0;1;0;0;0;1;1
83444214;"03/03/16";"Quinta";"07:30:00";"DF";20;"14,1";"BRASILIA";"Outras";"Queda de motocicleta / bicicleta / veículo";"Com Vítimas Feridas";"Amanhecer";"Decrescente";"Chuva";"Dupla";"Reta";"Rural";1;0;0;1;0;0;1;1
83444215;"27/02/16";"Sábado";"05:25:00";"GO";153;"358,7";"JARAGUA";"Outras";"Colisão frontal";"Com Vítimas Fatais";"Plena noite";"Crescente";"Nublado";"Simples";"Reta";"Urbano";3;2;0;1;0;0;1;2
83444216;"03/03/16";"Quinta";"08:10:00";"RS";471;"692,5";"CHUI";"Falta de atenção";"Colisão lateral";"Sem Vítimas";"Pleno dia";"Crescente";"Ceu Claro";"Simples";"Cruzamento";"Urbano";2;0;0;0;2;0;0;2
83444217;"28/02/16";"Domingo";"21:00:00";"MG";116;"517";"UBAPORANGA";"Ingestão de álcool";"Colisão com objeto fixo";"Sem Vítimas";"Plena noite";"Decrescente";"Ceu Claro";"Simples";"Reta";"Urbano";3;0;0;0;2;1;0;2
83444218;"03/03/16";"Quinta";"07:30:00";"RS";448;"22";"PORTO ALEGRE";"Não guardar distância de segurança";"Colisão traseira";"Sem Vítimas";"Amanhecer";"Crescente";"Chuva";"Múltipla";"Curva";"Urbano";3;0;0;0;3;0;0;3
83444219;"03/03/16";"Quinta";"06:15:00";"GO";153;"35,6";"PORANGATU";"Outras";"Saída de Pista";"Sem Vítimas";"Amanhecer";"Crescente";"Chuva";"Simples";"Reta";"Rural";1;0;0;0;1;0;0;1
83444220;"28/02/16";"Domingo";"22:15:00";"PA";230;"628";"ALTAMIRA";"Falta de atenção";"Colisão traseira";"Com Vítimas Feridas";"Plena noite";"Decrescente";"Nublado";"Simples";"Reta";"Urbano";2;0;1;0;1;0;1;2
83444221;"28/02/16";"Domingo";"20:00:00";"MG";50;"177,1";"UBERABA";"Outras";"Queda de motocicleta / bicicleta / veículo";"Com Vítimas Feridas";"Plena noite";"Decrescente";"Nublado";"Dupla";"Reta";"Urbano";2;0;2;0;0;0;2;1
83444223;"24/02/16";"Quarta";"05:35:00";"SC";116;"42,2";"ITAIOPOLIS";"Dormindo";"Tombamento";"Sem Vítimas";"Amanhecer";"Decrescente";"Nublado";"Simples";"Reta";"Rural";1;0;0;0;1;0;0;1
83444224;"28/02/16";"Domingo";"23:00:00";"CE";20;"401";"CAUCAIA";"Ingestão de álcool";"Atropelamento de pessoa";"Com Vítimas Feridas";"Plena noite";"Crescente";"Nublado";"Simples";"Reta";"Rural";2;0;2;0;0;0;2;1
83444225;"03/03/16";"Quinta";"09:20:00";"PA";163;"998";"SANTAREM";"Falta de atenção";"Colisão Transversal";"Com Vítimas Feridas";"Pleno dia";"Crescente";"Nublado";"Simples";"Reta";"Urbano";2;0;0;1;1;0;1;2
83444226;"29/02/16";"Segunda";"07:35:00";"SC";282;"17";"PALHOCA";"Outras";"Colisão lateral";"Com Vítimas Feridas";"Pleno dia";"Crescente";"Ceu Claro";"Simples";"Reta";"Urbano";2;0;1;0;1;0;1;2
83444227;"28/02/16";"Domingo";"16:10:00";"RJ";116;"170";"SAO JOAO DE MERITI";"Outras";"Colisão traseira";"Com Vítimas Feridas";"Pleno dia";"Crescente";"Ceu Claro";"Múltipla";"Reta";"Urbano";2;0;1;0;1;0;1;2
83444228;"03/03/16";"Quinta";"09:30:00";"SP";116;"449";"REGISTRO";"Outras";"Queda de motocicleta / bicicleta / veículo";"Com Vítimas Feridas";"Pleno dia";"Crescente";"Sol";"Dupla";"Reta";"Rural";1;0;1;0;0;0;1;1
83444229;"14/02/16";"Domingo";"01:55:00";"BA";101;"439";"UBAITABA";"Desobediência à sinalização";"Colisão Transversal";"Com Vítimas Feridas";"Plena noite";"Decrescente";"Ceu Claro";"Simples";"Cruzamento";"Rural";5;0;3;0;2;0;3;2
83444230;"01/03/16";"Terça";"07:55:00";"MG";40;"603,6";"CONGONHAS";"Velocidade incompatível";"Colisão frontal";"Com Vítimas Fatais";"Pleno dia";"Decrescente";"Ceu Claro";"Simples";"Curva";"Rural";2;1;0;0;1;0;0;2
83444231;"28/02/16";"Domingo";"04:50:00";"RJ";116;"174";"NOVA IGUACU";"Outras";"Atropelamento de pessoa";"Com Vítimas Feridas";"Amanhecer";"Crescente";"Ceu Claro";"Múltipla";"Reta";"Urbano";2;0;0;1;1;0;1;1
83444232;"03/03/16";"Quinta";"08:15:00";"SC";101;"370,3";"ICARA";"Defeito na via";"Colisão com objeto fixo";"Com Vítimas Feridas";"Pleno dia";"Crescente";"Chuva";"Dupla";"Reta";"Urbano";2;0;2;0;0;0;2;1
83444233;"03/03/16";"Quinta";"10:20:00";"SP";381;"46,5";"ATIBAIA";"Outras";"Colisão com objeto fixo";"Sem Vítimas";"Pleno dia";"Decrescente";"Chuva";"Dupla";"Reta";"Urbano";1;0;0;0;1;0;0;1
83444234;"01/03/16";"Terça";"08:10:00";"SP";116;"336,1";"JUQUITIBA";"Outras";"Tombamento";"Sem Vítimas";"Pleno dia";"Crescente";"Nublado";"Dupla";"Curva";"Urbano";1;0;0;0;1;0;0;1
83444235;"03/03/16";"Quinta";"10:00:00";"PE";408;"63";"CARPINA";"Falta de atenção";"Colisão Transversal";"Com Vítimas Feridas";"Pleno dia";"Decrescente";"Chuva";"Simples";"Reta";"Urbano";2;0;0;1;1;0;1;2
83444237;"29/02/16";"Segunda";"13:15:00";"SP";116;"335,5";"JUQUITIBA";"Outras";"Colisão com objeto fixo";"Sem Vítimas";"Pleno dia";"Crescente";"Chuva";"Dupla";"Reta";"Rural";1;0;0;0;1;0;0;1
83444238;"25/02/16";"Quinta";"15:30:00";"MG";262;"617";"IBIA";"Velocidade incompatível";"Saída de Pista";"Com Vítimas Feridas";"Pleno dia";"Crescente";"Chuva";"Simples";"Curva";"Rural";2;0;2;0;0;0;2;1
83444239;"25/02/16";"Quinta";"19:10:00";"PE";423;"177,3";"AGUAS BELAS";"Animais na Pista";"Colisão com objeto fixo";"Sem Vítimas";"Plena noite";"Crescente";"Ceu Claro";"Simples";"Reta";"Rural";1;0;0;0;1;0;0;1
83444241;"03/03/16";"Quinta";"11:15:00";"SC";101;"145";"ITAPEMA";"Falta de atenção";"Colisão traseira";"Sem Vítimas";"Pleno dia";"Decrescente";"Chuva";"Dupla";"Reta";"Urbano";3;0;0;0;3;0;0;3
83444242;"01/03/16";"Terça";"16:10:00";"SP";116;"348";"MIRACATU";"Defeito mecânico em veículo";"Colisão lateral";"Sem Vítimas";"Pleno dia";"Crescente";"Ceu Claro";"Dupla";"Curva";"Rural";3;0;0;0;3;0;0;3
83444243;"03/03/16";"Quinta";"11:00:00";"SC";101;"47,5";"JOINVILLE";"Velocidade incompatível";"Saída de Pista";"Sem Vítimas";"Pleno dia";"Decrescente";"Chuva";"Dupla";"Reta";"Urbano";1;0;0;0;1;0;0;1
83444244;"28/02/16";"Domingo";"07:40:00";"RJ";101;"19";"ITAPERUNA";"Outras";"Colisão com objeto fixo";"Sem Vítimas";"Pleno dia";"Decrescente";"Ignorada";"Simples";"Reta";"Urbano";1;0;0;0;1;0;0;1
83444245;"03/03/16";"Quinta";"09:30:00";"PE";408;"97";"SAO LOURENCO DA MATA";"Falta de atenção";"Saída de Pista";"Sem Vítimas";"Pleno dia";"Decrescente";"Chuva";"Dupla";"Reta";"Rural";1;0;0;0;1;0;0;1
83444246;"03/03/16";"Quinta";"12:05:00";"PR";476;"157,8";"ARAUCARIA";"Defeito mecânico em veículo";"Colisão Transversal";"Com Vítimas Feridas";"Pleno dia";"Crescente";"Chuva";"Simples";"Reta";"Rural";3;0;1;0;2;0;1;2
83444247;"02/03/16";"Quarta";"04:30:00";"SP";116;"467,7";"JACUPIRANGA";"Falta de atenção";"Colisão Transversal";"Com Vítimas Feridas";"Plena noite";"Decrescente";"Ceu Claro";"Dupla";"Reta";"Rural";2;0;0;1;1;0;1;2
83444248;"26/02/16";"Sexta";"08:00:00";"PR";369;"93";"CORNELIO PROCOPIO";"Outras";"Capotamento";"Com Vítimas Feridas";"Pleno dia";"Crescente";"Chuva";"Simples";"Curva";"Rural";3;0;2;1;0;0;3;1
83444249;"03/03/16";"Quinta";"09:50:00";"SC";101;"100";"PICARRAS";"Outras";"Capotamento";"Com Vítimas Feridas";"Pleno dia";"Crescente";"Chuva";"Dupla";"Reta";"Urbano";1;0;1;0;0;0;1;1
83444250;"28/02/16";"Domingo";"20:30:00";"ES";262;"20";"VIANA";"Não guardar distância de segurança";"Colisão traseira";"Com Vítimas Feridas";"Plena noite";"Decrescente";"Ceu Claro";"Simples";"Reta";"Urbano";3;0;1;0;2;0;1;3
83444251;"03/03/16";"Quinta";"04:50:00";"RS";470;"270,8";"SAO JOSE DO SUL";"Velocidade incompatível";"Saída de Pista";"Sem Vítimas";"Plena noite";"Crescente";"Chuva";"Simples";"Curva";"Rural";1;0;0;0;1;0;0;1
83444252;"28/02/16";"Domingo";"16:00:00";"MG";262;"500";"MOEMA";"Ingestão de álcool";"Colisão traseira";"Com Vítimas Feridas";"Pleno dia";"Crescente";"Nublado";"Simples";"Reta";"Rural";4;0;3;0;1;0;3;2
83444253;"03/03/16";"Quinta";"07:15:00";"PB";101;"124,1";"CAAPORA";"Velocidade incompatível";"Saída de Pista";"Sem Vítimas";"Pleno dia";"Crescente";"Chuva";"Dupla";"Curva";"Rural";1;0;0;0;1;0;0;1
83444254;"03/03/16";"Quinta";"08:00:00";"GO";153;"503,8";"APARECIDA DE GOIANIA";"Falta de atenção";"Colisão traseira";"Sem Vítimas";"Pleno dia";"Decrescente";"Chuva";"Múltipla";"Reta";"Urbano";2;0;0;0;2;0;0;2
83444255;"03/03/16";"Quinta";"12:40:00";"SC";163;"77,6";"SAO MIGUEL DOESTE";"Velocidade incompatível";"Saída de Pista";"Com Vítimas Feridas";"Pleno dia";"Crescente";"Chuva";"Simples";"Curva";"Rural";1;0;0;1;0;0;1;1
83444256;"03/03/16";"Quinta";"12:55:00";"PR";376;"665";"GUARATUBA";"Velocidade incompatível";"Saída de Pista";"Sem Vítimas";"Pleno dia";"Decrescente";"Nublado";"Múltipla";"Curva";"Rural";1;0;0;0;1;0;0;1
83444257;"03/03/16";"Quinta";"09:10:00";"PR";376;"223,7";"CAMBIRA";"Outras";"Capotamento";"Sem Vítimas";"Pleno dia";"Decrescente";"Chuva";"Dupla";"Curva";"Rural";2;0;0;0;2;0;0;1
83444258;"03/01/16";"Domingo";"17:45:00";"ES";101;"291";"CARIACICA";"Ingestão de álcool";"Colisão Transversal";"Com Vítimas Feridas";"Anoitecer";"Crescente";"Chuva";"Dupla";"Reta";"Urbano";4;0;0;2;2;0;2;2
83444259;"03/03/16";"Quinta";"08:30:00";"SC";101;"235,5";"PALHOCA";"Velocidade incompatível";"Saída de Pista";"Sem Vítimas";"Pleno dia";"Decrescente";"Chuva";"Múltipla";"Reta";"Urbano";1;0;0;0;1;0;0;1
83444260;"03/03/16";"Quinta";"09:50:00";"BA";324;"543";"AMELIA RODRIGUES";"Outras";"Atropelamento de pessoa";"Com Vítimas Feridas";"Pleno dia";"Decrescente";"Nublado";"Dupla";"Curva";"Urbano";2;0;1;0;1;0;1;1
83444261;"03/03/16";"Quinta";"10:38:00";"SC";282;"24,3";"SANTO AMARO DA IMPERATRIZ";"Falta de atenção";"Colisão traseira";"Sem Vítimas";"Pleno dia";"Crescente";"Chuva";"Simples";"Cruzamento";"Urbano";3;0;0;0;3;0;0;3
83444262;"03/03/16";"Quinta";"11:20:00";"MS";163;"276,3";"DOURADOS";"Falta de atenção";"Colisão lateral";"Com Vítimas Feridas";"Pleno dia";"Crescente";"Ceu Claro";"Dupla";"Cruzamento";"Rural";3;0;1;0;2;0;1;2
83444263;"24/02/16";"Quarta";"18:15:00";"SP";116;"155";"SAO JOSE DOS CAMPOS";"Não guardar distância de segurança";"Colisão traseira";"Sem Vítimas";"Anoitecer";"Crescente";"Chuva";"Múltipla";"Reta";"Urbano";4;0;0;0;4;0;0;4
83444264;"28/02/16";"Domingo";"19:10:00";"RS";293;"93,5";"PINHEIRO MACHADO";"Defeito mecânico em veículo";"Saída de Pista";"Com Vítimas Feridas";"Anoitecer";"Crescente";"Nublado";"Simples";"Reta";"Rural";6;0;5;1;0;0;6;1
83444266;"03/03/16";"Quinta";"11:10:00";"RS";116;"530,8";"CAPAO DO LEAO";"Desobediência à sinalização";"Colisão Transversal";"Com Vítimas Feridas";"Pleno dia";"Crescente";"Nublado";"Simples";"Reta";"Urbano";3;0;1;1;1;0;2;2
83444267;"03/03/16";"Quinta";"11:30:00";"SC";163;"68,7";"SAO MIGUEL DOESTE";"Desobediência à sinalização";"Colisão Transversal";"Sem Vítimas";"Pleno dia";"Crescente";"Chuva";"Dupla";"Curva";"Urbano";2;0;0;0;2;0;0;2
83444268;"20/02/16";"Sábado";"23:15:00";"SC";101;"165";"TIJUCAS";"Falta de atenção";"Queda de motocicleta / bicicleta / veículo";"Com Vítimas Feridas";"Plena noite";"Crescente";"Chuva";"Dupla";"Reta";"Rural";2;0;2;0;0;0;2;1
83444270;"03/03/16";"Quinta";"09:37:00";"MA";10;"133";"ESTREITO";"Falta de atenção";"Colisão Transversal";"Com Vítimas Feridas";"Pleno dia";"Decrescente";"Ceu Claro";"Simples";"Reta";"Rural";2;0;0;1;1;0;1;2
83444271;"03/03/16";"Quinta";"09:15:00";"SC";101;"138";"BALNEARIO CAMBORIU";"Falta de atenção";"Colisão traseira";"Com Vítimas Feridas";"Pleno dia";"Crescente";"Chuva";"Dupla";"Reta";"Urbano";3;0;1;0;2;0;1;3
83444272;"03/03/16";"Quinta";"12:00:00";"SC";101;"92,8";"BARRA VELHA";"Defeito mecânico em veículo";"Incêndio";"Sem Vítimas";"Pleno dia";"Decrescente";"Nublado";"Dupla";"Reta";"Rural";1;0;0;0;1;0;0;1
83444273;"31/01/16";"Domingo";"17:40:00";"BA";330;"728";"JEQUIE";"Outras";"Colisão traseira";"Com Vítimas Feridas";"Pleno dia";"Crescente";"Ceu Claro";"Simples";"Reta";"Rural";4;0;1;0;0;3;1;4
83444274;"03/03/16";"Quinta";"09:10:00";"MS";163;"466,1";"CAMPO GRANDE";"Outras";"Tombamento";"Sem Vítimas";"Pleno dia";"Decrescente";"Ceu Claro";"Simples";"Curva";"Rural";1;0;0;0;1;0;0;1
83444275;"03/03/16";"Quinta";"10:15:00";"MT";364;"99";"ALTO GARCAS";"Falta de atenção";"Colisão traseira";"Sem Vítimas";"Pleno dia";"Crescente";"Ceu Claro";"Simples";"Reta";"Urbano";3;0;0;0;3;0;0;3
83444276;"03/03/16";"Quinta";"10:00:00";"GO";80;"123";"BARRO ALTO";"Falta de atenção";"Colisão Transversal";"Com Vítimas Feridas";"Pleno dia";"Crescente";"Chuva";"Simples";"Cruzamento";"Rural";6;0;2;1;3;0;3;2
83444277;"03/03/16";"Quinta";"13:45:00";"RS";158;"95,5";"PALMEIRA DAS MISSOES";"Desobediência à sinalização";"Colisão Transversal";"Sem Vítimas";"Pleno dia";"Crescente";"Nublado";"Simples";"Reta";"Rural";5;0;0;0;5;0;0;2
83444278;"28/02/16";"Domingo";"14:15:00";"SC";101;"128,3";"ITAJAI";"Outras";"Colisão traseira";"Com Vítimas Fatais";"Pleno dia";"Crescente";"Sol";"Dupla";"Reta";"Urbano";2;1;0;0;1;0;0;2
83444279;"03/03/16";"Quinta";"12:30:00";"PA";10;"355";"SANTA MARIA DO PARA";"Falta de atenção";"Colisão lateral";"Sem Vítimas";"Pleno dia";"Decrescente";"Sol";"Dupla";"Curva";"Urbano";3;0;0;0;3;0;0;2
83444280;"03/03/16";"Quinta";"07:50:00";"GO";364;"211";"JATAI";"Não guardar distância de segurança";"Colisão traseira";"Sem Vítimas";"Pleno dia";"Crescente";"Ceu Claro";"Simples";"Reta";"Rural";2;0;0;0;2;0;0;2
83444281;"29/02/16";"Segunda";"07:00:00";"RJ";116;"166,3";"RIO DE JANEIRO";"Outras";"Colisão traseira";"Com Vítimas Feridas";"Pleno dia";"Decrescente";"Ceu Claro";"Múltipla";"Reta";"Urbano";10;0;3;0;7;0;3;6
83444282;"03/03/16";"Quinta";"10:30:00";"SC";101;"428,5";"SOMBRIO";"Falta de atenção";"Colisão lateral";"Com Vítimas Feridas";"Pleno dia";"Decrescente";"Chuva";"Dupla";"Reta";"Urbano";2;0;1;0;1;0;1;2
83444283;"03/03/16";"Quinta";"11:00:00";"PR";116;"179";"QUITANDINHA";"Outras";"Incêndio";"Sem Vítimas";"Pleno dia";"Decrescente";"Sol";"Simples";"Reta";"Rural";1;0;0;0;1;0;0;1
83444284;"20/02/16";"Sábado";"23:30:00";"SC";101;"149";"ITAPEMA";"Falta de atenção";"Colisão Transversal";"Com Vítimas Feridas";"Plena noite";"Decrescente";"Chuva";"Simples";"Reta";"Urbano";2;0;1;0;1;0;1;2
83444285;"03/03/16";"Quinta";"11:30:00";"BA";101;"62";"ENTRE RIOS";"Outras";"Capotamento";"Com Vítimas Feridas";"Pleno dia";"Decrescente";"Nublado";"Simples";"Cruzamento";"Urbano";3;0;2;1;0;0;3;1
83444288;"03/03/16";"Quinta";"15:25:00";"RS";158;"563,7";"SANTANA DO LIVRAMENTO";"Desobediência à sinalização";"Atropelamento de pessoa";"Com Vítimas Feridas";"Pleno dia";"Crescente";"Ceu Claro";"Simples";"Curva";"Urbano";3;0;1;0;2;0;1;1
83444289;"03/03/16";"Quinta";"13:35:00";"PR";272;"376,8";"CAMPO MOURAO";"Defeito mecânico em veículo";"Saída de Pista";"Sem Vítimas";"Pleno dia";"Decrescente";"Sol";"Simples";"Reta";"Rural";2;0;0;0;2;0;0;1
83444290;"03/03/16";"Quinta";"13:00:00";"PR";476;"120";"COLOMBO";"Falta de atenção";"Colisão Transversal";"Com Vítimas Feridas";"Pleno dia";"Crescente";"Nublado";"Dupla";"Cruzamento";"Urbano";2;0;1;0;1;0;1;2
83444291;"24/01/16";"Domingo";"07:53:00";"MG";40;"513";"RIBEIRAO DAS NEVES";"Outras";"Saída de Pista";"Sem Vítimas";"Pleno dia";"Decrescente";"Ceu Claro";"Dupla";"Curva";"Rural";1;0;0;0;1;0;0;1
83444292;"28/02/16";"Domingo";"15:50:00";"GO";40;"7";"VALPARAISO DE GOIAS";"Outras";"Colisão traseira";"Com Vítimas Feridas";"Pleno dia";"Crescente";"Ceu Claro";"Dupla";"Reta";"Urbano";3;0;0;2;0;1;2;2
83444293;"03/03/16";"Quinta";"13:20:00";"PR";116;"99";"SAO JOSE DOS PINHAIS";"Falta de atenção";"Saída de Pista";"Sem Vítimas";"Pleno dia";"Crescente";"Ignorada";"Dupla";"Reta";"Rural";1;0;0;0;1;0;0;1
83444294;"03/03/16";"Quinta";"10:11:00";"AL";101;"135";"SAO MIGUEL DOS CAMPOS";"Outras";"Saída de Pista";"Sem Vítimas";"Pleno dia";"Crescente";"Chuva";"Simples";"Reta";"Rural";1;0;0;0;1;0;0;1
83444295;"03/03/16";"Quinta";"06:50:00";"RJ";116;"301";"RESENDE";"Outras";"Capotamento";"Com Vítimas Feridas";"Amanhecer";"Crescente";"Ceu Claro";"Dupla";"Reta";"Urbano";1;0;1;0;0;0;1;1
83444296;"27/02/16";"Sábado";"07:45:00";"PR";158;"415";"RIO BONITO DO IGUACU";"Falta de atenção";"Colisão Transversal";"Com Vítimas Fatais";"Pleno dia";"Crescente";"Ceu Claro";"Simples";"Reta";"Urbano";5;1;3;0;1;0;3;2
83444297;"29/02/16";"Segunda";"21:30:00";"MT";364;"469";"VARZEA GRANDE";"Velocidade incompatível";"Colisão lateral";"Com Vítimas Fatais";"Plena noite";"Crescente";"Ceu Claro";"Simples";"Reta";"Rural";2;1;0;0;1;0;0;2
83444298;"03/03/16";"Quinta";"14:30:00";"AL";101;"130";"SAO MIGUEL DOS CAMPOS";"Dormindo";"Colisão lateral";"Sem Vítimas";"Pleno dia";"Decrescente";"Ceu Claro";"Simples";"Curva";"Rural";2;0;0;0;2;0;0;2
83444301;"03/03/16";"Quinta";"12:00:00";"PR";277;"28";"MORRETES";"Outras";"Colisão Transversal";"Com Vítimas Feridas";"Pleno dia";"Crescente";"Chuva";"Dupla";"Reta";"Rural";2;0;1;0;1;0;1;2
83444304;"03/03/16";"Quinta";"07:00:00";"PA";230;"99";"MARABA";"Animais na Pista";"Atropelamento de animal";"Com Vítimas Feridas";"Amanhecer";"Crescente";"Ceu Claro";"Simples";"Reta";"Rural";1;0;0;1;0;0;1;1
83444305;"03/03/16";"Quinta";"14:25:00";"RS";101;"35";"TRES CACHOEIRAS";"Outras";"Saída de Pista";"Sem Vítimas";"Pleno dia";"Crescente";"Nublado";"Dupla";"Curva";"Urbano";1;0;0;0;1;0;0;1
83444306;"03/03/16";"Quinta";"15:35:00";"PR";376;"182,7";"SARANDI";"Falta de atenção";"Colisão traseira";"Com Vítimas Feridas";"Pleno dia";"Decrescente";"Sol";"Dupla";"Cruzamento";"Urbano";2;0;1;0;1;0;1;2
83444307;"03/03/16";"Quinta";"13:50:00";"GO";40;"91";"CRISTALINA";"Falta de atenção";"Saída de Pista";"Com Vítimas Feridas";"Pleno dia";"Crescente";"Chuva";"Dupla";"Reta";"Rural";1;0;1;0;0;0;1;1
83444308;"03/03/16";"Quinta";"16:30:00";"RS";285;"457,2";"IJUI";"Desobediência à sinalização";"Colisão Transversal";"Sem Vítimas";"Pleno dia";"Crescente";"Nublado";"Simples";"Cruzamento";"Urbano";2;0;0;0;2;0;0;2
83444309;"22/02/16";"Segunda";"15:10:00";"PI";343;"28,8";"PARNAIBA";"Falta de atenção";"Colisão traseira";"Sem Vítimas";"Pleno dia";"Decrescente";"Sol";"Simples";"Reta";"Rural";2;0;0;0;2;0;0;2
83444310;"21/02/16";"Domingo";"19:00:00";"AL";101;"137";"SAO MIGUEL DOS CAMPOS";"Velocidade incompatível";"Colisão frontal";"Com Vítimas Fatais";"Anoitecer";"Crescente";"Ceu Claro";"Simples";"Curva";"Urbano";3;2;1;0;0;0;1;2
83444311;"03/03/16";"Quinta";"13:15:00";"MG";262;"52,1";"MANHUACU";"Falta de atenção";"Colisão frontal";"Com Vítimas Feridas";"Pleno dia";"Crescente";"Sol";"Simples";"Reta";"Urbano";3;0;1;1;1;0;2;2
83444312;"03/03/16";"Quinta";"15:10:00";"PR";277;"424,9";"CANTAGALO";"Defeito mecânico em veículo";"Saída de Pista";"Sem Vítimas";"Pleno dia";"Crescente";"Ceu Claro";"Simples";"Reta";"Rural";1;0;0;0;1;0;0;1
83444313;"03/03/16";"Quinta";"17:00:00";"SC";101;"206";"SAO JOSE";"Outras";"Colisão lateral";"Com Vítimas Feridas";"Pleno dia";"Decrescente";"Nublado";"Dupla";"Reta";"Urbano";2;0;1;0;1;0;1;2
83444314;"03/03/16";"Quinta";"16:30:00";"SC";280;"259,2";"CANOINHAS";"Outras";"Colisão lateral";"Com Vítimas Feridas";"Pleno dia";"Decrescente";"Ceu Claro";"Simples";"Reta";"Rural";2;0;1;0;1;0;1;2
83444315;"03/03/16";"Quinta";"11:35:00";"PB";230;"129";"MASSARANDUBA";"Velocidade incompatível";"Capotamento";"Sem Vítimas";"Pleno dia";"Decrescente";"Chuva";"Dupla";"Curva";"Rural";1;0;0;0;1;0;0;1
83444316;"29/02/16";"Segunda";"06:40:00";"SP";116;"273,3";"TABOAO DA SERRA";"Não guardar distância de segurança";"Colisão lateral";"Com Vítimas Feridas";"Amanhecer";"Decrescente";"Ceu Claro";"Dupla";"Reta";"Urbano";2;0;1;0;1;0;1;2
83444317;"03/03/16";"Quinta";"15:02:00";"RS";386;"360,8";"FAZENDA VILANOVA";"Desobediência à sinalização";"Colisão Transversal";"Com Vítimas Feridas";"Pleno dia";"Crescente";"Nublado";"Simples";"Reta";"Rural";3;0;1;0;2;0;1;2