"id";"data_inversa";"dia_semana";"horario";"uf";"br";"km";"municipio";"causa_acidente";"tipo_acidente";"classificacao_acidente";"fase_dia";"sentido_via";"condicao_metereologica";"tipo_pista";"tracado_via";"uso_solo";"pessoas";"mortos";"feridos_leves";"feridos_graves";"ilesos";"ignorados";"feridos";"veiculos"
83444431;"03/03/16";"Quinta";"21:00:00";"MT";163;"919,5";"ITAUBA";"Outras";"Colisão traseira";"Com Vítimas Fatais";"Plena noite";"Crescente";"Ceu Claro";"Simples";"Reta";"Rural";6;1;1;3;1;0;4;2
83444432;"29/02/16";"Segunda";"05:30:00";"MG";40;"527";"CONTAGEM";"Outras";"Saída de Pista";"Sem Vítimas";"Amanhecer";"Decrescente";"Ignorada";"Dupla";"Curva";"Urbano";1;0;0;0;1;0;0;1
83444433;"03/03/16";"Quinta";"22:30:00";"MT";70;"561";"POCONE";"Falta de atenção";"Capotamento";"Com Vítimas Feridas";"Plena noite";"Crescente";"Ceu Claro";"Simples";"Reta";"Rural";1;0;0;1;0;0;1;1
83444434;"15/01/16";"Sexta";"11:00:00";"ES";101;"1,9";"SERRA";"Não guardar distância de segurança";"Queda de motocicleta / bicicleta / veículo";"Com Vítimas Feridas";"Pleno dia";"Crescente";"Nublado";"Dupla";"Reta";"Urbano";1;0;1;0;0;0;1;1
83444435;"03/01/16";"Domingo";"09:30:00";"ES";101;"272,4";"SERRA";"Outras";"Colisão com objeto fixo";"Com Vítimas Feridas";"Pleno dia";"Crescente";"Nublado";"Múltipla";"Reta";"Rural";1;0;1;0;0;0;1;1
83444436;"03/03/16";"Quinta";"13:50:00";"RO";364;"211";"PIMENTA BUENO";"Outras";"Saída de Pista";"Sem Vítimas";"Pleno dia";"Decrescente";"Chuva";"Simples";"Curva";"Rural";1;0;0;0;1;0;0;1
83444437;"03/01/16";"Domingo";"10:35:00";"ES";101;"264";"SERRA";"Desobediência à sinalização";"Colisão Transversal";"Com Vítimas Feridas";"Pleno dia";"Decrescente";"Ceu Claro";"Dupla";"Cruzamento";"Urbano";3;0;0;1;2;0;1;3
83444438;"26/02/16";"Sexta";"18:00:00";"RJ";40;"11";"TRES RIOS";"Velocidade incompatível";"Colisão com objeto fixo";"Sem Vítimas";"Anoitecer";"Decrescente";"Chuva";"Dupla";"Curva";"Rural";1;0;0;0;1;0;0;1
83444439;"03/03/16";"Quinta";"16:10:00";"PA";316;"11";"MARITUBA";"Falta de atenção";"Atropelamento de pessoa";"Com Vítimas Fatais";"Pleno dia";"Crescente";"Sol";"Dupla";"Reta";"Urbano";2;1;0;0;1;0;0;1
83444440;"03/03/16";"Quinta";"21:50:00";"PI";343;"349";"TERESINA";"Outras";"Colisão lateral";"Com Vítimas Feridas";"Plena noite";"Crescente";"Nublado";"Simples";"Reta";"Urbano";2;0;1;0;1;0;1;2
83444441;"27/02/16";"Sábado";"00:15:00";"RJ";393;"154,6";"TRES RIOS";"Ingestão de álcool";"Saída de Pista";"Com Vítimas Feridas";"Plena noite";"Crescente";"Chuva";"Simples";"Curva";"Rural";1;0;1;0;0;0;1;1
83444442;"03/03/16";"Quinta";"19:30:00";"SP";116;"450";"REGISTRO";"Outras";"Colisão com objeto móvel";"Sem Vítimas";"Plena noite";"Crescente";"Nublado";"Simples";"Reta";"Rural";2;0;0;0;2;0;0;2
83444443;"25/02/16";"Quinta";"05:47:00";"PR";277;"652,5";"MATELANDIA";"Falta de atenção";"Colisão com objeto fixo";"Com Vítimas Feridas";"Amanhecer";"Crescente";"Chuva";"Simples";"Curva";"Rural";1;0;1;0;0;0;1;1
83444444;"03/03/16";"Quinta";"18:50:00";"GO";364;"275";"MINEIROS";"Defeito na via";"Capotamento";"Com Vítimas Feridas";"Anoitecer";"Decrescente";"Nublado";"Simples";"Curva";"Rural";1;0;1;0;0;0;1;1
83444445;"03/03/16";"Quinta";"13:20:00";"MG";381;"433";"SABARA";"Outras";"Colisão frontal";"Com Vítimas Feridas";"Pleno dia";"Decrescente";"Chuva";"Simples";"Curva";"Urbano";2;0;1;0;1;0;1;2
83444446;"03/03/16";"Quinta";"19:02:00";"PA";316;"2,5";"ANANINDEUA";"Desobediência à sinalização";"Colisão Transversal";"Sem Vítimas";"Plena noite";"Decrescente";"Ceu Claro";"Dupla";"Reta";"Urbano";2;0;0;0;2;0;0;2
83444447;"03/03/16";"Quinta";"18:00:00";"SP";381;"75";"SAO PAULO";"Velocidade incompatível";"Capotamento";"Com Vítimas Feridas";"Pleno dia";"Decrescente";"Chuva";"Dupla";"Curva";"Rural";1;0;1;0;0;0;1;1
83444448;"04/03/16";"Sexta";"02:20:00";"PR";277;"219,9";"FERNANDES PINHEIRO";"Velocidade incompatível";"Saída de Pista";"Ignorado";"Plena noite";"Decrescente";"Ceu Claro";"Simples";"Curva";"Rural";1;0;0;0;0;1;0;1
83444449;"03/03/16";"Quinta";"19:30:00";"GO";20;"179,7";"ALVORADA DO NORTE";"Falta de atenção";"Atropelamento de pessoa";"Com Vítimas Feridas";"Plena noite";"Decrescente";"Ceu Claro";"Simples";"Reta";"Urbano";3;0;1;2;0;0;3;1
83444450;"03/03/16";"Quinta";"18:40:00";"GO";364;"232";"JATAI";"Falta de atenção";"Colisão lateral";"Sem Vítimas";"Anoitecer";"Crescente";"Nublado";"Simples";"Curva";"Rural";2;0;0;0;2;0;0;2
83444451;"03/03/16";"Quinta";"21:00:00";"SC";470;"187,5";"POUSO REDONDO";"Falta de atenção";"Saída de Pista";"Sem Vítimas";"Plena noite";"Decrescente";"Nublado";"Simples";"Curva";"Rural";1;0;0;0;1;0;0;1
83444452;"04/03/16";"Sexta";"05:10:00";"PB";104;"141,3";"QUEIMADAS";"Desobediência à sinalização";"Colisão Transversal";"Com Vítimas Feridas";"Amanhecer";"Crescente";"Nublado";"Simples";"Reta";"Urbano";3;0;2;0;1;0;2;2
83444453;"04/03/16";"Sexta";"00:01:00";"MG";40;"513";"RIBEIRAO DAS NEVES";"Velocidade incompatível";"Capotamento";"Com Vítimas Feridas";"Plena noite";"Crescente";"Nublado";"Dupla";"Curva";"Urbano";2;0;1;0;1;0;1;1
83444454;"03/03/16";"Quinta";"18:00:00";"SC";158;"100,6";"CUNHA PORA";"Falta de atenção";"Tombamento";"Sem Vítimas";"Pleno dia";"Crescente";"Ceu Claro";"Simples";"Reta";"Urbano";1;0;0;0;1;0;0;1
83444455;"03/03/16";"Quinta";"23:10:00";"RJ";101;"287";"ITABORAI";"Outras";"Colisão traseira";"Com Vítimas Feridas";"Plena noite";"Decrescente";"Nublado";"Dupla";"Reta";"Rural";2;0;1;0;1;0;1;2
83444456;"04/03/16";"Sexta";"02:45:00";"PR";376;"493,8";"PONTA GROSSA";"Ingestão de álcool";"Colisão traseira";"Com Vítimas Feridas";"Plena noite";"Crescente";"Nublado";"Dupla";"Reta";"Urbano";2;0;1;0;1;0;1;2
83444457;"04/03/16";"Sexta";"01:40:00";"DF";20;"23";"BRASILIA";"Dormindo";"Colisão com objeto fixo";"Sem Vítimas";"Plena noite";"Decrescente";"Ceu Claro";"Dupla";"Curva";"Rural";1;0;0;0;1;0;0;1
83444458;"03/03/16";"Quinta";"17:45:00";"AL";110;"11,2";"DELMIRO GOUVEIA";"Falta de atenção";"Colisão Transversal";"Sem Vítimas";"Anoitecer";"Decrescente";"Ceu Claro";"Simples";"Reta";"Rural";2;0;0;0;1;1;0;2
83444459;"03/03/16";"Quinta";"17:15:00";"BA";116;"822,2";"VITORIA DA CONQUISTA";"Outras";"Queda de motocicleta / bicicleta / veículo";"Sem Vítimas";"Pleno dia";"Decrescente";"Ceu Claro";"Simples";"Reta";"Urbano";2;0;0;0;2;0;0;2
83444460;"04/03/16";"Sexta";"06:55:00";"SC";101;"123";"ITAJAI";"Falta de atenção";"Colisão Transversal";"Com Vítimas Feridas";"Pleno dia";"Crescente";"Nublado";"Simples";"Cruzamento";"Urbano";2;0;1;0;1;0;1;2
83444462;"04/03/16";"Sexta";"06:20:00";"RS";290;"448,2";"SAO GABRIEL";"Ingestão de álcool";"Colisão lateral";"Sem Vítimas";"Amanhecer";"Crescente";"Nublado";"Simples";"Reta";"Rural";2;0;0;0;2;0;0;2
83444463;"03/03/16";"Quinta";"18:58:00";"GO";40;"97";"CRISTALINA";"Outras";"Colisão lateral";"Com Vítimas Feridas";"Plena noite";"Decrescente";"Nublado";"Simples";"Reta";"Urbano";2;0;1;0;1;0;1;2
83444464;"21/02/16";"Domingo";"22:35:00";"RN";101;"78,5";"NATAL";"Animais na Pista";"Atropelamento de animal";"Com Vítimas Fatais";"Plena noite";"Decrescente";"Ceu Claro";"Dupla";"Reta";"Urbano";2;2;0;0;0;0;0;1
83444465;"03/03/16";"Quinta";"09:20:00";"MG";381;"304";"ANTONIO DIAS";"Dormindo";"Colisão lateral";"Sem Vítimas";"Pleno dia";"Crescente";"Nublado";"Simples";"Curva";"Rural";2;0;0;0;2;0;0;2
83444466;"29/02/16";"Segunda";"03:50:00";"SP";116;"134,5";"SAO JOSE DOS CAMPOS";"Outras";"Colisão traseira";"Com Vítimas Feridas";"Plena noite";"Crescente";"Chuva";"Dupla";"Reta";"Rural";2;0;0;1;1;0;1;2
83444467;"29/02/16";"Segunda";"06:40:00";"MT";364;"27,9";"ALTO ARAGUAIA";"Outras";"Colisão com objeto móvel";"Com Vítimas Feridas";"Pleno dia";"Crescente";"Ceu Claro";"Simples";"Reta";"Rural";1;0;1;0;0;0;1;1
83444468;"01/03/16";"Terça";"00:20:00";"GO";40;"5,4";"VALPARAISO DE GOIAS";"Outras";"Colisão com objeto fixo";"Sem Vítimas";"Plena noite";"Crescente";"Chuva";"Simples";"Reta";"Urbano";1;0;0;0;1;0;0;1
83444469;"03/03/16";"Quinta";"13:00:00";"RJ";40;"124";"DUQUE DE CAXIAS";"Outras";"Capotamento";"Com Vítimas Feridas";"Pleno dia";"Decrescente";"Ceu Claro";"Múltipla";"Reta";"Urbano";2;0;1;0;0;1;1;2
83444470;"04/03/16";"Sexta";"00:03:00";"RJ";40;"108";"DUQUE DE CAXIAS";"Outras";"Tombamento";"Com Vítimas Feridas";"Plena noite";"Crescente";"Ceu Claro";"Múltipla";"Reta";"Urbano";1;0;1;0;0;0;1;1
83444471;"29/02/16";"Segunda";"09:30:00";"GO";40;"7,5";"LUZIANIA";"Falta de atenção";"Colisão com bicicleta";"Com Vítimas Feridas";"Pleno dia";"Decrescente";"Ceu Claro";"Simples";"Reta";"Urbano";2;0;1;0;1;0;1;2
83444472;"17/02/16";"Quarta";"13:20:00";"PR";376;"183,8";"SARANDI";"Desobediência à sinalização";"Colisão Transversal";"Com Vítimas Feridas";"Pleno dia";"Crescente";"Ceu Claro";"Dupla";"Reta";"Urbano";2;0;1;0;1;0;1;2
83444473;"03/03/16";"Quinta";"09:00:00";"RR";174;"663,6";"PACARAIMA";"Velocidade incompatível";"Colisão frontal";"Com Vítimas Fatais";"Pleno dia";"Decrescente";"Ceu Claro";"Simples";"Curva";"Rural";2;2;0;0;0;0;0;2
83444475;"18/02/16";"Quinta";"13:30:00";"RO";364;"396";"OURO PRETO DO OESTE";"Falta de atenção";"Saída de Pista";"Com Vítimas Feridas";"Pleno dia";"Decrescente";"Chuva";"Simples";"Reta";"Rural";2;0;1;0;1;0;1;1
83444476;"03/03/16";"Quinta";"17:35:00";"TO";226;"62";"WANDERLANDIA";"Defeito mecânico em veículo";"Colisão com objeto móvel";"Sem Vítimas";"Pleno dia";"Crescente";"Ceu Claro";"Simples";"Reta";"Rural";2;0;0;0;2;0;0;2
83444477;"22/02/16";"Segunda";"03:10:00";"RJ";40;"110";"DUQUE DE CAXIAS";"Falta de atenção";"Colisão traseira";"Com Vítimas Feridas";"Plena noite";"Crescente";"Nublado";"Dupla";"Reta";"Urbano";2;0;1;0;1;0;1;2
83444478;"02/03/16";"Quarta";"19:30:00";"RS";116;"555,6";"CAPAO DO LEAO";"Outras";"Saída de Pista";"Sem Vítimas";"Plena noite";"Crescente";"Chuva";"Simples";"Curva";"Rural";2;0;0;0;2;0;0;1
83444479;"26/02/16";"Sexta";"10:50:00";"SC";101;"213,7";"PALHOCA";"Falta de atenção";"Colisão Transversal";"Sem Vítimas";"Pleno dia";"Crescente";"Ceu Claro";"Múltipla";"Reta";"Urbano";2;0;0;0;2;0;0;2
83444480;"03/03/16";"Quinta";"17:15:00";"TO";226;"65";"WANDERLANDIA";"Defeito na via";"Saída de Pista";"Sem Vítimas";"Pleno dia";"Crescente";"Ceu Claro";"Simples";"Reta";"Rural";1;0;0;0;1;0;0;1
83444481;"01/03/16";"Terça";"00:15:00";"MG";116;"686,7";"MURIAE";"Animais na Pista";"Capotamento";"Com Vítimas Feridas";"Plena noite";"Crescente";"Nublado";"Simples";"Curva";"Rural";5;0;4;1;0;0;5;1
83444482;"04/03/16";"Sexta";"07:55:00";"DF";20;"18";"BRASILIA";"Falta de atenção";"Colisão Transversal";"Com Vítimas Feridas";"Pleno dia";"Crescente";"Sol";"Dupla";"Reta";"Urbano";3;0;1;0;2;0;1;2
83444483;"04/03/16";"Sexta";"10:20:00";"MA";10;"260";"IMPERATRIZ";"Outras";"Colisão Transversal";"Sem Vítimas";"Pleno dia";"Decrescente";"Sol";"Simples";"Reta";"Rural";2;0;0;0;2;0;0;2
83444484;"20/01/16";"Quarta";"05:15:00";"RS";448;"0,3";"SAPUCAIA DO SUL";"Desobediência à sinalização";"Colisão frontal";"Com Vítimas Feridas";"Plena noite";"Crescente";"Ceu Claro";"Múltipla";"Curva";"Urbano";3;0;0;1;2;0;1;2
83444486;"04/03/16";"Sexta";"07:50:00";"RS";290;"215,2";"PANTANO GRANDE";"Falta de atenção";"Colisão Transversal";"Sem Vítimas";"Pleno dia";"Decrescente";"Ceu Claro";"Simples";"Reta";"Urbano";2;0;0;0;2;0;0;2
83444487;"04/03/16";"Sexta";"07:30:00";"MG";365;"9";"MONTES CLAROS";"Outras";"Queda de motocicleta / bicicleta / veículo";"Com Vítimas Feridas";"Pleno dia";"Crescente";"Sol";"Simples";"Reta";"Rural";2;0;2;0;0;0;2;1
83444488;"15/01/16";"Sexta";"04:30:00";"MG";381;"332";"NOVA ERA";"Outras";"Tombamento";"Ignorado";"Plena noite";"Decrescente";"Ignorada";"Simples";"Curva";"Urbano";1;0;0;0;0;1;0;1
83444489;"20/01/16";"Quarta";"06:15:00";"ES";262;"120,9";"CONCEICAO DO CASTELO";"Velocidade incompatível";"Colisão com objeto móvel";"Com Vítimas Fatais";"Pleno dia";"Crescente";"Chuva";"Simples";"Curva";"Rural";1;1;0;0;0;0;0;1
83444490;"04/03/16";"Sexta";"09:55:00";"RS";290;"11";"SANTO ANTONIO DA PATRULHA";"Velocidade incompatível";"Saída de Pista";"Sem Vítimas";"Pleno dia";"Decrescente";"Chuva";"Dupla";"Reta";"Rural";1;0;0;0;1;0;0;1
83444491;"02/03/16";"Quarta";"13:45:00";"BA";242;"545";"OLIVEIRA DOS BREJINHOS";"Ultrapassagem indevida";"Colisão lateral";"Com Vítimas Feridas";"Pleno dia";"Decrescente";"Ceu Claro";"Simples";"Reta";"Rural";3;0;1;0;2;0;1;2
83444492;"04/03/16";"Sexta";"09:15:00";"MG";381;"491,6";"BETIM";"Falta de atenção";"Colisão com objeto fixo";"Sem Vítimas";"Pleno dia";"Crescente";"Nublado";"Dupla";"Reta";"Urbano";1;0;0;0;1;0;0;1
83444493;"08/01/16";"Sexta";"12:00:00";"PR";369;"146";"LONDRINA";"Outras";"Colisão lateral";"Sem Vítimas";"Pleno dia";"Crescente";"Ignorada";"Dupla";"Reta";"Urbano";2;0;0;0;1;1;0;2
83444494;"04/03/16";"Sexta";"07:10:00";"SP";116;"144";"SAO JOSE DOS CAMPOS";"Falta de atenção";"Colisão traseira";"Sem Vítimas";"Pleno dia";"Crescente";"Sol";"Dupla";"Reta";"Urbano";2;0;0;0;2;0;0;2
83444495;"29/02/16";"Segunda";"09:00:00";"MG";262;"553,8";"LUZ";"Defeito mecânico em veículo";"Tombamento";"Com Vítimas Feridas";"Pleno dia";"Crescente";"Ceu Claro";"Simples";"Curva";"Rural";1;0;1;0;0;0;1;1
83444496;"04/03/16";"Sexta";"07:50:00";"SC";101;"53";"JOINVILLE";"Falta de atenção";"Capotamento";"Com Vítimas Feridas";"Pleno dia";"Decrescente";"Ceu Claro";"Dupla";"Cruzamento";"Urbano";4;0;3;0;1;0;3;2
83444497;"29/02/16";"Segunda";"15:50:00";"RJ";493;"4";"ITABORAI";"Falta de atenção";"Colisão traseira";"Sem Vítimas";"Pleno dia";"Crescente";"Chuva";"Simples";"Reta";"Urbano";2;0;0;0;2;0;0;2
83444498;"04/03/16";"Sexta";"10:10:00";"PA";316;"65,8";"ANANINDEUA";"Não guardar distância de segurança";"Colisão traseira";"Sem Vítimas";"Pleno dia";"Crescente";"Ceu Claro";"Dupla";"Reta";"Urbano";2;0;0;0;2;0;0;2
83444499;"04/03/16";"Sexta";"08:30:00";"MT";70;"730";"CACERES";"Falta de atenção";"Colisão Transversal";"Com Vítimas Feridas";"Pleno dia";"Crescente";"Ceu Claro";"Simples";"Reta";"Urbano";2;0;0;1;1;0;1;2
83444500;"01/03/16";"Terça";"00:01:00";"SP";116;"94,5";"PINDAMONHANGABA";"Outras";"Queda de motocicleta / bicicleta / veículo";"Com Vítimas Feridas";"Plena noite";"Decrescente";"Chuva";"Dupla";"Reta";"Rural";2;0;1;0;0;1;1;2
83444501;"04/03/16";"Sexta";"06:55:00";"SE";235;"2,8";"ARACAJU";"Outras";"Queda de motocicleta / bicicleta / veículo";"Com Vítimas Feridas";"Pleno dia";"Crescente";"Ceu Claro";"Dupla";"Reta";"Rural";1;0;1;0;0;0;1;1
83444502;"04/03/16";"Sexta";"09:30:00";"SP";116;"564,3";"BARRA DO TURVO";"Velocidade incompatível";"Colisão com objeto fixo";"Sem Vítimas";"Pleno dia";"Crescente";"Sol";"Dupla";"Reta";"Rural";1;0;0;0;1;0;0;1
83444503;"04/03/16";"Sexta";"11:30:00";"RS";290;"26,4";"SANTO ANTONIO DA PATRULHA";"Velocidade incompatível";"Saída de Pista";"Sem Vítimas";"Pleno dia";"Crescente";"Chuva";"Dupla";"Reta";"Rural";1;0;0;0;1;0;0;1
83444504;"28/02/16";"Domingo";"21:40:00";"CE";116;"524,3";"JATI";"Dormindo";"Colisão lateral";"Com Vítimas Feridas";"Plena noite";"Crescente";"Ceu Claro";"Simples";"Reta";"Rural";2;0;1;0;1;0;1;2
83444507;"01/03/16";"Terça";"05:45:00";"MG";381;"160,2";"GOVERNADOR VALADARES";"Defeito mecânico em veículo";"Tombamento";"Sem Vítimas";"Pleno dia";"Decrescente";"Ceu Claro";"Simples";"Reta";"Rural";1;0;0;0;1;0;0;1
83444509;"29/02/16";"Segunda";"15:50:00";"ES";262;"34";"DOMINGOS MARTINS";"Ingestão de álcool";"Colisão lateral";"Sem Vítimas";"Pleno dia";"Decrescente";"Ceu Claro";"Simples";"Curva";"Rural";2;0;0;0;1;1;0;2
83444510;"29/02/16";"Segunda";"10:30:00";"RJ";101;"187";"CASIMIRO DE ABREU";"Ultrapassagem indevida";"Colisão lateral";"Com Vítimas Feridas";"Pleno dia";"Decrescente";"Sol";"Simples";"Reta";"Rural";3;0;1;0;2;0;1;2
83444511;"04/03/16";"Sexta";"07:00:00";"PR";116;"101,5";"SAO JOSE DOS PINHAIS";"Outras";"Atropelamento de animal";"Com Vítimas Feridas";"Pleno dia";"Crescente";"Ceu Claro";"Dupla";"Reta";"Urbano";1;0;1;0;0;0;1;1
83444512;"03/03/16";"Quinta";"17:00:00";"GO";70;"5,3";"AGUAS LINDAS DE GOIAS";"Ingestão de álcool";"Colisão frontal";"Com Vítimas Feridas";"Pleno dia";"Decrescente";"Chuva";"Dupla";"Curva";"Urbano";2;0;1;1;0;0;2;2
83444513;"04/03/16";"Sexta";"11:45:00";"RS";290;"92";"PORTO ALEGRE";"Falta de atenção";"Colisão traseira";"Sem Vítimas";"Pleno dia";"Decrescente";"Nublado";"Múltipla";"Reta";"Urbano";2;0;0;0;2;0;0;2
83444514;"04/03/16";"Sexta";"07:35:00";"PR";116;"114";"CURITIBA";"Outras";"Colisão traseira";"Com Vítimas Feridas";"Pleno dia";"Decrescente";"Ceu Claro";"Dupla";"Reta";"Rural";3;0;2;0;1;0;2;3
83444516;"04/03/16";"Sexta";"07:20:00";"PR";369;"195,9";"ARAPONGAS";"Velocidade incompatível";"Colisão Transversal";"Com Vítimas Feridas";"Amanhecer";"Crescente";"Nevoeiro/neblina";"Dupla";"Reta";"Rural";11;0;9;1;1;0;10;4
83444517;"16/01/16";"Sábado";"21:00:00";"PR";376;"144";"PRESIDENTE CASTELO BRANCO";"Outras";"Queda de motocicleta / bicicleta / veículo";"Com Vítimas Feridas";"Plena noite";"Crescente";"Ignorada";"Simples";"Reta";"Urbano";1;0;1;0;0;0;1;1
83444518;"04/03/16";"Sexta";"10:00:00";"CE";222;"126";"ITAPAGE";"Falta de atenção";"Colisão Transversal";"Sem Vítimas";"Pleno dia";"Crescente";"Ceu Claro";"Simples";"Reta";"Urbano";3;0;0;0;3;0;0;3
83444519;"29/02/16";"Segunda";"16:00:00";"RS";287;"372,2";"SANTIAGO";"Outras";"Colisão traseira";"Sem Vítimas";"Pleno dia";"Crescente";"Ceu Claro";"Simples";"Reta";"Rural";3;0;0;0;3;0;0;2
83444520;"04/03/16";"Sexta";"10:30:00";"RJ";40;"91";"PETROPOLIS";"Velocidade incompatível";"Saída de Pista";"Sem Vítimas";"Pleno dia";"Decrescente";"Chuva";"Dupla";"Curva";"Rural";1;0;0;0;1;0;0;1
83444521;"04/03/16";"Sexta";"09:00:00";"PR";376;"175,7";"MARINGA";"Defeito mecânico em veículo";"Colisão traseira";"Com Vítimas Feridas";"Pleno dia";"Decrescente";"Ceu Claro";"Dupla";"Cruzamento";"Urbano";3;0;1;0;2;0;1;3
83444522;"04/03/16";"Sexta";"10:45:00";"PR";373;"173,6";"PONTA GROSSA";"Falta de atenção";"Atropelamento de pessoa";"Com Vítimas Fatais";"Pleno dia";"Decrescente";"Ceu Claro";"Dupla";"Reta";"Urbano";2;1;0;0;1;0;0;1
83444524;"29/02/16";"Segunda";"06:05:00";"MT";364;"264";"SAO PEDRO DA CIPA";"Outras";"Tombamento";"Com Vítimas Fatais";"Amanhecer";"Decrescente";"Ceu Claro";"Simples";"Reta";"Urbano";1;1;0;0;0;0;0;1
83444525;"04/03/16";"Sexta";"12:00:00";"RS";116;"40,2";"VACARIA";"Desobediência à sinalização";"Colisão Transversal";"Sem Vítimas";"Pleno dia";"Decrescente";"Nublado";"Simples";"Cruzamento";"Urbano";4;0;0;0;4;0;0;2
83444526;"04/03/16";"Sexta";"11:50:00";"SC";280;"232,1";"CANOINHAS";"Falta de atenção";"Atropelamento de pessoa";"Com Vítimas Feridas";"Pleno dia";"Crescente";"Ceu Claro";"Simples";"Reta";"Urbano";2;0;0;1;1;0;1;1
83444527;"27/02/16";"Sábado";"13:20:00";"BA";324;"411";"NOVA FATIMA";"Falta de atenção";"Colisão traseira";"Com Vítimas Feridas";"Pleno dia";"Decrescente";"Sol";"Simples";"Reta";"Rural";4;0;2;0;2;0;2;2
83444529;"04/03/16";"Sexta";"12:15:00";"RS";101;"18,9";"TRES CACHOEIRAS";"Falta de atenção";"Colisão Transversal";"Com Vítimas Feridas";"Pleno dia";"Crescente";"Nublado";"Dupla";"Reta";"Urbano";2;0;1;0;1;0;1;2
83444530;"04/03/16";"Sexta";"07:40:00";"ES";101;"297";"CARIACICA";"Outras";"Queda de motocicleta / bicicleta / veículo";"Com Vítimas Feridas";"Pleno dia";"Crescente";"Ceu Claro";"Dupla";"Reta";"Urbano";2;0;1;1;0;0;2;1
83444532;"02/03/16";"Quarta";"11:38:00";"PR";153;"44,3";"SANTO ANTONIO DA PLATINA";"Falta de atenção";"Colisão Transversal";"Com Vítimas Feridas";"Pleno dia";"Crescente";"Nublado";"Simples";"Reta";"Urbano";2;0;2;0;0;0;2;2
83444533;"04/03/16";"Sexta";"08:30:00";"MS";267;"429";"MARACAJU";"Defeito mecânico em veículo";"Capotamento";"Sem Vítimas";"Pleno dia";"Crescente";"Ceu Claro";"Simples";"Reta";"Rural";2;0;0;0;2;0;0;1
83444534;"27/02/16";"Sábado";"19:00:00";"PR";163;"25";"SANTO ANTONIO DO SUDOESTE";"Ultrapassagem indevida";"Saída de Pista";"Sem Vítimas";"Anoitecer";"Crescente";"Nublado";"Simples";"Curva";"Rural";1;0;0;0;1;0;0;1
83444535;"04/03/16";"Sexta";"12:00:00";"GO";60;"29";"ALEXANIA";"Outras";"Capotamento";"Com Vítimas Feridas";"Pleno dia";"Decrescente";"Chuva";"Dupla";"Reta";"Rural";1;0;1;0;0;0;1;1
83444536;"04/03/16";"Sexta";"10:50:00";"MG";381;"697,4";"LAVRAS";"Outras";"Capotamento";"Com Vítimas Feridas";"Pleno dia";"Crescente";"Chuva";"Dupla";"Curva";"Rural";1;0;1;0;0;0;1;1
83444537;"04/03/16";"Sexta";"07:15:00";"PB";101;"93,9";"CONDE";"Outras";"Capotamento";"Sem Vítimas";"Pleno dia";"Decrescente";"Chuva";"Dupla";"Reta";"Rural";1;0;0;0;1;0;0;1
83444538;"04/03/16";"Sexta";"07:00:00";"MG";381;"492";"BETIM";"Outras";"Colisão com objeto fixo";"Sem Vítimas";"Amanhecer";"Crescente";"Ceu Claro";"Dupla";"Reta";"Urbano";1;0;0;0;1;0;0;1
83444539;"04/03/16";"Sexta";"11:00:00";"MG";381;"686,6";"LAVRAS";"Velocidade incompatível";"Capotamento";"Sem Vítimas";"Pleno dia";"Crescente";"Chuva";"Dupla";"Curva";"Rural";1;0;0;0;1;0;0;1
83444540;"04/03/16";"Sexta";"12:40:00";"RS";386;"343,2";"LAJEADO";"Ingestão de álcool";"Colisão Transversal";"Com Vítimas Feridas";"Pleno dia";"Crescente";"Nublado";"Simples";"Reta";"Urbano";3;0;2;0;1;0;2;2
83444542;"04/03/16";"Sexta";"10:42:00";"MG";365;"632";"UBERLANDIA";"Defeito mecânico em veículo";"Tombamento";"Com Vítimas Feridas";"Pleno dia";"Decrescente";"Sol";"Dupla";"Reta";"Rural";1;0;1;0;0;0;1;1
83444543;"04/03/16";"Sexta";"14:00:00";"RJ";116;"163";"RIO DE JANEIRO";"Outras";"Danos Eventuais";"Sem Vítimas";"Pleno dia";"Crescente";"Ceu Claro";"Dupla";"Reta";"Urbano";1;0;0;0;1;0;0;1
83444544;"01/03/16";"Terça";"04:50:00";"MG";50;"0";"ARAGUARI";"Outras";"Colisão com objeto fixo";"Sem Vítimas";"Amanhecer";"Crescente";"Ceu Claro";"Simples";"Reta";"Rural";1;0;0;0;1;0;0;1
83444545;"04/03/16";"Sexta";"07:40:00";"MG";381;"492";"BETIM";"Outras";"Queda de motocicleta / bicicleta / veículo";"Com Vítimas Feridas";"Pleno dia";"Decrescente";"Ceu Claro";"Dupla";"Reta";"Urbano";1;0;1;0;0;0;1;1
83444546;"04/03/16";"Sexta";"13:10:00";"MG";116;"588,6";"MANHUACU";"Ingestão de álcool";"Colisão lateral";"Com Vítimas Feridas";"Pleno dia";"Crescente";"Ceu Claro";"Simples";"Curva";"Rural";2;0;1;0;1;0;1;2
83444547;"04/03/16";"Sexta";"07:40:00";"SC";282;"4,8";"SAO JOSE";"Não guardar distância de segurança";"Colisão lateral";"Com Vítimas Feridas";"Pleno dia";"Decrescente";"Ceu Claro";"Dupla";"Reta";"Urbano";3;0;0;1;1;1;1;3
83444548;"04/03/16";"Sexta";"12:00:00";"RS";285;"566,4";"SAO LUIZ GONZAGA";"Desobediência à sinalização";"Colisão Transversal";"Com Vítimas Feridas";"Pleno dia";"Crescente";"Sol";"Simples";"Reta";"Urbano";2;0;1;0;1;0;1;2