"id";"data_inversa";"dia_semana";"horario";"uf";"br";"km";"municipio";"causa_acidente";"tipo_acidente";"classificacao_acidente";"fase_dia";"sentido_via";"condicao_metereologica";"tipo_pista";"tracado_via";"uso_solo";"pessoas";"mortos";"feridos_leves";"feridos_graves";"ilesos";"ignorados";"feridos";"veiculos"
83444549;"04/03/16";"Sexta";"10:30:00";"SC";282;"1,5";"FLORIANOPOLIS";"Falta de atenção";"Colisão lateral";"Com Vítimas Feridas";"Pleno dia";"Decrescente";"Ceu Claro";"Dupla";"Reta";"Urbano";2;0;1;0;1;0;1;2
83444550;"01/03/16";"Terça";"16:45:00";"MS";463;"102";"PONTA PORA";"Velocidade incompatível";"Colisão lateral";"Com Vítimas Fatais";"Pleno dia";"Crescente";"Nublado";"Simples";"Reta";"Rural";2;1;0;0;1;0;0;2
83444551;"29/02/16";"Segunda";"17:10:00";"GO";60;"95";"ANAPOLIS";"Outras";"Colisão traseira";"Sem Vítimas";"Pleno dia";"Decrescente";"Sol";"Dupla";"Reta";"Urbano";2;0;0;0;2;0;0;2
83444553;"16/01/16";"Sábado";"20:50:00";"ES";101;"270,8";"SERRA";"Outras";"Atropelamento de pessoa";"Com Vítimas Feridas";"Plena noite";"Decrescente";"Chuva";"Dupla";"Reta";"Urbano";2;0;0;1;0;1;1;1
83444554;"04/03/16";"Sexta";"10:00:00";"RN";101;"84";"NATAL";"Outras";"Colisão Transversal";"Com Vítimas Feridas";"Pleno dia";"Decrescente";"Ceu Claro";"Dupla";"Reta";"Urbano";2;0;1;0;1;0;1;2
83444555;"04/03/16";"Sexta";"09:00:00";"PE";101;"82,7";"JABOATAO DOS GUARARAPES";"Não guardar distância de segurança";"Colisão traseira";"Sem Vítimas";"Pleno dia";"Crescente";"Ceu Claro";"Dupla";"Reta";"Urbano";2;0;0;0;2;0;0;2
83444556;"04/03/16";"Sexta";"12:00:00";"RS";158;"165,5";"PANAMBI";"Não guardar distância de segurança";"Colisão traseira";"Sem Vítimas";"Pleno dia";"Decrescente";"Ceu Claro";"Simples";"Reta";"Rural";2;0;0;0;2;0;0;2
83444557;"13/01/16";"Quarta";"06:30:00";"GO";60;"95";"ANAPOLIS";"Outras";"Colisão lateral";"Com Vítimas Feridas";"Amanhecer";"Crescente";"Chuva";"Dupla";"Reta";"Urbano";2;0;1;0;1;0;1;2
83444558;"04/03/16";"Sexta";"09:30:00";"TO";153;"505,5";"PARAISO DO TOCANTINS";"Defeito mecânico em veículo";"Saída de Pista";"Com Vítimas Feridas";"Pleno dia";"Crescente";"Ceu Claro";"Simples";"Reta";"Rural";1;0;1;0;0;0;1;1
83444559;"04/03/16";"Sexta";"14:15:00";"MG";153;"52";"MONTE ALEGRE DE MINAS";"Velocidade incompatível";"Saída de Pista";"Sem Vítimas";"Pleno dia";"Crescente";"Nublado";"Dupla";"Reta";"Rural";1;0;0;0;1;0;0;1
83444560;"28/02/16";"Domingo";"17:30:00";"PI";222;"11";"SAO JOAO DA FRONTEIRA";"Falta de atenção";"Colisão lateral";"Com Vítimas Feridas";"Anoitecer";"Decrescente";"Ceu Claro";"Simples";"Reta";"Rural";3;0;0;2;1;0;2;2
83444561;"15/01/16";"Sexta";"11:00:00";"SC";101;"80";"BARRA VELHA";"Falta de atenção";"Colisão com objeto fixo";"Sem Vítimas";"Pleno dia";"Decrescente";"Ceu Claro";"Dupla";"Reta";"Rural";1;0;0;0;1;0;0;1
83444562;"27/02/16";"Sábado";"00:20:00";"GO";60;"92";"ANAPOLIS";"Outras";"Atropelamento de pessoa";"Com Vítimas Fatais";"Plena noite";"Decrescente";"Ceu Claro";"Simples";"Reta";"Urbano";2;1;0;0;0;1;0;1
83444563;"01/03/16";"Terça";"06:00:00";"SP";116;"187,8";"SANTA ISABEL";"Animais na Pista";"Saída de Pista";"Com Vítimas Feridas";"Amanhecer";"Crescente";"Chuva";"Dupla";"Reta";"Rural";1;0;1;0;0;0;1;1
83444564;"04/03/16";"Sexta";"08:30:00";"PB";101;"122,8";"CAAPORA";"Velocidade incompatível";"Saída de Pista";"Sem Vítimas";"Pleno dia";"Crescente";"Ceu Claro";"Dupla";"Reta";"Rural";1;0;0;0;1;0;0;1
83444566;"04/03/16";"Sexta";"10:00:00";"MG";381;"344";"BELA VISTA DE MINAS";"Velocidade incompatível";"Saída de Pista";"Sem Vítimas";"Pleno dia";"Crescente";"Chuva";"Simples";"Curva";"Rural";1;0;0;0;1;0;0;1
83444567;"04/03/16";"Sexta";"08:00:00";"MG";40;"826,3";"SIMAO PEREIRA";"Velocidade incompatível";"Saída de Pista";"Com Vítimas Feridas";"Amanhecer";"Crescente";"Chuva";"Dupla";"Curva";"Rural";1;0;0;1;0;0;1;1
83444568;"04/03/16";"Sexta";"06:00:00";"GO";80;"162";"URUACU";"Defeito mecânico em veículo";"Tombamento";"Sem Vítimas";"Amanhecer";"Decrescente";"Ceu Claro";"Simples";"Reta";"Rural";1;0;0;0;1;0;0;1
83444570;"04/03/16";"Sexta";"08:10:00";"AL";101;"179,8";"JUNQUEIRO";"Outras";"Tombamento";"Com Vítimas Feridas";"Pleno dia";"Decrescente";"Ceu Claro";"Dupla";"Curva";"Rural";1;0;1;0;0;0;1;1
83444571;"04/03/16";"Sexta";"14:30:00";"SC";101;"125";"ITAJAI";"Falta de atenção";"Colisão traseira";"Sem Vítimas";"Pleno dia";"Crescente";"Nublado";"Simples";"Reta";"Urbano";2;0;0;0;2;0;0;2
83444572;"04/03/16";"Sexta";"11:00:00";"MG";381;"336";"NOVA ERA";"Velocidade incompatível";"Capotamento";"Com Vítimas Feridas";"Pleno dia";"Decrescente";"Nublado";"Simples";"Curva";"Rural";3;0;2;0;1;0;2;1
83444573;"04/03/16";"Sexta";"13:50:00";"TO";153;"668";"GURUPI";"Velocidade incompatível";"Saída de Pista";"Com Vítimas Feridas";"Pleno dia";"Decrescente";"Chuva";"Simples";"Reta";"Urbano";2;0;2;0;0;0;2;1
83444574;"04/03/16";"Sexta";"14:10:00";"MG";262;"186";"SAO DOMINGOS DO PRATA";"Outras";"Capotamento";"Sem Vítimas";"Pleno dia";"Crescente";"Nublado";"Simples";"Curva";"Rural";1;0;0;0;1;0;0;1
83444575;"04/03/16";"Sexta";"12:15:00";"SP";116;"61,4";"GUARATINGUETA";"Outras";"Colisão traseira";"Com Vítimas Feridas";"Pleno dia";"Crescente";"Sol";"Dupla";"Reta";"Rural";2;0;1;0;1;0;1;2
83444578;"04/03/16";"Sexta";"14:00:00";"MG";381;"341";"BELA VISTA DE MINAS";"Outras";"Capotamento";"Sem Vítimas";"Pleno dia";"Crescente";"Chuva";"Simples";"Curva";"Urbano";1;0;0;0;1;0;0;1
83444580;"04/03/16";"Sexta";"12:05:00";"MS";163;"660,3";"RIO VERDE DE MATO GROSSO";"Velocidade incompatível";"Saída de Pista";"Com Vítimas Feridas";"Pleno dia";"Decrescente";"Chuva";"Simples";"Reta";"Rural";4;0;2;0;2;0;2;1
83444582;"04/03/16";"Sexta";"13:00:00";"SC";282;"505,4";"XANXERE";"Falta de atenção";"Colisão lateral";"Com Vítimas Feridas";"Pleno dia";"Crescente";"Nublado";"Dupla";"Cruzamento";"Urbano";3;0;2;0;1;0;2;2
83444583;"04/03/16";"Sexta";"14:40:00";"RS";287;"242,3";"SANTA MARIA";"Não guardar distância de segurança";"Colisão traseira";"Com Vítimas Feridas";"Pleno dia";"Crescente";"Nublado";"Simples";"Reta";"Urbano";2;0;1;0;1;0;1;2
83444584;"04/03/16";"Sexta";"12:20:00";"MT";174;"9,5";"PONTES E LACERDA";"Falta de atenção";"Colisão lateral";"Com Vítimas Feridas";"Pleno dia";"Decrescente";"Ceu Claro";"Simples";"Reta";"Rural";7;0;1;0;6;0;1;2
83444585;"04/03/16";"Sexta";"13:20:00";"RO";364;"693";"CANDEIAS DO JAMARI";"Falta de atenção";"Colisão traseira";"Sem Vítimas";"Pleno dia";"Decrescente";"Chuva";"Dupla";"Reta";"Urbano";2;0;0;0;2;0;0;2
83444587;"04/03/16";"Sexta";"11:00:00";"PR";277;"101";"CURITIBA";"Velocidade incompatível";"Saída de Pista";"Sem Vítimas";"Pleno dia";"Crescente";"Sol";"Dupla";"Curva";"Rural";1;0;0;0;1;0;0;1
83444588;"01/03/16";"Terça";"01:16:00";"PR";277;"101";"CURITIBA";"Outras";"Colisão traseira";"Com Vítimas Feridas";"Plena noite";"Decrescente";"Ceu Claro";"Dupla";"Reta";"Rural";4;0;2;1;1;0;3;2
83444589;"17/01/16";"Domingo";"03:30:00";"RO";364;"600";"CANDEIAS DO JAMARI";"Falta de atenção";"Queda de motocicleta / bicicleta / veículo";"Com Vítimas Feridas";"Plena noite";"Decrescente";"Ceu Claro";"Simples";"Reta";"Rural";1;0;0;1;0;0;1;1
83444590;"04/03/16";"Sexta";"11:00:00";"ES";101;"375";"ICONHA";"Dormindo";"Colisão Transversal";"Sem Vítimas";"Pleno dia";"Crescente";"Ceu Claro";"Simples";"Reta";"Urbano";2;0;0;0;1;1;0;2
83444592;"03/03/16";"Quinta";"00:30:00";"MT";163;"1043";"MATUPA";"Outras";"Saída de Pista";"Sem Vítimas";"Plena noite";"Crescente";"Nublado";"Simples";"Reta";"Rural";1;0;0;0;1;0;0;1
83444593;"04/03/16";"Sexta";"15:30:00";"SC";101;"6";"GARUVA";"Falta de atenção";"Colisão lateral";"Sem Vítimas";"Pleno dia";"Crescente";"Sol";"Dupla";"Reta";"Urbano";2;0;0;0;2;0;0;2
83444594;"04/03/16";"Sexta";"09:30:00";"SC";101;"34";"JOINVILLE";"Outras";"Queda de motocicleta / bicicleta / veículo";"Com Vítimas Feridas";"Pleno dia";"Decrescente";"Sol";"Dupla";"Reta";"Rural";2;0;1;0;1;0;1;2
83444595;"04/03/16";"Sexta";"07:10:00";"PE";232;"155,9";"SAO CAITANO";"Não guardar distância de segurança";"Colisão traseira";"Com Vítimas Fatais";"Pleno dia";"Crescente";"Ceu Claro";"Simples";"Reta";"Rural";2;1;0;0;1;0;0;2
83444596;"16/01/16";"Sábado";"10:00:00";"ES";101;"222";"IBIRACU";"Outras";"Colisão traseira";"Com Vítimas Feridas";"Pleno dia";"Decrescente";"Ceu Claro";"Simples";"Curva";"Rural";3;0;0;1;0;2;1;2
83444597;"04/03/16";"Sexta";"08:00:00";"PI";316;"6,3";"TERESINA";"Animais na Pista";"Atropelamento de animal";"Com Vítimas Feridas";"Pleno dia";"Decrescente";"Sol";"Simples";"Reta";"Urbano";1;0;1;0;0;0;1;1
83444599;"04/03/16";"Sexta";"14:40:00";"MG";381;"570,8";"ITAGUARA";"Velocidade incompatível";"Colisão traseira";"Com Vítimas Feridas";"Pleno dia";"Decrescente";"Ceu Claro";"Dupla";"Reta";"Rural";3;0;0;2;1;0;2;2
83444600;"04/03/16";"Sexta";"13:00:00";"MG";153;"150,2";"CAMPO FLORIDO";"Defeito na via";"Saída de Pista";"Com Vítimas Feridas";"Pleno dia";"Crescente";"Chuva";"Simples";"Curva";"Rural";1;0;1;0;0;0;1;1
83444601;"04/03/16";"Sexta";"15:30:00";"MG";381;"813,4";"CAREACU";"Velocidade incompatível";"Saída de Pista";"Sem Vítimas";"Pleno dia";"Crescente";"Chuva";"Dupla";"Curva";"Rural";1;0;0;0;1;0;0;1
83444602;"04/03/16";"Sexta";"16:30:00";"BA";407;"124";"SENHOR DO BONFIM";"Falta de atenção";"Colisão lateral";"Sem Vítimas";"Pleno dia";"Decrescente";"Ceu Claro";"Simples";"Reta";"Rural";2;0;0;0;2;0;0;2
83444604;"04/03/16";"Sexta";"15:00:00";"PE";408;"91";"SAO LOURENCO DA MATA";"Defeito mecânico em veículo";"Saída de Pista";"Com Vítimas Feridas";"Pleno dia";"Decrescente";"Sol";"Dupla";"Reta";"Rural";2;0;1;0;1;0;1;1
83444605;"04/03/16";"Sexta";"13:35:00";"PR";277;"505,8";"GUARANIACU";"Falta de atenção";"Capotamento";"Com Vítimas Feridas";"Pleno dia";"Crescente";"Nublado";"Simples";"Reta";"Rural";3;0;1;0;1;1;1;2
83444607;"27/02/16";"Sábado";"05:00:00";"PR";373;"178,3";"PONTA GROSSA";"Outras";"Saída de Pista";"Ignorado";"Plena noite";"Crescente";"Nublado";"Simples";"Reta";"Urbano";1;0;0;0;0;1;0;1
83444608;"04/03/16";"Sexta";"08:00:00";"MS";267;"192,9";"NOVA ALVORADA DO SUL";"Defeito mecânico em veículo";"Colisão com objeto móvel";"Com Vítimas Feridas";"Pleno dia";"Crescente";"Ceu Claro";"Simples";"Reta";"Rural";2;0;0;1;1;0;1;2
83444609;"04/03/16";"Sexta";"17:30:00";"RS";116;"248";"SAO LEOPOLDO";"Velocidade incompatível";"Colisão traseira";"Sem Vítimas";"Pleno dia";"Decrescente";"Sol";"Múltipla";"Reta";"Urbano";4;0;0;0;4;0;0;4
83444610;"04/03/16";"Sexta";"08:05:00";"RS";386;"222,4";"MORMACO";"Desobediência à sinalização";"Colisão lateral";"Sem Vítimas";"Pleno dia";"Crescente";"Nublado";"Simples";"Reta";"Rural";3;0;0;0;3;0;0;3
83444611;"04/03/16";"Sexta";"11:40:00";"RN";427;"110,3";"CAICO";"Outras";"Tombamento";"Sem Vítimas";"Pleno dia";"Decrescente";"Ceu Claro";"Simples";"Curva";"Rural";1;0;0;0;1;0;0;1
83444612;"04/03/16";"Sexta";"17:45:00";"MG";381;"929,5";"ITAPEVA";"Velocidade incompatível";"Saída de Pista";"Sem Vítimas";"Pleno dia";"Decrescente";"Nublado";"Dupla";"Curva";"Rural";1;0;0;0;1;0;0;1
83444613;"23/01/16";"Sábado";"19:57:00";"RJ";101;"324";"NITEROI";"Outras";"Queda de motocicleta / bicicleta / veículo";"Com Vítimas Feridas";"Plena noite";"Decrescente";"Ignorada";"Dupla";"Reta";"Urbano";1;0;0;1;0;0;1;1
83444614;"04/03/16";"Sexta";"13:20:00";"MG";116;"638,1";"DIVINO";"Velocidade incompatível";"Capotamento";"Com Vítimas Feridas";"Pleno dia";"Crescente";"Chuva";"Simples";"Reta";"Rural";2;0;2;0;0;0;2;1
83444615;"04/03/16";"Sexta";"18:00:00";"MG";50;"175,8";"UBERABA";"Velocidade incompatível";"Colisão com objeto fixo";"Sem Vítimas";"Anoitecer";"Decrescente";"Chuva";"Dupla";"Reta";"Urbano";1;0;0;0;1;0;0;1
83444616;"04/03/16";"Sexta";"16:05:00";"PR";376;"174,5";"MARINGA";"Falta de atenção";"Colisão traseira";"Com Vítimas Feridas";"Pleno dia";"Crescente";"Sol";"Dupla";"Reta";"Urbano";2;0;1;0;1;0;1;2
83444617;"04/03/16";"Sexta";"06:10:00";"AM";174;"988";"MANAUS";"Outras";"Atropelamento de pessoa";"Com Vítimas Fatais";"Amanhecer";"Crescente";"Ceu Claro";"Simples";"Reta";"Urbano";2;1;0;0;0;1;0;1
83444618;"04/03/16";"Sexta";"17:30:00";"MG";50;"161,4";"UBERABA";"Velocidade incompatível";"Saída de Pista";"Sem Vítimas";"Pleno dia";"Crescente";"Chuva";"Dupla";"Reta";"Rural";1;0;0;0;1;0;0;1
83444619;"04/03/16";"Sexta";"14:05:00";"GO";452;"3,6";"RIO VERDE";"Outras";"Colisão traseira";"Com Vítimas Feridas";"Pleno dia";"Crescente";"Chuva";"Dupla";"Reta";"Rural";2;0;1;0;1;0;1;2
83444620;"04/03/16";"Sexta";"16:30:00";"MT";364;"254,2";"JUSCIMEIRA";"Não guardar distância de segurança";"Saída de Pista";"Sem Vítimas";"Pleno dia";"Crescente";"Nublado";"Simples";"Reta";"Rural";1;0;0;0;1;0;0;1
83444621;"04/03/16";"Sexta";"12:25:00";"PR";369;"96";"CORNELIO PROCOPIO";"Falta de atenção";"Colisão Transversal";"Com Vítimas Feridas";"Pleno dia";"Crescente";"Ceu Claro";"Simples";"Reta";"Urbano";7;0;1;0;6;0;1;2
83444622;"25/02/16";"Quinta";"18:00:00";"RJ";393;"289";"VOLTA REDONDA";"Não guardar distância de segurança";"Colisão traseira";"Com Vítimas Feridas";"Plena noite";"Crescente";"Chuva";"Dupla";"Reta";"Urbano";2;0;0;1;1;0;1;2
83444623;"04/03/16";"Sexta";"16:39:00";"PR";369;"18";"CAMBARA";"Dormindo";"Saída de Pista";"Sem Vítimas";"Pleno dia";"Crescente";"Ceu Claro";"Simples";"Reta";"Urbano";1;0;0;0;1;0;0;1
83444624;"04/03/16";"Sexta";"16:00:00";"MG";262;"630";"IBIA";"Falta de atenção";"Saída de Pista";"Sem Vítimas";"Pleno dia";"Decrescente";"Chuva";"Simples";"Curva";"Rural";1;0;0;0;1;0;0;1
83444626;"04/03/16";"Sexta";"07:10:00";"GO";60;"7,6";"APARECIDA DE GOIANIA";"Falta de atenção";"Colisão traseira";"Sem Vítimas";"Pleno dia";"Crescente";"Ceu Claro";"Dupla";"Reta";"Urbano";3;0;0;0;3;0;0;2
83444627;"04/03/16";"Sexta";"17:00:00";"RJ";101;"530";"ANGRA DOS REIS";"Outras";"Colisão lateral";"Com Vítimas Feridas";"Pleno dia";"Crescente";"Ceu Claro";"Simples";"Reta";"Rural";2;0;1;0;0;1;1;2
83444628;"02/03/16";"Quarta";"03:20:00";"SP";116;"106,8";"TAUBATE";"Dormindo";"Saída de Pista";"Sem Vítimas";"Plena noite";"Decrescente";"Nublado";"Dupla";"Reta";"Urbano";1;0;0;0;1;0;0;1
83444629;"04/03/16";"Sexta";"16:35:00";"PR";376;"176,3";"MARINGA";"Não guardar distância de segurança";"Colisão traseira";"Com Vítimas Feridas";"Pleno dia";"Crescente";"Sol";"Múltipla";"Reta";"Urbano";2;0;1;0;1;0;1;2
83444630;"04/03/16";"Sexta";"15:00:00";"MG";365;"45,7";"CLARO DOS POCOES";"Dormindo";"Colisão lateral";"Sem Vítimas";"Anoitecer";"Crescente";"Chuva";"Simples";"Curva";"Rural";2;0;0;0;2;0;0;2
83444631;"04/03/16";"Sexta";"17:50:00";"MG";50;"39";"ARAGUARI";"Defeito na via";"Capotamento";"Com Vítimas Feridas";"Pleno dia";"Crescente";"Ceu Claro";"Dupla";"Curva";"Urbano";1;0;1;0;0;0;1;1
83444633;"04/03/16";"Sexta";"10:40:00";"PE";232;"62,5";"POMBOS";"Defeito mecânico em veículo";"Tombamento";"Sem Vítimas";"Pleno dia";"Crescente";"Ceu Claro";"Dupla";"Reta";"Rural";1;0;0;0;1;0;0;1
83444634;"04/03/16";"Sexta";"17:10:00";"MG";116;"284,2";"TEOFILO OTONI";"Outras";"Saída de Pista";"Sem Vítimas";"Pleno dia";"Crescente";"Nublado";"Simples";"Reta";"Rural";2;0;0;0;2;0;0;1
83444635;"02/03/16";"Quarta";"17:20:00";"PR";369;"133,3";"IBIPORA";"Outras";"Colisão traseira";"Sem Vítimas";"Pleno dia";"Crescente";"Ceu Claro";"Simples";"Cruzamento";"Urbano";2;0;0;0;1;1;0;2
83444636;"04/03/16";"Sexta";"16:30:00";"PR";376;"176,3";"MARINGA";"Desobediência à sinalização";"Colisão Transversal";"Com Vítimas Feridas";"Pleno dia";"Decrescente";"Ceu Claro";"Dupla";"Cruzamento";"Urbano";2;0;0;1;1;0;1;2
83444638;"04/03/16";"Sexta";"15:30:00";"RJ";101;"319";"SAO GONCALO";"Outras";"Colisão lateral";"Com Vítimas Feridas";"Pleno dia";"Decrescente";"Ceu Claro";"Dupla";"Reta";"Urbano";2;0;0;1;1;0;1;2
83444639;"04/03/16";"Sexta";"17:30:00";"GO";364;"161,7";"JATAI";"Outras";"Saída de Pista";"Com Vítimas Feridas";"Pleno dia";"Decrescente";"Chuva";"Simples";"Curva";"Rural";1;0;1;0;0;0;1;1
83444640;"04/03/16";"Sexta";"16:00:00";"RJ";116;"168";"SAO JOAO DE MERITI";"Outras";"Atropelamento de pessoa";"Com Vítimas Feridas";"Pleno dia";"Decrescente";"Nublado";"Múltipla";"Reta";"Urbano";2;0;0;1;1;0;1;1
83444641;"04/03/16";"Sexta";"17:40:00";"AL";104;"31,1";"UNIAO DOS PALMARES";"Outras";"Colisão lateral";"Sem Vítimas";"Anoitecer";"Decrescente";"Nublado";"Simples";"Reta";"Rural";2;0;0;0;2;0;0;2
83444642;"04/03/16";"Sexta";"17:20:00";"MT";70;"1,2";"BARRA DO GARCAS";"Falta de atenção";"Colisão Transversal";"Com Vítimas Feridas";"Pleno dia";"Decrescente";"Nublado";"Dupla";"Reta";"Urbano";2;0;2;0;0;0;2;2
83444643;"04/03/16";"Sexta";"19:00:00";"SC";116;"220";"CORREIA PINTO";"Falta de atenção";"Colisão traseira";"Com Vítimas Feridas";"Plena noite";"Crescente";"Nublado";"Simples";"Reta";"Urbano";2;0;0;1;1;0;1;2
83444644;"04/03/16";"Sexta";"18:45:00";"SC";163;"68,7";"SAO MIGUEL DOESTE";"Desobediência à sinalização";"Colisão Transversal";"Sem Vítimas";"Anoitecer";"Decrescente";"Ceu Claro";"Dupla";"Curva";"Urbano";2;0;0;0;2;0;0;2
83444645;"04/03/16";"Sexta";"17:10:00";"BA";116;"685,6";"JEQUIE";"Outras";"Saída de Pista";"Com Vítimas Feridas";"Pleno dia";"Crescente";"Ceu Claro";"Simples";"Reta";"Rural";1;0;1;0;0;0;1;1
83444646;"04/03/16";"Sexta";"17:20:00";"MG";40;"525,5";"CONTAGEM";"Não guardar distância de segurança";"Colisão traseira";"Com Vítimas Feridas";"Pleno dia";"Decrescente";"Ceu Claro";"Dupla";"Reta";"Urbano";3;0;1;0;2;0;1;3
83444647;"02/03/16";"Quarta";"22:30:00";"MT";364;"265";"SAO PEDRO DA CIPA";"Outras";"Colisão com objeto móvel";"Com Vítimas Feridas";"Plena noite";"Decrescente";"Ceu Claro";"Dupla";"Reta";"Urbano";1;0;1;0;0;0;1;1
83444648;"04/03/16";"Sexta";"17:00:00";"PE";101;"68";"RECIFE";"Não guardar distância de segurança";"Colisão traseira";"Sem Vítimas";"Pleno dia";"Decrescente";"Nublado";"Dupla";"Reta";"Urbano";4;0;0;0;1;3;0;4
83444650;"04/03/16";"Sexta";"19:18:00";"MS";262;"482,8";"ANASTACIO";"Animais na Pista";"Atropelamento de animal";"Sem Vítimas";"Plena noite";"Crescente";"Nublado";"Simples";"Curva";"Rural";1;0;0;0;1;0;0;1
83444651;"03/03/16";"Quinta";"09:30:00";"RO";364;"540";"ARIQUEMES";"Defeito mecânico em veículo";"Tombamento";"Sem Vítimas";"Pleno dia";"Crescente";"Sol";"Simples";"Curva";"Rural";1;0;0;0;1;0;0;1
83444652;"04/03/16";"Sexta";"19:50:00";"PE";232;"274";"SERTANIA";"Desobediência à sinalização";"Capotamento";"Com Vítimas Feridas";"Plena noite";"Crescente";"Ceu Claro";"Simples";"Reta";"Rural";2;0;0;1;0;1;1;2
83444653;"04/03/16";"Sexta";"19:45:00";"SC";101;"204";"SAO JOSE";"Outras";"Queda de motocicleta / bicicleta / veículo";"Com Vítimas Feridas";"Plena noite";"Decrescente";"Ceu Claro";"Dupla";"Reta";"Urbano";1;0;1;0;0;0;1;1
83444654;"04/03/16";"Sexta";"07:20:00";"RN";110;"47,5";"MOSSORO";"Falta de atenção";"Colisão Transversal";"Com Vítimas Feridas";"Plena noite";"Decrescente";"Ignorada";"Simples";"Cruzamento";"Urbano";2;0;1;0;1;0;1;2
83444655;"02/03/16";"Quarta";"20:40:00";"SC";282;"111";"LAGES";"Falta de atenção";"Colisão traseira";"Sem Vítimas";"Plena noite";"Crescente";"Chuva";"Simples";"Reta";"Rural";2;0;0;0;2;0;0;2
83444656;"04/03/16";"Sexta";"16:45:00";"SC";282;"4";"FLORIANOPOLIS";"Falta de atenção";"Colisão lateral";"Com Vítimas Feridas";"Pleno dia";"Crescente";"Ceu Claro";"Dupla";"Reta";"Urbano";2;0;0;1;1;0;1;2
83444657;"04/03/16";"Sexta";"15:02:00";"PE";428;"184";"PETROLINA";"Desobediência à sinalização";"Colisão Transversal";"Com Vítimas Feridas";"Plena noite";"Decrescente";"Nublado";"Simples";"Cruzamento";"Urbano";3;0;1;0;2;0;1;3
83444658;"25/02/16";"Quinta";"09:45:00";"MG";365;"639";"UBERLANDIA";"Desobediência à sinalização";"Colisão Transversal";"Com Vítimas Feridas";"Pleno dia";"Crescente";"Sol";"Dupla";"Reta";"Rural";3;0;0;2;1;0;2;2
83444659;"04/03/16";"Sexta";"19:00:00";"PR";277;"81";"CURITIBA";"Velocidade incompatível";"Colisão traseira";"Sem Vítimas";"Plena noite";"Crescente";"Nublado";"Dupla";"Reta";"Urbano";3;0;0;0;2;1;0;2
83444661;"29/02/16";"Segunda";"06:10:00";"DF";40;"4";"BRASILIA";"Falta de atenção";"Atropelamento de pessoa";"Com Vítimas Feridas";"Pleno dia";"Crescente";"Ceu Claro";"Dupla";"Reta";"Urbano";2;0;1;0;1;0;1;1
83444662;"04/03/16";"Sexta";"17:00:00";"SP";153;"56";"SAO JOSE DO RIO PRETO";"Falta de atenção";"Colisão lateral";"Sem Vítimas";"Pleno dia";"Crescente";"Ceu Claro";"Simples";"Reta";"Rural";2;0;0;0;2;0;0;2
83444663;"04/02/16";"Quinta";"16:00:00";"MS";163;"590";"BANDEIRANTES";"Velocidade incompatível";"Saída de Pista";"Sem Vítimas";"Pleno dia";"Crescente";"Chuva";"Simples";"Reta";"Rural";1;0;0;0;1;0;0;1
83444664;"04/03/16";"Sexta";"15:30:00";"PA";10;"259,8";"AURORA DO PARA";"Falta de atenção";"Colisão traseira";"Com Vítimas Feridas";"Pleno dia";"Crescente";"Ceu Claro";"Simples";"Reta";"Rural";2;0;1;0;1;0;1;2
83444665;"04/03/16";"Sexta";"09:45:00";"SP";116;"94,6";"PINDAMONHANGABA";"Defeito mecânico em veículo";"Queda de motocicleta / bicicleta / veículo";"Com Vítimas Feridas";"Pleno dia";"Decrescente";"Sol";"Dupla";"Reta";"Urbano";1;0;1;0;0;0;1;1
83444667;"04/03/16";"Sexta";"16:20:00";"RN";304;"28";"MOSSORO";"Defeito na via";"Colisão Transversal";"Com Vítimas Feridas";"Pleno dia";"Crescente";"Chuva";"Simples";"Reta";"Urbano";3;0;1;0;2;0;1;3
83444668;"04/03/16";"Sexta";"08:20:00";"MS";163;"419";"NOVA ALVORADA DO SUL";"Falta de atenção";"Colisão traseira";"Sem Vítimas";"Pleno dia";"Crescente";"Sol";"Simples";"Reta";"Rural";2;0;0;0;2;0;0;2
83444669;"04/03/16";"Sexta";"13:10:00";"CE";222;"5";"FORTALEZA";"Falta de atenção";"Colisão Transversal";"Com Vítimas Feridas";"Pleno dia";"Decrescente";"Ceu Claro";"Dupla";"Reta";"Urbano";3;0;2;0;1;0;2;2
83444670;"04/03/16";"Sexta";"18:45:00";"PR";277;"83,8";"CURITIBA";"Desobediência à sinalização";"Colisão traseira";"Com Vítimas Feridas";"Plena noite";"Crescente";"Ceu Claro";"Dupla";"Reta";"Urbano";3;0;1;0;1;1;1;2
83444671;"04/03/16";"Sexta";"19:30:00";"PE";104;"53";"CARUARU";"Desobediência à sinalização";"Colisão lateral";"Com Vítimas Feridas";"Plena noite";"Crescente";"Ceu Claro";"Dupla";"Reta";"Urbano";2;0;0;1;0;1;1;2
83444672;"04/03/16";"Sexta";"14:00:00";"PR";476;"122";"CURITIBA";"Desobediência à sinalização";"Atropelamento de pessoa";"Com Vítimas Feridas";"Pleno dia";"Crescente";"Nublado";"Dupla";"Reta";"Urbano";2;0;1;1;0;0;2;1
83444673;"04/03/16";"Sexta";"19:00:00";"MG";381;"726,8";"CARMO DA CACHOEIRA";"Velocidade incompatível";"Colisão com objeto fixo";"Sem Vítimas";"Plena noite";"Decrescente";"Ignorada";"Dupla";"Curva";"Rural";1;0;0;0;1;0;0;1
83444674;"04/03/16";"Sexta";"20:10:00";"PR";376;"283,2";"MARILANDIA DO SUL";"Dormindo";"Capotamento";"Com Vítimas Feridas";"Plena noite";"Decrescente";"Ceu Claro";"Simples";"Curva";"Rural";1;0;0;1;0;0;1;1