"id";"data_inversa";"dia_semana";"horario";"uf";"br";"km";"municipio";"causa_acidente";"tipo_acidente";"classificacao_acidente";"fase_dia";"sentido_via";"condicao_metereologica";"tipo_pista";"tracado_via";"uso_solo";"pessoas";"mortos";"feridos_leves";"feridos_graves";"ilesos";"ignorados";"feridos";"veiculos"
83444675;"04/02/16";"Quinta";"16:25:00";"MG";40;"430";"PARAOPEBA";"Defeito na via";"Derramamento de Carga";"Sem Vítimas";"Pleno dia";"Decrescente";"Chuva";"Dupla";"Reta";"Rural";2;0;0;0;1;1;0;2
83444676;"04/03/16";"Sexta";"16:40:00";"MS";163;"835,8";"SONORA";"Velocidade incompatível";"Colisão traseira";"Sem Vítimas";"Pleno dia";"Crescente";"Ceu Claro";"Simples";"Reta";"Rural";3;0;0;0;3;0;0;2
83444677;"04/03/16";"Sexta";"21:10:00";"PE";428;"190";"PETROLINA";"Falta de atenção";"Colisão Transversal";"Com Vítimas Feridas";"Plena noite";"Decrescente";"Ceu Claro";"Simples";"Reta";"Urbano";2;0;1;0;1;0;1;2
83444678;"04/03/16";"Sexta";"21:30:00";"RS";116;"150";"CAXIAS DO SUL";"Não guardar distância de segurança";"Colisão traseira";"Sem Vítimas";"Plena noite";"Decrescente";"Ceu Claro";"Dupla";"Reta";"Urbano";2;0;0;0;2;0;0;2
83444679;"04/03/16";"Sexta";"16:20:00";"MG";262;"578,4";"CORREGO DANTA";"Velocidade incompatível";"Colisão frontal";"Com Vítimas Feridas";"Pleno dia";"Crescente";"Chuva";"Simples";"Curva";"Rural";3;0;1;1;1;0;2;2
83444680;"08/01/16";"Sexta";"13:45:00";"RN";226;"139,7";"CAMPO REDONDO";"Defeito mecânico em veículo";"Capotamento";"Sem Vítimas";"Pleno dia";"Crescente";"Sol";"Simples";"Reta";"Rural";3;0;0;0;3;0;0;1
83444681;"04/03/16";"Sexta";"15:30:00";"MG";381;"439";"SABARA";"Velocidade incompatível";"Colisão frontal";"Com Vítimas Fatais";"Pleno dia";"Decrescente";"Chuva";"Simples";"Curva";"Rural";4;1;1;2;0;0;3;2
83444682;"04/03/16";"Sexta";"21:45:00";"SC";101;"197";"BIGUACU";"Falta de atenção";"Colisão com objeto fixo";"Sem Vítimas";"Plena noite";"Decrescente";"Ceu Claro";"Dupla";"Curva";"Urbano";1;0;0;0;1;0;0;1
83444683;"04/03/16";"Sexta";"16:40:00";"MG";381;"328";"NOVA ERA";"Outras";"Colisão com objeto fixo";"Sem Vítimas";"Pleno dia";"Decrescente";"Chuva";"Dupla";"Curva";"Urbano";1;0;0;0;1;0;0;1
83444684;"04/03/16";"Sexta";"17:30:00";"BA";407;"1";"JUAZEIRO";"Não guardar distância de segurança";"Colisão traseira";"Com Vítimas Feridas";"Anoitecer";"Crescente";"Nublado";"Simples";"Reta";"Urbano";2;0;1;0;1;0;1;2
83444685;"04/03/16";"Sexta";"16:35:00";"MG";381;"338";"NOVA ERA";"Velocidade incompatível";"Colisão frontal";"Com Vítimas Feridas";"Pleno dia";"Decrescente";"Nublado";"Simples";"Curva";"Rural";8;0;7;0;1;0;7;2
83444686;"04/03/16";"Sexta";"18:45:00";"SP";153;"58,8";"SAO JOSE DO RIO PRETO";"Outras";"Colisão Transversal";"Sem Vítimas";"Anoitecer";"Decrescente";"Ceu Claro";"Simples";"Reta";"Urbano";2;0;0;0;2;0;0;2
83444687;"04/03/16";"Sexta";"21:10:00";"PE";232;"146";"SAO CAITANO";"Velocidade incompatível";"Colisão traseira";"Sem Vítimas";"Plena noite";"Decrescente";"Nublado";"Dupla";"Reta";"Urbano";2;0;0;0;1;1;0;2
83444688;"04/03/16";"Sexta";"16:00:00";"MA";10;"259";"IMPERATRIZ";"Não guardar distância de segurança";"Colisão traseira";"Com Vítimas Feridas";"Pleno dia";"Decrescente";"Ceu Claro";"Simples";"Reta";"Urbano";2;0;1;0;1;0;1;2
83444689;"28/02/16";"Domingo";"19:30:00";"SC";101;"214,3";"PALHOCA";"Falta de atenção";"Colisão traseira";"Sem Vítimas";"Plena noite";"Decrescente";"Ceu Claro";"Dupla";"Reta";"Urbano";2;0;0;0;2;0;0;2
83444690;"04/03/16";"Sexta";"17:20:00";"MG";40;"460,5";"SETE LAGOAS";"Velocidade incompatível";"Colisão traseira";"Com Vítimas Feridas";"Pleno dia";"Crescente";"Chuva";"Dupla";"Curva";"Rural";2;0;1;0;0;1;1;2
83444691;"04/03/16";"Sexta";"21:30:00";"MG";381;"335";"NOVA ERA";"Velocidade incompatível";"Saída de Pista";"Sem Vítimas";"Plena noite";"Decrescente";"Chuva";"Simples";"Curva";"Rural";1;0;0;0;1;0;0;1
83444692;"04/03/16";"Sexta";"14:30:00";"MG";356;"284,7";"PATROCINIO DO MURIAE";"Velocidade incompatível";"Colisão frontal";"Com Vítimas Fatais";"Pleno dia";"Crescente";"Chuva";"Simples";"Curva";"Rural";3;2;0;1;0;0;1;2
83444693;"04/03/16";"Sexta";"14:10:00";"TO";153;"140,3";"ARAGUAINA";"Não guardar distância de segurança";"Colisão traseira";"Com Vítimas Feridas";"Pleno dia";"Crescente";"Nublado";"Dupla";"Reta";"Urbano";2;0;1;0;1;0;1;2
83444694;"04/03/16";"Sexta";"18:30:00";"SE";101;"75,6";"MARUIM";"Outras";"Atropelamento de pessoa";"Com Vítimas Fatais";"Plena noite";"Decrescente";"Ceu Claro";"Simples";"Curva";"Rural";2;1;0;0;0;1;0;1
83444695;"04/03/16";"Sexta";"20:15:00";"PR";373;"201,1";"IPIRANGA";"Desobediência à sinalização";"Colisão frontal";"Com Vítimas Feridas";"Plena noite";"Crescente";"Ceu Claro";"Simples";"Reta";"Rural";4;0;1;0;3;0;1;3
83444696;"04/03/16";"Sexta";"17:50:00";"MG";381;"722,2";"CARMO DA CACHOEIRA";"Outras";"Colisão com objeto fixo";"Sem Vítimas";"Anoitecer";"Decrescente";"Chuva";"Dupla";"Curva";"Rural";1;0;0;0;1;0;0;1
83444697;"04/03/16";"Sexta";"17:00:00";"PR";369;"163,1";"CAMBE";"Não guardar distância de segurança";"Colisão traseira";"Com Vítimas Feridas";"Pleno dia";"Decrescente";"Sol";"Dupla";"Reta";"Urbano";5;0;1;0;4;0;1;3
83444698;"29/02/16";"Segunda";"07:13:00";"GO";40;"3";"VALPARAISO DE GOIAS";"Falta de atenção";"Colisão lateral";"Com Vítimas Feridas";"Pleno dia";"Decrescente";"Ceu Claro";"Dupla";"Reta";"Urbano";3;0;1;0;2;0;1;3
83444699;"04/03/16";"Sexta";"21:50:00";"RJ";101;"332";"RIO DE JANEIRO";"Outras";"Queda de motocicleta / bicicleta / veículo";"Com Vítimas Feridas";"Plena noite";"Crescente";"Nublado";"Dupla";"Reta";"Urbano";2;0;1;0;1;0;1;1
83444700;"04/03/16";"Sexta";"09:50:00";"PR";163;"329";"GUAIRA";"Defeito na via";"Derramamento de Carga";"Sem Vítimas";"Pleno dia";"Decrescente";"Ceu Claro";"Simples";"Reta";"Rural";1;0;0;0;1;0;0;1
83444701;"04/03/16";"Sexta";"21:30:00";"PA";316;"2";"ANANINDEUA";"Não guardar distância de segurança";"Colisão traseira";"Sem Vítimas";"Plena noite";"Decrescente";"Ceu Claro";"Dupla";"Reta";"Urbano";3;0;0;0;3;0;0;3
83444702;"04/03/16";"Sexta";"19:00:00";"MT";163;"39,1";"ITIQUIRA";"Falta de atenção";"Saída de Pista";"Sem Vítimas";"Plena noite";"Decrescente";"Ceu Claro";"Dupla";"Curva";"Rural";1;0;0;0;1;0;0;1
83444703;"04/03/16";"Sexta";"18:55:00";"GO";50;"269,3";"CATALAO";"Outras";"Colisão lateral";"Com Vítimas Feridas";"Plena noite";"Crescente";"Chuva";"Simples";"Reta";"Rural";4;0;1;1;2;0;2;3
83444704;"04/03/16";"Sexta";"16:30:00";"MT";364;"535";"ROSARIO OESTE";"Defeito na via";"Tombamento";"Com Vítimas Feridas";"Pleno dia";"Decrescente";"Ceu Claro";"Simples";"Reta";"Rural";1;0;1;0;0;0;1;1
83444705;"04/03/16";"Sexta";"17:50:00";"MT";163;"105";"RONDONOPOLIS";"Não guardar distância de segurança";"Colisão traseira";"Com Vítimas Feridas";"Pleno dia";"Decrescente";"Sol";"Dupla";"Reta";"Rural";20;0;0;1;19;0;1;2
83444706;"04/03/16";"Sexta";"15:30:00";"SC";282;"202";"LAGES";"Falta de atenção";"Saída de Pista";"Com Vítimas Feridas";"Pleno dia";"Crescente";"Ceu Claro";"Simples";"Reta";"Rural";1;0;1;0;0;0;1;1
83444707;"28/02/16";"Domingo";"20:30:00";"SC";282;"22";"SANTO AMARO DA IMPERATRIZ";"Outras";"Colisão traseira";"Sem Vítimas";"Plena noite";"Crescente";"Ceu Claro";"Simples";"Reta";"Urbano";2;0;0;0;2;0;0;2
83444708;"04/03/16";"Sexta";"21:50:00";"MG";381;"528,1";"BRUMADINHO";"Velocidade incompatível";"Capotamento";"Sem Vítimas";"Plena noite";"Crescente";"Chuva";"Dupla";"Curva";"Rural";1;0;0;0;1;0;0;1
83444709;"04/03/16";"Sexta";"11:40:00";"PR";376;"597";"CURITIBA";"Velocidade incompatível";"Saída de Pista";"Sem Vítimas";"Pleno dia";"Crescente";"Ceu Claro";"Dupla";"Reta";"Urbano";2;0;0;0;2;0;0;1
83444710;"04/03/16";"Sexta";"21:05:00";"MT";364;"404";"CUIABA";"Defeito mecânico em veículo";"Colisão traseira";"Com Vítimas Feridas";"Plena noite";"Decrescente";"Nublado";"Simples";"Reta";"Urbano";2;0;1;0;1;0;1;2
83444711;"13/02/16";"Sábado";"04:40:00";"SC";282;"575,1";"PINHALZINHO";"Ingestão de álcool";"Colisão lateral";"Com Vítimas Feridas";"Plena noite";"Decrescente";"Ignorada";"Simples";"Reta";"Rural";2;0;0;1;1;0;1;2
83444712;"15/02/16";"Segunda";"06:15:00";"SC";470;"4";"NAVEGANTES";"Outras";"Colisão com bicicleta";"Sem Vítimas";"Plena noite";"Decrescente";"Nublado";"Simples";"Reta";"Urbano";3;0;0;0;2;1;0;2
83444713;"04/03/16";"Sexta";"22:50:00";"MG";354;"711,3";"CAXAMBU";"Velocidade incompatível";"Capotamento";"Sem Vítimas";"Plena noite";"Decrescente";"Chuva";"Simples";"Curva";"Rural";1;0;0;0;1;0;0;1
83444714;"04/03/16";"Sexta";"19:45:00";"MA";222;"256";"ARARI";"Outras";"Atropelamento de pessoa";"Com Vítimas Fatais";"Plena noite";"Decrescente";"Ignorada";"Simples";"Reta";"Rural";2;1;0;0;0;1;0;1
83444715;"04/03/16";"Sexta";"19:50:00";"MG";116;"639,4";"DIVINO";"Animais na Pista";"Capotamento";"Sem Vítimas";"Plena noite";"Decrescente";"Chuva";"Simples";"Reta";"Rural";1;0;0;0;1;0;0;1
83444716;"04/03/16";"Sexta";"15:30:00";"PA";230;"630";"ALTAMIRA";"Desobediência à sinalização";"Colisão Transversal";"Com Vítimas Feridas";"Pleno dia";"Crescente";"Sol";"Simples";"Cruzamento";"Urbano";2;0;1;0;1;0;1;2
83444717;"04/03/16";"Sexta";"23:15:00";"SC";470;"12";"NAVEGANTES";"Ingestão de álcool";"Atropelamento de pessoa";"Com Vítimas Feridas";"Plena noite";"Decrescente";"Chuva";"Simples";"Reta";"Urbano";2;0;1;1;0;0;2;1
83444718;"04/03/16";"Sexta";"22:10:00";"MG";116;"587,7";"MANHUACU";"Falta de atenção";"Tombamento";"Sem Vítimas";"Plena noite";"Decrescente";"Nublado";"Simples";"Reta";"Rural";1;0;0;0;1;0;0;1
83444719;"04/03/16";"Sexta";"19:10:00";"PR";376;"87,9";"PARANAVAI";"Falta de atenção";"Colisão traseira";"Sem Vítimas";"Plena noite";"Decrescente";"Ceu Claro";"Simples";"Reta";"Rural";2;0;0;0;2;0;0;2
83444720;"04/03/16";"Sexta";"20:05:00";"MG";381;"824,5";"CAREACU";"Outras";"Saída de Pista";"Sem Vítimas";"Pleno dia";"Decrescente";"Chuva";"Dupla";"Reta";"Rural";1;0;0;0;1;0;0;1
83444721;"04/03/16";"Sexta";"18:50:00";"BA";116;"417";"FEIRA DE SANTANA";"Não guardar distância de segurança";"Colisão traseira";"Sem Vítimas";"Plena noite";"Decrescente";"Ceu Claro";"Múltipla";"Reta";"Urbano";7;0;0;0;7;0;0;7
83444722;"04/03/16";"Sexta";"21:30:00";"PE";408;"63";"CARPINA";"Falta de atenção";"Colisão traseira";"Com Vítimas Feridas";"Pleno dia";"Decrescente";"Ceu Claro";"Simples";"Reta";"Rural";4;0;1;0;3;0;1;4
83444723;"04/03/16";"Sexta";"22:10:00";"GO";60;"92";"ANAPOLIS";"Ingestão de álcool";"Colisão frontal";"Com Vítimas Feridas";"Plena noite";"Decrescente";"Nublado";"Dupla";"Cruzamento";"Urbano";3;0;0;2;1;0;2;2
83444724;"04/03/16";"Sexta";"21:20:00";"PE";408;"63";"CARPINA";"Outras";"Colisão frontal";"Com Vítimas Feridas";"Plena noite";"Decrescente";"Ceu Claro";"Dupla";"Curva";"Urbano";5;0;4;0;1;0;4;2
83444725;"05/03/16";"Sábado";"00:20:00";"PR";376;"596";"CURITIBA";"Falta de atenção";"Atropelamento de pessoa";"Com Vítimas Feridas";"Plena noite";"Decrescente";"Nublado";"Dupla";"Reta";"Urbano";2;0;0;1;1;0;1;1
83444726;"04/03/16";"Sexta";"20:00:00";"BA";101;"817,1";"ITAMARAJU";"Outras";"Capotamento";"Com Vítimas Feridas";"Plena noite";"Crescente";"Ceu Claro";"Simples";"Curva";"Rural";2;0;0;1;1;0;1;1
83444727;"05/03/16";"Sábado";"01:30:00";"SC";282;"606";"MARAVILHA";"Ingestão de álcool";"Colisão com objeto fixo";"Sem Vítimas";"Plena noite";"Crescente";"Nublado";"Simples";"Reta";"Rural";1;0;0;0;1;0;0;1
83444728;"05/03/16";"Sábado";"00:30:00";"SC";101;"273,2";"GAROPABA";"Falta de atenção";"Saída de Pista";"Sem Vítimas";"Plena noite";"Decrescente";"Nublado";"Dupla";"Curva";"Rural";1;0;0;0;1;0;0;1
83444729;"04/03/16";"Sexta";"17:15:00";"MG";116;"277,9";"TEOFILO OTONI";"Falta de atenção";"Colisão traseira";"Sem Vítimas";"Pleno dia";"Crescente";"Sol";"Simples";"Reta";"Urbano";3;0;0;0;3;0;0;3
83444730;"04/03/16";"Sexta";"18:00:00";"ES";101;"289,9";"CARIACICA";"Falta de atenção";"Colisão lateral";"Com Vítimas Feridas";"Anoitecer";"Decrescente";"Nublado";"Dupla";"Reta";"Urbano";5;0;0;2;3;0;2;3
83444731;"04/03/16";"Sexta";"16:50:00";"GO";60;"315,9";"ACREUNA";"Velocidade incompatível";"Saída de Pista";"Sem Vítimas";"Pleno dia";"Decrescente";"Chuva";"Dupla";"Reta";"Rural";1;0;0;0;1;0;0;1
83444732;"04/03/16";"Sexta";"16:35:00";"RS";470;"178,1";"VERANOPOLIS";"Outras";"Colisão lateral";"Com Vítimas Feridas";"Pleno dia";"Crescente";"Nublado";"Simples";"Reta";"Urbano";3;0;1;0;2;0;1;3
83444733;"04/03/16";"Sexta";"19:45:00";"RO";364;"425";"JARU";"Falta de atenção";"Colisão traseira";"Com Vítimas Feridas";"Plena noite";"Decrescente";"Ignorada";"Simples";"Reta";"Urbano";3;0;0;2;1;0;2;2
83444734;"05/03/16";"Sábado";"02:20:00";"SC";101;"131,8";"BALNEARIO CAMBORIU";"Velocidade incompatível";"Colisão com objeto fixo";"Com Vítimas Feridas";"Plena noite";"Crescente";"Chuva";"Simples";"Curva";"Urbano";1;0;1;0;0;0;1;1
83444735;"29/02/16";"Segunda";"20:10:00";"BA";324;"594";"CANDEIAS";"Outras";"Incêndio";"Ignorado";"Plena noite";"Crescente";"Ceu Claro";"Dupla";"Reta";"Urbano";1;0;0;0;0;1;0;1
83444736;"04/03/16";"Sexta";"18:00:00";"PB";104;"163,2";"BARRA DE SANTANA";"Ingestão de álcool";"Colisão frontal";"Com Vítimas Feridas";"Anoitecer";"Crescente";"Nublado";"Simples";"Reta";"Rural";4;0;2;1;1;0;3;4
83444737;"03/03/16";"Quinta";"07:30:00";"SC";101;"328,4";"CAPIVARI DE BAIXO";"Defeito na via";"Colisão com objeto fixo";"Com Vítimas Feridas";"Pleno dia";"Crescente";"Chuva";"Dupla";"Reta";"Rural";1;0;1;0;0;0;1;1
83444738;"05/03/16";"Sábado";"00:30:00";"SC";282;"110,5";"ALFREDO WAGNER";"Falta de atenção";"Colisão lateral";"Sem Vítimas";"Plena noite";"Crescente";"Chuva";"Simples";"Curva";"Rural";2;0;0;0;2;0;0;2
83444739;"04/03/16";"Sexta";"19:46:00";"PR";487;"192,8";"CAMPO MOURAO";"Ultrapassagem indevida";"Colisão frontal";"Com Vítimas Feridas";"Plena noite";"Decrescente";"Ceu Claro";"Simples";"Reta";"Urbano";2;0;0;2;0;0;2;2
83444740;"04/03/16";"Sexta";"07:30:00";"PB";230;"24";"JOAO PESSOA";"Velocidade incompatível";"Colisão traseira";"Sem Vítimas";"Pleno dia";"Decrescente";"Nublado";"Dupla";"Reta";"Urbano";2;0;0;0;2;0;0;2
83444741;"05/03/16";"Sábado";"02:45:00";"RS";386;"352";"ESTRELA";"Ingestão de álcool";"Saída de Pista";"Sem Vítimas";"Plena noite";"Crescente";"Nublado";"Simples";"Curva";"Urbano";1;0;0;0;1;0;0;1
83444742;"05/03/16";"Sábado";"02:00:00";"RO";364;"518";"ARIQUEMES";"Falta de atenção";"Queda de motocicleta / bicicleta / veículo";"Com Vítimas Feridas";"Plena noite";"Crescente";"Ceu Claro";"Simples";"Cruzamento";"Urbano";1;0;1;0;0;0;1;1
83444743;"04/03/16";"Sexta";"21:40:00";"PR";376;"542,1";"PALMEIRA";"Dormindo";"Colisão traseira";"Sem Vítimas";"Plena noite";"Crescente";"Nublado";"Dupla";"Reta";"Rural";2;0;0;0;2;0;0;2
83444744;"04/03/16";"Sexta";"21:00:00";"BA";116;"494,6";"RAFAEL JAMBEIRO";"Não guardar distância de segurança";"Colisão traseira";"Com Vítimas Feridas";"Plena noite";"Crescente";"Ceu Claro";"Simples";"Reta";"Rural";2;0;1;0;1;0;1;2
83444745;"04/03/16";"Sexta";"17:40:00";"MT";163;"116";"RONDONOPOLIS";"Não guardar distância de segurança";"Colisão traseira";"Sem Vítimas";"Anoitecer";"Decrescente";"Nublado";"Dupla";"Curva";"Urbano";2;0;0;0;2;0;0;2
83444746;"04/03/16";"Sexta";"18:45:00";"PB";101;"36";"MAMANGUAPE";"Falta de atenção";"Capotamento";"Com Vítimas Feridas";"Plena noite";"Decrescente";"Nublado";"Dupla";"Reta";"Rural";4;0;2;1;1;0;3;1
83444747;"04/03/16";"Sexta";"21:35:00";"PR";116;"105";"SAO JOSE DOS PINHAIS";"Defeito mecânico em veículo";"Capotamento";"Com Vítimas Feridas";"Plena noite";"Crescente";"Nublado";"Dupla";"Reta";"Urbano";1;0;1;0;0;0;1;1
83444748;"04/03/16";"Sexta";"19:30:00";"ES";262;"43,9";"MARECHAL FLORIANO";"Ingestão de álcool";"Colisão lateral";"Sem Vítimas";"Plena noite";"Crescente";"Chuva";"Simples";"Reta";"Rural";2;0;0;0;2;0;0;2
83444749;"04/03/16";"Sexta";"14:30:00";"PA";230;"632";"ALTAMIRA";"Falta de atenção";"Colisão Transversal";"Sem Vítimas";"Pleno dia";"Decrescente";"Sol";"Simples";"Reta";"Urbano";4;0;0;0;4;0;0;2
83444750;"05/03/16";"Sábado";"02:10:00";"RS";116;"293,5";"ELDORADO DO SUL";"Dormindo";"Saída de Pista";"Com Vítimas Feridas";"Plena noite";"Decrescente";"Ceu Claro";"Dupla";"Curva";"Rural";1;0;0;1;0;0;1;1
83444751;"05/03/16";"Sábado";"02:30:00";"PR";163;"12";"BARRACAO";"Ingestão de álcool";"Colisão frontal";"Com Vítimas Feridas";"Plena noite";"Decrescente";"Ignorada";"Simples";"Curva";"Rural";2;0;0;1;1;0;1;2
83444752;"05/03/16";"Sábado";"03:00:00";"SC";163;"66,8";"SAO MIGUEL DOESTE";"Ingestão de álcool";"Atropelamento de pessoa";"Com Vítimas Fatais";"Plena noite";"Crescente";"Ceu Claro";"Dupla";"Reta";"Urbano";3;1;1;0;1;0;1;1
83444753;"04/03/16";"Sexta";"22:50:00";"MS";267;"682,1";"PORTO MURTINHO";"Animais na Pista";"Atropelamento de animal";"Sem Vítimas";"Plena noite";"Decrescente";"Ceu Claro";"Simples";"Reta";"Rural";1;0;0;0;1;0;0;1
83444754;"04/03/16";"Sexta";"08:45:00";"ES";259;"23,5";"COLATINA";"Outras";"Saída de Pista";"Com Vítimas Feridas";"Pleno dia";"Decrescente";"Ceu Claro";"Simples";"Curva";"Rural";1;0;0;1;0;0;1;1
83444755;"05/03/16";"Sábado";"04:10:00";"SC";101;"383,8";"ICARA";"Dormindo";"Saída de Pista";"Sem Vítimas";"Plena noite";"Crescente";"Ceu Claro";"Dupla";"Reta";"Urbano";1;0;0;0;1;0;0;1
83444756;"04/03/16";"Sexta";"18:45:00";"SC";101;"131,5";"BALNEARIO CAMBORIU";"Falta de atenção";"Colisão frontal";"Com Vítimas Feridas";"Anoitecer";"Crescente";"Nublado";"Simples";"Reta";"Urbano";2;0;0;1;1;0;1;2
83444757;"29/02/16";"Segunda";"20:30:00";"CE";116;"19,5";"EUSEBIO";"Ingestão de álcool";"Atropelamento de pessoa";"Com Vítimas Feridas";"Plena noite";"Decrescente";"Ceu Claro";"Dupla";"Reta";"Urbano";2;0;2;0;0;0;2;1
83444758;"05/03/16";"Sábado";"04:40:00";"RJ";40;"109";"DUQUE DE CAXIAS";"Outras";"Capotamento";"Com Vítimas Feridas";"Amanhecer";"Crescente";"Ceu Claro";"Dupla";"Reta";"Urbano";1;0;1;0;0;0;1;1
83444759;"05/03/16";"Sábado";"02:30:00";"MS";463;"28,2";"DOURADOS";"Falta de atenção";"Colisão lateral";"Com Vítimas Feridas";"Plena noite";"Crescente";"Nublado";"Simples";"Reta";"Rural";2;0;1;0;1;0;1;2
83444760;"05/03/16";"Sábado";"04:15:00";"SP";116;"322";"JUQUITIBA";"Dormindo";"Capotamento";"Com Vítimas Feridas";"Plena noite";"Decrescente";"Nublado";"Dupla";"Reta";"Rural";2;0;2;0;0;0;2;1
83444761;"04/03/16";"Sexta";"20:33:00";"GO";153;"124";"ESTRELA DO NORTE";"Falta de atenção";"Colisão lateral";"Com Vítimas Feridas";"Plena noite";"Decrescente";"Ceu Claro";"Simples";"Cruzamento";"Rural";5;0;2;1;2;0;3;2
83444762;"04/03/16";"Sexta";"17:35:00";"MG";267;"164,6";"LIMA DUARTE";"Falta de atenção";"Atropelamento de pessoa";"Com Vítimas Feridas";"Anoitecer";"Crescente";"Nublado";"Simples";"Reta";"Urbano";2;0;2;0;0;0;2;1
83444763;"04/03/16";"Sexta";"22:10:00";"RO";364;"710";"PORTO VELHO";"Animais na Pista";"Atropelamento de animal";"Com Vítimas Feridas";"Plena noite";"Crescente";"Ceu Claro";"Dupla";"Reta";"Rural";1;0;1;0;0;0;1;1
83444764;"05/03/16";"Sábado";"02:00:00";"MG";40;"342,2";"FELIXLANDIA";"Outras";"Colisão com objeto fixo";"Com Vítimas Feridas";"Plena noite";"Crescente";"Chuva";"Simples";"Curva";"Rural";2;0;1;0;1;0;1;1
83444765;"04/03/16";"Sexta";"19:10:00";"PR";467;"111,5";"CASCAVEL";"Falta de atenção";"Queda de motocicleta / bicicleta / veículo";"Com Vítimas Feridas";"Plena noite";"Decrescente";"Ceu Claro";"Dupla";"Curva";"Rural";1;0;1;0;0;0;1;1
83444766;"05/03/16";"Sábado";"03:30:00";"TO";153;"131";"ARAGUAINA";"Dormindo";"Saída de Pista";"Com Vítimas Feridas";"Plena noite";"Crescente";"Chuva";"Simples";"Reta";"Urbano";3;0;3;0;0;0;3;1
83444767;"05/03/16";"Sábado";"04:20:00";"TO";153;"137,3";"ARAGUAINA";"Ingestão de álcool";"Capotamento";"Com Vítimas Feridas";"Plena noite";"Decrescente";"Chuva";"Dupla";"Curva";"Urbano";1;0;1;0;0;0;1;1
83444768;"04/03/16";"Sexta";"19:00:00";"RJ";116;"324,8";"ITATIAIA";"Outras";"Colisão com objeto fixo";"Sem Vítimas";"Plena noite";"Decrescente";"Chuva";"Dupla";"Reta";"Rural";2;0;0;0;2;0;0;2
83444769;"05/03/16";"Sábado";"06:30:00";"MG";50;"43";"ARAGUARI";"Velocidade incompatível";"Capotamento";"Com Vítimas Feridas";"Amanhecer";"Decrescente";"Nublado";"Dupla";"Reta";"Rural";1;0;1;0;0;0;1;1
83444770;"04/03/16";"Sexta";"20:40:00";"MG";381;"333";"NOVA ERA";"Velocidade incompatível";"Saída de Pista";"Sem Vítimas";"Plena noite";"Decrescente";"Chuva";"Simples";"Curva";"Rural";1;0;0;0;1;0;0;1
83444771;"27/02/16";"Sábado";"15:10:00";"PI";343;"79";"CAXINGO";"Velocidade incompatível";"Capotamento";"Com Vítimas Feridas";"Pleno dia";"Crescente";"Chuva";"Simples";"Reta";"Rural";2;0;0;1;1;0;1;1
83444772;"04/03/16";"Sexta";"14:30:00";"MT";364;"252";"JUSCIMEIRA";"Não guardar distância de segurança";"Colisão traseira";"Sem Vítimas";"Pleno dia";"Crescente";"Ceu Claro";"Simples";"Reta";"Rural";2;0;0;0;1;1;0;2
83444773;"04/03/16";"Sexta";"13:00:00";"MG";267;"317,3";"CONCEICAO DO RIO VERDE";"Velocidade incompatível";"Saída de Pista";"Com Vítimas Feridas";"Pleno dia";"Crescente";"Chuva";"Simples";"Curva";"Rural";4;0;1;0;3;0;1;1
83444774;"05/03/16";"Sábado";"03:30:00";"SC";470;"244,5";"CURITIBANOS";"Velocidade incompatível";"Colisão com objeto fixo";"Com Vítimas Feridas";"Plena noite";"Decrescente";"Nevoeiro/neblina";"Simples";"Cruzamento";"Rural";2;0;1;1;0;0;2;1
83444775;"04/03/16";"Sexta";"22:30:00";"MG";50;"17";"ARAGUARI";"Velocidade incompatível";"Tombamento";"Sem Vítimas";"Plena noite";"Crescente";"Nublado";"Dupla";"Curva";"Rural";1;0;0;0;1;0;0;1
83444776;"04/03/16";"Sexta";"11:30:00";"MG";40;"639";"CONSELHEIRO LAFAIETE";"Velocidade incompatível";"Saída de Pista";"Com Vítimas Feridas";"Pleno dia";"Decrescente";"Chuva";"Simples";"Curva";"Rural";1;0;1;0;0;0;1;1
83444777;"01/03/16";"Terça";"18:50:00";"GO";60;"185,7";"ABADIA DE GOIAS";"Outras";"Saída de Pista";"Com Vítimas Feridas";"Plena noite";"Decrescente";"Chuva";"Dupla";"Reta";"Rural";2;0;1;1;0;0;2;1
83444778;"05/03/16";"Sábado";"05:00:00";"RJ";40;"108";"DUQUE DE CAXIAS";"Outras";"Colisão lateral";"Sem Vítimas";"Amanhecer";"Decrescente";"Nublado";"Dupla";"Curva";"Urbano";2;0;0;0;2;0;0;2
83444779;"05/03/16";"Sábado";"05:30:00";"PR";277;"446";"LARANJEIRAS DO SUL";"Dormindo";"Colisão traseira";"Com Vítimas Feridas";"Plena noite";"Decrescente";"Nublado";"Simples";"Reta";"Rural";3;0;2;0;1;0;2;2
83444780;"05/03/16";"Sábado";"07:00:00";"MG";262;"670";"IBIA";"Velocidade incompatível";"Colisão com objeto móvel";"Com Vítimas Feridas";"Amanhecer";"Decrescente";"Nublado";"Simples";"Reta";"Rural";1;0;1;0;0;0;1;1
83444781;"05/03/16";"Sábado";"04:40:00";"RS";386;"309";"MARQUES DE SOUZA";"Ingestão de álcool";"Capotamento";"Sem Vítimas";"Plena noite";"Crescente";"Ceu Claro";"Simples";"Curva";"Rural";1;0;0;0;1;0;0;1