"id";"data_inversa";"dia_semana";"horario";"uf";"br";"km";"municipio";"causa_acidente";"tipo_acidente";"classificacao_acidente";"fase_dia";"sentido_via";"condicao_metereologica";"tipo_pista";"tracado_via";"uso_solo";"pessoas";"mortos";"feridos_leves";"feridos_graves";"ilesos";"ignorados";"feridos";"veiculos"
83444782;"04/03/16";"Sexta";"06:35:00";"MS";163;"159";"JUTI";"Defeito mecânico em veículo";"Queda de motocicleta / bicicleta / veículo";"Com Vítimas Feridas";"Pleno dia";"Crescente";"Ceu Claro";"Simples";"Curva";"Rural";2;0;2;0;0;0;2;1
83444783;"04/03/16";"Sexta";"06:00:00";"DF";20;"12";"BRASILIA";"Outras";"Colisão traseira";"Com Vítimas Feridas";"Amanhecer";"Decrescente";"Ceu Claro";"Dupla";"Reta";"Urbano";3;0;1;0;2;0;1;3
83444784;"02/03/16";"Quarta";"01:00:00";"PI";222;"68,2";"PIRIPIRI";"Dormindo";"Colisão com objeto fixo";"Sem Vítimas";"Plena noite";"Decrescente";"Nublado";"Simples";"Curva";"Rural";1;0;0;0;1;0;0;1
83444785;"03/03/16";"Quinta";"21:15:00";"MG";262;"23,1";"REDUTO";"Velocidade incompatível";"Saída de Pista";"Com Vítimas Fatais";"Plena noite";"Crescente";"Nublado";"Simples";"Curva";"Rural";3;1;1;1;0;0;2;1
83444788;"01/03/16";"Terça";"02:10:00";"MG";40;"755,4";"EWBANK DA CAMARA";"Ingestão de álcool";"Capotamento";"Sem Vítimas";"Plena noite";"Crescente";"Ceu Claro";"Simples";"Curva";"Rural";1;0;0;0;1;0;0;1
83444789;"04/03/16";"Sexta";"20:40:00";"GO";60;"382";"RIO VERDE";"Outras";"Saída de Pista";"Com Vítimas Feridas";"Plena noite";"Decrescente";"Nublado";"Dupla";"Cruzamento";"Urbano";1;0;0;1;0;0;1;1
83444790;"01/03/16";"Terça";"14:10:00";"MG";40;"502";"ESMERALDAS";"Outras";"Colisão traseira";"Com Vítimas Feridas";"Pleno dia";"Crescente";"Ceu Claro";"Dupla";"Reta";"Rural";2;0;0;1;0;1;1;2
83444791;"04/03/16";"Sexta";"23:00:00";"MG";365;"356";"VARJAO DE MINAS";"Velocidade incompatível";"Saída de Pista";"Sem Vítimas";"Plena noite";"Crescente";"Chuva";"Simples";"Curva";"Rural";1;0;0;0;1;0;0;1
83444792;"01/03/16";"Terça";"21:40:00";"MG";381;"233,8";"SANTANA DO PARAISO";"Velocidade incompatível";"Saída de Pista";"Com Vítimas Fatais";"Plena noite";"Decrescente";"Ceu Claro";"Simples";"Reta";"Rural";4;1;2;1;0;0;3;1
83444793;"02/03/16";"Quarta";"06:20:00";"MG";262;"102";"ABRE CAMPO";"Dormindo";"Capotamento";"Com Vítimas Feridas";"Amanhecer";"Decrescente";"Nublado";"Simples";"Curva";"Rural";1;0;0;1;0;0;1;1
83444794;"03/03/16";"Quinta";"14:50:00";"MT";158;"633";"AGUA BOA";"Defeito mecânico em veículo";"Capotamento";"Com Vítimas Feridas";"Pleno dia";"Decrescente";"Ceu Claro";"Simples";"Curva";"Rural";3;0;1;0;2;0;1;1
83444795;"01/03/16";"Terça";"13:55:00";"GO";70;"2,3";"AGUAS LINDAS DE GOIAS";"Outras";"Saída de Pista";"Sem Vítimas";"Pleno dia";"Decrescente";"Chuva";"Dupla";"Curva";"Urbano";1;0;0;0;1;0;0;1
83444796;"05/02/16";"Sexta";"02:00:00";"PA";222;"30";"DOM ELISEU";"Outras";"Derramamento de Carga";"Sem Vítimas";"Plena noite";"Decrescente";"Nublado";"Simples";"Curva";"Rural";1;0;0;0;1;0;0;1
83444797;"13/01/16";"Quarta";"19:25:00";"ES";101;"261,8";"SERRA";"Outras";"Colisão com objeto móvel";"Com Vítimas Feridas";"Plena noite";"Crescente";"Ceu Claro";"Dupla";"Reta";"Urbano";2;0;1;0;0;1;1;2
83444798;"05/03/16";"Sábado";"07:00:00";"MT";163;"509";"DIAMANTINO";"Falta de atenção";"Saída de Pista";"Com Vítimas Feridas";"Pleno dia";"Crescente";"Chuva";"Simples";"Reta";"Rural";4;0;3;0;1;0;3;1
83444799;"05/03/16";"Sábado";"08:30:00";"GO";153;"436,5";"ANAPOLIS";"Outras";"Saída de Pista";"Com Vítimas Feridas";"Pleno dia";"Crescente";"Nublado";"Dupla";"Curva";"Urbano";1;0;0;1;0;0;1;1
83444800;"01/03/16";"Terça";"11:01:00";"RO";364;"450";"JARU";"Falta de atenção";"Saída de Pista";"Sem Vítimas";"Pleno dia";"Crescente";"Chuva";"Simples";"Reta";"Rural";6;0;0;0;6;0;0;2
83444802;"05/03/16";"Sábado";"07:00:00";"PI";343;"596";"FLORIANO";"Ingestão de álcool";"Colisão Transversal";"Sem Vítimas";"Pleno dia";"Decrescente";"Ceu Claro";"Dupla";"Cruzamento";"Urbano";2;0;0;0;2;0;0;2
83444803;"27/02/16";"Sábado";"08:00:00";"RJ";393;"282";"VOLTA REDONDA";"Dormindo";"Colisão com objeto fixo";"Sem Vítimas";"Pleno dia";"Decrescente";"Nublado";"Simples";"Reta";"Urbano";1;0;0;0;1;0;0;1
83444804;"05/03/16";"Sábado";"04:30:00";"RS";285;"621,3";"SANTO ANTONIO DAS MISSOES";"Dormindo";"Saída de Pista";"Sem Vítimas";"Amanhecer";"Decrescente";"Ceu Claro";"Simples";"Reta";"Rural";2;0;0;0;2;0;0;1
83444805;"03/03/16";"Quinta";"11:50:00";"MS";163;"185";"JUTI";"Dormindo";"Saída de Pista";"Com Vítimas Feridas";"Pleno dia";"Decrescente";"Ceu Claro";"Simples";"Reta";"Rural";2;0;1;0;1;0;1;1
83444806;"04/03/16";"Sexta";"23:00:00";"BA";324;"401";"NOVA FATIMA";"Falta de atenção";"Colisão traseira";"Sem Vítimas";"Plena noite";"Decrescente";"Ceu Claro";"Simples";"Reta";"Urbano";30;0;0;0;30;0;0;2
83444807;"01/03/16";"Terça";"07:30:00";"MA";222;"626";"ACAILANDIA";"Velocidade incompatível";"Tombamento";"Com Vítimas Feridas";"Pleno dia";"Decrescente";"Sol";"Simples";"Curva";"Rural";1;0;1;0;0;0;1;1
83444808;"05/03/16";"Sábado";"07:20:00";"PE";232;"145,9";"SAO CAITANO";"Falta de atenção";"Colisão traseira";"Com Vítimas Feridas";"Pleno dia";"Decrescente";"Nublado";"Simples";"Reta";"Rural";2;0;0;1;1;0;1;2
83444810;"05/03/16";"Sábado";"09:10:00";"PA";316;"38,5";"SANTA ISABEL DO PARA";"Defeito mecânico em veículo";"Capotamento";"Com Vítimas Feridas";"Pleno dia";"Crescente";"Sol";"Dupla";"Reta";"Rural";4;0;4;0;0;0;4;1
83444811;"22/02/16";"Segunda";"06:40:00";"BA";324;"563";"SAO SEBASTIAO DO PASSE";"Outras";"Saída de Pista";"Com Vítimas Feridas";"Pleno dia";"Decrescente";"Nublado";"Dupla";"Reta";"Rural";1;0;1;0;0;0;1;1
83444813;"05/03/16";"Sábado";"07:30:00";"RJ";116;"166";"SAO JOAO DE MERITI";"Ingestão de álcool";"Colisão lateral";"Com Vítimas Feridas";"Pleno dia";"Crescente";"Ceu Claro";"Múltipla";"Reta";"Urbano";3;0;1;0;2;0;1;2
83444814;"05/03/16";"Sábado";"08:40:00";"GO";50;"99";"CRISTALINA";"Outras";"Atropelamento de pessoa";"Com Vítimas Feridas";"Pleno dia";"Crescente";"Ceu Claro";"Simples";"Reta";"Urbano";2;0;1;0;1;0;1;1
83444815;"01/03/16";"Terça";"18:00:00";"ES";101;"263,3";"SERRA";"Outras";"Capotamento";"Com Vítimas Feridas";"Anoitecer";"Decrescente";"Ceu Claro";"Dupla";"Reta";"Urbano";2;0;1;1;0;0;2;1
83444816;"26/02/16";"Sexta";"20:00:00";"GO";60;"418";"RIO VERDE";"Falta de atenção";"Tombamento";"Com Vítimas Feridas";"Plena noite";"Decrescente";"Ceu Claro";"Dupla";"Reta";"Rural";1;0;0;1;0;0;1;1
83444817;"05/03/16";"Sábado";"08:00:00";"RO";364;"345,5";"JI-PARANA";"Falta de atenção";"Colisão traseira";"Com Vítimas Feridas";"Pleno dia";"Decrescente";"Ceu Claro";"Dupla";"Reta";"Urbano";2;0;1;0;1;0;1;2
83444818;"02/03/16";"Quarta";"06:30:00";"MT";364;"435";"VARZEA GRANDE";"Desobediência à sinalização";"Colisão Transversal";"Com Vítimas Feridas";"Pleno dia";"Decrescente";"Nublado";"Dupla";"Reta";"Urbano";11;0;1;0;10;0;1;2
83444819;"01/03/16";"Terça";"18:30:00";"RO";364;"337";"JI-PARANA";"Falta de atenção";"Colisão Transversal";"Com Vítimas Fatais";"Anoitecer";"Decrescente";"Ceu Claro";"Simples";"Cruzamento";"Rural";3;1;1;0;1;0;1;2
83444820;"26/02/16";"Sexta";"11:38:00";"PR";376;"176,5";"MARINGA";"Não guardar distância de segurança";"Colisão traseira";"Com Vítimas Feridas";"Pleno dia";"Decrescente";"Chuva";"Dupla";"Reta";"Urbano";2;0;1;0;1;0;1;2
83444821;"05/03/16";"Sábado";"08:30:00";"RJ";493;"17";"GUAPIMIRIM";"Desobediência à sinalização";"Colisão Transversal";"Com Vítimas Feridas";"Pleno dia";"Decrescente";"Ceu Claro";"Simples";"Reta";"Urbano";2;0;1;0;1;0;1;2
83444822;"05/03/16";"Sábado";"07:00:00";"MT";174;"275";"PONTES E LACERDA";"Outras";"Capotamento";"Sem Vítimas";"Pleno dia";"Crescente";"Chuva";"Simples";"Curva";"Rural";5;0;0;0;5;0;0;1
83444823;"05/03/16";"Sábado";"07:40:00";"MT";364;"434";"VARZEA GRANDE";"Desobediência à sinalização";"Colisão lateral";"Com Vítimas Feridas";"Pleno dia";"Decrescente";"Nublado";"Simples";"Cruzamento";"Urbano";4;0;1;1;2;0;2;2
83444824;"05/03/16";"Sábado";"07:00:00";"MS";60;"427,8";"SIDROLANDIA";"Falta de atenção";"Colisão traseira";"Com Vítimas Feridas";"Pleno dia";"Decrescente";"Sol";"Simples";"Reta";"Rural";2;0;0;1;1;0;1;2
83444825;"05/03/16";"Sábado";"06:10:00";"RN";304;"306,5";"PARNAMIRIM";"Ingestão de álcool";"Colisão frontal";"Com Vítimas Fatais";"Pleno dia";"Crescente";"Ceu Claro";"Múltipla";"Reta";"Urbano";2;1;0;0;1;0;0;2
83444826;"05/03/16";"Sábado";"09:35:00";"MG";381;"841,5";"SAO SEBASTIAO DA BELA VISTA";"Não guardar distância de segurança";"Saída de Pista";"Com Vítimas Feridas";"Pleno dia";"Decrescente";"Nublado";"Dupla";"Reta";"Rural";1;0;1;0;0;0;1;1
83444828;"05/03/16";"Sábado";"09:00:00";"TO";242;"350,4";"PEIXE";"Outras";"Colisão traseira";"Com Vítimas Feridas";"Pleno dia";"Crescente";"Ceu Claro";"Simples";"Reta";"Rural";2;0;1;0;1;0;1;2
83444829;"01/03/16";"Terça";"15:50:00";"PR";476;"136,6";"CURITIBA";"Desobediência à sinalização";"Atropelamento de pessoa";"Com Vítimas Feridas";"Pleno dia";"Decrescente";"Sol";"Múltipla";"Reta";"Urbano";3;0;0;1;2;0;1;2
83444830;"05/03/16";"Sábado";"10:00:00";"RS";290;"19";"SANTO ANTONIO DA PATRULHA";"Falta de atenção";"Colisão lateral";"Sem Vítimas";"Pleno dia";"Decrescente";"Ceu Claro";"Múltipla";"Reta";"Rural";2;0;0;0;2;0;0;2
83444831;"05/03/16";"Sábado";"09:55:00";"RS";290;"92";"PORTO ALEGRE";"Dormindo";"Saída de Pista";"Com Vítimas Feridas";"Pleno dia";"Crescente";"Ceu Claro";"Simples";"Curva";"Urbano";2;0;2;0;0;0;2;1
83444832;"05/03/16";"Sábado";"07:45:00";"RN";110;"42,5";"MOSSORO";"Animais na Pista";"Atropelamento de animal";"Com Vítimas Feridas";"Pleno dia";"Crescente";"Sol";"Simples";"Reta";"Rural";1;0;0;1;0;0;1;1
83444834;"05/03/16";"Sábado";"08:30:00";"GO";60;"119,1";"TEREZOPOLIS DE GOIAS";"Outras";"Capotamento";"Com Vítimas Feridas";"Pleno dia";"Crescente";"Chuva";"Dupla";"Reta";"Rural";1;0;0;1;0;0;1;1
83444835;"05/03/16";"Sábado";"09:15:00";"PE";101;"91";"CABO DE SANTO AGOSTINHO";"Defeito mecânico em veículo";"Incêndio";"Sem Vítimas";"Pleno dia";"Crescente";"Ceu Claro";"Dupla";"Reta";"Urbano";1;0;0;0;1;0;0;1
83444836;"05/03/16";"Sábado";"11:25:00";"SC";282;"553";"NOVA ITABERABA";"Ultrapassagem indevida";"Colisão lateral";"Com Vítimas Feridas";"Pleno dia";"Crescente";"Sol";"Simples";"Reta";"Rural";3;0;2;0;1;0;2;2
83444837;"05/03/16";"Sábado";"08:21:00";"MG";50;"179";"UBERABA";"Outras";"Derramamento de Carga";"Sem Vítimas";"Pleno dia";"Crescente";"Ceu Claro";"Dupla";"Reta";"Urbano";1;0;0;0;1;0;0;1
83444838;"22/01/16";"Sexta";"18:20:00";"RS";392;"352,6";"SANTA MARIA";"Desobediência à sinalização";"Colisão lateral";"Com Vítimas Feridas";"Pleno dia";"Decrescente";"Sol";"Simples";"Reta";"Urbano";2;0;1;0;1;0;1;2
83444839;"05/03/16";"Sábado";"12:00:00";"RS";116;"226,5";"DOIS IRMAOS";"Desobediência à sinalização";"Colisão traseira";"Com Vítimas Feridas";"Pleno dia";"Decrescente";"Ceu Claro";"Simples";"Reta";"Urbano";2;0;1;0;1;0;1;2
83444840;"05/03/16";"Sábado";"08:55:00";"CE";222;"8";"CAUCAIA";"Não guardar distância de segurança";"Colisão traseira";"Com Vítimas Feridas";"Pleno dia";"Crescente";"Sol";"Múltipla";"Reta";"Urbano";3;0;2;0;1;0;2;2
83444841;"29/02/16";"Segunda";"10:45:00";"SC";282;"208,7";"LAGES";"Velocidade incompatível";"Colisão Transversal";"Com Vítimas Feridas";"Pleno dia";"Decrescente";"Ceu Claro";"Simples";"Reta";"Rural";3;0;1;0;2;0;1;2
83444842;"05/03/16";"Sábado";"12:00:00";"RS";287;"400";"SANTIAGO";"Falta de atenção";"Colisão Transversal";"Sem Vítimas";"Pleno dia";"Decrescente";"Ceu Claro";"Simples";"Reta";"Urbano";3;0;0;0;3;0;0;2
83444843;"02/03/16";"Quarta";"00:10:00";"SC";101;"220";"PALHOCA";"Outras";"Colisão com objeto fixo";"Sem Vítimas";"Plena noite";"Decrescente";"Ceu Claro";"Dupla";"Curva";"Rural";1;0;0;0;1;0;0;1
83444844;"26/02/16";"Sexta";"17:46:00";"PR";376;"200,9";"MARIALVA";"Não guardar distância de segurança";"Colisão lateral";"Com Vítimas Feridas";"Pleno dia";"Decrescente";"Ceu Claro";"Dupla";"Reta";"Rural";3;0;1;0;1;1;1;3
83444845;"05/03/16";"Sábado";"08:30:00";"BA";101;"717";"EUNAPOLIS";"Falta de atenção";"Colisão com bicicleta";"Com Vítimas Feridas";"Pleno dia";"Crescente";"Nublado";"Simples";"Reta";"Urbano";2;0;1;0;1;0;1;2
83444846;"05/03/16";"Sábado";"11:20:00";"SC";101;"61";"ARAQUARI";"Velocidade incompatível";"Colisão traseira";"Com Vítimas Feridas";"Pleno dia";"Crescente";"Ceu Claro";"Dupla";"Reta";"Urbano";2;0;0;1;1;0;1;2
83444847;"01/03/16";"Terça";"15:00:00";"MG";262;"466,3";"BOM DESPACHO";"Outras";"Colisão frontal";"Com Vítimas Fatais";"Pleno dia";"Decrescente";"Sol";"Simples";"Reta";"Rural";4;1;0;0;3;0;0;4
83444848;"05/03/16";"Sábado";"13:25:00";"PA";10;"211,7";"IPIXUNA DO PARA";"Falta de atenção";"Saída de Pista";"Sem Vítimas";"Pleno dia";"Crescente";"Ceu Claro";"Simples";"Reta";"Rural";2;0;0;0;2;0;0;1
83444849;"05/03/16";"Sábado";"08:50:00";"RS";158;"399,5";"SAO GABRIEL";"Ingestão de álcool";"Saída de Pista";"Sem Vítimas";"Pleno dia";"Crescente";"Ceu Claro";"Simples";"Reta";"Rural";1;0;0;0;1;0;0;1
83444850;"26/02/16";"Sexta";"19:00:00";"BA";110;"353";"ALAGOINHAS";"Outras";"Colisão lateral";"Com Vítimas Feridas";"Plena noite";"Crescente";"Ignorada";"Simples";"Reta";"Rural";3;0;2;0;1;0;2;2
83444852;"05/03/16";"Sábado";"10:20:00";"RJ";116;"183";"NOVA IGUACU";"Falta de atenção";"Colisão traseira";"Com Vítimas Feridas";"Pleno dia";"Crescente";"Ceu Claro";"Dupla";"Reta";"Urbano";3;0;1;0;1;1;1;3
83444853;"05/03/16";"Sábado";"10:50:00";"RS";386;"305,2";"POUSO NOVO";"Defeito mecânico em veículo";"Tombamento";"Com Vítimas Feridas";"Pleno dia";"Crescente";"Ceu Claro";"Simples";"Curva";"Rural";4;0;1;3;0;0;4;1
83444854;"02/03/16";"Quarta";"10:00:00";"SP";153;"62";"SAO JOSE DO RIO PRETO";"Outras";"Colisão traseira";"Sem Vítimas";"Pleno dia";"Crescente";"Sol";"Dupla";"Reta";"Urbano";4;0;0;0;3;1;0;4
83444855;"05/03/16";"Sábado";"14:00:00";"SC";153;"16";"AGUA DOCE";"Velocidade incompatível";"Saída de Pista";"Sem Vítimas";"Pleno dia";"Crescente";"Ceu Claro";"Simples";"Curva";"Rural";1;0;0;0;1;0;0;1
83444856;"05/03/16";"Sábado";"08:10:00";"PR";163;"319";"GUAIRA";"Falta de atenção";"Saída de Pista";"Com Vítimas Feridas";"Pleno dia";"Crescente";"Nublado";"Simples";"Reta";"Rural";4;0;1;0;3;0;1;1
83444857;"05/03/16";"Sábado";"12:30:00";"BA";324;"514";"FEIRA DE SANTANA";"Falta de atenção";"Colisão traseira";"Sem Vítimas";"Pleno dia";"Decrescente";"Sol";"Simples";"Reta";"Urbano";3;0;0;0;3;0;0;3
83444858;"01/03/16";"Terça";"18:00:00";"MG";365;"494,8";"PATROCINIO";"Velocidade incompatível";"Saída de Pista";"Com Vítimas Feridas";"Anoitecer";"Decrescente";"Chuva";"Simples";"Curva";"Rural";3;0;1;0;2;0;1;3
83444859;"05/03/16";"Sábado";"08:10:00";"RS";386;"290";"POUSO NOVO";"Outras";"Saída de Pista";"Sem Vítimas";"Pleno dia";"Crescente";"Ceu Claro";"Simples";"Reta";"Rural";1;0;0;0;1;0;0;1
83444860;"05/03/16";"Sábado";"09:00:00";"MG";262;"354,3";"BETIM";"Outras";"Saída de Pista";"Com Vítimas Feridas";"Pleno dia";"Decrescente";"Nublado";"Dupla";"Curva";"Urbano";3;0;3;0;0;0;3;1
83444861;"05/03/16";"Sábado";"10:20:00";"BA";116;"733";"BOA NOVA";"Não guardar distância de segurança";"Colisão traseira";"Sem Vítimas";"Pleno dia";"Crescente";"Sol";"Simples";"Reta";"Rural";2;0;0;0;2;0;0;2
83444862;"05/03/16";"Sábado";"14:00:00";"PE";408;"99";"SAO LOURENCO DA MATA";"Animais na Pista";"Colisão traseira";"Sem Vítimas";"Pleno dia";"Decrescente";"Ceu Claro";"Dupla";"Reta";"Rural";2;0;0;0;2;0;0;2
83444863;"05/03/16";"Sábado";"10:40:00";"PE";424;"85,8";"GARANHUNS";"Ingestão de álcool";"Colisão traseira";"Com Vítimas Feridas";"Pleno dia";"Decrescente";"Sol";"Simples";"Curva";"Urbano";2;0;0;1;1;0;1;2
83444864;"05/03/16";"Sábado";"12:15:00";"PA";316;"10";"MARITUBA";"Falta de atenção";"Colisão com bicicleta";"Com Vítimas Feridas";"Pleno dia";"Crescente";"Ceu Claro";"Dupla";"Reta";"Urbano";3;0;1;0;2;0;1;2
83444865;"05/03/16";"Sábado";"08:30:00";"MG";40;"699";"BARBACENA";"Defeito mecânico em veículo";"Queda de motocicleta / bicicleta / veículo";"Com Vítimas Feridas";"Pleno dia";"Crescente";"Nublado";"Dupla";"Reta";"Rural";1;0;0;1;0;0;1;1
83444866;"05/03/16";"Sábado";"10:15:00";"PR";163;"8";"BARRACAO";"Falta de atenção";"Colisão Transversal";"Com Vítimas Feridas";"Pleno dia";"Decrescente";"Ceu Claro";"Dupla";"Reta";"Urbano";5;0;1;0;4;0;1;2
83444867;"01/03/16";"Terça";"11:00:00";"RO";364;"450";"JARU";"Outras";"Capotamento";"Com Vítimas Feridas";"Pleno dia";"Decrescente";"Chuva";"Simples";"Reta";"Rural";2;0;1;0;1;0;1;2
83444868;"05/02/16";"Sexta";"11:00:00";"PA";316;"6";"ANANINDEUA";"Falta de atenção";"Colisão lateral";"Sem Vítimas";"Pleno dia";"Crescente";"Ceu Claro";"Dupla";"Reta";"Urbano";2;0;0;0;2;0;0;2
83444870;"05/03/16";"Sábado";"13:15:00";"ES";101;"145,9";"LINHARES";"Velocidade incompatível";"Colisão traseira";"Com Vítimas Feridas";"Pleno dia";"Decrescente";"Ceu Claro";"Múltipla";"Reta";"Urbano";4;0;1;0;2;1;1;4
83444871;"05/03/16";"Sábado";"06:00:00";"RS";153;"385,6";"CACHOEIRA DO SUL";"Falta de atenção";"Capotamento";"Sem Vítimas";"Amanhecer";"Decrescente";"Ceu Claro";"Simples";"Curva";"Rural";4;0;0;0;4;0;0;1
83444872;"05/03/16";"Sábado";"14:50:00";"SP";153;"260,8";"MARILIA";"Animais na Pista";"Atropelamento de animal";"Sem Vítimas";"Pleno dia";"Crescente";"Ceu Claro";"Simples";"Reta";"Rural";1;0;0;0;1;0;0;1
83444873;"05/03/16";"Sábado";"07:50:00";"PR";277;"74,7";"SAO JOSE DOS PINHAIS";"Defeito mecânico em veículo";"Queda de motocicleta / bicicleta / veículo";"Com Vítimas Feridas";"Pleno dia";"Crescente";"Sol";"Dupla";"Reta";"Urbano";2;0;2;0;0;0;2;1
83444874;"05/03/16";"Sábado";"07:50:00";"MG";116;"488,9";"INHAPIM";"Velocidade incompatível";"Colisão frontal";"Com Vítimas Fatais";"Pleno dia";"Decrescente";"Chuva";"Simples";"Curva";"Rural";2;1;1;0;0;0;1;2
83444875;"02/03/16";"Quarta";"05:30:00";"SP";116;"177";"GUARAREMA";"Não guardar distância de segurança";"Colisão traseira";"Com Vítimas Feridas";"Amanhecer";"Crescente";"Nublado";"Dupla";"Reta";"Rural";5;0;2;0;3;0;2;5
83444876;"05/03/16";"Sábado";"13:30:00";"PI";343;"332,9";"TERESINA";"Outras";"Colisão com objeto fixo";"Com Vítimas Feridas";"Plena noite";"Decrescente";"Ceu Claro";"Simples";"Reta";"Urbano";1;0;0;1;0;0;1;1
83444877;"05/03/16";"Sábado";"10:40:00";"RO";319;"61,8";"PORTO VELHO";"Outras";"Colisão lateral";"Sem Vítimas";"Pleno dia";"Decrescente";"Sol";"Dupla";"Reta";"Urbano";3;0;0;0;3;0;0;2
83444878;"05/03/16";"Sábado";"12:15:00";"RS";290;"215,3";"PANTANO GRANDE";"Falta de atenção";"Colisão Transversal";"Sem Vítimas";"Pleno dia";"Crescente";"Ceu Claro";"Simples";"Cruzamento";"Urbano";2;0;0;0;2;0;0;2
83444879;"05/03/16";"Sábado";"09:20:00";"PR";277;"76,1";"SAO JOSE DOS PINHAIS";"Falta de atenção";"Colisão lateral";"Sem Vítimas";"Pleno dia";"Crescente";"Sol";"Dupla";"Reta";"Urbano";3;0;0;0;3;0;0;3
83444881;"05/03/16";"Sábado";"13:10:00";"PE";101;"76";"RECIFE";"Defeito mecânico em veículo";"Colisão traseira";"Sem Vítimas";"Pleno dia";"Crescente";"Ceu Claro";"Dupla";"Curva";"Urbano";2;0;0;0;2;0;0;2
83444882;"05/03/16";"Sábado";"15:00:00";"MG";381;"507,7";"BETIM";"Velocidade incompatível";"Colisão traseira";"Sem Vítimas";"Pleno dia";"Crescente";"Nublado";"Dupla";"Reta";"Urbano";2;0;0;0;2;0;0;2
83444883;"05/03/16";"Sábado";"10:30:00";"MT";158;"541,5";"AGUA BOA";"Falta de atenção";"Colisão lateral";"Com Vítimas Feridas";"Pleno dia";"Crescente";"Chuva";"Simples";"Curva";"Rural";2;0;1;0;1;0;1;2
83444884;"02/03/16";"Quarta";"05:30:00";"PE";232;"134";"CARUARU";"Falta de atenção";"Colisão traseira";"Com Vítimas Feridas";"Pleno dia";"Decrescente";"Ceu Claro";"Dupla";"Reta";"Urbano";3;0;0;2;1;0;2;2
83444885;"05/03/16";"Sábado";"14:00:00";"PR";153;"341,4";"IRATI";"Falta de atenção";"Colisão frontal";"Com Vítimas Feridas";"Pleno dia";"Crescente";"Sol";"Simples";"Reta";"Rural";2;0;0;1;1;0;1;2
83444886;"02/03/16";"Quarta";"08:00:00";"BA";324;"619";"SALVADOR";"Não guardar distância de segurança";"Colisão traseira";"Com Vítimas Feridas";"Pleno dia";"Crescente";"Ceu Claro";"Dupla";"Reta";"Urbano";4;0;1;0;3;0;1;3
83444887;"05/03/16";"Sábado";"15:01:00";"PR";116;"102";"SAO JOSE DOS PINHAIS";"Falta de atenção";"Colisão traseira";"Com Vítimas Feridas";"Pleno dia";"Decrescente";"Ceu Claro";"Dupla";"Reta";"Rural";2;0;0;2;0;0;2;2
83444890;"05/03/16";"Sábado";"11:40:00";"PR";476;"123";"CURITIBA";"Outras";"Colisão lateral";"Com Vítimas Feridas";"Pleno dia";"Crescente";"Ceu Claro";"Múltipla";"Reta";"Urbano";2;0;1;0;1;0;1;2
83444891;"05/03/16";"Sábado";"10:25:00";"GO";20;"32";"FORMOSA";"Outras";"Capotamento";"Com Vítimas Feridas";"Pleno dia";"Crescente";"Chuva";"Simples";"Reta";"Rural";1;0;1;0;0;0;1;1
83444892;"05/03/16";"Sábado";"12:20:00";"ES";101;"256,3";"SERRA";"Outras";"Colisão lateral";"Com Vítimas Feridas";"Pleno dia";"Crescente";"Sol";"Simples";"Curva";"Urbano";2;0;0;1;1;0;1;2
83444893;"05/03/16";"Sábado";"11:30:00";"MT";163;"799";"VERA";"Falta de atenção";"Saída de Pista";"Com Vítimas Feridas";"Pleno dia";"Decrescente";"Chuva";"Simples";"Reta";"Rural";1;0;1;0;0;0;1;1
83444894;"05/03/16";"Sábado";"09:40:00";"MG";381;"455";"BELO HORIZONTE";"Ingestão de álcool";"Colisão frontal";"Com Vítimas Feridas";"Pleno dia";"Decrescente";"Nublado";"Simples";"Curva";"Rural";3;0;1;2;0;0;3;2
83444895;"01/03/16";"Terça";"16:20:00";"RJ";116;"275";"BARRA MANSA";"Outras";"Colisão com objeto fixo";"Sem Vítimas";"Pleno dia";"Crescente";"Chuva";"Simples";"Curva";"Rural";3;0;0;0;3;0;0;3
83444896;"29/02/16";"Segunda";"23:50:00";"ES";101;"337,7";"GUARAPARI";"Velocidade incompatível";"Saída de Pista";"Sem Vítimas";"Plena noite";"Crescente";"Ceu Claro";"Simples";"Reta";"Rural";1;0;0;0;1;0;0;1
83444897;"05/03/16";"Sábado";"16:20:00";"MG";116;"416";"GOVERNADOR VALADARES";"Falta de atenção";"Colisão Transversal";"Com Vítimas Feridas";"Pleno dia";"Crescente";"Ceu Claro";"Simples";"Reta";"Urbano";3;0;2;0;1;0;2;2
83444898;"05/03/16";"Sábado";"15:15:00";"GO";20;"36";"FORMOSA";"Outras";"Saída de Pista";"Com Vítimas Feridas";"Pleno dia";"Decrescente";"Ceu Claro";"Simples";"Reta";"Rural";2;0;1;0;1;0;1;1
83444899;"05/03/16";"Sábado";"10:50:00";"MT";163;"828";"SINOP";"Velocidade incompatível";"Saída de Pista";"Com Vítimas Feridas";"Pleno dia";"Decrescente";"Chuva";"Simples";"Reta";"Urbano";1;0;1;0;0;0;1;1
83444900;"05/03/16";"Sábado";"15:00:00";"RJ";116;"321";"ITATIAIA";"Outras";"Capotamento";"Com Vítimas Feridas";"Pleno dia";"Decrescente";"Sol";"Dupla";"Reta";"Urbano";2;0;0;2;0;0;2;1
83444901;"03/03/16";"Quinta";"04:00:00";"MG";40;"472,5";"SETE LAGOAS";"Dormindo";"Saída de Pista";"Com Vítimas Feridas";"Plena noite";"Decrescente";"Ceu Claro";"Dupla";"Reta";"Urbano";3;0;1;1;1;0;2;1