"id";"data_inversa";"dia_semana";"horario";"uf";"br";"km";"municipio";"causa_acidente";"tipo_acidente";"classificacao_acidente";"fase_dia";"sentido_via";"condicao_metereologica";"tipo_pista";"tracado_via";"uso_solo";"pessoas";"mortos";"feridos_leves";"feridos_graves";"ilesos";"ignorados";"feridos";"veiculos"
83444902;"05/03/16";"Sábado";"11:30:00";"BA";242;"407";"BONINAL";"Falta de atenção";"Colisão lateral";"Com Vítimas Feridas";"Pleno dia";"Crescente";"Sol";"Simples";"Reta";"Rural";2;0;1;0;1;0;1;2
83444903;"18/02/16";"Quinta";"21:20:00";"SP";381;"87,8";"GUARULHOS";"Outras";"Colisão com objeto fixo";"Com Vítimas Feridas";"Plena noite";"Crescente";"Ceu Claro";"Múltipla";"Reta";"Rural";2;0;2;0;0;0;2;1
83444904;"05/03/16";"Sábado";"16:50:00";"RS";290;"120";"ELDORADO DO SUL";"Falta de atenção";"Colisão lateral";"Com Vítimas Feridas";"Pleno dia";"Crescente";"Sol";"Simples";"Reta";"Rural";3;0;0;1;2;0;1;2
83444906;"05/03/16";"Sábado";"16:55:00";"RS";470;"217";"BENTO GONCALVES";"Falta de atenção";"Colisão lateral";"Sem Vítimas";"Pleno dia";"Decrescente";"Sol";"Simples";"Cruzamento";"Urbano";2;0;0;0;2;0;0;2
83444907;"05/03/16";"Sábado";"07:30:00";"PB";230;"17,1";"JOAO PESSOA";"Não guardar distância de segurança";"Colisão traseira";"Com Vítimas Feridas";"Pleno dia";"Decrescente";"Sol";"Dupla";"Reta";"Urbano";3;0;2;0;0;1;2;2
83444908;"05/03/16";"Sábado";"16:30:00";"MG";365;"628";"UBERLANDIA";"Desobediência à sinalização";"Colisão Transversal";"Com Vítimas Feridas";"Pleno dia";"Decrescente";"Ceu Claro";"Múltipla";"Curva";"Urbano";3;0;1;2;0;0;3;2
83444909;"05/03/16";"Sábado";"12:30:00";"BA";324;"568";"SAO SEBASTIAO DO PASSE";"Dormindo";"Saída de Pista";"Com Vítimas Feridas";"Pleno dia";"Crescente";"Ceu Claro";"Dupla";"Reta";"Rural";1;0;1;0;0;0;1;1
83444910;"05/03/16";"Sábado";"15:40:00";"PR";467;"80,9";"CASCAVEL";"Outras";"Colisão traseira";"Com Vítimas Feridas";"Pleno dia";"Decrescente";"Sol";"Dupla";"Reta";"Rural";3;0;3;0;0;0;3;2
83444911;"04/03/16";"Sexta";"13:00:00";"ES";101;"348,7";"GUARAPARI";"Velocidade incompatível";"Saída de Pista";"Com Vítimas Feridas";"Pleno dia";"Decrescente";"Chuva";"Simples";"Curva";"Rural";1;0;0;1;0;0;1;1
83444912;"05/03/16";"Sábado";"15:30:00";"MA";10;"267,7";"IMPERATRIZ";"Não guardar distância de segurança";"Colisão traseira";"Sem Vítimas";"Pleno dia";"Decrescente";"Ceu Claro";"Simples";"Reta";"Rural";2;0;0;0;2;0;0;2
83444913;"05/03/16";"Sábado";"16:00:00";"MG";364;"1";"PLANURA";"Não guardar distância de segurança";"Colisão traseira";"Sem Vítimas";"Pleno dia";"Crescente";"Sol";"Simples";"Reta";"Rural";6;0;0;0;6;0;0;2
83444915;"28/02/16";"Domingo";"08:30:00";"RJ";116;"277";"BARRA MANSA";"Outras";"Derramamento de Carga";"Sem Vítimas";"Pleno dia";"Decrescente";"Ceu Claro";"Dupla";"Reta";"Rural";1;0;0;0;1;0;0;1
83444916;"05/03/16";"Sábado";"13:10:00";"SP";116;"51,3";"LORENA";"Outras";"Colisão frontal";"Com Vítimas Feridas";"Pleno dia";"Crescente";"Sol";"Dupla";"Reta";"Urbano";2;0;0;1;1;0;1;2
83444918;"05/03/16";"Sábado";"17:10:00";"PR";116;"122";"CURITIBA";"Desobediência à sinalização";"Colisão traseira";"Com Vítimas Feridas";"Pleno dia";"Decrescente";"Ceu Claro";"Dupla";"Reta";"Rural";3;0;1;0;2;0;1;2
83444919;"05/03/16";"Sábado";"15:30:00";"MG";116;"409,8";"GOVERNADOR VALADARES";"Velocidade incompatível";"Queda de motocicleta / bicicleta / veículo";"Com Vítimas Feridas";"Pleno dia";"Decrescente";"Ceu Claro";"Dupla";"Reta";"Urbano";2;0;1;1;0;0;2;1
83444920;"05/03/16";"Sábado";"11:10:00";"RS";116;"322";"BARRA DO RIBEIRO";"Falta de atenção";"Colisão traseira";"Com Vítimas Feridas";"Pleno dia";"Decrescente";"Ceu Claro";"Simples";"Reta";"Urbano";3;0;1;0;2;0;1;2
83444921;"05/03/16";"Sábado";"14:10:00";"RO";364;"23,9";"VILHENA";"Defeito mecânico em veículo";"Colisão traseira";"Com Vítimas Feridas";"Pleno dia";"Decrescente";"Chuva";"Simples";"Reta";"Rural";2;0;0;1;1;0;1;2
83444922;"04/03/16";"Sexta";"05:30:00";"PB";405;"2,5";"UIRAUNA";"Animais na Pista";"Tombamento";"Com Vítimas Feridas";"Amanhecer";"Crescente";"Nublado";"Simples";"Reta";"Rural";2;0;0;1;1;0;1;1
83444923;"05/03/16";"Sábado";"08:20:00";"PR";277;"83,5";"CURITIBA";"Não guardar distância de segurança";"Colisão traseira";"Com Vítimas Feridas";"Pleno dia";"Crescente";"Sol";"Múltipla";"Reta";"Urbano";3;0;2;0;1;0;2;2
83444924;"05/03/16";"Sábado";"11:15:00";"MT";364;"349";"SANTO ANTONIO DO LEVERGER";"Velocidade incompatível";"Saída de Pista";"Com Vítimas Feridas";"Pleno dia";"Crescente";"Ceu Claro";"Simples";"Curva";"Rural";1;0;1;0;0;0;1;1
83444925;"05/03/16";"Sábado";"15:30:00";"SC";163;"70";"SAO MIGUEL DOESTE";"Ingestão de álcool";"Colisão Transversal";"Sem Vítimas";"Pleno dia";"Crescente";"Ceu Claro";"Dupla";"Reta";"Urbano";2;0;0;0;2;0;0;2
83444926;"05/03/16";"Sábado";"17:30:00";"MG";262;"374,4";"JUATUBA";"Outras";"Colisão com objeto fixo";"Com Vítimas Feridas";"Pleno dia";"Decrescente";"Nublado";"Dupla";"Reta";"Urbano";1;0;1;0;0;0;1;1
83444927;"05/03/16";"Sábado";"12:30:00";"PR";153;"458,1";"UNIAO DA VITORIA";"Ingestão de álcool";"Saída de Pista";"Com Vítimas Feridas";"Pleno dia";"Decrescente";"Ceu Claro";"Múltipla";"Reta";"Rural";1;0;1;0;0;0;1;1
83444928;"05/03/16";"Sábado";"16:40:00";"AC";364;"131,2";"RIO BRANCO";"Outras";"Colisão frontal";"Com Vítimas Fatais";"Anoitecer";"Crescente";"Chuva";"Simples";"Reta";"Urbano";4;1;0;1;2;0;1;2
83444929;"01/03/16";"Terça";"20:00:00";"GO";40;"12";"LUZIANIA";"Outras";"Atropelamento de pessoa";"Com Vítimas Feridas";"Plena noite";"Decrescente";"Nublado";"Dupla";"Reta";"Urbano";2;0;0;1;1;0;1;1
83444930;"05/03/16";"Sábado";"07:50:00";"PI";316;"316,8";"PICOS";"Falta de atenção";"Atropelamento de pessoa";"Com Vítimas Feridas";"Pleno dia";"Crescente";"Ceu Claro";"Múltipla";"Reta";"Urbano";2;0;1;1;0;0;2;1
83444931;"05/03/16";"Sábado";"16:45:00";"SP";459;"31";"LORENA";"Desobediência à sinalização";"Colisão Transversal";"Sem Vítimas";"Pleno dia";"Crescente";"Nublado";"Simples";"Cruzamento";"Rural";3;0;0;0;3;0;0;2
83444932;"05/03/16";"Sábado";"17:20:00";"SP";116;"105,4";"TAUBATE";"Outras";"Capotamento";"Com Vítimas Feridas";"Pleno dia";"Decrescente";"Chuva";"Dupla";"Reta";"Rural";2;0;2;0;0;0;2;1
83444933;"05/03/16";"Sábado";"18:30:00";"CE";116;"63,8";"CHOROZINHO";"Velocidade incompatível";"Saída de Pista";"Sem Vítimas";"Plena noite";"Decrescente";"Ceu Claro";"Simples";"Reta";"Rural";1;0;0;0;1;0;0;1
83444934;"05/03/16";"Sábado";"14:50:00";"MS";163;"490,5";"CAMPO GRANDE";"Outras";"Tombamento";"Com Vítimas Feridas";"Pleno dia";"Decrescente";"Sol";"Dupla";"Cruzamento";"Urbano";2;0;1;0;1;0;1;1
83444935;"05/03/16";"Sábado";"18:30:00";"MG";381;"358";"JOAO MONLEVADE";"Desobediência à sinalização";"Colisão frontal";"Com Vítimas Feridas";"Anoitecer";"Crescente";"Nublado";"Simples";"Reta";"Urbano";2;0;0;1;1;0;1;2
83444936;"05/03/16";"Sábado";"17:30:00";"RJ";116;"181,5";"NOVA IGUACU";"Outras";"Colisão lateral";"Com Vítimas Feridas";"Pleno dia";"Decrescente";"Ceu Claro";"Dupla";"Reta";"Urbano";3;0;1;0;2;0;1;2
83444937;"05/03/16";"Sábado";"17:10:00";"RS";470;"195";"BENTO GONCALVES";"Defeito na via";"Colisão lateral";"Com Vítimas Feridas";"Pleno dia";"Decrescente";"Sol";"Simples";"Curva";"Rural";2;0;1;0;1;0;1;2
83444938;"05/03/16";"Sábado";"17:50:00";"RS";158;"196,8";"CRUZ ALTA";"Desobediência à sinalização";"Colisão Transversal";"Sem Vítimas";"Pleno dia";"Decrescente";"Ceu Claro";"Simples";"Cruzamento";"Urbano";2;0;0;0;2;0;0;2
83444939;"05/03/16";"Sábado";"18:45:00";"PR";376;"154,5";"MANDAGUACU";"Ingestão de álcool";"Colisão traseira";"Com Vítimas Feridas";"Pleno dia";"Crescente";"Ceu Claro";"Simples";"Curva";"Urbano";2;0;1;0;1;0;1;2
83444940;"05/03/16";"Sábado";"19:30:00";"SC";101;"119";"ITAJAI";"Ingestão de álcool";"Colisão traseira";"Com Vítimas Feridas";"Plena noite";"Crescente";"Nublado";"Dupla";"Reta";"Rural";2;0;1;0;1;0;1;2
83444941;"01/03/16";"Terça";"05:20:00";"MG";116;"359,2";"JAMPRUCA";"Dormindo";"Colisão frontal";"Com Vítimas Fatais";"Amanhecer";"Decrescente";"Ceu Claro";"Simples";"Reta";"Rural";2;1;0;0;0;1;0;2
83444942;"05/03/16";"Sábado";"13:35:00";"SC";101;"62,5";"ARAQUARI";"Falta de atenção";"Colisão traseira";"Com Vítimas Feridas";"Pleno dia";"Crescente";"Ceu Claro";"Dupla";"Reta";"Rural";8;0;0;2;5;1;2;7
83444943;"05/03/16";"Sábado";"19:00:00";"PA";316;"33";"SANTA ISABEL DO PARA";"Não guardar distância de segurança";"Colisão traseira";"Sem Vítimas";"Plena noite";"Decrescente";"Vento";"Dupla";"Reta";"Urbano";2;0;0;0;2;0;0;2
83444945;"05/03/16";"Sábado";"04:40:00";"SC";282;"26,7";"SANTO AMARO DA IMPERATRIZ";"Falta de atenção";"Colisão frontal";"Com Vítimas Feridas";"Plena noite";"Decrescente";"Ceu Claro";"Simples";"Reta";"Urbano";3;0;0;1;1;1;1;3
83444946;"05/03/16";"Sábado";"20:56:00";"SC";101;"99";"PICARRAS";"Defeito mecânico em veículo";"Colisão com objeto móvel";"Sem Vítimas";"Plena noite";"Crescente";"Nublado";"Dupla";"Reta";"Urbano";2;0;0;0;2;0;0;2
83444947;"02/03/16";"Quarta";"11:40:00";"PA";222;"28";"DOM ELISEU";"Velocidade incompatível";"Colisão lateral";"Sem Vítimas";"Pleno dia";"Decrescente";"Nublado";"Simples";"Curva";"Rural";2;0;0;0;2;0;0;2
83444948;"05/03/16";"Sábado";"17:00:00";"PA";10;"69";"ULIANOPOLIS";"Outras";"Tombamento";"Com Vítimas Feridas";"Pleno dia";"Decrescente";"Nublado";"Simples";"Reta";"Rural";2;0;2;0;0;0;2;1
83444949;"05/03/16";"Sábado";"17:30:00";"MG";381;"332,2";"NOVA ERA";"Velocidade incompatível";"Saída de Pista";"Com Vítimas Feridas";"Pleno dia";"Crescente";"Chuva";"Simples";"Curva";"Urbano";3;0;0;2;1;0;2;1
83444950;"05/03/16";"Sábado";"17:50:00";"MT";70;"5";"BARRA DO GARCAS";"Ingestão de álcool";"Colisão Transversal";"Com Vítimas Feridas";"Pleno dia";"Crescente";"Nublado";"Dupla";"Reta";"Urbano";3;0;1;0;2;0;1;2
83444951;"05/03/16";"Sábado";"17:30:00";"MG";50;"129";"UBERABA";"Outras";"Saída de Pista";"Com Vítimas Feridas";"Pleno dia";"Crescente";"Chuva";"Dupla";"Reta";"Rural";1;0;1;0;0;0;1;1
83444952;"05/03/16";"Sábado";"15:00:00";"RS";101;"45,2";"TERRA DE AREIA";"Falta de atenção";"Colisão traseira";"Sem Vítimas";"Pleno dia";"Crescente";"Ceu Claro";"Simples";"Reta";"Urbano";2;0;0;0;2;0;0;2
83444953;"05/03/16";"Sábado";"10:00:00";"MT";364;"92";"ALTO GARCAS";"Outras";"Capotamento";"Sem Vítimas";"Pleno dia";"Decrescente";"Nublado";"Simples";"Reta";"Rural";2;0;0;0;2;0;0;2
83444954;"05/03/16";"Sábado";"20:00:00";"PE";101;"59,2";"RECIFE";"Outras";"Colisão traseira";"Sem Vítimas";"Plena noite";"Crescente";"Ceu Claro";"Dupla";"Reta";"Urbano";2;0;0;0;2;0;0;2
83444955;"05/03/16";"Sábado";"20:00:00";"MT";70;"0,1";"BARRA DO GARCAS";"Outras";"Colisão Transversal";"Com Vítimas Feridas";"Plena noite";"Decrescente";"Nublado";"Simples";"Reta";"Urbano";2;0;1;0;1;0;1;2
83444956;"05/03/16";"Sábado";"17:40:00";"RJ";101;"324";"NITEROI";"Defeito mecânico em veículo";"Capotamento";"Com Vítimas Feridas";"Pleno dia";"Crescente";"Ceu Claro";"Múltipla";"Reta";"Urbano";1;0;1;0;0;0;1;1
83444957;"05/03/16";"Sábado";"10:40:00";"ES";101;"149";"LINHARES";"Não guardar distância de segurança";"Colisão traseira";"Com Vítimas Feridas";"Pleno dia";"Decrescente";"Ceu Claro";"Simples";"Reta";"Urbano";2;0;1;0;0;1;1;2
83444958;"05/03/16";"Sábado";"05:45:00";"PI";343;"596";"FLORIANO";"Outras";"Saída de Pista";"Sem Vítimas";"Amanhecer";"Decrescente";"Ceu Claro";"Simples";"Cruzamento";"Urbano";1;0;0;0;1;0;0;1
83444959;"05/03/16";"Sábado";"15:45:00";"SC";282;"592,5";"SAUDADES";"Ultrapassagem indevida";"Colisão lateral";"Com Vítimas Fatais";"Pleno dia";"Crescente";"Ceu Claro";"Simples";"Curva";"Urbano";3;1;0;0;2;0;0;2
83444960;"05/03/16";"Sábado";"18:00:00";"MG";40;"563";"NOVA LIMA";"Outras";"Queda de motocicleta / bicicleta / veículo";"Com Vítimas Feridas";"Anoitecer";"Crescente";"Ceu Claro";"Dupla";"Curva";"Rural";1;0;1;0;0;0;1;1
83444961;"05/03/16";"Sábado";"22:00:00";"PI";343;"308";"ALTOS";"Outras";"Colisão com objeto fixo";"Com Vítimas Feridas";"Plena noite";"Decrescente";"Ceu Claro";"Simples";"Reta";"Urbano";1;0;1;0;0;0;1;1
83444962;"05/03/16";"Sábado";"16:05:00";"CE";116;"59";"CHOROZINHO";"Outras";"Derramamento de Carga";"Sem Vítimas";"Pleno dia";"Crescente";"Ceu Claro";"Simples";"Reta";"Rural";4;0;0;0;1;3;0;4
83444963;"05/03/16";"Sábado";"19:00:00";"RS";471;"146,1";"SANTA CRUZ DO SUL";"Outras";"Atropelamento de pessoa";"Com Vítimas Feridas";"Anoitecer";"Crescente";"Nublado";"Simples";"Reta";"Urbano";3;0;2;1;0;0;3;1
83444964;"05/03/16";"Sábado";"21:10:00";"PR";376;"3,3";"APUCARANA";"Falta de atenção";"Queda de motocicleta / bicicleta / veículo";"Com Vítimas Feridas";"Plena noite";"Crescente";"Ceu Claro";"Dupla";"Reta";"Urbano";1;0;1;0;0;0;1;1
83444965;"05/03/16";"Sábado";"22:40:00";"PR";153;"76";"CONSELHEIRO MAIRINCK";"Defeito na via";"Queda de motocicleta / bicicleta / veículo";"Com Vítimas Feridas";"Plena noite";"Decrescente";"Ceu Claro";"Simples";"Curva";"Rural";1;0;1;0;0;0;1;1
83444966;"05/03/16";"Sábado";"21:30:00";"MG";365;"640,4";"UBERLANDIA";"Defeito mecânico em veículo";"Colisão traseira";"Com Vítimas Feridas";"Plena noite";"Crescente";"Ceu Claro";"Dupla";"Reta";"Rural";5;0;3;1;1;0;4;2
83444967;"05/03/16";"Sábado";"21:15:00";"GO";364;"99";"CACHOEIRA ALTA";"Outras";"Capotamento";"Sem Vítimas";"Plena noite";"Crescente";"Nublado";"Simples";"Reta";"Rural";1;0;0;0;1;0;0;1
83444968;"05/03/16";"Sábado";"22:00:00";"AL";104;"29,6";"UNIAO DOS PALMARES";"Falta de atenção";"Saída de Pista";"Com Vítimas Feridas";"Plena noite";"Decrescente";"Ceu Claro";"Simples";"Reta";"Rural";1;0;0;1;0;0;1;1
83444969;"05/03/16";"Sábado";"19:30:00";"ES";101;"158";"LINHARES";"Falta de atenção";"Colisão frontal";"Com Vítimas Feridas";"Plena noite";"Crescente";"Ceu Claro";"Simples";"Reta";"Rural";4;0;0;1;3;0;1;2
83444970;"05/03/16";"Sábado";"17:40:00";"MT";70;"696";"CACERES";"Velocidade incompatível";"Tombamento";"Com Vítimas Feridas";"Anoitecer";"Decrescente";"Ceu Claro";"Simples";"Reta";"Rural";2;0;0;2;0;0;2;1
83444971;"05/03/16";"Sábado";"22:10:00";"MG";381;"841,3";"SAO SEBASTIAO DA BELA VISTA";"Não guardar distância de segurança";"Colisão lateral";"Com Vítimas Feridas";"Plena noite";"Decrescente";"Ceu Claro";"Dupla";"Reta";"Rural";10;0;1;1;7;1;2;2
83444972;"05/03/16";"Sábado";"20:30:00";"SC";470;"66,2";"INDAIAL";"Ingestão de álcool";"Saída de Pista";"Com Vítimas Feridas";"Plena noite";"Crescente";"Nublado";"Simples";"Reta";"Urbano";1;0;1;0;0;0;1;1
83444973;"05/03/16";"Sábado";"14:15:00";"MG";153;"28";"CENTRALINA";"Dormindo";"Saída de Pista";"Sem Vítimas";"Pleno dia";"Decrescente";"Ceu Claro";"Dupla";"Reta";"Rural";1;0;0;0;1;0;0;1
83444974;"05/03/16";"Sábado";"16:30:00";"SC";470;"74,4";"INDAIAL";"Falta de atenção";"Colisão Transversal";"Com Vítimas Feridas";"Pleno dia";"Crescente";"Ceu Claro";"Simples";"Reta";"Urbano";2;0;0;2;0;0;2;2
83444975;"05/03/16";"Sábado";"15:25:00";"RS";293;"14";"CAPAO DO LEAO";"Outras";"Queda de motocicleta / bicicleta / veículo";"Com Vítimas Feridas";"Pleno dia";"Decrescente";"Chuva";"Simples";"Reta";"Urbano";2;0;2;0;0;0;2;1
83444976;"05/03/16";"Sábado";"19:10:00";"PR";369;"185";"ARAPONGAS";"Ingestão de álcool";"Colisão frontal";"Com Vítimas Feridas";"Anoitecer";"Decrescente";"Ceu Claro";"Simples";"Reta";"Urbano";2;0;1;0;1;0;1;2
83444977;"05/03/16";"Sábado";"17:25:00";"MG";262;"549,5";"LUZ";"Velocidade incompatível";"Colisão frontal";"Com Vítimas Fatais";"Pleno dia";"Decrescente";"Chuva";"Simples";"Curva";"Rural";3;1;0;1;1;0;1;2
83444978;"05/03/16";"Sábado";"22:00:00";"MG";116;"25,3";"CACHOEIRA DE PAJEU";"Outras";"Tombamento";"Com Vítimas Feridas";"Plena noite";"Decrescente";"Nublado";"Simples";"Curva";"Rural";1;0;1;0;0;0;1;1
83444979;"05/03/16";"Sábado";"22:30:00";"PR";277;"99";"CURITIBA";"Defeito mecânico em veículo";"Queda de motocicleta / bicicleta / veículo";"Com Vítimas Feridas";"Plena noite";"Crescente";"Ceu Claro";"Dupla";"Reta";"Rural";2;0;2;0;0;0;2;1
83444980;"05/03/16";"Sábado";"14:15:00";"MG";50;"17";"ARAGUARI";"Velocidade incompatível";"Saída de Pista";"Com Vítimas Feridas";"Pleno dia";"Decrescente";"Sol";"Dupla";"Curva";"Rural";1;0;0;1;0;0;1;1
83444981;"06/03/16";"Domingo";"01:00:00";"SC";101;"208,6";"SAO JOSE";"Falta de atenção";"Colisão Transversal";"Com Vítimas Feridas";"Plena noite";"Crescente";"Nublado";"Múltipla";"Cruzamento";"Urbano";4;0;2;0;2;0;2;2
83444982;"06/03/16";"Domingo";"00:40:00";"RJ";101;"512";"ANGRA DOS REIS";"Dormindo";"Queda de motocicleta / bicicleta / veículo";"Com Vítimas Feridas";"Plena noite";"Crescente";"Nublado";"Dupla";"Reta";"Urbano";2;0;0;2;0;0;2;1
83444983;"05/03/16";"Sábado";"21:00:00";"PR";116;"90";"PIRAQUARA";"Falta de atenção";"Saída de Pista";"Sem Vítimas";"Plena noite";"Crescente";"Ceu Claro";"Dupla";"Reta";"Urbano";1;0;0;0;1;0;0;1
83444984;"06/03/16";"Domingo";"01:30:00";"RS";116;"256";"ESTEIO";"Outras";"Colisão com objeto fixo";"Com Vítimas Feridas";"Plena noite";"Crescente";"Nublado";"Dupla";"Reta";"Urbano";1;0;1;0;0;0;1;1
83444985;"05/03/16";"Sábado";"19:25:00";"MS";163;"235,9";"CAARAPO";"Ingestão de álcool";"Colisão traseira";"Sem Vítimas";"Plena noite";"Decrescente";"Ceu Claro";"Dupla";"Reta";"Rural";2;0;0;0;2;0;0;2
83444986;"05/03/16";"Sábado";"16:15:00";"BA";116;"416";"FEIRA DE SANTANA";"Defeito mecânico em veículo";"Saída de Pista";"Sem Vítimas";"Pleno dia";"Decrescente";"Nublado";"Simples";"Curva";"Urbano";1;0;0;0;1;0;0;1
83444987;"05/03/16";"Sábado";"23:50:00";"PR";376;"475,8";"PONTA GROSSA";"Velocidade incompatível";"Capotamento";"Com Vítimas Fatais";"Plena noite";"Decrescente";"Nublado";"Dupla";"Reta";"Rural";3;1;2;0;0;0;2;1
83444989;"05/03/16";"Sábado";"17:15:00";"GO";60;"22";"ALEXANIA";"Outras";"Colisão frontal";"Com Vítimas Feridas";"Pleno dia";"Crescente";"Ceu Claro";"Dupla";"Reta";"Rural";2;0;0;1;1;0;1;2
83444990;"06/03/16";"Domingo";"02:15:00";"PR";376;"183,2";"SARANDI";"Ingestão de álcool";"Colisão traseira";"Com Vítimas Feridas";"Plena noite";"Crescente";"Ceu Claro";"Dupla";"Reta";"Urbano";3;0;1;0;1;1;1;3
83444991;"05/03/16";"Sábado";"22:30:00";"MS";163;"350";"RIO BRILHANTE";"Ingestão de álcool";"Saída de Pista";"Com Vítimas Feridas";"Plena noite";"Crescente";"Ceu Claro";"Simples";"Reta";"Rural";1;0;1;0;0;0;1;1
83444992;"06/03/16";"Domingo";"02:10:00";"PR";277;"689";"SAO MIGUEL DO IGUACU";"Falta de atenção";"Colisão lateral";"Com Vítimas Feridas";"Plena noite";"Decrescente";"Ceu Claro";"Dupla";"Curva";"Urbano";2;0;1;0;0;1;1;2
83444993;"06/03/16";"Domingo";"00:45:00";"SC";282;"497,7";"XANXERE";"Ingestão de álcool";"Capotamento";"Com Vítimas Feridas";"Plena noite";"Crescente";"Ceu Claro";"Dupla";"Reta";"Rural";2;0;2;0;0;0;2;1
83444994;"05/03/16";"Sábado";"16:30:00";"BA";116;"419";"FEIRA DE SANTANA";"Desobediência à sinalização";"Colisão lateral";"Com Vítimas Feridas";"Pleno dia";"Crescente";"Nublado";"Dupla";"Reta";"Urbano";2;0;1;0;1;0;1;2
83444996;"05/03/16";"Sábado";"22:00:00";"BA";101;"713";"EUNAPOLIS";"Ingestão de álcool";"Colisão frontal";"Com Vítimas Feridas";"Plena noite";"Decrescente";"Ceu Claro";"Simples";"Cruzamento";"Urbano";3;0;0;2;1;0;2;2
83444997;"05/03/16";"Sábado";"16:30:00";"MG";262;"539,5";"LUZ";"Velocidade incompatível";"Saída de Pista";"Com Vítimas Fatais";"Pleno dia";"Crescente";"Ceu Claro";"Simples";"Curva";"Rural";1;1;0;0;0;0;0;1
83444998;"06/03/16";"Domingo";"01:50:00";"PR";376;"488,1";"PONTA GROSSA";"Velocidade incompatível";"Queda de motocicleta / bicicleta / veículo";"Com Vítimas Feridas";"Plena noite";"Crescente";"Ceu Claro";"Dupla";"Curva";"Urbano";1;0;1;0;0;0;1;1
83445000;"05/03/16";"Sábado";"22:50:00";"PR";376;"387,6";"IMBAU";"Falta de atenção";"Colisão com bicicleta";"Com Vítimas Fatais";"Plena noite";"Decrescente";"Ceu Claro";"Simples";"Reta";"Rural";2;1;0;0;1;0;0;2
83445001;"06/03/16";"Domingo";"02:30:00";"RS";101;"3";"TORRES";"Falta de atenção";"Atropelamento de pessoa";"Com Vítimas Feridas";"Plena noite";"Decrescente";"Ceu Claro";"Dupla";"Reta";"Rural";2;0;0;1;1;0;1;1
83445002;"05/03/16";"Sábado";"18:50:00";"RS";285;"36,6";"SAO JOSE DOS AUSENTES";"Velocidade incompatível";"Capotamento";"Com Vítimas Feridas";"Anoitecer";"Crescente";"Ceu Claro";"Simples";"Reta";"Rural";2;0;0;2;0;0;2;1
83445003;"06/03/16";"Domingo";"02:30:00";"SC";470;"65";"INDAIAL";"Outras";"Colisão Transversal";"Sem Vítimas";"Plena noite";"Crescente";"Ceu Claro";"Simples";"Reta";"Rural";2;0;0;0;1;1;0;2
83445004;"06/03/16";"Domingo";"03:40:00";"RS";116;"244";"SAO LEOPOLDO";"Outras";"Colisão com objeto fixo";"Com Vítimas Feridas";"Plena noite";"Decrescente";"Ceu Claro";"Múltipla";"Reta";"Urbano";2;0;2;0;0;0;2;1
83445005;"05/03/16";"Sábado";"09:40:00";"SC";470;"36,2";"GASPAR";"Falta de atenção";"Colisão Transversal";"Com Vítimas Feridas";"Plena noite";"Decrescente";"Ceu Claro";"Simples";"Reta";"Urbano";2;0;1;0;1;0;1;2
83445007;"06/03/16";"Domingo";"00:48:00";"PB";361;"25,9";"SANTA TERESINHA";"Falta de atenção";"Atropelamento de pessoa";"Com Vítimas Fatais";"Plena noite";"Crescente";"Ceu Claro";"Simples";"Reta";"Rural";2;1;0;0;0;1;0;1
83445008;"06/03/16";"Domingo";"03:00:00";"PE";428;"185";"PETROLINA";"Ingestão de álcool";"Saída de Pista";"Com Vítimas Fatais";"Plena noite";"Crescente";"Ceu Claro";"Simples";"Reta";"Urbano";3;2;1;0;0;0;1;1
83445009;"05/03/16";"Sábado";"21:25:00";"SC";101;"37";"JOINVILLE";"Falta de atenção";"Atropelamento de pessoa";"Com Vítimas Fatais";"Plena noite";"Decrescente";"Chuva";"Dupla";"Reta";"Urbano";2;1;0;0;1;0;0;1
83445010;"05/03/16";"Sábado";"19:10:00";"PR";376;"3,5";"APUCARANA";"Outras";"Colisão Transversal";"Com Vítimas Feridas";"Plena noite";"Crescente";"Ceu Claro";"Dupla";"Reta";"Urbano";2;0;0;1;1;0;1;2
83445012;"05/03/16";"Sábado";"17:00:00";"CE";222;"162,3";"IRAUCUBA";"Outras";"Colisão lateral";"Com Vítimas Feridas";"Pleno dia";"Crescente";"Sol";"Simples";"Reta";"Urbano";3;0;1;1;0;1;2;2
83445013;"01/03/16";"Terça";"21:30:00";"RS";116;"264";"CANOAS";"Falta de atenção";"Colisão lateral";"Sem Vítimas";"Plena noite";"Crescente";"Nublado";"Múltipla";"Reta";"Urbano";2;0;0;0;2;0;0;2
83445015;"06/03/16";"Domingo";"05:30:00";"SP";116;"282";"EMBU";"Falta de atenção";"Saída de Pista";"Com Vítimas Feridas";"Amanhecer";"Decrescente";"Nublado";"Dupla";"Reta";"Urbano";1;0;1;0;0;0;1;1
83445016;"05/03/16";"Sábado";"22:10:00";"PR";376;"180,6";"MARINGA";"Não guardar distância de segurança";"Colisão lateral";"Com Vítimas Feridas";"Plena noite";"Crescente";"Ceu Claro";"Dupla";"Reta";"Urbano";2;0;1;0;1;0;1;2
83445017;"06/03/16";"Domingo";"03:20:00";"MG";381;"449";"SABARA";"Dormindo";"Colisão frontal";"Com Vítimas Feridas";"Plena noite";"Decrescente";"Ceu Claro";"Simples";"Reta";"Rural";3;0;1;2;0;0;3;2