"id";"data_inversa";"dia_semana";"horario";"uf";"br";"km";"municipio";"causa_acidente";"tipo_acidente";"classificacao_acidente";"fase_dia";"sentido_via";"condicao_metereologica";"tipo_pista";"tracado_via";"uso_solo";"pessoas";"mortos";"feridos_leves";"feridos_graves";"ilesos";"ignorados";"feridos";"veiculos"
83445018;"05/03/16";"Sábado";"17:30:00";"AL";101;"160";"CAMPO ALEGRE";"Outras";"Colisão frontal";"Com Vítimas Fatais";"Pleno dia";"Decrescente";"Ceu Claro";"Simples";"Reta";"Rural";2;1;0;0;1;0;0;2
83445019;"06/03/16";"Domingo";"01:50:00";"SC";282;"498,4";"XANXERE";"Ingestão de álcool";"Colisão com objeto fixo";"Com Vítimas Fatais";"Plena noite";"Crescente";"Ceu Claro";"Dupla";"Reta";"Urbano";6;2;0;4;0;0;4;1
83445020;"05/03/16";"Sábado";"20:40:00";"ES";262;"17,9";"VIANA";"Desobediência à sinalização";"Colisão lateral";"Sem Vítimas";"Plena noite";"Crescente";"Nublado";"Simples";"Reta";"Urbano";2;0;0;0;2;0;0;2
83445021;"05/03/16";"Sábado";"08:28:00";"PR";376;"173,7";"MARINGA";"Desobediência à sinalização";"Colisão Transversal";"Com Vítimas Feridas";"Pleno dia";"Crescente";"Ceu Claro";"Simples";"Cruzamento";"Urbano";2;0;0;1;1;0;1;2
83445022;"06/03/16";"Domingo";"04:42:00";"SC";101;"25,7";"JOINVILLE";"Outras";"Atropelamento de pessoa";"Com Vítimas Feridas";"Plena noite";"Decrescente";"Nublado";"Múltipla";"Reta";"Rural";2;0;0;1;1;0;1;1
83445023;"06/03/16";"Domingo";"04:40:00";"SC";101;"25,7";"JOINVILLE";"Ingestão de álcool";"Colisão com objeto fixo";"Com Vítimas Feridas";"Plena noite";"Decrescente";"Nublado";"Múltipla";"Reta";"Rural";2;0;1;0;0;1;1;1
83445024;"06/03/16";"Domingo";"01:45:00";"MG";381;"480,8";"CONTAGEM";"Outras";"Queda de motocicleta / bicicleta / veículo";"Com Vítimas Feridas";"Plena noite";"Decrescente";"Nublado";"Múltipla";"Reta";"Urbano";2;0;2;0;0;0;2;1
83445025;"05/03/16";"Sábado";"15:00:00";"PB";104;"119,5";"CAMPINA GRANDE";"Falta de atenção";"Colisão lateral";"Com Vítimas Feridas";"Pleno dia";"Decrescente";"Ceu Claro";"Simples";"Curva";"Rural";2;0;1;0;1;0;1;2
83445026;"06/03/16";"Domingo";"04:30:00";"ES";101;"147,1";"LINHARES";"Desobediência à sinalização";"Colisão Transversal";"Com Vítimas Feridas";"Plena noite";"Crescente";"Ceu Claro";"Múltipla";"Reta";"Urbano";2;0;1;0;0;1;1;2
83445027;"05/03/16";"Sábado";"11:15:00";"MG";262;"554";"CORREGO DANTA";"Velocidade incompatível";"Capotamento";"Com Vítimas Feridas";"Pleno dia";"Decrescente";"Chuva";"Simples";"Curva";"Rural";1;0;1;0;0;0;1;1
83445028;"05/03/16";"Sábado";"21:15:00";"MG";459;"85";"CONGONHAL";"Falta de atenção";"Colisão Transversal";"Com Vítimas Feridas";"Plena noite";"Decrescente";"Nublado";"Simples";"Reta";"Rural";2;0;0;1;1;0;1;2
83445029;"06/03/16";"Domingo";"05:25:00";"SC";101;"399,9";"MARACAJA";"Ingestão de álcool";"Colisão traseira";"Com Vítimas Feridas";"Plena noite";"Crescente";"Nublado";"Dupla";"Reta";"Rural";3;0;0;2;0;1;2;2
83445030;"06/03/16";"Domingo";"05:20:00";"BA";116;"919,2";"ENCRUZILHADA";"Outras";"Tombamento";"Sem Vítimas";"Amanhecer";"Decrescente";"Nublado";"Simples";"Curva";"Rural";1;0;0;0;1;0;0;1
83445031;"02/03/16";"Quarta";"07:00:00";"CE";222;"0,5";"FORTALEZA";"Defeito mecânico em veículo";"Colisão lateral";"Com Vítimas Feridas";"Pleno dia";"Decrescente";"Ceu Claro";"Múltipla";"Reta";"Urbano";2;0;0;1;1;0;1;2
83445032;"06/03/16";"Domingo";"05:50:00";"SC";280;"67,8";"JARAGUA DO SUL";"Desobediência à sinalização";"Colisão Transversal";"Com Vítimas Feridas";"Amanhecer";"Crescente";"Nublado";"Simples";"Reta";"Urbano";2;0;0;1;1;0;1;2
83445033;"05/03/16";"Sábado";"20:45:00";"GO";70;"7";"AGUAS LINDAS DE GOIAS";"Outras";"Atropelamento de pessoa";"Com Vítimas Fatais";"Plena noite";"Decrescente";"Nublado";"Dupla";"Reta";"Urbano";3;1;0;2;0;0;2;1
83445034;"05/03/16";"Sábado";"23:30:00";"RS";101;"44,8";"TERRA DE AREIA";"Outras";"Saída de Pista";"Sem Vítimas";"Plena noite";"Crescente";"Nublado";"Dupla";"Reta";"Urbano";1;0;0;0;1;0;0;1
83445035;"06/03/16";"Domingo";"06:10:00";"BA";415;"31,7";"ILHEUS";"Velocidade incompatível";"Colisão Transversal";"Com Vítimas Feridas";"Pleno dia";"Decrescente";"Chuva";"Simples";"Curva";"Rural";3;0;1;0;2;0;1;3
83445036;"05/03/16";"Sábado";"22:22:00";"MG";381;"854,5";"POUSO ALEGRE";"Falta de atenção";"Colisão lateral";"Com Vítimas Feridas";"Plena noite";"Decrescente";"Nublado";"Simples";"Reta";"Rural";4;0;3;0;1;0;3;2
83445037;"05/03/16";"Sábado";"12:45:00";"SP";116;"190";"SANTA ISABEL";"Outras";"Queda de motocicleta / bicicleta / veículo";"Com Vítimas Feridas";"Pleno dia";"Crescente";"Sol";"Dupla";"Curva";"Rural";1;0;1;0;0;0;1;1
83445038;"06/03/16";"Domingo";"05:15:00";"SC";101;"154,3";"PORTO BELO";"Falta de atenção";"Colisão traseira";"Sem Vítimas";"Plena noite";"Decrescente";"Nublado";"Múltipla";"Reta";"Rural";2;0;0;0;2;0;0;2
83445039;"05/03/16";"Sábado";"05:00:00";"RN";304;"46";"MOSSORO";"Ingestão de álcool";"Queda de motocicleta / bicicleta / veículo";"Com Vítimas Feridas";"Amanhecer";"Crescente";"Ceu Claro";"Simples";"Reta";"Urbano";3;0;3;0;0;0;3;2
83445041;"03/03/16";"Quinta";"19:05:00";"RS";116;"259";"CANOAS";"Falta de atenção";"Colisão traseira";"Sem Vítimas";"Plena noite";"Decrescente";"Chuva";"Dupla";"Reta";"Urbano";5;0;0;0;5;0;0;5
83445042;"02/03/16";"Quarta";"18:20:00";"MG";135;"402";"BOCAIUVA";"Falta de atenção";"Colisão lateral";"Sem Vítimas";"Anoitecer";"Decrescente";"Ceu Claro";"Simples";"Reta";"Rural";2;0;0;0;2;0;0;2
83445043;"06/03/16";"Domingo";"02:10:00";"RS";293;"37,6";"CAPAO DO LEAO";"Outras";"Colisão traseira";"Sem Vítimas";"Plena noite";"Decrescente";"Ignorada";"Simples";"Reta";"Rural";2;0;0;0;2;0;0;2
83445044;"02/03/16";"Quarta";"08:00:00";"CE";116;"1,3";"FORTALEZA";"Falta de atenção";"Colisão lateral";"Com Vítimas Feridas";"Pleno dia";"Crescente";"Ceu Claro";"Dupla";"Reta";"Urbano";2;0;1;0;1;0;1;2
83445045;"05/03/16";"Sábado";"02:30:00";"PR";376;"128";"ALTO PARANA";"Outras";"Colisão lateral";"Sem Vítimas";"Plena noite";"Decrescente";"Ceu Claro";"Simples";"Reta";"Rural";3;0;0;0;3;0;0;3
83445046;"06/03/16";"Domingo";"05:00:00";"RS";153;"385,6";"CACHOEIRA DO SUL";"Falta de atenção";"Capotamento";"Com Vítimas Feridas";"Plena noite";"Decrescente";"Ceu Claro";"Simples";"Curva";"Rural";1;0;1;0;0;0;1;1
83445047;"05/03/16";"Sábado";"22:10:00";"PR";476;"219,5";"LAPA";"Velocidade incompatível";"Tombamento";"Com Vítimas Feridas";"Plena noite";"Decrescente";"Chuva";"Simples";"Curva";"Rural";1;0;1;0;0;0;1;1
83445048;"06/03/16";"Domingo";"06:50:00";"PR";376;"183";"SARANDI";"Desobediência à sinalização";"Colisão Transversal";"Com Vítimas Feridas";"Pleno dia";"Crescente";"Ceu Claro";"Dupla";"Cruzamento";"Urbano";2;0;1;0;1;0;1;2
83445049;"02/03/16";"Quarta";"11:50:00";"SC";470;"66,9";"INDAIAL";"Velocidade incompatível";"Colisão frontal";"Com Vítimas Feridas";"Pleno dia";"Decrescente";"Chuva";"Simples";"Reta";"Urbano";3;0;3;0;0;0;3;2
83445050;"04/03/16";"Sexta";"03:30:00";"MT";70;"22,3";"BARRA DO GARCAS";"Ingestão de álcool";"Saída de Pista";"Com Vítimas Feridas";"Plena noite";"Decrescente";"Ceu Claro";"Simples";"Reta";"Rural";1;0;1;0;0;0;1;1
83445052;"03/03/16";"Quinta";"07:30:00";"SP";116;"172,2";"JACAREI";"Falta de atenção";"Colisão com objeto fixo";"Sem Vítimas";"Pleno dia";"Crescente";"Chuva";"Dupla";"Reta";"Urbano";1;0;0;0;1;0;0;1
83445053;"05/03/16";"Sábado";"19:30:00";"MT";163;"875,5";"SINOP";"Ingestão de álcool";"Colisão frontal";"Com Vítimas Feridas";"Plena noite";"Decrescente";"Nublado";"Simples";"Reta";"Rural";2;0;1;0;1;0;1;2
83445054;"03/03/16";"Quinta";"00:10:00";"PR";277;"111";"CAMPO LARGO";"Não guardar distância de segurança";"Colisão traseira";"Sem Vítimas";"Plena noite";"Crescente";"Nublado";"Dupla";"Reta";"Rural";2;0;0;0;1;1;0;2
83445056;"06/03/16";"Domingo";"06:50:00";"PE";101;"78";"JABOATAO DOS GUARARAPES";"Outras";"Saída de Pista";"Com Vítimas Feridas";"Pleno dia";"Crescente";"Sol";"Dupla";"Curva";"Urbano";1;0;1;0;0;0;1;1
83445057;"02/03/16";"Quarta";"15:30:00";"MG";40;"553";"NOVA LIMA";"Falta de atenção";"Colisão lateral";"Sem Vítimas";"Pleno dia";"Crescente";"Ceu Claro";"Dupla";"Curva";"Urbano";2;0;0;0;2;0;0;2
83445058;"06/03/16";"Domingo";"07:00:00";"RS";468;"0";"PALMEIRA DAS MISSOES";"Velocidade incompatível";"Tombamento";"Com Vítimas Feridas";"Amanhecer";"Decrescente";"Ceu Claro";"Simples";"Curva";"Urbano";2;0;1;1;0;0;2;1
83445059;"02/03/16";"Quarta";"10:30:00";"BA";101;"65";"ENTRE RIOS";"Outras";"Colisão frontal";"Com Vítimas Feridas";"Pleno dia";"Decrescente";"Nublado";"Simples";"Curva";"Rural";6;0;4;0;2;0;4;2
83445060;"03/03/16";"Quinta";"10:06:00";"GO";153;"291,5";"RIALMA";"Falta de atenção";"Saída de Pista";"Sem Vítimas";"Pleno dia";"Decrescente";"Chuva";"Simples";"Reta";"Rural";1;0;0;0;1;0;0;1
83445061;"02/03/16";"Quarta";"19:15:00";"SP";381;"68";"MAIRIPORA";"Defeito mecânico em veículo";"Colisão traseira";"Sem Vítimas";"Plena noite";"Decrescente";"Nublado";"Dupla";"Curva";"Rural";2;0;0;0;2;0;0;2
83445062;"27/02/16";"Sábado";"10:00:00";"PE";232;"124";"CARUARU";"Outras";"Colisão Transversal";"Com Vítimas Feridas";"Pleno dia";"Decrescente";"Sol";"Dupla";"Reta";"Rural";3;0;3;0;0;0;3;2
83445063;"02/03/16";"Quarta";"06:13:00";"DF";40;"5,6";"BRASILIA";"Falta de atenção";"Atropelamento de pessoa";"Com Vítimas Feridas";"Amanhecer";"Decrescente";"Nublado";"Dupla";"Reta";"Urbano";3;0;3;0;0;0;3;1
83445064;"02/03/16";"Quarta";"15:30:00";"SP";116;"212";"GUARULHOS";"Outras";"Colisão lateral";"Com Vítimas Feridas";"Pleno dia";"Decrescente";"Nublado";"Múltipla";"Reta";"Urbano";4;0;2;0;2;0;2;2
83445065;"02/03/16";"Quarta";"18:50:00";"CE";116;"11,2";"FORTALEZA";"Falta de atenção";"Atropelamento de pessoa";"Com Vítimas Feridas";"Plena noite";"Crescente";"Ceu Claro";"Dupla";"Reta";"Urbano";2;0;0;1;1;0;1;1
83445066;"27/02/16";"Sábado";"12:50:00";"SC";282;"513,8";"XAXIM";"Outras";"Capotamento";"Sem Vítimas";"Pleno dia";"Decrescente";"Chuva";"Simples";"Curva";"Rural";1;0;0;0;1;0;0;1
83445067;"02/03/16";"Quarta";"20:10:00";"DF";60;"7";"BRASILIA";"Outras";"Atropelamento de pessoa";"Com Vítimas Fatais";"Plena noite";"Decrescente";"Chuva";"Dupla";"Reta";"Urbano";2;1;0;0;0;1;0;1
83445068;"02/03/16";"Quarta";"18:35:00";"MG";40;"509";"RIBEIRAO DAS NEVES";"Não guardar distância de segurança";"Colisão traseira";"Com Vítimas Feridas";"Anoitecer";"Decrescente";"Ceu Claro";"Dupla";"Reta";"Urbano";2;0;0;1;1;0;1;2
83445069;"06/03/16";"Domingo";"05:40:00";"RS";116;"128,7";"CAXIAS DO SUL";"Ingestão de álcool";"Capotamento";"Sem Vítimas";"Amanhecer";"Crescente";"Ceu Claro";"Simples";"Curva";"Rural";2;0;0;0;2;0;0;1
83445070;"29/02/16";"Segunda";"23:30:00";"MG";135;"607,5";"CURVELO";"Falta de atenção";"Saída de Pista";"Com Vítimas Feridas";"Plena noite";"Crescente";"Ceu Claro";"Simples";"Curva";"Rural";4;0;4;0;0;0;4;1
83445071;"03/03/16";"Quinta";"08:00:00";"SC";282;"52,4";"AGUAS MORNAS";"Velocidade incompatível";"Colisão frontal";"Com Vítimas Feridas";"Pleno dia";"Crescente";"Chuva";"Simples";"Curva";"Rural";3;0;0;3;0;0;3;2
83445072;"02/03/16";"Quarta";"13:30:00";"SC";101;"201";"SAO JOSE";"Outras";"Colisão traseira";"Com Vítimas Feridas";"Pleno dia";"Decrescente";"Nublado";"Dupla";"Reta";"Urbano";2;0;1;0;1;0;1;2
83445073;"02/03/16";"Quarta";"18:30:00";"RS";116;"267,8";"CANOAS";"Falta de atenção";"Colisão lateral";"Sem Vítimas";"Plena noite";"Decrescente";"Chuva";"Dupla";"Reta";"Urbano";2;0;0;0;2;0;0;2
83445074;"02/03/16";"Quarta";"11:00:00";"SC";282;"16,6";"PALHOCA";"Outras";"Atropelamento de pessoa";"Com Vítimas Feridas";"Pleno dia";"Decrescente";"Nublado";"Simples";"Reta";"Urbano";2;0;0;1;0;1;1;1
83445075;"28/02/16";"Domingo";"11:40:00";"GO";364;"335";"PORTELANDIA";"Desobediência à sinalização";"Colisão frontal";"Com Vítimas Feridas";"Pleno dia";"Crescente";"Ceu Claro";"Simples";"Reta";"Rural";2;0;1;0;1;0;1;2
83445076;"06/03/16";"Domingo";"08:45:00";"PR";277;"12,3";"PARANAGUA";"Defeito na via";"Queda de motocicleta / bicicleta / veículo";"Com Vítimas Feridas";"Pleno dia";"Decrescente";"Sol";"Dupla";"Reta";"Rural";1;0;1;0;0;0;1;1
83445077;"27/02/16";"Sábado";"18:45:00";"RS";392;"245,4";"CACAPAVA DO SUL";"Outras";"Saída de Pista";"Com Vítimas Feridas";"Pleno dia";"Crescente";"Ceu Claro";"Simples";"Reta";"Rural";1;0;1;0;0;0;1;1
83445078;"02/03/16";"Quarta";"21:27:00";"RJ";393;"139,9";"SAPUCAIA";"Falta de atenção";"Colisão lateral";"Sem Vítimas";"Plena noite";"Crescente";"Ceu Claro";"Simples";"Curva";"Rural";2;0;0;0;1;1;0;2
83445079;"03/03/16";"Quinta";"00:05:00";"PR";369;"192,5";"ARAPONGAS";"Velocidade incompatível";"Capotamento";"Com Vítimas Feridas";"Plena noite";"Decrescente";"Chuva";"Dupla";"Reta";"Rural";1;0;0;1;0;0;1;1
83445080;"03/03/16";"Quinta";"06:15:00";"SC";282;"72";"RANCHO QUEIMADO";"Velocidade incompatível";"Capotamento";"Com Vítimas Feridas";"Amanhecer";"Decrescente";"Chuva";"Simples";"Curva";"Rural";2;0;1;0;1;0;1;1
83445081;"06/03/16";"Domingo";"08:17:00";"PR";277;"658";"MATELANDIA";"Outras";"Saída de Pista";"Com Vítimas Feridas";"Pleno dia";"Crescente";"Ceu Claro";"Simples";"Curva";"Urbano";5;0;2;0;2;1;2;1
83445082;"02/03/16";"Quarta";"14:50:00";"SC";116;"246";"CAPAO ALTO";"Desobediência à sinalização";"Colisão Transversal";"Sem Vítimas";"Pleno dia";"Crescente";"Ceu Claro";"Simples";"Reta";"Urbano";2;0;0;0;2;0;0;2
83445083;"06/03/16";"Domingo";"09:40:00";"PR";376;"666";"GUARATUBA";"Velocidade incompatível";"Queda de motocicleta / bicicleta / veículo";"Com Vítimas Feridas";"Pleno dia";"Decrescente";"Sol";"Simples";"Curva";"Rural";1;0;1;0;0;0;1;1
83445084;"03/03/16";"Quinta";"04:30:00";"SC";101;"227,9";"PALHOCA";"Dormindo";"Saída de Pista";"Sem Vítimas";"Plena noite";"Crescente";"Chuva";"Dupla";"Reta";"Urbano";1;0;0;0;1;0;0;1
83445085;"06/03/16";"Domingo";"05:40:00";"MS";163;"316,6";"RIO BRILHANTE";"Animais na Pista";"Saída de Pista";"Com Vítimas Feridas";"Pleno dia";"Decrescente";"Nublado";"Simples";"Reta";"Rural";1;0;1;0;0;0;1;1
83445086;"27/02/16";"Sábado";"21:55:00";"GO";20;"9";"FORMOSA";"Ingestão de álcool";"Colisão frontal";"Com Vítimas Feridas";"Plena noite";"Crescente";"Ceu Claro";"Simples";"Reta";"Rural";3;0;0;1;2;0;1;2
83445087;"06/03/16";"Domingo";"00:01:00";"PA";10;"17";"DOM ELISEU";"Falta de atenção";"Colisão Transversal";"Com Vítimas Feridas";"Plena noite";"Crescente";"Chuva";"Simples";"Reta";"Urbano";5;0;0;1;4;0;1;2
83445088;"06/03/16";"Domingo";"09:30:00";"SP";116;"38,3";"CACHOEIRA PAULISTA";"Velocidade incompatível";"Saída de Pista";"Com Vítimas Feridas";"Pleno dia";"Crescente";"Ceu Claro";"Dupla";"Curva";"Rural";1;0;1;0;0;0;1;1
83445089;"04/03/16";"Sexta";"00:40:00";"SP";116;"312,5";"SAO LOURENCO DA SERRA";"Falta de atenção";"Colisão traseira";"Sem Vítimas";"Plena noite";"Crescente";"Nublado";"Dupla";"Reta";"Rural";2;0;0;0;2;0;0;2
83445090;"06/03/16";"Domingo";"11:00:00";"RS";116;"243";"SAO LEOPOLDO";"Falta de atenção";"Colisão traseira";"Sem Vítimas";"Pleno dia";"Decrescente";"Ceu Claro";"Dupla";"Reta";"Urbano";2;0;0;0;2;0;0;2
83445091;"06/03/16";"Domingo";"08:50:00";"SP";116;"370";"MIRACATU";"Outras";"Colisão com objeto fixo";"Sem Vítimas";"Pleno dia";"Decrescente";"Ceu Claro";"Múltipla";"Reta";"Rural";1;0;0;0;1;0;0;1
83445093;"02/03/16";"Quarta";"15:50:00";"RO";364;"236,7";"CACOAL";"Falta de atenção";"Colisão traseira";"Sem Vítimas";"Pleno dia";"Decrescente";"Sol";"Simples";"Reta";"Urbano";3;0;0;0;3;0;0;2
83445094;"06/03/16";"Domingo";"08:30:00";"SC";280;"23,5";"ARAQUARI";"Falta de atenção";"Colisão lateral";"Com Vítimas Feridas";"Plena noite";"Decrescente";"Nevoeiro/neblina";"Simples";"Reta";"Urbano";2;0;0;1;1;0;1;2
83445095;"02/03/16";"Quarta";"07:30:00";"PR";476;"125";"CURITIBA";"Falta de atenção";"Colisão lateral";"Sem Vítimas";"Pleno dia";"Crescente";"Ceu Claro";"Simples";"Reta";"Urbano";2;0;0;0;2;0;0;2
83445096;"06/03/16";"Domingo";"09:00:00";"CE";222;"221";"SOBRAL";"Falta de atenção";"Colisão frontal";"Com Vítimas Feridas";"Pleno dia";"Crescente";"Ceu Claro";"Simples";"Curva";"Rural";2;0;1;0;1;0;1;2
83445097;"04/03/16";"Sexta";"15:40:00";"PR";277;"1";"FOZ DO IGUACU";"Outras";"Colisão com objeto fixo";"Com Vítimas Feridas";"Pleno dia";"Crescente";"Ceu Claro";"Dupla";"Reta";"Urbano";3;0;1;0;1;1;1;2
83445098;"06/03/16";"Domingo";"06:30:00";"PB";230;"476,9";"MARIZOPOLIS";"Animais na Pista";"Saída de Pista";"Com Vítimas Feridas";"Amanhecer";"Decrescente";"Ceu Claro";"Simples";"Curva";"Rural";1;0;1;0;0;0;1;1
83445099;"06/03/16";"Domingo";"10:00:00";"RS";116;"243";"SAO LEOPOLDO";"Falta de atenção";"Colisão traseira";"Com Vítimas Feridas";"Pleno dia";"Decrescente";"Ceu Claro";"Dupla";"Reta";"Urbano";3;0;1;0;2;0;1;2
83445100;"06/03/16";"Domingo";"10:37:00";"MS";60;"414,1";"SIDROLANDIA";"Falta de atenção";"Queda de motocicleta / bicicleta / veículo";"Com Vítimas Feridas";"Pleno dia";"Decrescente";"Chuva";"Simples";"Reta";"Rural";2;0;1;1;0;0;2;1
83445102;"06/03/16";"Domingo";"10:50:00";"SP";116;"101";"PINDAMONHANGABA";"Outras";"Queda de motocicleta / bicicleta / veículo";"Com Vítimas Feridas";"Pleno dia";"Decrescente";"Ceu Claro";"Dupla";"Reta";"Urbano";2;0;2;0;0;0;2;1
83445103;"06/03/16";"Domingo";"10:00:00";"ES";262;"19";"VIANA";"Falta de atenção";"Colisão Transversal";"Com Vítimas Feridas";"Pleno dia";"Crescente";"Ceu Claro";"Simples";"Reta";"Rural";2;0;1;0;1;0;1;2
83445104;"06/03/16";"Domingo";"10:45:00";"PR";376;"206,6";"MANDAGUARI";"Desobediência à sinalização";"Colisão traseira";"Com Vítimas Feridas";"Pleno dia";"Crescente";"Ceu Claro";"Simples";"Reta";"Urbano";2;0;1;0;1;0;1;2
83445105;"06/03/16";"Domingo";"08:50:00";"GO";50;"279";"CATALAO";"Desobediência à sinalização";"Colisão Transversal";"Sem Vítimas";"Pleno dia";"Decrescente";"Ceu Claro";"Simples";"Cruzamento";"Urbano";6;0;0;0;6;0;0;2
83445106;"27/02/16";"Sábado";"05:00:00";"GO";60;"35";"ALEXANIA";"Falta de atenção";"Saída de Pista";"Com Vítimas Feridas";"Plena noite";"Decrescente";"Nublado";"Dupla";"Curva";"Rural";1;0;1;0;0;0;1;1
83445107;"06/03/16";"Domingo";"09:00:00";"MG";356;"279,4";"EUGENOPOLIS";"Velocidade incompatível";"Tombamento";"Com Vítimas Feridas";"Pleno dia";"Decrescente";"Sol";"Simples";"Curva";"Rural";1;0;1;0;0;0;1;1
83445108;"06/03/16";"Domingo";"11:15:00";"MG";116;"588";"MANHUACU";"Falta de atenção";"Colisão traseira";"Com Vítimas Feridas";"Pleno dia";"Decrescente";"Nublado";"Simples";"Curva";"Urbano";3;0;1;1;1;0;2;2
83445109;"03/03/16";"Quinta";"06:45:00";"SC";101;"207";"SAO JOSE";"Velocidade incompatível";"Colisão traseira";"Com Vítimas Feridas";"Pleno dia";"Crescente";"Chuva";"Dupla";"Reta";"Urbano";6;0;0;1;4;1;1;6
83445110;"06/03/16";"Domingo";"10:00:00";"BA";110;"380";"SAO SEBASTIAO DO PASSE";"Desobediência à sinalização";"Colisão Transversal";"Com Vítimas Feridas";"Pleno dia";"Decrescente";"Ceu Claro";"Simples";"Cruzamento";"Rural";3;0;1;0;2;0;1;2
83445111;"06/03/16";"Domingo";"09:40:00";"MG";116;"511";"UBAPORANGA";"Falta de atenção";"Colisão Transversal";"Com Vítimas Fatais";"Pleno dia";"Crescente";"Ceu Claro";"Simples";"Reta";"Rural";2;1;1;0;0;0;1;2
83445113;"06/03/16";"Domingo";"12:50:00";"MG";116;"590,9";"MANHUACU";"Dormindo";"Colisão com objeto fixo";"Com Vítimas Feridas";"Pleno dia";"Decrescente";"Nublado";"Simples";"Reta";"Urbano";2;0;2;0;0;0;2;1
83445114;"06/03/16";"Domingo";"10:30:00";"SC";101;"187,8";"BIGUACU";"Não guardar distância de segurança";"Colisão traseira";"Com Vítimas Feridas";"Pleno dia";"Decrescente";"Nublado";"Dupla";"Reta";"Urbano";4;0;1;0;3;0;1;2
83445115;"06/03/16";"Domingo";"12:00:00";"SP";101;"8,9";"UBATUBA";"Defeito mecânico em veículo";"Queda de motocicleta / bicicleta / veículo";"Com Vítimas Feridas";"Pleno dia";"Crescente";"Ceu Claro";"Simples";"Reta";"Urbano";1;0;1;0;0;0;1;1
83445116;"02/03/16";"Quarta";"23:50:00";"GO";60;"253,3";"INDIARA";"Velocidade incompatível";"Saída de Pista";"Com Vítimas Feridas";"Plena noite";"Decrescente";"Chuva";"Dupla";"Curva";"Urbano";2;0;0;1;1;0;1;1
83445117;"29/02/16";"Segunda";"16:50:00";"GO";153;"507";"APARECIDA DE GOIANIA";"Falta de atenção";"Colisão traseira";"Com Vítimas Feridas";"Pleno dia";"Decrescente";"Nublado";"Dupla";"Reta";"Urbano";2;0;1;0;1;0;1;2
83445118;"04/03/16";"Sexta";"07:50:00";"MG";116;"470";"ENGENHEIRO CALDAS";"Dormindo";"Tombamento";"Com Vítimas Feridas";"Pleno dia";"Crescente";"Ceu Claro";"Simples";"Reta";"Rural";2;0;2;0;0;0;2;1
83445119;"06/03/16";"Domingo";"01:25:00";"PI";402;"35,6";"PARNAIBA";"Ingestão de álcool";"Colisão com objeto fixo";"Com Vítimas Feridas";"Plena noite";"Crescente";"Ceu Claro";"Simples";"Cruzamento";"Urbano";1;0;1;0;0;0;1;1
83445120;"05/03/16";"Sábado";"19:00:00";"MT";163;"1034";"MATUPA";"Não guardar distância de segurança";"Colisão traseira";"Com Vítimas Feridas";"Plena noite";"Decrescente";"Chuva";"Simples";"Reta";"Urbano";2;0;1;0;0;1;1;2
83445121;"06/03/16";"Domingo";"09:00:00";"RS";116;"58";"CAMPESTRE DA SERRA";"Velocidade incompatível";"Saída de Pista";"Com Vítimas Feridas";"Pleno dia";"Crescente";"Ceu Claro";"Simples";"Curva";"Rural";1;0;1;0;0;0;1;1
83445122;"06/03/16";"Domingo";"10:00:00";"SC";282;"546";"CHAPECO";"Falta de atenção";"Colisão frontal";"Com Vítimas Fatais";"Pleno dia";"Crescente";"Sol";"Simples";"Curva";"Rural";3;1;0;1;1;0;1;2
83445123;"02/03/16";"Quarta";"21:30:00";"PR";280;"282,7";"FLOR DA SERRA DO SUL";"Defeito mecânico em veículo";"Incêndio";"Sem Vítimas";"Plena noite";"Crescente";"Nublado";"Simples";"Reta";"Rural";1;0;0;0;1;0;0;1
83445124;"06/03/16";"Domingo";"10:25:00";"SC";116;"239";"LAGES";"Velocidade incompatível";"Tombamento";"Sem Vítimas";"Plena noite";"Crescente";"Ceu Claro";"Simples";"Curva";"Rural";1;0;0;0;1;0;0;1
83445125;"02/03/16";"Quarta";"05:00:00";"PR";116;"98,3";"SAO JOSE DOS PINHAIS";"Falta de atenção";"Atropelamento de pessoa";"Com Vítimas Feridas";"Plena noite";"Crescente";"Nublado";"Simples";"Reta";"Urbano";2;0;1;0;1;0;1;1
83445126;"06/03/16";"Domingo";"09:00:00";"GO";60;"0";"GOIANIA";"Velocidade incompatível";"Tombamento";"Sem Vítimas";"Pleno dia";"Crescente";"Sol";"Dupla";"Curva";"Rural";1;0;0;0;1;0;0;1
83445127;"12/02/16";"Sexta";"05:30:00";"MG";459;"105";"POUSO ALEGRE";"Outras";"Saída de Pista";"Com Vítimas Feridas";"Amanhecer";"Crescente";"Nublado";"Dupla";"Reta";"Rural";1;0;1;0;0;0;1;1
83445128;"29/02/16";"Segunda";"20:40:00";"GO";153;"498";"GOIANIA";"Outras";"Saída de Pista";"Sem Vítimas";"Plena noite";"Crescente";"Chuva";"Dupla";"Reta";"Urbano";1;0;0;0;1;0;0;1
83445129;"02/03/16";"Quarta";"21:05:00";"SP";116;"214,5";"GUARULHOS";"Outras";"Colisão traseira";"Sem Vítimas";"Plena noite";"Decrescente";"Nublado";"Múltipla";"Reta";"Urbano";2;0;0;0;2;0;0;2