"id";"data_inversa";"dia_semana";"horario";"uf";"br";"km";"municipio";"causa_acidente";"tipo_acidente";"classificacao_acidente";"fase_dia";"sentido_via";"condicao_metereologica";"tipo_pista";"tracado_via";"uso_solo";"pessoas";"mortos";"feridos_leves";"feridos_graves";"ilesos";"ignorados";"feridos";"veiculos"
83445130;"06/03/16";"Domingo";"11:30:00";"SP";381;"11,6";"VARGEM";"Velocidade incompatível";"Colisão traseira";"Com Vítimas Feridas";"Pleno dia";"Decrescente";"Ceu Claro";"Dupla";"Reta";"Urbano";3;0;2;0;1;0;2;2
83445131;"06/03/16";"Domingo";"11:35:00";"RJ";101;"97";"CAMPOS DOS GOYTACAZES";"Outras";"Capotamento";"Com Vítimas Feridas";"Pleno dia";"Decrescente";"Ceu Claro";"Simples";"Curva";"Urbano";2;0;2;0;0;0;2;1
83445132;"06/03/16";"Domingo";"09:55:00";"SC";470;"11,8";"NAVEGANTES";"Desobediência à sinalização";"Colisão Transversal";"Com Vítimas Feridas";"Pleno dia";"Decrescente";"Nublado";"Simples";"Reta";"Urbano";2;0;1;0;1;0;1;2
83445133;"06/03/16";"Domingo";"13:30:00";"MG";40;"520";"CONTAGEM";"Falta de atenção";"Queda de motocicleta / bicicleta / veículo";"Com Vítimas Feridas";"Pleno dia";"Decrescente";"Sol";"Dupla";"Curva";"Urbano";2;0;2;0;0;0;2;1
83445134;"06/03/16";"Domingo";"13:40:00";"MG";262;"46,2";"MANHUACU";"Velocidade incompatível";"Saída de Pista";"Sem Vítimas";"Pleno dia";"Decrescente";"Chuva";"Simples";"Curva";"Rural";1;0;0;0;1;0;0;1
83445135;"02/03/16";"Quarta";"19:10:00";"SC";101;"216,5";"PALHOCA";"Falta de atenção";"Colisão traseira";"Com Vítimas Feridas";"Plena noite";"Decrescente";"Chuva";"Dupla";"Reta";"Urbano";2;0;1;0;1;0;1;2
83445136;"06/03/16";"Domingo";"02:00:00";"CE";222;"197,6";"SOBRAL";"Velocidade incompatível";"Saída de Pista";"Sem Vítimas";"Plena noite";"Crescente";"Ceu Claro";"Simples";"Curva";"Rural";1;0;0;0;1;0;0;1
83445137;"06/03/16";"Domingo";"04:10:00";"MG";365;"30,9";"MONTES CLAROS";"Falta de atenção";"Saída de Pista";"Com Vítimas Feridas";"Plena noite";"Crescente";"Ceu Claro";"Simples";"Curva";"Rural";2;0;1;0;1;0;1;1
83445138;"06/03/16";"Domingo";"07:20:00";"RS";116;"246,6";"SAO LEOPOLDO";"Outras";"Saída de Pista";"Com Vítimas Feridas";"Pleno dia";"Crescente";"Ceu Claro";"Simples";"Curva";"Urbano";1;0;1;0;0;0;1;1
83445139;"06/03/16";"Domingo";"09:50:00";"MT";174;"292,5";"PONTES E LACERDA";"Falta de atenção";"Tombamento";"Com Vítimas Feridas";"Pleno dia";"Crescente";"Ceu Claro";"Simples";"Reta";"Rural";1;0;1;0;0;0;1;1
83445140;"06/03/16";"Domingo";"08:10:00";"MG";40;"711,8";"BARBACENA";"Velocidade incompatível";"Saída de Pista";"Com Vítimas Feridas";"Amanhecer";"Crescente";"Ceu Claro";"Dupla";"Curva";"Rural";1;0;1;0;0;0;1;1
83445141;"06/03/16";"Domingo";"09:20:00";"MG";381;"660,1";"SANTO ANTONIO DO AMPARO";"Defeito na via";"Queda de motocicleta / bicicleta / veículo";"Com Vítimas Feridas";"Pleno dia";"Crescente";"Nublado";"Dupla";"Reta";"Rural";2;0;1;0;1;0;1;1
83445142;"06/03/16";"Domingo";"04:30:00";"MG";251;"203,4";"CACHOEIRA DE PAJEU";"Dormindo";"Saída de Pista";"Com Vítimas Feridas";"Amanhecer";"Decrescente";"Ceu Claro";"Simples";"Reta";"Rural";1;0;1;0;0;0;1;1
83445143;"06/03/16";"Domingo";"10:20:00";"GO";60;"408,2";"RIO VERDE";"Falta de atenção";"Saída de Pista";"Com Vítimas Feridas";"Pleno dia";"Crescente";"Ceu Claro";"Dupla";"Reta";"Rural";1;0;1;0;0;0;1;1
83445144;"06/02/16";"Sábado";"06:15:00";"MG";40;"486,5";"ESMERALDAS";"Ingestão de álcool";"Colisão traseira";"Com Vítimas Feridas";"Pleno dia";"Decrescente";"Ceu Claro";"Dupla";"Reta";"Rural";4;0;2;0;2;0;2;2
83445145;"06/03/16";"Domingo";"11:00:00";"PE";232;"51";"VITORIA DE SANTO ANTAO";"Outras";"Saída de Pista";"Com Vítimas Feridas";"Pleno dia";"Crescente";"Ceu Claro";"Dupla";"Reta";"Rural";3;0;2;0;1;0;2;1
83445146;"06/03/16";"Domingo";"12:25:00";"PR";116;"32,5";"CAMPINA GRANDE DO SUL";"Velocidade incompatível";"Tombamento";"Com Vítimas Feridas";"Pleno dia";"Decrescente";"Sol";"Dupla";"Curva";"Rural";1;0;1;0;0;0;1;1
83445147;"06/03/16";"Domingo";"03:30:00";"CE";222;"159,5";"IRAUCUBA";"Outras";"Colisão traseira";"Com Vítimas Feridas";"Plena noite";"Crescente";"Nublado";"Simples";"Reta";"Rural";7;0;5;0;0;2;5;2
83445148;"06/03/16";"Domingo";"14:40:00";"RJ";40;"109";"DUQUE DE CAXIAS";"Não guardar distância de segurança";"Colisão traseira";"Com Vítimas Feridas";"Pleno dia";"Decrescente";"Ceu Claro";"Dupla";"Reta";"Urbano";3;0;1;0;2;0;1;2
83445149;"06/03/16";"Domingo";"07:40:00";"MS";60;"535";"NIOAQUE";"Ingestão de álcool";"Saída de Pista";"Sem Vítimas";"Pleno dia";"Crescente";"Nublado";"Simples";"Curva";"Rural";1;0;0;0;1;0;0;1
83445150;"06/03/16";"Domingo";"11:50:00";"RJ";116;"165";"RIO DE JANEIRO";"Não guardar distância de segurança";"Colisão lateral";"Com Vítimas Feridas";"Pleno dia";"Crescente";"Ceu Claro";"Dupla";"Reta";"Urbano";2;0;2;0;0;0;2;2
83445151;"06/03/16";"Domingo";"13:20:00";"RJ";116;"241";"PIRAI";"Outras";"Capotamento";"Com Vítimas Feridas";"Pleno dia";"Crescente";"Ceu Claro";"Dupla";"Curva";"Urbano";4;0;1;0;3;0;1;2
83445152;"05/03/16";"Sábado";"23:55:00";"DF";20;"12";"BRASILIA";"Outras";"Colisão traseira";"Sem Vítimas";"Plena noite";"Crescente";"Ceu Claro";"Dupla";"Reta";"Urbano";2;0;0;0;2;0;0;2
83445153;"06/03/16";"Domingo";"14:20:00";"SC";116;"251,4";"LAGES";"Velocidade incompatível";"Colisão com objeto fixo";"Com Vítimas Feridas";"Pleno dia";"Crescente";"Ceu Claro";"Simples";"Cruzamento";"Rural";1;0;1;0;0;0;1;1
83445154;"06/03/16";"Domingo";"09:00:00";"SP";153;"18,7";"NOVA GRANADA";"Defeito mecânico em veículo";"Derramamento de Carga";"Sem Vítimas";"Pleno dia";"Crescente";"Chuva";"Simples";"Reta";"Urbano";1;0;0;0;1;0;0;1
83445155;"06/03/16";"Domingo";"14:30:00";"PR";116;"126";"FAZENDA RIO GRANDE";"Desobediência à sinalização";"Colisão Transversal";"Com Vítimas Feridas";"Pleno dia";"Crescente";"Sol";"Dupla";"Reta";"Urbano";3;0;1;0;2;0;1;2
83445156;"28/02/16";"Domingo";"03:00:00";"PA";316;"4";"ANANINDEUA";"Falta de atenção";"Colisão lateral";"Com Vítimas Feridas";"Plena noite";"Decrescente";"Nublado";"Dupla";"Reta";"Urbano";2;0;1;0;0;1;1;2
83445157;"06/03/16";"Domingo";"11:00:00";"RJ";40;"77";"PETROPOLIS";"Outras";"Saída de Pista";"Sem Vítimas";"Pleno dia";"Crescente";"Sol";"Simples";"Curva";"Urbano";1;0;0;0;1;0;0;1
83445158;"02/03/16";"Quarta";"19:25:00";"CE";304;"49";"ARACATI";"Animais na Pista";"Colisão frontal";"Sem Vítimas";"Plena noite";"Decrescente";"Ceu Claro";"Simples";"Reta";"Urbano";2;0;0;0;2;0;0;2
83445159;"06/03/16";"Domingo";"14:00:00";"SP";116;"514,3";"CAJATI";"Defeito mecânico em veículo";"Colisão traseira";"Sem Vítimas";"Pleno dia";"Decrescente";"Sol";"Dupla";"Curva";"Rural";2;0;0;0;2;0;0;2
83445160;"06/03/16";"Domingo";"11:45:00";"MG";40;"129,9";"JOAO PINHEIRO";"Não guardar distância de segurança";"Colisão traseira";"Com Vítimas Feridas";"Pleno dia";"Decrescente";"Ceu Claro";"Simples";"Reta";"Rural";4;0;4;0;0;0;4;2
83445161;"06/03/16";"Domingo";"09:40:00";"TO";230;"84";"CACHOEIRINHA";"Defeito mecânico em veículo";"Colisão frontal";"Com Vítimas Feridas";"Pleno dia";"Decrescente";"Nublado";"Simples";"Curva";"Rural";2;0;0;1;1;0;1;2
83445162;"06/02/16";"Sábado";"13:25:00";"MS";163;"450,3";"CAMPO GRANDE";"Outras";"Saída de Pista";"Sem Vítimas";"Pleno dia";"Decrescente";"Ceu Claro";"Simples";"Reta";"Rural";2;0;0;0;2;0;0;2
83445163;"06/03/16";"Domingo";"14:15:00";"MS";163;"326,4";"RIO BRILHANTE";"Outras";"Capotamento";"Com Vítimas Feridas";"Pleno dia";"Decrescente";"Sol";"Simples";"Reta";"Rural";1;0;1;0;0;0;1;1
83445164;"06/03/16";"Domingo";"10:00:00";"RS";392;"203";"SANTANA DA BOA VISTA";"Defeito mecânico em veículo";"Derramamento de Carga";"Sem Vítimas";"Pleno dia";"Decrescente";"Sol";"Simples";"Curva";"Urbano";1;0;0;0;1;0;0;1
83445165;"06/03/16";"Domingo";"09:45:00";"RO";364;"259,9";"CACOAL";"Defeito na via";"Saída de Pista";"Com Vítimas Feridas";"Pleno dia";"Crescente";"Nublado";"Simples";"Reta";"Rural";5;0;2;0;3;0;2;1
83445166;"06/03/16";"Domingo";"11:45:00";"AC";364;"122,6";"RIO BRANCO";"Desobediência à sinalização";"Colisão Transversal";"Com Vítimas Feridas";"Pleno dia";"Decrescente";"Nublado";"Dupla";"Reta";"Urbano";5;0;1;1;3;0;2;2
83445167;"06/03/16";"Domingo";"13:30:00";"SC";101;"255";"PAULO LOPES";"Outras";"Saída de Pista";"Com Vítimas Feridas";"Pleno dia";"Crescente";"Sol";"Dupla";"Reta";"Urbano";3;0;1;0;1;1;1;2
83445168;"06/03/16";"Domingo";"13:30:00";"GO";153;"660";"GOIATUBA";"Dormindo";"Colisão com objeto fixo";"Sem Vítimas";"Pleno dia";"Decrescente";"Nublado";"Dupla";"Reta";"Urbano";1;0;0;0;1;0;0;1
83445169;"29/02/16";"Segunda";"18:30:00";"SP";116;"352,8";"MIRACATU";"Outras";"Saída de Pista";"Sem Vítimas";"Plena noite";"Decrescente";"Ceu Claro";"Simples";"Reta";"Rural";1;0;0;0;1;0;0;1
83445170;"11/02/16";"Quinta";"18:20:00";"MA";135;"74,5";"SANTA RITA";"Falta de atenção";"Colisão traseira";"Com Vítimas Feridas";"Anoitecer";"Crescente";"Chuva";"Simples";"Reta";"Urbano";5;0;3;1;0;1;4;2
83445171;"06/03/16";"Domingo";"13:15:00";"RJ";101;"134";"CONCEICAO DE MACABU";"Defeito na via";"Saída de Pista";"Sem Vítimas";"Pleno dia";"Crescente";"Ceu Claro";"Dupla";"Reta";"Rural";2;0;0;0;2;0;0;1
83445172;"06/03/16";"Domingo";"15:20:00";"RS";392;"22,6";"RIO GRANDE";"Falta de atenção";"Saída de Pista";"Sem Vítimas";"Pleno dia";"Decrescente";"Sol";"Dupla";"Reta";"Urbano";1;0;0;0;1;0;0;1
83445173;"03/03/16";"Quinta";"13:20:00";"RO";319;"61,8";"PORTO VELHO";"Falta de atenção";"Colisão Transversal";"Com Vítimas Feridas";"Pleno dia";"Decrescente";"Ceu Claro";"Dupla";"Reta";"Urbano";4;0;2;2;0;0;4;2
83445174;"06/03/16";"Domingo";"12:28:00";"MG";40;"765";"JUIZ DE FORA";"Falta de atenção";"Colisão lateral";"Sem Vítimas";"Pleno dia";"Crescente";"Nublado";"Simples";"Curva";"Rural";2;0;0;0;2;0;0;2
83445175;"02/03/16";"Quarta";"08:00:00";"RS";290;"316,2";"CACAPAVA DO SUL";"Não guardar distância de segurança";"Colisão traseira";"Com Vítimas Feridas";"Pleno dia";"Decrescente";"Ceu Claro";"Simples";"Reta";"Rural";5;0;1;0;4;0;1;2
83445176;"06/03/16";"Domingo";"14:30:00";"PR";376;"34";"NOVA LONDRINA";"Outras";"Colisão frontal";"Com Vítimas Feridas";"Pleno dia";"Decrescente";"Sol";"Simples";"Reta";"Rural";2;0;0;1;1;0;1;2
83445177;"06/03/16";"Domingo";"13:00:00";"MS";262;"580";"MIRANDA";"Defeito mecânico em veículo";"Saída de Pista";"Sem Vítimas";"Pleno dia";"Decrescente";"Ceu Claro";"Simples";"Reta";"Rural";1;0;0;0;1;0;0;1
83445178;"06/03/16";"Domingo";"04:00:00";"BA";407;"195";"PONTO NOVO";"Ingestão de álcool";"Queda de motocicleta / bicicleta / veículo";"Com Vítimas Fatais";"Plena noite";"Crescente";"Ceu Claro";"Simples";"Reta";"Rural";1;1;0;0;0;0;0;1
83445179;"05/03/16";"Sábado";"17:49:00";"RS";377;"71,4";"CRUZ ALTA";"Ultrapassagem indevida";"Saída de Pista";"Sem Vítimas";"Pleno dia";"Decrescente";"Ceu Claro";"Simples";"Reta";"Rural";1;0;0;0;1;0;0;1
83445180;"06/03/16";"Domingo";"16:20:00";"RS";116;"248,5";"SAO LEOPOLDO";"Falta de atenção";"Colisão traseira";"Sem Vítimas";"Pleno dia";"Decrescente";"Ceu Claro";"Dupla";"Reta";"Urbano";2;0;0;0;2;0;0;2
83445181;"06/03/16";"Domingo";"10:45:00";"MG";381;"732,8";"CARMO DA CACHOEIRA";"Outras";"Colisão com objeto fixo";"Sem Vítimas";"Pleno dia";"Crescente";"Nublado";"Dupla";"Curva";"Urbano";1;0;0;0;1;0;0;1
83445182;"06/03/16";"Domingo";"16:05:00";"SC";280;"130,5";"RIO NEGRINHO";"Falta de atenção";"Colisão com bicicleta";"Com Vítimas Feridas";"Pleno dia";"Crescente";"Sol";"Simples";"Reta";"Urbano";2;0;1;0;1;0;1;2
83445184;"06/03/16";"Domingo";"12:10:00";"MG";40;"593";"OURO PRETO";"Velocidade incompatível";"Colisão frontal";"Sem Vítimas";"Pleno dia";"Decrescente";"Nublado";"Simples";"Curva";"Rural";2;0;0;0;2;0;0;2
83445185;"06/03/16";"Domingo";"18:00:00";"MG";146;"503,1";"BANDEIRA DO SUL";"Falta de atenção";"Colisão traseira";"Sem Vítimas";"Anoitecer";"Decrescente";"Ceu Claro";"Simples";"Curva";"Rural";2;0;0;0;2;0;0;2
83445186;"06/03/16";"Domingo";"14:40:00";"PR";376;"181,9";"MARINGA";"Falta de atenção";"Colisão lateral";"Sem Vítimas";"Pleno dia";"Decrescente";"Ceu Claro";"Dupla";"Reta";"Urbano";2;0;0;0;2;0;0;2
83445187;"05/03/16";"Sábado";"06:40:00";"SC";282;"390,3";"JOACABA";"Velocidade incompatível";"Saída de Pista";"Com Vítimas Feridas";"Amanhecer";"Decrescente";"Ceu Claro";"Simples";"Curva";"Rural";2;0;1;0;1;0;1;1
83445188;"06/03/16";"Domingo";"16:10:00";"ES";101;"269,9";"SERRA";"Ingestão de álcool";"Colisão com bicicleta";"Com Vítimas Feridas";"Pleno dia";"Decrescente";"Sol";"Múltipla";"Reta";"Urbano";2;0;1;0;1;0;1;2
83445189;"06/03/16";"Domingo";"18:10:00";"RS";285;"291,3";"PASSO FUNDO";"Ingestão de álcool";"Colisão lateral";"Sem Vítimas";"Pleno dia";"Crescente";"Sol";"Dupla";"Cruzamento";"Urbano";2;0;0;0;2;0;0;2
83445190;"02/03/16";"Quarta";"07:45:00";"GO";40;"8,1";"LUZIANIA";"Falta de atenção";"Colisão traseira";"Com Vítimas Fatais";"Pleno dia";"Decrescente";"Ceu Claro";"Dupla";"Reta";"Urbano";3;1;1;0;0;1;1;3
83445191;"02/03/16";"Quarta";"17:01:00";"AP";210;"3";"MACAPA";"Velocidade incompatível";"Colisão traseira";"Sem Vítimas";"Pleno dia";"Decrescente";"Nublado";"Simples";"Reta";"Urbano";2;0;0;0;2;0;0;2
83445192;"06/03/16";"Domingo";"15:10:00";"SC";282;"635,9";"DESCANSO";"Ingestão de álcool";"Colisão traseira";"Sem Vítimas";"Pleno dia";"Crescente";"Ceu Claro";"Simples";"Reta";"Rural";7;0;0;0;7;0;0;2
83445193;"06/03/16";"Domingo";"15:30:00";"SC";101;"138";"BALNEARIO CAMBORIU";"Não guardar distância de segurança";"Colisão traseira";"Com Vítimas Feridas";"Pleno dia";"Crescente";"Ceu Claro";"Dupla";"Reta";"Rural";13;0;1;0;12;0;1;4
83445194;"06/03/16";"Domingo";"16:40:00";"SC";101;"62";"ARAQUARI";"Não guardar distância de segurança";"Queda de motocicleta / bicicleta / veículo";"Com Vítimas Feridas";"Pleno dia";"Decrescente";"Sol";"Múltipla";"Curva";"Rural";2;0;1;0;1;0;1;1
83445195;"06/03/16";"Domingo";"16:30:00";"SC";101;"231";"PALHOCA";"Outras";"Colisão traseira";"Com Vítimas Feridas";"Pleno dia";"Decrescente";"Ceu Claro";"Dupla";"Reta";"Rural";2;0;1;0;0;1;1;2
83445196;"06/03/16";"Domingo";"07:15:00";"MT";70;"513";"VARZEA GRANDE";"Falta de atenção";"Saída de Pista";"Com Vítimas Feridas";"Pleno dia";"Decrescente";"Ceu Claro";"Simples";"Curva";"Urbano";1;0;0;1;0;0;1;1
83445197;"06/03/16";"Domingo";"18:00:00";"PR";369;"87,8";"CORNELIO PROCOPIO";"Falta de atenção";"Colisão Transversal";"Sem Vítimas";"Pleno dia";"Decrescente";"Ceu Claro";"Simples";"Reta";"Rural";2;0;0;0;2;0;0;2
83445198;"06/03/16";"Domingo";"17:20:00";"MG";381;"521,5";"BRUMADINHO";"Velocidade incompatível";"Colisão lateral";"Sem Vítimas";"Anoitecer";"Crescente";"Chuva";"Dupla";"Curva";"Rural";2;0;0;0;2;0;0;2
83445199;"06/03/16";"Domingo";"18:30:00";"RS";116;"149";"CAXIAS DO SUL";"Falta de atenção";"Colisão traseira";"Sem Vítimas";"Anoitecer";"Decrescente";"Ceu Claro";"Múltipla";"Reta";"Urbano";2;0;0;0;2;0;0;2
83445200;"06/03/16";"Domingo";"16:00:00";"PR";376;"153";"MANDAGUACU";"Outras";"Colisão Transversal";"Com Vítimas Feridas";"Pleno dia";"Crescente";"Sol";"Simples";"Cruzamento";"Rural";4;0;2;0;2;0;2;2
83445201;"06/03/16";"Domingo";"14:40:00";"RS";480;"65";"BARAO DE COTEGIPE";"Ingestão de álcool";"Saída de Pista";"Com Vítimas Feridas";"Pleno dia";"Crescente";"Ceu Claro";"Simples";"Curva";"Rural";1;0;1;0;0;0;1;1
83445202;"06/03/16";"Domingo";"16:10:00";"CE";20;"348,4";"CARIDADE";"Defeito mecânico em veículo";"Queda de motocicleta / bicicleta / veículo";"Com Vítimas Feridas";"Pleno dia";"Crescente";"Ceu Claro";"Simples";"Reta";"Urbano";2;0;2;0;0;0;2;1
83445203;"06/03/16";"Domingo";"14:00:00";"RS";116;"188,9";"NOVA PETROPOLIS";"Não guardar distância de segurança";"Colisão traseira";"Sem Vítimas";"Pleno dia";"Decrescente";"Sol";"Simples";"Curva";"Rural";2;0;0;0;2;0;0;2
83445204;"06/03/16";"Domingo";"16:40:00";"ES";262;"24,9";"VIANA";"Outras";"Atropelamento de pessoa";"Com Vítimas Fatais";"Pleno dia";"Decrescente";"Ceu Claro";"Simples";"Reta";"Rural";2;1;0;0;1;0;0;1
83445206;"06/03/16";"Domingo";"15:45:00";"MS";163;"128";"NAVIRAI";"Falta de atenção";"Saída de Pista";"Com Vítimas Feridas";"Pleno dia";"Crescente";"Ceu Claro";"Simples";"Reta";"Rural";1;0;1;0;0;0;1;1
83445207;"06/03/16";"Domingo";"17:50:00";"PR";376;"639";"TIJUCAS DO SUL";"Ingestão de álcool";"Queda de motocicleta / bicicleta / veículo";"Com Vítimas Feridas";"Pleno dia";"Decrescente";"Ceu Claro";"Dupla";"Reta";"Rural";1;0;0;1;0;0;1;1
83445208;"06/03/16";"Domingo";"15:40:00";"MG";262;"811,9";"UBERABA";"Velocidade incompatível";"Colisão com objeto fixo";"Com Vítimas Feridas";"Pleno dia";"Decrescente";"Ceu Claro";"Dupla";"Reta";"Urbano";1;0;1;0;0;0;1;1
83445209;"06/03/16";"Domingo";"16:15:00";"MG";262;"437";"NOVA SERRANA";"Ingestão de álcool";"Saída de Pista";"Com Vítimas Feridas";"Pleno dia";"Crescente";"Sol";"Dupla";"Reta";"Rural";1;0;0;1;0;0;1;1
83445211;"06/03/16";"Domingo";"04:30:00";"BA";101;"259";"SANTO ANTONIO DE JESUS";"Outras";"Capotamento";"Com Vítimas Fatais";"Plena noite";"Decrescente";"Ceu Claro";"Simples";"Curva";"Urbano";2;1;1;0;0;0;1;1
83445213;"06/03/16";"Domingo";"15:15:00";"RJ";116;"138";"DUQUE DE CAXIAS";"Velocidade incompatível";"Colisão traseira";"Com Vítimas Feridas";"Pleno dia";"Crescente";"Ceu Claro";"Dupla";"Reta";"Urbano";5;0;2;0;3;0;2;4
83445214;"06/03/16";"Domingo";"17:30:00";"RS";116;"321,6";"BARRA DO RIBEIRO";"Não guardar distância de segurança";"Colisão traseira";"Com Vítimas Feridas";"Pleno dia";"Decrescente";"Nublado";"Simples";"Reta";"Rural";3;0;2;0;1;0;2;2
83445215;"27/02/16";"Sábado";"13:25:00";"RJ";101;"61";"CAMPOS DOS GOYTACAZES";"Não guardar distância de segurança";"Colisão lateral";"Com Vítimas Feridas";"Pleno dia";"Crescente";"Ceu Claro";"Simples";"Reta";"Urbano";2;0;0;1;1;0;1;2
83445216;"06/03/16";"Domingo";"18:00:00";"GO";153;"511,3";"APARECIDA DE GOIANIA";"Falta de atenção";"Colisão traseira";"Sem Vítimas";"Anoitecer";"Crescente";"Chuva";"Dupla";"Reta";"Urbano";2;0;0;0;1;1;0;2
83445217;"06/03/16";"Domingo";"15:00:00";"RJ";116;"137";"DUQUE DE CAXIAS";"Defeito mecânico em veículo";"Capotamento";"Com Vítimas Feridas";"Pleno dia";"Crescente";"Ceu Claro";"Dupla";"Curva";"Rural";2;0;1;0;1;0;1;1
83445218;"06/03/16";"Domingo";"17:00:00";"SC";282;"16";"PALHOCA";"Ingestão de álcool";"Colisão traseira";"Com Vítimas Feridas";"Pleno dia";"Decrescente";"Ceu Claro";"Simples";"Reta";"Urbano";2;0;1;0;1;0;1;2
83445219;"05/03/16";"Sábado";"17:30:00";"BA";242;"824";"BARREIRAS";"Velocidade incompatível";"Saída de Pista";"Com Vítimas Feridas";"Pleno dia";"Crescente";"Chuva";"Simples";"Reta";"Rural";1;0;1;0;0;0;1;1
83445220;"06/03/16";"Domingo";"19:00:00";"PB";230;"507,1";"CAJAZEIRAS";"Ingestão de álcool";"Colisão lateral";"Com Vítimas Feridas";"Anoitecer";"Crescente";"Ceu Claro";"Simples";"Curva";"Urbano";3;0;1;1;1;0;2;2
83445222;"06/03/16";"Domingo";"18:10:00";"SP";116;"489,3";"CAJATI";"Falta de atenção";"Saída de Pista";"Sem Vítimas";"Anoitecer";"Decrescente";"Chuva";"Múltipla";"Reta";"Urbano";1;0;0;0;1;0;0;1
83445223;"06/03/16";"Domingo";"18:30:00";"AL";423;"79";"SANTANA DO IPANEMA";"Outras";"Atropelamento de pessoa";"Com Vítimas Feridas";"Plena noite";"Crescente";"Ceu Claro";"Simples";"Reta";"Rural";2;0;0;2;0;0;2;1
83445224;"06/03/16";"Domingo";"20:00:00";"PR";163;"353";"GUAIRA";"Outras";"Queda de motocicleta / bicicleta / veículo";"Com Vítimas Feridas";"Plena noite";"Crescente";"Ceu Claro";"Simples";"Reta";"Rural";1;0;1;0;0;0;1;1
83445225;"06/03/16";"Domingo";"14:30:00";"DF";80;"12";"BRASILIA";"Ingestão de álcool";"Capotamento";"Com Vítimas Feridas";"Pleno dia";"Decrescente";"Ceu Claro";"Simples";"Curva";"Rural";3;0;3;0;0;0;3;1
83445226;"06/03/16";"Domingo";"19:00:00";"RO";364;"343,3";"JI-PARANA";"Desobediência à sinalização";"Colisão Transversal";"Sem Vítimas";"Plena noite";"Decrescente";"Chuva";"Múltipla";"Reta";"Urbano";4;0;0;0;3;1;0;2
83445227;"02/03/16";"Quarta";"19:00:00";"CE";222;"8,6";"CAUCAIA";"Outras";"Colisão lateral";"Com Vítimas Feridas";"Plena noite";"Crescente";"Ceu Claro";"Múltipla";"Reta";"Urbano";3;0;1;0;1;1;1;2
83445228;"06/03/16";"Domingo";"18:40:00";"PE";104;"68,5";"CARUARU";"Outras";"Atropelamento de pessoa";"Com Vítimas Fatais";"Plena noite";"Crescente";"Ceu Claro";"Dupla";"Reta";"Urbano";2;1;0;0;0;1;0;1
83445229;"27/02/16";"Sábado";"20:30:00";"RJ";101;"51";"CAMPOS DOS GOYTACAZES";"Ultrapassagem indevida";"Colisão frontal";"Com Vítimas Fatais";"Plena noite";"Crescente";"Ceu Claro";"Simples";"Reta";"Rural";2;1;0;0;1;0;0;2
83445230;"06/03/16";"Domingo";"11:20:00";"PI";343;"596,6";"FLORIANO";"Falta de atenção";"Colisão lateral";"Com Vítimas Feridas";"Pleno dia";"Crescente";"Ceu Claro";"Simples";"Reta";"Urbano";2;0;0;1;1;0;1;2
83445231;"06/03/16";"Domingo";"11:15:00";"MG";116;"201,9";"CATUJI";"Defeito mecânico em veículo";"Incêndio";"Sem Vítimas";"Pleno dia";"Crescente";"Sol";"Simples";"Reta";"Rural";1;0;0;0;1;0;0;1
83445232;"06/03/16";"Domingo";"15:40:00";"GO";40;"2,4";"VALPARAISO DE GOIAS";"Ingestão de álcool";"Colisão traseira";"Sem Vítimas";"Pleno dia";"Decrescente";"Nublado";"Dupla";"Reta";"Urbano";2;0;0;0;2;0;0;2
83445233;"06/03/16";"Domingo";"17:20:00";"CE";222;"2,4";"SOBRAL";"Outras";"Capotamento";"Ignorado";"Pleno dia";"Decrescente";"Ceu Claro";"Dupla";"Reta";"Urbano";3;0;0;0;0;3;0;1
83445234;"06/03/16";"Domingo";"19:00:00";"PR";376;"310";"MAUA DA SERRA";"Defeito mecânico em veículo";"Saída de Pista";"Sem Vítimas";"Plena noite";"Decrescente";"Vento";"Simples";"Reta";"Rural";1;0;0;0;1;0;0;1
83445235;"06/03/16";"Domingo";"15:50:00";"MG";50;"198";"UBERABA";"Ingestão de álcool";"Colisão traseira";"Com Vítimas Feridas";"Pleno dia";"Decrescente";"Ceu Claro";"Dupla";"Reta";"Rural";2;0;1;0;1;0;1;2
83445236;"06/03/16";"Domingo";"18:10:00";"RN";427;"132,1";"SERRA NEGRA DO NORTE";"Outras";"Colisão com objeto fixo";"Com Vítimas Fatais";"Anoitecer";"Crescente";"Ceu Claro";"Simples";"Reta";"Rural";1;1;0;0;0;0;0;1
83445237;"06/03/16";"Domingo";"16:00:00";"PI";316;"4";"TERESINA";"Outras";"Colisão traseira";"Com Vítimas Fatais";"Pleno dia";"Decrescente";"Ceu Claro";"Múltipla";"Reta";"Urbano";2;1;0;0;0;1;0;2
83445238;"06/03/16";"Domingo";"12:40:00";"RN";405;"175,8";"JOSE DA PENHA";"Ingestão de álcool";"Capotamento";"Com Vítimas Feridas";"Pleno dia";"Crescente";"Ceu Claro";"Simples";"Reta";"Rural";5;0;1;3;1;0;4;2
83445239;"06/03/16";"Domingo";"11:30:00";"BA";242;"122";"RAFAEL JAMBEIRO";"Dormindo";"Tombamento";"Com Vítimas Fatais";"Pleno dia";"Decrescente";"Sol";"Simples";"Reta";"Rural";1;1;0;0;0;0;0;1