"id";"data_inversa";"dia_semana";"horario";"uf";"br";"km";"municipio";"causa_acidente";"tipo_acidente";"classificacao_acidente";"fase_dia";"sentido_via";"condicao_metereologica";"tipo_pista";"tracado_via";"uso_solo";"pessoas";"mortos";"feridos_leves";"feridos_graves";"ilesos";"ignorados";"feridos";"veiculos"
83445354;"04/03/16";"Sexta";"14:00:00";"MG";262;"585,7";"CAMPOS ALTOS";"Velocidade incompatível";"Saída de Pista";"Sem Vítimas";"Pleno dia";"Crescente";"Chuva";"Simples";"Curva";"Rural";2;0;0;0;2;0;0;1
83445355;"03/03/16";"Quinta";"20:00:00";"PR";163;"257";"TOLEDO";"Desobediência à sinalização";"Colisão traseira";"Com Vítimas Feridas";"Plena noite";"Decrescente";"Ignorada";"Simples";"Reta";"Rural";4;0;1;0;2;1;1;3
83445356;"03/03/16";"Quinta";"20:40:00";"GO";153;"342";"JARAGUA";"Outras";"Queda de motocicleta / bicicleta / veículo";"Com Vítimas Feridas";"Plena noite";"Crescente";"Nublado";"Simples";"Reta";"Rural";2;0;0;2;0;0;2;1
83445357;"05/03/16";"Sábado";"05:00:00";"MG";381;"863";"POUSO ALEGRE";"Dormindo";"Saída de Pista";"Sem Vítimas";"Pleno dia";"Crescente";"Chuva";"Dupla";"Reta";"Rural";3;0;0;0;3;0;0;1
83445358;"04/03/16";"Sexta";"12:15:00";"MG";381;"859";"POUSO ALEGRE";"Velocidade incompatível";"Colisão traseira";"Sem Vítimas";"Pleno dia";"Crescente";"Chuva";"Dupla";"Reta";"Rural";2;0;0;0;1;1;0;2
83445359;"05/03/16";"Sábado";"23:00:00";"SP";153;"72,6";"SAO JOSE DO RIO PRETO";"Falta de atenção";"Colisão traseira";"Com Vítimas Feridas";"Plena noite";"Decrescente";"Nublado";"Simples";"Reta";"Rural";3;0;3;0;0;0;3;2
83445360;"07/03/16";"Segunda";"08:50:00";"SC";101;"117";"ITAJAI";"Não guardar distância de segurança";"Queda de motocicleta / bicicleta / veículo";"Com Vítimas Feridas";"Pleno dia";"Crescente";"Ceu Claro";"Simples";"Reta";"Urbano";2;0;1;0;1;0;1;2
83445361;"03/03/16";"Quinta";"16:20:00";"RJ";393;"241";"VASSOURAS";"Outras";"Saída de Pista";"Sem Vítimas";"Pleno dia";"Crescente";"Nublado";"Simples";"Curva";"Rural";1;0;0;0;1;0;0;1
83445362;"23/01/16";"Sábado";"23:50:00";"RN";304;"36";"MOSSORO";"Desobediência à sinalização";"Colisão lateral";"Com Vítimas Feridas";"Plena noite";"Crescente";"Nublado";"Dupla";"Reta";"Urbano";2;0;1;0;0;1;1;2
83445363;"07/03/16";"Segunda";"07:40:00";"PE";232;"59";"POMBOS";"Outras";"Colisão traseira";"Sem Vítimas";"Pleno dia";"Crescente";"Ceu Claro";"Simples";"Reta";"Urbano";4;0;0;0;4;0;0;4
83445364;"05/03/16";"Sábado";"17:00:00";"RJ";101;"323";"NITEROI";"Falta de atenção";"Colisão lateral";"Com Vítimas Feridas";"Pleno dia";"Decrescente";"Ceu Claro";"Dupla";"Reta";"Urbano";2;0;1;0;1;0;1;2
83445365;"28/02/16";"Domingo";"06:00:00";"ES";101;"123";"SOORETAMA";"Outras";"Colisão lateral";"Com Vítimas Feridas";"Pleno dia";"Decrescente";"Sol";"Simples";"Reta";"Rural";8;0;6;0;2;0;6;2
83445366;"07/03/16";"Segunda";"08:25:00";"GO";364;"199";"JATAI";"Dormindo";"Capotamento";"Com Vítimas Feridas";"Pleno dia";"Crescente";"Nublado";"Dupla";"Reta";"Urbano";1;0;1;0;0;0;1;1
83445367;"07/03/16";"Segunda";"07:26:00";"PR";116;"116";"CURITIBA";"Velocidade incompatível";"Queda de motocicleta / bicicleta / veículo";"Com Vítimas Feridas";"Pleno dia";"Decrescente";"Sol";"Simples";"Curva";"Urbano";2;0;2;0;0;0;2;1
83445368;"11/01/16";"Segunda";"07:20:00";"CE";116;"34,5";"AQUIRAZ";"Não guardar distância de segurança";"Colisão traseira";"Sem Vítimas";"Pleno dia";"Decrescente";"Nublado";"Dupla";"Reta";"Urbano";2;0;0;0;2;0;0;2
83445369;"07/03/16";"Segunda";"07:45:00";"SP";381;"21,5";"BRAGANCA PAULISTA";"Outras";"Colisão com objeto fixo";"Sem Vítimas";"Pleno dia";"Crescente";"Ceu Claro";"Dupla";"Curva";"Urbano";3;0;0;0;3;0;0;1
83445370;"04/03/16";"Sexta";"05:30:00";"MG";381;"533";"ITATIAIUCU";"Velocidade incompatível";"Tombamento";"Com Vítimas Feridas";"Pleno dia";"Crescente";"Ceu Claro";"Dupla";"Curva";"Rural";1;0;0;1;0;0;1;1
83445371;"06/03/16";"Domingo";"05:40:00";"RO";364;"233";"CACOAL";"Outras";"Colisão lateral";"Com Vítimas Fatais";"Amanhecer";"Crescente";"Nublado";"Simples";"Reta";"Rural";3;1;0;0;2;0;0;2
83445372;"07/03/16";"Segunda";"09:45:00";"BA";367;"35,5";"PORTO SEGURO";"Outras";"Atropelamento de pessoa";"Com Vítimas Feridas";"Pleno dia";"Decrescente";"Ceu Claro";"Simples";"Reta";"Urbano";2;0;1;0;1;0;1;1
83445374;"06/03/16";"Domingo";"17:40:00";"MG";50;"72,5";"UBERLANDIA";"Falta de atenção";"Atropelamento de pessoa";"Com Vítimas Feridas";"Anoitecer";"Decrescente";"Chuva";"Dupla";"Reta";"Urbano";2;0;0;1;1;0;1;1
83445375;"07/03/16";"Segunda";"08:30:00";"RO";364;"21";"VILHENA";"Defeito mecânico em veículo";"Queda de motocicleta / bicicleta / veículo";"Com Vítimas Feridas";"Pleno dia";"Decrescente";"Ceu Claro";"Simples";"Reta";"Rural";1;0;1;0;0;0;1;1
83445376;"07/03/16";"Segunda";"05:00:00";"PR";116;"118,9";"CURITIBA";"Velocidade incompatível";"Tombamento";"Sem Vítimas";"Amanhecer";"Crescente";"Ceu Claro";"Dupla";"Curva";"Urbano";1;0;0;0;1;0;0;1
83445377;"03/03/16";"Quinta";"08:15:00";"SP";116;"219,8";"GUARULHOS";"Não guardar distância de segurança";"Colisão lateral";"Com Vítimas Feridas";"Pleno dia";"Crescente";"Chuva";"Múltipla";"Reta";"Urbano";2;0;1;0;1;0;1;2
83445378;"04/03/16";"Sexta";"15:30:00";"MG";40;"614,2";"CONGONHAS";"Falta de atenção";"Colisão Transversal";"Com Vítimas Feridas";"Pleno dia";"Decrescente";"Ceu Claro";"Simples";"Curva";"Rural";2;0;1;1;0;0;2;2
83445379;"07/03/16";"Segunda";"10:05:00";"SC";101;"148";"ITAPEMA";"Outras";"Queda de motocicleta / bicicleta / veículo";"Com Vítimas Feridas";"Pleno dia";"Decrescente";"Sol";"Dupla";"Reta";"Urbano";2;0;2;0;0;0;2;1
83445380;"07/03/16";"Segunda";"08:10:00";"MA";135;"7";"SAO LUIS";"Falta de atenção";"Colisão traseira";"Sem Vítimas";"Pleno dia";"Crescente";"Nublado";"Dupla";"Reta";"Urbano";3;0;0;0;3;0;0;3
83445381;"07/03/16";"Segunda";"07:40:00";"MG";262;"593,1";"CAMPOS ALTOS";"Velocidade incompatível";"Saída de Pista";"Com Vítimas Feridas";"Pleno dia";"Crescente";"Chuva";"Simples";"Curva";"Rural";1;0;1;0;0;0;1;1
83445382;"03/03/16";"Quinta";"18:50:00";"GO";40;"1";"VALPARAISO DE GOIAS";"Outras";"Atropelamento de pessoa";"Com Vítimas Fatais";"Plena noite";"Decrescente";"Ceu Claro";"Dupla";"Reta";"Urbano";2;1;0;0;0;1;0;1
83445383;"06/03/16";"Domingo";"05:20:00";"BA";242;"609";"MUQUEM DO SAO FRANCISCO";"Ingestão de álcool";"Colisão frontal";"Com Vítimas Feridas";"Amanhecer";"Decrescente";"Ceu Claro";"Simples";"Curva";"Rural";4;0;3;0;1;0;3;2
83445384;"03/03/16";"Quinta";"08:00:00";"RN";101;"96,1";"NATAL";"Não guardar distância de segurança";"Colisão traseira";"Com Vítimas Feridas";"Plena noite";"Crescente";"Ceu Claro";"Dupla";"Curva";"Urbano";2;0;0;1;0;1;1;2
83445385;"07/03/16";"Segunda";"08:55:00";"MG";146;"508,9";"POCOS DE CALDAS";"Outras";"Colisão Transversal";"Sem Vítimas";"Pleno dia";"Crescente";"Nublado";"Simples";"Reta";"Rural";3;0;0;0;3;0;0;3
83445386;"03/03/16";"Quinta";"15:55:00";"GO";40;"2,5";"VALPARAISO DE GOIAS";"Desobediência à sinalização";"Colisão traseira";"Com Vítimas Feridas";"Pleno dia";"Crescente";"Nublado";"Dupla";"Reta";"Urbano";2;0;1;0;1;0;1;2
83445387;"03/03/16";"Quinta";"22:20:00";"SP";116;"145";"SAO JOSE DOS CAMPOS";"Não guardar distância de segurança";"Colisão traseira";"Sem Vítimas";"Plena noite";"Decrescente";"Chuva";"Dupla";"Reta";"Rural";2;0;0;0;2;0;0;2
83445389;"05/01/16";"Terça";"09:00:00";"GO";60;"387,8";"RIO VERDE";"Desobediência à sinalização";"Colisão traseira";"Com Vítimas Feridas";"Pleno dia";"Crescente";"Nublado";"Dupla";"Reta";"Urbano";2;0;1;0;1;0;1;2
83445390;"07/03/16";"Segunda";"09:10:00";"PE";101;"41";"IGARASSU";"Ultrapassagem indevida";"Colisão lateral";"Sem Vítimas";"Pleno dia";"Crescente";"Ceu Claro";"Dupla";"Reta";"Urbano";2;0;0;0;2;0;0;2
83445391;"07/03/16";"Segunda";"10:00:00";"RS";386;"109";"SARANDI";"Desobediência à sinalização";"Colisão frontal";"Com Vítimas Feridas";"Pleno dia";"Crescente";"Ceu Claro";"Simples";"Curva";"Rural";3;0;0;1;2;0;1;3
83445392;"07/03/16";"Segunda";"07:30:00";"PE";232;"6,2";"RECIFE";"Não guardar distância de segurança";"Colisão traseira";"Sem Vítimas";"Pleno dia";"Crescente";"Ceu Claro";"Dupla";"Reta";"Urbano";6;0;0;0;6;0;0;3
83445393;"03/03/16";"Quinta";"11:00:00";"PB";230;"89,9";"GURINHEM";"Outras";"Colisão com objeto fixo";"Sem Vítimas";"Pleno dia";"Crescente";"Chuva";"Dupla";"Reta";"Urbano";1;0;0;0;1;0;0;1
83445394;"07/03/16";"Segunda";"08:20:00";"RN";101;"99";"NATAL";"Não guardar distância de segurança";"Colisão lateral";"Com Vítimas Feridas";"Pleno dia";"Decrescente";"Ceu Claro";"Dupla";"Reta";"Urbano";4;0;2;0;2;0;2;3
83445395;"07/03/16";"Segunda";"07:10:00";"SC";470;"70";"INDAIAL";"Falta de atenção";"Colisão traseira";"Com Vítimas Feridas";"Pleno dia";"Decrescente";"Ceu Claro";"Simples";"Reta";"Urbano";4;0;3;0;1;0;3;2
83445396;"03/03/16";"Quinta";"09:00:00";"BA";324;"543";"AMELIA RODRIGUES";"Outras";"Atropelamento de pessoa";"Com Vítimas Feridas";"Pleno dia";"Decrescente";"Ceu Claro";"Dupla";"Reta";"Urbano";2;0;2;0;0;0;2;1
83445397;"06/01/16";"Quarta";"15:50:00";"PR";369;"147,2";"LONDRINA";"Outras";"Colisão traseira";"Sem Vítimas";"Pleno dia";"Crescente";"Ceu Claro";"Dupla";"Reta";"Urbano";3;0;0;0;2;1;0;3
83445398;"04/03/16";"Sexta";"03:00:00";"PA";230;"110,8";"MARABA";"Ingestão de álcool";"Saída de Pista";"Com Vítimas Feridas";"Plena noite";"Decrescente";"Ceu Claro";"Simples";"Reta";"Urbano";1;0;1;0;0;0;1;1
83445399;"07/03/16";"Segunda";"06:40:00";"BA";324;"622";"SALVADOR";"Outras";"Colisão lateral";"Com Vítimas Feridas";"Pleno dia";"Crescente";"Nublado";"Dupla";"Reta";"Rural";3;0;1;0;2;0;1;2
83445400;"03/03/16";"Quinta";"19:00:00";"PE";101;"163";"GAMELEIRA";"Outras";"Capotamento";"Sem Vítimas";"Plena noite";"Decrescente";"Chuva";"Dupla";"Curva";"Rural";1;0;0;0;1;0;0;1
83445403;"02/03/16";"Quarta";"08:50:00";"MT";70;"721";"CACERES";"Velocidade incompatível";"Saída de Pista";"Sem Vítimas";"Pleno dia";"Crescente";"Chuva";"Simples";"Curva";"Rural";1;0;0;0;1;0;0;1
83445404;"04/03/16";"Sexta";"05:40:00";"MG";40;"555";"NOVA LIMA";"Outras";"Capotamento";"Sem Vítimas";"Amanhecer";"Crescente";"Chuva";"Dupla";"Curva";"Rural";1;0;0;0;1;0;0;1
83445405;"07/03/16";"Segunda";"09:30:00";"MG";116;"277";"TEOFILO OTONI";"Falta de atenção";"Colisão lateral";"Sem Vítimas";"Pleno dia";"Crescente";"Ceu Claro";"Dupla";"Reta";"Urbano";2;0;0;0;2;0;0;2
83445406;"05/03/16";"Sábado";"05:10:00";"ES";101;"300";"VIANA";"Ingestão de álcool";"Colisão com objeto fixo";"Com Vítimas Feridas";"Plena noite";"Decrescente";"Nublado";"Múltipla";"Reta";"Urbano";1;0;0;1;0;0;1;1
83445407;"06/03/16";"Domingo";"18:40:00";"BA";367;"32";"PORTO SEGURO";"Velocidade incompatível";"Colisão traseira";"Com Vítimas Fatais";"Anoitecer";"Crescente";"Ceu Claro";"Simples";"Reta";"Rural";2;1;0;0;0;1;0;2
83445408;"03/03/16";"Quinta";"11:30:00";"RS";290;"90";"PORTO ALEGRE";"Outras";"Saída de Pista";"Sem Vítimas";"Pleno dia";"Crescente";"Ceu Claro";"Dupla";"Reta";"Urbano";1;0;0;0;1;0;0;1
83445409;"07/02/16";"Domingo";"07:30:00";"SP";116;"139";"SAO JOSE DOS CAMPOS";"Outras";"Queda de motocicleta / bicicleta / veículo";"Com Vítimas Feridas";"Pleno dia";"Decrescente";"Sol";"Dupla";"Reta";"Urbano";1;0;1;0;0;0;1;1
83445410;"04/03/16";"Sexta";"15:10:00";"SC";282;"75";"RANCHO QUEIMADO";"Falta de atenção";"Colisão com objeto fixo";"Com Vítimas Feridas";"Pleno dia";"Decrescente";"Nublado";"Simples";"Curva";"Rural";1;0;1;0;0;0;1;1
83445411;"07/03/16";"Segunda";"09:30:00";"SP";116;"352,5";"MIRACATU";"Falta de atenção";"Tombamento";"Sem Vítimas";"Pleno dia";"Crescente";"Ceu Claro";"Simples";"Reta";"Rural";1;0;0;0;1;0;0;1
83445413;"07/03/16";"Segunda";"11:00:00";"PI";343;"264";"CAMPO MAIOR";"Outras";"Atropelamento de pessoa";"Com Vítimas Feridas";"Pleno dia";"Decrescente";"Sol";"Simples";"Reta";"Urbano";2;0;1;0;1;0;1;1
83445414;"07/03/16";"Segunda";"07:30:00";"RS";290;"91,2";"PORTO ALEGRE";"Ingestão de álcool";"Saída de Pista";"Com Vítimas Fatais";"Amanhecer";"Decrescente";"Ceu Claro";"Dupla";"Reta";"Rural";1;1;0;0;0;0;0;1
83445415;"07/03/16";"Segunda";"10:20:00";"RJ";101;"482";"ANGRA DOS REIS";"Outras";"Atropelamento de pessoa";"Com Vítimas Feridas";"Pleno dia";"Crescente";"Sol";"Simples";"Reta";"Rural";2;0;0;1;1;0;1;1
83445416;"07/03/16";"Segunda";"12:40:00";"RJ";101;"330";"RIO DE JANEIRO";"Outras";"Colisão traseira";"Sem Vítimas";"Pleno dia";"Decrescente";"Ceu Claro";"Dupla";"Reta";"Urbano";2;0;0;0;1;1;0;2
83445417;"06/03/16";"Domingo";"08:30:00";"SE";235;"17,8";"LARANJEIRAS";"Outras";"Saída de Pista";"Sem Vítimas";"Pleno dia";"Decrescente";"Chuva";"Simples";"Curva";"Rural";1;0;0;0;1;0;0;1
83445418;"07/03/16";"Segunda";"06:00:00";"MG";365;"319";"SAO GONCALO DO ABAETE";"Defeito mecânico em veículo";"Saída de Pista";"Com Vítimas Feridas";"Amanhecer";"Decrescente";"Chuva";"Simples";"Reta";"Rural";1;0;0;1;0;0;1;1
83445419;"07/03/16";"Segunda";"12:40:00";"MA";316;"516";"CAXIAS";"Falta de atenção";"Saída de Pista";"Sem Vítimas";"Pleno dia";"Decrescente";"Chuva";"Simples";"Curva";"Rural";1;0;0;0;1;0;0;1
83445420;"07/03/16";"Segunda";"12:00:00";"PA";316;"16";"MARITUBA";"Desobediência à sinalização";"Colisão traseira";"Sem Vítimas";"Pleno dia";"Decrescente";"Nublado";"Dupla";"Reta";"Urbano";2;0;0;0;2;0;0;2
83445421;"07/03/16";"Segunda";"11:40:00";"PR";476;"138,3";"CURITIBA";"Não guardar distância de segurança";"Colisão traseira";"Com Vítimas Feridas";"Pleno dia";"Crescente";"Ceu Claro";"Múltipla";"Reta";"Urbano";3;0;1;0;2;0;1;2
83445423;"04/03/16";"Sexta";"13:50:00";"RJ";101;"513";"ANGRA DOS REIS";"Desobediência à sinalização";"Queda de motocicleta / bicicleta / veículo";"Sem Vítimas";"Pleno dia";"Crescente";"Ceu Claro";"Simples";"Reta";"Urbano";2;0;0;0;2;0;0;2
83445424;"07/03/16";"Segunda";"12:30:00";"PB";230;"32,3";"BAYEUX";"Não guardar distância de segurança";"Colisão traseira";"Com Vítimas Feridas";"Pleno dia";"Crescente";"Ceu Claro";"Dupla";"Reta";"Urbano";3;0;2;0;1;0;2;2
83445425;"07/03/16";"Segunda";"08:20:00";"BA";101;"624";"MASCOTE";"Outras";"Tombamento";"Sem Vítimas";"Pleno dia";"Decrescente";"Sol";"Simples";"Curva";"Rural";1;0;0;0;1;0;0;1
83445426;"07/03/16";"Segunda";"11:00:00";"GO";60;"38,7";"ALEXANIA";"Outras";"Saída de Pista";"Sem Vítimas";"Pleno dia";"Decrescente";"Nublado";"Dupla";"Reta";"Rural";1;0;0;0;1;0;0;1
83445427;"06/03/16";"Domingo";"07:30:00";"PE";101;"83";"JABOATAO DOS GUARARAPES";"Outras";"Queda de motocicleta / bicicleta / veículo";"Com Vítimas Feridas";"Pleno dia";"Crescente";"Sol";"Múltipla";"Reta";"Urbano";3;0;1;1;1;0;2;2
83445428;"07/03/16";"Segunda";"08:00:00";"RS";290;"581,8";"ALEGRETE";"Falta de atenção";"Colisão Transversal";"Sem Vítimas";"Pleno dia";"Decrescente";"Ceu Claro";"Simples";"Reta";"Urbano";2;0;0;0;2;0;0;2
83445429;"07/03/16";"Segunda";"00:30:00";"MG";365;"33,2";"MONTES CLAROS";"Outras";"Saída de Pista";"Com Vítimas Feridas";"Plena noite";"Decrescente";"Ceu Claro";"Simples";"Reta";"Rural";1;0;1;0;0;0;1;1
83445430;"03/03/16";"Quinta";"18:30:00";"SP";116;"212";"GUARULHOS";"Velocidade incompatível";"Queda de motocicleta / bicicleta / veículo";"Com Vítimas Feridas";"Anoitecer";"Decrescente";"Chuva";"Múltipla";"Reta";"Urbano";2;0;1;0;0;1;1;1
83445431;"03/03/16";"Quinta";"15:55:00";"DF";60;"6,9";"BRASILIA";"Falta de atenção";"Colisão traseira";"Com Vítimas Feridas";"Pleno dia";"Crescente";"Sol";"Dupla";"Reta";"Urbano";2;0;1;1;0;0;2;2
83445432;"28/02/16";"Domingo";"20:30:00";"BA";418;"60";"NOVA VICOSA";"Outras";"Tombamento";"Com Vítimas Feridas";"Plena noite";"Crescente";"Ceu Claro";"Simples";"Reta";"Rural";2;0;1;0;0;1;1;1
83445433;"07/03/16";"Segunda";"14:25:00";"ES";101;"298";"VIANA";"Outras";"Colisão traseira";"Com Vítimas Feridas";"Pleno dia";"Decrescente";"Ceu Claro";"Múltipla";"Cruzamento";"Urbano";2;0;1;0;1;0;1;2
83445434;"07/03/16";"Segunda";"14:15:00";"PR";116;"149,9";"MANDIRITUBA";"Desobediência à sinalização";"Colisão lateral";"Com Vítimas Feridas";"Pleno dia";"Crescente";"Ceu Claro";"Simples";"Reta";"Rural";2;0;0;1;1;0;1;2
83445435;"07/03/16";"Segunda";"13:25:00";"RJ";40;"123";"DUQUE DE CAXIAS";"Outras";"Colisão com objeto fixo";"Sem Vítimas";"Pleno dia";"Decrescente";"Ceu Claro";"Múltipla";"Reta";"Urbano";1;0;0;0;1;0;0;1
83445436;"04/03/16";"Sexta";"09:50:00";"CE";20;"178,1";"PEDRA BRANCA";"Defeito mecânico em veículo";"Incêndio";"Ignorado";"Pleno dia";"Decrescente";"Ceu Claro";"Simples";"Reta";"Rural";1;0;0;0;0;1;0;1
83445437;"07/03/16";"Segunda";"14:00:00";"CE";20;"203";"BOA VIAGEM";"Desobediência à sinalização";"Colisão Transversal";"Com Vítimas Feridas";"Pleno dia";"Decrescente";"Ceu Claro";"Simples";"Reta";"Urbano";2;0;1;0;1;0;1;2
83445438;"07/03/16";"Segunda";"10:20:00";"MT";163;"663";"LUCAS DO RIO VERDE";"Outras";"Tombamento";"Ignorado";"Pleno dia";"Crescente";"Nublado";"Simples";"Reta";"Rural";1;0;0;0;0;1;0;1
83445439;"07/03/16";"Segunda";"11:00:00";"SC";280;"300,9";"PORTO UNIAO";"Outras";"Colisão com objeto fixo";"Sem Vítimas";"Pleno dia";"Crescente";"Sol";"Simples";"Reta";"Rural";2;0;0;0;2;0;0;2
83445440;"07/03/16";"Segunda";"07:55:00";"PR";116;"115,7";"CURITIBA";"Desobediência à sinalização";"Colisão Transversal";"Com Vítimas Feridas";"Pleno dia";"Decrescente";"Sol";"Dupla";"Reta";"Urbano";3;0;1;0;2;0;1;2
83445441;"07/03/16";"Segunda";"08:30:00";"GO";153;"498";"GOIANIA";"Não guardar distância de segurança";"Colisão Transversal";"Sem Vítimas";"Pleno dia";"Crescente";"Nublado";"Dupla";"Reta";"Urbano";2;0;0;0;2;0;0;2
83445442;"07/03/16";"Segunda";"15:30:00";"RS";153;"595,9";"BAGE";"Dormindo";"Saída de Pista";"Sem Vítimas";"Pleno dia";"Decrescente";"Ceu Claro";"Simples";"Reta";"Rural";1;0;0;0;1;0;0;1
83445443;"03/03/16";"Quinta";"11:30:00";"RO";364;"711";"PORTO VELHO";"Outras";"Saída de Pista";"Sem Vítimas";"Pleno dia";"Decrescente";"Sol";"Dupla";"Reta";"Urbano";1;0;0;0;1;0;0;1
83445444;"05/03/16";"Sábado";"17:30:00";"PA";155;"280";"MARABA";"Defeito na via";"Colisão lateral";"Com Vítimas Feridas";"Anoitecer";"Crescente";"Ceu Claro";"Simples";"Reta";"Rural";5;0;1;0;4;0;1;3
83445446;"07/03/16";"Segunda";"05:20:00";"MA";222;"544";"BURITICUPU";"Dormindo";"Saída de Pista";"Com Vítimas Feridas";"Pleno dia";"Crescente";"Ignorada";"Simples";"Curva";"Rural";2;0;0;1;1;0;1;1
83445448;"06/03/16";"Domingo";"00:10:00";"MG";381;"535";"ITATIAIUCU";"Ingestão de álcool";"Queda de motocicleta / bicicleta / veículo";"Com Vítimas Feridas";"Plena noite";"Decrescente";"Nublado";"Dupla";"Reta";"Urbano";1;0;1;0;0;0;1;1
83445449;"07/03/16";"Segunda";"15:35:00";"MG";381;"519";"IGARAPE";"Defeito mecânico em veículo";"Capotamento";"Com Vítimas Feridas";"Pleno dia";"Decrescente";"Chuva";"Dupla";"Curva";"Rural";1;0;1;0;0;0;1;1
83445450;"07/03/16";"Segunda";"11:50:00";"BA";116;"417";"FEIRA DE SANTANA";"Falta de atenção";"Colisão traseira";"Com Vítimas Feridas";"Pleno dia";"Crescente";"Sol";"Dupla";"Reta";"Urbano";3;0;1;0;2;0;1;3
83445451;"07/03/16";"Segunda";"15:30:00";"PR";277;"575,9";"CASCAVEL";"Falta de atenção";"Colisão Transversal";"Sem Vítimas";"Pleno dia";"Decrescente";"Sol";"Simples";"Reta";"Rural";3;0;0;0;3;0;0;2
83445452;"07/03/16";"Segunda";"11:20:00";"MS";163;"487,4";"CAMPO GRANDE";"Falta de atenção";"Colisão lateral";"Sem Vítimas";"Pleno dia";"Crescente";"Sol";"Simples";"Reta";"Urbano";2;0;0;0;2;0;0;2
83445453;"07/03/16";"Segunda";"13:40:00";"PE";101;"136";"RIBEIRAO";"Outras";"Tombamento";"Sem Vítimas";"Pleno dia";"Decrescente";"Sol";"Dupla";"Curva";"Rural";1;0;0;0;1;0;0;1
83445456;"06/03/16";"Domingo";"19:35:00";"BA";330;"689";"JEQUIE";"Velocidade incompatível";"Capotamento";"Ignorado";"Plena noite";"Crescente";"Ceu Claro";"Simples";"Reta";"Rural";1;0;0;0;0;1;0;1
83445457;"15/01/16";"Sexta";"18:00:00";"CE";116;"22";"ITAITINGA";"Ingestão de álcool";"Atropelamento de pessoa";"Com Vítimas Fatais";"Pleno dia";"Decrescente";"Ignorada";"Dupla";"Reta";"Rural";2;1;0;0;1;0;0;1
83445458;"07/03/16";"Segunda";"15:30:00";"PE";232;"8";"RECIFE";"Não guardar distância de segurança";"Colisão traseira";"Com Vítimas Feridas";"Pleno dia";"Crescente";"Ceu Claro";"Dupla";"Reta";"Urbano";4;0;2;0;2;0;2;4
83445459;"03/03/16";"Quinta";"11:00:00";"SP";116;"227";"GUARULHOS";"Velocidade incompatível";"Colisão Transversal";"Com Vítimas Feridas";"Pleno dia";"Crescente";"Sol";"Múltipla";"Reta";"Urbano";3;0;1;0;2;0;1;2
83445460;"07/03/16";"Segunda";"13:15:00";"PE";408;"71,2";"PAUDALHO";"Outras";"Atropelamento de pessoa";"Com Vítimas Feridas";"Pleno dia";"Decrescente";"Sol";"Dupla";"Reta";"Urbano";2;0;0;2;0;0;2;1
83445461;"07/03/16";"Segunda";"14:03:00";"RO";364;"164";"PIMENTA BUENO";"Falta de atenção";"Colisão traseira";"Sem Vítimas";"Pleno dia";"Decrescente";"Nublado";"Simples";"Reta";"Rural";2;0;0;0;2;0;0;2
83445463;"07/03/16";"Segunda";"12:50:00";"PE";101;"50";"ABREU E LIMA";"Outras";"Colisão traseira";"Sem Vítimas";"Pleno dia";"Crescente";"Ceu Claro";"Múltipla";"Reta";"Urbano";4;0;0;0;2;2;0;4
83445465;"07/03/16";"Segunda";"11:50:00";"RS";116;"304";"GUAIBA";"Não guardar distância de segurança";"Colisão lateral";"Sem Vítimas";"Pleno dia";"Decrescente";"Ceu Claro";"Dupla";"Reta";"Urbano";2;0;0;0;2;0;0;2
83445466;"07/03/16";"Segunda";"15:05:00";"MG";381;"541,5";"ITATIAIUCU";"Velocidade incompatível";"Saída de Pista";"Sem Vítimas";"Pleno dia";"Decrescente";"Chuva";"Dupla";"Curva";"Rural";1;0;0;0;1;0;0;1
83445467;"03/01/16";"Domingo";"18:30:00";"ES";262;"58";"MARECHAL FLORIANO";"Velocidade incompatível";"Saída de Pista";"Com Vítimas Feridas";"Anoitecer";"Decrescente";"Chuva";"Simples";"Curva";"Rural";1;0;0;1;0;0;1;1
83445468;"07/03/16";"Segunda";"13:30:00";"MG";381;"547";"ITATIAIUCU";"Falta de atenção";"Colisão lateral";"Sem Vítimas";"Pleno dia";"Crescente";"Ceu Claro";"Dupla";"Reta";"Urbano";2;0;0;0;2;0;0;2
83445469;"07/03/16";"Segunda";"12:45:00";"MS";163;"356";"NOVA ALVORADA DO SUL";"Ultrapassagem indevida";"Saída de Pista";"Sem Vítimas";"Pleno dia";"Decrescente";"Ceu Claro";"Simples";"Reta";"Rural";2;0;0;0;2;0;0;1
83445470;"07/03/16";"Segunda";"14:40:00";"MA";10;"241,5";"IMPERATRIZ";"Não guardar distância de segurança";"Colisão traseira";"Com Vítimas Feridas";"Pleno dia";"Decrescente";"Nublado";"Simples";"Reta";"Rural";3;0;2;0;1;0;2;2
83445472;"07/03/16";"Segunda";"11:40:00";"RO";364;"228,9";"CACOAL";"Falta de atenção";"Colisão lateral";"Sem Vítimas";"Pleno dia";"Decrescente";"Sol";"Simples";"Reta";"Rural";4;0;0;0;4;0;0;4
83445473;"07/03/16";"Segunda";"01:50:00";"SP";116;"49,1";"LORENA";"Defeito mecânico em veículo";"Tombamento";"Com Vítimas Feridas";"Plena noite";"Decrescente";"Nublado";"Dupla";"Reta";"Rural";1;0;1;0;0;0;1;1
83445474;"07/03/16";"Segunda";"16:00:00";"SC";163;"103,2";"SAO JOSE DO CEDRO";"Ultrapassagem indevida";"Colisão lateral";"Com Vítimas Feridas";"Pleno dia";"Crescente";"Sol";"Simples";"Curva";"Rural";2;0;1;0;1;0;1;2