"id";"data_inversa";"dia_semana";"horario";"uf";"br";"km";"municipio";"causa_acidente";"tipo_acidente";"classificacao_acidente";"fase_dia";"sentido_via";"condicao_metereologica";"tipo_pista";"tracado_via";"uso_solo";"pessoas";"mortos";"feridos_leves";"feridos_graves";"ilesos";"ignorados";"feridos";"veiculos"
83445475;"06/03/16";"Domingo";"04:35:00";"GO";60;"468,3";"JATAI";"Animais na Pista";"Atropelamento de animal";"Sem Vítimas";"Plena noite";"Decrescente";"Nublado";"Dupla";"Curva";"Rural";1;0;0;0;1;0;0;1
83445476;"07/03/16";"Segunda";"08:15:00";"PE";232;"212,8";"PESQUEIRA";"Falta de atenção";"Colisão Transversal";"Com Vítimas Feridas";"Pleno dia";"Crescente";"Sol";"Simples";"Reta";"Urbano";3;0;0;1;2;0;1;2
83445477;"07/03/16";"Segunda";"15:50:00";"RJ";116;"246,6";"PIRAI";"Outras";"Capotamento";"Com Vítimas Feridas";"Pleno dia";"Decrescente";"Chuva";"Dupla";"Reta";"Rural";3;0;2;1;0;0;3;1
83445478;"07/03/16";"Segunda";"11:10:00";"SC";101;"399,8";"MARACAJA";"Outras";"Derramamento de Carga";"Sem Vítimas";"Pleno dia";"Crescente";"Sol";"Dupla";"Curva";"Urbano";1;0;0;0;1;0;0;1
83445480;"07/03/16";"Segunda";"15:15:00";"RS";116;"253,8";"SAPUCAIA DO SUL";"Não guardar distância de segurança";"Colisão traseira";"Com Vítimas Feridas";"Pleno dia";"Decrescente";"Sol";"Múltipla";"Reta";"Urbano";2;0;1;0;1;0;1;2
83445481;"04/03/16";"Sexta";"16:30:00";"PA";316;"3";"ANANINDEUA";"Falta de atenção";"Colisão Transversal";"Sem Vítimas";"Pleno dia";"Decrescente";"Sol";"Dupla";"Reta";"Urbano";2;0;0;0;2;0;0;2
83445482;"07/03/16";"Segunda";"08:50:00";"RS";472;"525";"URUGUAIANA";"Animais na Pista";"Atropelamento de animal";"Sem Vítimas";"Pleno dia";"Decrescente";"Ceu Claro";"Simples";"Reta";"Rural";1;0;0;0;1;0;0;1
83445483;"07/03/16";"Segunda";"17:10:00";"PR";277;"454,3";"LARANJEIRAS DO SUL";"Falta de atenção";"Colisão Transversal";"Com Vítimas Feridas";"Pleno dia";"Crescente";"Ceu Claro";"Simples";"Cruzamento";"Urbano";2;0;1;0;1;0;1;2
83445484;"07/03/16";"Segunda";"11:30:00";"MT";364;"437";"VARZEA GRANDE";"Falta de atenção";"Colisão lateral";"Sem Vítimas";"Pleno dia";"Crescente";"Nublado";"Simples";"Reta";"Rural";2;0;0;0;2;0;0;2
83445485;"07/03/16";"Segunda";"12:15:00";"PR";369;"150";"LONDRINA";"Ingestão de álcool";"Colisão traseira";"Com Vítimas Feridas";"Pleno dia";"Crescente";"Sol";"Dupla";"Reta";"Urbano";4;0;1;0;3;0;1;4
83445486;"07/03/16";"Segunda";"15:35:00";"ES";101;"31";"CONCEICAO DA BARRA";"Defeito mecânico em veículo";"Queda de motocicleta / bicicleta / veículo";"Com Vítimas Feridas";"Pleno dia";"Crescente";"Sol";"Simples";"Reta";"Urbano";2;0;2;0;0;0;2;1
83445487;"06/01/16";"Quarta";"09:45:00";"GO";153;"183,2";"CAMPINORTE";"Não guardar distância de segurança";"Colisão traseira";"Sem Vítimas";"Pleno dia";"Decrescente";"Chuva";"Simples";"Reta";"Rural";3;0;0;0;1;2;0;3
83445488;"07/03/16";"Segunda";"14:25:00";"MT";174;"553";"COMODORO";"Defeito na via";"Tombamento";"Sem Vítimas";"Pleno dia";"Crescente";"Chuva";"Simples";"Reta";"Rural";1;0;0;0;1;0;0;1
83445489;"07/03/16";"Segunda";"15:05:00";"PR";376;"303";"MAUA DA SERRA";"Outras";"Tombamento";"Sem Vítimas";"Pleno dia";"Decrescente";"Ceu Claro";"Dupla";"Curva";"Rural";1;0;0;0;1;0;0;1
83445490;"07/03/16";"Segunda";"11:00:00";"GO";60;"7";"APARECIDA DE GOIANIA";"Falta de atenção";"Colisão Transversal";"Com Vítimas Feridas";"Pleno dia";"Crescente";"Nublado";"Dupla";"Reta";"Urbano";3;0;1;0;2;0;1;2
83445491;"07/03/16";"Segunda";"12:00:00";"MG";50;"20,2";"ARAGUARI";"Defeito mecânico em veículo";"Saída de Pista";"Com Vítimas Feridas";"Pleno dia";"Decrescente";"Ceu Claro";"Dupla";"Reta";"Rural";1;0;1;0;0;0;1;1
83445492;"29/02/16";"Segunda";"01:30:00";"SP";116;"216,7";"GUARULHOS";"Velocidade incompatível";"Colisão com objeto fixo";"Sem Vítimas";"Plena noite";"Decrescente";"Chuva";"Múltipla";"Reta";"Urbano";1;0;0;0;1;0;0;1
83445493;"07/03/16";"Segunda";"16:30:00";"ES";101;"214";"IBIRACU";"Falta de atenção";"Colisão Transversal";"Com Vítimas Feridas";"Pleno dia";"Decrescente";"Sol";"Simples";"Reta";"Urbano";2;0;1;0;1;0;1;2
83445494;"03/03/16";"Quinta";"20:00:00";"SP";116;"210";"GUARULHOS";"Velocidade incompatível";"Queda de motocicleta / bicicleta / veículo";"Com Vítimas Feridas";"Plena noite";"Decrescente";"Chuva";"Dupla";"Reta";"Urbano";1;0;0;1;0;0;1;1
83445495;"07/03/16";"Segunda";"16:30:00";"MT";364;"583,3";"NOBRES";"Falta de atenção";"Tombamento";"Sem Vítimas";"Pleno dia";"Crescente";"Chuva";"Dupla";"Reta";"Rural";1;0;0;0;1;0;0;1
83445496;"07/03/16";"Segunda";"11:10:00";"RS";472;"598,2";"URUGUAIANA";"Outras";"Capotamento";"Com Vítimas Feridas";"Pleno dia";"Decrescente";"Ceu Claro";"Simples";"Reta";"Rural";1;0;1;0;0;0;1;1
83445497;"07/03/16";"Segunda";"09:10:00";"SC";101;"27";"JOINVILLE";"Outras";"Colisão traseira";"Com Vítimas Feridas";"Pleno dia";"Crescente";"Sol";"Dupla";"Reta";"Urbano";4;0;2;1;1;0;3;2
83445498;"07/03/16";"Segunda";"11:40:00";"MG";365;"571,5";"INDIANOPOLIS";"Defeito mecânico em veículo";"Capotamento";"Com Vítimas Feridas";"Pleno dia";"Decrescente";"Ceu Claro";"Simples";"Reta";"Rural";15;0;12;2;1;0;14;1
83445499;"07/03/16";"Segunda";"17:20:00";"PR";277;"33,4";"MORRETES";"Velocidade incompatível";"Tombamento";"Com Vítimas Feridas";"Pleno dia";"Decrescente";"Chuva";"Dupla";"Curva";"Rural";1;0;1;0;0;0;1;1
83445500;"04/03/16";"Sexta";"01:30:00";"CE";222;"82,4";"UMIRIM";"Velocidade incompatível";"Capotamento";"Com Vítimas Fatais";"Plena noite";"Crescente";"Nublado";"Simples";"Curva";"Rural";2;1;0;1;0;0;1;1
83445501;"05/03/16";"Sábado";"12:55:00";"MG";381;"597,3";"CARMOPOLIS DE MINAS";"Falta de atenção";"Colisão traseira";"Com Vítimas Feridas";"Pleno dia";"Crescente";"Nublado";"Dupla";"Curva";"Rural";4;0;4;0;0;0;4;2
83445502;"07/03/16";"Segunda";"10:30:00";"SC";282;"77,9";"RANCHO QUEIMADO";"Outras";"Tombamento";"Sem Vítimas";"Pleno dia";"Decrescente";"Ceu Claro";"Simples";"Reta";"Rural";1;0;0;0;1;0;0;1
83445503;"07/03/16";"Segunda";"15:30:00";"RS";290;"149,4";"ARROIO DOS RATOS";"Não guardar distância de segurança";"Colisão traseira";"Sem Vítimas";"Pleno dia";"Crescente";"Sol";"Simples";"Reta";"Rural";2;0;0;0;2;0;0;2
83445504;"07/03/16";"Segunda";"07:50:00";"MG";116;"498,3";"INHAPIM";"Falta de atenção";"Queda de motocicleta / bicicleta / veículo";"Com Vítimas Feridas";"Pleno dia";"Decrescente";"Sol";"Simples";"Curva";"Rural";2;0;0;2;0;0;2;1
83445505;"07/03/16";"Segunda";"14:50:00";"PB";101;"2";"MATARACA";"Não guardar distância de segurança";"Colisão traseira";"Com Vítimas Feridas";"Pleno dia";"Decrescente";"Ceu Claro";"Dupla";"Reta";"Rural";2;0;1;0;1;0;1;2
83445506;"07/03/16";"Segunda";"12:55:00";"MT";70;"5";"BARRA DO GARCAS";"Falta de atenção";"Colisão traseira";"Sem Vítimas";"Pleno dia";"Crescente";"Chuva";"Dupla";"Reta";"Urbano";2;0;0;0;2;0;0;2
83445507;"07/03/16";"Segunda";"16:30:00";"MT";163;"995";"TERRA NOVA DO NORTE";"Defeito na via";"Colisão traseira";"Com Vítimas Feridas";"Pleno dia";"Crescente";"Ceu Claro";"Simples";"Reta";"Rural";3;0;1;0;2;0;1;2
83445508;"07/03/16";"Segunda";"12:00:00";"SP";116;"227";"SAO PAULO";"Outras";"Colisão lateral";"Sem Vítimas";"Pleno dia";"Crescente";"Ceu Claro";"Múltipla";"Reta";"Urbano";2;0;0;0;2;0;0;2
83445509;"07/03/16";"Segunda";"15:15:00";"MG";50;"79,3";"UBERLANDIA";"Falta de atenção";"Colisão traseira";"Com Vítimas Feridas";"Pleno dia";"Crescente";"Ceu Claro";"Dupla";"Reta";"Urbano";3;0;0;1;2;0;1;2
83445510;"07/03/16";"Segunda";"13:30:00";"MG";381;"876,6";"ESTIVA";"Velocidade incompatível";"Capotamento";"Sem Vítimas";"Pleno dia";"Decrescente";"Chuva";"Dupla";"Curva";"Rural";1;0;0;0;1;0;0;1
83445511;"06/03/16";"Domingo";"17:50:00";"MG";365;"613";"UBERLANDIA";"Não guardar distância de segurança";"Colisão traseira";"Sem Vítimas";"Anoitecer";"Decrescente";"Chuva";"Dupla";"Reta";"Urbano";2;0;0;0;2;0;0;2
83445512;"07/03/16";"Segunda";"15:10:00";"PR";277;"71,4";"SAO JOSE DOS PINHAIS";"Ultrapassagem indevida";"Colisão frontal";"Com Vítimas Feridas";"Pleno dia";"Crescente";"Sol";"Dupla";"Reta";"Urbano";5;0;1;3;1;0;4;3
83445513;"07/03/16";"Segunda";"17:50:00";"RJ";101;"303";"SAO GONCALO";"Outras";"Colisão traseira";"Com Vítimas Feridas";"Pleno dia";"Decrescente";"Nublado";"Dupla";"Reta";"Urbano";2;0;1;0;0;1;1;2
83445514;"07/03/16";"Segunda";"10:00:00";"RS";290;"95";"PORTO ALEGRE";"Falta de atenção";"Colisão lateral";"Sem Vítimas";"Pleno dia";"Decrescente";"Ceu Claro";"Múltipla";"Reta";"Urbano";2;0;0;0;2;0;0;2
83445515;"07/03/16";"Segunda";"17:40:00";"RO";364;"237,5";"CACOAL";"Desobediência à sinalização";"Colisão Transversal";"Com Vítimas Feridas";"Pleno dia";"Crescente";"Ceu Claro";"Simples";"Reta";"Urbano";2;0;1;0;1;0;1;2
83445516;"07/03/16";"Segunda";"12:45:00";"MT";174;"574,5";"COMODORO";"Outras";"Saída de Pista";"Sem Vítimas";"Pleno dia";"Crescente";"Chuva";"Simples";"Reta";"Rural";1;0;0;0;1;0;0;1
83445517;"05/03/16";"Sábado";"03:30:00";"GO";60;"10,9";"APARECIDA DE GOIANIA";"Ingestão de álcool";"Capotamento";"Com Vítimas Feridas";"Plena noite";"Crescente";"Nublado";"Dupla";"Reta";"Urbano";3;0;0;3;0;0;3;1
83445518;"24/02/16";"Quarta";"20:30:00";"SP";116;"223";"GUARULHOS";"Velocidade incompatível";"Queda de motocicleta / bicicleta / veículo";"Sem Vítimas";"Plena noite";"Decrescente";"Chuva";"Múltipla";"Reta";"Urbano";1;0;0;0;1;0;0;1
83445519;"07/03/16";"Segunda";"15:00:00";"MG";40;"717,7";"BARBACENA";"Falta de atenção";"Capotamento";"Sem Vítimas";"Pleno dia";"Crescente";"Chuva";"Dupla";"Curva";"Rural";1;0;0;0;1;0;0;1
83445520;"07/03/16";"Segunda";"09:40:00";"TO";153;"700";"CARIRI DO TOCANTINS";"Defeito mecânico em veículo";"Tombamento";"Com Vítimas Feridas";"Pleno dia";"Crescente";"Ceu Claro";"Simples";"Reta";"Rural";1;0;1;0;0;0;1;1
83445521;"07/03/16";"Segunda";"13:30:00";"ES";101;"361";"ANCHIETA";"Defeito mecânico em veículo";"Tombamento";"Com Vítimas Feridas";"Pleno dia";"Crescente";"Ceu Claro";"Simples";"Curva";"Rural";1;0;1;0;0;0;1;1
83445522;"03/03/16";"Quinta";"22:55:00";"AL";104;"29,9";"UNIAO DOS PALMARES";"Defeito na via";"Capotamento";"Com Vítimas Feridas";"Plena noite";"Crescente";"Nublado";"Simples";"Reta";"Rural";4;0;2;0;2;0;2;1
83445523;"07/03/16";"Segunda";"18:00:00";"CE";116;"64,9";"CHOROZINHO";"Falta de atenção";"Colisão Transversal";"Com Vítimas Feridas";"Plena noite";"Crescente";"Ceu Claro";"Simples";"Curva";"Urbano";2;0;1;0;1;0;1;2
83445524;"03/03/16";"Quinta";"19:00:00";"PR";476;"283";"SAO MATEUS DO SUL";"Ingestão de álcool";"Capotamento";"Com Vítimas Feridas";"Plena noite";"Crescente";"Nublado";"Simples";"Reta";"Rural";1;0;1;0;0;0;1;1
83445525;"07/03/16";"Segunda";"01:15:00";"ES";262;"4,9";"CARIACICA";"Ingestão de álcool";"Capotamento";"Com Vítimas Fatais";"Plena noite";"Decrescente";"Ceu Claro";"Dupla";"Reta";"Urbano";3;1;0;2;0;0;2;1
83445526;"03/03/16";"Quinta";"18:30:00";"ES";101;"72,4";"SAO MATEUS";"Outras";"Colisão com objeto fixo";"Com Vítimas Feridas";"Plena noite";"Crescente";"Ceu Claro";"Simples";"Reta";"Rural";1;0;1;0;0;0;1;1
83445527;"07/03/16";"Segunda";"15:00:00";"GO";60;"192";"GUAPO";"Velocidade incompatível";"Saída de Pista";"Com Vítimas Feridas";"Pleno dia";"Crescente";"Chuva";"Dupla";"Curva";"Rural";1;0;1;0;0;0;1;1
83445528;"07/03/16";"Segunda";"19:20:00";"SC";116;"178,9";"SAO CRISTOVAO DO SUL";"Desobediência à sinalização";"Colisão Transversal";"Com Vítimas Feridas";"Plena noite";"Decrescente";"Ceu Claro";"Simples";"Reta";"Urbano";2;0;1;1;0;0;2;2
83445529;"07/03/16";"Segunda";"15:30:00";"MT";163;"94";"RONDONOPOLIS";"Outras";"Queda de motocicleta / bicicleta / veículo";"Ignorado";"Pleno dia";"Crescente";"Nublado";"Dupla";"Reta";"Rural";2;0;0;0;0;2;0;1
83445530;"07/03/16";"Segunda";"18:00:00";"SP";116;"538,1";"BARRA DO TURVO";"Velocidade incompatível";"Colisão com objeto fixo";"Sem Vítimas";"Anoitecer";"Crescente";"Chuva";"Dupla";"Curva";"Rural";1;0;0;0;1;0;0;1
83445531;"07/03/16";"Segunda";"12:30:00";"DF";251;"12,9";"BRASILIA";"Outras";"Capotamento";"Com Vítimas Fatais";"Pleno dia";"Crescente";"Chuva";"Simples";"Reta";"Rural";2;1;1;0;0;0;1;1
83445532;"07/03/16";"Segunda";"19:15:00";"GO";153;"538";"HIDROLANDIA";"Falta de atenção";"Colisão traseira";"Sem Vítimas";"Plena noite";"Crescente";"Chuva";"Dupla";"Reta";"Rural";2;0;0;0;2;0;0;2
83445533;"07/03/16";"Segunda";"18:00:00";"SP";116;"545,2";"BARRA DO TURVO";"Velocidade incompatível";"Tombamento";"Sem Vítimas";"Anoitecer";"Crescente";"Chuva";"Simples";"Curva";"Rural";1;0;0;0;1;0;0;1
83445534;"07/03/16";"Segunda";"19:00:00";"GO";50;"280,6";"CATALAO";"Falta de atenção";"Colisão Transversal";"Com Vítimas Feridas";"Plena noite";"Decrescente";"Ceu Claro";"Simples";"Cruzamento";"Urbano";2;0;1;0;1;0;1;2
83445535;"05/03/16";"Sábado";"17:10:00";"GO";153;"241";"SAO LUIZ DO NORTE";"Defeito na via";"Colisão Transversal";"Com Vítimas Feridas";"Anoitecer";"Crescente";"Ceu Claro";"Simples";"Reta";"Rural";3;0;1;0;1;1;1;2
83445536;"07/01/16";"Quinta";"08:40:00";"PR";376;"655,9";"TIJUCAS DO SUL";"Velocidade incompatível";"Colisão traseira";"Com Vítimas Feridas";"Pleno dia";"Decrescente";"Ceu Claro";"Dupla";"Curva";"Urbano";4;0;1;0;3;0;1;2
83445537;"07/03/16";"Segunda";"17:50:00";"RS";290;"107";"ELDORADO DO SUL";"Outras";"Colisão lateral";"Com Vítimas Feridas";"Pleno dia";"Crescente";"Ceu Claro";"Dupla";"Reta";"Urbano";2;0;0;1;1;0;1;2
83445538;"07/03/16";"Segunda";"14:00:00";"ES";262;"50";"MARECHAL FLORIANO";"Defeito mecânico em veículo";"Colisão com objeto fixo";"Sem Vítimas";"Pleno dia";"Decrescente";"Nublado";"Simples";"Reta";"Rural";1;0;0;0;1;0;0;1
83445539;"07/03/16";"Segunda";"14:40:00";"PR";376;"599";"CURITIBA";"Outras";"Queda de motocicleta / bicicleta / veículo";"Com Vítimas Feridas";"Pleno dia";"Crescente";"Ceu Claro";"Dupla";"Reta";"Urbano";1;0;1;0;0;0;1;1
83445540;"07/03/16";"Segunda";"19:35:00";"PE";101;"77,3";"RECIFE";"Falta de atenção";"Colisão Transversal";"Com Vítimas Feridas";"Plena noite";"Crescente";"Ceu Claro";"Dupla";"Reta";"Urbano";2;0;0;1;1;0;1;2
83445541;"07/03/16";"Segunda";"18:15:00";"DF";20;"8";"BRASILIA";"Falta de atenção";"Colisão traseira";"Sem Vítimas";"Anoitecer";"Crescente";"Ceu Claro";"Simples";"Reta";"Urbano";3;0;0;0;3;0;0;3
83445542;"06/03/16";"Domingo";"21:40:00";"MG";50;"72";"UBERLANDIA";"Não guardar distância de segurança";"Colisão traseira";"Sem Vítimas";"Plena noite";"Crescente";"Ceu Claro";"Múltipla";"Reta";"Urbano";2;0;0;0;2;0;0;2
83445543;"07/03/16";"Segunda";"18:00:00";"SP";116;"560,2";"BARRA DO TURVO";"Velocidade incompatível";"Saída de Pista";"Com Vítimas Feridas";"Anoitecer";"Crescente";"Chuva";"Dupla";"Curva";"Rural";1;0;0;1;0;0;1;1
83445544;"07/03/16";"Segunda";"17:15:00";"RS";290;"91";"PORTO ALEGRE";"Falta de atenção";"Colisão Transversal";"Com Vítimas Feridas";"Pleno dia";"Decrescente";"Ceu Claro";"Dupla";"Reta";"Urbano";3;0;2;0;1;0;2;2
83445545;"07/03/16";"Segunda";"18:15:00";"MG";50;"146,3";"UBERABA";"Velocidade incompatível";"Capotamento";"Com Vítimas Feridas";"Anoitecer";"Crescente";"Chuva";"Dupla";"Reta";"Rural";2;0;2;0;0;0;2;1
83445546;"04/03/16";"Sexta";"03:50:00";"GO";60;"2,2";"GOIANIA";"Outras";"Tombamento";"Sem Vítimas";"Plena noite";"Crescente";"Ceu Claro";"Dupla";"Reta";"Urbano";1;0;0;0;1;0;0;1
83445547;"05/03/16";"Sábado";"18:30:00";"PA";316;"33";"SANTA ISABEL DO PARA";"Falta de atenção";"Colisão lateral";"Com Vítimas Feridas";"Plena noite";"Decrescente";"Nublado";"Dupla";"Reta";"Urbano";2;0;1;0;1;0;1;2
83445548;"07/03/16";"Segunda";"19:37:00";"SC";101;"214,6";"PALHOCA";"Não guardar distância de segurança";"Colisão traseira";"Sem Vítimas";"Plena noite";"Crescente";"Nublado";"Múltipla";"Reta";"Urbano";2;0;0;0;2;0;0;2
83445549;"10/01/16";"Domingo";"12:40:00";"PR";476;"272,3";"SAO MATEUS DO SUL";"Outras";"Colisão frontal";"Com Vítimas Fatais";"Pleno dia";"Crescente";"Chuva";"Simples";"Reta";"Urbano";3;1;0;0;2;0;0;2
83445550;"07/03/16";"Segunda";"18:00:00";"SC";163;"67,5";"SAO MIGUEL DOESTE";"Ingestão de álcool";"Colisão Transversal";"Sem Vítimas";"Pleno dia";"Crescente";"Sol";"Dupla";"Reta";"Urbano";2;0;0;0;2;0;0;2
83445551;"07/03/16";"Segunda";"13:20:00";"MG";116;"518,3";"UBAPORANGA";"Outras";"Saída de Pista";"Com Vítimas Feridas";"Pleno dia";"Crescente";"Sol";"Simples";"Curva";"Rural";1;0;0;1;0;0;1;1
83445552;"07/03/16";"Segunda";"14:00:00";"PR";369;"479";"CORBELIA";"Falta de atenção";"Colisão Transversal";"Com Vítimas Feridas";"Pleno dia";"Decrescente";"Ceu Claro";"Simples";"Reta";"Rural";2;0;1;0;1;0;1;2
83445553;"14/02/16";"Domingo";"17:10:00";"PR";158;"497";"CORONEL VIVIDA";"Falta de atenção";"Capotamento";"Sem Vítimas";"Pleno dia";"Decrescente";"Nublado";"Simples";"Reta";"Rural";7;0;0;0;6;1;0;3
83445554;"03/03/16";"Quinta";"10:30:00";"PR";277;"344";"GUARAPUAVA";"Defeito mecânico em veículo";"Tombamento";"Com Vítimas Feridas";"Pleno dia";"Crescente";"Nublado";"Simples";"Curva";"Urbano";1;0;1;0;0;0;1;1
83445555;"03/03/16";"Quinta";"00:20:00";"SP";116;"282";"EMBU";"Ingestão de álcool";"Saída de Pista";"Sem Vítimas";"Plena noite";"Crescente";"Nublado";"Dupla";"Reta";"Urbano";1;0;0;0;1;0;0;1
83445556;"05/03/16";"Sábado";"06:45:00";"RO";364;"341";"JI-PARANA";"Falta de atenção";"Colisão lateral";"Com Vítimas Feridas";"Pleno dia";"Crescente";"Sol";"Dupla";"Reta";"Urbano";2;0;1;0;1;0;1;2
83445557;"07/03/16";"Segunda";"08:10:00";"MA";10;"208";"RIBAMAR FIQUENE";"Outras";"Tombamento";"Sem Vítimas";"Pleno dia";"Decrescente";"Chuva";"Simples";"Reta";"Rural";1;0;0;0;1;0;0;1
83445558;"15/01/16";"Sexta";"21:00:00";"PE";423;"67";"JUPI";"Falta de atenção";"Colisão lateral";"Com Vítimas Feridas";"Plena noite";"Crescente";"Ceu Claro";"Simples";"Reta";"Urbano";2;0;0;1;1;0;1;2
83445559;"07/03/16";"Segunda";"21:30:00";"PR";376;"176,8";"MARINGA";"Não guardar distância de segurança";"Colisão traseira";"Com Vítimas Feridas";"Plena noite";"Crescente";"Ceu Claro";"Dupla";"Cruzamento";"Urbano";3;0;1;0;2;0;1;3
83445560;"07/03/16";"Segunda";"19:00:00";"MT";163;"788,8";"VERA";"Não guardar distância de segurança";"Saída de Pista";"Com Vítimas Feridas";"Plena noite";"Decrescente";"Nublado";"Simples";"Reta";"Rural";3;0;2;0;1;0;2;1
83445561;"07/03/16";"Segunda";"19:30:00";"SP";116;"178,8";"GUARAREMA";"Defeito mecânico em veículo";"Incêndio";"Sem Vítimas";"Plena noite";"Decrescente";"Chuva";"Dupla";"Reta";"Rural";1;0;0;0;1;0;0;1
83445562;"07/03/16";"Segunda";"10:30:00";"MG";251;"505";"FRANCISCO SA";"Não guardar distância de segurança";"Colisão traseira";"Com Vítimas Feridas";"Pleno dia";"Crescente";"Ceu Claro";"Simples";"Reta";"Rural";2;0;1;0;1;0;1;2
83445564;"07/03/16";"Segunda";"20:35:00";"PR";376;"91,1";"PARANAVAI";"Ingestão de álcool";"Capotamento";"Sem Vítimas";"Plena noite";"Crescente";"Ceu Claro";"Simples";"Reta";"Rural";1;0;0;0;1;0;0;1
83445565;"07/03/16";"Segunda";"07:00:00";"PI";135;"573";"CORRENTE";"Defeito na via";"Tombamento";"Sem Vítimas";"Pleno dia";"Decrescente";"Ceu Claro";"Simples";"Curva";"Rural";1;0;0;0;1;0;0;1
83445566;"07/03/16";"Segunda";"18:54:00";"MS";60;"376,7";"CAMPO GRANDE";"Falta de atenção";"Colisão lateral";"Com Vítimas Fatais";"Plena noite";"Crescente";"Nublado";"Simples";"Curva";"Rural";4;1;0;1;2;0;1;2
83445567;"08/03/16";"Terça";"00:30:00";"RJ";101;"399";"ITAGUAI";"Outras";"Colisão com objeto fixo";"Com Vítimas Feridas";"Plena noite";"Crescente";"Ceu Claro";"Dupla";"Reta";"Urbano";2;0;1;0;1;0;1;1
83445568;"07/03/16";"Segunda";"08:20:00";"MS";262;"356,3";"CAMPO GRANDE";"Falta de atenção";"Colisão Transversal";"Com Vítimas Feridas";"Pleno dia";"Crescente";"Sol";"Simples";"Reta";"Urbano";3;0;2;0;1;0;2;2
83445569;"08/03/16";"Terça";"00:30:00";"MG";381;"495,5";"BETIM";"Outras";"Capotamento";"Sem Vítimas";"Plena noite";"Crescente";"Nublado";"Dupla";"Reta";"Urbano";1;0;0;0;1;0;0;1
83445571;"07/03/16";"Segunda";"22:00:00";"PR";153;"208,7";"TIBAGI";"Falta de atenção";"Colisão traseira";"Com Vítimas Feridas";"Plena noite";"Decrescente";"Ceu Claro";"Simples";"Reta";"Rural";4;0;1;1;1;1;2;3
83445572;"07/03/16";"Segunda";"10:30:00";"SP";381;"12,5";"BRAGANCA PAULISTA";"Não guardar distância de segurança";"Colisão traseira";"Sem Vítimas";"Pleno dia";"Crescente";"Sol";"Dupla";"Reta";"Rural";2;0;0;0;2;0;0;2
83445573;"07/03/16";"Segunda";"23:10:00";"MG";40;"744";"SANTOS DUMONT";"Falta de atenção";"Colisão com objeto fixo";"Com Vítimas Feridas";"Plena noite";"Decrescente";"Chuva";"Simples";"Curva";"Rural";1;0;1;0;0;0;1;1
83445574;"07/03/16";"Segunda";"21:10:00";"SC";101;"353";"JAGUARUNA";"Outras";"Tombamento";"Com Vítimas Feridas";"Plena noite";"Crescente";"Nublado";"Dupla";"Reta";"Urbano";1;0;1;0;0;0;1;1
83445575;"07/03/16";"Segunda";"22:25:00";"RS";290;"32";"SANTO ANTONIO DA PATRULHA";"Falta de atenção";"Saída de Pista";"Com Vítimas Feridas";"Plena noite";"Crescente";"Ceu Claro";"Dupla";"Reta";"Rural";1;0;1;0;0;0;1;1
83445576;"07/03/16";"Segunda";"10:00:00";"RN";405;"161,4";"RODOLFO FERNANDES";"Ultrapassagem indevida";"Colisão frontal";"Com Vítimas Feridas";"Pleno dia";"Crescente";"Sol";"Simples";"Reta";"Rural";2;0;0;1;1;0;1;2
83445577;"07/03/16";"Segunda";"14:20:00";"GO";60;"94,7";"ANAPOLIS";"Defeito mecânico em veículo";"Saída de Pista";"Sem Vítimas";"Pleno dia";"Crescente";"Chuva";"Dupla";"Reta";"Urbano";1;0;0;0;1;0;0;1
83445578;"07/03/16";"Segunda";"14:00:00";"BA";116;"271";"TUCANO";"Falta de atenção";"Saída de Pista";"Com Vítimas Fatais";"Pleno dia";"Crescente";"Ceu Claro";"Simples";"Reta";"Rural";4;1;2;1;0;0;3;1
83445579;"08/03/16";"Terça";"01:30:00";"PI";316;"1,3";"TERESINA";"Desobediência à sinalização";"Colisão Transversal";"Sem Vítimas";"Plena noite";"Decrescente";"Chuva";"Dupla";"Cruzamento";"Urbano";2;0;0;0;2;0;0;2
83445581;"07/03/16";"Segunda";"16:50:00";"BA";116;"460,5";"SANTO ESTEVAO";"Velocidade incompatível";"Colisão traseira";"Com Vítimas Fatais";"Pleno dia";"Crescente";"Sol";"Simples";"Reta";"Urbano";3;1;0;1;1;0;1;2
83445582;"08/03/16";"Terça";"02:00:00";"RN";101;"128";"SAO JOSE DE MIPIBU";"Ingestão de álcool";"Saída de Pista";"Com Vítimas Feridas";"Plena noite";"Crescente";"Ceu Claro";"Dupla";"Reta";"Urbano";1;0;1;0;0;0;1;1
83445583;"07/03/16";"Segunda";"13:30:00";"ES";101;"144";"LINHARES";"Velocidade incompatível";"Colisão frontal";"Com Vítimas Feridas";"Pleno dia";"Decrescente";"Ceu Claro";"Dupla";"Reta";"Urbano";2;0;1;0;1;0;1;2
83445584;"07/03/16";"Segunda";"15:15:00";"MG";267;"155";"LIMA DUARTE";"Velocidade incompatível";"Colisão lateral";"Com Vítimas Feridas";"Pleno dia";"Crescente";"Chuva";"Simples";"Curva";"Rural";2;0;1;0;1;0;1;2