"id";"data_inversa";"dia_semana";"horario";"uf";"br";"km";"municipio";"causa_acidente";"tipo_acidente";"classificacao_acidente";"fase_dia";"sentido_via";"condicao_metereologica";"tipo_pista";"tracado_via";"uso_solo";"pessoas";"mortos";"feridos_leves";"feridos_graves";"ilesos";"ignorados";"feridos";"veiculos"
83445585;"05/03/16";"Sábado";"21:00:00";"SC";470;"6";"NAVEGANTES";"Ingestão de álcool";"Colisão com objeto fixo";"Com Vítimas Feridas";"Plena noite";"Decrescente";"Nublado";"Simples";"Cruzamento";"Urbano";1;0;1;0;0;0;1;1
83445586;"07/03/16";"Segunda";"15:10:00";"PR";376;"526,4";"PONTA GROSSA";"Outras";"Saída de Pista";"Sem Vítimas";"Pleno dia";"Crescente";"Ceu Claro";"Dupla";"Reta";"Rural";1;0;0;0;1;0;0;1
83445587;"07/03/16";"Segunda";"20:00:00";"MG";381;"531";"ITATIAIUCU";"Velocidade incompatível";"Capotamento";"Com Vítimas Fatais";"Plena noite";"Decrescente";"Chuva";"Dupla";"Curva";"Rural";2;1;0;0;1;0;0;1
83445588;"07/03/16";"Segunda";"07:20:00";"TO";153;"198";"ARAGUAINA";"Outras";"Saída de Pista";"Sem Vítimas";"Amanhecer";"Decrescente";"Chuva";"Simples";"Reta";"Rural";1;0;0;0;1;0;0;1
83445589;"08/03/16";"Terça";"04:30:00";"MG";381;"653,1";"SANTO ANTONIO DO AMPARO";"Outras";"Saída de Pista";"Com Vítimas Feridas";"Plena noite";"Decrescente";"Nublado";"Dupla";"Curva";"Rural";2;0;1;0;1;0;1;1
83445590;"07/03/16";"Segunda";"19:30:00";"RS";290;"83";"CACHOEIRINHA";"Falta de atenção";"Colisão traseira";"Com Vítimas Feridas";"Plena noite";"Crescente";"Ceu Claro";"Dupla";"Reta";"Rural";3;0;1;0;2;0;1;2
83445591;"07/03/16";"Segunda";"11:00:00";"RS";285;"417,2";"PANAMBI";"Ingestão de álcool";"Colisão Transversal";"Sem Vítimas";"Pleno dia";"Decrescente";"Sol";"Simples";"Reta";"Rural";4;0;0;0;4;0;0;2
83445592;"07/03/16";"Segunda";"09:44:00";"RS";116;"380,5";"CAMAQUA";"Defeito na via";"Saída de Pista";"Sem Vítimas";"Pleno dia";"Crescente";"Ceu Claro";"Simples";"Reta";"Rural";1;0;0;0;1;0;0;1
83445593;"07/03/16";"Segunda";"18:00:00";"PE";316;"290";"FLORESTA";"Animais na Pista";"Atropelamento de animal";"Sem Vítimas";"Plena noite";"Decrescente";"Ceu Claro";"Simples";"Reta";"Rural";1;0;0;0;1;0;0;1
83445594;"05/03/16";"Sábado";"23:45:00";"RJ";116;"172";"BELFORD ROXO";"Ingestão de álcool";"Colisão com objeto fixo";"Sem Vítimas";"Plena noite";"Decrescente";"Ceu Claro";"Múltipla";"Reta";"Urbano";1;0;0;0;1;0;0;1
83445595;"07/03/16";"Segunda";"19:20:00";"SP";116;"155";"SAO JOSE DOS CAMPOS";"Não guardar distância de segurança";"Colisão traseira";"Com Vítimas Feridas";"Plena noite";"Crescente";"Chuva";"Dupla";"Reta";"Urbano";4;0;1;0;3;0;1;4
83445596;"07/03/16";"Segunda";"21:10:00";"MG";381;"833";"SAO SEBASTIAO DA BELA VISTA";"Velocidade incompatível";"Capotamento";"Com Vítimas Feridas";"Plena noite";"Decrescente";"Chuva";"Simples";"Reta";"Rural";1;0;1;0;0;0;1;1
83445597;"08/03/16";"Terça";"05:33:00";"SC";101;"117,3";"ITAJAI";"Falta de atenção";"Colisão traseira";"Com Vítimas Feridas";"Amanhecer";"Crescente";"Nublado";"Simples";"Reta";"Urbano";3;0;1;0;2;0;1;3
83445598;"08/03/16";"Terça";"05:50:00";"SC";101;"102,5";"PICARRAS";"Ingestão de álcool";"Colisão com objeto fixo";"Sem Vítimas";"Amanhecer";"Crescente";"Ceu Claro";"Simples";"Curva";"Rural";2;0;0;0;2;0;0;1
83445599;"04/03/16";"Sexta";"12:20:00";"PR";369;"169";"ROLANDIA";"Desobediência à sinalização";"Colisão Transversal";"Com Vítimas Feridas";"Pleno dia";"Decrescente";"Sol";"Simples";"Reta";"Rural";2;0;1;0;1;0;1;2
83445600;"04/03/16";"Sexta";"11:10:00";"BA";324;"572";"SAO SEBASTIAO DO PASSE";"Defeito na via";"Saída de Pista";"Sem Vítimas";"Pleno dia";"Decrescente";"Ceu Claro";"Dupla";"Reta";"Rural";1;0;0;0;1;0;0;1
83445602;"08/03/16";"Terça";"01:00:00";"MG";50;"41";"ARAGUARI";"Outras";"Saída de Pista";"Com Vítimas Feridas";"Plena noite";"Decrescente";"Chuva";"Dupla";"Reta";"Urbano";1;0;1;0;0;0;1;1
83445603;"04/03/16";"Sexta";"22:30:00";"SC";280;"67";"JARAGUA DO SUL";"Falta de atenção";"Colisão frontal";"Com Vítimas Feridas";"Plena noite";"Crescente";"Chuva";"Simples";"Reta";"Urbano";2;0;0;1;1;0;1;2
83445604;"29/02/16";"Segunda";"07:40:00";"SC";101;"212,2";"PALHOCA";"Ultrapassagem indevida";"Tombamento";"Com Vítimas Feridas";"Pleno dia";"Decrescente";"Ceu Claro";"Múltipla";"Reta";"Urbano";2;0;1;0;1;0;1;2
83445605;"17/01/16";"Domingo";"17:00:00";"MG";153;"89";"PRATA";"Velocidade incompatível";"Saída de Pista";"Com Vítimas Feridas";"Pleno dia";"Decrescente";"Chuva";"Simples";"Reta";"Rural";1;0;1;0;0;0;1;1
83445607;"07/03/16";"Segunda";"18:30:00";"MG";365;"747,5";"ITUIUTABA";"Velocidade incompatível";"Saída de Pista";"Sem Vítimas";"Anoitecer";"Crescente";"Chuva";"Simples";"Curva";"Rural";1;0;0;0;1;0;0;1
83445608;"07/03/16";"Segunda";"18:20:00";"MG";381;"292";"ANTONIO DIAS";"Falta de atenção";"Colisão traseira";"Com Vítimas Feridas";"Plena noite";"Decrescente";"Ceu Claro";"Simples";"Curva";"Rural";3;0;2;0;1;0;2;2
83445609;"08/03/16";"Terça";"07:30:00";"PR";277;"442,9";"LARANJEIRAS DO SUL";"Ultrapassagem indevida";"Colisão Transversal";"Com Vítimas Feridas";"Amanhecer";"Decrescente";"Ceu Claro";"Simples";"Reta";"Rural";5;0;4;1;0;0;5;2
83445610;"08/03/16";"Terça";"06:15:00";"PR";369;"25";"CAMBARA";"Outras";"Atropelamento de pessoa";"Com Vítimas Feridas";"Amanhecer";"Decrescente";"Ceu Claro";"Simples";"Reta";"Rural";2;0;1;0;1;0;1;1
83445611;"08/03/16";"Terça";"08:00:00";"RJ";101;"321";"NITEROI";"Falta de atenção";"Colisão lateral";"Com Vítimas Feridas";"Pleno dia";"Crescente";"Ceu Claro";"Simples";"Curva";"Urbano";2;0;1;0;1;0;1;2
83445612;"20/02/16";"Sábado";"22:45:00";"PR";277;"632,5";"SANTA TEREZA DO OESTE";"Velocidade incompatível";"Saída de Pista";"Ignorado";"Plena noite";"Crescente";"Ceu Claro";"Simples";"Reta";"Rural";1;0;0;0;0;1;0;1
83445614;"08/03/16";"Terça";"06:20:00";"SC";116;"223,1";"CORREIA PINTO";"Velocidade incompatível";"Colisão frontal";"Com Vítimas Feridas";"Pleno dia";"Crescente";"Ceu Claro";"Simples";"Curva";"Urbano";9;0;8;1;0;0;9;2
83445615;"04/03/16";"Sexta";"09:00:00";"PE";101;"51,6";"PAULISTA";"Velocidade incompatível";"Tombamento";"Com Vítimas Feridas";"Amanhecer";"Decrescente";"Ceu Claro";"Simples";"Curva";"Urbano";1;0;1;0;0;0;1;1
83445617;"04/03/16";"Sexta";"17:10:00";"BA";324;"548";"AMELIA RODRIGUES";"Outras";"Colisão com objeto fixo";"Sem Vítimas";"Anoitecer";"Crescente";"Nublado";"Dupla";"Reta";"Rural";1;0;0;0;1;0;0;1
83445618;"04/03/16";"Sexta";"06:45:00";"PR";153;"316";"IMBITUVA";"Outras";"Colisão traseira";"Com Vítimas Feridas";"Pleno dia";"Decrescente";"Ceu Claro";"Simples";"Reta";"Rural";5;0;2;0;3;0;2;3
83445619;"16/01/16";"Sábado";"15:10:00";"BA";101;"20";"RIO REAL";"Falta de atenção";"Saída de Pista";"Com Vítimas Feridas";"Pleno dia";"Decrescente";"Ceu Claro";"Simples";"Reta";"Rural";1;0;1;0;0;0;1;1
83445620;"05/03/16";"Sábado";"04:40:00";"MG";116;"473,2";"CARATINGA";"Dormindo";"Saída de Pista";"Sem Vítimas";"Amanhecer";"Decrescente";"Chuva";"Simples";"Reta";"Rural";1;0;0;0;1;0;0;1
83445621;"01/03/16";"Terça";"08:50:00";"SC";280;"135";"RIO NEGRINHO";"Falta de atenção";"Queda de motocicleta / bicicleta / veículo";"Com Vítimas Feridas";"Pleno dia";"Crescente";"Ceu Claro";"Simples";"Reta";"Rural";1;0;1;0;0;0;1;1
83445622;"21/02/16";"Domingo";"01:20:00";"BA";101;"579";"CAMACAN";"Outras";"Colisão lateral";"Com Vítimas Feridas";"Plena noite";"Crescente";"Ignorada";"Simples";"Curva";"Rural";3;0;0;3;0;0;3;2
83445623;"29/02/16";"Segunda";"14:10:00";"RJ";116;"228";"PIRAI";"Outras";"Colisão com objeto fixo";"Com Vítimas Feridas";"Pleno dia";"Crescente";"Chuva";"Dupla";"Curva";"Rural";2;0;1;0;1;0;1;2
83445624;"05/03/16";"Sábado";"07:10:00";"PR";277;"633";"CEU AZUL";"Falta de atenção";"Colisão Transversal";"Sem Vítimas";"Amanhecer";"Crescente";"Nevoeiro/neblina";"Simples";"Reta";"Rural";4;0;0;0;4;0;0;2
83445625;"01/03/16";"Terça";"05:00:00";"RJ";101;"266";"NITEROI";"Outras";"Saída de Pista";"Sem Vítimas";"Amanhecer";"Decrescente";"Ceu Claro";"Dupla";"Curva";"Urbano";1;0;0;0;1;0;0;1
83445626;"29/02/16";"Segunda";"15:20:00";"SC";101;"213,6";"PALHOCA";"Outras";"Colisão traseira";"Com Vítimas Feridas";"Pleno dia";"Crescente";"Ceu Claro";"Múltipla";"Reta";"Urbano";2;0;1;0;0;1;1;2
83445627;"08/03/16";"Terça";"06:40:00";"PR";376;"441,3";"TIBAGI";"Velocidade incompatível";"Tombamento";"Sem Vítimas";"Pleno dia";"Crescente";"Ceu Claro";"Simples";"Curva";"Rural";1;0;0;0;1;0;0;1
83445628;"05/03/16";"Sábado";"06:45:00";"SC";101;"153";"PORTO BELO";"Dormindo";"Saída de Pista";"Sem Vítimas";"Amanhecer";"Crescente";"Ceu Claro";"Dupla";"Reta";"Urbano";1;0;0;0;1;0;0;1
83445629;"04/01/16";"Segunda";"07:10:00";"MG";381;"326";"NOVA ERA";"Velocidade incompatível";"Capotamento";"Sem Vítimas";"Pleno dia";"Crescente";"Chuva";"Simples";"Curva";"Rural";1;0;0;0;1;0;0;1
83445630;"04/03/16";"Sexta";"18:50:00";"GO";251;"5";"CRISTALINA";"Falta de atenção";"Colisão Transversal";"Com Vítimas Feridas";"Plena noite";"Decrescente";"Chuva";"Simples";"Reta";"Rural";3;0;2;0;1;0;2;2
83445631;"04/03/16";"Sexta";"16:30:00";"MG";40;"566";"NOVA LIMA";"Não guardar distância de segurança";"Colisão traseira";"Com Vítimas Feridas";"Pleno dia";"Decrescente";"Chuva";"Simples";"Reta";"Rural";4;0;2;0;2;0;2;3
83445632;"04/03/16";"Sexta";"20:05:00";"PR";369;"138,7";"IBIPORA";"Não guardar distância de segurança";"Colisão traseira";"Com Vítimas Feridas";"Plena noite";"Decrescente";"Ceu Claro";"Dupla";"Curva";"Urbano";3;0;2;0;1;0;2;2
83445633;"04/03/16";"Sexta";"16:30:00";"MG";40;"512";"RIBEIRAO DAS NEVES";"Não guardar distância de segurança";"Colisão traseira";"Com Vítimas Feridas";"Pleno dia";"Decrescente";"Chuva";"Dupla";"Reta";"Urbano";3;0;1;0;2;0;1;3
83445634;"05/03/16";"Sábado";"02:30:00";"RJ";101;"101";"CAMPOS DOS GOYTACAZES";"Falta de atenção";"Colisão traseira";"Com Vítimas Feridas";"Plena noite";"Decrescente";"Nublado";"Simples";"Reta";"Rural";2;0;0;1;1;0;1;2
83445635;"08/01/16";"Sexta";"18:50:00";"GO";414;"361,5";"COCALZINHO DE GOIAS";"Outras";"Saída de Pista";"Sem Vítimas";"Pleno dia";"Crescente";"Chuva";"Simples";"Curva";"Rural";1;0;0;0;1;0;0;1
83445636;"08/01/16";"Sexta";"08:10:00";"GO";60;"96";"ANAPOLIS";"Falta de atenção";"Colisão traseira";"Com Vítimas Feridas";"Pleno dia";"Crescente";"Sol";"Dupla";"Reta";"Urbano";2;0;1;0;1;0;1;2
83445637;"08/03/16";"Terça";"06:20:00";"PR";277;"723";"FOZ DO IGUACU";"Desobediência à sinalização";"Colisão Transversal";"Com Vítimas Feridas";"Amanhecer";"Crescente";"Ceu Claro";"Dupla";"Reta";"Urbano";3;0;1;0;1;1;1;2
83445638;"04/03/16";"Sexta";"19:00:00";"MG";381;"285,9";"JAGUARACU";"Outras";"Saída de Pista";"Com Vítimas Feridas";"Plena noite";"Decrescente";"Nublado";"Simples";"Curva";"Rural";1;0;0;1;0;0;1;1
83445639;"05/03/16";"Sábado";"07:20:00";"GO";80;"42,5";"PADRE BERNARDO";"Outras";"Colisão frontal";"Com Vítimas Feridas";"Pleno dia";"Crescente";"Ceu Claro";"Simples";"Curva";"Rural";4;0;2;2;0;0;4;2
83445640;"13/01/16";"Quarta";"07:45:00";"GO";60;"95,1";"ANAPOLIS";"Falta de atenção";"Colisão traseira";"Sem Vítimas";"Pleno dia";"Crescente";"Nublado";"Dupla";"Reta";"Urbano";2;0;0;0;1;1;0;2
83445641;"06/03/16";"Domingo";"17:30:00";"PI";135;"274";"ALVORADA DO GURGUEIA";"Ultrapassagem indevida";"Tombamento";"Com Vítimas Feridas";"Pleno dia";"Crescente";"Ceu Claro";"Simples";"Reta";"Rural";1;0;1;0;0;0;1;1
83445642;"04/03/16";"Sexta";"19:00:00";"PR";467;"113";"CASCAVEL";"Falta de atenção";"Colisão com bicicleta";"Com Vítimas Feridas";"Anoitecer";"Decrescente";"Ceu Claro";"Dupla";"Reta";"Urbano";2;0;0;1;1;0;1;2
83445643;"05/03/16";"Sábado";"15:00:00";"SP";116;"167";"JACAREI";"Outras";"Colisão traseira";"Sem Vítimas";"Pleno dia";"Decrescente";"Chuva";"Dupla";"Reta";"Rural";2;0;0;0;2;0;0;2
83445644;"07/03/16";"Segunda";"05:08:00";"RO";364;"665";"CANDEIAS DO JAMARI";"Outras";"Saída de Pista";"Sem Vítimas";"Amanhecer";"Crescente";"Ceu Claro";"Simples";"Reta";"Rural";2;0;0;0;2;0;0;1
83445646;"04/03/16";"Sexta";"21:40:00";"MG";381;"311";"ANTONIO DIAS";"Outras";"Tombamento";"Sem Vítimas";"Plena noite";"Decrescente";"Chuva";"Múltipla";"Curva";"Rural";1;0;0;0;1;0;0;1
83445647;"08/03/16";"Terça";"09:40:00";"PR";476;"131";"CURITIBA";"Não guardar distância de segurança";"Colisão lateral";"Com Vítimas Feridas";"Plena noite";"Crescente";"Chuva";"Múltipla";"Curva";"Urbano";2;0;1;0;1;0;1;2
83445648;"08/03/16";"Terça";"08:00:00";"RJ";101;"293";"ITABORAI";"Não guardar distância de segurança";"Colisão traseira";"Com Vítimas Feridas";"Pleno dia";"Crescente";"Sol";"Dupla";"Reta";"Rural";3;0;1;0;2;0;1;2
83445649;"05/03/16";"Sábado";"01:05:00";"MG";40;"583";"ITABIRITO";"Velocidade incompatível";"Colisão com objeto fixo";"Sem Vítimas";"Plena noite";"Decrescente";"Chuva";"Simples";"Curva";"Rural";2;0;0;0;1;1;0;2
83445650;"08/03/16";"Terça";"07:30:00";"RS";285;"271,5";"MATO CASTELHANO";"Falta de atenção";"Colisão lateral";"Sem Vítimas";"Pleno dia";"Crescente";"Ceu Claro";"Simples";"Reta";"Urbano";2;0;0;0;2;0;0;2
83445651;"08/03/16";"Terça";"09:30:00";"MG";50;"41";"ARAGUARI";"Velocidade incompatível";"Colisão lateral";"Sem Vítimas";"Pleno dia";"Decrescente";"Ceu Claro";"Dupla";"Reta";"Rural";2;0;0;0;2;0;0;2
83445652;"08/03/16";"Terça";"09:00:00";"PR";277;"531";"CAMPO BONITO";"Desobediência à sinalização";"Colisão lateral";"Com Vítimas Feridas";"Pleno dia";"Decrescente";"Ceu Claro";"Simples";"Reta";"Rural";5;0;1;0;4;0;1;2
83445653;"04/03/16";"Sexta";"20:10:00";"SC";101;"129";"BALNEARIO CAMBORIU";"Velocidade incompatível";"Saída de Pista";"Sem Vítimas";"Anoitecer";"Crescente";"Nublado";"Dupla";"Reta";"Urbano";1;0;0;0;1;0;0;1
83445654;"07/02/16";"Domingo";"11:30:00";"PR";376;"538";"PALMEIRA";"Não guardar distância de segurança";"Colisão traseira";"Sem Vítimas";"Pleno dia";"Crescente";"Sol";"Simples";"Reta";"Rural";2;0;0;0;1;1;0;2
83445655;"04/03/16";"Sexta";"21:30:00";"GO";80;"17";"PADRE BERNARDO";"Outras";"Capotamento";"Sem Vítimas";"Plena noite";"Decrescente";"Nublado";"Simples";"Reta";"Rural";1;0;0;0;1;0;0;1
83445656;"05/03/16";"Sábado";"15:00:00";"SP";116;"165";"JACAREI";"Outras";"Colisão com objeto fixo";"Sem Vítimas";"Pleno dia";"Crescente";"Chuva";"Dupla";"Reta";"Rural";1;0;0;0;1;0;0;1
83445657;"08/03/16";"Terça";"08:40:00";"SC";163;"76,5";"SAO MIGUEL DOESTE";"Não guardar distância de segurança";"Colisão lateral";"Sem Vítimas";"Pleno dia";"Decrescente";"Ceu Claro";"Simples";"Reta";"Rural";5;0;0;0;5;0;0;3
83445658;"02/01/16";"Sábado";"08:30:00";"RS";285;"670,5";"SAO BORJA";"Não guardar distância de segurança";"Colisão traseira";"Sem Vítimas";"Pleno dia";"Decrescente";"Ceu Claro";"Simples";"Curva";"Rural";2;0;0;0;2;0;0;2
83445659;"08/03/16";"Terça";"08:10:00";"PR";277;"581,5";"CASCAVEL";"Defeito na via";"Queda de motocicleta / bicicleta / veículo";"Com Vítimas Feridas";"Pleno dia";"Decrescente";"Ceu Claro";"Simples";"Reta";"Urbano";1;0;1;0;0;0;1;1
83445660;"04/03/16";"Sexta";"13:00:00";"RJ";116;"196";"QUEIMADOS";"Outras";"Colisão com objeto fixo";"Sem Vítimas";"Pleno dia";"Crescente";"Ceu Claro";"Múltipla";"Reta";"Rural";1;0;0;0;1;0;0;1
83445661;"08/03/16";"Terça";"09:00:00";"PR";376;"136,2";"NOVA ESPERANCA";"Desobediência à sinalização";"Colisão Transversal";"Com Vítimas Feridas";"Pleno dia";"Decrescente";"Ceu Claro";"Simples";"Cruzamento";"Rural";2;0;1;0;1;0;1;2
83445662;"04/03/16";"Sexta";"13:30:00";"MG";40;"739,6";"SANTOS DUMONT";"Outras";"Colisão lateral";"Sem Vítimas";"Pleno dia";"Crescente";"Nublado";"Simples";"Reta";"Rural";2;0;0;0;2;0;0;2
83445663;"29/02/16";"Segunda";"22:40:00";"DF";70;"14";"BRASILIA";"Outras";"Colisão traseira";"Com Vítimas Feridas";"Plena noite";"Crescente";"Nublado";"Dupla";"Curva";"Rural";2;0;1;0;1;0;1;2
83445666;"04/01/16";"Segunda";"16:00:00";"MG";40;"71";"PARACATU";"Velocidade incompatível";"Saída de Pista";"Com Vítimas Feridas";"Pleno dia";"Crescente";"Chuva";"Simples";"Reta";"Rural";1;0;1;0;0;0;1;1
83445667;"04/03/16";"Sexta";"12:00:00";"RJ";101;"252";"RIO BONITO";"Outras";"Colisão traseira";"Com Vítimas Feridas";"Pleno dia";"Decrescente";"Sol";"Dupla";"Reta";"Rural";6;0;1;0;4;1;1;4
83445668;"08/03/16";"Terça";"09:51:00";"MA";222;"676";"ACAILANDIA";"Não guardar distância de segurança";"Colisão traseira";"Sem Vítimas";"Pleno dia";"Crescente";"Sol";"Simples";"Reta";"Urbano";4;0;0;0;4;0;0;4
83445669;"08/03/16";"Terça";"10:45:00";"RS";386;"35,4";"FREDERICO WESTPHALEN";"Falta de atenção";"Colisão traseira";"Com Vítimas Feridas";"Pleno dia";"Decrescente";"Ceu Claro";"Simples";"Curva";"Urbano";2;0;1;0;1;0;1;2
83445670;"04/03/16";"Sexta";"08:00:00";"GO";452;"166";"ITUMBIARA";"Outras";"Derramamento de Carga";"Sem Vítimas";"Pleno dia";"Crescente";"Ceu Claro";"Simples";"Reta";"Rural";1;0;0;0;1;0;0;1
83445671;"04/03/16";"Sexta";"08:00:00";"RJ";101;"296";"ITABORAI";"Outras";"Queda de motocicleta / bicicleta / veículo";"Com Vítimas Feridas";"Pleno dia";"Crescente";"Ceu Claro";"Dupla";"Reta";"Urbano";1;0;0;1;0;0;1;1
83445672;"04/03/16";"Sexta";"21:10:00";"PR";116;"117";"CURITIBA";"Ingestão de álcool";"Colisão lateral";"Com Vítimas Feridas";"Plena noite";"Crescente";"Nublado";"Dupla";"Curva";"Urbano";2;0;1;0;1;0;1;2
83445673;"08/03/16";"Terça";"08:20:00";"PR";369;"512,1";"CASCAVEL";"Ultrapassagem indevida";"Colisão frontal";"Sem Vítimas";"Pleno dia";"Crescente";"Ceu Claro";"Simples";"Reta";"Urbano";2;0;0;0;2;0;0;2
83445674;"08/03/16";"Terça";"10:00:00";"GO";153;"83,4";"PORANGATU";"Defeito na via";"Saída de Pista";"Com Vítimas Feridas";"Pleno dia";"Crescente";"Ceu Claro";"Simples";"Reta";"Rural";3;0;2;0;1;0;2;1
83445675;"08/03/16";"Terça";"10:40:00";"RS";158;"97,7";"PALMEIRA DAS MISSOES";"Ultrapassagem indevida";"Colisão frontal";"Com Vítimas Feridas";"Pleno dia";"Crescente";"Ceu Claro";"Simples";"Reta";"Rural";3;0;2;0;1;0;2;2
83445676;"08/03/16";"Terça";"08:40:00";"PE";101;"55";"PAULISTA";"Outras";"Colisão traseira";"Sem Vítimas";"Pleno dia";"Crescente";"Sol";"Dupla";"Reta";"Urbano";2;0;0;0;2;0;0;2
83445677;"05/03/16";"Sábado";"08:00:00";"MG";381;"316";"NOVA ERA";"Velocidade incompatível";"Capotamento";"Sem Vítimas";"Pleno dia";"Crescente";"Chuva";"Simples";"Curva";"Rural";1;0;0;0;1;0;0;1
83445678;"08/03/16";"Terça";"09:30:00";"SC";101;"429,2";"SOMBRIO";"Defeito mecânico em veículo";"Queda de motocicleta / bicicleta / veículo";"Com Vítimas Feridas";"Pleno dia";"Crescente";"Sol";"Dupla";"Reta";"Urbano";2;0;2;0;0;0;2;1
83445679;"08/03/16";"Terça";"09:50:00";"PR";376;"503,5";"PONTA GROSSA";"Outras";"Saída de Pista";"Com Vítimas Feridas";"Pleno dia";"Decrescente";"Ceu Claro";"Dupla";"Reta";"Urbano";1;0;1;0;0;0;1;1
83445680;"08/03/16";"Terça";"08:30:00";"AL";316;"230";"ATALAIA";"Outras";"Colisão frontal";"Com Vítimas Feridas";"Pleno dia";"Crescente";"Ceu Claro";"Simples";"Reta";"Urbano";2;0;1;0;1;0;1;2
83445681;"08/03/16";"Terça";"10:20:00";"RS";116;"234,9";"NOVO HAMBURGO";"Desobediência à sinalização";"Colisão Transversal";"Sem Vítimas";"Pleno dia";"Decrescente";"Sol";"Dupla";"Reta";"Urbano";2;0;0;0;2;0;0;2
83445682;"05/03/16";"Sábado";"00:20:00";"PR";277;"110";"CAMPO LARGO";"Outras";"Colisão traseira";"Com Vítimas Feridas";"Plena noite";"Decrescente";"Ceu Claro";"Dupla";"Reta";"Rural";5;0;3;0;2;0;3;2
83445683;"08/03/16";"Terça";"11:50:00";"RJ";116;"142";"DUQUE DE CAXIAS";"Defeito mecânico em veículo";"Colisão com objeto móvel";"Sem Vítimas";"Pleno dia";"Decrescente";"Sol";"Dupla";"Reta";"Urbano";2;0;0;0;2;0;0;2
83445684;"05/03/16";"Sábado";"00:30:00";"ES";101;"270";"SERRA";"Falta de atenção";"Colisão traseira";"Sem Vítimas";"Plena noite";"Decrescente";"Ceu Claro";"Dupla";"Reta";"Urbano";2;0;0;0;1;1;0;2
83445685;"06/03/16";"Domingo";"18:00:00";"PI";316;"299";"PICOS";"Ingestão de álcool";"Colisão Transversal";"Com Vítimas Feridas";"Plena noite";"Crescente";"Ceu Claro";"Simples";"Reta";"Rural";3;0;0;1;2;0;1;2
83445686;"08/03/16";"Terça";"09:35:00";"MT";364;"342";"SANTO ANTONIO DO LEVERGER";"Falta de atenção";"Saída de Pista";"Sem Vítimas";"Pleno dia";"Decrescente";"Ceu Claro";"Simples";"Curva";"Urbano";2;0;0;0;2;0;0;2
83445687;"04/03/16";"Sexta";"16:35:00";"CE";116;"6,5";"FORTALEZA";"Ingestão de álcool";"Colisão frontal";"Com Vítimas Feridas";"Pleno dia";"Decrescente";"Ceu Claro";"Múltipla";"Reta";"Urbano";2;0;1;0;1;0;1;2
83445688;"08/03/16";"Terça";"09:00:00";"CE";116;"19";"EUSEBIO";"Falta de atenção";"Colisão lateral";"Sem Vítimas";"Pleno dia";"Crescente";"Sol";"Dupla";"Reta";"Rural";2;0;0;0;2;0;0;2
83445691;"01/03/16";"Terça";"07:20:00";"PE";104;"61";"CARUARU";"Falta de atenção";"Colisão traseira";"Com Vítimas Feridas";"Pleno dia";"Decrescente";"Ceu Claro";"Dupla";"Reta";"Urbano";2;0;1;0;1;0;1;2
83445692;"08/03/16";"Terça";"09:20:00";"MG";153;"239,7";"FRONTEIRA";"Não guardar distância de segurança";"Colisão traseira";"Com Vítimas Feridas";"Pleno dia";"Decrescente";"Ceu Claro";"Simples";"Reta";"Rural";3;0;2;0;1;0;2;2
83445693;"08/03/16";"Terça";"08:30:00";"AL";101;"133,9";"SAO MIGUEL DOS CAMPOS";"Velocidade incompatível";"Saída de Pista";"Com Vítimas Feridas";"Pleno dia";"Crescente";"Chuva";"Simples";"Reta";"Rural";1;0;1;0;0;0;1;1
83445694;"04/03/16";"Sexta";"23:59:00";"MG";40;"516";"RIBEIRAO DAS NEVES";"Dormindo";"Saída de Pista";"Sem Vítimas";"Plena noite";"Crescente";"Nublado";"Dupla";"Curva";"Urbano";1;0;0;0;1;0;0;1
83445695;"08/03/16";"Terça";"09:40:00";"MG";153;"232,8";"FRONTEIRA";"Não guardar distância de segurança";"Colisão traseira";"Com Vítimas Feridas";"Pleno dia";"Crescente";"Ceu Claro";"Simples";"Reta";"Rural";4;0;1;0;3;0;1;2
83445696;"06/03/16";"Domingo";"03:20:00";"PR";158;"525";"PATO BRANCO";"Falta de atenção";"Queda de motocicleta / bicicleta / veículo";"Com Vítimas Feridas";"Plena noite";"Decrescente";"Ceu Claro";"Simples";"Curva";"Urbano";1;0;1;0;0;0;1;1
83445697;"08/03/16";"Terça";"11:40:00";"SC";101;"3,5";"JOINVILLE";"Outras";"Colisão traseira";"Com Vítimas Feridas";"Pleno dia";"Decrescente";"Ceu Claro";"Dupla";"Reta";"Urbano";3;0;1;0;2;0;1;3
83445698;"08/03/16";"Terça";"12:20:00";"MA";10;"245,5";"IMPERATRIZ";"Desobediência à sinalização";"Colisão Transversal";"Com Vítimas Feridas";"Pleno dia";"Decrescente";"Nublado";"Simples";"Reta";"Urbano";2;0;1;0;1;0;1;2
83445699;"08/03/16";"Terça";"07:40:00";"SP";116;"228,7";"SAO PAULO";"Velocidade incompatível";"Danos Eventuais";"Com Vítimas Feridas";"Pleno dia";"Decrescente";"Ceu Claro";"Múltipla";"Reta";"Urbano";1;0;1;0;0;0;1;1
83445700;"08/03/16";"Terça";"12:30:00";"MG";116;"695,1";"MURIAE";"Defeito mecânico em veículo";"Queda de motocicleta / bicicleta / veículo";"Com Vítimas Feridas";"Pleno dia";"Crescente";"Sol";"Simples";"Reta";"Rural";2;0;2;0;0;0;2;1