"id";"data_inversa";"dia_semana";"horario";"uf";"br";"km";"municipio";"causa_acidente";"tipo_acidente";"classificacao_acidente";"fase_dia";"sentido_via";"condicao_metereologica";"tipo_pista";"tracado_via";"uso_solo";"pessoas";"mortos";"feridos_leves";"feridos_graves";"ilesos";"ignorados";"feridos";"veiculos"
83445939;"05/03/16";"Sábado";"21:45:00";"PR";277;"501";"GUARANIACU";"Desobediência à sinalização";"Colisão lateral";"Com Vítimas Fatais";"Plena noite";"Crescente";"Ceu Claro";"Simples";"Curva";"Rural";2;1;0;0;0;1;0;2
83445940;"07/02/16";"Domingo";"13:20:00";"MA";316;"361";"BACABAL";"Outras";"Colisão traseira";"Com Vítimas Feridas";"Pleno dia";"Crescente";"Ceu Claro";"Simples";"Reta";"Urbano";2;0;1;1;0;0;2;2
83445941;"05/03/16";"Sábado";"16:00:00";"MG";116;"276,2";"TEOFILO OTONI";"Ingestão de álcool";"Colisão lateral";"Sem Vítimas";"Pleno dia";"Crescente";"Ceu Claro";"Dupla";"Reta";"Urbano";2;0;0;0;2;0;0;2
83445942;"26/02/16";"Sexta";"09:30:00";"CE";116;"37";"HORIZONTE";"Não guardar distância de segurança";"Colisão traseira";"Com Vítimas Feridas";"Pleno dia";"Decrescente";"Nevoeiro/neblina";"Múltipla";"Reta";"Rural";2;0;1;0;1;0;1;2
83445943;"09/03/16";"Quarta";"09:25:00";"SC";282;"608,5";"MARAVILHA";"Não guardar distância de segurança";"Colisão traseira";"Com Vítimas Feridas";"Pleno dia";"Crescente";"Chuva";"Simples";"Reta";"Rural";3;0;1;0;2;0;1;3
83445945;"26/02/16";"Sexta";"18:00:00";"CE";20;"426,7";"FORTALEZA";"Outras";"Colisão Transversal";"Sem Vítimas";"Pleno dia";"Crescente";"Ceu Claro";"Múltipla";"Reta";"Urbano";3;0;0;0;3;0;0;3
83445946;"09/03/16";"Quarta";"11:45:00";"MG";40;"739";"SANTOS DUMONT";"Outras";"Colisão com objeto fixo";"Sem Vítimas";"Pleno dia";"Crescente";"Ceu Claro";"Simples";"Curva";"Rural";1;0;0;0;1;0;0;1
83445947;"07/03/16";"Segunda";"19:15:00";"PR";163;"261";"TOLEDO";"Outras";"Capotamento";"Sem Vítimas";"Plena noite";"Crescente";"Ceu Claro";"Simples";"Reta";"Rural";1;0;0;0;1;0;0;1
83445949;"09/03/16";"Quarta";"11:30:00";"SC";101;"26,1";"JOINVILLE";"Falta de atenção";"Colisão lateral";"Sem Vítimas";"Pleno dia";"Crescente";"Nublado";"Dupla";"Reta";"Rural";2;0;0;0;2;0;0;2
83445950;"09/03/16";"Quarta";"10:45:00";"SC";280;"128,2";"RIO NEGRINHO";"Não guardar distância de segurança";"Colisão traseira";"Com Vítimas Feridas";"Pleno dia";"Crescente";"Ceu Claro";"Simples";"Reta";"Urbano";2;0;0;1;1;0;1;2
83445951;"09/03/16";"Quarta";"10:00:00";"SC";101;"52,3";"JOINVILLE";"Defeito mecânico em veículo";"Saída de Pista";"Com Vítimas Feridas";"Pleno dia";"Decrescente";"Ceu Claro";"Dupla";"Reta";"Rural";2;0;1;0;1;0;1;2
83445953;"08/03/16";"Terça";"11:30:00";"SC";101;"366,6";"SANGAO";"Outras";"Colisão com objeto fixo";"Com Vítimas Feridas";"Pleno dia";"Decrescente";"Nublado";"Dupla";"Reta";"Rural";1;0;0;1;0;0;1;1
83445954;"09/03/16";"Quarta";"07:45:00";"PI";343;"340,7";"TERESINA";"Não guardar distância de segurança";"Colisão traseira";"Sem Vítimas";"Pleno dia";"Crescente";"Chuva";"Simples";"Reta";"Urbano";3;0;0;0;3;0;0;3
83445955;"10/02/16";"Quarta";"17:30:00";"MG";356;"268";"MURIAE";"Outras";"Queda de motocicleta / bicicleta / veículo";"Com Vítimas Feridas";"Pleno dia";"Crescente";"Nublado";"Simples";"Curva";"Urbano";1;0;1;0;0;0;1;1
83445956;"08/03/16";"Terça";"05:00:00";"RS";448;"8";"CANOAS";"Ingestão de álcool";"Colisão lateral";"Sem Vítimas";"Plena noite";"Crescente";"Nublado";"Dupla";"Reta";"Rural";2;0;0;0;2;0;0;2
83445957;"08/03/16";"Terça";"05:55:00";"SP";116;"270";"TABOAO DA SERRA";"Não guardar distância de segurança";"Colisão lateral";"Com Vítimas Feridas";"Amanhecer";"Decrescente";"Ceu Claro";"Dupla";"Reta";"Urbano";2;0;1;0;1;0;1;2
83445958;"09/03/16";"Quarta";"10:05:00";"SC";116;"136,8";"SANTA CECILIA";"Ultrapassagem indevida";"Colisão lateral";"Sem Vítimas";"Pleno dia";"Crescente";"Ceu Claro";"Simples";"Curva";"Rural";2;0;0;0;2;0;0;2
83445959;"06/03/16";"Domingo";"11:00:00";"MA";135;"34,5";"BACABEIRA";"Outras";"Colisão Transversal";"Com Vítimas Feridas";"Pleno dia";"Decrescente";"Ceu Claro";"Simples";"Reta";"Rural";5;0;2;3;0;0;5;2
83445962;"09/03/16";"Quarta";"11:40:00";"RS";116;"187,2";"NOVA PETROPOLIS";"Velocidade incompatível";"Saída de Pista";"Sem Vítimas";"Pleno dia";"Crescente";"Chuva";"Simples";"Curva";"Rural";1;0;0;0;1;0;0;1
83445963;"05/03/16";"Sábado";"23:45:00";"MG";116;"639";"DIVINO";"Velocidade incompatível";"Saída de Pista";"Com Vítimas Fatais";"Plena noite";"Decrescente";"Ignorada";"Simples";"Curva";"Rural";1;1;0;0;0;0;0;1
83445965;"09/03/16";"Quarta";"12:25:00";"SC";470;"127,8";"LONTRAS";"Outras";"Colisão com objeto móvel";"Com Vítimas Feridas";"Pleno dia";"Decrescente";"Nublado";"Simples";"Curva";"Urbano";2;0;0;1;0;1;1;2
83445966;"09/03/16";"Quarta";"12:30:00";"MG";40;"523";"CONTAGEM";"Outras";"Atropelamento de pessoa";"Com Vítimas Feridas";"Pleno dia";"Decrescente";"Sol";"Dupla";"Reta";"Urbano";2;0;0;1;1;0;1;1
83445967;"24/02/16";"Quarta";"19:00:00";"CE";20;"428";"FORTALEZA";"Falta de atenção";"Tombamento";"Ignorado";"Anoitecer";"Crescente";"Ceu Claro";"Dupla";"Reta";"Urbano";1;0;0;0;0;1;0;1
83445968;"06/03/16";"Domingo";"01:45:00";"PR";376;"525";"PONTA GROSSA";"Velocidade incompatível";"Capotamento";"Com Vítimas Feridas";"Plena noite";"Decrescente";"Ceu Claro";"Dupla";"Curva";"Rural";1;0;0;1;0;0;1;1
83445969;"09/03/16";"Quarta";"12:15:00";"SC";101;"136,8";"BALNEARIO CAMBORIU";"Falta de atenção";"Colisão traseira";"Sem Vítimas";"Pleno dia";"Crescente";"Ceu Claro";"Dupla";"Reta";"Urbano";4;0;0;0;4;0;0;4
83445970;"09/03/16";"Quarta";"10:00:00";"PR";116;"43";"CAMPINA GRANDE DO SUL";"Defeito mecânico em veículo";"Colisão traseira";"Sem Vítimas";"Pleno dia";"Crescente";"Ceu Claro";"Dupla";"Reta";"Urbano";2;0;0;0;2;0;0;2
83445971;"05/03/16";"Sábado";"12:30:00";"MG";381;"456";"BELO HORIZONTE";"Falta de atenção";"Colisão lateral";"Com Vítimas Feridas";"Pleno dia";"Crescente";"Ceu Claro";"Dupla";"Reta";"Urbano";3;0;1;1;1;0;2;2
83445972;"09/03/16";"Quarta";"11:00:00";"RS";116;"310";"GUAIBA";"Falta de atenção";"Colisão Transversal";"Com Vítimas Feridas";"Pleno dia";"Decrescente";"Nublado";"Simples";"Reta";"Rural";4;0;3;0;1;0;3;2
83445973;"20/02/16";"Sábado";"20:30:00";"MG";40;"807,5";"MATIAS BARBOSA";"Ingestão de álcool";"Saída de Pista";"Com Vítimas Feridas";"Plena noite";"Crescente";"Chuva";"Dupla";"Curva";"Rural";2;0;1;0;1;0;1;1
83445974;"09/03/16";"Quarta";"00:50:00";"MS";163;"260,3";"DOURADOS";"Outras";"Queda de motocicleta / bicicleta / veículo";"Com Vítimas Feridas";"Plena noite";"Crescente";"Nublado";"Dupla";"Reta";"Urbano";2;0;1;1;0;0;2;1
83445975;"09/03/16";"Quarta";"11:40:00";"RS";116;"399";"CAMAQUA";"Dormindo";"Saída de Pista";"Com Vítimas Feridas";"Pleno dia";"Decrescente";"Nublado";"Simples";"Reta";"Urbano";1;0;1;0;0;0;1;1
83445976;"09/03/16";"Quarta";"13:00:00";"PR";277;"678,2";"MEDIANEIRA";"Outras";"Saída de Pista";"Sem Vítimas";"Plena noite";"Crescente";"Chuva";"Dupla";"Reta";"Rural";1;0;0;0;1;0;0;1
83445977;"09/03/16";"Quarta";"06:45:00";"BA";116;"824";"VITORIA DA CONQUISTA";"Ingestão de álcool";"Colisão Transversal";"Com Vítimas Feridas";"Amanhecer";"Decrescente";"Ceu Claro";"Dupla";"Cruzamento";"Urbano";2;0;1;0;1;0;1;2
83445978;"09/03/16";"Quarta";"13:00:00";"MG";381;"353";"JOAO MONLEVADE";"Falta de atenção";"Colisão com objeto fixo";"Sem Vítimas";"Pleno dia";"Decrescente";"Ceu Claro";"Simples";"Reta";"Rural";1;0;0;0;1;0;0;1
83445979;"09/03/16";"Quarta";"12:10:00";"MG";262;"0,5";"MARTINS SOARES";"Ultrapassagem indevida";"Colisão lateral";"Com Vítimas Feridas";"Pleno dia";"Decrescente";"Ceu Claro";"Simples";"Reta";"Rural";2;0;1;0;1;0;1;2
83445980;"09/03/16";"Quarta";"13:20:00";"SC";282;"602,1";"MARAVILHA";"Velocidade incompatível";"Saída de Pista";"Sem Vítimas";"Pleno dia";"Decrescente";"Chuva";"Simples";"Reta";"Rural";1;0;0;0;1;0;0;1
83445981;"09/03/16";"Quarta";"06:45:00";"PI";316;"102";"PASSAGEM FRANCA DO PIAUI";"Falta de atenção";"Colisão traseira";"Sem Vítimas";"Pleno dia";"Decrescente";"Ceu Claro";"Simples";"Reta";"Rural";2;0;0;0;2;0;0;2
83445982;"05/03/16";"Sábado";"18:00:00";"RR";432;"190,4";"CANTA";"Ingestão de álcool";"Colisão lateral";"Com Vítimas Feridas";"Anoitecer";"Decrescente";"Ceu Claro";"Simples";"Reta";"Rural";2;0;1;0;1;0;1;2
83445983;"09/03/16";"Quarta";"11:00:00";"MT";163;"821";"SINOP";"Falta de atenção";"Colisão com bicicleta";"Com Vítimas Feridas";"Pleno dia";"Crescente";"Nublado";"Simples";"Reta";"Urbano";3;0;0;1;2;0;1;2
83445984;"05/03/16";"Sábado";"11:15:00";"SP";116;"270,3";"TABOAO DA SERRA";"Falta de atenção";"Colisão lateral";"Com Vítimas Feridas";"Pleno dia";"Decrescente";"Sol";"Dupla";"Reta";"Urbano";3;0;1;0;2;0;1;3
83445985;"09/03/16";"Quarta";"11:30:00";"RS";448;"21,2";"PORTO ALEGRE";"Falta de atenção";"Colisão com objeto fixo";"Com Vítimas Feridas";"Pleno dia";"Crescente";"Chuva";"Simples";"Curva";"Urbano";3;0;2;0;1;0;2;1
83445986;"09/03/16";"Quarta";"14:25:00";"RS";290;"213,8";"PANTANO GRANDE";"Velocidade incompatível";"Saída de Pista";"Sem Vítimas";"Pleno dia";"Crescente";"Nublado";"Simples";"Cruzamento";"Urbano";1;0;0;0;1;0;0;1
83445987;"07/03/16";"Segunda";"01:40:00";"MG";267;"113,9";"JUIZ DE FORA";"Outras";"Saída de Pista";"Com Vítimas Feridas";"Plena noite";"Crescente";"Chuva";"Simples";"Curva";"Rural";1;0;1;0;0;0;1;1
83445988;"09/03/16";"Quarta";"07:30:00";"BA";110;"289,9";"INHAMBUPE";"Outras";"Atropelamento de pessoa";"Com Vítimas Fatais";"Pleno dia";"Crescente";"Ceu Claro";"Simples";"Reta";"Urbano";2;1;1;0;0;0;1;1
83445989;"09/03/16";"Quarta";"07:00:00";"RO";364;"456";"JARU";"Outras";"Saída de Pista";"Sem Vítimas";"Pleno dia";"Crescente";"Sol";"Simples";"Curva";"Rural";1;0;0;0;1;0;0;1
83445990;"07/03/16";"Segunda";"18:45:00";"BA";324;"543";"AMELIA RODRIGUES";"Outras";"Saída de Pista";"Sem Vítimas";"Plena noite";"Decrescente";"Ignorada";"Dupla";"Reta";"Urbano";5;0;0;0;5;0;0;1
83445991;"09/03/16";"Quarta";"08:00:00";"SP";116;"156";"SAO JOSE DOS CAMPOS";"Falta de atenção";"Colisão traseira";"Sem Vítimas";"Pleno dia";"Decrescente";"Ceu Claro";"Simples";"Reta";"Urbano";3;0;0;0;3;0;0;3
83445992;"09/03/16";"Quarta";"14:30:00";"PE";101;"89";"CABO DE SANTO AGOSTINHO";"Outras";"Saída de Pista";"Sem Vítimas";"Pleno dia";"Decrescente";"Sol";"Dupla";"Reta";"Rural";2;0;0;0;2;0;0;2
83445993;"09/03/16";"Quarta";"15:10:00";"RS";287;"401";"SANTIAGO";"Falta de atenção";"Colisão Transversal";"Sem Vítimas";"Pleno dia";"Crescente";"Chuva";"Simples";"Reta";"Urbano";3;0;0;0;3;0;0;2
83445994;"09/03/16";"Quarta";"12:30:00";"RS";285;"472,8";"CORONEL BARROS";"Falta de atenção";"Colisão Transversal";"Com Vítimas Feridas";"Pleno dia";"Crescente";"Chuva";"Simples";"Cruzamento";"Rural";2;0;2;0;0;0;2;2
83445995;"08/03/16";"Terça";"04:30:00";"BA";101;"489";"ITAJUIPE";"Outras";"Saída de Pista";"Com Vítimas Feridas";"Plena noite";"Decrescente";"Chuva";"Simples";"Reta";"Rural";1;0;1;0;0;0;1;1
83445996;"09/03/16";"Quarta";"12:00:00";"CE";20;"323";"CARIDADE";"Velocidade incompatível";"Saída de Pista";"Com Vítimas Feridas";"Pleno dia";"Crescente";"Chuva";"Simples";"Curva";"Rural";2;0;2;0;0;0;2;1
83445997;"02/03/16";"Quarta";"12:50:00";"ES";101;"66";"SAO MATEUS";"Não guardar distância de segurança";"Colisão traseira";"Com Vítimas Feridas";"Pleno dia";"Decrescente";"Sol";"Simples";"Reta";"Urbano";2;0;1;0;1;0;1;2
83445998;"09/03/16";"Quarta";"13:45:00";"RS";472;"122";"TRES DE MAIO";"Velocidade incompatível";"Colisão frontal";"Com Vítimas Fatais";"Pleno dia";"Decrescente";"Chuva";"Simples";"Curva";"Rural";4;1;0;1;2;0;1;2
83445999;"09/03/16";"Quarta";"11:10:00";"PI";316;"309";"PICOS";"Defeito mecânico em veículo";"Colisão com objeto fixo";"Sem Vítimas";"Pleno dia";"Crescente";"Ceu Claro";"Simples";"Reta";"Urbano";1;0;0;0;1;0;0;1
83446000;"09/03/16";"Quarta";"11:40:00";"PI";343;"345,1";"TERESINA";"Falta de atenção";"Colisão lateral";"Com Vítimas Feridas";"Pleno dia";"Decrescente";"Ceu Claro";"Simples";"Reta";"Urbano";3;0;0;1;2;0;1;2
83446001;"09/03/16";"Quarta";"11:15:00";"GO";60;"170,9";"GOIANIA";"Falta de atenção";"Colisão traseira";"Com Vítimas Feridas";"Pleno dia";"Crescente";"Nublado";"Dupla";"Reta";"Urbano";4;0;2;1;1;0;3;3
83446002;"09/03/16";"Quarta";"13:30:00";"PR";376;"510";"PONTA GROSSA";"Desobediência à sinalização";"Colisão lateral";"Sem Vítimas";"Pleno dia";"Decrescente";"Nublado";"Dupla";"Reta";"Rural";2;0;0;0;2;0;0;2
83446004;"01/03/16";"Terça";"10:40:00";"MG";262;"10";"MARTINS SOARES";"Falta de atenção";"Colisão lateral";"Com Vítimas Feridas";"Pleno dia";"Decrescente";"Ceu Claro";"Dupla";"Reta";"Rural";2;0;1;0;1;0;1;2
83446005;"08/03/16";"Terça";"10:19:00";"PR";277;"713,7";"SANTA TEREZINHA DE ITAIPU";"Outras";"Capotamento";"Com Vítimas Feridas";"Pleno dia";"Decrescente";"Sol";"Dupla";"Reta";"Rural";1;0;1;0;0;0;1;1
83446006;"03/03/16";"Quinta";"07:30:00";"RS";290;"72";"GRAVATAI";"Outras";"Tombamento";"Com Vítimas Feridas";"Amanhecer";"Decrescente";"Chuva";"Dupla";"Reta";"Rural";1;0;1;0;0;0;1;1
83446007;"09/03/16";"Quarta";"16:15:00";"RJ";101;"322";"NITEROI";"Outras";"Incêndio";"Sem Vítimas";"Pleno dia";"Decrescente";"Ceu Claro";"Dupla";"Reta";"Urbano";1;0;0;0;1;0;0;1
83446008;"09/03/16";"Quarta";"09:10:00";"RS";386;"294,7";"POUSO NOVO";"Velocidade incompatível";"Tombamento";"Com Vítimas Fatais";"Pleno dia";"Decrescente";"Chuva";"Simples";"Curva";"Rural";1;1;0;0;0;0;0;1
83446009;"09/02/16";"Terça";"16:00:00";"PR";376;"114";"ALTO PARANA";"Defeito mecânico em veículo";"Colisão lateral";"Sem Vítimas";"Pleno dia";"Crescente";"Nublado";"Simples";"Reta";"Rural";2;0;0;0;2;0;0;2
83446010;"09/03/16";"Quarta";"14:00:00";"RS";285;"260,2";"MATO CASTELHANO";"Velocidade incompatível";"Saída de Pista";"Com Vítimas Feridas";"Pleno dia";"Decrescente";"Chuva";"Simples";"Reta";"Rural";3;0;3;0;0;0;3;1
83446011;"09/03/16";"Quarta";"14:30:00";"PR";376;"176";"MARINGA";"Outras";"Colisão lateral";"Sem Vítimas";"Pleno dia";"Decrescente";"Ceu Claro";"Dupla";"Reta";"Urbano";2;0;0;0;2;0;0;2
83446012;"09/03/16";"Quarta";"07:40:00";"AL";101;"138,5";"SAO MIGUEL DOS CAMPOS";"Falta de atenção";"Colisão lateral";"Sem Vítimas";"Pleno dia";"Crescente";"Ceu Claro";"Simples";"Reta";"Rural";2;0;0;0;2;0;0;2
83446013;"06/03/16";"Domingo";"14:35:00";"SP";116;"147,5";"SAO JOSE DOS CAMPOS";"Outras";"Colisão com objeto fixo";"Sem Vítimas";"Pleno dia";"Crescente";"Chuva";"Dupla";"Curva";"Urbano";1;0;0;0;1;0;0;1
83446014;"09/03/16";"Quarta";"14:30:00";"RS";116;"144,7";"CAXIAS DO SUL";"Falta de atenção";"Colisão traseira";"Sem Vítimas";"Pleno dia";"Crescente";"Chuva";"Dupla";"Reta";"Urbano";2;0;0;0;2;0;0;2
83446015;"09/03/16";"Quarta";"13:50:00";"PR";373;"430,8";"CHOPINZINHO";"Defeito mecânico em veículo";"Incêndio";"Sem Vítimas";"Pleno dia";"Crescente";"Chuva";"Simples";"Reta";"Rural";1;0;0;0;1;0;0;1
83446016;"09/03/16";"Quarta";"16:00:00";"RJ";465;"5";"SEROPEDICA";"Falta de atenção";"Colisão lateral";"Com Vítimas Feridas";"Pleno dia";"Crescente";"Ceu Claro";"Simples";"Reta";"Urbano";3;0;2;0;1;0;2;2
83446017;"26/02/16";"Sexta";"09:30:00";"MA";135;"158,7";"SAO MATEUS DO MARANHAO";"Não guardar distância de segurança";"Colisão traseira";"Sem Vítimas";"Pleno dia";"Decrescente";"Nublado";"Simples";"Reta";"Rural";2;0;0;0;2;0;0;2
83446018;"09/03/16";"Quarta";"07:50:00";"CE";20;"388";"CAUCAIA";"Falta de atenção";"Colisão Transversal";"Com Vítimas Fatais";"Pleno dia";"Crescente";"Nublado";"Simples";"Reta";"Rural";3;1;0;1;1;0;1;2
83446019;"09/03/16";"Quarta";"17:40:00";"SC";280;"52,3";"GUARAMIRIM";"Falta de atenção";"Colisão Transversal";"Sem Vítimas";"Pleno dia";"Crescente";"Nublado";"Simples";"Cruzamento";"Urbano";2;0;0;0;2;0;0;2
83446020;"09/03/16";"Quarta";"18:15:00";"RS";116;"228,3";"DOIS IRMAOS";"Falta de atenção";"Colisão Transversal";"Sem Vítimas";"Anoitecer";"Crescente";"Chuva";"Simples";"Curva";"Rural";2;0;0;0;2;0;0;2
83446021;"09/03/16";"Quarta";"11:30:00";"TO";153;"332";"GUARAI";"Falta de atenção";"Colisão traseira";"Com Vítimas Feridas";"Pleno dia";"Decrescente";"Chuva";"Simples";"Reta";"Urbano";2;0;0;1;1;0;1;2
83446022;"09/03/16";"Quarta";"14:40:00";"PE";423;"63,8";"LAJEDO";"Ingestão de álcool";"Colisão lateral";"Com Vítimas Feridas";"Pleno dia";"Decrescente";"Sol";"Simples";"Reta";"Urbano";2;0;1;0;1;0;1;2
83446023;"09/03/16";"Quarta";"15:25:00";"MT";70;"1,9";"BARRA DO GARCAS";"Não guardar distância de segurança";"Colisão traseira";"Sem Vítimas";"Pleno dia";"Crescente";"Ceu Claro";"Simples";"Reta";"Urbano";2;0;0;0;2;0;0;2
83446024;"09/03/16";"Quarta";"18:45:00";"SC";280;"241,4";"CANOINHAS";"Falta de atenção";"Colisão lateral";"Com Vítimas Feridas";"Anoitecer";"Decrescente";"Chuva";"Simples";"Reta";"Rural";2;0;1;0;1;0;1;2
83446025;"08/03/16";"Terça";"23:30:00";"ES";101;"148,9";"LINHARES";"Ingestão de álcool";"Colisão com objeto fixo";"Sem Vítimas";"Plena noite";"Decrescente";"Ceu Claro";"Múltipla";"Reta";"Urbano";1;0;0;0;1;0;0;1
83446026;"06/02/16";"Sábado";"07:46:00";"PB";230;"25";"JOAO PESSOA";"Defeito mecânico em veículo";"Colisão com bicicleta";"Com Vítimas Feridas";"Pleno dia";"Decrescente";"Ceu Claro";"Dupla";"Reta";"Urbano";2;0;1;0;1;0;1;2
83446027;"09/03/16";"Quarta";"14:00:00";"MT";70;"308";"PRIMAVERA DO LESTE";"Outras";"Derramamento de Carga";"Sem Vítimas";"Pleno dia";"Decrescente";"Nublado";"Simples";"Reta";"Rural";1;0;0;0;1;0;0;1
83446028;"09/03/16";"Quarta";"15:00:00";"BA";101;"554,1";"ARATACA";"Velocidade incompatível";"Saída de Pista";"Sem Vítimas";"Pleno dia";"Decrescente";"Chuva";"Simples";"Curva";"Rural";1;0;0;0;1;0;0;1
83446030;"09/03/16";"Quarta";"08:15:00";"PB";230;"19";"JOAO PESSOA";"Velocidade incompatível";"Queda de motocicleta / bicicleta / veículo";"Com Vítimas Feridas";"Pleno dia";"Crescente";"Ceu Claro";"Dupla";"Curva";"Urbano";1;0;0;1;0;0;1;1
83446031;"09/03/16";"Quarta";"16:40:00";"MG";381;"154,8";"GOVERNADOR VALADARES";"Falta de atenção";"Colisão Transversal";"Sem Vítimas";"Pleno dia";"Decrescente";"Ceu Claro";"Simples";"Curva";"Rural";2;0;0;0;2;0;0;2
83446032;"09/03/16";"Quarta";"14:30:00";"PR";376;"307";"MAUA DA SERRA";"Velocidade incompatível";"Tombamento";"Com Vítimas Feridas";"Pleno dia";"Crescente";"Nublado";"Dupla";"Curva";"Urbano";1;0;0;1;0;0;1;1
83446033;"09/03/16";"Quarta";"18:50:00";"SP";153;"61,9";"SAO JOSE DO RIO PRETO";"Não guardar distância de segurança";"Colisão traseira";"Com Vítimas Feridas";"Anoitecer";"Crescente";"Nublado";"Dupla";"Reta";"Urbano";2;0;1;0;0;1;1;2
83446034;"06/03/16";"Domingo";"04:45:00";"MG";381;"297";"ANTONIO DIAS";"Defeito mecânico em veículo";"Incêndio";"Sem Vítimas";"Plena noite";"Crescente";"Ceu Claro";"Simples";"Reta";"Rural";1;0;0;0;1;0;0;1
83446035;"28/02/16";"Domingo";"12:00:00";"PR";476;"91";"BOCAIUVA DO SUL";"Dormindo";"Capotamento";"Sem Vítimas";"Pleno dia";"Crescente";"Chuva";"Simples";"Curva";"Rural";1;0;0;0;1;0;0;1
83446037;"09/03/16";"Quarta";"19:05:00";"RS";293;"174";"BAGE";"Animais na Pista";"Atropelamento de animal";"Sem Vítimas";"Anoitecer";"Decrescente";"Nublado";"Simples";"Reta";"Rural";1;0;0;0;1;0;0;1
83446038;"09/03/16";"Quarta";"17:40:00";"SC";280;"23,9";"ARAQUARI";"Outras";"Colisão Transversal";"Com Vítimas Feridas";"Pleno dia";"Crescente";"Ceu Claro";"Simples";"Cruzamento";"Urbano";2;0;0;1;1;0;1;2
83446039;"09/03/16";"Quarta";"12:50:00";"GO";60;"165";"GOIANIA";"Outras";"Colisão traseira";"Com Vítimas Feridas";"Pleno dia";"Crescente";"Nublado";"Dupla";"Reta";"Urbano";2;0;0;1;1;0;1;2
83446040;"09/03/16";"Quarta";"14:20:00";"SC";282;"491,3";"FAXINAL DOS GUEDES";"Velocidade incompatível";"Colisão traseira";"Sem Vítimas";"Pleno dia";"Crescente";"Chuva";"Simples";"Reta";"Rural";2;0;0;0;2;0;0;2
83446041;"09/03/16";"Quarta";"20:00:00";"PR";376;"665";"GUARATUBA";"Outras";"Saída de Pista";"Sem Vítimas";"Plena noite";"Decrescente";"Nevoeiro/neblina";"Simples";"Reta";"Rural";1;0;0;0;1;0;0;1
83446042;"09/03/16";"Quarta";"12:00:00";"DF";20;"5";"BRASILIA";"Falta de atenção";"Colisão traseira";"Com Vítimas Feridas";"Pleno dia";"Decrescente";"Ceu Claro";"Múltipla";"Reta";"Urbano";3;0;0;1;2;0;1;3
83446043;"09/03/16";"Quarta";"12:45:00";"MG";381;"908";"CAMBUI";"Defeito mecânico em veículo";"Colisão com objeto fixo";"Com Vítimas Feridas";"Pleno dia";"Decrescente";"Ceu Claro";"Dupla";"Curva";"Rural";1;0;1;0;0;0;1;1
83446044;"09/03/16";"Quarta";"07:45:00";"MG";40;"791";"JUIZ DE FORA";"Outras";"Queda de motocicleta / bicicleta / veículo";"Com Vítimas Feridas";"Pleno dia";"Crescente";"Nublado";"Dupla";"Reta";"Rural";1;0;1;0;0;0;1;1
83446045;"09/03/16";"Quarta";"16:25:00";"PB";230;"513";"CAJAZEIRAS";"Falta de atenção";"Colisão com objeto fixo";"Sem Vítimas";"Pleno dia";"Decrescente";"Ceu Claro";"Simples";"Reta";"Rural";1;0;0;0;1;0;0;1
83446046;"09/03/16";"Quarta";"10:00:00";"MA";222;"624";"ACAILANDIA";"Falta de atenção";"Tombamento";"Com Vítimas Feridas";"Pleno dia";"Crescente";"Ceu Claro";"Simples";"Reta";"Rural";1;0;1;0;0;0;1;1
83446047;"09/03/16";"Quarta";"20:00:00";"MA";222;"629";"ACAILANDIA";"Defeito mecânico em veículo";"Saída de Pista";"Com Vítimas Feridas";"Plena noite";"Decrescente";"Chuva";"Simples";"Curva";"Rural";1;0;1;0;0;0;1;1
83446048;"09/03/16";"Quarta";"19:40:00";"RS";290;"123";"ELDORADO DO SUL";"Outras";"Colisão lateral";"Sem Vítimas";"Plena noite";"Decrescente";"Chuva";"Simples";"Reta";"Urbano";3;0;0;0;3;0;0;2
83446049;"09/03/16";"Quarta";"16:00:00";"RS";153;"15,6";"SEVERIANO DE ALMEIDA";"Velocidade incompatível";"Saída de Pista";"Sem Vítimas";"Pleno dia";"Decrescente";"Chuva";"Simples";"Curva";"Rural";1;0;0;0;1;0;0;1
83446050;"01/03/16";"Terça";"10:30:00";"BA";116;"868,4";"VITORIA DA CONQUISTA";"Defeito mecânico em veículo";"Saída de Pista";"Com Vítimas Feridas";"Pleno dia";"Crescente";"Ceu Claro";"Simples";"Reta";"Rural";1;0;1;0;0;0;1;1
83446052;"09/03/16";"Quarta";"17:15:00";"RS";392;"248,6";"CACAPAVA DO SUL";"Ultrapassagem indevida";"Colisão lateral";"Com Vítimas Feridas";"Pleno dia";"Crescente";"Chuva";"Simples";"Curva";"Rural";3;0;0;2;1;0;2;2
83446053;"09/03/16";"Quarta";"11:40:00";"RO";174;"16";"VILHENA";"Falta de atenção";"Colisão Transversal";"Com Vítimas Feridas";"Pleno dia";"Crescente";"Sol";"Simples";"Reta";"Urbano";3;0;2;0;1;0;2;2
83446054;"09/03/16";"Quarta";"13:30:00";"MG";153;"105";"PRATA";"Dormindo";"Colisão frontal";"Com Vítimas Feridas";"Pleno dia";"Decrescente";"Sol";"Simples";"Reta";"Rural";3;0;0;1;2;0;1;3
83446055;"14/01/16";"Quinta";"15:20:00";"GO";70;"16";"AGUAS LINDAS DE GOIAS";"Defeito na via";"Capotamento";"Sem Vítimas";"Pleno dia";"Decrescente";"Chuva";"Dupla";"Reta";"Rural";1;0;0;0;1;0;0;1