"id";"data_inversa";"dia_semana";"horario";"uf";"br";"km";"municipio";"causa_acidente";"tipo_acidente";"classificacao_acidente";"fase_dia";"sentido_via";"condicao_metereologica";"tipo_pista";"tracado_via";"uso_solo";"pessoas";"mortos";"feridos_leves";"feridos_graves";"ilesos";"ignorados";"feridos";"veiculos"
83446290;"10/03/16";"Quinta";"17:30:00";"MG";356;"266";"MURIAE";"Falta de atenção";"Colisão lateral";"Com Vítimas Feridas";"Pleno dia";"Decrescente";"Sol";"Simples";"Reta";"Urbano";3;0;1;0;2;0;1;2
83446291;"06/03/16";"Domingo";"01:40:00";"GO";40;"4";"VALPARAISO DE GOIAS";"Ingestão de álcool";"Queda de motocicleta / bicicleta / veículo";"Com Vítimas Feridas";"Plena noite";"Crescente";"Ceu Claro";"Dupla";"Reta";"Urbano";2;0;0;2;0;0;2;1
83446292;"10/03/16";"Quinta";"14:20:00";"GO";153;"513,1";"APARECIDA DE GOIANIA";"Desobediência à sinalização";"Colisão lateral";"Sem Vítimas";"Pleno dia";"Decrescente";"Ceu Claro";"Múltipla";"Reta";"Urbano";2;0;0;0;2;0;0;2
83446293;"10/03/16";"Quinta";"15:00:00";"PE";110;"121,6";"IBIMIRIM";"Outras";"Colisão frontal";"Com Vítimas Fatais";"Pleno dia";"Decrescente";"Ceu Claro";"Simples";"Reta";"Rural";3;2;0;0;0;1;0;2
83446294;"10/03/16";"Quinta";"09:30:00";"BA";101;"683,4";"ITAGIMIRIM";"Animais na Pista";"Atropelamento de animal";"Sem Vítimas";"Pleno dia";"Decrescente";"Sol";"Simples";"Reta";"Rural";2;0;0;0;2;0;0;1
83446295;"02/03/16";"Quarta";"22:00:00";"SC";470;"40,8";"GASPAR";"Outras";"Colisão frontal";"Com Vítimas Feridas";"Plena noite";"Decrescente";"Chuva";"Simples";"Reta";"Urbano";3;0;1;2;0;0;3;2
83446296;"10/03/16";"Quinta";"14:30:00";"BA";116;"827,4";"VITORIA DA CONQUISTA";"Ingestão de álcool";"Colisão Transversal";"Sem Vítimas";"Pleno dia";"Crescente";"Sol";"Simples";"Reta";"Urbano";2;0;0;0;2;0;0;2
83446297;"10/03/16";"Quinta";"13:30:00";"RJ";40;"74";"PETROPOLIS";"Outras";"Incêndio";"Sem Vítimas";"Pleno dia";"Crescente";"Sol";"Simples";"Reta";"Rural";2;0;0;0;2;0;0;1
83446298;"10/03/16";"Quinta";"15:00:00";"CE";20;"409";"CAUCAIA";"Outras";"Queda de motocicleta / bicicleta / veículo";"Com Vítimas Feridas";"Pleno dia";"Crescente";"Sol";"Simples";"Reta";"Urbano";1;0;1;0;0;0;1;1
83446299;"10/03/16";"Quinta";"13:30:00";"SP";116;"542,1";"BARRA DO TURVO";"Velocidade incompatível";"Colisão com objeto fixo";"Sem Vítimas";"Pleno dia";"Decrescente";"Nublado";"Simples";"Curva";"Rural";1;0;0;0;1;0;0;1
83446300;"07/03/16";"Segunda";"18:40:00";"RN";405;"156,9";"PAU DOS FERROS";"Outras";"Colisão lateral";"Com Vítimas Feridas";"Plena noite";"Crescente";"Ceu Claro";"Simples";"Reta";"Rural";2;0;0;1;1;0;1;2
83446301;"10/01/16";"Domingo";"19:00:00";"CE";116;"215";"TABULEIRO DO NORTE";"Falta de atenção";"Colisão traseira";"Com Vítimas Fatais";"Plena noite";"Decrescente";"Ceu Claro";"Simples";"Reta";"Rural";3;1;0;0;2;0;0;3
83446302;"02/01/16";"Sábado";"20:30:00";"ES";101;"286,5";"CARIACICA";"Falta de atenção";"Queda de motocicleta / bicicleta / veículo";"Com Vítimas Feridas";"Plena noite";"Decrescente";"Chuva";"Dupla";"Reta";"Urbano";1;0;1;0;0;0;1;1
83446303;"10/03/16";"Quinta";"14:30:00";"RS";392;"99,5";"MORRO REDONDO";"Defeito mecânico em veículo";"Tombamento";"Com Vítimas Feridas";"Pleno dia";"Decrescente";"Ceu Claro";"Simples";"Cruzamento";"Urbano";1;0;1;0;0;0;1;1
83446304;"10/03/16";"Quinta";"18:30:00";"ES";101;"1,3";"SERRA";"Não guardar distância de segurança";"Colisão lateral";"Sem Vítimas";"Anoitecer";"Decrescente";"Ceu Claro";"Dupla";"Reta";"Urbano";3;0;0;0;1;2;0;3
83446305;"10/03/16";"Quinta";"09:30:00";"PR";277;"44";"MORRETES";"Outras";"Derramamento de Carga";"Sem Vítimas";"Pleno dia";"Crescente";"Nevoeiro/neblina";"Múltipla";"Reta";"Urbano";1;0;0;0;1;0;0;1
83446306;"10/03/16";"Quinta";"16:30:00";"PR";376;"656";"TIJUCAS DO SUL";"Falta de atenção";"Colisão lateral";"Sem Vítimas";"Pleno dia";"Decrescente";"Chuva";"Dupla";"Curva";"Rural";6;0;0;0;6;0;0;6
83446307;"10/03/16";"Quinta";"12:00:00";"MT";174;"247";"JAURU";"Outras";"Saída de Pista";"Com Vítimas Feridas";"Pleno dia";"Decrescente";"Chuva";"Simples";"Curva";"Rural";6;0;4;0;2;0;4;1
83446308;"10/03/16";"Quinta";"17:20:00";"SC";480;"129,1";"CHAPECO";"Ultrapassagem indevida";"Colisão lateral";"Sem Vítimas";"Pleno dia";"Crescente";"Ceu Claro";"Simples";"Reta";"Urbano";2;0;0;0;2;0;0;2
83446309;"10/03/16";"Quinta";"15:30:00";"RS";290;"135,5";"ELDORADO DO SUL";"Ultrapassagem indevida";"Colisão lateral";"Sem Vítimas";"Pleno dia";"Crescente";"Nublado";"Simples";"Reta";"Rural";2;0;0;0;2;0;0;2
83446310;"10/03/16";"Quinta";"15:00:00";"RS";290;"182,9";"MINAS DO LEAO";"Falta de atenção";"Colisão Transversal";"Com Vítimas Feridas";"Pleno dia";"Decrescente";"Nublado";"Simples";"Reta";"Urbano";2;0;0;1;1;0;1;2
83446311;"10/03/16";"Quinta";"19:00:00";"SC";470;"192,5";"POUSO REDONDO";"Falta de atenção";"Tombamento";"Com Vítimas Feridas";"Plena noite";"Crescente";"Ceu Claro";"Simples";"Curva";"Rural";1;0;1;0;0;0;1;1
83446312;"10/03/16";"Quinta";"16:00:00";"MA";10;"89";"CAROLINA";"Defeito mecânico em veículo";"Saída de Pista";"Com Vítimas Feridas";"Pleno dia";"Crescente";"Ceu Claro";"Simples";"Reta";"Rural";1;0;1;0;0;0;1;1
83446313;"07/03/16";"Segunda";"07:00:00";"MG";116;"702,5";"MURIAE";"Falta de atenção";"Colisão Transversal";"Com Vítimas Feridas";"Pleno dia";"Decrescente";"Ceu Claro";"Simples";"Curva";"Urbano";2;0;0;1;1;0;1;2
83446314;"10/03/16";"Quinta";"18:00:00";"MG";354;"712";"CAXAMBU";"Velocidade incompatível";"Colisão lateral";"Sem Vítimas";"Anoitecer";"Crescente";"Chuva";"Simples";"Reta";"Rural";2;0;0;0;2;0;0;2
83446315;"10/03/16";"Quinta";"16:15:00";"PA";316;"25";"BENEVIDES";"Desobediência à sinalização";"Colisão traseira";"Com Vítimas Feridas";"Pleno dia";"Crescente";"Ceu Claro";"Dupla";"Reta";"Rural";3;0;1;0;2;0;1;2
83446316;"02/03/16";"Quarta";"22:45:00";"SP";116;"210";"GUARULHOS";"Outras";"Derramamento de Carga";"Sem Vítimas";"Plena noite";"Decrescente";"Nublado";"Múltipla";"Reta";"Urbano";1;0;0;0;1;0;0;1
83446317;"10/03/16";"Quinta";"11:00:00";"SP";381;"34";"ATIBAIA";"Velocidade incompatível";"Saída de Pista";"Sem Vítimas";"Pleno dia";"Crescente";"Chuva";"Dupla";"Curva";"Rural";1;0;0;0;1;0;0;1
83446318;"10/03/16";"Quinta";"12:00:00";"RS";116;"185,1";"NOVA PETROPOLIS";"Velocidade incompatível";"Saída de Pista";"Sem Vítimas";"Pleno dia";"Decrescente";"Chuva";"Simples";"Reta";"Urbano";1;0;0;0;1;0;0;1
83446319;"10/03/16";"Quinta";"14:00:00";"SP";116;"363,7";"MIRACATU";"Outras";"Atropelamento de pessoa";"Com Vítimas Feridas";"Pleno dia";"Crescente";"Ceu Claro";"Dupla";"Curva";"Rural";2;0;0;1;1;0;1;1
83446320;"10/03/16";"Quinta";"19:45:00";"RS";116;"229";"DOIS IRMAOS";"Velocidade incompatível";"Saída de Pista";"Sem Vítimas";"Anoitecer";"Decrescente";"Chuva";"Simples";"Reta";"Rural";1;0;0;0;1;0;0;1
83446321;"10/03/16";"Quinta";"17:00:00";"PR";369;"19,8";"CAMBARA";"Falta de atenção";"Colisão Transversal";"Com Vítimas Feridas";"Pleno dia";"Crescente";"Nublado";"Simples";"Cruzamento";"Urbano";2;0;0;1;1;0;1;2
83446322;"10/03/16";"Quinta";"16:35:00";"SE";235;"4";"NOSSA SENHORA DO SOCORRO";"Falta de atenção";"Colisão traseira";"Sem Vítimas";"Pleno dia";"Decrescente";"Ceu Claro";"Dupla";"Reta";"Urbano";3;0;0;0;3;0;0;3
83446323;"03/03/16";"Quinta";"15:30:00";"SP";116;"219";"GUARULHOS";"Velocidade incompatível";"Saída de Pista";"Com Vítimas Feridas";"Pleno dia";"Crescente";"Nublado";"Simples";"Curva";"Urbano";1;0;1;0;0;0;1;1
83446324;"10/03/16";"Quinta";"18:00:00";"PE";232;"270,8";"SERTANIA";"Velocidade incompatível";"Colisão lateral";"Sem Vítimas";"Anoitecer";"Decrescente";"Chuva";"Simples";"Curva";"Rural";2;0;0;0;2;0;0;2
83446325;"10/03/16";"Quinta";"18:10:00";"BA";116;"416";"FEIRA DE SANTANA";"Outras";"Atropelamento de pessoa";"Com Vítimas Feridas";"Plena noite";"Decrescente";"Ceu Claro";"Simples";"Reta";"Urbano";3;0;0;1;2;0;1;2
83446326;"07/03/16";"Segunda";"06:00:00";"MG";262;"527";"LUZ";"Dormindo";"Tombamento";"Com Vítimas Feridas";"Amanhecer";"Decrescente";"Chuva";"Simples";"Reta";"Rural";1;0;1;0;0;0;1;1
83446327;"10/03/16";"Quinta";"17:30:00";"PE";232;"271";"SERTANIA";"Velocidade incompatível";"Capotamento";"Sem Vítimas";"Pleno dia";"Crescente";"Chuva";"Simples";"Curva";"Rural";1;0;0;0;1;0;0;1
83446328;"10/03/16";"Quinta";"17:20:00";"PE";232;"271,7";"SERTANIA";"Ultrapassagem indevida";"Tombamento";"Sem Vítimas";"Pleno dia";"Decrescente";"Chuva";"Simples";"Reta";"Rural";1;0;0;0;1;0;0;1
83446329;"10/03/16";"Quinta";"16:00:00";"MT";364;"565";"NOBRES";"Outras";"Saída de Pista";"Sem Vítimas";"Pleno dia";"Decrescente";"Chuva";"Dupla";"Curva";"Rural";1;0;0;0;1;0;0;1
83446330;"10/03/16";"Quinta";"19:15:00";"PR";116;"9";"COLOMBO";"Defeito mecânico em veículo";"Queda de motocicleta / bicicleta / veículo";"Com Vítimas Feridas";"Plena noite";"Decrescente";"Ceu Claro";"Dupla";"Reta";"Urbano";2;0;0;2;0;0;2;1
83446331;"06/03/16";"Domingo";"22:30:00";"SP";116;"212";"GUARULHOS";"Outras";"Colisão traseira";"Com Vítimas Feridas";"Plena noite";"Crescente";"Nevoeiro/neblina";"Múltipla";"Reta";"Urbano";3;0;3;0;0;0;3;2
83446332;"10/03/16";"Quinta";"18:00:00";"PR";376;"175,5";"MARINGA";"Falta de atenção";"Colisão Transversal";"Com Vítimas Feridas";"Pleno dia";"Crescente";"Nublado";"Dupla";"Reta";"Urbano";2;0;1;0;1;0;1;2
83446333;"10/03/16";"Quinta";"17:20:00";"ES";101;"167";"LINHARES";"Falta de atenção";"Colisão Transversal";"Com Vítimas Feridas";"Pleno dia";"Crescente";"Sol";"Simples";"Reta";"Rural";2;0;1;0;0;1;1;2
83446334;"07/03/16";"Segunda";"05:00:00";"CE";222;"4,5";"CAUCAIA";"Outras";"Queda de motocicleta / bicicleta / veículo";"Com Vítimas Feridas";"Amanhecer";"Crescente";"Ceu Claro";"Múltipla";"Reta";"Urbano";1;0;1;0;0;0;1;1
83446335;"10/03/16";"Quinta";"00:50:00";"RJ";101;"74";"CAMPOS DOS GOYTACAZES";"Falta de atenção";"Colisão traseira";"Sem Vítimas";"Plena noite";"Decrescente";"Ceu Claro";"Simples";"Reta";"Urbano";2;0;0;0;2;0;0;2
83446336;"10/03/16";"Quinta";"17:50:00";"PR";277;"146";"PORTO AMAZONAS";"Outras";"Colisão Transversal";"Sem Vítimas";"Pleno dia";"Crescente";"Sol";"Simples";"Reta";"Rural";2;0;0;0;2;0;0;2
83446338;"10/03/16";"Quinta";"20:00:00";"RJ";116;"64";"TERESOPOLIS";"Falta de atenção";"Colisão lateral";"Com Vítimas Feridas";"Plena noite";"Decrescente";"Nublado";"Simples";"Curva";"Rural";2;0;1;0;0;1;1;2
83446339;"10/03/16";"Quinta";"11:00:00";"SC";282;"35,5";"AGUAS MORNAS";"Velocidade incompatível";"Saída de Pista";"Sem Vítimas";"Pleno dia";"Crescente";"Nublado";"Simples";"Curva";"Rural";1;0;0;0;1;0;0;1
83446340;"06/03/16";"Domingo";"23:30:00";"PI";316;"299";"PICOS";"Ingestão de álcool";"Colisão Transversal";"Com Vítimas Feridas";"Plena noite";"Decrescente";"Ceu Claro";"Simples";"Reta";"Rural";3;0;0;2;1;0;2;2
83446341;"10/03/16";"Quinta";"18:20:00";"RJ";40;"107";"DUQUE DE CAXIAS";"Não guardar distância de segurança";"Colisão lateral";"Sem Vítimas";"Anoitecer";"Decrescente";"Ceu Claro";"Dupla";"Reta";"Urbano";3;0;0;0;3;0;0;3
83446342;"10/03/16";"Quinta";"17:15:00";"SE";235;"5";"NOSSA SENHORA DO SOCORRO";"Não guardar distância de segurança";"Colisão traseira";"Sem Vítimas";"Pleno dia";"Decrescente";"Ceu Claro";"Dupla";"Reta";"Rural";3;0;0;0;3;0;0;3
83446343;"10/03/16";"Quinta";"18:25:00";"CE";222;"9";"CAUCAIA";"Outras";"Colisão Transversal";"Com Vítimas Feridas";"Anoitecer";"Decrescente";"Ceu Claro";"Dupla";"Reta";"Urbano";3;0;2;0;1;0;2;2
83446344;"10/03/16";"Quinta";"21:05:00";"MG";262;"123";"RIO CASCA";"Dormindo";"Saída de Pista";"Sem Vítimas";"Plena noite";"Decrescente";"Ceu Claro";"Simples";"Curva";"Rural";1;0;0;0;1;0;0;1
83446345;"10/03/16";"Quinta";"20:15:00";"PR";277;"5";"PARANAGUA";"Ingestão de álcool";"Colisão traseira";"Sem Vítimas";"Plena noite";"Decrescente";"Nublado";"Dupla";"Reta";"Urbano";2;0;0;0;2;0;0;2
83446346;"10/03/16";"Quinta";"19:00:00";"RO";364;"342,9";"JI-PARANA";"Falta de atenção";"Colisão traseira";"Com Vítimas Feridas";"Plena noite";"Crescente";"Chuva";"Múltipla";"Reta";"Urbano";4;0;1;0;3;0;1;4
83446347;"04/03/16";"Sexta";"13:00:00";"MG";381;"430";"CAETE";"Velocidade incompatível";"Colisão Transversal";"Sem Vítimas";"Pleno dia";"Decrescente";"Chuva";"Simples";"Curva";"Rural";2;0;0;0;2;0;0;2
83446348;"10/03/16";"Quinta";"21:20:00";"MG";40;"274";"TRES MARIAS";"Animais na Pista";"Atropelamento de pessoa";"Com Vítimas Feridas";"Plena noite";"Decrescente";"Ignorada";"Simples";"Reta";"Urbano";3;0;1;0;2;0;1;1
83446349;"10/03/16";"Quinta";"16:20:00";"RO";364;"208,1";"PIMENTA BUENO";"Defeito mecânico em veículo";"Saída de Pista";"Sem Vítimas";"Pleno dia";"Crescente";"Chuva";"Simples";"Reta";"Rural";1;0;0;0;1;0;0;1
83446350;"06/03/16";"Domingo";"20:30:00";"MA";135;"4";"SAO LUIS";"Falta de atenção";"Colisão traseira";"Sem Vítimas";"Plena noite";"Decrescente";"Ceu Claro";"Dupla";"Reta";"Urbano";2;0;0;0;2;0;0;2
83446351;"10/03/16";"Quinta";"20:30:00";"SP";116;"340";"MIRACATU";"Velocidade incompatível";"Colisão com objeto fixo";"Sem Vítimas";"Plena noite";"Crescente";"Chuva";"Dupla";"Curva";"Rural";2;0;0;0;2;0;0;2
83446352;"10/03/16";"Quinta";"17:45:00";"AL";423;"52";"INHAPI";"Falta de atenção";"Atropelamento de pessoa";"Com Vítimas Feridas";"Anoitecer";"Decrescente";"Ignorada";"Simples";"Reta";"Urbano";2;0;1;0;1;0;1;1
83446353;"10/03/16";"Quinta";"19:45:00";"PR";376;"196,2";"MARIALVA";"Outras";"Colisão traseira";"Com Vítimas Feridas";"Plena noite";"Decrescente";"Nublado";"Dupla";"Reta";"Rural";3;0;0;1;1;1;1;2
83446354;"02/03/16";"Quarta";"04:30:00";"GO";60;"72,8";"ABADIANIA";"Outras";"Tombamento";"Sem Vítimas";"Plena noite";"Crescente";"Nublado";"Dupla";"Reta";"Rural";1;0;0;0;1;0;0;1
83446355;"10/03/16";"Quinta";"10:00:00";"MG";146;"509,6";"POCOS DE CALDAS";"Velocidade incompatível";"Tombamento";"Sem Vítimas";"Pleno dia";"Decrescente";"Chuva";"Simples";"Curva";"Rural";1;0;0;0;1;0;0;1
83446356;"10/03/16";"Quinta";"18:50:00";"MG";381;"687,9";"LAVRAS";"Falta de atenção";"Colisão Transversal";"Sem Vítimas";"Plena noite";"Decrescente";"Ceu Claro";"Dupla";"Reta";"Rural";3;0;0;0;3;0;0;2
83446357;"10/03/16";"Quinta";"11:35:00";"SP";116;"226,6";"GUARULHOS";"Falta de atenção";"Colisão traseira";"Com Vítimas Feridas";"Pleno dia";"Crescente";"Chuva";"Múltipla";"Reta";"Urbano";5;0;3;0;2;0;3;2
83446358;"10/03/16";"Quinta";"19:30:00";"MG";381;"355";"JOAO MONLEVADE";"Ultrapassagem indevida";"Queda de motocicleta / bicicleta / veículo";"Com Vítimas Feridas";"Plena noite";"Decrescente";"Ceu Claro";"Simples";"Curva";"Urbano";1;0;0;1;0;0;1;1
83446359;"10/03/16";"Quinta";"22:30:00";"RJ";116;"167";"SAO JOAO DE MERITI";"Não guardar distância de segurança";"Colisão traseira";"Com Vítimas Feridas";"Plena noite";"Crescente";"Nublado";"Múltipla";"Reta";"Urbano";2;0;1;0;1;0;1;2
83446360;"10/03/16";"Quinta";"11:45:00";"BA";324;"605";"SIMOES FILHO";"Não guardar distância de segurança";"Colisão traseira";"Sem Vítimas";"Pleno dia";"Decrescente";"Ceu Claro";"Dupla";"Reta";"Urbano";2;0;0;0;2;0;0;2
83446361;"10/03/16";"Quinta";"22:10:00";"SP";116;"454,3";"REGISTRO";"Falta de atenção";"Saída de Pista";"Ignorado";"Plena noite";"Crescente";"Chuva";"Dupla";"Curva";"Rural";1;0;0;0;0;1;0;1
83446362;"10/03/16";"Quinta";"13:20:00";"PE";232;"407,9";"SERRA TALHADA";"Falta de atenção";"Colisão Transversal";"Com Vítimas Feridas";"Pleno dia";"Decrescente";"Ceu Claro";"Simples";"Reta";"Urbano";3;0;1;0;2;0;1;3
83446363;"10/03/16";"Quinta";"22:30:00";"RS";101;"22";"TRES CACHOEIRAS";"Velocidade incompatível";"Colisão traseira";"Sem Vítimas";"Plena noite";"Decrescente";"Chuva";"Dupla";"Reta";"Urbano";2;0;0;0;1;1;0;2
83446364;"10/03/16";"Quinta";"18:50:00";"PI";135;"333";"SANTA LUZ";"Falta de atenção";"Colisão lateral";"Com Vítimas Feridas";"Plena noite";"Crescente";"Ceu Claro";"Simples";"Reta";"Rural";2;0;0;1;1;0;1;2
83446365;"10/03/16";"Quinta";"16:00:00";"DF";70;"13";"BRASILIA";"Ingestão de álcool";"Colisão traseira";"Com Vítimas Feridas";"Pleno dia";"Crescente";"Ceu Claro";"Dupla";"Reta";"Urbano";2;0;1;0;1;0;1;2
83446366;"10/03/16";"Quinta";"21:40:00";"PR";163;"8";"BARRACAO";"Falta de atenção";"Colisão Transversal";"Com Vítimas Feridas";"Plena noite";"Crescente";"Nublado";"Dupla";"Reta";"Urbano";3;0;1;0;2;0;1;2
83446367;"07/03/16";"Segunda";"06:00:00";"MG";40;"477";"SETE LAGOAS";"Dormindo";"Tombamento";"Com Vítimas Feridas";"Pleno dia";"Crescente";"Ceu Claro";"Dupla";"Reta";"Rural";2;0;1;1;0;0;2;1
83446368;"10/03/16";"Quinta";"20:20:00";"MG";50;"200,8";"DELTA";"Velocidade incompatível";"Saída de Pista";"Com Vítimas Feridas";"Plena noite";"Crescente";"Chuva";"Dupla";"Reta";"Rural";2;0;2;0;0;0;2;1
83446369;"10/03/16";"Quinta";"18:40:00";"RN";405;"195,8";"LUIS GOMES";"Animais na Pista";"Atropelamento de animal";"Com Vítimas Feridas";"Plena noite";"Decrescente";"Ceu Claro";"Simples";"Reta";"Urbano";1;0;0;1;0;0;1;1
83446370;"10/03/16";"Quinta";"22:40:00";"SC";101;"180";"BIGUACU";"Falta de atenção";"Colisão traseira";"Com Vítimas Feridas";"Plena noite";"Crescente";"Nublado";"Dupla";"Reta";"Urbano";3;0;1;0;2;0;1;2
83446371;"10/03/16";"Quinta";"22:40:00";"PR";369;"401";"MAMBORE";"Dormindo";"Saída de Pista";"Sem Vítimas";"Plena noite";"Crescente";"Ceu Claro";"Simples";"Reta";"Rural";1;0;0;0;1;0;0;1
83446372;"10/03/16";"Quinta";"22:45:00";"MG";381;"865,8";"POUSO ALEGRE";"Falta de atenção";"Colisão traseira";"Sem Vítimas";"Plena noite";"Crescente";"Chuva";"Múltipla";"Reta";"Rural";2;0;0;0;2;0;0;2
83446373;"11/03/16";"Sexta";"01:30:00";"RJ";101;"331";"RIO DE JANEIRO";"Outras";"Queda de motocicleta / bicicleta / veículo";"Com Vítimas Feridas";"Plena noite";"Crescente";"Nublado";"Dupla";"Reta";"Urbano";2;0;2;0;0;0;2;1
83446374;"06/03/16";"Domingo";"18:10:00";"PR";476;"191,6";"LAPA";"Defeito mecânico em veículo";"Colisão traseira";"Com Vítimas Feridas";"Anoitecer";"Crescente";"Nublado";"Dupla";"Reta";"Rural";4;0;1;0;3;0;1;3
83446375;"10/03/16";"Quinta";"19:40:00";"RS";116;"243";"SAO LEOPOLDO";"Falta de atenção";"Colisão Transversal";"Com Vítimas Feridas";"Anoitecer";"Crescente";"Chuva";"Dupla";"Reta";"Urbano";2;0;1;0;1;0;1;2
83446376;"10/03/16";"Quinta";"18:50:00";"MG";262;"799,4";"UBERABA";"Desobediência à sinalização";"Colisão Transversal";"Com Vítimas Feridas";"Anoitecer";"Crescente";"Chuva";"Simples";"Reta";"Urbano";3;0;1;0;2;0;1;2
83446377;"10/03/16";"Quinta";"11:00:00";"SP";381;"75";"SAO PAULO";"Velocidade incompatível";"Capotamento";"Com Vítimas Feridas";"Pleno dia";"Decrescente";"Chuva";"Dupla";"Curva";"Rural";2;0;2;0;0;0;2;1
83446378;"10/03/16";"Quinta";"22:30:00";"BA";101;"841";"TEIXEIRA DE FREITAS";"Outras";"Capotamento";"Com Vítimas Feridas";"Plena noite";"Decrescente";"Ceu Claro";"Simples";"Curva";"Rural";1;0;0;1;0;0;1;1
83446379;"10/03/16";"Quinta";"15:30:00";"RO";364;"605";"ITAPUÃ DO OESTE";"Ingestão de álcool";"Colisão traseira";"Com Vítimas Feridas";"Pleno dia";"Decrescente";"Sol";"Simples";"Reta";"Rural";3;0;1;0;2;0;1;2
83446380;"11/03/16";"Sexta";"01:10:00";"MG";262;"386,5";"MATEUS LEME";"Velocidade incompatível";"Colisão com objeto fixo";"Sem Vítimas";"Plena noite";"Crescente";"Chuva";"Dupla";"Curva";"Rural";1;0;0;0;1;0;0;1
83446381;"10/03/16";"Quinta";"17:00:00";"MT";174;"561";"COMODORO";"Ingestão de álcool";"Colisão lateral";"Com Vítimas Feridas";"Anoitecer";"Crescente";"Chuva";"Simples";"Curva";"Rural";2;0;2;0;0;0;2;2
83446382;"03/03/16";"Quinta";"15:00:00";"BA";101;"830,8";"ITAMARAJU";"Velocidade incompatível";"Tombamento";"Com Vítimas Feridas";"Pleno dia";"Decrescente";"Ceu Claro";"Simples";"Curva";"Rural";1;0;1;0;0;0;1;1
83446383;"11/03/16";"Sexta";"02:15:00";"PA";316;"6";"ANANINDEUA";"Dormindo";"Colisão com objeto fixo";"Com Vítimas Feridas";"Plena noite";"Decrescente";"Chuva";"Dupla";"Reta";"Urbano";1;0;1;0;0;0;1;1
83446384;"11/03/16";"Sexta";"00:50:00";"MS";163;"529,3";"JARAGUARI";"Dormindo";"Saída de Pista";"Sem Vítimas";"Plena noite";"Crescente";"Ceu Claro";"Simples";"Reta";"Rural";1;0;0;0;1;0;0;1
83446385;"10/03/16";"Quinta";"18:30:00";"RS";448;"14";"CANOAS";"Falta de atenção";"Colisão traseira";"Com Vítimas Feridas";"Pleno dia";"Decrescente";"Chuva";"Dupla";"Cruzamento";"Rural";3;0;0;1;2;0;1;3
83446386;"10/03/16";"Quinta";"20:00:00";"AM";319;"113";"CAREIRO";"Velocidade incompatível";"Atropelamento de pessoa";"Com Vítimas Fatais";"Plena noite";"Crescente";"Nublado";"Simples";"Reta";"Urbano";4;2;0;1;1;0;1;1
83446387;"10/03/16";"Quinta";"17:30:00";"TO";153;"111,2";"WANDERLANDIA";"Ultrapassagem indevida";"Saída de Pista";"Com Vítimas Feridas";"Pleno dia";"Decrescente";"Chuva";"Simples";"Reta";"Rural";1;0;1;0;0;0;1;1
83446388;"11/03/16";"Sexta";"02:30:00";"SC";116;"174,9";"SAO CRISTOVAO DO SUL";"Dormindo";"Tombamento";"Sem Vítimas";"Plena noite";"Crescente";"Chuva";"Simples";"Reta";"Rural";1;0;0;0;1;0;0;1
83446389;"10/03/16";"Quinta";"18:00:00";"CE";222;"1,8";"FORTALEZA";"Outras";"Atropelamento de pessoa";"Com Vítimas Feridas";"Anoitecer";"Decrescente";"Ceu Claro";"Múltipla";"Reta";"Urbano";2;0;0;1;0;1;1;1
83446390;"10/03/16";"Quinta";"12:15:00";"PR";277;"239";"IRATI";"Não guardar distância de segurança";"Colisão traseira";"Com Vítimas Feridas";"Pleno dia";"Crescente";"Chuva";"Simples";"Reta";"Rural";3;0;1;0;2;0;1;3
83446391;"11/03/16";"Sexta";"00:20:00";"AC";364;"125";"RIO BRANCO";"Animais na Pista";"Saída de Pista";"Com Vítimas Feridas";"Plena noite";"Decrescente";"Chuva";"Simples";"Reta";"Urbano";2;0;1;0;1;0;1;1
83446392;"10/03/16";"Quinta";"07:50:00";"SC";101;"73,1";"ARAQUARI";"Outras";"Colisão com objeto fixo";"Com Vítimas Feridas";"Pleno dia";"Decrescente";"Chuva";"Dupla";"Reta";"Rural";1;0;1;0;0;0;1;1
83446393;"10/03/16";"Quinta";"15:40:00";"SP";116;"274";"EMBU";"Desobediência à sinalização";"Colisão lateral";"Com Vítimas Feridas";"Pleno dia";"Crescente";"Chuva";"Dupla";"Reta";"Urbano";2;0;1;0;1;0;1;2
83446395;"10/03/16";"Quinta";"22:30:00";"SC";101;"259,8";"GAROPABA";"Defeito mecânico em veículo";"Colisão com objeto fixo";"Sem Vítimas";"Plena noite";"Decrescente";"Nublado";"Dupla";"Curva";"Rural";2;0;0;0;2;0;0;2
83446396;"10/03/16";"Quinta";"18:30:00";"GO";414;"217,8";"NIQUELANDIA";"Ingestão de álcool";"Saída de Pista";"Com Vítimas Fatais";"Anoitecer";"Decrescente";"Ceu Claro";"Simples";"Reta";"Rural";2;1;1;0;0;0;1;1
83446397;"11/03/16";"Sexta";"01:35:00";"RJ";116;"179,3";"NOVA IGUACU";"Ingestão de álcool";"Colisão com objeto fixo";"Sem Vítimas";"Plena noite";"Decrescente";"Nublado";"Dupla";"Reta";"Urbano";1;0;0;0;1;0;0;1
83446398;"27/02/16";"Sábado";"20:00:00";"MG";40;"524";"CONTAGEM";"Outras";"Atropelamento de pessoa";"Com Vítimas Feridas";"Plena noite";"Decrescente";"Chuva";"Dupla";"Reta";"Urbano";2;0;0;1;1;0;1;1