"id";"data_inversa";"dia_semana";"horario";"uf";"br";"km";"municipio";"causa_acidente";"tipo_acidente";"classificacao_acidente";"fase_dia";"sentido_via";"condicao_metereologica";"tipo_pista";"tracado_via";"uso_solo";"pessoas";"mortos";"feridos_leves";"feridos_graves";"ilesos";"ignorados";"feridos";"veiculos"
83446642;"11/03/16";"Sexta";"19:30:00";"PR";376;"89,2";"PARANAVAI";"Falta de atenção";"Colisão lateral";"Sem Vítimas";"Plena noite";"Crescente";"Nublado";"Simples";"Reta";"Rural";2;0;0;0;2;0;0;2
83446643;"11/03/16";"Sexta";"14:10:00";"PR";487;"168,5";"ARARUNA";"Outras";"Tombamento";"Com Vítimas Feridas";"Pleno dia";"Crescente";"Sol";"Simples";"Reta";"Rural";1;0;0;1;0;0;1;1
83446644;"11/03/16";"Sexta";"13:15:00";"RS";392;"634,1";"GUARANI DAS MISSOES";"Outras";"Colisão lateral";"Com Vítimas Feridas";"Pleno dia";"Crescente";"Sol";"Simples";"Cruzamento";"Rural";2;0;0;1;1;0;1;2
83446645;"11/03/16";"Sexta";"21:05:00";"MG";381;"521,1";"BRUMADINHO";"Velocidade incompatível";"Capotamento";"Com Vítimas Feridas";"Plena noite";"Crescente";"Chuva";"Dupla";"Curva";"Rural";2;0;1;0;1;0;1;1
83446646;"11/03/16";"Sexta";"17:10:00";"CE";222;"3,3";"FORTALEZA";"Outras";"Colisão com bicicleta";"Com Vítimas Feridas";"Pleno dia";"Decrescente";"Sol";"Dupla";"Reta";"Urbano";2;0;0;1;0;1;1;2
83446647;"11/03/16";"Sexta";"17:20:00";"MT";364;"476";"JANGADA";"Outras";"Derramamento de Carga";"Sem Vítimas";"Anoitecer";"Crescente";"Nublado";"Simples";"Reta";"Rural";5;0;0;0;5;0;0;5
83446648;"11/03/16";"Sexta";"12:00:00";"RJ";116;"190,3";"QUEIMADOS";"Outras";"Colisão com objeto fixo";"Sem Vítimas";"Pleno dia";"Crescente";"Nublado";"Múltipla";"Curva";"Urbano";1;0;0;0;1;0;0;1
83446649;"09/03/16";"Quarta";"14:00:00";"PB";230;"39,9";"SANTA RITA";"Falta de atenção";"Saída de Pista";"Com Vítimas Feridas";"Pleno dia";"Crescente";"Sol";"Dupla";"Reta";"Rural";2;0;1;0;1;0;1;1
83446650;"11/03/16";"Sexta";"19:45:00";"GO";60;"101";"ANAPOLIS";"Falta de atenção";"Colisão traseira";"Sem Vítimas";"Anoitecer";"Crescente";"Sol";"Dupla";"Reta";"Urbano";2;0;0;0;1;1;0;2
83446651;"11/03/16";"Sexta";"20:40:00";"PE";232;"147,8";"SAO CAITANO";"Outras";"Colisão traseira";"Sem Vítimas";"Plena noite";"Crescente";"Nublado";"Dupla";"Reta";"Rural";2;0;0;0;2;0;0;2
83446652;"11/03/16";"Sexta";"17:50:00";"SC";470;"65,8";"INDAIAL";"Falta de atenção";"Colisão frontal";"Com Vítimas Feridas";"Pleno dia";"Decrescente";"Nublado";"Simples";"Reta";"Rural";2;0;1;1;0;0;2;2
83446653;"11/03/16";"Sexta";"15:40:00";"PR";277;"115";"CAMPO LARGO";"Velocidade incompatível";"Colisão Transversal";"Com Vítimas Fatais";"Pleno dia";"Decrescente";"Ceu Claro";"Dupla";"Reta";"Urbano";3;1;0;0;2;0;0;2
83446654;"11/03/16";"Sexta";"13:40:00";"MG";116;"627";"ORIZANIA";"Velocidade incompatível";"Saída de Pista";"Com Vítimas Feridas";"Pleno dia";"Crescente";"Ceu Claro";"Simples";"Curva";"Rural";1;0;1;0;0;0;1;1
83446655;"11/03/16";"Sexta";"11:05:00";"MG";116;"670,6";"MIRADOURO";"Falta de atenção";"Tombamento";"Sem Vítimas";"Pleno dia";"Decrescente";"Nublado";"Simples";"Curva";"Rural";1;0;0;0;1;0;0;1
83446656;"11/03/16";"Sexta";"09:45:00";"SP";381;"36";"ATIBAIA";"Desobediência à sinalização";"Colisão traseira";"Sem Vítimas";"Pleno dia";"Crescente";"Nublado";"Dupla";"Reta";"Urbano";3;0;0;0;3;0;0;3
83446657;"11/03/16";"Sexta";"16:15:00";"CE";116;"318,7";"JAGUARIBE";"Falta de atenção";"Colisão Transversal";"Com Vítimas Fatais";"Pleno dia";"Decrescente";"Ceu Claro";"Simples";"Curva";"Rural";2;1;0;0;1;0;0;2
83446658;"11/03/16";"Sexta";"21:57:00";"RS";116;"38,3";"VACARIA";"Outras";"Colisão Transversal";"Com Vítimas Feridas";"Plena noite";"Crescente";"Ceu Claro";"Simples";"Reta";"Urbano";3;0;1;0;1;1;1;2
83446659;"03/03/16";"Quinta";"20:15:00";"MA";135;"118";"MIRANDA DO NORTE";"Outras";"Incêndio";"Sem Vítimas";"Plena noite";"Decrescente";"Chuva";"Simples";"Reta";"Rural";2;0;0;0;2;0;0;1
83446660;"11/03/16";"Sexta";"19:30:00";"SC";280;"52,3";"GUARAMIRIM";"Falta de atenção";"Colisão traseira";"Com Vítimas Feridas";"Plena noite";"Crescente";"Chuva";"Simples";"Reta";"Urbano";3;0;2;0;1;0;2;2
83446661;"11/03/16";"Sexta";"21:45:00";"RS";386;"280,1";"SAO JOSE DO HERVAL";"Desobediência à sinalização";"Colisão lateral";"Sem Vítimas";"Plena noite";"Crescente";"Nublado";"Simples";"Curva";"Urbano";2;0;0;0;2;0;0;2
83446662;"11/03/16";"Sexta";"20:25:00";"SP";116;"412";"JUQUIA";"Outras";"Colisão frontal";"Com Vítimas Feridas";"Plena noite";"Decrescente";"Ceu Claro";"Dupla";"Reta";"Rural";4;0;4;0;0;0;4;4
83446663;"11/03/16";"Sexta";"23:20:00";"RS";101;"0";"TORRES";"Desobediência à sinalização";"Colisão traseira";"Sem Vítimas";"Plena noite";"Crescente";"Nublado";"Dupla";"Reta";"Urbano";2;0;0;0;2;0;0;2
83446665;"11/03/16";"Sexta";"17:50:00";"GO";364;"100";"CACHOEIRA ALTA";"Ultrapassagem indevida";"Saída de Pista";"Com Vítimas Feridas";"Anoitecer";"Decrescente";"Ceu Claro";"Simples";"Reta";"Rural";1;0;1;0;0;0;1;1
83446666;"11/03/16";"Sexta";"17:50:00";"PR";369;"185,8";"ARAPONGAS";"Falta de atenção";"Colisão lateral";"Com Vítimas Feridas";"Pleno dia";"Decrescente";"Ceu Claro";"Simples";"Reta";"Urbano";2;0;1;0;1;0;1;2
83446667;"11/03/16";"Sexta";"20:15:00";"PR";116;"121";"CURITIBA";"Ingestão de álcool";"Queda de motocicleta / bicicleta / veículo";"Com Vítimas Feridas";"Plena noite";"Decrescente";"Ignorada";"Dupla";"Reta";"Rural";2;0;2;0;0;0;2;1
83446668;"11/03/16";"Sexta";"19:20:00";"GO";70;"0";"AGUAS LINDAS DE GOIAS";"Outras";"Queda de motocicleta / bicicleta / veículo";"Com Vítimas Feridas";"Plena noite";"Crescente";"Chuva";"Dupla";"Reta";"Rural";2;0;1;0;0;1;1;2
83446669;"11/03/16";"Sexta";"14:45:00";"PR";153;"22,3";"JACAREZINHO";"Defeito mecânico em veículo";"Tombamento";"Sem Vítimas";"Pleno dia";"Decrescente";"Ceu Claro";"Simples";"Curva";"Rural";1;0;0;0;1;0;0;1
83446670;"11/03/16";"Sexta";"17:50:00";"SC";101;"95";"BARRA VELHA";"Falta de atenção";"Colisão traseira";"Sem Vítimas";"Pleno dia";"Crescente";"Chuva";"Dupla";"Reta";"Rural";2;0;0;0;2;0;0;2
83446671;"11/02/16";"Quinta";"22:00:00";"SC";101;"210";"SAO JOSE";"Falta de atenção";"Colisão traseira";"Com Vítimas Feridas";"Plena noite";"Crescente";"Nublado";"Múltipla";"Reta";"Urbano";2;0;1;0;1;0;1;2
83446672;"11/03/16";"Sexta";"22:30:00";"RS";116;"175";"CAXIAS DO SUL";"Outras";"Colisão com objeto fixo";"Sem Vítimas";"Plena noite";"Decrescente";"Chuva";"Simples";"Curva";"Rural";1;0;0;0;1;0;0;1
83446673;"11/03/16";"Sexta";"10:40:00";"RS";471;"484,3";"RIO GRANDE";"Outras";"Saída de Pista";"Sem Vítimas";"Plena noite";"Crescente";"Nublado";"Simples";"Reta";"Rural";1;0;0;0;1;0;0;1
83446674;"11/03/16";"Sexta";"15:35:00";"SP";381;"54";"MAIRIPORA";"Outras";"Colisão lateral";"Sem Vítimas";"Pleno dia";"Decrescente";"Nublado";"Dupla";"Reta";"Rural";2;0;0;0;2;0;0;2
83446675;"11/03/16";"Sexta";"23:50:00";"SC";101;"22,9";"JOINVILLE";"Outras";"Colisão com bicicleta";"Com Vítimas Feridas";"Plena noite";"Decrescente";"Nublado";"Dupla";"Reta";"Urbano";2;0;1;0;1;0;1;2
83446676;"11/03/16";"Sexta";"22:30:00";"PB";230;"65";"SAO MIGUEL DE TAIPU";"Velocidade incompatível";"Capotamento";"Com Vítimas Feridas";"Plena noite";"Crescente";"Ceu Claro";"Dupla";"Reta";"Rural";1;0;1;0;0;0;1;1
83446677;"11/03/16";"Sexta";"20:00:00";"RN";406;"130";"TAIPU";"Ingestão de álcool";"Colisão lateral";"Sem Vítimas";"Plena noite";"Decrescente";"Ceu Claro";"Simples";"Reta";"Urbano";2;0;0;0;2;0;0;2
83446678;"11/03/16";"Sexta";"21:00:00";"AC";364;"137";"RIO BRANCO";"Falta de atenção";"Queda de motocicleta / bicicleta / veículo";"Com Vítimas Feridas";"Plena noite";"Crescente";"Ceu Claro";"Simples";"Reta";"Urbano";3;0;0;1;2;0;1;2
83446679;"11/03/16";"Sexta";"23:15:00";"SC";116;"209,6";"PONTE ALTA";"Outras";"Atropelamento de pessoa";"Com Vítimas Fatais";"Plena noite";"Crescente";"Ceu Claro";"Simples";"Curva";"Urbano";2;1;0;0;0;1;0;1
83446680;"11/03/16";"Sexta";"19:15:00";"PE";232;"18";"JABOATAO DOS GUARARAPES";"Animais na Pista";"Atropelamento de animal";"Com Vítimas Feridas";"Plena noite";"Decrescente";"Ceu Claro";"Dupla";"Reta";"Rural";5;0;1;4;0;0;5;1
83446681;"11/03/16";"Sexta";"23:50:00";"MG";381;"504,8";"BETIM";"Ingestão de álcool";"Colisão traseira";"Com Vítimas Feridas";"Plena noite";"Crescente";"Ceu Claro";"Dupla";"Reta";"Urbano";2;0;1;0;1;0;1;2
83446682;"11/03/16";"Sexta";"22:30:00";"RJ";101;"334";"RIO DE JANEIRO";"Outras";"Colisão traseira";"Com Vítimas Fatais";"Plena noite";"Crescente";"Nublado";"Dupla";"Reta";"Urbano";4;1;0;0;3;0;0;4
83446683;"12/03/16";"Sábado";"00:10:00";"PR";369;"153,4";"LONDRINA";"Velocidade incompatível";"Colisão com objeto fixo";"Com Vítimas Feridas";"Plena noite";"Decrescente";"Ceu Claro";"Dupla";"Curva";"Urbano";4;0;0;3;0;1;3;1
83446684;"11/03/16";"Sexta";"21:25:00";"BA";242;"869";"LUIS EDUARDO MAGALHAES";"Velocidade incompatível";"Atropelamento de pessoa";"Com Vítimas Fatais";"Plena noite";"Decrescente";"Ceu Claro";"Simples";"Reta";"Rural";2;1;0;0;0;1;0;1
83446685;"11/03/16";"Sexta";"14:10:00";"MT";163;"813";"SINOP";"Ultrapassagem indevida";"Colisão frontal";"Com Vítimas Feridas";"Pleno dia";"Decrescente";"Nublado";"Simples";"Reta";"Rural";2;0;1;0;1;0;1;2
83446686;"11/03/16";"Sexta";"12:00:00";"MA";230;"1";"BARAO DE GRAJAU";"Falta de atenção";"Colisão frontal";"Com Vítimas Feridas";"Pleno dia";"Crescente";"Nublado";"Simples";"Curva";"Urbano";3;0;1;2;0;0;3;2
83446687;"11/03/16";"Sexta";"19:20:00";"RS";158;"336";"SANTA MARIA";"Defeito na via";"Queda de motocicleta / bicicleta / veículo";"Com Vítimas Feridas";"Plena noite";"Crescente";"Chuva";"Simples";"Reta";"Urbano";2;0;1;0;1;0;1;2
83446688;"12/03/16";"Sábado";"01:00:00";"SC";101;"193";"BIGUACU";"Falta de atenção";"Saída de Pista";"Sem Vítimas";"Plena noite";"Crescente";"Nublado";"Dupla";"Reta";"Urbano";1;0;0;0;1;0;0;1
83446689;"11/03/16";"Sexta";"23:20:00";"MG";262;"161,5";"SAO DOMINGOS DO PRATA";"Ingestão de álcool";"Saída de Pista";"Sem Vítimas";"Plena noite";"Decrescente";"Nevoeiro/neblina";"Simples";"Curva";"Rural";1;0;0;0;1;0;0;1
83446691;"12/03/16";"Sábado";"01:00:00";"SC";470;"245,8";"CURITIBANOS";"Não guardar distância de segurança";"Colisão traseira";"Sem Vítimas";"Plena noite";"Decrescente";"Ceu Claro";"Simples";"Curva";"Rural";3;0;0;0;1;2;0;3
83446692;"11/03/16";"Sexta";"20:40:00";"MS";262;"443,3";"DOIS IRMAOS DO BURITI";"Outras";"Saída de Pista";"Com Vítimas Fatais";"Plena noite";"Decrescente";"Ceu Claro";"Simples";"Reta";"Rural";3;1;1;1;0;0;2;1
83446694;"11/03/16";"Sexta";"18:50:00";"MT";163;"704";"SORRISO";"Ingestão de álcool";"Colisão frontal";"Com Vítimas Fatais";"Anoitecer";"Decrescente";"Chuva";"Simples";"Reta";"Rural";4;1;2;0;1;0;2;2
83446695;"11/03/16";"Sexta";"18:00:00";"MG";381;"690,3";"LAVRAS";"Defeito mecânico em veículo";"Tombamento";"Com Vítimas Feridas";"Anoitecer";"Decrescente";"Ceu Claro";"Dupla";"Reta";"Rural";1;0;1;0;0;0;1;1
83446696;"10/03/16";"Quinta";"17:00:00";"BA";101;"728";"EUNAPOLIS";"Defeito mecânico em veículo";"Incêndio";"Sem Vítimas";"Pleno dia";"Crescente";"Ceu Claro";"Simples";"Reta";"Rural";1;0;0;0;1;0;0;1
83446697;"11/03/16";"Sexta";"17:30:00";"PR";277;"183,4";"PALMEIRA";"Velocidade incompatível";"Colisão traseira";"Com Vítimas Feridas";"Pleno dia";"Decrescente";"Ceu Claro";"Simples";"Reta";"Rural";3;0;3;0;0;0;3;3
83446698;"11/03/16";"Sexta";"20:40:00";"BA";116;"11,2";"VITORIA DA CONQUISTA";"Outras";"Queda de motocicleta / bicicleta / veículo";"Com Vítimas Fatais";"Plena noite";"Crescente";"Ceu Claro";"Simples";"Reta";"Urbano";1;1;0;0;0;0;0;1
83446699;"11/03/16";"Sexta";"08:40:00";"PE";101;"71,8";"RECIFE";"Velocidade incompatível";"Saída de Pista";"Com Vítimas Feridas";"Pleno dia";"Crescente";"Ceu Claro";"Dupla";"Curva";"Urbano";1;0;1;0;0;0;1;1
83446700;"11/03/16";"Sexta";"21:00:00";"GO";60;"128,8";"GOIANIA";"Outras";"Capotamento";"Sem Vítimas";"Plena noite";"Decrescente";"Chuva";"Dupla";"Reta";"Rural";1;0;0;0;1;0;0;1
83446701;"07/03/16";"Segunda";"22:30:00";"SC";101;"363,5";"SANGAO";"Falta de atenção";"Colisão Transversal";"Com Vítimas Feridas";"Plena noite";"Crescente";"Ceu Claro";"Simples";"Curva";"Urbano";2;0;1;1;0;0;2;2
83446702;"12/03/16";"Sábado";"01:45:00";"RS";101;"79,6";"OSORIO";"Defeito mecânico em veículo";"Saída de Pista";"Sem Vítimas";"Plena noite";"Decrescente";"Chuva";"Dupla";"Curva";"Rural";1;0;0;0;1;0;0;1
83446703;"11/03/16";"Sexta";"08:00:00";"PA";316;"23";"BENEVIDES";"Falta de atenção";"Colisão lateral";"Com Vítimas Feridas";"Pleno dia";"Crescente";"Ceu Claro";"Dupla";"Reta";"Urbano";3;0;1;0;2;0;1;2
83446704;"08/03/16";"Terça";"07:00:00";"BA";116;"858,8";"VITORIA DA CONQUISTA";"Outras";"Colisão Transversal";"Com Vítimas Feridas";"Pleno dia";"Decrescente";"Ceu Claro";"Simples";"Reta";"Rural";2;0;1;0;0;1;1;2
83446705;"11/03/16";"Sexta";"22:00:00";"MT";163;"838,9";"SINOP";"Ingestão de álcool";"Tombamento";"Com Vítimas Feridas";"Plena noite";"Crescente";"Ignorada";"Dupla";"Curva";"Urbano";1;0;1;0;0;0;1;1
83446706;"11/03/16";"Sexta";"11:00:00";"RO";364;"621";"CANDEIAS DO JAMARI";"Falta de atenção";"Colisão com objeto fixo";"Com Vítimas Feridas";"Pleno dia";"Decrescente";"Nublado";"Simples";"Reta";"Rural";2;0;1;1;0;0;2;1
83446707;"12/03/16";"Sábado";"01:00:00";"PI";230;"301";"FLORIANO";"Dormindo";"Saída de Pista";"Com Vítimas Feridas";"Plena noite";"Decrescente";"Nublado";"Simples";"Curva";"Rural";1;0;1;0;0;0;1;1
83446708;"11/03/16";"Sexta";"17:40:00";"BA";101;"718,1";"EUNAPOLIS";"Falta de atenção";"Queda de motocicleta / bicicleta / veículo";"Com Vítimas Feridas";"Pleno dia";"Crescente";"Sol";"Simples";"Cruzamento";"Urbano";2;0;2;0;0;0;2;1
83446709;"11/03/16";"Sexta";"15:30:00";"SC";480;"126,2";"CHAPECO";"Não guardar distância de segurança";"Colisão traseira";"Sem Vítimas";"Pleno dia";"Crescente";"Sol";"Dupla";"Reta";"Urbano";2;0;0;0;2;0;0;2
83446710;"12/03/16";"Sábado";"02:30:00";"SP";116;"479";"JACUPIRANGA";"Dormindo";"Colisão frontal";"Com Vítimas Feridas";"Plena noite";"Decrescente";"Nublado";"Dupla";"Reta";"Rural";3;0;2;0;1;0;2;2
83446711;"11/03/16";"Sexta";"19:00:00";"MS";163;"168,5";"JUTI";"Ultrapassagem indevida";"Colisão frontal";"Com Vítimas Fatais";"Plena noite";"Decrescente";"Ceu Claro";"Simples";"Reta";"Rural";5;1;0;1;3;0;1;2
83446712;"12/03/16";"Sábado";"03:30:00";"RS";290;"38";"SANTO ANTONIO DA PATRULHA";"Velocidade incompatível";"Saída de Pista";"Sem Vítimas";"Plena noite";"Decrescente";"Chuva";"Dupla";"Reta";"Rural";1;0;0;0;1;0;0;1
83446713;"11/03/16";"Sexta";"21:15:00";"RS";290;"610";"ALEGRETE";"Falta de atenção";"Colisão traseira";"Com Vítimas Feridas";"Plena noite";"Decrescente";"Ceu Claro";"Simples";"Reta";"Rural";4;0;2;0;2;0;2;2
83446714;"11/03/16";"Sexta";"20:00:00";"MG";116;"266,9";"TEOFILO OTONI";"Defeito mecânico em veículo";"Colisão com objeto fixo";"Com Vítimas Fatais";"Plena noite";"Decrescente";"Ignorada";"Simples";"Reta";"Rural";2;1;0;0;1;0;0;2
83446715;"12/03/16";"Sábado";"01:00:00";"SC";101;"413";"ARARANGUA";"Ingestão de álcool";"Colisão com objeto fixo";"Sem Vítimas";"Plena noite";"Crescente";"Ceu Claro";"Simples";"Reta";"Urbano";1;0;0;0;1;0;0;1
83446716;"11/03/16";"Sexta";"16:40:00";"ES";101;"293";"CARIACICA";"Desobediência à sinalização";"Colisão Transversal";"Com Vítimas Feridas";"Pleno dia";"Decrescente";"Ceu Claro";"Dupla";"Reta";"Urbano";3;0;1;0;2;0;1;2
83446717;"11/03/16";"Sexta";"21:15:00";"RS";116;"112,2";"SAO MARCOS";"Ingestão de álcool";"Colisão frontal";"Com Vítimas Feridas";"Plena noite";"Crescente";"Nublado";"Simples";"Reta";"Urbano";3;0;2;1;0;0;3;2
83446718;"12/03/16";"Sábado";"00:25:00";"RJ";116;"223,8";"PIRAI";"Defeito mecânico em veículo";"Tombamento";"Sem Vítimas";"Plena noite";"Decrescente";"Ceu Claro";"Dupla";"Curva";"Rural";2;0;0;0;2;0;0;1
83446719;"12/03/16";"Sábado";"03:40:00";"RS";116;"0,5";"PORTO ALEGRE";"Defeito na via";"Capotamento";"Com Vítimas Feridas";"Plena noite";"Decrescente";"Chuva";"Dupla";"Curva";"Urbano";2;0;0;2;0;0;2;1
83446720;"12/03/16";"Sábado";"03:30:00";"RS";290;"38";"SANTO ANTONIO DA PATRULHA";"Falta de atenção";"Capotamento";"Com Vítimas Feridas";"Plena noite";"Decrescente";"Chuva";"Dupla";"Reta";"Rural";3;0;1;0;2;0;1;1
83446721;"12/03/16";"Sábado";"03:00:00";"MG";365;"1,2";"MONTES CLAROS";"Ingestão de álcool";"Queda de motocicleta / bicicleta / veículo";"Com Vítimas Feridas";"Plena noite";"Decrescente";"Chuva";"Simples";"Reta";"Urbano";1;0;0;1;0;0;1;1
83446722;"11/03/16";"Sexta";"22:50:00";"RS";290;"113,3";"ELDORADO DO SUL";"Falta de atenção";"Colisão traseira";"Com Vítimas Feridas";"Plena noite";"Decrescente";"Chuva";"Simples";"Reta";"Rural";5;0;1;0;4;0;1;2
83446723;"12/03/16";"Sábado";"04:30:00";"MG";381;"298";"ANTONIO DIAS";"Defeito mecânico em veículo";"Incêndio";"Sem Vítimas";"Plena noite";"Decrescente";"Nublado";"Simples";"Reta";"Rural";1;0;0;0;1;0;0;1
83446725;"12/03/16";"Sábado";"05:00:00";"SC";101;"132,2";"BALNEARIO CAMBORIU";"Falta de atenção";"Capotamento";"Com Vítimas Feridas";"Amanhecer";"Crescente";"Ceu Claro";"Dupla";"Reta";"Urbano";1;0;1;0;0;0;1;1
83446726;"11/03/16";"Sexta";"22:00:00";"SC";470;"71,4";"INDAIAL";"Falta de atenção";"Colisão Transversal";"Com Vítimas Feridas";"Plena noite";"Decrescente";"Nublado";"Simples";"Reta";"Urbano";2;0;2;0;0;0;2;2
83446727;"11/03/16";"Sexta";"09:20:00";"MG";116;"710,8";"MURIAE";"Velocidade incompatível";"Tombamento";"Com Vítimas Feridas";"Pleno dia";"Decrescente";"Ceu Claro";"Simples";"Curva";"Rural";1;0;1;0;0;0;1;1
83446728;"11/03/16";"Sexta";"17:20:00";"MG";381;"298";"ANTONIO DIAS";"Velocidade incompatível";"Capotamento";"Com Vítimas Feridas";"Anoitecer";"Decrescente";"Chuva";"Simples";"Curva";"Rural";1;0;1;0;0;0;1;1
83446729;"11/03/16";"Sexta";"14:50:00";"MG";381;"497";"BETIM";"Outras";"Colisão lateral";"Com Vítimas Feridas";"Pleno dia";"Decrescente";"Chuva";"Dupla";"Reta";"Rural";6;0;4;0;2;0;4;3
83446730;"11/03/16";"Sexta";"18:00:00";"RJ";40;"34";"TRES RIOS";"Velocidade incompatível";"Capotamento";"Com Vítimas Feridas";"Plena noite";"Decrescente";"Chuva";"Dupla";"Curva";"Rural";1;0;1;0;0;0;1;1
83446731;"11/03/16";"Sexta";"19:50:00";"MG";459;"104,2";"POUSO ALEGRE";"Desobediência à sinalização";"Colisão lateral";"Com Vítimas Feridas";"Plena noite";"Decrescente";"Nublado";"Dupla";"Curva";"Rural";3;0;1;1;1;0;2;2
83446732;"11/03/16";"Sexta";"16:00:00";"SP";116;"38";"CACHOEIRA PAULISTA";"Outras";"Colisão com objeto fixo";"Com Vítimas Feridas";"Pleno dia";"Decrescente";"Nublado";"Simples";"Cruzamento";"Urbano";1;0;1;0;0;0;1;1
83446733;"06/03/16";"Domingo";"11:00:00";"RJ";40;"77";"PETROPOLIS";"Velocidade incompatível";"Colisão com objeto fixo";"Com Vítimas Feridas";"Pleno dia";"Crescente";"Ceu Claro";"Simples";"Curva";"Urbano";1;0;0;1;0;0;1;1
83446734;"12/03/16";"Sábado";"05:30:00";"SC";101;"119,5";"ITAJAI";"Falta de atenção";"Colisão com objeto fixo";"Com Vítimas Feridas";"Amanhecer";"Decrescente";"Nublado";"Simples";"Reta";"Urbano";1;0;1;0;0;0;1;1
83446735;"12/03/16";"Sábado";"05:30:00";"RS";116;"194";"PICADA CAFE";"Outras";"Colisão com objeto fixo";"Sem Vítimas";"Amanhecer";"Decrescente";"Chuva";"Simples";"Curva";"Urbano";1;0;0;0;1;0;0;1
83446736;"11/03/16";"Sexta";"19:30:00";"PR";277;"83";"CURITIBA";"Velocidade incompatível";"Queda de motocicleta / bicicleta / veículo";"Com Vítimas Feridas";"Plena noite";"Decrescente";"Ceu Claro";"Dupla";"Reta";"Urbano";2;0;1;0;1;0;1;2
83446737;"11/03/16";"Sexta";"13:00:00";"MS";163;"12,5";"MUNDO NOVO";"Defeito mecânico em veículo";"Colisão traseira";"Sem Vítimas";"Pleno dia";"Decrescente";"Sol";"Simples";"Reta";"Urbano";2;0;0;0;2;0;0;2
83446738;"11/03/16";"Sexta";"20:45:00";"RS";116;"175";"NOVA PETROPOLIS";"Outras";"Derramamento de Carga";"Sem Vítimas";"Plena noite";"Crescente";"Chuva";"Simples";"Curva";"Rural";1;0;0;0;1;0;0;1
83446739;"11/03/16";"Sexta";"22:45:00";"PR";476;"133";"CURITIBA";"Falta de atenção";"Colisão traseira";"Com Vítimas Feridas";"Plena noite";"Crescente";"Ceu Claro";"Múltipla";"Reta";"Urbano";4;0;2;0;2;0;2;2
83446742;"11/03/16";"Sexta";"20:20:00";"SP";116;"294";"ITAPECERICA DA SERRA";"Velocidade incompatível";"Saída de Pista";"Sem Vítimas";"Plena noite";"Decrescente";"Chuva";"Dupla";"Reta";"Rural";4;0;0;0;4;0;0;1
83446743;"11/03/16";"Sexta";"14:30:00";"RJ";40;"73";"PETROPOLIS";"Velocidade incompatível";"Colisão com objeto fixo";"Com Vítimas Feridas";"Pleno dia";"Decrescente";"Nublado";"Simples";"Curva";"Urbano";1;0;1;0;0;0;1;1
83446744;"12/03/16";"Sábado";"05:00:00";"CE";116;"138";"RUSSAS";"Animais na Pista";"Atropelamento de animal";"Sem Vítimas";"Pleno dia";"Decrescente";"Ceu Claro";"Simples";"Reta";"Rural";1;0;0;0;1;0;0;1
83446745;"09/03/16";"Quarta";"06:50:00";"PR";376;"671";"GUARATUBA";"Falta de atenção";"Saída de Pista";"Com Vítimas Feridas";"Amanhecer";"Crescente";"Ceu Claro";"Dupla";"Reta";"Rural";1;0;1;0;0;0;1;1
83446746;"12/03/16";"Sábado";"05:00:00";"RJ";40;"68";"PETROPOLIS";"Velocidade incompatível";"Colisão com objeto fixo";"Sem Vítimas";"Plena noite";"Crescente";"Nublado";"Simples";"Reta";"Urbano";1;0;0;0;1;0;0;1
83446747;"05/03/16";"Sábado";"06:20:00";"PR";116;"106";"SAO JOSE DOS PINHAIS";"Outras";"Queda de motocicleta / bicicleta / veículo";"Com Vítimas Feridas";"Amanhecer";"Crescente";"Sol";"Dupla";"Reta";"Rural";1;0;1;0;0;0;1;1
83446748;"12/03/16";"Sábado";"03:50:00";"SC";282;"431,5";"VARGEM BONITA";"Ingestão de álcool";"Colisão frontal";"Com Vítimas Feridas";"Plena noite";"Decrescente";"Nevoeiro/neblina";"Simples";"Curva";"Rural";3;0;3;0;0;0;3;2
83446749;"12/03/16";"Sábado";"05:30:00";"RS";386;"334,2";"MARQUES DE SOUZA";"Defeito mecânico em veículo";"Colisão traseira";"Com Vítimas Feridas";"Plena noite";"Decrescente";"Nublado";"Simples";"Reta";"Rural";3;0;1;0;1;1;1;2
83446750;"12/03/16";"Sábado";"06:50:00";"SC";101;"200,5";"SAO JOSE";"Outras";"Capotamento";"Sem Vítimas";"Pleno dia";"Decrescente";"Sol";"Dupla";"Reta";"Urbano";1;0;0;0;1;0;0;1
83446751;"08/03/16";"Terça";"17:00:00";"TO";153;"454";"BARROLANDIA";"Defeito na via";"Saída de Pista";"Com Vítimas Feridas";"Pleno dia";"Decrescente";"Nublado";"Simples";"Reta";"Rural";1;0;1;0;0;0;1;1
83446752;"12/03/16";"Sábado";"05:30:00";"PR";158;"508";"PATO BRANCO";"Velocidade incompatível";"Saída de Pista";"Sem Vítimas";"Plena noite";"Decrescente";"Ceu Claro";"Simples";"Curva";"Rural";2;0;0;0;2;0;0;1
83446753;"06/03/16";"Domingo";"18:10:00";"ES";262;"49";"MARECHAL FLORIANO";"Falta de atenção";"Colisão Transversal";"Com Vítimas Feridas";"Plena noite";"Crescente";"Ceu Claro";"Simples";"Cruzamento";"Rural";2;0;0;1;1;0;1;2
83446754;"08/03/16";"Terça";"18:30:00";"PR";116;"116,4";"CURITIBA";"Falta de atenção";"Colisão lateral";"Com Vítimas Feridas";"Plena noite";"Crescente";"Nublado";"Dupla";"Reta";"Urbano";3;0;0;2;1;0;2;2