"id";"data_inversa";"dia_semana";"horario";"uf";"br";"km";"municipio";"causa_acidente";"tipo_acidente";"classificacao_acidente";"fase_dia";"sentido_via";"condicao_metereologica";"tipo_pista";"tracado_via";"uso_solo";"pessoas";"mortos";"feridos_leves";"feridos_graves";"ilesos";"ignorados";"feridos";"veiculos"
83446755;"11/03/16";"Sexta";"16:40:00";"SC";101;"323";"PESCARIA BRAVA";"Outras";"Capotamento";"Com Vítimas Feridas";"Pleno dia";"Crescente";"Chuva";"Dupla";"Reta";"Urbano";2;0;2;0;0;0;2;1
83446756;"12/03/16";"Sábado";"06:45:00";"SC";282;"524,6";"XAXIM";"Velocidade incompatível";"Saída de Pista";"Com Vítimas Feridas";"Pleno dia";"Crescente";"Sol";"Simples";"Curva";"Rural";1;0;0;1;0;0;1;1
83446757;"12/03/16";"Sábado";"04:30:00";"RN";427;"97";"CAICO";"Animais na Pista";"Atropelamento de animal";"Com Vítimas Feridas";"Plena noite";"Decrescente";"Ceu Claro";"Simples";"Reta";"Rural";3;0;2;0;1;0;2;2
83446758;"11/03/16";"Sexta";"11:00:00";"RJ";116;"273";"BARRA MANSA";"Outras";"Colisão traseira";"Com Vítimas Feridas";"Pleno dia";"Crescente";"Chuva";"Dupla";"Reta";"Rural";4;0;1;0;3;0;1;2
83446759;"09/03/16";"Quarta";"05:00:00";"MG";153;"79";"PRATA";"Outras";"Saída de Pista";"Sem Vítimas";"Plena noite";"Crescente";"Ceu Claro";"Simples";"Reta";"Rural";1;0;0;0;1;0;0;1
83446760;"12/03/16";"Sábado";"07:30:00";"SC";101;"141";"BALNEARIO CAMBORIU";"Não guardar distância de segurança";"Colisão traseira";"Com Vítimas Feridas";"Pleno dia";"Decrescente";"Sol";"Dupla";"Reta";"Rural";3;0;2;0;1;0;2;2
83446761;"08/03/16";"Terça";"23:30:00";"MG";267;"114,2";"JUIZ DE FORA";"Dormindo";"Colisão frontal";"Com Vítimas Feridas";"Plena noite";"Crescente";"Nublado";"Simples";"Reta";"Urbano";2;0;1;0;1;0;1;2
83446762;"12/03/16";"Sábado";"02:47:00";"RJ";116;"251,4";"PIRAI";"Outras";"Colisão com objeto fixo";"Sem Vítimas";"Plena noite";"Crescente";"Nublado";"Dupla";"Reta";"Rural";1;0;0;0;1;0;0;1
83446763;"08/03/16";"Terça";"23:50:00";"TO";153;"310";"GUARAI";"Dormindo";"Saída de Pista";"Com Vítimas Fatais";"Plena noite";"Decrescente";"Nublado";"Simples";"Reta";"Rural";1;1;0;0;0;0;0;1
83446764;"12/03/16";"Sábado";"07:30:00";"RJ";116;"168";"SAO JOAO DE MERITI";"Outras";"Capotamento";"Com Vítimas Feridas";"Pleno dia";"Crescente";"Ceu Claro";"Dupla";"Reta";"Urbano";3;0;2;0;1;0;2;2
83446765;"12/03/16";"Sábado";"07:45:00";"RS";290;"55";"GLORINHA";"Ingestão de álcool";"Colisão traseira";"Sem Vítimas";"Pleno dia";"Crescente";"Chuva";"Dupla";"Reta";"Rural";2;0;0;0;2;0;0;2
83446766;"12/03/16";"Sábado";"07:20:00";"MG";381;"521,4";"BRUMADINHO";"Velocidade incompatível";"Saída de Pista";"Sem Vítimas";"Amanhecer";"Crescente";"Nublado";"Dupla";"Curva";"Rural";1;0;0;0;1;0;0;1
83446768;"09/03/16";"Quarta";"04:40:00";"RJ";116;"305,7";"RESENDE";"Ingestão de álcool";"Colisão com objeto fixo";"Sem Vítimas";"Plena noite";"Crescente";"Ceu Claro";"Simples";"Curva";"Rural";1;0;0;0;1;0;0;1
83446769;"11/03/16";"Sexta";"18:37:00";"RJ";116;"181";"NOVA IGUACU";"Outras";"Colisão traseira";"Com Vítimas Feridas";"Anoitecer";"Decrescente";"Nublado";"Dupla";"Reta";"Urbano";5;0;1;2;2;0;3;4
83446770;"04/03/16";"Sexta";"13:40:00";"RJ";101;"308";"SAO GONCALO";"Outras";"Colisão traseira";"Sem Vítimas";"Pleno dia";"Decrescente";"Ceu Claro";"Dupla";"Reta";"Urbano";2;0;0;0;2;0;0;2
83446771;"12/03/16";"Sábado";"05:15:00";"AC";364;"124";"RIO BRANCO";"Ingestão de álcool";"Colisão traseira";"Sem Vítimas";"Amanhecer";"Decrescente";"Ceu Claro";"Dupla";"Reta";"Urbano";2;0;0;0;2;0;0;2
83446772;"09/03/16";"Quarta";"08:00:00";"MG";381;"326";"JOAO MONLEVADE";"Falta de atenção";"Colisão traseira";"Sem Vítimas";"Pleno dia";"Crescente";"Sol";"Simples";"Reta";"Urbano";3;0;0;0;3;0;0;3
83446773;"12/03/16";"Sábado";"06:30:00";"MS";262;"372,8";"TERENOS";"Outras";"Saída de Pista";"Sem Vítimas";"Pleno dia";"Crescente";"Sol";"Simples";"Curva";"Rural";2;0;0;0;2;0;0;1
83446774;"09/03/16";"Quarta";"00:52:00";"MT";364;"107,2";"RONDONOPOLIS";"Falta de atenção";"Saída de Pista";"Com Vítimas Feridas";"Plena noite";"Crescente";"Ceu Claro";"Dupla";"Reta";"Rural";2;0;2;0;0;0;2;1
83446775;"25/02/16";"Quinta";"13:00:00";"PE";232;"80";"GRAVATA";"Falta de atenção";"Colisão traseira";"Com Vítimas Feridas";"Pleno dia";"Decrescente";"Ceu Claro";"Múltipla";"Curva";"Urbano";2;0;1;0;1;0;1;2
83446776;"08/03/16";"Terça";"15:10:00";"PR";369;"200,3";"APUCARANA";"Outras";"Colisão traseira";"Com Vítimas Feridas";"Pleno dia";"Decrescente";"Ceu Claro";"Simples";"Reta";"Urbano";2;0;1;0;1;0;1;2
83446777;"12/03/16";"Sábado";"05:00:00";"SC";101;"205,1";"BIGUACU";"Ingestão de álcool";"Saída de Pista";"Sem Vítimas";"Plena noite";"Decrescente";"Nublado";"Múltipla";"Curva";"Urbano";1;0;0;0;1;0;0;1
83446778;"12/03/16";"Sábado";"06:00:00";"SC";101;"204,3";"SAO JOSE";"Ingestão de álcool";"Colisão frontal";"Com Vítimas Feridas";"Amanhecer";"Decrescente";"Ceu Claro";"Dupla";"Reta";"Urbano";3;0;2;0;1;0;2;2
83446779;"09/03/16";"Quarta";"05:40:00";"MG";40;"546,1";"NOVA LIMA";"Dormindo";"Saída de Pista";"Com Vítimas Feridas";"Amanhecer";"Crescente";"Nublado";"Dupla";"Reta";"Urbano";1;0;0;1;0;0;1;1
83446780;"10/03/16";"Quinta";"07:00:00";"PB";230;"154";"CAMPINA GRANDE";"Desobediência à sinalização";"Colisão traseira";"Com Vítimas Feridas";"Pleno dia";"Crescente";"Ceu Claro";"Simples";"Reta";"Urbano";2;0;2;0;0;0;2;2
83446781;"12/03/16";"Sábado";"08:05:00";"RS";285;"434,5";"PEJUCARA";"Velocidade incompatível";"Saída de Pista";"Com Vítimas Feridas";"Amanhecer";"Decrescente";"Ceu Claro";"Simples";"Curva";"Rural";3;0;0;1;2;0;1;1
83446782;"12/03/16";"Sábado";"05:00:00";"GO";158;"269";"JATAI";"Velocidade incompatível";"Colisão com objeto fixo";"Ignorado";"Amanhecer";"Crescente";"Ceu Claro";"Simples";"Reta";"Urbano";1;0;0;0;0;1;0;1
83446783;"11/03/16";"Sexta";"04:25:00";"RS";290;"130";"ELDORADO DO SUL";"Outras";"Saída de Pista";"Sem Vítimas";"Plena noite";"Crescente";"Chuva";"Simples";"Reta";"Rural";3;0;0;0;3;0;0;1
83446784;"08/03/16";"Terça";"20:05:00";"PR";116;"115";"CURITIBA";"Outras";"Colisão lateral";"Com Vítimas Feridas";"Plena noite";"Decrescente";"Ceu Claro";"Dupla";"Reta";"Urbano";3;0;2;0;1;0;2;2
83446785;"08/03/16";"Terça";"23:10:00";"MS";163;"78,5";"ITAQUIRAI";"Ingestão de álcool";"Colisão com bicicleta";"Com Vítimas Feridas";"Plena noite";"Crescente";"Ceu Claro";"Simples";"Reta";"Rural";2;0;1;1;0;0;2;2
83446787;"12/03/16";"Sábado";"08:30:00";"MG";381;"522";"BRUMADINHO";"Velocidade incompatível";"Saída de Pista";"Sem Vítimas";"Pleno dia";"Decrescente";"Chuva";"Dupla";"Curva";"Rural";1;0;0;0;1;0;0;1
83446788;"26/02/16";"Sexta";"01:55:00";"PR";373;"402";"CANDOI";"Ingestão de álcool";"Colisão lateral";"Sem Vítimas";"Plena noite";"Decrescente";"Chuva";"Simples";"Reta";"Rural";2;0;0;0;2;0;0;2
83446789;"12/03/16";"Sábado";"09:40:00";"MG";381;"529,2";"BRUMADINHO";"Falta de atenção";"Colisão com objeto fixo";"Com Vítimas Feridas";"Pleno dia";"Decrescente";"Chuva";"Dupla";"Curva";"Rural";1;0;1;0;0;0;1;1
83446790;"12/03/16";"Sábado";"07:10:00";"MT";163;"783";"SORRISO";"Ingestão de álcool";"Capotamento";"Com Vítimas Feridas";"Amanhecer";"Crescente";"Chuva";"Simples";"Reta";"Urbano";1;0;1;0;0;0;1;1
83446791;"12/03/16";"Sábado";"09:00:00";"SC";282;"578,8";"PINHALZINHO";"Desobediência à sinalização";"Colisão Transversal";"Sem Vítimas";"Pleno dia";"Crescente";"Nublado";"Simples";"Reta";"Urbano";2;0;0;0;2;0;0;2
83446792;"08/03/16";"Terça";"08:30:00";"RO";364;"531";"ARIQUEMES";"Falta de atenção";"Tombamento";"Sem Vítimas";"Pleno dia";"Decrescente";"Nublado";"Simples";"Reta";"Rural";2;0;0;0;2;0;0;1
83446793;"09/03/16";"Quarta";"02:35:00";"MG";381;"617";"OLIVEIRA";"Velocidade incompatível";"Saída de Pista";"Sem Vítimas";"Plena noite";"Crescente";"Chuva";"Simples";"Curva";"Rural";1;0;0;0;1;0;0;1
83446794;"12/03/16";"Sábado";"10:00:00";"RJ";101;"330";"RIO DE JANEIRO";"Defeito mecânico em veículo";"Colisão traseira";"Com Vítimas Feridas";"Pleno dia";"Decrescente";"Nublado";"Dupla";"Reta";"Urbano";4;0;2;0;2;0;2;4
83446795;"10/03/16";"Quinta";"18:10:00";"MG";365;"641";"UBERLANDIA";"Velocidade incompatível";"Saída de Pista";"Ignorado";"Anoitecer";"Decrescente";"Chuva";"Dupla";"Curva";"Rural";1;0;0;0;0;1;0;1
83446796;"12/03/16";"Sábado";"10:15:00";"RS";285;"273,1";"MATO CASTELHANO";"Falta de atenção";"Colisão Transversal";"Com Vítimas Feridas";"Pleno dia";"Crescente";"Nublado";"Simples";"Reta";"Urbano";2;0;1;0;1;0;1;2
83446797;"12/03/16";"Sábado";"08:00:00";"RN";304;"135,1";"ANGICOS";"Dormindo";"Saída de Pista";"Com Vítimas Feridas";"Pleno dia";"Decrescente";"Sol";"Simples";"Reta";"Rural";4;0;2;1;1;0;3;1
83446798;"08/03/16";"Terça";"21:00:00";"RJ";116;"102";"GUAPIMIRIM";"Outras";"Atropelamento de pessoa";"Com Vítimas Feridas";"Plena noite";"Decrescente";"Ceu Claro";"Dupla";"Reta";"Urbano";2;0;0;1;1;0;1;1
83446799;"12/03/16";"Sábado";"10:25:00";"ES";101;"68";"SAO MATEUS";"Falta de atenção";"Colisão lateral";"Com Vítimas Feridas";"Pleno dia";"Decrescente";"Ceu Claro";"Dupla";"Reta";"Urbano";2;0;1;0;1;0;1;2
83446801;"09/03/16";"Quarta";"20:30:00";"DF";20;"16";"BRASILIA";"Outras";"Colisão traseira";"Com Vítimas Feridas";"Plena noite";"Decrescente";"Nublado";"Dupla";"Reta";"Rural";3;0;0;2;1;0;2;2
83446802;"12/03/16";"Sábado";"10:30:00";"RS";116;"214";"MORRO REUTER";"Defeito mecânico em veículo";"Incêndio";"Sem Vítimas";"Pleno dia";"Decrescente";"Chuva";"Simples";"Curva";"Rural";1;0;0;0;1;0;0;1
83446803;"12/03/16";"Sábado";"05:30:00";"PA";316;"4";"ANANINDEUA";"Falta de atenção";"Colisão Transversal";"Com Vítimas Feridas";"Amanhecer";"Decrescente";"Nublado";"Dupla";"Reta";"Urbano";3;0;2;0;1;0;2;2
83446804;"12/03/16";"Sábado";"10:10:00";"PI";316;"272";"DOM EXPEDITO LOPES";"Dormindo";"Colisão frontal";"Com Vítimas Feridas";"Pleno dia";"Crescente";"Ceu Claro";"Simples";"Curva";"Rural";7;0;1;2;4;0;3;2
83446805;"12/03/16";"Sábado";"08:50:00";"PR";369;"161,2";"CAMBE";"Desobediência à sinalização";"Colisão Transversal";"Com Vítimas Feridas";"Pleno dia";"Crescente";"Sol";"Dupla";"Cruzamento";"Urbano";2;0;1;0;1;0;1;2
83446806;"12/03/16";"Sábado";"10:00:00";"PI";343;"348";"TERESINA";"Falta de atenção";"Colisão Transversal";"Com Vítimas Feridas";"Pleno dia";"Decrescente";"Sol";"Dupla";"Reta";"Urbano";2;0;0;1;1;0;1;2
83446807;"12/03/16";"Sábado";"10:00:00";"PE";101;"70";"RECIFE";"Falta de atenção";"Colisão com bicicleta";"Com Vítimas Feridas";"Pleno dia";"Crescente";"Ceu Claro";"Dupla";"Reta";"Urbano";2;0;1;0;1;0;1;2
83446808;"12/03/16";"Sábado";"08:55:00";"MG";40;"455,1";"CAETANOPOLIS";"Defeito na via";"Saída de Pista";"Com Vítimas Feridas";"Pleno dia";"Decrescente";"Chuva";"Dupla";"Curva";"Rural";1;0;1;0;0;0;1;1
83446809;"12/03/16";"Sábado";"09:40:00";"PE";428;"190";"PETROLINA";"Falta de atenção";"Colisão lateral";"Com Vítimas Feridas";"Pleno dia";"Decrescente";"Sol";"Dupla";"Reta";"Urbano";2;0;1;0;1;0;1;2
83446810;"12/03/16";"Sábado";"12:30:00";"ES";101;"354";"ANCHIETA";"Dormindo";"Colisão traseira";"Com Vítimas Feridas";"Pleno dia";"Decrescente";"Ceu Claro";"Simples";"Reta";"Rural";3;0;1;0;2;0;1;2
83446811;"12/03/16";"Sábado";"10:00:00";"MG";40;"455";"SETE LAGOAS";"Velocidade incompatível";"Colisão traseira";"Com Vítimas Feridas";"Pleno dia";"Decrescente";"Chuva";"Dupla";"Reta";"Rural";2;0;1;0;1;0;1;2
83446812;"12/03/16";"Sábado";"09:00:00";"PE";101;"112,5";"IPOJUCA";"Falta de atenção";"Capotamento";"Com Vítimas Feridas";"Pleno dia";"Decrescente";"Chuva";"Dupla";"Curva";"Rural";1;0;1;0;0;0;1;1
83446813;"12/03/16";"Sábado";"12:00:00";"ES";101;"305";"VIANA";"Não guardar distância de segurança";"Colisão traseira";"Com Vítimas Feridas";"Pleno dia";"Decrescente";"Sol";"Simples";"Cruzamento";"Urbano";3;0;1;0;2;0;1;2
83446814;"08/03/16";"Terça";"23:30:00";"RJ";116;"198";"QUEIMADOS";"Outras";"Incêndio";"Ignorado";"Plena noite";"Decrescente";"Ceu Claro";"Múltipla";"Reta";"Rural";1;0;0;0;0;1;0;1
83446815;"12/03/16";"Sábado";"10:00:00";"PA";316;"60";"CASTANHAL";"Desobediência à sinalização";"Colisão Transversal";"Sem Vítimas";"Pleno dia";"Crescente";"Sol";"Dupla";"Curva";"Urbano";3;0;0;0;2;1;0;2
83446816;"12/03/16";"Sábado";"10:00:00";"RJ";116;"182";"NOVA IGUACU";"Falta de atenção";"Colisão traseira";"Sem Vítimas";"Pleno dia";"Crescente";"Sol";"Dupla";"Reta";"Urbano";3;0;0;0;3;0;0;3
83446817;"09/03/16";"Quarta";"16:00:00";"MT";364;"399";"CUIABA";"Falta de atenção";"Colisão Transversal";"Com Vítimas Feridas";"Pleno dia";"Decrescente";"Chuva";"Simples";"Reta";"Urbano";6;0;5;0;1;0;5;2
83446818;"11/03/16";"Sexta";"17:30:00";"MT";163;"1088,5";"GUARANTA DO NORTE";"Defeito na via";"Tombamento";"Sem Vítimas";"Pleno dia";"Decrescente";"Nublado";"Simples";"Curva";"Rural";1;0;0;0;1;0;0;1
83446819;"12/03/16";"Sábado";"11:55:00";"SC";163;"66,7";"SAO MIGUEL DOESTE";"Falta de atenção";"Colisão lateral";"Com Vítimas Feridas";"Pleno dia";"Crescente";"Ceu Claro";"Dupla";"Reta";"Urbano";2;0;0;1;1;0;1;2
83446821;"08/03/16";"Terça";"22:40:00";"MG";40;"803,4";"MATIAS BARBOSA";"Velocidade incompatível";"Colisão com objeto fixo";"Com Vítimas Feridas";"Plena noite";"Crescente";"Ceu Claro";"Dupla";"Curva";"Rural";3;0;3;0;0;0;3;1
83446822;"12/03/16";"Sábado";"09:10:00";"PR";373;"261";"PRUDENTOPOLIS";"Falta de atenção";"Colisão Transversal";"Com Vítimas Feridas";"Pleno dia";"Decrescente";"Ceu Claro";"Simples";"Curva";"Urbano";2;0;1;0;1;0;1;2
83446823;"12/03/16";"Sábado";"10:00:00";"PR";116;"114";"CURITIBA";"Falta de atenção";"Colisão lateral";"Sem Vítimas";"Pleno dia";"Crescente";"Ceu Claro";"Dupla";"Reta";"Rural";3;0;0;0;3;0;0;2
83446824;"12/03/16";"Sábado";"13:00:00";"RN";304;"38,6";"MOSSORO";"Falta de atenção";"Colisão Transversal";"Sem Vítimas";"Pleno dia";"Decrescente";"Sol";"Dupla";"Cruzamento";"Urbano";2;0;0;0;2;0;0;2
83446825;"12/03/16";"Sábado";"08:30:00";"SC";470;"78";"INDAIAL";"Falta de atenção";"Colisão com bicicleta";"Com Vítimas Feridas";"Pleno dia";"Decrescente";"Ceu Claro";"Simples";"Curva";"Urbano";2;0;1;0;1;0;1;2
83446826;"12/03/16";"Sábado";"12:00:00";"MG";40;"63";"PARACATU";"Outras";"Saída de Pista";"Sem Vítimas";"Plena noite";"Decrescente";"Chuva";"Simples";"Reta";"Rural";1;0;0;0;1;0;0;1
83446827;"12/03/16";"Sábado";"11:00:00";"RJ";393;"238";"VASSOURAS";"Outras";"Colisão lateral";"Sem Vítimas";"Pleno dia";"Decrescente";"Sol";"Simples";"Cruzamento";"Urbano";2;0;0;0;2;0;0;2
83446828;"11/03/16";"Sexta";"08:20:00";"MG";381;"705,8";"LAVRAS";"Outras";"Saída de Pista";"Sem Vítimas";"Pleno dia";"Decrescente";"Chuva";"Dupla";"Curva";"Rural";1;0;0;0;1;0;0;1
83446829;"12/03/16";"Sábado";"10:15:00";"SP";116;"469,7";"JACUPIRANGA";"Defeito mecânico em veículo";"Tombamento";"Sem Vítimas";"Pleno dia";"Decrescente";"Ceu Claro";"Dupla";"Reta";"Rural";1;0;0;0;1;0;0;1
83446830;"12/03/16";"Sábado";"08:00:00";"PR";163;"277";"QUATRO PONTES";"Ultrapassagem indevida";"Colisão frontal";"Sem Vítimas";"Pleno dia";"Crescente";"Ceu Claro";"Simples";"Reta";"Rural";5;0;0;0;5;0;0;2
83446831;"12/03/16";"Sábado";"12:25:00";"SE";235;"53,4";"ITABAIANA";"Falta de atenção";"Colisão Transversal";"Com Vítimas Feridas";"Pleno dia";"Decrescente";"Ceu Claro";"Simples";"Reta";"Urbano";2;0;2;0;0;0;2;2
83446832;"12/03/16";"Sábado";"12:20:00";"MS";163;"5,9";"MUNDO NOVO";"Não guardar distância de segurança";"Colisão traseira";"Sem Vítimas";"Pleno dia";"Crescente";"Ceu Claro";"Simples";"Reta";"Rural";2;0;0;0;2;0;0;2
83446833;"11/03/16";"Sexta";"00:40:00";"SP";116;"191,6";"SANTA ISABEL";"Outras";"Colisão com objeto fixo";"Sem Vítimas";"Plena noite";"Decrescente";"Chuva";"Dupla";"Reta";"Urbano";2;0;0;0;2;0;0;2
83446834;"12/03/16";"Sábado";"09:20:00";"RS";470;"251";"BARAO";"Velocidade incompatível";"Colisão Transversal";"Com Vítimas Fatais";"Pleno dia";"Crescente";"Chuva";"Simples";"Reta";"Rural";2;1;0;0;1;0;0;2
83446835;"12/03/16";"Sábado";"11:00:00";"MG";381;"671,7";"PERDOES";"Velocidade incompatível";"Colisão Transversal";"Com Vítimas Feridas";"Pleno dia";"Crescente";"Ignorada";"Dupla";"Curva";"Rural";2;0;1;0;1;0;1;2
83446836;"12/03/16";"Sábado";"09:15:00";"MG";50;"50,8";"ARAGUARI";"Ingestão de álcool";"Saída de Pista";"Com Vítimas Feridas";"Pleno dia";"Crescente";"Ceu Claro";"Dupla";"Curva";"Rural";1;0;1;0;0;0;1;1
83446837;"12/03/16";"Sábado";"11:10:00";"BA";407;"101";"JAGUARARI";"Falta de atenção";"Colisão Transversal";"Com Vítimas Feridas";"Pleno dia";"Crescente";"Sol";"Simples";"Reta";"Rural";3;0;1;1;1;0;2;2
83446838;"12/03/16";"Sábado";"07:30:00";"MG";135;"651";"CURVELO";"Outras";"Colisão frontal";"Com Vítimas Feridas";"Pleno dia";"Crescente";"Chuva";"Simples";"Curva";"Rural";10;0;0;10;0;0;10;2
83446839;"12/03/16";"Sábado";"13:50:00";"SC";116;"245";"LAGES";"Falta de atenção";"Colisão Transversal";"Sem Vítimas";"Pleno dia";"Crescente";"Ceu Claro";"Simples";"Reta";"Urbano";2;0;0;0;2;0;0;2
83446840;"12/03/16";"Sábado";"13:50:00";"SC";470;"68,8";"INDAIAL";"Desobediência à sinalização";"Colisão Transversal";"Com Vítimas Feridas";"Pleno dia";"Crescente";"Sol";"Simples";"Reta";"Urbano";3;0;3;0;0;0;3;2
83446841;"12/03/16";"Sábado";"13:50:00";"PE";101;"76";"RECIFE";"Falta de atenção";"Colisão Transversal";"Com Vítimas Feridas";"Pleno dia";"Crescente";"Nublado";"Dupla";"Reta";"Urbano";3;0;1;1;1;0;2;2
83446842;"12/03/16";"Sábado";"14:10:00";"SC";116;"191,9";"SAO CRISTOVAO DO SUL";"Defeito mecânico em veículo";"Incêndio";"Com Vítimas Feridas";"Pleno dia";"Decrescente";"Sol";"Simples";"Reta";"Rural";1;0;1;0;0;0;1;1
83446843;"08/03/16";"Terça";"22:00:00";"SC";101;"221";"PALHOCA";"Outras";"Saída de Pista";"Sem Vítimas";"Plena noite";"Decrescente";"Nublado";"Simples";"Cruzamento";"Urbano";1;0;0;0;1;0;0;1
83446844;"12/03/16";"Sábado";"10:50:00";"MT";158;"653,3";"NOVA XAVANTINA";"Falta de atenção";"Colisão lateral";"Com Vítimas Fatais";"Pleno dia";"Crescente";"Chuva";"Dupla";"Reta";"Urbano";2;1;0;0;1;0;0;2
83446845;"12/03/16";"Sábado";"11:50:00";"MG";381;"517";"IGARAPE";"Outras";"Saída de Pista";"Sem Vítimas";"Pleno dia";"Decrescente";"Nublado";"Dupla";"Curva";"Rural";2;0;0;0;2;0;0;1
83446846;"12/03/16";"Sábado";"13:20:00";"RN";101;"107";"PARNAMIRIM";"Desobediência à sinalização";"Colisão Transversal";"Com Vítimas Feridas";"Pleno dia";"Crescente";"Ceu Claro";"Dupla";"Cruzamento";"Urbano";2;0;1;0;1;0;1;2
83446847;"12/03/16";"Sábado";"11:30:00";"SC";470;"251,1";"CURITIBANOS";"Falta de atenção";"Colisão lateral";"Com Vítimas Feridas";"Pleno dia";"Crescente";"Ceu Claro";"Simples";"Reta";"Urbano";2;0;0;1;1;0;1;2
83446848;"12/03/16";"Sábado";"09:30:00";"MG";262;"607,5";"CAMPOS ALTOS";"Velocidade incompatível";"Tombamento";"Com Vítimas Feridas";"Pleno dia";"Decrescente";"Chuva";"Simples";"Curva";"Rural";1;0;1;0;0;0;1;1
83446849;"10/03/16";"Quinta";"19:35:00";"SP";459;"14,7";"PIQUETE";"Ultrapassagem indevida";"Colisão Transversal";"Sem Vítimas";"Plena noite";"Crescente";"Chuva";"Simples";"Reta";"Urbano";2;0;0;0;1;1;0;2
83446850;"12/03/16";"Sábado";"13:40:00";"MS";163;"270";"DOURADOS";"Não guardar distância de segurança";"Colisão traseira";"Sem Vítimas";"Pleno dia";"Crescente";"Ceu Claro";"Simples";"Cruzamento";"Rural";2;0;0;0;2;0;0;2
83446851;"12/03/16";"Sábado";"03:00:00";"SC";280;"49,2";"GUARAMIRIM";"Velocidade incompatível";"Colisão traseira";"Com Vítimas Feridas";"Pleno dia";"Decrescente";"Sol";"Simples";"Cruzamento";"Urbano";2;0;0;1;1;0;1;2
83446852;"12/03/16";"Sábado";"12:15:00";"MG";116;"595";"MANHUACU";"Outras";"Saída de Pista";"Sem Vítimas";"Pleno dia";"Decrescente";"Chuva";"Simples";"Curva";"Rural";1;0;0;0;1;0;0;1
83446853;"12/03/16";"Sábado";"10:20:00";"GO";153;"344";"JARAGUA";"Outras";"Colisão frontal";"Com Vítimas Feridas";"Pleno dia";"Crescente";"Chuva";"Simples";"Curva";"Rural";2;0;1;0;1;0;1;2
83446854;"12/03/16";"Sábado";"15:10:00";"RJ";116;"135";"MAGE";"Outras";"Capotamento";"Sem Vítimas";"Pleno dia";"Crescente";"Nublado";"Dupla";"Reta";"Urbano";1;0;0;0;1;0;0;1
83446855;"12/03/16";"Sábado";"08:30:00";"BA";116;"731";"BOA NOVA";"Outras";"Saída de Pista";"Sem Vítimas";"Plena noite";"Decrescente";"Ceu Claro";"Simples";"Curva";"Rural";2;0;0;0;2;0;0;1
83446856;"02/02/16";"Terça";"06:30:00";"SC";101;"162,8";"TIJUCAS";"Outras";"Saída de Pista";"Com Vítimas Feridas";"Amanhecer";"Crescente";"Nublado";"Dupla";"Reta";"Urbano";2;0;2;0;0;0;2;1
83446857;"12/03/16";"Sábado";"13:20:00";"MG";116;"407,8";"GOVERNADOR VALADARES";"Outras";"Colisão frontal";"Com Vítimas Feridas";"Pleno dia";"Crescente";"Ceu Claro";"Simples";"Reta";"Urbano";5;0;2;1;1;1;3;4
83446858;"12/03/16";"Sábado";"12:55:00";"MT";70;"282";"PRIMAVERA DO LESTE";"Outras";"Colisão frontal";"Com Vítimas Feridas";"Pleno dia";"Decrescente";"Nublado";"Simples";"Reta";"Rural";2;0;2;0;0;0;2;2
83446859;"12/03/16";"Sábado";"06:30:00";"DF";20;"19,2";"BRASILIA";"Falta de atenção";"Colisão Transversal";"Com Vítimas Feridas";"Pleno dia";"Crescente";"Nublado";"Dupla";"Reta";"Rural";3;0;1;0;2;0;1;2
83446860;"12/03/16";"Sábado";"13:55:00";"ES";101;"407";"ITAPEMIRIM";"Ultrapassagem indevida";"Colisão frontal";"Sem Vítimas";"Pleno dia";"Crescente";"Ceu Claro";"Simples";"Curva";"Rural";2;0;0;0;1;1;0;2
83446861;"12/03/16";"Sábado";"12:05:00";"DF";70;"14,5";"BRASILIA";"Falta de atenção";"Atropelamento de pessoa";"Com Vítimas Feridas";"Pleno dia";"Decrescente";"Nublado";"Dupla";"Curva";"Rural";3;0;1;2;0;0;3;1
83446862;"12/03/16";"Sábado";"09:40:00";"MT";174;"87";"GLORIA DOESTE";"Não guardar distância de segurança";"Colisão traseira";"Com Vítimas Feridas";"Pleno dia";"Crescente";"Sol";"Simples";"Reta";"Urbano";4;0;2;0;2;0;2;2
83446863;"12/03/16";"Sábado";"13:20:00";"RJ";101;"238";"SILVA JARDIM";"Defeito na via";"Colisão com objeto fixo";"Sem Vítimas";"Pleno dia";"Decrescente";"Chuva";"Simples";"Reta";"Rural";1;0;0;0;1;0;0;1
83446864;"12/03/16";"Sábado";"14:30:00";"BA";324;"606";"SIMOES FILHO";"Outras";"Capotamento";"Com Vítimas Feridas";"Pleno dia";"Crescente";"Ceu Claro";"Dupla";"Reta";"Rural";2;0;1;0;1;0;1;1
83446865;"10/03/16";"Quinta";"18:45:00";"RN";406;"140,5";"CEARA-MIRIM";"Outras";"Capotamento";"Com Vítimas Fatais";"Plena noite";"Decrescente";"Ceu Claro";"Simples";"Reta";"Rural";4;1;2;1;0;0;3;1
83446866;"09/03/16";"Quarta";"19:20:00";"ES";262;"191,2";"IUNA";"Outras";"Colisão Transversal";"Com Vítimas Feridas";"Plena noite";"Crescente";"Ceu Claro";"Simples";"Reta";"Rural";5;0;4;0;1;0;4;2
83446867;"12/03/16";"Sábado";"07:48:00";"SC";116;"233,1";"CORREIA PINTO";"Desobediência à sinalização";"Colisão com objeto fixo";"Sem Vítimas";"Pleno dia";"Decrescente";"Nublado";"Simples";"Reta";"Rural";1;0;0;0;1;0;0;1