"id";"data_inversa";"dia_semana";"horario";"uf";"br";"km";"municipio";"causa_acidente";"tipo_acidente";"classificacao_acidente";"fase_dia";"sentido_via";"condicao_metereologica";"tipo_pista";"tracado_via";"uso_solo";"pessoas";"mortos";"feridos_leves";"feridos_graves";"ilesos";"ignorados";"feridos";"veiculos"
83446868;"12/03/16";"Sábado";"09:30:00";"MG";262;"587,2";"CAMPOS ALTOS";"Velocidade incompatível";"Colisão frontal";"Com Vítimas Feridas";"Pleno dia";"Decrescente";"Chuva";"Simples";"Curva";"Rural";2;0;0;1;1;0;1;2
83446869;"13/01/16";"Quarta";"00:20:00";"SC";101;"172";"TIJUCAS";"Outras";"Capotamento";"Com Vítimas Feridas";"Plena noite";"Crescente";"Nublado";"Dupla";"Curva";"Rural";1;0;1;0;0;0;1;1
83446870;"12/03/16";"Sábado";"13:00:00";"MG";381;"497,7";"BETIM";"Outras";"Colisão com objeto fixo";"Com Vítimas Feridas";"Pleno dia";"Crescente";"Nublado";"Dupla";"Reta";"Urbano";1;0;1;0;0;0;1;1
83446871;"12/03/16";"Sábado";"16:15:00";"MG";381;"778,5";"CAMPANHA";"Velocidade incompatível";"Capotamento";"Sem Vítimas";"Pleno dia";"Crescente";"Chuva";"Dupla";"Curva";"Rural";1;0;0;0;1;0;0;1
83446872;"12/03/16";"Sábado";"14:40:00";"ES";262;"4,1";"CARIACICA";"Outras";"Queda de motocicleta / bicicleta / veículo";"Com Vítimas Feridas";"Pleno dia";"Crescente";"Ceu Claro";"Dupla";"Reta";"Urbano";1;0;0;1;0;0;1;1
83446873;"12/03/16";"Sábado";"11:58:00";"MG";381;"618";"OLIVEIRA";"Velocidade incompatível";"Colisão com objeto fixo";"Sem Vítimas";"Pleno dia";"Crescente";"Chuva";"Dupla";"Curva";"Rural";1;0;0;0;1;0;0;1
83446874;"12/03/16";"Sábado";"14:15:00";"MS";163;"5,7";"MUNDO NOVO";"Velocidade incompatível";"Colisão lateral";"Com Vítimas Feridas";"Pleno dia";"Crescente";"Sol";"Simples";"Reta";"Rural";6;0;5;1;0;0;6;2
83446875;"12/03/16";"Sábado";"16:00:00";"RJ";101;"238";"SILVA JARDIM";"Outras";"Colisão lateral";"Com Vítimas Feridas";"Pleno dia";"Decrescente";"Chuva";"Simples";"Curva";"Urbano";3;0;1;0;2;0;1;3
83446876;"03/03/16";"Quinta";"20:00:00";"MG";135;"369";"MONTES CLAROS";"Outras";"Colisão Transversal";"Com Vítimas Feridas";"Plena noite";"Crescente";"Ceu Claro";"Dupla";"Reta";"Urbano";2;0;1;0;1;0;1;2
83446877;"12/01/16";"Terça";"09:10:00";"SC";101;"137,2";"BALNEARIO CAMBORIU";"Outras";"Colisão traseira";"Com Vítimas Feridas";"Pleno dia";"Decrescente";"Nublado";"Dupla";"Reta";"Urbano";4;0;1;0;3;0;1;3
83446878;"12/03/16";"Sábado";"12:08:00";"MT";163;"755";"SORRISO";"Falta de atenção";"Colisão lateral";"Sem Vítimas";"Pleno dia";"Crescente";"Ceu Claro";"Dupla";"Reta";"Urbano";2;0;0;0;2;0;0;2
83446879;"08/03/16";"Terça";"21:00:00";"RJ";116;"70";"TERESOPOLIS";"Desobediência à sinalização";"Colisão Transversal";"Com Vítimas Feridas";"Pleno dia";"Crescente";"Ceu Claro";"Simples";"Reta";"Urbano";2;0;1;0;1;0;1;2
83446880;"12/03/16";"Sábado";"10:00:00";"MT";163;"831";"SINOP";"Outras";"Colisão com objeto fixo";"Sem Vítimas";"Pleno dia";"Crescente";"Chuva";"Dupla";"Reta";"Urbano";1;0;0;0;1;0;0;1
83446881;"08/03/16";"Terça";"23:00:00";"MG";381;"482,2";"BETIM";"Não guardar distância de segurança";"Colisão traseira";"Com Vítimas Feridas";"Plena noite";"Crescente";"Ceu Claro";"Dupla";"Reta";"Urbano";2;0;1;0;1;0;1;2
83446882;"12/03/16";"Sábado";"16:00:00";"RS";285;"258,3";"MATO CASTELHANO";"Falta de atenção";"Capotamento";"Sem Vítimas";"Pleno dia";"Crescente";"Ceu Claro";"Simples";"Reta";"Rural";1;0;0;0;1;0;0;1
83446883;"10/03/16";"Quinta";"07:20:00";"SP";381;"48";"ATIBAIA";"Falta de atenção";"Colisão com objeto fixo";"Com Vítimas Feridas";"Pleno dia";"Decrescente";"Chuva";"Dupla";"Reta";"Urbano";1;0;1;0;0;0;1;1
83446884;"12/03/16";"Sábado";"14:30:00";"AL";101;"122";"SAO MIGUEL DOS CAMPOS";"Falta de atenção";"Colisão com objeto fixo";"Com Vítimas Feridas";"Pleno dia";"Crescente";"Ceu Claro";"Simples";"Reta";"Rural";2;0;1;0;1;0;1;1
83446885;"12/03/16";"Sábado";"11:40:00";"MG";40;"792,4";"JUIZ DE FORA";"Velocidade incompatível";"Colisão com objeto fixo";"Sem Vítimas";"Pleno dia";"Decrescente";"Nublado";"Dupla";"Curva";"Urbano";1;0;0;0;1;0;0;1
83446886;"12/03/16";"Sábado";"09:15:00";"AC";364;"156,5";"BUJARI";"Falta de atenção";"Colisão traseira";"Com Vítimas Feridas";"Pleno dia";"Crescente";"Sol";"Simples";"Reta";"Urbano";8;0;1;0;7;0;1;3
83446887;"12/03/16";"Sábado";"09:20:00";"SP";116;"225";"GUARULHOS";"Falta de atenção";"Colisão traseira";"Sem Vítimas";"Pleno dia";"Crescente";"Nublado";"Múltipla";"Reta";"Urbano";2;0;0;0;2;0;0;2
83446888;"12/03/16";"Sábado";"15:00:00";"MG";381;"635";"SANTO ANTONIO DO AMPARO";"Velocidade incompatível";"Capotamento";"Sem Vítimas";"Pleno dia";"Crescente";"Chuva";"Dupla";"Curva";"Rural";1;0;0;0;1;0;0;1
83446889;"12/03/16";"Sábado";"15:00:00";"MG";262;"388";"FLORESTAL";"Velocidade incompatível";"Colisão com objeto fixo";"Sem Vítimas";"Pleno dia";"Crescente";"Chuva";"Dupla";"Reta";"Urbano";1;0;0;0;1;0;0;1
83446890;"08/03/16";"Terça";"22:55:00";"MG";381;"482,2";"BETIM";"Não guardar distância de segurança";"Colisão traseira";"Com Vítimas Feridas";"Plena noite";"Crescente";"Nublado";"Dupla";"Reta";"Urbano";3;0;0;1;2;0;1;3
83446891;"09/03/16";"Quarta";"13:30:00";"MG";381;"511";"IGARAPE";"Falta de atenção";"Colisão frontal";"Com Vítimas Feridas";"Pleno dia";"Crescente";"Ceu Claro";"Dupla";"Reta";"Urbano";2;0;1;0;1;0;1;2
83446892;"12/03/16";"Sábado";"11:10:00";"MG";381;"671,5";"PERDOES";"Falta de atenção";"Colisão traseira";"Sem Vítimas";"Pleno dia";"Crescente";"Nublado";"Dupla";"Reta";"Rural";2;0;0;0;2;0;0;2
83446893;"12/03/16";"Sábado";"13:00:00";"MT";70;"500";"CUIABA";"Defeito na via";"Saída de Pista";"Sem Vítimas";"Pleno dia";"Crescente";"Ceu Claro";"Simples";"Reta";"Rural";1;0;0;0;1;0;0;1
83446894;"08/03/16";"Terça";"21:45:00";"PR";163;"142";"CAPITAO LEONIDAS MARQUES";"Velocidade incompatível";"Tombamento";"Com Vítimas Feridas";"Plena noite";"Decrescente";"Ceu Claro";"Simples";"Curva";"Rural";1;0;1;0;0;0;1;1
83446895;"12/03/16";"Sábado";"16:00:00";"PE";407;"42,7";"PETROLINA";"Defeito mecânico em veículo";"Saída de Pista";"Sem Vítimas";"Pleno dia";"Crescente";"Ceu Claro";"Simples";"Reta";"Rural";1;0;0;0;1;0;0;1
83446896;"12/03/16";"Sábado";"14:30:00";"SC";101;"136";"BALNEARIO CAMBORIU";"Falta de atenção";"Colisão traseira";"Com Vítimas Feridas";"Pleno dia";"Crescente";"Sol";"Dupla";"Reta";"Urbano";3;0;2;0;1;0;2;2
83446897;"12/03/16";"Sábado";"11:30:00";"BA";116;"777,9";"PLANALTO";"Outras";"Colisão frontal";"Sem Vítimas";"Pleno dia";"Crescente";"Ceu Claro";"Simples";"Reta";"Urbano";4;0;0;0;3;1;0;3
83446898;"12/03/16";"Sábado";"17:00:00";"GO";40;"95";"CRISTALINA";"Outras";"Colisão Transversal";"Com Vítimas Feridas";"Pleno dia";"Decrescente";"Nublado";"Simples";"Reta";"Rural";4;0;2;0;2;0;2;2
83446899;"12/03/16";"Sábado";"16:00:00";"AP";210;"19";"MACAPA";"Velocidade incompatível";"Saída de Pista";"Com Vítimas Feridas";"Pleno dia";"Decrescente";"Ceu Claro";"Simples";"Curva";"Rural";4;0;1;0;3;0;1;1
83446900;"12/03/16";"Sábado";"09:30:00";"SC";470;"15";"NAVEGANTES";"Não guardar distância de segurança";"Colisão traseira";"Sem Vítimas";"Pleno dia";"Decrescente";"Nublado";"Simples";"Curva";"Rural";2;0;0;0;2;0;0;2
83446901;"08/03/16";"Terça";"21:00:00";"RJ";116;"13";"SAPUCAIA";"Outras";"Tombamento";"Com Vítimas Feridas";"Plena noite";"Decrescente";"Ceu Claro";"Simples";"Curva";"Rural";1;0;1;0;0;0;1;1
83446902;"12/03/16";"Sábado";"16:05:00";"RS";392;"110,3";"CANGUCU";"Outras";"Saída de Pista";"Com Vítimas Feridas";"Pleno dia";"Crescente";"Ceu Claro";"Simples";"Curva";"Rural";1;0;1;0;0;0;1;1
83446903;"12/03/16";"Sábado";"10:10:00";"MG";262;"378";"JUATUBA";"Velocidade incompatível";"Colisão com objeto fixo";"Com Vítimas Feridas";"Pleno dia";"Decrescente";"Chuva";"Dupla";"Reta";"Rural";2;0;0;1;1;0;1;1
83446904;"12/03/16";"Sábado";"14:45:00";"SP";116;"225";"GUARULHOS";"Defeito mecânico em veículo";"Colisão Transversal";"Com Vítimas Feridas";"Pleno dia";"Crescente";"Nublado";"Múltipla";"Reta";"Urbano";2;0;1;0;1;0;1;2
83446905;"12/03/16";"Sábado";"16:20:00";"SC";282;"643";"SAO MIGUEL DOESTE";"Não guardar distância de segurança";"Colisão traseira";"Com Vítimas Feridas";"Pleno dia";"Decrescente";"Ceu Claro";"Simples";"Curva";"Rural";2;0;1;0;1;0;1;2
83446906;"12/03/16";"Sábado";"14:20:00";"PR";376;"202";"MANDAGUARI";"Outras";"Queda de motocicleta / bicicleta / veículo";"Com Vítimas Feridas";"Pleno dia";"Crescente";"Ceu Claro";"Dupla";"Reta";"Rural";1;0;1;0;0;0;1;1
83446908;"12/03/16";"Sábado";"08:30:00";"MG";116;"276,8";"TEOFILO OTONI";"Falta de atenção";"Colisão lateral";"Com Vítimas Feridas";"Pleno dia";"Crescente";"Sol";"Simples";"Reta";"Urbano";2;0;2;0;0;0;2;2
83446910;"09/03/16";"Quarta";"17:30:00";"RJ";101;"522";"ANGRA DOS REIS";"Desobediência à sinalização";"Colisão Transversal";"Com Vítimas Feridas";"Anoitecer";"Decrescente";"Ceu Claro";"Simples";"Curva";"Urbano";4;0;2;0;2;0;2;3
83446911;"12/03/16";"Sábado";"17:00:00";"BA";110;"289";"INHAMBUPE";"Outras";"Colisão Transversal";"Sem Vítimas";"Pleno dia";"Crescente";"Ceu Claro";"Simples";"Reta";"Urbano";2;0;0;0;2;0;0;2
83446912;"12/03/16";"Sábado";"16:50:00";"SE";101;"141";"ESTANCIA";"Velocidade incompatível";"Saída de Pista";"Com Vítimas Feridas";"Pleno dia";"Decrescente";"Ceu Claro";"Dupla";"Cruzamento";"Rural";1;0;1;0;0;0;1;1
83446913;"12/03/16";"Sábado";"17:00:00";"SC";101;"229";"PALHOCA";"Ingestão de álcool";"Colisão com objeto fixo";"Sem Vítimas";"Pleno dia";"Decrescente";"Ceu Claro";"Dupla";"Curva";"Rural";1;0;0;0;1;0;0;1
83446914;"12/03/16";"Sábado";"15:40:00";"RO";319;"63,4";"PORTO VELHO";"Falta de atenção";"Colisão com objeto fixo";"Ignorado";"Pleno dia";"Crescente";"Ceu Claro";"Múltipla";"Reta";"Urbano";1;0;0;0;0;1;0;1
83446915;"12/03/16";"Sábado";"17:00:00";"SP";116;"511";"CAJATI";"Outras";"Tombamento";"Com Vítimas Feridas";"Pleno dia";"Crescente";"Ceu Claro";"Dupla";"Curva";"Rural";1;0;1;0;0;0;1;1
83446916;"12/03/16";"Sábado";"15:00:00";"GO";153;"561";"PROFESSOR JAMIL";"Velocidade incompatível";"Capotamento";"Com Vítimas Feridas";"Pleno dia";"Crescente";"Chuva";"Dupla";"Curva";"Rural";2;0;1;0;1;0;1;1
83446917;"12/03/16";"Sábado";"14:30:00";"RS";101;"21,9";"TRES CACHOEIRAS";"Falta de atenção";"Saída de Pista";"Com Vítimas Feridas";"Pleno dia";"Crescente";"Nublado";"Dupla";"Curva";"Rural";4;0;2;2;0;0;4;1
83446918;"10/03/16";"Quinta";"23:30:00";"MA";222;"580";"BOM JESUS DAS SELVAS";"Velocidade incompatível";"Saída de Pista";"Com Vítimas Feridas";"Plena noite";"Crescente";"Chuva";"Simples";"Reta";"Rural";1;0;1;0;0;0;1;1
83446919;"12/03/16";"Sábado";"15:00:00";"MG";262;"388";"FLORESTAL";"Velocidade incompatível";"Saída de Pista";"Sem Vítimas";"Pleno dia";"Crescente";"Chuva";"Dupla";"Curva";"Rural";1;0;0;0;1;0;0;1
83446921;"12/03/16";"Sábado";"14:05:00";"RS";153;"501";"CACAPAVA DO SUL";"Defeito mecânico em veículo";"Incêndio";"Sem Vítimas";"Pleno dia";"Crescente";"Sol";"Simples";"Curva";"Rural";1;0;0;0;1;0;0;1
83446923;"12/03/16";"Sábado";"14:00:00";"RO";364;"509";"ARIQUEMES";"Outras";"Colisão traseira";"Com Vítimas Feridas";"Pleno dia";"Crescente";"Ceu Claro";"Simples";"Reta";"Urbano";3;0;1;0;2;0;1;2
83446924;"12/03/16";"Sábado";"19:30:00";"MG";146;"517,5";"POCOS DE CALDAS";"Animais na Pista";"Atropelamento de animal";"Sem Vítimas";"Plena noite";"Crescente";"Nublado";"Simples";"Reta";"Rural";3;0;0;0;3;0;0;1
83446925;"12/03/16";"Sábado";"16:30:00";"MA";10;"177";"CAMPESTRE DO MARANHAO";"Falta de atenção";"Colisão Transversal";"Com Vítimas Feridas";"Pleno dia";"Decrescente";"Ceu Claro";"Simples";"Reta";"Urbano";3;0;1;0;2;0;1;2
83446926;"12/03/16";"Sábado";"17:30:00";"PE";101;"95";"CABO DE SANTO AGOSTINHO";"Ingestão de álcool";"Colisão traseira";"Sem Vítimas";"Plena noite";"Decrescente";"Ceu Claro";"Dupla";"Cruzamento";"Urbano";2;0;0;0;1;1;0;2
83446927;"09/03/16";"Quarta";"05:30:00";"MA";222;"614";"BOM JESUS DAS SELVAS";"Dormindo";"Saída de Pista";"Sem Vítimas";"Amanhecer";"Crescente";"Ignorada";"Simples";"Reta";"Rural";3;0;0;0;3;0;0;1
83446928;"12/03/16";"Sábado";"16:30:00";"GO";60;"8";"SANTO ANTONIO DO DESCOBERTO";"Outras";"Capotamento";"Sem Vítimas";"Pleno dia";"Crescente";"Chuva";"Dupla";"Curva";"Rural";2;0;0;0;2;0;0;1
83446929;"12/03/16";"Sábado";"19:20:00";"MG";381;"499,5";"BETIM";"Velocidade incompatível";"Capotamento";"Com Vítimas Feridas";"Anoitecer";"Crescente";"Nublado";"Dupla";"Reta";"Urbano";2;0;1;1;0;0;2;1
83446930;"12/03/16";"Sábado";"15:50:00";"MG";262;"756";"SACRAMENTO";"Defeito mecânico em veículo";"Saída de Pista";"Com Vítimas Feridas";"Pleno dia";"Decrescente";"Chuva";"Simples";"Reta";"Rural";2;0;2;0;0;0;2;1
83446931;"12/03/16";"Sábado";"19:45:00";"SC";470;"58";"BLUMENAU";"Falta de atenção";"Queda de motocicleta / bicicleta / veículo";"Com Vítimas Feridas";"Plena noite";"Decrescente";"Ceu Claro";"Simples";"Reta";"Urbano";1;0;1;0;0;0;1;1
83446932;"12/03/16";"Sábado";"19:10:00";"RS";386;"140";"SARANDI";"Defeito na via";"Saída de Pista";"Sem Vítimas";"Anoitecer";"Crescente";"Ceu Claro";"Simples";"Reta";"Rural";4;0;0;0;4;0;0;1
83446933;"12/03/16";"Sábado";"15:00:00";"MG";251;"466,5";"GRAO MOGOL";"Defeito mecânico em veículo";"Saída de Pista";"Com Vítimas Feridas";"Pleno dia";"Decrescente";"Nublado";"Simples";"Curva";"Rural";3;0;3;0;0;0;3;1
83446934;"12/03/16";"Sábado";"06:50:00";"MG";40;"697,1";"BARBACENA";"Velocidade incompatível";"Colisão frontal";"Com Vítimas Feridas";"Pleno dia";"Crescente";"Chuva";"Simples";"Curva";"Rural";8;0;6;2;0;0;8;2
83446935;"12/03/16";"Sábado";"14:50:00";"MG";381;"497,8";"BETIM";"Outras";"Saída de Pista";"Ignorado";"Pleno dia";"Decrescente";"Chuva";"Dupla";"Curva";"Urbano";1;0;0;0;0;1;0;1
83446936;"12/03/16";"Sábado";"19:00:00";"PI";222;"68";"PIRIPIRI";"Animais na Pista";"Atropelamento de animal";"Com Vítimas Feridas";"Plena noite";"Decrescente";"Nublado";"Simples";"Reta";"Urbano";1;0;0;1;0;0;1;1
83446937;"12/03/16";"Sábado";"09:30:00";"RN";101;"97";"NATAL";"Falta de atenção";"Colisão traseira";"Com Vítimas Feridas";"Pleno dia";"Decrescente";"Ceu Claro";"Simples";"Curva";"Urbano";2;0;1;0;1;0;1;2
83446938;"12/03/16";"Sábado";"14:00:00";"RS";472;"133,2";"TRES DE MAIO";"Ultrapassagem indevida";"Colisão frontal";"Com Vítimas Feridas";"Pleno dia";"Crescente";"Sol";"Simples";"Curva";"Rural";2;0;0;1;1;0;1;2
83446940;"12/03/16";"Sábado";"18:30:00";"ES";101;"270,5";"SERRA";"Desobediência à sinalização";"Colisão Transversal";"Com Vítimas Feridas";"Plena noite";"Decrescente";"Ceu Claro";"Dupla";"Reta";"Urbano";2;0;0;1;1;0;1;2
83446941;"12/03/16";"Sábado";"18:05:00";"ES";101;"290,3";"CARIACICA";"Falta de atenção";"Capotamento";"Sem Vítimas";"Anoitecer";"Crescente";"Ceu Claro";"Dupla";"Reta";"Urbano";1;0;0;0;1;0;0;1
83446942;"12/03/16";"Sábado";"19:00:00";"ES";101;"173,8";"ARACRUZ";"Outras";"Atropelamento de pessoa";"Com Vítimas Feridas";"Plena noite";"Crescente";"Ceu Claro";"Simples";"Reta";"Urbano";2;0;1;0;1;0;1;1
83446943;"12/03/16";"Sábado";"16:15:00";"GO";60;"271,1";"JANDAIA";"Outras";"Saída de Pista";"Com Vítimas Feridas";"Pleno dia";"Decrescente";"Chuva";"Dupla";"Reta";"Rural";2;0;2;0;0;0;2;1
83446944;"12/03/16";"Sábado";"15:30:00";"GO";60;"209,6";"VARJAO";"Outras";"Saída de Pista";"Sem Vítimas";"Pleno dia";"Decrescente";"Chuva";"Dupla";"Reta";"Rural";1;0;0;0;1;0;0;1
83446945;"12/03/16";"Sábado";"13:20:00";"MG";267;"274,9";"AIURUOCA";"Velocidade incompatível";"Colisão Transversal";"Com Vítimas Feridas";"Pleno dia";"Crescente";"Chuva";"Simples";"Reta";"Rural";3;0;3;0;0;0;3;2
83446947;"12/03/16";"Sábado";"18:00:00";"PR";163;"110";"CAPANEMA";"Velocidade incompatível";"Saída de Pista";"Com Vítimas Feridas";"Pleno dia";"Decrescente";"Ceu Claro";"Simples";"Curva";"Rural";1;0;0;1;0;0;1;1
83446948;"12/03/16";"Sábado";"18:10:00";"MG";381;"330";"NOVA ERA";"Velocidade incompatível";"Capotamento";"Com Vítimas Feridas";"Anoitecer";"Crescente";"Chuva";"Dupla";"Curva";"Rural";1;0;1;0;0;0;1;1
83446950;"12/03/16";"Sábado";"18:15:00";"RS";290;"119";"ELDORADO DO SUL";"Outras";"Saída de Pista";"Sem Vítimas";"Pleno dia";"Crescente";"Sol";"Simples";"Reta";"Rural";2;0;0;0;2;0;0;2
83446952;"12/03/16";"Sábado";"15:00:00";"MG";262;"508";"LUZ";"Velocidade incompatível";"Capotamento";"Com Vítimas Feridas";"Pleno dia";"Decrescente";"Chuva";"Simples";"Curva";"Rural";1;0;1;0;0;0;1;1
83446953;"12/03/16";"Sábado";"15:00:00";"MG";262;"385";"FLORESTAL";"Velocidade incompatível";"Saída de Pista";"Com Vítimas Feridas";"Pleno dia";"Crescente";"Ceu Claro";"Dupla";"Curva";"Rural";1;0;1;0;0;0;1;1
83446954;"11/03/16";"Sexta";"19:00:00";"RO";364;"287";"PRESIDENTE MEDICI";"Defeito na via";"Saída de Pista";"Sem Vítimas";"Plena noite";"Decrescente";"Ignorada";"Simples";"Curva";"Rural";1;0;0;0;1;0;0;1
83446955;"12/03/16";"Sábado";"19:30:00";"SP";153;"44,9";"ONDA VERDE";"Outras";"Colisão Transversal";"Com Vítimas Feridas";"Plena noite";"Decrescente";"Ceu Claro";"Simples";"Reta";"Rural";2;0;1;0;1;0;1;2
83446956;"12/03/16";"Sábado";"17:23:00";"MG";262;"407,9";"PARA DE MINAS";"Defeito mecânico em veículo";"Saída de Pista";"Com Vítimas Feridas";"Pleno dia";"Decrescente";"Nublado";"Dupla";"Reta";"Rural";2;0;2;0;0;0;2;1
83446957;"12/03/16";"Sábado";"17:30:00";"BA";116;"859";"VITORIA DA CONQUISTA";"Falta de atenção";"Colisão lateral";"Com Vítimas Feridas";"Pleno dia";"Crescente";"Sol";"Simples";"Cruzamento";"Rural";3;0;2;0;1;0;2;2
83446958;"12/03/16";"Sábado";"20:55:00";"SP";116;"155";"SAO JOSE DOS CAMPOS";"Falta de atenção";"Colisão lateral";"Com Vítimas Feridas";"Plena noite";"Crescente";"Ceu Claro";"Dupla";"Reta";"Urbano";5;0;3;0;2;0;3;2
83446959;"12/03/16";"Sábado";"19:50:00";"SC";282;"531,6";"CORDILHEIRA ALTA";"Ingestão de álcool";"Colisão Transversal";"Com Vítimas Feridas";"Plena noite";"Decrescente";"Ceu Claro";"Simples";"Curva";"Urbano";2;0;0;1;1;0;1;2
83446960;"12/03/16";"Sábado";"13:10:00";"RN";226;"33,1";"MACAIBA";"Não guardar distância de segurança";"Colisão Transversal";"Com Vítimas Feridas";"Pleno dia";"Crescente";"Ceu Claro";"Simples";"Curva";"Rural";2;0;0;1;1;0;1;2
83446961;"12/03/16";"Sábado";"17:50:00";"RN";304;"284,7";"MACAIBA";"Ultrapassagem indevida";"Colisão Transversal";"Com Vítimas Feridas";"Plena noite";"Crescente";"Ceu Claro";"Simples";"Reta";"Rural";3;0;1;0;2;0;1;3
83446962;"08/03/16";"Terça";"22:30:00";"PE";101;"79";"JABOATAO DOS GUARARAPES";"Ingestão de álcool";"Queda de motocicleta / bicicleta / veículo";"Com Vítimas Feridas";"Plena noite";"Decrescente";"Ceu Claro";"Múltipla";"Reta";"Urbano";1;0;1;0;0;0;1;1
83446964;"12/03/16";"Sábado";"21:00:00";"RJ";40;"118";"DUQUE DE CAXIAS";"Outras";"Colisão com objeto fixo";"Sem Vítimas";"Plena noite";"Decrescente";"Chuva";"Simples";"Reta";"Urbano";1;0;0;0;1;0;0;1
83446965;"12/03/16";"Sábado";"16:00:00";"MS";163;"485";"CAMPO GRANDE";"Ingestão de álcool";"Colisão traseira";"Sem Vítimas";"Pleno dia";"Decrescente";"Ceu Claro";"Simples";"Reta";"Urbano";4;0;0;0;4;0;0;2
83446967;"12/03/16";"Sábado";"14:30:00";"PR";116;"12";"COLOMBO";"Ingestão de álcool";"Colisão lateral";"Com Vítimas Feridas";"Pleno dia";"Decrescente";"Ceu Claro";"Dupla";"Reta";"Urbano";2;0;0;1;1;0;1;2
83446968;"12/03/16";"Sábado";"19:10:00";"MS";463;"0,3";"DOURADOS";"Falta de atenção";"Colisão Transversal";"Com Vítimas Feridas";"Plena noite";"Decrescente";"Nublado";"Simples";"Reta";"Urbano";2;0;0;1;0;1;1;2
83446969;"12/03/16";"Sábado";"19:00:00";"RJ";101;"422";"MANGARATIBA";"Outras";"Colisão frontal";"Com Vítimas Feridas";"Plena noite";"Decrescente";"Chuva";"Simples";"Curva";"Urbano";6;0;5;0;1;0;5;2
83446970;"12/03/16";"Sábado";"17:39:00";"RJ";101;"523";"ANGRA DOS REIS";"Outras";"Capotamento";"Com Vítimas Feridas";"Pleno dia";"Crescente";"Chuva";"Simples";"Reta";"Rural";2;0;1;0;1;0;1;1
83446971;"12/03/16";"Sábado";"19:15:00";"RS";116;"170,9";"CAXIAS DO SUL";"Desobediência à sinalização";"Colisão Transversal";"Sem Vítimas";"Plena noite";"Crescente";"Ceu Claro";"Simples";"Curva";"Urbano";2;0;0;0;2;0;0;2
83446972;"12/03/16";"Sábado";"19:50:00";"PA";163;"999";"SANTAREM";"Falta de atenção";"Colisão Transversal";"Com Vítimas Feridas";"Plena noite";"Decrescente";"Ceu Claro";"Simples";"Reta";"Urbano";2;0;0;1;0;1;1;2
83446973;"12/03/16";"Sábado";"20:30:00";"PE";104;"86";"CARUARU";"Outras";"Colisão frontal";"Com Vítimas Feridas";"Plena noite";"Decrescente";"Ceu Claro";"Simples";"Reta";"Urbano";2;0;0;1;1;0;1;2
83446974;"12/03/16";"Sábado";"22:00:00";"PA";10;"24";"DOM ELISEU";"Outras";"Queda de motocicleta / bicicleta / veículo";"Com Vítimas Feridas";"Plena noite";"Decrescente";"Nublado";"Simples";"Reta";"Rural";1;0;0;1;0;0;1;1
83446975;"12/03/16";"Sábado";"20:30:00";"MA";10;"322,3";"ACAILANDIA";"Falta de atenção";"Colisão frontal";"Com Vítimas Fatais";"Plena noite";"Decrescente";"Ceu Claro";"Simples";"Reta";"Rural";2;1;0;0;1;0;0;2
83446976;"12/03/16";"Sábado";"19:00:00";"SC";101;"184";"BIGUACU";"Falta de atenção";"Colisão traseira";"Com Vítimas Feridas";"Anoitecer";"Decrescente";"Ceu Claro";"Dupla";"Reta";"Rural";2;0;1;0;0;1;1;2
83446977;"12/03/16";"Sábado";"19:20:00";"MG";40;"824,6";"SIMAO PEREIRA";"Velocidade incompatível";"Saída de Pista";"Sem Vítimas";"Plena noite";"Decrescente";"Chuva";"Dupla";"Curva";"Rural";4;0;0;0;3;1;0;1
83446978;"10/03/16";"Quinta";"04:00:00";"MG";262;"90";"ABRE CAMPO";"Dormindo";"Saída de Pista";"Com Vítimas Feridas";"Amanhecer";"Crescente";"Chuva";"Simples";"Curva";"Rural";1;0;1;0;0;0;1;1
83446979;"12/03/16";"Sábado";"12:20:00";"GO";364;"262";"JATAI";"Outras";"Colisão Transversal";"Sem Vítimas";"Pleno dia";"Crescente";"Nublado";"Simples";"Curva";"Rural";2;0;0;0;2;0;0;2
83446980;"12/03/16";"Sábado";"20:50:00";"RS";290;"176,8";"BUTIA";"Falta de atenção";"Colisão Transversal";"Com Vítimas Feridas";"Plena noite";"Crescente";"Ceu Claro";"Simples";"Reta";"Urbano";3;0;2;0;1;0;2;2
83446981;"12/03/16";"Sábado";"21:20:00";"RS";386;"168,5";"CARAZINHO";"Animais na Pista";"Atropelamento de animal";"Sem Vítimas";"Plena noite";"Crescente";"Ceu Claro";"Simples";"Reta";"Urbano";1;0;0;0;1;0;0;1
83446982;"12/03/16";"Sábado";"21:00:00";"SC";116;"287,3";"CAPAO ALTO";"Não guardar distância de segurança";"Colisão lateral";"Sem Vítimas";"Plena noite";"Decrescente";"Nublado";"Simples";"Reta";"Rural";2;0;0;0;2;0;0;2
83446983;"12/03/16";"Sábado";"21:45:00";"MG";116;"412,2";"GOVERNADOR VALADARES";"Falta de atenção";"Colisão Transversal";"Sem Vítimas";"Plena noite";"Crescente";"Ceu Claro";"Dupla";"Reta";"Urbano";2;0;0;0;2;0;0;2
83446984;"12/03/16";"Sábado";"20:00:00";"RS";158;"423";"SAO GABRIEL";"Animais na Pista";"Atropelamento de animal";"Com Vítimas Feridas";"Plena noite";"Decrescente";"Ceu Claro";"Simples";"Reta";"Rural";5;0;3;0;2;0;3;1