"id";"data_inversa";"dia_semana";"horario";"uf";"br";"km";"municipio";"causa_acidente";"tipo_acidente";"classificacao_acidente";"fase_dia";"sentido_via";"condicao_metereologica";"tipo_pista";"tracado_via";"uso_solo";"pessoas";"mortos";"feridos_leves";"feridos_graves";"ilesos";"ignorados";"feridos";"veiculos"
83446985;"12/03/16";"Sábado";"20:23:00";"SC";282;"20";"SANTO AMARO DA IMPERATRIZ";"Desobediência à sinalização";"Colisão lateral";"Com Vítimas Fatais";"Plena noite";"Decrescente";"Ceu Claro";"Simples";"Curva";"Urbano";2;1;0;0;1;0;0;2
83446986;"12/03/16";"Sábado";"18:30:00";"CE";116;"370,2";"ICO";"Falta de atenção";"Colisão frontal";"Com Vítimas Fatais";"Plena noite";"Decrescente";"Ceu Claro";"Simples";"Reta";"Rural";6;1;0;0;5;0;0;2
83446987;"12/03/16";"Sábado";"22:30:00";"SP";116;"388,8";"MIRACATU";"Falta de atenção";"Saída de Pista";"Com Vítimas Feridas";"Plena noite";"Decrescente";"Nublado";"Dupla";"Reta";"Rural";1;0;1;0;0;0;1;1
83446988;"12/03/16";"Sábado";"13:00:00";"MG";365;"101,6";"JEQUITAI";"Velocidade incompatível";"Tombamento";"Sem Vítimas";"Pleno dia";"Decrescente";"Chuva";"Simples";"Reta";"Rural";1;0;0;0;1;0;0;1
83446989;"12/03/16";"Sábado";"18:20:00";"RJ";101;"404";"ITAGUAI";"Outras";"Atropelamento de pessoa";"Com Vítimas Feridas";"Plena noite";"Crescente";"Chuva";"Dupla";"Reta";"Urbano";2;0;0;1;0;1;1;1
83446990;"12/03/16";"Sábado";"19:35:00";"PA";316;"85";"SAO FRANCISCO DO PARA";"Falta de atenção";"Colisão Transversal";"Com Vítimas Fatais";"Plena noite";"Decrescente";"Ceu Claro";"Simples";"Reta";"Rural";2;1;0;0;1;0;0;2
83446991;"12/03/16";"Sábado";"21:20:00";"MG";262;"447,8";"NOVA SERRANA";"Defeito mecânico em veículo";"Colisão traseira";"Com Vítimas Feridas";"Plena noite";"Crescente";"Ceu Claro";"Simples";"Reta";"Rural";2;0;1;1;0;0;2;2
83446992;"12/03/16";"Sábado";"20:00:00";"SC";116;"76,1";"MONTE CASTELO";"Ingestão de álcool";"Saída de Pista";"Com Vítimas Fatais";"Plena noite";"Decrescente";"Ceu Claro";"Simples";"Reta";"Rural";4;2;0;2;0;0;2;1
83446993;"12/03/16";"Sábado";"22:50:00";"SC";101;"123";"ITAJAI";"Ingestão de álcool";"Queda de motocicleta / bicicleta / veículo";"Com Vítimas Feridas";"Plena noite";"Crescente";"Nublado";"Dupla";"Reta";"Urbano";1;0;1;0;0;0;1;1
83446994;"12/03/16";"Sábado";"06:40:00";"MG";365;"102,5";"JEQUITAI";"Ultrapassagem indevida";"Colisão frontal";"Com Vítimas Feridas";"Amanhecer";"Decrescente";"Chuva";"Simples";"Reta";"Rural";2;0;1;0;1;0;1;2
83446995;"12/03/16";"Sábado";"21:45:00";"SC";101;"414,7";"ARARANGUA";"Defeito mecânico em veículo";"Saída de Pista";"Com Vítimas Feridas";"Plena noite";"Crescente";"Nublado";"Dupla";"Reta";"Rural";2;0;1;0;1;0;1;1
83446996;"12/03/16";"Sábado";"15:00:00";"MG";365;"731,3";"ITUIUTABA";"Outras";"Colisão traseira";"Com Vítimas Feridas";"Pleno dia";"Crescente";"Chuva";"Simples";"Curva";"Rural";4;0;1;0;3;0;1;2
83446998;"12/03/16";"Sábado";"23:50:00";"PR";116;"95,2";"SAO JOSE DOS PINHAIS";"Outras";"Saída de Pista";"Com Vítimas Feridas";"Plena noite";"Decrescente";"Chuva";"Dupla";"Reta";"Urbano";1;0;1;0;0;0;1;1
83446999;"12/03/16";"Sábado";"20:30:00";"SC";116;"99";"MONTE CASTELO";"Velocidade incompatível";"Colisão Transversal";"Com Vítimas Feridas";"Plena noite";"Crescente";"Nublado";"Simples";"Reta";"Rural";4;0;0;3;1;0;3;2
83447000;"12/03/16";"Sábado";"21:00:00";"PR";153;"100,2";"IBAITI";"Defeito na via";"Saída de Pista";"Com Vítimas Feridas";"Plena noite";"Decrescente";"Ceu Claro";"Simples";"Curva";"Rural";1;0;0;1;0;0;1;1
83447001;"10/03/16";"Quinta";"16:05:00";"SC";101;"422,1";"ARARANGUA";"Falta de atenção";"Colisão lateral";"Sem Vítimas";"Pleno dia";"Decrescente";"Sol";"Dupla";"Reta";"Urbano";2;0;0;0;2;0;0;2
83447002;"12/03/16";"Sábado";"19:20:00";"PR";376;"163";"MARINGA";"Ingestão de álcool";"Colisão lateral";"Com Vítimas Feridas";"Anoitecer";"Decrescente";"Ceu Claro";"Dupla";"Reta";"Rural";4;0;2;0;1;1;2;2
83447003;"12/03/16";"Sábado";"22:00:00";"PR";369;"133,9";"IBIPORA";"Outras";"Colisão com bicicleta";"Com Vítimas Feridas";"Plena noite";"Decrescente";"Ceu Claro";"Simples";"Reta";"Rural";4;0;1;0;3;0;1;2
83447004;"12/03/16";"Sábado";"23:30:00";"GO";60;"94";"ANAPOLIS";"Defeito na via";"Queda de motocicleta / bicicleta / veículo";"Com Vítimas Feridas";"Plena noite";"Decrescente";"Nublado";"Dupla";"Curva";"Urbano";1;0;1;0;0;0;1;1
83447005;"13/03/16";"Domingo";"00:30:00";"SC";101;"29,9";"JOINVILLE";"Outras";"Incêndio";"Sem Vítimas";"Plena noite";"Crescente";"Ceu Claro";"Dupla";"Reta";"Urbano";1;0;0;0;1;0;0;1
83447006;"12/03/16";"Sábado";"23:20:00";"PR";376;"545";"PALMEIRA";"Ingestão de álcool";"Saída de Pista";"Sem Vítimas";"Plena noite";"Crescente";"Nublado";"Dupla";"Reta";"Rural";1;0;0;0;1;0;0;1
83447007;"13/03/16";"Domingo";"00:10:00";"SC";470;"18";"ILHOTA";"Falta de atenção";"Queda de motocicleta / bicicleta / veículo";"Sem Vítimas";"Plena noite";"Crescente";"Nublado";"Simples";"Reta";"Urbano";1;0;0;0;1;0;0;1
83447008;"12/03/16";"Sábado";"21:20:00";"PR";376;"91";"PARANAVAI";"Outras";"Saída de Pista";"Com Vítimas Feridas";"Plena noite";"Decrescente";"Ceu Claro";"Simples";"Reta";"Rural";2;0;2;0;0;0;2;1
83447009;"12/03/16";"Sábado";"20:20:00";"SC";101;"410,9";"ARARANGUA";"Ultrapassagem indevida";"Colisão frontal";"Com Vítimas Feridas";"Plena noite";"Crescente";"Nublado";"Simples";"Reta";"Urbano";5;0;3;2;0;0;5;2
83447010;"12/03/16";"Sábado";"20:40:00";"SC";470;"58";"BLUMENAU";"Ingestão de álcool";"Colisão Transversal";"Sem Vítimas";"Plena noite";"Crescente";"Ceu Claro";"Simples";"Reta";"Urbano";2;0;0;0;2;0;0;2
83447011;"12/03/16";"Sábado";"20:40:00";"PB";230;"28,8";"JOAO PESSOA";"Velocidade incompatível";"Colisão com objeto fixo";"Com Vítimas Feridas";"Plena noite";"Decrescente";"Ceu Claro";"Dupla";"Curva";"Urbano";1;0;0;1;0;0;1;1
83447013;"12/03/16";"Sábado";"16:15:00";"GO";60;"116,9";"TEREZOPOLIS DE GOIAS";"Velocidade incompatível";"Saída de Pista";"Com Vítimas Feridas";"Pleno dia";"Crescente";"Chuva";"Dupla";"Curva";"Rural";1;0;1;0;0;0;1;1
83447014;"13/03/16";"Domingo";"01:30:00";"PA";163;"1000";"SANTAREM";"Falta de atenção";"Queda de motocicleta / bicicleta / veículo";"Com Vítimas Feridas";"Plena noite";"Decrescente";"Ceu Claro";"Dupla";"Reta";"Rural";1;0;1;0;0;0;1;1
83447015;"12/03/16";"Sábado";"16:45:00";"GO";60;"201,5";"GUAPO";"Velocidade incompatível";"Saída de Pista";"Sem Vítimas";"Pleno dia";"Crescente";"Chuva";"Dupla";"Curva";"Rural";1;0;0;0;1;0;0;1
83447016;"12/03/16";"Sábado";"12:15:00";"PR";277;"121,9";"CAMPO LARGO";"Outras";"Colisão com objeto fixo";"Ignorado";"Pleno dia";"Crescente";"Ceu Claro";"Dupla";"Reta";"Urbano";1;0;0;0;0;1;0;1
83447017;"13/03/16";"Domingo";"01:35:00";"RJ";101;"315";"SAO GONCALO";"Ingestão de álcool";"Colisão com objeto fixo";"Ignorado";"Plena noite";"Crescente";"Nublado";"Dupla";"Reta";"Urbano";1;0;0;0;0;1;0;1
83447018;"12/03/16";"Sábado";"18:30:00";"PR";277;"67";"SAO JOSE DOS PINHAIS";"Não guardar distância de segurança";"Colisão traseira";"Com Vítimas Feridas";"Anoitecer";"Decrescente";"Ceu Claro";"Dupla";"Reta";"Rural";3;0;1;0;2;0;1;3
83447019;"13/03/16";"Domingo";"00:05:00";"CE";116;"314";"JAGUARIBE";"Animais na Pista";"Atropelamento de animal";"Com Vítimas Feridas";"Plena noite";"Decrescente";"Ceu Claro";"Simples";"Reta";"Rural";2;0;0;2;0;0;2;1
83447020;"13/03/16";"Domingo";"00:03:00";"PR";116;"95,2";"SAO JOSE DOS PINHAIS";"Falta de atenção";"Tombamento";"Sem Vítimas";"Plena noite";"Crescente";"Chuva";"Dupla";"Reta";"Rural";1;0;0;0;1;0;0;1
83447021;"12/03/16";"Sábado";"17:50:00";"PR";277;"589,9";"CASCAVEL";"Não guardar distância de segurança";"Colisão traseira";"Sem Vítimas";"Pleno dia";"Decrescente";"Ceu Claro";"Simples";"Reta";"Urbano";2;0;0;0;1;1;0;2
83447022;"13/03/16";"Domingo";"00:30:00";"BA";116;"797";"VITORIA DA CONQUISTA";"Outras";"Derramamento de Carga";"Sem Vítimas";"Plena noite";"Crescente";"Ceu Claro";"Simples";"Reta";"Rural";1;0;0;0;1;0;0;1
83447023;"12/03/16";"Sábado";"17:50:00";"RS";470;"216,7";"BENTO GONCALVES";"Ingestão de álcool";"Colisão Transversal";"Sem Vítimas";"Pleno dia";"Decrescente";"Ceu Claro";"Dupla";"Cruzamento";"Urbano";2;0;0;0;2;0;0;2
83447024;"10/03/16";"Quinta";"09:30:00";"MG";153;"46";"CANAPOLIS";"Defeito mecânico em veículo";"Saída de Pista";"Sem Vítimas";"Pleno dia";"Crescente";"Nublado";"Dupla";"Curva";"Rural";1;0;0;0;1;0;0;1
83447025;"13/03/16";"Domingo";"02:30:00";"AL";104;"25";"UNIAO DOS PALMARES";"Outras";"Queda de motocicleta / bicicleta / veículo";"Com Vítimas Feridas";"Plena noite";"Decrescente";"Nublado";"Simples";"Reta";"Rural";2;0;0;1;1;0;1;1
83447027;"12/03/16";"Sábado";"19:40:00";"GO";50;"102";"CRISTALINA";"Outras";"Colisão traseira";"Com Vítimas Feridas";"Plena noite";"Decrescente";"Nublado";"Dupla";"Reta";"Rural";2;0;1;0;0;1;1;2
83447028;"13/03/16";"Domingo";"03:00:00";"PA";163;"997";"SANTAREM";"Falta de atenção";"Colisão com objeto móvel";"Com Vítimas Feridas";"Plena noite";"Crescente";"Ceu Claro";"Simples";"Reta";"Urbano";1;0;1;0;0;0;1;1
83447029;"13/03/16";"Domingo";"01:00:00";"CE";116;"7,8";"FORTALEZA";"Animais na Pista";"Atropelamento de animal";"Sem Vítimas";"Plena noite";"Crescente";"Ceu Claro";"Múltipla";"Reta";"Urbano";1;0;0;0;1;0;0;1
83447030;"12/03/16";"Sábado";"15:40:00";"MG";116;"58";"MEDINA";"Ultrapassagem indevida";"Colisão Transversal";"Com Vítimas Feridas";"Pleno dia";"Decrescente";"Sol";"Simples";"Curva";"Rural";2;0;0;1;1;0;1;2
83447031;"13/03/16";"Domingo";"02:45:00";"PR";369;"149";"LONDRINA";"Não guardar distância de segurança";"Colisão traseira";"Com Vítimas Feridas";"Plena noite";"Decrescente";"Ceu Claro";"Dupla";"Reta";"Urbano";2;0;1;0;1;0;1;2
83447032;"12/03/16";"Sábado";"22:15:00";"RS";116;"400,8";"CAMAQUA";"Falta de atenção";"Queda de motocicleta / bicicleta / veículo";"Com Vítimas Feridas";"Plena noite";"Crescente";"Nublado";"Dupla";"Cruzamento";"Urbano";1;0;1;0;0;0;1;1
83447033;"12/03/16";"Sábado";"17:30:00";"RJ";116;"267";"BARRA MANSA";"Outras";"Capotamento";"Sem Vítimas";"Pleno dia";"Decrescente";"Chuva";"Dupla";"Curva";"Urbano";1;0;0;0;1;0;0;1
83447034;"12/03/16";"Sábado";"21:00:00";"PA";230;"98,3";"MARABA";"Animais na Pista";"Atropelamento de animal";"Com Vítimas Feridas";"Plena noite";"Crescente";"Ceu Claro";"Simples";"Reta";"Rural";2;0;1;0;1;0;1;1
83447035;"12/03/16";"Sábado";"15:40:00";"SE";101;"91";"NOSSA SENHORA DO SOCORRO";"Outras";"Atropelamento de pessoa";"Com Vítimas Feridas";"Pleno dia";"Decrescente";"Ceu Claro";"Simples";"Reta";"Rural";3;0;0;3;0;0;3;1
83447036;"13/03/16";"Domingo";"01:30:00";"MT";364;"204";"RONDONOPOLIS";"Ingestão de álcool";"Queda de motocicleta / bicicleta / veículo";"Sem Vítimas";"Plena noite";"Crescente";"Ceu Claro";"Dupla";"Reta";"Urbano";1;0;0;0;1;0;0;1
83447037;"13/03/16";"Domingo";"02:30:00";"MT";163;"62,1";"RONDONOPOLIS";"Dormindo";"Tombamento";"Sem Vítimas";"Plena noite";"Decrescente";"Ceu Claro";"Dupla";"Reta";"Rural";1;0;0;0;1;0;0;1
83447038;"13/03/16";"Domingo";"03:40:00";"PR";277;"8,3";"PARANAGUA";"Dormindo";"Tombamento";"Sem Vítimas";"Plena noite";"Decrescente";"Ceu Claro";"Dupla";"Reta";"Rural";1;0;0;0;1;0;0;1
83447039;"12/03/16";"Sábado";"23:20:00";"PE";316;"19";"ARARIPINA";"Outras";"Colisão lateral";"Com Vítimas Feridas";"Plena noite";"Crescente";"Ceu Claro";"Simples";"Reta";"Rural";3;0;1;1;0;1;2;2
83447040;"12/03/16";"Sábado";"19:00:00";"ES";259;"68,3";"COLATINA";"Falta de atenção";"Colisão Transversal";"Com Vítimas Fatais";"Plena noite";"Crescente";"Ceu Claro";"Simples";"Reta";"Urbano";2;1;0;0;1;0;0;2
83447041;"12/03/16";"Sábado";"11:45:00";"PR";277;"206";"PALMEIRA";"Falta de atenção";"Saída de Pista";"Com Vítimas Feridas";"Pleno dia";"Crescente";"Ceu Claro";"Simples";"Reta";"Rural";1;0;1;0;0;0;1;1
83447042;"12/03/16";"Sábado";"22:15:00";"PB";361;"5,2";"PATOS";"Ingestão de álcool";"Colisão Transversal";"Com Vítimas Feridas";"Plena noite";"Decrescente";"Ceu Claro";"Simples";"Reta";"Urbano";2;0;0;1;0;1;1;2
83447043;"12/03/16";"Sábado";"23:30:00";"MG";381;"711,1";"CARMO DA CACHOEIRA";"Outras";"Capotamento";"Sem Vítimas";"Plena noite";"Decrescente";"Nublado";"Dupla";"Cruzamento";"Rural";1;0;0;0;1;0;0;1
83447044;"13/03/16";"Domingo";"02:00:00";"RS";468;"98,8";"TRES PASSOS";"Ingestão de álcool";"Colisão lateral";"Sem Vítimas";"Plena noite";"Crescente";"Ceu Claro";"Simples";"Curva";"Rural";2;0;0;0;2;0;0;2
83447045;"13/03/16";"Domingo";"04:30:00";"PA";316;"11";"MARITUBA";"Dormindo";"Colisão traseira";"Com Vítimas Feridas";"Amanhecer";"Decrescente";"Ceu Claro";"Dupla";"Reta";"Urbano";2;0;0;1;1;0;1;2
83447046;"13/03/16";"Domingo";"03:00:00";"SC";282;"522,7";"XAXIM";"Ingestão de álcool";"Saída de Pista";"Com Vítimas Feridas";"Plena noite";"Crescente";"Ceu Claro";"Simples";"Curva";"Rural";1;0;1;0;0;0;1;1
83447047;"12/03/16";"Sábado";"16:35:00";"PR";376;"596,8";"CURITIBA";"Falta de atenção";"Saída de Pista";"Ignorado";"Pleno dia";"Decrescente";"Sol";"Dupla";"Reta";"Urbano";1;0;0;0;0;1;0;1
83447049;"13/03/16";"Domingo";"03:30:00";"PB";104;"98";"ESPERANCA";"Falta de atenção";"Colisão frontal";"Sem Vítimas";"Plena noite";"Crescente";"Nublado";"Simples";"Curva";"Urbano";2;0;0;0;2;0;0;2
83447050;"12/03/16";"Sábado";"20:00:00";"PE";423;"97";"GARANHUNS";"Falta de atenção";"Colisão lateral";"Com Vítimas Feridas";"Plena noite";"Decrescente";"Ceu Claro";"Simples";"Curva";"Urbano";2;0;0;1;0;1;1;2
83447051;"12/03/16";"Sábado";"08:50:00";"RJ";116;"87";"TERESOPOLIS";"Outras";"Saída de Pista";"Sem Vítimas";"Pleno dia";"Crescente";"Ceu Claro";"Simples";"Curva";"Urbano";1;0;0;0;1;0;0;1
83447052;"13/03/16";"Domingo";"05:20:00";"BA";242;"376";"SEABRA";"Desobediência à sinalização";"Colisão lateral";"Sem Vítimas";"Amanhecer";"Decrescente";"Nublado";"Simples";"Reta";"Rural";4;0;0;0;4;0;0;2
83447053;"13/02/16";"Sábado";"04:30:00";"GO";60;"108";"GOIANAPOLIS";"Ingestão de álcool";"Saída de Pista";"Sem Vítimas";"Plena noite";"Decrescente";"Ceu Claro";"Dupla";"Cruzamento";"Rural";1;0;0;0;1;0;0;1
83447054;"13/03/16";"Domingo";"02:40:00";"MG";116;"532";"CARATINGA";"Falta de atenção";"Colisão frontal";"Com Vítimas Feridas";"Plena noite";"Crescente";"Nublado";"Simples";"Reta";"Rural";2;0;1;0;0;1;1;2
83447055;"13/03/16";"Domingo";"05:30:00";"RS";116;"488,6";"TURUCU";"Outras";"Colisão frontal";"Sem Vítimas";"Amanhecer";"Decrescente";"Ceu Claro";"Simples";"Reta";"Rural";2;0;0;0;2;0;0;2
83447056;"12/03/16";"Sábado";"11:50:00";"MG";381;"342";"BELA VISTA DE MINAS";"Velocidade incompatível";"Colisão frontal";"Com Vítimas Feridas";"Pleno dia";"Decrescente";"Chuva";"Simples";"Curva";"Rural";2;0;0;1;1;0;1;2
83447057;"12/03/16";"Sábado";"22:59:00";"PR";272;"559";"TERRA ROXA";"Ingestão de álcool";"Saída de Pista";"Com Vítimas Feridas";"Plena noite";"Crescente";"Ceu Claro";"Simples";"Reta";"Rural";4;0;3;0;1;0;3;1
83447058;"13/03/16";"Domingo";"06:40:00";"PR";376;"118";"ALTO PARANA";"Dormindo";"Colisão lateral";"Com Vítimas Feridas";"Amanhecer";"Crescente";"Ceu Claro";"Simples";"Reta";"Rural";3;0;0;1;2;0;1;2
83447059;"06/03/16";"Domingo";"01:35:00";"PB";230;"28";"JOAO PESSOA";"Ingestão de álcool";"Colisão com objeto fixo";"Sem Vítimas";"Pleno dia";"Crescente";"Ceu Claro";"Dupla";"Reta";"Urbano";1;0;0;0;1;0;0;1
83447060;"12/03/16";"Sábado";"19:30:00";"MG";381;"350";"JOAO MONLEVADE";"Velocidade incompatível";"Saída de Pista";"Com Vítimas Feridas";"Pleno dia";"Decrescente";"Chuva";"Simples";"Curva";"Rural";1;0;0;1;0;0;1;1
83447061;"13/03/16";"Domingo";"05:30:00";"RS";116;"411,1";"CAMAQUA";"Dormindo";"Saída de Pista";"Sem Vítimas";"Amanhecer";"Crescente";"Nublado";"Simples";"Reta";"Rural";1;0;0;0;1;0;0;1
83447062;"13/03/16";"Domingo";"01:30:00";"MG";262;"645,9";"IBIA";"Defeito na via";"Colisão com objeto fixo";"Sem Vítimas";"Plena noite";"Crescente";"Ceu Claro";"Simples";"Reta";"Rural";1;0;0;0;1;0;0;1
83447063;"13/03/16";"Domingo";"04:40:00";"SP";116;"283";"EMBU";"Outras";"Colisão traseira";"Sem Vítimas";"Plena noite";"Crescente";"Ignorada";"Dupla";"Reta";"Rural";5;0;0;0;5;0;0;2
83447064;"13/03/16";"Domingo";"04:30:00";"SP";116;"153";"SAO JOSE DOS CAMPOS";"Dormindo";"Saída de Pista";"Com Vítimas Feridas";"Plena noite";"Decrescente";"Nublado";"Dupla";"Reta";"Urbano";1;0;1;0;0;0;1;1
83447065;"13/03/16";"Domingo";"05:20:00";"ES";101;"370";"GUARAPARI";"Dormindo";"Queda de motocicleta / bicicleta / veículo";"Com Vítimas Feridas";"Amanhecer";"Decrescente";"Nublado";"Simples";"Reta";"Rural";2;0;2;0;0;0;2;1
83447066;"13/03/16";"Domingo";"02:50:00";"MS";163;"104";"ITAQUIRAI";"Ingestão de álcool";"Saída de Pista";"Sem Vítimas";"Plena noite";"Crescente";"Ceu Claro";"Simples";"Cruzamento";"Rural";2;0;0;0;2;0;0;1
83447067;"13/03/16";"Domingo";"05:40:00";"ES";101;"335";"GUARAPARI";"Velocidade incompatível";"Tombamento";"Sem Vítimas";"Amanhecer";"Decrescente";"Nublado";"Simples";"Curva";"Rural";2;0;0;0;2;0;0;1
83447068;"13/03/16";"Domingo";"06:00:00";"PR";369;"159";"CAMBE";"Dormindo";"Colisão traseira";"Com Vítimas Feridas";"Amanhecer";"Crescente";"Ceu Claro";"Dupla";"Reta";"Urbano";3;0;3;0;0;0;3;2
83447069;"13/03/16";"Domingo";"06:20:00";"ES";101;"351";"GUARAPARI";"Falta de atenção";"Colisão frontal";"Com Vítimas Feridas";"Pleno dia";"Crescente";"Chuva";"Simples";"Curva";"Rural";2;0;1;0;1;0;1;2
83447070;"12/03/16";"Sábado";"17:40:00";"ES";101;"312";"VIANA";"Falta de atenção";"Colisão Transversal";"Com Vítimas Fatais";"Anoitecer";"Decrescente";"Nublado";"Simples";"Reta";"Rural";4;1;0;0;3;0;0;2
83447071;"13/03/16";"Domingo";"01:40:00";"TO";226;"1";"AGUIARNOPOLIS";"Falta de atenção";"Colisão frontal";"Com Vítimas Feridas";"Plena noite";"Decrescente";"Ignorada";"Simples";"Reta";"Urbano";3;0;1;0;0;2;1;2
83447072;"10/03/16";"Quinta";"01:30:00";"MG";365;"79,4";"JEQUITAI";"Dormindo";"Saída de Pista";"Com Vítimas Feridas";"Plena noite";"Crescente";"Ceu Claro";"Simples";"Reta";"Rural";1;0;0;1;0;0;1;1
83447073;"12/03/16";"Sábado";"20:00:00";"PE";428;"141";"PETROLINA";"Falta de atenção";"Colisão com bicicleta";"Com Vítimas Fatais";"Plena noite";"Crescente";"Ignorada";"Simples";"Reta";"Urbano";3;1;0;1;0;1;1;2
83447074;"13/03/16";"Domingo";"06:10:00";"RJ";101;"59";"CAMPOS DOS GOYTACAZES";"Outras";"Colisão traseira";"Com Vítimas Feridas";"Amanhecer";"Crescente";"Nublado";"Simples";"Reta";"Urbano";2;0;1;0;0;1;1;2
83447075;"12/03/16";"Sábado";"22:30:00";"RJ";40;"81";"PETROPOLIS";"Velocidade incompatível";"Capotamento";"Sem Vítimas";"Plena noite";"Crescente";"Chuva";"Dupla";"Curva";"Rural";3;0;0;0;2;1;0;1
83447076;"12/03/16";"Sábado";"21:35:00";"PE";428;"141";"PETROLINA";"Ingestão de álcool";"Colisão traseira";"Com Vítimas Feridas";"Plena noite";"Crescente";"Ceu Claro";"Simples";"Reta";"Urbano";7;0;6;0;1;0;6;3
83447078;"12/03/16";"Sábado";"09:55:00";"MG";381;"618";"OLIVEIRA";"Outras";"Saída de Pista";"Sem Vítimas";"Pleno dia";"Crescente";"Nublado";"Dupla";"Curva";"Rural";1;0;0;0;1;0;0;1
83447079;"12/03/16";"Sábado";"03:10:00";"MG";262;"433,9";"NOVA SERRANA";"Dormindo";"Capotamento";"Com Vítimas Feridas";"Plena noite";"Crescente";"Nublado";"Dupla";"Reta";"Rural";5;0;5;0;0;0;5;1
83447080;"13/03/16";"Domingo";"01:30:00";"RJ";493;"20";"GUAPIMIRIM";"Outras";"Colisão Transversal";"Com Vítimas Feridas";"Plena noite";"Decrescente";"Chuva";"Simples";"Reta";"Urbano";2;0;1;0;1;0;1;2
83447081;"09/03/16";"Quarta";"15:45:00";"ES";101;"420,8";"CACHOEIRO DE ITAPEMIRIM";"Dormindo";"Colisão lateral";"Com Vítimas Feridas";"Pleno dia";"Decrescente";"Sol";"Simples";"Reta";"Rural";3;0;0;1;2;0;1;2
83447082;"10/03/16";"Quinta";"05:00:00";"MG";116;"681,9";"MIRADOURO";"Ultrapassagem indevida";"Colisão lateral";"Sem Vítimas";"Plena noite";"Crescente";"Ceu Claro";"Simples";"Curva";"Rural";2;0;0;0;2;0;0;2
83447083;"08/03/16";"Terça";"10:00:00";"SP";116;"348";"MIRACATU";"Outras";"Tombamento";"Com Vítimas Feridas";"Pleno dia";"Crescente";"Ceu Claro";"Dupla";"Curva";"Rural";1;0;1;0;0;0;1;1
83447084;"12/03/16";"Sábado";"04:30:00";"MG";459;"41,5";"SANTA RITA DE CALDAS";"Dormindo";"Saída de Pista";"Com Vítimas Feridas";"Plena noite";"Decrescente";"Chuva";"Simples";"Curva";"Rural";2;0;2;0;0;0;2;1
83447085;"11/03/16";"Sexta";"07:09:00";"SC";101;"134";"BALNEARIO CAMBORIU";"Falta de atenção";"Colisão com bicicleta";"Com Vítimas Feridas";"Pleno dia";"Crescente";"Ceu Claro";"Simples";"Reta";"Urbano";2;0;2;0;0;0;2;2
83447087;"10/03/16";"Quinta";"06:30:00";"MG";262;"822";"UBERABA";"Defeito mecânico em veículo";"Capotamento";"Com Vítimas Feridas";"Pleno dia";"Decrescente";"Sol";"Dupla";"Reta";"Rural";6;0;3;3;0;0;6;1
83447088;"09/03/16";"Quarta";"19:30:00";"PR";369;"56";"BANDEIRANTES";"Falta de atenção";"Colisão Transversal";"Com Vítimas Feridas";"Plena noite";"Decrescente";"Chuva";"Simples";"Cruzamento";"Urbano";3;0;1;0;2;0;1;2
83447089;"09/03/16";"Quarta";"20:00:00";"SC";282;"256,9";"SAO JOSE DO CERRITO";"Velocidade incompatível";"Saída de Pista";"Com Vítimas Feridas";"Plena noite";"Decrescente";"Chuva";"Simples";"Curva";"Rural";3;0;3;0;0;0;3;1
83447090;"08/03/16";"Terça";"05:15:00";"MG";153;"7";"ARAPORA";"Dormindo";"Saída de Pista";"Sem Vítimas";"Amanhecer";"Crescente";"Chuva";"Dupla";"Reta";"Rural";1;0;0;0;1;0;0;1
83447091;"10/03/16";"Quinta";"06:00:00";"MG";262;"106,9";"SANTO ANTONIO DO GRAMA";"Dormindo";"Saída de Pista";"Sem Vítimas";"Amanhecer";"Decrescente";"Ceu Claro";"Simples";"Curva";"Rural";2;0;0;0;2;0;0;1
83447092;"09/03/16";"Quarta";"22:10:00";"PE";101;"91";"CABO DE SANTO AGOSTINHO";"Falta de atenção";"Colisão frontal";"Com Vítimas Feridas";"Plena noite";"Crescente";"Nublado";"Simples";"Reta";"Urbano";2;0;0;1;1;0;1;2
83447093;"12/03/16";"Sábado";"18:00:00";"MT";163;"516";"DIAMANTINO";"Velocidade incompatível";"Capotamento";"Com Vítimas Feridas";"Pleno dia";"Crescente";"Vento";"Simples";"Reta";"Rural";1;0;0;1;0;0;1;1
83447094;"13/03/16";"Domingo";"07:30:00";"PR";116;"46";"CAMPINA GRANDE DO SUL";"Outras";"Saída de Pista";"Sem Vítimas";"Pleno dia";"Decrescente";"Chuva";"Dupla";"Reta";"Rural";1;0;0;0;1;0;0;1
83447095;"13/03/16";"Domingo";"06:40:00";"RN";406;"153";"CEARA-MIRIM";"Não guardar distância de segurança";"Colisão traseira";"Sem Vítimas";"Pleno dia";"Decrescente";"Sol";"Simples";"Reta";"Rural";2;0;0;0;2;0;0;2
83447096;"10/03/16";"Quinta";"01:10:00";"PR";116;"30,1";"CAMPINA GRANDE DO SUL";"Outras";"Tombamento";"Sem Vítimas";"Plena noite";"Crescente";"Nublado";"Dupla";"Curva";"Rural";1;0;0;0;1;0;0;1
83447098;"09/03/16";"Quarta";"11:20:00";"DF";20;"5";"BRASILIA";"Falta de atenção";"Capotamento";"Sem Vítimas";"Pleno dia";"Decrescente";"Nublado";"Múltipla";"Reta";"Urbano";1;0;0;0;1;0;0;1