"id";"data_inversa";"dia_semana";"horario";"uf";"br";"km";"municipio";"causa_acidente";"tipo_acidente";"classificacao_acidente";"fase_dia";"sentido_via";"condicao_metereologica";"tipo_pista";"tracado_via";"uso_solo";"pessoas";"mortos";"feridos_leves";"feridos_graves";"ilesos";"ignorados";"feridos";"veiculos"
83447319;"13/03/16";"Domingo";"19:00:00";"MG";40;"559,7";"NOVA LIMA";"Outras";"Colisão com objeto fixo";"Com Vítimas Feridas";"Plena noite";"Decrescente";"Chuva";"Dupla";"Reta";"Rural";5;0;1;0;4;0;1;1
83447320;"10/03/16";"Quinta";"06:40:00";"MG";381;"704,2";"LAVRAS";"Dormindo";"Saída de Pista";"Sem Vítimas";"Amanhecer";"Decrescente";"Ceu Claro";"Dupla";"Curva";"Rural";1;0;0;0;1;0;0;1
83447322;"13/03/16";"Domingo";"23:50:00";"GO";50;"252,4";"CATALAO";"Outras";"Saída de Pista";"Sem Vítimas";"Plena noite";"Crescente";"Nublado";"Simples";"Reta";"Rural";1;0;0;0;1;0;0;1
83447323;"14/03/16";"Segunda";"05:30:00";"MG";381;"788";"SAO GONCALO DO SAPUCAI";"Dormindo";"Saída de Pista";"Com Vítimas Feridas";"Amanhecer";"Crescente";"Ceu Claro";"Dupla";"Curva";"Rural";2;0;1;1;0;0;2;1
83447324;"13/03/16";"Domingo";"21:00:00";"MG";116;"761";"LEOPOLDINA";"Animais na Pista";"Atropelamento de animal";"Sem Vítimas";"Plena noite";"Crescente";"Nublado";"Simples";"Reta";"Urbano";1;0;0;0;1;0;0;1
83447325;"10/03/16";"Quinta";"22:00:00";"SP";116;"199,7";"ARUJA";"Outras";"Colisão com objeto fixo";"Sem Vítimas";"Plena noite";"Decrescente";"Chuva";"Múltipla";"Reta";"Urbano";1;0;0;0;1;0;0;1
83447326;"11/03/16";"Sexta";"06:15:00";"SP";153;"60,1";"SAO JOSE DO RIO PRETO";"Falta de atenção";"Colisão com objeto fixo";"Sem Vítimas";"Amanhecer";"Decrescente";"Chuva";"Dupla";"Reta";"Urbano";1;0;0;0;1;0;0;1
83447327;"14/03/16";"Segunda";"05:30:00";"MG";40;"509,6";"RIBEIRAO DAS NEVES";"Outras";"Atropelamento de pessoa";"Com Vítimas Feridas";"Pleno dia";"Crescente";"Ceu Claro";"Dupla";"Reta";"Rural";2;0;0;1;1;0;1;1
83447328;"10/03/16";"Quinta";"06:15:00";"RS";392;"39,1";"RIO GRANDE";"Outras";"Saída de Pista";"Sem Vítimas";"Pleno dia";"Decrescente";"Sol";"Dupla";"Reta";"Rural";2;0;0;0;2;0;0;1
83447329;"13/03/16";"Domingo";"21:20:00";"SC";158;"104";"CUNHA PORA";"Outras";"Saída de Pista";"Com Vítimas Feridas";"Plena noite";"Crescente";"Ceu Claro";"Simples";"Reta";"Rural";2;0;1;0;0;1;1;1
83447330;"10/03/16";"Quinta";"09:30:00";"ES";101;"0,8";"SERRA";"Não guardar distância de segurança";"Colisão traseira";"Sem Vítimas";"Pleno dia";"Crescente";"Ceu Claro";"Dupla";"Reta";"Urbano";3;0;0;0;3;0;0;3
83447331;"13/03/16";"Domingo";"23:30:00";"RJ";101;"504";"ANGRA DOS REIS";"Falta de atenção";"Queda de motocicleta / bicicleta / veículo";"Com Vítimas Feridas";"Plena noite";"Crescente";"Ceu Claro";"Simples";"Reta";"Urbano";2;0;2;0;0;0;2;1
83447332;"10/03/16";"Quinta";"11:20:00";"SP";116;"212,2";"GUARULHOS";"Velocidade incompatível";"Colisão com objeto fixo";"Sem Vítimas";"Pleno dia";"Crescente";"Chuva";"Múltipla";"Reta";"Urbano";1;0;0;0;1;0;0;1
83447333;"10/03/16";"Quinta";"13:00:00";"SP";116;"226,7";"GUARULHOS";"Outras";"Colisão traseira";"Com Vítimas Feridas";"Pleno dia";"Decrescente";"Chuva";"Múltipla";"Reta";"Urbano";2;0;1;0;1;0;1;2
83447334;"13/03/16";"Domingo";"22:00:00";"SP";153;"321";"RIBEIRAO DO SUL";"Defeito na via";"Tombamento";"Com Vítimas Feridas";"Plena noite";"Crescente";"Ceu Claro";"Simples";"Curva";"Rural";1;0;1;0;0;0;1;1
83447335;"13/03/16";"Domingo";"16:30:00";"AL";423;"73";"AGUA BRANCA";"Outras";"Saída de Pista";"Sem Vítimas";"Pleno dia";"Decrescente";"Ceu Claro";"Simples";"Reta";"Rural";1;0;0;0;1;0;0;1
83447336;"10/03/16";"Quinta";"18:20:00";"MG";251;"506";"FRANCISCO SA";"Velocidade incompatível";"Saída de Pista";"Com Vítimas Feridas";"Plena noite";"Crescente";"Ceu Claro";"Simples";"Curva";"Rural";2;0;2;0;0;0;2;1
83447337;"14/03/16";"Segunda";"04:00:00";"SC";282;"516";"XAXIM";"Ingestão de álcool";"Capotamento";"Com Vítimas Feridas";"Plena noite";"Decrescente";"Ceu Claro";"Simples";"Curva";"Rural";1;0;1;0;0;0;1;1
83447338;"13/03/16";"Domingo";"23:50:00";"RJ";101;"120,7";"CAMPOS DOS GOYTACAZES";"Defeito mecânico em veículo";"Colisão traseira";"Com Vítimas Feridas";"Plena noite";"Decrescente";"Nublado";"Simples";"Reta";"Rural";2;0;1;0;1;0;1;2
83447339;"14/03/16";"Segunda";"05:30:00";"PE";101;"89";"CABO DE SANTO AGOSTINHO";"Outras";"Capotamento";"Com Vítimas Feridas";"Pleno dia";"Decrescente";"Sol";"Dupla";"Reta";"Rural";1;0;1;0;0;0;1;1
83447340;"14/03/16";"Segunda";"06:00:00";"MS";262;"1,8";"TRES LAGOAS";"Defeito mecânico em veículo";"Queda de motocicleta / bicicleta / veículo";"Com Vítimas Feridas";"Amanhecer";"Crescente";"Ceu Claro";"Simples";"Reta";"Rural";1;0;1;0;0;0;1;1
83447342;"14/03/16";"Segunda";"05:30:00";"SC";280;"296,1";"PORTO UNIAO";"Outras";"Colisão traseira";"Com Vítimas Feridas";"Amanhecer";"Decrescente";"Ceu Claro";"Simples";"Curva";"Rural";4;0;2;0;2;0;2;2
83447343;"11/03/16";"Sexta";"15:00:00";"PR";476;"145";"CURITIBA";"Outras";"Incêndio";"Ignorado";"Pleno dia";"Crescente";"Sol";"Dupla";"Reta";"Urbano";1;0;0;0;0;1;0;1
83447344;"14/03/16";"Segunda";"07:30:00";"PR";487;"185,7";"CAMPO MOURAO";"Animais na Pista";"Atropelamento de animal";"Sem Vítimas";"Pleno dia";"Crescente";"Sol";"Simples";"Reta";"Rural";1;0;0;0;1;0;0;1
83447345;"11/03/16";"Sexta";"06:45:00";"MG";267;"309,5";"CAXAMBU";"Falta de atenção";"Colisão com bicicleta";"Com Vítimas Feridas";"Pleno dia";"Crescente";"Chuva";"Simples";"Reta";"Rural";3;0;1;0;2;0;1;2
83447346;"14/03/16";"Segunda";"07:50:00";"PR";272;"363,5";"CAMPO MOURAO";"Falta de atenção";"Colisão traseira";"Com Vítimas Feridas";"Plena noite";"Decrescente";"Ceu Claro";"Simples";"Reta";"Urbano";2;0;1;0;1;0;1;2
83447347;"14/03/16";"Segunda";"07:10:00";"RS";116;"263";"CANOAS";"Não guardar distância de segurança";"Colisão lateral";"Sem Vítimas";"Pleno dia";"Crescente";"Ceu Claro";"Simples";"Reta";"Urbano";3;0;0;0;3;0;0;3
83447348;"14/03/16";"Segunda";"06:15:00";"SC";116;"232,1";"CORREIA PINTO";"Falta de atenção";"Colisão lateral";"Com Vítimas Feridas";"Pleno dia";"Decrescente";"Ceu Claro";"Simples";"Reta";"Urbano";2;0;0;1;1;0;1;2
83447349;"13/03/16";"Domingo";"18:00:00";"PB";427;"21";"POMBAL";"Ingestão de álcool";"Queda de motocicleta / bicicleta / veículo";"Com Vítimas Feridas";"Plena noite";"Decrescente";"Ceu Claro";"Simples";"Reta";"Rural";1;0;0;1;0;0;1;1
83447350;"10/03/16";"Quinta";"16:45:00";"MG";381;"873,9";"ESTIVA";"Velocidade incompatível";"Saída de Pista";"Com Vítimas Fatais";"Pleno dia";"Crescente";"Chuva";"Dupla";"Reta";"Rural";1;1;0;0;0;0;0;1
83447351;"10/03/16";"Quinta";"23:30:00";"SC";101;"137,4";"BALNEARIO CAMBORIU";"Falta de atenção";"Colisão Transversal";"Com Vítimas Feridas";"Plena noite";"Crescente";"Chuva";"Dupla";"Reta";"Urbano";2;0;1;0;1;0;1;2
83447352;"13/02/16";"Sábado";"18:40:00";"MG";381;"918,4";"CAMANDUCAIA";"Outras";"Colisão lateral";"Sem Vítimas";"Anoitecer";"Decrescente";"Ceu Claro";"Dupla";"Reta";"Urbano";2;0;0;0;1;1;0;2
83447353;"14/03/16";"Segunda";"07:45:00";"SC";470;"139,9";"RIO DO SUL";"Falta de atenção";"Colisão Transversal";"Com Vítimas Feridas";"Pleno dia";"Decrescente";"Ceu Claro";"Simples";"Reta";"Urbano";2;0;0;1;1;0;1;2
83447354;"14/03/16";"Segunda";"07:10:00";"PR";376;"180,7";"MARINGA";"Defeito mecânico em veículo";"Colisão traseira";"Com Vítimas Feridas";"Pleno dia";"Decrescente";"Ceu Claro";"Dupla";"Reta";"Urbano";5;0;3;0;2;0;3;2
83447355;"13/03/16";"Domingo";"23:30:00";"MT";163;"834";"SINOP";"Ingestão de álcool";"Queda de motocicleta / bicicleta / veículo";"Com Vítimas Feridas";"Plena noite";"Crescente";"Chuva";"Simples";"Reta";"Urbano";1;0;1;0;0;0;1;1
83447356;"14/03/16";"Segunda";"07:30:00";"RJ";465;"18";"NOVA IGUACU";"Ultrapassagem indevida";"Colisão lateral";"Com Vítimas Feridas";"Pleno dia";"Decrescente";"Ceu Claro";"Simples";"Reta";"Urbano";2;0;1;0;0;1;1;2
83447357;"14/03/16";"Segunda";"05:15:00";"MG";381;"213";"BELO ORIENTE";"Animais na Pista";"Atropelamento de animal";"Com Vítimas Feridas";"Amanhecer";"Decrescente";"Ceu Claro";"Simples";"Reta";"Rural";1;0;1;0;0;0;1;1
83447358;"06/03/16";"Domingo";"17:10:00";"BA";101;"266";"SANTO ANTONIO DE JESUS";"Outras";"Saída de Pista";"Com Vítimas Feridas";"Pleno dia";"Crescente";"Ceu Claro";"Simples";"Reta";"Rural";5;0;5;0;0;0;5;1
83447359;"14/03/16";"Segunda";"07:30:00";"GO";153;"505,5";"GOIANIA";"Outras";"Queda de motocicleta / bicicleta / veículo";"Com Vítimas Feridas";"Pleno dia";"Decrescente";"Chuva";"Dupla";"Reta";"Urbano";1;0;0;1;0;0;1;1
83447360;"11/03/16";"Sexta";"15:45:00";"SC";101;"182";"BIGUACU";"Falta de atenção";"Colisão lateral";"Sem Vítimas";"Pleno dia";"Crescente";"Ceu Claro";"Dupla";"Reta";"Urbano";2;0;0;0;2;0;0;2
83447361;"11/03/16";"Sexta";"05:25:00";"MG";381;"656,8";"SANTO ANTONIO DO AMPARO";"Velocidade incompatível";"Colisão traseira";"Sem Vítimas";"Amanhecer";"Crescente";"Chuva";"Dupla";"Reta";"Rural";2;0;0;0;2;0;0;2
83447362;"08/03/16";"Terça";"11:20:00";"TO";153;"200";"NOVA OLINDA";"Falta de atenção";"Colisão Transversal";"Sem Vítimas";"Pleno dia";"Crescente";"Sol";"Simples";"Curva";"Rural";2;0;0;0;1;1;0;2
83447363;"10/03/16";"Quinta";"23:35:00";"SC";101;"101,2";"PICARRAS";"Falta de atenção";"Colisão com bicicleta";"Com Vítimas Feridas";"Plena noite";"Crescente";"Nublado";"Simples";"Reta";"Urbano";2;0;1;1;0;0;2;2
83447364;"14/03/16";"Segunda";"08:05:00";"PE";232;"9";"JABOATAO DOS GUARARAPES";"Outras";"Colisão traseira";"Sem Vítimas";"Pleno dia";"Decrescente";"Sol";"Dupla";"Reta";"Urbano";3;0;0;0;3;0;0;3
83447365;"14/03/16";"Segunda";"07:35:00";"MT";163;"953";"NOVA SANTA HELENA";"Não guardar distância de segurança";"Colisão traseira";"Com Vítimas Feridas";"Pleno dia";"Decrescente";"Ceu Claro";"Simples";"Reta";"Rural";2;0;1;0;1;0;1;2
83447366;"10/03/16";"Quinta";"18:00:00";"SC";470;"4";"NAVEGANTES";"Não guardar distância de segurança";"Colisão traseira";"Sem Vítimas";"Pleno dia";"Crescente";"Ceu Claro";"Dupla";"Reta";"Urbano";2;0;0;0;2;0;0;2
83447367;"14/03/16";"Segunda";"02:30:00";"TO";226;"65";"WANDERLANDIA";"Outras";"Colisão Transversal";"Sem Vítimas";"Plena noite";"Decrescente";"Nublado";"Simples";"Reta";"Rural";2;0;0;0;2;0;0;2
83447368;"14/03/16";"Segunda";"06:25:00";"SE";235;"2,5";"ARACAJU";"Não guardar distância de segurança";"Colisão traseira";"Sem Vítimas";"Pleno dia";"Decrescente";"Sol";"Dupla";"Reta";"Urbano";2;0;0;0;2;0;0;2
83447369;"14/03/16";"Segunda";"07:20:00";"RS";386;"439";"NOVA SANTA RITA";"Falta de atenção";"Colisão lateral";"Sem Vítimas";"Pleno dia";"Decrescente";"Sol";"Dupla";"Curva";"Urbano";3;0;0;0;3;0;0;2
83447370;"14/03/16";"Segunda";"07:45:00";"SC";282;"216";"LAGES";"Falta de atenção";"Colisão Transversal";"Sem Vítimas";"Pleno dia";"Crescente";"Ceu Claro";"Simples";"Cruzamento";"Urbano";2;0;0;0;2;0;0;2
83447371;"12/03/16";"Sábado";"06:50:00";"BA";324;"582";"CANDEIAS";"Outras";"Queda de motocicleta / bicicleta / veículo";"Com Vítimas Feridas";"Pleno dia";"Crescente";"Ceu Claro";"Dupla";"Reta";"Rural";1;0;1;0;0;0;1;1
83447372;"14/03/16";"Segunda";"03:50:00";"MG";381;"423,7";"CAETE";"Outras";"Colisão frontal";"Com Vítimas Fatais";"Plena noite";"Decrescente";"Chuva";"Simples";"Curva";"Rural";6;1;3;1;1;0;4;2
83447373;"14/03/16";"Segunda";"04:00:00";"BA";116;"549";"MILAGRES";"Falta de atenção";"Tombamento";"Sem Vítimas";"Pleno dia";"Crescente";"Ceu Claro";"Simples";"Curva";"Rural";1;0;0;0;1;0;0;1
83447374;"08/03/16";"Terça";"10:40:00";"MG";135;"605,1";"CURVELO";"Não guardar distância de segurança";"Colisão traseira";"Sem Vítimas";"Pleno dia";"Crescente";"Ceu Claro";"Simples";"Reta";"Rural";2;0;0;0;2;0;0;2
83447375;"14/03/16";"Segunda";"06:40:00";"RJ";101;"300,6";"SAO GONCALO";"Animais na Pista";"Colisão traseira";"Com Vítimas Feridas";"Pleno dia";"Decrescente";"Ceu Claro";"Dupla";"Reta";"Urbano";2;0;1;0;1;0;1;2
83447376;"12/03/16";"Sábado";"15:30:00";"BA";324;"571,9";"SAO SEBASTIAO DO PASSE";"Defeito mecânico em veículo";"Capotamento";"Com Vítimas Feridas";"Pleno dia";"Crescente";"Ceu Claro";"Dupla";"Reta";"Rural";1;0;1;0;0;0;1;1
83447377;"27/01/16";"Quarta";"13:00:00";"AL";101;"145";"SAO MIGUEL DOS CAMPOS";"Falta de atenção";"Colisão traseira";"Sem Vítimas";"Pleno dia";"Crescente";"Ceu Claro";"Simples";"Curva";"Rural";4;0;0;0;4;0;0;2
83447378;"12/03/16";"Sábado";"22:05:00";"MT";364;"227";"RONDONOPOLIS";"Outras";"Queda de motocicleta / bicicleta / veículo";"Com Vítimas Feridas";"Plena noite";"Crescente";"Nublado";"Simples";"Reta";"Rural";1;0;1;0;0;0;1;1
83447379;"30/01/16";"Sábado";"07:58:00";"MS";262;"360";"CAMPO GRANDE";"Outras";"Queda de motocicleta / bicicleta / veículo";"Com Vítimas Feridas";"Pleno dia";"Decrescente";"Ignorada";"Simples";"Reta";"Rural";1;0;0;1;0;0;1;1
83447380;"14/03/16";"Segunda";"07:30:00";"SP";116;"417,6";"JUQUIA";"Dormindo";"Tombamento";"Sem Vítimas";"Pleno dia";"Crescente";"Chuva";"Dupla";"Reta";"Rural";1;0;0;0;1;0;0;1
83447381;"11/03/16";"Sexta";"19:50:00";"MS";163;"729";"COXIM";"Ingestão de álcool";"Colisão traseira";"Sem Vítimas";"Plena noite";"Decrescente";"Ceu Claro";"Simples";"Reta";"Urbano";2;0;0;0;2;0;0;2
83447382;"12/03/16";"Sábado";"17:45:00";"BA";110;"392";"SAO SEBASTIAO DO PASSE";"Desobediência à sinalização";"Colisão frontal";"Com Vítimas Fatais";"Anoitecer";"Crescente";"Ceu Claro";"Simples";"Reta";"Urbano";2;1;0;0;1;0;0;2
83447383;"14/03/16";"Segunda";"08:40:00";"CE";116;"497,3";"BREJO SANTO";"Defeito na via";"Capotamento";"Sem Vítimas";"Pleno dia";"Crescente";"Sol";"Simples";"Reta";"Rural";1;0;0;0;1;0;0;1
83447384;"11/03/16";"Sexta";"04:30:00";"RJ";116;"179";"NOVA IGUACU";"Outras";"Colisão com objeto fixo";"Com Vítimas Feridas";"Plena noite";"Crescente";"Nublado";"Dupla";"Curva";"Urbano";3;0;3;0;0;0;3;1
83447385;"14/03/16";"Segunda";"09:00:00";"MA";222;"676";"ACAILANDIA";"Ultrapassagem indevida";"Colisão Transversal";"Com Vítimas Feridas";"Pleno dia";"Decrescente";"Ceu Claro";"Simples";"Reta";"Urbano";3;0;2;0;1;0;2;2
83447386;"10/03/16";"Quinta";"18:00:00";"PR";158;"1";"CAMPO MOURAO";"Falta de atenção";"Colisão com bicicleta";"Com Vítimas Feridas";"Pleno dia";"Decrescente";"Ceu Claro";"Simples";"Cruzamento";"Urbano";2;0;1;0;1;0;1;2
83447387;"07/03/16";"Segunda";"09:00:00";"SP";116;"212";"GUARULHOS";"Não guardar distância de segurança";"Colisão lateral";"Com Vítimas Feridas";"Pleno dia";"Crescente";"Sol";"Múltipla";"Reta";"Urbano";8;0;4;0;4;0;4;4
83447388;"01/03/16";"Terça";"07:40:00";"MG";146;"552";"ANDRADAS";"Velocidade incompatível";"Queda de motocicleta / bicicleta / veículo";"Com Vítimas Feridas";"Amanhecer";"Crescente";"Ignorada";"Simples";"Curva";"Rural";1;0;1;0;0;0;1;1
83447389;"13/03/16";"Domingo";"21:00:00";"MT";163;"909";"ITAUBA";"Falta de atenção";"Atropelamento de animal";"Sem Vítimas";"Plena noite";"Decrescente";"Nublado";"Simples";"Reta";"Rural";1;0;0;0;1;0;0;1
83447390;"10/03/16";"Quinta";"17:40:00";"MT";163;"826";"SINOP";"Falta de atenção";"Colisão Transversal";"Sem Vítimas";"Anoitecer";"Decrescente";"Nublado";"Dupla";"Cruzamento";"Urbano";2;0;0;0;2;0;0;2
83447391;"12/03/16";"Sábado";"02:00:00";"MS";163;"727";"COXIM";"Falta de atenção";"Atropelamento de pessoa";"Com Vítimas Feridas";"Plena noite";"Decrescente";"Ceu Claro";"Simples";"Reta";"Urbano";2;0;0;1;1;0;1;1
83447392;"11/03/16";"Sexta";"18:40:00";"RJ";393;"132";"SAPUCAIA";"Falta de atenção";"Atropelamento de pessoa";"Com Vítimas Feridas";"Plena noite";"Decrescente";"Nublado";"Simples";"Cruzamento";"Urbano";2;0;0;1;1;0;1;1
83447394;"14/03/16";"Segunda";"09:00:00";"PR";376;"501,9";"PONTA GROSSA";"Falta de atenção";"Colisão lateral";"Sem Vítimas";"Pleno dia";"Crescente";"Sol";"Dupla";"Reta";"Urbano";2;0;0;0;2;0;0;2
83447395;"14/03/16";"Segunda";"07:45:00";"GO";60;"2,1";"APARECIDA DE GOIANIA";"Falta de atenção";"Colisão lateral";"Com Vítimas Feridas";"Pleno dia";"Crescente";"Chuva";"Dupla";"Cruzamento";"Urbano";2;0;1;0;1;0;1;2
83447396;"14/03/16";"Segunda";"09:10:00";"ES";101;"273";"SERRA";"Velocidade incompatível";"Saída de Pista";"Sem Vítimas";"Pleno dia";"Decrescente";"Chuva";"Simples";"Reta";"Rural";1;0;0;0;1;0;0;1
83447397;"06/01/16";"Quarta";"18:50:00";"RJ";40;"47";"PETROPOLIS";"Dormindo";"Colisão com objeto fixo";"Com Vítimas Feridas";"Anoitecer";"Decrescente";"Ceu Claro";"Dupla";"Curva";"Rural";5;0;1;4;0;0;5;1
83447398;"13/03/16";"Domingo";"07:30:00";"PI";135;"469";"MONTE ALEGRE DO PIAUI";"Dormindo";"Capotamento";"Com Vítimas Feridas";"Amanhecer";"Decrescente";"Ceu Claro";"Simples";"Reta";"Rural";2;0;2;0;0;0;2;1
83447399;"14/03/16";"Segunda";"08:20:00";"MG";381;"932";"EXTREMA";"Falta de atenção";"Colisão traseira";"Com Vítimas Fatais";"Pleno dia";"Crescente";"Sol";"Dupla";"Curva";"Rural";2;1;0;0;0;1;0;2
83447400;"14/03/16";"Segunda";"08:00:00";"MT";364;"559,3";"NOBRES";"Outras";"Saída de Pista";"Sem Vítimas";"Pleno dia";"Crescente";"Chuva";"Dupla";"Curva";"Rural";1;0;0;0;1;0;0;1
83447401;"14/03/16";"Segunda";"07:30:00";"RJ";101;"328";"RIO DE JANEIRO";"Falta de atenção";"Colisão traseira";"Com Vítimas Feridas";"Pleno dia";"Decrescente";"Sol";"Dupla";"Reta";"Urbano";3;0;3;0;0;0;3;3
83447402;"14/03/16";"Segunda";"09:45:00";"RS";377;"70";"CRUZ ALTA";"Falta de atenção";"Colisão lateral";"Sem Vítimas";"Pleno dia";"Crescente";"Ceu Claro";"Simples";"Reta";"Rural";2;0;0;0;2;0;0;2
83447403;"10/03/16";"Quinta";"11:00:00";"RJ";40;"124";"DUQUE DE CAXIAS";"Não guardar distância de segurança";"Colisão traseira";"Com Vítimas Feridas";"Pleno dia";"Crescente";"Sol";"Múltipla";"Reta";"Urbano";2;0;1;0;1;0;1;2
83447404;"14/03/16";"Segunda";"08:30:00";"ES";101;"205,5";"JOAO NEIVA";"Defeito na via";"Tombamento";"Sem Vítimas";"Pleno dia";"Crescente";"Ceu Claro";"Simples";"Curva";"Urbano";1;0;0;0;1;0;0;1
83447405;"14/03/16";"Segunda";"06:30:00";"GO";153;"511";"APARECIDA DE GOIANIA";"Desobediência à sinalização";"Colisão lateral";"Sem Vítimas";"Amanhecer";"Crescente";"Chuva";"Dupla";"Reta";"Urbano";2;0;0;0;2;0;0;2
83447406;"14/03/16";"Segunda";"09:30:00";"RJ";101;"328";"NITEROI";"Outras";"Queda de motocicleta / bicicleta / veículo";"Com Vítimas Feridas";"Pleno dia";"Decrescente";"Ceu Claro";"Dupla";"Reta";"Urbano";2;0;2;0;0;0;2;1
83447407;"14/03/16";"Segunda";"07:40:00";"RS";116;"40";"VACARIA";"Falta de atenção";"Colisão Transversal";"Sem Vítimas";"Pleno dia";"Decrescente";"Ceu Claro";"Simples";"Cruzamento";"Urbano";2;0;0;0;2;0;0;2
83447408;"14/03/16";"Segunda";"08:10:00";"SP";116;"0,2";"GUARULHOS";"Falta de atenção";"Colisão traseira";"Sem Vítimas";"Pleno dia";"Decrescente";"Nublado";"Dupla";"Reta";"Urbano";3;0;0;0;3;0;0;3
83447409;"10/03/16";"Quinta";"18:30:00";"MG";146;"508";"POCOS DE CALDAS";"Velocidade incompatível";"Saída de Pista";"Com Vítimas Feridas";"Plena noite";"Crescente";"Chuva";"Simples";"Reta";"Rural";2;0;1;0;1;0;1;1
83447410;"14/03/16";"Segunda";"06:30:00";"SE";235;"2,9";"ARACAJU";"Não guardar distância de segurança";"Colisão traseira";"Sem Vítimas";"Pleno dia";"Decrescente";"Ceu Claro";"Dupla";"Reta";"Urbano";6;0;0;0;6;0;0;6
83447411;"14/03/16";"Segunda";"07:20:00";"PR";476;"125";"CURITIBA";"Falta de atenção";"Colisão traseira";"Com Vítimas Feridas";"Pleno dia";"Crescente";"Ceu Claro";"Dupla";"Reta";"Urbano";2;0;0;1;1;0;1;2
83447412;"14/03/16";"Segunda";"07:50:00";"GO";60;"162";"GOIANIA";"Não guardar distância de segurança";"Colisão traseira";"Com Vítimas Feridas";"Amanhecer";"Decrescente";"Chuva";"Dupla";"Reta";"Urbano";2;0;0;1;1;0;1;2
83447413;"11/03/16";"Sexta";"23:10:00";"PR";116;"76";"QUATRO BARRAS";"Ingestão de álcool";"Tombamento";"Sem Vítimas";"Plena noite";"Decrescente";"Nublado";"Dupla";"Reta";"Rural";1;0;0;0;1;0;0;1
83447415;"11/03/16";"Sexta";"08:10:00";"MG";381;"601,4";"OLIVEIRA";"Velocidade incompatível";"Capotamento";"Sem Vítimas";"Pleno dia";"Decrescente";"Nublado";"Dupla";"Curva";"Rural";1;0;0;0;1;0;0;1
83447416;"14/03/16";"Segunda";"08:10:00";"PA";316;"2";"ANANINDEUA";"Falta de atenção";"Colisão lateral";"Sem Vítimas";"Pleno dia";"Crescente";"Ceu Claro";"Dupla";"Reta";"Urbano";2;0;0;0;2;0;0;2
83447417;"14/03/16";"Segunda";"08:40:00";"ES";101;"296";"CARIACICA";"Falta de atenção";"Colisão lateral";"Sem Vítimas";"Pleno dia";"Crescente";"Sol";"Dupla";"Reta";"Urbano";2;0;0;0;1;1;0;2
83447418;"14/03/16";"Segunda";"07:45:00";"GO";60;"163";"GOIANIA";"Não guardar distância de segurança";"Colisão traseira";"Sem Vítimas";"Pleno dia";"Crescente";"Chuva";"Dupla";"Reta";"Urbano";2;0;0;0;2;0;0;2
83447420;"14/03/16";"Segunda";"07:10:00";"RJ";101;"313";"SAO GONCALO";"Não guardar distância de segurança";"Colisão lateral";"Com Vítimas Feridas";"Pleno dia";"Crescente";"Ceu Claro";"Dupla";"Reta";"Urbano";2;0;1;0;1;0;1;2
83447421;"13/03/16";"Domingo";"23:30:00";"RS";158;"87,8";"PALMEIRA DAS MISSOES";"Ingestão de álcool";"Saída de Pista";"Com Vítimas Feridas";"Plena noite";"Decrescente";"Ignorada";"Simples";"Reta";"Rural";1;0;1;0;0;0;1;1
83447422;"14/03/16";"Segunda";"12:15:00";"MG";381;"482,4";"BETIM";"Defeito mecânico em veículo";"Colisão com objeto fixo";"Sem Vítimas";"Pleno dia";"Crescente";"Nublado";"Dupla";"Reta";"Urbano";2;0;0;0;2;0;0;2
83447423;"14/03/16";"Segunda";"08:00:00";"MT";364;"346";"SANTO ANTONIO DO LEVERGER";"Outras";"Saída de Pista";"Sem Vítimas";"Pleno dia";"Crescente";"Sol";"Simples";"Curva";"Rural";1;0;0;0;1;0;0;1
83447424;"05/03/16";"Sábado";"17:40:00";"CE";402;"287";"TURURU";"Falta de atenção";"Atropelamento de pessoa";"Com Vítimas Fatais";"Anoitecer";"Crescente";"Ceu Claro";"Simples";"Reta";"Urbano";2;1;0;0;1;0;0;1
83447425;"14/03/16";"Segunda";"12:00:00";"SP";116;"275";"TABOAO DA SERRA";"Defeito mecânico em veículo";"Queda de motocicleta / bicicleta / veículo";"Com Vítimas Feridas";"Pleno dia";"Decrescente";"Sol";"Dupla";"Reta";"Urbano";2;0;2;0;0;0;2;1
83447426;"12/03/16";"Sábado";"19:40:00";"AL";423;"93";"DELMIRO GOUVEIA";"Outras";"Queda de motocicleta / bicicleta / veículo";"Com Vítimas Feridas";"Plena noite";"Crescente";"Ceu Claro";"Simples";"Reta";"Rural";1;0;1;0;0;0;1;1
83447427;"13/03/16";"Domingo";"15:00:00";"PI";135;"381";"BOM JESUS";"Velocidade incompatível";"Saída de Pista";"Com Vítimas Feridas";"Anoitecer";"Decrescente";"Ceu Claro";"Simples";"Reta";"Rural";3;0;3;0;0;0;3;1
83447428;"14/03/16";"Segunda";"12:40:00";"RO";364;"341,5";"JI-PARANA";"Ultrapassagem indevida";"Colisão lateral";"Com Vítimas Feridas";"Pleno dia";"Decrescente";"Nublado";"Simples";"Reta";"Urbano";2;0;1;0;1;0;1;2
83447429;"14/03/16";"Segunda";"10:40:00";"SP";153;"290,1";"OCAUCU";"Falta de atenção";"Capotamento";"Com Vítimas Feridas";"Pleno dia";"Decrescente";"Ceu Claro";"Simples";"Reta";"Rural";1;0;1;0;0;0;1;1
83447430;"14/03/16";"Segunda";"11:30:00";"SC";280;"127,5";"RIO NEGRINHO";"Defeito mecânico em veículo";"Saída de Pista";"Sem Vítimas";"Pleno dia";"Crescente";"Sol";"Simples";"Reta";"Urbano";2;0;0;0;2;0;0;2