"id";"data_inversa";"dia_semana";"horario";"uf";"br";"km";"municipio";"causa_acidente";"tipo_acidente";"classificacao_acidente";"fase_dia";"sentido_via";"condicao_metereologica";"tipo_pista";"tracado_via";"uso_solo";"pessoas";"mortos";"feridos_leves";"feridos_graves";"ilesos";"ignorados";"feridos";"veiculos"
83447431;"14/03/16";"Segunda";"10:00:00";"ES";262;"27,4";"VIANA";"Defeito mecânico em veículo";"Saída de Pista";"Com Vítimas Feridas";"Pleno dia";"Decrescente";"Chuva";"Simples";"Curva";"Rural";1;0;1;0;0;0;1;1
83447432;"14/03/16";"Segunda";"11:00:00";"PI";316;"19,1";"TERESINA";"Outras";"Saída de Pista";"Com Vítimas Feridas";"Pleno dia";"Decrescente";"Nublado";"Simples";"Reta";"Rural";1;0;1;0;0;0;1;1
83447433;"05/03/16";"Sábado";"14:00:00";"BA";324;"595";"CANDEIAS";"Outras";"Colisão com objeto fixo";"Sem Vítimas";"Pleno dia";"Crescente";"Ceu Claro";"Dupla";"Reta";"Rural";1;0;0;0;1;0;0;1
83447434;"14/03/16";"Segunda";"08:20:00";"BA";116;"589";"NOVA ITARANA";"Velocidade incompatível";"Capotamento";"Sem Vítimas";"Pleno dia";"Crescente";"Chuva";"Simples";"Curva";"Rural";1;0;0;0;1;0;0;1
83447435;"14/03/16";"Segunda";"08:06:00";"PR";476;"145,3";"CURITIBA";"Outras";"Colisão Transversal";"Com Vítimas Feridas";"Pleno dia";"Decrescente";"Ceu Claro";"Dupla";"Reta";"Urbano";2;0;1;0;1;0;1;2
83447436;"14/03/16";"Segunda";"12:30:00";"RJ";356;"146";"CAMPOS DOS GOYTACAZES";"Falta de atenção";"Colisão Transversal";"Com Vítimas Feridas";"Pleno dia";"Crescente";"Chuva";"Dupla";"Reta";"Urbano";2;0;1;0;1;0;1;2
83447437;"14/03/16";"Segunda";"10:50:00";"BA";101;"164";"CONCEICAO DO JACUIPE";"Outras";"Incêndio";"Sem Vítimas";"Pleno dia";"Decrescente";"Ceu Claro";"Simples";"Reta";"Rural";1;0;0;0;1;0;0;1
83447438;"14/03/16";"Segunda";"12:20:00";"TO";226;"53";"WANDERLANDIA";"Outras";"Capotamento";"Sem Vítimas";"Pleno dia";"Crescente";"Chuva";"Simples";"Curva";"Rural";1;0;0;0;1;0;0;1
83447440;"14/03/16";"Segunda";"11:20:00";"CE";20;"431,2";"FORTALEZA";"Falta de atenção";"Colisão Transversal";"Com Vítimas Feridas";"Pleno dia";"Crescente";"Ceu Claro";"Dupla";"Reta";"Urbano";2;0;1;0;1;0;1;2
83447441;"04/03/16";"Sexta";"07:00:00";"SP";153;"346,3";"OURINHOS";"Dormindo";"Capotamento";"Sem Vítimas";"Amanhecer";"Decrescente";"Ceu Claro";"Dupla";"Reta";"Rural";2;0;0;0;2;0;0;1
83447442;"14/03/16";"Segunda";"13:40:00";"SP";153;"62,1";"SAO JOSE DO RIO PRETO";"Não guardar distância de segurança";"Colisão traseira";"Sem Vítimas";"Pleno dia";"Crescente";"Ceu Claro";"Dupla";"Reta";"Urbano";3;0;0;0;2;1;0;3
83447443;"12/03/16";"Sábado";"16:00:00";"PR";277;"1";"PARANAGUA";"Outras";"Colisão com bicicleta";"Com Vítimas Feridas";"Pleno dia";"Crescente";"Sol";"Simples";"Reta";"Urbano";3;0;2;1;0;0;3;2
83447444;"14/03/16";"Segunda";"06:30:00";"GO";60;"274,8";"INDIARA";"Velocidade incompatível";"Saída de Pista";"Sem Vítimas";"Amanhecer";"Decrescente";"Ceu Claro";"Dupla";"Reta";"Rural";1;0;0;0;1;0;0;1
83447445;"06/03/16";"Domingo";"20:15:00";"RJ";101;"256";"RIO BONITO";"Outras";"Colisão Transversal";"Com Vítimas Fatais";"Plena noite";"Crescente";"Ceu Claro";"Simples";"Reta";"Rural";3;1;2;0;0;0;2;2
83447446;"14/03/16";"Segunda";"11:00:00";"SC";282;"643,8";"SAO MIGUEL DOESTE";"Outras";"Colisão frontal";"Com Vítimas Fatais";"Pleno dia";"Crescente";"Ceu Claro";"Simples";"Reta";"Rural";3;2;1;0;0;0;1;2
83447447;"08/03/16";"Terça";"07:30:00";"BA";116;"408";"FEIRA DE SANTANA";"Falta de atenção";"Colisão traseira";"Sem Vítimas";"Pleno dia";"Crescente";"Ceu Claro";"Simples";"Reta";"Rural";2;0;0;0;2;0;0;2
83447448;"11/03/16";"Sexta";"20:00:00";"DF";40;"5";"BRASILIA";"Ingestão de álcool";"Colisão traseira";"Sem Vítimas";"Plena noite";"Crescente";"Chuva";"Dupla";"Reta";"Urbano";3;0;0;0;3;0;0;2
83447449;"14/03/16";"Segunda";"13:45:00";"SP";153;"61,7";"SAO JOSE DO RIO PRETO";"Não guardar distância de segurança";"Colisão traseira";"Com Vítimas Feridas";"Pleno dia";"Crescente";"Ceu Claro";"Dupla";"Reta";"Urbano";2;0;1;0;1;0;1;2
83447450;"14/03/16";"Segunda";"09:00:00";"SP";153;"76,2";"BADY BASSITT";"Falta de atenção";"Colisão lateral";"Sem Vítimas";"Pleno dia";"Decrescente";"Sol";"Simples";"Reta";"Urbano";3;0;0;0;2;1;0;3
83447451;"11/03/16";"Sexta";"04:50:00";"BA";116;"422";"FEIRA DE SANTANA";"Falta de atenção";"Atropelamento de pessoa";"Com Vítimas Feridas";"Amanhecer";"Decrescente";"Ceu Claro";"Simples";"Reta";"Urbano";2;0;1;0;1;0;1;1
83447452;"14/03/16";"Segunda";"08:30:00";"MG";381;"365";"SAO GONCALO DO RIO ABAIXO";"Velocidade incompatível";"Colisão frontal";"Com Vítimas Fatais";"Pleno dia";"Crescente";"Chuva";"Simples";"Curva";"Rural";2;1;0;0;1;0;0;2
83447453;"11/03/16";"Sexta";"00:30:00";"RJ";101;"284";"ITABORAI";"Outras";"Colisão Transversal";"Com Vítimas Feridas";"Plena noite";"Decrescente";"Ceu Claro";"Dupla";"Reta";"Urbano";2;0;2;0;0;0;2;2
83447454;"06/03/16";"Domingo";"17:40:00";"MG";267;"13,4";"LEOPOLDINA";"Falta de atenção";"Colisão lateral";"Com Vítimas Feridas";"Pleno dia";"Decrescente";"Ceu Claro";"Simples";"Reta";"Rural";2;0;1;0;1;0;1;2
83447455;"14/03/16";"Segunda";"15:10:00";"RS";116;"375,7";"TAPES";"Desobediência à sinalização";"Colisão Transversal";"Sem Vítimas";"Pleno dia";"Decrescente";"Ceu Claro";"Simples";"Reta";"Rural";2;0;0;0;2;0;0;2
83447457;"14/03/16";"Segunda";"10:55:00";"MG";381;"715,7";"CARMO DA CACHOEIRA";"Defeito mecânico em veículo";"Colisão com objeto fixo";"Sem Vítimas";"Pleno dia";"Crescente";"Ceu Claro";"Dupla";"Curva";"Rural";1;0;0;0;1;0;0;1
83447459;"13/03/16";"Domingo";"22:15:00";"GO";40;"1,5";"VALPARAISO DE GOIAS";"Ingestão de álcool";"Colisão traseira";"Sem Vítimas";"Plena noite";"Crescente";"Nublado";"Dupla";"Reta";"Urbano";2;0;0;0;2;0;0;2
83447460;"14/03/16";"Segunda";"13:25:00";"PR";376;"176,1";"MARINGA";"Falta de atenção";"Colisão lateral";"Sem Vítimas";"Pleno dia";"Decrescente";"Sol";"Dupla";"Cruzamento";"Urbano";2;0;0;0;2;0;0;2
83447461;"14/03/16";"Segunda";"15:30:00";"RS";290;"69";"GRAVATAI";"Outras";"Colisão lateral";"Com Vítimas Feridas";"Pleno dia";"Crescente";"Ceu Claro";"Dupla";"Reta";"Rural";4;0;2;0;2;0;2;2
83447464;"14/03/16";"Segunda";"08:40:00";"RS";116;"258,9";"ESTEIO";"Não guardar distância de segurança";"Colisão traseira";"Com Vítimas Feridas";"Pleno dia";"Crescente";"Sol";"Dupla";"Reta";"Urbano";6;0;1;0;5;0;1;6
83447465;"14/03/16";"Segunda";"14:00:00";"SP";116;"141";"SAO JOSE DOS CAMPOS";"Outras";"Colisão com objeto fixo";"Sem Vítimas";"Pleno dia";"Decrescente";"Ceu Claro";"Dupla";"Reta";"Urbano";2;0;0;0;1;1;0;2
83447466;"13/03/16";"Domingo";"19:00:00";"RJ";493;"12";"GUAPIMIRIM";"Outras";"Saída de Pista";"Ignorado";"Anoitecer";"Decrescente";"Chuva";"Simples";"Reta";"Rural";1;0;0;0;0;1;0;1
83447467;"14/02/16";"Domingo";"15:00:00";"RS";116;"264";"CANOAS";"Falta de atenção";"Colisão lateral";"Sem Vítimas";"Pleno dia";"Decrescente";"Sol";"Dupla";"Reta";"Urbano";2;0;0;0;2;0;0;2
83447468;"14/03/16";"Segunda";"13:30:00";"RS";386;"227";"SOLEDADE";"Falta de atenção";"Colisão lateral";"Sem Vítimas";"Pleno dia";"Decrescente";"Ceu Claro";"Simples";"Reta";"Rural";2;0;0;0;1;1;0;2
83447469;"14/03/16";"Segunda";"10:50:00";"SP";116;"216,9";"GUARULHOS";"Outras";"Colisão traseira";"Com Vítimas Fatais";"Pleno dia";"Crescente";"Ceu Claro";"Múltipla";"Reta";"Urbano";3;1;0;0;2;0;0;3
83447470;"14/03/16";"Segunda";"11:10:00";"GO";153;"202,6";"URUACU";"Outras";"Tombamento";"Com Vítimas Feridas";"Pleno dia";"Decrescente";"Ceu Claro";"Simples";"Reta";"Rural";1;0;1;0;0;0;1;1
83447471;"14/03/16";"Segunda";"13:50:00";"ES";101;"266";"SERRA";"Falta de atenção";"Colisão traseira";"Com Vítimas Feridas";"Pleno dia";"Crescente";"Ceu Claro";"Múltipla";"Reta";"Urbano";3;0;0;2;0;1;2;2
83447472;"14/03/16";"Segunda";"14:00:00";"AC";364;"10";"ACRELANDIA";"Falta de atenção";"Colisão com objeto fixo";"Sem Vítimas";"Pleno dia";"Crescente";"Ceu Claro";"Simples";"Reta";"Rural";1;0;0;0;1;0;0;1
83447473;"14/03/16";"Segunda";"11:20:00";"MT";364;"204";"RONDONOPOLIS";"Falta de atenção";"Colisão Transversal";"Com Vítimas Feridas";"Pleno dia";"Decrescente";"Ceu Claro";"Dupla";"Reta";"Urbano";3;0;1;0;2;0;1;2
83447474;"14/03/16";"Segunda";"15:34:00";"SC";101;"150,8";"ITAPEMA";"Falta de atenção";"Colisão traseira";"Sem Vítimas";"Pleno dia";"Decrescente";"Ceu Claro";"Dupla";"Reta";"Urbano";3;0;0;0;3;0;0;3
83447475;"14/03/16";"Segunda";"10:30:00";"RO";364;"218,1";"PIMENTA BUENO";"Velocidade incompatível";"Saída de Pista";"Com Vítimas Feridas";"Pleno dia";"Crescente";"Chuva";"Simples";"Curva";"Rural";1;0;1;0;0;0;1;1
83447476;"09/03/16";"Quarta";"18:10:00";"SP";116;"154";"SAO JOSE DOS CAMPOS";"Não guardar distância de segurança";"Colisão traseira";"Sem Vítimas";"Anoitecer";"Decrescente";"Nublado";"Dupla";"Reta";"Urbano";2;0;0;0;2;0;0;2
83447477;"14/03/16";"Segunda";"13:00:00";"RJ";116;"110,5";"GUAPIMIRIM";"Defeito mecânico em veículo";"Capotamento";"Com Vítimas Feridas";"Pleno dia";"Crescente";"Sol";"Dupla";"Curva";"Rural";3;0;2;0;1;0;2;1
83447478;"03/03/16";"Quinta";"01:30:00";"SC";101;"211,4";"PALHOCA";"Falta de atenção";"Colisão com objeto fixo";"Sem Vítimas";"Plena noite";"Crescente";"Chuva";"Dupla";"Reta";"Urbano";1;0;0;0;1;0;0;1
83447479;"14/03/16";"Segunda";"16:15:00";"RS";470;"210";"BENTO GONCALVES";"Outras";"Colisão frontal";"Sem Vítimas";"Pleno dia";"Decrescente";"Ceu Claro";"Simples";"Curva";"Rural";2;0;0;0;2;0;0;2
83447480;"14/03/16";"Segunda";"10:00:00";"BA";324;"516";"FEIRA DE SANTANA";"Outras";"Colisão Transversal";"Com Vítimas Feridas";"Pleno dia";"Crescente";"Sol";"Simples";"Reta";"Urbano";3;0;1;0;2;0;1;2
83447481;"13/03/16";"Domingo";"02:00:00";"PR";116;"10";"CAMPINA GRANDE DO SUL";"Dormindo";"Saída de Pista";"Sem Vítimas";"Plena noite";"Decrescente";"Nublado";"Dupla";"Reta";"Rural";1;0;0;0;1;0;0;1
83447482;"14/03/16";"Segunda";"15:45:00";"SC";470;"141,3";"RIO DO SUL";"Ultrapassagem indevida";"Colisão lateral";"Com Vítimas Feridas";"Pleno dia";"Decrescente";"Sol";"Simples";"Cruzamento";"Urbano";2;0;1;0;1;0;1;2
83447483;"14/03/16";"Segunda";"08:30:00";"RS";287;"304,1";"SAO PEDRO DO SUL";"Outras";"Saída de Pista";"Ignorado";"Pleno dia";"Decrescente";"Ceu Claro";"Simples";"Reta";"Rural";1;0;0;0;0;1;0;1
83447484;"14/03/16";"Segunda";"07:10:00";"GO";40;"8,4";"LUZIANIA";"Outras";"Saída de Pista";"Sem Vítimas";"Pleno dia";"Decrescente";"Sol";"Dupla";"Reta";"Urbano";4;0;0;0;4;0;0;1
83447485;"14/03/16";"Segunda";"15:55:00";"PR";376;"527,9";"PONTA GROSSA";"Falta de atenção";"Colisão traseira";"Com Vítimas Feridas";"Pleno dia";"Crescente";"Ceu Claro";"Dupla";"Reta";"Rural";2;0;1;0;1;0;1;2
83447487;"14/03/16";"Segunda";"09:40:00";"SC";101;"216,5";"PALHOCA";"Falta de atenção";"Colisão Transversal";"Sem Vítimas";"Pleno dia";"Decrescente";"Nublado";"Dupla";"Cruzamento";"Urbano";2;0;0;0;2;0;0;2
83447488;"11/03/16";"Sexta";"13:45:00";"RJ";116;"143";"DUQUE DE CAXIAS";"Outras";"Colisão com objeto fixo";"Sem Vítimas";"Pleno dia";"Crescente";"Nublado";"Dupla";"Reta";"Urbano";1;0;0;0;1;0;0;1
83447489;"14/03/16";"Segunda";"10:00:00";"MG";365;"466";"PATROCINIO";"Outras";"Saída de Pista";"Com Vítimas Feridas";"Pleno dia";"Decrescente";"Ceu Claro";"Simples";"Reta";"Rural";2;0;1;0;0;1;1;2
83447490;"14/03/16";"Segunda";"16:30:00";"PR";376;"300";"MAUA DA SERRA";"Velocidade incompatível";"Colisão com objeto fixo";"Com Vítimas Feridas";"Pleno dia";"Decrescente";"Chuva";"Simples";"Curva";"Rural";1;0;1;0;0;0;1;1
83447491;"14/03/16";"Segunda";"15:45:00";"TO";153;"483,5";"PARAISO DO TOCANTINS";"Ultrapassagem indevida";"Colisão traseira";"Com Vítimas Feridas";"Pleno dia";"Decrescente";"Ceu Claro";"Simples";"Reta";"Rural";3;0;1;0;2;0;1;2
83447492;"14/03/16";"Segunda";"11:00:00";"RJ";493;"19";"MAGE";"Outras";"Colisão lateral";"Sem Vítimas";"Pleno dia";"Crescente";"Ceu Claro";"Simples";"Cruzamento";"Urbano";2;0;0;0;2;0;0;2
83447493;"14/03/16";"Segunda";"15:00:00";"CE";116;"505,6";"BREJO SANTO";"Falta de atenção";"Colisão Transversal";"Com Vítimas Feridas";"Pleno dia";"Decrescente";"Sol";"Simples";"Reta";"Rural";3;0;1;0;2;0;1;2
83447494;"08/03/16";"Terça";"23:45:00";"SP";116;"371,8";"MIRACATU";"Falta de atenção";"Atropelamento de pessoa";"Com Vítimas Fatais";"Plena noite";"Decrescente";"Nublado";"Dupla";"Reta";"Rural";2;1;0;0;1;0;0;1
83447495;"14/03/16";"Segunda";"15:00:00";"MG";116;"675,6";"MIRADOURO";"Falta de atenção";"Colisão Transversal";"Com Vítimas Feridas";"Pleno dia";"Decrescente";"Nublado";"Simples";"Curva";"Urbano";2;0;1;0;1;0;1;2
83447496;"14/03/16";"Segunda";"14:00:00";"SC";101;"367";"SANGAO";"Não guardar distância de segurança";"Colisão traseira";"Sem Vítimas";"Pleno dia";"Crescente";"Ceu Claro";"Dupla";"Reta";"Rural";2;0;0;0;2;0;0;2
83447497;"16/01/16";"Sábado";"19:00:00";"ES";101;"79,6";"SAO MATEUS";"Outras";"Atropelamento de animal";"Com Vítimas Feridas";"Anoitecer";"Decrescente";"Nublado";"Simples";"Reta";"Urbano";1;0;0;1;0;0;1;1
83447499;"13/03/16";"Domingo";"18:15:00";"MG";50;"26,9";"ARAGUARI";"Velocidade incompatível";"Colisão com objeto fixo";"Sem Vítimas";"Plena noite";"Crescente";"Chuva";"Dupla";"Reta";"Rural";1;0;0;0;1;0;0;1
83447500;"14/03/16";"Segunda";"06:40:00";"GO";153;"505,5";"APARECIDA DE GOIANIA";"Não guardar distância de segurança";"Colisão traseira";"Sem Vítimas";"Pleno dia";"Decrescente";"Chuva";"Dupla";"Reta";"Urbano";2;0;0;0;1;1;0;2
83447501;"11/03/16";"Sexta";"17:30:00";"RJ";116;"122";"MAGE";"Desobediência à sinalização";"Colisão lateral";"Com Vítimas Feridas";"Pleno dia";"Crescente";"Nublado";"Dupla";"Reta";"Urbano";3;0;2;0;1;0;2;2
83447502;"14/03/16";"Segunda";"17:45:00";"RS";116;"185,3";"NOVA PETROPOLIS";"Não guardar distância de segurança";"Colisão traseira";"Sem Vítimas";"Pleno dia";"Decrescente";"Ceu Claro";"Dupla";"Reta";"Urbano";2;0;0;0;1;1;0;2
83447504;"14/03/16";"Segunda";"16:45:00";"MS";262;"138";"AGUA CLARA";"Defeito mecânico em veículo";"Danos Eventuais";"Sem Vítimas";"Plena noite";"Decrescente";"Ceu Claro";"Simples";"Reta";"Rural";2;0;0;0;2;0;0;2
83447505;"16/01/16";"Sábado";"09:50:00";"ES";101;"67";"SAO MATEUS";"Falta de atenção";"Colisão lateral";"Com Vítimas Feridas";"Pleno dia";"Crescente";"Ceu Claro";"Múltipla";"Reta";"Urbano";3;0;1;0;2;0;1;2
83447506;"14/03/16";"Segunda";"14:20:00";"MT";364;"215";"RONDONOPOLIS";"Dormindo";"Saída de Pista";"Com Vítimas Feridas";"Pleno dia";"Decrescente";"Sol";"Dupla";"Reta";"Rural";1;0;0;1;0;0;1;1
83447507;"08/03/16";"Terça";"13:10:00";"BA";116;"452";"ANTONIO CARDOSO";"Não guardar distância de segurança";"Colisão traseira";"Com Vítimas Feridas";"Pleno dia";"Decrescente";"Ceu Claro";"Simples";"Reta";"Rural";4;0;2;0;2;0;2;2
83447508;"14/03/16";"Segunda";"16:30:00";"RS";116;"248";"SAO LEOPOLDO";"Falta de atenção";"Colisão traseira";"Sem Vítimas";"Pleno dia";"Decrescente";"Ceu Claro";"Dupla";"Reta";"Urbano";2;0;0;0;2;0;0;2
83447510;"14/03/16";"Segunda";"17:45:00";"TO";153;"676,8";"GURUPI";"Defeito na via";"Queda de motocicleta / bicicleta / veículo";"Com Vítimas Feridas";"Pleno dia";"Decrescente";"Ceu Claro";"Simples";"Reta";"Rural";2;0;1;1;0;0;2;1
83447511;"10/03/16";"Quinta";"09:20:00";"BA";324;"621,5";"SALVADOR";"Falta de atenção";"Colisão traseira";"Com Vítimas Feridas";"Pleno dia";"Crescente";"Ceu Claro";"Dupla";"Reta";"Urbano";3;0;1;0;2;0;1;2
83447512;"13/03/16";"Domingo";"11:40:00";"GO";158;"157,5";"CAIAPONIA";"Falta de atenção";"Colisão Transversal";"Com Vítimas Feridas";"Pleno dia";"Crescente";"Ceu Claro";"Múltipla";"Cruzamento";"Urbano";5;0;3;1;1;0;4;3
83447513;"14/03/16";"Segunda";"15:45:00";"CE";20;"351,5";"CARIDADE";"Falta de atenção";"Colisão lateral";"Sem Vítimas";"Pleno dia";"Decrescente";"Ceu Claro";"Simples";"Reta";"Rural";2;0;0;0;2;0;0;2
83447514;"14/03/16";"Segunda";"16:05:00";"SC";480;"129,1";"CHAPECO";"Ingestão de álcool";"Colisão lateral";"Sem Vítimas";"Pleno dia";"Crescente";"Sol";"Simples";"Reta";"Urbano";2;0;0;0;1;1;0;2
83447516;"14/03/16";"Segunda";"16:10:00";"SC";480;"125";"CHAPECO";"Outras";"Colisão frontal";"Com Vítimas Fatais";"Pleno dia";"Decrescente";"Ceu Claro";"Simples";"Reta";"Urbano";2;1;0;0;1;0;0;2
83447517;"14/03/16";"Segunda";"15:45:00";"BA";101;"472";"URUCUCA";"Outras";"Colisão com objeto fixo";"Sem Vítimas";"Pleno dia";"Decrescente";"Ceu Claro";"Simples";"Reta";"Rural";1;0;0;0;1;0;0;1
83447518;"14/03/16";"Segunda";"13:30:00";"PR";369;"185";"ARAPONGAS";"Falta de atenção";"Colisão Transversal";"Com Vítimas Feridas";"Pleno dia";"Decrescente";"Ceu Claro";"Simples";"Reta";"Urbano";2;0;0;1;1;0;1;2
83447519;"06/03/16";"Domingo";"08:30:00";"ES";262;"184";"IUNA";"Desobediência à sinalização";"Colisão lateral";"Com Vítimas Feridas";"Plena noite";"Crescente";"Ceu Claro";"Simples";"Cruzamento";"Urbano";3;0;1;1;0;1;2;2
83447520;"14/03/16";"Segunda";"15:30:00";"PR";277;"81";"CURITIBA";"Outras";"Queda de motocicleta / bicicleta / veículo";"Com Vítimas Feridas";"Pleno dia";"Decrescente";"Sol";"Dupla";"Reta";"Urbano";1;0;0;1;0;0;1;1
83447521;"14/03/16";"Segunda";"13:20:00";"RJ";495;"22,2";"PETROPOLIS";"Falta de atenção";"Colisão lateral";"Com Vítimas Feridas";"Pleno dia";"Decrescente";"Nublado";"Simples";"Curva";"Rural";2;0;0;1;1;0;1;2
83447522;"14/03/16";"Segunda";"13:30:00";"MS";163;"351,7";"NOVA ALVORADA DO SUL";"Dormindo";"Saída de Pista";"Com Vítimas Feridas";"Pleno dia";"Decrescente";"Ceu Claro";"Simples";"Reta";"Rural";1;0;1;0;0;0;1;1
83447523;"12/03/16";"Sábado";"11:30:00";"SC";116;"308,9";"CAPAO ALTO";"Falta de atenção";"Tombamento";"Com Vítimas Feridas";"Pleno dia";"Crescente";"Sol";"Simples";"Curva";"Rural";1;0;1;0;0;0;1;1
83447524;"10/03/16";"Quinta";"13:20:00";"MA";10;"256,5";"IMPERATRIZ";"Falta de atenção";"Colisão Transversal";"Com Vítimas Feridas";"Pleno dia";"Crescente";"Ceu Claro";"Simples";"Cruzamento";"Urbano";2;0;2;0;0;0;2;2
83447525;"14/03/16";"Segunda";"16:00:00";"BA";116;"799";"VITORIA DA CONQUISTA";"Falta de atenção";"Colisão frontal";"Com Vítimas Feridas";"Pleno dia";"Decrescente";"Ceu Claro";"Simples";"Reta";"Rural";4;0;3;0;1;0;3;2
83447526;"14/03/16";"Segunda";"15:00:00";"ES";101;"76";"SAO MATEUS";"Dormindo";"Queda de motocicleta / bicicleta / veículo";"Com Vítimas Feridas";"Pleno dia";"Decrescente";"Sol";"Simples";"Reta";"Rural";1;0;1;0;0;0;1;1
83447527;"14/03/16";"Segunda";"17:40:00";"MG";262;"180";"SAO DOMINGOS DO PRATA";"Dormindo";"Saída de Pista";"Com Vítimas Feridas";"Anoitecer";"Crescente";"Nublado";"Simples";"Reta";"Rural";2;0;1;0;1;0;1;1
83447528;"13/03/16";"Domingo";"05:20:00";"MG";50;"148,2";"UBERABA";"Dormindo";"Tombamento";"Com Vítimas Feridas";"Amanhecer";"Crescente";"Ceu Claro";"Dupla";"Reta";"Rural";25;0;1;0;24;0;1;1
83447529;"14/03/16";"Segunda";"16:15:00";"CE";222;"2,8";"FORTALEZA";"Outras";"Colisão traseira";"Com Vítimas Feridas";"Pleno dia";"Crescente";"Sol";"Múltipla";"Reta";"Urbano";9;0;7;0;2;0;7;3
83447530;"14/03/16";"Segunda";"16:30:00";"SP";116;"434,8";"REGISTRO";"Ingestão de álcool";"Queda de motocicleta / bicicleta / veículo";"Com Vítimas Feridas";"Pleno dia";"Decrescente";"Nublado";"Dupla";"Curva";"Rural";2;0;0;1;1;0;1;1
83447531;"14/03/16";"Segunda";"15:10:00";"MS";163;"462,3";"CAMPO GRANDE";"Falta de atenção";"Colisão traseira";"Sem Vítimas";"Pleno dia";"Crescente";"Nublado";"Simples";"Reta";"Urbano";2;0;0;0;2;0;0;2
83447532;"14/03/16";"Segunda";"14:00:00";"PR";476;"128";"CURITIBA";"Falta de atenção";"Capotamento";"Com Vítimas Feridas";"Pleno dia";"Decrescente";"Ceu Claro";"Múltipla";"Curva";"Urbano";2;0;1;1;0;0;2;1
83447533;"14/03/16";"Segunda";"13:00:00";"BA";101;"413,9";"IBIRAPITANGA";"Velocidade incompatível";"Saída de Pista";"Sem Vítimas";"Pleno dia";"Crescente";"Ceu Claro";"Simples";"Curva";"Rural";2;0;0;0;2;0;0;1
83447534;"14/03/16";"Segunda";"12:30:00";"AL";104;"92,7";"MACEIO";"Outras";"Colisão traseira";"Com Vítimas Fatais";"Pleno dia";"Crescente";"Nublado";"Dupla";"Reta";"Urbano";5;1;0;3;1;0;3;2
83447535;"14/03/16";"Segunda";"18:09:00";"PR";369;"153,9";"LONDRINA";"Falta de atenção";"Colisão traseira";"Com Vítimas Feridas";"Plena noite";"Decrescente";"Ceu Claro";"Dupla";"Reta";"Urbano";2;0;1;0;1;0;1;2
83447536;"14/03/16";"Segunda";"18:00:00";"MG";381;"479,4";"CONTAGEM";"Outras";"Colisão traseira";"Com Vítimas Feridas";"Anoitecer";"Decrescente";"Nublado";"Dupla";"Reta";"Urbano";3;0;1;0;2;0;1;3
83447537;"14/03/16";"Segunda";"16:50:00";"RS";116;"142,9";"CAXIAS DO SUL";"Falta de atenção";"Colisão traseira";"Com Vítimas Feridas";"Pleno dia";"Decrescente";"Ceu Claro";"Dupla";"Reta";"Urbano";2;0;1;0;1;0;1;2
83447539;"13/03/16";"Domingo";"19:50:00";"PE";428;"20";"CABROBO";"Animais na Pista";"Atropelamento de animal";"Com Vítimas Feridas";"Plena noite";"Decrescente";"Ceu Claro";"Simples";"Reta";"Rural";1;0;0;1;0;0;1;1
83447540;"14/03/16";"Segunda";"17:45:00";"SP";153;"343,6";"OURINHOS";"Outras";"Colisão com objeto fixo";"Com Vítimas Feridas";"Anoitecer";"Decrescente";"Chuva";"Dupla";"Curva";"Rural";4;0;1;0;3;0;1;1
83447541;"14/03/16";"Segunda";"19:43:00";"RS";116;"561,4";"PEDRO OSORIO";"Defeito mecânico em veículo";"Tombamento";"Sem Vítimas";"Plena noite";"Decrescente";"Nublado";"Simples";"Reta";"Rural";2;0;0;0;2;0;0;1
83447542;"14/03/16";"Segunda";"16:30:00";"MS";163;"600,7";"SAO GABRIEL DO OESTE";"Defeito na via";"Tombamento";"Sem Vítimas";"Pleno dia";"Decrescente";"Chuva";"Dupla";"Reta";"Rural";1;0;0;0;1;0;0;1
83447543;"14/03/16";"Segunda";"19:40:00";"CE";222;"239";"SOBRAL";"Outras";"Colisão traseira";"Sem Vítimas";"Plena noite";"Crescente";"Nublado";"Simples";"Reta";"Rural";2;0;0;0;1;1;0;2
83447544;"14/03/16";"Segunda";"19:20:00";"GO";153;"490";"GOIANIA";"Defeito mecânico em veículo";"Colisão com objeto fixo";"Sem Vítimas";"Plena noite";"Crescente";"Vento";"Dupla";"Reta";"Urbano";1;0;0;0;1;0;0;1
83447545;"14/03/16";"Segunda";"19:00:00";"RJ";101;"319,5";"SAO GONCALO";"Falta de atenção";"Colisão traseira";"Com Vítimas Feridas";"Plena noite";"Decrescente";"Ceu Claro";"Dupla";"Reta";"Urbano";6;0;3;0;3;0;3;3
83447546;"05/03/16";"Sábado";"13:50:00";"BA";101;"331";"PRESIDENTE TANCREDO NEVES";"Não guardar distância de segurança";"Tombamento";"Com Vítimas Feridas";"Pleno dia";"Decrescente";"Ceu Claro";"Simples";"Reta";"Rural";1;0;1;0;0;0;1;1
83447547;"14/03/16";"Segunda";"16:00:00";"MG";116;"411";"GOVERNADOR VALADARES";"Falta de atenção";"Colisão com bicicleta";"Com Vítimas Feridas";"Pleno dia";"Decrescente";"Ceu Claro";"Dupla";"Reta";"Urbano";2;0;1;0;0;1;1;2
83447548;"10/03/16";"Quinta";"15:00:00";"SP";116;"511,2";"CAJATI";"Outras";"Derramamento de Carga";"Sem Vítimas";"Pleno dia";"Crescente";"Nublado";"Dupla";"Curva";"Rural";1;0;0;0;1;0;0;1