"id";"data_inversa";"dia_semana";"horario";"uf";"br";"km";"municipio";"causa_acidente";"tipo_acidente";"classificacao_acidente";"fase_dia";"sentido_via";"condicao_metereologica";"tipo_pista";"tracado_via";"uso_solo";"pessoas";"mortos";"feridos_leves";"feridos_graves";"ilesos";"ignorados";"feridos";"veiculos"
83447549;"14/03/16";"Segunda";"18:20:00";"RS";287;"248,7";"SANTA MARIA";"Desobediência à sinalização";"Colisão lateral";"Com Vítimas Feridas";"Pleno dia";"Crescente";"Ceu Claro";"Simples";"Reta";"Urbano";3;0;1;0;2;0;1;2
83447551;"14/03/16";"Segunda";"11:30:00";"PI";343;"3,2";"TERESINA";"Falta de atenção";"Colisão Transversal";"Com Vítimas Feridas";"Pleno dia";"Crescente";"Ceu Claro";"Múltipla";"Reta";"Urbano";2;0;1;0;1;0;1;2
83447552;"13/03/16";"Domingo";"07:30:00";"ES";101;"31";"CONCEICAO DA BARRA";"Outras";"Queda de motocicleta / bicicleta / veículo";"Com Vítimas Feridas";"Pleno dia";"Crescente";"Ceu Claro";"Simples";"Reta";"Rural";2;0;1;1;0;0;2;1
83447553;"14/03/16";"Segunda";"11:20:00";"BA";110;"57,2";"JEREMOABO";"Velocidade incompatível";"Colisão lateral";"Com Vítimas Feridas";"Pleno dia";"Crescente";"Chuva";"Simples";"Curva";"Rural";5;0;0;3;2;0;3;2
83447554;"14/03/16";"Segunda";"13:00:00";"PE";232;"102,5";"BEZERROS";"Defeito mecânico em veículo";"Colisão com objeto fixo";"Com Vítimas Feridas";"Pleno dia";"Decrescente";"Nublado";"Simples";"Reta";"Urbano";1;0;1;0;0;0;1;1
83447555;"14/03/16";"Segunda";"16:30:00";"SP";116;"474,1";"JACUPIRANGA";"Falta de atenção";"Saída de Pista";"Com Vítimas Feridas";"Pleno dia";"Decrescente";"Nublado";"Dupla";"Reta";"Rural";5;0;0;1;4;0;1;1
83447556;"14/03/16";"Segunda";"21:00:00";"RJ";116;"224";"PIRAI";"Outras";"Colisão com objeto fixo";"Com Vítimas Feridas";"Plena noite";"Decrescente";"Ceu Claro";"Simples";"Curva";"Rural";1;0;1;0;0;0;1;1
83447557;"11/03/16";"Sexta";"07:25:00";"MG";381;"720,8";"CARMO DA CACHOEIRA";"Velocidade incompatível";"Capotamento";"Com Vítimas Feridas";"Amanhecer";"Crescente";"Chuva";"Dupla";"Curva";"Rural";1;0;1;0;0;0;1;1
83447558;"14/03/16";"Segunda";"20:45:00";"MS";267;"26,7";"BATAGUASSU";"Animais na Pista";"Atropelamento de animal";"Sem Vítimas";"Plena noite";"Crescente";"Ceu Claro";"Simples";"Reta";"Rural";1;0;0;0;1;0;0;1
83447559;"14/03/16";"Segunda";"13:40:00";"MT";163;"570,2";"NOVA MUTUM";"Dormindo";"Colisão frontal";"Com Vítimas Fatais";"Pleno dia";"Decrescente";"Nublado";"Simples";"Reta";"Rural";3;2;0;0;1;0;0;2
83447560;"14/03/16";"Segunda";"21:30:00";"SC";101;"50,8";"JOINVILLE";"Falta de atenção";"Colisão traseira";"Sem Vítimas";"Plena noite";"Decrescente";"Nublado";"Dupla";"Reta";"Rural";2;0;0;0;2;0;0;2
83447561;"14/03/16";"Segunda";"19:15:00";"PB";230;"7,1";"CABEDELO";"Outras";"Colisão traseira";"Com Vítimas Fatais";"Plena noite";"Crescente";"Chuva";"Dupla";"Reta";"Urbano";4;1;1;0;1;1;1;3
83447562;"14/03/16";"Segunda";"19:50:00";"PR";476;"122";"CURITIBA";"Desobediência à sinalização";"Colisão Transversal";"Com Vítimas Feridas";"Plena noite";"Decrescente";"Ignorada";"Múltipla";"Reta";"Urbano";2;0;1;0;1;0;1;2
83447563;"14/03/16";"Segunda";"15:40:00";"PE";424;"108,6";"GARANHUNS";"Outras";"Tombamento";"Sem Vítimas";"Pleno dia";"Crescente";"Ceu Claro";"Simples";"Curva";"Rural";1;0;0;0;1;0;0;1
83447564;"12/03/16";"Sábado";"03:45:00";"SC";101;"357,8";"SANGAO";"Falta de atenção";"Tombamento";"Com Vítimas Feridas";"Plena noite";"Decrescente";"Nublado";"Dupla";"Curva";"Urbano";2;0;2;0;0;0;2;2
83447565;"14/03/16";"Segunda";"18:00:00";"RS";470;"101";"LAGOA VERMELHA";"Velocidade incompatível";"Saída de Pista";"Sem Vítimas";"Pleno dia";"Crescente";"Ceu Claro";"Simples";"Curva";"Rural";1;0;0;0;1;0;0;1
83447566;"14/03/16";"Segunda";"21:05:00";"PR";277;"725";"FOZ DO IGUACU";"Falta de atenção";"Atropelamento de pessoa";"Com Vítimas Feridas";"Plena noite";"Crescente";"Ceu Claro";"Dupla";"Reta";"Urbano";2;0;0;1;1;0;1;1
83447567;"14/03/16";"Segunda";"21:30:00";"SC";470;"252,2";"CURITIBANOS";"Desobediência à sinalização";"Colisão traseira";"Sem Vítimas";"Plena noite";"Crescente";"Nublado";"Simples";"Cruzamento";"Urbano";2;0;0;0;2;0;0;2
83447568;"14/03/16";"Segunda";"20:20:00";"CE";222;"257";"SOBRAL";"Outras";"Tombamento";"Com Vítimas Feridas";"Plena noite";"Decrescente";"Nublado";"Simples";"Reta";"Rural";1;0;0;1;0;0;1;1
83447569;"14/03/16";"Segunda";"13:00:00";"MG";40;"484,5";"SETE LAGOAS";"Dormindo";"Colisão traseira";"Com Vítimas Feridas";"Pleno dia";"Crescente";"Nublado";"Dupla";"Reta";"Rural";4;0;1;0;3;0;1;2
83447570;"10/03/16";"Quinta";"11:40:00";"PR";376;"589,3";"CURITIBA";"Não guardar distância de segurança";"Colisão traseira";"Com Vítimas Feridas";"Pleno dia";"Crescente";"Ceu Claro";"Dupla";"Reta";"Urbano";4;0;1;0;3;0;1;3
83447571;"14/03/16";"Segunda";"21:30:00";"PR";116;"118";"CURITIBA";"Defeito na via";"Saída de Pista";"Com Vítimas Feridas";"Plena noite";"Crescente";"Ceu Claro";"Múltipla";"Curva";"Rural";1;0;1;0;0;0;1;1
83447572;"14/03/16";"Segunda";"22:40:00";"PR";116;"119";"CURITIBA";"Dormindo";"Queda de motocicleta / bicicleta / veículo";"Com Vítimas Feridas";"Plena noite";"Crescente";"Ceu Claro";"Múltipla";"Reta";"Rural";1;0;1;0;0;0;1;1
83447573;"14/03/16";"Segunda";"21:00:00";"BA";135;"173";"BARREIRAS";"Ingestão de álcool";"Atropelamento de animal";"Com Vítimas Feridas";"Plena noite";"Crescente";"Ceu Claro";"Simples";"Reta";"Urbano";1;0;0;1;0;0;1;1
83447574;"14/03/16";"Segunda";"10:00:00";"MT";163;"542";"DIAMANTINO";"Velocidade incompatível";"Colisão traseira";"Sem Vítimas";"Pleno dia";"Crescente";"Nublado";"Simples";"Reta";"Rural";2;0;0;0;2;0;0;2
83447575;"14/03/16";"Segunda";"22:00:00";"BA";101;"152";"CONCEICAO DO JACUIPE";"Outras";"Saída de Pista";"Com Vítimas Feridas";"Plena noite";"Crescente";"Ceu Claro";"Simples";"Reta";"Rural";1;0;1;0;0;0;1;1
83447576;"06/03/16";"Domingo";"18:30:00";"PI";343;"328,5";"TERESINA";"Outras";"Atropelamento de pessoa";"Com Vítimas Fatais";"Anoitecer";"Decrescente";"Ceu Claro";"Simples";"Reta";"Rural";2;1;0;0;0;1;0;1
83447577;"14/03/16";"Segunda";"16:20:00";"PR";376;"502,4";"PONTA GROSSA";"Falta de atenção";"Colisão lateral";"Sem Vítimas";"Pleno dia";"Crescente";"Ceu Claro";"Dupla";"Reta";"Urbano";2;0;0;0;2;0;0;2
83447578;"14/03/16";"Segunda";"22:20:00";"SP";116;"219";"GUARULHOS";"Outras";"Colisão traseira";"Sem Vítimas";"Plena noite";"Decrescente";"Nublado";"Múltipla";"Reta";"Urbano";4;0;0;0;3;1;0;4
83447579;"11/03/16";"Sexta";"03:45:00";"SP";116;"3";"GUARULHOS";"Outras";"Atropelamento de animal";"Sem Vítimas";"Plena noite";"Crescente";"Chuva";"Dupla";"Curva";"Urbano";1;0;0;0;1;0;0;1
83447580;"14/03/16";"Segunda";"09:10:00";"RN";110;"1";"AREIA BRANCA";"Falta de atenção";"Colisão traseira";"Com Vítimas Feridas";"Pleno dia";"Decrescente";"Ceu Claro";"Simples";"Reta";"Urbano";2;0;2;0;0;0;2;2
83447581;"14/03/16";"Segunda";"21:00:00";"SP";116;"448,4";"REGISTRO";"Falta de atenção";"Queda de motocicleta / bicicleta / veículo";"Com Vítimas Feridas";"Plena noite";"Decrescente";"Nublado";"Dupla";"Reta";"Urbano";1;0;1;0;0;0;1;1
83447582;"07/03/16";"Segunda";"07:00:00";"SP";116;"218";"GUARULHOS";"Não guardar distância de segurança";"Colisão lateral";"Com Vítimas Feridas";"Pleno dia";"Crescente";"Ceu Claro";"Múltipla";"Reta";"Urbano";3;0;2;0;1;0;2;2
83447583;"14/03/16";"Segunda";"21:00:00";"MS";60;"347,4";"CAMPO GRANDE";"Animais na Pista";"Queda de motocicleta / bicicleta / veículo";"Com Vítimas Feridas";"Plena noite";"Crescente";"Ceu Claro";"Simples";"Cruzamento";"Rural";2;0;2;0;0;0;2;1
83447585;"14/03/16";"Segunda";"21:00:00";"PR";376;"157";"MANDAGUACU";"Defeito na via";"Colisão com objeto fixo";"Com Vítimas Feridas";"Plena noite";"Decrescente";"Ceu Claro";"Simples";"Reta";"Rural";3;0;3;0;0;0;3;1
83447586;"14/03/16";"Segunda";"19:50:00";"PR";376;"193,7";"MARIALVA";"Defeito mecânico em veículo";"Saída de Pista";"Com Vítimas Feridas";"Plena noite";"Decrescente";"Ceu Claro";"Dupla";"Reta";"Rural";4;0;1;3;0;0;4;1
83447587;"10/03/16";"Quinta";"22:30:00";"SP";116;"220";"GUARULHOS";"Outras";"Colisão com objeto fixo";"Com Vítimas Feridas";"Plena noite";"Decrescente";"Chuva";"Múltipla";"Reta";"Urbano";1;0;1;0;0;0;1;1
83447588;"14/03/16";"Segunda";"17:20:00";"ES";262;"42";"DOMINGOS MARTINS";"Ingestão de álcool";"Queda de motocicleta / bicicleta / veículo";"Com Vítimas Feridas";"Plena noite";"Crescente";"Nublado";"Dupla";"Curva";"Rural";1;0;1;0;0;0;1;1
83447589;"14/03/16";"Segunda";"19:00:00";"ES";101;"142";"LINHARES";"Falta de atenção";"Colisão lateral";"Sem Vítimas";"Plena noite";"Crescente";"Ceu Claro";"Múltipla";"Reta";"Urbano";2;0;0;0;1;1;0;2
83447590;"14/03/16";"Segunda";"16:45:00";"AL";316;"211,7";"ATALAIA";"Outras";"Colisão com objeto fixo";"Com Vítimas Feridas";"Anoitecer";"Crescente";"Chuva";"Simples";"Curva";"Rural";2;0;0;2;0;0;2;1
83447591;"14/03/16";"Segunda";"14:30:00";"BA";324;"605";"SIMOES FILHO";"Outras";"Saída de Pista";"Com Vítimas Feridas";"Pleno dia";"Crescente";"Ceu Claro";"Dupla";"Reta";"Urbano";3;0;0;2;1;0;2;1
83447592;"14/03/16";"Segunda";"21:06:00";"RS";293;"107,8";"PINHEIRO MACHADO";"Falta de atenção";"Colisão lateral";"Sem Vítimas";"Plena noite";"Decrescente";"Nublado";"Simples";"Curva";"Urbano";2;0;0;0;2;0;0;2
83447594;"14/03/16";"Segunda";"17:15:00";"MG";267;"28,3";"ARGIRITA";"Velocidade incompatível";"Tombamento";"Com Vítimas Feridas";"Pleno dia";"Decrescente";"Ceu Claro";"Simples";"Curva";"Rural";1;0;1;0;0;0;1;1
83447595;"14/03/16";"Segunda";"22:45:00";"RJ";116;"166,5";"SAO JOAO DE MERITI";"Falta de atenção";"Colisão traseira";"Com Vítimas Feridas";"Plena noite";"Decrescente";"Nublado";"Múltipla";"Reta";"Urbano";2;0;1;0;1;0;1;2
83447596;"14/03/16";"Segunda";"19:30:00";"SP";153;"58,8";"SAO JOSE DO RIO PRETO";"Falta de atenção";"Colisão Transversal";"Sem Vítimas";"Plena noite";"Decrescente";"Nublado";"Simples";"Reta";"Urbano";2;0;0;0;2;0;0;2
83447597;"14/03/16";"Segunda";"12:36:00";"MG";381;"583,9";"CARMOPOLIS DE MINAS";"Outras";"Colisão lateral";"Sem Vítimas";"Pleno dia";"Crescente";"Nublado";"Dupla";"Curva";"Rural";2;0;0;0;2;0;0;2
83447598;"14/03/16";"Segunda";"06:30:00";"CE";116;"14";"FORTALEZA";"Falta de atenção";"Colisão lateral";"Sem Vítimas";"Pleno dia";"Decrescente";"Chuva";"Dupla";"Curva";"Urbano";2;0;0;0;2;0;0;2
83447599;"14/03/16";"Segunda";"19:20:00";"PR";373;"229,5";"IMBITUVA";"Outras";"Colisão Transversal";"Com Vítimas Fatais";"Plena noite";"Decrescente";"Nublado";"Simples";"Reta";"Urbano";2;1;1;0;0;0;1;2
83447600;"14/03/16";"Segunda";"23:15:00";"PI";316;"311";"PICOS";"Ingestão de álcool";"Tombamento";"Com Vítimas Feridas";"Plena noite";"Decrescente";"Ceu Claro";"Múltipla";"Reta";"Urbano";1;0;1;0;0;0;1;1
83447601;"14/03/16";"Segunda";"19:15:00";"SC";101;"207";"SAO JOSE";"Outras";"Colisão lateral";"Com Vítimas Feridas";"Plena noite";"Crescente";"Nublado";"Dupla";"Reta";"Urbano";3;0;0;1;1;1;1;3
83447602;"14/03/16";"Segunda";"17:10:00";"ES";262;"5";"CARIACICA";"Falta de atenção";"Colisão lateral";"Com Vítimas Feridas";"Pleno dia";"Decrescente";"Ceu Claro";"Simples";"Reta";"Urbano";2;0;1;0;0;1;1;2
83447603;"14/03/16";"Segunda";"19:20:00";"MG";146;"470,5";"CABO VERDE";"Outras";"Saída de Pista";"Com Vítimas Feridas";"Plena noite";"Crescente";"Nublado";"Simples";"Reta";"Rural";1;0;1;0;0;0;1;1
83447604;"14/03/16";"Segunda";"18:20:00";"GO";60;"85,5";"ANAPOLIS";"Dormindo";"Saída de Pista";"Sem Vítimas";"Anoitecer";"Crescente";"Ceu Claro";"Dupla";"Reta";"Rural";1;0;0;0;1;0;0;1
83447605;"15/03/16";"Terça";"04:00:00";"MA";135;"84";"ITAPECURU MIRIM";"Falta de atenção";"Colisão traseira";"Sem Vítimas";"Plena noite";"Crescente";"Nublado";"Simples";"Reta";"Urbano";3;0;0;0;3;0;0;2
83447606;"09/03/16";"Quarta";"14:40:00";"RJ";393;"285";"VOLTA REDONDA";"Outras";"Colisão com bicicleta";"Com Vítimas Feridas";"Pleno dia";"Crescente";"Nublado";"Dupla";"Reta";"Urbano";2;0;1;0;1;0;1;2
83447607;"14/03/16";"Segunda";"22:15:00";"MG";40;"751,5";"SANTOS DUMONT";"Velocidade incompatível";"Saída de Pista";"Sem Vítimas";"Plena noite";"Decrescente";"Chuva";"Simples";"Curva";"Rural";1;0;0;0;1;0;0;1
83447608;"14/03/16";"Segunda";"22:05:00";"PR";376;"167,9";"MARINGA";"Outras";"Queda de motocicleta / bicicleta / veículo";"Com Vítimas Feridas";"Plena noite";"Crescente";"Ceu Claro";"Dupla";"Reta";"Rural";2;0;2;0;0;0;2;1
83447609;"14/03/16";"Segunda";"23:45:00";"SP";116;"1";"QUELUZ";"Outras";"Colisão traseira";"Sem Vítimas";"Plena noite";"Crescente";"Ceu Claro";"Dupla";"Reta";"Rural";2;0;0;0;2;0;0;2
83447610;"15/03/16";"Terça";"03:30:00";"MT";70;"287,2";"PRIMAVERA DO LESTE";"Ingestão de álcool";"Queda de motocicleta / bicicleta / veículo";"Sem Vítimas";"Plena noite";"Crescente";"Ceu Claro";"Simples";"Reta";"Rural";1;0;0;0;1;0;0;1
83447611;"14/03/16";"Segunda";"23:23:00";"GO";50;"282,7";"CATALAO";"Desobediência à sinalização";"Colisão Transversal";"Com Vítimas Feridas";"Plena noite";"Crescente";"Ceu Claro";"Simples";"Reta";"Urbano";3;0;1;0;2;0;1;2
83447612;"14/03/16";"Segunda";"16:10:00";"MG";381;"535,3";"ITATIAIUCU";"Velocidade incompatível";"Colisão com objeto fixo";"Com Vítimas Feridas";"Pleno dia";"Decrescente";"Chuva";"Dupla";"Reta";"Rural";2;0;2;0;0;0;2;1
83447613;"06/03/16";"Domingo";"16:30:00";"ES";101;"159,7";"LINHARES";"Outras";"Queda de motocicleta / bicicleta / veículo";"Com Vítimas Feridas";"Pleno dia";"Crescente";"Nublado";"Simples";"Reta";"Rural";1;0;0;1;0;0;1;1
83447614;"22/01/16";"Sexta";"20:40:00";"PB";230;"14,6";"CABEDELO";"Velocidade incompatível";"Colisão traseira";"Sem Vítimas";"Plena noite";"Decrescente";"Nublado";"Dupla";"Reta";"Urbano";3;0;0;0;3;0;0;3
83447615;"15/03/16";"Terça";"05:15:00";"MG";50;"193";"UBERABA";"Defeito mecânico em veículo";"Colisão com objeto fixo";"Sem Vítimas";"Amanhecer";"Crescente";"Ceu Claro";"Dupla";"Reta";"Rural";1;0;0;0;1;0;0;1
83447616;"12/03/16";"Sábado";"06:40:00";"TO";153;"134,1";"ARAGUAINA";"Ingestão de álcool";"Colisão traseira";"Com Vítimas Feridas";"Amanhecer";"Crescente";"Nublado";"Dupla";"Reta";"Urbano";2;0;0;1;0;1;1;2
83447617;"12/03/16";"Sábado";"05:10:00";"CE";222;"51,6";"SAO GONCALO DO AMARANTE";"Falta de atenção";"Colisão lateral";"Com Vítimas Fatais";"Amanhecer";"Decrescente";"Ceu Claro";"Simples";"Reta";"Rural";2;1;0;0;1;0;0;2
83447618;"15/03/16";"Terça";"06:00:00";"RS";285;"469";"IJUI";"Falta de atenção";"Colisão Transversal";"Com Vítimas Feridas";"Amanhecer";"Crescente";"Ceu Claro";"Simples";"Reta";"Rural";2;0;1;0;1;0;1;2
83447619;"14/03/16";"Segunda";"10:20:00";"BA";101;"659";"ITAPEBI";"Velocidade incompatível";"Tombamento";"Com Vítimas Feridas";"Pleno dia";"Crescente";"Ceu Claro";"Simples";"Curva";"Rural";1;0;1;0;0;0;1;1
83447620;"14/03/16";"Segunda";"20:15:00";"MS";262;"501,6";"ANASTACIO";"Ultrapassagem indevida";"Colisão traseira";"Com Vítimas Feridas";"Plena noite";"Decrescente";"Ceu Claro";"Simples";"Reta";"Rural";5;0;0;1;4;0;1;4
83447621;"15/03/16";"Terça";"04:45:00";"RS";290;"136,9";"ELDORADO DO SUL";"Outras";"Danos Eventuais";"Ignorado";"Amanhecer";"Crescente";"Ceu Claro";"Simples";"Reta";"Rural";1;0;0;0;0;1;0;1
83447622;"14/03/16";"Segunda";"20:45:00";"PR";369;"185";"ARAPONGAS";"Outras";"Colisão Transversal";"Com Vítimas Feridas";"Plena noite";"Crescente";"Ceu Claro";"Simples";"Reta";"Urbano";3;0;3;0;0;0;3;2
83447623;"12/03/16";"Sábado";"00:20:00";"DF";40;"6,5";"BRASILIA";"Outras";"Colisão com objeto fixo";"Sem Vítimas";"Plena noite";"Crescente";"Nublado";"Dupla";"Reta";"Urbano";1;0;0;0;1;0;0;1
83447625;"12/03/16";"Sábado";"04:50:00";"CE";222;"51";"SAO GONCALO DO AMARANTE";"Falta de atenção";"Queda de motocicleta / bicicleta / veículo";"Com Vítimas Feridas";"Amanhecer";"Crescente";"Ceu Claro";"Simples";"Curva";"Rural";1;0;0;1;0;0;1;1
83447626;"15/03/16";"Terça";"03:35:00";"PR";116;"17";"CURITIBA";"Velocidade incompatível";"Saída de Pista";"Com Vítimas Feridas";"Plena noite";"Crescente";"Chuva";"Dupla";"Reta";"Urbano";1;0;1;0;0;0;1;1
83447627;"14/03/16";"Segunda";"07:20:00";"PE";101;"58";"PAULISTA";"Defeito na via";"Colisão lateral";"Com Vítimas Feridas";"Pleno dia";"Crescente";"Sol";"Dupla";"Reta";"Urbano";2;0;1;0;1;0;1;2
83447628;"15/03/16";"Terça";"07:30:00";"PR";376;"638,6";"TIJUCAS DO SUL";"Velocidade incompatível";"Colisão traseira";"Com Vítimas Feridas";"Pleno dia";"Decrescente";"Nublado";"Dupla";"Reta";"Rural";4;0;0;1;3;0;1;3
83447629;"12/03/16";"Sábado";"07:35:00";"SC";101;"148";"ITAPEMA";"Falta de atenção";"Colisão traseira";"Com Vítimas Feridas";"Pleno dia";"Crescente";"Sol";"Simples";"Reta";"Urbano";3;0;1;0;2;0;1;2
83447630;"15/03/16";"Terça";"03:30:00";"MT";364;"139";"PEDRA PRETA";"Velocidade incompatível";"Saída de Pista";"Sem Vítimas";"Plena noite";"Crescente";"Chuva";"Simples";"Curva";"Rural";1;0;0;0;1;0;0;1
83447631;"11/03/16";"Sexta";"20:05:00";"BA";116;"444,6";"ANTONIO CARDOSO";"Dormindo";"Colisão com objeto fixo";"Sem Vítimas";"Plena noite";"Crescente";"Ceu Claro";"Dupla";"Reta";"Rural";1;0;0;0;1;0;0;1
83447632;"15/03/16";"Terça";"03:00:00";"PR";487;"140";"TUNEIRAS DO OESTE";"Velocidade incompatível";"Colisão com objeto fixo";"Com Vítimas Feridas";"Plena noite";"Decrescente";"Ceu Claro";"Simples";"Reta";"Rural";1;0;0;1;0;0;1;1
83447633;"06/03/16";"Domingo";"04:15:00";"PR";277;"299";"PRUDENTOPOLIS";"Ingestão de álcool";"Saída de Pista";"Com Vítimas Fatais";"Plena noite";"Crescente";"Ignorada";"Dupla";"Reta";"Rural";1;1;0;0;0;0;0;1
83447634;"08/03/16";"Terça";"19:00:00";"MT";70;"132";"GENERAL CARNEIRO";"Velocidade incompatível";"Saída de Pista";"Com Vítimas Feridas";"Anoitecer";"Decrescente";"Nublado";"Simples";"Reta";"Rural";2;0;0;1;1;0;1;1
83447635;"20/02/16";"Sábado";"03:30:00";"RS";290;"203,8";"RIO PARDO";"Dormindo";"Saída de Pista";"Com Vítimas Fatais";"Plena noite";"Crescente";"Ceu Claro";"Simples";"Curva";"Rural";6;4;1;1;0;0;2;1
83447636;"11/03/16";"Sexta";"16:00:00";"MG";40;"729";"OLIVEIRA FORTES";"Outras";"Saída de Pista";"Ignorado";"Pleno dia";"Crescente";"Chuva";"Dupla";"Curva";"Rural";1;0;0;0;0;1;0;1
83447637;"15/03/16";"Terça";"00:20:00";"MT";163;"541";"DIAMANTINO";"Velocidade incompatível";"Capotamento";"Com Vítimas Feridas";"Plena noite";"Crescente";"Chuva";"Simples";"Curva";"Rural";1;0;1;0;0;0;1;1
83447638;"14/03/16";"Segunda";"03:50:00";"MG";262;"402,3";"PARA DE MINAS";"Outras";"Saída de Pista";"Com Vítimas Feridas";"Plena noite";"Crescente";"Nublado";"Dupla";"Curva";"Rural";1;0;1;0;0;0;1;1
83447639;"12/03/16";"Sábado";"07:30:00";"MG";40;"528";"CONTAGEM";"Outras";"Queda de motocicleta / bicicleta / veículo";"Com Vítimas Feridas";"Pleno dia";"Crescente";"Ignorada";"Dupla";"Reta";"Urbano";1;0;1;0;0;0;1;1
83447640;"12/03/16";"Sábado";"06:50:00";"RS";293;"42,5";"CERRITO";"Dormindo";"Colisão frontal";"Com Vítimas Feridas";"Amanhecer";"Crescente";"Nublado";"Simples";"Reta";"Rural";2;0;1;0;1;0;1;2
83447641;"06/01/16";"Quarta";"17:55:00";"RS";470;"331,8";"TRIUNFO";"Velocidade incompatível";"Saída de Pista";"Com Vítimas Feridas";"Pleno dia";"Crescente";"Nublado";"Simples";"Reta";"Rural";3;0;0;3;0;0;3;1
83447642;"14/03/16";"Segunda";"12:20:00";"SP";116;"223,2";"GUARULHOS";"Falta de atenção";"Colisão traseira";"Sem Vítimas";"Pleno dia";"Crescente";"Ceu Claro";"Múltipla";"Reta";"Urbano";4;0;0;0;3;1;0;4
83447643;"11/03/16";"Sexta";"20:00:00";"MG";381;"854";"POUSO ALEGRE";"Velocidade incompatível";"Saída de Pista";"Sem Vítimas";"Plena noite";"Crescente";"Chuva";"Dupla";"Reta";"Rural";1;0;0;0;1;0;0;1
83447644;"11/03/16";"Sexta";"21:50:00";"RJ";101;"40";"CAMPOS DOS GOYTACAZES";"Falta de atenção";"Colisão com objeto fixo";"Sem Vítimas";"Plena noite";"Decrescente";"Ceu Claro";"Dupla";"Reta";"Rural";1;0;0;0;1;0;0;1
83447645;"15/03/16";"Terça";"07:10:00";"PR";158;"504,5";"PATO BRANCO";"Velocidade incompatível";"Colisão traseira";"Com Vítimas Feridas";"Pleno dia";"Crescente";"Ceu Claro";"Simples";"Curva";"Rural";2;0;0;1;1;0;1;2
83447646;"12/03/16";"Sábado";"15:50:00";"MG";381;"783,8";"SAO GONCALO DO SAPUCAI";"Velocidade incompatível";"Capotamento";"Sem Vítimas";"Pleno dia";"Decrescente";"Chuva";"Dupla";"Curva";"Rural";1;0;0;0;1;0;0;1
83447647;"12/03/16";"Sábado";"21:30:00";"RS";392;"1";"CAPAO DO LEAO";"Outras";"Queda de motocicleta / bicicleta / veículo";"Com Vítimas Feridas";"Plena noite";"Crescente";"Ceu Claro";"Simples";"Reta";"Rural";4;0;1;0;3;0;1;3
83447648;"15/03/16";"Terça";"07:25:00";"RS";116;"231,5";"IVOTI";"Falta de atenção";"Colisão lateral";"Sem Vítimas";"Pleno dia";"Crescente";"Sol";"Simples";"Curva";"Urbano";2;0;0;0;2;0;0;2
83447649;"11/03/16";"Sexta";"15:20:00";"MG";116;"548,4";"SANTA BARBARA DO LESTE";"Outras";"Saída de Pista";"Com Vítimas Feridas";"Pleno dia";"Decrescente";"Nublado";"Simples";"Curva";"Rural";1;0;0;1;0;0;1;1
83447650;"14/03/16";"Segunda";"05:50:00";"BA";116;"901,2";"CANDIDO SALES";"Falta de atenção";"Colisão traseira";"Sem Vítimas";"Pleno dia";"Decrescente";"Ceu Claro";"Simples";"Reta";"Rural";2;0;0;0;2;0;0;2
83447651;"15/03/16";"Terça";"06:30:00";"MS";262;"657";"MIRANDA";"Defeito mecânico em veículo";"Saída de Pista";"Sem Vítimas";"Amanhecer";"Crescente";"Ceu Claro";"Simples";"Reta";"Rural";2;0;0;0;2;0;0;1
83447652;"12/03/16";"Sábado";"05:30:00";"SP";116;"145";"SAO JOSE DOS CAMPOS";"Ingestão de álcool";"Capotamento";"Sem Vítimas";"Amanhecer";"Crescente";"Ceu Claro";"Múltipla";"Reta";"Urbano";2;0;0;0;2;0;0;1
83447653;"11/03/16";"Sexta";"03:00:00";"MG";365;"1,2";"MONTES CLAROS";"Ingestão de álcool";"Saída de Pista";"Com Vítimas Feridas";"Plena noite";"Decrescente";"Chuva";"Simples";"Reta";"Urbano";2;0;0;1;1;0;1;1
83447654;"14/03/16";"Segunda";"14:52:00";"PR";373;"191,8";"PONTA GROSSA";"Outras";"Colisão lateral";"Com Vítimas Feridas";"Pleno dia";"Decrescente";"Ceu Claro";"Simples";"Reta";"Rural";2;0;1;0;1;0;1;2
83447655;"15/03/16";"Terça";"06:55:00";"RS";470;"207,2";"BENTO GONCALVES";"Falta de atenção";"Colisão lateral";"Sem Vítimas";"Pleno dia";"Decrescente";"Ceu Claro";"Simples";"Curva";"Urbano";2;0;0;0;2;0;0;2
83447656;"14/03/16";"Segunda";"05:30:00";"MG";381;"370";"SAO GONCALO DO RIO ABAIXO";"Outras";"Colisão lateral";"Com Vítimas Feridas";"Amanhecer";"Decrescente";"Chuva";"Simples";"Curva";"Rural";3;0;2;0;1;0;2;2
83447657;"07/03/16";"Segunda";"19:43:00";"PR";277;"724";"FOZ DO IGUACU";"Falta de atenção";"Colisão com bicicleta";"Com Vítimas Feridas";"Plena noite";"Decrescente";"Ceu Claro";"Dupla";"Reta";"Urbano";3;0;2;1;0;0;3;2
83447658;"15/03/16";"Terça";"08:00:00";"MS";262;"13,1";"TRES LAGOAS";"Falta de atenção";"Colisão traseira";"Com Vítimas Feridas";"Pleno dia";"Crescente";"Ceu Claro";"Simples";"Reta";"Rural";2;0;1;0;1;0;1;2