"id";"data_inversa";"dia_semana";"horario";"uf";"br";"km";"municipio";"causa_acidente";"tipo_acidente";"classificacao_acidente";"fase_dia";"sentido_via";"condicao_metereologica";"tipo_pista";"tracado_via";"uso_solo";"pessoas";"mortos";"feridos_leves";"feridos_graves";"ilesos";"ignorados";"feridos";"veiculos"
83447780;"15/03/16";"Terça";"15:00:00";"PR";376;"619";"SAO JOSE DOS PINHAIS";"Outras";"Colisão traseira";"Com Vítimas Feridas";"Pleno dia";"Decrescente";"Nublado";"Dupla";"Reta";"Urbano";3;0;1;0;2;0;1;2
83447781;"15/03/16";"Terça";"10:00:00";"ES";101;"396,4";"RIO NOVO DO SUL";"Outras";"Saída de Pista";"Com Vítimas Feridas";"Pleno dia";"Crescente";"Ceu Claro";"Simples";"Curva";"Rural";1;0;1;0;0;0;1;1
83447782;"15/03/16";"Terça";"14:30:00";"RS";285;"486";"ENTRE IJUIS";"Velocidade incompatível";"Saída de Pista";"Sem Vítimas";"Pleno dia";"Decrescente";"Ceu Claro";"Simples";"Reta";"Rural";4;0;0;0;4;0;0;1
83447783;"28/02/16";"Domingo";"17:30:00";"RS";290;"77";"GRAVATAI";"Dormindo";"Saída de Pista";"Com Vítimas Feridas";"Pleno dia";"Crescente";"Ceu Claro";"Dupla";"Curva";"Rural";1;0;1;0;0;0;1;1
83447784;"15/03/16";"Terça";"13:00:00";"PE";232;"34,1";"MORENO";"Ultrapassagem indevida";"Colisão com objeto fixo";"Com Vítimas Feridas";"Pleno dia";"Crescente";"Sol";"Dupla";"Reta";"Urbano";2;0;1;0;1;0;1;1
83447785;"15/03/16";"Terça";"14:30:00";"BA";116;"423";"FEIRA DE SANTANA";"Falta de atenção";"Colisão lateral";"Com Vítimas Feridas";"Pleno dia";"Decrescente";"Ceu Claro";"Simples";"Reta";"Urbano";2;0;1;0;1;0;1;2
83447786;"15/03/16";"Terça";"15:20:00";"PE";110;"127";"IBIMIRIM";"Velocidade incompatível";"Colisão com objeto fixo";"Ignorado";"Pleno dia";"Decrescente";"Nublado";"Simples";"Reta";"Urbano";1;0;0;0;0;1;0;1
83447787;"15/03/16";"Terça";"13:50:00";"RJ";393;"185";"PARAIBA DO SUL";"Ultrapassagem indevida";"Colisão Transversal";"Com Vítimas Feridas";"Pleno dia";"Crescente";"Ceu Claro";"Simples";"Reta";"Rural";7;0;1;1;5;0;2;2
83447789;"15/03/16";"Terça";"15:30:00";"RS";285;"318,9";"PASSO FUNDO";"Não guardar distância de segurança";"Colisão traseira";"Sem Vítimas";"Pleno dia";"Crescente";"Ceu Claro";"Simples";"Reta";"Rural";5;0;0;0;5;0;0;3
83447790;"15/03/16";"Terça";"14:50:00";"MA";135;"69,2";"SANTA RITA";"Não guardar distância de segurança";"Colisão traseira";"Sem Vítimas";"Pleno dia";"Crescente";"Chuva";"Simples";"Reta";"Urbano";5;0;0;0;5;0;0;5
83447791;"12/03/16";"Sábado";"01:00:00";"RJ";101;"328";"NITEROI";"Ingestão de álcool";"Capotamento";"Sem Vítimas";"Plena noite";"Decrescente";"Ceu Claro";"Dupla";"Reta";"Urbano";3;0;0;0;3;0;0;3
83447793;"03/03/16";"Quinta";"14:00:00";"SC";101;"206";"SAO JOSE";"Outras";"Queda de motocicleta / bicicleta / veículo";"Com Vítimas Feridas";"Pleno dia";"Decrescente";"Ceu Claro";"Dupla";"Reta";"Urbano";4;0;3;0;0;1;3;3
83447794;"12/03/16";"Sábado";"06:15:00";"PR";277;"602,2";"SANTA TEREZA DO OESTE";"Outras";"Saída de Pista";"Ignorado";"Pleno dia";"Decrescente";"Ceu Claro";"Dupla";"Reta";"Rural";1;0;0;0;0;1;0;1
83447795;"11/03/16";"Sexta";"14:10:00";"SP";381;"45";"ATIBAIA";"Outras";"Capotamento";"Com Vítimas Feridas";"Pleno dia";"Crescente";"Chuva";"Dupla";"Reta";"Urbano";2;0;1;0;1;0;1;1
83447796;"12/03/16";"Sábado";"05:30:00";"SP";116;"145";"SAO JOSE DOS CAMPOS";"Ingestão de álcool";"Colisão traseira";"Com Vítimas Feridas";"Amanhecer";"Decrescente";"Nublado";"Dupla";"Reta";"Rural";3;0;1;0;2;0;1;2
83447797;"15/03/16";"Terça";"08:45:00";"PR";277;"110";"CAMPO LARGO";"Outras";"Capotamento";"Sem Vítimas";"Pleno dia";"Crescente";"Ceu Claro";"Dupla";"Reta";"Rural";3;0;0;0;3;0;0;1
83447798;"15/03/16";"Terça";"13:15:00";"SP";116;"227";"GUARULHOS";"Falta de atenção";"Queda de motocicleta / bicicleta / veículo";"Com Vítimas Feridas";"Pleno dia";"Decrescente";"Ceu Claro";"Múltipla";"Reta";"Urbano";2;0;1;0;1;0;1;1
83447799;"15/03/16";"Terça";"10:30:00";"MG";40;"565";"NOVA LIMA";"Não guardar distância de segurança";"Colisão traseira";"Sem Vítimas";"Pleno dia";"Crescente";"Ceu Claro";"Simples";"Reta";"Rural";2;0;0;0;2;0;0;2
83447800;"15/03/16";"Terça";"16:50:00";"RS";285;"124,6";"VACARIA";"Outras";"Colisão frontal";"Com Vítimas Feridas";"Pleno dia";"Crescente";"Sol";"Simples";"Reta";"Urbano";2;0;0;1;1;0;1;2
83447801;"15/03/16";"Terça";"17:20:00";"RN";427;"101,7";"CAICO";"Outras";"Colisão Transversal";"Com Vítimas Feridas";"Pleno dia";"Decrescente";"Ceu Claro";"Simples";"Curva";"Urbano";2;0;1;0;1;0;1;2
83447802;"15/03/16";"Terça";"17:25:00";"RJ";116;"229";"PIRAI";"Outras";"Colisão lateral";"Sem Vítimas";"Pleno dia";"Decrescente";"Chuva";"Dupla";"Curva";"Urbano";2;0;0;0;2;0;0;2
83447803;"15/03/16";"Terça";"16:00:00";"PE";101;"42";"IGARASSU";"Outras";"Colisão traseira";"Com Vítimas Feridas";"Pleno dia";"Decrescente";"Chuva";"Dupla";"Reta";"Urbano";3;0;1;0;2;0;1;2
83447804;"15/03/16";"Terça";"18:10:00";"RN";110;"49,9";"MOSSORO";"Não guardar distância de segurança";"Colisão traseira";"Com Vítimas Feridas";"Plena noite";"Crescente";"Ceu Claro";"Dupla";"Reta";"Urbano";2;0;1;0;1;0;1;2
83447805;"15/03/16";"Terça";"16:00:00";"MA";316;"531";"CAXIAS";"Velocidade incompatível";"Capotamento";"Sem Vítimas";"Pleno dia";"Decrescente";"Chuva";"Simples";"Reta";"Rural";2;0;0;0;2;0;0;1
83447806;"15/03/16";"Terça";"17:00:00";"SC";101;"216,3";"PALHOCA";"Desobediência à sinalização";"Colisão Transversal";"Com Vítimas Feridas";"Pleno dia";"Decrescente";"Ceu Claro";"Múltipla";"Cruzamento";"Urbano";2;0;1;0;1;0;1;2
83447807;"15/03/16";"Terça";"12:15:00";"SP";116;"223";"GUARULHOS";"Velocidade incompatível";"Colisão traseira";"Sem Vítimas";"Pleno dia";"Decrescente";"Ceu Claro";"Múltipla";"Reta";"Urbano";2;0;0;0;2;0;0;2
83447809;"15/03/16";"Terça";"14:00:00";"PR";277;"593";"CASCAVEL";"Outras";"Queda de motocicleta / bicicleta / veículo";"Com Vítimas Feridas";"Pleno dia";"Decrescente";"Ceu Claro";"Simples";"Reta";"Urbano";1;0;1;0;0;0;1;1
83447810;"03/01/16";"Domingo";"11:30:00";"MG";381;"744";"TRES CORACOES";"Velocidade incompatível";"Queda de motocicleta / bicicleta / veículo";"Com Vítimas Feridas";"Pleno dia";"Crescente";"Ceu Claro";"Dupla";"Curva";"Rural";2;0;1;0;1;0;1;1
83447811;"12/03/16";"Sábado";"06:57:00";"MG";365;"741,9";"ITUIUTABA";"Defeito na via";"Saída de Pista";"Com Vítimas Feridas";"Amanhecer";"Crescente";"Chuva";"Simples";"Reta";"Rural";1;0;1;0;0;0;1;1
83447812;"13/03/16";"Domingo";"04:00:00";"MT";163;"691";"LUCAS DO RIO VERDE";"Outras";"Saída de Pista";"Com Vítimas Feridas";"Amanhecer";"Decrescente";"Ignorada";"Simples";"Reta";"Rural";1;0;1;0;0;0;1;1
83447814;"15/03/16";"Terça";"17:20:00";"MG";116;"19,1";"CACHOEIRA DE PAJEU";"Outras";"Tombamento";"Sem Vítimas";"Pleno dia";"Crescente";"Chuva";"Simples";"Curva";"Rural";1;0;0;0;1;0;0;1
83447815;"15/03/16";"Terça";"18:20:00";"PR";163;"86";"CAPANEMA";"Falta de atenção";"Colisão Transversal";"Com Vítimas Feridas";"Anoitecer";"Crescente";"Nublado";"Simples";"Reta";"Rural";2;0;0;1;1;0;1;2
83447816;"15/03/16";"Terça";"18:15:00";"PR";163;"251";"TOLEDO";"Velocidade incompatível";"Saída de Pista";"Com Vítimas Feridas";"Pleno dia";"Decrescente";"Sol";"Simples";"Cruzamento";"Rural";2;0;1;0;1;0;1;1
83447817;"15/03/16";"Terça";"13:00:00";"SP";116;"223";"GUARULHOS";"Velocidade incompatível";"Colisão traseira";"Com Vítimas Feridas";"Pleno dia";"Decrescente";"Ceu Claro";"Múltipla";"Reta";"Urbano";2;0;0;1;1;0;1;2
83447818;"15/03/16";"Terça";"13:25:00";"TO";153;"141,2";"ARAGUAINA";"Velocidade incompatível";"Colisão traseira";"Com Vítimas Feridas";"Pleno dia";"Crescente";"Chuva";"Dupla";"Cruzamento";"Urbano";3;0;2;0;1;0;2;2
83447819;"13/03/16";"Domingo";"20:20:00";"RR";174;"512";"BOA VISTA";"Ingestão de álcool";"Queda de motocicleta / bicicleta / veículo";"Com Vítimas Feridas";"Plena noite";"Decrescente";"Ceu Claro";"Simples";"Reta";"Rural";2;0;1;0;0;1;1;1
83447820;"15/03/16";"Terça";"13:30:00";"PR";277;"124,5";"BALSA NOVA";"Falta de atenção";"Colisão traseira";"Sem Vítimas";"Pleno dia";"Decrescente";"Ceu Claro";"Dupla";"Reta";"Rural";2;0;0;0;2;0;0;2
83447821;"15/03/16";"Terça";"17:30:00";"PI";230;"287,8";"FLORIANO";"Outras";"Colisão com bicicleta";"Com Vítimas Feridas";"Anoitecer";"Crescente";"Ceu Claro";"Simples";"Reta";"Rural";2;0;0;1;1;0;1;2
83447822;"15/03/16";"Terça";"16:00:00";"RJ";101;"495";"ANGRA DOS REIS";"Ultrapassagem indevida";"Saída de Pista";"Com Vítimas Feridas";"Pleno dia";"Crescente";"Nublado";"Simples";"Curva";"Urbano";2;0;2;0;0;0;2;1
83447823;"13/03/16";"Domingo";"12:20:00";"SP";381;"60,8";"MAIRIPORA";"Falta de atenção";"Queda de motocicleta / bicicleta / veículo";"Sem Vítimas";"Pleno dia";"Crescente";"Sol";"Dupla";"Curva";"Rural";1;0;0;0;1;0;0;1
83447824;"15/03/16";"Terça";"18:10:00";"RS";470;"204,6";"BENTO GONCALVES";"Defeito na via";"Queda de motocicleta / bicicleta / veículo";"Com Vítimas Feridas";"Anoitecer";"Decrescente";"Ceu Claro";"Simples";"Curva";"Rural";1;0;1;0;0;0;1;1
83447825;"15/03/16";"Terça";"15:18:00";"RS";290;"430,3";"SAO GABRIEL";"Ultrapassagem indevida";"Colisão Transversal";"Com Vítimas Feridas";"Pleno dia";"Decrescente";"Ceu Claro";"Simples";"Reta";"Rural";9;0;1;2;6;0;3;3
83447826;"15/03/16";"Terça";"15:30:00";"GO";60;"468";"JATAI";"Dormindo";"Tombamento";"Sem Vítimas";"Pleno dia";"Crescente";"Nublado";"Dupla";"Reta";"Rural";1;0;0;0;1;0;0;1
83447827;"15/03/16";"Terça";"15:35:00";"MG";40;"735";"SANTOS DUMONT";"Defeito mecânico em veículo";"Colisão frontal";"Com Vítimas Feridas";"Pleno dia";"Decrescente";"Nublado";"Simples";"Curva";"Rural";2;0;1;0;1;0;1;2
83447828;"11/03/16";"Sexta";"19:40:00";"MG";459;"20,1";"CALDAS";"Ingestão de álcool";"Colisão frontal";"Sem Vítimas";"Plena noite";"Crescente";"Nublado";"Simples";"Reta";"Rural";2;0;0;0;2;0;0;2
83447829;"15/03/16";"Terça";"14:00:00";"BA";101;"13";"RIO REAL";"Outras";"Tombamento";"Ignorado";"Pleno dia";"Crescente";"Ceu Claro";"Simples";"Reta";"Rural";1;0;0;0;0;1;0;1
83447830;"15/03/16";"Terça";"17:30:00";"PR";277;"726,2";"FOZ DO IGUACU";"Desobediência à sinalização";"Colisão Transversal";"Com Vítimas Feridas";"Pleno dia";"Decrescente";"Ceu Claro";"Dupla";"Cruzamento";"Urbano";2;0;1;0;0;1;1;2
83447831;"11/03/16";"Sexta";"05:10:00";"SP";116;"63";"GUARATINGUETA";"Outras";"Colisão com objeto móvel";"Sem Vítimas";"Amanhecer";"Crescente";"Chuva";"Dupla";"Reta";"Urbano";1;0;0;0;1;0;0;1
83447832;"15/03/16";"Terça";"13:20:00";"MS";262;"5";"TRES LAGOAS";"Não guardar distância de segurança";"Colisão traseira";"Com Vítimas Feridas";"Pleno dia";"Decrescente";"Ceu Claro";"Dupla";"Reta";"Urbano";2;0;1;0;1;0;1;2
83447833;"15/03/16";"Terça";"17:00:00";"MA";135;"82";"ITAPECURU MIRIM";"Defeito na via";"Saída de Pista";"Sem Vítimas";"Pleno dia";"Crescente";"Nublado";"Simples";"Reta";"Rural";1;0;0;0;1;0;0;1
83447834;"15/03/16";"Terça";"17:20:00";"PR";476;"127";"CURITIBA";"Não guardar distância de segurança";"Colisão lateral";"Com Vítimas Feridas";"Anoitecer";"Crescente";"Nublado";"Dupla";"Reta";"Urbano";2;0;1;0;1;0;1;2
83447835;"15/03/16";"Terça";"20:10:00";"SC";101;"208,5";"SAO JOSE";"Outras";"Colisão traseira";"Ignorado";"Plena noite";"Crescente";"Ceu Claro";"Dupla";"Reta";"Urbano";2;0;0;0;0;2;0;2
83447836;"15/03/16";"Terça";"19:30:00";"RJ";101;"462";"ANGRA DOS REIS";"Velocidade incompatível";"Colisão frontal";"Com Vítimas Feridas";"Plena noite";"Decrescente";"Ceu Claro";"Simples";"Curva";"Rural";2;0;0;1;1;0;1;2
83447837;"15/03/16";"Terça";"12:10:00";"MT";70;"695,3";"CACERES";"Velocidade incompatível";"Colisão frontal";"Com Vítimas Fatais";"Pleno dia";"Crescente";"Chuva";"Simples";"Curva";"Rural";3;2;0;0;1;0;0;2
83447838;"12/03/16";"Sábado";"02:20:00";"PR";376;"509";"PONTA GROSSA";"Falta de atenção";"Colisão traseira";"Sem Vítimas";"Plena noite";"Crescente";"Ignorada";"Dupla";"Reta";"Rural";2;0;0;0;2;0;0;2
83447839;"12/03/16";"Sábado";"13:20:00";"GO";414;"357";"COCALZINHO DE GOIAS";"Ultrapassagem indevida";"Colisão frontal";"Com Vítimas Fatais";"Pleno dia";"Crescente";"Chuva";"Simples";"Curva";"Rural";8;1;6;1;0;0;7;2
83447840;"15/03/16";"Terça";"17:50:00";"MA";10;"250";"IMPERATRIZ";"Falta de atenção";"Colisão traseira";"Sem Vítimas";"Anoitecer";"Decrescente";"Nublado";"Simples";"Reta";"Urbano";4;0;0;0;4;0;0;2
83447841;"15/03/16";"Terça";"17:18:00";"RS";116;"511";"PELOTAS";"Outras";"Derramamento de Carga";"Sem Vítimas";"Pleno dia";"Crescente";"Sol";"Simples";"Reta";"Urbano";1;0;0;0;1;0;0;1
83447842;"15/03/16";"Terça";"15:20:00";"TO";153;"330,5";"GUARAI";"Ingestão de álcool";"Colisão traseira";"Sem Vítimas";"Pleno dia";"Crescente";"Nublado";"Dupla";"Reta";"Urbano";2;0;0;0;2;0;0;2
83447843;"15/03/16";"Terça";"18:45:00";"RS";290;"70";"GRAVATAI";"Desobediência à sinalização";"Colisão Transversal";"Com Vítimas Feridas";"Anoitecer";"Crescente";"Ceu Claro";"Dupla";"Reta";"Urbano";3;0;2;0;1;0;2;2
83447844;"13/03/16";"Domingo";"14:45:00";"MG";381;"403,8";"BOM JESUS DO AMPARO";"Velocidade incompatível";"Capotamento";"Com Vítimas Feridas";"Pleno dia";"Crescente";"Ceu Claro";"Simples";"Curva";"Rural";1;0;1;0;0;0;1;1
83447845;"15/03/16";"Terça";"19:45:00";"RS";293;"342";"SANTANA DO LIVRAMENTO";"Outras";"Saída de Pista";"Ignorado";"Plena noite";"Decrescente";"Ceu Claro";"Simples";"Reta";"Rural";1;0;0;0;0;1;0;1
83447846;"15/03/16";"Terça";"16:30:00";"MG";40;"607,2";"CONGONHAS";"Falta de atenção";"Queda de motocicleta / bicicleta / veículo";"Com Vítimas Feridas";"Pleno dia";"Decrescente";"Ceu Claro";"Simples";"Reta";"Rural";1;0;1;0;0;0;1;1
83447847;"15/03/16";"Terça";"11:50:00";"GO";153;"657,7";"GOIATUBA";"Outras";"Capotamento";"Com Vítimas Feridas";"Pleno dia";"Crescente";"Ceu Claro";"Dupla";"Reta";"Rural";2;0;1;0;1;0;1;2
83447848;"15/03/16";"Terça";"19:30:00";"PE";232;"127";"CARUARU";"Outras";"Colisão Transversal";"Com Vítimas Feridas";"Plena noite";"Crescente";"Chuva";"Dupla";"Curva";"Urbano";2;0;1;0;1;0;1;2
83447849;"15/03/16";"Terça";"17:40:00";"TO";153;"501,5";"PARAISO DO TOCANTINS";"Ingestão de álcool";"Colisão traseira";"Sem Vítimas";"Pleno dia";"Decrescente";"Nublado";"Simples";"Reta";"Rural";2;0;0;0;2;0;0;2
83447850;"10/03/16";"Quinta";"09:35:00";"BA";101;"683,4";"ITAGIMIRIM";"Falta de atenção";"Colisão traseira";"Sem Vítimas";"Pleno dia";"Decrescente";"Sol";"Simples";"Reta";"Rural";4;0;0;0;3;1;0;2
83447851;"15/03/16";"Terça";"19:15:00";"DF";40;"4";"BRASILIA";"Outras";"Colisão Transversal";"Com Vítimas Feridas";"Plena noite";"Crescente";"Ceu Claro";"Dupla";"Reta";"Urbano";2;0;1;0;1;0;1;2
83447852;"15/03/16";"Terça";"19:14:00";"SP";153;"58,8";"SAO JOSE DO RIO PRETO";"Desobediência à sinalização";"Colisão Transversal";"Com Vítimas Feridas";"Plena noite";"Decrescente";"Nublado";"Simples";"Cruzamento";"Urbano";2;0;0;1;1;0;1;2
83447853;"15/03/16";"Terça";"17:17:00";"RR";174;"505";"BOA VISTA";"Outras";"Queda de motocicleta / bicicleta / veículo";"Com Vítimas Feridas";"Pleno dia";"Crescente";"Ceu Claro";"Dupla";"Reta";"Urbano";1;0;1;0;0;0;1;1
83447854;"01/01/16";"Sexta";"00:40:00";"RS";392;"26,4";"RIO GRANDE";"Falta de atenção";"Capotamento";"Sem Vítimas";"Plena noite";"Decrescente";"Ceu Claro";"Simples";"Curva";"Urbano";4;0;0;0;4;0;0;1
83447855;"15/03/16";"Terça";"17:40:00";"GO";364;"313";"MINEIROS";"Outras";"Saída de Pista";"Sem Vítimas";"Anoitecer";"Decrescente";"Chuva";"Simples";"Reta";"Rural";1;0;0;0;1;0;0;1
83447856;"15/03/16";"Terça";"10:00:00";"PR";373;"229,7";"IMBITUVA";"Falta de atenção";"Colisão lateral";"Sem Vítimas";"Pleno dia";"Crescente";"Sol";"Simples";"Reta";"Rural";2;0;0;0;2;0;0;2
83447857;"15/03/16";"Terça";"21:30:00";"MA";222;"674";"ACAILANDIA";"Outras";"Colisão lateral";"Sem Vítimas";"Plena noite";"Crescente";"Ceu Claro";"Simples";"Reta";"Rural";2;0;0;0;2;0;0;2
83447859;"15/03/16";"Terça";"19:00:00";"MS";163;"269";"DOURADOS";"Falta de atenção";"Colisão com bicicleta";"Com Vítimas Feridas";"Plena noite";"Crescente";"Ceu Claro";"Dupla";"Reta";"Rural";3;0;3;0;0;0;3;3
83447860;"03/03/16";"Quinta";"19:00:00";"MG";116;"410,7";"GOVERNADOR VALADARES";"Animais na Pista";"Atropelamento de animal";"Sem Vítimas";"Plena noite";"Decrescente";"Ceu Claro";"Dupla";"Reta";"Urbano";1;0;0;0;1;0;0;1
83447861;"15/03/16";"Terça";"23:00:00";"MG";381;"498";"BETIM";"Outras";"Danos Eventuais";"Com Vítimas Feridas";"Plena noite";"Crescente";"Ceu Claro";"Dupla";"Reta";"Urbano";2;0;1;0;0;1;1;1
83447862;"15/03/16";"Terça";"19:30:00";"PR";277;"266,6";"IRATI";"Animais na Pista";"Capotamento";"Com Vítimas Feridas";"Plena noite";"Crescente";"Ceu Claro";"Simples";"Curva";"Rural";1;0;1;0;0;0;1;1
83447863;"15/03/16";"Terça";"19:40:00";"SC";470;"67,6";"INDAIAL";"Defeito mecânico em veículo";"Capotamento";"Com Vítimas Feridas";"Plena noite";"Crescente";"Ceu Claro";"Simples";"Reta";"Urbano";6;0;0;6;0;0;6;1
83447864;"15/03/16";"Terça";"22:20:00";"GO";60;"183";"ABADIA DE GOIAS";"Outras";"Colisão traseira";"Sem Vítimas";"Plena noite";"Crescente";"Ceu Claro";"Dupla";"Reta";"Rural";2;0;0;0;2;0;0;2
83447865;"15/03/16";"Terça";"20:00:00";"SC";101;"5";"GARUVA";"Falta de atenção";"Queda de motocicleta / bicicleta / veículo";"Com Vítimas Feridas";"Plena noite";"Decrescente";"Nublado";"Dupla";"Curva";"Urbano";1;0;1;0;0;0;1;1
83447866;"15/03/16";"Terça";"16:50:00";"TO";153;"391";"RIO DOS BOIS";"Velocidade incompatível";"Saída de Pista";"Com Vítimas Feridas";"Pleno dia";"Decrescente";"Ceu Claro";"Simples";"Reta";"Rural";1;0;0;1;0;0;1;1
83447867;"15/03/16";"Terça";"20:35:00";"PR";277;"707,6";"SANTA TEREZINHA DE ITAIPU";"Animais na Pista";"Saída de Pista";"Com Vítimas Feridas";"Plena noite";"Decrescente";"Ceu Claro";"Dupla";"Reta";"Urbano";1;0;1;0;0;0;1;1
83447868;"15/03/16";"Terça";"20:00:00";"PE";101;"193,2";"PALMARES";"Defeito na via";"Colisão frontal";"Com Vítimas Fatais";"Plena noite";"Crescente";"Ignorada";"Simples";"Reta";"Rural";2;2;0;0;0;0;0;2
83447869;"15/03/16";"Terça";"11:30:00";"SC";101;"148";"ITAPEMA";"Falta de atenção";"Queda de motocicleta / bicicleta / veículo";"Com Vítimas Feridas";"Plena noite";"Decrescente";"Ceu Claro";"Dupla";"Reta";"Urbano";1;0;1;0;0;0;1;1
83447870;"15/03/16";"Terça";"22:25:00";"SC";101;"113";"ITAJAI";"Velocidade incompatível";"Colisão traseira";"Com Vítimas Feridas";"Plena noite";"Decrescente";"Nublado";"Dupla";"Reta";"Rural";3;0;0;1;2;0;1;3
83447871;"15/03/16";"Terça";"17:05:00";"PB";101;"51,1";"RIO TINTO";"Velocidade incompatível";"Saída de Pista";"Com Vítimas Feridas";"Anoitecer";"Crescente";"Chuva";"Dupla";"Reta";"Rural";1;0;1;0;0;0;1;1
83447872;"15/03/16";"Terça";"19:40:00";"MT";163;"937";"ITAUBA";"Ultrapassagem indevida";"Colisão frontal";"Com Vítimas Feridas";"Plena noite";"Decrescente";"Nublado";"Simples";"Reta";"Rural";4;0;2;1;1;0;3;3
83447873;"11/03/16";"Sexta";"14:30:00";"CE";20;"421,1";"MARACANAU";"Desobediência à sinalização";"Colisão frontal";"Com Vítimas Feridas";"Pleno dia";"Decrescente";"Ceu Claro";"Simples";"Reta";"Rural";2;0;0;2;0;0;2;2
83447874;"15/03/16";"Terça";"17:30:00";"RO";364;"238,2";"CACOAL";"Falta de atenção";"Colisão Transversal";"Sem Vítimas";"Pleno dia";"Crescente";"Chuva";"Simples";"Reta";"Urbano";3;0;0;0;3;0;0;2
83447875;"15/03/16";"Terça";"19:45:00";"MG";262;"46,3";"MANHUACU";"Velocidade incompatível";"Colisão frontal";"Com Vítimas Fatais";"Plena noite";"Crescente";"Nublado";"Simples";"Curva";"Rural";2;1;1;0;0;0;1;2
83447876;"11/03/16";"Sexta";"16:55:00";"GO";40;"42,7";"LUZIANIA";"Outras";"Capotamento";"Sem Vítimas";"Pleno dia";"Decrescente";"Chuva";"Simples";"Curva";"Rural";1;0;0;0;1;0;0;1
83447877;"15/03/16";"Terça";"21:40:00";"AL";101;"206,9";"SAO SEBASTIAO";"Ingestão de álcool";"Queda de motocicleta / bicicleta / veículo";"Com Vítimas Feridas";"Plena noite";"Decrescente";"Ceu Claro";"Simples";"Reta";"Urbano";1;0;1;0;0;0;1;1
83447878;"14/03/16";"Segunda";"17:00:00";"SC";101;"253,5";"PAULO LOPES";"Defeito na via";"Colisão lateral";"Com Vítimas Feridas";"Pleno dia";"Crescente";"Ceu Claro";"Dupla";"Reta";"Urbano";4;0;2;1;1;0;3;2
83447879;"15/03/16";"Terça";"18:30:00";"SP";116;"327";"JUQUITIBA";"Outras";"Atropelamento de pessoa";"Com Vítimas Feridas";"Plena noite";"Crescente";"Ceu Claro";"Dupla";"Reta";"Rural";2;0;0;1;0;1;1;1
83447881;"15/03/16";"Terça";"14:10:00";"SP";116;"342";"MIRACATU";"Ultrapassagem indevida";"Tombamento";"Sem Vítimas";"Pleno dia";"Decrescente";"Ceu Claro";"Dupla";"Reta";"Rural";1;0;0;0;1;0;0;1
83447882;"15/03/16";"Terça";"10:00:00";"RS";471;"141,2";"SANTA CRUZ DO SUL";"Desobediência à sinalização";"Tombamento";"Com Vítimas Feridas";"Pleno dia";"Decrescente";"Ceu Claro";"Simples";"Reta";"Urbano";1;0;1;0;0;0;1;1
83447883;"15/03/16";"Terça";"13:50:00";"RS";290;"86,3";"PORTO ALEGRE";"Falta de atenção";"Saída de Pista";"Com Vítimas Feridas";"Pleno dia";"Crescente";"Ceu Claro";"Múltipla";"Reta";"Rural";2;0;1;0;1;0;1;2
83447884;"15/03/16";"Terça";"19:20:00";"RN";110;"47,5";"MOSSORO";"Outras";"Colisão Transversal";"Com Vítimas Feridas";"Plena noite";"Decrescente";"Ceu Claro";"Simples";"Reta";"Urbano";2;0;0;1;1;0;1;2
83447885;"15/03/16";"Terça";"12:30:00";"RO";364;"448";"JARU";"Outras";"Tombamento";"Sem Vítimas";"Pleno dia";"Crescente";"Ceu Claro";"Simples";"Reta";"Rural";2;0;0;0;1;1;0;2
83447886;"15/03/16";"Terça";"20:50:00";"PR";376;"492,3";"PONTA GROSSA";"Velocidade incompatível";"Colisão traseira";"Com Vítimas Feridas";"Plena noite";"Crescente";"Ceu Claro";"Dupla";"Reta";"Urbano";2;0;0;1;1;0;1;2
83447887;"12/03/16";"Sábado";"04:15:00";"AL";101;"89,7";"RIO LARGO";"Outras";"Colisão frontal";"Com Vítimas Feridas";"Plena noite";"Crescente";"Ceu Claro";"Simples";"Curva";"Rural";3;0;1;2;0;0;3;2
83447888;"15/03/16";"Terça";"22:45:00";"MT";163;"526,5";"DIAMANTINO";"Falta de atenção";"Tombamento";"Sem Vítimas";"Plena noite";"Decrescente";"Chuva";"Simples";"Curva";"Rural";1;0;0;0;1;0;0;1
83447889;"15/03/16";"Terça";"19:00:00";"GO";153;"623,8";"MORRINHOS";"Defeito mecânico em veículo";"Colisão lateral";"Sem Vítimas";"Plena noite";"Decrescente";"Ceu Claro";"Dupla";"Reta";"Rural";2;0;0;0;1;1;0;2
83447890;"16/03/16";"Quarta";"03:50:00";"SC";101;"111";"ITAJAI";"Não guardar distância de segurança";"Queda de motocicleta / bicicleta / veículo";"Com Vítimas Feridas";"Plena noite";"Decrescente";"Ceu Claro";"Simples";"Reta";"Urbano";1;0;1;0;0;0;1;1
83447892;"16/03/16";"Quarta";"01:30:00";"RS";470;"241,2";"BARAO";"Falta de atenção";"Saída de Pista";"Com Vítimas Feridas";"Plena noite";"Crescente";"Ceu Claro";"Simples";"Curva";"Urbano";1;0;0;1;0;0;1;1
83447894;"16/03/16";"Quarta";"02:20:00";"SP";116;"228";"SAO PAULO";"Defeito mecânico em veículo";"Colisão com objeto fixo";"Sem Vítimas";"Plena noite";"Decrescente";"Nublado";"Múltipla";"Reta";"Urbano";1;0;0;0;1;0;0;1