"id";"data_inversa";"dia_semana";"horario";"uf";"br";"km";"municipio";"causa_acidente";"tipo_acidente";"classificacao_acidente";"fase_dia";"sentido_via";"condicao_metereologica";"tipo_pista";"tracado_via";"uso_solo";"pessoas";"mortos";"feridos_leves";"feridos_graves";"ilesos";"ignorados";"feridos";"veiculos"
83448007;"13/03/16";"Domingo";"05:00:00";"RJ";393;"188";"PARAIBA DO SUL";"Falta de atenção";"Queda de motocicleta / bicicleta / veículo";"Com Vítimas Feridas";"Plena noite";"Decrescente";"Ceu Claro";"Simples";"Curva";"Rural";1;0;0;1;0;0;1;1
83448009;"14/03/16";"Segunda";"00:05:00";"MG";50;"82";"UBERLANDIA";"Falta de atenção";"Colisão com objeto fixo";"Sem Vítimas";"Anoitecer";"Decrescente";"Vento";"Dupla";"Reta";"Urbano";1;0;0;0;1;0;0;1
83448010;"16/03/16";"Quarta";"05:00:00";"MG";251;"450,5";"GRAO MOGOL";"Velocidade incompatível";"Capotamento";"Com Vítimas Feridas";"Amanhecer";"Decrescente";"Chuva";"Simples";"Curva";"Rural";2;0;1;0;1;0;1;1
83448011;"12/01/16";"Terça";"06:40:00";"PA";230;"622";"VITORIA DO XINGU";"Falta de atenção";"Colisão lateral";"Com Vítimas Feridas";"Amanhecer";"Decrescente";"Nublado";"Simples";"Reta";"Rural";2;0;1;0;1;0;1;2
83448012;"04/03/16";"Sexta";"17:05:00";"SC";101;"213,7";"PALHOCA";"Falta de atenção";"Colisão Transversal";"Com Vítimas Feridas";"Pleno dia";"Crescente";"Ceu Claro";"Múltipla";"Reta";"Urbano";2;0;1;0;1;0;1;2
83448013;"16/03/16";"Quarta";"13:00:00";"ES";101;"265";"SERRA";"Falta de atenção";"Colisão traseira";"Com Vítimas Feridas";"Pleno dia";"Crescente";"Ceu Claro";"Dupla";"Reta";"Urbano";3;0;0;2;1;0;2;2
83448014;"11/03/16";"Sexta";"20:20:00";"PA";316;"3,7";"ANANINDEUA";"Defeito mecânico em veículo";"Incêndio";"Sem Vítimas";"Plena noite";"Crescente";"Nublado";"Dupla";"Reta";"Urbano";1;0;0;0;1;0;0;1
83448015;"16/03/16";"Quarta";"15:00:00";"BA";410;"1";"RIBEIRA DO POMBAL";"Falta de atenção";"Capotamento";"Sem Vítimas";"Pleno dia";"Decrescente";"Ceu Claro";"Simples";"Curva";"Urbano";1;0;0;0;1;0;0;1
83448016;"16/03/16";"Quarta";"14:10:00";"MG";50;"168";"UBERABA";"Falta de atenção";"Tombamento";"Sem Vítimas";"Pleno dia";"Decrescente";"Nublado";"Dupla";"Reta";"Urbano";1;0;0;0;1;0;0;1
83448017;"13/01/16";"Quarta";"10:55:00";"PA";316;"7";"ANANINDEUA";"Falta de atenção";"Colisão lateral";"Com Vítimas Feridas";"Pleno dia";"Decrescente";"Ceu Claro";"Dupla";"Reta";"Urbano";2;0;1;0;1;0;1;2
83448018;"16/03/16";"Quarta";"13:30:00";"MG";381;"615";"OLIVEIRA";"Velocidade incompatível";"Saída de Pista";"Sem Vítimas";"Pleno dia";"Crescente";"Chuva";"Dupla";"Reta";"Rural";1;0;0;0;1;0;0;1
83448019;"16/03/16";"Quarta";"11:00:00";"MG";381;"636,5";"SANTO ANTONIO DO AMPARO";"Velocidade incompatível";"Tombamento";"Com Vítimas Fatais";"Pleno dia";"Decrescente";"Sol";"Dupla";"Curva";"Rural";4;2;0;2;0;0;2;1
83448020;"16/03/16";"Quarta";"11:20:00";"GO";60;"6,2";"APARECIDA DE GOIANIA";"Desobediência à sinalização";"Colisão Transversal";"Com Vítimas Feridas";"Pleno dia";"Crescente";"Sol";"Dupla";"Reta";"Urbano";2;0;0;1;1;0;1;2
83448021;"16/03/16";"Quarta";"09:30:00";"RJ";116;"179,9";"NOVA IGUACU";"Outras";"Queda de motocicleta / bicicleta / veículo";"Com Vítimas Feridas";"Pleno dia";"Crescente";"Nublado";"Dupla";"Reta";"Urbano";1;0;0;1;0;0;1;1
83448022;"13/03/16";"Domingo";"00:20:00";"MG";459;"103";"POUSO ALEGRE";"Outras";"Saída de Pista";"Ignorado";"Plena noite";"Decrescente";"Ceu Claro";"Simples";"Cruzamento";"Urbano";1;0;0;0;0;1;0;1
83448023;"16/03/16";"Quarta";"06:45:00";"PB";101;"122,7";"CAAPORA";"Velocidade incompatível";"Capotamento";"Com Vítimas Feridas";"Pleno dia";"Crescente";"Nublado";"Dupla";"Curva";"Rural";1;0;0;1;0;0;1;1
83448024;"16/03/16";"Quarta";"09:15:00";"RS";386;"226,4";"SOLEDADE";"Falta de atenção";"Colisão Transversal";"Com Vítimas Feridas";"Pleno dia";"Decrescente";"Sol";"Simples";"Reta";"Rural";2;0;1;0;1;0;1;2
83448025;"16/03/16";"Quarta";"13:00:00";"TO";153;"606,6";"PARAISO DO TOCANTINS";"Velocidade incompatível";"Colisão com objeto fixo";"Com Vítimas Feridas";"Pleno dia";"Decrescente";"Ceu Claro";"Simples";"Reta";"Urbano";1;0;1;0;0;0;1;1
83448028;"13/03/16";"Domingo";"05:00:00";"DF";20;"18";"BRASILIA";"Ingestão de álcool";"Colisão traseira";"Com Vítimas Feridas";"Amanhecer";"Crescente";"Nublado";"Dupla";"Reta";"Rural";2;0;1;0;1;0;1;2
83448029;"16/03/16";"Quarta";"12:30:00";"PR";376;"245";"APUCARANA";"Defeito na via";"Queda de motocicleta / bicicleta / veículo";"Com Vítimas Feridas";"Pleno dia";"Decrescente";"Sol";"Simples";"Curva";"Rural";1;0;1;0;0;0;1;1
83448030;"16/03/16";"Quarta";"14:00:00";"SP";116;"178";"GUARAREMA";"Falta de atenção";"Colisão traseira";"Sem Vítimas";"Pleno dia";"Crescente";"Nublado";"Dupla";"Reta";"Urbano";2;0;0;0;2;0;0;2
83448031;"16/03/16";"Quarta";"04:00:00";"SC";282;"320,4";"VARGEM";"Ultrapassagem indevida";"Saída de Pista";"Sem Vítimas";"Plena noite";"Decrescente";"Ceu Claro";"Simples";"Curva";"Rural";1;0;0;0;1;0;0;1
83448032;"16/03/16";"Quarta";"13:00:00";"BA";101;"269";"SANTO ANTONIO DE JESUS";"Outras";"Saída de Pista";"Sem Vítimas";"Pleno dia";"Crescente";"Chuva";"Simples";"Curva";"Rural";1;0;0;0;1;0;0;1
83448033;"08/03/16";"Terça";"16:00:00";"SC";101;"214,3";"PALHOCA";"Desobediência à sinalização";"Colisão Transversal";"Com Vítimas Feridas";"Pleno dia";"Decrescente";"Ceu Claro";"Múltipla";"Cruzamento";"Urbano";3;0;1;0;2;0;1;2
83448034;"17/01/16";"Domingo";"19:29:00";"PA";316;"53";"CASTANHAL";"Ingestão de álcool";"Colisão Transversal";"Com Vítimas Feridas";"Pleno dia";"Decrescente";"Ceu Claro";"Dupla";"Curva";"Rural";3;0;1;1;1;0;2;2
83448035;"16/03/16";"Quarta";"16:05:00";"PE";232;"136,1";"CARUARU";"Falta de atenção";"Capotamento";"Com Vítimas Feridas";"Pleno dia";"Crescente";"Sol";"Dupla";"Reta";"Rural";1;0;1;0;0;0;1;1
83448036;"16/03/16";"Quarta";"12:40:00";"MG";40;"527";"CONTAGEM";"Velocidade incompatível";"Saída de Pista";"Sem Vítimas";"Pleno dia";"Decrescente";"Chuva";"Múltipla";"Reta";"Rural";1;0;0;0;1;0;0;1
83448038;"13/03/16";"Domingo";"07:30:00";"SP";381;"12,5";"BRAGANCA PAULISTA";"Outras";"Colisão com objeto fixo";"Sem Vítimas";"Pleno dia";"Decrescente";"Sol";"Dupla";"Curva";"Rural";2;0;0;0;2;0;0;2
83448039;"16/03/16";"Quarta";"05:30:00";"MS";163;"302";"DOURADINA";"Outras";"Saída de Pista";"Sem Vítimas";"Amanhecer";"Crescente";"Ceu Claro";"Simples";"Reta";"Rural";1;0;0;0;1;0;0;1
83448041;"16/03/16";"Quarta";"11:30:00";"RJ";116;"186";"NOVA IGUACU";"Outras";"Colisão traseira";"Com Vítimas Feridas";"Pleno dia";"Crescente";"Nublado";"Dupla";"Reta";"Urbano";2;0;0;1;0;1;1;2
83448042;"16/03/16";"Quarta";"14:30:00";"MG";40;"525,5";"CONTAGEM";"Velocidade incompatível";"Colisão lateral";"Com Vítimas Feridas";"Pleno dia";"Crescente";"Ceu Claro";"Dupla";"Reta";"Urbano";2;0;1;0;1;0;1;2
83448043;"16/03/16";"Quarta";"14:00:00";"MG";153;"14";"CENTRALINA";"Outras";"Colisão traseira";"Com Vítimas Feridas";"Pleno dia";"Decrescente";"Nublado";"Dupla";"Curva";"Rural";4;0;1;0;3;0;1;2
83448044;"16/03/16";"Quarta";"12:03:00";"MT";163;"879";"CLAUDIA";"Defeito mecânico em veículo";"Colisão frontal";"Sem Vítimas";"Pleno dia";"Decrescente";"Ceu Claro";"Simples";"Curva";"Rural";2;0;0;0;2;0;0;2
83448045;"16/03/16";"Quarta";"16:15:00";"BA";101;"877";"TEIXEIRA DE FREITAS";"Falta de atenção";"Colisão Transversal";"Sem Vítimas";"Pleno dia";"Crescente";"Ceu Claro";"Simples";"Reta";"Urbano";4;0;0;0;4;0;0;2
83448046;"16/03/16";"Quarta";"16:15:00";"RJ";40;"39,2";"AREAL";"Outras";"Colisão com objeto fixo";"Com Vítimas Feridas";"Pleno dia";"Crescente";"Chuva";"Dupla";"Curva";"Rural";2;0;2;0;0;0;2;1
83448047;"16/03/16";"Quarta";"16:30:00";"RS";386;"168,3";"CARAZINHO";"Falta de atenção";"Colisão lateral";"Sem Vítimas";"Pleno dia";"Decrescente";"Ceu Claro";"Simples";"Reta";"Rural";2;0;0;0;2;0;0;2
83448048;"16/03/16";"Quarta";"12:45:00";"MG";262;"431,9";"NOVA SERRANA";"Outras";"Saída de Pista";"Com Vítimas Feridas";"Pleno dia";"Crescente";"Nublado";"Dupla";"Curva";"Rural";2;0;1;1;0;0;2;1
83448049;"16/03/16";"Quarta";"14:00:00";"RJ";393;"172,5";"TRES RIOS";"Velocidade incompatível";"Tombamento";"Sem Vítimas";"Pleno dia";"Decrescente";"Ceu Claro";"Simples";"Curva";"Rural";1;0;0;0;1;0;0;1
83448050;"16/03/16";"Quarta";"16:00:00";"RJ";116;"121";"MAGE";"Outras";"Saída de Pista";"Sem Vítimas";"Pleno dia";"Decrescente";"Chuva";"Dupla";"Reta";"Urbano";1;0;0;0;1;0;0;1
83448051;"16/03/16";"Quarta";"16:45:00";"PR";376;"659,5";"TIJUCAS DO SUL";"Velocidade incompatível";"Colisão com objeto fixo";"Sem Vítimas";"Pleno dia";"Decrescente";"Chuva";"Dupla";"Curva";"Rural";1;0;0;0;1;0;0;1
83448052;"16/03/16";"Quarta";"13:10:00";"PR";277;"689,3";"SAO MIGUEL DO IGUACU";"Ingestão de álcool";"Atropelamento de pessoa";"Com Vítimas Fatais";"Pleno dia";"Decrescente";"Sol";"Dupla";"Reta";"Urbano";2;1;0;0;0;1;0;1
83448053;"16/03/16";"Quarta";"09:00:00";"PI";316;"272";"DOM EXPEDITO LOPES";"Outras";"Atropelamento de pessoa";"Com Vítimas Fatais";"Pleno dia";"Crescente";"Ceu Claro";"Simples";"Curva";"Rural";2;1;0;0;1;0;0;1
83448054;"16/03/16";"Quarta";"13:15:00";"ES";101;"231";"FUNDAO";"Outras";"Saída de Pista";"Com Vítimas Feridas";"Pleno dia";"Decrescente";"Ceu Claro";"Simples";"Reta";"Rural";1;0;1;0;0;0;1;1
83448055;"16/03/16";"Quarta";"15:30:00";"SP";116;"223";"GUARULHOS";"Não guardar distância de segurança";"Colisão traseira";"Com Vítimas Feridas";"Pleno dia";"Decrescente";"Nublado";"Múltipla";"Reta";"Urbano";3;0;1;0;2;0;1;2
83448056;"11/02/16";"Quinta";"15:45:00";"SC";101;"201";"SAO JOSE";"Outras";"Queda de motocicleta / bicicleta / veículo";"Com Vítimas Feridas";"Pleno dia";"Crescente";"Ceu Claro";"Dupla";"Reta";"Urbano";2;0;1;0;1;0;1;2
83448057;"12/03/16";"Sábado";"09:50:00";"MG";365;"254";"JOAO PINHEIRO";"Velocidade incompatível";"Colisão frontal";"Sem Vítimas";"Pleno dia";"Crescente";"Chuva";"Simples";"Curva";"Rural";2;0;0;0;2;0;0;2
83448059;"16/03/16";"Quarta";"11:40:00";"SC";101;"134";"BALNEARIO CAMBORIU";"Desobediência à sinalização";"Colisão Transversal";"Com Vítimas Feridas";"Pleno dia";"Crescente";"Sol";"Simples";"Cruzamento";"Urbano";2;0;1;0;1;0;1;2
83448060;"16/02/16";"Terça";"16:30:00";"SC";101;"151,9";"ITAPEMA";"Outras";"Colisão lateral";"Com Vítimas Feridas";"Pleno dia";"Decrescente";"Nublado";"Simples";"Cruzamento";"Urbano";2;0;1;0;1;0;1;2
83448061;"16/03/16";"Quarta";"16:50:00";"SP";116;"124,9";"CACAPAVA";"Não guardar distância de segurança";"Colisão com objeto fixo";"Com Vítimas Feridas";"Pleno dia";"Crescente";"Chuva";"Simples";"Reta";"Urbano";1;0;1;0;0;0;1;1
83448062;"16/03/16";"Quarta";"14:20:00";"ES";262;"36,5";"DOMINGOS MARTINS";"Outras";"Tombamento";"Sem Vítimas";"Pleno dia";"Crescente";"Nublado";"Simples";"Curva";"Rural";1;0;0;0;1;0;0;1
83448063;"10/03/16";"Quinta";"05:00:00";"MG";135;"550,5";"AUGUSTO DE LIMA";"Outras";"Colisão traseira";"Com Vítimas Feridas";"Plena noite";"Decrescente";"Nublado";"Simples";"Reta";"Rural";2;0;0;1;0;1;1;2
83448064;"16/03/16";"Quarta";"15:00:00";"SC";470;"136";"RIO DO SUL";"Falta de atenção";"Colisão lateral";"Com Vítimas Feridas";"Pleno dia";"Crescente";"Sol";"Simples";"Cruzamento";"Urbano";4;0;2;0;2;0;2;4
83448066;"16/03/16";"Quarta";"13:30:00";"PR";116;"17";"ANTONINA";"Velocidade incompatível";"Saída de Pista";"Com Vítimas Feridas";"Pleno dia";"Crescente";"Chuva";"Dupla";"Curva";"Rural";1;0;1;0;0;0;1;1
83448067;"16/03/16";"Quarta";"18:00:00";"SC";101;"427,5";"SOMBRIO";"Defeito mecânico em veículo";"Tombamento";"Com Vítimas Feridas";"Pleno dia";"Crescente";"Ceu Claro";"Dupla";"Reta";"Rural";2;0;2;0;0;0;2;1
83448070;"01/03/16";"Terça";"19:00:00";"PA";316;"22";"MARITUBA";"Outras";"Colisão traseira";"Sem Vítimas";"Plena noite";"Crescente";"Chuva";"Dupla";"Reta";"Rural";2;0;0;0;2;0;0;2
83448071;"12/03/16";"Sábado";"19:10:00";"MG";40;"526";"CONTAGEM";"Outras";"Atropelamento de pessoa";"Com Vítimas Feridas";"Plena noite";"Crescente";"Nublado";"Simples";"Reta";"Urbano";2;0;0;2;0;0;2;1
83448072;"12/03/16";"Sábado";"19:40:00";"SP";116;"145,8";"SAO JOSE DOS CAMPOS";"Outras";"Colisão lateral";"Com Vítimas Feridas";"Plena noite";"Crescente";"Nublado";"Dupla";"Reta";"Urbano";2;0;1;0;0;1;1;2
83448073;"16/03/16";"Quarta";"16:00:00";"MG";40;"462,8";"SETE LAGOAS";"Animais na Pista";"Saída de Pista";"Com Vítimas Feridas";"Pleno dia";"Crescente";"Ceu Claro";"Dupla";"Reta";"Rural";1;0;1;0;0;0;1;1
83448074;"16/03/16";"Quarta";"12:25:00";"MT";364;"377,7";"SANTO ANTONIO DO LEVERGER";"Ultrapassagem indevida";"Saída de Pista";"Sem Vítimas";"Pleno dia";"Crescente";"Nublado";"Simples";"Reta";"Rural";1;0;0;0;1;0;0;1
83448075;"16/03/16";"Quarta";"18:30:00";"RS";290;"91,9";"PORTO ALEGRE";"Falta de atenção";"Colisão Transversal";"Sem Vítimas";"Anoitecer";"Decrescente";"Ceu Claro";"Dupla";"Reta";"Urbano";2;0;0;0;2;0;0;2
83448076;"16/03/16";"Quarta";"14:00:00";"PR";277;"593";"CASCAVEL";"Ingestão de álcool";"Colisão Transversal";"Com Vítimas Feridas";"Pleno dia";"Decrescente";"Ceu Claro";"Simples";"Cruzamento";"Rural";2;0;1;0;1;0;1;2
83448077;"12/03/16";"Sábado";"20:00:00";"MG";40;"652";"CRISTIANO OTONI";"Velocidade incompatível";"Tombamento";"Sem Vítimas";"Plena noite";"Crescente";"Ceu Claro";"Simples";"Reta";"Rural";1;0;0;0;1;0;0;1
83448078;"16/03/16";"Quarta";"14:00:00";"MG";354;"731,4";"POUSO ALTO";"Velocidade incompatível";"Queda de motocicleta / bicicleta / veículo";"Com Vítimas Feridas";"Pleno dia";"Crescente";"Nublado";"Simples";"Curva";"Rural";1;0;1;0;0;0;1;1
83448079;"16/03/16";"Quarta";"15:47:00";"MT";364;"284";"JACIARA";"Outras";"Tombamento";"Sem Vítimas";"Pleno dia";"Decrescente";"Ceu Claro";"Simples";"Reta";"Rural";1;0;0;0;1;0;0;1
83448080;"16/03/16";"Quarta";"15:25:00";"RJ";393;"178";"PARAIBA DO SUL";"Falta de atenção";"Colisão traseira";"Sem Vítimas";"Pleno dia";"Crescente";"Nublado";"Simples";"Reta";"Urbano";3;0;0;0;3;0;0;3
83448081;"16/03/16";"Quarta";"16:15:00";"MG";40;"467";"SETE LAGOAS";"Velocidade incompatível";"Saída de Pista";"Com Vítimas Feridas";"Pleno dia";"Crescente";"Chuva";"Dupla";"Reta";"Rural";4;0;3;0;0;1;3;2
83448082;"16/03/16";"Quarta";"17:00:00";"RJ";101;"491";"ANGRA DOS REIS";"Outras";"Saída de Pista";"Sem Vítimas";"Pleno dia";"Crescente";"Chuva";"Múltipla";"Reta";"Rural";1;0;0;0;1;0;0;1
83448083;"16/03/16";"Quarta";"17:08:00";"SP";116;"213";"GUARULHOS";"Outras";"Queda de motocicleta / bicicleta / veículo";"Com Vítimas Feridas";"Pleno dia";"Crescente";"Nublado";"Múltipla";"Reta";"Urbano";1;0;1;0;0;0;1;1
83448084;"16/03/16";"Quarta";"11:40:00";"BA";324;"547";"AMELIA RODRIGUES";"Outras";"Colisão traseira";"Com Vítimas Fatais";"Pleno dia";"Decrescente";"Ceu Claro";"Dupla";"Reta";"Rural";2;1;0;0;1;0;0;2
83448085;"16/03/16";"Quarta";"15:20:00";"MG";40;"449,1";"CAETANOPOLIS";"Dormindo";"Saída de Pista";"Sem Vítimas";"Pleno dia";"Decrescente";"Nublado";"Dupla";"Reta";"Rural";1;0;0;0;1;0;0;1
83448086;"16/03/16";"Quarta";"08:30:00";"PR";277;"581,5";"CASCAVEL";"Outras";"Saída de Pista";"Sem Vítimas";"Pleno dia";"Decrescente";"Ceu Claro";"Simples";"Reta";"Urbano";1;0;0;0;1;0;0;1
83448087;"12/03/16";"Sábado";"20:00:00";"RJ";101;"89";"CAMPOS DOS GOYTACAZES";"Defeito na via";"Tombamento";"Sem Vítimas";"Plena noite";"Decrescente";"Chuva";"Simples";"Reta";"Rural";1;0;0;0;1;0;0;1
83448088;"16/03/16";"Quarta";"16:00:00";"PA";230;"114";"MARABA";"Velocidade incompatível";"Atropelamento de pessoa";"Com Vítimas Fatais";"Pleno dia";"Crescente";"Ceu Claro";"Dupla";"Reta";"Urbano";2;1;0;0;1;0;0;1
83448089;"12/03/16";"Sábado";"12:00:00";"RJ";101;"84";"CAMPOS DOS GOYTACAZES";"Velocidade incompatível";"Capotamento";"Sem Vítimas";"Pleno dia";"Decrescente";"Ceu Claro";"Simples";"Curva";"Rural";1;0;0;0;1;0;0;1
83448090;"16/03/16";"Quarta";"17:30:00";"SC";116;"252,4";"LAGES";"Velocidade incompatível";"Colisão traseira";"Com Vítimas Feridas";"Anoitecer";"Decrescente";"Ceu Claro";"Simples";"Reta";"Rural";2;0;1;0;1;0;1;2
83448091;"16/03/16";"Quarta";"13:30:00";"AP";156;"409";"TARTARUGALZINHO";"Velocidade incompatível";"Saída de Pista";"Com Vítimas Feridas";"Pleno dia";"Crescente";"Chuva";"Simples";"Curva";"Rural";2;0;1;0;1;0;1;1
83448092;"16/03/16";"Quarta";"08:10:00";"BA";324;"616";"SALVADOR";"Falta de atenção";"Colisão com objeto móvel";"Com Vítimas Feridas";"Pleno dia";"Crescente";"Ceu Claro";"Dupla";"Reta";"Urbano";1;0;1;0;0;0;1;1
83448093;"13/03/16";"Domingo";"04:00:00";"RO";319;"62,8";"PORTO VELHO";"Desobediência à sinalização";"Colisão Transversal";"Com Vítimas Feridas";"Plena noite";"Decrescente";"Ceu Claro";"Múltipla";"Cruzamento";"Urbano";5;0;0;1;4;0;1;2
83448094;"16/03/16";"Quarta";"17:40:00";"SC";101;"189";"BIGUACU";"Não guardar distância de segurança";"Colisão traseira";"Com Vítimas Feridas";"Anoitecer";"Crescente";"Ceu Claro";"Dupla";"Reta";"Rural";3;0;1;0;2;0;1;3
83448095;"16/03/16";"Quarta";"18:15:00";"RJ";101;"325";"NITEROI";"Outras";"Colisão traseira";"Com Vítimas Feridas";"Plena noite";"Decrescente";"Nublado";"Dupla";"Reta";"Urbano";4;0;1;1;2;0;2;2
83448096;"16/03/16";"Quarta";"17:35:00";"SP";381;"44";"ATIBAIA";"Outras";"Queda de motocicleta / bicicleta / veículo";"Com Vítimas Feridas";"Pleno dia";"Crescente";"Nublado";"Dupla";"Reta";"Urbano";1;0;1;0;0;0;1;1
83448097;"16/03/16";"Quarta";"12:50:00";"BA";30;"715";"MARAU";"Velocidade incompatível";"Capotamento";"Sem Vítimas";"Pleno dia";"Crescente";"Ceu Claro";"Simples";"Curva";"Rural";1;0;0;0;1;0;0;1
83448099;"16/03/16";"Quarta";"16:06:00";"RS";285;"562,1";"SAO LUIZ GONZAGA";"Falta de atenção";"Saída de Pista";"Sem Vítimas";"Pleno dia";"Crescente";"Sol";"Simples";"Reta";"Rural";1;0;0;0;1;0;0;1
83448100;"16/03/16";"Quarta";"18:00:00";"GO";153;"97,5";"SANTA TEREZA DE GOIAS";"Defeito mecânico em veículo";"Tombamento";"Sem Vítimas";"Anoitecer";"Decrescente";"Ceu Claro";"Simples";"Reta";"Rural";1;0;0;0;1;0;0;1
83448101;"16/03/16";"Quarta";"12:00:00";"MG";381;"509";"SAO JOAQUIM DE BICAS";"Não guardar distância de segurança";"Colisão traseira";"Sem Vítimas";"Pleno dia";"Crescente";"Sol";"Dupla";"Reta";"Urbano";2;0;0;0;2;0;0;2
83448102;"16/03/16";"Quarta";"08:50:00";"MG";381;"926";"ITAPEVA";"Falta de atenção";"Colisão lateral";"Com Vítimas Feridas";"Pleno dia";"Crescente";"Ceu Claro";"Simples";"Reta";"Rural";2;0;1;0;1;0;1;2
83448103;"16/03/16";"Quarta";"18:20:00";"RS";287;"243,9";"SANTA MARIA";"Desobediência à sinalização";"Colisão Transversal";"Com Vítimas Feridas";"Pleno dia";"Crescente";"Ceu Claro";"Dupla";"Cruzamento";"Urbano";4;0;1;0;3;0;1;2
83448104;"01/03/16";"Terça";"07:20:00";"SC";280;"52,3";"GUARAMIRIM";"Falta de atenção";"Capotamento";"Com Vítimas Feridas";"Pleno dia";"Decrescente";"Ceu Claro";"Simples";"Reta";"Urbano";2;0;1;0;0;1;1;2
83448105;"16/03/16";"Quarta";"18:45:00";"MG";262;"104";"SANTO ANTONIO DO GRAMA";"Velocidade incompatível";"Colisão frontal";"Sem Vítimas";"Plena noite";"Crescente";"Chuva";"Simples";"Curva";"Rural";2;0;0;0;2;0;0;2
83448106;"16/03/16";"Quarta";"18:00:00";"RS";287;"249";"SANTA MARIA";"Desobediência à sinalização";"Colisão lateral";"Com Vítimas Feridas";"Pleno dia";"Decrescente";"Sol";"Simples";"Cruzamento";"Urbano";2;0;1;0;1;0;1;2
83448107;"13/03/16";"Domingo";"17:30:00";"BA";324;"541";"AMELIA RODRIGUES";"Outras";"Colisão com objeto fixo";"Sem Vítimas";"Pleno dia";"Decrescente";"Ceu Claro";"Dupla";"Reta";"Rural";1;0;0;0;1;0;0;1
83448108;"16/03/16";"Quarta";"18:40:00";"BA";101;"543";"SAO JOSE DA VITORIA";"Outras";"Colisão frontal";"Com Vítimas Feridas";"Plena noite";"Decrescente";"Ceu Claro";"Simples";"Curva";"Rural";2;0;0;1;1;0;1;2
83448109;"16/03/16";"Quarta";"08:30:00";"GO";70;"322";"JUSSARA";"Outras";"Colisão lateral";"Com Vítimas Feridas";"Pleno dia";"Crescente";"Sol";"Simples";"Reta";"Rural";3;0;2;0;1;0;2;2
83448110;"16/03/16";"Quarta";"17:40:00";"PR";376;"178,4";"MARINGA";"Ingestão de álcool";"Colisão lateral";"Sem Vítimas";"Pleno dia";"Crescente";"Ceu Claro";"Dupla";"Reta";"Urbano";2;0;0;0;2;0;0;2
83448111;"12/03/16";"Sábado";"21:30:00";"SP";116;"159,5";"JACAREI";"Outras";"Saída de Pista";"Com Vítimas Fatais";"Plena noite";"Decrescente";"Nublado";"Dupla";"Reta";"Urbano";7;1;2;4;0;0;6;1
83448112;"16/03/16";"Quarta";"08:15:00";"SE";101;"101,7";"SAO CRISTOVAO";"Velocidade incompatível";"Saída de Pista";"Com Vítimas Feridas";"Pleno dia";"Decrescente";"Chuva";"Dupla";"Curva";"Rural";2;0;1;0;1;0;1;1
83448113;"16/03/16";"Quarta";"19:00:00";"RS";116;"251";"SAO LEOPOLDO";"Falta de atenção";"Colisão com objeto fixo";"Com Vítimas Feridas";"Plena noite";"Crescente";"Nublado";"Múltipla";"Reta";"Urbano";1;0;1;0;0;0;1;1
83448114;"16/03/16";"Quarta";"16:15:00";"SP";116;"363,7";"MIRACATU";"Velocidade incompatível";"Tombamento";"Com Vítimas Feridas";"Pleno dia";"Decrescente";"Nublado";"Dupla";"Curva";"Rural";1;0;0;1;0;0;1;1
83448115;"12/03/16";"Sábado";"22:30:00";"SP";116;"178";"GUARAREMA";"Outras";"Colisão lateral";"Sem Vítimas";"Plena noite";"Crescente";"Nevoeiro/neblina";"Dupla";"Reta";"Rural";2;0;0;0;2;0;0;2
83448116;"16/03/16";"Quarta";"16:20:00";"PR";467;"72,9";"TOLEDO";"Defeito mecânico em veículo";"Saída de Pista";"Sem Vítimas";"Pleno dia";"Decrescente";"Ceu Claro";"Dupla";"Reta";"Urbano";1;0;0;0;1;0;0;1
83448117;"16/03/16";"Quarta";"20:30:00";"GO";60;"384,5";"RIO VERDE";"Falta de atenção";"Atropelamento de pessoa";"Com Vítimas Feridas";"Plena noite";"Crescente";"Ceu Claro";"Múltipla";"Reta";"Urbano";2;0;1;1;0;0;2;1
83448119;"16/03/16";"Quarta";"13:00:00";"AL";101;"180";"JUNQUEIRO";"Velocidade incompatível";"Saída de Pista";"Com Vítimas Fatais";"Pleno dia";"Decrescente";"Ceu Claro";"Dupla";"Curva";"Urbano";1;1;0;0;0;0;0;1
83448120;"16/03/16";"Quarta";"19:00:00";"PB";230;"156,5";"CAMPINA GRANDE";"Desobediência à sinalização";"Colisão Transversal";"Com Vítimas Feridas";"Plena noite";"Crescente";"Ceu Claro";"Simples";"Curva";"Rural";2;0;0;1;1;0;1;2
83448121;"11/03/16";"Sexta";"06:50:00";"PB";101;"85";"BAYEUX";"Falta de atenção";"Colisão Transversal";"Com Vítimas Feridas";"Pleno dia";"Crescente";"Nublado";"Dupla";"Reta";"Urbano";3;0;2;0;1;0;2;2
83448123;"16/03/16";"Quarta";"17:20:00";"RS";116;"258,5";"ESTEIO";"Velocidade incompatível";"Colisão Transversal";"Sem Vítimas";"Pleno dia";"Decrescente";"Ceu Claro";"Múltipla";"Reta";"Urbano";2;0;0;0;2;0;0;2
83448124;"16/03/16";"Quarta";"13:15:00";"PR";376;"234";"APUCARANA";"Outras";"Colisão com objeto móvel";"Com Vítimas Feridas";"Pleno dia";"Crescente";"Ceu Claro";"Simples";"Reta";"Urbano";2;0;0;1;1;0;1;2
83448125;"16/03/16";"Quarta";"18:00:00";"RO";364;"694";"CANDEIAS DO JAMARI";"Defeito na via";"Capotamento";"Com Vítimas Feridas";"Anoitecer";"Crescente";"Ceu Claro";"Dupla";"Reta";"Urbano";2;0;2;0;0;0;2;1