"id";"data_inversa";"dia_semana";"horario";"uf";"br";"km";"municipio";"causa_acidente";"tipo_acidente";"classificacao_acidente";"fase_dia";"sentido_via";"condicao_metereologica";"tipo_pista";"tracado_via";"uso_solo";"pessoas";"mortos";"feridos_leves";"feridos_graves";"ilesos";"ignorados";"feridos";"veiculos"
83448126;"16/03/16";"Quarta";"21:30:00";"MG";381;"147,5";"GOVERNADOR VALADARES";"Animais na Pista";"Atropelamento de animal";"Com Vítimas Feridas";"Plena noite";"Crescente";"Nublado";"Simples";"Reta";"Rural";4;0;4;0;0;0;4;1
83448127;"16/03/16";"Quarta";"19:30:00";"RS";290;"152";"ARROIO DOS RATOS";"Falta de atenção";"Colisão Transversal";"Sem Vítimas";"Plena noite";"Crescente";"Ceu Claro";"Simples";"Cruzamento";"Urbano";2;0;0;0;2;0;0;2
83448128;"16/03/16";"Quarta";"18:22:00";"PR";369;"177,5";"ROLANDIA";"Defeito mecânico em veículo";"Queda de motocicleta / bicicleta / veículo";"Com Vítimas Feridas";"Anoitecer";"Crescente";"Ceu Claro";"Dupla";"Reta";"Urbano";2;0;2;0;0;0;2;1
83448129;"13/03/16";"Domingo";"00:45:00";"SP";116;"181";"GUARAREMA";"Outras";"Capotamento";"Sem Vítimas";"Plena noite";"Crescente";"Nevoeiro/neblina";"Dupla";"Reta";"Rural";2;0;0;0;1;1;0;2
83448130;"16/03/16";"Quarta";"18:21:00";"RR";174;"506";"BOA VISTA";"Falta de atenção";"Colisão com bicicleta";"Com Vítimas Feridas";"Plena noite";"Crescente";"Ceu Claro";"Simples";"Reta";"Urbano";2;0;1;0;1;0;1;2
83448131;"16/03/16";"Quarta";"17:30:00";"MG";365;"92,9";"JEQUITAI";"Falta de atenção";"Capotamento";"Com Vítimas Feridas";"Pleno dia";"Crescente";"Ceu Claro";"Simples";"Curva";"Rural";1;0;0;1;0;0;1;1
83448132;"16/03/16";"Quarta";"14:15:00";"MS";359;"118";"ALCINOPOLIS";"Velocidade incompatível";"Saída de Pista";"Com Vítimas Feridas";"Pleno dia";"Crescente";"Chuva";"Simples";"Reta";"Rural";1;0;1;0;0;0;1;1
83448133;"16/03/16";"Quarta";"08:00:00";"MG";262;"44,6";"MANHUACU";"Falta de atenção";"Tombamento";"Com Vítimas Feridas";"Pleno dia";"Decrescente";"Ceu Claro";"Simples";"Curva";"Rural";1;0;1;0;0;0;1;1
83448134;"16/03/16";"Quarta";"09:30:00";"RS";392;"117,7";"CANGUCU";"Outras";"Colisão traseira";"Com Vítimas Fatais";"Pleno dia";"Decrescente";"Ceu Claro";"Simples";"Reta";"Urbano";5;1;1;0;3;0;1;5
83448135;"16/03/16";"Quarta";"16:30:00";"RO";364;"483";"ARIQUEMES";"Não guardar distância de segurança";"Saída de Pista";"Sem Vítimas";"Pleno dia";"Decrescente";"Chuva";"Simples";"Reta";"Rural";2;0;0;0;2;0;0;2
83448136;"16/03/16";"Quarta";"20:00:00";"MA";10;"313";"ACAILANDIA";"Ultrapassagem indevida";"Colisão lateral";"Com Vítimas Feridas";"Plena noite";"Crescente";"Ceu Claro";"Simples";"Reta";"Rural";3;0;2;0;1;0;2;3
83448137;"16/03/16";"Quarta";"08:30:00";"RO";364;"345,6";"JI-PARANA";"Outras";"Colisão com objeto fixo";"Sem Vítimas";"Pleno dia";"Decrescente";"Ceu Claro";"Múltipla";"Cruzamento";"Urbano";1;0;0;0;1;0;0;1
83448138;"16/03/16";"Quarta";"18:10:00";"AC";364;"136";"RIO BRANCO";"Desobediência à sinalização";"Colisão frontal";"Com Vítimas Feridas";"Plena noite";"Decrescente";"Ceu Claro";"Dupla";"Reta";"Urbano";2;0;1;0;1;0;1;2
83448139;"14/03/16";"Segunda";"02:10:00";"PB";230;"77,2";"RIACHAO DO POCO";"Defeito mecânico em veículo";"Queda de motocicleta / bicicleta / veículo";"Com Vítimas Feridas";"Plena noite";"Decrescente";"Nublado";"Dupla";"Reta";"Rural";2;0;1;0;1;0;1;1
83448140;"16/03/16";"Quarta";"23:10:00";"SC";280;"51,4";"GUARAMIRIM";"Falta de atenção";"Queda de motocicleta / bicicleta / veículo";"Com Vítimas Feridas";"Plena noite";"Decrescente";"Nevoeiro/neblina";"Simples";"Reta";"Urbano";1;0;1;0;0;0;1;1
83448141;"16/03/16";"Quarta";"21:30:00";"RS";116;"379,8";"CAMAQUA";"Animais na Pista";"Capotamento";"Com Vítimas Feridas";"Plena noite";"Decrescente";"Ceu Claro";"Simples";"Reta";"Rural";2;0;2;0;0;0;2;1
83448142;"16/03/16";"Quarta";"17:10:00";"PR";369;"143,8";"LONDRINA";"Não guardar distância de segurança";"Colisão traseira";"Sem Vítimas";"Pleno dia";"Crescente";"Nublado";"Dupla";"Reta";"Urbano";2;0;0;0;2;0;0;2
83448143;"16/03/16";"Quarta";"20:00:00";"MG";381;"627";"OLIVEIRA";"Outras";"Saída de Pista";"Sem Vítimas";"Plena noite";"Crescente";"Chuva";"Dupla";"Curva";"Rural";1;0;0;0;1;0;0;1
83448144;"16/03/16";"Quarta";"15:40:00";"PB";101;"89,9";"JOAO PESSOA";"Velocidade incompatível";"Capotamento";"Com Vítimas Feridas";"Pleno dia";"Crescente";"Nublado";"Dupla";"Reta";"Urbano";1;0;1;0;0;0;1;1
83448145;"16/03/16";"Quarta";"18:20:00";"RO";364;"336";"JI-PARANA";"Outras";"Colisão lateral";"Sem Vítimas";"Anoitecer";"Decrescente";"Ceu Claro";"Simples";"Reta";"Rural";2;0;0;0;2;0;0;2
83448146;"16/03/16";"Quarta";"18:50:00";"DF";40;"0";"BRASILIA";"Falta de atenção";"Colisão com bicicleta";"Com Vítimas Feridas";"Plena noite";"Decrescente";"Ceu Claro";"Simples";"Reta";"Urbano";2;0;1;0;1;0;1;2
83448147;"16/03/16";"Quarta";"22:00:00";"MG";116;"14";"CACHOEIRA DE PAJEU";"Falta de atenção";"Colisão traseira";"Sem Vítimas";"Plena noite";"Crescente";"Chuva";"Simples";"Reta";"Rural";2;0;0;0;2;0;0;2
83448149;"16/03/16";"Quarta";"19:00:00";"MA";222;"212";"ITAPECURU MIRIM";"Não guardar distância de segurança";"Colisão traseira";"Com Vítimas Feridas";"Plena noite";"Crescente";"Chuva";"Simples";"Reta";"Rural";3;0;0;1;2;0;1;2
83448150;"16/03/16";"Quarta";"23:30:00";"SP";116;"155";"SAO JOSE DOS CAMPOS";"Não guardar distância de segurança";"Colisão traseira";"Sem Vítimas";"Plena noite";"Crescente";"Ceu Claro";"Dupla";"Reta";"Urbano";3;0;0;0;3;0;0;3
83448151;"13/03/16";"Domingo";"00:30:00";"SC";101;"203";"SAO JOSE";"Ingestão de álcool";"Saída de Pista";"Sem Vítimas";"Plena noite";"Decrescente";"Ceu Claro";"Simples";"Reta";"Urbano";1;0;0;0;1;0;0;1
83448152;"16/03/16";"Quarta";"22:40:00";"PR";376;"67";"GUAIRACA";"Falta de atenção";"Colisão traseira";"Sem Vítimas";"Plena noite";"Decrescente";"Ceu Claro";"Simples";"Reta";"Rural";2;0;0;0;2;0;0;2
83448153;"16/03/16";"Quarta";"11:00:00";"AL";416;"17";"COLONIA LEOPOLDINA";"Ingestão de álcool";"Colisão com bicicleta";"Com Vítimas Feridas";"Pleno dia";"Crescente";"Ceu Claro";"Simples";"Curva";"Rural";2;0;0;1;1;0;1;2
83448154;"16/03/16";"Quarta";"08:21:00";"MT";364;"230";"RONDONOPOLIS";"Velocidade incompatível";"Tombamento";"Sem Vítimas";"Pleno dia";"Decrescente";"Ceu Claro";"Simples";"Curva";"Rural";1;0;0;0;1;0;0;1
83448155;"16/03/16";"Quarta";"09:00:00";"PR";116;"58";"CAMPINA GRANDE DO SUL";"Outras";"Tombamento";"Com Vítimas Feridas";"Pleno dia";"Decrescente";"Nublado";"Dupla";"Curva";"Rural";1;0;1;0;0;0;1;1
83448156;"13/03/16";"Domingo";"07:00:00";"SP";116;"26,3";"SILVEIRAS";"Outras";"Colisão com objeto fixo";"Sem Vítimas";"Pleno dia";"Crescente";"Chuva";"Dupla";"Curva";"Rural";1;0;0;0;1;0;0;1
83448157;"17/03/16";"Quinta";"01:30:00";"SC";101;"213";"PALHOCA";"Dormindo";"Capotamento";"Com Vítimas Feridas";"Plena noite";"Crescente";"Ceu Claro";"Múltipla";"Reta";"Urbano";2;0;0;2;0;0;2;1
83448158;"17/03/16";"Quinta";"02:15:00";"SP";116;"189";"SANTA ISABEL";"Não guardar distância de segurança";"Colisão traseira";"Sem Vítimas";"Plena noite";"Crescente";"Nublado";"Dupla";"Reta";"Rural";2;0;0;0;1;1;0;2
83448159;"17/03/16";"Quinta";"02:00:00";"SC";282;"556";"NOVA ITABERABA";"Animais na Pista";"Atropelamento de animal";"Com Vítimas Feridas";"Plena noite";"Crescente";"Ceu Claro";"Simples";"Cruzamento";"Rural";2;0;1;0;1;0;1;1
83448160;"17/03/16";"Quinta";"00:10:00";"TO";153;"587,6";"SANTA RITA DO TOCANTINS";"Ingestão de álcool";"Colisão lateral";"Com Vítimas Feridas";"Plena noite";"Crescente";"Nublado";"Simples";"Reta";"Rural";3;0;2;0;1;0;2;2
83448161;"12/01/16";"Terça";"11:18:00";"PR";277;"100,3";"CURITIBA";"Não guardar distância de segurança";"Colisão traseira";"Sem Vítimas";"Pleno dia";"Crescente";"Ceu Claro";"Dupla";"Reta";"Urbano";2;0;0;0;2;0;0;2
83448162;"17/03/16";"Quinta";"02:20:00";"PR";277;"237,8";"IRATI";"Ingestão de álcool";"Colisão com objeto fixo";"Sem Vítimas";"Plena noite";"Decrescente";"Ceu Claro";"Simples";"Reta";"Rural";1;0;0;0;1;0;0;1
83448163;"17/03/16";"Quinta";"01:00:00";"MS";163;"91,3";"ITAQUIRAI";"Falta de atenção";"Saída de Pista";"Com Vítimas Feridas";"Plena noite";"Crescente";"Ceu Claro";"Simples";"Reta";"Rural";1;0;1;0;0;0;1;1
83448164;"16/03/16";"Quarta";"19:15:00";"MG";381;"726,8";"CARMO DA CACHOEIRA";"Velocidade incompatível";"Colisão com objeto fixo";"Sem Vítimas";"Anoitecer";"Crescente";"Chuva";"Dupla";"Curva";"Rural";1;0;0;0;1;0;0;1
83448165;"16/03/16";"Quarta";"20:15:00";"MS";60;"75";"AGUA CLARA";"Falta de atenção";"Saída de Pista";"Sem Vítimas";"Plena noite";"Decrescente";"Nublado";"Simples";"Curva";"Rural";1;0;0;0;1;0;0;1
83448166;"16/03/16";"Quarta";"21:30:00";"MT";70;"685";"CACERES";"Outras";"Saída de Pista";"Com Vítimas Feridas";"Plena noite";"Decrescente";"Ceu Claro";"Simples";"Reta";"Rural";1;0;0;1;0;0;1;1
83448167;"16/03/16";"Quarta";"20:00:00";"SP";153;"64";"SAO JOSE DO RIO PRETO";"Falta de atenção";"Colisão traseira";"Sem Vítimas";"Plena noite";"Decrescente";"Ceu Claro";"Dupla";"Reta";"Urbano";2;0;0;0;2;0;0;2
83448168;"17/03/16";"Quinta";"01:30:00";"RS";153;"346,7";"NOVO CABRAIS";"Falta de atenção";"Colisão Transversal";"Com Vítimas Feridas";"Plena noite";"Crescente";"Ceu Claro";"Simples";"Curva";"Rural";2;0;1;0;1;0;1;2
83448170;"16/03/16";"Quarta";"15:30:00";"RJ";101;"511";"ANGRA DOS REIS";"Outras";"Colisão frontal";"Com Vítimas Feridas";"Pleno dia";"Crescente";"Chuva";"Simples";"Reta";"Urbano";2;0;1;0;1;0;1;2
83448171;"16/03/16";"Quarta";"08:25:00";"BA";116;"685,7";"JEQUIE";"Não guardar distância de segurança";"Colisão traseira";"Sem Vítimas";"Pleno dia";"Crescente";"Sol";"Simples";"Reta";"Rural";3;0;0;0;3;0;0;3
83448172;"16/03/16";"Quarta";"17:20:00";"RJ";116;"125";"MAGE";"Falta de atenção";"Saída de Pista";"Sem Vítimas";"Pleno dia";"Decrescente";"Chuva";"Dupla";"Curva";"Rural";1;0;0;0;1;0;0;1
83448173;"12/03/16";"Sábado";"21:40:00";"ES";101;"67";"SAO MATEUS";"Desobediência à sinalização";"Colisão Transversal";"Com Vítimas Feridas";"Plena noite";"Decrescente";"Ceu Claro";"Dupla";"Cruzamento";"Urbano";2;0;1;0;1;0;1;2
83448174;"16/03/16";"Quarta";"11:50:00";"RO";319;"62,1";"PORTO VELHO";"Falta de atenção";"Colisão lateral";"Sem Vítimas";"Pleno dia";"Crescente";"Chuva";"Múltipla";"Reta";"Urbano";2;0;0;0;2;0;0;2
83448175;"16/03/16";"Quarta";"18:00:00";"SC";101;"128,7";"BALNEARIO CAMBORIU";"Outras";"Saída de Pista";"Sem Vítimas";"Anoitecer";"Crescente";"Ceu Claro";"Dupla";"Reta";"Urbano";1;0;0;0;1;0;0;1
83448176;"09/03/16";"Quarta";"10:00:00";"MG";40;"511";"RIBEIRAO DAS NEVES";"Outras";"Atropelamento de pessoa";"Com Vítimas Feridas";"Pleno dia";"Crescente";"Ceu Claro";"Dupla";"Reta";"Urbano";2;0;0;2;0;0;2;1
83448177;"09/03/16";"Quarta";"06:50:00";"PR";376;"671,5";"GUARATUBA";"Falta de atenção";"Colisão com objeto móvel";"Com Vítimas Feridas";"Pleno dia";"Crescente";"Ceu Claro";"Dupla";"Reta";"Rural";2;0;0;1;1;0;1;2
83448178;"16/03/16";"Quarta";"17:10:00";"SP";116;"165";"JACAREI";"Não guardar distância de segurança";"Colisão com objeto fixo";"Sem Vítimas";"Pleno dia";"Decrescente";"Nublado";"Múltipla";"Reta";"Urbano";1;0;0;0;1;0;0;1
83448179;"16/03/16";"Quarta";"09:50:00";"RJ";116;"323,7";"ITATIAIA";"Outras";"Atropelamento de pessoa";"Com Vítimas Feridas";"Pleno dia";"Decrescente";"Nublado";"Dupla";"Reta";"Urbano";3;0;2;0;0;1;2;2
83448180;"16/03/16";"Quarta";"15:50:00";"MT";364;"204";"RONDONOPOLIS";"Falta de atenção";"Colisão lateral";"Com Vítimas Feridas";"Pleno dia";"Crescente";"Ceu Claro";"Dupla";"Reta";"Urbano";3;0;1;0;2;0;1;2
83448181;"17/03/16";"Quinta";"01:15:00";"MG";381;"561,5";"ITAGUARA";"Velocidade incompatível";"Tombamento";"Com Vítimas Feridas";"Plena noite";"Crescente";"Ceu Claro";"Dupla";"Curva";"Rural";1;0;0;1;0;0;1;1
83448184;"16/03/16";"Quarta";"22:00:00";"MS";163;"348,3";"NOVA ALVORADA DO SUL";"Outras";"Saída de Pista";"Sem Vítimas";"Plena noite";"Decrescente";"Ceu Claro";"Simples";"Curva";"Rural";1;0;0;0;1;0;0;1
83448185;"17/03/16";"Quinta";"05:30:00";"PR";277;"102,7";"CAMPO LARGO";"Outras";"Derramamento de Carga";"Sem Vítimas";"Amanhecer";"Decrescente";"Nevoeiro/neblina";"Dupla";"Curva";"Rural";1;0;0;0;1;0;0;1
83448186;"16/03/16";"Quarta";"23:59:00";"MG";381;"481";"CONTAGEM";"Falta de atenção";"Colisão lateral";"Com Vítimas Feridas";"Plena noite";"Crescente";"Ceu Claro";"Dupla";"Reta";"Urbano";2;0;1;0;1;0;1;2
83448187;"17/03/16";"Quinta";"05:30:00";"MG";381;"493";"BETIM";"Outras";"Colisão traseira";"Com Vítimas Feridas";"Amanhecer";"Decrescente";"Ceu Claro";"Dupla";"Reta";"Urbano";2;0;1;0;1;0;1;2
83448188;"13/03/16";"Domingo";"18:30:00";"MG";135;"376";"MONTES CLAROS";"Ingestão de álcool";"Colisão lateral";"Com Vítimas Feridas";"Anoitecer";"Crescente";"Ceu Claro";"Simples";"Reta";"Rural";2;0;1;0;1;0;1;2
83448189;"12/03/16";"Sábado";"07:15:00";"SC";101;"355";"SANGAO";"Dormindo";"Saída de Pista";"Sem Vítimas";"Pleno dia";"Crescente";"Chuva";"Dupla";"Reta";"Rural";1;0;0;0;1;0;0;1
83448190;"13/03/16";"Domingo";"02:00:00";"DF";60;"11";"BRASILIA";"Outras";"Colisão com objeto fixo";"Ignorado";"Plena noite";"Crescente";"Ceu Claro";"Dupla";"Reta";"Rural";1;0;0;0;0;1;0;1
83448192;"17/03/16";"Quinta";"06:30:00";"GO";452;"36";"SANTA HELENA DE GOIAS";"Defeito mecânico em veículo";"Queda de motocicleta / bicicleta / veículo";"Com Vítimas Feridas";"Pleno dia";"Decrescente";"Ceu Claro";"Simples";"Reta";"Rural";2;0;1;0;1;0;1;1
83448193;"16/03/16";"Quarta";"23:59:00";"RO";319;"64,1";"PORTO VELHO";"Ingestão de álcool";"Colisão traseira";"Com Vítimas Feridas";"Plena noite";"Crescente";"Ceu Claro";"Múltipla";"Reta";"Urbano";2;0;1;0;1;0;1;2
83448194;"11/03/16";"Sexta";"20:15:00";"GO";153;"504,5";"APARECIDA DE GOIANIA";"Outras";"Colisão com objeto fixo";"Sem Vítimas";"Plena noite";"Decrescente";"Chuva";"Dupla";"Reta";"Urbano";1;0;0;0;1;0;0;1
83448195;"17/03/16";"Quinta";"06:50:00";"MG";365;"688,2";"MONTE ALEGRE DE MINAS";"Defeito mecânico em veículo";"Colisão traseira";"Com Vítimas Feridas";"Pleno dia";"Crescente";"Ceu Claro";"Dupla";"Reta";"Urbano";4;0;1;0;3;0;1;3
83448196;"17/01/16";"Domingo";"21:00:00";"RS";116;"305";"GUAIBA";"Falta de atenção";"Colisão Transversal";"Com Vítimas Feridas";"Plena noite";"Decrescente";"Ceu Claro";"Simples";"Reta";"Rural";5;0;1;0;4;0;1;2
83448197;"13/03/16";"Domingo";"21:00:00";"RS";386;"435";"NOVA SANTA RITA";"Velocidade incompatível";"Colisão Transversal";"Com Vítimas Feridas";"Plena noite";"Crescente";"Ceu Claro";"Dupla";"Cruzamento";"Urbano";5;0;3;1;1;0;4;2
83448198;"14/03/16";"Segunda";"06:35:00";"RS";392;"99";"MORRO REDONDO";"Outras";"Colisão frontal";"Sem Vítimas";"Amanhecer";"Crescente";"Ceu Claro";"Simples";"Reta";"Rural";2;0;0;0;2;0;0;2
83448199;"14/03/16";"Segunda";"00:10:00";"SC";101;"119";"ITAJAI";"Outras";"Queda de motocicleta / bicicleta / veículo";"Com Vítimas Feridas";"Plena noite";"Crescente";"Nublado";"Dupla";"Reta";"Rural";1;0;1;0;0;0;1;1
83448200;"13/03/16";"Domingo";"22:00:00";"PE";232;"30,6";"MORENO";"Falta de atenção";"Capotamento";"Com Vítimas Feridas";"Plena noite";"Decrescente";"Ceu Claro";"Dupla";"Curva";"Urbano";2;0;0;1;1;0;1;1
83448201;"10/03/16";"Quinta";"01:30:00";"RJ";101;"321";"NITEROI";"Falta de atenção";"Atropelamento de pessoa";"Com Vítimas Feridas";"Plena noite";"Crescente";"Ceu Claro";"Dupla";"Reta";"Urbano";2;0;2;0;0;0;2;1
83448202;"13/03/16";"Domingo";"17:20:00";"MG";116;"554,5";"SANTA BARBARA DO LESTE";"Velocidade incompatível";"Colisão frontal";"Com Vítimas Feridas";"Anoitecer";"Crescente";"Chuva";"Simples";"Curva";"Rural";4;0;3;0;1;0;3;2
83448203;"16/01/16";"Sábado";"13:10:00";"RN";226;"102,6";"SANTA CRUZ";"Ingestão de álcool";"Colisão lateral";"Sem Vítimas";"Pleno dia";"Crescente";"Sol";"Simples";"Reta";"Rural";2;0;0;0;2;0;0;2
83448204;"13/03/16";"Domingo";"19:30:00";"PE";101;"156";"GAMELEIRA";"Desobediência à sinalização";"Colisão lateral";"Sem Vítimas";"Plena noite";"Decrescente";"Nublado";"Dupla";"Reta";"Rural";2;0;0;0;1;1;0;2
83448205;"16/03/16";"Quarta";"14:50:00";"BA";116;"669,3";"JEQUIE";"Falta de atenção";"Colisão Transversal";"Com Vítimas Fatais";"Pleno dia";"Decrescente";"Ceu Claro";"Simples";"Cruzamento";"Rural";6;1;2;3;0;0;5;2
83448206;"14/03/16";"Segunda";"05:05:00";"MG";40;"765,7";"JUIZ DE FORA";"Dormindo";"Colisão com objeto fixo";"Sem Vítimas";"Plena noite";"Crescente";"Nublado";"Simples";"Reta";"Rural";2;0;0;0;2;0;0;1
83448207;"17/03/16";"Quinta";"07:30:00";"RS";386;"437,8";"NOVA SANTA RITA";"Falta de atenção";"Colisão traseira";"Sem Vítimas";"Pleno dia";"Crescente";"Ceu Claro";"Dupla";"Reta";"Rural";2;0;0;0;2;0;0;2
83448208;"17/03/16";"Quinta";"08:00:00";"SC";101;"99,9";"PICARRAS";"Falta de atenção";"Tombamento";"Com Vítimas Feridas";"Pleno dia";"Decrescente";"Ceu Claro";"Dupla";"Reta";"Urbano";2;0;1;0;1;0;1;2
83448209;"09/03/16";"Quarta";"02:10:00";"SC";101;"204,3";"SAO JOSE";"Ingestão de álcool";"Saída de Pista";"Sem Vítimas";"Plena noite";"Decrescente";"Ceu Claro";"Dupla";"Reta";"Urbano";1;0;0;0;1;0;0;1
83448210;"14/03/16";"Segunda";"21:30:00";"RS";116;"108,8";"SAO MARCOS";"Ingestão de álcool";"Saída de Pista";"Ignorado";"Plena noite";"Crescente";"Ceu Claro";"Múltipla";"Reta";"Rural";1;0;0;0;0;1;0;1
83448211;"14/03/16";"Segunda";"04:00:00";"MA";230;"8,5";"BARAO DE GRAJAU";"Animais na Pista";"Atropelamento de animal";"Sem Vítimas";"Plena noite";"Decrescente";"Nevoeiro/neblina";"Simples";"Reta";"Rural";3;0;0;0;3;0;0;1
83448212;"19/01/16";"Terça";"08:30:00";"PA";316;"3,5";"ANANINDEUA";"Não guardar distância de segurança";"Colisão traseira";"Sem Vítimas";"Pleno dia";"Decrescente";"Ceu Claro";"Dupla";"Reta";"Urbano";2;0;0;0;2;0;0;2
83448213;"13/03/16";"Domingo";"10:30:00";"ES";101;"438";"ATILIO VIVACQUA";"Defeito mecânico em veículo";"Tombamento";"Sem Vítimas";"Pleno dia";"Crescente";"Chuva";"Simples";"Reta";"Rural";1;0;0;0;1;0;0;1
83448214;"09/01/16";"Sábado";"18:30:00";"MG";356;"265";"MURIAE";"Falta de atenção";"Colisão lateral";"Com Vítimas Feridas";"Anoitecer";"Crescente";"Ignorada";"Simples";"Reta";"Urbano";2;0;0;1;1;0;1;2
83448215;"16/03/16";"Quarta";"19:30:00";"MT";364;"605,5";"DIAMANTINO";"Outras";"Colisão Transversal";"Com Vítimas Feridas";"Plena noite";"Crescente";"Ceu Claro";"Simples";"Reta";"Rural";2;0;0;1;0;1;1;2
83448216;"14/03/16";"Segunda";"04:10:00";"SP";116;"363";"MIRACATU";"Velocidade incompatível";"Tombamento";"Com Vítimas Feridas";"Plena noite";"Decrescente";"Ceu Claro";"Dupla";"Curva";"Rural";1;0;1;0;0;0;1;1
83448217;"17/03/16";"Quinta";"07:45:00";"PR";476;"0";"CURITIBA";"Velocidade incompatível";"Colisão traseira";"Com Vítimas Feridas";"Pleno dia";"Decrescente";"Nublado";"Dupla";"Reta";"Rural";6;0;1;1;4;0;2;5
83448218;"09/01/16";"Sábado";"19:30:00";"MG";40;"519";"CONTAGEM";"Outras";"Atropelamento de pessoa";"Com Vítimas Fatais";"Plena noite";"Decrescente";"Ignorada";"Dupla";"Reta";"Urbano";2;1;0;0;1;0;0;1
83448220;"17/03/16";"Quinta";"05:50:00";"PR";153;"38";"SANTO ANTONIO DA PLATINA";"Ingestão de álcool";"Colisão lateral";"Com Vítimas Feridas";"Plena noite";"Decrescente";"Ceu Claro";"Simples";"Reta";"Rural";2;0;1;0;1;0;1;2
83448221;"17/03/16";"Quinta";"07:40:00";"SC";101;"417,4";"ARARANGUA";"Outras";"Queda de motocicleta / bicicleta / veículo";"Com Vítimas Feridas";"Pleno dia";"Decrescente";"Ceu Claro";"Dupla";"Reta";"Urbano";2;0;2;0;0;0;2;1
83448222;"17/03/16";"Quinta";"06:50:00";"PE";232;"9,8";"JABOATAO DOS GUARARAPES";"Não guardar distância de segurança";"Colisão traseira";"Sem Vítimas";"Pleno dia";"Decrescente";"Chuva";"Dupla";"Reta";"Urbano";3;0;0;0;3;0;0;3
83448223;"12/03/16";"Sábado";"04:50:00";"SC";163;"75,2";"SAO MIGUEL DOESTE";"Ingestão de álcool";"Saída de Pista";"Com Vítimas Feridas";"Plena noite";"Crescente";"Ceu Claro";"Simples";"Curva";"Rural";2;0;2;0;0;0;2;1
83448224;"14/03/16";"Segunda";"02:40:00";"GO";153;"597,8";"MORRINHOS";"Falta de atenção";"Saída de Pista";"Com Vítimas Fatais";"Plena noite";"Decrescente";"Ignorada";"Simples";"Cruzamento";"Rural";1;1;0;0;0;0;0;1
83448225;"31/01/16";"Domingo";"11:55:00";"RS";116;"39,3";"VACARIA";"Falta de atenção";"Colisão Transversal";"Sem Vítimas";"Pleno dia";"Crescente";"Chuva";"Simples";"Cruzamento";"Urbano";2;0;0;0;2;0;0;2
83448226;"15/03/16";"Terça";"13:30:00";"MG";40;"602,3";"CONGONHAS";"Defeito mecânico em veículo";"Colisão frontal";"Com Vítimas Feridas";"Pleno dia";"Decrescente";"Sol";"Simples";"Curva";"Urbano";4;0;1;2;1;0;3;3
83448227;"16/03/16";"Quarta";"01:20:00";"MS";60;"528";"NIOAQUE";"Velocidade incompatível";"Saída de Pista";"Sem Vítimas";"Plena noite";"Crescente";"Ceu Claro";"Simples";"Reta";"Urbano";2;0;0;0;2;0;0;1
83448228;"16/03/16";"Quarta";"11:30:00";"BA";116;"617,2";"JAGUAQUARA";"Ultrapassagem indevida";"Tombamento";"Sem Vítimas";"Pleno dia";"Decrescente";"Ceu Claro";"Simples";"Reta";"Rural";1;0;0;0;1;0;0;1
83448229;"17/03/16";"Quinta";"10:00:00";"AL";101;"137";"SAO MIGUEL DOS CAMPOS";"Defeito mecânico em veículo";"Incêndio";"Sem Vítimas";"Pleno dia";"Crescente";"Ceu Claro";"Simples";"Curva";"Urbano";1;0;0;0;1;0;0;1
83448230;"14/03/16";"Segunda";"16:00:00";"MT";174;"81";"GLORIA DOESTE";"Não guardar distância de segurança";"Colisão traseira";"Sem Vítimas";"Pleno dia";"Decrescente";"Sol";"Simples";"Reta";"Rural";3;0;0;0;3;0;0;3
83448231;"17/03/16";"Quinta";"06:05:00";"MS";60;"448,7";"SIDROLANDIA";"Falta de atenção";"Atropelamento de pessoa";"Com Vítimas Fatais";"Pleno dia";"Crescente";"Ceu Claro";"Simples";"Curva";"Rural";2;1;0;0;1;0;0;1
83448232;"14/03/16";"Segunda";"05:40:00";"GO";153;"576";"PROFESSOR JAMIL";"Velocidade incompatível";"Saída de Pista";"Sem Vítimas";"Amanhecer";"Crescente";"Chuva";"Dupla";"Curva";"Rural";1;0;0;0;1;0;0;1
83448233;"29/01/16";"Sexta";"16:30:00";"PA";155;"338";"MARABA";"Falta de atenção";"Saída de Pista";"Sem Vítimas";"Pleno dia";"Decrescente";"Ceu Claro";"Simples";"Reta";"Rural";2;0;0;0;2;0;0;1
83448234;"14/01/16";"Quinta";"07:20:00";"RS";285;"600,5";"SANTO ANTONIO DAS MISSOES";"Dormindo";"Saída de Pista";"Sem Vítimas";"Pleno dia";"Decrescente";"Ceu Claro";"Simples";"Reta";"Rural";1;0;0;0;1;0;0;1
83448235;"17/03/16";"Quinta";"08:00:00";"MA";10;"281";"IMPERATRIZ";"Defeito na via";"Saída de Pista";"Com Vítimas Feridas";"Pleno dia";"Decrescente";"Sol";"Simples";"Reta";"Rural";5;0;5;0;0;0;5;1
83448236;"16/03/16";"Quarta";"02:50:00";"PI";316;"36,7";"LAGOA DO PIAUI";"Velocidade incompatível";"Saída de Pista";"Com Vítimas Fatais";"Plena noite";"Decrescente";"Nublado";"Simples";"Curva";"Rural";7;2;1;4;0;0;5;1
83448237;"12/03/16";"Sábado";"17:20:00";"PI";343;"334,2";"TERESINA";"Outras";"Saída de Pista";"Com Vítimas Feridas";"Pleno dia";"Crescente";"Nublado";"Simples";"Curva";"Urbano";1;0;0;1;0;0;1;1