"id";"data_inversa";"dia_semana";"horario";"uf";"br";"km";"municipio";"causa_acidente";"tipo_acidente";"classificacao_acidente";"fase_dia";"sentido_via";"condicao_metereologica";"tipo_pista";"tracado_via";"uso_solo";"pessoas";"mortos";"feridos_leves";"feridos_graves";"ilesos";"ignorados";"feridos";"veiculos"
83448238;"16/03/16";"Quarta";"14:30:00";"BA";101;"161";"CONCEICAO DO JACUIPE";"Falta de atenção";"Colisão lateral";"Sem Vítimas";"Pleno dia";"Decrescente";"Ceu Claro";"Simples";"Reta";"Rural";2;0;0;0;2;0;0;2
83448239;"16/03/16";"Quarta";"06:30:00";"RO";364;"227,8";"CACOAL";"Defeito na via";"Tombamento";"Com Vítimas Feridas";"Amanhecer";"Crescente";"Chuva";"Simples";"Reta";"Rural";2;0;0;1;1;0;1;1
83448240;"14/03/16";"Segunda";"05:30:00";"GO";153;"649";"MORRINHOS";"Dormindo";"Capotamento";"Com Vítimas Feridas";"Amanhecer";"Crescente";"Chuva";"Dupla";"Reta";"Rural";1;0;1;0;0;0;1;1
83448241;"05/02/16";"Sexta";"12:30:00";"PA";316;"5,2";"ANANINDEUA";"Desobediência à sinalização";"Colisão com bicicleta";"Com Vítimas Feridas";"Pleno dia";"Crescente";"Sol";"Dupla";"Reta";"Urbano";2;0;0;1;0;1;1;2
83448242;"17/03/16";"Quinta";"10:10:00";"PR";163;"351";"GUAIRA";"Falta de atenção";"Colisão traseira";"Sem Vítimas";"Pleno dia";"Crescente";"Sol";"Simples";"Reta";"Rural";6;0;0;0;6;0;0;5
83448243;"17/03/16";"Quinta";"06:10:00";"RS";116;"89,8";"CAMPESTRE DA SERRA";"Falta de atenção";"Colisão Transversal";"Sem Vítimas";"Amanhecer";"Decrescente";"Ceu Claro";"Simples";"Curva";"Rural";3;0;0;0;3;0;0;2
83448244;"07/02/16";"Domingo";"14:37:00";"PA";10;"19";"DOM ELISEU";"Dormindo";"Colisão frontal";"Com Vítimas Feridas";"Pleno dia";"Crescente";"Ceu Claro";"Simples";"Reta";"Urbano";4;0;2;0;2;0;2;2
83448245;"08/02/16";"Segunda";"00:48:00";"PA";10;"82";"ULIANOPOLIS";"Ingestão de álcool";"Colisão lateral";"Com Vítimas Feridas";"Plena noite";"Decrescente";"Nublado";"Simples";"Reta";"Rural";3;0;1;2;0;0;3;2
83448246;"14/03/16";"Segunda";"04:40:00";"CE";20;"423,9";"MARACANAU";"Falta de atenção";"Tombamento";"Sem Vítimas";"Amanhecer";"Crescente";"Chuva";"Simples";"Reta";"Rural";1;0;0;0;1;0;0;1
83448247;"24/02/16";"Quarta";"11:30:00";"SC";280;"66";"JARAGUA DO SUL";"Falta de atenção";"Colisão Transversal";"Sem Vítimas";"Pleno dia";"Crescente";"Ceu Claro";"Simples";"Cruzamento";"Urbano";2;0;0;0;2;0;0;2
83448248;"16/03/16";"Quarta";"18:30:00";"PE";232;"128";"CARUARU";"Ingestão de álcool";"Capotamento";"Sem Vítimas";"Anoitecer";"Crescente";"Nublado";"Dupla";"Reta";"Urbano";1;0;0;0;1;0;0;1
83448249;"17/03/16";"Quinta";"09:30:00";"ES";101;"301,2";"VIANA";"Velocidade incompatível";"Colisão traseira";"Sem Vítimas";"Pleno dia";"Crescente";"Nublado";"Múltipla";"Curva";"Urbano";3;0;0;0;3;0;0;3
83448250;"10/01/16";"Domingo";"01:45:00";"ES";262;"193";"IUNA";"Outras";"Queda de motocicleta / bicicleta / veículo";"Com Vítimas Feridas";"Plena noite";"Decrescente";"Chuva";"Simples";"Reta";"Rural";2;0;1;0;1;0;1;2
83448251;"17/03/16";"Quinta";"11:05:00";"MG";365;"622,4";"UBERLANDIA";"Falta de atenção";"Colisão traseira";"Com Vítimas Feridas";"Pleno dia";"Crescente";"Ceu Claro";"Dupla";"Reta";"Urbano";2;0;1;0;1;0;1;2
83448252;"11/03/16";"Sexta";"09:40:00";"ES";101;"190,5";"ARACRUZ";"Desobediência à sinalização";"Colisão Transversal";"Com Vítimas Feridas";"Pleno dia";"Decrescente";"Nublado";"Simples";"Curva";"Rural";2;0;1;0;0;1;1;2
83448253;"13/03/16";"Domingo";"18:00:00";"PB";104;"83,7";"REMIGIO";"Outras";"Colisão com bicicleta";"Com Vítimas Feridas";"Plena noite";"Decrescente";"Vento";"Simples";"Curva";"Rural";2;0;0;2;0;0;2;2
83448254;"13/03/16";"Domingo";"12:15:00";"ES";262;"35,5";"DOMINGOS MARTINS";"Velocidade incompatível";"Tombamento";"Com Vítimas Feridas";"Pleno dia";"Decrescente";"Chuva";"Simples";"Curva";"Rural";1;0;1;0;0;0;1;1
83448255;"10/03/16";"Quinta";"19:55:00";"SC";280;"27";"ARAQUARI";"Não guardar distância de segurança";"Colisão traseira";"Com Vítimas Feridas";"Plena noite";"Crescente";"Ceu Claro";"Simples";"Reta";"Urbano";2;0;0;1;1;0;1;2
83448256;"17/03/16";"Quinta";"07:45:00";"PR";376;"174,2";"MARINGA";"Desobediência à sinalização";"Colisão Transversal";"Com Vítimas Feridas";"Pleno dia";"Decrescente";"Ceu Claro";"Dupla";"Cruzamento";"Urbano";2;0;1;0;1;0;1;2
83448257;"17/03/16";"Quinta";"07:40:00";"ES";101;"301";"VIANA";"Outras";"Danos Eventuais";"Com Vítimas Feridas";"Pleno dia";"Decrescente";"Nublado";"Dupla";"Reta";"Urbano";2;0;1;0;1;0;1;2
83448258;"11/03/16";"Sexta";"23:20:00";"SC";280;"70";"JARAGUA DO SUL";"Falta de atenção";"Colisão traseira";"Sem Vítimas";"Plena noite";"Decrescente";"Nublado";"Simples";"Cruzamento";"Urbano";2;0;0;0;2;0;0;2
83448259;"17/03/16";"Quinta";"12:30:00";"SE";101;"103,8";"SAO CRISTOVAO";"Outras";"Capotamento";"Com Vítimas Feridas";"Pleno dia";"Decrescente";"Chuva";"Dupla";"Reta";"Rural";1;0;1;0;0;0;1;1
83448260;"17/03/16";"Quinta";"10:00:00";"MG";262;"527,3";"LUZ";"Desobediência à sinalização";"Saída de Pista";"Com Vítimas Feridas";"Pleno dia";"Decrescente";"Sol";"Simples";"Reta";"Rural";4;0;3;0;1;0;3;1
83448261;"14/02/16";"Domingo";"19:10:00";"MG";459;"70,2";"SENADOR JOSE BENTO";"Defeito mecânico em veículo";"Tombamento";"Com Vítimas Feridas";"Anoitecer";"Crescente";"Ceu Claro";"Simples";"Curva";"Rural";4;0;4;0;0;0;4;1
83448262;"17/03/16";"Quinta";"11:30:00";"PR";116;"143";"MANDIRITUBA";"Não guardar distância de segurança";"Colisão traseira";"Sem Vítimas";"Pleno dia";"Decrescente";"Sol";"Simples";"Reta";"Rural";2;0;0;0;2;0;0;2
83448263;"17/03/16";"Quinta";"12:00:00";"PE";101;"3";"GOIANA";"Outras";"Saída de Pista";"Sem Vítimas";"Pleno dia";"Crescente";"Chuva";"Dupla";"Reta";"Rural";1;0;0;0;1;0;0;1
83448264;"17/03/16";"Quinta";"10:50:00";"MT";364;"58";"ALTO GARCAS";"Desobediência à sinalização";"Colisão Transversal";"Sem Vítimas";"Pleno dia";"Crescente";"Ceu Claro";"Simples";"Reta";"Urbano";2;0;0;0;1;1;0;2
83448265;"17/03/16";"Quinta";"11:35:00";"AL";101;"136";"SAO MIGUEL DOS CAMPOS";"Falta de atenção";"Colisão Transversal";"Com Vítimas Feridas";"Pleno dia";"Crescente";"Ceu Claro";"Simples";"Reta";"Urbano";17;0;3;0;14;0;3;2
83448267;"17/03/16";"Quinta";"12:20:00";"PR";158;"204,1";"PEABIRU";"Falta de atenção";"Colisão traseira";"Com Vítimas Fatais";"Pleno dia";"Crescente";"Ceu Claro";"Múltipla";"Reta";"Rural";2;1;0;0;1;0;0;2
83448268;"13/03/16";"Domingo";"06:50:00";"MG";116;"693,7";"MURIAE";"Outras";"Queda de motocicleta / bicicleta / veículo";"Com Vítimas Feridas";"Plena noite";"Decrescente";"Ceu Claro";"Simples";"Reta";"Rural";2;0;1;0;0;1;1;1
83448269;"17/03/16";"Quinta";"07:30:00";"MG";153;"138,3";"PRATA";"Defeito mecânico em veículo";"Derramamento de Carga";"Sem Vítimas";"Pleno dia";"Crescente";"Ceu Claro";"Simples";"Reta";"Rural";1;0;0;0;1;0;0;1
83448270;"17/03/16";"Quinta";"08:10:00";"GO";50;"226";"CAMPO ALEGRE DE GOIAS";"Falta de atenção";"Colisão traseira";"Sem Vítimas";"Pleno dia";"Decrescente";"Ceu Claro";"Múltipla";"Reta";"Rural";3;0;0;0;3;0;0;3
83448272;"17/03/16";"Quinta";"12:15:00";"SC";101;"111,8";"NAVEGANTES";"Velocidade incompatível";"Queda de motocicleta / bicicleta / veículo";"Com Vítimas Feridas";"Pleno dia";"Crescente";"Ceu Claro";"Dupla";"Reta";"Urbano";1;0;1;0;0;0;1;1
83448273;"17/03/16";"Quinta";"13:30:00";"SC";101;"175,8";"BIGUACU";"Outras";"Tombamento";"Com Vítimas Feridas";"Pleno dia";"Crescente";"Ceu Claro";"Dupla";"Curva";"Urbano";1;0;0;1;0;0;1;1
83448275;"17/03/16";"Quinta";"10:00:00";"SC";116;"162,3";"PONTE ALTA DO NORTE";"Velocidade incompatível";"Colisão lateral";"Com Vítimas Feridas";"Pleno dia";"Decrescente";"Ceu Claro";"Simples";"Curva";"Rural";2;0;0;1;1;0;1;2
83448276;"17/03/16";"Quinta";"08:00:00";"ES";101;"293";"CARIACICA";"Desobediência à sinalização";"Colisão Transversal";"Com Vítimas Feridas";"Pleno dia";"Crescente";"Ceu Claro";"Dupla";"Cruzamento";"Urbano";2;0;1;0;1;0;1;2
83448277;"17/03/16";"Quinta";"10:30:00";"SP";116;"62,4";"GUARATINGUETA";"Ultrapassagem indevida";"Colisão com objeto móvel";"Sem Vítimas";"Pleno dia";"Crescente";"Sol";"Dupla";"Reta";"Urbano";1;0;0;0;1;0;0;1
83448278;"17/03/16";"Quinta";"13:15:00";"MG";116;"702,2";"MURIAE";"Falta de atenção";"Capotamento";"Com Vítimas Feridas";"Pleno dia";"Decrescente";"Sol";"Simples";"Cruzamento";"Urbano";2;0;1;0;1;0;1;2
83448280;"15/03/16";"Terça";"02:50:00";"ES";101;"315,9";"VILA VELHA";"Outras";"Saída de Pista";"Com Vítimas Feridas";"Plena noite";"Crescente";"Ceu Claro";"Simples";"Curva";"Rural";1;0;0;1;0;0;1;1
83448281;"13/03/16";"Domingo";"18:45:00";"PI";343;"264,9";"CAMPO MAIOR";"Falta de atenção";"Colisão frontal";"Com Vítimas Feridas";"Plena noite";"Decrescente";"Nublado";"Simples";"Cruzamento";"Urbano";2;0;1;1;0;0;2;2
83448282;"15/03/16";"Terça";"12:03:00";"PR";277;"336";"GUARAPUAVA";"Defeito na via";"Queda de motocicleta / bicicleta / veículo";"Com Vítimas Feridas";"Pleno dia";"Crescente";"Chuva";"Dupla";"Reta";"Rural";1;0;0;1;0;0;1;1
83448283;"17/03/16";"Quinta";"05:30:00";"BA";101;"543";"SAO JOSE DA VITORIA";"Velocidade incompatível";"Colisão frontal";"Com Vítimas Fatais";"Amanhecer";"Decrescente";"Chuva";"Simples";"Curva";"Rural";5;2;1;2;0;0;3;2
83448284;"17/03/16";"Quinta";"13:20:00";"RS";153;"47";"ERECHIM";"Falta de atenção";"Colisão Transversal";"Com Vítimas Feridas";"Pleno dia";"Decrescente";"Sol";"Simples";"Reta";"Urbano";3;0;2;0;1;0;2;2
83448285;"11/03/16";"Sexta";"05:20:00";"MG";381;"449";"SABARA";"Outras";"Tombamento";"Sem Vítimas";"Amanhecer";"Decrescente";"Ceu Claro";"Simples";"Reta";"Rural";1;0;0;0;1;0;0;1
83448286;"17/03/16";"Quinta";"07:30:00";"CE";230;"1,4";"IPAUMIRIM";"Defeito na via";"Capotamento";"Com Vítimas Feridas";"Pleno dia";"Crescente";"Ceu Claro";"Simples";"Curva";"Rural";1;0;1;0;0;0;1;1
83448288;"17/03/16";"Quinta";"13:30:00";"SC";116;"126,5";"SANTA CECILIA";"Desobediência à sinalização";"Tombamento";"Com Vítimas Feridas";"Pleno dia";"Crescente";"Ceu Claro";"Simples";"Curva";"Rural";1;0;1;0;0;0;1;1
83448289;"28/02/16";"Domingo";"01:50:00";"PI";343;"2";"TERESINA";"Desobediência à sinalização";"Colisão Transversal";"Sem Vítimas";"Plena noite";"Crescente";"Ignorada";"Simples";"Curva";"Urbano";2;0;0;0;2;0;0;2
83448290;"17/03/16";"Quinta";"12:00:00";"BA";101;"554";"ARATACA";"Velocidade incompatível";"Saída de Pista";"Ignorado";"Pleno dia";"Crescente";"Chuva";"Simples";"Curva";"Rural";1;0;0;0;0;1;0;1
83448291;"17/03/16";"Quinta";"13:30:00";"SC";163;"70";"SAO MIGUEL DOESTE";"Falta de atenção";"Colisão traseira";"Sem Vítimas";"Pleno dia";"Crescente";"Ceu Claro";"Dupla";"Reta";"Urbano";2;0;0;0;2;0;0;2
83448292;"08/01/16";"Sexta";"07:40:00";"PB";230;"29";"JOAO PESSOA";"Falta de atenção";"Colisão lateral";"Sem Vítimas";"Pleno dia";"Decrescente";"Ceu Claro";"Dupla";"Reta";"Urbano";2;0;0;0;2;0;0;2
83448293;"17/03/16";"Quinta";"11:00:00";"PR";277;"35,4";"MORRETES";"Defeito mecânico em veículo";"Tombamento";"Sem Vítimas";"Pleno dia";"Decrescente";"Sol";"Dupla";"Reta";"Rural";1;0;0;0;1;0;0;1
83448295;"15/03/16";"Terça";"21:30:00";"PR";277;"349";"GUARAPUAVA";"Falta de atenção";"Colisão Transversal";"Com Vítimas Feridas";"Plena noite";"Decrescente";"Ceu Claro";"Simples";"Reta";"Urbano";2;0;0;1;1;0;1;2
83448296;"14/03/16";"Segunda";"12:50:00";"CE";222;"2";"SOBRAL";"Falta de atenção";"Colisão lateral";"Com Vítimas Feridas";"Pleno dia";"Decrescente";"Ceu Claro";"Simples";"Cruzamento";"Urbano";3;0;1;1;1;0;2;2
83448297;"15/03/16";"Terça";"19:50:00";"RJ";101;"44";"CAMPOS DOS GOYTACAZES";"Falta de atenção";"Colisão lateral";"Com Vítimas Feridas";"Plena noite";"Crescente";"Ceu Claro";"Simples";"Reta";"Rural";3;0;1;0;2;0;1;3
83448298;"17/03/16";"Quinta";"12:50:00";"PR";373;"477,8";"CORONEL VIVIDA";"Falta de atenção";"Colisão Transversal";"Sem Vítimas";"Pleno dia";"Crescente";"Ceu Claro";"Simples";"Reta";"Urbano";2;0;0;0;2;0;0;2
83448299;"17/03/16";"Quinta";"07:30:00";"RJ";116;"319";"ITATIAIA";"Outras";"Colisão lateral";"Sem Vítimas";"Pleno dia";"Crescente";"Nublado";"Múltipla";"Reta";"Rural";2;0;0;0;2;0;0;2
83448300;"17/03/16";"Quinta";"14:20:00";"SC";101;"345";"TUBARAO";"Falta de atenção";"Capotamento";"Com Vítimas Feridas";"Pleno dia";"Decrescente";"Sol";"Dupla";"Cruzamento";"Urbano";3;0;2;1;0;0;3;1
83448301;"17/03/16";"Quinta";"09:30:00";"SC";101;"335,1";"TUBARAO";"Não guardar distância de segurança";"Colisão Transversal";"Com Vítimas Feridas";"Pleno dia";"Crescente";"Sol";"Simples";"Reta";"Urbano";2;0;0;1;1;0;1;2
83448302;"17/03/16";"Quinta";"11:00:00";"PE";316;"28";"ARARIPINA";"Outras";"Colisão frontal";"Com Vítimas Feridas";"Pleno dia";"Decrescente";"Nublado";"Simples";"Curva";"Urbano";2;0;0;1;1;0;1;2
83448303;"09/01/16";"Sábado";"15:30:00";"RJ";101;"416";"MANGARATIBA";"Não guardar distância de segurança";"Colisão traseira";"Com Vítimas Feridas";"Pleno dia";"Crescente";"Sol";"Simples";"Reta";"Urbano";3;0;1;0;2;0;1;2
83448304;"17/03/16";"Quinta";"13:45:00";"BA";367;"82";"EUNAPOLIS";"Falta de atenção";"Colisão Transversal";"Com Vítimas Feridas";"Pleno dia";"Decrescente";"Ceu Claro";"Simples";"Reta";"Urbano";2;0;1;0;1;0;1;2
83448306;"17/03/16";"Quinta";"09:30:00";"ES";262;"160";"IBATIBA";"Outras";"Colisão Transversal";"Com Vítimas Feridas";"Pleno dia";"Crescente";"Nublado";"Simples";"Reta";"Urbano";2;0;0;1;1;0;1;2
83448307;"13/03/16";"Domingo";"19:40:00";"BA";101;"714";"EUNAPOLIS";"Falta de atenção";"Colisão Transversal";"Com Vítimas Feridas";"Plena noite";"Decrescente";"Ceu Claro";"Simples";"Reta";"Urbano";3;0;1;1;0;1;2;2
83448309;"16/03/16";"Quarta";"17:30:00";"SC";101;"207,3";"SAO JOSE";"Falta de atenção";"Colisão traseira";"Sem Vítimas";"Pleno dia";"Decrescente";"Sol";"Dupla";"Reta";"Urbano";2;0;0;0;2;0;0;2
83448310;"17/03/16";"Quinta";"08:15:00";"AC";364;"141";"RIO BRANCO";"Falta de atenção";"Atropelamento de pessoa";"Com Vítimas Feridas";"Pleno dia";"Decrescente";"Sol";"Simples";"Reta";"Urbano";2;0;1;0;1;0;1;1
83448311;"17/03/16";"Quinta";"09:50:00";"BA";324;"624";"SALVADOR";"Falta de atenção";"Colisão lateral";"Com Vítimas Feridas";"Pleno dia";"Crescente";"Ceu Claro";"Dupla";"Curva";"Urbano";3;0;1;0;2;0;1;2
83448312;"13/03/16";"Domingo";"07:20:00";"SC";101;"132,5";"BALNEARIO CAMBORIU";"Falta de atenção";"Colisão lateral";"Com Vítimas Feridas";"Pleno dia";"Decrescente";"Ceu Claro";"Simples";"Reta";"Urbano";2;0;1;0;1;0;1;2
83448313;"20/02/16";"Sábado";"19:50:00";"PI";316;"2";"TERESINA";"Outras";"Colisão lateral";"Com Vítimas Feridas";"Plena noite";"Decrescente";"Nublado";"Simples";"Reta";"Urbano";3;0;1;1;0;1;2;2
83448314;"17/03/16";"Quinta";"16:00:00";"MG";116;"275,2";"TEOFILO OTONI";"Outras";"Queda de motocicleta / bicicleta / veículo";"Com Vítimas Feridas";"Pleno dia";"Decrescente";"Sol";"Simples";"Reta";"Urbano";2;0;1;0;0;1;1;2
83448315;"22/02/16";"Segunda";"18:40:00";"PE";104;"104,4";"CUPIRA";"Falta de atenção";"Colisão frontal";"Com Vítimas Fatais";"Plena noite";"Crescente";"Ceu Claro";"Simples";"Reta";"Urbano";2;1;1;0;0;0;1;2
83448316;"17/03/16";"Quinta";"14:30:00";"RJ";40;"111";"DUQUE DE CAXIAS";"Outras";"Atropelamento de pessoa";"Com Vítimas Feridas";"Pleno dia";"Decrescente";"Nublado";"Múltipla";"Reta";"Urbano";2;0;0;1;1;0;1;1
83448317;"17/03/16";"Quinta";"11:40:00";"MS";60;"203";"CAMAPUA";"Outras";"Capotamento";"Com Vítimas Feridas";"Pleno dia";"Decrescente";"Ceu Claro";"Simples";"Reta";"Rural";1;0;1;0;0;0;1;1
83448319;"15/03/16";"Terça";"17:30:00";"DF";70;"11,8";"BRASILIA";"Outras";"Colisão Transversal";"Com Vítimas Feridas";"Pleno dia";"Crescente";"Ceu Claro";"Dupla";"Reta";"Rural";3;0;0;1;2;0;1;3
83448320;"13/03/16";"Domingo";"13:20:00";"RJ";356;"153";"CAMPOS DOS GOYTACAZES";"Outras";"Colisão Transversal";"Com Vítimas Feridas";"Pleno dia";"Crescente";"Ceu Claro";"Simples";"Curva";"Rural";2;0;1;0;1;0;1;2
83448321;"17/03/16";"Quinta";"09:20:00";"SC";101;"435,8";"SOMBRIO";"Desobediência à sinalização";"Colisão Transversal";"Com Vítimas Feridas";"Pleno dia";"Decrescente";"Ceu Claro";"Simples";"Reta";"Urbano";2;0;1;0;1;0;1;2
83448322;"17/03/16";"Quinta";"11:20:00";"MT";364;"137";"PEDRA PRETA";"Falta de atenção";"Saída de Pista";"Com Vítimas Feridas";"Pleno dia";"Crescente";"Sol";"Simples";"Curva";"Rural";2;0;1;0;1;0;1;1
83448323;"17/03/16";"Quinta";"13:40:00";"PR";376;"338,9";"ORTIGUEIRA";"Outras";"Saída de Pista";"Com Vítimas Feridas";"Pleno dia";"Crescente";"Ceu Claro";"Simples";"Curva";"Rural";2;0;1;0;1;0;1;1
83448324;"14/03/16";"Segunda";"17:45:00";"PI";230;"307";"FLORIANO";"Falta de atenção";"Colisão Transversal";"Com Vítimas Feridas";"Pleno dia";"Decrescente";"Ceu Claro";"Simples";"Reta";"Urbano";3;0;1;1;1;0;2;2
83448325;"14/03/16";"Segunda";"07:20:00";"PI";343;"348,3";"TERESINA";"Animais na Pista";"Atropelamento de animal";"Com Vítimas Feridas";"Pleno dia";"Crescente";"Ceu Claro";"Simples";"Reta";"Rural";1;0;1;0;0;0;1;1
83448326;"17/03/16";"Quinta";"10:30:00";"MS";163;"676";"RIO VERDE DE MATO GROSSO";"Velocidade incompatível";"Colisão traseira";"Sem Vítimas";"Pleno dia";"Crescente";"Ceu Claro";"Simples";"Reta";"Rural";2;0;0;0;2;0;0;2
83448327;"17/03/16";"Quinta";"15:50:00";"PB";104;"87,6";"REMIGIO";"Animais na Pista";"Atropelamento de animal";"Sem Vítimas";"Pleno dia";"Decrescente";"Chuva";"Simples";"Reta";"Urbano";1;0;0;0;1;0;0;1
83448328;"17/03/16";"Quinta";"08:40:00";"BA";116;"466,1";"SANTO ESTEVAO";"Outras";"Saída de Pista";"Sem Vítimas";"Pleno dia";"Crescente";"Sol";"Simples";"Reta";"Rural";1;0;0;0;1;0;0;1
83448330;"05/03/16";"Sábado";"23:30:00";"BA";101;"715";"EUNAPOLIS";"Falta de atenção";"Colisão frontal";"Sem Vítimas";"Plena noite";"Decrescente";"Ceu Claro";"Simples";"Reta";"Urbano";2;0;0;0;1;1;0;2
83448331;"14/03/16";"Segunda";"01:10:00";"BA";110;"392";"SAO SEBASTIAO DO PASSE";"Velocidade incompatível";"Saída de Pista";"Com Vítimas Fatais";"Plena noite";"Crescente";"Nevoeiro/neblina";"Simples";"Curva";"Rural";3;2;1;0;0;0;1;1
83448332;"17/03/16";"Quinta";"14:00:00";"CE";222;"107,9";"ITAPAGE";"Outras";"Colisão lateral";"Sem Vítimas";"Pleno dia";"Crescente";"Chuva";"Simples";"Reta";"Rural";2;0;0;0;2;0;0;2
83448333;"17/03/16";"Quinta";"15:20:00";"SC";470;"87";"RODEIO";"Falta de atenção";"Colisão Transversal";"Com Vítimas Feridas";"Pleno dia";"Decrescente";"Sol";"Simples";"Reta";"Rural";2;0;1;0;1;0;1;2
83448334;"17/03/16";"Quinta";"13:45:00";"BA";116;"422";"FEIRA DE SANTANA";"Desobediência à sinalização";"Colisão Transversal";"Com Vítimas Feridas";"Pleno dia";"Crescente";"Nublado";"Simples";"Reta";"Urbano";2;0;1;0;1;0;1;2
83448335;"17/03/16";"Quinta";"16:30:00";"PA";316;"60";"CASTANHAL";"Falta de atenção";"Colisão lateral";"Sem Vítimas";"Pleno dia";"Decrescente";"Chuva";"Dupla";"Reta";"Urbano";2;0;0;0;2;0;0;2
83448336;"17/03/16";"Quinta";"14:45:00";"SC";282;"572,5";"NOVA ERECHIM";"Desobediência à sinalização";"Colisão frontal";"Com Vítimas Fatais";"Pleno dia";"Decrescente";"Ceu Claro";"Simples";"Reta";"Rural";4;1;2;1;0;0;3;2
83448337;"17/03/16";"Quinta";"16:15:00";"PR";153;"17,5";"JACAREZINHO";"Falta de atenção";"Colisão Transversal";"Sem Vítimas";"Pleno dia";"Crescente";"Sol";"Simples";"Reta";"Rural";2;0;0;0;2;0;0;2
83448338;"05/03/16";"Sábado";"22:03:00";"MG";40;"518";"CONTAGEM";"Outras";"Saída de Pista";"Com Vítimas Feridas";"Plena noite";"Decrescente";"Ceu Claro";"Dupla";"Reta";"Urbano";1;0;0;1;0;0;1;1
83448339;"17/03/16";"Quinta";"15:15:00";"RS";293;"172,1";"BAGE";"Defeito mecânico em veículo";"Colisão Transversal";"Sem Vítimas";"Pleno dia";"Crescente";"Ceu Claro";"Simples";"Reta";"Urbano";2;0;0;0;2;0;0;2
83448340;"17/03/16";"Quinta";"16:15:00";"SC";163;"7";"SAO MIGUEL DOESTE";"Falta de atenção";"Danos Eventuais";"Sem Vítimas";"Pleno dia";"Decrescente";"Ceu Claro";"Dupla";"Reta";"Urbano";1;0;0;0;1;0;0;1
83448341;"17/03/16";"Quinta";"14:00:00";"SC";158;"99";"CUNHA PORA";"Falta de atenção";"Colisão Transversal";"Sem Vítimas";"Pleno dia";"Crescente";"Sol";"Simples";"Reta";"Rural";2;0;0;0;2;0;0;2
83448342;"17/03/16";"Quinta";"14:40:00";"MT";163;"1020";"PEIXOTO DE AZEVEDO";"Outras";"Saída de Pista";"Com Vítimas Feridas";"Pleno dia";"Crescente";"Ceu Claro";"Simples";"Reta";"Rural";3;0;3;0;0;0;3;1
83448343;"15/03/16";"Terça";"19:00:00";"MT";364;"617,5";"DIAMANTINO";"Desobediência à sinalização";"Colisão lateral";"Com Vítimas Feridas";"Plena noite";"Decrescente";"Ceu Claro";"Simples";"Reta";"Urbano";2;0;1;0;1;0;1;2
83448344;"13/03/16";"Domingo";"18:40:00";"RJ";393;"279";"BARRA DO PIRAI";"Outras";"Colisão Transversal";"Com Vítimas Feridas";"Plena noite";"Crescente";"Chuva";"Simples";"Reta";"Rural";4;0;2;0;2;0;2;2
83448346;"17/03/16";"Quinta";"16:30:00";"GO";153;"691,1";"ITUMBIARA";"Falta de atenção";"Colisão lateral";"Sem Vítimas";"Pleno dia";"Decrescente";"Ceu Claro";"Dupla";"Reta";"Rural";2;0;0;0;2;0;0;2
83448347;"17/03/16";"Quinta";"16:10:00";"MG";262;"479";"BOM DESPACHO";"Outras";"Danos Eventuais";"Sem Vítimas";"Pleno dia";"Decrescente";"Ceu Claro";"Simples";"Reta";"Rural";2;0;0;0;2;0;0;2
83448348;"13/03/16";"Domingo";"08:40:00";"CE";222;"6";"CAUCAIA";"Outras";"Queda de motocicleta / bicicleta / veículo";"Com Vítimas Feridas";"Pleno dia";"Crescente";"Nublado";"Dupla";"Curva";"Urbano";1;0;0;1;0;0;1;1
83448349;"17/03/16";"Quinta";"15:45:00";"RS";386;"368,1";"FAZENDA VILANOVA";"Velocidade incompatível";"Colisão traseira";"Com Vítimas Feridas";"Pleno dia";"Decrescente";"Ceu Claro";"Dupla";"Reta";"Urbano";3;0;2;0;1;0;2;2
83448350;"17/03/16";"Quinta";"13:30:00";"MS";262;"359";"CAMPO GRANDE";"Não guardar distância de segurança";"Colisão traseira";"Sem Vítimas";"Pleno dia";"Decrescente";"Ceu Claro";"Simples";"Reta";"Rural";2;0;0;0;1;1;0;2
83448351;"17/03/16";"Quinta";"18:30:00";"RS";472;"397,7";"SAO BORJA";"Animais na Pista";"Atropelamento de animal";"Com Vítimas Feridas";"Anoitecer";"Crescente";"Ceu Claro";"Simples";"Reta";"Urbano";1;0;1;0;0;0;1;1
83448352;"17/03/16";"Quinta";"07:45:00";"SP";116;"229";"SAO PAULO";"Não guardar distância de segurança";"Colisão traseira";"Sem Vítimas";"Pleno dia";"Crescente";"Ceu Claro";"Dupla";"Reta";"Urbano";3;0;0;0;3;0;0;3
83448353;"05/03/16";"Sábado";"22:10:00";"AP";210;"0";"MACAPA";"Defeito na via";"Queda de motocicleta / bicicleta / veículo";"Com Vítimas Feridas";"Plena noite";"Decrescente";"Nublado";"Dupla";"Reta";"Urbano";2;0;2;0;0;0;2;1
83448354;"14/03/16";"Segunda";"05:45:00";"MS";262;"175,7";"RIBAS DO RIO PARDO";"Dormindo";"Colisão frontal";"Com Vítimas Fatais";"Amanhecer";"Crescente";"Ceu Claro";"Simples";"Reta";"Rural";2;1;1;0;0;0;1;2
83448355;"16/03/16";"Quarta";"19:00:00";"MA";316;"359";"BACABAL";"Animais na Pista";"Atropelamento de animal";"Com Vítimas Feridas";"Plena noite";"Crescente";"Nublado";"Simples";"Reta";"Urbano";1;0;1;0;0;0;1;1