"id";"data_inversa";"dia_semana";"horario";"uf";"br";"km";"municipio";"causa_acidente";"tipo_acidente";"classificacao_acidente";"fase_dia";"sentido_via";"condicao_metereologica";"tipo_pista";"tracado_via";"uso_solo";"pessoas";"mortos";"feridos_leves";"feridos_graves";"ilesos";"ignorados";"feridos";"veiculos"
83448356;"17/03/16";"Quinta";"06:45:00";"RS";116;"150,4";"CAXIAS DO SUL";"Falta de atenção";"Atropelamento de pessoa";"Com Vítimas Feridas";"Pleno dia";"Decrescente";"Ceu Claro";"Dupla";"Reta";"Urbano";2;0;1;0;1;0;1;1
83448357;"17/03/16";"Quinta";"13:27:00";"MT";364;"345";"SANTO ANTONIO DO LEVERGER";"Falta de atenção";"Danos Eventuais";"Sem Vítimas";"Pleno dia";"Crescente";"Ceu Claro";"Simples";"Reta";"Rural";1;0;0;0;1;0;0;1
83448358;"17/03/16";"Quinta";"13:30:00";"RS";285;"43,5";"BOM JESUS";"Dormindo";"Saída de Pista";"Sem Vítimas";"Pleno dia";"Crescente";"Sol";"Simples";"Reta";"Rural";1;0;0;0;1;0;0;1
83448359;"08/03/16";"Terça";"22:44:00";"RJ";393;"247,8";"BARRA DO PIRAI";"Outras";"Atropelamento de pessoa";"Com Vítimas Fatais";"Plena noite";"Crescente";"Ceu Claro";"Simples";"Reta";"Rural";2;1;1;0;0;0;1;1
83448360;"14/03/16";"Segunda";"00:30:00";"CE";222;"3,2";"FORTALEZA";"Outras";"Saída de Pista";"Com Vítimas Fatais";"Plena noite";"Decrescente";"Chuva";"Múltipla";"Reta";"Urbano";4;1;1;2;0;0;3;1
83448361;"17/03/16";"Quinta";"07:00:00";"PR";373;"237,5";"GUAMIRANGA";"Velocidade incompatível";"Tombamento";"Com Vítimas Feridas";"Pleno dia";"Decrescente";"Ceu Claro";"Simples";"Curva";"Rural";1;0;1;0;0;0;1;1
83448362;"01/01/16";"Sexta";"17:10:00";"RN";101;"45,7";"MAXARANGUAPE";"Outras";"Capotamento";"Ignorado";"Pleno dia";"Decrescente";"Sol";"Simples";"Reta";"Rural";1;0;0;0;0;1;0;1
83448363;"17/03/16";"Quinta";"15:10:00";"RS";470;"263";"SALVADOR DO SUL";"Falta de atenção";"Saída de Pista";"Sem Vítimas";"Pleno dia";"Crescente";"Ceu Claro";"Simples";"Curva";"Rural";1;0;0;0;1;0;0;1
83448364;"17/03/16";"Quinta";"16:00:00";"MT";364;"84";"ALTO GARCAS";"Não guardar distância de segurança";"Colisão lateral";"Sem Vítimas";"Pleno dia";"Decrescente";"Ceu Claro";"Simples";"Reta";"Rural";2;0;0;0;2;0;0;2
83448365;"15/03/16";"Terça";"15:00:00";"SP";116;"67,7";"APARECIDA";"Outras";"Colisão traseira";"Com Vítimas Feridas";"Pleno dia";"Crescente";"Nublado";"Dupla";"Reta";"Urbano";7;0;3;0;4;0;3;4
83448366;"17/03/16";"Quinta";"17:40:00";"SC";101;"206,6";"SAO JOSE";"Falta de atenção";"Colisão traseira";"Com Vítimas Feridas";"Anoitecer";"Crescente";"Ceu Claro";"Dupla";"Reta";"Urbano";3;0;1;1;1;0;2;3
83448367;"17/03/16";"Quinta";"13:00:00";"RJ";116;"227";"PIRAI";"Defeito mecânico em veículo";"Incêndio";"Sem Vítimas";"Pleno dia";"Crescente";"Nublado";"Dupla";"Curva";"Rural";1;0;0;0;1;0;0;1
83448368;"17/03/16";"Quinta";"19:00:00";"SC";116;"194,9";"PONTE ALTA";"Falta de atenção";"Colisão com objeto fixo";"Sem Vítimas";"Plena noite";"Crescente";"Ceu Claro";"Simples";"Reta";"Rural";1;0;0;0;1;0;0;1
83448369;"17/03/16";"Quinta";"13:15:00";"PB";230;"99,9";"GURINHEM";"Velocidade incompatível";"Saída de Pista";"Com Vítimas Feridas";"Pleno dia";"Crescente";"Chuva";"Dupla";"Curva";"Urbano";1;0;1;0;0;0;1;1
83448370;"17/03/16";"Quinta";"07:30:00";"BA";324;"618";"SALVADOR";"Outras";"Colisão lateral";"Com Vítimas Feridas";"Pleno dia";"Crescente";"Ceu Claro";"Dupla";"Reta";"Urbano";3;0;0;1;1;1;1;3
83448371;"17/03/16";"Quinta";"19:30:00";"RS";116;"240";"NOVO HAMBURGO";"Falta de atenção";"Colisão traseira";"Com Vítimas Feridas";"Plena noite";"Decrescente";"Ceu Claro";"Dupla";"Reta";"Urbano";2;0;1;0;1;0;1;2
83448372;"17/03/16";"Quinta";"17:30:00";"RS";116;"245,5";"SAO LEOPOLDO";"Falta de atenção";"Colisão traseira";"Com Vítimas Feridas";"Pleno dia";"Crescente";"Ceu Claro";"Dupla";"Reta";"Urbano";2;0;1;0;1;0;1;2
83448373;"17/03/16";"Quinta";"17:15:00";"RS";290;"213,9";"PANTANO GRANDE";"Desobediência à sinalização";"Colisão Transversal";"Sem Vítimas";"Pleno dia";"Crescente";"Sol";"Simples";"Cruzamento";"Rural";2;0;0;0;2;0;0;2
83448374;"17/03/16";"Quinta";"16:30:00";"PE";101;"58";"RECIFE";"Velocidade incompatível";"Atropelamento de pessoa";"Com Vítimas Feridas";"Pleno dia";"Decrescente";"Chuva";"Dupla";"Reta";"Rural";2;0;0;1;0;1;1;1
83448375;"17/03/16";"Quinta";"18:00:00";"RS";116;"243,6";"SAO LEOPOLDO";"Não guardar distância de segurança";"Colisão lateral";"Com Vítimas Feridas";"Pleno dia";"Crescente";"Ceu Claro";"Múltipla";"Reta";"Urbano";2;0;1;0;1;0;1;2
83448376;"17/03/16";"Quinta";"18:30:00";"MS";163;"270";"DOURADOS";"Outras";"Queda de motocicleta / bicicleta / veículo";"Com Vítimas Feridas";"Plena noite";"Decrescente";"Ceu Claro";"Simples";"Curva";"Rural";1;0;0;1;0;0;1;1
83448377;"17/03/16";"Quinta";"17:30:00";"MA";316;"556";"CAXIAS";"Outras";"Saída de Pista";"Com Vítimas Feridas";"Anoitecer";"Decrescente";"Chuva";"Simples";"Reta";"Rural";2;0;1;0;1;0;1;1
83448378;"15/03/16";"Terça";"16:50:00";"RJ";116;"105";"GUAPIMIRIM";"Velocidade incompatível";"Saída de Pista";"Sem Vítimas";"Pleno dia";"Decrescente";"Chuva";"Dupla";"Curva";"Rural";1;0;0;0;1;0;0;1
83448379;"17/03/16";"Quinta";"18:10:00";"RN";101;"103";"PARNAMIRIM";"Não guardar distância de segurança";"Colisão traseira";"Com Vítimas Feridas";"Plena noite";"Decrescente";"Ceu Claro";"Múltipla";"Reta";"Urbano";3;0;2;0;1;0;2;3
83448380;"17/03/16";"Quinta";"15:30:00";"AM";174;"962";"PRESIDENTE FIGUEIREDO";"Outras";"Saída de Pista";"Com Vítimas Feridas";"Pleno dia";"Crescente";"Nublado";"Simples";"Reta";"Rural";2;0;2;0;0;0;2;1
83448381;"17/03/16";"Quinta";"17:50:00";"BA";324;"618";"SALVADOR";"Não guardar distância de segurança";"Colisão traseira";"Sem Vítimas";"Anoitecer";"Decrescente";"Ceu Claro";"Dupla";"Reta";"Urbano";2;0;0;0;2;0;0;2
83448382;"17/03/16";"Quinta";"18:20:00";"RJ";393;"286";"VOLTA REDONDA";"Outras";"Colisão Transversal";"Com Vítimas Feridas";"Anoitecer";"Crescente";"Chuva";"Simples";"Reta";"Urbano";2;0;0;1;1;0;1;2
83448383;"17/03/16";"Quinta";"18:00:00";"MS";60;"223,7";"CAMAPUA";"Velocidade incompatível";"Colisão lateral";"Sem Vítimas";"Anoitecer";"Crescente";"Sol";"Simples";"Curva";"Rural";5;0;0;0;5;0;0;2
83448384;"17/03/16";"Quinta";"18:10:00";"MS";267;"9,8";"BATAGUASSU";"Defeito mecânico em veículo";"Queda de motocicleta / bicicleta / veículo";"Com Vítimas Feridas";"Plena noite";"Crescente";"Ceu Claro";"Simples";"Reta";"Rural";2;0;2;0;0;0;2;1
83448385;"17/03/16";"Quinta";"17:15:00";"ES";101;"138,6";"LINHARES";"Outras";"Tombamento";"Sem Vítimas";"Pleno dia";"Crescente";"Nublado";"Simples";"Reta";"Urbano";1;0;0;0;1;0;0;1
83448386;"17/03/16";"Quinta";"19:00:00";"PR";476;"152,7";"ARAUCARIA";"Outras";"Capotamento";"Sem Vítimas";"Anoitecer";"Crescente";"Ceu Claro";"Dupla";"Reta";"Urbano";2;0;0;0;2;0;0;2
83448387;"17/03/16";"Quinta";"20:25:00";"PR";376;"118";"ALTO PARANA";"Outras";"Queda de motocicleta / bicicleta / veículo";"Com Vítimas Feridas";"Plena noite";"Decrescente";"Ceu Claro";"Simples";"Reta";"Rural";1;0;1;0;0;0;1;1
83448388;"17/03/16";"Quinta";"15:20:00";"PI";343;"307";"ALTOS";"Outras";"Atropelamento de pessoa";"Com Vítimas Feridas";"Pleno dia";"Crescente";"Sol";"Simples";"Reta";"Urbano";3;0;0;2;1;0;2;2
83448389;"17/03/16";"Quinta";"14:50:00";"GO";50;"128,2";"IPAMERI";"Outras";"Saída de Pista";"Com Vítimas Feridas";"Pleno dia";"Crescente";"Ceu Claro";"Simples";"Reta";"Rural";1;0;1;0;0;0;1;1
83448390;"17/03/16";"Quinta";"18:50:00";"RS";386;"42";"FREDERICO WESTPHALEN";"Outras";"Colisão traseira";"Sem Vítimas";"Anoitecer";"Decrescente";"Ceu Claro";"Simples";"Reta";"Rural";2;0;0;0;2;0;0;2
83448391;"17/03/16";"Quinta";"20:10:00";"BA";330;"732,7";"JEQUIE";"Falta de atenção";"Colisão frontal";"Sem Vítimas";"Pleno dia";"Crescente";"Ceu Claro";"Simples";"Curva";"Rural";2;0;0;0;2;0;0;2
83448392;"17/03/16";"Quinta";"15:30:00";"RS";392;"66,7";"PELOTAS";"Desobediência à sinalização";"Colisão Transversal";"Sem Vítimas";"Pleno dia";"Crescente";"Sol";"Simples";"Cruzamento";"Urbano";2;0;0;0;2;0;0;2
83448393;"14/03/16";"Segunda";"06:30:00";"MG";381;"851";"POUSO ALEGRE";"Falta de atenção";"Colisão lateral";"Com Vítimas Feridas";"Amanhecer";"Crescente";"Ceu Claro";"Dupla";"Reta";"Urbano";2;0;1;0;0;1;1;2
83448394;"17/03/16";"Quinta";"11:30:00";"MG";116;"517,7";"UBAPORANGA";"Falta de atenção";"Colisão frontal";"Com Vítimas Feridas";"Pleno dia";"Decrescente";"Ceu Claro";"Simples";"Reta";"Rural";3;0;3;0;0;0;3;2
83448395;"17/03/16";"Quinta";"09:00:00";"PR";153;"466";"PORTO VITORIA";"Outras";"Colisão lateral";"Sem Vítimas";"Pleno dia";"Decrescente";"Ceu Claro";"Simples";"Reta";"Rural";2;0;0;0;2;0;0;2
83448396;"17/03/16";"Quinta";"13:50:00";"MT";364;"573";"NOBRES";"Ingestão de álcool";"Saída de Pista";"Sem Vítimas";"Pleno dia";"Decrescente";"Chuva";"Dupla";"Reta";"Rural";1;0;0;0;1;0;0;1
83448397;"17/03/16";"Quinta";"16:00:00";"RS";158;"332,8";"SANTA MARIA";"Desobediência à sinalização";"Colisão Transversal";"Com Vítimas Fatais";"Pleno dia";"Crescente";"Sol";"Dupla";"Cruzamento";"Urbano";2;1;0;0;1;0;0;2
83448398;"17/03/16";"Quinta";"17:40:00";"SC";101;"198,4";"BIGUACU";"Falta de atenção";"Colisão Transversal";"Com Vítimas Feridas";"Pleno dia";"Crescente";"Sol";"Múltipla";"Reta";"Urbano";2;0;1;0;1;0;1;2
83448399;"17/03/16";"Quinta";"19:40:00";"SC";280;"188";"MAFRA";"Falta de atenção";"Capotamento";"Sem Vítimas";"Plena noite";"Decrescente";"Ceu Claro";"Simples";"Curva";"Rural";1;0;0;0;1;0;0;1
83448400;"17/03/16";"Quinta";"21:00:00";"PR";116;"119";"CURITIBA";"Ingestão de álcool";"Colisão com objeto fixo";"Sem Vítimas";"Plena noite";"Crescente";"Nublado";"Dupla";"Curva";"Urbano";1;0;0;0;1;0;0;1
83448401;"17/03/16";"Quinta";"17:30:00";"MA";10;"368";"ITINGA DO MARANHAO";"Falta de atenção";"Colisão traseira";"Com Vítimas Feridas";"Pleno dia";"Decrescente";"Ceu Claro";"Simples";"Reta";"Rural";3;0;1;0;2;0;1;3
83448403;"17/03/16";"Quinta";"16:30:00";"MT";364;"397";"CUIABA";"Falta de atenção";"Colisão lateral";"Com Vítimas Feridas";"Pleno dia";"Decrescente";"Ceu Claro";"Simples";"Reta";"Urbano";2;0;1;0;1;0;1;2
83448404;"17/03/16";"Quinta";"08:30:00";"SP";116;"508,8";"CAJATI";"Velocidade incompatível";"Derramamento de Carga";"Sem Vítimas";"Pleno dia";"Crescente";"Nublado";"Simples";"Curva";"Rural";1;0;0;0;1;0;0;1
83448405;"17/03/16";"Quinta";"19:00:00";"PR";369;"160";"CAMBE";"Ingestão de álcool";"Colisão traseira";"Com Vítimas Feridas";"Plena noite";"Decrescente";"Ceu Claro";"Dupla";"Reta";"Urbano";2;0;1;0;1;0;1;2
83448406;"17/03/16";"Quinta";"21:50:00";"PI";316;"8";"TERESINA";"Outras";"Tombamento";"Ignorado";"Plena noite";"Decrescente";"Nublado";"Simples";"Reta";"Urbano";1;0;0;0;0;1;0;1
83448407;"17/03/16";"Quinta";"16:20:00";"PR";369;"163";"CAMBE";"Falta de atenção";"Colisão traseira";"Com Vítimas Feridas";"Pleno dia";"Crescente";"Ceu Claro";"Dupla";"Reta";"Urbano";3;0;1;0;2;0;1;2
83448408;"17/03/16";"Quinta";"22:00:00";"PA";316;"152";"CAPANEMA";"Animais na Pista";"Atropelamento de animal";"Com Vítimas Feridas";"Plena noite";"Decrescente";"Nublado";"Simples";"Reta";"Urbano";1;0;1;0;0;0;1;1
83448409;"17/03/16";"Quinta";"15:00:00";"SC";282;"465,2";"PONTE SERRADA";"Falta de atenção";"Saída de Pista";"Com Vítimas Feridas";"Pleno dia";"Decrescente";"Ceu Claro";"Simples";"Reta";"Rural";1;0;1;0;0;0;1;1
83448410;"16/03/16";"Quarta";"10:30:00";"MG";40;"365";"FELIXLANDIA";"Outras";"Saída de Pista";"Com Vítimas Feridas";"Pleno dia";"Decrescente";"Ceu Claro";"Simples";"Reta";"Rural";1;0;1;0;0;0;1;1
83448411;"17/03/16";"Quinta";"20:30:00";"SC";280;"66";"JARAGUA DO SUL";"Falta de atenção";"Colisão com objeto fixo";"Sem Vítimas";"Plena noite";"Decrescente";"Ignorada";"Simples";"Reta";"Urbano";2;0;0;0;2;0;0;2
83448412;"13/03/16";"Domingo";"17:30:00";"RS";287;"240,5";"SANTA MARIA";"Animais na Pista";"Colisão traseira";"Com Vítimas Feridas";"Pleno dia";"Decrescente";"Sol";"Simples";"Reta";"Urbano";2;0;1;0;1;0;1;2
83448413;"17/03/16";"Quinta";"17:15:00";"SP";116;"221";"GUARULHOS";"Falta de atenção";"Colisão lateral";"Com Vítimas Feridas";"Pleno dia";"Decrescente";"Nublado";"Múltipla";"Reta";"Urbano";2;0;1;0;0;1;1;2
83448414;"17/03/16";"Quinta";"08:30:00";"ES";101;"148,1";"LINHARES";"Desobediência à sinalização";"Atropelamento de pessoa";"Com Vítimas Feridas";"Pleno dia";"Crescente";"Nublado";"Múltipla";"Reta";"Urbano";2;0;1;0;1;0;1;1
83448415;"17/03/16";"Quinta";"15:00:00";"MS";267;"243";"NOVA ALVORADA DO SUL";"Ingestão de álcool";"Colisão traseira";"Sem Vítimas";"Pleno dia";"Decrescente";"Ceu Claro";"Simples";"Reta";"Rural";6;0;0;0;6;0;0;2
83448416;"17/03/16";"Quinta";"19:45:00";"PR";376;"154";"MANDAGUACU";"Outras";"Atropelamento de pessoa";"Com Vítimas Fatais";"Plena noite";"Crescente";"Ceu Claro";"Simples";"Curva";"Urbano";2;1;0;0;1;0;0;1
83448417;"17/03/16";"Quinta";"18:25:00";"GO";60;"187,8";"GUAPO";"Outras";"Colisão com objeto fixo";"Sem Vítimas";"Anoitecer";"Decrescente";"Ceu Claro";"Dupla";"Reta";"Urbano";1;0;0;0;1;0;0;1
83448418;"13/03/16";"Domingo";"10:40:00";"RJ";116;"323";"RESENDE";"Outras";"Atropelamento de pessoa";"Com Vítimas Feridas";"Pleno dia";"Decrescente";"Ceu Claro";"Dupla";"Reta";"Urbano";2;0;0;1;1;0;1;1
83448419;"17/03/16";"Quinta";"20:30:00";"RS";470;"221,4";"GARIBALDI";"Falta de atenção";"Colisão Transversal";"Com Vítimas Feridas";"Plena noite";"Crescente";"Ceu Claro";"Simples";"Curva";"Urbano";2;0;1;0;1;0;1;2
83448420;"17/03/16";"Quinta";"22:00:00";"PR";476;"278";"SAO MATEUS DO SUL";"Outras";"Atropelamento de pessoa";"Com Vítimas Feridas";"Plena noite";"Decrescente";"Nublado";"Simples";"Reta";"Urbano";2;0;0;1;1;0;1;1
83448421;"17/03/16";"Quinta";"20:45:00";"RO";364;"507";"ARIQUEMES";"Falta de atenção";"Saída de Pista";"Com Vítimas Feridas";"Plena noite";"Crescente";"Chuva";"Simples";"Reta";"Rural";4;0;4;0;0;0;4;1
83448422;"17/03/16";"Quinta";"21:45:00";"MS";163;"329,6";"RIO BRILHANTE";"Falta de atenção";"Colisão traseira";"Com Vítimas Feridas";"Plena noite";"Crescente";"Ceu Claro";"Simples";"Reta";"Rural";2;0;1;0;1;0;1;2
83448424;"17/03/16";"Quinta";"22:00:00";"GO";153;"442";"ANAPOLIS";"Ingestão de álcool";"Colisão traseira";"Com Vítimas Feridas";"Plena noite";"Decrescente";"Ceu Claro";"Dupla";"Reta";"Urbano";2;0;1;0;1;0;1;2
83448425;"17/03/16";"Quinta";"22:20:00";"RS";285;"292,5";"PASSO FUNDO";"Falta de atenção";"Colisão traseira";"Sem Vítimas";"Plena noite";"Crescente";"Ceu Claro";"Dupla";"Reta";"Urbano";2;0;0;0;2;0;0;2
83448426;"17/03/16";"Quinta";"20:05:00";"RN";304;"43,8";"MOSSORO";"Ingestão de álcool";"Colisão traseira";"Com Vítimas Feridas";"Plena noite";"Decrescente";"Nublado";"Dupla";"Reta";"Rural";2;0;1;0;1;0;1;2
83448427;"17/03/16";"Quinta";"22:30:00";"RS";116;"267";"CANOAS";"Falta de atenção";"Colisão traseira";"Com Vítimas Feridas";"Plena noite";"Decrescente";"Ignorada";"Simples";"Reta";"Urbano";3;0;2;0;1;0;2;2
83448428;"17/03/16";"Quinta";"18:00:00";"PR";376;"440,5";"TIBAGI";"Defeito mecânico em veículo";"Colisão com objeto fixo";"Sem Vítimas";"Anoitecer";"Decrescente";"Ceu Claro";"Simples";"Curva";"Rural";1;0;0;0;1;0;0;1
83448429;"10/03/16";"Quinta";"05:45:00";"SC";480;"128,5";"CHAPECO";"Não guardar distância de segurança";"Colisão traseira";"Sem Vítimas";"Amanhecer";"Crescente";"Ceu Claro";"Dupla";"Curva";"Urbano";2;0;0;0;2;0;0;2
83448430;"13/03/16";"Domingo";"14:00:00";"MA";135;"103,5";"ITAPECURU MIRIM";"Falta de atenção";"Colisão Transversal";"Com Vítimas Feridas";"Pleno dia";"Decrescente";"Ignorada";"Simples";"Reta";"Urbano";2;0;0;1;1;0;1;2
83448431;"17/03/16";"Quinta";"17:05:00";"MS";158;"84";"PARANAIBA";"Ingestão de álcool";"Colisão traseira";"Sem Vítimas";"Pleno dia";"Crescente";"Ceu Claro";"Simples";"Reta";"Rural";2;0;0;0;2;0;0;2
83448432;"17/03/16";"Quinta";"21:20:00";"SP";116;"229";"SAO PAULO";"Outras";"Colisão com objeto fixo";"Sem Vítimas";"Plena noite";"Decrescente";"Nublado";"Múltipla";"Reta";"Urbano";1;0;0;0;1;0;0;1
83448433;"17/03/16";"Quinta";"23:40:00";"SC";470;"64,7";"INDAIAL";"Ingestão de álcool";"Colisão traseira";"Sem Vítimas";"Plena noite";"Decrescente";"Ceu Claro";"Simples";"Reta";"Rural";2;0;0;0;2;0;0;2
83448434;"05/01/16";"Terça";"14:20:00";"RS";158;"333,2";"SANTA MARIA";"Falta de atenção";"Colisão Transversal";"Sem Vítimas";"Pleno dia";"Decrescente";"Chuva";"Simples";"Cruzamento";"Urbano";2;0;0;0;2;0;0;2
83448435;"17/03/16";"Quinta";"19:30:00";"MS";158;"176,5";"APARECIDA DO TABOADO";"Defeito mecânico em veículo";"Tombamento";"Sem Vítimas";"Plena noite";"Crescente";"Ceu Claro";"Simples";"Reta";"Rural";1;0;0;0;1;0;0;1
83448436;"17/03/16";"Quinta";"14:23:00";"BA";101;"883";"TEIXEIRA DE FREITAS";"Outras";"Capotamento";"Sem Vítimas";"Pleno dia";"Crescente";"Chuva";"Simples";"Reta";"Rural";1;0;0;0;1;0;0;1
83448437;"17/03/16";"Quinta";"20:34:00";"SP";116;"228,7";"SAO PAULO";"Outras";"Queda de motocicleta / bicicleta / veículo";"Com Vítimas Fatais";"Plena noite";"Crescente";"Nublado";"Múltipla";"Reta";"Urbano";1;1;0;0;0;0;0;1
83448438;"17/03/16";"Quinta";"23:00:00";"RS";392;"66";"PELOTAS";"Defeito mecânico em veículo";"Tombamento";"Sem Vítimas";"Plena noite";"Decrescente";"Ceu Claro";"Simples";"Reta";"Urbano";1;0;0;0;1;0;0;1
83448439;"18/03/16";"Sexta";"01:35:00";"PE";232;"18,5";"JABOATAO DOS GUARARAPES";"Animais na Pista";"Atropelamento de animal";"Com Vítimas Feridas";"Plena noite";"Decrescente";"Nublado";"Dupla";"Reta";"Rural";2;0;2;0;0;0;2;1
83448440;"17/03/16";"Quinta";"17:00:00";"BA";20;"129";"SAO DESIDERIO";"Velocidade incompatível";"Capotamento";"Com Vítimas Feridas";"Pleno dia";"Crescente";"Sol";"Simples";"Curva";"Rural";1;0;1;0;0;0;1;1
83448441;"18/03/16";"Sexta";"01:20:00";"SC";101;"415,6";"ARARANGUA";"Velocidade incompatível";"Colisão com objeto fixo";"Com Vítimas Fatais";"Plena noite";"Crescente";"Ceu Claro";"Simples";"Cruzamento";"Rural";1;1;0;0;0;0;0;1
83448442;"17/03/16";"Quinta";"07:50:00";"PE";101;"60,1";"RECIFE";"Outras";"Tombamento";"Sem Vítimas";"Pleno dia";"Decrescente";"Chuva";"Dupla";"Curva";"Urbano";1;0;0;0;1;0;0;1
83448443;"17/03/16";"Quinta";"11:50:00";"PE";232;"25,5";"MORENO";"Outras";"Capotamento";"Sem Vítimas";"Pleno dia";"Decrescente";"Nublado";"Dupla";"Curva";"Rural";1;0;0;0;1;0;0;1
83448444;"18/03/16";"Sexta";"00:45:00";"MG";40;"548,4";"NOVA LIMA";"Outras";"Queda de motocicleta / bicicleta / veículo";"Com Vítimas Feridas";"Plena noite";"Decrescente";"Nublado";"Dupla";"Curva";"Rural";1;0;1;0;0;0;1;1
83448445;"17/03/16";"Quinta";"16:40:00";"PR";153;"335,3";"IRATI";"Falta de atenção";"Colisão traseira";"Sem Vítimas";"Pleno dia";"Decrescente";"Ceu Claro";"Simples";"Reta";"Urbano";2;0;0;0;2;0;0;2
83448446;"17/03/16";"Quinta";"14:25:00";"BA";101;"840";"TEIXEIRA DE FREITAS";"Falta de atenção";"Capotamento";"Com Vítimas Feridas";"Pleno dia";"Decrescente";"Nublado";"Simples";"Curva";"Rural";1;0;1;0;0;0;1;1
83448448;"17/03/16";"Quinta";"12:30:00";"RS";290;"658";"URUGUAIANA";"Dormindo";"Saída de Pista";"Com Vítimas Feridas";"Pleno dia";"Decrescente";"Ceu Claro";"Simples";"Reta";"Rural";4;0;2;2;0;0;4;1
83448449;"13/03/16";"Domingo";"10:30:00";"RS";472;"500,9";"ITAQUI";"Dormindo";"Colisão lateral";"Sem Vítimas";"Pleno dia";"Crescente";"Sol";"Simples";"Reta";"Rural";2;0;0;0;1;1;0;2
83448450;"17/03/16";"Quinta";"16:00:00";"PB";230;"271";"SANTA LUZIA";"Falta de atenção";"Saída de Pista";"Com Vítimas Feridas";"Pleno dia";"Crescente";"Chuva";"Simples";"Reta";"Rural";2;0;1;1;0;0;2;1
83448451;"17/03/16";"Quinta";"17:25:00";"RN";304;"47,7";"MOSSORO";"Falta de atenção";"Queda de motocicleta / bicicleta / veículo";"Com Vítimas Feridas";"Pleno dia";"Crescente";"Ceu Claro";"Dupla";"Reta";"Urbano";1;0;1;0;0;0;1;1
83448452;"18/03/16";"Sexta";"03:45:00";"PB";230;"32";"BAYEUX";"Animais na Pista";"Capotamento";"Com Vítimas Feridas";"Plena noite";"Crescente";"Ceu Claro";"Dupla";"Reta";"Urbano";2;0;2;0;0;0;2;1
83448453;"17/03/16";"Quinta";"09:00:00";"RO";364;"710";"PORTO VELHO";"Outras";"Colisão com objeto fixo";"Com Vítimas Feridas";"Pleno dia";"Decrescente";"Sol";"Dupla";"Reta";"Urbano";4;0;1;1;2;0;2;4
83448454;"18/03/16";"Sexta";"04:40:00";"MG";116;"276,1";"TEOFILO OTONI";"Ingestão de álcool";"Colisão traseira";"Sem Vítimas";"Amanhecer";"Decrescente";"Nublado";"Dupla";"Reta";"Urbano";2;0;0;0;1;1;0;2
83448455;"18/03/16";"Sexta";"04:30:00";"SP";381;"29,8";"ATIBAIA";"Outras";"Capotamento";"Ignorado";"Plena noite";"Crescente";"Ceu Claro";"Dupla";"Reta";"Rural";1;0;0;0;0;1;0;1
83448456;"17/03/16";"Quinta";"16:10:00";"PR";376;"405";"TIBAGI";"Defeito mecânico em veículo";"Colisão frontal";"Com Vítimas Feridas";"Pleno dia";"Decrescente";"Sol";"Simples";"Reta";"Rural";3;0;1;0;2;0;1;2
83448457;"18/03/16";"Sexta";"04:25:00";"SP";116;"278,2";"EMBU";"Falta de atenção";"Saída de Pista";"Com Vítimas Feridas";"Plena noite";"Decrescente";"Nevoeiro/neblina";"Dupla";"Reta";"Urbano";1;0;1;0;0;0;1;1
83448458;"13/03/16";"Domingo";"23:30:00";"MG";381;"652,8";"SANTO ANTONIO DO AMPARO";"Outras";"Capotamento";"Sem Vítimas";"Plena noite";"Decrescente";"Ceu Claro";"Dupla";"Reta";"Rural";1;0;0;0;1;0;0;1
83448459;"18/03/16";"Sexta";"04:50:00";"GO";60;"182";"ABADIA DE GOIAS";"Outras";"Saída de Pista";"Com Vítimas Feridas";"Plena noite";"Crescente";"Ceu Claro";"Dupla";"Reta";"Rural";1;0;1;0;0;0;1;1
83448460;"15/03/16";"Terça";"01:40:00";"PB";230;"23";"JOAO PESSOA";"Falta de atenção";"Colisão traseira";"Com Vítimas Feridas";"Plena noite";"Crescente";"Nublado";"Dupla";"Reta";"Urbano";2;0;0;1;0;1;1;2
83448461;"17/03/16";"Quinta";"19:15:00";"MG";40;"544";"BELO HORIZONTE";"Falta de atenção";"Colisão lateral";"Com Vítimas Feridas";"Pleno dia";"Crescente";"Ceu Claro";"Dupla";"Reta";"Rural";3;0;0;1;1;1;1;2
83448462;"18/03/16";"Sexta";"01:00:00";"MG";381;"486,9";"BETIM";"Outras";"Queda de motocicleta / bicicleta / veículo";"Sem Vítimas";"Pleno dia";"Crescente";"Ceu Claro";"Múltipla";"Reta";"Urbano";1;0;0;0;1;0;0;1
83448463;"18/03/16";"Sexta";"03:20:00";"SC";470;"201,1";"PONTE ALTA";"Outras";"Queda de motocicleta / bicicleta / veículo";"Com Vítimas Feridas";"Plena noite";"Crescente";"Ceu Claro";"Simples";"Cruzamento";"Rural";1;0;1;0;0;0;1;1
83448464;"17/03/16";"Quinta";"21:20:00";"MG";50;"152,3";"UBERABA";"Falta de atenção";"Colisão Transversal";"Sem Vítimas";"Plena noite";"Decrescente";"Ceu Claro";"Dupla";"Cruzamento";"Rural";2;0;0;0;1;1;0;2
83448465;"18/03/16";"Sexta";"04:00:00";"SC";282;"5,2";"SAO JOSE";"Desobediência à sinalização";"Colisão traseira";"Sem Vítimas";"Plena noite";"Crescente";"Ceu Claro";"Dupla";"Reta";"Urbano";2;0;0;0;2;0;0;2