"id";"data_inversa";"dia_semana";"horario";"uf";"br";"km";"municipio";"causa_acidente";"tipo_acidente";"classificacao_acidente";"fase_dia";"sentido_via";"condicao_metereologica";"tipo_pista";"tracado_via";"uso_solo";"pessoas";"mortos";"feridos_leves";"feridos_graves";"ilesos";"ignorados";"feridos";"veiculos"
83448812;"15/03/16";"Terça";"23:30:00";"MG";381;"806,1";"SAO GONCALO DO SAPUCAI";"Velocidade incompatível";"Saída de Pista";"Sem Vítimas";"Plena noite";"Decrescente";"Nublado";"Dupla";"Curva";"Rural";1;0;0;0;1;0;0;1
83448813;"08/01/16";"Sexta";"04:00:00";"ES";101;"358,3";"ANCHIETA";"Dormindo";"Tombamento";"Sem Vítimas";"Plena noite";"Crescente";"Ceu Claro";"Múltipla";"Reta";"Rural";1;0;0;0;1;0;0;1
83448814;"19/03/16";"Sábado";"08:15:00";"SC";101;"126";"ITAJAI";"Outras";"Colisão lateral";"Com Vítimas Feridas";"Pleno dia";"Crescente";"Sol";"Dupla";"Curva";"Urbano";3;0;1;1;1;0;2;2
83448815;"16/03/16";"Quarta";"06:00:00";"MS";163;"316";"RIO BRILHANTE";"Velocidade incompatível";"Colisão com objeto fixo";"Ignorado";"Amanhecer";"Decrescente";"Sol";"Simples";"Cruzamento";"Rural";1;0;0;0;0;1;0;1
83448816;"19/03/16";"Sábado";"09:08:00";"RS";386;"346";"LAJEADO";"Falta de atenção";"Saída de Pista";"Com Vítimas Feridas";"Pleno dia";"Crescente";"Nublado";"Dupla";"Reta";"Urbano";1;0;1;0;0;0;1;1
83448818;"15/03/16";"Terça";"15:00:00";"RJ";116;"144";"DUQUE DE CAXIAS";"Falta de atenção";"Colisão lateral";"Com Vítimas Feridas";"Pleno dia";"Crescente";"Ceu Claro";"Dupla";"Curva";"Urbano";2;0;1;0;1;0;1;2
83448820;"19/03/16";"Sábado";"08:30:00";"RO";364;"753";"PORTO VELHO";"Outras";"Saída de Pista";"Com Vítimas Feridas";"Plena noite";"Decrescente";"Chuva";"Simples";"Curva";"Rural";1;0;1;0;0;0;1;1
83448821;"17/03/16";"Quinta";"06:30:00";"AM";319;"17,5";"CAREIRO DA VARZEA";"Defeito na via";"Queda de motocicleta / bicicleta / veículo";"Com Vítimas Feridas";"Amanhecer";"Crescente";"Nublado";"Simples";"Reta";"Rural";2;0;1;1;0;0;2;1
83448822;"19/03/16";"Sábado";"09:40:00";"PR";469;"15,1";"FOZ DO IGUACU";"Falta de atenção";"Colisão Transversal";"Sem Vítimas";"Pleno dia";"Decrescente";"Sol";"Simples";"Reta";"Urbano";2;0;0;0;2;0;0;2
83448823;"19/03/16";"Sábado";"08:45:00";"MS";262;"132";"AGUA CLARA";"Não guardar distância de segurança";"Colisão traseira";"Sem Vítimas";"Pleno dia";"Crescente";"Ceu Claro";"Simples";"Reta";"Rural";2;0;0;0;2;0;0;2
83448824;"03/03/16";"Quinta";"22:30:00";"MA";222;"254";"MIRANDA DO NORTE";"Outras";"Colisão traseira";"Com Vítimas Fatais";"Plena noite";"Decrescente";"Chuva";"Simples";"Reta";"Rural";4;2;1;0;0;1;1;2
83448825;"27/01/16";"Quarta";"10:45:00";"RS";392;"42,1";"RIO GRANDE";"Dormindo";"Saída de Pista";"Com Vítimas Feridas";"Pleno dia";"Crescente";"Nublado";"Dupla";"Reta";"Rural";2;0;2;0;0;0;2;1
83448826;"19/03/16";"Sábado";"06:00:00";"BA";101;"621";"MASCOTE";"Ingestão de álcool";"Saída de Pista";"Com Vítimas Feridas";"Amanhecer";"Decrescente";"Ceu Claro";"Simples";"Curva";"Rural";1;0;1;0;0;0;1;1
83448827;"19/03/16";"Sábado";"09:10:00";"RJ";101;"297";"ITABORAI";"Outras";"Colisão traseira";"Com Vítimas Feridas";"Pleno dia";"Crescente";"Sol";"Dupla";"Curva";"Urbano";2;0;1;0;1;0;1;2
83448828;"19/03/16";"Sábado";"07:00:00";"MS";158;"325";"TRES LAGOAS";"Defeito mecânico em veículo";"Incêndio";"Sem Vítimas";"Pleno dia";"Crescente";"Sol";"Simples";"Reta";"Rural";1;0;0;0;1;0;0;1
83448829;"14/03/16";"Segunda";"21:00:00";"SC";101;"61,3";"ARAQUARI";"Outras";"Atropelamento de pessoa";"Com Vítimas Fatais";"Pleno dia";"Decrescente";"Nublado";"Dupla";"Reta";"Urbano";2;1;0;0;1;0;0;1
83448830;"26/01/16";"Terça";"23:00:00";"RS";386;"436,6";"NOVA SANTA RITA";"Desobediência à sinalização";"Colisão traseira";"Com Vítimas Feridas";"Plena noite";"Decrescente";"Nublado";"Dupla";"Cruzamento";"Urbano";3;0;2;0;1;0;2;2
83448831;"19/03/16";"Sábado";"10:05:00";"SC";101;"41,3";"JOINVILLE";"Desobediência à sinalização";"Colisão Transversal";"Sem Vítimas";"Pleno dia";"Decrescente";"Sol";"Dupla";"Cruzamento";"Urbano";2;0;0;0;2;0;0;2
83448832;"11/03/16";"Sexta";"12:30:00";"RJ";116;"277";"BARRA MANSA";"Outras";"Colisão com objeto fixo";"Com Vítimas Feridas";"Pleno dia";"Decrescente";"Chuva";"Dupla";"Curva";"Rural";2;0;1;0;1;0;1;2
83448833;"19/03/16";"Sábado";"10:00:00";"SC";470;"63";"BLUMENAU";"Falta de atenção";"Colisão Transversal";"Sem Vítimas";"Pleno dia";"Decrescente";"Ceu Claro";"Simples";"Reta";"Rural";2;0;0;0;2;0;0;2
83448834;"19/03/16";"Sábado";"10:05:00";"RJ";116;"125";"MAGE";"Velocidade incompatível";"Capotamento";"Com Vítimas Feridas";"Pleno dia";"Crescente";"Ceu Claro";"Dupla";"Curva";"Rural";2;0;2;0;0;0;2;1
83448835;"19/03/16";"Sábado";"08:00:00";"PE";101;"95";"CABO DE SANTO AGOSTINHO";"Outras";"Tombamento";"Com Vítimas Feridas";"Pleno dia";"Crescente";"Ceu Claro";"Dupla";"Curva";"Rural";1;0;0;1;0;0;1;1
83448836;"19/03/16";"Sábado";"10:40:00";"PR";373;"216,9";"IMBITUVA";"Velocidade incompatível";"Colisão com objeto fixo";"Sem Vítimas";"Pleno dia";"Crescente";"Sol";"Simples";"Curva";"Rural";1;0;0;0;1;0;0;1
83448837;"19/03/16";"Sábado";"09:30:00";"SC";116;"34,3";"ITAIOPOLIS";"Falta de atenção";"Colisão Transversal";"Com Vítimas Feridas";"Pleno dia";"Decrescente";"Ceu Claro";"Simples";"Reta";"Rural";4;0;1;0;3;0;1;2
83448838;"16/03/16";"Quarta";"16:30:00";"MT";364;"530";"ROSARIO OESTE";"Ingestão de álcool";"Colisão traseira";"Sem Vítimas";"Pleno dia";"Crescente";"Ceu Claro";"Simples";"Reta";"Rural";2;0;0;0;2;0;0;2
83448839;"19/03/16";"Sábado";"10:26:00";"SC";101;"89";"BARRA VELHA";"Desobediência à sinalização";"Colisão lateral";"Sem Vítimas";"Pleno dia";"Crescente";"Ceu Claro";"Simples";"Cruzamento";"Urbano";2;0;0;0;2;0;0;2
83448840;"19/03/16";"Sábado";"08:40:00";"MS";60;"390,8";"SIDROLANDIA";"Ultrapassagem indevida";"Colisão lateral";"Sem Vítimas";"Pleno dia";"Crescente";"Ceu Claro";"Simples";"Reta";"Rural";2;0;0;0;2;0;0;2
83448841;"19/03/16";"Sábado";"10:10:00";"RJ";393;"286";"VOLTA REDONDA";"Falta de atenção";"Colisão traseira";"Sem Vítimas";"Pleno dia";"Decrescente";"Ceu Claro";"Simples";"Reta";"Urbano";2;0;0;0;2;0;0;2
83448842;"14/03/16";"Segunda";"17:10:00";"CE";222;"216,5";"FORQUILHA";"Velocidade incompatível";"Capotamento";"Sem Vítimas";"Pleno dia";"Decrescente";"Chuva";"Simples";"Curva";"Rural";1;0;0;0;1;0;0;1
83448843;"19/03/16";"Sábado";"05:20:00";"BA";324;"565";"SAO SEBASTIAO DO PASSE";"Ingestão de álcool";"Capotamento";"Sem Vítimas";"Pleno dia";"Decrescente";"Sol";"Dupla";"Reta";"Rural";1;0;0;0;1;0;0;1
83448844;"19/03/16";"Sábado";"09:20:00";"MG";381;"497,5";"BETIM";"Falta de atenção";"Colisão lateral";"Sem Vítimas";"Pleno dia";"Crescente";"Ceu Claro";"Dupla";"Curva";"Urbano";2;0;0;0;2;0;0;2
83448845;"19/03/16";"Sábado";"11:00:00";"PE";408;"66";"CARPINA";"Não guardar distância de segurança";"Colisão traseira";"Com Vítimas Feridas";"Pleno dia";"Decrescente";"Ceu Claro";"Dupla";"Reta";"Rural";2;0;0;1;1;0;1;2
83448846;"15/01/16";"Sexta";"14:55:00";"BA";324;"614";"SALVADOR";"Falta de atenção";"Colisão traseira";"Sem Vítimas";"Pleno dia";"Crescente";"Sol";"Simples";"Reta";"Urbano";3;0;0;0;3;0;0;2
83448847;"19/03/16";"Sábado";"11:30:00";"SC";101;"132";"BALNEARIO CAMBORIU";"Falta de atenção";"Queda de motocicleta / bicicleta / veículo";"Com Vítimas Feridas";"Pleno dia";"Decrescente";"Ceu Claro";"Dupla";"Reta";"Urbano";3;0;2;0;1;0;2;2
83448848;"19/03/16";"Sábado";"09:30:00";"SP";153;"289";"OCAUCU";"Falta de atenção";"Colisão traseira";"Sem Vítimas";"Pleno dia";"Crescente";"Ceu Claro";"Simples";"Reta";"Rural";4;0;0;0;4;0;0;2
83448849;"19/03/16";"Sábado";"10:10:00";"BA";101;"732";"ITABELA";"Falta de atenção";"Colisão Transversal";"Sem Vítimas";"Pleno dia";"Decrescente";"Ceu Claro";"Simples";"Reta";"Rural";4;0;0;0;4;0;0;2
83448850;"16/03/16";"Quarta";"05:20:00";"BA";324;"608";"SIMOES FILHO";"Velocidade incompatível";"Tombamento";"Sem Vítimas";"Amanhecer";"Crescente";"Ceu Claro";"Dupla";"Curva";"Rural";1;0;0;0;1;0;0;1
83448851;"19/03/16";"Sábado";"09:25:00";"RO";364;"235,7";"CACOAL";"Falta de atenção";"Colisão traseira";"Com Vítimas Feridas";"Pleno dia";"Crescente";"Nublado";"Simples";"Cruzamento";"Urbano";2;0;0;1;1;0;1;2
83448852;"16/03/16";"Quarta";"01:30:00";"BA";20;"200";"LUIS EDUARDO MAGALHAES";"Dormindo";"Capotamento";"Com Vítimas Feridas";"Plena noite";"Crescente";"Ceu Claro";"Simples";"Reta";"Rural";4;0;3;0;1;0;3;1
83448853;"19/03/16";"Sábado";"10:10:00";"PR";476;"117";"COLOMBO";"Desobediência à sinalização";"Colisão Transversal";"Com Vítimas Feridas";"Pleno dia";"Crescente";"Sol";"Dupla";"Reta";"Urbano";2;0;0;1;1;0;1;2
83448854;"19/03/16";"Sábado";"07:40:00";"RS";470;"197,8";"BENTO GONCALVES";"Dormindo";"Colisão frontal";"Com Vítimas Feridas";"Pleno dia";"Crescente";"Chuva";"Simples";"Reta";"Rural";2;0;0;1;1;0;1;2
83448855;"19/03/16";"Sábado";"08:30:00";"MG";50;"6";"ARAGUARI";"Defeito mecânico em veículo";"Derramamento de Carga";"Sem Vítimas";"Pleno dia";"Decrescente";"Ceu Claro";"Dupla";"Reta";"Rural";1;0;0;0;1;0;0;1
83448856;"19/03/16";"Sábado";"11:15:00";"SC";282;"57,5";"RANCHO QUEIMADO";"Velocidade incompatível";"Colisão com objeto fixo";"Com Vítimas Feridas";"Pleno dia";"Crescente";"Nublado";"Simples";"Curva";"Rural";1;0;0;1;0;0;1;1
83448857;"15/03/16";"Terça";"11:30:00";"SP";381;"76";"SAO PAULO";"Velocidade incompatível";"Capotamento";"Sem Vítimas";"Pleno dia";"Crescente";"Ceu Claro";"Dupla";"Reta";"Rural";1;0;0;0;1;0;0;1
83448858;"19/03/16";"Sábado";"10:20:00";"RJ";101;"412";"ITAGUAI";"Ingestão de álcool";"Saída de Pista";"Com Vítimas Feridas";"Pleno dia";"Crescente";"Ceu Claro";"Dupla";"Reta";"Urbano";2;0;1;1;0;0;2;1
83448859;"19/03/16";"Sábado";"01:40:00";"SP";153;"132";"SAO JOSE DO RIO PRETO";"Animais na Pista";"Atropelamento de animal";"Sem Vítimas";"Plena noite";"Crescente";"Ceu Claro";"Simples";"Reta";"Rural";1;0;0;0;1;0;0;1
83448860;"19/03/16";"Sábado";"11:40:00";"PR";376;"232,5";"APUCARANA";"Outras";"Tombamento";"Sem Vítimas";"Pleno dia";"Decrescente";"Ceu Claro";"Simples";"Curva";"Rural";1;0;0;0;1;0;0;1
83448861;"19/03/16";"Sábado";"12:00:00";"RS";116;"320";"BARRA DO RIBEIRO";"Não guardar distância de segurança";"Colisão lateral";"Sem Vítimas";"Pleno dia";"Decrescente";"Chuva";"Simples";"Reta";"Rural";3;0;0;0;3;0;0;3
83448862;"17/03/16";"Quinta";"14:40:00";"DF";20;"11";"BRASILIA";"Ingestão de álcool";"Colisão Transversal";"Com Vítimas Feridas";"Pleno dia";"Decrescente";"Ceu Claro";"Dupla";"Reta";"Urbano";4;0;3;0;1;0;3;2
83448863;"19/03/16";"Sábado";"08:20:00";"SC";101;"197";"BIGUACU";"Outras";"Capotamento";"Com Vítimas Feridas";"Pleno dia";"Decrescente";"Nublado";"Dupla";"Curva";"Urbano";1;0;1;0;0;0;1;1
83448864;"18/03/16";"Sexta";"14:30:00";"BA";324;"543";"AMELIA RODRIGUES";"Não guardar distância de segurança";"Colisão com bicicleta";"Com Vítimas Feridas";"Pleno dia";"Crescente";"Ceu Claro";"Dupla";"Reta";"Urbano";3;0;2;0;1;0;2;2
83448865;"19/03/16";"Sábado";"10:40:00";"ES";262;"162,8";"IBATIBA";"Falta de atenção";"Colisão Transversal";"Com Vítimas Feridas";"Pleno dia";"Crescente";"Ceu Claro";"Simples";"Curva";"Rural";3;0;0;3;0;0;3;2
83448866;"19/03/16";"Sábado";"06:50:00";"MG";381;"483";"BETIM";"Falta de atenção";"Colisão lateral";"Com Vítimas Feridas";"Pleno dia";"Decrescente";"Sol";"Dupla";"Curva";"Urbano";3;0;2;0;1;0;2;3
83448867;"19/03/16";"Sábado";"06:10:00";"MG";262;"393";"PARA DE MINAS";"Outras";"Colisão traseira";"Com Vítimas Feridas";"Amanhecer";"Decrescente";"Nevoeiro/neblina";"Dupla";"Reta";"Rural";2;0;1;0;1;0;1;2
83448868;"19/03/16";"Sábado";"11:30:00";"RS";290;"268,1";"CACHOEIRA DO SUL";"Falta de atenção";"Atropelamento de pessoa";"Com Vítimas Feridas";"Pleno dia";"Crescente";"Nublado";"Simples";"Reta";"Rural";4;0;0;1;3;0;1;1
83448869;"16/03/16";"Quarta";"22:00:00";"MT";163;"754";"SORRISO";"Falta de atenção";"Colisão traseira";"Com Vítimas Feridas";"Plena noite";"Decrescente";"Ceu Claro";"Dupla";"Reta";"Urbano";2;0;1;0;1;0;1;2
83448871;"19/03/16";"Sábado";"13:50:00";"BA";324;"547";"AMELIA RODRIGUES";"Outras";"Colisão com objeto fixo";"Sem Vítimas";"Pleno dia";"Crescente";"Sol";"Dupla";"Curva";"Rural";1;0;0;0;1;0;0;1
83448872;"18/03/16";"Sexta";"18:00:00";"MT";174;"377,1";"CONQUISTA DOESTE";"Outras";"Saída de Pista";"Sem Vítimas";"Pleno dia";"Decrescente";"Ceu Claro";"Simples";"Reta";"Rural";2;0;0;0;2;0;0;1
83448873;"19/03/16";"Sábado";"13:00:00";"MG";262;"393";"PARA DE MINAS";"Outras";"Capotamento";"Sem Vítimas";"Pleno dia";"Decrescente";"Sol";"Dupla";"Reta";"Rural";1;0;0;0;1;0;0;1
83448874;"19/03/16";"Sábado";"12:40:00";"MS";163;"615,4";"SAO GABRIEL DO OESTE";"Ingestão de álcool";"Queda de motocicleta / bicicleta / veículo";"Sem Vítimas";"Pleno dia";"Decrescente";"Sol";"Simples";"Cruzamento";"Urbano";1;0;0;0;1;0;0;1
83448875;"15/03/16";"Terça";"14:30:00";"MG";381;"481";"CONTAGEM";"Defeito mecânico em veículo";"Queda de motocicleta / bicicleta / veículo";"Com Vítimas Feridas";"Pleno dia";"Decrescente";"Ceu Claro";"Dupla";"Reta";"Rural";2;0;2;0;0;0;2;1
83448876;"17/03/16";"Quinta";"21:45:00";"RJ";116;"101";"GUAPIMIRIM";"Outras";"Colisão Transversal";"Sem Vítimas";"Plena noite";"Crescente";"Ceu Claro";"Simples";"Reta";"Rural";2;0;0;0;1;1;0;2
83448877;"19/03/16";"Sábado";"13:00:00";"SP";116;"271,5";"TABOAO DA SERRA";"Falta de atenção";"Atropelamento de pessoa";"Com Vítimas Feridas";"Pleno dia";"Decrescente";"Sol";"Dupla";"Reta";"Urbano";2;0;1;1;0;0;2;1
83448878;"19/03/16";"Sábado";"15:20:00";"PR";369;"91,5";"CORNELIO PROCOPIO";"Velocidade incompatível";"Saída de Pista";"Com Vítimas Feridas";"Pleno dia";"Decrescente";"Sol";"Simples";"Curva";"Rural";1;0;0;1;0;0;1;1
83448879;"19/03/16";"Sábado";"14:00:00";"PE";101;"102";"CABO DE SANTO AGOSTINHO";"Desobediência à sinalização";"Colisão lateral";"Com Vítimas Feridas";"Pleno dia";"Crescente";"Ceu Claro";"Simples";"Reta";"Urbano";3;0;1;1;1;0;2;2
83448880;"19/03/16";"Sábado";"10:00:00";"MG";365;"581";"INDIANOPOLIS";"Falta de atenção";"Colisão Transversal";"Com Vítimas Feridas";"Pleno dia";"Decrescente";"Ceu Claro";"Simples";"Cruzamento";"Rural";2;0;1;0;1;0;1;2
83448881;"19/03/16";"Sábado";"14:50:00";"CE";304;"61,2";"ARACATI";"Dormindo";"Capotamento";"Com Vítimas Feridas";"Pleno dia";"Decrescente";"Ceu Claro";"Simples";"Curva";"Rural";5;0;3;0;2;0;3;1
83448882;"19/03/16";"Sábado";"11:00:00";"ES";262;"111,9";"VENDA NOVA DO IMIGRANTE";"Outras";"Colisão lateral";"Sem Vítimas";"Pleno dia";"Crescente";"Nublado";"Simples";"Curva";"Rural";2;0;0;0;2;0;0;2
83448884;"19/03/16";"Sábado";"15:15:00";"RS";290;"150";"ARROIO DOS RATOS";"Ultrapassagem indevida";"Colisão traseira";"Sem Vítimas";"Pleno dia";"Crescente";"Nublado";"Simples";"Reta";"Rural";2;0;0;0;2;0;0;2
83448886;"19/03/16";"Sábado";"13:00:00";"PR";369;"163,5";"CAMBE";"Velocidade incompatível";"Saída de Pista";"Com Vítimas Feridas";"Pleno dia";"Decrescente";"Sol";"Dupla";"Reta";"Rural";5;0;2;2;1;0;4;1
83448887;"19/03/16";"Sábado";"15:40:00";"SC";101;"12,7";"GARUVA";"Outras";"Colisão com objeto fixo";"Com Vítimas Feridas";"Pleno dia";"Decrescente";"Chuva";"Dupla";"Curva";"Urbano";2;0;1;0;1;0;1;1
83448888;"19/03/16";"Sábado";"15:40:00";"PR";376;"13,7";"MARINGA";"Defeito mecânico em veículo";"Saída de Pista";"Com Vítimas Feridas";"Pleno dia";"Decrescente";"Sol";"Dupla";"Curva";"Urbano";1;0;1;0;0;0;1;1
83448889;"15/03/16";"Terça";"00:15:00";"SP";116;"148";"SAO JOSE DOS CAMPOS";"Falta de atenção";"Colisão traseira";"Com Vítimas Feridas";"Plena noite";"Crescente";"Nublado";"Múltipla";"Reta";"Urbano";2;0;0;1;1;0;1;2
83448890;"15/03/16";"Terça";"05:30:00";"PR";277;"334,1";"GUARAPUAVA";"Dormindo";"Saída de Pista";"Sem Vítimas";"Amanhecer";"Crescente";"Nublado";"Simples";"Curva";"Rural";1;0;0;0;1;0;0;1
83448891;"19/03/16";"Sábado";"11:00:00";"MG";365;"160,5";"PIRAPORA";"Velocidade incompatível";"Derramamento de Carga";"Sem Vítimas";"Pleno dia";"Decrescente";"Ceu Claro";"Dupla";"Cruzamento";"Rural";1;0;0;0;1;0;0;1
83448892;"19/01/16";"Terça";"10:40:00";"ES";262;"151,9";"IBATIBA";"Ultrapassagem indevida";"Colisão lateral";"Com Vítimas Feridas";"Pleno dia";"Crescente";"Sol";"Simples";"Curva";"Rural";3;0;0;2;1;0;2;2
83448893;"11/03/16";"Sexta";"19:50:00";"CE";116;"307";"JAGUARIBE";"Falta de atenção";"Colisão Transversal";"Com Vítimas Feridas";"Plena noite";"Decrescente";"Ceu Claro";"Simples";"Reta";"Urbano";2;0;0;1;1;0;1;2
83448894;"07/02/16";"Domingo";"01:35:00";"SC";101;"224,2";"PALHOCA";"Outras";"Colisão traseira";"Com Vítimas Feridas";"Plena noite";"Decrescente";"Nublado";"Dupla";"Reta";"Urbano";3;0;2;0;1;0;2;2
83448895;"19/03/16";"Sábado";"16:20:00";"SP";116;"10,5";"QUELUZ";"Defeito mecânico em veículo";"Colisão com objeto fixo";"Sem Vítimas";"Pleno dia";"Crescente";"Ceu Claro";"Dupla";"Reta";"Rural";1;0;0;0;1;0;0;1
83448896;"15/03/16";"Terça";"21:45:00";"PE";428;"110,8";"SANTA MARIA DA BOA VISTA";"Animais na Pista";"Capotamento";"Com Vítimas Feridas";"Plena noite";"Crescente";"Ceu Claro";"Simples";"Reta";"Rural";2;0;0;2;0;0;2;1
83448897;"19/03/16";"Sábado";"07:40:00";"MG";381;"491";"BETIM";"Outras";"Colisão com objeto fixo";"Sem Vítimas";"Pleno dia";"Crescente";"Ceu Claro";"Dupla";"Curva";"Rural";1;0;0;0;1;0;0;1
83448898;"19/03/16";"Sábado";"15:50:00";"PI";343;"182";"PIRIPIRI";"Outras";"Colisão Transversal";"Com Vítimas Feridas";"Pleno dia";"Decrescente";"Ceu Claro";"Simples";"Reta";"Urbano";2;0;0;1;1;0;1;2
83448899;"19/03/16";"Sábado";"08:15:00";"RJ";101;"419";"MANGARATIBA";"Falta de atenção";"Colisão frontal";"Com Vítimas Fatais";"Pleno dia";"Decrescente";"Sol";"Simples";"Curva";"Urbano";6;1;2;2;1;0;4;2
83448900;"16/03/16";"Quarta";"21:40:00";"MG";135;"461,3";"BOCAIUVA";"Animais na Pista";"Atropelamento de animal";"Sem Vítimas";"Plena noite";"Decrescente";"Chuva";"Simples";"Reta";"Rural";1;0;0;0;1;0;0;1
83448901;"04/03/16";"Sexta";"19:30:00";"MA";316;"510";"CAXIAS";"Outras";"Derramamento de Carga";"Sem Vítimas";"Plena noite";"Decrescente";"Ceu Claro";"Simples";"Curva";"Rural";2;0;0;0;2;0;0;2
83448902;"11/03/16";"Sexta";"17:50:00";"ES";101;"260,9";"SERRA";"Desobediência à sinalização";"Colisão Transversal";"Com Vítimas Feridas";"Anoitecer";"Decrescente";"Ceu Claro";"Dupla";"Reta";"Urbano";2;0;1;0;1;0;1;2
83448903;"18/03/16";"Sexta";"20:30:00";"SP";116;"168,7";"JACAREI";"Falta de atenção";"Atropelamento de pessoa";"Com Vítimas Fatais";"Plena noite";"Crescente";"Ceu Claro";"Dupla";"Reta";"Urbano";2;1;0;0;1;0;0;1
83448904;"19/03/16";"Sábado";"16:45:00";"SC";101;"67,6";"ARAQUARI";"Dormindo";"Saída de Pista";"Com Vítimas Feridas";"Plena noite";"Crescente";"Chuva";"Dupla";"Curva";"Urbano";1;0;1;0;0;0;1;1
83448905;"19/03/16";"Sábado";"17:00:00";"SC";470;"60,5";"BLUMENAU";"Falta de atenção";"Colisão traseira";"Com Vítimas Feridas";"Pleno dia";"Decrescente";"Chuva";"Simples";"Reta";"Urbano";2;0;1;0;0;1;1;2
83448906;"19/03/16";"Sábado";"15:45:00";"MT";70;"707";"CACERES";"Defeito na via";"Saída de Pista";"Sem Vítimas";"Pleno dia";"Crescente";"Chuva";"Simples";"Reta";"Rural";2;0;0;0;2;0;0;1
83448907;"15/03/16";"Terça";"19:00:00";"SP";116;"144";"SAO JOSE DOS CAMPOS";"Falta de atenção";"Colisão lateral";"Com Vítimas Feridas";"Plena noite";"Crescente";"Ceu Claro";"Dupla";"Reta";"Urbano";3;0;2;0;1;0;2;2
83448908;"19/03/16";"Sábado";"15:10:00";"GO";70;"7";"AGUAS LINDAS DE GOIAS";"Falta de atenção";"Colisão lateral";"Com Vítimas Feridas";"Pleno dia";"Crescente";"Ceu Claro";"Dupla";"Reta";"Urbano";2;0;0;1;1;0;1;2
83448909;"19/03/16";"Sábado";"08:45:00";"MG";50;"71";"UBERLANDIA";"Falta de atenção";"Colisão traseira";"Sem Vítimas";"Pleno dia";"Decrescente";"Ceu Claro";"Dupla";"Reta";"Urbano";2;0;0;0;2;0;0;2
83448910;"19/03/16";"Sábado";"09:30:00";"PI";316;"407";"MARCOLANDIA";"Outras";"Saída de Pista";"Com Vítimas Feridas";"Pleno dia";"Decrescente";"Ceu Claro";"Simples";"Curva";"Rural";1;0;0;1;0;0;1;1
83448911;"19/03/16";"Sábado";"11:30:00";"MS";163;"545,2";"BANDEIRANTES";"Defeito mecânico em veículo";"Tombamento";"Com Vítimas Feridas";"Pleno dia";"Decrescente";"Ceu Claro";"Simples";"Reta";"Rural";1;0;1;0;0;0;1;1
83448912;"15/03/16";"Terça";"08:30:00";"ES";101;"1";"SERRA";"Outras";"Colisão lateral";"Com Vítimas Feridas";"Pleno dia";"Decrescente";"Ceu Claro";"Dupla";"Reta";"Urbano";2;0;1;0;1;0;1;2
83448913;"15/03/16";"Terça";"22:45:00";"SC";101;"272,9";"IMBITUBA";"Velocidade incompatível";"Saída de Pista";"Com Vítimas Feridas";"Plena noite";"Decrescente";"Ceu Claro";"Dupla";"Curva";"Urbano";1;0;0;1;0;0;1;1
83448914;"19/03/16";"Sábado";"16:40:00";"RN";405;"1,3";"MOSSORO";"Falta de atenção";"Colisão Transversal";"Com Vítimas Feridas";"Pleno dia";"Crescente";"Ceu Claro";"Dupla";"Reta";"Urbano";2;0;1;0;1;0;1;2
83448915;"19/03/16";"Sábado";"16:30:00";"TO";153;"638";"ALIANCA DO TOCANTINS";"Outras";"Saída de Pista";"Com Vítimas Feridas";"Pleno dia";"Crescente";"Chuva";"Simples";"Reta";"Rural";2;0;2;0;0;0;2;1
83448916;"15/03/16";"Terça";"18:45:00";"SP";116;"217";"GUARULHOS";"Não guardar distância de segurança";"Colisão traseira";"Com Vítimas Feridas";"Anoitecer";"Crescente";"Nublado";"Múltipla";"Curva";"Urbano";2;0;1;0;0;1;1;2
83448917;"19/03/16";"Sábado";"16:20:00";"PR";277;"406,3";"CANDOI";"Outras";"Queda de motocicleta / bicicleta / veículo";"Com Vítimas Feridas";"Pleno dia";"Crescente";"Ceu Claro";"Simples";"Curva";"Rural";1;0;1;0;0;0;1;1
83448918;"19/03/16";"Sábado";"16:30:00";"CE";20;"394";"CAUCAIA";"Outras";"Tombamento";"Com Vítimas Feridas";"Pleno dia";"Crescente";"Sol";"Simples";"Reta";"Rural";7;0;6;0;0;1;6;2
83448920;"15/03/16";"Terça";"18:00:00";"MG";153;"109";"PRATA";"Falta de atenção";"Colisão lateral";"Sem Vítimas";"Pleno dia";"Crescente";"Ceu Claro";"Simples";"Reta";"Rural";2;0;0;0;2;0;0;2
83448921;"13/03/16";"Domingo";"21:45:00";"MG";50;"153";"UBERABA";"Velocidade incompatível";"Capotamento";"Sem Vítimas";"Plena noite";"Decrescente";"Nublado";"Dupla";"Reta";"Rural";1;0;0;0;1;0;0;1
83448922;"19/03/16";"Sábado";"16:31:00";"RO";319;"63,6";"PORTO VELHO";"Velocidade incompatível";"Colisão lateral";"Com Vítimas Fatais";"Pleno dia";"Crescente";"Sol";"Dupla";"Reta";"Urbano";3;1;1;1;0;0;2;2
83448923;"19/03/16";"Sábado";"16:20:00";"SP";116;"99";"PINDAMONHANGABA";"Outras";"Colisão traseira";"Sem Vítimas";"Pleno dia";"Crescente";"Sol";"Dupla";"Reta";"Urbano";2;0;0;0;1;1;0;2
83448924;"19/03/16";"Sábado";"11:50:00";"RN";101;"125";"SAO JOSE DE MIPIBU";"Outras";"Colisão traseira";"Com Vítimas Feridas";"Pleno dia";"Crescente";"Ceu Claro";"Múltipla";"Reta";"Urbano";3;0;1;0;2;0;1;3
83448925;"19/03/16";"Sábado";"14:50:00";"GO";251;"32";"CRISTALINA";"Ingestão de álcool";"Colisão traseira";"Ignorado";"Pleno dia";"Decrescente";"Ceu Claro";"Simples";"Reta";"Urbano";3;0;0;0;0;3;0;2