"id";"data_inversa";"dia_semana";"horario";"uf";"br";"km";"municipio";"causa_acidente";"tipo_acidente";"classificacao_acidente";"fase_dia";"sentido_via";"condicao_metereologica";"tipo_pista";"tracado_via";"uso_solo";"pessoas";"mortos";"feridos_leves";"feridos_graves";"ilesos";"ignorados";"feridos";"veiculos"
83449035;"20/03/16";"Domingo";"01:00:00";"MS";163;"99,5";"ITAQUIRAI";"Dormindo";"Saída de Pista";"Com Vítimas Feridas";"Plena noite";"Decrescente";"Ceu Claro";"Simples";"Reta";"Rural";4;0;1;0;3;0;1;1
83449036;"19/03/16";"Sábado";"22:00:00";"BA";101;"298";"VALENCA";"Outras";"Saída de Pista";"Sem Vítimas";"Plena noite";"Decrescente";"Ceu Claro";"Simples";"Reta";"Rural";1;0;0;0;1;0;0;1
83449037;"20/03/16";"Domingo";"04:50:00";"RS";101;"73,8";"OSORIO";"Dormindo";"Capotamento";"Com Vítimas Feridas";"Plena noite";"Decrescente";"Chuva";"Dupla";"Reta";"Rural";2;0;2;0;0;0;2;1
83449038;"19/03/16";"Sábado";"23:30:00";"RN";226;"2,3";"NATAL";"Falta de atenção";"Colisão traseira";"Sem Vítimas";"Plena noite";"Crescente";"Ceu Claro";"Simples";"Reta";"Urbano";2;0;0;0;2;0;0;2
83449039;"20/03/16";"Domingo";"03:15:00";"MS";163;"421,8";"CAMPO GRANDE";"Outras";"Atropelamento de pessoa";"Com Vítimas Feridas";"Plena noite";"Decrescente";"Ceu Claro";"Simples";"Reta";"Urbano";3;0;0;1;2;0;1;1
83449040;"20/03/16";"Domingo";"05:15:00";"SC";101;"26,9";"JOINVILLE";"Ingestão de álcool";"Atropelamento de pessoa";"Com Vítimas Feridas";"Plena noite";"Decrescente";"Nublado";"Dupla";"Reta";"Urbano";2;0;0;1;1;0;1;1
83449041;"19/03/16";"Sábado";"21:50:00";"SP";101;"0";"UBATUBA";"Falta de atenção";"Colisão com objeto fixo";"Sem Vítimas";"Plena noite";"Crescente";"Ceu Claro";"Simples";"Curva";"Rural";1;0;0;0;1;0;0;1
83449042;"20/03/16";"Domingo";"02:50:00";"MT";163;"73,1";"ITIQUIRA";"Dormindo";"Saída de Pista";"Sem Vítimas";"Plena noite";"Decrescente";"Ceu Claro";"Dupla";"Reta";"Rural";1;0;0;0;1;0;0;1
83449043;"19/03/16";"Sábado";"19:00:00";"PI";343;"346,2";"TERESINA";"Não guardar distância de segurança";"Colisão traseira";"Com Vítimas Feridas";"Pleno dia";"Crescente";"Ignorada";"Simples";"Reta";"Urbano";2;0;1;0;1;0;1;2
83449044;"19/03/16";"Sábado";"22:30:00";"RS";116;"222,5";"DOIS IRMAOS";"Velocidade incompatível";"Capotamento";"Sem Vítimas";"Plena noite";"Decrescente";"Chuva";"Simples";"Reta";"Urbano";1;0;0;0;1;0;0;1
83449045;"19/03/16";"Sábado";"19:15:00";"SC";282;"536";"CHAPECO";"Ultrapassagem indevida";"Colisão lateral";"Com Vítimas Feridas";"Plena noite";"Crescente";"Ceu Claro";"Simples";"Reta";"Rural";2;0;1;0;1;0;1;2
83449046;"20/03/16";"Domingo";"04:10:00";"BA";116;"630,2";"JAGUAQUARA";"Desobediência à sinalização";"Colisão frontal";"Com Vítimas Feridas";"Amanhecer";"Crescente";"Ceu Claro";"Simples";"Reta";"Rural";2;0;0;1;0;1;1;2
83449047;"19/03/16";"Sábado";"17:15:00";"SC";101;"348,8";"JAGUARUNA";"Desobediência à sinalização";"Colisão Transversal";"Sem Vítimas";"Pleno dia";"Crescente";"Nublado";"Simples";"Cruzamento";"Urbano";2;0;0;0;2;0;0;2
83449048;"20/03/16";"Domingo";"04:20:00";"PR";116;"15,9";"COLOMBO";"Outras";"Colisão com objeto fixo";"Com Vítimas Feridas";"Plena noite";"Decrescente";"Nublado";"Dupla";"Reta";"Urbano";2;0;2;0;0;0;2;1
83449049;"19/03/16";"Sábado";"18:30:00";"MT";163;"987";"TERRA NOVA DO NORTE";"Ultrapassagem indevida";"Colisão frontal";"Com Vítimas Fatais";"Plena noite";"Decrescente";"Nublado";"Simples";"Reta";"Urbano";7;1;1;5;0;0;6;2
83449050;"20/03/16";"Domingo";"05:30:00";"SC";101;"214";"PALHOCA";"Velocidade incompatível";"Colisão traseira";"Sem Vítimas";"Amanhecer";"Crescente";"Ceu Claro";"Múltipla";"Reta";"Urbano";2;0;0;0;1;1;0;2
83449051;"20/03/16";"Domingo";"00:30:00";"GO";50;"122,2";"IPAMERI";"Outras";"Saída de Pista";"Com Vítimas Feridas";"Plena noite";"Crescente";"Ceu Claro";"Dupla";"Curva";"Rural";1;0;1;0;0;0;1;1
83449052;"20/03/16";"Domingo";"04:30:00";"MG";381;"266,3";"TIMOTEO";"Velocidade incompatível";"Saída de Pista";"Com Vítimas Feridas";"Plena noite";"Crescente";"Chuva";"Simples";"Curva";"Rural";2;0;2;0;0;0;2;1
83449053;"19/03/16";"Sábado";"22:00:00";"MT";364;"462,9";"VARZEA GRANDE";"Dormindo";"Saída de Pista";"Com Vítimas Feridas";"Plena noite";"Decrescente";"Nublado";"Simples";"Curva";"Rural";1;0;1;0;0;0;1;1
83449054;"20/03/16";"Domingo";"02:30:00";"PR";153;"42";"SANTO ANTONIO DA PLATINA";"Falta de atenção";"Colisão traseira";"Sem Vítimas";"Plena noite";"Crescente";"Ceu Claro";"Simples";"Reta";"Urbano";3;0;0;0;3;0;0;3
83449055;"19/03/16";"Sábado";"23:00:00";"RO";364;"348";"JI-PARANA";"Falta de atenção";"Colisão traseira";"Sem Vítimas";"Plena noite";"Crescente";"Ignorada";"Simples";"Reta";"Urbano";2;0;0;0;2;0;0;2
83449056;"20/03/16";"Domingo";"03:15:00";"SC";101;"15";"GARUVA";"Dormindo";"Saída de Pista";"Sem Vítimas";"Plena noite";"Decrescente";"Nublado";"Dupla";"Reta";"Rural";1;0;0;0;1;0;0;1
83449057;"19/03/16";"Sábado";"22:45:00";"PE";428;"184,7";"PETROLINA";"Falta de atenção";"Colisão Transversal";"Com Vítimas Feridas";"Plena noite";"Crescente";"Ceu Claro";"Simples";"Reta";"Urbano";3;0;2;0;1;0;2;2
83449058;"19/03/16";"Sábado";"20:15:00";"MT";364;"614";"DIAMANTINO";"Ingestão de álcool";"Saída de Pista";"Com Vítimas Feridas";"Plena noite";"Crescente";"Ceu Claro";"Dupla";"Reta";"Urbano";1;0;1;0;0;0;1;1
83449059;"17/03/16";"Quinta";"19:25:00";"PR";376;"1,1";"SAO JOSE DOS PINHAIS";"Falta de atenção";"Colisão lateral";"Com Vítimas Feridas";"Anoitecer";"Crescente";"Ceu Claro";"Dupla";"Reta";"Urbano";2;0;1;0;1;0;1;2
83449061;"16/03/16";"Quarta";"14:00:00";"BA";324;"553";"AMELIA RODRIGUES";"Outras";"Capotamento";"Sem Vítimas";"Pleno dia";"Decrescente";"Sol";"Dupla";"Reta";"Rural";1;0;0;0;1;0;0;1
83449063;"20/03/16";"Domingo";"06:00:00";"SC";101;"39,9";"JOINVILLE";"Dormindo";"Saída de Pista";"Com Vítimas Feridas";"Amanhecer";"Decrescente";"Nublado";"Dupla";"Curva";"Urbano";1;0;1;0;0;0;1;1
83449064;"19/03/16";"Sábado";"23:30:00";"MS";262;"86,5";"TRES LAGOAS";"Outras";"Capotamento";"Com Vítimas Fatais";"Plena noite";"Decrescente";"Ceu Claro";"Simples";"Reta";"Rural";4;1;1;2;0;0;3;1
83449065;"20/03/16";"Domingo";"05:00:00";"PR";369;"477";"CORBELIA";"Falta de atenção";"Atropelamento de pessoa";"Com Vítimas Fatais";"Amanhecer";"Crescente";"Ceu Claro";"Simples";"Reta";"Rural";2;1;0;0;1;0;0;1
83449066;"20/03/16";"Domingo";"06:15:00";"PR";369;"144,6";"LONDRINA";"Falta de atenção";"Colisão Transversal";"Ignorado";"Amanhecer";"Crescente";"Ceu Claro";"Dupla";"Reta";"Urbano";2;0;0;0;0;2;0;2
83449067;"20/03/16";"Domingo";"04:40:00";"RJ";40;"114";"DUQUE DE CAXIAS";"Velocidade incompatível";"Tombamento";"Com Vítimas Feridas";"Plena noite";"Decrescente";"Ignorada";"Dupla";"Reta";"Urbano";2;0;1;0;1;0;1;1
83449068;"19/03/16";"Sábado";"22:30:00";"RJ";101;"498";"ANGRA DOS REIS";"Outras";"Colisão Transversal";"Com Vítimas Fatais";"Plena noite";"Decrescente";"Ceu Claro";"Simples";"Reta";"Rural";2;1;0;0;0;1;0;2
83449069;"20/03/16";"Domingo";"03:55:00";"BA";135;"176";"BARREIRAS";"Ingestão de álcool";"Colisão com bicicleta";"Com Vítimas Fatais";"Plena noite";"Crescente";"Ceu Claro";"Simples";"Reta";"Rural";2;1;0;0;1;0;0;2
83449070;"14/03/16";"Segunda";"04:45:00";"MG";365;"585";"INDIANOPOLIS";"Velocidade incompatível";"Capotamento";"Sem Vítimas";"Plena noite";"Crescente";"Ceu Claro";"Simples";"Reta";"Urbano";1;0;0;0;1;0;0;1
83449071;"16/03/16";"Quarta";"13:58:00";"PI";343;"347";"TERESINA";"Falta de atenção";"Colisão lateral";"Sem Vítimas";"Pleno dia";"Decrescente";"Sol";"Simples";"Reta";"Urbano";3;0;0;0;3;0;0;3
83449072;"20/03/16";"Domingo";"00:05:00";"PR";476;"119,9";"COLOMBO";"Falta de atenção";"Colisão Transversal";"Com Vítimas Feridas";"Plena noite";"Decrescente";"Ceu Claro";"Múltipla";"Reta";"Urbano";2;0;1;0;1;0;1;2
83449073;"16/03/16";"Quarta";"21:20:00";"CE";116;"427";"IPAUMIRIM";"Velocidade incompatível";"Capotamento";"Com Vítimas Feridas";"Plena noite";"Decrescente";"Nublado";"Simples";"Curva";"Rural";2;0;1;0;1;0;1;1
83449074;"13/03/16";"Domingo";"06:15:00";"RS";287;"241,5";"SANTA MARIA";"Ingestão de álcool";"Saída de Pista";"Sem Vítimas";"Amanhecer";"Decrescente";"Ceu Claro";"Simples";"Reta";"Urbano";1;0;0;0;1;0;0;1
83449075;"16/03/16";"Quarta";"13:42:00";"GO";40;"2";"VALPARAISO DE GOIAS";"Outras";"Colisão traseira";"Com Vítimas Feridas";"Pleno dia";"Crescente";"Ceu Claro";"Dupla";"Reta";"Urbano";2;0;1;0;0;1;1;2
83449076;"16/03/16";"Quarta";"17:10:00";"PR";163;"296";"MERCEDES";"Defeito mecânico em veículo";"Saída de Pista";"Sem Vítimas";"Pleno dia";"Decrescente";"Ceu Claro";"Simples";"Reta";"Rural";1;0;0;0;1;0;0;1
83449077;"18/03/16";"Sexta";"16:00:00";"SC";280;"11";"SAO FRANCISCO DO SUL";"Falta de atenção";"Colisão traseira";"Sem Vítimas";"Pleno dia";"Decrescente";"Sol";"Simples";"Reta";"Rural";4;0;0;0;4;0;0;4
83449080;"12/03/16";"Sábado";"18:45:00";"PE";104;"79,9";"CARUARU";"Outras";"Atropelamento de pessoa";"Com Vítimas Fatais";"Plena noite";"Crescente";"Ceu Claro";"Simples";"Reta";"Rural";2;1;0;0;0;1;0;1
83449081;"16/03/16";"Quarta";"16:15:00";"MG";40;"552";"NOVA LIMA";"Outras";"Colisão Transversal";"Sem Vítimas";"Pleno dia";"Crescente";"Ceu Claro";"Simples";"Reta";"Urbano";3;0;0;0;3;0;0;2
83449082;"19/03/16";"Sábado";"02:40:00";"BA";101;"36";"ESPLANADA";"Outras";"Colisão frontal";"Com Vítimas Fatais";"Plena noite";"Decrescente";"Ceu Claro";"Simples";"Curva";"Rural";3;1;0;1;0;1;1;2
83449083;"17/03/16";"Quinta";"11:00:00";"SP";153;"311";"SAO PEDRO DO TURVO";"Falta de atenção";"Colisão traseira";"Com Vítimas Feridas";"Plena noite";"Crescente";"Sol";"Simples";"Reta";"Rural";4;0;1;1;2;0;2;4
83449084;"16/03/16";"Quarta";"15:30:00";"MG";40;"532";"BELO HORIZONTE";"Não guardar distância de segurança";"Colisão traseira";"Sem Vítimas";"Pleno dia";"Crescente";"Nublado";"Dupla";"Reta";"Urbano";5;0;0;0;5;0;0;5
83449085;"17/03/16";"Quinta";"06:50:00";"ES";101;"401,1";"RIO NOVO DO SUL";"Velocidade incompatível";"Colisão frontal";"Com Vítimas Feridas";"Amanhecer";"Crescente";"Chuva";"Simples";"Curva";"Rural";3;0;0;1;2;0;1;3
83449086;"20/03/16";"Domingo";"07:30:00";"RJ";116;"166,5";"RIO DE JANEIRO";"Outras";"Capotamento";"Com Vítimas Feridas";"Pleno dia";"Decrescente";"Ceu Claro";"Múltipla";"Reta";"Urbano";1;0;0;1;0;0;1;1
83449087;"16/03/16";"Quarta";"18:20:00";"SP";116;"127";"CACAPAVA";"Falta de atenção";"Colisão traseira";"Sem Vítimas";"Plena noite";"Decrescente";"Chuva";"Dupla";"Reta";"Urbano";2;0;0;0;2;0;0;2
83449088;"17/03/16";"Quinta";"02:30:00";"ES";101;"291,9";"CARIACICA";"Outras";"Colisão com objeto fixo";"Sem Vítimas";"Plena noite";"Crescente";"Nublado";"Dupla";"Curva";"Urbano";1;0;0;0;1;0;0;1
83449089;"17/03/16";"Quinta";"02:00:00";"MG";50;"19";"UBERLANDIA";"Ingestão de álcool";"Saída de Pista";"Sem Vítimas";"Plena noite";"Decrescente";"Nublado";"Dupla";"Reta";"Urbano";1;0;0;0;1;0;0;1
83449090;"20/03/16";"Domingo";"04:20:00";"PE";232;"362";"FLORES";"Ultrapassagem indevida";"Colisão lateral";"Com Vítimas Fatais";"Plena noite";"Crescente";"Ceu Claro";"Simples";"Curva";"Rural";3;1;0;0;1;1;0;2
83449092;"16/03/16";"Quarta";"23:10:00";"DF";70;"10";"BRASILIA";"Outras";"Saída de Pista";"Com Vítimas Feridas";"Plena noite";"Crescente";"Ceu Claro";"Dupla";"Reta";"Urbano";3;0;1;0;1;1;1;2
83449093;"16/03/16";"Quarta";"19:00:00";"PR";376;"4";"APUCARANA";"Não guardar distância de segurança";"Colisão traseira";"Com Vítimas Feridas";"Anoitecer";"Crescente";"Ceu Claro";"Simples";"Reta";"Urbano";2;0;0;1;1;0;1;2
83449094;"17/03/16";"Quinta";"03:00:00";"MG";381;"308";"ANTONIO DIAS";"Velocidade incompatível";"Saída de Pista";"Com Vítimas Feridas";"Plena noite";"Decrescente";"Ignorada";"Simples";"Curva";"Rural";1;0;0;1;0;0;1;1
83449095;"20/03/16";"Domingo";"07:50:00";"SC";101;"136";"BALNEARIO CAMBORIU";"Ingestão de álcool";"Colisão traseira";"Com Vítimas Feridas";"Pleno dia";"Crescente";"Nublado";"Simples";"Reta";"Urbano";3;0;1;0;2;0;1;2
83449096;"20/03/16";"Domingo";"09:00:00";"MG";116;"709,2";"MURIAE";"Velocidade incompatível";"Tombamento";"Com Vítimas Feridas";"Pleno dia";"Decrescente";"Ceu Claro";"Simples";"Curva";"Rural";1;0;1;0;0;0;1;1
83449097;"17/03/16";"Quinta";"04:50:00";"MG";153;"46";"CANAPOLIS";"Dormindo";"Tombamento";"Sem Vítimas";"Plena noite";"Crescente";"Ceu Claro";"Dupla";"Reta";"Rural";1;0;0;0;1;0;0;1
83449098;"19/03/16";"Sábado";"03:40:00";"MG";40;"104,9";"JOAO PINHEIRO";"Outras";"Saída de Pista";"Com Vítimas Feridas";"Plena noite";"Crescente";"Ceu Claro";"Simples";"Reta";"Rural";5;0;5;0;0;0;5;1
83449099;"20/03/16";"Domingo";"06:20:00";"SP";153;"104";"JOSE BONIFACIO";"Dormindo";"Colisão traseira";"Com Vítimas Feridas";"Amanhecer";"Crescente";"Ceu Claro";"Simples";"Reta";"Rural";3;0;1;0;2;0;1;3
83449100;"18/03/16";"Sexta";"19:20:00";"PI";316;"345";"FRANCISCO SANTOS";"Falta de atenção";"Colisão Transversal";"Com Vítimas Fatais";"Plena noite";"Decrescente";"Ceu Claro";"Simples";"Reta";"Rural";2;1;0;0;1;0;0;2
83449101;"19/03/16";"Sábado";"23:00:00";"ES";101;"436";"MIMOSO DO SUL";"Outras";"Queda de motocicleta / bicicleta / veículo";"Com Vítimas Feridas";"Plena noite";"Crescente";"Nublado";"Simples";"Curva";"Rural";1;0;1;0;0;0;1;1
83449102;"20/03/16";"Domingo";"09:00:00";"PR";376;"679";"GUARATUBA";"Velocidade incompatível";"Saída de Pista";"Com Vítimas Feridas";"Pleno dia";"Crescente";"Nublado";"Dupla";"Curva";"Rural";1;0;1;0;0;0;1;1
83449104;"20/03/16";"Domingo";"01:45:00";"SP";116;"216";"GUARULHOS";"Falta de atenção";"Colisão com objeto fixo";"Com Vítimas Feridas";"Plena noite";"Crescente";"Ceu Claro";"Múltipla";"Reta";"Urbano";3;0;2;0;1;0;2;1
83449105;"19/03/16";"Sábado";"02:30:00";"RS";116;"116,5";"SAO MARCOS";"Ingestão de álcool";"Saída de Pista";"Ignorado";"Plena noite";"Decrescente";"Chuva";"Simples";"Curva";"Urbano";1;0;0;0;0;1;0;1
83449106;"17/03/16";"Quinta";"13:10:00";"MG";40;"516";"RIBEIRAO DAS NEVES";"Velocidade incompatível";"Capotamento";"Ignorado";"Pleno dia";"Decrescente";"Ceu Claro";"Simples";"Reta";"Urbano";1;0;0;0;0;1;0;1
83449107;"12/03/16";"Sábado";"17:30:00";"MG";381;"331";"NOVA ERA";"Velocidade incompatível";"Saída de Pista";"Com Vítimas Feridas";"Pleno dia";"Crescente";"Chuva";"Dupla";"Curva";"Urbano";6;0;4;1;1;0;5;2
83449108;"20/03/16";"Domingo";"09:00:00";"RS";116;"530,9";"CAPAO DO LEAO";"Desobediência à sinalização";"Colisão Transversal";"Sem Vítimas";"Pleno dia";"Decrescente";"Chuva";"Simples";"Reta";"Rural";2;0;0;0;2;0;0;2
83449109;"17/03/16";"Quinta";"07:00:00";"MG";381;"591";"ITAGUARA";"Outras";"Saída de Pista";"Com Vítimas Fatais";"Pleno dia";"Crescente";"Nublado";"Dupla";"Reta";"Rural";1;1;0;0;0;0;0;1
83449110;"20/03/16";"Domingo";"08:40:00";"PR";369;"110,8";"URAI";"Defeito mecânico em veículo";"Saída de Pista";"Com Vítimas Feridas";"Pleno dia";"Crescente";"Ceu Claro";"Simples";"Reta";"Rural";1;0;1;0;0;0;1;1
83449111;"19/03/16";"Sábado";"10:50:00";"PR";476;"242,4";"LAPA";"Velocidade incompatível";"Colisão frontal";"Com Vítimas Fatais";"Pleno dia";"Crescente";"Sol";"Simples";"Curva";"Rural";4;1;1;0;2;0;1;3
83449112;"19/03/16";"Sábado";"05:30:00";"RS";470;"164,8";"VILA FLORES";"Outras";"Colisão frontal";"Com Vítimas Fatais";"Plena noite";"Decrescente";"Nublado";"Simples";"Curva";"Rural";4;1;1;2;0;0;3;2
83449113;"17/03/16";"Quinta";"14:00:00";"PI";222;"41";"BRASILEIRA";"Defeito mecânico em veículo";"Colisão Transversal";"Sem Vítimas";"Pleno dia";"Crescente";"Chuva";"Simples";"Reta";"Rural";2;0;0;0;2;0;0;2
83449114;"17/03/16";"Quinta";"05:40:00";"MS";262;"397,6";"TERENOS";"Dormindo";"Colisão lateral";"Com Vítimas Feridas";"Amanhecer";"Crescente";"Ceu Claro";"Simples";"Reta";"Rural";3;0;2;0;1;0;2;2
83449115;"20/03/16";"Domingo";"06:50:00";"RN";304;"125,4";"ITAJA";"Ingestão de álcool";"Colisão lateral";"Com Vítimas Feridas";"Pleno dia";"Crescente";"Ceu Claro";"Simples";"Curva";"Rural";3;0;1;0;2;0;1;2
83449116;"16/03/16";"Quarta";"20:40:00";"GO";60;"387";"RIO VERDE";"Velocidade incompatível";"Atropelamento de pessoa";"Com Vítimas Feridas";"Plena noite";"Crescente";"Ceu Claro";"Dupla";"Reta";"Urbano";4;0;0;1;3;0;1;1
83449117;"16/03/16";"Quarta";"17:00:00";"RJ";116;"91";"GUAPIMIRIM";"Falta de atenção";"Saída de Pista";"Sem Vítimas";"Pleno dia";"Decrescente";"Ceu Claro";"Simples";"Reta";"Urbano";1;0;0;0;1;0;0;1
83449118;"20/03/16";"Domingo";"10:30:00";"MG";116;"722,6";"MURIAE";"Velocidade incompatível";"Colisão lateral";"Com Vítimas Feridas";"Pleno dia";"Decrescente";"Ceu Claro";"Simples";"Cruzamento";"Rural";3;0;1;1;1;0;2;2
83449119;"20/03/16";"Domingo";"11:00:00";"SC";101;"232";"PALHOCA";"Falta de atenção";"Colisão traseira";"Sem Vítimas";"Pleno dia";"Crescente";"Nublado";"Dupla";"Reta";"Rural";3;0;0;0;3;0;0;3
83449120;"17/03/16";"Quinta";"08:20:00";"GO";60;"306,3";"ACREUNA";"Falta de atenção";"Colisão traseira";"Com Vítimas Feridas";"Pleno dia";"Crescente";"Ceu Claro";"Dupla";"Reta";"Rural";2;0;1;0;1;0;1;2
83449121;"20/03/16";"Domingo";"07:30:00";"SP";116;"224";"GUARULHOS";"Ingestão de álcool";"Queda de motocicleta / bicicleta / veículo";"Com Vítimas Feridas";"Pleno dia";"Crescente";"Sol";"Múltipla";"Reta";"Urbano";1;0;1;0;0;0;1;1
83449122;"20/03/16";"Domingo";"08:45:00";"SC";282;"6";"SAO JOSE";"Outras";"Colisão com objeto fixo";"Sem Vítimas";"Pleno dia";"Crescente";"Nublado";"Simples";"Curva";"Urbano";1;0;0;0;1;0;0;1
83449123;"20/03/16";"Domingo";"10:30:00";"PE";423;"102";"GARANHUNS";"Velocidade incompatível";"Tombamento";"Com Vítimas Feridas";"Pleno dia";"Crescente";"Ceu Claro";"Simples";"Curva";"Rural";1;0;1;0;0;0;1;1
83449124;"20/03/16";"Domingo";"08:40:00";"PR";277;"232";"FERNANDES PINHEIRO";"Velocidade incompatível";"Tombamento";"Sem Vítimas";"Pleno dia";"Decrescente";"Ceu Claro";"Simples";"Reta";"Rural";1;0;0;0;1;0;0;1
83449125;"20/03/16";"Domingo";"09:10:00";"SP";116;"397,2";"MIRACATU";"Velocidade incompatível";"Queda de motocicleta / bicicleta / veículo";"Com Vítimas Feridas";"Pleno dia";"Crescente";"Sol";"Dupla";"Curva";"Rural";2;0;1;0;1;0;1;2
83449126;"20/03/16";"Domingo";"10:00:00";"SC";116;"251,4";"LAGES";"Falta de atenção";"Colisão com objeto fixo";"Sem Vítimas";"Pleno dia";"Crescente";"Nublado";"Simples";"Cruzamento";"Rural";1;0;0;0;1;0;0;1
83449127;"20/03/16";"Domingo";"11:35:00";"GO";60;"81,7";"ANAPOLIS";"Defeito mecânico em veículo";"Colisão traseira";"Sem Vítimas";"Pleno dia";"Crescente";"Ceu Claro";"Dupla";"Reta";"Rural";2;0;0;0;2;0;0;2
83449128;"20/03/16";"Domingo";"11:10:00";"SC";282;"525,5";"CORDILHEIRA ALTA";"Ingestão de álcool";"Capotamento";"Com Vítimas Feridas";"Pleno dia";"Decrescente";"Sol";"Simples";"Curva";"Rural";1;0;1;0;0;0;1;1
83449129;"18/03/16";"Sexta";"13:00:00";"PR";116;"115";"CURITIBA";"Falta de atenção";"Queda de motocicleta / bicicleta / veículo";"Com Vítimas Feridas";"Pleno dia";"Decrescente";"Ceu Claro";"Dupla";"Reta";"Urbano";1;0;1;0;0;0;1;1
83449130;"20/03/16";"Domingo";"08:10:00";"SP";153;"64";"SAO JOSE DO RIO PRETO";"Falta de atenção";"Queda de motocicleta / bicicleta / veículo";"Com Vítimas Feridas";"Pleno dia";"Crescente";"Ceu Claro";"Dupla";"Curva";"Urbano";2;0;2;0;0;0;2;1
83449131;"16/03/16";"Quarta";"04:50:00";"SP";116;"277,5";"EMBU";"Não guardar distância de segurança";"Colisão traseira";"Sem Vítimas";"Plena noite";"Crescente";"Nublado";"Dupla";"Reta";"Urbano";2;0;0;0;2;0;0;2
83449133;"16/03/16";"Quarta";"20:50:00";"BA";324;"515";"FEIRA DE SANTANA";"Ingestão de álcool";"Colisão traseira";"Sem Vítimas";"Plena noite";"Crescente";"Ceu Claro";"Simples";"Cruzamento";"Urbano";2;0;0;0;2;0;0;2
83449134;"17/03/16";"Quinta";"06:30:00";"AL";104;"92";"RIO LARGO";"Animais na Pista";"Atropelamento de animal";"Sem Vítimas";"Pleno dia";"Crescente";"Chuva";"Dupla";"Reta";"Urbano";1;0;0;0;1;0;0;1
83449135;"20/03/16";"Domingo";"10:15:00";"PR";376;"168";"MARINGA";"Falta de atenção";"Capotamento";"Com Vítimas Feridas";"Pleno dia";"Decrescente";"Ceu Claro";"Dupla";"Reta";"Rural";2;0;2;0;0;0;2;1
83449136;"13/03/16";"Domingo";"20:00:00";"DF";60;"9";"BRASILIA";"Falta de atenção";"Saída de Pista";"Sem Vítimas";"Plena noite";"Decrescente";"Chuva";"Dupla";"Reta";"Rural";1;0;0;0;1;0;0;1
83449137;"20/03/16";"Domingo";"09:30:00";"PR";376;"295,6";"MAUA DA SERRA";"Falta de atenção";"Queda de motocicleta / bicicleta / veículo";"Com Vítimas Feridas";"Pleno dia";"Crescente";"Sol";"Simples";"Reta";"Rural";1;0;1;0;0;0;1;1
83449138;"16/03/16";"Quarta";"18:10:00";"SP";381;"43";"ATIBAIA";"Outras";"Colisão lateral";"Com Vítimas Feridas";"Anoitecer";"Decrescente";"Nublado";"Dupla";"Reta";"Urbano";3;0;1;0;2;0;1;2
83449139;"20/03/16";"Domingo";"11:15:00";"SP";153;"68,4";"SAO JOSE DO RIO PRETO";"Defeito mecânico em veículo";"Queda de motocicleta / bicicleta / veículo";"Com Vítimas Feridas";"Pleno dia";"Crescente";"Ceu Claro";"Simples";"Reta";"Urbano";2;0;2;0;0;0;2;1
83449140;"20/03/16";"Domingo";"13:50:00";"SC";470;"56,5";"BLUMENAU";"Falta de atenção";"Colisão Transversal";"Com Vítimas Feridas";"Pleno dia";"Crescente";"Nublado";"Simples";"Cruzamento";"Urbano";6;0;4;0;2;0;4;2
83449142;"20/03/16";"Domingo";"09:20:00";"PB";230;"39,1";"SANTA RITA";"Falta de atenção";"Queda de motocicleta / bicicleta / veículo";"Com Vítimas Feridas";"Pleno dia";"Crescente";"Ceu Claro";"Dupla";"Reta";"Rural";2;0;2;0;0;0;2;1
83449143;"17/03/16";"Quinta";"17:25:00";"SP";116;"218";"GUARULHOS";"Não guardar distância de segurança";"Colisão lateral";"Com Vítimas Feridas";"Pleno dia";"Crescente";"Chuva";"Múltipla";"Reta";"Urbano";2;0;1;0;1;0;1;2
83449144;"16/03/16";"Quarta";"13:00:00";"BA";324;"559";"SAO SEBASTIAO DO PASSE";"Dormindo";"Capotamento";"Com Vítimas Fatais";"Pleno dia";"Decrescente";"Sol";"Dupla";"Reta";"Rural";3;1;2;0;0;0;2;1
83449145;"20/03/16";"Domingo";"08:30:00";"MT";364;"265";"SAO PEDRO DA CIPA";"Não guardar distância de segurança";"Colisão traseira";"Sem Vítimas";"Pleno dia";"Decrescente";"Sol";"Simples";"Reta";"Rural";2;0;0;0;2;0;0;2
83449146;"20/03/16";"Domingo";"10:40:00";"MG";262;"387";"PARA DE MINAS";"Velocidade incompatível";"Queda de motocicleta / bicicleta / veículo";"Com Vítimas Feridas";"Pleno dia";"Decrescente";"Ceu Claro";"Dupla";"Reta";"Rural";2;0;1;0;1;0;1;2
83449147;"20/03/16";"Domingo";"08:00:00";"PB";230;"345";"PATOS";"Ingestão de álcool";"Queda de motocicleta / bicicleta / veículo";"Com Vítimas Feridas";"Pleno dia";"Crescente";"Ceu Claro";"Simples";"Reta";"Rural";3;0;3;0;0;0;3;1
83449148;"20/03/16";"Domingo";"14:10:00";"RS";386;"348,8";"ESTRELA";"Dormindo";"Saída de Pista";"Com Vítimas Feridas";"Pleno dia";"Decrescente";"Nublado";"Dupla";"Reta";"Urbano";2;0;1;0;1;0;1;1