"id";"data_inversa";"dia_semana";"horario";"uf";"br";"km";"municipio";"causa_acidente";"tipo_acidente";"classificacao_acidente";"fase_dia";"sentido_via";"condicao_metereologica";"tipo_pista";"tracado_via";"uso_solo";"pessoas";"mortos";"feridos_leves";"feridos_graves";"ilesos";"ignorados";"feridos";"veiculos"
83449366;"17/03/16";"Quinta";"16:20:00";"RN";304;"175,7";"ANGICOS";"Defeito mecânico em veículo";"Saída de Pista";"Com Vítimas Feridas";"Pleno dia";"Crescente";"Ceu Claro";"Simples";"Reta";"Rural";2;0;1;0;1;0;1;2
83449367;"18/03/16";"Sexta";"03:40:00";"SP";116;"163";"JACAREI";"Outras";"Colisão com objeto fixo";"Com Vítimas Feridas";"Plena noite";"Crescente";"Nublado";"Dupla";"Reta";"Rural";2;0;1;0;1;0;1;2
83449368;"21/03/16";"Segunda";"07:40:00";"RS";386;"348,8";"ESTRELA";"Velocidade incompatível";"Tombamento";"Com Vítimas Feridas";"Pleno dia";"Crescente";"Chuva";"Dupla";"Curva";"Urbano";1;0;1;0;0;0;1;1
83449369;"09/03/16";"Quarta";"05:55:00";"CE";116;"14";"FORTALEZA";"Defeito na via";"Colisão traseira";"Com Vítimas Feridas";"Pleno dia";"Crescente";"Ceu Claro";"Múltipla";"Reta";"Urbano";3;0;0;2;1;0;2;2
83449370;"20/03/16";"Domingo";"00:30:00";"PE";110;"227,1";"TACARATU";"Outras";"Queda de motocicleta / bicicleta / veículo";"Com Vítimas Feridas";"Plena noite";"Decrescente";"Ceu Claro";"Simples";"Reta";"Rural";1;0;0;1;0;0;1;1
83449371;"19/03/16";"Sábado";"16:10:00";"PI";135;"328";"SANTA LUZ";"Dormindo";"Capotamento";"Com Vítimas Feridas";"Pleno dia";"Crescente";"Sol";"Simples";"Reta";"Rural";1;0;1;0;0;0;1;1
83449372;"20/03/16";"Domingo";"10:00:00";"RO";319;"59,5";"PORTO VELHO";"Falta de atenção";"Queda de motocicleta / bicicleta / veículo";"Com Vítimas Feridas";"Pleno dia";"Crescente";"Sol";"Dupla";"Reta";"Urbano";1;0;0;1;0;0;1;1
83449374;"16/03/16";"Quarta";"17:00:00";"MS";262;"138,7";"AGUA CLARA";"Defeito mecânico em veículo";"Saída de Pista";"Sem Vítimas";"Pleno dia";"Crescente";"Sol";"Simples";"Reta";"Urbano";1;0;0;0;1;0;0;1
83449376;"13/03/16";"Domingo";"23:00:00";"BA";324;"617";"SALVADOR";"Outras";"Colisão traseira";"Com Vítimas Feridas";"Plena noite";"Decrescente";"Nublado";"Dupla";"Reta";"Urbano";2;0;1;0;1;0;1;2
83449377;"20/03/16";"Domingo";"20:00:00";"MA";230;"470";"RIACHAO";"Falta de atenção";"Colisão com objeto fixo";"Com Vítimas Feridas";"Plena noite";"Decrescente";"Chuva";"Simples";"Reta";"Urbano";3;0;0;2;1;0;2;2
83449378;"21/03/16";"Segunda";"05:30:00";"SP";116;"211";"GUARULHOS";"Ingestão de álcool";"Colisão lateral";"Com Vítimas Feridas";"Amanhecer";"Decrescente";"Ceu Claro";"Múltipla";"Reta";"Urbano";4;0;1;0;3;0;1;2
83449380;"20/03/16";"Domingo";"22:20:00";"SP";116;"150";"SAO JOSE DOS CAMPOS";"Ingestão de álcool";"Capotamento";"Sem Vítimas";"Plena noite";"Crescente";"Ceu Claro";"Múltipla";"Reta";"Urbano";1;0;0;0;1;0;0;1
83449381;"18/03/16";"Sexta";"02:50:00";"SC";116;"235,7";"CORREIA PINTO";"Animais na Pista";"Atropelamento de animal";"Com Vítimas Feridas";"Plena noite";"Decrescente";"Ceu Claro";"Simples";"Reta";"Rural";1;0;0;1;0;0;1;1
83449382;"17/03/16";"Quinta";"20:20:00";"MG";153;"16";"CENTRALINA";"Dormindo";"Colisão traseira";"Com Vítimas Feridas";"Plena noite";"Decrescente";"Ceu Claro";"Dupla";"Reta";"Rural";2;0;1;0;1;0;1;2
83449383;"07/03/16";"Segunda";"20:30:00";"BA";116;"463";"SANTO ESTEVAO";"Desobediência à sinalização";"Atropelamento de pessoa";"Com Vítimas Feridas";"Plena noite";"Decrescente";"Ceu Claro";"Dupla";"Reta";"Urbano";2;0;1;1;0;0;2;1
83449384;"21/03/16";"Segunda";"06:10:00";"GO";60;"163";"GOIANIA";"Outras";"Colisão com objeto fixo";"Ignorado";"Amanhecer";"Crescente";"Ceu Claro";"Simples";"Reta";"Urbano";1;0;0;0;0;1;0;1
83449385;"18/03/16";"Sexta";"07:00:00";"BA";101;"596,9";"MASCOTE";"Outras";"Saída de Pista";"Com Vítimas Feridas";"Pleno dia";"Decrescente";"Nublado";"Simples";"Curva";"Rural";4;0;0;1;3;0;1;1
83449386;"17/03/16";"Quinta";"08:15:00";"RO";364;"338,5";"JI-PARANA";"Outras";"Colisão lateral";"Sem Vítimas";"Pleno dia";"Decrescente";"Ceu Claro";"Dupla";"Reta";"Urbano";2;0;0;0;2;0;0;2
83449387;"20/03/16";"Domingo";"13:30:00";"RO";364;"68";"VILHENA";"Dormindo";"Colisão traseira";"Com Vítimas Feridas";"Pleno dia";"Decrescente";"Nublado";"Dupla";"Reta";"Rural";3;0;1;0;2;0;1;2
83449388;"21/03/16";"Segunda";"03:18:00";"MG";381;"520";"IGARAPE";"Dormindo";"Capotamento";"Com Vítimas Feridas";"Plena noite";"Decrescente";"Ceu Claro";"Dupla";"Reta";"Urbano";1;0;0;1;0;0;1;1
83449389;"21/01/16";"Quinta";"08:19:00";"SC";116;"81";"MONTE CASTELO";"Outras";"Colisão com objeto móvel";"Sem Vítimas";"Pleno dia";"Crescente";"Ceu Claro";"Simples";"Reta";"Rural";1;0;0;0;1;0;0;1
83449390;"21/03/16";"Segunda";"09:00:00";"RJ";116;"137";"DUQUE DE CAXIAS";"Defeito na via";"Colisão com objeto fixo";"Sem Vítimas";"Pleno dia";"Crescente";"Ceu Claro";"Dupla";"Reta";"Rural";1;0;0;0;1;0;0;1
83449391;"17/03/16";"Quinta";"13:30:00";"MG";116;"518,9";"UBAPORANGA";"Falta de atenção";"Colisão traseira";"Com Vítimas Feridas";"Pleno dia";"Decrescente";"Sol";"Simples";"Reta";"Rural";2;0;0;1;1;0;1;2
83449392;"21/03/16";"Segunda";"07:50:00";"RS";116;"0,3";"PORTO ALEGRE";"Desobediência à sinalização";"Colisão lateral";"Com Vítimas Feridas";"Pleno dia";"Crescente";"Nublado";"Simples";"Reta";"Urbano";2;0;1;0;1;0;1;2
83449393;"19/03/16";"Sábado";"00:20:00";"MG";40;"682,1";"RESSAQUINHA";"Falta de atenção";"Atropelamento de pessoa";"Com Vítimas Fatais";"Pleno dia";"Crescente";"Nublado";"Simples";"Reta";"Urbano";2;1;0;0;1;0;0;1
83449394;"21/03/16";"Segunda";"05:10:00";"BA";116;"397";"SANTA BARBARA";"Outras";"Colisão traseira";"Com Vítimas Feridas";"Pleno dia";"Crescente";"Ceu Claro";"Simples";"Reta";"Rural";2;0;2;0;0;0;2;2
83449395;"21/03/16";"Segunda";"07:30:00";"MS";163;"487";"CAMPO GRANDE";"Defeito mecânico em veículo";"Colisão com objeto móvel";"Sem Vítimas";"Pleno dia";"Crescente";"Ceu Claro";"Simples";"Reta";"Urbano";2;0;0;0;2;0;0;2
83449396;"21/03/16";"Segunda";"08:30:00";"SE";235;"11";"NOSSA SENHORA DO SOCORRO";"Falta de atenção";"Colisão Transversal";"Sem Vítimas";"Pleno dia";"Crescente";"Chuva";"Simples";"Curva";"Rural";2;0;0;0;2;0;0;2
83449397;"21/03/16";"Segunda";"05:50:00";"MT";364;"235,5";"RONDONOPOLIS";"Não guardar distância de segurança";"Colisão traseira";"Sem Vítimas";"Amanhecer";"Crescente";"Ceu Claro";"Simples";"Reta";"Rural";2;0;0;0;1;1;0;2
83449398;"13/03/16";"Domingo";"23:00:00";"RJ";393;"285";"VOLTA REDONDA";"Animais na Pista";"Queda de motocicleta / bicicleta / veículo";"Com Vítimas Feridas";"Plena noite";"Decrescente";"Nublado";"Simples";"Reta";"Urbano";2;0;2;0;0;0;2;1
83449399;"19/03/16";"Sábado";"05:50:00";"SP";116;"278";"EMBU";"Outras";"Colisão traseira";"Com Vítimas Feridas";"Amanhecer";"Decrescente";"Nevoeiro/neblina";"Dupla";"Reta";"Urbano";4;0;2;0;2;0;2;3
83449400;"21/03/16";"Segunda";"07:30:00";"SC";101;"214";"PALHOCA";"Não guardar distância de segurança";"Colisão traseira";"Com Vítimas Feridas";"Pleno dia";"Decrescente";"Ceu Claro";"Múltipla";"Reta";"Urbano";2;0;1;0;1;0;1;2
83449401;"10/02/16";"Quarta";"19:20:00";"PR";376;"589";"CURITIBA";"Falta de atenção";"Colisão Transversal";"Com Vítimas Feridas";"Anoitecer";"Decrescente";"Chuva";"Dupla";"Reta";"Rural";4;0;1;0;3;0;1;2
83449403;"21/03/16";"Segunda";"07:50:00";"RS";287;"243,9";"SANTA MARIA";"Não guardar distância de segurança";"Colisão traseira";"Sem Vítimas";"Pleno dia";"Crescente";"Nublado";"Simples";"Cruzamento";"Urbano";2;0;0;0;2;0;0;2
83449404;"15/01/16";"Sexta";"11:50:00";"DF";70;"11";"BRASILIA";"Falta de atenção";"Colisão com objeto fixo";"Sem Vítimas";"Pleno dia";"Crescente";"Chuva";"Simples";"Reta";"Urbano";1;0;0;0;1;0;0;1
83449405;"17/03/16";"Quinta";"18:30:00";"RJ";101;"428";"MANGARATIBA";"Velocidade incompatível";"Colisão Transversal";"Com Vítimas Feridas";"Plena noite";"Crescente";"Chuva";"Simples";"Curva";"Rural";6;0;4;0;2;0;4;2
83449406;"20/03/16";"Domingo";"07:50:00";"MT";163;"844";"SINOP";"Ultrapassagem indevida";"Colisão frontal";"Sem Vítimas";"Plena noite";"Crescente";"Ceu Claro";"Simples";"Reta";"Rural";2;0;0;0;2;0;0;2
83449407;"14/03/16";"Segunda";"00:30:00";"MG";40;"665,1";"CARANDAI";"Outras";"Queda de motocicleta / bicicleta / veículo";"Com Vítimas Feridas";"Plena noite";"Decrescente";"Ceu Claro";"Simples";"Reta";"Urbano";2;0;1;0;1;0;1;1
83449408;"13/03/16";"Domingo";"17:35:00";"SC";101;"227,2";"PALHOCA";"Velocidade incompatível";"Saída de Pista";"Com Vítimas Feridas";"Pleno dia";"Crescente";"Ceu Claro";"Dupla";"Reta";"Urbano";1;0;1;0;0;0;1;1
83449409;"06/01/16";"Quarta";"14:45:00";"ES";101;"214,3";"IBIRACU";"Outras";"Colisão traseira";"Sem Vítimas";"Pleno dia";"Decrescente";"Ceu Claro";"Simples";"Reta";"Urbano";2;0;0;0;2;0;0;2
83449410;"21/03/16";"Segunda";"09:30:00";"SC";101;"200,9";"SAO JOSE";"Outras";"Colisão traseira";"Com Vítimas Fatais";"Pleno dia";"Crescente";"Ceu Claro";"Dupla";"Reta";"Urbano";2;1;0;0;1;0;0;2
83449411;"18/03/16";"Sexta";"05:00:00";"RJ";101;"181";"RIO DAS OSTRAS";"Falta de atenção";"Colisão frontal";"Com Vítimas Feridas";"Amanhecer";"Crescente";"Chuva";"Simples";"Reta";"Rural";6;0;4;0;2;0;4;2
83449412;"21/03/16";"Segunda";"11:00:00";"PR";476;"160,6";"ARAUCARIA";"Falta de atenção";"Colisão lateral";"Sem Vítimas";"Pleno dia";"Crescente";"Sol";"Simples";"Reta";"Rural";2;0;0;0;2;0;0;2
83449413;"09/01/16";"Sábado";"06:40:00";"BA";101;"398";"IBIRAPITANGA";"Outras";"Saída de Pista";"Com Vítimas Feridas";"Pleno dia";"Crescente";"Chuva";"Simples";"Curva";"Rural";4;0;2;0;2;0;2;1
83449415;"21/03/16";"Segunda";"08:20:00";"PE";101;"70";"RECIFE";"Desobediência à sinalização";"Colisão Transversal";"Com Vítimas Feridas";"Pleno dia";"Crescente";"Ceu Claro";"Dupla";"Reta";"Urbano";2;0;1;0;1;0;1;2
83449416;"21/03/16";"Segunda";"11:00:00";"MG";381;"502";"BETIM";"Outras";"Capotamento";"Com Vítimas Feridas";"Pleno dia";"Decrescente";"Ceu Claro";"Dupla";"Reta";"Urbano";1;0;1;0;0;0;1;1
83449417;"21/03/16";"Segunda";"10:20:00";"ES";101;"258";"SERRA";"Outras";"Queda de motocicleta / bicicleta / veículo";"Com Vítimas Feridas";"Pleno dia";"Decrescente";"Sol";"Dupla";"Reta";"Urbano";1;0;0;1;0;0;1;1
83449418;"21/03/16";"Segunda";"07:05:00";"RO";364;"236,3";"CACOAL";"Falta de atenção";"Colisão lateral";"Com Vítimas Feridas";"Pleno dia";"Decrescente";"Ceu Claro";"Simples";"Reta";"Urbano";2;0;1;1;0;0;2;2
83449419;"21/03/16";"Segunda";"09:30:00";"MG";116;"527,3";"CARATINGA";"Falta de atenção";"Colisão Transversal";"Com Vítimas Feridas";"Pleno dia";"Decrescente";"Ceu Claro";"Simples";"Curva";"Urbano";3;0;2;0;1;0;2;3
83449420;"17/03/16";"Quinta";"13:20:00";"CE";222;"12";"CAUCAIA";"Falta de atenção";"Colisão lateral";"Sem Vítimas";"Pleno dia";"Decrescente";"Chuva";"Dupla";"Curva";"Rural";2;0;0;0;2;0;0;2
83449421;"20/03/16";"Domingo";"01:00:00";"MG";267;"157";"LIMA DUARTE";"Dormindo";"Saída de Pista";"Sem Vítimas";"Plena noite";"Crescente";"Nublado";"Simples";"Curva";"Rural";1;0;0;0;1;0;0;1
83449422;"21/03/16";"Segunda";"07:30:00";"PR";376;"359";"ORTIGUEIRA";"Outras";"Queda de motocicleta / bicicleta / veículo";"Com Vítimas Feridas";"Pleno dia";"Decrescente";"Sol";"Simples";"Curva";"Rural";2;0;2;0;0;0;2;1
83449423;"21/01/16";"Quinta";"08:10:00";"RJ";393;"255";"BARRA DO PIRAI";"Falta de atenção";"Colisão lateral";"Sem Vítimas";"Pleno dia";"Crescente";"Ceu Claro";"Dupla";"Reta";"Urbano";2;0;0;0;1;1;0;2
83449424;"21/03/16";"Segunda";"08:10:00";"RS";116;"78,9";"CAMPESTRE DA SERRA";"Velocidade incompatível";"Colisão frontal";"Com Vítimas Fatais";"Pleno dia";"Decrescente";"Chuva";"Simples";"Curva";"Urbano";2;1;0;0;1;0;0;2
83449425;"13/03/16";"Domingo";"13:40:00";"MG";262;"367";"JUATUBA";"Animais na Pista";"Colisão com objeto fixo";"Com Vítimas Feridas";"Pleno dia";"Crescente";"Ceu Claro";"Dupla";"Curva";"Urbano";1;0;0;1;0;0;1;1
83449426;"21/03/16";"Segunda";"04:30:00";"BA";324;"469";"TANQUINHO";"Outras";"Atropelamento de animal";"Sem Vítimas";"Plena noite";"Crescente";"Ceu Claro";"Simples";"Reta";"Rural";2;0;0;0;2;0;0;2
83449427;"20/03/16";"Domingo";"23:00:00";"PB";104;"21,9";"CUITE";"Falta de atenção";"Saída de Pista";"Com Vítimas Fatais";"Plena noite";"Decrescente";"Ignorada";"Simples";"Curva";"Rural";1;1;0;0;0;0;0;1
83449428;"21/03/16";"Segunda";"09:40:00";"RO";364;"198,9";"PIMENTA BUENO";"Falta de atenção";"Colisão lateral";"Sem Vítimas";"Pleno dia";"Decrescente";"Ceu Claro";"Simples";"Reta";"Urbano";2;0;0;0;2;0;0;2
83449429;"21/03/16";"Segunda";"08:15:00";"BA";324;"619";"SALVADOR";"Outras";"Queda de motocicleta / bicicleta / veículo";"Sem Vítimas";"Pleno dia";"Crescente";"Ceu Claro";"Múltipla";"Curva";"Urbano";1;0;0;0;1;0;0;1
83449430;"17/03/16";"Quinta";"22:40:00";"PR";277;"660,9";"MATELANDIA";"Outras";"Queda de motocicleta / bicicleta / veículo";"Com Vítimas Feridas";"Plena noite";"Crescente";"Ceu Claro";"Simples";"Curva";"Rural";2;0;2;0;0;0;2;1
83449431;"21/03/16";"Segunda";"08:50:00";"SC";101;"443,5";"SANTA ROSA DO SUL";"Falta de atenção";"Colisão lateral";"Sem Vítimas";"Pleno dia";"Crescente";"Nublado";"Dupla";"Reta";"Rural";2;0;0;0;1;1;0;2
83449432;"17/03/16";"Quinta";"17:30:00";"PR";153;"169,2";"VENTANIA";"Outras";"Colisão lateral";"Com Vítimas Fatais";"Pleno dia";"Crescente";"Ceu Claro";"Simples";"Reta";"Rural";6;4;0;1;1;0;1;2
83449433;"19/03/16";"Sábado";"22:30:00";"BA";101;"298";"VALENCA";"Outras";"Colisão Transversal";"Sem Vítimas";"Plena noite";"Decrescente";"Ceu Claro";"Simples";"Reta";"Rural";2;0;0;0;1;1;0;2
83449434;"21/03/16";"Segunda";"10:40:00";"BA";242;"235";"ITABERABA";"Dormindo";"Saída de Pista";"Com Vítimas Feridas";"Pleno dia";"Decrescente";"Ceu Claro";"Simples";"Reta";"Rural";1;0;1;0;0;0;1;1
83449435;"20/03/16";"Domingo";"02:15:00";"BA";367;"22,9";"PORTO SEGURO";"Ultrapassagem indevida";"Colisão frontal";"Com Vítimas Feridas";"Plena noite";"Crescente";"Ceu Claro";"Simples";"Reta";"Urbano";3;0;1;0;2;0;1;2
83449436;"15/03/16";"Terça";"20:00:00";"RO";364;"245";"CACOAL";"Defeito na via";"Colisão com objeto fixo";"Com Vítimas Fatais";"Plena noite";"Crescente";"Nublado";"Simples";"Reta";"Rural";6;1;0;0;3;2;0;3
83449437;"17/03/16";"Quinta";"10:30:00";"MG";365;"628";"UBERLANDIA";"Não guardar distância de segurança";"Queda de motocicleta / bicicleta / veículo";"Com Vítimas Feridas";"Pleno dia";"Decrescente";"Ceu Claro";"Dupla";"Reta";"Urbano";1;0;0;1;0;0;1;1
83449439;"21/03/16";"Segunda";"09:15:00";"RS";285;"293,8";"PASSO FUNDO";"Desobediência à sinalização";"Colisão Transversal";"Sem Vítimas";"Pleno dia";"Decrescente";"Chuva";"Simples";"Cruzamento";"Urbano";3;0;0;0;3;0;0;3
83449440;"17/03/16";"Quinta";"17:10:00";"MG";381;"800,9";"SAO GONCALO DO SAPUCAI";"Falta de atenção";"Colisão com objeto fixo";"Com Vítimas Feridas";"Pleno dia";"Crescente";"Ceu Claro";"Dupla";"Curva";"Rural";2;0;0;1;1;0;1;2
83449441;"21/03/16";"Segunda";"10:10:00";"SP";116;"207";"GUARULHOS";"Não guardar distância de segurança";"Colisão traseira";"Com Vítimas Feridas";"Pleno dia";"Crescente";"Sol";"Múltipla";"Reta";"Urbano";3;0;1;0;2;0;1;3
83449443;"21/03/16";"Segunda";"10:10:00";"MG";116;"804";"ALEM PARAIBA";"Outras";"Saída de Pista";"Com Vítimas Feridas";"Pleno dia";"Crescente";"Sol";"Simples";"Curva";"Rural";1;0;1;0;0;0;1;1
83449444;"21/03/16";"Segunda";"09:35:00";"SC";282;"616,2";"IRACEMINHA";"Defeito mecânico em veículo";"Colisão com objeto fixo";"Sem Vítimas";"Pleno dia";"Decrescente";"Chuva";"Simples";"Reta";"Rural";15;0;0;0;15;0;0;2
83449445;"21/03/16";"Segunda";"08:40:00";"AP";210;"2,4";"MACAPA";"Outras";"Saída de Pista";"Ignorado";"Pleno dia";"Crescente";"Ignorada";"Simples";"Reta";"Urbano";1;0;0;0;0;1;0;1
83449446;"21/03/16";"Segunda";"12:30:00";"PI";343;"199";"PIRIPIRI";"Ingestão de álcool";"Saída de Pista";"Com Vítimas Fatais";"Pleno dia";"Crescente";"Ceu Claro";"Simples";"Reta";"Rural";2;1;0;1;0;0;1;1
83449447;"21/03/16";"Segunda";"07:15:00";"MG";50;"71";"UBERLANDIA";"Outras";"Colisão lateral";"Sem Vítimas";"Pleno dia";"Decrescente";"Sol";"Múltipla";"Reta";"Urbano";2;0;0;0;2;0;0;2
83449448;"21/03/16";"Segunda";"08:20:00";"RS";116;"265,3";"CANOAS";"Falta de atenção";"Colisão lateral";"Com Vítimas Feridas";"Pleno dia";"Crescente";"Nublado";"Dupla";"Reta";"Urbano";2;0;1;0;1;0;1;2
83449449;"19/03/16";"Sábado";"07:00:00";"RJ";116;"165";"RIO DE JANEIRO";"Outras";"Colisão com objeto fixo";"Com Vítimas Feridas";"Amanhecer";"Crescente";"Ceu Claro";"Dupla";"Reta";"Urbano";3;0;1;2;0;0;3;1
83449450;"19/03/16";"Sábado";"11:44:00";"RJ";40;"54";"PETROPOLIS";"Defeito mecânico em veículo";"Incêndio";"Sem Vítimas";"Pleno dia";"Decrescente";"Sol";"Simples";"Reta";"Urbano";3;0;0;0;3;0;0;1
83449451;"21/03/16";"Segunda";"11:20:00";"RS";386;"444";"CANOAS";"Defeito mecânico em veículo";"Capotamento";"Com Vítimas Feridas";"Pleno dia";"Crescente";"Nublado";"Dupla";"Reta";"Rural";2;0;2;0;0;0;2;1
83449452;"21/03/16";"Segunda";"08:45:00";"AP";210;"2,4";"MACAPA";"Falta de atenção";"Colisão traseira";"Com Vítimas Feridas";"Pleno dia";"Decrescente";"Nublado";"Dupla";"Reta";"Urbano";2;0;1;0;1;0;1;2
83449453;"22/01/16";"Sexta";"16:30:00";"GO";158;"261,5";"JATAI";"Falta de atenção";"Colisão Transversal";"Sem Vítimas";"Pleno dia";"Decrescente";"Ceu Claro";"Dupla";"Reta";"Rural";2;0;0;0;2;0;0;2
83449454;"20/03/16";"Domingo";"20:45:00";"SP";381;"89";"GUARULHOS";"Outras";"Queda de motocicleta / bicicleta / veículo";"Com Vítimas Feridas";"Plena noite";"Crescente";"Nublado";"Múltipla";"Reta";"Urbano";1;0;1;0;0;0;1;1
83449455;"21/03/16";"Segunda";"10:40:00";"RS";392;"25,3";"RIO GRANDE";"Velocidade incompatível";"Derramamento de Carga";"Sem Vítimas";"Pleno dia";"Decrescente";"Chuva";"Dupla";"Reta";"Rural";1;0;0;0;1;0;0;1
83449456;"19/03/16";"Sábado";"16:20:00";"PI";135;"248,1";"ALVORADA DO GURGUEIA";"Defeito na via";"Colisão traseira";"Sem Vítimas";"Pleno dia";"Decrescente";"Ceu Claro";"Simples";"Reta";"Rural";2;0;0;0;2;0;0;2
83449457;"17/03/16";"Quinta";"07:10:00";"MG";262;"430";"SAO GONCALO DO PARA";"Defeito mecânico em veículo";"Tombamento";"Com Vítimas Feridas";"Pleno dia";"Crescente";"Sol";"Dupla";"Reta";"Rural";1;0;1;0;0;0;1;1
83449458;"21/03/16";"Segunda";"02:40:00";"BA";418;"74";"NOVA VICOSA";"Defeito mecânico em veículo";"Incêndio";"Sem Vítimas";"Plena noite";"Crescente";"Chuva";"Simples";"Reta";"Rural";1;0;0;0;1;0;0;1
83449459;"19/03/16";"Sábado";"05:00:00";"PE";232;"28,1";"MORENO";"Falta de atenção";"Atropelamento de animal";"Sem Vítimas";"Amanhecer";"Decrescente";"Sol";"Dupla";"Reta";"Rural";1;0;0;0;1;0;0;1
83449460;"07/01/16";"Quinta";"09:00:00";"RS";470;"261";"SALVADOR DO SUL";"Falta de atenção";"Colisão lateral";"Sem Vítimas";"Pleno dia";"Crescente";"Chuva";"Simples";"Curva";"Rural";2;0;0;0;2;0;0;2
83449461;"18/03/16";"Sexta";"06:10:00";"DF";40;"5";"BRASILIA";"Desobediência à sinalização";"Atropelamento de pessoa";"Com Vítimas Fatais";"Amanhecer";"Decrescente";"Ceu Claro";"Dupla";"Reta";"Urbano";2;1;0;0;1;0;0;1
83449462;"21/03/16";"Segunda";"12:50:00";"SC";101;"76";"ARAQUARI";"Defeito mecânico em veículo";"Queda de motocicleta / bicicleta / veículo";"Com Vítimas Feridas";"Pleno dia";"Decrescente";"Nublado";"Dupla";"Reta";"Rural";1;0;1;0;0;0;1;1
83449463;"21/03/16";"Segunda";"10:15:00";"SC";470;"156,8";"TROMBUDO CENTRAL";"Falta de atenção";"Colisão frontal";"Com Vítimas Feridas";"Pleno dia";"Decrescente";"Nublado";"Simples";"Curva";"Urbano";2;0;0;1;1;0;1;2
83449464;"23/01/16";"Sábado";"19:00:00";"BA";324;"513";"FEIRA DE SANTANA";"Falta de atenção";"Colisão Transversal";"Com Vítimas Feridas";"Plena noite";"Crescente";"Nublado";"Simples";"Reta";"Urbano";2;0;1;1;0;0;2;2
83449465;"19/03/16";"Sábado";"00:40:00";"MA";222;"317,3";"IGARAPE DO MEIO";"Defeito na via";"Tombamento";"Sem Vítimas";"Plena noite";"Decrescente";"Chuva";"Simples";"Reta";"Rural";1;0;0;0;1;0;0;1
83449466;"21/03/16";"Segunda";"09:30:00";"BA";367;"83";"EUNAPOLIS";"Velocidade incompatível";"Atropelamento de pessoa";"Com Vítimas Feridas";"Pleno dia";"Crescente";"Ceu Claro";"Simples";"Reta";"Urbano";2;0;0;1;1;0;1;1
83449467;"18/03/16";"Sexta";"06:50:00";"SC";280;"6,5";"SAO FRANCISCO DO SUL";"Falta de atenção";"Colisão Transversal";"Com Vítimas Feridas";"Amanhecer";"Decrescente";"Ceu Claro";"Simples";"Reta";"Urbano";2;0;1;0;1;0;1;2
83449468;"17/03/16";"Quinta";"17:45:00";"MG";40;"526";"CONTAGEM";"Outras";"Colisão lateral";"Com Vítimas Feridas";"Pleno dia";"Decrescente";"Ceu Claro";"Dupla";"Reta";"Urbano";3;0;1;1;1;0;2;2
83449469;"21/03/16";"Segunda";"11:30:00";"BA";242;"745";"CRISTOPOLIS";"Falta de atenção";"Capotamento";"Sem Vítimas";"Pleno dia";"Crescente";"Sol";"Simples";"Reta";"Rural";1;0;0;0;1;0;0;1
83449470;"19/03/16";"Sábado";"13:50:00";"SP";116;"216,3";"GUARULHOS";"Outras";"Colisão traseira";"Sem Vítimas";"Pleno dia";"Decrescente";"Ceu Claro";"Múltipla";"Reta";"Urbano";3;0;0;0;3;0;0;3
83449471;"19/03/16";"Sábado";"16:45:00";"RJ";40;"77";"PETROPOLIS";"Falta de atenção";"Atropelamento de pessoa";"Com Vítimas Feridas";"Pleno dia";"Decrescente";"Ceu Claro";"Simples";"Cruzamento";"Urbano";2;0;0;1;1;0;1;1
83449472;"13/03/16";"Domingo";"22:30:00";"MG";267;"51";"MARIPA DE MINAS";"Outras";"Saída de Pista";"Com Vítimas Fatais";"Plena noite";"Crescente";"Nublado";"Simples";"Reta";"Rural";1;1;0;0;0;0;0;1
83449474;"12/03/16";"Sábado";"13:40:00";"MG";381;"513";"IGARAPE";"Desobediência à sinalização";"Colisão Transversal";"Com Vítimas Feridas";"Pleno dia";"Crescente";"Chuva";"Dupla";"Reta";"Urbano";2;0;1;0;1;0;1;2
83449475;"20/03/16";"Domingo";"05:02:00";"BA";242;"554";"OLIVEIRA DOS BREJINHOS";"Ingestão de álcool";"Saída de Pista";"Sem Vítimas";"Amanhecer";"Crescente";"Ceu Claro";"Simples";"Reta";"Rural";4;0;0;0;4;0;0;1
83449476;"21/03/16";"Segunda";"11:30:00";"MG";381;"354,1";"SAO GONCALO DO RIO ABAIXO";"Velocidade incompatível";"Colisão frontal";"Sem Vítimas";"Pleno dia";"Decrescente";"Nublado";"Simples";"Curva";"Rural";2;0;0;0;2;0;0;2
83449477;"21/03/16";"Segunda";"10:12:00";"RS";285;"177";"LAGOA VERMELHA";"Velocidade incompatível";"Colisão lateral";"Sem Vítimas";"Pleno dia";"Decrescente";"Chuva";"Simples";"Reta";"Rural";2;0;0;0;2;0;0;2
83449478;"21/03/16";"Segunda";"11:50:00";"PR";277;"452,3";"LARANJEIRAS DO SUL";"Falta de atenção";"Colisão lateral";"Com Vítimas Feridas";"Pleno dia";"Crescente";"Ceu Claro";"Simples";"Reta";"Urbano";2;0;1;0;1;0;1;2
83449479;"22/02/16";"Segunda";"15:30:00";"SP";116;"222";"GUARULHOS";"Falta de atenção";"Colisão traseira";"Sem Vítimas";"Pleno dia";"Decrescente";"Ceu Claro";"Múltipla";"Reta";"Urbano";3;0;0;0;3;0;0;3