"id";"data_inversa";"dia_semana";"horario";"uf";"br";"km";"municipio";"causa_acidente";"tipo_acidente";"classificacao_acidente";"fase_dia";"sentido_via";"condicao_metereologica";"tipo_pista";"tracado_via";"uso_solo";"pessoas";"mortos";"feridos_leves";"feridos_graves";"ilesos";"ignorados";"feridos";"veiculos"
83449480;"18/03/16";"Sexta";"12:00:00";"BA";101;"825,5";"ITAMARAJU";"Outras";"Colisão lateral";"Com Vítimas Feridas";"Pleno dia";"Decrescente";"Ceu Claro";"Simples";"Curva";"Rural";2;0;0;1;1;0;1;2
83449481;"21/03/16";"Segunda";"12:40:00";"RO";364;"710";"PORTO VELHO";"Falta de atenção";"Colisão Transversal";"Com Vítimas Feridas";"Pleno dia";"Decrescente";"Nublado";"Dupla";"Reta";"Urbano";2;0;0;1;1;0;1;2
83449482;"21/03/16";"Segunda";"13:25:00";"SC";282;"519,7";"XAXIM";"Velocidade incompatível";"Saída de Pista";"Sem Vítimas";"Pleno dia";"Crescente";"Chuva";"Simples";"Curva";"Urbano";1;0;0;0;1;0;0;1
83449483;"21/03/16";"Segunda";"09:40:00";"SE";235;"22";"NOSSA SENHORA DO SOCORRO";"Outras";"Capotamento";"Com Vítimas Feridas";"Pleno dia";"Crescente";"Chuva";"Simples";"Curva";"Rural";3;0;3;0;0;0;3;1
83449484;"17/03/16";"Quinta";"08:20:00";"PE";101;"43";"IGARASSU";"Falta de atenção";"Colisão lateral";"Com Vítimas Feridas";"Pleno dia";"Crescente";"Sol";"Múltipla";"Reta";"Urbano";2;0;1;0;1;0;1;2
83449485;"21/03/16";"Segunda";"09:05:00";"MG";381;"533";"ITATIAIUCU";"Falta de atenção";"Derramamento de Carga";"Sem Vítimas";"Pleno dia";"Crescente";"Nublado";"Dupla";"Reta";"Urbano";2;0;0;0;2;0;0;2
83449486;"21/03/16";"Segunda";"15:50:00";"SP";116;"86,9";"PINDAMONHANGABA";"Não guardar distância de segurança";"Colisão traseira";"Com Vítimas Feridas";"Pleno dia";"Crescente";"Ceu Claro";"Múltipla";"Reta";"Urbano";4;0;1;0;3;0;1;3
83449487;"21/03/16";"Segunda";"16:40:00";"SC";101;"190,8";"BIGUACU";"Outras";"Colisão com objeto fixo";"Sem Vítimas";"Pleno dia";"Decrescente";"Chuva";"Dupla";"Curva";"Urbano";1;0;0;0;1;0;0;1
83449488;"20/03/16";"Domingo";"22:47:00";"BA";116;"59";"CHORROCHO";"Defeito na via";"Saída de Pista";"Com Vítimas Feridas";"Plena noite";"Crescente";"Ignorada";"Simples";"Reta";"Rural";3;0;2;1;0;0;3;1
83449489;"17/03/16";"Quinta";"21:40:00";"SC";101;"31";"JOINVILLE";"Falta de atenção";"Atropelamento de pessoa";"Com Vítimas Feridas";"Plena noite";"Crescente";"Chuva";"Dupla";"Reta";"Urbano";2;0;0;1;1;0;1;1
83449490;"19/03/16";"Sábado";"20:50:00";"SE";101;"115,8";"ITAPORANGA DAJUDA";"Falta de atenção";"Derramamento de Carga";"Sem Vítimas";"Plena noite";"Decrescente";"Ceu Claro";"Dupla";"Curva";"Rural";1;0;0;0;1;0;0;1
83449491;"19/03/16";"Sábado";"00:00:00";"MG";40;"545,5";"BELO HORIZONTE";"Velocidade incompatível";"Colisão traseira";"Sem Vítimas";"Plena noite";"Decrescente";"Nublado";"Dupla";"Reta";"Urbano";6;0;0;0;4;2;0;3
83449493;"21/03/16";"Segunda";"07:40:00";"SC";101;"294,4";"IMBITUBA";"Outras";"Colisão com objeto fixo";"Sem Vítimas";"Pleno dia";"Decrescente";"Nublado";"Dupla";"Reta";"Urbano";1;0;0;0;1;0;0;1
83449494;"21/03/16";"Segunda";"16:25:00";"SC";470;"222,7";"SAO CRISTOVAO DO SUL";"Outras";"Tombamento";"Sem Vítimas";"Pleno dia";"Decrescente";"Chuva";"Simples";"Reta";"Rural";1;0;0;0;1;0;0;1
83449495;"21/03/16";"Segunda";"15:00:00";"SC";470;"214,4";"SAO CRISTOVAO DO SUL";"Defeito na via";"Tombamento";"Sem Vítimas";"Pleno dia";"Crescente";"Chuva";"Simples";"Reta";"Rural";1;0;0;0;1;0;0;1
83449496;"18/03/16";"Sexta";"08:05:00";"SC";282;"145";"BOM RETIRO";"Outras";"Colisão traseira";"Sem Vítimas";"Pleno dia";"Crescente";"Ceu Claro";"Simples";"Reta";"Rural";2;0;0;0;2;0;0;2
83449497;"21/03/16";"Segunda";"15:30:00";"BA";116;"777,9";"PLANALTO";"Falta de atenção";"Colisão com bicicleta";"Com Vítimas Feridas";"Pleno dia";"Crescente";"Ceu Claro";"Simples";"Reta";"Urbano";2;0;0;1;1;0;1;2
83449498;"17/03/16";"Quinta";"18:05:00";"ES";101;"414,8";"ITAPEMIRIM";"Desobediência à sinalização";"Colisão traseira";"Com Vítimas Feridas";"Plena noite";"Crescente";"Ceu Claro";"Simples";"Reta";"Urbano";2;0;0;1;1;0;1;2
83449499;"27/02/16";"Sábado";"04:30:00";"SC";470;"154,3";"AGRONOMICA";"Dormindo";"Colisão lateral";"Com Vítimas Feridas";"Plena noite";"Decrescente";"Ceu Claro";"Simples";"Reta";"Rural";2;0;2;0;0;0;2;2
83449501;"18/03/16";"Sexta";"22:00:00";"BA";418;"96";"NOVA VICOSA";"Outras";"Capotamento";"Sem Vítimas";"Plena noite";"Decrescente";"Ceu Claro";"Simples";"Reta";"Rural";1;0;0;0;1;0;0;1
83449502;"21/03/16";"Segunda";"07:30:00";"PB";230;"24";"JOAO PESSOA";"Falta de atenção";"Colisão traseira";"Com Vítimas Feridas";"Pleno dia";"Crescente";"Sol";"Dupla";"Reta";"Urbano";3;0;2;0;1;0;2;2
83449503;"20/03/16";"Domingo";"04:00:00";"MG";116;"218,9";"CATUJI";"Outras";"Saída de Pista";"Com Vítimas Feridas";"Plena noite";"Crescente";"Ignorada";"Simples";"Reta";"Rural";1;0;1;0;0;0;1;1
83449504;"28/02/16";"Domingo";"19:00:00";"PB";230;"117,5";"INGA";"Desobediência à sinalização";"Colisão Transversal";"Com Vítimas Feridas";"Plena noite";"Crescente";"Ceu Claro";"Dupla";"Reta";"Rural";5;0;1;3;1;0;4;2
83449505;"21/02/16";"Domingo";"16:00:00";"MA";222;"368";"SANTA INES";"Outras";"Colisão lateral";"Com Vítimas Feridas";"Pleno dia";"Crescente";"Chuva";"Simples";"Reta";"Urbano";2;0;1;0;1;0;1;2
83449506;"21/03/16";"Segunda";"16:00:00";"ES";262;"154";"IBATIBA";"Desobediência à sinalização";"Colisão frontal";"Com Vítimas Feridas";"Pleno dia";"Crescente";"Sol";"Simples";"Curva";"Rural";2;0;0;1;1;0;1;2
83449507;"21/03/16";"Segunda";"14:00:00";"PB";104;"174,3";"ALCANTIL";"Outras";"Saída de Pista";"Com Vítimas Feridas";"Pleno dia";"Crescente";"Ceu Claro";"Simples";"Curva";"Rural";1;0;1;0;0;0;1;1
83449509;"21/03/16";"Segunda";"13:10:00";"RO";364;"343,5";"JI-PARANA";"Falta de atenção";"Colisão Transversal";"Com Vítimas Feridas";"Pleno dia";"Crescente";"Ceu Claro";"Múltipla";"Reta";"Urbano";2;0;1;0;1;0;1;2
83449510;"18/03/16";"Sexta";"01:20:00";"SC";282;"5";"SAO JOSE";"Falta de atenção";"Saída de Pista";"Com Vítimas Feridas";"Plena noite";"Crescente";"Nublado";"Dupla";"Reta";"Urbano";1;0;1;0;0;0;1;1
83449511;"21/03/16";"Segunda";"15:00:00";"SC";470;"176,6";"POUSO REDONDO";"Falta de atenção";"Colisão lateral";"Com Vítimas Feridas";"Pleno dia";"Decrescente";"Chuva";"Simples";"Reta";"Urbano";3;0;1;0;2;0;1;2
83449512;"17/03/16";"Quinta";"21:10:00";"RO";364;"344,3";"JI-PARANA";"Desobediência à sinalização";"Colisão traseira";"Com Vítimas Feridas";"Plena noite";"Crescente";"Ceu Claro";"Múltipla";"Reta";"Urbano";2;0;2;0;0;0;2;2
83449513;"21/03/16";"Segunda";"08:50:00";"MG";116;"276,5";"TEOFILO OTONI";"Não guardar distância de segurança";"Colisão traseira";"Com Vítimas Feridas";"Pleno dia";"Crescente";"Ceu Claro";"Dupla";"Reta";"Urbano";2;0;1;0;1;0;1;2
83449514;"21/03/16";"Segunda";"10:50:00";"SC";153;"86";"CONCORDIA";"Velocidade incompatível";"Colisão frontal";"Com Vítimas Feridas";"Pleno dia";"Crescente";"Chuva";"Simples";"Curva";"Rural";4;0;0;1;3;0;1;2
83449515;"21/03/16";"Segunda";"07:20:00";"AC";364;"134";"RIO BRANCO";"Outras";"Queda de motocicleta / bicicleta / veículo";"Com Vítimas Feridas";"Pleno dia";"Crescente";"Nublado";"Dupla";"Reta";"Urbano";2;0;2;0;0;0;2;1
83449516;"21/03/16";"Segunda";"15:40:00";"MT";163;"773";"SORRISO";"Ultrapassagem indevida";"Saída de Pista";"Sem Vítimas";"Pleno dia";"Crescente";"Nublado";"Simples";"Reta";"Rural";1;0;0;0;1;0;0;1
83449517;"21/03/16";"Segunda";"17:00:00";"ES";101;"147,5";"LINHARES";"Falta de atenção";"Colisão traseira";"Com Vítimas Feridas";"Pleno dia";"Crescente";"Ceu Claro";"Dupla";"Cruzamento";"Urbano";3;0;1;0;2;0;1;2
83449518;"21/03/16";"Segunda";"16:45:00";"PB";230;"35";"BAYEUX";"Falta de atenção";"Colisão traseira";"Com Vítimas Feridas";"Pleno dia";"Crescente";"Ceu Claro";"Dupla";"Reta";"Urbano";3;0;1;1;0;1;2;2
83449519;"17/03/16";"Quinta";"15:40:00";"PR";476;"120";"COLOMBO";"Falta de atenção";"Colisão traseira";"Com Vítimas Feridas";"Pleno dia";"Crescente";"Nublado";"Dupla";"Reta";"Urbano";4;0;1;0;3;0;1;3
83449520;"19/03/16";"Sábado";"21:00:00";"DF";20;"8";"BRASILIA";"Ingestão de álcool";"Colisão traseira";"Com Vítimas Feridas";"Plena noite";"Crescente";"Ceu Claro";"Dupla";"Reta";"Urbano";7;0;3;0;4;0;3;3
83449521;"21/03/16";"Segunda";"18:30:00";"RS";386;"50,2";"SEBERI";"Falta de atenção";"Colisão Transversal";"Sem Vítimas";"Anoitecer";"Decrescente";"Nublado";"Simples";"Cruzamento";"Urbano";2;0;0;0;2;0;0;2
83449522;"21/03/16";"Segunda";"12:50:00";"PB";101;"95,2";"ALHANDRA";"Defeito mecânico em veículo";"Queda de motocicleta / bicicleta / veículo";"Com Vítimas Feridas";"Pleno dia";"Decrescente";"Ceu Claro";"Dupla";"Reta";"Rural";2;0;2;0;0;0;2;1
83449523;"21/03/16";"Segunda";"14:10:00";"MG";381;"452,2";"SABARA";"Outras";"Saída de Pista";"Com Vítimas Fatais";"Pleno dia";"Crescente";"Ceu Claro";"Simples";"Reta";"Urbano";1;1;0;0;0;0;0;1
83449524;"21/03/16";"Segunda";"16:45:00";"PE";104;"29";"TORITAMA";"Outras";"Colisão frontal";"Com Vítimas Feridas";"Pleno dia";"Decrescente";"Ceu Claro";"Simples";"Reta";"Urbano";2;0;1;0;1;0;1;2
83449525;"21/03/16";"Segunda";"17:05:00";"SC";101;"113,8";"ITAJAI";"Outras";"Queda de motocicleta / bicicleta / veículo";"Com Vítimas Feridas";"Pleno dia";"Crescente";"Nublado";"Múltipla";"Reta";"Rural";1;0;1;0;0;0;1;1
83449526;"21/03/16";"Segunda";"16:10:00";"SC";280;"296,3";"PORTO UNIAO";"Velocidade incompatível";"Saída de Pista";"Com Vítimas Feridas";"Pleno dia";"Crescente";"Chuva";"Simples";"Curva";"Rural";1;0;0;1;0;0;1;1
83449527;"21/03/16";"Segunda";"17:30:00";"RJ";40;"107";"DUQUE DE CAXIAS";"Não guardar distância de segurança";"Colisão traseira";"Sem Vítimas";"Anoitecer";"Decrescente";"Ceu Claro";"Múltipla";"Reta";"Urbano";2;0;0;0;2;0;0;2
83449528;"21/03/16";"Segunda";"11:20:00";"PB";101;"96,2";"ALHANDRA";"Falta de atenção";"Colisão traseira";"Com Vítimas Feridas";"Pleno dia";"Decrescente";"Sol";"Dupla";"Reta";"Urbano";3;0;2;0;1;0;2;2
83449529;"21/03/16";"Segunda";"17:55:00";"RS";116;"258";"ESTEIO";"Não guardar distância de segurança";"Colisão traseira";"Sem Vítimas";"Pleno dia";"Crescente";"Chuva";"Dupla";"Reta";"Urbano";2;0;0;0;2;0;0;2
83449530;"21/03/16";"Segunda";"18:20:00";"AL";316;"148";"PALMEIRA DOS INDIOS";"Animais na Pista";"Atropelamento de animal";"Com Vítimas Feridas";"Plena noite";"Decrescente";"Ceu Claro";"Simples";"Reta";"Rural";2;0;2;0;0;0;2;1
83449531;"18/03/16";"Sexta";"01:20:00";"MS";60;"432,8";"SIDROLANDIA";"Outras";"Tombamento";"Com Vítimas Feridas";"Plena noite";"Decrescente";"Nublado";"Simples";"Reta";"Rural";1;0;1;0;0;0;1;1
83449533;"21/03/16";"Segunda";"17:15:00";"MG";381;"497,8";"BETIM";"Defeito mecânico em veículo";"Incêndio";"Sem Vítimas";"Pleno dia";"Decrescente";"Sol";"Múltipla";"Reta";"Urbano";1;0;0;0;1;0;0;1
83449534;"21/03/16";"Segunda";"12:00:00";"MA";316;"199,8";"ZE DOCA";"Falta de atenção";"Colisão frontal";"Com Vítimas Feridas";"Pleno dia";"Decrescente";"Nublado";"Simples";"Reta";"Urbano";3;0;1;1;1;0;2;2
83449535;"19/03/16";"Sábado";"16:30:00";"PR";373;"234,2";"IMBITUVA";"Ingestão de álcool";"Colisão Transversal";"Com Vítimas Fatais";"Pleno dia";"Crescente";"Nublado";"Simples";"Curva";"Rural";2;1;0;0;1;0;0;2
83449536;"21/03/16";"Segunda";"13:45:00";"PE";232;"91";"SAIRE";"Falta de atenção";"Colisão com objeto fixo";"Com Vítimas Feridas";"Pleno dia";"Crescente";"Ceu Claro";"Dupla";"Reta";"Rural";3;0;1;1;1;0;2;2
83449537;"16/03/16";"Quarta";"09:00:00";"BA";101;"715,5";"EUNAPOLIS";"Falta de atenção";"Colisão Transversal";"Com Vítimas Feridas";"Pleno dia";"Crescente";"Nublado";"Simples";"Reta";"Urbano";2;0;0;1;1;0;1;2
83449538;"21/03/16";"Segunda";"19:00:00";"PR";158;"2,6";"CAMPO MOURAO";"Falta de atenção";"Colisão lateral";"Com Vítimas Feridas";"Plena noite";"Decrescente";"Ceu Claro";"Simples";"Reta";"Urbano";2;0;0;1;1;0;1;2
83449539;"16/03/16";"Quarta";"17:15:00";"PR";476;"130,5";"CURITIBA";"Falta de atenção";"Colisão traseira";"Com Vítimas Feridas";"Pleno dia";"Crescente";"Ceu Claro";"Múltipla";"Reta";"Urbano";3;0;2;0;1;0;2;2
83449540;"21/03/16";"Segunda";"17:30:00";"TO";153;"107";"WANDERLANDIA";"Velocidade incompatível";"Saída de Pista";"Com Vítimas Feridas";"Pleno dia";"Crescente";"Ceu Claro";"Simples";"Reta";"Rural";1;0;1;0;0;0;1;1
83449541;"21/03/16";"Segunda";"16:20:00";"SC";282;"573";"PINHALZINHO";"Falta de atenção";"Capotamento";"Com Vítimas Feridas";"Pleno dia";"Decrescente";"Nublado";"Simples";"Curva";"Rural";2;0;1;0;1;0;1;1
83449542;"21/03/16";"Segunda";"14:30:00";"SC";282;"74,1";"RANCHO QUEIMADO";"Velocidade incompatível";"Saída de Pista";"Com Vítimas Feridas";"Pleno dia";"Decrescente";"Chuva";"Simples";"Curva";"Rural";3;0;3;0;0;0;3;1
83449543;"21/03/16";"Segunda";"18:10:00";"RN";101;"79,5";"SAO GONCALO DO AMARANTE";"Falta de atenção";"Colisão com bicicleta";"Com Vítimas Feridas";"Anoitecer";"Crescente";"Ceu Claro";"Dupla";"Reta";"Urbano";2;0;0;1;1;0;1;2
83449544;"21/03/16";"Segunda";"18:15:00";"SP";116;"63,6";"GUARATINGUETA";"Outras";"Colisão traseira";"Com Vítimas Feridas";"Plena noite";"Decrescente";"Ceu Claro";"Dupla";"Curva";"Rural";3;0;2;0;0;1;2;2
83449545;"21/03/16";"Segunda";"12:48:00";"MA";135;"70,6";"SANTA RITA";"Falta de atenção";"Colisão Transversal";"Sem Vítimas";"Pleno dia";"Decrescente";"Sol";"Dupla";"Reta";"Urbano";2;0;0;0;2;0;0;2
83449546;"21/03/16";"Segunda";"09:30:00";"MG";135;"590,2";"CORINTO";"Ultrapassagem indevida";"Saída de Pista";"Com Vítimas Feridas";"Pleno dia";"Crescente";"Sol";"Simples";"Reta";"Rural";3;0;0;2;1;0;2;1
83449547;"21/03/16";"Segunda";"17:30:00";"SC";470;"84";"BLUMENAU";"Falta de atenção";"Tombamento";"Com Vítimas Feridas";"Pleno dia";"Crescente";"Nublado";"Simples";"Curva";"Rural";1;0;1;0;0;0;1;1
83449548;"19/03/16";"Sábado";"09:47:00";"BA";101;"402";"IBIRAPITANGA";"Velocidade incompatível";"Tombamento";"Com Vítimas Feridas";"Pleno dia";"Crescente";"Ceu Claro";"Simples";"Curva";"Rural";1;0;1;0;0;0;1;1
83449549;"21/03/16";"Segunda";"07:45:00";"SC";153;"97,9";"CONCORDIA";"Falta de atenção";"Saída de Pista";"Com Vítimas Feridas";"Plena noite";"Crescente";"Nublado";"Simples";"Curva";"Urbano";1;0;1;0;0;0;1;1
83449550;"21/03/16";"Segunda";"18:20:00";"PR";467;"112";"CASCAVEL";"Outras";"Colisão Transversal";"Com Vítimas Feridas";"Anoitecer";"Decrescente";"Ceu Claro";"Dupla";"Cruzamento";"Urbano";2;0;0;1;1;0;1;2
83449552;"21/03/16";"Segunda";"16:01:00";"MG";116;"414,2";"GOVERNADOR VALADARES";"Falta de atenção";"Atropelamento de pessoa";"Com Vítimas Feridas";"Pleno dia";"Crescente";"Ceu Claro";"Simples";"Reta";"Urbano";3;0;1;0;2;0;1;1
83449553;"21/03/16";"Segunda";"19:35:00";"PR";277;"99,7";"CURITIBA";"Outras";"Derramamento de Carga";"Sem Vítimas";"Plena noite";"Crescente";"Nublado";"Dupla";"Curva";"Urbano";1;0;0;0;1;0;0;1
83449554;"21/03/16";"Segunda";"16:20:00";"BA";407;"5,7";"JUAZEIRO";"Desobediência à sinalização";"Colisão Transversal";"Com Vítimas Feridas";"Pleno dia";"Decrescente";"Ceu Claro";"Simples";"Cruzamento";"Urbano";2;0;1;0;1;0;1;2
83449555;"21/03/16";"Segunda";"14:00:00";"SC";153;"0,5";"AGUA DOCE";"Outras";"Capotamento";"Sem Vítimas";"Pleno dia";"Decrescente";"Chuva";"Simples";"Curva";"Rural";3;0;0;0;3;0;0;1
83449556;"20/03/16";"Domingo";"05:30:00";"PB";230;"507,8";"CAJAZEIRAS";"Ingestão de álcool";"Capotamento";"Com Vítimas Feridas";"Amanhecer";"Decrescente";"Nublado";"Simples";"Reta";"Urbano";1;0;1;0;0;0;1;1
83449558;"21/03/16";"Segunda";"18:10:00";"RS";116;"37,6";"VACARIA";"Falta de atenção";"Colisão lateral";"Com Vítimas Feridas";"Anoitecer";"Decrescente";"Chuva";"Simples";"Reta";"Urbano";2;0;1;0;1;0;1;2
83449559;"21/03/16";"Segunda";"19:00:00";"MG";381;"291";"ANTONIO DIAS";"Outras";"Colisão com objeto fixo";"Com Vítimas Feridas";"Plena noite";"Crescente";"Ceu Claro";"Simples";"Curva";"Rural";3;0;1;0;1;1;1;2
83449560;"21/03/16";"Segunda";"12:45:00";"SC";282;"422";"VARGEM BONITA";"Velocidade incompatível";"Capotamento";"Sem Vítimas";"Pleno dia";"Decrescente";"Chuva";"Simples";"Curva";"Urbano";2;0;0;0;2;0;0;1
83449561;"21/03/16";"Segunda";"19:30:00";"RN";101;"99";"NATAL";"Ingestão de álcool";"Colisão traseira";"Sem Vítimas";"Plena noite";"Decrescente";"Ceu Claro";"Dupla";"Reta";"Urbano";2;0;0;0;2;0;0;2
83449562;"14/03/16";"Segunda";"19:00:00";"BA";324;"513";"FEIRA DE SANTANA";"Falta de atenção";"Colisão traseira";"Com Vítimas Feridas";"Plena noite";"Crescente";"Ceu Claro";"Simples";"Reta";"Urbano";2;0;0;1;1;0;1;2
83449563;"21/03/16";"Segunda";"19:20:00";"RS";480;"72,8";"ERECHIM";"Outras";"Colisão Transversal";"Sem Vítimas";"Plena noite";"Decrescente";"Chuva";"Simples";"Curva";"Urbano";2;0;0;0;2;0;0;2
83449564;"21/03/16";"Segunda";"16:15:00";"RJ";393;"258";"BARRA DO PIRAI";"Outras";"Saída de Pista";"Sem Vítimas";"Pleno dia";"Crescente";"Ceu Claro";"Simples";"Curva";"Urbano";1;0;0;0;1;0;0;1
83449565;"21/03/16";"Segunda";"18:45:00";"RS";285;"113,9";"VACARIA";"Falta de atenção";"Colisão frontal";"Com Vítimas Feridas";"Plena noite";"Decrescente";"Nublado";"Simples";"Reta";"Rural";3;0;3;0;0;0;3;2
83449566;"21/03/16";"Segunda";"15:20:00";"ES";262;"34";"DOMINGOS MARTINS";"Desobediência à sinalização";"Colisão frontal";"Com Vítimas Feridas";"Pleno dia";"Crescente";"Nublado";"Dupla";"Curva";"Rural";2;0;1;0;1;0;1;2
83449567;"21/03/16";"Segunda";"16:40:00";"RN";110;"47,1";"MOSSORO";"Falta de atenção";"Colisão Transversal";"Sem Vítimas";"Pleno dia";"Crescente";"Sol";"Simples";"Reta";"Urbano";2;0;0;0;1;1;0;2
83449568;"21/03/16";"Segunda";"17:30:00";"TO";153;"707,5";"CARIRI DO TOCANTINS";"Falta de atenção";"Colisão lateral";"Sem Vítimas";"Anoitecer";"Crescente";"Ceu Claro";"Simples";"Curva";"Rural";2;0;0;0;1;1;0;2
83449569;"18/03/16";"Sexta";"04:20:00";"SC";101;"196";"BIGUACU";"Outras";"Saída de Pista";"Com Vítimas Feridas";"Plena noite";"Decrescente";"Nublado";"Múltipla";"Reta";"Urbano";1;0;0;1;0;0;1;1
83449570;"21/03/16";"Segunda";"17:20:00";"RJ";393;"285";"VOLTA REDONDA";"Outras";"Colisão frontal";"Sem Vítimas";"Anoitecer";"Crescente";"Ceu Claro";"Simples";"Reta";"Urbano";3;0;0;0;3;0;0;3
83449571;"21/03/16";"Segunda";"19:00:00";"BA";324;"620";"SALVADOR";"Outras";"Queda de motocicleta / bicicleta / veículo";"Com Vítimas Feridas";"Plena noite";"Crescente";"Ceu Claro";"Múltipla";"Reta";"Urbano";1;0;1;0;0;0;1;1
83449572;"21/03/16";"Segunda";"13:30:00";"CE";20;"432,9";"EUSEBIO";"Falta de atenção";"Colisão traseira";"Com Vítimas Feridas";"Pleno dia";"Decrescente";"Ceu Claro";"Simples";"Curva";"Urbano";2;0;1;0;1;0;1;2
83449573;"21/03/16";"Segunda";"19:20:00";"PE";407;"130";"PETROLINA";"Outras";"Atropelamento de pessoa";"Com Vítimas Feridas";"Plena noite";"Crescente";"Ceu Claro";"Dupla";"Reta";"Urbano";2;0;0;1;1;0;1;1
83449574;"21/03/16";"Segunda";"20:13:00";"PR";277;"722,3";"FOZ DO IGUACU";"Falta de atenção";"Queda de motocicleta / bicicleta / veículo";"Com Vítimas Feridas";"Plena noite";"Crescente";"Chuva";"Dupla";"Cruzamento";"Urbano";1;0;1;0;0;0;1;1
83449575;"21/03/16";"Segunda";"20:30:00";"MG";40;"73,7";"PARACATU";"Falta de atenção";"Colisão Transversal";"Sem Vítimas";"Plena noite";"Crescente";"Ceu Claro";"Simples";"Reta";"Rural";5;0;0;0;5;0;0;2
83449576;"21/03/16";"Segunda";"17:30:00";"MG";50;"195,2";"DELTA";"Falta de atenção";"Colisão lateral";"Sem Vítimas";"Pleno dia";"Crescente";"Sol";"Dupla";"Reta";"Rural";2;0;0;0;2;0;0;2
83449577;"21/03/16";"Segunda";"07:30:00";"CE";222;"8";"CAUCAIA";"Falta de atenção";"Colisão Transversal";"Com Vítimas Feridas";"Pleno dia";"Decrescente";"Ceu Claro";"Dupla";"Reta";"Urbano";2;0;1;0;1;0;1;2
83449578;"21/03/16";"Segunda";"19:00:00";"PI";343;"332";"TERESINA";"Outras";"Atropelamento de pessoa";"Com Vítimas Fatais";"Plena noite";"Decrescente";"Nublado";"Simples";"Reta";"Rural";2;1;0;1;0;0;1;1
83449579;"21/03/16";"Segunda";"20:10:00";"PE";232;"255,3";"ARCOVERDE";"Falta de atenção";"Colisão lateral";"Com Vítimas Feridas";"Plena noite";"Crescente";"Ceu Claro";"Simples";"Reta";"Urbano";2;0;0;1;1;0;1;2
83449580;"21/03/16";"Segunda";"12:40:00";"SC";153;"107,6";"CONCORDIA";"Velocidade incompatível";"Capotamento";"Com Vítimas Feridas";"Pleno dia";"Decrescente";"Chuva";"Simples";"Curva";"Rural";4;0;3;0;1;0;3;1
83449581;"18/03/16";"Sexta";"15:00:00";"BA";101;"889";"CARAVELAS";"Falta de atenção";"Colisão lateral";"Com Vítimas Fatais";"Pleno dia";"Decrescente";"Chuva";"Simples";"Reta";"Rural";3;1;0;1;1;0;1;2
83449582;"21/03/16";"Segunda";"19:00:00";"MT";70;"7,2";"BARRA DO GARCAS";"Falta de atenção";"Colisão lateral";"Com Vítimas Feridas";"Plena noite";"Decrescente";"Nublado";"Simples";"Reta";"Urbano";3;0;2;0;1;0;2;2
83449583;"21/03/16";"Segunda";"18:10:00";"RJ";101;"84,2";"CAMPOS DOS GOYTACAZES";"Falta de atenção";"Atropelamento de pessoa";"Com Vítimas Feridas";"Plena noite";"Crescente";"Nublado";"Simples";"Curva";"Urbano";2;0;1;0;1;0;1;1
83449584;"21/03/16";"Segunda";"08:30:00";"MA";135;"1,6";"SAO LUIS";"Defeito na via";"Queda de motocicleta / bicicleta / veículo";"Com Vítimas Feridas";"Pleno dia";"Crescente";"Sol";"Dupla";"Reta";"Urbano";1;0;1;0;0;0;1;1
83449585;"21/03/16";"Segunda";"14:15:00";"PE";423;"91,3";"GARANHUNS";"Falta de atenção";"Colisão lateral";"Sem Vítimas";"Pleno dia";"Decrescente";"Ceu Claro";"Simples";"Reta";"Rural";2;0;0;0;2;0;0;2
83449586;"21/03/16";"Segunda";"14:00:00";"AP";156;"371,3";"TARTARUGALZINHO";"Outras";"Saída de Pista";"Com Vítimas Feridas";"Pleno dia";"Decrescente";"Chuva";"Simples";"Reta";"Rural";2;0;2;0;0;0;2;1
83449587;"21/03/16";"Segunda";"23:00:00";"PR";376;"195";"MARINGA";"Outras";"Queda de motocicleta / bicicleta / veículo";"Com Vítimas Feridas";"Plena noite";"Crescente";"Ceu Claro";"Dupla";"Reta";"Rural";2;0;2;0;0;0;2;1
83449588;"21/03/16";"Segunda";"18:50:00";"MG";262;"446";"NOVA SERRANA";"Outras";"Atropelamento de pessoa";"Com Vítimas Feridas";"Plena noite";"Decrescente";"Ceu Claro";"Dupla";"Curva";"Urbano";2;0;0;2;0;0;2;1
83449589;"21/03/16";"Segunda";"22:50:00";"SC";470;"208,8";"PONTE ALTA";"Falta de atenção";"Colisão lateral";"Sem Vítimas";"Pleno dia";"Crescente";"Chuva";"Simples";"Reta";"Rural";2;0;0;0;2;0;0;2
83449590;"21/03/16";"Segunda";"19:45:00";"GO";452;"2";"RIO VERDE";"Outras";"Atropelamento de pessoa";"Com Vítimas Fatais";"Plena noite";"Crescente";"Ceu Claro";"Dupla";"Reta";"Urbano";3;1;0;0;2;0;0;1
83449591;"21/03/16";"Segunda";"22:10:00";"MS";60;"422,3";"SIDROLANDIA";"Velocidade incompatível";"Colisão traseira";"Com Vítimas Feridas";"Plena noite";"Crescente";"Ceu Claro";"Simples";"Reta";"Rural";2;0;1;0;1;0;1;2
83449592;"21/03/16";"Segunda";"18:40:00";"SP";116;"217,7";"GUARULHOS";"Não guardar distância de segurança";"Colisão traseira";"Sem Vítimas";"Plena noite";"Crescente";"Ceu Claro";"Múltipla";"Reta";"Urbano";2;0;0;0;2;0;0;2