"id";"data_inversa";"dia_semana";"horario";"uf";"br";"km";"municipio";"causa_acidente";"tipo_acidente";"classificacao_acidente";"fase_dia";"sentido_via";"condicao_metereologica";"tipo_pista";"tracado_via";"uso_solo";"pessoas";"mortos";"feridos_leves";"feridos_graves";"ilesos";"ignorados";"feridos";"veiculos"
83449714;"10/03/16";"Quinta";"10:00:00";"RJ";40;"109";"DUQUE DE CAXIAS";"Velocidade incompatível";"Tombamento";"Com Vítimas Feridas";"Pleno dia";"Crescente";"Sol";"Dupla";"Curva";"Urbano";1;0;1;0;0;0;1;1
83449715;"22/03/16";"Terça";"11:50:00";"RJ";101;"313";"SAO GONCALO";"Outras";"Colisão lateral";"Com Vítimas Feridas";"Pleno dia";"Decrescente";"Ceu Claro";"Dupla";"Reta";"Urbano";2;0;1;0;1;0;1;2
83449716;"22/03/16";"Terça";"08:15:00";"RS";285;"496";"ENTRE IJUIS";"Não guardar distância de segurança";"Colisão traseira";"Sem Vítimas";"Pleno dia";"Decrescente";"Nublado";"Simples";"Reta";"Rural";2;0;0;0;2;0;0;2
83449717;"22/03/16";"Terça";"11:30:00";"MG";381;"498";"BETIM";"Dormindo";"Saída de Pista";"Sem Vítimas";"Pleno dia";"Crescente";"Sol";"Dupla";"Reta";"Rural";1;0;0;0;1;0;0;1
83449718;"22/03/16";"Terça";"12:06:00";"SC";470;"84";"RODEIO";"Não guardar distância de segurança";"Colisão traseira";"Sem Vítimas";"Pleno dia";"Crescente";"Sol";"Simples";"Reta";"Rural";3;0;0;0;3;0;0;3
83449719;"22/03/16";"Terça";"10:30:00";"SP";116;"284";"ITAPECERICA DA SERRA";"Não guardar distância de segurança";"Colisão lateral";"Com Vítimas Feridas";"Pleno dia";"Crescente";"Sol";"Simples";"Curva";"Urbano";4;0;1;0;3;0;1;3
83449720;"22/02/16";"Segunda";"12:05:00";"BA";324;"524";"FEIRA DE SANTANA";"Outras";"Colisão lateral";"Sem Vítimas";"Pleno dia";"Decrescente";"Sol";"Dupla";"Reta";"Urbano";2;0;0;0;2;0;0;2
83449721;"20/03/16";"Domingo";"06:00:00";"RO";364;"237,8";"CACOAL";"Falta de atenção";"Colisão traseira";"Com Vítimas Feridas";"Amanhecer";"Decrescente";"Ceu Claro";"Simples";"Reta";"Urbano";2;0;1;0;0;1;1;2
83449722;"22/03/16";"Terça";"13:25:00";"RS";470;"213,5";"BENTO GONCALVES";"Outras";"Colisão Transversal";"Com Vítimas Feridas";"Pleno dia";"Crescente";"Ceu Claro";"Simples";"Cruzamento";"Urbano";3;0;1;0;2;0;1;2
83449723;"18/03/16";"Sexta";"18:45:00";"SP";153;"69";"SAO JOSE DO RIO PRETO";"Defeito mecânico em veículo";"Queda de motocicleta / bicicleta / veículo";"Com Vítimas Feridas";"Plena noite";"Crescente";"Ceu Claro";"Simples";"Curva";"Urbano";2;0;2;0;0;0;2;1
83449724;"04/02/16";"Quinta";"17:20:00";"PR";158;"523,4";"PATO BRANCO";"Outras";"Colisão Transversal";"Com Vítimas Feridas";"Pleno dia";"Crescente";"Ceu Claro";"Simples";"Curva";"Urbano";3;0;0;2;1;0;2;2
83449725;"22/03/16";"Terça";"13:00:00";"RJ";116;"168";"SAO JOAO DE MERITI";"Defeito mecânico em veículo";"Incêndio";"Sem Vítimas";"Pleno dia";"Crescente";"Sol";"Múltipla";"Reta";"Urbano";1;0;0;0;1;0;0;1
83449726;"19/03/16";"Sábado";"16:30:00";"MG";381;"499,9";"BETIM";"Velocidade incompatível";"Colisão traseira";"Com Vítimas Feridas";"Pleno dia";"Crescente";"Ceu Claro";"Dupla";"Reta";"Rural";2;0;0;1;1;0;1;2
83449728;"22/03/16";"Terça";"06:45:00";"SE";101;"140,5";"ESTANCIA";"Falta de atenção";"Saída de Pista";"Sem Vítimas";"Pleno dia";"Decrescente";"Sol";"Dupla";"Curva";"Rural";1;0;0;0;1;0;0;1
83449729;"18/03/16";"Sexta";"06:30:00";"BA";324;"573";"SAO SEBASTIAO DO PASSE";"Outras";"Derramamento de Carga";"Sem Vítimas";"Pleno dia";"Decrescente";"Ceu Claro";"Dupla";"Reta";"Rural";1;0;0;0;1;0;0;1
83449730;"22/03/16";"Terça";"10:50:00";"PR";376;"474,3";"PONTA GROSSA";"Velocidade incompatível";"Saída de Pista";"Sem Vítimas";"Pleno dia";"Decrescente";"Chuva";"Dupla";"Curva";"Rural";1;0;0;0;1;0;0;1
83449731;"22/03/16";"Terça";"13:00:00";"PR";376;"172";"MARINGA";"Não guardar distância de segurança";"Colisão traseira";"Com Vítimas Feridas";"Pleno dia";"Crescente";"Ceu Claro";"Dupla";"Reta";"Urbano";3;0;1;0;1;1;1;2
83449732;"22/03/16";"Terça";"10:05:00";"SC";280;"155";"MAFRA";"Velocidade incompatível";"Queda de motocicleta / bicicleta / veículo";"Com Vítimas Feridas";"Amanhecer";"Crescente";"Chuva";"Simples";"Curva";"Rural";2;0;1;1;0;0;2;1
83449733;"22/03/16";"Terça";"01:45:00";"MG";381;"924,8";"ITAPEVA";"Velocidade incompatível";"Tombamento";"Com Vítimas Feridas";"Plena noite";"Crescente";"Ceu Claro";"Dupla";"Curva";"Rural";1;0;1;0;0;0;1;1
83449734;"18/03/16";"Sexta";"19:34:00";"RO";364;"706";"PORTO VELHO";"Não guardar distância de segurança";"Colisão traseira";"Sem Vítimas";"Plena noite";"Decrescente";"Chuva";"Simples";"Curva";"Urbano";4;0;0;0;4;0;0;4
83449735;"18/03/16";"Sexta";"19:40:00";"SC";101;"414,6";"ARARANGUA";"Falta de atenção";"Colisão Transversal";"Com Vítimas Feridas";"Plena noite";"Crescente";"Ceu Claro";"Simples";"Reta";"Urbano";2;0;1;0;1;0;1;2
83449736;"22/03/16";"Terça";"13:30:00";"PA";308;"152";"CAPANEMA";"Outras";"Colisão lateral";"Com Vítimas Feridas";"Pleno dia";"Decrescente";"Ceu Claro";"Simples";"Cruzamento";"Urbano";2;0;0;1;1;0;1;2
83449737;"22/03/16";"Terça";"13:00:00";"SC";101;"212,5";"PALHOCA";"Falta de atenção";"Colisão traseira";"Sem Vítimas";"Pleno dia";"Decrescente";"Ceu Claro";"Dupla";"Reta";"Urbano";3;0;0;0;3;0;0;3
83449738;"19/03/16";"Sábado";"01:02:00";"SP";116;"146";"SAO JOSE DOS CAMPOS";"Outras";"Tombamento";"Sem Vítimas";"Plena noite";"Crescente";"Ceu Claro";"Dupla";"Reta";"Urbano";1;0;0;0;1;0;0;1
83449739;"12/03/16";"Sábado";"02:15:00";"BA";116;"233";"EUCLIDES DA CUNHA";"Outras";"Capotamento";"Sem Vítimas";"Plena noite";"Crescente";"Ignorada";"Simples";"Reta";"Rural";1;0;0;0;1;0;0;1
83449740;"22/03/16";"Terça";"12:45:00";"MG";40;"788,4";"JUIZ DE FORA";"Outras";"Saída de Pista";"Com Vítimas Feridas";"Pleno dia";"Crescente";"Ceu Claro";"Dupla";"Curva";"Rural";1;0;1;0;0;0;1;1
83449741;"22/03/16";"Terça";"11:20:00";"MG";116;"410";"GOVERNADOR VALADARES";"Falta de atenção";"Colisão traseira";"Com Vítimas Feridas";"Pleno dia";"Crescente";"Ceu Claro";"Dupla";"Reta";"Urbano";3;0;2;1;0;0;3;2
83449742;"27/02/16";"Sábado";"15:00:00";"MG";365;"825";"SANTA VITORIA";"Outras";"Queda de motocicleta / bicicleta / veículo";"Com Vítimas Feridas";"Pleno dia";"Decrescente";"Ceu Claro";"Simples";"Reta";"Rural";2;0;0;1;1;0;1;2
83449743;"22/03/16";"Terça";"08:30:00";"PR";277;"216";"TEIXEIRA SOARES";"Outras";"Saída de Pista";"Com Vítimas Feridas";"Pleno dia";"Decrescente";"Chuva";"Simples";"Reta";"Rural";4;0;3;0;1;0;3;1
83449744;"22/03/16";"Terça";"13:10:00";"GO";153;"513,1";"APARECIDA DE GOIANIA";"Outras";"Colisão com objeto fixo";"Sem Vítimas";"Pleno dia";"Decrescente";"Chuva";"Múltipla";"Reta";"Urbano";1;0;0;0;1;0;0;1
83449745;"18/03/16";"Sexta";"19:40:00";"ES";101;"206";"JOAO NEIVA";"Velocidade incompatível";"Colisão traseira";"Com Vítimas Feridas";"Plena noite";"Crescente";"Nublado";"Simples";"Reta";"Rural";4;0;1;1;1;1;2;3
83449746;"09/01/16";"Sábado";"08:55:00";"RN";226;"337,9";"PATU";"Falta de atenção";"Colisão Transversal";"Sem Vítimas";"Pleno dia";"Decrescente";"Nublado";"Simples";"Cruzamento";"Rural";2;0;0;0;1;1;0;2
83449747;"22/03/16";"Terça";"10:50:00";"DF";20;"9";"BRASILIA";"Outras";"Atropelamento de pessoa";"Com Vítimas Feridas";"Pleno dia";"Decrescente";"Sol";"Dupla";"Reta";"Urbano";2;0;1;0;1;0;1;1
83449748;"22/03/16";"Terça";"11:30:00";"PA";230;"116";"MARABA";"Falta de atenção";"Colisão traseira";"Com Vítimas Feridas";"Pleno dia";"Crescente";"Ceu Claro";"Dupla";"Cruzamento";"Urbano";2;0;0;1;1;0;1;2
83449749;"18/03/16";"Sexta";"21:00:00";"MG";381;"275";"CORONEL FABRICIANO";"Falta de atenção";"Colisão traseira";"Sem Vítimas";"Plena noite";"Decrescente";"Ceu Claro";"Simples";"Reta";"Rural";2;0;0;0;2;0;0;2
83449750;"22/03/16";"Terça";"08:00:00";"SC";280;"284,5";"IRINEOPOLIS";"Outras";"Saída de Pista";"Com Vítimas Feridas";"Pleno dia";"Crescente";"Chuva";"Simples";"Reta";"Rural";1;0;1;0;0;0;1;1
83449752;"22/03/16";"Terça";"10:18:00";"PB";230;"33,1";"BAYEUX";"Velocidade incompatível";"Colisão traseira";"Sem Vítimas";"Pleno dia";"Decrescente";"Ceu Claro";"Dupla";"Reta";"Urbano";3;0;0;0;3;0;0;3
83449753;"18/03/16";"Sexta";"18:00:00";"MG";135;"654";"CURVELO";"Animais na Pista";"Atropelamento de animal";"Sem Vítimas";"Plena noite";"Crescente";"Ceu Claro";"Simples";"Reta";"Rural";1;0;0;0;1;0;0;1
83449754;"21/01/16";"Quinta";"10:45:00";"PR";369;"186";"ARAPONGAS";"Outras";"Colisão traseira";"Sem Vítimas";"Pleno dia";"Decrescente";"Ignorada";"Simples";"Reta";"Urbano";2;0;0;0;1;1;0;2
83449755;"22/03/16";"Terça";"09:10:00";"RJ";101;"81";"CAMPOS DOS GOYTACAZES";"Falta de atenção";"Colisão lateral";"Sem Vítimas";"Pleno dia";"Decrescente";"Ceu Claro";"Simples";"Curva";"Urbano";2;0;0;0;2;0;0;2
83449756;"18/03/16";"Sexta";"20:50:00";"MT";163;"93,5";"RONDONOPOLIS";"Defeito mecânico em veículo";"Incêndio";"Sem Vítimas";"Plena noite";"Decrescente";"Ceu Claro";"Dupla";"Reta";"Rural";1;0;0;0;1;0;0;1
83449757;"22/03/16";"Terça";"12:00:00";"SC";470;"251";"CURITIBANOS";"Velocidade incompatível";"Tombamento";"Com Vítimas Feridas";"Pleno dia";"Decrescente";"Nublado";"Simples";"Cruzamento";"Urbano";1;0;1;0;0;0;1;1
83449758;"19/03/16";"Sábado";"01:00:00";"RJ";40;"54";"PETROPOLIS";"Velocidade incompatível";"Colisão com objeto fixo";"Com Vítimas Feridas";"Plena noite";"Crescente";"Nevoeiro/neblina";"Dupla";"Curva";"Urbano";2;0;1;0;1;0;1;1
83449759;"20/03/16";"Domingo";"18:20:00";"MG";40;"795,7";"JUIZ DE FORA";"Outras";"Queda de motocicleta / bicicleta / veículo";"Com Vítimas Feridas";"Anoitecer";"Crescente";"Ceu Claro";"Simples";"Curva";"Urbano";1;0;1;0;0;0;1;1
83449760;"22/03/16";"Terça";"14:50:00";"RS";116;"242,5";"SAO LEOPOLDO";"Velocidade incompatível";"Colisão traseira";"Sem Vítimas";"Pleno dia";"Crescente";"Sol";"Múltipla";"Reta";"Urbano";3;0;0;0;3;0;0;2
83449761;"22/03/16";"Terça";"12:20:00";"MG";251;"498";"FRANCISCO SA";"Velocidade incompatível";"Saída de Pista";"Sem Vítimas";"Pleno dia";"Crescente";"Ceu Claro";"Simples";"Reta";"Rural";1;0;0;0;1;0;0;1
83449762;"22/03/16";"Terça";"07:25:00";"SC";282;"4";"FLORIANOPOLIS";"Falta de atenção";"Queda de motocicleta / bicicleta / veículo";"Com Vítimas Feridas";"Pleno dia";"Decrescente";"Nublado";"Dupla";"Reta";"Urbano";1;0;1;0;0;0;1;1
83449763;"11/02/16";"Quinta";"14:15:00";"SC";116;"207,9";"PONTE ALTA";"Desobediência à sinalização";"Colisão Transversal";"Com Vítimas Feridas";"Pleno dia";"Decrescente";"Ceu Claro";"Simples";"Reta";"Urbano";3;0;3;0;0;0;3;2
83449764;"22/03/16";"Terça";"12:50:00";"BA";116;"399";"FEIRA DE SANTANA";"Falta de atenção";"Colisão Transversal";"Com Vítimas Feridas";"Pleno dia";"Crescente";"Ceu Claro";"Simples";"Reta";"Rural";4;0;3;0;1;0;3;2
83449766;"22/03/16";"Terça";"14:10:00";"SC";282;"4,2";"FLORIANOPOLIS";"Falta de atenção";"Colisão lateral";"Com Vítimas Feridas";"Pleno dia";"Decrescente";"Sol";"Dupla";"Reta";"Urbano";2;0;1;0;1;0;1;2
83449767;"22/03/16";"Terça";"14:00:00";"MT";364;"201";"RONDONOPOLIS";"Defeito mecânico em veículo";"Colisão traseira";"Com Vítimas Feridas";"Pleno dia";"Decrescente";"Ceu Claro";"Dupla";"Reta";"Urbano";3;0;1;0;2;0;1;3
83449768;"22/03/16";"Terça";"15:00:00";"RJ";116;"227";"PIRAI";"Falta de atenção";"Colisão traseira";"Com Vítimas Feridas";"Pleno dia";"Decrescente";"Ceu Claro";"Simples";"Curva";"Rural";2;0;1;0;0;1;1;2
83449769;"22/03/16";"Terça";"14:00:00";"SP";381;"12";"VARGEM";"Falta de atenção";"Colisão traseira";"Sem Vítimas";"Pleno dia";"Decrescente";"Ceu Claro";"Dupla";"Reta";"Rural";2;0;0;0;2;0;0;2
83449770;"19/03/16";"Sábado";"01:30:00";"SC";101;"214,5";"PALHOCA";"Velocidade incompatível";"Colisão traseira";"Com Vítimas Feridas";"Plena noite";"Crescente";"Ceu Claro";"Dupla";"Reta";"Urbano";2;0;2;0;0;0;2;2
83449771;"22/03/16";"Terça";"15:00:00";"RJ";116;"223,5";"PIRAI";"Outras";"Colisão com objeto fixo";"Sem Vítimas";"Pleno dia";"Decrescente";"Ceu Claro";"Simples";"Curva";"Rural";1;0;0;0;1;0;0;1
83449772;"22/03/16";"Terça";"14:40:00";"PR";277;"128";"BALSA NOVA";"Outras";"Saída de Pista";"Sem Vítimas";"Pleno dia";"Decrescente";"Chuva";"Dupla";"Curva";"Rural";1;0;0;0;1;0;0;1
83449773;"22/03/16";"Terça";"08:30:00";"GO";60;"84,2";"ANAPOLIS";"Falta de atenção";"Saída de Pista";"Com Vítimas Feridas";"Pleno dia";"Decrescente";"Ceu Claro";"Dupla";"Reta";"Rural";1;0;1;0;0;0;1;1
83449774;"22/03/16";"Terça";"10:30:00";"MG";135;"393,7";"BOCAIUVA";"Outras";"Saída de Pista";"Sem Vítimas";"Pleno dia";"Decrescente";"Sol";"Simples";"Reta";"Rural";2;0;0;0;2;0;0;2
83449775;"22/03/16";"Terça";"13:40:00";"MG";381;"361,8";"SAO GONCALO DO RIO ABAIXO";"Falta de atenção";"Colisão traseira";"Com Vítimas Feridas";"Pleno dia";"Decrescente";"Sol";"Simples";"Reta";"Rural";2;0;1;0;1;0;1;2
83449776;"22/03/16";"Terça";"12:20:00";"SC";282;"4,2";"FLORIANOPOLIS";"Falta de atenção";"Colisão lateral";"Com Vítimas Feridas";"Pleno dia";"Decrescente";"Ceu Claro";"Dupla";"Reta";"Urbano";2;0;1;0;1;0;1;2
83449777;"22/03/16";"Terça";"16:20:00";"RS";386;"425";"MONTENEGRO";"Defeito mecânico em veículo";"Colisão traseira";"Sem Vítimas";"Pleno dia";"Decrescente";"Ceu Claro";"Simples";"Reta";"Rural";2;0;0;0;2;0;0;2
83449778;"22/03/16";"Terça";"13:45:00";"PR";376;"323";"ORTIGUEIRA";"Velocidade incompatível";"Tombamento";"Sem Vítimas";"Pleno dia";"Decrescente";"Chuva";"Simples";"Reta";"Rural";1;0;0;0;1;0;0;1
83449779;"22/03/16";"Terça";"15:40:00";"GO";153;"533";"HIDROLANDIA";"Outras";"Capotamento";"Sem Vítimas";"Pleno dia";"Decrescente";"Ceu Claro";"Dupla";"Reta";"Rural";2;0;0;0;2;0;0;2
83449780;"22/03/16";"Terça";"15:20:00";"GO";153;"430,9";"ANAPOLIS";"Animais na Pista";"Atropelamento de animal";"Sem Vítimas";"Pleno dia";"Crescente";"Ceu Claro";"Dupla";"Reta";"Urbano";1;0;0;0;1;0;0;1
83449782;"22/03/16";"Terça";"09:30:00";"MG";40;"627,5";"CONSELHEIRO LAFAIETE";"Falta de atenção";"Colisão lateral";"Com Vítimas Feridas";"Pleno dia";"Decrescente";"Ceu Claro";"Simples";"Reta";"Urbano";2;0;1;0;1;0;1;2
83449783;"22/03/16";"Terça";"14:20:00";"SC";280;"5";"SAO FRANCISCO DO SUL";"Falta de atenção";"Colisão Transversal";"Com Vítimas Feridas";"Pleno dia";"Decrescente";"Sol";"Simples";"Cruzamento";"Urbano";2;0;1;0;1;0;1;2
83449784;"22/03/16";"Terça";"09:12:00";"MG";262;"360";"BETIM";"Defeito mecânico em veículo";"Queda de motocicleta / bicicleta / veículo";"Com Vítimas Feridas";"Pleno dia";"Decrescente";"Sol";"Dupla";"Reta";"Urbano";1;0;1;0;0;0;1;1
83449785;"22/03/16";"Terça";"09:20:00";"SC";101;"218,6";"PALHOCA";"Falta de atenção";"Colisão lateral";"Com Vítimas Feridas";"Pleno dia";"Decrescente";"Nublado";"Dupla";"Reta";"Urbano";2;0;1;0;1;0;1;2
83449786;"22/03/16";"Terça";"13:55:00";"MS";163;"628";"SAO GABRIEL DO OESTE";"Desobediência à sinalização";"Colisão Transversal";"Com Vítimas Feridas";"Pleno dia";"Crescente";"Ceu Claro";"Simples";"Reta";"Rural";3;0;1;0;2;0;1;2
83449787;"16/03/16";"Quarta";"06:00:00";"PE";424;"0";"ARCOVERDE";"Não guardar distância de segurança";"Colisão lateral";"Com Vítimas Feridas";"Amanhecer";"Decrescente";"Ceu Claro";"Simples";"Curva";"Urbano";3;0;2;1;0;0;3;2
83449788;"22/03/16";"Terça";"11:15:00";"PR";476;"73";"BOCAIUVA DO SUL";"Falta de atenção";"Saída de Pista";"Com Vítimas Feridas";"Pleno dia";"Decrescente";"Chuva";"Simples";"Curva";"Rural";3;0;3;0;0;0;3;1
83449789;"14/03/16";"Segunda";"18:35:00";"ES";101;"286";"CARIACICA";"Animais na Pista";"Queda de motocicleta / bicicleta / veículo";"Com Vítimas Feridas";"Anoitecer";"Crescente";"Ceu Claro";"Dupla";"Reta";"Urbano";1;0;0;1;0;0;1;1
83449790;"22/03/16";"Terça";"12:10:00";"PR";277;"201,3";"PALMEIRA";"Velocidade incompatível";"Capotamento";"Sem Vítimas";"Pleno dia";"Decrescente";"Chuva";"Simples";"Curva";"Rural";2;0;0;0;2;0;0;1
83449791;"22/03/16";"Terça";"15:30:00";"SP";116;"542";"BARRA DO TURVO";"Outras";"Colisão com objeto fixo";"Sem Vítimas";"Pleno dia";"Crescente";"Nublado";"Simples";"Curva";"Rural";1;0;0;0;1;0;0;1
83449792;"22/03/16";"Terça";"16:30:00";"SP";381;"22";"BRAGANCA PAULISTA";"Outras";"Colisão com objeto fixo";"Sem Vítimas";"Pleno dia";"Decrescente";"Nublado";"Dupla";"Reta";"Urbano";1;0;0;0;1;0;0;1
83449793;"06/03/16";"Domingo";"09:15:00";"RJ";393;"235";"VASSOURAS";"Falta de atenção";"Colisão Transversal";"Com Vítimas Feridas";"Pleno dia";"Crescente";"Sol";"Simples";"Cruzamento";"Urbano";7;0;6;0;1;0;6;2
83449795;"22/03/16";"Terça";"15:00:00";"MG";381;"883";"ESTIVA";"Velocidade incompatível";"Saída de Pista";"Com Vítimas Feridas";"Pleno dia";"Crescente";"Nublado";"Dupla";"Reta";"Rural";2;0;2;0;0;0;2;1
83449796;"22/03/16";"Terça";"06:00:00";"MT";364;"347,3";"SANTO ANTONIO DO LEVERGER";"Outras";"Saída de Pista";"Sem Vítimas";"Amanhecer";"Crescente";"Ceu Claro";"Dupla";"Curva";"Rural";1;0;0;0;1;0;0;1
83449797;"22/03/16";"Terça";"12:20:00";"SC";470;"71,7";"INDAIAL";"Falta de atenção";"Colisão traseira";"Com Vítimas Feridas";"Pleno dia";"Decrescente";"Sol";"Simples";"Reta";"Urbano";4;0;2;0;1;1;2;3
83449798;"22/03/16";"Terça";"15:10:00";"GO";153;"93,8";"SANTA TEREZA DE GOIAS";"Defeito na via";"Capotamento";"Com Vítimas Feridas";"Pleno dia";"Crescente";"Sol";"Simples";"Reta";"Rural";2;0;1;1;0;0;2;1
83449799;"22/03/16";"Terça";"13:40:00";"SC";282;"454,6";"PONTE SERRADA";"Falta de atenção";"Colisão Transversal";"Com Vítimas Feridas";"Pleno dia";"Crescente";"Sol";"Simples";"Reta";"Rural";2;0;1;0;1;0;1;2
83449800;"19/03/16";"Sábado";"06:00:00";"GO";153;"495,5";"GOIANIA";"Falta de atenção";"Colisão traseira";"Sem Vítimas";"Amanhecer";"Crescente";"Sol";"Dupla";"Reta";"Urbano";2;0;0;0;2;0;0;2
83449801;"22/03/16";"Terça";"15:50:00";"MG";381;"486";"BETIM";"Ingestão de álcool";"Colisão lateral";"Sem Vítimas";"Pleno dia";"Crescente";"Ceu Claro";"Dupla";"Reta";"Urbano";2;0;0;0;2;0;0;2
83449802;"22/03/16";"Terça";"06:15:00";"RN";101;"94,2";"NATAL";"Outras";"Colisão lateral";"Com Vítimas Feridas";"Pleno dia";"Decrescente";"Sol";"Múltipla";"Reta";"Urbano";3;0;1;1;1;0;2;2
83449803;"07/03/16";"Segunda";"02:30:00";"PR";158;"373";"MARQUINHO";"Animais na Pista";"Atropelamento de animal";"Com Vítimas Feridas";"Plena noite";"Crescente";"Ceu Claro";"Simples";"Reta";"Rural";1;0;1;0;0;0;1;1
83449804;"22/03/16";"Terça";"06:50:00";"SC";282;"2";"FLORIANOPOLIS";"Outras";"Colisão lateral";"Com Vítimas Feridas";"Amanhecer";"Decrescente";"Nublado";"Dupla";"Reta";"Urbano";2;0;1;0;1;0;1;2
83449805;"22/03/16";"Terça";"14:45:00";"PR";369;"433";"UBIRATA";"Outras";"Colisão frontal";"Com Vítimas Feridas";"Pleno dia";"Crescente";"Ceu Claro";"Simples";"Reta";"Rural";3;0;0;2;1;0;2;2
83449806;"22/03/16";"Terça";"16:30:00";"SE";101;"140,5";"ESTANCIA";"Falta de atenção";"Colisão traseira";"Sem Vítimas";"Pleno dia";"Decrescente";"Ceu Claro";"Dupla";"Reta";"Rural";2;0;0;0;2;0;0;2
83449807;"22/03/16";"Terça";"14:00:00";"PE";104;"59,2";"CARUARU";"Velocidade incompatível";"Saída de Pista";"Sem Vítimas";"Pleno dia";"Crescente";"Chuva";"Dupla";"Curva";"Urbano";3;0;0;0;3;0;0;3
83449808;"22/03/16";"Terça";"14:30:00";"PR";116;"38,7";"CAMPINA GRANDE DO SUL";"Outras";"Saída de Pista";"Com Vítimas Feridas";"Pleno dia";"Crescente";"Chuva";"Dupla";"Curva";"Rural";3;0;3;0;0;0;3;1
83449809;"22/03/16";"Terça";"07:50:00";"SC";163;"96";"SAO JOSE DO CEDRO";"Falta de atenção";"Colisão lateral";"Sem Vítimas";"Pleno dia";"Crescente";"Nevoeiro/neblina";"Simples";"Reta";"Rural";4;0;0;0;4;0;0;3
83449810;"19/03/16";"Sábado";"04:30:00";"GO";153;"360";"JARAGUA";"Ingestão de álcool";"Queda de motocicleta / bicicleta / veículo";"Com Vítimas Feridas";"Plena noite";"Crescente";"Ceu Claro";"Dupla";"Reta";"Urbano";1;0;0;1;0;0;1;1
83449811;"22/03/16";"Terça";"17:40:00";"PR";277;"12";"PARANAGUA";"Outras";"Saída de Pista";"Sem Vítimas";"Pleno dia";"Decrescente";"Ceu Claro";"Dupla";"Reta";"Rural";1;0;0;0;1;0;0;1
83449812;"22/03/16";"Terça";"15:00:00";"GO";153;"700";"ITUMBIARA";"Não guardar distância de segurança";"Colisão traseira";"Sem Vítimas";"Pleno dia";"Decrescente";"Chuva";"Dupla";"Reta";"Urbano";2;0;0;0;2;0;0;2
83449814;"22/03/16";"Terça";"14:25:00";"SC";101;"244,1";"PALHOCA";"Defeito na via";"Saída de Pista";"Com Vítimas Feridas";"Pleno dia";"Decrescente";"Nublado";"Dupla";"Reta";"Urbano";1;0;1;0;0;0;1;1
83449815;"22/03/16";"Terça";"16:35:00";"PR";373;"196,9";"PONTA GROSSA";"Defeito mecânico em veículo";"Queda de motocicleta / bicicleta / veículo";"Com Vítimas Feridas";"Pleno dia";"Decrescente";"Nublado";"Simples";"Reta";"Rural";1;0;1;0;0;0;1;1
83449816;"22/03/16";"Terça";"14:44:00";"GO";60;"221";"CEZARINA";"Defeito na via";"Capotamento";"Com Vítimas Feridas";"Pleno dia";"Decrescente";"Sol";"Dupla";"Reta";"Rural";1;0;1;0;0;0;1;1
83449817;"17/03/16";"Quinta";"17:00:00";"RN";101;"102";"PARNAMIRIM";"Falta de atenção";"Colisão traseira";"Com Vítimas Feridas";"Anoitecer";"Decrescente";"Ceu Claro";"Múltipla";"Reta";"Urbano";3;0;2;0;1;0;2;2
83449818;"22/03/16";"Terça";"09:30:00";"SC";101;"433,7";"SOMBRIO";"Falta de atenção";"Colisão traseira";"Sem Vítimas";"Pleno dia";"Crescente";"Ceu Claro";"Simples";"Reta";"Urbano";2;0;0;0;2;0;0;2
83449819;"22/03/16";"Terça";"15:00:00";"SC";470;"19";"ILHOTA";"Defeito mecânico em veículo";"Queda de motocicleta / bicicleta / veículo";"Com Vítimas Feridas";"Pleno dia";"Decrescente";"Sol";"Simples";"Reta";"Urbano";1;0;1;0;0;0;1;1
83449820;"22/03/16";"Terça";"10:04:00";"SC";101;"58";"ARAQUARI";"Falta de atenção";"Colisão com objeto fixo";"Sem Vítimas";"Pleno dia";"Decrescente";"Chuva";"Dupla";"Curva";"Rural";1;0;0;0;1;0;0;1
83449821;"22/03/16";"Terça";"08:45:00";"RS";386;"36";"FREDERICO WESTPHALEN";"Não guardar distância de segurança";"Colisão traseira";"Sem Vítimas";"Pleno dia";"Decrescente";"Ceu Claro";"Simples";"Reta";"Rural";2;0;0;0;2;0;0;2
83449822;"10/03/16";"Quinta";"20:00:00";"RJ";40;"107,2";"DUQUE DE CAXIAS";"Não guardar distância de segurança";"Colisão traseira";"Sem Vítimas";"Plena noite";"Decrescente";"Nublado";"Dupla";"Reta";"Urbano";2;0;0;0;2;0;0;2
83449823;"22/03/16";"Terça";"15:30:00";"SC";101;"193";"BIGUACU";"Falta de atenção";"Colisão com objeto fixo";"Sem Vítimas";"Pleno dia";"Decrescente";"Ceu Claro";"Múltipla";"Curva";"Urbano";1;0;0;0;1;0;0;1
83449824;"22/03/16";"Terça";"15:30:00";"PR";277;"39";"MORRETES";"Defeito mecânico em veículo";"Incêndio";"Sem Vítimas";"Pleno dia";"Crescente";"Sol";"Dupla";"Reta";"Rural";1;0;0;0;1;0;0;1
83449825;"19/03/16";"Sábado";"03:20:00";"GO";70;"7,5";"AGUAS LINDAS DE GOIAS";"Desobediência à sinalização";"Colisão lateral";"Com Vítimas Feridas";"Plena noite";"Decrescente";"Ceu Claro";"Dupla";"Reta";"Urbano";3;0;1;1;1;0;2;2
83449826;"18/03/16";"Sexta";"22:20:00";"MG";116;"220,2";"CATUJI";"Outras";"Atropelamento de pessoa";"Com Vítimas Fatais";"Plena noite";"Decrescente";"Ceu Claro";"Simples";"Curva";"Rural";2;1;0;0;0;1;0;1