"id";"data_inversa";"dia_semana";"horario";"uf";"br";"km";"municipio";"causa_acidente";"tipo_acidente";"classificacao_acidente";"fase_dia";"sentido_via";"condicao_metereologica";"tipo_pista";"tracado_via";"uso_solo";"pessoas";"mortos";"feridos_leves";"feridos_graves";"ilesos";"ignorados";"feridos";"veiculos"
83450292;"24/03/16";"Quinta";"08:30:00";"RS";285;"409,8";"PANAMBI";"Velocidade incompatível";"Colisão lateral";"Sem Vítimas";"Pleno dia";"Decrescente";"Sol";"Simples";"Reta";"Rural";2;0;0;0;2;0;0;2
83450293;"21/03/16";"Segunda";"07:30:00";"RJ";116;"192";"QUEIMADOS";"Falta de atenção";"Colisão lateral";"Com Vítimas Feridas";"Amanhecer";"Decrescente";"Ceu Claro";"Múltipla";"Reta";"Urbano";3;0;1;0;1;1;1;2
83450294;"21/03/16";"Segunda";"07:00:00";"RJ";393;"167";"TRES RIOS";"Falta de atenção";"Colisão traseira";"Sem Vítimas";"Pleno dia";"Decrescente";"Ignorada";"Simples";"Reta";"Urbano";2;0;0;0;2;0;0;2
83450295;"20/03/16";"Domingo";"18:46:00";"GO";40;"19";"LUZIANIA";"Falta de atenção";"Colisão lateral";"Com Vítimas Feridas";"Plena noite";"Crescente";"Ceu Claro";"Simples";"Reta";"Urbano";2;0;2;0;0;0;2;2
83450296;"24/03/16";"Quinta";"05:40:00";"MG";381;"532";"ITATIAIUCU";"Velocidade incompatível";"Saída de Pista";"Com Vítimas Feridas";"Amanhecer";"Decrescente";"Chuva";"Dupla";"Curva";"Rural";1;0;1;0;0;0;1;1
83450297;"20/01/16";"Quarta";"17:30:00";"PE";407;"130";"PETROLINA";"Não guardar distância de segurança";"Colisão traseira";"Sem Vítimas";"Pleno dia";"Crescente";"Chuva";"Dupla";"Reta";"Urbano";3;0;0;0;2;1;0;3
83450298;"24/03/16";"Quinta";"08:10:00";"MS";463;"37,5";"PONTA PORA";"Outras";"Saída de Pista";"Com Vítimas Feridas";"Pleno dia";"Crescente";"Chuva";"Simples";"Reta";"Rural";3;0;1;0;2;0;1;1
83450299;"24/03/16";"Quinta";"07:40:00";"RS";471;"148,4";"SANTA CRUZ DO SUL";"Falta de atenção";"Colisão Transversal";"Com Vítimas Feridas";"Pleno dia";"Crescente";"Ceu Claro";"Simples";"Reta";"Urbano";4;0;1;0;3;0;1;2
83450300;"24/03/16";"Quinta";"08:50:00";"SC";282;"498";"XANXERE";"Não guardar distância de segurança";"Colisão traseira";"Com Vítimas Feridas";"Pleno dia";"Decrescente";"Sol";"Múltipla";"Reta";"Urbano";2;0;1;0;1;0;1;2
83450301;"24/03/16";"Quinta";"07:30:00";"RS";153;"562,6";"BAGE";"Velocidade incompatível";"Capotamento";"Sem Vítimas";"Amanhecer";"Decrescente";"Ceu Claro";"Simples";"Curva";"Rural";3;0;0;0;3;0;0;1
83450302;"16/03/16";"Quarta";"20:40:00";"GO";60;"12,8";"SANTO ANTONIO DO DESCOBERTO";"Outras";"Colisão traseira";"Com Vítimas Feridas";"Plena noite";"Decrescente";"Ceu Claro";"Dupla";"Reta";"Rural";3;0;0;2;1;0;2;2
83450303;"15/01/16";"Sexta";"11:30:00";"RN";304;"83";"ASSU";"Defeito mecânico em veículo";"Saída de Pista";"Sem Vítimas";"Pleno dia";"Crescente";"Ceu Claro";"Simples";"Reta";"Urbano";1;0;0;0;1;0;0;1
83450305;"12/03/16";"Sábado";"18:05:00";"SP";116;"229";"SAO PAULO";"Outras";"Colisão lateral";"Sem Vítimas";"Pleno dia";"Decrescente";"Sol";"Múltipla";"Reta";"Urbano";2;0;0;0;2;0;0;2
83450306;"24/03/16";"Quinta";"09:00:00";"PE";101;"91";"CABO DE SANTO AGOSTINHO";"Defeito mecânico em veículo";"Colisão Transversal";"Sem Vítimas";"Pleno dia";"Decrescente";"Ceu Claro";"Dupla";"Reta";"Urbano";2;0;0;0;2;0;0;2
83450307;"20/03/16";"Domingo";"16:30:00";"MT";163;"645";"LUCAS DO RIO VERDE";"Não guardar distância de segurança";"Saída de Pista";"Sem Vítimas";"Pleno dia";"Crescente";"Ceu Claro";"Simples";"Reta";"Rural";1;0;0;0;1;0;0;1
83450308;"20/03/16";"Domingo";"21:00:00";"RJ";465;"21";"NOVA IGUACU";"Dormindo";"Colisão frontal";"Com Vítimas Feridas";"Plena noite";"Crescente";"Ceu Claro";"Simples";"Reta";"Urbano";2;0;2;0;0;0;2;2
83450309;"23/03/16";"Quarta";"04:16:00";"PI";135;"389";"BOM JESUS";"Não guardar distância de segurança";"Saída de Pista";"Com Vítimas Fatais";"Plena noite";"Decrescente";"Ceu Claro";"Simples";"Reta";"Rural";9;1;1;2;5;0;3;1
83450310;"24/03/16";"Quinta";"10:30:00";"RJ";40;"92";"PETROPOLIS";"Defeito na via";"Queda de motocicleta / bicicleta / veículo";"Com Vítimas Feridas";"Pleno dia";"Crescente";"Ceu Claro";"Simples";"Curva";"Rural";1;0;1;0;0;0;1;1
83450311;"15/01/16";"Sexta";"19:08:00";"GO";70;"15";"AGUAS LINDAS DE GOIAS";"Outras";"Atropelamento de pessoa";"Com Vítimas Feridas";"Plena noite";"Decrescente";"Nublado";"Dupla";"Reta";"Urbano";2;0;0;1;0;1;1;1
83450312;"24/03/16";"Quinta";"08:30:00";"PR";376;"285,8";"MAUA DA SERRA";"Outras";"Derramamento de Carga";"Sem Vítimas";"Pleno dia";"Decrescente";"Sol";"Simples";"Curva";"Rural";1;0;0;0;1;0;0;1
83450313;"22/03/16";"Terça";"16:50:00";"PR";373;"435";"CHOPINZINHO";"Dormindo";"Derramamento de Carga";"Com Vítimas Feridas";"Pleno dia";"Crescente";"Nublado";"Simples";"Reta";"Rural";1;0;1;0;0;0;1;1
83450314;"24/03/16";"Quinta";"07:30:00";"CE";222;"2,8";"FORTALEZA";"Falta de atenção";"Colisão traseira";"Sem Vítimas";"Pleno dia";"Decrescente";"Ceu Claro";"Dupla";"Reta";"Urbano";3;0;0;0;3;0;0;3
83450315;"21/03/16";"Segunda";"04:30:00";"CE";20;"417";"MARACANAU";"Outras";"Colisão com bicicleta";"Com Vítimas Feridas";"Amanhecer";"Decrescente";"Ignorada";"Simples";"Reta";"Rural";2;0;0;1;0;1;1;2
83450316;"24/03/16";"Quinta";"08:50:00";"PR";376;"656";"TIJUCAS DO SUL";"Velocidade incompatível";"Capotamento";"Sem Vítimas";"Pleno dia";"Decrescente";"Nublado";"Dupla";"Curva";"Rural";1;0;0;0;1;0;0;1
83450317;"24/03/16";"Quinta";"11:20:00";"RJ";101;"65";"CAMPOS DOS GOYTACAZES";"Falta de atenção";"Colisão traseira";"Com Vítimas Feridas";"Pleno dia";"Crescente";"Sol";"Simples";"Reta";"Urbano";2;0;1;0;1;0;1;2
83450318;"21/03/16";"Segunda";"00:30:00";"SP";116;"169";"JACAREI";"Animais na Pista";"Colisão com objeto fixo";"Sem Vítimas";"Plena noite";"Decrescente";"Ceu Claro";"Dupla";"Reta";"Rural";1;0;0;0;1;0;0;1
83450319;"24/03/16";"Quinta";"10:15:00";"MS";163;"1,8";"MUNDO NOVO";"Falta de atenção";"Colisão traseira";"Sem Vítimas";"Pleno dia";"Crescente";"Nublado";"Simples";"Curva";"Rural";2;0;0;0;2;0;0;2
83450320;"16/03/16";"Quarta";"22:15:00";"SP";116;"217";"GUARULHOS";"Defeito mecânico em veículo";"Colisão traseira";"Com Vítimas Feridas";"Plena noite";"Decrescente";"Ceu Claro";"Múltipla";"Reta";"Urbano";4;0;1;0;3;0;1;4
83450321;"24/03/16";"Quinta";"09:20:00";"SC";470;"158,1";"TROMBUDO CENTRAL";"Falta de atenção";"Colisão Transversal";"Com Vítimas Feridas";"Pleno dia";"Decrescente";"Sol";"Simples";"Reta";"Urbano";2;0;1;0;1;0;1;2
83450322;"24/03/16";"Quinta";"10:15:00";"RS";290;"144,7";"ELDORADO DO SUL";"Falta de atenção";"Colisão Transversal";"Com Vítimas Feridas";"Pleno dia";"Crescente";"Ceu Claro";"Simples";"Reta";"Urbano";2;0;0;1;1;0;1;2
83450323;"20/03/16";"Domingo";"11:20:00";"GO";70;"11";"AGUAS LINDAS DE GOIAS";"Falta de atenção";"Queda de motocicleta / bicicleta / veículo";"Com Vítimas Feridas";"Pleno dia";"Crescente";"Ceu Claro";"Dupla";"Reta";"Urbano";1;0;1;0;0;0;1;1
83450324;"09/03/16";"Quarta";"03:30:00";"PB";230;"417";"POMBAL";"Falta de atenção";"Colisão lateral";"Sem Vítimas";"Plena noite";"Decrescente";"Ceu Claro";"Simples";"Reta";"Rural";2;0;0;0;2;0;0;2
83450326;"20/03/16";"Domingo";"19:55:00";"RN";304;"35";"MOSSORO";"Outras";"Queda de motocicleta / bicicleta / veículo";"Com Vítimas Feridas";"Plena noite";"Crescente";"Ceu Claro";"Múltipla";"Reta";"Urbano";2;0;0;1;0;1;1;1
83450327;"20/03/16";"Domingo";"20:15:00";"PR";476;"119";"COLOMBO";"Outras";"Colisão lateral";"Com Vítimas Feridas";"Plena noite";"Crescente";"Ceu Claro";"Dupla";"Reta";"Urbano";7;0;1;1;5;0;2;2
83450328;"24/03/16";"Quinta";"08:20:00";"PI";343;"558";"AMARANTE";"Dormindo";"Saída de Pista";"Com Vítimas Feridas";"Plena noite";"Crescente";"Nublado";"Simples";"Reta";"Rural";4;0;2;0;2;0;2;1
83450329;"23/02/16";"Terça";"15:00:00";"SC";280;"254,4";"CANOINHAS";"Falta de atenção";"Colisão lateral";"Sem Vítimas";"Pleno dia";"Decrescente";"Chuva";"Simples";"Reta";"Rural";2;0;0;0;2;0;0;2
83450330;"24/03/16";"Quinta";"10:40:00";"PA";316;"87";"SAO FRANCISCO DO PARA";"Ultrapassagem indevida";"Colisão lateral";"Com Vítimas Feridas";"Pleno dia";"Decrescente";"Ceu Claro";"Simples";"Reta";"Rural";4;0;1;2;1;0;3;3
83450331;"19/03/16";"Sábado";"23:30:00";"BA";407;"45";"JUAZEIRO";"Ingestão de álcool";"Colisão lateral";"Com Vítimas Fatais";"Plena noite";"Decrescente";"Ceu Claro";"Simples";"Reta";"Rural";2;1;0;0;1;0;0;2
83450332;"23/03/16";"Quarta";"05:00:00";"MG";40;"725,9";"OLIVEIRA FORTES";"Dormindo";"Colisão traseira";"Com Vítimas Feridas";"Amanhecer";"Crescente";"Nublado";"Dupla";"Curva";"Rural";3;0;0;1;2;0;1;2
83450333;"24/03/16";"Quinta";"09:48:00";"SC";116;"8";"MAFRA";"Falta de atenção";"Colisão lateral";"Com Vítimas Feridas";"Amanhecer";"Crescente";"Ceu Claro";"Simples";"Reta";"Rural";3;0;1;0;2;0;1;2
83450334;"20/03/16";"Domingo";"23:20:00";"PI";316;"3,8";"TERESINA";"Outras";"Colisão com objeto fixo";"Com Vítimas Feridas";"Plena noite";"Crescente";"Ceu Claro";"Múltipla";"Reta";"Urbano";2;0;1;1;0;0;2;1
83450335;"24/03/16";"Quinta";"08:30:00";"BA";116;"819,2";"VITORIA DA CONQUISTA";"Outras";"Colisão traseira";"Sem Vítimas";"Pleno dia";"Crescente";"Nublado";"Múltipla";"Reta";"Urbano";2;0;0;0;2;0;0;2
83450336;"19/03/16";"Sábado";"12:45:00";"PB";230;"34,8";"BAYEUX";"Não guardar distância de segurança";"Colisão traseira";"Sem Vítimas";"Pleno dia";"Crescente";"Ceu Claro";"Dupla";"Reta";"Urbano";6;0;0;0;6;0;0;2
83450337;"17/03/16";"Quinta";"14:00:00";"RJ";101;"297";"ITABORAI";"Outras";"Atropelamento de pessoa";"Com Vítimas Feridas";"Pleno dia";"Decrescente";"Ceu Claro";"Dupla";"Curva";"Urbano";2;0;1;0;1;0;1;1
83450338;"24/03/16";"Quinta";"12:50:00";"SC";470;"40,7";"GASPAR";"Desobediência à sinalização";"Colisão Transversal";"Com Vítimas Fatais";"Pleno dia";"Decrescente";"Nublado";"Simples";"Reta";"Urbano";4;1;0;1;2;0;1;3
83450339;"01/01/16";"Sexta";"05:15:00";"GO";70;"1,2";"AGUAS LINDAS DE GOIAS";"Ingestão de álcool";"Colisão lateral";"Sem Vítimas";"Plena noite";"Crescente";"Chuva";"Dupla";"Reta";"Urbano";2;0;0;0;2;0;0;2
83450341;"24/03/16";"Quinta";"10:30:00";"MG";153;"246,6";"FRONTEIRA";"Falta de atenção";"Colisão Transversal";"Sem Vítimas";"Pleno dia";"Crescente";"Chuva";"Simples";"Reta";"Rural";3;0;0;0;3;0;0;2
83450342;"17/03/16";"Quinta";"04:20:00";"SC";101;"79";"ARAQUARI";"Falta de atenção";"Colisão traseira";"Sem Vítimas";"Plena noite";"Crescente";"Ceu Claro";"Múltipla";"Reta";"Rural";2;0;0;0;2;0;0;2
83450343;"24/03/16";"Quinta";"11:10:00";"MT";364;"274";"JACIARA";"Falta de atenção";"Colisão lateral";"Com Vítimas Feridas";"Pleno dia";"Crescente";"Nublado";"Dupla";"Reta";"Urbano";2;0;1;0;1;0;1;2
83450344;"23/03/16";"Quarta";"09:00:00";"GO";153;"134,3";"ESTRELA DO NORTE";"Defeito na via";"Saída de Pista";"Com Vítimas Fatais";"Pleno dia";"Crescente";"Ceu Claro";"Simples";"Reta";"Rural";5;2;2;1;0;0;3;1
83450345;"24/03/16";"Quinta";"13:30:00";"GO";60;"180,1";"ABADIA DE GOIAS";"Outras";"Saída de Pista";"Sem Vítimas";"Pleno dia";"Decrescente";"Chuva";"Dupla";"Reta";"Rural";1;0;0;0;1;0;0;1
83450346;"24/03/16";"Quinta";"11:00:00";"MG";40;"269,9";"SAO GONCALO DO ABAETE";"Falta de atenção";"Colisão traseira";"Sem Vítimas";"Pleno dia";"Crescente";"Ceu Claro";"Simples";"Reta";"Rural";2;0;0;0;2;0;0;2
83450347;"24/03/16";"Quinta";"11:40:00";"GO";153;"189";"URUACU";"Ingestão de álcool";"Colisão Transversal";"Com Vítimas Feridas";"Pleno dia";"Decrescente";"Sol";"Simples";"Reta";"Rural";3;0;0;1;2;0;1;3
83450348;"24/03/16";"Quinta";"04:30:00";"PB";101;"64";"SANTA RITA";"Defeito mecânico em veículo";"Derramamento de Carga";"Sem Vítimas";"Plena noite";"Crescente";"Ceu Claro";"Dupla";"Reta";"Rural";1;0;0;0;1;0;0;1
83450349;"24/03/16";"Quinta";"14:00:00";"RJ";101;"322";"NITEROI";"Outras";"Colisão traseira";"Com Vítimas Feridas";"Pleno dia";"Decrescente";"Sol";"Dupla";"Reta";"Urbano";3;0;1;0;2;0;1;3
83450350;"14/03/16";"Segunda";"17:40:00";"CE";222;"216,5";"SOBRAL";"Falta de atenção";"Colisão traseira";"Sem Vítimas";"Anoitecer";"Decrescente";"Nublado";"Simples";"Reta";"Rural";2;0;0;0;2;0;0;2
83450351;"24/03/16";"Quinta";"09:40:00";"RS";392;"351,9";"SANTA MARIA";"Falta de atenção";"Colisão Transversal";"Com Vítimas Feridas";"Pleno dia";"Decrescente";"Nublado";"Simples";"Cruzamento";"Urbano";2;0;1;0;1;0;1;2
83450352;"24/03/16";"Quinta";"08:00:00";"MG";381;"516";"IGARAPE";"Velocidade incompatível";"Capotamento";"Com Vítimas Feridas";"Pleno dia";"Decrescente";"Chuva";"Dupla";"Curva";"Urbano";2;0;1;1;0;0;2;1
83450353;"24/03/16";"Quinta";"12:20:00";"SP";116;"59,6";"GUARATINGUETA";"Defeito mecânico em veículo";"Colisão com objeto fixo";"Sem Vítimas";"Pleno dia";"Decrescente";"Sol";"Dupla";"Reta";"Rural";1;0;0;0;1;0;0;1
83450354;"24/03/16";"Quinta";"06:30:00";"MG";365;"745,7";"ITUIUTABA";"Velocidade incompatível";"Colisão traseira";"Com Vítimas Feridas";"Amanhecer";"Decrescente";"Nublado";"Simples";"Reta";"Rural";2;0;1;0;0;1;1;2
83450355;"21/03/16";"Segunda";"03:40:00";"CE";116;"427";"IPAUMIRIM";"Velocidade incompatível";"Tombamento";"Sem Vítimas";"Plena noite";"Decrescente";"Nublado";"Simples";"Curva";"Rural";1;0;0;0;1;0;0;1
83450356;"24/03/16";"Quinta";"13:25:00";"MG";381;"768";"CAMPANHA";"Velocidade incompatível";"Saída de Pista";"Sem Vítimas";"Pleno dia";"Crescente";"Ceu Claro";"Dupla";"Curva";"Rural";1;0;0;0;1;0;0;1
83450357;"24/03/16";"Quinta";"07:00:00";"MG";40;"583";"ITABIRITO";"Dormindo";"Saída de Pista";"Com Vítimas Feridas";"Pleno dia";"Decrescente";"Ignorada";"Simples";"Reta";"Rural";1;0;0;1;0;0;1;1
83450358;"20/03/16";"Domingo";"20:50:00";"PA";230;"602";"VITORIA DO XINGU";"Falta de atenção";"Colisão lateral";"Com Vítimas Feridas";"Plena noite";"Crescente";"Ceu Claro";"Simples";"Reta";"Rural";7;0;2;0;5;0;2;2
83450360;"20/03/16";"Domingo";"22:30:00";"MT";163;"754";"SORRISO";"Ingestão de álcool";"Saída de Pista";"Sem Vítimas";"Plena noite";"Decrescente";"Nublado";"Dupla";"Reta";"Urbano";1;0;0;0;1;0;0;1
83450362;"20/03/16";"Domingo";"10:30:00";"ES";101;"298,5";"VIANA";"Outras";"Colisão com objeto fixo";"Ignorado";"Pleno dia";"Decrescente";"Ceu Claro";"Dupla";"Cruzamento";"Urbano";1;0;0;0;0;1;0;1
83450363;"24/03/16";"Quinta";"09:50:00";"MG";381;"519";"IGARAPE";"Velocidade incompatível";"Capotamento";"Com Vítimas Feridas";"Pleno dia";"Decrescente";"Ceu Claro";"Dupla";"Curva";"Rural";2;0;2;0;0;0;2;1
83450364;"24/03/16";"Quinta";"12:00:00";"RS";285;"150,7";"MUITOS CAPOES";"Velocidade incompatível";"Colisão lateral";"Sem Vítimas";"Pleno dia";"Crescente";"Ceu Claro";"Simples";"Curva";"Rural";2;0;0;0;2;0;0;2
83450365;"21/03/16";"Segunda";"03:05:00";"PE";104;"58,2";"CARUARU";"Animais na Pista";"Atropelamento de animal";"Com Vítimas Feridas";"Plena noite";"Crescente";"Ceu Claro";"Dupla";"Reta";"Rural";2;0;0;1;1;0;1;1
83450366;"24/03/16";"Quinta";"09:55:00";"PB";230;"9,3";"CABEDELO";"Desobediência à sinalização";"Colisão lateral";"Com Vítimas Fatais";"Pleno dia";"Decrescente";"Sol";"Dupla";"Reta";"Urbano";3;1;0;1;1;0;1;2
83450367;"24/03/16";"Quinta";"13:50:00";"PR";376;"315,2";"ORTIGUEIRA";"Outras";"Atropelamento de animal";"Com Vítimas Feridas";"Pleno dia";"Crescente";"Sol";"Simples";"Reta";"Rural";3;0;1;0;2;0;1;1
83450368;"24/03/16";"Quinta";"14:15:00";"RS";116;"611,5";"ARROIO GRANDE";"Falta de atenção";"Colisão Transversal";"Com Vítimas Feridas";"Pleno dia";"Crescente";"Sol";"Simples";"Cruzamento";"Urbano";5;0;3;2;0;0;5;2
83450369;"24/03/16";"Quinta";"11:00:00";"PR";277;"397,9";"CANDOI";"Falta de atenção";"Colisão Transversal";"Com Vítimas Feridas";"Pleno dia";"Decrescente";"Ceu Claro";"Simples";"Reta";"Rural";5;0;1;1;3;0;2;3
83450370;"24/03/16";"Quinta";"11:30:00";"MS";359;"171,8";"COXIM";"Velocidade incompatível";"Saída de Pista";"Sem Vítimas";"Plena noite";"Crescente";"Chuva";"Simples";"Curva";"Urbano";5;0;0;0;5;0;0;1
83450371;"24/03/16";"Quinta";"13:40:00";"SC";101;"151";"ITAPEMA";"Falta de atenção";"Colisão Transversal";"Com Vítimas Feridas";"Pleno dia";"Crescente";"Nevoeiro/neblina";"Simples";"Cruzamento";"Urbano";2;0;1;0;1;0;1;2
83450372;"24/03/16";"Quinta";"10:15:00";"PR";376;"598";"CURITIBA";"Não guardar distância de segurança";"Colisão traseira";"Com Vítimas Feridas";"Pleno dia";"Decrescente";"Nublado";"Dupla";"Reta";"Urbano";8;0;2;0;6;0;2;6
83450373;"24/03/16";"Quinta";"10:45:00";"TO";153;"423";"MIRANORTE";"Velocidade incompatível";"Saída de Pista";"Com Vítimas Feridas";"Pleno dia";"Decrescente";"Nublado";"Simples";"Reta";"Rural";4;0;2;2;0;0;4;1
83450374;"24/03/16";"Quinta";"13:20:00";"PE";232;"214";"PESQUEIRA";"Falta de atenção";"Colisão traseira";"Sem Vítimas";"Pleno dia";"Decrescente";"Ceu Claro";"Simples";"Reta";"Rural";2;0;0;0;2;0;0;2
83450375;"24/03/16";"Quinta";"14:00:00";"BA";367;"79";"EUNAPOLIS";"Falta de atenção";"Colisão lateral";"Com Vítimas Feridas";"Pleno dia";"Decrescente";"Ceu Claro";"Simples";"Reta";"Rural";5;0;4;0;1;0;4;2
83450376;"24/03/16";"Quinta";"15:20:00";"RS";285;"298,8";"PASSO FUNDO";"Dormindo";"Colisão Transversal";"Sem Vítimas";"Pleno dia";"Decrescente";"Ceu Claro";"Simples";"Reta";"Urbano";2;0;0;0;2;0;0;2
83450377;"21/03/16";"Segunda";"00:10:00";"MG";40;"799";"JUIZ DE FORA";"Outras";"Colisão com objeto fixo";"Ignorado";"Plena noite";"Decrescente";"Ceu Claro";"Simples";"Curva";"Urbano";1;0;0;0;0;1;0;1
83450378;"20/03/16";"Domingo";"14:00:00";"MG";40;"524";"CONTAGEM";"Ingestão de álcool";"Colisão traseira";"Sem Vítimas";"Pleno dia";"Crescente";"Nublado";"Dupla";"Reta";"Urbano";3;0;0;0;3;0;0;3
83450379;"24/03/16";"Quinta";"10:50:00";"MT";163;"22,5";"ITIQUIRA";"Falta de atenção";"Tombamento";"Com Vítimas Feridas";"Pleno dia";"Decrescente";"Ceu Claro";"Dupla";"Reta";"Rural";4;0;3;0;1;0;3;1
83450380;"24/03/16";"Quinta";"13:30:00";"PI";343;"280";"CAMPO MAIOR";"Falta de atenção";"Colisão traseira";"Com Vítimas Feridas";"Pleno dia";"Crescente";"Ceu Claro";"Simples";"Reta";"Rural";2;0;1;0;1;0;1;2
83450381;"20/03/16";"Domingo";"00:00:00";"SP";116;"272";"TABOAO DA SERRA";"Outras";"Capotamento";"Com Vítimas Feridas";"Plena noite";"Crescente";"Nublado";"Dupla";"Reta";"Urbano";2;0;1;0;0;1;1;2
83450382;"24/03/16";"Quinta";"15:15:00";"SC";280;"72,2";"JARAGUA DO SUL";"Falta de atenção";"Colisão Transversal";"Com Vítimas Feridas";"Pleno dia";"Crescente";"Chuva";"Simples";"Reta";"Urbano";2;0;0;1;1;0;1;2
83450383;"12/03/16";"Sábado";"12:30:00";"MG";267;"55,5";"GUARARA";"Falta de atenção";"Colisão Transversal";"Com Vítimas Feridas";"Pleno dia";"Crescente";"Ceu Claro";"Simples";"Reta";"Rural";2;0;1;0;0;1;1;2
83450384;"24/03/16";"Quinta";"16:05:00";"PR";376;"180,5";"MARINGA";"Falta de atenção";"Colisão lateral";"Com Vítimas Feridas";"Pleno dia";"Crescente";"Nublado";"Dupla";"Reta";"Urbano";3;0;2;0;1;0;2;2
83450386;"24/03/16";"Quinta";"08:38:00";"AL";104;"90";"RIO LARGO";"Falta de atenção";"Colisão traseira";"Sem Vítimas";"Pleno dia";"Decrescente";"Ceu Claro";"Dupla";"Reta";"Urbano";2;0;0;0;2;0;0;2
83450387;"20/03/16";"Domingo";"02:30:00";"CE";222;"124,6";"ITAPAGE";"Ingestão de álcool";"Colisão frontal";"Com Vítimas Feridas";"Plena noite";"Crescente";"Ceu Claro";"Simples";"Reta";"Urbano";2;0;0;1;0;1;1;2
83450388;"24/03/16";"Quinta";"14:10:00";"MS";262;"411,4";"TERENOS";"Outras";"Capotamento";"Com Vítimas Feridas";"Pleno dia";"Decrescente";"Chuva";"Simples";"Reta";"Rural";1;0;1;0;0;0;1;1
83450389;"21/03/16";"Segunda";"14:51:00";"TO";153;"100,1";"WANDERLANDIA";"Outras";"Colisão traseira";"Com Vítimas Fatais";"Pleno dia";"Decrescente";"Nublado";"Simples";"Reta";"Rural";2;1;1;0;0;0;1;2
83450390;"24/03/16";"Quinta";"08:48:00";"PR";376;"174,2";"MARINGA";"Falta de atenção";"Colisão Transversal";"Sem Vítimas";"Pleno dia";"Crescente";"Nublado";"Dupla";"Reta";"Urbano";2;0;0;0;1;1;0;2
83450391;"24/03/16";"Quinta";"06:20:00";"MG";262;"537,8";"LUZ";"Velocidade incompatível";"Saída de Pista";"Com Vítimas Feridas";"Pleno dia";"Decrescente";"Chuva";"Simples";"Curva";"Rural";2;0;1;0;1;0;1;1
83450392;"24/03/16";"Quinta";"10:25:00";"BA";116;"353,1";"FEIRA DE SANTANA";"Falta de atenção";"Atropelamento de pessoa";"Com Vítimas Fatais";"Pleno dia";"Decrescente";"Ceu Claro";"Simples";"Curva";"Rural";2;1;0;0;1;0;0;1
83450393;"24/03/16";"Quinta";"14:30:00";"MG";381;"348";"JOAO MONLEVADE";"Desobediência à sinalização";"Tombamento";"Com Vítimas Feridas";"Pleno dia";"Decrescente";"Ceu Claro";"Simples";"Curva";"Rural";2;0;1;0;1;0;1;1
83450394;"24/03/16";"Quinta";"15:20:00";"MS";60;"404,1";"SIDROLANDIA";"Outras";"Capotamento";"Com Vítimas Feridas";"Pleno dia";"Decrescente";"Chuva";"Simples";"Curva";"Rural";4;0;1;0;3;0;1;1
83450395;"24/03/16";"Quinta";"05:40:00";"AL";316;"263,5";"SATUBA";"Outras";"Colisão frontal";"Com Vítimas Feridas";"Pleno dia";"Crescente";"Ceu Claro";"Simples";"Reta";"Rural";6;0;3;2;1;0;5;2
83450396;"24/03/16";"Quinta";"16:10:00";"SC";470;"47";"BLUMENAU";"Falta de atenção";"Colisão Transversal";"Com Vítimas Feridas";"Pleno dia";"Crescente";"Ceu Claro";"Simples";"Reta";"Rural";2;0;0;1;1;0;1;2
83450397;"24/03/16";"Quinta";"16:15:00";"CE";304;"53,2";"ARACATI";"Não guardar distância de segurança";"Colisão traseira";"Sem Vítimas";"Pleno dia";"Crescente";"Ceu Claro";"Simples";"Reta";"Rural";7;0;0;0;7;0;0;2
83450398;"24/03/16";"Quinta";"15:00:00";"PB";230;"299";"SAO MAMEDE";"Falta de atenção";"Saída de Pista";"Com Vítimas Feridas";"Pleno dia";"Crescente";"Ceu Claro";"Simples";"Reta";"Rural";2;0;1;0;1;0;1;1
83450399;"24/03/16";"Quinta";"10:10:00";"BA";242;"349";"PALMEIRAS";"Não guardar distância de segurança";"Capotamento";"Com Vítimas Feridas";"Pleno dia";"Crescente";"Ceu Claro";"Simples";"Reta";"Rural";4;0;1;0;3;0;1;1
83450400;"24/03/16";"Quinta";"15:30:00";"MG";40;"653";"CRISTIANO OTONI";"Velocidade incompatível";"Saída de Pista";"Com Vítimas Feridas";"Pleno dia";"Crescente";"Ceu Claro";"Simples";"Curva";"Rural";3;0;2;1;0;0;3;1
83450401;"24/03/16";"Quinta";"14:50:00";"PE";101;"3,3";"GOIANA";"Defeito na via";"Saída de Pista";"Sem Vítimas";"Pleno dia";"Crescente";"Ceu Claro";"Dupla";"Curva";"Rural";2;0;0;0;2;0;0;1
83450402;"24/03/16";"Quinta";"15:10:00";"PR";376;"3,5";"MANDAGUARI";"Desobediência à sinalização";"Colisão Transversal";"Com Vítimas Feridas";"Pleno dia";"Decrescente";"Nublado";"Simples";"Cruzamento";"Urbano";2;0;0;1;1;0;1;2
83450403;"24/03/16";"Quinta";"10:20:00";"PR";376;"366,2";"ORTIGUEIRA";"Velocidade incompatível";"Colisão com objeto fixo";"Com Vítimas Fatais";"Pleno dia";"Decrescente";"Sol";"Simples";"Reta";"Rural";2;2;0;0;0;0;0;1
83450404;"24/03/16";"Quinta";"08:05:00";"CE";304;"51,5";"ARACATI";"Falta de atenção";"Colisão Transversal";"Com Vítimas Feridas";"Pleno dia";"Decrescente";"Ceu Claro";"Dupla";"Curva";"Urbano";3;0;1;1;1;0;2;2