"id";"data_inversa";"dia_semana";"horario";"uf";"br";"km";"municipio";"causa_acidente";"tipo_acidente";"classificacao_acidente";"fase_dia";"sentido_via";"condicao_metereologica";"tipo_pista";"tracado_via";"uso_solo";"pessoas";"mortos";"feridos_leves";"feridos_graves";"ilesos";"ignorados";"feridos";"veiculos"
83450405;"24/03/16";"Quinta";"06:15:00";"SP";116;"227";"GUARULHOS";"Velocidade incompatível";"Colisão Transversal";"Com Vítimas Feridas";"Pleno dia";"Crescente";"Nublado";"Múltipla";"Cruzamento";"Urbano";2;0;2;0;0;0;2;2
83450406;"24/03/16";"Quinta";"14:00:00";"MG";381;"347";"JOAO MONLEVADE";"Velocidade incompatível";"Colisão lateral";"Com Vítimas Feridas";"Pleno dia";"Decrescente";"Sol";"Simples";"Curva";"Rural";2;0;2;0;0;0;2;2
83450407;"12/03/16";"Sábado";"20:10:00";"SC";101;"235";"PALHOCA";"Falta de atenção";"Colisão lateral";"Sem Vítimas";"Plena noite";"Decrescente";"Ceu Claro";"Dupla";"Reta";"Urbano";2;0;0;0;2;0;0;2
83450408;"24/03/16";"Quinta";"14:30:00";"MT";364;"561";"NOBRES";"Velocidade incompatível";"Tombamento";"Sem Vítimas";"Pleno dia";"Decrescente";"Chuva";"Simples";"Reta";"Urbano";1;0;0;0;1;0;0;1
83450409;"24/03/16";"Quinta";"14:20:00";"SP";116;"137,2";"SAO JOSE DOS CAMPOS";"Outras";"Colisão traseira";"Com Vítimas Feridas";"Pleno dia";"Crescente";"Sol";"Dupla";"Reta";"Urbano";3;0;2;0;1;0;2;2
83450410;"20/03/16";"Domingo";"21:10:00";"MG";116;"304,5";"ITAMBACURI";"Animais na Pista";"Atropelamento de animal";"Com Vítimas Feridas";"Plena noite";"Crescente";"Nublado";"Simples";"Reta";"Rural";1;0;0;1;0;0;1;1
83450411;"24/03/16";"Quinta";"12:30:00";"MG";40;"510";"RIBEIRAO DAS NEVES";"Velocidade incompatível";"Colisão com objeto fixo";"Sem Vítimas";"Pleno dia";"Decrescente";"Chuva";"Dupla";"Reta";"Urbano";1;0;0;0;1;0;0;1
83450412;"24/03/16";"Quinta";"16:20:00";"SP";116;"87";"PINDAMONHANGABA";"Outras";"Colisão traseira";"Sem Vítimas";"Pleno dia";"Crescente";"Sol";"Múltipla";"Reta";"Urbano";5;0;0;0;3;2;0;5
83450413;"24/03/16";"Quinta";"17:40:00";"RJ";101;"297";"ITABORAI";"Outras";"Colisão lateral";"Sem Vítimas";"Pleno dia";"Decrescente";"Nublado";"Dupla";"Reta";"Urbano";2;0;0;0;2;0;0;2
83450414;"24/03/16";"Quinta";"13:55:00";"SC";470;"141,4";"RIO DO SUL";"Desobediência à sinalização";"Colisão lateral";"Sem Vítimas";"Pleno dia";"Decrescente";"Ceu Claro";"Simples";"Reta";"Urbano";2;0;0;0;2;0;0;2
83450415;"24/03/16";"Quinta";"11:30:00";"PR";369;"182,2";"ARAPONGAS";"Desobediência à sinalização";"Colisão Transversal";"Com Vítimas Feridas";"Pleno dia";"Decrescente";"Ceu Claro";"Simples";"Cruzamento";"Urbano";2;0;1;0;1;0;1;2
83450416;"24/03/16";"Quinta";"14:30:00";"SC";470;"142,5";"RIO DO SUL";"Desobediência à sinalização";"Colisão Transversal";"Com Vítimas Feridas";"Pleno dia";"Crescente";"Sol";"Simples";"Reta";"Urbano";2;0;1;0;1;0;1;2
83450417;"24/03/16";"Quinta";"15:35:00";"MS";163;"244,4";"DOURADOS";"Outras";"Saída de Pista";"Sem Vítimas";"Pleno dia";"Crescente";"Chuva";"Simples";"Reta";"Rural";1;0;0;0;1;0;0;1
83450418;"24/03/16";"Quinta";"17:15:00";"PE";407;"126,4";"PETROLINA";"Não guardar distância de segurança";"Colisão lateral";"Sem Vítimas";"Pleno dia";"Decrescente";"Sol";"Simples";"Curva";"Urbano";2;0;0;0;1;1;0;2
83450419;"24/03/16";"Quinta";"16:10:00";"SC";280;"239,4";"CANOINHAS";"Falta de atenção";"Colisão lateral";"Sem Vítimas";"Pleno dia";"Crescente";"Nublado";"Simples";"Reta";"Rural";3;0;0;0;3;0;0;3
83450420;"24/03/16";"Quinta";"17:50:00";"SC";282;"16,2";"PALHOCA";"Outras";"Colisão com objeto móvel";"Com Vítimas Feridas";"Pleno dia";"Decrescente";"Nublado";"Simples";"Cruzamento";"Urbano";2;0;1;0;0;1;1;2
83450421;"24/03/16";"Quinta";"17:10:00";"PR";277;"679,8";"MEDIANEIRA";"Velocidade incompatível";"Colisão traseira";"Sem Vítimas";"Pleno dia";"Decrescente";"Chuva";"Dupla";"Reta";"Rural";6;0;0;0;6;0;0;6
83450422;"24/03/16";"Quinta";"16:30:00";"MG";262;"51,7";"MANHUACU";"Falta de atenção";"Colisão traseira";"Com Vítimas Feridas";"Pleno dia";"Crescente";"Nublado";"Simples";"Reta";"Urbano";2;0;1;0;1;0;1;2
83450424;"24/03/16";"Quinta";"15:10:00";"MG";40;"515";"RIBEIRAO DAS NEVES";"Desobediência à sinalização";"Colisão traseira";"Com Vítimas Feridas";"Pleno dia";"Decrescente";"Nublado";"Dupla";"Reta";"Urbano";2;0;1;0;1;0;1;2
83450425;"24/03/16";"Quinta";"17:40:00";"SP";153;"53";"SAO JOSE DO RIO PRETO";"Outras";"Colisão com objeto fixo";"Sem Vítimas";"Pleno dia";"Crescente";"Ceu Claro";"Dupla";"Reta";"Rural";1;0;0;0;1;0;0;1
83450426;"24/03/16";"Quinta";"11:10:00";"SC";101;"208,4";"SAO JOSE";"Falta de atenção";"Colisão traseira";"Sem Vítimas";"Pleno dia";"Decrescente";"Sol";"Dupla";"Reta";"Urbano";2;0;0;0;2;0;0;2
83450427;"24/03/16";"Quinta";"15:50:00";"RJ";116;"224";"ITATIAIA";"Outras";"Colisão traseira";"Com Vítimas Feridas";"Pleno dia";"Crescente";"Ceu Claro";"Dupla";"Reta";"Urbano";2;0;1;0;1;0;1;2
83450428;"24/03/16";"Quinta";"17:00:00";"SP";116;"212";"GUARULHOS";"Não guardar distância de segurança";"Colisão lateral";"Sem Vítimas";"Plena noite";"Decrescente";"Ceu Claro";"Múltipla";"Reta";"Urbano";2;0;0;0;1;1;0;2
83450429;"24/03/16";"Quinta";"11:15:00";"MS";267;"633,1";"PORTO MURTINHO";"Outras";"Capotamento";"Com Vítimas Feridas";"Pleno dia";"Crescente";"Chuva";"Simples";"Curva";"Rural";2;0;2;0;0;0;2;1
83450430;"24/03/16";"Quinta";"14:40:00";"MA";10;"318";"ACAILANDIA";"Desobediência à sinalização";"Colisão frontal";"Com Vítimas Feridas";"Pleno dia";"Crescente";"Ceu Claro";"Simples";"Reta";"Rural";2;0;0;1;1;0;1;2
83450431;"24/03/16";"Quinta";"07:50:00";"AL";101;"17,6";"JOAQUIM GOMES";"Velocidade incompatível";"Colisão traseira";"Com Vítimas Fatais";"Pleno dia";"Crescente";"Sol";"Dupla";"Reta";"Rural";5;1;0;3;1;0;3;2
83450432;"24/03/16";"Quinta";"08:40:00";"BA";116;"818,6";"VITORIA DA CONQUISTA";"Falta de atenção";"Colisão lateral";"Com Vítimas Feridas";"Pleno dia";"Crescente";"Sol";"Simples";"Reta";"Rural";2;0;1;0;1;0;1;2
83450433;"20/03/16";"Domingo";"14:03:00";"PI";343;"4,9";"TERESINA";"Falta de atenção";"Colisão lateral";"Sem Vítimas";"Pleno dia";"Decrescente";"Ceu Claro";"Dupla";"Curva";"Urbano";2;0;0;0;2;0;0;2
83450434;"24/03/16";"Quinta";"17:00:00";"RN";101;"126";"SAO JOSE DE MIPIBU";"Outras";"Atropelamento de pessoa";"Com Vítimas Feridas";"Pleno dia";"Decrescente";"Ceu Claro";"Dupla";"Reta";"Urbano";2;0;0;1;0;1;1;1
83450435;"24/03/16";"Quinta";"14:20:00";"RO";364;"86";"VILHENA";"Falta de atenção";"Saída de Pista";"Com Vítimas Feridas";"Pleno dia";"Decrescente";"Sol";"Simples";"Reta";"Rural";5;0;0;2;3;0;2;1
83450436;"24/03/16";"Quinta";"18:10:00";"GO";40;"4,5";"VALPARAISO DE GOIAS";"Velocidade incompatível";"Colisão traseira";"Sem Vítimas";"Anoitecer";"Crescente";"Nublado";"Dupla";"Curva";"Urbano";3;0;0;0;3;0;0;3
83450437;"24/03/16";"Quinta";"12:20:00";"SC";101;"50";"JOINVILLE";"Outras";"Saída de Pista";"Com Vítimas Feridas";"Pleno dia";"Crescente";"Chuva";"Dupla";"Curva";"Urbano";1;0;1;0;0;0;1;1
83450438;"24/03/16";"Quinta";"13:40:00";"PE";232;"35";"VITORIA DE SANTO ANTAO";"Outras";"Colisão traseira";"Sem Vítimas";"Pleno dia";"Crescente";"Sol";"Dupla";"Reta";"Urbano";2;0;0;0;2;0;0;2
83450439;"24/03/16";"Quinta";"14:00:00";"MG";381;"507,3";"SAO JOAQUIM DE BICAS";"Outras";"Colisão com objeto fixo";"Sem Vítimas";"Pleno dia";"Decrescente";"Sol";"Dupla";"Reta";"Urbano";1;0;0;0;1;0;0;1
83450440;"20/03/16";"Domingo";"09:30:00";"MA";316;"361";"BACABAL";"Outras";"Colisão traseira";"Sem Vítimas";"Pleno dia";"Decrescente";"Ceu Claro";"Simples";"Reta";"Urbano";2;0;0;0;2;0;0;2
83450441;"24/03/16";"Quinta";"14:50:00";"GO";60;"206,5";"GUAPO";"Velocidade incompatível";"Saída de Pista";"Sem Vítimas";"Pleno dia";"Decrescente";"Chuva";"Dupla";"Curva";"Rural";1;0;0;0;1;0;0;1
83450442;"24/03/16";"Quinta";"18:35:00";"MG";262;"38,5";"MANHUACU";"Falta de atenção";"Colisão Transversal";"Com Vítimas Feridas";"Anoitecer";"Crescente";"Nublado";"Simples";"Reta";"Urbano";2;0;1;0;1;0;1;2
83450443;"24/03/16";"Quinta";"18:45:00";"GO";50;"280,6";"CATALAO";"Falta de atenção";"Colisão Transversal";"Sem Vítimas";"Plena noite";"Crescente";"Ceu Claro";"Simples";"Reta";"Urbano";6;0;0;0;6;0;0;2
83450444;"24/03/16";"Quinta";"13:25:00";"RO";364;"340,6";"JI-PARANA";"Falta de atenção";"Colisão traseira";"Com Vítimas Feridas";"Pleno dia";"Crescente";"Nublado";"Dupla";"Reta";"Urbano";3;0;2;0;1;0;2;2
83450445;"24/03/16";"Quinta";"13:40:00";"SC";101;"124";"ITAJAI";"Falta de atenção";"Queda de motocicleta / bicicleta / veículo";"Com Vítimas Feridas";"Pleno dia";"Crescente";"Ceu Claro";"Dupla";"Reta";"Urbano";1;0;1;0;0;0;1;1
83450446;"24/03/16";"Quinta";"15:00:00";"TO";153;"93";"WANDERLANDIA";"Desobediência à sinalização";"Colisão traseira";"Com Vítimas Feridas";"Pleno dia";"Decrescente";"Sol";"Simples";"Reta";"Rural";3;0;2;0;1;0;2;2
83450447;"19/03/16";"Sábado";"03:15:00";"DF";70;"12,5";"BRASILIA";"Outras";"Saída de Pista";"Com Vítimas Feridas";"Plena noite";"Decrescente";"Ceu Claro";"Dupla";"Reta";"Urbano";1;0;1;0;0;0;1;1
83450448;"24/03/16";"Quinta";"06:15:00";"RJ";116;"29";"SAPUCAIA";"Outras";"Colisão traseira";"Com Vítimas Feridas";"Amanhecer";"Decrescente";"Nublado";"Simples";"Curva";"Urbano";4;0;3;0;1;0;3;2
83450449;"24/03/16";"Quinta";"16:00:00";"RJ";101;"520";"ANGRA DOS REIS";"Falta de atenção";"Colisão Transversal";"Sem Vítimas";"Pleno dia";"Decrescente";"Nublado";"Simples";"Reta";"Rural";2;0;0;0;2;0;0;2
83450450;"24/03/16";"Quinta";"17:30:00";"SC";470;"228,9";"SAO CRISTOVAO DO SUL";"Velocidade incompatível";"Tombamento";"Com Vítimas Feridas";"Pleno dia";"Crescente";"Ceu Claro";"Simples";"Curva";"Rural";1;0;1;0;0;0;1;1
83450451;"24/03/16";"Quinta";"18:45:00";"GO";364;"20";"PARANAIGUARA";"Outras";"Saída de Pista";"Sem Vítimas";"Plena noite";"Crescente";"Ceu Claro";"Simples";"Reta";"Rural";1;0;0;0;1;0;0;1
83450452;"24/03/16";"Quinta";"15:50:00";"PR";369;"150,1";"LONDRINA";"Defeito mecânico em veículo";"Saída de Pista";"Com Vítimas Feridas";"Pleno dia";"Decrescente";"Ceu Claro";"Dupla";"Reta";"Urbano";1;0;1;0;0;0;1;1
83450453;"24/03/16";"Quinta";"18:10:00";"PE";232;"376";"FLORES";"Outras";"Saída de Pista";"Com Vítimas Feridas";"Plena noite";"Crescente";"Ceu Claro";"Simples";"Reta";"Rural";2;0;1;0;1;0;1;1
83450454;"21/03/16";"Segunda";"21:30:00";"SP";116;"22,4";"LAVRINHAS";"Falta de atenção";"Colisão com objeto fixo";"Sem Vítimas";"Plena noite";"Crescente";"Ceu Claro";"Dupla";"Curva";"Rural";1;0;0;0;1;0;0;1
83450455;"24/03/16";"Quinta";"18:15:00";"MG";153;"197";"FRUTAL";"Outras";"Saída de Pista";"Sem Vítimas";"Anoitecer";"Crescente";"Chuva";"Simples";"Curva";"Rural";1;0;0;0;1;0;0;1
83450456;"24/03/16";"Quinta";"19:45:00";"PR";158;"522,5";"PATO BRANCO";"Falta de atenção";"Colisão Transversal";"Sem Vítimas";"Plena noite";"Decrescente";"Chuva";"Simples";"Reta";"Urbano";2;0;0;0;2;0;0;2
83450457;"24/03/16";"Quinta";"12:45:00";"SP";116;"229";"GUARULHOS";"Não guardar distância de segurança";"Colisão traseira";"Com Vítimas Feridas";"Pleno dia";"Crescente";"Ceu Claro";"Múltipla";"Reta";"Urbano";2;0;1;0;1;0;1;2
83450458;"24/03/16";"Quinta";"10:20:00";"MG";153;"3,8";"ARAPORA";"Falta de atenção";"Queda de motocicleta / bicicleta / veículo";"Com Vítimas Feridas";"Pleno dia";"Crescente";"Ceu Claro";"Dupla";"Reta";"Urbano";1;0;1;0;0;0;1;1
83450460;"24/03/16";"Quinta";"18:45:00";"RS";468;"15,1";"PALMEIRA DAS MISSOES";"Ultrapassagem indevida";"Colisão frontal";"Com Vítimas Feridas";"Anoitecer";"Decrescente";"Nublado";"Simples";"Reta";"Rural";7;0;2;1;4;0;3;3
83450461;"24/03/16";"Quinta";"16:00:00";"MG";381;"453";"SABARA";"Dormindo";"Colisão frontal";"Sem Vítimas";"Pleno dia";"Decrescente";"Ceu Claro";"Simples";"Curva";"Urbano";2;0;0;0;2;0;0;2
83450462;"24/03/16";"Quinta";"18:30:00";"SP";116;"509";"CAJATI";"Outras";"Capotamento";"Sem Vítimas";"Plena noite";"Decrescente";"Chuva";"Dupla";"Curva";"Rural";4;0;0;0;4;0;0;1
83450464;"08/03/16";"Terça";"22:30:00";"SC";101;"219,5";"PALHOCA";"Outras";"Colisão traseira";"Sem Vítimas";"Plena noite";"Crescente";"Ceu Claro";"Dupla";"Reta";"Urbano";2;0;0;0;1;1;0;2
83450465;"24/03/16";"Quinta";"07:00:00";"RS";116;"247,1";"SAO LEOPOLDO";"Outras";"Tombamento";"Com Vítimas Feridas";"Pleno dia";"Decrescente";"Ceu Claro";"Múltipla";"Curva";"Urbano";1;0;1;0;0;0;1;1
83450466;"24/03/16";"Quinta";"20:35:00";"SC";101;"189,5";"BIGUACU";"Não guardar distância de segurança";"Colisão traseira";"Com Vítimas Feridas";"Plena noite";"Crescente";"Ceu Claro";"Dupla";"Reta";"Urbano";2;0;0;1;1;0;1;2
83450467;"24/03/16";"Quinta";"19:00:00";"MS";163;"316";"RIO BRILHANTE";"Defeito na via";"Colisão lateral";"Sem Vítimas";"Plena noite";"Decrescente";"Chuva";"Simples";"Cruzamento";"Rural";2;0;0;0;2;0;0;2
83450468;"21/03/16";"Segunda";"01:50:00";"RN";101;"123,6";"SAO JOSE DE MIPIBU";"Outras";"Colisão frontal";"Com Vítimas Feridas";"Plena noite";"Decrescente";"Ceu Claro";"Múltipla";"Reta";"Urbano";2;0;0;2;0;0;2;2
83450469;"24/03/16";"Quinta";"19:20:00";"CE";116;"54";"PACAJUS";"Não guardar distância de segurança";"Colisão traseira";"Com Vítimas Feridas";"Plena noite";"Crescente";"Ceu Claro";"Dupla";"Reta";"Rural";2;0;1;0;1;0;1;2
83450470;"24/03/16";"Quinta";"16:00:00";"SC";282;"131";"BOM RETIRO";"Ultrapassagem indevida";"Colisão traseira";"Com Vítimas Feridas";"Pleno dia";"Crescente";"Ceu Claro";"Simples";"Reta";"Rural";6;0;5;0;1;0;5;2
83450471;"24/03/16";"Quinta";"19:20:00";"RS";116;"251,1";"SAPUCAIA DO SUL";"Falta de atenção";"Colisão traseira";"Sem Vítimas";"Plena noite";"Decrescente";"Nublado";"Dupla";"Reta";"Urbano";3;0;0;0;3;0;0;3
83450472;"24/03/16";"Quinta";"19:30:00";"PR";376;"175,2";"MARINGA";"Falta de atenção";"Colisão traseira";"Sem Vítimas";"Plena noite";"Crescente";"Chuva";"Dupla";"Cruzamento";"Urbano";2;0;0;0;2;0;0;2
83450473;"24/03/16";"Quinta";"17:20:00";"ES";101;"231,1";"FUNDAO";"Outras";"Colisão Transversal";"Com Vítimas Feridas";"Anoitecer";"Decrescente";"Ceu Claro";"Simples";"Curva";"Urbano";3;0;0;2;1;0;2;2
83450474;"24/03/16";"Quinta";"19:30:00";"SC";470;"237,1";"SAO CRISTOVAO DO SUL";"Falta de atenção";"Colisão traseira";"Sem Vítimas";"Plena noite";"Decrescente";"Nublado";"Simples";"Reta";"Rural";2;0;0;0;2;0;0;2
83450475;"24/03/16";"Quinta";"18:50:00";"RO";364;"235,7";"CACOAL";"Desobediência à sinalização";"Colisão Transversal";"Com Vítimas Feridas";"Anoitecer";"Crescente";"Nublado";"Simples";"Reta";"Urbano";3;0;1;0;2;0;1;2
83450476;"20/03/16";"Domingo";"18:35:00";"MT";163;"684";"LUCAS DO RIO VERDE";"Ingestão de álcool";"Queda de motocicleta / bicicleta / veículo";"Sem Vítimas";"Plena noite";"Decrescente";"Nublado";"Simples";"Cruzamento";"Urbano";1;0;0;0;1;0;0;1
83450477;"24/03/16";"Quinta";"08:00:00";"MG";153;"58";"MONTE ALEGRE DE MINAS";"Velocidade incompatível";"Tombamento";"Sem Vítimas";"Pleno dia";"Crescente";"Nublado";"Dupla";"Curva";"Rural";1;0;0;0;1;0;0;1
83450478;"13/03/16";"Domingo";"01:30:00";"SC";101;"242,5";"PALHOCA";"Outras";"Queda de motocicleta / bicicleta / veículo";"Com Vítimas Feridas";"Plena noite";"Decrescente";"Ceu Claro";"Dupla";"Reta";"Urbano";2;0;1;0;0;1;1;1
83450479;"24/03/16";"Quinta";"18:50:00";"RJ";116;"309";"RESENDE";"Outras";"Colisão com objeto fixo";"Sem Vítimas";"Plena noite";"Decrescente";"Chuva";"Dupla";"Reta";"Rural";1;0;0;0;1;0;0;1
83450480;"24/03/16";"Quinta";"15:30:00";"MS";262;"534";"MIRANDA";"Outras";"Saída de Pista";"Com Vítimas Feridas";"Pleno dia";"Crescente";"Chuva";"Simples";"Reta";"Rural";2;0;1;1;0;0;2;1
83450481;"24/03/16";"Quinta";"17:10:00";"PE";424;"83,5";"GARANHUNS";"Ultrapassagem indevida";"Colisão traseira";"Sem Vítimas";"Pleno dia";"Crescente";"Ceu Claro";"Simples";"Reta";"Rural";2;0;0;0;1;1;0;2
83450482;"24/03/16";"Quinta";"14:40:00";"PR";277;"240,4";"IRATI";"Outras";"Colisão lateral";"Sem Vítimas";"Pleno dia";"Decrescente";"Nublado";"Simples";"Reta";"Rural";2;0;0;0;2;0;0;2
83450483;"24/03/16";"Quinta";"12:50:00";"RJ";393;"114,3";"SAPUCAIA";"Velocidade incompatível";"Tombamento";"Com Vítimas Fatais";"Pleno dia";"Decrescente";"Sol";"Simples";"Curva";"Rural";1;1;0;0;0;0;0;1
83450484;"29/02/16";"Segunda";"15:10:00";"PR";476;"154,5";"ARAUCARIA";"Velocidade incompatível";"Colisão traseira";"Com Vítimas Feridas";"Pleno dia";"Decrescente";"Sol";"Dupla";"Reta";"Urbano";2;0;1;0;1;0;1;2
83450485;"24/03/16";"Quinta";"17:40:00";"PR";272;"546";"TERRA ROXA";"Outras";"Incêndio";"Sem Vítimas";"Anoitecer";"Decrescente";"Chuva";"Simples";"Reta";"Rural";2;0;0;0;2;0;0;1
83450486;"24/03/16";"Quinta";"20:10:00";"MG";40;"275";"TRES MARIAS";"Falta de atenção";"Colisão Transversal";"Com Vítimas Feridas";"Plena noite";"Crescente";"Ceu Claro";"Simples";"Reta";"Urbano";4;0;2;0;2;0;2;2
83450487;"24/03/16";"Quinta";"17:15:00";"PR";153;"449";"UNIAO DA VITORIA";"Outras";"Saída de Pista";"Sem Vítimas";"Pleno dia";"Decrescente";"Chuva";"Simples";"Curva";"Rural";1;0;0;0;1;0;0;1
83450488;"24/03/16";"Quinta";"20:15:00";"MG";135;"369";"MONTES CLAROS";"Falta de atenção";"Queda de motocicleta / bicicleta / veículo";"Com Vítimas Feridas";"Plena noite";"Decrescente";"Nublado";"Dupla";"Reta";"Urbano";1;0;0;1;0;0;1;1
83450489;"20/03/16";"Domingo";"04:00:00";"MA";230;"14";"BARAO DE GRAJAU";"Outras";"Saída de Pista";"Sem Vítimas";"Amanhecer";"Decrescente";"Nublado";"Simples";"Reta";"Rural";1;0;0;0;1;0;0;1
83450490;"24/03/16";"Quinta";"15:59:00";"BA";101;"259";"SANTO ANTONIO DE JESUS";"Falta de atenção";"Colisão Transversal";"Sem Vítimas";"Pleno dia";"Crescente";"Ceu Claro";"Simples";"Reta";"Rural";2;0;0;0;2;0;0;2
83450491;"24/03/16";"Quinta";"18:46:00";"PR";476;"338";"PAULA FREITAS";"Falta de atenção";"Colisão lateral";"Com Vítimas Feridas";"Pleno dia";"Decrescente";"Chuva";"Simples";"Reta";"Rural";2;0;1;0;1;0;1;2
83450492;"24/03/16";"Quinta";"06:10:00";"ES";101;"286";"CARIACICA";"Defeito na via";"Queda de motocicleta / bicicleta / veículo";"Com Vítimas Feridas";"Pleno dia";"Crescente";"Nublado";"Dupla";"Reta";"Urbano";1;0;1;0;0;0;1;1
83450493;"24/03/16";"Quinta";"17:30:00";"PR";467;"92";"CASCAVEL";"Velocidade incompatível";"Capotamento";"Sem Vítimas";"Pleno dia";"Crescente";"Chuva";"Dupla";"Curva";"Rural";1;0;0;0;1;0;0;1
83450494;"24/03/16";"Quinta";"18:30:00";"CE";222;"143,6";"IRAUCUBA";"Falta de atenção";"Colisão traseira";"Com Vítimas Feridas";"Plena noite";"Crescente";"Ceu Claro";"Simples";"Reta";"Rural";3;0;1;0;2;0;1;3
83450495;"24/03/16";"Quinta";"20:30:00";"MG";116;"516";"UBAPORANGA";"Outras";"Colisão com objeto fixo";"Sem Vítimas";"Plena noite";"Crescente";"Ceu Claro";"Simples";"Reta";"Rural";1;0;0;0;1;0;0;1
83450497;"23/03/16";"Quarta";"16:34:00";"PE";407;"128,9";"PETROLINA";"Desobediência à sinalização";"Colisão Transversal";"Com Vítimas Feridas";"Pleno dia";"Crescente";"Ceu Claro";"Simples";"Cruzamento";"Urbano";2;0;0;1;1;0;1;2
83450499;"24/03/16";"Quinta";"19:20:00";"PR";277;"100";"CURITIBA";"Não guardar distância de segurança";"Colisão traseira";"Sem Vítimas";"Anoitecer";"Crescente";"Nublado";"Dupla";"Reta";"Rural";9;0;0;0;9;0;0;4
83450500;"24/03/16";"Quinta";"15:30:00";"PE";428;"187";"PETROLINA";"Falta de atenção";"Colisão lateral";"Com Vítimas Feridas";"Pleno dia";"Decrescente";"Ceu Claro";"Simples";"Reta";"Urbano";3;0;1;0;2;0;1;2
83450501;"24/03/16";"Quinta";"12:30:00";"RJ";393;"169,7";"TRES RIOS";"Outras";"Tombamento";"Com Vítimas Feridas";"Pleno dia";"Crescente";"Ceu Claro";"Simples";"Reta";"Rural";1;0;1;0;0;0;1;1
83450502;"24/03/16";"Quinta";"20:30:00";"PE";428;"185";"PETROLINA";"Falta de atenção";"Colisão Transversal";"Sem Vítimas";"Plena noite";"Crescente";"Ceu Claro";"Simples";"Reta";"Rural";2;0;0;0;2;0;0;2
83450503;"12/03/16";"Sábado";"22:30:00";"SC";101;"232,5";"PALHOCA";"Outras";"Colisão com objeto fixo";"Ignorado";"Plena noite";"Decrescente";"Nublado";"Dupla";"Curva";"Urbano";1;0;0;0;0;1;0;1
83450504;"24/03/16";"Quinta";"08:15:00";"PR";376;"179,4";"MARINGA";"Falta de atenção";"Colisão traseira";"Com Vítimas Feridas";"Pleno dia";"Crescente";"Nublado";"Dupla";"Reta";"Urbano";2;0;1;0;1;0;1;2
83450505;"01/03/16";"Terça";"02:30:00";"AL";104;"48";"BRANQUINHA";"Animais na Pista";"Atropelamento de animal";"Sem Vítimas";"Plena noite";"Decrescente";"Nublado";"Simples";"Reta";"Rural";1;0;0;0;1;0;0;1
83450506;"24/03/16";"Quinta";"18:40:00";"PB";230;"113";"INGA";"Defeito mecânico em veículo";"Queda de motocicleta / bicicleta / veículo";"Com Vítimas Feridas";"Plena noite";"Crescente";"Ceu Claro";"Dupla";"Reta";"Rural";2;0;2;0;0;0;2;1
83450507;"24/03/16";"Quinta";"18:15:00";"MS";163;"271";"DOURADOS";"Outras";"Colisão com bicicleta";"Com Vítimas Fatais";"Plena noite";"Crescente";"Nublado";"Dupla";"Reta";"Rural";2;1;0;0;0;1;0;2
83450510;"24/03/16";"Quinta";"08:15:00";"GO";60;"221,3";"CEZARINA";"Defeito na via";"Saída de Pista";"Sem Vítimas";"Pleno dia";"Decrescente";"Nublado";"Dupla";"Reta";"Rural";1;0;0;0;1;0;0;1
83450511;"24/03/16";"Quinta";"17:20:00";"BA";110;"231";"OLINDINA";"Defeito na via";"Saída de Pista";"Com Vítimas Feridas";"Anoitecer";"Decrescente";"Ceu Claro";"Simples";"Reta";"Rural";5;0;0;2;3;0;2;1
83450512;"24/03/16";"Quinta";"10:40:00";"MG";381;"451";"SABARA";"Ultrapassagem indevida";"Colisão frontal";"Com Vítimas Fatais";"Pleno dia";"Crescente";"Chuva";"Simples";"Reta";"Urbano";2;1;0;0;1;0;0;2
83450513;"04/03/16";"Sexta";"23:35:00";"SC";101;"215";"PALHOCA";"Outras";"Queda de motocicleta / bicicleta / veículo";"Com Vítimas Feridas";"Plena noite";"Decrescente";"Ceu Claro";"Dupla";"Curva";"Urbano";2;0;2;0;0;0;2;1
83450514;"24/03/16";"Quinta";"07:45:00";"PR";467;"71,5";"TOLEDO";"Dormindo";"Tombamento";"Com Vítimas Feridas";"Pleno dia";"Decrescente";"Nublado";"Dupla";"Reta";"Urbano";1;0;1;0;0;0;1;1
83450515;"24/03/16";"Quinta";"18:30:00";"MG";262;"18,2";"REDUTO";"Desobediência à sinalização";"Colisão frontal";"Sem Vítimas";"Anoitecer";"Decrescente";"Ceu Claro";"Simples";"Reta";"Rural";2;0;0;0;2;0;0;2
83450516;"24/03/16";"Quinta";"15:50:00";"CE";20;"414,6";"MARACANAU";"Outras";"Colisão lateral";"Sem Vítimas";"Pleno dia";"Crescente";"Ceu Claro";"Simples";"Cruzamento";"Urbano";2;0;0;0;2;0;0;2
83450517;"24/03/16";"Quinta";"18:40:00";"SP";116;"149,6";"SAO JOSE DOS CAMPOS";"Não guardar distância de segurança";"Colisão lateral";"Com Vítimas Feridas";"Plena noite";"Crescente";"Nublado";"Dupla";"Reta";"Urbano";2;0;1;0;1;0;1;2
83450518;"20/03/16";"Domingo";"15:45:00";"GO";40;"14";"LUZIANIA";"Falta de atenção";"Colisão Transversal";"Com Vítimas Feridas";"Pleno dia";"Decrescente";"Ceu Claro";"Dupla";"Reta";"Urbano";4;0;1;0;3;0;1;2
83450519;"24/03/16";"Quinta";"22:07:00";"PR";277;"0,5";"PARANAGUA";"Falta de atenção";"Colisão com bicicleta";"Com Vítimas Feridas";"Plena noite";"Decrescente";"Chuva";"Dupla";"Reta";"Urbano";3;0;1;1;0;1;2;2