"id";"data_inversa";"dia_semana";"horario";"uf";"br";"km";"municipio";"causa_acidente";"tipo_acidente";"classificacao_acidente";"fase_dia";"sentido_via";"condicao_metereologica";"tipo_pista";"tracado_via";"uso_solo";"pessoas";"mortos";"feridos_leves";"feridos_graves";"ilesos";"ignorados";"feridos";"veiculos"
83450520;"24/03/16";"Quinta";"18:15:00";"PR";376;"167,9";"MARINGA";"Outras";"Queda de motocicleta / bicicleta / veículo";"Com Vítimas Feridas";"Plena noite";"Decrescente";"Nublado";"Dupla";"Reta";"Rural";2;0;1;0;1;0;1;2
83450521;"24/03/16";"Quinta";"20:05:00";"MS";267;"28";"BATAGUASSU";"Ingestão de álcool";"Colisão com bicicleta";"Com Vítimas Feridas";"Plena noite";"Decrescente";"Chuva";"Dupla";"Reta";"Urbano";2;0;0;1;0;1;1;2
83450522;"24/03/16";"Quinta";"13:00:00";"MG";251;"282,4";"SALINAS";"Falta de atenção";"Colisão traseira";"Sem Vítimas";"Pleno dia";"Crescente";"Sol";"Simples";"Reta";"Rural";2;0;0;0;2;0;0;2
83450523;"24/03/16";"Quinta";"13:50:00";"MS";163;"499";"JARAGUARI";"Defeito mecânico em veículo";"Colisão frontal";"Com Vítimas Feridas";"Pleno dia";"Crescente";"Chuva";"Simples";"Curva";"Rural";6;0;1;1;4;0;2;2
83450524;"24/03/16";"Quinta";"19:40:00";"SC";101;"6,5";"GARUVA";"Não guardar distância de segurança";"Colisão traseira";"Com Vítimas Feridas";"Plena noite";"Crescente";"Chuva";"Dupla";"Reta";"Rural";6;0;2;0;4;0;2;4
83450525;"24/03/16";"Quinta";"18:00:00";"MG";381;"727,9";"CARMO DA CACHOEIRA";"Falta de atenção";"Colisão Transversal";"Sem Vítimas";"Anoitecer";"Crescente";"Ignorada";"Dupla";"Reta";"Rural";2;0;0;0;2;0;0;2
83450526;"24/03/16";"Quinta";"10:30:00";"RJ";101;"433";"MANGARATIBA";"Outras";"Colisão frontal";"Com Vítimas Feridas";"Pleno dia";"Crescente";"Ceu Claro";"Simples";"Curva";"Urbano";3;0;2;0;1;0;2;2
83450527;"24/03/16";"Quinta";"16:10:00";"MG";116;"705";"MURIAE";"Defeito mecânico em veículo";"Queda de motocicleta / bicicleta / veículo";"Com Vítimas Feridas";"Pleno dia";"Decrescente";"Ceu Claro";"Simples";"Reta";"Urbano";2;0;2;0;0;0;2;1
83450528;"24/03/16";"Quinta";"22:35:00";"ES";262;"2,2";"CARIACICA";"Não guardar distância de segurança";"Colisão traseira";"Sem Vítimas";"Plena noite";"Crescente";"Nublado";"Dupla";"Reta";"Urbano";3;0;0;0;3;0;0;3
83450529;"21/03/16";"Segunda";"18:10:00";"MS";163;"572,2";"BANDEIRANTES";"Defeito mecânico em veículo";"Saída de Pista";"Com Vítimas Feridas";"Anoitecer";"Decrescente";"Ceu Claro";"Simples";"Reta";"Rural";4;0;1;3;0;0;4;1
83450530;"24/03/16";"Quinta";"19:00:00";"BA";415;"18";"ILHEUS";"Falta de atenção";"Colisão frontal";"Com Vítimas Feridas";"Plena noite";"Decrescente";"Ceu Claro";"Simples";"Reta";"Rural";3;0;0;1;2;0;1;3
83450531;"12/03/16";"Sábado";"07:45:00";"SC";101;"214";"PALHOCA";"Ingestão de álcool";"Colisão traseira";"Sem Vítimas";"Pleno dia";"Decrescente";"Ceu Claro";"Dupla";"Cruzamento";"Urbano";2;0;0;0;2;0;0;2
83450532;"24/03/16";"Quinta";"17:30:00";"SP";116;"228";"SAO PAULO";"Falta de atenção";"Colisão lateral";"Sem Vítimas";"Pleno dia";"Decrescente";"Nublado";"Múltipla";"Reta";"Urbano";2;0;0;0;2;0;0;2
83450533;"24/03/16";"Quinta";"16:20:00";"PR";153;"310,5";"IMBITUVA";"Ultrapassagem indevida";"Colisão com objeto fixo";"Com Vítimas Fatais";"Pleno dia";"Decrescente";"Nublado";"Simples";"Curva";"Rural";1;1;0;0;0;0;0;1
83450534;"24/03/16";"Quinta";"15:08:00";"RO";319;"62";"PORTO VELHO";"Falta de atenção";"Colisão Transversal";"Com Vítimas Feridas";"Pleno dia";"Decrescente";"Sol";"Múltipla";"Cruzamento";"Urbano";2;0;1;0;1;0;1;2
83450535;"19/03/16";"Sábado";"19:15:00";"ES";101;"144,9";"LINHARES";"Ingestão de álcool";"Colisão traseira";"Sem Vítimas";"Plena noite";"Decrescente";"Ceu Claro";"Múltipla";"Reta";"Urbano";3;0;0;0;3;0;0;3
83450536;"24/03/16";"Quinta";"10:30:00";"MG";262;"419";"PARA DE MINAS";"Velocidade incompatível";"Saída de Pista";"Sem Vítimas";"Pleno dia";"Crescente";"Chuva";"Dupla";"Curva";"Rural";1;0;0;0;1;0;0;1
83450537;"24/03/16";"Quinta";"23:30:00";"PR";277;"722";"FOZ DO IGUACU";"Ingestão de álcool";"Saída de Pista";"Sem Vítimas";"Plena noite";"Decrescente";"Chuva";"Dupla";"Reta";"Urbano";1;0;0;0;1;0;0;1
83450538;"20/03/16";"Domingo";"17:30:00";"GO";153;"495";"GOIANIA";"Outras";"Colisão traseira";"Sem Vítimas";"Pleno dia";"Crescente";"Ceu Claro";"Dupla";"Reta";"Urbano";2;0;0;0;2;0;0;2
83450539;"24/03/16";"Quinta";"20:30:00";"PR";163;"15";"BOM JESUS DO SUL";"Outras";"Saída de Pista";"Com Vítimas Feridas";"Plena noite";"Crescente";"Chuva";"Simples";"Curva";"Rural";1;0;1;0;0;0;1;1
83450540;"24/03/16";"Quinta";"13:20:00";"RS";470;"232,3";"CARLOS BARBOSA";"Outras";"Saída de Pista";"Com Vítimas Fatais";"Pleno dia";"Crescente";"Ceu Claro";"Simples";"Curva";"Rural";3;1;0;2;0;0;2;2
83450541;"24/03/16";"Quinta";"22:45:00";"PR";277;"518,1";"GUARANIACU";"Não guardar distância de segurança";"Colisão traseira";"Com Vítimas Feridas";"Plena noite";"Crescente";"Chuva";"Simples";"Reta";"Rural";3;0;1;0;2;0;1;2
83450542;"24/03/16";"Quinta";"22:40:00";"SC";101;"209,4";"SAO JOSE";"Outras";"Colisão traseira";"Sem Vítimas";"Plena noite";"Decrescente";"Ceu Claro";"Múltipla";"Reta";"Urbano";2;0;0;0;2;0;0;2
83450543;"24/03/16";"Quinta";"22:30:00";"SP";116;"562,3";"BARRA DO TURVO";"Velocidade incompatível";"Tombamento";"Sem Vítimas";"Plena noite";"Crescente";"Chuva";"Dupla";"Curva";"Rural";1;0;0;0;1;0;0;1
83450544;"24/03/16";"Quinta";"23:00:00";"SC";101;"110,3";"PENHA";"Velocidade incompatível";"Colisão Transversal";"Com Vítimas Feridas";"Plena noite";"Crescente";"Chuva";"Dupla";"Curva";"Rural";3;0;1;0;2;0;1;2
83450545;"24/03/16";"Quinta";"22:55:00";"RJ";101;"333";"RIO DE JANEIRO";"Outras";"Colisão traseira";"Com Vítimas Feridas";"Plena noite";"Crescente";"Ceu Claro";"Dupla";"Reta";"Urbano";2;0;1;0;1;0;1;2
83450546;"24/03/16";"Quinta";"23:01:00";"RJ";101;"333";"RIO DE JANEIRO";"Outras";"Colisão traseira";"Com Vítimas Feridas";"Plena noite";"Decrescente";"Ceu Claro";"Dupla";"Reta";"Urbano";4;0;2;0;2;0;2;3
83450547;"24/03/16";"Quinta";"15:55:00";"MT";70;"362";"CAMPO VERDE";"Outras";"Tombamento";"Sem Vítimas";"Anoitecer";"Decrescente";"Nublado";"Simples";"Reta";"Rural";2;0;0;0;2;0;0;1
83450548;"24/03/16";"Quinta";"21:50:00";"BA";116;"616,2";"JAGUAQUARA";"Velocidade incompatível";"Colisão Transversal";"Com Vítimas Feridas";"Plena noite";"Decrescente";"Ceu Claro";"Simples";"Reta";"Rural";9;0;2;0;7;0;2;2
83450549;"24/03/16";"Quinta";"19:00:00";"MT";70;"62,3";"BARRA DO GARCAS";"Animais na Pista";"Atropelamento de animal";"Com Vítimas Feridas";"Anoitecer";"Crescente";"Ceu Claro";"Simples";"Curva";"Rural";2;0;1;0;1;0;1;1
83450550;"25/03/16";"Sexta";"01:00:00";"RJ";101;"321";"NITEROI";"Outras";"Colisão com objeto fixo";"Ignorado";"Plena noite";"Crescente";"Ceu Claro";"Dupla";"Reta";"Urbano";1;0;0;0;0;1;0;1
83450551;"24/03/16";"Quinta";"22:50:00";"PR";376;"183";"SARANDI";"Desobediência à sinalização";"Colisão Transversal";"Com Vítimas Feridas";"Plena noite";"Decrescente";"Chuva";"Dupla";"Reta";"Urbano";3;0;0;2;1;0;2;2
83450552;"24/03/16";"Quinta";"23:50:00";"RS";386;"143";"SARANDI";"Ingestão de álcool";"Colisão lateral";"Sem Vítimas";"Plena noite";"Decrescente";"Chuva";"Simples";"Reta";"Rural";4;0;0;0;4;0;0;2
83450553;"24/03/16";"Quinta";"22:30:00";"MG";381;"682,5";"PERDOES";"Falta de atenção";"Colisão com bicicleta";"Sem Vítimas";"Plena noite";"Crescente";"Nublado";"Dupla";"Reta";"Rural";2;0;0;0;1;1;0;2
83450554;"24/03/16";"Quinta";"18:00:00";"RO";364;"386";"OURO PRETO DO OESTE";"Falta de atenção";"Colisão Transversal";"Com Vítimas Feridas";"Pleno dia";"Crescente";"Nublado";"Simples";"Reta";"Urbano";3;0;1;0;2;0;1;2
83450555;"24/03/16";"Quinta";"21:40:00";"GO";364;"270";"MINEIROS";"Defeito na via";"Saída de Pista";"Com Vítimas Feridas";"Plena noite";"Decrescente";"Ignorada";"Simples";"Reta";"Rural";4;0;1;0;3;0;1;1
83450556;"24/03/16";"Quinta";"23:00:00";"SC";470;"250,9";"CURITIBANOS";"Desobediência à sinalização";"Colisão Transversal";"Sem Vítimas";"Plena noite";"Crescente";"Nublado";"Simples";"Cruzamento";"Urbano";2;0;0;0;2;0;0;2
83450557;"24/03/16";"Quinta";"16:30:00";"PR";369;"172";"ROLANDIA";"Falta de atenção";"Colisão lateral";"Com Vítimas Feridas";"Pleno dia";"Crescente";"Nublado";"Simples";"Cruzamento";"Urbano";2;0;1;0;1;0;1;2
83450558;"20/03/16";"Domingo";"17:40:00";"BA";418;"93";"NOVA VICOSA";"Falta de atenção";"Colisão com bicicleta";"Com Vítimas Feridas";"Anoitecer";"Crescente";"Ceu Claro";"Simples";"Reta";"Rural";2;0;1;0;1;0;1;2
83450559;"04/03/16";"Sexta";"08:30:00";"RS";116;"260";"CANOAS";"Falta de atenção";"Colisão lateral";"Sem Vítimas";"Pleno dia";"Decrescente";"Ceu Claro";"Dupla";"Reta";"Urbano";2;0;0;0;2;0;0;2
83450560;"25/03/16";"Sexta";"02:05:00";"RS";386;"437,8";"NOVA SANTA RITA";"Desobediência à sinalização";"Colisão Transversal";"Com Vítimas Feridas";"Plena noite";"Crescente";"Nublado";"Dupla";"Cruzamento";"Urbano";2;0;1;1;0;0;2;2
83450561;"24/03/16";"Quinta";"08:00:00";"BA";101;"666,8";"ITAPEBI";"Velocidade incompatível";"Saída de Pista";"Com Vítimas Feridas";"Pleno dia";"Decrescente";"Chuva";"Simples";"Curva";"Rural";4;0;3;0;1;0;3;1
83450562;"25/03/16";"Sexta";"01:15:00";"GO";40;"6";"VALPARAISO DE GOIAS";"Dormindo";"Colisão com objeto fixo";"Sem Vítimas";"Plena noite";"Crescente";"Ceu Claro";"Dupla";"Reta";"Urbano";1;0;0;0;1;0;0;1
83450563;"24/03/16";"Quinta";"20:00:00";"PR";277;"725";"FOZ DO IGUACU";"Velocidade incompatível";"Saída de Pista";"Sem Vítimas";"Plena noite";"Crescente";"Chuva";"Dupla";"Reta";"Urbano";1;0;0;0;1;0;0;1
83450564;"24/03/16";"Quinta";"10:00:00";"GO";153;"500,2";"GOIANIA";"Não guardar distância de segurança";"Colisão traseira";"Com Vítimas Feridas";"Pleno dia";"Crescente";"Ceu Claro";"Dupla";"Reta";"Urbano";2;0;1;0;1;0;1;2
83450565;"24/03/16";"Quinta";"08:20:00";"GO";60;"257,5";"INDIARA";"Defeito mecânico em veículo";"Capotamento";"Com Vítimas Feridas";"Pleno dia";"Decrescente";"Chuva";"Dupla";"Reta";"Rural";5;0;3;1;1;0;4;1
83450567;"24/03/16";"Quinta";"22:00:00";"BA";116;"389";"SANTA BARBARA";"Falta de atenção";"Colisão Transversal";"Sem Vítimas";"Plena noite";"Decrescente";"Ceu Claro";"Simples";"Reta";"Urbano";2;0;0;0;2;0;0;2
83450568;"20/03/16";"Domingo";"17:45:00";"RS";287;"321,6";"SAO VICENTE DO SUL";"Outras";"Saída de Pista";"Com Vítimas Feridas";"Anoitecer";"Decrescente";"Chuva";"Simples";"Reta";"Rural";1;0;1;0;0;0;1;1
83450569;"24/03/16";"Quinta";"21:15:00";"BA";324;"517";"FEIRA DE SANTANA";"Desobediência à sinalização";"Colisão Transversal";"Com Vítimas Feridas";"Plena noite";"Crescente";"Ceu Claro";"Simples";"Reta";"Urbano";2;0;1;0;1;0;1;2
83450570;"24/03/16";"Quinta";"14:00:00";"PB";412;"7,9";"BOA VISTA";"Não guardar distância de segurança";"Saída de Pista";"Sem Vítimas";"Pleno dia";"Decrescente";"Ceu Claro";"Simples";"Reta";"Rural";1;0;0;0;1;0;0;1
83450572;"24/03/16";"Quinta";"17:57:00";"MS";262;"343,6";"CAMPO GRANDE";"Falta de atenção";"Colisão Transversal";"Sem Vítimas";"Anoitecer";"Crescente";"Chuva";"Simples";"Reta";"Rural";3;0;0;0;3;0;0;2
83450573;"24/03/16";"Quinta";"21:10:00";"SP";153;"43";"ONDA VERDE";"Defeito mecânico em veículo";"Queda de motocicleta / bicicleta / veículo";"Com Vítimas Feridas";"Plena noite";"Decrescente";"Nublado";"Simples";"Reta";"Rural";2;0;1;0;1;0;1;1
83450574;"24/03/16";"Quinta";"22:00:00";"SP";116;"34";"CRUZEIRO";"Velocidade incompatível";"Saída de Pista";"Sem Vítimas";"Plena noite";"Decrescente";"Chuva";"Simples";"Curva";"Rural";1;0;0;0;1;0;0;1
83450575;"25/03/16";"Sexta";"01:30:00";"ES";101;"264,4";"SERRA";"Dormindo";"Colisão com objeto fixo";"Com Vítimas Feridas";"Plena noite";"Crescente";"Ceu Claro";"Múltipla";"Curva";"Urbano";1;0;1;0;0;0;1;1
83450576;"25/03/16";"Sexta";"03:40:00";"PR";376;"97,9";"PARANAVAI";"Outras";"Colisão com objeto fixo";"Sem Vítimas";"Plena noite";"Decrescente";"Chuva";"Simples";"Reta";"Rural";1;0;0;0;1;0;0;1
83450577;"25/03/16";"Sexta";"02:00:00";"MT";174;"300";"PONTES E LACERDA";"Animais na Pista";"Atropelamento de animal";"Sem Vítimas";"Plena noite";"Crescente";"Nublado";"Simples";"Reta";"Rural";4;0;0;0;4;0;0;1
83450578;"25/03/16";"Sexta";"03:00:00";"TO";153;"152,8";"ARAGUAINA";"Velocidade incompatível";"Saída de Pista";"Sem Vítimas";"Plena noite";"Decrescente";"Chuva";"Simples";"Curva";"Rural";3;0;0;0;3;0;0;1
83450579;"24/03/16";"Quinta";"19:30:00";"PR";369;"202";"APUCARANA";"Desobediência à sinalização";"Colisão Transversal";"Com Vítimas Feridas";"Plena noite";"Decrescente";"Chuva";"Dupla";"Cruzamento";"Urbano";3;0;2;0;1;0;2;2
83450580;"25/03/16";"Sexta";"02:30:00";"PR";476;"197";"LAPA";"Ingestão de álcool";"Colisão com objeto fixo";"Sem Vítimas";"Plena noite";"Decrescente";"Chuva";"Simples";"Cruzamento";"Urbano";1;0;0;0;1;0;0;1
83450581;"24/03/16";"Quinta";"18:45:00";"BA";101;"185";"SAO GONCALO DOS CAMPOS";"Outras";"Colisão frontal";"Com Vítimas Feridas";"Plena noite";"Decrescente";"Nublado";"Simples";"Reta";"Rural";2;0;1;0;1;0;1;2
83450582;"24/03/16";"Quinta";"11:30:00";"PB";230;"31";"BAYEUX";"Desobediência à sinalização";"Colisão lateral";"Sem Vítimas";"Pleno dia";"Decrescente";"Sol";"Dupla";"Reta";"Urbano";3;0;0;0;2;1;0;3
83450583;"24/03/16";"Quinta";"19:00:00";"SP";153;"173,7";"GUAICARA";"Falta de atenção";"Colisão com objeto fixo";"Com Vítimas Feridas";"Plena noite";"Crescente";"Chuva";"Simples";"Reta";"Rural";2;0;2;0;0;0;2;1
83450584;"24/03/16";"Quinta";"13:00:00";"RN";304;"295,2";"MACAIBA";"Outras";"Colisão Transversal";"Com Vítimas Feridas";"Pleno dia";"Crescente";"Sol";"Simples";"Reta";"Urbano";3;0;0;3;0;0;3;2
83450585;"24/03/16";"Quinta";"18:45:00";"PR";376;"114,3";"ALTO PARANA";"Outras";"Colisão frontal";"Com Vítimas Fatais";"Anoitecer";"Decrescente";"Chuva";"Simples";"Reta";"Rural";5;1;0;4;0;0;4;2
83450586;"24/03/16";"Quinta";"10:10:00";"SP";116;"480,2";"JACUPIRANGA";"Falta de atenção";"Saída de Pista";"Com Vítimas Feridas";"Pleno dia";"Decrescente";"Nublado";"Dupla";"Reta";"Rural";2;0;0;2;0;0;2;1
83450587;"25/03/16";"Sexta";"04:45:00";"RS";116;"153";"CAXIAS DO SUL";"Falta de atenção";"Colisão traseira";"Sem Vítimas";"Plena noite";"Decrescente";"Ceu Claro";"Múltipla";"Cruzamento";"Urbano";2;0;0;0;1;1;0;2
83450588;"24/03/16";"Quinta";"07:10:00";"SP";116;"567,7";"BARRA DO TURVO";"Velocidade incompatível";"Colisão com objeto fixo";"Sem Vítimas";"Pleno dia";"Decrescente";"Chuva";"Dupla";"Curva";"Rural";1;0;0;0;1;0;0;1
83450589;"24/03/16";"Quinta";"19:00:00";"SP";116;"565,5";"BARRA DO TURVO";"Velocidade incompatível";"Colisão com objeto fixo";"Sem Vítimas";"Plena noite";"Crescente";"Chuva";"Dupla";"Curva";"Rural";1;0;0;0;1;0;0;1
83450590;"24/03/16";"Quinta";"07:50:00";"SP";116;"212";"GUARULHOS";"Falta de atenção";"Capotamento";"Sem Vítimas";"Pleno dia";"Crescente";"Sol";"Múltipla";"Reta";"Urbano";1;0;0;0;1;0;0;1
83450591;"25/03/16";"Sexta";"03:00:00";"SP";116;"559,9";"BARRA DO TURVO";"Velocidade incompatível";"Saída de Pista";"Sem Vítimas";"Plena noite";"Crescente";"Chuva";"Dupla";"Reta";"Rural";1;0;0;0;1;0;0;1
83450592;"24/03/16";"Quinta";"19:30:00";"MS";262;"369,9";"TERENOS";"Animais na Pista";"Atropelamento de animal";"Sem Vítimas";"Plena noite";"Crescente";"Chuva";"Simples";"Reta";"Rural";3;0;0;0;3;0;0;1
83450595;"24/03/16";"Quinta";"10:30:00";"MG";381;"527";"BRUMADINHO";"Outras";"Saída de Pista";"Sem Vítimas";"Pleno dia";"Decrescente";"Nublado";"Dupla";"Curva";"Rural";1;0;0;0;1;0;0;1
83450596;"25/03/16";"Sexta";"04:45:00";"SC";470;"44,2";"GASPAR";"Ingestão de álcool";"Colisão Transversal";"Com Vítimas Feridas";"Amanhecer";"Decrescente";"Chuva";"Simples";"Reta";"Urbano";4;0;1;0;3;0;1;2
83450597;"24/03/16";"Quinta";"02:40:00";"MG";251;"411,1";"GRAO MOGOL";"Dormindo";"Saída de Pista";"Sem Vítimas";"Plena noite";"Decrescente";"Ceu Claro";"Simples";"Reta";"Rural";1;0;0;0;1;0;0;1
83450598;"25/03/16";"Sexta";"01:45:00";"MS";163;"206,7";"CAARAPO";"Outras";"Tombamento";"Sem Vítimas";"Plena noite";"Decrescente";"Chuva";"Simples";"Reta";"Urbano";1;0;0;0;1;0;0;1
83450599;"24/03/16";"Quinta";"08:20:00";"GO";364;"280";"MINEIROS";"Ultrapassagem indevida";"Saída de Pista";"Sem Vítimas";"Amanhecer";"Crescente";"Ceu Claro";"Simples";"Reta";"Urbano";1;0;0;0;1;0;0;1
83450600;"25/03/16";"Sexta";"02:00:00";"MG";262;"375";"JUATUBA";"Dormindo";"Saída de Pista";"Com Vítimas Feridas";"Plena noite";"Crescente";"Ceu Claro";"Dupla";"Reta";"Rural";1;0;1;0;0;0;1;1
83450601;"25/03/16";"Sexta";"05:00:00";"SP";116;"162,6";"JACAREI";"Dormindo";"Colisão traseira";"Sem Vítimas";"Plena noite";"Crescente";"Nublado";"Dupla";"Reta";"Rural";2;0;0;0;2;0;0;2
83450602;"25/03/16";"Sexta";"06:45:00";"CE";116;"68";"CHOROZINHO";"Outras";"Colisão traseira";"Sem Vítimas";"Pleno dia";"Crescente";"Nublado";"Simples";"Reta";"Rural";2;0;0;0;2;0;0;2
83450603;"25/03/16";"Sexta";"06:30:00";"MG";116;"766";"LEOPOLDINA";"Não guardar distância de segurança";"Colisão traseira";"Sem Vítimas";"Amanhecer";"Crescente";"Ceu Claro";"Simples";"Reta";"Urbano";7;0;0;0;7;0;0;2
83450604;"24/03/16";"Quinta";"23:55:00";"RS";116;"521,8";"PELOTAS";"Outras";"Queda de motocicleta / bicicleta / veículo";"Sem Vítimas";"Plena noite";"Crescente";"Nublado";"Simples";"Reta";"Urbano";2;0;0;0;2;0;0;1
83450605;"24/03/16";"Quinta";"15:30:00";"RO";364;"507";"ARIQUEMES";"Outras";"Colisão frontal";"Com Vítimas Fatais";"Pleno dia";"Decrescente";"Sol";"Simples";"Curva";"Rural";3;1;1;0;1;0;1;2
83450606;"25/03/16";"Sexta";"05:20:00";"SC";101;"158";"PORTO BELO";"Velocidade incompatível";"Colisão traseira";"Sem Vítimas";"Amanhecer";"Crescente";"Nublado";"Dupla";"Reta";"Rural";3;0;0;0;3;0;0;3
83450607;"24/03/16";"Quinta";"17:50:00";"SC";282;"57,8";"RANCHO QUEIMADO";"Velocidade incompatível";"Derramamento de Carga";"Sem Vítimas";"Pleno dia";"Decrescente";"Ceu Claro";"Simples";"Curva";"Rural";1;0;0;0;1;0;0;1
83450608;"24/03/16";"Quinta";"22:00:00";"ES";393;"3,7";"CACHOEIRO DE ITAPEMIRIM";"Ingestão de álcool";"Queda de motocicleta / bicicleta / veículo";"Com Vítimas Feridas";"Plena noite";"Decrescente";"Ceu Claro";"Simples";"Reta";"Rural";1;0;0;1;0;0;1;1
83450609;"24/03/16";"Quinta";"19:20:00";"RS";158;"541";"SANTANA DO LIVRAMENTO";"Outras";"Saída de Pista";"Sem Vítimas";"Plena noite";"Crescente";"Ceu Claro";"Simples";"Reta";"Rural";5;0;0;0;5;0;0;2
83450611;"25/03/16";"Sexta";"00:30:00";"SP";116;"64,8";"GUARATINGUETA";"Desobediência à sinalização";"Colisão com bicicleta";"Com Vítimas Fatais";"Plena noite";"Decrescente";"Chuva";"Dupla";"Reta";"Rural";2;1;0;0;1;0;0;2
83450612;"24/03/16";"Quinta";"23:00:00";"MS";163;"363,2";"NOVA ALVORADA DO SUL";"Dormindo";"Saída de Pista";"Com Vítimas Feridas";"Plena noite";"Crescente";"Chuva";"Simples";"Reta";"Rural";1;0;1;0;0;0;1;1
83450613;"24/03/16";"Quinta";"22:50:00";"SP";116;"311";"SAO LOURENCO DA SERRA";"Ingestão de álcool";"Queda de motocicleta / bicicleta / veículo";"Sem Vítimas";"Plena noite";"Crescente";"Chuva";"Dupla";"Reta";"Rural";2;0;0;0;2;0;0;2
83450614;"25/03/16";"Sexta";"00:30:00";"SP";116;"304,2";"SAO LOURENCO DA SERRA";"Velocidade incompatível";"Tombamento";"Sem Vítimas";"Plena noite";"Crescente";"Nublado";"Dupla";"Curva";"Rural";1;0;0;0;1;0;0;1
83450615;"13/03/16";"Domingo";"19:20:00";"MA";316;"262";"SANTA INES";"Outras";"Colisão traseira";"Sem Vítimas";"Plena noite";"Crescente";"Chuva";"Simples";"Reta";"Urbano";2;0;0;0;2;0;0;2
83450616;"25/03/16";"Sexta";"07:10:00";"SC";470;"9";"NAVEGANTES";"Desobediência à sinalização";"Colisão Transversal";"Sem Vítimas";"Pleno dia";"Decrescente";"Chuva";"Simples";"Reta";"Urbano";2;0;0;0;2;0;0;2
83450617;"25/03/16";"Sexta";"06:40:00";"SC";101;"114,8";"ITAJAI";"Velocidade incompatível";"Capotamento";"Sem Vítimas";"Amanhecer";"Decrescente";"Chuva";"Dupla";"Reta";"Urbano";1;0;0;0;1;0;0;1
83450618;"21/03/16";"Segunda";"19:30:00";"RN";101;"97,2";"NATAL";"Falta de atenção";"Colisão Transversal";"Com Vítimas Feridas";"Plena noite";"Decrescente";"Ceu Claro";"Dupla";"Cruzamento";"Urbano";2;0;1;0;1;0;1;2
83450619;"25/03/16";"Sexta";"04:30:00";"CE";222;"122";"ITAPAGE";"Falta de atenção";"Colisão frontal";"Com Vítimas Feridas";"Plena noite";"Crescente";"Ceu Claro";"Simples";"Curva";"Urbano";3;0;0;3;0;0;3;2
83450620;"25/03/16";"Sexta";"07:00:00";"SC";282;"516,5";"XAXIM";"Velocidade incompatível";"Capotamento";"Com Vítimas Feridas";"Amanhecer";"Decrescente";"Chuva";"Simples";"Reta";"Rural";1;0;1;0;0;0;1;1
83450621;"24/03/16";"Quinta";"23:00:00";"BA";324;"414";"NOVA FATIMA";"Dormindo";"Colisão frontal";"Com Vítimas Fatais";"Plena noite";"Crescente";"Nublado";"Simples";"Reta";"Rural";6;5;0;1;0;0;1;2
83450622;"21/03/16";"Segunda";"17:00:00";"SP";153;"63,2";"SAO JOSE DO RIO PRETO";"Ingestão de álcool";"Queda de motocicleta / bicicleta / veículo";"Com Vítimas Feridas";"Pleno dia";"Crescente";"Ceu Claro";"Dupla";"Reta";"Urbano";2;0;1;0;1;0;1;1
83450623;"25/03/16";"Sexta";"04:00:00";"BA";101;"857";"TEIXEIRA DE FREITAS";"Outras";"Saída de Pista";"Sem Vítimas";"Plena noite";"Crescente";"Ceu Claro";"Simples";"Reta";"Rural";1;0;0;0;1;0;0;1
83450624;"24/03/16";"Quinta";"17:00:00";"RS";470;"221";"GARIBALDI";"Outras";"Queda de motocicleta / bicicleta / veículo";"Com Vítimas Feridas";"Pleno dia";"Crescente";"Ceu Claro";"Simples";"Reta";"Rural";3;0;2;0;0;1;2;2
83450625;"25/03/16";"Sexta";"04:40:00";"PR";277;"486";"NOVA LARANJEIRAS";"Dormindo";"Queda de motocicleta / bicicleta / veículo";"Com Vítimas Feridas";"Anoitecer";"Crescente";"Nevoeiro/neblina";"Múltipla";"Curva";"Rural";1;0;1;0;0;0;1;1
83450626;"25/03/16";"Sexta";"07:00:00";"PR";116;"40";"CAMPINA GRANDE DO SUL";"Velocidade incompatível";"Saída de Pista";"Com Vítimas Feridas";"Pleno dia";"Decrescente";"Chuva";"Dupla";"Curva";"Rural";2;0;1;0;1;0;1;1
83450627;"25/03/16";"Sexta";"07:00:00";"PR";116;"46,9";"CAMPINA GRANDE DO SUL";"Outras";"Capotamento";"Com Vítimas Feridas";"Pleno dia";"Decrescente";"Chuva";"Dupla";"Curva";"Rural";3;0;2;0;1;0;2;1
83450628;"25/03/16";"Sexta";"07:30:00";"SC";101;"206,9";"SAO JOSE";"Falta de atenção";"Tombamento";"Com Vítimas Feridas";"Pleno dia";"Crescente";"Chuva";"Dupla";"Curva";"Urbano";1;0;1;0;0;0;1;1
83450629;"24/03/16";"Quinta";"03:30:00";"MG";365;"254,3";"BURITIZEIRO";"Defeito na via";"Tombamento";"Com Vítimas Feridas";"Plena noite";"Crescente";"Ceu Claro";"Simples";"Reta";"Rural";2;0;2;0;0;0;2;1
83450630;"22/03/16";"Terça";"02:00:00";"RS";392;"2";"RIO GRANDE";"Velocidade incompatível";"Colisão com objeto fixo";"Ignorado";"Plena noite";"Crescente";"Chuva";"Simples";"Cruzamento";"Urbano";1;0;0;0;0;1;0;1