"id";"data_inversa";"dia_semana";"horario";"uf";"br";"km";"municipio";"causa_acidente";"tipo_acidente";"classificacao_acidente";"fase_dia";"sentido_via";"condicao_metereologica";"tipo_pista";"tracado_via";"uso_solo";"pessoas";"mortos";"feridos_leves";"feridos_graves";"ilesos";"ignorados";"feridos";"veiculos"
83450631;"21/03/16";"Segunda";"07:15:00";"PI";343;"341,9";"TERESINA";"Falta de atenção";"Colisão com bicicleta";"Com Vítimas Feridas";"Pleno dia";"Decrescente";"Ceu Claro";"Dupla";"Reta";"Urbano";2;0;1;0;1;0;1;2
83450632;"25/03/16";"Sexta";"07:20:00";"MG";381;"584";"CARMOPOLIS DE MINAS";"Outras";"Queda de motocicleta / bicicleta / veículo";"Com Vítimas Feridas";"Pleno dia";"Crescente";"Ceu Claro";"Dupla";"Curva";"Rural";1;0;0;1;0;0;1;1
83450633;"25/03/16";"Sexta";"06:30:00";"MS";60;"372,2";"CAMPO GRANDE";"Falta de atenção";"Colisão traseira";"Sem Vítimas";"Plena noite";"Decrescente";"Chuva";"Simples";"Reta";"Rural";2;0;0;0;2;0;0;2
83450634;"25/03/16";"Sexta";"07:00:00";"PE";101;"59,3";"RECIFE";"Não guardar distância de segurança";"Colisão traseira";"Com Vítimas Feridas";"Pleno dia";"Crescente";"Ceu Claro";"Dupla";"Curva";"Urbano";3;0;0;1;2;0;1;3
83450635;"17/03/16";"Quinta";"09:33:00";"PB";230;"33,5";"BAYEUX";"Falta de atenção";"Colisão traseira";"Com Vítimas Feridas";"Pleno dia";"Crescente";"Chuva";"Múltipla";"Reta";"Urbano";2;0;1;0;1;0;1;2
83450636;"25/03/16";"Sexta";"05:20:00";"SC";282;"252,2";"SAO JOSE DO CERRITO";"Falta de atenção";"Capotamento";"Com Vítimas Feridas";"Plena noite";"Crescente";"Chuva";"Simples";"Curva";"Rural";2;0;0;1;1;0;1;1
83450637;"24/02/16";"Quarta";"08:00:00";"PB";104;"131,2";"CAMPINA GRANDE";"Ultrapassagem indevida";"Queda de motocicleta / bicicleta / veículo";"Com Vítimas Fatais";"Pleno dia";"Crescente";"Nublado";"Simples";"Reta";"Urbano";2;1;0;0;0;1;0;2
83450638;"22/03/16";"Terça";"13:30:00";"MG";116;"224,5";"CATUJI";"Dormindo";"Saída de Pista";"Com Vítimas Feridas";"Pleno dia";"Decrescente";"Ceu Claro";"Simples";"Curva";"Urbano";5;0;1;4;0;0;5;1
83450639;"25/03/16";"Sexta";"01:30:00";"MG";381;"717,3";"CARMO DA CACHOEIRA";"Velocidade incompatível";"Capotamento";"Sem Vítimas";"Plena noite";"Decrescente";"Chuva";"Dupla";"Curva";"Rural";1;0;0;0;1;0;0;1
83450640;"03/01/16";"Domingo";"21:10:00";"BA";110;"235";"NOVA SOURE";"Falta de atenção";"Colisão traseira";"Sem Vítimas";"Plena noite";"Decrescente";"Ceu Claro";"Simples";"Reta";"Rural";2;0;0;0;2;0;0;2
83450641;"22/03/16";"Terça";"06:00:00";"MG";381;"814";"CAREACU";"Velocidade incompatível";"Capotamento";"Com Vítimas Feridas";"Pleno dia";"Crescente";"Ceu Claro";"Dupla";"Reta";"Rural";1;0;1;0;0;0;1;1
83450642;"21/03/16";"Segunda";"07:55:00";"PR";277;"80";"CURITIBA";"Falta de atenção";"Colisão lateral";"Com Vítimas Feridas";"Pleno dia";"Crescente";"Nublado";"Múltipla";"Curva";"Urbano";2;0;1;0;1;0;1;2
83450643;"25/03/16";"Sexta";"05:00:00";"MG";365;"487,6";"PATROCINIO";"Falta de atenção";"Colisão frontal";"Com Vítimas Feridas";"Amanhecer";"Crescente";"Nevoeiro/neblina";"Simples";"Reta";"Rural";3;0;2;0;1;0;2;2
83450644;"25/03/16";"Sexta";"05:10:00";"SP";116;"146";"SAO JOSE DOS CAMPOS";"Outras";"Colisão traseira";"Com Vítimas Fatais";"Plena noite";"Crescente";"Ceu Claro";"Dupla";"Reta";"Urbano";4;1;1;0;2;0;1;3
83450645;"21/03/16";"Segunda";"07:10:00";"SE";101;"148";"ESTANCIA";"Outras";"Colisão com objeto fixo";"Sem Vítimas";"Pleno dia";"Crescente";"Chuva";"Dupla";"Curva";"Urbano";1;0;0;0;1;0;0;1
83450646;"25/03/16";"Sexta";"07:00:00";"RS";285;"376,9";"SALDANHA MARINHO";"Velocidade incompatível";"Saída de Pista";"Com Vítimas Feridas";"Amanhecer";"Crescente";"Chuva";"Simples";"Curva";"Rural";2;0;1;0;1;0;1;1
83450647;"25/03/16";"Sexta";"09:00:00";"RS";448;"15";"CANOAS";"Outras";"Capotamento";"Sem Vítimas";"Pleno dia";"Decrescente";"Chuva";"Múltipla";"Reta";"Urbano";2;0;0;0;2;0;0;1
83450648;"25/03/16";"Sexta";"07:50:00";"SC";280;"144,5";"MAFRA";"Falta de atenção";"Saída de Pista";"Com Vítimas Feridas";"Pleno dia";"Decrescente";"Chuva";"Simples";"Curva";"Urbano";1;0;1;0;0;0;1;1
83450649;"21/03/16";"Segunda";"14:50:00";"SE";101;"155";"ESTANCIA";"Outras";"Colisão frontal";"Sem Vítimas";"Pleno dia";"Crescente";"Sol";"Simples";"Reta";"Rural";2;0;0;0;2;0;0;2
83450650;"24/03/16";"Quinta";"08:10:00";"MG";381;"646";"SANTO ANTONIO DO AMPARO";"Velocidade incompatível";"Capotamento";"Com Vítimas Feridas";"Pleno dia";"Crescente";"Chuva";"Dupla";"Reta";"Rural";3;0;1;0;2;0;1;1
83450651;"25/03/16";"Sexta";"07:00:00";"SC";282;"89";"ALFREDO WAGNER";"Velocidade incompatível";"Colisão frontal";"Sem Vítimas";"Amanhecer";"Crescente";"Chuva";"Simples";"Curva";"Rural";2;0;0;0;2;0;0;2
83450652;"24/03/16";"Quinta";"19:39:00";"MT";163;"850";"SINOP";"Ultrapassagem indevida";"Colisão frontal";"Com Vítimas Fatais";"Plena noite";"Crescente";"Ceu Claro";"Simples";"Reta";"Rural";4;1;2;0;1;0;2;2
83450653;"25/03/16";"Sexta";"07:25:00";"MA";10;"280";"IMPERATRIZ";"Velocidade incompatível";"Colisão traseira";"Com Vítimas Feridas";"Pleno dia";"Crescente";"Nublado";"Simples";"Reta";"Rural";5;0;0;1;4;0;1;2
83450654;"25/03/16";"Sexta";"10:00:00";"SC";153;"11";"AGUA DOCE";"Falta de atenção";"Colisão com objeto fixo";"Sem Vítimas";"Pleno dia";"Crescente";"Chuva";"Simples";"Reta";"Rural";1;0;0;0;1;0;0;1
83450655;"25/03/16";"Sexta";"08:50:00";"SC";101;"229,2";"PALHOCA";"Outras";"Colisão lateral";"Sem Vítimas";"Pleno dia";"Decrescente";"Chuva";"Dupla";"Curva";"Urbano";2;0;0;0;2;0;0;2
83450656;"24/03/16";"Quinta";"22:30:00";"MT";70;"568";"POCONE";"Defeito mecânico em veículo";"Saída de Pista";"Sem Vítimas";"Plena noite";"Crescente";"Chuva";"Simples";"Reta";"Rural";1;0;0;0;1;0;0;1
83450657;"22/03/16";"Terça";"08:00:00";"RJ";40;"112";"DUQUE DE CAXIAS";"Desobediência à sinalização";"Colisão lateral";"Com Vítimas Feridas";"Pleno dia";"Crescente";"Ceu Claro";"Múltipla";"Reta";"Urbano";2;0;1;0;1;0;1;2
83450658;"25/03/16";"Sexta";"07:10:00";"RS";290;"88";"PORTO ALEGRE";"Ingestão de álcool";"Colisão traseira";"Sem Vítimas";"Amanhecer";"Decrescente";"Nublado";"Simples";"Reta";"Rural";2;0;0;0;2;0;0;2
83450659;"25/03/16";"Sexta";"09:50:00";"RS";386;"62,4";"SEBERI";"Velocidade incompatível";"Saída de Pista";"Sem Vítimas";"Pleno dia";"Decrescente";"Chuva";"Simples";"Reta";"Rural";1;0;0;0;1;0;0;1
83450660;"24/03/16";"Quinta";"08:20:00";"SP";116;"177,5";"GUARAREMA";"Defeito mecânico em veículo";"Incêndio";"Sem Vítimas";"Pleno dia";"Crescente";"Ceu Claro";"Dupla";"Curva";"Rural";1;0;0;0;1;0;0;1
83450661;"10/02/16";"Quarta";"13:00:00";"BA";101;"626,3";"MASCOTE";"Falta de atenção";"Colisão lateral";"Com Vítimas Feridas";"Pleno dia";"Decrescente";"Sol";"Simples";"Reta";"Rural";4;0;1;2;1;0;3;2
83450662;"22/03/16";"Terça";"06:30:00";"RJ";40;"112";"DUQUE DE CAXIAS";"Não guardar distância de segurança";"Colisão traseira";"Com Vítimas Feridas";"Pleno dia";"Crescente";"Sol";"Múltipla";"Reta";"Urbano";3;0;1;0;2;0;1;2
83450663;"23/03/16";"Quarta";"16:25:00";"SP";116;"147,3";"SAO JOSE DOS CAMPOS";"Falta de atenção";"Colisão traseira";"Sem Vítimas";"Pleno dia";"Decrescente";"Chuva";"Dupla";"Reta";"Urbano";3;0;0;0;3;0;0;3
83450664;"25/03/16";"Sexta";"07:15:00";"SP";116;"551,5";"BARRA DO TURVO";"Velocidade incompatível";"Saída de Pista";"Sem Vítimas";"Pleno dia";"Decrescente";"Chuva";"Dupla";"Curva";"Rural";1;0;0;0;1;0;0;1
83450665;"25/03/16";"Sexta";"07:00:00";"SP";116;"518";"BARRA DO TURVO";"Velocidade incompatível";"Colisão com objeto fixo";"Sem Vítimas";"Pleno dia";"Decrescente";"Chuva";"Simples";"Curva";"Rural";1;0;0;0;1;0;0;1
83450666;"25/03/16";"Sexta";"09:10:00";"SC";470;"122,8";"IBIRAMA";"Velocidade incompatível";"Colisão frontal";"Com Vítimas Feridas";"Pleno dia";"Decrescente";"Chuva";"Simples";"Curva";"Rural";2;0;1;0;1;0;1;2
83450667;"17/03/16";"Quinta";"17:45:00";"GO";40;"5,7";"VALPARAISO DE GOIAS";"Defeito mecânico em veículo";"Queda de motocicleta / bicicleta / veículo";"Com Vítimas Feridas";"Pleno dia";"Crescente";"Ceu Claro";"Dupla";"Reta";"Urbano";2;0;1;0;1;0;1;1
83450668;"21/03/16";"Segunda";"17:40:00";"PE";101;"52";"PAULISTA";"Falta de atenção";"Colisão lateral";"Sem Vítimas";"Anoitecer";"Crescente";"Nublado";"Múltipla";"Reta";"Urbano";2;0;0;0;2;0;0;2
83450669;"25/03/16";"Sexta";"06:30:00";"RS";116;"322,5";"BARRA DO RIBEIRO";"Ultrapassagem indevida";"Colisão frontal";"Com Vítimas Feridas";"Pleno dia";"Crescente";"Chuva";"Simples";"Reta";"Rural";5;0;5;0;0;0;5;2
83450670;"25/03/16";"Sexta";"07:50:00";"RS";153;"620,3";"BAGE";"Animais na Pista";"Saída de Pista";"Sem Vítimas";"Pleno dia";"Crescente";"Nublado";"Simples";"Reta";"Rural";2;0;0;0;2;0;0;1
83450671;"25/03/16";"Sexta";"09:50:00";"PE";104;"42,8";"CARUARU";"Desobediência à sinalização";"Colisão traseira";"Sem Vítimas";"Pleno dia";"Crescente";"Ceu Claro";"Dupla";"Reta";"Urbano";2;0;0;0;2;0;0;2
83450672;"25/03/16";"Sexta";"10:00:00";"SC";101;"107";"PENHA";"Velocidade incompatível";"Colisão com objeto fixo";"Com Vítimas Feridas";"Pleno dia";"Crescente";"Chuva";"Múltipla";"Curva";"Rural";1;0;1;0;0;0;1;1
83450673;"31/01/16";"Domingo";"17:00:00";"BA";324;"551";"AMELIA RODRIGUES";"Outras";"Incêndio";"Sem Vítimas";"Anoitecer";"Decrescente";"Ceu Claro";"Múltipla";"Reta";"Rural";1;0;0;0;1;0;0;1
83450674;"25/03/16";"Sexta";"08:00:00";"RS";116;"49,7";"VACARIA";"Velocidade incompatível";"Saída de Pista";"Com Vítimas Fatais";"Amanhecer";"Decrescente";"Chuva";"Simples";"Curva";"Rural";5;1;2;0;2;0;2;1
83450675;"25/03/16";"Sexta";"08:30:00";"RS";290;"3";"OSORIO";"Falta de atenção";"Saída de Pista";"Sem Vítimas";"Pleno dia";"Decrescente";"Chuva";"Múltipla";"Reta";"Rural";1;0;0;0;1;0;0;1
83450676;"25/03/16";"Sexta";"09:40:00";"RS";290;"133";"ELDORADO DO SUL";"Outras";"Saída de Pista";"Sem Vítimas";"Pleno dia";"Crescente";"Chuva";"Simples";"Reta";"Rural";1;0;0;0;1;0;0;1
83450677;"25/03/16";"Sexta";"08:30:00";"SP";116;"308";"SAO LOURENCO DA SERRA";"Outras";"Capotamento";"Com Vítimas Feridas";"Pleno dia";"Crescente";"Ceu Claro";"Simples";"Curva";"Urbano";1;0;1;0;0;0;1;1
83450678;"25/03/16";"Sexta";"09:00:00";"PR";277;"99,8";"CURITIBA";"Outras";"Saída de Pista";"Com Vítimas Feridas";"Pleno dia";"Crescente";"Chuva";"Simples";"Reta";"Rural";2;0;2;0;0;0;2;1
83450679;"24/03/16";"Quinta";"20:30:00";"PR";376;"664";"GUARATUBA";"Velocidade incompatível";"Saída de Pista";"Com Vítimas Feridas";"Plena noite";"Decrescente";"Nevoeiro/neblina";"Simples";"Curva";"Rural";2;0;2;0;0;0;2;1
83450680;"25/03/16";"Sexta";"11:00:00";"RS";386;"32";"FREDERICO WESTPHALEN";"Não guardar distância de segurança";"Colisão traseira";"Sem Vítimas";"Pleno dia";"Decrescente";"Chuva";"Simples";"Reta";"Urbano";2;0;0;0;2;0;0;2
83450681;"25/03/16";"Sexta";"08:20:00";"PR";277;"122,1";"CAMPO LARGO";"Falta de atenção";"Colisão lateral";"Sem Vítimas";"Pleno dia";"Decrescente";"Nublado";"Dupla";"Reta";"Rural";2;0;0;0;2;0;0;2
83450682;"25/03/16";"Sexta";"09:10:00";"BA";101;"485";"URUCUCA";"Outras";"Colisão frontal";"Com Vítimas Feridas";"Pleno dia";"Crescente";"Nublado";"Simples";"Curva";"Rural";3;0;2;1;0;0;3;2
83450683;"21/03/16";"Segunda";"22:30:00";"PR";476;"141";"CURITIBA";"Não guardar distância de segurança";"Colisão traseira";"Com Vítimas Feridas";"Plena noite";"Crescente";"Nublado";"Múltipla";"Reta";"Urbano";2;0;1;0;1;0;1;2
83450684;"22/03/16";"Terça";"02:00:00";"SP";116;"386";"MIRACATU";"Outras";"Capotamento";"Ignorado";"Plena noite";"Crescente";"Ceu Claro";"Dupla";"Reta";"Rural";1;0;0;0;0;1;0;1
83450685;"25/03/16";"Sexta";"11:10:00";"RS";287;"249,2";"SANTA MARIA";"Falta de atenção";"Colisão Transversal";"Sem Vítimas";"Pleno dia";"Decrescente";"Chuva";"Simples";"Cruzamento";"Urbano";2;0;0;0;2;0;0;2
83450686;"25/03/16";"Sexta";"10:28:00";"PR";369;"486,9";"CORBELIA";"Outras";"Saída de Pista";"Sem Vítimas";"Pleno dia";"Decrescente";"Chuva";"Simples";"Curva";"Rural";1;0;0;0;1;0;0;1
83450687;"25/03/16";"Sexta";"10:25:00";"RS";386;"233,8";"SOLEDADE";"Velocidade incompatível";"Colisão frontal";"Com Vítimas Feridas";"Pleno dia";"Decrescente";"Chuva";"Simples";"Curva";"Rural";4;0;0;2;2;0;2;2
83450688;"23/03/16";"Quarta";"21:15:00";"MG";381;"700,8";"LAVRAS";"Velocidade incompatível";"Colisão lateral";"Sem Vítimas";"Plena noite";"Crescente";"Nublado";"Dupla";"Curva";"Rural";3;0;0;0;3;0;0;3
83450689;"25/03/16";"Sexta";"06:20:00";"DF";70;"12,8";"BRASILIA";"Falta de atenção";"Saída de Pista";"Com Vítimas Feridas";"Pleno dia";"Crescente";"Nublado";"Dupla";"Reta";"Rural";4;0;2;1;1;0;3;1
83450690;"25/03/16";"Sexta";"11:00:00";"RS";290;"95";"PORTO ALEGRE";"Outras";"Colisão traseira";"Com Vítimas Feridas";"Pleno dia";"Crescente";"Chuva";"Dupla";"Reta";"Urbano";2;0;0;1;1;0;1;2
83450691;"25/03/16";"Sexta";"09:55:00";"PB";101;"63";"SANTA RITA";"Defeito na via";"Saída de Pista";"Com Vítimas Feridas";"Pleno dia";"Decrescente";"Chuva";"Dupla";"Curva";"Rural";1;0;1;0;0;0;1;1
83450692;"25/03/16";"Sexta";"04:30:00";"RS";285;"357,9";"COLORADO";"Velocidade incompatível";"Saída de Pista";"Sem Vítimas";"Plena noite";"Crescente";"Chuva";"Simples";"Reta";"Rural";2;0;0;0;2;0;0;1
83450693;"25/03/16";"Sexta";"11:00:00";"SC";470;"144,2";"RIO DO SUL";"Velocidade incompatível";"Saída de Pista";"Sem Vítimas";"Pleno dia";"Crescente";"Chuva";"Simples";"Curva";"Rural";1;0;0;0;1;0;0;1
83450694;"25/03/16";"Sexta";"10:15:00";"PR";376;"667";"GUARATUBA";"Velocidade incompatível";"Colisão com objeto fixo";"Sem Vítimas";"Pleno dia";"Decrescente";"Chuva";"Dupla";"Curva";"Rural";1;0;0;0;1;0;0;1
83450695;"23/03/16";"Quarta";"17:20:00";"BA";101;"375";"GANDU";"Outras";"Colisão Transversal";"Com Vítimas Feridas";"Pleno dia";"Decrescente";"Ceu Claro";"Simples";"Curva";"Rural";5;0;3;0;2;0;3;2
83450697;"25/03/16";"Sexta";"10:35:00";"SC";282;"532,8";"CHAPECO";"Desobediência à sinalização";"Colisão Transversal";"Com Vítimas Feridas";"Pleno dia";"Decrescente";"Nublado";"Simples";"Cruzamento";"Urbano";4;0;1;0;3;0;1;2
83450698;"25/03/16";"Sexta";"12:15:00";"RS";386;"318";"MARQUES DE SOUZA";"Velocidade incompatível";"Saída de Pista";"Sem Vítimas";"Pleno dia";"Decrescente";"Chuva";"Simples";"Curva";"Rural";1;0;0;0;1;0;0;1
83450699;"25/03/16";"Sexta";"09:30:00";"RS";472;"139";"TRES DE MAIO";"Velocidade incompatível";"Saída de Pista";"Com Vítimas Fatais";"Pleno dia";"Decrescente";"Chuva";"Simples";"Curva";"Rural";3;1;0;0;2;0;0;1
83450700;"25/03/16";"Sexta";"09:50:00";"MG";365;"666,5";"MONTE ALEGRE DE MINAS";"Velocidade incompatível";"Saída de Pista";"Com Vítimas Feridas";"Pleno dia";"Decrescente";"Chuva";"Dupla";"Curva";"Rural";2;0;1;0;1;0;1;1
83450701;"22/03/16";"Terça";"04:50:00";"GO";153;"504,1";"APARECIDA DE GOIANIA";"Ingestão de álcool";"Saída de Pista";"Sem Vítimas";"Plena noite";"Crescente";"Ceu Claro";"Dupla";"Reta";"Urbano";1;0;0;0;1;0;0;1
83450702;"25/03/16";"Sexta";"12:28:00";"RS";386;"401";"TRIUNFO";"Velocidade incompatível";"Capotamento";"Sem Vítimas";"Pleno dia";"Decrescente";"Chuva";"Simples";"Curva";"Rural";2;0;0;0;2;0;0;1
83450703;"25/03/16";"Sexta";"11:30:00";"SC";101;"121,7";"ITAJAI";"Velocidade incompatível";"Colisão Transversal";"Com Vítimas Feridas";"Pleno dia";"Crescente";"Chuva";"Dupla";"Reta";"Urbano";3;0;1;0;2;0;1;2
83450704;"25/03/16";"Sexta";"13:19:00";"RS";386;"401";"TRIUNFO";"Velocidade incompatível";"Saída de Pista";"Sem Vítimas";"Pleno dia";"Decrescente";"Chuva";"Dupla";"Cruzamento";"Rural";5;0;0;0;5;0;0;3
83450705;"25/03/16";"Sexta";"13:20:00";"RS";386;"401";"TRIUNFO";"Velocidade incompatível";"Saída de Pista";"Sem Vítimas";"Pleno dia";"Decrescente";"Chuva";"Simples";"Cruzamento";"Rural";1;0;0;0;1;0;0;1
83450706;"25/03/16";"Sexta";"11:20:00";"SC";470;"15,2";"NAVEGANTES";"Não guardar distância de segurança";"Colisão traseira";"Com Vítimas Feridas";"Pleno dia";"Decrescente";"Chuva";"Simples";"Reta";"Rural";3;0;1;0;2;0;1;3
83450707;"21/03/16";"Segunda";"09:10:00";"ES";101;"363";"ANCHIETA";"Ultrapassagem indevida";"Colisão frontal";"Com Vítimas Feridas";"Pleno dia";"Decrescente";"Ceu Claro";"Simples";"Curva";"Rural";3;0;1;0;2;0;1;3
83450708;"23/03/16";"Quarta";"16:00:00";"MS";262;"265,4";"RIBAS DO RIO PARDO";"Falta de atenção";"Colisão traseira";"Com Vítimas Feridas";"Pleno dia";"Decrescente";"Sol";"Simples";"Reta";"Rural";3;0;1;0;2;0;1;2
83450709;"25/03/16";"Sexta";"12:25:00";"PR";277;"165";"PALMEIRA";"Falta de atenção";"Colisão Transversal";"Com Vítimas Feridas";"Pleno dia";"Crescente";"Nublado";"Simples";"Reta";"Rural";6;0;3;0;3;0;3;2
83450710;"21/03/16";"Segunda";"16:00:00";"SC";282;"205";"LAGES";"Não guardar distância de segurança";"Colisão traseira";"Sem Vítimas";"Pleno dia";"Decrescente";"Nublado";"Simples";"Reta";"Rural";2;0;0;0;2;0;0;2
83450711;"13/01/16";"Quarta";"17:50:00";"CE";222;"35";"CAUCAIA";"Não guardar distância de segurança";"Colisão lateral";"Com Vítimas Feridas";"Anoitecer";"Decrescente";"Ceu Claro";"Simples";"Reta";"Rural";10;0;8;0;0;2;8;3
83450712;"25/03/16";"Sexta";"13:30:00";"RJ";101;"522";"ANGRA DOS REIS";"Falta de atenção";"Colisão traseira";"Sem Vítimas";"Pleno dia";"Decrescente";"Nublado";"Simples";"Reta";"Rural";2;0;0;0;2;0;0;2
83450713;"25/03/16";"Sexta";"09:45:00";"SC";470;"12,3";"NAVEGANTES";"Não guardar distância de segurança";"Colisão traseira";"Sem Vítimas";"Pleno dia";"Decrescente";"Chuva";"Simples";"Reta";"Rural";5;0;0;0;5;0;0;5
83450714;"25/03/16";"Sexta";"09:30:00";"MG";116;"234,3";"TEOFILO OTONI";"Dormindo";"Saída de Pista";"Com Vítimas Feridas";"Amanhecer";"Decrescente";"Ceu Claro";"Simples";"Curva";"Rural";2;0;1;0;1;0;1;1
83450715;"25/03/16";"Sexta";"13:00:00";"CE";116;"70";"CHOROZINHO";"Ultrapassagem indevida";"Colisão frontal";"Com Vítimas Feridas";"Pleno dia";"Crescente";"Ceu Claro";"Simples";"Reta";"Rural";8;0;6;2;0;0;8;2
83450716;"25/03/16";"Sexta";"10:40:00";"MT";163;"938";"ITAUBA";"Ultrapassagem indevida";"Colisão frontal";"Com Vítimas Fatais";"Pleno dia";"Decrescente";"Ceu Claro";"Simples";"Reta";"Rural";6;1;3;1;1;0;4;2
83450717;"24/03/16";"Quinta";"00:50:00";"RJ";101;"144,8";"MACAE";"Defeito mecânico em veículo";"Danos Eventuais";"Sem Vítimas";"Plena noite";"Decrescente";"Ceu Claro";"Simples";"Reta";"Rural";1;0;0;0;1;0;0;1
83450718;"25/03/16";"Sexta";"11:45:00";"PR";153;"521,7";"GENERAL CARNEIRO";"Velocidade incompatível";"Capotamento";"Sem Vítimas";"Pleno dia";"Crescente";"Chuva";"Simples";"Curva";"Rural";3;0;0;0;3;0;0;1
83450719;"25/03/16";"Sexta";"10:10:00";"SC";101;"386,2";"ICARA";"Outras";"Saída de Pista";"Com Vítimas Feridas";"Pleno dia";"Crescente";"Chuva";"Dupla";"Reta";"Rural";1;0;1;0;0;0;1;1
83450720;"25/03/16";"Sexta";"11:15:00";"SC";101;"405,6";"MARACAJA";"Outras";"Saída de Pista";"Com Vítimas Feridas";"Pleno dia";"Decrescente";"Chuva";"Dupla";"Reta";"Rural";2;0;2;0;0;0;2;1
83450721;"25/03/16";"Sexta";"13:20:00";"SC";101;"444";"SANTA ROSA DO SUL";"Velocidade incompatível";"Saída de Pista";"Sem Vítimas";"Pleno dia";"Crescente";"Chuva";"Dupla";"Reta";"Urbano";1;0;0;0;1;0;0;1
83450722;"25/03/16";"Sexta";"12:55:00";"RS";386;"393,9";"TRIUNFO";"Velocidade incompatível";"Colisão lateral";"Com Vítimas Feridas";"Pleno dia";"Decrescente";"Chuva";"Dupla";"Reta";"Rural";3;0;1;0;2;0;1;2
83450726;"25/03/16";"Sexta";"11:50:00";"PR";476;"227,8";"LAPA";"Outras";"Saída de Pista";"Sem Vítimas";"Pleno dia";"Crescente";"Chuva";"Simples";"Curva";"Rural";1;0;0;0;1;0;0;1
83450727;"25/03/16";"Sexta";"13:50:00";"BA";101;"231";"SAPEACU";"Ingestão de álcool";"Colisão frontal";"Sem Vítimas";"Pleno dia";"Crescente";"Sol";"Simples";"Cruzamento";"Urbano";2;0;0;0;1;1;0;2
83450728;"25/03/16";"Sexta";"11:10:00";"MG";50;"145,2";"UBERABA";"Velocidade incompatível";"Saída de Pista";"Com Vítimas Feridas";"Pleno dia";"Crescente";"Chuva";"Dupla";"Curva";"Rural";2;0;2;0;0;0;2;1
83450730;"25/03/16";"Sexta";"09:15:00";"MS";163;"822";"SONORA";"Velocidade incompatível";"Tombamento";"Com Vítimas Feridas";"Pleno dia";"Decrescente";"Nublado";"Simples";"Reta";"Rural";2;0;1;0;1;0;1;1
83450731;"25/03/16";"Sexta";"12:30:00";"MG";153;"205";"FRUTAL";"Defeito mecânico em veículo";"Saída de Pista";"Com Vítimas Feridas";"Pleno dia";"Decrescente";"Chuva";"Simples";"Reta";"Urbano";4;0;3;0;1;0;3;1
83450732;"21/03/16";"Segunda";"15:00:00";"PR";476;"140";"CURITIBA";"Não guardar distância de segurança";"Colisão traseira";"Com Vítimas Feridas";"Pleno dia";"Decrescente";"Nublado";"Múltipla";"Reta";"Urbano";2;0;1;0;1;0;1;2
83450733;"25/03/16";"Sexta";"08:30:00";"PR";376;"438";"TIBAGI";"Velocidade incompatível";"Colisão frontal";"Com Vítimas Feridas";"Pleno dia";"Decrescente";"Chuva";"Simples";"Curva";"Rural";2;0;1;0;1;0;1;2
83450734;"25/03/16";"Sexta";"11:30:00";"PA";316;"111";"SANTA MARIA DO PARA";"Outras";"Colisão lateral";"Sem Vítimas";"Pleno dia";"Crescente";"Ceu Claro";"Simples";"Cruzamento";"Rural";2;0;0;0;1;1;0;2
83450735;"25/03/16";"Sexta";"10:40:00";"BA";324;"513";"FEIRA DE SANTANA";"Desobediência à sinalização";"Colisão Transversal";"Com Vítimas Feridas";"Pleno dia";"Crescente";"Sol";"Simples";"Reta";"Urbano";2;0;1;0;0;1;1;2
83450736;"25/03/16";"Sexta";"11:15:00";"RS";116;"97";"CAXIAS DO SUL";"Velocidade incompatível";"Colisão frontal";"Sem Vítimas";"Pleno dia";"Crescente";"Chuva";"Simples";"Curva";"Rural";2;0;0;0;2;0;0;2
83450737;"25/03/16";"Sexta";"08:25:00";"PR";376;"438,5";"TIBAGI";"Velocidade incompatível";"Saída de Pista";"Sem Vítimas";"Pleno dia";"Decrescente";"Chuva";"Simples";"Curva";"Rural";3;0;0;0;3;0;0;1
83450738;"25/03/16";"Sexta";"14:00:00";"PE";423;"21,9";"SAO CAITANO";"Outras";"Capotamento";"Com Vítimas Feridas";"Pleno dia";"Crescente";"Sol";"Simples";"Curva";"Rural";4;0;1;0;3;0;1;1
83450739;"25/03/16";"Sexta";"09:00:00";"SP";381;"77,5";"SAO PAULO";"Falta de atenção";"Queda de motocicleta / bicicleta / veículo";"Com Vítimas Feridas";"Pleno dia";"Decrescente";"Ceu Claro";"Dupla";"Curva";"Urbano";2;0;2;0;0;0;2;1
83450740;"25/03/16";"Sexta";"10:35:00";"PR";376;"427";"TIBAGI";"Velocidade incompatível";"Colisão frontal";"Com Vítimas Fatais";"Pleno dia";"Crescente";"Chuva";"Simples";"Curva";"Rural";6;1;3;2;0;0;5;2
83450741;"25/03/16";"Sexta";"08:10:00";"SC";282;"177";"BOCAINA DO SUL";"Não guardar distância de segurança";"Colisão traseira";"Sem Vítimas";"Pleno dia";"Crescente";"Chuva";"Simples";"Reta";"Rural";2;0;0;0;2;0;0;2
83450744;"25/03/16";"Sexta";"14:10:00";"SC";101;"153";"PORTO BELO";"Falta de atenção";"Colisão com objeto fixo";"Sem Vítimas";"Pleno dia";"Crescente";"Chuva";"Dupla";"Reta";"Urbano";1;0;0;0;1;0;0;1
83450745;"25/03/16";"Sexta";"13:45:00";"RS";116;"0,5";"PORTO ALEGRE";"Outras";"Saída de Pista";"Sem Vítimas";"Pleno dia";"Decrescente";"Chuva";"Dupla";"Curva";"Urbano";1;0;0;0;1;0;0;1