"id";"data_inversa";"dia_semana";"horario";"uf";"br";"km";"municipio";"causa_acidente";"tipo_acidente";"classificacao_acidente";"fase_dia";"sentido_via";"condicao_metereologica";"tipo_pista";"tracado_via";"uso_solo";"pessoas";"mortos";"feridos_leves";"feridos_graves";"ilesos";"ignorados";"feridos";"veiculos"
83450746;"25/03/16";"Sexta";"10:15:00";"MG";365;"632";"UBERLANDIA";"Velocidade incompatível";"Saída de Pista";"Sem Vítimas";"Pleno dia";"Decrescente";"Chuva";"Dupla";"Reta";"Urbano";1;0;0;0;1;0;0;1
83450747;"25/03/16";"Sexta";"09:50:00";"MS";262;"423,7";"TERENOS";"Outras";"Saída de Pista";"Sem Vítimas";"Pleno dia";"Decrescente";"Chuva";"Simples";"Reta";"Rural";1;0;0;0;1;0;0;1
83450749;"25/03/16";"Sexta";"14:40:00";"SC";470;"38";"GASPAR";"Falta de atenção";"Colisão Transversal";"Com Vítimas Feridas";"Pleno dia";"Decrescente";"Chuva";"Simples";"Reta";"Urbano";3;0;2;0;1;0;2;2
83450750;"25/03/16";"Sexta";"13:00:00";"SC";470;"224,5";"SAO CRISTOVAO DO SUL";"Velocidade incompatível";"Capotamento";"Com Vítimas Feridas";"Pleno dia";"Decrescente";"Chuva";"Simples";"Curva";"Rural";3;0;2;0;1;0;2;1
83450751;"25/03/16";"Sexta";"10:50:00";"MG";116;"264,8";"TEOFILO OTONI";"Defeito mecânico em veículo";"Colisão com objeto móvel";"Sem Vítimas";"Pleno dia";"Decrescente";"Sol";"Simples";"Reta";"Rural";3;0;0;0;3;0;0;2
83450752;"24/03/16";"Quinta";"15:30:00";"PB";230;"31,8";"BAYEUX";"Não guardar distância de segurança";"Colisão traseira";"Sem Vítimas";"Pleno dia";"Decrescente";"Ceu Claro";"Dupla";"Reta";"Urbano";2;0;0;0;2;0;0;2
83450753;"25/03/16";"Sexta";"12:10:00";"RO";364;"233,7";"CACOAL";"Defeito mecânico em veículo";"Saída de Pista";"Com Vítimas Feridas";"Pleno dia";"Crescente";"Chuva";"Simples";"Reta";"Urbano";3;0;2;1;0;0;3;1
83450754;"25/03/16";"Sexta";"14:40:00";"RS";290;"201,3";"RIO PARDO";"Defeito mecânico em veículo";"Saída de Pista";"Com Vítimas Feridas";"Pleno dia";"Crescente";"Chuva";"Simples";"Reta";"Rural";1;0;1;0;0;0;1;1
83450755;"25/03/16";"Sexta";"09:00:00";"GO";60;"0,5";"APARECIDA DE GOIANIA";"Falta de atenção";"Colisão traseira";"Sem Vítimas";"Pleno dia";"Crescente";"Ceu Claro";"Dupla";"Reta";"Urbano";2;0;0;0;2;0;0;2
83450757;"25/03/16";"Sexta";"10:35:00";"SP";381;"12,8";"BRAGANCA PAULISTA";"Velocidade incompatível";"Capotamento";"Com Vítimas Feridas";"Pleno dia";"Decrescente";"Ceu Claro";"Dupla";"Curva";"Rural";3;0;0;1;2;0;1;1
83450758;"23/03/16";"Quarta";"05:20:00";"MG";262;"368";"JUATUBA";"Outras";"Capotamento";"Com Vítimas Feridas";"Amanhecer";"Decrescente";"Ceu Claro";"Dupla";"Curva";"Urbano";1;0;1;0;0;0;1;1
83450759;"25/03/16";"Sexta";"11:15:00";"RJ";116;"181,6";"NOVA IGUACU";"Não guardar distância de segurança";"Colisão traseira";"Com Vítimas Feridas";"Pleno dia";"Crescente";"Sol";"Dupla";"Reta";"Urbano";6;0;1;0;5;0;1;5
83450760;"25/03/16";"Sexta";"15:10:00";"RS";290;"10,9";"OSORIO";"Defeito mecânico em veículo";"Saída de Pista";"Sem Vítimas";"Pleno dia";"Decrescente";"Chuva";"Dupla";"Reta";"Rural";2;0;0;0;2;0;0;1
83450761;"25/03/16";"Sexta";"12:30:00";"SC";282;"1,7";"FLORIANOPOLIS";"Outras";"Saída de Pista";"Com Vítimas Feridas";"Pleno dia";"Decrescente";"Chuva";"Dupla";"Reta";"Urbano";4;0;2;0;2;0;2;3
83450762;"25/03/16";"Sexta";"08:20:00";"MG";50;"9,9";"ARAGUARI";"Falta de atenção";"Saída de Pista";"Sem Vítimas";"Pleno dia";"Crescente";"Chuva";"Dupla";"Curva";"Rural";1;0;0;0;1;0;0;1
83450763;"25/03/16";"Sexta";"13:00:00";"RS";287;"523";"SAO BORJA";"Velocidade incompatível";"Saída de Pista";"Com Vítimas Feridas";"Pleno dia";"Crescente";"Chuva";"Simples";"Curva";"Rural";3;0;3;0;0;0;3;1
83450764;"23/03/16";"Quarta";"22:55:00";"BA";324;"588";"CANDEIAS";"Dormindo";"Colisão traseira";"Sem Vítimas";"Plena noite";"Crescente";"Ceu Claro";"Dupla";"Reta";"Rural";2;0;0;0;2;0;0;2
83450765;"07/01/16";"Quinta";"07:00:00";"RS";386;"417";"TRIUNFO";"Defeito mecânico em veículo";"Saída de Pista";"Com Vítimas Feridas";"Amanhecer";"Crescente";"Chuva";"Simples";"Curva";"Rural";1;0;0;1;0;0;1;1
83450766;"25/03/16";"Sexta";"13:15:00";"SC";101;"17,5";"JOINVILLE";"Velocidade incompatível";"Colisão com objeto fixo";"Sem Vítimas";"Pleno dia";"Decrescente";"Chuva";"Dupla";"Reta";"Rural";1;0;0;0;1;0;0;1
83450767;"25/03/16";"Sexta";"13:30:00";"SC";101;"49,8";"JOINVILLE";"Velocidade incompatível";"Colisão traseira";"Com Vítimas Feridas";"Pleno dia";"Crescente";"Chuva";"Dupla";"Reta";"Rural";5;0;1;0;4;0;1;4
83450768;"25/03/16";"Sexta";"16:20:00";"RS";386;"325,3";"MARQUES DE SOUZA";"Velocidade incompatível";"Colisão lateral";"Sem Vítimas";"Pleno dia";"Decrescente";"Chuva";"Simples";"Curva";"Rural";2;0;0;0;2;0;0;2
83450769;"25/03/16";"Sexta";"10:00:00";"MG";50;"50";"ARAGUARI";"Velocidade incompatível";"Saída de Pista";"Sem Vítimas";"Pleno dia";"Crescente";"Chuva";"Dupla";"Curva";"Rural";1;0;0;0;1;0;0;1
83450770;"25/03/16";"Sexta";"07:22:00";"CE";222;"181";"SOBRAL";"Falta de atenção";"Colisão lateral";"Com Vítimas Feridas";"Pleno dia";"Crescente";"Sol";"Simples";"Curva";"Rural";3;0;1;1;0;1;2;2
83450771;"25/03/16";"Sexta";"15:00:00";"MG";381;"905,2";"CAMBUI";"Velocidade incompatível";"Saída de Pista";"Com Vítimas Feridas";"Pleno dia";"Decrescente";"Nublado";"Dupla";"Curva";"Rural";5;0;1;3;1;0;4;1
83450772;"25/03/16";"Sexta";"15:25:00";"SC";282;"596";"CUNHA PORA";"Falta de atenção";"Colisão lateral";"Com Vítimas Feridas";"Pleno dia";"Crescente";"Nublado";"Simples";"Reta";"Rural";3;0;1;0;2;0;1;2
83450773;"25/03/16";"Sexta";"08:20:00";"DF";70;"8,8";"BRASILIA";"Dormindo";"Colisão traseira";"Com Vítimas Feridas";"Pleno dia";"Decrescente";"Nublado";"Dupla";"Reta";"Urbano";3;0;1;2;0;0;3;2
83450774;"22/03/16";"Terça";"20:50:00";"MG";381;"495,9";"BETIM";"Velocidade incompatível";"Colisão traseira";"Com Vítimas Feridas";"Plena noite";"Crescente";"Ceu Claro";"Dupla";"Curva";"Urbano";2;0;1;0;1;0;1;2
83450775;"25/03/16";"Sexta";"14:30:00";"PB";230;"399,7";"POMBAL";"Falta de atenção";"Colisão Transversal";"Com Vítimas Feridas";"Pleno dia";"Decrescente";"Ceu Claro";"Simples";"Reta";"Rural";3;0;1;1;1;0;2;2
83450776;"25/03/16";"Sexta";"13:15:00";"RJ";40;"116";"DUQUE DE CAXIAS";"Outras";"Saída de Pista";"Sem Vítimas";"Pleno dia";"Crescente";"Sol";"Dupla";"Reta";"Urbano";4;0;0;0;4;0;0;2
83450777;"25/03/16";"Sexta";"14:50:00";"SP";153;"293,3";"OCAUCU";"Outras";"Tombamento";"Sem Vítimas";"Pleno dia";"Crescente";"Nublado";"Simples";"Reta";"Urbano";2;0;0;0;2;0;0;2
83450778;"25/03/16";"Sexta";"14:30:00";"RJ";101;"322";"RIO DE JANEIRO";"Outras";"Colisão lateral";"Com Vítimas Feridas";"Pleno dia";"Decrescente";"Sol";"Dupla";"Reta";"Urbano";2;0;1;0;1;0;1;2
83450779;"25/03/16";"Sexta";"16:15:00";"PR";376;"679";"GUARATUBA";"Velocidade incompatível";"Tombamento";"Sem Vítimas";"Pleno dia";"Crescente";"Chuva";"Dupla";"Curva";"Rural";1;0;0;0;1;0;0;1
83450780;"25/03/16";"Sexta";"15:40:00";"MG";381;"934";"EXTREMA";"Velocidade incompatível";"Saída de Pista";"Com Vítimas Feridas";"Pleno dia";"Decrescente";"Chuva";"Dupla";"Curva";"Urbano";2;0;1;0;1;0;1;1
83450781;"25/03/16";"Sexta";"15:10:00";"PR";376;"651";"TIJUCAS DO SUL";"Velocidade incompatível";"Colisão com objeto fixo";"Com Vítimas Feridas";"Pleno dia";"Decrescente";"Chuva";"Dupla";"Curva";"Rural";4;0;4;0;0;0;4;1
83450782;"25/03/16";"Sexta";"14:30:00";"MG";262;"449,5";"NOVA SERRANA";"Falta de atenção";"Colisão Transversal";"Sem Vítimas";"Pleno dia";"Decrescente";"Ceu Claro";"Simples";"Reta";"Rural";2;0;0;0;2;0;0;2
83450783;"21/03/16";"Segunda";"14:30:00";"RO";364;"711";"PORTO VELHO";"Não guardar distância de segurança";"Colisão lateral";"Com Vítimas Feridas";"Pleno dia";"Decrescente";"Sol";"Dupla";"Reta";"Urbano";2;0;1;0;1;0;1;2
83450784;"25/03/16";"Sexta";"17:32:00";"ES";101;"253";"SERRA";"Outras";"Colisão Transversal";"Sem Vítimas";"Plena noite";"Crescente";"Ceu Claro";"Simples";"Reta";"Rural";2;0;0;0;1;1;0;2
83450785;"25/03/16";"Sexta";"11:00:00";"MG";50;"16,9";"ARAGUARI";"Velocidade incompatível";"Saída de Pista";"Com Vítimas Feridas";"Pleno dia";"Decrescente";"Chuva";"Dupla";"Curva";"Rural";2;0;2;0;0;0;2;1
83450786;"21/03/16";"Segunda";"18:20:00";"MG";381;"491,5";"BETIM";"Outras";"Colisão lateral";"Com Vítimas Feridas";"Anoitecer";"Decrescente";"Ceu Claro";"Dupla";"Curva";"Urbano";2;0;1;0;1;0;1;2
83450787;"25/03/16";"Sexta";"17:25:00";"RS";386;"417,8";"MONTENEGRO";"Velocidade incompatível";"Saída de Pista";"Sem Vítimas";"Anoitecer";"Decrescente";"Chuva";"Dupla";"Curva";"Rural";1;0;0;0;1;0;0;1
83450788;"25/03/16";"Sexta";"05:10:00";"SP";381;"89,7";"GUARULHOS";"Falta de atenção";"Colisão traseira";"Com Vítimas Feridas";"Plena noite";"Crescente";"Ceu Claro";"Dupla";"Reta";"Rural";3;0;1;0;2;0;1;2
83450789;"24/03/16";"Quinta";"17:15:00";"AL";101;"73";"MESSIAS";"Ingestão de álcool";"Atropelamento de pessoa";"Com Vítimas Feridas";"Pleno dia";"Decrescente";"Ceu Claro";"Simples";"Reta";"Urbano";2;0;1;0;1;0;1;1
83450790;"25/03/16";"Sexta";"14:00:00";"PE";408;"79,3";"PAUDALHO";"Outras";"Colisão traseira";"Com Vítimas Feridas";"Pleno dia";"Decrescente";"Nublado";"Dupla";"Reta";"Rural";2;0;1;0;1;0;1;2
83450791;"25/03/16";"Sexta";"15:10:00";"PR";116;"178";"QUITANDINHA";"Outras";"Saída de Pista";"Sem Vítimas";"Pleno dia";"Decrescente";"Nublado";"Simples";"Curva";"Rural";2;0;0;0;1;1;0;2
83450792;"25/03/16";"Sexta";"13:00:00";"MG";381;"875";"ESTIVA";"Defeito mecânico em veículo";"Tombamento";"Sem Vítimas";"Pleno dia";"Decrescente";"Sol";"Simples";"Curva";"Rural";1;0;0;0;1;0;0;1
83450793;"25/03/16";"Sexta";"17:40:00";"SE";101;"93";"NOSSA SENHORA DO SOCORRO";"Falta de atenção";"Colisão lateral";"Com Vítimas Feridas";"Anoitecer";"Decrescente";"Ceu Claro";"Dupla";"Reta";"Urbano";3;0;1;1;0;1;2;2
83450794;"25/03/16";"Sexta";"10:30:00";"MS";163;"396,9";"NOVA ALVORADA DO SUL";"Outras";"Saída de Pista";"Sem Vítimas";"Pleno dia";"Crescente";"Chuva";"Simples";"Reta";"Rural";1;0;0;0;1;0;0;1
83450795;"25/03/16";"Sexta";"16:40:00";"RJ";116;"278,6";"BARRA MANSA";"Defeito mecânico em veículo";"Colisão com objeto fixo";"Sem Vítimas";"Pleno dia";"Crescente";"Chuva";"Dupla";"Curva";"Rural";1;0;0;0;1;0;0;1
83450796;"25/03/16";"Sexta";"13:10:00";"RO";364;"161,8";"PIMENTA BUENO";"Outras";"Colisão frontal";"Com Vítimas Fatais";"Pleno dia";"Decrescente";"Chuva";"Simples";"Curva";"Rural";3;2;0;0;1;0;0;2
83450797;"25/03/16";"Sexta";"15:15:00";"SC";101;"177";"BIGUACU";"Velocidade incompatível";"Saída de Pista";"Sem Vítimas";"Pleno dia";"Decrescente";"Chuva";"Dupla";"Reta";"Rural";1;0;0;0;1;0;0;1
83450798;"25/03/16";"Sexta";"18:25:00";"RS";386;"321";"MARQUES DE SOUZA";"Velocidade incompatível";"Saída de Pista";"Sem Vítimas";"Anoitecer";"Crescente";"Chuva";"Simples";"Curva";"Rural";1;0;0;0;1;0;0;1
83450799;"25/03/16";"Sexta";"15:23:00";"MS";163;"335";"RIO BRILHANTE";"Ingestão de álcool";"Capotamento";"Com Vítimas Feridas";"Pleno dia";"Crescente";"Ceu Claro";"Simples";"Reta";"Rural";2;0;1;0;1;0;1;1
83450800;"21/03/16";"Segunda";"07:00:00";"MG";381;"479";"CONTAGEM";"Falta de atenção";"Colisão com objeto fixo";"Com Vítimas Feridas";"Amanhecer";"Decrescente";"Ceu Claro";"Dupla";"Curva";"Urbano";2;0;1;0;1;0;1;2
83450801;"25/03/16";"Sexta";"09:00:00";"MS";163;"363";"NOVA ALVORADA DO SUL";"Velocidade incompatível";"Saída de Pista";"Sem Vítimas";"Pleno dia";"Decrescente";"Chuva";"Simples";"Reta";"Rural";4;0;0;0;4;0;0;1
83450802;"25/03/16";"Sexta";"17:10:00";"SP";116;"334,3";"JUQUITIBA";"Outras";"Colisão com objeto fixo";"Sem Vítimas";"Pleno dia";"Decrescente";"Chuva";"Dupla";"Curva";"Rural";1;0;0;0;1;0;0;1
83450803;"21/03/16";"Segunda";"15:50:00";"ES";101;"266";"SERRA";"Outras";"Colisão com bicicleta";"Com Vítimas Feridas";"Pleno dia";"Decrescente";"Sol";"Dupla";"Cruzamento";"Urbano";2;0;0;1;1;0;1;2
83450804;"25/03/16";"Sexta";"09:30:00";"CE";116;"370,3";"ICO";"Outras";"Saída de Pista";"Com Vítimas Fatais";"Pleno dia";"Crescente";"Ceu Claro";"Simples";"Curva";"Rural";1;1;0;0;0;0;0;1
83450808;"25/03/16";"Sexta";"17:58:00";"SC";101;"93,5";"BARRA VELHA";"Velocidade incompatível";"Capotamento";"Sem Vítimas";"Anoitecer";"Crescente";"Chuva";"Dupla";"Curva";"Rural";1;0;0;0;1;0;0;1
83450809;"25/03/16";"Sexta";"14:00:00";"PE";104;"119,5";"PANELAS";"Ingestão de álcool";"Colisão traseira";"Com Vítimas Feridas";"Pleno dia";"Decrescente";"Sol";"Simples";"Curva";"Rural";4;0;1;0;3;0;1;3
83450810;"25/03/16";"Sexta";"14:20:00";"PR";116;"15,7";"CAMPINA GRANDE DO SUL";"Velocidade incompatível";"Saída de Pista";"Com Vítimas Feridas";"Pleno dia";"Crescente";"Chuva";"Dupla";"Curva";"Rural";2;0;2;0;0;0;2;1
83450811;"25/03/16";"Sexta";"12:00:00";"RS";116;"240";"NOVO HAMBURGO";"Velocidade incompatível";"Saída de Pista";"Com Vítimas Feridas";"Plena noite";"Crescente";"Chuva";"Dupla";"Reta";"Urbano";2;0;2;0;0;0;2;1
83450812;"25/03/16";"Sexta";"17:00:00";"PB";230;"125,5";"RIACHAO DO BACAMARTE";"Velocidade incompatível";"Saída de Pista";"Com Vítimas Feridas";"Pleno dia";"Crescente";"Ceu Claro";"Dupla";"Reta";"Rural";1;0;1;0;0;0;1;1
83450813;"21/03/16";"Segunda";"12:10:00";"RJ";40;"95";"DUQUE DE CAXIAS";"Outras";"Tombamento";"Com Vítimas Feridas";"Pleno dia";"Decrescente";"Sol";"Simples";"Curva";"Urbano";1;0;1;0;0;0;1;1
83450814;"24/03/16";"Quinta";"23:00:00";"PR";476;"126,6";"CURITIBA";"Não guardar distância de segurança";"Colisão traseira";"Com Vítimas Feridas";"Plena noite";"Crescente";"Nublado";"Múltipla";"Reta";"Urbano";4;0;1;0;3;0;1;2
83450815;"25/03/16";"Sexta";"18:50:00";"MG";381;"355,6";"JOAO MONLEVADE";"Animais na Pista";"Atropelamento de animal";"Sem Vítimas";"Plena noite";"Crescente";"Ceu Claro";"Simples";"Reta";"Urbano";1;0;0;0;1;0;0;1
83450816;"25/03/16";"Sexta";"11:30:00";"SC";101;"244";"PALHOCA";"Falta de atenção";"Colisão traseira";"Com Vítimas Feridas";"Pleno dia";"Crescente";"Chuva";"Dupla";"Reta";"Rural";4;0;2;0;2;0;2;2
83450817;"25/03/16";"Sexta";"06:40:00";"CE";116;"69";"CHOROZINHO";"Outras";"Colisão traseira";"Sem Vítimas";"Pleno dia";"Crescente";"Ceu Claro";"Simples";"Reta";"Urbano";2;0;0;0;2;0;0;2
83450818;"25/03/16";"Sexta";"14:20:00";"SP";116;"513";"CAJATI";"Velocidade incompatível";"Colisão com objeto fixo";"Sem Vítimas";"Pleno dia";"Decrescente";"Chuva";"Simples";"Curva";"Rural";4;0;0;0;4;0;0;1
83450819;"20/03/16";"Domingo";"12:00:00";"GO";60;"94,5";"ANAPOLIS";"Ingestão de álcool";"Colisão traseira";"Com Vítimas Fatais";"Pleno dia";"Decrescente";"Ceu Claro";"Dupla";"Reta";"Urbano";2;1;0;0;0;1;0;2
83450820;"18/03/16";"Sexta";"06:00:00";"RJ";116;"273";"BARRA MANSA";"Outras";"Colisão traseira";"Sem Vítimas";"Amanhecer";"Decrescente";"Ceu Claro";"Dupla";"Reta";"Rural";2;0;0;0;2;0;0;2
83450821;"25/03/16";"Sexta";"16:45:00";"SP";116;"517,8";"CAJATI";"Velocidade incompatível";"Capotamento";"Com Vítimas Feridas";"Pleno dia";"Decrescente";"Chuva";"Simples";"Curva";"Rural";2;0;2;0;0;0;2;1
83450822;"25/03/16";"Sexta";"14:00:00";"GO";153;"597";"PONTALINA";"Velocidade incompatível";"Saída de Pista";"Sem Vítimas";"Pleno dia";"Crescente";"Chuva";"Dupla";"Curva";"Rural";5;0;0;0;5;0;0;1
83450823;"24/03/16";"Quinta";"14:30:00";"MT";163;"954";"NOVA SANTA HELENA";"Defeito mecânico em veículo";"Saída de Pista";"Sem Vítimas";"Pleno dia";"Decrescente";"Nublado";"Simples";"Reta";"Rural";1;0;0;0;1;0;0;1
83450824;"25/03/16";"Sexta";"15:40:00";"SP";116;"509,8";"CAJATI";"Falta de atenção";"Colisão com objeto fixo";"Sem Vítimas";"Pleno dia";"Decrescente";"Chuva";"Simples";"Curva";"Rural";1;0;0;0;1;0;0;1
83450825;"25/03/16";"Sexta";"13:00:00";"RJ";465;"19";"NOVA IGUACU";"Ultrapassagem indevida";"Colisão frontal";"Com Vítimas Feridas";"Pleno dia";"Decrescente";"Ceu Claro";"Simples";"Reta";"Urbano";3;0;1;0;2;0;1;3
83450826;"25/03/16";"Sexta";"18:10:00";"MG";50;"203,5";"DELTA";"Ingestão de álcool";"Tombamento";"Sem Vítimas";"Anoitecer";"Decrescente";"Nublado";"Dupla";"Reta";"Rural";1;0;0;0;1;0;0;1
83450827;"22/02/16";"Segunda";"06:40:00";"CE";20;"422";"FORTALEZA";"Ultrapassagem indevida";"Colisão frontal";"Com Vítimas Feridas";"Pleno dia";"Crescente";"Ceu Claro";"Dupla";"Reta";"Urbano";2;0;0;2;0;0;2;2
83450828;"25/03/16";"Sexta";"17:00:00";"MG";381;"372,3";"SAO GONCALO DO RIO ABAIXO";"Outras";"Saída de Pista";"Com Vítimas Feridas";"Pleno dia";"Crescente";"Ceu Claro";"Simples";"Reta";"Urbano";1;0;1;0;0;0;1;1
83450829;"25/03/16";"Sexta";"15:00:00";"RO";364;"693";"CANDEIAS DO JAMARI";"Ingestão de álcool";"Colisão traseira";"Com Vítimas Feridas";"Pleno dia";"Crescente";"Ceu Claro";"Dupla";"Reta";"Rural";2;0;0;1;1;0;1;2
83450830;"25/03/16";"Sexta";"15:50:00";"SP";381;"60";"MAIRIPORA";"Outras";"Capotamento";"Com Vítimas Feridas";"Pleno dia";"Decrescente";"Chuva";"Dupla";"Curva";"Rural";1;0;1;0;0;0;1;1
83450831;"25/03/16";"Sexta";"16:30:00";"RS";392;"160,3";"PIRATINI";"Dormindo";"Saída de Pista";"Com Vítimas Feridas";"Pleno dia";"Crescente";"Chuva";"Simples";"Reta";"Rural";1;0;1;0;0;0;1;1
83450832;"25/03/16";"Sexta";"16:45:00";"DF";60;"29";"BRASILIA";"Defeito na via";"Saída de Pista";"Sem Vítimas";"Pleno dia";"Decrescente";"Chuva";"Dupla";"Reta";"Urbano";1;0;0;0;1;0;0;1
83450833;"25/03/16";"Sexta";"17:40:00";"MG";381;"925,1";"ITAPEVA";"Velocidade incompatível";"Queda de motocicleta / bicicleta / veículo";"Com Vítimas Feridas";"Anoitecer";"Crescente";"Chuva";"Dupla";"Curva";"Rural";2;0;2;0;0;0;2;1
83450834;"25/03/16";"Sexta";"15:40:00";"TO";153;"725,3";"FIGUEIROPOLIS";"Não guardar distância de segurança";"Colisão traseira";"Com Vítimas Feridas";"Pleno dia";"Decrescente";"Chuva";"Simples";"Reta";"Urbano";5;0;1;0;4;0;1;3
83450835;"25/03/16";"Sexta";"16:50:00";"SP";381;"45,6";"ATIBAIA";"Falta de atenção";"Colisão com objeto fixo";"Sem Vítimas";"Pleno dia";"Decrescente";"Chuva";"Dupla";"Reta";"Urbano";1;0;0;0;1;0;0;1
83450836;"25/03/16";"Sexta";"19:40:00";"PR";376;"244,8";"APUCARANA";"Outras";"Queda de motocicleta / bicicleta / veículo";"Com Vítimas Feridas";"Plena noite";"Decrescente";"Chuva";"Simples";"Reta";"Urbano";2;0;1;1;0;0;2;1
83450837;"25/03/16";"Sexta";"13:30:00";"SC";282;"45,5";"AGUAS MORNAS";"Velocidade incompatível";"Colisão frontal";"Com Vítimas Feridas";"Pleno dia";"Decrescente";"Chuva";"Simples";"Curva";"Rural";5;0;2;0;3;0;2;3
83450838;"25/03/16";"Sexta";"20:10:00";"SC";101;"139,3";"BALNEARIO CAMBORIU";"Defeito mecânico em veículo";"Colisão traseira";"Com Vítimas Feridas";"Plena noite";"Crescente";"Chuva";"Simples";"Reta";"Rural";3;0;1;0;2;0;1;2
83450839;"25/03/16";"Sexta";"19:40:00";"PR";376;"535,8";"PALMEIRA";"Animais na Pista";"Atropelamento de animal";"Com Vítimas Feridas";"Plena noite";"Crescente";"Nublado";"Dupla";"Reta";"Rural";2;0;1;1;0;0;2;1
83450840;"25/03/16";"Sexta";"17:30:00";"SC";282;"72";"RANCHO QUEIMADO";"Velocidade incompatível";"Capotamento";"Com Vítimas Feridas";"Pleno dia";"Decrescente";"Nublado";"Simples";"Curva";"Rural";2;0;1;0;1;0;1;1
83450841;"16/03/16";"Quarta";"15:25:00";"ES";101;"85";"SAO MATEUS";"Outras";"Colisão com objeto fixo";"Ignorado";"Pleno dia";"Crescente";"Ceu Claro";"Simples";"Reta";"Rural";1;0;0;0;0;1;0;1
83450842;"25/03/16";"Sexta";"13:30:00";"TO";153;"597,9";"CRIXAS DO TOCANTINS";"Falta de atenção";"Colisão Transversal";"Sem Vítimas";"Pleno dia";"Crescente";"Chuva";"Simples";"Reta";"Urbano";2;0;0;0;2;0;0;2
83450843;"25/03/16";"Sexta";"15:00:00";"PR";116;"37";"CAMPINA GRANDE DO SUL";"Velocidade incompatível";"Colisão com objeto fixo";"Sem Vítimas";"Pleno dia";"Decrescente";"Chuva";"Dupla";"Reta";"Rural";3;0;0;0;3;0;0;1
83450844;"25/03/16";"Sexta";"18:30:00";"SC";101;"173,7";"GOVERNADOR CELSO RAMOS";"Falta de atenção";"Colisão com objeto fixo";"Com Vítimas Feridas";"Anoitecer";"Crescente";"Chuva";"Dupla";"Reta";"Urbano";4;0;1;0;3;0;1;4
83450845;"25/03/16";"Sexta";"17:20:00";"SP";381;"2,6";"VARGEM";"Outras";"Tombamento";"Com Vítimas Feridas";"Pleno dia";"Crescente";"Chuva";"Dupla";"Curva";"Rural";1;0;1;0;0;0;1;1
83450846;"25/03/16";"Sexta";"18:20:00";"SC";101;"174";"TIJUCAS";"Velocidade incompatível";"Saída de Pista";"Com Vítimas Feridas";"Anoitecer";"Decrescente";"Chuva";"Dupla";"Curva";"Rural";6;0;1;0;5;0;1;1
83450847;"25/03/16";"Sexta";"18:40:00";"MG";153;"150";"CAMPO FLORIDO";"Outras";"Capotamento";"Com Vítimas Feridas";"Plena noite";"Decrescente";"Chuva";"Simples";"Curva";"Rural";3;0;1;0;2;0;1;1
83450848;"25/03/16";"Sexta";"20:20:00";"SC";101;"138,7";"BALNEARIO CAMBORIU";"Velocidade incompatível";"Saída de Pista";"Com Vítimas Feridas";"Plena noite";"Crescente";"Chuva";"Dupla";"Reta";"Urbano";2;0;2;0;0;0;2;1
83450849;"25/03/16";"Sexta";"20:20:00";"SE";235;"73";"FREI PAULO";"Falta de atenção";"Atropelamento de pessoa";"Com Vítimas Feridas";"Plena noite";"Decrescente";"Ceu Claro";"Simples";"Reta";"Urbano";2;0;0;1;0;1;1;1
83450850;"25/03/16";"Sexta";"18:20:00";"MT";163;"749";"SORRISO";"Defeito na via";"Saída de Pista";"Sem Vítimas";"Anoitecer";"Crescente";"Chuva";"Dupla";"Reta";"Rural";5;0;0;0;5;0;0;1
83450851;"25/03/16";"Sexta";"16:05:00";"MT";70;"29,3";"BARRA DO GARCAS";"Ingestão de álcool";"Saída de Pista";"Sem Vítimas";"Pleno dia";"Decrescente";"Chuva";"Simples";"Reta";"Rural";1;0;0;0;1;0;0;1
83450852;"25/03/16";"Sexta";"17:50:00";"CE";222;"90,4";"UMIRIM";"Outras";"Colisão traseira";"Com Vítimas Feridas";"Plena noite";"Crescente";"Ceu Claro";"Simples";"Reta";"Urbano";2;0;0;1;0;1;1;2
83450853;"25/03/16";"Sexta";"20:10:00";"MG";135;"404";"BOCAIUVA";"Outras";"Queda de motocicleta / bicicleta / veículo";"Com Vítimas Feridas";"Plena noite";"Decrescente";"Ceu Claro";"Simples";"Curva";"Rural";2;0;2;0;0;0;2;1
83450854;"24/03/16";"Quinta";"18:40:00";"RJ";356;"101";"CARDOSO MOREIRA";"Falta de atenção";"Saída de Pista";"Com Vítimas Feridas";"Anoitecer";"Crescente";"Ceu Claro";"Simples";"Curva";"Rural";1;0;1;0;0;0;1;1
83450855;"25/03/16";"Sexta";"06:00:00";"BA";324;"625";"SALVADOR";"Falta de atenção";"Capotamento";"Com Vítimas Feridas";"Amanhecer";"Crescente";"Ceu Claro";"Múltipla";"Reta";"Urbano";1;0;1;0;0;0;1;1
83450856;"21/03/16";"Segunda";"23:45:00";"MG";381;"478";"CONTAGEM";"Defeito na via";"Colisão com objeto fixo";"Com Vítimas Feridas";"Plena noite";"Crescente";"Ceu Claro";"Dupla";"Reta";"Urbano";1;0;1;0;0;0;1;1
83450857;"25/03/16";"Sexta";"20:40:00";"RS";290;"208,8";"PANTANO GRANDE";"Velocidade incompatível";"Saída de Pista";"Com Vítimas Feridas";"Plena noite";"Decrescente";"Chuva";"Simples";"Reta";"Rural";2;0;1;0;1;0;1;1
83450858;"25/03/16";"Sexta";"19:00:00";"RJ";393;"238";"VASSOURAS";"Desobediência à sinalização";"Colisão Transversal";"Com Vítimas Feridas";"Plena noite";"Crescente";"Nublado";"Simples";"Reta";"Rural";3;0;1;1;1;0;2;2
83450859;"25/03/16";"Sexta";"18:00:00";"MG";381;"764,9";"CAMPANHA";"Velocidade incompatível";"Colisão com objeto fixo";"Sem Vítimas";"Anoitecer";"Crescente";"Chuva";"Dupla";"Curva";"Rural";1;0;0;0;1;0;0;1