"id";"data_inversa";"dia_semana";"horario";"uf";"br";"km";"municipio";"causa_acidente";"tipo_acidente";"classificacao_acidente";"fase_dia";"sentido_via";"condicao_metereologica";"tipo_pista";"tracado_via";"uso_solo";"pessoas";"mortos";"feridos_leves";"feridos_graves";"ilesos";"ignorados";"feridos";"veiculos"
83450974;"18/03/16";"Sexta";"22:10:00";"SP";381;"89,1";"GUARULHOS";"Falta de atenção";"Colisão lateral";"Com Vítimas Feridas";"Plena noite";"Decrescente";"Ceu Claro";"Múltipla";"Reta";"Urbano";3;0;2;0;1;0;2;2
83450975;"26/03/16";"Sábado";"10:20:00";"PR";376;"245";"APUCARANA";"Desobediência à sinalização";"Colisão Transversal";"Sem Vítimas";"Pleno dia";"Decrescente";"Ceu Claro";"Simples";"Reta";"Rural";2;0;0;0;2;0;0;2
83450976;"23/03/16";"Quarta";"06:30:00";"PR";376;"536";"PALMEIRA";"Outras";"Colisão traseira";"Com Vítimas Feridas";"Amanhecer";"Decrescente";"Ceu Claro";"Dupla";"Reta";"Rural";2;0;1;0;1;0;1;2
83450977;"23/03/16";"Quarta";"15:40:00";"MG";381;"872,5";"ESTIVA";"Velocidade incompatível";"Colisão traseira";"Sem Vítimas";"Pleno dia";"Crescente";"Nublado";"Dupla";"Reta";"Rural";2;0;0;0;1;1;0;2
83450979;"24/03/16";"Quinta";"05:55:00";"MG";381;"406";"BOM JESUS DO AMPARO";"Velocidade incompatível";"Colisão frontal";"Com Vítimas Fatais";"Amanhecer";"Crescente";"Chuva";"Simples";"Curva";"Rural";3;1;1;1;0;0;2;2
83450980;"21/03/16";"Segunda";"16:40:00";"SC";101;"190,8";"BIGUACU";"Outras";"Colisão com objeto fixo";"Sem Vítimas";"Pleno dia";"Decrescente";"Chuva";"Dupla";"Curva";"Urbano";1;0;0;0;1;0;0;1
83450981;"15/03/16";"Terça";"03:20:00";"SP";381;"49";"ATIBAIA";"Outras";"Queda de motocicleta / bicicleta / veículo";"Com Vítimas Feridas";"Plena noite";"Crescente";"Ignorada";"Dupla";"Reta";"Urbano";1;0;0;1;0;0;1;1
83450982;"26/03/16";"Sábado";"10:50:00";"RS";116;"237";"NOVO HAMBURGO";"Falta de atenção";"Colisão lateral";"Com Vítimas Feridas";"Pleno dia";"Crescente";"Sol";"Múltipla";"Reta";"Urbano";3;0;2;0;1;0;2;2
83450983;"26/03/16";"Sábado";"12:10:00";"SC";101;"131,5";"BALNEARIO CAMBORIU";"Falta de atenção";"Colisão traseira";"Com Vítimas Feridas";"Pleno dia";"Crescente";"Ceu Claro";"Simples";"Reta";"Urbano";2;0;1;0;0;1;1;2
83450984;"26/03/16";"Sábado";"08:25:00";"SP";153;"14,3";"ICEM";"Falta de atenção";"Colisão lateral";"Com Vítimas Feridas";"Pleno dia";"Decrescente";"Sol";"Simples";"Reta";"Rural";21;0;2;1;17;1;3;3
83450985;"26/03/16";"Sábado";"10:50:00";"PE";101;"97,5";"CABO DE SANTO AGOSTINHO";"Animais na Pista";"Colisão traseira";"Sem Vítimas";"Pleno dia";"Crescente";"Ceu Claro";"Dupla";"Reta";"Urbano";2;0;0;0;2;0;0;2
83450986;"22/03/16";"Terça";"20:00:00";"RR";401;"1";"BOA VISTA";"Outras";"Queda de motocicleta / bicicleta / veículo";"Com Vítimas Feridas";"Anoitecer";"Decrescente";"Ceu Claro";"Dupla";"Reta";"Urbano";2;0;0;2;0;0;2;1
83450987;"26/03/16";"Sábado";"09:00:00";"SC";101;"175";"TIJUCAS";"Falta de atenção";"Colisão com objeto fixo";"Com Vítimas Feridas";"Pleno dia";"Decrescente";"Ceu Claro";"Dupla";"Curva";"Rural";1;0;1;0;0;0;1;1
83450988;"06/02/16";"Sábado";"10:15:00";"BA";242;"562";"OLIVEIRA DOS BREJINHOS";"Outras";"Atropelamento de pessoa";"Com Vítimas Feridas";"Pleno dia";"Decrescente";"Ceu Claro";"Simples";"Reta";"Rural";4;0;1;0;2;1;1;3
83450989;"24/03/16";"Quinta";"20:50:00";"PR";369;"187,3";"ARAPONGAS";"Falta de atenção";"Colisão traseira";"Sem Vítimas";"Plena noite";"Crescente";"Chuva";"Simples";"Reta";"Urbano";2;0;0;0;2;0;0;2
83450990;"26/03/16";"Sábado";"10:00:00";"PR";277;"584";"CASCAVEL";"Falta de atenção";"Colisão traseira";"Sem Vítimas";"Pleno dia";"Decrescente";"Nublado";"Dupla";"Reta";"Urbano";3;0;0;0;3;0;0;3
83450991;"26/03/16";"Sábado";"10:50:00";"RS";290;"96";"PORTO ALEGRE";"Falta de atenção";"Colisão traseira";"Sem Vítimas";"Pleno dia";"Crescente";"Nublado";"Dupla";"Reta";"Urbano";5;0;0;0;5;0;0;5
83450992;"26/03/16";"Sábado";"12:00:00";"MG";381;"517";"IGARAPE";"Falta de atenção";"Colisão lateral";"Sem Vítimas";"Pleno dia";"Crescente";"Nublado";"Dupla";"Curva";"Rural";2;0;0;0;2;0;0;2
83450993;"22/03/16";"Terça";"20:30:00";"BA";116;"389";"SANTA BARBARA";"Ingestão de álcool";"Colisão Transversal";"Com Vítimas Fatais";"Plena noite";"Decrescente";"Ceu Claro";"Simples";"Reta";"Urbano";2;1;0;0;0;1;0;2
83450996;"26/03/16";"Sábado";"10:00:00";"PA";163;"1000";"SANTAREM";"Falta de atenção";"Colisão Transversal";"Com Vítimas Feridas";"Pleno dia";"Crescente";"Sol";"Dupla";"Reta";"Urbano";2;0;1;0;1;0;1;2
83450997;"23/02/16";"Terça";"18:00:00";"PR";277;"99";"CURITIBA";"Outras";"Colisão lateral";"Com Vítimas Feridas";"Anoitecer";"Decrescente";"Chuva";"Dupla";"Reta";"Urbano";2;0;1;0;1;0;1;2
83450998;"26/03/16";"Sábado";"09:35:00";"MG";262;"582,5";"CAMPOS ALTOS";"Outras";"Colisão Transversal";"Sem Vítimas";"Pleno dia";"Crescente";"Chuva";"Simples";"Curva";"Rural";2;0;0;0;2;0;0;2
83450999;"23/03/16";"Quarta";"08:30:00";"RJ";493;"2";"ITABORAI";"Outras";"Colisão Transversal";"Com Vítimas Feridas";"Pleno dia";"Decrescente";"Nublado";"Simples";"Reta";"Urbano";3;0;1;0;2;0;1;2
83451000;"18/03/16";"Sexta";"15:30:00";"BA";324;"575";"SAO SEBASTIAO DO PASSE";"Não guardar distância de segurança";"Colisão traseira";"Sem Vítimas";"Pleno dia";"Decrescente";"Ceu Claro";"Dupla";"Reta";"Rural";2;0;0;0;2;0;0;2
83451001;"22/03/16";"Terça";"15:30:00";"SP";381;"90";"GUARULHOS";"Falta de atenção";"Capotamento";"Sem Vítimas";"Pleno dia";"Decrescente";"Ceu Claro";"Simples";"Curva";"Urbano";2;0;0;0;2;0;0;2
83451002;"22/03/16";"Terça";"20:10:00";"MG";381;"809,7";"SAO GONCALO DO SAPUCAI";"Falta de atenção";"Tombamento";"Com Vítimas Feridas";"Plena noite";"Decrescente";"Nublado";"Dupla";"Reta";"Rural";1;0;1;0;0;0;1;1
83451003;"26/03/16";"Sábado";"09:15:00";"RS";392;"241,3";"CACAPAVA DO SUL";"Velocidade incompatível";"Saída de Pista";"Sem Vítimas";"Pleno dia";"Decrescente";"Nublado";"Simples";"Curva";"Rural";1;0;0;0;1;0;0;1
83451004;"26/03/16";"Sábado";"12:30:00";"GO";153;"644,3";"GOIATUBA";"Defeito mecânico em veículo";"Saída de Pista";"Sem Vítimas";"Pleno dia";"Decrescente";"Chuva";"Dupla";"Reta";"Rural";1;0;0;0;1;0;0;1
83451005;"13/03/16";"Domingo";"05:50:00";"RS";392;"262,4";"CACAPAVA DO SUL";"Desobediência à sinalização";"Saída de Pista";"Com Vítimas Feridas";"Amanhecer";"Crescente";"Ceu Claro";"Simples";"Curva";"Rural";1;0;1;0;0;0;1;1
83451006;"26/03/16";"Sábado";"13:00:00";"MG";381;"441";"SABARA";"Velocidade incompatível";"Colisão lateral";"Com Vítimas Feridas";"Pleno dia";"Decrescente";"Chuva";"Simples";"Curva";"Rural";2;0;0;1;1;0;1;2
83451007;"26/03/16";"Sábado";"11:36:00";"SE";101;"76,1";"LARANJEIRAS";"Não guardar distância de segurança";"Colisão traseira";"Sem Vítimas";"Pleno dia";"Crescente";"Nublado";"Simples";"Reta";"Urbano";2;0;0;0;2;0;0;2
83451008;"23/03/16";"Quarta";"01:30:00";"SC";280;"31";"ARAQUARI";"Ingestão de álcool";"Colisão com objeto fixo";"Sem Vítimas";"Plena noite";"Decrescente";"Ceu Claro";"Simples";"Curva";"Rural";1;0;0;0;1;0;0;1
83451009;"02/03/16";"Quarta";"22:15:00";"RJ";393;"238";"VASSOURAS";"Falta de atenção";"Colisão frontal";"Com Vítimas Feridas";"Plena noite";"Crescente";"Ceu Claro";"Simples";"Reta";"Urbano";3;0;2;0;1;0;2;2
83451010;"22/03/16";"Terça";"17:00:00";"SC";282;"218,3";"LAGES";"Não guardar distância de segurança";"Colisão traseira";"Sem Vítimas";"Pleno dia";"Decrescente";"Ceu Claro";"Simples";"Curva";"Urbano";2;0;0;0;2;0;0;2
83451011;"26/03/16";"Sábado";"12:10:00";"MG";381;"616,6";"OLIVEIRA";"Velocidade incompatível";"Saída de Pista";"Com Vítimas Feridas";"Pleno dia";"Crescente";"Chuva";"Dupla";"Curva";"Rural";3;0;1;0;2;0;1;1
83451012;"22/03/16";"Terça";"06:50:00";"BA";324;"621";"SALVADOR";"Não guardar distância de segurança";"Colisão traseira";"Sem Vítimas";"Pleno dia";"Crescente";"Ceu Claro";"Dupla";"Reta";"Urbano";7;0;0;0;7;0;0;7
83451013;"26/03/16";"Sábado";"09:30:00";"DF";60;"2,8";"BRASILIA";"Falta de atenção";"Colisão com bicicleta";"Com Vítimas Feridas";"Pleno dia";"Crescente";"Ceu Claro";"Dupla";"Reta";"Urbano";3;0;0;1;2;0;1;2
83451014;"26/03/16";"Sábado";"13:05:00";"RS";386;"347,8";"LAJEADO";"Falta de atenção";"Colisão lateral";"Sem Vítimas";"Pleno dia";"Crescente";"Nublado";"Dupla";"Reta";"Urbano";2;0;0;0;2;0;0;2
83451015;"26/03/16";"Sábado";"06:25:00";"MG";40;"82,1";"PARACATU";"Outras";"Saída de Pista";"Com Vítimas Fatais";"Amanhecer";"Crescente";"Chuva";"Simples";"Reta";"Rural";3;2;1;0;0;0;1;1
83451017;"24/03/16";"Quinta";"01:00:00";"RJ";116;"263";"BARRA MANSA";"Outras";"Colisão com objeto fixo";"Com Vítimas Feridas";"Plena noite";"Crescente";"Chuva";"Dupla";"Curva";"Rural";2;0;1;0;1;0;1;2
83451018;"26/03/16";"Sábado";"08:05:00";"SC";101;"157,2";"PORTO BELO";"Falta de atenção";"Colisão com objeto fixo";"Sem Vítimas";"Pleno dia";"Decrescente";"Sol";"Múltipla";"Reta";"Rural";1;0;0;0;1;0;0;1
83451019;"18/03/16";"Sexta";"18:10:00";"DF";40;"5,9";"BRASILIA";"Falta de atenção";"Colisão Transversal";"Com Vítimas Feridas";"Anoitecer";"Decrescente";"Ceu Claro";"Dupla";"Reta";"Urbano";2;0;0;1;1;0;1;2
83451020;"26/03/16";"Sábado";"08:30:00";"SC";282;"89";"ALFREDO WAGNER";"Velocidade incompatível";"Saída de Pista";"Sem Vítimas";"Pleno dia";"Crescente";"Nublado";"Simples";"Curva";"Rural";1;0;0;0;1;0;0;1
83451021;"22/03/16";"Terça";"15:35:00";"MG";262;"359";"BETIM";"Ingestão de álcool";"Saída de Pista";"Sem Vítimas";"Pleno dia";"Crescente";"Ceu Claro";"Dupla";"Reta";"Urbano";1;0;0;0;1;0;0;1
83451022;"26/03/16";"Sábado";"07:20:00";"MG";40;"507,1";"RIBEIRAO DAS NEVES";"Desobediência à sinalização";"Colisão traseira";"Sem Vítimas";"Pleno dia";"Decrescente";"Nublado";"Dupla";"Reta";"Rural";4;0;0;0;3;1;0;2
83451023;"25/03/16";"Sexta";"00:05:00";"SP";116;"190";"SANTA ISABEL";"Defeito mecânico em veículo";"Colisão lateral";"Com Vítimas Feridas";"Plena noite";"Crescente";"Ceu Claro";"Dupla";"Reta";"Rural";2;0;1;0;0;1;1;2
83451024;"23/03/16";"Quarta";"07:20:00";"SC";282;"218,4";"LAGES";"Falta de atenção";"Colisão traseira";"Com Vítimas Feridas";"Pleno dia";"Decrescente";"Ceu Claro";"Simples";"Curva";"Urbano";2;0;1;0;1;0;1;2
83451025;"26/03/16";"Sábado";"05:00:00";"MT";70;"190";"GENERAL CARNEIRO";"Defeito mecânico em veículo";"Saída de Pista";"Sem Vítimas";"Amanhecer";"Crescente";"Sol";"Simples";"Reta";"Rural";1;0;0;0;1;0;0;1
83451027;"26/03/16";"Sábado";"15:00:00";"SC";101;"194";"BIGUACU";"Falta de atenção";"Colisão traseira";"Com Vítimas Feridas";"Pleno dia";"Decrescente";"Sol";"Dupla";"Reta";"Urbano";4;0;1;0;3;0;1;3
83451028;"26/03/16";"Sábado";"07:45:00";"MS";163;"206,6";"CAARAPO";"Velocidade incompatível";"Tombamento";"Sem Vítimas";"Pleno dia";"Decrescente";"Ceu Claro";"Simples";"Curva";"Rural";1;0;0;0;1;0;0;1
83451029;"26/03/16";"Sábado";"15:15:00";"SP";101;"48";"UBATUBA";"Falta de atenção";"Colisão frontal";"Com Vítimas Feridas";"Pleno dia";"Crescente";"Nublado";"Simples";"Reta";"Urbano";2;0;1;0;1;0;1;2
83451031;"26/03/16";"Sábado";"14:05:00";"MG";40;"460,7";"SETE LAGOAS";"Velocidade incompatível";"Tombamento";"Com Vítimas Feridas";"Pleno dia";"Crescente";"Nublado";"Dupla";"Reta";"Rural";3;0;2;0;1;0;2;1
83451032;"26/03/16";"Sábado";"15:40:00";"PR";476;"128,1";"CURITIBA";"Outras";"Queda de motocicleta / bicicleta / veículo";"Com Vítimas Feridas";"Pleno dia";"Decrescente";"Ceu Claro";"Múltipla";"Reta";"Urbano";1;0;1;0;0;0;1;1
83451033;"22/03/16";"Terça";"22:30:00";"PR";158;"3";"CAMPO MOURAO";"Velocidade incompatível";"Colisão com objeto fixo";"Sem Vítimas";"Plena noite";"Crescente";"Ceu Claro";"Simples";"Cruzamento";"Urbano";2;0;0;0;2;0;0;1
83451034;"26/03/16";"Sábado";"14:30:00";"MG";381;"479";"CONTAGEM";"Velocidade incompatível";"Tombamento";"Com Vítimas Feridas";"Pleno dia";"Decrescente";"Chuva";"Dupla";"Reta";"Urbano";2;0;1;0;1;0;1;1
83451035;"24/03/16";"Quinta";"02:00:00";"AC";364;"225,5";"BUJARI";"Animais na Pista";"Atropelamento de animal";"Sem Vítimas";"Plena noite";"Crescente";"Chuva";"Simples";"Reta";"Rural";1;0;0;0;1;0;0;1
83451036;"26/03/16";"Sábado";"14:50:00";"MG";40;"34,3";"PARACATU";"Velocidade incompatível";"Saída de Pista";"Com Vítimas Feridas";"Pleno dia";"Decrescente";"Nublado";"Simples";"Curva";"Rural";4;0;4;0;0;0;4;1
83451037;"18/03/16";"Sexta";"12:30:00";"SC";101;"210";"SAO JOSE";"Defeito mecânico em veículo";"Queda de motocicleta / bicicleta / veículo";"Com Vítimas Feridas";"Pleno dia";"Crescente";"Ceu Claro";"Múltipla";"Reta";"Urbano";2;0;2;0;0;0;2;1
83451038;"26/03/16";"Sábado";"16:00:00";"RS";116;"257";"ESTEIO";"Outras";"Tombamento";"Sem Vítimas";"Pleno dia";"Decrescente";"Ceu Claro";"Dupla";"Reta";"Urbano";3;0;0;0;1;2;0;3
83451039;"26/03/16";"Sábado";"11:40:00";"RJ";465;"20";"NOVA IGUACU";"Outras";"Colisão traseira";"Com Vítimas Feridas";"Pleno dia";"Crescente";"Ceu Claro";"Simples";"Reta";"Urbano";6;0;2;0;3;1;2;4
83451040;"20/03/16";"Domingo";"04:50:00";"PB";104;"132";"CAMPINA GRANDE";"Ingestão de álcool";"Queda de motocicleta / bicicleta / veículo";"Com Vítimas Feridas";"Amanhecer";"Crescente";"Nublado";"Simples";"Reta";"Urbano";1;0;1;0;0;0;1;1
83451041;"22/03/16";"Terça";"07:20:00";"MG";365;"623,4";"UBERLANDIA";"Não guardar distância de segurança";"Colisão lateral";"Com Vítimas Fatais";"Pleno dia";"Decrescente";"Ceu Claro";"Dupla";"Reta";"Urbano";3;1;0;0;2;0;0;3
83451042;"26/03/16";"Sábado";"15:30:00";"PA";316;"4";"ANANINDEUA";"Outras";"Queda de motocicleta / bicicleta / veículo";"Sem Vítimas";"Pleno dia";"Crescente";"Nublado";"Dupla";"Reta";"Urbano";1;0;0;0;1;0;0;1
83451043;"26/03/16";"Sábado";"14:45:00";"PR";376;"652";"TIJUCAS DO SUL";"Velocidade incompatível";"Tombamento";"Sem Vítimas";"Pleno dia";"Decrescente";"Ceu Claro";"Dupla";"Curva";"Rural";1;0;0;0;1;0;0;1
83451044;"26/03/16";"Sábado";"13:15:00";"MG";40;"520";"CONTAGEM";"Defeito na via";"Saída de Pista";"Com Vítimas Feridas";"Pleno dia";"Crescente";"Chuva";"Dupla";"Reta";"Urbano";2;0;0;2;0;0;2;1
83451045;"21/03/16";"Segunda";"08:15:00";"RJ";101;"58";"CAMPOS DOS GOYTACAZES";"Outras";"Saída de Pista";"Com Vítimas Feridas";"Pleno dia";"Crescente";"Ceu Claro";"Simples";"Reta";"Rural";1;0;0;1;0;0;1;1
83451046;"26/03/16";"Sábado";"14:50:00";"MG";365;"385";"PATOS DE MINAS";"Falta de atenção";"Colisão Transversal";"Com Vítimas Feridas";"Pleno dia";"Crescente";"Ceu Claro";"Simples";"Reta";"Rural";5;0;3;0;2;0;3;2
83451047;"26/03/16";"Sábado";"15:45:00";"MG";262;"382";"MATEUS LEME";"Velocidade incompatível";"Capotamento";"Com Vítimas Feridas";"Pleno dia";"Crescente";"Chuva";"Dupla";"Curva";"Rural";1;0;1;0;0;0;1;1
83451048;"22/03/16";"Terça";"18:15:00";"RN";101;"85";"NATAL";"Falta de atenção";"Colisão traseira";"Com Vítimas Feridas";"Plena noite";"Decrescente";"Ceu Claro";"Dupla";"Reta";"Urbano";2;0;1;0;1;0;1;2
83451049;"26/03/16";"Sábado";"15:49:00";"PB";230;"28";"JOAO PESSOA";"Falta de atenção";"Colisão traseira";"Com Vítimas Feridas";"Pleno dia";"Decrescente";"Ceu Claro";"Simples";"Curva";"Urbano";3;0;1;0;2;0;1;2
83451050;"26/03/16";"Sábado";"15:00:00";"SP";116;"406,5";"MIRACATU";"Falta de atenção";"Capotamento";"Com Vítimas Feridas";"Pleno dia";"Decrescente";"Ceu Claro";"Dupla";"Reta";"Rural";2;0;1;0;1;0;1;1
83451051;"23/03/16";"Quarta";"05:05:00";"MG";381;"497,5";"BETIM";"Animais na Pista";"Queda de motocicleta / bicicleta / veículo";"Com Vítimas Feridas";"Plena noite";"Decrescente";"Ceu Claro";"Dupla";"Reta";"Urbano";1;0;1;0;0;0;1;1
83451052;"26/03/16";"Sábado";"15:05:00";"MS";163;"451,8";"CAMPO GRANDE";"Falta de atenção";"Colisão lateral";"Com Vítimas Feridas";"Pleno dia";"Decrescente";"Ceu Claro";"Simples";"Reta";"Rural";3;0;1;0;2;0;1;2
83451053;"26/03/16";"Sábado";"13:40:00";"CE";222;"2,9";"FORTALEZA";"Outras";"Colisão lateral";"Sem Vítimas";"Pleno dia";"Crescente";"Sol";"Múltipla";"Reta";"Urbano";2;0;0;0;1;1;0;2
83451054;"26/03/16";"Sábado";"09:20:00";"MT";70;"260";"PRIMAVERA DO LESTE";"Animais na Pista";"Colisão traseira";"Com Vítimas Feridas";"Pleno dia";"Crescente";"Ceu Claro";"Simples";"Curva";"Rural";3;0;1;0;2;0;1;2
83451055;"26/03/16";"Sábado";"17:00:00";"PR";277;"11";"PARANAGUA";"Ingestão de álcool";"Saída de Pista";"Sem Vítimas";"Pleno dia";"Crescente";"Ceu Claro";"Simples";"Curva";"Rural";1;0;0;0;1;0;0;1
83451056;"26/03/16";"Sábado";"15:30:00";"GO";153;"143,7";"MARA ROSA";"Outras";"Saída de Pista";"Com Vítimas Feridas";"Pleno dia";"Crescente";"Chuva";"Simples";"Curva";"Rural";3;0;1;0;2;0;1;1
83451057;"26/03/16";"Sábado";"15:45:00";"RS";101;"16";"DOM PEDRO DE ALCANTARA";"Falta de atenção";"Colisão lateral";"Sem Vítimas";"Pleno dia";"Crescente";"Ceu Claro";"Dupla";"Reta";"Rural";2;0;0;0;2;0;0;2
83451058;"26/03/16";"Sábado";"14:20:00";"DF";60;"28,5";"BRASILIA";"Falta de atenção";"Capotamento";"Com Vítimas Feridas";"Pleno dia";"Crescente";"Nublado";"Dupla";"Curva";"Rural";3;0;1;2;0;0;3;1
83451059;"25/03/16";"Sexta";"19:00:00";"SP";116;"84";"PINDAMONHANGABA";"Falta de atenção";"Colisão traseira";"Com Vítimas Feridas";"Plena noite";"Decrescente";"Chuva";"Dupla";"Reta";"Urbano";3;0;1;0;1;1;1;2
83451060;"25/03/16";"Sexta";"05:50:00";"MS";163;"673,5";"RIO VERDE DE MATO GROSSO";"Velocidade incompatível";"Tombamento";"Sem Vítimas";"Pleno dia";"Crescente";"Nevoeiro/neblina";"Simples";"Curva";"Rural";1;0;0;0;1;0;0;1
83451061;"22/03/16";"Terça";"20:20:00";"CE";222;"53";"SAO GONCALO DO AMARANTE";"Defeito mecânico em veículo";"Tombamento";"Sem Vítimas";"Pleno dia";"Crescente";"Ceu Claro";"Simples";"Reta";"Urbano";1;0;0;0;1;0;0;1
83451062;"26/03/16";"Sábado";"15:30:00";"MG";364;"1";"PLANURA";"Falta de atenção";"Colisão Transversal";"Com Vítimas Feridas";"Pleno dia";"Decrescente";"Sol";"Simples";"Cruzamento";"Urbano";4;0;2;0;2;0;2;2
83451063;"26/03/16";"Sábado";"16:40:00";"GO";40;"6,8";"VALPARAISO DE GOIAS";"Falta de atenção";"Colisão traseira";"Com Vítimas Feridas";"Pleno dia";"Crescente";"Nublado";"Dupla";"Reta";"Urbano";2;0;1;0;1;0;1;2
83451064;"25/03/16";"Sexta";"00:25:00";"SP";116;"2";"QUELUZ";"Outras";"Capotamento";"Com Vítimas Feridas";"Plena noite";"Crescente";"Chuva";"Dupla";"Reta";"Rural";1;0;1;0;0;0;1;1
83451065;"26/03/16";"Sábado";"17:25:00";"PR";277;"60";"SAO JOSE DOS PINHAIS";"Ingestão de álcool";"Capotamento";"Com Vítimas Feridas";"Pleno dia";"Decrescente";"Sol";"Dupla";"Reta";"Rural";1;0;0;1;0;0;1;1
83451066;"26/03/16";"Sábado";"17:30:00";"MG";381;"516";"IGARAPE";"Defeito mecânico em veículo";"Saída de Pista";"Sem Vítimas";"Pleno dia";"Decrescente";"Nublado";"Dupla";"Curva";"Rural";1;0;0;0;1;0;0;1
83451067;"26/03/16";"Sábado";"17:45:00";"MG";381;"500,5";"BETIM";"Falta de atenção";"Colisão com objeto fixo";"Sem Vítimas";"Anoitecer";"Decrescente";"Nublado";"Dupla";"Reta";"Rural";2;0;0;0;2;0;0;2
83451068;"22/03/16";"Terça";"08:30:00";"MG";365;"489";"PATROCINIO";"Velocidade incompatível";"Saída de Pista";"Com Vítimas Feridas";"Pleno dia";"Crescente";"Ceu Claro";"Simples";"Reta";"Rural";5;0;5;0;0;0;5;1
83451070;"26/03/16";"Sábado";"16:30:00";"MG";116;"537,9";"SANTA RITA DE MINAS";"Dormindo";"Saída de Pista";"Com Vítimas Fatais";"Pleno dia";"Crescente";"Ceu Claro";"Simples";"Reta";"Rural";2;1;0;1;0;0;1;1
83451071;"26/03/16";"Sábado";"16:00:00";"RS";290;"675";"URUGUAIANA";"Outras";"Saída de Pista";"Sem Vítimas";"Pleno dia";"Crescente";"Chuva";"Simples";"Reta";"Rural";2;0;0;0;1;1;0;1
83451072;"26/03/16";"Sábado";"15:30:00";"MG";381;"365,5";"SAO GONCALO DO RIO ABAIXO";"Outras";"Saída de Pista";"Sem Vítimas";"Pleno dia";"Crescente";"Chuva";"Simples";"Curva";"Rural";1;0;0;0;1;0;0;1
83451073;"26/03/16";"Sábado";"17:40:00";"MG";116;"602,5";"SAO JOAO DO MANHUACU";"Outras";"Colisão Transversal";"Com Vítimas Feridas";"Anoitecer";"Crescente";"Nublado";"Simples";"Curva";"Rural";4;0;3;0;1;0;3;2
83451074;"26/03/16";"Sábado";"18:15:00";"PR";376;"211,6";"MANDAGUARI";"Velocidade incompatível";"Saída de Pista";"Com Vítimas Feridas";"Anoitecer";"Decrescente";"Ceu Claro";"Dupla";"Reta";"Rural";1;0;1;0;0;0;1;1
83451075;"22/03/16";"Terça";"18:00:00";"MA";316;"360,6";"BACABAL";"Falta de atenção";"Colisão lateral";"Sem Vítimas";"Anoitecer";"Decrescente";"Nublado";"Simples";"Reta";"Urbano";2;0;0;0;2;0;0;2
83451077;"26/03/16";"Sábado";"16:10:00";"MG";381;"364";"SAO GONCALO DO RIO ABAIXO";"Velocidade incompatível";"Capotamento";"Sem Vítimas";"Pleno dia";"Decrescente";"Chuva";"Simples";"Curva";"Urbano";1;0;0;0;1;0;0;1
83451078;"26/03/16";"Sábado";"15:40:00";"RJ";393;"211,1";"VASSOURAS";"Defeito mecânico em veículo";"Saída de Pista";"Sem Vítimas";"Pleno dia";"Crescente";"Chuva";"Simples";"Reta";"Rural";2;0;0;0;2;0;0;1
83451079;"26/03/16";"Sábado";"09:10:00";"RS";116;"402,7";"CAMAQUA";"Outras";"Capotamento";"Sem Vítimas";"Pleno dia";"Crescente";"Chuva";"Simples";"Reta";"Rural";1;0;0;0;1;0;0;1
83451080;"26/03/16";"Sábado";"14:20:00";"RS";386;"412";"MONTENEGRO";"Falta de atenção";"Colisão traseira";"Sem Vítimas";"Pleno dia";"Decrescente";"Ceu Claro";"Dupla";"Curva";"Urbano";2;0;0;0;2;0;0;2
83451081;"22/03/16";"Terça";"11:10:00";"PR";277;"399,3";"CANDOI";"Outras";"Capotamento";"Com Vítimas Feridas";"Pleno dia";"Crescente";"Chuva";"Simples";"Curva";"Rural";1;0;0;1;0;0;1;1
83451082;"26/03/16";"Sábado";"13:50:00";"RN";101;"83,5";"NATAL";"Ingestão de álcool";"Colisão traseira";"Sem Vítimas";"Pleno dia";"Decrescente";"Ceu Claro";"Dupla";"Reta";"Urbano";2;0;0;0;2;0;0;2
83451083;"26/03/16";"Sábado";"18:00:00";"RJ";40;"7";"COMENDADOR LEVY GASPARIAN";"Falta de atenção";"Queda de motocicleta / bicicleta / veículo";"Com Vítimas Feridas";"Anoitecer";"Decrescente";"Chuva";"Simples";"Cruzamento";"Urbano";1;0;0;1;0;0;1;1
83451084;"26/03/16";"Sábado";"18:45:00";"SE";101;"94";"NOSSA SENHORA DO SOCORRO";"Ingestão de álcool";"Colisão com objeto fixo";"Com Vítimas Feridas";"Plena noite";"Decrescente";"Ceu Claro";"Simples";"Curva";"Rural";2;0;0;1;1;0;1;2
83451085;"18/03/16";"Sexta";"14:00:00";"RJ";101;"197";"CASIMIRO DE ABREU";"Outras";"Colisão Transversal";"Sem Vítimas";"Pleno dia";"Crescente";"Chuva";"Dupla";"Curva";"Rural";2;0;0;0;2;0;0;2
83451086;"26/03/16";"Sábado";"16:15:00";"MG";381;"364";"SAO GONCALO DO RIO ABAIXO";"Falta de atenção";"Colisão Transversal";"Sem Vítimas";"Pleno dia";"Decrescente";"Nublado";"Simples";"Curva";"Rural";2;0;0;0;2;0;0;2
83451088;"26/03/16";"Sábado";"16:40:00";"RJ";40;"0,4";"COMENDADOR LEVY GASPARIAN";"Falta de atenção";"Colisão com objeto fixo";"Sem Vítimas";"Pleno dia";"Decrescente";"Chuva";"Dupla";"Curva";"Rural";4;0;0;0;4;0;0;1
83451089;"26/03/16";"Sábado";"18:30:00";"MT";174;"8";"CACERES";"Outras";"Tombamento";"Com Vítimas Feridas";"Anoitecer";"Decrescente";"Nublado";"Simples";"Curva";"Rural";2;0;1;0;1;0;1;1
83451090;"26/03/16";"Sábado";"12:10:00";"MG";381;"717,2";"CARMO DA CACHOEIRA";"Velocidade incompatível";"Saída de Pista";"Com Vítimas Feridas";"Pleno dia";"Decrescente";"Chuva";"Dupla";"Curva";"Rural";1;0;1;0;0;0;1;1