"id";"data_inversa";"dia_semana";"horario";"uf";"br";"km";"municipio";"causa_acidente";"tipo_acidente";"classificacao_acidente";"fase_dia";"sentido_via";"condicao_metereologica";"tipo_pista";"tracado_via";"uso_solo";"pessoas";"mortos";"feridos_leves";"feridos_graves";"ilesos";"ignorados";"feridos";"veiculos"
83451311;"27/03/16";"Domingo";"06:40:00";"ES";259;"43,9";"COLATINA";"Falta de atenção";"Colisão lateral";"Com Vítimas Fatais";"Pleno dia";"Crescente";"Ceu Claro";"Simples";"Reta";"Rural";2;1;0;0;1;0;0;2
83451312;"27/03/16";"Domingo";"16:00:00";"ES";101;"346,6";"GUARAPARI";"Não guardar distância de segurança";"Colisão traseira";"Sem Vítimas";"Pleno dia";"Decrescente";"Ceu Claro";"Simples";"Reta";"Rural";2;0;0;0;2;0;0;2
83451313;"27/03/16";"Domingo";"14:15:00";"RN";101;"94,3";"NATAL";"Dormindo";"Capotamento";"Com Vítimas Feridas";"Pleno dia";"Decrescente";"Ceu Claro";"Dupla";"Curva";"Urbano";3;0;3;0;0;0;3;1
83451314;"27/03/16";"Domingo";"15:40:00";"PA";316;"16,5";"MARITUBA";"Não guardar distância de segurança";"Colisão traseira";"Sem Vítimas";"Pleno dia";"Decrescente";"Nublado";"Dupla";"Reta";"Rural";3;0;0;0;3;0;0;3
83451315;"27/03/16";"Domingo";"13:00:00";"SC";101;"176,4";"BIGUACU";"Falta de atenção";"Capotamento";"Com Vítimas Feridas";"Pleno dia";"Decrescente";"Sol";"Dupla";"Reta";"Rural";4;0;1;0;3;0;1;2
83451316;"23/03/16";"Quarta";"15:50:00";"GO";158;"260";"JATAI";"Defeito mecânico em veículo";"Capotamento";"Sem Vítimas";"Pleno dia";"Crescente";"Ceu Claro";"Simples";"Reta";"Rural";2;0;0;0;2;0;0;1
83451317;"24/03/16";"Quinta";"23:10:00";"SP";116;"34";"CRUZEIRO";"Velocidade incompatível";"Colisão traseira";"Com Vítimas Feridas";"Plena noite";"Decrescente";"Chuva";"Dupla";"Reta";"Rural";3;0;2;0;1;0;2;2
83451318;"27/03/16";"Domingo";"12:45:00";"RO";364;"308";"PRESIDENTE MEDICI";"Falta de atenção";"Colisão traseira";"Com Vítimas Feridas";"Pleno dia";"Decrescente";"Sol";"Simples";"Reta";"Urbano";2;0;1;0;1;0;1;2
83451319;"27/03/16";"Domingo";"15:20:00";"GO";60;"206";"GUAPO";"Falta de atenção";"Colisão traseira";"Sem Vítimas";"Pleno dia";"Crescente";"Chuva";"Dupla";"Reta";"Urbano";2;0;0;0;2;0;0;2
83451320;"27/03/16";"Domingo";"09:45:00";"PE";316;"280,4";"BELEM DE SAO FRANCISCO";"Animais na Pista";"Capotamento";"Com Vítimas Feridas";"Pleno dia";"Crescente";"Ceu Claro";"Simples";"Reta";"Rural";4;0;3;0;1;0;3;1
83451321;"27/03/16";"Domingo";"13:30:00";"PE";232;"393,6";"SERRA TALHADA";"Ultrapassagem indevida";"Colisão lateral";"Com Vítimas Fatais";"Pleno dia";"Crescente";"Sol";"Simples";"Reta";"Rural";3;1;0;1;1;0;1;2
83451322;"27/03/16";"Domingo";"14:00:00";"MT";158;"796";"BARRA DO GARCAS";"Ingestão de álcool";"Colisão traseira";"Sem Vítimas";"Pleno dia";"Crescente";"Ceu Claro";"Simples";"Reta";"Rural";2;0;0;0;2;0;0;2
83451323;"27/03/16";"Domingo";"16:30:00";"SC";101;"338";"TUBARAO";"Velocidade incompatível";"Colisão traseira";"Com Vítimas Feridas";"Pleno dia";"Crescente";"Sol";"Dupla";"Curva";"Urbano";5;0;1;0;4;0;1;4
83451324;"27/03/16";"Domingo";"15:40:00";"SC";101;"27";"JOINVILLE";"Desobediência à sinalização";"Colisão Transversal";"Com Vítimas Feridas";"Pleno dia";"Crescente";"Sol";"Simples";"Cruzamento";"Urbano";2;0;0;1;1;0;1;2
83451325;"27/03/16";"Domingo";"15:30:00";"SC";101;"63";"ARAQUARI";"Velocidade incompatível";"Queda de motocicleta / bicicleta / veículo";"Com Vítimas Feridas";"Pleno dia";"Crescente";"Ceu Claro";"Dupla";"Reta";"Rural";1;0;0;1;0;0;1;1
83451326;"24/03/16";"Quinta";"19:50:00";"CE";116;"15,4";"FORTALEZA";"Ingestão de álcool";"Atropelamento de pessoa";"Com Vítimas Feridas";"Plena noite";"Crescente";"Ceu Claro";"Múltipla";"Reta";"Urbano";2;0;1;0;1;0;1;1
83451327;"27/03/16";"Domingo";"15:10:00";"MA";135;"96";"ITAPECURU MIRIM";"Não guardar distância de segurança";"Colisão traseira";"Sem Vítimas";"Pleno dia";"Decrescente";"Nublado";"Simples";"Reta";"Rural";3;0;0;0;3;0;0;3
83451328;"27/03/16";"Domingo";"13:50:00";"MG";40;"566";"NOVA LIMA";"Velocidade incompatível";"Colisão traseira";"Com Vítimas Feridas";"Pleno dia";"Decrescente";"Chuva";"Simples";"Reta";"Urbano";3;0;0;1;2;0;1;2
83451329;"27/03/16";"Domingo";"16:35:00";"MG";381;"780";"CAMPANHA";"Falta de atenção";"Queda de motocicleta / bicicleta / veículo";"Sem Vítimas";"Pleno dia";"Decrescente";"Ceu Claro";"Dupla";"Curva";"Rural";1;0;0;0;1;0;0;1
83451330;"27/03/16";"Domingo";"13:10:00";"SC";470;"176,4";"POUSO REDONDO";"Falta de atenção";"Colisão lateral";"Com Vítimas Feridas";"Pleno dia";"Decrescente";"Ceu Claro";"Simples";"Reta";"Urbano";4;0;2;0;2;0;2;2
83451331;"27/03/16";"Domingo";"16:20:00";"SC";280;"271,4";"IRINEOPOLIS";"Não guardar distância de segurança";"Colisão traseira";"Com Vítimas Feridas";"Pleno dia";"Decrescente";"Ceu Claro";"Simples";"Reta";"Rural";7;0;3;0;4;0;3;4
83451332;"27/03/16";"Domingo";"16:15:00";"SC";101;"404";"MARACAJA";"Defeito mecânico em veículo";"Colisão com objeto fixo";"Sem Vítimas";"Pleno dia";"Decrescente";"Ceu Claro";"Dupla";"Curva";"Urbano";1;0;0;0;1;0;0;1
83451333;"27/03/16";"Domingo";"14:30:00";"PA";316;"79";"SAO FRANCISCO DO PARA";"Não guardar distância de segurança";"Colisão traseira";"Sem Vítimas";"Pleno dia";"Decrescente";"Ceu Claro";"Simples";"Reta";"Rural";6;0;0;0;6;0;0;2
83451334;"27/03/16";"Domingo";"11:05:00";"RJ";40;"122";"DUQUE DE CAXIAS";"Outras";"Atropelamento de pessoa";"Com Vítimas Feridas";"Pleno dia";"Crescente";"Ceu Claro";"Múltipla";"Reta";"Urbano";2;0;0;1;1;0;1;1
83451335;"27/03/16";"Domingo";"17:05:00";"SE";235;"49";"ITABAIANA";"Outras";"Queda de motocicleta / bicicleta / veículo";"Com Vítimas Feridas";"Pleno dia";"Crescente";"Ceu Claro";"Simples";"Reta";"Urbano";1;0;1;0;0;0;1;1
83451336;"27/03/16";"Domingo";"14:15:00";"MG";365;"738";"CANAPOLIS";"Defeito mecânico em veículo";"Queda de motocicleta / bicicleta / veículo";"Com Vítimas Feridas";"Pleno dia";"Decrescente";"Ceu Claro";"Simples";"Reta";"Rural";1;0;1;0;0;0;1;1
83451337;"27/03/16";"Domingo";"15:45:00";"MT";364;"325";"JACIARA";"Outras";"Capotamento";"Com Vítimas Feridas";"Pleno dia";"Crescente";"Chuva";"Dupla";"Reta";"Rural";3;0;1;0;2;0;1;1
83451338;"27/03/16";"Domingo";"16:50:00";"GO";153;"628";"MORRINHOS";"Defeito mecânico em veículo";"Capotamento";"Com Vítimas Feridas";"Pleno dia";"Decrescente";"Chuva";"Dupla";"Curva";"Rural";2;0;0;1;1;0;1;1
83451339;"27/03/16";"Domingo";"05:00:00";"BA";20;"165";"LUIS EDUARDO MAGALHAES";"Defeito mecânico em veículo";"Saída de Pista";"Sem Vítimas";"Amanhecer";"Decrescente";"Ceu Claro";"Simples";"Reta";"Rural";1;0;0;0;1;0;0;1
83451340;"27/03/16";"Domingo";"16:40:00";"MS";267;"471,2";"GUIA LOPES DA LAGUNA";"Animais na Pista";"Colisão traseira";"Sem Vítimas";"Pleno dia";"Decrescente";"Ceu Claro";"Simples";"Reta";"Rural";2;0;0;0;2;0;0;2
83451341;"25/03/16";"Sexta";"02:50:00";"MG";40;"764,7";"JUIZ DE FORA";"Velocidade incompatível";"Saída de Pista";"Com Vítimas Feridas";"Plena noite";"Crescente";"Ceu Claro";"Simples";"Curva";"Rural";2;0;2;0;0;0;2;1
83451342;"27/03/16";"Domingo";"16:32:00";"RS";386;"333,3";"MARQUES DE SOUZA";"Não guardar distância de segurança";"Colisão traseira";"Com Vítimas Feridas";"Pleno dia";"Crescente";"Sol";"Simples";"Curva";"Rural";7;0;7;0;0;0;7;3
83451343;"27/03/16";"Domingo";"17:00:00";"PE";101;"52,9";"PAULISTA";"Desobediência à sinalização";"Colisão lateral";"Com Vítimas Feridas";"Pleno dia";"Decrescente";"Nublado";"Simples";"Reta";"Urbano";8;0;3;0;2;3;3;2
83451344;"27/03/16";"Domingo";"16:50:00";"SC";101;"119,8";"ITAJAI";"Não guardar distância de segurança";"Colisão traseira";"Com Vítimas Fatais";"Pleno dia";"Crescente";"Nublado";"Simples";"Reta";"Urbano";6;1;1;0;4;0;1;5
83451345;"27/03/16";"Domingo";"16:00:00";"MA";10;"211,9";"RIBAMAR FIQUENE";"Falta de atenção";"Tombamento";"Com Vítimas Feridas";"Pleno dia";"Crescente";"Sol";"Simples";"Reta";"Rural";2;0;0;1;1;0;1;1
83451346;"03/01/16";"Domingo";"10:00:00";"RJ";101;"252";"RIO BONITO";"Outras";"Colisão com objeto fixo";"Sem Vítimas";"Pleno dia";"Decrescente";"Ceu Claro";"Múltipla";"Reta";"Rural";1;0;0;0;1;0;0;1
83451347;"27/03/16";"Domingo";"16:05:00";"PB";101;"42";"MAMANGUAPE";"Falta de atenção";"Colisão lateral";"Sem Vítimas";"Pleno dia";"Decrescente";"Nublado";"Dupla";"Reta";"Rural";2;0;0;0;2;0;0;2
83451349;"27/03/16";"Domingo";"15:50:00";"MT";70;"514";"VARZEA GRANDE";"Desobediência à sinalização";"Colisão Transversal";"Sem Vítimas";"Pleno dia";"Decrescente";"Ceu Claro";"Simples";"Reta";"Urbano";2;0;0;0;2;0;0;2
83451350;"27/03/16";"Domingo";"16:30:00";"SC";101;"118";"ITAJAI";"Não guardar distância de segurança";"Colisão traseira";"Sem Vítimas";"Pleno dia";"Crescente";"Ceu Claro";"Dupla";"Reta";"Rural";13;0;0;0;13;0;0;6
83451351;"27/03/16";"Domingo";"18:00:00";"RS";386;"155";"ALMIRANTE TAMANDARE DO SUL";"Não guardar distância de segurança";"Colisão traseira";"Sem Vítimas";"Anoitecer";"Crescente";"Chuva";"Simples";"Reta";"Rural";2;0;0;0;2;0;0;2
83451352;"27/03/16";"Domingo";"13:31:00";"MG";50;"54";"ARAGUARI";"Velocidade incompatível";"Colisão frontal";"Com Vítimas Fatais";"Pleno dia";"Decrescente";"Ceu Claro";"Dupla";"Curva";"Rural";5;1;1;2;1;0;3;3
83451353;"27/03/16";"Domingo";"15:45:00";"MA";10;"275,5";"IMPERATRIZ";"Falta de atenção";"Colisão lateral";"Com Vítimas Feridas";"Pleno dia";"Crescente";"Ceu Claro";"Simples";"Reta";"Rural";3;0;1;0;2;0;1;2
83451354;"27/03/16";"Domingo";"16:00:00";"SP";116;"515,6";"CAJATI";"Defeito mecânico em veículo";"Tombamento";"Sem Vítimas";"Pleno dia";"Decrescente";"Ceu Claro";"Simples";"Curva";"Rural";1;0;0;0;1;0;0;1
83451355;"27/03/16";"Domingo";"17:30:00";"PR";116;"152,5";"MANDIRITUBA";"Falta de atenção";"Colisão Transversal";"Com Vítimas Feridas";"Pleno dia";"Crescente";"Ceu Claro";"Simples";"Reta";"Urbano";3;0;1;0;2;0;1;2
83451356;"27/03/16";"Domingo";"17:44:00";"AP";210;"2";"MACAPA";"Desobediência à sinalização";"Colisão Transversal";"Com Vítimas Feridas";"Anoitecer";"Decrescente";"Ceu Claro";"Dupla";"Cruzamento";"Urbano";2;0;1;0;1;0;1;2
83451357;"27/03/16";"Domingo";"06:00:00";"RS";293;"111,1";"PINHEIRO MACHADO";"Falta de atenção";"Saída de Pista";"Sem Vítimas";"Amanhecer";"Crescente";"Nevoeiro/neblina";"Simples";"Curva";"Rural";1;0;0;0;1;0;0;1
83451358;"27/03/16";"Domingo";"17:35:00";"RS";116;"382";"ARAMBARE";"Não guardar distância de segurança";"Colisão traseira";"Com Vítimas Feridas";"Pleno dia";"Decrescente";"Nublado";"Simples";"Reta";"Rural";2;0;1;0;1;0;1;2
83451359;"27/03/16";"Domingo";"13:40:00";"RN";304;"122";"ITAJA";"Ultrapassagem indevida";"Colisão lateral";"Com Vítimas Feridas";"Pleno dia";"Crescente";"Sol";"Simples";"Reta";"Rural";5;0;2;0;2;1;2;4
83451360;"27/03/16";"Domingo";"18:15:00";"PE";232;"134";"CARUARU";"Falta de atenção";"Colisão traseira";"Sem Vítimas";"Plena noite";"Decrescente";"Nublado";"Dupla";"Reta";"Urbano";3;0;0;0;3;0;0;3
83451361;"25/03/16";"Sexta";"12:05:00";"SP";116;"340,1";"MIRACATU";"Falta de atenção";"Colisão com objeto fixo";"Sem Vítimas";"Pleno dia";"Crescente";"Nublado";"Dupla";"Curva";"Rural";2;0;0;0;2;0;0;2
83451362;"27/03/16";"Domingo";"16:50:00";"MG";381;"516";"IGARAPE";"Outras";"Capotamento";"Com Vítimas Feridas";"Pleno dia";"Decrescente";"Chuva";"Dupla";"Reta";"Rural";4;0;2;0;2;0;2;2
83451363;"27/03/16";"Domingo";"15:00:00";"MG";40;"509";"RIBEIRAO DAS NEVES";"Falta de atenção";"Colisão traseira";"Com Vítimas Feridas";"Pleno dia";"Crescente";"Ceu Claro";"Dupla";"Cruzamento";"Urbano";3;0;2;0;1;0;2;2
83451364;"27/03/16";"Domingo";"08:00:00";"MG";381;"179,9";"PERIQUITO";"Velocidade incompatível";"Saída de Pista";"Com Vítimas Fatais";"Pleno dia";"Crescente";"Ceu Claro";"Simples";"Curva";"Rural";1;1;0;0;0;0;0;1
83451365;"23/03/16";"Quarta";"06:50:00";"DF";40;"5";"BRASILIA";"Outras";"Colisão lateral";"Com Vítimas Feridas";"Pleno dia";"Decrescente";"Ceu Claro";"Dupla";"Reta";"Urbano";2;0;1;0;1;0;1;2
83451366;"24/03/16";"Quinta";"07:20:00";"CE";20;"304";"CANINDE";"Desobediência à sinalização";"Colisão lateral";"Com Vítimas Feridas";"Pleno dia";"Decrescente";"Ceu Claro";"Simples";"Reta";"Rural";3;0;2;0;1;0;2;2
83451367;"26/03/16";"Sábado";"10:00:00";"MG";262;"578,3";"CORREGO DANTA";"Velocidade incompatível";"Saída de Pista";"Sem Vítimas";"Pleno dia";"Decrescente";"Chuva";"Simples";"Curva";"Rural";1;0;0;0;1;0;0;1
83451368;"27/03/16";"Domingo";"11:50:00";"RS";116;"150";"CAXIAS DO SUL";"Falta de atenção";"Colisão lateral";"Sem Vítimas";"Pleno dia";"Decrescente";"Nublado";"Múltipla";"Cruzamento";"Urbano";3;0;0;0;3;0;0;2
83451369;"27/03/16";"Domingo";"16:50:00";"MG";116;"262";"TEOFILO OTONI";"Defeito mecânico em veículo";"Saída de Pista";"Sem Vítimas";"Pleno dia";"Decrescente";"Ceu Claro";"Simples";"Curva";"Rural";1;0;0;0;1;0;0;1
83451370;"27/03/16";"Domingo";"15:55:00";"MG";262;"479,5";"BOM DESPACHO";"Não guardar distância de segurança";"Colisão Transversal";"Com Vítimas Feridas";"Pleno dia";"Decrescente";"Nublado";"Simples";"Reta";"Rural";5;0;3;1;1;0;4;3
83451371;"22/03/16";"Terça";"22:45:00";"TO";153;"320";"GUARAI";"Outras";"Colisão traseira";"Com Vítimas Feridas";"Plena noite";"Crescente";"Ceu Claro";"Simples";"Reta";"Rural";2;0;0;1;1;0;1;2
83451372;"27/03/16";"Domingo";"16:00:00";"CE";20;"170";"PEDRA BRANCA";"Defeito na via";"Saída de Pista";"Sem Vítimas";"Pleno dia";"Crescente";"Ceu Claro";"Simples";"Reta";"Rural";4;0;0;0;4;0;0;1
83451373;"27/03/16";"Domingo";"17:20:00";"RS";386;"156";"ALMIRANTE TAMANDARE DO SUL";"Não guardar distância de segurança";"Colisão traseira";"Sem Vítimas";"Anoitecer";"Crescente";"Chuva";"Simples";"Reta";"Rural";3;0;0;0;3;0;0;3
83451374;"26/03/16";"Sábado";"00:20:00";"RJ";40;"114";"DUQUE DE CAXIAS";"Velocidade incompatível";"Capotamento";"Com Vítimas Feridas";"Plena noite";"Decrescente";"Ceu Claro";"Múltipla";"Reta";"Urbano";2;0;1;0;1;0;1;1
83451375;"11/03/16";"Sexta";"01:00:00";"RJ";101;"110";"CAMPOS DOS GOYTACAZES";"Não guardar distância de segurança";"Colisão traseira";"Com Vítimas Feridas";"Plena noite";"Crescente";"Ignorada";"Dupla";"Reta";"Rural";2;0;1;0;1;0;1;2
83451376;"27/03/16";"Domingo";"17:30:00";"MS";262;"388,5";"TERENOS";"Não guardar distância de segurança";"Colisão traseira";"Sem Vítimas";"Anoitecer";"Decrescente";"Ceu Claro";"Simples";"Reta";"Rural";9;0;0;0;9;0;0;2
83451377;"27/03/16";"Domingo";"16:45:00";"RS";101;"54,5";"TERRA DE AREIA";"Outras";"Saída de Pista";"Com Vítimas Feridas";"Pleno dia";"Crescente";"Ceu Claro";"Dupla";"Curva";"Rural";2;0;2;0;0;0;2;1
83451378;"27/03/16";"Domingo";"18:05:00";"RS";285;"199,1";"LAGOA VERMELHA";"Desobediência à sinalização";"Colisão Transversal";"Com Vítimas Feridas";"Anoitecer";"Decrescente";"Chuva";"Simples";"Cruzamento";"Urbano";2;0;1;0;1;0;1;2
83451379;"26/03/16";"Sábado";"14:29:00";"MG";262;"585,7";"CAMPOS ALTOS";"Velocidade incompatível";"Saída de Pista";"Sem Vítimas";"Pleno dia";"Decrescente";"Chuva";"Simples";"Curva";"Rural";1;0;0;0;1;0;0;1
83451380;"24/03/16";"Quinta";"04:30:00";"PR";158;"200,5";"PEABIRU";"Velocidade incompatível";"Saída de Pista";"Sem Vítimas";"Plena noite";"Crescente";"Chuva";"Simples";"Curva";"Rural";1;0;0;0;1;0;0;1
83451381;"27/03/16";"Domingo";"15:20:00";"PB";230;"28";"JOAO PESSOA";"Não guardar distância de segurança";"Colisão lateral";"Com Vítimas Feridas";"Pleno dia";"Decrescente";"Ceu Claro";"Dupla";"Curva";"Urbano";2;0;1;0;1;0;1;2
83451382;"27/03/16";"Domingo";"15:10:00";"MS";262;"123,5";"AGUA CLARA";"Falta de atenção";"Capotamento";"Com Vítimas Feridas";"Pleno dia";"Crescente";"Ceu Claro";"Simples";"Reta";"Rural";3;0;3;0;0;0;3;1
83451383;"27/03/16";"Domingo";"18:30:00";"RO";364;"11,8";"VILHENA";"Outras";"Colisão traseira";"Sem Vítimas";"Anoitecer";"Crescente";"Nublado";"Dupla";"Reta";"Urbano";4;0;0;0;4;0;0;2
83451384;"27/03/16";"Domingo";"16:00:00";"RN";304;"288";"MACAIBA";"Falta de atenção";"Colisão traseira";"Com Vítimas Feridas";"Pleno dia";"Crescente";"Ceu Claro";"Simples";"Reta";"Rural";7;0;1;0;6;0;1;2
83451385;"27/03/16";"Domingo";"16:40:00";"MS";163;"419,6";"CAMPO GRANDE";"Outras";"Colisão traseira";"Com Vítimas Feridas";"Pleno dia";"Crescente";"Sol";"Simples";"Reta";"Urbano";9;0;5;0;4;0;5;3
83451386;"27/03/16";"Domingo";"19:00:00";"RN";101;"125,1";"SAO JOSE DE MIPIBU";"Outras";"Atropelamento de pessoa";"Com Vítimas Feridas";"Plena noite";"Decrescente";"Ceu Claro";"Dupla";"Curva";"Urbano";2;0;0;1;1;0;1;1
83451388;"27/03/16";"Domingo";"18:32:00";"PR";369;"391,1";"MAMBORE";"Falta de atenção";"Colisão Transversal";"Sem Vítimas";"Anoitecer";"Decrescente";"Ceu Claro";"Simples";"Cruzamento";"Rural";2;0;0;0;2;0;0;2
83451389;"27/03/16";"Domingo";"15:45:00";"MG";116;"817";"ALEM PARAIBA";"Não guardar distância de segurança";"Colisão traseira";"Sem Vítimas";"Pleno dia";"Crescente";"Sol";"Simples";"Cruzamento";"Urbano";2;0;0;0;2;0;0;2
83451390;"27/03/16";"Domingo";"17:30:00";"BA";101;"179";"SAO GONCALO DOS CAMPOS";"Outras";"Colisão traseira";"Sem Vítimas";"Anoitecer";"Decrescente";"Ceu Claro";"Simples";"Reta";"Rural";4;0;0;0;4;0;0;4
83451392;"27/03/16";"Domingo";"19:15:00";"GO";153;"618,2";"MORRINHOS";"Outras";"Saída de Pista";"Com Vítimas Feridas";"Plena noite";"Crescente";"Nublado";"Dupla";"Reta";"Rural";1;0;1;0;0;0;1;1
83451393;"27/03/16";"Domingo";"19:00:00";"RS";386;"154";"ALMIRANTE TAMANDARE DO SUL";"Não guardar distância de segurança";"Colisão traseira";"Sem Vítimas";"Plena noite";"Crescente";"Chuva";"Simples";"Reta";"Rural";3;0;0;0;3;0;0;3
83451394;"23/03/16";"Quarta";"14:00:00";"BA";116;"313,5";"ARACI";"Falta de atenção";"Colisão lateral";"Com Vítimas Feridas";"Pleno dia";"Crescente";"Ceu Claro";"Simples";"Reta";"Rural";2;0;1;0;1;0;1;2
83451395;"27/03/16";"Domingo";"07:10:00";"MG";40;"656,8";"CARANDAI";"Falta de atenção";"Queda de motocicleta / bicicleta / veículo";"Com Vítimas Feridas";"Pleno dia";"Decrescente";"Ceu Claro";"Simples";"Reta";"Rural";1;0;1;0;0;0;1;1
83451397;"27/03/16";"Domingo";"16:25:00";"PR";373;"183,1";"PONTA GROSSA";"Falta de atenção";"Colisão lateral";"Com Vítimas Feridas";"Pleno dia";"Decrescente";"Sol";"Dupla";"Cruzamento";"Rural";7;0;5;1;1;0;6;2
83451398;"27/03/16";"Domingo";"16:30:00";"MA";316;"516";"CAXIAS";"Não guardar distância de segurança";"Colisão traseira";"Com Vítimas Feridas";"Pleno dia";"Crescente";"Ceu Claro";"Simples";"Curva";"Rural";3;0;1;0;1;1;1;2
83451399;"27/03/16";"Domingo";"16:40:00";"MG";50;"177,3";"UBERABA";"Outras";"Tombamento";"Sem Vítimas";"Pleno dia";"Decrescente";"Chuva";"Dupla";"Curva";"Urbano";1;0;0;0;1;0;0;1
83451400;"27/03/16";"Domingo";"19:00:00";"SC";480;"129,5";"CHAPECO";"Desobediência à sinalização";"Colisão Transversal";"Com Vítimas Feridas";"Plena noite";"Decrescente";"Nublado";"Simples";"Cruzamento";"Urbano";2;0;0;1;1;0;1;2
83451401;"27/03/16";"Domingo";"16:45:00";"MG";262;"583,3";"CAMPOS ALTOS";"Velocidade incompatível";"Saída de Pista";"Com Vítimas Feridas";"Pleno dia";"Decrescente";"Chuva";"Simples";"Curva";"Rural";3;0;1;0;2;0;1;1
83451402;"27/03/16";"Domingo";"18:40:00";"SC";101;"134";"BALNEARIO CAMBORIU";"Desobediência à sinalização";"Colisão com bicicleta";"Com Vítimas Feridas";"Plena noite";"Decrescente";"Ceu Claro";"Dupla";"Reta";"Urbano";2;0;0;1;0;1;1;2
83451403;"27/03/16";"Domingo";"17:30:00";"MG";40;"717,7";"BARBACENA";"Falta de atenção";"Colisão com objeto fixo";"Com Vítimas Feridas";"Pleno dia";"Decrescente";"Chuva";"Dupla";"Curva";"Rural";3;0;3;0;0;0;3;1
83451404;"27/03/16";"Domingo";"18:30:00";"SC";101;"209";"SAO JOSE";"Falta de atenção";"Colisão lateral";"Com Vítimas Feridas";"Anoitecer";"Decrescente";"Ceu Claro";"Dupla";"Reta";"Urbano";2;0;1;0;1;0;1;2
83451406;"27/03/16";"Domingo";"11:15:00";"MG";40;"565";"NOVA LIMA";"Falta de atenção";"Colisão traseira";"Com Vítimas Feridas";"Pleno dia";"Crescente";"Ceu Claro";"Simples";"Reta";"Urbano";5;0;1;3;1;0;4;2
83451407;"24/03/16";"Quinta";"05:00:00";"PE";232;"216";"PESQUEIRA";"Outras";"Saída de Pista";"Com Vítimas Feridas";"Amanhecer";"Decrescente";"Ceu Claro";"Simples";"Reta";"Rural";3;0;0;2;1;0;2;2
83451408;"27/03/16";"Domingo";"13:20:00";"MG";262;"585,8";"CAMPOS ALTOS";"Velocidade incompatível";"Saída de Pista";"Com Vítimas Feridas";"Plena noite";"Decrescente";"Chuva";"Simples";"Curva";"Rural";3;0;2;0;1;0;2;1
83451409;"27/03/16";"Domingo";"17:20:00";"MT";163;"96,9";"RONDONOPOLIS";"Velocidade incompatível";"Saída de Pista";"Com Vítimas Feridas";"Anoitecer";"Crescente";"Chuva";"Dupla";"Reta";"Rural";4;0;4;0;0;0;4;1
83451410;"27/03/16";"Domingo";"17:33:00";"MG";381;"229,7";"SANTANA DO PARAISO";"Não guardar distância de segurança";"Colisão traseira";"Com Vítimas Feridas";"Anoitecer";"Crescente";"Sol";"Simples";"Reta";"Rural";2;0;1;0;1;0;1;2
83451411;"27/03/16";"Domingo";"19:05:00";"RS";386;"325";"MARQUES DE SOUZA";"Não guardar distância de segurança";"Tombamento";"Com Vítimas Feridas";"Plena noite";"Crescente";"Nublado";"Simples";"Curva";"Urbano";2;0;1;0;1;0;1;1
83451412;"27/03/16";"Domingo";"19:20:00";"SC";470;"201,1";"PONTE ALTA";"Desobediência à sinalização";"Colisão Transversal";"Sem Vítimas";"Plena noite";"Decrescente";"Ceu Claro";"Simples";"Cruzamento";"Rural";2;0;0;0;2;0;0;2
83451413;"27/03/16";"Domingo";"13:00:00";"RO";364;"278";"PRESIDENTE MEDICI";"Defeito na via";"Colisão frontal";"Com Vítimas Fatais";"Pleno dia";"Decrescente";"Ceu Claro";"Simples";"Reta";"Rural";5;2;1;1;1;0;2;2
83451415;"27/03/16";"Domingo";"19:00:00";"MG";365;"612";"UBERLANDIA";"Não guardar distância de segurança";"Colisão traseira";"Sem Vítimas";"Anoitecer";"Crescente";"Ceu Claro";"Simples";"Reta";"Urbano";3;0;0;0;3;0;0;3
83451416;"27/03/16";"Domingo";"14:55:00";"RO";364;"407";"JARU";"Outras";"Colisão traseira";"Sem Vítimas";"Pleno dia";"Decrescente";"Nublado";"Simples";"Reta";"Rural";6;0;0;0;6;0;0;2
83451417;"27/03/16";"Domingo";"20:20:00";"RS";386;"336,6";"LAJEADO";"Desobediência à sinalização";"Colisão Transversal";"Sem Vítimas";"Plena noite";"Decrescente";"Ceu Claro";"Simples";"Reta";"Urbano";2;0;0;0;2;0;0;2
83451418;"27/03/16";"Domingo";"15:50:00";"PR";277;"179";"PALMEIRA";"Falta de atenção";"Colisão traseira";"Sem Vítimas";"Pleno dia";"Decrescente";"Sol";"Simples";"Reta";"Rural";2;0;0;0;2;0;0;2
83451419;"27/03/16";"Domingo";"20:00:00";"BA";101;"210";"GOVERNADOR MANGABEIRA";"Outras";"Colisão traseira";"Sem Vítimas";"Plena noite";"Decrescente";"Ceu Claro";"Simples";"Reta";"Rural";2;0;0;0;2;0;0;2
83451420;"27/03/16";"Domingo";"15:30:00";"PI";343;"331";"TERESINA";"Não guardar distância de segurança";"Colisão traseira";"Com Vítimas Feridas";"Pleno dia";"Crescente";"Sol";"Simples";"Reta";"Rural";5;0;1;0;4;0;1;4
83451421;"27/03/16";"Domingo";"20:30:00";"SC";101;"146";"ITAPEMA";"Falta de atenção";"Colisão frontal";"Com Vítimas Feridas";"Plena noite";"Crescente";"Ceu Claro";"Dupla";"Reta";"Urbano";2;0;1;0;1;0;1;2