"id";"data_inversa";"dia_semana";"horario";"uf";"br";"km";"municipio";"causa_acidente";"tipo_acidente";"classificacao_acidente";"fase_dia";"sentido_via";"condicao_metereologica";"tipo_pista";"tracado_via";"uso_solo";"pessoas";"mortos";"feridos_leves";"feridos_graves";"ilesos";"ignorados";"feridos";"veiculos"
83451422;"27/03/16";"Domingo";"18:20:00";"BA";110;"78";"JEREMOABO";"Falta de atenção";"Colisão Transversal";"Com Vítimas Feridas";"Plena noite";"Crescente";"Ceu Claro";"Simples";"Curva";"Rural";2;0;1;1;0;0;2;2
83451424;"27/03/16";"Domingo";"20:30:00";"RS";285;"286,8";"PASSO FUNDO";"Falta de atenção";"Colisão com objeto fixo";"Sem Vítimas";"Plena noite";"Decrescente";"Nublado";"Simples";"Reta";"Rural";5;0;0;0;5;0;0;1
83451425;"23/03/16";"Quarta";"20:10:00";"GO";40;"9,7";"LUZIANIA";"Outras";"Colisão lateral";"Com Vítimas Feridas";"Plena noite";"Decrescente";"Ceu Claro";"Dupla";"Reta";"Urbano";2;0;0;1;1;0;1;2
83451426;"22/03/16";"Terça";"21:20:00";"SC";101;"351,3";"JAGUARUNA";"Velocidade incompatível";"Saída de Pista";"Sem Vítimas";"Plena noite";"Crescente";"Ceu Claro";"Dupla";"Reta";"Urbano";1;0;0;0;1;0;0;1
83451427;"27/03/16";"Domingo";"18:35:00";"RN";101;"119";"SAO JOSE DE MIPIBU";"Outras";"Colisão lateral";"Sem Vítimas";"Plena noite";"Decrescente";"Ceu Claro";"Dupla";"Reta";"Rural";2;0;0;0;2;0;0;2
83451428;"27/03/16";"Domingo";"19:20:00";"PR";163;"72";"PLANALTO";"Outras";"Capotamento";"Com Vítimas Feridas";"Plena noite";"Crescente";"Ceu Claro";"Simples";"Curva";"Rural";1;0;0;1;0;0;1;1
83451429;"27/03/16";"Domingo";"21:00:00";"PR";376;"183";"SARANDI";"Não guardar distância de segurança";"Colisão traseira";"Com Vítimas Feridas";"Plena noite";"Crescente";"Ceu Claro";"Dupla";"Cruzamento";"Urbano";3;0;1;0;2;0;1;2
83451430;"27/03/16";"Domingo";"16:15:00";"PR";376;"183";"SARANDI";"Falta de atenção";"Colisão traseira";"Com Vítimas Feridas";"Pleno dia";"Decrescente";"Sol";"Dupla";"Cruzamento";"Urbano";4;0;2;0;2;0;2;2
83451431;"27/03/16";"Domingo";"18:00:00";"BA";415;"18";"ILHEUS";"Falta de atenção";"Atropelamento de pessoa";"Com Vítimas Feridas";"Plena noite";"Crescente";"Ceu Claro";"Simples";"Reta";"Rural";2;0;0;1;0;1;1;1
83451432;"27/03/16";"Domingo";"18:55:00";"GO";153;"311,4";"RIALMA";"Outras";"Saída de Pista";"Com Vítimas Fatais";"Plena noite";"Crescente";"Ceu Claro";"Simples";"Curva";"Rural";1;1;0;0;0;0;0;1
83451433;"25/03/16";"Sexta";"19:00:00";"PR";476;"330";"PAULA FREITAS";"Velocidade incompatível";"Saída de Pista";"Sem Vítimas";"Plena noite";"Crescente";"Chuva";"Dupla";"Reta";"Rural";1;0;0;0;1;0;0;1
83451434;"27/03/16";"Domingo";"18:30:00";"SP";116;"488";"CAJATI";"Falta de atenção";"Colisão lateral";"Sem Vítimas";"Anoitecer";"Crescente";"Nublado";"Dupla";"Reta";"Rural";3;0;0;0;2;1;0;2
83451435;"27/03/16";"Domingo";"17:10:00";"CE";20;"398,8";"CAUCAIA";"Não guardar distância de segurança";"Colisão traseira";"Sem Vítimas";"Pleno dia";"Crescente";"Ceu Claro";"Simples";"Reta";"Urbano";5;0;0;0;5;0;0;5
83451436;"26/03/16";"Sábado";"16:15:00";"SC";101;"332,8";"TUBARAO";"Desobediência à sinalização";"Colisão Transversal";"Com Vítimas Feridas";"Pleno dia";"Decrescente";"Ceu Claro";"Simples";"Cruzamento";"Urbano";3;0;2;0;1;0;2;2
83451437;"27/03/16";"Domingo";"21:30:00";"MG";40;"563";"NOVA LIMA";"Falta de atenção";"Colisão traseira";"Com Vítimas Feridas";"Plena noite";"Crescente";"Nublado";"Dupla";"Reta";"Rural";6;0;3;0;3;0;3;2
83451438;"27/03/16";"Domingo";"18:00:00";"SP";116;"286";"ITAPECERICA DA SERRA";"Falta de atenção";"Atropelamento de pessoa";"Com Vítimas Fatais";"Anoitecer";"Crescente";"Ceu Claro";"Dupla";"Reta";"Urbano";2;1;0;0;0;1;0;1
83451439;"27/03/16";"Domingo";"21:20:00";"RS";386;"353,5";"ESTRELA";"Não guardar distância de segurança";"Colisão traseira";"Sem Vítimas";"Plena noite";"Crescente";"Ceu Claro";"Simples";"Reta";"Urbano";2;0;0;0;2;0;0;2
83451440;"27/03/16";"Domingo";"19:40:00";"MS";163;"476,7";"CAMPO GRANDE";"Ingestão de álcool";"Queda de motocicleta / bicicleta / veículo";"Com Vítimas Feridas";"Plena noite";"Decrescente";"Nublado";"Simples";"Curva";"Rural";2;0;2;0;0;0;2;1
83451441;"27/03/16";"Domingo";"19:30:00";"ES";262;"37,5";"DOMINGOS MARTINS";"Falta de atenção";"Colisão Transversal";"Com Vítimas Feridas";"Plena noite";"Crescente";"Ceu Claro";"Simples";"Reta";"Rural";7;0;2;4;1;0;6;2
83451442;"27/03/16";"Domingo";"18:26:00";"PB";230;"33";"BAYEUX";"Não guardar distância de segurança";"Colisão traseira";"Sem Vítimas";"Anoitecer";"Decrescente";"Nublado";"Dupla";"Reta";"Urbano";4;0;0;0;4;0;0;4
83451443;"27/03/16";"Domingo";"18:30:00";"SC";470;"276";"BRUNOPOLIS";"Ingestão de álcool";"Colisão Transversal";"Com Vítimas Fatais";"Anoitecer";"Decrescente";"Ceu Claro";"Simples";"Reta";"Rural";2;1;0;0;1;0;0;2
83451444;"27/03/16";"Domingo";"13:00:00";"MS";158;"24,5";"PARANAIBA";"Falta de atenção";"Capotamento";"Com Vítimas Feridas";"Pleno dia";"Crescente";"Ceu Claro";"Simples";"Reta";"Rural";3;0;2;1;0;0;3;1
83451445;"27/03/16";"Domingo";"14:15:00";"PR";163;"14";"BOM JESUS DO SUL";"Não guardar distância de segurança";"Colisão traseira";"Com Vítimas Feridas";"Pleno dia";"Decrescente";"Sol";"Simples";"Reta";"Rural";3;0;2;0;1;0;2;2
83451446;"27/03/16";"Domingo";"15:50:00";"RJ";356;"121";"CAMPOS DOS GOYTACAZES";"Defeito na via";"Saída de Pista";"Sem Vítimas";"Pleno dia";"Crescente";"Ceu Claro";"Simples";"Reta";"Rural";1;0;0;0;1;0;0;1
83451447;"27/03/16";"Domingo";"16:40:00";"SC";116;"44,5";"MAFRA";"Falta de atenção";"Capotamento";"Sem Vítimas";"Pleno dia";"Decrescente";"Ceu Claro";"Simples";"Reta";"Urbano";2;0;0;0;2;0;0;1
83451448;"27/03/16";"Domingo";"22:20:00";"PA";316;"16";"MARITUBA";"Não guardar distância de segurança";"Colisão traseira";"Com Vítimas Feridas";"Plena noite";"Decrescente";"Chuva";"Dupla";"Reta";"Urbano";3;0;0;1;2;0;1;3
83451449;"27/03/16";"Domingo";"19:15:00";"RS";468;"52,5";"CORONEL BICACO";"Falta de atenção";"Colisão lateral";"Sem Vítimas";"Anoitecer";"Decrescente";"Chuva";"Simples";"Reta";"Rural";2;0;0;0;2;0;0;2
83451450;"27/03/16";"Domingo";"22:00:00";"RS";386;"397,1";"TRIUNFO";"Defeito mecânico em veículo";"Colisão com objeto móvel";"Com Vítimas Feridas";"Plena noite";"Decrescente";"Nublado";"Dupla";"Cruzamento";"Rural";2;0;1;0;1;0;1;1
83451451;"27/03/16";"Domingo";"14:45:00";"MS";158;"80";"PARANAIBA";"Falta de atenção";"Colisão traseira";"Com Vítimas Feridas";"Pleno dia";"Crescente";"Sol";"Simples";"Reta";"Rural";3;0;1;0;2;0;1;3
83451452;"27/03/16";"Domingo";"20:00:00";"GO";50;"280,4";"CATALAO";"Falta de atenção";"Atropelamento de pessoa";"Com Vítimas Feridas";"Plena noite";"Decrescente";"Nublado";"Dupla";"Reta";"Urbano";5;0;0;1;4;0;1;1
83451453;"27/03/16";"Domingo";"20:30:00";"RJ";116;"184,8";"NOVA IGUACU";"Não guardar distância de segurança";"Colisão traseira";"Sem Vítimas";"Plena noite";"Decrescente";"Ceu Claro";"Múltipla";"Curva";"Urbano";2;0;0;0;2;0;0;2
83451454;"27/03/16";"Domingo";"23:10:00";"RS";101;"80,9";"OSORIO";"Não guardar distância de segurança";"Colisão traseira";"Com Vítimas Feridas";"Plena noite";"Crescente";"Nublado";"Dupla";"Reta";"Rural";2;0;1;0;1;0;1;2
83451455;"27/03/16";"Domingo";"15:00:00";"RN";304;"294";"MACAIBA";"Falta de atenção";"Colisão traseira";"Com Vítimas Feridas";"Pleno dia";"Crescente";"Sol";"Simples";"Reta";"Urbano";10;0;3;0;7;0;3;3
83451456;"27/03/16";"Domingo";"19:45:00";"ES";262;"159";"IBATIBA";"Não guardar distância de segurança";"Colisão traseira";"Com Vítimas Feridas";"Plena noite";"Crescente";"Ceu Claro";"Simples";"Reta";"Urbano";10;0;9;0;1;0;9;2
83451457;"27/03/16";"Domingo";"19:10:00";"MT";163;"753";"SORRISO";"Desobediência à sinalização";"Colisão Transversal";"Com Vítimas Feridas";"Plena noite";"Crescente";"Nublado";"Dupla";"Cruzamento";"Urbano";3;0;0;3;0;0;3;2
83451458;"27/03/16";"Domingo";"20:20:00";"PR";277;"2";"FOZ DO IGUACU";"Falta de atenção";"Colisão Transversal";"Com Vítimas Feridas";"Plena noite";"Crescente";"Nublado";"Dupla";"Reta";"Urbano";3;0;2;0;1;0;2;2
83451460;"27/03/16";"Domingo";"17:15:00";"PR";376;"161,3";"MARINGA";"Ingestão de álcool";"Colisão traseira";"Sem Vítimas";"Pleno dia";"Crescente";"Ceu Claro";"Múltipla";"Reta";"Urbano";3;0;0;0;3;0;0;2
83451461;"27/03/16";"Domingo";"21:00:00";"MT";364;"230";"RONDONOPOLIS";"Velocidade incompatível";"Saída de Pista";"Com Vítimas Feridas";"Plena noite";"Crescente";"Ceu Claro";"Simples";"Curva";"Rural";4;0;2;0;2;0;2;1
83451462;"27/03/16";"Domingo";"19:00:00";"MG";262;"79,6";"MATIPO";"Falta de atenção";"Colisão frontal";"Com Vítimas Feridas";"Plena noite";"Crescente";"Ceu Claro";"Simples";"Reta";"Urbano";2;0;0;1;1;0;1;2
83451463;"27/03/16";"Domingo";"22:10:00";"RS";116;"263,7";"CANOAS";"Outras";"Colisão com objeto fixo";"Ignorado";"Plena noite";"Crescente";"Ceu Claro";"Dupla";"Reta";"Urbano";1;0;0;0;0;1;0;1
83451464;"27/03/16";"Domingo";"18:45:00";"PR";487;"126,8";"TUNEIRAS DO OESTE";"Falta de atenção";"Atropelamento de pessoa";"Com Vítimas Fatais";"Plena noite";"Decrescente";"Ignorada";"Simples";"Reta";"Rural";4;1;0;0;3;0;0;1
83451465;"27/03/16";"Domingo";"19:10:00";"SP";116;"324,5";"JUQUITIBA";"Ingestão de álcool";"Atropelamento de pessoa";"Com Vítimas Feridas";"Plena noite";"Crescente";"Ceu Claro";"Dupla";"Reta";"Rural";2;0;1;0;1;0;1;1
83451466;"27/03/16";"Domingo";"18:45:00";"SE";101;"172,3";"SANTA LUZIA DO ITANHY";"Desobediência à sinalização";"Colisão Transversal";"Com Vítimas Feridas";"Plena noite";"Crescente";"Ceu Claro";"Simples";"Curva";"Rural";2;0;1;1;0;0;2;2
83451467;"27/03/16";"Domingo";"23:00:00";"PE";232;"6,1";"RECIFE";"Outras";"Tombamento";"Com Vítimas Feridas";"Plena noite";"Decrescente";"Ceu Claro";"Dupla";"Reta";"Urbano";6;0;3;2;0;1;5;1
83451468;"27/03/16";"Domingo";"19:15:00";"SC";101;"40";"JOINVILLE";"Falta de atenção";"Colisão com bicicleta";"Com Vítimas Feridas";"Plena noite";"Decrescente";"Nublado";"Simples";"Curva";"Urbano";2;0;1;0;0;1;1;2
83451469;"27/03/16";"Domingo";"16:30:00";"BA";242;"819";"BARREIRAS";"Falta de atenção";"Colisão traseira";"Sem Vítimas";"Pleno dia";"Crescente";"Sol";"Simples";"Reta";"Rural";2;0;0;0;2;0;0;2
83451471;"27/03/16";"Domingo";"15:40:00";"GO";60;"53,6";"ABADIANIA";"Falta de atenção";"Colisão Transversal";"Com Vítimas Feridas";"Pleno dia";"Decrescente";"Ceu Claro";"Dupla";"Reta";"Rural";3;0;2;1;0;0;3;2
83451472;"28/03/16";"Segunda";"01:20:00";"SC";101;"123";"ITAJAI";"Velocidade incompatível";"Colisão com objeto fixo";"Sem Vítimas";"Plena noite";"Crescente";"Ceu Claro";"Simples";"Curva";"Rural";1;0;0;0;1;0;0;1
83451473;"23/03/16";"Quarta";"12:00:00";"CE";20;"418,9";"MARACANAU";"Não guardar distância de segurança";"Colisão traseira";"Sem Vítimas";"Pleno dia";"Crescente";"Ceu Claro";"Simples";"Reta";"Urbano";3;0;0;0;3;0;0;3
83451474;"27/03/16";"Domingo";"20:01:00";"MG";365;"18";"MONTES CLAROS";"Não guardar distância de segurança";"Colisão traseira";"Com Vítimas Feridas";"Plena noite";"Decrescente";"Ceu Claro";"Simples";"Reta";"Rural";3;0;2;0;0;1;2;2
83451475;"27/03/16";"Domingo";"21:00:00";"SP";381;"57";"MAIRIPORA";"Outras";"Colisão Transversal";"Sem Vítimas";"Plena noite";"Crescente";"Nublado";"Dupla";"Reta";"Rural";2;0;0;0;1;1;0;2
83451476;"27/03/16";"Domingo";"17:20:00";"SP";116;"73";"APARECIDA";"Defeito mecânico em veículo";"Colisão traseira";"Com Vítimas Feridas";"Pleno dia";"Decrescente";"Sol";"Dupla";"Curva";"Urbano";2;0;0;1;1;0;1;2
83451477;"27/03/16";"Domingo";"18:35:00";"MT";163;"960";"NOVA SANTA HELENA";"Animais na Pista";"Atropelamento de animal";"Sem Vítimas";"Plena noite";"Decrescente";"Nublado";"Simples";"Reta";"Rural";4;0;0;0;4;0;0;1
83451478;"28/03/16";"Segunda";"00:30:00";"MA";230;"27";"BARAO DE GRAJAU";"Dormindo";"Saída de Pista";"Com Vítimas Feridas";"Plena noite";"Decrescente";"Ceu Claro";"Simples";"Reta";"Rural";1;0;1;0;0;0;1;1
83451479;"27/03/16";"Domingo";"16:50:00";"ES";101;"298";"VIANA";"Falta de atenção";"Colisão traseira";"Com Vítimas Feridas";"Pleno dia";"Decrescente";"Ceu Claro";"Dupla";"Reta";"Urbano";4;0;1;0;3;0;1;3
83451480;"28/03/16";"Segunda";"02:25:00";"SE";235;"40,9";"ITABAIANA";"Falta de atenção";"Colisão com bicicleta";"Com Vítimas Feridas";"Plena noite";"Decrescente";"Ignorada";"Simples";"Reta";"Rural";2;0;1;1;0;0;2;2
83451481;"27/03/16";"Domingo";"14:45:00";"ES";101;"233";"FUNDAO";"Não guardar distância de segurança";"Colisão com bicicleta";"Com Vítimas Feridas";"Pleno dia";"Crescente";"Ceu Claro";"Simples";"Reta";"Rural";2;0;0;1;0;1;1;2
83451482;"27/03/16";"Domingo";"10:50:00";"RN";110;"39,3";"MOSSORO";"Animais na Pista";"Queda de motocicleta / bicicleta / veículo";"Com Vítimas Feridas";"Pleno dia";"Decrescente";"Ceu Claro";"Simples";"Curva";"Rural";1;0;1;0;0;0;1;1
83451483;"28/03/16";"Segunda";"02:00:00";"SC";282;"21,5";"PALHOCA";"Dormindo";"Colisão com objeto fixo";"Sem Vítimas";"Plena noite";"Crescente";"Ceu Claro";"Simples";"Curva";"Urbano";1;0;0;0;1;0;0;1
83451484;"27/03/16";"Domingo";"18:00:00";"MG";116;"277,5";"TEOFILO OTONI";"Falta de atenção";"Colisão traseira";"Sem Vítimas";"Anoitecer";"Decrescente";"Ceu Claro";"Simples";"Reta";"Urbano";2;0;0;0;2;0;0;2
83451485;"27/03/16";"Domingo";"18:35:00";"PR";376;"392,2";"IMBAU";"Ingestão de álcool";"Saída de Pista";"Com Vítimas Feridas";"Plena noite";"Decrescente";"Ignorada";"Simples";"Reta";"Rural";1;0;1;0;0;0;1;1
83451486;"27/03/16";"Domingo";"18:30:00";"ES";101;"218,9";"IBIRACU";"Falta de atenção";"Queda de motocicleta / bicicleta / veículo";"Com Vítimas Feridas";"Pleno dia";"Decrescente";"Ceu Claro";"Simples";"Reta";"Urbano";2;0;0;2;0;0;2;1
83451487;"28/03/16";"Segunda";"01:00:00";"GO";60;"67,8";"ABADIANIA";"Outras";"Colisão traseira";"Com Vítimas Feridas";"Plena noite";"Decrescente";"Ceu Claro";"Dupla";"Reta";"Rural";5;0;1;3;1;0;4;2
83451488;"27/03/16";"Domingo";"20:30:00";"MG";116;"374";"FREI INOCENCIO";"Falta de atenção";"Colisão traseira";"Sem Vítimas";"Plena noite";"Decrescente";"Ceu Claro";"Simples";"Reta";"Urbano";2;0;0;0;2;0;0;2
83451489;"27/03/16";"Domingo";"20:00:00";"DF";60;"23";"BRASILIA";"Ingestão de álcool";"Capotamento";"Com Vítimas Feridas";"Plena noite";"Decrescente";"Ceu Claro";"Dupla";"Curva";"Rural";3;0;2;1;0;0;3;1
83451490;"27/03/16";"Domingo";"20:20:00";"PR";116;"122,1";"CURITIBA";"Falta de atenção";"Colisão lateral";"Sem Vítimas";"Plena noite";"Crescente";"Ceu Claro";"Dupla";"Reta";"Urbano";2;0;0;0;2;0;0;2
83451492;"27/03/16";"Domingo";"18:00:00";"RS";471;"148,6";"SANTA CRUZ DO SUL";"Falta de atenção";"Colisão Transversal";"Com Vítimas Feridas";"Anoitecer";"Decrescente";"Nublado";"Simples";"Cruzamento";"Urbano";4;0;2;2;0;0;4;2
83451493;"27/03/16";"Domingo";"13:00:00";"MG";381;"516";"IGARAPE";"Velocidade incompatível";"Saída de Pista";"Com Vítimas Feridas";"Pleno dia";"Decrescente";"Ceu Claro";"Dupla";"Curva";"Rural";1;0;1;0;0;0;1;1
83451494;"27/03/16";"Domingo";"17:30:00";"RS";158;"373";"SANTA MARIA";"Ultrapassagem indevida";"Colisão frontal";"Com Vítimas Feridas";"Pleno dia";"Crescente";"Nublado";"Simples";"Reta";"Rural";8;0;0;8;0;0;8;2
83451495;"24/03/16";"Quinta";"06:00:00";"MG";116;"260";"TEOFILO OTONI";"Dormindo";"Saída de Pista";"Sem Vítimas";"Pleno dia";"Decrescente";"Ceu Claro";"Simples";"Curva";"Rural";1;0;0;0;1;0;0;1
83451496;"28/01/16";"Quinta";"05:00:00";"RS";290;"688";"URUGUAIANA";"Animais na Pista";"Atropelamento de animal";"Sem Vítimas";"Plena noite";"Crescente";"Ceu Claro";"Simples";"Reta";"Urbano";4;0;0;0;4;0;0;1
83451497;"23/03/16";"Quarta";"17:10:00";"SC";101;"151";"ITAPEMA";"Velocidade incompatível";"Colisão traseira";"Com Vítimas Feridas";"Pleno dia";"Crescente";"Sol";"Dupla";"Reta";"Urbano";2;0;1;0;1;0;1;2
83451498;"28/03/16";"Segunda";"04:30:00";"RS";386;"401";"TRIUNFO";"Velocidade incompatível";"Saída de Pista";"Com Vítimas Feridas";"Plena noite";"Decrescente";"Chuva";"Simples";"Cruzamento";"Rural";1;0;1;0;0;0;1;1
83451499;"28/03/16";"Segunda";"02:00:00";"PA";316;"25";"BENEVIDES";"Dormindo";"Tombamento";"Ignorado";"Plena noite";"Decrescente";"Nublado";"Dupla";"Reta";"Rural";1;0;0;0;0;1;0;1
83451500;"28/03/16";"Segunda";"04:35:00";"RS";386;"346";"LAJEADO";"Dormindo";"Tombamento";"Com Vítimas Feridas";"Plena noite";"Crescente";"Nublado";"Dupla";"Reta";"Urbano";1;0;1;0;0;0;1;1
83451501;"27/03/16";"Domingo";"18:30:00";"MG";116;"369,5";"FREI INOCENCIO";"Desobediência à sinalização";"Colisão frontal";"Com Vítimas Fatais";"Plena noite";"Crescente";"Ignorada";"Simples";"Reta";"Rural";2;1;0;1;0;0;1;2
83451502;"27/03/16";"Domingo";"23:05:00";"PR";373;"176,9";"PONTA GROSSA";"Desobediência à sinalização";"Colisão lateral";"Sem Vítimas";"Plena noite";"Decrescente";"Nublado";"Simples";"Reta";"Urbano";2;0;0;0;1;1;0;2
83451503;"27/03/16";"Domingo";"22:00:00";"MG";262;"170";"SAO DOMINGOS DO PRATA";"Outras";"Atropelamento de pessoa";"Com Vítimas Feridas";"Plena noite";"Crescente";"Ceu Claro";"Simples";"Reta";"Rural";4;0;0;2;2;0;2;2
83451504;"28/03/16";"Segunda";"04:30:00";"SC";470;"151,3";"AGRONOMICA";"Falta de atenção";"Capotamento";"Sem Vítimas";"Plena noite";"Decrescente";"Nevoeiro/neblina";"Simples";"Reta";"Urbano";1;0;0;0;1;0;0;1
83451505;"28/03/16";"Segunda";"02:50:00";"BA";242;"362";"PALMEIRAS";"Defeito mecânico em veículo";"Tombamento";"Sem Vítimas";"Plena noite";"Decrescente";"Ceu Claro";"Simples";"Reta";"Rural";1;0;0;0;1;0;0;1
83451506;"24/03/16";"Quinta";"06:20:00";"MG";116;"516,8";"UBAPORANGA";"Velocidade incompatível";"Saída de Pista";"Sem Vítimas";"Amanhecer";"Decrescente";"Nublado";"Simples";"Reta";"Rural";1;0;0;0;1;0;0;1
83451507;"27/03/16";"Domingo";"22:15:00";"PE";232;"112,2";"BEZERROS";"Velocidade incompatível";"Capotamento";"Sem Vítimas";"Plena noite";"Crescente";"Ceu Claro";"Dupla";"Curva";"Urbano";1;0;0;0;1;0;0;1
83451508;"27/03/16";"Domingo";"23:00:00";"MG";381;"502,5";"BETIM";"Outras";"Saída de Pista";"Ignorado";"Plena noite";"Crescente";"Nublado";"Dupla";"Reta";"Urbano";1;0;0;0;0;1;0;1
83451509;"27/03/16";"Domingo";"14:00:00";"ES";101;"323,3";"GUARAPARI";"Não guardar distância de segurança";"Colisão traseira";"Com Vítimas Feridas";"Pleno dia";"Crescente";"Ceu Claro";"Simples";"Reta";"Rural";3;0;2;0;1;0;2;2
83451510;"28/03/16";"Segunda";"05:10:00";"CE";222;"220,9";"SOBRAL";"Velocidade incompatível";"Saída de Pista";"Com Vítimas Feridas";"Amanhecer";"Decrescente";"Chuva";"Simples";"Curva";"Rural";1;0;1;0;0;0;1;1
83451511;"27/03/16";"Domingo";"16:20:00";"MG";262;"42,5";"MANHUACU";"Falta de atenção";"Colisão lateral";"Com Vítimas Feridas";"Pleno dia";"Crescente";"Sol";"Simples";"Reta";"Urbano";3;0;2;0;1;0;2;2
83451512;"28/03/16";"Segunda";"00:20:00";"PE";428;"176,4";"PETROLINA";"Dormindo";"Colisão lateral";"Sem Vítimas";"Plena noite";"Crescente";"Ceu Claro";"Simples";"Reta";"Rural";2;0;0;0;2;0;0;2
83451513;"28/03/16";"Segunda";"05:20:00";"PR";277;"551";"CATANDUVAS";"Desobediência à sinalização";"Colisão frontal";"Sem Vítimas";"Amanhecer";"Decrescente";"Ceu Claro";"Simples";"Reta";"Rural";4;0;0;0;4;0;0;3
83451514;"16/03/16";"Quarta";"11:20:00";"RJ";101;"309";"SAO GONCALO";"Outras";"Colisão traseira";"Sem Vítimas";"Pleno dia";"Crescente";"Ceu Claro";"Dupla";"Reta";"Urbano";2;0;0;0;1;1;0;2
83451515;"27/03/16";"Domingo";"15:20:00";"SP";101;"29,9";"UBATUBA";"Falta de atenção";"Colisão com objeto fixo";"Com Vítimas Fatais";"Pleno dia";"Decrescente";"Ceu Claro";"Simples";"Curva";"Rural";1;1;0;0;0;0;0;1
83451516;"28/03/16";"Segunda";"00:40:00";"PR";376;"302,6";"MAUA DA SERRA";"Velocidade incompatível";"Tombamento";"Com Vítimas Feridas";"Plena noite";"Crescente";"Ceu Claro";"Dupla";"Curva";"Rural";4;0;2;0;2;0;2;2
83451517;"27/03/16";"Domingo";"22:10:00";"MG";459;"67";"SENADOR JOSE BENTO";"Velocidade incompatível";"Colisão frontal";"Com Vítimas Feridas";"Plena noite";"Crescente";"Nublado";"Simples";"Curva";"Rural";3;0;1;0;2;0;1;2
83451518;"27/03/16";"Domingo";"18:15:00";"RS";377;"69,2";"CRUZ ALTA";"Velocidade incompatível";"Colisão frontal";"Com Vítimas Feridas";"Anoitecer";"Decrescente";"Nublado";"Simples";"Cruzamento";"Rural";6;0;1;1;4;0;2;3
83451519;"27/03/16";"Domingo";"22:15:00";"SP";116;"223";"GUARULHOS";"Ingestão de álcool";"Capotamento";"Com Vítimas Feridas";"Plena noite";"Crescente";"Nublado";"Múltipla";"Reta";"Urbano";2;0;2;0;0;0;2;1
83451520;"23/03/16";"Quarta";"19:35:00";"PR";277;"719";"FOZ DO IGUACU";"Não guardar distância de segurança";"Colisão traseira";"Com Vítimas Feridas";"Plena noite";"Decrescente";"Ceu Claro";"Dupla";"Reta";"Rural";3;0;2;0;1;0;2;2
83451521;"28/03/16";"Segunda";"04:10:00";"MT";174;"27";"CACERES";"Outras";"Tombamento";"Sem Vítimas";"Plena noite";"Decrescente";"Nublado";"Simples";"Reta";"Rural";2;0;0;0;2;0;0;2
83451522;"23/03/16";"Quarta";"17:10:00";"MG";40;"739";"SANTOS DUMONT";"Velocidade incompatível";"Colisão com objeto fixo";"Sem Vítimas";"Anoitecer";"Decrescente";"Chuva";"Simples";"Curva";"Rural";1;0;0;0;1;0;0;1
83451523;"28/03/16";"Segunda";"04:20:00";"MT";163;"767";"SORRISO";"Falta de atenção";"Colisão com objeto fixo";"Sem Vítimas";"Plena noite";"Decrescente";"Nublado";"Simples";"Reta";"Rural";3;0;0;0;3;0;0;1
83451524;"27/03/16";"Domingo";"23:30:00";"RO";364;"238,2";"CACOAL";"Ingestão de álcool";"Colisão com objeto fixo";"Com Vítimas Feridas";"Plena noite";"Crescente";"Nublado";"Simples";"Reta";"Urbano";2;0;1;0;1;0;1;2
83451525;"27/03/16";"Domingo";"15:25:00";"MG";40;"754,8";"SANTOS DUMONT";"Outras";"Tombamento";"Sem Vítimas";"Pleno dia";"Crescente";"Ceu Claro";"Simples";"Curva";"Rural";1;0;0;0;1;0;0;1
83451526;"24/03/16";"Quinta";"21:20:00";"RS";287;"294,4";"SAO PEDRO DO SUL";"Velocidade incompatível";"Saída de Pista";"Com Vítimas Feridas";"Plena noite";"Crescente";"Nublado";"Simples";"Reta";"Rural";3;0;1;2;0;0;3;1
83451527;"27/03/16";"Domingo";"18:00:00";"PR";163;"313";"TERRA ROXA";"Falta de atenção";"Colisão lateral";"Com Vítimas Feridas";"Anoitecer";"Crescente";"Ceu Claro";"Simples";"Reta";"Rural";6;0;4;0;2;0;4;2
83451528;"25/03/16";"Sexta";"05:00:00";"SC";101;"182";"BIGUACU";"Ingestão de álcool";"Queda de motocicleta / bicicleta / veículo";"Com Vítimas Feridas";"Amanhecer";"Decrescente";"Chuva";"Dupla";"Reta";"Urbano";3;0;0;1;1;1;1;3
83451529;"24/03/16";"Quinta";"19:30:00";"PE";101;"71";"RECIFE";"Ingestão de álcool";"Queda de motocicleta / bicicleta / veículo";"Com Vítimas Feridas";"Plena noite";"Crescente";"Ceu Claro";"Dupla";"Reta";"Urbano";2;0;1;0;1;0;1;2
83451530;"28/03/16";"Segunda";"07:10:00";"RS";386;"437";"NOVA SANTA RITA";"Não guardar distância de segurança";"Colisão traseira";"Sem Vítimas";"Pleno dia";"Crescente";"Nublado";"Dupla";"Reta";"Urbano";2;0;0;0;2;0;0;2