"id";"data_inversa";"dia_semana";"horario";"uf";"br";"km";"municipio";"causa_acidente";"tipo_acidente";"classificacao_acidente";"fase_dia";"sentido_via";"condicao_metereologica";"tipo_pista";"tracado_via";"uso_solo";"pessoas";"mortos";"feridos_leves";"feridos_graves";"ilesos";"ignorados";"feridos";"veiculos"
83451649;"28/03/16";"Segunda";"07:10:00";"CE";402;"296";"ITAPIPOCA";"Desobediência à sinalização";"Colisão frontal";"Com Vítimas Fatais";"Pleno dia";"Crescente";"Ceu Claro";"Dupla";"Reta";"Urbano";2;1;0;0;1;0;0;2
83451650;"27/03/16";"Domingo";"07:00:00";"SP";116;"276";"EMBU";"Ingestão de álcool";"Queda de motocicleta / bicicleta / veículo";"Com Vítimas Feridas";"Amanhecer";"Crescente";"Ceu Claro";"Dupla";"Reta";"Urbano";1;0;1;0;0;0;1;1
83451651;"27/03/16";"Domingo";"22:20:00";"SP";116;"92,4";"PINDAMONHANGABA";"Defeito mecânico em veículo";"Capotamento";"Com Vítimas Feridas";"Plena noite";"Crescente";"Nublado";"Dupla";"Reta";"Urbano";4;0;1;0;3;0;1;1
83451652;"07/03/16";"Segunda";"15:58:00";"PR";277;"723";"FOZ DO IGUACU";"Falta de atenção";"Colisão traseira";"Sem Vítimas";"Pleno dia";"Decrescente";"Ceu Claro";"Dupla";"Reta";"Urbano";3;0;0;0;3;0;0;3
83451654;"28/03/16";"Segunda";"11:40:00";"SC";282;"222";"LAGES";"Falta de atenção";"Capotamento";"Com Vítimas Feridas";"Pleno dia";"Decrescente";"Ceu Claro";"Simples";"Reta";"Rural";1;0;1;0;0;0;1;1
83451655;"14/03/16";"Segunda";"13:50:00";"TO";153;"332";"GUARAI";"Defeito mecânico em veículo";"Tombamento";"Com Vítimas Feridas";"Plena noite";"Crescente";"Ceu Claro";"Simples";"Reta";"Urbano";4;0;1;0;0;3;1;4
83451656;"24/03/16";"Quinta";"05:00:00";"CE";20;"420";"MARACANAU";"Outras";"Queda de motocicleta / bicicleta / veículo";"Com Vítimas Fatais";"Amanhecer";"Decrescente";"Ceu Claro";"Simples";"Reta";"Rural";2;1;0;0;1;0;0;2
83451660;"28/03/16";"Segunda";"12:00:00";"BA";324;"515";"FEIRA DE SANTANA";"Ultrapassagem indevida";"Colisão Transversal";"Com Vítimas Feridas";"Pleno dia";"Decrescente";"Nublado";"Simples";"Curva";"Urbano";2;0;1;0;1;0;1;2
83451661;"27/03/16";"Domingo";"22:10:00";"RS";116;"253,7";"SAPUCAIA DO SUL";"Falta de atenção";"Colisão traseira";"Sem Vítimas";"Plena noite";"Decrescente";"Ceu Claro";"Dupla";"Reta";"Urbano";3;0;0;0;3;0;0;3
83451664;"14/02/16";"Domingo";"01:40:00";"SC";101;"410";"ARARANGUA";"Falta de atenção";"Capotamento";"Com Vítimas Feridas";"Plena noite";"Decrescente";"Chuva";"Simples";"Cruzamento";"Rural";1;0;0;1;0;0;1;1
83451665;"28/03/16";"Segunda";"08:00:00";"CE";116;"46,5";"PACAJUS";"Falta de atenção";"Colisão traseira";"Com Vítimas Feridas";"Pleno dia";"Decrescente";"Ceu Claro";"Múltipla";"Reta";"Rural";2;0;1;0;1;0;1;2
83451666;"25/03/16";"Sexta";"03:40:00";"MG";135;"642";"CURVELO";"Outras";"Saída de Pista";"Com Vítimas Feridas";"Plena noite";"Decrescente";"Nublado";"Simples";"Reta";"Rural";2;0;2;0;0;0;2;1
83451667;"20/03/16";"Domingo";"15:30:00";"PR";280;"288,6";"FLOR DA SERRA DO SUL";"Outras";"Queda de motocicleta / bicicleta / veículo";"Com Vítimas Feridas";"Pleno dia";"Decrescente";"Ceu Claro";"Simples";"Curva";"Rural";1;0;1;0;0;0;1;1
83451668;"28/03/16";"Segunda";"14:05:00";"RJ";101;"329";"RIO DE JANEIRO";"Defeito mecânico em veículo";"Colisão traseira";"Com Vítimas Feridas";"Pleno dia";"Decrescente";"Ceu Claro";"Dupla";"Reta";"Urbano";2;0;1;0;1;0;1;2
83451669;"28/03/16";"Segunda";"10:40:00";"ES";262;"56";"MARECHAL FLORIANO";"Falta de atenção";"Colisão Transversal";"Com Vítimas Feridas";"Pleno dia";"Crescente";"Sol";"Simples";"Cruzamento";"Rural";2;0;1;0;1;0;1;2
83451670;"28/03/16";"Segunda";"13:40:00";"RS";470;"208,5";"BENTO GONCALVES";"Outras";"Saída de Pista";"Com Vítimas Feridas";"Pleno dia";"Crescente";"Nublado";"Simples";"Reta";"Rural";3;0;1;0;2;0;1;1
83451671;"24/03/16";"Quinta";"19:10:00";"MG";135;"642,7";"CURVELO";"Falta de atenção";"Colisão traseira";"Sem Vítimas";"Plena noite";"Crescente";"Ceu Claro";"Simples";"Reta";"Rural";2;0;0;0;2;0;0;2
83451673;"24/03/16";"Quinta";"15:40:00";"BA";324;"612";"SALVADOR";"Defeito mecânico em veículo";"Queda de motocicleta / bicicleta / veículo";"Com Vítimas Feridas";"Pleno dia";"Decrescente";"Ceu Claro";"Dupla";"Reta";"Rural";1;0;1;0;0;0;1;1
83451674;"28/03/16";"Segunda";"15:00:00";"PB";101;"105,2";"ALHANDRA";"Outras";"Saída de Pista";"Sem Vítimas";"Pleno dia";"Crescente";"Ceu Claro";"Dupla";"Reta";"Rural";1;0;0;0;1;0;0;1
83451675;"27/03/16";"Domingo";"02:45:00";"RJ";116;"163";"RIO DE JANEIRO";"Outras";"Capotamento";"Com Vítimas Feridas";"Amanhecer";"Decrescente";"Nublado";"Dupla";"Curva";"Urbano";1;0;1;0;0;0;1;1
83451676;"20/03/16";"Domingo";"18:10:00";"ES";101;"296";"CARIACICA";"Outras";"Colisão lateral";"Com Vítimas Feridas";"Pleno dia";"Decrescente";"Ceu Claro";"Múltipla";"Curva";"Urbano";3;0;0;2;1;0;2;2
83451677;"28/03/16";"Segunda";"11:05:00";"BA";116;"823,4";"VITORIA DA CONQUISTA";"Falta de atenção";"Colisão traseira";"Sem Vítimas";"Pleno dia";"Crescente";"Ceu Claro";"Múltipla";"Reta";"Urbano";2;0;0;0;2;0;0;2
83451678;"08/03/16";"Terça";"11:01:00";"PR";116;"125";"FAZENDA RIO GRANDE";"Falta de atenção";"Colisão traseira";"Com Vítimas Feridas";"Pleno dia";"Decrescente";"Sol";"Dupla";"Reta";"Urbano";2;0;1;0;1;0;1;2
83451679;"24/03/16";"Quinta";"07:10:00";"PE";101;"100,5";"CABO DE SANTO AGOSTINHO";"Falta de atenção";"Colisão Transversal";"Sem Vítimas";"Pleno dia";"Decrescente";"Ceu Claro";"Dupla";"Reta";"Urbano";2;0;0;0;2;0;0;2
83451680;"12/03/16";"Sábado";"18:30:00";"SC";116;"68,8";"MONTE CASTELO";"Ingestão de álcool";"Colisão lateral";"Com Vítimas Feridas";"Plena noite";"Crescente";"Nublado";"Simples";"Reta";"Urbano";4;0;1;0;3;0;1;4
83451681;"28/03/16";"Segunda";"10:00:00";"PA";230;"114";"MARABA";"Falta de atenção";"Colisão lateral";"Sem Vítimas";"Pleno dia";"Decrescente";"Ceu Claro";"Dupla";"Curva";"Urbano";2;0;0;0;2;0;0;2
83451682;"28/03/16";"Segunda";"12:30:00";"RJ";101;"454";"MANGARATIBA";"Não guardar distância de segurança";"Colisão traseira";"Com Vítimas Feridas";"Pleno dia";"Crescente";"Ceu Claro";"Simples";"Reta";"Urbano";4;0;1;0;3;0;1;3
83451683;"28/03/16";"Segunda";"13:15:00";"MS";163;"302,1";"RIO BRILHANTE";"Dormindo";"Saída de Pista";"Com Vítimas Feridas";"Pleno dia";"Crescente";"Sol";"Simples";"Reta";"Rural";3;0;2;0;1;0;2;1
83451684;"24/03/16";"Quinta";"16:30:00";"PI";343;"299";"ALTOS";"Falta de atenção";"Colisão frontal";"Com Vítimas Fatais";"Pleno dia";"Crescente";"Sol";"Simples";"Reta";"Rural";2;1;0;0;1;0;0;2
83451685;"28/03/16";"Segunda";"09:45:00";"RS";470;"70";"LAGOA VERMELHA";"Desobediência à sinalização";"Colisão Transversal";"Com Vítimas Feridas";"Pleno dia";"Decrescente";"Nublado";"Simples";"Curva";"Rural";4;0;1;0;3;0;1;4
83451686;"28/03/16";"Segunda";"15:00:00";"PR";163;"96";"CAPANEMA";"Outras";"Saída de Pista";"Com Vítimas Feridas";"Pleno dia";"Decrescente";"Ceu Claro";"Simples";"Reta";"Rural";1;0;1;0;0;0;1;1
83451687;"29/02/16";"Segunda";"02:20:00";"PE";423;"93,7";"GARANHUNS";"Outras";"Saída de Pista";"Com Vítimas Feridas";"Plena noite";"Crescente";"Ignorada";"Dupla";"Cruzamento";"Urbano";2;0;1;0;1;0;1;2
83451689;"24/03/16";"Quinta";"18:48:00";"DF";70;"10";"BRASILIA";"Falta de atenção";"Colisão lateral";"Com Vítimas Feridas";"Anoitecer";"Crescente";"Nublado";"Dupla";"Reta";"Urbano";2;0;1;0;1;0;1;2
83451690;"29/01/16";"Sexta";"07:43:00";"RJ";116;"236,5";"PIRAI";"Outras";"Colisão com objeto fixo";"Sem Vítimas";"Pleno dia";"Decrescente";"Chuva";"Dupla";"Curva";"Rural";1;0;0;0;1;0;0;1
83451691;"28/03/16";"Segunda";"15:25:00";"PR";376;"183,8";"SARANDI";"Outras";"Atropelamento de pessoa";"Com Vítimas Feridas";"Pleno dia";"Decrescente";"Sol";"Múltipla";"Reta";"Urbano";2;0;1;0;0;1;1;1
83451692;"28/03/16";"Segunda";"11:08:00";"BA";116;"823,4";"VITORIA DA CONQUISTA";"Falta de atenção";"Colisão traseira";"Sem Vítimas";"Pleno dia";"Crescente";"Ceu Claro";"Dupla";"Reta";"Urbano";3;0;0;0;3;0;0;3
83451693;"28/03/16";"Segunda";"11:45:00";"PE";101;"81";"JABOATAO DOS GUARARAPES";"Velocidade incompatível";"Colisão traseira";"Com Vítimas Feridas";"Pleno dia";"Decrescente";"Ceu Claro";"Múltipla";"Reta";"Urbano";2;0;0;1;1;0;1;2
83451694;"24/03/16";"Quinta";"21:30:00";"AM";319;"678";"HUMAITA";"Falta de atenção";"Queda de motocicleta / bicicleta / veículo";"Com Vítimas Feridas";"Plena noite";"Crescente";"Nublado";"Simples";"Reta";"Rural";1;0;1;0;0;0;1;1
83451695;"28/03/16";"Segunda";"13:35:00";"RS";158;"222,5";"CRUZ ALTA";"Velocidade incompatível";"Colisão traseira";"Sem Vítimas";"Pleno dia";"Decrescente";"Ceu Claro";"Simples";"Reta";"Rural";3;0;0;0;3;0;0;3
83451696;"28/03/16";"Segunda";"14:15:00";"MG";381;"662,5";"SANTO ANTONIO DO AMPARO";"Desobediência à sinalização";"Colisão frontal";"Com Vítimas Feridas";"Pleno dia";"Crescente";"Ignorada";"Simples";"Reta";"Rural";2;0;1;0;1;0;1;2
83451697;"28/03/16";"Segunda";"14:20:00";"RS";158;"237";"TUPANCIRETA";"Falta de atenção";"Colisão lateral";"Sem Vítimas";"Pleno dia";"Crescente";"Ceu Claro";"Simples";"Reta";"Rural";2;0;0;0;2;0;0;2
83451698;"16/03/16";"Quarta";"19:00:00";"MS";163;"629";"SAO GABRIEL DO OESTE";"Desobediência à sinalização";"Colisão Transversal";"Com Vítimas Feridas";"Plena noite";"Decrescente";"Nublado";"Simples";"Reta";"Rural";2;0;1;1;0;0;2;2
83451700;"28/03/16";"Segunda";"17:00:00";"SC";470;"64,8";"INDAIAL";"Falta de atenção";"Colisão traseira";"Sem Vítimas";"Pleno dia";"Decrescente";"Ceu Claro";"Simples";"Reta";"Rural";2;0;0;0;2;0;0;2
83451701;"28/03/16";"Segunda";"11:00:00";"SC";282;"3,5";"FLORIANOPOLIS";"Não guardar distância de segurança";"Colisão lateral";"Com Vítimas Feridas";"Pleno dia";"Decrescente";"Ceu Claro";"Dupla";"Curva";"Urbano";2;0;1;0;1;0;1;2
83451702;"27/03/16";"Domingo";"22:40:00";"ES";101;"253";"SERRA";"Não guardar distância de segurança";"Colisão traseira";"Com Vítimas Feridas";"Plena noite";"Crescente";"Ceu Claro";"Simples";"Reta";"Rural";2;0;1;0;1;0;1;2
83451703;"28/03/16";"Segunda";"15:15:00";"MG";153;"52";"MONTE ALEGRE DE MINAS";"Outras";"Saída de Pista";"Sem Vítimas";"Pleno dia";"Crescente";"Nublado";"Dupla";"Reta";"Rural";1;0;0;0;1;0;0;1
83451704;"28/03/16";"Segunda";"12:35:00";"MG";381;"799";"SAO GONCALO DO SAPUCAI";"Velocidade incompatível";"Saída de Pista";"Com Vítimas Feridas";"Pleno dia";"Crescente";"Nublado";"Dupla";"Curva";"Rural";3;0;2;0;1;0;2;1
83451705;"28/03/16";"Segunda";"14:40:00";"MG";381;"357,8";"JOAO MONLEVADE";"Não guardar distância de segurança";"Colisão traseira";"Com Vítimas Feridas";"Pleno dia";"Crescente";"Ceu Claro";"Simples";"Curva";"Urbano";3;0;1;1;1;0;2;2
83451706;"28/03/16";"Segunda";"08:45:00";"GO";60;"260";"INDIARA";"Defeito mecânico em veículo";"Tombamento";"Com Vítimas Feridas";"Pleno dia";"Crescente";"Ceu Claro";"Dupla";"Reta";"Rural";2;0;1;0;1;0;1;1
83451707;"24/03/16";"Quinta";"18:50:00";"GO";153;"642,8";"MORRINHOS";"Outras";"Queda de motocicleta / bicicleta / veículo";"Com Vítimas Feridas";"Anoitecer";"Crescente";"Ceu Claro";"Dupla";"Reta";"Rural";2;0;1;0;1;0;1;1
83451708;"28/03/16";"Segunda";"10:50:00";"BA";324;"527";"FEIRA DE SANTANA";"Falta de atenção";"Colisão lateral";"Sem Vítimas";"Pleno dia";"Crescente";"Ceu Claro";"Dupla";"Reta";"Rural";2;0;0;0;2;0;0;2
83451709;"28/03/16";"Segunda";"12:00:00";"MG";116;"114";"ITAOBIM";"Falta de atenção";"Colisão Transversal";"Com Vítimas Feridas";"Pleno dia";"Decrescente";"Ceu Claro";"Simples";"Cruzamento";"Urbano";4;0;0;2;2;0;2;3
83451710;"28/03/16";"Segunda";"15:20:00";"RJ";101;"398";"RIO DE JANEIRO";"Outras";"Queda de motocicleta / bicicleta / veículo";"Com Vítimas Feridas";"Pleno dia";"Decrescente";"Sol";"Dupla";"Reta";"Rural";2;0;1;1;0;0;2;1
83451711;"28/03/16";"Segunda";"15:30:00";"RO";319;"64,1";"PORTO VELHO";"Falta de atenção";"Colisão Transversal";"Com Vítimas Feridas";"Pleno dia";"Decrescente";"Chuva";"Múltipla";"Reta";"Urbano";2;0;1;0;1;0;1;2
83451712;"24/03/16";"Quinta";"20:00:00";"RS";470;"212,6";"BENTO GONCALVES";"Outras";"Saída de Pista";"Sem Vítimas";"Plena noite";"Decrescente";"Nublado";"Simples";"Reta";"Urbano";1;0;0;0;1;0;0;1
83451713;"28/03/16";"Segunda";"15:10:00";"MS";163;"581";"BANDEIRANTES";"Falta de atenção";"Saída de Pista";"Com Vítimas Feridas";"Pleno dia";"Crescente";"Chuva";"Dupla";"Reta";"Rural";1;0;1;0;0;0;1;1
83451714;"12/03/16";"Sábado";"17:50:00";"RJ";116;"239";"PIRAI";"Outras";"Colisão com objeto fixo";"Sem Vítimas";"Plena noite";"Decrescente";"Chuva";"Dupla";"Curva";"Rural";1;0;0;0;1;0;0;1
83451715;"28/03/16";"Segunda";"13:47:00";"MG";381;"482";"BETIM";"Outras";"Atropelamento de pessoa";"Com Vítimas Feridas";"Pleno dia";"Decrescente";"Sol";"Dupla";"Reta";"Urbano";2;0;1;0;0;1;1;1
83451716;"28/03/16";"Segunda";"07:00:00";"ES";101;"269,1";"SERRA";"Outras";"Colisão traseira";"Com Vítimas Feridas";"Pleno dia";"Crescente";"Sol";"Múltipla";"Reta";"Urbano";2;0;1;0;1;0;1;2
83451717;"23/03/16";"Quarta";"13:15:00";"AL";101;"4,3";"NOVO LINO";"Outras";"Colisão com objeto fixo";"Com Vítimas Feridas";"Pleno dia";"Crescente";"Nublado";"Dupla";"Curva";"Rural";1;0;0;1;0;0;1;1
83451718;"28/03/16";"Segunda";"15:00:00";"MG";116;"433,1";"ENGENHEIRO CALDAS";"Dormindo";"Saída de Pista";"Com Vítimas Feridas";"Pleno dia";"Decrescente";"Ceu Claro";"Simples";"Reta";"Rural";1;0;0;1;0;0;1;1
83451719;"28/03/16";"Segunda";"18:00:00";"RJ";116;"135";"DUQUE DE CAXIAS";"Outras";"Queda de motocicleta / bicicleta / veículo";"Com Vítimas Feridas";"Anoitecer";"Crescente";"Nublado";"Dupla";"Reta";"Urbano";1;0;0;1;0;0;1;1
83451721;"28/03/16";"Segunda";"08:00:00";"CE";222;"220,5";"SOBRAL";"Falta de atenção";"Colisão traseira";"Sem Vítimas";"Pleno dia";"Crescente";"Ceu Claro";"Simples";"Reta";"Rural";2;0;0;0;2;0;0;2
83451722;"28/03/16";"Segunda";"06:40:00";"MG";381;"200";"NAQUE";"Outras";"Saída de Pista";"Sem Vítimas";"Amanhecer";"Decrescente";"Ceu Claro";"Simples";"Reta";"Rural";1;0;0;0;1;0;0;1
83451723;"28/03/16";"Segunda";"05:55:00";"RO";319;"59,5";"PORTO VELHO";"Falta de atenção";"Colisão traseira";"Sem Vítimas";"Amanhecer";"Crescente";"Chuva";"Dupla";"Reta";"Urbano";2;0;0;0;2;0;0;2
83451724;"28/03/16";"Segunda";"17:15:00";"RJ";101;"68";"CAMPOS DOS GOYTACAZES";"Defeito mecânico em veículo";"Queda de motocicleta / bicicleta / veículo";"Com Vítimas Feridas";"Pleno dia";"Crescente";"Ceu Claro";"Simples";"Reta";"Urbano";2;0;2;0;0;0;2;1
83451725;"28/03/16";"Segunda";"07:40:00";"SP";116;"227";"GUARULHOS";"Falta de atenção";"Queda de motocicleta / bicicleta / veículo";"Com Vítimas Feridas";"Pleno dia";"Crescente";"Ceu Claro";"Múltipla";"Reta";"Urbano";1;0;1;0;0;0;1;1
83451726;"27/03/16";"Domingo";"19:00:00";"AM";174;"929";"MANAUS";"Ingestão de álcool";"Colisão com objeto fixo";"Com Vítimas Fatais";"Anoitecer";"Decrescente";"Ceu Claro";"Simples";"Reta";"Rural";5;1;3;1;0;0;4;1
83451727;"28/03/16";"Segunda";"17:30:00";"CE";222;"5,3";"CAUCAIA";"Falta de atenção";"Colisão lateral";"Com Vítimas Feridas";"Pleno dia";"Decrescente";"Ceu Claro";"Múltipla";"Curva";"Urbano";3;0;1;0;0;2;1;2
83451728;"28/03/16";"Segunda";"13:30:00";"BA";135;"107";"RIACHAO DAS NEVES";"Outras";"Colisão frontal";"Com Vítimas Feridas";"Pleno dia";"Decrescente";"Sol";"Simples";"Reta";"Rural";3;0;1;0;2;0;1;2
83451729;"28/03/16";"Segunda";"18:00:00";"GO";414;"440";"ANAPOLIS";"Falta de atenção";"Colisão lateral";"Sem Vítimas";"Pleno dia";"Crescente";"Sol";"Dupla";"Cruzamento";"Urbano";2;0;0;0;2;0;0;2
83451730;"28/03/16";"Segunda";"09:30:00";"RJ";101;"131";"CONCEICAO DE MACABU";"Outras";"Derramamento de Carga";"Sem Vítimas";"Pleno dia";"Decrescente";"Sol";"Dupla";"Reta";"Rural";1;0;0;0;1;0;0;1
83451731;"28/03/16";"Segunda";"18:00:00";"PR";153;"339,8";"IRATI";"Falta de atenção";"Colisão lateral";"Com Vítimas Feridas";"Pleno dia";"Crescente";"Ceu Claro";"Simples";"Reta";"Rural";2;0;1;0;1;0;1;2
83451732;"28/03/16";"Segunda";"09:35:00";"RO";364;"169";"PIMENTA BUENO";"Defeito na via";"Tombamento";"Sem Vítimas";"Pleno dia";"Crescente";"Ceu Claro";"Simples";"Reta";"Rural";1;0;0;0;1;0;0;1
83451733;"07/03/16";"Segunda";"18:40:00";"RS";290;"91,1";"PORTO ALEGRE";"Falta de atenção";"Colisão lateral";"Com Vítimas Feridas";"Pleno dia";"Decrescente";"Ceu Claro";"Dupla";"Reta";"Urbano";2;0;1;0;1;0;1;2
83451734;"28/03/16";"Segunda";"12:10:00";"PB";230;"83,1";"BAYEUX";"Não guardar distância de segurança";"Colisão traseira";"Sem Vítimas";"Pleno dia";"Decrescente";"Ceu Claro";"Dupla";"Reta";"Urbano";2;0;0;0;2;0;0;2
83451735;"27/03/16";"Domingo";"18:30:00";"BA";101;"185";"SAO GONCALO DOS CAMPOS";"Outras";"Colisão traseira";"Sem Vítimas";"Anoitecer";"Decrescente";"Ceu Claro";"Simples";"Reta";"Rural";4;0;0;0;3;1;0;4
83451736;"25/03/16";"Sexta";"23:45:00";"CE";402;"232,9";"AMONTADA";"Ingestão de álcool";"Colisão traseira";"Com Vítimas Feridas";"Plena noite";"Crescente";"Ceu Claro";"Simples";"Reta";"Rural";3;0;0;2;1;0;2;2
83451737;"28/03/16";"Segunda";"16:40:00";"PR";277;"17";"PARANAGUA";"Dormindo";"Saída de Pista";"Sem Vítimas";"Pleno dia";"Decrescente";"Ceu Claro";"Dupla";"Reta";"Rural";1;0;0;0;1;0;0;1
83451738;"24/03/16";"Quinta";"14:30:00";"CE";20;"418,2";"MARACANAU";"Outras";"Colisão lateral";"Com Vítimas Feridas";"Pleno dia";"Decrescente";"Ceu Claro";"Dupla";"Reta";"Urbano";2;0;1;0;1;0;1;2
83451739;"28/03/16";"Segunda";"08:00:00";"PE";408;"48,8";"NAZARE DA MATA";"Outras";"Colisão frontal";"Com Vítimas Feridas";"Pleno dia";"Decrescente";"Ceu Claro";"Simples";"Reta";"Rural";2;0;0;1;0;1;1;2
83451740;"28/03/16";"Segunda";"17:30:00";"GO";60;"118";"TEREZOPOLIS DE GOIAS";"Falta de atenção";"Colisão lateral";"Sem Vítimas";"Pleno dia";"Crescente";"Ceu Claro";"Dupla";"Reta";"Urbano";2;0;0;0;2;0;0;2
83451741;"28/03/16";"Segunda";"18:50:00";"ES";101;"145";"LINHARES";"Falta de atenção";"Colisão traseira";"Com Vítimas Feridas";"Anoitecer";"Crescente";"Ceu Claro";"Múltipla";"Reta";"Urbano";3;0;1;0;2;0;1;2
83451742;"28/03/16";"Segunda";"18:09:00";"CE";116;"1,2";"FORTALEZA";"Não guardar distância de segurança";"Colisão traseira";"Sem Vítimas";"Plena noite";"Decrescente";"Ceu Claro";"Múltipla";"Reta";"Urbano";5;0;0;0;5;0;0;5
83451743;"28/03/16";"Segunda";"18:20:00";"GO";153;"515";"APARECIDA DE GOIANIA";"Outras";"Queda de motocicleta / bicicleta / veículo";"Com Vítimas Feridas";"Anoitecer";"Crescente";"Ceu Claro";"Múltipla";"Reta";"Rural";1;0;0;1;0;0;1;1
83451744;"24/03/16";"Quinta";"15:50:00";"PE";407;"123,5";"PETROLINA";"Falta de atenção";"Colisão frontal";"Com Vítimas Feridas";"Pleno dia";"Crescente";"Ceu Claro";"Simples";"Reta";"Urbano";2;0;0;1;1;0;1;2
83451745;"28/03/16";"Segunda";"17:00:00";"MG";381;"289";"JAGUARACU";"Desobediência à sinalização";"Colisão frontal";"Sem Vítimas";"Pleno dia";"Crescente";"Ceu Claro";"Simples";"Curva";"Rural";2;0;0;0;2;0;0;2
83451746;"28/03/16";"Segunda";"15:15:00";"SC";282;"3";"FLORIANOPOLIS";"Não guardar distância de segurança";"Tombamento";"Com Vítimas Feridas";"Pleno dia";"Decrescente";"Ceu Claro";"Dupla";"Reta";"Urbano";1;0;1;0;0;0;1;1
83451748;"28/03/16";"Segunda";"19:00:00";"BA";101;"879";"TEIXEIRA DE FREITAS";"Falta de atenção";"Colisão Transversal";"Com Vítimas Feridas";"Plena noite";"Decrescente";"Ceu Claro";"Simples";"Reta";"Urbano";3;0;2;0;1;0;2;2
83451749;"27/03/16";"Domingo";"17:10:00";"BA";324;"594";"CANDEIAS";"Falta de atenção";"Colisão traseira";"Sem Vítimas";"Anoitecer";"Crescente";"Nublado";"Dupla";"Reta";"Rural";3;0;0;0;3;0;0;3
83451750;"28/03/16";"Segunda";"13:00:00";"RN";101;"116";"SAO JOSE DE MIPIBU";"Defeito na via";"Queda de motocicleta / bicicleta / veículo";"Com Vítimas Feridas";"Pleno dia";"Decrescente";"Ceu Claro";"Dupla";"Reta";"Rural";1;0;0;1;0;0;1;1
83451752;"28/03/16";"Segunda";"18:00:00";"MG";153;"61";"MONTE ALEGRE DE MINAS";"Dormindo";"Colisão lateral";"Sem Vítimas";"Anoitecer";"Decrescente";"Ceu Claro";"Simples";"Reta";"Rural";3;0;0;0;3;0;0;2
83451753;"28/03/16";"Segunda";"12:00:00";"RS";471;"148,9";"SANTA CRUZ DO SUL";"Desobediência à sinalização";"Colisão Transversal";"Com Vítimas Feridas";"Pleno dia";"Decrescente";"Nublado";"Simples";"Cruzamento";"Urbano";2;0;0;1;1;0;1;2
83451754;"28/03/16";"Segunda";"19:40:00";"RJ";116;"126";"MAGE";"Outras";"Saída de Pista";"Sem Vítimas";"Plena noite";"Crescente";"Chuva";"Dupla";"Curva";"Urbano";1;0;0;0;1;0;0;1
83451755;"28/03/16";"Segunda";"19:20:00";"RS";392;"61,6";"PELOTAS";"Desobediência à sinalização";"Colisão Transversal";"Com Vítimas Feridas";"Plena noite";"Crescente";"Ceu Claro";"Simples";"Cruzamento";"Urbano";3;0;2;0;1;0;2;2
83451756;"23/03/16";"Quarta";"13:00:00";"RS";386;"50";"SEBERI";"Desobediência à sinalização";"Colisão Transversal";"Sem Vítimas";"Pleno dia";"Decrescente";"Ceu Claro";"Simples";"Curva";"Urbano";2;0;0;0;2;0;0;2
83451757;"28/03/16";"Segunda";"18:00:00";"AP";210;"1";"MACAPA";"Outras";"Queda de motocicleta / bicicleta / veículo";"Com Vítimas Feridas";"Pleno dia";"Crescente";"Nublado";"Simples";"Reta";"Urbano";1;0;1;0;0;0;1;1
83451758;"28/03/16";"Segunda";"17:30:00";"MG";153;"34";"CANAPOLIS";"Defeito mecânico em veículo";"Tombamento";"Sem Vítimas";"Pleno dia";"Decrescente";"Ceu Claro";"Dupla";"Cruzamento";"Urbano";1;0;0;0;1;0;0;1
83451759;"27/03/16";"Domingo";"23:20:00";"RJ";101;"81";"CAMPOS DOS GOYTACAZES";"Velocidade incompatível";"Saída de Pista";"Sem Vítimas";"Plena noite";"Decrescente";"Ceu Claro";"Simples";"Curva";"Rural";1;0;0;0;1;0;0;1
83451760;"28/03/16";"Segunda";"15:45:00";"MG";267;"276";"AIURUOCA";"Velocidade incompatível";"Colisão lateral";"Sem Vítimas";"Pleno dia";"Crescente";"Chuva";"Simples";"Curva";"Rural";4;0;0;0;4;0;0;2
83451761;"28/03/16";"Segunda";"10:39:00";"RR";174;"618";"AMAJARI";"Dormindo";"Capotamento";"Com Vítimas Feridas";"Pleno dia";"Decrescente";"Nublado";"Simples";"Reta";"Rural";3;0;0;3;0;0;3;1
83451762;"28/03/16";"Segunda";"15:00:00";"PA";316;"25";"BENEVIDES";"Falta de atenção";"Colisão traseira";"Sem Vítimas";"Pleno dia";"Crescente";"Chuva";"Dupla";"Reta";"Rural";4;0;0;0;4;0;0;2
83451763;"28/03/16";"Segunda";"14:00:00";"PR";163;"284";"MARECHAL CANDIDO RONDON";"Falta de atenção";"Colisão com bicicleta";"Com Vítimas Feridas";"Pleno dia";"Decrescente";"Sol";"Dupla";"Cruzamento";"Urbano";6;0;1;0;4;1;1;3
83451764;"28/03/16";"Segunda";"20:00:00";"PE";232;"89";"SAIRE";"Outras";"Colisão com objeto fixo";"Sem Vítimas";"Plena noite";"Crescente";"Ceu Claro";"Dupla";"Reta";"Rural";1;0;0;0;1;0;0;1
83451765;"28/03/16";"Segunda";"17:30:00";"MG";381;"674";"PERDOES";"Dormindo";"Capotamento";"Sem Vítimas";"Pleno dia";"Decrescente";"Ceu Claro";"Dupla";"Reta";"Rural";1;0;0;0;1;0;0;1
83451766;"25/03/16";"Sexta";"05:00:00";"BA";415;"49";"ITABUNA";"Ingestão de álcool";"Capotamento";"Sem Vítimas";"Amanhecer";"Decrescente";"Ceu Claro";"Simples";"Reta";"Urbano";5;0;0;0;4;1;0;1