"id";"data_inversa";"dia_semana";"horario";"uf";"br";"km";"municipio";"causa_acidente";"tipo_acidente";"classificacao_acidente";"fase_dia";"sentido_via";"condicao_metereologica";"tipo_pista";"tracado_via";"uso_solo";"pessoas";"mortos";"feridos_leves";"feridos_graves";"ilesos";"ignorados";"feridos";"veiculos"
83451998;"29/03/16";"Terça";"15:15:00";"PR";277;"408";"CANTAGALO";"Velocidade incompatível";"Tombamento";"Com Vítimas Feridas";"Pleno dia";"Crescente";"Ceu Claro";"Simples";"Curva";"Rural";1;0;0;1;0;0;1;1
83451999;"29/03/16";"Terça";"15:30:00";"MS";60;"380";"CAMPO GRANDE";"Falta de atenção";"Saída de Pista";"Sem Vítimas";"Pleno dia";"Crescente";"Chuva";"Simples";"Curva";"Rural";1;0;0;0;1;0;0;1
83452000;"29/03/16";"Terça";"17:00:00";"MG";381;"493,5";"BETIM";"Velocidade incompatível";"Colisão frontal";"Com Vítimas Feridas";"Pleno dia";"Decrescente";"Ceu Claro";"Dupla";"Curva";"Urbano";4;0;0;2;2;0;2;2
83452001;"29/03/16";"Terça";"09:40:00";"RN";110;"49,1";"MOSSORO";"Falta de atenção";"Atropelamento de pessoa";"Com Vítimas Feridas";"Pleno dia";"Decrescente";"Ceu Claro";"Simples";"Reta";"Urbano";2;0;2;0;0;0;2;1
83452002;"29/03/16";"Terça";"11:32:00";"RO";364;"243,7";"CACOAL";"Falta de atenção";"Saída de Pista";"Sem Vítimas";"Pleno dia";"Crescente";"Chuva";"Simples";"Reta";"Urbano";1;0;0;0;1;0;0;1
83452003;"29/03/16";"Terça";"15:35:00";"ES";262;"33,3";"DOMINGOS MARTINS";"Defeito mecânico em veículo";"Colisão traseira";"Com Vítimas Feridas";"Pleno dia";"Crescente";"Ceu Claro";"Dupla";"Curva";"Rural";2;0;1;0;1;0;1;2
83452004;"29/03/16";"Terça";"15:00:00";"PR";116;"123,7";"CURITIBA";"Não guardar distância de segurança";"Colisão com objeto fixo";"Sem Vítimas";"Pleno dia";"Crescente";"Ceu Claro";"Dupla";"Reta";"Urbano";1;0;0;0;1;0;0;1
83452005;"29/03/16";"Terça";"16:50:00";"MG";153;"2";"ARAPORA";"Falta de atenção";"Colisão traseira";"Sem Vítimas";"Pleno dia";"Crescente";"Ceu Claro";"Dupla";"Reta";"Rural";2;0;0;0;2;0;0;2
83452006;"29/03/16";"Terça";"18:55:00";"RS";290;"95";"PORTO ALEGRE";"Falta de atenção";"Queda de motocicleta / bicicleta / veículo";"Com Vítimas Feridas";"Plena noite";"Decrescente";"Ceu Claro";"Dupla";"Reta";"Urbano";3;0;2;0;0;1;2;2
83452007;"19/03/16";"Sábado";"19:20:00";"MG";364;"31";"FRUTAL";"Ingestão de álcool";"Colisão traseira";"Sem Vítimas";"Plena noite";"Crescente";"Ceu Claro";"Simples";"Reta";"Urbano";7;0;0;0;7;0;0;2
83452008;"25/03/16";"Sexta";"08:40:00";"SC";101;"229,4";"PALHOCA";"Falta de atenção";"Colisão traseira";"Sem Vítimas";"Pleno dia";"Decrescente";"Chuva";"Dupla";"Reta";"Urbano";2;0;0;0;2;0;0;2
83452009;"29/03/16";"Terça";"18:05:00";"SC";101;"211,1";"PALHOCA";"Não guardar distância de segurança";"Colisão traseira";"Com Vítimas Feridas";"Pleno dia";"Crescente";"Ceu Claro";"Simples";"Reta";"Urbano";4;0;0;1;3;0;1;3
83452011;"29/03/16";"Terça";"09:40:00";"TO";153;"331,8";"GUARAI";"Desobediência à sinalização";"Colisão Transversal";"Sem Vítimas";"Pleno dia";"Decrescente";"Ceu Claro";"Dupla";"Reta";"Urbano";2;0;0;0;2;0;0;2
83452012;"29/03/16";"Terça";"17:00:00";"MT";364;"401";"CUIABA";"Defeito mecânico em veículo";"Colisão traseira";"Com Vítimas Feridas";"Pleno dia";"Decrescente";"Chuva";"Dupla";"Reta";"Urbano";6;0;4;0;2;0;4;2
83452013;"26/03/16";"Sábado";"05:30:00";"SC";282;"72";"RANCHO QUEIMADO";"Velocidade incompatível";"Colisão frontal";"Sem Vítimas";"Plena noite";"Decrescente";"Chuva";"Simples";"Curva";"Rural";2;0;0;0;2;0;0;2
83452014;"27/03/16";"Domingo";"18:00:00";"DF";20;"9,8";"BRASILIA";"Não guardar distância de segurança";"Colisão traseira";"Com Vítimas Feridas";"Anoitecer";"Decrescente";"Ceu Claro";"Dupla";"Reta";"Urbano";7;0;0;1;6;0;1;3
83452015;"25/03/16";"Sexta";"08:30:00";"CE";222;"76,3";"SAO GONCALO DO AMARANTE";"Outras";"Colisão traseira";"Sem Vítimas";"Pleno dia";"Crescente";"Ceu Claro";"Simples";"Reta";"Urbano";2;0;0;0;2;0;0;2
83452016;"29/03/16";"Terça";"13:30:00";"RO";364;"583";"CANDEIAS DO JAMARI";"Outras";"Saída de Pista";"Sem Vítimas";"Pleno dia";"Crescente";"Chuva";"Simples";"Reta";"Rural";2;0;0;0;2;0;0;1
83452017;"29/03/16";"Terça";"12:10:00";"BA";324;"7";"FEIRA DE SANTANA";"Falta de atenção";"Tombamento";"Com Vítimas Feridas";"Pleno dia";"Crescente";"Ceu Claro";"Dupla";"Reta";"Urbano";1;0;1;0;0;0;1;1
83452018;"29/03/16";"Terça";"10:15:00";"RS";392;"34";"RIO GRANDE";"Falta de atenção";"Saída de Pista";"Sem Vítimas";"Pleno dia";"Decrescente";"Ceu Claro";"Dupla";"Reta";"Rural";2;0;0;0;2;0;0;1
83452020;"29/03/16";"Terça";"18:40:00";"SP";116;"567";"BARRA DO TURVO";"Velocidade incompatível";"Colisão com objeto fixo";"Sem Vítimas";"Plena noite";"Crescente";"Chuva";"Simples";"Curva";"Rural";1;0;0;0;1;0;0;1
83452021;"29/03/16";"Terça";"20:30:00";"MG";135;"374,5";"MONTES CLAROS";"Defeito mecânico em veículo";"Incêndio";"Com Vítimas Feridas";"Plena noite";"Crescente";"Ceu Claro";"Simples";"Reta";"Rural";2;0;2;0;0;0;2;1
83452022;"29/03/16";"Terça";"15:20:00";"AL";101;"42,8";"FLEXEIRAS";"Outras";"Capotamento";"Com Vítimas Feridas";"Pleno dia";"Crescente";"Chuva";"Dupla";"Reta";"Rural";1;0;1;0;0;0;1;1
83452023;"29/03/16";"Terça";"18:05:00";"SP";116;"146";"SAO JOSE DOS CAMPOS";"Defeito na via";"Colisão lateral";"Com Vítimas Fatais";"Pleno dia";"Crescente";"Nublado";"Dupla";"Reta";"Urbano";2;1;0;0;1;0;0;2
83452024;"29/03/16";"Terça";"21:02:00";"RS";386;"364,5";"FAZENDA VILANOVA";"Velocidade incompatível";"Saída de Pista";"Sem Vítimas";"Plena noite";"Decrescente";"Ceu Claro";"Dupla";"Curva";"Rural";1;0;0;0;1;0;0;1
83452025;"29/03/16";"Terça";"16:30:00";"MG";262;"900";"CAMPO FLORIDO";"Defeito na via";"Tombamento";"Sem Vítimas";"Pleno dia";"Decrescente";"Sol";"Simples";"Curva";"Rural";1;0;0;0;1;0;0;1
83452026;"26/03/16";"Sábado";"10:30:00";"MG";251;"334";"FRUTA DE LEITE";"Velocidade incompatível";"Capotamento";"Com Vítimas Fatais";"Plena noite";"Decrescente";"Ceu Claro";"Simples";"Curva";"Rural";1;1;0;0;0;0;0;1
83452027;"29/03/16";"Terça";"12:15:00";"PR";476;"101,5";"BOCAIUVA DO SUL";"Outras";"Colisão frontal";"Com Vítimas Fatais";"Pleno dia";"Crescente";"Ceu Claro";"Simples";"Curva";"Rural";2;1;1;0;0;0;1;2
83452028;"29/03/16";"Terça";"19:30:00";"SC";280;"167";"MAFRA";"Outras";"Colisão lateral";"Com Vítimas Feridas";"Plena noite";"Decrescente";"Nublado";"Simples";"Reta";"Urbano";2;0;1;0;0;1;1;2
83452029;"29/03/16";"Terça";"18:00:00";"PR";376;"450,5";"TIBAGI";"Falta de atenção";"Saída de Pista";"Sem Vítimas";"Anoitecer";"Decrescente";"Nublado";"Simples";"Curva";"Rural";1;0;0;0;1;0;0;1
83452030;"29/03/16";"Terça";"16:00:00";"PB";230;"162,7";"CAMPINA GRANDE";"Não guardar distância de segurança";"Colisão traseira";"Com Vítimas Feridas";"Pleno dia";"Crescente";"Chuva";"Simples";"Reta";"Rural";3;0;1;0;2;0;1;2
83452031;"29/03/16";"Terça";"18:30:00";"ES";262;"56,5";"MARECHAL FLORIANO";"Falta de atenção";"Colisão Transversal";"Com Vítimas Feridas";"Plena noite";"Crescente";"Ceu Claro";"Simples";"Cruzamento";"Rural";3;0;1;0;2;0;1;2
83452033;"29/03/16";"Terça";"17:40:00";"MS";163;"800,4";"SONORA";"Velocidade incompatível";"Saída de Pista";"Sem Vítimas";"Plena noite";"Decrescente";"Chuva";"Simples";"Reta";"Rural";1;0;0;0;1;0;0;1
83452034;"29/03/16";"Terça";"19:30:00";"MG";116;"284";"TEOFILO OTONI";"Outras";"Colisão lateral";"Com Vítimas Feridas";"Plena noite";"Decrescente";"Ceu Claro";"Simples";"Reta";"Rural";2;0;1;0;0;1;1;2
83452035;"29/03/16";"Terça";"20:30:00";"PR";376;"61";"GUAIRACA";"Outras";"Colisão frontal";"Com Vítimas Feridas";"Plena noite";"Decrescente";"Ceu Claro";"Simples";"Reta";"Rural";2;0;1;0;1;0;1;2
83452036;"29/03/16";"Terça";"20:15:00";"MT";364;"192,3";"RONDONOPOLIS";"Falta de atenção";"Queda de motocicleta / bicicleta / veículo";"Com Vítimas Feridas";"Plena noite";"Decrescente";"Ceu Claro";"Simples";"Reta";"Rural";1;0;1;0;0;0;1;1
83452037;"26/03/16";"Sábado";"03:25:00";"RS";392;"50,1";"RIO GRANDE";"Dormindo";"Tombamento";"Sem Vítimas";"Plena noite";"Crescente";"Chuva";"Dupla";"Reta";"Rural";1;0;0;0;1;0;0;1
83452038;"29/03/16";"Terça";"22:40:00";"SC";101;"32,5";"JOINVILLE";"Outras";"Colisão com objeto fixo";"Sem Vítimas";"Plena noite";"Decrescente";"Nublado";"Dupla";"Curva";"Rural";2;0;0;0;2;0;0;1
83452039;"29/03/16";"Terça";"14:05:00";"SP";116;"313";"SAO LOURENCO DA SERRA";"Ingestão de álcool";"Colisão traseira";"Sem Vítimas";"Pleno dia";"Decrescente";"Ceu Claro";"Dupla";"Reta";"Rural";2;0;0;0;2;0;0;2
83452040;"29/03/16";"Terça";"20:20:00";"GO";153;"414,8";"PIRENOPOLIS";"Outras";"Capotamento";"Ignorado";"Plena noite";"Decrescente";"Ceu Claro";"Simples";"Reta";"Rural";1;0;0;0;0;1;0;1
83452041;"29/03/16";"Terça";"20:45:00";"RS";293;"99,7";"PINHEIRO MACHADO";"Outras";"Saída de Pista";"Com Vítimas Feridas";"Plena noite";"Decrescente";"Ceu Claro";"Simples";"Curva";"Rural";2;0;1;0;1;0;1;1
83452042;"29/03/16";"Terça";"21:15:00";"SP";116;"208";"GUARULHOS";"Outras";"Colisão com objeto fixo";"Ignorado";"Plena noite";"Decrescente";"Nublado";"Dupla";"Reta";"Urbano";1;0;0;0;0;1;0;1
83452043;"29/03/16";"Terça";"21:00:00";"PR";369;"185";"ARAPONGAS";"Outras";"Colisão com objeto fixo";"Sem Vítimas";"Plena noite";"Crescente";"Ceu Claro";"Simples";"Reta";"Urbano";1;0;0;0;1;0;0;1
83452044;"25/03/16";"Sexta";"11:20:00";"ES";101;"267,2";"SERRA";"Defeito mecânico em veículo";"Queda de motocicleta / bicicleta / veículo";"Com Vítimas Feridas";"Pleno dia";"Decrescente";"Sol";"Dupla";"Reta";"Urbano";2;0;1;1;0;0;2;1
83452046;"24/03/16";"Quinta";"14:00:00";"SP";116;"228";"SAO PAULO";"Não guardar distância de segurança";"Colisão traseira";"Com Vítimas Feridas";"Pleno dia";"Crescente";"Nublado";"Simples";"Reta";"Urbano";2;0;1;0;0;1;1;2
83452047;"29/03/16";"Terça";"22:10:00";"RS";287;"238,9";"SANTA MARIA";"Falta de atenção";"Colisão Transversal";"Com Vítimas Feridas";"Plena noite";"Decrescente";"Ceu Claro";"Simples";"Reta";"Urbano";2;0;1;0;1;0;1;2
83452048;"28/03/16";"Segunda";"12:00:00";"SC";101;"377,1";"ICARA";"Outras";"Capotamento";"Com Vítimas Feridas";"Pleno dia";"Crescente";"Sol";"Dupla";"Reta";"Rural";1;0;1;0;0;0;1;1
83452049;"29/03/16";"Terça";"22:30:00";"SP";116;"480";"CAJATI";"Falta de atenção";"Colisão traseira";"Sem Vítimas";"Plena noite";"Decrescente";"Nublado";"Dupla";"Reta";"Rural";2;0;0;0;2;0;0;2
83452050;"27/03/16";"Domingo";"19:40:00";"PR";373;"225,5";"IMBITUVA";"Ingestão de álcool";"Colisão traseira";"Com Vítimas Feridas";"Plena noite";"Decrescente";"Nublado";"Simples";"Reta";"Rural";6;0;4;1;1;0;5;2
83452051;"29/03/16";"Terça";"22:50:00";"RS";386;"32,8";"FREDERICO WESTPHALEN";"Ingestão de álcool";"Saída de Pista";"Sem Vítimas";"Plena noite";"Crescente";"Ceu Claro";"Simples";"Reta";"Rural";1;0;0;0;1;0;0;1
83452052;"29/03/16";"Terça";"19:25:00";"RS";116;"343,2";"BARRA DO RIBEIRO";"Não guardar distância de segurança";"Colisão traseira";"Sem Vítimas";"Plena noite";"Crescente";"Ceu Claro";"Simples";"Reta";"Rural";2;0;0;0;2;0;0;2
83452053;"29/03/16";"Terça";"23:00:00";"MS";158;"268,8";"TRES LAGOAS";"Animais na Pista";"Atropelamento de animal";"Sem Vítimas";"Plena noite";"Decrescente";"Ignorada";"Simples";"Reta";"Urbano";1;0;0;0;1;0;0;1
83452054;"29/03/16";"Terça";"17:40:00";"MS";163;"265";"DOURADOS";"Falta de atenção";"Colisão lateral";"Com Vítimas Feridas";"Pleno dia";"Crescente";"Ceu Claro";"Dupla";"Reta";"Urbano";2;0;1;0;1;0;1;2
83452055;"29/03/16";"Terça";"08:20:00";"BA";415;"19";"ILHEUS";"Falta de atenção";"Atropelamento de pessoa";"Com Vítimas Fatais";"Pleno dia";"Decrescente";"Ceu Claro";"Simples";"Reta";"Rural";2;1;0;0;1;0;0;1
83452056;"29/03/16";"Terça";"19:05:00";"AL";101;"132";"SAO MIGUEL DOS CAMPOS";"Outras";"Tombamento";"Com Vítimas Feridas";"Plena noite";"Decrescente";"Chuva";"Simples";"Reta";"Urbano";1;0;0;1;0;0;1;1
83452057;"25/03/16";"Sexta";"08:30:00";"GO";40;"3,5";"VALPARAISO DE GOIAS";"Outras";"Colisão com objeto fixo";"Sem Vítimas";"Pleno dia";"Crescente";"Nublado";"Dupla";"Reta";"Urbano";1;0;0;0;1;0;0;1
83452058;"25/03/16";"Sexta";"18:30:00";"SC";282;"35";"AGUAS MORNAS";"Velocidade incompatível";"Saída de Pista";"Sem Vítimas";"Pleno dia";"Decrescente";"Chuva";"Simples";"Curva";"Rural";1;0;0;0;1;0;0;1
83452059;"27/03/16";"Domingo";"04:00:00";"GO";60;"81,3";"ANAPOLIS";"Falta de atenção";"Saída de Pista";"Com Vítimas Feridas";"Plena noite";"Decrescente";"Ceu Claro";"Dupla";"Curva";"Rural";2;0;2;0;0;0;2;1
83452060;"28/03/16";"Segunda";"07:45:00";"SC";101;"340,2";"TUBARAO";"Falta de atenção";"Colisão traseira";"Sem Vítimas";"Pleno dia";"Crescente";"Sol";"Simples";"Cruzamento";"Urbano";2;0;0;0;2;0;0;2
83452061;"25/03/16";"Sexta";"11:30:00";"SC";101;"259,1";"PAULO LOPES";"Velocidade incompatível";"Saída de Pista";"Com Vítimas Feridas";"Pleno dia";"Decrescente";"Chuva";"Dupla";"Curva";"Urbano";1;0;1;0;0;0;1;1
83452062;"29/03/16";"Terça";"10:30:00";"CE";20;"399";"CAUCAIA";"Outras";"Colisão Transversal";"Sem Vítimas";"Pleno dia";"Crescente";"Chuva";"Simples";"Reta";"Urbano";2;0;0;0;2;0;0;2
83452063;"29/03/16";"Terça";"16:20:00";"PR";163;"145,4";"CAPITAO LEONIDAS MARQUES";"Defeito mecânico em veículo";"Tombamento";"Com Vítimas Feridas";"Pleno dia";"Crescente";"Ceu Claro";"Simples";"Curva";"Rural";1;0;0;1;0;0;1;1
83452064;"29/03/16";"Terça";"23:30:00";"PE";101;"79,2";"RECIFE";"Animais na Pista";"Saída de Pista";"Sem Vítimas";"Plena noite";"Crescente";"Chuva";"Dupla";"Curva";"Urbano";1;0;0;0;1;0;0;1
83452065;"30/03/16";"Quarta";"03:30:00";"GO";153;"527";"HIDROLANDIA";"Dormindo";"Colisão traseira";"Com Vítimas Feridas";"Plena noite";"Decrescente";"Ceu Claro";"Dupla";"Curva";"Rural";2;0;1;0;1;0;1;2
83452066;"26/03/16";"Sábado";"05:15:00";"RS";290;"113,2";"ELDORADO DO SUL";"Dormindo";"Colisão lateral";"Sem Vítimas";"Plena noite";"Decrescente";"Ceu Claro";"Simples";"Reta";"Rural";5;0;0;0;5;0;0;4
83452067;"30/03/16";"Quarta";"04:00:00";"RS";290;"22,7";"SANTO ANTONIO DA PATRULHA";"Dormindo";"Saída de Pista";"Com Vítimas Feridas";"Plena noite";"Crescente";"Ceu Claro";"Dupla";"Reta";"Rural";1;0;0;1;0;0;1;1
83452068;"29/03/16";"Terça";"18:30:00";"RO";364;"703";"PORTO VELHO";"Não guardar distância de segurança";"Tombamento";"Com Vítimas Feridas";"Plena noite";"Decrescente";"Nublado";"Dupla";"Reta";"Urbano";1;0;1;0;0;0;1;1
83452069;"29/03/16";"Terça";"09:30:00";"MT";364;"484";"JANGADA";"Defeito mecânico em veículo";"Saída de Pista";"Sem Vítimas";"Pleno dia";"Decrescente";"Nublado";"Simples";"Reta";"Rural";1;0;0;0;1;0;0;1
83452071;"29/03/16";"Terça";"19:30:00";"MG";381;"406";"BOM JESUS DO AMPARO";"Velocidade incompatível";"Colisão frontal";"Com Vítimas Feridas";"Plena noite";"Crescente";"Ceu Claro";"Simples";"Curva";"Rural";4;0;1;0;3;0;1;3
83452072;"30/03/16";"Quarta";"03:30:00";"SC";101;"193";"BIGUACU";"Dormindo";"Capotamento";"Sem Vítimas";"Plena noite";"Decrescente";"Ceu Claro";"Dupla";"Curva";"Urbano";1;0;0;0;1;0;0;1
83452074;"29/03/16";"Terça";"19:00:00";"PE";101;"140,5";"ESCADA";"Defeito na via";"Saída de Pista";"Sem Vítimas";"Plena noite";"Decrescente";"Chuva";"Dupla";"Reta";"Rural";1;0;0;0;1;0;0;1
83452075;"29/03/16";"Terça";"07:30:00";"SC";282;"0,1";"FLORIANOPOLIS";"Não guardar distância de segurança";"Colisão traseira";"Com Vítimas Feridas";"Pleno dia";"Crescente";"Sol";"Dupla";"Reta";"Urbano";2;0;1;0;1;0;1;2
83452076;"30/03/16";"Quarta";"02:30:00";"MG";381;"906";"CAMBUI";"Falta de atenção";"Colisão traseira";"Com Vítimas Feridas";"Plena noite";"Decrescente";"Nublado";"Dupla";"Reta";"Rural";2;0;1;0;0;1;1;2
83452077;"30/03/16";"Quarta";"06:20:00";"SC";101;"413,7";"ARARANGUA";"Outras";"Queda de motocicleta / bicicleta / veículo";"Com Vítimas Feridas";"Pleno dia";"Crescente";"Ceu Claro";"Simples";"Cruzamento";"Urbano";1;0;1;0;0;0;1;1
83452078;"26/03/16";"Sábado";"00:05:00";"MG";381;"664";"SANTO ANTONIO DO AMPARO";"Outras";"Saída de Pista";"Sem Vítimas";"Plena noite";"Decrescente";"Chuva";"Dupla";"Reta";"Rural";1;0;0;0;1;0;0;1
83452079;"30/03/16";"Quarta";"04:10:00";"PR";277;"6";"FOZ DO IGUACU";"Outras";"Queda de motocicleta / bicicleta / veículo";"Ignorado";"Plena noite";"Crescente";"Ceu Claro";"Dupla";"Reta";"Urbano";1;0;0;0;0;1;0;1
83452080;"27/03/16";"Domingo";"00:30:00";"ES";101;"269,5";"SERRA";"Desobediência à sinalização";"Colisão Transversal";"Com Vítimas Feridas";"Plena noite";"Crescente";"Ceu Claro";"Múltipla";"Reta";"Urbano";3;0;2;0;1;0;2;3
83452081;"30/03/16";"Quarta";"06:15:00";"RJ";101;"297";"SAO GONCALO";"Falta de atenção";"Colisão traseira";"Com Vítimas Feridas";"Pleno dia";"Crescente";"Nublado";"Dupla";"Reta";"Urbano";4;0;0;1;2;1;1;3
83452082;"26/03/16";"Sábado";"21:00:00";"MG";262;"586";"CAMPOS ALTOS";"Velocidade incompatível";"Colisão frontal";"Com Vítimas Feridas";"Plena noite";"Crescente";"Chuva";"Simples";"Curva";"Rural";4;0;2;0;2;0;2;2
83452083;"29/03/16";"Terça";"19:47:00";"SP";116;"59,3";"GUARATINGUETA";"Outras";"Colisão traseira";"Com Vítimas Feridas";"Plena noite";"Crescente";"Chuva";"Dupla";"Reta";"Rural";5;0;3;0;2;0;3;4
83452084;"30/03/16";"Quarta";"06:50:00";"SC";101;"213,3";"PALHOCA";"Outras";"Colisão Transversal";"Com Vítimas Feridas";"Pleno dia";"Decrescente";"Ceu Claro";"Dupla";"Cruzamento";"Urbano";2;0;0;1;0;1;1;2
83452085;"26/03/16";"Sábado";"19:25:00";"ES";393;"14";"MUQUI";"Falta de atenção";"Atropelamento de animal";"Com Vítimas Feridas";"Plena noite";"Decrescente";"Ceu Claro";"Simples";"Reta";"Rural";3;0;1;1;1;0;2;1
83452086;"27/03/16";"Domingo";"04:50:00";"PR";277;"525";"GUARANIACU";"Ingestão de álcool";"Saída de Pista";"Com Vítimas Fatais";"Amanhecer";"Decrescente";"Chuva";"Simples";"Curva";"Rural";5;1;0;4;0;0;4;1
83452087;"25/03/16";"Sexta";"19:40:00";"SP";116;"148";"SAO JOSE DOS CAMPOS";"Não guardar distância de segurança";"Colisão traseira";"Sem Vítimas";"Plena noite";"Decrescente";"Nublado";"Dupla";"Reta";"Urbano";2;0;0;0;2;0;0;2
83452088;"27/03/16";"Domingo";"06:15:00";"SP";116;"42,4";"CACHOEIRA PAULISTA";"Velocidade incompatível";"Atropelamento de pessoa";"Com Vítimas Feridas";"Amanhecer";"Decrescente";"Nevoeiro/neblina";"Dupla";"Reta";"Rural";7;0;0;2;5;0;2;2
83452089;"28/03/16";"Segunda";"06:30:00";"MG";40;"527,7";"CONTAGEM";"Outras";"Colisão traseira";"Com Vítimas Feridas";"Pleno dia";"Crescente";"Ceu Claro";"Múltipla";"Reta";"Urbano";4;0;2;1;1;0;3;3
83452090;"30/03/16";"Quarta";"06:30:00";"MG";381;"478,4";"CONTAGEM";"Outras";"Colisão com objeto fixo";"Sem Vítimas";"Pleno dia";"Decrescente";"Ceu Claro";"Dupla";"Reta";"Urbano";1;0;0;0;1;0;0;1
83452091;"30/03/16";"Quarta";"07:30:00";"PB";104;"138,1";"QUEIMADAS";"Desobediência à sinalização";"Colisão Transversal";"Com Vítimas Feridas";"Pleno dia";"Crescente";"Nublado";"Simples";"Reta";"Rural";2;0;1;0;1;0;1;2
83452092;"26/03/16";"Sábado";"13:30:00";"MG";267;"212,4";"BOM JARDIM DE MINAS";"Velocidade incompatível";"Colisão frontal";"Com Vítimas Feridas";"Pleno dia";"Crescente";"Chuva";"Simples";"Curva";"Urbano";4;0;3;1;0;0;4;2
83452093;"27/03/16";"Domingo";"06:00:00";"PR";277;"104";"CAMPO LARGO";"Outras";"Incêndio";"Sem Vítimas";"Amanhecer";"Decrescente";"Sol";"Dupla";"Reta";"Rural";1;0;0;0;1;0;0;1
83452094;"23/03/16";"Quarta";"06:30:00";"PR";277;"221";"TEIXEIRA SOARES";"Outras";"Colisão lateral";"Sem Vítimas";"Pleno dia";"Decrescente";"Nevoeiro/neblina";"Simples";"Reta";"Rural";2;0;0;0;2;0;0;2
83452095;"24/03/16";"Quinta";"16:15:00";"CE";222;"49";"ITAPAGE";"Falta de atenção";"Colisão lateral";"Sem Vítimas";"Pleno dia";"Crescente";"Sol";"Simples";"Reta";"Urbano";2;0;0;0;2;0;0;2
83452096;"02/03/16";"Quarta";"10:30:00";"MS";163;"130";"NAVIRAI";"Defeito mecânico em veículo";"Derramamento de Carga";"Sem Vítimas";"Pleno dia";"Decrescente";"Nublado";"Simples";"Reta";"Rural";1;0;0;0;1;0;0;1
83452097;"26/03/16";"Sábado";"15:40:00";"SP";116;"150,2";"SAO JOSE DOS CAMPOS";"Ingestão de álcool";"Colisão traseira";"Com Vítimas Feridas";"Pleno dia";"Decrescente";"Ceu Claro";"Múltipla";"Reta";"Urbano";3;0;1;0;2;0;1;3
83452098;"27/03/16";"Domingo";"18:30:00";"PA";155;"301";"MARABA";"Falta de atenção";"Colisão Transversal";"Sem Vítimas";"Anoitecer";"Crescente";"Ceu Claro";"Simples";"Reta";"Rural";2;0;0;0;2;0;0;2
83452099;"02/01/16";"Sábado";"21:50:00";"PR";277;"361,9";"GUARAPUAVA";"Outras";"Tombamento";"Sem Vítimas";"Plena noite";"Crescente";"Nublado";"Simples";"Reta";"Rural";1;0;0;0;1;0;0;1
83452100;"26/03/16";"Sábado";"22:00:00";"BA";101;"522";"BUERAREMA";"Outras";"Capotamento";"Sem Vítimas";"Plena noite";"Crescente";"Nublado";"Simples";"Curva";"Rural";1;0;0;0;1;0;0;1
83452102;"29/03/16";"Terça";"17:10:00";"GO";153;"506";"APARECIDA DE GOIANIA";"Falta de atenção";"Colisão lateral";"Sem Vítimas";"Pleno dia";"Crescente";"Ceu Claro";"Dupla";"Reta";"Urbano";2;0;0;0;2;0;0;2
83452103;"26/03/16";"Sábado";"03:35:00";"PR";369;"149,4";"LONDRINA";"Outras";"Colisão com objeto fixo";"Sem Vítimas";"Plena noite";"Crescente";"Ceu Claro";"Dupla";"Reta";"Urbano";1;0;0;0;1;0;0;1
83452104;"30/03/16";"Quarta";"08:00:00";"SC";282;"5";"FLORIANOPOLIS";"Não guardar distância de segurança";"Colisão traseira";"Com Vítimas Feridas";"Pleno dia";"Decrescente";"Ceu Claro";"Dupla";"Reta";"Urbano";2;0;0;1;0;1;1;2
83452105;"27/03/16";"Domingo";"01:00:00";"RJ";101;"325";"NITEROI";"Ingestão de álcool";"Colisão com objeto fixo";"Com Vítimas Feridas";"Plena noite";"Decrescente";"Ceu Claro";"Dupla";"Reta";"Urbano";5;0;4;1;0;0;5;2
83452106;"30/03/16";"Quarta";"08:10:00";"SC";470;"51";"BLUMENAU";"Outras";"Colisão traseira";"Com Vítimas Feridas";"Pleno dia";"Crescente";"Ceu Claro";"Simples";"Reta";"Urbano";2;0;1;0;1;0;1;2
83452107;"18/03/16";"Sexta";"22:00:00";"GO";60;"5,2";"SANTO ANTONIO DO DESCOBERTO";"Outras";"Incêndio";"Com Vítimas Feridas";"Plena noite";"Crescente";"Nublado";"Dupla";"Reta";"Rural";21;0;3;1;17;0;4;12
83452108;"26/03/16";"Sábado";"20:20:00";"SC";282;"176,8";"BOCAINA DO SUL";"Falta de atenção";"Colisão Transversal";"Com Vítimas Feridas";"Plena noite";"Decrescente";"Ceu Claro";"Simples";"Reta";"Rural";2;0;0;1;1;0;1;2
83452109;"20/01/16";"Quarta";"10:00:00";"MA";230;"404";"BALSAS";"Não guardar distância de segurança";"Colisão traseira";"Sem Vítimas";"Pleno dia";"Crescente";"Chuva";"Dupla";"Reta";"Urbano";2;0;0;0;2;0;0;2
83452110;"26/03/16";"Sábado";"17:45:00";"GO";60;"12";"SANTO ANTONIO DO DESCOBERTO";"Outras";"Colisão com objeto fixo";"Com Vítimas Feridas";"Pleno dia";"Decrescente";"Ceu Claro";"Dupla";"Reta";"Urbano";2;0;1;0;1;0;1;1
83452111;"26/03/16";"Sábado";"18:20:00";"PE";232;"109";"BEZERROS";"Defeito na via";"Saída de Pista";"Sem Vítimas";"Plena noite";"Crescente";"Ceu Claro";"Dupla";"Curva";"Rural";2;0;0;0;2;0;0;1