"id";"data_inversa";"dia_semana";"horario";"uf";"br";"km";"municipio";"causa_acidente";"tipo_acidente";"classificacao_acidente";"fase_dia";"sentido_via";"condicao_metereologica";"tipo_pista";"tracado_via";"uso_solo";"pessoas";"mortos";"feridos_leves";"feridos_graves";"ilesos";"ignorados";"feridos";"veiculos"
83452229;"30/03/16";"Quarta";"14:25:00";"RS";386;"147";"SARANDI";"Não guardar distância de segurança";"Colisão traseira";"Com Vítimas Feridas";"Pleno dia";"Crescente";"Ceu Claro";"Simples";"Curva";"Rural";4;0;1;0;3;0;1;2
83452230;"30/03/16";"Quarta";"16:40:00";"MS";163;"722";"COXIM";"Ultrapassagem indevida";"Saída de Pista";"Com Vítimas Feridas";"Pleno dia";"Crescente";"Ceu Claro";"Simples";"Reta";"Rural";4;0;3;0;1;0;3;2
83452231;"30/03/16";"Quarta";"09:05:00";"SP";116;"219,3";"GUARULHOS";"Outras";"Colisão traseira";"Com Vítimas Feridas";"Pleno dia";"Crescente";"Ceu Claro";"Múltipla";"Reta";"Urbano";2;0;1;0;0;1;1;2
83452232;"30/03/16";"Quarta";"16:00:00";"MG";40;"631,1";"CONSELHEIRO LAFAIETE";"Falta de atenção";"Colisão lateral";"Com Vítimas Feridas";"Pleno dia";"Decrescente";"Ceu Claro";"Simples";"Reta";"Urbano";2;0;0;1;1;0;1;2
83452233;"30/03/16";"Quarta";"17:40:00";"PR";277;"682,5";"SAO MIGUEL DO IGUACU";"Defeito mecânico em veículo";"Saída de Pista";"Sem Vítimas";"Pleno dia";"Decrescente";"Ceu Claro";"Dupla";"Reta";"Rural";1;0;0;0;1;0;0;1
83452234;"30/03/16";"Quarta";"15:30:00";"SP";116;"222";"GUARULHOS";"Outras";"Colisão traseira";"Com Vítimas Feridas";"Pleno dia";"Decrescente";"Ceu Claro";"Múltipla";"Reta";"Urbano";3;0;1;0;1;1;1;3
83452235;"30/03/16";"Quarta";"12:20:00";"AC";364;"125";"RIO BRANCO";"Outras";"Colisão lateral";"Com Vítimas Feridas";"Pleno dia";"Crescente";"Nublado";"Dupla";"Reta";"Urbano";3;0;1;0;2;0;1;2
83452236;"01/02/16";"Segunda";"20:00:00";"AL";424;"94,3";"SATUBA";"Defeito na via";"Queda de motocicleta / bicicleta / veículo";"Com Vítimas Feridas";"Plena noite";"Decrescente";"Chuva";"Simples";"Reta";"Rural";2;0;2;0;0;0;2;1
83452238;"30/03/16";"Quarta";"10:55:00";"RS";470;"9,3";"BARRACAO";"Falta de atenção";"Tombamento";"Sem Vítimas";"Pleno dia";"Crescente";"Ceu Claro";"Simples";"Reta";"Rural";1;0;0;0;1;0;0;1
83452239;"30/03/16";"Quarta";"19:45:00";"RS";470;"207";"BENTO GONCALVES";"Outras";"Atropelamento de pessoa";"Com Vítimas Feridas";"Plena noite";"Crescente";"Nublado";"Simples";"Reta";"Rural";2;0;1;0;0;1;1;1
83452240;"30/03/16";"Quarta";"18:40:00";"PR";476;"150,7";"ARAUCARIA";"Velocidade incompatível";"Colisão frontal";"Com Vítimas Feridas";"Plena noite";"Crescente";"Chuva";"Dupla";"Reta";"Urbano";3;0;1;2;0;0;3;2
83452241;"30/03/16";"Quarta";"14:30:00";"PR";277;"2,9";"PARANAGUA";"Falta de atenção";"Colisão traseira";"Sem Vítimas";"Pleno dia";"Crescente";"Sol";"Simples";"Reta";"Urbano";2;0;0;0;2;0;0;2
83452242;"30/03/16";"Quarta";"19:00:00";"SC";280;"115";"SAO BENTO DO SUL";"Falta de atenção";"Colisão frontal";"Com Vítimas Feridas";"Plena noite";"Decrescente";"Nublado";"Simples";"Curva";"Rural";3;0;1;2;0;0;3;2
83452243;"18/03/16";"Sexta";"08:30:00";"PE";101;"69";"RECIFE";"Outras";"Colisão lateral";"Sem Vítimas";"Pleno dia";"Decrescente";"Ceu Claro";"Dupla";"Curva";"Urbano";2;0;0;0;2;0;0;2
83452244;"30/03/16";"Quarta";"07:00:00";"MA";316;"388";"BACABAL";"Outras";"Capotamento";"Sem Vítimas";"Pleno dia";"Crescente";"Nublado";"Simples";"Reta";"Rural";1;0;0;0;1;0;0;1
83452245;"26/03/16";"Sábado";"16:00:00";"MG";262;"438";"NOVA SERRANA";"Animais na Pista";"Colisão com objeto fixo";"Sem Vítimas";"Pleno dia";"Crescente";"Ceu Claro";"Simples";"Reta";"Rural";1;0;0;0;1;0;0;1
83452246;"30/03/16";"Quarta";"17:00:00";"RS";386;"177";"CARAZINHO";"Falta de atenção";"Colisão frontal";"Sem Vítimas";"Pleno dia";"Decrescente";"Sol";"Simples";"Reta";"Rural";2;0;0;0;2;0;0;2
83452247;"28/03/16";"Segunda";"07:45:00";"BA";324;"537";"AMELIA RODRIGUES";"Outras";"Colisão com objeto fixo";"Sem Vítimas";"Pleno dia";"Crescente";"Nublado";"Dupla";"Reta";"Rural";1;0;0;0;1;0;0;1
83452248;"30/03/16";"Quarta";"14:10:00";"MG";381;"727,9";"CARMO DA CACHOEIRA";"Outras";"Tombamento";"Sem Vítimas";"Pleno dia";"Decrescente";"Ceu Claro";"Dupla";"Reta";"Rural";1;0;0;0;1;0;0;1
83452249;"30/03/16";"Quarta";"20:10:00";"RJ";116;"265";"BARRA MANSA";"Outras";"Colisão com objeto fixo";"Sem Vítimas";"Plena noite";"Crescente";"Chuva";"Dupla";"Reta";"Urbano";1;0;0;0;1;0;0;1
83452250;"30/03/16";"Quarta";"17:20:00";"SC";282;"537,2";"CHAPECO";"Ingestão de álcool";"Saída de Pista";"Sem Vítimas";"Pleno dia";"Decrescente";"Sol";"Simples";"Curva";"Rural";1;0;0;0;1;0;0;1
83452251;"30/03/16";"Quarta";"08:20:00";"CE";116;"296,3";"JAGUARIBE";"Falta de atenção";"Tombamento";"Com Vítimas Fatais";"Pleno dia";"Decrescente";"Ceu Claro";"Simples";"Reta";"Rural";1;1;0;0;0;0;0;1
83452252;"30/03/16";"Quarta";"18:30:00";"MG";135;"368,8";"MONTES CLAROS";"Desobediência à sinalização";"Colisão traseira";"Sem Vítimas";"Anoitecer";"Decrescente";"Ceu Claro";"Dupla";"Reta";"Urbano";3;0;0;0;3;0;0;3
83452255;"30/03/16";"Quarta";"20:15:00";"RJ";116;"266";"BARRA MANSA";"Outras";"Capotamento";"Sem Vítimas";"Plena noite";"Crescente";"Chuva";"Dupla";"Curva";"Rural";1;0;0;0;1;0;0;1
83452256;"29/03/16";"Terça";"09:45:00";"SC";101;"339,1";"TUBARAO";"Outras";"Tombamento";"Com Vítimas Feridas";"Pleno dia";"Decrescente";"Sol";"Dupla";"Curva";"Urbano";3;0;1;1;1;0;2;2
83452257;"30/03/16";"Quarta";"20:15:00";"GO";60;"79,5";"ANAPOLIS";"Outras";"Capotamento";"Sem Vítimas";"Plena noite";"Decrescente";"Ceu Claro";"Dupla";"Reta";"Urbano";1;0;0;0;1;0;0;1
83452258;"30/03/16";"Quarta";"11:20:00";"MG";267;"360,3";"CAMPANHA";"Velocidade incompatível";"Tombamento";"Com Vítimas Feridas";"Pleno dia";"Crescente";"Ceu Claro";"Simples";"Curva";"Rural";1;0;1;0;0;0;1;1
83452259;"30/03/16";"Quarta";"16:00:00";"BA";110;"367";"CATU";"Não guardar distância de segurança";"Colisão traseira";"Sem Vítimas";"Pleno dia";"Crescente";"Ceu Claro";"Simples";"Reta";"Rural";2;0;0;0;1;1;0;2
83452260;"26/03/16";"Sábado";"18:00:00";"GO";414;"289";"VILA PROPICIO";"Falta de atenção";"Colisão com objeto móvel";"Com Vítimas Fatais";"Plena noite";"Crescente";"Chuva";"Simples";"Reta";"Rural";2;1;0;0;1;0;0;1
83452261;"27/03/16";"Domingo";"03:30:00";"SP";116;"210";"GUARULHOS";"Outras";"Colisão lateral";"Com Vítimas Feridas";"Plena noite";"Decrescente";"Ceu Claro";"Múltipla";"Reta";"Urbano";6;0;5;0;0;1;5;2
83452262;"30/03/16";"Quarta";"09:05:00";"SE";101;"153";"ESTANCIA";"Falta de atenção";"Saída de Pista";"Sem Vítimas";"Pleno dia";"Decrescente";"Sol";"Simples";"Curva";"Urbano";1;0;0;0;1;0;0;1
83452263;"30/03/16";"Quarta";"18:30:00";"RJ";101;"295";"SAO GONCALO";"Outras";"Colisão traseira";"Com Vítimas Feridas";"Plena noite";"Crescente";"Nublado";"Dupla";"Reta";"Urbano";3;0;1;0;2;0;1;2
83452264;"26/03/16";"Sábado";"12:45:00";"CE";116;"13,9";"FORTALEZA";"Outras";"Colisão traseira";"Sem Vítimas";"Pleno dia";"Crescente";"Ceu Claro";"Múltipla";"Reta";"Urbano";3;0;0;0;3;0;0;3
83452265;"30/03/16";"Quarta";"19:00:00";"BA";418;"67";"NOVA VICOSA";"Animais na Pista";"Atropelamento de animal";"Sem Vítimas";"Plena noite";"Crescente";"Ceu Claro";"Simples";"Reta";"Rural";1;0;0;0;1;0;0;1
83452266;"30/03/16";"Quarta";"17:50:00";"PI";343;"2,8";"TERESINA";"Falta de atenção";"Colisão Transversal";"Sem Vítimas";"Anoitecer";"Crescente";"Ceu Claro";"Simples";"Cruzamento";"Urbano";2;0;0;0;2;0;0;2
83452267;"30/03/16";"Quarta";"13:35:00";"SC";116;"247,8";"LAGES";"Outras";"Queda de motocicleta / bicicleta / veículo";"Com Vítimas Feridas";"Pleno dia";"Crescente";"Ceu Claro";"Simples";"Reta";"Urbano";2;0;1;0;1;0;1;2
83452268;"30/03/16";"Quarta";"18:40:00";"BA";116;"824,3";"VITORIA DA CONQUISTA";"Falta de atenção";"Colisão traseira";"Com Vítimas Feridas";"Plena noite";"Crescente";"Ceu Claro";"Simples";"Reta";"Urbano";4;0;1;0;3;0;1;3
83452269;"30/03/16";"Quarta";"10:10:00";"MG";381;"902,5";"CAMBUI";"Dormindo";"Saída de Pista";"Sem Vítimas";"Pleno dia";"Decrescente";"Sol";"Dupla";"Reta";"Urbano";1;0;0;0;1;0;0;1
83452270;"30/03/16";"Quarta";"10:30:00";"MG";381;"531";"ITATIAIUCU";"Outras";"Colisão lateral";"Sem Vítimas";"Pleno dia";"Crescente";"Sol";"Dupla";"Curva";"Rural";2;0;0;0;2;0;0;2
83452271;"30/03/16";"Quarta";"19:05:00";"SC";101;"97,5";"PICARRAS";"Falta de atenção";"Colisão lateral";"Sem Vítimas";"Anoitecer";"Crescente";"Nublado";"Dupla";"Curva";"Rural";2;0;0;0;2;0;0;2
83452272;"27/03/16";"Domingo";"15:30:00";"MG";262;"594,4";"CAMPOS ALTOS";"Velocidade incompatível";"Colisão traseira";"Sem Vítimas";"Pleno dia";"Decrescente";"Chuva";"Simples";"Reta";"Rural";7;0;0;0;7;0;0;2
83452273;"30/03/16";"Quarta";"17:40:00";"ES";101;"137,2";"LINHARES";"Outras";"Colisão lateral";"Com Vítimas Fatais";"Anoitecer";"Crescente";"Ceu Claro";"Simples";"Reta";"Rural";3;1;2;0;0;0;2;2
83452274;"30/03/16";"Quarta";"15:30:00";"RS";116;"512";"PELOTAS";"Outras";"Tombamento";"Sem Vítimas";"Pleno dia";"Crescente";"Ceu Claro";"Simples";"Curva";"Urbano";1;0;0;0;1;0;0;1
83452275;"26/03/16";"Sábado";"02:00:00";"PE";232;"49";"VITORIA DE SANTO ANTAO";"Animais na Pista";"Atropelamento de animal";"Sem Vítimas";"Plena noite";"Crescente";"Ceu Claro";"Dupla";"Reta";"Rural";1;0;0;0;1;0;0;1
83452276;"30/03/16";"Quarta";"20:46:00";"MA";135;"35";"BACABEIRA";"Não guardar distância de segurança";"Queda de motocicleta / bicicleta / veículo";"Com Vítimas Feridas";"Plena noite";"Crescente";"Ceu Claro";"Simples";"Reta";"Rural";2;0;0;1;0;1;1;2
83452277;"30/03/16";"Quarta";"19:20:00";"RN";226;"12,9";"MACAIBA";"Ingestão de álcool";"Colisão frontal";"Sem Vítimas";"Plena noite";"Decrescente";"Nublado";"Simples";"Reta";"Urbano";2;0;0;0;2;0;0;2
83452278;"30/03/16";"Quarta";"15:40:00";"CE";20;"413";"MARACANAU";"Outras";"Atropelamento de pessoa";"Com Vítimas Fatais";"Pleno dia";"Crescente";"Nublado";"Simples";"Reta";"Urbano";2;1;0;0;0;1;0;1
83452279;"30/03/16";"Quarta";"20:30:00";"SP";153;"106";"JOSE BONIFACIO";"Animais na Pista";"Atropelamento de animal";"Sem Vítimas";"Plena noite";"Decrescente";"Nublado";"Simples";"Reta";"Rural";1;0;0;0;1;0;0;1
83452280;"30/03/16";"Quarta";"17:30:00";"MT";158;"757,6";"BARRA DO GARCAS";"Outras";"Tombamento";"Com Vítimas Feridas";"Anoitecer";"Crescente";"Ceu Claro";"Simples";"Reta";"Rural";2;0;1;0;1;0;1;1
83452281;"30/03/16";"Quarta";"21:30:00";"RJ";101;"492";"ANGRA DOS REIS";"Velocidade incompatível";"Colisão com objeto fixo";"Com Vítimas Feridas";"Plena noite";"Crescente";"Nublado";"Simples";"Reta";"Rural";1;0;1;0;0;0;1;1
83452282;"30/03/16";"Quarta";"22:00:00";"MG";381;"928,5";"ITAPEVA";"Falta de atenção";"Colisão traseira";"Com Vítimas Feridas";"Plena noite";"Crescente";"Ignorada";"Dupla";"Reta";"Rural";2;0;0;1;0;1;1;2
83452283;"30/03/16";"Quarta";"22:20:00";"ES";101;"147,5";"LINHARES";"Outras";"Queda de motocicleta / bicicleta / veículo";"Com Vítimas Feridas";"Plena noite";"Decrescente";"Nublado";"Múltipla";"Reta";"Urbano";1;0;0;1;0;0;1;1
83452284;"27/03/16";"Domingo";"08:30:00";"BA";101;"260";"SANTO ANTONIO DE JESUS";"Outras";"Capotamento";"Com Vítimas Feridas";"Pleno dia";"Crescente";"Nublado";"Simples";"Curva";"Urbano";5;0;5;0;0;0;5;1
83452285;"30/03/16";"Quarta";"16:15:00";"RN";304;"263,4";"SAO PEDRO";"Animais na Pista";"Colisão Transversal";"Com Vítimas Feridas";"Pleno dia";"Crescente";"Nublado";"Simples";"Reta";"Rural";2;0;0;1;1;0;1;2
83452286;"21/03/16";"Segunda";"06:10:00";"SE";101;"165";"SANTA LUZIA DO ITANHY";"Outras";"Colisão traseira";"Sem Vítimas";"Pleno dia";"Decrescente";"Ceu Claro";"Simples";"Reta";"Rural";3;0;0;0;3;0;0;2
83452287;"30/03/16";"Quarta";"19:16:00";"RO";319;"62,8";"PORTO VELHO";"Falta de atenção";"Colisão traseira";"Com Vítimas Feridas";"Plena noite";"Decrescente";"Ceu Claro";"Múltipla";"Reta";"Urbano";4;0;2;0;2;0;2;2
83452288;"30/03/16";"Quarta";"17:30:00";"MS";267;"389,4";"MARACAJU";"Animais na Pista";"Saída de Pista";"Com Vítimas Feridas";"Anoitecer";"Decrescente";"Ceu Claro";"Simples";"Reta";"Rural";2;0;1;0;1;0;1;1
83452289;"30/03/16";"Quarta";"14:00:00";"MA";135;"7";"SAO LUIS";"Outras";"Tombamento";"Com Vítimas Feridas";"Pleno dia";"Crescente";"Chuva";"Dupla";"Reta";"Urbano";2;0;1;1;0;0;2;1
83452290;"30/03/16";"Quarta";"22:00:00";"PR";376;"186,4";"SARANDI";"Falta de atenção";"Colisão traseira";"Sem Vítimas";"Plena noite";"Crescente";"Ceu Claro";"Dupla";"Reta";"Rural";3;0;0;0;3;0;0;3
83452291;"30/03/16";"Quarta";"19:00:00";"MS";60;"164";"CAMAPUA";"Defeito na via";"Saída de Pista";"Com Vítimas Feridas";"Plena noite";"Crescente";"Ceu Claro";"Simples";"Reta";"Rural";1;0;1;0;0;0;1;1
83452292;"30/03/16";"Quarta";"19:20:00";"RN";101;"137";"SAO JOSE DE MIPIBU";"Defeito na via";"Tombamento";"Sem Vítimas";"Plena noite";"Crescente";"Nublado";"Dupla";"Reta";"Rural";1;0;0;0;1;0;0;1
83452293;"30/03/16";"Quarta";"14:32:00";"PA";163;"999";"SANTAREM";"Falta de atenção";"Colisão traseira";"Com Vítimas Feridas";"Pleno dia";"Decrescente";"Sol";"Dupla";"Reta";"Urbano";3;0;3;0;0;0;3;2
83452295;"26/03/16";"Sábado";"23:50:00";"BA";101;"45";"ESPLANADA";"Outras";"Tombamento";"Com Vítimas Feridas";"Plena noite";"Decrescente";"Chuva";"Simples";"Reta";"Rural";1;0;1;0;0;0;1;1
83452296;"30/03/16";"Quarta";"18:00:00";"MS";267;"213,5";"NOVA ALVORADA DO SUL";"Falta de atenção";"Colisão lateral";"Sem Vítimas";"Anoitecer";"Crescente";"Nublado";"Simples";"Reta";"Rural";2;0;0;0;2;0;0;2
83452297;"30/03/16";"Quarta";"17:30:00";"RO";364;"544";"ARIQUEMES";"Ultrapassagem indevida";"Tombamento";"Sem Vítimas";"Pleno dia";"Crescente";"Ceu Claro";"Simples";"Curva";"Rural";1;0;0;0;1;0;0;1
83452298;"30/03/16";"Quarta";"18:10:00";"RJ";40;"62";"PETROPOLIS";"Velocidade incompatível";"Colisão traseira";"Com Vítimas Feridas";"Anoitecer";"Decrescente";"Ceu Claro";"Simples";"Reta";"Rural";6;0;2;3;1;0;5;2
83452299;"30/03/16";"Quarta";"20:50:00";"PR";116;"121";"CURITIBA";"Falta de atenção";"Colisão lateral";"Com Vítimas Feridas";"Plena noite";"Crescente";"Chuva";"Dupla";"Reta";"Urbano";3;0;1;0;2;0;1;2
83452300;"30/03/16";"Quarta";"23:30:00";"SC";101;"12,4";"GARUVA";"Falta de atenção";"Colisão traseira";"Sem Vítimas";"Plena noite";"Crescente";"Nublado";"Dupla";"Reta";"Rural";2;0;0;0;2;0;0;2
83452301;"30/03/16";"Quarta";"23:30:00";"PR";376;"1";"SAO JOSE DOS PINHAIS";"Falta de atenção";"Colisão traseira";"Com Vítimas Feridas";"Plena noite";"Crescente";"Chuva";"Múltipla";"Cruzamento";"Urbano";3;0;1;0;2;0;1;3
83452302;"31/01/16";"Domingo";"00:45:00";"PR";376;"182";"MARINGA";"Falta de atenção";"Colisão Transversal";"Com Vítimas Feridas";"Plena noite";"Decrescente";"Nublado";"Dupla";"Cruzamento";"Urbano";2;0;0;1;1;0;1;2
83452303;"30/03/16";"Quarta";"16:50:00";"MG";262;"175";"SAO DOMINGOS DO PRATA";"Defeito mecânico em veículo";"Saída de Pista";"Sem Vítimas";"Pleno dia";"Crescente";"Ceu Claro";"Simples";"Curva";"Rural";1;0;0;0;1;0;0;1
83452304;"31/03/16";"Quinta";"00:00:00";"MG";364;"22,4";"FRUTAL";"Outras";"Colisão com objeto fixo";"Com Vítimas Feridas";"Plena noite";"Decrescente";"Ceu Claro";"Simples";"Reta";"Rural";4;0;1;1;2;0;2;1
83452305;"31/03/16";"Quinta";"00:50:00";"RS";116;"149";"CAXIAS DO SUL";"Outras";"Colisão Transversal";"Sem Vítimas";"Plena noite";"Decrescente";"Nublado";"Múltipla";"Reta";"Urbano";2;0;0;0;2;0;0;2
83452307;"31/03/16";"Quinta";"00:30:00";"RS";287;"370,1";"SANTIAGO";"Velocidade incompatível";"Saída de Pista";"Ignorado";"Plena noite";"Crescente";"Ceu Claro";"Simples";"Curva";"Rural";1;0;0;0;0;1;0;1
83452308;"31/03/16";"Quinta";"01:00:00";"MG";364;"18,9";"FRUTAL";"Dormindo";"Colisão com objeto fixo";"Sem Vítimas";"Plena noite";"Crescente";"Ceu Claro";"Simples";"Reta";"Rural";1;0;0;0;1;0;0;1
83452309;"30/03/16";"Quarta";"22:00:00";"RS";158;"263,8";"JULIO DE CASTILHOS";"Animais na Pista";"Atropelamento de animal";"Sem Vítimas";"Plena noite";"Crescente";"Ceu Claro";"Simples";"Reta";"Rural";1;0;0;0;1;0;0;1
83452310;"30/03/16";"Quarta";"22:40:00";"GO";50;"280,6";"CATALAO";"Falta de atenção";"Queda de motocicleta / bicicleta / veículo";"Com Vítimas Feridas";"Plena noite";"Decrescente";"Ceu Claro";"Dupla";"Reta";"Urbano";2;0;2;0;0;0;2;1
83452311;"27/03/16";"Domingo";"00:05:00";"PR";163;"197";"SANTA TEREZA DO OESTE";"Velocidade incompatível";"Saída de Pista";"Com Vítimas Feridas";"Plena noite";"Crescente";"Ceu Claro";"Simples";"Curva";"Rural";1;0;0;1;0;0;1;1
83452312;"30/03/16";"Quarta";"20:00:00";"TO";153;"690,9";"CARIRI DO TOCANTINS";"Falta de atenção";"Colisão com bicicleta";"Com Vítimas Feridas";"Plena noite";"Decrescente";"Ceu Claro";"Simples";"Reta";"Urbano";2;0;0;1;0;1;1;2
83452313;"31/03/16";"Quinta";"00:55:00";"RO";364;"343,1";"JI-PARANA";"Falta de atenção";"Colisão traseira";"Com Vítimas Feridas";"Plena noite";"Crescente";"Ceu Claro";"Dupla";"Reta";"Urbano";2;0;1;0;1;0;1;2
83452314;"30/03/16";"Quarta";"17:24:00";"TO";153;"139";"ARAGUAINA";"Falta de atenção";"Colisão traseira";"Sem Vítimas";"Pleno dia";"Crescente";"Ceu Claro";"Múltipla";"Cruzamento";"Urbano";2;0;0;0;2;0;0;2
83452315;"30/03/16";"Quarta";"20:39:00";"PR";369;"169,9";"ROLANDIA";"Falta de atenção";"Queda de motocicleta / bicicleta / veículo";"Com Vítimas Feridas";"Plena noite";"Crescente";"Nublado";"Dupla";"Reta";"Urbano";2;0;0;1;0;1;1;2
83452316;"03/02/16";"Quarta";"11:00:00";"AC";364;"125";"RIO BRANCO";"Desobediência à sinalização";"Colisão Transversal";"Com Vítimas Feridas";"Pleno dia";"Crescente";"Ceu Claro";"Dupla";"Reta";"Urbano";3;0;3;0;0;0;3;2
83452317;"31/03/16";"Quinta";"03:50:00";"MA";10;"261,5";"IMPERATRIZ";"Outras";"Queda de motocicleta / bicicleta / veículo";"Com Vítimas Feridas";"Plena noite";"Crescente";"Nublado";"Simples";"Reta";"Rural";1;0;0;1;0;0;1;1
83452318;"30/03/16";"Quarta";"17:25:00";"MS";163;"48,1";"ELDORADO";"Falta de atenção";"Colisão com objeto móvel";"Sem Vítimas";"Anoitecer";"Decrescente";"Sol";"Simples";"Reta";"Rural";1;0;0;0;1;0;0;1
83452319;"27/03/16";"Domingo";"04:00:00";"PA";316;"54";"CASTANHAL";"Falta de atenção";"Saída de Pista";"Com Vítimas Feridas";"Amanhecer";"Crescente";"Nublado";"Dupla";"Reta";"Urbano";4;0;3;0;1;0;3;1
83452320;"30/03/16";"Quarta";"07:35:00";"PI";343;"309,7";"ALTOS";"Outras";"Queda de motocicleta / bicicleta / veículo";"Com Vítimas Feridas";"Pleno dia";"Decrescente";"Ceu Claro";"Simples";"Reta";"Urbano";2;0;2;0;0;0;2;1
83452321;"30/03/16";"Quarta";"16:10:00";"RO";364;"84,2";"VILHENA";"Defeito na via";"Colisão traseira";"Com Vítimas Fatais";"Pleno dia";"Decrescente";"Nublado";"Simples";"Reta";"Rural";4;1;0;1;2;0;1;4
83452322;"26/03/16";"Sábado";"08:30:00";"MT";364;"562";"NOBRES";"Outras";"Tombamento";"Com Vítimas Feridas";"Pleno dia";"Decrescente";"Ceu Claro";"Dupla";"Reta";"Urbano";1;0;1;0;0;0;1;1
83452323;"30/03/16";"Quarta";"23:50:00";"RS";116;"84";"CAMPESTRE DA SERRA";"Dormindo";"Saída de Pista";"Com Vítimas Feridas";"Plena noite";"Decrescente";"Nevoeiro/neblina";"Simples";"Reta";"Rural";1;0;1;0;0;0;1;1
83452324;"30/03/16";"Quarta";"20:30:00";"RS";290;"129,7";"ELDORADO DO SUL";"Velocidade incompatível";"Colisão com objeto fixo";"Sem Vítimas";"Plena noite";"Crescente";"Ceu Claro";"Simples";"Reta";"Rural";1;0;0;0;1;0;0;1
83452325;"31/03/16";"Quinta";"03:00:00";"GO";153;"673,8";"PANAMA";"Dormindo";"Tombamento";"Com Vítimas Feridas";"Plena noite";"Crescente";"Ceu Claro";"Dupla";"Reta";"Rural";1;0;1;0;0;0;1;1
83452326;"22/03/16";"Terça";"09:30:00";"SP";381;"36,9";"ATIBAIA";"Falta de atenção";"Atropelamento de pessoa";"Com Vítimas Feridas";"Pleno dia";"Crescente";"Sol";"Dupla";"Reta";"Urbano";2;0;1;0;1;0;1;1
83452327;"31/03/16";"Quinta";"03:00:00";"RS";386;"286,3";"SAO JOSE DO HERVAL";"Dormindo";"Saída de Pista";"Sem Vítimas";"Plena noite";"Crescente";"Ceu Claro";"Simples";"Reta";"Rural";1;0;0;0;1;0;0;1
83452328;"01/03/16";"Terça";"10:30:00";"PA";316;"11";"MARITUBA";"Desobediência à sinalização";"Colisão lateral";"Sem Vítimas";"Pleno dia";"Crescente";"Nublado";"Dupla";"Reta";"Urbano";2;0;0;0;2;0;0;2
83452329;"31/03/16";"Quinta";"05:35:00";"SP";116;"40,1";"CACHOEIRA PAULISTA";"Outras";"Colisão com objeto fixo";"Sem Vítimas";"Amanhecer";"Crescente";"Ceu Claro";"Dupla";"Reta";"Rural";1;0;0;0;1;0;0;1
83452330;"31/03/16";"Quinta";"02:30:00";"SP";116;"409";"JUQUIA";"Falta de atenção";"Saída de Pista";"Sem Vítimas";"Plena noite";"Crescente";"Nublado";"Dupla";"Reta";"Rural";5;0;0;0;1;4;0;5
83452331;"31/03/16";"Quinta";"03:35:00";"SC";470;"57";"BLUMENAU";"Ingestão de álcool";"Colisão frontal";"Com Vítimas Feridas";"Plena noite";"Decrescente";"Nublado";"Simples";"Curva";"Urbano";3;0;2;0;1;0;2;2
83452332;"26/03/16";"Sábado";"20:30:00";"MG";381;"448";"SABARA";"Outras";"Atropelamento de pessoa";"Sem Vítimas";"Plena noite";"Crescente";"Ceu Claro";"Simples";"Curva";"Rural";2;0;0;0;1;1;0;1
83452333;"27/03/16";"Domingo";"05:30:00";"MG";262;"425";"IGARATINGA";"Dormindo";"Capotamento";"Sem Vítimas";"Amanhecer";"Decrescente";"Nublado";"Dupla";"Reta";"Rural";1;0;0;0;1;0;0;1
83452334;"30/03/16";"Quarta";"22:20:00";"MG";262;"35";"MANHUACU";"Falta de atenção";"Colisão Transversal";"Com Vítimas Feridas";"Plena noite";"Crescente";"Ceu Claro";"Simples";"Reta";"Rural";2;0;1;0;1;0;1;2
83452335;"31/03/16";"Quinta";"01:15:00";"RS";468;"99,7";"TRES PASSOS";"Outras";"Colisão Transversal";"Com Vítimas Feridas";"Plena noite";"Decrescente";"Ceu Claro";"Simples";"Cruzamento";"Urbano";2;0;0;1;1;0;1;2
83452336;"31/03/16";"Quinta";"06:00:00";"SC";470;"153";"AGRONOMICA";"Dormindo";"Saída de Pista";"Sem Vítimas";"Amanhecer";"Crescente";"Chuva";"Simples";"Reta";"Urbano";1;0;0;0;1;0;0;1
83452337;"27/03/16";"Domingo";"22:30:00";"MG";40;"418";"CURVELO";"Ingestão de álcool";"Colisão lateral";"Com Vítimas Feridas";"Plena noite";"Crescente";"Ceu Claro";"Simples";"Reta";"Rural";6;0;3;0;3;0;3;2
83452338;"30/03/16";"Quarta";"16:20:00";"PB";230;"53,3";"CRUZ DO ESPIRITO SANTO";"Dormindo";"Saída de Pista";"Sem Vítimas";"Pleno dia";"Crescente";"Ceu Claro";"Dupla";"Reta";"Rural";1;0;0;0;1;0;0;1
83452339;"31/03/16";"Quinta";"03:15:00";"RO";364;"658";"PORTO VELHO";"Falta de atenção";"Saída de Pista";"Com Vítimas Feridas";"Plena noite";"Decrescente";"Nublado";"Simples";"Reta";"Rural";1;0;1;0;0;0;1;1
83452340;"27/03/16";"Domingo";"07:50:00";"RJ";116;"163,8";"RIO DE JANEIRO";"Desobediência à sinalização";"Atropelamento de pessoa";"Com Vítimas Feridas";"Amanhecer";"Decrescente";"Ceu Claro";"Múltipla";"Reta";"Urbano";2;0;0;1;1;0;1;1
83452341;"27/03/16";"Domingo";"15:00:00";"MT";70;"94,7";"GENERAL CARNEIRO";"Outras";"Saída de Pista";"Sem Vítimas";"Pleno dia";"Decrescente";"Ceu Claro";"Simples";"Curva";"Rural";1;0;0;0;1;0;0;1