"id";"data_inversa";"dia_semana";"horario";"uf";"br";"km";"municipio";"causa_acidente";"tipo_acidente";"classificacao_acidente";"fase_dia";"sentido_via";"condicao_metereologica";"tipo_pista";"tracado_via";"uso_solo";"pessoas";"mortos";"feridos_leves";"feridos_graves";"ilesos";"ignorados";"feridos";"veiculos"
83452342;"04/02/16";"Quinta";"20:36:00";"ES";259;"85,4";"COLATINA";"Defeito na via";"Capotamento";"Com Vítimas Feridas";"Plena noite";"Decrescente";"Ceu Claro";"Simples";"Reta";"Rural";3;0;1;1;1;0;2;1
83452343;"31/03/16";"Quinta";"06:30:00";"RS";116;"411,7";"CAMAQUA";"Outras";"Saída de Pista";"Com Vítimas Feridas";"Amanhecer";"Crescente";"Nevoeiro/neblina";"Simples";"Reta";"Rural";1;0;1;0;0;0;1;1
83452344;"18/03/16";"Sexta";"05:00:00";"TO";153;"110,5";"WANDERLANDIA";"Ingestão de álcool";"Saída de Pista";"Sem Vítimas";"Amanhecer";"Decrescente";"Ceu Claro";"Simples";"Reta";"Rural";1;0;0;0;1;0;0;1
83452345;"27/03/16";"Domingo";"23:30:00";"CE";222;"2,8";"FORTALEZA";"Falta de atenção";"Colisão traseira";"Sem Vítimas";"Plena noite";"Crescente";"Chuva";"Múltipla";"Reta";"Urbano";2;0;0;0;2;0;0;2
83452346;"31/03/16";"Quinta";"07:40:00";"RJ";393;"167";"TRES RIOS";"Falta de atenção";"Queda de motocicleta / bicicleta / veículo";"Com Vítimas Feridas";"Pleno dia";"Crescente";"Ceu Claro";"Simples";"Reta";"Rural";2;0;1;0;1;0;1;2
83452347;"27/03/16";"Domingo";"21:30:00";"MG";40;"733,6";"SANTOS DUMONT";"Falta de atenção";"Colisão Transversal";"Com Vítimas Feridas";"Plena noite";"Crescente";"Nublado";"Simples";"Cruzamento";"Rural";4;0;3;1;0;0;4;2
83452348;"27/03/16";"Domingo";"06:50:00";"RS";293;"14";"CAPAO DO LEAO";"Outras";"Saída de Pista";"Sem Vítimas";"Amanhecer";"Crescente";"Ceu Claro";"Simples";"Reta";"Urbano";2;0;0;0;1;1;0;1
83452349;"27/03/16";"Domingo";"21:30:00";"MT";70;"0,2";"BARRA DO GARCAS";"Desobediência à sinalização";"Colisão Transversal";"Com Vítimas Feridas";"Plena noite";"Decrescente";"Ceu Claro";"Simples";"Reta";"Urbano";3;0;2;0;0;1;2;2
83452350;"27/03/16";"Domingo";"15:30:00";"ES";101;"254";"SERRA";"Não guardar distância de segurança";"Colisão traseira";"Sem Vítimas";"Pleno dia";"Crescente";"Ceu Claro";"Simples";"Reta";"Urbano";6;0;0;0;6;0;0;6
83452351;"27/03/16";"Domingo";"21:40:00";"SP";381;"88";"SAO PAULO";"Outras";"Capotamento";"Com Vítimas Feridas";"Plena noite";"Decrescente";"Ceu Claro";"Dupla";"Reta";"Urbano";2;0;1;0;0;1;1;2
83452352;"28/03/16";"Segunda";"06:10:00";"MG";381;"482,8";"BETIM";"Falta de atenção";"Colisão traseira";"Com Vítimas Feridas";"Amanhecer";"Decrescente";"Ceu Claro";"Dupla";"Reta";"Urbano";2;0;0;1;1;0;1;2
83452353;"31/03/16";"Quinta";"07:30:00";"MG";381;"535";"ITATIAIUCU";"Velocidade incompatível";"Saída de Pista";"Sem Vítimas";"Pleno dia";"Decrescente";"Nublado";"Dupla";"Reta";"Rural";1;0;0;0;1;0;0;1
83452354;"27/03/16";"Domingo";"15:00:00";"MG";262;"409";"IGARATINGA";"Ingestão de álcool";"Saída de Pista";"Com Vítimas Feridas";"Pleno dia";"Decrescente";"Ceu Claro";"Dupla";"Curva";"Rural";1;0;1;0;0;0;1;1
83452355;"30/03/16";"Quarta";"16:55:00";"RJ";116;"166";"RIO DE JANEIRO";"Não guardar distância de segurança";"Colisão traseira";"Com Vítimas Feridas";"Pleno dia";"Decrescente";"Nublado";"Múltipla";"Reta";"Urbano";2;0;1;0;1;0;1;2
83452356;"19/03/16";"Sábado";"23:30:00";"SP";381;"89";"GUARULHOS";"Falta de atenção";"Colisão traseira";"Com Vítimas Feridas";"Plena noite";"Crescente";"Nublado";"Dupla";"Reta";"Urbano";3;0;2;0;1;0;2;2
83452357;"27/03/16";"Domingo";"21:40:00";"CE";222;"2,9";"FORTALEZA";"Falta de atenção";"Colisão traseira";"Sem Vítimas";"Plena noite";"Crescente";"Chuva";"Múltipla";"Reta";"Urbano";2;0;0;0;1;1;0;2
83452358;"29/03/16";"Terça";"22:30:00";"SC";101;"210,2";"SAO JOSE";"Outras";"Colisão lateral";"Com Vítimas Feridas";"Plena noite";"Decrescente";"Ceu Claro";"Dupla";"Reta";"Urbano";2;0;1;0;0;1;1;2
83452359;"27/03/16";"Domingo";"18:00:00";"ES";101;"207";"JOAO NEIVA";"Falta de atenção";"Colisão traseira";"Com Vítimas Feridas";"Anoitecer";"Decrescente";"Ceu Claro";"Simples";"Reta";"Rural";3;0;1;0;2;0;1;2
83452360;"29/03/16";"Terça";"11:29:00";"RR";174;"506,6";"BOA VISTA";"Falta de atenção";"Colisão lateral";"Sem Vítimas";"Pleno dia";"Crescente";"Sol";"Dupla";"Reta";"Urbano";3;0;0;0;3;0;0;2
83452361;"27/03/16";"Domingo";"15:00:00";"MT";70;"174";"GENERAL CARNEIRO";"Falta de atenção";"Colisão lateral";"Sem Vítimas";"Pleno dia";"Crescente";"Ceu Claro";"Simples";"Reta";"Rural";5;0;0;0;5;0;0;2
83452362;"31/03/16";"Quinta";"07:20:00";"RJ";101;"524";"ANGRA DOS REIS";"Falta de atenção";"Colisão Transversal";"Com Vítimas Feridas";"Pleno dia";"Crescente";"Sol";"Simples";"Cruzamento";"Rural";2;0;0;1;0;1;1;2
83452363;"30/03/16";"Quarta";"18:45:00";"RJ";40;"117";"DUQUE DE CAXIAS";"Outras";"Tombamento";"Com Vítimas Feridas";"Plena noite";"Decrescente";"Ceu Claro";"Múltipla";"Reta";"Urbano";1;0;1;0;0;0;1;1
83452364;"23/03/16";"Quarta";"16:00:00";"SP";381;"86";"SAO PAULO";"Outras";"Atropelamento de pessoa";"Com Vítimas Feridas";"Pleno dia";"Crescente";"Sol";"Dupla";"Reta";"Urbano";2;0;1;0;1;0;1;1
83452365;"28/03/16";"Segunda";"23:00:00";"MG";251;"474,4";"FRANCISCO SA";"Velocidade incompatível";"Capotamento";"Com Vítimas Feridas";"Plena noite";"Crescente";"Ceu Claro";"Simples";"Curva";"Rural";1;0;1;0;0;0;1;1
83452366;"31/03/16";"Quinta";"07:50:00";"SC";470;"61,8";"BLUMENAU";"Desobediência à sinalização";"Colisão Transversal";"Com Vítimas Feridas";"Pleno dia";"Decrescente";"Nublado";"Simples";"Reta";"Urbano";2;0;1;0;1;0;1;2
83452369;"23/03/16";"Quarta";"21:00:00";"SP";381;"68";"MAIRIPORA";"Velocidade incompatível";"Queda de motocicleta / bicicleta / veículo";"Com Vítimas Feridas";"Plena noite";"Crescente";"Ceu Claro";"Dupla";"Curva";"Rural";1;0;1;0;0;0;1;1
83452370;"27/03/16";"Domingo";"16:05:00";"CE";20;"348";"CARIDADE";"Não guardar distância de segurança";"Colisão traseira";"Sem Vítimas";"Pleno dia";"Crescente";"Nublado";"Simples";"Reta";"Rural";3;0;0;0;3;0;0;3
83452371;"03/03/16";"Quinta";"19:10:00";"PR";376;"141";"NOVA ESPERANCA";"Falta de atenção";"Queda de motocicleta / bicicleta / veículo";"Com Vítimas Feridas";"Anoitecer";"Crescente";"Ignorada";"Simples";"Reta";"Rural";1;0;0;1;0;0;1;1
83452373;"31/03/16";"Quinta";"07:30:00";"SC";470;"159,7";"TROMBUDO CENTRAL";"Outras";"Colisão com objeto fixo";"Sem Vítimas";"Pleno dia";"Crescente";"Chuva";"Simples";"Curva";"Urbano";1;0;0;0;1;0;0;1
83452374;"11/03/16";"Sexta";"01:25:00";"MG";381;"855,1";"POUSO ALEGRE";"Velocidade incompatível";"Saída de Pista";"Sem Vítimas";"Plena noite";"Decrescente";"Chuva";"Dupla";"Reta";"Rural";1;0;0;0;1;0;0;1
83452375;"31/03/16";"Quinta";"07:15:00";"PR";476;"122,9";"CURITIBA";"Falta de atenção";"Queda de motocicleta / bicicleta / veículo";"Com Vítimas Feridas";"Pleno dia";"Crescente";"Sol";"Dupla";"Reta";"Urbano";1;0;0;1;0;0;1;1
83452376;"27/03/16";"Domingo";"13:20:00";"SC";282;"204,3";"LAGES";"Não guardar distância de segurança";"Colisão traseira";"Sem Vítimas";"Pleno dia";"Crescente";"Ceu Claro";"Simples";"Reta";"Rural";5;0;0;0;4;1;0;5
83452377;"11/03/16";"Sexta";"08:20:00";"SP";381;"73";"SAO PAULO";"Outras";"Capotamento";"Com Vítimas Feridas";"Pleno dia";"Crescente";"Chuva";"Múltipla";"Curva";"Urbano";1;0;1;0;0;0;1;1
83452378;"27/03/16";"Domingo";"13:00:00";"SP";381;"46";"ATIBAIA";"Falta de atenção";"Colisão traseira";"Com Vítimas Feridas";"Pleno dia";"Crescente";"Sol";"Dupla";"Reta";"Urbano";2;0;1;0;1;0;1;2
83452379;"31/03/16";"Quinta";"09:00:00";"PR";272;"555";"TERRA ROXA";"Falta de atenção";"Colisão traseira";"Sem Vítimas";"Amanhecer";"Decrescente";"Ceu Claro";"Simples";"Curva";"Rural";2;0;0;0;2;0;0;2
83452381;"27/03/16";"Domingo";"15:50:00";"SC";282;"98,1";"ALFREDO WAGNER";"Falta de atenção";"Colisão traseira";"Com Vítimas Feridas";"Pleno dia";"Decrescente";"Ceu Claro";"Simples";"Reta";"Rural";4;0;1;0;3;0;1;3
83452382;"26/03/16";"Sábado";"20:05:00";"MT";364;"272";"JACIARA";"Não guardar distância de segurança";"Colisão traseira";"Sem Vítimas";"Plena noite";"Decrescente";"Ignorada";"Dupla";"Reta";"Urbano";2;0;0;0;2;0;0;2
83452383;"31/03/16";"Quinta";"05:50:00";"MG";116;"378,9";"GOVERNADOR VALADARES";"Ultrapassagem indevida";"Colisão lateral";"Com Vítimas Fatais";"Amanhecer";"Crescente";"Ceu Claro";"Simples";"Reta";"Rural";3;1;0;1;0;1;1;2
83452384;"27/03/16";"Domingo";"22:30:00";"PA";155;"288";"MARABA";"Falta de atenção";"Colisão frontal";"Com Vítimas Feridas";"Plena noite";"Crescente";"Nublado";"Simples";"Reta";"Rural";2;0;2;0;0;0;2;2
83452386;"31/03/16";"Quinta";"08:45:00";"SC";470;"123,3";"IBIRAMA";"Velocidade incompatível";"Capotamento";"Sem Vítimas";"Pleno dia";"Crescente";"Chuva";"Simples";"Reta";"Rural";1;0;0;0;1;0;0;1
83452387;"27/03/16";"Domingo";"07:15:00";"GO";40;"49,5";"CRISTALINA";"Ultrapassagem indevida";"Colisão frontal";"Com Vítimas Feridas";"Amanhecer";"Crescente";"Nevoeiro/neblina";"Dupla";"Reta";"Rural";2;0;1;0;1;0;1;2
83452388;"27/03/16";"Domingo";"13:45:00";"RO";364;"664";"CANDEIAS DO JAMARI";"Falta de atenção";"Saída de Pista";"Com Vítimas Feridas";"Pleno dia";"Crescente";"Ceu Claro";"Simples";"Reta";"Rural";2;0;1;1;0;0;2;1
83452389;"31/03/16";"Quinta";"07:40:00";"MT";364;"232";"RONDONOPOLIS";"Não guardar distância de segurança";"Colisão traseira";"Sem Vítimas";"Pleno dia";"Decrescente";"Ceu Claro";"Simples";"Reta";"Rural";3;0;0;0;3;0;0;3
83452390;"31/03/16";"Quinta";"07:10:00";"MG";135;"404,8";"BOCAIUVA";"Outras";"Colisão frontal";"Com Vítimas Feridas";"Pleno dia";"Crescente";"Ceu Claro";"Simples";"Curva";"Rural";2;0;0;1;1;0;1;2
83452391;"26/03/16";"Sábado";"03:30:00";"SC";101;"281,7";"IMBITUBA";"Ingestão de álcool";"Saída de Pista";"Com Vítimas Feridas";"Plena noite";"Crescente";"Chuva";"Simples";"Reta";"Urbano";1;0;1;0;0;0;1;1
83452392;"31/03/16";"Quinta";"07:40:00";"SC";470;"159,7";"TROMBUDO CENTRAL";"Outras";"Colisão lateral";"Sem Vítimas";"Pleno dia";"Crescente";"Chuva";"Simples";"Curva";"Urbano";3;0;0;0;3;0;0;3
83452393;"29/03/16";"Terça";"22:10:00";"SP";381;"86,5";"SAO PAULO";"Outras";"Atropelamento de pessoa";"Com Vítimas Feridas";"Plena noite";"Decrescente";"Ignorada";"Dupla";"Reta";"Urbano";2;0;2;0;0;0;2;1
83452394;"31/03/16";"Quinta";"07:30:00";"SP";116;"210";"GUARULHOS";"Não guardar distância de segurança";"Colisão lateral";"Com Vítimas Feridas";"Pleno dia";"Crescente";"Sol";"Múltipla";"Reta";"Urbano";2;0;1;0;1;0;1;2
83452396;"27/03/16";"Domingo";"11:50:00";"CE";304;"79,9";"ARACATI";"Falta de atenção";"Colisão Transversal";"Sem Vítimas";"Pleno dia";"Crescente";"Ceu Claro";"Simples";"Reta";"Rural";6;0;0;0;6;0;0;2
83452397;"31/03/16";"Quinta";"10:50:00";"RJ";101;"474";"ANGRA DOS REIS";"Falta de atenção";"Colisão traseira";"Sem Vítimas";"Pleno dia";"Decrescente";"Ceu Claro";"Dupla";"Reta";"Rural";2;0;0;0;2;0;0;2
83452398;"27/03/16";"Domingo";"20:30:00";"MG";381;"363";"SAO GONCALO DO RIO ABAIXO";"Outras";"Colisão lateral";"Com Vítimas Feridas";"Plena noite";"Decrescente";"Ceu Claro";"Simples";"Curva";"Rural";3;0;1;1;0;1;2;2
83452399;"31/03/16";"Quinta";"11:45:00";"SC";101;"37";"JOINVILLE";"Falta de atenção";"Colisão traseira";"Sem Vítimas";"Pleno dia";"Decrescente";"Nublado";"Dupla";"Cruzamento";"Urbano";2;0;0;0;2;0;0;2
83452401;"31/03/16";"Quinta";"06:30:00";"SP";116;"544,8";"CAJATI";"Falta de atenção";"Derramamento de Carga";"Sem Vítimas";"Amanhecer";"Decrescente";"Ceu Claro";"Simples";"Curva";"Rural";1;0;0;0;1;0;0;1
83452402;"31/03/16";"Quinta";"07:40:00";"PR";277;"81";"CURITIBA";"Não guardar distância de segurança";"Colisão traseira";"Com Vítimas Feridas";"Pleno dia";"Crescente";"Sol";"Dupla";"Reta";"Urbano";2;0;1;0;1;0;1;2
83452403;"27/03/16";"Domingo";"17:30:00";"RO";364;"607";"CANDEIAS DO JAMARI";"Falta de atenção";"Saída de Pista";"Com Vítimas Feridas";"Pleno dia";"Crescente";"Ceu Claro";"Simples";"Reta";"Rural";2;0;1;0;1;0;1;1
83452404;"27/03/16";"Domingo";"17:15:00";"RS";386;"234,7";"SOLEDADE";"Falta de atenção";"Colisão frontal";"Com Vítimas Feridas";"Pleno dia";"Decrescente";"Chuva";"Simples";"Reta";"Rural";8;0;8;0;0;0;8;2
83452405;"27/03/16";"Domingo";"21:15:00";"ES";101;"291,6";"CARIACICA";"Falta de atenção";"Queda de motocicleta / bicicleta / veículo";"Com Vítimas Feridas";"Plena noite";"Decrescente";"Ceu Claro";"Múltipla";"Reta";"Urbano";2;0;2;0;0;0;2;1
83452406;"02/03/16";"Quarta";"17:40:00";"DF";60;"3,5";"BRASILIA";"Outras";"Colisão com objeto fixo";"Ignorado";"Anoitecer";"Crescente";"Ceu Claro";"Dupla";"Reta";"Urbano";2;0;0;0;0;2;0;1
83452407;"27/03/16";"Domingo";"18:45:00";"PR";369;"179,7";"ARAPONGAS";"Falta de atenção";"Colisão traseira";"Com Vítimas Feridas";"Plena noite";"Decrescente";"Ceu Claro";"Dupla";"Reta";"Urbano";3;0;2;0;1;0;2;2
83452408;"23/03/16";"Quarta";"08:00:00";"MG";135;"533";"AUGUSTO DE LIMA";"Dormindo";"Capotamento";"Com Vítimas Feridas";"Pleno dia";"Crescente";"Ceu Claro";"Simples";"Reta";"Rural";2;0;1;0;1;0;1;1
83452409;"31/03/16";"Quinta";"12:05:00";"RS";116;"300,9";"GUAIBA";"Outras";"Colisão frontal";"Com Vítimas Feridas";"Pleno dia";"Crescente";"Sol";"Simples";"Reta";"Urbano";6;0;4;0;2;0;4;3
83452410;"31/03/16";"Quinta";"09:52:00";"GO";153;"23";"PORANGATU";"Falta de atenção";"Tombamento";"Sem Vítimas";"Pleno dia";"Crescente";"Sol";"Simples";"Reta";"Rural";1;0;0;0;1;0;0;1
83452411;"31/03/16";"Quinta";"08:40:00";"PR";376;"301";"MAUA DA SERRA";"Dormindo";"Saída de Pista";"Com Vítimas Feridas";"Pleno dia";"Decrescente";"Ceu Claro";"Dupla";"Curva";"Rural";1;0;1;0;0;0;1;1
83452413;"29/03/16";"Terça";"22:30:00";"SP";116;"289";"ITAPECERICA DA SERRA";"Defeito mecânico em veículo";"Queda de motocicleta / bicicleta / veículo";"Com Vítimas Feridas";"Plena noite";"Crescente";"Ceu Claro";"Dupla";"Reta";"Rural";2;0;2;0;0;0;2;1
83452414;"31/03/16";"Quinta";"11:00:00";"MG";40;"530,1";"CONTAGEM";"Não guardar distância de segurança";"Colisão traseira";"Sem Vítimas";"Pleno dia";"Crescente";"Ceu Claro";"Dupla";"Reta";"Urbano";2;0;0;0;2;0;0;2
83452415;"23/03/16";"Quarta";"11:00:00";"MG";365;"194";"BURITIZEIRO";"Defeito na via";"Capotamento";"Com Vítimas Feridas";"Plena noite";"Decrescente";"Ceu Claro";"Simples";"Reta";"Rural";5;0;4;0;1;0;4;1
83452416;"31/03/16";"Quinta";"09:00:00";"PR";277;"325,7";"GUARAPUAVA";"Velocidade incompatível";"Capotamento";"Com Vítimas Feridas";"Pleno dia";"Crescente";"Sol";"Simples";"Curva";"Rural";1;0;0;1;0;0;1;1
83452417;"31/03/16";"Quinta";"09:00:00";"GO";153;"544,6";"PIRACANJUBA";"Defeito mecânico em veículo";"Tombamento";"Com Vítimas Feridas";"Amanhecer";"Crescente";"Nublado";"Dupla";"Curva";"Rural";1;0;1;0;0;0;1;1
83452418;"27/03/16";"Domingo";"20:45:00";"RR";174;"512";"BOA VISTA";"Falta de atenção";"Atropelamento de pessoa";"Com Vítimas Feridas";"Plena noite";"Crescente";"Ceu Claro";"Simples";"Reta";"Rural";2;0;1;0;1;0;1;1
83452419;"31/03/16";"Quinta";"09:45:00";"RS";392;"71,6";"PELOTAS";"Falta de atenção";"Colisão Transversal";"Com Vítimas Feridas";"Pleno dia";"Crescente";"Ceu Claro";"Múltipla";"Reta";"Rural";2;0;1;0;1;0;1;2
83452420;"31/01/16";"Domingo";"06:40:00";"RS";470;"234,6";"CARLOS BARBOSA";"Defeito mecânico em veículo";"Saída de Pista";"Sem Vítimas";"Pleno dia";"Crescente";"Sol";"Simples";"Reta";"Rural";1;0;0;0;1;0;0;1
83452421;"23/03/16";"Quarta";"17:00:00";"SC";480;"128,8";"CHAPECO";"Desobediência à sinalização";"Colisão Transversal";"Com Vítimas Feridas";"Pleno dia";"Crescente";"Sol";"Simples";"Reta";"Urbano";2;0;1;0;0;1;1;2
83452422;"31/03/16";"Quinta";"10:00:00";"MT";364;"547,1";"ROSARIO OESTE";"Outras";"Saída de Pista";"Sem Vítimas";"Amanhecer";"Decrescente";"Ceu Claro";"Dupla";"Reta";"Rural";3;0;0;0;3;0;0;3
83452423;"31/03/16";"Quinta";"10:00:00";"GO";452;"47,9";"SANTA HELENA DE GOIAS";"Falta de atenção";"Colisão Transversal";"Com Vítimas Feridas";"Pleno dia";"Crescente";"Sol";"Simples";"Reta";"Rural";5;0;3;1;1;0;4;2
83452424;"26/03/16";"Sábado";"07:45:00";"MG";381;"546";"ITATIAIUCU";"Falta de atenção";"Colisão com objeto fixo";"Sem Vítimas";"Pleno dia";"Decrescente";"Ceu Claro";"Múltipla";"Reta";"Rural";1;0;0;0;1;0;0;1
83452425;"27/03/16";"Domingo";"20:00:00";"SC";101;"158";"PORTO BELO";"Desobediência à sinalização";"Queda de motocicleta / bicicleta / veículo";"Com Vítimas Feridas";"Plena noite";"Decrescente";"Ceu Claro";"Dupla";"Reta";"Rural";1;0;1;0;0;0;1;1
83452426;"31/01/16";"Domingo";"10:20:00";"RJ";116;"118";"MAGE";"Falta de atenção";"Colisão traseira";"Com Vítimas Feridas";"Pleno dia";"Crescente";"Ceu Claro";"Dupla";"Reta";"Rural";2;0;1;0;1;0;1;2
83452427;"31/03/16";"Quinta";"13:40:00";"MA";135;"1,8";"SAO LUIS";"Falta de atenção";"Atropelamento de pessoa";"Com Vítimas Feridas";"Pleno dia";"Crescente";"Nublado";"Dupla";"Reta";"Urbano";2;0;1;0;1;0;1;1
83452428;"31/03/16";"Quinta";"13:30:00";"PE";232;"71,5";"GRAVATA";"Falta de atenção";"Colisão traseira";"Sem Vítimas";"Pleno dia";"Decrescente";"Ceu Claro";"Dupla";"Reta";"Rural";2;0;0;0;2;0;0;2
83452429;"31/03/16";"Quinta";"12:50:00";"MG";381;"498";"BETIM";"Outras";"Queda de motocicleta / bicicleta / veículo";"Com Vítimas Feridas";"Pleno dia";"Crescente";"Ceu Claro";"Dupla";"Curva";"Urbano";2;0;2;0;0;0;2;1
83452430;"31/03/16";"Quinta";"08:05:00";"BA";367;"25,2";"PORTO SEGURO";"Desobediência à sinalização";"Colisão lateral";"Com Vítimas Feridas";"Pleno dia";"Decrescente";"Ignorada";"Simples";"Reta";"Urbano";2;0;1;0;1;0;1;2
83452431;"31/03/16";"Quinta";"08:00:00";"RS";153;"9";"MARCELINO RAMOS";"Velocidade incompatível";"Tombamento";"Com Vítimas Feridas";"Pleno dia";"Decrescente";"Sol";"Simples";"Curva";"Rural";1;0;0;1;0;0;1;1
83452432;"31/03/16";"Quinta";"13:30:00";"GO";153;"444";"ANAPOLIS";"Falta de atenção";"Colisão lateral";"Sem Vítimas";"Pleno dia";"Crescente";"Sol";"Dupla";"Curva";"Urbano";2;0;0;0;2;0;0;2
83452436;"31/03/16";"Quinta";"10:00:00";"MG";381;"491";"BETIM";"Animais na Pista";"Atropelamento de animal";"Sem Vítimas";"Pleno dia";"Decrescente";"Sol";"Dupla";"Reta";"Urbano";1;0;0;0;1;0;0;1
83452437;"31/03/16";"Quinta";"11:45:00";"MG";365;"4,5";"MONTES CLAROS";"Outras";"Queda de motocicleta / bicicleta / veículo";"Com Vítimas Feridas";"Pleno dia";"Crescente";"Ceu Claro";"Simples";"Reta";"Rural";1;0;1;0;0;0;1;1
83452438;"25/03/16";"Sexta";"01:30:00";"MT";158;"777,5";"BARRA DO GARCAS";"Ingestão de álcool";"Tombamento";"Com Vítimas Feridas";"Plena noite";"Crescente";"Ceu Claro";"Simples";"Reta";"Rural";1;0;1;0;0;0;1;1
83452439;"31/03/16";"Quinta";"13:00:00";"MA";316;"380,5";"BACABAL";"Não guardar distância de segurança";"Colisão traseira";"Sem Vítimas";"Pleno dia";"Decrescente";"Chuva";"Simples";"Reta";"Urbano";2;0;0;0;2;0;0;2
83452440;"31/03/16";"Quinta";"07:10:00";"RS";285;"238,8";"CASEIROS";"Falta de atenção";"Colisão frontal";"Com Vítimas Fatais";"Amanhecer";"Crescente";"Sol";"Simples";"Curva";"Rural";2;1;1;0;0;0;1;2
83452441;"27/03/16";"Domingo";"04:00:00";"GO";414;"390,2";"CORUMBA DE GOIAS";"Velocidade incompatível";"Colisão com objeto fixo";"Com Vítimas Feridas";"Plena noite";"Crescente";"Chuva";"Simples";"Curva";"Rural";1;0;1;0;0;0;1;1
83452442;"31/03/16";"Quinta";"09:00:00";"PR";280;"276,8";"MARMELEIRO";"Velocidade incompatível";"Saída de Pista";"Sem Vítimas";"Pleno dia";"Decrescente";"Chuva";"Simples";"Curva";"Rural";1;0;0;0;1;0;0;1
83452443;"31/03/16";"Quinta";"13:50:00";"MG";40;"736,2";"SANTOS DUMONT";"Falta de atenção";"Atropelamento de pessoa";"Com Vítimas Feridas";"Pleno dia";"Crescente";"Sol";"Simples";"Curva";"Rural";4;0;2;1;1;0;3;1
83452444;"27/03/16";"Domingo";"16:30:00";"CE";222;"3,8";"CAUCAIA";"Falta de atenção";"Colisão traseira";"Sem Vítimas";"Pleno dia";"Decrescente";"Ceu Claro";"Múltipla";"Reta";"Urbano";4;0;0;0;4;0;0;4
83452445;"31/03/16";"Quinta";"14:25:00";"PR";376;"181,5";"MARINGA";"Outras";"Queda de motocicleta / bicicleta / veículo";"Com Vítimas Feridas";"Pleno dia";"Crescente";"Sol";"Dupla";"Reta";"Urbano";1;0;1;0;0;0;1;1
83452446;"31/03/16";"Quinta";"10:25:00";"ES";101;"150";"LINHARES";"Não guardar distância de segurança";"Queda de motocicleta / bicicleta / veículo";"Com Vítimas Feridas";"Pleno dia";"Decrescente";"Sol";"Múltipla";"Curva";"Urbano";1;0;1;0;0;0;1;1
83452447;"31/03/16";"Quinta";"13:50:00";"RR";174;"706";"PACARAIMA";"Defeito mecânico em veículo";"Saída de Pista";"Com Vítimas Feridas";"Pleno dia";"Crescente";"Chuva";"Simples";"Curva";"Rural";3;0;3;0;0;0;3;1
83452448;"30/03/16";"Quarta";"06:40:00";"PR";467;"86,5";"CASCAVEL";"Desobediência à sinalização";"Colisão lateral";"Sem Vítimas";"Amanhecer";"Crescente";"Ceu Claro";"Dupla";"Reta";"Rural";3;0;0;0;2;1;0;3
83452449;"31/03/16";"Quinta";"15:30:00";"SC";101;"52,6";"JOINVILLE";"Outras";"Colisão traseira";"Sem Vítimas";"Pleno dia";"Decrescente";"Nublado";"Dupla";"Reta";"Rural";3;0;0;0;2;1;0;3
83452450;"28/03/16";"Segunda";"05:40:00";"SP";116;"27,8";"LAVRINHAS";"Defeito mecânico em veículo";"Tombamento";"Sem Vítimas";"Amanhecer";"Decrescente";"Nublado";"Dupla";"Curva";"Rural";1;0;0;0;1;0;0;1
83452451;"31/03/16";"Quinta";"15:25:00";"SC";282;"192";"LAGES";"Falta de atenção";"Colisão Transversal";"Com Vítimas Feridas";"Pleno dia";"Crescente";"Ceu Claro";"Simples";"Cruzamento";"Rural";3;0;0;2;1;0;2;2
83452452;"31/03/16";"Quinta";"14:20:00";"BA";116;"581";"BREJOES";"Dormindo";"Capotamento";"Sem Vítimas";"Pleno dia";"Decrescente";"Ceu Claro";"Simples";"Curva";"Rural";1;0;0;0;1;0;0;1
83452453;"31/03/16";"Quinta";"11:40:00";"PR";376;"532";"PONTA GROSSA";"Outras";"Saída de Pista";"Com Vítimas Fatais";"Pleno dia";"Decrescente";"Ceu Claro";"Dupla";"Curva";"Rural";1;1;0;0;0;0;0;1
83452454;"31/03/16";"Quinta";"14:45:00";"SP";153;"195,1";"GETULINA";"Outras";"Colisão Transversal";"Com Vítimas Feridas";"Pleno dia";"Crescente";"Ceu Claro";"Simples";"Cruzamento";"Rural";2;0;2;0;0;0;2;2
83452455;"27/03/16";"Domingo";"20:00:00";"MG";365;"18";"MONTES CLAROS";"Outras";"Queda de motocicleta / bicicleta / veículo";"Com Vítimas Feridas";"Plena noite";"Decrescente";"Ceu Claro";"Simples";"Reta";"Rural";2;0;1;1;0;0;2;1
83452456;"27/03/16";"Domingo";"18:30:00";"ES";101;"266";"SERRA";"Desobediência à sinalização";"Colisão Transversal";"Com Vítimas Feridas";"Anoitecer";"Crescente";"Ceu Claro";"Múltipla";"Cruzamento";"Urbano";3;0;0;2;1;0;2;2
83452457;"31/03/16";"Quinta";"16:30:00";"RS";448;"19";"CANOAS";"Outras";"Queda de motocicleta / bicicleta / veículo";"Com Vítimas Feridas";"Pleno dia";"Crescente";"Ceu Claro";"Dupla";"Reta";"Rural";2;0;2;0;0;0;2;1
83452458;"31/03/16";"Quinta";"16:35:00";"PR";277;"10";"PARANAGUA";"Velocidade incompatível";"Capotamento";"Com Vítimas Feridas";"Pleno dia";"Crescente";"Nublado";"Simples";"Curva";"Rural";2;0;1;0;1;0;1;1