"id";"data_inversa";"dia_semana";"horario";"uf";"br";"km";"municipio";"causa_acidente";"tipo_acidente";"classificacao_acidente";"fase_dia";"sentido_via";"condicao_metereologica";"tipo_pista";"tracado_via";"uso_solo";"pessoas";"mortos";"feridos_leves";"feridos_graves";"ilesos";"ignorados";"feridos";"veiculos"
83452459;"31/03/16";"Quinta";"13:20:00";"MG";381;"737";"TRES CORACOES";"Velocidade incompatível";"Saída de Pista";"Com Vítimas Feridas";"Pleno dia";"Crescente";"Sol";"Dupla";"Curva";"Rural";1;0;1;0;0;0;1;1
83452460;"27/03/16";"Domingo";"16:00:00";"MG";365;"482";"PATROCINIO";"Não guardar distância de segurança";"Colisão traseira";"Com Vítimas Feridas";"Pleno dia";"Decrescente";"Ceu Claro";"Simples";"Reta";"Rural";6;0;3;0;3;0;3;2
83452461;"31/03/16";"Quinta";"16:05:00";"SC";282;"46,8";"AGUAS MORNAS";"Velocidade incompatível";"Colisão Transversal";"Com Vítimas Feridas";"Pleno dia";"Decrescente";"Nublado";"Simples";"Curva";"Rural";2;0;2;0;0;0;2;2
83452462;"28/03/16";"Segunda";"20:50:00";"RO";364;"162";"PIMENTA BUENO";"Defeito na via";"Derramamento de Carga";"Sem Vítimas";"Plena noite";"Crescente";"Nublado";"Simples";"Curva";"Rural";1;0;0;0;1;0;0;1
83452464;"31/03/16";"Quinta";"11:50:00";"MG";40;"693";"BARBACENA";"Outras";"Queda de motocicleta / bicicleta / veículo";"Com Vítimas Feridas";"Pleno dia";"Decrescente";"Ceu Claro";"Simples";"Reta";"Rural";2;0;2;0;0;0;2;1
83452465;"31/03/16";"Quinta";"14:30:00";"RS";471;"191,5";"PANTANO GRANDE";"Falta de atenção";"Saída de Pista";"Com Vítimas Feridas";"Pleno dia";"Crescente";"Ceu Claro";"Simples";"Reta";"Rural";1;0;1;0;0;0;1;1
83452466;"31/03/16";"Quinta";"17:10:00";"RS";386;"275,8";"SAO JOSE DO HERVAL";"Falta de atenção";"Saída de Pista";"Sem Vítimas";"Pleno dia";"Crescente";"Sol";"Simples";"Reta";"Rural";1;0;0;0;1;0;0;1
83452467;"31/03/16";"Quinta";"10:40:00";"RJ";40;"54";"PETROPOLIS";"Velocidade incompatível";"Colisão com objeto fixo";"Sem Vítimas";"Pleno dia";"Decrescente";"Ceu Claro";"Simples";"Reta";"Urbano";1;0;0;0;1;0;0;1
83452468;"31/03/16";"Quinta";"09:10:00";"ES";101;"222,2";"IBIRACU";"Velocidade incompatível";"Colisão frontal";"Com Vítimas Fatais";"Pleno dia";"Crescente";"Sol";"Simples";"Curva";"Rural";2;1;0;0;1;0;0;2
83452469;"31/03/16";"Quinta";"08:35:00";"RS";116;"310";"GUAIBA";"Outras";"Saída de Pista";"Com Vítimas Fatais";"Pleno dia";"Decrescente";"Nublado";"Simples";"Reta";"Rural";1;1;0;0;0;0;0;1
83452470;"31/03/16";"Quinta";"16:50:00";"RJ";101;"439";"MANGARATIBA";"Outras";"Colisão traseira";"Com Vítimas Feridas";"Pleno dia";"Decrescente";"Nublado";"Simples";"Reta";"Rural";5;0;3;0;2;0;3;2
83452471;"31/03/16";"Quinta";"17:20:00";"SC";470;"58,6";"BLUMENAU";"Desobediência à sinalização";"Colisão Transversal";"Com Vítimas Feridas";"Pleno dia";"Crescente";"Nublado";"Simples";"Curva";"Urbano";2;0;1;0;1;0;1;2
83452472;"31/03/16";"Quinta";"15:30:00";"MG";116;"699,5";"MURIAE";"Falta de atenção";"Colisão Transversal";"Com Vítimas Feridas";"Pleno dia";"Decrescente";"Ceu Claro";"Simples";"Reta";"Urbano";6;0;0;1;5;0;1;2
83452473;"31/03/16";"Quinta";"17:35:00";"SC";116;"167,4";"PONTE ALTA DO NORTE";"Falta de atenção";"Colisão Transversal";"Sem Vítimas";"Anoitecer";"Crescente";"Chuva";"Simples";"Reta";"Urbano";2;0;0;0;2;0;0;2
83452474;"23/03/16";"Quarta";"19:40:00";"SC";101;"214";"PALHOCA";"Falta de atenção";"Colisão traseira";"Com Vítimas Feridas";"Plena noite";"Decrescente";"Ceu Claro";"Dupla";"Reta";"Urbano";3;0;2;0;1;0;2;2
83452475;"31/03/16";"Quinta";"11:00:00";"MG";262;"31,1";"REDUTO";"Outras";"Queda de motocicleta / bicicleta / veículo";"Com Vítimas Feridas";"Pleno dia";"Crescente";"Sol";"Simples";"Reta";"Rural";1;0;1;0;0;0;1;1
83452476;"31/03/16";"Quinta";"11:10:00";"RS";116;"494";"TURUCU";"Outras";"Saída de Pista";"Sem Vítimas";"Pleno dia";"Decrescente";"Sol";"Simples";"Reta";"Rural";1;0;0;0;1;0;0;1
83452477;"28/03/16";"Segunda";"04:30:00";"SC";470;"79,9";"INDAIAL";"Ultrapassagem indevida";"Colisão lateral";"Sem Vítimas";"Plena noite";"Crescente";"Ceu Claro";"Simples";"Curva";"Rural";2;0;0;0;2;0;0;2
83452478;"31/03/16";"Quinta";"06:04:00";"PR";277;"673,3";"MEDIANEIRA";"Falta de atenção";"Saída de Pista";"Com Vítimas Feridas";"Amanhecer";"Decrescente";"Ceu Claro";"Dupla";"Reta";"Urbano";2;0;1;0;1;0;1;1
83452479;"31/03/16";"Quinta";"15:35:00";"PR";369;"43,2";"ANDIRA";"Falta de atenção";"Colisão traseira";"Com Vítimas Feridas";"Pleno dia";"Crescente";"Sol";"Simples";"Reta";"Urbano";4;0;2;0;2;0;2;3
83452480;"31/03/16";"Quinta";"09:30:00";"RJ";101;"527";"ANGRA DOS REIS";"Desobediência à sinalização";"Colisão Transversal";"Sem Vítimas";"Pleno dia";"Decrescente";"Sol";"Simples";"Reta";"Rural";2;0;0;0;1;1;0;2
83452481;"31/03/16";"Quinta";"14:30:00";"GO";153;"493";"GOIANIA";"Outras";"Derramamento de Carga";"Sem Vítimas";"Pleno dia";"Crescente";"Ceu Claro";"Simples";"Reta";"Urbano";1;0;0;0;1;0;0;1
83452482;"31/01/16";"Domingo";"11:30:00";"RJ";40;"107";"DUQUE DE CAXIAS";"Desobediência à sinalização";"Queda de motocicleta / bicicleta / veículo";"Com Vítimas Feridas";"Pleno dia";"Crescente";"Ceu Claro";"Múltipla";"Reta";"Urbano";2;0;1;0;0;1;1;2
83452483;"31/03/16";"Quinta";"10:10:00";"RS";116;"247";"SAO LEOPOLDO";"Outras";"Colisão Transversal";"Com Vítimas Feridas";"Pleno dia";"Crescente";"Nublado";"Múltipla";"Curva";"Urbano";2;0;1;0;1;0;1;2
83452484;"28/03/16";"Segunda";"10:30:00";"RO";364;"517";"ARIQUEMES";"Falta de atenção";"Colisão traseira";"Sem Vítimas";"Pleno dia";"Decrescente";"Nublado";"Simples";"Cruzamento";"Rural";2;0;0;0;2;0;0;2
83452486;"27/03/16";"Domingo";"18:30:00";"GO";40;"8";"LUZIANIA";"Outras";"Atropelamento de pessoa";"Com Vítimas Feridas";"Anoitecer";"Decrescente";"Ceu Claro";"Dupla";"Reta";"Urbano";2;0;0;1;0;1;1;1
83452487;"31/03/16";"Quinta";"12:00:00";"ES";262;"77";"DOMINGOS MARTINS";"Velocidade incompatível";"Capotamento";"Com Vítimas Feridas";"Pleno dia";"Decrescente";"Sol";"Simples";"Curva";"Rural";1;0;1;0;0;0;1;1
83452488;"31/03/16";"Quinta";"17:50:00";"RS";158;"252,4";"JULIO DE CASTILHOS";"Defeito mecânico em veículo";"Colisão com objeto móvel";"Sem Vítimas";"Anoitecer";"Crescente";"Ceu Claro";"Simples";"Reta";"Rural";1;0;0;0;1;0;0;1
83452489;"31/03/16";"Quinta";"16:30:00";"RS";116;"250";"SAO LEOPOLDO";"Falta de atenção";"Colisão lateral";"Sem Vítimas";"Pleno dia";"Crescente";"Ceu Claro";"Dupla";"Reta";"Urbano";2;0;0;0;2;0;0;2
83452490;"31/03/16";"Quinta";"16:45:00";"SC";101;"241,5";"PALHOCA";"Outras";"Saída de Pista";"Com Vítimas Feridas";"Pleno dia";"Decrescente";"Chuva";"Dupla";"Reta";"Urbano";1;0;1;0;0;0;1;1
83452491;"31/03/16";"Quinta";"16:30:00";"RJ";116;"69";"TERESOPOLIS";"Falta de atenção";"Capotamento";"Com Vítimas Feridas";"Pleno dia";"Decrescente";"Nublado";"Simples";"Reta";"Urbano";1;0;0;1;0;0;1;1
83452492;"31/03/16";"Quinta";"17:20:00";"GO";153;"382,4";"SAO FRANCISCO DE GOIAS";"Velocidade incompatível";"Saída de Pista";"Com Vítimas Feridas";"Anoitecer";"Crescente";"Ceu Claro";"Simples";"Curva";"Rural";1;0;1;0;0;0;1;1
83452493;"29/03/16";"Terça";"11:30:00";"ES";101;"0,4";"SERRA";"Falta de atenção";"Colisão lateral";"Com Vítimas Feridas";"Pleno dia";"Crescente";"Sol";"Dupla";"Reta";"Urbano";2;0;0;1;0;1;1;2
83452494;"28/03/16";"Segunda";"05:15:00";"SP";116;"2";"GUARULHOS";"Velocidade incompatível";"Colisão traseira";"Sem Vítimas";"Pleno dia";"Crescente";"Nublado";"Dupla";"Reta";"Urbano";2;0;0;0;2;0;0;2
83452495;"31/03/16";"Quinta";"16:30:00";"PR";376;"639,4";"TIJUCAS DO SUL";"Defeito mecânico em veículo";"Colisão com objeto fixo";"Sem Vítimas";"Pleno dia";"Crescente";"Nublado";"Dupla";"Curva";"Rural";1;0;0;0;1;0;0;1
83452496;"31/03/16";"Quinta";"19:15:00";"RJ";493;"124";"ITAGUAI";"Falta de atenção";"Tombamento";"Com Vítimas Feridas";"Plena noite";"Crescente";"Nublado";"Simples";"Cruzamento";"Urbano";1;0;1;0;0;0;1;1
83452497;"29/03/16";"Terça";"06:00:00";"MG";381;"385,3";"SAO GONCALO DO RIO ABAIXO";"Outras";"Capotamento";"Com Vítimas Feridas";"Amanhecer";"Decrescente";"Nevoeiro/neblina";"Simples";"Curva";"Rural";1;0;1;0;0;0;1;1
83452498;"27/03/16";"Domingo";"23:00:00";"MG";365;"662,7";"MONTE ALEGRE DE MINAS";"Dormindo";"Capotamento";"Com Vítimas Feridas";"Plena noite";"Decrescente";"Ceu Claro";"Dupla";"Reta";"Rural";5;0;5;0;0;0;5;1
83452499;"28/03/16";"Segunda";"07:00:00";"PB";104;"138";"QUEIMADAS";"Falta de atenção";"Colisão traseira";"Sem Vítimas";"Pleno dia";"Crescente";"Ceu Claro";"Simples";"Reta";"Rural";3;0;0;0;2;1;0;2
83452500;"31/03/16";"Quinta";"17:00:00";"CE";222;"1";"SOBRAL";"Falta de atenção";"Queda de motocicleta / bicicleta / veículo";"Com Vítimas Feridas";"Pleno dia";"Crescente";"Ceu Claro";"Simples";"Reta";"Urbano";1;0;1;0;0;0;1;1
83452501;"31/03/16";"Quinta";"12:30:00";"CE";222;"346";"TIANGUA";"Outras";"Capotamento";"Com Vítimas Feridas";"Pleno dia";"Decrescente";"Nublado";"Simples";"Curva";"Rural";1;0;1;0;0;0;1;1
83452502;"31/03/16";"Quinta";"16:55:00";"MT";163;"871";"CLAUDIA";"Outras";"Incêndio";"Sem Vítimas";"Pleno dia";"Decrescente";"Ceu Claro";"Simples";"Reta";"Rural";1;0;0;0;1;0;0;1
83452503;"31/03/16";"Quinta";"18:20:00";"SC";101;"213,5";"PALHOCA";"Não guardar distância de segurança";"Colisão traseira";"Com Vítimas Feridas";"Plena noite";"Crescente";"Chuva";"Múltipla";"Curva";"Urbano";2;0;1;0;1;0;1;2
83452504;"31/03/16";"Quinta";"12:00:00";"MS";262;"641";"MIRANDA";"Defeito mecânico em veículo";"Tombamento";"Com Vítimas Feridas";"Pleno dia";"Crescente";"Ceu Claro";"Simples";"Reta";"Rural";3;0;3;0;0;0;3;1
83452505;"31/03/16";"Quinta";"18:10:00";"PR";369;"209,6";"APUCARANA";"Falta de atenção";"Colisão lateral";"Sem Vítimas";"Anoitecer";"Crescente";"Nublado";"Simples";"Reta";"Urbano";2;0;0;0;2;0;0;2
83452506;"31/03/16";"Quinta";"16:40:00";"ES";101;"140,5";"LINHARES";"Não guardar distância de segurança";"Colisão traseira";"Com Vítimas Feridas";"Pleno dia";"Crescente";"Nublado";"Simples";"Reta";"Urbano";2;0;1;0;0;1;1;2
83452507;"31/03/16";"Quinta";"19:45:00";"PR";277;"4,3";"FOZ DO IGUACU";"Desobediência à sinalização";"Colisão Transversal";"Com Vítimas Feridas";"Plena noite";"Decrescente";"Ceu Claro";"Dupla";"Cruzamento";"Urbano";2;0;1;0;1;0;1;2
83452508;"31/03/16";"Quinta";"19:10:00";"SC";470;"100,1";"APIUNA";"Falta de atenção";"Colisão frontal";"Com Vítimas Feridas";"Plena noite";"Crescente";"Chuva";"Simples";"Reta";"Urbano";2;0;1;0;1;0;1;2
83452509;"31/03/16";"Quinta";"18:30:00";"BA";101;"817";"ITAMARAJU";"Outras";"Saída de Pista";"Com Vítimas Feridas";"Anoitecer";"Crescente";"Ignorada";"Simples";"Curva";"Rural";2;0;2;0;0;0;2;1
83452510;"31/03/16";"Quinta";"17:30:00";"MA";230;"400";"BALSAS";"Outras";"Saída de Pista";"Sem Vítimas";"Pleno dia";"Crescente";"Ceu Claro";"Simples";"Reta";"Urbano";1;0;0;0;1;0;0;1
83452511;"31/03/16";"Quinta";"17:45:00";"GO";153;"541";"APARECIDA DE GOIANIA";"Outras";"Colisão Transversal";"Sem Vítimas";"Anoitecer";"Crescente";"Ceu Claro";"Múltipla";"Reta";"Urbano";2;0;0;0;2;0;0;2
83452512;"31/03/16";"Quinta";"18:45:00";"PR";163;"32,4";"SANTO ANTONIO DO SUDOESTE";"Outras";"Saída de Pista";"Com Vítimas Feridas";"Anoitecer";"Crescente";"Ceu Claro";"Simples";"Reta";"Rural";2;0;2;0;0;0;2;1
83452513;"31/03/16";"Quinta";"15:15:00";"SC";282;"471,7";"VARGEAO";"Falta de atenção";"Colisão traseira";"Sem Vítimas";"Pleno dia";"Crescente";"Chuva";"Simples";"Reta";"Rural";3;0;0;0;3;0;0;3
83452514;"31/03/16";"Quinta";"18:08:00";"GO";153;"190,3";"URUACU";"Ultrapassagem indevida";"Colisão frontal";"Com Vítimas Feridas";"Anoitecer";"Crescente";"Ceu Claro";"Simples";"Reta";"Rural";4;0;1;0;3;0;1;4
83452515;"31/03/16";"Quinta";"19:35:00";"SC";282;"505,5";"XANXERE";"Ingestão de álcool";"Colisão frontal";"Com Vítimas Feridas";"Plena noite";"Decrescente";"Ceu Claro";"Simples";"Reta";"Rural";3;0;0;2;1;0;2;2
83452516;"31/03/16";"Quinta";"18:50:00";"RS";287;"233";"SANTA MARIA";"Falta de atenção";"Colisão com bicicleta";"Com Vítimas Feridas";"Anoitecer";"Crescente";"Ceu Claro";"Simples";"Curva";"Urbano";3;0;1;0;2;0;1;2
83452517;"31/03/16";"Quinta";"17:30:00";"ES";101;"86,2";"SAO MATEUS";"Outras";"Queda de motocicleta / bicicleta / veículo";"Com Vítimas Feridas";"Anoitecer";"Crescente";"Nublado";"Simples";"Reta";"Rural";1;0;0;1;0;0;1;1
83452518;"31/03/16";"Quinta";"12:25:00";"AL";424;"102,5";"MARECHAL DEODORO";"Não guardar distância de segurança";"Colisão traseira";"Com Vítimas Feridas";"Pleno dia";"Decrescente";"Ceu Claro";"Simples";"Cruzamento";"Rural";3;0;2;0;1;0;2;2
83452519;"27/03/16";"Domingo";"01:15:00";"MG";365;"800";"GURINHATA";"Animais na Pista";"Atropelamento de animal";"Sem Vítimas";"Plena noite";"Crescente";"Ceu Claro";"Simples";"Reta";"Rural";1;0;0;0;1;0;0;1
83452520;"27/03/16";"Domingo";"16:00:00";"PA";230;"76,6";"SAO JOAO DO ARAGUAIA";"Defeito na via";"Colisão traseira";"Sem Vítimas";"Pleno dia";"Decrescente";"Ceu Claro";"Simples";"Reta";"Rural";2;0;0;0;2;0;0;2
83452521;"30/03/16";"Quarta";"17:00:00";"MT";174;"351";"PONTES E LACERDA";"Defeito mecânico em veículo";"Saída de Pista";"Sem Vítimas";"Pleno dia";"Crescente";"Ceu Claro";"Simples";"Reta";"Rural";1;0;0;0;1;0;0;1
83452522;"29/03/16";"Terça";"19:00:00";"SC";101;"372";"ICARA";"Falta de atenção";"Colisão lateral";"Sem Vítimas";"Anoitecer";"Crescente";"Ignorada";"Dupla";"Reta";"Rural";2;0;0;0;2;0;0;2
83452523;"31/03/16";"Quinta";"10:00:00";"RR";401;"2";"CANTA";"Velocidade incompatível";"Saída de Pista";"Com Vítimas Feridas";"Pleno dia";"Decrescente";"Nublado";"Simples";"Curva";"Rural";1;0;1;0;0;0;1;1
83452524;"31/03/16";"Quinta";"16:50:00";"SP";116;"220";"GUARULHOS";"Não guardar distância de segurança";"Colisão traseira";"Sem Vítimas";"Pleno dia";"Decrescente";"Nublado";"Múltipla";"Reta";"Urbano";3;0;0;0;3;0;0;3
83452525;"31/03/16";"Quinta";"17:00:00";"SE";101;"34";"CAPELA";"Falta de atenção";"Saída de Pista";"Com Vítimas Feridas";"Pleno dia";"Crescente";"Ceu Claro";"Simples";"Curva";"Rural";3;0;1;0;2;0;1;1
83452526;"31/03/16";"Quinta";"21:30:00";"BA";324;"543";"AMELIA RODRIGUES";"Outras";"Colisão com objeto fixo";"Sem Vítimas";"Plena noite";"Decrescente";"Ceu Claro";"Dupla";"Reta";"Urbano";1;0;0;0;1;0;0;1
83452527;"31/03/16";"Quinta";"17:10:00";"SP";381;"35";"ATIBAIA";"Falta de atenção";"Colisão traseira";"Com Vítimas Feridas";"Pleno dia";"Decrescente";"Ceu Claro";"Múltipla";"Reta";"Urbano";5;0;1;0;4;0;1;3
83452528;"31/03/16";"Quinta";"04:30:00";"MG";381;"147,9";"GOVERNADOR VALADARES";"Dormindo";"Saída de Pista";"Com Vítimas Feridas";"Plena noite";"Decrescente";"Ceu Claro";"Simples";"Curva";"Rural";1;0;1;0;0;0;1;1
83452529;"18/02/16";"Quinta";"06:30:00";"PR";476;"122";"COLOMBO";"Falta de atenção";"Colisão traseira";"Sem Vítimas";"Pleno dia";"Crescente";"Nublado";"Múltipla";"Reta";"Urbano";2;0;0;0;2;0;0;2
83452530;"31/03/16";"Quinta";"10:30:00";"PI";135;"331";"SANTA LUZ";"Defeito na via";"Saída de Pista";"Com Vítimas Feridas";"Pleno dia";"Decrescente";"Ceu Claro";"Simples";"Reta";"Rural";2;0;0;1;1;0;1;1
83452531;"31/03/16";"Quinta";"19:20:00";"SP";116;"279";"EMBU";"Falta de atenção";"Tombamento";"Com Vítimas Feridas";"Plena noite";"Decrescente";"Ceu Claro";"Dupla";"Curva";"Urbano";1;0;1;0;0;0;1;1
83452532;"28/03/16";"Segunda";"05:00:00";"MG";381;"702,3";"LAVRAS";"Outras";"Colisão com objeto fixo";"Sem Vítimas";"Plena noite";"Decrescente";"Nevoeiro/neblina";"Dupla";"Curva";"Rural";1;0;0;0;1;0;0;1
83452533;"31/03/16";"Quinta";"20:15:00";"MG";153;"46,9";"CANAPOLIS";"Outras";"Colisão traseira";"Sem Vítimas";"Plena noite";"Crescente";"Ceu Claro";"Dupla";"Curva";"Rural";2;0;0;0;2;0;0;2
83452534;"27/03/16";"Domingo";"13:55:00";"MG";116;"472,9";"TARUMIRIM";"Velocidade incompatível";"Colisão frontal";"Com Vítimas Feridas";"Pleno dia";"Crescente";"Sol";"Simples";"Curva";"Rural";2;0;0;1;1;0;1;2
83452535;"31/03/16";"Quinta";"22:20:00";"SC";101;"80,5";"BARRA VELHA";"Outras";"Atropelamento de pessoa";"Com Vítimas Fatais";"Plena noite";"Decrescente";"Chuva";"Dupla";"Curva";"Rural";2;1;0;0;1;0;0;1
83452536;"31/03/16";"Quinta";"20:20:00";"RS";290;"410,4";"SANTA MARGARIDA DO SUL";"Outras";"Tombamento";"Sem Vítimas";"Plena noite";"Decrescente";"Ceu Claro";"Simples";"Reta";"Urbano";1;0;0;0;1;0;0;1
83452537;"31/03/16";"Quinta";"22:00:00";"AP";156;"239";"MACAPA";"Ultrapassagem indevida";"Colisão com objeto fixo";"Sem Vítimas";"Plena noite";"Decrescente";"Ceu Claro";"Simples";"Reta";"Rural";1;0;0;0;1;0;0;1
83452538;"31/03/16";"Quinta";"20:00:00";"CE";222;"12,5";"CAUCAIA";"Animais na Pista";"Atropelamento de animal";"Sem Vítimas";"Plena noite";"Decrescente";"Ceu Claro";"Simples";"Reta";"Urbano";1;0;0;0;1;0;0;1
83452539;"31/03/16";"Quinta";"08:55:00";"PR";277;"722";"FOZ DO IGUACU";"Outras";"Capotamento";"Com Vítimas Feridas";"Pleno dia";"Crescente";"Ceu Claro";"Dupla";"Reta";"Urbano";2;0;2;0;0;0;2;1
83452540;"31/03/16";"Quinta";"20:00:00";"MS";262;"377";"TERENOS";"Outras";"Queda de motocicleta / bicicleta / veículo";"Com Vítimas Feridas";"Plena noite";"Crescente";"Ceu Claro";"Simples";"Reta";"Rural";2;0;2;0;0;0;2;2
83452541;"31/03/16";"Quinta";"14:00:00";"PE";101;"49";"ABREU E LIMA";"Defeito mecânico em veículo";"Danos Eventuais";"Com Vítimas Feridas";"Pleno dia";"Crescente";"Sol";"Múltipla";"Reta";"Urbano";4;0;2;0;2;0;2;2
83452542;"31/03/16";"Quinta";"19:30:00";"PB";230;"14,5";"CABEDELO";"Falta de atenção";"Colisão traseira";"Com Vítimas Feridas";"Plena noite";"Decrescente";"Vento";"Dupla";"Reta";"Urbano";2;0;0;1;1;0;1;2
83452543;"31/03/16";"Quinta";"20:10:00";"SC";280;"78";"CORUPA";"Outras";"Colisão frontal";"Sem Vítimas";"Plena noite";"Decrescente";"Chuva";"Simples";"Reta";"Rural";3;0;0;0;2;1;0;3
83452544;"31/03/16";"Quinta";"18:40:00";"SC";470;"184";"POUSO REDONDO";"Ingestão de álcool";"Colisão lateral";"Com Vítimas Feridas";"Plena noite";"Decrescente";"Nublado";"Simples";"Reta";"Rural";2;0;1;0;1;0;1;2
83452545;"31/03/16";"Quinta";"20:00:00";"MG";381;"506";"BETIM";"Falta de atenção";"Colisão lateral";"Com Vítimas Feridas";"Plena noite";"Crescente";"Ceu Claro";"Dupla";"Reta";"Urbano";3;0;1;1;1;0;2;2
83452546;"31/03/16";"Quinta";"17:00:00";"PR";116;"50";"CAMPINA GRANDE DO SUL";"Outras";"Tombamento";"Com Vítimas Feridas";"Pleno dia";"Decrescente";"Sol";"Dupla";"Reta";"Rural";1;0;1;0;0;0;1;1
83452547;"31/03/16";"Quinta";"22:40:00";"PE";232;"253,3";"ARCOVERDE";"Ultrapassagem indevida";"Atropelamento de pessoa";"Com Vítimas Fatais";"Plena noite";"Decrescente";"Ceu Claro";"Simples";"Reta";"Urbano";2;1;0;0;0;1;0;1
83452548;"31/03/16";"Quinta";"18:50:00";"GO";153;"308";"RIALMA";"Falta de atenção";"Colisão frontal";"Com Vítimas Feridas";"Plena noite";"Decrescente";"Ceu Claro";"Simples";"Reta";"Rural";2;0;2;0;0;0;2;2
83452549;"31/03/16";"Quinta";"21:00:00";"BA";242;"594";"MUQUEM DO SAO FRANCISCO";"Defeito mecânico em veículo";"Incêndio";"Sem Vítimas";"Plena noite";"Decrescente";"Ceu Claro";"Simples";"Reta";"Rural";1;0;0;0;1;0;0;1
83452550;"31/03/16";"Quinta";"18:00:00";"SC";101;"51,6";"JOINVILLE";"Outras";"Derramamento de Carga";"Sem Vítimas";"Plena noite";"Crescente";"Nublado";"Dupla";"Curva";"Urbano";1;0;0;0;1;0;0;1
83452551;"31/03/16";"Quinta";"23:07:00";"GO";153;"505,4";"APARECIDA DE GOIANIA";"Outras";"Colisão traseira";"Com Vítimas Feridas";"Plena noite";"Decrescente";"Ceu Claro";"Simples";"Reta";"Urbano";5;0;1;0;4;0;1;3
83452552;"31/03/16";"Quinta";"16:35:00";"PB";101;"91,3";"JOAO PESSOA";"Outras";"Colisão traseira";"Com Vítimas Feridas";"Pleno dia";"Decrescente";"Ceu Claro";"Dupla";"Reta";"Urbano";2;0;0;1;0;1;1;2
83452553;"31/03/16";"Quinta";"23:00:00";"SC";101;"215";"PALHOCA";"Ingestão de álcool";"Colisão traseira";"Sem Vítimas";"Plena noite";"Crescente";"Nublado";"Múltipla";"Cruzamento";"Urbano";2;0;0;0;2;0;0;2
83452554;"27/03/16";"Domingo";"18:40:00";"AL";104;"38";"UNIAO DOS PALMARES";"Ingestão de álcool";"Colisão com bicicleta";"Com Vítimas Feridas";"Plena noite";"Crescente";"Chuva";"Simples";"Reta";"Rural";2;0;0;1;0;1;1;2
83452555;"29/03/16";"Terça";"22:30:00";"PA";155;"341";"MARABA";"Outras";"Saída de Pista";"Com Vítimas Feridas";"Plena noite";"Decrescente";"Ignorada";"Simples";"Reta";"Rural";2;0;2;0;0;0;2;1
83452556;"31/03/16";"Quinta";"23:10:00";"PR";369;"143,5";"LONDRINA";"Velocidade incompatível";"Colisão traseira";"Com Vítimas Feridas";"Plena noite";"Decrescente";"Nublado";"Dupla";"Reta";"Urbano";2;0;0;1;1;0;1;2
83452557;"31/03/16";"Quinta";"21:30:00";"AC";364;"161";"BUJARI";"Animais na Pista";"Atropelamento de animal";"Com Vítimas Feridas";"Plena noite";"Crescente";"Ceu Claro";"Simples";"Reta";"Rural";1;0;1;0;0;0;1;1
83452558;"31/03/16";"Quinta";"22:18:00";"RJ";465;"4";"SEROPEDICA";"Outras";"Colisão lateral";"Com Vítimas Feridas";"Plena noite";"Crescente";"Ceu Claro";"Simples";"Reta";"Urbano";3;0;2;0;0;1;2;2
83452559;"31/03/16";"Quinta";"20:00:00";"BA";116;"749";"POCOES";"Outras";"Colisão lateral";"Com Vítimas Feridas";"Plena noite";"Decrescente";"Ceu Claro";"Simples";"Reta";"Rural";2;0;1;0;1;0;1;2
83452560;"31/03/16";"Quinta";"18:20:00";"PR";277;"128";"BALSA NOVA";"Velocidade incompatível";"Tombamento";"Sem Vítimas";"Anoitecer";"Decrescente";"Nublado";"Dupla";"Curva";"Rural";1;0;0;0;1;0;0;1
83452561;"31/03/16";"Quinta";"23:40:00";"SP";116;"515,3";"CAJATI";"Outras";"Saída de Pista";"Com Vítimas Fatais";"Plena noite";"Decrescente";"Nublado";"Dupla";"Reta";"Rural";1;1;0;0;0;0;0;1
83452563;"31/03/16";"Quinta";"16:00:00";"RO";364;"652";"CANDEIAS DO JAMARI";"Defeito mecânico em veículo";"Saída de Pista";"Sem Vítimas";"Pleno dia";"Crescente";"Nublado";"Simples";"Reta";"Rural";22;0;0;0;2;20;0;1
83452564;"01/04/16";"Sexta";"03:00:00";"SC";101;"427,5";"ARARANGUA";"Animais na Pista";"Atropelamento de animal";"Sem Vítimas";"Plena noite";"Decrescente";"Nublado";"Dupla";"Reta";"Rural";1;0;0;0;1;0;0;1
83452565;"01/04/16";"Sexta";"01:20:00";"MG";381;"148,5";"GOVERNADOR VALADARES";"Outras";"Colisão traseira";"Sem Vítimas";"Plena noite";"Decrescente";"Ceu Claro";"Simples";"Reta";"Rural";2;0;0;0;2;0;0;2
83452566;"31/03/16";"Quinta";"17:45:00";"SP";101;"48,9";"UBATUBA";"Outras";"Colisão lateral";"Sem Vítimas";"Pleno dia";"Crescente";"Sol";"Simples";"Reta";"Urbano";2;0;0;0;2;0;0;2
83452567;"31/03/16";"Quinta";"18:00:00";"BA";324;"550";"AMELIA RODRIGUES";"Defeito mecânico em veículo";"Incêndio";"Sem Vítimas";"Anoitecer";"Crescente";"Ceu Claro";"Dupla";"Reta";"Rural";1;0;0;0;1;0;0;1
83452568;"31/03/16";"Quinta";"07:25:00";"PB";230;"27,8";"JOAO PESSOA";"Falta de atenção";"Colisão Transversal";"Com Vítimas Feridas";"Pleno dia";"Crescente";"Sol";"Dupla";"Curva";"Urbano";2;0;1;0;1;0;1;2