"id";"data_inversa";"dia_semana";"horario";"uf";"br";"km";"municipio";"causa_acidente";"tipo_acidente";"classificacao_acidente";"fase_dia";"sentido_via";"condicao_metereologica";"tipo_pista";"tracado_via";"uso_solo";"pessoas";"mortos";"feridos_leves";"feridos_graves";"ilesos";"ignorados";"feridos";"veiculos"
83452690;"31/03/16";"Quinta";"07:40:00";"DF";70;"11";"BRASILIA";"Outras";"Saída de Pista";"Com Vítimas Feridas";"Pleno dia";"Crescente";"Ceu Claro";"Dupla";"Reta";"Urbano";1;0;1;0;0;0;1;1
83452691;"01/04/16";"Sexta";"13:00:00";"PA";10;"5";"DOM ELISEU";"Falta de atenção";"Colisão traseira";"Com Vítimas Feridas";"Pleno dia";"Crescente";"Ceu Claro";"Simples";"Reta";"Rural";3;0;1;0;1;1;1;2
83452693;"28/03/16";"Segunda";"07:10:00";"CE";116;"9,3";"FORTALEZA";"Falta de atenção";"Colisão lateral";"Sem Vítimas";"Pleno dia";"Decrescente";"Ceu Claro";"Dupla";"Reta";"Urbano";2;0;0;0;2;0;0;2
83452695;"01/04/16";"Sexta";"14:48:00";"PA";316;"10";"MARITUBA";"Não guardar distância de segurança";"Colisão traseira";"Sem Vítimas";"Pleno dia";"Decrescente";"Chuva";"Dupla";"Reta";"Urbano";3;0;0;0;3;0;0;3
83452696;"01/04/16";"Sexta";"09:00:00";"MG";381;"497";"BETIM";"Outras";"Colisão com objeto fixo";"Sem Vítimas";"Pleno dia";"Decrescente";"Sol";"Dupla";"Reta";"Urbano";1;0;0;0;1;0;0;1
83452697;"01/04/16";"Sexta";"12:50:00";"DF";70;"10,5";"BRASILIA";"Falta de atenção";"Colisão lateral";"Com Vítimas Feridas";"Pleno dia";"Decrescente";"Ceu Claro";"Dupla";"Reta";"Urbano";3;0;2;0;1;0;2;2
83452698;"04/01/16";"Segunda";"10:10:00";"GO";40;"2,7";"VALPARAISO DE GOIAS";"Falta de atenção";"Colisão lateral";"Com Vítimas Feridas";"Pleno dia";"Crescente";"Sol";"Dupla";"Reta";"Urbano";3;0;1;0;2;0;1;2
83452699;"01/04/16";"Sexta";"12:00:00";"RO";174;"19";"VILHENA";"Outras";"Queda de motocicleta / bicicleta / veículo";"Com Vítimas Feridas";"Pleno dia";"Decrescente";"Sol";"Simples";"Reta";"Rural";1;0;0;1;0;0;1;1
83452700;"01/04/16";"Sexta";"15:00:00";"RJ";40;"111";"DUQUE DE CAXIAS";"Falta de atenção";"Colisão com objeto fixo";"Sem Vítimas";"Pleno dia";"Crescente";"Chuva";"Dupla";"Reta";"Urbano";1;0;0;0;1;0;0;1
83452701;"01/04/16";"Sexta";"14:10:00";"RS";290;"104";"ELDORADO DO SUL";"Falta de atenção";"Colisão lateral";"Com Vítimas Feridas";"Pleno dia";"Crescente";"Sol";"Dupla";"Reta";"Rural";2;0;1;0;1;0;1;2
83452702;"01/04/16";"Sexta";"08:00:00";"RJ";101;"75";"CAMPOS DOS GOYTACAZES";"Falta de atenção";"Saída de Pista";"Com Vítimas Feridas";"Pleno dia";"Crescente";"Ceu Claro";"Dupla";"Cruzamento";"Urbano";1;0;1;0;0;0;1;1
83452703;"01/04/16";"Sexta";"08:30:00";"MT";364;"236";"RONDONOPOLIS";"Outras";"Colisão com objeto móvel";"Sem Vítimas";"Pleno dia";"Crescente";"Ceu Claro";"Dupla";"Reta";"Rural";2;0;0;0;2;0;0;2
83452704;"01/04/16";"Sexta";"09:00:00";"PR";116;"109";"SAO JOSE DOS PINHAIS";"Outras";"Colisão traseira";"Sem Vítimas";"Pleno dia";"Crescente";"Ceu Claro";"Dupla";"Reta";"Urbano";2;0;0;0;2;0;0;2
83452705;"01/04/16";"Sexta";"10:45:00";"GO";60;"198,1";"GUAPO";"Velocidade incompatível";"Colisão traseira";"Com Vítimas Feridas";"Pleno dia";"Decrescente";"Ceu Claro";"Dupla";"Reta";"Rural";4;0;2;1;1;0;3;2
83452706;"28/03/16";"Segunda";"16:00:00";"RJ";116;"75";"TERESOPOLIS";"Outras";"Saída de Pista";"Sem Vítimas";"Pleno dia";"Crescente";"Chuva";"Simples";"Curva";"Urbano";1;0;0;0;1;0;0;1
83452707;"01/04/16";"Sexta";"14:30:00";"MT";163;"732";"SORRISO";"Falta de atenção";"Colisão traseira";"Sem Vítimas";"Pleno dia";"Decrescente";"Sol";"Simples";"Reta";"Rural";2;0;0;0;2;0;0;2
83452708;"30/03/16";"Quarta";"04:00:00";"MG";153;"23";"CANAPOLIS";"Dormindo";"Tombamento";"Sem Vítimas";"Plena noite";"Decrescente";"Ceu Claro";"Dupla";"Reta";"Rural";1;0;0;0;1;0;0;1
83452709;"01/04/16";"Sexta";"14:00:00";"SC";280;"4";"SAO FRANCISCO DO SUL";"Falta de atenção";"Colisão Transversal";"Com Vítimas Feridas";"Pleno dia";"Crescente";"Ceu Claro";"Simples";"Reta";"Urbano";2;0;0;1;0;1;1;2
83452710;"28/03/16";"Segunda";"19:30:00";"RJ";116;"319,1";"ITATIAIA";"Outras";"Atropelamento de pessoa";"Com Vítimas Feridas";"Plena noite";"Crescente";"Nublado";"Dupla";"Reta";"Rural";2;0;1;0;0;1;1;1
83452711;"01/04/16";"Sexta";"15:40:00";"SC";280;"55,5";"GUARAMIRIM";"Desobediência à sinalização";"Colisão lateral";"Sem Vítimas";"Pleno dia";"Crescente";"Ceu Claro";"Simples";"Cruzamento";"Urbano";2;0;0;0;2;0;0;2
83452712;"01/04/16";"Sexta";"10:00:00";"BA";101;"554,2";"ARATACA";"Outras";"Saída de Pista";"Com Vítimas Feridas";"Pleno dia";"Decrescente";"Nublado";"Simples";"Curva";"Rural";2;0;2;0;0;0;2;1
83452713;"01/04/16";"Sexta";"11:25:00";"RO";364;"445";"JARU";"Outras";"Capotamento";"Sem Vítimas";"Pleno dia";"Decrescente";"Ceu Claro";"Simples";"Reta";"Rural";1;0;0;0;1;0;0;1
83452714;"01/04/16";"Sexta";"15:00:00";"SP";116;"272,5";"TABOAO DA SERRA";"Animais na Pista";"Colisão traseira";"Sem Vítimas";"Pleno dia";"Crescente";"Sol";"Dupla";"Reta";"Urbano";5;0;0;0;5;0;0;3
83452715;"01/04/16";"Sexta";"14:15:00";"PE";101;"20,5";"GOIANA";"Falta de atenção";"Colisão traseira";"Sem Vítimas";"Pleno dia";"Decrescente";"Ceu Claro";"Dupla";"Curva";"Rural";2;0;0;0;2;0;0;2
83452716;"01/04/16";"Sexta";"13:45:00";"RS";116;"470,4";"SAO LOURENCO DO SUL";"Falta de atenção";"Colisão traseira";"Sem Vítimas";"Pleno dia";"Decrescente";"Ceu Claro";"Simples";"Reta";"Rural";2;0;0;0;2;0;0;2
83452718;"24/03/16";"Quinta";"18:30:00";"PE";316;"87";"OURICURI";"Ultrapassagem indevida";"Colisão lateral";"Com Vítimas Feridas";"Plena noite";"Crescente";"Ceu Claro";"Simples";"Reta";"Rural";8;0;3;1;0;4;4;3
83452719;"01/04/16";"Sexta";"16:00:00";"RS";116;"247";"SAO LEOPOLDO";"Desobediência à sinalização";"Colisão traseira";"Com Vítimas Feridas";"Pleno dia";"Decrescente";"Sol";"Dupla";"Reta";"Urbano";2;0;1;0;1;0;1;2
83452720;"30/03/16";"Quarta";"19:05:00";"TO";153;"148";"ARAGUAINA";"Outras";"Colisão lateral";"Com Vítimas Feridas";"Plena noite";"Decrescente";"Chuva";"Simples";"Reta";"Rural";4;0;3;0;1;0;3;2
83452721;"01/04/16";"Sexta";"15:30:00";"MG";267;"9,9";"LEOPOLDINA";"Dormindo";"Saída de Pista";"Sem Vítimas";"Pleno dia";"Decrescente";"Ceu Claro";"Simples";"Reta";"Rural";1;0;0;0;1;0;0;1
83452722;"01/04/16";"Sexta";"01:00:00";"CE";116;"38,3";"HORIZONTE";"Outras";"Saída de Pista";"Ignorado";"Plena noite";"Crescente";"Ignorada";"Dupla";"Curva";"Rural";1;0;0;0;0;1;0;1
83452723;"01/04/16";"Sexta";"16:50:00";"RS";386;"47";"SEBERI";"Defeito mecânico em veículo";"Saída de Pista";"Com Vítimas Feridas";"Pleno dia";"Crescente";"Ceu Claro";"Simples";"Reta";"Urbano";2;0;0;1;1;0;1;1
83452724;"01/04/16";"Sexta";"16:10:00";"RJ";101;"268";"RIO BONITO";"Outras";"Capotamento";"Sem Vítimas";"Pleno dia";"Decrescente";"Nublado";"Dupla";"Reta";"Rural";1;0;0;0;1;0;0;1
83452726;"01/04/16";"Sexta";"15:00:00";"PE";101;"65,2";"RECIFE";"Falta de atenção";"Colisão lateral";"Sem Vítimas";"Pleno dia";"Decrescente";"Nublado";"Dupla";"Reta";"Urbano";2;0;0;0;2;0;0;2
83452727;"01/04/16";"Sexta";"15:15:00";"PR";153;"509";"GENERAL CARNEIRO";"Velocidade incompatível";"Colisão frontal";"Com Vítimas Feridas";"Pleno dia";"Decrescente";"Chuva";"Simples";"Curva";"Rural";2;0;1;0;1;0;1;2
83452728;"26/03/16";"Sábado";"21:00:00";"SC";282;"143,2";"BOM RETIRO";"Dormindo";"Saída de Pista";"Com Vítimas Feridas";"Plena noite";"Crescente";"Ceu Claro";"Simples";"Curva";"Rural";2;0;1;1;0;0;2;1
83452729;"26/02/16";"Sexta";"06:00:00";"MG";365;"3";"MONTES CLAROS";"Falta de atenção";"Colisão lateral";"Com Vítimas Feridas";"Amanhecer";"Crescente";"Ceu Claro";"Simples";"Reta";"Urbano";2;0;0;1;0;1;1;2
83452730;"01/04/16";"Sexta";"16:00:00";"MA";10;"260";"IMPERATRIZ";"Velocidade incompatível";"Colisão com objeto móvel";"Sem Vítimas";"Pleno dia";"Crescente";"Chuva";"Simples";"Reta";"Rural";1;0;0;0;1;0;0;1
83452731;"01/04/16";"Sexta";"08:10:00";"CE";116;"14";"FORTALEZA";"Outras";"Queda de motocicleta / bicicleta / veículo";"Com Vítimas Feridas";"Pleno dia";"Decrescente";"Chuva";"Dupla";"Curva";"Urbano";1;0;1;0;0;0;1;1
83452732;"01/04/16";"Sexta";"16:15:00";"PR";277;"723,9";"FOZ DO IGUACU";"Falta de atenção";"Colisão traseira";"Com Vítimas Feridas";"Pleno dia";"Crescente";"Ceu Claro";"Dupla";"Reta";"Urbano";2;0;0;1;1;0;1;2
83452733;"01/04/16";"Sexta";"08:00:00";"MG";40;"523";"CONTAGEM";"Não guardar distância de segurança";"Colisão traseira";"Com Vítimas Feridas";"Pleno dia";"Crescente";"Ceu Claro";"Dupla";"Reta";"Urbano";2;0;1;0;1;0;1;2
83452734;"28/03/16";"Segunda";"17:50:00";"RJ";116;"80";"TERESOPOLIS";"Falta de atenção";"Colisão Transversal";"Com Vítimas Feridas";"Anoitecer";"Decrescente";"Chuva";"Simples";"Reta";"Urbano";4;0;3;0;1;0;3;2
83452735;"12/03/16";"Sábado";"17:00:00";"MG";381;"330";"NOVA ERA";"Velocidade incompatível";"Saída de Pista";"Sem Vítimas";"Pleno dia";"Crescente";"Chuva";"Dupla";"Curva";"Rural";1;0;0;0;1;0;0;1
83452736;"01/04/16";"Sexta";"17:30:00";"SC";280;"134,5";"RIO NEGRINHO";"Outras";"Colisão Transversal";"Com Vítimas Feridas";"Pleno dia";"Crescente";"Ceu Claro";"Simples";"Curva";"Rural";2;0;1;0;1;0;1;2
83452737;"01/04/16";"Sexta";"12:25:00";"PR";376;"327";"ORTIGUEIRA";"Outras";"Tombamento";"Com Vítimas Feridas";"Pleno dia";"Decrescente";"Ceu Claro";"Simples";"Curva";"Rural";2;0;2;0;0;0;2;1
83452739;"01/04/16";"Sexta";"14:15:00";"BA";116;"626,5";"JAGUAQUARA";"Ultrapassagem indevida";"Tombamento";"Com Vítimas Feridas";"Pleno dia";"Crescente";"Ceu Claro";"Simples";"Reta";"Rural";2;0;1;0;1;0;1;2
83452740;"01/04/16";"Sexta";"15:00:00";"PR";277;"475,1";"NOVA LARANJEIRAS";"Outras";"Saída de Pista";"Com Vítimas Feridas";"Pleno dia";"Decrescente";"Ceu Claro";"Simples";"Reta";"Urbano";1;0;1;0;0;0;1;1
83452741;"01/04/16";"Sexta";"15:30:00";"SC";280;"53,6";"GUARAMIRIM";"Outras";"Colisão traseira";"Com Vítimas Feridas";"Pleno dia";"Decrescente";"Sol";"Simples";"Reta";"Urbano";2;0;1;0;1;0;1;2
83452742;"01/04/16";"Sexta";"15:20:00";"CE";222;"8";"CAUCAIA";"Não guardar distância de segurança";"Colisão lateral";"Com Vítimas Feridas";"Pleno dia";"Crescente";"Chuva";"Dupla";"Reta";"Urbano";3;0;2;0;1;0;2;2
83452743;"28/03/16";"Segunda";"10:00:00";"MA";316;"262";"SANTA INES";"Outras";"Colisão traseira";"Com Vítimas Feridas";"Pleno dia";"Decrescente";"Sol";"Dupla";"Reta";"Urbano";2;0;0;1;0;1;1;2
83452744;"01/04/16";"Sexta";"15:00:00";"PA";155;"340";"MARABA";"Falta de atenção";"Colisão lateral";"Com Vítimas Feridas";"Pleno dia";"Decrescente";"Sol";"Simples";"Reta";"Rural";2;0;0;1;1;0;1;2
83452745;"01/04/16";"Sexta";"17:20:00";"SP";153;"287";"OCAUCU";"Falta de atenção";"Colisão Transversal";"Sem Vítimas";"Pleno dia";"Crescente";"Sol";"Simples";"Curva";"Rural";3;0;0;0;3;0;0;2
83452746;"01/04/16";"Sexta";"15:40:00";"SP";116;"271";"TABOAO DA SERRA";"Não guardar distância de segurança";"Colisão traseira";"Com Vítimas Feridas";"Pleno dia";"Crescente";"Sol";"Dupla";"Reta";"Urbano";3;0;1;0;2;0;1;3
83452747;"01/04/16";"Sexta";"12:05:00";"PR";376;"141,3";"NOVA ESPERANCA";"Falta de atenção";"Colisão lateral";"Sem Vítimas";"Pleno dia";"Decrescente";"Sol";"Dupla";"Reta";"Rural";2;0;0;0;2;0;0;2
83452748;"01/04/16";"Sexta";"11:50:00";"MT";364;"51";"PEDRA PRETA";"Defeito mecânico em veículo";"Incêndio";"Sem Vítimas";"Pleno dia";"Decrescente";"Ceu Claro";"Simples";"Reta";"Rural";1;0;0;0;1;0;0;1
83452749;"28/03/16";"Segunda";"14:10:00";"GO";153;"557,7";"PROFESSOR JAMIL";"Dormindo";"Capotamento";"Sem Vítimas";"Pleno dia";"Decrescente";"Ceu Claro";"Dupla";"Reta";"Rural";1;0;0;0;1;0;0;1
83452750;"01/04/16";"Sexta";"16:00:00";"MG";50;"42,3";"ARAGUARI";"Falta de atenção";"Colisão com objeto fixo";"Sem Vítimas";"Pleno dia";"Crescente";"Sol";"Dupla";"Reta";"Rural";1;0;0;0;1;0;0;1
83452751;"01/04/16";"Sexta";"10:30:00";"PE";232;"129";"CARUARU";"Não guardar distância de segurança";"Colisão traseira";"Com Vítimas Feridas";"Pleno dia";"Crescente";"Ceu Claro";"Dupla";"Reta";"Urbano";3;0;1;1;1;0;2;2
83452752;"27/03/16";"Domingo";"14:55:00";"PR";116;"18";"CURITIBA";"Defeito mecânico em veículo";"Queda de motocicleta / bicicleta / veículo";"Com Vítimas Feridas";"Pleno dia";"Crescente";"Sol";"Dupla";"Reta";"Urbano";1;0;0;1;0;0;1;1
83452753;"01/04/16";"Sexta";"17:00:00";"SC";101;"204";"SAO JOSE";"Falta de atenção";"Colisão traseira";"Com Vítimas Feridas";"Pleno dia";"Decrescente";"Sol";"Dupla";"Reta";"Urbano";2;0;1;0;0;1;1;2
83452754;"01/04/16";"Sexta";"15:45:00";"RN";427;"98,9";"CAICO";"Falta de atenção";"Atropelamento de pessoa";"Com Vítimas Feridas";"Pleno dia";"Crescente";"Ceu Claro";"Simples";"Curva";"Urbano";2;0;2;0;0;0;2;1
83452755;"08/01/16";"Sexta";"14:45:00";"ES";101;"79";"SAO MATEUS";"Outras";"Queda de motocicleta / bicicleta / veículo";"Com Vítimas Feridas";"Pleno dia";"Crescente";"Ceu Claro";"Dupla";"Reta";"Urbano";1;0;1;0;0;0;1;1
83452757;"28/03/16";"Segunda";"20:00:00";"SP";116;"123,7";"CACAPAVA";"Outras";"Colisão lateral";"Sem Vítimas";"Plena noite";"Decrescente";"Chuva";"Dupla";"Reta";"Rural";2;0;0;0;2;0;0;2
83452758;"01/04/16";"Sexta";"14:50:00";"AL";101;"100,9";"PILAR";"Outras";"Colisão Transversal";"Sem Vítimas";"Pleno dia";"Crescente";"Ceu Claro";"Simples";"Reta";"Rural";2;0;0;0;1;1;0;2
83452759;"01/04/16";"Sexta";"18:15:00";"RS";386;"269";"FONTOURA XAVIER";"Outras";"Colisão Transversal";"Com Vítimas Feridas";"Anoitecer";"Crescente";"Ceu Claro";"Simples";"Reta";"Urbano";3;0;1;1;1;0;2;2
83452760;"01/04/16";"Sexta";"16:55:00";"MS";60;"367,9";"CAMPO GRANDE";"Falta de atenção";"Colisão traseira";"Com Vítimas Feridas";"Pleno dia";"Decrescente";"Ceu Claro";"Simples";"Reta";"Rural";2;0;1;0;1;0;1;2
83452761;"01/04/16";"Sexta";"13:10:00";"RJ";101;"184";"RIO DAS OSTRAS";"Defeito mecânico em veículo";"Derramamento de Carga";"Sem Vítimas";"Pleno dia";"Decrescente";"Sol";"Simples";"Reta";"Rural";2;0;0;0;2;0;0;2
83452762;"01/04/16";"Sexta";"15:30:00";"RJ";40;"92";"PETROPOLIS";"Outras";"Tombamento";"Sem Vítimas";"Pleno dia";"Crescente";"Ceu Claro";"Simples";"Curva";"Rural";1;0;0;0;1;0;0;1
83452763;"29/03/16";"Terça";"05:00:00";"RJ";116;"168";"SAO JOAO DE MERITI";"Falta de atenção";"Colisão lateral";"Sem Vítimas";"Pleno dia";"Decrescente";"Ceu Claro";"Múltipla";"Reta";"Urbano";2;0;0;0;1;1;0;2
83452764;"16/01/16";"Sábado";"17:40:00";"ES";101;"69,9";"SAO MATEUS";"Outras";"Saída de Pista";"Com Vítimas Feridas";"Pleno dia";"Decrescente";"Ceu Claro";"Simples";"Reta";"Urbano";2;0;2;0;0;0;2;1
83452765;"01/04/16";"Sexta";"17:00:00";"RS";116;"439,2";"CRISTAL";"Falta de atenção";"Queda de motocicleta / bicicleta / veículo";"Com Vítimas Feridas";"Pleno dia";"Decrescente";"Nublado";"Simples";"Reta";"Rural";1;0;1;0;0;0;1;1
83452766;"01/04/16";"Sexta";"17:40:00";"GO";60;"174,4";"ABADIA DE GOIAS";"Desobediência à sinalização";"Colisão Transversal";"Sem Vítimas";"Pleno dia";"Crescente";"Sol";"Dupla";"Cruzamento";"Urbano";2;0;0;0;1;1;0;2
83452767;"28/03/16";"Segunda";"18:25:00";"MG";381;"449";"SABARA";"Falta de atenção";"Colisão Transversal";"Com Vítimas Feridas";"Plena noite";"Decrescente";"Ceu Claro";"Simples";"Curva";"Urbano";2;0;0;1;1;0;1;2
83452768;"01/04/16";"Sexta";"15:30:00";"CE";222;"103,8";"IRAUCUBA";"Outras";"Saída de Pista";"Sem Vítimas";"Pleno dia";"Decrescente";"Ceu Claro";"Simples";"Reta";"Rural";1;0;0;0;1;0;0;1
83452769;"01/04/16";"Sexta";"16:45:00";"SE";235;"52";"ITABAIANA";"Falta de atenção";"Colisão lateral";"Com Vítimas Feridas";"Pleno dia";"Decrescente";"Ceu Claro";"Simples";"Reta";"Urbano";2;0;1;0;1;0;1;2
83452770;"29/03/16";"Terça";"05:40:00";"BA";324;"548";"AMELIA RODRIGUES";"Outras";"Colisão com objeto fixo";"Sem Vítimas";"Amanhecer";"Crescente";"Ceu Claro";"Dupla";"Reta";"Rural";1;0;0;0;1;0;0;1
83452771;"01/04/16";"Sexta";"18:40:00";"RS";158;"183,7";"PEJUCARA";"Falta de atenção";"Colisão traseira";"Sem Vítimas";"Plena noite";"Decrescente";"Ceu Claro";"Simples";"Curva";"Rural";2;0;0;0;2;0;0;2
83452772;"01/04/16";"Sexta";"18:00:00";"SC";101;"117,5";"ITAJAI";"Outras";"Queda de motocicleta / bicicleta / veículo";"Com Vítimas Feridas";"Anoitecer";"Crescente";"Ceu Claro";"Dupla";"Reta";"Urbano";2;0;2;0;0;0;2;1
83452773;"01/04/16";"Sexta";"13:00:00";"ES";101;"80";"SAO MATEUS";"Outras";"Capotamento";"Com Vítimas Feridas";"Pleno dia";"Crescente";"Chuva";"Dupla";"Reta";"Rural";2;0;2;0;0;0;2;1
83452774;"01/04/16";"Sexta";"15:00:00";"RN";101;"94,6";"NATAL";"Não guardar distância de segurança";"Colisão traseira";"Com Vítimas Feridas";"Pleno dia";"Decrescente";"Nublado";"Dupla";"Reta";"Urbano";2;0;1;0;1;0;1;2
83452776;"01/04/16";"Sexta";"19:20:00";"BA";324;"604,5";"SIMOES FILHO";"Falta de atenção";"Colisão lateral";"Com Vítimas Feridas";"Plena noite";"Decrescente";"Ceu Claro";"Múltipla";"Reta";"Urbano";3;0;1;0;2;0;1;2
83452777;"01/04/16";"Sexta";"16:00:00";"MS";163;"205,8";"CAARAPO";"Velocidade incompatível";"Tombamento";"Com Vítimas Feridas";"Pleno dia";"Decrescente";"Sol";"Simples";"Cruzamento";"Rural";1;0;1;0;0;0;1;1
83452778;"19/01/16";"Terça";"20:30:00";"RJ";116;"165";"RIO DE JANEIRO";"Outras";"Colisão com objeto fixo";"Sem Vítimas";"Plena noite";"Crescente";"Ceu Claro";"Dupla";"Reta";"Urbano";1;0;0;0;1;0;0;1
83452779;"01/04/16";"Sexta";"06:50:00";"CE";20;"419,6";"MARACANAU";"Velocidade incompatível";"Colisão Transversal";"Com Vítimas Feridas";"Pleno dia";"Decrescente";"Chuva";"Simples";"Reta";"Urbano";3;0;1;0;1;1;1;3
83452780;"01/04/16";"Sexta";"19:00:00";"SC";101;"125,3";"ITAJAI";"Animais na Pista";"Atropelamento de animal";"Com Vítimas Feridas";"Plena noite";"Crescente";"Ceu Claro";"Dupla";"Reta";"Urbano";1;0;1;0;0;0;1;1
83452781;"29/03/16";"Terça";"06:50:00";"BA";324;"527";"FEIRA DE SANTANA";"Outras";"Colisão com objeto fixo";"Sem Vítimas";"Pleno dia";"Decrescente";"Ceu Claro";"Dupla";"Curva";"Rural";1;0;0;0;1;0;0;1
83452782;"01/04/16";"Sexta";"19:00:00";"BA";116;"757";"POCOES";"Falta de atenção";"Colisão frontal";"Com Vítimas Feridas";"Plena noite";"Decrescente";"Nublado";"Simples";"Reta";"Urbano";2;0;0;1;1;0;1;2
83452783;"01/04/16";"Sexta";"18:30:00";"PR";153;"351,7";"REBOUCAS";"Velocidade incompatível";"Saída de Pista";"Com Vítimas Feridas";"Plena noite";"Decrescente";"Nublado";"Simples";"Curva";"Rural";1;0;0;1;0;0;1;1
83452784;"29/03/16";"Terça";"03:50:00";"MG";381;"684,4";"RIBEIRAO VERMELHO";"Falta de atenção";"Capotamento";"Com Vítimas Feridas";"Plena noite";"Decrescente";"Nublado";"Dupla";"Curva";"Rural";4;0;4;0;0;0;4;1
83452785;"01/04/16";"Sexta";"17:50:00";"PR";376;"179";"MARINGA";"Falta de atenção";"Colisão lateral";"Com Vítimas Feridas";"Pleno dia";"Decrescente";"Ceu Claro";"Dupla";"Reta";"Urbano";3;0;2;0;1;0;2;2
83452786;"01/04/16";"Sexta";"18:50:00";"SC";470;"68,2";"INDAIAL";"Não guardar distância de segurança";"Colisão Transversal";"Com Vítimas Feridas";"Plena noite";"Crescente";"Nublado";"Simples";"Reta";"Urbano";3;0;2;0;1;0;2;2
83452787;"01/04/16";"Sexta";"18:15:00";"PB";230;"31";"JOAO PESSOA";"Ingestão de álcool";"Colisão frontal";"Com Vítimas Feridas";"Plena noite";"Decrescente";"Ceu Claro";"Dupla";"Reta";"Urbano";2;0;0;2;0;0;2;2
83452788;"01/04/16";"Sexta";"19:00:00";"RJ";40;"84";"PETROPOLIS";"Velocidade incompatível";"Tombamento";"Sem Vítimas";"Plena noite";"Decrescente";"Chuva";"Dupla";"Curva";"Rural";1;0;0;0;1;0;0;1
83452789;"01/04/16";"Sexta";"16:30:00";"MG";146;"507,8";"POCOS DE CALDAS";"Não guardar distância de segurança";"Colisão com objeto fixo";"Sem Vítimas";"Pleno dia";"Crescente";"Ceu Claro";"Simples";"Reta";"Rural";2;0;0;0;2;0;0;2
83452790;"01/04/16";"Sexta";"18:30:00";"DF";20;"11";"BRASILIA";"Não guardar distância de segurança";"Colisão traseira";"Sem Vítimas";"Plena noite";"Decrescente";"Ceu Claro";"Dupla";"Reta";"Urbano";2;0;0;0;2;0;0;2
83452791;"01/04/16";"Sexta";"18:00:00";"SC";470;"145";"RIO DO SUL";"Falta de atenção";"Atropelamento de pessoa";"Com Vítimas Feridas";"Anoitecer";"Crescente";"Nublado";"Simples";"Reta";"Urbano";2;0;0;1;1;0;1;1
83452792;"01/04/16";"Sexta";"20:00:00";"BA";367;"26";"PORTO SEGURO";"Falta de atenção";"Colisão Transversal";"Com Vítimas Feridas";"Plena noite";"Decrescente";"Ceu Claro";"Simples";"Reta";"Urbano";3;0;1;1;1;0;2;2
83452793;"01/04/16";"Sexta";"17:05:00";"RN";226;"109,8";"SANTA CRUZ";"Outras";"Colisão lateral";"Com Vítimas Feridas";"Pleno dia";"Crescente";"Sol";"Simples";"Reta";"Urbano";2;0;1;0;1;0;1;2
83452794;"01/04/16";"Sexta";"04:30:00";"ES";101;"18";"PEDRO CANARIO";"Velocidade incompatível";"Tombamento";"Com Vítimas Feridas";"Plena noite";"Decrescente";"Ceu Claro";"Simples";"Curva";"Rural";2;0;2;0;0;0;2;1
83452795;"01/04/16";"Sexta";"15:00:00";"RS";285;"534";"SAO LUIZ GONZAGA";"Ultrapassagem indevida";"Colisão lateral";"Sem Vítimas";"Pleno dia";"Crescente";"Sol";"Simples";"Reta";"Rural";2;0;0;0;2;0;0;2
83452796;"01/04/16";"Sexta";"15:00:00";"MG";381;"848";"POUSO ALEGRE";"Ingestão de álcool";"Capotamento";"Com Vítimas Feridas";"Pleno dia";"Crescente";"Sol";"Dupla";"Reta";"Rural";1;0;1;0;0;0;1;1
83452799;"01/04/16";"Sexta";"20:30:00";"SC";470;"112,5";"APIUNA";"Falta de atenção";"Colisão lateral";"Com Vítimas Feridas";"Plena noite";"Decrescente";"Ceu Claro";"Simples";"Curva";"Urbano";3;0;1;0;2;0;1;3
83452800;"01/04/16";"Sexta";"15:20:00";"ES";262;"20,6";"VIANA";"Não guardar distância de segurança";"Colisão traseira";"Com Vítimas Feridas";"Pleno dia";"Decrescente";"Nublado";"Simples";"Reta";"Urbano";3;0;2;0;1;0;2;2
83452801;"01/04/16";"Sexta";"20:30:00";"PI";316;"4,3";"TERESINA";"Falta de atenção";"Colisão Transversal";"Com Vítimas Feridas";"Plena noite";"Crescente";"Nublado";"Múltipla";"Cruzamento";"Urbano";2;0;1;0;1;0;1;2
83452802;"01/04/16";"Sexta";"19:45:00";"TO";153;"671,4";"GURUPI";"Falta de atenção";"Colisão traseira";"Sem Vítimas";"Plena noite";"Crescente";"Ceu Claro";"Dupla";"Reta";"Urbano";2;0;0;0;2;0;0;2
83452803;"29/03/16";"Terça";"18:10:00";"RN";101;"97,9";"NATAL";"Outras";"Colisão traseira";"Com Vítimas Feridas";"Plena noite";"Crescente";"Nublado";"Múltipla";"Reta";"Urbano";2;0;1;0;1;0;1;2
83452804;"01/04/16";"Sexta";"20:45:00";"RS";101;"3";"TORRES";"Falta de atenção";"Capotamento";"Com Vítimas Feridas";"Plena noite";"Decrescente";"Nublado";"Dupla";"Reta";"Rural";1;0;1;0;0;0;1;1
83452805;"24/03/16";"Quinta";"20:30:00";"MA";316;"263";"SANTA INES";"Falta de atenção";"Colisão traseira";"Sem Vítimas";"Plena noite";"Crescente";"Ceu Claro";"Simples";"Reta";"Urbano";2;0;0;0;2;0;0;2
83452806;"28/03/16";"Segunda";"09:30:00";"MG";262;"411";"IGARATINGA";"Defeito mecânico em veículo";"Incêndio";"Sem Vítimas";"Pleno dia";"Decrescente";"Chuva";"Dupla";"Reta";"Rural";1;0;0;0;1;0;0;1