"id";"data_inversa";"dia_semana";"horario";"uf";"br";"km";"municipio";"causa_acidente";"tipo_acidente";"classificacao_acidente";"fase_dia";"sentido_via";"condicao_metereologica";"tipo_pista";"tracado_via";"uso_solo";"pessoas";"mortos";"feridos_leves";"feridos_graves";"ilesos";"ignorados";"feridos";"veiculos"
83452807;"01/04/16";"Sexta";"08:10:00";"GO";414;"392,7";"CORUMBA DE GOIAS";"Outras";"Colisão Transversal";"Sem Vítimas";"Pleno dia";"Crescente";"Ceu Claro";"Simples";"Reta";"Urbano";2;0;0;0;2;0;0;2
83452808;"01/04/16";"Sexta";"08:10:00";"AP";156;"802";"OIAPOQUE";"Falta de atenção";"Colisão lateral";"Com Vítimas Feridas";"Pleno dia";"Decrescente";"Sol";"Simples";"Reta";"Urbano";4;0;2;0;2;0;2;3
83452809;"01/03/16";"Terça";"08:05:00";"PB";230;"27,8";"JOAO PESSOA";"Falta de atenção";"Colisão lateral";"Com Vítimas Feridas";"Pleno dia";"Crescente";"Ceu Claro";"Dupla";"Reta";"Urbano";2;0;1;0;1;0;1;2
83452810;"28/03/16";"Segunda";"09:56:00";"GO";20;"211,6";"POSSE";"Velocidade incompatível";"Saída de Pista";"Com Vítimas Feridas";"Pleno dia";"Decrescente";"Ceu Claro";"Simples";"Reta";"Rural";6;0;4;2;0;0;6;1
83452811;"01/04/16";"Sexta";"20:50:00";"SC";101;"209";"SAO JOSE";"Falta de atenção";"Colisão lateral";"Com Vítimas Feridas";"Plena noite";"Decrescente";"Ceu Claro";"Simples";"Reta";"Urbano";2;0;1;0;1;0;1;2
83452812;"01/04/16";"Sexta";"18:30:00";"GO";414;"436,3";"ANAPOLIS";"Desobediência à sinalização";"Colisão Transversal";"Com Vítimas Feridas";"Plena noite";"Crescente";"Ceu Claro";"Simples";"Reta";"Urbano";2;0;0;1;1;0;1;2
83452813;"01/04/16";"Sexta";"19:18:00";"PR";369;"26,8";"CAMBARA";"Desobediência à sinalização";"Colisão Transversal";"Sem Vítimas";"Plena noite";"Crescente";"Ceu Claro";"Simples";"Reta";"Rural";3;0;0;0;3;0;0;2
83452814;"01/04/16";"Sexta";"08:30:00";"PE";101;"62";"RECIFE";"Velocidade incompatível";"Colisão lateral";"Com Vítimas Feridas";"Pleno dia";"Crescente";"Sol";"Dupla";"Reta";"Urbano";2;0;1;0;1;0;1;2
83452815;"31/01/16";"Domingo";"18:05:00";"RO";364;"353";"JI-PARANA";"Ingestão de álcool";"Colisão frontal";"Sem Vítimas";"Pleno dia";"Crescente";"Nublado";"Simples";"Reta";"Rural";3;0;0;0;2;1;0;3
83452816;"29/03/16";"Terça";"17:40:00";"MG";50;"155";"UBERABA";"Velocidade incompatível";"Colisão lateral";"Sem Vítimas";"Pleno dia";"Crescente";"Chuva";"Dupla";"Reta";"Rural";2;0;0;0;2;0;0;2
83452818;"01/04/16";"Sexta";"17:02:00";"PB";230;"25,4";"JOAO PESSOA";"Falta de atenção";"Colisão lateral";"Sem Vítimas";"Anoitecer";"Crescente";"Ceu Claro";"Dupla";"Reta";"Urbano";2;0;0;0;2;0;0;2
83452819;"01/04/16";"Sexta";"21:20:00";"ES";101;"262,2";"SERRA";"Desobediência à sinalização";"Colisão frontal";"Com Vítimas Feridas";"Plena noite";"Crescente";"Ceu Claro";"Dupla";"Reta";"Urbano";3;0;0;2;1;0;2;2
83452820;"28/03/16";"Segunda";"14:20:00";"RO";319;"62,1";"PORTO VELHO";"Desobediência à sinalização";"Colisão Transversal";"Com Vítimas Feridas";"Pleno dia";"Decrescente";"Ceu Claro";"Múltipla";"Cruzamento";"Urbano";3;0;0;1;1;1;1;2
83452821;"01/04/16";"Sexta";"18:55:00";"AP";210;"1";"MACAPA";"Falta de atenção";"Atropelamento de pessoa";"Com Vítimas Feridas";"Plena noite";"Decrescente";"Ceu Claro";"Dupla";"Curva";"Urbano";2;0;2;0;0;0;2;1
83452822;"01/04/16";"Sexta";"17:00:00";"MS";262;"278";"RIBAS DO RIO PARDO";"Outras";"Colisão com objeto móvel";"Sem Vítimas";"Pleno dia";"Decrescente";"Sol";"Simples";"Reta";"Rural";2;0;0;0;2;0;0;2
83452823;"01/04/16";"Sexta";"16:45:00";"RN";101;"80";"SAO GONCALO DO AMARANTE";"Outras";"Colisão Transversal";"Sem Vítimas";"Pleno dia";"Crescente";"Ceu Claro";"Dupla";"Cruzamento";"Urbano";2;0;0;0;2;0;0;2
83452824;"01/04/16";"Sexta";"20:30:00";"MA";230;"408,5";"BALSAS";"Defeito mecânico em veículo";"Queda de motocicleta / bicicleta / veículo";"Com Vítimas Fatais";"Plena noite";"Decrescente";"Ceu Claro";"Simples";"Reta";"Rural";3;1;1;0;0;1;1;2
83452826;"01/04/16";"Sexta";"17:50:00";"PA";230;"120";"MARABA";"Falta de atenção";"Colisão Transversal";"Com Vítimas Feridas";"Anoitecer";"Decrescente";"Ceu Claro";"Dupla";"Cruzamento";"Urbano";3;0;1;0;2;0;1;2
83452827;"26/03/16";"Sábado";"09:50:00";"BA";101;"850";"TEIXEIRA DE FREITAS";"Outras";"Capotamento";"Com Vítimas Feridas";"Pleno dia";"Decrescente";"Chuva";"Simples";"Reta";"Rural";5;0;0;5;0;0;5;1
83452828;"01/04/16";"Sexta";"21:50:00";"RN";406;"151,3";"CEARA-MIRIM";"Outras";"Colisão lateral";"Sem Vítimas";"Plena noite";"Crescente";"Nublado";"Simples";"Reta";"Urbano";2;0;0;0;1;1;0;2
83452829;"01/04/16";"Sexta";"22:00:00";"PR";277;"124";"BALSA NOVA";"Velocidade incompatível";"Capotamento";"Com Vítimas Feridas";"Plena noite";"Decrescente";"Ceu Claro";"Simples";"Reta";"Rural";3;0;2;0;1;0;2;1
83452830;"01/04/16";"Sexta";"19:50:00";"MT";163;"873";"CLAUDIA";"Velocidade incompatível";"Saída de Pista";"Sem Vítimas";"Plena noite";"Crescente";"Ceu Claro";"Simples";"Reta";"Rural";5;0;0;0;5;0;0;2
83452831;"01/04/16";"Sexta";"23:30:00";"PR";277;"34";"MORRETES";"Ingestão de álcool";"Queda de motocicleta / bicicleta / veículo";"Com Vítimas Feridas";"Plena noite";"Crescente";"Ceu Claro";"Dupla";"Reta";"Rural";1;0;0;1;0;0;1;1
83452832;"01/04/16";"Sexta";"18:43:00";"MG";116;"531,9";"CARATINGA";"Falta de atenção";"Colisão frontal";"Com Vítimas Feridas";"Anoitecer";"Crescente";"Ceu Claro";"Simples";"Reta";"Rural";2;0;0;1;1;0;1;2
83452833;"01/04/16";"Sexta";"23:40:00";"SC";101;"26";"JOINVILLE";"Outras";"Colisão traseira";"Sem Vítimas";"Plena noite";"Crescente";"Nublado";"Dupla";"Reta";"Urbano";2;0;0;0;2;0;0;2
83452834;"01/04/16";"Sexta";"15:40:00";"ES";101;"97";"JAGUARE";"Desobediência à sinalização";"Colisão frontal";"Com Vítimas Feridas";"Pleno dia";"Decrescente";"Ceu Claro";"Simples";"Reta";"Rural";2;0;2;0;0;0;2;2
83452835;"01/04/16";"Sexta";"20:00:00";"SC";280;"157,2";"MAFRA";"Outras";"Derramamento de Carga";"Com Vítimas Feridas";"Plena noite";"Decrescente";"Ceu Claro";"Simples";"Reta";"Rural";4;0;2;0;2;0;2;3
83452836;"01/04/16";"Sexta";"08:00:00";"DF";70;"10,1";"BRASILIA";"Velocidade incompatível";"Colisão traseira";"Com Vítimas Feridas";"Pleno dia";"Decrescente";"Ceu Claro";"Dupla";"Reta";"Urbano";6;0;2;0;4;0;2;3
83452837;"01/04/16";"Sexta";"19:50:00";"BA";242;"116,1";"RAFAEL JAMBEIRO";"Outras";"Colisão traseira";"Com Vítimas Feridas";"Plena noite";"Decrescente";"Ceu Claro";"Simples";"Reta";"Rural";4;0;0;3;1;0;3;2
83452839;"01/04/16";"Sexta";"18:30:00";"PR";376;"350,2";"ORTIGUEIRA";"Falta de atenção";"Colisão Transversal";"Com Vítimas Feridas";"Anoitecer";"Crescente";"Nublado";"Simples";"Reta";"Urbano";2;0;1;0;1;0;1;2
83452840;"01/04/16";"Sexta";"19:30:00";"SC";101;"97";"PICARRAS";"Outras";"Saída de Pista";"Com Vítimas Feridas";"Plena noite";"Decrescente";"Ceu Claro";"Dupla";"Reta";"Rural";1;0;1;0;0;0;1;1
83452841;"01/04/16";"Sexta";"23:00:00";"AL";316;"88,6";"SANTANA DO IPANEMA";"Outras";"Queda de motocicleta / bicicleta / veículo";"Com Vítimas Feridas";"Plena noite";"Decrescente";"Ceu Claro";"Simples";"Reta";"Rural";1;0;0;1;0;0;1;1
83452842;"01/04/16";"Sexta";"22:30:00";"MG";153;"16,7";"CENTRALINA";"Outras";"Capotamento";"Com Vítimas Feridas";"Plena noite";"Decrescente";"Ceu Claro";"Dupla";"Reta";"Rural";1;0;0;1;0;0;1;1
83452843;"01/04/16";"Sexta";"22:40:00";"MS";262;"387";"TERENOS";"Animais na Pista";"Atropelamento de animal";"Sem Vítimas";"Plena noite";"Crescente";"Ceu Claro";"Simples";"Reta";"Rural";1;0;0;0;1;0;0;1
83452844;"01/04/16";"Sexta";"21:50:00";"MG";381;"361,4";"JOAO MONLEVADE";"Falta de atenção";"Queda de motocicleta / bicicleta / veículo";"Com Vítimas Fatais";"Plena noite";"Crescente";"Nublado";"Simples";"Curva";"Rural";2;1;0;0;1;0;0;1
83452845;"01/04/16";"Sexta";"23:30:00";"MG";40;"514";"RIBEIRAO DAS NEVES";"Dormindo";"Saída de Pista";"Com Vítimas Feridas";"Pleno dia";"Decrescente";"Nublado";"Dupla";"Curva";"Urbano";2;0;0;1;1;0;1;1
83452846;"01/04/16";"Sexta";"10:00:00";"BA";20;"29";"CORRENTINA";"Ingestão de álcool";"Colisão frontal";"Com Vítimas Fatais";"Pleno dia";"Crescente";"Ceu Claro";"Simples";"Reta";"Rural";3;2;0;0;1;0;0;2
83452847;"01/04/16";"Sexta";"23:45:00";"RS";290;"174,9";"BUTIA";"Falta de atenção";"Queda de motocicleta / bicicleta / veículo";"Com Vítimas Feridas";"Plena noite";"Decrescente";"Ceu Claro";"Simples";"Reta";"Urbano";1;0;1;0;0;0;1;1
83452848;"01/04/16";"Sexta";"22:30:00";"SP";116;"444,1";"REGISTRO";"Outras";"Atropelamento de pessoa";"Com Vítimas Fatais";"Plena noite";"Crescente";"Ceu Claro";"Dupla";"Reta";"Urbano";2;1;0;0;0;1;0;1
83452849;"01/04/16";"Sexta";"22:50:00";"PB";230;"19,8";"JOAO PESSOA";"Velocidade incompatível";"Capotamento";"Sem Vítimas";"Plena noite";"Decrescente";"Nublado";"Dupla";"Curva";"Urbano";1;0;0;0;1;0;0;1
83452850;"01/04/16";"Sexta";"23:55:00";"SC";480;"130,5";"CHAPECO";"Velocidade incompatível";"Capotamento";"Ignorado";"Plena noite";"Crescente";"Ceu Claro";"Dupla";"Curva";"Urbano";1;0;0;0;0;1;0;1
83452851;"02/04/16";"Sábado";"01:25:00";"PR";153;"37,8";"SANTO ANTONIO DA PLATINA";"Ingestão de álcool";"Saída de Pista";"Com Vítimas Feridas";"Plena noite";"Crescente";"Ceu Claro";"Simples";"Curva";"Rural";2;0;2;0;0;0;2;1
83452852;"02/04/16";"Sábado";"00:10:00";"SC";470;"67";"BLUMENAU";"Ingestão de álcool";"Colisão frontal";"Com Vítimas Fatais";"Plena noite";"Decrescente";"Nublado";"Simples";"Reta";"Urbano";2;1;0;0;1;0;0;2
83452853;"01/04/16";"Sexta";"23:50:00";"SC";280;"48";"GUARAMIRIM";"Outras";"Colisão Transversal";"Com Vítimas Feridas";"Plena noite";"Decrescente";"Nublado";"Simples";"Reta";"Urbano";3;0;0;2;0;1;2;2
83452854;"02/04/16";"Sábado";"01:30:00";"PR";376;"600";"CURITIBA";"Velocidade incompatível";"Queda de motocicleta / bicicleta / veículo";"Com Vítimas Feridas";"Amanhecer";"Decrescente";"Ignorada";"Dupla";"Reta";"Urbano";1;0;1;0;0;0;1;1
83452855;"02/04/16";"Sábado";"01:20:00";"PR";153;"83,5";"CONSELHEIRO MAIRINCK";"Falta de atenção";"Queda de motocicleta / bicicleta / veículo";"Com Vítimas Feridas";"Plena noite";"Decrescente";"Ceu Claro";"Simples";"Curva";"Rural";2;0;1;1;0;0;2;1
83452856;"01/04/16";"Sexta";"17:30:00";"GO";452;"70";"MAURILANDIA";"Velocidade incompatível";"Colisão Transversal";"Com Vítimas Fatais";"Pleno dia";"Decrescente";"Sol";"Simples";"Reta";"Rural";2;1;0;0;1;0;0;2
83452858;"02/04/16";"Sábado";"00:45:00";"RN";226;"1,2";"NATAL";"Outras";"Colisão com objeto fixo";"Com Vítimas Feridas";"Plena noite";"Crescente";"Ceu Claro";"Dupla";"Reta";"Urbano";1;0;0;1;0;0;1;1
83452859;"01/04/16";"Sexta";"21:30:00";"BA";324;"530";"FEIRA DE SANTANA";"Outras";"Queda de motocicleta / bicicleta / veículo";"Com Vítimas Feridas";"Plena noite";"Decrescente";"Nublado";"Dupla";"Curva";"Rural";1;0;1;0;0;0;1;1
83452860;"01/04/16";"Sexta";"21:05:00";"PR";376;"313,9";"ORTIGUEIRA";"Ingestão de álcool";"Tombamento";"Com Vítimas Feridas";"Plena noite";"Crescente";"Ceu Claro";"Simples";"Curva";"Rural";1;0;1;0;0;0;1;1
83452861;"01/04/16";"Sexta";"23:50:00";"PR";369;"232,4";"JANDAIA DO SUL";"Ingestão de álcool";"Saída de Pista";"Com Vítimas Feridas";"Plena noite";"Crescente";"Ceu Claro";"Simples";"Reta";"Rural";1;0;0;1;0;0;1;1
83452862;"02/04/16";"Sábado";"03:00:00";"PR";376;"659";"TIJUCAS DO SUL";"Falta de atenção";"Saída de Pista";"Sem Vítimas";"Plena noite";"Decrescente";"Ceu Claro";"Dupla";"Curva";"Rural";1;0;0;0;1;0;0;1
83452863;"02/04/16";"Sábado";"00:30:00";"RS";285;"401,4";"PANAMBI";"Animais na Pista";"Colisão frontal";"Sem Vítimas";"Plena noite";"Crescente";"Ceu Claro";"Simples";"Reta";"Rural";2;0;0;0;2;0;0;2
83452864;"01/04/16";"Sexta";"20:20:00";"PB";230;"30,4";"JOAO PESSOA";"Não guardar distância de segurança";"Colisão lateral";"Com Vítimas Feridas";"Plena noite";"Crescente";"Ceu Claro";"Dupla";"Curva";"Urbano";2;0;0;1;1;0;1;2
83452865;"30/03/16";"Quarta";"12:00:00";"PI";343;"522";"AMARANTE";"Defeito mecânico em veículo";"Saída de Pista";"Com Vítimas Feridas";"Pleno dia";"Crescente";"Nublado";"Simples";"Reta";"Rural";3;0;1;0;2;0;1;1
83452866;"02/04/16";"Sábado";"02:45:00";"MG";135;"387,9";"BOCAIUVA";"Velocidade incompatível";"Colisão traseira";"Com Vítimas Feridas";"Pleno dia";"Decrescente";"Ceu Claro";"Simples";"Curva";"Rural";4;0;1;0;3;0;1;3
83452868;"01/04/16";"Sexta";"22:50:00";"SE";101;"54,5";"CARMOPOLIS";"Defeito mecânico em veículo";"Capotamento";"Com Vítimas Feridas";"Plena noite";"Crescente";"Ceu Claro";"Simples";"Reta";"Rural";2;0;1;0;1;0;1;1
83452869;"02/04/16";"Sábado";"02:55:00";"MG";40;"507,3";"RIBEIRAO DAS NEVES";"Velocidade incompatível";"Capotamento";"Com Vítimas Feridas";"Plena noite";"Decrescente";"Ceu Claro";"Dupla";"Reta";"Urbano";1;0;0;1;0;0;1;1
83452870;"02/04/16";"Sábado";"02:05:00";"PR";376;"221";"CAMBIRA";"Ingestão de álcool";"Saída de Pista";"Com Vítimas Feridas";"Plena noite";"Crescente";"Ceu Claro";"Dupla";"Curva";"Rural";1;0;1;0;0;0;1;1
83452871;"02/04/16";"Sábado";"01:30:00";"RO";364;"263";"CACOAL";"Desobediência à sinalização";"Saída de Pista";"Com Vítimas Feridas";"Plena noite";"Decrescente";"Nublado";"Simples";"Reta";"Rural";1;0;0;1;0;0;1;1
83452872;"02/04/16";"Sábado";"02:30:00";"MT";364;"202";"RONDONOPOLIS";"Outras";"Colisão com objeto fixo";"Ignorado";"Plena noite";"Decrescente";"Ceu Claro";"Dupla";"Reta";"Urbano";1;0;0;0;0;1;0;1
83452873;"01/04/16";"Sexta";"22:20:00";"MG";50;"36,1";"ARAGUARI";"Velocidade incompatível";"Saída de Pista";"Com Vítimas Feridas";"Plena noite";"Crescente";"Ceu Claro";"Dupla";"Reta";"Urbano";1;0;1;0;0;0;1;1
83452874;"01/04/16";"Sexta";"23:05:00";"BA";101;"726,8";"EUNAPOLIS";"Falta de atenção";"Colisão traseira";"Com Vítimas Feridas";"Plena noite";"Crescente";"Ceu Claro";"Simples";"Reta";"Rural";4;0;0;1;2;1;1;3
83452875;"02/04/16";"Sábado";"04:15:00";"SC";101;"121,9";"ITAJAI";"Outras";"Colisão traseira";"Com Vítimas Feridas";"Plena noite";"Decrescente";"Nublado";"Dupla";"Reta";"Urbano";3;0;0;2;0;1;2;2
83452876;"02/04/16";"Sábado";"04:15:00";"PR";277;"723";"FOZ DO IGUACU";"Desobediência à sinalização";"Colisão Transversal";"Sem Vítimas";"Plena noite";"Crescente";"Ceu Claro";"Dupla";"Reta";"Urbano";2;0;0;0;1;1;0;2
83452877;"01/04/16";"Sexta";"21:00:00";"PA";316;"23";"BENEVIDES";"Falta de atenção";"Saída de Pista";"Sem Vítimas";"Plena noite";"Crescente";"Nublado";"Dupla";"Reta";"Urbano";2;0;0;0;2;0;0;2
83452878;"30/03/16";"Quarta";"18:20:00";"PI";135;"374";"BOM JESUS";"Animais na Pista";"Atropelamento de animal";"Com Vítimas Feridas";"Plena noite";"Crescente";"Ceu Claro";"Simples";"Reta";"Urbano";1;0;0;1;0;0;1;1
83452879;"01/04/16";"Sexta";"23:00:00";"PI";316;"311,3";"PICOS";"Falta de atenção";"Queda de motocicleta / bicicleta / veículo";"Com Vítimas Feridas";"Plena noite";"Decrescente";"Ceu Claro";"Dupla";"Reta";"Urbano";1;0;0;1;0;0;1;1
83452880;"02/04/16";"Sábado";"05:40:00";"RS";386;"349,6";"ESTRELA";"Dormindo";"Saída de Pista";"Ignorado";"Plena noite";"Decrescente";"Ceu Claro";"Dupla";"Curva";"Urbano";1;0;0;0;0;1;0;1
83452881;"01/04/16";"Sexta";"18:00:00";"GO";153;"398";"PIRENOPOLIS";"Outras";"Colisão traseira";"Com Vítimas Feridas";"Anoitecer";"Crescente";"Ceu Claro";"Simples";"Reta";"Rural";3;0;1;1;0;1;2;2
83452883;"01/04/16";"Sexta";"23:00:00";"PR";369;"86,2";"CORNELIO PROCOPIO";"Ingestão de álcool";"Colisão com objeto fixo";"Com Vítimas Feridas";"Plena noite";"Decrescente";"Ceu Claro";"Simples";"Reta";"Urbano";1;0;1;0;0;0;1;1
83452884;"02/04/16";"Sábado";"02:30:00";"PR";116;"7,5";"CAMPINA GRANDE DO SUL";"Ingestão de álcool";"Colisão frontal";"Com Vítimas Feridas";"Amanhecer";"Crescente";"Ceu Claro";"Dupla";"Reta";"Urbano";2;0;1;0;1;0;1;2
83452885;"02/04/16";"Sábado";"05:15:00";"SC";153;"61,3";"IRANI";"Falta de atenção";"Colisão lateral";"Sem Vítimas";"Plena noite";"Decrescente";"Ceu Claro";"Simples";"Curva";"Rural";2;0;0;0;1;1;0;2
83452886;"01/04/16";"Sexta";"14:45:00";"RJ";101;"230";"RIO BONITO";"Outras";"Saída de Pista";"Com Vítimas Feridas";"Pleno dia";"Crescente";"Nublado";"Dupla";"Reta";"Urbano";2;0;1;0;1;0;1;1
83452887;"01/04/16";"Sexta";"21:50:00";"SC";101;"224,9";"PALHOCA";"Falta de atenção";"Queda de motocicleta / bicicleta / veículo";"Com Vítimas Feridas";"Plena noite";"Crescente";"Ceu Claro";"Dupla";"Curva";"Rural";2;0;0;1;1;0;1;1
83452888;"02/04/16";"Sábado";"01:20:00";"PR";116;"109";"SAO JOSE DOS PINHAIS";"Outras";"Colisão frontal";"Com Vítimas Feridas";"Plena noite";"Crescente";"Nublado";"Dupla";"Reta";"Urbano";2;0;0;1;1;0;1;2
83452889;"02/04/16";"Sábado";"01:02:00";"CE";116;"481";"MILAGRES";"Outras";"Colisão com bicicleta";"Com Vítimas Feridas";"Plena noite";"Crescente";"Ceu Claro";"Simples";"Reta";"Urbano";2;0;1;0;0;1;1;2
83452890;"02/04/16";"Sábado";"06:00:00";"SC";101;"328,7";"CAPIVARI DE BAIXO";"Velocidade incompatível";"Colisão com objeto fixo";"Com Vítimas Feridas";"Amanhecer";"Crescente";"Nevoeiro/neblina";"Dupla";"Reta";"Urbano";1;0;1;0;0;0;1;1
83452891;"02/04/16";"Sábado";"05:30:00";"PE";101;"44";"IGARASSU";"Falta de atenção";"Colisão traseira";"Com Vítimas Feridas";"Amanhecer";"Crescente";"Ceu Claro";"Múltipla";"Reta";"Urbano";3;0;0;1;0;2;1;2
83452892;"01/04/16";"Sexta";"17:40:00";"SP";116;"114,2";"TAUBATE";"Outras";"Colisão traseira";"Com Vítimas Feridas";"Plena noite";"Decrescente";"Nublado";"Dupla";"Reta";"Urbano";6;0;1;0;4;1;1;4
83452893;"01/04/16";"Sexta";"23:27:00";"SC";470;"123,1";"IBIRAMA";"Velocidade incompatível";"Colisão com objeto fixo";"Com Vítimas Fatais";"Plena noite";"Crescente";"Ceu Claro";"Simples";"Curva";"Urbano";3;1;0;2;0;0;2;1
83452894;"01/04/16";"Sexta";"19:30:00";"MG";116;"469,9";"TARUMIRIM";"Outras";"Colisão frontal";"Com Vítimas Feridas";"Plena noite";"Decrescente";"Nublado";"Simples";"Cruzamento";"Urbano";3;0;1;1;1;0;2;2
83452895;"29/03/16";"Terça";"16:10:00";"ES";101;"268";"SERRA";"Falta de atenção";"Colisão lateral";"Com Vítimas Feridas";"Pleno dia";"Decrescente";"Ceu Claro";"Múltipla";"Reta";"Urbano";3;0;0;1;2;0;1;2
83452896;"02/04/16";"Sábado";"06:00:00";"MG";381;"613,4";"OLIVEIRA";"Outras";"Saída de Pista";"Sem Vítimas";"Pleno dia";"Decrescente";"Ceu Claro";"Dupla";"Reta";"Rural";1;0;0;0;1;0;0;1
83452897;"30/03/16";"Quarta";"02:00:00";"RN";101;"151,7";"GOIANINHA";"Dormindo";"Tombamento";"Ignorado";"Plena noite";"Decrescente";"Nublado";"Dupla";"Reta";"Rural";1;0;0;0;0;1;0;1
83452898;"02/04/16";"Sábado";"04:30:00";"MG";262;"42";"MANHUACU";"Velocidade incompatível";"Saída de Pista";"Com Vítimas Feridas";"Plena noite";"Decrescente";"Ceu Claro";"Simples";"Curva";"Rural";1;0;1;0;0;0;1;1
83452899;"02/04/16";"Sábado";"03:00:00";"GO";60;"303,3";"ACREUNA";"Ingestão de álcool";"Atropelamento de pessoa";"Com Vítimas Feridas";"Plena noite";"Crescente";"Ignorada";"Dupla";"Reta";"Urbano";2;0;0;1;1;0;1;1
83452900;"02/04/16";"Sábado";"04:45:00";"RR";174;"495,5";"BOA VISTA";"Ingestão de álcool";"Capotamento";"Com Vítimas Feridas";"Plena noite";"Decrescente";"Ceu Claro";"Simples";"Reta";"Urbano";2;0;1;1;0;0;2;1
83452901;"02/04/16";"Sábado";"07:10:00";"SP";101;"51,5";"UBATUBA";"Falta de atenção";"Colisão Transversal";"Com Vítimas Feridas";"Amanhecer";"Crescente";"Ceu Claro";"Simples";"Cruzamento";"Urbano";2;0;1;0;1;0;1;2
83452902;"28/03/16";"Segunda";"18:50:00";"SC";101;"368,8";"ICARA";"Outras";"Colisão frontal";"Com Vítimas Fatais";"Plena noite";"Decrescente";"Ceu Claro";"Dupla";"Reta";"Rural";7;5;2;0;0;0;2;2
83452903;"01/04/16";"Sexta";"16:50:00";"RJ";116;"297";"PORTO REAL";"Outras";"Colisão com objeto fixo";"Com Vítimas Feridas";"Pleno dia";"Decrescente";"Nublado";"Dupla";"Reta";"Rural";2;0;2;0;0;0;2;1
83452904;"26/02/16";"Sexta";"18:30:00";"PA";316;"0,3";"BELEM";"Não guardar distância de segurança";"Colisão lateral";"Sem Vítimas";"Anoitecer";"Crescente";"Ignorada";"Dupla";"Reta";"Urbano";2;0;0;0;2;0;0;2
83452905;"17/01/16";"Domingo";"07:30:00";"BA";420;"342,6";"JAGUAQUARA";"Velocidade incompatível";"Capotamento";"Com Vítimas Feridas";"Amanhecer";"Crescente";"Nublado";"Simples";"Curva";"Rural";1;0;1;0;0;0;1;1
83452906;"29/03/16";"Terça";"21:10:00";"MG";153;"133";"PRATA";"Não guardar distância de segurança";"Colisão traseira";"Com Vítimas Feridas";"Plena noite";"Decrescente";"Ceu Claro";"Simples";"Reta";"Rural";2;0;0;1;1;0;1;2
83452907;"26/03/16";"Sábado";"00:10:00";"RJ";101;"488";"ANGRA DOS REIS";"Ingestão de álcool";"Colisão Transversal";"Com Vítimas Feridas";"Plena noite";"Decrescente";"Chuva";"Simples";"Curva";"Urbano";7;0;3;1;3;0;4;2
83452908;"29/03/16";"Terça";"17:30:00";"RO";364;"76";"VILHENA";"Falta de atenção";"Colisão lateral";"Sem Vítimas";"Anoitecer";"Crescente";"Chuva";"Simples";"Reta";"Rural";3;0;0;0;3;0;0;2
83452909;"24/03/16";"Quinta";"17:00:00";"PE";428;"98";"SANTA MARIA DA BOA VISTA";"Velocidade incompatível";"Colisão lateral";"Sem Vítimas";"Pleno dia";"Crescente";"Ceu Claro";"Simples";"Reta";"Rural";3;0;0;0;3;0;0;3
83452910;"31/03/16";"Quinta";"22:30:00";"BA";324;"572";"SAO SEBASTIAO DO PASSE";"Falta de atenção";"Colisão traseira";"Com Vítimas Feridas";"Plena noite";"Crescente";"Ceu Claro";"Dupla";"Reta";"Rural";2;0;1;0;1;0;1;2
83452911;"30/03/16";"Quarta";"04:50:00";"RR";174;"505,2";"BOA VISTA";"Velocidade incompatível";"Saída de Pista";"Com Vítimas Feridas";"Plena noite";"Decrescente";"Ignorada";"Dupla";"Reta";"Urbano";1;0;0;1;0;0;1;1
83452912;"31/03/16";"Quinta";"21:30:00";"CE";222;"285,2";"FRECHEIRINHA";"Falta de atenção";"Colisão com bicicleta";"Com Vítimas Fatais";"Plena noite";"Decrescente";"Nublado";"Simples";"Reta";"Rural";2;1;0;0;1;0;0;2
83452913;"29/03/16";"Terça";"21:30:00";"PA";230;"117";"MARABA";"Outras";"Colisão com objeto fixo";"Sem Vítimas";"Plena noite";"Decrescente";"Ignorada";"Dupla";"Reta";"Urbano";1;0;0;0;1;0;0;1
83452914;"31/03/16";"Quinta";"22:30:00";"BA";324;"623";"SALVADOR";"Outras";"Colisão com objeto fixo";"Com Vítimas Fatais";"Plena noite";"Crescente";"Ceu Claro";"Dupla";"Reta";"Urbano";1;1;0;0;0;0;0;1
83452915;"27/03/16";"Domingo";"00:50:00";"MG";262;"66,1";"MATIPO";"Outras";"Saída de Pista";"Com Vítimas Feridas";"Plena noite";"Crescente";"Ceu Claro";"Simples";"Curva";"Rural";2;0;1;1;0;0;2;1
83452916;"02/04/16";"Sábado";"09:30:00";"RJ";101;"318";"SAO GONCALO";"Outras";"Saída de Pista";"Sem Vítimas";"Pleno dia";"Crescente";"Ceu Claro";"Dupla";"Reta";"Urbano";1;0;0;0;1;0;0;1
83452917;"02/04/16";"Sábado";"09:45:00";"SC";101;"417,5";"ARARANGUA";"Outras";"Colisão com objeto fixo";"Com Vítimas Feridas";"Pleno dia";"Crescente";"Sol";"Dupla";"Reta";"Urbano";2;0;0;2;0;0;2;1
83452918;"01/04/16";"Sexta";"22:00:00";"PE";232;"5";"RECIFE";"Outras";"Colisão lateral";"Com Vítimas Feridas";"Plena noite";"Crescente";"Ceu Claro";"Simples";"Curva";"Rural";2;0;0;1;1;0;1;2
83452920;"02/04/16";"Sábado";"04:00:00";"RJ";40;"87";"PETROPOLIS";"Ingestão de álcool";"Colisão com objeto fixo";"Com Vítimas Feridas";"Plena noite";"Decrescente";"Nublado";"Dupla";"Curva";"Rural";1;0;1;0;0;0;1;1