"id";"data_inversa";"dia_semana";"horario";"uf";"br";"km";"municipio";"causa_acidente";"tipo_acidente";"classificacao_acidente";"fase_dia";"sentido_via";"condicao_metereologica";"tipo_pista";"tracado_via";"uso_solo";"pessoas";"mortos";"feridos_leves";"feridos_graves";"ilesos";"ignorados";"feridos";"veiculos"
83453473;"02/04/16";"Sábado";"15:52:00";"SC";101;"119,5";"ITAJAI";"Ingestão de álcool";"Colisão com objeto fixo";"Sem Vítimas";"Pleno dia";"Decrescente";"Ceu Claro";"Simples";"Reta";"Urbano";1;0;0;0;1;0;0;1
83453474;"01/04/16";"Sexta";"05:30:00";"GO";20;"34";"FORMOSA";"Ultrapassagem indevida";"Colisão frontal";"Sem Vítimas";"Amanhecer";"Crescente";"Ceu Claro";"Simples";"Curva";"Rural";3;0;0;0;3;0;0;3
83453476;"04/04/16";"Segunda";"07:00:00";"PR";116;"121,3";"CURITIBA";"Não guardar distância de segurança";"Colisão lateral";"Com Vítimas Feridas";"Pleno dia";"Decrescente";"Ceu Claro";"Dupla";"Reta";"Urbano";4;0;1;1;1;1;2;3
83453477;"28/03/16";"Segunda";"04:50:00";"MG";262;"406,7";"IGARATINGA";"Dormindo";"Tombamento";"Sem Vítimas";"Plena noite";"Crescente";"Nublado";"Dupla";"Reta";"Rural";1;0;0;0;1;0;0;1
83453478;"31/03/16";"Quinta";"07:40:00";"BA";110;"368";"CATU";"Desobediência à sinalização";"Colisão lateral";"Com Vítimas Feridas";"Pleno dia";"Crescente";"Ceu Claro";"Simples";"Reta";"Urbano";2;0;1;0;1;0;1;2
83453479;"02/04/16";"Sábado";"11:20:00";"MG";40;"496";"ESMERALDAS";"Não guardar distância de segurança";"Colisão lateral";"Com Vítimas Feridas";"Pleno dia";"Crescente";"Ceu Claro";"Dupla";"Reta";"Rural";2;0;1;0;1;0;1;2
83453480;"01/04/16";"Sexta";"07:10:00";"MT";364;"309";"JACIARA";"Dormindo";"Capotamento";"Sem Vítimas";"Pleno dia";"Crescente";"Ceu Claro";"Dupla";"Reta";"Rural";1;0;0;0;1;0;0;1
83453481;"31/03/16";"Quinta";"18:25:00";"MG";267;"73,2";"JUIZ DE FORA";"Falta de atenção";"Colisão Transversal";"Sem Vítimas";"Anoitecer";"Crescente";"Ceu Claro";"Simples";"Curva";"Rural";2;0;0;0;2;0;0;2
83453482;"04/04/16";"Segunda";"05:50:00";"RJ";116;"187";"NOVA IGUACU";"Animais na Pista";"Atropelamento de animal";"Sem Vítimas";"Amanhecer";"Decrescente";"Ceu Claro";"Múltipla";"Reta";"Rural";1;0;0;0;1;0;0;1
83453483;"28/03/16";"Segunda";"12:35:00";"PR";476;"128,5";"CURITIBA";"Desobediência à sinalização";"Colisão com bicicleta";"Com Vítimas Feridas";"Pleno dia";"Crescente";"Sol";"Simples";"Curva";"Urbano";2;0;1;0;1;0;1;2
83453484;"04/04/16";"Segunda";"09:00:00";"AL";316;"244,3";"ATALAIA";"Falta de atenção";"Colisão Transversal";"Sem Vítimas";"Pleno dia";"Crescente";"Nublado";"Simples";"Cruzamento";"Urbano";2;0;0;0;2;0;0;2
83453485;"04/04/16";"Segunda";"06:10:00";"SP";116;"511,3";"CAJATI";"Velocidade incompatível";"Colisão com objeto fixo";"Sem Vítimas";"Amanhecer";"Crescente";"Chuva";"Simples";"Curva";"Rural";1;0;0;0;1;0;0;1
83453486;"04/04/16";"Segunda";"08:00:00";"PR";476;"130,7";"CURITIBA";"Falta de atenção";"Colisão com bicicleta";"Sem Vítimas";"Pleno dia";"Crescente";"Ceu Claro";"Múltipla";"Reta";"Urbano";2;0;0;0;1;1;0;2
83453487;"31/03/16";"Quinta";"17:10:00";"PI";404;"38,3";"PEDRO II";"Ingestão de álcool";"Colisão Transversal";"Com Vítimas Feridas";"Anoitecer";"Decrescente";"Ceu Claro";"Simples";"Reta";"Rural";3;0;0;3;0;0;3;2
83453488;"04/04/16";"Segunda";"08:30:00";"PR";376;"666,2";"GUARATUBA";"Velocidade incompatível";"Capotamento";"Sem Vítimas";"Pleno dia";"Decrescente";"Nevoeiro/neblina";"Dupla";"Curva";"Rural";1;0;0;0;1;0;0;1
83453489;"04/04/16";"Segunda";"06:20:00";"SP";116;"517,8";"CAJATI";"Velocidade incompatível";"Colisão com objeto fixo";"Sem Vítimas";"Amanhecer";"Decrescente";"Chuva";"Simples";"Curva";"Rural";1;0;0;0;1;0;0;1
83453490;"01/04/16";"Sexta";"04:00:00";"SC";282;"89,6";"ALFREDO WAGNER";"Animais na Pista";"Saída de Pista";"Com Vítimas Feridas";"Plena noite";"Decrescente";"Ceu Claro";"Simples";"Reta";"Rural";3;0;2;0;1;0;2;1
83453491;"31/03/16";"Quinta";"19:05:00";"MA";222;"401,4";"SANTA LUZIA";"Outras";"Colisão frontal";"Com Vítimas Fatais";"Plena noite";"Crescente";"Nublado";"Simples";"Curva";"Rural";2;1;0;0;0;1;0;2
83453492;"01/04/16";"Sexta";"02:50:00";"MG";262;"66,8";"MATIPO";"Falta de atenção";"Atropelamento de pessoa";"Com Vítimas Fatais";"Amanhecer";"Decrescente";"Nublado";"Simples";"Reta";"Rural";2;1;0;0;0;1;0;1
83453493;"04/04/16";"Segunda";"08:20:00";"MG";40;"560";"NOVA LIMA";"Outras";"Queda de motocicleta / bicicleta / veículo";"Com Vítimas Feridas";"Pleno dia";"Crescente";"Sol";"Dupla";"Reta";"Urbano";1;0;1;0;0;0;1;1
83453494;"04/04/16";"Segunda";"08:30:00";"PR";376;"664,3";"GUARATUBA";"Velocidade incompatível";"Saída de Pista";"Sem Vítimas";"Pleno dia";"Decrescente";"Chuva";"Dupla";"Curva";"Rural";1;0;0;0;1;0;0;1
83453495;"04/04/16";"Segunda";"07:00:00";"MS";163;"563";"BANDEIRANTES";"Defeito mecânico em veículo";"Queda de motocicleta / bicicleta / veículo";"Com Vítimas Feridas";"Pleno dia";"Decrescente";"Ceu Claro";"Simples";"Reta";"Rural";2;0;2;0;0;0;2;1
83453496;"04/04/16";"Segunda";"09:40:00";"MG";116;"411,8";"GOVERNADOR VALADARES";"Não guardar distância de segurança";"Colisão traseira";"Com Vítimas Feridas";"Pleno dia";"Decrescente";"Sol";"Dupla";"Reta";"Urbano";2;0;1;0;1;0;1;2
83453497;"01/04/16";"Sexta";"08:00:00";"RJ";116;"170";"SAO JOAO DE MERITI";"Não guardar distância de segurança";"Queda de motocicleta / bicicleta / veículo";"Com Vítimas Fatais";"Pleno dia";"Crescente";"Ignorada";"Múltipla";"Reta";"Urbano";3;1;0;0;2;0;0;3
83453498;"04/04/16";"Segunda";"10:20:00";"SC";282;"208,3";"LAGES";"Falta de atenção";"Colisão lateral";"Sem Vítimas";"Pleno dia";"Crescente";"Nublado";"Simples";"Reta";"Rural";2;0;0;0;2;0;0;2
83453499;"04/04/16";"Segunda";"06:00:00";"RN";101;"9,9";"TOUROS";"Dormindo";"Colisão lateral";"Com Vítimas Feridas";"Amanhecer";"Decrescente";"Nublado";"Simples";"Reta";"Rural";3;0;1;1;1;0;2;2
83453500;"28/03/16";"Segunda";"17:00:00";"MG";381;"940,9";"EXTREMA";"Velocidade incompatível";"Saída de Pista";"Sem Vítimas";"Pleno dia";"Crescente";"Chuva";"Dupla";"Curva";"Rural";1;0;0;0;1;0;0;1
83453502;"31/03/16";"Quinta";"18:50:00";"RS";392;"10";"RIO GRANDE";"Outras";"Tombamento";"Com Vítimas Feridas";"Anoitecer";"Crescente";"Nublado";"Dupla";"Reta";"Urbano";1;0;1;0;0;0;1;1
83453503;"01/04/16";"Sexta";"21:00:00";"SP";381;"22";"BRAGANCA PAULISTA";"Outras";"Capotamento";"Sem Vítimas";"Plena noite";"Decrescente";"Ceu Claro";"Múltipla";"Curva";"Urbano";1;0;0;0;1;0;0;1
83453504;"01/04/16";"Sexta";"22:00:00";"AP";156;"445";"TARTARUGALZINHO";"Velocidade incompatível";"Colisão frontal";"Com Vítimas Feridas";"Plena noite";"Crescente";"Ignorada";"Simples";"Reta";"Urbano";2;0;0;1;1;0;1;2
83453506;"15/03/16";"Terça";"16:10:00";"RJ";393;"175";"TRES RIOS";"Outras";"Tombamento";"Sem Vítimas";"Pleno dia";"Decrescente";"Ceu Claro";"Simples";"Curva";"Urbano";1;0;0;0;1;0;0;1
83453508;"30/03/16";"Quarta";"14:00:00";"MG";116;"529";"CARATINGA";"Falta de atenção";"Colisão Transversal";"Com Vítimas Feridas";"Pleno dia";"Decrescente";"Sol";"Dupla";"Reta";"Urbano";2;0;2;0;0;0;2;2
83453509;"02/04/16";"Sábado";"12:05:00";"SC";101;"115,5";"ITAJAI";"Falta de atenção";"Colisão lateral";"Com Vítimas Feridas";"Pleno dia";"Crescente";"Ceu Claro";"Dupla";"Reta";"Urbano";2;0;1;0;1;0;1;2
83453511;"01/04/16";"Sexta";"03:30:00";"SP";116;"348";"MIRACATU";"Não guardar distância de segurança";"Colisão traseira";"Com Vítimas Feridas";"Plena noite";"Crescente";"Nublado";"Dupla";"Curva";"Rural";2;0;1;0;1;0;1;2
83453512;"31/03/16";"Quinta";"21:30:00";"AP";210;"101";"PORTO GRANDE";"Dormindo";"Tombamento";"Com Vítimas Feridas";"Plena noite";"Decrescente";"Nublado";"Simples";"Reta";"Urbano";1;0;0;1;0;0;1;1
83453513;"04/04/16";"Segunda";"06:15:00";"PR";116;"161,8";"QUITANDINHA";"Outras";"Colisão frontal";"Com Vítimas Fatais";"Amanhecer";"Crescente";"Nublado";"Simples";"Reta";"Rural";4;1;0;3;0;0;3;2
83453514;"03/04/16";"Domingo";"06:00:00";"MG";116;"97,2";"ITAOBIM";"Outras";"Tombamento";"Sem Vítimas";"Pleno dia";"Crescente";"Sol";"Simples";"Curva";"Rural";1;0;0;0;1;0;0;1
83453515;"26/03/16";"Sábado";"14:50:00";"PR";116;"66";"QUATRO BARRAS";"Falta de atenção";"Colisão lateral";"Sem Vítimas";"Pleno dia";"Decrescente";"Ceu Claro";"Simples";"Curva";"Rural";2;0;0;0;2;0;0;2
83453516;"31/03/16";"Quinta";"19:55:00";"SP";116;"279,1";"EMBU";"Outras";"Colisão com objeto fixo";"Com Vítimas Feridas";"Plena noite";"Crescente";"Ceu Claro";"Dupla";"Reta";"Urbano";2;0;1;0;1;0;1;1
83453517;"04/04/16";"Segunda";"07:15:00";"SC";282;"2,9";"FLORIANOPOLIS";"Não guardar distância de segurança";"Colisão lateral";"Com Vítimas Feridas";"Pleno dia";"Decrescente";"Nublado";"Dupla";"Curva";"Urbano";3;0;2;0;1;0;2;2
83453518;"04/04/16";"Segunda";"10:30:00";"TO";153;"649,3";"GURUPI";"Ultrapassagem indevida";"Colisão frontal";"Com Vítimas Feridas";"Pleno dia";"Decrescente";"Sol";"Simples";"Reta";"Rural";5;0;3;1;1;0;4;2
83453519;"31/03/16";"Quinta";"11:30:00";"SE";101;"148";"ESTANCIA";"Não guardar distância de segurança";"Colisão traseira";"Sem Vítimas";"Pleno dia";"Crescente";"Ceu Claro";"Simples";"Reta";"Rural";2;0;0;0;2;0;0;2
83453520;"01/04/16";"Sexta";"19:30:00";"MG";40;"722";"BARBACENA";"Velocidade incompatível";"Saída de Pista";"Com Vítimas Feridas";"Plena noite";"Decrescente";"Nublado";"Dupla";"Curva";"Urbano";4;0;3;0;1;0;3;1
83453521;"04/04/16";"Segunda";"06:40:00";"RJ";101;"324";"NITEROI";"Outras";"Colisão lateral";"Com Vítimas Feridas";"Pleno dia";"Crescente";"Ceu Claro";"Dupla";"Reta";"Urbano";5;0;2;0;0;3;2;4
83453522;"04/04/16";"Segunda";"07:58:00";"SP";153;"61,7";"SAO JOSE DO RIO PRETO";"Falta de atenção";"Colisão lateral";"Com Vítimas Feridas";"Pleno dia";"Crescente";"Sol";"Dupla";"Reta";"Urbano";2;0;2;0;0;0;2;2
83453523;"04/04/16";"Segunda";"08:20:00";"PR";277;"601,5";"CASCAVEL";"Falta de atenção";"Capotamento";"Sem Vítimas";"Pleno dia";"Decrescente";"Sol";"Dupla";"Reta";"Rural";2;0;0;0;2;0;0;1
83453524;"04/04/16";"Segunda";"12:00:00";"PB";101;"110,4";"ALHANDRA";"Outras";"Tombamento";"Sem Vítimas";"Pleno dia";"Crescente";"Nublado";"Dupla";"Reta";"Urbano";1;0;0;0;1;0;0;1
83453525;"04/04/16";"Segunda";"09:40:00";"PE";232;"141,6";"SAO CAITANO";"Outras";"Colisão lateral";"Com Vítimas Feridas";"Pleno dia";"Crescente";"Sol";"Dupla";"Reta";"Rural";2;0;1;0;1;0;1;2
83453526;"01/04/16";"Sexta";"23:10:00";"MG";381;"930";"ITAPEVA";"Velocidade incompatível";"Tombamento";"Sem Vítimas";"Plena noite";"Crescente";"Nublado";"Simples";"Curva";"Urbano";1;0;0;0;1;0;0;1
83453527;"04/04/16";"Segunda";"08:40:00";"MT";364;"190";"RONDONOPOLIS";"Ingestão de álcool";"Colisão frontal";"Com Vítimas Feridas";"Pleno dia";"Crescente";"Ceu Claro";"Simples";"Curva";"Rural";3;0;1;0;2;0;1;3
83453528;"01/04/16";"Sexta";"03:00:00";"MG";262;"66,7";"MATIPO";"Outras";"Colisão frontal";"Com Vítimas Feridas";"Amanhecer";"Decrescente";"Nublado";"Simples";"Reta";"Rural";6;0;1;4;1;0;5;2
83453529;"04/04/16";"Segunda";"05:15:00";"PB";230;"154,9";"CAMPINA GRANDE";"Defeito mecânico em veículo";"Colisão Transversal";"Com Vítimas Feridas";"Amanhecer";"Decrescente";"Ceu Claro";"Simples";"Reta";"Urbano";2;0;0;1;1;0;1;2
83453530;"04/04/16";"Segunda";"11:30:00";"GO";60;"8,8";"HIDROLANDIA";"Defeito mecânico em veículo";"Colisão traseira";"Sem Vítimas";"Pleno dia";"Decrescente";"Ceu Claro";"Dupla";"Reta";"Urbano";2;0;0;0;2;0;0;2
83453531;"04/04/16";"Segunda";"10:50:00";"MA";316;"535";"CAXIAS";"Defeito mecânico em veículo";"Saída de Pista";"Com Vítimas Feridas";"Pleno dia";"Crescente";"Ceu Claro";"Simples";"Reta";"Rural";2;0;1;0;1;0;1;1
83453532;"04/04/16";"Segunda";"12:50:00";"MA";316;"547,5";"CAXIAS";"Outras";"Saída de Pista";"Sem Vítimas";"Pleno dia";"Decrescente";"Chuva";"Simples";"Reta";"Urbano";3;0;0;0;3;0;0;1
83453533;"04/04/16";"Segunda";"10:30:00";"SC";280;"98";"CORUPA";"Defeito mecânico em veículo";"Saída de Pista";"Com Vítimas Feridas";"Pleno dia";"Decrescente";"Nublado";"Simples";"Curva";"Rural";1;0;1;0;0;0;1;1
83453534;"30/03/16";"Quarta";"22:20:00";"MT";364;"277";"JACIARA";"Velocidade incompatível";"Colisão lateral";"Com Vítimas Feridas";"Pleno dia";"Crescente";"Ceu Claro";"Simples";"Curva";"Rural";2;0;2;0;0;0;2;2
83453535;"31/03/16";"Quinta";"11:30:00";"PR";116;"109";"CURITIBA";"Não guardar distância de segurança";"Saída de Pista";"Sem Vítimas";"Pleno dia";"Crescente";"Nublado";"Dupla";"Reta";"Rural";1;0;0;0;1;0;0;1
83453536;"04/04/16";"Segunda";"10:45:00";"MG";381;"501";"BETIM";"Velocidade incompatível";"Tombamento";"Sem Vítimas";"Pleno dia";"Decrescente";"Sol";"Dupla";"Cruzamento";"Rural";1;0;0;0;1;0;0;1
83453537;"04/04/16";"Segunda";"10:15:00";"PR";116;"15";"CAMPINA GRANDE DO SUL";"Velocidade incompatível";"Saída de Pista";"Com Vítimas Feridas";"Pleno dia";"Crescente";"Chuva";"Dupla";"Curva";"Rural";4;0;3;0;1;0;3;1
83453538;"31/03/16";"Quinta";"00:20:00";"PA";155;"337,7";"MARABA";"Falta de atenção";"Colisão traseira";"Com Vítimas Feridas";"Plena noite";"Crescente";"Ceu Claro";"Simples";"Reta";"Rural";4;0;0;2;2;0;2;2
83453539;"04/04/16";"Segunda";"08:00:00";"RS";290;"102";"PORTO ALEGRE";"Não guardar distância de segurança";"Colisão traseira";"Com Vítimas Feridas";"Pleno dia";"Decrescente";"Ceu Claro";"Dupla";"Reta";"Urbano";2;0;1;0;1;0;1;2
83453540;"04/04/16";"Segunda";"11:45:00";"SC";101;"132";"BALNEARIO CAMBORIU";"Falta de atenção";"Colisão traseira";"Com Vítimas Fatais";"Pleno dia";"Crescente";"Ceu Claro";"Dupla";"Reta";"Urbano";4;1;0;1;2;0;1;3
83453541;"04/04/16";"Segunda";"10:05:00";"SC";280;"157,2";"MAFRA";"Desobediência à sinalização";"Colisão lateral";"Sem Vítimas";"Pleno dia";"Decrescente";"Ceu Claro";"Simples";"Reta";"Rural";2;0;0;0;2;0;0;2
83453542;"04/04/16";"Segunda";"10:15:00";"MG";381;"328";"NOVA ERA";"Velocidade incompatível";"Colisão com objeto fixo";"Com Vítimas Fatais";"Pleno dia";"Crescente";"Ceu Claro";"Dupla";"Curva";"Urbano";1;1;0;0;0;0;0;1
83453543;"04/04/16";"Segunda";"09:05:00";"PE";424;"51,1";"CAETES";"Falta de atenção";"Colisão frontal";"Com Vítimas Fatais";"Pleno dia";"Decrescente";"Ceu Claro";"Simples";"Curva";"Rural";3;1;0;1;1;0;1;2
83453544;"04/04/16";"Segunda";"11:10:00";"BA";116;"420";"FEIRA DE SANTANA";"Falta de atenção";"Colisão Transversal";"Com Vítimas Feridas";"Pleno dia";"Crescente";"Sol";"Simples";"Reta";"Urbano";3;0;1;1;1;0;2;2
83453546;"18/03/16";"Sexta";"21:00:00";"RR";174;"503";"BOA VISTA";"Falta de atenção";"Colisão com bicicleta";"Com Vítimas Feridas";"Plena noite";"Decrescente";"Ceu Claro";"Dupla";"Reta";"Urbano";2;0;1;0;1;0;1;2
83453547;"04/04/16";"Segunda";"11:50:00";"PE";232;"111,2";"BEZERROS";"Dormindo";"Saída de Pista";"Sem Vítimas";"Pleno dia";"Decrescente";"Ceu Claro";"Dupla";"Curva";"Urbano";1;0;0;0;1;0;0;1
83453548;"04/04/16";"Segunda";"11:30:00";"MG";40;"750,9";"SANTOS DUMONT";"Velocidade incompatível";"Capotamento";"Sem Vítimas";"Pleno dia";"Decrescente";"Ceu Claro";"Dupla";"Curva";"Rural";1;0;0;0;1;0;0;1
83453549;"04/04/16";"Segunda";"10:15:00";"ES";101;"268";"SERRA";"Falta de atenção";"Queda de motocicleta / bicicleta / veículo";"Com Vítimas Feridas";"Pleno dia";"Decrescente";"Sol";"Dupla";"Reta";"Urbano";1;0;1;0;0;0;1;1
83453550;"31/03/16";"Quinta";"04:45:00";"PR";376;"513,6";"PONTA GROSSA";"Defeito mecânico em veículo";"Incêndio";"Sem Vítimas";"Plena noite";"Crescente";"Ceu Claro";"Dupla";"Reta";"Rural";1;0;0;0;1;0;0;1
83453551;"01/04/16";"Sexta";"08:30:00";"RO";364;"496";"ARIQUEMES";"Não guardar distância de segurança";"Colisão traseira";"Com Vítimas Feridas";"Pleno dia";"Decrescente";"Nublado";"Simples";"Reta";"Rural";5;0;2;0;3;0;2;2
83453553;"01/04/16";"Sexta";"04:45:00";"PR";376;"90,6";"PARANAVAI";"Falta de atenção";"Colisão Transversal";"Com Vítimas Fatais";"Plena noite";"Crescente";"Ignorada";"Simples";"Reta";"Rural";8;2;0;3;3;0;3;2
83453554;"04/04/16";"Segunda";"13:00:00";"PE";316;"62,9";"TRINDADE";"Outras";"Queda de motocicleta / bicicleta / veículo";"Com Vítimas Feridas";"Pleno dia";"Decrescente";"Ceu Claro";"Simples";"Reta";"Rural";1;0;0;1;0;0;1;1
83453555;"04/04/16";"Segunda";"12:45:00";"MS";163;"258,8";"DOURADOS";"Defeito mecânico em veículo";"Queda de motocicleta / bicicleta / veículo";"Com Vítimas Feridas";"Pleno dia";"Decrescente";"Sol";"Dupla";"Reta";"Rural";2;0;0;2;0;0;2;1
83453556;"31/03/16";"Quinta";"13:00:00";"TO";153;"137";"ARAGUAINA";"Falta de atenção";"Colisão lateral";"Sem Vítimas";"Pleno dia";"Crescente";"Ceu Claro";"Dupla";"Reta";"Urbano";2;0;0;0;2;0;0;2
83453558;"04/04/16";"Segunda";"10:50:00";"MT";364;"242";"JUSCIMEIRA";"Falta de atenção";"Colisão traseira";"Sem Vítimas";"Pleno dia";"Decrescente";"Ceu Claro";"Simples";"Reta";"Rural";2;0;0;0;2;0;0;2
83453559;"27/03/16";"Domingo";"15:00:00";"ES";262;"178";"IBATIBA";"Desobediência à sinalização";"Colisão frontal";"Com Vítimas Feridas";"Pleno dia";"Crescente";"Ceu Claro";"Simples";"Curva";"Rural";6;0;1;3;2;0;4;2
83453560;"31/03/16";"Quinta";"07:30:00";"PA";155;"344";"MARABA";"Falta de atenção";"Colisão frontal";"Com Vítimas Feridas";"Pleno dia";"Crescente";"Sol";"Simples";"Reta";"Urbano";2;0;1;0;1;0;1;2
83453561;"04/04/16";"Segunda";"13:40:00";"SE";101;"77";"LARANJEIRAS";"Falta de atenção";"Colisão Transversal";"Com Vítimas Feridas";"Pleno dia";"Decrescente";"Chuva";"Simples";"Reta";"Rural";3;0;1;1;1;0;2;2
83453562;"04/04/16";"Segunda";"12:30:00";"BA";116;"812,2";"VITORIA DA CONQUISTA";"Outras";"Colisão lateral";"Com Vítimas Feridas";"Pleno dia";"Decrescente";"Sol";"Simples";"Reta";"Rural";2;0;0;1;1;0;1;2
83453563;"04/04/16";"Segunda";"13:00:00";"MG";135;"665";"CURVELO";"Falta de atenção";"Colisão traseira";"Sem Vítimas";"Pleno dia";"Decrescente";"Sol";"Dupla";"Reta";"Rural";2;0;0;0;2;0;0;2
83453564;"04/04/16";"Segunda";"11:30:00";"MG";40;"698";"BARBACENA";"Falta de atenção";"Colisão traseira";"Com Vítimas Feridas";"Pleno dia";"Decrescente";"Ceu Claro";"Simples";"Curva";"Rural";2;0;2;0;0;0;2;2
83453566;"04/04/16";"Segunda";"14:00:00";"MG";40;"688,3";"RESSAQUINHA";"Dormindo";"Saída de Pista";"Sem Vítimas";"Pleno dia";"Decrescente";"Sol";"Simples";"Reta";"Rural";1;0;0;0;1;0;0;1
83453567;"31/03/16";"Quinta";"15:15:00";"PR";116;"102";"SAO JOSE DOS PINHAIS";"Não guardar distância de segurança";"Colisão traseira";"Sem Vítimas";"Pleno dia";"Crescente";"Ceu Claro";"Dupla";"Reta";"Rural";3;0;0;0;3;0;0;3
83453568;"04/04/16";"Segunda";"15:40:00";"PR";163;"80,5";"PLANALTO";"Outras";"Saída de Pista";"Sem Vítimas";"Pleno dia";"Crescente";"Ceu Claro";"Simples";"Curva";"Rural";1;0;0;0;1;0;0;1
83453569;"03/04/16";"Domingo";"15:30:00";"SP";153;"10";"ICEM";"Defeito mecânico em veículo";"Colisão com objeto móvel";"Sem Vítimas";"Pleno dia";"Decrescente";"Sol";"Simples";"Reta";"Rural";2;0;0;0;2;0;0;2
83453570;"04/04/16";"Segunda";"14:45:00";"SC";101;"202,7";"SAO JOSE";"Falta de atenção";"Colisão Transversal";"Com Vítimas Feridas";"Pleno dia";"Crescente";"Nublado";"Múltipla";"Reta";"Urbano";2;0;1;0;0;1;1;2
83453571;"04/04/16";"Segunda";"15:00:00";"PE";423;"97";"GARANHUNS";"Falta de atenção";"Colisão traseira";"Sem Vítimas";"Pleno dia";"Crescente";"Ceu Claro";"Simples";"Reta";"Urbano";2;0;0;0;2;0;0;2
83453572;"04/04/16";"Segunda";"14:30:00";"PR";277;"10,5";"PARANAGUA";"Defeito mecânico em veículo";"Saída de Pista";"Sem Vítimas";"Pleno dia";"Decrescente";"Sol";"Dupla";"Reta";"Rural";1;0;0;0;1;0;0;1
83453573;"04/04/16";"Segunda";"12:20:00";"BA";116;"808";"VITORIA DA CONQUISTA";"Outras";"Saída de Pista";"Com Vítimas Feridas";"Pleno dia";"Decrescente";"Ceu Claro";"Simples";"Reta";"Rural";2;0;2;0;0;0;2;1
83453574;"04/04/16";"Segunda";"13:00:00";"RJ";101;"502";"ANGRA DOS REIS";"Outras";"Colisão frontal";"Com Vítimas Feridas";"Pleno dia";"Crescente";"Ceu Claro";"Simples";"Reta";"Rural";3;0;1;1;1;0;2;2
83453575;"02/04/16";"Sábado";"22:40:00";"BA";116;"726,5";"BOA NOVA";"Outras";"Colisão lateral";"Sem Vítimas";"Plena noite";"Crescente";"Nublado";"Simples";"Reta";"Rural";2;0;0;0;2;0;0;2
83453576;"04/04/16";"Segunda";"13:00:00";"CE";20;"413,3";"MARACANAU";"Outras";"Colisão frontal";"Com Vítimas Feridas";"Pleno dia";"Crescente";"Nublado";"Simples";"Reta";"Urbano";2;0;0;1;1;0;1;2
83453577;"04/04/16";"Segunda";"14:45:00";"SC";116;"173,1";"SAO CRISTOVAO DO SUL";"Velocidade incompatível";"Colisão com objeto fixo";"Sem Vítimas";"Pleno dia";"Decrescente";"Ceu Claro";"Simples";"Curva";"Rural";1;0;0;0;1;0;0;1
83453578;"02/04/16";"Sábado";"03:00:00";"CE";116;"525,4";"JATI";"Outras";"Colisão frontal";"Com Vítimas Fatais";"Plena noite";"Decrescente";"Nublado";"Simples";"Reta";"Urbano";3;1;0;1;1;0;1;2
83453579;"04/04/16";"Segunda";"08:50:00";"PR";116;"15,5";"CAMPINA GRANDE DO SUL";"Velocidade incompatível";"Tombamento";"Sem Vítimas";"Pleno dia";"Crescente";"Chuva";"Dupla";"Reta";"Rural";3;0;0;0;3;0;0;1
83453581;"04/04/16";"Segunda";"10:50:00";"SP";116;"203,8";"ARUJA";"Não guardar distância de segurança";"Colisão lateral";"Sem Vítimas";"Pleno dia";"Crescente";"Ceu Claro";"Dupla";"Reta";"Rural";2;0;0;0;2;0;0;2
83453582;"01/04/16";"Sexta";"07:25:00";"MG";381;"549,6";"ITATIAIUCU";"Defeito mecânico em veículo";"Capotamento";"Sem Vítimas";"Pleno dia";"Decrescente";"Ceu Claro";"Dupla";"Curva";"Rural";1;0;0;0;1;0;0;1
83453583;"04/04/16";"Segunda";"16:50:00";"RJ";101;"313";"SAO GONCALO";"Não guardar distância de segurança";"Colisão lateral";"Sem Vítimas";"Anoitecer";"Decrescente";"Ceu Claro";"Dupla";"Reta";"Urbano";2;0;0;0;1;1;0;2
83453584;"04/04/16";"Segunda";"16:40:00";"ES";101;"150,1";"LINHARES";"Outras";"Queda de motocicleta / bicicleta / veículo";"Com Vítimas Feridas";"Pleno dia";"Decrescente";"Ceu Claro";"Simples";"Curva";"Urbano";1;0;0;1;0;0;1;1
83453585;"04/04/16";"Segunda";"17:10:00";"AL";316;"145,3";"PALMEIRA DOS INDIOS";"Ingestão de álcool";"Colisão Transversal";"Com Vítimas Feridas";"Anoitecer";"Crescente";"Ceu Claro";"Simples";"Reta";"Urbano";3;0;0;1;1;1;1;3
83453586;"04/04/16";"Segunda";"16:00:00";"BA";110;"368";"CATU";"Falta de atenção";"Colisão traseira";"Sem Vítimas";"Pleno dia";"Crescente";"Sol";"Simples";"Reta";"Urbano";2;0;0;0;2;0;0;2
83453587;"31/03/16";"Quinta";"08:00:00";"SP";459;"22";"LORENA";"Defeito na via";"Queda de motocicleta / bicicleta / veículo";"Com Vítimas Feridas";"Pleno dia";"Decrescente";"Ceu Claro";"Simples";"Reta";"Rural";1;0;1;0;0;0;1;1
83453588;"04/04/16";"Segunda";"17:40:00";"RS";116;"235";"ESTANCIA VELHA";"Não guardar distância de segurança";"Colisão traseira";"Com Vítimas Feridas";"Pleno dia";"Crescente";"Ceu Claro";"Dupla";"Reta";"Urbano";2;0;1;0;1;0;1;2
83453589;"04/04/16";"Segunda";"15:00:00";"SC";280;"98,5";"CORUPA";"Falta de atenção";"Tombamento";"Com Vítimas Feridas";"Pleno dia";"Crescente";"Nevoeiro/neblina";"Simples";"Reta";"Urbano";1;0;1;0;0;0;1;1