"id";"data_inversa";"dia_semana";"horario";"uf";"br";"km";"municipio";"causa_acidente";"tipo_acidente";"classificacao_acidente";"fase_dia";"sentido_via";"condicao_metereologica";"tipo_pista";"tracado_via";"uso_solo";"pessoas";"mortos";"feridos_leves";"feridos_graves";"ilesos";"ignorados";"feridos";"veiculos"
83453699;"04/04/16";"Segunda";"12:20:00";"RJ";116;"314";"ITATIAIA";"Outras";"Capotamento";"Com Vítimas Feridas";"Pleno dia";"Crescente";"Ceu Claro";"Dupla";"Reta";"Rural";2;0;0;1;1;0;1;2
83453700;"28/03/16";"Segunda";"12:15:00";"PE";101;"69";"RECIFE";"Não guardar distância de segurança";"Colisão traseira";"Sem Vítimas";"Pleno dia";"Crescente";"Sol";"Dupla";"Reta";"Urbano";2;0;0;0;2;0;0;2
83453701;"05/04/16";"Terça";"05:00:00";"RS";470;"227,5";"GARIBALDI";"Dormindo";"Saída de Pista";"Com Vítimas Fatais";"Plena noite";"Crescente";"Ceu Claro";"Simples";"Curva";"Rural";1;1;0;0;0;0;0;1
83453702;"01/04/16";"Sexta";"14:50:00";"ES";101;"261,2";"SERRA";"Outras";"Queda de motocicleta / bicicleta / veículo";"Com Vítimas Fatais";"Pleno dia";"Decrescente";"Ignorada";"Simples";"Reta";"Urbano";3;1;0;0;2;0;0;3
83453703;"01/04/16";"Sexta";"23:30:00";"CE";222;"5,5";"CAUCAIA";"Falta de atenção";"Colisão com objeto fixo";"Sem Vítimas";"Plena noite";"Crescente";"Chuva";"Múltipla";"Reta";"Urbano";1;0;0;0;1;0;0;1
83453704;"04/04/16";"Segunda";"21:00:00";"SP";116;"221";"GUARULHOS";"Velocidade incompatível";"Colisão traseira";"Sem Vítimas";"Plena noite";"Decrescente";"Ceu Claro";"Múltipla";"Reta";"Urbano";2;0;0;0;2;0;0;2
83453705;"02/04/16";"Sábado";"03:45:00";"GO";60;"172";"GOIANIA";"Outras";"Capotamento";"Ignorado";"Plena noite";"Decrescente";"Ceu Claro";"Múltipla";"Reta";"Urbano";1;0;0;0;0;1;0;1
83453706;"05/04/16";"Terça";"02:20:00";"MG";262;"163";"SAO DOMINGOS DO PRATA";"Dormindo";"Saída de Pista";"Sem Vítimas";"Plena noite";"Crescente";"Ceu Claro";"Simples";"Reta";"Rural";1;0;0;0;1;0;0;1
83453708;"05/04/16";"Terça";"06:50:00";"SE";101;"97";"SAO CRISTOVAO";"Defeito na via";"Saída de Pista";"Sem Vítimas";"Pleno dia";"Crescente";"Chuva";"Dupla";"Curva";"Rural";1;0;0;0;1;0;0;1
83453709;"02/04/16";"Sábado";"05:40:00";"RJ";101;"418";"MANGARATIBA";"Falta de atenção";"Colisão frontal";"Com Vítimas Fatais";"Amanhecer";"Decrescente";"Ceu Claro";"Simples";"Reta";"Urbano";2;1;0;0;1;0;0;2
83453710;"03/04/16";"Domingo";"06:30:00";"PR";277;"660,1";"MATELANDIA";"Falta de atenção";"Saída de Pista";"Sem Vítimas";"Amanhecer";"Crescente";"Ceu Claro";"Dupla";"Curva";"Rural";1;0;0;0;1;0;0;1
83453711;"01/04/16";"Sexta";"07:10:00";"SC";280;"66";"JARAGUA DO SUL";"Falta de atenção";"Colisão Transversal";"Com Vítimas Feridas";"Pleno dia";"Decrescente";"Ceu Claro";"Simples";"Reta";"Urbano";3;0;2;0;1;0;2;2
83453712;"05/04/16";"Terça";"08:00:00";"RS";386;"49,1";"SEBERI";"Não guardar distância de segurança";"Colisão traseira";"Sem Vítimas";"Pleno dia";"Decrescente";"Nublado";"Simples";"Reta";"Urbano";2;0;0;0;2;0;0;2
83453713;"30/03/16";"Quarta";"08:10:00";"SP";116;"156";"SAO JOSE DOS CAMPOS";"Desobediência à sinalização";"Queda de motocicleta / bicicleta / veículo";"Com Vítimas Feridas";"Pleno dia";"Crescente";"Ceu Claro";"Múltipla";"Reta";"Rural";2;0;1;0;1;0;1;2
83453714;"05/04/16";"Terça";"06:50:00";"SC";470;"2,8";"NAVEGANTES";"Ultrapassagem indevida";"Colisão Transversal";"Com Vítimas Feridas";"Amanhecer";"Crescente";"Nublado";"Simples";"Reta";"Urbano";2;0;1;0;1;0;1;2
83453715;"05/04/16";"Terça";"06:15:00";"GO";153;"658,2";"GOIATUBA";"Falta de atenção";"Saída de Pista";"Sem Vítimas";"Pleno dia";"Decrescente";"Ceu Claro";"Dupla";"Reta";"Rural";2;0;0;0;2;0;0;1
83453716;"05/04/16";"Terça";"07:30:00";"PE";232;"27";"MORENO";"Falta de atenção";"Colisão lateral";"Sem Vítimas";"Pleno dia";"Crescente";"Ceu Claro";"Dupla";"Reta";"Urbano";4;0;0;0;2;2;0;2
83453717;"01/04/16";"Sexta";"22:00:00";"MG";40;"510";"RIBEIRAO DAS NEVES";"Defeito mecânico em veículo";"Queda de motocicleta / bicicleta / veículo";"Com Vítimas Feridas";"Plena noite";"Decrescente";"Ceu Claro";"Dupla";"Reta";"Urbano";2;0;2;0;0;0;2;1
83453718;"05/04/16";"Terça";"05:30:00";"ES";259;"14,6";"JOAO NEIVA";"Velocidade incompatível";"Saída de Pista";"Com Vítimas Feridas";"Amanhecer";"Decrescente";"Chuva";"Simples";"Curva";"Rural";1;0;0;1;0;0;1;1
83453719;"01/04/16";"Sexta";"14:50:00";"MG";40;"589";"ITABIRITO";"Defeito mecânico em veículo";"Colisão frontal";"Sem Vítimas";"Pleno dia";"Crescente";"Ceu Claro";"Simples";"Reta";"Rural";2;0;0;0;2;0;0;2
83453720;"02/04/16";"Sábado";"03:20:00";"PE";232;"164";"TACAIMBO";"Falta de atenção";"Colisão frontal";"Com Vítimas Fatais";"Plena noite";"Crescente";"Ceu Claro";"Simples";"Reta";"Rural";9;8;1;0;0;0;1;2
83453721;"02/04/16";"Sábado";"05:00:00";"MG";116;"766";"LEOPOLDINA";"Ingestão de álcool";"Colisão com objeto fixo";"Com Vítimas Feridas";"Amanhecer";"Decrescente";"Ceu Claro";"Simples";"Reta";"Urbano";2;0;2;0;0;0;2;1
83453722;"02/04/16";"Sábado";"04:50:00";"SC";282;"644,2";"SAO MIGUEL DOESTE";"Ingestão de álcool";"Saída de Pista";"Com Vítimas Feridas";"Plena noite";"Decrescente";"Ceu Claro";"Simples";"Reta";"Rural";1;0;1;0;0;0;1;1
83453723;"26/03/16";"Sábado";"09:05:00";"SP";116;"228,8";"SAO PAULO";"Outras";"Colisão com objeto fixo";"Sem Vítimas";"Pleno dia";"Decrescente";"Nublado";"Múltipla";"Reta";"Urbano";1;0;0;0;1;0;0;1
83453724;"01/04/16";"Sexta";"08:10:00";"PE";101;"51,5";"PAULISTA";"Falta de atenção";"Colisão lateral";"Com Vítimas Feridas";"Pleno dia";"Crescente";"Sol";"Dupla";"Curva";"Urbano";2;0;0;1;1;0;1;2
83453725;"01/04/16";"Sexta";"16:00:00";"SC";101;"229,9";"PALHOCA";"Não guardar distância de segurança";"Colisão lateral";"Com Vítimas Feridas";"Pleno dia";"Crescente";"Ceu Claro";"Dupla";"Reta";"Rural";2;0;1;0;1;0;1;2
83453726;"28/03/16";"Segunda";"20:30:00";"PI";316;"304";"PICOS";"Velocidade incompatível";"Colisão frontal";"Com Vítimas Fatais";"Plena noite";"Crescente";"Ceu Claro";"Simples";"Curva";"Urbano";2;1;0;1;0;0;1;2
83453727;"02/04/16";"Sábado";"07:15:00";"PR";376;"163,5";"MARINGA";"Falta de atenção";"Saída de Pista";"Com Vítimas Feridas";"Pleno dia";"Crescente";"Ceu Claro";"Dupla";"Reta";"Rural";2;0;2;0;0;0;2;1
83453728;"05/04/16";"Terça";"07:16:00";"GO";153;"510,1";"APARECIDA DE GOIANIA";"Velocidade incompatível";"Colisão traseira";"Com Vítimas Feridas";"Pleno dia";"Crescente";"Ceu Claro";"Múltipla";"Reta";"Urbano";2;0;2;0;0;0;2;2
83453729;"01/04/16";"Sexta";"14:24:00";"MT";163;"96,7";"RONDONOPOLIS";"Falta de atenção";"Tombamento";"Sem Vítimas";"Pleno dia";"Crescente";"Ceu Claro";"Simples";"Reta";"Rural";1;0;0;0;1;0;0;1
83453730;"03/04/16";"Domingo";"22:50:00";"RS";285;"43,6";"BOM JESUS";"Ingestão de álcool";"Colisão lateral";"Com Vítimas Feridas";"Plena noite";"Decrescente";"Ceu Claro";"Simples";"Reta";"Rural";5;0;3;0;2;0;3;2
83453731;"01/04/16";"Sexta";"23:55:00";"GO";158;"273";"JATAI";"Outras";"Saída de Pista";"Com Vítimas Feridas";"Plena noite";"Decrescente";"Ceu Claro";"Simples";"Reta";"Urbano";1;0;1;0;0;0;1;1
83453732;"04/04/16";"Segunda";"22:00:00";"SP";116;"226";"GUARULHOS";"Outras";"Colisão com objeto fixo";"Sem Vítimas";"Plena noite";"Crescente";"Ceu Claro";"Múltipla";"Reta";"Urbano";2;0;0;0;2;0;0;1
83453733;"05/04/16";"Terça";"08:00:00";"PR";476;"115";"CURITIBA";"Falta de atenção";"Colisão traseira";"Sem Vítimas";"Pleno dia";"Crescente";"Ceu Claro";"Dupla";"Reta";"Urbano";2;0;0;0;2;0;0;2
83453734;"31/03/16";"Quinta";"21:05:00";"MG";153;"63,1";"MONTE ALEGRE DE MINAS";"Dormindo";"Saída de Pista";"Sem Vítimas";"Plena noite";"Decrescente";"Ceu Claro";"Múltipla";"Reta";"Rural";1;0;0;0;1;0;0;1
83453735;"02/04/16";"Sábado";"05:35:00";"GO";40;"0,1";"VALPARAISO DE GOIAS";"Falta de atenção";"Colisão traseira";"Com Vítimas Feridas";"Amanhecer";"Decrescente";"Ceu Claro";"Dupla";"Reta";"Urbano";3;0;1;0;2;0;1;2
83453736;"05/04/16";"Terça";"07:05:00";"RN";304;"31,7";"MOSSORO";"Falta de atenção";"Colisão traseira";"Com Vítimas Feridas";"Pleno dia";"Decrescente";"Ceu Claro";"Simples";"Reta";"Urbano";2;0;1;0;1;0;1;2
83453737;"05/04/16";"Terça";"06:45:00";"DF";20;"14";"BRASILIA";"Falta de atenção";"Colisão lateral";"Com Vítimas Feridas";"Pleno dia";"Decrescente";"Sol";"Dupla";"Reta";"Urbano";4;0;1;0;3;0;1;3
83453738;"05/04/16";"Terça";"07:40:00";"SC";470;"184,1";"POUSO REDONDO";"Falta de atenção";"Colisão Transversal";"Com Vítimas Feridas";"Pleno dia";"Crescente";"Sol";"Simples";"Reta";"Rural";2;0;0;1;1;0;1;2
83453739;"05/04/16";"Terça";"08:20:00";"RS";116;"243";"SAO LEOPOLDO";"Não guardar distância de segurança";"Colisão traseira";"Com Vítimas Feridas";"Pleno dia";"Decrescente";"Ceu Claro";"Múltipla";"Cruzamento";"Urbano";2;0;1;0;1;0;1;2
83453741;"07/02/16";"Domingo";"03:30:00";"BA";101;"419";"IBIRAPITANGA";"Outras";"Colisão lateral";"Sem Vítimas";"Plena noite";"Decrescente";"Ceu Claro";"Simples";"Reta";"Rural";2;0;0;0;1;1;0;2
83453742;"03/01/16";"Domingo";"13:30:00";"RJ";101;"26";"CAMPOS DOS GOYTACAZES";"Outras";"Colisão frontal";"Com Vítimas Feridas";"Pleno dia";"Crescente";"Chuva";"Simples";"Curva";"Rural";3;0;1;0;2;0;1;2
83453743;"16/01/16";"Sábado";"06:10:00";"DF";40;"2";"BRASILIA";"Falta de atenção";"Saída de Pista";"Com Vítimas Feridas";"Plena noite";"Crescente";"Chuva";"Simples";"Reta";"Urbano";1;0;1;0;0;0;1;1
83453744;"05/04/16";"Terça";"03:00:00";"PR";277;"130";"BALSA NOVA";"Velocidade incompatível";"Colisão com objeto fixo";"Sem Vítimas";"Plena noite";"Decrescente";"Ceu Claro";"Dupla";"Curva";"Rural";1;0;0;0;1;0;0;1
83453745;"02/04/16";"Sábado";"02:30:00";"SC";470;"111,1";"APIUNA";"Ingestão de álcool";"Colisão traseira";"Com Vítimas Feridas";"Pleno dia";"Crescente";"Ceu Claro";"Simples";"Curva";"Urbano";4;0;0;2;2;0;2;3
83453747;"21/03/16";"Segunda";"18:00:00";"AC";317;"99";"SENADOR GUIOMARD";"Animais na Pista";"Atropelamento de animal";"Ignorado";"Anoitecer";"Decrescente";"Ignorada";"Simples";"Reta";"Urbano";1;0;0;0;0;1;0;1
83453748;"12/01/16";"Terça";"05:30:00";"PR";376;"203";"MANDAGUARI";"Outras";"Queda de motocicleta / bicicleta / veículo";"Com Vítimas Feridas";"Plena noite";"Decrescente";"Ignorada";"Dupla";"Reta";"Rural";1;0;0;1;0;0;1;1
83453749;"05/04/16";"Terça";"08:00:00";"PR";277;"6";"FOZ DO IGUACU";"Desobediência à sinalização";"Colisão Transversal";"Com Vítimas Feridas";"Pleno dia";"Decrescente";"Sol";"Dupla";"Reta";"Urbano";2;0;1;1;0;0;2;2
83453750;"23/01/16";"Sábado";"11:20:00";"BA";101;"554";"ARATACA";"Outras";"Saída de Pista";"Ignorado";"Pleno dia";"Decrescente";"Chuva";"Simples";"Curva";"Rural";1;0;0;0;0;1;0;1
83453751;"01/04/16";"Sexta";"02:00:00";"MG";135;"653";"CURVELO";"Outras";"Colisão traseira";"Sem Vítimas";"Plena noite";"Crescente";"Ceu Claro";"Simples";"Curva";"Rural";2;0;0;0;1;1;0;2
83453752;"19/01/16";"Terça";"21:20:00";"MG";381;"862,6";"POUSO ALEGRE";"Falta de atenção";"Atropelamento de pessoa";"Com Vítimas Fatais";"Plena noite";"Crescente";"Chuva";"Dupla";"Reta";"Rural";3;1;1;0;1;0;1;1
83453754;"05/04/16";"Terça";"09:50:00";"PR";277;"60";"SAO JOSE DOS PINHAIS";"Não guardar distância de segurança";"Colisão traseira";"Sem Vítimas";"Pleno dia";"Crescente";"Ceu Claro";"Dupla";"Reta";"Urbano";2;0;0;0;2;0;0;2
83453756;"05/03/16";"Sábado";"08:20:00";"MG";262;"354";"BETIM";"Outras";"Queda de motocicleta / bicicleta / veículo";"Com Vítimas Feridas";"Pleno dia";"Crescente";"Sol";"Dupla";"Reta";"Rural";1;0;1;0;0;0;1;1
83453757;"28/03/16";"Segunda";"17:00:00";"SP";116;"102,7";"PINDAMONHANGABA";"Outras";"Tombamento";"Com Vítimas Feridas";"Pleno dia";"Decrescente";"Ceu Claro";"Dupla";"Reta";"Rural";1;0;1;0;0;0;1;1
83453758;"05/04/16";"Terça";"10:00:00";"RS";392;"257,6";"CACAPAVA DO SUL";"Desobediência à sinalização";"Colisão Transversal";"Sem Vítimas";"Pleno dia";"Crescente";"Nublado";"Simples";"Cruzamento";"Urbano";2;0;0;0;2;0;0;2
83453759;"05/04/16";"Terça";"08:15:00";"RS";290;"320";"CACAPAVA DO SUL";"Falta de atenção";"Derramamento de Carga";"Sem Vítimas";"Pleno dia";"Crescente";"Nublado";"Simples";"Reta";"Rural";1;0;0;0;1;0;0;1
83453760;"02/04/16";"Sábado";"04:30:00";"DF";20;"8";"BRASILIA";"Outras";"Saída de Pista";"Com Vítimas Feridas";"Plena noite";"Decrescente";"Ceu Claro";"Dupla";"Reta";"Urbano";2;0;1;0;0;1;1;2
83453761;"03/04/16";"Domingo";"21:10:00";"RJ";393;"168";"TRES RIOS";"Falta de atenção";"Queda de motocicleta / bicicleta / veículo";"Com Vítimas Feridas";"Pleno dia";"Crescente";"Ceu Claro";"Simples";"Reta";"Urbano";1;0;1;0;0;0;1;1
83453762;"05/04/16";"Terça";"07:25:00";"GO";40;"1";"VALPARAISO DE GOIAS";"Falta de atenção";"Colisão lateral";"Com Vítimas Feridas";"Pleno dia";"Decrescente";"Sol";"Dupla";"Reta";"Urbano";3;0;2;0;1;0;2;2
83453763;"09/01/16";"Sábado";"09:15:00";"BA";101;"381";"GANDU";"Outras";"Colisão frontal";"Sem Vítimas";"Pleno dia";"Decrescente";"Chuva";"Simples";"Reta";"Rural";2;0;0;0;1;1;0;2
83453765;"05/04/16";"Terça";"11:00:00";"PR";116;"61";"CAMPINA GRANDE DO SUL";"Falta de atenção";"Derramamento de Carga";"Sem Vítimas";"Pleno dia";"Crescente";"Ceu Claro";"Dupla";"Reta";"Rural";1;0;0;0;1;0;0;1
83453766;"05/04/16";"Terça";"07:05:00";"CE";222;"4,2";"FORTALEZA";"Falta de atenção";"Colisão lateral";"Com Vítimas Feridas";"Pleno dia";"Decrescente";"Chuva";"Dupla";"Reta";"Urbano";2;0;1;0;1;0;1;2
83453767;"05/04/16";"Terça";"09:10:00";"GO";60;"54,1";"ABADIANIA";"Outras";"Capotamento";"Com Vítimas Feridas";"Pleno dia";"Decrescente";"Sol";"Dupla";"Reta";"Urbano";1;0;1;0;0;0;1;1
83453768;"01/04/16";"Sexta";"20:30:00";"GO";251;"31";"CRISTALINA";"Falta de atenção";"Colisão traseira";"Sem Vítimas";"Plena noite";"Crescente";"Ceu Claro";"Simples";"Reta";"Rural";2;0;0;0;2;0;0;2
83453769;"01/03/16";"Terça";"21:00:00";"RJ";465;"5";"SEROPEDICA";"Falta de atenção";"Colisão lateral";"Com Vítimas Feridas";"Plena noite";"Crescente";"Ceu Claro";"Simples";"Reta";"Urbano";2;0;1;0;1;0;1;2
83453770;"02/04/16";"Sábado";"20:20:00";"PR";369;"127,8";"JATAIZINHO";"Outras";"Colisão traseira";"Com Vítimas Feridas";"Plena noite";"Crescente";"Ceu Claro";"Dupla";"Reta";"Rural";4;0;1;1;1;1;2;2
83453771;"05/04/16";"Terça";"08:30:00";"MG";50;"102";"UBERLANDIA";"Ingestão de álcool";"Saída de Pista";"Sem Vítimas";"Pleno dia";"Decrescente";"Sol";"Dupla";"Reta";"Rural";1;0;0;0;1;0;0;1
83453772;"28/03/16";"Segunda";"14:05:00";"MT";163;"955";"NOVA SANTA HELENA";"Defeito mecânico em veículo";"Colisão lateral";"Sem Vítimas";"Pleno dia";"Crescente";"Ceu Claro";"Simples";"Reta";"Rural";3;0;0;0;3;0;0;3
83453773;"02/04/16";"Sábado";"06:50:00";"SP";381;"49";"ATIBAIA";"Outras";"Colisão lateral";"Sem Vítimas";"Amanhecer";"Crescente";"Nublado";"Dupla";"Reta";"Urbano";2;0;0;0;2;0;0;2
83453774;"05/04/16";"Terça";"09:20:00";"RS";386;"417,3";"MONTENEGRO";"Desobediência à sinalização";"Colisão lateral";"Com Vítimas Feridas";"Pleno dia";"Crescente";"Sol";"Dupla";"Curva";"Rural";2;0;1;0;1;0;1;2
83453775;"24/03/16";"Quinta";"21:00:00";"MT";174;"293";"PONTES E LACERDA";"Animais na Pista";"Atropelamento de animal";"Sem Vítimas";"Plena noite";"Crescente";"Chuva";"Simples";"Reta";"Rural";2;0;0;0;2;0;0;1
83453776;"05/04/16";"Terça";"10:20:00";"MG";381;"670,6";"PERDOES";"Dormindo";"Colisão com objeto fixo";"Com Vítimas Feridas";"Pleno dia";"Crescente";"Sol";"Dupla";"Reta";"Rural";1;0;1;0;0;0;1;1
83453777;"05/04/16";"Terça";"09:30:00";"MT";364;"349";"SANTO ANTONIO DO LEVERGER";"Outras";"Queda de motocicleta / bicicleta / veículo";"Com Vítimas Feridas";"Pleno dia";"Crescente";"Ceu Claro";"Dupla";"Curva";"Rural";1;0;1;0;0;0;1;1
83453778;"21/01/16";"Quinta";"21:15:00";"BA";101;"422";"IBIRAPITANGA";"Velocidade incompatível";"Saída de Pista";"Ignorado";"Plena noite";"Crescente";"Chuva";"Simples";"Curva";"Rural";1;0;0;0;0;1;0;1
83453779;"05/04/16";"Terça";"08:05:00";"RO";364;"236,4";"CACOAL";"Falta de atenção";"Colisão Transversal";"Com Vítimas Fatais";"Pleno dia";"Decrescente";"Ceu Claro";"Simples";"Reta";"Urbano";2;1;0;0;1;0;0;2
83453780;"28/03/16";"Segunda";"06:50:00";"PR";476;"119";"COLOMBO";"Desobediência à sinalização";"Colisão frontal";"Com Vítimas Fatais";"Amanhecer";"Crescente";"Ceu Claro";"Dupla";"Reta";"Urbano";3;1;0;1;1;0;1;2
83453781;"05/04/16";"Terça";"07:55:00";"SP";116;"138";"SAO JOSE DOS CAMPOS";"Outras";"Colisão traseira";"Sem Vítimas";"Pleno dia";"Decrescente";"Sol";"Dupla";"Reta";"Urbano";2;0;0;0;2;0;0;2
83453782;"05/04/16";"Terça";"11:45:00";"SC";101;"139,2";"BALNEARIO CAMBORIU";"Velocidade incompatível";"Saída de Pista";"Sem Vítimas";"Pleno dia";"Crescente";"Sol";"Múltipla";"Reta";"Urbano";1;0;0;0;1;0;0;1
83453784;"05/04/16";"Terça";"07:20:00";"CE";222;"2,5";"FORTALEZA";"Falta de atenção";"Colisão lateral";"Sem Vítimas";"Pleno dia";"Decrescente";"Chuva";"Dupla";"Reta";"Urbano";2;0;0;0;2;0;0;2
83453785;"01/04/16";"Sexta";"09:10:00";"TO";153;"165";"ARAGUAINA";"Defeito mecânico em veículo";"Tombamento";"Com Vítimas Feridas";"Pleno dia";"Crescente";"Sol";"Simples";"Reta";"Rural";6;0;6;0;0;0;6;1
83453786;"05/04/16";"Terça";"11:30:00";"SC";101;"133";"BALNEARIO CAMBORIU";"Falta de atenção";"Colisão com bicicleta";"Com Vítimas Feridas";"Pleno dia";"Decrescente";"Ceu Claro";"Simples";"Reta";"Urbano";2;0;0;1;1;0;1;2
83453787;"05/04/16";"Terça";"09:10:00";"CE";116;"3,2";"FORTALEZA";"Falta de atenção";"Colisão traseira";"Sem Vítimas";"Pleno dia";"Decrescente";"Nublado";"Múltipla";"Reta";"Urbano";2;0;0;0;2;0;0;2
83453788;"05/04/16";"Terça";"13:00:00";"SC";101;"117,2";"ITAJAI";"Desobediência à sinalização";"Colisão Transversal";"Com Vítimas Feridas";"Pleno dia";"Decrescente";"Ceu Claro";"Dupla";"Cruzamento";"Urbano";2;0;1;0;1;0;1;2
83453789;"16/03/16";"Quarta";"21:20:00";"PR";277;"334,1";"GUARAPUAVA";"Falta de atenção";"Colisão frontal";"Com Vítimas Feridas";"Plena noite";"Crescente";"Nublado";"Simples";"Curva";"Rural";5;0;3;1;1;0;4;2
83453791;"09/01/16";"Sábado";"22:00:00";"RS";386;"435";"NOVA SANTA RITA";"Velocidade incompatível";"Saída de Pista";"Sem Vítimas";"Plena noite";"Decrescente";"Ceu Claro";"Dupla";"Reta";"Rural";1;0;0;0;1;0;0;1
83453792;"05/04/16";"Terça";"08:20:00";"ES";101;"250";"SERRA";"Velocidade incompatível";"Colisão traseira";"Com Vítimas Feridas";"Pleno dia";"Crescente";"Chuva";"Simples";"Curva";"Rural";3;0;2;0;1;0;2;2
83453793;"02/04/16";"Sábado";"02:25:00";"RS";470;"201";"BENTO GONCALVES";"Velocidade incompatível";"Tombamento";"Sem Vítimas";"Plena noite";"Decrescente";"Ceu Claro";"Simples";"Curva";"Rural";1;0;0;0;1;0;0;1
83453794;"05/04/16";"Terça";"10:20:00";"MG";381;"648,8";"SANTO ANTONIO DO AMPARO";"Velocidade incompatível";"Tombamento";"Com Vítimas Feridas";"Pleno dia";"Decrescente";"Sol";"Dupla";"Reta";"Rural";1;0;1;0;0;0;1;1
83453795;"21/01/16";"Quinta";"12:20:00";"RS";290;"90,2";"PORTO ALEGRE";"Falta de atenção";"Colisão lateral";"Sem Vítimas";"Pleno dia";"Crescente";"Ceu Claro";"Dupla";"Reta";"Urbano";3;0;0;0;3;0;0;3
83453796;"05/04/16";"Terça";"08:15:00";"MS";163;"474,7";"CAMPO GRANDE";"Não guardar distância de segurança";"Colisão traseira";"Sem Vítimas";"Pleno dia";"Decrescente";"Ceu Claro";"Simples";"Reta";"Urbano";4;0;0;0;4;0;0;4
83453798;"02/04/16";"Sábado";"04:30:00";"PR";476;"235";"LAPA";"Ingestão de álcool";"Capotamento";"Com Vítimas Feridas";"Plena noite";"Decrescente";"Ceu Claro";"Simples";"Curva";"Rural";3;0;0;1;2;0;1;1
83453799;"28/01/16";"Quinta";"23:50:00";"MG";381;"633,3";"OLIVEIRA";"Falta de atenção";"Colisão lateral";"Com Vítimas Fatais";"Plena noite";"Crescente";"Nublado";"Dupla";"Reta";"Rural";4;1;0;0;2;1;0;3
83453800;"30/03/16";"Quarta";"18:00:00";"PR";376;"491,2";"PONTA GROSSA";"Velocidade incompatível";"Colisão traseira";"Com Vítimas Feridas";"Anoitecer";"Crescente";"Ceu Claro";"Dupla";"Reta";"Urbano";3;0;1;0;2;0;1;3
83453801;"16/03/16";"Quarta";"18:30:00";"MA";135;"12";"SAO LUIS";"Ingestão de álcool";"Saída de Pista";"Com Vítimas Feridas";"Plena noite";"Crescente";"Ceu Claro";"Dupla";"Reta";"Urbano";1;0;1;0;0;0;1;1
83453802;"05/04/16";"Terça";"08:40:00";"BA";116;"478";"RAFAEL JAMBEIRO";"Outras";"Atropelamento de pessoa";"Com Vítimas Feridas";"Pleno dia";"Crescente";"Ceu Claro";"Dupla";"Reta";"Rural";2;0;0;1;0;1;1;1
83453803;"05/04/16";"Terça";"08:30:00";"MG";116;"610,3";"SAO JOAO DO MANHUACU";"Velocidade incompatível";"Colisão com objeto fixo";"Com Vítimas Feridas";"Pleno dia";"Decrescente";"Sol";"Simples";"Curva";"Rural";1;0;1;0;0;0;1;1
83453804;"05/04/16";"Terça";"10:15:00";"RJ";493;"22";"MAGE";"Outras";"Colisão com bicicleta";"Com Vítimas Fatais";"Pleno dia";"Decrescente";"Sol";"Simples";"Reta";"Urbano";2;1;0;0;1;0;0;2
83453805;"05/04/16";"Terça";"11:20:00";"PR";116;"152";"MANDIRITUBA";"Outras";"Colisão Transversal";"Com Vítimas Feridas";"Pleno dia";"Crescente";"Sol";"Simples";"Reta";"Urbano";2;0;1;0;1;0;1;2
83453806;"01/04/16";"Sexta";"18:20:00";"MS";163;"284,2";"DOURADOS";"Outras";"Colisão traseira";"Sem Vítimas";"Plena noite";"Crescente";"Ceu Claro";"Simples";"Reta";"Rural";2;0;0;0;1;1;0;2
83453807;"05/04/16";"Terça";"09:50:00";"MG";262;"455,5";"NOVA SERRANA";"Outras";"Saída de Pista";"Sem Vítimas";"Pleno dia";"Crescente";"Ceu Claro";"Simples";"Reta";"Rural";1;0;0;0;1;0;0;1
83453808;"05/04/16";"Terça";"08:50:00";"RJ";40;"101";"DUQUE DE CAXIAS";"Outras";"Colisão Transversal";"Sem Vítimas";"Pleno dia";"Decrescente";"Ceu Claro";"Simples";"Cruzamento";"Rural";2;0;0;0;1;1;0;2
83453809;"01/04/16";"Sexta";"09:20:00";"MA";135;"4,5";"SAO LUIS";"Defeito na via";"Colisão traseira";"Com Vítimas Feridas";"Pleno dia";"Crescente";"Ceu Claro";"Simples";"Reta";"Urbano";2;0;0;1;1;0;1;2
83453810;"05/04/16";"Terça";"12:00:00";"SC";116;"128";"SANTA CECILIA";"Velocidade incompatível";"Capotamento";"Com Vítimas Feridas";"Pleno dia";"Decrescente";"Sol";"Simples";"Curva";"Rural";1;0;1;0;0;0;1;1
83453811;"05/04/16";"Terça";"10:30:00";"MG";116;"648,2";"FERVEDOURO";"Defeito mecânico em veículo";"Incêndio";"Sem Vítimas";"Pleno dia";"Decrescente";"Sol";"Simples";"Curva";"Rural";1;0;0;0;1;0;0;1
83453812;"05/04/16";"Terça";"14:30:00";"PR";277;"6";"FOZ DO IGUACU";"Falta de atenção";"Colisão Transversal";"Sem Vítimas";"Pleno dia";"Decrescente";"Ceu Claro";"Dupla";"Reta";"Urbano";4;0;0;0;4;0;0;2
83453813;"28/03/16";"Segunda";"23:45:00";"MG";381;"805,9";"SAO GONCALO DO SAPUCAI";"Defeito mecânico em veículo";"Incêndio";"Sem Vítimas";"Plena noite";"Decrescente";"Ceu Claro";"Dupla";"Reta";"Rural";1;0;0;0;1;0;0;1
83453814;"05/04/16";"Terça";"12:10:00";"RS";392;"1,3";"RIO GRANDE";"Falta de atenção";"Atropelamento de pessoa";"Com Vítimas Feridas";"Pleno dia";"Crescente";"Ceu Claro";"Simples";"Reta";"Rural";4;0;1;0;3;0;1;1