"id";"data_inversa";"dia_semana";"horario";"uf";"br";"km";"municipio";"causa_acidente";"tipo_acidente";"classificacao_acidente";"fase_dia";"sentido_via";"condicao_metereologica";"tipo_pista";"tracado_via";"uso_solo";"pessoas";"mortos";"feridos_leves";"feridos_graves";"ilesos";"ignorados";"feridos";"veiculos"
83453928;"05/04/16";"Terça";"13:35:00";"SE";235;"1";"ARACAJU";"Outras";"Atropelamento de pessoa";"Com Vítimas Feridas";"Pleno dia";"Decrescente";"Nublado";"Dupla";"Reta";"Urbano";4;0;1;0;3;0;1;1
83453929;"01/04/16";"Sexta";"17:15:00";"GO";60;"119";"TEREZOPOLIS DE GOIAS";"Falta de atenção";"Colisão Transversal";"Com Vítimas Feridas";"Pleno dia";"Decrescente";"Ceu Claro";"Dupla";"Reta";"Urbano";4;0;2;0;2;0;2;3
83453930;"05/04/16";"Terça";"16:10:00";"SC";470;"123,8";"IBIRAMA";"Não guardar distância de segurança";"Colisão traseira";"Sem Vítimas";"Pleno dia";"Decrescente";"Sol";"Simples";"Reta";"Urbano";3;0;0;0;3;0;0;3
83453931;"05/04/16";"Terça";"21:45:00";"PI";343;"2,2";"TERESINA";"Falta de atenção";"Colisão lateral";"Com Vítimas Feridas";"Plena noite";"Decrescente";"Ceu Claro";"Múltipla";"Reta";"Urbano";2;0;0;1;0;1;1;2
83453932;"04/04/16";"Segunda";"22:30:00";"MG";262;"637,7";"IBIA";"Dormindo";"Tombamento";"Com Vítimas Feridas";"Plena noite";"Crescente";"Ceu Claro";"Simples";"Reta";"Rural";1;0;1;0;0;0;1;1
83453933;"05/04/16";"Terça";"07:15:00";"PR";467;"93,1";"CASCAVEL";"Falta de atenção";"Capotamento";"Com Vítimas Feridas";"Pleno dia";"Crescente";"Ceu Claro";"Dupla";"Reta";"Rural";5;0;5;0;0;0;5;1
83453934;"05/04/16";"Terça";"15:15:00";"SC";280;"239,2";"CANOINHAS";"Velocidade incompatível";"Colisão frontal";"Com Vítimas Fatais";"Pleno dia";"Decrescente";"Ceu Claro";"Simples";"Curva";"Rural";3;1;1;1;0;0;2;2
83453935;"05/04/16";"Terça";"20:10:00";"RS";101;"22,8";"TRES CACHOEIRAS";"Velocidade incompatível";"Saída de Pista";"Ignorado";"Anoitecer";"Decrescente";"Ceu Claro";"Múltipla";"Reta";"Urbano";1;0;0;0;0;1;0;1
83453936;"05/04/16";"Terça";"17:45:00";"MG";381;"492";"BETIM";"Outras";"Queda de motocicleta / bicicleta / veículo";"Com Vítimas Feridas";"Anoitecer";"Decrescente";"Ceu Claro";"Dupla";"Curva";"Urbano";2;0;1;0;1;0;1;2
83453937;"01/04/16";"Sexta";"23:25:00";"MG";116;"809,1";"ALEM PARAIBA";"Ingestão de álcool";"Colisão frontal";"Com Vítimas Fatais";"Plena noite";"Crescente";"Ignorada";"Simples";"Curva";"Rural";2;1;0;0;1;0;0;2
83453938;"05/04/16";"Terça";"21:00:00";"BA";330;"714";"JEQUIE";"Dormindo";"Saída de Pista";"Com Vítimas Feridas";"Plena noite";"Crescente";"Ceu Claro";"Simples";"Reta";"Urbano";4;0;1;0;0;3;1;4
83453939;"05/04/16";"Terça";"17:40:00";"PR";163;"247";"TOLEDO";"Falta de atenção";"Colisão traseira";"Sem Vítimas";"Pleno dia";"Crescente";"Ceu Claro";"Simples";"Reta";"Rural";4;0;0;0;4;0;0;4
83453940;"05/04/16";"Terça";"16:40:00";"RO";364;"344,8";"JI-PARANA";"Desobediência à sinalização";"Colisão Transversal";"Com Vítimas Feridas";"Pleno dia";"Decrescente";"Ceu Claro";"Simples";"Reta";"Urbano";3;0;2;0;1;0;2;2
83453941;"05/04/16";"Terça";"07:00:00";"MG";116;"635,7";"DIVINO";"Falta de atenção";"Colisão Transversal";"Com Vítimas Feridas";"Pleno dia";"Decrescente";"Ceu Claro";"Simples";"Cruzamento";"Rural";2;0;0;1;1;0;1;2
83453942;"05/04/16";"Terça";"16:00:00";"SC";470;"137,9";"RIO DO SUL";"Falta de atenção";"Colisão Transversal";"Sem Vítimas";"Pleno dia";"Crescente";"Sol";"Simples";"Reta";"Urbano";2;0;0;0;2;0;0;2
83453943;"05/04/16";"Terça";"20:50:00";"BA";116;"776,5";"PLANALTO";"Ingestão de álcool";"Colisão Transversal";"Sem Vítimas";"Plena noite";"Crescente";"Nublado";"Simples";"Reta";"Rural";2;0;0;0;2;0;0;2
83453944;"05/04/16";"Terça";"16:00:00";"DF";70;"10";"BRASILIA";"Velocidade incompatível";"Colisão traseira";"Com Vítimas Feridas";"Pleno dia";"Decrescente";"Ceu Claro";"Dupla";"Reta";"Urbano";3;0;2;0;1;0;2;2
83453945;"05/04/16";"Terça";"20:10:00";"MG";381;"722,2";"CARMO DA CACHOEIRA";"Velocidade incompatível";"Derramamento de Carga";"Sem Vítimas";"Plena noite";"Crescente";"Ceu Claro";"Dupla";"Curva";"Rural";1;0;0;0;1;0;0;1
83453946;"05/04/16";"Terça";"17:15:00";"BA";420;"340";"JAGUAQUARA";"Falta de atenção";"Colisão Transversal";"Com Vítimas Feridas";"Pleno dia";"Crescente";"Ceu Claro";"Simples";"Reta";"Urbano";2;0;1;0;1;0;1;2
83453947;"05/04/16";"Terça";"19:00:00";"RO";364;"236,5";"CACOAL";"Falta de atenção";"Colisão traseira";"Com Vítimas Feridas";"Plena noite";"Decrescente";"Ceu Claro";"Simples";"Reta";"Urbano";2;0;1;0;1;0;1;2
83453948;"05/04/16";"Terça";"14:30:00";"MT";158;"455,4";"RIBEIRAO CASCALHEIRA";"Outras";"Saída de Pista";"Com Vítimas Feridas";"Pleno dia";"Decrescente";"Sol";"Simples";"Curva";"Rural";1;0;1;0;0;0;1;1
83453949;"05/04/16";"Terça";"23:20:00";"ES";101;"388,7";"RIO NOVO DO SUL";"Desobediência à sinalização";"Queda de motocicleta / bicicleta / veículo";"Com Vítimas Feridas";"Plena noite";"Crescente";"Ceu Claro";"Simples";"Reta";"Rural";1;0;1;0;0;0;1;1
83453950;"05/04/16";"Terça";"16:00:00";"RO";319;"61,8";"PORTO VELHO";"Falta de atenção";"Colisão Transversal";"Sem Vítimas";"Pleno dia";"Decrescente";"Ceu Claro";"Dupla";"Reta";"Urbano";3;0;0;0;2;1;0;2
83453951;"28/03/16";"Segunda";"10:15:00";"PR";277;"122";"CAMPO LARGO";"Outras";"Capotamento";"Sem Vítimas";"Pleno dia";"Crescente";"Ceu Claro";"Dupla";"Reta";"Rural";2;0;0;0;1;1;0;2
83453952;"01/04/16";"Sexta";"10:50:00";"PR";277;"112";"CAMPO LARGO";"Outras";"Queda de motocicleta / bicicleta / veículo";"Com Vítimas Feridas";"Pleno dia";"Crescente";"Ceu Claro";"Dupla";"Reta";"Urbano";1;0;1;0;0;0;1;1
83453953;"05/04/16";"Terça";"23:40:00";"SC";282;"497,8";"XANXERE";"Velocidade incompatível";"Tombamento";"Com Vítimas Feridas";"Plena noite";"Crescente";"Ceu Claro";"Simples";"Cruzamento";"Urbano";1;0;1;0;0;0;1;1
83453955;"01/04/16";"Sexta";"19:30:00";"SP";459;"30";"LORENA";"Outras";"Queda de motocicleta / bicicleta / veículo";"Com Vítimas Feridas";"Plena noite";"Decrescente";"Ceu Claro";"Simples";"Reta";"Rural";2;0;2;0;0;0;2;1
83453956;"05/04/16";"Terça";"17:30:00";"PB";101;"108,8";"ALHANDRA";"Não guardar distância de segurança";"Colisão traseira";"Com Vítimas Feridas";"Anoitecer";"Crescente";"Ceu Claro";"Simples";"Reta";"Rural";4;0;2;0;2;0;2;3
83453957;"06/04/16";"Quarta";"01:15:00";"MG";116;"759,2";"LEOPOLDINA";"Outras";"Saída de Pista";"Sem Vítimas";"Plena noite";"Decrescente";"Ignorada";"Simples";"Reta";"Rural";2;0;0;0;2;0;0;1
83453959;"06/04/16";"Quarta";"00:45:00";"PR";373;"247,1";"GUAMIRANGA";"Falta de atenção";"Colisão traseira";"Com Vítimas Feridas";"Plena noite";"Crescente";"Ceu Claro";"Simples";"Reta";"Rural";2;0;0;1;1;0;1;2
83453960;"04/04/16";"Segunda";"17:15:00";"PE";423;"79,6";"JUPI";"Falta de atenção";"Colisão Transversal";"Com Vítimas Feridas";"Pleno dia";"Decrescente";"Ceu Claro";"Simples";"Reta";"Urbano";2;0;0;1;0;1;1;2
83453961;"05/04/16";"Terça";"06:30:00";"PE";424;"52,2";"CAETES";"Não guardar distância de segurança";"Colisão traseira";"Com Vítimas Feridas";"Amanhecer";"Decrescente";"Ceu Claro";"Simples";"Reta";"Rural";4;0;2;0;2;0;2;2
83453962;"05/04/16";"Terça";"18:55:00";"AC";364;"139";"RIO BRANCO";"Falta de atenção";"Colisão lateral";"Sem Vítimas";"Plena noite";"Decrescente";"Ceu Claro";"Dupla";"Curva";"Urbano";2;0;0;0;2;0;0;2
83453963;"06/04/16";"Quarta";"00:40:00";"GO";153;"508";"APARECIDA DE GOIANIA";"Dormindo";"Saída de Pista";"Com Vítimas Feridas";"Plena noite";"Crescente";"Ceu Claro";"Dupla";"Reta";"Urbano";2;0;2;0;0;0;2;1
83453964;"06/04/16";"Quarta";"02:00:00";"SP";116;"444";"REGISTRO";"Animais na Pista";"Atropelamento de animal";"Sem Vítimas";"Plena noite";"Crescente";"Ceu Claro";"Dupla";"Reta";"Urbano";1;0;0;0;1;0;0;1
83453965;"05/04/16";"Terça";"13:20:00";"PR";153;"107,9";"IBAITI";"Falta de atenção";"Colisão Transversal";"Com Vítimas Feridas";"Pleno dia";"Decrescente";"Ceu Claro";"Simples";"Reta";"Urbano";2;0;1;0;1;0;1;2
83453966;"05/04/16";"Terça";"11:30:00";"MT";163;"31";"ITIQUIRA";"Ingestão de álcool";"Saída de Pista";"Sem Vítimas";"Plena noite";"Decrescente";"Ceu Claro";"Dupla";"Reta";"Rural";1;0;0;0;1;0;0;1
83453967;"05/04/16";"Terça";"18:00:00";"RO";364;"705";"PORTO VELHO";"Falta de atenção";"Colisão lateral";"Com Vítimas Feridas";"Plena noite";"Decrescente";"Nublado";"Dupla";"Reta";"Rural";3;0;2;0;0;1;2;2
83453968;"18/03/16";"Sexta";"12:15:00";"RS";290;"724";"URUGUAIANA";"Falta de atenção";"Colisão Transversal";"Sem Vítimas";"Pleno dia";"Crescente";"Ceu Claro";"Dupla";"Reta";"Urbano";2;0;0;0;2;0;0;2
83453969;"05/04/16";"Terça";"22:40:00";"PE";428;"188,2";"PETROLINA";"Ingestão de álcool";"Colisão Transversal";"Com Vítimas Feridas";"Plena noite";"Crescente";"Ceu Claro";"Dupla";"Reta";"Urbano";3;0;2;0;1;0;2;2
83453970;"05/04/16";"Terça";"16:30:00";"PR";376;"598";"CURITIBA";"Falta de atenção";"Colisão traseira";"Com Vítimas Feridas";"Pleno dia";"Decrescente";"Sol";"Dupla";"Reta";"Urbano";2;0;1;0;1;0;1;2
83453971;"06/04/16";"Quarta";"02:20:00";"SP";116;"434,3";"REGISTRO";"Falta de atenção";"Tombamento";"Sem Vítimas";"Plena noite";"Decrescente";"Ceu Claro";"Simples";"Reta";"Rural";1;0;0;0;1;0;0;1
83453972;"05/04/16";"Terça";"21:40:00";"PR";376;"453,5";"TIBAGI";"Falta de atenção";"Colisão lateral";"Com Vítimas Feridas";"Plena noite";"Crescente";"Ignorada";"Simples";"Reta";"Rural";3;0;1;0;2;0;1;3
83453973;"06/04/16";"Quarta";"01:30:00";"PI";316;"32";"DEMERVAL LOBAO";"Falta de atenção";"Colisão Transversal";"Com Vítimas Feridas";"Plena noite";"Decrescente";"Nublado";"Simples";"Reta";"Urbano";2;0;0;1;1;0;1;2
83453974;"05/04/16";"Terça";"23:15:00";"PR";376;"637";"SAO JOSE DOS PINHAIS";"Outras";"Tombamento";"Sem Vítimas";"Plena noite";"Decrescente";"Nublado";"Dupla";"Reta";"Rural";1;0;0;0;1;0;0;1
83453975;"05/04/16";"Terça";"15:30:00";"PR";158;"0,9";"CAMPO MOURAO";"Não guardar distância de segurança";"Colisão traseira";"Sem Vítimas";"Pleno dia";"Crescente";"Sol";"Simples";"Reta";"Urbano";2;0;0;0;2;0;0;2
83453976;"06/04/16";"Quarta";"04:10:00";"CE";20;"325";"CARIDADE";"Animais na Pista";"Atropelamento de animal";"Com Vítimas Feridas";"Amanhecer";"Crescente";"Ceu Claro";"Simples";"Reta";"Urbano";4;0;0;1;3;0;1;1
83453977;"06/04/16";"Quarta";"01:50:00";"MG";365;"678,8";"MONTE ALEGRE DE MINAS";"Outras";"Saída de Pista";"Sem Vítimas";"Plena noite";"Crescente";"Ceu Claro";"Dupla";"Reta";"Rural";1;0;0;0;1;0;0;1
83453978;"05/04/16";"Terça";"20:00:00";"BA";101;"883";"TEIXEIRA DE FREITAS";"Outras";"Colisão com bicicleta";"Com Vítimas Fatais";"Plena noite";"Crescente";"Ceu Claro";"Simples";"Reta";"Rural";2;1;0;0;0;1;0;2
83453979;"05/04/16";"Terça";"21:30:00";"MT";174;"316,3";"PONTES E LACERDA";"Animais na Pista";"Atropelamento de animal";"Com Vítimas Feridas";"Plena noite";"Decrescente";"Ceu Claro";"Simples";"Reta";"Rural";2;0;2;0;0;0;2;1
83453980;"05/04/16";"Terça";"15:00:00";"ES";101;"457,7";"MIMOSO DO SUL";"Falta de atenção";"Colisão Transversal";"Com Vítimas Feridas";"Pleno dia";"Decrescente";"Ceu Claro";"Simples";"Reta";"Rural";4;0;2;0;2;0;2;2
83453981;"06/04/16";"Quarta";"04:00:00";"RS";285;"387";"SANTA BARBARA DO SUL";"Falta de atenção";"Colisão Transversal";"Com Vítimas Feridas";"Plena noite";"Crescente";"Ceu Claro";"Simples";"Reta";"Rural";2;0;1;0;1;0;1;2
83453982;"06/04/16";"Quarta";"03:05:00";"MG";381;"817";"CAREACU";"Ingestão de álcool";"Queda de motocicleta / bicicleta / veículo";"Com Vítimas Feridas";"Plena noite";"Decrescente";"Ceu Claro";"Dupla";"Reta";"Rural";1;0;1;0;0;0;1;1
83453983;"06/04/16";"Quarta";"05:00:00";"SC";101;"196,8";"BIGUACU";"Dormindo";"Saída de Pista";"Sem Vítimas";"Plena noite";"Crescente";"Ceu Claro";"Dupla";"Curva";"Urbano";1;0;0;0;1;0;0;1
83453984;"06/04/16";"Quarta";"04:20:00";"SC";101;"393";"CRICIUMA";"Outras";"Colisão com objeto fixo";"Sem Vítimas";"Plena noite";"Decrescente";"Nevoeiro/neblina";"Dupla";"Reta";"Rural";2;0;0;0;2;0;0;1
83453985;"03/04/16";"Domingo";"18:00:00";"BA";110;"162";"RIBEIRA DO POMBAL";"Falta de atenção";"Colisão traseira";"Com Vítimas Feridas";"Plena noite";"Decrescente";"Ceu Claro";"Simples";"Reta";"Rural";3;0;2;0;0;1;2;2
83453986;"01/04/16";"Sexta";"23:30:00";"RJ";116;"68";"TERESOPOLIS";"Outras";"Capotamento";"Com Vítimas Feridas";"Plena noite";"Crescente";"Nublado";"Simples";"Reta";"Urbano";2;0;0;2;0;0;2;1
83453987;"05/04/16";"Terça";"13:30:00";"BA";101;"225";"CRUZ DAS ALMAS";"Falta de atenção";"Atropelamento de pessoa";"Com Vítimas Feridas";"Pleno dia";"Crescente";"Ceu Claro";"Simples";"Reta";"Rural";2;0;0;1;1;0;1;1
83453988;"06/04/16";"Quarta";"05:30:00";"ES";101;"329";"GUARAPARI";"Velocidade incompatível";"Saída de Pista";"Sem Vítimas";"Amanhecer";"Decrescente";"Ceu Claro";"Simples";"Curva";"Rural";1;0;0;0;1;0;0;1
83453989;"02/04/16";"Sábado";"15:00:00";"SP";116;"151,2";"SAO JOSE DOS CAMPOS";"Dormindo";"Colisão com objeto fixo";"Sem Vítimas";"Pleno dia";"Crescente";"Ceu Claro";"Dupla";"Reta";"Urbano";2;0;0;0;2;0;0;2
83453990;"06/04/16";"Quarta";"05:30:00";"MG";381;"787,2";"SAO GONCALO DO SAPUCAI";"Animais na Pista";"Atropelamento de animal";"Sem Vítimas";"Amanhecer";"Decrescente";"Ceu Claro";"Dupla";"Reta";"Rural";1;0;0;0;1;0;0;1
83453991;"02/04/16";"Sábado";"21:00:00";"MA";135;"0,5";"SAO LUIS";"Falta de atenção";"Colisão lateral";"Sem Vítimas";"Plena noite";"Crescente";"Chuva";"Dupla";"Reta";"Urbano";2;0;0;0;2;0;0;2
83453992;"06/04/16";"Quarta";"05:00:00";"MG";116;"509";"UBAPORANGA";"Dormindo";"Capotamento";"Com Vítimas Feridas";"Amanhecer";"Crescente";"Ceu Claro";"Simples";"Reta";"Rural";1;0;1;0;0;0;1;1
83453993;"05/04/16";"Terça";"17:25:00";"ES";101;"179";"ARACRUZ";"Outras";"Queda de motocicleta / bicicleta / veículo";"Com Vítimas Feridas";"Plena noite";"Crescente";"Ceu Claro";"Simples";"Reta";"Rural";2;0;2;0;0;0;2;1
83453994;"05/04/16";"Terça";"21:20:00";"SP";116;"287";"ITAPECERICA DA SERRA";"Ingestão de álcool";"Saída de Pista";"Sem Vítimas";"Plena noite";"Decrescente";"Ceu Claro";"Dupla";"Curva";"Rural";1;0;0;0;1;0;0;1
83453995;"02/04/16";"Sábado";"16:45:00";"SP";116;"149,7";"SAO JOSE DOS CAMPOS";"Outras";"Colisão com objeto fixo";"Sem Vítimas";"Pleno dia";"Decrescente";"Ceu Claro";"Dupla";"Reta";"Urbano";1;0;0;0;1;0;0;1
83453996;"28/03/16";"Segunda";"05:40:00";"PI";343;"156";"BRASILEIRA";"Outras";"Colisão com objeto fixo";"Sem Vítimas";"Pleno dia";"Decrescente";"Nublado";"Simples";"Reta";"Rural";1;0;0;0;1;0;0;1
83453997;"02/04/16";"Sábado";"19:30:00";"MG";365;"139,7";"VARZEA DA PALMA";"Ultrapassagem indevida";"Colisão frontal";"Com Vítimas Feridas";"Plena noite";"Crescente";"Ceu Claro";"Simples";"Curva";"Rural";36;0;10;2;24;0;12;2
83453998;"03/04/16";"Domingo";"00:15:00";"SP";116;"157";"SAO JOSE DOS CAMPOS";"Outras";"Saída de Pista";"Sem Vítimas";"Plena noite";"Crescente";"Nublado";"Dupla";"Reta";"Urbano";1;0;0;0;1;0;0;1
83453999;"03/04/16";"Domingo";"04:45:00";"PB";230;"17,7";"JOAO PESSOA";"Falta de atenção";"Colisão com objeto fixo";"Com Vítimas Feridas";"Amanhecer";"Crescente";"Chuva";"Dupla";"Reta";"Urbano";1;0;1;0;0;0;1;1
83454000;"05/04/16";"Terça";"12:00:00";"BA";242;"232,8";"RUY BARBOSA";"Velocidade incompatível";"Colisão frontal";"Com Vítimas Fatais";"Pleno dia";"Crescente";"Chuva";"Simples";"Curva";"Rural";11;2;1;0;8;0;1;4
83454001;"06/04/16";"Quarta";"06:05:00";"RS";116;"396";"CAMAQUA";"Animais na Pista";"Atropelamento de animal";"Sem Vítimas";"Plena noite";"Decrescente";"Nevoeiro/neblina";"Simples";"Reta";"Urbano";1;0;0;0;1;0;0;1
83454002;"06/04/16";"Quarta";"05:50:00";"SC";101;"2";"GARUVA";"Falta de atenção";"Colisão com objeto fixo";"Com Vítimas Feridas";"Amanhecer";"Decrescente";"Ceu Claro";"Dupla";"Reta";"Rural";1;0;1;0;0;0;1;1
83454003;"03/04/16";"Domingo";"06:20:00";"RS";392;"348,5";"SANTA MARIA";"Ingestão de álcool";"Atropelamento de animal";"Com Vítimas Feridas";"Amanhecer";"Decrescente";"Ceu Claro";"Simples";"Reta";"Urbano";4;0;3;0;1;0;3;1
83454004;"02/04/16";"Sábado";"17:30:00";"MG";135;"583,7";"CORINTO";"Outras";"Saída de Pista";"Com Vítimas Feridas";"Anoitecer";"Decrescente";"Ceu Claro";"Simples";"Reta";"Rural";3;0;3;0;0;0;3;1
83454005;"06/04/16";"Quarta";"06:00:00";"RS";116;"396";"CAMAQUA";"Animais na Pista";"Atropelamento de animal";"Sem Vítimas";"Amanhecer";"Decrescente";"Nevoeiro/neblina";"Simples";"Reta";"Urbano";1;0;0;0;1;0;0;1
83454006;"06/04/16";"Quarta";"05:10:00";"SP";116;"51";"LORENA";"Outras";"Colisão traseira";"Sem Vítimas";"Plena noite";"Crescente";"Ceu Claro";"Dupla";"Reta";"Urbano";2;0;0;0;2;0;0;2
83454007;"05/04/16";"Terça";"14:50:00";"RJ";101;"574";"PARATI";"Falta de atenção";"Colisão traseira";"Com Vítimas Feridas";"Pleno dia";"Decrescente";"Sol";"Simples";"Reta";"Urbano";6;0;2;0;4;0;2;4
83454008;"02/04/16";"Sábado";"07:30:00";"MG";135;"562";"CORINTO";"Outras";"Colisão frontal";"Sem Vítimas";"Amanhecer";"Crescente";"Sol";"Simples";"Reta";"Rural";2;0;0;0;2;0;0;2
83454009;"03/04/16";"Domingo";"03:49:00";"PR";116;"24,6";"ANTONINA";"Velocidade incompatível";"Tombamento";"Com Vítimas Feridas";"Plena noite";"Decrescente";"Ceu Claro";"Dupla";"Curva";"Rural";1;0;0;1;0;0;1;1
83454010;"29/03/16";"Terça";"09:15:00";"ES";101;"205";"JOAO NEIVA";"Outras";"Colisão Transversal";"Com Vítimas Feridas";"Pleno dia";"Crescente";"Ceu Claro";"Dupla";"Reta";"Urbano";2;0;0;1;1;0;1;2
83454011;"06/04/16";"Quarta";"07:10:00";"PR";277;"729";"FOZ DO IGUACU";"Falta de atenção";"Queda de motocicleta / bicicleta / veículo";"Com Vítimas Feridas";"Pleno dia";"Crescente";"Sol";"Dupla";"Cruzamento";"Urbano";2;0;1;0;1;0;1;2
83454012;"02/04/16";"Sábado";"11:00:00";"RS";470;"213";"BENTO GONCALVES";"Falta de atenção";"Colisão Transversal";"Sem Vítimas";"Pleno dia";"Decrescente";"Ceu Claro";"Dupla";"Reta";"Urbano";2;0;0;0;2;0;0;2
83454013;"02/04/16";"Sábado";"20:00:00";"SC";470;"135,7";"RIO DO SUL";"Ingestão de álcool";"Colisão frontal";"Com Vítimas Feridas";"Plena noite";"Crescente";"Ceu Claro";"Simples";"Reta";"Urbano";4;0;4;0;0;0;4;2
83454014;"02/04/16";"Sábado";"19:00:00";"PE";101;"90";"CABO DE SANTO AGOSTINHO";"Outras";"Colisão frontal";"Com Vítimas Fatais";"Plena noite";"Crescente";"Ceu Claro";"Simples";"Reta";"Urbano";2;2;0;0;0;0;0;2
83454015;"06/04/16";"Quarta";"07:00:00";"PE";101;"70";"RECIFE";"Falta de atenção";"Colisão lateral";"Com Vítimas Feridas";"Pleno dia";"Decrescente";"Ceu Claro";"Dupla";"Reta";"Urbano";3;0;0;3;0;0;3;2
83454016;"06/04/16";"Quarta";"06:10:00";"RS";471;"142,1";"SANTA CRUZ DO SUL";"Desobediência à sinalização";"Colisão Transversal";"Com Vítimas Feridas";"Anoitecer";"Decrescente";"Ceu Claro";"Simples";"Cruzamento";"Urbano";2;0;0;1;1;0;1;2
83454017;"03/04/16";"Domingo";"03:00:00";"MG";381;"875";"POUSO ALEGRE";"Dormindo";"Capotamento";"Sem Vítimas";"Plena noite";"Crescente";"Ceu Claro";"Dupla";"Reta";"Rural";1;0;0;0;1;0;0;1
83454018;"06/04/16";"Quarta";"00:45:00";"SC";282;"211,6";"LAGES";"Velocidade incompatível";"Saída de Pista";"Sem Vítimas";"Plena noite";"Crescente";"Nevoeiro/neblina";"Simples";"Reta";"Rural";1;0;0;0;1;0;0;1
83454019;"30/03/16";"Quarta";"14:40:00";"PI";343;"346,3";"TERESINA";"Falta de atenção";"Colisão lateral";"Com Vítimas Feridas";"Pleno dia";"Crescente";"Ceu Claro";"Simples";"Reta";"Urbano";2;0;1;0;1;0;1;2
83454020;"02/04/16";"Sábado";"09:50:00";"MG";365;"681";"MONTE ALEGRE DE MINAS";"Velocidade incompatível";"Saída de Pista";"Com Vítimas Feridas";"Pleno dia";"Crescente";"Sol";"Dupla";"Curva";"Rural";2;0;1;0;1;0;1;1
83454021;"03/04/16";"Domingo";"06:00:00";"MG";459;"25,5";"CALDAS";"Velocidade incompatível";"Tombamento";"Com Vítimas Feridas";"Amanhecer";"Crescente";"Ceu Claro";"Simples";"Curva";"Rural";2;0;1;0;1;0;1;1
83454022;"29/03/16";"Terça";"17:30:00";"ES";101;"269";"SERRA";"Outras";"Atropelamento de pessoa";"Com Vítimas Feridas";"Plena noite";"Crescente";"Ceu Claro";"Dupla";"Reta";"Urbano";2;0;1;0;1;0;1;1
83454023;"02/04/16";"Sábado";"20:10:00";"GO";153;"494";"GOIANIA";"Ingestão de álcool";"Colisão lateral";"Sem Vítimas";"Plena noite";"Decrescente";"Ceu Claro";"Dupla";"Reta";"Urbano";3;0;0;0;3;0;0;2
83454024;"25/03/16";"Sexta";"23:05:00";"PR";373;"175,9";"PONTA GROSSA";"Outras";"Colisão com objeto fixo";"Ignorado";"Plena noite";"Crescente";"Ceu Claro";"Dupla";"Reta";"Urbano";1;0;0;0;0;1;0;1
83454025;"03/04/16";"Domingo";"12:30:00";"BA";101;"155";"CONCEICAO DO JACUIPE";"Outras";"Colisão traseira";"Com Vítimas Feridas";"Pleno dia";"Crescente";"Sol";"Simples";"Curva";"Rural";5;0;2;2;1;0;4;3
83454026;"03/04/16";"Domingo";"02:10:00";"RN";304;"36,8";"MOSSORO";"Outras";"Atropelamento de pessoa";"Com Vítimas Fatais";"Plena noite";"Decrescente";"Nublado";"Dupla";"Reta";"Urbano";2;1;0;1;0;0;1;1
83454027;"05/04/16";"Terça";"19:00:00";"PE";407;"54,6";"PETROLINA";"Velocidade incompatível";"Tombamento";"Com Vítimas Feridas";"Plena noite";"Decrescente";"Nublado";"Simples";"Curva";"Rural";2;0;2;0;0;0;2;1
83454028;"26/03/16";"Sábado";"22:15:00";"MG";40;"516";"CONTAGEM";"Falta de atenção";"Colisão Transversal";"Com Vítimas Feridas";"Plena noite";"Decrescente";"Ceu Claro";"Dupla";"Curva";"Urbano";2;0;0;1;0;1;1;2
83454029;"03/04/16";"Domingo";"03:45:00";"PI";343;"601,8";"FLORIANO";"Falta de atenção";"Queda de motocicleta / bicicleta / veículo";"Com Vítimas Feridas";"Plena noite";"Decrescente";"Ceu Claro";"Simples";"Reta";"Urbano";1;0;0;1;0;0;1;1
83454030;"25/03/16";"Sexta";"10:20:00";"MT";163;"556,8";"NOVA MUTUM";"Falta de atenção";"Colisão frontal";"Com Vítimas Fatais";"Pleno dia";"Crescente";"Chuva";"Simples";"Reta";"Rural";9;3;0;4;2;0;4;3
83454031;"04/04/16";"Segunda";"05:45:00";"PB";230;"329";"QUIXABA";"Desobediência à sinalização";"Colisão Transversal";"Com Vítimas Feridas";"Amanhecer";"Decrescente";"Ceu Claro";"Simples";"Reta";"Rural";2;0;0;1;1;0;1;2
83454033;"06/04/16";"Quarta";"08:50:00";"SC";101;"119";"ITAJAI";"Outras";"Queda de motocicleta / bicicleta / veículo";"Com Vítimas Feridas";"Pleno dia";"Crescente";"Ceu Claro";"Múltipla";"Reta";"Urbano";2;0;2;0;0;0;2;1
83454034;"02/04/16";"Sábado";"08:30:00";"SC";101;"203";"SAO JOSE";"Ingestão de álcool";"Colisão traseira";"Sem Vítimas";"Pleno dia";"Decrescente";"Ceu Claro";"Simples";"Cruzamento";"Urbano";2;0;0;0;2;0;0;2
83454035;"06/04/16";"Quarta";"07:20:00";"PR";476;"152,8";"ARAUCARIA";"Ingestão de álcool";"Saída de Pista";"Com Vítimas Feridas";"Pleno dia";"Decrescente";"Ceu Claro";"Simples";"Reta";"Urbano";2;0;1;0;0;1;1;1
83454037;"29/03/16";"Terça";"18:30:00";"RJ";101;"236";"SILVA JARDIM";"Outras";"Colisão Transversal";"Com Vítimas Feridas";"Plena noite";"Decrescente";"Chuva";"Dupla";"Reta";"Rural";2;0;1;0;1;0;1;2