"id";"data_inversa";"dia_semana";"horario";"uf";"br";"km";"municipio";"causa_acidente";"tipo_acidente";"classificacao_acidente";"fase_dia";"sentido_via";"condicao_metereologica";"tipo_pista";"tracado_via";"uso_solo";"pessoas";"mortos";"feridos_leves";"feridos_graves";"ilesos";"ignorados";"feridos";"veiculos"
83454153;"02/04/16";"Sábado";"14:00:00";"SC";101;"358,7";"SANGAO";"Falta de atenção";"Colisão com bicicleta";"Com Vítimas Feridas";"Pleno dia";"Decrescente";"Sol";"Simples";"Reta";"Rural";2;0;0;1;1;0;1;2
83454154;"06/04/16";"Quarta";"17:30:00";"RS";116;"526";"PELOTAS";"Desobediência à sinalização";"Colisão Transversal";"Com Vítimas Feridas";"Pleno dia";"Decrescente";"Nublado";"Simples";"Cruzamento";"Urbano";2;0;1;0;1;0;1;2
83454155;"06/04/16";"Quarta";"09:48:00";"SP";116;"145";"SAO JOSE DOS CAMPOS";"Falta de atenção";"Colisão traseira";"Sem Vítimas";"Pleno dia";"Decrescente";"Ceu Claro";"Múltipla";"Reta";"Rural";4;0;0;0;4;0;0;4
83454156;"31/03/16";"Quinta";"03:10:00";"GO";40;"47";"LUZIANIA";"Animais na Pista";"Atropelamento de animal";"Com Vítimas Feridas";"Plena noite";"Decrescente";"Ceu Claro";"Simples";"Curva";"Rural";2;0;0;2;0;0;2;1
83454157;"06/04/16";"Quarta";"17:15:00";"MS";267;"482";"JARDIM";"Ingestão de álcool";"Colisão frontal";"Com Vítimas Feridas";"Pleno dia";"Decrescente";"Ceu Claro";"Simples";"Reta";"Urbano";2;0;1;0;1;0;1;2
83454158;"06/04/16";"Quarta";"14:30:00";"BA";415;"58";"ITABUNA";"Outras";"Capotamento";"Com Vítimas Feridas";"Pleno dia";"Decrescente";"Ceu Claro";"Simples";"Curva";"Rural";1;0;1;0;0;0;1;1
83454159;"06/04/16";"Quarta";"16:30:00";"SP";381;"21";"BRAGANCA PAULISTA";"Outras";"Saída de Pista";"Com Vítimas Feridas";"Pleno dia";"Decrescente";"Ceu Claro";"Dupla";"Reta";"Rural";1;0;1;0;0;0;1;1
83454160;"06/04/16";"Quarta";"17:45:00";"MS";163;"356";"NOVA ALVORADA DO SUL";"Falta de atenção";"Queda de motocicleta / bicicleta / veículo";"Com Vítimas Feridas";"Anoitecer";"Decrescente";"Nublado";"Simples";"Reta";"Rural";1;0;1;0;0;0;1;1
83454161;"03/04/16";"Domingo";"18:10:00";"MG";251;"330,2";"FRUTA DE LEITE";"Velocidade incompatível";"Tombamento";"Com Vítimas Feridas";"Anoitecer";"Crescente";"Ceu Claro";"Simples";"Curva";"Rural";1;0;1;0;0;0;1;1
83454162;"03/04/16";"Domingo";"16:15:00";"BA";324;"523";"FEIRA DE SANTANA";"Outras";"Queda de motocicleta / bicicleta / veículo";"Com Vítimas Feridas";"Pleno dia";"Decrescente";"Ceu Claro";"Dupla";"Reta";"Urbano";2;0;2;0;0;0;2;1
83454163;"06/04/16";"Quarta";"18:30:00";"SC";101;"207,4";"SAO JOSE";"Falta de atenção";"Colisão lateral";"Com Vítimas Feridas";"Plena noite";"Crescente";"Ceu Claro";"Dupla";"Reta";"Urbano";2;0;0;1;1;0;1;2
83454164;"06/04/16";"Quarta";"08:00:00";"GO";40;"2";"VALPARAISO DE GOIAS";"Falta de atenção";"Atropelamento de pessoa";"Com Vítimas Feridas";"Pleno dia";"Decrescente";"Sol";"Dupla";"Reta";"Urbano";2;0;1;0;1;0;1;1
83454165;"06/04/16";"Quarta";"14:30:00";"SP";116;"228,1";"SAO PAULO";"Outras";"Colisão lateral";"Com Vítimas Feridas";"Pleno dia";"Crescente";"Ceu Claro";"Múltipla";"Reta";"Urbano";2;0;1;0;1;0;1;2
83454166;"06/04/16";"Quarta";"18:50:00";"PE";101;"87";"JABOATAO DOS GUARARAPES";"Falta de atenção";"Colisão traseira";"Com Vítimas Feridas";"Plena noite";"Decrescente";"Nublado";"Dupla";"Reta";"Rural";2;0;1;0;1;0;1;2
83454167;"06/04/16";"Quarta";"17:10:00";"RJ";101;"422";"MANGARATIBA";"Defeito mecânico em veículo";"Colisão lateral";"Com Vítimas Feridas";"Pleno dia";"Decrescente";"Sol";"Simples";"Curva";"Urbano";2;0;1;0;1;0;1;2
83454168;"06/04/16";"Quarta";"18:40:00";"RS";116;"265";"CANOAS";"Falta de atenção";"Colisão traseira";"Sem Vítimas";"Plena noite";"Decrescente";"Chuva";"Múltipla";"Reta";"Urbano";2;0;0;0;2;0;0;2
83454170;"06/04/16";"Quarta";"16:50:00";"GO";153;"503,5";"GOIANIA";"Outras";"Colisão traseira";"Com Vítimas Feridas";"Pleno dia";"Decrescente";"Sol";"Dupla";"Reta";"Urbano";2;0;0;1;1;0;1;2
83454171;"06/04/16";"Quarta";"17:20:00";"GO";40;"1,8";"VALPARAISO DE GOIAS";"Outras";"Atropelamento de pessoa";"Com Vítimas Feridas";"Pleno dia";"Decrescente";"Ceu Claro";"Dupla";"Reta";"Urbano";2;0;1;0;0;1;1;1
83454172;"06/04/16";"Quarta";"13:45:00";"MG";50;"15";"ARAGUARI";"Falta de atenção";"Colisão traseira";"Sem Vítimas";"Pleno dia";"Crescente";"Ceu Claro";"Dupla";"Reta";"Rural";2;0;0;0;2;0;0;2
83454173;"06/04/16";"Quarta";"17:10:00";"BA";324;"605";"SIMOES FILHO";"Falta de atenção";"Colisão traseira";"Sem Vítimas";"Pleno dia";"Decrescente";"Nublado";"Dupla";"Reta";"Urbano";2;0;0;0;1;1;0;2
83454174;"06/04/16";"Quarta";"15:50:00";"SC";158;"124,8";"CAIBI";"Falta de atenção";"Saída de Pista";"Com Vítimas Feridas";"Pleno dia";"Crescente";"Sol";"Simples";"Curva";"Rural";1;0;0;1;0;0;1;1
83454175;"06/04/16";"Quarta";"19:10:00";"SC";101;"137,4";"BALNEARIO CAMBORIU";"Falta de atenção";"Colisão Transversal";"Com Vítimas Feridas";"Plena noite";"Crescente";"Ceu Claro";"Simples";"Reta";"Urbano";3;0;2;0;1;0;2;2
83454176;"05/04/16";"Terça";"15:40:00";"GO";70;"2";"AGUAS LINDAS DE GOIAS";"Outras";"Colisão traseira";"Sem Vítimas";"Pleno dia";"Crescente";"Ceu Claro";"Dupla";"Curva";"Rural";3;0;0;0;3;0;0;2
83454177;"06/04/16";"Quarta";"16:00:00";"MG";267;"347,1";"CAMBUQUIRA";"Falta de atenção";"Colisão Transversal";"Sem Vítimas";"Pleno dia";"Crescente";"Sol";"Simples";"Reta";"Rural";2;0;0;0;2;0;0;2
83454178;"06/04/16";"Quarta";"15:30:00";"GO";452;"143,6";"ITUMBIARA";"Defeito mecânico em veículo";"Incêndio";"Sem Vítimas";"Pleno dia";"Crescente";"Ceu Claro";"Simples";"Reta";"Rural";1;0;0;0;1;0;0;1
83454179;"03/04/16";"Domingo";"03:30:00";"GO";60;"0,7";"APARECIDA DE GOIANIA";"Outras";"Atropelamento de pessoa";"Com Vítimas Feridas";"Plena noite";"Crescente";"Ceu Claro";"Dupla";"Reta";"Urbano";4;0;2;1;0;1;3;2
83454180;"06/04/16";"Quarta";"16:00:00";"MT";364;"585";"DIAMANTINO";"Outras";"Saída de Pista";"Com Vítimas Feridas";"Pleno dia";"Decrescente";"Chuva";"Dupla";"Curva";"Rural";2;0;2;0;0;0;2;1
83454181;"06/04/16";"Quarta";"18:55:00";"SC";282;"539,4";"CHAPECO";"Falta de atenção";"Colisão lateral";"Com Vítimas Fatais";"Plena noite";"Crescente";"Ceu Claro";"Simples";"Curva";"Rural";4;1;2;0;1;0;2;3
83454182;"03/04/16";"Domingo";"00:05:00";"RJ";101;"413";"ITAGUAI";"Falta de atenção";"Atropelamento de pessoa";"Com Vítimas Fatais";"Plena noite";"Decrescente";"Nublado";"Dupla";"Reta";"Urbano";2;1;0;0;0;1;0;1
83454183;"28/03/16";"Segunda";"13:50:00";"RS";285;"191";"LAGOA VERMELHA";"Falta de atenção";"Colisão Transversal";"Sem Vítimas";"Pleno dia";"Decrescente";"Nublado";"Simples";"Curva";"Rural";2;0;0;0;2;0;0;2
83454184;"04/03/16";"Sexta";"04:30:00";"CE";116;"1,8";"FORTALEZA";"Ingestão de álcool";"Colisão traseira";"Sem Vítimas";"Plena noite";"Decrescente";"Ceu Claro";"Dupla";"Reta";"Urbano";2;0;0;0;1;1;0;2
83454185;"06/04/16";"Quarta";"20:00:00";"RS";116;"230,7";"IVOTI";"Desobediência à sinalização";"Colisão lateral";"Com Vítimas Feridas";"Plena noite";"Crescente";"Chuva";"Simples";"Curva";"Urbano";3;0;1;0;2;0;1;2
83454186;"02/04/16";"Sábado";"06:55:00";"MG";50;"182,8";"UBERABA";"Outras";"Queda de motocicleta / bicicleta / veículo";"Com Vítimas Feridas";"Pleno dia";"Decrescente";"Chuva";"Dupla";"Reta";"Urbano";1;0;1;0;0;0;1;1
83454187;"06/04/16";"Quarta";"18:20:00";"RS";101;"35,4";"TRES CACHOEIRAS";"Falta de atenção";"Colisão Transversal";"Com Vítimas Feridas";"Pleno dia";"Crescente";"Ceu Claro";"Dupla";"Reta";"Urbano";4;0;4;0;0;0;4;2
83454188;"06/04/16";"Quarta";"20:00:00";"SC";470;"249,9";"CURITIBANOS";"Desobediência à sinalização";"Colisão Transversal";"Sem Vítimas";"Plena noite";"Crescente";"Nublado";"Simples";"Reta";"Urbano";2;0;0;0;2;0;0;2
83454189;"30/03/16";"Quarta";"10:00:00";"BA";116;"571";"BREJOES";"Ultrapassagem indevida";"Colisão traseira";"Com Vítimas Feridas";"Pleno dia";"Decrescente";"Ceu Claro";"Simples";"Reta";"Rural";5;0;2;0;3;0;2;3
83454190;"06/04/16";"Quarta";"18:05:00";"PR";158;"412";"RIO BONITO DO IGUACU";"Ingestão de álcool";"Atropelamento de pessoa";"Com Vítimas Feridas";"Pleno dia";"Decrescente";"Sol";"Simples";"Curva";"Rural";2;0;1;0;1;0;1;1
83454191;"06/04/16";"Quarta";"18:40:00";"PI";343;"309,8";"ALTOS";"Animais na Pista";"Atropelamento de animal";"Com Vítimas Feridas";"Plena noite";"Decrescente";"Nublado";"Simples";"Reta";"Urbano";3;0;0;1;2;0;1;3
83454192;"06/04/16";"Quarta";"21:30:00";"RS";285;"289,4";"PASSO FUNDO";"Ingestão de álcool";"Tombamento";"Sem Vítimas";"Plena noite";"Crescente";"Nublado";"Dupla";"Cruzamento";"Urbano";1;0;0;0;1;0;0;1
83454193;"04/04/16";"Segunda";"23:00:00";"RS";470;"38";"BARRACAO";"Dormindo";"Saída de Pista";"Sem Vítimas";"Plena noite";"Decrescente";"Ceu Claro";"Simples";"Reta";"Rural";1;0;0;0;1;0;0;1
83454194;"02/04/16";"Sábado";"04:10:00";"SP";116;"224";"GUARULHOS";"Outras";"Capotamento";"Com Vítimas Feridas";"Plena noite";"Decrescente";"Ceu Claro";"Múltipla";"Reta";"Urbano";2;0;2;0;0;0;2;1
83454195;"06/04/16";"Quarta";"10:40:00";"BA";101;"164";"FEIRA DE SANTANA";"Falta de atenção";"Colisão Transversal";"Com Vítimas Feridas";"Pleno dia";"Crescente";"Sol";"Simples";"Reta";"Rural";3;0;1;0;2;0;1;2
83454196;"06/04/16";"Quarta";"18:00:00";"BA";410;"28";"TUCANO";"Velocidade incompatível";"Colisão traseira";"Com Vítimas Feridas";"Anoitecer";"Crescente";"Ceu Claro";"Simples";"Reta";"Rural";12;0;3;0;9;0;3;3
83454197;"06/04/16";"Quarta";"21:00:00";"SC";101;"42,1";"JOINVILLE";"Falta de atenção";"Colisão traseira";"Sem Vítimas";"Plena noite";"Crescente";"Ceu Claro";"Dupla";"Reta";"Urbano";2;0;0;0;2;0;0;2
83454198;"06/04/16";"Quarta";"07:20:00";"RS";285;"208";"LAGOA VERMELHA";"Falta de atenção";"Colisão Transversal";"Sem Vítimas";"Pleno dia";"Crescente";"Ceu Claro";"Simples";"Reta";"Rural";2;0;0;0;2;0;0;2
83454199;"06/04/16";"Quarta";"17:15:00";"PR";116;"17,9";"COLOMBO";"Outras";"Colisão traseira";"Com Vítimas Fatais";"Pleno dia";"Decrescente";"Ceu Claro";"Dupla";"Reta";"Urbano";2;1;0;0;1;0;0;2
83454200;"06/04/16";"Quarta";"20:55:00";"RS";285;"459,4";"IJUI";"Desobediência à sinalização";"Colisão lateral";"Sem Vítimas";"Plena noite";"Decrescente";"Ceu Claro";"Simples";"Reta";"Urbano";3;0;0;0;2;1;0;3
83454201;"06/04/16";"Quarta";"16:50:00";"PR";369;"155,5";"LONDRINA";"Não guardar distância de segurança";"Colisão traseira";"Sem Vítimas";"Pleno dia";"Decrescente";"Ceu Claro";"Dupla";"Reta";"Urbano";3;0;0;0;2;1;0;3
83454202;"06/04/16";"Quarta";"19:20:00";"SP";116;"455,3";"REGISTRO";"Outras";"Colisão com objeto fixo";"Sem Vítimas";"Plena noite";"Decrescente";"Nublado";"Dupla";"Curva";"Rural";3;0;0;0;3;0;0;2
83454203;"06/04/16";"Quarta";"18:40:00";"PR";369;"159";"CAMBE";"Falta de atenção";"Atropelamento de pessoa";"Com Vítimas Fatais";"Pleno dia";"Crescente";"Ceu Claro";"Dupla";"Reta";"Urbano";2;1;0;0;1;0;0;1
83454204;"29/03/16";"Terça";"20:30:00";"BA";407;"2";"JUAZEIRO";"Animais na Pista";"Atropelamento de animal";"Com Vítimas Feridas";"Plena noite";"Crescente";"Ceu Claro";"Simples";"Reta";"Urbano";2;0;2;0;0;0;2;1
83454205;"06/04/16";"Quarta";"17:30:00";"PR";116;"18,8";"CURITIBA";"Não guardar distância de segurança";"Colisão lateral";"Com Vítimas Feridas";"Pleno dia";"Decrescente";"Ceu Claro";"Múltipla";"Cruzamento";"Urbano";2;0;0;1;1;0;1;2
83454206;"06/04/16";"Quarta";"20:00:00";"SC";282;"217";"LAGES";"Falta de atenção";"Colisão com bicicleta";"Com Vítimas Feridas";"Plena noite";"Crescente";"Ceu Claro";"Simples";"Curva";"Urbano";2;0;1;0;1;0;1;2
83454207;"06/04/16";"Quarta";"20:30:00";"MS";163;"330";"RIO BRILHANTE";"Animais na Pista";"Atropelamento de animal";"Sem Vítimas";"Plena noite";"Crescente";"Nublado";"Simples";"Reta";"Rural";2;0;0;0;2;0;0;1
83454209;"06/04/16";"Quarta";"22:45:00";"MG";50;"52,6";"ARAGUARI";"Dormindo";"Colisão traseira";"Sem Vítimas";"Plena noite";"Decrescente";"Ceu Claro";"Dupla";"Reta";"Rural";2;0;0;0;2;0;0;2
83454210;"03/04/16";"Domingo";"04:35:00";"GO";153;"340,3";"JARAGUA";"Outras";"Saída de Pista";"Com Vítimas Fatais";"Plena noite";"Decrescente";"Ceu Claro";"Simples";"Reta";"Rural";3;1;0;2;0;0;2;1
83454211;"06/04/16";"Quarta";"18:34:00";"ES";262;"1";"VITORIA";"Falta de atenção";"Queda de motocicleta / bicicleta / veículo";"Com Vítimas Feridas";"Plena noite";"Decrescente";"Ceu Claro";"Dupla";"Reta";"Urbano";2;0;1;0;0;1;1;2
83454212;"06/04/16";"Quarta";"15:00:00";"MS";262;"765";"CORUMBA";"Animais na Pista";"Atropelamento de animal";"Sem Vítimas";"Pleno dia";"Decrescente";"Ceu Claro";"Simples";"Reta";"Rural";2;0;0;0;2;0;0;1
83454213;"06/04/16";"Quarta";"21:30:00";"MG";262;"32,7";"MANHUACU";"Velocidade incompatível";"Colisão traseira";"Com Vítimas Feridas";"Plena noite";"Crescente";"Ceu Claro";"Simples";"Reta";"Rural";3;0;0;2;1;0;2;2
83454214;"02/04/16";"Sábado";"12:20:00";"GO";40;"17,4";"LUZIANIA";"Falta de atenção";"Colisão Transversal";"Com Vítimas Feridas";"Pleno dia";"Decrescente";"Ceu Claro";"Dupla";"Reta";"Rural";2;0;1;0;1;0;1;2
83454215;"06/04/16";"Quarta";"23:40:00";"CE";20;"337,8";"CARIDADE";"Velocidade incompatível";"Saída de Pista";"Sem Vítimas";"Plena noite";"Crescente";"Chuva";"Simples";"Reta";"Rural";2;0;0;0;2;0;0;1
83454216;"06/04/16";"Quarta";"22:30:00";"SC";101;"112";"ITAJAI";"Ingestão de álcool";"Queda de motocicleta / bicicleta / veículo";"Sem Vítimas";"Plena noite";"Crescente";"Ceu Claro";"Múltipla";"Reta";"Urbano";1;0;0;0;1;0;0;1
83454217;"06/04/16";"Quarta";"12:40:00";"PE";232;"267,7";"SERTANIA";"Defeito mecânico em veículo";"Capotamento";"Com Vítimas Feridas";"Pleno dia";"Crescente";"Ceu Claro";"Simples";"Curva";"Rural";1;0;1;0;0;0;1;1
83454218;"06/04/16";"Quarta";"18:30:00";"MS";163;"475,8";"CAMPO GRANDE";"Defeito na via";"Saída de Pista";"Sem Vítimas";"Plena noite";"Decrescente";"Chuva";"Simples";"Reta";"Urbano";2;0;0;0;2;0;0;2
83454219;"06/04/16";"Quarta";"19:00:00";"PB";230;"467";"SOUSA";"Falta de atenção";"Colisão traseira";"Com Vítimas Feridas";"Plena noite";"Crescente";"Ceu Claro";"Simples";"Reta";"Rural";3;0;1;1;0;1;2;2
83454220;"06/04/16";"Quarta";"17:30:00";"PR";476;"115";"COLOMBO";"Desobediência à sinalização";"Colisão Transversal";"Sem Vítimas";"Anoitecer";"Decrescente";"Ceu Claro";"Dupla";"Cruzamento";"Urbano";2;0;0;0;2;0;0;2
83454221;"13/01/16";"Quarta";"08:20:00";"RS";392;"26";"RIO GRANDE";"Falta de atenção";"Colisão lateral";"Sem Vítimas";"Pleno dia";"Crescente";"Nublado";"Dupla";"Reta";"Urbano";4;0;0;0;4;0;0;2
83454222;"06/04/16";"Quarta";"09:40:00";"MG";381;"181,7";"PERIQUITO";"Ultrapassagem indevida";"Colisão lateral";"Com Vítimas Feridas";"Pleno dia";"Crescente";"Ceu Claro";"Simples";"Reta";"Rural";2;0;0;1;1;0;1;2
83454223;"06/04/16";"Quarta";"07:10:00";"PB";230;"21,8";"JOAO PESSOA";"Velocidade incompatível";"Colisão traseira";"Com Vítimas Feridas";"Pleno dia";"Decrescente";"Nublado";"Dupla";"Reta";"Urbano";2;0;1;0;1;0;1;2
83454224;"09/01/16";"Sábado";"11:00:00";"BA";101;"691";"EUNAPOLIS";"Velocidade incompatível";"Capotamento";"Sem Vítimas";"Pleno dia";"Decrescente";"Ceu Claro";"Simples";"Curva";"Rural";1;0;0;0;1;0;0;1
83454226;"07/04/16";"Quinta";"02:00:00";"RS";101;"57,9";"MAQUINE";"Dormindo";"Saída de Pista";"Com Vítimas Feridas";"Plena noite";"Crescente";"Nublado";"Dupla";"Reta";"Rural";1;0;1;0;0;0;1;1
83454227;"06/04/16";"Quarta";"20:10:00";"BA";324;"530";"FEIRA DE SANTANA";"Outras";"Saída de Pista";"Sem Vítimas";"Plena noite";"Decrescente";"Ceu Claro";"Dupla";"Cruzamento";"Rural";1;0;0;0;1;0;0;1
83454228;"06/04/16";"Quarta";"21:30:00";"RS";153;"666";"ACEGUA";"Velocidade incompatível";"Saída de Pista";"Com Vítimas Feridas";"Plena noite";"Decrescente";"Chuva";"Simples";"Curva";"Rural";1;0;1;0;0;0;1;1
83454229;"05/04/16";"Terça";"06:45:00";"SP";153;"188,9";"LINS";"Dormindo";"Colisão frontal";"Com Vítimas Feridas";"Amanhecer";"Decrescente";"Ceu Claro";"Simples";"Reta";"Rural";3;0;3;0;0;0;3;2
83454230;"09/03/16";"Quarta";"07:00:00";"PR";116;"118";"CURITIBA";"Outras";"Queda de motocicleta / bicicleta / veículo";"Com Vítimas Feridas";"Amanhecer";"Decrescente";"Ignorada";"Dupla";"Reta";"Urbano";1;0;1;0;0;0;1;1
83454231;"06/04/16";"Quarta";"23:45:00";"GO";452;"157,8";"ITUMBIARA";"Ultrapassagem indevida";"Saída de Pista";"Sem Vítimas";"Plena noite";"Decrescente";"Ceu Claro";"Simples";"Reta";"Rural";1;0;0;0;1;0;0;1
83454232;"06/04/16";"Quarta";"19:00:00";"GO";50;"273,5";"CATALAO";"Desobediência à sinalização";"Colisão frontal";"Com Vítimas Fatais";"Plena noite";"Crescente";"Ceu Claro";"Simples";"Reta";"Urbano";3;1;1;1;0;0;2;2
83454233;"06/04/16";"Quarta";"22:55:00";"GO";153;"631";"MORRINHOS";"Dormindo";"Colisão traseira";"Com Vítimas Feridas";"Plena noite";"Crescente";"Ceu Claro";"Dupla";"Reta";"Rural";2;0;0;1;1;0;1;2
83454234;"29/03/16";"Terça";"19:10:00";"GO";40;"1,7";"VALPARAISO DE GOIAS";"Falta de atenção";"Colisão lateral";"Com Vítimas Feridas";"Plena noite";"Crescente";"Ceu Claro";"Dupla";"Reta";"Urbano";3;0;2;0;1;0;2;2
83454235;"06/04/16";"Quarta";"21:40:00";"CE";222;"16";"CAUCAIA";"Falta de atenção";"Colisão lateral";"Com Vítimas Feridas";"Plena noite";"Crescente";"Chuva";"Simples";"Reta";"Urbano";3;0;1;1;1;0;2;2
83454236;"02/04/16";"Sábado";"13:15:00";"MA";230;"559";"ESTREITO";"Falta de atenção";"Colisão Transversal";"Com Vítimas Feridas";"Pleno dia";"Decrescente";"Ceu Claro";"Simples";"Reta";"Urbano";3;0;2;1;0;0;3;2
83454237;"06/04/16";"Quarta";"20:00:00";"PR";277;"194,4";"PALMEIRA";"Falta de atenção";"Colisão frontal";"Com Vítimas Feridas";"Plena noite";"Decrescente";"Ceu Claro";"Simples";"Reta";"Rural";6;0;5;0;1;0;5;2
83454238;"07/04/16";"Quinta";"01:00:00";"SC";101;"198";"BIGUACU";"Outras";"Colisão lateral";"Com Vítimas Feridas";"Plena noite";"Decrescente";"Ceu Claro";"Múltipla";"Reta";"Urbano";2;0;1;0;1;0;1;2
83454239;"07/04/16";"Quinta";"04:00:00";"SC";101;"154";"PORTO BELO";"Dormindo";"Saída de Pista";"Sem Vítimas";"Plena noite";"Crescente";"Ceu Claro";"Dupla";"Reta";"Rural";1;0;0;0;1;0;0;1
83454240;"07/04/16";"Quinta";"04:30:00";"SC";101;"138,2";"BALNEARIO CAMBORIU";"Falta de atenção";"Colisão lateral";"Com Vítimas Feridas";"Plena noite";"Decrescente";"Ceu Claro";"Dupla";"Reta";"Urbano";2;0;1;0;1;0;1;2
83454241;"06/04/16";"Quarta";"20:00:00";"RO";364;"337";"JI-PARANA";"Defeito na via";"Colisão traseira";"Sem Vítimas";"Plena noite";"Decrescente";"Nublado";"Simples";"Reta";"Rural";7;0;0;0;7;0;0;2
83454242;"06/04/16";"Quarta";"15:15:00";"PR";376;"434,6";"TIBAGI";"Falta de atenção";"Colisão Transversal";"Com Vítimas Fatais";"Pleno dia";"Crescente";"Ceu Claro";"Simples";"Curva";"Rural";2;1;0;0;1;0;0;2
83454243;"07/04/16";"Quinta";"02:58:00";"RS";290;"549";"ALEGRETE";"Dormindo";"Saída de Pista";"Sem Vítimas";"Plena noite";"Crescente";"Nevoeiro/neblina";"Simples";"Reta";"Rural";1;0;0;0;1;0;0;1
83454244;"06/04/16";"Quarta";"22:30:00";"PR";116;"82";"SAO JOSE DOS PINHAIS";"Dormindo";"Saída de Pista";"Com Vítimas Feridas";"Plena noite";"Crescente";"Ceu Claro";"Dupla";"Reta";"Rural";1;0;1;0;0;0;1;1
83454245;"07/04/16";"Quinta";"04:35:00";"ES";101;"270";"SERRA";"Velocidade incompatível";"Colisão com objeto fixo";"Com Vítimas Feridas";"Plena noite";"Crescente";"Ceu Claro";"Múltipla";"Curva";"Urbano";2;0;2;0;0;0;2;1
83454246;"31/01/16";"Domingo";"04:00:00";"CE";20;"431";"FORTALEZA";"Outras";"Colisão frontal";"Com Vítimas Fatais";"Plena noite";"Decrescente";"Ceu Claro";"Dupla";"Reta";"Urbano";3;2;0;1;0;0;1;2
83454247;"06/04/16";"Quarta";"20:00:00";"CE";116;"485,3";"MILAGRES";"Defeito na via";"Saída de Pista";"Com Vítimas Feridas";"Plena noite";"Decrescente";"Ignorada";"Simples";"Reta";"Urbano";1;0;1;0;0;0;1;1
83454248;"07/04/16";"Quinta";"05:50:00";"RS";386;"244";"SOLEDADE";"Animais na Pista";"Atropelamento de animal";"Sem Vítimas";"Plena noite";"Crescente";"Ceu Claro";"Simples";"Reta";"Urbano";1;0;0;0;1;0;0;1
83454249;"07/04/16";"Quinta";"03:30:00";"SP";116;"92";"PINDAMONHANGABA";"Defeito mecânico em veículo";"Incêndio";"Sem Vítimas";"Plena noite";"Decrescente";"Ceu Claro";"Dupla";"Reta";"Urbano";1;0;0;0;1;0;0;1
83454250;"07/04/16";"Quinta";"05:10:00";"PE";101;"74";"RECIFE";"Velocidade incompatível";"Tombamento";"Sem Vítimas";"Amanhecer";"Decrescente";"Nublado";"Dupla";"Curva";"Urbano";1;0;0;0;1;0;0;1
83454251;"03/04/16";"Domingo";"19:00:00";"PB";230;"31";"BAYEUX";"Falta de atenção";"Saída de Pista";"Sem Vítimas";"Plena noite";"Decrescente";"Nublado";"Dupla";"Reta";"Urbano";1;0;0;0;1;0;0;1
83454252;"07/04/16";"Quinta";"03:50:00";"PR";476;"280";"SAO MATEUS DO SUL";"Ingestão de álcool";"Capotamento";"Com Vítimas Feridas";"Pleno dia";"Decrescente";"Nevoeiro/neblina";"Simples";"Reta";"Urbano";1;0;1;0;0;0;1;1
83454253;"07/04/16";"Quinta";"05:00:00";"SC";470;"64";"INDAIAL";"Outras";"Colisão frontal";"Com Vítimas Feridas";"Plena noite";"Decrescente";"Ceu Claro";"Simples";"Curva";"Urbano";2;0;1;0;0;1;1;2
83454254;"06/04/16";"Quarta";"10:30:00";"MT";70;"606,4";"POCONE";"Falta de atenção";"Saída de Pista";"Sem Vítimas";"Pleno dia";"Crescente";"Sol";"Simples";"Curva";"Rural";1;0;0;0;1;0;0;1
83454255;"06/04/16";"Quarta";"19:00:00";"SC";282;"40,8";"AGUAS MORNAS";"Falta de atenção";"Colisão Transversal";"Sem Vítimas";"Pleno dia";"Decrescente";"Ceu Claro";"Simples";"Cruzamento";"Rural";2;0;0;0;2;0;0;2
83454256;"06/04/16";"Quarta";"19:00:00";"RO";364;"341,3";"JI-PARANA";"Outras";"Atropelamento de pessoa";"Com Vítimas Feridas";"Plena noite";"Crescente";"Ceu Claro";"Múltipla";"Reta";"Urbano";2;0;1;0;1;0;1;1
83454258;"07/04/16";"Quinta";"04:40:00";"CE";20;"362,3";"CANINDE";"Defeito na via";"Capotamento";"Com Vítimas Feridas";"Plena noite";"Crescente";"Chuva";"Simples";"Curva";"Rural";2;0;2;0;0;0;2;1
83454259;"06/04/16";"Quarta";"20:50:00";"PR";487;"142,2";"TUNEIRAS DO OESTE";"Ingestão de álcool";"Colisão frontal";"Com Vítimas Fatais";"Plena noite";"Crescente";"Ceu Claro";"Simples";"Reta";"Rural";4;2;0;1;1;0;1;2
83454260;"07/04/16";"Quinta";"06:30:00";"RS";285;"305,9";"PASSO FUNDO";"Ingestão de álcool";"Saída de Pista";"Sem Vítimas";"Amanhecer";"Crescente";"Ceu Claro";"Simples";"Curva";"Rural";1;0;0;0;1;0;0;1
83454261;"06/04/16";"Quarta";"21:40:00";"MG";40;"235,3";"SAO GONCALO DO ABAETE";"Velocidade incompatível";"Saída de Pista";"Sem Vítimas";"Plena noite";"Crescente";"Ceu Claro";"Simples";"Reta";"Rural";3;0;0;0;3;0;0;1
83454262;"06/04/16";"Quarta";"21:00:00";"MG";40;"175,6";"JOAO PINHEIRO";"Defeito mecânico em veículo";"Saída de Pista";"Com Vítimas Feridas";"Plena noite";"Decrescente";"Ceu Claro";"Simples";"Curva";"Rural";1;0;1;0;0;0;1;1
83454263;"07/04/16";"Quinta";"07:05:00";"RJ";101;"295";"ITABORAI";"Não guardar distância de segurança";"Colisão com bicicleta";"Com Vítimas Feridas";"Pleno dia";"Crescente";"Ceu Claro";"Dupla";"Reta";"Urbano";2;0;1;0;1;0;1;2