"id";"data_inversa";"dia_semana";"horario";"uf";"br";"km";"municipio";"causa_acidente";"tipo_acidente";"classificacao_acidente";"fase_dia";"sentido_via";"condicao_metereologica";"tipo_pista";"tracado_via";"uso_solo";"pessoas";"mortos";"feridos_leves";"feridos_graves";"ilesos";"ignorados";"feridos";"veiculos"
83454489;"07/04/16";"Quinta";"17:50:00";"PR";369;"190";"ARAPONGAS";"Desobediência à sinalização";"Colisão lateral";"Com Vítimas Feridas";"Anoitecer";"Crescente";"Ceu Claro";"Dupla";"Cruzamento";"Urbano";2;0;0;2;0;0;2;2
83454490;"07/04/16";"Quinta";"19:40:00";"RS";116;"46";"VACARIA";"Não guardar distância de segurança";"Colisão traseira";"Com Vítimas Feridas";"Plena noite";"Crescente";"Ceu Claro";"Simples";"Reta";"Rural";2;0;1;0;1;0;1;2
83454491;"08/04/16";"Sexta";"01:00:00";"RS";153;"43,3";"ERECHIM";"Dormindo";"Colisão frontal";"Com Vítimas Feridas";"Plena noite";"Decrescente";"Ceu Claro";"Simples";"Reta";"Rural";2;0;0;1;1;0;1;2
83454492;"07/04/16";"Quinta";"20:45:00";"AL";316;"250,5";"PILAR";"Ingestão de álcool";"Saída de Pista";"Com Vítimas Feridas";"Plena noite";"Crescente";"Nublado";"Simples";"Reta";"Rural";1;0;1;0;0;0;1;1
83454493;"08/04/16";"Sexta";"01:35:00";"MS";158;"281,9";"TRES LAGOAS";"Ingestão de álcool";"Colisão traseira";"Sem Vítimas";"Plena noite";"Crescente";"Ceu Claro";"Dupla";"Reta";"Rural";2;0;0;0;2;0;0;2
83454494;"08/04/16";"Sexta";"01:10:00";"PR";369;"523";"CASCAVEL";"Ingestão de álcool";"Queda de motocicleta / bicicleta / veículo";"Com Vítimas Feridas";"Plena noite";"Crescente";"Ceu Claro";"Simples";"Curva";"Urbano";1;0;1;0;0;0;1;1
83454495;"07/04/16";"Quinta";"15:30:00";"SP";381;"19";"BRAGANCA PAULISTA";"Outras";"Tombamento";"Sem Vítimas";"Pleno dia";"Crescente";"Ceu Claro";"Dupla";"Reta";"Rural";2;0;0;0;2;0;0;2
83454496;"07/04/16";"Quinta";"16:20:00";"MG";40;"557";"NOVA LIMA";"Desobediência à sinalização";"Colisão lateral";"Com Vítimas Feridas";"Pleno dia";"Decrescente";"Ceu Claro";"Dupla";"Curva";"Urbano";2;0;0;1;1;0;1;2
83454497;"07/04/16";"Quinta";"18:10:00";"BA";101;"513";"ITABUNA";"Outras";"Colisão lateral";"Com Vítimas Fatais";"Plena noite";"Crescente";"Ceu Claro";"Simples";"Curva";"Rural";3;1;2;0;0;0;2;2
83454498;"07/04/16";"Quinta";"11:00:00";"GO";50;"226,2";"CAMPO ALEGRE DE GOIAS";"Defeito mecânico em veículo";"Colisão com objeto fixo";"Sem Vítimas";"Pleno dia";"Crescente";"Ceu Claro";"Simples";"Reta";"Rural";1;0;0;0;1;0;0;1
83454499;"08/04/16";"Sexta";"02:15:00";"RS";290;"154,3";"ARROIO DOS RATOS";"Não guardar distância de segurança";"Colisão traseira";"Sem Vítimas";"Plena noite";"Crescente";"Nublado";"Simples";"Reta";"Rural";2;0;0;0;2;0;0;2
83454500;"08/04/16";"Sexta";"04:50:00";"SP";116;"270,5";"TABOAO DA SERRA";"Falta de atenção";"Capotamento";"Sem Vítimas";"Plena noite";"Crescente";"Ceu Claro";"Dupla";"Reta";"Rural";2;0;0;0;2;0;0;1
83454501;"07/04/16";"Quinta";"14:25:00";"SP";116;"272";"ITAPECERICA DA SERRA";"Velocidade incompatível";"Queda de motocicleta / bicicleta / veículo";"Com Vítimas Feridas";"Pleno dia";"Decrescente";"Ceu Claro";"Dupla";"Reta";"Urbano";2;0;2;0;0;0;2;1
83454502;"08/04/16";"Sexta";"05:00:00";"RJ";101;"262";"RIO BONITO";"Outras";"Colisão com objeto fixo";"Com Vítimas Feridas";"Amanhecer";"Decrescente";"Ignorada";"Simples";"Reta";"Urbano";1;0;1;0;0;0;1;1
83454503;"08/04/16";"Sexta";"04:55:00";"RN";110;"48";"MOSSORO";"Ingestão de álcool";"Colisão frontal";"Com Vítimas Feridas";"Amanhecer";"Decrescente";"Ceu Claro";"Simples";"Reta";"Urbano";7;0;3;1;3;0;4;2
83454504;"08/04/16";"Sexta";"05:15:00";"RS";116;"150,2";"CAXIAS DO SUL";"Desobediência à sinalização";"Colisão Transversal";"Sem Vítimas";"Amanhecer";"Crescente";"Ceu Claro";"Dupla";"Reta";"Urbano";2;0;0;0;2;0;0;2
83454505;"31/03/16";"Quinta";"13:30:00";"MG";40;"589";"ITABIRITO";"Não guardar distância de segurança";"Colisão traseira";"Sem Vítimas";"Pleno dia";"Crescente";"Ceu Claro";"Simples";"Reta";"Rural";2;0;0;0;2;0;0;2
83454506;"07/04/16";"Quinta";"20:40:00";"MG";381;"495";"BETIM";"Outras";"Colisão lateral";"Sem Vítimas";"Plena noite";"Crescente";"Ceu Claro";"Dupla";"Reta";"Urbano";2;0;0;0;2;0;0;2
83454507;"07/04/16";"Quinta";"20:40:00";"MT";364;"488";"JANGADA";"Falta de atenção";"Colisão traseira";"Com Vítimas Feridas";"Plena noite";"Crescente";"Ignorada";"Simples";"Reta";"Rural";2;0;1;0;1;0;1;2
83454508;"06/04/16";"Quarta";"08:10:00";"RJ";101;"67";"CAMPOS DOS GOYTACAZES";"Falta de atenção";"Colisão Transversal";"Sem Vítimas";"Pleno dia";"Crescente";"Ceu Claro";"Simples";"Reta";"Urbano";2;0;0;0;2;0;0;2
83454509;"08/04/16";"Sexta";"05:20:00";"RJ";101;"304";"SAO GONCALO";"Ingestão de álcool";"Atropelamento de pessoa";"Com Vítimas Fatais";"Plena noite";"Crescente";"Ceu Claro";"Dupla";"Reta";"Urbano";2;1;0;0;1;0;0;1
83454510;"02/04/16";"Sábado";"20:00:00";"MG";40;"514";"RIBEIRAO DAS NEVES";"Outras";"Capotamento";"Com Vítimas Feridas";"Plena noite";"Decrescente";"Ignorada";"Dupla";"Reta";"Urbano";1;0;1;0;0;0;1;1
83454511;"04/04/16";"Segunda";"21:40:00";"ES";101;"262,5";"SERRA";"Falta de atenção";"Colisão lateral";"Com Vítimas Feridas";"Plena noite";"Crescente";"Nublado";"Dupla";"Cruzamento";"Urbano";3;0;1;0;2;0;1;2
83454512;"30/03/16";"Quarta";"19:00:00";"RJ";101;"135";"CARAPEBUS";"Outras";"Colisão traseira";"Com Vítimas Feridas";"Plena noite";"Decrescente";"Ceu Claro";"Dupla";"Reta";"Rural";2;0;0;1;0;1;1;2
83454513;"08/04/16";"Sexta";"04:10:00";"PR";163;"163,5";"LINDOESTE";"Outras";"Tombamento";"Sem Vítimas";"Plena noite";"Crescente";"Ceu Claro";"Simples";"Curva";"Rural";1;0;0;0;1;0;0;1
83454514;"11/02/16";"Quinta";"17:45:00";"MG";262;"614,9";"CAMPOS ALTOS";"Falta de atenção";"Colisão frontal";"Com Vítimas Feridas";"Pleno dia";"Decrescente";"Sol";"Simples";"Curva";"Rural";2;0;2;0;0;0;2;2
83454515;"08/04/16";"Sexta";"07:15:00";"PR";158;"517,8";"PATO BRANCO";"Defeito mecânico em veículo";"Queda de motocicleta / bicicleta / veículo";"Com Vítimas Feridas";"Amanhecer";"Decrescente";"Ceu Claro";"Simples";"Curva";"Rural";2;0;2;0;0;0;2;1
83454516;"04/04/16";"Segunda";"17:50:00";"PR";116;"138";"MANDIRITUBA";"Outras";"Colisão com objeto fixo";"Sem Vítimas";"Anoitecer";"Decrescente";"Ceu Claro";"Simples";"Curva";"Rural";1;0;0;0;1;0;0;1
83454517;"08/04/16";"Sexta";"05:00:00";"RO";364;"736";"PORTO VELHO";"Animais na Pista";"Atropelamento de animal";"Sem Vítimas";"Amanhecer";"Crescente";"Ceu Claro";"Simples";"Reta";"Rural";1;0;0;0;1;0;0;1
83454518;"04/04/16";"Segunda";"16:30:00";"MG";116;"247";"TEOFILO OTONI";"Desobediência à sinalização";"Colisão lateral";"Com Vítimas Fatais";"Pleno dia";"Decrescente";"Ceu Claro";"Simples";"Curva";"Rural";2;1;0;0;1;0;0;2
83454519;"06/04/16";"Quarta";"20:08:00";"PR";163;"295";"MARECHAL CANDIDO RONDON";"Ultrapassagem indevida";"Colisão frontal";"Com Vítimas Fatais";"Plena noite";"Crescente";"Ceu Claro";"Simples";"Curva";"Rural";3;1;1;0;1;0;1;2
83454520;"08/04/16";"Sexta";"05:00:00";"PE";428;"142";"PETROLINA";"Outras";"Colisão traseira";"Com Vítimas Feridas";"Amanhecer";"Decrescente";"Ceu Claro";"Simples";"Reta";"Rural";3;0;1;1;1;0;2;2
83454521;"07/04/16";"Quinta";"22:20:00";"BA";367;"73,2";"EUNAPOLIS";"Outras";"Queda de motocicleta / bicicleta / veículo";"Com Vítimas Feridas";"Plena noite";"Crescente";"Ceu Claro";"Simples";"Curva";"Rural";1;0;1;0;0;0;1;1
83454522;"08/04/16";"Sexta";"07:35:00";"MG";381;"500,8";"BETIM";"Desobediência à sinalização";"Saída de Pista";"Sem Vítimas";"Pleno dia";"Crescente";"Sol";"Múltipla";"Reta";"Urbano";1;0;0;0;1;0;0;1
83454523;"04/04/16";"Segunda";"07:30:00";"MG";40;"517,6";"RIBEIRAO DAS NEVES";"Não guardar distância de segurança";"Colisão traseira";"Com Vítimas Feridas";"Pleno dia";"Decrescente";"Ceu Claro";"Dupla";"Reta";"Urbano";4;0;1;0;3;0;1;3
83454524;"08/04/16";"Sexta";"06:35:00";"RS";290;"115,1";"ELDORADO DO SUL";"Dormindo";"Colisão frontal";"Com Vítimas Feridas";"Amanhecer";"Decrescente";"Nublado";"Simples";"Reta";"Rural";2;0;1;0;1;0;1;2
83454525;"05/04/16";"Terça";"03:30:00";"MG";251;"267";"SALINAS";"Dormindo";"Saída de Pista";"Com Vítimas Feridas";"Plena noite";"Decrescente";"Ceu Claro";"Simples";"Reta";"Rural";3;0;0;3;0;0;3;1
83454526;"01/04/16";"Sexta";"17:15:00";"PR";277;"589";"CASCAVEL";"Falta de atenção";"Colisão frontal";"Com Vítimas Feridas";"Anoitecer";"Crescente";"Ceu Claro";"Simples";"Reta";"Urbano";3;0;0;1;2;0;1;2
83454527;"08/04/16";"Sexta";"05:30:00";"PE";232;"533,5";"SALGUEIRO";"Dormindo";"Colisão lateral";"Com Vítimas Feridas";"Amanhecer";"Decrescente";"Ceu Claro";"Simples";"Reta";"Rural";3;0;2;0;1;0;2;2
83454528;"08/04/16";"Sexta";"06:40:00";"SE";235;"5,8";"NOSSA SENHORA DO SOCORRO";"Falta de atenção";"Queda de motocicleta / bicicleta / veículo";"Com Vítimas Feridas";"Pleno dia";"Decrescente";"Ceu Claro";"Dupla";"Reta";"Urbano";2;0;2;0;0;0;2;1
83454529;"28/02/16";"Domingo";"22:15:00";"CE";116;"9";"FORTALEZA";"Falta de atenção";"Colisão Transversal";"Com Vítimas Feridas";"Plena noite";"Crescente";"Ignorada";"Dupla";"Reta";"Urbano";2;0;1;0;1;0;1;2
83454530;"03/04/16";"Domingo";"12:20:00";"GO";60;"256";"INDIARA";"Outras";"Colisão traseira";"Com Vítimas Feridas";"Pleno dia";"Crescente";"Sol";"Dupla";"Reta";"Rural";2;0;0;1;1;0;1;2
83454531;"08/04/16";"Sexta";"08:15:00";"PR";153;"104,6";"IBAITI";"Falta de atenção";"Colisão Transversal";"Sem Vítimas";"Pleno dia";"Decrescente";"Ceu Claro";"Simples";"Cruzamento";"Rural";2;0;0;0;2;0;0;2
83454533;"07/04/16";"Quinta";"21:00:00";"GO";153;"675";"PANAMA";"Outras";"Tombamento";"Sem Vítimas";"Plena noite";"Decrescente";"Ceu Claro";"Dupla";"Reta";"Rural";1;0;0;0;1;0;0;1
83454534;"07/04/16";"Quinta";"19:05:00";"SP";116;"272";"TABOAO DA SERRA";"Não guardar distância de segurança";"Colisão lateral";"Com Vítimas Feridas";"Plena noite";"Crescente";"Ignorada";"Dupla";"Reta";"Urbano";3;0;1;1;1;0;2;2
83454535;"08/04/16";"Sexta";"06:00:00";"GO";153;"702";"ITUMBIARA";"Outras";"Saída de Pista";"Com Vítimas Fatais";"Plena noite";"Decrescente";"Ceu Claro";"Dupla";"Reta";"Urbano";2;2;0;0;0;0;0;1
83454536;"08/04/16";"Sexta";"08:00:00";"RJ";101;"399";"ITAGUAI";"Outras";"Queda de motocicleta / bicicleta / veículo";"Com Vítimas Feridas";"Pleno dia";"Crescente";"Sol";"Dupla";"Reta";"Urbano";1;0;1;0;0;0;1;1
83454539;"07/04/16";"Quinta";"05:05:00";"AM";174;"909";"MANAUS";"Dormindo";"Saída de Pista";"Com Vítimas Feridas";"Amanhecer";"Decrescente";"Ceu Claro";"Simples";"Curva";"Rural";45;0;4;0;41;0;4;1
83454540;"08/04/16";"Sexta";"07:50:00";"PI";316;"4,4";"TERESINA";"Animais na Pista";"Atropelamento de animal";"Com Vítimas Feridas";"Pleno dia";"Decrescente";"Nublado";"Múltipla";"Reta";"Urbano";1;0;1;0;0;0;1;1
83454541;"30/03/16";"Quarta";"06:00:00";"PR";369;"30";"CAMBARA";"Animais na Pista";"Atropelamento de animal";"Sem Vítimas";"Amanhecer";"Crescente";"Ceu Claro";"Simples";"Reta";"Rural";1;0;0;0;1;0;0;1
83454542;"04/04/16";"Segunda";"20:00:00";"SP";116;"226";"GUARULHOS";"Falta de atenção";"Colisão traseira";"Sem Vítimas";"Plena noite";"Decrescente";"Ceu Claro";"Dupla";"Reta";"Urbano";5;0;0;0;3;2;0;5
83454543;"07/04/16";"Quinta";"12:30:00";"MT";163;"862,1";"SINOP";"Falta de atenção";"Colisão frontal";"Com Vítimas Fatais";"Pleno dia";"Crescente";"Ceu Claro";"Simples";"Reta";"Rural";3;2;0;0;1;0;0;2
83454544;"05/04/16";"Terça";"05:30:00";"CE";116;"390,2";"ICO";"Defeito mecânico em veículo";"Saída de Pista";"Com Vítimas Feridas";"Amanhecer";"Decrescente";"Ceu Claro";"Simples";"Reta";"Rural";1;0;1;0;0;0;1;1
83454545;"08/04/16";"Sexta";"06:55:00";"MG";116;"275";"TEOFILO OTONI";"Falta de atenção";"Colisão traseira";"Com Vítimas Feridas";"Pleno dia";"Crescente";"Ceu Claro";"Simples";"Reta";"Urbano";3;0;1;0;2;0;1;2
83454546;"08/04/16";"Sexta";"07:00:00";"SE";235;"3,2";"ARACAJU";"Defeito mecânico em veículo";"Queda de motocicleta / bicicleta / veículo";"Com Vítimas Feridas";"Pleno dia";"Decrescente";"Nublado";"Dupla";"Reta";"Rural";2;0;2;0;0;0;2;1
83454547;"08/04/16";"Sexta";"06:45:00";"MT";364;"399";"CUIABA";"Desobediência à sinalização";"Colisão lateral";"Com Vítimas Feridas";"Pleno dia";"Decrescente";"Ceu Claro";"Simples";"Reta";"Urbano";2;0;0;1;1;0;1;2
83454548;"08/04/16";"Sexta";"07:05:00";"RJ";40;"61,6";"PETROPOLIS";"Falta de atenção";"Colisão traseira";"Com Vítimas Feridas";"Pleno dia";"Decrescente";"Ceu Claro";"Dupla";"Curva";"Urbano";2;0;0;1;1;0;1;2
83454549;"08/04/16";"Sexta";"08:45:00";"SC";282;"501,1";"XANXERE";"Falta de atenção";"Colisão lateral";"Sem Vítimas";"Pleno dia";"Decrescente";"Sol";"Dupla";"Reta";"Urbano";2;0;0;0;2;0;0;2
83454550;"04/04/16";"Segunda";"21:00:00";"CE";222;"129";"ITAPAGE";"Velocidade incompatível";"Tombamento";"Com Vítimas Feridas";"Plena noite";"Crescente";"Vento";"Simples";"Curva";"Urbano";1;0;1;0;0;0;1;1
83454551;"07/04/16";"Quinta";"04:00:00";"MG";381;"615,9";"OLIVEIRA";"Dormindo";"Saída de Pista";"Com Vítimas Fatais";"Amanhecer";"Decrescente";"Ceu Claro";"Dupla";"Curva";"Urbano";1;1;0;0;0;0;0;1
83454552;"05/04/16";"Terça";"04:00:00";"SP";116;"183,6";"SANTA ISABEL";"Dormindo";"Tombamento";"Com Vítimas Feridas";"Plena noite";"Decrescente";"Ceu Claro";"Dupla";"Reta";"Rural";1;0;1;0;0;0;1;1
83454553;"04/04/16";"Segunda";"11:45:00";"RO";364;"426";"JARU";"Falta de atenção";"Colisão Transversal";"Com Vítimas Feridas";"Pleno dia";"Crescente";"Ceu Claro";"Dupla";"Reta";"Urbano";3;0;0;1;2;0;1;2
83454554;"15/03/16";"Terça";"08:40:00";"MG";267;"84";"JUIZ DE FORA";"Falta de atenção";"Colisão traseira";"Sem Vítimas";"Pleno dia";"Crescente";"Ceu Claro";"Simples";"Reta";"Rural";3;0;0;0;3;0;0;2
83454555;"08/04/16";"Sexta";"07:50:00";"PR";376;"182,7";"SARANDI";"Desobediência à sinalização";"Colisão Transversal";"Com Vítimas Feridas";"Pleno dia";"Decrescente";"Ceu Claro";"Dupla";"Cruzamento";"Urbano";2;0;1;0;1;0;1;2
83454556;"04/04/16";"Segunda";"23:30:00";"MG";381;"498";"BETIM";"Outras";"Colisão lateral";"Sem Vítimas";"Plena noite";"Crescente";"Ceu Claro";"Simples";"Curva";"Urbano";2;0;0;0;1;1;0;2
83454557;"08/04/16";"Sexta";"08:00:00";"PA";316;"5";"ANANINDEUA";"Falta de atenção";"Colisão lateral";"Sem Vítimas";"Pleno dia";"Crescente";"Ceu Claro";"Dupla";"Reta";"Urbano";2;0;0;0;2;0;0;2
83454558;"04/04/16";"Segunda";"19:35:00";"MG";40;"514";"RIBEIRAO DAS NEVES";"Outras";"Saída de Pista";"Com Vítimas Feridas";"Plena noite";"Crescente";"Ceu Claro";"Dupla";"Curva";"Urbano";3;0;1;0;2;0;1;2
83454559;"08/04/16";"Sexta";"07:00:00";"TO";242;"477,7";"FORMOSO DO ARAGUAIA";"Não guardar distância de segurança";"Colisão frontal";"Com Vítimas Feridas";"Pleno dia";"Crescente";"Sol";"Simples";"Reta";"Urbano";2;0;1;1;0;0;2;2
83454560;"03/04/16";"Domingo";"16:30:00";"MG";381;"453";"SABARA";"Outras";"Colisão traseira";"Sem Vítimas";"Pleno dia";"Crescente";"Ceu Claro";"Simples";"Curva";"Rural";2;0;0;0;2;0;0;2
83454561;"29/03/16";"Terça";"12:00:00";"CE";222;"36,8";"CAUCAIA";"Defeito na via";"Saída de Pista";"Sem Vítimas";"Pleno dia";"Decrescente";"Chuva";"Simples";"Reta";"Rural";1;0;0;0;1;0;0;1
83454562;"04/04/16";"Segunda";"18:30:00";"GO";40;"5";"VALPARAISO DE GOIAS";"Outras";"Colisão lateral";"Com Vítimas Feridas";"Plena noite";"Crescente";"Ceu Claro";"Dupla";"Reta";"Urbano";2;0;1;1;0;0;2;2
83454563;"06/04/16";"Quarta";"22:30:00";"MG";251;"472,8";"FRANCISCO SA";"Velocidade incompatível";"Tombamento";"Com Vítimas Feridas";"Plena noite";"Crescente";"Ceu Claro";"Simples";"Curva";"Urbano";1;0;1;0;0;0;1;1
83454564;"08/04/16";"Sexta";"06:15:00";"RS";290;"163,3";"BUTIA";"Dormindo";"Colisão frontal";"Com Vítimas Fatais";"Amanhecer";"Decrescente";"Nublado";"Simples";"Reta";"Rural";2;1;0;0;1;0;0;2
83454565;"08/04/16";"Sexta";"07:35:00";"SP";116;"135";"SAO JOSE DOS CAMPOS";"Outras";"Queda de motocicleta / bicicleta / veículo";"Com Vítimas Feridas";"Pleno dia";"Crescente";"Sol";"Dupla";"Reta";"Rural";3;0;2;0;1;0;2;2
83454566;"06/04/16";"Quarta";"17:40:00";"MG";50;"69,5";"UBERLANDIA";"Desobediência à sinalização";"Colisão Transversal";"Sem Vítimas";"Pleno dia";"Decrescente";"Nublado";"Múltipla";"Reta";"Urbano";2;0;0;0;1;1;0;2
83454567;"06/04/16";"Quarta";"06:20:00";"MG";40;"197,2";"SETE LAGOAS";"Outras";"Tombamento";"Sem Vítimas";"Pleno dia";"Crescente";"Sol";"Dupla";"Reta";"Rural";1;0;0;0;1;0;0;1
83454568;"08/04/16";"Sexta";"05:50:00";"PR";376;"136,3";"NOVA ESPERANCA";"Ingestão de álcool";"Colisão com objeto fixo";"Com Vítimas Feridas";"Amanhecer";"Decrescente";"Ceu Claro";"Simples";"Cruzamento";"Urbano";1;0;1;0;0;0;1;1
83454569;"08/04/16";"Sexta";"08:30:00";"SP";116;"273";"TABOAO DA SERRA";"Falta de atenção";"Colisão lateral";"Com Vítimas Feridas";"Pleno dia";"Crescente";"Nublado";"Dupla";"Reta";"Urbano";2;0;1;0;1;0;1;2
83454570;"08/04/16";"Sexta";"07:30:00";"MA";135;"5";"SAO LUIS";"Não guardar distância de segurança";"Colisão traseira";"Com Vítimas Feridas";"Amanhecer";"Decrescente";"Nublado";"Dupla";"Reta";"Urbano";4;0;1;2;1;0;3;2
83454571;"25/02/16";"Quinta";"12:10:00";"SP";381;"65";"MAIRIPORA";"Outras";"Colisão com objeto fixo";"Sem Vítimas";"Pleno dia";"Decrescente";"Sol";"Múltipla";"Reta";"Urbano";2;0;0;0;2;0;0;1
83454572;"13/01/16";"Quarta";"06:37:00";"RJ";101;"310";"SAO GONCALO";"Outras";"Colisão traseira";"Sem Vítimas";"Plena noite";"Crescente";"Ignorada";"Dupla";"Reta";"Urbano";2;0;0;0;1;1;0;2
83454573;"08/04/16";"Sexta";"08:00:00";"MT";364;"110";"RONDONOPOLIS";"Outras";"Queda de motocicleta / bicicleta / veículo";"Com Vítimas Feridas";"Pleno dia";"Decrescente";"Ceu Claro";"Dupla";"Reta";"Rural";2;0;2;0;0;0;2;1
83454574;"08/04/16";"Sexta";"07:15:00";"PR";116;"120,1";"CURITIBA";"Não guardar distância de segurança";"Colisão traseira";"Com Vítimas Feridas";"Pleno dia";"Decrescente";"Sol";"Dupla";"Reta";"Urbano";2;0;1;0;1;0;1;2
83454576;"08/04/16";"Sexta";"04:00:00";"RN";406;"150,5";"CEARA-MIRIM";"Outras";"Atropelamento de pessoa";"Com Vítimas Feridas";"Plena noite";"Decrescente";"Ceu Claro";"Simples";"Reta";"Urbano";2;0;0;1;0;1;1;1
83454578;"16/03/16";"Quarta";"08:00:00";"MA";135;"168";"MATOES DO NORTE";"Dormindo";"Colisão frontal";"Com Vítimas Fatais";"Pleno dia";"Decrescente";"Ceu Claro";"Simples";"Reta";"Rural";4;3;0;0;0;1;0;2
83454579;"08/04/16";"Sexta";"09:00:00";"RJ";393;"217";"VASSOURAS";"Não guardar distância de segurança";"Colisão lateral";"Sem Vítimas";"Pleno dia";"Crescente";"Ceu Claro";"Simples";"Reta";"Rural";2;0;0;0;2;0;0;2
83454580;"08/04/16";"Sexta";"08:30:00";"PA";316;"7";"ANANINDEUA";"Outras";"Colisão Transversal";"Com Vítimas Feridas";"Pleno dia";"Decrescente";"Sol";"Dupla";"Reta";"Urbano";3;0;2;1;0;0;3;2
83454581;"08/04/16";"Sexta";"09:45:00";"SC";101;"79";"ARAQUARI";"Velocidade incompatível";"Colisão traseira";"Sem Vítimas";"Pleno dia";"Crescente";"Sol";"Múltipla";"Reta";"Rural";2;0;0;0;2;0;0;2
83454582;"05/04/16";"Terça";"04:50:00";"RS";116;"201";"PICADA CAFE";"Ingestão de álcool";"Saída de Pista";"Sem Vítimas";"Plena noite";"Crescente";"Ceu Claro";"Simples";"Curva";"Rural";1;0;0;0;1;0;0;1
83454583;"08/04/16";"Sexta";"08:30:00";"RJ";465;"20";"NOVA IGUACU";"Ultrapassagem indevida";"Colisão com bicicleta";"Com Vítimas Feridas";"Pleno dia";"Decrescente";"Ceu Claro";"Simples";"Reta";"Urbano";2;0;0;1;1;0;1;2
83454584;"08/04/16";"Sexta";"09:50:00";"PR";376;"77,8";"GUAIRACA";"Defeito mecânico em veículo";"Colisão com objeto móvel";"Sem Vítimas";"Pleno dia";"Decrescente";"Ceu Claro";"Simples";"Reta";"Rural";2;0;0;0;1;1;0;2
83454585;"04/04/16";"Segunda";"14:45:00";"PI";316;"13";"TERESINA";"Outras";"Saída de Pista";"Com Vítimas Feridas";"Pleno dia";"Decrescente";"Sol";"Simples";"Reta";"Rural";1;0;1;0;0;0;1;1
83454586;"05/04/16";"Terça";"06:00:00";"SP";116;"221";"GUARULHOS";"Velocidade incompatível";"Atropelamento de pessoa";"Com Vítimas Feridas";"Amanhecer";"Decrescente";"Ceu Claro";"Dupla";"Reta";"Urbano";2;0;0;1;0;1;1;1
83454587;"08/04/16";"Sexta";"07:00:00";"PB";104;"117,1";"LAGOA SECA";"Outras";"Colisão traseira";"Com Vítimas Feridas";"Pleno dia";"Decrescente";"Sol";"Simples";"Reta";"Rural";5;0;1;0;3;1;1;3
83454588;"08/04/16";"Sexta";"10:00:00";"ES";262;"4";"CARIACICA";"Falta de atenção";"Colisão traseira";"Com Vítimas Feridas";"Pleno dia";"Decrescente";"Ceu Claro";"Múltipla";"Reta";"Urbano";2;0;1;0;1;0;1;2
83454590;"08/04/16";"Sexta";"12:50:00";"SC";101;"33,3";"JOINVILLE";"Falta de atenção";"Colisão lateral";"Sem Vítimas";"Pleno dia";"Decrescente";"Sol";"Dupla";"Reta";"Rural";2;0;0;0;2;0;0;2
83454591;"05/04/16";"Terça";"06:00:00";"MT";70;"296";"PRIMAVERA DO LESTE";"Desobediência à sinalização";"Saída de Pista";"Sem Vítimas";"Pleno dia";"Decrescente";"Ceu Claro";"Simples";"Reta";"Rural";1;0;0;0;1;0;0;1
83454592;"07/04/16";"Quinta";"02:30:00";"PR";376;"401,5";"TIBAGI";"Dormindo";"Tombamento";"Sem Vítimas";"Plena noite";"Decrescente";"Ceu Claro";"Simples";"Reta";"Rural";1;0;0;0;1;0;0;1
83454593;"18/03/16";"Sexta";"07:00:00";"SP";116;"47,9";"CANAS";"Outras";"Colisão lateral";"Com Vítimas Feridas";"Amanhecer";"Crescente";"Ceu Claro";"Dupla";"Reta";"Rural";2;0;1;0;1;0;1;2
83454594;"08/04/16";"Sexta";"11:35:00";"RO";174;"13,2";"VILHENA";"Falta de atenção";"Colisão lateral";"Com Vítimas Feridas";"Pleno dia";"Crescente";"Sol";"Dupla";"Reta";"Urbano";4;0;2;0;2;0;2;3
83454595;"05/04/16";"Terça";"05:50:00";"ES";262;"6,9";"CARIACICA";"Falta de atenção";"Colisão traseira";"Com Vítimas Feridas";"Amanhecer";"Decrescente";"Chuva";"Múltipla";"Reta";"Urbano";3;0;2;0;1;0;2;2
83454596;"08/04/16";"Sexta";"08:15:00";"GO";60;"2";"APARECIDA DE GOIANIA";"Velocidade incompatível";"Tombamento";"Sem Vítimas";"Pleno dia";"Decrescente";"Ceu Claro";"Dupla";"Curva";"Urbano";1;0;0;0;1;0;0;1
83454597;"08/04/16";"Sexta";"08:00:00";"ES";447;"12,1";"VILA VELHA";"Velocidade incompatível";"Capotamento";"Com Vítimas Feridas";"Pleno dia";"Decrescente";"Sol";"Dupla";"Reta";"Urbano";1;0;1;0;0;0;1;1
83454598;"06/04/16";"Quarta";"23:50:00";"SP";116;"357,3";"MIRACATU";"Ultrapassagem indevida";"Colisão traseira";"Com Vítimas Fatais";"Plena noite";"Crescente";"Ceu Claro";"Simples";"Reta";"Rural";2;1;0;0;1;0;0;2
83454599;"08/04/16";"Sexta";"07:30:00";"PI";407;"454,8";"JAICOS";"Falta de atenção";"Colisão Transversal";"Com Vítimas Feridas";"Pleno dia";"Decrescente";"Sol";"Simples";"Reta";"Rural";2;0;1;0;1;0;1;2
83454600;"08/04/16";"Sexta";"13:30:00";"RJ";101;"570,8";"PARATI";"Falta de atenção";"Colisão Transversal";"Com Vítimas Feridas";"Pleno dia";"Decrescente";"Sol";"Simples";"Curva";"Rural";2;0;1;0;1;0;1;2
83454601;"08/04/16";"Sexta";"13:30:00";"RS";101;"55,1";"TERRA DE AREIA";"Outras";"Saída de Pista";"Com Vítimas Fatais";"Pleno dia";"Decrescente";"Sol";"Dupla";"Reta";"Rural";1;1;0;0;0;0;0;1