"id";"data_inversa";"dia_semana";"horario";"uf";"br";"km";"municipio";"causa_acidente";"tipo_acidente";"classificacao_acidente";"fase_dia";"sentido_via";"condicao_metereologica";"tipo_pista";"tracado_via";"uso_solo";"pessoas";"mortos";"feridos_leves";"feridos_graves";"ilesos";"ignorados";"feridos";"veiculos"
83454828;"09/04/16";"Sábado";"06:40:00";"MG";381;"817,9";"CAREACU";"Não guardar distância de segurança";"Colisão traseira";"Com Vítimas Feridas";"Pleno dia";"Decrescente";"Nevoeiro/neblina";"Dupla";"Reta";"Rural";2;0;1;0;0;1;1;2
83454830;"09/04/16";"Sábado";"02:30:00";"RO";364;"626";"CANDEIAS DO JAMARI";"Outras";"Saída de Pista";"Sem Vítimas";"Plena noite";"Decrescente";"Ceu Claro";"Simples";"Reta";"Rural";1;0;0;0;1;0;0;1
83454831;"06/04/16";"Quarta";"23:30:00";"MT";364;"515";"ROSARIO OESTE";"Falta de atenção";"Colisão lateral";"Com Vítimas Feridas";"Plena noite";"Crescente";"Ceu Claro";"Simples";"Reta";"Rural";2;0;2;0;0;0;2;2
83454832;"07/04/16";"Quinta";"10:00:00";"PR";376;"280";"MARILANDIA DO SUL";"Falta de atenção";"Colisão frontal";"Com Vítimas Feridas";"Pleno dia";"Decrescente";"Sol";"Simples";"Reta";"Rural";2;0;1;0;1;0;1;2
83454833;"06/04/16";"Quarta";"21:10:00";"SE";235;"21,1";"NOSSA SENHORA DO SOCORRO";"Outras";"Capotamento";"Ignorado";"Plena noite";"Decrescente";"Ceu Claro";"Simples";"Curva";"Rural";1;0;0;0;0;1;0;1
83454834;"09/04/16";"Sábado";"05:45:00";"SP";153;"75,4";"BADY BASSITT";"Falta de atenção";"Colisão traseira";"Com Vítimas Feridas";"Amanhecer";"Crescente";"Ceu Claro";"Dupla";"Reta";"Urbano";2;0;2;0;0;0;2;2
83454835;"09/04/16";"Sábado";"00:00:00";"MT";70;"571";"NOSSA SENHORA DO LIVRAMENTO";"Defeito mecânico em veículo";"Incêndio";"Sem Vítimas";"Plena noite";"Decrescente";"Ceu Claro";"Simples";"Reta";"Rural";1;0;0;0;1;0;0;1
83454836;"09/04/16";"Sábado";"06:30:00";"PR";376;"647";"TIJUCAS DO SUL";"Falta de atenção";"Atropelamento de pessoa";"Com Vítimas Fatais";"Amanhecer";"Crescente";"Ceu Claro";"Dupla";"Reta";"Rural";2;1;0;0;1;0;0;1
83454837;"02/04/16";"Sábado";"11:00:00";"MA";222;"267,5";"ARARI";"Outras";"Colisão frontal";"Com Vítimas Feridas";"Pleno dia";"Decrescente";"Nublado";"Simples";"Reta";"Rural";2;0;0;1;1;0;1;2
83454838;"07/04/16";"Quinta";"19:00:00";"CE";20;"414,6";"MARACANAU";"Falta de atenção";"Colisão lateral";"Sem Vítimas";"Plena noite";"Decrescente";"Ceu Claro";"Simples";"Curva";"Urbano";2;0;0;0;2;0;0;2
83454840;"31/03/16";"Quinta";"06:00:00";"BA";101;"681";"ITAGIMIRIM";"Defeito mecânico em veículo";"Queda de motocicleta / bicicleta / veículo";"Com Vítimas Feridas";"Pleno dia";"Crescente";"Ceu Claro";"Simples";"Reta";"Rural";1;0;1;0;0;0;1;1
83454841;"05/04/16";"Terça";"17:10:00";"ES";101;"270,4";"SERRA";"Outras";"Colisão traseira";"Com Vítimas Feridas";"Pleno dia";"Crescente";"Ceu Claro";"Simples";"Reta";"Urbano";2;0;0;1;1;0;1;2
83454842;"06/04/16";"Quarta";"01:20:00";"SC";101;"225,8";"PALHOCA";"Dormindo";"Colisão com objeto fixo";"Sem Vítimas";"Plena noite";"Decrescente";"Ceu Claro";"Dupla";"Reta";"Rural";1;0;0;0;1;0;0;1
83454843;"06/04/16";"Quarta";"05:45:00";"PE";423;"22";"SAO CAITANO";"Outras";"Saída de Pista";"Com Vítimas Feridas";"Pleno dia";"Crescente";"Chuva";"Simples";"Curva";"Rural";2;0;2;0;0;0;2;1
83454844;"08/04/16";"Sexta";"23:00:00";"RJ";101;"540";"PARATI";"Outras";"Atropelamento de pessoa";"Com Vítimas Fatais";"Plena noite";"Decrescente";"Ceu Claro";"Simples";"Curva";"Urbano";2;1;0;0;0;1;0;1
83454845;"03/04/16";"Domingo";"09:30:00";"BA";110;"4";"PAULO AFONSO";"Falta de atenção";"Colisão lateral";"Sem Vítimas";"Pleno dia";"Decrescente";"Ceu Claro";"Simples";"Reta";"Rural";2;0;0;0;2;0;0;2
83454846;"05/04/16";"Terça";"08:15:00";"RS";392;"34,4";"RIO GRANDE";"Dormindo";"Saída de Pista";"Sem Vítimas";"Plena noite";"Decrescente";"Sol";"Dupla";"Reta";"Rural";1;0;0;0;1;0;0;1
83454847;"09/04/16";"Sábado";"09:00:00";"GO";60;"130";"GOIANIA";"Falta de atenção";"Colisão traseira";"Sem Vítimas";"Pleno dia";"Decrescente";"Sol";"Dupla";"Reta";"Rural";2;0;0;0;2;0;0;2
83454848;"28/03/16";"Segunda";"18:40:00";"MG";40;"511";"RIBEIRAO DAS NEVES";"Não guardar distância de segurança";"Colisão lateral";"Com Vítimas Feridas";"Pleno dia";"Decrescente";"Ceu Claro";"Dupla";"Reta";"Urbano";3;0;1;1;1;0;2;2
83454849;"08/04/16";"Sexta";"17:10:00";"SC";282;"409,2";"CATANDUVAS";"Velocidade incompatível";"Tombamento";"Com Vítimas Feridas";"Anoitecer";"Crescente";"Nublado";"Simples";"Curva";"Rural";1;0;1;0;0;0;1;1
83454850;"09/04/16";"Sábado";"07:40:00";"SC";282;"48,9";"AGUAS MORNAS";"Velocidade incompatível";"Queda de motocicleta / bicicleta / veículo";"Com Vítimas Feridas";"Pleno dia";"Crescente";"Ceu Claro";"Simples";"Curva";"Rural";1;0;1;0;0;0;1;1
83454851;"13/03/16";"Domingo";"04:00:00";"SP";116;"284";"EMBU";"Ingestão de álcool";"Capotamento";"Com Vítimas Feridas";"Plena noite";"Crescente";"Ceu Claro";"Dupla";"Reta";"Urbano";3;0;0;2;1;0;2;2
83454852;"08/04/16";"Sexta";"03:30:00";"MS";158;"124,9";"APARECIDA DO TABOADO";"Outras";"Saída de Pista";"Sem Vítimas";"Plena noite";"Decrescente";"Ignorada";"Simples";"Reta";"Rural";1;0;0;0;1;0;0;1
83454853;"05/04/16";"Terça";"05:50:00";"MG";381;"441";"SABARA";"Velocidade incompatível";"Tombamento";"Com Vítimas Feridas";"Pleno dia";"Crescente";"Ceu Claro";"Simples";"Curva";"Urbano";1;0;1;0;0;0;1;1
83454855;"05/04/16";"Terça";"14:30:00";"PI";343;"345,1";"TERESINA";"Outras";"Colisão lateral";"Sem Vítimas";"Pleno dia";"Crescente";"Nublado";"Simples";"Reta";"Urbano";2;0;0;0;2;0;0;2
83454856;"06/04/16";"Quarta";"00:40:00";"MG";262;"814,8";"UBERABA";"Falta de atenção";"Colisão com objeto fixo";"Sem Vítimas";"Plena noite";"Crescente";"Ceu Claro";"Dupla";"Reta";"Rural";1;0;0;0;1;0;0;1
83454857;"05/04/16";"Terça";"17:15:00";"GO";153;"502,5";"GOIANIA";"Outras";"Queda de motocicleta / bicicleta / veículo";"Com Vítimas Feridas";"Pleno dia";"Decrescente";"Ceu Claro";"Dupla";"Reta";"Urbano";1;0;1;0;0;0;1;1
83454858;"06/04/16";"Quarta";"06:00:00";"DF";70;"17,8";"BRASILIA";"Outras";"Queda de motocicleta / bicicleta / veículo";"Com Vítimas Feridas";"Amanhecer";"Decrescente";"Ceu Claro";"Dupla";"Reta";"Rural";1;0;1;0;0;0;1;1
83454859;"05/04/16";"Terça";"12:10:00";"MG";40;"517";"RIBEIRAO DAS NEVES";"Outras";"Saída de Pista";"Com Vítimas Feridas";"Pleno dia";"Crescente";"Ceu Claro";"Dupla";"Curva";"Urbano";1;0;0;1;0;0;1;1
83454860;"09/04/16";"Sábado";"07:30:00";"BA";116;"767,9";"POCOES";"Outras";"Colisão Transversal";"Com Vítimas Fatais";"Pleno dia";"Decrescente";"Ceu Claro";"Simples";"Reta";"Rural";2;1;0;0;1;0;0;2
83454861;"09/04/16";"Sábado";"06:13:00";"RJ";101;"331";"RIO DE JANEIRO";"Defeito mecânico em veículo";"Colisão traseira";"Com Vítimas Feridas";"Pleno dia";"Decrescente";"Ceu Claro";"Dupla";"Reta";"Urbano";3;0;2;0;1;0;2;2
83454862;"09/04/16";"Sábado";"08:00:00";"CE";222;"23,5";"CAUCAIA";"Não guardar distância de segurança";"Colisão traseira";"Com Vítimas Feridas";"Pleno dia";"Decrescente";"Ceu Claro";"Simples";"Curva";"Rural";4;0;1;0;3;0;1;2
83454863;"28/03/16";"Segunda";"16:40:00";"PE";104;"29";"TORITAMA";"Falta de atenção";"Colisão lateral";"Com Vítimas Feridas";"Pleno dia";"Decrescente";"Ceu Claro";"Simples";"Reta";"Urbano";2;0;1;0;1;0;1;2
83454864;"07/04/16";"Quinta";"08:20:00";"BA";101;"723,9";"EUNAPOLIS";"Outras";"Queda de motocicleta / bicicleta / veículo";"Com Vítimas Feridas";"Pleno dia";"Decrescente";"Ignorada";"Simples";"Curva";"Rural";1;0;1;0;0;0;1;1
83454865;"09/04/16";"Sábado";"09:30:00";"CE";116;"491,6";"MILAGRES";"Falta de atenção";"Colisão Transversal";"Com Vítimas Feridas";"Pleno dia";"Decrescente";"Ceu Claro";"Simples";"Reta";"Urbano";2;0;0;1;1;0;1;2
83454866;"09/04/16";"Sábado";"07:00:00";"SC";282;"6";"SAO JOSE";"Ingestão de álcool";"Saída de Pista";"Sem Vítimas";"Pleno dia";"Decrescente";"Ceu Claro";"Dupla";"Curva";"Urbano";1;0;0;0;1;0;0;1
83454867;"08/04/16";"Sexta";"00:20:00";"PR";277;"267,5";"PRUDENTOPOLIS";"Outras";"Tombamento";"Com Vítimas Feridas";"Plena noite";"Decrescente";"Ignorada";"Simples";"Curva";"Rural";1;0;1;0;0;0;1;1
83454868;"05/04/16";"Terça";"16:00:00";"RJ";101;"404,5";"ITAGUAI";"Falta de atenção";"Atropelamento de pessoa";"Com Vítimas Feridas";"Pleno dia";"Decrescente";"Ceu Claro";"Dupla";"Reta";"Urbano";3;0;0;1;2;0;1;1
83454869;"09/04/16";"Sábado";"10:30:00";"ES";101;"164";"LINHARES";"Ingestão de álcool";"Queda de motocicleta / bicicleta / veículo";"Com Vítimas Feridas";"Pleno dia";"Crescente";"Ceu Claro";"Simples";"Reta";"Rural";1;0;1;0;0;0;1;1
83454870;"07/04/16";"Quinta";"10:00:00";"BA";242;"623";"MUQUEM DO SAO FRANCISCO";"Outras";"Tombamento";"Com Vítimas Feridas";"Pleno dia";"Decrescente";"Ceu Claro";"Simples";"Reta";"Rural";1;0;1;0;0;0;1;1
83454871;"09/04/16";"Sábado";"09:10:00";"SC";101;"79";"ARAQUARI";"Falta de atenção";"Colisão traseira";"Sem Vítimas";"Pleno dia";"Crescente";"Ceu Claro";"Dupla";"Reta";"Rural";3;0;0;0;3;0;0;3
83454872;"09/04/16";"Sábado";"10:10:00";"RS";290;"144,7";"ELDORADO DO SUL";"Falta de atenção";"Colisão lateral";"Sem Vítimas";"Pleno dia";"Crescente";"Nublado";"Simples";"Reta";"Urbano";3;0;0;0;3;0;0;2
83454873;"09/04/16";"Sábado";"06:50:00";"RS";116;"181,1";"NOVA PETROPOLIS";"Ingestão de álcool";"Colisão frontal";"Com Vítimas Feridas";"Pleno dia";"Crescente";"Ceu Claro";"Simples";"Curva";"Urbano";3;0;0;1;2;0;1;3
83454874;"07/04/16";"Quinta";"23:40:00";"CE";222;"5";"CAUCAIA";"Desobediência à sinalização";"Colisão Transversal";"Sem Vítimas";"Plena noite";"Decrescente";"Ceu Claro";"Múltipla";"Reta";"Urbano";2;0;0;0;2;0;0;2
83454875;"09/04/16";"Sábado";"09:36:00";"RO";364;"715";"PORTO VELHO";"Falta de atenção";"Saída de Pista";"Ignorado";"Amanhecer";"Decrescente";"Ceu Claro";"Dupla";"Reta";"Urbano";1;0;0;0;0;1;0;1
83454876;"09/04/16";"Sábado";"10:50:00";"GO";60;"178";"ABADIA DE GOIAS";"Velocidade incompatível";"Queda de motocicleta / bicicleta / veículo";"Com Vítimas Feridas";"Pleno dia";"Crescente";"Ceu Claro";"Dupla";"Reta";"Rural";1;0;1;0;0;0;1;1
83454877;"09/04/16";"Sábado";"07:45:00";"PB";230;"71,2";"SOBRADO";"Falta de atenção";"Saída de Pista";"Com Vítimas Feridas";"Pleno dia";"Decrescente";"Sol";"Dupla";"Reta";"Rural";2;0;1;0;0;1;1;2
83454878;"05/04/16";"Terça";"12:30:00";"RS";392;"22,2";"RIO GRANDE";"Outras";"Saída de Pista";"Sem Vítimas";"Pleno dia";"Crescente";"Ceu Claro";"Dupla";"Reta";"Rural";1;0;0;0;1;0;0;1
83454879;"02/04/16";"Sábado";"05:30:00";"ES";101;"13";"PEDRO CANARIO";"Outras";"Queda de motocicleta / bicicleta / veículo";"Com Vítimas Feridas";"Pleno dia";"Crescente";"Sol";"Simples";"Reta";"Rural";1;0;0;1;0;0;1;1
83454880;"08/04/16";"Sexta";"16:00:00";"BA";116;"172";"CANUDOS";"Não guardar distância de segurança";"Colisão lateral";"Sem Vítimas";"Pleno dia";"Crescente";"Ceu Claro";"Simples";"Reta";"Rural";3;0;0;0;3;0;0;2
83454881;"09/04/16";"Sábado";"10:21:00";"PB";230;"3";"CABEDELO";"Defeito mecânico em veículo";"Queda de motocicleta / bicicleta / veículo";"Com Vítimas Feridas";"Pleno dia";"Decrescente";"Ceu Claro";"Dupla";"Reta";"Urbano";2;0;1;1;0;0;2;1
83454882;"09/04/16";"Sábado";"08:30:00";"RS";101;"43,1";"TERRA DE AREIA";"Ingestão de álcool";"Colisão traseira";"Com Vítimas Feridas";"Pleno dia";"Decrescente";"Nublado";"Múltipla";"Reta";"Rural";2;0;0;1;1;0;1;2
83454883;"09/04/16";"Sábado";"04:45:00";"PE";104;"25,5";"TORITAMA";"Outras";"Colisão lateral";"Com Vítimas Feridas";"Amanhecer";"Decrescente";"Nublado";"Simples";"Reta";"Rural";3;0;1;0;2;0;1;2
83454884;"09/04/16";"Sábado";"08:10:00";"PR";153;"329";"IRATI";"Falta de atenção";"Colisão Transversal";"Sem Vítimas";"Pleno dia";"Decrescente";"Ignorada";"Simples";"Reta";"Urbano";2;0;0;0;2;0;0;2
83454885;"09/04/16";"Sábado";"08:00:00";"PE";232;"55,5";"POMBOS";"Ingestão de álcool";"Saída de Pista";"Ignorado";"Pleno dia";"Crescente";"Ceu Claro";"Dupla";"Reta";"Rural";1;0;0;0;0;1;0;1
83454886;"09/04/16";"Sábado";"11:00:00";"MG";40;"660,3";"CARANDAI";"Falta de atenção";"Colisão Transversal";"Com Vítimas Feridas";"Pleno dia";"Decrescente";"Sol";"Simples";"Reta";"Urbano";3;0;2;0;1;0;2;2
83454887;"09/04/16";"Sábado";"13:00:00";"SP";381;"38";"ATIBAIA";"Falta de atenção";"Capotamento";"Com Vítimas Feridas";"Pleno dia";"Decrescente";"Ceu Claro";"Dupla";"Reta";"Urbano";2;0;1;1;0;0;2;1
83454888;"05/04/16";"Terça";"07:52:00";"CE";222;"4,5";"CAUCAIA";"Falta de atenção";"Colisão lateral";"Com Vítimas Feridas";"Pleno dia";"Decrescente";"Chuva";"Dupla";"Reta";"Urbano";2;0;1;0;1;0;1;2
83454889;"03/04/16";"Domingo";"04:20:00";"GO";60;"38,5";"ALEXANIA";"Velocidade incompatível";"Capotamento";"Sem Vítimas";"Plena noite";"Crescente";"Ceu Claro";"Dupla";"Reta";"Rural";1;0;0;0;1;0;0;1
83454890;"09/04/16";"Sábado";"10:30:00";"MG";40;"608";"CONGONHAS";"Falta de atenção";"Queda de motocicleta / bicicleta / veículo";"Com Vítimas Feridas";"Pleno dia";"Crescente";"Ceu Claro";"Simples";"Reta";"Rural";2;0;1;1;0;0;2;1
83454891;"09/04/16";"Sábado";"11:45:00";"BA";330;"725,6";"JEQUIE";"Ultrapassagem indevida";"Colisão Transversal";"Com Vítimas Fatais";"Pleno dia";"Decrescente";"Ceu Claro";"Simples";"Reta";"Urbano";6;1;3;1;0;1;4;3
83454892;"08/04/16";"Sexta";"07:33:00";"GO";364;"18";"SAO SIMAO";"Falta de atenção";"Colisão traseira";"Sem Vítimas";"Pleno dia";"Crescente";"Ceu Claro";"Simples";"Reta";"Urbano";2;0;0;0;2;0;0;2
83454893;"05/04/16";"Terça";"13:05:00";"BA";324;"576";"SAO SEBASTIAO DO PASSE";"Outras";"Saída de Pista";"Com Vítimas Feridas";"Pleno dia";"Crescente";"Ceu Claro";"Dupla";"Reta";"Rural";1;0;1;0;0;0;1;1
83454894;"30/03/16";"Quarta";"23:40:00";"RJ";101;"251";"RIO BONITO";"Outras";"Colisão com objeto fixo";"Com Vítimas Feridas";"Pleno dia";"Decrescente";"Sol";"Dupla";"Reta";"Urbano";1;0;1;0;0;0;1;1
83454895;"08/04/16";"Sexta";"19:00:00";"PI";135;"388";"BOM JESUS";"Falta de atenção";"Colisão lateral";"Com Vítimas Fatais";"Plena noite";"Crescente";"Ceu Claro";"Simples";"Curva";"Rural";3;1;0;0;2;0;0;2
83454896;"09/04/16";"Sábado";"09:20:00";"MT";364;"349,8";"SANTO ANTONIO DO LEVERGER";"Defeito mecânico em veículo";"Saída de Pista";"Sem Vítimas";"Pleno dia";"Crescente";"Ceu Claro";"Simples";"Curva";"Rural";1;0;0;0;1;0;0;1
83454897;"09/04/16";"Sábado";"12:40:00";"PA";163;"998";"SANTAREM";"Outras";"Colisão frontal";"Com Vítimas Feridas";"Pleno dia";"Decrescente";"Ceu Claro";"Simples";"Curva";"Urbano";4;0;2;1;1;0;3;2
83454898;"09/04/16";"Sábado";"12:40:00";"MG";381;"289";"ANTONIO DIAS";"Falta de atenção";"Colisão traseira";"Com Vítimas Feridas";"Pleno dia";"Crescente";"Ceu Claro";"Simples";"Curva";"Rural";3;0;2;0;1;0;2;2
83454899;"07/04/16";"Quinta";"18:00:00";"PA";222;"236";"MARABA";"Animais na Pista";"Queda de motocicleta / bicicleta / veículo";"Com Vítimas Feridas";"Pleno dia";"Crescente";"Ceu Claro";"Simples";"Reta";"Urbano";2;0;1;0;1;0;1;1
83454900;"05/04/16";"Terça";"19:15:00";"SP";381;"59";"MAIRIPORA";"Outras";"Atropelamento de pessoa";"Com Vítimas Fatais";"Plena noite";"Crescente";"Nublado";"Dupla";"Curva";"Rural";2;1;0;0;1;0;0;1
83454901;"09/04/16";"Sábado";"12:20:00";"GO";40;"7,8";"VALPARAISO DE GOIAS";"Outras";"Colisão traseira";"Com Vítimas Feridas";"Pleno dia";"Crescente";"Sol";"Dupla";"Reta";"Urbano";3;0;1;0;2;0;1;3
83454902;"09/04/16";"Sábado";"13:40:00";"PE";428;"186";"PETROLINA";"Falta de atenção";"Colisão Transversal";"Com Vítimas Feridas";"Pleno dia";"Crescente";"Sol";"Simples";"Cruzamento";"Urbano";3;0;2;0;1;0;2;2
83454903;"09/04/16";"Sábado";"08:07:00";"MG";262;"477";"BOM DESPACHO";"Falta de atenção";"Colisão Transversal";"Sem Vítimas";"Pleno dia";"Crescente";"Ceu Claro";"Simples";"Reta";"Rural";3;0;0;0;3;0;0;2
83454904;"09/04/16";"Sábado";"13:20:00";"SE";235;"52";"ITABAIANA";"Falta de atenção";"Colisão Transversal";"Com Vítimas Feridas";"Pleno dia";"Crescente";"Ceu Claro";"Simples";"Reta";"Urbano";2;0;0;1;1;0;1;2
83454905;"06/04/16";"Quarta";"04:20:00";"RJ";101;"167,8";"MACAE";"Outras";"Colisão lateral";"Com Vítimas Fatais";"Plena noite";"Decrescente";"Ceu Claro";"Simples";"Reta";"Rural";2;1;0;1;0;0;1;2
83454906;"09/04/16";"Sábado";"12:40:00";"SC";101;"35";"JOINVILLE";"Falta de atenção";"Colisão lateral";"Sem Vítimas";"Pleno dia";"Crescente";"Sol";"Dupla";"Reta";"Urbano";2;0;0;0;2;0;0;2
83454907;"09/04/16";"Sábado";"08:00:00";"PI";407;"443,1";"GEMINIANO";"Animais na Pista";"Atropelamento de animal";"Sem Vítimas";"Pleno dia";"Decrescente";"Sol";"Simples";"Reta";"Rural";1;0;0;0;1;0;0;1
83454908;"09/04/16";"Sábado";"08:50:00";"MS";158;"2";"CASSILANDIA";"Falta de atenção";"Colisão Transversal";"Com Vítimas Feridas";"Pleno dia";"Decrescente";"Sol";"Simples";"Reta";"Urbano";2;0;0;1;0;1;1;2
83454909;"09/04/16";"Sábado";"08:30:00";"PR";369;"143,9";"LONDRINA";"Velocidade incompatível";"Capotamento";"Com Vítimas Fatais";"Pleno dia";"Decrescente";"Ceu Claro";"Dupla";"Reta";"Urbano";2;1;0;1;0;0;1;2
83454910;"09/04/16";"Sábado";"13:00:00";"GO";153;"510,3";"APARECIDA DE GOIANIA";"Falta de atenção";"Colisão Transversal";"Sem Vítimas";"Pleno dia";"Crescente";"Ceu Claro";"Dupla";"Curva";"Urbano";2;0;0;0;2;0;0;2
83454911;"09/04/16";"Sábado";"08:30:00";"RO";174;"18";"VILHENA";"Falta de atenção";"Colisão lateral";"Com Vítimas Feridas";"Pleno dia";"Crescente";"Sol";"Simples";"Reta";"Urbano";2;0;2;0;0;0;2;2
83454912;"05/04/16";"Terça";"13:35:00";"BA";324;"605";"SIMOES FILHO";"Falta de atenção";"Colisão lateral";"Sem Vítimas";"Pleno dia";"Decrescente";"Ceu Claro";"Dupla";"Reta";"Urbano";2;0;0;0;2;0;0;2
83454913;"09/04/16";"Sábado";"10:25:00";"PR";277;"600";"CASCAVEL";"Falta de atenção";"Colisão traseira";"Com Vítimas Feridas";"Pleno dia";"Decrescente";"Ceu Claro";"Dupla";"Reta";"Rural";4;0;1;0;2;1;1;2
83454914;"09/04/16";"Sábado";"13:30:00";"SP";116;"209";"GUARULHOS";"Ingestão de álcool";"Colisão traseira";"Sem Vítimas";"Pleno dia";"Decrescente";"Ceu Claro";"Múltipla";"Reta";"Urbano";2;0;0;0;2;0;0;2
83454915;"09/04/16";"Sábado";"11:20:00";"SP";116;"269";"TABOAO DA SERRA";"Outras";"Colisão Transversal";"Com Vítimas Feridas";"Pleno dia";"Decrescente";"Sol";"Dupla";"Reta";"Urbano";2;0;1;0;1;0;1;2
83454916;"09/04/16";"Sábado";"09:46:00";"RJ";101;"325";"NITEROI";"Outras";"Queda de motocicleta / bicicleta / veículo";"Com Vítimas Feridas";"Pleno dia";"Decrescente";"Sol";"Dupla";"Reta";"Urbano";1;0;1;0;0;0;1;1
83454917;"09/04/16";"Sábado";"12:00:00";"GO";153;"372";"SAO FRANCISCO DE GOIAS";"Falta de atenção";"Colisão traseira";"Com Vítimas Feridas";"Pleno dia";"Crescente";"Ceu Claro";"Simples";"Reta";"Rural";4;0;0;1;3;0;1;2
83454918;"05/04/16";"Terça";"15:30:00";"GO";153;"501,5";"GOIANIA";"Falta de atenção";"Colisão traseira";"Com Vítimas Feridas";"Pleno dia";"Decrescente";"Ceu Claro";"Dupla";"Reta";"Urbano";2;0;1;0;1;0;1;2
83454919;"09/04/16";"Sábado";"14:25:00";"SC";280;"128";"RIO NEGRINHO";"Ingestão de álcool";"Colisão com bicicleta";"Com Vítimas Feridas";"Pleno dia";"Decrescente";"Sol";"Simples";"Reta";"Urbano";2;0;1;0;1;0;1;2
83454920;"09/04/16";"Sábado";"12:05:00";"SC";101;"207";"SAO JOSE";"Falta de atenção";"Queda de motocicleta / bicicleta / veículo";"Com Vítimas Feridas";"Pleno dia";"Decrescente";"Sol";"Dupla";"Reta";"Urbano";2;0;2;0;0;0;2;1
83454921;"09/04/16";"Sábado";"13:45:00";"SC";470;"24,7";"ILHOTA";"Ultrapassagem indevida";"Colisão lateral";"Com Vítimas Feridas";"Pleno dia";"Decrescente";"Nublado";"Simples";"Reta";"Urbano";5;0;4;0;1;0;4;2
83454922;"06/04/16";"Quarta";"07:15:00";"RJ";40;"123";"DUQUE DE CAXIAS";"Falta de atenção";"Colisão traseira";"Sem Vítimas";"Pleno dia";"Crescente";"Ceu Claro";"Simples";"Reta";"Urbano";2;0;0;0;1;1;0;2
83454923;"01/04/16";"Sexta";"22:45:00";"ES";262;"195";"IUNA";"Defeito mecânico em veículo";"Saída de Pista";"Com Vítimas Fatais";"Plena noite";"Crescente";"Ceu Claro";"Simples";"Curva";"Rural";1;1;0;0;0;0;0;1
83454924;"07/04/16";"Quinta";"09:20:00";"MG";40;"356,2";"FELIXLANDIA";"Falta de atenção";"Colisão Transversal";"Com Vítimas Feridas";"Pleno dia";"Decrescente";"Ceu Claro";"Simples";"Reta";"Urbano";4;0;1;0;3;0;1;2
83454925;"09/04/16";"Sábado";"07:10:00";"BA";116;"771";"POCOES";"Outras";"Colisão frontal";"Com Vítimas Feridas";"Pleno dia";"Decrescente";"Ceu Claro";"Simples";"Reta";"Rural";9;0;8;1;0;0;9;2
83454926;"08/04/16";"Sexta";"23:30:00";"MT";364;"485";"JANGADA";"Defeito mecânico em veículo";"Incêndio";"Sem Vítimas";"Plena noite";"Decrescente";"Ceu Claro";"Simples";"Reta";"Rural";1;0;0;0;1;0;0;1
83454927;"09/04/16";"Sábado";"14:20:00";"SP";153;"63,1";"SAO JOSE DO RIO PRETO";"Outras";"Colisão traseira";"Com Vítimas Feridas";"Pleno dia";"Crescente";"Sol";"Dupla";"Reta";"Rural";3;0;1;0;2;0;1;2
83454928;"09/04/16";"Sábado";"12:00:00";"ES";262;"31";"DOMINGOS MARTINS";"Defeito mecânico em veículo";"Colisão lateral";"Sem Vítimas";"Pleno dia";"Decrescente";"Sol";"Simples";"Curva";"Rural";2;0;0;0;2;0;0;2
83454929;"09/04/16";"Sábado";"12:30:00";"MG";116;"675,3";"MIRADOURO";"Não guardar distância de segurança";"Colisão lateral";"Com Vítimas Feridas";"Pleno dia";"Decrescente";"Ceu Claro";"Simples";"Cruzamento";"Urbano";2;0;1;0;1;0;1;2
83454930;"09/04/16";"Sábado";"14:00:00";"PR";376;"598";"CURITIBA";"Velocidade incompatível";"Saída de Pista";"Com Vítimas Feridas";"Pleno dia";"Decrescente";"Sol";"Dupla";"Reta";"Urbano";2;0;2;0;0;0;2;1
83454931;"09/04/16";"Sábado";"14:45:00";"RS";290;"98";"PORTO ALEGRE";"Falta de atenção";"Colisão traseira";"Sem Vítimas";"Pleno dia";"Crescente";"Nublado";"Dupla";"Reta";"Urbano";3;0;0;0;3;0;0;2
83454932;"09/04/16";"Sábado";"12:50:00";"MG";356;"265,7";"MURIAE";"Falta de atenção";"Colisão Transversal";"Com Vítimas Feridas";"Pleno dia";"Decrescente";"Ceu Claro";"Simples";"Cruzamento";"Urbano";3;0;1;0;2;0;1;2
83454933;"09/04/16";"Sábado";"12:45:00";"RO";364;"240,5";"CACOAL";"Defeito na via";"Queda de motocicleta / bicicleta / veículo";"Com Vítimas Feridas";"Pleno dia";"Crescente";"Ceu Claro";"Simples";"Reta";"Urbano";1;0;1;0;0;0;1;1
83454934;"09/04/16";"Sábado";"02:20:00";"MG";381;"536";"ITATIAIUCU";"Velocidade incompatível";"Queda de motocicleta / bicicleta / veículo";"Com Vítimas Feridas";"Pleno dia";"Decrescente";"Ceu Claro";"Simples";"Curva";"Rural";1;0;0;1;0;0;1;1
83454935;"09/04/16";"Sábado";"10:30:00";"ES";101;"312";"VILA VELHA";"Desobediência à sinalização";"Colisão lateral";"Com Vítimas Feridas";"Pleno dia";"Decrescente";"Ceu Claro";"Simples";"Reta";"Rural";3;0;1;1;1;0;2;2
83454936;"09/04/16";"Sábado";"13:40:00";"PE";101;"100";"CABO DE SANTO AGOSTINHO";"Ingestão de álcool";"Colisão Transversal";"Com Vítimas Feridas";"Pleno dia";"Crescente";"Ceu Claro";"Múltipla";"Reta";"Urbano";2;0;1;0;1;0;1;2
83454937;"09/04/16";"Sábado";"07:30:00";"GO";40;"9";"LUZIANIA";"Dormindo";"Colisão com bicicleta";"Com Vítimas Feridas";"Pleno dia";"Crescente";"Ceu Claro";"Dupla";"Reta";"Urbano";2;0;1;0;1;0;1;2