"id";"data_inversa";"dia_semana";"horario";"uf";"br";"km";"municipio";"causa_acidente";"tipo_acidente";"classificacao_acidente";"fase_dia";"sentido_via";"condicao_metereologica";"tipo_pista";"tracado_via";"uso_solo";"pessoas";"mortos";"feridos_leves";"feridos_graves";"ilesos";"ignorados";"feridos";"veiculos"
83454938;"09/04/16";"Sábado";"15:40:00";"PR";373;"176,8";"PONTA GROSSA";"Ingestão de álcool";"Colisão frontal";"Com Vítimas Feridas";"Pleno dia";"Crescente";"Sol";"Simples";"Reta";"Urbano";2;0;1;0;1;0;1;2
83454939;"01/04/16";"Sexta";"13:00:00";"PA";316;"172";"SANTA LUZIA DO PARA";"Outras";"Saída de Pista";"Com Vítimas Feridas";"Pleno dia";"Decrescente";"Chuva";"Simples";"Reta";"Rural";1;0;1;0;0;0;1;1
83454940;"08/03/16";"Terça";"07:50:00";"BA";324;"530,2";"FEIRA DE SANTANA";"Outras";"Colisão com objeto fixo";"Ignorado";"Pleno dia";"Decrescente";"Ignorada";"Dupla";"Curva";"Rural";1;0;0;0;0;1;0;1
83454941;"09/04/16";"Sábado";"14:45:00";"GO";60;"384";"RIO VERDE";"Falta de atenção";"Colisão lateral";"Com Vítimas Feridas";"Pleno dia";"Crescente";"Ceu Claro";"Dupla";"Reta";"Urbano";2;0;1;0;1;0;1;2
83454942;"12/03/16";"Sábado";"06:09:00";"BA";324;"609,4";"SIMOES FILHO";"Falta de atenção";"Colisão lateral";"Com Vítimas Feridas";"Amanhecer";"Crescente";"Ceu Claro";"Dupla";"Reta";"Rural";2;0;1;0;0;1;1;2
83454943;"09/04/16";"Sábado";"14:00:00";"MG";365;"641,8";"UBERLANDIA";"Defeito mecânico em veículo";"Derramamento de Carga";"Sem Vítimas";"Pleno dia";"Crescente";"Sol";"Dupla";"Reta";"Rural";1;0;0;0;1;0;0;1
83454944;"09/04/16";"Sábado";"07:40:00";"MA";226;"366";"GRAJAU";"Defeito mecânico em veículo";"Saída de Pista";"Sem Vítimas";"Pleno dia";"Decrescente";"Ceu Claro";"Simples";"Reta";"Rural";1;0;0;0;1;0;0;1
83454945;"09/04/16";"Sábado";"14:40:00";"BA";116;"417";"FEIRA DE SANTANA";"Falta de atenção";"Colisão traseira";"Com Vítimas Fatais";"Pleno dia";"Crescente";"Sol";"Dupla";"Reta";"Urbano";2;1;0;0;1;0;0;2
83454946;"09/04/16";"Sábado";"14:50:00";"SC";116;"205,3";"PONTE ALTA";"Falta de atenção";"Capotamento";"Sem Vítimas";"Pleno dia";"Decrescente";"Chuva";"Simples";"Curva";"Rural";1;0;0;0;1;0;0;1
83454947;"09/04/16";"Sábado";"14:45:00";"MG";50;"191,4";"UBERABA";"Outras";"Capotamento";"Com Vítimas Feridas";"Pleno dia";"Crescente";"Ceu Claro";"Dupla";"Reta";"Rural";1;0;1;0;0;0;1;1
83454948;"06/04/16";"Quarta";"18:40:00";"MG";381;"477";"CONTAGEM";"Não guardar distância de segurança";"Colisão lateral";"Com Vítimas Feridas";"Anoitecer";"Crescente";"Ceu Claro";"Dupla";"Reta";"Urbano";2;0;1;0;0;1;1;2
83454949;"09/04/16";"Sábado";"15:00:00";"SC";470;"154,5";"AGRONOMICA";"Falta de atenção";"Capotamento";"Sem Vítimas";"Pleno dia";"Crescente";"Sol";"Simples";"Reta";"Rural";2;0;0;0;1;1;0;2
83454950;"09/04/16";"Sábado";"13:30:00";"MA";135;"24";"SAO LUIS";"Defeito na via";"Colisão traseira";"Sem Vítimas";"Pleno dia";"Decrescente";"Chuva";"Dupla";"Reta";"Urbano";2;0;0;0;2;0;0;2
83454951;"01/04/16";"Sexta";"18:30:00";"PB";361;"86";"PIANCO";"Ingestão de álcool";"Saída de Pista";"Com Vítimas Feridas";"Plena noite";"Crescente";"Ceu Claro";"Simples";"Reta";"Rural";1;0;1;0;0;0;1;1
83454952;"09/04/16";"Sábado";"04:20:00";"MG";365;"750";"ITUIUTABA";"Dormindo";"Saída de Pista";"Sem Vítimas";"Plena noite";"Crescente";"Ceu Claro";"Simples";"Reta";"Rural";1;0;0;0;1;0;0;1
83454953;"09/04/16";"Sábado";"13:40:00";"PI";316;"346";"FRANCISCO SANTOS";"Outras";"Capotamento";"Com Vítimas Feridas";"Pleno dia";"Decrescente";"Sol";"Simples";"Reta";"Rural";1;0;1;0;0;0;1;1
83454954;"09/04/16";"Sábado";"10:40:00";"RJ";116;"76";"TERESOPOLIS";"Outras";"Colisão traseira";"Com Vítimas Feridas";"Pleno dia";"Crescente";"Ceu Claro";"Simples";"Reta";"Urbano";2;0;1;0;1;0;1;2
83454955;"09/04/16";"Sábado";"11:00:00";"BA";101;"733";"EUNAPOLIS";"Outras";"Saída de Pista";"Sem Vítimas";"Pleno dia";"Crescente";"Ceu Claro";"Simples";"Curva";"Rural";1;0;0;0;1;0;0;1
83454956;"09/04/16";"Sábado";"16:50:00";"PB";101;"110,3";"ALHANDRA";"Dormindo";"Saída de Pista";"Sem Vítimas";"Pleno dia";"Decrescente";"Ceu Claro";"Dupla";"Reta";"Urbano";1;0;0;0;1;0;0;1
83454957;"09/04/16";"Sábado";"17:00:00";"ES";101;"153";"LINHARES";"Outras";"Capotamento";"Ignorado";"Pleno dia";"Decrescente";"Ceu Claro";"Simples";"Reta";"Rural";1;0;0;0;0;1;0;1
83454958;"08/04/16";"Sexta";"06:00:00";"RJ";116;"177,5";"NOVA IGUACU";"Outras";"Capotamento";"Sem Vítimas";"Pleno dia";"Crescente";"Ceu Claro";"Dupla";"Reta";"Urbano";2;0;0;0;2;0;0;2
83454959;"09/04/16";"Sábado";"13:00:00";"MS";262;"118";"AGUA CLARA";"Outras";"Saída de Pista";"Com Vítimas Feridas";"Pleno dia";"Crescente";"Sol";"Simples";"Reta";"Rural";2;0;2;0;0;0;2;1
83454960;"09/04/16";"Sábado";"14:30:00";"PR";277;"531,3";"CAMPO BONITO";"Desobediência à sinalização";"Colisão Transversal";"Sem Vítimas";"Pleno dia";"Decrescente";"Sol";"Simples";"Cruzamento";"Rural";2;0;0;0;2;0;0;2
83454961;"09/04/16";"Sábado";"13:30:00";"PR";277;"101,4";"CURITIBA";"Outras";"Colisão com objeto fixo";"Sem Vítimas";"Pleno dia";"Crescente";"Ceu Claro";"Dupla";"Curva";"Urbano";1;0;0;0;1;0;0;1
83454962;"09/04/16";"Sábado";"17:20:00";"SC";101;"148";"ITAPEMA";"Falta de atenção";"Colisão lateral";"Com Vítimas Feridas";"Pleno dia";"Decrescente";"Sol";"Dupla";"Reta";"Urbano";3;0;2;0;1;0;2;2
83454963;"09/04/16";"Sábado";"11:25:00";"MA";135;"86,7";"ITAPECURU MIRIM";"Outras";"Atropelamento de pessoa";"Com Vítimas Feridas";"Pleno dia";"Crescente";"Ceu Claro";"Simples";"Reta";"Urbano";2;0;1;0;0;1;1;1
83454964;"09/04/16";"Sábado";"17:15:00";"RJ";101;"283";"ITABORAI";"Outras";"Queda de motocicleta / bicicleta / veículo";"Com Vítimas Feridas";"Pleno dia";"Decrescente";"Ceu Claro";"Dupla";"Curva";"Rural";1;0;0;1;0;0;1;1
83454965;"09/04/16";"Sábado";"15:40:00";"RJ";101;"421";"MANGARATIBA";"Falta de atenção";"Colisão Transversal";"Com Vítimas Feridas";"Pleno dia";"Decrescente";"Ceu Claro";"Simples";"Reta";"Urbano";3;0;1;0;2;0;1;2
83454966;"09/04/16";"Sábado";"11:30:00";"ES";262;"29";"VIANA";"Outras";"Queda de motocicleta / bicicleta / veículo";"Com Vítimas Feridas";"Pleno dia";"Decrescente";"Ceu Claro";"Simples";"Curva";"Rural";1;0;0;1;0;0;1;1
83454967;"08/04/16";"Sexta";"10:00:00";"GO";20;"102";"VILA BOA";"Defeito mecânico em veículo";"Capotamento";"Com Vítimas Feridas";"Pleno dia";"Decrescente";"Ceu Claro";"Simples";"Reta";"Rural";4;0;1;0;3;0;1;1
83454968;"09/04/16";"Sábado";"14:20:00";"MG";153;"2";"ARAPORA";"Defeito mecânico em veículo";"Derramamento de Carga";"Sem Vítimas";"Pleno dia";"Decrescente";"Ceu Claro";"Dupla";"Reta";"Rural";1;0;0;0;1;0;0;1
83454969;"07/04/16";"Quinta";"05:15:00";"MG";381;"387";"SAO GONCALO DO RIO ABAIXO";"Outras";"Capotamento";"Com Vítimas Feridas";"Plena noite";"Crescente";"Nevoeiro/neblina";"Simples";"Reta";"Rural";3;0;3;0;0;0;3;1
83454970;"06/04/16";"Quarta";"17:10:00";"ES";101;"148";"LINHARES";"Falta de atenção";"Colisão traseira";"Com Vítimas Feridas";"Pleno dia";"Crescente";"Ceu Claro";"Simples";"Reta";"Urbano";3;0;1;0;1;1;1;2
83454971;"09/04/16";"Sábado";"11:30:00";"MT";364;"346";"SANTO ANTONIO DO LEVERGER";"Defeito mecânico em veículo";"Colisão com objeto fixo";"Sem Vítimas";"Pleno dia";"Crescente";"Chuva";"Simples";"Curva";"Rural";1;0;0;0;1;0;0;1
83454972;"09/04/16";"Sábado";"15:30:00";"PE";316;"58,5";"TRINDADE";"Não guardar distância de segurança";"Colisão com bicicleta";"Com Vítimas Fatais";"Pleno dia";"Crescente";"Sol";"Simples";"Reta";"Urbano";2;1;0;0;1;0;0;2
83454973;"09/04/16";"Sábado";"16:15:00";"PR";369;"497,3";"CORBELIA";"Defeito mecânico em veículo";"Colisão com objeto móvel";"Com Vítimas Feridas";"Pleno dia";"Crescente";"Sol";"Simples";"Reta";"Rural";3;0;2;0;1;0;2;2
83454974;"09/04/16";"Sábado";"04:00:00";"MS";163;"137,2";"NAVIRAI";"Dormindo";"Saída de Pista";"Com Vítimas Feridas";"Plena noite";"Decrescente";"Ceu Claro";"Simples";"Reta";"Rural";2;0;1;0;0;1;1;1
83454975;"09/04/16";"Sábado";"17:50:00";"RJ";101;"297";"ITABORAI";"Defeito na via";"Danos Eventuais";"Com Vítimas Feridas";"Anoitecer";"Decrescente";"Ceu Claro";"Múltipla";"Reta";"Urbano";3;0;1;0;2;0;1;2
83454976;"09/04/16";"Sábado";"15:30:00";"MG";40;"514";"RIBEIRAO DAS NEVES";"Defeito mecânico em veículo";"Capotamento";"Com Vítimas Feridas";"Pleno dia";"Crescente";"Ceu Claro";"Dupla";"Reta";"Urbano";1;0;1;0;0;0;1;1
83454977;"05/04/16";"Terça";"23:20:00";"PA";316;"121";"SANTA MARIA DO PARA";"Falta de atenção";"Colisão traseira";"Com Vítimas Feridas";"Plena noite";"Crescente";"Ceu Claro";"Dupla";"Reta";"Rural";2;0;0;1;1;0;1;2
83454978;"09/04/16";"Sábado";"13:45:00";"BA";330;"739,8";"JEQUIE";"Velocidade incompatível";"Colisão Transversal";"Com Vítimas Fatais";"Pleno dia";"Crescente";"Ceu Claro";"Simples";"Curva";"Rural";4;1;1;1;1;0;2;3
83454979;"05/04/16";"Terça";"18:00:00";"MG";381;"347";"JOAO MONLEVADE";"Velocidade incompatível";"Saída de Pista";"Com Vítimas Feridas";"Pleno dia";"Crescente";"Nublado";"Simples";"Curva";"Rural";1;0;1;0;0;0;1;1
83454980;"09/04/16";"Sábado";"18:55:00";"RS";290;"480,3";"ROSARIO DO SUL";"Desobediência à sinalização";"Colisão Transversal";"Com Vítimas Feridas";"Plena noite";"Crescente";"Nublado";"Simples";"Cruzamento";"Urbano";4;0;2;0;2;0;2;2
83454981;"09/04/16";"Sábado";"18:30:00";"SP";101;"18,2";"UBATUBA";"Falta de atenção";"Colisão traseira";"Sem Vítimas";"Plena noite";"Crescente";"Ceu Claro";"Simples";"Reta";"Rural";2;0;0;0;2;0;0;2
83454982;"09/04/16";"Sábado";"16:00:00";"PE";232;"4";"RECIFE";"Não guardar distância de segurança";"Colisão traseira";"Sem Vítimas";"Pleno dia";"Crescente";"Ceu Claro";"Dupla";"Curva";"Urbano";2;0;0;0;2;0;0;2
83454983;"02/04/16";"Sábado";"04:30:00";"PR";116;"117";"CURITIBA";"Outras";"Saída de Pista";"Sem Vítimas";"Plena noite";"Crescente";"Nublado";"Dupla";"Reta";"Urbano";1;0;0;0;1;0;0;1
83454984;"09/04/16";"Sábado";"14:45:00";"MS";163;"86,1";"ITAQUIRAI";"Defeito mecânico em veículo";"Queda de motocicleta / bicicleta / veículo";"Com Vítimas Feridas";"Pleno dia";"Crescente";"Ceu Claro";"Simples";"Reta";"Rural";2;0;2;0;0;0;2;1
83454985;"09/04/16";"Sábado";"10:20:00";"BA";116;"426,5";"FEIRA DE SANTANA";"Outras";"Queda de motocicleta / bicicleta / veículo";"Com Vítimas Feridas";"Pleno dia";"Crescente";"Ceu Claro";"Múltipla";"Curva";"Urbano";2;0;1;0;0;1;1;1
83454986;"09/04/16";"Sábado";"19:00:00";"PR";277;"5";"PARANAGUA";"Desobediência à sinalização";"Colisão Transversal";"Com Vítimas Feridas";"Plena noite";"Crescente";"Nublado";"Dupla";"Cruzamento";"Urbano";2;0;1;1;0;0;2;2
83454987;"05/04/16";"Terça";"12:45:00";"SE";101;"133,9";"ESTANCIA";"Velocidade incompatível";"Saída de Pista";"Com Vítimas Fatais";"Pleno dia";"Crescente";"Chuva";"Dupla";"Reta";"Rural";5;1;1;1;2;0;2;1
83454988;"08/04/16";"Sexta";"22:30:00";"MS";163;"547";"BANDEIRANTES";"Outras";"Colisão Transversal";"Com Vítimas Fatais";"Plena noite";"Crescente";"Ceu Claro";"Simples";"Curva";"Rural";2;1;0;0;1;0;0;2
83454989;"08/04/16";"Sexta";"10:30:00";"RS";285;"638";"SAO BORJA";"Outras";"Saída de Pista";"Com Vítimas Feridas";"Pleno dia";"Crescente";"Chuva";"Simples";"Reta";"Rural";2;0;1;0;1;0;1;1
83454990;"09/04/16";"Sábado";"19:00:00";"SC";101;"322";"PESCARIA BRAVA";"Falta de atenção";"Colisão traseira";"Com Vítimas Feridas";"Anoitecer";"Crescente";"Ceu Claro";"Múltipla";"Reta";"Rural";2;0;0;1;1;0;1;2
83454991;"09/04/16";"Sábado";"14:20:00";"MG";50;"104";"UBERLANDIA";"Outras";"Saída de Pista";"Sem Vítimas";"Pleno dia";"Decrescente";"Ceu Claro";"Dupla";"Reta";"Rural";1;0;0;0;1;0;0;1
83454992;"09/04/16";"Sábado";"17:20:00";"BA";116;"458,3";"SANTO ESTEVAO";"Falta de atenção";"Colisão traseira";"Com Vítimas Feridas";"Pleno dia";"Crescente";"Ceu Claro";"Dupla";"Reta";"Rural";3;0;2;0;1;0;2;2
83454995;"06/04/16";"Quarta";"20:10:00";"SC";101;"207";"SAO JOSE";"Falta de atenção";"Colisão lateral";"Com Vítimas Feridas";"Plena noite";"Crescente";"Ceu Claro";"Dupla";"Curva";"Urbano";3;0;1;0;2;0;1;3
83454996;"09/04/16";"Sábado";"16:00:00";"PE";232;"14";"JABOATAO DOS GUARARAPES";"Falta de atenção";"Atropelamento de pessoa";"Com Vítimas Feridas";"Pleno dia";"Decrescente";"Ceu Claro";"Dupla";"Reta";"Rural";6;0;0;1;4;1;1;1
83454997;"09/04/16";"Sábado";"18:30:00";"PR";369;"461";"UBIRATA";"Outras";"Capotamento";"Sem Vítimas";"Anoitecer";"Crescente";"Ceu Claro";"Simples";"Reta";"Rural";1;0;0;0;1;0;0;1
83454998;"09/04/16";"Sábado";"19:10:00";"MA";316;"552";"CAXIAS";"Falta de atenção";"Colisão lateral";"Com Vítimas Feridas";"Plena noite";"Crescente";"Ceu Claro";"Dupla";"Reta";"Urbano";2;0;1;0;1;0;1;2
83454999;"09/04/16";"Sábado";"18:00:00";"SC";282;"0,4";"FLORIANOPOLIS";"Não guardar distância de segurança";"Colisão traseira";"Sem Vítimas";"Anoitecer";"Decrescente";"Ceu Claro";"Dupla";"Reta";"Urbano";3;0;0;0;3;0;0;3
83455000;"09/04/16";"Sábado";"16:40:00";"MG";381;"940";"EXTREMA";"Falta de atenção";"Colisão traseira";"Sem Vítimas";"Pleno dia";"Decrescente";"Sol";"Simples";"Reta";"Urbano";3;0;0;0;3;0;0;3
83455001;"06/04/16";"Quarta";"19:58:00";"SP";381;"30";"ATIBAIA";"Outras";"Atropelamento de pessoa";"Com Vítimas Feridas";"Plena noite";"Crescente";"Ceu Claro";"Dupla";"Reta";"Rural";2;0;0;1;0;1;1;1
83455002;"09/04/16";"Sábado";"17:15:00";"MG";381;"713";"CARMO DA CACHOEIRA";"Outras";"Queda de motocicleta / bicicleta / veículo";"Com Vítimas Feridas";"Pleno dia";"Crescente";"Sol";"Dupla";"Curva";"Rural";1;0;1;0;0;0;1;1
83455003;"09/04/16";"Sábado";"11:30:00";"MS";60;"71,1";"AGUA CLARA";"Falta de atenção";"Saída de Pista";"Sem Vítimas";"Pleno dia";"Decrescente";"Ceu Claro";"Simples";"Reta";"Rural";1;0;0;0;1;0;0;1
83455004;"09/04/16";"Sábado";"17:55:00";"PE";101;"43,3";"IGARASSU";"Não guardar distância de segurança";"Colisão traseira";"Com Vítimas Feridas";"Plena noite";"Decrescente";"Ceu Claro";"Múltipla";"Reta";"Urbano";6;0;1;0;5;0;1;3
83455005;"09/04/16";"Sábado";"17:40:00";"PR";369;"484";"CORBELIA";"Outras";"Colisão traseira";"Com Vítimas Feridas";"Pleno dia";"Decrescente";"Sol";"Simples";"Reta";"Rural";2;0;1;0;0;1;1;2
83455006;"09/04/16";"Sábado";"18:30:00";"PE";423;"94";"GARANHUNS";"Falta de atenção";"Colisão traseira";"Com Vítimas Feridas";"Plena noite";"Crescente";"Ceu Claro";"Simples";"Reta";"Urbano";2;0;1;0;1;0;1;2
83455007;"07/04/16";"Quinta";"17:00:00";"RS";290;"157";"ARROIO DOS RATOS";"Desobediência à sinalização";"Colisão frontal";"Sem Vítimas";"Pleno dia";"Decrescente";"Ceu Claro";"Simples";"Reta";"Rural";3;0;0;0;3;0;0;3
83455008;"09/04/16";"Sábado";"10:10:00";"PE";101;"16";"GOIANA";"Falta de atenção";"Colisão traseira";"Com Vítimas Feridas";"Pleno dia";"Crescente";"Sol";"Dupla";"Reta";"Rural";3;0;1;1;0;1;2;2
83455009;"09/04/16";"Sábado";"19:19:00";"RS";116;"516";"PELOTAS";"Outras";"Incêndio";"Ignorado";"Plena noite";"Crescente";"Ceu Claro";"Simples";"Reta";"Urbano";1;0;0;0;0;1;0;1
83455010;"06/04/16";"Quarta";"18:40:00";"RO";364;"881";"PORTO VELHO";"Outras";"Tombamento";"Com Vítimas Feridas";"Pleno dia";"Crescente";"Ceu Claro";"Simples";"Reta";"Rural";2;0;1;1;0;0;2;1
83455011;"08/04/16";"Sexta";"06:30:00";"SP";381;"73";"SAO PAULO";"Falta de atenção";"Colisão lateral";"Com Vítimas Feridas";"Amanhecer";"Crescente";"Nublado";"Múltipla";"Curva";"Urbano";2;0;1;0;1;0;1;2
83455012;"09/04/16";"Sábado";"14:30:00";"RS";153;"48";"ERECHIM";"Falta de atenção";"Colisão com objeto fixo";"Ignorado";"Pleno dia";"Crescente";"Ceu Claro";"Simples";"Reta";"Urbano";1;0;0;0;0;1;0;1
83455013;"09/04/16";"Sábado";"16:00:00";"PI";343;"264";"TERESINA";"Falta de atenção";"Colisão Transversal";"Com Vítimas Feridas";"Pleno dia";"Crescente";"Ceu Claro";"Simples";"Reta";"Urbano";3;0;2;0;1;0;2;2
83455014;"07/04/16";"Quinta";"15:40:00";"SP";116;"30,5";"CRUZEIRO";"Falta de atenção";"Colisão traseira";"Com Vítimas Feridas";"Pleno dia";"Crescente";"Ceu Claro";"Múltipla";"Reta";"Rural";2;0;1;0;1;0;1;2
83455015;"09/04/16";"Sábado";"18:00:00";"RJ";101;"58";"CAMPOS DOS GOYTACAZES";"Falta de atenção";"Atropelamento de pessoa";"Com Vítimas Feridas";"Anoitecer";"Crescente";"Ceu Claro";"Simples";"Reta";"Urbano";2;0;1;0;0;1;1;1
83455016;"09/04/16";"Sábado";"17:50:00";"SP";116;"488,5";"CAJATI";"Falta de atenção";"Colisão com objeto móvel";"Sem Vítimas";"Anoitecer";"Crescente";"Nublado";"Dupla";"Reta";"Rural";1;0;0;0;1;0;0;1
83455017;"09/04/16";"Sábado";"20:00:00";"RJ";101;"533";"PARATI";"Falta de atenção";"Colisão traseira";"Com Vítimas Feridas";"Plena noite";"Crescente";"Ceu Claro";"Simples";"Reta";"Urbano";2;0;1;0;1;0;1;2
83455018;"09/04/16";"Sábado";"20:15:00";"PR";277;"9,3";"PARANAGUA";"Falta de atenção";"Saída de Pista";"Sem Vítimas";"Plena noite";"Crescente";"Chuva";"Múltipla";"Reta";"Rural";1;0;0;0;1;0;0;1
83455019;"09/04/16";"Sábado";"15:50:00";"MG";262;"773,9";"UBERABA";"Falta de atenção";"Queda de motocicleta / bicicleta / veículo";"Com Vítimas Feridas";"Pleno dia";"Decrescente";"Ceu Claro";"Simples";"Reta";"Rural";2;0;2;0;0;0;2;1
83455020;"09/04/16";"Sábado";"16:30:00";"SC";101;"328,4";"CAPIVARI DE BAIXO";"Defeito mecânico em veículo";"Colisão com objeto fixo";"Com Vítimas Feridas";"Pleno dia";"Decrescente";"Nublado";"Dupla";"Reta";"Urbano";1;0;1;0;0;0;1;1
83455021;"09/04/16";"Sábado";"19:20:00";"AL";104;"87";"RIO LARGO";"Defeito na via";"Queda de motocicleta / bicicleta / veículo";"Com Vítimas Feridas";"Plena noite";"Decrescente";"Ignorada";"Dupla";"Reta";"Urbano";1;0;1;0;0;0;1;1
83455022;"09/04/16";"Sábado";"17:00:00";"MS";262;"233,3";"RIBAS DO RIO PARDO";"Outras";"Queda de motocicleta / bicicleta / veículo";"Com Vítimas Feridas";"Pleno dia";"Crescente";"Ceu Claro";"Simples";"Reta";"Rural";1;0;0;1;0;0;1;1
83455023;"09/04/16";"Sábado";"19:30:00";"TO";242;"442,1";"CARIRI DO TOCANTINS";"Outras";"Queda de motocicleta / bicicleta / veículo";"Com Vítimas Feridas";"Plena noite";"Decrescente";"Ceu Claro";"Simples";"Reta";"Rural";1;0;0;1;0;0;1;1
83455024;"09/04/16";"Sábado";"18:30:00";"SC";116;"304,5";"CAPAO ALTO";"Falta de atenção";"Tombamento";"Com Vítimas Feridas";"Anoitecer";"Decrescente";"Nublado";"Simples";"Curva";"Rural";2;0;1;0;1;0;1;2
83455025;"09/04/16";"Sábado";"17:20:00";"PA";316;"23";"BENEVIDES";"Falta de atenção";"Atropelamento de pessoa";"Com Vítimas Feridas";"Pleno dia";"Decrescente";"Nublado";"Dupla";"Reta";"Rural";2;0;1;1;0;0;2;1
83455026;"09/04/16";"Sábado";"16:30:00";"BA";242;"740";"CRISTOPOLIS";"Velocidade incompatível";"Saída de Pista";"Com Vítimas Fatais";"Anoitecer";"Crescente";"Chuva";"Simples";"Reta";"Rural";5;2;2;1;0;0;3;1
83455028;"09/04/16";"Sábado";"20:00:00";"PA";316;"8";"ANANINDEUA";"Falta de atenção";"Colisão com bicicleta";"Com Vítimas Feridas";"Plena noite";"Decrescente";"Ceu Claro";"Dupla";"Reta";"Urbano";2;0;1;0;1;0;1;2
83455029;"09/04/16";"Sábado";"18:56:00";"SC";282;"210";"LAGES";"Falta de atenção";"Saída de Pista";"Com Vítimas Feridas";"Plena noite";"Crescente";"Ceu Claro";"Simples";"Reta";"Rural";1;0;1;0;0;0;1;1
83455030;"09/04/16";"Sábado";"17:20:00";"AC";364;"137";"RIO BRANCO";"Falta de atenção";"Colisão lateral";"Com Vítimas Feridas";"Anoitecer";"Decrescente";"Ceu Claro";"Múltipla";"Reta";"Urbano";3;0;1;1;1;0;2;2
83455031;"09/04/16";"Sábado";"17:30:00";"SC";282;"211,8";"LAGES";"Velocidade incompatível";"Saída de Pista";"Com Vítimas Feridas";"Pleno dia";"Crescente";"Sol";"Simples";"Reta";"Rural";1;0;1;0;0;0;1;1
83455032;"09/04/16";"Sábado";"16:00:00";"SC";282;"210,6";"LAGES";"Velocidade incompatível";"Saída de Pista";"Com Vítimas Feridas";"Pleno dia";"Crescente";"Sol";"Simples";"Reta";"Rural";1;0;0;1;0;0;1;1
83455033;"09/04/16";"Sábado";"17:50:00";"GO";153;"546,6";"PIRACANJUBA";"Ingestão de álcool";"Colisão lateral";"Com Vítimas Feridas";"Pleno dia";"Decrescente";"Ceu Claro";"Dupla";"Reta";"Urbano";2;0;1;0;1;0;1;2
83455034;"09/04/16";"Sábado";"15:45:00";"MG";50;"72";"UBERLANDIA";"Falta de atenção";"Colisão lateral";"Sem Vítimas";"Pleno dia";"Decrescente";"Ceu Claro";"Dupla";"Reta";"Urbano";2;0;0;0;2;0;0;2
83455035;"09/04/16";"Sábado";"18:50:00";"SC";470;"59";"BLUMENAU";"Ingestão de álcool";"Colisão traseira";"Com Vítimas Feridas";"Plena noite";"Crescente";"Ceu Claro";"Simples";"Reta";"Urbano";3;0;1;0;1;1;1;2
83455036;"09/04/16";"Sábado";"19:25:00";"BA";101;"744,2";"ITABELA";"Ingestão de álcool";"Colisão frontal";"Com Vítimas Feridas";"Plena noite";"Decrescente";"Ignorada";"Simples";"Reta";"Rural";2;0;1;0;0;1;1;2
83455037;"09/04/16";"Sábado";"19:30:00";"TO";226;"40";"DARCINOPOLIS";"Ingestão de álcool";"Colisão frontal";"Com Vítimas Feridas";"Plena noite";"Crescente";"Ceu Claro";"Simples";"Reta";"Rural";3;0;1;0;2;0;1;2
83455038;"09/04/16";"Sábado";"16:40:00";"AC";364;"140";"RIO BRANCO";"Falta de atenção";"Colisão Transversal";"Sem Vítimas";"Pleno dia";"Decrescente";"Sol";"Dupla";"Reta";"Urbano";2;0;0;0;1;1;0;2
83455039;"09/04/16";"Sábado";"16:00:00";"SC";282;"644,3";"SAO MIGUEL DOESTE";"Defeito mecânico em veículo";"Saída de Pista";"Com Vítimas Feridas";"Pleno dia";"Decrescente";"Nublado";"Simples";"Reta";"Rural";1;0;1;0;0;0;1;1
83455040;"09/04/16";"Sábado";"20:30:00";"BA";324;"612,7";"SALVADOR";"Não guardar distância de segurança";"Colisão lateral";"Com Vítimas Feridas";"Plena noite";"Decrescente";"Nublado";"Dupla";"Reta";"Urbano";8;0;6;0;2;0;6;4
83455041;"09/04/16";"Sábado";"18:10:00";"GO";153;"431,4";"ANAPOLIS";"Outras";"Colisão com objeto fixo";"Com Vítimas Feridas";"Anoitecer";"Crescente";"Chuva";"Dupla";"Reta";"Urbano";2;0;2;0;0;0;2;1
83455042;"09/04/16";"Sábado";"12:30:00";"SC";282;"212,1";"LAGES";"Falta de atenção";"Colisão Transversal";"Com Vítimas Feridas";"Pleno dia";"Crescente";"Ceu Claro";"Simples";"Cruzamento";"Rural";4;0;1;2;1;0;3;2
83455043;"09/04/16";"Sábado";"21:30:00";"MT";364;"204";"RONDONOPOLIS";"Outras";"Colisão traseira";"Com Vítimas Feridas";"Plena noite";"Decrescente";"Ceu Claro";"Dupla";"Reta";"Urbano";2;0;0;1;0;1;1;2
83455044;"09/04/16";"Sábado";"20:30:00";"SC";116;"1,9";"MAFRA";"Falta de atenção";"Colisão lateral";"Com Vítimas Feridas";"Plena noite";"Decrescente";"Ceu Claro";"Simples";"Reta";"Urbano";2;0;1;0;0;1;1;2
83455045;"09/04/16";"Sábado";"19:10:00";"GO";70;"127,9";"JARAGUA";"Defeito mecânico em veículo";"Saída de Pista";"Com Vítimas Fatais";"Plena noite";"Crescente";"Nublado";"Simples";"Reta";"Rural";1;1;0;0;0;0;0;1
83455046;"09/04/16";"Sábado";"09:45:00";"CE";116;"16";"FORTALEZA";"Ingestão de álcool";"Saída de Pista";"Com Vítimas Feridas";"Pleno dia";"Crescente";"Nublado";"Dupla";"Reta";"Urbano";1;0;1;0;0;0;1;1
83455047;"09/04/16";"Sábado";"20:30:00";"GO";452;"164,9";"ITUMBIARA";"Falta de atenção";"Colisão traseira";"Com Vítimas Feridas";"Plena noite";"Crescente";"Ceu Claro";"Simples";"Reta";"Rural";2;0;0;1;1;0;1;2