"id";"data_inversa";"dia_semana";"horario";"uf";"br";"km";"municipio";"causa_acidente";"tipo_acidente";"classificacao_acidente";"fase_dia";"sentido_via";"condicao_metereologica";"tipo_pista";"tracado_via";"uso_solo";"pessoas";"mortos";"feridos_leves";"feridos_graves";"ilesos";"ignorados";"feridos";"veiculos"
83455048;"09/04/16";"Sábado";"20:50:00";"GO";60;"103,5";"ANAPOLIS";"Outras";"Queda de motocicleta / bicicleta / veículo";"Com Vítimas Feridas";"Plena noite";"Crescente";"Ceu Claro";"Dupla";"Reta";"Rural";2;0;2;0;0;0;2;1
83455049;"09/04/16";"Sábado";"17:00:00";"SC";116;"236,1";"CORREIA PINTO";"Desobediência à sinalização";"Colisão Transversal";"Sem Vítimas";"Pleno dia";"Decrescente";"Ceu Claro";"Simples";"Reta";"Rural";2;0;0;0;2;0;0;2
83455050;"09/04/16";"Sábado";"19:00:00";"SC";116;"245,4";"LAGES";"Desobediência à sinalização";"Colisão Transversal";"Com Vítimas Feridas";"Plena noite";"Decrescente";"Ceu Claro";"Simples";"Cruzamento";"Urbano";3;0;1;1;1;0;2;2
83455051;"09/04/16";"Sábado";"09:50:00";"PR";476;"78";"RIO BRANCO DO SUL";"Velocidade incompatível";"Colisão frontal";"Com Vítimas Fatais";"Pleno dia";"Decrescente";"Nublado";"Simples";"Curva";"Rural";2;1;0;0;1;0;0;2
83455052;"09/04/16";"Sábado";"13:00:00";"BA";242;"239";"ITABERABA";"Velocidade incompatível";"Saída de Pista";"Sem Vítimas";"Pleno dia";"Decrescente";"Ceu Claro";"Simples";"Curva";"Rural";1;0;0;0;1;0;0;1
83455053;"09/04/16";"Sábado";"22:00:00";"MG";153;"70";"MONTE ALEGRE DE MINAS";"Dormindo";"Colisão traseira";"Sem Vítimas";"Plena noite";"Decrescente";"Ceu Claro";"Simples";"Reta";"Rural";2;0;0;0;2;0;0;2
83455054;"09/04/16";"Sábado";"17:00:00";"PR";116;"14";"COLOMBO";"Outras";"Saída de Pista";"Com Vítimas Feridas";"Pleno dia";"Decrescente";"Nublado";"Dupla";"Reta";"Urbano";1;0;0;1;0;0;1;1
83455055;"09/04/16";"Sábado";"19:30:00";"PR";116;"114";"CURITIBA";"Outras";"Saída de Pista";"Com Vítimas Feridas";"Plena noite";"Decrescente";"Chuva";"Dupla";"Reta";"Urbano";1;0;0;1;0;0;1;1
83455056;"09/04/16";"Sábado";"21:30:00";"BA";101;"905";"CARAVELAS";"Outras";"Saída de Pista";"Sem Vítimas";"Plena noite";"Decrescente";"Ceu Claro";"Simples";"Reta";"Rural";1;0;0;0;1;0;0;1
83455057;"09/04/16";"Sábado";"18:45:00";"PR";116;"97";"SAO JOSE DOS PINHAIS";"Outras";"Saída de Pista";"Com Vítimas Feridas";"Pleno dia";"Crescente";"Chuva";"Dupla";"Curva";"Urbano";1;0;1;0;0;0;1;1
83455058;"09/04/16";"Sábado";"10:00:00";"PR";277;"484,2";"NOVA LARANJEIRAS";"Outras";"Tombamento";"Com Vítimas Feridas";"Pleno dia";"Crescente";"Ceu Claro";"Simples";"Curva";"Rural";1;0;1;0;0;0;1;1
83455059;"09/04/16";"Sábado";"15:00:00";"MT";70;"646";"CACERES";"Outras";"Capotamento";"Com Vítimas Feridas";"Pleno dia";"Decrescente";"Nublado";"Simples";"Reta";"Rural";1;0;1;0;0;0;1;1
83455060;"09/04/16";"Sábado";"23:30:00";"PR";277;"629,3";"CEU AZUL";"Ultrapassagem indevida";"Saída de Pista";"Com Vítimas Feridas";"Plena noite";"Decrescente";"Ceu Claro";"Simples";"Reta";"Rural";1;0;1;0;0;0;1;1
83455061;"09/04/16";"Sábado";"18:00:00";"PA";10;"7";"DOM ELISEU";"Desobediência à sinalização";"Colisão frontal";"Com Vítimas Fatais";"Anoitecer";"Crescente";"Nublado";"Simples";"Reta";"Rural";3;2;0;0;1;0;0;2
83455062;"09/04/16";"Sábado";"23:35:00";"PR";116;"21,1";"RIO NEGRO";"Defeito mecânico em veículo";"Colisão com objeto fixo";"Sem Vítimas";"Plena noite";"Crescente";"Ceu Claro";"Simples";"Reta";"Urbano";1;0;0;0;1;0;0;1
83455063;"09/04/16";"Sábado";"22:30:00";"MS";262;"7";"TRES LAGOAS";"Falta de atenção";"Colisão lateral";"Com Vítimas Feridas";"Plena noite";"Decrescente";"Ceu Claro";"Dupla";"Reta";"Urbano";2;0;0;1;1;0;1;2
83455064;"09/04/16";"Sábado";"22:40:00";"PR";376;"177,3";"MARINGA";"Outras";"Colisão traseira";"Com Vítimas Feridas";"Plena noite";"Crescente";"Ceu Claro";"Dupla";"Reta";"Urbano";3;0;2;0;1;0;2;2
83455065;"09/04/16";"Sábado";"21:50:00";"RS";153;"51,3";"ERECHIM";"Desobediência à sinalização";"Colisão lateral";"Com Vítimas Feridas";"Plena noite";"Crescente";"Nublado";"Simples";"Reta";"Urbano";4;0;1;1;2;0;2;2
83455066;"09/04/16";"Sábado";"23:30:00";"PI";316;"3,5";"TERESINA";"Falta de atenção";"Colisão traseira";"Sem Vítimas";"Plena noite";"Crescente";"Ceu Claro";"Múltipla";"Reta";"Urbano";2;0;0;0;2;0;0;2
83455067;"09/04/16";"Sábado";"19:00:00";"MG";116;"336";"CAMPANARIO";"Falta de atenção";"Colisão frontal";"Sem Vítimas";"Plena noite";"Crescente";"Ceu Claro";"Simples";"Reta";"Rural";2;0;0;0;2;0;0;2
83455068;"09/04/16";"Sábado";"23:00:00";"SP";116;"308";"SAO LOURENCO DA SERRA";"Ingestão de álcool";"Colisão com objeto fixo";"Sem Vítimas";"Plena noite";"Decrescente";"Ceu Claro";"Dupla";"Reta";"Rural";1;0;0;0;1;0;0;1
83455069;"09/04/16";"Sábado";"18:45:00";"PI";402;"34";"PARNAIBA";"Falta de atenção";"Colisão lateral";"Com Vítimas Feridas";"Plena noite";"Crescente";"Ignorada";"Simples";"Reta";"Urbano";3;0;1;0;2;0;1;2
83455070;"09/04/16";"Sábado";"17:30:00";"SC";470;"129";"LONTRAS";"Ingestão de álcool";"Colisão traseira";"Sem Vítimas";"Pleno dia";"Crescente";"Sol";"Simples";"Reta";"Urbano";2;0;0;0;2;0;0;2
83455071;"05/04/16";"Terça";"08:30:00";"RN";101;"104";"PARNAMIRIM";"Não guardar distância de segurança";"Colisão traseira";"Sem Vítimas";"Pleno dia";"Crescente";"Ceu Claro";"Dupla";"Reta";"Urbano";7;0;0;0;7;0;0;7
83455072;"10/04/16";"Domingo";"00:05:00";"PB";230;"35,2";"BAYEUX";"Falta de atenção";"Queda de motocicleta / bicicleta / veículo";"Com Vítimas Feridas";"Plena noite";"Crescente";"Ceu Claro";"Dupla";"Curva";"Urbano";1;0;1;0;0;0;1;1
83455073;"09/04/16";"Sábado";"21:40:00";"DF";20;"20";"BRASILIA";"Outras";"Colisão traseira";"Com Vítimas Feridas";"Plena noite";"Crescente";"Nublado";"Dupla";"Reta";"Urbano";3;0;1;0;1;1;1;2
83455074;"09/04/16";"Sábado";"09:40:00";"CE";20;"417,6";"MARACANAU";"Falta de atenção";"Colisão traseira";"Sem Vítimas";"Pleno dia";"Decrescente";"Chuva";"Simples";"Reta";"Urbano";5;0;0;0;5;0;0;5
83455075;"09/04/16";"Sábado";"23:20:00";"SC";101;"154";"PORTO BELO";"Ingestão de álcool";"Colisão com bicicleta";"Com Vítimas Fatais";"Plena noite";"Decrescente";"Ceu Claro";"Dupla";"Reta";"Rural";2;1;0;1;0;0;1;2
83455076;"09/04/16";"Sábado";"19:15:00";"MS";158;"267";"TRES LAGOAS";"Ingestão de álcool";"Saída de Pista";"Com Vítimas Feridas";"Plena noite";"Crescente";"Ceu Claro";"Simples";"Reta";"Urbano";1;0;0;1;0;0;1;1
83455077;"10/04/16";"Domingo";"00:15:00";"SP";381;"48,3";"ATIBAIA";"Outras";"Saída de Pista";"Com Vítimas Feridas";"Plena noite";"Crescente";"Ceu Claro";"Múltipla";"Reta";"Rural";1;0;1;0;0;0;1;1
83455078;"09/04/16";"Sábado";"23:50:00";"RS";293;"157,7";"HULHA NEGRA";"Animais na Pista";"Saída de Pista";"Sem Vítimas";"Plena noite";"Crescente";"Nublado";"Simples";"Reta";"Rural";1;0;0;0;1;0;0;1
83455079;"10/03/16";"Quinta";"01:00:00";"SP";116;"549";"BARRA DO TURVO";"Velocidade incompatível";"Colisão com objeto fixo";"Sem Vítimas";"Plena noite";"Crescente";"Nublado";"Dupla";"Curva";"Rural";1;0;0;0;1;0;0;1
83455080;"09/04/16";"Sábado";"18:40:00";"MG";251;"471,6";"FRANCISCO SA";"Defeito mecânico em veículo";"Tombamento";"Sem Vítimas";"Plena noite";"Crescente";"Nublado";"Simples";"Curva";"Rural";1;0;0;0;1;0;0;1
83455081;"09/04/16";"Sábado";"23:15:00";"RS";386;"392,8";"TRIUNFO";"Falta de atenção";"Colisão lateral";"Sem Vítimas";"Plena noite";"Crescente";"Nublado";"Simples";"Reta";"Rural";2;0;0;0;2;0;0;2
83455082;"10/04/16";"Domingo";"00:45:00";"SP";381;"36";"ATIBAIA";"Outras";"Colisão traseira";"Sem Vítimas";"Plena noite";"Decrescente";"Nublado";"Dupla";"Reta";"Rural";2;0;0;0;2;0;0;2
83455083;"07/04/16";"Quinta";"23:00:00";"PI";316;"107";"PASSAGEM FRANCA DO PIAUI";"Dormindo";"Tombamento";"Com Vítimas Feridas";"Plena noite";"Decrescente";"Ceu Claro";"Simples";"Reta";"Rural";1;0;0;1;0;0;1;1
83455084;"10/04/16";"Domingo";"02:10:00";"SC";101;"159,9";"PORTO BELO";"Outras";"Saída de Pista";"Sem Vítimas";"Plena noite";"Crescente";"Ceu Claro";"Dupla";"Reta";"Rural";1;0;0;0;1;0;0;1
83455085;"10/04/16";"Domingo";"02:30:00";"PR";153;"297,2";"IMBITUVA";"Ingestão de álcool";"Colisão frontal";"Com Vítimas Fatais";"Plena noite";"Crescente";"Ceu Claro";"Simples";"Reta";"Rural";8;2;0;3;3;0;3;3
83455086;"09/04/16";"Sábado";"21:30:00";"BA";116;"852,5";"VITORIA DA CONQUISTA";"Outras";"Queda de motocicleta / bicicleta / veículo";"Com Vítimas Feridas";"Plena noite";"Decrescente";"Ceu Claro";"Simples";"Reta";"Rural";1;0;1;0;0;0;1;1
83455087;"10/04/16";"Domingo";"01:00:00";"PE";232;"97,5";"BEZERROS";"Defeito mecânico em veículo";"Capotamento";"Com Vítimas Feridas";"Plena noite";"Crescente";"Nublado";"Dupla";"Reta";"Rural";2;0;1;0;1;0;1;1
83455088;"09/04/16";"Sábado";"18:20:00";"PR";116;"18";"CURITIBA";"Não guardar distância de segurança";"Colisão traseira";"Sem Vítimas";"Plena noite";"Decrescente";"Chuva";"Dupla";"Reta";"Urbano";2;0;0;0;2;0;0;2
83455089;"09/04/16";"Sábado";"19:20:00";"PR";476;"131,5";"CURITIBA";"Ingestão de álcool";"Colisão traseira";"Sem Vítimas";"Plena noite";"Decrescente";"Nublado";"Múltipla";"Cruzamento";"Urbano";3;0;0;0;3;0;0;2
83455090;"10/04/16";"Domingo";"02:30:00";"MS";267;"134,2";"NOVA ANDRADINA";"Ingestão de álcool";"Colisão Transversal";"Sem Vítimas";"Plena noite";"Decrescente";"Ceu Claro";"Simples";"Reta";"Rural";2;0;0;0;1;1;0;2
83455091;"08/04/16";"Sexta";"02:30:00";"PR";369;"484";"CORBELIA";"Outras";"Colisão lateral";"Sem Vítimas";"Plena noite";"Decrescente";"Ceu Claro";"Simples";"Curva";"Rural";2;0;0;0;2;0;0;2
83455092;"10/04/16";"Domingo";"04:00:00";"RJ";116;"180";"NOVA IGUACU";"Ingestão de álcool";"Saída de Pista";"Com Vítimas Feridas";"Plena noite";"Decrescente";"Ceu Claro";"Simples";"Reta";"Urbano";2;0;2;0;0;0;2;1
83455093;"10/04/16";"Domingo";"02:40:00";"PR";277;"102,5";"CURITIBA";"Ingestão de álcool";"Saída de Pista";"Ignorado";"Plena noite";"Crescente";"Nevoeiro/neblina";"Dupla";"Reta";"Urbano";1;0;0;0;0;1;0;1
83455094;"10/04/16";"Domingo";"04:45:00";"SC";470;"37";"GASPAR";"Desobediência à sinalização";"Colisão Transversal";"Com Vítimas Feridas";"Plena noite";"Crescente";"Nublado";"Simples";"Reta";"Urbano";6;0;6;0;0;0;6;2
83455095;"10/04/16";"Domingo";"00:40:00";"SC";101;"322,6";"PESCARIA BRAVA";"Outras";"Colisão lateral";"Sem Vítimas";"Plena noite";"Crescente";"Ceu Claro";"Múltipla";"Curva";"Urbano";2;0;0;0;2;0;0;2
83455096;"09/04/16";"Sábado";"14:20:00";"RS";285;"462";"IJUI";"Falta de atenção";"Colisão lateral";"Sem Vítimas";"Pleno dia";"Decrescente";"Chuva";"Simples";"Curva";"Urbano";2;0;0;0;2;0;0;2
83455097;"09/04/16";"Sábado";"19:12:00";"MT";70;"265";"PRIMAVERA DO LESTE";"Velocidade incompatível";"Saída de Pista";"Com Vítimas Feridas";"Plena noite";"Decrescente";"Nublado";"Simples";"Reta";"Rural";1;0;1;0;0;0;1;1
83455098;"09/04/16";"Sábado";"06:00:00";"RS";158;"381,4";"DILERMANDO DE AGUIAR";"Velocidade incompatível";"Colisão frontal";"Sem Vítimas";"Amanhecer";"Decrescente";"Nevoeiro/neblina";"Simples";"Curva";"Rural";4;0;0;0;4;0;0;2
83455099;"09/04/16";"Sábado";"22:00:00";"RN";427;"52,9";"JARDIM DO SERIDO";"Defeito na via";"Queda de motocicleta / bicicleta / veículo";"Com Vítimas Fatais";"Plena noite";"Crescente";"Ceu Claro";"Simples";"Reta";"Rural";2;1;0;0;0;1;0;2
83455100;"10/04/16";"Domingo";"02:50:00";"PI";343;"9,3";"PARNAIBA";"Ingestão de álcool";"Saída de Pista";"Sem Vítimas";"Plena noite";"Crescente";"Nublado";"Simples";"Reta";"Urbano";1;0;0;0;1;0;0;1
83455101;"09/04/16";"Sábado";"19:40:00";"RS";116;"142,9";"CAXIAS DO SUL";"Desobediência à sinalização";"Colisão Transversal";"Com Vítimas Feridas";"Plena noite";"Crescente";"Chuva";"Dupla";"Cruzamento";"Urbano";3;0;1;1;1;0;2;2
83455102;"10/04/16";"Domingo";"04:20:00";"SE";235;"27,6";"AREIA BRANCA";"Velocidade incompatível";"Saída de Pista";"Com Vítimas Feridas";"Plena noite";"Crescente";"Ceu Claro";"Simples";"Curva";"Rural";4;0;2;0;1;1;2;1
83455103;"09/04/16";"Sábado";"18:00:00";"PB";104;"137";"QUEIMADAS";"Falta de atenção";"Saída de Pista";"Com Vítimas Feridas";"Plena noite";"Crescente";"Ceu Claro";"Simples";"Reta";"Rural";2;0;1;1;0;0;2;1
83455104;"10/04/16";"Domingo";"02:47:00";"GO";40;"9";"LUZIANIA";"Outras";"Atropelamento de pessoa";"Com Vítimas Fatais";"Plena noite";"Decrescente";"Ceu Claro";"Dupla";"Reta";"Urbano";2;1;0;0;0;1;0;1
83455105;"10/04/16";"Domingo";"03:00:00";"MA";316;"258";"SANTA INES";"Ingestão de álcool";"Saída de Pista";"Com Vítimas Feridas";"Plena noite";"Crescente";"Ceu Claro";"Simples";"Curva";"Rural";1;0;0;1;0;0;1;1
83455106;"09/04/16";"Sábado";"19:40:00";"PR";376;"599,5";"CURITIBA";"Ingestão de álcool";"Saída de Pista";"Sem Vítimas";"Plena noite";"Crescente";"Nublado";"Dupla";"Reta";"Urbano";2;0;0;0;2;0;0;2
83455107;"09/04/16";"Sábado";"18:20:00";"GO";60;"387,7";"RIO VERDE";"Ingestão de álcool";"Colisão traseira";"Sem Vítimas";"Anoitecer";"Crescente";"Ceu Claro";"Dupla";"Reta";"Urbano";4;0;0;0;3;1;0;2
83455108;"10/04/16";"Domingo";"05:45:00";"SC";101;"197";"BIGUACU";"Ingestão de álcool";"Queda de motocicleta / bicicleta / veículo";"Com Vítimas Feridas";"Plena noite";"Decrescente";"Ceu Claro";"Múltipla";"Cruzamento";"Urbano";1;0;1;0;0;0;1;1
83455109;"10/04/16";"Domingo";"04:00:00";"SC";101;"184,5";"BIGUACU";"Ingestão de álcool";"Colisão traseira";"Com Vítimas Feridas";"Plena noite";"Crescente";"Ceu Claro";"Dupla";"Reta";"Rural";3;0;1;0;2;0;1;2
83455110;"10/04/16";"Domingo";"04:50:00";"PR";376;"168";"MARINGA";"Ingestão de álcool";"Colisão traseira";"Com Vítimas Feridas";"Plena noite";"Decrescente";"Ceu Claro";"Dupla";"Reta";"Rural";3;0;2;1;0;0;3;2
83455111;"05/02/16";"Sexta";"10:30:00";"SP";381;"86,2";"SAO PAULO";"Outras";"Queda de motocicleta / bicicleta / veículo";"Com Vítimas Feridas";"Pleno dia";"Crescente";"Ceu Claro";"Dupla";"Reta";"Urbano";1;0;1;0;0;0;1;1
83455112;"10/04/16";"Domingo";"05:30:00";"RJ";101;"95";"CAMPOS DOS GOYTACAZES";"Defeito mecânico em veículo";"Saída de Pista";"Sem Vítimas";"Amanhecer";"Crescente";"Ceu Claro";"Simples";"Curva";"Urbano";1;0;0;0;1;0;0;1
83455113;"10/04/16";"Domingo";"02:40:00";"MG";381;"481,2";"CONTAGEM";"Velocidade incompatível";"Capotamento";"Sem Vítimas";"Plena noite";"Decrescente";"Ceu Claro";"Dupla";"Reta";"Urbano";2;0;0;0;1;1;0;2
83455114;"10/04/16";"Domingo";"02:50:00";"SP";381;"71";"MAIRIPORA";"Velocidade incompatível";"Capotamento";"Com Vítimas Feridas";"Plena noite";"Crescente";"Ceu Claro";"Dupla";"Curva";"Rural";1;0;1;0;0;0;1;1
83455115;"10/04/16";"Domingo";"00:20:00";"PE";101;"58";"PAULISTA";"Ingestão de álcool";"Capotamento";"Sem Vítimas";"Plena noite";"Crescente";"Ceu Claro";"Dupla";"Curva";"Urbano";1;0;0;0;1;0;0;1
83455116;"10/04/16";"Domingo";"06:00:00";"RJ";393;"284";"VOLTA REDONDA";"Outras";"Colisão com objeto fixo";"Sem Vítimas";"Plena noite";"Decrescente";"Nevoeiro/neblina";"Simples";"Reta";"Urbano";1;0;0;0;1;0;0;1
83455117;"08/04/16";"Sexta";"17:01:00";"BA";324;"541";"AMELIA RODRIGUES";"Falta de atenção";"Colisão traseira";"Sem Vítimas";"Pleno dia";"Decrescente";"Sol";"Dupla";"Reta";"Rural";2;0;0;0;1;1;0;2
83455118;"10/04/16";"Domingo";"05:50:00";"BA";407;"124";"SENHOR DO BONFIM";"Ingestão de álcool";"Saída de Pista";"Com Vítimas Feridas";"Pleno dia";"Decrescente";"Sol";"Simples";"Curva";"Rural";2;0;2;0;0;0;2;1
83455119;"10/04/16";"Domingo";"06:15:00";"SC";470;"151,7";"AGRONOMICA";"Falta de atenção";"Colisão com objeto fixo";"Com Vítimas Feridas";"Amanhecer";"Decrescente";"Chuva";"Simples";"Cruzamento";"Rural";2;0;1;0;1;0;1;1
83455120;"10/04/16";"Domingo";"04:50:00";"RS";293;"233,7";"DOM PEDRITO";"Outras";"Saída de Pista";"Sem Vítimas";"Plena noite";"Crescente";"Nublado";"Simples";"Reta";"Rural";2;0;0;0;1;1;0;2
83455121;"10/04/16";"Domingo";"02:13:00";"MG";116;"274,7";"TEOFILO OTONI";"Ingestão de álcool";"Colisão com objeto fixo";"Com Vítimas Feridas";"Plena noite";"Crescente";"Ceu Claro";"Simples";"Reta";"Urbano";1;0;1;0;0;0;1;1
83455123;"09/04/16";"Sábado";"22:10:00";"MG";262;"374,2";"JUATUBA";"Velocidade incompatível";"Capotamento";"Ignorado";"Plena noite";"Decrescente";"Ceu Claro";"Dupla";"Reta";"Rural";1;0;0;0;0;1;0;1
83455124;"09/04/16";"Sábado";"17:00:00";"PR";476;"122";"COLOMBO";"Falta de atenção";"Colisão Transversal";"Com Vítimas Feridas";"Plena noite";"Decrescente";"Ceu Claro";"Dupla";"Cruzamento";"Urbano";2;0;0;1;0;1;1;2
83455125;"07/04/16";"Quinta";"05:20:00";"RS";287;"275,5";"SAO PEDRO DO SUL";"Dormindo";"Colisão lateral";"Com Vítimas Feridas";"Plena noite";"Crescente";"Ceu Claro";"Simples";"Reta";"Rural";2;0;0;1;1;0;1;2
83455126;"06/04/16";"Quarta";"20:29:00";"GO";40;"5,9";"VALPARAISO DE GOIAS";"Outras";"Colisão traseira";"Com Vítimas Feridas";"Plena noite";"Crescente";"Ceu Claro";"Dupla";"Reta";"Urbano";3;0;2;0;1;0;2;2
83455127;"06/04/16";"Quarta";"16:00:00";"GO";80;"365";"ALTO HORIZONTE";"Outras";"Saída de Pista";"Com Vítimas Fatais";"Anoitecer";"Decrescente";"Ceu Claro";"Simples";"Reta";"Rural";1;1;0;0;0;0;0;1
83455129;"10/04/16";"Domingo";"02:30:00";"MS";163;"844";"SONORA";"Desobediência à sinalização";"Colisão lateral";"Com Vítimas Feridas";"Plena noite";"Crescente";"Ceu Claro";"Simples";"Reta";"Rural";2;0;0;1;1;0;1;2
83455130;"06/04/16";"Quarta";"11:10:00";"DF";251;"27,1";"BRASILIA";"Defeito mecânico em veículo";"Queda de motocicleta / bicicleta / veículo";"Com Vítimas Fatais";"Pleno dia";"Decrescente";"Ceu Claro";"Simples";"Curva";"Rural";2;1;1;0;0;0;1;1
83455131;"05/04/16";"Terça";"12:50:00";"PE";101;"185";"PALMARES";"Falta de atenção";"Colisão traseira";"Sem Vítimas";"Pleno dia";"Crescente";"Nublado";"Simples";"Reta";"Rural";2;0;0;0;2;0;0;2
83455132;"09/04/16";"Sábado";"22:45:00";"RJ";40;"38";"AREAL";"Outras";"Colisão com objeto fixo";"Com Vítimas Fatais";"Plena noite";"Crescente";"Ceu Claro";"Dupla";"Curva";"Rural";1;1;0;0;0;0;0;1
83455133;"07/04/16";"Quinta";"00:10:00";"MG";251;"438";"GRAO MOGOL";"Defeito na via";"Tombamento";"Com Vítimas Feridas";"Plena noite";"Crescente";"Ceu Claro";"Simples";"Reta";"Rural";1;0;1;0;0;0;1;1
83455134;"10/04/16";"Domingo";"03:20:00";"MG";40;"655";"CRISTIANO OTONI";"Velocidade incompatível";"Saída de Pista";"Com Vítimas Feridas";"Plena noite";"Crescente";"Ceu Claro";"Dupla";"Curva";"Rural";2;0;1;1;0;0;2;1
83455135;"06/04/16";"Quarta";"11:05:00";"MG";267;"29,4";"ARGIRITA";"Falta de atenção";"Saída de Pista";"Sem Vítimas";"Pleno dia";"Decrescente";"Ceu Claro";"Simples";"Reta";"Rural";1;0;0;0;1;0;0;1
83455136;"09/04/16";"Sábado";"19:50:00";"GO";60;"389,3";"RIO VERDE";"Ingestão de álcool";"Queda de motocicleta / bicicleta / veículo";"Com Vítimas Feridas";"Plena noite";"Crescente";"Ceu Claro";"Dupla";"Reta";"Urbano";1;0;0;1;0;0;1;1
83455137;"06/04/16";"Quarta";"22:00:00";"PR";476;"129";"CURITIBA";"Falta de atenção";"Colisão traseira";"Com Vítimas Feridas";"Plena noite";"Decrescente";"Ceu Claro";"Múltipla";"Reta";"Urbano";2;0;1;0;0;1;1;2
83455138;"03/04/16";"Domingo";"22:50:00";"PE";104;"58,7";"CARUARU";"Ingestão de álcool";"Saída de Pista";"Sem Vítimas";"Plena noite";"Decrescente";"Ceu Claro";"Dupla";"Curva";"Urbano";2;0;0;0;2;0;0;2
83455139;"23/03/16";"Quarta";"01:00:00";"SC";101;"328,5";"CAPIVARI DE BAIXO";"Desobediência à sinalização";"Colisão frontal";"Sem Vítimas";"Plena noite";"Decrescente";"Nublado";"Simples";"Reta";"Urbano";2;0;0;0;2;0;0;2
83455140;"06/04/16";"Quarta";"15:10:00";"PE";101;"44";"IGARASSU";"Outras";"Colisão lateral";"Sem Vítimas";"Pleno dia";"Decrescente";"Sol";"Múltipla";"Curva";"Urbano";2;0;0;0;2;0;0;2
83455141;"10/04/16";"Domingo";"06:50:00";"PR";277;"78";"CURITIBA";"Ingestão de álcool";"Saída de Pista";"Com Vítimas Feridas";"Pleno dia";"Decrescente";"Nublado";"Dupla";"Reta";"Urbano";2;0;1;0;1;0;1;2
83455142;"10/04/16";"Domingo";"07:15:00";"MA";135;"13";"SAO LUIS";"Defeito na via";"Capotamento";"Sem Vítimas";"Pleno dia";"Crescente";"Nublado";"Dupla";"Reta";"Rural";1;0;0;0;1;0;0;1
83455143;"10/04/16";"Domingo";"07:20:00";"SC";101;"198";"BIGUACU";"Outras";"Saída de Pista";"Sem Vítimas";"Pleno dia";"Crescente";"Nublado";"Múltipla";"Reta";"Urbano";1;0;0;0;1;0;0;1
83455144;"09/04/16";"Sábado";"07:15:00";"BA";324;"522";"FEIRA DE SANTANA";"Outras";"Colisão lateral";"Com Vítimas Feridas";"Pleno dia";"Decrescente";"Sol";"Dupla";"Reta";"Urbano";3;0;1;0;1;1;1;2
83455145;"06/04/16";"Quarta";"14:30:00";"BA";116;"604,5";"IRAJUBA";"Outras";"Colisão traseira";"Sem Vítimas";"Pleno dia";"Crescente";"Ceu Claro";"Simples";"Curva";"Urbano";3;0;0;0;2;1;0;3
83455146;"10/04/16";"Domingo";"08:40:00";"RS";101;"31";"TRES CACHOEIRAS";"Outras";"Capotamento";"Com Vítimas Feridas";"Pleno dia";"Crescente";"Chuva";"Dupla";"Reta";"Urbano";2;0;1;0;1;0;1;1
83455147;"07/04/16";"Quinta";"08:20:00";"RJ";393;"168";"TRES RIOS";"Falta de atenção";"Colisão traseira";"Com Vítimas Feridas";"Pleno dia";"Crescente";"Ceu Claro";"Simples";"Curva";"Rural";4;0;1;0;3;0;1;2
83455148;"06/04/16";"Quarta";"11:30:00";"MG";267;"120,3";"JUIZ DE FORA";"Ultrapassagem indevida";"Capotamento";"Com Vítimas Fatais";"Pleno dia";"Crescente";"Ceu Claro";"Simples";"Reta";"Rural";3;1;0;2;0;0;2;1
83455149;"07/04/16";"Quinta";"05:40:00";"RJ";116;"293";"PORTO REAL";"Outras";"Colisão traseira";"Com Vítimas Feridas";"Amanhecer";"Decrescente";"Nevoeiro/neblina";"Dupla";"Reta";"Rural";2;0;1;0;1;0;1;2
83455150;"06/04/16";"Quarta";"16:35:00";"PE";232;"79,7";"GRAVATA";"Falta de atenção";"Atropelamento de pessoa";"Com Vítimas Feridas";"Pleno dia";"Decrescente";"Ceu Claro";"Dupla";"Reta";"Urbano";2;0;0;1;1;0;1;1
83455151;"10/04/16";"Domingo";"06:40:00";"RS";285;"288,5";"PASSO FUNDO";"Velocidade incompatível";"Saída de Pista";"Sem Vítimas";"Amanhecer";"Crescente";"Nublado";"Simples";"Reta";"Rural";1;0;0;0;1;0;0;1
83455152;"06/04/16";"Quarta";"23:55:00";"PB";230;"25,4";"JOAO PESSOA";"Defeito mecânico em veículo";"Saída de Pista";"Sem Vítimas";"Plena noite";"Crescente";"Ceu Claro";"Dupla";"Reta";"Urbano";1;0;0;0;1;0;0;1
83455153;"10/04/16";"Domingo";"00:30:00";"MT";158;"417";"RIBEIRAO CASCALHEIRA";"Falta de atenção";"Tombamento";"Com Vítimas Feridas";"Plena noite";"Decrescente";"Nublado";"Simples";"Reta";"Rural";1;0;1;0;0;0;1;1
83455154;"29/03/16";"Terça";"17:50:00";"RJ";393;"279";"BARRA DO PIRAI";"Desobediência à sinalização";"Colisão traseira";"Com Vítimas Feridas";"Anoitecer";"Crescente";"Chuva";"Simples";"Reta";"Urbano";2;0;1;0;0;1;1;2
83455155;"10/04/16";"Domingo";"07:35:00";"PR";373;"178,6";"PONTA GROSSA";"Falta de atenção";"Colisão com bicicleta";"Com Vítimas Feridas";"Pleno dia";"Crescente";"Sol";"Simples";"Reta";"Urbano";2;0;1;0;1;0;1;2