"id";"data_inversa";"dia_semana";"horario";"uf";"br";"km";"municipio";"causa_acidente";"tipo_acidente";"classificacao_acidente";"fase_dia";"sentido_via";"condicao_metereologica";"tipo_pista";"tracado_via";"uso_solo";"pessoas";"mortos";"feridos_leves";"feridos_graves";"ilesos";"ignorados";"feridos";"veiculos"
83455269;"10/04/16";"Domingo";"16:40:00";"MG";381;"927";"ITAPEVA";"Velocidade incompatível";"Saída de Pista";"Sem Vítimas";"Pleno dia";"Crescente";"Chuva";"Dupla";"Curva";"Rural";2;0;0;0;2;0;0;1
83455270;"10/04/16";"Domingo";"17:35:00";"GO";60;"78,4";"ANAPOLIS";"Não guardar distância de segurança";"Colisão traseira";"Sem Vítimas";"Pleno dia";"Crescente";"Ceu Claro";"Dupla";"Reta";"Rural";2;0;0;0;1;1;0;2
83455271;"07/04/16";"Quinta";"09:00:00";"BA";410;"18";"TUCANO";"Defeito mecânico em veículo";"Colisão frontal";"Com Vítimas Fatais";"Pleno dia";"Decrescente";"Ceu Claro";"Simples";"Reta";"Rural";5;1;2;1;1;0;3;2
83455272;"10/04/16";"Domingo";"17:20:00";"PR";476;"123";"CURITIBA";"Não guardar distância de segurança";"Colisão traseira";"Com Vítimas Feridas";"Anoitecer";"Crescente";"Chuva";"Dupla";"Reta";"Urbano";3;0;1;0;1;1;1;2
83455273;"10/04/16";"Domingo";"13:20:00";"PR";277;"6";"FOZ DO IGUACU";"Desobediência à sinalização";"Colisão Transversal";"Com Vítimas Feridas";"Pleno dia";"Decrescente";"Ceu Claro";"Dupla";"Cruzamento";"Urbano";5;0;2;1;2;0;3;2
83455274;"10/04/16";"Domingo";"13:40:00";"MG";40;"710,5";"BARBACENA";"Velocidade incompatível";"Saída de Pista";"Com Vítimas Feridas";"Pleno dia";"Crescente";"Ceu Claro";"Dupla";"Curva";"Rural";1;0;1;0;0;0;1;1
83455275;"10/04/16";"Domingo";"14:00:00";"MA";316;"530";"CAXIAS";"Outras";"Saída de Pista";"Com Vítimas Feridas";"Pleno dia";"Crescente";"Chuva";"Simples";"Reta";"Rural";2;0;1;0;1;0;1;1
83455276;"10/04/16";"Domingo";"16:15:00";"SC";280;"129,4";"MAFRA";"Outras";"Colisão frontal";"Com Vítimas Feridas";"Pleno dia";"Crescente";"Chuva";"Simples";"Curva";"Rural";3;0;2;0;1;0;2;2
83455277;"10/04/16";"Domingo";"18:30:00";"SC";470;"124,6";"IBIRAMA";"Velocidade incompatível";"Saída de Pista";"Sem Vítimas";"Anoitecer";"Crescente";"Chuva";"Múltipla";"Curva";"Urbano";1;0;0;0;1;0;0;1
83455278;"10/04/16";"Domingo";"13:40:00";"MA";316;"498,4";"CODO";"Dormindo";"Colisão lateral";"Com Vítimas Fatais";"Pleno dia";"Crescente";"Nublado";"Simples";"Reta";"Rural";11;3;7;0;0;1;7;2
83455279;"10/04/16";"Domingo";"19:15:00";"SC";280;"249,3";"CANOINHAS";"Outras";"Colisão traseira";"Com Vítimas Feridas";"Plena noite";"Crescente";"Chuva";"Simples";"Reta";"Rural";3;0;1;0;1;1;1;2
83455281;"10/04/16";"Domingo";"18:30:00";"PR";116;"35,8";"CAMPINA GRANDE DO SUL";"Defeito na via";"Colisão com objeto fixo";"Com Vítimas Feridas";"Plena noite";"Decrescente";"Nublado";"Dupla";"Reta";"Rural";4;0;1;0;3;0;1;1
83455282;"10/04/16";"Domingo";"17:50:00";"PR";277;"587";"CASCAVEL";"Outras";"Queda de motocicleta / bicicleta / veículo";"Com Vítimas Feridas";"Pleno dia";"Crescente";"Chuva";"Simples";"Reta";"Urbano";2;0;2;0;0;0;2;1
83455283;"10/04/16";"Domingo";"18:45:00";"BA";110;"344";"ALAGOINHAS";"Ultrapassagem indevida";"Colisão frontal";"Com Vítimas Feridas";"Anoitecer";"Crescente";"Ceu Claro";"Simples";"Reta";"Rural";2;0;1;0;1;0;1;2
83455284;"10/04/16";"Domingo";"09:10:00";"CE";222;"4,3";"CAUCAIA";"Falta de atenção";"Colisão traseira";"Com Vítimas Feridas";"Pleno dia";"Crescente";"Nublado";"Múltipla";"Reta";"Urbano";2;0;1;0;1;0;1;2
83455285;"10/04/16";"Domingo";"17:10:00";"RS";290;"98";"PORTO ALEGRE";"Ingestão de álcool";"Saída de Pista";"Sem Vítimas";"Pleno dia";"Crescente";"Nublado";"Simples";"Reta";"Urbano";1;0;0;0;1;0;0;1
83455286;"10/04/16";"Domingo";"19:45:00";"RS";116;"241,7";"NOVO HAMBURGO";"Falta de atenção";"Colisão lateral";"Com Vítimas Feridas";"Plena noite";"Crescente";"Ceu Claro";"Dupla";"Reta";"Urbano";3;0;2;0;1;0;2;2
83455287;"10/04/16";"Domingo";"20:00:00";"RS";101;"48,5";"TERRA DE AREIA";"Outras";"Saída de Pista";"Sem Vítimas";"Plena noite";"Decrescente";"Chuva";"Dupla";"Reta";"Rural";1;0;0;0;1;0;0;1
83455288;"10/04/16";"Domingo";"19:20:00";"SC";282;"601,8";"MARAVILHA";"Falta de atenção";"Colisão Transversal";"Com Vítimas Feridas";"Plena noite";"Decrescente";"Ceu Claro";"Simples";"Reta";"Rural";3;0;2;0;1;0;2;2
83455289;"10/04/16";"Domingo";"17:00:00";"RS";285;"651";"SAO BORJA";"Velocidade incompatível";"Saída de Pista";"Sem Vítimas";"Pleno dia";"Crescente";"Chuva";"Simples";"Reta";"Rural";2;0;0;0;2;0;0;1
83455290;"10/04/16";"Domingo";"19:05:00";"CE";222;"136";"ITAPAGE";"Falta de atenção";"Colisão lateral";"Sem Vítimas";"Plena noite";"Decrescente";"Ceu Claro";"Simples";"Curva";"Rural";2;0;0;0;1;1;0;2
83455291;"10/04/16";"Domingo";"19:20:00";"SP";116;"443";"REGISTRO";"Ingestão de álcool";"Colisão com objeto fixo";"Sem Vítimas";"Plena noite";"Crescente";"Ceu Claro";"Dupla";"Reta";"Urbano";1;0;0;0;1;0;0;1
83455292;"10/04/16";"Domingo";"19:40:00";"SC";101;"208";"SAO JOSE";"Defeito mecânico em veículo";"Queda de motocicleta / bicicleta / veículo";"Com Vítimas Feridas";"Plena noite";"Crescente";"Nublado";"Dupla";"Reta";"Urbano";2;0;1;0;1;0;1;1
83455293;"10/04/16";"Domingo";"20:20:00";"PE";101;"68";"RECIFE";"Não guardar distância de segurança";"Colisão traseira";"Com Vítimas Feridas";"Plena noite";"Decrescente";"Nublado";"Dupla";"Reta";"Urbano";3;0;1;0;2;0;1;2
83455294;"10/04/16";"Domingo";"19:30:00";"PR";116;"107,6";"SAO JOSE DOS PINHAIS";"Falta de atenção";"Colisão traseira";"Com Vítimas Feridas";"Plena noite";"Crescente";"Chuva";"Múltipla";"Reta";"Urbano";2;0;0;1;0;1;1;2
83455295;"10/04/16";"Domingo";"18:20:00";"PR";376;"451";"TIBAGI";"Velocidade incompatível";"Colisão frontal";"Com Vítimas Feridas";"Pleno dia";"Crescente";"Chuva";"Simples";"Curva";"Rural";8;0;6;2;0;0;8;2
83455296;"10/04/16";"Domingo";"19:20:00";"PR";153;"42";"SANTO ANTONIO DA PLATINA";"Ingestão de álcool";"Queda de motocicleta / bicicleta / veículo";"Com Vítimas Feridas";"Plena noite";"Decrescente";"Ceu Claro";"Simples";"Reta";"Urbano";1;0;1;0;0;0;1;1
83455297;"10/04/16";"Domingo";"18:45:00";"PI";316;"5,3";"TERESINA";"Falta de atenção";"Colisão traseira";"Com Vítimas Feridas";"Plena noite";"Crescente";"Nublado";"Múltipla";"Reta";"Urbano";2;0;0;1;1;0;1;2
83455298;"10/04/16";"Domingo";"20:00:00";"MG";116;"291,2";"TEOFILO OTONI";"Dormindo";"Saída de Pista";"Com Vítimas Feridas";"Plena noite";"Crescente";"Ceu Claro";"Simples";"Curva";"Rural";1;0;0;1;0;0;1;1
83455299;"10/04/16";"Domingo";"18:40:00";"SC";470;"70,9";"INDAIAL";"Falta de atenção";"Colisão com objeto móvel";"Com Vítimas Feridas";"Plena noite";"Decrescente";"Chuva";"Simples";"Reta";"Urbano";2;0;2;0;0;0;2;1
83455300;"10/04/16";"Domingo";"19:40:00";"SP";116;"436";"REGISTRO";"Falta de atenção";"Colisão com objeto fixo";"Ignorado";"Plena noite";"Crescente";"Ceu Claro";"Dupla";"Reta";"Urbano";1;0;0;0;0;1;0;1
83455301;"10/04/16";"Domingo";"20:00:00";"PR";153;"484";"PORTO VITORIA";"Falta de atenção";"Colisão Transversal";"Com Vítimas Feridas";"Plena noite";"Crescente";"Chuva";"Simples";"Cruzamento";"Rural";2;0;1;0;1;0;1;2
83455302;"10/04/16";"Domingo";"10:40:00";"GO";158;"44,5";"BOM JARDIM DE GOIAS";"Não guardar distância de segurança";"Tombamento";"Sem Vítimas";"Pleno dia";"Crescente";"Ceu Claro";"Simples";"Reta";"Rural";1;0;0;0;1;0;0;1
83455303;"10/04/16";"Domingo";"19:30:00";"SC";470;"237,8";"SAO CRISTOVAO DO SUL";"Falta de atenção";"Colisão frontal";"Com Vítimas Feridas";"Plena noite";"Decrescente";"Chuva";"Simples";"Curva";"Rural";2;0;0;1;1;0;1;2
83455304;"10/04/16";"Domingo";"19:40:00";"SC";101;"87";"BARRA VELHA";"Ingestão de álcool";"Colisão traseira";"Com Vítimas Feridas";"Plena noite";"Decrescente";"Chuva";"Múltipla";"Reta";"Urbano";3;0;1;0;2;0;1;3
83455305;"10/04/16";"Domingo";"15:00:00";"MG";50;"39";"ARAGUARI";"Outras";"Colisão traseira";"Sem Vítimas";"Pleno dia";"Crescente";"Ceu Claro";"Dupla";"Cruzamento";"Urbano";2;0;0;0;1;1;0;2
83455306;"10/04/16";"Domingo";"19:30:00";"SP";116;"475,8";"JACUPIRANGA";"Falta de atenção";"Queda de motocicleta / bicicleta / veículo";"Com Vítimas Feridas";"Plena noite";"Decrescente";"Nublado";"Dupla";"Reta";"Urbano";1;0;0;1;0;0;1;1
83455307;"10/04/16";"Domingo";"16:35:00";"RJ";101;"262";"RIO BONITO";"Outras";"Tombamento";"Sem Vítimas";"Pleno dia";"Crescente";"Ceu Claro";"Dupla";"Curva";"Rural";1;0;0;0;1;0;0;1
83455308;"10/04/16";"Domingo";"18:50:00";"RJ";40;"51";"PETROPOLIS";"Outras";"Atropelamento de pessoa";"Sem Vítimas";"Plena noite";"Crescente";"Ceu Claro";"Simples";"Cruzamento";"Urbano";2;0;0;0;2;0;0;1
83455309;"10/04/16";"Domingo";"15:50:00";"BA";330;"710,1";"JEQUIE";"Falta de atenção";"Colisão lateral";"Sem Vítimas";"Pleno dia";"Crescente";"Ceu Claro";"Simples";"Reta";"Rural";2;0;0;0;1;1;0;2
83455310;"25/03/16";"Sexta";"14:30:00";"PR";116;"66,5";"CAMPINA GRANDE DO SUL";"Outras";"Colisão com objeto fixo";"Sem Vítimas";"Pleno dia";"Crescente";"Nublado";"Dupla";"Curva";"Rural";1;0;0;0;1;0;0;1
83455311;"05/04/16";"Terça";"16:00:00";"SP";381;"78,7";"SAO PAULO";"Velocidade incompatível";"Derramamento de Carga";"Sem Vítimas";"Pleno dia";"Decrescente";"Ceu Claro";"Dupla";"Curva";"Urbano";1;0;0;0;1;0;0;1
83455312;"10/04/16";"Domingo";"16:28:00";"PR";369;"174";"ROLANDIA";"Ingestão de álcool";"Colisão frontal";"Com Vítimas Feridas";"Pleno dia";"Crescente";"Ceu Claro";"Simples";"Reta";"Urbano";6;0;3;1;2;0;4;2
83455313;"10/04/16";"Domingo";"21:15:00";"PR";376;"161";"MARINGA";"Ingestão de álcool";"Colisão traseira";"Sem Vítimas";"Plena noite";"Crescente";"Chuva";"Dupla";"Reta";"Urbano";2;0;0;0;2;0;0;2
83455314;"10/04/16";"Domingo";"20:30:00";"MS";163;"591";"SAO GABRIEL DO OESTE";"Outras";"Colisão com objeto móvel";"Sem Vítimas";"Plena noite";"Decrescente";"Ceu Claro";"Simples";"Reta";"Rural";2;0;0;0;2;0;0;1
83455316;"10/04/16";"Domingo";"20:00:00";"PR";277;"665";"MEDIANEIRA";"Ingestão de álcool";"Capotamento";"Com Vítimas Feridas";"Pleno dia";"Crescente";"Ceu Claro";"Dupla";"Reta";"Urbano";1;0;1;0;0;0;1;1
83455317;"10/04/16";"Domingo";"18:00:00";"GO";60;"101,3";"ANAPOLIS";"Falta de atenção";"Colisão lateral";"Com Vítimas Feridas";"Anoitecer";"Decrescente";"Ceu Claro";"Dupla";"Reta";"Urbano";3;0;1;0;2;0;1;2
83455318;"10/04/16";"Domingo";"17:40:00";"SC";470;"16,7";"ILHOTA";"Falta de atenção";"Atropelamento de pessoa";"Com Vítimas Feridas";"Anoitecer";"Crescente";"Nublado";"Simples";"Reta";"Rural";2;0;0;1;1;0;1;1
83455319;"10/04/16";"Domingo";"14:40:00";"AL";316;"148";"PALMEIRA DOS INDIOS";"Ultrapassagem indevida";"Colisão frontal";"Com Vítimas Fatais";"Pleno dia";"Decrescente";"Ceu Claro";"Simples";"Reta";"Rural";9;4;0;5;0;0;5;2
83455320;"10/04/16";"Domingo";"21:50:00";"PE";101;"69";"RECIFE";"Velocidade incompatível";"Colisão lateral";"Com Vítimas Feridas";"Plena noite";"Decrescente";"Nublado";"Dupla";"Reta";"Urbano";3;0;2;0;0;1;2;2
83455321;"10/04/16";"Domingo";"18:00:00";"PR";476;"248";"LAPA";"Velocidade incompatível";"Saída de Pista";"Sem Vítimas";"Anoitecer";"Crescente";"Chuva";"Simples";"Curva";"Rural";1;0;0;0;1;0;0;1
83455322;"10/04/16";"Domingo";"21:20:00";"SC";282;"605";"MARAVILHA";"Não guardar distância de segurança";"Colisão traseira";"Sem Vítimas";"Plena noite";"Decrescente";"Ceu Claro";"Simples";"Curva";"Urbano";2;0;0;0;2;0;0;2
83455323;"10/04/16";"Domingo";"18:30:00";"AM";174;"887";"MANAUS";"Ingestão de álcool";"Colisão frontal";"Sem Vítimas";"Anoitecer";"Crescente";"Ceu Claro";"Simples";"Reta";"Rural";2;0;0;0;2;0;0;2
83455324;"10/04/16";"Domingo";"14:15:00";"MG";381;"415";"NOVA UNIAO";"Outras";"Tombamento";"Com Vítimas Feridas";"Pleno dia";"Decrescente";"Sol";"Simples";"Curva";"Rural";1;0;1;0;0;0;1;1
83455325;"10/04/16";"Domingo";"19:41:00";"SC";101;"87";"BARRA VELHA";"Não guardar distância de segurança";"Colisão traseira";"Com Vítimas Feridas";"Plena noite";"Decrescente";"Chuva";"Dupla";"Reta";"Urbano";4;0;0;1;3;0;1;4
83455326;"05/04/16";"Terça";"19:50:00";"SP";381;"59";"MAIRIPORA";"Ingestão de álcool";"Capotamento";"Sem Vítimas";"Plena noite";"Crescente";"Ceu Claro";"Múltipla";"Curva";"Urbano";2;0;0;0;2;0;0;2
83455327;"10/04/16";"Domingo";"19:35:00";"SC";101;"206,8";"SAO JOSE";"Ingestão de álcool";"Colisão Transversal";"Com Vítimas Feridas";"Plena noite";"Decrescente";"Nublado";"Dupla";"Reta";"Urbano";4;0;2;1;1;0;3;2
83455328;"10/04/16";"Domingo";"22:35:00";"PR";369;"202";"APUCARANA";"Desobediência à sinalização";"Queda de motocicleta / bicicleta / veículo";"Com Vítimas Feridas";"Plena noite";"Decrescente";"Ceu Claro";"Simples";"Cruzamento";"Urbano";1;0;1;0;0;0;1;1
83455329;"10/04/16";"Domingo";"20:30:00";"ES";101;"350";"ANCHIETA";"Falta de atenção";"Queda de motocicleta / bicicleta / veículo";"Com Vítimas Feridas";"Plena noite";"Decrescente";"Ceu Claro";"Simples";"Reta";"Rural";1;0;1;0;0;0;1;1
83455330;"10/04/16";"Domingo";"20:30:00";"SC";470;"5,9";"NAVEGANTES";"Velocidade incompatível";"Colisão frontal";"Com Vítimas Feridas";"Plena noite";"Decrescente";"Chuva";"Simples";"Reta";"Urbano";5;0;2;3;0;0;5;2
83455331;"10/04/16";"Domingo";"13:10:00";"MS";262;"105,1";"AGUA CLARA";"Defeito mecânico em veículo";"Tombamento";"Sem Vítimas";"Pleno dia";"Decrescente";"Ceu Claro";"Simples";"Reta";"Rural";1;0;0;0;1;0;0;1
83455332;"10/04/16";"Domingo";"09:20:00";"RN";304;"295,9";"MACAIBA";"Falta de atenção";"Colisão traseira";"Com Vítimas Feridas";"Pleno dia";"Crescente";"Ceu Claro";"Simples";"Cruzamento";"Urbano";2;0;1;0;1;0;1;2
83455333;"10/04/16";"Domingo";"19:00:00";"PR";369;"27,1";"CAMBARA";"Não guardar distância de segurança";"Colisão traseira";"Com Vítimas Feridas";"Plena noite";"Decrescente";"Ceu Claro";"Simples";"Reta";"Rural";5;0;1;0;4;0;1;2
83455334;"10/04/16";"Domingo";"19:10:00";"SC";116;"71";"MONTE CASTELO";"Outras";"Colisão frontal";"Sem Vítimas";"Plena noite";"Crescente";"Chuva";"Simples";"Reta";"Rural";2;0;0;0;1;1;0;2
83455335;"10/04/16";"Domingo";"22:30:00";"RJ";465;"4";"SEROPEDICA";"Outras";"Queda de motocicleta / bicicleta / veículo";"Com Vítimas Feridas";"Plena noite";"Crescente";"Ceu Claro";"Simples";"Reta";"Urbano";1;0;1;0;0;0;1;1
83455336;"10/04/16";"Domingo";"21:20:00";"PR";376;"196,2";"MARIALVA";"Velocidade incompatível";"Colisão traseira";"Com Vítimas Fatais";"Plena noite";"Decrescente";"Ceu Claro";"Dupla";"Reta";"Rural";2;1;0;0;0;1;0;2
83455337;"10/04/16";"Domingo";"21:00:00";"MT";163;"116";"RONDONOPOLIS";"Não guardar distância de segurança";"Colisão traseira";"Com Vítimas Feridas";"Plena noite";"Crescente";"Ceu Claro";"Dupla";"Reta";"Urbano";5;0;3;0;2;0;3;2
83455338;"10/04/16";"Domingo";"19:15:00";"RS";153;"51,2";"ERECHIM";"Outras";"Atropelamento de pessoa";"Com Vítimas Fatais";"Plena noite";"Decrescente";"Ceu Claro";"Simples";"Reta";"Urbano";2;1;0;0;1;0;0;1
83455339;"10/04/16";"Domingo";"21:40:00";"RS";287;"508";"SAO BORJA";"Defeito na via";"Saída de Pista";"Sem Vítimas";"Plena noite";"Crescente";"Nublado";"Simples";"Reta";"Rural";3;0;0;0;3;0;0;1
83455340;"06/04/16";"Quarta";"19:20:00";"MA";10;"263";"IMPERATRIZ";"Falta de atenção";"Colisão com bicicleta";"Com Vítimas Feridas";"Plena noite";"Crescente";"Nublado";"Simples";"Reta";"Urbano";2;0;0;1;1;0;1;2
83455341;"10/04/16";"Domingo";"21:30:00";"SP";116;"228,6";"GUARULHOS";"Dormindo";"Colisão com objeto fixo";"Com Vítimas Feridas";"Plena noite";"Decrescente";"Ceu Claro";"Múltipla";"Reta";"Urbano";2;0;1;0;1;0;1;1
83455342;"10/04/16";"Domingo";"22:50:00";"AL";101;"74,7";"MESSIAS";"Falta de atenção";"Queda de motocicleta / bicicleta / veículo";"Com Vítimas Feridas";"Plena noite";"Crescente";"Chuva";"Simples";"Reta";"Rural";2;0;2;0;0;0;2;1
83455343;"10/04/16";"Domingo";"12:20:00";"PE";101;"1";"GOIANA";"Não guardar distância de segurança";"Colisão traseira";"Com Vítimas Feridas";"Pleno dia";"Decrescente";"Sol";"Dupla";"Curva";"Rural";3;0;0;2;1;0;2;2
83455344;"10/04/16";"Domingo";"20:00:00";"PR";163;"106,5";"CAPANEMA";"Velocidade incompatível";"Tombamento";"Com Vítimas Feridas";"Plena noite";"Decrescente";"Ceu Claro";"Simples";"Curva";"Rural";1;0;1;0;0;0;1;1
83455346;"10/04/16";"Domingo";"19:30:00";"RO";174;"15,5";"VILHENA";"Ingestão de álcool";"Queda de motocicleta / bicicleta / veículo";"Com Vítimas Feridas";"Plena noite";"Decrescente";"Ceu Claro";"Simples";"Reta";"Urbano";2;0;2;0;0;0;2;1
83455347;"10/04/16";"Domingo";"20:30:00";"ES";101;"291,3";"CARIACICA";"Ingestão de álcool";"Queda de motocicleta / bicicleta / veículo";"Com Vítimas Feridas";"Plena noite";"Crescente";"Ceu Claro";"Dupla";"Curva";"Urbano";1;0;1;0;0;0;1;1
83455348;"10/04/16";"Domingo";"18:10:00";"RO";364;"524";"ARIQUEMES";"Não guardar distância de segurança";"Colisão traseira";"Sem Vítimas";"Anoitecer";"Crescente";"Chuva";"Simples";"Curva";"Rural";4;0;0;0;4;0;0;4
83455349;"10/04/16";"Domingo";"20:25:00";"ES";262;"3";"CARIACICA";"Não guardar distância de segurança";"Colisão traseira";"Com Vítimas Feridas";"Plena noite";"Decrescente";"Ceu Claro";"Dupla";"Reta";"Urbano";2;0;1;0;0;1;1;2
83455350;"10/04/16";"Domingo";"17:15:00";"PA";316;"63";"CASTANHAL";"Outras";"Colisão traseira";"Sem Vítimas";"Pleno dia";"Decrescente";"Ceu Claro";"Simples";"Reta";"Urbano";2;0;0;0;1;1;0;2
83455351;"10/04/16";"Domingo";"21:10:00";"GO";80;"0,5";"PADRE BERNARDO";"Velocidade incompatível";"Saída de Pista";"Com Vítimas Feridas";"Plena noite";"Decrescente";"Nublado";"Simples";"Curva";"Rural";1;0;1;0;0;0;1;1
83455352;"10/04/16";"Domingo";"22:30:00";"PI";343;"141";"PIRACURUCA";"Animais na Pista";"Atropelamento de animal";"Sem Vítimas";"Plena noite";"Crescente";"Ceu Claro";"Dupla";"Reta";"Urbano";2;0;0;0;2;0;0;1
83455353;"10/04/16";"Domingo";"19:00:00";"PR";476;"105";"COLOMBO";"Falta de atenção";"Colisão frontal";"Com Vítimas Feridas";"Plena noite";"Crescente";"Chuva";"Simples";"Curva";"Rural";4;0;3;0;1;0;3;2
83455354;"10/04/16";"Domingo";"23:30:00";"BA";116;"754,1";"POCOES";"Falta de atenção";"Colisão traseira";"Com Vítimas Feridas";"Plena noite";"Crescente";"Ceu Claro";"Simples";"Reta";"Rural";2;0;1;0;1;0;1;2
83455355;"08/04/16";"Sexta";"09:15:00";"AL";101;"168,9";"TEOTONIO VILELA";"Outras";"Colisão com objeto móvel";"Sem Vítimas";"Pleno dia";"Decrescente";"Ceu Claro";"Simples";"Reta";"Rural";2;0;0;0;2;0;0;2
83455356;"10/04/16";"Domingo";"17:30:00";"RS";158;"371,7";"DILERMANDO DE AGUIAR";"Outras";"Saída de Pista";"Com Vítimas Feridas";"Anoitecer";"Decrescente";"Nublado";"Simples";"Reta";"Rural";2;0;1;0;1;0;1;1
83455357;"10/04/16";"Domingo";"22:45:00";"RS";470;"155,4";"NOVA PRATA";"Ingestão de álcool";"Colisão com objeto fixo";"Com Vítimas Feridas";"Plena noite";"Crescente";"Chuva";"Simples";"Curva";"Rural";3;0;3;0;0;0;3;1
83455358;"10/04/16";"Domingo";"20:36:00";"BA";415;"51";"ITABUNA";"Outras";"Colisão com objeto fixo";"Sem Vítimas";"Plena noite";"Crescente";"Ceu Claro";"Simples";"Reta";"Rural";1;0;0;0;1;0;0;1
83455359;"10/04/16";"Domingo";"23:40:00";"SC";101;"205,4";"SAO JOSE";"Ingestão de álcool";"Capotamento";"Com Vítimas Feridas";"Plena noite";"Crescente";"Chuva";"Dupla";"Curva";"Urbano";1;0;0;1;0;0;1;1
83455360;"10/04/16";"Domingo";"15:50:00";"RS";285;"151,5";"MUITOS CAPOES";"Falta de atenção";"Saída de Pista";"Sem Vítimas";"Pleno dia";"Decrescente";"Chuva";"Simples";"Curva";"Rural";2;0;0;0;2;0;0;1
83455361;"10/04/16";"Domingo";"15:00:00";"BA";116;"12";"VITORIA DA CONQUISTA";"Ingestão de álcool";"Colisão Transversal";"Sem Vítimas";"Pleno dia";"Decrescente";"Ceu Claro";"Simples";"Reta";"Urbano";2;0;0;0;2;0;0;2
83455362;"10/04/16";"Domingo";"18:45:00";"PB";101;"127";"CAAPORA";"Falta de atenção";"Atropelamento de pessoa";"Com Vítimas Feridas";"Plena noite";"Crescente";"Ceu Claro";"Simples";"Reta";"Urbano";2;0;0;1;0;1;1;1
83455363;"11/04/16";"Segunda";"01:30:00";"PI";343;"47";"BURITI DOS LOPES";"Desobediência à sinalização";"Colisão frontal";"Com Vítimas Feridas";"Plena noite";"Decrescente";"Ceu Claro";"Simples";"Reta";"Urbano";2;0;1;0;1;0;1;2
83455364;"10/04/16";"Domingo";"20:00:00";"MG";116;"458,6";"ENGENHEIRO CALDAS";"Ultrapassagem indevida";"Colisão traseira";"Com Vítimas Feridas";"Plena noite";"Decrescente";"Ceu Claro";"Simples";"Reta";"Rural";3;0;2;0;1;0;2;2
83455365;"10/04/16";"Domingo";"19:30:00";"MG";365;"651";"UBERLANDIA";"Velocidade incompatível";"Saída de Pista";"Com Vítimas Feridas";"Plena noite";"Crescente";"Ceu Claro";"Dupla";"Reta";"Rural";3;0;0;1;2;0;1;1
83455366;"10/04/16";"Domingo";"18:30:00";"DF";80;"24";"BRASILIA";"Falta de atenção";"Colisão lateral";"Com Vítimas Feridas";"Anoitecer";"Decrescente";"Ceu Claro";"Simples";"Reta";"Rural";5;0;4;0;1;0;4;2
83455367;"10/04/16";"Domingo";"18:40:00";"RS";116;"150,3";"CAXIAS DO SUL";"Ingestão de álcool";"Colisão traseira";"Com Vítimas Feridas";"Plena noite";"Crescente";"Nublado";"Dupla";"Cruzamento";"Urbano";3;0;1;0;2;0;1;2
83455368;"10/04/16";"Domingo";"16:00:00";"BA";330;"733,5";"JEQUIE";"Velocidade incompatível";"Capotamento";"Com Vítimas Feridas";"Pleno dia";"Decrescente";"Ceu Claro";"Simples";"Reta";"Rural";2;0;1;1;0;0;2;1
83455369;"11/04/16";"Segunda";"02:15:00";"RS";116;"529,5";"CAPAO DO LEAO";"Desobediência à sinalização";"Colisão com objeto fixo";"Sem Vítimas";"Plena noite";"Decrescente";"Chuva";"Simples";"Cruzamento";"Rural";1;0;0;0;1;0;0;1
83455370;"10/04/16";"Domingo";"10:00:00";"PR";376;"449,6";"TIBAGI";"Ultrapassagem indevida";"Saída de Pista";"Sem Vítimas";"Pleno dia";"Decrescente";"Nublado";"Simples";"Reta";"Rural";1;0;0;0;1;0;0;1
83455371;"10/04/16";"Domingo";"20:10:00";"MG";365;"560,5";"ROMARIA";"Animais na Pista";"Saída de Pista";"Com Vítimas Feridas";"Plena noite";"Decrescente";"Ceu Claro";"Simples";"Reta";"Urbano";1;0;1;0;0;0;1;1
83455373;"10/04/16";"Domingo";"16:00:00";"ES";101;"134,8";"LINHARES";"Outras";"Colisão frontal";"Sem Vítimas";"Pleno dia";"Decrescente";"Ceu Claro";"Simples";"Reta";"Rural";2;0;0;0;1;1;0;2
83455374;"11/04/16";"Segunda";"04:38:00";"PE";232;"27";"MORENO";"Animais na Pista";"Atropelamento de animal";"Sem Vítimas";"Amanhecer";"Decrescente";"Nublado";"Dupla";"Reta";"Rural";3;0;0;0;3;0;0;1
83455375;"10/04/16";"Domingo";"17:30:00";"PI";316;"82,1";"LAGOINHA DO PIAUI";"Desobediência à sinalização";"Colisão Transversal";"Sem Vítimas";"Anoitecer";"Crescente";"Nublado";"Simples";"Cruzamento";"Rural";2;0;0;0;2;0;0;2
83455376;"11/04/16";"Segunda";"01:10:00";"MT";364;"475,7";"JANGADA";"Outras";"Colisão frontal";"Com Vítimas Fatais";"Plena noite";"Crescente";"Ceu Claro";"Simples";"Reta";"Rural";4;1;0;0;3;0;0;2
83455378;"11/04/16";"Segunda";"03:50:00";"MG";381;"874";"ESTIVA";"Velocidade incompatível";"Derramamento de Carga";"Sem Vítimas";"Plena noite";"Crescente";"Ceu Claro";"Dupla";"Curva";"Rural";1;0;0;0;1;0;0;1