"id";"data_inversa";"dia_semana";"horario";"uf";"br";"km";"municipio";"causa_acidente";"tipo_acidente";"classificacao_acidente";"fase_dia";"sentido_via";"condicao_metereologica";"tipo_pista";"tracado_via";"uso_solo";"pessoas";"mortos";"feridos_leves";"feridos_graves";"ilesos";"ignorados";"feridos";"veiculos"
83455608;"11/04/16";"Segunda";"20:00:00";"PR";163;"63,2";"PEROLA DOESTE";"Velocidade incompatível";"Saída de Pista";"Com Vítimas Feridas";"Plena noite";"Decrescente";"Ceu Claro";"Simples";"Curva";"Rural";2;0;1;1;0;0;2;1
83455609;"11/04/16";"Segunda";"19:10:00";"PR";116;"18";"CAMPINA GRANDE DO SUL";"Velocidade incompatível";"Tombamento";"Com Vítimas Feridas";"Plena noite";"Decrescente";"Nublado";"Dupla";"Curva";"Rural";1;0;1;0;0;0;1;1
83455610;"11/04/16";"Segunda";"18:15:00";"SE";235;"49";"ITABAIANA";"Outras";"Atropelamento de pessoa";"Com Vítimas Feridas";"Plena noite";"Decrescente";"Nublado";"Simples";"Reta";"Urbano";4;0;2;2;0;0;4;1
83455611;"07/04/16";"Quinta";"23:40:00";"MG";365;"661";"MONTE ALEGRE DE MINAS";"Não guardar distância de segurança";"Colisão traseira";"Com Vítimas Feridas";"Plena noite";"Decrescente";"Ceu Claro";"Dupla";"Reta";"Rural";3;0;1;0;2;0;1;2
83455612;"11/04/16";"Segunda";"15:00:00";"MA";222;"583,3";"BOM JESUS DAS SELVAS";"Velocidade incompatível";"Colisão traseira";"Com Vítimas Feridas";"Pleno dia";"Decrescente";"Nublado";"Simples";"Curva";"Rural";5;0;3;1;1;0;4;2
83455613;"11/04/16";"Segunda";"18:50:00";"BA";324;"543";"AMELIA RODRIGUES";"Outras";"Saída de Pista";"Com Vítimas Feridas";"Pleno dia";"Decrescente";"Ceu Claro";"Dupla";"Reta";"Urbano";1;0;1;0;0;0;1;1
83455614;"11/04/16";"Segunda";"21:00:00";"MG";381;"348";"JOAO MONLEVADE";"Velocidade incompatível";"Tombamento";"Sem Vítimas";"Plena noite";"Crescente";"Ceu Claro";"Simples";"Curva";"Rural";1;0;0;0;1;0;0;1
83455615;"11/04/16";"Segunda";"13:00:00";"MS";267;"530";"BELA VISTA";"Velocidade incompatível";"Saída de Pista";"Sem Vítimas";"Pleno dia";"Crescente";"Ceu Claro";"Simples";"Curva";"Rural";1;0;0;0;1;0;0;1
83455616;"11/04/16";"Segunda";"19:00:00";"RO";364;"311";"PRESIDENTE MEDICI";"Outras";"Colisão traseira";"Com Vítimas Feridas";"Plena noite";"Crescente";"Chuva";"Simples";"Reta";"Rural";2;0;1;0;0;1;1;2
83455617;"11/04/16";"Segunda";"20:40:00";"GO";40;"1,3";"VALPARAISO DE GOIAS";"Falta de atenção";"Colisão com bicicleta";"Com Vítimas Feridas";"Plena noite";"Decrescente";"Ceu Claro";"Dupla";"Reta";"Urbano";2;0;1;0;1;0;1;2
83455618;"11/04/16";"Segunda";"10:40:00";"SE";101;"68,6";"MARUIM";"Outras";"Tombamento";"Com Vítimas Feridas";"Pleno dia";"Crescente";"Ceu Claro";"Simples";"Reta";"Rural";3;0;2;0;1;0;2;1
83455619;"11/04/16";"Segunda";"16:00:00";"PE";232;"25,3";"MORENO";"Outras";"Colisão com objeto fixo";"Sem Vítimas";"Pleno dia";"Decrescente";"Chuva";"Dupla";"Curva";"Rural";1;0;0;0;1;0;0;1
83455620;"09/04/16";"Sábado";"08:00:00";"PR";487;"236";"IRETAMA";"Outras";"Colisão lateral";"Com Vítimas Feridas";"Pleno dia";"Decrescente";"Ceu Claro";"Simples";"Curva";"Rural";2;0;1;0;1;0;1;2
83455621;"11/04/16";"Segunda";"14:00:00";"MG";50;"134";"UBERABA";"Dormindo";"Saída de Pista";"Com Vítimas Feridas";"Pleno dia";"Decrescente";"Ceu Claro";"Dupla";"Reta";"Rural";2;0;2;0;0;0;2;1
83455622;"11/04/16";"Segunda";"20:05:00";"PA";316;"8";"ANANINDEUA";"Desobediência à sinalização";"Colisão lateral";"Sem Vítimas";"Plena noite";"Crescente";"Nublado";"Dupla";"Reta";"Urbano";2;0;0;0;2;0;0;2
83455623;"11/04/16";"Segunda";"15:00:00";"BA";101;"6";"RIO REAL";"Outras";"Saída de Pista";"Com Vítimas Fatais";"Pleno dia";"Crescente";"Ceu Claro";"Simples";"Reta";"Rural";1;1;0;0;0;0;0;1
83455624;"11/04/16";"Segunda";"15:40:00";"MS";267;"469,5";"GUIA LOPES DA LAGUNA";"Falta de atenção";"Colisão Transversal";"Com Vítimas Feridas";"Pleno dia";"Crescente";"Ceu Claro";"Simples";"Cruzamento";"Rural";3;0;1;0;2;0;1;2
83455625;"11/04/16";"Segunda";"09:15:00";"SC";116;"74,5";"MONTE CASTELO";"Falta de atenção";"Colisão lateral";"Sem Vítimas";"Pleno dia";"Decrescente";"Ceu Claro";"Simples";"Reta";"Rural";2;0;0;0;2;0;0;2
83455626;"11/04/16";"Segunda";"17:50:00";"SC";470;"65";"INDAIAL";"Velocidade incompatível";"Colisão traseira";"Com Vítimas Feridas";"Anoitecer";"Decrescente";"Ceu Claro";"Simples";"Reta";"Rural";9;0;1;3;5;0;4;7
83455627;"11/04/16";"Segunda";"08:55:00";"PR";277;"302,4";"PRUDENTOPOLIS";"Outras";"Saída de Pista";"Sem Vítimas";"Pleno dia";"Decrescente";"Sol";"Simples";"Reta";"Rural";2;0;0;0;2;0;0;2
83455628;"11/04/16";"Segunda";"20:15:00";"SC";101;"22,2";"JOINVILLE";"Outras";"Atropelamento de pessoa";"Com Vítimas Fatais";"Plena noite";"Decrescente";"Chuva";"Dupla";"Reta";"Rural";3;1;0;0;1;1;0;2
83455629;"11/04/16";"Segunda";"18:00:00";"PA";316;"6";"ANANINDEUA";"Falta de atenção";"Colisão com bicicleta";"Com Vítimas Feridas";"Pleno dia";"Decrescente";"Nublado";"Dupla";"Reta";"Urbano";2;0;1;0;1;0;1;2
83455631;"10/04/16";"Domingo";"15:30:00";"MA";316;"478";"PERITORO";"Defeito na via";"Saída de Pista";"Com Vítimas Feridas";"Pleno dia";"Crescente";"Ceu Claro";"Simples";"Reta";"Rural";1;0;0;1;0;0;1;1
83455633;"11/04/16";"Segunda";"07:30:00";"BA";324;"615";"SALVADOR";"Falta de atenção";"Colisão traseira";"Sem Vítimas";"Pleno dia";"Crescente";"Ceu Claro";"Dupla";"Reta";"Urbano";5;0;0;0;5;0;0;4
83455634;"07/04/16";"Quinta";"19:40:00";"RJ";101;"208";"CASIMIRO DE ABREU";"Outras";"Atropelamento de pessoa";"Com Vítimas Fatais";"Plena noite";"Decrescente";"Ceu Claro";"Simples";"Reta";"Rural";2;1;0;0;1;0;0;1
83455635;"11/04/16";"Segunda";"17:10:00";"MG";40;"520";"CONTAGEM";"Velocidade incompatível";"Saída de Pista";"Com Vítimas Feridas";"Pleno dia";"Decrescente";"Ceu Claro";"Dupla";"Reta";"Urbano";1;0;1;0;0;0;1;1
83455636;"11/04/16";"Segunda";"08:00:00";"MG";116;"703,9";"MURIAE";"Falta de atenção";"Colisão lateral";"Com Vítimas Feridas";"Pleno dia";"Crescente";"Ceu Claro";"Simples";"Reta";"Urbano";2;0;1;0;1;0;1;2
83455637;"11/04/16";"Segunda";"19:00:00";"MS";163;"100";"ITAQUIRAI";"Outras";"Colisão traseira";"Com Vítimas Feridas";"Plena noite";"Crescente";"Ceu Claro";"Simples";"Reta";"Rural";4;0;1;0;3;0;1;2
83455638;"11/04/16";"Segunda";"20:00:00";"MT";364;"201";"RONDONOPOLIS";"Falta de atenção";"Colisão com objeto fixo";"Sem Vítimas";"Plena noite";"Decrescente";"Ceu Claro";"Dupla";"Cruzamento";"Urbano";1;0;0;0;1;0;0;1
83455639;"11/04/16";"Segunda";"20:00:00";"MG";40;"532";"BELO HORIZONTE";"Velocidade incompatível";"Capotamento";"Com Vítimas Feridas";"Plena noite";"Crescente";"Ceu Claro";"Dupla";"Reta";"Urbano";1;0;1;0;0;0;1;1
83455640;"11/04/16";"Segunda";"07:30:00";"SE";101;"180";"UMBAUBA";"Falta de atenção";"Colisão Transversal";"Sem Vítimas";"Pleno dia";"Crescente";"Ceu Claro";"Simples";"Curva";"Rural";2;0;0;0;1;1;0;2
83455641;"18/01/16";"Segunda";"09:10:00";"PE";232;"99,2";"BEZERROS";"Defeito na via";"Capotamento";"Sem Vítimas";"Pleno dia";"Decrescente";"Chuva";"Dupla";"Reta";"Urbano";1;0;0;0;1;0;0;1
83455642;"11/04/16";"Segunda";"20:00:00";"MT";364;"404";"CUIABA";"Outras";"Queda de motocicleta / bicicleta / veículo";"Com Vítimas Feridas";"Plena noite";"Decrescente";"Ceu Claro";"Dupla";"Reta";"Urbano";2;0;0;1;0;1;1;1
83455643;"11/04/16";"Segunda";"15:45:00";"PR";277;"678";"MEDIANEIRA";"Falta de atenção";"Colisão Transversal";"Com Vítimas Feridas";"Pleno dia";"Crescente";"Sol";"Dupla";"Reta";"Rural";3;0;0;1;2;0;1;3
83455644;"11/04/16";"Segunda";"22:15:00";"SC";101;"333,8";"TUBARAO";"Falta de atenção";"Capotamento";"Com Vítimas Feridas";"Plena noite";"Decrescente";"Chuva";"Simples";"Cruzamento";"Urbano";1;0;1;0;0;0;1;1
83455645;"11/04/16";"Segunda";"20:20:00";"SC";282;"599,9";"CUNHA PORA";"Ingestão de álcool";"Colisão Transversal";"Com Vítimas Fatais";"Plena noite";"Crescente";"Ceu Claro";"Simples";"Curva";"Rural";5;1;1;2;1;0;3;3
83455646;"11/04/16";"Segunda";"23:00:00";"PE";232;"5,8";"RECIFE";"Outras";"Atropelamento de pessoa";"Com Vítimas Fatais";"Plena noite";"Decrescente";"Nublado";"Dupla";"Reta";"Urbano";2;1;0;0;0;1;0;1
83455647;"11/04/16";"Segunda";"18:40:00";"RS";285;"472,7";"CORONEL BARROS";"Defeito mecânico em veículo";"Incêndio";"Sem Vítimas";"Plena noite";"Decrescente";"Ceu Claro";"Simples";"Reta";"Rural";1;0;0;0;1;0;0;1
83455648;"11/04/16";"Segunda";"23:00:00";"SP";116;"219";"GUARULHOS";"Outras";"Colisão com objeto fixo";"Com Vítimas Feridas";"Plena noite";"Crescente";"Nublado";"Dupla";"Reta";"Urbano";1;0;1;0;0;0;1;1
83455649;"11/04/16";"Segunda";"23:10:00";"SC";470;"145";"RIO DO SUL";"Ultrapassagem indevida";"Colisão lateral";"Sem Vítimas";"Plena noite";"Crescente";"Chuva";"Simples";"Reta";"Urbano";2;0;0;0;1;1;0;2
83455650;"11/04/16";"Segunda";"23:20:00";"PR";376;"470";"PONTA GROSSA";"Velocidade incompatível";"Tombamento";"Com Vítimas Fatais";"Plena noite";"Decrescente";"Ceu Claro";"Dupla";"Curva";"Rural";1;1;0;0;0;0;0;1
83455651;"07/04/16";"Quinta";"17:30:00";"CE";20;"412";"MARANGUAPE";"Outras";"Colisão lateral";"Com Vítimas Feridas";"Plena noite";"Crescente";"Ceu Claro";"Simples";"Reta";"Urbano";2;0;1;0;1;0;1;2
83455652;"12/04/16";"Terça";"04:15:00";"RJ";101;"268";"RIO BONITO";"Animais na Pista";"Tombamento";"Com Vítimas Feridas";"Plena noite";"Crescente";"Ceu Claro";"Dupla";"Reta";"Rural";1;0;1;0;0;0;1;1
83455653;"11/04/16";"Segunda";"10:00:00";"RO";364;"238,2";"CACOAL";"Falta de atenção";"Colisão traseira";"Com Vítimas Feridas";"Pleno dia";"Decrescente";"Sol";"Simples";"Reta";"Urbano";2;0;1;0;1;0;1;2
83455654;"07/04/16";"Quinta";"20:00:00";"SP";116;"207";"GUARULHOS";"Outras";"Atropelamento de pessoa";"Com Vítimas Fatais";"Plena noite";"Decrescente";"Nublado";"Múltipla";"Reta";"Urbano";2;1;0;0;1;0;0;1
83455655;"11/04/16";"Segunda";"20:30:00";"SC";101;"421,9";"ARARANGUA";"Falta de atenção";"Colisão lateral";"Sem Vítimas";"Plena noite";"Crescente";"Chuva";"Dupla";"Reta";"Urbano";2;0;0;0;2;0;0;2
83455656;"11/04/16";"Segunda";"14:40:00";"RJ";116;"285";"BARRA MANSA";"Outras";"Incêndio";"Sem Vítimas";"Pleno dia";"Decrescente";"Ceu Claro";"Dupla";"Reta";"Rural";1;0;0;0;1;0;0;1
83455657;"12/04/16";"Terça";"00:45:00";"MT";163;"18,1";"ITIQUIRA";"Dormindo";"Saída de Pista";"Sem Vítimas";"Plena noite";"Crescente";"Ceu Claro";"Dupla";"Reta";"Rural";1;0;0;0;1;0;0;1
83455658;"11/04/16";"Segunda";"14:00:00";"BA";101;"542,5";"SAO JOSE DA VITORIA";"Velocidade incompatível";"Saída de Pista";"Sem Vítimas";"Pleno dia";"Decrescente";"Sol";"Simples";"Curva";"Rural";1;0;0;0;1;0;0;1
83455659;"18/03/16";"Sexta";"22:15:00";"SP";116;"148";"SAO JOSE DOS CAMPOS";"Outras";"Colisão traseira";"Com Vítimas Feridas";"Plena noite";"Decrescente";"Nublado";"Múltipla";"Reta";"Urbano";4;0;1;0;3;0;1;4
83455660;"07/04/16";"Quinta";"18:50:00";"PE";101;"50";"ABREU E LIMA";"Falta de atenção";"Atropelamento de pessoa";"Com Vítimas Feridas";"Plena noite";"Crescente";"Vento";"Múltipla";"Reta";"Urbano";2;0;1;0;1;0;1;1
83455661;"09/04/16";"Sábado";"14:00:00";"MT";158;"545";"AGUA BOA";"Velocidade incompatível";"Capotamento";"Com Vítimas Feridas";"Pleno dia";"Decrescente";"Chuva";"Simples";"Reta";"Rural";3;0;3;0;0;0;3;1
83455662;"11/04/16";"Segunda";"12:30:00";"PE";232;"99,8";"BEZERROS";"Falta de atenção";"Colisão lateral";"Sem Vítimas";"Pleno dia";"Decrescente";"Chuva";"Dupla";"Reta";"Urbano";2;0;0;0;2;0;0;2
83455663;"11/04/16";"Segunda";"23:45:00";"MG";381;"348";"JOAO MONLEVADE";"Falta de atenção";"Colisão com objeto fixo";"Com Vítimas Feridas";"Plena noite";"Crescente";"Ceu Claro";"Simples";"Curva";"Urbano";1;0;1;0;0;0;1;1
83455664;"09/04/16";"Sábado";"05:20:00";"MG";381;"481";"CONTAGEM";"Velocidade incompatível";"Queda de motocicleta / bicicleta / veículo";"Com Vítimas Feridas";"Plena noite";"Decrescente";"Ceu Claro";"Dupla";"Reta";"Urbano";1;0;1;0;0;0;1;1
83455665;"11/04/16";"Segunda";"23:30:00";"PR";153;"40,8";"SANTO ANTONIO DA PLATINA";"Desobediência à sinalização";"Colisão Transversal";"Sem Vítimas";"Plena noite";"Crescente";"Ceu Claro";"Simples";"Reta";"Urbano";2;0;0;0;2;0;0;2
83455666;"08/04/16";"Sexta";"07:30:00";"RJ";116;"169";"SAO JOAO DE MERITI";"Não guardar distância de segurança";"Colisão lateral";"Com Vítimas Feridas";"Amanhecer";"Decrescente";"Ceu Claro";"Múltipla";"Reta";"Urbano";2;0;1;0;1;0;1;2
83455667;"11/04/16";"Segunda";"15:08:00";"MT";364;"540";"ROSARIO OESTE";"Dormindo";"Colisão lateral";"Com Vítimas Feridas";"Pleno dia";"Decrescente";"Ceu Claro";"Simples";"Reta";"Rural";2;0;0;1;1;0;1;2
83455668;"08/04/16";"Sexta";"19:40:00";"SC";101;"345,4";"TUBARAO";"Defeito na via";"Saída de Pista";"Sem Vítimas";"Plena noite";"Decrescente";"Nublado";"Dupla";"Curva";"Rural";1;0;0;0;1;0;0;1
83455669;"12/04/16";"Terça";"04:05:00";"PE";232;"251,9";"ARCOVERDE";"Falta de atenção";"Colisão traseira";"Sem Vítimas";"Amanhecer";"Crescente";"Ceu Claro";"Simples";"Reta";"Urbano";2;0;0;0;2;0;0;2
83455670;"12/04/16";"Terça";"06:30:00";"SP";116;"310";"SAO LOURENCO DA SERRA";"Falta de atenção";"Tombamento";"Sem Vítimas";"Amanhecer";"Decrescente";"Ceu Claro";"Dupla";"Reta";"Rural";1;0;0;0;1;0;0;1
83455671;"11/04/16";"Segunda";"11:40:00";"SP";116;"221,1";"GUARULHOS";"Não guardar distância de segurança";"Colisão traseira";"Sem Vítimas";"Pleno dia";"Decrescente";"Ceu Claro";"Múltipla";"Reta";"Urbano";3;0;0;0;3;0;0;3
83455672;"27/03/16";"Domingo";"13:30:00";"MG";262;"577,3";"CORREGO DANTA";"Outras";"Colisão frontal";"Com Vítimas Feridas";"Pleno dia";"Decrescente";"Chuva";"Simples";"Reta";"Rural";2;0;0;1;1;0;1;2
83455673;"05/04/16";"Terça";"00:20:00";"MG";40;"425";"PARAOPEBA";"Outras";"Colisão lateral";"Sem Vítimas";"Plena noite";"Decrescente";"Ceu Claro";"Dupla";"Reta";"Rural";2;0;0;0;1;1;0;2
83455674;"09/04/16";"Sábado";"06:45:00";"GO";60;"111";"GOIANAPOLIS";"Ingestão de álcool";"Atropelamento de pessoa";"Com Vítimas Feridas";"Pleno dia";"Crescente";"Ceu Claro";"Dupla";"Curva";"Rural";2;0;1;0;0;1;1;1
83455675;"09/04/16";"Sábado";"06:10:00";"SC";470;"138,3";"RIO DO SUL";"Falta de atenção";"Colisão lateral";"Com Vítimas Feridas";"Amanhecer";"Decrescente";"Nublado";"Simples";"Curva";"Urbano";3;0;2;0;1;0;2;2
83455676;"09/04/16";"Sábado";"06:40:00";"GO";60;"111";"GOIANAPOLIS";"Outras";"Colisão traseira";"Com Vítimas Feridas";"Amanhecer";"Decrescente";"Ceu Claro";"Dupla";"Curva";"Rural";3;0;1;0;2;0;1;2
83455677;"12/04/16";"Terça";"05:30:00";"MT";163;"516";"DIAMANTINO";"Dormindo";"Saída de Pista";"Com Vítimas Feridas";"Amanhecer";"Crescente";"Nevoeiro/neblina";"Simples";"Reta";"Rural";1;0;1;0;0;0;1;1
83455678;"12/04/16";"Terça";"04:15:00";"RO";364;"341,1";"JI-PARANA";"Outras";"Colisão traseira";"Sem Vítimas";"Plena noite";"Crescente";"Chuva";"Simples";"Reta";"Urbano";4;0;0;0;4;0;0;2
83455679;"09/04/16";"Sábado";"02:00:00";"ES";101;"300,2";"VIANA";"Falta de atenção";"Queda de motocicleta / bicicleta / veículo";"Com Vítimas Feridas";"Plena noite";"Crescente";"Ceu Claro";"Múltipla";"Reta";"Urbano";1;0;0;1;0;0;1;1
83455680;"08/04/16";"Sexta";"19:00:00";"MG";40;"728,3";"OLIVEIRA FORTES";"Velocidade incompatível";"Capotamento";"Sem Vítimas";"Plena noite";"Crescente";"Ceu Claro";"Dupla";"Curva";"Rural";2;0;0;0;2;0;0;2
83455681;"09/04/16";"Sábado";"05:00:00";"SE";101;"63";"ROSARIO DO CATETE";"Ingestão de álcool";"Colisão lateral";"Sem Vítimas";"Amanhecer";"Decrescente";"Ceu Claro";"Simples";"Reta";"Rural";3;0;0;0;3;0;0;3
83455682;"12/04/16";"Terça";"06:45:00";"SP";153;"52,5";"SAO JOSE DO RIO PRETO";"Outras";"Queda de motocicleta / bicicleta / veículo";"Com Vítimas Feridas";"Amanhecer";"Decrescente";"Ceu Claro";"Simples";"Curva";"Rural";1;0;1;0;0;0;1;1
83455684;"12/04/16";"Terça";"07:50:00";"MG";381;"495,7";"BETIM";"Outras";"Colisão traseira";"Com Vítimas Feridas";"Pleno dia";"Decrescente";"Sol";"Dupla";"Reta";"Urbano";2;0;1;0;1;0;1;2
83455685;"08/04/16";"Sexta";"05:40:00";"ES";101;"150";"LINHARES";"Ingestão de álcool";"Colisão lateral";"Sem Vítimas";"Amanhecer";"Decrescente";"Sol";"Simples";"Curva";"Urbano";2;0;0;0;2;0;0;2
83455686;"08/04/16";"Sexta";"19:50:00";"PR";376;"551,9";"BALSA NOVA";"Outras";"Colisão traseira";"Com Vítimas Feridas";"Plena noite";"Crescente";"Ceu Claro";"Dupla";"Curva";"Rural";15;0;1;0;14;0;1;12
83455687;"08/04/16";"Sexta";"18:20:00";"ES";101;"167,9";"LINHARES";"Falta de atenção";"Colisão traseira";"Com Vítimas Fatais";"Plena noite";"Decrescente";"Nublado";"Simples";"Reta";"Rural";2;1;0;0;1;0;0;2
83455688;"09/04/16";"Sábado";"06:30:00";"RJ";116;"282";"BARRA MANSA";"Outras";"Capotamento";"Com Vítimas Feridas";"Pleno dia";"Decrescente";"Ceu Claro";"Dupla";"Curva";"Rural";1;0;1;0;0;0;1;1
83455689;"04/04/16";"Segunda";"07:40:00";"SP";459;"23,8";"LORENA";"Velocidade incompatível";"Saída de Pista";"Ignorado";"Pleno dia";"Crescente";"Sol";"Simples";"Reta";"Rural";1;0;0;0;0;1;0;1
83455690;"09/04/16";"Sábado";"04:30:00";"SC";101;"137,5";"BALNEARIO CAMBORIU";"Falta de atenção";"Saída de Pista";"Ignorado";"Amanhecer";"Crescente";"Chuva";"Dupla";"Reta";"Urbano";1;0;0;0;0;1;0;1
83455691;"08/04/16";"Sexta";"16:30:00";"MA";135;"75";"SANTA RITA";"Falta de atenção";"Colisão frontal";"Com Vítimas Feridas";"Pleno dia";"Decrescente";"Chuva";"Simples";"Reta";"Rural";2;0;1;1;0;0;2;2
83455692;"08/04/16";"Sexta";"21:25:00";"MG";50;"41";"ARAGUARI";"Outras";"Saída de Pista";"Sem Vítimas";"Plena noite";"Decrescente";"Ceu Claro";"Dupla";"Reta";"Urbano";2;0;0;0;2;0;0;1
83455693;"12/04/16";"Terça";"08:00:00";"SP";153;"74,7";"SAO JOSE DO RIO PRETO";"Falta de atenção";"Colisão Transversal";"Com Vítimas Feridas";"Pleno dia";"Decrescente";"Sol";"Simples";"Cruzamento";"Rural";2;0;1;0;1;0;1;2
83455694;"08/04/16";"Sexta";"22:35:00";"MG";251;"250";"CURRAL DE DENTRO";"Outras";"Tombamento";"Sem Vítimas";"Plena noite";"Crescente";"Ceu Claro";"Simples";"Reta";"Rural";1;0;0;0;1;0;0;1
83455695;"08/04/16";"Sexta";"21:30:00";"AL";104;"86";"RIO LARGO";"Falta de atenção";"Colisão traseira";"Com Vítimas Feridas";"Plena noite";"Decrescente";"Ceu Claro";"Dupla";"Reta";"Urbano";3;0;0;2;1;0;2;2
83455696;"09/04/16";"Sábado";"06:00:00";"MG";381;"478,5";"CONTAGEM";"Outras";"Queda de motocicleta / bicicleta / veículo";"Com Vítimas Feridas";"Pleno dia";"Crescente";"Ceu Claro";"Simples";"Reta";"Urbano";2;0;1;0;1;0;1;1
83455698;"09/04/16";"Sábado";"08:30:00";"RN";304;"35";"MOSSORO";"Falta de atenção";"Colisão Transversal";"Com Vítimas Feridas";"Pleno dia";"Decrescente";"Sol";"Dupla";"Cruzamento";"Urbano";2;0;0;1;1;0;1;2
83455699;"10/04/16";"Domingo";"18:00:00";"MG";50;"191,2";"UBERABA";"Velocidade incompatível";"Saída de Pista";"Sem Vítimas";"Anoitecer";"Decrescente";"Ceu Claro";"Dupla";"Reta";"Rural";2;0;0;0;2;0;0;2
83455700;"09/04/16";"Sábado";"03:20:00";"SP";116;"46,5";"CANAS";"Outras";"Colisão com objeto fixo";"Sem Vítimas";"Plena noite";"Decrescente";"Ceu Claro";"Múltipla";"Reta";"Rural";1;0;0;0;1;0;0;1
83455701;"12/04/16";"Terça";"08:00:00";"RS";116;"302";"GUAIBA";"Falta de atenção";"Saída de Pista";"Sem Vítimas";"Pleno dia";"Decrescente";"Chuva";"Dupla";"Reta";"Urbano";1;0;0;0;1;0;0;1
83455702;"09/04/16";"Sábado";"06:25:00";"ES";101;"309,3";"VIANA";"Velocidade incompatível";"Colisão com objeto fixo";"Com Vítimas Feridas";"Amanhecer";"Crescente";"Ceu Claro";"Simples";"Reta";"Rural";1;0;0;1;0;0;1;1
83455703;"08/04/16";"Sexta";"17:00:00";"GO";40;"18";"LUZIANIA";"Ingestão de álcool";"Colisão traseira";"Com Vítimas Feridas";"Pleno dia";"Crescente";"Ceu Claro";"Dupla";"Reta";"Urbano";2;0;1;0;1;0;1;2
83455704;"09/04/16";"Sábado";"06:10:00";"PB";230;"91,3";"GURINHEM";"Defeito mecânico em veículo";"Queda de motocicleta / bicicleta / veículo";"Com Vítimas Feridas";"Amanhecer";"Crescente";"Sol";"Dupla";"Reta";"Rural";2;0;2;0;0;0;2;1
83455705;"09/04/16";"Sábado";"07:40:00";"SP";116;"84";"PINDAMONHANGABA";"Outras";"Colisão lateral";"Sem Vítimas";"Pleno dia";"Decrescente";"Sol";"Dupla";"Reta";"Urbano";2;0;0;0;2;0;0;2
83455706;"10/04/16";"Domingo";"08:15:00";"MG";365;"0,6";"MONTES CLAROS";"Falta de atenção";"Colisão traseira";"Sem Vítimas";"Plena noite";"Decrescente";"Ceu Claro";"Simples";"Reta";"Urbano";3;0;0;0;3;0;0;3
83455707;"12/04/16";"Terça";"06:30:00";"RJ";116;"165";"RIO DE JANEIRO";"Outras";"Colisão lateral";"Com Vítimas Feridas";"Pleno dia";"Decrescente";"Ceu Claro";"Dupla";"Reta";"Urbano";3;0;1;0;2;0;1;3
83455708;"08/04/16";"Sexta";"10:00:00";"SP";381;"86";"SAO PAULO";"Falta de atenção";"Colisão traseira";"Sem Vítimas";"Pleno dia";"Crescente";"Ceu Claro";"Múltipla";"Reta";"Urbano";4;0;0;0;4;0;0;4
83455709;"12/04/16";"Terça";"09:20:00";"MG";40;"756,2";"EWBANK DA CAMARA";"Outras";"Capotamento";"Sem Vítimas";"Pleno dia";"Crescente";"Ceu Claro";"Simples";"Reta";"Rural";2;0;0;0;2;0;0;1
83455710;"09/04/16";"Sábado";"00:20:00";"PA";316;"10";"MARITUBA";"Falta de atenção";"Colisão Transversal";"Com Vítimas Feridas";"Plena noite";"Crescente";"Nublado";"Simples";"Reta";"Urbano";3;0;1;0;2;0;1;2
83455711;"08/04/16";"Sexta";"21:30:00";"RS";116;"267";"CANOAS";"Outras";"Colisão traseira";"Sem Vítimas";"Plena noite";"Decrescente";"Ceu Claro";"Múltipla";"Reta";"Urbano";3;0;0;0;2;1;0;3
83455712;"12/04/16";"Terça";"08:30:00";"SC";101;"209";"SAO JOSE";"Outras";"Colisão lateral";"Com Vítimas Feridas";"Pleno dia";"Decrescente";"Nublado";"Dupla";"Reta";"Urbano";2;0;1;0;0;1;1;2
83455713;"08/04/16";"Sexta";"21:21:00";"SP";116;"385";"MIRACATU";"Falta de atenção";"Capotamento";"Com Vítimas Feridas";"Plena noite";"Crescente";"Nublado";"Dupla";"Curva";"Rural";1;0;1;0;0;0;1;1
83455714;"12/04/16";"Terça";"08:00:00";"MG";262;"49,9";"MANHUACU";"Falta de atenção";"Colisão frontal";"Com Vítimas Feridas";"Pleno dia";"Crescente";"Sol";"Simples";"Reta";"Urbano";2;0;0;1;1;0;1;2
83455715;"09/04/16";"Sábado";"00:20:00";"SP";116;"362,6";"MIRACATU";"Velocidade incompatível";"Tombamento";"Com Vítimas Feridas";"Plena noite";"Crescente";"Ceu Claro";"Dupla";"Curva";"Urbano";1;0;1;0;0;0;1;1
83455716;"09/04/16";"Sábado";"01:45:00";"PR";369;"403,2";"MAMBORE";"Outras";"Colisão com objeto fixo";"Com Vítimas Fatais";"Plena noite";"Decrescente";"Ceu Claro";"Simples";"Reta";"Rural";38;9;23;6;0;0;29;1
83455717;"12/04/16";"Terça";"01:10:00";"PE";316;"102,9";"OURICURI";"Outras";"Colisão com objeto fixo";"Com Vítimas Fatais";"Plena noite";"Crescente";"Nublado";"Simples";"Reta";"Rural";1;1;0;0;0;0;0;1
83455718;"11/04/16";"Segunda";"12:30:00";"MG";262;"693,1";"ARAXA";"Outras";"Tombamento";"Com Vítimas Feridas";"Pleno dia";"Decrescente";"Sol";"Simples";"Reta";"Urbano";1;0;1;0;0;0;1;1
83455719;"12/04/16";"Terça";"06:45:00";"MS";163;"742,2";"COXIM";"Dormindo";"Saída de Pista";"Com Vítimas Feridas";"Pleno dia";"Crescente";"Ceu Claro";"Simples";"Reta";"Rural";1;0;1;0;0;0;1;1