"id";"data_inversa";"dia_semana";"horario";"uf";"br";"km";"municipio";"causa_acidente";"tipo_acidente";"classificacao_acidente";"fase_dia";"sentido_via";"condicao_metereologica";"tipo_pista";"tracado_via";"uso_solo";"pessoas";"mortos";"feridos_leves";"feridos_graves";"ilesos";"ignorados";"feridos";"veiculos"
83455720;"11/04/16";"Segunda";"05:20:00";"BA";101;"402";"IBIRAPITANGA";"Outras";"Tombamento";"Com Vítimas Feridas";"Plena noite";"Decrescente";"Ignorada";"Simples";"Curva";"Rural";1;0;1;0;0;0;1;1
83455721;"10/04/16";"Domingo";"22:40:00";"SC";101;"124,9";"ITAJAI";"Velocidade incompatível";"Colisão com objeto fixo";"Sem Vítimas";"Plena noite";"Crescente";"Chuva";"Dupla";"Reta";"Urbano";1;0;0;0;1;0;0;1
83455722;"12/04/16";"Terça";"08:10:00";"PR";376;"326,8";"ORTIGUEIRA";"Outras";"Colisão frontal";"Com Vítimas Feridas";"Pleno dia";"Crescente";"Sol";"Simples";"Curva";"Rural";2;0;0;1;1;0;1;2
83455723;"09/04/16";"Sábado";"03:45:00";"PR";376;"176,2";"MARINGA";"Falta de atenção";"Colisão traseira";"Sem Vítimas";"Plena noite";"Crescente";"Ignorada";"Múltipla";"Cruzamento";"Urbano";2;0;0;0;2;0;0;2
83455724;"12/04/16";"Terça";"09:00:00";"BA";116;"643";"JEQUIE";"Defeito mecânico em veículo";"Colisão com objeto fixo";"Sem Vítimas";"Pleno dia";"Crescente";"Nevoeiro/neblina";"Simples";"Reta";"Rural";1;0;0;0;1;0;0;1
83455725;"10/04/16";"Domingo";"22:45:00";"SP";116;"278";"EMBU";"Falta de atenção";"Colisão traseira";"Sem Vítimas";"Plena noite";"Crescente";"Ceu Claro";"Dupla";"Curva";"Urbano";2;0;0;0;2;0;0;2
83455726;"02/03/16";"Quarta";"13:35:00";"PR";369;"179,6";"ARAPONGAS";"Outras";"Colisão traseira";"Sem Vítimas";"Pleno dia";"Decrescente";"Ignorada";"Dupla";"Reta";"Urbano";2;0;0;0;1;1;0;2
83455727;"12/04/16";"Terça";"10:05:00";"GO";60;"89,8";"ANAPOLIS";"Defeito mecânico em veículo";"Queda de motocicleta / bicicleta / veículo";"Com Vítimas Feridas";"Plena noite";"Crescente";"Sol";"Dupla";"Reta";"Urbano";1;0;0;1;0;0;1;1
83455728;"23/03/16";"Quarta";"07:40:00";"BA";101;"412";"IBIRAPITANGA";"Outras";"Capotamento";"Sem Vítimas";"Pleno dia";"Crescente";"Nublado";"Simples";"Curva";"Rural";1;0;0;0;1;0;0;1
83455729;"12/04/16";"Terça";"06:00:00";"PA";316;"5";"ANANINDEUA";"Defeito mecânico em veículo";"Colisão com objeto fixo";"Sem Vítimas";"Plena noite";"Decrescente";"Chuva";"Dupla";"Reta";"Urbano";1;0;0;0;1;0;0;1
83455731;"01/03/16";"Terça";"08:30:00";"PI";343;"223";"COCAL DE TELHA";"Outras";"Colisão traseira";"Com Vítimas Fatais";"Pleno dia";"Crescente";"Ceu Claro";"Simples";"Reta";"Rural";2;1;0;0;1;0;0;2
83455732;"09/04/16";"Sábado";"07:00:00";"ES";101;"146";"LINHARES";"Outras";"Queda de motocicleta / bicicleta / veículo";"Com Vítimas Feridas";"Pleno dia";"Crescente";"Sol";"Múltipla";"Reta";"Urbano";1;0;0;1;0;0;1;1
83455733;"12/04/16";"Terça";"09:30:00";"SP";116;"275";"TABOAO DA SERRA";"Falta de atenção";"Colisão traseira";"Sem Vítimas";"Pleno dia";"Crescente";"Ceu Claro";"Dupla";"Reta";"Urbano";2;0;0;0;2;0;0;2
83455734;"09/04/16";"Sábado";"05:30:00";"RS";290;"111,3";"ELDORADO DO SUL";"Desobediência à sinalização";"Colisão Transversal";"Sem Vítimas";"Plena noite";"Decrescente";"Nublado";"Dupla";"Reta";"Rural";3;0;0;0;3;0;0;2
83455735;"12/04/16";"Terça";"07:08:00";"PE";232;"25,3";"MORENO";"Outras";"Saída de Pista";"Sem Vítimas";"Pleno dia";"Decrescente";"Chuva";"Dupla";"Curva";"Rural";1;0;0;0;1;0;0;1
83455736;"12/04/16";"Terça";"09:50:00";"RS";386;"434";"NOVA SANTA RITA";"Outras";"Colisão traseira";"Sem Vítimas";"Pleno dia";"Decrescente";"Chuva";"Dupla";"Cruzamento";"Urbano";2;0;0;0;2;0;0;2
83455737;"12/04/16";"Terça";"09:20:00";"PA";316;"8";"ANANINDEUA";"Falta de atenção";"Colisão lateral";"Sem Vítimas";"Pleno dia";"Crescente";"Ceu Claro";"Dupla";"Reta";"Urbano";2;0;0;0;2;0;0;2
83455738;"12/04/16";"Terça";"07:55:00";"SC";280;"0,9";"SAO FRANCISCO DO SUL";"Falta de atenção";"Colisão frontal";"Com Vítimas Feridas";"Pleno dia";"Crescente";"Nublado";"Simples";"Curva";"Urbano";2;0;2;0;0;0;2;2
83455739;"12/04/16";"Terça";"06:50:00";"PR";277;"372,3";"GUARAPUAVA";"Defeito mecânico em veículo";"Saída de Pista";"Com Vítimas Feridas";"Amanhecer";"Crescente";"Ceu Claro";"Simples";"Reta";"Rural";1;0;1;0;0;0;1;1
83455741;"20/02/16";"Sábado";"15:00:00";"BA";116;"17";"VITORIA DA CONQUISTA";"Outras";"Queda de motocicleta / bicicleta / veículo";"Com Vítimas Feridas";"Pleno dia";"Crescente";"Sol";"Simples";"Reta";"Urbano";1;0;0;1;0;0;1;1
83455742;"12/04/16";"Terça";"07:10:00";"BA";324;"517";"FEIRA DE SANTANA";"Outras";"Colisão Transversal";"Com Vítimas Feridas";"Pleno dia";"Crescente";"Sol";"Simples";"Reta";"Urbano";2;0;1;0;1;0;1;2
83455743;"09/04/16";"Sábado";"02:30:00";"MG";50;"49,4";"ARAGUARI";"Outras";"Colisão com bicicleta";"Com Vítimas Fatais";"Plena noite";"Crescente";"Ceu Claro";"Dupla";"Reta";"Rural";2;1;0;0;0;1;0;2
83455744;"10/04/16";"Domingo";"18:25:00";"SC";101;"122,6";"ITAJAI";"Outras";"Queda de motocicleta / bicicleta / veículo";"Com Vítimas Feridas";"Anoitecer";"Crescente";"Nublado";"Dupla";"Reta";"Urbano";2;0;1;0;1;0;1;1
83455745;"12/04/16";"Terça";"07:30:00";"SP";381;"34";"ATIBAIA";"Outras";"Colisão com objeto fixo";"Com Vítimas Feridas";"Pleno dia";"Crescente";"Ceu Claro";"Dupla";"Curva";"Rural";1;0;1;0;0;0;1;1
83455746;"12/04/16";"Terça";"08:40:00";"CE";222;"2,6";"FORTALEZA";"Falta de atenção";"Colisão traseira";"Sem Vítimas";"Pleno dia";"Decrescente";"Sol";"Múltipla";"Reta";"Urbano";2;0;0;0;2;0;0;2
83455747;"12/04/16";"Terça";"11:50:00";"RS";470;"300";"TRIUNFO";"Falta de atenção";"Colisão Transversal";"Com Vítimas Feridas";"Pleno dia";"Crescente";"Chuva";"Simples";"Reta";"Rural";2;0;1;0;1;0;1;2
83455748;"12/04/16";"Terça";"12:15:00";"SC";101;"180";"BIGUACU";"Defeito mecânico em veículo";"Queda de motocicleta / bicicleta / veículo";"Com Vítimas Feridas";"Pleno dia";"Decrescente";"Ceu Claro";"Dupla";"Reta";"Urbano";2;0;2;0;0;0;2;1
83455749;"12/04/16";"Terça";"08:35:00";"GO";153;"496,2";"GOIANIA";"Falta de atenção";"Colisão lateral";"Sem Vítimas";"Pleno dia";"Decrescente";"Ceu Claro";"Dupla";"Reta";"Urbano";2;0;0;0;1;1;0;2
83455750;"08/04/16";"Sexta";"19:45:00";"MG";381;"170";"GOVERNADOR VALADARES";"Falta de atenção";"Colisão Transversal";"Com Vítimas Feridas";"Plena noite";"Decrescente";"Ceu Claro";"Simples";"Reta";"Rural";2;0;0;1;1;0;1;2
83455751;"09/04/16";"Sábado";"03:40:00";"BA";324;"363";"CAPIM GROSSO";"Ultrapassagem indevida";"Colisão lateral";"Sem Vítimas";"Plena noite";"Decrescente";"Ceu Claro";"Simples";"Reta";"Rural";2;0;0;0;1;1;0;2
83455752;"12/04/16";"Terça";"07:15:00";"BA";407;"1,5";"JUAZEIRO";"Desobediência à sinalização";"Colisão Transversal";"Com Vítimas Feridas";"Pleno dia";"Crescente";"Ceu Claro";"Simples";"Reta";"Urbano";2;0;1;0;1;0;1;2
83455753;"08/04/16";"Sexta";"15:30:00";"ES";262;"53,9";"MARECHAL FLORIANO";"Falta de atenção";"Colisão traseira";"Com Vítimas Feridas";"Pleno dia";"Crescente";"Ceu Claro";"Simples";"Reta";"Rural";3;0;1;0;2;0;1;3
83455754;"12/04/16";"Terça";"07:10:00";"GO";60;"462,4";"JATAI";"Falta de atenção";"Saída de Pista";"Sem Vítimas";"Amanhecer";"Crescente";"Ceu Claro";"Dupla";"Curva";"Rural";1;0;0;0;1;0;0;1
83455755;"12/04/16";"Terça";"12:40:00";"ES";101;"291,5";"CARIACICA";"Ultrapassagem indevida";"Colisão Transversal";"Com Vítimas Feridas";"Pleno dia";"Decrescente";"Sol";"Múltipla";"Cruzamento";"Urbano";2;0;1;0;1;0;1;2
83455756;"12/04/16";"Terça";"09:15:00";"ES";262;"2,2";"CARIACICA";"Falta de atenção";"Atropelamento de pessoa";"Com Vítimas Feridas";"Pleno dia";"Decrescente";"Sol";"Dupla";"Reta";"Urbano";2;0;1;0;1;0;1;1
83455757;"12/04/16";"Terça";"10:00:00";"MT";364;"330";"SANTO ANTONIO DO LEVERGER";"Falta de atenção";"Colisão traseira";"Sem Vítimas";"Pleno dia";"Decrescente";"Sol";"Simples";"Reta";"Rural";3;0;0;0;3;0;0;3
83455758;"12/04/16";"Terça";"11:55:00";"ES";262;"156,8";"IBATIBA";"Outras";"Colisão com bicicleta";"Com Vítimas Feridas";"Pleno dia";"Crescente";"Ceu Claro";"Simples";"Reta";"Urbano";2;0;0;1;1;0;1;2
83455759;"08/04/16";"Sexta";"14:00:00";"MG";365;"580,7";"INDIANOPOLIS";"Falta de atenção";"Tombamento";"Sem Vítimas";"Pleno dia";"Crescente";"Sol";"Simples";"Reta";"Rural";1;0;0;0;1;0;0;1
83455760;"12/04/16";"Terça";"07:45:00";"RO";364;"13";"VILHENA";"Falta de atenção";"Colisão lateral";"Com Vítimas Feridas";"Pleno dia";"Crescente";"Ceu Claro";"Dupla";"Reta";"Rural";2;0;1;0;1;0;1;2
83455761;"12/04/16";"Terça";"09:00:00";"PR";277;"96";"CURITIBA";"Não guardar distância de segurança";"Colisão traseira";"Com Vítimas Feridas";"Pleno dia";"Decrescente";"Ceu Claro";"Dupla";"Reta";"Urbano";4;0;2;0;2;0;2;3
83455762;"12/04/16";"Terça";"11:00:00";"SC";101;"287,9";"IMBITUBA";"Não guardar distância de segurança";"Colisão lateral";"Com Vítimas Feridas";"Pleno dia";"Crescente";"Nublado";"Dupla";"Reta";"Urbano";2;0;1;0;1;0;1;2
83455763;"01/04/16";"Sexta";"06:30:00";"RS";116;"216,1";"MORRO REUTER";"Desobediência à sinalização";"Colisão Transversal";"Com Vítimas Feridas";"Amanhecer";"Crescente";"Nublado";"Múltipla";"Reta";"Urbano";2;0;1;0;0;1;1;2
83455764;"12/04/16";"Terça";"13:00:00";"RS";116;"243,6";"SAO LEOPOLDO";"Desobediência à sinalização";"Colisão Transversal";"Com Vítimas Feridas";"Pleno dia";"Decrescente";"Chuva";"Múltipla";"Reta";"Urbano";2;0;1;0;1;0;1;2
83455765;"12/04/16";"Terça";"07:15:00";"RN";101;"84,9";"SAO GONCALO DO AMARANTE";"Outras";"Colisão Transversal";"Sem Vítimas";"Pleno dia";"Crescente";"Ceu Claro";"Dupla";"Reta";"Urbano";2;0;0;0;2;0;0;2
83455766;"08/04/16";"Sexta";"19:00:00";"SP";381;"39";"ATIBAIA";"Não guardar distância de segurança";"Colisão traseira";"Com Vítimas Feridas";"Plena noite";"Decrescente";"Ceu Claro";"Dupla";"Reta";"Urbano";7;0;5;0;2;0;5;3
83455767;"12/04/16";"Terça";"09:45:00";"MS";262;"458";"DOIS IRMAOS DO BURITI";"Defeito mecânico em veículo";"Saída de Pista";"Sem Vítimas";"Pleno dia";"Decrescente";"Ceu Claro";"Simples";"Reta";"Rural";1;0;0;0;1;0;0;1
83455768;"12/04/16";"Terça";"12:54:00";"RJ";101;"330";"RIO DE JANEIRO";"Outras";"Colisão traseira";"Com Vítimas Feridas";"Pleno dia";"Decrescente";"Ceu Claro";"Dupla";"Curva";"Urbano";2;0;0;1;1;0;1;2
83455769;"07/04/16";"Quinta";"19:15:00";"CE";116;"27,2";"AQUIRAZ";"Animais na Pista";"Atropelamento de animal";"Sem Vítimas";"Plena noite";"Decrescente";"Ceu Claro";"Dupla";"Reta";"Urbano";1;0;0;0;1;0;0;1
83455771;"12/04/16";"Terça";"13:20:00";"PE";232;"9,7";"RECIFE";"Outras";"Colisão com objeto fixo";"Com Vítimas Feridas";"Pleno dia";"Decrescente";"Chuva";"Dupla";"Reta";"Urbano";2;0;2;0;0;0;2;1
83455772;"09/04/16";"Sábado";"04:30:00";"MT";70;"723";"CACERES";"Falta de atenção";"Tombamento";"Com Vítimas Feridas";"Plena noite";"Decrescente";"Ceu Claro";"Simples";"Curva";"Rural";1;0;1;0;0;0;1;1
83455773;"31/03/16";"Quinta";"07:35:00";"RN";304;"37";"MOSSORO";"Falta de atenção";"Colisão Transversal";"Com Vítimas Feridas";"Pleno dia";"Decrescente";"Ceu Claro";"Dupla";"Cruzamento";"Urbano";2;0;0;1;1;0;1;2
83455774;"12/04/16";"Terça";"11:20:00";"SC";280;"54,8";"GUARAMIRIM";"Falta de atenção";"Queda de motocicleta / bicicleta / veículo";"Com Vítimas Feridas";"Pleno dia";"Crescente";"Nublado";"Simples";"Reta";"Urbano";1;0;1;0;0;0;1;1
83455775;"12/04/16";"Terça";"12:20:00";"RS";386;"305";"POUSO NOVO";"Velocidade incompatível";"Tombamento";"Sem Vítimas";"Pleno dia";"Crescente";"Nublado";"Simples";"Curva";"Rural";1;0;0;0;1;0;0;1
83455776;"12/04/16";"Terça";"08:15:00";"MT";364;"265";"SAO PEDRO DA CIPA";"Falta de atenção";"Colisão traseira";"Sem Vítimas";"Pleno dia";"Crescente";"Ceu Claro";"Simples";"Reta";"Urbano";3;0;0;0;3;0;0;3
83455778;"12/04/16";"Terça";"11:50:00";"BA";242;"245";"ITABERABA";"Velocidade incompatível";"Capotamento";"Sem Vítimas";"Pleno dia";"Crescente";"Chuva";"Simples";"Curva";"Rural";2;0;0;0;2;0;0;1
83455779;"12/04/16";"Terça";"09:45:00";"GO";153;"514";"APARECIDA DE GOIANIA";"Falta de atenção";"Colisão Transversal";"Sem Vítimas";"Pleno dia";"Decrescente";"Sol";"Dupla";"Reta";"Urbano";2;0;0;0;2;0;0;2
83455780;"12/04/16";"Terça";"05:40:00";"MT";163;"1040";"MATUPA";"Desobediência à sinalização";"Colisão Transversal";"Com Vítimas Feridas";"Amanhecer";"Crescente";"Ceu Claro";"Simples";"Reta";"Rural";2;0;1;0;1;0;1;2
83455781;"08/04/16";"Sexta";"10:30:00";"MG";381;"385";"SAO GONCALO DO RIO ABAIXO";"Outras";"Capotamento";"Com Vítimas Feridas";"Plena noite";"Crescente";"Ceu Claro";"Simples";"Reta";"Rural";1;0;1;0;0;0;1;1
83455782;"12/04/16";"Terça";"12:37:00";"MA";10;"133,6";"ESTREITO";"Velocidade incompatível";"Colisão lateral";"Sem Vítimas";"Pleno dia";"Decrescente";"Chuva";"Simples";"Reta";"Rural";2;0;0;0;2;0;0;2
83455783;"22/02/16";"Segunda";"07:10:00";"SP";101;"48,9";"UBATUBA";"Falta de atenção";"Colisão lateral";"Com Vítimas Feridas";"Pleno dia";"Crescente";"Nublado";"Simples";"Reta";"Urbano";2;0;0;1;1;0;1;2
83455784;"12/04/16";"Terça";"11:35:00";"RS";116;"245,1";"SAO LEOPOLDO";"Falta de atenção";"Tombamento";"Com Vítimas Feridas";"Pleno dia";"Decrescente";"Nublado";"Múltipla";"Reta";"Urbano";2;0;1;0;1;0;1;2
83455785;"09/04/16";"Sábado";"06:15:00";"PR";277;"673";"MEDIANEIRA";"Ingestão de álcool";"Colisão traseira";"Com Vítimas Fatais";"Amanhecer";"Crescente";"Ceu Claro";"Dupla";"Reta";"Urbano";3;2;0;0;1;0;0;2
83455786;"12/04/16";"Terça";"12:00:00";"PE";101;"81";"JABOATAO DOS GUARARAPES";"Outras";"Colisão traseira";"Com Vítimas Feridas";"Pleno dia";"Crescente";"Nublado";"Dupla";"Reta";"Urbano";2;0;0;1;1;0;1;2
83455787;"12/04/16";"Terça";"10:46:00";"RR";401;"1";"BOA VISTA";"Falta de atenção";"Colisão Transversal";"Com Vítimas Feridas";"Pleno dia";"Crescente";"Nublado";"Dupla";"Reta";"Urbano";2;0;0;1;1;0;1;2
83455788;"12/04/16";"Terça";"12:00:00";"MG";381;"421,5";"CAETE";"Falta de atenção";"Colisão Transversal";"Com Vítimas Feridas";"Pleno dia";"Crescente";"Ceu Claro";"Simples";"Curva";"Rural";2;0;1;0;1;0;1;2
83455789;"12/04/16";"Terça";"13:30:00";"RO";364;"15,3";"VILHENA";"Falta de atenção";"Colisão frontal";"Sem Vítimas";"Pleno dia";"Decrescente";"Ceu Claro";"Dupla";"Reta";"Urbano";2;0;0;0;2;0;0;2
83455791;"08/04/16";"Sexta";"15:35:00";"PE";101;"45,5";"IGARASSU";"Outras";"Colisão Transversal";"Com Vítimas Feridas";"Pleno dia";"Decrescente";"Nublado";"Múltipla";"Reta";"Urbano";4;0;0;1;1;2;1;4
83455792;"24/03/16";"Quinta";"18:20:00";"PR";376;"666";"GUARATUBA";"Velocidade incompatível";"Saída de Pista";"Sem Vítimas";"Plena noite";"Crescente";"Chuva";"Dupla";"Curva";"Rural";2;0;0;0;2;0;0;2
83455793;"12/04/16";"Terça";"15:10:00";"MG";267;"309,1";"SOLEDADE DE MINAS";"Falta de atenção";"Colisão Transversal";"Sem Vítimas";"Pleno dia";"Decrescente";"Ceu Claro";"Simples";"Cruzamento";"Urbano";2;0;0;0;2;0;0;2
83455794;"10/04/16";"Domingo";"19:50:00";"PR";277;"388";"CANDOI";"Defeito mecânico em veículo";"Colisão com objeto fixo";"Sem Vítimas";"Pleno dia";"Decrescente";"Nublado";"Simples";"Reta";"Rural";2;0;0;0;2;0;0;2
83455795;"05/04/16";"Terça";"06:50:00";"SC";280;"53,5";"GUARAMIRIM";"Falta de atenção";"Colisão Transversal";"Com Vítimas Feridas";"Pleno dia";"Decrescente";"Ceu Claro";"Simples";"Reta";"Urbano";2;0;1;0;1;0;1;2
83455796;"31/03/16";"Quinta";"19:20:00";"PA";316;"18";"BENEVIDES";"Ingestão de álcool";"Atropelamento de pessoa";"Com Vítimas Feridas";"Plena noite";"Crescente";"Ceu Claro";"Dupla";"Reta";"Rural";2;0;1;0;1;0;1;1
83455797;"12/04/16";"Terça";"10:40:00";"PB";101;"48";"MAMANGUAPE";"Velocidade incompatível";"Saída de Pista";"Sem Vítimas";"Pleno dia";"Crescente";"Nublado";"Dupla";"Reta";"Rural";1;0;0;0;1;0;0;1
83455798;"12/04/16";"Terça";"14:15:00";"PR";376;"174,2";"MARINGA";"Desobediência à sinalização";"Colisão Transversal";"Com Vítimas Feridas";"Pleno dia";"Crescente";"Sol";"Dupla";"Cruzamento";"Urbano";4;0;4;0;0;0;4;2
83455799;"12/04/16";"Terça";"14:35:00";"SP";116;"428,8";"REGISTRO";"Falta de atenção";"Capotamento";"Sem Vítimas";"Pleno dia";"Crescente";"Ceu Claro";"Dupla";"Curva";"Rural";2;0;0;0;2;0;0;1
83455801;"08/04/16";"Sexta";"21:05:00";"SP";116;"187";"SANTA ISABEL";"Falta de atenção";"Capotamento";"Sem Vítimas";"Plena noite";"Decrescente";"Ceu Claro";"Dupla";"Reta";"Rural";1;0;0;0;1;0;0;1
83455802;"12/04/16";"Terça";"11:58:00";"RJ";101;"452";"MANGARATIBA";"Falta de atenção";"Colisão lateral";"Com Vítimas Feridas";"Pleno dia";"Crescente";"Ceu Claro";"Simples";"Curva";"Rural";2;0;0;1;1;0;1;2
83455803;"12/04/16";"Terça";"09:00:00";"PA";10;"313";"IRITUIA";"Outras";"Atropelamento de pessoa";"Com Vítimas Fatais";"Pleno dia";"Crescente";"Sol";"Simples";"Reta";"Rural";2;1;0;0;1;0;0;1
83455804;"12/04/16";"Terça";"10:05:00";"SC";116;"108,5";"MONTE CASTELO";"Desobediência à sinalização";"Colisão frontal";"Com Vítimas Feridas";"Pleno dia";"Crescente";"Nublado";"Simples";"Reta";"Rural";2;0;1;0;1;0;1;2
83455805;"09/04/16";"Sábado";"08:30:00";"RS";287;"262,5";"SANTA MARIA";"Velocidade incompatível";"Saída de Pista";"Com Vítimas Feridas";"Pleno dia";"Decrescente";"Chuva";"Simples";"Reta";"Rural";2;0;1;0;1;0;1;1
83455806;"12/04/16";"Terça";"11:00:00";"MG";365;"406";"PATOS DE MINAS";"Defeito mecânico em veículo";"Saída de Pista";"Com Vítimas Feridas";"Pleno dia";"Decrescente";"Ceu Claro";"Dupla";"Cruzamento";"Rural";3;0;0;3;0;0;3;1
83455807;"12/04/16";"Terça";"06:40:00";"MG";381;"415";"CAETE";"Velocidade incompatível";"Tombamento";"Com Vítimas Feridas";"Pleno dia";"Decrescente";"Ceu Claro";"Simples";"Curva";"Rural";1;0;1;0;0;0;1;1
83455808;"12/04/16";"Terça";"15:00:00";"PA";316;"8";"ANANINDEUA";"Outras";"Colisão lateral";"Com Vítimas Feridas";"Pleno dia";"Decrescente";"Nublado";"Dupla";"Reta";"Urbano";3;0;1;0;2;0;1;2
83455810;"12/04/16";"Terça";"16:45:00";"RS";290;"5,4";"OSORIO";"Velocidade incompatível";"Saída de Pista";"Sem Vítimas";"Pleno dia";"Crescente";"Chuva";"Dupla";"Reta";"Rural";1;0;0;0;1;0;0;1
83455812;"12/04/16";"Terça";"13:20:00";"SC";101;"216,5";"PALHOCA";"Falta de atenção";"Colisão traseira";"Com Vítimas Feridas";"Pleno dia";"Decrescente";"Ceu Claro";"Múltipla";"Cruzamento";"Urbano";2;0;1;0;1;0;1;2
83455813;"12/04/16";"Terça";"14:30:00";"RJ";116;"139";"DUQUE DE CAXIAS";"Falta de atenção";"Tombamento";"Sem Vítimas";"Pleno dia";"Crescente";"Ceu Claro";"Dupla";"Reta";"Urbano";1;0;0;0;1;0;0;1
83455814;"12/04/16";"Terça";"12:43:00";"RO";364;"346,8";"JI-PARANA";"Falta de atenção";"Colisão lateral";"Com Vítimas Feridas";"Pleno dia";"Decrescente";"Nublado";"Simples";"Cruzamento";"Urbano";2;0;0;1;1;0;1;2
83455815;"12/04/16";"Terça";"16:20:00";"SC";280;"125,4";"RIO NEGRINHO";"Falta de atenção";"Colisão traseira";"Sem Vítimas";"Pleno dia";"Decrescente";"Ceu Claro";"Simples";"Reta";"Urbano";2;0;0;0;2;0;0;2
83455816;"12/04/16";"Terça";"15:00:00";"RS";386;"394,3";"TRIUNFO";"Falta de atenção";"Saída de Pista";"Sem Vítimas";"Pleno dia";"Decrescente";"Chuva";"Dupla";"Reta";"Rural";1;0;0;0;1;0;0;1
83455817;"12/04/16";"Terça";"15:30:00";"BA";101;"799,7";"ITAMARAJU";"Defeito mecânico em veículo";"Capotamento";"Com Vítimas Feridas";"Pleno dia";"Crescente";"Nublado";"Simples";"Reta";"Rural";2;0;2;0;0;0;2;1
83455818;"12/04/16";"Terça";"16:00:00";"MG";381;"778,5";"CAMPANHA";"Falta de atenção";"Saída de Pista";"Com Vítimas Feridas";"Pleno dia";"Crescente";"Ceu Claro";"Dupla";"Curva";"Rural";1;0;1;0;0;0;1;1
83455819;"12/04/16";"Terça";"13:30:00";"AC";364;"149";"RIO BRANCO";"Falta de atenção";"Colisão lateral";"Com Vítimas Feridas";"Pleno dia";"Crescente";"Sol";"Dupla";"Reta";"Urbano";3;0;2;0;0;1;2;2
83455820;"12/04/16";"Terça";"15:40:00";"RJ";116;"226";"PIRAI";"Defeito mecânico em veículo";"Incêndio";"Sem Vítimas";"Pleno dia";"Crescente";"Ceu Claro";"Dupla";"Reta";"Rural";34;0;0;0;34;0;0;1
83455821;"12/04/16";"Terça";"11:00:00";"RR";401;"1";"BOA VISTA";"Desobediência à sinalização";"Colisão Transversal";"Com Vítimas Feridas";"Pleno dia";"Decrescente";"Nublado";"Dupla";"Reta";"Urbano";2;0;1;0;1;0;1;2
83455822;"10/04/16";"Domingo";"18:20:00";"MG";381;"876,3";"ESTIVA";"Defeito mecânico em veículo";"Saída de Pista";"Sem Vítimas";"Plena noite";"Decrescente";"Ceu Claro";"Dupla";"Curva";"Rural";1;0;0;0;1;0;0;1
83455823;"08/04/16";"Sexta";"06:00:00";"ES";101;"151,6";"LINHARES";"Falta de atenção";"Colisão lateral";"Com Vítimas Feridas";"Pleno dia";"Crescente";"Sol";"Simples";"Curva";"Rural";2;0;1;0;1;0;1;2
83455824;"12/04/16";"Terça";"11:15:00";"PR";476;"137";"CURITIBA";"Falta de atenção";"Colisão lateral";"Sem Vítimas";"Pleno dia";"Crescente";"Sol";"Múltipla";"Reta";"Urbano";2;0;0;0;2;0;0;2
83455825;"12/04/16";"Terça";"17:00:00";"PR";369;"159,6";"CAMBE";"Não guardar distância de segurança";"Queda de motocicleta / bicicleta / veículo";"Com Vítimas Feridas";"Anoitecer";"Crescente";"Ceu Claro";"Dupla";"Reta";"Rural";2;0;1;0;1;0;1;2
83455826;"09/04/16";"Sábado";"02:45:00";"RS";116;"120,9";"SAO MARCOS";"Ingestão de álcool";"Saída de Pista";"Sem Vítimas";"Plena noite";"Crescente";"Nevoeiro/neblina";"Simples";"Reta";"Rural";1;0;0;0;1;0;0;1
83455827;"12/04/16";"Terça";"16:20:00";"GO";153;"615";"MORRINHOS";"Dormindo";"Capotamento";"Com Vítimas Feridas";"Pleno dia";"Crescente";"Ceu Claro";"Dupla";"Reta";"Rural";4;0;2;0;2;0;2;1
83455828;"12/04/16";"Terça";"13:10:00";"MT";364;"434";"VARZEA GRANDE";"Desobediência à sinalização";"Colisão Transversal";"Sem Vítimas";"Pleno dia";"Decrescente";"Ceu Claro";"Dupla";"Reta";"Urbano";3;0;0;0;3;0;0;2
83455829;"12/04/16";"Terça";"16:45:00";"RS";285;"257,6";"GENTIL";"Desobediência à sinalização";"Colisão Transversal";"Sem Vítimas";"Pleno dia";"Crescente";"Ceu Claro";"Simples";"Cruzamento";"Rural";2;0;0;0;2;0;0;2
83455830;"12/04/16";"Terça";"13:50:00";"MS";163;"309,2";"RIO BRILHANTE";"Outras";"Capotamento";"Com Vítimas Feridas";"Pleno dia";"Crescente";"Sol";"Simples";"Reta";"Rural";5;0;1;0;4;0;1;2
83455831;"11/04/16";"Segunda";"07:50:00";"BA";407;"190";"PONTO NOVO";"Ingestão de álcool";"Colisão traseira";"Com Vítimas Fatais";"Pleno dia";"Crescente";"Nublado";"Simples";"Reta";"Rural";2;1;0;0;0;1;0;2
83455832;"12/04/16";"Terça";"13:50:00";"RS";468;"104,4";"TRES PASSOS";"Outras";"Queda de motocicleta / bicicleta / veículo";"Com Vítimas Feridas";"Pleno dia";"Decrescente";"Nublado";"Simples";"Reta";"Urbano";1;0;1;0;0;0;1;1
83455833;"12/04/16";"Terça";"17:00:00";"RS";386;"288,6";"POUSO NOVO";"Falta de atenção";"Saída de Pista";"Com Vítimas Feridas";"Pleno dia";"Crescente";"Nevoeiro/neblina";"Simples";"Curva";"Rural";2;0;0;1;1;0;1;1
83455834;"12/04/16";"Terça";"15:05:00";"PE";116;"18,6";"SALGUEIRO";"Não guardar distância de segurança";"Colisão traseira";"Sem Vítimas";"Pleno dia";"Crescente";"Sol";"Simples";"Reta";"Rural";3;0;0;0;3;0;0;3