"id";"data_inversa";"dia_semana";"horario";"uf";"br";"km";"municipio";"causa_acidente";"tipo_acidente";"classificacao_acidente";"fase_dia";"sentido_via";"condicao_metereologica";"tipo_pista";"tracado_via";"uso_solo";"pessoas";"mortos";"feridos_leves";"feridos_graves";"ilesos";"ignorados";"feridos";"veiculos"
83455835;"12/04/16";"Terça";"07:45:00";"SP";381;"14";"BRAGANCA PAULISTA";"Falta de atenção";"Colisão traseira";"Sem Vítimas";"Pleno dia";"Crescente";"Ceu Claro";"Dupla";"Reta";"Rural";2;0;0;0;1;1;0;2
83455836;"12/04/16";"Terça";"14:10:00";"PR";476;"141";"CURITIBA";"Não guardar distância de segurança";"Colisão traseira";"Sem Vítimas";"Pleno dia";"Crescente";"Sol";"Simples";"Reta";"Urbano";2;0;0;0;2;0;0;2
83455837;"12/04/16";"Terça";"18:00:00";"SP";116;"291";"ITAPECERICA DA SERRA";"Falta de atenção";"Saída de Pista";"Com Vítimas Feridas";"Plena noite";"Decrescente";"Ceu Claro";"Dupla";"Reta";"Rural";3;0;2;0;1;0;2;1
83455838;"10/04/16";"Domingo";"21:30:00";"MA";222;"633";"ACAILANDIA";"Dormindo";"Saída de Pista";"Sem Vítimas";"Plena noite";"Crescente";"Ceu Claro";"Simples";"Reta";"Rural";1;0;0;0;1;0;0;1
83455839;"09/04/16";"Sábado";"11:10:00";"MG";135;"580,3";"CORINTO";"Velocidade incompatível";"Tombamento";"Com Vítimas Feridas";"Pleno dia";"Crescente";"Ceu Claro";"Simples";"Curva";"Rural";1;0;1;0;0;0;1;1
83455840;"12/04/16";"Terça";"19:00:00";"RJ";101;"322";"NITEROI";"Outras";"Atropelamento de pessoa";"Com Vítimas Feridas";"Anoitecer";"Crescente";"Ceu Claro";"Dupla";"Curva";"Urbano";3;0;0;1;2;0;1;1
83455841;"12/04/16";"Terça";"10:50:00";"GO";153;"530";"HIDROLANDIA";"Falta de atenção";"Colisão Transversal";"Com Vítimas Feridas";"Pleno dia";"Decrescente";"Ceu Claro";"Simples";"Reta";"Urbano";2;0;0;1;1;0;1;2
83455842;"12/04/16";"Terça";"16:25:00";"SP";116;"71,2";"APARECIDA";"Falta de atenção";"Colisão Transversal";"Sem Vítimas";"Pleno dia";"Decrescente";"Sol";"Dupla";"Reta";"Rural";4;0;0;0;4;0;0;2
83455843;"09/04/16";"Sábado";"05:25:00";"RJ";40;"123";"DUQUE DE CAXIAS";"Outras";"Atropelamento de pessoa";"Com Vítimas Feridas";"Amanhecer";"Crescente";"Ceu Claro";"Múltipla";"Reta";"Urbano";2;0;1;0;0;1;1;1
83455844;"12/04/16";"Terça";"16:30:00";"RO";364;"27";"VILHENA";"Falta de atenção";"Colisão Transversal";"Com Vítimas Feridas";"Pleno dia";"Decrescente";"Ceu Claro";"Simples";"Curva";"Rural";5;0;1;0;4;0;1;2
83455845;"09/04/16";"Sábado";"20:00:00";"RS";471;"685";"SANTA VITORIA DO PALMAR";"Outras";"Atropelamento de pessoa";"Com Vítimas Feridas";"Plena noite";"Crescente";"Nublado";"Simples";"Reta";"Rural";2;0;0;1;1;0;1;1
83455846;"12/04/16";"Terça";"14:00:00";"ES";101;"303";"VIANA";"Falta de atenção";"Colisão lateral";"Sem Vítimas";"Pleno dia";"Crescente";"Ceu Claro";"Dupla";"Reta";"Urbano";2;0;0;0;2;0;0;2
83455847;"12/04/16";"Terça";"12:00:00";"AL";101;"211,6";"SAO SEBASTIAO";"Falta de atenção";"Colisão traseira";"Sem Vítimas";"Pleno dia";"Decrescente";"Ceu Claro";"Dupla";"Reta";"Rural";2;0;0;0;2;0;0;2
83455848;"12/04/16";"Terça";"16:35:00";"SP";116;"555";"BARRA DO TURVO";"Velocidade incompatível";"Colisão lateral";"Sem Vítimas";"Pleno dia";"Crescente";"Nublado";"Simples";"Curva";"Rural";2;0;0;0;2;0;0;2
83455849;"12/04/16";"Terça";"17:35:00";"MS";163;"524";"JARAGUARI";"Outras";"Colisão traseira";"Sem Vítimas";"Anoitecer";"Crescente";"Ceu Claro";"Simples";"Reta";"Rural";2;0;0;0;2;0;0;2
83455850;"12/04/16";"Terça";"16:25:00";"SP";116;"71";"APARECIDA";"Outras";"Tombamento";"Com Vítimas Feridas";"Pleno dia";"Decrescente";"Sol";"Dupla";"Reta";"Urbano";1;0;0;1;0;0;1;1
83455851;"12/04/16";"Terça";"17:30:00";"PR";376;"398,5";"TIBAGI";"Velocidade incompatível";"Saída de Pista";"Com Vítimas Feridas";"Pleno dia";"Decrescente";"Chuva";"Simples";"Curva";"Rural";8;0;6;1;1;0;7;1
83455852;"08/04/16";"Sexta";"16:59:00";"SP";116;"80,5";"ROSEIRA";"Outras";"Atropelamento de pessoa";"Com Vítimas Fatais";"Pleno dia";"Crescente";"Nublado";"Dupla";"Reta";"Urbano";3;1;0;0;2;0;0;1
83455853;"12/04/16";"Terça";"18:20:00";"SC";101;"44";"JOINVILLE";"Outras";"Colisão com objeto fixo";"Sem Vítimas";"Anoitecer";"Crescente";"Nublado";"Dupla";"Reta";"Rural";1;0;0;0;1;0;0;1
83455854;"05/04/16";"Terça";"00:15:00";"RS";116;"420";"CRISTAL";"Falta de atenção";"Colisão Transversal";"Com Vítimas Feridas";"Plena noite";"Decrescente";"Chuva";"Simples";"Reta";"Rural";3;0;1;0;2;0;1;2
83455855;"12/04/16";"Terça";"15:50:00";"PI";316;"310";"PICOS";"Falta de atenção";"Colisão Transversal";"Com Vítimas Feridas";"Pleno dia";"Decrescente";"Ceu Claro";"Múltipla";"Reta";"Urbano";2;0;1;0;1;0;1;2
83455857;"12/04/16";"Terça";"05:00:00";"MG";381;"784,2";"SAO GONCALO DO SAPUCAI";"Dormindo";"Colisão com objeto fixo";"Sem Vítimas";"Plena noite";"Crescente";"Ignorada";"Dupla";"Reta";"Rural";1;0;0;0;1;0;0;1
83455858;"12/04/16";"Terça";"09:00:00";"MG";40;"553";"NOVA LIMA";"Outras";"Colisão traseira";"Com Vítimas Feridas";"Pleno dia";"Decrescente";"Ceu Claro";"Dupla";"Reta";"Urbano";3;0;2;0;1;0;2;2
83455859;"12/04/16";"Terça";"19:10:00";"CE";222;"5,6";"CAUCAIA";"Outras";"Colisão traseira";"Com Vítimas Feridas";"Plena noite";"Decrescente";"Ceu Claro";"Dupla";"Curva";"Urbano";2;0;1;0;0;1;1;2
83455860;"12/04/16";"Terça";"13:00:00";"PR";116;"103";"SAO JOSE DOS PINHAIS";"Outras";"Colisão com objeto fixo";"Sem Vítimas";"Pleno dia";"Crescente";"Ceu Claro";"Dupla";"Reta";"Rural";1;0;0;0;1;0;0;1
83455861;"12/04/16";"Terça";"17:30:00";"RJ";101;"262";"RIO BONITO";"Outras";"Colisão com objeto fixo";"Sem Vítimas";"Pleno dia";"Crescente";"Nublado";"Simples";"Curva";"Urbano";1;0;0;0;1;0;0;1
83455862;"12/04/16";"Terça";"17:10:00";"SC";282;"141,9";"BOM RETIRO";"Falta de atenção";"Colisão lateral";"Sem Vítimas";"Pleno dia";"Crescente";"Sol";"Simples";"Reta";"Rural";2;0;0;0;2;0;0;2
83455863;"12/04/16";"Terça";"13:20:00";"MT";163;"827";"SINOP";"Outras";"Colisão traseira";"Com Vítimas Feridas";"Pleno dia";"Crescente";"Ceu Claro";"Dupla";"Reta";"Urbano";2;0;1;0;1;0;1;2
83455864;"12/04/16";"Terça";"17:50:00";"PR";369;"187";"ARAPONGAS";"Não guardar distância de segurança";"Colisão traseira";"Com Vítimas Feridas";"Anoitecer";"Crescente";"Ceu Claro";"Simples";"Reta";"Urbano";2;0;1;0;1;0;1;2
83455865;"12/04/16";"Terça";"18:10:00";"RS";287;"246,5";"SANTA MARIA";"Defeito na via";"Tombamento";"Sem Vítimas";"Anoitecer";"Crescente";"Nublado";"Simples";"Reta";"Urbano";2;0;0;0;2;0;0;2
83455867;"08/04/16";"Sexta";"19:30:00";"PR";487;"171";"ARARUNA";"Outras";"Colisão Transversal";"Com Vítimas Feridas";"Plena noite";"Crescente";"Ignorada";"Simples";"Reta";"Rural";6;0;5;1;0;0;6;2
83455868;"12/04/16";"Terça";"19:00:00";"CE";222;"2,7";"SOBRAL";"Defeito mecânico em veículo";"Colisão Transversal";"Sem Vítimas";"Plena noite";"Crescente";"Ceu Claro";"Simples";"Reta";"Urbano";2;0;0;0;2;0;0;2
83455869;"12/04/16";"Terça";"18:15:00";"MG";40;"618,2";"CONGONHAS";"Velocidade incompatível";"Tombamento";"Com Vítimas Feridas";"Plena noite";"Decrescente";"Ceu Claro";"Dupla";"Curva";"Rural";2;0;2;0;0;0;2;1
83455870;"12/04/16";"Terça";"15:15:00";"PB";230;"137,5";"CAMPINA GRANDE";"Velocidade incompatível";"Colisão lateral";"Com Vítimas Feridas";"Pleno dia";"Decrescente";"Chuva";"Dupla";"Curva";"Rural";3;0;3;0;0;0;3;2
83455871;"12/04/16";"Terça";"17:50:00";"SC";282;"159,5";"BOM RETIRO";"Ultrapassagem indevida";"Colisão lateral";"Sem Vítimas";"Pleno dia";"Decrescente";"Ceu Claro";"Simples";"Reta";"Rural";2;0;0;0;2;0;0;2
83455872;"12/04/16";"Terça";"13:30:00";"PI";316;"101,3";"BARRO DURO";"Outras";"Capotamento";"Com Vítimas Feridas";"Pleno dia";"Crescente";"Chuva";"Simples";"Curva";"Rural";1;0;1;0;0;0;1;1
83455873;"12/03/16";"Sábado";"18:45:00";"SC";280;"65,9";"JARAGUA DO SUL";"Falta de atenção";"Colisão Transversal";"Com Vítimas Feridas";"Anoitecer";"Decrescente";"Nublado";"Simples";"Cruzamento";"Urbano";2;0;1;0;0;1;1;2
83455874;"12/04/16";"Terça";"19:00:00";"PR";376;"179";"MARINGA";"Falta de atenção";"Colisão lateral";"Sem Vítimas";"Plena noite";"Decrescente";"Ceu Claro";"Dupla";"Reta";"Urbano";4;0;0;0;4;0;0;4
83455875;"12/04/16";"Terça";"10:30:00";"PB";101;"119,2";"CAAPORA";"Velocidade incompatível";"Capotamento";"Sem Vítimas";"Pleno dia";"Decrescente";"Chuva";"Dupla";"Reta";"Rural";3;0;0;0;3;0;0;1
83455876;"07/04/16";"Quinta";"06:45:00";"RS";293;"63,5";"PIRATINI";"Outras";"Saída de Pista";"Sem Vítimas";"Amanhecer";"Decrescente";"Chuva";"Simples";"Reta";"Rural";1;0;0;0;1;0;0;1
83455877;"07/04/16";"Quinta";"17:57:00";"AC";364;"142";"RIO BRANCO";"Falta de atenção";"Colisão traseira";"Com Vítimas Feridas";"Anoitecer";"Crescente";"Ignorada";"Dupla";"Reta";"Urbano";2;0;1;0;1;0;1;2
83455878;"12/04/16";"Terça";"18:30:00";"PR";116;"142,1";"MANDIRITUBA";"Falta de atenção";"Atropelamento de pessoa";"Com Vítimas Fatais";"Anoitecer";"Crescente";"Nublado";"Dupla";"Cruzamento";"Urbano";2;1;0;0;0;1;0;1
83455879;"12/04/16";"Terça";"19:00:00";"SC";470;"175,6";"POUSO REDONDO";"Falta de atenção";"Colisão Transversal";"Sem Vítimas";"Plena noite";"Crescente";"Ceu Claro";"Simples";"Cruzamento";"Urbano";2;0;0;0;2;0;0;2
83455880;"12/04/16";"Terça";"15:10:00";"ES";262;"4,2";"CARIACICA";"Falta de atenção";"Atropelamento de pessoa";"Com Vítimas Feridas";"Pleno dia";"Decrescente";"Ceu Claro";"Múltipla";"Reta";"Urbano";2;0;1;0;1;0;1;1
83455881;"12/04/16";"Terça";"18:40:00";"SC";101;"217";"PALHOCA";"Falta de atenção";"Saída de Pista";"Com Vítimas Feridas";"Plena noite";"Crescente";"Nublado";"Simples";"Reta";"Urbano";1;0;1;0;0;0;1;1
83455882;"12/04/16";"Terça";"20:50:00";"SC";282;"16,5";"PALHOCA";"Desobediência à sinalização";"Colisão Transversal";"Com Vítimas Feridas";"Plena noite";"Crescente";"Ceu Claro";"Simples";"Reta";"Urbano";3;0;2;0;1;0;2;2
83455883;"04/04/16";"Segunda";"06:10:00";"CE";116;"16";"FORTALEZA";"Falta de atenção";"Colisão lateral";"Com Vítimas Feridas";"Pleno dia";"Crescente";"Sol";"Dupla";"Reta";"Urbano";2;0;1;0;1;0;1;2
83455884;"12/04/16";"Terça";"19:00:00";"PR";277;"60";"SAO JOSE DOS PINHAIS";"Outras";"Colisão com objeto fixo";"Sem Vítimas";"Plena noite";"Crescente";"Ceu Claro";"Dupla";"Reta";"Rural";1;0;0;0;1;0;0;1
83455885;"12/04/16";"Terça";"16:00:00";"MG";116;"529";"CARATINGA";"Falta de atenção";"Colisão Transversal";"Com Vítimas Feridas";"Pleno dia";"Crescente";"Sol";"Dupla";"Cruzamento";"Urbano";3;0;1;0;2;0;1;2
83455886;"12/04/16";"Terça";"16:25:00";"MG";381;"350";"JOAO MONLEVADE";"Outras";"Saída de Pista";"Com Vítimas Fatais";"Pleno dia";"Decrescente";"Ceu Claro";"Simples";"Curva";"Rural";1;1;0;0;0;0;0;1
83455887;"12/04/16";"Terça";"17:40:00";"PE";101;"44";"IGARASSU";"Desobediência à sinalização";"Atropelamento de pessoa";"Com Vítimas Feridas";"Plena noite";"Decrescente";"Vento";"Simples";"Reta";"Urbano";2;0;1;0;1;0;1;1
83455888;"12/04/16";"Terça";"17:15:00";"RJ";495;"12";"PETROPOLIS";"Desobediência à sinalização";"Colisão lateral";"Com Vítimas Feridas";"Anoitecer";"Crescente";"Ceu Claro";"Dupla";"Curva";"Urbano";2;0;0;1;1;0;1;2
83455889;"12/04/16";"Terça";"19:27:00";"GO";60;"129,5";"GOIANAPOLIS";"Outras";"Colisão traseira";"Com Vítimas Feridas";"Plena noite";"Decrescente";"Ceu Claro";"Múltipla";"Reta";"Rural";5;0;1;0;3;1;1;2
83455891;"08/04/16";"Sexta";"14:00:00";"ES";101;"135";"LINHARES";"Ultrapassagem indevida";"Colisão lateral";"Com Vítimas Feridas";"Pleno dia";"Decrescente";"Sol";"Simples";"Reta";"Rural";2;0;1;0;1;0;1;2
83455892;"12/04/16";"Terça";"18:30:00";"SC";101;"182";"BIGUACU";"Outras";"Colisão lateral";"Com Vítimas Fatais";"Plena noite";"Crescente";"Nublado";"Dupla";"Reta";"Urbano";2;1;0;1;0;0;1;2
83455893;"12/04/16";"Terça";"20:09:00";"RN";304;"297,7";"MACAIBA";"Desobediência à sinalização";"Colisão Transversal";"Com Vítimas Feridas";"Plena noite";"Decrescente";"Ceu Claro";"Dupla";"Cruzamento";"Urbano";5;0;1;1;3;0;2;2
83455894;"12/04/16";"Terça";"08:10:00";"MG";116;"413,7";"GOVERNADOR VALADARES";"Falta de atenção";"Colisão Transversal";"Com Vítimas Feridas";"Pleno dia";"Decrescente";"Sol";"Simples";"Cruzamento";"Urbano";2;0;1;0;1;0;1;2
83455895;"12/04/16";"Terça";"21:10:00";"PR";376;"191,8";"MARIALVA";"Outras";"Capotamento";"Com Vítimas Feridas";"Plena noite";"Crescente";"Ceu Claro";"Dupla";"Reta";"Rural";2;0;2;0;0;0;2;1
83455896;"12/04/16";"Terça";"17:15:00";"MT";163;"589,8";"DIAMANTINO";"Outras";"Tombamento";"Sem Vítimas";"Anoitecer";"Decrescente";"Ignorada";"Simples";"Reta";"Rural";1;0;0;0;1;0;0;1
83455897;"12/04/16";"Terça";"19:00:00";"ES";393;"0,2";"CACHOEIRO DE ITAPEMIRIM";"Ultrapassagem indevida";"Colisão lateral";"Com Vítimas Feridas";"Plena noite";"Crescente";"Ceu Claro";"Simples";"Reta";"Urbano";2;0;1;0;0;1;1;2
83455898;"12/04/16";"Terça";"19:00:00";"PE";101;"164";"GAMELEIRA";"Defeito na via";"Capotamento";"Sem Vítimas";"Plena noite";"Decrescente";"Chuva";"Dupla";"Curva";"Rural";2;0;0;0;2;0;0;1
83455899;"12/04/16";"Terça";"18:47:00";"SE";101;"46";"JAPARATUBA";"Falta de atenção";"Colisão Transversal";"Com Vítimas Feridas";"Plena noite";"Crescente";"Ceu Claro";"Dupla";"Reta";"Rural";2;0;0;1;0;1;1;2
83455900;"12/04/16";"Terça";"20:15:00";"MG";381;"491,2";"BETIM";"Outras";"Atropelamento de pessoa";"Com Vítimas Fatais";"Plena noite";"Crescente";"Ceu Claro";"Dupla";"Reta";"Urbano";2;1;0;0;1;0;0;1
83455901;"12/04/16";"Terça";"14:30:00";"SC";282;"532,9";"CHAPECO";"Desobediência à sinalização";"Colisão Transversal";"Com Vítimas Feridas";"Pleno dia";"Decrescente";"Sol";"Simples";"Cruzamento";"Urbano";3;0;1;0;2;0;1;2
83455902;"12/04/16";"Terça";"20:41:00";"MT";174;"281";"PONTES E LACERDA";"Falta de atenção";"Saída de Pista";"Sem Vítimas";"Plena noite";"Crescente";"Ignorada";"Simples";"Reta";"Rural";2;0;0;0;2;0;0;1
83455903;"12/04/16";"Terça";"20:00:00";"MG";40;"527";"CONTAGEM";"Outras";"Tombamento";"Com Vítimas Feridas";"Plena noite";"Crescente";"Ceu Claro";"Dupla";"Curva";"Urbano";3;0;3;0;0;0;3;1
83455904;"12/04/16";"Terça";"19:00:00";"SP";116;"154";"SAO JOSE DOS CAMPOS";"Outras";"Colisão lateral";"Com Vítimas Feridas";"Plena noite";"Crescente";"Ceu Claro";"Dupla";"Reta";"Rural";2;0;1;0;0;1;1;2
83455905;"11/04/16";"Segunda";"19:30:00";"MA";10;"250";"IMPERATRIZ";"Não guardar distância de segurança";"Colisão traseira";"Sem Vítimas";"Plena noite";"Crescente";"Ceu Claro";"Simples";"Reta";"Urbano";3;0;0;0;3;0;0;3
83455906;"12/04/16";"Terça";"18:20:00";"PR";369;"146,4";"LONDRINA";"Falta de atenção";"Colisão Transversal";"Com Vítimas Feridas";"Anoitecer";"Crescente";"Ceu Claro";"Dupla";"Cruzamento";"Urbano";2;0;1;0;1;0;1;2
83455907;"12/04/16";"Terça";"15:30:00";"MG";116;"305";"ITAMBACURI";"Não guardar distância de segurança";"Colisão traseira";"Sem Vítimas";"Pleno dia";"Crescente";"Ceu Claro";"Simples";"Reta";"Rural";2;0;0;0;2;0;0;2
83455908;"12/04/16";"Terça";"22:10:00";"SP";116;"282";"EMBU";"Desobediência à sinalização";"Colisão Transversal";"Sem Vítimas";"Plena noite";"Crescente";"Ceu Claro";"Dupla";"Curva";"Urbano";2;0;0;0;2;0;0;2
83455909;"12/04/16";"Terça";"19:10:00";"PI";343;"348";"TERESINA";"Desobediência à sinalização";"Colisão Transversal";"Com Vítimas Fatais";"Plena noite";"Crescente";"Nublado";"Simples";"Reta";"Urbano";2;1;0;0;1;0;0;2
83455910;"12/04/16";"Terça";"09:30:00";"RS";293;"249";"DOM PEDRITO";"Outras";"Colisão traseira";"Com Vítimas Feridas";"Plena noite";"Crescente";"Nublado";"Simples";"Cruzamento";"Urbano";3;0;2;0;0;1;2;2
83455911;"12/04/16";"Terça";"19:30:00";"MS";163;"324,1";"RIO BRILHANTE";"Não guardar distância de segurança";"Colisão traseira";"Sem Vítimas";"Plena noite";"Decrescente";"Ceu Claro";"Simples";"Reta";"Urbano";2;0;0;0;2;0;0;2
83455912;"03/04/16";"Domingo";"17:00:00";"SP";116;"317";"JUQUITIBA";"Outras";"Colisão traseira";"Sem Vítimas";"Pleno dia";"Decrescente";"Chuva";"Dupla";"Reta";"Rural";2;0;0;0;2;0;0;2
83455913;"12/04/16";"Terça";"19:00:00";"PA";316;"1";"ANANINDEUA";"Falta de atenção";"Colisão lateral";"Sem Vítimas";"Plena noite";"Decrescente";"Chuva";"Dupla";"Reta";"Urbano";2;0;0;0;2;0;0;2
83455914;"12/04/16";"Terça";"17:40:00";"MG";50;"69";"UBERLANDIA";"Velocidade incompatível";"Tombamento";"Com Vítimas Feridas";"Pleno dia";"Crescente";"Ceu Claro";"Dupla";"Reta";"Urbano";1;0;1;0;0;0;1;1
83455915;"12/04/16";"Terça";"22:00:00";"RO";364;"353";"JI-PARANA";"Outras";"Incêndio";"Sem Vítimas";"Plena noite";"Crescente";"Ignorada";"Simples";"Reta";"Rural";4;0;0;0;4;0;0;1
83455916;"12/04/16";"Terça";"23:00:00";"RS";293;"178,7";"BAGE";"Falta de atenção";"Colisão Transversal";"Com Vítimas Feridas";"Plena noite";"Decrescente";"Ceu Claro";"Simples";"Reta";"Rural";2;0;1;0;1;0;1;2
83455917;"12/04/16";"Terça";"16:00:00";"BA";116;"266";"TUCANO";"Desobediência à sinalização";"Colisão frontal";"Com Vítimas Feridas";"Pleno dia";"Crescente";"Ceu Claro";"Simples";"Reta";"Rural";3;0;2;1;0;0;3;2
83455918;"04/04/16";"Segunda";"12:45:00";"RN";226;"358";"MOSSORO";"Falta de atenção";"Colisão Transversal";"Com Vítimas Feridas";"Pleno dia";"Crescente";"Ceu Claro";"Simples";"Reta";"Rural";2;0;0;1;1;0;1;2
83455919;"12/04/16";"Terça";"18:25:00";"MG";262;"418,1";"PARA DE MINAS";"Desobediência à sinalização";"Colisão Transversal";"Com Vítimas Feridas";"Plena noite";"Crescente";"Ceu Claro";"Dupla";"Cruzamento";"Rural";5;0;2;0;3;0;2;2
83455920;"12/04/16";"Terça";"23:50:00";"PR";476;"158";"ARAUCARIA";"Animais na Pista";"Atropelamento de animal";"Sem Vítimas";"Plena noite";"Decrescente";"Chuva";"Simples";"Reta";"Rural";1;0;0;0;1;0;0;1
83455921;"12/04/16";"Terça";"22:00:00";"SP";116;"509,5";"CAJATI";"Velocidade incompatível";"Derramamento de Carga";"Sem Vítimas";"Plena noite";"Decrescente";"Nublado";"Simples";"Curva";"Rural";1;0;0;0;1;0;0;1
83455922;"12/04/16";"Terça";"20:40:00";"RJ";101;"316";"SAO GONCALO";"Outras";"Atropelamento de pessoa";"Com Vítimas Feridas";"Plena noite";"Crescente";"Ceu Claro";"Dupla";"Curva";"Urbano";2;0;1;0;1;0;1;1
83455923;"10/04/16";"Domingo";"00:30:00";"RO";319;"63";"PORTO VELHO";"Desobediência à sinalização";"Colisão Transversal";"Com Vítimas Feridas";"Plena noite";"Crescente";"Nublado";"Simples";"Cruzamento";"Urbano";5;0;2;0;3;0;2;2
83455924;"12/04/16";"Terça";"17:30:00";"PA";316;"0";"ANANINDEUA";"Não guardar distância de segurança";"Colisão lateral";"Sem Vítimas";"Plena noite";"Decrescente";"Chuva";"Simples";"Curva";"Urbano";2;0;0;0;2;0;0;2
83455925;"09/04/16";"Sábado";"05:30:00";"GO";60;"377";"RIO VERDE";"Desobediência à sinalização";"Colisão traseira";"Com Vítimas Fatais";"Plena noite";"Decrescente";"Ceu Claro";"Dupla";"Reta";"Urbano";3;1;0;1;1;0;1;2
83455926;"12/04/16";"Terça";"15:30:00";"PE";232;"388";"SERRA TALHADA";"Ingestão de álcool";"Colisão lateral";"Sem Vítimas";"Pleno dia";"Decrescente";"Nublado";"Simples";"Reta";"Urbano";2;0;0;0;2;0;0;2
83455927;"12/04/16";"Terça";"19:40:00";"SP";116;"473";"JACUPIRANGA";"Falta de atenção";"Colisão com bicicleta";"Com Vítimas Fatais";"Plena noite";"Decrescente";"Ceu Claro";"Simples";"Reta";"Rural";2;1;0;0;1;0;0;2
83455928;"11/04/16";"Segunda";"22:00:00";"MG";365;"234";"BURITIZEIRO";"Ingestão de álcool";"Saída de Pista";"Com Vítimas Feridas";"Plena noite";"Crescente";"Ceu Claro";"Simples";"Curva";"Rural";1;0;1;0;0;0;1;1
83455929;"09/04/16";"Sábado";"02:30:00";"MG";381;"873,8";"ESTIVA";"Velocidade incompatível";"Saída de Pista";"Com Vítimas Feridas";"Plena noite";"Crescente";"Ceu Claro";"Dupla";"Curva";"Rural";3;0;3;0;0;0;3;1
83455930;"13/04/16";"Quarta";"00:30:00";"PE";428;"185,8";"PETROLINA";"Animais na Pista";"Atropelamento de animal";"Com Vítimas Feridas";"Plena noite";"Decrescente";"Ceu Claro";"Simples";"Reta";"Urbano";1;0;1;0;0;0;1;1
83455931;"12/04/16";"Terça";"21:10:00";"MS";262;"520,9";"AQUIDAUANA";"Outras";"Tombamento";"Com Vítimas Fatais";"Plena noite";"Decrescente";"Ceu Claro";"Simples";"Curva";"Rural";1;1;0;0;0;0;0;1
83455932;"12/04/16";"Terça";"19:15:00";"PE";101;"68";"RECIFE";"Falta de atenção";"Colisão traseira";"Com Vítimas Feridas";"Plena noite";"Crescente";"Ceu Claro";"Múltipla";"Reta";"Urbano";2;0;0;1;1;0;1;2
83455933;"12/04/16";"Terça";"17:20:00";"RS";116;"236,3";"NOVO HAMBURGO";"Falta de atenção";"Queda de motocicleta / bicicleta / veículo";"Com Vítimas Feridas";"Pleno dia";"Decrescente";"Chuva";"Dupla";"Reta";"Urbano";1;0;1;0;0;0;1;1
83455934;"13/04/16";"Quarta";"00:50:00";"PR";277;"6,5";"PARANAGUA";"Velocidade incompatível";"Saída de Pista";"Sem Vítimas";"Plena noite";"Crescente";"Chuva";"Dupla";"Reta";"Urbano";1;0;0;0;1;0;0;1
83455936;"12/04/16";"Terça";"17:00:00";"ES";101;"155,9";"LINHARES";"Defeito mecânico em veículo";"Queda de motocicleta / bicicleta / veículo";"Com Vítimas Feridas";"Pleno dia";"Decrescente";"Nublado";"Simples";"Reta";"Rural";3;0;2;0;1;0;2;2
83455937;"12/04/16";"Terça";"15:42:00";"GO";153;"222";"HIDROLINA";"Outras";"Tombamento";"Com Vítimas Feridas";"Pleno dia";"Decrescente";"Ceu Claro";"Simples";"Reta";"Rural";1;0;1;0;0;0;1;1
83455938;"12/04/16";"Terça";"17:00:00";"GO";50;"229,3";"CAMPO ALEGRE DE GOIAS";"Outras";"Tombamento";"Com Vítimas Feridas";"Pleno dia";"Decrescente";"Sol";"Simples";"Reta";"Rural";2;0;1;0;1;0;1;1
83455939;"12/04/16";"Terça";"19:10:00";"SP";153;"75,2";"BADY BASSITT";"Animais na Pista";"Atropelamento de animal";"Com Vítimas Feridas";"Anoitecer";"Crescente";"Ceu Claro";"Dupla";"Cruzamento";"Urbano";2;0;2;0;0;0;2;1
83455940;"13/04/16";"Quarta";"01:00:00";"MS";262;"55,8";"TRES LAGOAS";"Falta de atenção";"Saída de Pista";"Sem Vítimas";"Plena noite";"Decrescente";"Ceu Claro";"Simples";"Reta";"Rural";1;0;0;0;1;0;0;1
83455941;"12/04/16";"Terça";"23:00:00";"CE";304;"23,5";"BEBERIBE";"Dormindo";"Saída de Pista";"Sem Vítimas";"Plena noite";"Crescente";"Nublado";"Dupla";"Reta";"Rural";1;0;0;0;1;0;0;1
83455942;"12/04/16";"Terça";"14:55:00";"SC";101;"210,7";"SAO JOSE";"Não guardar distância de segurança";"Colisão traseira";"Com Vítimas Feridas";"Pleno dia";"Decrescente";"Nublado";"Múltipla";"Reta";"Urbano";2;0;1;0;1;0;1;2
83455943;"12/04/16";"Terça";"17:50:00";"SE";235;"4,8";"NOSSA SENHORA DO SOCORRO";"Outras";"Queda de motocicleta / bicicleta / veículo";"Com Vítimas Feridas";"Plena noite";"Decrescente";"Ceu Claro";"Dupla";"Reta";"Urbano";1;0;1;0;0;0;1;1
83455944;"08/04/16";"Sexta";"17:55:00";"SC";101;"146";"ITAPEMA";"Falta de atenção";"Colisão Transversal";"Com Vítimas Feridas";"Anoitecer";"Crescente";"Sol";"Dupla";"Reta";"Urbano";2;0;1;0;0;1;1;2
83455945;"13/04/16";"Quarta";"05:10:00";"MG";365;"624";"UBERLANDIA";"Falta de atenção";"Colisão lateral";"Com Vítimas Feridas";"Amanhecer";"Decrescente";"Ceu Claro";"Múltipla";"Reta";"Urbano";2;0;1;0;1;0;1;2