"id";"data_inversa";"dia_semana";"horario";"uf";"br";"km";"municipio";"causa_acidente";"tipo_acidente";"classificacao_acidente";"fase_dia";"sentido_via";"condicao_metereologica";"tipo_pista";"tracado_via";"uso_solo";"pessoas";"mortos";"feridos_leves";"feridos_graves";"ilesos";"ignorados";"feridos";"veiculos"
83456061;"10/04/16";"Domingo";"01:00:00";"CE";222;"335";"TIANGUA";"Ingestão de álcool";"Colisão frontal";"Com Vítimas Fatais";"Plena noite";"Crescente";"Ceu Claro";"Simples";"Reta";"Rural";2;1;0;0;1;0;0;2
83456062;"13/04/16";"Quarta";"15:00:00";"PR";116;"80";"PIRAQUARA";"Animais na Pista";"Atropelamento de animal";"Com Vítimas Feridas";"Pleno dia";"Crescente";"Sol";"Dupla";"Reta";"Urbano";1;0;1;0;0;0;1;1
83456063;"13/04/16";"Quarta";"11:50:00";"RJ";101;"101";"CAMPOS DOS GOYTACAZES";"Defeito mecânico em veículo";"Colisão traseira";"Com Vítimas Feridas";"Pleno dia";"Decrescente";"Ceu Claro";"Simples";"Reta";"Rural";3;0;1;0;2;0;1;2
83456064;"13/04/16";"Quarta";"15:30:00";"RS";285;"232";"CASEIROS";"Falta de atenção";"Saída de Pista";"Sem Vítimas";"Pleno dia";"Crescente";"Chuva";"Simples";"Curva";"Rural";1;0;0;0;1;0;0;1
83456065;"13/04/16";"Quarta";"10:45:00";"PB";101;"89,9";"JOAO PESSOA";"Outras";"Saída de Pista";"Sem Vítimas";"Pleno dia";"Crescente";"Ceu Claro";"Dupla";"Reta";"Urbano";1;0;0;0;1;0;0;1
83456066;"12/04/16";"Terça";"09:15:00";"SP";116;"220";"GUARULHOS";"Não guardar distância de segurança";"Colisão lateral";"Com Vítimas Feridas";"Pleno dia";"Crescente";"Ceu Claro";"Múltipla";"Reta";"Urbano";2;0;1;0;1;0;1;2
83456067;"11/04/16";"Segunda";"07:20:00";"MG";381;"434";"SABARA";"Outras";"Colisão Transversal";"Com Vítimas Feridas";"Pleno dia";"Decrescente";"Ceu Claro";"Simples";"Curva";"Rural";4;0;3;0;1;0;3;2
83456068;"13/04/16";"Quarta";"07:50:00";"RO";364;"344,7";"JI-PARANA";"Falta de atenção";"Colisão lateral";"Sem Vítimas";"Pleno dia";"Decrescente";"Ceu Claro";"Simples";"Reta";"Urbano";2;0;0;0;2;0;0;2
83456069;"09/04/16";"Sábado";"22:28:00";"PR";369;"163";"CAMBE";"Falta de atenção";"Colisão traseira";"Com Vítimas Feridas";"Plena noite";"Decrescente";"Ceu Claro";"Dupla";"Reta";"Rural";2;0;0;1;1;0;1;2
83456070;"09/04/16";"Sábado";"23:00:00";"PI";316;"8,1";"TERESINA";"Outras";"Colisão Transversal";"Com Vítimas Feridas";"Plena noite";"Crescente";"Ceu Claro";"Simples";"Reta";"Urbano";2;0;0;1;1;0;1;2
83456071;"13/04/16";"Quarta";"16:05:00";"RS";386;"48,5";"SEBERI";"Velocidade incompatível";"Saída de Pista";"Sem Vítimas";"Pleno dia";"Crescente";"Chuva";"Simples";"Curva";"Urbano";1;0;0;0;1;0;0;1
83456072;"13/04/16";"Quarta";"15:40:00";"SP";116;"140";"SAO JOSE DOS CAMPOS";"Outras";"Derramamento de Carga";"Sem Vítimas";"Pleno dia";"Decrescente";"Ceu Claro";"Dupla";"Reta";"Rural";2;0;0;0;2;0;0;2
83456073;"13/04/16";"Quarta";"10:00:00";"PR";158;"519";"PATO BRANCO";"Desobediência à sinalização";"Colisão Transversal";"Com Vítimas Feridas";"Pleno dia";"Decrescente";"Ceu Claro";"Simples";"Cruzamento";"Urbano";3;0;2;0;1;0;2;2
83456074;"13/04/16";"Quarta";"06:55:00";"DF";40;"6";"BRASILIA";"Falta de atenção";"Queda de motocicleta / bicicleta / veículo";"Com Vítimas Feridas";"Pleno dia";"Decrescente";"Sol";"Dupla";"Reta";"Urbano";2;0;1;0;0;1;1;2
83456075;"13/04/16";"Quarta";"15:00:00";"PA";316;"2";"ANANINDEUA";"Não guardar distância de segurança";"Colisão traseira";"Sem Vítimas";"Pleno dia";"Crescente";"Chuva";"Dupla";"Reta";"Urbano";3;0;0;0;3;0;0;3
83456076;"13/04/16";"Quarta";"07:30:00";"GO";153;"442,4";"ANAPOLIS";"Ultrapassagem indevida";"Queda de motocicleta / bicicleta / veículo";"Com Vítimas Fatais";"Pleno dia";"Crescente";"Ceu Claro";"Dupla";"Reta";"Urbano";1;1;0;0;0;0;0;1
83456077;"13/04/16";"Quarta";"15:00:00";"MG";381;"676,5";"PERDOES";"Outras";"Colisão traseira";"Com Vítimas Feridas";"Pleno dia";"Decrescente";"Sol";"Dupla";"Reta";"Urbano";2;0;1;0;1;0;1;2
83456078;"13/04/16";"Quarta";"16:35:00";"PI";316;"11";"TERESINA";"Velocidade incompatível";"Tombamento";"Com Vítimas Feridas";"Pleno dia";"Decrescente";"Sol";"Simples";"Curva";"Urbano";1;0;1;0;0;0;1;1
83456079;"11/04/16";"Segunda";"22:00:00";"MT";163;"539";"DIAMANTINO";"Outras";"Saída de Pista";"Ignorado";"Plena noite";"Decrescente";"Chuva";"Simples";"Reta";"Rural";1;0;0;0;0;1;0;1
83456080;"11/04/16";"Segunda";"16:00:00";"RO";364;"114,5";"PIMENTA BUENO";"Defeito mecânico em veículo";"Tombamento";"Sem Vítimas";"Pleno dia";"Crescente";"Ceu Claro";"Simples";"Reta";"Rural";1;0;0;0;1;0;0;1
83456081;"13/04/16";"Quarta";"12:40:00";"PE";232;"5";"RECIFE";"Defeito mecânico em veículo";"Colisão lateral";"Sem Vítimas";"Pleno dia";"Crescente";"Ceu Claro";"Dupla";"Reta";"Urbano";2;0;0;0;2;0;0;2
83456082;"13/04/16";"Quarta";"07:40:00";"SP";116;"229";"SAO PAULO";"Não guardar distância de segurança";"Colisão lateral";"Com Vítimas Feridas";"Pleno dia";"Crescente";"Ceu Claro";"Dupla";"Reta";"Urbano";2;0;0;1;1;0;1;2
83456083;"13/04/16";"Quarta";"13:30:00";"PA";316;"6";"ANANINDEUA";"Não guardar distância de segurança";"Colisão traseira";"Com Vítimas Feridas";"Pleno dia";"Decrescente";"Nublado";"Dupla";"Reta";"Urbano";2;0;1;0;1;0;1;2
83456084;"13/04/16";"Quarta";"16:15:00";"RS";290;"15,1";"SANTO ANTONIO DA PATRULHA";"Defeito mecânico em veículo";"Saída de Pista";"Sem Vítimas";"Pleno dia";"Decrescente";"Chuva";"Dupla";"Curva";"Rural";1;0;0;0;1;0;0;1
83456085;"13/04/16";"Quarta";"08:45:00";"MG";40;"143,6";"JOAO PINHEIRO";"Desobediência à sinalização";"Colisão com bicicleta";"Com Vítimas Feridas";"Pleno dia";"Crescente";"Ceu Claro";"Simples";"Reta";"Urbano";2;0;1;0;0;1;1;2
83456086;"13/04/16";"Quarta";"12:39:00";"MT";70;"4,9";"BARRA DO GARCAS";"Velocidade incompatível";"Tombamento";"Com Vítimas Feridas";"Pleno dia";"Decrescente";"Ceu Claro";"Dupla";"Reta";"Urbano";1;0;1;0;0;0;1;1
83456087;"13/04/16";"Quarta";"14:30:00";"MT";174;"254";"VALE DE SAO DOMINGOS";"Outras";"Saída de Pista";"Com Vítimas Feridas";"Pleno dia";"Crescente";"Chuva";"Simples";"Reta";"Rural";3;0;1;0;2;0;1;1
83456088;"11/04/16";"Segunda";"23:40:00";"GO";414;"434";"ANAPOLIS";"Outras";"Colisão com objeto fixo";"Com Vítimas Feridas";"Plena noite";"Decrescente";"Ceu Claro";"Simples";"Reta";"Rural";1;0;0;1;0;0;1;1
83456089;"13/04/16";"Quarta";"15:10:00";"GO";153;"510,3";"APARECIDA DE GOIANIA";"Outras";"Colisão lateral";"Sem Vítimas";"Pleno dia";"Crescente";"Ceu Claro";"Dupla";"Curva";"Urbano";4;0;0;0;4;0;0;2
83456090;"01/04/16";"Sexta";"22:45:00";"RO";319;"61,5";"PORTO VELHO";"Ingestão de álcool";"Colisão com objeto fixo";"Ignorado";"Plena noite";"Crescente";"Chuva";"Múltipla";"Reta";"Urbano";1;0;0;0;0;1;0;1
83456091;"13/04/16";"Quarta";"16:00:00";"PE";101;"66";"RECIFE";"Falta de atenção";"Colisão lateral";"Sem Vítimas";"Pleno dia";"Decrescente";"Nublado";"Dupla";"Reta";"Urbano";2;0;0;0;2;0;0;2
83456092;"09/01/16";"Sábado";"21:20:00";"MG";135;"370";"MONTES CLAROS";"Falta de atenção";"Queda de motocicleta / bicicleta / veículo";"Com Vítimas Feridas";"Plena noite";"Decrescente";"Ceu Claro";"Dupla";"Cruzamento";"Urbano";2;0;0;2;0;0;2;1
83456093;"13/04/16";"Quarta";"16:45:00";"SC";101;"139";"BALNEARIO CAMBORIU";"Falta de atenção";"Colisão traseira";"Com Vítimas Feridas";"Pleno dia";"Crescente";"Nublado";"Simples";"Curva";"Rural";4;0;2;0;2;0;2;3
83456094;"13/04/16";"Quarta";"12:10:00";"ES";101;"269";"SERRA";"Outras";"Colisão com objeto móvel";"Com Vítimas Feridas";"Pleno dia";"Decrescente";"Ceu Claro";"Múltipla";"Reta";"Urbano";3;0;1;0;0;2;1;2
83456095;"10/04/16";"Domingo";"01:15:00";"MG";40;"549";"NOVA LIMA";"Não guardar distância de segurança";"Colisão traseira";"Com Vítimas Feridas";"Plena noite";"Crescente";"Nublado";"Dupla";"Reta";"Urbano";3;0;1;0;2;0;1;3
83456096;"12/04/16";"Terça";"06:00:00";"MS";158;"44";"PARANAIBA";"Outras";"Saída de Pista";"Com Vítimas Feridas";"Amanhecer";"Decrescente";"Ceu Claro";"Simples";"Reta";"Rural";1;0;1;0;0;0;1;1
83456097;"13/04/16";"Quarta";"12:00:00";"CE";20;"377,8";"CAUCAIA";"Desobediência à sinalização";"Colisão Transversal";"Com Vítimas Fatais";"Pleno dia";"Crescente";"Ceu Claro";"Simples";"Reta";"Rural";2;1;0;0;1;0;0;2
83456098;"13/04/16";"Quarta";"17:20:00";"SC";470;"141,1";"RIO DO SUL";"Falta de atenção";"Colisão lateral";"Sem Vítimas";"Pleno dia";"Decrescente";"Ceu Claro";"Simples";"Reta";"Urbano";2;0;0;0;2;0;0;2
83456099;"13/04/16";"Quarta";"15:40:00";"GO";153;"500,5";"GOIANIA";"Falta de atenção";"Colisão traseira";"Sem Vítimas";"Pleno dia";"Decrescente";"Ceu Claro";"Dupla";"Curva";"Urbano";3;0;0;0;3;0;0;3
83456100;"13/04/16";"Quarta";"08:50:00";"PA";230;"108";"SAO JOAO DO ARAGUAIA";"Não guardar distância de segurança";"Colisão traseira";"Com Vítimas Feridas";"Pleno dia";"Crescente";"Ceu Claro";"Simples";"Reta";"Rural";2;0;2;0;0;0;2;2
83456101;"05/04/16";"Terça";"15:30:00";"RJ";116;"71";"TERESOPOLIS";"Outras";"Colisão com objeto fixo";"Sem Vítimas";"Pleno dia";"Crescente";"Ceu Claro";"Simples";"Reta";"Urbano";1;0;0;0;1;0;0;1
83456102;"13/04/16";"Quarta";"17:10:00";"RS";293;"0,4";"PELOTAS";"Falta de atenção";"Colisão Transversal";"Com Vítimas Feridas";"Pleno dia";"Crescente";"Nublado";"Simples";"Reta";"Urbano";2;0;1;0;1;0;1;2
83456103;"13/04/16";"Quarta";"08:30:00";"RS";392;"67,3";"PELOTAS";"Desobediência à sinalização";"Colisão Transversal";"Sem Vítimas";"Pleno dia";"Crescente";"Chuva";"Simples";"Reta";"Urbano";2;0;0;0;2;0;0;2
83456104;"08/04/16";"Sexta";"15:00:00";"SP";116;"482";"JACUPIRANGA";"Falta de atenção";"Colisão com objeto móvel";"Sem Vítimas";"Pleno dia";"Crescente";"Ceu Claro";"Dupla";"Reta";"Rural";3;0;0;0;3;0;0;3
83456105;"13/04/16";"Quarta";"14:00:00";"SC";116;"247,8";"LAGES";"Falta de atenção";"Colisão lateral";"Com Vítimas Feridas";"Pleno dia";"Crescente";"Chuva";"Simples";"Cruzamento";"Urbano";3;0;2;0;1;0;2;2
83456106;"13/04/16";"Quarta";"16:00:00";"MG";267;"350,3";"CAMBUQUIRA";"Animais na Pista";"Atropelamento de animal";"Sem Vítimas";"Pleno dia";"Crescente";"Ceu Claro";"Simples";"Curva";"Rural";2;0;0;0;2;0;0;1
83456107;"13/04/16";"Quarta";"17:45:00";"SC";101;"45,5";"JOINVILLE";"Outras";"Capotamento";"Com Vítimas Feridas";"Anoitecer";"Crescente";"Ceu Claro";"Dupla";"Reta";"Urbano";3;0;1;0;2;0;1;2
83456108;"13/04/16";"Quarta";"09:30:00";"AC";364;"41";"RIO BRANCO";"Falta de atenção";"Colisão lateral";"Com Vítimas Feridas";"Pleno dia";"Crescente";"Nublado";"Dupla";"Reta";"Rural";3;0;1;0;2;0;1;2
83456109;"13/04/16";"Quarta";"18:00:00";"RS";116;"233";"NOVO HAMBURGO";"Não guardar distância de segurança";"Colisão traseira";"Sem Vítimas";"Anoitecer";"Decrescente";"Chuva";"Simples";"Reta";"Urbano";4;0;0;0;4;0;0;4
83456110;"13/04/16";"Quarta";"15:30:00";"BA";116;"259";"EUCLIDES DA CUNHA";"Defeito mecânico em veículo";"Tombamento";"Com Vítimas Feridas";"Pleno dia";"Crescente";"Ceu Claro";"Simples";"Reta";"Rural";1;0;1;0;0;0;1;1
83456111;"13/04/16";"Quarta";"14:30:00";"RO";364;"257,9";"CACOAL";"Falta de atenção";"Saída de Pista";"Sem Vítimas";"Pleno dia";"Decrescente";"Ceu Claro";"Simples";"Curva";"Rural";1;0;0;0;1;0;0;1
83456112;"13/04/16";"Quarta";"17:00:00";"RJ";116;"301,4";"RESENDE";"Animais na Pista";"Colisão frontal";"Com Vítimas Feridas";"Pleno dia";"Decrescente";"Ceu Claro";"Dupla";"Reta";"Urbano";3;0;1;0;2;0;1;3
83456113;"09/04/16";"Sábado";"20:50:00";"PB";361;"85,7";"PIANCO";"Animais na Pista";"Atropelamento de animal";"Com Vítimas Feridas";"Anoitecer";"Crescente";"Ceu Claro";"Simples";"Curva";"Rural";2;0;0;1;0;1;1;2
83456114;"12/04/16";"Terça";"06:10:00";"PE";232;"330,1";"CUSTODIA";"Dormindo";"Capotamento";"Com Vítimas Feridas";"Pleno dia";"Decrescente";"Ceu Claro";"Simples";"Reta";"Urbano";4;0;2;0;1;1;2;2
83456115;"13/04/16";"Quarta";"14:40:00";"SC";282;"526,5";"CORDILHEIRA ALTA";"Não guardar distância de segurança";"Colisão lateral";"Com Vítimas Feridas";"Pleno dia";"Crescente";"Ceu Claro";"Simples";"Reta";"Urbano";3;0;0;1;2;0;1;3
83456116;"13/04/16";"Quarta";"17:30:00";"RS";392;"241,6";"CACAPAVA DO SUL";"Velocidade incompatível";"Saída de Pista";"Sem Vítimas";"Pleno dia";"Crescente";"Chuva";"Simples";"Curva";"Rural";1;0;0;0;1;0;0;1
83456117;"13/04/16";"Quarta";"16:20:00";"SC";282;"641,9";"SAO MIGUEL DOESTE";"Falta de atenção";"Capotamento";"Com Vítimas Feridas";"Pleno dia";"Crescente";"Chuva";"Simples";"Curva";"Rural";2;0;1;0;1;0;1;1
83456118;"05/04/16";"Terça";"18:20:00";"MG";116;"413,8";"GOVERNADOR VALADARES";"Falta de atenção";"Colisão Transversal";"Com Vítimas Feridas";"Plena noite";"Decrescente";"Ceu Claro";"Simples";"Reta";"Urbano";2;0;2;0;0;0;2;2
83456119;"13/04/16";"Quarta";"01:00:00";"BA";101;"704,4";"EUNAPOLIS";"Velocidade incompatível";"Tombamento";"Com Vítimas Feridas";"Plena noite";"Decrescente";"Ceu Claro";"Simples";"Curva";"Rural";1;0;1;0;0;0;1;1
83456120;"09/04/16";"Sábado";"19:40:00";"ES";262;"155";"IBATIBA";"Falta de atenção";"Colisão Transversal";"Com Vítimas Feridas";"Plena noite";"Decrescente";"Ceu Claro";"Simples";"Reta";"Rural";2;0;1;0;1;0;1;2
83456121;"13/04/16";"Quarta";"19:00:00";"SC";101;"413,5";"ARARANGUA";"Falta de atenção";"Colisão Transversal";"Com Vítimas Feridas";"Plena noite";"Crescente";"Nublado";"Simples";"Reta";"Urbano";2;0;0;1;1;0;1;2
83456122;"13/04/16";"Quarta";"18:15:00";"SP";116;"124,9";"CACAPAVA";"Outras";"Queda de motocicleta / bicicleta / veículo";"Com Vítimas Feridas";"Plena noite";"Crescente";"Ceu Claro";"Dupla";"Reta";"Rural";1;0;1;0;0;0;1;1
83456123;"13/04/16";"Quarta";"18:35:00";"SC";101;"209,7";"SAO JOSE";"Não guardar distância de segurança";"Colisão lateral";"Com Vítimas Feridas";"Plena noite";"Decrescente";"Nublado";"Dupla";"Reta";"Urbano";2;0;1;0;1;0;1;2
83456124;"13/04/16";"Quarta";"17:40:00";"RS";116;"172,5";"CAXIAS DO SUL";"Velocidade incompatível";"Saída de Pista";"Sem Vítimas";"Pleno dia";"Decrescente";"Chuva";"Simples";"Curva";"Rural";1;0;0;0;1;0;0;1
83456125;"13/04/16";"Quarta";"17:20:00";"BA";324;"517,9";"FEIRA DE SANTANA";"Desobediência à sinalização";"Colisão Transversal";"Com Vítimas Feridas";"Anoitecer";"Crescente";"Ceu Claro";"Dupla";"Reta";"Urbano";2;0;0;1;0;1;1;2
83456126;"08/04/16";"Sexta";"07:40:00";"SP";116;"155,3";"SAO JOSE DOS CAMPOS";"Falta de atenção";"Colisão traseira";"Sem Vítimas";"Pleno dia";"Decrescente";"Ceu Claro";"Simples";"Reta";"Urbano";2;0;0;0;2;0;0;2
83456127;"13/04/16";"Quarta";"08:00:00";"AL";101;"46";"JOAQUIM GOMES";"Não guardar distância de segurança";"Saída de Pista";"Sem Vítimas";"Pleno dia";"Decrescente";"Nublado";"Simples";"Reta";"Rural";1;0;0;0;1;0;0;1
83456128;"13/04/16";"Quarta";"10:20:00";"MT";158;"729,5";"BARRA DO GARCAS";"Falta de atenção";"Colisão lateral";"Sem Vítimas";"Pleno dia";"Crescente";"Sol";"Simples";"Curva";"Rural";2;0;0;0;2;0;0;2
83456129;"13/04/16";"Quarta";"12:17:00";"PR";277;"729,3";"FOZ DO IGUACU";"Falta de atenção";"Colisão traseira";"Sem Vítimas";"Pleno dia";"Crescente";"Ceu Claro";"Dupla";"Reta";"Urbano";2;0;0;0;2;0;0;2
83456130;"13/04/16";"Quarta";"18:05:00";"RJ";101;"323";"NITEROI";"Outras";"Colisão traseira";"Sem Vítimas";"Plena noite";"Decrescente";"Ceu Claro";"Dupla";"Reta";"Urbano";3;0;0;0;3;0;0;3
83456131;"13/04/16";"Quarta";"11:40:00";"BA";101;"718";"EUNAPOLIS";"Falta de atenção";"Colisão lateral";"Com Vítimas Feridas";"Pleno dia";"Crescente";"Sol";"Simples";"Reta";"Urbano";2;0;1;0;1;0;1;2
83456133;"13/04/16";"Quarta";"19:00:00";"RS";290;"203";"RIO PARDO";"Falta de atenção";"Colisão lateral";"Sem Vítimas";"Plena noite";"Decrescente";"Chuva";"Simples";"Reta";"Rural";2;0;0;0;2;0;0;2
83456134;"13/04/16";"Quarta";"16:00:00";"BA";116;"423";"FEIRA DE SANTANA";"Animais na Pista";"Queda de motocicleta / bicicleta / veículo";"Com Vítimas Feridas";"Pleno dia";"Decrescente";"Ceu Claro";"Simples";"Reta";"Urbano";1;0;0;1;0;0;1;1
83456135;"13/04/16";"Quarta";"14:45:00";"PR";277;"158";"PORTO AMAZONAS";"Falta de atenção";"Saída de Pista";"Sem Vítimas";"Pleno dia";"Crescente";"Ceu Claro";"Simples";"Reta";"Rural";1;0;0;0;1;0;0;1
83456136;"13/04/16";"Quarta";"18:20:00";"PR";376;"203";"MANDAGUARI";"Velocidade incompatível";"Capotamento";"Com Vítimas Feridas";"Anoitecer";"Crescente";"Ceu Claro";"Dupla";"Reta";"Rural";1;0;1;0;0;0;1;1
83456137;"13/04/16";"Quarta";"18:30:00";"AM";319;"13";"CAREIRO DA VARZEA";"Falta de atenção";"Colisão com objeto fixo";"Sem Vítimas";"Anoitecer";"Decrescente";"Nublado";"Simples";"Reta";"Rural";1;0;0;0;1;0;0;1
83456138;"13/04/16";"Quarta";"14:10:00";"MT";364;"589";"DIAMANTINO";"Falta de atenção";"Colisão com objeto fixo";"Com Vítimas Feridas";"Pleno dia";"Crescente";"Nublado";"Simples";"Reta";"Rural";2;0;1;0;1;0;1;2
83456139;"12/04/16";"Terça";"19:00:00";"RJ";356;"9";"ITAPERUNA";"Falta de atenção";"Colisão Transversal";"Com Vítimas Feridas";"Plena noite";"Decrescente";"Ceu Claro";"Simples";"Reta";"Rural";2;0;2;0;0;0;2;2
83456140;"13/04/16";"Quarta";"17:30:00";"PR";163;"52";"PRANCHITA";"Outras";"Saída de Pista";"Com Vítimas Feridas";"Pleno dia";"Crescente";"Ceu Claro";"Simples";"Reta";"Rural";1;0;1;0;0;0;1;1
83456141;"13/04/16";"Quarta";"09:30:00";"AC";364;"249,8";"SENA MADUREIRA";"Defeito mecânico em veículo";"Saída de Pista";"Sem Vítimas";"Pleno dia";"Crescente";"Ceu Claro";"Simples";"Reta";"Rural";1;0;0;0;1;0;0;1
83456142;"12/04/16";"Terça";"17:25:00";"SC";101;"328,4";"CAPIVARI DE BAIXO";"Falta de atenção";"Colisão traseira";"Com Vítimas Feridas";"Pleno dia";"Crescente";"Nublado";"Simples";"Cruzamento";"Urbano";2;0;1;0;1;0;1;2
83456143;"13/04/16";"Quarta";"20:40:00";"RS";101;"11,5";"DOM PEDRO DE ALCANTARA";"Outras";"Colisão com objeto fixo";"Sem Vítimas";"Plena noite";"Decrescente";"Chuva";"Dupla";"Reta";"Rural";2;0;0;0;2;0;0;2
83456144;"21/03/16";"Segunda";"06:40:00";"SC";116;"8,2";"MAFRA";"Não guardar distância de segurança";"Colisão lateral";"Sem Vítimas";"Amanhecer";"Crescente";"Ceu Claro";"Dupla";"Reta";"Urbano";2;0;0;0;2;0;0;2
83456145;"13/04/16";"Quarta";"17:30:00";"CE";222;"8";"CAUCAIA";"Animais na Pista";"Queda de motocicleta / bicicleta / veículo";"Com Vítimas Feridas";"Anoitecer";"Decrescente";"Ceu Claro";"Dupla";"Reta";"Urbano";1;0;0;1;0;0;1;1
83456146;"13/04/16";"Quarta";"19:35:00";"RS";293;"304,9";"SANTANA DO LIVRAMENTO";"Animais na Pista";"Atropelamento de animal";"Com Vítimas Feridas";"Plena noite";"Crescente";"Nublado";"Simples";"Reta";"Rural";3;0;3;0;0;0;3;1
83456147;"13/04/16";"Quarta";"19:24:00";"AP";210;"14";"MACAPA";"Falta de atenção";"Colisão com bicicleta";"Com Vítimas Feridas";"Plena noite";"Decrescente";"Ignorada";"Simples";"Reta";"Rural";3;0;1;1;0;1;2;2
83456148;"13/04/16";"Quarta";"20:40:00";"PE";101;"32,5";"ITAPISSUMA";"Outras";"Saída de Pista";"Com Vítimas Feridas";"Plena noite";"Crescente";"Chuva";"Dupla";"Reta";"Rural";2;0;0;1;1;0;1;1
83456149;"10/04/16";"Domingo";"05:37:00";"SP";116;"98,8";"PINDAMONHANGABA";"Defeito mecânico em veículo";"Colisão frontal";"Com Vítimas Feridas";"Amanhecer";"Decrescente";"Ceu Claro";"Simples";"Curva";"Rural";2;0;2;0;0;0;2;2
83456150;"13/04/16";"Quarta";"18:10:00";"RN";110;"49,7";"MOSSORO";"Falta de atenção";"Queda de motocicleta / bicicleta / veículo";"Com Vítimas Feridas";"Plena noite";"Decrescente";"Ceu Claro";"Dupla";"Reta";"Urbano";2;0;2;0;0;0;2;1
83456151;"13/04/16";"Quarta";"18:20:00";"ES";101;"335";"GUARAPARI";"Velocidade incompatível";"Tombamento";"Sem Vítimas";"Anoitecer";"Decrescente";"Ceu Claro";"Simples";"Cruzamento";"Rural";1;0;0;0;1;0;0;1
83456152;"13/04/16";"Quarta";"11:00:00";"MT";70;"186";"GENERAL CARNEIRO";"Outras";"Saída de Pista";"Com Vítimas Feridas";"Pleno dia";"Decrescente";"Ceu Claro";"Simples";"Reta";"Rural";1;0;1;0;0;0;1;1
83456153;"13/04/16";"Quarta";"20:30:00";"RS";116;"252,6";"SAPUCAIA DO SUL";"Velocidade incompatível";"Capotamento";"Sem Vítimas";"Plena noite";"Crescente";"Chuva";"Múltipla";"Reta";"Urbano";1;0;0;0;1;0;0;1
83456154;"21/02/16";"Domingo";"19:50:00";"PE";101;"53,9";"PAULISTA";"Outras";"Capotamento";"Com Vítimas Fatais";"Plena noite";"Crescente";"Nublado";"Dupla";"Reta";"Urbano";5;2;2;1;0;0;3;1
83456155;"13/04/16";"Quarta";"07:40:00";"BA";324;"387";"GAVIAO";"Ultrapassagem indevida";"Colisão Transversal";"Sem Vítimas";"Pleno dia";"Crescente";"Ceu Claro";"Simples";"Reta";"Rural";6;0;0;0;6;0;0;2
83456156;"13/04/16";"Quarta";"19:30:00";"ES";101;"67,3";"SAO MATEUS";"Falta de atenção";"Colisão traseira";"Com Vítimas Feridas";"Plena noite";"Crescente";"Nublado";"Simples";"Reta";"Urbano";2;0;0;1;1;0;1;2
83456157;"13/04/16";"Quarta";"18:50:00";"PR";376;"620";"SAO JOSE DOS PINHAIS";"Falta de atenção";"Colisão frontal";"Com Vítimas Feridas";"Plena noite";"Crescente";"Nublado";"Dupla";"Cruzamento";"Urbano";3;0;0;1;2;0;1;2
83456158;"13/04/16";"Quarta";"19:30:00";"SP";116;"510";"CAJATI";"Falta de atenção";"Colisão com objeto fixo";"Sem Vítimas";"Plena noite";"Crescente";"Nublado";"Simples";"Reta";"Rural";1;0;0;0;1;0;0;1
83456159;"12/04/16";"Terça";"16:00:00";"PR";476;"78";"BOCAIUVA DO SUL";"Falta de atenção";"Saída de Pista";"Com Vítimas Feridas";"Pleno dia";"Decrescente";"Sol";"Simples";"Curva";"Urbano";1;0;1;0;0;0;1;1
83456160;"13/04/16";"Quarta";"19:30:00";"SC";280;"52,3";"GUARAMIRIM";"Falta de atenção";"Colisão Transversal";"Com Vítimas Feridas";"Plena noite";"Crescente";"Chuva";"Simples";"Cruzamento";"Urbano";3;0;1;1;1;0;2;2
83456161;"13/04/16";"Quarta";"00:45:00";"GO";153;"618,2";"MORRINHOS";"Falta de atenção";"Saída de Pista";"Sem Vítimas";"Plena noite";"Crescente";"Ceu Claro";"Dupla";"Curva";"Rural";1;0;0;0;1;0;0;1
83456165;"11/04/16";"Segunda";"13:30:00";"PA";222;"200";"BOM JESUS DO TOCANTINS";"Dormindo";"Tombamento";"Com Vítimas Feridas";"Pleno dia";"Crescente";"Ceu Claro";"Simples";"Reta";"Rural";1;0;1;0;0;0;1;1
83456166;"09/02/16";"Terça";"11:00:00";"PR";277;"135";"BALSA NOVA";"Não guardar distância de segurança";"Colisão traseira";"Ignorado";"Pleno dia";"Crescente";"Ceu Claro";"Dupla";"Reta";"Rural";3;0;0;0;0;3;0;3
83456167;"14/04/16";"Quinta";"02:35:00";"AL";101;"167,4";"TEOTONIO VILELA";"Outras";"Saída de Pista";"Sem Vítimas";"Plena noite";"Decrescente";"Chuva";"Simples";"Curva";"Rural";1;0;0;0;1;0;0;1
83456168;"13/04/16";"Quarta";"08:20:00";"RJ";101;"68";"CAMPOS DOS GOYTACAZES";"Ultrapassagem indevida";"Colisão frontal";"Com Vítimas Fatais";"Amanhecer";"Crescente";"Ceu Claro";"Simples";"Reta";"Rural";4;1;2;0;1;0;2;3
83456169;"11/04/16";"Segunda";"01:20:00";"SC";101;"165";"TIJUCAS";"Velocidade incompatível";"Saída de Pista";"Sem Vítimas";"Plena noite";"Crescente";"Chuva";"Dupla";"Reta";"Rural";1;0;0;0;1;0;0;1
83456170;"10/04/16";"Domingo";"11:50:00";"RN";226;"44,1";"BOM JESUS";"Outras";"Colisão frontal";"Com Vítimas Fatais";"Pleno dia";"Decrescente";"Chuva";"Simples";"Curva";"Rural";7;2;0;5;0;0;5;2