"id";"data_inversa";"dia_semana";"horario";"uf";"br";"km";"municipio";"causa_acidente";"tipo_acidente";"classificacao_acidente";"fase_dia";"sentido_via";"condicao_metereologica";"tipo_pista";"tracado_via";"uso_solo";"pessoas";"mortos";"feridos_leves";"feridos_graves";"ilesos";"ignorados";"feridos";"veiculos"
83456171;"10/04/16";"Domingo";"06:40:00";"PA";316;"35";"SANTA ISABEL DO PARA";"Dormindo";"Saída de Pista";"Com Vítimas Feridas";"Amanhecer";"Decrescente";"Ceu Claro";"Dupla";"Reta";"Rural";1;0;1;0;0;0;1;1
83456172;"14/04/16";"Quinta";"06:00:00";"RS";386;"290,9";"POUSO NOVO";"Velocidade incompatível";"Saída de Pista";"Ignorado";"Plena noite";"Decrescente";"Nublado";"Simples";"Curva";"Rural";1;0;0;0;0;1;0;1
83456173;"14/04/16";"Quinta";"00:30:00";"MT";163;"526";"DIAMANTINO";"Não guardar distância de segurança";"Saída de Pista";"Com Vítimas Feridas";"Plena noite";"Crescente";"Chuva";"Simples";"Curva";"Rural";1;0;1;0;0;0;1;1
83456174;"13/04/16";"Quarta";"11:50:00";"SP";381;"90";"GUARULHOS";"Falta de atenção";"Colisão traseira";"Sem Vítimas";"Pleno dia";"Crescente";"Ceu Claro";"Dupla";"Reta";"Urbano";2;0;0;0;2;0;0;2
83456175;"14/04/16";"Quinta";"07:30:00";"SC";101;"213,1";"PALHOCA";"Falta de atenção";"Colisão lateral";"Com Vítimas Feridas";"Pleno dia";"Decrescente";"Chuva";"Dupla";"Reta";"Urbano";2;0;1;0;1;0;1;2
83456176;"14/04/16";"Quinta";"00:10:00";"AL";316;"82,9";"SANTANA DO IPANEMA";"Dormindo";"Queda de motocicleta / bicicleta / veículo";"Com Vítimas Feridas";"Plena noite";"Decrescente";"Nublado";"Simples";"Reta";"Urbano";1;0;0;1;0;0;1;1
83456177;"12/03/16";"Sábado";"15:00:00";"GO";60;"50";"ABADIANIA";"Outras";"Saída de Pista";"Com Vítimas Feridas";"Pleno dia";"Crescente";"Chuva";"Dupla";"Reta";"Urbano";2;0;2;0;0;0;2;1
83456178;"27/02/16";"Sábado";"04:30:00";"BA";101;"670";"EUNAPOLIS";"Ingestão de álcool";"Capotamento";"Com Vítimas Feridas";"Plena noite";"Crescente";"Ceu Claro";"Simples";"Reta";"Rural";3;0;2;0;1;0;2;1
83456179;"10/04/16";"Domingo";"10:40:00";"ES";393;"9,9";"CACHOEIRO DE ITAPEMIRIM";"Outras";"Queda de motocicleta / bicicleta / veículo";"Com Vítimas Fatais";"Pleno dia";"Decrescente";"Sol";"Simples";"Curva";"Rural";5;1;0;0;3;1;0;3
83456180;"09/04/16";"Sábado";"20:30:00";"RJ";116;"122";"MAGE";"Falta de atenção";"Colisão traseira";"Com Vítimas Feridas";"Plena noite";"Decrescente";"Ceu Claro";"Dupla";"Reta";"Rural";2;0;2;0;0;0;2;2
83456181;"13/04/16";"Quarta";"20:30:00";"SP";116;"125";"CACAPAVA";"Outras";"Capotamento";"Ignorado";"Plena noite";"Decrescente";"Ceu Claro";"Dupla";"Reta";"Rural";1;0;0;0;0;1;0;1
83456182;"05/04/16";"Terça";"23:30:00";"RJ";116;"319";"ITATIAIA";"Outras";"Colisão traseira";"Com Vítimas Feridas";"Plena noite";"Crescente";"Nublado";"Dupla";"Reta";"Rural";2;0;0;1;1;0;1;2
83456183;"13/04/16";"Quarta";"20:00:00";"RJ";354;"16";"RESENDE";"Outras";"Capotamento";"Com Vítimas Feridas";"Plena noite";"Decrescente";"Ceu Claro";"Simples";"Curva";"Rural";2;0;2;0;0;0;2;1
83456185;"10/04/16";"Domingo";"19:00:00";"MA";135;"51";"BACABEIRA";"Defeito na via";"Colisão traseira";"Com Vítimas Feridas";"Plena noite";"Crescente";"Nublado";"Simples";"Reta";"Rural";3;0;1;0;2;0;1;3
83456186;"07/04/16";"Quinta";"18:50:00";"MT";364;"280";"JACIARA";"Falta de atenção";"Colisão Transversal";"Com Vítimas Feridas";"Plena noite";"Decrescente";"Ignorada";"Simples";"Reta";"Rural";2;0;1;0;1;0;1;2
83456187;"11/04/16";"Segunda";"11:40:00";"PE";423;"94";"GARANHUNS";"Outras";"Colisão Transversal";"Com Vítimas Feridas";"Pleno dia";"Crescente";"Sol";"Simples";"Reta";"Urbano";2;0;1;0;1;0;1;2
83456188;"13/04/16";"Quarta";"19:45:00";"SC";470;"264";"CURITIBANOS";"Falta de atenção";"Tombamento";"Sem Vítimas";"Plena noite";"Crescente";"Chuva";"Simples";"Reta";"Rural";1;0;0;0;1;0;0;1
83456189;"10/03/16";"Quinta";"15:25:00";"SC";282;"46";"AGUAS MORNAS";"Não guardar distância de segurança";"Colisão frontal";"Com Vítimas Feridas";"Pleno dia";"Decrescente";"Chuva";"Simples";"Curva";"Urbano";4;0;3;1;0;0;4;2
83456190;"14/04/16";"Quinta";"06:15:00";"RS";116;"267";"CANOAS";"Outras";"Colisão traseira";"Sem Vítimas";"Anoitecer";"Decrescente";"Nublado";"Múltipla";"Reta";"Urbano";3;0;0;0;3;0;0;3
83456192;"14/04/16";"Quinta";"08:34:00";"PR";277;"130";"BALSA NOVA";"Outras";"Colisão com objeto fixo";"Com Vítimas Feridas";"Amanhecer";"Crescente";"Nublado";"Simples";"Reta";"Rural";2;0;2;0;0;0;2;1
83456193;"14/04/16";"Quinta";"07:10:00";"SC";101;"135";"BALNEARIO CAMBORIU";"Desobediência à sinalização";"Colisão traseira";"Com Vítimas Feridas";"Pleno dia";"Decrescente";"Chuva";"Simples";"Reta";"Urbano";2;0;1;0;1;0;1;2
83456194;"14/04/16";"Quinta";"05:45:00";"PR";163;"187,5";"SANTA TEREZA DO OESTE";"Falta de atenção";"Colisão lateral";"Com Vítimas Feridas";"Amanhecer";"Decrescente";"Ceu Claro";"Simples";"Curva";"Rural";31;0;14;0;17;0;14;2
83456195;"08/04/16";"Sexta";"20:00:00";"SC";282;"45,7";"AGUAS MORNAS";"Outras";"Tombamento";"Com Vítimas Feridas";"Plena noite";"Decrescente";"Nublado";"Simples";"Curva";"Rural";1;0;1;0;0;0;1;1
83456196;"10/04/16";"Domingo";"11:00:00";"SC";470;"191,2";"POUSO REDONDO";"Defeito mecânico em veículo";"Derramamento de Carga";"Sem Vítimas";"Plena noite";"Crescente";"Chuva";"Simples";"Curva";"Rural";1;0;0;0;1;0;0;1
83456197;"14/04/16";"Quinta";"06:45:00";"RS";116;"267";"CANOAS";"Outras";"Colisão lateral";"Sem Vítimas";"Pleno dia";"Crescente";"Ceu Claro";"Simples";"Reta";"Urbano";2;0;0;0;2;0;0;2
83456198;"14/04/16";"Quinta";"05:15:00";"MS";163;"609,6";"SAO GABRIEL DO OESTE";"Defeito mecânico em veículo";"Capotamento";"Com Vítimas Feridas";"Amanhecer";"Crescente";"Ceu Claro";"Simples";"Reta";"Rural";4;0;1;1;2;0;2;1
83456199;"14/04/16";"Quinta";"07:00:00";"SP";116;"222";"GUARULHOS";"Falta de atenção";"Colisão lateral";"Com Vítimas Feridas";"Pleno dia";"Crescente";"Ceu Claro";"Múltipla";"Reta";"Urbano";2;0;1;0;1;0;1;2
83456200;"10/04/16";"Domingo";"15:30:00";"ES";259;"55";"COLATINA";"Outras";"Colisão lateral";"Com Vítimas Feridas";"Pleno dia";"Decrescente";"Ceu Claro";"Simples";"Reta";"Rural";5;0;5;0;0;0;5;2
83456201;"11/04/16";"Segunda";"00:15:00";"GO";60;"129";"GOIANAPOLIS";"Ingestão de álcool";"Colisão traseira";"Sem Vítimas";"Plena noite";"Decrescente";"Ceu Claro";"Dupla";"Reta";"Urbano";5;0;0;0;5;0;0;2
83456203;"31/03/16";"Quinta";"09:20:00";"BA";116;"587";"NOVA ITARANA";"Outras";"Saída de Pista";"Sem Vítimas";"Pleno dia";"Decrescente";"Ceu Claro";"Simples";"Curva";"Rural";1;0;0;0;1;0;0;1
83456205;"06/04/16";"Quarta";"18:37:00";"SP";116;"135,2";"SAO JOSE DOS CAMPOS";"Não guardar distância de segurança";"Colisão traseira";"Com Vítimas Feridas";"Pleno dia";"Decrescente";"Ceu Claro";"Dupla";"Reta";"Urbano";7;0;1;0;5;1;1;6
83456206;"14/04/16";"Quinta";"08:00:00";"RS";116;"253,6";"SAPUCAIA DO SUL";"Não guardar distância de segurança";"Colisão traseira";"Sem Vítimas";"Pleno dia";"Crescente";"Ceu Claro";"Dupla";"Reta";"Urbano";2;0;0;0;2;0;0;2
83456207;"10/04/16";"Domingo";"19:40:00";"MG";267;"262,8";"AIURUOCA";"Velocidade incompatível";"Tombamento";"Com Vítimas Feridas";"Plena noite";"Decrescente";"Ceu Claro";"Simples";"Curva";"Rural";1;0;0;1;0;0;1;1
83456208;"14/04/16";"Quinta";"02:40:00";"SP";116;"503";"CAJATI";"Outras";"Incêndio";"Sem Vítimas";"Plena noite";"Decrescente";"Ceu Claro";"Dupla";"Reta";"Rural";1;0;0;0;1;0;0;1
83456209;"11/04/16";"Segunda";"08:40:00";"RJ";40;"109";"DUQUE DE CAXIAS";"Não guardar distância de segurança";"Colisão traseira";"Com Vítimas Feridas";"Pleno dia";"Crescente";"Sol";"Múltipla";"Reta";"Urbano";5;0;2;0;3;0;2;3
83456210;"14/04/16";"Quinta";"07:10:00";"PE";232;"55,5";"POMBOS";"Não guardar distância de segurança";"Colisão Transversal";"Sem Vítimas";"Pleno dia";"Crescente";"Ignorada";"Dupla";"Curva";"Rural";2;0;0;0;2;0;0;2
83456211;"14/04/16";"Quinta";"06:30:00";"GO";153;"3,9";"PORANGATU";"Dormindo";"Colisão frontal";"Com Vítimas Feridas";"Amanhecer";"Decrescente";"Ceu Claro";"Simples";"Reta";"Rural";2;0;1;1;0;0;2;2
83456212;"14/04/16";"Quinta";"07:50:00";"BA";116;"595,3";"IRAJUBA";"Ultrapassagem indevida";"Tombamento";"Sem Vítimas";"Pleno dia";"Decrescente";"Nublado";"Simples";"Reta";"Rural";1;0;0;0;1;0;0;1
83456213;"03/04/16";"Domingo";"00:22:00";"MG";381;"302";"ANTONIO DIAS";"Falta de atenção";"Tombamento";"Com Vítimas Feridas";"Plena noite";"Decrescente";"Nublado";"Simples";"Curva";"Rural";2;0;2;0;0;0;2;2
83456214;"11/04/16";"Segunda";"00:35:00";"PR";277;"7";"PARANAGUA";"Velocidade incompatível";"Capotamento";"Com Vítimas Feridas";"Plena noite";"Crescente";"Chuva";"Dupla";"Reta";"Rural";2;0;1;1;0;0;2;1
83456215;"13/04/16";"Quarta";"19:10:00";"MT";70;"726,1";"CACERES";"Outras";"Colisão com bicicleta";"Com Vítimas Feridas";"Plena noite";"Crescente";"Chuva";"Simples";"Reta";"Rural";3;0;2;0;0;1;2;2
83456217;"10/04/16";"Domingo";"19:00:00";"RJ";116;"185";"NOVA IGUACU";"Falta de atenção";"Colisão traseira";"Com Vítimas Feridas";"Anoitecer";"Crescente";"Ceu Claro";"Dupla";"Curva";"Urbano";4;0;2;0;2;0;2;2
83456218;"02/04/16";"Sábado";"16:30:00";"RJ";101;"412";"MANGARATIBA";"Ingestão de álcool";"Colisão com bicicleta";"Com Vítimas Feridas";"Pleno dia";"Crescente";"Ceu Claro";"Dupla";"Reta";"Urbano";2;0;1;0;1;0;1;2
83456219;"14/04/16";"Quinta";"07:50:00";"RO";364;"179,5";"PIMENTA BUENO";"Defeito na via";"Saída de Pista";"Sem Vítimas";"Pleno dia";"Decrescente";"Chuva";"Simples";"Reta";"Rural";2;0;0;0;2;0;0;1
83456220;"13/04/16";"Quarta";"19:00:00";"MG";365;"408";"PATOS DE MINAS";"Falta de atenção";"Colisão Transversal";"Com Vítimas Feridas";"Anoitecer";"Crescente";"Ceu Claro";"Simples";"Reta";"Urbano";2;0;0;1;1;0;1;2
83456221;"14/04/16";"Quinta";"10:30:00";"PR";163;"87";"CAPANEMA";"Falta de atenção";"Colisão Transversal";"Com Vítimas Feridas";"Pleno dia";"Decrescente";"Sol";"Simples";"Reta";"Urbano";2;0;1;0;1;0;1;2
83456222;"12/04/16";"Terça";"15:50:00";"RR";174;"241";"CARACARAI";"Velocidade incompatível";"Colisão frontal";"Com Vítimas Feridas";"Pleno dia";"Crescente";"Ceu Claro";"Simples";"Reta";"Rural";4;0;3;1;0;0;4;2
83456223;"14/04/16";"Quinta";"10:38:00";"BA";101;"263";"SANTO ANTONIO DE JESUS";"Defeito mecânico em veículo";"Colisão traseira";"Sem Vítimas";"Pleno dia";"Crescente";"Sol";"Dupla";"Reta";"Urbano";3;0;0;0;3;0;0;3
83456224;"11/04/16";"Segunda";"05:20:00";"AL";416;"47,5";"IBATEGUARA";"Outras";"Colisão frontal";"Com Vítimas Fatais";"Amanhecer";"Crescente";"Ceu Claro";"Simples";"Curva";"Rural";2;1;0;0;1;0;0;2
83456225;"13/04/16";"Quarta";"21:30:00";"RS";290;"725,4";"URUGUAIANA";"Falta de atenção";"Colisão traseira";"Sem Vítimas";"Plena noite";"Crescente";"Nublado";"Simples";"Curva";"Rural";3;0;0;0;2;1;0;2
83456226;"14/04/16";"Quinta";"09:30:00";"CE";116;"54";"PACAJUS";"Outras";"Derramamento de Carga";"Sem Vítimas";"Pleno dia";"Crescente";"Ceu Claro";"Simples";"Curva";"Urbano";1;0;0;0;1;0;0;1
83456228;"11/04/16";"Segunda";"06:50:00";"SP";116;"217";"GUARULHOS";"Falta de atenção";"Colisão traseira";"Com Vítimas Feridas";"Pleno dia";"Crescente";"Sol";"Múltipla";"Reta";"Urbano";5;0;2;0;3;0;2;3
83456229;"14/04/16";"Quinta";"03:20:00";"PR";369;"152";"LONDRINA";"Velocidade incompatível";"Colisão traseira";"Com Vítimas Feridas";"Plena noite";"Decrescente";"Ceu Claro";"Dupla";"Reta";"Urbano";2;0;0;1;1;0;1;2
83456230;"14/04/16";"Quinta";"08:50:00";"PR";476;"131";"CURITIBA";"Falta de atenção";"Queda de motocicleta / bicicleta / veículo";"Com Vítimas Feridas";"Pleno dia";"Crescente";"Chuva";"Múltipla";"Reta";"Urbano";2;0;1;0;0;1;1;2
83456231;"14/04/16";"Quinta";"11:15:00";"RN";110;"48";"MOSSORO";"Outras";"Colisão Transversal";"Com Vítimas Feridas";"Pleno dia";"Crescente";"Ceu Claro";"Simples";"Reta";"Urbano";2;0;0;1;0;1;1;2
83456232;"14/04/16";"Quinta";"10:40:00";"MS";158;"91";"PARANAIBA";"Falta de atenção";"Saída de Pista";"Sem Vítimas";"Pleno dia";"Crescente";"Ceu Claro";"Simples";"Reta";"Urbano";3;0;0;0;3;0;0;1
83456233;"14/04/16";"Quinta";"10:20:00";"PR";476;"160";"ARAUCARIA";"Falta de atenção";"Colisão Transversal";"Com Vítimas Feridas";"Pleno dia";"Crescente";"Sol";"Simples";"Reta";"Rural";2;0;0;1;1;0;1;2
83456234;"14/04/16";"Quinta";"05:30:00";"MS";262;"482";"ANASTACIO";"Animais na Pista";"Atropelamento de animal";"Sem Vítimas";"Amanhecer";"Decrescente";"Ceu Claro";"Simples";"Reta";"Rural";1;0;0;0;1;0;0;1
83456235;"13/04/16";"Quarta";"20:00:00";"BA";418;"47";"CARAVELAS";"Outras";"Atropelamento de animal";"Sem Vítimas";"Plena noite";"Crescente";"Ceu Claro";"Simples";"Reta";"Rural";1;0;0;0;1;0;0;1
83456236;"14/04/16";"Quinta";"07:30:00";"AL";316;"254,3";"PILAR";"Não guardar distância de segurança";"Colisão traseira";"Sem Vítimas";"Pleno dia";"Crescente";"Chuva";"Simples";"Reta";"Rural";2;0;0;0;2;0;0;2
83456237;"10/04/16";"Domingo";"04:35:00";"SC";282;"46";"AGUAS MORNAS";"Velocidade incompatível";"Capotamento";"Com Vítimas Feridas";"Plena noite";"Decrescente";"Chuva";"Simples";"Curva";"Rural";2;0;2;0;0;0;2;1
83456238;"11/04/16";"Segunda";"01:40:00";"SC";101;"212,7";"PALHOCA";"Velocidade incompatível";"Saída de Pista";"Com Vítimas Feridas";"Plena noite";"Crescente";"Chuva";"Dupla";"Reta";"Urbano";1;0;1;0;0;0;1;1
83456239;"14/04/16";"Quinta";"11:00:00";"MG";40;"295,9";"TRES MARIAS";"Falta de atenção";"Colisão com objeto fixo";"Sem Vítimas";"Pleno dia";"Decrescente";"Ceu Claro";"Simples";"Reta";"Rural";1;0;0;0;1;0;0;1
83456240;"10/04/16";"Domingo";"23:50:00";"ES";101;"298,5";"VIANA";"Desobediência à sinalização";"Colisão Transversal";"Com Vítimas Feridas";"Plena noite";"Crescente";"Nublado";"Múltipla";"Cruzamento";"Urbano";2;0;1;0;1;0;1;2
83456241;"31/03/16";"Quinta";"21:05:00";"MG";381;"541";"ITATIAIUCU";"Velocidade incompatível";"Capotamento";"Com Vítimas Feridas";"Plena noite";"Decrescente";"Chuva";"Dupla";"Reta";"Rural";1;0;1;0;0;0;1;1
83456242;"10/04/16";"Domingo";"14:00:00";"MG";251;"410";"GRAO MOGOL";"Falta de atenção";"Colisão lateral";"Sem Vítimas";"Pleno dia";"Decrescente";"Ceu Claro";"Simples";"Reta";"Rural";3;0;0;0;3;0;0;2
83456243;"14/04/16";"Quinta";"05:10:00";"RN";304;"80,8";"ASSU";"Defeito mecânico em veículo";"Capotamento";"Com Vítimas Feridas";"Amanhecer";"Decrescente";"Sol";"Simples";"Reta";"Rural";2;0;1;0;1;0;1;1
83456245;"22/03/16";"Terça";"07:30:00";"RJ";40;"110";"DUQUE DE CAXIAS";"Não guardar distância de segurança";"Queda de motocicleta / bicicleta / veículo";"Com Vítimas Feridas";"Pleno dia";"Crescente";"Sol";"Múltipla";"Reta";"Urbano";3;0;2;0;1;0;2;2
83456246;"22/03/16";"Terça";"07:30:00";"RJ";40;"110";"DUQUE DE CAXIAS";"Não guardar distância de segurança";"Queda de motocicleta / bicicleta / veículo";"Com Vítimas Feridas";"Pleno dia";"Crescente";"Sol";"Múltipla";"Reta";"Urbano";3;0;2;0;1;0;2;2
83456247;"14/04/16";"Quinta";"10:00:00";"RS";290;"501,8";"ROSARIO DO SUL";"Falta de atenção";"Colisão lateral";"Com Vítimas Feridas";"Pleno dia";"Decrescente";"Ceu Claro";"Simples";"Reta";"Rural";3;0;1;0;2;0;1;2
83456248;"14/04/16";"Quinta";"07:15:00";"SP";381;"22,5";"BRAGANCA PAULISTA";"Não guardar distância de segurança";"Colisão lateral";"Com Vítimas Feridas";"Pleno dia";"Crescente";"Ceu Claro";"Dupla";"Reta";"Rural";3;0;1;0;2;0;1;3
83456249;"14/04/16";"Quinta";"11:45:00";"RJ";393;"201";"VASSOURAS";"Velocidade incompatível";"Colisão com objeto fixo";"Sem Vítimas";"Pleno dia";"Decrescente";"Ceu Claro";"Simples";"Reta";"Rural";1;0;0;0;1;0;0;1
83456250;"13/04/16";"Quarta";"20:16:00";"RS";470;"154";"NOVA PRATA";"Desobediência à sinalização";"Colisão frontal";"Com Vítimas Feridas";"Plena noite";"Crescente";"Chuva";"Simples";"Reta";"Rural";5;0;5;0;0;0;5;2
83456251;"14/04/16";"Quinta";"13:05:00";"SC";282;"4,5";"SAO JOSE";"Falta de atenção";"Colisão traseira";"Com Vítimas Feridas";"Pleno dia";"Crescente";"Ceu Claro";"Dupla";"Reta";"Urbano";2;0;0;1;1;0;1;2
83456252;"11/04/16";"Segunda";"06:50:00";"MS";262;"393";"TERENOS";"Defeito mecânico em veículo";"Queda de motocicleta / bicicleta / veículo";"Com Vítimas Feridas";"Pleno dia";"Decrescente";"Ceu Claro";"Simples";"Reta";"Rural";2;0;0;1;1;0;1;1
83456253;"14/04/16";"Quinta";"12:45:00";"RS";287;"383";"SANTIAGO";"Outras";"Derramamento de Carga";"Sem Vítimas";"Pleno dia";"Decrescente";"Ceu Claro";"Simples";"Reta";"Rural";2;0;0;0;2;0;0;2
83456254;"13/04/16";"Quarta";"09:20:00";"SP";116;"215";"GUARULHOS";"Falta de atenção";"Colisão traseira";"Sem Vítimas";"Pleno dia";"Crescente";"Nublado";"Simples";"Reta";"Urbano";3;0;0;0;3;0;0;3
83456255;"14/04/16";"Quinta";"07:20:00";"SP";116;"432,3";"REGISTRO";"Falta de atenção";"Capotamento";"Sem Vítimas";"Pleno dia";"Decrescente";"Nublado";"Dupla";"Reta";"Rural";1;0;0;0;1;0;0;1
83456256;"14/04/16";"Quinta";"10:00:00";"MG";116;"520,5";"CARATINGA";"Falta de atenção";"Colisão lateral";"Com Vítimas Feridas";"Pleno dia";"Decrescente";"Ceu Claro";"Simples";"Reta";"Rural";2;0;1;0;1;0;1;2
83456257;"13/04/16";"Quarta";"11:00:00";"MG";381;"849,9";"POUSO ALEGRE";"Outras";"Colisão com objeto fixo";"Ignorado";"Pleno dia";"Crescente";"Sol";"Dupla";"Reta";"Urbano";1;0;0;0;0;1;0;1
83456258;"14/04/16";"Quinta";"07:00:00";"RO";364;"703";"PORTO VELHO";"Defeito na via";"Colisão traseira";"Sem Vítimas";"Pleno dia";"Decrescente";"Chuva";"Dupla";"Reta";"Rural";3;0;0;0;3;0;0;3
83456259;"14/04/16";"Quinta";"10:50:00";"MT";163;"79";"RONDONOPOLIS";"Outras";"Capotamento";"Com Vítimas Feridas";"Pleno dia";"Crescente";"Ceu Claro";"Dupla";"Reta";"Rural";1;0;1;0;0;0;1;1
83456260;"11/04/16";"Segunda";"08:10:00";"RJ";40;"121";"DUQUE DE CAXIAS";"Não guardar distância de segurança";"Colisão traseira";"Com Vítimas Feridas";"Pleno dia";"Crescente";"Sol";"Múltipla";"Reta";"Urbano";4;0;1;0;3;0;1;3
83456261;"14/04/16";"Quinta";"13:20:00";"PR";153;"49";"SANTO ANTONIO DA PLATINA";"Desobediência à sinalização";"Colisão Transversal";"Sem Vítimas";"Pleno dia";"Decrescente";"Ceu Claro";"Simples";"Cruzamento";"Rural";2;0;0;0;2;0;0;2
83456262;"14/04/16";"Quinta";"14:15:00";"PA";316;"19";"BENEVIDES";"Outras";"Queda de motocicleta / bicicleta / veículo";"Com Vítimas Feridas";"Pleno dia";"Decrescente";"Sol";"Dupla";"Reta";"Urbano";1;0;1;0;0;0;1;1
83456263;"14/04/16";"Quinta";"13:40:00";"MG";40;"773,1";"JUIZ DE FORA";"Falta de atenção";"Colisão lateral";"Sem Vítimas";"Pleno dia";"Crescente";"Ceu Claro";"Simples";"Curva";"Rural";2;0;0;0;2;0;0;2
83456264;"09/01/16";"Sábado";"00:40:00";"PE";101;"76";"RECIFE";"Outras";"Saída de Pista";"Sem Vítimas";"Plena noite";"Crescente";"Ceu Claro";"Dupla";"Curva";"Urbano";1;0;0;0;1;0;0;1
83456266;"14/04/16";"Quinta";"12:50:00";"PI";343;"348,9";"TERESINA";"Falta de atenção";"Colisão lateral";"Com Vítimas Feridas";"Pleno dia";"Decrescente";"Ceu Claro";"Dupla";"Reta";"Urbano";4;0;1;2;1;0;3;2
83456267;"14/04/16";"Quinta";"12:00:00";"PA";316;"6";"ANANINDEUA";"Ingestão de álcool";"Colisão Transversal";"Com Vítimas Feridas";"Pleno dia";"Crescente";"Sol";"Dupla";"Reta";"Urbano";2;0;1;0;1;0;1;2
83456268;"14/04/16";"Quinta";"11:00:00";"MG";116;"417,7";"GOVERNADOR VALADARES";"Falta de atenção";"Atropelamento de pessoa";"Com Vítimas Feridas";"Pleno dia";"Decrescente";"Sol";"Simples";"Reta";"Urbano";2;0;1;0;1;0;1;1
83456269;"14/04/16";"Quinta";"10:15:00";"RN";101;"159,7";"CANGUARETAMA";"Desobediência à sinalização";"Colisão Transversal";"Com Vítimas Feridas";"Pleno dia";"Decrescente";"Ceu Claro";"Dupla";"Cruzamento";"Urbano";4;0;1;3;0;0;4;2
83456270;"14/04/16";"Quinta";"09:30:00";"CE";116;"345,3";"ICO";"Defeito na via";"Saída de Pista";"Sem Vítimas";"Pleno dia";"Crescente";"Ceu Claro";"Simples";"Reta";"Rural";1;0;0;0;1;0;0;1
83456271;"13/04/16";"Quarta";"21:45:00";"PR";158;"510,2";"PATO BRANCO";"Falta de atenção";"Saída de Pista";"Sem Vítimas";"Plena noite";"Crescente";"Nublado";"Simples";"Reta";"Urbano";1;0;0;0;1;0;0;1
83456273;"14/04/16";"Quinta";"13:20:00";"PR";116;"129";"FAZENDA RIO GRANDE";"Falta de atenção";"Colisão Transversal";"Com Vítimas Feridas";"Pleno dia";"Decrescente";"Ceu Claro";"Simples";"Reta";"Rural";6;0;1;0;5;0;1;6
83456275;"10/04/16";"Domingo";"10:00:00";"MG";381;"492,5";"BETIM";"Defeito mecânico em veículo";"Incêndio";"Sem Vítimas";"Pleno dia";"Decrescente";"Ceu Claro";"Dupla";"Reta";"Urbano";1;0;0;0;1;0;0;1
83456276;"14/04/16";"Quinta";"08:30:00";"MT";163;"534,5";"DIAMANTINO";"Outras";"Tombamento";"Sem Vítimas";"Pleno dia";"Decrescente";"Chuva";"Simples";"Reta";"Rural";1;0;0;0;1;0;0;1
83456277;"12/04/16";"Terça";"11:20:00";"SP";116;"149,6";"SAO JOSE DOS CAMPOS";"Falta de atenção";"Colisão traseira";"Com Vítimas Feridas";"Pleno dia";"Crescente";"Ceu Claro";"Múltipla";"Reta";"Rural";2;0;1;0;1;0;1;2
83456278;"14/04/16";"Quinta";"09:55:00";"PI";343;"12";"PARNAIBA";"Outras";"Colisão lateral";"Com Vítimas Feridas";"Pleno dia";"Crescente";"Ceu Claro";"Dupla";"Reta";"Urbano";2;0;1;0;1;0;1;2
83456279;"19/03/16";"Sábado";"12:00:00";"BA";101;"944";"MUCURI";"Outras";"Saída de Pista";"Com Vítimas Feridas";"Pleno dia";"Crescente";"Chuva";"Simples";"Curva";"Rural";3;0;1;0;2;0;1;2
83456280;"14/04/16";"Quinta";"08:40:00";"BA";330;"710";"JEQUIE";"Falta de atenção";"Colisão lateral";"Com Vítimas Feridas";"Pleno dia";"Decrescente";"Ceu Claro";"Simples";"Reta";"Urbano";2;0;1;0;0;1;1;2
83456281;"11/04/16";"Segunda";"01:50:00";"GO";60;"30";"ALEXANIA";"Outras";"Colisão traseira";"Com Vítimas Feridas";"Plena noite";"Crescente";"Ceu Claro";"Simples";"Reta";"Rural";2;0;1;0;1;0;1;2
83456282;"14/04/16";"Quinta";"11:05:00";"MG";116;"812,3";"ALEM PARAIBA";"Dormindo";"Saída de Pista";"Com Vítimas Feridas";"Pleno dia";"Crescente";"Ceu Claro";"Simples";"Reta";"Rural";1;0;1;0;0;0;1;1
83456283;"06/04/16";"Quarta";"10:30:00";"PR";116;"106";"SAO JOSE DOS PINHAIS";"Outras";"Derramamento de Carga";"Sem Vítimas";"Pleno dia";"Crescente";"Ceu Claro";"Dupla";"Reta";"Rural";1;0;0;0;1;0;0;1
83456284;"14/04/16";"Quinta";"06:30:00";"MG";381;"495,2";"BETIM";"Outras";"Colisão com objeto fixo";"Sem Vítimas";"Pleno dia";"Crescente";"Ceu Claro";"Dupla";"Reta";"Urbano";1;0;0;0;1;0;0;1
83456285;"02/04/16";"Sábado";"21:30:00";"RN";406;"148,2";"CEARA-MIRIM";"Não guardar distância de segurança";"Colisão traseira";"Com Vítimas Feridas";"Plena noite";"Crescente";"Vento";"Simples";"Reta";"Rural";3;0;0;2;1;0;2;2
83456286;"02/02/16";"Terça";"17:30:00";"BA";242;"569";"IBOTIRAMA";"Animais na Pista";"Atropelamento de animal";"Sem Vítimas";"Anoitecer";"Decrescente";"Chuva";"Simples";"Reta";"Rural";1;0;0;0;1;0;0;1
83456287;"02/04/16";"Sábado";"17:45:00";"MG";40;"461";"SETE LAGOAS";"Falta de atenção";"Saída de Pista";"Com Vítimas Feridas";"Anoitecer";"Crescente";"Chuva";"Dupla";"Reta";"Rural";3;0;2;1;0;0;3;1