"id";"data_inversa";"dia_semana";"horario";"uf";"br";"km";"municipio";"causa_acidente";"tipo_acidente";"classificacao_acidente";"fase_dia";"sentido_via";"condicao_metereologica";"tipo_pista";"tracado_via";"uso_solo";"pessoas";"mortos";"feridos_leves";"feridos_graves";"ilesos";"ignorados";"feridos";"veiculos"
83456289;"14/04/16";"Quinta";"13:30:00";"MG";365;"661";"MONTE ALEGRE DE MINAS";"Outras";"Colisão traseira";"Sem Vítimas";"Pleno dia";"Crescente";"Ceu Claro";"Dupla";"Reta";"Rural";2;0;0;0;2;0;0;2
83456290;"14/04/16";"Quinta";"13:30:00";"MG";40;"694";"ALFREDO VASCONCELOS";"Falta de atenção";"Queda de motocicleta / bicicleta / veículo";"Com Vítimas Feridas";"Pleno dia";"Crescente";"Ceu Claro";"Simples";"Reta";"Rural";1;0;0;1;0;0;1;1
83456291;"14/04/16";"Quinta";"09:00:00";"BA";101;"525";"BUERAREMA";"Falta de atenção";"Colisão Transversal";"Sem Vítimas";"Pleno dia";"Decrescente";"Sol";"Dupla";"Reta";"Urbano";2;0;0;0;1;1;0;2
83456292;"13/04/16";"Quarta";"18:30:00";"GO";153;"292";"RIALMA";"Ultrapassagem indevida";"Saída de Pista";"Com Vítimas Feridas";"Anoitecer";"Decrescente";"Ceu Claro";"Simples";"Curva";"Rural";1;0;1;0;0;0;1;1
83456293;"10/04/16";"Domingo";"20:00:00";"PE";423;"71,8";"JUPI";"Ingestão de álcool";"Colisão Transversal";"Com Vítimas Feridas";"Plena noite";"Crescente";"Nublado";"Simples";"Reta";"Rural";5;0;1;0;4;0;1;2
83456294;"10/04/16";"Domingo";"00:20:00";"MG";262;"365";"JUATUBA";"Outras";"Queda de motocicleta / bicicleta / veículo";"Com Vítimas Feridas";"Plena noite";"Crescente";"Ceu Claro";"Dupla";"Reta";"Rural";1;0;0;1;0;0;1;1
83456295;"11/04/16";"Segunda";"03:30:00";"PR";476;"305";"SAO MATEUS DO SUL";"Animais na Pista";"Atropelamento de animal";"Sem Vítimas";"Plena noite";"Crescente";"Nublado";"Simples";"Reta";"Rural";1;0;0;0;1;0;0;1
83456296;"14/04/16";"Quinta";"14:10:00";"MS";262;"708";"CORUMBA";"Velocidade incompatível";"Saída de Pista";"Sem Vítimas";"Pleno dia";"Decrescente";"Chuva";"Simples";"Curva";"Rural";1;0;0;0;1;0;0;1
83456297;"13/04/16";"Quarta";"18:20:00";"RJ";116;"185";"NOVA IGUACU";"Defeito mecânico em veículo";"Colisão traseira";"Sem Vítimas";"Pleno dia";"Crescente";"Sol";"Dupla";"Reta";"Urbano";3;0;0;0;3;0;0;2
83456298;"14/04/16";"Quinta";"14:50:00";"MT";364;"383";"SANTO ANTONIO DO LEVERGER";"Falta de atenção";"Colisão com objeto fixo";"Sem Vítimas";"Pleno dia";"Decrescente";"Sol";"Múltipla";"Reta";"Rural";2;0;0;0;2;0;0;1
83456299;"06/04/16";"Quarta";"19:30:00";"MG";381;"531,8";"ITATIAIUCU";"Velocidade incompatível";"Tombamento";"Com Vítimas Feridas";"Plena noite";"Decrescente";"Ceu Claro";"Dupla";"Curva";"Rural";1;0;1;0;0;0;1;1
83456301;"09/04/16";"Sábado";"19:15:00";"RS";116;"146";"CAXIAS DO SUL";"Ingestão de álcool";"Colisão traseira";"Sem Vítimas";"Plena noite";"Crescente";"Chuva";"Dupla";"Reta";"Urbano";2;0;0;0;2;0;0;2
83456302;"13/04/16";"Quarta";"17:35:00";"PR";277;"104";"CAMPO LARGO";"Falta de atenção";"Colisão Transversal";"Com Vítimas Feridas";"Pleno dia";"Decrescente";"Ceu Claro";"Dupla";"Reta";"Urbano";2;0;0;1;1;0;1;2
83456303;"14/04/16";"Quinta";"13:45:00";"SC";280;"14,8";"SAO FRANCISCO DO SUL";"Falta de atenção";"Colisão lateral";"Sem Vítimas";"Pleno dia";"Decrescente";"Nublado";"Simples";"Cruzamento";"Rural";2;0;0;0;2;0;0;2
83456304;"13/04/16";"Quarta";"03:00:00";"PR";376;"676";"GUARATUBA";"Outras";"Tombamento";"Sem Vítimas";"Plena noite";"Decrescente";"Nublado";"Simples";"Reta";"Rural";1;0;0;0;1;0;0;1
83456305;"14/04/16";"Quinta";"14:50:00";"SP";116;"504";"CAJATI";"Falta de atenção";"Capotamento";"Sem Vítimas";"Pleno dia";"Decrescente";"Sol";"Dupla";"Curva";"Rural";1;0;0;0;1;0;0;1
83456306;"14/04/16";"Quinta";"14:30:00";"RS";116;"12,9";"VACARIA";"Outras";"Atropelamento de pessoa";"Com Vítimas Feridas";"Pleno dia";"Decrescente";"Ceu Claro";"Simples";"Reta";"Rural";2;0;1;0;1;0;1;1
83456307;"14/04/16";"Quinta";"16:20:00";"PE";232;"407,2";"SERRA TALHADA";"Outras";"Colisão Transversal";"Com Vítimas Feridas";"Pleno dia";"Crescente";"Nublado";"Simples";"Reta";"Urbano";2;0;1;0;1;0;1;2
83456308;"10/04/16";"Domingo";"16:30:00";"MS";262;"654,7";"MIRANDA";"Ultrapassagem indevida";"Saída de Pista";"Com Vítimas Feridas";"Pleno dia";"Decrescente";"Ceu Claro";"Simples";"Reta";"Rural";5;0;2;0;3;0;2;1
83456310;"14/04/16";"Quinta";"15:30:00";"BA";367;"84";"EUNAPOLIS";"Ultrapassagem indevida";"Colisão frontal";"Com Vítimas Feridas";"Pleno dia";"Crescente";"Ceu Claro";"Simples";"Reta";"Urbano";3;0;0;1;2;0;1;2
83456311;"14/04/16";"Quinta";"16:25:00";"ES";101;"31,1";"CONCEICAO DA BARRA";"Animais na Pista";"Atropelamento de animal";"Com Vítimas Feridas";"Pleno dia";"Decrescente";"Ceu Claro";"Simples";"Reta";"Urbano";1;0;0;1;0;0;1;1
83456312;"14/04/16";"Quinta";"16:25:00";"PR";277;"730";"FOZ DO IGUACU";"Defeito mecânico em veículo";"Saída de Pista";"Com Vítimas Feridas";"Pleno dia";"Crescente";"Sol";"Dupla";"Curva";"Urbano";1;0;1;0;0;0;1;1
83456314;"14/04/16";"Quinta";"07:58:00";"SC";101;"193";"BIGUACU";"Falta de atenção";"Colisão com bicicleta";"Com Vítimas Feridas";"Pleno dia";"Crescente";"Sol";"Múltipla";"Cruzamento";"Urbano";2;0;1;0;1;0;1;2
83456315;"14/04/16";"Quinta";"12:00:00";"RN";304;"1,2";"MOSSORO";"Defeito mecânico em veículo";"Incêndio";"Sem Vítimas";"Pleno dia";"Decrescente";"Nublado";"Simples";"Reta";"Rural";1;0;0;0;1;0;0;1
83456316;"14/04/16";"Quinta";"15:40:00";"DF";60;"7";"BRASILIA";"Outras";"Colisão com objeto fixo";"Ignorado";"Pleno dia";"Crescente";"Ceu Claro";"Dupla";"Reta";"Rural";1;0;0;0;0;1;0;1
83456317;"14/04/16";"Quinta";"14:30:00";"MG";116;"125";"ITAOBIM";"Outras";"Saída de Pista";"Sem Vítimas";"Pleno dia";"Decrescente";"Sol";"Simples";"Curva";"Rural";1;0;0;0;1;0;0;1
83456318;"14/04/16";"Quinta";"12:20:00";"PB";230;"23,4";"JOAO PESSOA";"Falta de atenção";"Colisão traseira";"Sem Vítimas";"Pleno dia";"Crescente";"Sol";"Dupla";"Reta";"Urbano";2;0;0;0;2;0;0;2
83456319;"14/04/16";"Quinta";"18:20:00";"BA";324;"623,5";"SALVADOR";"Falta de atenção";"Colisão traseira";"Com Vítimas Feridas";"Anoitecer";"Crescente";"Chuva";"Múltipla";"Reta";"Urbano";2;0;1;0;1;0;1;2
83456320;"14/04/16";"Quinta";"14:00:00";"BA";101;"879";"TEIXEIRA DE FREITAS";"Não guardar distância de segurança";"Colisão Transversal";"Com Vítimas Feridas";"Pleno dia";"Decrescente";"Ceu Claro";"Simples";"Reta";"Urbano";3;0;2;0;0;1;2;3
83456321;"14/04/16";"Quinta";"14:30:00";"RJ";116;"86";"TERESOPOLIS";"Outras";"Tombamento";"Com Vítimas Feridas";"Pleno dia";"Decrescente";"Ceu Claro";"Simples";"Curva";"Urbano";1;0;1;0;0;0;1;1
83456322;"14/04/16";"Quinta";"15:00:00";"SP";116;"439,9";"REGISTRO";"Falta de atenção";"Tombamento";"Com Vítimas Feridas";"Pleno dia";"Decrescente";"Nublado";"Dupla";"Curva";"Urbano";2;0;2;0;0;0;2;1
83456323;"14/04/16";"Quinta";"16:12:00";"SP";116;"223,4";"GUARULHOS";"Outras";"Colisão com objeto fixo";"Sem Vítimas";"Pleno dia";"Decrescente";"Ceu Claro";"Múltipla";"Reta";"Urbano";1;0;0;0;1;0;0;1
83456324;"06/04/16";"Quarta";"20:00:00";"ES";101;"1";"VITORIA";"Falta de atenção";"Colisão lateral";"Com Vítimas Feridas";"Plena noite";"Crescente";"Ceu Claro";"Dupla";"Reta";"Urbano";3;0;2;0;1;0;2;2
83456325;"14/04/16";"Quinta";"09:15:00";"GO";60;"129";"GOIANAPOLIS";"Defeito mecânico em veículo";"Saída de Pista";"Sem Vítimas";"Pleno dia";"Decrescente";"Ceu Claro";"Dupla";"Reta";"Rural";1;0;0;0;1;0;0;1
83456326;"02/04/16";"Sábado";"06:40:00";"RN";226;"112,1";"SANTA CRUZ";"Outras";"Colisão Transversal";"Com Vítimas Feridas";"Amanhecer";"Crescente";"Ceu Claro";"Simples";"Reta";"Urbano";2;0;0;1;0;1;1;2
83456327;"14/04/16";"Quinta";"07:45:00";"MG";381;"482";"BETIM";"Outras";"Colisão traseira";"Com Vítimas Feridas";"Pleno dia";"Crescente";"Ceu Claro";"Dupla";"Curva";"Urbano";2;0;1;0;1;0;1;2
83456328;"14/04/16";"Quinta";"14:30:00";"SC";470;"157";"TROMBUDO CENTRAL";"Defeito mecânico em veículo";"Tombamento";"Com Vítimas Feridas";"Pleno dia";"Crescente";"Nublado";"Simples";"Reta";"Rural";2;0;2;0;0;0;2;1
83456329;"14/04/16";"Quinta";"18:45:00";"RS";386;"424";"MONTENEGRO";"Falta de atenção";"Colisão lateral";"Sem Vítimas";"Plena noite";"Decrescente";"Nublado";"Dupla";"Reta";"Rural";2;0;0;0;2;0;0;2
83456330;"02/04/16";"Sábado";"18:00:00";"SE";101;"4";"PROPRIA";"Ultrapassagem indevida";"Colisão frontal";"Com Vítimas Feridas";"Plena noite";"Crescente";"Ceu Claro";"Simples";"Curva";"Rural";3;0;1;1;1;0;2;3
83456331;"14/04/16";"Quinta";"04:00:00";"PR";369;"150,8";"LONDRINA";"Dormindo";"Colisão com objeto fixo";"Sem Vítimas";"Plena noite";"Crescente";"Ceu Claro";"Dupla";"Reta";"Urbano";1;0;0;0;1;0;0;1
83456332;"14/04/16";"Quinta";"18:20:00";"RS";116;"243";"SAO LEOPOLDO";"Outras";"Tombamento";"Com Vítimas Feridas";"Plena noite";"Crescente";"Ceu Claro";"Múltipla";"Reta";"Urbano";1;0;1;0;0;0;1;1
83456333;"14/04/16";"Quinta";"17:30:00";"SC";101;"136,9";"BALNEARIO CAMBORIU";"Falta de atenção";"Colisão lateral";"Com Vítimas Feridas";"Pleno dia";"Decrescente";"Ceu Claro";"Dupla";"Reta";"Urbano";3;0;2;0;0;1;2;2
83456334;"11/04/16";"Segunda";"07:00:00";"MG";40;"514";"CONTAGEM";"Falta de atenção";"Colisão lateral";"Com Vítimas Feridas";"Pleno dia";"Crescente";"Ceu Claro";"Dupla";"Reta";"Rural";2;0;1;0;1;0;1;2
83456335;"14/04/16";"Quinta";"11:00:00";"AL";101;"14,1";"NOVO LINO";"Velocidade incompatível";"Colisão com objeto fixo";"Sem Vítimas";"Pleno dia";"Decrescente";"Chuva";"Dupla";"Curva";"Rural";1;0;0;0;1;0;0;1
83456336;"14/04/16";"Quinta";"17:25:00";"PA";10;"351";"SANTA MARIA DO PARA";"Não guardar distância de segurança";"Colisão traseira";"Sem Vítimas";"Pleno dia";"Crescente";"Ceu Claro";"Simples";"Reta";"Rural";3;0;0;0;3;0;0;3
83456337;"14/04/16";"Quinta";"09:30:00";"SC";470;"132";"LONTRAS";"Falta de atenção";"Colisão Transversal";"Sem Vítimas";"Pleno dia";"Crescente";"Nublado";"Simples";"Cruzamento";"Urbano";2;0;0;0;2;0;0;2
83456338;"14/04/16";"Quinta";"15:30:00";"CE";304;"28";"ARACATI";"Dormindo";"Colisão lateral";"Sem Vítimas";"Pleno dia";"Decrescente";"Nublado";"Simples";"Reta";"Rural";2;0;0;0;2;0;0;2
83456339;"14/04/16";"Quinta";"15:40:00";"PR";369;"181";"ARAPONGAS";"Outras";"Queda de motocicleta / bicicleta / veículo";"Com Vítimas Feridas";"Pleno dia";"Decrescente";"Ceu Claro";"Simples";"Reta";"Rural";1;0;1;0;0;0;1;1
83456340;"14/04/16";"Quinta";"18:00:00";"SP";116;"126";"CACAPAVA";"Outras";"Colisão com objeto fixo";"Com Vítimas Feridas";"Anoitecer";"Crescente";"Ceu Claro";"Dupla";"Reta";"Urbano";1;0;1;0;0;0;1;1
83456342;"12/04/16";"Terça";"08:30:00";"RO";364;"1062";"PORTO VELHO";"Outras";"Incêndio";"Sem Vítimas";"Pleno dia";"Decrescente";"Ceu Claro";"Simples";"Reta";"Rural";1;0;0;0;1;0;0;1
83456343;"14/04/16";"Quinta";"10:10:00";"MS";163;"330";"RIO BRILHANTE";"Falta de atenção";"Colisão traseira";"Sem Vítimas";"Pleno dia";"Decrescente";"Ceu Claro";"Simples";"Reta";"Rural";2;0;0;0;2;0;0;2
83456344;"14/04/16";"Quinta";"06:20:00";"SC";101;"102";"PICARRAS";"Velocidade incompatível";"Colisão com objeto fixo";"Com Vítimas Feridas";"Amanhecer";"Decrescente";"Chuva";"Dupla";"Reta";"Urbano";2;0;1;0;1;0;1;2
83456345;"11/04/16";"Segunda";"04:50:00";"MG";50;"40";"ARAGUARI";"Outras";"Colisão com objeto fixo";"Sem Vítimas";"Plena noite";"Decrescente";"Ceu Claro";"Dupla";"Reta";"Rural";1;0;0;0;1;0;0;1
83456346;"14/04/16";"Quinta";"08:50:00";"MG";50;"60";"UBERLANDIA";"Outras";"Saída de Pista";"Com Vítimas Feridas";"Pleno dia";"Crescente";"Ceu Claro";"Dupla";"Curva";"Rural";1;0;1;0;0;0;1;1
83456347;"13/04/16";"Quarta";"06:30:00";"SP";116;"349,9";"MIRACATU";"Falta de atenção";"Derramamento de Carga";"Sem Vítimas";"Amanhecer";"Decrescente";"Ceu Claro";"Simples";"Reta";"Rural";1;0;0;0;1;0;0;1
83456348;"14/04/16";"Quinta";"15:00:00";"SC";101;"115";"ITAJAI";"Não guardar distância de segurança";"Colisão traseira";"Com Vítimas Feridas";"Pleno dia";"Decrescente";"Nublado";"Dupla";"Reta";"Urbano";2;0;1;0;1;0;1;2
83456349;"14/04/16";"Quinta";"09:30:00";"MG";365;"565";"INDIANOPOLIS";"Velocidade incompatível";"Capotamento";"Com Vítimas Feridas";"Pleno dia";"Crescente";"Ceu Claro";"Simples";"Curva";"Rural";1;0;0;1;0;0;1;1
83456350;"14/04/16";"Quinta";"07:50:00";"BA";367;"81,9";"EUNAPOLIS";"Falta de atenção";"Colisão Transversal";"Com Vítimas Feridas";"Pleno dia";"Decrescente";"Nublado";"Simples";"Cruzamento";"Urbano";3;0;1;0;2;0;1;2
83456351;"14/04/16";"Quinta";"09:20:00";"GO";50;"163,5";"CAMPO ALEGRE DE GOIAS";"Dormindo";"Saída de Pista";"Sem Vítimas";"Pleno dia";"Decrescente";"Sol";"Simples";"Reta";"Rural";2;0;0;0;2;0;0;1
83456352;"14/04/16";"Quinta";"18:35:00";"PR";376;"321";"ORTIGUEIRA";"Falta de atenção";"Colisão com objeto fixo";"Sem Vítimas";"Anoitecer";"Decrescente";"Ceu Claro";"Simples";"Reta";"Rural";4;0;0;0;4;0;0;1
83456353;"14/04/16";"Quinta";"16:30:00";"MT";364;"564";"NOBRES";"Outras";"Colisão Transversal";"Com Vítimas Feridas";"Pleno dia";"Decrescente";"Ceu Claro";"Dupla";"Reta";"Rural";2;0;1;0;1;0;1;2
83456354;"14/04/16";"Quinta";"08:15:00";"RO";364;"521";"ARIQUEMES";"Outras";"Capotamento";"Com Vítimas Feridas";"Pleno dia";"Decrescente";"Chuva";"Simples";"Reta";"Urbano";3;0;2;0;1;0;2;1
83456355;"14/04/16";"Quinta";"18:50:00";"PE";408;"86";"SAO LOURENCO DA MATA";"Falta de atenção";"Colisão Transversal";"Com Vítimas Feridas";"Plena noite";"Decrescente";"Ceu Claro";"Dupla";"Reta";"Rural";2;0;0;1;0;1;1;2
83456356;"11/04/16";"Segunda";"14:30:00";"TO";230;"80";"CACHOEIRINHA";"Outras";"Tombamento";"Com Vítimas Feridas";"Pleno dia";"Crescente";"Sol";"Simples";"Curva";"Rural";2;0;1;0;1;0;1;1
83456357;"14/04/16";"Quinta";"19:00:00";"RS";153;"43,1";"ERECHIM";"Falta de atenção";"Colisão Transversal";"Com Vítimas Feridas";"Plena noite";"Decrescente";"Ceu Claro";"Simples";"Reta";"Urbano";5;0;1;0;4;0;1;2
83456358;"27/03/16";"Domingo";"23:02:00";"SC";470;"6";"NAVEGANTES";"Ultrapassagem indevida";"Queda de motocicleta / bicicleta / veículo";"Com Vítimas Feridas";"Plena noite";"Crescente";"Ignorada";"Simples";"Reta";"Rural";1;0;0;1;0;0;1;1
83456359;"14/04/16";"Quinta";"16:15:00";"PR";476;"138";"CURITIBA";"Falta de atenção";"Colisão traseira";"Com Vítimas Feridas";"Pleno dia";"Decrescente";"Ceu Claro";"Múltipla";"Reta";"Urbano";2;0;2;0;0;0;2;2
83456360;"13/04/16";"Quarta";"06:00:00";"SC";470;"43,8";"GASPAR";"Falta de atenção";"Tombamento";"Com Vítimas Feridas";"Amanhecer";"Crescente";"Nublado";"Simples";"Curva";"Rural";1;0;1;0;0;0;1;1
83456361;"14/04/16";"Quinta";"12:30:00";"PR";476;"141,5";"CURITIBA";"Defeito na via";"Queda de motocicleta / bicicleta / veículo";"Com Vítimas Feridas";"Pleno dia";"Decrescente";"Ceu Claro";"Dupla";"Reta";"Urbano";1;0;1;0;0;0;1;1
83456362;"14/04/16";"Quinta";"18:30:00";"RS";386;"227,1";"MORMACO";"Outras";"Saída de Pista";"Sem Vítimas";"Plena noite";"Crescente";"Ceu Claro";"Simples";"Curva";"Rural";1;0;0;0;1;0;0;1
83456364;"13/04/16";"Quarta";"16:50:00";"ES";259;"3";"JOAO NEIVA";"Velocidade incompatível";"Tombamento";"Com Vítimas Feridas";"Pleno dia";"Crescente";"Nublado";"Simples";"Curva";"Rural";1;0;1;0;0;0;1;1
83456365;"02/04/16";"Sábado";"05:35:00";"CE";116;"40";"HORIZONTE";"Não guardar distância de segurança";"Colisão traseira";"Sem Vítimas";"Amanhecer";"Decrescente";"Chuva";"Dupla";"Reta";"Urbano";3;0;0;0;3;0;0;3
83456366;"08/04/16";"Sexta";"00:00:00";"SC";101;"123";"ITAJAI";"Ingestão de álcool";"Colisão traseira";"Com Vítimas Feridas";"Plena noite";"Decrescente";"Ignorada";"Múltipla";"Reta";"Urbano";3;0;1;1;1;0;2;2
83456367;"14/04/16";"Quinta";"19:50:00";"SP";116;"226,5";"GUARULHOS";"Falta de atenção";"Colisão lateral";"Com Vítimas Feridas";"Plena noite";"Decrescente";"Ceu Claro";"Múltipla";"Reta";"Urbano";2;0;1;0;1;0;1;2
83456368;"12/04/16";"Terça";"13:00:00";"MG";40;"486";"CAPIM BRANCO";"Falta de atenção";"Colisão traseira";"Sem Vítimas";"Pleno dia";"Decrescente";"Sol";"Múltipla";"Reta";"Rural";2;0;0;0;2;0;0;2
83456369;"14/04/16";"Quinta";"19:00:00";"SP";116;"224";"GUARULHOS";"Falta de atenção";"Colisão lateral";"Com Vítimas Feridas";"Plena noite";"Crescente";"Ceu Claro";"Dupla";"Reta";"Urbano";2;0;1;0;1;0;1;2
83456370;"14/04/16";"Quinta";"20:40:00";"PR";369;"152,5";"LONDRINA";"Outras";"Atropelamento de pessoa";"Com Vítimas Feridas";"Plena noite";"Crescente";"Ceu Claro";"Dupla";"Cruzamento";"Urbano";2;0;1;0;1;0;1;1
83456371;"14/04/16";"Quinta";"21:30:00";"RS";285;"292";"PASSO FUNDO";"Falta de atenção";"Colisão traseira";"Sem Vítimas";"Plena noite";"Crescente";"Ceu Claro";"Simples";"Cruzamento";"Urbano";2;0;0;0;2;0;0;2
83456372;"14/04/16";"Quinta";"17:20:00";"TO";153;"139,8";"ARAGUAINA";"Velocidade incompatível";"Colisão traseira";"Com Vítimas Feridas";"Pleno dia";"Decrescente";"Ceu Claro";"Dupla";"Reta";"Urbano";2;0;1;0;1;0;1;2
83456373;"14/04/16";"Quinta";"19:50:00";"RS";116;"613";"ARROIO GRANDE";"Desobediência à sinalização";"Colisão frontal";"Com Vítimas Feridas";"Plena noite";"Crescente";"Ignorada";"Simples";"Reta";"Urbano";4;0;1;2;1;0;3;3
83456374;"14/04/16";"Quinta";"15:00:00";"PR";280;"301";"FLOR DA SERRA DO SUL";"Velocidade incompatível";"Saída de Pista";"Com Vítimas Feridas";"Pleno dia";"Crescente";"Ceu Claro";"Simples";"Reta";"Rural";2;0;1;1;0;0;2;1
83456375;"14/04/16";"Quinta";"17:50:00";"MT";364;"265";"JACIARA";"Ultrapassagem indevida";"Queda de motocicleta / bicicleta / veículo";"Com Vítimas Feridas";"Anoitecer";"Crescente";"Nublado";"Simples";"Reta";"Rural";2;0;1;0;1;0;1;2
83456376;"14/04/16";"Quinta";"11:50:00";"MG";356;"268,2";"MURIAE";"Desobediência à sinalização";"Colisão Transversal";"Com Vítimas Feridas";"Pleno dia";"Decrescente";"Ceu Claro";"Simples";"Reta";"Urbano";2;0;1;0;0;1;1;2
83456377;"14/04/16";"Quinta";"19:00:00";"SP";116;"225";"GUARULHOS";"Falta de atenção";"Colisão com objeto fixo";"Com Vítimas Feridas";"Plena noite";"Decrescente";"Ceu Claro";"Múltipla";"Reta";"Urbano";4;0;2;0;1;1;2;2
83456378;"14/04/16";"Quinta";"20:45:00";"SP";381;"84,6";"SAO PAULO";"Não guardar distância de segurança";"Colisão lateral";"Com Vítimas Feridas";"Plena noite";"Decrescente";"Ceu Claro";"Dupla";"Reta";"Urbano";2;0;1;0;1;0;1;2
83456379;"14/04/16";"Quinta";"02:00:00";"RS";470;"219";"BENTO GONCALVES";"Ingestão de álcool";"Saída de Pista";"Sem Vítimas";"Plena noite";"Crescente";"Nublado";"Simples";"Reta";"Urbano";1;0;0;0;1;0;0;1
83456380;"14/04/16";"Quinta";"20:30:00";"RJ";101;"147";"MACAE";"Falta de atenção";"Capotamento";"Com Vítimas Feridas";"Plena noite";"Crescente";"Ceu Claro";"Dupla";"Reta";"Rural";1;0;1;0;0;0;1;1
83456381;"14/04/16";"Quinta";"18:35:00";"PR";376;"4";"MARINGA";"Falta de atenção";"Atropelamento de pessoa";"Com Vítimas Feridas";"Plena noite";"Crescente";"Ceu Claro";"Dupla";"Reta";"Urbano";3;0;0;3;0;0;3;1
83456383;"10/04/16";"Domingo";"17:00:00";"SP";116;"154";"SAO JOSE DOS CAMPOS";"Falta de atenção";"Colisão lateral";"Com Vítimas Feridas";"Pleno dia";"Crescente";"Ceu Claro";"Dupla";"Reta";"Urbano";4;0;1;0;3;0;1;3
83456384;"14/04/16";"Quinta";"19:00:00";"SP";116;"282";"EMBU";"Não guardar distância de segurança";"Colisão traseira";"Com Vítimas Feridas";"Plena noite";"Decrescente";"Ceu Claro";"Dupla";"Reta";"Urbano";4;0;1;0;3;0;1;3
83456385;"14/04/16";"Quinta";"21:00:00";"MS";267;"34,5";"BATAGUASSU";"Ingestão de álcool";"Saída de Pista";"Sem Vítimas";"Plena noite";"Crescente";"Ceu Claro";"Simples";"Curva";"Rural";1;0;0;0;1;0;0;1
83456386;"29/03/16";"Terça";"10:30:00";"SP";116;"228";"SAO PAULO";"Outras";"Colisão traseira";"Sem Vítimas";"Pleno dia";"Decrescente";"Ceu Claro";"Múltipla";"Reta";"Urbano";3;0;0;0;2;1;0;3
83456387;"14/04/16";"Quinta";"19:20:00";"RS";287;"234,3";"SANTA MARIA";"Falta de atenção";"Atropelamento de pessoa";"Sem Vítimas";"Plena noite";"Crescente";"Nublado";"Simples";"Reta";"Urbano";2;0;0;0;2;0;0;1
83456388;"10/04/16";"Domingo";"23:00:00";"RJ";101;"303";"SAO GONCALO";"Outras";"Saída de Pista";"Sem Vítimas";"Plena noite";"Crescente";"Ceu Claro";"Dupla";"Reta";"Urbano";1;0;0;0;1;0;0;1
83456389;"14/04/16";"Quinta";"19:00:00";"MT";163;"931";"ITAUBA";"Falta de atenção";"Saída de Pista";"Sem Vítimas";"Plena noite";"Crescente";"Nublado";"Simples";"Reta";"Rural";2;0;0;0;2;0;0;2
83456390;"09/03/16";"Quarta";"20:00:00";"GO";40;"13";"LUZIANIA";"Falta de atenção";"Colisão Transversal";"Com Vítimas Feridas";"Plena noite";"Crescente";"Nublado";"Dupla";"Reta";"Urbano";2;0;0;2;0;0;2;2
83456391;"14/04/16";"Quinta";"20:55:00";"MG";381;"864,8";"POUSO ALEGRE";"Velocidade incompatível";"Capotamento";"Com Vítimas Feridas";"Plena noite";"Decrescente";"Ceu Claro";"Dupla";"Curva";"Rural";2;0;1;0;1;0;1;2
83456392;"14/04/16";"Quinta";"19:40:00";"RS";116;"144,1";"CAXIAS DO SUL";"Ingestão de álcool";"Colisão com objeto fixo";"Com Vítimas Feridas";"Plena noite";"Decrescente";"Ceu Claro";"Dupla";"Curva";"Urbano";2;0;0;1;1;0;1;1
83456393;"14/04/16";"Quinta";"20:45:00";"MS";60;"403";"SIDROLANDIA";"Outras";"Saída de Pista";"Sem Vítimas";"Plena noite";"Crescente";"Ceu Claro";"Simples";"Reta";"Rural";1;0;0;0;1;0;0;1
83456394;"14/04/16";"Quinta";"19:15:00";"MS";163;"476,7";"CAMPO GRANDE";"Falta de atenção";"Colisão lateral";"Com Vítimas Feridas";"Plena noite";"Decrescente";"Nublado";"Simples";"Curva";"Urbano";2;0;0;1;1;0;1;2
83456395;"14/04/16";"Quinta";"10:39:00";"MS";163;"475";"CAMPO GRANDE";"Outras";"Colisão com objeto fixo";"Sem Vítimas";"Pleno dia";"Decrescente";"Ceu Claro";"Simples";"Reta";"Urbano";1;0;0;0;1;0;0;1
83456396;"14/04/16";"Quinta";"12:10:00";"PR";376;"183,8";"SARANDI";"Não guardar distância de segurança";"Colisão traseira";"Com Vítimas Feridas";"Pleno dia";"Crescente";"Ceu Claro";"Simples";"Reta";"Urbano";3;0;1;0;2;0;1;3
83456398;"14/04/16";"Quinta";"19:30:00";"MT";364;"206";"RONDONOPOLIS";"Não guardar distância de segurança";"Colisão traseira";"Com Vítimas Feridas";"Plena noite";"Decrescente";"Ceu Claro";"Dupla";"Reta";"Urbano";2;0;1;0;0;1;1;2
83456399;"14/04/16";"Quinta";"07:40:00";"RO";364;"703,9";"PORTO VELHO";"Falta de atenção";"Saída de Pista";"Sem Vítimas";"Pleno dia";"Decrescente";"Chuva";"Dupla";"Reta";"Urbano";1;0;0;0;1;0;0;1
83456401;"14/04/16";"Quinta";"11:00:00";"PR";153;"393,9";"MALLET";"Velocidade incompatível";"Saída de Pista";"Sem Vítimas";"Pleno dia";"Crescente";"Nublado";"Simples";"Curva";"Rural";1;0;0;0;1;0;0;1
83456402;"13/04/16";"Quarta";"14:30:00";"RJ";116;"182";"NOVA IGUACU";"Outras";"Colisão traseira";"Com Vítimas Feridas";"Pleno dia";"Crescente";"Sol";"Dupla";"Reta";"Urbano";4;0;1;0;3;0;1;3
83456403;"14/04/16";"Quinta";"19:20:00";"PR";369;"179,2";"ARAPONGAS";"Ingestão de álcool";"Atropelamento de pessoa";"Com Vítimas Feridas";"Plena noite";"Crescente";"Nublado";"Dupla";"Reta";"Urbano";2;0;1;0;1;0;1;1