"id";"data_inversa";"dia_semana";"horario";"uf";"br";"km";"municipio";"causa_acidente";"tipo_acidente";"classificacao_acidente";"fase_dia";"sentido_via";"condicao_metereologica";"tipo_pista";"tracado_via";"uso_solo";"pessoas";"mortos";"feridos_leves";"feridos_graves";"ilesos";"ignorados";"feridos";"veiculos"
83456634;"15/04/16";"Sexta";"13:45:00";"PR";116;"16";"COLOMBO";"Velocidade incompatível";"Colisão traseira";"Com Vítimas Feridas";"Pleno dia";"Crescente";"Ceu Claro";"Dupla";"Reta";"Urbano";2;0;1;0;1;0;1;2
83456635;"15/04/16";"Sexta";"16:15:00";"PR";277;"81";"CURITIBA";"Ingestão de álcool";"Colisão traseira";"Sem Vítimas";"Pleno dia";"Crescente";"Ceu Claro";"Dupla";"Reta";"Urbano";2;0;0;0;2;0;0;2
83456636;"15/04/16";"Sexta";"15:00:00";"MS";163;"216,4";"CAARAPO";"Dormindo";"Saída de Pista";"Sem Vítimas";"Pleno dia";"Crescente";"Sol";"Simples";"Reta";"Rural";1;0;0;0;1;0;0;1
83456637;"15/04/16";"Sexta";"13:45:00";"GO";153;"509";"APARECIDA DE GOIANIA";"Não guardar distância de segurança";"Colisão traseira";"Sem Vítimas";"Pleno dia";"Decrescente";"Sol";"Dupla";"Reta";"Urbano";3;0;0;0;3;0;0;3
83456638;"15/04/16";"Sexta";"18:45:00";"RS";116;"146,8";"CAXIAS DO SUL";"Falta de atenção";"Colisão traseira";"Com Vítimas Feridas";"Anoitecer";"Decrescente";"Ceu Claro";"Dupla";"Reta";"Urbano";5;0;2;0;3;0;2;3
83456639;"15/04/16";"Sexta";"18:10:00";"PR";373;"231,3";"IMBITUVA";"Outras";"Queda de motocicleta / bicicleta / veículo";"Com Vítimas Feridas";"Anoitecer";"Decrescente";"Ceu Claro";"Simples";"Reta";"Rural";1;0;1;0;0;0;1;1
83456640;"15/04/16";"Sexta";"13:50:00";"MS";163;"730,2";"COXIM";"Desobediência à sinalização";"Colisão Transversal";"Com Vítimas Feridas";"Pleno dia";"Crescente";"Ceu Claro";"Simples";"Reta";"Urbano";5;0;1;0;4;0;1;2
83456641;"15/04/16";"Sexta";"17:30:00";"SC";101;"137,8";"BALNEARIO CAMBORIU";"Desobediência à sinalização";"Colisão lateral";"Com Vítimas Feridas";"Anoitecer";"Crescente";"Ceu Claro";"Simples";"Reta";"Urbano";2;0;1;0;1;0;1;2
83456642;"15/04/16";"Sexta";"12:15:00";"RS";448;"22,3";"CANOAS";"Falta de atenção";"Colisão traseira";"Sem Vítimas";"Pleno dia";"Decrescente";"Ceu Claro";"Dupla";"Curva";"Urbano";3;0;0;0;3;0;0;3
83456643;"15/04/16";"Sexta";"17:30:00";"MT";163;"532";"DIAMANTINO";"Ultrapassagem indevida";"Colisão lateral";"Sem Vítimas";"Anoitecer";"Crescente";"Ceu Claro";"Simples";"Reta";"Rural";5;0;0;0;4;1;0;5
83456644;"11/04/16";"Segunda";"02:00:00";"SC";101;"212,9";"PALHOCA";"Outras";"Saída de Pista";"Ignorado";"Plena noite";"Decrescente";"Nublado";"Dupla";"Reta";"Urbano";1;0;0;0;0;1;0;1
83456645;"15/04/16";"Sexta";"19:00:00";"TO";230;"26";"NAZARE";"Falta de atenção";"Colisão lateral";"Sem Vítimas";"Plena noite";"Crescente";"Ceu Claro";"Simples";"Reta";"Rural";3;0;0;0;3;0;0;2
83456646;"15/04/16";"Sexta";"18:45:00";"RS";293;"13";"CAPAO DO LEAO";"Outras";"Colisão Transversal";"Com Vítimas Feridas";"Plena noite";"Crescente";"Ceu Claro";"Simples";"Reta";"Urbano";3;0;1;0;2;0;1;3
83456647;"15/04/16";"Sexta";"18:45:00";"PR";369;"162,2";"CAMBE";"Não guardar distância de segurança";"Colisão traseira";"Com Vítimas Feridas";"Anoitecer";"Decrescente";"Ceu Claro";"Dupla";"Reta";"Urbano";4;0;1;0;3;0;1;2
83456648;"15/04/16";"Sexta";"17:00:00";"RJ";116;"104";"GUAPIMIRIM";"Outras";"Saída de Pista";"Com Vítimas Feridas";"Pleno dia";"Decrescente";"Ceu Claro";"Dupla";"Curva";"Rural";3;0;0;2;1;0;2;1
83456649;"08/04/16";"Sexta";"06:20:00";"BA";242;"260";"IBIQUERA";"Ultrapassagem indevida";"Colisão lateral";"Com Vítimas Feridas";"Pleno dia";"Decrescente";"Ceu Claro";"Simples";"Curva";"Rural";8;0;5;0;2;1;5;3
83456650;"15/04/16";"Sexta";"14:00:00";"RN";226;"103,3";"SANTA CRUZ";"Defeito mecânico em veículo";"Colisão lateral";"Com Vítimas Feridas";"Pleno dia";"Crescente";"Nublado";"Simples";"Reta";"Rural";4;0;2;0;2;0;2;2
83456651;"15/04/16";"Sexta";"19:25:00";"SP";116;"144,5";"SAO JOSE DOS CAMPOS";"Outras";"Colisão traseira";"Com Vítimas Feridas";"Plena noite";"Crescente";"Ceu Claro";"Múltipla";"Reta";"Urbano";4;0;4;0;0;0;4;4
83456652;"15/04/16";"Sexta";"19:15:00";"PR";376;"644";"TIJUCAS DO SUL";"Outras";"Atropelamento de pessoa";"Com Vítimas Fatais";"Plena noite";"Decrescente";"Ceu Claro";"Dupla";"Reta";"Rural";2;1;0;0;0;1;0;1
83456653;"15/04/16";"Sexta";"14:15:00";"GO";153;"495,1";"GOIANIA";"Falta de atenção";"Colisão lateral";"Sem Vítimas";"Pleno dia";"Decrescente";"Sol";"Dupla";"Reta";"Urbano";2;0;0;0;2;0;0;2
83456654;"11/04/16";"Segunda";"09:40:00";"PR";376;"303";"MAUA DA SERRA";"Outras";"Tombamento";"Com Vítimas Feridas";"Pleno dia";"Crescente";"Sol";"Dupla";"Curva";"Rural";1;0;1;0;0;0;1;1
83456655;"15/04/16";"Sexta";"18:30:00";"SC";158;"125,8";"CAIBI";"Outras";"Colisão Transversal";"Com Vítimas Fatais";"Anoitecer";"Crescente";"Ceu Claro";"Simples";"Curva";"Rural";2;1;0;0;1;0;0;2
83456656;"11/04/16";"Segunda";"07:40:00";"SP";116;"214";"GUARULHOS";"Falta de atenção";"Colisão traseira";"Com Vítimas Feridas";"Pleno dia";"Crescente";"Sol";"Múltipla";"Reta";"Urbano";2;0;1;0;1;0;1;2
83456657;"15/04/16";"Sexta";"19:00:00";"PR";369;"162";"CAMBE";"Falta de atenção";"Colisão traseira";"Sem Vítimas";"Plena noite";"Decrescente";"Ceu Claro";"Dupla";"Reta";"Urbano";2;0;0;0;2;0;0;2
83456658;"15/04/16";"Sexta";"08:35:00";"SC";101;"213,7";"PALHOCA";"Falta de atenção";"Colisão traseira";"Com Vítimas Feridas";"Pleno dia";"Decrescente";"Sol";"Dupla";"Reta";"Urbano";2;0;1;0;1;0;1;2
83456659;"15/04/16";"Sexta";"15:50:00";"RO";364;"239";"CACOAL";"Falta de atenção";"Colisão Transversal";"Sem Vítimas";"Pleno dia";"Decrescente";"Sol";"Simples";"Reta";"Urbano";4;0;0;0;4;0;0;2
83456660;"15/04/16";"Sexta";"17:30:00";"GO";60;"10,5";"APARECIDA DE GOIANIA";"Desobediência à sinalização";"Colisão Transversal";"Com Vítimas Feridas";"Pleno dia";"Crescente";"Ceu Claro";"Dupla";"Reta";"Urbano";2;0;0;1;1;0;1;2
83456661;"15/04/16";"Sexta";"19:40:00";"MG";381;"503,6";"BETIM";"Outras";"Capotamento";"Sem Vítimas";"Plena noite";"Decrescente";"Ceu Claro";"Dupla";"Curva";"Urbano";1;0;0;0;1;0;0;1
83456663;"15/04/16";"Sexta";"16:20:00";"PB";101;"97,3";"ALHANDRA";"Velocidade incompatível";"Saída de Pista";"Com Vítimas Feridas";"Anoitecer";"Decrescente";"Chuva";"Dupla";"Reta";"Urbano";3;0;2;1;0;0;3;1
83456664;"15/04/16";"Sexta";"19:50:00";"PR";376;"152,2";"MANDAGUACU";"Falta de atenção";"Saída de Pista";"Sem Vítimas";"Plena noite";"Decrescente";"Ceu Claro";"Simples";"Reta";"Rural";1;0;0;0;1;0;0;1
83456665;"05/04/16";"Terça";"18:30:00";"MG";262;"470";"BOM DESPACHO";"Ingestão de álcool";"Colisão frontal";"Sem Vítimas";"Anoitecer";"Crescente";"Ceu Claro";"Simples";"Curva";"Rural";2;0;0;0;2;0;0;2
83456666;"15/04/16";"Sexta";"22:00:00";"MG";354;"747,1";"ITAMONTE";"Velocidade incompatível";"Capotamento";"Sem Vítimas";"Plena noite";"Crescente";"Ceu Claro";"Simples";"Curva";"Rural";2;0;0;0;2;0;0;1
83456667;"15/04/16";"Sexta";"18:30:00";"SP";153;"66,8";"SAO JOSE DO RIO PRETO";"Outras";"Queda de motocicleta / bicicleta / veículo";"Com Vítimas Feridas";"Anoitecer";"Decrescente";"Ceu Claro";"Simples";"Curva";"Urbano";1;0;1;0;0;0;1;1
83456668;"15/04/16";"Sexta";"21:00:00";"RJ";101;"229";"SILVA JARDIM";"Outras";"Saída de Pista";"Sem Vítimas";"Plena noite";"Decrescente";"Ignorada";"Dupla";"Reta";"Rural";1;0;0;0;1;0;0;1
83456669;"15/04/16";"Sexta";"10:30:00";"PA";222;"235";"MARABA";"Outras";"Queda de motocicleta / bicicleta / veículo";"Com Vítimas Feridas";"Pleno dia";"Crescente";"Ceu Claro";"Simples";"Reta";"Urbano";2;0;2;0;0;0;2;1
83456670;"13/04/16";"Quarta";"04:40:00";"SP";381;"79";"SAO PAULO";"Outras";"Capotamento";"Sem Vítimas";"Plena noite";"Decrescente";"Nublado";"Múltipla";"Curva";"Urbano";1;0;0;0;1;0;0;1
83456671;"15/04/16";"Sexta";"15:20:00";"PI";343;"348,1";"TERESINA";"Falta de atenção";"Colisão traseira";"Com Vítimas Feridas";"Pleno dia";"Crescente";"Ceu Claro";"Dupla";"Reta";"Urbano";2;0;0;1;0;1;1;2
83456672;"15/04/16";"Sexta";"21:30:00";"RS";448;"7";"ESTEIO";"Defeito mecânico em veículo";"Incêndio";"Sem Vítimas";"Plena noite";"Crescente";"Ceu Claro";"Dupla";"Reta";"Urbano";1;0;0;0;1;0;0;1
83456673;"15/04/16";"Sexta";"18:12:00";"MS";163;"508,5";"JARAGUARI";"Falta de atenção";"Colisão Transversal";"Sem Vítimas";"Anoitecer";"Crescente";"Ceu Claro";"Simples";"Reta";"Rural";5;0;0;0;5;0;0;2
83456674;"15/04/16";"Sexta";"18:30:00";"SC";282;"481,9";"FAXINAL DOS GUEDES";"Outras";"Colisão frontal";"Com Vítimas Fatais";"Anoitecer";"Crescente";"Ceu Claro";"Simples";"Curva";"Rural";2;1;0;0;1;0;0;2
83456675;"15/04/16";"Sexta";"12:15:00";"PB";101;"90";"JOAO PESSOA";"Desobediência à sinalização";"Colisão Transversal";"Com Vítimas Feridas";"Pleno dia";"Decrescente";"Sol";"Dupla";"Reta";"Urbano";3;0;1;0;2;0;1;2
83456676;"15/04/16";"Sexta";"20:20:00";"RS";116;"329,4";"BARRA DO RIBEIRO";"Ingestão de álcool";"Colisão frontal";"Com Vítimas Feridas";"Plena noite";"Decrescente";"Ceu Claro";"Simples";"Reta";"Rural";2;0;1;1;0;0;2;2
83456677;"15/04/16";"Sexta";"14:30:00";"RS";392;"3";"CAPAO DO LEAO";"Animais na Pista";"Saída de Pista";"Sem Vítimas";"Pleno dia";"Decrescente";"Ceu Claro";"Simples";"Reta";"Rural";1;0;0;0;1;0;0;1
83456678;"15/04/16";"Sexta";"17:00:00";"MS";158;"175,7";"APARECIDA DO TABOADO";"Velocidade incompatível";"Colisão frontal";"Com Vítimas Fatais";"Pleno dia";"Crescente";"Sol";"Simples";"Curva";"Rural";15;1;13;0;1;0;13;2
83456679;"15/04/16";"Sexta";"23:30:00";"SC";101;"14,9";"GARUVA";"Falta de atenção";"Colisão traseira";"Sem Vítimas";"Plena noite";"Decrescente";"Ceu Claro";"Dupla";"Cruzamento";"Urbano";2;0;0;0;2;0;0;2
83456680;"15/04/16";"Sexta";"23:15:00";"RS";470;"210";"BENTO GONCALVES";"Falta de atenção";"Saída de Pista";"Sem Vítimas";"Plena noite";"Decrescente";"Ceu Claro";"Simples";"Curva";"Rural";2;0;0;0;2;0;0;1
83456681;"15/04/16";"Sexta";"22:35:00";"RS";386;"196,3";"SANTO ANTONIO DO PLANALTO";"Ultrapassagem indevida";"Colisão frontal";"Com Vítimas Fatais";"Plena noite";"Crescente";"Ceu Claro";"Simples";"Reta";"Rural";3;1;0;1;1;0;1;2
83456682;"15/04/16";"Sexta";"23:35:00";"MG";116;"530";"CARATINGA";"Ingestão de álcool";"Colisão Transversal";"Com Vítimas Feridas";"Plena noite";"Decrescente";"Ceu Claro";"Simples";"Cruzamento";"Urbano";3;0;2;1;0;0;3;2
83456683;"15/04/16";"Sexta";"16:00:00";"RS";116;"28";"VACARIA";"Falta de atenção";"Tombamento";"Com Vítimas Feridas";"Pleno dia";"Decrescente";"Ceu Claro";"Simples";"Reta";"Rural";6;0;4;0;2;0;4;1
83456684;"15/04/16";"Sexta";"21:55:00";"PR";376;"175,7";"MARINGA";"Não guardar distância de segurança";"Colisão traseira";"Com Vítimas Feridas";"Plena noite";"Decrescente";"Ceu Claro";"Múltipla";"Reta";"Urbano";4;0;1;0;3;0;1;3
83456685;"15/04/16";"Sexta";"23:00:00";"CE";222;"1,4";"FORTALEZA";"Outras";"Atropelamento de pessoa";"Com Vítimas Feridas";"Plena noite";"Crescente";"Nublado";"Múltipla";"Reta";"Urbano";2;0;0;1;1;0;1;1
83456686;"15/04/16";"Sexta";"17:30:00";"MT";163;"579,8";"NOVA MUTUM";"Ultrapassagem indevida";"Colisão frontal";"Sem Vítimas";"Anoitecer";"Decrescente";"Ignorada";"Simples";"Reta";"Rural";2;0;0;0;2;0;0;2
83456687;"15/04/16";"Sexta";"19:10:00";"MG";40;"591,7";"ITABIRITO";"Dormindo";"Colisão traseira";"Sem Vítimas";"Plena noite";"Crescente";"Ceu Claro";"Dupla";"Reta";"Rural";2;0;0;0;2;0;0;2
83456688;"15/04/16";"Sexta";"21:40:00";"PR";277;"98,3";"CURITIBA";"Não guardar distância de segurança";"Colisão traseira";"Com Vítimas Feridas";"Plena noite";"Crescente";"Ceu Claro";"Dupla";"Reta";"Urbano";2;0;0;1;1;0;1;2
83456689;"15/04/16";"Sexta";"22:00:00";"SP";116;"102,4";"PINDAMONHANGABA";"Outras";"Colisão traseira";"Com Vítimas Feridas";"Plena noite";"Decrescente";"Ceu Claro";"Dupla";"Reta";"Urbano";2;0;1;0;0;1;1;2
83456690;"16/04/16";"Sábado";"00:30:00";"MG";50;"61";"UBERLANDIA";"Falta de atenção";"Saída de Pista";"Com Vítimas Feridas";"Plena noite";"Crescente";"Ceu Claro";"Dupla";"Curva";"Urbano";4;0;3;0;1;0;3;1
83456691;"10/04/16";"Domingo";"17:20:00";"GO";60;"78,4";"ANAPOLIS";"Não guardar distância de segurança";"Saída de Pista";"Com Vítimas Feridas";"Pleno dia";"Crescente";"Ceu Claro";"Dupla";"Reta";"Rural";5;0;1;0;4;0;1;1
83456692;"15/04/16";"Sexta";"19:05:00";"MG";364;"32,8";"FRUTAL";"Outras";"Colisão com objeto fixo";"Com Vítimas Feridas";"Plena noite";"Decrescente";"Ceu Claro";"Simples";"Reta";"Urbano";1;0;1;0;0;0;1;1
83456693;"15/04/16";"Sexta";"23:15:00";"RS";386;"215";"TIO HUGO";"Defeito mecânico em veículo";"Colisão traseira";"Ignorado";"Plena noite";"Decrescente";"Ceu Claro";"Dupla";"Reta";"Rural";2;0;0;0;0;2;0;2
83456694;"15/04/16";"Sexta";"23:30:00";"RJ";101;"407";"ITAGUAI";"Velocidade incompatível";"Colisão com objeto fixo";"Com Vítimas Feridas";"Plena noite";"Decrescente";"Ceu Claro";"Simples";"Reta";"Urbano";3;0;2;0;1;0;2;2
83456695;"15/04/16";"Sexta";"21:00:00";"ES";101;"359";"ANCHIETA";"Falta de atenção";"Colisão traseira";"Com Vítimas Feridas";"Plena noite";"Crescente";"Ceu Claro";"Dupla";"Reta";"Rural";2;0;1;0;1;0;1;2
83456696;"15/04/16";"Sexta";"21:30:00";"SE";101;"93";"NOSSA SENHORA DO SOCORRO";"Falta de atenção";"Colisão Transversal";"Com Vítimas Feridas";"Plena noite";"Decrescente";"Ceu Claro";"Dupla";"Reta";"Urbano";2;0;1;0;0;1;1;2
83456697;"16/04/16";"Sábado";"00:02:00";"PB";230;"15,2";"JOAO PESSOA";"Defeito na via";"Colisão com objeto fixo";"Sem Vítimas";"Amanhecer";"Decrescente";"Chuva";"Dupla";"Reta";"Urbano";1;0;0;0;1;0;0;1
83456698;"07/04/16";"Quinta";"17:40:00";"PI";316;"163";"ELESBAO VELOSO";"Falta de atenção";"Capotamento";"Com Vítimas Feridas";"Anoitecer";"Crescente";"Ignorada";"Simples";"Reta";"Urbano";1;0;1;0;0;0;1;1
83456699;"15/04/16";"Sexta";"22:45:00";"PE";101;"69";"RECIFE";"Defeito na via";"Queda de motocicleta / bicicleta / veículo";"Com Vítimas Feridas";"Plena noite";"Decrescente";"Chuva";"Simples";"Curva";"Urbano";1;0;0;1;0;0;1;1
83456700;"15/04/16";"Sexta";"22:00:00";"MG";146;"564,8";"ANDRADAS";"Ingestão de álcool";"Colisão com objeto fixo";"Com Vítimas Feridas";"Plena noite";"Crescente";"Ceu Claro";"Simples";"Curva";"Rural";1;0;1;0;0;0;1;1
83456701;"15/04/16";"Sexta";"10:40:00";"GO";60;"0,3";"GOIANIA";"Falta de atenção";"Tombamento";"Sem Vítimas";"Pleno dia";"Decrescente";"Sol";"Dupla";"Cruzamento";"Urbano";1;0;0;0;1;0;0;1
83456702;"16/04/16";"Sábado";"00:45:00";"PR";369;"25";"CAMBARA";"Outras";"Capotamento";"Com Vítimas Feridas";"Plena noite";"Crescente";"Ceu Claro";"Simples";"Reta";"Rural";2;0;1;0;1;0;1;2
83456703;"15/04/16";"Sexta";"14:25:00";"BA";101;"455,5";"AURELINO LEAL";"Outras";"Colisão traseira";"Com Vítimas Feridas";"Pleno dia";"Decrescente";"Sol";"Simples";"Reta";"Rural";6;0;1;1;4;0;2;2
83456704;"15/04/16";"Sexta";"21:55:00";"RN";101;"107";"PARNAMIRIM";"Desobediência à sinalização";"Colisão Transversal";"Com Vítimas Feridas";"Plena noite";"Crescente";"Chuva";"Dupla";"Cruzamento";"Urbano";2;0;1;0;1;0;1;2
83456705;"15/04/16";"Sexta";"19:40:00";"PB";230;"51,8";"SANTA RITA";"Outras";"Capotamento";"Com Vítimas Feridas";"Plena noite";"Crescente";"Chuva";"Dupla";"Reta";"Rural";1;0;1;0;0;0;1;1
83456706;"16/04/16";"Sábado";"02:00:00";"CE";116;"145,8";"RUSSAS";"Animais na Pista";"Capotamento";"Sem Vítimas";"Plena noite";"Decrescente";"Ceu Claro";"Simples";"Reta";"Rural";2;0;0;0;2;0;0;1
83456707;"16/04/16";"Sábado";"03:30:00";"PR";116;"42";"CAMPINA GRANDE DO SUL";"Defeito mecânico em veículo";"Saída de Pista";"Com Vítimas Feridas";"Plena noite";"Crescente";"Ceu Claro";"Dupla";"Curva";"Rural";1;0;1;0;0;0;1;1
83456708;"16/04/16";"Sábado";"00:30:00";"BA";116;"371,4";"SERRINHA";"Defeito mecânico em veículo";"Saída de Pista";"Com Vítimas Fatais";"Plena noite";"Crescente";"Ceu Claro";"Simples";"Curva";"Rural";5;1;2;2;0;0;4;1
83456709;"16/04/16";"Sábado";"03:30:00";"SP";116;"350";"MIRACATU";"Velocidade incompatível";"Colisão traseira";"Sem Vítimas";"Plena noite";"Decrescente";"Ceu Claro";"Simples";"Reta";"Rural";2;0;0;0;2;0;0;2
83456710;"16/04/16";"Sábado";"04:00:00";"RS";285;"487";"ENTRE IJUIS";"Dormindo";"Saída de Pista";"Sem Vítimas";"Plena noite";"Decrescente";"Ceu Claro";"Simples";"Reta";"Rural";1;0;0;0;1;0;0;1
83456711;"08/04/16";"Sexta";"06:15:00";"PR";277;"152";"PORTO AMAZONAS";"Ultrapassagem indevida";"Saída de Pista";"Com Vítimas Feridas";"Pleno dia";"Crescente";"Ceu Claro";"Simples";"Reta";"Rural";2;0;1;0;1;0;1;2
83456712;"15/04/16";"Sexta";"19:20:00";"ES";101;"270,7";"SERRA";"Falta de atenção";"Colisão traseira";"Com Vítimas Feridas";"Plena noite";"Decrescente";"Ceu Claro";"Múltipla";"Reta";"Urbano";3;0;1;1;0;1;2;2
83456713;"16/04/16";"Sábado";"05:00:00";"RS";101;"82";"OSORIO";"Ingestão de álcool";"Colisão traseira";"Com Vítimas Feridas";"Plena noite";"Crescente";"Ceu Claro";"Dupla";"Reta";"Urbano";6;0;2;0;4;0;2;2
83456714;"16/04/16";"Sábado";"05:20:00";"RS";116;"260";"CANOAS";"Falta de atenção";"Capotamento";"Com Vítimas Feridas";"Plena noite";"Decrescente";"Ceu Claro";"Dupla";"Reta";"Urbano";1;0;1;0;0;0;1;1
83456716;"05/04/16";"Terça";"00:10:00";"MA";222;"410";"SANTA LUZIA";"Outras";"Incêndio";"Com Vítimas Feridas";"Plena noite";"Decrescente";"Nublado";"Simples";"Reta";"Rural";1;0;1;0;0;0;1;1
83456717;"15/04/16";"Sexta";"19:50:00";"PR";369;"40";"ANDIRA";"Desobediência à sinalização";"Colisão frontal";"Com Vítimas Feridas";"Plena noite";"Decrescente";"Ceu Claro";"Simples";"Cruzamento";"Urbano";2;0;0;1;1;0;1;2
83456718;"16/04/16";"Sábado";"00:20:00";"MG";381;"598";"CARMOPOLIS DE MINAS";"Outras";"Colisão com objeto fixo";"Sem Vítimas";"Plena noite";"Crescente";"Ceu Claro";"Dupla";"Reta";"Rural";1;0;0;0;1;0;0;1
83456719;"16/04/16";"Sábado";"04:15:00";"PR";376;"98";"PARANAVAI";"Outras";"Colisão com objeto fixo";"Sem Vítimas";"Plena noite";"Crescente";"Ceu Claro";"Simples";"Reta";"Rural";2;0;0;0;2;0;0;2
83456720;"16/04/16";"Sábado";"05:30:00";"CE";116;"160";"RUSSAS";"Outras";"Queda de motocicleta / bicicleta / veículo";"Com Vítimas Fatais";"Amanhecer";"Crescente";"Ceu Claro";"Simples";"Reta";"Urbano";1;1;0;0;0;0;0;1
83456721;"16/04/16";"Sábado";"05:00:00";"RS";285;"298,1";"PASSO FUNDO";"Ingestão de álcool";"Colisão traseira";"Ignorado";"Plena noite";"Decrescente";"Ceu Claro";"Simples";"Reta";"Urbano";2;0;0;0;0;2;0;2
83456722;"16/04/16";"Sábado";"04:50:00";"MS";163;"500";"JARAGUARI";"Ultrapassagem indevida";"Colisão lateral";"Sem Vítimas";"Plena noite";"Crescente";"Ceu Claro";"Simples";"Reta";"Rural";2;0;0;0;2;0;0;2
83456723;"15/04/16";"Sexta";"21:30:00";"PR";476;"124";"CURITIBA";"Ultrapassagem indevida";"Queda de motocicleta / bicicleta / veículo";"Com Vítimas Feridas";"Plena noite";"Decrescente";"Ceu Claro";"Dupla";"Reta";"Urbano";1;0;0;1;0;0;1;1
83456724;"15/04/16";"Sexta";"23:20:00";"SP";116;"308";"SAO LOURENCO DA SERRA";"Falta de atenção";"Colisão com objeto fixo";"Sem Vítimas";"Plena noite";"Crescente";"Ceu Claro";"Simples";"Curva";"Urbano";1;0;0;0;1;0;0;1
83456725;"15/04/16";"Sexta";"00:30:00";"MG";381;"844,9";"SAO SEBASTIAO DA BELA VISTA";"Defeito mecânico em veículo";"Danos Eventuais";"Sem Vítimas";"Plena noite";"Decrescente";"Ceu Claro";"Dupla";"Reta";"Rural";1;0;0;0;1;0;0;1
83456726;"15/04/16";"Sexta";"14:20:00";"SP";116;"279";"EMBU";"Velocidade incompatível";"Colisão traseira";"Com Vítimas Feridas";"Pleno dia";"Crescente";"Ceu Claro";"Dupla";"Reta";"Urbano";4;0;1;0;3;0;1;3
83456727;"16/04/16";"Sábado";"06:00:00";"PR";376;"551,8";"BALSA NOVA";"Dormindo";"Colisão com objeto fixo";"Sem Vítimas";"Amanhecer";"Crescente";"Ceu Claro";"Dupla";"Curva";"Rural";2;0;0;0;2;0;0;2
83456728;"16/04/16";"Sábado";"00:10:00";"MG";381;"636,9";"SANTO ANTONIO DO AMPARO";"Dormindo";"Colisão traseira";"Com Vítimas Fatais";"Plena noite";"Crescente";"Ceu Claro";"Dupla";"Curva";"Rural";2;1;0;0;1;0;0;2
83456729;"15/04/16";"Sexta";"17:20:00";"MG";40;"748";"SANTOS DUMONT";"Outras";"Derramamento de Carga";"Sem Vítimas";"Pleno dia";"Decrescente";"Ceu Claro";"Simples";"Reta";"Urbano";1;0;0;0;1;0;0;1
83456730;"14/04/16";"Quinta";"02:20:00";"PE";428;"170,1";"PETROLINA";"Dormindo";"Saída de Pista";"Com Vítimas Fatais";"Plena noite";"Decrescente";"Ceu Claro";"Simples";"Reta";"Rural";1;1;0;0;0;0;0;1
83456731;"08/04/16";"Sexta";"18:05:00";"PB";230;"29";"JOAO PESSOA";"Falta de atenção";"Colisão com objeto fixo";"Com Vítimas Feridas";"Plena noite";"Decrescente";"Ceu Claro";"Dupla";"Reta";"Urbano";1;0;1;0;0;0;1;1
83456732;"15/04/16";"Sexta";"06:55:00";"SP";116;"144";"SAO JOSE DOS CAMPOS";"Falta de atenção";"Colisão traseira";"Sem Vítimas";"Pleno dia";"Crescente";"Ceu Claro";"Dupla";"Reta";"Rural";3;0;0;0;2;1;0;3
83456733;"15/04/16";"Sexta";"08:55:00";"GO";414;"440";"ANAPOLIS";"Falta de atenção";"Colisão lateral";"Com Vítimas Feridas";"Pleno dia";"Crescente";"Sol";"Simples";"Curva";"Urbano";2;0;1;0;1;0;1;2
83456734;"16/04/16";"Sábado";"00:30:00";"PR";277;"74";"SAO JOSE DOS PINHAIS";"Outras";"Queda de motocicleta / bicicleta / veículo";"Com Vítimas Fatais";"Plena noite";"Decrescente";"Ceu Claro";"Dupla";"Reta";"Rural";1;1;0;0;0;0;0;1
83456735;"16/04/16";"Sábado";"06:00:00";"RJ";116;"270";"BARRA MANSA";"Outras";"Saída de Pista";"Sem Vítimas";"Amanhecer";"Decrescente";"Ceu Claro";"Simples";"Reta";"Urbano";1;0;0;0;1;0;0;1
83456736;"15/04/16";"Sexta";"00:35:00";"MT";364;"205";"RONDONOPOLIS";"Ingestão de álcool";"Colisão frontal";"Sem Vítimas";"Plena noite";"Crescente";"Ceu Claro";"Dupla";"Reta";"Urbano";2;0;0;0;2;0;0;2
83456737;"16/04/16";"Sábado";"05:50:00";"RS";290;"30";"SANTO ANTONIO DA PATRULHA";"Falta de atenção";"Colisão traseira";"Com Vítimas Feridas";"Amanhecer";"Decrescente";"Ceu Claro";"Dupla";"Reta";"Rural";2;0;0;1;1;0;1;2
83456738;"16/04/16";"Sábado";"07:25:00";"RS";386;"148,5";"ALMIRANTE TAMANDARE DO SUL";"Dormindo";"Saída de Pista";"Com Vítimas Feridas";"Amanhecer";"Crescente";"Ceu Claro";"Simples";"Curva";"Rural";1;0;1;0;0;0;1;1
83456739;"16/04/16";"Sábado";"05:50:00";"RS";153;"9,3";"MARCELINO RAMOS";"Velocidade incompatível";"Saída de Pista";"Com Vítimas Feridas";"Amanhecer";"Crescente";"Ceu Claro";"Simples";"Curva";"Rural";1;0;1;0;0;0;1;1
83456740;"16/04/16";"Sábado";"07:40:00";"RS";116;"243,5";"SAO LEOPOLDO";"Não guardar distância de segurança";"Colisão traseira";"Sem Vítimas";"Pleno dia";"Crescente";"Sol";"Múltipla";"Cruzamento";"Urbano";2;0;0;0;2;0;0;2
83456741;"08/04/16";"Sexta";"17:50:00";"PR";116;"102";"SAO JOSE DOS PINHAIS";"Defeito mecânico em veículo";"Saída de Pista";"Com Vítimas Feridas";"Anoitecer";"Crescente";"Ceu Claro";"Dupla";"Reta";"Rural";2;0;1;0;1;0;1;1
83456742;"10/04/16";"Domingo";"15:35:00";"RN";304;"33";"MOSSORO";"Outras";"Colisão com objeto fixo";"Com Vítimas Feridas";"Pleno dia";"Crescente";"Chuva";"Dupla";"Reta";"Urbano";7;0;4;0;3;0;4;2