"id";"data_inversa";"dia_semana";"horario";"uf";"br";"km";"municipio";"causa_acidente";"tipo_acidente";"classificacao_acidente";"fase_dia";"sentido_via";"condicao_metereologica";"tipo_pista";"tracado_via";"uso_solo";"pessoas";"mortos";"feridos_leves";"feridos_graves";"ilesos";"ignorados";"feridos";"veiculos"
83456743;"16/04/16";"Sábado";"05:40:00";"RS";290;"103";"ELDORADO DO SUL";"Ingestão de álcool";"Colisão traseira";"Sem Vítimas";"Plena noite";"Crescente";"Ceu Claro";"Dupla";"Reta";"Rural";2;0;0;0;2;0;0;2
83456744;"08/04/16";"Sexta";"21:30:00";"SP";116;"125";"CACAPAVA";"Outras";"Colisão lateral";"Sem Vítimas";"Plena noite";"Decrescente";"Ceu Claro";"Dupla";"Reta";"Rural";2;0;0;0;2;0;0;2
83456746;"08/04/16";"Sexta";"23:30:00";"MG";116;"521,6";"CARATINGA";"Velocidade incompatível";"Colisão com objeto fixo";"Com Vítimas Feridas";"Plena noite";"Crescente";"Nublado";"Simples";"Curva";"Rural";2;0;1;1;0;0;2;1
83456747;"16/04/16";"Sábado";"06:15:00";"RS";386;"415,9";"TRIUNFO";"Não guardar distância de segurança";"Colisão traseira";"Com Vítimas Feridas";"Pleno dia";"Crescente";"Ceu Claro";"Dupla";"Reta";"Urbano";2;0;1;0;1;0;1;2
83456749;"16/04/16";"Sábado";"07:25:00";"RO";364;"342,5";"JI-PARANA";"Desobediência à sinalização";"Colisão lateral";"Com Vítimas Feridas";"Pleno dia";"Crescente";"Ceu Claro";"Dupla";"Reta";"Urbano";2;0;1;0;1;0;1;2
83456750;"16/04/16";"Sábado";"07:10:00";"TO";153;"649,3";"GURUPI";"Outras";"Tombamento";"Com Vítimas Feridas";"Pleno dia";"Decrescente";"Ceu Claro";"Simples";"Reta";"Rural";1;0;1;0;0;0;1;1
83456751;"09/04/16";"Sábado";"01:40:00";"PR";163;"72,4";"PLANALTO";"Velocidade incompatível";"Saída de Pista";"Com Vítimas Feridas";"Plena noite";"Crescente";"Ceu Claro";"Simples";"Curva";"Rural";1;0;0;1;0;0;1;1
83456752;"14/04/16";"Quinta";"17:30:00";"MG";40;"526,5";"CONTAGEM";"Outras";"Colisão lateral";"Com Vítimas Feridas";"Anoitecer";"Decrescente";"Ignorada";"Dupla";"Reta";"Urbano";2;0;0;1;1;0;1;2
83456753;"16/04/16";"Sábado";"05:40:00";"PE";232;"25,3";"MORENO";"Outras";"Capotamento";"Sem Vítimas";"Pleno dia";"Decrescente";"Chuva";"Dupla";"Reta";"Rural";1;0;0;0;1;0;0;1
83456754;"16/04/16";"Sábado";"07:00:00";"RO";174;"15,5";"VILHENA";"Outras";"Colisão frontal";"Com Vítimas Feridas";"Amanhecer";"Crescente";"Ceu Claro";"Simples";"Reta";"Urbano";2;0;0;1;0;1;1;2
83456755;"16/04/16";"Sábado";"00:10:00";"PR";476;"267";"SAO MATEUS DO SUL";"Desobediência à sinalização";"Colisão frontal";"Com Vítimas Fatais";"Plena noite";"Crescente";"Ceu Claro";"Simples";"Reta";"Rural";3;2;1;0;0;0;1;2
83456757;"16/04/16";"Sábado";"06:30:00";"RS";285;"628";"SANTO ANTONIO DAS MISSOES";"Defeito na via";"Saída de Pista";"Com Vítimas Feridas";"Pleno dia";"Crescente";"Ceu Claro";"Simples";"Reta";"Rural";1;0;1;0;0;0;1;1
83456758;"12/04/16";"Terça";"16:00:00";"SP";116;"219";"GUARULHOS";"Desobediência à sinalização";"Atropelamento de pessoa";"Com Vítimas Fatais";"Pleno dia";"Crescente";"Sol";"Múltipla";"Reta";"Urbano";4;1;0;0;3;0;0;1
83456759;"26/03/16";"Sábado";"17:00:00";"SC";101;"207,8";"BIGUACU";"Outras";"Queda de motocicleta / bicicleta / veículo";"Com Vítimas Feridas";"Pleno dia";"Decrescente";"Ceu Claro";"Múltipla";"Reta";"Urbano";2;0;1;0;1;0;1;1
83456760;"16/04/16";"Sábado";"09:00:00";"PR";163;"95";"CAPANEMA";"Defeito mecânico em veículo";"Saída de Pista";"Sem Vítimas";"Pleno dia";"Crescente";"Sol";"Simples";"Curva";"Rural";1;0;0;0;1;0;0;1
83456762;"15/04/16";"Sexta";"12:15:00";"PR";277;"466,6";"LARANJEIRAS DO SUL";"Falta de atenção";"Colisão com objeto fixo";"Com Vítimas Feridas";"Pleno dia";"Decrescente";"Sol";"Simples";"Curva";"Rural";2;0;2;0;0;0;2;1
83456763;"11/04/16";"Segunda";"04:00:00";"PR";116;"9";"CAMPINA GRANDE DO SUL";"Velocidade incompatível";"Saída de Pista";"Sem Vítimas";"Plena noite";"Crescente";"Nublado";"Dupla";"Curva";"Rural";1;0;0;0;1;0;0;1
83456764;"16/04/16";"Sábado";"06:40:00";"RS";471;"159";"RIO PARDO";"Falta de atenção";"Colisão lateral";"Com Vítimas Fatais";"Amanhecer";"Decrescente";"Ceu Claro";"Simples";"Reta";"Rural";2;1;0;0;1;0;0;2
83456765;"16/04/16";"Sábado";"09:30:00";"SC";101;"287,9";"IMBITUBA";"Desobediência à sinalização";"Colisão Transversal";"Com Vítimas Feridas";"Pleno dia";"Decrescente";"Sol";"Simples";"Cruzamento";"Urbano";3;0;2;0;1;0;2;2
83456766;"12/04/16";"Terça";"07:30:00";"SP";116;"227";"GUARULHOS";"Não guardar distância de segurança";"Colisão lateral";"Com Vítimas Feridas";"Pleno dia";"Crescente";"Sol";"Múltipla";"Reta";"Urbano";2;0;1;0;1;0;1;2
83456767;"15/04/16";"Sexta";"11:00:00";"PR";277;"726,4";"FOZ DO IGUACU";"Falta de atenção";"Colisão lateral";"Com Vítimas Feridas";"Pleno dia";"Decrescente";"Ceu Claro";"Dupla";"Cruzamento";"Urbano";2;0;1;0;1;0;1;2
83456768;"16/04/16";"Sábado";"10:00:00";"RS";386;"420,9";"MONTENEGRO";"Velocidade incompatível";"Saída de Pista";"Com Vítimas Feridas";"Pleno dia";"Crescente";"Ceu Claro";"Dupla";"Curva";"Rural";2;0;1;0;1;0;1;1
83456769;"16/04/16";"Sábado";"07:45:00";"SC";101;"119,3";"ITAJAI";"Defeito mecânico em veículo";"Queda de motocicleta / bicicleta / veículo";"Com Vítimas Feridas";"Pleno dia";"Crescente";"Nublado";"Simples";"Reta";"Urbano";1;0;1;0;0;0;1;1
83456770;"16/04/16";"Sábado";"08:00:00";"SC";470;"11,8";"NAVEGANTES";"Falta de atenção";"Colisão Transversal";"Com Vítimas Feridas";"Pleno dia";"Crescente";"Nublado";"Simples";"Reta";"Urbano";3;0;0;1;2;0;1;3
83456771;"16/04/16";"Sábado";"09:00:00";"ES";262;"19";"VIANA";"Velocidade incompatível";"Colisão Transversal";"Com Vítimas Feridas";"Pleno dia";"Crescente";"Sol";"Simples";"Reta";"Rural";5;0;4;1;0;0;5;2
83456772;"13/04/16";"Quarta";"06:50:00";"PR";153;"118";"IBAITI";"Defeito mecânico em veículo";"Saída de Pista";"Com Vítimas Feridas";"Amanhecer";"Crescente";"Ceu Claro";"Simples";"Curva";"Rural";1;0;1;0;0;0;1;1
83456773;"16/04/16";"Sábado";"08:30:00";"BA";242;"893";"LUIS EDUARDO MAGALHAES";"Falta de atenção";"Colisão lateral";"Sem Vítimas";"Pleno dia";"Decrescente";"Ceu Claro";"Dupla";"Reta";"Urbano";2;0;0;0;2;0;0;2
83456774;"14/04/16";"Quinta";"03:05:00";"MG";381;"774,1";"CAMPANHA";"Falta de atenção";"Colisão traseira";"Com Vítimas Feridas";"Plena noite";"Crescente";"Ceu Claro";"Dupla";"Curva";"Rural";4;0;1;2;1;0;3;2
83456775;"16/04/16";"Sábado";"08:40:00";"RS";153;"47";"ERECHIM";"Falta de atenção";"Colisão Transversal";"Com Vítimas Feridas";"Pleno dia";"Decrescente";"Ceu Claro";"Simples";"Cruzamento";"Urbano";3;0;2;0;1;0;2;2
83456776;"15/04/16";"Sexta";"06:20:00";"BA";242;"116,1";"RAFAEL JAMBEIRO";"Falta de atenção";"Colisão Transversal";"Com Vítimas Feridas";"Pleno dia";"Decrescente";"Ceu Claro";"Simples";"Reta";"Rural";5;0;1;0;4;0;1;3
83456777;"16/04/16";"Sábado";"06:45:00";"MT";70;"256";"PRIMAVERA DO LESTE";"Outras";"Capotamento";"Ignorado";"Amanhecer";"Decrescente";"Ceu Claro";"Simples";"Reta";"Rural";1;0;0;0;0;1;0;1
83456778;"11/04/16";"Segunda";"05:30:00";"PR";116;"14,9";"CAMPINA GRANDE DO SUL";"Falta de atenção";"Saída de Pista";"Sem Vítimas";"Amanhecer";"Crescente";"Nublado";"Dupla";"Curva";"Rural";2;0;0;0;2;0;0;1
83456779;"16/04/16";"Sábado";"09:50:00";"GO";153;"619";"MORRINHOS";"Outras";"Colisão lateral";"Sem Vítimas";"Pleno dia";"Crescente";"Ceu Claro";"Dupla";"Reta";"Rural";2;0;0;0;2;0;0;2
83456780;"16/04/16";"Sábado";"10:05:00";"RS";116;"149,2";"CAXIAS DO SUL";"Falta de atenção";"Atropelamento de pessoa";"Com Vítimas Feridas";"Pleno dia";"Decrescente";"Ceu Claro";"Múltipla";"Reta";"Urbano";2;0;1;0;1;0;1;1
83456781;"13/04/16";"Quarta";"05:50:00";"PR";163;"282";"MARECHAL CANDIDO RONDON";"Outras";"Colisão Transversal";"Sem Vítimas";"Amanhecer";"Crescente";"Ceu Claro";"Simples";"Reta";"Rural";3;0;0;0;3;0;0;2
83456782;"16/04/16";"Sábado";"09:30:00";"SP";153;"97,3";"JACI";"Animais na Pista";"Queda de motocicleta / bicicleta / veículo";"Com Vítimas Feridas";"Pleno dia";"Decrescente";"Sol";"Simples";"Reta";"Rural";1;0;1;0;0;0;1;1
83456783;"13/04/16";"Quarta";"04:45:00";"MG";262;"632";"IBIA";"Velocidade incompatível";"Tombamento";"Com Vítimas Feridas";"Plena noite";"Crescente";"Ceu Claro";"Dupla";"Reta";"Rural";1;0;1;0;0;0;1;1
83456784;"10/04/16";"Domingo";"21:30:00";"SE";101;"109,5";"SAO CRISTOVAO";"Defeito na via";"Colisão com objeto fixo";"Com Vítimas Fatais";"Plena noite";"Crescente";"Ceu Claro";"Dupla";"Curva";"Rural";2;1;0;1;0;0;1;1
83456785;"16/04/16";"Sábado";"08:00:00";"RJ";101;"291,7";"ITABORAI";"Falta de atenção";"Colisão traseira";"Com Vítimas Feridas";"Pleno dia";"Crescente";"Sol";"Dupla";"Reta";"Rural";4;0;2;0;2;0;2;2
83456786;"11/04/16";"Segunda";"06:30:00";"PR";116;"52";"CAMPINA GRANDE DO SUL";"Velocidade incompatível";"Capotamento";"Com Vítimas Feridas";"Amanhecer";"Crescente";"Nublado";"Dupla";"Curva";"Rural";1;0;1;0;0;0;1;1
83456787;"12/04/16";"Terça";"21:00:00";"PR";277;"430,9";"VIRMOND";"Outras";"Colisão frontal";"Com Vítimas Fatais";"Plena noite";"Decrescente";"Ceu Claro";"Simples";"Curva";"Urbano";2;1;0;0;1;0;0;2
83456788;"13/04/16";"Quarta";"18:30:00";"PR";277;"102,8";"CAMPO LARGO";"Velocidade incompatível";"Saída de Pista";"Sem Vítimas";"Anoitecer";"Decrescente";"Nublado";"Dupla";"Reta";"Rural";1;0;0;0;1;0;0;1
83456789;"12/04/16";"Terça";"07:00:00";"SP";116;"110,5";"TAUBATE";"Outras";"Colisão traseira";"Com Vítimas Feridas";"Plena noite";"Crescente";"Ceu Claro";"Dupla";"Reta";"Urbano";2;0;0;2;0;0;2;2
83456790;"16/04/16";"Sábado";"12:05:00";"PR";376;"176,8";"MARINGA";"Outras";"Colisão traseira";"Com Vítimas Feridas";"Pleno dia";"Crescente";"Ceu Claro";"Dupla";"Cruzamento";"Urbano";3;0;2;0;1;0;2;2
83456791;"16/04/16";"Sábado";"07:30:00";"GO";153;"373,1";"SAO FRANCISCO DE GOIAS";"Outras";"Tombamento";"Sem Vítimas";"Pleno dia";"Decrescente";"Ceu Claro";"Simples";"Reta";"Rural";1;0;0;0;1;0;0;1
83456792;"01/04/16";"Sexta";"10:00:00";"BA";324;"587";"CANDEIAS";"Outras";"Capotamento";"Sem Vítimas";"Pleno dia";"Crescente";"Ceu Claro";"Dupla";"Curva";"Rural";1;0;0;0;1;0;0;1
83456793;"16/04/16";"Sábado";"06:20:00";"ES";101;"274,4";"SERRA";"Ingestão de álcool";"Colisão traseira";"Com Vítimas Feridas";"Amanhecer";"Decrescente";"Ceu Claro";"Múltipla";"Curva";"Rural";2;0;1;0;1;0;1;2
83456794;"16/04/16";"Sábado";"09:00:00";"MA";316;"245";"BOM JARDIM";"Outras";"Incêndio";"Sem Vítimas";"Pleno dia";"Decrescente";"Ceu Claro";"Simples";"Reta";"Rural";1;0;0;0;1;0;0;1
83456795;"16/04/16";"Sábado";"11:30:00";"PR";376;"126,4";"ALTO PARANA";"Outras";"Capotamento";"Com Vítimas Feridas";"Pleno dia";"Crescente";"Ceu Claro";"Múltipla";"Reta";"Rural";1;0;1;0;0;0;1;1
83456796;"16/04/16";"Sábado";"11:10:00";"TO";153;"639,5";"ALIANCA DO TOCANTINS";"Ultrapassagem indevida";"Colisão traseira";"Com Vítimas Feridas";"Pleno dia";"Crescente";"Ceu Claro";"Simples";"Reta";"Rural";3;0;0;1;2;0;1;3
83456797;"16/04/16";"Sábado";"12:15:00";"SC";282;"501,8";"XANXERE";"Falta de atenção";"Colisão Transversal";"Com Vítimas Feridas";"Pleno dia";"Crescente";"Sol";"Dupla";"Cruzamento";"Urbano";2;0;2;0;0;0;2;2
83456798;"16/04/16";"Sábado";"11:55:00";"BA";101;"717,9";"EUNAPOLIS";"Falta de atenção";"Colisão com bicicleta";"Com Vítimas Feridas";"Pleno dia";"Crescente";"Sol";"Simples";"Cruzamento";"Urbano";2;0;1;0;1;0;1;2
83456799;"16/04/16";"Sábado";"12:00:00";"RJ";101;"312";"SAO GONCALO";"Outras";"Colisão traseira";"Com Vítimas Feridas";"Pleno dia";"Crescente";"Ceu Claro";"Dupla";"Reta";"Urbano";2;0;1;0;1;0;1;2
83456800;"16/04/16";"Sábado";"10:40:00";"AL";101;"23,6";"JOAQUIM GOMES";"Não guardar distância de segurança";"Colisão traseira";"Sem Vítimas";"Pleno dia";"Crescente";"Nublado";"Simples";"Reta";"Rural";2;0;0;0;2;0;0;2
83456801;"16/04/16";"Sábado";"08:10:00";"RJ";40;"111";"DUQUE DE CAXIAS";"Falta de atenção";"Colisão com objeto fixo";"Com Vítimas Feridas";"Pleno dia";"Crescente";"Sol";"Dupla";"Reta";"Urbano";3;0;1;2;0;0;3;2
83456802;"16/04/16";"Sábado";"12:50:00";"SC";282;"16,6";"PALHOCA";"Falta de atenção";"Colisão Transversal";"Com Vítimas Feridas";"Pleno dia";"Crescente";"Ceu Claro";"Simples";"Reta";"Urbano";4;0;4;0;0;0;4;2
83456803;"12/04/16";"Terça";"19:48:00";"RJ";116;"223";"PIRAI";"Defeito mecânico em veículo";"Colisão traseira";"Com Vítimas Feridas";"Plena noite";"Decrescente";"Ceu Claro";"Dupla";"Curva";"Rural";2;0;1;0;1;0;1;2
83456804;"16/04/16";"Sábado";"09:30:00";"RR";174;"505";"BOA VISTA";"Falta de atenção";"Colisão lateral";"Sem Vítimas";"Plena noite";"Crescente";"Ceu Claro";"Simples";"Cruzamento";"Urbano";2;0;0;0;2;0;0;2
83456805;"16/04/16";"Sábado";"12:15:00";"SC";101;"235";"PALHOCA";"Outras";"Colisão traseira";"Sem Vítimas";"Pleno dia";"Crescente";"Sol";"Dupla";"Reta";"Rural";2;0;0;0;2;0;0;2
83456806;"16/04/16";"Sábado";"13:00:00";"PR";376;"187,3";"MARIALVA";"Ingestão de álcool";"Capotamento";"Com Vítimas Feridas";"Pleno dia";"Crescente";"Ceu Claro";"Dupla";"Reta";"Rural";1;0;1;0;0;0;1;1
83456807;"16/04/16";"Sábado";"12:00:00";"SC";470;"105,8";"APIUNA";"Falta de atenção";"Queda de motocicleta / bicicleta / veículo";"Com Vítimas Feridas";"Pleno dia";"Crescente";"Ceu Claro";"Simples";"Curva";"Urbano";1;0;1;0;0;0;1;1
83456809;"13/04/16";"Quarta";"06:45:00";"SC";101;"210";"SAO JOSE";"Falta de atenção";"Colisão traseira";"Com Vítimas Feridas";"Pleno dia";"Decrescente";"Chuva";"Múltipla";"Reta";"Urbano";5;0;2;2;1;0;4;3
83456810;"13/04/16";"Quarta";"08:45:00";"RJ";116;"165";"RIO DE JANEIRO";"Não guardar distância de segurança";"Colisão lateral";"Sem Vítimas";"Pleno dia";"Decrescente";"Ceu Claro";"Múltipla";"Reta";"Urbano";4;0;0;0;4;0;0;3
83456811;"16/04/16";"Sábado";"13:50:00";"RJ";40;"27";"TRES RIOS";"Falta de atenção";"Capotamento";"Com Vítimas Feridas";"Pleno dia";"Decrescente";"Ceu Claro";"Dupla";"Curva";"Rural";1;0;1;0;0;0;1;1
83456812;"14/04/16";"Quinta";"07:15:00";"ES";101;"147,1";"LINHARES";"Falta de atenção";"Colisão traseira";"Com Vítimas Feridas";"Pleno dia";"Crescente";"Sol";"Dupla";"Reta";"Urbano";2;0;1;0;1;0;1;2
83456813;"13/04/16";"Quarta";"01:40:00";"TO";153;"600,3";"CRIXAS DO TOCANTINS";"Outras";"Saída de Pista";"Sem Vítimas";"Plena noite";"Crescente";"Ceu Claro";"Simples";"Reta";"Rural";1;0;0;0;1;0;0;1
83456814;"25/01/16";"Segunda";"06:30:00";"PE";232;"114";"BEZERROS";"Outras";"Saída de Pista";"Com Vítimas Feridas";"Pleno dia";"Crescente";"Ceu Claro";"Dupla";"Curva";"Rural";4;0;4;0;0;0;4;1
83456815;"16/04/16";"Sábado";"10:20:00";"SC";282;"270,4";"SAO JOSE DO CERRITO";"Falta de atenção";"Saída de Pista";"Com Vítimas Feridas";"Pleno dia";"Crescente";"Ceu Claro";"Simples";"Reta";"Rural";1;0;1;0;0;0;1;1
83456816;"16/04/16";"Sábado";"13:45:00";"SC";470;"71,5";"INDAIAL";"Falta de atenção";"Colisão lateral";"Com Vítimas Feridas";"Pleno dia";"Crescente";"Ceu Claro";"Simples";"Reta";"Urbano";5;0;4;0;1;0;4;2
83456817;"16/04/16";"Sábado";"09:00:00";"RS";386;"307,5";"POUSO NOVO";"Falta de atenção";"Colisão Transversal";"Com Vítimas Feridas";"Pleno dia";"Decrescente";"Sol";"Simples";"Curva";"Rural";2;0;1;0;1;0;1;2
83456818;"16/04/16";"Sábado";"12:25:00";"MS";163;"258,3";"DOURADOS";"Outras";"Colisão com bicicleta";"Com Vítimas Feridas";"Pleno dia";"Crescente";"Sol";"Dupla";"Cruzamento";"Urbano";2;0;0;1;1;0;1;2
83456820;"12/04/16";"Terça";"16:15:00";"MG";365;"815";"GURINHATA";"Outras";"Colisão traseira";"Com Vítimas Fatais";"Pleno dia";"Crescente";"Ceu Claro";"Simples";"Reta";"Rural";4;1;0;1;2;0;1;4
83456821;"15/04/16";"Sexta";"01:50:00";"SP";153;"184,3";"LINS";"Ingestão de álcool";"Colisão traseira";"Com Vítimas Feridas";"Plena noite";"Decrescente";"Ceu Claro";"Simples";"Reta";"Rural";2;0;0;1;1;0;1;2
83456822;"16/04/16";"Sábado";"14:45:00";"SC";101;"315,6";"LAGUNA";"Desobediência à sinalização";"Colisão lateral";"Sem Vítimas";"Pleno dia";"Crescente";"Sol";"Dupla";"Curva";"Urbano";2;0;0;0;2;0;0;2
83456823;"16/04/16";"Sábado";"09:30:00";"MT";364;"532";"ROSARIO OESTE";"Não guardar distância de segurança";"Colisão traseira";"Sem Vítimas";"Pleno dia";"Decrescente";"Ceu Claro";"Simples";"Reta";"Rural";3;0;0;0;3;0;0;2
83456824;"16/04/16";"Sábado";"11:30:00";"MG";116;"766,7";"LEOPOLDINA";"Falta de atenção";"Colisão Transversal";"Com Vítimas Feridas";"Pleno dia";"Decrescente";"Sol";"Simples";"Reta";"Urbano";2;0;0;1;1;0;1;2
83456825;"16/04/16";"Sábado";"13:00:00";"MG";381;"481,4";"BETIM";"Outras";"Colisão com objeto fixo";"Com Vítimas Feridas";"Pleno dia";"Crescente";"Sol";"Dupla";"Reta";"Urbano";1;0;0;1;0;0;1;1
83456826;"16/04/16";"Sábado";"12:10:00";"CE";222;"75,8";"SAO LUIS DO CURU";"Outras";"Saída de Pista";"Sem Vítimas";"Pleno dia";"Decrescente";"Nublado";"Simples";"Reta";"Urbano";1;0;0;0;1;0;0;1
83456827;"16/04/16";"Sábado";"11:40:00";"PR";376;"595,4";"CURITIBA";"Falta de atenção";"Atropelamento de pessoa";"Com Vítimas Fatais";"Pleno dia";"Decrescente";"Ceu Claro";"Dupla";"Reta";"Urbano";3;2;0;0;1;0;0;1
83456828;"16/04/16";"Sábado";"14:40:00";"ES";101;"159";"LINHARES";"Desobediência à sinalização";"Colisão Transversal";"Com Vítimas Feridas";"Pleno dia";"Crescente";"Sol";"Simples";"Cruzamento";"Urbano";2;0;0;1;0;1;1;2
83456829;"16/04/16";"Sábado";"12:25:00";"RO";174;"15";"VILHENA";"Falta de atenção";"Colisão lateral";"Com Vítimas Feridas";"Pleno dia";"Crescente";"Ceu Claro";"Dupla";"Reta";"Urbano";2;0;1;0;1;0;1;2
83456830;"16/04/16";"Sábado";"10:50:00";"BA";410;"5";"RIBEIRA DO POMBAL";"Defeito na via";"Saída de Pista";"Com Vítimas Fatais";"Pleno dia";"Crescente";"Ceu Claro";"Simples";"Reta";"Rural";1;1;0;0;0;0;0;1
83456831;"16/04/16";"Sábado";"14:05:00";"GO";40;"7";"VALPARAISO DE GOIAS";"Falta de atenção";"Colisão lateral";"Sem Vítimas";"Pleno dia";"Crescente";"Sol";"Dupla";"Reta";"Urbano";2;0;0;0;2;0;0;2
83456832;"11/04/16";"Segunda";"23:30:00";"RS";287;"313";"MATA";"Outras";"Saída de Pista";"Com Vítimas Feridas";"Plena noite";"Crescente";"Nublado";"Simples";"Reta";"Rural";1;0;0;1;0;0;1;1
83456833;"16/04/16";"Sábado";"11:45:00";"PB";101;"105,7";"ALHANDRA";"Velocidade incompatível";"Colisão com objeto fixo";"Sem Vítimas";"Pleno dia";"Decrescente";"Chuva";"Dupla";"Reta";"Rural";1;0;0;0;1;0;0;1
83456834;"16/04/16";"Sábado";"16:00:00";"RJ";101;"307";"SAO GONCALO";"Outras";"Colisão lateral";"Com Vítimas Feridas";"Pleno dia";"Crescente";"Sol";"Dupla";"Reta";"Urbano";3;0;1;0;2;0;1;2
83456835;"16/04/16";"Sábado";"12:20:00";"PR";272;"363,5";"CAMPO MOURAO";"Não guardar distância de segurança";"Colisão traseira";"Com Vítimas Feridas";"Pleno dia";"Crescente";"Ceu Claro";"Dupla";"Reta";"Urbano";2;0;1;0;1;0;1;2
83456836;"16/04/16";"Sábado";"11:30:00";"BA";242;"801";"LUIS EDUARDO MAGALHAES";"Outras";"Queda de motocicleta / bicicleta / veículo";"Com Vítimas Feridas";"Pleno dia";"Decrescente";"Ceu Claro";"Múltipla";"Reta";"Urbano";2;0;2;0;0;0;2;1
83456837;"16/04/16";"Sábado";"16:00:00";"CE";20;"411";"CAUCAIA";"Ingestão de álcool";"Colisão traseira";"Sem Vítimas";"Pleno dia";"Decrescente";"Sol";"Simples";"Reta";"Urbano";2;0;0;0;2;0;0;2
83456838;"16/04/16";"Sábado";"15:50:00";"RS";290;"108";"ELDORADO DO SUL";"Falta de atenção";"Colisão Transversal";"Com Vítimas Feridas";"Pleno dia";"Crescente";"Ceu Claro";"Simples";"Reta";"Urbano";3;0;1;0;2;0;1;2
83456839;"16/04/16";"Sábado";"14:00:00";"RS";116;"327,6";"BARRA DO RIBEIRO";"Falta de atenção";"Saída de Pista";"Sem Vítimas";"Pleno dia";"Crescente";"Sol";"Simples";"Reta";"Rural";3;0;0;0;3;0;0;1
83456840;"16/04/16";"Sábado";"08:30:00";"MT";364;"347";"SANTO ANTONIO DO LEVERGER";"Velocidade incompatível";"Saída de Pista";"Sem Vítimas";"Pleno dia";"Crescente";"Ceu Claro";"Dupla";"Reta";"Rural";1;0;0;0;1;0;0;1
83456841;"16/04/16";"Sábado";"15:50:00";"RS";386;"354,9";"ESTRELA";"Velocidade incompatível";"Saída de Pista";"Sem Vítimas";"Pleno dia";"Crescente";"Sol";"Simples";"Reta";"Urbano";1;0;0;0;1;0;0;1
83456842;"16/04/16";"Sábado";"14:25:00";"PR";116;"128,4";"FAZENDA RIO GRANDE";"Falta de atenção";"Queda de motocicleta / bicicleta / veículo";"Com Vítimas Feridas";"Pleno dia";"Crescente";"Ceu Claro";"Dupla";"Cruzamento";"Urbano";2;0;1;0;1;0;1;1
83456843;"16/04/16";"Sábado";"16:15:00";"PE";232;"139,6";"CARUARU";"Outras";"Colisão lateral";"Sem Vítimas";"Anoitecer";"Crescente";"Nublado";"Dupla";"Reta";"Rural";2;0;0;0;2;0;0;2
83456844;"16/04/16";"Sábado";"17:15:00";"MS";267;"18,4";"BATAGUASSU";"Outras";"Colisão lateral";"Sem Vítimas";"Pleno dia";"Crescente";"Ceu Claro";"Simples";"Reta";"Rural";2;0;0;0;2;0;0;2
83456845;"16/04/16";"Sábado";"12:10:00";"SC";163;"67,3";"SAO MIGUEL DOESTE";"Não guardar distância de segurança";"Colisão traseira";"Com Vítimas Feridas";"Pleno dia";"Decrescente";"Ceu Claro";"Dupla";"Reta";"Urbano";2;0;1;0;1;0;1;2
83456846;"16/04/16";"Sábado";"10:20:00";"RS";386;"294,5";"POUSO NOVO";"Velocidade incompatível";"Colisão frontal";"Com Vítimas Fatais";"Pleno dia";"Decrescente";"Sol";"Simples";"Curva";"Rural";4;1;0;3;0;0;3;3
83456847;"03/03/16";"Quinta";"06:50:00";"MG";365;"164";"PIRAPORA";"Falta de atenção";"Queda de motocicleta / bicicleta / veículo";"Com Vítimas Feridas";"Pleno dia";"Decrescente";"Ceu Claro";"Simples";"Reta";"Rural";1;0;0;1;0;0;1;1
83456848;"16/04/16";"Sábado";"14:40:00";"PR";277;"142,8";"BALSA NOVA";"Ingestão de álcool";"Saída de Pista";"Com Vítimas Feridas";"Pleno dia";"Crescente";"Ceu Claro";"Simples";"Reta";"Rural";7;0;5;1;0;1;6;1
83456849;"13/04/16";"Quarta";"18:10:00";"RJ";101;"238";"SILVA JARDIM";"Desobediência à sinalização";"Colisão com bicicleta";"Com Vítimas Fatais";"Anoitecer";"Decrescente";"Ceu Claro";"Simples";"Reta";"Rural";3;1;0;0;2;0;0;2
83456850;"16/04/16";"Sábado";"13:00:00";"PR";116;"131";"FAZENDA RIO GRANDE";"Falta de atenção";"Colisão Transversal";"Com Vítimas Feridas";"Plena noite";"Crescente";"Sol";"Simples";"Reta";"Rural";3;0;0;2;1;0;2;2
83456851;"14/04/16";"Quinta";"07:00:00";"RJ";116;"167";"SAO JOAO DE MERITI";"Outras";"Queda de motocicleta / bicicleta / veículo";"Com Vítimas Fatais";"Pleno dia";"Decrescente";"Ceu Claro";"Múltipla";"Reta";"Urbano";2;1;0;0;0;1;0;2
83456852;"11/04/16";"Segunda";"18:00:00";"RS";392;"207,7";"SANTANA DA BOA VISTA";"Velocidade incompatível";"Colisão frontal";"Com Vítimas Feridas";"Anoitecer";"Decrescente";"Chuva";"Múltipla";"Curva";"Rural";2;0;0;1;1;0;1;2
83456853;"16/04/16";"Sábado";"13:30:00";"MT";364;"440,4";"VARZEA GRANDE";"Defeito mecânico em veículo";"Incêndio";"Sem Vítimas";"Pleno dia";"Decrescente";"Ceu Claro";"Simples";"Reta";"Rural";1;0;0;0;1;0;0;1
83456854;"16/04/16";"Sábado";"16:50:00";"RS";386;"55,2";"SEBERI";"Falta de atenção";"Colisão lateral";"Com Vítimas Fatais";"Pleno dia";"Decrescente";"Ceu Claro";"Simples";"Reta";"Rural";3;1;0;1;1;0;1;2