"id";"data_inversa";"dia_semana";"horario";"uf";"br";"km";"municipio";"causa_acidente";"tipo_acidente";"classificacao_acidente";"fase_dia";"sentido_via";"condicao_metereologica";"tipo_pista";"tracado_via";"uso_solo";"pessoas";"mortos";"feridos_leves";"feridos_graves";"ilesos";"ignorados";"feridos";"veiculos"
83456856;"16/04/16";"Sábado";"15:40:00";"SC";470;"170,6";"POUSO REDONDO";"Falta de atenção";"Colisão Transversal";"Com Vítimas Feridas";"Pleno dia";"Decrescente";"Ceu Claro";"Simples";"Cruzamento";"Urbano";2;0;1;0;1;0;1;2
83456857;"16/04/16";"Sábado";"11:55:00";"PR";116;"117,5";"CURITIBA";"Falta de atenção";"Colisão traseira";"Com Vítimas Feridas";"Pleno dia";"Decrescente";"Ceu Claro";"Dupla";"Cruzamento";"Urbano";3;0;1;0;2;0;1;3
83456858;"16/04/16";"Sábado";"16:40:00";"RS";290;"91";"PORTO ALEGRE";"Falta de atenção";"Colisão lateral";"Com Vítimas Feridas";"Pleno dia";"Crescente";"Ceu Claro";"Dupla";"Reta";"Urbano";4;0;1;0;3;0;1;2
83456859;"16/04/16";"Sábado";"15:45:00";"SC";470;"70";"INDAIAL";"Defeito na via";"Queda de motocicleta / bicicleta / veículo";"Com Vítimas Feridas";"Pleno dia";"Decrescente";"Ceu Claro";"Simples";"Reta";"Urbano";2;0;1;0;1;0;1;1
83456860;"16/04/16";"Sábado";"10:30:00";"MT";163;"607";"NOVA MUTUM";"Falta de atenção";"Colisão frontal";"Sem Vítimas";"Pleno dia";"Decrescente";"Ceu Claro";"Simples";"Reta";"Rural";2;0;0;0;1;1;0;2
83456861;"16/04/16";"Sábado";"17:00:00";"SC";101;"21,1";"JOINVILLE";"Velocidade incompatível";"Queda de motocicleta / bicicleta / veículo";"Com Vítimas Feridas";"Pleno dia";"Crescente";"Sol";"Dupla";"Curva";"Rural";2;0;2;0;0;0;2;1
83456862;"16/04/16";"Sábado";"16:40:00";"PR";277;"666";"MEDIANEIRA";"Não guardar distância de segurança";"Colisão lateral";"Sem Vítimas";"Pleno dia";"Crescente";"Sol";"Dupla";"Reta";"Rural";3;0;0;0;3;0;0;2
83456863;"16/04/16";"Sábado";"17:30:00";"SC";470;"96,5";"APIUNA";"Outras";"Colisão Transversal";"Com Vítimas Feridas";"Pleno dia";"Decrescente";"Ceu Claro";"Simples";"Reta";"Urbano";3;0;2;0;0;1;2;2
83456864;"16/04/16";"Sábado";"10:20:00";"SC";280;"231";"CANOINHAS";"Falta de atenção";"Colisão lateral";"Sem Vítimas";"Pleno dia";"Crescente";"Ceu Claro";"Simples";"Cruzamento";"Urbano";2;0;0;0;2;0;0;2
83456865;"16/04/16";"Sábado";"09:50:00";"PB";230;"31";"BAYEUX";"Velocidade incompatível";"Colisão traseira";"Sem Vítimas";"Pleno dia";"Decrescente";"Chuva";"Dupla";"Reta";"Urbano";3;0;0;0;3;0;0;3
83456867;"16/04/16";"Sábado";"08:59:00";"ES";101;"91,2";"JAGUARE";"Desobediência à sinalização";"Colisão Transversal";"Com Vítimas Feridas";"Pleno dia";"Decrescente";"Ceu Claro";"Múltipla";"Reta";"Urbano";2;0;0;1;1;0;1;2
83456868;"09/04/16";"Sábado";"21:15:00";"MG";116;"113,8";"ITAOBIM";"Desobediência à sinalização";"Colisão lateral";"Com Vítimas Fatais";"Plena noite";"Decrescente";"Ignorada";"Simples";"Reta";"Urbano";3;1;0;0;2;0;0;2
83456869;"16/04/16";"Sábado";"16:55:00";"RS";116;"262,9";"CANOAS";"Não guardar distância de segurança";"Colisão traseira";"Sem Vítimas";"Pleno dia";"Crescente";"Ceu Claro";"Simples";"Reta";"Urbano";3;0;0;0;3;0;0;3
83456870;"12/04/16";"Terça";"08:20:00";"PE";408;"98";"SAO LOURENCO DA MATA";"Outras";"Capotamento";"Com Vítimas Feridas";"Pleno dia";"Crescente";"Chuva";"Dupla";"Reta";"Rural";2;0;2;0;0;0;2;1
83456871;"16/04/16";"Sábado";"16:20:00";"SC";101;"328";"CAPIVARI DE BAIXO";"Falta de atenção";"Colisão traseira";"Com Vítimas Feridas";"Pleno dia";"Crescente";"Sol";"Simples";"Curva";"Rural";2;0;1;0;1;0;1;2
83456872;"16/04/16";"Sábado";"16:45:00";"RS";285;"302,5";"PASSO FUNDO";"Falta de atenção";"Saída de Pista";"Sem Vítimas";"Pleno dia";"Crescente";"Ceu Claro";"Simples";"Cruzamento";"Rural";1;0;0;0;1;0;0;1
83456873;"16/04/16";"Sábado";"07:30:00";"RN";427;"104,1";"CAICO";"Animais na Pista";"Atropelamento de animal";"Com Vítimas Feridas";"Pleno dia";"Decrescente";"Ceu Claro";"Simples";"Reta";"Rural";2;0;1;1;0;0;2;1
83456874;"16/04/16";"Sábado";"16:30:00";"RN";101;"99,5";"NATAL";"Não guardar distância de segurança";"Colisão lateral";"Com Vítimas Feridas";"Pleno dia";"Crescente";"Ceu Claro";"Dupla";"Reta";"Urbano";3;0;1;0;2;0;1;3
83456875;"16/04/16";"Sábado";"16:30:00";"SC";282;"511,8";"XAXIM";"Velocidade incompatível";"Colisão traseira";"Com Vítimas Fatais";"Pleno dia";"Crescente";"Ceu Claro";"Simples";"Reta";"Rural";4;1;2;0;1;0;2;3
83456876;"16/04/16";"Sábado";"16:35:00";"MS";163;"641";"SAO GABRIEL DO OESTE";"Outras";"Colisão com objeto móvel";"Sem Vítimas";"Pleno dia";"Decrescente";"Sol";"Dupla";"Reta";"Rural";1;0;0;0;1;0;0;1
83456877;"16/04/16";"Sábado";"15:20:00";"GO";60;"95";"ANAPOLIS";"Ingestão de álcool";"Colisão Transversal";"Sem Vítimas";"Pleno dia";"Decrescente";"Sol";"Dupla";"Reta";"Urbano";4;0;0;0;4;0;0;4
83456878;"16/04/16";"Sábado";"17:00:00";"SC";101;"328,4";"CAPIVARI DE BAIXO";"Desobediência à sinalização";"Colisão lateral";"Com Vítimas Feridas";"Pleno dia";"Crescente";"Sol";"Simples";"Reta";"Rural";2;0;1;0;1;0;1;2
83456879;"16/04/16";"Sábado";"13:40:00";"PR";476;"213,1";"LAPA";"Velocidade incompatível";"Tombamento";"Com Vítimas Feridas";"Pleno dia";"Crescente";"Ceu Claro";"Simples";"Curva";"Rural";1;0;1;0;0;0;1;1
83456880;"13/04/16";"Quarta";"06:00:00";"RS";290;"254,2";"CACHOEIRA DO SUL";"Outras";"Colisão traseira";"Com Vítimas Feridas";"Plena noite";"Crescente";"Ceu Claro";"Simples";"Reta";"Rural";2;0;1;0;0;1;1;2
83456881;"16/04/16";"Sábado";"18:00:00";"SC";101;"220,6";"PALHOCA";"Outras";"Saída de Pista";"Com Vítimas Feridas";"Anoitecer";"Crescente";"Ceu Claro";"Simples";"Curva";"Urbano";1;0;0;1;0;0;1;1
83456882;"16/04/16";"Sábado";"16:20:00";"ES";101;"390";"RIO NOVO DO SUL";"Outras";"Colisão frontal";"Com Vítimas Feridas";"Pleno dia";"Decrescente";"Ceu Claro";"Simples";"Curva";"Rural";2;0;0;1;1;0;1;2
83456883;"16/04/16";"Sábado";"12:50:00";"ES";259;"54,2";"COLATINA";"Ultrapassagem indevida";"Saída de Pista";"Com Vítimas Fatais";"Pleno dia";"Decrescente";"Ceu Claro";"Simples";"Reta";"Rural";1;1;0;0;0;0;0;1
83456884;"13/04/16";"Quarta";"20:30:00";"SP";116;"352,3";"MIRACATU";"Não guardar distância de segurança";"Colisão traseira";"Sem Vítimas";"Pleno dia";"Crescente";"Ceu Claro";"Simples";"Reta";"Rural";2;0;0;0;2;0;0;2
83456885;"16/04/16";"Sábado";"13:50:00";"ES";101;"297";"VIANA";"Falta de atenção";"Colisão traseira";"Com Vítimas Feridas";"Pleno dia";"Decrescente";"Ceu Claro";"Dupla";"Reta";"Urbano";2;0;1;0;1;0;1;2
83456886;"16/04/16";"Sábado";"16:45:00";"CE";20;"358,5";"MARANGUAPE";"Velocidade incompatível";"Saída de Pista";"Sem Vítimas";"Pleno dia";"Decrescente";"Nublado";"Dupla";"Reta";"Urbano";1;0;0;0;1;0;0;1
83456887;"16/04/16";"Sábado";"17:40:00";"CE";116;"29,3";"ITAITINGA";"Falta de atenção";"Colisão Transversal";"Com Vítimas Feridas";"Plena noite";"Crescente";"Ceu Claro";"Dupla";"Reta";"Urbano";3;0;2;1;0;0;3;2
83456888;"16/04/16";"Sábado";"13:30:00";"RS";285;"208,5";"LAGOA VERMELHA";"Desobediência à sinalização";"Colisão Transversal";"Sem Vítimas";"Pleno dia";"Crescente";"Ceu Claro";"Simples";"Cruzamento";"Rural";3;0;0;0;3;0;0;2
83456889;"16/04/16";"Sábado";"13:45:00";"RJ";116;"129";"MAGE";"Falta de atenção";"Colisão com bicicleta";"Com Vítimas Fatais";"Pleno dia";"Crescente";"Ceu Claro";"Dupla";"Reta";"Rural";2;1;0;0;1;0;0;2
83456890;"16/04/16";"Sábado";"09:30:00";"RN";101;"163";"CANGUARETAMA";"Velocidade incompatível";"Colisão com objeto fixo";"Com Vítimas Feridas";"Pleno dia";"Crescente";"Chuva";"Dupla";"Reta";"Rural";1;0;1;0;0;0;1;1
83456891;"16/04/16";"Sábado";"15:48:00";"RJ";465;"11";"SEROPEDICA";"Desobediência à sinalização";"Colisão frontal";"Com Vítimas Feridas";"Pleno dia";"Crescente";"Ceu Claro";"Simples";"Reta";"Urbano";2;0;1;0;1;0;1;2
83456892;"13/04/16";"Quarta";"17:10:00";"SP";116;"347,5";"MIRACATU";"Defeito mecânico em veículo";"Colisão lateral";"Sem Vítimas";"Pleno dia";"Crescente";"Ceu Claro";"Dupla";"Reta";"Rural";4;0;0;0;4;0;0;4
83456893;"16/04/16";"Sábado";"19:25:00";"PR";277;"587";"CASCAVEL";"Outras";"Atropelamento de pessoa";"Com Vítimas Feridas";"Plena noite";"Decrescente";"Ceu Claro";"Simples";"Reta";"Urbano";2;0;0;1;0;1;1;1
83456894;"02/04/16";"Sábado";"09:30:00";"ES";101;"34,9";"CONCEICAO DA BARRA";"Outras";"Colisão lateral";"Com Vítimas Feridas";"Pleno dia";"Decrescente";"Ceu Claro";"Simples";"Reta";"Rural";3;0;2;0;1;0;2;2
83456895;"16/04/16";"Sábado";"17:44:00";"PB";230;"138";"CAMPINA GRANDE";"Outras";"Capotamento";"Sem Vítimas";"Plena noite";"Decrescente";"Chuva";"Dupla";"Reta";"Rural";1;0;0;0;1;0;0;1
83456896;"16/04/16";"Sábado";"19:10:00";"RJ";101;"243";"SILVA JARDIM";"Outras";"Colisão com objeto fixo";"Com Vítimas Feridas";"Plena noite";"Crescente";"Ceu Claro";"Simples";"Reta";"Rural";2;0;1;0;1;0;1;1
83456897;"16/04/16";"Sábado";"17:00:00";"MG";381;"949,5";"EXTREMA";"Velocidade incompatível";"Capotamento";"Com Vítimas Feridas";"Pleno dia";"Crescente";"Ceu Claro";"Dupla";"Reta";"Rural";1;0;1;0;0;0;1;1
83456898;"16/04/16";"Sábado";"18:00:00";"RJ";116;"182";"NOVA IGUACU";"Não guardar distância de segurança";"Atropelamento de pessoa";"Com Vítimas Feridas";"Plena noite";"Decrescente";"Ignorada";"Simples";"Reta";"Urbano";3;0;2;0;0;1;2;1
83456900;"16/04/16";"Sábado";"15:20:00";"RS";116;"146";"CAXIAS DO SUL";"Animais na Pista";"Queda de motocicleta / bicicleta / veículo";"Com Vítimas Feridas";"Pleno dia";"Crescente";"Ceu Claro";"Dupla";"Reta";"Urbano";1;0;1;0;0;0;1;1
83456901;"22/03/16";"Terça";"05:00:00";"BA";116;"68";"CHORROCHO";"Outras";"Tombamento";"Com Vítimas Feridas";"Pleno dia";"Decrescente";"Ceu Claro";"Simples";"Reta";"Rural";1;0;1;0;0;0;1;1
83456902;"16/04/16";"Sábado";"16:30:00";"MS";163;"419,1";"NOVA ALVORADA DO SUL";"Falta de atenção";"Colisão lateral";"Com Vítimas Feridas";"Pleno dia";"Decrescente";"Ceu Claro";"Simples";"Reta";"Rural";4;0;4;0;0;0;4;2
83456903;"16/04/16";"Sábado";"17:00:00";"MT";174;"5,6";"PONTES E LACERDA";"Ingestão de álcool";"Colisão lateral";"Com Vítimas Feridas";"Pleno dia";"Crescente";"Sol";"Simples";"Reta";"Urbano";3;0;1;1;1;0;2;2
83456904;"14/04/16";"Quinta";"20:50:00";"PB";230;"40";"SANTA RITA";"Outras";"Atropelamento de pessoa";"Com Vítimas Fatais";"Plena noite";"Crescente";"Ceu Claro";"Dupla";"Reta";"Urbano";2;1;0;0;1;0;0;1
83456905;"16/04/16";"Sábado";"16:00:00";"RS";285;"449";"IJUI";"Não guardar distância de segurança";"Colisão traseira";"Sem Vítimas";"Pleno dia";"Crescente";"Sol";"Simples";"Curva";"Rural";2;0;0;0;2;0;0;2
83456906;"16/04/16";"Sábado";"20:45:00";"SP";153;"60,2";"SAO JOSE DO RIO PRETO";"Defeito na via";"Queda de motocicleta / bicicleta / veículo";"Com Vítimas Feridas";"Plena noite";"Decrescente";"Ceu Claro";"Dupla";"Cruzamento";"Urbano";1;0;1;0;0;0;1;1
83456907;"16/04/16";"Sábado";"19:00:00";"MT";70;"64,8";"GENERAL CARNEIRO";"Outras";"Saída de Pista";"Sem Vítimas";"Plena noite";"Decrescente";"Ceu Claro";"Simples";"Curva";"Rural";1;0;0;0;1;0;0;1
83456908;"16/04/16";"Sábado";"17:00:00";"MG";40;"545";"BELO HORIZONTE";"Outras";"Colisão lateral";"Com Vítimas Feridas";"Pleno dia";"Crescente";"Ceu Claro";"Dupla";"Reta";"Urbano";3;0;1;0;2;0;1;2
83456909;"16/04/16";"Sábado";"19:15:00";"RS";116;"623,5";"ARROIO GRANDE";"Animais na Pista";"Atropelamento de animal";"Sem Vítimas";"Plena noite";"Decrescente";"Nublado";"Simples";"Reta";"Rural";1;0;0;0;1;0;0;1
83456910;"16/04/16";"Sábado";"20:20:00";"ES";101;"145";"LINHARES";"Outras";"Queda de motocicleta / bicicleta / veículo";"Com Vítimas Feridas";"Plena noite";"Decrescente";"Ceu Claro";"Múltipla";"Reta";"Urbano";2;0;1;0;0;1;1;2
83456911;"16/04/16";"Sábado";"20:30:00";"PA";163;"975";"SANTAREM";"Animais na Pista";"Atropelamento de animal";"Sem Vítimas";"Plena noite";"Decrescente";"Nublado";"Simples";"Reta";"Rural";1;0;0;0;1;0;0;1
83456912;"16/04/16";"Sábado";"18:55:00";"MG";251;"476,3";"FRANCISCO SA";"Defeito na via";"Capotamento";"Com Vítimas Feridas";"Plena noite";"Crescente";"Ceu Claro";"Simples";"Reta";"Rural";1;0;1;0;0;0;1;1
83456913;"16/04/16";"Sábado";"21:00:00";"SC";101;"86,8";"BARRA VELHA";"Velocidade incompatível";"Saída de Pista";"Sem Vítimas";"Plena noite";"Crescente";"Nublado";"Dupla";"Cruzamento";"Urbano";1;0;0;0;1;0;0;1
83456914;"31/01/16";"Domingo";"05:30:00";"PR";272;"415";"JANIOPOLIS";"Velocidade incompatível";"Saída de Pista";"Com Vítimas Feridas";"Amanhecer";"Crescente";"Chuva";"Simples";"Reta";"Urbano";1;0;1;0;0;0;1;1
83456915;"16/04/16";"Sábado";"16:30:00";"RS";285;"569";"SAO LUIZ GONZAGA";"Desobediência à sinalização";"Colisão Transversal";"Com Vítimas Feridas";"Pleno dia";"Crescente";"Ceu Claro";"Simples";"Reta";"Urbano";2;0;1;0;1;0;1;2
83456916;"16/04/16";"Sábado";"17:30:00";"MS";463;"1";"DOURADOS";"Falta de atenção";"Colisão traseira";"Com Vítimas Feridas";"Pleno dia";"Decrescente";"Sol";"Simples";"Reta";"Urbano";3;0;1;1;0;1;2;2
83456917;"16/04/16";"Sábado";"16:00:00";"PI";230;"154";"DOM EXPEDITO LOPES";"Falta de atenção";"Saída de Pista";"Com Vítimas Feridas";"Pleno dia";"Crescente";"Ceu Claro";"Simples";"Reta";"Rural";3;0;2;1;0;0;3;1
83456918;"16/04/16";"Sábado";"17:20:00";"MT";364;"267";"JACIARA";"Velocidade incompatível";"Saída de Pista";"Ignorado";"Pleno dia";"Decrescente";"Ceu Claro";"Simples";"Reta";"Rural";1;0;0;0;0;1;0;1
83456919;"16/04/16";"Sábado";"21:00:00";"SC";470;"160";"TROMBUDO CENTRAL";"Falta de atenção";"Colisão Transversal";"Sem Vítimas";"Plena noite";"Decrescente";"Ceu Claro";"Simples";"Cruzamento";"Urbano";2;0;0;0;1;1;0;2
83456920;"16/04/16";"Sábado";"17:30:00";"RN";101;"81";"NATAL";"Ingestão de álcool";"Colisão traseira";"Com Vítimas Feridas";"Plena noite";"Decrescente";"Nublado";"Dupla";"Reta";"Urbano";2;0;1;0;1;0;1;2
83456921;"16/04/16";"Sábado";"11:39:00";"RN";101;"171";"CANGUARETAMA";"Outras";"Saída de Pista";"Sem Vítimas";"Pleno dia";"Crescente";"Chuva";"Múltipla";"Curva";"Rural";1;0;0;0;1;0;0;1
83456922;"16/04/16";"Sábado";"07:30:00";"BA";116;"736";"BOA NOVA";"Outras";"Tombamento";"Sem Vítimas";"Pleno dia";"Decrescente";"Ceu Claro";"Simples";"Reta";"Rural";1;0;0;0;1;0;0;1
83456923;"16/04/16";"Sábado";"19:45:00";"PR";376;"239";"APUCARANA";"Falta de atenção";"Colisão traseira";"Com Vítimas Feridas";"Plena noite";"Crescente";"Ceu Claro";"Simples";"Reta";"Urbano";2;0;0;1;1;0;1;2
83456925;"16/04/16";"Sábado";"20:10:00";"RS";101;"47,3";"TERRA DE AREIA";"Outras";"Colisão com objeto fixo";"Com Vítimas Feridas";"Plena noite";"Crescente";"Ceu Claro";"Dupla";"Reta";"Urbano";2;0;0;1;0;1;1;2
83456926;"16/04/16";"Sábado";"13:40:00";"RN";226;"128,7";"CAMPO REDONDO";"Outras";"Colisão traseira";"Sem Vítimas";"Pleno dia";"Decrescente";"Nublado";"Simples";"Reta";"Urbano";2;0;0;0;2;0;0;2
83456927;"16/04/16";"Sábado";"17:10:00";"BA";242;"600";"MUQUEM DO SAO FRANCISCO";"Outras";"Tombamento";"Sem Vítimas";"Anoitecer";"Decrescente";"Ceu Claro";"Simples";"Curva";"Rural";1;0;0;0;1;0;0;1
83456928;"16/04/16";"Sábado";"15:35:00";"SC";470;"56,7";"BLUMENAU";"Falta de atenção";"Colisão lateral";"Com Vítimas Feridas";"Pleno dia";"Crescente";"Sol";"Simples";"Reta";"Urbano";3;0;2;0;1;0;2;2
83456929;"16/04/16";"Sábado";"20:00:00";"RS";158;"265,7";"JULIO DE CASTILHOS";"Desobediência à sinalização";"Colisão Transversal";"Com Vítimas Feridas";"Plena noite";"Crescente";"Ceu Claro";"Simples";"Cruzamento";"Urbano";3;0;2;0;1;0;2;2
83456930;"16/04/16";"Sábado";"19:40:00";"RN";406;"150,2";"CEARA-MIRIM";"Falta de atenção";"Colisão frontal";"Com Vítimas Feridas";"Plena noite";"Decrescente";"Nublado";"Simples";"Cruzamento";"Urbano";3;0;2;0;1;0;2;2
83456931;"16/04/16";"Sábado";"18:40:00";"RO";364;"237,2";"CACOAL";"Ingestão de álcool";"Saída de Pista";"Com Vítimas Feridas";"Plena noite";"Crescente";"Ceu Claro";"Simples";"Reta";"Urbano";1;0;1;0;0;0;1;1
83456932;"16/04/16";"Sábado";"14:45:00";"GO";153;"275";"NOVA GLORIA";"Desobediência à sinalização";"Colisão traseira";"Com Vítimas Feridas";"Pleno dia";"Decrescente";"Sol";"Simples";"Reta";"Rural";4;0;2;0;2;0;2;2
83456933;"16/04/16";"Sábado";"21:00:00";"PR";158;"201,8";"PEABIRU";"Outras";"Queda de motocicleta / bicicleta / veículo";"Com Vítimas Feridas";"Plena noite";"Decrescente";"Ceu Claro";"Simples";"Reta";"Rural";1;0;0;1;0;0;1;1
83456934;"16/04/16";"Sábado";"21:30:00";"RJ";101;"60";"CAMPOS DOS GOYTACAZES";"Outras";"Atropelamento de pessoa";"Com Vítimas Feridas";"Plena noite";"Decrescente";"Ceu Claro";"Simples";"Reta";"Urbano";2;0;1;0;0;1;1;1
83456935;"16/04/16";"Sábado";"22:05:00";"SC";470;"2,3";"NAVEGANTES";"Falta de atenção";"Atropelamento de pessoa";"Com Vítimas Feridas";"Plena noite";"Decrescente";"Nevoeiro/neblina";"Simples";"Reta";"Urbano";2;0;2;0;0;0;2;1
83456936;"13/04/16";"Quarta";"04:00:00";"PR";376;"679,2";"GUARATUBA";"Defeito mecânico em veículo";"Tombamento";"Sem Vítimas";"Plena noite";"Crescente";"Nevoeiro/neblina";"Dupla";"Curva";"Rural";1;0;0;0;1;0;0;1
83456937;"16/04/16";"Sábado";"20:30:00";"MG";153;"88,8";"PRATA";"Velocidade incompatível";"Saída de Pista";"Com Vítimas Feridas";"Plena noite";"Crescente";"Ceu Claro";"Simples";"Curva";"Rural";5;0;2;0;3;0;2;1
83456938;"16/04/16";"Sábado";"22:40:00";"ES";101;"296,9";"CARIACICA";"Defeito mecânico em veículo";"Queda de motocicleta / bicicleta / veículo";"Com Vítimas Feridas";"Plena noite";"Crescente";"Ceu Claro";"Dupla";"Curva";"Urbano";2;0;2;0;0;0;2;1
83456939;"16/04/16";"Sábado";"11:25:00";"CE";116;"29";"ITAITINGA";"Falta de atenção";"Colisão traseira";"Com Vítimas Feridas";"Pleno dia";"Decrescente";"Nublado";"Dupla";"Reta";"Urbano";2;0;1;0;1;0;1;2
83456940;"16/04/16";"Sábado";"22:20:00";"SC";163;"72,8";"SAO MIGUEL DOESTE";"Ingestão de álcool";"Colisão traseira";"Sem Vítimas";"Plena noite";"Crescente";"Ceu Claro";"Simples";"Reta";"Rural";2;0;0;0;2;0;0;2
83456941;"16/04/16";"Sábado";"17:10:00";"SC";282;"53,5";"RANCHO QUEIMADO";"Velocidade incompatível";"Colisão frontal";"Com Vítimas Feridas";"Pleno dia";"Crescente";"Ceu Claro";"Simples";"Curva";"Urbano";4;0;4;0;0;0;4;2
83456942;"16/04/16";"Sábado";"18:30:00";"SC";470;"146,8";"RIO DO SUL";"Falta de atenção";"Colisão Transversal";"Com Vítimas Feridas";"Plena noite";"Decrescente";"Ceu Claro";"Simples";"Cruzamento";"Urbano";3;0;1;1;0;1;2;2
83456943;"16/04/16";"Sábado";"22:30:00";"SC";280;"79,3";"CORUPA";"Outras";"Colisão traseira";"Com Vítimas Feridas";"Plena noite";"Crescente";"Ceu Claro";"Simples";"Reta";"Urbano";2;0;1;1;0;0;2;2
83456944;"16/04/16";"Sábado";"22:00:00";"PI";316;"311";"PICOS";"Desobediência à sinalização";"Colisão frontal";"Com Vítimas Feridas";"Plena noite";"Crescente";"Ceu Claro";"Múltipla";"Curva";"Urbano";4;0;0;1;3;0;1;2
83456945;"16/04/16";"Sábado";"21:35:00";"RS";470;"218,3";"BENTO GONCALVES";"Ingestão de álcool";"Saída de Pista";"Sem Vítimas";"Plena noite";"Crescente";"Ceu Claro";"Simples";"Curva";"Urbano";1;0;0;0;1;0;0;1
83456946;"16/04/16";"Sábado";"10:40:00";"AP";210;"0";"MACAPA";"Falta de atenção";"Queda de motocicleta / bicicleta / veículo";"Com Vítimas Feridas";"Pleno dia";"Decrescente";"Ceu Claro";"Dupla";"Reta";"Urbano";1;0;1;0;0;0;1;1
83456947;"16/04/16";"Sábado";"21:15:00";"SC";280;"130";"RIO NEGRINHO";"Ingestão de álcool";"Colisão Transversal";"Com Vítimas Feridas";"Plena noite";"Decrescente";"Ceu Claro";"Simples";"Reta";"Urbano";3;0;1;1;1;0;2;2
83456948;"16/04/16";"Sábado";"16:50:00";"MT";163;"797";"VERA";"Ultrapassagem indevida";"Colisão frontal";"Com Vítimas Fatais";"Pleno dia";"Crescente";"Ceu Claro";"Simples";"Reta";"Rural";3;1;0;2;0;0;2;2
83456949;"16/04/16";"Sábado";"18:30:00";"MT";174;"387";"PONTES E LACERDA";"Outras";"Colisão com bicicleta";"Com Vítimas Fatais";"Anoitecer";"Decrescente";"Ceu Claro";"Simples";"Reta";"Rural";2;1;0;0;0;1;0;2
83456950;"16/04/16";"Sábado";"21:00:00";"MG";116;"763,3";"LEOPOLDINA";"Outras";"Saída de Pista";"Ignorado";"Plena noite";"Crescente";"Ignorada";"Dupla";"Curva";"Rural";1;0;0;0;0;1;0;1
83456951;"16/04/16";"Sábado";"20:50:00";"PI";316;"333";"PICOS";"Outras";"Colisão frontal";"Com Vítimas Feridas";"Plena noite";"Decrescente";"Ceu Claro";"Simples";"Reta";"Rural";2;0;0;1;0;1;1;2
83456952;"16/04/16";"Sábado";"23:00:00";"RS";285;"290,4";"PASSO FUNDO";"Ingestão de álcool";"Saída de Pista";"Sem Vítimas";"Plena noite";"Crescente";"Ceu Claro";"Simples";"Cruzamento";"Urbano";1;0;0;0;1;0;0;1
83456953;"16/04/16";"Sábado";"00:55:00";"PE";232;"288,1";"SERTANIA";"Outras";"Incêndio";"Ignorado";"Plena noite";"Decrescente";"Ceu Claro";"Simples";"Reta";"Urbano";1;0;0;0;0;1;0;1
83456954;"16/04/16";"Sábado";"23:20:00";"RJ";116;"275";"BARRA MANSA";"Falta de atenção";"Colisão Transversal";"Com Vítimas Feridas";"Plena noite";"Decrescente";"Ceu Claro";"Simples";"Reta";"Urbano";2;0;1;0;1;0;1;2
83456956;"17/04/16";"Domingo";"01:00:00";"SC";470;"136,8";"RIO DO SUL";"Falta de atenção";"Colisão lateral";"Com Vítimas Feridas";"Plena noite";"Decrescente";"Ceu Claro";"Simples";"Reta";"Urbano";3;0;2;0;1;0;2;2
83456957;"17/04/16";"Domingo";"01:15:00";"RS";116;"249";"SAO LEOPOLDO";"Ingestão de álcool";"Colisão com objeto fixo";"Ignorado";"Plena noite";"Crescente";"Ceu Claro";"Dupla";"Cruzamento";"Urbano";1;0;0;0;0;1;0;1
83456958;"17/04/16";"Domingo";"00:20:00";"PE";101;"17,7";"GOIANA";"Velocidade incompatível";"Capotamento";"Ignorado";"Plena noite";"Crescente";"Chuva";"Dupla";"Reta";"Rural";1;0;0;0;0;1;0;1
83456959;"17/04/16";"Domingo";"02:10:00";"SC";101;"422";"ARARANGUA";"Ingestão de álcool";"Colisão com objeto fixo";"Sem Vítimas";"Plena noite";"Crescente";"Ceu Claro";"Simples";"Reta";"Rural";1;0;0;0;1;0;0;1
83456960;"16/04/16";"Sábado";"14:50:00";"MG";381;"510,8";"SAO JOAQUIM DE BICAS";"Outras";"Colisão com objeto fixo";"Com Vítimas Feridas";"Pleno dia";"Decrescente";"Ceu Claro";"Dupla";"Curva";"Rural";2;0;1;0;1;0;1;1
83456961;"17/04/16";"Domingo";"01:30:00";"PR";163;"63,7";"PEROLA DOESTE";"Falta de atenção";"Saída de Pista";"Com Vítimas Feridas";"Plena noite";"Crescente";"Ceu Claro";"Simples";"Reta";"Urbano";1;0;1;0;0;0;1;1
83456962;"16/04/16";"Sábado";"19:50:00";"SC";101;"81";"BARRA VELHA";"Falta de atenção";"Colisão lateral";"Com Vítimas Feridas";"Plena noite";"Crescente";"Ceu Claro";"Dupla";"Reta";"Rural";3;0;2;0;1;0;2;2
83456963;"16/04/16";"Sábado";"08:00:00";"BA";116;"420,6";"FEIRA DE SANTANA";"Falta de atenção";"Colisão traseira";"Com Vítimas Feridas";"Pleno dia";"Crescente";"Sol";"Simples";"Curva";"Urbano";2;0;1;0;1;0;1;2
83456964;"17/04/16";"Domingo";"02:00:00";"RS";290;"41,6";"SANTO ANTONIO DA PATRULHA";"Dormindo";"Capotamento";"Sem Vítimas";"Plena noite";"Decrescente";"Ceu Claro";"Múltipla";"Reta";"Rural";1;0;0;0;1;0;0;1
83456965;"16/04/16";"Sábado";"15:40:00";"PR";153;"244";"TIBAGI";"Velocidade incompatível";"Tombamento";"Sem Vítimas";"Pleno dia";"Crescente";"Ceu Claro";"Simples";"Reta";"Rural";1;0;0;0;1;0;0;1