"id";"data_inversa";"dia_semana";"horario";"uf";"br";"km";"municipio";"causa_acidente";"tipo_acidente";"classificacao_acidente";"fase_dia";"sentido_via";"condicao_metereologica";"tipo_pista";"tracado_via";"uso_solo";"pessoas";"mortos";"feridos_leves";"feridos_graves";"ilesos";"ignorados";"feridos";"veiculos"
83456966;"16/04/16";"Sábado";"23:00:00";"PR";369;"185";"ARAPONGAS";"Outras";"Colisão Transversal";"Com Vítimas Feridas";"Plena noite";"Decrescente";"Ceu Claro";"Simples";"Cruzamento";"Urbano";2;0;1;0;1;0;1;2
83456967;"16/04/16";"Sábado";"18:00:00";"MG";381;"846,5";"SAO SEBASTIAO DA BELA VISTA";"Ingestão de álcool";"Colisão com objeto fixo";"Com Vítimas Feridas";"Anoitecer";"Crescente";"Ceu Claro";"Dupla";"Reta";"Rural";1;0;1;0;0;0;1;1
83456968;"16/04/16";"Sábado";"19:20:00";"SC";282;"114";"ALFREDO WAGNER";"Falta de atenção";"Colisão Transversal";"Com Vítimas Feridas";"Plena noite";"Decrescente";"Ceu Claro";"Simples";"Reta";"Rural";2;0;0;1;1;0;1;2
83456969;"17/04/16";"Domingo";"01:45:00";"PE";423;"71,7";"JUPI";"Falta de atenção";"Colisão frontal";"Com Vítimas Feridas";"Plena noite";"Crescente";"Chuva";"Simples";"Reta";"Rural";5;0;4;0;0;1;4;2
83456970;"17/04/16";"Domingo";"01:45:00";"SC";282;"59,9";"RANCHO QUEIMADO";"Outras";"Saída de Pista";"Com Vítimas Feridas";"Plena noite";"Decrescente";"Ceu Claro";"Simples";"Reta";"Rural";2;0;1;1;0;0;2;1
83456971;"16/04/16";"Sábado";"20:30:00";"SC";101;"204,2";"SAO JOSE";"Outras";"Colisão traseira";"Com Vítimas Feridas";"Plena noite";"Crescente";"Nublado";"Dupla";"Reta";"Urbano";2;0;1;0;1;0;1;2
83456972;"17/04/16";"Domingo";"02:10:00";"PR";277;"593,3";"CASCAVEL";"Outras";"Colisão com objeto fixo";"Com Vítimas Feridas";"Plena noite";"Crescente";"Ceu Claro";"Simples";"Reta";"Urbano";4;0;2;2;0;0;4;1
83456973;"16/04/16";"Sábado";"17:15:00";"BA";242;"778";"BARREIRAS";"Velocidade incompatível";"Capotamento";"Com Vítimas Fatais";"Pleno dia";"Crescente";"Ceu Claro";"Simples";"Curva";"Rural";3;1;0;0;2;0;0;3
83456974;"17/04/16";"Domingo";"03:25:00";"SC";101;"189";"BIGUACU";"Ingestão de álcool";"Saída de Pista";"Sem Vítimas";"Plena noite";"Crescente";"Ceu Claro";"Dupla";"Reta";"Urbano";1;0;0;0;1;0;0;1
83456976;"16/04/16";"Sábado";"09:20:00";"PB";101;"94,6";"CONDE";"Velocidade incompatível";"Capotamento";"Sem Vítimas";"Pleno dia";"Crescente";"Chuva";"Dupla";"Reta";"Urbano";1;0;0;0;1;0;0;1
83456977;"16/04/16";"Sábado";"16:10:00";"SC";101;"81";"BARRA VELHA";"Não guardar distância de segurança";"Colisão traseira";"Sem Vítimas";"Pleno dia";"Crescente";"Ceu Claro";"Dupla";"Reta";"Urbano";2;0;0;0;2;0;0;2
83456978;"17/04/16";"Domingo";"00:35:00";"MG";40;"555";"NOVA LIMA";"Outras";"Colisão com objeto fixo";"Com Vítimas Feridas";"Plena noite";"Crescente";"Ignorada";"Dupla";"Curva";"Urbano";1;0;1;0;0;0;1;1
83456979;"17/04/16";"Domingo";"04:00:00";"DF";20;"57";"BRASILIA";"Dormindo";"Capotamento";"Com Vítimas Feridas";"Plena noite";"Crescente";"Ceu Claro";"Dupla";"Reta";"Rural";5;0;4;1;0;0;5;1
83456980;"16/04/16";"Sábado";"18:50:00";"RS";287;"246,6";"SANTA MARIA";"Falta de atenção";"Colisão com bicicleta";"Com Vítimas Feridas";"Plena noite";"Crescente";"Ceu Claro";"Simples";"Reta";"Urbano";2;0;1;0;0;1;1;2
83456981;"17/04/16";"Domingo";"01:34:00";"AL";101;"131,6";"SAO MIGUEL DOS CAMPOS";"Outras";"Saída de Pista";"Ignorado";"Amanhecer";"Crescente";"Ignorada";"Simples";"Curva";"Urbano";1;0;0;0;0;1;0;1
83456982;"16/04/16";"Sábado";"16:30:00";"PE";232;"517";"SALGUEIRO";"Ingestão de álcool";"Colisão com bicicleta";"Com Vítimas Feridas";"Pleno dia";"Crescente";"Ceu Claro";"Simples";"Curva";"Rural";2;0;2;0;0;0;2;2
83456984;"17/04/16";"Domingo";"03:30:00";"RS";158;"334,9";"SANTA MARIA";"Ingestão de álcool";"Saída de Pista";"Com Vítimas Feridas";"Plena noite";"Crescente";"Ceu Claro";"Simples";"Reta";"Urbano";3;0;2;1;0;0;3;1
83456985;"17/04/16";"Domingo";"05:00:00";"SC";101;"433,1";"SOMBRIO";"Ingestão de álcool";"Colisão com objeto fixo";"Com Vítimas Feridas";"Plena noite";"Decrescente";"Nublado";"Dupla";"Reta";"Urbano";1;0;1;0;0;0;1;1
83456986;"16/04/16";"Sábado";"18:50:00";"MG";116;"487,6";"INHAPIM";"Outras";"Atropelamento de pessoa";"Com Vítimas Fatais";"Plena noite";"Crescente";"Ceu Claro";"Simples";"Cruzamento";"Urbano";3;1;0;0;2;0;0;2
83456987;"16/04/16";"Sábado";"21:10:00";"MG";116;"209,6";"CARAI";"Outras";"Saída de Pista";"Com Vítimas Feridas";"Plena noite";"Decrescente";"Nublado";"Simples";"Curva";"Urbano";2;0;2;0;0;0;2;1
83456988;"16/04/16";"Sábado";"22:00:00";"RJ";101;"305";"SAO GONCALO";"Outras";"Saída de Pista";"Com Vítimas Feridas";"Plena noite";"Crescente";"Nublado";"Dupla";"Reta";"Rural";2;0;2;0;0;0;2;1
83456989;"17/04/16";"Domingo";"05:00:00";"MG";381;"489,9";"BETIM";"Outras";"Queda de motocicleta / bicicleta / veículo";"Com Vítimas Feridas";"Amanhecer";"Decrescente";"Ceu Claro";"Dupla";"Reta";"Urbano";1;0;1;0;0;0;1;1
83456990;"16/04/16";"Sábado";"15:30:00";"MG";116;"284";"TEOFILO OTONI";"Falta de atenção";"Tombamento";"Com Vítimas Feridas";"Pleno dia";"Crescente";"Nublado";"Simples";"Reta";"Rural";1;0;1;0;0;0;1;1
83456991;"16/04/16";"Sábado";"23:20:00";"SP";116;"225,3";"GUARULHOS";"Desobediência à sinalização";"Atropelamento de pessoa";"Com Vítimas Feridas";"Plena noite";"Decrescente";"Ceu Claro";"Múltipla";"Reta";"Urbano";2;0;0;1;0;1;1;1
83456992;"17/04/16";"Domingo";"03:20:00";"CE";20;"405";"CAUCAIA";"Outras";"Colisão traseira";"Com Vítimas Fatais";"Plena noite";"Crescente";"Ceu Claro";"Simples";"Reta";"Urbano";2;1;0;0;0;1;0;2
83456993;"17/04/16";"Domingo";"04:00:00";"PR";153;"342,4";"IRATI";"Dormindo";"Saída de Pista";"Sem Vítimas";"Plena noite";"Decrescente";"Ceu Claro";"Simples";"Reta";"Rural";1;0;0;0;1;0;0;1
83456994;"17/04/16";"Domingo";"05:00:00";"RN";304;"283,6";"MACAIBA";"Ingestão de álcool";"Colisão frontal";"Com Vítimas Feridas";"Amanhecer";"Crescente";"Nublado";"Simples";"Reta";"Rural";2;0;1;0;1;0;1;2
83456995;"13/04/16";"Quarta";"09:00:00";"CE";222;"5";"CAUCAIA";"Falta de atenção";"Colisão traseira";"Com Vítimas Feridas";"Pleno dia";"Decrescente";"Sol";"Dupla";"Reta";"Urbano";2;0;1;0;1;0;1;2
83456997;"14/04/16";"Quinta";"19:50:00";"MA";316;"342";"BACABAL";"Outras";"Colisão com bicicleta";"Com Vítimas Feridas";"Plena noite";"Decrescente";"Ceu Claro";"Simples";"Reta";"Rural";2;0;1;1;0;0;2;2
83456998;"11/04/16";"Segunda";"18:20:00";"BA";116;"421";"FEIRA DE SANTANA";"Outras";"Colisão lateral";"Sem Vítimas";"Plena noite";"Decrescente";"Ceu Claro";"Simples";"Cruzamento";"Urbano";2;0;0;0;2;0;0;2
83456999;"17/04/16";"Domingo";"05:10:00";"PI";316;"5,6";"TERESINA";"Não guardar distância de segurança";"Colisão traseira";"Com Vítimas Feridas";"Amanhecer";"Decrescente";"Ceu Claro";"Múltipla";"Reta";"Urbano";4;0;1;1;0;2;2;2
83457000;"16/04/16";"Sábado";"22:30:00";"SC";101;"53";"JOINVILLE";"Falta de atenção";"Capotamento";"Com Vítimas Feridas";"Plena noite";"Decrescente";"Ceu Claro";"Dupla";"Reta";"Rural";3;0;2;0;1;0;2;1
83457001;"14/04/16";"Quinta";"02:00:00";"RS";116;"119,8";"SAO MARCOS";"Defeito mecânico em veículo";"Colisão com objeto fixo";"Sem Vítimas";"Plena noite";"Crescente";"Ceu Claro";"Simples";"Curva";"Rural";1;0;0;0;1;0;0;1
83457002;"17/04/16";"Domingo";"05:27:00";"PR";376;"494";"PONTA GROSSA";"Ingestão de álcool";"Colisão com objeto fixo";"Com Vítimas Feridas";"Plena noite";"Crescente";"Ceu Claro";"Dupla";"Reta";"Urbano";4;0;3;0;1;0;3;2
83457003;"16/04/16";"Sábado";"01:00:00";"MG";365;"597,8";"UBERLANDIA";"Outras";"Colisão com objeto fixo";"Com Vítimas Feridas";"Plena noite";"Crescente";"Ceu Claro";"Simples";"Curva";"Rural";1;0;1;0;0;0;1;1
83457004;"17/04/16";"Domingo";"05:20:00";"MG";116;"651,9";"LEOPOLDINA";"Dormindo";"Capotamento";"Com Vítimas Feridas";"Plena noite";"Crescente";"Nublado";"Simples";"Curva";"Rural";3;0;1;1;1;0;2;1
83457006;"16/04/16";"Sábado";"07:30:00";"MG";365;"637";"UBERLANDIA";"Outras";"Queda de motocicleta / bicicleta / veículo";"Com Vítimas Feridas";"Pleno dia";"Decrescente";"Ceu Claro";"Dupla";"Reta";"Rural";1;0;1;0;0;0;1;1
83457007;"16/04/16";"Sábado";"19:50:00";"MG";381;"289,8";"ANTONIO DIAS";"Ingestão de álcool";"Colisão frontal";"Com Vítimas Feridas";"Plena noite";"Crescente";"Ceu Claro";"Simples";"Curva";"Rural";2;0;1;0;1;0;1;2
83457008;"13/04/16";"Quarta";"16:40:00";"MG";116;"285,5";"TEOFILO OTONI";"Outras";"Tombamento";"Sem Vítimas";"Pleno dia";"Crescente";"Nublado";"Simples";"Reta";"Rural";1;0;0;0;1;0;0;1
83457009;"17/04/16";"Domingo";"06:15:00";"PR";163;"249";"TOLEDO";"Dormindo";"Saída de Pista";"Sem Vítimas";"Amanhecer";"Crescente";"Ceu Claro";"Simples";"Curva";"Rural";1;0;0;0;1;0;0;1
83457010;"17/04/16";"Domingo";"03:30:00";"GO";414;"379,8";"COCALZINHO DE GOIAS";"Ingestão de álcool";"Colisão com objeto fixo";"Sem Vítimas";"Plena noite";"Crescente";"Ceu Claro";"Simples";"Curva";"Rural";1;0;0;0;1;0;0;1
83457011;"12/04/16";"Terça";"16:00:00";"SP";381;"77";"SAO PAULO";"Defeito na via";"Colisão com objeto fixo";"Sem Vítimas";"Pleno dia";"Crescente";"Chuva";"Dupla";"Curva";"Rural";1;0;0;0;1;0;0;1
83457012;"15/04/16";"Sexta";"15:15:00";"PA";316;"8";"ANANINDEUA";"Não guardar distância de segurança";"Colisão traseira";"Com Vítimas Feridas";"Pleno dia";"Crescente";"Chuva";"Dupla";"Reta";"Urbano";3;0;0;1;2;0;1;2
83457014;"13/04/16";"Quarta";"15:40:00";"RS";116;"51,2";"VACARIA";"Velocidade incompatível";"Capotamento";"Sem Vítimas";"Pleno dia";"Crescente";"Chuva";"Simples";"Curva";"Rural";1;0;0;0;1;0;0;1
83457015;"16/04/16";"Sábado";"05:30:00";"TO";153;"775,1";"TALISMA";"Dormindo";"Colisão lateral";"Sem Vítimas";"Amanhecer";"Crescente";"Ceu Claro";"Simples";"Reta";"Rural";2;0;0;0;2;0;0;2
83457016;"16/04/16";"Sábado";"20:00:00";"ES";101;"144,9";"LINHARES";"Ingestão de álcool";"Colisão traseira";"Sem Vítimas";"Plena noite";"Decrescente";"Ceu Claro";"Múltipla";"Reta";"Urbano";2;0;0;0;2;0;0;2
83457017;"17/04/16";"Domingo";"05:40:00";"SP";116;"52";"LORENA";"Outras";"Tombamento";"Com Vítimas Feridas";"Amanhecer";"Decrescente";"Ceu Claro";"Dupla";"Reta";"Urbano";1;0;1;0;0;0;1;1
83457018;"17/04/16";"Domingo";"01:00:00";"ES";393;"21,1";"MUQUI";"Velocidade incompatível";"Saída de Pista";"Com Vítimas Feridas";"Plena noite";"Crescente";"Ceu Claro";"Simples";"Curva";"Rural";1;0;0;1;0;0;1;1
83457019;"17/04/16";"Domingo";"04:10:00";"GO";60;"100,4";"ANAPOLIS";"Outras";"Saída de Pista";"Com Vítimas Feridas";"Plena noite";"Decrescente";"Ceu Claro";"Dupla";"Reta";"Urbano";3;0;3;0;0;0;3;1
83457020;"09/04/16";"Sábado";"18:40:00";"PR";116;"131";"FAZENDA RIO GRANDE";"Falta de atenção";"Colisão Transversal";"Com Vítimas Feridas";"Plena noite";"Crescente";"Chuva";"Simples";"Reta";"Urbano";2;0;0;1;0;1;1;2
83457021;"13/04/16";"Quarta";"14:30:00";"PE";101;"79";"JABOATAO DOS GUARARAPES";"Não guardar distância de segurança";"Colisão traseira";"Com Vítimas Feridas";"Pleno dia";"Crescente";"Sol";"Dupla";"Curva";"Urbano";3;0;1;0;2;0;1;2
83457022;"10/04/16";"Domingo";"02:30:00";"SC";101;"212,3";"PALHOCA";"Ingestão de álcool";"Colisão com objeto fixo";"Com Vítimas Feridas";"Plena noite";"Crescente";"Ceu Claro";"Múltipla";"Reta";"Urbano";1;0;1;0;0;0;1;1
83457023;"17/04/16";"Domingo";"06:20:00";"CE";222;"6";"CAUCAIA";"Ingestão de álcool";"Saída de Pista";"Sem Vítimas";"Amanhecer";"Decrescente";"Ceu Claro";"Dupla";"Reta";"Urbano";1;0;0;0;1;0;0;1
83457024;"02/04/16";"Sábado";"04:30:00";"PR";116;"117";"CURITIBA";"Outras";"Atropelamento de pessoa";"Com Vítimas Feridas";"Plena noite";"Crescente";"Ceu Claro";"Dupla";"Reta";"Urbano";2;0;0;1;0;1;1;1
83457025;"16/04/16";"Sábado";"21:40:00";"SP";116;"322,5";"JUQUITIBA";"Outras";"Colisão com objeto fixo";"Com Vítimas Fatais";"Plena noite";"Decrescente";"Ceu Claro";"Dupla";"Curva";"Urbano";1;1;0;0;0;0;0;1
83457026;"13/04/16";"Quarta";"19:45:00";"RS";116;"38,7";"VACARIA";"Ingestão de álcool";"Colisão frontal";"Sem Vítimas";"Anoitecer";"Decrescente";"Chuva";"Simples";"Reta";"Urbano";5;0;0;0;5;0;0;2
83457027;"10/04/16";"Domingo";"04:00:00";"SE";101;"150,7";"ESTANCIA";"Ingestão de álcool";"Colisão Transversal";"Com Vítimas Feridas";"Plena noite";"Crescente";"Ceu Claro";"Dupla";"Curva";"Urbano";2;0;1;0;1;0;1;2
83457028;"17/04/16";"Domingo";"03:20:00";"RJ";116;"299";"RESENDE";"Outras";"Colisão Transversal";"Com Vítimas Feridas";"Amanhecer";"Decrescente";"Ceu Claro";"Dupla";"Reta";"Rural";2;0;1;0;1;0;1;2
83457029;"13/04/16";"Quarta";"17:45:00";"MG";40;"748,9";"SANTOS DUMONT";"Velocidade incompatível";"Colisão com objeto fixo";"Sem Vítimas";"Anoitecer";"Crescente";"Chuva";"Simples";"Curva";"Urbano";1;0;0;0;1;0;0;1
83457030;"09/04/16";"Sábado";"21:30:00";"TO";153;"157";"ARAGUAINA";"Ingestão de álcool";"Saída de Pista";"Com Vítimas Feridas";"Plena noite";"Crescente";"Ceu Claro";"Simples";"Reta";"Rural";1;0;0;1;0;0;1;1
83457031;"13/04/16";"Quarta";"21:00:00";"MT";163;"108";"RONDONOPOLIS";"Outras";"Incêndio";"Sem Vítimas";"Plena noite";"Crescente";"Ceu Claro";"Dupla";"Reta";"Urbano";1;0;0;0;1;0;0;1
83457032;"16/04/16";"Sábado";"21:55:00";"PR";116;"32,5";"CAMPINA GRANDE DO SUL";"Outras";"Tombamento";"Com Vítimas Feridas";"Plena noite";"Decrescente";"Nublado";"Dupla";"Curva";"Rural";1;0;1;0;0;0;1;1
83457033;"16/04/16";"Sábado";"18:50:00";"PR";116;"125";"FAZENDA RIO GRANDE";"Ingestão de álcool";"Colisão com bicicleta";"Com Vítimas Fatais";"Plena noite";"Decrescente";"Ceu Claro";"Dupla";"Reta";"Urbano";2;1;1;0;0;0;1;2
83457034;"13/04/16";"Quarta";"21:30:00";"PR";476;"140";"CURITIBA";"Outras";"Queda de motocicleta / bicicleta / veículo";"Com Vítimas Feridas";"Plena noite";"Decrescente";"Nublado";"Dupla";"Reta";"Urbano";1;0;1;0;0;0;1;1
83457035;"13/04/16";"Quarta";"10:30:00";"MG";116;"409,2";"GOVERNADOR VALADARES";"Falta de atenção";"Atropelamento de pessoa";"Com Vítimas Feridas";"Pleno dia";"Crescente";"Ceu Claro";"Dupla";"Reta";"Rural";2;0;2;0;0;0;2;1
83457036;"13/04/16";"Quarta";"19:50:00";"PE";101;"153";"RIBEIRAO";"Defeito na via";"Capotamento";"Sem Vítimas";"Plena noite";"Crescente";"Chuva";"Dupla";"Curva";"Urbano";1;0;0;0;1;0;0;1
83457037;"13/04/16";"Quarta";"21:50:00";"SP";153;"146,5";"PROMISSAO";"Outras";"Queda de motocicleta / bicicleta / veículo";"Com Vítimas Feridas";"Plena noite";"Decrescente";"Ceu Claro";"Simples";"Reta";"Rural";1;0;1;0;0;0;1;1
83457038;"17/04/16";"Domingo";"02:10:00";"ES";101;"396,3";"RIO NOVO DO SUL";"Outras";"Saída de Pista";"Com Vítimas Fatais";"Plena noite";"Crescente";"Ceu Claro";"Simples";"Curva";"Urbano";1;1;0;0;0;0;0;1
83457039;"15/04/16";"Sexta";"22:10:00";"GO";60;"31";"ALEXANIA";"Outras";"Atropelamento de pessoa";"Com Vítimas Feridas";"Plena noite";"Decrescente";"Vento";"Dupla";"Curva";"Urbano";2;0;0;1;1;0;1;1
83457040;"17/04/16";"Domingo";"09:05:00";"SC";280;"54,2";"GUARAMIRIM";"Falta de atenção";"Colisão Transversal";"Com Vítimas Feridas";"Pleno dia";"Decrescente";"Ceu Claro";"Simples";"Reta";"Urbano";3;0;1;0;2;0;1;2
83457041;"17/04/16";"Domingo";"08:00:00";"PE";408;"76,4";"PAUDALHO";"Animais na Pista";"Atropelamento de animal";"Sem Vítimas";"Pleno dia";"Decrescente";"Ceu Claro";"Dupla";"Reta";"Rural";1;0;0;0;1;0;0;1
83457042;"13/04/16";"Quarta";"09:20:00";"GO";40;"11";"LUZIANIA";"Outras";"Colisão lateral";"Sem Vítimas";"Pleno dia";"Decrescente";"Ceu Claro";"Dupla";"Reta";"Urbano";2;0;0;0;2;0;0;2
83457043;"13/04/16";"Quarta";"07:15:00";"DF";40;"6,2";"BRASILIA";"Falta de atenção";"Colisão traseira";"Com Vítimas Feridas";"Pleno dia";"Decrescente";"Ceu Claro";"Simples";"Reta";"Urbano";3;0;1;0;2;0;1;3
83457045;"13/04/16";"Quarta";"22:40:00";"PR";376;"182,7";"SARANDI";"Ingestão de álcool";"Colisão Transversal";"Com Vítimas Feridas";"Plena noite";"Crescente";"Ceu Claro";"Dupla";"Reta";"Urbano";5;0;2;0;3;0;2;2
83457046;"17/04/16";"Domingo";"09:00:00";"SC";280;"124";"RIO NEGRINHO";"Outras";"Queda de motocicleta / bicicleta / veículo";"Com Vítimas Feridas";"Pleno dia";"Crescente";"Ceu Claro";"Simples";"Reta";"Rural";1;0;0;1;0;0;1;1
83457047;"17/04/16";"Domingo";"08:20:00";"SC";101;"7";"GARUVA";"Defeito mecânico em veículo";"Colisão com objeto fixo";"Sem Vítimas";"Pleno dia";"Crescente";"Sol";"Dupla";"Reta";"Urbano";1;0;0;0;1;0;0;1
83457048;"17/04/16";"Domingo";"07:00:00";"ES";101;"263,9";"SERRA";"Outras";"Colisão com objeto fixo";"Ignorado";"Pleno dia";"Crescente";"Ceu Claro";"Dupla";"Reta";"Urbano";1;0;0;0;0;1;0;1
83457049;"14/04/16";"Quinta";"07:30:00";"DF";70;"1";"BRASILIA";"Não guardar distância de segurança";"Colisão Transversal";"Com Vítimas Feridas";"Pleno dia";"Decrescente";"Ceu Claro";"Dupla";"Reta";"Urbano";3;0;1;0;2;0;1;3
83457050;"12/04/16";"Terça";"22:00:00";"RO";364;"1084";"PORTO VELHO";"Defeito na via";"Saída de Pista";"Com Vítimas Feridas";"Plena noite";"Crescente";"Ceu Claro";"Dupla";"Reta";"Rural";1;0;1;0;0;0;1;1
83457051;"17/04/16";"Domingo";"07:00:00";"TO";153;"703,4";"CARIRI DO TOCANTINS";"Dormindo";"Colisão lateral";"Sem Vítimas";"Pleno dia";"Decrescente";"Ceu Claro";"Simples";"Reta";"Rural";2;0;0;0;2;0;0;2
83457052;"13/04/16";"Quarta";"10:45:00";"PR";272;"545";"TERRA ROXA";"Outras";"Colisão com objeto fixo";"Com Vítimas Fatais";"Pleno dia";"Crescente";"Ceu Claro";"Simples";"Reta";"Rural";1;1;0;0;0;0;0;1
83457053;"17/04/16";"Domingo";"06:00:00";"GO";60;"44,5";"ALEXANIA";"Outras";"Saída de Pista";"Sem Vítimas";"Amanhecer";"Crescente";"Ceu Claro";"Dupla";"Reta";"Urbano";1;0;0;0;1;0;0;1
83457054;"16/04/16";"Sábado";"01:30:00";"SC";470;"298,5";"CAMPOS NOVOS";"Ingestão de álcool";"Colisão frontal";"Com Vítimas Feridas";"Plena noite";"Decrescente";"Ceu Claro";"Simples";"Reta";"Rural";4;0;0;1;3;0;1;3
83457055;"15/04/16";"Sexta";"18:15:00";"SP";116;"165,2";"JACAREI";"Falta de atenção";"Colisão traseira";"Sem Vítimas";"Plena noite";"Decrescente";"Ceu Claro";"Dupla";"Reta";"Urbano";3;0;0;0;3;0;0;3
83457056;"16/04/16";"Sábado";"07:10:00";"MG";381;"537,6";"ITATIAIUCU";"Dormindo";"Colisão traseira";"Com Vítimas Feridas";"Pleno dia";"Decrescente";"Ceu Claro";"Dupla";"Curva";"Rural";5;0;3;0;2;0;3;2
83457057;"17/04/16";"Domingo";"07:36:00";"RR";401;"0,1";"BOA VISTA";"Desobediência à sinalização";"Colisão Transversal";"Com Vítimas Feridas";"Pleno dia";"Decrescente";"Ceu Claro";"Dupla";"Cruzamento";"Urbano";2;0;0;1;1;0;1;2
83457058;"16/04/16";"Sábado";"18:30:00";"PE";316;"276,6";"BELEM DE SAO FRANCISCO";"Dormindo";"Saída de Pista";"Sem Vítimas";"Plena noite";"Decrescente";"Ceu Claro";"Simples";"Reta";"Rural";1;0;0;0;1;0;0;1
83457059;"12/04/16";"Terça";"14:20:00";"MG";40;"606,7";"CONGONHAS";"Desobediência à sinalização";"Colisão Transversal";"Com Vítimas Feridas";"Pleno dia";"Decrescente";"Ceu Claro";"Simples";"Reta";"Rural";2;0;2;0;0;0;2;2
83457060;"17/04/16";"Domingo";"07:20:00";"PE";101;"45,2";"IGARASSU";"Desobediência à sinalização";"Colisão traseira";"Com Vítimas Feridas";"Pleno dia";"Decrescente";"Nublado";"Dupla";"Reta";"Urbano";2;0;0;1;1;0;1;2
83457062;"10/04/16";"Domingo";"08:30:00";"SP";116;"58";"GUARATINGUETA";"Outras";"Colisão traseira";"Com Vítimas Feridas";"Pleno dia";"Crescente";"Ceu Claro";"Dupla";"Reta";"Rural";2;0;1;0;0;1;1;2
83457063;"17/04/16";"Domingo";"09:34:00";"MG";381;"913";"CAMANDUCAIA";"Velocidade incompatível";"Tombamento";"Com Vítimas Feridas";"Pleno dia";"Crescente";"Sol";"Dupla";"Curva";"Rural";1;0;1;0;0;0;1;1
83457064;"16/04/16";"Sábado";"04:00:00";"MG";40;"346,3";"FELIXLANDIA";"Dormindo";"Capotamento";"Com Vítimas Feridas";"Plena noite";"Crescente";"Ceu Claro";"Simples";"Curva";"Rural";1;0;1;0;0;0;1;1
83457065;"17/04/16";"Domingo";"09:40:00";"MT";163;"510";"DIAMANTINO";"Defeito mecânico em veículo";"Colisão traseira";"Sem Vítimas";"Pleno dia";"Decrescente";"Ceu Claro";"Simples";"Reta";"Rural";2;0;0;0;2;0;0;2
83457067;"16/04/16";"Sábado";"21:00:00";"MG";40;"41";"PARACATU";"Ingestão de álcool";"Colisão Transversal";"Com Vítimas Feridas";"Plena noite";"Crescente";"Ceu Claro";"Simples";"Reta";"Urbano";2;0;1;0;1;0;1;2
83457068;"16/04/16";"Sábado";"03:30:00";"MG";40;"322";"FELIXLANDIA";"Falta de atenção";"Capotamento";"Com Vítimas Feridas";"Plena noite";"Decrescente";"Ceu Claro";"Simples";"Curva";"Rural";3;0;0;1;1;1;1;2
83457069;"16/04/16";"Sábado";"21:30:00";"MT";163;"842";"SINOP";"Falta de atenção";"Colisão frontal";"Com Vítimas Feridas";"Plena noite";"Crescente";"Ceu Claro";"Simples";"Reta";"Rural";3;0;2;1;0;0;3;2
83457070;"17/04/16";"Domingo";"08:30:00";"MT";364;"338,6";"SANTO ANTONIO DO LEVERGER";"Defeito mecânico em veículo";"Colisão com objeto móvel";"Sem Vítimas";"Pleno dia";"Crescente";"Ceu Claro";"Simples";"Reta";"Rural";2;0;0;0;2;0;0;2
83457071;"17/04/16";"Domingo";"09:00:00";"RS";153;"52";"ERECHIM";"Ingestão de álcool";"Colisão traseira";"Com Vítimas Feridas";"Pleno dia";"Crescente";"Sol";"Simples";"Reta";"Urbano";2;0;1;0;1;0;1;2
83457072;"15/04/16";"Sexta";"09:00:00";"GO";60;"224,9";"CEZARINA";"Falta de atenção";"Colisão lateral";"Com Vítimas Feridas";"Pleno dia";"Decrescente";"Ceu Claro";"Dupla";"Reta";"Rural";3;0;2;0;1;0;2;2
83457073;"17/04/16";"Domingo";"10:20:00";"MG";116;"527";"CARATINGA";"Velocidade incompatível";"Colisão traseira";"Com Vítimas Feridas";"Pleno dia";"Decrescente";"Nublado";"Simples";"Reta";"Urbano";3;0;1;0;1;1;1;2
83457074;"17/04/16";"Domingo";"07:10:00";"CE";116;"11,4";"FORTALEZA";"Desobediência à sinalização";"Colisão frontal";"Sem Vítimas";"Pleno dia";"Crescente";"Ceu Claro";"Simples";"Curva";"Urbano";2;0;0;0;2;0;0;2
83457075;"14/04/16";"Quinta";"01:30:00";"PR";163;"345,5";"GUAIRA";"Dormindo";"Saída de Pista";"Sem Vítimas";"Plena noite";"Crescente";"Chuva";"Simples";"Reta";"Rural";1;0;0;0;1;0;0;1
83457076;"17/04/16";"Domingo";"06:40:00";"ES";101;"304,5";"VIANA";"Ingestão de álcool";"Colisão traseira";"Sem Vítimas";"Pleno dia";"Crescente";"Ceu Claro";"Dupla";"Reta";"Urbano";3;0;0;0;3;0;0;3
83457077;"13/04/16";"Quarta";"23:00:00";"RJ";116;"184";"NOVA IGUACU";"Outras";"Colisão traseira";"Com Vítimas Fatais";"Plena noite";"Crescente";"Ceu Claro";"Dupla";"Reta";"Urbano";3;1;1;0;1;0;1;2
83457078;"14/04/16";"Quinta";"00:15:00";"SP";116;"220";"GUARULHOS";"Outras";"Colisão com objeto fixo";"Sem Vítimas";"Plena noite";"Crescente";"Ceu Claro";"Múltipla";"Reta";"Urbano";1;0;0;0;1;0;0;1
83457079;"14/04/16";"Quinta";"07:10:00";"MT";364;"581";"NOBRES";"Falta de atenção";"Colisão traseira";"Sem Vítimas";"Pleno dia";"Decrescente";"Nublado";"Simples";"Reta";"Rural";4;0;0;0;3;1;0;2
83457080;"14/04/16";"Quinta";"01:30:00";"PB";101;"14,5";"MAMANGUAPE";"Animais na Pista";"Atropelamento de animal";"Com Vítimas Feridas";"Plena noite";"Decrescente";"Nublado";"Dupla";"Reta";"Rural";2;0;1;1;0;0;2;1