"id";"data_inversa";"dia_semana";"horario";"uf";"br";"km";"municipio";"causa_acidente";"tipo_acidente";"classificacao_acidente";"fase_dia";"sentido_via";"condicao_metereologica";"tipo_pista";"tracado_via";"uso_solo";"pessoas";"mortos";"feridos_leves";"feridos_graves";"ilesos";"ignorados";"feridos";"veiculos"
83457416;"15/04/16";"Sexta";"05:20:00";"RJ";393;"284";"VOLTA REDONDA";"Dormindo";"Colisão frontal";"Com Vítimas Feridas";"Amanhecer";"Decrescente";"Ignorada";"Simples";"Reta";"Urbano";2;0;1;0;1;0;1;2
83457417;"18/04/16";"Segunda";"11:40:00";"BA";101;"946";"MUCURI";"Outras";"Saída de Pista";"Com Vítimas Feridas";"Pleno dia";"Crescente";"Ceu Claro";"Simples";"Reta";"Rural";2;0;1;0;1;0;1;1
83457418;"18/04/16";"Segunda";"11:45:00";"SC";101;"199";"BIGUACU";"Outras";"Colisão Transversal";"Com Vítimas Feridas";"Pleno dia";"Crescente";"Ceu Claro";"Dupla";"Reta";"Urbano";2;0;1;0;1;0;1;2
83457419;"10/04/16";"Domingo";"19:00:00";"ES";101;"264";"SERRA";"Outras";"Atropelamento de pessoa";"Com Vítimas Feridas";"Plena noite";"Crescente";"Ceu Claro";"Dupla";"Reta";"Urbano";2;0;0;1;1;0;1;1
83457420;"18/04/16";"Segunda";"16:15:00";"AL";316;"239";"ATALAIA";"Outras";"Atropelamento de pessoa";"Com Vítimas Feridas";"Pleno dia";"Decrescente";"Ceu Claro";"Simples";"Reta";"Rural";2;0;0;1;1;0;1;1
83457422;"18/04/16";"Segunda";"15:45:00";"PR";163;"337";"GUAIRA";"Velocidade incompatível";"Saída de Pista";"Com Vítimas Feridas";"Pleno dia";"Crescente";"Ceu Claro";"Simples";"Reta";"Rural";1;0;1;0;0;0;1;1
83457423;"18/04/16";"Segunda";"17:15:00";"RS";470;"212,8";"BENTO GONCALVES";"Falta de atenção";"Colisão Transversal";"Com Vítimas Feridas";"Pleno dia";"Crescente";"Ceu Claro";"Simples";"Reta";"Urbano";2;0;1;0;1;0;1;2
83457424;"18/04/16";"Segunda";"16:30:00";"MG";365;"625";"UBERLANDIA";"Não guardar distância de segurança";"Colisão traseira";"Com Vítimas Feridas";"Pleno dia";"Decrescente";"Ceu Claro";"Simples";"Reta";"Urbano";4;0;2;0;2;0;2;2
83457425;"18/04/16";"Segunda";"11:05:00";"PI";343;"348,4";"TERESINA";"Falta de atenção";"Colisão lateral";"Sem Vítimas";"Pleno dia";"Decrescente";"Sol";"Simples";"Reta";"Urbano";2;0;0;0;2;0;0;2
83457426;"18/04/16";"Segunda";"17:15:00";"MG";381;"887,7";"ESTIVA";"Outras";"Queda de motocicleta / bicicleta / veículo";"Com Vítimas Feridas";"Pleno dia";"Crescente";"Ceu Claro";"Dupla";"Curva";"Rural";2;0;2;0;0;0;2;1
83457427;"18/04/16";"Segunda";"17:30:00";"RS";392;"352,8";"SANTA MARIA";"Não guardar distância de segurança";"Colisão traseira";"Com Vítimas Feridas";"Pleno dia";"Crescente";"Nublado";"Simples";"Reta";"Urbano";3;0;1;0;2;0;1;3
83457428;"18/04/16";"Segunda";"18:30:00";"SP";116;"388";"MIRACATU";"Dormindo";"Colisão com objeto fixo";"Sem Vítimas";"Plena noite";"Decrescente";"Ceu Claro";"Dupla";"Reta";"Rural";1;0;0;0;1;0;0;1
83457429;"18/04/16";"Segunda";"18:00:00";"SC";101;"111,5";"ITAJAI";"Falta de atenção";"Colisão traseira";"Com Vítimas Feridas";"Anoitecer";"Decrescente";"Ceu Claro";"Dupla";"Reta";"Urbano";3;0;1;0;2;0;1;3
83457430;"18/04/16";"Segunda";"18:30:00";"PE";101;"22";"GOIANA";"Outras";"Capotamento";"Com Vítimas Feridas";"Plena noite";"Decrescente";"Nublado";"Dupla";"Reta";"Rural";3;0;3;0;0;0;3;1
83457431;"18/04/16";"Segunda";"14:00:00";"GO";452;"180,5";"ITUMBIARA";"Defeito mecânico em veículo";"Incêndio";"Sem Vítimas";"Pleno dia";"Crescente";"Ceu Claro";"Dupla";"Reta";"Rural";1;0;0;0;1;0;0;1
83457432;"18/04/16";"Segunda";"12:40:00";"MS";60;"236,5";"BANDEIRANTES";"Animais na Pista";"Saída de Pista";"Com Vítimas Feridas";"Pleno dia";"Decrescente";"Ceu Claro";"Simples";"Reta";"Rural";2;0;0;2;0;0;2;1
83457433;"18/04/16";"Segunda";"13:30:00";"SP";116;"116,3";"TAUBATE";"Falta de atenção";"Colisão traseira";"Com Vítimas Feridas";"Pleno dia";"Decrescente";"Ceu Claro";"Dupla";"Reta";"Urbano";2;0;1;0;1;0;1;2
83457434;"18/04/16";"Segunda";"18:40:00";"SE";235;"5,8";"NOSSA SENHORA DO SOCORRO";"Desobediência à sinalização";"Colisão lateral";"Com Vítimas Feridas";"Plena noite";"Crescente";"Ceu Claro";"Simples";"Reta";"Urbano";3;0;2;0;1;0;2;2
83457435;"15/04/16";"Sexta";"06:30:00";"MG";267;"61,6";"BICAS";"Não guardar distância de segurança";"Colisão traseira";"Com Vítimas Feridas";"Pleno dia";"Decrescente";"Ceu Claro";"Simples";"Reta";"Rural";2;0;1;0;1;0;1;2
83457436;"18/04/16";"Segunda";"17:15:00";"SC";470;"142,3";"RIO DO SUL";"Outras";"Tombamento";"Com Vítimas Feridas";"Pleno dia";"Crescente";"Ceu Claro";"Simples";"Reta";"Urbano";1;0;1;0;0;0;1;1
83457437;"14/04/16";"Quinta";"19:40:00";"SP";116;"68";"APARECIDA";"Outras";"Colisão lateral";"Sem Vítimas";"Plena noite";"Crescente";"Nublado";"Dupla";"Reta";"Urbano";2;0;0;0;2;0;0;2
83457438;"15/04/16";"Sexta";"19:00:00";"SP";153;"74,7";"SAO JOSE DO RIO PRETO";"Falta de atenção";"Colisão Transversal";"Com Vítimas Feridas";"Plena noite";"Decrescente";"Ceu Claro";"Simples";"Cruzamento";"Urbano";2;0;1;0;1;0;1;2
83457439;"16/04/16";"Sábado";"23:00:00";"BA";101;"779,9";"ITABELA";"Ingestão de álcool";"Saída de Pista";"Com Vítimas Fatais";"Plena noite";"Decrescente";"Ceu Claro";"Simples";"Curva";"Rural";1;1;0;0;0;0;0;1
83457440;"17/04/16";"Domingo";"18:40:00";"SE";101;"180,2";"UMBAUBA";"Outras";"Atropelamento de pessoa";"Com Vítimas Fatais";"Plena noite";"Crescente";"Chuva";"Simples";"Reta";"Rural";2;1;0;0;0;1;0;1
83457441;"18/04/16";"Segunda";"17:50:00";"PR";476;"133";"CURITIBA";"Falta de atenção";"Colisão traseira";"Com Vítimas Feridas";"Pleno dia";"Crescente";"Ceu Claro";"Múltipla";"Reta";"Urbano";2;0;1;0;1;0;1;2
83457442;"08/04/16";"Sexta";"10:00:00";"GO";153;"512";"APARECIDA DE GOIANIA";"Defeito na via";"Colisão com objeto fixo";"Sem Vítimas";"Pleno dia";"Decrescente";"Ceu Claro";"Dupla";"Reta";"Urbano";1;0;0;0;1;0;0;1
83457443;"14/04/16";"Quinta";"21:50:00";"SC";282;"65,3";"RANCHO QUEIMADO";"Velocidade incompatível";"Saída de Pista";"Com Vítimas Feridas";"Plena noite";"Crescente";"Nublado";"Simples";"Reta";"Rural";2;0;1;0;1;0;1;1
83457444;"18/04/16";"Segunda";"16:10:00";"MG";262;"898,1";"CAMPO FLORIDO";"Falta de atenção";"Colisão com objeto fixo";"Com Vítimas Feridas";"Pleno dia";"Decrescente";"Sol";"Dupla";"Curva";"Rural";1;0;1;0;0;0;1;1
83457445;"18/04/16";"Segunda";"12:00:00";"PE";101;"68";"RECIFE";"Outras";"Colisão lateral";"Com Vítimas Feridas";"Pleno dia";"Crescente";"Nublado";"Dupla";"Cruzamento";"Urbano";2;0;1;0;1;0;1;2
83457446;"18/04/16";"Segunda";"19:05:00";"RS";116;"235";"NOVO HAMBURGO";"Falta de atenção";"Colisão traseira";"Sem Vítimas";"Plena noite";"Decrescente";"Nublado";"Dupla";"Reta";"Urbano";3;0;0;0;3;0;0;3
83457447;"15/04/16";"Sexta";"04:30:00";"RJ";101;"391";"RIO DE JANEIRO";"Velocidade incompatível";"Tombamento";"Sem Vítimas";"Amanhecer";"Decrescente";"Nublado";"Dupla";"Reta";"Rural";1;0;0;0;1;0;0;1
83457448;"18/04/16";"Segunda";"18:23:00";"SP";116;"158";"SAO JOSE DOS CAMPOS";"Outras";"Colisão com objeto fixo";"Com Vítimas Feridas";"Plena noite";"Crescente";"Nublado";"Dupla";"Reta";"Rural";1;0;1;0;0;0;1;1
83457450;"18/04/16";"Segunda";"10:50:00";"MG";262;"0,5";"MARTINS SOARES";"Outras";"Colisão frontal";"Com Vítimas Fatais";"Pleno dia";"Crescente";"Sol";"Simples";"Reta";"Rural";2;1;0;0;1;0;0;2
83457451;"15/04/16";"Sexta";"17:30:00";"SP";116;"144,3";"SAO JOSE DOS CAMPOS";"Falta de atenção";"Colisão traseira";"Sem Vítimas";"Anoitecer";"Crescente";"Ceu Claro";"Dupla";"Reta";"Rural";2;0;0;0;2;0;0;2
83457452;"18/04/16";"Segunda";"17:55:00";"PE";232;"8";"RECIFE";"Outras";"Colisão lateral";"Com Vítimas Feridas";"Anoitecer";"Crescente";"Chuva";"Dupla";"Reta";"Urbano";3;0;1;1;1;0;2;2
83457453;"13/04/16";"Quarta";"05:00:00";"RJ";116;"135";"MAGE";"Falta de atenção";"Colisão com objeto fixo";"Com Vítimas Feridas";"Plena noite";"Decrescente";"Ceu Claro";"Dupla";"Reta";"Rural";1;0;1;0;0;0;1;1
83457455;"18/04/16";"Segunda";"18:30:00";"MG";381;"768,5";"CAMPANHA";"Outras";"Saída de Pista";"Sem Vítimas";"Pleno dia";"Decrescente";"Ignorada";"Dupla";"Reta";"Rural";1;0;0;0;1;0;0;1
83457457;"18/04/16";"Segunda";"07:00:00";"GO";60;"87,5";"ANAPOLIS";"Outras";"Tombamento";"Sem Vítimas";"Pleno dia";"Crescente";"Ceu Claro";"Dupla";"Reta";"Rural";1;0;0;0;1;0;0;1
83457458;"18/04/16";"Segunda";"18:40:00";"MS";163;"615";"SAO GABRIEL DO OESTE";"Ingestão de álcool";"Colisão traseira";"Sem Vítimas";"Plena noite";"Crescente";"Ceu Claro";"Simples";"Reta";"Urbano";2;0;0;0;2;0;0;2
83457459;"18/04/16";"Segunda";"18:30:00";"BA";101;"919";"NOVA VICOSA";"Outras";"Colisão com bicicleta";"Com Vítimas Feridas";"Anoitecer";"Decrescente";"Nublado";"Simples";"Reta";"Urbano";4;0;0;1;3;0;1;2
83457460;"18/04/16";"Segunda";"15:00:00";"MT";163;"668";"LUCAS DO RIO VERDE";"Desobediência à sinalização";"Saída de Pista";"Sem Vítimas";"Pleno dia";"Decrescente";"Ceu Claro";"Simples";"Reta";"Rural";1;0;0;0;1;0;0;1
83457461;"18/04/16";"Segunda";"12:30:00";"PA";230;"119";"MARABA";"Falta de atenção";"Colisão lateral";"Sem Vítimas";"Pleno dia";"Crescente";"Ceu Claro";"Dupla";"Reta";"Urbano";2;0;0;0;1;1;0;2
83457462;"18/04/16";"Segunda";"18:45:00";"PB";230;"383,4";"CONDADO";"Animais na Pista";"Atropelamento de animal";"Com Vítimas Feridas";"Plena noite";"Crescente";"Ceu Claro";"Simples";"Reta";"Rural";1;0;1;0;0;0;1;1
83457463;"11/04/16";"Segunda";"20:35:00";"SC";101;"235";"PALHOCA";"Velocidade incompatível";"Saída de Pista";"Sem Vítimas";"Plena noite";"Decrescente";"Chuva";"Dupla";"Curva";"Urbano";1;0;0;0;1;0;0;1
83457464;"18/04/16";"Segunda";"07:10:00";"RS";158;"550,7";"SANTANA DO LIVRAMENTO";"Velocidade incompatível";"Saída de Pista";"Com Vítimas Feridas";"Amanhecer";"Decrescente";"Chuva";"Simples";"Curva";"Rural";1;0;1;0;0;0;1;1
83457465;"18/04/16";"Segunda";"08:00:00";"SP";116;"219";"GUARULHOS";"Desobediência à sinalização";"Colisão Transversal";"Com Vítimas Feridas";"Pleno dia";"Crescente";"Ceu Claro";"Dupla";"Reta";"Urbano";2;0;1;0;1;0;1;2
83457466;"18/04/16";"Segunda";"16:30:00";"RO";364;"238";"CACOAL";"Falta de atenção";"Colisão traseira";"Com Vítimas Feridas";"Pleno dia";"Crescente";"Sol";"Simples";"Reta";"Urbano";3;0;1;0;2;0;1;3
83457467;"18/04/16";"Segunda";"16:50:00";"DF";20;"8";"BRASILIA";"Falta de atenção";"Atropelamento de pessoa";"Com Vítimas Feridas";"Pleno dia";"Crescente";"Ceu Claro";"Dupla";"Reta";"Urbano";2;0;1;0;1;0;1;1
83457468;"18/04/16";"Segunda";"20:15:00";"MG";40;"755,6";"EWBANK DA CAMARA";"Velocidade incompatível";"Saída de Pista";"Com Vítimas Feridas";"Plena noite";"Decrescente";"Ceu Claro";"Simples";"Reta";"Rural";1;0;1;0;0;0;1;1
83457469;"14/04/16";"Quinta";"16:14:00";"PI";343;"187,5";"PIRIPIRI";"Defeito mecânico em veículo";"Colisão Transversal";"Com Vítimas Feridas";"Pleno dia";"Crescente";"Ceu Claro";"Simples";"Cruzamento";"Urbano";2;0;1;0;1;0;1;2
83457470;"17/04/16";"Domingo";"03:30:00";"RJ";116;"141";"DUQUE DE CAXIAS";"Falta de atenção";"Capotamento";"Com Vítimas Feridas";"Plena noite";"Crescente";"Ceu Claro";"Dupla";"Reta";"Rural";3;0;1;1;1;0;2;1
83457471;"18/04/16";"Segunda";"18:40:00";"RO";364;"226,8";"CACOAL";"Outras";"Queda de motocicleta / bicicleta / veículo";"Com Vítimas Feridas";"Anoitecer";"Crescente";"Nublado";"Simples";"Reta";"Rural";2;0;2;0;0;0;2;1
83457472;"18/04/16";"Segunda";"20:30:00";"SC";101;"334,9";"TUBARAO";"Falta de atenção";"Colisão lateral";"Sem Vítimas";"Plena noite";"Crescente";"Ceu Claro";"Múltipla";"Cruzamento";"Urbano";2;0;0;0;2;0;0;2
83457473;"18/04/16";"Segunda";"13:30:00";"PR";369;"158";"LONDRINA";"Defeito mecânico em veículo";"Derramamento de Carga";"Sem Vítimas";"Pleno dia";"Crescente";"Ceu Claro";"Simples";"Curva";"Urbano";1;0;0;0;1;0;0;1
83457474;"18/04/16";"Segunda";"21:30:00";"MG";153;"172";"COMENDADOR GOMES";"Falta de atenção";"Saída de Pista";"Sem Vítimas";"Plena noite";"Decrescente";"Ceu Claro";"Simples";"Reta";"Rural";1;0;0;0;1;0;0;1
83457475;"18/04/16";"Segunda";"19:20:00";"MS";158;"98";"PARANAIBA";"Falta de atenção";"Colisão com objeto fixo";"Com Vítimas Feridas";"Plena noite";"Crescente";"Ceu Claro";"Simples";"Reta";"Rural";2;0;0;1;0;1;1;2
83457476;"14/04/16";"Quinta";"14:20:00";"MG";262;"405";"PARA DE MINAS";"Defeito mecânico em veículo";"Queda de motocicleta / bicicleta / veículo";"Com Vítimas Feridas";"Pleno dia";"Crescente";"Sol";"Dupla";"Curva";"Rural";2;0;2;0;0;0;2;1
83457477;"09/04/16";"Sábado";"08:30:00";"BA";101;"169";"FEIRA DE SANTANA";"Outras";"Queda de motocicleta / bicicleta / veículo";"Com Vítimas Feridas";"Pleno dia";"Decrescente";"Ceu Claro";"Simples";"Reta";"Rural";2;0;0;2;0;0;2;1
83457478;"18/04/16";"Segunda";"16:20:00";"RJ";356;"134";"CAMPOS DOS GOYTACAZES";"Falta de atenção";"Colisão com bicicleta";"Com Vítimas Feridas";"Pleno dia";"Decrescente";"Ceu Claro";"Simples";"Reta";"Urbano";2;0;1;0;1;0;1;2
83457479;"18/04/16";"Segunda";"11:00:00";"RO";364;"703";"PORTO VELHO";"Não guardar distância de segurança";"Colisão traseira";"Com Vítimas Feridas";"Pleno dia";"Crescente";"Ceu Claro";"Dupla";"Reta";"Urbano";5;0;1;0;4;0;1;2
83457481;"18/04/16";"Segunda";"17:30:00";"SP";116;"270";"TABOAO DA SERRA";"Falta de atenção";"Colisão traseira";"Com Vítimas Feridas";"Anoitecer";"Decrescente";"Ceu Claro";"Múltipla";"Reta";"Urbano";2;0;1;0;1;0;1;2
83457482;"15/04/16";"Sexta";"20:30:00";"MG";135;"641,9";"CURVELO";"Ultrapassagem indevida";"Colisão lateral";"Sem Vítimas";"Pleno dia";"Crescente";"Ceu Claro";"Simples";"Curva";"Rural";2;0;0;0;2;0;0;2
83457483;"18/04/16";"Segunda";"21:30:00";"MG";381;"330";"NOVA ERA";"Velocidade incompatível";"Capotamento";"Sem Vítimas";"Plena noite";"Crescente";"Ceu Claro";"Dupla";"Curva";"Urbano";1;0;0;0;1;0;0;1
83457484;"18/04/16";"Segunda";"19:10:00";"MG";40;"577";"ITABIRITO";"Outras";"Incêndio";"Sem Vítimas";"Plena noite";"Decrescente";"Ceu Claro";"Simples";"Curva";"Rural";1;0;0;0;1;0;0;1
83457485;"18/04/16";"Segunda";"14:00:00";"SP";116;"212,8";"GUARULHOS";"Outras";"Queda de motocicleta / bicicleta / veículo";"Com Vítimas Feridas";"Pleno dia";"Crescente";"Ceu Claro";"Múltipla";"Reta";"Urbano";3;0;2;0;0;1;2;2
83457486;"18/04/16";"Segunda";"18:15:00";"ES";101;"298,5";"VIANA";"Falta de atenção";"Atropelamento de pessoa";"Com Vítimas Fatais";"Plena noite";"Decrescente";"Nublado";"Múltipla";"Reta";"Urbano";2;1;0;0;0;1;0;1
83457487;"18/04/16";"Segunda";"16:15:00";"RJ";101;"143";"MACAE";"Outras";"Queda de motocicleta / bicicleta / veículo";"Sem Vítimas";"Pleno dia";"Crescente";"Ceu Claro";"Dupla";"Reta";"Rural";2;0;0;0;2;0;0;1
83457488;"18/04/16";"Segunda";"16:30:00";"PR";277;"250";"IRATI";"Falta de atenção";"Colisão traseira";"Sem Vítimas";"Pleno dia";"Decrescente";"Ceu Claro";"Simples";"Curva";"Rural";2;0;0;0;2;0;0;2
83457489;"18/04/16";"Segunda";"22:00:00";"SP";116;"155";"SAO JOSE DOS CAMPOS";"Outras";"Incêndio";"Sem Vítimas";"Plena noite";"Crescente";"Nublado";"Dupla";"Reta";"Rural";1;0;0;0;1;0;0;1
83457490;"18/04/16";"Segunda";"12:30:00";"MG";40;"573,6";"ITABIRITO";"Defeito mecânico em veículo";"Saída de Pista";"Sem Vítimas";"Pleno dia";"Crescente";"Ceu Claro";"Simples";"Reta";"Rural";1;0;0;0;1;0;0;1
83457492;"18/04/16";"Segunda";"22:00:00";"RS";101;"33,1";"TRES CACHOEIRAS";"Falta de atenção";"Colisão traseira";"Sem Vítimas";"Plena noite";"Decrescente";"Nublado";"Dupla";"Reta";"Rural";2;0;0;0;2;0;0;2
83457493;"18/04/16";"Segunda";"07:50:00";"PR";476;"357,5";"UNIAO DA VITORIA";"Falta de atenção";"Colisão Transversal";"Com Vítimas Feridas";"Amanhecer";"Decrescente";"Nevoeiro/neblina";"Simples";"Reta";"Urbano";5;0;5;0;0;0;5;2
83457494;"18/04/16";"Segunda";"13:40:00";"SP";116;"318,8";"JUQUITIBA";"Falta de atenção";"Colisão lateral";"Com Vítimas Feridas";"Pleno dia";"Crescente";"Ceu Claro";"Dupla";"Curva";"Rural";5;0;3;0;2;0;3;2
83457495;"18/04/16";"Segunda";"19:00:00";"SC";101;"268,6";"PALHOCA";"Outras";"Colisão Transversal";"Com Vítimas Feridas";"Plena noite";"Decrescente";"Ceu Claro";"Dupla";"Cruzamento";"Urbano";2;0;0;1;1;0;1;2
83457496;"18/04/16";"Segunda";"22:05:00";"MG";381;"855,5";"POUSO ALEGRE";"Outras";"Colisão traseira";"Com Vítimas Feridas";"Plena noite";"Crescente";"Ceu Claro";"Dupla";"Reta";"Rural";5;0;4;0;0;1;4;2
83457497;"18/04/16";"Segunda";"21:10:00";"MT";70;"17,2";"BARRA DO GARCAS";"Falta de atenção";"Saída de Pista";"Com Vítimas Feridas";"Plena noite";"Decrescente";"Ceu Claro";"Simples";"Reta";"Rural";4;0;2;2;0;0;4;1
83457498;"18/04/16";"Segunda";"21:00:00";"MG";262;"468,1";"BOM DESPACHO";"Outras";"Saída de Pista";"Com Vítimas Feridas";"Plena noite";"Decrescente";"Ceu Claro";"Simples";"Curva";"Rural";13;0;2;0;11;0;2;1
83457499;"18/04/16";"Segunda";"21:20:00";"PE";101;"50";"ABREU E LIMA";"Falta de atenção";"Colisão lateral";"Com Vítimas Feridas";"Plena noite";"Crescente";"Ceu Claro";"Múltipla";"Curva";"Urbano";3;0;0;1;2;0;1;2
83457500;"18/04/16";"Segunda";"21:00:00";"MS";60;"575,1";"GUIA LOPES DA LAGUNA";"Defeito na via";"Capotamento";"Com Vítimas Feridas";"Plena noite";"Crescente";"Ceu Claro";"Simples";"Reta";"Rural";3;0;1;2;0;0;3;1
83457501;"18/04/16";"Segunda";"21:00:00";"MG";381;"174";"PERIQUITO";"Animais na Pista";"Atropelamento de animal";"Com Vítimas Feridas";"Plena noite";"Decrescente";"Ceu Claro";"Simples";"Reta";"Rural";3;0;2;0;1;0;2;1
83457502;"18/04/16";"Segunda";"23:15:00";"RS";386;"265";"FONTOURA XAVIER";"Animais na Pista";"Atropelamento de animal";"Sem Vítimas";"Plena noite";"Crescente";"Nublado";"Simples";"Reta";"Rural";1;0;0;0;1;0;0;1
83457503;"18/04/16";"Segunda";"19:10:00";"SC";116;"247,5";"LAGES";"Desobediência à sinalização";"Colisão lateral";"Sem Vítimas";"Plena noite";"Decrescente";"Ceu Claro";"Simples";"Reta";"Urbano";2;0;0;0;2;0;0;2
83457504;"18/04/16";"Segunda";"21:00:00";"MG";40;"204";"JOAO PINHEIRO";"Outras";"Derramamento de Carga";"Sem Vítimas";"Plena noite";"Decrescente";"Ceu Claro";"Simples";"Reta";"Rural";1;0;0;0;1;0;0;1
83457505;"18/04/16";"Segunda";"22:00:00";"GO";153;"251,3";"SAO LUIZ DO NORTE";"Falta de atenção";"Colisão frontal";"Com Vítimas Feridas";"Plena noite";"Decrescente";"Ignorada";"Simples";"Reta";"Rural";7;0;6;1;0;0;7;2
83457506;"18/04/16";"Segunda";"23:00:00";"MG";153;"28";"CANAPOLIS";"Velocidade incompatível";"Colisão traseira";"Com Vítimas Feridas";"Plena noite";"Crescente";"Ceu Claro";"Dupla";"Reta";"Rural";2;0;1;0;1;0;1;2
83457507;"18/04/16";"Segunda";"19:30:00";"RJ";101;"307,4";"SAO GONCALO";"Falta de atenção";"Colisão lateral";"Sem Vítimas";"Plena noite";"Decrescente";"Ceu Claro";"Dupla";"Reta";"Urbano";2;0;0;0;2;0;0;2
83457508;"18/04/16";"Segunda";"17:50:00";"PR";373;"247,2";"GUAMIRANGA";"Falta de atenção";"Colisão Transversal";"Com Vítimas Feridas";"Pleno dia";"Crescente";"Ceu Claro";"Simples";"Reta";"Urbano";2;0;0;1;1;0;1;2
83457509;"19/04/16";"Terça";"00:45:00";"SC";101;"217";"PALHOCA";"Ingestão de álcool";"Saída de Pista";"Com Vítimas Feridas";"Plena noite";"Crescente";"Nublado";"Dupla";"Reta";"Urbano";1;0;1;0;0;0;1;1
83457510;"18/04/16";"Segunda";"19:30:00";"MT";364;"618,6";"DIAMANTINO";"Falta de atenção";"Colisão traseira";"Com Vítimas Feridas";"Plena noite";"Decrescente";"Ceu Claro";"Simples";"Reta";"Rural";2;0;0;1;1;0;1;2
83457511;"18/04/16";"Segunda";"11:45:00";"RS";290;"192,7";"MINAS DO LEAO";"Defeito na via";"Tombamento";"Sem Vítimas";"Plena noite";"Decrescente";"Ceu Claro";"Simples";"Reta";"Rural";1;0;0;0;1;0;0;1
83457512;"18/04/16";"Segunda";"11:15:00";"ES";262;"2,1";"CARIACICA";"Falta de atenção";"Atropelamento de pessoa";"Com Vítimas Feridas";"Pleno dia";"Crescente";"Ceu Claro";"Dupla";"Cruzamento";"Urbano";2;0;1;0;1;0;1;1
83457513;"18/04/16";"Segunda";"08:00:00";"PB";101;"82,6";"BAYEUX";"Não guardar distância de segurança";"Colisão traseira";"Com Vítimas Feridas";"Pleno dia";"Decrescente";"Nublado";"Dupla";"Reta";"Urbano";3;0;1;0;1;1;1;3
83457514;"14/04/16";"Quinta";"16:20:00";"ES";101;"276,3";"SERRA";"Outras";"Colisão traseira";"Com Vítimas Feridas";"Pleno dia";"Crescente";"Sol";"Dupla";"Reta";"Rural";2;0;0;1;1;0;1;2
83457515;"18/04/16";"Segunda";"22:30:00";"BA";116;"370";"SANTA BARBARA";"Falta de atenção";"Capotamento";"Com Vítimas Feridas";"Plena noite";"Decrescente";"Ceu Claro";"Simples";"Reta";"Rural";2;0;2;0;0;0;2;1
83457516;"18/04/16";"Segunda";"16:30:00";"AC";317;"126";"CAPIXABA";"Falta de atenção";"Colisão traseira";"Com Vítimas Feridas";"Pleno dia";"Decrescente";"Ceu Claro";"Simples";"Reta";"Rural";7;0;3;0;4;0;3;2
83457517;"18/04/16";"Segunda";"16:00:00";"ES";101;"297,6";"VIANA";"Falta de atenção";"Colisão traseira";"Sem Vítimas";"Pleno dia";"Decrescente";"Ceu Claro";"Dupla";"Reta";"Urbano";3;0;0;0;3;0;0;3
83457518;"19/04/16";"Terça";"00:20:00";"PR";376;"591,4";"CURITIBA";"Outras";"Saída de Pista";"Com Vítimas Fatais";"Plena noite";"Crescente";"Nublado";"Dupla";"Reta";"Urbano";1;1;0;0;0;0;0;1
83457520;"16/04/16";"Sábado";"21:00:00";"PB";230;"94,8";"CONDE";"Velocidade incompatível";"Colisão lateral";"Sem Vítimas";"Plena noite";"Decrescente";"Chuva";"Dupla";"Curva";"Rural";2;0;0;0;1;1;0;2
83457521;"15/04/16";"Sexta";"07:20:00";"RO";364;"710";"PORTO VELHO";"Falta de atenção";"Colisão Transversal";"Com Vítimas Feridas";"Pleno dia";"Crescente";"Sol";"Simples";"Cruzamento";"Urbano";2;0;1;0;1;0;1;2
83457522;"18/04/16";"Segunda";"19:40:00";"ES";259;"63,2";"COLATINA";"Desobediência à sinalização";"Queda de motocicleta / bicicleta / veículo";"Com Vítimas Feridas";"Plena noite";"Crescente";"Ceu Claro";"Dupla";"Curva";"Urbano";1;0;1;0;0;0;1;1
83457523;"15/04/16";"Sexta";"05:50:00";"PB";101;"94,2";"CONDE";"Velocidade incompatível";"Capotamento";"Sem Vítimas";"Amanhecer";"Crescente";"Chuva";"Dupla";"Reta";"Rural";1;0;0;0;1;0;0;1
83457524;"18/04/16";"Segunda";"16:50:00";"PR";476;"125,1";"CURITIBA";"Não guardar distância de segurança";"Colisão lateral";"Com Vítimas Feridas";"Pleno dia";"Decrescente";"Sol";"Dupla";"Reta";"Urbano";2;0;1;0;1;0;1;2
83457525;"18/04/16";"Segunda";"17:40:00";"RS";116;"242,8";"SAO LEOPOLDO";"Desobediência à sinalização";"Colisão Transversal";"Sem Vítimas";"Pleno dia";"Crescente";"Ceu Claro";"Múltipla";"Reta";"Urbano";2;0;0;0;2;0;0;2
83457526;"18/04/16";"Segunda";"13:45:00";"GO";50;"97";"CRISTALINA";"Falta de atenção";"Colisão Transversal";"Sem Vítimas";"Pleno dia";"Decrescente";"Ceu Claro";"Dupla";"Reta";"Urbano";2;0;0;0;2;0;0;2
83457527;"18/04/16";"Segunda";"16:00:00";"BA";324;"599";"SIMOES FILHO";"Falta de atenção";"Colisão com objeto fixo";"Sem Vítimas";"Pleno dia";"Crescente";"Ceu Claro";"Simples";"Curva";"Rural";1;0;0;0;1;0;0;1
83457528;"19/04/16";"Terça";"04:00:00";"RS";116;"526,3";"PELOTAS";"Velocidade incompatível";"Tombamento";"Com Vítimas Feridas";"Plena noite";"Decrescente";"Nublado";"Simples";"Cruzamento";"Urbano";1;0;1;0;0;0;1;1