"id";"data_inversa";"dia_semana";"horario";"uf";"br";"km";"municipio";"causa_acidente";"tipo_acidente";"classificacao_acidente";"fase_dia";"sentido_via";"condicao_metereologica";"tipo_pista";"tracado_via";"uso_solo";"pessoas";"mortos";"feridos_leves";"feridos_graves";"ilesos";"ignorados";"feridos";"veiculos"
83457529;"19/04/16";"Terça";"02:35:00";"MG";153;"114";"PRATA";"Dormindo";"Tombamento";"Com Vítimas Feridas";"Plena noite";"Crescente";"Ceu Claro";"Simples";"Reta";"Rural";2;0;1;0;1;0;1;1
83457530;"14/04/16";"Quinta";"18:20:00";"MG";262;"399";"PARA DE MINAS";"Outras";"Queda de motocicleta / bicicleta / veículo";"Com Vítimas Feridas";"Anoitecer";"Decrescente";"Ceu Claro";"Dupla";"Reta";"Rural";2;0;1;0;1;0;1;1
83457531;"19/04/16";"Terça";"01:45:00";"PR";153;"451";"UNIAO DA VITORIA";"Falta de atenção";"Tombamento";"Sem Vítimas";"Plena noite";"Crescente";"Nublado";"Simples";"Reta";"Rural";1;0;0;0;1;0;0;1
83457533;"18/04/16";"Segunda";"22:40:00";"SC";101;"132";"BALNEARIO CAMBORIU";"Animais na Pista";"Queda de motocicleta / bicicleta / veículo";"Com Vítimas Feridas";"Plena noite";"Crescente";"Ceu Claro";"Simples";"Reta";"Urbano";1;0;1;0;0;0;1;1
83457534;"19/04/16";"Terça";"03:00:00";"RJ";493;"17";"GUAPIMIRIM";"Outras";"Colisão lateral";"Sem Vítimas";"Plena noite";"Decrescente";"Ceu Claro";"Simples";"Reta";"Rural";2;0;0;0;2;0;0;2
83457535;"18/04/16";"Segunda";"17:20:00";"MG";381;"758,1";"TRES CORACOES";"Defeito mecânico em veículo";"Incêndio";"Sem Vítimas";"Pleno dia";"Crescente";"Sol";"Dupla";"Curva";"Rural";1;0;0;0;1;0;0;1
83457536;"19/04/16";"Terça";"06:05:00";"RS";392;"67,7";"PELOTAS";"Falta de atenção";"Tombamento";"Sem Vítimas";"Amanhecer";"Crescente";"Nublado";"Simples";"Reta";"Urbano";1;0;0;0;1;0;0;1
83457537;"15/04/16";"Sexta";"18:50:00";"MG";365;"679";"UBERLANDIA";"Outras";"Atropelamento de pessoa";"Com Vítimas Feridas";"Plena noite";"Decrescente";"Ceu Claro";"Dupla";"Curva";"Rural";2;0;1;0;0;1;1;1
83457538;"16/04/16";"Sábado";"05:00:00";"RS";158;"312,3";"ITAARA";"Ingestão de álcool";"Colisão lateral";"Sem Vítimas";"Plena noite";"Crescente";"Ceu Claro";"Simples";"Reta";"Urbano";8;0;0;0;8;0;0;2
83457539;"19/04/16";"Terça";"03:00:00";"PR";467;"101,9";"CASCAVEL";"Dormindo";"Capotamento";"Com Vítimas Feridas";"Plena noite";"Decrescente";"Ceu Claro";"Dupla";"Reta";"Rural";1;0;1;0;0;0;1;1
83457540;"18/04/16";"Segunda";"12:30:00";"ES";101;"270,6";"SERRA";"Outras";"Capotamento";"Sem Vítimas";"Pleno dia";"Decrescente";"Sol";"Dupla";"Curva";"Urbano";1;0;0;0;1;0;0;1
83457541;"17/04/16";"Domingo";"11:00:00";"SP";116;"439,7";"REGISTRO";"Outras";"Queda de motocicleta / bicicleta / veículo";"Com Vítimas Feridas";"Pleno dia";"Decrescente";"Ceu Claro";"Simples";"Curva";"Urbano";1;0;1;0;0;0;1;1
83457542;"19/04/16";"Terça";"03:00:00";"MS";262;"560";"MIRANDA";"Animais na Pista";"Atropelamento de animal";"Sem Vítimas";"Plena noite";"Decrescente";"Ceu Claro";"Simples";"Reta";"Rural";2;0;0;0;2;0;0;1
83457543;"19/04/16";"Terça";"00:10:00";"MG";381;"713";"CARMO DA CACHOEIRA";"Dormindo";"Colisão com objeto fixo";"Sem Vítimas";"Plena noite";"Crescente";"Ceu Claro";"Dupla";"Curva";"Rural";1;0;0;0;1;0;0;1
83457544;"15/04/16";"Sexta";"07:30:00";"GO";60;"132";"GOIANIA";"Outras";"Colisão traseira";"Sem Vítimas";"Pleno dia";"Crescente";"Sol";"Dupla";"Curva";"Rural";2;0;0;0;2;0;0;2
83457545;"19/04/16";"Terça";"07:05:00";"PR";376;"109,5";"PARANAVAI";"Outras";"Colisão Transversal";"Com Vítimas Feridas";"Pleno dia";"Decrescente";"Ceu Claro";"Simples";"Reta";"Rural";2;0;1;0;1;0;1;2
83457546;"19/04/16";"Terça";"06:00:00";"PR";277;"120";"CAMPO LARGO";"Falta de atenção";"Colisão traseira";"Sem Vítimas";"Amanhecer";"Crescente";"Ceu Claro";"Dupla";"Reta";"Rural";2;0;0;0;1;1;0;2
83457547;"19/04/16";"Terça";"06:15:00";"DF";70;"18";"BRASILIA";"Falta de atenção";"Colisão lateral";"Com Vítimas Feridas";"Amanhecer";"Decrescente";"Ceu Claro";"Dupla";"Reta";"Rural";5;0;2;0;3;0;2;2
83457548;"16/04/16";"Sábado";"00:30:00";"RS";472;"573";"URUGUAIANA";"Animais na Pista";"Atropelamento de animal";"Com Vítimas Feridas";"Plena noite";"Crescente";"Ceu Claro";"Simples";"Reta";"Urbano";1;0;0;1;0;0;1;1
83457549;"16/04/16";"Sábado";"09:05:00";"MG";365;"406";"PATOS DE MINAS";"Desobediência à sinalização";"Colisão Transversal";"Sem Vítimas";"Pleno dia";"Crescente";"Ceu Claro";"Simples";"Reta";"Urbano";2;0;0;0;2;0;0;2
83457550;"19/04/16";"Terça";"06:20:00";"GO";60;"178";"ABADIA DE GOIAS";"Defeito mecânico em veículo";"Queda de motocicleta / bicicleta / veículo";"Com Vítimas Feridas";"Amanhecer";"Decrescente";"Ceu Claro";"Dupla";"Reta";"Rural";1;0;1;0;0;0;1;1
83457551;"03/04/16";"Domingo";"15:20:00";"GO";60;"60,4";"ABADIANIA";"Falta de atenção";"Colisão traseira";"Sem Vítimas";"Pleno dia";"Crescente";"Sol";"Dupla";"Reta";"Urbano";4;0;0;0;4;0;0;2
83457552;"17/04/16";"Domingo";"16:30:00";"BA";418;"50";"CARAVELAS";"Ingestão de álcool";"Colisão traseira";"Sem Vítimas";"Anoitecer";"Crescente";"Ceu Claro";"Simples";"Reta";"Rural";2;0;0;0;2;0;0;2
83457553;"19/04/16";"Terça";"05:15:00";"MG";267;"285";"BAEPENDI";"Falta de atenção";"Colisão com objeto fixo";"Sem Vítimas";"Plena noite";"Crescente";"Ceu Claro";"Simples";"Curva";"Rural";1;0;0;0;1;0;0;1
83457554;"17/04/16";"Domingo";"16:20:00";"PR";277;"68";"SAO JOSE DOS PINHAIS";"Falta de atenção";"Colisão traseira";"Sem Vítimas";"Pleno dia";"Crescente";"Sol";"Dupla";"Reta";"Rural";2;0;0;0;1;1;0;2
83457555;"16/04/16";"Sábado";"05:40:00";"SP";116;"110";"TAUBATE";"Dormindo";"Colisão traseira";"Sem Vítimas";"Amanhecer";"Decrescente";"Ceu Claro";"Dupla";"Reta";"Urbano";2;0;0;0;2;0;0;2
83457556;"17/04/16";"Domingo";"01:10:00";"GO";60;"16,3";"SANTO ANTONIO DO DESCOBERTO";"Falta de atenção";"Capotamento";"Sem Vítimas";"Pleno dia";"Decrescente";"Ceu Claro";"Dupla";"Reta";"Rural";1;0;0;0;1;0;0;1
83457558;"19/04/16";"Terça";"07:30:00";"SC";101;"159,1";"PORTO BELO";"Falta de atenção";"Tombamento";"Com Vítimas Feridas";"Pleno dia";"Crescente";"Ceu Claro";"Dupla";"Reta";"Rural";1;0;0;1;0;0;1;1
83457559;"19/04/16";"Terça";"07:25:00";"PR";467;"107,4";"CASCAVEL";"Animais na Pista";"Atropelamento de animal";"Com Vítimas Feridas";"Pleno dia";"Crescente";"Ceu Claro";"Dupla";"Reta";"Urbano";1;0;1;0;0;0;1;1
83457560;"12/04/16";"Terça";"20:30:00";"SP";116;"134,5";"SAO JOSE DOS CAMPOS";"Falta de atenção";"Capotamento";"Sem Vítimas";"Plena noite";"Crescente";"Ceu Claro";"Dupla";"Reta";"Urbano";1;0;0;0;1;0;0;1
83457561;"19/04/16";"Terça";"07:30:00";"RJ";101;"409";"ITAGUAI";"Defeito mecânico em veículo";"Incêndio";"Sem Vítimas";"Pleno dia";"Crescente";"Ceu Claro";"Dupla";"Reta";"Urbano";1;0;0;0;1;0;0;1
83457562;"15/04/16";"Sexta";"07:50:00";"SC";101;"215,9";"PALHOCA";"Falta de atenção";"Colisão Transversal";"Com Vítimas Feridas";"Pleno dia";"Decrescente";"Sol";"Dupla";"Reta";"Urbano";2;0;1;0;1;0;1;2
83457563;"19/04/16";"Terça";"07:00:00";"BA";407;"119";"SENHOR DO BONFIM";"Falta de atenção";"Atropelamento de pessoa";"Com Vítimas Fatais";"Pleno dia";"Crescente";"Nublado";"Simples";"Reta";"Urbano";3;1;0;0;2;0;0;1
83457564;"17/04/16";"Domingo";"17:00:00";"PR";476;"125";"CURITIBA";"Outras";"Capotamento";"Sem Vítimas";"Pleno dia";"Crescente";"Ceu Claro";"Múltipla";"Reta";"Urbano";2;0;0;0;2;0;0;2
83457565;"19/04/16";"Terça";"06:10:00";"RO";364;"346,4";"JI-PARANA";"Falta de atenção";"Colisão traseira";"Sem Vítimas";"Amanhecer";"Crescente";"Ceu Claro";"Simples";"Reta";"Urbano";2;0;0;0;2;0;0;2
83457566;"19/04/16";"Terça";"08:00:00";"RS";116;"255,2";"ESTEIO";"Falta de atenção";"Colisão traseira";"Sem Vítimas";"Pleno dia";"Crescente";"Ceu Claro";"Dupla";"Reta";"Urbano";2;0;0;0;2;0;0;2
83457567;"06/04/16";"Quarta";"20:15:00";"MG";116;"809";"ALEM PARAIBA";"Animais na Pista";"Tombamento";"Com Vítimas Feridas";"Plena noite";"Decrescente";"Ceu Claro";"Simples";"Curva";"Rural";1;0;1;0;0;0;1;1
83457568;"13/04/16";"Quarta";"11:50:00";"RJ";101;"58";"CAMPOS DOS GOYTACAZES";"Outras";"Colisão Transversal";"Com Vítimas Feridas";"Pleno dia";"Decrescente";"Ceu Claro";"Simples";"Reta";"Urbano";3;0;2;0;1;0;2;3
83457570;"19/04/16";"Terça";"07:00:00";"RJ";40;"113";"DUQUE DE CAXIAS";"Defeito mecânico em veículo";"Colisão com objeto fixo";"Sem Vítimas";"Pleno dia";"Crescente";"Ceu Claro";"Dupla";"Reta";"Urbano";1;0;0;0;1;0;0;1
83457571;"18/04/16";"Segunda";"16:00:00";"RJ";40;"108";"DUQUE DE CAXIAS";"Outras";"Tombamento";"Com Vítimas Feridas";"Pleno dia";"Crescente";"Ceu Claro";"Múltipla";"Curva";"Urbano";3;0;2;0;1;0;2;2
83457572;"12/04/16";"Terça";"07:15:00";"SC";280;"51,4";"GUARAMIRIM";"Desobediência à sinalização";"Colisão Transversal";"Com Vítimas Feridas";"Pleno dia";"Decrescente";"Chuva";"Simples";"Reta";"Rural";2;0;1;0;1;0;1;2
83457573;"15/04/16";"Sexta";"18:15:00";"CE";304;"45,1";"ARACATI";"Animais na Pista";"Atropelamento de animal";"Com Vítimas Feridas";"Plena noite";"Decrescente";"Ceu Claro";"Simples";"Reta";"Urbano";2;0;1;1;0;0;2;2
83457575;"06/04/16";"Quarta";"21:30:00";"PA";316;"55,5";"CASTANHAL";"Falta de atenção";"Colisão traseira";"Sem Vítimas";"Plena noite";"Decrescente";"Nublado";"Dupla";"Reta";"Rural";2;0;0;0;2;0;0;2
83457576;"19/04/16";"Terça";"07:50:00";"SP";116;"294";"ITAPECERICA DA SERRA";"Dormindo";"Colisão traseira";"Sem Vítimas";"Pleno dia";"Decrescente";"Sol";"Dupla";"Reta";"Rural";3;0;0;0;3;0;0;3
83457577;"14/04/16";"Quinta";"17:10:00";"SC";101;"341";"TUBARAO";"Outras";"Queda de motocicleta / bicicleta / veículo";"Com Vítimas Feridas";"Pleno dia";"Crescente";"Ceu Claro";"Simples";"Reta";"Urbano";1;0;1;0;0;0;1;1
83457578;"16/04/16";"Sábado";"01:00:00";"PB";101;"106";"ALHANDRA";"Defeito mecânico em veículo";"Incêndio";"Sem Vítimas";"Plena noite";"Decrescente";"Chuva";"Dupla";"Reta";"Rural";1;0;0;0;1;0;0;1
83457579;"19/04/16";"Terça";"07:40:00";"PR";277;"593";"CASCAVEL";"Falta de atenção";"Colisão traseira";"Com Vítimas Feridas";"Pleno dia";"Crescente";"Ceu Claro";"Simples";"Reta";"Urbano";3;0;1;0;2;0;1;3
83457580;"19/04/16";"Terça";"07:15:00";"PI";230;"300";"FLORIANO";"Não guardar distância de segurança";"Colisão traseira";"Com Vítimas Feridas";"Pleno dia";"Decrescente";"Ceu Claro";"Simples";"Reta";"Rural";3;0;1;0;2;0;1;3
83457581;"15/04/16";"Sexta";"23:00:00";"PA";163;"942";"BELTERRA";"Outras";"Colisão com objeto fixo";"Sem Vítimas";"Plena noite";"Crescente";"Chuva";"Simples";"Reta";"Urbano";1;0;0;0;1;0;0;1
83457582;"18/04/16";"Segunda";"06:30:00";"MG";381;"648";"SANTO ANTONIO DO AMPARO";"Velocidade incompatível";"Queda de motocicleta / bicicleta / veículo";"Com Vítimas Feridas";"Pleno dia";"Crescente";"Ceu Claro";"Dupla";"Curva";"Rural";1;0;1;0;0;0;1;1
83457583;"16/04/16";"Sábado";"06:50:00";"SC";101;"138,6";"ITAPEMA";"Animais na Pista";"Colisão com objeto fixo";"Com Vítimas Feridas";"Amanhecer";"Crescente";"Nublado";"Dupla";"Reta";"Urbano";1;0;1;0;0;0;1;1
83457584;"16/04/16";"Sábado";"03:40:00";"SC";101;"220";"PALHOCA";"Outras";"Queda de motocicleta / bicicleta / veículo";"Com Vítimas Feridas";"Plena noite";"Crescente";"Ceu Claro";"Simples";"Curva";"Urbano";1;0;0;1;0;0;1;1
83457585;"06/03/16";"Domingo";"22:40:00";"PE";423;"18,9";"SAO CAITANO";"Falta de atenção";"Colisão Transversal";"Com Vítimas Feridas";"Plena noite";"Crescente";"Ceu Claro";"Simples";"Reta";"Rural";3;0;0;2;1;0;2;2
83457586;"15/04/16";"Sexta";"18:30:00";"PB";230;"43";"SANTA RITA";"Defeito na via";"Colisão traseira";"Com Vítimas Feridas";"Plena noite";"Crescente";"Chuva";"Dupla";"Reta";"Rural";3;0;1;0;2;0;1;2
83457587;"19/04/16";"Terça";"08:45:00";"MT";163;"752";"SORRISO";"Falta de atenção";"Queda de motocicleta / bicicleta / veículo";"Com Vítimas Feridas";"Pleno dia";"Decrescente";"Ceu Claro";"Dupla";"Curva";"Urbano";1;0;1;0;0;0;1;1
83457588;"18/04/16";"Segunda";"08:00:00";"CE";226;"125";"PEDRA BRANCA";"Outras";"Saída de Pista";"Com Vítimas Feridas";"Pleno dia";"Crescente";"Sol";"Simples";"Curva";"Rural";1;0;1;0;0;0;1;1
83457589;"15/04/16";"Sexta";"21:15:00";"MG";50;"46,2";"ARAGUARI";"Velocidade incompatível";"Saída de Pista";"Com Vítimas Feridas";"Plena noite";"Decrescente";"Ceu Claro";"Dupla";"Curva";"Rural";1;0;1;0;0;0;1;1
83457590;"13/04/16";"Quarta";"06:15:00";"MG";40;"525";"CONTAGEM";"Outras";"Colisão lateral";"Com Vítimas Feridas";"Amanhecer";"Decrescente";"Ceu Claro";"Dupla";"Reta";"Urbano";2;0;2;0;0;0;2;2
83457591;"19/04/16";"Terça";"08:40:00";"BA";101;"528";"BUERAREMA";"Falta de atenção";"Colisão traseira";"Com Vítimas Feridas";"Pleno dia";"Decrescente";"Nublado";"Simples";"Reta";"Rural";5;0;2;0;3;0;2;3
83457592;"15/04/16";"Sexta";"07:25:00";"PI";343;"345,5";"TERESINA";"Não guardar distância de segurança";"Colisão traseira";"Sem Vítimas";"Pleno dia";"Decrescente";"Sol";"Simples";"Curva";"Urbano";2;0;0;0;2;0;0;2
83457594;"15/04/16";"Sexta";"21:40:00";"PE";101;"52";"ABREU E LIMA";"Falta de atenção";"Colisão lateral";"Com Vítimas Feridas";"Plena noite";"Decrescente";"Chuva";"Dupla";"Reta";"Urbano";2;0;1;0;1;0;1;2
83457595;"19/04/16";"Terça";"09:00:00";"PE";101;"54";"PAULISTA";"Falta de atenção";"Colisão traseira";"Sem Vítimas";"Pleno dia";"Decrescente";"Sol";"Dupla";"Reta";"Urbano";2;0;0;0;1;1;0;2
83457596;"12/04/16";"Terça";"15:20:00";"MA";316;"344";"BACABAL";"Outras";"Colisão lateral";"Com Vítimas Feridas";"Pleno dia";"Crescente";"Ceu Claro";"Dupla";"Reta";"Rural";2;0;1;0;0;1;1;2
83457597;"19/04/16";"Terça";"09:30:00";"PR";116;"15,8";"COLOMBO";"Outras";"Atropelamento de pessoa";"Com Vítimas Feridas";"Pleno dia";"Crescente";"Sol";"Dupla";"Reta";"Urbano";2;0;0;1;1;0;1;1
83457598;"19/04/16";"Terça";"07:01:00";"MG";50;"73";"UBERLANDIA";"Não guardar distância de segurança";"Colisão traseira";"Com Vítimas Feridas";"Pleno dia";"Decrescente";"Ceu Claro";"Dupla";"Reta";"Urbano";2;0;1;0;1;0;1;2
83457599;"14/04/16";"Quinta";"04:15:00";"SC";282;"4";"FLORIANOPOLIS";"Falta de atenção";"Colisão com objeto fixo";"Sem Vítimas";"Plena noite";"Decrescente";"Nublado";"Dupla";"Curva";"Urbano";1;0;0;0;1;0;0;1
83457600;"19/04/16";"Terça";"08:00:00";"MG";365;"622";"UBERLANDIA";"Outras";"Capotamento";"Com Vítimas Feridas";"Pleno dia";"Crescente";"Ceu Claro";"Dupla";"Reta";"Urbano";3;0;1;0;2;0;1;2
83457601;"19/04/16";"Terça";"10:05:00";"PR";116;"15";"COLOMBO";"Falta de atenção";"Colisão traseira";"Com Vítimas Feridas";"Pleno dia";"Crescente";"Sol";"Dupla";"Reta";"Urbano";5;0;0;1;4;0;1;4
83457602;"16/04/16";"Sábado";"07:25:00";"SC";101;"133,4";"BALNEARIO CAMBORIU";"Outras";"Queda de motocicleta / bicicleta / veículo";"Com Vítimas Feridas";"Pleno dia";"Decrescente";"Nublado";"Dupla";"Reta";"Urbano";2;0;1;1;0;0;2;1
83457603;"19/04/16";"Terça";"07:20:00";"SP";116;"229";"SAO PAULO";"Falta de atenção";"Colisão lateral";"Com Vítimas Feridas";"Pleno dia";"Crescente";"Ceu Claro";"Múltipla";"Reta";"Urbano";2;0;0;1;1;0;1;2
83457604;"14/04/16";"Quinta";"09:30:00";"PR";277;"703";"SAO MIGUEL DO IGUACU";"Velocidade incompatível";"Colisão traseira";"Sem Vítimas";"Pleno dia";"Crescente";"Ceu Claro";"Dupla";"Reta";"Rural";3;0;0;0;2;1;0;3
83457605;"19/04/16";"Terça";"08:00:00";"PR";277;"105";"CAMPO LARGO";"Não guardar distância de segurança";"Colisão Transversal";"Com Vítimas Feridas";"Pleno dia";"Decrescente";"Ceu Claro";"Dupla";"Reta";"Rural";2;0;1;0;1;0;1;2
83457606;"19/04/16";"Terça";"11:25:00";"RJ";101;"317";"SAO GONCALO";"Não guardar distância de segurança";"Colisão traseira";"Sem Vítimas";"Pleno dia";"Crescente";"Ceu Claro";"Dupla";"Reta";"Urbano";5;0;0;0;5;0;0;5
83457607;"19/04/16";"Terça";"09:00:00";"RJ";101;"319";"SAO GONCALO";"Velocidade incompatível";"Colisão traseira";"Com Vítimas Feridas";"Pleno dia";"Crescente";"Sol";"Dupla";"Reta";"Urbano";4;0;1;0;3;0;1;4
83457608;"19/04/16";"Terça";"10:30:00";"MA";222;"672";"ACAILANDIA";"Outras";"Colisão com objeto móvel";"Sem Vítimas";"Pleno dia";"Crescente";"Ceu Claro";"Simples";"Reta";"Rural";2;0;0;0;2;0;0;2
83457609;"23/03/16";"Quarta";"07:25:00";"SP";116;"206";"GUARULHOS";"Falta de atenção";"Colisão lateral";"Com Vítimas Feridas";"Amanhecer";"Decrescente";"Ceu Claro";"Múltipla";"Reta";"Urbano";3;0;2;0;1;0;2;2
83457610;"14/04/16";"Quinta";"14:40:00";"SC";101;"327,7";"CAPIVARI DE BAIXO";"Outras";"Colisão traseira";"Com Vítimas Feridas";"Pleno dia";"Decrescente";"Sol";"Dupla";"Reta";"Urbano";2;0;0;1;0;1;1;2
83457611;"15/04/16";"Sexta";"19:10:00";"MT";163;"818";"SINOP";"Defeito mecânico em veículo";"Saída de Pista";"Com Vítimas Feridas";"Plena noite";"Crescente";"Ceu Claro";"Simples";"Reta";"Rural";1;0;1;0;0;0;1;1
83457612;"15/04/16";"Sexta";"17:30:00";"BA";324;"613";"SALVADOR";"Outras";"Colisão traseira";"Sem Vítimas";"Anoitecer";"Crescente";"Ceu Claro";"Dupla";"Reta";"Urbano";4;0;0;0;4;0;0;4
83457613;"16/04/16";"Sábado";"05:20:00";"RJ";116;"178";"NOVA IGUACU";"Não guardar distância de segurança";"Colisão traseira";"Com Vítimas Feridas";"Pleno dia";"Decrescente";"Ceu Claro";"Dupla";"Reta";"Urbano";2;0;1;0;0;1;1;2
83457614;"19/04/16";"Terça";"09:30:00";"ES";101;"261";"SERRA";"Defeito mecânico em veículo";"Colisão traseira";"Com Vítimas Feridas";"Pleno dia";"Decrescente";"Nublado";"Dupla";"Reta";"Urbano";4;0;0;1;3;0;1;3
83457615;"15/04/16";"Sexta";"14:30:00";"BA";324;"575";"SAO SEBASTIAO DO PASSE";"Defeito mecânico em veículo";"Incêndio";"Sem Vítimas";"Pleno dia";"Decrescente";"Ceu Claro";"Dupla";"Reta";"Rural";1;0;0;0;1;0;0;1
83457616;"19/04/16";"Terça";"11:00:00";"RS";116;"246";"SAO LEOPOLDO";"Falta de atenção";"Colisão lateral";"Com Vítimas Feridas";"Pleno dia";"Decrescente";"Sol";"Múltipla";"Reta";"Urbano";2;0;1;0;1;0;1;2
83457617;"17/04/16";"Domingo";"21:40:00";"BA";116;"355";"SERRINHA";"Desobediência à sinalização";"Colisão frontal";"Com Vítimas Fatais";"Plena noite";"Crescente";"Chuva";"Simples";"Reta";"Urbano";2;1;0;0;1;0;0;2
83457618;"19/04/16";"Terça";"12:20:00";"MG";40;"446";"PARAOPEBA";"Desobediência à sinalização";"Colisão Transversal";"Sem Vítimas";"Pleno dia";"Crescente";"Ceu Claro";"Simples";"Curva";"Urbano";2;0;0;0;2;0;0;2
83457619;"19/04/16";"Terça";"07:00:00";"PR";277;"81";"CURITIBA";"Falta de atenção";"Colisão traseira";"Com Vítimas Feridas";"Pleno dia";"Crescente";"Ceu Claro";"Dupla";"Reta";"Urbano";3;0;2;0;1;0;2;3
83457621;"19/04/16";"Terça";"13:00:00";"PR";376;"513,1";"PONTA GROSSA";"Falta de atenção";"Saída de Pista";"Sem Vítimas";"Pleno dia";"Crescente";"Ceu Claro";"Dupla";"Reta";"Rural";1;0;0;0;1;0;0;1
83457622;"10/04/16";"Domingo";"20:30:00";"BA";415;"51";"ITABUNA";"Outras";"Colisão com objeto fixo";"Sem Vítimas";"Plena noite";"Crescente";"Ceu Claro";"Simples";"Reta";"Urbano";1;0;0;0;1;0;0;1
83457623;"19/04/16";"Terça";"10:50:00";"ES";101;"145,1";"LINHARES";"Não guardar distância de segurança";"Colisão traseira";"Com Vítimas Feridas";"Pleno dia";"Crescente";"Ceu Claro";"Simples";"Reta";"Urbano";2;0;1;0;1;0;1;2
83457624;"15/04/16";"Sexta";"09:05:00";"DF";40;"6,5";"BRASILIA";"Outras";"Colisão lateral";"Com Vítimas Feridas";"Pleno dia";"Decrescente";"Ceu Claro";"Dupla";"Reta";"Urbano";2;0;1;0;1;0;1;2
83457625;"07/04/16";"Quinta";"07:45:00";"PA";316;"9";"MARITUBA";"Desobediência à sinalização";"Colisão Transversal";"Com Vítimas Feridas";"Pleno dia";"Crescente";"Sol";"Dupla";"Reta";"Urbano";3;0;1;0;2;0;1;2
83457626;"16/04/16";"Sábado";"01:00:00";"RR";174;"488";"BOA VISTA";"Outras";"Incêndio";"Ignorado";"Plena noite";"Decrescente";"Ceu Claro";"Simples";"Reta";"Rural";1;0;0;0;0;1;0;1
83457627;"15/04/16";"Sexta";"22:10:00";"ES";101;"117";"SOORETAMA";"Não guardar distância de segurança";"Colisão traseira";"Com Vítimas Feridas";"Plena noite";"Crescente";"Ceu Claro";"Simples";"Reta";"Rural";2;0;1;0;1;0;1;2
83457628;"11/04/16";"Segunda";"19:55:00";"PR";277;"75";"SAO JOSE DOS PINHAIS";"Falta de atenção";"Atropelamento de pessoa";"Com Vítimas Fatais";"Plena noite";"Crescente";"Nublado";"Dupla";"Reta";"Urbano";2;1;0;0;0;1;0;1
83457629;"19/04/16";"Terça";"06:30:00";"PR";476;"126";"CURITIBA";"Falta de atenção";"Colisão lateral";"Sem Vítimas";"Pleno dia";"Crescente";"Ceu Claro";"Dupla";"Curva";"Urbano";2;0;0;0;2;0;0;2
83457630;"19/04/16";"Terça";"13:15:00";"RS";158;"316,6";"ITAARA";"Outras";"Queda de motocicleta / bicicleta / veículo";"Com Vítimas Feridas";"Pleno dia";"Crescente";"Sol";"Simples";"Curva";"Rural";1;0;1;0;0;0;1;1
83457631;"13/04/16";"Quarta";"15:00:00";"PR";277;"43";"MORRETES";"Falta de atenção";"Colisão com objeto fixo";"Sem Vítimas";"Pleno dia";"Decrescente";"Ceu Claro";"Dupla";"Reta";"Rural";1;0;0;0;1;0;0;1
83457632;"19/04/16";"Terça";"10:30:00";"RS";116;"151,8";"CAXIAS DO SUL";"Defeito mecânico em veículo";"Queda de motocicleta / bicicleta / veículo";"Com Vítimas Feridas";"Pleno dia";"Crescente";"Sol";"Dupla";"Curva";"Urbano";1;0;1;0;0;0;1;1
83457633;"17/04/16";"Domingo";"05:40:00";"TO";153;"131";"ARAGUAINA";"Ingestão de álcool";"Colisão traseira";"Com Vítimas Feridas";"Amanhecer";"Crescente";"Nublado";"Simples";"Reta";"Urbano";2;0;1;0;1;0;1;2
83457634;"19/04/16";"Terça";"12:00:00";"SC";101;"181";"BIGUACU";"Falta de atenção";"Colisão Transversal";"Com Vítimas Feridas";"Pleno dia";"Decrescente";"Sol";"Dupla";"Reta";"Urbano";3;0;1;0;2;0;1;2
83457635;"19/04/16";"Terça";"13:50:00";"SC";101;"142,9";"ITAPEMA";"Animais na Pista";"Colisão traseira";"Com Vítimas Feridas";"Pleno dia";"Crescente";"Sol";"Dupla";"Reta";"Urbano";2;0;1;0;0;1;1;2
83457636;"25/01/16";"Segunda";"17:30:00";"MA";230;"547";"CAROLINA";"Desobediência à sinalização";"Colisão frontal";"Com Vítimas Fatais";"Plena noite";"Crescente";"Ceu Claro";"Dupla";"Reta";"Rural";2;2;0;0;0;0;0;2
83457637;"16/04/16";"Sábado";"10:47:00";"SC";470;"56,2";"BLUMENAU";"Outras";"Colisão traseira";"Com Vítimas Feridas";"Pleno dia";"Decrescente";"Ceu Claro";"Simples";"Curva";"Urbano";5;0;1;0;4;0;1;4
83457638;"19/04/16";"Terça";"09:00:00";"RS";285;"569,1";"SAO LUIZ GONZAGA";"Velocidade incompatível";"Saída de Pista";"Sem Vítimas";"Pleno dia";"Crescente";"Ceu Claro";"Simples";"Reta";"Rural";1;0;0;0;1;0;0;1
83457639;"19/04/16";"Terça";"12:00:00";"RO";364;"338,8";"JI-PARANA";"Falta de atenção";"Colisão traseira";"Com Vítimas Feridas";"Pleno dia";"Crescente";"Ceu Claro";"Simples";"Reta";"Urbano";2;0;1;0;1;0;1;2
83457640;"19/04/16";"Terça";"08:50:00";"PA";230;"122";"MARABA";"Outras";"Atropelamento de pessoa";"Com Vítimas Feridas";"Pleno dia";"Decrescente";"Ceu Claro";"Dupla";"Reta";"Urbano";2;0;1;0;0;1;1;1
83457641;"19/04/16";"Terça";"11:30:00";"RN";101;"110";"PARNAMIRIM";"Falta de atenção";"Queda de motocicleta / bicicleta / veículo";"Com Vítimas Feridas";"Pleno dia";"Decrescente";"Ceu Claro";"Dupla";"Reta";"Rural";2;0;1;0;1;0;1;2