"id";"data_inversa";"dia_semana";"horario";"uf";"br";"km";"municipio";"causa_acidente";"tipo_acidente";"classificacao_acidente";"fase_dia";"sentido_via";"condicao_metereologica";"tipo_pista";"tracado_via";"uso_solo";"pessoas";"mortos";"feridos_leves";"feridos_graves";"ilesos";"ignorados";"feridos";"veiculos"
83457642;"19/04/16";"Terça";"00:05:00";"RJ";354;"3";"RESENDE";"Defeito mecânico em veículo";"Capotamento";"Sem Vítimas";"Plena noite";"Crescente";"Ceu Claro";"Dupla";"Curva";"Rural";1;0;0;0;1;0;0;1
83457645;"19/04/16";"Terça";"12:50:00";"PE";408;"75";"PAUDALHO";"Outras";"Colisão lateral";"Sem Vítimas";"Pleno dia";"Crescente";"Ceu Claro";"Simples";"Reta";"Urbano";3;0;0;0;2;1;0;3
83457647;"19/04/16";"Terça";"08:46:00";"MG";381;"478,4";"CONTAGEM";"Não guardar distância de segurança";"Colisão traseira";"Com Vítimas Fatais";"Pleno dia";"Decrescente";"Sol";"Dupla";"Reta";"Urbano";3;1;0;0;2;0;0;3
83457648;"16/04/16";"Sábado";"06:00:00";"MG";365;"460,2";"PATROCINIO";"Ultrapassagem indevida";"Colisão frontal";"Com Vítimas Feridas";"Amanhecer";"Crescente";"Ceu Claro";"Simples";"Reta";"Rural";3;0;2;1;0;0;3;2
83457649;"15/04/16";"Sexta";"16:00:00";"MG";40;"733,5";"OLIVEIRA FORTES";"Outras";"Colisão com objeto fixo";"Sem Vítimas";"Pleno dia";"Decrescente";"Sol";"Simples";"Reta";"Rural";1;0;0;0;1;0;0;1
83457651;"19/04/16";"Terça";"11:30:00";"MG";381;"156";"GOVERNADOR VALADARES";"Falta de atenção";"Colisão traseira";"Com Vítimas Feridas";"Pleno dia";"Decrescente";"Ceu Claro";"Simples";"Reta";"Rural";3;0;1;1;1;0;2;2
83457652;"19/04/16";"Terça";"10:40:00";"SP";116;"476,5";"JACUPIRANGA";"Falta de atenção";"Colisão Transversal";"Com Vítimas Feridas";"Pleno dia";"Crescente";"Sol";"Dupla";"Cruzamento";"Urbano";2;0;2;0;0;0;2;2
83457653;"19/04/16";"Terça";"09:30:00";"SE";101;"56,2";"ROSARIO DO CATETE";"Outras";"Colisão traseira";"Sem Vítimas";"Pleno dia";"Crescente";"Ceu Claro";"Simples";"Curva";"Rural";2;0;0;0;1;1;0;2
83457654;"11/04/16";"Segunda";"12:45:00";"PA";316;"6,8";"ANANINDEUA";"Falta de atenção";"Colisão lateral";"Sem Vítimas";"Pleno dia";"Crescente";"Nublado";"Dupla";"Reta";"Urbano";2;0;0;0;2;0;0;2
83457655;"18/04/16";"Segunda";"20:30:00";"PA";222;"74";"DOM ELISEU";"Outras";"Colisão frontal";"Com Vítimas Feridas";"Plena noite";"Crescente";"Ceu Claro";"Simples";"Reta";"Rural";4;0;2;0;2;0;2;2
83457656;"19/04/16";"Terça";"08:30:00";"MT";163;"606";"NOVA MUTUM";"Desobediência à sinalização";"Tombamento";"Sem Vítimas";"Pleno dia";"Decrescente";"Sol";"Simples";"Curva";"Rural";1;0;0;0;1;0;0;1
83457657;"19/04/16";"Terça";"10:50:00";"RS";116;"529,5";"CAPAO DO LEAO";"Outras";"Colisão Transversal";"Com Vítimas Feridas";"Pleno dia";"Decrescente";"Ceu Claro";"Simples";"Cruzamento";"Urbano";3;0;3;0;0;0;3;2
83457659;"11/04/16";"Segunda";"07:45:00";"PR";476;"125";"CURITIBA";"Falta de atenção";"Colisão lateral";"Com Vítimas Feridas";"Pleno dia";"Crescente";"Ceu Claro";"Dupla";"Reta";"Urbano";2;0;1;0;0;1;1;2
83457660;"14/04/16";"Quinta";"12:55:00";"SC";163;"111,1";"GUARUJA DO SUL";"Falta de atenção";"Colisão Transversal";"Sem Vítimas";"Pleno dia";"Decrescente";"Ceu Claro";"Simples";"Curva";"Urbano";2;0;0;0;2;0;0;2
83457661;"19/04/16";"Terça";"13:30:00";"SP";116;"471,5";"JACUPIRANGA";"Falta de atenção";"Tombamento";"Sem Vítimas";"Pleno dia";"Decrescente";"Ceu Claro";"Dupla";"Reta";"Rural";1;0;0;0;1;0;0;1
83457662;"19/04/16";"Terça";"10:15:00";"PB";230;"147,5";"CAMPINA GRANDE";"Defeito mecânico em veículo";"Colisão traseira";"Sem Vítimas";"Pleno dia";"Crescente";"Ceu Claro";"Dupla";"Reta";"Urbano";2;0;0;0;2;0;0;2
83457663;"19/04/16";"Terça";"12:20:00";"BA";116;"652,5";"JEQUIE";"Falta de atenção";"Colisão Transversal";"Com Vítimas Feridas";"Pleno dia";"Crescente";"Ceu Claro";"Simples";"Cruzamento";"Rural";3;0;2;0;1;0;2;2
83457664;"19/04/16";"Terça";"12:45:00";"RN";304;"264,3";"SAO PEDRO";"Ultrapassagem indevida";"Capotamento";"Com Vítimas Feridas";"Pleno dia";"Decrescente";"Ceu Claro";"Simples";"Reta";"Rural";7;0;5;0;2;0;5;3
83457665;"15/04/16";"Sexta";"23:20:00";"BA";324;"621,6";"SALVADOR";"Outras";"Colisão lateral";"Sem Vítimas";"Plena noite";"Crescente";"Ceu Claro";"Dupla";"Reta";"Urbano";2;0;0;0;2;0;0;2
83457667;"19/04/16";"Terça";"12:33:00";"RJ";101;"328";"RIO DE JANEIRO";"Falta de atenção";"Colisão traseira";"Com Vítimas Feridas";"Pleno dia";"Decrescente";"Ceu Claro";"Dupla";"Reta";"Urbano";2;0;1;0;1;0;1;2
83457668;"19/04/16";"Terça";"12:16:00";"MT";163;"850";"SINOP";"Outras";"Saída de Pista";"Com Vítimas Feridas";"Pleno dia";"Decrescente";"Ceu Claro";"Simples";"Reta";"Rural";2;0;1;0;1;0;1;1
83457669;"17/04/16";"Domingo";"05:00:00";"MS";463;"108,9";"PONTA PORA";"Ingestão de álcool";"Capotamento";"Com Vítimas Feridas";"Plena noite";"Decrescente";"Ceu Claro";"Simples";"Reta";"Rural";2;0;2;0;0;0;2;1
83457670;"19/04/16";"Terça";"14:00:00";"MG";262;"125,3";"RIO CASCA";"Defeito mecânico em veículo";"Incêndio";"Sem Vítimas";"Pleno dia";"Crescente";"Sol";"Simples";"Curva";"Rural";1;0;0;0;1;0;0;1
83457671;"19/04/16";"Terça";"07:30:00";"MG";251;"420,7";"GRAO MOGOL";"Dormindo";"Tombamento";"Com Vítimas Feridas";"Amanhecer";"Decrescente";"Nublado";"Simples";"Reta";"Rural";2;0;1;0;1;0;1;1
83457672;"15/04/16";"Sexta";"17:40:00";"MA";316;"376,5";"BACABAL";"Falta de atenção";"Colisão lateral";"Sem Vítimas";"Anoitecer";"Decrescente";"Ceu Claro";"Simples";"Reta";"Rural";2;0;0;0;2;0;0;2
83457675;"19/04/16";"Terça";"09:40:00";"SC";101;"151";"ITAPEMA";"Falta de atenção";"Colisão lateral";"Com Vítimas Feridas";"Pleno dia";"Decrescente";"Ceu Claro";"Dupla";"Reta";"Urbano";3;0;2;0;1;0;2;2
83457677;"19/04/16";"Terça";"15:00:00";"SC";282;"366,6";"ERVAL VELHO";"Falta de atenção";"Colisão lateral";"Sem Vítimas";"Pleno dia";"Decrescente";"Ceu Claro";"Simples";"Reta";"Rural";2;0;0;0;2;0;0;2
83457678;"19/04/16";"Terça";"14:40:00";"SC";282;"158,3";"BOM RETIRO";"Outras";"Saída de Pista";"Com Vítimas Feridas";"Pleno dia";"Crescente";"Ceu Claro";"Simples";"Curva";"Urbano";3;0;2;0;1;0;2;2
83457679;"19/04/16";"Terça";"15:50:00";"PA";316;"12";"MARITUBA";"Falta de atenção";"Colisão com bicicleta";"Com Vítimas Feridas";"Pleno dia";"Decrescente";"Ceu Claro";"Dupla";"Reta";"Urbano";2;0;1;0;1;0;1;2
83457680;"19/04/16";"Terça";"07:30:00";"MG";365;"39,8";"CLARO DOS POCOES";"Desobediência à sinalização";"Colisão Transversal";"Sem Vítimas";"Pleno dia";"Decrescente";"Ceu Claro";"Simples";"Reta";"Rural";2;0;0;0;2;0;0;2
83457681;"19/04/16";"Terça";"13:45:00";"BA";101;"535";"SAO JOSE DA VITORIA";"Velocidade incompatível";"Saída de Pista";"Com Vítimas Feridas";"Pleno dia";"Crescente";"Sol";"Simples";"Curva";"Rural";2;0;2;0;0;0;2;1
83457682;"19/04/16";"Terça";"14:00:00";"MG";381;"357";"JOAO MONLEVADE";"Velocidade incompatível";"Colisão traseira";"Com Vítimas Feridas";"Pleno dia";"Crescente";"Sol";"Simples";"Reta";"Urbano";2;0;1;0;1;0;1;2
83457683;"19/04/16";"Terça";"16:20:00";"RJ";40;"109";"DUQUE DE CAXIAS";"Outras";"Queda de motocicleta / bicicleta / veículo";"Com Vítimas Feridas";"Pleno dia";"Decrescente";"Ceu Claro";"Dupla";"Curva";"Urbano";2;0;1;0;1;0;1;1
83457684;"14/04/16";"Quinta";"21:30:00";"ES";101;"66";"SAO MATEUS";"Velocidade incompatível";"Colisão traseira";"Sem Vítimas";"Plena noite";"Crescente";"Ceu Claro";"Simples";"Reta";"Urbano";2;0;0;0;2;0;0;2
83457686;"15/04/16";"Sexta";"18:05:00";"RJ";116;"181,2";"NOVA IGUACU";"Outras";"Colisão com objeto fixo";"Sem Vítimas";"Anoitecer";"Crescente";"Ceu Claro";"Dupla";"Reta";"Urbano";1;0;0;0;1;0;0;1
83457687;"13/04/16";"Quarta";"18:30:00";"PI";135;"279";"ALVORADA DO GURGUEIA";"Defeito mecânico em veículo";"Colisão traseira";"Com Vítimas Feridas";"Anoitecer";"Decrescente";"Ceu Claro";"Simples";"Reta";"Rural";3;0;2;0;1;0;2;2
83457688;"19/04/16";"Terça";"13:30:00";"MT";163;"110";"RONDONOPOLIS";"Falta de atenção";"Colisão lateral";"Sem Vítimas";"Pleno dia";"Decrescente";"Ceu Claro";"Dupla";"Reta";"Rural";2;0;0;0;2;0;0;2
83457689;"19/04/16";"Terça";"15:30:00";"PI";316;"3,5";"TERESINA";"Falta de atenção";"Colisão lateral";"Com Vítimas Feridas";"Pleno dia";"Crescente";"Sol";"Múltipla";"Reta";"Urbano";2;0;1;0;1;0;1;2
83457690;"19/04/16";"Terça";"09:50:00";"MG";40;"142,3";"JOAO PINHEIRO";"Falta de atenção";"Colisão Transversal";"Com Vítimas Feridas";"Pleno dia";"Crescente";"Ceu Claro";"Simples";"Reta";"Urbano";2;0;1;0;1;0;1;2
83457691;"19/04/16";"Terça";"15:10:00";"MG";381;"855,5";"POUSO ALEGRE";"Outras";"Colisão traseira";"Com Vítimas Feridas";"Pleno dia";"Crescente";"Ceu Claro";"Dupla";"Reta";"Rural";2;0;1;0;1;0;1;2
83457692;"19/04/16";"Terça";"14:00:00";"RS";392;"659,4";"CERRO LARGO";"Defeito na via";"Saída de Pista";"Sem Vítimas";"Pleno dia";"Crescente";"Sol";"Simples";"Curva";"Rural";1;0;0;0;1;0;0;1
83457693;"17/04/16";"Domingo";"22:35:00";"PR";116;"40,2";"CAMPINA GRANDE DO SUL";"Não guardar distância de segurança";"Colisão traseira";"Com Vítimas Feridas";"Plena noite";"Decrescente";"Ceu Claro";"Dupla";"Reta";"Rural";2;0;0;1;1;0;1;2
83457694;"15/04/16";"Sexta";"18:20:00";"CE";222;"0,8";"FORTALEZA";"Outras";"Colisão com bicicleta";"Com Vítimas Feridas";"Plena noite";"Crescente";"Ceu Claro";"Múltipla";"Reta";"Urbano";2;0;2;0;0;0;2;2
83457695;"15/04/16";"Sexta";"16:50:00";"SC";101;"223,8";"PALHOCA";"Outras";"Colisão traseira";"Com Vítimas Feridas";"Plena noite";"Crescente";"Sol";"Dupla";"Curva";"Urbano";2;0;0;1;0;1;1;2
83457696;"19/04/16";"Terça";"15:50:00";"CE";116;"38,9";"HORIZONTE";"Outras";"Colisão com objeto fixo";"Sem Vítimas";"Pleno dia";"Decrescente";"Ceu Claro";"Dupla";"Reta";"Rural";1;0;0;0;1;0;0;1
83457697;"19/04/16";"Terça";"18:00:00";"RS";116;"143";"CAXIAS DO SUL";"Falta de atenção";"Colisão traseira";"Sem Vítimas";"Anoitecer";"Crescente";"Ceu Claro";"Dupla";"Reta";"Urbano";2;0;0;0;2;0;0;2
83457698;"15/04/16";"Sexta";"15:00:00";"PB";101;"21";"MAMANGUAPE";"Falta de atenção";"Colisão lateral";"Sem Vítimas";"Pleno dia";"Decrescente";"Chuva";"Dupla";"Curva";"Rural";2;0;0;0;2;0;0;2
83457699;"17/04/16";"Domingo";"05:25:00";"PA";316;"150";"CAPANEMA";"Desobediência à sinalização";"Colisão frontal";"Com Vítimas Feridas";"Amanhecer";"Crescente";"Nublado";"Simples";"Reta";"Urbano";2;0;1;0;1;0;1;2
83457700;"19/04/16";"Terça";"07:40:00";"AL";101;"101";"PILAR";"Falta de atenção";"Queda de motocicleta / bicicleta / veículo";"Com Vítimas Feridas";"Pleno dia";"Decrescente";"Nublado";"Simples";"Curva";"Urbano";1;0;1;0;0;0;1;1
83457701;"19/04/16";"Terça";"11:30:00";"ES";101;"66";"SAO MATEUS";"Falta de atenção";"Queda de motocicleta / bicicleta / veículo";"Com Vítimas Feridas";"Pleno dia";"Crescente";"Ceu Claro";"Simples";"Reta";"Urbano";1;0;1;0;0;0;1;1
83457702;"13/04/16";"Quarta";"20:20:00";"RN";226;"290";"PAU DOS FERROS";"Outras";"Capotamento";"Sem Vítimas";"Plena noite";"Decrescente";"Ceu Claro";"Simples";"Reta";"Rural";1;0;0;0;1;0;0;1
83457703;"19/04/16";"Terça";"13:50:00";"SC";101;"141";"BALNEARIO CAMBORIU";"Outras";"Queda de motocicleta / bicicleta / veículo";"Com Vítimas Feridas";"Pleno dia";"Crescente";"Ceu Claro";"Dupla";"Curva";"Urbano";2;0;2;0;0;0;2;1
83457704;"19/04/16";"Terça";"17:20:00";"SC";470;"53";"BLUMENAU";"Falta de atenção";"Colisão Transversal";"Sem Vítimas";"Pleno dia";"Decrescente";"Ceu Claro";"Simples";"Cruzamento";"Urbano";2;0;0;0;2;0;0;2
83457705;"19/04/16";"Terça";"09:30:00";"SC";101;"203,9";"SAO JOSE";"Desobediência à sinalização";"Colisão Transversal";"Sem Vítimas";"Pleno dia";"Decrescente";"Sol";"Dupla";"Cruzamento";"Urbano";2;0;0;0;2;0;0;2
83457706;"19/04/16";"Terça";"18:40:00";"RS";116;"248";"SAO LEOPOLDO";"Não guardar distância de segurança";"Colisão traseira";"Sem Vítimas";"Anoitecer";"Decrescente";"Ceu Claro";"Dupla";"Reta";"Urbano";3;0;0;0;3;0;0;3
83457707;"19/04/16";"Terça";"10:05:00";"SC";101;"221,8";"PALHOCA";"Outras";"Colisão traseira";"Com Vítimas Feridas";"Pleno dia";"Decrescente";"Sol";"Dupla";"Curva";"Rural";4;0;1;0;3;0;1;3
83457708;"19/04/16";"Terça";"17:00:00";"RS";116;"398,6";"CAMAQUA";"Falta de atenção";"Colisão traseira";"Com Vítimas Feridas";"Pleno dia";"Crescente";"Nublado";"Simples";"Reta";"Urbano";2;0;1;0;1;0;1;2
83457709;"19/04/16";"Terça";"18:10:00";"SE";101;"102,6";"SAO CRISTOVAO";"Falta de atenção";"Atropelamento de pessoa";"Com Vítimas Feridas";"Plena noite";"Crescente";"Ceu Claro";"Dupla";"Reta";"Rural";3;0;1;1;1;0;2;1
83457710;"19/04/16";"Terça";"10:00:00";"RS";116;"442";"CRISTAL";"Não guardar distância de segurança";"Colisão traseira";"Com Vítimas Feridas";"Pleno dia";"Decrescente";"Nublado";"Simples";"Reta";"Rural";3;0;1;0;2;0;1;2
83457711;"19/04/16";"Terça";"18:15:00";"SC";116;"217,3";"CORREIA PINTO";"Falta de atenção";"Colisão Transversal";"Com Vítimas Feridas";"Anoitecer";"Decrescente";"Ceu Claro";"Simples";"Cruzamento";"Urbano";2;0;1;1;0;0;2;2
83457712;"16/04/16";"Sábado";"05:50:00";"AL";423;"62,4";"AGUA BRANCA";"Animais na Pista";"Atropelamento de animal";"Sem Vítimas";"Amanhecer";"Decrescente";"Ceu Claro";"Simples";"Reta";"Rural";1;0;0;0;1;0;0;1
83457713;"16/04/16";"Sábado";"06:00:00";"RS";116;"482,5";"TURUCU";"Outras";"Queda de motocicleta / bicicleta / veículo";"Com Vítimas Feridas";"Amanhecer";"Crescente";"Ceu Claro";"Simples";"Curva";"Urbano";1;0;1;0;0;0;1;1
83457714;"19/04/16";"Terça";"17:45:00";"ES";101;"143";"LINHARES";"Falta de atenção";"Colisão Transversal";"Com Vítimas Feridas";"Plena noite";"Decrescente";"Ceu Claro";"Simples";"Reta";"Rural";2;0;0;1;1;0;1;2
83457715;"19/04/16";"Terça";"15:05:00";"PR";158;"4,2";"CAMPO MOURAO";"Desobediência à sinalização";"Colisão Transversal";"Com Vítimas Feridas";"Pleno dia";"Decrescente";"Ceu Claro";"Simples";"Reta";"Urbano";2;0;1;0;0;1;1;2
83457716;"19/04/16";"Terça";"16:25:00";"MG";262;"508";"LUZ";"Animais na Pista";"Colisão traseira";"Sem Vítimas";"Pleno dia";"Decrescente";"Sol";"Simples";"Curva";"Rural";2;0;0;0;2;0;0;2
83457717;"11/04/16";"Segunda";"01:30:00";"RN";101;"100,5";"PARNAMIRIM";"Ingestão de álcool";"Colisão com objeto fixo";"Sem Vítimas";"Plena noite";"Crescente";"Chuva";"Dupla";"Curva";"Urbano";2;0;0;0;2;0;0;1
83457718;"19/04/16";"Terça";"18:40:00";"PE";232;"9";"RECIFE";"Outras";"Colisão lateral";"Com Vítimas Feridas";"Plena noite";"Decrescente";"Ceu Claro";"Dupla";"Reta";"Urbano";2;0;1;0;1;0;1;2
83457719;"19/04/16";"Terça";"16:20:00";"SE";101;"37,3";"CAPELA";"Falta de atenção";"Colisão lateral";"Sem Vítimas";"Pleno dia";"Decrescente";"Ceu Claro";"Simples";"Reta";"Rural";2;0;0;0;2;0;0;2
83457720;"19/04/16";"Terça";"19:05:00";"SC";280;"56";"GUARAMIRIM";"Não guardar distância de segurança";"Colisão lateral";"Com Vítimas Feridas";"Plena noite";"Crescente";"Ceu Claro";"Simples";"Reta";"Urbano";3;0;2;0;0;1;2;2
83457721;"19/04/16";"Terça";"07:45:00";"MT";70;"9";"BARRA DO GARCAS";"Falta de atenção";"Colisão Transversal";"Sem Vítimas";"Pleno dia";"Decrescente";"Ceu Claro";"Simples";"Reta";"Urbano";2;0;0;0;2;0;0;2
83457722;"19/02/16";"Sexta";"10:50:00";"SC";101;"204";"SAO JOSE";"Não guardar distância de segurança";"Colisão traseira";"Com Vítimas Feridas";"Pleno dia";"Crescente";"Ceu Claro";"Múltipla";"Reta";"Urbano";2;0;0;1;1;0;1;2
83457723;"19/04/16";"Terça";"19:14:00";"PR";376;"1,2";"APUCARANA";"Desobediência à sinalização";"Colisão Transversal";"Com Vítimas Feridas";"Plena noite";"Decrescente";"Ceu Claro";"Simples";"Reta";"Urbano";2;0;0;1;1;0;1;2
83457724;"19/04/16";"Terça";"19:40:00";"MS";163;"258,1";"DOURADOS";"Desobediência à sinalização";"Colisão traseira";"Com Vítimas Feridas";"Plena noite";"Decrescente";"Ceu Claro";"Dupla";"Cruzamento";"Urbano";2;0;0;1;1;0;1;2
83457725;"19/04/16";"Terça";"20:10:00";"RS";290;"130,4";"ELDORADO DO SUL";"Desobediência à sinalização";"Colisão Transversal";"Com Vítimas Feridas";"Plena noite";"Crescente";"Nublado";"Simples";"Cruzamento";"Rural";2;0;1;0;0;1;1;2
83457726;"19/04/16";"Terça";"15:00:00";"MS";262;"495,5";"ANASTACIO";"Outras";"Colisão com objeto fixo";"Sem Vítimas";"Pleno dia";"Decrescente";"Ceu Claro";"Simples";"Reta";"Rural";2;0;0;0;2;0;0;2
83457727;"19/04/16";"Terça";"07:55:00";"RJ";101;"312,9";"SAO GONCALO";"Outras";"Colisão traseira";"Com Vítimas Feridas";"Pleno dia";"Crescente";"Ceu Claro";"Dupla";"Reta";"Urbano";2;0;1;0;1;0;1;2
83457728;"19/04/16";"Terça";"06:40:00";"RS";153;"562,5";"BAGE";"Falta de atenção";"Saída de Pista";"Com Vítimas Feridas";"Amanhecer";"Crescente";"Chuva";"Simples";"Reta";"Rural";1;0;1;0;0;0;1;1
83457729;"19/04/16";"Terça";"19:30:00";"PR";476;"156,5";"ARAUCARIA";"Outras";"Colisão lateral";"Com Vítimas Feridas";"Plena noite";"Crescente";"Ceu Claro";"Simples";"Reta";"Rural";3;0;0;1;2;0;1;2
83457730;"19/04/16";"Terça";"18:00:00";"ES";101;"291";"CARIACICA";"Falta de atenção";"Tombamento";"Sem Vítimas";"Plena noite";"Crescente";"Ceu Claro";"Dupla";"Reta";"Urbano";1;0;0;0;1;0;0;1
83457731;"19/04/16";"Terça";"19:15:00";"RS";392;"58,8";"RIO GRANDE";"Falta de atenção";"Colisão traseira";"Sem Vítimas";"Plena noite";"Crescente";"Chuva";"Dupla";"Reta";"Rural";2;0;0;0;2;0;0;2
83457732;"16/04/16";"Sábado";"00:40:00";"PR";369;"479,4";"CORBELIA";"Falta de atenção";"Saída de Pista";"Com Vítimas Feridas";"Plena noite";"Crescente";"Ceu Claro";"Simples";"Curva";"Rural";3;0;2;0;1;0;2;1
83457733;"15/04/16";"Sexta";"19:00:00";"MG";267;"286,4";"BAEPENDI";"Velocidade incompatível";"Tombamento";"Sem Vítimas";"Plena noite";"Crescente";"Ceu Claro";"Simples";"Curva";"Rural";1;0;0;0;1;0;0;1
83457734;"15/04/16";"Sexta";"15:00:00";"CE";116;"19";"EUSEBIO";"Defeito mecânico em veículo";"Queda de motocicleta / bicicleta / veículo";"Com Vítimas Feridas";"Pleno dia";"Crescente";"Ceu Claro";"Múltipla";"Reta";"Urbano";2;0;2;0;0;0;2;1
83457735;"19/04/16";"Terça";"15:40:00";"MS";267;"446";"GUIA LOPES DA LAGUNA";"Defeito mecânico em veículo";"Saída de Pista";"Com Vítimas Feridas";"Pleno dia";"Crescente";"Ceu Claro";"Simples";"Curva";"Rural";5;0;2;0;3;0;2;1
83457736;"19/04/16";"Terça";"14:00:00";"MG";381;"208,6";"BELO ORIENTE";"Ultrapassagem indevida";"Saída de Pista";"Sem Vítimas";"Pleno dia";"Crescente";"Nublado";"Simples";"Reta";"Rural";1;0;0;0;1;0;0;1
83457737;"19/04/16";"Terça";"12:00:00";"SC";282;"6";"SAO JOSE";"Outras";"Queda de motocicleta / bicicleta / veículo";"Com Vítimas Feridas";"Pleno dia";"Decrescente";"Sol";"Dupla";"Curva";"Urbano";1;0;1;0;0;0;1;1
83457738;"19/04/16";"Terça";"16:30:00";"MG";354;"745,5";"POUSO ALTO";"Falta de atenção";"Colisão Transversal";"Sem Vítimas";"Pleno dia";"Decrescente";"Ceu Claro";"Simples";"Cruzamento";"Urbano";2;0;0;0;2;0;0;2
83457739;"19/04/16";"Terça";"21:00:00";"RS";116;"246";"SAO LEOPOLDO";"Falta de atenção";"Colisão lateral";"Sem Vítimas";"Pleno dia";"Crescente";"Ceu Claro";"Dupla";"Reta";"Urbano";2;0;0;0;2;0;0;2
83457740;"19/04/16";"Terça";"18:25:00";"MG";381;"479,8";"CONTAGEM";"Outras";"Colisão lateral";"Com Vítimas Feridas";"Plena noite";"Crescente";"Ceu Claro";"Dupla";"Reta";"Urbano";2;0;1;0;0;1;1;2
83457741;"19/04/16";"Terça";"18:50:00";"MS";158;"281,5";"TRES LAGOAS";"Animais na Pista";"Atropelamento de animal";"Sem Vítimas";"Plena noite";"Crescente";"Ceu Claro";"Dupla";"Reta";"Rural";1;0;0;0;1;0;0;1
83457742;"19/04/16";"Terça";"17:00:00";"PR";467;"87,8";"CASCAVEL";"Falta de atenção";"Colisão lateral";"Com Vítimas Feridas";"Pleno dia";"Crescente";"Ceu Claro";"Dupla";"Reta";"Rural";3;0;0;1;2;0;1;3
83457743;"19/04/16";"Terça";"18:25:00";"SC";470;"172,5";"POUSO REDONDO";"Outras";"Colisão traseira";"Com Vítimas Feridas";"Anoitecer";"Crescente";"Ceu Claro";"Simples";"Cruzamento";"Urbano";2;0;1;0;0;1;1;2
83457744;"19/04/16";"Terça";"19:40:00";"RS";285;"317";"PASSO FUNDO";"Falta de atenção";"Colisão lateral";"Com Vítimas Feridas";"Plena noite";"Crescente";"Ceu Claro";"Simples";"Reta";"Rural";2;0;1;0;1;0;1;2
83457745;"19/04/16";"Terça";"18:10:00";"MG";40;"727,1";"OLIVEIRA FORTES";"Velocidade incompatível";"Saída de Pista";"Sem Vítimas";"Plena noite";"Crescente";"Ceu Claro";"Dupla";"Curva";"Rural";1;0;0;0;1;0;0;1
83457746;"19/04/16";"Terça";"18:45:00";"RS";116;"243,1";"SAO LEOPOLDO";"Falta de atenção";"Colisão traseira";"Sem Vítimas";"Plena noite";"Crescente";"Ceu Claro";"Dupla";"Reta";"Urbano";5;0;0;0;5;0;0;5
83457747;"19/04/16";"Terça";"11:40:00";"PA";316;"12";"MARITUBA";"Não guardar distância de segurança";"Colisão traseira";"Com Vítimas Feridas";"Pleno dia";"Decrescente";"Sol";"Dupla";"Reta";"Urbano";2;0;1;0;1;0;1;2
83457748;"17/04/16";"Domingo";"18:00:00";"MG";267;"127";"JUIZ DE FORA";"Outras";"Saída de Pista";"Com Vítimas Feridas";"Anoitecer";"Decrescente";"Ceu Claro";"Simples";"Reta";"Rural";3;0;3;0;0;0;3;1
83457749;"15/04/16";"Sexta";"02:00:00";"RJ";116;"252";"PIRAI";"Outras";"Colisão frontal";"Sem Vítimas";"Plena noite";"Crescente";"Ceu Claro";"Simples";"Cruzamento";"Rural";2;0;0;0;2;0;0;2
83457750;"19/04/16";"Terça";"20:00:00";"GO";153;"497";"GOIANIA";"Falta de atenção";"Colisão com objeto fixo";"Ignorado";"Plena noite";"Decrescente";"Vento";"Dupla";"Reta";"Urbano";1;0;0;0;0;1;0;1
83457751;"15/04/16";"Sexta";"18:30:00";"CE";20;"419";"MARACANAU";"Outras";"Tombamento";"Com Vítimas Feridas";"Plena noite";"Crescente";"Ceu Claro";"Múltipla";"Reta";"Urbano";2;0;1;1;0;0;2;1
83457752;"19/04/16";"Terça";"19:15:00";"MG";116;"104";"ITAOBIM";"Outras";"Saída de Pista";"Com Vítimas Feridas";"Plena noite";"Crescente";"Ceu Claro";"Simples";"Curva";"Rural";1;0;1;0;0;0;1;1
83457753;"19/04/16";"Terça";"12:25:00";"AC";364;"120,7";"RIO BRANCO";"Outras";"Colisão lateral";"Com Vítimas Feridas";"Pleno dia";"Decrescente";"Sol";"Simples";"Reta";"Urbano";3;0;1;1;0;1;2;2
83457754;"17/04/16";"Domingo";"02:30:00";"MG";40;"552,8";"NOVA LIMA";"Ingestão de álcool";"Colisão frontal";"Sem Vítimas";"Plena noite";"Crescente";"Ceu Claro";"Dupla";"Curva";"Urbano";2;0;0;0;2;0;0;2
83457755;"19/04/16";"Terça";"11:00:00";"RN";101;"94,3";"NATAL";"Outras";"Colisão lateral";"Sem Vítimas";"Pleno dia";"Crescente";"Ceu Claro";"Dupla";"Reta";"Urbano";2;0;0;0;2;0;0;2
83457756;"19/04/16";"Terça";"19:45:00";"PR";153;"19";"JACAREZINHO";"Animais na Pista";"Atropelamento de animal";"Sem Vítimas";"Plena noite";"Decrescente";"Ceu Claro";"Simples";"Reta";"Urbano";1;0;0;0;1;0;0;1
83457757;"19/04/16";"Terça";"20:25:00";"PR";163;"283";"MARECHAL CANDIDO RONDON";"Falta de atenção";"Colisão Transversal";"Com Vítimas Feridas";"Plena noite";"Decrescente";"Ceu Claro";"Simples";"Reta";"Rural";2;0;1;0;1;0;1;2
83457758;"16/04/16";"Sábado";"00:01:00";"SP";116;"315,8";"JUQUITIBA";"Outras";"Colisão traseira";"Com Vítimas Feridas";"Plena noite";"Decrescente";"Ceu Claro";"Dupla";"Reta";"Rural";3;0;1;0;2;0;1;2
83457759;"19/04/16";"Terça";"10:15:00";"MG";381;"477,9";"CONTAGEM";"Não guardar distância de segurança";"Colisão traseira";"Com Vítimas Feridas";"Pleno dia";"Crescente";"Ceu Claro";"Dupla";"Reta";"Urbano";3;0;2;0;1;0;2;2