"id";"data_inversa";"dia_semana";"horario";"uf";"br";"km";"municipio";"causa_acidente";"tipo_acidente";"classificacao_acidente";"fase_dia";"sentido_via";"condicao_metereologica";"tipo_pista";"tracado_via";"uso_solo";"pessoas";"mortos";"feridos_leves";"feridos_graves";"ilesos";"ignorados";"feridos";"veiculos"
83457988;"20/04/16";"Quarta";"16:15:00";"GO";60;"0";"GOIANIA";"Velocidade incompatível";"Tombamento";"Sem Vítimas";"Pleno dia";"Crescente";"Sol";"Simples";"Curva";"Urbano";1;0;0;0;1;0;0;1
83457989;"14/04/16";"Quinta";"18:20:00";"MG";40;"616";"CONGONHAS";"Desobediência à sinalização";"Colisão Transversal";"Com Vítimas Feridas";"Anoitecer";"Crescente";"Ceu Claro";"Simples";"Reta";"Urbano";7;0;2;1;4;0;3;2
83457991;"20/04/16";"Quarta";"16:10:00";"RS";158;"143,2";"CONDOR";"Não guardar distância de segurança";"Colisão traseira";"Sem Vítimas";"Pleno dia";"Decrescente";"Ceu Claro";"Simples";"Curva";"Rural";2;0;0;0;2;0;0;2
83457992;"17/04/16";"Domingo";"20:40:00";"RN";405;"78,3";"APODI";"Outras";"Colisão traseira";"Com Vítimas Feridas";"Plena noite";"Crescente";"Ceu Claro";"Simples";"Reta";"Urbano";3;0;1;2;0;0;3;2
83457993;"20/04/16";"Quarta";"14:30:00";"MG";381;"541";"ITATIAIUCU";"Velocidade incompatível";"Colisão traseira";"Sem Vítimas";"Pleno dia";"Decrescente";"Ceu Claro";"Dupla";"Curva";"Rural";2;0;0;0;2;0;0;2
83457994;"17/04/16";"Domingo";"06:35:00";"RS";392;"54,2";"RIO GRANDE";"Ingestão de álcool";"Capotamento";"Sem Vítimas";"Amanhecer";"Decrescente";"Ceu Claro";"Dupla";"Reta";"Rural";1;0;0;0;1;0;0;1
83457995;"20/04/16";"Quarta";"07:50:00";"RS";287;"244";"SANTA MARIA";"Falta de atenção";"Colisão traseira";"Com Vítimas Feridas";"Pleno dia";"Decrescente";"Sol";"Simples";"Cruzamento";"Urbano";2;0;1;0;1;0;1;2
83457996;"18/04/16";"Segunda";"19:05:00";"GO";20;"79";"VILA BOA";"Outras";"Colisão frontal";"Com Vítimas Fatais";"Plena noite";"Crescente";"Ceu Claro";"Simples";"Reta";"Rural";5;2;0;3;0;0;3;2
83457997;"20/04/16";"Quarta";"18:20:00";"PE";407;"129,2";"PETROLINA";"Outras";"Colisão lateral";"Com Vítimas Feridas";"Plena noite";"Crescente";"Ceu Claro";"Dupla";"Reta";"Urbano";4;0;1;0;3;0;1;4
83457998;"20/04/16";"Quarta";"16:00:00";"RS";158;"274,3";"JULIO DE CASTILHOS";"Ultrapassagem indevida";"Colisão frontal";"Com Vítimas Feridas";"Pleno dia";"Crescente";"Ceu Claro";"Simples";"Reta";"Rural";4;0;4;0;0;0;4;2
83457999;"16/04/16";"Sábado";"22:00:00";"AL";101;"89";"RIO LARGO";"Outras";"Queda de motocicleta / bicicleta / veículo";"Com Vítimas Feridas";"Plena noite";"Crescente";"Chuva";"Dupla";"Reta";"Rural";2;0;2;0;0;0;2;1
83458000;"16/04/16";"Sábado";"17:50:00";"SP";116;"229";"SAO PAULO";"Velocidade incompatível";"Colisão com objeto fixo";"Sem Vítimas";"Pleno dia";"Crescente";"Ceu Claro";"Múltipla";"Reta";"Urbano";1;0;0;0;1;0;0;1
83458001;"20/04/16";"Quarta";"16:30:00";"RO";364;"235,5";"CACOAL";"Falta de atenção";"Colisão lateral";"Com Vítimas Feridas";"Plena noite";"Crescente";"Nublado";"Simples";"Reta";"Rural";4;0;1;0;3;0;1;2
83458002;"20/04/16";"Quarta";"17:20:00";"RS";116;"231,1";"IVOTI";"Falta de atenção";"Colisão Transversal";"Com Vítimas Feridas";"Pleno dia";"Decrescente";"Ceu Claro";"Dupla";"Reta";"Urbano";3;0;1;0;2;0;1;2
83458003;"20/04/16";"Quarta";"18:00:00";"PR";277;"0,1";"PARANAGUA";"Desobediência à sinalização";"Colisão Transversal";"Sem Vítimas";"Anoitecer";"Crescente";"Ceu Claro";"Simples";"Reta";"Urbano";2;0;0;0;2;0;0;2
83458004;"20/04/16";"Quarta";"11:05:00";"MG";381;"883";"ESTIVA";"Dormindo";"Capotamento";"Com Vítimas Feridas";"Pleno dia";"Crescente";"Sol";"Dupla";"Reta";"Rural";1;0;0;1;0;0;1;1
83458005;"20/04/16";"Quarta";"07:30:00";"PR";369;"517";"CASCAVEL";"Velocidade incompatível";"Saída de Pista";"Com Vítimas Feridas";"Pleno dia";"Crescente";"Ceu Claro";"Simples";"Reta";"Rural";1;0;1;0;0;0;1;1
83458007;"20/04/16";"Quarta";"18:00:00";"BA";116;"522,4";"ITATIM";"Outras";"Colisão frontal";"Com Vítimas Fatais";"Anoitecer";"Crescente";"Ceu Claro";"Simples";"Reta";"Rural";4;2;1;0;0;1;1;2
83458008;"20/04/16";"Quarta";"15:00:00";"MG";262;"41,9";"MANHUACU";"Velocidade incompatível";"Tombamento";"Com Vítimas Feridas";"Pleno dia";"Crescente";"Sol";"Simples";"Reta";"Rural";1;0;1;0;0;0;1;1
83458009;"16/04/16";"Sábado";"21:30:00";"RS";116;"237";"NOVO HAMBURGO";"Outras";"Colisão lateral";"Sem Vítimas";"Plena noite";"Crescente";"Ceu Claro";"Dupla";"Reta";"Urbano";2;0;0;0;2;0;0;2
83458010;"20/04/16";"Quarta";"19:00:00";"MS";60;"416,1";"SIDROLANDIA";"Falta de atenção";"Colisão traseira";"Sem Vítimas";"Plena noite";"Decrescente";"Ceu Claro";"Simples";"Reta";"Rural";3;0;0;0;3;0;0;2
83458011;"20/04/16";"Quarta";"16:30:00";"RS";386;"20";"FREDERICO WESTPHALEN";"Outras";"Tombamento";"Sem Vítimas";"Pleno dia";"Decrescente";"Sol";"Simples";"Curva";"Rural";1;0;0;0;1;0;0;1
83458012;"20/04/16";"Quarta";"12:30:00";"BA";116;"696,2";"JEQUIE";"Ultrapassagem indevida";"Colisão frontal";"Com Vítimas Fatais";"Pleno dia";"Crescente";"Nublado";"Simples";"Curva";"Rural";3;1;1;1;0;0;2;2
83458013;"20/04/16";"Quarta";"13:30:00";"RS";287;"239,6";"SANTA MARIA";"Não guardar distância de segurança";"Colisão traseira";"Sem Vítimas";"Pleno dia";"Decrescente";"Nublado";"Dupla";"Reta";"Urbano";2;0;0;0;2;0;0;2
83458014;"20/04/16";"Quarta";"13:50:00";"PB";230;"26,3";"JOAO PESSOA";"Não guardar distância de segurança";"Colisão traseira";"Com Vítimas Feridas";"Pleno dia";"Decrescente";"Ceu Claro";"Dupla";"Reta";"Urbano";4;0;1;0;3;0;1;3
83458015;"16/04/16";"Sábado";"06:00:00";"DF";1;"26";"BRASILIA";"Defeito mecânico em veículo";"Colisão com objeto fixo";"Com Vítimas Feridas";"Pleno dia";"Crescente";"Ceu Claro";"Dupla";"Reta";"Rural";10;0;2;1;7;0;3;2
83458016;"08/04/16";"Sexta";"07:20:00";"MG";153;"88";"PRATA";"Outras";"Colisão lateral";"Com Vítimas Feridas";"Pleno dia";"Crescente";"Ceu Claro";"Simples";"Curva";"Rural";2;0;0;1;1;0;1;2
83458017;"20/04/16";"Quarta";"19:00:00";"PR";116;"93,4";"SAO JOSE DOS PINHAIS";"Não guardar distância de segurança";"Colisão lateral";"Sem Vítimas";"Plena noite";"Decrescente";"Ceu Claro";"Dupla";"Reta";"Rural";2;0;0;0;1;1;0;2
83458018;"20/04/16";"Quarta";"19:00:00";"SP";153;"61";"SAO JOSE DO RIO PRETO";"Falta de atenção";"Colisão traseira";"Com Vítimas Feridas";"Plena noite";"Crescente";"Ceu Claro";"Dupla";"Cruzamento";"Urbano";2;0;0;1;1;0;1;2
83458019;"20/04/16";"Quarta";"19:00:00";"GO";153;"495,2";"GOIANIA";"Falta de atenção";"Colisão lateral";"Com Vítimas Feridas";"Plena noite";"Crescente";"Ceu Claro";"Dupla";"Reta";"Urbano";3;0;2;0;1;0;2;2
83458020;"20/04/16";"Quarta";"17:43:00";"GO";153;"502,5";"GOIANIA";"Outras";"Colisão traseira";"Com Vítimas Feridas";"Anoitecer";"Crescente";"Ceu Claro";"Dupla";"Reta";"Urbano";2;0;1;0;1;0;1;2
83458021;"20/04/16";"Quarta";"19:00:00";"SC";282;"581";"PINHALZINHO";"Não guardar distância de segurança";"Colisão traseira";"Sem Vítimas";"Plena noite";"Decrescente";"Ceu Claro";"Simples";"Reta";"Rural";3;0;0;0;3;0;0;3
83458023;"20/04/16";"Quarta";"18:00:00";"SP";116;"147";"SAO JOSE DOS CAMPOS";"Outras";"Saída de Pista";"Sem Vítimas";"Plena noite";"Decrescente";"Ceu Claro";"Múltipla";"Reta";"Urbano";2;0;0;0;1;1;0;2
83458024;"20/04/16";"Quarta";"15:00:00";"PR";476;"335";"PAULA FREITAS";"Não guardar distância de segurança";"Colisão frontal";"Sem Vítimas";"Pleno dia";"Decrescente";"Ceu Claro";"Simples";"Reta";"Rural";2;0;0;0;2;0;0;2
83458025;"20/04/16";"Quarta";"16:40:00";"MT";163;"530";"DIAMANTINO";"Desobediência à sinalização";"Colisão lateral";"Sem Vítimas";"Pleno dia";"Decrescente";"Ceu Claro";"Simples";"Reta";"Rural";3;0;0;0;3;0;0;3
83458026;"15/01/16";"Sexta";"22:00:00";"MG";251;"361";"PADRE CARVALHO";"Outras";"Saída de Pista";"Com Vítimas Feridas";"Plena noite";"Decrescente";"Ceu Claro";"Simples";"Reta";"Rural";1;0;0;1;0;0;1;1
83458027;"20/04/16";"Quarta";"09:45:00";"SC";470;"99,2";"APIUNA";"Falta de atenção";"Colisão Transversal";"Sem Vítimas";"Pleno dia";"Decrescente";"Sol";"Simples";"Reta";"Urbano";2;0;0;0;2;0;0;2
83458028;"20/04/16";"Quarta";"17:15:00";"RS";392;"87,1";"PELOTAS";"Defeito mecânico em veículo";"Colisão traseira";"Com Vítimas Feridas";"Pleno dia";"Crescente";"Nublado";"Simples";"Reta";"Rural";3;0;1;0;2;0;1;2
83458029;"20/04/16";"Quarta";"18:00:00";"GO";153;"502";"GOIANIA";"Falta de atenção";"Colisão lateral";"Sem Vítimas";"Anoitecer";"Crescente";"Ceu Claro";"Dupla";"Reta";"Urbano";2;0;0;0;2;0;0;2
83458030;"20/04/16";"Quarta";"17:00:00";"SC";282;"530,7";"CORDILHEIRA ALTA";"Falta de atenção";"Colisão frontal";"Com Vítimas Fatais";"Pleno dia";"Crescente";"Sol";"Simples";"Curva";"Rural";5;1;0;1;3;0;1;4
83458031;"20/04/16";"Quarta";"17:35:00";"PR";376;"3,8";"APUCARANA";"Falta de atenção";"Atropelamento de pessoa";"Com Vítimas Feridas";"Pleno dia";"Crescente";"Ceu Claro";"Simples";"Reta";"Urbano";2;0;1;1;0;0;2;1
83458032;"20/04/16";"Quarta";"17:50:00";"AL";316;"269";"SATUBA";"Falta de atenção";"Colisão lateral";"Sem Vítimas";"Anoitecer";"Crescente";"Ceu Claro";"Simples";"Reta";"Urbano";2;0;0;0;1;1;0;2
83458033;"20/04/16";"Quarta";"18:30:00";"SP";116;"278,9";"EMBU";"Não guardar distância de segurança";"Colisão lateral";"Com Vítimas Feridas";"Pleno dia";"Crescente";"Ceu Claro";"Dupla";"Reta";"Urbano";3;0;1;0;1;1;1;2
83458034;"20/04/16";"Quarta";"10:30:00";"MA";316;"463,7";"CODO";"Velocidade incompatível";"Saída de Pista";"Com Vítimas Feridas";"Pleno dia";"Crescente";"Sol";"Simples";"Curva";"Rural";6;0;6;0;0;0;6;1
83458035;"20/04/16";"Quarta";"17:30:00";"RS";101;"45";"TERRA DE AREIA";"Falta de atenção";"Colisão Transversal";"Com Vítimas Feridas";"Pleno dia";"Decrescente";"Nublado";"Simples";"Cruzamento";"Urbano";2;0;1;0;1;0;1;2
83458036;"20/04/16";"Quarta";"19:30:00";"SP";116;"153,6";"SAO JOSE DOS CAMPOS";"Defeito mecânico em veículo";"Queda de motocicleta / bicicleta / veículo";"Com Vítimas Feridas";"Plena noite";"Crescente";"Ceu Claro";"Dupla";"Reta";"Urbano";2;0;2;0;0;0;2;1
83458037;"20/04/16";"Quarta";"17:45:00";"PR";277;"275,4";"PRUDENTOPOLIS";"Falta de atenção";"Colisão traseira";"Sem Vítimas";"Pleno dia";"Crescente";"Sol";"Simples";"Reta";"Rural";2;0;0;0;2;0;0;2
83458038;"20/04/16";"Quarta";"14:10:00";"PR";369;"133";"IBIPORA";"Falta de atenção";"Colisão Transversal";"Com Vítimas Feridas";"Pleno dia";"Decrescente";"Sol";"Dupla";"Cruzamento";"Rural";2;0;1;0;1;0;1;2
83458039;"18/04/16";"Segunda";"01:00:00";"RJ";101;"146";"MACAE";"Outras";"Colisão com objeto fixo";"Sem Vítimas";"Plena noite";"Decrescente";"Ceu Claro";"Simples";"Curva";"Rural";1;0;0;0;1;0;0;1
83458040;"20/04/16";"Quarta";"08:50:00";"MS";163;"213";"DOURADOS";"Outras";"Queda de motocicleta / bicicleta / veículo";"Com Vítimas Feridas";"Pleno dia";"Crescente";"Sol";"Simples";"Reta";"Rural";2;0;1;1;0;0;2;1
83458041;"20/04/16";"Quarta";"19:30:00";"GO";153;"584";"MORRINHOS";"Falta de atenção";"Saída de Pista";"Com Vítimas Feridas";"Plena noite";"Crescente";"Ceu Claro";"Dupla";"Curva";"Rural";3;0;0;3;0;0;3;1
83458042;"20/04/16";"Quarta";"17:40:00";"PR";116;"92";"SAO JOSE DOS PINHAIS";"Falta de atenção";"Colisão traseira";"Sem Vítimas";"Anoitecer";"Decrescente";"Ceu Claro";"Dupla";"Reta";"Rural";5;0;0;0;4;1;0;3
83458043;"20/04/16";"Quarta";"15:45:00";"PR";280;"286";"FLOR DA SERRA DO SUL";"Falta de atenção";"Colisão traseira";"Sem Vítimas";"Pleno dia";"Decrescente";"Nublado";"Simples";"Reta";"Rural";5;0;0;0;5;0;0;2
83458044;"20/04/16";"Quarta";"18:30:00";"PE";428;"173";"PETROLINA";"Desobediência à sinalização";"Colisão frontal";"Com Vítimas Feridas";"Anoitecer";"Crescente";"Ceu Claro";"Simples";"Reta";"Rural";3;0;1;1;1;0;2;2
83458045;"20/04/16";"Quarta";"07:25:00";"SC";282;"643,9";"SAO MIGUEL DOESTE";"Desobediência à sinalização";"Colisão Transversal";"Com Vítimas Feridas";"Pleno dia";"Decrescente";"Ceu Claro";"Simples";"Reta";"Rural";2;0;1;0;1;0;1;2
83458046;"20/04/16";"Quarta";"19:00:00";"PR";272;"387,6";"FAROL";"Desobediência à sinalização";"Colisão Transversal";"Com Vítimas Feridas";"Plena noite";"Crescente";"Nublado";"Simples";"Reta";"Rural";4;0;3;1;0;0;4;2
83458047;"20/04/16";"Quarta";"18:20:00";"SP";153;"75";"BADY BASSITT";"Defeito na via";"Capotamento";"Sem Vítimas";"Anoitecer";"Decrescente";"Ceu Claro";"Simples";"Cruzamento";"Rural";3;0;0;0;3;0;0;3
83458048;"16/04/16";"Sábado";"10:20:00";"PE";232;"83";"GRAVATA";"Defeito na via";"Colisão com objeto fixo";"Sem Vítimas";"Pleno dia";"Crescente";"Nublado";"Dupla";"Curva";"Urbano";1;0;0;0;1;0;0;1
83458049;"20/04/16";"Quarta";"16:32:00";"PA";316;"1";"ANANINDEUA";"Falta de atenção";"Colisão lateral";"Com Vítimas Feridas";"Pleno dia";"Crescente";"Nublado";"Dupla";"Reta";"Urbano";2;0;1;0;1;0;1;2
83458050;"20/04/16";"Quarta";"17:30:00";"MG";251;"516,5";"MONTES CLAROS";"Falta de atenção";"Queda de motocicleta / bicicleta / veículo";"Com Vítimas Feridas";"Pleno dia";"Decrescente";"Ceu Claro";"Simples";"Reta";"Rural";2;0;1;0;1;0;1;2
83458051;"20/04/16";"Quarta";"16:30:00";"PR";369;"202";"APUCARANA";"Defeito mecânico em veículo";"Colisão traseira";"Com Vítimas Feridas";"Pleno dia";"Decrescente";"Ceu Claro";"Simples";"Reta";"Urbano";4;0;1;0;3;0;1;3
83458052;"20/04/16";"Quarta";"18:30:00";"RS";285;"360,6";"CARAZINHO";"Velocidade incompatível";"Saída de Pista";"Sem Vítimas";"Anoitecer";"Crescente";"Ceu Claro";"Simples";"Curva";"Rural";1;0;0;0;1;0;0;1
83458053;"20/04/16";"Quarta";"10:00:00";"SP";116;"99";"PINDAMONHANGABA";"Outras";"Tombamento";"Com Vítimas Feridas";"Pleno dia";"Decrescente";"Sol";"Dupla";"Reta";"Rural";1;0;1;0;0;0;1;1
83458055;"20/04/16";"Quarta";"21:45:00";"PR";376;"158";"MANDAGUACU";"Outras";"Saída de Pista";"Sem Vítimas";"Plena noite";"Decrescente";"Ceu Claro";"Dupla";"Curva";"Urbano";2;0;0;0;1;1;0;2
83458056;"20/04/16";"Quarta";"18:50:00";"GO";364;"202";"JATAI";"Velocidade incompatível";"Tombamento";"Sem Vítimas";"Plena noite";"Crescente";"Ceu Claro";"Simples";"Curva";"Rural";1;0;0;0;1;0;0;1
83458058;"18/04/16";"Segunda";"16:20:00";"BA";242;"263";"IBIQUERA";"Falta de atenção";"Tombamento";"Com Vítimas Feridas";"Pleno dia";"Decrescente";"Ceu Claro";"Simples";"Curva";"Rural";1;0;1;0;0;0;1;1
83458059;"20/04/16";"Quarta";"22:18:00";"PR";277;"95,6";"CURITIBA";"Velocidade incompatível";"Colisão lateral";"Sem Vítimas";"Plena noite";"Decrescente";"Ceu Claro";"Dupla";"Reta";"Urbano";3;0;0;0;3;0;0;3
83458062;"16/04/16";"Sábado";"11:15:00";"GO";60;"1,1";"SANTO ANTONIO DO DESCOBERTO";"Outras";"Queda de motocicleta / bicicleta / veículo";"Com Vítimas Feridas";"Pleno dia";"Decrescente";"Sol";"Dupla";"Curva";"Rural";1;0;0;1;0;0;1;1
83458063;"20/04/16";"Quarta";"17:50:00";"MG";116;"621,5";"ORIZANIA";"Ultrapassagem indevida";"Colisão frontal";"Com Vítimas Feridas";"Anoitecer";"Crescente";"Ceu Claro";"Simples";"Reta";"Urbano";4;0;1;1;2;0;2;2
83458064;"20/04/16";"Quarta";"21:50:00";"MS";163;"264,8";"DOURADOS";"Falta de atenção";"Colisão traseira";"Com Vítimas Feridas";"Plena noite";"Crescente";"Ceu Claro";"Dupla";"Curva";"Urbano";2;0;1;0;1;0;1;2
83458065;"16/04/16";"Sábado";"21:45:00";"ES";101;"83,5";"SAO MATEUS";"Não guardar distância de segurança";"Colisão traseira";"Com Vítimas Feridas";"Plena noite";"Decrescente";"Ceu Claro";"Simples";"Reta";"Rural";4;0;3;0;0;1;3;2
83458066;"20/04/16";"Quarta";"11:55:00";"MG";116;"204";"CATUJI";"Defeito mecânico em veículo";"Tombamento";"Com Vítimas Feridas";"Pleno dia";"Decrescente";"Sol";"Simples";"Curva";"Rural";1;0;0;1;0;0;1;1
83458067;"20/04/16";"Quarta";"23:55:00";"RJ";101;"307";"SAO GONCALO";"Dormindo";"Capotamento";"Com Vítimas Feridas";"Plena noite";"Decrescente";"Nublado";"Dupla";"Reta";"Urbano";1;0;1;0;0;0;1;1
83458068;"20/04/16";"Quarta";"18:10:00";"MS";163;"184,6";"JUTI";"Desobediência à sinalização";"Colisão Transversal";"Com Vítimas Feridas";"Anoitecer";"Crescente";"Ceu Claro";"Simples";"Reta";"Rural";4;0;0;2;2;0;2;2
83458069;"20/04/16";"Quarta";"22:22:00";"PR";376;"133,6";"NOVA ESPERANCA";"Animais na Pista";"Atropelamento de animal";"Sem Vítimas";"Plena noite";"Decrescente";"Ceu Claro";"Simples";"Reta";"Rural";1;0;0;0;1;0;0;1
83458070;"20/04/16";"Quarta";"20:10:00";"SP";116;"347";"MIRACATU";"Defeito mecânico em veículo";"Saída de Pista";"Com Vítimas Feridas";"Plena noite";"Crescente";"Ceu Claro";"Dupla";"Curva";"Rural";1;0;1;0;0;0;1;1
83458071;"20/04/16";"Quarta";"23:37:00";"SC";101;"290,6";"IMBITUBA";"Não guardar distância de segurança";"Colisão traseira";"Com Vítimas Feridas";"Plena noite";"Crescente";"Nublado";"Dupla";"Reta";"Urbano";2;0;1;0;1;0;1;2
83458072;"20/04/16";"Quarta";"18:45:00";"SC";470;"68,7";"INDAIAL";"Falta de atenção";"Colisão Transversal";"Com Vítimas Feridas";"Plena noite";"Crescente";"Ceu Claro";"Simples";"Reta";"Urbano";2;0;1;0;1;0;1;2
83458073;"20/04/16";"Quarta";"13:40:00";"AP";156;"330,3";"PORTO GRANDE";"Velocidade incompatível";"Saída de Pista";"Com Vítimas Feridas";"Pleno dia";"Crescente";"Chuva";"Simples";"Reta";"Rural";1;0;1;0;0;0;1;1
83458074;"20/04/16";"Quarta";"22:30:00";"RS";101;"35";"TRES CACHOEIRAS";"Ingestão de álcool";"Saída de Pista";"Sem Vítimas";"Plena noite";"Crescente";"Nublado";"Dupla";"Reta";"Rural";1;0;0;0;1;0;0;1
83458075;"20/04/16";"Quarta";"19:45:00";"MG";381;"449";"SABARA";"Outras";"Colisão lateral";"Com Vítimas Feridas";"Plena noite";"Crescente";"Nublado";"Simples";"Reta";"Rural";2;0;0;1;1;0;1;2
83458076;"20/04/16";"Quarta";"07:25:00";"AL";101;"72,6";"MESSIAS";"Falta de atenção";"Colisão traseira";"Sem Vítimas";"Pleno dia";"Decrescente";"Chuva";"Simples";"Curva";"Urbano";3;0;0;0;3;0;0;3
83458077;"20/04/16";"Quarta";"23:00:00";"SP";116;"501";"CAJATI";"Falta de atenção";"Colisão lateral";"Sem Vítimas";"Plena noite";"Crescente";"Ceu Claro";"Simples";"Reta";"Rural";2;0;0;0;2;0;0;2
83458078;"20/04/16";"Quarta";"15:30:00";"MA";10;"250";"IMPERATRIZ";"Falta de atenção";"Colisão lateral";"Sem Vítimas";"Pleno dia";"Crescente";"Sol";"Simples";"Reta";"Urbano";2;0;0;0;2;0;0;2
83458079;"11/03/16";"Sexta";"17:00:00";"PR";153;"349";"REBOUCAS";"Falta de atenção";"Colisão lateral";"Com Vítimas Feridas";"Pleno dia";"Crescente";"Sol";"Simples";"Reta";"Rural";2;0;0;1;0;1;1;2
83458080;"20/04/16";"Quarta";"23:25:00";"MG";153;"210";"FRUTAL";"Falta de atenção";"Saída de Pista";"Sem Vítimas";"Plena noite";"Crescente";"Ceu Claro";"Simples";"Cruzamento";"Rural";1;0;0;0;1;0;0;1
83458081;"21/04/16";"Quinta";"01:00:00";"RS";290;"61";"PORTO ALEGRE";"Dormindo";"Saída de Pista";"Com Vítimas Feridas";"Plena noite";"Crescente";"Ceu Claro";"Dupla";"Reta";"Urbano";1;0;1;0;0;0;1;1
83458082;"19/04/16";"Terça";"07:15:00";"SC";101;"35,3";"JOINVILLE";"Outras";"Colisão traseira";"Com Vítimas Feridas";"Pleno dia";"Crescente";"Ceu Claro";"Dupla";"Reta";"Urbano";3;0;1;0;1;1;1;2
83458083;"20/04/16";"Quarta";"21:20:00";"MS";262;"347,2";"CAMPO GRANDE";"Outras";"Colisão lateral";"Com Vítimas Feridas";"Plena noite";"Crescente";"Ceu Claro";"Simples";"Reta";"Rural";4;0;4;0;0;0;4;2
83458084;"20/04/16";"Quarta";"19:40:00";"MS";158;"43";"PARANAIBA";"Defeito na via";"Tombamento";"Com Vítimas Feridas";"Plena noite";"Crescente";"Ceu Claro";"Simples";"Reta";"Rural";1;0;0;1;0;0;1;1
83458085;"20/04/16";"Quarta";"11:40:00";"ES";101;"125";"LINHARES";"Outras";"Colisão traseira";"Com Vítimas Feridas";"Pleno dia";"Decrescente";"Nublado";"Simples";"Reta";"Urbano";3;0;1;0;2;0;1;2
83458087;"21/04/16";"Quinta";"00:15:00";"SC";116;"18";"MAFRA";"Ingestão de álcool";"Colisão frontal";"Sem Vítimas";"Plena noite";"Crescente";"Ceu Claro";"Simples";"Reta";"Rural";2;0;0;0;2;0;0;2
83458088;"21/04/16";"Quinta";"03:05:00";"BA";324;"624";"SALVADOR";"Dormindo";"Saída de Pista";"Sem Vítimas";"Plena noite";"Crescente";"Ceu Claro";"Dupla";"Reta";"Rural";1;0;0;0;1;0;0;1
83458089;"20/04/16";"Quarta";"21:30:00";"BA";116;"506";"SANTA TERESINHA";"Outras";"Capotamento";"Com Vítimas Feridas";"Plena noite";"Crescente";"Ceu Claro";"Simples";"Reta";"Rural";1;0;1;0;0;0;1;1
83458090;"20/04/16";"Quarta";"21:50:00";"MS";60;"408,6";"SIDROLANDIA";"Outras";"Colisão frontal";"Com Vítimas Fatais";"Plena noite";"Decrescente";"Ceu Claro";"Simples";"Reta";"Rural";7;1;1;1;4;0;2;2
83458091;"20/04/16";"Quarta";"13:25:00";"RN";226;"171,8";"CURRAIS NOVOS";"Dormindo";"Capotamento";"Sem Vítimas";"Pleno dia";"Crescente";"Ceu Claro";"Simples";"Reta";"Rural";1;0;0;0;1;0;0;1
83458092;"21/04/16";"Quinta";"03:30:00";"SC";101;"95";"BARRA VELHA";"Falta de atenção";"Colisão lateral";"Sem Vítimas";"Plena noite";"Crescente";"Ceu Claro";"Dupla";"Curva";"Rural";2;0;0;0;1;1;0;2
83458093;"20/04/16";"Quarta";"22:55:00";"RS";290;"91";"PORTO ALEGRE";"Outras";"Saída de Pista";"Sem Vítimas";"Plena noite";"Crescente";"Ceu Claro";"Dupla";"Reta";"Rural";1;0;0;0;1;0;0;1
83458094;"21/04/16";"Quinta";"00:05:00";"SC";101;"88,7";"BARRA VELHA";"Ingestão de álcool";"Saída de Pista";"Sem Vítimas";"Plena noite";"Decrescente";"Ceu Claro";"Dupla";"Reta";"Urbano";1;0;0;0;1;0;0;1
83458095;"21/04/16";"Quinta";"02:30:00";"PI";343;"601";"FLORIANO";"Animais na Pista";"Colisão com objeto fixo";"Sem Vítimas";"Plena noite";"Crescente";"Ceu Claro";"Simples";"Reta";"Urbano";1;0;0;0;1;0;0;1
83458096;"20/04/16";"Quarta";"10:06:00";"BA";116;"815,8";"VITORIA DA CONQUISTA";"Falta de atenção";"Colisão Transversal";"Com Vítimas Feridas";"Pleno dia";"Decrescente";"Nublado";"Simples";"Reta";"Urbano";2;0;1;0;1;0;1;2
83458097;"21/04/16";"Quinta";"00:05:00";"MA";10;"266,9";"IMPERATRIZ";"Não guardar distância de segurança";"Colisão traseira";"Sem Vítimas";"Plena noite";"Decrescente";"Ceu Claro";"Simples";"Reta";"Rural";2;0;0;0;2;0;0;2
83458098;"21/04/16";"Quinta";"02:10:00";"RS";290;"643,6";"URUGUAIANA";"Dormindo";"Saída de Pista";"Com Vítimas Feridas";"Plena noite";"Crescente";"Chuva";"Simples";"Reta";"Rural";1;0;1;0;0;0;1;1
83458099;"21/04/16";"Quinta";"02:40:00";"MG";40;"591,9";"ITABIRITO";"Velocidade incompatível";"Colisão com objeto fixo";"Sem Vítimas";"Plena noite";"Decrescente";"Ceu Claro";"Dupla";"Curva";"Rural";1;0;0;0;1;0;0;1
83458100;"21/04/16";"Quinta";"04:00:00";"SC";101;"193";"BIGUACU";"Ingestão de álcool";"Colisão traseira";"Com Vítimas Feridas";"Plena noite";"Decrescente";"Ceu Claro";"Dupla";"Reta";"Urbano";3;0;0;1;2;0;1;2
83458101;"20/04/16";"Quarta";"11:00:00";"ES";101;"146,5";"LINHARES";"Desobediência à sinalização";"Atropelamento de pessoa";"Com Vítimas Feridas";"Pleno dia";"Crescente";"Ceu Claro";"Simples";"Reta";"Urbano";2;0;2;0;0;0;2;1
83458102;"20/04/16";"Quarta";"07:50:00";"RS";290;"103";"PORTO ALEGRE";"Falta de atenção";"Colisão traseira";"Com Vítimas Feridas";"Pleno dia";"Decrescente";"Ceu Claro";"Dupla";"Reta";"Rural";7;0;3;0;4;0;3;4