"id";"data_inversa";"dia_semana";"horario";"uf";"br";"km";"municipio";"causa_acidente";"tipo_acidente";"classificacao_acidente";"fase_dia";"sentido_via";"condicao_metereologica";"tipo_pista";"tracado_via";"uso_solo";"pessoas";"mortos";"feridos_leves";"feridos_graves";"ilesos";"ignorados";"feridos";"veiculos"
83458215;"21/04/16";"Quinta";"10:25:00";"GO";153;"508";"APARECIDA DE GOIANIA";"Falta de atenção";"Colisão com objeto fixo";"Com Vítimas Feridas";"Pleno dia";"Decrescente";"Ceu Claro";"Dupla";"Reta";"Urbano";1;0;1;0;0;0;1;1
83458216;"12/01/16";"Terça";"22:00:00";"RN";101;"14,6";"RIO DO FOGO";"Falta de atenção";"Queda de motocicleta / bicicleta / veículo";"Com Vítimas Fatais";"Plena noite";"Crescente";"Ceu Claro";"Simples";"Reta";"Rural";2;1;0;0;1;0;0;2
83458217;"10/04/16";"Domingo";"05:45:00";"SC";101;"224";"PALHOCA";"Outras";"Saída de Pista";"Com Vítimas Fatais";"Amanhecer";"Decrescente";"Chuva";"Dupla";"Reta";"Urbano";1;1;0;0;0;0;0;1
83458218;"21/04/16";"Quinta";"08:20:00";"MG";116;"489,9";"INHAPIM";"Velocidade incompatível";"Tombamento";"Com Vítimas Feridas";"Pleno dia";"Decrescente";"Ceu Claro";"Simples";"Curva";"Rural";2;0;2;0;0;0;2;1
83458219;"18/04/16";"Segunda";"02:35:00";"PB";230;"25,5";"JOAO PESSOA";"Outras";"Capotamento";"Com Vítimas Feridas";"Plena noite";"Decrescente";"Chuva";"Dupla";"Reta";"Urbano";1;0;1;0;0;0;1;1
83458220;"21/04/16";"Quinta";"13:40:00";"RJ";40;"121";"DUQUE DE CAXIAS";"Outras";"Colisão com objeto fixo";"Com Vítimas Feridas";"Pleno dia";"Decrescente";"Ceu Claro";"Dupla";"Curva";"Urbano";2;0;1;0;1;0;1;1
83458221;"20/04/16";"Quarta";"06:00:00";"MS";262;"247,7";"RIBAS DO RIO PARDO";"Outras";"Tombamento";"Com Vítimas Fatais";"Amanhecer";"Crescente";"Ceu Claro";"Simples";"Reta";"Rural";2;1;0;1;0;0;1;1
83458222;"18/04/16";"Segunda";"08:07:00";"RJ";40;"32,9";"AREAL";"Outras";"Colisão com objeto fixo";"Sem Vítimas";"Pleno dia";"Crescente";"Ceu Claro";"Dupla";"Reta";"Rural";1;0;0;0;1;0;0;1
83458223;"21/04/16";"Quinta";"10:00:00";"PR";376;"323";"ORTIGUEIRA";"Outras";"Derramamento de Carga";"Sem Vítimas";"Pleno dia";"Decrescente";"Ceu Claro";"Simples";"Curva";"Rural";3;0;0;0;3;0;0;3
83458224;"21/04/16";"Quinta";"13:20:00";"RJ";101;"309";"SAO GONCALO";"Outras";"Colisão lateral";"Com Vítimas Feridas";"Pleno dia";"Decrescente";"Ceu Claro";"Dupla";"Reta";"Urbano";2;0;1;0;1;0;1;2
83458225;"20/04/16";"Quarta";"20:15:00";"PA";316;"8";"ANANINDEUA";"Não guardar distância de segurança";"Colisão lateral";"Com Vítimas Fatais";"Plena noite";"Crescente";"Ceu Claro";"Dupla";"Reta";"Urbano";2;1;0;0;1;0;0;2
83458227;"21/04/16";"Quinta";"11:40:00";"SC";282;"212,1";"LAGES";"Desobediência à sinalização";"Colisão lateral";"Com Vítimas Feridas";"Pleno dia";"Crescente";"Ceu Claro";"Simples";"Cruzamento";"Rural";2;0;1;0;1;0;1;2
83458228;"01/04/16";"Sexta";"14:40:00";"RJ";116;"135";"MAGE";"Outras";"Colisão traseira";"Com Vítimas Feridas";"Pleno dia";"Crescente";"Ceu Claro";"Dupla";"Reta";"Urbano";3;0;0;2;1;0;2;2
83458229;"21/04/16";"Quinta";"10:30:00";"PI";316;"5,1";"TERESINA";"Defeito mecânico em veículo";"Colisão traseira";"Com Vítimas Feridas";"Pleno dia";"Crescente";"Ceu Claro";"Múltipla";"Reta";"Urbano";2;0;0;1;1;0;1;2
83458231;"21/04/16";"Quinta";"15:40:00";"MG";116;"766";"LEOPOLDINA";"Não guardar distância de segurança";"Colisão traseira";"Sem Vítimas";"Pleno dia";"Decrescente";"Ceu Claro";"Simples";"Reta";"Urbano";7;0;0;0;7;0;0;2
83458232;"12/03/16";"Sábado";"08:05:00";"ES";101;"266";"SERRA";"Outras";"Atropelamento de pessoa";"Com Vítimas Feridas";"Pleno dia";"Crescente";"Sol";"Múltipla";"Cruzamento";"Urbano";2;0;1;0;1;0;1;1
83458233;"21/04/16";"Quinta";"15:35:00";"RS";290;"479";"ROSARIO DO SUL";"Animais na Pista";"Colisão traseira";"Sem Vítimas";"Pleno dia";"Crescente";"Nublado";"Simples";"Reta";"Urbano";5;0;0;0;5;0;0;2
83458234;"20/04/16";"Quarta";"11:45:00";"RS";290;"93";"PORTO ALEGRE";"Falta de atenção";"Colisão lateral";"Sem Vítimas";"Pleno dia";"Decrescente";"Nublado";"Dupla";"Curva";"Urbano";3;0;0;0;3;0;0;2
83458235;"18/04/16";"Segunda";"08:30:00";"RJ";40;"105";"DUQUE DE CAXIAS";"Falta de atenção";"Colisão traseira";"Com Vítimas Feridas";"Pleno dia";"Decrescente";"Sol";"Múltipla";"Reta";"Urbano";2;0;1;0;1;0;1;2
83458236;"21/04/16";"Quinta";"12:30:00";"BA";116;"22,7";"VITORIA DA CONQUISTA";"Velocidade incompatível";"Capotamento";"Com Vítimas Feridas";"Pleno dia";"Decrescente";"Chuva";"Simples";"Curva";"Urbano";4;0;3;1;0;0;4;1
83458237;"21/04/16";"Quinta";"08:15:00";"RJ";40;"19";"TRES RIOS";"Ingestão de álcool";"Colisão lateral";"Com Vítimas Feridas";"Pleno dia";"Decrescente";"Ceu Claro";"Dupla";"Curva";"Rural";2;0;1;0;1;0;1;2
83458238;"21/04/16";"Quinta";"11:20:00";"BA";101;"328";"PRESIDENTE TANCREDO NEVES";"Falta de atenção";"Colisão Transversal";"Com Vítimas Feridas";"Pleno dia";"Crescente";"Nublado";"Simples";"Reta";"Rural";2;0;1;0;1;0;1;2
83458239;"21/04/16";"Quinta";"07:30:00";"PI";316;"151,2";"ELESBAO VELOSO";"Falta de atenção";"Capotamento";"Com Vítimas Feridas";"Pleno dia";"Crescente";"Ceu Claro";"Simples";"Curva";"Rural";1;0;1;0;0;0;1;1
83458240;"21/04/16";"Quinta";"08:30:00";"RS";392;"207";"SANTANA DA BOA VISTA";"Outras";"Colisão lateral";"Sem Vítimas";"Pleno dia";"Decrescente";"Chuva";"Simples";"Curva";"Rural";2;0;0;0;2;0;0;2
83458241;"21/04/16";"Quinta";"13:45:00";"MG";459;"104";"POUSO ALEGRE";"Falta de atenção";"Colisão lateral";"Sem Vítimas";"Pleno dia";"Crescente";"Sol";"Dupla";"Reta";"Urbano";2;0;0;0;2;0;0;2
83458242;"21/04/16";"Quinta";"16:00:00";"SC";101;"80";"BARRA VELHA";"Falta de atenção";"Colisão traseira";"Sem Vítimas";"Pleno dia";"Crescente";"Sol";"Múltipla";"Reta";"Rural";3;0;0;0;3;0;0;3
83458243;"21/04/16";"Quinta";"09:25:00";"MG";365;"430,7";"PATOS DE MINAS";"Defeito mecânico em veículo";"Tombamento";"Com Vítimas Feridas";"Amanhecer";"Decrescente";"Ceu Claro";"Simples";"Curva";"Rural";15;0;4;0;1;10;4;1
83458244;"17/04/16";"Domingo";"20:15:00";"PR";277;"700,3";"SAO MIGUEL DO IGUACU";"Defeito na via";"Queda de motocicleta / bicicleta / veículo";"Com Vítimas Feridas";"Plena noite";"Crescente";"Ceu Claro";"Dupla";"Reta";"Rural";2;0;2;0;0;0;2;1
83458245;"21/04/16";"Quinta";"14:45:00";"PR";277;"693";"SAO MIGUEL DO IGUACU";"Desobediência à sinalização";"Colisão Transversal";"Com Vítimas Feridas";"Pleno dia";"Decrescente";"Ceu Claro";"Dupla";"Reta";"Rural";12;0;1;1;10;0;2;2
83458246;"21/04/16";"Quinta";"15:40:00";"PE";407;"124,1";"PETROLINA";"Não guardar distância de segurança";"Colisão traseira";"Sem Vítimas";"Pleno dia";"Decrescente";"Ceu Claro";"Dupla";"Cruzamento";"Urbano";2;0;0;0;2;0;0;2
83458247;"21/04/16";"Quinta";"10:30:00";"MG";381;"622,1";"OLIVEIRA";"Dormindo";"Colisão com objeto fixo";"Com Vítimas Fatais";"Pleno dia";"Decrescente";"Ceu Claro";"Dupla";"Curva";"Rural";1;1;0;0;0;0;0;1
83458248;"21/04/16";"Quinta";"09:10:00";"RS";285;"533,9";"SAO MIGUEL DAS MISSOES";"Velocidade incompatível";"Saída de Pista";"Sem Vítimas";"Pleno dia";"Decrescente";"Chuva";"Simples";"Reta";"Rural";1;0;0;0;1;0;0;1
83458249;"21/01/16";"Quinta";"12:30:00";"MG";381;"560";"ITAGUARA";"Velocidade incompatível";"Tombamento";"Com Vítimas Feridas";"Pleno dia";"Crescente";"Ceu Claro";"Dupla";"Curva";"Rural";1;0;1;0;0;0;1;1
83458250;"17/04/16";"Domingo";"13:00:00";"MG";381;"501";"BETIM";"Outras";"Colisão com bicicleta";"Com Vítimas Feridas";"Pleno dia";"Decrescente";"Ceu Claro";"Dupla";"Reta";"Rural";2;0;1;1;0;0;2;2
83458251;"21/04/16";"Quinta";"13:00:00";"PI";343;"300";"ALTOS";"Falta de atenção";"Queda de motocicleta / bicicleta / veículo";"Com Vítimas Feridas";"Pleno dia";"Decrescente";"Ceu Claro";"Simples";"Curva";"Rural";1;0;1;0;0;0;1;1
83458252;"09/04/16";"Sábado";"20:15:00";"DF";40;"4";"BRASILIA";"Falta de atenção";"Colisão lateral";"Com Vítimas Feridas";"Plena noite";"Crescente";"Ceu Claro";"Dupla";"Reta";"Urbano";2;0;1;0;1;0;1;2
83458253;"21/04/16";"Quinta";"15:55:00";"MG";40;"552";"NOVA LIMA";"Outras";"Capotamento";"Com Vítimas Feridas";"Pleno dia";"Crescente";"Ceu Claro";"Dupla";"Reta";"Urbano";2;0;0;2;0;0;2;1
83458254;"21/04/16";"Quinta";"17:10:00";"BA";116;"434";"FEIRA DE SANTANA";"Velocidade incompatível";"Colisão com objeto fixo";"Sem Vítimas";"Pleno dia";"Decrescente";"Sol";"Dupla";"Reta";"Rural";1;0;0;0;1;0;0;1
83458255;"21/04/16";"Quinta";"15:30:00";"MG";50;"150,5";"UBERABA";"Defeito mecânico em veículo";"Saída de Pista";"Sem Vítimas";"Pleno dia";"Decrescente";"Ceu Claro";"Dupla";"Reta";"Rural";1;0;0;0;1;0;0;1
83458256;"21/04/16";"Quinta";"15:00:00";"SC";280;"23,7";"ARAQUARI";"Outras";"Queda de motocicleta / bicicleta / veículo";"Com Vítimas Feridas";"Pleno dia";"Crescente";"Ceu Claro";"Simples";"Reta";"Urbano";1;0;0;1;0;0;1;1
83458257;"21/04/16";"Quinta";"14:00:00";"PR";277;"19";"MORRETES";"Outras";"Tombamento";"Sem Vítimas";"Pleno dia";"Crescente";"Ceu Claro";"Dupla";"Reta";"Urbano";1;0;0;0;1;0;0;1
83458258;"21/04/16";"Quinta";"10:05:00";"PE";232;"22";"MORENO";"Velocidade incompatível";"Colisão com objeto fixo";"Com Vítimas Feridas";"Pleno dia";"Crescente";"Sol";"Dupla";"Reta";"Urbano";1;0;1;0;0;0;1;1
83458259;"21/04/16";"Quinta";"12:00:00";"GO";20;"20";"FORMOSA";"Falta de atenção";"Colisão Transversal";"Com Vítimas Feridas";"Pleno dia";"Crescente";"Sol";"Simples";"Reta";"Rural";3;0;2;0;1;0;2;2
83458260;"21/04/16";"Quinta";"08:15:00";"CE";20;"358,9";"MARANGUAPE";"Outras";"Tombamento";"Sem Vítimas";"Pleno dia";"Decrescente";"Ceu Claro";"Dupla";"Reta";"Rural";1;0;0;0;1;0;0;1
83458261;"16/04/16";"Sábado";"16:25:00";"SP";116;"65";"GUARATINGUETA";"Defeito mecânico em veículo";"Derramamento de Carga";"Sem Vítimas";"Pleno dia";"Decrescente";"Sol";"Dupla";"Reta";"Rural";1;0;0;0;1;0;0;1
83458262;"17/04/16";"Domingo";"03:10:00";"BA";101;"157";"CONCEICAO DO JACUIPE";"Desobediência à sinalização";"Colisão frontal";"Com Vítimas Fatais";"Plena noite";"Crescente";"Nublado";"Simples";"Reta";"Rural";4;2;1;0;0;1;1;2
83458263;"21/04/16";"Quinta";"10:00:00";"PR";376;"550";"PALMEIRA";"Velocidade incompatível";"Colisão traseira";"Sem Vítimas";"Pleno dia";"Crescente";"Ceu Claro";"Dupla";"Reta";"Rural";2;0;0;0;2;0;0;2
83458264;"13/04/16";"Quarta";"19:50:00";"PR";277;"117";"CAMPO LARGO";"Desobediência à sinalização";"Colisão traseira";"Com Vítimas Feridas";"Plena noite";"Crescente";"Ceu Claro";"Dupla";"Curva";"Urbano";2;0;1;0;1;0;1;2
83458265;"21/04/16";"Quinta";"14:40:00";"MG";381;"603,8";"OLIVEIRA";"Falta de atenção";"Colisão Transversal";"Com Vítimas Feridas";"Pleno dia";"Decrescente";"Ceu Claro";"Dupla";"Curva";"Rural";8;0;5;0;3;0;5;2
83458266;"13/04/16";"Quarta";"09:35:00";"PR";277;"117";"CAMPO LARGO";"Defeito mecânico em veículo";"Colisão traseira";"Com Vítimas Feridas";"Pleno dia";"Decrescente";"Ceu Claro";"Dupla";"Reta";"Rural";2;0;0;1;1;0;1;2
83458267;"10/04/16";"Domingo";"00:05:00";"RJ";393;"279";"BARRA DO PIRAI";"Falta de atenção";"Colisão frontal";"Com Vítimas Feridas";"Plena noite";"Decrescente";"Ceu Claro";"Simples";"Reta";"Urbano";2;0;1;0;1;0;1;2
83458268;"21/04/16";"Quinta";"15:35:00";"RN";101;"122,5";"SAO JOSE DE MIPIBU";"Outras";"Queda de motocicleta / bicicleta / veículo";"Com Vítimas Feridas";"Pleno dia";"Crescente";"Ceu Claro";"Dupla";"Reta";"Rural";1;0;0;1;0;0;1;1
83458269;"17/04/16";"Domingo";"16:45:00";"BA";324;"620";"SALVADOR";"Outras";"Queda de motocicleta / bicicleta / veículo";"Com Vítimas Feridas";"Pleno dia";"Crescente";"Chuva";"Dupla";"Curva";"Urbano";2;0;2;0;0;0;2;1
83458270;"17/04/16";"Domingo";"21:25:00";"SP";116;"219";"GUARULHOS";"Outras";"Colisão com objeto fixo";"Ignorado";"Plena noite";"Crescente";"Nublado";"Simples";"Reta";"Urbano";1;0;0;0;0;1;0;1
83458271;"19/04/16";"Terça";"11:00:00";"BA";101;"544";"SAO JOSE DA VITORIA";"Outras";"Capotamento";"Sem Vítimas";"Pleno dia";"Decrescente";"Chuva";"Simples";"Curva";"Rural";1;0;0;0;1;0;0;1
83458272;"17/04/16";"Domingo";"16:10:00";"MG";40;"524";"RIBEIRAO DAS NEVES";"Outras";"Capotamento";"Sem Vítimas";"Pleno dia";"Crescente";"Ceu Claro";"Dupla";"Reta";"Urbano";1;0;0;0;1;0;0;1
83458273;"21/04/16";"Quinta";"18:00:00";"MG";262;"37,4";"MANHUACU";"Falta de atenção";"Colisão Transversal";"Com Vítimas Feridas";"Anoitecer";"Crescente";"Ceu Claro";"Simples";"Curva";"Urbano";3;0;2;0;1;0;2;2
83458274;"21/04/16";"Quinta";"09:30:00";"BA";101;"544";"SAO JOSE DA VITORIA";"Outras";"Capotamento";"Com Vítimas Feridas";"Pleno dia";"Decrescente";"Chuva";"Simples";"Curva";"Rural";1;0;1;0;0;0;1;1
83458276;"06/02/16";"Sábado";"00:10:00";"RJ";101;"411";"ITAGUAI";"Dormindo";"Capotamento";"Com Vítimas Feridas";"Plena noite";"Crescente";"Ceu Claro";"Dupla";"Reta";"Urbano";4;0;3;0;1;0;3;1
83458277;"21/04/16";"Quinta";"09:30:00";"SC";470;"245,9";"CURITIBANOS";"Falta de atenção";"Colisão traseira";"Sem Vítimas";"Pleno dia";"Crescente";"Ceu Claro";"Simples";"Curva";"Urbano";2;0;0;0;2;0;0;2
83458278;"21/04/16";"Quinta";"17:40:00";"PR";476;"174";"CONTENDA";"Ingestão de álcool";"Saída de Pista";"Com Vítimas Feridas";"Pleno dia";"Crescente";"Sol";"Simples";"Curva";"Rural";1;0;1;0;0;0;1;1
83458279;"21/04/16";"Quinta";"17:50:00";"CE";116;"67,2";"CHOROZINHO";"Falta de atenção";"Colisão Transversal";"Com Vítimas Feridas";"Anoitecer";"Crescente";"Nublado";"Simples";"Cruzamento";"Urbano";3;0;2;0;1;0;2;2
83458280;"21/04/16";"Quinta";"18:20:00";"PR";277;"67,6";"SAO JOSE DOS PINHAIS";"Velocidade incompatível";"Queda de motocicleta / bicicleta / veículo";"Com Vítimas Feridas";"Plena noite";"Decrescente";"Ceu Claro";"Dupla";"Reta";"Urbano";2;0;2;0;0;0;2;1
83458281;"21/04/16";"Quinta";"14:10:00";"RS";116;"475,5";"SAO LOURENCO DO SUL";"Outras";"Colisão frontal";"Com Vítimas Fatais";"Pleno dia";"Decrescente";"Chuva";"Simples";"Curva";"Rural";5;2;0;1;1;1;1;3
83458282;"21/04/16";"Quinta";"17:30:00";"PA";316;"62,3";"CASTANHAL";"Desobediência à sinalização";"Colisão Transversal";"Com Vítimas Feridas";"Pleno dia";"Crescente";"Chuva";"Dupla";"Reta";"Urbano";2;0;1;1;0;0;2;2
83458283;"21/04/16";"Quinta";"12:45:00";"SP";381;"87,5";"GUARULHOS";"Outras";"Colisão com objeto móvel";"Com Vítimas Feridas";"Pleno dia";"Crescente";"Ceu Claro";"Múltipla";"Reta";"Urbano";1;0;1;0;0;0;1;1
83458284;"21/04/16";"Quinta";"17:30:00";"SP";381;"87,9";"GUARULHOS";"Outras";"Queda de motocicleta / bicicleta / veículo";"Com Vítimas Feridas";"Pleno dia";"Decrescente";"Ceu Claro";"Dupla";"Reta";"Urbano";2;0;2;0;0;0;2;1
83458285;"21/04/16";"Quinta";"17:36:00";"SC";280;"234,4";"CANOINHAS";"Outras";"Colisão lateral";"Sem Vítimas";"Anoitecer";"Crescente";"Ceu Claro";"Simples";"Reta";"Urbano";3;0;0;0;2;1;0;2
83458287;"21/04/16";"Quinta";"17:20:00";"MS";163;"85,2";"ITAQUIRAI";"Defeito mecânico em veículo";"Saída de Pista";"Com Vítimas Feridas";"Pleno dia";"Crescente";"Ceu Claro";"Simples";"Reta";"Rural";1;0;1;0;0;0;1;1
83458288;"21/04/16";"Quinta";"19:00:00";"PI";404;"9";"PIRIPIRI";"Animais na Pista";"Atropelamento de animal";"Com Vítimas Feridas";"Plena noite";"Crescente";"Ceu Claro";"Simples";"Reta";"Urbano";1;0;1;0;0;0;1;1
83458289;"21/04/16";"Quinta";"16:30:00";"GO";60;"329,6";"ACREUNA";"Outras";"Saída de Pista";"Sem Vítimas";"Pleno dia";"Crescente";"Sol";"Dupla";"Reta";"Rural";1;0;0;0;1;0;0;1
83458290;"21/04/16";"Quinta";"13:00:00";"MG";354;"761,9";"ITAMONTE";"Velocidade incompatível";"Capotamento";"Com Vítimas Feridas";"Pleno dia";"Decrescente";"Ceu Claro";"Simples";"Curva";"Rural";2;0;1;0;1;0;1;1
83458292;"21/04/16";"Quinta";"19:20:00";"PA";316;"152";"CAPANEMA";"Ultrapassagem indevida";"Colisão frontal";"Com Vítimas Feridas";"Plena noite";"Decrescente";"Nublado";"Simples";"Reta";"Urbano";3;0;0;1;1;1;1;3
83458293;"21/04/16";"Quinta";"18:15:00";"SC";101;"205";"SAO JOSE";"Falta de atenção";"Queda de motocicleta / bicicleta / veículo";"Com Vítimas Feridas";"Anoitecer";"Decrescente";"Ceu Claro";"Simples";"Reta";"Urbano";2;0;0;1;1;0;1;1
83458294;"21/04/16";"Quinta";"11:50:00";"ES";101;"0,2";"SERRA";"Não guardar distância de segurança";"Colisão lateral";"Com Vítimas Feridas";"Pleno dia";"Crescente";"Sol";"Múltipla";"Reta";"Urbano";2;0;1;0;1;0;1;2
83458295;"21/04/16";"Quinta";"14:30:00";"PB";101;"94,2";"CONDE";"Defeito na via";"Saída de Pista";"Com Vítimas Feridas";"Pleno dia";"Crescente";"Chuva";"Dupla";"Reta";"Urbano";2;0;2;0;0;0;2;1
83458296;"21/04/16";"Quinta";"18:40:00";"SC";282;"589,3";"SAUDADES";"Falta de atenção";"Saída de Pista";"Sem Vítimas";"Plena noite";"Decrescente";"Ceu Claro";"Simples";"Curva";"Rural";2;0;0;0;2;0;0;1
83458297;"16/04/16";"Sábado";"19:15:00";"MG";116;"190,6";"CARAI";"Ingestão de álcool";"Colisão lateral";"Com Vítimas Feridas";"Plena noite";"Decrescente";"Ignorada";"Simples";"Curva";"Rural";3;0;1;1;1;0;2;2
83458298;"18/04/16";"Segunda";"06:40:00";"MG";381;"492,5";"BETIM";"Defeito mecânico em veículo";"Colisão traseira";"Sem Vítimas";"Pleno dia";"Crescente";"Sol";"Dupla";"Curva";"Urbano";2;0;0;0;2;0;0;2
83458300;"21/04/16";"Quinta";"08:20:00";"SC";470;"122,7";"IBIRAMA";"Velocidade incompatível";"Tombamento";"Com Vítimas Feridas";"Pleno dia";"Decrescente";"Ceu Claro";"Simples";"Curva";"Urbano";3;0;3;0;0;0;3;2
83458301;"21/04/16";"Quinta";"19:00:00";"SC";470;"245,5";"CURITIBANOS";"Não guardar distância de segurança";"Colisão traseira";"Sem Vítimas";"Plena noite";"Crescente";"Chuva";"Simples";"Curva";"Rural";2;0;0;0;2;0;0;2
83458302;"21/04/16";"Quinta";"18:40:00";"BA";101;"552";"ARATACA";"Dormindo";"Capotamento";"Sem Vítimas";"Plena noite";"Decrescente";"Ceu Claro";"Simples";"Reta";"Rural";1;0;0;0;1;0;0;1
83458303;"21/04/16";"Quinta";"11:30:00";"SP";116;"138";"SAO JOSE DOS CAMPOS";"Outras";"Colisão traseira";"Sem Vítimas";"Pleno dia";"Decrescente";"Sol";"Dupla";"Reta";"Urbano";5;0;0;0;5;0;0;5
83458304;"21/04/16";"Quinta";"17:45:00";"SC";470;"161";"TROMBUDO CENTRAL";"Falta de atenção";"Colisão frontal";"Com Vítimas Fatais";"Pleno dia";"Decrescente";"Nublado";"Simples";"Reta";"Urbano";2;1;0;0;1;0;0;2
83458305;"21/04/16";"Quinta";"20:30:00";"PR";376;"643";"TIJUCAS DO SUL";"Defeito mecânico em veículo";"Queda de motocicleta / bicicleta / veículo";"Com Vítimas Feridas";"Plena noite";"Crescente";"Ceu Claro";"Dupla";"Reta";"Urbano";2;0;2;0;0;0;2;1
83458306;"21/04/16";"Quinta";"15:50:00";"MG";459;"33,4";"CALDAS";"Dormindo";"Capotamento";"Com Vítimas Feridas";"Pleno dia";"Decrescente";"Ceu Claro";"Simples";"Reta";"Rural";1;0;1;0;0;0;1;1
83458307;"13/04/16";"Quarta";"08:30:00";"SC";470;"99,7";"APIUNA";"Falta de atenção";"Colisão Transversal";"Sem Vítimas";"Pleno dia";"Crescente";"Sol";"Simples";"Reta";"Urbano";2;0;0;0;2;0;0;2
83458308;"21/04/16";"Quinta";"08:15:00";"PR";369;"34,1";"ANDIRA";"Velocidade incompatível";"Tombamento";"Com Vítimas Feridas";"Pleno dia";"Decrescente";"Sol";"Simples";"Curva";"Rural";1;0;1;0;0;0;1;1
83458309;"21/04/16";"Quinta";"08:00:00";"MT";70;"503,5";"CUIABA";"Velocidade incompatível";"Tombamento";"Sem Vítimas";"Pleno dia";"Crescente";"Sol";"Simples";"Cruzamento";"Urbano";1;0;0;0;1;0;0;1
83458310;"15/04/16";"Sexta";"11:00:00";"ES";101;"96";"JAGUARE";"Outras";"Colisão lateral";"Com Vítimas Feridas";"Pleno dia";"Crescente";"Ceu Claro";"Simples";"Reta";"Rural";4;0;2;0;2;0;2;2
83458311;"21/04/16";"Quinta";"20:50:00";"SP";116;"118";"TAUBATE";"Outras";"Colisão com objeto fixo";"Sem Vítimas";"Plena noite";"Crescente";"Ceu Claro";"Dupla";"Reta";"Rural";1;0;0;0;1;0;0;1
83458312;"20/04/16";"Quarta";"11:40:00";"PR";469;"13";"FOZ DO IGUACU";"Falta de atenção";"Colisão lateral";"Com Vítimas Fatais";"Pleno dia";"Crescente";"Sol";"Simples";"Reta";"Urbano";4;1;0;1;2;0;1;3
83458313;"21/04/16";"Quinta";"19:25:00";"GO";158;"265";"JATAI";"Falta de atenção";"Colisão frontal";"Com Vítimas Feridas";"Plena noite";"Decrescente";"Ceu Claro";"Simples";"Reta";"Urbano";2;0;1;0;1;0;1;2
83458314;"21/04/16";"Quinta";"19:30:00";"MG";381;"543";"ITATIAIUCU";"Não guardar distância de segurança";"Queda de motocicleta / bicicleta / veículo";"Com Vítimas Feridas";"Plena noite";"Decrescente";"Nublado";"Dupla";"Curva";"Rural";1;0;1;0;0;0;1;1
83458315;"21/04/16";"Quinta";"19:00:00";"SC";470;"171";"POUSO REDONDO";"Ultrapassagem indevida";"Tombamento";"Com Vítimas Feridas";"Plena noite";"Crescente";"Ceu Claro";"Simples";"Reta";"Urbano";1;0;1;0;0;0;1;1
83458316;"18/04/16";"Segunda";"16:50:00";"RN";304;"47,8";"MOSSORO";"Outras";"Colisão lateral";"Com Vítimas Feridas";"Pleno dia";"Crescente";"Ceu Claro";"Dupla";"Reta";"Urbano";2;0;1;0;1;0;1;2
83458317;"21/04/16";"Quinta";"21:00:00";"PB";101;"96,1";"ALHANDRA";"Velocidade incompatível";"Saída de Pista";"Sem Vítimas";"Plena noite";"Crescente";"Chuva";"Dupla";"Curva";"Rural";1;0;0;0;1;0;0;1
83458318;"21/04/16";"Quinta";"20:49:00";"PR";153;"477";"PORTO VITORIA";"Falta de atenção";"Colisão Transversal";"Com Vítimas Feridas";"Plena noite";"Crescente";"Ceu Claro";"Simples";"Reta";"Rural";4;0;1;0;3;0;1;2
83458319;"17/04/16";"Domingo";"23:00:00";"RO";319;"63";"PORTO VELHO";"Ingestão de álcool";"Colisão com bicicleta";"Com Vítimas Feridas";"Plena noite";"Crescente";"Ceu Claro";"Múltipla";"Curva";"Urbano";2;0;1;0;0;1;1;2
83458320;"21/04/16";"Quinta";"18:45:00";"MS";163;"778,3";"PEDRO GOMES";"Defeito mecânico em veículo";"Saída de Pista";"Com Vítimas Feridas";"Plena noite";"Crescente";"Ceu Claro";"Simples";"Reta";"Rural";2;0;2;0;0;0;2;1
83458321;"21/04/16";"Quinta";"12:50:00";"MG";354;"744,5";"POUSO ALTO";"Falta de atenção";"Colisão Transversal";"Com Vítimas Feridas";"Pleno dia";"Crescente";"Ceu Claro";"Simples";"Cruzamento";"Urbano";2;0;0;1;1;0;1;2
83458322;"17/04/16";"Domingo";"18:40:00";"RN";304;"34,2";"MOSSORO";"Ingestão de álcool";"Colisão frontal";"Com Vítimas Feridas";"Plena noite";"Crescente";"Ceu Claro";"Dupla";"Reta";"Urbano";4;0;0;1;3;0;1;2
83458323;"21/04/16";"Quinta";"19:50:00";"PR";277;"698,4";"SAO MIGUEL DO IGUACU";"Defeito mecânico em veículo";"Colisão traseira";"Com Vítimas Feridas";"Plena noite";"Crescente";"Ceu Claro";"Dupla";"Reta";"Rural";3;0;1;2;0;0;3;2
83458324;"21/04/16";"Quinta";"22:30:00";"PR";277;"3";"PARANAGUA";"Animais na Pista";"Queda de motocicleta / bicicleta / veículo";"Com Vítimas Feridas";"Plena noite";"Decrescente";"Ceu Claro";"Simples";"Reta";"Urbano";2;0;2;0;0;0;2;1
83458325;"21/04/16";"Quinta";"19:00:00";"MG";381;"237,9";"SANTANA DO PARAISO";"Falta de atenção";"Colisão Transversal";"Com Vítimas Feridas";"Plena noite";"Decrescente";"Nublado";"Simples";"Curva";"Urbano";2;0;0;1;1;0;1;2
83458326;"21/04/16";"Quinta";"19:30:00";"RO";364;"719";"PORTO VELHO";"Outras";"Queda de motocicleta / bicicleta / veículo";"Com Vítimas Feridas";"Plena noite";"Decrescente";"Ceu Claro";"Dupla";"Reta";"Rural";1;0;0;1;0;0;1;1