"id";"data_inversa";"dia_semana";"horario";"uf";"br";"km";"municipio";"causa_acidente";"tipo_acidente";"classificacao_acidente";"fase_dia";"sentido_via";"condicao_metereologica";"tipo_pista";"tracado_via";"uso_solo";"pessoas";"mortos";"feridos_leves";"feridos_graves";"ilesos";"ignorados";"feridos";"veiculos"
83458653;"20/04/16";"Quarta";"02:15:00";"MG";381;"737,3";"TRES CORACOES";"Defeito na via";"Saída de Pista";"Com Vítimas Feridas";"Plena noite";"Crescente";"Ceu Claro";"Dupla";"Curva";"Rural";1;0;1;0;0;0;1;1
83458654;"18/04/16";"Segunda";"14:00:00";"RJ";40;"113";"DUQUE DE CAXIAS";"Desobediência à sinalização";"Colisão lateral";"Com Vítimas Feridas";"Pleno dia";"Crescente";"Ceu Claro";"Dupla";"Reta";"Urbano";3;0;1;0;2;0;1;3
83458655;"20/04/16";"Quarta";"06:00:00";"GO";80;"30";"PADRE BERNARDO";"Velocidade incompatível";"Capotamento";"Com Vítimas Fatais";"Amanhecer";"Crescente";"Ignorada";"Simples";"Reta";"Rural";4;3;1;0;0;0;1;1
83458656;"20/04/16";"Quarta";"08:00:00";"RJ";40;"114";"DUQUE DE CAXIAS";"Falta de atenção";"Queda de motocicleta / bicicleta / veículo";"Com Vítimas Feridas";"Pleno dia";"Crescente";"Sol";"Múltipla";"Curva";"Urbano";2;0;0;1;1;0;1;2
83458657;"18/04/16";"Segunda";"13:15:00";"DF";20;"12";"BRASILIA";"Velocidade incompatível";"Colisão traseira";"Com Vítimas Feridas";"Pleno dia";"Crescente";"Ceu Claro";"Dupla";"Reta";"Urbano";2;0;1;0;1;0;1;2
83458658;"15/04/16";"Sexta";"23:15:00";"RJ";101;"321";"NITEROI";"Não guardar distância de segurança";"Colisão lateral";"Com Vítimas Feridas";"Plena noite";"Decrescente";"Ceu Claro";"Dupla";"Curva";"Urbano";2;0;1;0;1;0;1;2
83458659;"22/04/16";"Sexta";"06:00:00";"PR";476;"127";"CURITIBA";"Ingestão de álcool";"Capotamento";"Com Vítimas Feridas";"Plena noite";"Crescente";"Ceu Claro";"Dupla";"Reta";"Urbano";1;0;1;0;0;0;1;1
83458660;"15/04/16";"Sexta";"13:30:00";"MA";222;"290";"ARARI";"Outras";"Tombamento";"Sem Vítimas";"Pleno dia";"Crescente";"Chuva";"Simples";"Reta";"Rural";1;0;0;0;1;0;0;1
83458661;"23/04/16";"Sábado";"05:44:00";"BA";101;"816,5";"ITAMARAJU";"Velocidade incompatível";"Colisão traseira";"Com Vítimas Feridas";"Anoitecer";"Crescente";"Nublado";"Simples";"Reta";"Rural";2;0;0;1;1;0;1;2
83458662;"23/04/16";"Sábado";"09:35:00";"PR";376;"643,9";"TIJUCAS DO SUL";"Velocidade incompatível";"Queda de motocicleta / bicicleta / veículo";"Com Vítimas Feridas";"Pleno dia";"Crescente";"Ceu Claro";"Dupla";"Reta";"Rural";2;0;1;1;0;0;2;1
83458663;"19/04/16";"Terça";"23:30:00";"BA";110;"133";"CICERO DANTAS";"Animais na Pista";"Atropelamento de animal";"Sem Vítimas";"Plena noite";"Decrescente";"Ceu Claro";"Simples";"Reta";"Rural";1;0;0;0;1;0;0;1
83458664;"23/04/16";"Sábado";"04:00:00";"GO";153;"434";"ANAPOLIS";"Outras";"Incêndio";"Ignorado";"Pleno dia";"Crescente";"Ceu Claro";"Dupla";"Reta";"Urbano";1;0;0;0;0;1;0;1
83458665;"23/04/16";"Sábado";"06:30:00";"MT";364;"180,9";"PEDRA PRETA";"Outras";"Tombamento";"Sem Vítimas";"Pleno dia";"Decrescente";"Sol";"Simples";"Reta";"Rural";1;0;0;0;1;0;0;1
83458666;"23/04/16";"Sábado";"09:00:00";"RJ";40;"53";"PETROPOLIS";"Velocidade incompatível";"Colisão com objeto fixo";"Sem Vítimas";"Pleno dia";"Crescente";"Ceu Claro";"Dupla";"Curva";"Rural";1;0;0;0;1;0;0;1
83458667;"23/04/16";"Sábado";"10:05:00";"RS";116;"264,5";"CANOAS";"Falta de atenção";"Colisão lateral";"Sem Vítimas";"Pleno dia";"Crescente";"Nublado";"Dupla";"Reta";"Urbano";2;0;0;0;2;0;0;2
83458668;"19/04/16";"Terça";"14:50:00";"MG";381;"491";"BETIM";"Outras";"Colisão traseira";"Com Vítimas Feridas";"Pleno dia";"Decrescente";"Ceu Claro";"Dupla";"Reta";"Rural";2;0;2;0;0;0;2;2
83458669;"23/04/16";"Sábado";"06:30:00";"BA";116;"715";"MANOEL VITORINO";"Dormindo";"Colisão com objeto fixo";"Sem Vítimas";"Pleno dia";"Decrescente";"Ceu Claro";"Simples";"Reta";"Rural";1;0;0;0;1;0;0;1
83458670;"23/04/16";"Sábado";"07:00:00";"RJ";101;"461";"ANGRA DOS REIS";"Dormindo";"Atropelamento de pessoa";"Com Vítimas Feridas";"Pleno dia";"Decrescente";"Ceu Claro";"Simples";"Curva";"Rural";2;0;0;1;1;0;1;1
83458671;"21/04/16";"Quinta";"18:15:00";"MG";50;"47";"UBERLANDIA";"Não guardar distância de segurança";"Colisão traseira";"Com Vítimas Feridas";"Plena noite";"Decrescente";"Ceu Claro";"Dupla";"Reta";"Rural";2;0;1;0;1;0;1;2
83458672;"23/04/16";"Sábado";"06:45:00";"ES";101;"230,9";"FUNDAO";"Dormindo";"Saída de Pista";"Sem Vítimas";"Pleno dia";"Crescente";"Ceu Claro";"Simples";"Curva";"Urbano";1;0;0;0;1;0;0;1
83458673;"23/04/16";"Sábado";"07:40:00";"RS";285;"147,5";"MUITOS CAPOES";"Animais na Pista";"Atropelamento de animal";"Sem Vítimas";"Pleno dia";"Decrescente";"Nublado";"Simples";"Reta";"Rural";4;0;0;0;4;0;0;1
83458674;"23/04/16";"Sábado";"12:10:00";"RS";285;"456,9";"IJUI";"Desobediência à sinalização";"Colisão Transversal";"Sem Vítimas";"Pleno dia";"Crescente";"Nublado";"Simples";"Cruzamento";"Urbano";2;0;0;0;2;0;0;2
83458675;"19/04/16";"Terça";"19:30:00";"SP";381;"86,5";"SAO PAULO";"Outras";"Colisão traseira";"Com Vítimas Feridas";"Plena noite";"Crescente";"Ceu Claro";"Múltipla";"Curva";"Urbano";5;0;1;0;4;0;1;4
83458676;"23/04/16";"Sábado";"08:30:00";"RJ";101;"392";"RIO DE JANEIRO";"Falta de atenção";"Colisão traseira";"Com Vítimas Feridas";"Pleno dia";"Crescente";"Ceu Claro";"Dupla";"Reta";"Rural";4;0;1;0;1;2;1;3
83458677;"23/04/16";"Sábado";"09:15:00";"PE";232;"4,5";"RECIFE";"Defeito na via";"Queda de motocicleta / bicicleta / veículo";"Com Vítimas Feridas";"Pleno dia";"Decrescente";"Ceu Claro";"Dupla";"Reta";"Urbano";1;0;1;0;0;0;1;1
83458678;"23/04/16";"Sábado";"09:40:00";"MG";354;"760,7";"ITAMONTE";"Velocidade incompatível";"Colisão Transversal";"Com Vítimas Feridas";"Pleno dia";"Crescente";"Ceu Claro";"Simples";"Curva";"Rural";5;0;2;1;2;0;3;2
83458679;"20/04/16";"Quarta";"00:10:00";"MG";267;"210,4";"BOM JARDIM DE MINAS";"Outras";"Colisão com objeto móvel";"Com Vítimas Feridas";"Plena noite";"Crescente";"Ceu Claro";"Simples";"Reta";"Rural";4;0;3;0;1;0;3;2
83458680;"23/04/16";"Sábado";"07:10:00";"RJ";101;"297";"ITABORAI";"Outras";"Queda de motocicleta / bicicleta / veículo";"Com Vítimas Feridas";"Pleno dia";"Decrescente";"Ceu Claro";"Simples";"Curva";"Urbano";1;0;1;0;0;0;1;1
83458681;"23/04/16";"Sábado";"09:30:00";"RO";174;"33";"VILHENA";"Outras";"Saída de Pista";"Sem Vítimas";"Pleno dia";"Decrescente";"Ceu Claro";"Simples";"Curva";"Rural";1;0;0;0;1;0;0;1
83458682;"23/04/16";"Sábado";"10:25:00";"RO";364;"12";"VILHENA";"Outras";"Colisão lateral";"Com Vítimas Feridas";"Pleno dia";"Decrescente";"Sol";"Dupla";"Reta";"Urbano";2;0;0;1;1;0;1;2
83458683;"23/04/16";"Sábado";"11:00:00";"PE";428;"142";"PETROLINA";"Desobediência à sinalização";"Colisão frontal";"Com Vítimas Feridas";"Pleno dia";"Decrescente";"Ceu Claro";"Simples";"Reta";"Urbano";4;0;1;2;1;0;3;2
83458684;"23/04/16";"Sábado";"10:50:00";"MS";262;"346,2";"CAMPO GRANDE";"Dormindo";"Colisão Transversal";"Sem Vítimas";"Plena noite";"Decrescente";"Ceu Claro";"Simples";"Curva";"Rural";3;0;0;0;3;0;0;2
83458685;"20/04/16";"Quarta";"04:00:00";"TO";153;"333";"GUARAI";"Ingestão de álcool";"Colisão com objeto fixo";"Com Vítimas Feridas";"Plena noite";"Decrescente";"Ceu Claro";"Múltipla";"Reta";"Urbano";1;0;0;1;0;0;1;1
83458686;"23/04/16";"Sábado";"13:00:00";"RS";285;"671";"SAO BORJA";"Defeito mecânico em veículo";"Incêndio";"Sem Vítimas";"Pleno dia";"Decrescente";"Ceu Claro";"Simples";"Reta";"Rural";4;0;0;0;4;0;0;1
83458687;"19/04/16";"Terça";"14:30:00";"PR";369;"398";"MAMBORE";"Defeito mecânico em veículo";"Capotamento";"Sem Vítimas";"Pleno dia";"Decrescente";"Sol";"Simples";"Curva";"Rural";2;0;0;0;2;0;0;2
83458688;"23/04/16";"Sábado";"11:15:00";"BA";116;"823,7";"VITORIA DA CONQUISTA";"Desobediência à sinalização";"Colisão Transversal";"Com Vítimas Feridas";"Pleno dia";"Decrescente";"Sol";"Dupla";"Reta";"Urbano";2;0;1;0;1;0;1;2
83458689;"23/04/16";"Sábado";"08:30:00";"BA";324;"523";"FEIRA DE SANTANA";"Desobediência à sinalização";"Colisão lateral";"Com Vítimas Feridas";"Pleno dia";"Decrescente";"Ceu Claro";"Simples";"Reta";"Rural";3;0;3;0;0;0;3;2
83458690;"23/04/16";"Sábado";"09:40:00";"PE";101;"82";"JABOATAO DOS GUARARAPES";"Ultrapassagem indevida";"Colisão Transversal";"Com Vítimas Feridas";"Pleno dia";"Crescente";"Sol";"Múltipla";"Reta";"Urbano";2;0;0;1;1;0;1;2
83458691;"23/04/16";"Sábado";"06:00:00";"BA";135;"61";"FORMOSA DO RIO PRETO";"Velocidade incompatível";"Saída de Pista";"Sem Vítimas";"Amanhecer";"Crescente";"Ceu Claro";"Simples";"Reta";"Rural";1;0;0;0;1;0;0;1
83458692;"18/04/16";"Segunda";"13:29:00";"PA";316;"54";"CASTANHAL";"Falta de atenção";"Colisão Transversal";"Com Vítimas Feridas";"Pleno dia";"Crescente";"Sol";"Dupla";"Reta";"Urbano";2;0;1;0;1;0;1;2
83458693;"19/04/16";"Terça";"23:00:00";"SP";116;"214";"GUARULHOS";"Não guardar distância de segurança";"Colisão com objeto fixo";"Com Vítimas Feridas";"Plena noite";"Decrescente";"Ceu Claro";"Múltipla";"Reta";"Urbano";2;0;2;0;0;0;2;1
83458694;"23/04/16";"Sábado";"07:50:00";"MG";381;"931";"ITAPEVA";"Dormindo";"Saída de Pista";"Sem Vítimas";"Pleno dia";"Decrescente";"Ceu Claro";"Dupla";"Reta";"Rural";1;0;0;0;1;0;0;1
83458695;"23/04/16";"Sábado";"10:00:00";"MG";381;"315";"NOVA ERA";"Outras";"Saída de Pista";"Com Vítimas Feridas";"Pleno dia";"Decrescente";"Sol";"Simples";"Curva";"Rural";3;0;2;1;0;0;3;1
83458696;"23/04/16";"Sábado";"12:30:00";"PE";232;"408,5";"SERRA TALHADA";"Falta de atenção";"Colisão lateral";"Com Vítimas Feridas";"Pleno dia";"Decrescente";"Sol";"Simples";"Reta";"Urbano";2;0;1;0;1;0;1;2
83458697;"23/04/16";"Sábado";"09:37:00";"MG";381;"905,1";"CAMBUI";"Velocidade incompatível";"Tombamento";"Sem Vítimas";"Pleno dia";"Decrescente";"Ceu Claro";"Dupla";"Curva";"Rural";2;0;0;0;2;0;0;2
83458698;"04/04/16";"Segunda";"07:00:00";"SP";116;"223";"GUARULHOS";"Não guardar distância de segurança";"Colisão traseira";"Com Vítimas Feridas";"Pleno dia";"Crescente";"Ceu Claro";"Múltipla";"Reta";"Urbano";2;0;0;1;1;0;1;2
83458699;"23/04/16";"Sábado";"10:15:00";"MG";381;"366,9";"SAO GONCALO DO RIO ABAIXO";"Ultrapassagem indevida";"Colisão lateral";"Sem Vítimas";"Pleno dia";"Decrescente";"Sol";"Simples";"Curva";"Rural";2;0;0;0;2;0;0;2
83458700;"23/04/16";"Sábado";"07:20:00";"PI";316;"203,8";"VALENCA DO PIAUI";"Falta de atenção";"Saída de Pista";"Com Vítimas Feridas";"Pleno dia";"Crescente";"Ceu Claro";"Simples";"Reta";"Rural";1;0;1;0;0;0;1;1
83458701;"19/04/16";"Terça";"23:20:00";"MG";262;"449";"NOVA SERRANA";"Ingestão de álcool";"Colisão traseira";"Sem Vítimas";"Plena noite";"Crescente";"Ceu Claro";"Simples";"Reta";"Rural";2;0;0;0;2;0;0;2
83458702;"13/04/16";"Quarta";"17:17:00";"MA";135;"10,5";"SAO LUIS";"Outras";"Capotamento";"Com Vítimas Feridas";"Anoitecer";"Decrescente";"Nublado";"Dupla";"Reta";"Urbano";2;0;1;1;0;0;2;1
83458703;"23/04/16";"Sábado";"11:45:00";"RS";101;"3";"TORRES";"Ingestão de álcool";"Colisão com objeto fixo";"Sem Vítimas";"Pleno dia";"Crescente";"Chuva";"Simples";"Curva";"Rural";1;0;0;0;1;0;0;1
83458704;"23/04/16";"Sábado";"06:35:00";"RJ";101;"331";"RIO DE JANEIRO";"Dormindo";"Colisão com objeto fixo";"Sem Vítimas";"Pleno dia";"Crescente";"Sol";"Dupla";"Curva";"Urbano";1;0;0;0;1;0;0;1
83458705;"23/04/16";"Sábado";"14:55:00";"GO";364;"17";"JATAI";"Falta de atenção";"Tombamento";"Sem Vítimas";"Pleno dia";"Decrescente";"Ceu Claro";"Simples";"Reta";"Rural";1;0;0;0;1;0;0;1
83458707;"22/04/16";"Sexta";"07:00:00";"BA";367;"49,2";"PORTO SEGURO";"Velocidade incompatível";"Capotamento";"Sem Vítimas";"Pleno dia";"Crescente";"Nublado";"Simples";"Curva";"Rural";1;0;0;0;1;0;0;1
83458708;"23/04/16";"Sábado";"09:00:00";"MT";364;"264";"SAO PEDRO DA CIPA";"Outras";"Colisão traseira";"Com Vítimas Feridas";"Pleno dia";"Decrescente";"Ceu Claro";"Simples";"Reta";"Urbano";5;0;1;0;4;0;1;3
83458709;"23/04/16";"Sábado";"13:22:00";"GO";153;"397,1";"PIRENOPOLIS";"Velocidade incompatível";"Saída de Pista";"Com Vítimas Feridas";"Pleno dia";"Decrescente";"Ceu Claro";"Simples";"Cruzamento";"Rural";4;0;4;0;0;0;4;1
83458710;"23/04/16";"Sábado";"13:00:00";"PA";316;"27";"BENEVIDES";"Falta de atenção";"Saída de Pista";"Com Vítimas Feridas";"Pleno dia";"Decrescente";"Ignorada";"Simples";"Reta";"Urbano";1;0;1;0;0;0;1;1
83458711;"23/04/16";"Sábado";"11:45:00";"PR";376;"188,9";"MARIALVA";"Velocidade incompatível";"Colisão Transversal";"Sem Vítimas";"Pleno dia";"Decrescente";"Sol";"Dupla";"Reta";"Urbano";2;0;0;0;2;0;0;2
83458712;"20/04/16";"Quarta";"03:00:00";"RJ";101;"246";"SILVA JARDIM";"Outras";"Saída de Pista";"Sem Vítimas";"Plena noite";"Crescente";"Ignorada";"Simples";"Reta";"Rural";1;0;0;0;1;0;0;1
83458713;"23/04/16";"Sábado";"11:35:00";"RO";364;"719";"PORTO VELHO";"Falta de atenção";"Capotamento";"Com Vítimas Feridas";"Pleno dia";"Crescente";"Ceu Claro";"Dupla";"Reta";"Rural";2;0;1;0;1;0;1;1
83458714;"23/04/16";"Sábado";"12:05:00";"MG";381;"760";"TRES CORACOES";"Defeito mecânico em veículo";"Queda de motocicleta / bicicleta / veículo";"Com Vítimas Feridas";"Pleno dia";"Decrescente";"Ceu Claro";"Dupla";"Curva";"Rural";1;0;1;0;0;0;1;1
83458715;"22/04/16";"Sexta";"11:15:00";"SC";282;"142";"BOM RETIRO";"Ultrapassagem indevida";"Colisão lateral";"Sem Vítimas";"Pleno dia";"Decrescente";"Chuva";"Simples";"Reta";"Rural";2;0;0;0;2;0;0;2
83458716;"19/04/16";"Terça";"16:15:00";"ES";393;"1,2";"CACHOEIRO DE ITAPEMIRIM";"Falta de atenção";"Colisão traseira";"Com Vítimas Feridas";"Pleno dia";"Crescente";"Sol";"Simples";"Reta";"Urbano";3;0;1;0;0;2;1;3
83458717;"23/04/16";"Sábado";"12:00:00";"SC";101;"241";"PALHOCA";"Falta de atenção";"Saída de Pista";"Com Vítimas Feridas";"Pleno dia";"Decrescente";"Sol";"Dupla";"Reta";"Urbano";3;0;3;0;0;0;3;1
83458718;"23/04/16";"Sábado";"09:30:00";"PR";476;"140";"CURITIBA";"Velocidade incompatível";"Capotamento";"Com Vítimas Feridas";"Pleno dia";"Decrescente";"Ceu Claro";"Múltipla";"Curva";"Urbano";1;0;1;0;0;0;1;1
83458719;"23/04/16";"Sábado";"11:55:00";"PR";376;"182,7";"SARANDI";"Desobediência à sinalização";"Colisão Transversal";"Sem Vítimas";"Pleno dia";"Decrescente";"Ceu Claro";"Dupla";"Reta";"Urbano";2;0;0;0;2;0;0;2
83458720;"23/04/16";"Sábado";"13:30:00";"PA";316;"74";"CASTANHAL";"Falta de atenção";"Colisão com objeto fixo";"Com Vítimas Fatais";"Pleno dia";"Decrescente";"Nublado";"Simples";"Reta";"Rural";3;1;2;0;0;0;2;2
83458721;"23/04/16";"Sábado";"12:45:00";"PR";376;"155,4";"MANDAGUACU";"Falta de atenção";"Colisão Transversal";"Com Vítimas Feridas";"Pleno dia";"Crescente";"Ceu Claro";"Simples";"Cruzamento";"Urbano";3;0;2;0;1;0;2;2
83458722;"23/04/16";"Sábado";"14:00:00";"AL";104;"39";"UNIAO DOS PALMARES";"Outras";"Saída de Pista";"Com Vítimas Feridas";"Pleno dia";"Decrescente";"Chuva";"Simples";"Curva";"Rural";1;0;1;0;0;0;1;1
83458723;"23/04/16";"Sábado";"13:00:00";"PA";222;"240";"MARABA";"Falta de atenção";"Colisão traseira";"Com Vítimas Feridas";"Pleno dia";"Decrescente";"Ceu Claro";"Simples";"Reta";"Urbano";3;0;1;0;2;0;1;2
83458725;"23/04/16";"Sábado";"11:30:00";"MS";158;"136";"APARECIDA DO TABOADO";"Falta de atenção";"Colisão traseira";"Sem Vítimas";"Pleno dia";"Crescente";"Ceu Claro";"Simples";"Reta";"Rural";5;0;0;0;5;0;0;2
83458726;"23/04/16";"Sábado";"14:30:00";"SC";101;"414,4";"ARARANGUA";"Falta de atenção";"Colisão com bicicleta";"Com Vítimas Feridas";"Pleno dia";"Crescente";"Chuva";"Simples";"Reta";"Rural";2;0;0;1;1;0;1;2
83458727;"23/04/16";"Sábado";"12:15:00";"SC";470;"137,5";"RIO DO SUL";"Desobediência à sinalização";"Colisão Transversal";"Com Vítimas Feridas";"Pleno dia";"Decrescente";"Sol";"Simples";"Reta";"Urbano";2;0;2;0;0;0;2;2
83458728;"23/04/16";"Sábado";"15:00:00";"PE";101;"50";"ABREU E LIMA";"Falta de atenção";"Atropelamento de pessoa";"Sem Vítimas";"Pleno dia";"Crescente";"Sol";"Múltipla";"Reta";"Urbano";2;0;0;0;1;1;0;1
83458729;"23/04/16";"Sábado";"13:10:00";"SC";101;"144";"ITAPEMA";"Ingestão de álcool";"Colisão traseira";"Com Vítimas Feridas";"Pleno dia";"Crescente";"Ceu Claro";"Dupla";"Reta";"Urbano";2;0;1;0;1;0;1;2
83458730;"23/04/16";"Sábado";"16:00:00";"RN";101;"75";"SAO GONCALO DO AMARANTE";"Falta de atenção";"Colisão Transversal";"Com Vítimas Feridas";"Pleno dia";"Decrescente";"Ceu Claro";"Dupla";"Cruzamento";"Urbano";2;0;1;0;1;0;1;2
83458731;"22/04/16";"Sexta";"19:25:00";"MG";251;"513,1";"FRANCISCO SA";"Velocidade incompatível";"Colisão com objeto fixo";"Sem Vítimas";"Plena noite";"Decrescente";"Ceu Claro";"Simples";"Reta";"Rural";1;0;0;0;1;0;0;1
83458732;"23/04/16";"Sábado";"11:40:00";"PR";369;"126";"JATAIZINHO";"Falta de atenção";"Danos Eventuais";"Sem Vítimas";"Pleno dia";"Decrescente";"Ceu Claro";"Dupla";"Reta";"Rural";1;0;0;0;1;0;0;1
83458734;"06/01/16";"Quarta";"10:50:00";"RJ";101;"322";"NITEROI";"Não guardar distância de segurança";"Colisão traseira";"Com Vítimas Feridas";"Pleno dia";"Decrescente";"Sol";"Dupla";"Reta";"Urbano";4;0;0;1;0;3;1;2
83458735;"10/04/16";"Domingo";"03:00:00";"GO";40;"15";"LUZIANIA";"Outras";"Capotamento";"Com Vítimas Feridas";"Plena noite";"Crescente";"Ceu Claro";"Dupla";"Reta";"Rural";2;0;0;2;0;0;2;1
83458736;"23/04/16";"Sábado";"17:15:00";"MA";135;"10";"SAO LUIS";"Desobediência à sinalização";"Colisão lateral";"Sem Vítimas";"Pleno dia";"Crescente";"Ceu Claro";"Dupla";"Reta";"Rural";2;0;0;0;2;0;0;2
83458737;"23/04/16";"Sábado";"13:45:00";"GO";452;"152,4";"ITUMBIARA";"Falta de atenção";"Tombamento";"Sem Vítimas";"Pleno dia";"Crescente";"Sol";"Simples";"Reta";"Rural";1;0;0;0;1;0;0;1
83458738;"23/04/16";"Sábado";"15:00:00";"PI";316;"82,1";"LAGOINHA DO PIAUI";"Falta de atenção";"Colisão lateral";"Com Vítimas Feridas";"Pleno dia";"Crescente";"Ceu Claro";"Simples";"Curva";"Rural";2;0;0;1;1;0;1;2
83458739;"23/04/16";"Sábado";"15:40:00";"BA";324;"624";"SALVADOR";"Outras";"Colisão traseira";"Sem Vítimas";"Pleno dia";"Crescente";"Sol";"Dupla";"Reta";"Urbano";2;0;0;0;2;0;0;2
83458740;"23/04/16";"Sábado";"17:20:00";"SC";101;"123,1";"ITAJAI";"Outras";"Colisão Transversal";"Com Vítimas Feridas";"Anoitecer";"Crescente";"Ceu Claro";"Dupla";"Cruzamento";"Urbano";3;0;2;0;1;0;2;2
83458741;"23/04/16";"Sábado";"15:20:00";"RJ";116;"95";"GUAPIMIRIM";"Falta de atenção";"Colisão frontal";"Com Vítimas Feridas";"Pleno dia";"Decrescente";"Sol";"Simples";"Curva";"Rural";2;0;1;0;1;0;1;2
83458742;"23/04/16";"Sábado";"15:45:00";"PE";316;"364,7";"PETROLANDIA";"Falta de atenção";"Colisão traseira";"Com Vítimas Feridas";"Pleno dia";"Decrescente";"Nublado";"Simples";"Reta";"Rural";2;0;0;1;1;0;1;2
83458743;"23/04/16";"Sábado";"06:40:00";"MG";381;"480";"CONTAGEM";"Defeito mecânico em veículo";"Queda de motocicleta / bicicleta / veículo";"Com Vítimas Feridas";"Amanhecer";"Decrescente";"Ceu Claro";"Dupla";"Reta";"Urbano";2;0;1;0;0;1;1;1
83458744;"23/04/16";"Sábado";"15:45:00";"SC";101;"111";"ITAJAI";"Outras";"Colisão com objeto fixo";"Sem Vítimas";"Pleno dia";"Crescente";"Ceu Claro";"Dupla";"Reta";"Rural";1;0;0;0;1;0;0;1
83458745;"23/04/16";"Sábado";"16:05:00";"SC";101;"117";"ITAJAI";"Velocidade incompatível";"Colisão traseira";"Com Vítimas Feridas";"Pleno dia";"Decrescente";"Sol";"Dupla";"Reta";"Urbano";2;0;0;1;1;0;1;2
83458746;"19/04/16";"Terça";"11:50:00";"RJ";101;"176";"MACAE";"Defeito mecânico em veículo";"Saída de Pista";"Com Vítimas Feridas";"Pleno dia";"Decrescente";"Sol";"Simples";"Reta";"Rural";2;0;1;0;1;0;1;1
83458747;"19/04/16";"Terça";"22:30:00";"MG";381;"492,3";"BETIM";"Defeito mecânico em veículo";"Derramamento de Carga";"Sem Vítimas";"Plena noite";"Decrescente";"Ceu Claro";"Dupla";"Reta";"Urbano";1;0;0;0;1;0;0;1
83458748;"23/04/16";"Sábado";"16:00:00";"RJ";101;"481";"ANGRA DOS REIS";"Não guardar distância de segurança";"Colisão traseira";"Com Vítimas Feridas";"Pleno dia";"Crescente";"Ceu Claro";"Simples";"Reta";"Urbano";4;0;2;0;2;0;2;2
83458749;"23/04/16";"Sábado";"15:40:00";"RN";427;"52,9";"JARDIM DO SERIDO";"Defeito na via";"Capotamento";"Com Vítimas Feridas";"Pleno dia";"Crescente";"Sol";"Simples";"Reta";"Rural";4;0;0;3;1;0;3;1
83458750;"15/04/16";"Sexta";"23:00:00";"ES";101;"144,9";"LINHARES";"Outras";"Saída de Pista";"Com Vítimas Feridas";"Plena noite";"Decrescente";"Ceu Claro";"Dupla";"Reta";"Urbano";1;0;1;0;0;0;1;1
83458751;"23/04/16";"Sábado";"16:10:00";"RJ";101;"262";"RIO BONITO";"Outras";"Saída de Pista";"Sem Vítimas";"Pleno dia";"Decrescente";"Ceu Claro";"Simples";"Curva";"Urbano";1;0;0;0;1;0;0;1
83458752;"23/04/16";"Sábado";"15:00:00";"SC";101;"70";"ARAQUARI";"Defeito mecânico em veículo";"Incêndio";"Sem Vítimas";"Pleno dia";"Decrescente";"Sol";"Múltipla";"Reta";"Rural";1;0;0;0;1;0;0;1
83458753;"23/04/16";"Sábado";"17:45:00";"SC";101;"90";"BARRA VELHA";"Desobediência à sinalização";"Colisão lateral";"Sem Vítimas";"Pleno dia";"Crescente";"Ceu Claro";"Simples";"Reta";"Urbano";2;0;0;0;2;0;0;2
83458754;"23/04/16";"Sábado";"15:50:00";"GO";60;"130";"GOIANIA";"Falta de atenção";"Colisão traseira";"Com Vítimas Feridas";"Pleno dia";"Decrescente";"Sol";"Dupla";"Reta";"Rural";2;0;1;0;1;0;1;2
83458755;"23/04/16";"Sábado";"17:30:00";"SP";101;"48,9";"UBATUBA";"Ultrapassagem indevida";"Colisão lateral";"Com Vítimas Feridas";"Pleno dia";"Crescente";"Ceu Claro";"Simples";"Reta";"Urbano";2;0;1;0;1;0;1;2
83458756;"23/04/16";"Sábado";"14:50:00";"PA";316;"0";"BELEM";"Falta de atenção";"Colisão lateral";"Com Vítimas Feridas";"Pleno dia";"Decrescente";"Ceu Claro";"Múltipla";"Reta";"Urbano";3;0;2;0;1;0;2;2
83458757;"23/04/16";"Sábado";"11:40:00";"SE";101;"151";"ESTANCIA";"Desobediência à sinalização";"Colisão Transversal";"Com Vítimas Feridas";"Pleno dia";"Crescente";"Ceu Claro";"Simples";"Reta";"Urbano";2;0;0;1;1;0;1;2
83458758;"23/04/16";"Sábado";"10:00:00";"SC";470;"76";"INDAIAL";"Falta de atenção";"Colisão traseira";"Com Vítimas Feridas";"Pleno dia";"Crescente";"Ceu Claro";"Simples";"Reta";"Rural";2;0;1;0;1;0;1;2
83458759;"23/04/16";"Sábado";"10:15:00";"RJ";116;"172,4";"SAO JOAO DE MERITI";"Dormindo";"Colisão com objeto fixo";"Com Vítimas Feridas";"Pleno dia";"Crescente";"Sol";"Dupla";"Reta";"Urbano";1;0;1;0;0;0;1;1
83458760;"23/04/16";"Sábado";"17:40:00";"MG";262;"378";"JUATUBA";"Falta de atenção";"Colisão Transversal";"Com Vítimas Feridas";"Anoitecer";"Decrescente";"Ceu Claro";"Dupla";"Reta";"Rural";3;0;2;0;1;0;2;2
83458761;"23/04/16";"Sábado";"16:45:00";"GO";60;"166";"GOIANIA";"Desobediência à sinalização";"Colisão Transversal";"Sem Vítimas";"Pleno dia";"Crescente";"Ceu Claro";"Múltipla";"Reta";"Urbano";2;0;0;0;1;1;0;2
83458762;"23/04/16";"Sábado";"18:30:00";"RS";290;"91";"PORTO ALEGRE";"Outras";"Colisão com objeto fixo";"Com Vítimas Feridas";"Plena noite";"Decrescente";"Nublado";"Dupla";"Reta";"Urbano";1;0;1;0;0;0;1;1