"id";"data_inversa";"dia_semana";"horario";"uf";"br";"km";"municipio";"causa_acidente";"tipo_acidente";"classificacao_acidente";"fase_dia";"sentido_via";"condicao_metereologica";"tipo_pista";"tracado_via";"uso_solo";"pessoas";"mortos";"feridos_leves";"feridos_graves";"ilesos";"ignorados";"feridos";"veiculos"
83458763;"14/04/16";"Quinta";"22:10:00";"MT";70;"511";"CUIABA";"Outras";"Incêndio";"Sem Vítimas";"Plena noite";"Decrescente";"Ignorada";"Simples";"Reta";"Rural";1;0;0;0;1;0;0;1
83458764;"23/04/16";"Sábado";"16:20:00";"MG";381;"715,9";"CARMO DA CACHOEIRA";"Falta de atenção";"Colisão com objeto fixo";"Com Vítimas Feridas";"Plena noite";"Crescente";"Ceu Claro";"Dupla";"Reta";"Rural";1;0;1;0;0;0;1;1
83458765;"22/04/16";"Sexta";"19:40:00";"PI";343;"0,7";"LUIS CORREIA";"Falta de atenção";"Colisão com objeto fixo";"Com Vítimas Feridas";"Plena noite";"Crescente";"Nublado";"Simples";"Reta";"Urbano";2;0;1;0;0;1;1;2
83458766;"23/04/16";"Sábado";"17:30:00";"TO";153;"332";"GUARAI";"Ingestão de álcool";"Colisão traseira";"Sem Vítimas";"Anoitecer";"Crescente";"Ceu Claro";"Dupla";"Reta";"Urbano";3;0;0;0;3;0;0;2
83458767;"23/04/16";"Sábado";"17:15:00";"MG";40;"512";"RIBEIRAO DAS NEVES";"Falta de atenção";"Colisão traseira";"Com Vítimas Feridas";"Pleno dia";"Decrescente";"Ceu Claro";"Dupla";"Reta";"Urbano";2;0;0;1;1;0;1;2
83458768;"23/04/16";"Sábado";"19:10:00";"PR";467;"117";"CASCAVEL";"Falta de atenção";"Atropelamento de pessoa";"Com Vítimas Feridas";"Plena noite";"Decrescente";"Ceu Claro";"Dupla";"Curva";"Urbano";2;0;0;1;1;0;1;1
83458769;"23/04/16";"Sábado";"15:00:00";"BA";242;"809";"BARREIRAS";"Outras";"Capotamento";"Com Vítimas Feridas";"Pleno dia";"Crescente";"Ceu Claro";"Simples";"Reta";"Rural";1;0;1;0;0;0;1;1
83458770;"23/04/16";"Sábado";"19:15:00";"RS";287;"238,4";"SANTA MARIA";"Não guardar distância de segurança";"Colisão traseira";"Com Vítimas Feridas";"Plena noite";"Decrescente";"Nublado";"Simples";"Reta";"Urbano";2;0;1;0;1;0;1;2
83458771;"23/04/16";"Sábado";"18:00:00";"PI";316;"23";"TERESINA";"Ingestão de álcool";"Queda de motocicleta / bicicleta / veículo";"Com Vítimas Feridas";"Plena noite";"Crescente";"Ceu Claro";"Simples";"Reta";"Urbano";2;0;2;0;0;0;2;1
83458772;"23/04/16";"Sábado";"15:30:00";"SP";116;"499,7";"CAJATI";"Falta de atenção";"Tombamento";"Com Vítimas Feridas";"Pleno dia";"Crescente";"Sol";"Simples";"Reta";"Rural";3;0;1;0;2;0;1;1
83458773;"23/04/16";"Sábado";"19:10:00";"RS";392;"347";"SANTA MARIA";"Animais na Pista";"Atropelamento de animal";"Com Vítimas Feridas";"Plena noite";"Decrescente";"Nublado";"Simples";"Reta";"Urbano";1;0;1;0;0;0;1;1
83458774;"23/04/16";"Sábado";"13:00:00";"PE";232;"81,5";"GRAVATA";"Falta de atenção";"Colisão traseira";"Sem Vítimas";"Pleno dia";"Crescente";"Sol";"Múltipla";"Reta";"Urbano";2;0;0;0;2;0;0;2
83458775;"11/04/16";"Segunda";"14:32:00";"PR";376;"652";"TIJUCAS DO SUL";"Outras";"Saída de Pista";"Com Vítimas Feridas";"Pleno dia";"Decrescente";"Ignorada";"Dupla";"Curva";"Rural";1;0;1;0;0;0;1;1
83458776;"23/04/16";"Sábado";"11:20:00";"PB";230;"464";"SOUSA";"Falta de atenção";"Colisão Transversal";"Com Vítimas Fatais";"Pleno dia";"Crescente";"Ceu Claro";"Simples";"Reta";"Urbano";2;1;0;0;1;0;0;2
83458777;"23/04/16";"Sábado";"18:50:00";"MG";365;"3,4";"MONTES CLAROS";"Não guardar distância de segurança";"Colisão traseira";"Com Vítimas Feridas";"Anoitecer";"Decrescente";"Ceu Claro";"Simples";"Reta";"Rural";2;0;0;1;0;1;1;2
83458778;"19/04/16";"Terça";"14:20:00";"RJ";393;"238";"VASSOURAS";"Falta de atenção";"Colisão Transversal";"Sem Vítimas";"Pleno dia";"Decrescente";"Nublado";"Simples";"Reta";"Urbano";2;0;0;0;2;0;0;2
83458779;"23/04/16";"Sábado";"17:20:00";"MS";158;"118";"APARECIDA DO TABOADO";"Ingestão de álcool";"Queda de motocicleta / bicicleta / veículo";"Com Vítimas Feridas";"Anoitecer";"Decrescente";"Ceu Claro";"Simples";"Reta";"Rural";1;0;1;0;0;0;1;1
83458780;"19/04/16";"Terça";"19:35:00";"RR";174;"503,7";"BOA VISTA";"Falta de atenção";"Colisão lateral";"Sem Vítimas";"Plena noite";"Decrescente";"Ceu Claro";"Simples";"Cruzamento";"Urbano";2;0;0;0;2;0;0;2
83458781;"23/04/16";"Sábado";"19:00:00";"SC";101;"9";"GARUVA";"Outras";"Colisão com objeto móvel";"Com Vítimas Feridas";"Plena noite";"Crescente";"Ceu Claro";"Dupla";"Reta";"Rural";2;0;1;0;1;0;1;1
83458782;"23/04/16";"Sábado";"17:50:00";"CE";116;"67,4";"CHOROZINHO";"Desobediência à sinalização";"Colisão com bicicleta";"Com Vítimas Feridas";"Anoitecer";"Decrescente";"Ceu Claro";"Simples";"Reta";"Urbano";2;0;1;0;1;0;1;2
83458783;"21/04/16";"Quinta";"05:30:00";"SP";116;"467";"PARIQUERA-ACU";"Ingestão de álcool";"Colisão traseira";"Com Vítimas Feridas";"Amanhecer";"Crescente";"Ceu Claro";"Dupla";"Reta";"Rural";7;0;2;0;5;0;2;2
83458784;"23/04/16";"Sábado";"16:40:00";"ES";262;"47";"MARECHAL FLORIANO";"Falta de atenção";"Colisão traseira";"Com Vítimas Feridas";"Pleno dia";"Crescente";"Ceu Claro";"Simples";"Reta";"Urbano";2;0;0;1;1;0;1;2
83458785;"23/04/16";"Sábado";"18:00:00";"SP";116;"226,4";"GUARULHOS";"Ingestão de álcool";"Colisão lateral";"Sem Vítimas";"Plena noite";"Decrescente";"Ceu Claro";"Múltipla";"Reta";"Urbano";2;0;0;0;2;0;0;2
83458786;"23/04/16";"Sábado";"16:15:00";"MG";50;"177,1";"UBERABA";"Outras";"Queda de motocicleta / bicicleta / veículo";"Com Vítimas Feridas";"Pleno dia";"Decrescente";"Ceu Claro";"Dupla";"Reta";"Urbano";1;0;1;0;0;0;1;1
83458787;"16/04/16";"Sábado";"00:20:00";"MA";316;"111,5";"SANTA LUZIA DO PARUA";"Falta de atenção";"Colisão traseira";"Com Vítimas Fatais";"Plena noite";"Decrescente";"Nublado";"Simples";"Reta";"Rural";3;2;0;0;0;1;0;2
83458788;"23/04/16";"Sábado";"05:05:00";"SE";101;"46,7";"JAPARATUBA";"Animais na Pista";"Atropelamento de animal";"Com Vítimas Feridas";"Amanhecer";"Decrescente";"Chuva";"Dupla";"Reta";"Rural";2;0;1;0;1;0;1;1
83458790;"19/04/16";"Terça";"23:00:00";"SC";280;"130,4";"RIO NEGRINHO";"Falta de atenção";"Colisão Transversal";"Sem Vítimas";"Plena noite";"Decrescente";"Ceu Claro";"Simples";"Reta";"Urbano";2;0;0;0;2;0;0;2
83458791;"23/04/16";"Sábado";"12:20:00";"PB";230;"465,8";"SOUSA";"Ingestão de álcool";"Colisão lateral";"Com Vítimas Feridas";"Pleno dia";"Decrescente";"Ceu Claro";"Simples";"Reta";"Rural";3;0;3;0;0;0;3;2
83458792;"23/04/16";"Sábado";"14:55:00";"RS";116;"40,2";"VACARIA";"Falta de atenção";"Colisão Transversal";"Sem Vítimas";"Pleno dia";"Crescente";"Ceu Claro";"Simples";"Cruzamento";"Urbano";2;0;0;0;2;0;0;2
83458793;"23/04/16";"Sábado";"10:25:00";"RR";401;"2";"CANTA";"Falta de atenção";"Saída de Pista";"Com Vítimas Feridas";"Pleno dia";"Crescente";"Nublado";"Simples";"Reta";"Rural";5;0;2;0;2;1;2;1
83458794;"23/04/16";"Sábado";"11:37:00";"BA";116;"569,2";"BREJOES";"Falta de atenção";"Colisão lateral";"Sem Vítimas";"Pleno dia";"Decrescente";"Sol";"Simples";"Reta";"Rural";4;0;0;0;4;0;0;2
83458795;"23/04/16";"Sábado";"20:15:00";"MS";267;"24";"BATAGUASSU";"Desobediência à sinalização";"Colisão lateral";"Sem Vítimas";"Plena noite";"Decrescente";"Ceu Claro";"Simples";"Reta";"Rural";2;0;0;0;1;1;0;2
83458796;"23/04/16";"Sábado";"14:30:00";"GO";158;"268,5";"JATAI";"Ingestão de álcool";"Colisão traseira";"Sem Vítimas";"Plena noite";"Crescente";"Sol";"Dupla";"Reta";"Urbano";2;0;0;0;2;0;0;2
83458797;"18/04/16";"Segunda";"17:09:00";"SC";470;"56";"BLUMENAU";"Ultrapassagem indevida";"Colisão frontal";"Com Vítimas Feridas";"Pleno dia";"Decrescente";"Ceu Claro";"Simples";"Reta";"Rural";2;0;1;0;1;0;1;2
83458798;"23/04/16";"Sábado";"21:00:00";"SC";280;"12";"SAO FRANCISCO DO SUL";"Falta de atenção";"Colisão traseira";"Com Vítimas Feridas";"Plena noite";"Crescente";"Ceu Claro";"Simples";"Reta";"Rural";3;0;2;0;1;0;2;2
83458799;"23/04/16";"Sábado";"19:00:00";"PA";10;"19,4";"DOM ELISEU";"Animais na Pista";"Atropelamento de animal";"Sem Vítimas";"Plena noite";"Decrescente";"Nublado";"Simples";"Reta";"Urbano";2;0;0;0;2;0;0;1
83458800;"23/04/16";"Sábado";"17:15:00";"SC";280;"80";"CORUPA";"Falta de atenção";"Atropelamento de pessoa";"Com Vítimas Feridas";"Pleno dia";"Crescente";"Ceu Claro";"Simples";"Reta";"Urbano";2;0;2;0;0;0;2;1
83458801;"23/04/16";"Sábado";"11:00:00";"MT";70;"704,5";"CACERES";"Velocidade incompatível";"Colisão frontal";"Com Vítimas Feridas";"Pleno dia";"Crescente";"Ceu Claro";"Simples";"Reta";"Rural";5;0;1;2;2;0;3;3
83458802;"23/04/16";"Sábado";"19:30:00";"AL";316;"86,7";"SANTANA DO IPANEMA";"Animais na Pista";"Atropelamento de animal";"Com Vítimas Feridas";"Plena noite";"Crescente";"Ceu Claro";"Simples";"Curva";"Rural";1;0;0;1;0;0;1;1
83458803;"23/04/16";"Sábado";"20:30:00";"RJ";101;"400";"ITAGUAI";"Velocidade incompatível";"Saída de Pista";"Com Vítimas Feridas";"Plena noite";"Decrescente";"Ceu Claro";"Dupla";"Reta";"Rural";5;0;3;0;0;2;3;3
83458804;"23/04/16";"Sábado";"15:45:00";"RJ";101;"434";"MANGARATIBA";"Dormindo";"Colisão lateral";"Sem Vítimas";"Pleno dia";"Crescente";"Ceu Claro";"Simples";"Curva";"Urbano";2;0;0;0;2;0;0;2
83458805;"23/04/16";"Sábado";"19:55:00";"PR";116;"199,6";"RIO NEGRO";"Defeito mecânico em veículo";"Saída de Pista";"Sem Vítimas";"Plena noite";"Crescente";"Ceu Claro";"Simples";"Curva";"Rural";1;0;0;0;1;0;0;1
83458806;"23/04/16";"Sábado";"21:00:00";"RS";116;"229";"DOIS IRMAOS";"Velocidade incompatível";"Tombamento";"Sem Vítimas";"Plena noite";"Decrescente";"Ceu Claro";"Simples";"Reta";"Urbano";1;0;0;0;1;0;0;1
83458807;"23/04/16";"Sábado";"20:10:00";"PR";369;"146";"LONDRINA";"Animais na Pista";"Atropelamento de animal";"Com Vítimas Feridas";"Plena noite";"Decrescente";"Ceu Claro";"Dupla";"Reta";"Urbano";1;0;1;0;0;0;1;1
83458808;"23/04/16";"Sábado";"22:15:00";"SC";101;"205";"SAO JOSE";"Outras";"Queda de motocicleta / bicicleta / veículo";"Com Vítimas Feridas";"Plena noite";"Decrescente";"Ceu Claro";"Múltipla";"Reta";"Urbano";1;0;0;1;0;0;1;1
83458809;"23/04/16";"Sábado";"18:20:00";"MA";222;"661";"ACAILANDIA";"Animais na Pista";"Atropelamento de animal";"Com Vítimas Feridas";"Plena noite";"Crescente";"Ceu Claro";"Simples";"Curva";"Rural";2;0;2;0;0;0;2;1
83458810;"23/04/16";"Sábado";"22:00:00";"RJ";116;"190,3";"QUEIMADOS";"Defeito mecânico em veículo";"Incêndio";"Sem Vítimas";"Plena noite";"Crescente";"Ceu Claro";"Dupla";"Reta";"Urbano";1;0;0;0;1;0;0;1
83458811;"23/04/16";"Sábado";"20:45:00";"MA";10;"317";"ACAILANDIA";"Animais na Pista";"Atropelamento de animal";"Com Vítimas Feridas";"Plena noite";"Crescente";"Ceu Claro";"Simples";"Reta";"Rural";2;0;1;1;0;0;2;1
83458812;"23/04/16";"Sábado";"19:20:00";"MS";419;"277,2";"ANASTACIO";"Animais na Pista";"Atropelamento de animal";"Sem Vítimas";"Plena noite";"Crescente";"Ceu Claro";"Simples";"Reta";"Rural";2;0;0;0;2;0;0;1
83458813;"09/04/16";"Sábado";"11:40:00";"SC";470;"91";"ASCURRA";"Ultrapassagem indevida";"Colisão frontal";"Com Vítimas Feridas";"Pleno dia";"Crescente";"Ceu Claro";"Simples";"Reta";"Rural";2;0;1;0;1;0;1;2
83458814;"23/04/16";"Sábado";"15:40:00";"MG";262;"38,4";"MANHUACU";"Ingestão de álcool";"Colisão lateral";"Com Vítimas Feridas";"Pleno dia";"Crescente";"Ceu Claro";"Simples";"Reta";"Urbano";3;0;1;1;1;0;2;2
83458815;"23/04/16";"Sábado";"13:45:00";"BA";101;"947";"MUCURI";"Outras";"Colisão frontal";"Com Vítimas Fatais";"Pleno dia";"Crescente";"Chuva";"Simples";"Curva";"Rural";5;1;2;2;0;0;4;2
83458816;"23/04/16";"Sábado";"15:16:00";"PR";163;"294";"MARECHAL CANDIDO RONDON";"Defeito mecânico em veículo";"Incêndio";"Sem Vítimas";"Pleno dia";"Decrescente";"Ceu Claro";"Simples";"Reta";"Rural";1;0;0;0;1;0;0;1
83458817;"23/04/16";"Sábado";"22:10:00";"RJ";101;"332";"RIO DE JANEIRO";"Falta de atenção";"Colisão com objeto fixo";"Com Vítimas Feridas";"Plena noite";"Crescente";"Ceu Claro";"Dupla";"Curva";"Urbano";2;0;2;0;0;0;2;1
83458818;"23/04/16";"Sábado";"16:05:00";"PR";277;"681";"SAO MIGUEL DO IGUACU";"Velocidade incompatível";"Capotamento";"Com Vítimas Feridas";"Pleno dia";"Decrescente";"Ceu Claro";"Dupla";"Reta";"Rural";2;0;1;1;0;0;2;1
83458819;"23/04/16";"Sábado";"22:30:00";"GO";153;"515,5";"APARECIDA DE GOIANIA";"Outras";"Saída de Pista";"Com Vítimas Feridas";"Plena noite";"Crescente";"Ceu Claro";"Dupla";"Reta";"Rural";1;0;1;0;0;0;1;1
83458820;"23/04/16";"Sábado";"15:30:00";"MG";40;"566";"NOVA LIMA";"Outras";"Tombamento";"Sem Vítimas";"Pleno dia";"Decrescente";"Ceu Claro";"Simples";"Reta";"Urbano";1;0;0;0;1;0;0;1
83458821;"23/04/16";"Sábado";"20:50:00";"GO";153;"508";"APARECIDA DE GOIANIA";"Outras";"Queda de motocicleta / bicicleta / veículo";"Com Vítimas Feridas";"Plena noite";"Decrescente";"Ceu Claro";"Dupla";"Reta";"Urbano";1;0;1;0;0;0;1;1
83458822;"23/04/16";"Sábado";"21:50:00";"MS";163;"495";"CAMPO GRANDE";"Falta de atenção";"Queda de motocicleta / bicicleta / veículo";"Com Vítimas Feridas";"Plena noite";"Crescente";"Ceu Claro";"Simples";"Reta";"Rural";1;0;0;1;0;0;1;1
83458823;"23/04/16";"Sábado";"16:48:00";"MG";50;"139,8";"UBERABA";"Dormindo";"Saída de Pista";"Sem Vítimas";"Pleno dia";"Decrescente";"Ceu Claro";"Dupla";"Reta";"Rural";1;0;0;0;1;0;0;1
83458824;"19/04/16";"Terça";"21:00:00";"PA";316;"53";"SANTA ISABEL DO PARA";"Falta de atenção";"Colisão lateral";"Com Vítimas Feridas";"Plena noite";"Crescente";"Ceu Claro";"Dupla";"Reta";"Urbano";2;0;0;1;1;0;1;2
83458825;"23/04/16";"Sábado";"23:15:00";"SP";381;"10";"VARGEM";"Defeito mecânico em veículo";"Incêndio";"Sem Vítimas";"Plena noite";"Crescente";"Ceu Claro";"Dupla";"Reta";"Rural";1;0;0;0;1;0;0;1
83458826;"23/04/16";"Sábado";"23:30:00";"BA";101;"717,1";"EUNAPOLIS";"Ingestão de álcool";"Queda de motocicleta / bicicleta / veículo";"Com Vítimas Feridas";"Plena noite";"Crescente";"Nublado";"Simples";"Reta";"Urbano";1;0;1;0;0;0;1;1
83458827;"23/04/16";"Sábado";"15:30:00";"BA";324;"590";"CANDEIAS";"Outras";"Colisão com objeto móvel";"Sem Vítimas";"Pleno dia";"Decrescente";"Ceu Claro";"Dupla";"Reta";"Rural";2;0;0;0;2;0;0;2
83458828;"24/04/16";"Domingo";"00:10:00";"PB";230;"62,8";"SAO MIGUEL DE TAIPU";"Animais na Pista";"Atropelamento de animal";"Com Vítimas Feridas";"Plena noite";"Decrescente";"Ceu Claro";"Dupla";"Reta";"Rural";1;0;1;0;0;0;1;1
83458829;"23/04/16";"Sábado";"18:50:00";"PR";376;"491,4";"PONTA GROSSA";"Velocidade incompatível";"Colisão traseira";"Com Vítimas Feridas";"Plena noite";"Crescente";"Nublado";"Dupla";"Reta";"Urbano";5;0;2;0;3;0;2;4
83458830;"24/04/16";"Domingo";"00:40:00";"MG";381;"357";"JOAO MONLEVADE";"Velocidade incompatível";"Saída de Pista";"Com Vítimas Feridas";"Plena noite";"Decrescente";"Ceu Claro";"Simples";"Reta";"Urbano";2;0;0;2;0;0;2;1
83458831;"22/04/16";"Sexta";"07:10:00";"RO";364;"409";"JARU";"Ultrapassagem indevida";"Queda de motocicleta / bicicleta / veículo";"Com Vítimas Feridas";"Pleno dia";"Crescente";"Ceu Claro";"Simples";"Reta";"Urbano";1;0;1;0;0;0;1;1
83458832;"23/04/16";"Sábado";"22:30:00";"SC";101;"122,9";"ITAJAI";"Ingestão de álcool";"Colisão traseira";"Com Vítimas Feridas";"Plena noite";"Crescente";"Ceu Claro";"Dupla";"Reta";"Urbano";3;0;2;0;1;0;2;3
83458833;"23/04/16";"Sábado";"15:30:00";"MA";226;"570";"SITIO NOVO";"Ultrapassagem indevida";"Colisão frontal";"Com Vítimas Fatais";"Pleno dia";"Crescente";"Sol";"Simples";"Reta";"Rural";3;1;1;1;0;0;2;2
83458834;"23/04/16";"Sábado";"19:00:00";"MT";158;"735,8";"BARRA DO GARCAS";"Falta de atenção";"Colisão traseira";"Com Vítimas Feridas";"Plena noite";"Decrescente";"Ceu Claro";"Simples";"Reta";"Rural";2;0;0;1;1;0;1;2
83458835;"23/04/16";"Sábado";"18:30:00";"MG";381;"490";"BETIM";"Ingestão de álcool";"Colisão com objeto fixo";"Sem Vítimas";"Plena noite";"Decrescente";"Ceu Claro";"Dupla";"Reta";"Urbano";1;0;0;0;1;0;0;1
83458836;"24/04/16";"Domingo";"00:00:00";"MG";146;"464,8";"CABO VERDE";"Animais na Pista";"Atropelamento de animal";"Sem Vítimas";"Plena noite";"Decrescente";"Ceu Claro";"Simples";"Reta";"Rural";1;0;0;0;1;0;0;1
83458837;"24/04/16";"Domingo";"02:30:00";"RS";101;"85,7";"OSORIO";"Falta de atenção";"Capotamento";"Com Vítimas Feridas";"Plena noite";"Decrescente";"Ceu Claro";"Múltipla";"Reta";"Urbano";3;0;1;2;0;0;3;1
83458838;"24/04/16";"Domingo";"00:30:00";"RJ";393;"285";"VOLTA REDONDA";"Outras";"Saída de Pista";"Com Vítimas Feridas";"Amanhecer";"Crescente";"Ceu Claro";"Simples";"Reta";"Urbano";2;0;2;0;0;0;2;1
83458839;"23/04/16";"Sábado";"14:10:00";"MG";40;"498";"ESMERALDAS";"Velocidade incompatível";"Capotamento";"Sem Vítimas";"Pleno dia";"Decrescente";"Ceu Claro";"Dupla";"Reta";"Rural";1;0;0;0;1;0;0;1
83458840;"23/04/16";"Sábado";"23:05:00";"MA";316;"548";"CAXIAS";"Animais na Pista";"Atropelamento de animal";"Com Vítimas Feridas";"Plena noite";"Crescente";"Ceu Claro";"Simples";"Reta";"Rural";2;0;1;0;1;0;1;1
83458841;"23/04/16";"Sábado";"19:00:00";"BA";116;"375";"SANTA BARBARA";"Outras";"Colisão lateral";"Sem Vítimas";"Plena noite";"Decrescente";"Ceu Claro";"Simples";"Reta";"Rural";2;0;0;0;1;1;0;2
83458842;"19/04/16";"Terça";"17:20:00";"RJ";101;"62";"CAMPOS DOS GOYTACAZES";"Desobediência à sinalização";"Colisão frontal";"Com Vítimas Feridas";"Pleno dia";"Decrescente";"Ceu Claro";"Simples";"Cruzamento";"Urbano";2;0;0;1;1;0;1;2
83458843;"23/04/16";"Sábado";"18:45:00";"PR";376;"491,5";"PONTA GROSSA";"Velocidade incompatível";"Saída de Pista";"Sem Vítimas";"Plena noite";"Crescente";"Ceu Claro";"Dupla";"Reta";"Urbano";1;0;0;0;1;0;0;1
83458844;"23/04/16";"Sábado";"21:00:00";"CE";116;"192,6";"LIMOEIRO DO NORTE";"Falta de atenção";"Colisão Transversal";"Sem Vítimas";"Plena noite";"Crescente";"Ceu Claro";"Simples";"Reta";"Urbano";2;0;0;0;2;0;0;2
83458845;"24/04/16";"Domingo";"03:15:00";"PR";376;"653,8";"TIJUCAS DO SUL";"Dormindo";"Capotamento";"Com Vítimas Feridas";"Plena noite";"Decrescente";"Ceu Claro";"Dupla";"Curva";"Rural";4;0;2;0;2;0;2;1
83458846;"24/04/16";"Domingo";"02:50:00";"RJ";465;"2";"SEROPEDICA";"Dormindo";"Colisão frontal";"Com Vítimas Feridas";"Plena noite";"Crescente";"Ceu Claro";"Simples";"Reta";"Rural";3;0;1;2;0;0;3;2
83458847;"23/04/16";"Sábado";"20:00:00";"BA";116;"779";"PLANALTO";"Ingestão de álcool";"Colisão lateral";"Com Vítimas Feridas";"Pleno dia";"Crescente";"Ceu Claro";"Simples";"Reta";"Urbano";2;0;0;1;1;0;1;2
83458848;"24/04/16";"Domingo";"03:40:00";"MG";381;"490";"BETIM";"Velocidade incompatível";"Atropelamento de pessoa";"Com Vítimas Feridas";"Plena noite";"Crescente";"Ceu Claro";"Dupla";"Reta";"Urbano";2;0;0;1;0;1;1;1
83458849;"23/04/16";"Sábado";"14:05:00";"MG";381;"490";"BETIM";"Outras";"Colisão traseira";"Com Vítimas Feridas";"Pleno dia";"Decrescente";"Sol";"Dupla";"Reta";"Urbano";3;0;2;0;1;0;2;3
83458850;"19/04/16";"Terça";"07:40:00";"PI";343;"348,3";"TERESINA";"Desobediência à sinalização";"Colisão Transversal";"Com Vítimas Feridas";"Pleno dia";"Crescente";"Ceu Claro";"Múltipla";"Cruzamento";"Urbano";2;0;1;0;1;0;1;2
83458851;"24/04/16";"Domingo";"04:45:00";"RJ";101;"56";"CAMPOS DOS GOYTACAZES";"Animais na Pista";"Atropelamento de animal";"Com Vítimas Feridas";"Plena noite";"Crescente";"Ceu Claro";"Simples";"Reta";"Rural";1;0;1;0;0;0;1;1
83458852;"24/04/16";"Domingo";"04:40:00";"RS";116;"242,9";"SAO LEOPOLDO";"Ingestão de álcool";"Colisão com objeto fixo";"Sem Vítimas";"Plena noite";"Crescente";"Ceu Claro";"Múltipla";"Reta";"Urbano";1;0;0;0;1;0;0;1
83458853;"23/04/16";"Sábado";"19:35:00";"MG";381;"491";"BETIM";"Falta de atenção";"Colisão lateral";"Com Vítimas Feridas";"Plena noite";"Crescente";"Ceu Claro";"Dupla";"Reta";"Urbano";2;0;1;0;1;0;1;2
83458854;"24/04/16";"Domingo";"04:40:00";"BA";242;"370";"SEABRA";"Outras";"Queda de motocicleta / bicicleta / veículo";"Com Vítimas Feridas";"Amanhecer";"Decrescente";"Ceu Claro";"Simples";"Reta";"Rural";1;0;1;0;0;0;1;1
83458855;"23/04/16";"Sábado";"23:30:00";"MG";153;"211";"FRUTAL";"Dormindo";"Saída de Pista";"Com Vítimas Feridas";"Plena noite";"Decrescente";"Ceu Claro";"Dupla";"Cruzamento";"Rural";2;0;2;0;0;0;2;1
83458856;"24/04/16";"Domingo";"01:00:00";"MG";40;"678,4";"CARANDAI";"Dormindo";"Saída de Pista";"Com Vítimas Feridas";"Plena noite";"Decrescente";"Ceu Claro";"Simples";"Reta";"Rural";1;0;1;0;0;0;1;1
83458857;"24/04/16";"Domingo";"04:30:00";"BA";101;"743,2";"ITABELA";"Ingestão de álcool";"Saída de Pista";"Com Vítimas Feridas";"Amanhecer";"Crescente";"Ceu Claro";"Simples";"Reta";"Rural";1;0;1;0;0;0;1;1
83458858;"24/04/16";"Domingo";"05:00:00";"RJ";101;"312";"SAO GONCALO";"Falta de atenção";"Colisão traseira";"Com Vítimas Feridas";"Amanhecer";"Crescente";"Ceu Claro";"Dupla";"Reta";"Urbano";2;0;1;0;1;0;1;2
83458859;"23/04/16";"Sábado";"14:40:00";"MG";381;"932,5";"EXTREMA";"Velocidade incompatível";"Colisão com objeto fixo";"Com Vítimas Feridas";"Pleno dia";"Decrescente";"Sol";"Dupla";"Curva";"Rural";2;0;1;1;0;0;2;1
83458860;"23/04/16";"Sábado";"08:50:00";"RJ";101;"551";"PARATI";"Ingestão de álcool";"Capotamento";"Ignorado";"Plena noite";"Decrescente";"Ceu Claro";"Simples";"Reta";"Urbano";1;0;0;0;0;1;0;1
83458861;"24/04/16";"Domingo";"05:30:00";"RS";116;"611,3";"ARROIO GRANDE";"Outras";"Saída de Pista";"Ignorado";"Anoitecer";"Decrescente";"Chuva";"Simples";"Reta";"Rural";1;0;0;0;0;1;0;1
83458862;"21/04/16";"Quinta";"15:15:00";"ES";262;"56";"MARECHAL FLORIANO";"Falta de atenção";"Colisão Transversal";"Sem Vítimas";"Pleno dia";"Crescente";"Sol";"Simples";"Cruzamento";"Rural";2;0;0;0;2;0;0;2
83458863;"24/04/16";"Domingo";"06:05:00";"PE";316;"321";"FLORESTA";"Animais na Pista";"Atropelamento de animal";"Sem Vítimas";"Amanhecer";"Crescente";"Ceu Claro";"Simples";"Reta";"Rural";3;0;0;0;3;0;0;1
83458864;"24/04/16";"Domingo";"06:15:00";"PB";230;"81";"CALDAS BRANDAO";"Falta de atenção";"Colisão com bicicleta";"Com Vítimas Feridas";"Pleno dia";"Decrescente";"Ceu Claro";"Simples";"Reta";"Rural";2;0;0;1;0;1;1;2
83458865;"14/04/16";"Quinta";"08:25:00";"CE";116;"3";"FORTALEZA";"Não guardar distância de segurança";"Colisão traseira";"Com Vítimas Feridas";"Pleno dia";"Crescente";"Sol";"Múltipla";"Reta";"Urbano";2;0;1;0;1;0;1;2
83458866;"23/04/16";"Sábado";"16:10:00";"AC";364;"129,9";"RIO BRANCO";"Falta de atenção";"Colisão traseira";"Com Vítimas Feridas";"Pleno dia";"Decrescente";"Ceu Claro";"Simples";"Reta";"Rural";2;0;0;1;1;0;1;2
83458867;"24/04/16";"Domingo";"06:00:00";"RJ";393;"169";"TRES RIOS";"Falta de atenção";"Capotamento";"Com Vítimas Feridas";"Pleno dia";"Decrescente";"Ceu Claro";"Simples";"Curva";"Rural";1;0;1;0;0;0;1;1
83458868;"24/04/16";"Domingo";"06:10:00";"MG";381;"849";"POUSO ALEGRE";"Animais na Pista";"Atropelamento de animal";"Com Vítimas Feridas";"Amanhecer";"Crescente";"Ceu Claro";"Dupla";"Curva";"Urbano";1;0;1;0;0;0;1;1