"id";"data_inversa";"dia_semana";"horario";"uf";"br";"km";"municipio";"causa_acidente";"tipo_acidente";"classificacao_acidente";"fase_dia";"sentido_via";"condicao_metereologica";"tipo_pista";"tracado_via";"uso_solo";"pessoas";"mortos";"feridos_leves";"feridos_graves";"ilesos";"ignorados";"feridos";"veiculos"
83459090;"24/04/16";"Domingo";"20:00:00";"SC";101;"315";"LAGUNA";"Falta de atenção";"Saída de Pista";"Sem Vítimas";"Plena noite";"Decrescente";"Vento";"Simples";"Reta";"Rural";2;0;0;0;2;0;0;1
83459091;"24/04/16";"Domingo";"21:10:00";"MS";267;"29,2";"BATAGUASSU";"Desobediência à sinalização";"Colisão com bicicleta";"Com Vítimas Feridas";"Plena noite";"Decrescente";"Ceu Claro";"Dupla";"Reta";"Urbano";2;0;1;0;1;0;1;2
83459092;"24/04/16";"Domingo";"15:50:00";"MG";40;"447";"CAETANOPOLIS";"Outras";"Capotamento";"Com Vítimas Fatais";"Pleno dia";"Decrescente";"Ceu Claro";"Dupla";"Reta";"Rural";5;1;3;1;0;0;4;1
83459093;"24/04/16";"Domingo";"23:55:00";"RS";386;"345,6";"LAJEADO";"Ingestão de álcool";"Colisão com objeto fixo";"Sem Vítimas";"Plena noite";"Decrescente";"Nublado";"Dupla";"Reta";"Urbano";1;0;0;0;1;0;0;1
83459094;"24/04/16";"Domingo";"16:40:00";"CE";116;"161";"RUSSAS";"Falta de atenção";"Colisão com bicicleta";"Com Vítimas Fatais";"Pleno dia";"Decrescente";"Ceu Claro";"Simples";"Reta";"Urbano";2;1;0;0;1;0;0;2
83459095;"24/04/16";"Domingo";"22:29:00";"GO";153;"651";"GOIATUBA";"Dormindo";"Saída de Pista";"Sem Vítimas";"Plena noite";"Decrescente";"Ceu Claro";"Dupla";"Reta";"Rural";3;0;0;0;3;0;0;1
83459096;"24/04/16";"Domingo";"23:00:00";"BA";242;"576";"IBOTIRAMA";"Ingestão de álcool";"Colisão frontal";"Sem Vítimas";"Plena noite";"Crescente";"Ceu Claro";"Simples";"Reta";"Rural";2;0;0;0;2;0;0;2
83459097;"24/04/16";"Domingo";"20:30:00";"MG";365;"459";"PATROCINIO";"Ultrapassagem indevida";"Colisão frontal";"Com Vítimas Feridas";"Plena noite";"Decrescente";"Ceu Claro";"Simples";"Reta";"Rural";3;0;1;0;2;0;1;2
83459098;"18/04/16";"Segunda";"14:00:00";"ES";101;"175,2";"ARACRUZ";"Velocidade incompatível";"Saída de Pista";"Sem Vítimas";"Pleno dia";"Decrescente";"Chuva";"Simples";"Curva";"Urbano";1;0;0;0;1;0;0;1
83459099;"24/04/16";"Domingo";"19:10:00";"TO";242;"473,3";"GURUPI";"Outras";"Saída de Pista";"Com Vítimas Fatais";"Plena noite";"Crescente";"Ceu Claro";"Simples";"Reta";"Rural";1;1;0;0;0;0;0;1
83459100;"24/04/16";"Domingo";"19:50:00";"PB";230;"89,9";"GURINHEM";"Falta de atenção";"Colisão traseira";"Sem Vítimas";"Plena noite";"Crescente";"Ceu Claro";"Dupla";"Reta";"Urbano";2;0;0;0;2;0;0;2
83459101;"25/04/16";"Segunda";"00:10:00";"CE";20;"405,5";"CAUCAIA";"Ingestão de álcool";"Atropelamento de pessoa";"Com Vítimas Feridas";"Plena noite";"Crescente";"Nublado";"Simples";"Reta";"Urbano";2;0;1;0;0;1;1;1
83459102;"24/04/16";"Domingo";"10:00:00";"MA";316;"350";"BACABAL";"Falta de atenção";"Colisão traseira";"Sem Vítimas";"Pleno dia";"Decrescente";"Nublado";"Simples";"Reta";"Rural";3;0;0;0;3;0;0;3
83459103;"12/04/16";"Terça";"10:15:00";"GO";60;"374,5";"RIO VERDE";"Defeito mecânico em veículo";"Queda de motocicleta / bicicleta / veículo";"Com Vítimas Feridas";"Pleno dia";"Crescente";"Sol";"Dupla";"Reta";"Rural";1;0;0;1;0;0;1;1
83459104;"24/04/16";"Domingo";"22:10:00";"SP";116;"92,3";"PINDAMONHANGABA";"Outras";"Colisão com bicicleta";"Com Vítimas Fatais";"Plena noite";"Crescente";"Ceu Claro";"Dupla";"Reta";"Urbano";2;1;0;0;1;0;0;2
83459105;"24/04/16";"Domingo";"18:00:00";"PB";101;"74,5";"SANTA RITA";"Ingestão de álcool";"Colisão traseira";"Com Vítimas Feridas";"Plena noite";"Decrescente";"Ceu Claro";"Dupla";"Curva";"Rural";3;0;0;2;1;0;2;2
83459106;"24/04/16";"Domingo";"09:30:00";"DF";60;"3,5";"BRASILIA";"Dormindo";"Colisão com objeto fixo";"Com Vítimas Feridas";"Pleno dia";"Decrescente";"Sol";"Dupla";"Reta";"Urbano";1;0;1;0;0;0;1;1
83459107;"24/04/16";"Domingo";"20:30:00";"SP";101;"50,5";"UBATUBA";"Ingestão de álcool";"Colisão Transversal";"Sem Vítimas";"Plena noite";"Decrescente";"Ceu Claro";"Simples";"Reta";"Rural";4;0;0;0;4;0;0;2
83459108;"24/04/16";"Domingo";"11:00:00";"MG";116;"304";"ITAMBACURI";"Falta de atenção";"Colisão traseira";"Sem Vítimas";"Pleno dia";"Crescente";"Sol";"Simples";"Reta";"Rural";2;0;0;0;2;0;0;2
83459109;"25/04/16";"Segunda";"00:10:00";"PR";116;"113";"CURITIBA";"Velocidade incompatível";"Saída de Pista";"Sem Vítimas";"Plena noite";"Crescente";"Nublado";"Dupla";"Reta";"Rural";5;0;0;0;5;0;0;1
83459110;"24/04/16";"Domingo";"23:15:00";"BA";415;"57";"ITABUNA";"Não guardar distância de segurança";"Colisão traseira";"Com Vítimas Feridas";"Plena noite";"Crescente";"Ceu Claro";"Simples";"Reta";"Rural";3;0;0;2;0;1;2;2
83459111;"24/04/16";"Domingo";"15:50:00";"MG";364;"32,8";"FRUTAL";"Outras";"Saída de Pista";"Sem Vítimas";"Pleno dia";"Crescente";"Ceu Claro";"Simples";"Reta";"Rural";1;0;0;0;1;0;0;1
83459112;"24/04/16";"Domingo";"16:00:00";"PB";427;"9,1";"VISTA SERRANA";"Ingestão de álcool";"Colisão lateral";"Com Vítimas Feridas";"Pleno dia";"Crescente";"Ceu Claro";"Simples";"Reta";"Urbano";3;0;2;0;0;1;2;2
83459113;"25/04/16";"Segunda";"01:40:00";"SC";101;"26,7";"JOINVILLE";"Outras";"Colisão com objeto fixo";"Sem Vítimas";"Plena noite";"Decrescente";"Ceu Claro";"Dupla";"Reta";"Urbano";1;0;0;0;1;0;0;1
83459114;"24/04/16";"Domingo";"20:10:00";"PB";230;"89,9";"GURINHEM";"Falta de atenção";"Colisão traseira";"Com Vítimas Feridas";"Plena noite";"Crescente";"Ceu Claro";"Dupla";"Reta";"Urbano";2;0;0;1;1;0;1;2
83459115;"24/04/16";"Domingo";"13:30:00";"AP";156;"100";"LARANJAL DO JARI";"Outras";"Saída de Pista";"Sem Vítimas";"Pleno dia";"Crescente";"Ceu Claro";"Simples";"Reta";"Rural";1;0;0;0;1;0;0;1
83459116;"24/04/16";"Domingo";"17:35:00";"PR";369;"156";"LONDRINA";"Desobediência à sinalização";"Colisão Transversal";"Com Vítimas Feridas";"Pleno dia";"Decrescente";"Ceu Claro";"Dupla";"Cruzamento";"Urbano";5;0;3;2;0;0;5;3
83459117;"20/04/16";"Quarta";"18:00:00";"MG";381;"448";"SABARA";"Falta de atenção";"Colisão Transversal";"Com Vítimas Fatais";"Plena noite";"Crescente";"Nublado";"Simples";"Reta";"Rural";2;1;0;0;1;0;0;2
83459118;"24/04/16";"Domingo";"21:17:00";"RR";174;"464";"BOA VISTA";"Falta de atenção";"Saída de Pista";"Com Vítimas Feridas";"Plena noite";"Crescente";"Ceu Claro";"Dupla";"Reta";"Rural";2;0;2;0;0;0;2;1
83459119;"24/04/16";"Domingo";"20:30:00";"BA";116;"658,2";"JEQUIE";"Velocidade incompatível";"Queda de motocicleta / bicicleta / veículo";"Com Vítimas Feridas";"Plena noite";"Decrescente";"Ceu Claro";"Simples";"Curva";"Rural";1;0;0;1;0;0;1;1
83459120;"24/04/16";"Domingo";"14:50:00";"MG";153;"187";"FRUTAL";"Falta de atenção";"Colisão traseira";"Com Vítimas Feridas";"Pleno dia";"Decrescente";"Ceu Claro";"Simples";"Reta";"Rural";4;0;1;0;3;0;1;2
83459121;"24/04/16";"Domingo";"11:15:00";"ES";101;"148,5";"LINHARES";"Desobediência à sinalização";"Colisão lateral";"Com Vítimas Feridas";"Pleno dia";"Decrescente";"Nublado";"Múltipla";"Reta";"Urbano";2;0;1;0;1;0;1;2
83459122;"25/04/16";"Segunda";"02:20:00";"MG";116;"583";"MANHUACU";"Animais na Pista";"Atropelamento de animal";"Sem Vítimas";"Plena noite";"Crescente";"Nublado";"Simples";"Reta";"Rural";1;0;0;0;1;0;0;1
83459123;"24/04/16";"Domingo";"17:40:00";"PB";101;"75";"SANTA RITA";"Outras";"Capotamento";"Ignorado";"Plena noite";"Crescente";"Ceu Claro";"Dupla";"Curva";"Rural";1;0;0;0;0;1;0;1
83459124;"24/04/16";"Domingo";"19:40:00";"ES";101;"289,5";"CARIACICA";"Falta de atenção";"Tombamento";"Com Vítimas Feridas";"Plena noite";"Crescente";"Nublado";"Dupla";"Reta";"Urbano";1;0;1;0;0;0;1;1
83459125;"24/04/16";"Domingo";"14:00:00";"MG";365;"140,8";"PIRAPORA";"Não guardar distância de segurança";"Colisão traseira";"Com Vítimas Feridas";"Pleno dia";"Crescente";"Sol";"Simples";"Reta";"Rural";3;0;0;1;2;0;1;2
83459126;"25/04/16";"Segunda";"02:30:00";"MG";40;"586,9";"ITABIRITO";"Outras";"Saída de Pista";"Com Vítimas Feridas";"Plena noite";"Decrescente";"Ceu Claro";"Simples";"Reta";"Rural";2;0;1;0;1;0;1;1
83459128;"24/04/16";"Domingo";"20:20:00";"RS";290;"583";"ALEGRETE";"Animais na Pista";"Atropelamento de animal";"Sem Vítimas";"Plena noite";"Decrescente";"Chuva";"Simples";"Reta";"Urbano";5;0;0;0;5;0;0;1
83459129;"24/04/16";"Domingo";"19:00:00";"MG";116;"212,1";"CATUJI";"Falta de atenção";"Tombamento";"Com Vítimas Feridas";"Plena noite";"Decrescente";"Ignorada";"Simples";"Curva";"Rural";2;0;0;2;0;0;2;1
83459130;"24/04/16";"Domingo";"08:25:00";"MG";381;"485";"BETIM";"Falta de atenção";"Colisão traseira";"Com Vítimas Feridas";"Pleno dia";"Decrescente";"Sol";"Dupla";"Reta";"Urbano";5;0;4;0;1;0;4;2
83459131;"24/04/16";"Domingo";"18:00:00";"PR";277;"3";"PARANAGUA";"Ingestão de álcool";"Atropelamento de pessoa";"Com Vítimas Feridas";"Anoitecer";"Crescente";"Ceu Claro";"Simples";"Reta";"Urbano";2;0;0;1;0;1;1;1
83459132;"24/04/16";"Domingo";"16:30:00";"RO";364;"595";"CANDEIAS DO JAMARI";"Falta de atenção";"Colisão traseira";"Sem Vítimas";"Pleno dia";"Decrescente";"Ceu Claro";"Simples";"Reta";"Urbano";5;0;0;0;5;0;0;2
83459133;"24/04/16";"Domingo";"23:20:00";"SC";280;"262,4";"CANOINHAS";"Outras";"Colisão frontal";"Com Vítimas Fatais";"Plena noite";"Crescente";"Ceu Claro";"Simples";"Reta";"Rural";8;5;0;1;2;0;1;4
83459134;"24/04/16";"Domingo";"22:55:00";"ES";101;"140";"LINHARES";"Outras";"Queda de motocicleta / bicicleta / veículo";"Com Vítimas Feridas";"Plena noite";"Crescente";"Ceu Claro";"Múltipla";"Reta";"Urbano";1;0;0;1;0;0;1;1
83459135;"24/04/16";"Domingo";"18:10:00";"MG";40;"117";"LAGOA GRANDE";"Outras";"Colisão traseira";"Sem Vítimas";"Plena noite";"Decrescente";"Ignorada";"Simples";"Reta";"Rural";3;0;0;0;3;0;0;2
83459136;"24/04/16";"Domingo";"22:00:00";"PE";232;"58";"POMBOS";"Ingestão de álcool";"Saída de Pista";"Com Vítimas Feridas";"Plena noite";"Decrescente";"Nublado";"Dupla";"Reta";"Urbano";1;0;1;0;0;0;1;1
83459137;"25/04/16";"Segunda";"04:00:00";"ES";101;"275";"SERRA";"Outras";"Atropelamento de pessoa";"Com Vítimas Fatais";"Amanhecer";"Crescente";"Ceu Claro";"Dupla";"Reta";"Rural";2;1;0;0;0;1;0;1
83459138;"24/04/16";"Domingo";"16:00:00";"MG";116;"162";"PADRE PARAISO";"Outras";"Colisão com objeto fixo";"Ignorado";"Pleno dia";"Decrescente";"Sol";"Simples";"Curva";"Rural";2;0;0;0;0;2;0;1
83459139;"20/04/16";"Quarta";"07:30:00";"RS";287;"311,2";"SAO VICENTE DO SUL";"Animais na Pista";"Saída de Pista";"Com Vítimas Feridas";"Amanhecer";"Crescente";"Nublado";"Simples";"Curva";"Rural";1;0;1;0;0;0;1;1
83459140;"24/04/16";"Domingo";"09:15:00";"MG";381;"547,7";"ITATIAIUCU";"Velocidade incompatível";"Colisão com objeto fixo";"Com Vítimas Feridas";"Pleno dia";"Crescente";"Ceu Claro";"Dupla";"Curva";"Rural";1;0;1;0;0;0;1;1
83459141;"24/04/16";"Domingo";"10:30:00";"BA";116;"642";"JEQUIE";"Ultrapassagem indevida";"Colisão lateral";"Sem Vítimas";"Pleno dia";"Crescente";"Ceu Claro";"Simples";"Curva";"Rural";2;0;0;0;1;1;0;2
83459142;"21/04/16";"Quinta";"07:10:00";"SP";116;"118";"TAUBATE";"Ingestão de álcool";"Colisão traseira";"Sem Vítimas";"Pleno dia";"Decrescente";"Ceu Claro";"Dupla";"Reta";"Urbano";3;0;0;0;3;0;0;3
83459143;"17/04/16";"Domingo";"01:30:00";"BA";101;"537";"SAO JOSE DA VITORIA";"Ingestão de álcool";"Colisão com objeto fixo";"Com Vítimas Feridas";"Plena noite";"Decrescente";"Nublado";"Simples";"Curva";"Rural";2;0;2;0;0;0;2;1
83459144;"24/04/16";"Domingo";"21:15:00";"MG";135;"434,3";"ENGENHEIRO NAVARRO";"Ultrapassagem indevida";"Colisão frontal";"Com Vítimas Fatais";"Plena noite";"Crescente";"Ceu Claro";"Simples";"Reta";"Rural";3;1;1;0;0;1;1;2
83459145;"24/04/16";"Domingo";"20:15:00";"MG";135;"387,4";"BOCAIUVA";"Outras";"Queda de motocicleta / bicicleta / veículo";"Com Vítimas Feridas";"Plena noite";"Decrescente";"Ceu Claro";"Simples";"Curva";"Rural";1;0;0;1;0;0;1;1
83459146;"24/04/16";"Domingo";"22:30:00";"MS";158;"306,5";"TRES LAGOAS";"Ultrapassagem indevida";"Tombamento";"Com Vítimas Feridas";"Plena noite";"Decrescente";"Ceu Claro";"Simples";"Reta";"Rural";1;0;1;0;0;0;1;1
83459147;"25/04/16";"Segunda";"04:40:00";"SP";116;"448";"REGISTRO";"Dormindo";"Saída de Pista";"Sem Vítimas";"Plena noite";"Decrescente";"Ceu Claro";"Dupla";"Reta";"Urbano";1;0;0;0;1;0;0;1
83459148;"21/04/16";"Quinta";"18:50:00";"PR";277;"336,6";"GUARAPUAVA";"Ingestão de álcool";"Atropelamento de pessoa";"Com Vítimas Feridas";"Plena noite";"Decrescente";"Ceu Claro";"Dupla";"Curva";"Rural";2;0;1;0;1;0;1;1
83459149;"21/04/16";"Quinta";"22:20:00";"PR";373;"277,6";"PRUDENTOPOLIS";"Ingestão de álcool";"Saída de Pista";"Ignorado";"Plena noite";"Crescente";"Ceu Claro";"Simples";"Curva";"Rural";1;0;0;0;0;1;0;1
83459150;"22/04/16";"Sexta";"21:40:00";"PB";101;"82,9";"BAYEUX";"Outras";"Queda de motocicleta / bicicleta / veículo";"Com Vítimas Feridas";"Plena noite";"Crescente";"Nublado";"Dupla";"Reta";"Urbano";2;0;1;0;0;1;1;1
83459151;"21/04/16";"Quinta";"12:00:00";"GO";40;"0,1";"VALPARAISO DE GOIAS";"Desobediência à sinalização";"Colisão traseira";"Com Vítimas Feridas";"Pleno dia";"Decrescente";"Ceu Claro";"Dupla";"Reta";"Urbano";3;0;2;0;1;0;2;2
83459152;"25/04/16";"Segunda";"00:30:00";"ES";101;"457,2";"MIMOSO DO SUL";"Velocidade incompatível";"Capotamento";"Sem Vítimas";"Plena noite";"Crescente";"Ceu Claro";"Simples";"Curva";"Rural";1;0;0;0;1;0;0;1
83459153;"25/04/16";"Segunda";"04:30:00";"RJ";101;"241,7";"SILVA JARDIM";"Falta de atenção";"Saída de Pista";"Sem Vítimas";"Plena noite";"Decrescente";"Ceu Claro";"Dupla";"Reta";"Rural";1;0;0;0;1;0;0;1
83459154;"24/04/16";"Domingo";"14:30:00";"PE";104;"71,9";"CARUARU";"Outras";"Atropelamento de pessoa";"Com Vítimas Feridas";"Pleno dia";"Decrescente";"Sol";"Dupla";"Reta";"Rural";2;0;0;1;1;0;1;1
83459155;"25/04/16";"Segunda";"03:00:00";"BA";116;"754";"POCOES";"Outras";"Colisão traseira";"Com Vítimas Feridas";"Plena noite";"Crescente";"Ceu Claro";"Simples";"Reta";"Rural";3;0;2;0;1;0;2;2
83459156;"25/04/16";"Segunda";"05:10:00";"PI";343;"54";"BURITI DOS LOPES";"Desobediência à sinalização";"Colisão Transversal";"Com Vítimas Feridas";"Amanhecer";"Decrescente";"Ignorada";"Simples";"Cruzamento";"Rural";4;0;3;0;0;1;3;2
83459157;"25/04/16";"Segunda";"02:50:00";"SP";116;"337,1";"JUQUITIBA";"Outras";"Atropelamento de pessoa";"Com Vítimas Fatais";"Plena noite";"Decrescente";"Ceu Claro";"Dupla";"Reta";"Rural";2;1;0;0;0;1;0;1
83459158;"22/04/16";"Sexta";"05:32:00";"GO";153;"513,8";"APARECIDA DE GOIANIA";"Ingestão de álcool";"Queda de motocicleta / bicicleta / veículo";"Com Vítimas Feridas";"Amanhecer";"Decrescente";"Ceu Claro";"Simples";"Reta";"Urbano";1;0;1;0;0;0;1;1
83459159;"25/04/16";"Segunda";"06:30:00";"PR";376;"126,6";"ALTO PARANA";"Desobediência à sinalização";"Colisão traseira";"Com Vítimas Feridas";"Amanhecer";"Decrescente";"Ceu Claro";"Múltipla";"Reta";"Rural";4;0;2;0;2;0;2;2
83459160;"21/04/16";"Quinta";"18:41:00";"MG";381;"485,8";"BETIM";"Outras";"Colisão traseira";"Com Vítimas Feridas";"Plena noite";"Decrescente";"Ceu Claro";"Dupla";"Reta";"Urbano";3;0;1;0;2;0;1;2
83459161;"29/02/16";"Segunda";"23:15:00";"BA";324;"562";"SAO SEBASTIAO DO PASSE";"Animais na Pista";"Atropelamento de animal";"Ignorado";"Plena noite";"Decrescente";"Ceu Claro";"Dupla";"Reta";"Rural";1;0;0;0;0;1;0;1
83459162;"21/04/16";"Quinta";"08:00:00";"MA";135;"8,9";"SAO LUIS";"Não guardar distância de segurança";"Colisão traseira";"Com Vítimas Feridas";"Pleno dia";"Crescente";"Sol";"Dupla";"Reta";"Urbano";3;0;2;0;0;1;2;2
83459163;"24/04/16";"Domingo";"09:00:00";"RJ";116;"323";"ITATIAIA";"Outras";"Colisão traseira";"Sem Vítimas";"Pleno dia";"Crescente";"Sol";"Dupla";"Reta";"Rural";3;0;0;0;2;1;0;3
83459164;"22/04/16";"Sexta";"01:30:00";"CE";116;"232";"ALTO SANTO";"Falta de atenção";"Colisão traseira";"Sem Vítimas";"Plena noite";"Decrescente";"Ceu Claro";"Simples";"Reta";"Rural";2;0;0;0;2;0;0;2
83459165;"13/04/16";"Quarta";"09:00:00";"RN";101;"135,4";"SAO JOSE DE MIPIBU";"Outras";"Capotamento";"Com Vítimas Feridas";"Pleno dia";"Crescente";"Ceu Claro";"Dupla";"Reta";"Rural";1;0;1;0;0;0;1;1
83459166;"23/04/16";"Sábado";"01:20:00";"CE";20;"409";"CAUCAIA";"Defeito na via";"Saída de Pista";"Com Vítimas Feridas";"Plena noite";"Decrescente";"Nublado";"Dupla";"Reta";"Rural";3;0;3;0;0;0;3;1
83459169;"25/04/16";"Segunda";"07:30:00";"PB";101;"83,5";"BAYEUX";"Não guardar distância de segurança";"Colisão traseira";"Sem Vítimas";"Pleno dia";"Crescente";"Sol";"Dupla";"Reta";"Urbano";3;0;0;0;3;0;0;3
83459170;"25/04/16";"Segunda";"09:00:00";"BA";101;"908";"IBIRAPUA";"Não guardar distância de segurança";"Colisão traseira";"Sem Vítimas";"Pleno dia";"Crescente";"Ceu Claro";"Simples";"Curva";"Rural";2;0;0;0;1;1;0;2
83459171;"25/04/16";"Segunda";"07:00:00";"RS";470;"215,7";"BENTO GONCALVES";"Falta de atenção";"Colisão Transversal";"Sem Vítimas";"Amanhecer";"Decrescente";"Chuva";"Simples";"Curva";"Rural";2;0;0;0;2;0;0;2
83459172;"25/04/16";"Segunda";"07:40:00";"PB";230;"35";"BAYEUX";"Falta de atenção";"Colisão lateral";"Sem Vítimas";"Pleno dia";"Decrescente";"Ceu Claro";"Dupla";"Reta";"Urbano";4;0;0;0;4;0;0;2
83459173;"21/04/16";"Quinta";"21:00:00";"SC";101;"223,9";"PALHOCA";"Outras";"Colisão com objeto fixo";"Sem Vítimas";"Plena noite";"Crescente";"Chuva";"Dupla";"Reta";"Rural";1;0;0;0;1;0;0;1
83459174;"22/04/16";"Sexta";"15:20:00";"MG";40;"526";"CONTAGEM";"Velocidade incompatível";"Saída de Pista";"Sem Vítimas";"Pleno dia";"Crescente";"Chuva";"Dupla";"Reta";"Urbano";1;0;0;0;1;0;0;1
83459175;"20/04/16";"Quarta";"17:45:00";"GO";70;"2,9";"AGUAS LINDAS DE GOIAS";"Ingestão de álcool";"Saída de Pista";"Sem Vítimas";"Pleno dia";"Crescente";"Ceu Claro";"Dupla";"Reta";"Urbano";1;0;0;0;1;0;0;1
83459176;"25/04/16";"Segunda";"06:15:00";"PE";101;"76,8";"RECIFE";"Outras";"Colisão frontal";"Com Vítimas Feridas";"Amanhecer";"Crescente";"Chuva";"Dupla";"Reta";"Urbano";3;0;1;0;1;1;1;3
83459177;"25/04/16";"Segunda";"09:15:00";"RJ";40;"122";"DUQUE DE CAXIAS";"Falta de atenção";"Colisão traseira";"Com Vítimas Feridas";"Pleno dia";"Decrescente";"Ceu Claro";"Múltipla";"Curva";"Urbano";2;0;1;0;0;1;1;2
83459178;"21/04/16";"Quinta";"08:30:00";"MG";381;"532,4";"ITATIAIUCU";"Outras";"Capotamento";"Sem Vítimas";"Pleno dia";"Crescente";"Ceu Claro";"Dupla";"Reta";"Rural";1;0;0;0;1;0;0;1
83459179;"22/04/16";"Sexta";"07:20:00";"GO";20;"94";"VILA BOA";"Defeito mecânico em veículo";"Saída de Pista";"Com Vítimas Feridas";"Pleno dia";"Crescente";"Ceu Claro";"Simples";"Reta";"Rural";2;0;0;1;1;0;1;1
83459180;"25/04/16";"Segunda";"07:00:00";"RS";386;"381,1";"TABAI";"Dormindo";"Saída de Pista";"Sem Vítimas";"Amanhecer";"Crescente";"Chuva";"Dupla";"Curva";"Rural";1;0;0;0;1;0;0;1
83459181;"17/04/16";"Domingo";"16:30:00";"PE";232;"97";"BEZERROS";"Ingestão de álcool";"Colisão Transversal";"Sem Vítimas";"Pleno dia";"Crescente";"Nublado";"Dupla";"Reta";"Rural";2;0;0;0;2;0;0;2
83459182;"20/04/16";"Quarta";"04:00:00";"RJ";116;"188,5";"QUEIMADOS";"Desobediência à sinalização";"Atropelamento de pessoa";"Com Vítimas Fatais";"Amanhecer";"Crescente";"Ceu Claro";"Dupla";"Reta";"Urbano";2;1;0;0;1;0;0;1
83459183;"16/04/16";"Sábado";"12:30:00";"PI";343;"14,9";"PARNAIBA";"Falta de atenção";"Colisão Transversal";"Com Vítimas Feridas";"Pleno dia";"Crescente";"Sol";"Simples";"Cruzamento";"Urbano";2;0;0;1;1;0;1;2
83459184;"25/04/16";"Segunda";"08:20:00";"ES";101;"1";"SERRA";"Outras";"Colisão com objeto móvel";"Com Vítimas Feridas";"Pleno dia";"Decrescente";"Ceu Claro";"Dupla";"Reta";"Urbano";2;0;0;1;0;1;1;2
83459185;"21/04/16";"Quinta";"09:55:00";"MG";40;"513";"RIBEIRAO DAS NEVES";"Falta de atenção";"Atropelamento de pessoa";"Com Vítimas Feridas";"Pleno dia";"Crescente";"Ceu Claro";"Dupla";"Reta";"Urbano";2;0;0;1;0;1;1;1
83459186;"13/03/16";"Domingo";"23:30:00";"MG";365;"302";"SAO GONCALO DO ABAETE";"Falta de atenção";"Saída de Pista";"Com Vítimas Feridas";"Plena noite";"Crescente";"Chuva";"Simples";"Reta";"Rural";1;0;1;0;0;0;1;1
83459187;"25/04/16";"Segunda";"08:30:00";"MT";364;"78,6";"ALTO GARCAS";"Não guardar distância de segurança";"Colisão traseira";"Sem Vítimas";"Pleno dia";"Crescente";"Sol";"Simples";"Reta";"Rural";2;0;0;0;2;0;0;2
83459188;"22/04/16";"Sexta";"06:20:00";"MG";381;"945";"POUSO ALEGRE";"Dormindo";"Colisão traseira";"Com Vítimas Feridas";"Amanhecer";"Decrescente";"Ceu Claro";"Simples";"Reta";"Urbano";2;0;1;0;1;0;1;2
83459189;"13/01/16";"Quarta";"05:40:00";"MG";381;"395";"BOM JESUS DO AMPARO";"Falta de atenção";"Colisão lateral";"Com Vítimas Feridas";"Amanhecer";"Decrescente";"Nublado";"Simples";"Reta";"Rural";7;0;3;0;4;0;3;4
83459190;"25/04/16";"Segunda";"09:00:00";"RS";285;"457,7";"IJUI";"Desobediência à sinalização";"Colisão Transversal";"Sem Vítimas";"Pleno dia";"Decrescente";"Nublado";"Simples";"Reta";"Urbano";2;0;0;0;2;0;0;2
83459191;"23/04/16";"Sábado";"09:45:00";"RJ";116;"67";"TERESOPOLIS";"Outras";"Tombamento";"Sem Vítimas";"Pleno dia";"Decrescente";"Ceu Claro";"Simples";"Curva";"Urbano";1;0;0;0;1;0;0;1
83459192;"21/04/16";"Quinta";"20:50:00";"SP";116;"119";"TAUBATE";"Outras";"Colisão com objeto fixo";"Sem Vítimas";"Plena noite";"Crescente";"Ceu Claro";"Dupla";"Reta";"Urbano";1;0;0;0;1;0;0;1
83459193;"22/04/16";"Sexta";"07:30:00";"MG";381;"921";"CAMANDUCAIA";"Velocidade incompatível";"Tombamento";"Com Vítimas Feridas";"Pleno dia";"Decrescente";"Ceu Claro";"Dupla";"Curva";"Rural";1;0;1;0;0;0;1;1
83459194;"25/04/16";"Segunda";"08:10:00";"PR";277;"726,5";"FOZ DO IGUACU";"Falta de atenção";"Colisão Transversal";"Sem Vítimas";"Pleno dia";"Crescente";"Nublado";"Dupla";"Cruzamento";"Urbano";2;0;0;0;2;0;0;2
83459195;"21/04/16";"Quinta";"18:50:00";"DF";70;"18";"BRASILIA";"Outras";"Colisão lateral";"Com Vítimas Feridas";"Plena noite";"Crescente";"Ceu Claro";"Dupla";"Reta";"Rural";2;0;0;1;1;0;1;2
83459196;"17/04/16";"Domingo";"20:00:00";"PA";316;"73";"CASTANHAL";"Outras";"Colisão traseira";"Com Vítimas Feridas";"Plena noite";"Crescente";"Nublado";"Simples";"Reta";"Rural";2;0;1;0;1;0;1;2
83459197;"21/04/16";"Quinta";"16:00:00";"RJ";101;"40";"CAMPOS DOS GOYTACAZES";"Desobediência à sinalização";"Colisão traseira";"Com Vítimas Feridas";"Pleno dia";"Decrescente";"Ceu Claro";"Simples";"Reta";"Urbano";4;0;1;0;2;1;1;2
83459198;"25/04/16";"Segunda";"05:00:00";"MA";316;"530";"CAXIAS";"Falta de atenção";"Capotamento";"Com Vítimas Feridas";"Anoitecer";"Decrescente";"Ceu Claro";"Simples";"Reta";"Rural";1;0;1;0;0;0;1;1
83459199;"25/04/16";"Segunda";"09:00:00";"SP";116;"139";"SAO JOSE DOS CAMPOS";"Outras";"Colisão traseira";"Sem Vítimas";"Pleno dia";"Crescente";"Ceu Claro";"Dupla";"Reta";"Rural";2;0;0;0;2;0;0;2