"id";"data_inversa";"dia_semana";"horario";"uf";"br";"km";"municipio";"causa_acidente";"tipo_acidente";"classificacao_acidente";"fase_dia";"sentido_via";"condicao_metereologica";"tipo_pista";"tracado_via";"uso_solo";"pessoas";"mortos";"feridos_leves";"feridos_graves";"ilesos";"ignorados";"feridos";"veiculos"
83459314;"25/04/16";"Segunda";"17:00:00";"PR";163;"189";"SANTA TEREZA DO OESTE";"Outras";"Capotamento";"Sem Vítimas";"Pleno dia";"Decrescente";"Chuva";"Simples";"Curva";"Urbano";1;0;0;0;1;0;0;1
83459315;"25/04/16";"Segunda";"15:46:00";"PR";277;"104";"CAMPO LARGO";"Não guardar distância de segurança";"Colisão traseira";"Com Vítimas Feridas";"Pleno dia";"Decrescente";"Chuva";"Dupla";"Reta";"Urbano";5;0;2;0;2;1;2;3
83459316;"25/04/16";"Segunda";"15:15:00";"RJ";101;"325";"NITEROI";"Falta de atenção";"Colisão traseira";"Sem Vítimas";"Pleno dia";"Crescente";"Ceu Claro";"Dupla";"Reta";"Urbano";2;0;0;0;2;0;0;2
83459317;"25/04/16";"Segunda";"12:15:00";"PE";232;"282";"SERTANIA";"Outras";"Saída de Pista";"Com Vítimas Feridas";"Pleno dia";"Crescente";"Sol";"Simples";"Reta";"Rural";1;0;0;1;0;0;1;1
83459318;"17/04/16";"Domingo";"19:00:00";"ES";101;"377";"ICONHA";"Outras";"Colisão Transversal";"Com Vítimas Feridas";"Plena noite";"Crescente";"Ceu Claro";"Simples";"Reta";"Urbano";3;0;1;1;1;0;2;2
83459319;"25/04/16";"Segunda";"10:20:00";"PR";376;"680";"GUARATUBA";"Defeito mecânico em veículo";"Tombamento";"Sem Vítimas";"Pleno dia";"Crescente";"Ceu Claro";"Dupla";"Reta";"Rural";1;0;0;0;1;0;0;1
83459320;"25/04/16";"Segunda";"10:10:00";"PE";101;"15,3";"GOIANA";"Outras";"Capotamento";"Sem Vítimas";"Pleno dia";"Decrescente";"Sol";"Dupla";"Reta";"Rural";1;0;0;0;1;0;0;1
83459321;"25/04/16";"Segunda";"13:45:00";"RS";392;"2,4";"RIO GRANDE";"Velocidade incompatível";"Colisão Transversal";"Sem Vítimas";"Pleno dia";"Crescente";"Chuva";"Simples";"Cruzamento";"Urbano";2;0;0;0;2;0;0;2
83459322;"25/04/16";"Segunda";"15:30:00";"PR";163;"83";"PLANALTO";"Falta de atenção";"Colisão Transversal";"Com Vítimas Feridas";"Pleno dia";"Decrescente";"Chuva";"Simples";"Cruzamento";"Rural";6;0;3;2;1;0;5;2
83459323;"25/04/16";"Segunda";"12:00:00";"PR";158;"503";"CORONEL VIVIDA";"Velocidade incompatível";"Saída de Pista";"Sem Vítimas";"Pleno dia";"Decrescente";"Chuva";"Dupla";"Reta";"Rural";1;0;0;0;1;0;0;1
83459324;"22/04/16";"Sexta";"06:10:00";"MG";381;"649";"SANTO ANTONIO DO AMPARO";"Outras";"Tombamento";"Com Vítimas Feridas";"Amanhecer";"Crescente";"Ceu Claro";"Dupla";"Reta";"Urbano";1;0;1;0;0;0;1;1
83459325;"16/03/16";"Quarta";"08:00:00";"PR";277;"71";"SAO JOSE DOS PINHAIS";"Falta de atenção";"Colisão lateral";"Com Vítimas Feridas";"Pleno dia";"Decrescente";"Ceu Claro";"Dupla";"Reta";"Rural";2;0;1;0;0;1;1;2
83459326;"22/04/16";"Sexta";"16:32:00";"AM";230;"613";"HUMAITA";"Ingestão de álcool";"Colisão Transversal";"Sem Vítimas";"Pleno dia";"Crescente";"Ceu Claro";"Simples";"Reta";"Urbano";3;0;0;0;2;1;0;2
83459327;"25/04/16";"Segunda";"11:20:00";"SP";116;"411,3";"JUQUIA";"Dormindo";"Colisão traseira";"Com Vítimas Feridas";"Pleno dia";"Decrescente";"Ceu Claro";"Simples";"Reta";"Rural";2;0;2;0;0;0;2;2
83459328;"25/04/16";"Segunda";"14:50:00";"SC";470;"70,9";"INDAIAL";"Falta de atenção";"Colisão com bicicleta";"Com Vítimas Feridas";"Pleno dia";"Decrescente";"Nublado";"Simples";"Cruzamento";"Urbano";2;0;0;1;1;0;1;2
83459329;"25/04/16";"Segunda";"17:45:00";"SP";153;"256,4";"MARILIA";"Animais na Pista";"Queda de motocicleta / bicicleta / veículo";"Com Vítimas Feridas";"Pleno dia";"Decrescente";"Sol";"Dupla";"Reta";"Urbano";2;0;1;1;0;0;2;1
83459330;"23/04/16";"Sábado";"20:05:00";"SP";101;"17,5";"UBATUBA";"Ultrapassagem indevida";"Colisão frontal";"Com Vítimas Fatais";"Plena noite";"Decrescente";"Ceu Claro";"Simples";"Reta";"Rural";2;1;0;1;0;0;1;2
83459331;"20/04/16";"Quarta";"02:00:00";"RJ";116;"276";"BARRA MANSA";"Desobediência à sinalização";"Colisão frontal";"Sem Vítimas";"Plena noite";"Crescente";"Ceu Claro";"Simples";"Cruzamento";"Urbano";2;0;0;0;2;0;0;2
83459332;"22/04/16";"Sexta";"03:35:00";"SC";282;"208,5";"LAGES";"Defeito mecânico em veículo";"Capotamento";"Sem Vítimas";"Plena noite";"Decrescente";"Chuva";"Simples";"Reta";"Rural";1;0;0;0;1;0;0;1
83459333;"25/04/16";"Segunda";"18:35:00";"PR";373;"178,2";"PONTA GROSSA";"Falta de atenção";"Colisão Transversal";"Com Vítimas Feridas";"Plena noite";"Crescente";"Chuva";"Simples";"Reta";"Urbano";2;0;0;1;1;0;1;2
83459334;"25/04/16";"Segunda";"14:00:00";"GO";153;"514,2";"APARECIDA DE GOIANIA";"Ingestão de álcool";"Colisão traseira";"Sem Vítimas";"Pleno dia";"Crescente";"Sol";"Múltipla";"Reta";"Urbano";2;0;0;0;2;0;0;2
83459335;"25/04/16";"Segunda";"15:00:00";"MS";163;"91";"ITAQUIRAI";"Outras";"Colisão com objeto fixo";"Sem Vítimas";"Pleno dia";"Crescente";"Chuva";"Simples";"Reta";"Rural";2;0;0;0;1;1;0;1
83459336;"21/04/16";"Quinta";"05:20:00";"PE";407;"129";"PETROLINA";"Desobediência à sinalização";"Colisão Transversal";"Com Vítimas Feridas";"Amanhecer";"Decrescente";"Ceu Claro";"Dupla";"Cruzamento";"Urbano";5;0;3;1;1;0;4;2
83459337;"25/04/16";"Segunda";"18:45:00";"ES";101;"154,2";"LINHARES";"Velocidade incompatível";"Saída de Pista";"Sem Vítimas";"Plena noite";"Crescente";"Ceu Claro";"Simples";"Reta";"Rural";2;0;0;0;2;0;0;1
83459339;"25/04/16";"Segunda";"15:35:00";"PR";376;"228,5";"APUCARANA";"Outras";"Colisão lateral";"Com Vítimas Feridas";"Pleno dia";"Decrescente";"Nublado";"Dupla";"Reta";"Rural";4;0;1;0;3;0;1;3
83459340;"25/04/16";"Segunda";"15:35:00";"PR";376;"228,5";"APUCARANA";"Outras";"Colisão traseira";"Com Vítimas Feridas";"Pleno dia";"Decrescente";"Nublado";"Dupla";"Reta";"Rural";12;0;5;0;7;0;5;5
83459341;"25/04/16";"Segunda";"09:20:00";"PR";163;"305";"MERCEDES";"Outras";"Saída de Pista";"Sem Vítimas";"Pleno dia";"Crescente";"Chuva";"Dupla";"Curva";"Rural";2;0;0;0;2;0;0;1
83459342;"24/04/16";"Domingo";"19:15:00";"MG";381;"831";"SAO SEBASTIAO DA BELA VISTA";"Velocidade incompatível";"Atropelamento de pessoa";"Com Vítimas Fatais";"Plena noite";"Crescente";"Ceu Claro";"Dupla";"Reta";"Rural";3;1;1;0;1;0;1;1
83459343;"25/04/16";"Segunda";"18:30:00";"MG";365;"655";"UBERLANDIA";"Defeito mecânico em veículo";"Incêndio";"Sem Vítimas";"Anoitecer";"Crescente";"Ceu Claro";"Dupla";"Curva";"Rural";1;0;0;0;1;0;0;1
83459344;"25/04/16";"Segunda";"15:00:00";"RJ";101;"125";"QUISSAMA";"Outras";"Tombamento";"Com Vítimas Feridas";"Pleno dia";"Crescente";"Ceu Claro";"Simples";"Curva";"Urbano";2;0;1;0;1;0;1;1
83459345;"25/04/16";"Segunda";"07:40:00";"GO";40;"7,5";"LUZIANIA";"Não guardar distância de segurança";"Colisão traseira";"Com Vítimas Feridas";"Pleno dia";"Decrescente";"Ceu Claro";"Dupla";"Reta";"Urbano";2;0;0;1;1;0;1;2
83459346;"21/04/16";"Quinta";"21:35:00";"RN";101;"81,7";"SAO GONCALO DO AMARANTE";"Desobediência à sinalização";"Colisão lateral";"Sem Vítimas";"Plena noite";"Crescente";"Chuva";"Dupla";"Reta";"Urbano";2;0;0;0;2;0;0;2
83459347;"25/04/16";"Segunda";"18:50:00";"RJ";393;"178";"PARAIBA DO SUL";"Desobediência à sinalização";"Colisão Transversal";"Sem Vítimas";"Anoitecer";"Decrescente";"Ceu Claro";"Simples";"Reta";"Urbano";2;0;0;0;2;0;0;2
83459348;"25/04/16";"Segunda";"18:15:00";"SE";235;"26";"LARANJEIRAS";"Falta de atenção";"Colisão Transversal";"Sem Vítimas";"Plena noite";"Crescente";"Ceu Claro";"Simples";"Reta";"Rural";2;0;0;0;2;0;0;2
83459349;"13/04/16";"Quarta";"03:10:00";"MG";381;"415";"NOVA UNIAO";"Falta de atenção";"Colisão frontal";"Sem Vítimas";"Plena noite";"Decrescente";"Ignorada";"Simples";"Curva";"Urbano";2;0;0;0;2;0;0;2
83459350;"25/04/16";"Segunda";"13:00:00";"MG";116;"277,9";"TEOFILO OTONI";"Falta de atenção";"Colisão Transversal";"Com Vítimas Feridas";"Pleno dia";"Decrescente";"Ceu Claro";"Simples";"Reta";"Urbano";2;0;1;0;1;0;1;2
83459351;"25/04/16";"Segunda";"17:25:00";"SC";280;"30,5";"ARAQUARI";"Falta de atenção";"Colisão com bicicleta";"Com Vítimas Feridas";"Anoitecer";"Decrescente";"Chuva";"Simples";"Reta";"Urbano";2;0;1;0;1;0;1;2
83459352;"25/04/16";"Segunda";"16:40:00";"AM";319;"68,5";"CAREIRO";"Outras";"Saída de Pista";"Com Vítimas Feridas";"Pleno dia";"Decrescente";"Nublado";"Simples";"Reta";"Rural";3;0;3;0;0;0;3;1
83459354;"23/04/16";"Sábado";"19:00:00";"CE";222;"3";"SOBRAL";"Outras";"Colisão lateral";"Com Vítimas Feridas";"Plena noite";"Crescente";"Ceu Claro";"Dupla";"Cruzamento";"Urbano";3;0;0;2;0;1;2;2
83459355;"25/04/16";"Segunda";"18:30:00";"RS";290;"5";"OSORIO";"Falta de atenção";"Capotamento";"Sem Vítimas";"Anoitecer";"Crescente";"Chuva";"Dupla";"Reta";"Rural";2;0;0;0;2;0;0;2
83459356;"25/04/16";"Segunda";"15:15:00";"RS";392;"61,1";"PELOTAS";"Falta de atenção";"Colisão frontal";"Com Vítimas Feridas";"Pleno dia";"Decrescente";"Chuva";"Simples";"Curva";"Rural";2;0;1;0;1;0;1;2
83459357;"25/04/16";"Segunda";"13:34:00";"PR";376;"544";"PALMEIRA";"Outras";"Colisão traseira";"Com Vítimas Feridas";"Pleno dia";"Crescente";"Chuva";"Dupla";"Reta";"Rural";4;0;2;0;2;0;2;2
83459358;"25/04/16";"Segunda";"10:30:00";"CE";20;"358";"MARANGUAPE";"Falta de atenção";"Capotamento";"Sem Vítimas";"Pleno dia";"Crescente";"Ceu Claro";"Dupla";"Curva";"Rural";1;0;0;0;1;0;0;1
83459359;"21/04/16";"Quinta";"19:20:00";"MG";262;"479";"BOM DESPACHO";"Falta de atenção";"Colisão Transversal";"Com Vítimas Feridas";"Plena noite";"Crescente";"Ceu Claro";"Simples";"Cruzamento";"Rural";3;0;0;2;1;0;2;2
83459361;"25/04/16";"Segunda";"19:20:00";"BA";116;"837,3";"VITORIA DA CONQUISTA";"Falta de atenção";"Colisão com objeto fixo";"Sem Vítimas";"Plena noite";"Decrescente";"Ceu Claro";"Simples";"Reta";"Rural";1;0;0;0;1;0;0;1
83459362;"25/04/16";"Segunda";"16:15:00";"SP";459;"16";"PIQUETE";"Outras";"Atropelamento de pessoa";"Com Vítimas Feridas";"Pleno dia";"Decrescente";"Sol";"Simples";"Curva";"Urbano";2;0;1;0;1;0;1;1
83459363;"25/04/16";"Segunda";"16:45:00";"AL";101;"114";"PILAR";"Falta de atenção";"Tombamento";"Sem Vítimas";"Anoitecer";"Crescente";"Chuva";"Simples";"Curva";"Rural";1;0;0;0;1;0;0;1
83459364;"25/04/16";"Segunda";"19:10:00";"CE";222;"164";"IRAUCUBA";"Outras";"Saída de Pista";"Sem Vítimas";"Plena noite";"Crescente";"Ceu Claro";"Simples";"Curva";"Rural";1;0;0;0;1;0;0;1
83459365;"25/04/16";"Segunda";"18:00:00";"AP";210;"2";"MACAPA";"Falta de atenção";"Colisão traseira";"Com Vítimas Feridas";"Anoitecer";"Crescente";"Nublado";"Dupla";"Reta";"Urbano";3;0;1;0;2;0;1;2
83459366;"24/04/16";"Domingo";"08:00:00";"SC";101;"363,9";"SANGAO";"Outras";"Colisão traseira";"Sem Vítimas";"Pleno dia";"Decrescente";"Sol";"Dupla";"Reta";"Rural";2;0;0;0;2;0;0;2
83459367;"25/04/16";"Segunda";"17:40:00";"PE";232;"4,5";"RECIFE";"Falta de atenção";"Colisão traseira";"Sem Vítimas";"Anoitecer";"Crescente";"Chuva";"Simples";"Reta";"Urbano";6;0;0;0;6;0;0;6
83459368;"25/04/16";"Segunda";"20:00:00";"PE";232;"408";"SERRA TALHADA";"Falta de atenção";"Colisão traseira";"Sem Vítimas";"Plena noite";"Decrescente";"Nublado";"Simples";"Reta";"Urbano";3;0;0;0;3;0;0;2
83459369;"25/04/16";"Segunda";"19:00:00";"PR";277;"2";"PARANAGUA";"Não guardar distância de segurança";"Colisão traseira";"Sem Vítimas";"Plena noite";"Crescente";"Chuva";"Dupla";"Reta";"Urbano";2;0;0;0;2;0;0;2
83459370;"25/04/16";"Segunda";"10:50:00";"MT";70;"1";"BARRA DO GARCAS";"Outras";"Colisão Transversal";"Com Vítimas Feridas";"Pleno dia";"Decrescente";"Ceu Claro";"Simples";"Reta";"Urbano";2;0;1;0;1;0;1;2
83459371;"22/04/16";"Sexta";"02:23:00";"RO";319;"59,5";"PORTO VELHO";"Outras";"Colisão com objeto fixo";"Com Vítimas Feridas";"Plena noite";"Decrescente";"Ceu Claro";"Dupla";"Cruzamento";"Urbano";2;0;1;0;1;0;1;1
83459372;"25/04/16";"Segunda";"17:20:00";"CE";116;"23";"ITAITINGA";"Falta de atenção";"Colisão lateral";"Sem Vítimas";"Anoitecer";"Decrescente";"Ceu Claro";"Dupla";"Curva";"Rural";2;0;0;0;2;0;0;2
83459373;"25/04/16";"Segunda";"16:20:00";"CE";116;"16,3";"EUSEBIO";"Falta de atenção";"Colisão lateral";"Sem Vítimas";"Pleno dia";"Decrescente";"Ceu Claro";"Dupla";"Reta";"Rural";2;0;0;0;2;0;0;2
83459374;"25/04/16";"Segunda";"18:40:00";"SE";101;"152";"ESTANCIA";"Outras";"Queda de motocicleta / bicicleta / veículo";"Com Vítimas Feridas";"Plena noite";"Crescente";"Ceu Claro";"Simples";"Reta";"Urbano";2;0;0;2;0;0;2;1
83459375;"25/04/16";"Segunda";"18:00:00";"BA";101;"719";"EUNAPOLIS";"Ultrapassagem indevida";"Colisão lateral";"Com Vítimas Feridas";"Anoitecer";"Crescente";"Ceu Claro";"Simples";"Cruzamento";"Urbano";2;0;1;0;0;1;1;2
83459376;"25/04/16";"Segunda";"18:05:00";"BA";367;"83,5";"EUNAPOLIS";"Falta de atenção";"Colisão Transversal";"Com Vítimas Feridas";"Anoitecer";"Crescente";"Ceu Claro";"Simples";"Reta";"Urbano";3;0;2;0;1;0;2;2
83459377;"25/04/16";"Segunda";"18:00:00";"BA";367;"82,5";"EUNAPOLIS";"Não guardar distância de segurança";"Colisão traseira";"Com Vítimas Feridas";"Anoitecer";"Crescente";"Ceu Claro";"Múltipla";"Reta";"Urbano";3;0;2;0;1;0;2;2
83459378;"25/04/16";"Segunda";"20:20:00";"SC";280;"167,7";"MAFRA";"Ingestão de álcool";"Colisão lateral";"Sem Vítimas";"Plena noite";"Decrescente";"Chuva";"Simples";"Reta";"Urbano";2;0;0;0;1;1;0;2
83459380;"25/04/16";"Segunda";"10:15:00";"MG";116;"510";"UBAPORANGA";"Velocidade incompatível";"Tombamento";"Com Vítimas Feridas";"Pleno dia";"Crescente";"Ceu Claro";"Simples";"Reta";"Urbano";1;0;1;0;0;0;1;1
83459381;"25/04/16";"Segunda";"16:30:00";"BA";324;"517";"FEIRA DE SANTANA";"Falta de atenção";"Colisão frontal";"Com Vítimas Feridas";"Pleno dia";"Crescente";"Sol";"Simples";"Reta";"Urbano";3;0;2;0;1;0;2;2
83459382;"25/04/16";"Segunda";"12:49:00";"PR";277;"586";"CASCAVEL";"Desobediência à sinalização";"Colisão Transversal";"Sem Vítimas";"Pleno dia";"Decrescente";"Nublado";"Simples";"Cruzamento";"Urbano";2;0;0;0;2;0;0;2
83459383;"25/04/16";"Segunda";"17:30:00";"MG";50;"57";"UBERLANDIA";"Não guardar distância de segurança";"Colisão traseira";"Sem Vítimas";"Pleno dia";"Crescente";"Ceu Claro";"Dupla";"Reta";"Rural";2;0;0;0;2;0;0;2
83459384;"25/04/16";"Segunda";"16:00:00";"RS";287;"286";"SAO PEDRO DO SUL";"Velocidade incompatível";"Saída de Pista";"Com Vítimas Feridas";"Pleno dia";"Crescente";"Chuva";"Simples";"Curva";"Rural";5;0;5;0;0;0;5;1
83459385;"25/04/16";"Segunda";"18:10:00";"PE";101;"51,3";"ABREU E LIMA";"Outras";"Colisão Transversal";"Sem Vítimas";"Plena noite";"Crescente";"Ceu Claro";"Múltipla";"Reta";"Urbano";3;0;0;0;2;1;0;2
83459386;"25/04/16";"Segunda";"17:30:00";"AP";156;"316";"PORTO GRANDE";"Falta de atenção";"Colisão lateral";"Sem Vítimas";"Pleno dia";"Decrescente";"Ceu Claro";"Simples";"Curva";"Rural";6;0;0;0;6;0;0;2
83459387;"25/04/16";"Segunda";"20:00:00";"PR";373;"244";"GUAMIRANGA";"Falta de atenção";"Tombamento";"Sem Vítimas";"Plena noite";"Crescente";"Chuva";"Simples";"Curva";"Rural";1;0;0;0;1;0;0;1
83459388;"25/04/16";"Segunda";"19:45:00";"SC";101;"233";"PALHOCA";"Outras";"Derramamento de Carga";"Sem Vítimas";"Plena noite";"Crescente";"Nublado";"Dupla";"Curva";"Rural";1;0;0;0;1;0;0;1
83459389;"25/04/16";"Segunda";"18:10:00";"PE";101;"41";"IGARASSU";"Falta de atenção";"Atropelamento de pessoa";"Com Vítimas Fatais";"Plena noite";"Decrescente";"Ceu Claro";"Dupla";"Reta";"Urbano";2;1;0;0;0;1;0;1
83459390;"24/04/16";"Domingo";"16:10:00";"RJ";116;"281,6";"BARRA MANSA";"Outras";"Colisão traseira";"Com Vítimas Feridas";"Pleno dia";"Decrescente";"Sol";"Dupla";"Reta";"Rural";11;0;7;0;4;0;7;7
83459391;"23/04/16";"Sábado";"18:45:00";"MG";116;"675,4";"MIRADOURO";"Falta de atenção";"Colisão Transversal";"Com Vítimas Feridas";"Plena noite";"Crescente";"Ceu Claro";"Simples";"Reta";"Urbano";6;0;3;2;0;1;5;2
83459393;"21/04/16";"Quinta";"21:50:00";"MA";316;"260";"SANTA INES";"Falta de atenção";"Colisão traseira";"Sem Vítimas";"Plena noite";"Decrescente";"Ceu Claro";"Simples";"Reta";"Rural";2;0;0;0;2;0;0;2
83459394;"22/04/16";"Sexta";"13:45:00";"SP";101;"48,9";"UBATUBA";"Não guardar distância de segurança";"Colisão traseira";"Sem Vítimas";"Pleno dia";"Crescente";"Ceu Claro";"Simples";"Reta";"Urbano";9;0;0;0;9;0;0;3
83459395;"25/04/16";"Segunda";"08:40:00";"MT";70;"380";"CAMPO VERDE";"Outras";"Colisão Transversal";"Com Vítimas Feridas";"Pleno dia";"Decrescente";"Ceu Claro";"Simples";"Reta";"Urbano";3;0;1;0;2;0;1;3
83459396;"25/04/16";"Segunda";"21:00:00";"PI";343;"339,5";"TERESINA";"Outras";"Incêndio";"Sem Vítimas";"Plena noite";"Decrescente";"Ceu Claro";"Simples";"Reta";"Urbano";1;0;0;0;1;0;0;1
83459397;"25/04/16";"Segunda";"19:50:00";"RS";116;"549";"CAPAO DO LEAO";"Animais na Pista";"Atropelamento de animal";"Sem Vítimas";"Plena noite";"Crescente";"Chuva";"Simples";"Reta";"Rural";1;0;0;0;1;0;0;1
83459398;"21/04/16";"Quinta";"10:00:00";"SC";101;"98,9";"PICARRAS";"Falta de atenção";"Colisão lateral";"Sem Vítimas";"Pleno dia";"Crescente";"Sol";"Dupla";"Curva";"Rural";2;0;0;0;2;0;0;2
83459399;"29/02/16";"Segunda";"15:50:00";"MA";316;"616";"TIMON";"Outras";"Colisão lateral";"Com Vítimas Feridas";"Pleno dia";"Decrescente";"Ceu Claro";"Simples";"Reta";"Urbano";5;0;1;1;3;0;2;3
83459400;"22/04/16";"Sexta";"05:40:00";"SP";116;"194";"SANTA ISABEL";"Dormindo";"Colisão com objeto fixo";"Sem Vítimas";"Amanhecer";"Crescente";"Ceu Claro";"Dupla";"Reta";"Urbano";1;0;0;0;1;0;0;1
83459401;"25/04/16";"Segunda";"07:30:00";"SC";470;"187";"POUSO REDONDO";"Defeito mecânico em veículo";"Colisão com objeto fixo";"Com Vítimas Feridas";"Pleno dia";"Decrescente";"Nublado";"Simples";"Reta";"Rural";1;0;1;0;0;0;1;1
83459402;"25/04/16";"Segunda";"21:20:00";"RJ";356;"148";"CAMPOS DOS GOYTACAZES";"Falta de atenção";"Colisão lateral";"Sem Vítimas";"Plena noite";"Decrescente";"Ceu Claro";"Simples";"Reta";"Urbano";3;0;0;0;3;0;0;2
83459403;"25/04/16";"Segunda";"17:25:00";"SC";153;"0,6";"AGUA DOCE";"Velocidade incompatível";"Colisão frontal";"Com Vítimas Fatais";"Anoitecer";"Decrescente";"Chuva";"Simples";"Curva";"Rural";8;7;0;0;1;0;0;2
83459404;"25/04/16";"Segunda";"19:00:00";"SE";101;"9,5";"CEDRO DE SAO JOAO";"Ultrapassagem indevida";"Capotamento";"Sem Vítimas";"Plena noite";"Crescente";"Ceu Claro";"Simples";"Reta";"Rural";3;0;0;0;3;0;0;2
83459405;"25/04/16";"Segunda";"22:10:00";"RS";158;"565";"SANTANA DO LIVRAMENTO";"Animais na Pista";"Atropelamento de animal";"Sem Vítimas";"Plena noite";"Decrescente";"Nublado";"Simples";"Reta";"Urbano";1;0;0;0;1;0;0;1
83459406;"25/04/16";"Segunda";"11:00:00";"SC";470;"105,9";"APIUNA";"Ultrapassagem indevida";"Colisão frontal";"Sem Vítimas";"Pleno dia";"Decrescente";"Sol";"Simples";"Curva";"Rural";4;0;0;0;4;0;0;4
83459407;"25/04/16";"Segunda";"15:00:00";"GO";50;"165,4";"CAMPO ALEGRE DE GOIAS";"Outras";"Derramamento de Carga";"Sem Vítimas";"Pleno dia";"Crescente";"Nublado";"Simples";"Curva";"Rural";1;0;0;0;1;0;0;1
83459408;"25/04/16";"Segunda";"12:30:00";"RJ";101;"170";"MACAE";"Defeito mecânico em veículo";"Saída de Pista";"Com Vítimas Feridas";"Pleno dia";"Decrescente";"Ceu Claro";"Simples";"Reta";"Rural";2;0;2;0;0;0;2;2
83459409;"25/04/16";"Segunda";"22:30:00";"MG";116;"701,8";"MURIAE";"Outras";"Queda de motocicleta / bicicleta / veículo";"Com Vítimas Feridas";"Plena noite";"Crescente";"Ceu Claro";"Simples";"Reta";"Urbano";1;0;0;1;0;0;1;1
83459410;"25/04/16";"Segunda";"08:10:00";"BA";101;"717,9";"EUNAPOLIS";"Falta de atenção";"Colisão lateral";"Sem Vítimas";"Pleno dia";"Crescente";"Ceu Claro";"Simples";"Cruzamento";"Urbano";3;0;0;0;3;0;0;2
83459411;"17/04/16";"Domingo";"20:30:00";"PE";104;"27";"TORITAMA";"Falta de atenção";"Colisão frontal";"Com Vítimas Feridas";"Plena noite";"Decrescente";"Ceu Claro";"Simples";"Reta";"Rural";2;0;2;0;0;0;2;2
83459412;"25/04/16";"Segunda";"17:30:00";"PA";316;"2";"ANANINDEUA";"Falta de atenção";"Colisão com bicicleta";"Com Vítimas Feridas";"Anoitecer";"Crescente";"Ceu Claro";"Dupla";"Reta";"Urbano";5;0;1;1;3;0;2;5
83459414;"21/04/16";"Quinta";"18:50:00";"SP";153;"222";"MARILIA";"Desobediência à sinalização";"Colisão frontal";"Com Vítimas Feridas";"Plena noite";"Decrescente";"Ceu Claro";"Simples";"Reta";"Rural";4;0;0;1;3;0;1;4
83459415;"17/04/16";"Domingo";"18:15:00";"RJ";116;"178";"NOVA IGUACU";"Outras";"Colisão lateral";"Com Vítimas Feridas";"Plena noite";"Decrescente";"Ceu Claro";"Dupla";"Reta";"Urbano";3;0;1;1;1;0;2;2
83459416;"25/04/16";"Segunda";"17:55:00";"MS";163;"588,5";"SAO GABRIEL DO OESTE";"Velocidade incompatível";"Tombamento";"Com Vítimas Feridas";"Anoitecer";"Decrescente";"Chuva";"Dupla";"Curva";"Rural";1;0;0;1;0;0;1;1
83459417;"25/04/16";"Segunda";"07:20:00";"SP";116;"224";"GUARULHOS";"Falta de atenção";"Colisão lateral";"Sem Vítimas";"Pleno dia";"Decrescente";"Ceu Claro";"Múltipla";"Reta";"Urbano";2;0;0;0;1;1;0;2
83459418;"21/04/16";"Quinta";"19:00:00";"MT";163;"1070";"GUARANTA DO NORTE";"Desobediência à sinalização";"Colisão Transversal";"Com Vítimas Feridas";"Plena noite";"Decrescente";"Ceu Claro";"Simples";"Reta";"Urbano";3;0;1;1;1;0;2;2
83459419;"25/04/16";"Segunda";"10:30:00";"ES";262;"32,9";"DOMINGOS MARTINS";"Desobediência à sinalização";"Colisão frontal";"Com Vítimas Feridas";"Pleno dia";"Crescente";"Sol";"Simples";"Curva";"Rural";4;0;2;0;2;0;2;3
83459420;"25/04/16";"Segunda";"03:00:00";"PA";316;"35";"SANTA ISABEL DO PARA";"Outras";"Saída de Pista";"Sem Vítimas";"Plena noite";"Crescente";"Ceu Claro";"Dupla";"Reta";"Urbano";1;0;0;0;1;0;0;1
83459421;"25/04/16";"Segunda";"12:02:00";"TO";153;"135";"ARAGUAINA";"Falta de atenção";"Colisão lateral";"Sem Vítimas";"Pleno dia";"Decrescente";"Ceu Claro";"Dupla";"Cruzamento";"Urbano";2;0;0;0;2;0;0;2
83459422;"25/04/16";"Segunda";"16:50:00";"SP";116;"352,9";"MIRACATU";"Falta de atenção";"Colisão Transversal";"Com Vítimas Feridas";"Pleno dia";"Decrescente";"Ceu Claro";"Simples";"Reta";"Rural";3;0;2;0;1;0;2;2
83459423;"25/04/16";"Segunda";"09:12:00";"PR";376;"183,8";"SARANDI";"Não guardar distância de segurança";"Colisão lateral";"Com Vítimas Feridas";"Pleno dia";"Decrescente";"Nublado";"Dupla";"Cruzamento";"Urbano";2;0;0;1;0;1;1;2
83459424;"25/04/16";"Segunda";"17:15:00";"PR";116;"65";"CAMPINA GRANDE DO SUL";"Velocidade incompatível";"Colisão com objeto fixo";"Sem Vítimas";"Pleno dia";"Crescente";"Chuva";"Dupla";"Reta";"Rural";1;0;0;0;1;0;0;1
83459425;"25/04/16";"Segunda";"22:20:00";"GO";60;"3,3";"GOIANIA";"Outras";"Colisão Transversal";"Ignorado";"Plena noite";"Decrescente";"Ceu Claro";"Dupla";"Reta";"Urbano";2;0;0;0;0;2;0;2
83459426;"26/04/16";"Terça";"04:10:00";"PR";116;"26";"CAMPINA GRANDE DO SUL";"Velocidade incompatível";"Colisão com objeto fixo";"Com Vítimas Feridas";"Plena noite";"Decrescente";"Chuva";"Dupla";"Curva";"Rural";2;0;1;0;1;0;1;1