"id";"data_inversa";"dia_semana";"horario";"uf";"br";"km";"municipio";"causa_acidente";"tipo_acidente";"classificacao_acidente";"fase_dia";"sentido_via";"condicao_metereologica";"tipo_pista";"tracado_via";"uso_solo";"pessoas";"mortos";"feridos_leves";"feridos_graves";"ilesos";"ignorados";"feridos";"veiculos"
83459427;"25/04/16";"Segunda";"17:30:00";"MG";116;"15,8";"CACHOEIRA DE PAJEU";"Falta de atenção";"Colisão lateral";"Com Vítimas Feridas";"Anoitecer";"Crescente";"Ceu Claro";"Simples";"Reta";"Rural";4;0;0;2;2;0;2;2
83459428;"24/04/16";"Domingo";"04:00:00";"TO";153;"140,6";"ARAGUAINA";"Ingestão de álcool";"Saída de Pista";"Ignorado";"Plena noite";"Decrescente";"Ceu Claro";"Dupla";"Reta";"Urbano";1;0;0;0;0;1;0;1
83459430;"25/04/16";"Segunda";"18:10:00";"PB";230;"66,8";"SAO MIGUEL DE TAIPU";"Animais na Pista";"Queda de motocicleta / bicicleta / veículo";"Com Vítimas Feridas";"Anoitecer";"Crescente";"Nublado";"Dupla";"Reta";"Rural";1;0;1;0;0;0;1;1
83459431;"25/04/16";"Segunda";"19:45:00";"PR";116;"38";"CAMPINA GRANDE DO SUL";"Velocidade incompatível";"Saída de Pista";"Sem Vítimas";"Plena noite";"Crescente";"Chuva";"Dupla";"Curva";"Rural";2;0;0;0;2;0;0;1
83459432;"26/04/16";"Terça";"02:05:00";"PR";116;"23";"ANTONINA";"Velocidade incompatível";"Saída de Pista";"Com Vítimas Feridas";"Plena noite";"Decrescente";"Chuva";"Dupla";"Curva";"Rural";1;0;1;0;0;0;1;1
83459433;"25/04/16";"Segunda";"21:30:00";"PR";369;"180";"ARAPONGAS";"Velocidade incompatível";"Colisão traseira";"Com Vítimas Feridas";"Plena noite";"Crescente";"Chuva";"Dupla";"Reta";"Urbano";2;0;1;0;1;0;1;2
83459434;"25/04/16";"Segunda";"22:45:00";"SC";101;"386,4";"ICARA";"Outras";"Saída de Pista";"Com Vítimas Feridas";"Plena noite";"Decrescente";"Nublado";"Dupla";"Reta";"Rural";3;0;2;0;0;1;2;2
83459435;"25/04/16";"Segunda";"23:50:00";"SP";116;"466,8";"JACUPIRANGA";"Falta de atenção";"Colisão traseira";"Com Vítimas Feridas";"Plena noite";"Crescente";"Ceu Claro";"Simples";"Reta";"Rural";2;0;1;0;1;0;1;2
83459436;"25/04/16";"Segunda";"21:30:00";"RJ";493;"3";"ITABORAI";"Outras";"Colisão frontal";"Com Vítimas Feridas";"Plena noite";"Crescente";"Ceu Claro";"Simples";"Reta";"Urbano";3;0;2;0;1;0;2;2
83459437;"19/04/16";"Terça";"23:35:00";"SP";153;"45,1";"ONDA VERDE";"Falta de atenção";"Colisão lateral";"Sem Vítimas";"Plena noite";"Crescente";"Ceu Claro";"Simples";"Reta";"Rural";2;0;0;0;2;0;0;2
83459439;"25/04/16";"Segunda";"13:20:00";"MG";381;"670,8";"PERDOES";"Falta de atenção";"Colisão traseira";"Com Vítimas Feridas";"Pleno dia";"Decrescente";"Ceu Claro";"Dupla";"Reta";"Rural";3;0;0;1;2;0;1;2
83459440;"26/04/16";"Terça";"05:35:00";"GO";153;"441";"ANAPOLIS";"Defeito mecânico em veículo";"Queda de motocicleta / bicicleta / veículo";"Com Vítimas Feridas";"Amanhecer";"Crescente";"Ceu Claro";"Dupla";"Reta";"Urbano";2;0;2;0;0;0;2;1
83459441;"25/02/16";"Quinta";"22:00:00";"SC";116;"99,1";"MONTE CASTELO";"Desobediência à sinalização";"Atropelamento de pessoa";"Com Vítimas Feridas";"Plena noite";"Decrescente";"Chuva";"Simples";"Reta";"Rural";2;0;0;1;0;1;1;1
83459442;"18/04/16";"Segunda";"01:00:00";"SP";116;"216";"GUARULHOS";"Falta de atenção";"Queda de motocicleta / bicicleta / veículo";"Com Vítimas Feridas";"Plena noite";"Decrescente";"Ceu Claro";"Múltipla";"Reta";"Urbano";3;0;1;0;2;0;1;1
83459443;"26/04/16";"Terça";"04:30:00";"PR";476;"247";"LAPA";"Outras";"Capotamento";"Sem Vítimas";"Plena noite";"Crescente";"Nublado";"Simples";"Curva";"Rural";2;0;0;0;2;0;0;1
83459445;"25/04/16";"Segunda";"20:00:00";"PR";376;"147,3";"PRESIDENTE CASTELO BRANCO";"Outras";"Saída de Pista";"Sem Vítimas";"Plena noite";"Crescente";"Chuva";"Simples";"Curva";"Rural";1;0;0;0;1;0;0;1
83459446;"25/04/16";"Segunda";"17:00:00";"MG";262;"664";"IBIA";"Ultrapassagem indevida";"Colisão lateral";"Com Vítimas Feridas";"Pleno dia";"Crescente";"Ceu Claro";"Simples";"Reta";"Rural";3;0;2;0;0;1;2;2
83459447;"25/04/16";"Segunda";"23:57:00";"MG";135;"483";"JOAQUIM FELICIO";"Falta de atenção";"Colisão traseira";"Com Vítimas Feridas";"Plena noite";"Crescente";"Ceu Claro";"Simples";"Reta";"Rural";26;0;6;1;19;0;7;2
83459448;"24/04/16";"Domingo";"03:20:00";"PR";476;"114";"COLOMBO";"Outras";"Saída de Pista";"Ignorado";"Plena noite";"Decrescente";"Ceu Claro";"Simples";"Reta";"Rural";1;0;0;0;0;1;0;1
83459449;"26/04/16";"Terça";"07:00:00";"MG";262;"54,9";"MANHUACU";"Outras";"Queda de motocicleta / bicicleta / veículo";"Com Vítimas Feridas";"Pleno dia";"Decrescente";"Ceu Claro";"Simples";"Reta";"Rural";1;0;1;0;0;0;1;1
83459450;"25/04/16";"Segunda";"21:00:00";"SP";116;"547";"BARRA DO TURVO";"Outras";"Capotamento";"Sem Vítimas";"Plena noite";"Crescente";"Chuva";"Dupla";"Curva";"Rural";2;0;0;0;2;0;0;1
83459451;"25/04/16";"Segunda";"21:00:00";"MS";262;"114,8";"AGUA CLARA";"Animais na Pista";"Atropelamento de animal";"Sem Vítimas";"Plena noite";"Crescente";"Chuva";"Simples";"Reta";"Rural";1;0;0;0;1;0;0;1
83459452;"25/04/16";"Segunda";"19:35:00";"SP";116;"548";"BARRA DO TURVO";"Velocidade incompatível";"Saída de Pista";"Sem Vítimas";"Plena noite";"Decrescente";"Chuva";"Dupla";"Curva";"Rural";1;0;0;0;1;0;0;1
83459453;"20/04/16";"Quarta";"20:30:00";"BA";324;"547";"AMELIA RODRIGUES";"Outras";"Colisão lateral";"Sem Vítimas";"Anoitecer";"Decrescente";"Ceu Claro";"Dupla";"Reta";"Rural";2;0;0;0;2;0;0;2
83459454;"26/04/16";"Terça";"01:30:00";"SP";116;"515";"BARRA DO TURVO";"Velocidade incompatível";"Tombamento";"Sem Vítimas";"Plena noite";"Decrescente";"Chuva";"Simples";"Curva";"Rural";1;0;0;0;1;0;0;1
83459455;"26/04/16";"Terça";"05:50:00";"GO";153;"381,9";"SAO FRANCISCO DE GOIAS";"Falta de atenção";"Saída de Pista";"Com Vítimas Feridas";"Plena noite";"Decrescente";"Ceu Claro";"Simples";"Reta";"Rural";2;0;0;1;1;0;1;1
83459456;"22/04/16";"Sexta";"13:45:00";"ES";101;"266";"SERRA";"Falta de atenção";"Colisão traseira";"Com Vítimas Feridas";"Pleno dia";"Crescente";"Sol";"Múltipla";"Reta";"Urbano";3;0;1;0;2;0;1;2
83459457;"23/04/16";"Sábado";"02:10:00";"BA";116;"408";"FEIRA DE SANTANA";"Falta de atenção";"Colisão traseira";"Com Vítimas Feridas";"Plena noite";"Decrescente";"Ceu Claro";"Simples";"Reta";"Rural";2;0;0;1;1;0;1;2
83459458;"24/04/16";"Domingo";"21:00:00";"PR";376;"644";"TIJUCAS DO SUL";"Desobediência à sinalização";"Colisão traseira";"Com Vítimas Feridas";"Plena noite";"Crescente";"Ceu Claro";"Dupla";"Reta";"Rural";4;0;4;0;0;0;4;2
83459460;"20/04/16";"Quarta";"11:20:00";"MG";365;"56,5";"CLARO DOS POCOES";"Defeito mecânico em veículo";"Colisão com objeto móvel";"Sem Vítimas";"Pleno dia";"Decrescente";"Sol";"Simples";"Reta";"Rural";2;0;0;0;2;0;0;2
83459461;"24/04/16";"Domingo";"21:00:00";"PR";158;"437";"RIO BONITO DO IGUACU";"Ingestão de álcool";"Saída de Pista";"Com Vítimas Fatais";"Plena noite";"Crescente";"Ceu Claro";"Simples";"Curva";"Rural";4;1;2;1;0;0;3;1
83459462;"20/04/16";"Quarta";"20:25:00";"ES";101;"270";"SERRA";"Não guardar distância de segurança";"Colisão traseira";"Com Vítimas Feridas";"Plena noite";"Decrescente";"Ceu Claro";"Múltipla";"Reta";"Urbano";2;0;0;1;1;0;1;2
83459463;"22/04/16";"Sexta";"11:30:00";"RS";392;"17,7";"RIO GRANDE";"Desobediência à sinalização";"Colisão Transversal";"Com Vítimas Feridas";"Pleno dia";"Decrescente";"Ceu Claro";"Dupla";"Reta";"Urbano";3;0;1;0;1;1;1;2
83459464;"26/04/16";"Terça";"07:15:00";"DF";70;"2";"BRASILIA";"Falta de atenção";"Colisão traseira";"Com Vítimas Feridas";"Amanhecer";"Decrescente";"Ceu Claro";"Dupla";"Curva";"Urbano";3;0;1;0;2;0;1;2
83459465;"22/04/16";"Sexta";"07:00:00";"PR";376;"338,9";"ORTIGUEIRA";"Defeito mecânico em veículo";"Tombamento";"Com Vítimas Feridas";"Amanhecer";"Crescente";"Ceu Claro";"Simples";"Curva";"Rural";3;0;1;0;2;0;1;1
83459466;"22/04/16";"Sexta";"19:00:00";"MG";50;"72";"UBERLANDIA";"Não guardar distância de segurança";"Colisão lateral";"Com Vítimas Feridas";"Plena noite";"Crescente";"Ignorada";"Dupla";"Reta";"Urbano";3;0;0;1;0;2;1;3
83459467;"23/04/16";"Sábado";"07:15:00";"PR";369;"497";"CORBELIA";"Defeito mecânico em veículo";"Colisão com objeto móvel";"Com Vítimas Feridas";"Amanhecer";"Crescente";"Ceu Claro";"Simples";"Reta";"Rural";3;0;0;1;1;1;1;2
83459468;"23/04/16";"Sábado";"19:00:00";"MA";316;"340";"BACABAL";"Outras";"Atropelamento de pessoa";"Com Vítimas Fatais";"Plena noite";"Crescente";"Ceu Claro";"Simples";"Reta";"Rural";3;1;0;0;2;0;0;1
83459469;"23/04/16";"Sábado";"04:00:00";"RJ";116;"3";"SAPUCAIA";"Outras";"Colisão frontal";"Com Vítimas Feridas";"Plena noite";"Decrescente";"Ceu Claro";"Simples";"Curva";"Rural";3;0;2;1;0;0;3;2
83459470;"24/04/16";"Domingo";"20:30:00";"PR";158;"384";"LARANJEIRAS DO SUL";"Falta de atenção";"Tombamento";"Com Vítimas Feridas";"Pleno dia";"Decrescente";"Ceu Claro";"Simples";"Curva";"Rural";3;0;3;0;0;0;3;1
83459471;"23/04/16";"Sábado";"04:10:00";"PE";101;"54";"PAULISTA";"Falta de atenção";"Colisão traseira";"Com Vítimas Fatais";"Plena noite";"Crescente";"Ceu Claro";"Dupla";"Curva";"Urbano";2;1;0;0;0;1;0;2
83459472;"22/04/16";"Sexta";"17:40:00";"SC";101;"299,8";"LAGUNA";"Animais na Pista";"Colisão com objeto fixo";"Com Vítimas Feridas";"Anoitecer";"Decrescente";"Chuva";"Dupla";"Reta";"Urbano";1;0;1;0;0;0;1;1
83459473;"23/04/16";"Sábado";"05:15:00";"RN";304;"125,2";"ITAJA";"Outras";"Colisão Transversal";"Com Vítimas Feridas";"Amanhecer";"Crescente";"Sol";"Simples";"Reta";"Rural";3;0;1;1;1;0;2;2
83459474;"22/04/16";"Sexta";"17:00:00";"SC";282;"216";"LAGES";"Velocidade incompatível";"Tombamento";"Com Vítimas Feridas";"Pleno dia";"Crescente";"Chuva";"Simples";"Curva";"Urbano";2;0;1;0;1;0;1;1
83459475;"26/04/16";"Terça";"08:10:00";"RJ";116;"143";"DUQUE DE CAXIAS";"Outras";"Colisão traseira";"Sem Vítimas";"Pleno dia";"Crescente";"Sol";"Dupla";"Reta";"Urbano";3;0;0;0;3;0;0;3
83459476;"26/04/16";"Terça";"07:20:00";"RN";101;"126,8";"SAO JOSE DE MIPIBU";"Outras";"Capotamento";"Com Vítimas Feridas";"Pleno dia";"Crescente";"Sol";"Dupla";"Reta";"Urbano";2;0;1;0;0;1;1;2
83459478;"22/04/16";"Sexta";"12:00:00";"PR";373;"194,4";"PONTA GROSSA";"Outras";"Derramamento de Carga";"Sem Vítimas";"Pleno dia";"Decrescente";"Ceu Claro";"Simples";"Curva";"Rural";1;0;0;0;1;0;0;1
83459479;"26/04/16";"Terça";"07:40:00";"PR";116;"124,3";"FAZENDA RIO GRANDE";"Defeito mecânico em veículo";"Queda de motocicleta / bicicleta / veículo";"Com Vítimas Feridas";"Pleno dia";"Decrescente";"Nublado";"Dupla";"Reta";"Rural";1;0;1;0;0;0;1;1
83459480;"22/04/16";"Sexta";"13:40:00";"SC";282;"220,4";"LAGES";"Desobediência à sinalização";"Colisão Transversal";"Sem Vítimas";"Pleno dia";"Crescente";"Chuva";"Simples";"Cruzamento";"Urbano";2;0;0;0;2;0;0;2
83459481;"26/04/16";"Terça";"07:30:00";"PB";230;"159,9";"CAMPINA GRANDE";"Falta de atenção";"Colisão Transversal";"Sem Vítimas";"Pleno dia";"Crescente";"Nublado";"Simples";"Reta";"Urbano";2;0;0;0;2;0;0;2
83459482;"26/04/16";"Terça";"07:52:00";"MG";116;"526,4";"CARATINGA";"Falta de atenção";"Colisão Transversal";"Com Vítimas Feridas";"Pleno dia";"Decrescente";"Ceu Claro";"Simples";"Curva";"Urbano";2;0;1;0;1;0;1;2
83459483;"15/04/16";"Sexta";"04:15:00";"BA";324;"595";"SIMOES FILHO";"Outras";"Colisão traseira";"Sem Vítimas";"Plena noite";"Crescente";"Ceu Claro";"Dupla";"Reta";"Rural";2;0;0;0;2;0;0;2
83459484;"23/04/16";"Sábado";"13:00:00";"BA";101;"714,9";"EUNAPOLIS";"Falta de atenção";"Colisão com objeto fixo";"Com Vítimas Feridas";"Pleno dia";"Crescente";"Nublado";"Simples";"Reta";"Urbano";1;0;1;0;0;0;1;1
83459485;"26/04/16";"Terça";"08:15:00";"MS";163;"452,3";"CAMPO GRANDE";"Defeito mecânico em veículo";"Colisão com objeto fixo";"Sem Vítimas";"Pleno dia";"Crescente";"Chuva";"Simples";"Reta";"Rural";1;0;0;0;1;0;0;1
83459486;"10/04/16";"Domingo";"06:00:00";"CE";116;"12";"FORTALEZA";"Outras";"Saída de Pista";"Ignorado";"Pleno dia";"Crescente";"Ceu Claro";"Múltipla";"Reta";"Urbano";1;0;0;0;0;1;0;1
83459487;"25/04/16";"Segunda";"07:25:00";"MG";381;"340";"BELA VISTA DE MINAS";"Velocidade incompatível";"Colisão frontal";"Com Vítimas Fatais";"Pleno dia";"Decrescente";"Ceu Claro";"Simples";"Curva";"Rural";4;3;0;0;1;0;0;2
83459488;"23/04/16";"Sábado";"06:15:00";"BA";116;"394";"SANTA BARBARA";"Outras";"Capotamento";"Com Vítimas Feridas";"Amanhecer";"Crescente";"Ceu Claro";"Simples";"Reta";"Rural";1;0;1;0;0;0;1;1
83459489;"22/04/16";"Sexta";"07:00:00";"MG";262;"365,8";"JUATUBA";"Outras";"Queda de motocicleta / bicicleta / veículo";"Com Vítimas Feridas";"Pleno dia";"Decrescente";"Ceu Claro";"Dupla";"Reta";"Urbano";1;0;1;0;0;0;1;1
83459490;"22/04/16";"Sexta";"20:30:00";"MG";381;"495";"BETIM";"Outras";"Queda de motocicleta / bicicleta / veículo";"Com Vítimas Feridas";"Plena noite";"Crescente";"Ceu Claro";"Dupla";"Reta";"Urbano";1;0;1;0;0;0;1;1
83459491;"23/04/16";"Sábado";"04:30:00";"SC";470;"100,5";"APIUNA";"Ingestão de álcool";"Colisão traseira";"Com Vítimas Feridas";"Plena noite";"Decrescente";"Ceu Claro";"Simples";"Reta";"Urbano";4;0;2;0;2;0;2;2
83459492;"23/04/16";"Sábado";"04:00:00";"GO";20;"114";"FLORES DE GOIAS";"Outras";"Saída de Pista";"Com Vítimas Feridas";"Plena noite";"Crescente";"Ceu Claro";"Simples";"Reta";"Rural";2;0;0;1;1;0;1;1
83459493;"23/04/16";"Sábado";"03:40:00";"MG";40;"765,7";"JUIZ DE FORA";"Dormindo";"Colisão com objeto fixo";"Sem Vítimas";"Plena noite";"Decrescente";"Ceu Claro";"Simples";"Reta";"Rural";1;0;0;0;1;0;0;1
83459494;"26/04/16";"Terça";"08:40:00";"ES";101;"66,5";"SAO MATEUS";"Defeito mecânico em veículo";"Colisão com objeto fixo";"Sem Vítimas";"Pleno dia";"Crescente";"Sol";"Simples";"Cruzamento";"Urbano";1;0;0;0;1;0;0;1
83459495;"10/04/16";"Domingo";"18:00:00";"RJ";40;"72";"PETROPOLIS";"Velocidade incompatível";"Saída de Pista";"Sem Vítimas";"Plena noite";"Decrescente";"Ceu Claro";"Simples";"Curva";"Urbano";1;0;0;0;1;0;0;1
83459496;"25/04/16";"Segunda";"17:25:00";"RJ";101;"549";"PARATI";"Desobediência à sinalização";"Colisão Transversal";"Com Vítimas Fatais";"Pleno dia";"Crescente";"Ceu Claro";"Simples";"Reta";"Rural";4;1;0;1;2;0;1;3
83459497;"22/04/16";"Sexta";"19:10:00";"CE";20;"423";"MARACANAU";"Outras";"Colisão Transversal";"Com Vítimas Feridas";"Plena noite";"Decrescente";"Ceu Claro";"Simples";"Reta";"Urbano";2;0;1;0;1;0;1;2
83459498;"14/04/16";"Quinta";"19:15:00";"CE";116;"47";"PACAJUS";"Falta de atenção";"Colisão traseira";"Com Vítimas Feridas";"Pleno dia";"Decrescente";"Ceu Claro";"Dupla";"Curva";"Urbano";2;0;1;0;1;0;1;2
83459500;"23/04/16";"Sábado";"06:30:00";"SC";282;"515,6";"XAXIM";"Ingestão de álcool";"Colisão frontal";"Com Vítimas Feridas";"Pleno dia";"Crescente";"Ceu Claro";"Simples";"Reta";"Rural";2;0;0;1;1;0;1;2
83459501;"26/04/16";"Terça";"06:30:00";"MS";163;"673,7";"RIO VERDE DE MATO GROSSO";"Defeito mecânico em veículo";"Saída de Pista";"Sem Vítimas";"Pleno dia";"Crescente";"Nublado";"Simples";"Curva";"Rural";2;0;0;0;2;0;0;1
83459502;"17/04/16";"Domingo";"20:00:00";"MG";459;"76,8";"CONGONHAL";"Velocidade incompatível";"Saída de Pista";"Com Vítimas Fatais";"Plena noite";"Decrescente";"Ceu Claro";"Simples";"Curva";"Rural";1;1;0;0;0;0;0;1
83459503;"25/04/16";"Segunda";"11:55:00";"SP";153;"57,4";"SAO JOSE DO RIO PRETO";"Não guardar distância de segurança";"Colisão traseira";"Com Vítimas Feridas";"Pleno dia";"Decrescente";"Ceu Claro";"Simples";"Reta";"Urbano";2;0;1;0;0;1;1;2
83459505;"23/04/16";"Sábado";"11:00:00";"RJ";116;"84";"TERESOPOLIS";"Outras";"Colisão Transversal";"Com Vítimas Feridas";"Pleno dia";"Crescente";"Ceu Claro";"Simples";"Reta";"Urbano";2;0;1;0;1;0;1;2
83459507;"22/04/16";"Sexta";"18:30:00";"RJ";101;"304";"SAO GONCALO";"Falta de atenção";"Atropelamento de pessoa";"Com Vítimas Fatais";"Plena noite";"Crescente";"Ceu Claro";"Dupla";"Reta";"Urbano";2;1;0;0;0;1;0;1
83459508;"26/04/16";"Terça";"06:40:00";"MG";365;"369";"PATOS DE MINAS";"Ultrapassagem indevida";"Saída de Pista";"Com Vítimas Feridas";"Amanhecer";"Decrescente";"Sol";"Simples";"Reta";"Rural";1;0;1;0;0;0;1;1
83459509;"26/04/16";"Terça";"07:30:00";"TO";153;"617,6";"ALIANCA DO TOCANTINS";"Velocidade incompatível";"Colisão traseira";"Sem Vítimas";"Pleno dia";"Decrescente";"Ceu Claro";"Simples";"Reta";"Rural";2;0;0;0;2;0;0;2
83459510;"23/03/16";"Quarta";"06:28:00";"PR";376;"177";"MARINGA";"Outras";"Queda de motocicleta / bicicleta / veículo";"Com Vítimas Feridas";"Pleno dia";"Crescente";"Ignorada";"Dupla";"Reta";"Urbano";1;0;1;0;0;0;1;1
83459511;"26/04/16";"Terça";"07:30:00";"BA";101;"109";"ALAGOINHAS";"Outras";"Colisão com bicicleta";"Com Vítimas Feridas";"Pleno dia";"Crescente";"Ceu Claro";"Simples";"Reta";"Urbano";2;0;1;0;1;0;1;2
83459512;"26/04/16";"Terça";"06:50:00";"RJ";116;"296";"PORTO REAL";"Falta de atenção";"Colisão traseira";"Sem Vítimas";"Amanhecer";"Decrescente";"Ceu Claro";"Dupla";"Reta";"Rural";2;0;0;0;2;0;0;2
83459513;"22/04/16";"Sexta";"12:30:00";"MG";381;"501";"BETIM";"Falta de atenção";"Colisão lateral";"Com Vítimas Feridas";"Pleno dia";"Crescente";"Ceu Claro";"Dupla";"Reta";"Urbano";2;0;1;0;1;0;1;2
83459514;"26/04/16";"Terça";"09:00:00";"RS";116;"161,6";"CAXIAS DO SUL";"Falta de atenção";"Colisão frontal";"Com Vítimas Feridas";"Pleno dia";"Crescente";"Chuva";"Simples";"Reta";"Urbano";5;0;3;0;2;0;3;3
83459515;"25/04/16";"Segunda";"01:40:00";"MG";381;"579,8";"CARMOPOLIS DE MINAS";"Velocidade incompatível";"Capotamento";"Com Vítimas Feridas";"Plena noite";"Decrescente";"Ignorada";"Dupla";"Reta";"Rural";2;0;1;0;1;0;1;1
83459516;"26/04/16";"Terça";"11:30:00";"SC";282;"498,8";"XANXERE";"Velocidade incompatível";"Saída de Pista";"Sem Vítimas";"Pleno dia";"Crescente";"Chuva";"Simples";"Reta";"Urbano";1;0;0;0;1;0;0;1
83459517;"26/04/16";"Terça";"11:40:00";"SC";116;"103,7";"MONTE CASTELO";"Outras";"Derramamento de Carga";"Sem Vítimas";"Pleno dia";"Decrescente";"Nublado";"Simples";"Reta";"Rural";1;0;0;0;1;0;0;1
83459518;"24/04/16";"Domingo";"18:50:00";"MG";135;"616,8";"CURVELO";"Falta de atenção";"Colisão lateral";"Com Vítimas Feridas";"Anoitecer";"Crescente";"Ceu Claro";"Simples";"Curva";"Rural";3;0;2;0;1;0;2;2
83459519;"09/04/16";"Sábado";"20:50:00";"PR";373;"481";"CORONEL VIVIDA";"Ingestão de álcool";"Colisão frontal";"Sem Vítimas";"Plena noite";"Crescente";"Ceu Claro";"Simples";"Reta";"Urbano";2;0;0;0;1;1;0;2
83459520;"26/04/16";"Terça";"08:00:00";"DF";20;"11";"BRASILIA";"Falta de atenção";"Atropelamento de pessoa";"Com Vítimas Feridas";"Pleno dia";"Crescente";"Ceu Claro";"Dupla";"Reta";"Urbano";2;0;0;1;1;0;1;1
83459521;"26/04/16";"Terça";"09:15:00";"RS";471;"203,4";"PANTANO GRANDE";"Velocidade incompatível";"Saída de Pista";"Sem Vítimas";"Pleno dia";"Decrescente";"Chuva";"Simples";"Reta";"Rural";1;0;0;0;1;0;0;1
83459522;"10/04/16";"Domingo";"20:30:00";"RJ";116;"168";"RIO DE JANEIRO";"Outras";"Colisão traseira";"Sem Vítimas";"Plena noite";"Decrescente";"Sol";"Múltipla";"Reta";"Urbano";4;0;0;0;4;0;0;2
83459523;"26/04/16";"Terça";"08:00:00";"SC";101;"117";"ITAJAI";"Outras";"Colisão lateral";"Com Vítimas Feridas";"Pleno dia";"Decrescente";"Nublado";"Múltipla";"Reta";"Urbano";2;0;1;0;1;0;1;2
83459524;"26/04/16";"Terça";"07:00:00";"RS";470;"21,7";"BARRACAO";"Dormindo";"Colisão frontal";"Com Vítimas Feridas";"Amanhecer";"Crescente";"Chuva";"Simples";"Reta";"Rural";2;0;1;0;1;0;1;2
83459525;"27/01/16";"Quarta";"06:00:00";"MT";364;"450";"VARZEA GRANDE";"Desobediência à sinalização";"Colisão lateral";"Com Vítimas Feridas";"Amanhecer";"Crescente";"Chuva";"Simples";"Reta";"Rural";8;0;1;0;7;0;1;7
83459526;"26/04/16";"Terça";"09:00:00";"RS";285;"412,8";"PANAMBI";"Velocidade incompatível";"Saída de Pista";"Com Vítimas Feridas";"Pleno dia";"Crescente";"Chuva";"Simples";"Reta";"Rural";1;0;0;1;0;0;1;1
83459528;"26/04/16";"Terça";"09:15:00";"GO";60;"465";"JATAI";"Outras";"Colisão traseira";"Com Vítimas Feridas";"Pleno dia";"Decrescente";"Nublado";"Dupla";"Reta";"Rural";3;0;2;0;1;0;2;2
83459529;"22/04/16";"Sexta";"16:30:00";"MG";356;"272,1";"MURIAE";"Ultrapassagem indevida";"Colisão com objeto fixo";"Com Vítimas Feridas";"Pleno dia";"Decrescente";"Ceu Claro";"Simples";"Reta";"Rural";4;0;3;0;1;0;3;2
83459530;"22/04/16";"Sexta";"21:00:00";"SP";101;"15,3";"UBATUBA";"Outras";"Atropelamento de pessoa";"Com Vítimas Fatais";"Plena noite";"Decrescente";"Ceu Claro";"Simples";"Reta";"Rural";2;1;0;0;0;1;0;1
83459531;"20/04/16";"Quarta";"09:20:00";"MG";40;"461,7";"SETE LAGOAS";"Outras";"Incêndio";"Sem Vítimas";"Pleno dia";"Crescente";"Sol";"Dupla";"Reta";"Rural";1;0;0;0;1;0;0;1
83459532;"26/04/16";"Terça";"08:50:00";"MT";364;"404";"CUIABA";"Falta de atenção";"Colisão traseira";"Sem Vítimas";"Pleno dia";"Crescente";"Nublado";"Múltipla";"Reta";"Urbano";2;0;0;0;2;0;0;2
83459533;"18/04/16";"Segunda";"06:45:00";"RJ";101;"86";"CAMPOS DOS GOYTACAZES";"Ultrapassagem indevida";"Colisão frontal";"Com Vítimas Fatais";"Amanhecer";"Decrescente";"Ceu Claro";"Simples";"Reta";"Rural";5;2;1;0;2;0;1;4
83459534;"26/04/16";"Terça";"13:20:00";"DF";70;"10,8";"BRASILIA";"Falta de atenção";"Colisão com bicicleta";"Com Vítimas Feridas";"Pleno dia";"Crescente";"Ceu Claro";"Dupla";"Reta";"Urbano";2;0;0;1;1;0;1;2
83459535;"17/01/16";"Domingo";"16:10:00";"ES";101;"313";"VIANA";"Não guardar distância de segurança";"Colisão traseira";"Sem Vítimas";"Pleno dia";"Decrescente";"Chuva";"Simples";"Reta";"Rural";5;0;0;0;5;0;0;5
83459536;"26/04/16";"Terça";"11:40:00";"SC";282;"578";"PINHALZINHO";"Não guardar distância de segurança";"Colisão traseira";"Com Vítimas Feridas";"Pleno dia";"Crescente";"Chuva";"Simples";"Reta";"Urbano";4;0;1;0;3;0;1;4
83459537;"26/04/16";"Terça";"10:10:00";"GO";60;"209";"VARJAO";"Outras";"Derramamento de Carga";"Sem Vítimas";"Pleno dia";"Crescente";"Sol";"Dupla";"Reta";"Rural";4;0;0;0;4;0;0;2
83459539;"22/04/16";"Sexta";"15:02:00";"SC";101;"89";"BARRA VELHA";"Falta de atenção";"Colisão traseira";"Com Vítimas Feridas";"Pleno dia";"Decrescente";"Ceu Claro";"Dupla";"Reta";"Urbano";2;0;1;0;1;0;1;2
83459540;"26/04/16";"Terça";"10:10:00";"CE";304;"53";"ARACATI";"Falta de atenção";"Colisão Transversal";"Com Vítimas Feridas";"Pleno dia";"Crescente";"Ceu Claro";"Simples";"Cruzamento";"Rural";2;0;1;0;1;0;1;2
83459541;"24/04/16";"Domingo";"04:20:00";"MG";135;"501,2";"JOAQUIM FELICIO";"Ingestão de álcool";"Colisão com objeto fixo";"Com Vítimas Fatais";"Amanhecer";"Decrescente";"Ceu Claro";"Simples";"Reta";"Rural";1;1;0;0;0;0;0;1
83459542;"23/04/16";"Sábado";"04:44:00";"RJ";101;"420";"MANGARATIBA";"Outras";"Colisão frontal";"Com Vítimas Feridas";"Amanhecer";"Crescente";"Ceu Claro";"Simples";"Curva";"Rural";3;0;3;0;0;0;3;2
83459544;"26/04/16";"Terça";"14:00:00";"MG";381;"759,3";"TRES CORACOES";"Outras";"Tombamento";"Sem Vítimas";"Pleno dia";"Crescente";"Sol";"Dupla";"Reta";"Rural";1;0;0;0;1;0;0;1