"id";"data_inversa";"dia_semana";"horario";"uf";"br";"km";"municipio";"causa_acidente";"tipo_acidente";"classificacao_acidente";"fase_dia";"sentido_via";"condicao_metereologica";"tipo_pista";"tracado_via";"uso_solo";"pessoas";"mortos";"feridos_leves";"feridos_graves";"ilesos";"ignorados";"feridos";"veiculos"
83459545;"26/04/16";"Terça";"12:00:00";"MT";70;"541";"NOSSA SENHORA DO LIVRAMENTO";"Outras";"Saída de Pista";"Sem Vítimas";"Pleno dia";"Crescente";"Chuva";"Simples";"Reta";"Rural";1;0;0;0;1;0;0;1
83459547;"26/04/16";"Terça";"08:15:00";"SP";101;"50,1";"UBATUBA";"Falta de atenção";"Colisão Transversal";"Com Vítimas Feridas";"Pleno dia";"Crescente";"Nublado";"Simples";"Reta";"Urbano";2;0;1;0;1;0;1;2
83459548;"26/04/16";"Terça";"06:40:00";"MG";262;"830,5";"UBERABA";"Falta de atenção";"Capotamento";"Sem Vítimas";"Amanhecer";"Crescente";"Nublado";"Dupla";"Reta";"Rural";1;0;0;0;1;0;0;1
83459549;"26/04/16";"Terça";"10:00:00";"MT";364;"324";"CAMPO VERDE";"Outras";"Saída de Pista";"Com Vítimas Feridas";"Pleno dia";"Decrescente";"Chuva";"Dupla";"Reta";"Rural";1;0;1;0;0;0;1;1
83459550;"26/04/16";"Terça";"11:00:00";"BA";324;"581,5";"CANDEIAS";"Defeito mecânico em veículo";"Colisão com objeto fixo";"Sem Vítimas";"Pleno dia";"Crescente";"Ceu Claro";"Dupla";"Reta";"Rural";4;0;0;0;4;0;0;1
83459551;"26/04/16";"Terça";"12:13:00";"PR";467;"103";"CASCAVEL";"Outras";"Tombamento";"Sem Vítimas";"Pleno dia";"Crescente";"Ceu Claro";"Múltipla";"Curva";"Rural";2;0;0;0;2;0;0;2
83459552;"24/04/16";"Domingo";"01:30:00";"MG";40;"615,8";"CONGONHAS";"Falta de atenção";"Colisão traseira";"Com Vítimas Feridas";"Plena noite";"Crescente";"Ceu Claro";"Simples";"Reta";"Rural";10;0;2;0;7;1;2;4
83459553;"26/04/16";"Terça";"10:15:00";"MS";163;"452,3";"CAMPO GRANDE";"Outras";"Colisão lateral";"Sem Vítimas";"Pleno dia";"Crescente";"Chuva";"Simples";"Reta";"Rural";2;0;0;0;2;0;0;2
83459555;"26/04/16";"Terça";"12:05:00";"PE";101;"53,5";"PAULISTA";"Falta de atenção";"Colisão traseira";"Sem Vítimas";"Pleno dia";"Decrescente";"Ceu Claro";"Múltipla";"Reta";"Urbano";2;0;0;0;2;0;0;2
83459556;"26/04/16";"Terça";"15:20:00";"SC";101;"87";"BARRA VELHA";"Outras";"Colisão com objeto fixo";"Com Vítimas Feridas";"Pleno dia";"Decrescente";"Chuva";"Dupla";"Curva";"Urbano";1;0;1;0;0;0;1;1
83459557;"26/04/16";"Terça";"11:00:00";"RS";285;"538";"SAO LUIZ GONZAGA";"Velocidade incompatível";"Saída de Pista";"Com Vítimas Feridas";"Pleno dia";"Decrescente";"Chuva";"Simples";"Curva";"Urbano";1;0;1;0;0;0;1;1
83459558;"26/04/16";"Terça";"06:50:00";"MT";158;"630,2";"AGUA BOA";"Outras";"Capotamento";"Com Vítimas Feridas";"Amanhecer";"Crescente";"Ceu Claro";"Simples";"Reta";"Rural";4;0;2;1;1;0;3;1
83459559;"26/04/16";"Terça";"09:25:00";"RN";101;"144,3";"ARES";"Defeito mecânico em veículo";"Derramamento de Carga";"Sem Vítimas";"Pleno dia";"Decrescente";"Sol";"Dupla";"Curva";"Rural";1;0;0;0;1;0;0;1
83459560;"26/04/16";"Terça";"11:00:00";"PR";116;"131,9";"FAZENDA RIO GRANDE";"Falta de atenção";"Colisão com objeto fixo";"Sem Vítimas";"Pleno dia";"Crescente";"Nublado";"Simples";"Reta";"Urbano";1;0;0;0;1;0;0;1
83459561;"26/04/16";"Terça";"09:50:00";"PI";316;"238";"INHUMA";"Velocidade incompatível";"Saída de Pista";"Com Vítimas Feridas";"Pleno dia";"Decrescente";"Ceu Claro";"Simples";"Reta";"Rural";1;0;1;0;0;0;1;1
83459562;"26/04/16";"Terça";"14:30:00";"PA";10;"14";"DOM ELISEU";"Outras";"Colisão frontal";"Com Vítimas Feridas";"Pleno dia";"Decrescente";"Chuva";"Simples";"Reta";"Urbano";4;0;4;0;0;0;4;2
83459563;"23/04/16";"Sábado";"08:00:00";"RJ";40;"71";"PETROPOLIS";"Velocidade incompatível";"Colisão traseira";"Com Vítimas Feridas";"Pleno dia";"Decrescente";"Ceu Claro";"Simples";"Curva";"Rural";2;0;2;0;0;0;2;2
83459564;"26/04/16";"Terça";"12:40:00";"MG";116;"782,7";"LEOPOLDINA";"Outras";"Saída de Pista";"Com Vítimas Feridas";"Pleno dia";"Decrescente";"Ceu Claro";"Simples";"Curva";"Rural";1;0;1;0;0;0;1;1
83459565;"22/04/16";"Sexta";"23:30:00";"SC";280;"52";"GUARAMIRIM";"Falta de atenção";"Colisão lateral";"Sem Vítimas";"Plena noite";"Crescente";"Chuva";"Simples";"Reta";"Urbano";2;0;0;0;2;0;0;2
83459566;"04/03/16";"Sexta";"12:00:00";"RS";116;"252";"SAPUCAIA DO SUL";"Falta de atenção";"Colisão traseira";"Com Vítimas Feridas";"Pleno dia";"Crescente";"Ceu Claro";"Simples";"Reta";"Urbano";6;0;4;0;2;0;4;2
83459567;"26/04/16";"Terça";"16:20:00";"SP";153;"60,1";"SAO JOSE DO RIO PRETO";"Falta de atenção";"Colisão traseira";"Com Vítimas Feridas";"Pleno dia";"Crescente";"Chuva";"Dupla";"Cruzamento";"Urbano";2;0;1;0;0;1;1;2
83459568;"26/04/16";"Terça";"15:20:00";"GO";364;"170";"JATAI";"Outras";"Saída de Pista";"Com Vítimas Feridas";"Pleno dia";"Decrescente";"Chuva";"Múltipla";"Reta";"Rural";1;0;1;0;0;0;1;1
83459569;"26/04/16";"Terça";"16:00:00";"CE";20;"309,5";"FORTALEZA";"Animais na Pista";"Atropelamento de animal";"Sem Vítimas";"Pleno dia";"Decrescente";"Ceu Claro";"Simples";"Reta";"Urbano";4;0;0;0;4;0;0;1
83459571;"26/04/16";"Terça";"10:30:00";"SP";116;"228";"GUARULHOS";"Outras";"Colisão lateral";"Com Vítimas Feridas";"Pleno dia";"Crescente";"Ceu Claro";"Múltipla";"Reta";"Urbano";2;0;1;0;1;0;1;2
83459572;"26/04/16";"Terça";"13:35:00";"SP";153;"62";"SAO JOSE DO RIO PRETO";"Não guardar distância de segurança";"Colisão lateral";"Sem Vítimas";"Pleno dia";"Crescente";"Chuva";"Dupla";"Reta";"Urbano";7;0;0;0;7;0;0;7
83459573;"26/04/16";"Terça";"16:15:00";"SC";116;"192,7";"PONTE ALTA";"Velocidade incompatível";"Colisão com objeto fixo";"Sem Vítimas";"Pleno dia";"Crescente";"Chuva";"Simples";"Reta";"Rural";1;0;0;0;1;0;0;1
83459574;"26/04/16";"Terça";"09:10:00";"SP";381;"66,5";"MAIRIPORA";"Falta de atenção";"Colisão com objeto fixo";"Sem Vítimas";"Pleno dia";"Decrescente";"Nublado";"Dupla";"Reta";"Urbano";1;0;0;0;1;0;0;1
83459575;"26/04/16";"Terça";"15:15:00";"SP";116;"145,7";"SAO JOSE DOS CAMPOS";"Defeito mecânico em veículo";"Colisão traseira";"Com Vítimas Feridas";"Pleno dia";"Decrescente";"Nublado";"Dupla";"Reta";"Urbano";3;0;1;0;2;0;1;2
83459577;"25/04/16";"Segunda";"07:30:00";"DF";70;"12,8";"BRASILIA";"Outras";"Colisão lateral";"Com Vítimas Feridas";"Pleno dia";"Decrescente";"Ceu Claro";"Dupla";"Reta";"Urbano";4;0;0;2;2;0;2;3
83459578;"22/04/16";"Sexta";"20:30:00";"CE";222;"129";"ITAPAGE";"Velocidade incompatível";"Colisão Transversal";"Com Vítimas Feridas";"Plena noite";"Decrescente";"Ceu Claro";"Simples";"Curva";"Urbano";4;0;0;3;1;0;3;2
83459579;"26/04/16";"Terça";"10:00:00";"TO";153;"332";"GUARAI";"Velocidade incompatível";"Colisão Transversal";"Com Vítimas Feridas";"Pleno dia";"Crescente";"Sol";"Dupla";"Reta";"Urbano";2;0;1;0;1;0;1;2
83459580;"26/04/16";"Terça";"11:00:00";"GO";60;"118";"TEREZOPOLIS DE GOIAS";"Falta de atenção";"Colisão Transversal";"Com Vítimas Feridas";"Pleno dia";"Decrescente";"Ceu Claro";"Dupla";"Reta";"Urbano";2;0;1;0;1;0;1;2
83459581;"23/04/16";"Sábado";"03:00:00";"SC";280;"32";"ARAQUARI";"Falta de atenção";"Saída de Pista";"Com Vítimas Feridas";"Plena noite";"Decrescente";"Chuva";"Simples";"Curva";"Urbano";2;0;1;0;1;0;1;1
83459582;"26/04/16";"Terça";"06:15:00";"RJ";101;"297";"ITABORAI";"Outras";"Colisão traseira";"Com Vítimas Feridas";"Pleno dia";"Crescente";"Ceu Claro";"Dupla";"Reta";"Urbano";2;0;1;0;1;0;1;2
83459583;"26/04/16";"Terça";"08:15:00";"RJ";101;"317";"SAO GONCALO";"Outras";"Colisão traseira";"Sem Vítimas";"Pleno dia";"Crescente";"Ceu Claro";"Dupla";"Reta";"Urbano";4;0;0;0;4;0;0;4
83459584;"26/04/16";"Terça";"16:45:00";"PR";158;"520,8";"PATO BRANCO";"Não guardar distância de segurança";"Colisão traseira";"Sem Vítimas";"Pleno dia";"Decrescente";"Chuva";"Simples";"Reta";"Urbano";2;0;0;0;2;0;0;2
83459585;"26/04/16";"Terça";"08:40:00";"MT";70;"681,6";"CACERES";"Falta de atenção";"Saída de Pista";"Sem Vítimas";"Pleno dia";"Crescente";"Chuva";"Simples";"Curva";"Rural";1;0;0;0;1;0;0;1
83459586;"26/04/16";"Terça";"07:00:00";"RN";405;"3,2";"MOSSORO";"Desobediência à sinalização";"Colisão Transversal";"Com Vítimas Feridas";"Pleno dia";"Crescente";"Sol";"Simples";"Reta";"Urbano";3;0;1;1;1;0;2;2
83459587;"23/04/16";"Sábado";"11:15:00";"PR";280;"292";"FLOR DA SERRA DO SUL";"Falta de atenção";"Colisão Transversal";"Com Vítimas Feridas";"Pleno dia";"Crescente";"Ceu Claro";"Simples";"Reta";"Urbano";5;0;3;0;2;0;3;2
83459588;"26/04/16";"Terça";"16:00:00";"RJ";101;"314";"SAO GONCALO";"Outras";"Colisão com objeto fixo";"Ignorado";"Pleno dia";"Decrescente";"Ceu Claro";"Dupla";"Reta";"Urbano";1;0;0;0;0;1;0;1
83459590;"26/04/16";"Terça";"17:40:00";"RS";285;"292,8";"PASSO FUNDO";"Falta de atenção";"Colisão Transversal";"Sem Vítimas";"Anoitecer";"Crescente";"Chuva";"Simples";"Cruzamento";"Urbano";2;0;0;0;2;0;0;2
83459592;"18/04/16";"Segunda";"14:00:00";"RJ";116;"175";"NOVA IGUACU";"Outras";"Capotamento";"Sem Vítimas";"Pleno dia";"Crescente";"Sol";"Múltipla";"Reta";"Urbano";2;0;0;0;2;0;0;2
83459593;"22/04/16";"Sexta";"19:45:00";"ES";262;"108,9";"VENDA NOVA DO IMIGRANTE";"Velocidade incompatível";"Queda de motocicleta / bicicleta / veículo";"Com Vítimas Feridas";"Plena noite";"Decrescente";"Ceu Claro";"Simples";"Reta";"Urbano";2;0;0;1;0;1;1;2
83459594;"25/04/16";"Segunda";"11:00:00";"GO";364;"371,6";"SANTA RITA DO ARAGUAIA";"Velocidade incompatível";"Colisão traseira";"Com Vítimas Feridas";"Pleno dia";"Decrescente";"Ceu Claro";"Simples";"Reta";"Rural";2;0;1;0;1;0;1;2
83459595;"26/04/16";"Terça";"15:30:00";"MG";365;"463,8";"PATROCINIO";"Outras";"Colisão frontal";"Com Vítimas Feridas";"Pleno dia";"Decrescente";"Chuva";"Simples";"Reta";"Rural";2;0;1;0;1;0;1;2
83459596;"26/04/16";"Terça";"18:15:00";"PR";277;"721";"FOZ DO IGUACU";"Não guardar distância de segurança";"Colisão traseira";"Sem Vítimas";"Anoitecer";"Crescente";"Chuva";"Dupla";"Reta";"Urbano";3;0;0;0;3;0;0;3
83459597;"24/04/16";"Domingo";"06:30:00";"PR";376;"596";"CURITIBA";"Dormindo";"Capotamento";"Com Vítimas Feridas";"Amanhecer";"Crescente";"Ceu Claro";"Dupla";"Reta";"Urbano";5;0;0;5;0;0;5;1
83459598;"26/04/16";"Terça";"18:15:00";"MG";381;"494,9";"BETIM";"Defeito mecânico em veículo";"Queda de motocicleta / bicicleta / veículo";"Com Vítimas Feridas";"Plena noite";"Crescente";"Ceu Claro";"Dupla";"Reta";"Urbano";2;0;2;0;0;0;2;1
83459599;"26/04/16";"Terça";"15:00:00";"MS";267;"478";"GUIA LOPES DA LAGUNA";"Falta de atenção";"Colisão traseira";"Com Vítimas Feridas";"Pleno dia";"Crescente";"Nublado";"Simples";"Reta";"Urbano";3;0;1;0;2;0;1;2
83459600;"26/04/16";"Terça";"18:00:00";"RS";153;"44";"ERECHIM";"Falta de atenção";"Saída de Pista";"Sem Vítimas";"Anoitecer";"Crescente";"Chuva";"Simples";"Curva";"Rural";1;0;0;0;1;0;0;1
83459601;"26/04/16";"Terça";"17:30:00";"PR";376;"656";"TIJUCAS DO SUL";"Velocidade incompatível";"Capotamento";"Com Vítimas Feridas";"Pleno dia";"Decrescente";"Chuva";"Dupla";"Curva";"Rural";2;0;1;0;1;0;1;2
83459602;"14/04/16";"Quinta";"06:45:00";"PE";428;"178";"PETROLINA";"Desobediência à sinalização";"Colisão traseira";"Sem Vítimas";"Pleno dia";"Decrescente";"Sol";"Simples";"Reta";"Rural";2;0;0;0;2;0;0;2
83459603;"26/04/16";"Terça";"08:30:00";"SC";101;"240";"PALHOCA";"Defeito mecânico em veículo";"Derramamento de Carga";"Sem Vítimas";"Pleno dia";"Crescente";"Ceu Claro";"Dupla";"Curva";"Rural";1;0;0;0;1;0;0;1
83459604;"26/04/16";"Terça";"16:55:00";"BA";116;"883,9";"VITORIA DA CONQUISTA";"Não guardar distância de segurança";"Colisão traseira";"Com Vítimas Feridas";"Pleno dia";"Crescente";"Nublado";"Simples";"Reta";"Rural";3;0;1;0;2;0;1;2
83459605;"26/04/16";"Terça";"09:00:00";"MG";40;"97";"LAGOA GRANDE";"Outras";"Colisão lateral";"Sem Vítimas";"Pleno dia";"Decrescente";"Ceu Claro";"Simples";"Reta";"Rural";4;0;0;0;4;0;0;2
83459606;"26/04/16";"Terça";"16:15:00";"SC";282;"304,9";"VARGEM";"Velocidade incompatível";"Colisão frontal";"Com Vítimas Feridas";"Pleno dia";"Decrescente";"Chuva";"Simples";"Curva";"Rural";5;0;3;0;2;0;3;2
83459607;"26/04/16";"Terça";"16:50:00";"MG";381;"873,7";"ESTIVA";"Velocidade incompatível";"Saída de Pista";"Com Vítimas Feridas";"Pleno dia";"Crescente";"Nublado";"Dupla";"Curva";"Rural";1;0;1;0;0;0;1;1
83459608;"26/04/16";"Terça";"18:00:00";"SC";116;"254,7";"LAGES";"Outras";"Colisão frontal";"Sem Vítimas";"Anoitecer";"Decrescente";"Chuva";"Simples";"Reta";"Rural";3;0;0;0;3;0;0;3
83459609;"26/04/16";"Terça";"11:00:00";"RS";386;"407";"TRIUNFO";"Falta de atenção";"Colisão traseira";"Sem Vítimas";"Pleno dia";"Decrescente";"Chuva";"Dupla";"Reta";"Rural";2;0;0;0;2;0;0;2
83459611;"26/04/16";"Terça";"15:29:00";"RS";116;"231,5";"ESTANCIA VELHA";"Outras";"Colisão frontal";"Com Vítimas Feridas";"Pleno dia";"Decrescente";"Chuva";"Simples";"Curva";"Rural";6;0;2;0;4;0;2;4
83459612;"23/04/16";"Sábado";"04:00:00";"PA";230;"659";"ALTAMIRA";"Falta de atenção";"Capotamento";"Com Vítimas Fatais";"Plena noite";"Crescente";"Chuva";"Simples";"Reta";"Rural";3;1;2;0;0;0;2;1
83459613;"26/04/16";"Terça";"18:30:00";"PI";343;"345,3";"TERESINA";"Outras";"Colisão Transversal";"Com Vítimas Feridas";"Plena noite";"Crescente";"Ceu Claro";"Simples";"Reta";"Urbano";2;0;1;0;1;0;1;2
83459614;"26/04/16";"Terça";"08:40:00";"PR";277;"107";"CAMPO LARGO";"Defeito mecânico em veículo";"Queda de motocicleta / bicicleta / veículo";"Com Vítimas Feridas";"Pleno dia";"Crescente";"Ceu Claro";"Dupla";"Reta";"Rural";1;0;1;0;0;0;1;1
83459615;"26/04/16";"Terça";"13:30:00";"PR";277;"704,6";"SAO MIGUEL DO IGUACU";"Outras";"Colisão com objeto fixo";"Sem Vítimas";"Pleno dia";"Crescente";"Chuva";"Dupla";"Reta";"Rural";2;0;0;0;2;0;0;1
83459616;"26/04/16";"Terça";"12:30:00";"RO";364;"618";"CANDEIAS DO JAMARI";"Velocidade incompatível";"Saída de Pista";"Sem Vítimas";"Pleno dia";"Decrescente";"Chuva";"Simples";"Curva";"Urbano";4;0;0;0;4;0;0;1
83459617;"24/04/16";"Domingo";"13:55:00";"SP";381;"51";"ATIBAIA";"Defeito mecânico em veículo";"Queda de motocicleta / bicicleta / veículo";"Com Vítimas Feridas";"Pleno dia";"Decrescente";"Sol";"Dupla";"Reta";"Urbano";2;0;2;0;0;0;2;1
83459618;"26/04/16";"Terça";"18:25:00";"SC";280;"58";"GUARAMIRIM";"Desobediência à sinalização";"Colisão Transversal";"Com Vítimas Feridas";"Plena noite";"Crescente";"Chuva";"Simples";"Reta";"Urbano";2;0;1;0;1;0;1;2
83459619;"23/04/16";"Sábado";"14:30:00";"BA";101;"554";"ARATACA";"Outras";"Capotamento";"Sem Vítimas";"Pleno dia";"Crescente";"Chuva";"Simples";"Curva";"Rural";1;0;0;0;1;0;0;1
83459620;"26/04/16";"Terça";"17:30:00";"RS";470;"217";"BENTO GONCALVES";"Defeito mecânico em veículo";"Colisão frontal";"Sem Vítimas";"Anoitecer";"Crescente";"Chuva";"Simples";"Cruzamento";"Urbano";2;0;0;0;2;0;0;2
83459621;"26/04/16";"Terça";"00:00:00";"CE";116;"325,3";"JAGUARIBE";"Animais na Pista";"Saída de Pista";"Com Vítimas Feridas";"Plena noite";"Decrescente";"Ceu Claro";"Simples";"Reta";"Rural";1;0;1;0;0;0;1;1
83459622;"26/04/16";"Terça";"13:50:00";"RO";364;"262,6";"CACOAL";"Defeito mecânico em veículo";"Saída de Pista";"Sem Vítimas";"Pleno dia";"Decrescente";"Nublado";"Simples";"Reta";"Rural";3;0;0;0;3;0;0;1
83459623;"26/04/16";"Terça";"14:00:00";"BA";101;"569";"ARATACA";"Outras";"Saída de Pista";"Com Vítimas Feridas";"Pleno dia";"Crescente";"Ceu Claro";"Simples";"Reta";"Rural";1;0;1;0;0;0;1;1
83459624;"26/04/16";"Terça";"15:50:00";"PR";376;"160";"MARINGA";"Outras";"Colisão Transversal";"Com Vítimas Feridas";"Pleno dia";"Decrescente";"Chuva";"Dupla";"Reta";"Rural";4;0;2;1;1;0;3;2
83459625;"26/04/16";"Terça";"14:30:00";"PI";343;"169,3";"BRASILEIRA";"Outras";"Saída de Pista";"Sem Vítimas";"Pleno dia";"Crescente";"Ceu Claro";"Simples";"Reta";"Rural";1;0;0;0;1;0;0;1
83459626;"26/04/16";"Terça";"14:20:00";"SE";101;"105";"SAO CRISTOVAO";"Falta de atenção";"Colisão traseira";"Sem Vítimas";"Pleno dia";"Crescente";"Ceu Claro";"Dupla";"Reta";"Urbano";3;0;0;0;2;1;0;3
83459627;"23/04/16";"Sábado";"06:50:00";"PR";277;"7,5";"PARANAGUA";"Velocidade incompatível";"Colisão traseira";"Com Vítimas Feridas";"Amanhecer";"Crescente";"Ceu Claro";"Dupla";"Reta";"Urbano";2;0;1;0;0;1;1;2
83459628;"26/04/16";"Terça";"19:00:00";"SC";101;"120";"ITAJAI";"Não guardar distância de segurança";"Colisão traseira";"Sem Vítimas";"Plena noite";"Crescente";"Chuva";"Dupla";"Reta";"Urbano";2;0;0;0;2;0;0;2
83459629;"26/04/16";"Terça";"13:30:00";"MA";10;"162";"PORTO FRANCO";"Velocidade incompatível";"Saída de Pista";"Com Vítimas Feridas";"Pleno dia";"Decrescente";"Chuva";"Simples";"Reta";"Rural";2;0;1;0;1;0;1;1
83459630;"26/04/16";"Terça";"18:20:00";"PR";476;"156,5";"ARAUCARIA";"Velocidade incompatível";"Colisão traseira";"Com Vítimas Feridas";"Anoitecer";"Decrescente";"Chuva";"Simples";"Reta";"Rural";9;0;3;0;6;0;3;4
83459631;"26/04/16";"Terça";"17:20:00";"MA";135;"6,3";"SAO LUIS";"Outras";"Saída de Pista";"Sem Vítimas";"Pleno dia";"Decrescente";"Chuva";"Dupla";"Reta";"Urbano";1;0;0;0;1;0;0;1
83459632;"26/04/16";"Terça";"14:00:00";"SC";470;"199,5";"POUSO REDONDO";"Velocidade incompatível";"Capotamento";"Com Vítimas Feridas";"Pleno dia";"Decrescente";"Chuva";"Simples";"Curva";"Rural";1;0;1;0;0;0;1;1
83459633;"26/04/16";"Terça";"13:00:00";"RJ";116;"103";"GUAPIMIRIM";"Falta de atenção";"Colisão Transversal";"Com Vítimas Feridas";"Pleno dia";"Crescente";"Sol";"Simples";"Curva";"Urbano";2;0;0;1;1;0;1;2
83459634;"26/04/16";"Terça";"19:30:00";"SP";153;"289";"OCAUCU";"Falta de atenção";"Colisão traseira";"Sem Vítimas";"Plena noite";"Crescente";"Chuva";"Simples";"Reta";"Rural";2;0;0;0;2;0;0;2
83459635;"26/04/16";"Terça";"16:00:00";"CE";222;"7,3";"CAUCAIA";"Ingestão de álcool";"Saída de Pista";"Com Vítimas Feridas";"Pleno dia";"Decrescente";"Sol";"Múltipla";"Reta";"Rural";1;0;1;0;0;0;1;1
83459637;"26/04/16";"Terça";"19:21:00";"PE";101;"182";"PALMARES";"Outras";"Colisão com bicicleta";"Com Vítimas Fatais";"Plena noite";"Crescente";"Nublado";"Dupla";"Reta";"Urbano";2;1;0;0;0;1;0;2
83459638;"26/04/16";"Terça";"08:25:00";"SC";101;"58";"ARAQUARI";"Outras";"Capotamento";"Com Vítimas Feridas";"Pleno dia";"Decrescente";"Ceu Claro";"Dupla";"Curva";"Urbano";1;0;1;0;0;0;1;1
83459639;"26/04/16";"Terça";"16:40:00";"GO";153;"513,4";"APARECIDA DE GOIANIA";"Outras";"Queda de motocicleta / bicicleta / veículo";"Com Vítimas Feridas";"Pleno dia";"Crescente";"Ceu Claro";"Dupla";"Curva";"Urbano";1;0;1;0;0;0;1;1
83459640;"26/04/16";"Terça";"19:45:00";"SC";101;"384,2";"ICARA";"Outras";"Saída de Pista";"Sem Vítimas";"Plena noite";"Crescente";"Chuva";"Dupla";"Reta";"Rural";1;0;0;0;1;0;0;1
83459641;"26/04/16";"Terça";"19:30:00";"MG";262;"802,6";"UBERABA";"Velocidade incompatível";"Capotamento";"Com Vítimas Feridas";"Anoitecer";"Decrescente";"Nublado";"Dupla";"Curva";"Urbano";2;0;2;0;0;0;2;1
83459642;"26/04/16";"Terça";"20:00:00";"PR";277;"3";"FOZ DO IGUACU";"Falta de atenção";"Colisão Transversal";"Com Vítimas Feridas";"Plena noite";"Crescente";"Nublado";"Dupla";"Cruzamento";"Urbano";4;0;2;0;2;0;2;2
83459643;"26/04/16";"Terça";"18:00:00";"AC";317;"235";"XAPURI";"Velocidade incompatível";"Saída de Pista";"Com Vítimas Feridas";"Anoitecer";"Crescente";"Ceu Claro";"Simples";"Reta";"Rural";1;0;1;0;0;0;1;1
83459644;"26/04/16";"Terça";"18:40:00";"SC";282;"524,8";"XAXIM";"Velocidade incompatível";"Colisão frontal";"Com Vítimas Feridas";"Anoitecer";"Decrescente";"Chuva";"Simples";"Curva";"Rural";2;0;2;0;0;0;2;2
83459645;"26/04/16";"Terça";"10:50:00";"SC";101;"62";"ARAQUARI";"Falta de atenção";"Colisão traseira";"Com Vítimas Feridas";"Pleno dia";"Decrescente";"Ceu Claro";"Dupla";"Reta";"Rural";3;0;1;0;2;0;1;2
83459646;"26/04/16";"Terça";"16:00:00";"RS";293;"107,6";"PINHEIRO MACHADO";"Desobediência à sinalização";"Colisão Transversal";"Com Vítimas Feridas";"Pleno dia";"Decrescente";"Ignorada";"Simples";"Cruzamento";"Urbano";2;0;1;0;1;0;1;2
83459647;"26/04/16";"Terça";"12:00:00";"SC";158;"113,9";"CUNHA PORA";"Outras";"Capotamento";"Com Vítimas Feridas";"Pleno dia";"Decrescente";"Chuva";"Simples";"Reta";"Rural";2;0;2;0;0;0;2;1
83459648;"23/04/16";"Sábado";"16:00:00";"BA";101;"567";"ARATACA";"Outras";"Capotamento";"Sem Vítimas";"Pleno dia";"Decrescente";"Chuva";"Simples";"Curva";"Rural";2;0;0;0;2;0;0;1
83459649;"26/04/16";"Terça";"18:30:00";"PR";369;"147";"LONDRINA";"Velocidade incompatível";"Colisão Transversal";"Sem Vítimas";"Anoitecer";"Crescente";"Chuva";"Dupla";"Reta";"Urbano";3;0;0;0;3;0;0;3
83459650;"26/04/16";"Terça";"18:20:00";"RS";471;"160,3";"RIO PARDO";"Falta de atenção";"Colisão frontal";"Com Vítimas Feridas";"Anoitecer";"Decrescente";"Nublado";"Simples";"Reta";"Rural";4;0;0;1;3;0;1;2
83459651;"26/04/16";"Terça";"15:30:00";"BA";101;"389,2";"IBIRAPITANGA";"Velocidade incompatível";"Saída de Pista";"Com Vítimas Feridas";"Pleno dia";"Crescente";"Ceu Claro";"Simples";"Curva";"Rural";4;0;1;0;3;0;1;1
83459652;"26/04/16";"Terça";"16:35:00";"SC";282;"230";"LAGES";"Outras";"Saída de Pista";"Sem Vítimas";"Pleno dia";"Decrescente";"Chuva";"Simples";"Curva";"Rural";1;0;0;0;1;0;0;1
83459653;"26/04/16";"Terça";"19:30:00";"RS";101;"2";"TORRES";"Outras";"Queda de motocicleta / bicicleta / veículo";"Com Vítimas Feridas";"Plena noite";"Decrescente";"Chuva";"Dupla";"Reta";"Urbano";1;0;1;0;0;0;1;1
83459654;"26/04/16";"Terça";"09:40:00";"MG";116;"602,3";"SAO JOAO DO MANHUACU";"Falta de atenção";"Tombamento";"Com Vítimas Feridas";"Pleno dia";"Decrescente";"Ceu Claro";"Simples";"Curva";"Rural";2;0;1;1;0;0;2;1
83459655;"26/04/16";"Terça";"10:50:00";"PR";467;"103";"CASCAVEL";"Falta de atenção";"Saída de Pista";"Com Vítimas Feridas";"Pleno dia";"Crescente";"Nublado";"Dupla";"Curva";"Rural";1;0;1;0;0;0;1;1
83459656;"26/04/16";"Terça";"07:30:00";"RS";293;"85,7";"PIRATINI";"Outras";"Saída de Pista";"Sem Vítimas";"Amanhecer";"Decrescente";"Ceu Claro";"Simples";"Reta";"Rural";1;0;0;0;1;0;0;1
83459657;"26/04/16";"Terça";"19:40:00";"PR";277;"652";"MATELANDIA";"Ultrapassagem indevida";"Colisão frontal";"Com Vítimas Feridas";"Plena noite";"Crescente";"Chuva";"Dupla";"Reta";"Rural";8;0;7;0;1;0;7;3
83459658;"26/04/16";"Terça";"08:00:00";"DF";40;"0,5";"BRASILIA";"Outras";"Saída de Pista";"Com Vítimas Feridas";"Pleno dia";"Decrescente";"Nublado";"Múltipla";"Reta";"Urbano";1;0;0;1;0;0;1;1
83459659;"26/04/16";"Terça";"07:00:00";"PE";104;"137,5";"QUIPAPA";"Outras";"Colisão com objeto fixo";"Com Vítimas Fatais";"Pleno dia";"Decrescente";"Sol";"Simples";"Curva";"Rural";2;1;0;0;0;1;0;1
83459660;"26/04/16";"Terça";"21:25:00";"SC";101;"207,3";"SAO JOSE";"Ingestão de álcool";"Queda de motocicleta / bicicleta / veículo";"Com Vítimas Feridas";"Plena noite";"Crescente";"Chuva";"Dupla";"Curva";"Urbano";1;0;1;0;0;0;1;1