"id";"data_inversa";"dia_semana";"horario";"uf";"br";"km";"municipio";"causa_acidente";"tipo_acidente";"classificacao_acidente";"fase_dia";"sentido_via";"condicao_metereologica";"tipo_pista";"tracado_via";"uso_solo";"pessoas";"mortos";"feridos_leves";"feridos_graves";"ilesos";"ignorados";"feridos";"veiculos"
83459895;"27/04/16";"Quarta";"17:45:00";"RS";290;"106,9";"ELDORADO DO SUL";"Falta de atenção";"Colisão lateral";"Sem Vítimas";"Anoitecer";"Decrescente";"Nublado";"Dupla";"Curva";"Urbano";2;0;0;0;2;0;0;2
83459896;"27/04/16";"Quarta";"16:00:00";"SC";116;"48,7";"PAPANDUVA";"Falta de atenção";"Colisão traseira";"Sem Vítimas";"Pleno dia";"Decrescente";"Ceu Claro";"Simples";"Reta";"Rural";2;0;0;0;2;0;0;2
83459897;"07/03/16";"Segunda";"05:20:00";"MA";10;"280";"IMPERATRIZ";"Defeito na via";"Queda de motocicleta / bicicleta / veículo";"Com Vítimas Feridas";"Amanhecer";"Crescente";"Ignorada";"Simples";"Reta";"Rural";1;0;1;0;0;0;1;1
83459898;"23/04/16";"Sábado";"18:00:00";"BA";101;"552";"SAO JOSE DA VITORIA";"Outras";"Saída de Pista";"Com Vítimas Feridas";"Plena noite";"Decrescente";"Chuva";"Simples";"Curva";"Rural";2;0;1;0;1;0;1;1
83459899;"27/04/16";"Quarta";"07:45:00";"SC";101;"186";"BIGUACU";"Velocidade incompatível";"Colisão com objeto fixo";"Com Vítimas Feridas";"Pleno dia";"Decrescente";"Nublado";"Dupla";"Curva";"Rural";1;0;1;0;0;0;1;1
83459900;"27/04/16";"Quarta";"18:10:00";"SC";470;"145,6";"RIO DO SUL";"Falta de atenção";"Colisão Transversal";"Com Vítimas Feridas";"Plena noite";"Decrescente";"Nublado";"Simples";"Cruzamento";"Urbano";2;0;0;1;0;1;1;2
83459902;"27/04/16";"Quarta";"16:10:00";"PR";277;"421";"CANTAGALO";"Ingestão de álcool";"Colisão traseira";"Sem Vítimas";"Pleno dia";"Decrescente";"Nublado";"Dupla";"Cruzamento";"Urbano";2;0;0;0;2;0;0;2
83459903;"27/04/16";"Quarta";"17:45:00";"PR";277;"583";"CASCAVEL";"Falta de atenção";"Colisão Transversal";"Sem Vítimas";"Pleno dia";"Decrescente";"Ceu Claro";"Simples";"Reta";"Urbano";2;0;0;0;2;0;0;2
83459904;"07/04/16";"Quinta";"19:15:00";"RJ";101;"106";"CAMPOS DOS GOYTACAZES";"Outras";"Incêndio";"Sem Vítimas";"Pleno dia";"Decrescente";"Ceu Claro";"Simples";"Reta";"Rural";1;0;0;0;1;0;0;1
83459905;"27/04/16";"Quarta";"18:25:00";"MG";381;"509";"SAO JOAQUIM DE BICAS";"Não guardar distância de segurança";"Colisão traseira";"Com Vítimas Feridas";"Pleno dia";"Crescente";"Ceu Claro";"Dupla";"Reta";"Urbano";2;0;1;0;1;0;1;2
83459906;"27/04/16";"Quarta";"17:30:00";"RJ";40;"49";"PETROPOLIS";"Outras";"Colisão com objeto fixo";"Sem Vítimas";"Pleno dia";"Decrescente";"Nublado";"Dupla";"Reta";"Rural";1;0;0;0;1;0;0;1
83459907;"27/04/16";"Quarta";"18:10:00";"SC";101;"127,2";"ITAJAI";"Falta de atenção";"Atropelamento de pessoa";"Com Vítimas Feridas";"Plena noite";"Crescente";"Nublado";"Dupla";"Reta";"Urbano";2;0;1;0;1;0;1;1
83459908;"27/04/16";"Quarta";"06:50:00";"SC";101;"213";"PALHOCA";"Falta de atenção";"Colisão traseira";"Com Vítimas Feridas";"Anoitecer";"Decrescente";"Nublado";"Dupla";"Reta";"Urbano";2;0;1;0;1;0;1;2
83459909;"23/04/16";"Sábado";"16:50:00";"GO";158;"1";"ARAGARCAS";"Falta de atenção";"Queda de motocicleta / bicicleta / veículo";"Com Vítimas Fatais";"Pleno dia";"Crescente";"Ceu Claro";"Dupla";"Reta";"Urbano";2;1;0;0;1;0;0;2
83459910;"20/04/16";"Quarta";"08:00:00";"BA";101;"287";"LAJE";"Outras";"Saída de Pista";"Sem Vítimas";"Pleno dia";"Crescente";"Nublado";"Simples";"Reta";"Rural";1;0;0;0;1;0;0;1
83459911;"27/04/16";"Quarta";"10:00:00";"MG";116;"296,9";"ITAMBACURI";"Falta de atenção";"Colisão traseira";"Com Vítimas Feridas";"Pleno dia";"Crescente";"Sol";"Simples";"Reta";"Rural";7;0;1;0;6;0;1;3
83459912;"27/04/16";"Quarta";"09:15:00";"AP";210;"174";"PEDRA BRANCA DO AMAPARI";"Falta de atenção";"Colisão traseira";"Com Vítimas Feridas";"Pleno dia";"Decrescente";"Nublado";"Simples";"Reta";"Rural";3;0;0;1;2;0;1;2
83459913;"27/04/16";"Quarta";"11:30:00";"SC";153;"102,8";"CONCORDIA";"Falta de atenção";"Colisão lateral";"Sem Vítimas";"Pleno dia";"Decrescente";"Nublado";"Simples";"Reta";"Rural";2;0;0;0;2;0;0;2
83459914;"27/04/16";"Quarta";"18:30:00";"RS";116;"242";"SAO LEOPOLDO";"Falta de atenção";"Colisão traseira";"Sem Vítimas";"Anoitecer";"Decrescente";"Nublado";"Dupla";"Reta";"Urbano";2;0;0;0;2;0;0;2
83459915;"27/04/16";"Quarta";"07:15:00";"RS";290;"649";"URUGUAIANA";"Outras";"Saída de Pista";"Com Vítimas Feridas";"Amanhecer";"Decrescente";"Ceu Claro";"Simples";"Reta";"Rural";1;0;1;0;0;0;1;1
83459916;"24/04/16";"Domingo";"02:00:00";"BA";418;"54,9";"NOVA VICOSA";"Animais na Pista";"Atropelamento de animal";"Com Vítimas Fatais";"Plena noite";"Crescente";"Ceu Claro";"Simples";"Reta";"Urbano";1;1;0;0;0;0;0;1
83459917;"27/04/16";"Quarta";"13:10:00";"BA";324;"454";"RIACHAO DO JACUIPE";"Outras";"Capotamento";"Com Vítimas Feridas";"Pleno dia";"Decrescente";"Ceu Claro";"Simples";"Reta";"Rural";1;0;1;0;0;0;1;1
83459918;"23/04/16";"Sábado";"22:15:00";"PI";343;"600";"FLORIANO";"Outras";"Colisão lateral";"Com Vítimas Feridas";"Plena noite";"Crescente";"Ceu Claro";"Simples";"Reta";"Urbano";2;0;1;0;0;1;1;2
83459919;"27/04/16";"Quarta";"16:50:00";"SC";282;"2";"FLORIANOPOLIS";"Falta de atenção";"Colisão traseira";"Com Vítimas Feridas";"Pleno dia";"Crescente";"Ceu Claro";"Dupla";"Reta";"Urbano";2;0;0;1;1;0;1;2
83459920;"27/04/16";"Quarta";"10:00:00";"SP";116;"562,5";"BARRA DO TURVO";"Velocidade incompatível";"Capotamento";"Sem Vítimas";"Pleno dia";"Decrescente";"Chuva";"Dupla";"Curva";"Rural";1;0;0;0;1;0;0;1
83459921;"27/04/16";"Quarta";"18:10:00";"PR";376;"163,9";"MARINGA";"Defeito mecânico em veículo";"Queda de motocicleta / bicicleta / veículo";"Com Vítimas Feridas";"Anoitecer";"Decrescente";"Nublado";"Dupla";"Reta";"Rural";2;0;2;0;0;0;2;1
83459922;"27/04/16";"Quarta";"16:55:00";"SE";101;"135,5";"ESTANCIA";"Outras";"Atropelamento de pessoa";"Com Vítimas Fatais";"Anoitecer";"Decrescente";"Ceu Claro";"Dupla";"Reta";"Rural";3;1;2;0;0;0;2;1
83459923;"24/04/16";"Domingo";"00:00:00";"PR";277;"681,6";"SAO MIGUEL DO IGUACU";"Animais na Pista";"Atropelamento de animal";"Sem Vítimas";"Plena noite";"Crescente";"Ceu Claro";"Dupla";"Reta";"Rural";1;0;0;0;1;0;0;1
83459924;"27/04/16";"Quarta";"16:40:00";"RJ";116;"26,7";"SAPUCAIA";"Outras";"Atropelamento de pessoa";"Com Vítimas Feridas";"Pleno dia";"Decrescente";"Nublado";"Simples";"Reta";"Rural";2;0;1;0;1;0;1;1
83459925;"27/04/16";"Quarta";"15:20:00";"SE";101;"55";"CARMOPOLIS";"Falta de atenção";"Colisão Transversal";"Com Vítimas Feridas";"Pleno dia";"Decrescente";"Ceu Claro";"Simples";"Reta";"Rural";2;0;1;0;1;0;1;2
83459926;"27/04/16";"Quarta";"05:30:00";"CE";222;"199,4";"FORQUILHA";"Outras";"Tombamento";"Sem Vítimas";"Amanhecer";"Crescente";"Ceu Claro";"Simples";"Curva";"Rural";1;0;0;0;1;0;0;1
83459927;"27/04/16";"Quarta";"17:55:00";"PE";232;"177,5";"BELO JARDIM";"Falta de atenção";"Colisão traseira";"Sem Vítimas";"Anoitecer";"Crescente";"Sol";"Simples";"Reta";"Urbano";2;0;0;0;2;0;0;2
83459928;"27/04/16";"Quarta";"16:48:00";"CE";116;"7,3";"FORTALEZA";"Outras";"Colisão lateral";"Com Vítimas Feridas";"Pleno dia";"Crescente";"Sol";"Múltipla";"Curva";"Urbano";3;0;1;1;0;1;2;2
83459929;"24/04/16";"Domingo";"03:00:00";"SC";101;"131";"BALNEARIO CAMBORIU";"Ingestão de álcool";"Colisão com objeto fixo";"Sem Vítimas";"Plena noite";"Crescente";"Ceu Claro";"Simples";"Reta";"Urbano";1;0;0;0;1;0;0;1
83459930;"27/04/16";"Quarta";"19:20:00";"RS";290;"221,1";"PANTANO GRANDE";"Falta de atenção";"Colisão traseira";"Com Vítimas Feridas";"Plena noite";"Decrescente";"Ceu Claro";"Simples";"Reta";"Rural";2;0;1;0;1;0;1;2
83459931;"27/04/16";"Quarta";"18:50:00";"RJ";101;"415";"MANGARATIBA";"Velocidade incompatível";"Capotamento";"Com Vítimas Feridas";"Plena noite";"Decrescente";"Chuva";"Simples";"Curva";"Rural";1;0;1;0;0;0;1;1
83459932;"27/04/16";"Quarta";"16:40:00";"PR";369;"3,7";"APUCARANA";"Ingestão de álcool";"Atropelamento de pessoa";"Com Vítimas Feridas";"Pleno dia";"Crescente";"Ceu Claro";"Dupla";"Reta";"Urbano";2;0;0;1;1;0;1;1
83459933;"23/04/16";"Sábado";"23:15:00";"MT";364;"496,5";"JANGADA";"Outras";"Colisão frontal";"Com Vítimas Fatais";"Plena noite";"Decrescente";"Nublado";"Simples";"Reta";"Urbano";2;1;0;0;1;0;0;2
83459934;"27/04/16";"Quarta";"18:30:00";"RJ";116;"299,4";"RESENDE";"Defeito mecânico em veículo";"Colisão traseira";"Com Vítimas Feridas";"Plena noite";"Crescente";"Ceu Claro";"Simples";"Reta";"Urbano";2;0;1;0;1;0;1;2
83459935;"27/04/16";"Quarta";"19:15:00";"MG";40;"40,7";"PARACATU";"Falta de atenção";"Colisão Transversal";"Com Vítimas Feridas";"Plena noite";"Decrescente";"Ceu Claro";"Simples";"Reta";"Urbano";2;0;1;0;1;0;1;2
83459936;"27/04/16";"Quarta";"09:30:00";"RN";101;"97";"NATAL";"Não guardar distância de segurança";"Colisão traseira";"Sem Vítimas";"Pleno dia";"Decrescente";"Chuva";"Dupla";"Reta";"Urbano";3;0;0;0;3;0;0;3
83459937;"19/04/16";"Terça";"23:15:00";"SP";116;"210";"GUARULHOS";"Não guardar distância de segurança";"Colisão traseira";"Com Vítimas Feridas";"Plena noite";"Crescente";"Ceu Claro";"Dupla";"Reta";"Urbano";2;0;1;0;0;1;1;2
83459938;"27/04/16";"Quarta";"18:35:00";"RS";116;"524,1";"PELOTAS";"Defeito mecânico em veículo";"Colisão com objeto fixo";"Sem Vítimas";"Plena noite";"Decrescente";"Ceu Claro";"Simples";"Curva";"Urbano";1;0;0;0;1;0;0;1
83459939;"27/04/16";"Quarta";"20:15:00";"MG";40;"548,4";"NOVA LIMA";"Velocidade incompatível";"Colisão com objeto fixo";"Com Vítimas Feridas";"Plena noite";"Decrescente";"Nublado";"Dupla";"Curva";"Urbano";1;0;1;0;0;0;1;1
83459940;"27/04/16";"Quarta";"18:30:00";"RO";364;"344,8";"JI-PARANA";"Desobediência à sinalização";"Atropelamento de pessoa";"Com Vítimas Feridas";"Anoitecer";"Crescente";"Nublado";"Múltipla";"Reta";"Urbano";2;0;1;1;0;0;2;1
83459941;"27/04/16";"Quarta";"10:00:00";"MG";116;"390";"GOVERNADOR VALADARES";"Falta de atenção";"Colisão com objeto fixo";"Sem Vítimas";"Pleno dia";"Decrescente";"Ceu Claro";"Simples";"Reta";"Rural";1;0;0;0;1;0;0;1
83459942;"27/04/16";"Quarta";"17:30:00";"SP";116;"270";"TABOAO DA SERRA";"Outras";"Colisão com objeto fixo";"Com Vítimas Feridas";"Plena noite";"Crescente";"Nublado";"Dupla";"Reta";"Urbano";2;0;1;0;0;1;1;2
83459943;"27/04/16";"Quarta";"20:00:00";"GO";153;"508";"APARECIDA DE GOIANIA";"Falta de atenção";"Colisão lateral";"Com Vítimas Feridas";"Plena noite";"Crescente";"Nublado";"Dupla";"Reta";"Rural";3;0;1;0;2;0;1;2
83459944;"27/04/16";"Quarta";"18:00:00";"MS";163;"482";"CAMPO GRANDE";"Outras";"Saída de Pista";"Com Vítimas Feridas";"Anoitecer";"Decrescente";"Ignorada";"Simples";"Reta";"Urbano";6;0;5;0;1;0;5;1
83459945;"27/04/16";"Quarta";"18:30:00";"ES";101;"264,4";"SERRA";"Outras";"Colisão lateral";"Com Vítimas Feridas";"Anoitecer";"Crescente";"Ceu Claro";"Múltipla";"Reta";"Urbano";2;0;1;0;1;0;1;2
83459946;"27/04/16";"Quarta";"17:30:00";"SC";101;"147,5";"ITAPEMA";"Falta de atenção";"Colisão Transversal";"Com Vítimas Feridas";"Anoitecer";"Crescente";"Nublado";"Simples";"Reta";"Urbano";2;0;1;0;1;0;1;2
83459947;"27/04/16";"Quarta";"09:50:00";"MG";381;"913";"CAMANDUCAIA";"Velocidade incompatível";"Saída de Pista";"Sem Vítimas";"Pleno dia";"Decrescente";"Chuva";"Dupla";"Curva";"Rural";1;0;0;0;1;0;0;1
83459948;"23/04/16";"Sábado";"15:40:00";"PR";369;"424,7";"JURANDA";"Falta de atenção";"Colisão Transversal";"Com Vítimas Feridas";"Pleno dia";"Decrescente";"Ceu Claro";"Simples";"Reta";"Rural";3;0;0;1;2;0;1;2
83459949;"27/04/16";"Quarta";"08:00:00";"ES";101;"65,8";"SAO MATEUS";"Outras";"Colisão Transversal";"Com Vítimas Feridas";"Pleno dia";"Crescente";"Ceu Claro";"Simples";"Reta";"Urbano";3;0;1;0;2;0;1;3
83459950;"27/04/16";"Quarta";"18:30:00";"RS";293;"260,4";"DOM PEDRITO";"Outras";"Atropelamento de pessoa";"Com Vítimas Fatais";"Anoitecer";"Crescente";"Ceu Claro";"Simples";"Reta";"Rural";2;1;0;0;1;0;0;1
83459951;"27/04/16";"Quarta";"20:00:00";"BA";324;"543";"AMELIA RODRIGUES";"Outras";"Saída de Pista";"Sem Vítimas";"Plena noite";"Decrescente";"Ceu Claro";"Simples";"Curva";"Urbano";1;0;0;0;1;0;0;1
83459952;"27/04/16";"Quarta";"17:40:00";"RO";364;"396";"JARU";"Não guardar distância de segurança";"Colisão traseira";"Com Vítimas Feridas";"Anoitecer";"Crescente";"Ignorada";"Simples";"Reta";"Rural";2;0;0;1;0;1;1;2
83459954;"27/04/16";"Quarta";"15:30:00";"MA";226;"554,8";"PORTO FRANCO";"Falta de atenção";"Tombamento";"Sem Vítimas";"Pleno dia";"Decrescente";"Chuva";"Simples";"Reta";"Rural";1;0;0;0;1;0;0;1
83459955;"27/04/16";"Quarta";"18:30:00";"MG";381;"727,4";"CARMO DA CACHOEIRA";"Falta de atenção";"Colisão com objeto fixo";"Sem Vítimas";"Plena noite";"Crescente";"Ceu Claro";"Dupla";"Reta";"Rural";1;0;0;0;1;0;0;1
83459956;"27/04/16";"Quarta";"21:10:00";"PI";343;"312,8";"ALTOS";"Outras";"Queda de motocicleta / bicicleta / veículo";"Com Vítimas Feridas";"Plena noite";"Crescente";"Ceu Claro";"Simples";"Reta";"Rural";1;0;1;0;0;0;1;1
83459957;"27/04/16";"Quarta";"09:30:00";"GO";60;"5,6";"APARECIDA DE GOIANIA";"Falta de atenção";"Colisão Transversal";"Com Vítimas Feridas";"Pleno dia";"Crescente";"Nublado";"Dupla";"Reta";"Urbano";2;0;1;0;1;0;1;2
83459958;"27/04/16";"Quarta";"21:30:00";"TO";153;"332";"GUARAI";"Falta de atenção";"Colisão Transversal";"Sem Vítimas";"Plena noite";"Crescente";"Nublado";"Simples";"Reta";"Urbano";2;0;0;0;2;0;0;2
83459959;"16/01/16";"Sábado";"12:05:00";"MA";10;"323";"ACAILANDIA";"Falta de atenção";"Colisão Transversal";"Com Vítimas Feridas";"Pleno dia";"Decrescente";"Nublado";"Simples";"Reta";"Urbano";3;0;2;0;0;1;2;2
83459960;"27/04/16";"Quarta";"21:20:00";"BA";324;"532";"FEIRA DE SANTANA";"Outras";"Colisão com objeto fixo";"Sem Vítimas";"Plena noite";"Decrescente";"Ceu Claro";"Simples";"Reta";"Rural";2;0;0;0;1;1;0;2
83459961;"27/04/16";"Quarta";"16:30:00";"PB";230;"170";"CAMPINA GRANDE";"Falta de atenção";"Colisão traseira";"Sem Vítimas";"Pleno dia";"Crescente";"Ceu Claro";"Simples";"Reta";"Urbano";3;0;0;0;3;0;0;3
83459962;"27/04/16";"Quarta";"20:45:00";"MT";364;"348";"SANTO ANTONIO DO LEVERGER";"Dormindo";"Colisão traseira";"Sem Vítimas";"Plena noite";"Decrescente";"Nublado";"Dupla";"Reta";"Rural";2;0;0;0;2;0;0;2
83459963;"27/04/16";"Quarta";"17:15:00";"ES";262;"7";"CARIACICA";"Falta de atenção";"Colisão com bicicleta";"Com Vítimas Feridas";"Anoitecer";"Decrescente";"Ceu Claro";"Dupla";"Reta";"Urbano";2;0;2;0;0;0;2;2
83459964;"27/04/16";"Quarta";"21:00:00";"RJ";116;"63";"TERESOPOLIS";"Outras";"Queda de motocicleta / bicicleta / veículo";"Com Vítimas Feridas";"Plena noite";"Crescente";"Nublado";"Simples";"Reta";"Urbano";1;0;1;0;0;0;1;1
83459965;"27/04/16";"Quarta";"20:20:00";"PR";376;"130";"NOVA ESPERANCA";"Outras";"Colisão Transversal";"Com Vítimas Feridas";"Plena noite";"Decrescente";"Ceu Claro";"Simples";"Reta";"Rural";3;0;0;1;2;0;1;2
83459966;"27/04/16";"Quarta";"19:20:00";"MT";364;"8,7";"ALTO ARAGUAIA";"Outras";"Colisão lateral";"Sem Vítimas";"Plena noite";"Decrescente";"Nublado";"Simples";"Reta";"Rural";2;0;0;0;1;1;0;2
83459967;"24/04/16";"Domingo";"00:15:00";"RJ";101;"61";"CAMPOS DOS GOYTACAZES";"Falta de atenção";"Colisão lateral";"Com Vítimas Feridas";"Plena noite";"Crescente";"Ceu Claro";"Simples";"Reta";"Urbano";2;0;1;0;1;0;1;2
83459968;"27/04/16";"Quarta";"23:28:00";"MG";40;"42,3";"PARACATU";"Desobediência à sinalização";"Queda de motocicleta / bicicleta / veículo";"Com Vítimas Feridas";"Plena noite";"Crescente";"Ignorada";"Simples";"Cruzamento";"Rural";2;0;2;0;0;0;2;1
83459969;"27/04/16";"Quarta";"23:30:00";"SC";101;"333";"TUBARAO";"Outras";"Capotamento";"Com Vítimas Feridas";"Plena noite";"Crescente";"Ceu Claro";"Dupla";"Curva";"Urbano";1;0;1;0;0;0;1;1
83459970;"27/04/16";"Quarta";"19:30:00";"RR";401;"3";"CANTA";"Ingestão de álcool";"Colisão traseira";"Com Vítimas Feridas";"Plena noite";"Decrescente";"Ignorada";"Simples";"Reta";"Urbano";4;0;1;0;3;0;1;4
83459971;"27/04/16";"Quarta";"22:00:00";"MG";146;"498";"BOTELHOS";"Falta de atenção";"Queda de motocicleta / bicicleta / veículo";"Com Vítimas Feridas";"Plena noite";"Decrescente";"Nublado";"Simples";"Reta";"Rural";1;0;0;1;0;0;1;1
83459972;"27/04/16";"Quarta";"22:50:00";"RJ";40;"92";"PETROPOLIS";"Defeito mecânico em veículo";"Saída de Pista";"Sem Vítimas";"Plena noite";"Crescente";"Chuva";"Simples";"Reta";"Rural";1;0;0;0;1;0;0;1
83459973;"27/04/16";"Quarta";"20:00:00";"AM";174;"1010";"PRESIDENTE FIGUEIREDO";"Animais na Pista";"Saída de Pista";"Com Vítimas Feridas";"Anoitecer";"Crescente";"Ignorada";"Simples";"Reta";"Rural";1;0;1;0;0;0;1;1
83459974;"27/04/16";"Quarta";"23:00:00";"BA";324;"514";"FEIRA DE SANTANA";"Falta de atenção";"Colisão lateral";"Com Vítimas Feridas";"Plena noite";"Crescente";"Ceu Claro";"Simples";"Reta";"Urbano";2;0;1;0;1;0;1;2
83459975;"27/04/16";"Quarta";"21:30:00";"RS";470;"204";"BENTO GONCALVES";"Velocidade incompatível";"Capotamento";"Com Vítimas Feridas";"Plena noite";"Crescente";"Nublado";"Simples";"Reta";"Rural";2;0;2;0;0;0;2;1
83459976;"28/04/16";"Quinta";"00:25:00";"PR";277;"684";"SAO MIGUEL DO IGUACU";"Defeito mecânico em veículo";"Capotamento";"Sem Vítimas";"Plena noite";"Crescente";"Nublado";"Dupla";"Curva";"Rural";3;0;0;0;3;0;0;1
83459977;"27/04/16";"Quarta";"20:40:00";"MG";262;"685,9";"ARAXA";"Outras";"Colisão frontal";"Com Vítimas Fatais";"Plena noite";"Decrescente";"Nublado";"Simples";"Reta";"Rural";2;1;0;0;1;0;0;2
83459978;"27/04/16";"Quarta";"22:40:00";"PE";232;"16";"MORENO";"Outras";"Capotamento";"Com Vítimas Feridas";"Plena noite";"Decrescente";"Ceu Claro";"Dupla";"Reta";"Urbano";1;0;1;0;0;0;1;1
83459979;"23/04/16";"Sábado";"16:15:00";"RO";364;"427";"JARU";"Falta de atenção";"Colisão Transversal";"Sem Vítimas";"Pleno dia";"Decrescente";"Ceu Claro";"Simples";"Reta";"Urbano";3;0;0;0;3;0;0;3
83459980;"27/04/16";"Quarta";"23:00:00";"PE";232;"16";"MORENO";"Não guardar distância de segurança";"Colisão traseira";"Sem Vítimas";"Plena noite";"Decrescente";"Nublado";"Dupla";"Reta";"Rural";2;0;0;0;2;0;0;2
83459981;"27/04/16";"Quarta";"18:00:00";"PA";316;"25";"BENEVIDES";"Não guardar distância de segurança";"Colisão Transversal";"Com Vítimas Feridas";"Pleno dia";"Decrescente";"Nublado";"Dupla";"Reta";"Rural";2;0;1;0;1;0;1;2
83459982;"28/04/16";"Quinta";"00:10:00";"MS";163;"491";"CAMPO GRANDE";"Velocidade incompatível";"Saída de Pista";"Ignorado";"Plena noite";"Crescente";"Ceu Claro";"Dupla";"Cruzamento";"Urbano";1;0;0;0;0;1;0;1
83459983;"27/04/16";"Quarta";"18:10:00";"SC";101;"207";"SAO JOSE";"Falta de atenção";"Colisão lateral";"Sem Vítimas";"Anoitecer";"Crescente";"Ceu Claro";"Múltipla";"Reta";"Urbano";2;0;0;0;2;0;0;2
83459984;"27/04/16";"Quarta";"11:45:00";"MG";116;"226,2";"CATUJI";"Dormindo";"Tombamento";"Sem Vítimas";"Pleno dia";"Crescente";"Sol";"Simples";"Reta";"Rural";1;0;0;0;1;0;0;1
83459985;"28/04/16";"Quinta";"02:40:00";"PR";277;"585";"CASCAVEL";"Dormindo";"Tombamento";"Sem Vítimas";"Plena noite";"Decrescente";"Ceu Claro";"Simples";"Reta";"Urbano";1;0;0;0;1;0;0;1
83459986;"27/04/16";"Quarta";"18:10:00";"BA";407;"123";"SENHOR DO BONFIM";"Falta de atenção";"Colisão frontal";"Com Vítimas Feridas";"Anoitecer";"Decrescente";"Ceu Claro";"Simples";"Reta";"Urbano";3;0;1;0;0;2;1;3
83459988;"27/04/16";"Quarta";"14:30:00";"SC";101;"207";"SAO JOSE";"Falta de atenção";"Colisão Transversal";"Com Vítimas Feridas";"Pleno dia";"Crescente";"Ceu Claro";"Múltipla";"Cruzamento";"Urbano";2;0;1;0;1;0;1;2
83459989;"27/04/16";"Quarta";"19:35:00";"RS";287;"348,3";"JAGUARI";"Velocidade incompatível";"Tombamento";"Sem Vítimas";"Plena noite";"Decrescente";"Nublado";"Simples";"Curva";"Rural";1;0;0;0;1;0;0;1
83459990;"27/04/16";"Quarta";"10:10:00";"RS";392;"291,6";"SAO SEPE";"Não guardar distância de segurança";"Colisão lateral";"Sem Vítimas";"Pleno dia";"Crescente";"Ceu Claro";"Simples";"Curva";"Rural";2;0;0;0;2;0;0;2
83459991;"27/04/16";"Quarta";"08:00:00";"PR";277;"9,5";"PARANAGUA";"Outras";"Saída de Pista";"Com Vítimas Feridas";"Pleno dia";"Crescente";"Chuva";"Dupla";"Reta";"Rural";1;0;1;0;0;0;1;1
83459992;"19/04/16";"Terça";"16:10:00";"PA";316;"34";"SANTA ISABEL DO PARA";"Falta de atenção";"Colisão lateral";"Sem Vítimas";"Pleno dia";"Crescente";"Nublado";"Dupla";"Reta";"Urbano";2;0;0;0;2;0;0;2
83459993;"28/04/16";"Quinta";"02:00:00";"SC";470;"122";"IBIRAMA";"Velocidade incompatível";"Tombamento";"Com Vítimas Feridas";"Plena noite";"Crescente";"Ceu Claro";"Simples";"Curva";"Rural";1;0;0;1;0;0;1;1
83459994;"28/04/16";"Quinta";"02:45:00";"SC";470;"113";"IBIRAMA";"Velocidade incompatível";"Colisão com objeto fixo";"Sem Vítimas";"Plena noite";"Crescente";"Ceu Claro";"Simples";"Reta";"Rural";1;0;0;0;1;0;0;1
83459995;"28/04/16";"Quinta";"02:00:00";"BA";116;"675,5";"JEQUIE";"Animais na Pista";"Atropelamento de animal";"Sem Vítimas";"Plena noite";"Decrescente";"Ceu Claro";"Simples";"Reta";"Rural";2;0;0;0;2;0;0;1
83459996;"27/04/16";"Quarta";"19:55:00";"PR";116;"16";"COLOMBO";"Velocidade incompatível";"Capotamento";"Sem Vítimas";"Plena noite";"Decrescente";"Ceu Claro";"Dupla";"Reta";"Urbano";1;0;0;0;1;0;0;1
83459997;"23/04/16";"Sábado";"21:50:00";"PE";423;"117";"PARANATAMA";"Falta de atenção";"Colisão traseira";"Com Vítimas Feridas";"Plena noite";"Decrescente";"Ceu Claro";"Simples";"Reta";"Rural";2;0;1;1;0;0;2;2
83459999;"28/04/16";"Quinta";"04:20:00";"RJ";40;"23,5";"TRES RIOS";"Dormindo";"Colisão com objeto fixo";"Sem Vítimas";"Plena noite";"Decrescente";"Ceu Claro";"Simples";"Reta";"Urbano";1;0;0;0;1;0;0;1
83460000;"28/04/16";"Quinta";"04:00:00";"RS";101;"32";"TRES CACHOEIRAS";"Falta de atenção";"Saída de Pista";"Sem Vítimas";"Plena noite";"Crescente";"Ceu Claro";"Dupla";"Reta";"Rural";1;0;0;0;1;0;0;1
83460001;"27/04/16";"Quarta";"23:20:00";"MG";364;"29,5";"FRUTAL";"Animais na Pista";"Atropelamento de animal";"Sem Vítimas";"Plena noite";"Decrescente";"Nublado";"Simples";"Reta";"Rural";2;0;0;0;2;0;0;1
83460002;"28/04/16";"Quinta";"00:30:00";"MG";116;"9,9";"DIVISA ALEGRE";"Outras";"Colisão frontal";"Com Vítimas Fatais";"Plena noite";"Crescente";"Ceu Claro";"Simples";"Reta";"Rural";3;1;1;1;0;0;2;2
83460003;"27/04/16";"Quarta";"16:00:00";"SP";116;"332";"JUQUITIBA";"Não guardar distância de segurança";"Colisão traseira";"Sem Vítimas";"Pleno dia";"Crescente";"Chuva";"Dupla";"Reta";"Rural";3;0;0;0;2;1;0;2
83460004;"28/04/16";"Quinta";"01:30:00";"SC";158;"136,9";"PALMITOS";"Falta de atenção";"Saída de Pista";"Com Vítimas Feridas";"Plena noite";"Decrescente";"Ceu Claro";"Simples";"Reta";"Rural";1;0;1;0;0;0;1;1
83460005;"27/04/16";"Quarta";"01:00:00";"RO";364;"448";"JARU";"Outras";"Saída de Pista";"Sem Vítimas";"Plena noite";"Decrescente";"Chuva";"Simples";"Reta";"Rural";1;0;0;0;1;0;0;1