"id";"data_inversa";"dia_semana";"horario";"uf";"br";"km";"municipio";"causa_acidente";"tipo_acidente";"classificacao_acidente";"fase_dia";"sentido_via";"condicao_metereologica";"tipo_pista";"tracado_via";"uso_solo";"pessoas";"mortos";"feridos_leves";"feridos_graves";"ilesos";"ignorados";"feridos";"veiculos"
83460120;"28/04/16";"Quinta";"08:30:00";"RS";287;"242,8";"SANTA MARIA";"Não guardar distância de segurança";"Colisão traseira";"Sem Vítimas";"Pleno dia";"Crescente";"Sol";"Simples";"Reta";"Urbano";4;0;0;0;4;0;0;4
83460121;"28/04/16";"Quinta";"16:00:00";"PR";277;"727,6";"FOZ DO IGUACU";"Falta de atenção";"Colisão lateral";"Sem Vítimas";"Pleno dia";"Decrescente";"Ceu Claro";"Dupla";"Reta";"Urbano";2;0;0;0;2;0;0;2
83460123;"28/04/16";"Quinta";"13:15:00";"RS";468;"96";"TRES PASSOS";"Não guardar distância de segurança";"Colisão traseira";"Com Vítimas Feridas";"Pleno dia";"Crescente";"Sol";"Simples";"Curva";"Rural";4;0;3;0;1;0;3;2
83460124;"25/04/16";"Segunda";"17:15:00";"PR";476;"309,7";"PAULO FRONTIN";"Velocidade incompatível";"Saída de Pista";"Sem Vítimas";"Pleno dia";"Crescente";"Chuva";"Simples";"Reta";"Rural";1;0;0;0;1;0;0;1
83460125;"28/04/16";"Quinta";"14:15:00";"RO";364;"222,1";"PIMENTA BUENO";"Defeito na via";"Colisão lateral";"Sem Vítimas";"Pleno dia";"Crescente";"Ceu Claro";"Simples";"Curva";"Rural";2;0;0;0;2;0;0;2
83460126;"28/04/16";"Quinta";"07:30:00";"RS";101;"3";"TORRES";"Falta de atenção";"Colisão traseira";"Sem Vítimas";"Pleno dia";"Decrescente";"Ceu Claro";"Dupla";"Reta";"Urbano";2;0;0;0;1;1;0;2
83460127;"28/04/16";"Quinta";"09:00:00";"RS";293;"108,9";"PINHEIRO MACHADO";"Defeito mecânico em veículo";"Saída de Pista";"Sem Vítimas";"Pleno dia";"Crescente";"Ceu Claro";"Simples";"Reta";"Rural";1;0;0;0;1;0;0;1
83460128;"28/04/16";"Quinta";"16:00:00";"SC";101;"107";"PENHA";"Outras";"Capotamento";"Com Vítimas Feridas";"Pleno dia";"Decrescente";"Ceu Claro";"Dupla";"Reta";"Urbano";2;0;1;0;1;0;1;2
83460129;"28/04/16";"Quinta";"16:42:00";"SC";101;"238";"PALHOCA";"Dormindo";"Colisão traseira";"Com Vítimas Feridas";"Pleno dia";"Crescente";"Sol";"Dupla";"Reta";"Urbano";3;0;1;1;1;0;2;2
83460130;"28/04/16";"Quinta";"14:20:00";"SC";470;"92";"ASCURRA";"Velocidade incompatível";"Colisão frontal";"Com Vítimas Feridas";"Pleno dia";"Decrescente";"Sol";"Simples";"Curva";"Rural";5;0;3;1;1;0;4;2
83460131;"28/04/16";"Quinta";"13:15:00";"SC";101;"393,5";"CRICIUMA";"Outras";"Colisão com objeto fixo";"Com Vítimas Feridas";"Pleno dia";"Crescente";"Sol";"Dupla";"Reta";"Rural";1;0;1;0;0;0;1;1
83460132;"28/04/16";"Quinta";"12:50:00";"ES";101;"456";"MIMOSO DO SUL";"Outras";"Saída de Pista";"Sem Vítimas";"Pleno dia";"Crescente";"Nevoeiro/neblina";"Simples";"Reta";"Rural";1;0;0;0;1;0;0;1
83460133;"28/04/16";"Quinta";"15:30:00";"PR";163;"168,1";"LINDOESTE";"Não guardar distância de segurança";"Colisão traseira";"Sem Vítimas";"Pleno dia";"Crescente";"Ceu Claro";"Simples";"Reta";"Urbano";4;0;0;0;4;0;0;3
83460134;"28/04/16";"Quinta";"10:30:00";"MG";40;"553";"NOVA LIMA";"Outras";"Queda de motocicleta / bicicleta / veículo";"Com Vítimas Feridas";"Pleno dia";"Crescente";"Nublado";"Dupla";"Curva";"Urbano";2;0;2;0;0;0;2;1
83460135;"28/04/16";"Quinta";"14:02:00";"AL";104;"34,5";"UNIAO DOS PALMARES";"Falta de atenção";"Colisão Transversal";"Com Vítimas Feridas";"Pleno dia";"Crescente";"Ceu Claro";"Simples";"Reta";"Urbano";3;0;1;1;0;1;2;2
83460136;"24/04/16";"Domingo";"18:52:00";"PB";101;"79";"SANTA RITA";"Animais na Pista";"Atropelamento de animal";"Sem Vítimas";"Plena noite";"Crescente";"Ceu Claro";"Dupla";"Reta";"Rural";4;0;0;0;3;1;0;3
83460137;"28/04/16";"Quinta";"16:20:00";"ES";101;"301,5";"VIANA";"Falta de atenção";"Colisão lateral";"Sem Vítimas";"Pleno dia";"Decrescente";"Nublado";"Dupla";"Cruzamento";"Urbano";2;0;0;0;2;0;0;2
83460138;"28/04/16";"Quinta";"18:00:00";"RS";116;"248";"SAO LEOPOLDO";"Falta de atenção";"Colisão lateral";"Sem Vítimas";"Pleno dia";"Crescente";"Ceu Claro";"Dupla";"Cruzamento";"Urbano";2;0;0;0;2;0;0;2
83460139;"28/04/16";"Quinta";"14:20:00";"RS";116;"269";"CANOAS";"Falta de atenção";"Colisão lateral";"Sem Vítimas";"Pleno dia";"Decrescente";"Ceu Claro";"Múltipla";"Reta";"Urbano";3;0;0;0;3;0;0;3
83460140;"24/04/16";"Domingo";"09:00:00";"BA";101;"120";"ALAGOINHAS";"Defeito mecânico em veículo";"Incêndio";"Sem Vítimas";"Pleno dia";"Decrescente";"Ceu Claro";"Simples";"Reta";"Rural";1;0;0;0;1;0;0;1
83460141;"28/04/16";"Quinta";"08:40:00";"SP";116;"509,7";"CAJATI";"Velocidade incompatível";"Tombamento";"Com Vítimas Feridas";"Pleno dia";"Decrescente";"Ceu Claro";"Simples";"Reta";"Rural";1;0;0;1;0;0;1;1
83460142;"28/04/16";"Quinta";"14:20:00";"MG";262;"600,8";"CAMPOS ALTOS";"Outras";"Colisão com objeto fixo";"Sem Vítimas";"Pleno dia";"Decrescente";"Ceu Claro";"Múltipla";"Reta";"Rural";1;0;0;0;1;0;0;1
83460143;"28/04/16";"Quinta";"14:00:00";"PR";476;"114";"COLOMBO";"Falta de atenção";"Colisão Transversal";"Com Vítimas Feridas";"Pleno dia";"Decrescente";"Ceu Claro";"Simples";"Curva";"Rural";2;0;0;1;1;0;1;2
83460144;"28/04/16";"Quinta";"16:00:00";"SP";116;"289";"ITAPECERICA DA SERRA";"Não guardar distância de segurança";"Capotamento";"Com Vítimas Feridas";"Pleno dia";"Decrescente";"Ceu Claro";"Dupla";"Reta";"Urbano";2;0;1;0;1;0;1;2
83460145;"28/04/16";"Quinta";"13:30:00";"MG";365;"508,2";"MONTE CARMELO";"Ultrapassagem indevida";"Colisão traseira";"Com Vítimas Feridas";"Pleno dia";"Decrescente";"Ceu Claro";"Simples";"Curva";"Rural";3;0;1;0;2;0;1;2
83460146;"28/04/16";"Quinta";"15:30:00";"SP";381;"79";"SAO PAULO";"Velocidade incompatível";"Capotamento";"Com Vítimas Feridas";"Pleno dia";"Decrescente";"Nublado";"Dupla";"Curva";"Urbano";2;0;1;0;1;0;1;1
83460147;"28/04/16";"Quinta";"14:50:00";"MG";116;"602,5";"SAO JOAO DO MANHUACU";"Velocidade incompatível";"Saída de Pista";"Sem Vítimas";"Pleno dia";"Decrescente";"Chuva";"Simples";"Curva";"Rural";1;0;0;0;1;0;0;1
83460148;"28/04/16";"Quinta";"14:00:00";"MS";163;"496,1";"CAMPO GRANDE";"Falta de atenção";"Colisão traseira";"Com Vítimas Feridas";"Pleno dia";"Crescente";"Nublado";"Simples";"Reta";"Rural";8;0;3;0;5;0;3;3
83460149;"28/04/16";"Quinta";"15:45:00";"PR";376;"667,5";"GUARATUBA";"Outras";"Colisão traseira";"Com Vítimas Feridas";"Pleno dia";"Crescente";"Ceu Claro";"Dupla";"Curva";"Rural";2;0;2;0;0;0;2;2
83460150;"26/04/16";"Terça";"19:00:00";"RO";319;"60,9";"PORTO VELHO";"Falta de atenção";"Colisão lateral";"Sem Vítimas";"Anoitecer";"Crescente";"Ceu Claro";"Dupla";"Reta";"Urbano";4;0;0;0;4;0;0;2
83460151;"28/04/16";"Quinta";"18:30:00";"RJ";101;"307,9";"SAO GONCALO";"Outras";"Colisão lateral";"Sem Vítimas";"Plena noite";"Crescente";"Ceu Claro";"Dupla";"Reta";"Urbano";2;0;0;0;2;0;0;2
83460152;"28/04/16";"Quinta";"13:30:00";"RS";293;"137";"CANDIOTA";"Falta de atenção";"Colisão Transversal";"Sem Vítimas";"Pleno dia";"Crescente";"Ceu Claro";"Simples";"Cruzamento";"Urbano";2;0;0;0;2;0;0;2
83460153;"28/04/16";"Quinta";"12:40:00";"SP";101;"50,5";"UBATUBA";"Falta de atenção";"Colisão Transversal";"Com Vítimas Feridas";"Pleno dia";"Decrescente";"Nublado";"Simples";"Reta";"Urbano";2;0;0;1;1;0;1;2
83460154;"28/04/16";"Quinta";"12:20:00";"BA";116;"16";"VITORIA DA CONQUISTA";"Falta de atenção";"Colisão Transversal";"Com Vítimas Feridas";"Pleno dia";"Decrescente";"Sol";"Simples";"Reta";"Urbano";2;0;1;0;1;0;1;2
83460155;"28/04/16";"Quinta";"16:30:00";"PR";376;"188,9";"MANDAGUACU";"Desobediência à sinalização";"Colisão Transversal";"Com Vítimas Feridas";"Pleno dia";"Decrescente";"Nublado";"Simples";"Cruzamento";"Rural";2;0;1;0;1;0;1;2
83460156;"28/04/16";"Quinta";"17:20:00";"MT";163;"738";"SORRISO";"Falta de atenção";"Colisão traseira";"Sem Vítimas";"Pleno dia";"Crescente";"Ceu Claro";"Simples";"Reta";"Rural";4;0;0;0;3;1;0;2
83460157;"28/04/16";"Quinta";"18:45:00";"RN";406;"156,8";"CEARA-MIRIM";"Outras";"Colisão traseira";"Com Vítimas Feridas";"Plena noite";"Crescente";"Nublado";"Simples";"Reta";"Rural";5;0;1;3;1;0;4;2
83460158;"28/04/16";"Quinta";"17:50:00";"PR";277;"1,4";"PARANAGUA";"Falta de atenção";"Colisão com bicicleta";"Com Vítimas Feridas";"Anoitecer";"Crescente";"Ceu Claro";"Simples";"Reta";"Urbano";2;0;0;1;1;0;1;2
83460159;"28/04/16";"Quinta";"18:35:00";"SC";101;"80,5";"BARRA VELHA";"Defeito mecânico em veículo";"Incêndio";"Sem Vítimas";"Plena noite";"Decrescente";"Ceu Claro";"Dupla";"Curva";"Rural";1;0;0;0;1;0;0;1
83460161;"28/04/16";"Quinta";"18:25:00";"MG";381;"508,2";"SAO JOAQUIM DE BICAS";"Falta de atenção";"Colisão frontal";"Com Vítimas Feridas";"Anoitecer";"Decrescente";"Chuva";"Simples";"Reta";"Urbano";3;0;2;0;1;0;2;3
83460162;"28/04/16";"Quinta";"13:10:00";"MG";40;"656,3";"CRISTIANO OTONI";"Velocidade incompatível";"Colisão com objeto fixo";"Com Vítimas Feridas";"Pleno dia";"Decrescente";"Nevoeiro/neblina";"Dupla";"Curva";"Rural";1;0;1;0;0;0;1;1
83460163;"28/04/16";"Quinta";"17:50:00";"PR";163;"314";"MERCEDES";"Velocidade incompatível";"Tombamento";"Com Vítimas Feridas";"Pleno dia";"Decrescente";"Ceu Claro";"Dupla";"Curva";"Rural";1;0;1;0;0;0;1;1
83460164;"28/04/16";"Quinta";"18:15:00";"PA";316;"7";"ANANINDEUA";"Desobediência à sinalização";"Colisão Transversal";"Sem Vítimas";"Anoitecer";"Decrescente";"Ceu Claro";"Dupla";"Reta";"Urbano";2;0;0;0;2;0;0;2
83460165;"28/04/16";"Quinta";"15:05:00";"RJ";116;"22,5";"TERESOPOLIS";"Outras";"Colisão frontal";"Com Vítimas Feridas";"Pleno dia";"Crescente";"Nublado";"Simples";"Reta";"Rural";3;0;2;1;0;0;3;2
83460166;"28/04/16";"Quinta";"15:00:00";"GO";153;"293,7";"RIALMA";"Falta de atenção";"Colisão Transversal";"Com Vítimas Feridas";"Pleno dia";"Decrescente";"Ceu Claro";"Simples";"Reta";"Rural";2;0;1;0;1;0;1;2
83460167;"27/04/16";"Quarta";"19:40:00";"MG";153;"75";"MONTE ALEGRE DE MINAS";"Velocidade incompatível";"Saída de Pista";"Com Vítimas Feridas";"Plena noite";"Crescente";"Nublado";"Simples";"Curva";"Rural";2;0;2;0;0;0;2;1
83460168;"28/04/16";"Quinta";"18:30:00";"PR";116;"120";"CURITIBA";"Não guardar distância de segurança";"Colisão traseira";"Sem Vítimas";"Plena noite";"Decrescente";"Ceu Claro";"Dupla";"Reta";"Urbano";3;0;0;0;3;0;0;3
83460169;"28/04/16";"Quinta";"17:40:00";"MG";381;"360";"JOAO MONLEVADE";"Outras";"Saída de Pista";"Com Vítimas Feridas";"Anoitecer";"Decrescente";"Chuva";"Simples";"Curva";"Urbano";3;0;2;0;1;0;2;1
83460170;"28/04/16";"Quinta";"16:20:00";"RS";290;"215,2";"PANTANO GRANDE";"Falta de atenção";"Colisão Transversal";"Com Vítimas Feridas";"Pleno dia";"Decrescente";"Sol";"Simples";"Reta";"Urbano";2;0;1;0;1;0;1;2
83460171;"28/04/16";"Quinta";"18:50:00";"RS";471;"676,1";"SANTA VITORIA DO PALMAR";"Falta de atenção";"Colisão Transversal";"Com Vítimas Feridas";"Plena noite";"Crescente";"Ceu Claro";"Simples";"Reta";"Urbano";2;0;1;0;1;0;1;2
83460172;"28/04/16";"Quinta";"14:25:00";"GO";70;"1,1";"AGUAS LINDAS DE GOIAS";"Falta de atenção";"Colisão lateral";"Com Vítimas Feridas";"Pleno dia";"Decrescente";"Nublado";"Dupla";"Reta";"Rural";2;0;1;0;1;0;1;2
83460173;"28/04/16";"Quinta";"15:50:00";"MG";40;"695,2";"ALFREDO VASCONCELOS";"Velocidade incompatível";"Colisão com objeto fixo";"Com Vítimas Feridas";"Pleno dia";"Decrescente";"Chuva";"Simples";"Curva";"Rural";1;0;1;0;0;0;1;1
83460174;"28/04/16";"Quinta";"17:45:00";"PE";232;"43";"VITORIA DE SANTO ANTAO";"Falta de atenção";"Colisão traseira";"Sem Vítimas";"Anoitecer";"Decrescente";"Ceu Claro";"Dupla";"Curva";"Urbano";2;0;0;0;2;0;0;2
83460175;"28/04/16";"Quinta";"20:00:00";"PR";277;"724,5";"FOZ DO IGUACU";"Outras";"Atropelamento de pessoa";"Com Vítimas Feridas";"Plena noite";"Crescente";"Ceu Claro";"Dupla";"Reta";"Rural";2;0;2;0;0;0;2;1
83460176;"22/04/16";"Sexta";"18:20:00";"PE";407;"129";"PETROLINA";"Falta de atenção";"Colisão traseira";"Com Vítimas Feridas";"Plena noite";"Crescente";"Ceu Claro";"Simples";"Reta";"Urbano";2;0;2;0;0;0;2;2
83460177;"28/04/16";"Quinta";"17:30:00";"GO";60;"105";"ANAPOLIS";"Falta de atenção";"Colisão traseira";"Sem Vítimas";"Anoitecer";"Decrescente";"Ceu Claro";"Dupla";"Reta";"Rural";2;0;0;0;2;0;0;2
83460178;"28/04/16";"Quinta";"08:00:00";"RS";471;"143,2";"SANTA CRUZ DO SUL";"Outras";"Colisão lateral";"Com Vítimas Feridas";"Pleno dia";"Crescente";"Ceu Claro";"Simples";"Cruzamento";"Urbano";2;0;1;0;1;0;1;2
83460179;"28/04/16";"Quinta";"20:00:00";"PR";163;"268";"TOLEDO";"Defeito mecânico em veículo";"Saída de Pista";"Sem Vítimas";"Plena noite";"Decrescente";"Ceu Claro";"Simples";"Reta";"Rural";1;0;0;0;1;0;0;1
83460180;"26/04/16";"Terça";"18:15:00";"MG";381;"495";"BETIM";"Não guardar distância de segurança";"Colisão traseira";"Com Vítimas Feridas";"Plena noite";"Crescente";"Ceu Claro";"Dupla";"Reta";"Urbano";2;0;1;0;1;0;1;2
83460181;"28/04/16";"Quinta";"15:10:00";"SE";101;"6,5";"CEDRO DE SAO JOAO";"Outras";"Incêndio";"Sem Vítimas";"Pleno dia";"Decrescente";"Ceu Claro";"Dupla";"Reta";"Rural";1;0;0;0;1;0;0;1
83460182;"28/04/16";"Quinta";"19:05:00";"MG";381;"806";"CAREACU";"Defeito na via";"Capotamento";"Sem Vítimas";"Plena noite";"Crescente";"Chuva";"Dupla";"Reta";"Urbano";1;0;0;0;1;0;0;1
83460183;"28/04/16";"Quinta";"17:00:00";"GO";70;"0,1";"AGUAS LINDAS DE GOIAS";"Não guardar distância de segurança";"Colisão traseira";"Com Vítimas Feridas";"Pleno dia";"Decrescente";"Chuva";"Dupla";"Reta";"Rural";4;0;2;0;2;0;2;2
83460184;"26/04/16";"Terça";"02:40:00";"RJ";356;"154";"CAMPOS DOS GOYTACAZES";"Falta de atenção";"Capotamento";"Com Vítimas Feridas";"Plena noite";"Crescente";"Ignorada";"Simples";"Reta";"Rural";1;0;1;0;0;0;1;1
83460185;"28/04/16";"Quinta";"17:00:00";"MS";60;"421";"SIDROLANDIA";"Ingestão de álcool";"Atropelamento de pessoa";"Com Vítimas Feridas";"Pleno dia";"Crescente";"Ceu Claro";"Simples";"Curva";"Urbano";2;0;0;1;1;0;1;1
83460186;"28/04/16";"Quinta";"18:50:00";"RS";101;"13";"DOM PEDRO DE ALCANTARA";"Velocidade incompatível";"Atropelamento de pessoa";"Com Vítimas Feridas";"Plena noite";"Decrescente";"Ceu Claro";"Dupla";"Reta";"Urbano";2;0;1;0;1;0;1;1
83460187;"28/04/16";"Quinta";"17:10:00";"GO";414;"285";"VILA PROPICIO";"Falta de atenção";"Colisão Transversal";"Sem Vítimas";"Anoitecer";"Decrescente";"Ignorada";"Simples";"Cruzamento";"Rural";2;0;0;0;2;0;0;2
83460188;"28/04/16";"Quinta";"15:00:00";"GO";20;"44,7";"FORMOSA";"Outras";"Saída de Pista";"Com Vítimas Feridas";"Pleno dia";"Crescente";"Ceu Claro";"Simples";"Curva";"Rural";2;0;1;0;1;0;1;1
83460189;"28/04/16";"Quinta";"16:15:00";"MG";116;"645";"FERVEDOURO";"Velocidade incompatível";"Colisão Transversal";"Com Vítimas Feridas";"Pleno dia";"Crescente";"Chuva";"Simples";"Curva";"Rural";3;0;1;1;0;1;2;3
83460190;"28/04/16";"Quinta";"17:00:00";"MG";116;"474,8";"TARUMIRIM";"Outras";"Queda de motocicleta / bicicleta / veículo";"Com Vítimas Feridas";"Pleno dia";"Crescente";"Nublado";"Simples";"Reta";"Rural";1;0;0;1;0;0;1;1
83460191;"28/04/16";"Quinta";"18:30:00";"PR";116;"121,1";"CURITIBA";"Não guardar distância de segurança";"Colisão traseira";"Sem Vítimas";"Plena noite";"Decrescente";"Nublado";"Dupla";"Reta";"Urbano";7;0;0;0;7;0;0;7
83460193;"28/04/16";"Quinta";"11:35:00";"MG";40;"299,8";"TRES MARIAS";"Velocidade incompatível";"Saída de Pista";"Com Vítimas Feridas";"Pleno dia";"Decrescente";"Nublado";"Simples";"Curva";"Rural";1;0;0;1;0;0;1;1
83460195;"28/04/16";"Quinta";"19:05:00";"CE";222;"5,1";"CAUCAIA";"Não guardar distância de segurança";"Colisão frontal";"Com Vítimas Feridas";"Plena noite";"Crescente";"Ceu Claro";"Dupla";"Curva";"Urbano";3;0;1;1;1;0;2;2
83460196;"28/04/16";"Quinta";"19:50:00";"SC";470;"70,2";"INDAIAL";"Falta de atenção";"Queda de motocicleta / bicicleta / veículo";"Com Vítimas Feridas";"Plena noite";"Decrescente";"Ceu Claro";"Simples";"Cruzamento";"Urbano";2;0;1;0;1;0;1;1
83460197;"28/04/16";"Quinta";"21:30:00";"MG";40;"41,5";"PARACATU";"Falta de atenção";"Colisão Transversal";"Com Vítimas Feridas";"Plena noite";"Decrescente";"Ceu Claro";"Simples";"Cruzamento";"Urbano";2;0;1;0;0;1;1;2
83460198;"28/04/16";"Quinta";"18:30:00";"SC";282;"242";"SAO JOSE DO CERRITO";"Velocidade incompatível";"Tombamento";"Com Vítimas Feridas";"Anoitecer";"Decrescente";"Ceu Claro";"Simples";"Curva";"Rural";4;0;2;1;1;0;3;2
83460199;"28/04/16";"Quinta";"21:20:00";"SC";470;"69,5";"INDAIAL";"Falta de atenção";"Colisão Transversal";"Com Vítimas Feridas";"Plena noite";"Decrescente";"Ceu Claro";"Simples";"Cruzamento";"Urbano";2;0;1;0;1;0;1;2
83460200;"28/04/16";"Quinta";"17:45:00";"AC";317;"221";"XAPURI";"Falta de atenção";"Colisão com objeto fixo";"Com Vítimas Feridas";"Anoitecer";"Decrescente";"Nublado";"Simples";"Reta";"Rural";1;0;0;1;0;0;1;1
83460201;"28/04/16";"Quinta";"21:45:00";"RS";153;"44,5";"ERECHIM";"Outras";"Colisão Transversal";"Sem Vítimas";"Plena noite";"Decrescente";"Nublado";"Dupla";"Cruzamento";"Urbano";2;0;0;0;1;1;0;2
83460202;"28/04/16";"Quinta";"07:15:00";"BA";324;"5";"FEIRA DE SANTANA";"Outras";"Queda de motocicleta / bicicleta / veículo";"Com Vítimas Feridas";"Pleno dia";"Decrescente";"Sol";"Simples";"Reta";"Urbano";1;0;1;0;0;0;1;1
83460203;"22/04/16";"Sexta";"10:40:00";"SC";101;"332,8";"TUBARAO";"Falta de atenção";"Colisão traseira";"Sem Vítimas";"Pleno dia";"Decrescente";"Chuva";"Simples";"Cruzamento";"Urbano";2;0;0;0;2;0;0;2
83460204;"28/04/16";"Quinta";"20:20:00";"RJ";116;"79";"TERESOPOLIS";"Falta de atenção";"Colisão frontal";"Com Vítimas Feridas";"Plena noite";"Crescente";"Chuva";"Simples";"Reta";"Urbano";2;0;0;1;1;0;1;2
83460205;"27/04/16";"Quarta";"09:30:00";"SC";101;"437";"SOMBRIO";"Falta de atenção";"Colisão lateral";"Sem Vítimas";"Pleno dia";"Crescente";"Ceu Claro";"Dupla";"Reta";"Urbano";2;0;0;0;2;0;0;2
83460206;"24/04/16";"Domingo";"21:45:00";"RJ";393;"248,8";"BARRA DO PIRAI";"Ingestão de álcool";"Colisão frontal";"Com Vítimas Feridas";"Plena noite";"Decrescente";"Ceu Claro";"Simples";"Reta";"Urbano";4;0;2;1;1;0;3;2
83460207;"28/04/16";"Quinta";"11:00:00";"SE";101;"197,4";"CRISTINAPOLIS";"Outras";"Colisão lateral";"Com Vítimas Feridas";"Pleno dia";"Crescente";"Sol";"Simples";"Curva";"Rural";2;0;1;0;0;1;1;2
83460208;"28/04/16";"Quinta";"13:50:00";"MG";381;"287";"JAGUARACU";"Dormindo";"Capotamento";"Com Vítimas Feridas";"Pleno dia";"Decrescente";"Chuva";"Simples";"Reta";"Urbano";1;0;1;0;0;0;1;1
83460209;"28/04/16";"Quinta";"23:30:00";"RJ";101;"230";"SILVA JARDIM";"Dormindo";"Saída de Pista";"Com Vítimas Feridas";"Pleno dia";"Crescente";"Nublado";"Dupla";"Curva";"Rural";1;0;1;0;0;0;1;1
83460210;"28/04/16";"Quinta";"21:15:00";"MG";40;"621,4";"CONSELHEIRO LAFAIETE";"Ingestão de álcool";"Queda de motocicleta / bicicleta / veículo";"Com Vítimas Feridas";"Plena noite";"Crescente";"Chuva";"Simples";"Reta";"Urbano";1;0;1;0;0;0;1;1
83460211;"28/04/16";"Quinta";"12:35:00";"SC";282;"6";"SAO JOSE";"Falta de atenção";"Colisão lateral";"Com Vítimas Feridas";"Pleno dia";"Decrescente";"Ceu Claro";"Dupla";"Curva";"Urbano";2;0;1;0;1;0;1;2
83460212;"28/04/16";"Quinta";"17:30:00";"PR";277;"223,1";"FERNANDES PINHEIRO";"Velocidade incompatível";"Saída de Pista";"Sem Vítimas";"Pleno dia";"Decrescente";"Sol";"Simples";"Reta";"Rural";1;0;0;0;1;0;0;1
83460213;"22/04/16";"Sexta";"20:35:00";"SC";282;"67,7";"RANCHO QUEIMADO";"Velocidade incompatível";"Capotamento";"Sem Vítimas";"Plena noite";"Crescente";"Chuva";"Simples";"Curva";"Rural";1;0;0;0;1;0;0;1
83460214;"28/04/16";"Quinta";"19:10:00";"PI";135;"395";"REDENCAO DO GURGUEIA";"Ingestão de álcool";"Colisão lateral";"Com Vítimas Feridas";"Anoitecer";"Crescente";"Ceu Claro";"Simples";"Reta";"Rural";4;0;1;0;3;0;1;2
83460215;"25/04/16";"Segunda";"06:10:00";"PR";277;"650";"MATELANDIA";"Outras";"Queda de motocicleta / bicicleta / veículo";"Com Vítimas Feridas";"Amanhecer";"Decrescente";"Chuva";"Simples";"Reta";"Urbano";1;0;1;0;0;0;1;1
83460216;"29/04/16";"Sexta";"00:00:00";"RS";290;"86";"PORTO ALEGRE";"Outras";"Colisão com objeto fixo";"Ignorado";"Plena noite";"Decrescente";"Ceu Claro";"Dupla";"Curva";"Urbano";1;0;0;0;0;1;0;1
83460217;"27/04/16";"Quarta";"13:00:00";"SC";101;"350";"JAGUARUNA";"Falta de atenção";"Colisão traseira";"Sem Vítimas";"Pleno dia";"Crescente";"Sol";"Dupla";"Reta";"Rural";2;0;0;0;2;0;0;2
83460218;"28/04/16";"Quinta";"18:30:00";"SP";116;"487";"CAJATI";"Outras";"Colisão com objeto móvel";"Com Vítimas Feridas";"Plena noite";"Decrescente";"Ceu Claro";"Simples";"Reta";"Urbano";2;0;1;0;1;0;1;2
83460219;"28/04/16";"Quinta";"19:00:00";"MT";163;"839";"SINOP";"Ingestão de álcool";"Colisão com bicicleta";"Com Vítimas Feridas";"Plena noite";"Decrescente";"Ceu Claro";"Simples";"Reta";"Urbano";2;0;0;2;0;0;2;2
83460220;"28/04/16";"Quinta";"10:00:00";"PR";277;"616,9";"CEU AZUL";"Ultrapassagem indevida";"Colisão frontal";"Com Vítimas Feridas";"Pleno dia";"Crescente";"Ceu Claro";"Simples";"Reta";"Rural";4;0;0;1;3;0;1;3
83460221;"28/04/16";"Quinta";"23:00:00";"SE";101;"7,3";"CEDRO DE SAO JOAO";"Outras";"Queda de motocicleta / bicicleta / veículo";"Com Vítimas Feridas";"Plena noite";"Crescente";"Ceu Claro";"Dupla";"Reta";"Rural";1;0;1;0;0;0;1;1
83460222;"28/04/16";"Quinta";"08:30:00";"BA";101;"4,9";"RIO REAL";"Falta de atenção";"Colisão traseira";"Sem Vítimas";"Pleno dia";"Decrescente";"Chuva";"Simples";"Reta";"Rural";3;0;0;0;3;0;0;3
83460224;"28/04/16";"Quinta";"18:10:00";"MG";381;"457";"BELO HORIZONTE";"Outras";"Colisão lateral";"Sem Vítimas";"Anoitecer";"Decrescente";"Chuva";"Dupla";"Reta";"Urbano";3;0;0;0;3;0;0;2
83460225;"28/04/16";"Quinta";"17:20:00";"SP";116;"346";"MIRACATU";"Velocidade incompatível";"Colisão traseira";"Sem Vítimas";"Anoitecer";"Crescente";"Ceu Claro";"Dupla";"Reta";"Rural";3;0;0;0;3;0;0;3
83460226;"29/04/16";"Sexta";"01:40:00";"SC";101;"34,5";"JOINVILLE";"Falta de atenção";"Saída de Pista";"Sem Vítimas";"Plena noite";"Crescente";"Ceu Claro";"Dupla";"Reta";"Rural";1;0;0;0;1;0;0;1
83460227;"28/04/16";"Quinta";"17:40:00";"SP";116;"33";"CRUZEIRO";"Outras";"Colisão traseira";"Sem Vítimas";"Anoitecer";"Decrescente";"Chuva";"Dupla";"Reta";"Urbano";2;0;0;0;2;0;0;2
83460228;"28/04/16";"Quinta";"23:50:00";"SC";470;"50,3";"BLUMENAU";"Ingestão de álcool";"Saída de Pista";"Sem Vítimas";"Plena noite";"Decrescente";"Ceu Claro";"Simples";"Reta";"Rural";2;0;0;0;1;1;0;2
83460229;"24/04/16";"Domingo";"15:20:00";"MG";262;"422,9";"IGARATINGA";"Outras";"Saída de Pista";"Com Vítimas Feridas";"Pleno dia";"Decrescente";"Ceu Claro";"Dupla";"Reta";"Rural";4;0;4;0;0;0;4;1
83460230;"28/04/16";"Quinta";"22:10:00";"RS";116;"148,6";"CAXIAS DO SUL";"Falta de atenção";"Colisão traseira";"Sem Vítimas";"Plena noite";"Decrescente";"Ceu Claro";"Dupla";"Reta";"Urbano";2;0;0;0;2;0;0;2