"id";"data_inversa";"dia_semana";"horario";"uf";"br";"km";"municipio";"causa_acidente";"tipo_acidente";"classificacao_acidente";"fase_dia";"sentido_via";"condicao_metereologica";"tipo_pista";"tracado_via";"uso_solo";"pessoas";"mortos";"feridos_leves";"feridos_graves";"ilesos";"ignorados";"feridos";"veiculos"
83460566;"29/04/16";"Sexta";"19:00:00";"CE";222;"20,9";"CAUCAIA";"Desobediência à sinalização";"Colisão frontal";"Com Vítimas Fatais";"Plena noite";"Decrescente";"Ceu Claro";"Simples";"Reta";"Rural";2;1;0;0;1;0;0;2
83460567;"29/04/16";"Sexta";"22:00:00";"MG";381;"656";"SANTO ANTONIO DO AMPARO";"Velocidade incompatível";"Colisão com objeto fixo";"Sem Vítimas";"Plena noite";"Crescente";"Chuva";"Dupla";"Curva";"Rural";1;0;0;0;1;0;0;1
83460568;"27/04/16";"Quarta";"08:28:00";"PA";230;"120";"MARABA";"Não guardar distância de segurança";"Colisão traseira";"Com Vítimas Feridas";"Pleno dia";"Decrescente";"Ceu Claro";"Dupla";"Reta";"Urbano";2;0;1;0;1;0;1;2
83460569;"30/04/16";"Sábado";"03:00:00";"SC";101;"114,9";"ITAJAI";"Outras";"Queda de motocicleta / bicicleta / veículo";"Com Vítimas Feridas";"Plena noite";"Decrescente";"Ceu Claro";"Dupla";"Reta";"Urbano";1;0;1;0;0;0;1;1
83460570;"29/04/16";"Sexta";"15:50:00";"PB";230;"3,2";"CABEDELO";"Falta de atenção";"Colisão lateral";"Com Vítimas Feridas";"Pleno dia";"Decrescente";"Ceu Claro";"Dupla";"Reta";"Urbano";2;0;1;0;0;1;1;2
83460571;"29/04/16";"Sexta";"08:25:00";"MG";135;"380,1";"MONTES CLAROS";"Outras";"Colisão frontal";"Com Vítimas Feridas";"Pleno dia";"Crescente";"Chuva";"Simples";"Reta";"Rural";3;0;2;0;1;0;2;2
83460572;"29/04/16";"Sexta";"13:25:00";"BA";242;"147";"RAFAEL JAMBEIRO";"Defeito mecânico em veículo";"Derramamento de Carga";"Sem Vítimas";"Pleno dia";"Decrescente";"Ceu Claro";"Simples";"Reta";"Rural";1;0;0;0;1;0;0;1
83460573;"29/04/16";"Sexta";"17:10:00";"PR";376;"598,2";"CURITIBA";"Falta de atenção";"Colisão traseira";"Sem Vítimas";"Pleno dia";"Decrescente";"Nublado";"Dupla";"Reta";"Urbano";5;0;0;0;5;0;0;5
83460574;"30/04/16";"Sábado";"02:40:00";"SC";163;"66,8";"SAO MIGUEL DOESTE";"Velocidade incompatível";"Colisão com objeto fixo";"Ignorado";"Plena noite";"Decrescente";"Ceu Claro";"Dupla";"Reta";"Urbano";2;0;0;0;0;2;0;1
83460575;"29/04/16";"Sexta";"07:30:00";"CE";20;"429";"FORTALEZA";"Falta de atenção";"Colisão traseira";"Sem Vítimas";"Pleno dia";"Decrescente";"Ceu Claro";"Dupla";"Reta";"Rural";2;0;0;0;2;0;0;2
83460576;"29/04/16";"Sexta";"13:00:00";"CE";116;"22,1";"ITAITINGA";"Velocidade incompatível";"Saída de Pista";"Sem Vítimas";"Pleno dia";"Decrescente";"Ceu Claro";"Dupla";"Curva";"Rural";1;0;0;0;1;0;0;1
83460577;"29/04/16";"Sexta";"17:10:00";"AL";101;"199";"SAO SEBASTIAO";"Outras";"Atropelamento de pessoa";"Com Vítimas Fatais";"Pleno dia";"Crescente";"Ceu Claro";"Dupla";"Reta";"Rural";2;1;0;0;1;0;0;1
83460578;"29/04/16";"Sexta";"16:00:00";"ES";259;"7,6";"JOAO NEIVA";"Desobediência à sinalização";"Colisão frontal";"Com Vítimas Fatais";"Pleno dia";"Crescente";"Nublado";"Simples";"Curva";"Urbano";6;3;0;2;1;0;2;2
83460579;"29/04/16";"Sexta";"17:45:00";"MG";381;"333";"NOVA ERA";"Velocidade incompatível";"Colisão frontal";"Sem Vítimas";"Anoitecer";"Crescente";"Chuva";"Simples";"Curva";"Rural";2;0;0;0;2;0;0;2
83460580;"29/04/16";"Sexta";"21:00:00";"MG";365;"628";"UBERLANDIA";"Não guardar distância de segurança";"Colisão traseira";"Com Vítimas Feridas";"Plena noite";"Crescente";"Ceu Claro";"Dupla";"Reta";"Urbano";2;0;1;0;1;0;1;2
83460581;"29/04/16";"Sexta";"10:00:00";"MG";251;"474";"FRANCISCO SA";"Velocidade incompatível";"Saída de Pista";"Sem Vítimas";"Pleno dia";"Crescente";"Chuva";"Simples";"Curva";"Rural";1;0;0;0;1;0;0;1
83460582;"29/04/16";"Sexta";"23:10:00";"GO";40;"74";"CRISTALINA";"Outras";"Saída de Pista";"Com Vítimas Feridas";"Plena noite";"Decrescente";"Nevoeiro/neblina";"Dupla";"Curva";"Rural";3;0;1;0;2;0;1;2
83460583;"30/04/16";"Sábado";"05:00:00";"BA";101;"875";"TEIXEIRA DE FREITAS";"Animais na Pista";"Atropelamento de animal";"Com Vítimas Feridas";"Amanhecer";"Crescente";"Nublado";"Simples";"Reta";"Urbano";5;0;2;1;2;0;3;1
83460584;"30/04/16";"Sábado";"04:30:00";"SP";116;"428";"REGISTRO";"Velocidade incompatível";"Capotamento";"Com Vítimas Feridas";"Plena noite";"Decrescente";"Ceu Claro";"Dupla";"Reta";"Rural";1;0;0;1;0;0;1;1
83460585;"29/04/16";"Sexta";"20:20:00";"RN";406;"160";"CEARA-MIRIM";"Animais na Pista";"Atropelamento de animal";"Sem Vítimas";"Plena noite";"Crescente";"Vento";"Simples";"Reta";"Urbano";1;0;0;0;1;0;0;1
83460586;"30/04/16";"Sábado";"05:35:00";"SC";470;"6";"NAVEGANTES";"Dormindo";"Saída de Pista";"Sem Vítimas";"Plena noite";"Decrescente";"Ceu Claro";"Simples";"Cruzamento";"Urbano";1;0;0;0;1;0;0;1
83460587;"29/04/16";"Sexta";"14:00:00";"MG";381;"510";"SAO JOAQUIM DE BICAS";"Ingestão de álcool";"Colisão traseira";"Sem Vítimas";"Pleno dia";"Crescente";"Ceu Claro";"Simples";"Reta";"Urbano";2;0;0;0;2;0;0;2
83460588;"30/04/16";"Sábado";"04:50:00";"PR";376;"226,7";"APUCARANA";"Outras";"Saída de Pista";"Com Vítimas Feridas";"Plena noite";"Crescente";"Ceu Claro";"Dupla";"Curva";"Rural";1;0;1;0;0;0;1;1
83460589;"29/04/16";"Sexta";"22:05:00";"PR";376;"3,8";"APUCARANA";"Ingestão de álcool";"Colisão traseira";"Ignorado";"Plena noite";"Crescente";"Nublado";"Dupla";"Reta";"Urbano";2;0;0;0;0;2;0;2
83460590;"29/04/16";"Sexta";"22:50:00";"AL";104;"68,3";"MURICI";"Ingestão de álcool";"Saída de Pista";"Com Vítimas Feridas";"Plena noite";"Decrescente";"Nublado";"Simples";"Reta";"Rural";1;0;1;0;0;0;1;1
83460591;"30/04/16";"Sábado";"00:05:00";"RJ";116;"182";"NOVA IGUACU";"Velocidade incompatível";"Capotamento";"Sem Vítimas";"Plena noite";"Decrescente";"Nublado";"Dupla";"Reta";"Urbano";1;0;0;0;1;0;0;1
83460592;"30/04/16";"Sábado";"01:00:00";"SC";470;"169,4";"POUSO REDONDO";"Ingestão de álcool";"Tombamento";"Com Vítimas Feridas";"Plena noite";"Decrescente";"Ceu Claro";"Simples";"Reta";"Urbano";1;0;1;0;0;0;1;1
83460593;"29/04/16";"Sexta";"21:10:00";"RS";158;"125";"PALMEIRA DAS MISSOES";"Dormindo";"Colisão traseira";"Sem Vítimas";"Anoitecer";"Decrescente";"Ceu Claro";"Simples";"Reta";"Urbano";2;0;0;0;2;0;0;2
83460594;"29/04/16";"Sexta";"23:00:00";"MG";381;"526,9";"BRUMADINHO";"Velocidade incompatível";"Capotamento";"Sem Vítimas";"Plena noite";"Crescente";"Chuva";"Dupla";"Curva";"Rural";1;0;0;0;1;0;0;1
83460595;"26/04/16";"Terça";"18:45:00";"PE";408;"94";"SAO LOURENCO DA MATA";"Outras";"Colisão lateral";"Sem Vítimas";"Plena noite";"Decrescente";"Nublado";"Dupla";"Curva";"Rural";2;0;0;0;1;1;0;2
83460596;"30/04/16";"Sábado";"06:15:00";"SC";101;"119,6";"ITAJAI";"Defeito mecânico em veículo";"Queda de motocicleta / bicicleta / veículo";"Com Vítimas Feridas";"Amanhecer";"Crescente";"Nublado";"Dupla";"Reta";"Urbano";1;0;1;0;0;0;1;1
83460597;"29/04/16";"Sexta";"22:55:00";"RJ";116;"127";"MAGE";"Defeito mecânico em veículo";"Capotamento";"Sem Vítimas";"Plena noite";"Crescente";"Chuva";"Dupla";"Reta";"Urbano";2;0;0;0;2;0;0;1
83460598;"28/04/16";"Quinta";"12:00:00";"MA";226;"240";"TUNTUM";"Animais na Pista";"Colisão lateral";"Com Vítimas Feridas";"Pleno dia";"Crescente";"Ceu Claro";"Simples";"Reta";"Rural";2;0;0;1;1;0;1;2
83460599;"30/04/16";"Sábado";"06:00:00";"MT";364;"591";"DIAMANTINO";"Falta de atenção";"Tombamento";"Sem Vítimas";"Pleno dia";"Crescente";"Ignorada";"Simples";"Curva";"Rural";1;0;0;0;1;0;0;1
83460600;"30/04/16";"Sábado";"06:00:00";"RJ";101;"408";"ITAGUAI";"Ingestão de álcool";"Colisão traseira";"Com Vítimas Feridas";"Amanhecer";"Crescente";"Ceu Claro";"Dupla";"Reta";"Urbano";2;0;1;0;1;0;1;2
83460601;"26/04/16";"Terça";"03:20:00";"BA";324;"560";"SAO SEBASTIAO DO PASSE";"Dormindo";"Capotamento";"Com Vítimas Feridas";"Plena noite";"Decrescente";"Nublado";"Dupla";"Reta";"Rural";2;0;1;0;1;0;1;1
83460602;"29/04/16";"Sexta";"17:40:00";"SP";116;"343";"MIRACATU";"Outras";"Danos Eventuais";"Sem Vítimas";"Plena noite";"Decrescente";"Nublado";"Dupla";"Curva";"Rural";1;0;0;0;1;0;0;1
83460603;"25/04/16";"Segunda";"05:00:00";"PI";316;"70,5";"MONSENHOR GIL";"Dormindo";"Tombamento";"Com Vítimas Feridas";"Amanhecer";"Decrescente";"Ceu Claro";"Simples";"Curva";"Rural";1;0;1;0;0;0;1;1
83460604;"29/04/16";"Sexta";"19:30:00";"MG";381;"532";"ITATIAIUCU";"Velocidade incompatível";"Saída de Pista";"Sem Vítimas";"Plena noite";"Crescente";"Chuva";"Dupla";"Curva";"Rural";1;0;0;0;1;0;0;1
83460605;"29/04/16";"Sexta";"08:40:00";"MG";381;"544";"ITATIAIUCU";"Velocidade incompatível";"Colisão traseira";"Sem Vítimas";"Pleno dia";"Decrescente";"Chuva";"Dupla";"Curva";"Rural";7;0;0;0;7;0;0;4
83460606;"30/04/16";"Sábado";"07:20:00";"SC";101;"40";"JOINVILLE";"Outras";"Colisão lateral";"Com Vítimas Feridas";"Pleno dia";"Decrescente";"Ceu Claro";"Simples";"Reta";"Urbano";2;0;1;0;1;0;1;2
83460607;"30/04/16";"Sábado";"06:15:00";"SC";282;"544";"CHAPECO";"Velocidade incompatível";"Colisão frontal";"Com Vítimas Feridas";"Amanhecer";"Decrescente";"Ceu Claro";"Simples";"Curva";"Rural";2;0;0;1;1;0;1;2
83460608;"30/04/16";"Sábado";"06:45:00";"PB";230;"136,6";"CAMPINA GRANDE";"Velocidade incompatível";"Capotamento";"Com Vítimas Feridas";"Amanhecer";"Crescente";"Nublado";"Dupla";"Reta";"Rural";1;0;1;0;0;0;1;1
83460609;"26/04/16";"Terça";"10:30:00";"ES";447;"12,5";"VILA VELHA";"Desobediência à sinalização";"Colisão com bicicleta";"Com Vítimas Feridas";"Pleno dia";"Decrescente";"Ceu Claro";"Simples";"Reta";"Urbano";4;0;2;0;2;0;2;2
83460610;"27/04/16";"Quarta";"18:20:00";"MG";365;"628";"UBERLANDIA";"Não guardar distância de segurança";"Colisão traseira";"Sem Vítimas";"Plena noite";"Crescente";"Nublado";"Dupla";"Reta";"Urbano";4;0;0;0;2;2;0;4
83460611;"30/04/16";"Sábado";"04:30:00";"RN";427;"19,5";"ACARI";"Outras";"Colisão lateral";"Com Vítimas Feridas";"Plena noite";"Crescente";"Ceu Claro";"Simples";"Reta";"Rural";2;0;0;1;1;0;1;2
83460612;"29/04/16";"Sexta";"22:00:00";"RJ";356;"174";"CAMPOS DOS GOYTACAZES";"Falta de atenção";"Colisão traseira";"Com Vítimas Feridas";"Plena noite";"Decrescente";"Chuva";"Simples";"Reta";"Rural";2;0;0;1;1;0;1;2
83460613;"30/04/16";"Sábado";"07:30:00";"PR";277;"634";"CEU AZUL";"Outras";"Saída de Pista";"Com Vítimas Feridas";"Pleno dia";"Crescente";"Ceu Claro";"Simples";"Reta";"Rural";1;0;1;0;0;0;1;1
83460614;"30/04/16";"Sábado";"00:10:00";"MG";381;"681";"PERDOES";"Outras";"Queda de motocicleta / bicicleta / veículo";"Ignorado";"Plena noite";"Decrescente";"Nublado";"Dupla";"Reta";"Rural";1;0;0;0;0;1;0;1
83460615;"28/04/16";"Quinta";"09:30:00";"BA";324;"518";"FEIRA DE SANTANA";"Outras";"Danos Eventuais";"Com Vítimas Feridas";"Pleno dia";"Decrescente";"Sol";"Dupla";"Reta";"Urbano";2;0;1;0;1;0;1;1
83460616;"26/04/16";"Terça";"23:00:00";"MG";50;"21";"ARAGUARI";"Outras";"Saída de Pista";"Ignorado";"Plena noite";"Crescente";"Chuva";"Dupla";"Reta";"Rural";1;0;0;0;0;1;0;1
83460617;"26/04/16";"Terça";"13:30:00";"ES";262;"7,2";"CARIACICA";"Falta de atenção";"Colisão lateral";"Com Vítimas Feridas";"Pleno dia";"Decrescente";"Sol";"Múltipla";"Curva";"Urbano";2;0;0;1;1;0;1;2
83460618;"20/04/16";"Quarta";"19:40:00";"BA";101;"370";"GANDU";"Falta de atenção";"Colisão Transversal";"Sem Vítimas";"Plena noite";"Crescente";"Ceu Claro";"Simples";"Reta";"Urbano";2;0;0;0;2;0;0;2
83460619;"27/04/16";"Quarta";"02:00:00";"MT";70;"155,1";"GENERAL CARNEIRO";"Velocidade incompatível";"Colisão lateral";"Sem Vítimas";"Plena noite";"Crescente";"Ignorada";"Simples";"Reta";"Urbano";2;0;0;0;2;0;0;2
83460620;"30/04/16";"Sábado";"06:20:00";"ES";101;"265";"SERRA";"Velocidade incompatível";"Colisão com objeto fixo";"Sem Vítimas";"Amanhecer";"Decrescente";"Ceu Claro";"Simples";"Curva";"Urbano";1;0;0;0;1;0;0;1
83460621;"26/04/16";"Terça";"17:30:00";"MG";153;"0,7";"ARAPORA";"Velocidade incompatível";"Saída de Pista";"Sem Vítimas";"Anoitecer";"Decrescente";"Chuva";"Dupla";"Reta";"Rural";1;0;0;0;1;0;0;1
83460622;"26/04/16";"Terça";"22:15:00";"RJ";101;"487";"ANGRA DOS REIS";"Falta de atenção";"Colisão traseira";"Com Vítimas Feridas";"Plena noite";"Crescente";"Ceu Claro";"Simples";"Reta";"Rural";3;0;2;0;0;1;2;2
83460623;"30/04/16";"Sábado";"08:15:00";"ES";101;"350";"ANCHIETA";"Defeito na via";"Queda de motocicleta / bicicleta / veículo";"Com Vítimas Feridas";"Pleno dia";"Decrescente";"Sol";"Simples";"Reta";"Rural";1;0;1;0;0;0;1;1
83460624;"25/04/16";"Segunda";"08:00:00";"SP";116;"110,5";"TAUBATE";"Defeito mecânico em veículo";"Capotamento";"Sem Vítimas";"Pleno dia";"Crescente";"Ceu Claro";"Dupla";"Reta";"Urbano";1;0;0;0;1;0;0;1
83460625;"29/04/16";"Sexta";"08:30:00";"MG";381;"700,3";"LAVRAS";"Velocidade incompatível";"Saída de Pista";"Com Vítimas Feridas";"Pleno dia";"Decrescente";"Chuva";"Dupla";"Reta";"Rural";3;0;1;0;2;0;1;1
83460626;"26/04/16";"Terça";"18:00:00";"PR";476;"121";"COLOMBO";"Falta de atenção";"Colisão lateral";"Com Vítimas Feridas";"Anoitecer";"Decrescente";"Ceu Claro";"Múltipla";"Reta";"Urbano";2;0;1;0;1;0;1;2
83460627;"30/04/16";"Sábado";"09:00:00";"BA";324;"616";"SALVADOR";"Outras";"Queda de motocicleta / bicicleta / veículo";"Com Vítimas Feridas";"Pleno dia";"Decrescente";"Ceu Claro";"Simples";"Reta";"Urbano";1;0;1;0;0;0;1;1
83460628;"22/04/16";"Sexta";"19:45:00";"ES";259;"8";"JOAO NEIVA";"Outras";"Tombamento";"Com Vítimas Feridas";"Plena noite";"Crescente";"Ceu Claro";"Simples";"Reta";"Rural";3;0;3;0;0;0;3;1
83460630;"30/04/16";"Sábado";"07:15:00";"SP";116;"289";"ITAPECERICA DA SERRA";"Não guardar distância de segurança";"Colisão lateral";"Com Vítimas Feridas";"Pleno dia";"Decrescente";"Sol";"Dupla";"Reta";"Rural";4;0;1;0;3;0;1;3
83460631;"30/04/16";"Sábado";"05:50:00";"MG";40;"653";"CRISTIANO OTONI";"Dormindo";"Colisão com objeto fixo";"Ignorado";"Amanhecer";"Decrescente";"Nublado";"Simples";"Curva";"Rural";1;0;0;0;0;1;0;1
83460632;"30/04/16";"Sábado";"10:00:00";"RJ";101;"267";"RIO BONITO";"Outras";"Queda de motocicleta / bicicleta / veículo";"Com Vítimas Feridas";"Pleno dia";"Crescente";"Nublado";"Dupla";"Reta";"Rural";1;0;1;0;0;0;1;1
83460633;"30/04/16";"Sábado";"09:30:00";"SC";101;"216";"PALHOCA";"Outras";"Colisão Transversal";"Com Vítimas Feridas";"Pleno dia";"Crescente";"Ceu Claro";"Múltipla";"Cruzamento";"Urbano";2;0;0;1;1;0;1;2
83460634;"30/04/16";"Sábado";"07:30:00";"RS";293;"3,8";"PELOTAS";"Outras";"Colisão traseira";"Com Vítimas Feridas";"Pleno dia";"Crescente";"Ceu Claro";"Simples";"Reta";"Urbano";2;0;1;0;1;0;1;2
83460635;"30/04/16";"Sábado";"09:30:00";"SC";101;"128,6";"BALNEARIO CAMBORIU";"Defeito mecânico em veículo";"Colisão com objeto fixo";"Sem Vítimas";"Pleno dia";"Crescente";"Ceu Claro";"Dupla";"Reta";"Urbano";1;0;0;0;1;0;0;1
83460636;"30/04/16";"Sábado";"09:00:00";"PR";163;"79,5";"PLANALTO";"Velocidade incompatível";"Saída de Pista";"Com Vítimas Feridas";"Pleno dia";"Decrescente";"Ceu Claro";"Simples";"Reta";"Rural";1;0;1;0;0;0;1;1
83460637;"27/04/16";"Quarta";"21:30:00";"MG";267;"208";"BOM JARDIM DE MINAS";"Falta de atenção";"Colisão Transversal";"Com Vítimas Feridas";"Plena noite";"Decrescente";"Nublado";"Simples";"Reta";"Rural";2;0;2;0;0;0;2;2
83460638;"26/04/16";"Terça";"07:30:00";"CE";116;"14";"FORTALEZA";"Outras";"Tombamento";"Sem Vítimas";"Pleno dia";"Decrescente";"Ceu Claro";"Simples";"Curva";"Urbano";1;0;0;0;1;0;0;1
83460639;"30/04/16";"Sábado";"07:50:00";"RO";364;"345,5";"JI-PARANA";"Outras";"Colisão traseira";"Com Vítimas Feridas";"Pleno dia";"Decrescente";"Ceu Claro";"Simples";"Reta";"Urbano";7;0;2;1;4;0;3;4
83460640;"05/03/16";"Sábado";"11:30:00";"PE";232;"94";"BEZERROS";"Outras";"Queda de motocicleta / bicicleta / veículo";"Com Vítimas Feridas";"Pleno dia";"Crescente";"Ignorada";"Dupla";"Reta";"Rural";1;0;1;0;0;0;1;1
83460641;"30/04/16";"Sábado";"08:40:00";"SP";153;"188,4";"LINS";"Falta de atenção";"Colisão lateral";"Com Vítimas Feridas";"Pleno dia";"Decrescente";"Ceu Claro";"Simples";"Reta";"Rural";2;0;1;0;1;0;1;2
83460642;"30/04/16";"Sábado";"08:30:00";"RS";153;"44,4";"ERECHIM";"Falta de atenção";"Colisão Transversal";"Sem Vítimas";"Pleno dia";"Decrescente";"Ceu Claro";"Simples";"Cruzamento";"Urbano";2;0;0;0;2;0;0;2
83460643;"30/04/16";"Sábado";"07:20:00";"MS";262;"9";"TRES LAGOAS";"Falta de atenção";"Colisão Transversal";"Com Vítimas Feridas";"Pleno dia";"Decrescente";"Sol";"Simples";"Reta";"Urbano";3;0;1;0;2;0;1;3
83460644;"30/04/16";"Sábado";"10:20:00";"PA";316;"10,7";"MARITUBA";"Falta de atenção";"Colisão lateral";"Com Vítimas Feridas";"Pleno dia";"Crescente";"Sol";"Dupla";"Reta";"Urbano";3;0;2;0;1;0;2;2
83460645;"29/04/16";"Sexta";"23:00:00";"MG";365;"567,2";"ESTRELA DO SUL";"Dormindo";"Colisão frontal";"Com Vítimas Fatais";"Plena noite";"Crescente";"Ceu Claro";"Simples";"Reta";"Rural";3;2;0;0;1;0;0;2
83460646;"30/04/16";"Sábado";"10:30:00";"RS";470;"236";"CARLOS BARBOSA";"Falta de atenção";"Colisão Transversal";"Sem Vítimas";"Pleno dia";"Decrescente";"Nublado";"Simples";"Curva";"Rural";2;0;0;0;2;0;0;2
83460647;"27/04/16";"Quarta";"12:00:00";"SP";381;"61";"MAIRIPORA";"Velocidade incompatível";"Colisão com objeto fixo";"Sem Vítimas";"Pleno dia";"Crescente";"Nublado";"Dupla";"Curva";"Rural";1;0;0;0;1;0;0;1
83460648;"30/04/16";"Sábado";"07:45:00";"SC";282;"566,2";"NOVA ERECHIM";"Falta de atenção";"Atropelamento de pessoa";"Com Vítimas Feridas";"Pleno dia";"Decrescente";"Sol";"Simples";"Reta";"Urbano";2;0;0;1;1;0;1;1
83460649;"28/04/16";"Quinta";"18:00:00";"BA";324;"537";"AMELIA RODRIGUES";"Falta de atenção";"Colisão Transversal";"Sem Vítimas";"Anoitecer";"Crescente";"Ceu Claro";"Múltipla";"Reta";"Rural";2;0;0;0;2;0;0;2
83460650;"18/04/16";"Segunda";"18:30:00";"RJ";393;"292";"VOLTA REDONDA";"Falta de atenção";"Colisão Transversal";"Com Vítimas Feridas";"Plena noite";"Crescente";"Ceu Claro";"Múltipla";"Cruzamento";"Urbano";2;0;1;0;1;0;1;2
83460651;"30/04/16";"Sábado";"06:30:00";"MG";354;"736";"POUSO ALTO";"Velocidade incompatível";"Saída de Pista";"Sem Vítimas";"Amanhecer";"Decrescente";"Chuva";"Simples";"Curva";"Rural";1;0;0;0;1;0;0;1
83460652;"30/04/16";"Sábado";"07:00:00";"PR";116;"103,9";"SAO JOSE DOS PINHAIS";"Outras";"Tombamento";"Sem Vítimas";"Pleno dia";"Decrescente";"Nublado";"Dupla";"Reta";"Rural";1;0;0;0;1;0;0;1
83460654;"30/04/16";"Sábado";"07:00:00";"RO";364;"42";"VILHENA";"Defeito na via";"Saída de Pista";"Sem Vítimas";"Pleno dia";"Crescente";"Ceu Claro";"Simples";"Reta";"Rural";2;0;0;0;2;0;0;1
83460655;"30/04/16";"Sábado";"08:30:00";"MG";381;"866";"POUSO ALEGRE";"Outras";"Tombamento";"Com Vítimas Feridas";"Pleno dia";"Decrescente";"Nublado";"Dupla";"Reta";"Rural";1;0;1;0;0;0;1;1
83460656;"30/04/16";"Sábado";"08:00:00";"MG";381;"866,5";"POUSO ALEGRE";"Defeito mecânico em veículo";"Saída de Pista";"Sem Vítimas";"Pleno dia";"Decrescente";"Ceu Claro";"Dupla";"Reta";"Rural";1;0;0;0;1;0;0;1
83460657;"30/04/16";"Sábado";"08:50:00";"MG";116;"670";"MIRADOURO";"Outras";"Queda de motocicleta / bicicleta / veículo";"Com Vítimas Feridas";"Pleno dia";"Decrescente";"Chuva";"Simples";"Curva";"Rural";2;0;2;0;0;0;2;1
83460658;"30/04/16";"Sábado";"01:40:00";"RJ";101;"463";"ANGRA DOS REIS";"Dormindo";"Saída de Pista";"Com Vítimas Feridas";"Plena noite";"Crescente";"Nublado";"Simples";"Curva";"Urbano";1;0;1;0;0;0;1;1
83460659;"30/04/16";"Sábado";"08:10:00";"ES";262;"6,2";"CARIACICA";"Falta de atenção";"Colisão Transversal";"Com Vítimas Feridas";"Pleno dia";"Crescente";"Ceu Claro";"Dupla";"Reta";"Urbano";3;0;3;0;0;0;3;2
83460660;"30/04/16";"Sábado";"11:23:00";"AL";316;"85,7";"SANTANA DO IPANEMA";"Falta de atenção";"Colisão Transversal";"Sem Vítimas";"Pleno dia";"Crescente";"Ceu Claro";"Dupla";"Reta";"Urbano";2;0;0;0;2;0;0;2
83460661;"26/04/16";"Terça";"23:30:00";"DF";20;"7";"BRASILIA";"Ingestão de álcool";"Capotamento";"Com Vítimas Feridas";"Plena noite";"Crescente";"Nublado";"Dupla";"Reta";"Rural";2;0;1;0;1;0;1;1
83460662;"28/04/16";"Quinta";"01:40:00";"SP";116;"168,3";"JACAREI";"Outras";"Colisão traseira";"Sem Vítimas";"Plena noite";"Decrescente";"Ceu Claro";"Dupla";"Reta";"Urbano";2;0;0;0;2;0;0;2
83460663;"12/04/16";"Terça";"14:00:00";"SC";101;"117";"ITAJAI";"Outras";"Colisão Transversal";"Com Vítimas Feridas";"Pleno dia";"Decrescente";"Ignorada";"Dupla";"Reta";"Urbano";2;0;1;0;1;0;1;2
83460664;"30/04/16";"Sábado";"10:10:00";"PE";101;"68,3";"RECIFE";"Ultrapassagem indevida";"Colisão lateral";"Com Vítimas Feridas";"Pleno dia";"Decrescente";"Ceu Claro";"Dupla";"Reta";"Urbano";4;0;1;0;3;0;1;3
83460665;"27/04/16";"Quarta";"01:20:00";"MG";40;"612";"CONGONHAS";"Outras";"Incêndio";"Sem Vítimas";"Plena noite";"Decrescente";"Ceu Claro";"Simples";"Reta";"Urbano";1;0;0;0;1;0;0;1
83460667;"30/04/16";"Sábado";"09:25:00";"RS";468;"109,2";"TRES PASSOS";"Falta de atenção";"Colisão Transversal";"Com Vítimas Feridas";"Pleno dia";"Decrescente";"Ceu Claro";"Simples";"Curva";"Rural";3;0;2;0;1;0;2;2
83460668;"30/04/16";"Sábado";"11:50:00";"PR";158;"523,9";"PATO BRANCO";"Outras";"Colisão lateral";"Com Vítimas Feridas";"Pleno dia";"Decrescente";"Ceu Claro";"Simples";"Curva";"Urbano";2;0;0;1;0;1;1;2
83460669;"26/04/16";"Terça";"08:30:00";"SP";381;"65";"MAIRIPORA";"Falta de atenção";"Colisão com objeto fixo";"Sem Vítimas";"Pleno dia";"Crescente";"Sol";"Dupla";"Reta";"Urbano";1;0;0;0;1;0;0;1
83460670;"30/04/16";"Sábado";"11:00:00";"MG";40;"433";"PARAOPEBA";"Defeito mecânico em veículo";"Saída de Pista";"Sem Vítimas";"Amanhecer";"Crescente";"Ceu Claro";"Dupla";"Curva";"Rural";1;0;0;0;1;0;0;1
83460671;"30/04/16";"Sábado";"07:35:00";"MG";381;"885";"ESTIVA";"Falta de atenção";"Colisão com objeto fixo";"Sem Vítimas";"Pleno dia";"Decrescente";"Ceu Claro";"Dupla";"Reta";"Rural";1;0;0;0;1;0;0;1
83460672;"30/04/16";"Sábado";"10:06:00";"MG";381;"168,9";"GOVERNADOR VALADARES";"Animais na Pista";"Atropelamento de animal";"Com Vítimas Feridas";"Pleno dia";"Crescente";"Ceu Claro";"Simples";"Reta";"Rural";1;0;1;0;0;0;1;1
83460673;"30/04/16";"Sábado";"13:30:00";"RJ";40;"84";"PETROPOLIS";"Velocidade incompatível";"Saída de Pista";"Sem Vítimas";"Pleno dia";"Decrescente";"Chuva";"Simples";"Curva";"Urbano";1;0;0;0;1;0;0;1
83460674;"30/04/16";"Sábado";"10:00:00";"RN";101;"83";"SAO GONCALO DO AMARANTE";"Não guardar distância de segurança";"Colisão lateral";"Com Vítimas Feridas";"Pleno dia";"Crescente";"Sol";"Dupla";"Reta";"Urbano";2;0;1;0;1;0;1;2
83460676;"30/04/16";"Sábado";"11:15:00";"PR";163;"154";"SANTA LUCIA";"Não guardar distância de segurança";"Colisão traseira";"Sem Vítimas";"Pleno dia";"Crescente";"Ceu Claro";"Simples";"Reta";"Rural";2;0;0;0;2;0;0;2