"id";"data_inversa";"dia_semana";"horario";"uf";"br";"km";"municipio";"causa_acidente";"tipo_acidente";"classificacao_acidente";"fase_dia";"sentido_via";"condicao_metereologica";"tipo_pista";"tracado_via";"uso_solo";"pessoas";"mortos";"feridos_leves";"feridos_graves";"ilesos";"ignorados";"feridos";"veiculos"
83460677;"30/04/16";"Sábado";"12:20:00";"SE";235;"1";"ARACAJU";"Ingestão de álcool";"Colisão traseira";"Com Vítimas Feridas";"Pleno dia";"Decrescente";"Ceu Claro";"Dupla";"Reta";"Urbano";2;0;0;1;1;0;1;2
83460678;"30/04/16";"Sábado";"08:50:00";"RO";319;"57,2";"PORTO VELHO";"Velocidade incompatível";"Saída de Pista";"Com Vítimas Feridas";"Pleno dia";"Decrescente";"Sol";"Simples";"Curva";"Urbano";2;0;2;0;0;0;2;1
83460679;"30/04/16";"Sábado";"10:30:00";"PR";116;"119";"CURITIBA";"Falta de atenção";"Colisão Transversal";"Com Vítimas Feridas";"Pleno dia";"Crescente";"Ceu Claro";"Dupla";"Reta";"Rural";2;0;1;0;0;1;1;2
83460680;"30/04/16";"Sábado";"09:20:00";"CE";116;"25,3";"ITAITINGA";"Desobediência à sinalização";"Colisão Transversal";"Com Vítimas Feridas";"Pleno dia";"Decrescente";"Ceu Claro";"Dupla";"Reta";"Urbano";2;0;1;0;1;0;1;2
83460681;"30/04/16";"Sábado";"10:10:00";"BA";116;"421";"FEIRA DE SANTANA";"Desobediência à sinalização";"Colisão Transversal";"Com Vítimas Feridas";"Pleno dia";"Crescente";"Ceu Claro";"Simples";"Reta";"Urbano";2;0;0;1;1;0;1;2
83460682;"30/04/16";"Sábado";"10:25:00";"RS";392;"333,8";"SANTA MARIA";"Defeito mecânico em veículo";"Saída de Pista";"Sem Vítimas";"Pleno dia";"Decrescente";"Sol";"Simples";"Reta";"Rural";1;0;0;0;1;0;0;1
83460683;"30/04/16";"Sábado";"13:30:00";"RS";285;"459,8";"IJUI";"Falta de atenção";"Colisão Transversal";"Sem Vítimas";"Pleno dia";"Decrescente";"Ceu Claro";"Simples";"Cruzamento";"Urbano";2;0;0;0;2;0;0;2
83460684;"30/04/16";"Sábado";"07:15:00";"PR";369;"171";"ROLANDIA";"Outras";"Colisão traseira";"Com Vítimas Feridas";"Pleno dia";"Decrescente";"Sol";"Simples";"Reta";"Urbano";2;0;0;1;1;0;1;2
83460686;"30/04/16";"Sábado";"01:30:00";"RS";285;"329,7";"CARAZINHO";"Velocidade incompatível";"Saída de Pista";"Ignorado";"Plena noite";"Crescente";"Ceu Claro";"Simples";"Curva";"Rural";1;0;0;0;0;1;0;1
83460687;"30/04/16";"Sábado";"08:00:00";"PR";476;"120";"COLOMBO";"Falta de atenção";"Colisão com objeto fixo";"Sem Vítimas";"Pleno dia";"Crescente";"Ceu Claro";"Dupla";"Reta";"Urbano";1;0;0;0;1;0;0;1
83460688;"30/04/16";"Sábado";"13:47:00";"PA";316;"61";"CASTANHAL";"Desobediência à sinalização";"Colisão Transversal";"Sem Vítimas";"Pleno dia";"Decrescente";"Ceu Claro";"Dupla";"Cruzamento";"Urbano";2;0;0;0;2;0;0;2
83460689;"30/04/16";"Sábado";"12:30:00";"PR";277;"32";"MORRETES";"Velocidade incompatível";"Tombamento";"Com Vítimas Feridas";"Pleno dia";"Crescente";"Ceu Claro";"Dupla";"Curva";"Rural";1;0;0;1;0;0;1;1
83460690;"30/04/16";"Sábado";"10:10:00";"MT";364;"255";"JUSCIMEIRA";"Falta de atenção";"Colisão traseira";"Sem Vítimas";"Pleno dia";"Crescente";"Sol";"Simples";"Reta";"Rural";3;0;0;0;3;0;0;3
83460691;"30/04/16";"Sábado";"09:00:00";"MT";70;"15,1";"PRIMAVERA DO LESTE";"Ultrapassagem indevida";"Colisão lateral";"Com Vítimas Feridas";"Pleno dia";"Decrescente";"Ceu Claro";"Simples";"Reta";"Rural";2;0;2;0;0;0;2;2
83460693;"30/04/16";"Sábado";"09:30:00";"PI";343;"12,2";"PARNAIBA";"Falta de atenção";"Colisão com bicicleta";"Com Vítimas Feridas";"Pleno dia";"Crescente";"Sol";"Dupla";"Cruzamento";"Urbano";2;0;1;0;1;0;1;2
83460694;"30/04/16";"Sábado";"14:30:00";"RN";101;"104,3";"PARNAMIRIM";"Não guardar distância de segurança";"Colisão lateral";"Sem Vítimas";"Pleno dia";"Crescente";"Ceu Claro";"Dupla";"Reta";"Urbano";2;0;0;0;1;1;0;2
83460695;"26/04/16";"Terça";"18:40:00";"SP";459;"30,5";"LORENA";"Falta de atenção";"Colisão com bicicleta";"Com Vítimas Feridas";"Plena noite";"Crescente";"Nublado";"Dupla";"Reta";"Urbano";2;0;0;1;1;0;1;2
83460696;"30/04/16";"Sábado";"10:30:00";"PE";232;"178,6";"BELO JARDIM";"Outras";"Atropelamento de pessoa";"Com Vítimas Fatais";"Pleno dia";"Decrescente";"Ceu Claro";"Simples";"Reta";"Urbano";2;1;0;0;1;0;0;1
83460697;"27/04/16";"Quarta";"07:20:00";"PE";232;"67,1";"GRAVATA";"Não guardar distância de segurança";"Colisão traseira";"Com Vítimas Feridas";"Pleno dia";"Crescente";"Ceu Claro";"Simples";"Reta";"Rural";6;0;4;0;2;0;4;2
83460698;"28/04/16";"Quinta";"18:00:00";"MS";158;"290";"TRES LAGOAS";"Defeito mecânico em veículo";"Colisão traseira";"Sem Vítimas";"Plena noite";"Decrescente";"Ceu Claro";"Dupla";"Reta";"Rural";3;0;0;0;3;0;0;3
83460699;"27/04/16";"Quarta";"05:50:00";"MG";267;"277,9";"AIURUOCA";"Velocidade incompatível";"Saída de Pista";"Sem Vítimas";"Amanhecer";"Crescente";"Chuva";"Simples";"Curva";"Rural";1;0;0;0;1;0;0;1
83460700;"27/04/16";"Quarta";"17:40:00";"MG";381;"402";"BOM JESUS DO AMPARO";"Velocidade incompatível";"Tombamento";"Com Vítimas Feridas";"Plena noite";"Decrescente";"Chuva";"Simples";"Curva";"Rural";1;0;1;0;0;0;1;1
83460701;"30/04/16";"Sábado";"12:10:00";"RO";319;"61";"PORTO VELHO";"Falta de atenção";"Colisão Transversal";"Com Vítimas Feridas";"Pleno dia";"Decrescente";"Ceu Claro";"Dupla";"Reta";"Urbano";2;0;1;0;1;0;1;2
83460702;"30/04/16";"Sábado";"14:20:00";"PI";343;"332";"TERESINA";"Ultrapassagem indevida";"Colisão lateral";"Com Vítimas Feridas";"Pleno dia";"Decrescente";"Sol";"Simples";"Reta";"Rural";2;0;1;0;1;0;1;2
83460703;"30/04/16";"Sábado";"16:00:00";"RS";290;"97";"PORTO ALEGRE";"Falta de atenção";"Colisão traseira";"Com Vítimas Feridas";"Pleno dia";"Decrescente";"Ceu Claro";"Dupla";"Reta";"Urbano";2;0;1;0;1;0;1;2
83460705;"30/04/16";"Sábado";"12:45:00";"BA";242;"893";"LUIS EDUARDO MAGALHAES";"Velocidade incompatível";"Colisão Transversal";"Com Vítimas Feridas";"Pleno dia";"Decrescente";"Ceu Claro";"Simples";"Reta";"Urbano";2;0;1;0;1;0;1;2
83460706;"28/04/16";"Quinta";"11:50:00";"PI";343;"345,5";"TERESINA";"Outras";"Colisão frontal";"Com Vítimas Feridas";"Pleno dia";"Crescente";"Sol";"Dupla";"Reta";"Urbano";2;0;0;1;1;0;1;2
83460707;"27/04/16";"Quarta";"06:30:00";"BA";101;"623";"MASCOTE";"Outras";"Colisão com objeto móvel";"Com Vítimas Feridas";"Pleno dia";"Crescente";"Sol";"Simples";"Curva";"Rural";1;0;0;1;0;0;1;1
83460708;"30/04/16";"Sábado";"15:39:00";"RS";290;"720";"URUGUAIANA";"Ingestão de álcool";"Colisão frontal";"Sem Vítimas";"Pleno dia";"Decrescente";"Ceu Claro";"Simples";"Curva";"Urbano";2;0;0;0;2;0;0;2
83460709;"30/04/16";"Sábado";"14:10:00";"PR";376;"178,7";"MARINGA";"Não guardar distância de segurança";"Colisão traseira";"Sem Vítimas";"Pleno dia";"Crescente";"Ceu Claro";"Dupla";"Reta";"Urbano";3;0;0;0;3;0;0;3
83460711;"30/04/16";"Sábado";"14:30:00";"RS";386;"299";"POUSO NOVO";"Velocidade incompatível";"Tombamento";"Sem Vítimas";"Pleno dia";"Crescente";"Ceu Claro";"Simples";"Curva";"Rural";1;0;0;0;1;0;0;1
83460712;"30/04/16";"Sábado";"15:39:00";"SP";116;"504,8";"CAJATI";"Dormindo";"Tombamento";"Sem Vítimas";"Pleno dia";"Crescente";"Sol";"Simples";"Curva";"Rural";1;0;0;0;1;0;0;1
83460713;"30/04/16";"Sábado";"16:15:00";"GO";60;"93,6";"ANAPOLIS";"Ingestão de álcool";"Colisão com objeto fixo";"Sem Vítimas";"Pleno dia";"Decrescente";"Ceu Claro";"Dupla";"Curva";"Urbano";3;0;0;0;3;0;0;1
83460714;"30/04/16";"Sábado";"14:10:00";"SC";280;"31,8";"ARAQUARI";"Falta de atenção";"Colisão Transversal";"Com Vítimas Feridas";"Pleno dia";"Crescente";"Sol";"Simples";"Cruzamento";"Rural";2;0;0;1;1;0;1;2
83460715;"30/04/16";"Sábado";"10:30:00";"RN";427;"98";"CAICO";"Não guardar distância de segurança";"Colisão traseira";"Com Vítimas Feridas";"Pleno dia";"Crescente";"Ceu Claro";"Simples";"Curva";"Rural";3;0;1;0;2;0;1;2
83460716;"30/04/16";"Sábado";"16:50:00";"SC";101;"100";"PICARRAS";"Outras";"Saída de Pista";"Com Vítimas Feridas";"Pleno dia";"Crescente";"Sol";"Múltipla";"Reta";"Urbano";1;0;0;1;0;0;1;1
83460717;"30/04/16";"Sábado";"14:30:00";"SP";116;"219";"GUARULHOS";"Falta de atenção";"Colisão lateral";"Sem Vítimas";"Pleno dia";"Crescente";"Sol";"Múltipla";"Reta";"Urbano";3;0;0;0;2;1;0;3
83460718;"20/04/16";"Quarta";"18:15:00";"MG";116;"274";"TEOFILO OTONI";"Animais na Pista";"Atropelamento de animal";"Com Vítimas Feridas";"Plena noite";"Crescente";"Nublado";"Dupla";"Reta";"Urbano";2;0;1;1;0;0;2;1
83460719;"28/04/16";"Quinta";"22:40:00";"PI";343;"14,4";"PARNAIBA";"Ingestão de álcool";"Colisão com objeto fixo";"Sem Vítimas";"Plena noite";"Decrescente";"Ceu Claro";"Dupla";"Reta";"Urbano";2;0;0;0;1;1;0;2
83460721;"30/04/16";"Sábado";"05:50:00";"DF";40;"3";"BRASILIA";"Outras";"Colisão com objeto fixo";"Ignorado";"Amanhecer";"Crescente";"Nevoeiro/neblina";"Dupla";"Reta";"Urbano";1;0;0;0;0;1;0;1
83460723;"26/04/16";"Terça";"19:40:00";"MG";381;"713,7";"CARMO DA CACHOEIRA";"Outras";"Colisão com objeto fixo";"Sem Vítimas";"Plena noite";"Crescente";"Nublado";"Dupla";"Curva";"Rural";1;0;0;0;1;0;0;1
83460724;"30/04/16";"Sábado";"17:40:00";"RS";290;"92";"PORTO ALEGRE";"Falta de atenção";"Colisão lateral";"Sem Vítimas";"Anoitecer";"Crescente";"Ceu Claro";"Dupla";"Reta";"Urbano";2;0;0;0;2;0;0;2
83460725;"24/04/16";"Domingo";"19:00:00";"MG";40;"445";"PARAOPEBA";"Falta de atenção";"Colisão traseira";"Com Vítimas Feridas";"Plena noite";"Crescente";"Ceu Claro";"Dupla";"Reta";"Rural";3;0;1;0;2;0;1;2
83460726;"30/04/16";"Sábado";"15:15:00";"RO";364;"348";"JI-PARANA";"Ingestão de álcool";"Colisão traseira";"Com Vítimas Feridas";"Pleno dia";"Decrescente";"Ceu Claro";"Simples";"Reta";"Urbano";3;0;0;1;2;0;1;2
83460727;"30/04/16";"Sábado";"15:15:00";"RS";386;"377,1";"PAVERAMA";"Velocidade incompatível";"Saída de Pista";"Com Vítimas Feridas";"Pleno dia";"Crescente";"Nublado";"Dupla";"Curva";"Rural";5;0;5;0;0;0;5;1
83460728;"26/04/16";"Terça";"23:10:00";"PR";476;"133,5";"CURITIBA";"Falta de atenção";"Colisão traseira";"Com Vítimas Feridas";"Plena noite";"Crescente";"Chuva";"Múltipla";"Reta";"Urbano";2;0;1;0;1;0;1;2
83460729;"27/04/16";"Quarta";"13:00:00";"BA";101;"591";"CAMACAN";"Outras";"Saída de Pista";"Sem Vítimas";"Pleno dia";"Crescente";"Ceu Claro";"Simples";"Cruzamento";"Rural";1;0;0;0;1;0;0;1
83460730;"27/04/16";"Quarta";"07:15:00";"PR";376;"499";"PONTA GROSSA";"Outras";"Colisão traseira";"Sem Vítimas";"Pleno dia";"Crescente";"Nublado";"Dupla";"Reta";"Urbano";5;0;0;0;5;0;0;5
83460731;"30/04/16";"Sábado";"10:20:00";"MG";262;"835,5";"UBERABA";"Defeito mecânico em veículo";"Saída de Pista";"Com Vítimas Feridas";"Pleno dia";"Decrescente";"Ceu Claro";"Simples";"Reta";"Rural";2;0;1;0;1;0;1;1
83460732;"30/04/16";"Sábado";"16:15:00";"RS";480;"71";"ERECHIM";"Desobediência à sinalização";"Colisão lateral";"Sem Vítimas";"Pleno dia";"Decrescente";"Ceu Claro";"Simples";"Reta";"Urbano";2;0;0;0;1;1;0;2
83460733;"27/04/16";"Quarta";"01:45:00";"SP";116;"86,7";"PINDAMONHANGABA";"Outras";"Atropelamento de pessoa";"Com Vítimas Fatais";"Plena noite";"Decrescente";"Nublado";"Dupla";"Reta";"Urbano";2;1;0;0;1;0;0;1
83460734;"27/04/16";"Quarta";"04:15:00";"MG";381;"692,8";"LAVRAS";"Outras";"Colisão com objeto fixo";"Sem Vítimas";"Plena noite";"Decrescente";"Chuva";"Dupla";"Curva";"Rural";1;0;0;0;1;0;0;1
83460735;"30/04/16";"Sábado";"16:00:00";"RS";116;"171";"CAXIAS DO SUL";"Velocidade incompatível";"Colisão frontal";"Com Vítimas Feridas";"Pleno dia";"Decrescente";"Nublado";"Simples";"Curva";"Rural";3;0;1;1;1;0;2;2
83460736;"26/04/16";"Terça";"21:00:00";"MT";163;"871";"SINOP";"Outras";"Incêndio";"Sem Vítimas";"Plena noite";"Decrescente";"Ceu Claro";"Simples";"Reta";"Rural";1;0;0;0;1;0;0;1
83460737;"26/02/16";"Sexta";"15:45:00";"PR";476;"186";"LAPA";"Não guardar distância de segurança";"Colisão traseira";"Sem Vítimas";"Pleno dia";"Crescente";"Ceu Claro";"Simples";"Reta";"Rural";3;0;0;0;3;0;0;3
83460738;"30/04/16";"Sábado";"15:15:00";"RS";116;"191,3";"NOVA PETROPOLIS";"Outras";"Tombamento";"Com Vítimas Feridas";"Pleno dia";"Crescente";"Nublado";"Simples";"Curva";"Rural";1;0;1;0;0;0;1;1
83460739;"30/04/16";"Sábado";"14:30:00";"RS";153;"44,3";"ERECHIM";"Falta de atenção";"Colisão Transversal";"Sem Vítimas";"Pleno dia";"Decrescente";"Ceu Claro";"Simples";"Curva";"Rural";2;0;0;0;2;0;0;2
83460740;"30/04/16";"Sábado";"15:30:00";"SC";101;"203,8";"SAO JOSE";"Falta de atenção";"Colisão Transversal";"Com Vítimas Feridas";"Pleno dia";"Decrescente";"Ceu Claro";"Múltipla";"Reta";"Urbano";3;0;1;0;2;0;1;2
83460741;"01/04/16";"Sexta";"11:10:00";"RJ";101;"96";"CAMPOS DOS GOYTACAZES";"Outras";"Queda de motocicleta / bicicleta / veículo";"Com Vítimas Feridas";"Pleno dia";"Crescente";"Ceu Claro";"Simples";"Curva";"Urbano";2;0;2;0;0;0;2;1
83460742;"30/04/16";"Sábado";"07:20:00";"CE";222;"272";"FRECHEIRINHA";"Defeito na via";"Saída de Pista";"Com Vítimas Feridas";"Amanhecer";"Crescente";"Ignorada";"Simples";"Reta";"Rural";3;0;0;3;0;0;3;1
83460743;"30/04/16";"Sábado";"17:30:00";"PR";476;"350";"UNIAO DA VITORIA";"Falta de atenção";"Colisão lateral";"Com Vítimas Feridas";"Pleno dia";"Crescente";"Ceu Claro";"Simples";"Reta";"Urbano";2;0;1;0;1;0;1;2
83460744;"30/04/16";"Sábado";"16:50:00";"BA";101;"935";"MUCURI";"Falta de atenção";"Colisão Transversal";"Sem Vítimas";"Pleno dia";"Decrescente";"Sol";"Simples";"Reta";"Urbano";6;0;0;0;6;0;0;2
83460745;"26/04/16";"Terça";"22:30:00";"CE";116;"11";"FORTALEZA";"Animais na Pista";"Atropelamento de animal";"Com Vítimas Feridas";"Plena noite";"Crescente";"Ceu Claro";"Múltipla";"Reta";"Urbano";2;0;2;0;0;0;2;1
83460746;"30/04/16";"Sábado";"10:30:00";"CE";222;"3,5";"FORTALEZA";"Outras";"Queda de motocicleta / bicicleta / veículo";"Com Vítimas Feridas";"Pleno dia";"Crescente";"Ceu Claro";"Múltipla";"Reta";"Urbano";1;0;0;1;0;0;1;1
83460747;"30/04/16";"Sábado";"12:15:00";"MT";70;"403,5";"CAMPO VERDE";"Defeito mecânico em veículo";"Saída de Pista";"Sem Vítimas";"Pleno dia";"Crescente";"Sol";"Simples";"Curva";"Rural";1;0;0;0;1;0;0;1
83460748;"30/04/16";"Sábado";"15:05:00";"SC";282;"555,2";"NOVA ITABERABA";"Falta de atenção";"Colisão traseira";"Sem Vítimas";"Pleno dia";"Crescente";"Ceu Claro";"Simples";"Reta";"Rural";3;0;0;0;3;0;0;2
83460750;"18/04/16";"Segunda";"13:55:00";"PR";476;"279";"SAO MATEUS DO SUL";"Falta de atenção";"Colisão com bicicleta";"Com Vítimas Feridas";"Pleno dia";"Decrescente";"Ceu Claro";"Simples";"Reta";"Urbano";2;0;0;1;1;0;1;2
83460751;"30/04/16";"Sábado";"18:00:00";"MG";153;"236";"FRONTEIRA";"Outras";"Capotamento";"Com Vítimas Feridas";"Anoitecer";"Decrescente";"Ceu Claro";"Simples";"Reta";"Rural";2;0;1;0;1;0;1;1
83460752;"30/04/16";"Sábado";"10:40:00";"MG";40;"731";"OLIVEIRA FORTES";"Velocidade incompatível";"Tombamento";"Com Vítimas Feridas";"Pleno dia";"Decrescente";"Ceu Claro";"Dupla";"Curva";"Rural";2;0;0;1;1;0;1;1
83460753;"30/04/16";"Sábado";"16:50:00";"PR";116;"128,7";"FAZENDA RIO GRANDE";"Velocidade incompatível";"Colisão traseira";"Com Vítimas Feridas";"Pleno dia";"Crescente";"Ceu Claro";"Dupla";"Reta";"Urbano";4;0;1;0;2;1;1;3
83460754;"30/04/16";"Sábado";"15:30:00";"PR";369;"143";"LONDRINA";"Falta de atenção";"Queda de motocicleta / bicicleta / veículo";"Com Vítimas Feridas";"Pleno dia";"Crescente";"Ceu Claro";"Dupla";"Reta";"Urbano";1;0;1;0;0;0;1;1
83460755;"30/04/16";"Sábado";"16:15:00";"SE";101;"95";"NOSSA SENHORA DO SOCORRO";"Ingestão de álcool";"Atropelamento de pessoa";"Com Vítimas Feridas";"Pleno dia";"Decrescente";"Ceu Claro";"Dupla";"Reta";"Rural";2;0;1;0;1;0;1;1
83460756;"30/04/16";"Sábado";"18:20:00";"PR";369;"143,6";"LONDRINA";"Animais na Pista";"Saída de Pista";"Sem Vítimas";"Anoitecer";"Decrescente";"Ceu Claro";"Dupla";"Reta";"Rural";1;0;0;0;1;0;0;1
83460757;"30/04/16";"Sábado";"17:12:00";"MG";40;"589,3";"ITABIRITO";"Desobediência à sinalização";"Colisão frontal";"Com Vítimas Feridas";"Pleno dia";"Crescente";"Nublado";"Simples";"Curva";"Rural";7;0;3;3;1;0;6;2
83460758;"30/04/16";"Sábado";"17:50:00";"PR";158;"205";"PEABIRU";"Defeito mecânico em veículo";"Colisão traseira";"Com Vítimas Feridas";"Plena noite";"Crescente";"Ceu Claro";"Dupla";"Reta";"Rural";2;0;0;1;1;0;1;2
83460759;"30/04/16";"Sábado";"18:05:00";"RO";364;"341,2";"JI-PARANA";"Falta de atenção";"Queda de motocicleta / bicicleta / veículo";"Com Vítimas Feridas";"Anoitecer";"Decrescente";"Ceu Claro";"Simples";"Reta";"Urbano";1;0;1;0;0;0;1;1
83460760;"26/04/16";"Terça";"23:32:00";"GO";153;"291,4";"RIALMA";"Dormindo";"Colisão traseira";"Com Vítimas Feridas";"Plena noite";"Decrescente";"Nublado";"Simples";"Reta";"Rural";2;0;1;0;1;0;1;2
83460761;"30/04/16";"Sábado";"16:30:00";"PB";101;"52,1";"SANTA RITA";"Defeito mecânico em veículo";"Saída de Pista";"Sem Vítimas";"Pleno dia";"Decrescente";"Ceu Claro";"Dupla";"Reta";"Rural";2;0;0;0;2;0;0;1
83460762;"30/04/16";"Sábado";"07:55:00";"DF";20;"16";"BRASILIA";"Velocidade incompatível";"Capotamento";"Com Vítimas Feridas";"Pleno dia";"Crescente";"Nublado";"Dupla";"Reta";"Urbano";5;0;3;0;2;0;3;1
83460763;"30/04/16";"Sábado";"11:35:00";"CE";222;"33,9";"CAUCAIA";"Desobediência à sinalização";"Colisão Transversal";"Com Vítimas Feridas";"Pleno dia";"Decrescente";"Ceu Claro";"Simples";"Curva";"Rural";2;0;1;0;1;0;1;2
83460764;"30/04/16";"Sábado";"10:00:00";"RS";392;"194";"SANTANA DA BOA VISTA";"Velocidade incompatível";"Tombamento";"Com Vítimas Feridas";"Pleno dia";"Decrescente";"Sol";"Simples";"Curva";"Rural";1;0;1;0;0;0;1;1
83460765;"30/04/16";"Sábado";"13:30:00";"ES";101;"414,2";"ITAPEMIRIM";"Ingestão de álcool";"Colisão traseira";"Sem Vítimas";"Pleno dia";"Crescente";"Nublado";"Simples";"Cruzamento";"Rural";2;0;0;0;2;0;0;2
83460766;"30/04/16";"Sábado";"19:02:00";"PE";232;"415,4";"SERRA TALHADA";"Falta de atenção";"Capotamento";"Com Vítimas Feridas";"Plena noite";"Crescente";"Ceu Claro";"Simples";"Reta";"Urbano";3;0;3;0;0;0;3;1
83460767;"30/04/16";"Sábado";"19:10:00";"SC";470;"69";"INDAIAL";"Falta de atenção";"Colisão Transversal";"Sem Vítimas";"Plena noite";"Crescente";"Ceu Claro";"Simples";"Reta";"Urbano";2;0;0;0;2;0;0;2
83460768;"30/04/16";"Sábado";"16:30:00";"AC";364;"123";"RIO BRANCO";"Outras";"Colisão traseira";"Sem Vítimas";"Pleno dia";"Crescente";"Nublado";"Dupla";"Reta";"Urbano";4;0;0;0;4;0;0;2
83460769;"30/04/16";"Sábado";"15:30:00";"RS";158;"140,8";"CONDOR";"Velocidade incompatível";"Colisão frontal";"Com Vítimas Feridas";"Pleno dia";"Crescente";"Nublado";"Simples";"Curva";"Rural";2;0;0;1;1;0;1;2
83460770;"30/04/16";"Sábado";"18:00:00";"PR";277;"0,3";"PARANAGUA";"Ultrapassagem indevida";"Colisão Transversal";"Com Vítimas Feridas";"Anoitecer";"Crescente";"Ceu Claro";"Simples";"Reta";"Urbano";3;0;3;0;0;0;3;2
83460771;"30/04/16";"Sábado";"17:18:00";"RS";290;"577,3";"ALEGRETE";"Falta de atenção";"Tombamento";"Sem Vítimas";"Pleno dia";"Crescente";"Ceu Claro";"Simples";"Reta";"Urbano";2;0;0;0;2;0;0;2
83460772;"30/04/16";"Sábado";"10:40:00";"SC";101;"351";"JAGUARUNA";"Outras";"Queda de motocicleta / bicicleta / veículo";"Com Vítimas Feridas";"Pleno dia";"Decrescente";"Sol";"Dupla";"Reta";"Rural";2;0;2;0;0;0;2;1
83460773;"30/04/16";"Sábado";"19:00:00";"RJ";493;"6";"ITABORAI";"Falta de atenção";"Atropelamento de pessoa";"Com Vítimas Feridas";"Plena noite";"Decrescente";"Chuva";"Simples";"Reta";"Urbano";3;0;0;1;0;2;1;2
83460774;"30/04/16";"Sábado";"16:00:00";"CE";20;"404";"CAUCAIA";"Desobediência à sinalização";"Colisão Transversal";"Com Vítimas Fatais";"Pleno dia";"Crescente";"Ceu Claro";"Dupla";"Reta";"Rural";3;1;0;0;2;0;0;2
83460775;"30/04/16";"Sábado";"13:20:00";"SC";282;"226";"LAGES";"Outras";"Saída de Pista";"Sem Vítimas";"Pleno dia";"Decrescente";"Ceu Claro";"Simples";"Curva";"Rural";1;0;0;0;1;0;0;1
83460776;"30/04/16";"Sábado";"18:20:00";"SP";116;"201";"ARUJA";"Defeito mecânico em veículo";"Queda de motocicleta / bicicleta / veículo";"Com Vítimas Feridas";"Plena noite";"Crescente";"Ceu Claro";"Dupla";"Reta";"Urbano";2;0;1;0;1;0;1;1
83460777;"30/04/16";"Sábado";"19:30:00";"ES";101;"266";"SERRA";"Não guardar distância de segurança";"Colisão traseira";"Sem Vítimas";"Plena noite";"Decrescente";"Ceu Claro";"Múltipla";"Reta";"Urbano";2;0;0;0;2;0;0;2
83460778;"30/04/16";"Sábado";"18:00:00";"AC";364;"126";"RIO BRANCO";"Falta de atenção";"Colisão lateral";"Com Vítimas Feridas";"Plena noite";"Decrescente";"Ceu Claro";"Simples";"Curva";"Urbano";3;0;1;0;2;0;1;3
83460779;"30/04/16";"Sábado";"16:45:00";"PE";424;"92,5";"GARANHUNS";"Não guardar distância de segurança";"Colisão lateral";"Sem Vítimas";"Pleno dia";"Crescente";"Nublado";"Simples";"Reta";"Urbano";2;0;0;0;2;0;0;2
83460780;"30/04/16";"Sábado";"19:30:00";"SP";153;"55,9";"SAO JOSE DO RIO PRETO";"Falta de atenção";"Colisão traseira";"Sem Vítimas";"Plena noite";"Decrescente";"Ceu Claro";"Simples";"Cruzamento";"Urbano";3;0;0;0;2;1;0;3
83460782;"26/04/16";"Terça";"11:40:00";"SP";153;"23";"NOVA GRANADA";"Não guardar distância de segurança";"Colisão traseira";"Com Vítimas Feridas";"Pleno dia";"Crescente";"Nublado";"Simples";"Reta";"Rural";3;0;1;0;2;0;1;3
83460784;"30/04/16";"Sábado";"19:15:00";"CE";222;"221";"SOBRAL";"Ingestão de álcool";"Colisão lateral";"Com Vítimas Feridas";"Plena noite";"Crescente";"Ceu Claro";"Simples";"Cruzamento";"Urbano";2;0;0;1;1;0;1;2
83460785;"30/04/16";"Sábado";"16:00:00";"ES";101;"25";"CONCEICAO DA BARRA";"Ultrapassagem indevida";"Colisão frontal";"Com Vítimas Fatais";"Pleno dia";"Crescente";"Ceu Claro";"Simples";"Reta";"Rural";6;1;0;1;4;0;1;3
83460786;"30/04/16";"Sábado";"18:20:00";"SC";101;"69";"ARAQUARI";"Dormindo";"Colisão traseira";"Sem Vítimas";"Plena noite";"Crescente";"Ceu Claro";"Múltipla";"Reta";"Rural";2;0;0;0;2;0;0;2
83460787;"30/04/16";"Sábado";"17:05:00";"SC";101;"25,8";"JOINVILLE";"Falta de atenção";"Colisão traseira";"Sem Vítimas";"Pleno dia";"Decrescente";"Ceu Claro";"Dupla";"Reta";"Urbano";3;0;0;0;3;0;0;2
83460788;"30/04/16";"Sábado";"17:00:00";"GO";40;"10";"LUZIANIA";"Desobediência à sinalização";"Colisão Transversal";"Com Vítimas Feridas";"Pleno dia";"Crescente";"Ceu Claro";"Dupla";"Reta";"Urbano";3;0;2;0;0;1;2;2
83460789;"30/04/16";"Sábado";"19:20:00";"PR";376;"587,5";"CURITIBA";"Falta de atenção";"Colisão traseira";"Com Vítimas Feridas";"Plena noite";"Crescente";"Ceu Claro";"Dupla";"Reta";"Rural";5;0;2;2;0;1;4;2
83460790;"30/04/16";"Sábado";"20:00:00";"PB";230;"480";"MARIZOPOLIS";"Falta de atenção";"Colisão frontal";"Com Vítimas Feridas";"Plena noite";"Crescente";"Ceu Claro";"Simples";"Reta";"Urbano";2;0;1;0;1;0;1;2
83460791;"30/04/16";"Sábado";"15:30:00";"SC";470;"115,3";"IBIRAMA";"Outras";"Colisão lateral";"Com Vítimas Feridas";"Pleno dia";"Decrescente";"Ceu Claro";"Simples";"Reta";"Rural";2;0;2;0;0;0;2;2
83460792;"30/04/16";"Sábado";"18:30:00";"MS";60;"462";"SIDROLANDIA";"Animais na Pista";"Atropelamento de animal";"Com Vítimas Feridas";"Plena noite";"Decrescente";"Nublado";"Simples";"Reta";"Rural";2;0;2;0;0;0;2;1