"id";"data_inversa";"dia_semana";"horario";"uf";"br";"km";"municipio";"causa_acidente";"tipo_acidente";"classificacao_acidente";"fase_dia";"sentido_via";"condicao_metereologica";"tipo_pista";"tracado_via";"uso_solo";"pessoas";"mortos";"feridos_leves";"feridos_graves";"ilesos";"ignorados";"feridos";"veiculos"
83460900;"28/04/16";"Quinta";"02:30:00";"MG";381;"788,9";"SAO GONCALO DO SAPUCAI";"Dormindo";"Saída de Pista";"Com Vítimas Feridas";"Plena noite";"Crescente";"Chuva";"Dupla";"Curva";"Rural";4;0;4;0;0;0;4;1
83460901;"27/04/16";"Quarta";"12:20:00";"GO";153;"502,2";"GOIANIA";"Falta de atenção";"Colisão traseira";"Com Vítimas Feridas";"Pleno dia";"Crescente";"Sol";"Dupla";"Reta";"Urbano";2;0;0;1;1;0;1;2
83460902;"28/04/16";"Quinta";"01:15:00";"PR";376;"489";"PONTA GROSSA";"Ingestão de álcool";"Saída de Pista";"Sem Vítimas";"Plena noite";"Crescente";"Ceu Claro";"Dupla";"Reta";"Urbano";1;0;0;0;1;0;0;1
83460903;"01/05/16";"Domingo";"09:10:00";"RJ";101;"312";"SAO GONCALO";"Outras";"Queda de motocicleta / bicicleta / veículo";"Com Vítimas Feridas";"Pleno dia";"Decrescente";"Ceu Claro";"Dupla";"Reta";"Urbano";1;0;1;0;0;0;1;1
83460904;"30/04/16";"Sábado";"02:25:00";"SC";101;"80,5";"BARRA VELHA";"Defeito mecânico em veículo";"Incêndio";"Sem Vítimas";"Plena noite";"Crescente";"Nublado";"Dupla";"Reta";"Rural";1;0;0;0;1;0;0;1
83460905;"27/04/16";"Quarta";"16:15:00";"SC";101;"139,5";"BALNEARIO CAMBORIU";"Falta de atenção";"Colisão lateral";"Sem Vítimas";"Pleno dia";"Crescente";"Sol";"Múltipla";"Reta";"Urbano";2;0;0;0;2;0;0;2
83460906;"23/04/16";"Sábado";"10:50:00";"DF";70;"5";"BRASILIA";"Velocidade incompatível";"Tombamento";"Ignorado";"Pleno dia";"Crescente";"Ceu Claro";"Dupla";"Reta";"Urbano";2;0;0;0;0;2;0;1
83460907;"28/04/16";"Quinta";"04:00:00";"SP";116;"219";"GUARULHOS";"Não guardar distância de segurança";"Colisão lateral";"Com Vítimas Feridas";"Plena noite";"Decrescente";"Nublado";"Dupla";"Reta";"Urbano";2;0;1;0;1;0;1;2
83460908;"01/05/16";"Domingo";"03:05:00";"SP";116;"188";"SANTA ISABEL";"Dormindo";"Saída de Pista";"Com Vítimas Feridas";"Plena noite";"Crescente";"Ceu Claro";"Dupla";"Curva";"Rural";1;0;1;0;0;0;1;1
83460909;"28/04/16";"Quinta";"06:40:00";"DF";20;"37";"BRASILIA";"Falta de atenção";"Colisão traseira";"Com Vítimas Feridas";"Amanhecer";"Crescente";"Nevoeiro/neblina";"Dupla";"Reta";"Rural";3;0;1;1;1;0;2;2
83460910;"27/04/16";"Quarta";"09:30:00";"GO";158;"154,1";"CAIAPONIA";"Defeito mecânico em veículo";"Colisão frontal";"Com Vítimas Feridas";"Pleno dia";"Crescente";"Ceu Claro";"Simples";"Reta";"Urbano";3;0;1;0;2;0;1;3
83460911;"29/04/16";"Sexta";"16:20:00";"SP";153;"106,8";"JOSE BONIFACIO";"Outras";"Tombamento";"Sem Vítimas";"Pleno dia";"Decrescente";"Nublado";"Simples";"Reta";"Urbano";1;0;0;0;1;0;0;1
83460912;"01/05/16";"Domingo";"08:35:00";"RS";392;"21,5";"RIO GRANDE";"Ingestão de álcool";"Saída de Pista";"Sem Vítimas";"Pleno dia";"Decrescente";"Sol";"Dupla";"Curva";"Urbano";1;0;0;0;1;0;0;1
83460913;"27/04/16";"Quarta";"17:45:00";"GO";153;"500";"GOIANIA";"Falta de atenção";"Colisão traseira";"Com Vítimas Feridas";"Pleno dia";"Crescente";"Sol";"Dupla";"Reta";"Urbano";3;0;1;0;2;0;1;3
83460914;"28/04/16";"Quinta";"16:35:00";"MT";364;"183";"PEDRA PRETA";"Defeito mecânico em veículo";"Saída de Pista";"Sem Vítimas";"Pleno dia";"Decrescente";"Sol";"Simples";"Reta";"Rural";1;0;0;0;1;0;0;1
83460915;"01/05/16";"Domingo";"09:30:00";"SP";116;"518";"CAJATI";"Outras";"Incêndio";"Sem Vítimas";"Pleno dia";"Decrescente";"Sol";"Simples";"Curva";"Rural";1;0;0;0;1;0;0;1
83460916;"01/05/16";"Domingo";"07:30:00";"SP";116;"513,5";"CAJATI";"Velocidade incompatível";"Tombamento";"Sem Vítimas";"Pleno dia";"Decrescente";"Ceu Claro";"Dupla";"Curva";"Rural";1;0;0;0;1;0;0;1
83460917;"27/04/16";"Quarta";"10:40:00";"SC";101;"135";"BALNEARIO CAMBORIU";"Falta de atenção";"Colisão com objeto móvel";"Com Vítimas Feridas";"Pleno dia";"Decrescente";"Sol";"Simples";"Reta";"Urbano";1;0;1;0;0;0;1;1
83460918;"30/04/16";"Sábado";"02:50:00";"PR";116;"70";"CAMPINA GRANDE DO SUL";"Não guardar distância de segurança";"Colisão com objeto fixo";"Sem Vítimas";"Plena noite";"Crescente";"Nublado";"Dupla";"Reta";"Rural";1;0;0;0;1;0;0;1
83460919;"01/05/16";"Domingo";"10:30:00";"PE";316;"77";"OURICURI";"Defeito mecânico em veículo";"Tombamento";"Com Vítimas Feridas";"Pleno dia";"Crescente";"Ceu Claro";"Simples";"Reta";"Rural";1;0;1;0;0;0;1;1
83460921;"01/05/16";"Domingo";"11:30:00";"RS";285;"292,2";"PASSO FUNDO";"Desobediência à sinalização";"Colisão Transversal";"Sem Vítimas";"Pleno dia";"Crescente";"Sol";"Múltipla";"Cruzamento";"Urbano";2;0;0;0;2;0;0;2
83460922;"29/04/16";"Sexta";"05:20:00";"MG";116;"585,6";"MANHUACU";"Velocidade incompatível";"Saída de Pista";"Sem Vítimas";"Amanhecer";"Decrescente";"Chuva";"Simples";"Curva";"Rural";1;0;0;0;1;0;0;1
83460923;"01/05/16";"Domingo";"11:30:00";"SC";101;"203";"SAO JOSE";"Outras";"Queda de motocicleta / bicicleta / veículo";"Com Vítimas Feridas";"Pleno dia";"Crescente";"Ceu Claro";"Simples";"Reta";"Urbano";1;0;0;1;0;0;1;1
83460924;"27/04/16";"Quarta";"21:30:00";"SP";116;"182";"SANTA ISABEL";"Não guardar distância de segurança";"Colisão traseira";"Sem Vítimas";"Plena noite";"Decrescente";"Ceu Claro";"Dupla";"Reta";"Urbano";2;0;0;0;2;0;0;2
83460925;"28/04/16";"Quinta";"06:45:00";"SC";101;"147,5";"ITAPEMA";"Defeito mecânico em veículo";"Tombamento";"Sem Vítimas";"Pleno dia";"Crescente";"Ceu Claro";"Dupla";"Reta";"Urbano";1;0;0;0;1;0;0;1
83460926;"01/05/16";"Domingo";"08:15:00";"RS";116;"306,9";"GUAIBA";"Desobediência à sinalização";"Colisão Transversal";"Com Vítimas Feridas";"Pleno dia";"Crescente";"Ceu Claro";"Simples";"Reta";"Urbano";3;0;0;2;1;0;2;2
83460927;"01/05/16";"Domingo";"11:10:00";"RS";290;"106,1";"ELDORADO DO SUL";"Outras";"Saída de Pista";"Ignorado";"Pleno dia";"Decrescente";"Ceu Claro";"Dupla";"Reta";"Rural";1;0;0;0;0;1;0;1
83460928;"01/05/16";"Domingo";"08:00:00";"PR";116;"107";"SAO JOSE DOS PINHAIS";"Falta de atenção";"Saída de Pista";"Com Vítimas Feridas";"Pleno dia";"Crescente";"Ceu Claro";"Dupla";"Reta";"Rural";1;0;1;0;0;0;1;1
83460930;"01/05/16";"Domingo";"12:10:00";"BA";324;"615";"SALVADOR";"Outras";"Capotamento";"Sem Vítimas";"Pleno dia";"Crescente";"Sol";"Dupla";"Reta";"Urbano";1;0;0;0;1;0;0;1
83460931;"24/04/16";"Domingo";"02:30:00";"SP";381;"50";"ATIBAIA";"Velocidade incompatível";"Colisão traseira";"Com Vítimas Feridas";"Plena noite";"Crescente";"Ceu Claro";"Dupla";"Reta";"Urbano";5;0;4;0;1;0;4;2
83460932;"29/04/16";"Sexta";"18:50:00";"BA";242;"325";"LENCOIS";"Velocidade incompatível";"Tombamento";"Com Vítimas Feridas";"Plena noite";"Crescente";"Ceu Claro";"Simples";"Curva";"Rural";1;0;0;1;0;0;1;1
83460933;"01/05/16";"Domingo";"11:00:00";"RS";116;"187,9";"NOVA PETROPOLIS";"Não guardar distância de segurança";"Colisão traseira";"Sem Vítimas";"Pleno dia";"Decrescente";"Ceu Claro";"Simples";"Reta";"Rural";4;0;0;0;4;0;0;4
83460934;"01/05/16";"Domingo";"12:15:00";"RS";386;"268,2";"FONTOURA XAVIER";"Falta de atenção";"Atropelamento de pessoa";"Com Vítimas Feridas";"Pleno dia";"Crescente";"Sol";"Simples";"Reta";"Urbano";2;0;0;1;1;0;1;1
83460935;"01/05/16";"Domingo";"08:00:00";"SC";101;"328";"CAPIVARI DE BAIXO";"Falta de atenção";"Colisão traseira";"Com Vítimas Feridas";"Pleno dia";"Crescente";"Sol";"Dupla";"Reta";"Urbano";2;0;1;0;1;0;1;2
83460936;"01/05/16";"Domingo";"11:30:00";"RJ";40;"78";"PETROPOLIS";"Velocidade incompatível";"Queda de motocicleta / bicicleta / veículo";"Com Vítimas Feridas";"Pleno dia";"Crescente";"Ceu Claro";"Simples";"Curva";"Rural";1;0;1;0;0;0;1;1
83460937;"01/05/16";"Domingo";"10:20:00";"GO";60;"244,8";"INDIARA";"Outras";"Queda de motocicleta / bicicleta / veículo";"Com Vítimas Feridas";"Pleno dia";"Decrescente";"Ceu Claro";"Dupla";"Curva";"Rural";1;0;0;1;0;0;1;1
83460938;"01/05/16";"Domingo";"11:30:00";"BA";101;"871";"TEIXEIRA DE FREITAS";"Falta de atenção";"Colisão traseira";"Com Vítimas Feridas";"Pleno dia";"Crescente";"Sol";"Simples";"Reta";"Rural";2;0;1;0;1;0;1;2
83460939;"01/05/16";"Domingo";"11:20:00";"PI";316;"10";"TERESINA";"Falta de atenção";"Colisão traseira";"Com Vítimas Feridas";"Pleno dia";"Crescente";"Ceu Claro";"Simples";"Reta";"Urbano";2;0;1;0;1;0;1;2
83460940;"27/04/16";"Quarta";"20:30:00";"MG";262;"525";"LUZ";"Ultrapassagem indevida";"Colisão frontal";"Com Vítimas Feridas";"Plena noite";"Crescente";"Ceu Claro";"Simples";"Curva";"Rural";3;0;1;0;2;0;1;3
83460941;"27/04/16";"Quarta";"15:30:00";"RS";116;"479,5";"SAO LOURENCO DO SUL";"Outras";"Colisão com objeto móvel";"Sem Vítimas";"Pleno dia";"Decrescente";"Ceu Claro";"Simples";"Reta";"Rural";4;0;0;0;4;0;0;2
83460942;"01/05/16";"Domingo";"10:10:00";"GO";40;"11,6";"LUZIANIA";"Falta de atenção";"Colisão Transversal";"Com Vítimas Feridas";"Pleno dia";"Crescente";"Ceu Claro";"Dupla";"Reta";"Urbano";3;0;2;0;0;1;2;2
83460943;"01/05/16";"Domingo";"11:40:00";"MG";381;"477,6";"CONTAGEM";"Outras";"Capotamento";"Com Vítimas Feridas";"Pleno dia";"Crescente";"Ceu Claro";"Dupla";"Reta";"Urbano";2;0;1;0;1;0;1;2
83460944;"01/05/16";"Domingo";"14:00:00";"SC";101;"211,9";"PALHOCA";"Defeito na via";"Queda de motocicleta / bicicleta / veículo";"Com Vítimas Feridas";"Pleno dia";"Crescente";"Ceu Claro";"Simples";"Cruzamento";"Urbano";1;0;0;1;0;0;1;1
83460945;"01/05/16";"Domingo";"11:20:00";"MS";163;"115";"ITAQUIRAI";"Ultrapassagem indevida";"Saída de Pista";"Sem Vítimas";"Pleno dia";"Decrescente";"Ceu Claro";"Simples";"Curva";"Rural";1;0;0;0;1;0;0;1
83460946;"28/04/16";"Quinta";"01:40:00";"SP";381;"15";"BRAGANCA PAULISTA";"Defeito mecânico em veículo";"Incêndio";"Sem Vítimas";"Plena noite";"Crescente";"Nublado";"Dupla";"Reta";"Rural";12;0;0;0;1;11;0;12
83460947;"28/04/16";"Quinta";"06:45:00";"RS";116;"516,4";"PELOTAS";"Falta de atenção";"Colisão traseira";"Sem Vítimas";"Amanhecer";"Crescente";"Ceu Claro";"Simples";"Reta";"Urbano";2;0;0;0;2;0;0;2
83460948;"26/04/16";"Terça";"13:20:00";"GO";60;"10,3";"APARECIDA DE GOIANIA";"Velocidade incompatível";"Saída de Pista";"Com Vítimas Feridas";"Pleno dia";"Crescente";"Ceu Claro";"Dupla";"Reta";"Urbano";1;0;1;0;0;0;1;1
83460949;"01/05/16";"Domingo";"06:30:00";"BA";116;"817,7";"VITORIA DA CONQUISTA";"Não guardar distância de segurança";"Colisão traseira";"Sem Vítimas";"Pleno dia";"Decrescente";"Ceu Claro";"Simples";"Reta";"Urbano";2;0;0;0;2;0;0;2
83460950;"01/05/16";"Domingo";"13:00:00";"PR";376;"519,8";"PONTA GROSSA";"Velocidade incompatível";"Saída de Pista";"Com Vítimas Feridas";"Pleno dia";"Decrescente";"Ceu Claro";"Dupla";"Reta";"Rural";2;0;1;0;1;0;1;1
83460951;"27/04/16";"Quarta";"08:00:00";"SC";101;"211,4";"PALHOCA";"Falta de atenção";"Colisão lateral";"Com Vítimas Feridas";"Pleno dia";"Decrescente";"Ceu Claro";"Dupla";"Reta";"Urbano";3;0;1;1;1;0;2;2
83460952;"01/05/16";"Domingo";"12:10:00";"SP";381;"71";"MAIRIPORA";"Velocidade incompatível";"Queda de motocicleta / bicicleta / veículo";"Com Vítimas Feridas";"Pleno dia";"Crescente";"Ceu Claro";"Dupla";"Curva";"Rural";1;0;1;0;0;0;1;1
83460953;"15/04/16";"Sexta";"13:30:00";"SC";282;"41";"AGUAS MORNAS";"Falta de atenção";"Colisão traseira";"Sem Vítimas";"Pleno dia";"Crescente";"Ceu Claro";"Simples";"Reta";"Urbano";2;0;0;0;2;0;0;2
83460954;"29/04/16";"Sexta";"10:00:00";"MG";50;"9";"UBERLANDIA";"Falta de atenção";"Colisão traseira";"Com Vítimas Feridas";"Pleno dia";"Decrescente";"Ceu Claro";"Dupla";"Reta";"Urbano";2;0;1;0;1;0;1;2
83460955;"27/04/16";"Quarta";"18:00:00";"SC";101;"216,5";"PALHOCA";"Falta de atenção";"Colisão traseira";"Com Vítimas Feridas";"Amanhecer";"Crescente";"Ceu Claro";"Dupla";"Reta";"Urbano";2;0;1;0;1;0;1;2
83460956;"01/05/16";"Domingo";"12:30:00";"MT";364;"236,3";"RONDONOPOLIS";"Velocidade incompatível";"Tombamento";"Sem Vítimas";"Pleno dia";"Decrescente";"Sol";"Simples";"Reta";"Rural";1;0;0;0;1;0;0;1
83460957;"29/04/16";"Sexta";"17:50:00";"PR";476;"124,8";"CURITIBA";"Falta de atenção";"Atropelamento de pessoa";"Com Vítimas Feridas";"Plena noite";"Crescente";"Nublado";"Múltipla";"Reta";"Urbano";2;0;1;0;1;0;1;1
83460959;"01/05/16";"Domingo";"12:40:00";"PR";376;"338,8";"ORTIGUEIRA";"Velocidade incompatível";"Colisão frontal";"Sem Vítimas";"Pleno dia";"Crescente";"Ceu Claro";"Simples";"Curva";"Rural";3;0;0;0;3;0;0;2
83460960;"01/05/16";"Domingo";"14:00:00";"RS";386;"335,1";"MARQUES DE SOUZA";"Ingestão de álcool";"Colisão traseira";"Com Vítimas Feridas";"Pleno dia";"Decrescente";"Ceu Claro";"Simples";"Curva";"Rural";4;0;1;0;3;0;1;2
83460961;"01/05/16";"Domingo";"12:00:00";"PA";316;"5";"ANANINDEUA";"Desobediência à sinalização";"Colisão Transversal";"Com Vítimas Feridas";"Pleno dia";"Decrescente";"Ceu Claro";"Dupla";"Reta";"Urbano";3;0;2;0;1;0;2;2
83460962;"01/05/16";"Domingo";"07:30:00";"CE";116;"7,7";"FORTALEZA";"Outras";"Colisão lateral";"Com Vítimas Feridas";"Pleno dia";"Crescente";"Sol";"Dupla";"Reta";"Urbano";2;0;1;0;0;1;1;2
83460963;"01/05/16";"Domingo";"12:30:00";"ES";101;"294";"CARIACICA";"Falta de atenção";"Colisão traseira";"Com Vítimas Feridas";"Pleno dia";"Decrescente";"Nublado";"Múltipla";"Reta";"Urbano";2;0;1;0;1;0;1;2
83460964;"27/04/16";"Quarta";"08:00:00";"SC";101;"211,8";"PALHOCA";"Falta de atenção";"Colisão Transversal";"Com Vítimas Feridas";"Plena noite";"Decrescente";"Ceu Claro";"Dupla";"Cruzamento";"Urbano";2;0;0;1;0;1;1;2
83460965;"29/04/16";"Sexta";"17:50:00";"RS";392;"238,1";"CACAPAVA DO SUL";"Falta de atenção";"Saída de Pista";"Sem Vítimas";"Pleno dia";"Crescente";"Ceu Claro";"Simples";"Reta";"Rural";1;0;0;0;1;0;0;1
83460967;"27/04/16";"Quarta";"22:05:00";"RR";401;"0,2";"BOA VISTA";"Ingestão de álcool";"Colisão Transversal";"Com Vítimas Feridas";"Plena noite";"Crescente";"Chuva";"Simples";"Reta";"Urbano";2;0;2;0;0;0;2;2
83460968;"01/05/16";"Domingo";"05:30:00";"PR";158;"500,6";"CORONEL VIVIDA";"Dormindo";"Saída de Pista";"Sem Vítimas";"Plena noite";"Crescente";"Ceu Claro";"Simples";"Reta";"Rural";1;0;0;0;1;0;0;1
83460969;"01/05/16";"Domingo";"14:40:00";"PE";116;"33,8";"SALGUEIRO";"Ultrapassagem indevida";"Colisão traseira";"Sem Vítimas";"Pleno dia";"Decrescente";"Ceu Claro";"Simples";"Reta";"Rural";2;0;0;0;2;0;0;2
83460970;"27/04/16";"Quarta";"13:00:00";"SC";282;"68,9";"RANCHO QUEIMADO";"Defeito mecânico em veículo";"Saída de Pista";"Sem Vítimas";"Pleno dia";"Decrescente";"Ceu Claro";"Simples";"Curva";"Rural";1;0;0;0;1;0;0;1
83460971;"28/04/16";"Quinta";"12:40:00";"SP";116;"158";"JACAREI";"Outras";"Queda de motocicleta / bicicleta / veículo";"Com Vítimas Feridas";"Pleno dia";"Decrescente";"Sol";"Dupla";"Reta";"Urbano";2;0;2;0;0;0;2;2
83460972;"29/04/16";"Sexta";"23:30:00";"PR";476;"117,7";"COLOMBO";"Falta de atenção";"Colisão lateral";"Sem Vítimas";"Plena noite";"Crescente";"Nublado";"Múltipla";"Reta";"Urbano";2;0;0;0;2;0;0;2
83460973;"28/04/16";"Quinta";"05:45:00";"SC";101;"225";"PALHOCA";"Falta de atenção";"Colisão Transversal";"Sem Vítimas";"Pleno dia";"Decrescente";"Ceu Claro";"Dupla";"Reta";"Urbano";2;0;0;0;2;0;0;2
83460974;"27/04/16";"Quarta";"13:30:00";"MG";40;"750,5";"SANTOS DUMONT";"Velocidade incompatível";"Colisão frontal";"Com Vítimas Fatais";"Pleno dia";"Crescente";"Chuva";"Simples";"Curva";"Rural";10;5;4;0;1;0;4;4
83460975;"01/05/16";"Domingo";"12:20:00";"MG";50;"138,9";"UBERABA";"Defeito mecânico em veículo";"Saída de Pista";"Com Vítimas Feridas";"Pleno dia";"Decrescente";"Ceu Claro";"Dupla";"Reta";"Rural";2;0;2;0;0;0;2;1
83460976;"29/04/16";"Sexta";"19:20:00";"MT";364;"275";"JACIARA";"Falta de atenção";"Colisão lateral";"Sem Vítimas";"Plena noite";"Decrescente";"Ceu Claro";"Dupla";"Cruzamento";"Urbano";2;0;0;0;2;0;0;2
83460978;"27/04/16";"Quarta";"22:10:00";"MG";262;"685,6";"ARAXA";"Velocidade incompatível";"Saída de Pista";"Com Vítimas Feridas";"Plena noite";"Crescente";"Nublado";"Simples";"Curva";"Rural";1;0;1;0;0;0;1;1
83460979;"01/05/16";"Domingo";"15:40:00";"PE";408;"100,8";"SAO LOURENCO DA MATA";"Velocidade incompatível";"Capotamento";"Sem Vítimas";"Pleno dia";"Crescente";"Chuva";"Dupla";"Reta";"Rural";1;0;0;0;1;0;0;1
83460980;"01/05/16";"Domingo";"15:00:00";"MG";40;"611";"CONGONHAS";"Não guardar distância de segurança";"Colisão traseira";"Com Vítimas Feridas";"Pleno dia";"Crescente";"Ceu Claro";"Simples";"Curva";"Urbano";5;0;3;0;2;0;3;2
83460981;"01/05/16";"Domingo";"11:30:00";"MT";174;"406,3";"NOVA LACERDA";"Falta de atenção";"Saída de Pista";"Sem Vítimas";"Pleno dia";"Decrescente";"Ceu Claro";"Simples";"Reta";"Rural";1;0;0;0;1;0;0;1
83460982;"01/05/16";"Domingo";"09:45:00";"SC";470;"51,8";"BLUMENAU";"Falta de atenção";"Colisão com objeto fixo";"Com Vítimas Feridas";"Pleno dia";"Crescente";"Sol";"Simples";"Reta";"Urbano";1;0;1;0;0;0;1;1
83460983;"30/04/16";"Sábado";"10:20:00";"BA";116;"515";"FEIRA DE SANTANA";"Ingestão de álcool";"Colisão traseira";"Sem Vítimas";"Pleno dia";"Crescente";"Sol";"Simples";"Reta";"Urbano";2;0;0;0;2;0;0;2
83460984;"01/05/16";"Domingo";"16:10:00";"RS";116;"49,1";"VACARIA";"Velocidade incompatível";"Saída de Pista";"Sem Vítimas";"Pleno dia";"Decrescente";"Ceu Claro";"Simples";"Curva";"Rural";1;0;0;0;1;0;0;1
83460985;"28/04/16";"Quinta";"05:30:00";"RS";101;"14";"DOM PEDRO DE ALCANTARA";"Outras";"Saída de Pista";"Sem Vítimas";"Plena noite";"Crescente";"Ceu Claro";"Simples";"Curva";"Rural";2;0;0;0;2;0;0;1
83460986;"01/05/16";"Domingo";"13:00:00";"ES";262;"1,8";"CARIACICA";"Falta de atenção";"Colisão traseira";"Com Vítimas Feridas";"Pleno dia";"Decrescente";"Nublado";"Dupla";"Reta";"Urbano";3;0;1;0;1;1;1;2
83460987;"01/05/16";"Domingo";"09:35:00";"GO";60;"1,9";"SANTO ANTONIO DO DESCOBERTO";"Falta de atenção";"Colisão traseira";"Sem Vítimas";"Pleno dia";"Decrescente";"Ceu Claro";"Dupla";"Curva";"Rural";5;0;0;0;5;0;0;2
83460989;"01/05/16";"Domingo";"10:40:00";"MG";116;"791,5";"ALEM PARAIBA";"Falta de atenção";"Colisão lateral";"Com Vítimas Feridas";"Pleno dia";"Crescente";"Sol";"Simples";"Reta";"Rural";3;0;1;0;2;0;1;2
83460990;"01/05/16";"Domingo";"15:00:00";"SC";470;"222,5";"SAO CRISTOVAO DO SUL";"Falta de atenção";"Colisão lateral";"Com Vítimas Feridas";"Pleno dia";"Decrescente";"Sol";"Simples";"Curva";"Rural";3;0;1;0;2;0;1;3
83460991;"01/05/16";"Domingo";"14:10:00";"SP";116;"549,5";"BARRA DO TURVO";"Falta de atenção";"Colisão com objeto fixo";"Sem Vítimas";"Pleno dia";"Decrescente";"Sol";"Dupla";"Curva";"Rural";1;0;0;0;1;0;0;1
83460992;"01/05/16";"Domingo";"16:30:00";"PR";163;"107";"CAPANEMA";"Falta de atenção";"Colisão Transversal";"Com Vítimas Feridas";"Pleno dia";"Decrescente";"Ceu Claro";"Simples";"Reta";"Rural";3;0;2;0;1;0;2;2
83460993;"01/05/16";"Domingo";"15:30:00";"SC";280;"48";"GUARAMIRIM";"Ingestão de álcool";"Saída de Pista";"Sem Vítimas";"Pleno dia";"Decrescente";"Ceu Claro";"Simples";"Cruzamento";"Urbano";4;0;0;0;4;0;0;1
83460994;"01/05/16";"Domingo";"16:30:00";"MG";50;"154";"UBERABA";"Outras";"Queda de motocicleta / bicicleta / veículo";"Com Vítimas Feridas";"Pleno dia";"Decrescente";"Ceu Claro";"Dupla";"Reta";"Rural";3;0;3;0;0;0;3;2
83460995;"29/04/16";"Sexta";"01:00:00";"MG";116;"599,6";"SAO JOAO DO MANHUACU";"Velocidade incompatível";"Saída de Pista";"Com Vítimas Feridas";"Plena noite";"Decrescente";"Chuva";"Simples";"Curva";"Rural";3;0;1;2;0;0;3;1
83460996;"01/05/16";"Domingo";"11:30:00";"BA";101;"750,7";"ITABELA";"Falta de atenção";"Colisão traseira";"Sem Vítimas";"Pleno dia";"Decrescente";"Sol";"Simples";"Curva";"Rural";2;0;0;0;2;0;0;2
83460997;"23/04/16";"Sábado";"19:30:00";"ES";262;"66";"MARECHAL FLORIANO";"Falta de atenção";"Capotamento";"Com Vítimas Feridas";"Plena noite";"Crescente";"Ceu Claro";"Simples";"Curva";"Rural";1;0;0;1;0;0;1;1
83460998;"01/05/16";"Domingo";"16:35:00";"DF";70;"5,5";"BRASILIA";"Dormindo";"Colisão traseira";"Com Vítimas Feridas";"Pleno dia";"Crescente";"Ceu Claro";"Dupla";"Reta";"Urbano";4;0;2;0;2;0;2;2
83460999;"01/05/16";"Domingo";"01:00:00";"AP";156;"745";"OIAPOQUE";"Defeito mecânico em veículo";"Saída de Pista";"Sem Vítimas";"Plena noite";"Crescente";"Chuva";"Simples";"Reta";"Rural";1;0;0;0;1;0;0;1
83461000;"01/05/16";"Domingo";"15:40:00";"SC";153;"36";"PONTE SERRADA";"Velocidade incompatível";"Colisão frontal";"Com Vítimas Feridas";"Pleno dia";"Crescente";"Ceu Claro";"Simples";"Reta";"Rural";4;0;2;2;0;0;4;2
83461001;"01/05/16";"Domingo";"15:30:00";"MG";116;"804,5";"ALEM PARAIBA";"Falta de atenção";"Queda de motocicleta / bicicleta / veículo";"Com Vítimas Feridas";"Pleno dia";"Decrescente";"Sol";"Simples";"Curva";"Rural";1;0;1;0;0;0;1;1
83461002;"01/05/16";"Domingo";"14:00:00";"BA";324;"576";"CANDEIAS";"Outras";"Incêndio";"Sem Vítimas";"Pleno dia";"Crescente";"Ceu Claro";"Dupla";"Reta";"Rural";1;0;0;0;1;0;0;1
83461003;"01/05/16";"Domingo";"02:40:00";"AL";104;"92,2";"RIO LARGO";"Outras";"Colisão com objeto fixo";"Ignorado";"Plena noite";"Decrescente";"Nublado";"Dupla";"Reta";"Urbano";1;0;0;0;0;1;0;1
83461004;"01/05/16";"Domingo";"14:40:00";"PE";101;"77";"RECIFE";"Não guardar distância de segurança";"Colisão traseira";"Com Vítimas Feridas";"Pleno dia";"Decrescente";"Chuva";"Dupla";"Reta";"Urbano";5;0;3;0;2;0;3;3
83461005;"29/04/16";"Sexta";"09:30:00";"MG";40;"749";"SANTOS DUMONT";"Velocidade incompatível";"Colisão frontal";"Sem Vítimas";"Pleno dia";"Crescente";"Chuva";"Simples";"Curva";"Urbano";2;0;0;0;2;0;0;2
83461006;"01/05/16";"Domingo";"18:50:00";"RS";116;"242";"SAO LEOPOLDO";"Falta de atenção";"Colisão traseira";"Com Vítimas Feridas";"Plena noite";"Crescente";"Ceu Claro";"Dupla";"Reta";"Urbano";4;0;1;0;3;0;1;3
83461008;"01/05/16";"Domingo";"17:00:00";"SC";153;"81,1";"IRANI";"Velocidade incompatível";"Capotamento";"Com Vítimas Fatais";"Plena noite";"Crescente";"Ceu Claro";"Simples";"Curva";"Rural";1;1;0;0;0;0;0;1
83461009;"29/04/16";"Sexta";"07:20:00";"MG";116;"782,2";"LEOPOLDINA";"Outras";"Saída de Pista";"Sem Vítimas";"Pleno dia";"Decrescente";"Chuva";"Simples";"Curva";"Rural";1;0;0;0;1;0;0;1
83461010;"01/05/16";"Domingo";"16:40:00";"PR";277;"129,5";"BALSA NOVA";"Falta de atenção";"Saída de Pista";"Com Vítimas Feridas";"Pleno dia";"Decrescente";"Ceu Claro";"Dupla";"Curva";"Rural";2;0;1;0;1;0;1;1
83461011;"01/05/16";"Domingo";"17:00:00";"CE";222;"4,9";"CAUCAIA";"Outras";"Colisão com bicicleta";"Com Vítimas Feridas";"Pleno dia";"Decrescente";"Sol";"Múltipla";"Reta";"Urbano";2;0;1;0;1;0;1;2
83461012;"01/05/16";"Domingo";"17:00:00";"PR";116;"124,7";"FAZENDA RIO GRANDE";"Velocidade incompatível";"Colisão com objeto fixo";"Ignorado";"Pleno dia";"Decrescente";"Sol";"Dupla";"Reta";"Urbano";1;0;0;0;0;1;0;1