"id";"data_inversa";"dia_semana";"horario";"uf";"br";"km";"municipio";"causa_acidente";"tipo_acidente";"classificacao_acidente";"fase_dia";"sentido_via";"condicao_metereologica";"tipo_pista";"tracado_via";"uso_solo";"pessoas";"mortos";"feridos_leves";"feridos_graves";"ilesos";"ignorados";"feridos";"veiculos"
83461013;"01/05/16";"Domingo";"18:00:00";"SC";282;"651";"SAO MIGUEL DOESTE";"Ingestão de álcool";"Saída de Pista";"Com Vítimas Feridas";"Anoitecer";"Decrescente";"Ceu Claro";"Simples";"Reta";"Rural";2;0;2;0;0;0;2;1
83461014;"22/04/16";"Sexta";"21:30:00";"RJ";101;"297";"ITABORAI";"Falta de atenção";"Atropelamento de pessoa";"Com Vítimas Feridas";"Plena noite";"Decrescente";"Ceu Claro";"Dupla";"Curva";"Urbano";2;0;2;0;0;0;2;1
83461015;"01/05/16";"Domingo";"17:30:00";"MG";365;"543,5";"ROMARIA";"Velocidade incompatível";"Queda de motocicleta / bicicleta / veículo";"Com Vítimas Feridas";"Pleno dia";"Decrescente";"Ceu Claro";"Simples";"Reta";"Rural";2;0;0;2;0;0;2;1
83461016;"19/04/16";"Terça";"05:50:00";"RJ";101;"304";"SAO GONCALO";"Outras";"Colisão frontal";"Sem Vítimas";"Amanhecer";"Crescente";"Ceu Claro";"Simples";"Curva";"Urbano";2;0;0;0;2;0;0;2
83461018;"28/04/16";"Quinta";"21:40:00";"DF";70;"1,7";"BRASILIA";"Velocidade incompatível";"Saída de Pista";"Com Vítimas Feridas";"Plena noite";"Crescente";"Nublado";"Dupla";"Reta";"Urbano";1;0;0;1;0;0;1;1
83461019;"01/05/16";"Domingo";"15:00:00";"AL";104;"71";"MESSIAS";"Outras";"Saída de Pista";"Com Vítimas Fatais";"Pleno dia";"Crescente";"Chuva";"Simples";"Curva";"Rural";4;1;0;2;1;0;2;1
83461020;"01/05/16";"Domingo";"18:35:00";"PR";369;"518";"CASCAVEL";"Falta de atenção";"Saída de Pista";"Com Vítimas Feridas";"Anoitecer";"Decrescente";"Ceu Claro";"Simples";"Curva";"Urbano";2;0;2;0;0;0;2;1
83461021;"01/05/16";"Domingo";"16:15:00";"PR";376;"617,7";"SAO JOSE DOS PINHAIS";"Velocidade incompatível";"Capotamento";"Ignorado";"Pleno dia";"Crescente";"Ceu Claro";"Dupla";"Curva";"Urbano";1;0;0;0;0;1;0;1
83461022;"03/04/16";"Domingo";"21:10:00";"GO";70;"469";"ARAGARCAS";"Outras";"Saída de Pista";"Com Vítimas Fatais";"Plena noite";"Crescente";"Ceu Claro";"Simples";"Cruzamento";"Rural";2;1;0;1;0;0;1;1
83461023;"15/03/16";"Terça";"14:35:00";"RJ";116;"95,8";"GUAPIMIRIM";"Defeito mecânico em veículo";"Tombamento";"Com Vítimas Feridas";"Pleno dia";"Crescente";"Nublado";"Simples";"Curva";"Rural";1;0;1;0;0;0;1;1
83461024;"01/05/16";"Domingo";"12:45:00";"MG";116;"790,2";"ALEM PARAIBA";"Dormindo";"Saída de Pista";"Sem Vítimas";"Pleno dia";"Crescente";"Nublado";"Simples";"Curva";"Rural";1;0;0;0;1;0;0;1
83461025;"01/05/16";"Domingo";"15:45:00";"RS";116;"175,9";"NOVA PETROPOLIS";"Outras";"Colisão traseira";"Sem Vítimas";"Pleno dia";"Decrescente";"Sol";"Simples";"Curva";"Rural";2;0;0;0;2;0;0;2
83461026;"01/05/16";"Domingo";"18:30:00";"MG";381;"498";"BETIM";"Outras";"Colisão lateral";"Sem Vítimas";"Plena noite";"Crescente";"Ceu Claro";"Dupla";"Reta";"Urbano";2;0;0;0;2;0;0;2
83461027;"27/04/16";"Quarta";"22:20:00";"RN";101;"95,6";"NATAL";"Falta de atenção";"Colisão traseira";"Com Vítimas Feridas";"Plena noite";"Decrescente";"Ceu Claro";"Múltipla";"Cruzamento";"Urbano";2;0;1;0;1;0;1;2
83461028;"27/04/16";"Quarta";"22:20:00";"PR";376;"646";"TIJUCAS DO SUL";"Falta de atenção";"Saída de Pista";"Sem Vítimas";"Plena noite";"Decrescente";"Nublado";"Dupla";"Reta";"Rural";1;0;0;0;1;0;0;1
83461029;"30/04/16";"Sábado";"09:15:00";"PR";277;"729";"FOZ DO IGUACU";"Outras";"Atropelamento de pessoa";"Com Vítimas Feridas";"Pleno dia";"Crescente";"Ceu Claro";"Dupla";"Reta";"Urbano";2;0;1;0;1;0;1;1
83461030;"01/05/16";"Domingo";"17:40:00";"PR";116;"124";"CURITIBA";"Falta de atenção";"Colisão traseira";"Com Vítimas Feridas";"Pleno dia";"Crescente";"Ceu Claro";"Dupla";"Reta";"Urbano";3;0;1;0;2;0;1;2
83461031;"30/04/16";"Sábado";"01:45:00";"MG";40;"559";"NOVA LIMA";"Ingestão de álcool";"Colisão traseira";"Com Vítimas Feridas";"Plena noite";"Decrescente";"Nublado";"Dupla";"Reta";"Urbano";3;0;1;0;2;0;1;2
83461032;"30/04/16";"Sábado";"17:30:00";"BA";101;"0,5";"RIO REAL";"Outras";"Saída de Pista";"Com Vítimas Fatais";"Anoitecer";"Crescente";"Ceu Claro";"Simples";"Reta";"Rural";1;1;0;0;0;0;0;1
83461033;"01/05/16";"Domingo";"17:30:00";"PR";116;"115";"CURITIBA";"Ultrapassagem indevida";"Colisão lateral";"Com Vítimas Feridas";"Pleno dia";"Crescente";"Sol";"Dupla";"Reta";"Urbano";3;0;1;0;1;1;1;2
83461034;"01/05/16";"Domingo";"06:30:00";"RS";472;"451";"ITAQUI";"Dormindo";"Saída de Pista";"Com Vítimas Feridas";"Amanhecer";"Decrescente";"Ceu Claro";"Simples";"Reta";"Rural";1;0;1;0;0;0;1;1
83461035;"01/05/16";"Domingo";"10:10:00";"MA";316;"553";"CAXIAS";"Outras";"Colisão lateral";"Sem Vítimas";"Pleno dia";"Crescente";"Sol";"Dupla";"Reta";"Urbano";2;0;0;0;2;0;0;2
83461036;"01/05/16";"Domingo";"18:45:00";"PR";277;"598,8";"CASCAVEL";"Animais na Pista";"Atropelamento de animal";"Sem Vítimas";"Anoitecer";"Decrescente";"Ceu Claro";"Dupla";"Reta";"Urbano";1;0;0;0;1;0;0;1
83461037;"01/05/16";"Domingo";"19:00:00";"MS";158;"74,5";"PARANAIBA";"Ingestão de álcool";"Queda de motocicleta / bicicleta / veículo";"Com Vítimas Feridas";"Plena noite";"Decrescente";"Ceu Claro";"Simples";"Reta";"Rural";1;0;0;1;0;0;1;1
83461038;"01/05/16";"Domingo";"17:40:00";"MS";163;"245,6";"DOURADOS";"Ultrapassagem indevida";"Colisão lateral";"Com Vítimas Feridas";"Plena noite";"Crescente";"Ceu Claro";"Simples";"Reta";"Rural";2;0;1;0;1;0;1;2
83461039;"28/04/16";"Quinta";"11:00:00";"PI";135;"450";"MONTE ALEGRE DO PIAUI";"Outras";"Tombamento";"Com Vítimas Feridas";"Pleno dia";"Decrescente";"Ceu Claro";"Simples";"Reta";"Rural";1;0;1;0;0;0;1;1
83461040;"01/05/16";"Domingo";"17:50:00";"PB";230;"13";"CABEDELO";"Ingestão de álcool";"Colisão com bicicleta";"Com Vítimas Feridas";"Plena noite";"Decrescente";"Chuva";"Dupla";"Reta";"Urbano";2;0;1;0;1;0;1;2
83461041;"12/04/16";"Terça";"19:30:00";"MT";70;"1";"BARRA DO GARCAS";"Falta de atenção";"Colisão lateral";"Com Vítimas Feridas";"Plena noite";"Decrescente";"Ceu Claro";"Simples";"Reta";"Urbano";2;0;0;1;0;1;1;2
83461042;"01/05/16";"Domingo";"18:00:00";"PE";232;"517";"SALGUEIRO";"Falta de atenção";"Atropelamento de pessoa";"Com Vítimas Fatais";"Anoitecer";"Crescente";"Ignorada";"Simples";"Reta";"Rural";4;1;3;0;0;0;3;1
83461043;"01/05/16";"Domingo";"17:00:00";"MT";174;"567";"COMODORO";"Outras";"Saída de Pista";"Com Vítimas Feridas";"Pleno dia";"Crescente";"Ceu Claro";"Simples";"Curva";"Rural";1;0;1;0;0;0;1;1
83461044;"28/04/16";"Quinta";"17:45:00";"RS";116;"231";"IVOTI";"Falta de atenção";"Colisão traseira";"Sem Vítimas";"Anoitecer";"Decrescente";"Ceu Claro";"Simples";"Reta";"Urbano";4;0;0;0;4;0;0;4
83461045;"01/05/16";"Domingo";"11:00:00";"BA";101;"251";"CONCEICAO DO ALMEIDA";"Falta de atenção";"Colisão Transversal";"Sem Vítimas";"Pleno dia";"Crescente";"Ceu Claro";"Simples";"Reta";"Rural";2;0;0;0;1;1;0;2
83461046;"01/05/16";"Domingo";"17:15:00";"PE";104;"76,6";"CARUARU";"Ultrapassagem indevida";"Colisão frontal";"Com Vítimas Fatais";"Anoitecer";"Crescente";"Sol";"Simples";"Reta";"Rural";2;1;0;0;0;1;0;2
83461047;"01/05/16";"Domingo";"13:45:00";"SC";470;"138";"RIO DO SUL";"Falta de atenção";"Colisão traseira";"Sem Vítimas";"Pleno dia";"Decrescente";"Sol";"Simples";"Reta";"Urbano";3;0;0;0;3;0;0;3
83461048;"01/05/16";"Domingo";"16:00:00";"MS";163;"313,5";"RIO BRILHANTE";"Falta de atenção";"Colisão traseira";"Sem Vítimas";"Pleno dia";"Crescente";"Ceu Claro";"Múltipla";"Reta";"Rural";4;0;0;0;4;0;0;2
83461049;"01/05/16";"Domingo";"20:40:00";"PE";232;"119";"CARUARU";"Velocidade incompatível";"Colisão com objeto móvel";"Com Vítimas Feridas";"Plena noite";"Crescente";"Ceu Claro";"Dupla";"Reta";"Rural";1;0;0;1;0;0;1;1
83461050;"01/05/16";"Domingo";"18:00:00";"SP";116;"219,2";"GUARULHOS";"Desobediência à sinalização";"Colisão traseira";"Com Vítimas Feridas";"Plena noite";"Decrescente";"Nublado";"Múltipla";"Reta";"Urbano";6;0;1;0;5;0;1;5
83461051;"22/04/16";"Sexta";"19:40:00";"RJ";116;"40";"TERESOPOLIS";"Outras";"Queda de motocicleta / bicicleta / veículo";"Com Vítimas Feridas";"Plena noite";"Crescente";"Nublado";"Simples";"Reta";"Rural";1;0;1;0;0;0;1;1
83461052;"01/05/16";"Domingo";"17:30:00";"RS";285;"187";"CAPAO BONITO DO SUL";"Ultrapassagem indevida";"Colisão com objeto fixo";"Sem Vítimas";"Anoitecer";"Decrescente";"Ceu Claro";"Simples";"Curva";"Rural";1;0;0;0;1;0;0;1
83461053;"01/05/16";"Domingo";"18:30:00";"BA";242;"800";"BARREIRAS";"Ingestão de álcool";"Atropelamento de pessoa";"Com Vítimas Feridas";"Anoitecer";"Decrescente";"Ceu Claro";"Simples";"Reta";"Urbano";2;0;2;0;0;0;2;1
83461054;"01/05/16";"Domingo";"04:00:00";"PE";424;"82,5";"GARANHUNS";"Dormindo";"Capotamento";"Com Vítimas Feridas";"Amanhecer";"Crescente";"Nublado";"Simples";"Reta";"Rural";2;0;2;0;0;0;2;1
83461055;"01/05/16";"Domingo";"17:30:00";"PR";467;"100";"CASCAVEL";"Defeito mecânico em veículo";"Capotamento";"Com Vítimas Feridas";"Pleno dia";"Crescente";"Ceu Claro";"Dupla";"Curva";"Rural";2;0;2;0;0;0;2;1
83461056;"01/05/16";"Domingo";"19:00:00";"GO";50;"265,1";"CATALAO";"Outras";"Colisão com objeto fixo";"Com Vítimas Feridas";"Plena noite";"Crescente";"Ceu Claro";"Simples";"Reta";"Rural";1;0;1;0;0;0;1;1
83461057;"01/05/16";"Domingo";"15:00:00";"RO";364;"498";"ARIQUEMES";"Defeito mecânico em veículo";"Saída de Pista";"Sem Vítimas";"Pleno dia";"Crescente";"Ceu Claro";"Simples";"Reta";"Rural";2;0;0;0;2;0;0;1
83461058;"01/05/16";"Domingo";"20:30:00";"RN";304;"9";"MOSSORO";"Animais na Pista";"Atropelamento de animal";"Com Vítimas Feridas";"Plena noite";"Crescente";"Ceu Claro";"Simples";"Reta";"Rural";2;0;0;2;0;0;2;1
83461059;"01/05/16";"Domingo";"17:40:00";"SC";282;"31,2";"AGUAS MORNAS";"Desobediência à sinalização";"Colisão Transversal";"Com Vítimas Feridas";"Plena noite";"Decrescente";"Ceu Claro";"Simples";"Curva";"Rural";2;0;1;0;1;0;1;2
83461060;"28/04/16";"Quinta";"04:51:00";"RJ";40;"37,8";"AREAL";"Outras";"Danos Eventuais";"Com Vítimas Feridas";"Plena noite";"Crescente";"Nublado";"Dupla";"Reta";"Rural";2;0;0;1;1;0;1;1
83461061;"01/05/16";"Domingo";"21:15:00";"PR";277;"712,1";"SANTA TEREZINHA DE ITAIPU";"Velocidade incompatível";"Saída de Pista";"Com Vítimas Feridas";"Plena noite";"Crescente";"Ceu Claro";"Dupla";"Reta";"Rural";1;0;1;0;0;0;1;1
83461062;"01/05/16";"Domingo";"20:00:00";"MG";50;"83";"UBERLANDIA";"Outras";"Colisão traseira";"Com Vítimas Feridas";"Plena noite";"Decrescente";"Nublado";"Dupla";"Reta";"Rural";3;0;1;0;2;0;1;2
83461063;"30/04/16";"Sábado";"09:35:00";"SC";101;"339";"TUBARAO";"Falta de atenção";"Colisão lateral";"Com Vítimas Feridas";"Pleno dia";"Crescente";"Ceu Claro";"Dupla";"Curva";"Urbano";2;0;1;0;1;0;1;2
83461064;"01/05/16";"Domingo";"10:50:00";"SC";282;"57,5";"RANCHO QUEIMADO";"Falta de atenção";"Saída de Pista";"Com Vítimas Feridas";"Pleno dia";"Crescente";"Sol";"Simples";"Curva";"Rural";1;0;0;1;0;0;1;1
83461065;"01/05/16";"Domingo";"20:40:00";"SP";116;"209";"GUARULHOS";"Falta de atenção";"Colisão com objeto fixo";"Sem Vítimas";"Plena noite";"Decrescente";"Ceu Claro";"Dupla";"Reta";"Urbano";1;0;0;0;1;0;0;1
83461066;"01/05/16";"Domingo";"08:20:00";"MG";116;"550,5";"SANTA BARBARA DO LESTE";"Falta de atenção";"Colisão traseira";"Com Vítimas Feridas";"Pleno dia";"Crescente";"Ceu Claro";"Simples";"Reta";"Rural";2;0;1;0;1;0;1;2
83461067;"01/05/16";"Domingo";"14:40:00";"PR";277;"349,8";"GUARAPUAVA";"Falta de atenção";"Colisão Transversal";"Com Vítimas Feridas";"Pleno dia";"Decrescente";"Ceu Claro";"Simples";"Reta";"Urbano";4;0;2;1;1;0;3;2
83461068;"01/05/16";"Domingo";"19:30:00";"PE";101;"21,9";"GOIANA";"Outras";"Atropelamento de pessoa";"Com Vítimas Fatais";"Plena noite";"Crescente";"Nublado";"Dupla";"Reta";"Urbano";2;1;0;0;1;0;0;1
83461069;"01/05/16";"Domingo";"13:20:00";"PB";101;"105,8";"ALHANDRA";"Velocidade incompatível";"Capotamento";"Sem Vítimas";"Pleno dia";"Decrescente";"Chuva";"Dupla";"Curva";"Rural";1;0;0;0;1;0;0;1
83461070;"01/05/16";"Domingo";"21:20:00";"BA";116;"408";"FEIRA DE SANTANA";"Falta de atenção";"Colisão traseira";"Com Vítimas Feridas";"Plena noite";"Crescente";"Ceu Claro";"Simples";"Reta";"Rural";2;0;1;0;1;0;1;2
83461071;"01/05/16";"Domingo";"21:45:00";"PR";376;"623";"SAO JOSE DOS PINHAIS";"Velocidade incompatível";"Colisão traseira";"Sem Vítimas";"Plena noite";"Crescente";"Ceu Claro";"Dupla";"Reta";"Rural";2;0;0;0;2;0;0;2
83461072;"01/05/16";"Domingo";"18:15:00";"RS";116;"153";"CAXIAS DO SUL";"Desobediência à sinalização";"Colisão Transversal";"Com Vítimas Feridas";"Anoitecer";"Decrescente";"Ceu Claro";"Simples";"Reta";"Urbano";2;0;0;1;1;0;1;2
83461073;"01/05/16";"Domingo";"19:10:00";"MT";364;"573";"NOBRES";"Falta de atenção";"Saída de Pista";"Com Vítimas Feridas";"Plena noite";"Decrescente";"Ignorada";"Dupla";"Reta";"Rural";2;0;1;1;0;0;2;1
83461074;"01/05/16";"Domingo";"16:00:00";"SE";101;"69";"MARUIM";"Ingestão de álcool";"Colisão traseira";"Sem Vítimas";"Pleno dia";"Crescente";"Ceu Claro";"Simples";"Cruzamento";"Urbano";4;0;0;0;4;0;0;4
83461075;"01/05/16";"Domingo";"18:00:00";"PE";101;"115";"IPOJUCA";"Outras";"Atropelamento de pessoa";"Com Vítimas Fatais";"Anoitecer";"Decrescente";"Chuva";"Dupla";"Reta";"Rural";2;1;0;0;1;0;0;1
83461076;"01/05/16";"Domingo";"18:15:00";"PB";101;"123,5";"CAAPORA";"Defeito na via";"Saída de Pista";"Sem Vítimas";"Plena noite";"Decrescente";"Chuva";"Dupla";"Reta";"Rural";1;0;0;0;1;0;0;1
83461077;"01/05/16";"Domingo";"20:20:00";"AL";316;"137";"ESTRELA DE ALAGOAS";"Animais na Pista";"Atropelamento de animal";"Com Vítimas Feridas";"Plena noite";"Decrescente";"Vento";"Simples";"Reta";"Rural";3;0;3;0;0;0;3;1
83461078;"01/05/16";"Domingo";"16:00:00";"AC";364;"134";"RIO BRANCO";"Desobediência à sinalização";"Colisão Transversal";"Com Vítimas Feridas";"Pleno dia";"Crescente";"Ceu Claro";"Dupla";"Reta";"Urbano";3;0;2;0;0;1;2;2
83461079;"01/05/16";"Domingo";"20:40:00";"MS";163;"731,6";"COXIM";"Ingestão de álcool";"Colisão traseira";"Com Vítimas Feridas";"Plena noite";"Crescente";"Ceu Claro";"Simples";"Reta";"Rural";2;0;1;0;1;0;1;2
83461080;"01/05/16";"Domingo";"19:15:00";"RS";290;"102";"PORTO ALEGRE";"Falta de atenção";"Atropelamento de pessoa";"Com Vítimas Fatais";"Plena noite";"Decrescente";"Ceu Claro";"Dupla";"Reta";"Urbano";3;1;0;0;2;0;0;1
83461081;"01/05/16";"Domingo";"23:20:00";"PE";232;"146";"SAO CAITANO";"Outras";"Queda de motocicleta / bicicleta / veículo";"Com Vítimas Feridas";"Plena noite";"Decrescente";"Ceu Claro";"Dupla";"Reta";"Urbano";1;0;0;1;0;0;1;1
83461082;"01/05/16";"Domingo";"20:20:00";"PR";277;"723,6";"FOZ DO IGUACU";"Ultrapassagem indevida";"Colisão traseira";"Com Vítimas Feridas";"Plena noite";"Crescente";"Ceu Claro";"Dupla";"Reta";"Urbano";5;0;1;3;0;1;4;2
83461083;"01/05/16";"Domingo";"19:40:00";"RN";226;"61,6";"SERRA CAIADA";"Outras";"Colisão frontal";"Com Vítimas Fatais";"Plena noite";"Crescente";"Ceu Claro";"Simples";"Reta";"Rural";3;2;1;0;0;0;1;2
83461084;"01/05/16";"Domingo";"00:38:00";"SC";101;"181,1";"BIGUACU";"Falta de atenção";"Colisão traseira";"Com Vítimas Feridas";"Plena noite";"Crescente";"Ceu Claro";"Múltipla";"Reta";"Urbano";2;0;1;0;1;0;1;2
83461085;"01/05/16";"Domingo";"22:00:00";"PR";277;"726,4";"FOZ DO IGUACU";"Outras";"Saída de Pista";"Com Vítimas Feridas";"Plena noite";"Decrescente";"Ceu Claro";"Dupla";"Cruzamento";"Urbano";1;0;1;0;0;0;1;1
83461086;"01/05/16";"Domingo";"23:45:00";"SC";470;"145";"RIO DO SUL";"Ingestão de álcool";"Capotamento";"Com Vítimas Feridas";"Plena noite";"Crescente";"Ceu Claro";"Simples";"Reta";"Urbano";1;0;1;0;0;0;1;1
83461087;"01/05/16";"Domingo";"15:30:00";"MG";40;"549,8";"NOVA LIMA";"Ingestão de álcool";"Colisão lateral";"Com Vítimas Feridas";"Pleno dia";"Decrescente";"Ceu Claro";"Dupla";"Reta";"Urbano";2;0;0;1;1;0;1;2
83461088;"01/05/16";"Domingo";"23:40:00";"CE";116;"325,4";"JAGUARIBE";"Falta de atenção";"Saída de Pista";"Com Vítimas Feridas";"Plena noite";"Decrescente";"Ceu Claro";"Simples";"Reta";"Rural";2;0;0;2;0;0;2;1
83461089;"01/05/16";"Domingo";"20:40:00";"MG";267;"52,6";"MARIPA DE MINAS";"Outras";"Colisão lateral";"Com Vítimas Feridas";"Plena noite";"Crescente";"Nublado";"Simples";"Reta";"Rural";2;0;0;1;1;0;1;2
83461090;"01/05/16";"Domingo";"11:30:00";"MA";10;"236";"GOVERNADOR EDISON LOBAO";"Não guardar distância de segurança";"Colisão traseira";"Sem Vítimas";"Pleno dia";"Decrescente";"Ceu Claro";"Simples";"Reta";"Urbano";2;0;0;0;2;0;0;2
83461091;"01/05/16";"Domingo";"17:00:00";"RN";226;"308";"JANDUIS";"Outras";"Queda de motocicleta / bicicleta / veículo";"Com Vítimas Feridas";"Amanhecer";"Crescente";"Ceu Claro";"Simples";"Curva";"Rural";1;0;1;0;0;0;1;1
83461092;"01/05/16";"Domingo";"22:40:00";"MG";381;"517,6";"IGARAPE";"Velocidade incompatível";"Capotamento";"Com Vítimas Feridas";"Plena noite";"Decrescente";"Ceu Claro";"Dupla";"Curva";"Rural";1;0;1;0;0;0;1;1
83461093;"01/05/16";"Domingo";"23:00:00";"MG";459;"36";"SANTA RITA DE CALDAS";"Animais na Pista";"Atropelamento de animal";"Com Vítimas Fatais";"Plena noite";"Decrescente";"Ceu Claro";"Simples";"Reta";"Rural";2;1;0;1;0;0;1;1
83461094;"01/05/16";"Domingo";"18:20:00";"RS";116;"324,4";"BARRA DO RIBEIRO";"Ingestão de álcool";"Tombamento";"Com Vítimas Feridas";"Plena noite";"Decrescente";"Ceu Claro";"Simples";"Reta";"Rural";1;0;1;0;0;0;1;1
83461095;"01/05/16";"Domingo";"18:05:00";"RO";364;"237,6";"CACOAL";"Desobediência à sinalização";"Colisão lateral";"Com Vítimas Feridas";"Plena noite";"Crescente";"Ceu Claro";"Simples";"Reta";"Urbano";3;0;3;0;0;0;3;2
83461096;"01/05/16";"Domingo";"23:45:00";"GO";40;"12";"LUZIANIA";"Ingestão de álcool";"Colisão traseira";"Com Vítimas Feridas";"Plena noite";"Decrescente";"Ceu Claro";"Dupla";"Reta";"Urbano";3;0;1;0;2;0;1;2
83461097;"02/05/16";"Segunda";"01:30:00";"RS";116;"261,3";"CANOAS";"Dormindo";"Colisão com objeto fixo";"Com Vítimas Feridas";"Plena noite";"Crescente";"Ceu Claro";"Dupla";"Reta";"Urbano";1;0;0;1;0;0;1;1
83461098;"01/05/16";"Domingo";"08:15:00";"DF";20;"6";"BRASILIA";"Desobediência à sinalização";"Colisão traseira";"Sem Vítimas";"Pleno dia";"Decrescente";"Ceu Claro";"Dupla";"Reta";"Urbano";2;0;0;0;2;0;0;2
83461099;"01/05/16";"Domingo";"23:30:00";"RJ";40;"85";"PETROPOLIS";"Defeito na via";"Queda de motocicleta / bicicleta / veículo";"Com Vítimas Feridas";"Plena noite";"Decrescente";"Ceu Claro";"Simples";"Curva";"Rural";1;0;1;0;0;0;1;1
83461100;"27/04/16";"Quarta";"00:30:00";"PB";101;"106";"ALHANDRA";"Dormindo";"Saída de Pista";"Sem Vítimas";"Plena noite";"Decrescente";"Ceu Claro";"Dupla";"Reta";"Rural";1;0;0;0;1;0;0;1
83461101;"01/05/16";"Domingo";"22:45:00";"RS";392;"353";"SANTA MARIA";"Desobediência à sinalização";"Colisão frontal";"Com Vítimas Fatais";"Plena noite";"Decrescente";"Ceu Claro";"Dupla";"Cruzamento";"Urbano";3;1;1;0;1;0;1;3
83461102;"01/05/16";"Domingo";"13:20:00";"MA";222;"160,4";"PRESIDENTE VARGAS";"Falta de atenção";"Colisão com bicicleta";"Com Vítimas Fatais";"Pleno dia";"Decrescente";"Ceu Claro";"Simples";"Reta";"Rural";6;1;5;0;0;0;5;2
83461103;"02/05/16";"Segunda";"02:40:00";"MG";381;"497";"BETIM";"Ingestão de álcool";"Queda de motocicleta / bicicleta / veículo";"Com Vítimas Feridas";"Plena noite";"Crescente";"Ceu Claro";"Dupla";"Curva";"Urbano";1;0;1;0;0;0;1;1
83461104;"01/05/16";"Domingo";"22:15:00";"RS";287;"243,2";"SANTA MARIA";"Ingestão de álcool";"Colisão frontal";"Sem Vítimas";"Plena noite";"Decrescente";"Ceu Claro";"Simples";"Reta";"Urbano";2;0;0;0;2;0;0;2
83461105;"02/05/16";"Segunda";"02:05:00";"RJ";101;"299";"ITABORAI";"Falta de atenção";"Saída de Pista";"Sem Vítimas";"Plena noite";"Crescente";"Ceu Claro";"Dupla";"Reta";"Urbano";1;0;0;0;1;0;0;1
83461106;"01/05/16";"Domingo";"14:30:00";"PB";101;"122,7";"CAAPORA";"Velocidade incompatível";"Capotamento";"Sem Vítimas";"Pleno dia";"Crescente";"Chuva";"Dupla";"Reta";"Rural";1;0;0;0;1;0;0;1
83461107;"01/05/16";"Domingo";"20:40:00";"RO";364;"205,7";"PIMENTA BUENO";"Ingestão de álcool";"Tombamento";"Com Vítimas Feridas";"Plena noite";"Crescente";"Ceu Claro";"Simples";"Reta";"Rural";2;0;0;1;1;0;1;2
83461108;"01/05/16";"Domingo";"22:00:00";"ES";101;"235,4";"FUNDAO";"Ultrapassagem indevida";"Colisão frontal";"Com Vítimas Feridas";"Plena noite";"Decrescente";"Ceu Claro";"Simples";"Reta";"Rural";7;0;5;2;0;0;7;2
83461109;"01/05/16";"Domingo";"19:30:00";"PE";232;"101,5";"BEZERROS";"Falta de atenção";"Atropelamento de pessoa";"Com Vítimas Fatais";"Plena noite";"Crescente";"Nublado";"Dupla";"Reta";"Urbano";2;1;0;0;1;0;0;1
83461110;"01/05/16";"Domingo";"19:00:00";"TO";153;"332";"GUARAI";"Falta de atenção";"Colisão traseira";"Com Vítimas Feridas";"Plena noite";"Decrescente";"Nublado";"Dupla";"Reta";"Urbano";2;0;2;0;0;0;2;2
83461111;"01/05/16";"Domingo";"18:00:00";"PI";402;"92,4";"LUIS CORREIA";"Velocidade incompatível";"Tombamento";"Com Vítimas Feridas";"Anoitecer";"Decrescente";"Nublado";"Simples";"Curva";"Rural";3;0;1;2;0;0;3;2
83461112;"02/05/16";"Segunda";"04:20:00";"SC";101;"189,6";"BIGUACU";"Ingestão de álcool";"Capotamento";"Com Vítimas Feridas";"Plena noite";"Crescente";"Nublado";"Dupla";"Reta";"Urbano";4;0;3;0;1;0;3;1
83461113;"01/05/16";"Domingo";"17:30:00";"MG";40;"490,5";"ESMERALDAS";"Falta de atenção";"Colisão lateral";"Com Vítimas Feridas";"Anoitecer";"Crescente";"Ceu Claro";"Dupla";"Reta";"Rural";3;0;1;2;0;0;3;2
83461114;"02/05/16";"Segunda";"04:00:00";"MG";262;"54,1";"MANHUACU";"Dormindo";"Saída de Pista";"Com Vítimas Feridas";"Plena noite";"Decrescente";"Ceu Claro";"Simples";"Reta";"Rural";1;0;1;0;0;0;1;1
83461115;"28/04/16";"Quinta";"22:25:00";"BA";324;"611";"SIMOES FILHO";"Outras";"Tombamento";"Sem Vítimas";"Plena noite";"Crescente";"Ceu Claro";"Dupla";"Reta";"Urbano";1;0;0;0;1;0;0;1
83461116;"29/04/16";"Sexta";"04:30:00";"MG";262;"607,9";"CAMPOS ALTOS";"Velocidade incompatível";"Saída de Pista";"Com Vítimas Feridas";"Plena noite";"Decrescente";"Chuva";"Simples";"Curva";"Rural";3;0;3;0;0;0;3;1
83461117;"01/05/16";"Domingo";"17:40:00";"PE";423;"114";"PARANATAMA";"Desobediência à sinalização";"Colisão lateral";"Com Vítimas Feridas";"Anoitecer";"Crescente";"Ceu Claro";"Simples";"Reta";"Rural";2;0;0;1;1;0;1;2
83461118;"01/05/16";"Domingo";"08:30:00";"BA";420;"335,7";"JAGUAQUARA";"Outras";"Queda de motocicleta / bicicleta / veículo";"Com Vítimas Fatais";"Pleno dia";"Crescente";"Ceu Claro";"Simples";"Reta";"Rural";1;1;0;0;0;0;0;1
83461119;"01/05/16";"Domingo";"19:40:00";"PI";316;"0,5";"TERESINA";"Falta de atenção";"Colisão traseira";"Sem Vítimas";"Plena noite";"Decrescente";"Ceu Claro";"Múltipla";"Reta";"Urbano";2;0;0;0;2;0;0;2