"id";"data_inversa";"dia_semana";"horario";"uf";"br";"km";"municipio";"causa_acidente";"tipo_acidente";"classificacao_acidente";"fase_dia";"sentido_via";"condicao_metereologica";"tipo_pista";"tracado_via";"uso_solo";"pessoas";"mortos";"feridos_leves";"feridos_graves";"ilesos";"ignorados";"feridos";"veiculos"
83461230;"02/05/16";"Segunda";"07:20:00";"PA";316;"6";"ANANINDEUA";"Desobediência à sinalização";"Colisão lateral";"Sem Vítimas";"Pleno dia";"Decrescente";"Sol";"Dupla";"Reta";"Urbano";2;0;0;0;2;0;0;2
83461231;"02/05/16";"Segunda";"09:50:00";"GO";153;"498";"GOIANIA";"Outras";"Colisão traseira";"Com Vítimas Feridas";"Pleno dia";"Decrescente";"Ceu Claro";"Dupla";"Curva";"Urbano";2;0;1;0;1;0;1;2
83461232;"28/04/16";"Quinta";"17:15:00";"PR";116;"57";"CAMPINA GRANDE DO SUL";"Falta de atenção";"Colisão traseira";"Sem Vítimas";"Pleno dia";"Decrescente";"Sol";"Simples";"Reta";"Rural";2;0;0;0;2;0;0;2
83461233;"28/04/16";"Quinta";"22:30:00";"SP";116;"225";"GUARULHOS";"Não guardar distância de segurança";"Colisão traseira";"Sem Vítimas";"Plena noite";"Crescente";"Nublado";"Múltipla";"Reta";"Urbano";5;0;0;0;5;0;0;5
83461234;"15/04/16";"Sexta";"15:30:00";"PR";373;"479,5";"CORONEL VIVIDA";"Falta de atenção";"Colisão Transversal";"Ignorado";"Pleno dia";"Crescente";"Ceu Claro";"Simples";"Reta";"Urbano";2;0;0;0;0;2;0;2
83461235;"02/05/16";"Segunda";"11:45:00";"SC";101;"256";"PAULO LOPES";"Outras";"Capotamento";"Com Vítimas Feridas";"Plena noite";"Decrescente";"Ceu Claro";"Simples";"Reta";"Rural";2;0;1;0;0;1;1;2
83461236;"06/01/16";"Quarta";"17:20:00";"BA";324;"513";"FEIRA DE SANTANA";"Outras";"Colisão Transversal";"Com Vítimas Feridas";"Pleno dia";"Crescente";"Ceu Claro";"Simples";"Reta";"Rural";2;0;1;0;1;0;1;2
83461237;"02/05/16";"Segunda";"10:00:00";"BA";324;"541";"AMELIA RODRIGUES";"Defeito mecânico em veículo";"Colisão com objeto fixo";"Sem Vítimas";"Pleno dia";"Decrescente";"Nublado";"Dupla";"Reta";"Urbano";1;0;0;0;1;0;0;1
83461238;"17/04/16";"Domingo";"01:00:00";"PR";376;"181,3";"MARINGA";"Outras";"Atropelamento de pessoa";"Com Vítimas Feridas";"Plena noite";"Crescente";"Ceu Claro";"Dupla";"Reta";"Urbano";2;0;1;0;0;1;1;1
83461239;"30/04/16";"Sábado";"20:00:00";"RO";364;"464";"ARIQUEMES";"Animais na Pista";"Atropelamento de animal";"Com Vítimas Feridas";"Plena noite";"Decrescente";"Ceu Claro";"Simples";"Reta";"Rural";2;0;2;0;0;0;2;1
83461240;"02/05/16";"Segunda";"08:05:00";"PE";232;"424,6";"SERRA TALHADA";"Falta de atenção";"Saída de Pista";"Sem Vítimas";"Pleno dia";"Decrescente";"Ceu Claro";"Simples";"Reta";"Rural";1;0;0;0;1;0;0;1
83461241;"28/04/16";"Quinta";"18:05:00";"SC";280;"57,7";"GUARAMIRIM";"Desobediência à sinalização";"Colisão frontal";"Com Vítimas Feridas";"Anoitecer";"Decrescente";"Ceu Claro";"Simples";"Reta";"Urbano";2;0;1;0;1;0;1;2
83461242;"02/05/16";"Segunda";"06:00:00";"RS";392;"23,9";"RIO GRANDE";"Outras";"Saída de Pista";"Ignorado";"Amanhecer";"Decrescente";"Nevoeiro/neblina";"Dupla";"Reta";"Urbano";1;0;0;0;0;1;0;1
83461243;"29/04/16";"Sexta";"00:15:00";"PR";116;"31,5";"CAMPINA GRANDE DO SUL";"Falta de atenção";"Colisão traseira";"Sem Vítimas";"Plena noite";"Crescente";"Chuva";"Dupla";"Reta";"Rural";2;0;0;0;2;0;0;2
83461244;"02/05/16";"Segunda";"13:25:00";"SC";282;"493";"XANXERE";"Falta de atenção";"Colisão traseira";"Sem Vítimas";"Pleno dia";"Crescente";"Sol";"Simples";"Reta";"Rural";2;0;0;0;2;0;0;2
83461245;"21/04/16";"Quinta";"00:05:00";"RJ";116;"257,6";"VOLTA REDONDA";"Defeito mecânico em veículo";"Incêndio";"Sem Vítimas";"Plena noite";"Crescente";"Nublado";"Dupla";"Reta";"Rural";1;0;0;0;1;0;0;1
83461246;"16/04/16";"Sábado";"12:30:00";"CE";116;"6,5";"FORTALEZA";"Falta de atenção";"Atropelamento de pessoa";"Com Vítimas Fatais";"Plena noite";"Decrescente";"Ceu Claro";"Dupla";"Reta";"Urbano";2;1;0;0;0;1;0;1
83461247;"29/04/16";"Sexta";"03:30:00";"MG";153;"13";"ARAPORA";"Dormindo";"Saída de Pista";"Sem Vítimas";"Plena noite";"Decrescente";"Ceu Claro";"Dupla";"Reta";"Rural";1;0;0;0;1;0;0;1
83461248;"22/04/16";"Sexta";"16:45:00";"PR";116;"106,2";"SAO JOSE DOS PINHAIS";"Velocidade incompatível";"Colisão Transversal";"Com Vítimas Feridas";"Pleno dia";"Crescente";"Nublado";"Dupla";"Reta";"Urbano";3;0;2;0;1;0;2;2
83461249;"02/05/16";"Segunda";"13:00:00";"RO";364;"342";"JI-PARANA";"Falta de atenção";"Atropelamento de pessoa";"Com Vítimas Feridas";"Pleno dia";"Decrescente";"Ceu Claro";"Simples";"Reta";"Urbano";2;0;0;1;1;0;1;1
83461250;"02/05/16";"Segunda";"13:15:00";"PR";277;"509,8";"GUARANIACU";"Defeito mecânico em veículo";"Saída de Pista";"Com Vítimas Feridas";"Pleno dia";"Decrescente";"Sol";"Múltipla";"Reta";"Rural";2;0;1;1;0;0;2;1
83461251;"02/05/16";"Segunda";"14:20:00";"RS";285;"458";"IJUI";"Falta de atenção";"Colisão Transversal";"Com Vítimas Feridas";"Pleno dia";"Decrescente";"Sol";"Simples";"Reta";"Urbano";3;0;1;0;2;0;1;2
83461252;"02/05/16";"Segunda";"11:20:00";"SC";470;"108,7";"APIUNA";"Velocidade incompatível";"Colisão traseira";"Sem Vítimas";"Pleno dia";"Decrescente";"Ceu Claro";"Simples";"Curva";"Rural";2;0;0;0;2;0;0;2
83461253;"02/05/16";"Segunda";"09:30:00";"BA";242;"928";"LUIS EDUARDO MAGALHAES";"Não guardar distância de segurança";"Colisão traseira";"Com Vítimas Feridas";"Pleno dia";"Crescente";"Sol";"Simples";"Reta";"Rural";2;0;1;0;1;0;1;2
83461254;"02/05/16";"Segunda";"13:05:00";"ES";101;"127,9";"SOORETAMA";"Falta de atenção";"Colisão Transversal";"Com Vítimas Feridas";"Pleno dia";"Crescente";"Ceu Claro";"Dupla";"Reta";"Urbano";2;0;1;0;1;0;1;2
83461255;"02/05/16";"Segunda";"15:00:00";"SE";101;"105";"SAO CRISTOVAO";"Falta de atenção";"Colisão com objeto fixo";"Sem Vítimas";"Pleno dia";"Decrescente";"Ceu Claro";"Dupla";"Reta";"Rural";2;0;0;0;2;0;0;1
83461256;"02/05/16";"Segunda";"08:05:00";"PR";373;"237,4";"IMBITUVA";"Outras";"Tombamento";"Com Vítimas Fatais";"Pleno dia";"Decrescente";"Ceu Claro";"Dupla";"Curva";"Rural";1;1;0;0;0;0;0;1
83461257;"02/05/16";"Segunda";"10:30:00";"MG";262;"589,4";"CAMPOS ALTOS";"Velocidade incompatível";"Capotamento";"Sem Vítimas";"Pleno dia";"Crescente";"Sol";"Simples";"Curva";"Rural";1;0;0;0;1;0;0;1
83461258;"02/05/16";"Segunda";"10:30:00";"MG";381;"730,5";"CARMO DA CACHOEIRA";"Falta de atenção";"Capotamento";"Sem Vítimas";"Pleno dia";"Decrescente";"Ceu Claro";"Dupla";"Reta";"Rural";3;0;0;0;3;0;0;1
83461259;"02/05/16";"Segunda";"07:45:00";"BA";116;"420";"FEIRA DE SANTANA";"Falta de atenção";"Colisão frontal";"Com Vítimas Feridas";"Pleno dia";"Crescente";"Sol";"Dupla";"Reta";"Urbano";2;0;0;1;1;0;1;2
83461260;"28/04/16";"Quinta";"20:35:00";"PR";369;"149,2";"LONDRINA";"Ingestão de álcool";"Colisão lateral";"Sem Vítimas";"Plena noite";"Decrescente";"Ceu Claro";"Dupla";"Cruzamento";"Urbano";2;0;0;0;2;0;0;2
83461261;"28/04/16";"Quinta";"05:20:00";"GO";20;"21,5";"FORMOSA";"Dormindo";"Colisão com objeto fixo";"Com Vítimas Feridas";"Plena noite";"Decrescente";"Nublado";"Simples";"Reta";"Rural";1;0;1;0;0;0;1;1
83461262;"02/05/16";"Segunda";"07:00:00";"MT";364;"447";"VARZEA GRANDE";"Animais na Pista";"Atropelamento de animal";"Sem Vítimas";"Amanhecer";"Crescente";"Ceu Claro";"Simples";"Reta";"Rural";1;0;0;0;1;0;0;1
83461263;"02/05/16";"Segunda";"12:15:00";"PE";316;"123,2";"IBIMIRIM";"Animais na Pista";"Saída de Pista";"Sem Vítimas";"Pleno dia";"Crescente";"Sol";"Simples";"Reta";"Rural";2;0;0;0;2;0;0;1
83461264;"28/04/16";"Quinta";"07:30:00";"MG";381;"485";"BETIM";"Outras";"Colisão lateral";"Com Vítimas Feridas";"Pleno dia";"Decrescente";"Ceu Claro";"Dupla";"Reta";"Urbano";2;0;1;0;1;0;1;2
83461265;"02/05/16";"Segunda";"13:47:00";"PR";116;"147,1";"MANDIRITUBA";"Falta de atenção";"Colisão Transversal";"Sem Vítimas";"Pleno dia";"Crescente";"Ceu Claro";"Simples";"Reta";"Urbano";2;0;0;0;2;0;0;2
83461266;"02/05/16";"Segunda";"12:00:00";"PE";232;"253";"ARCOVERDE";"Desobediência à sinalização";"Colisão Transversal";"Sem Vítimas";"Pleno dia";"Crescente";"Sol";"Simples";"Curva";"Urbano";2;0;0;0;2;0;0;2
83461267;"02/05/16";"Segunda";"15:10:00";"SC";101;"41";"JOINVILLE";"Outras";"Danos Eventuais";"Sem Vítimas";"Pleno dia";"Decrescente";"Sol";"Dupla";"Curva";"Urbano";1;0;0;0;1;0;0;1
83461269;"02/05/16";"Segunda";"08:30:00";"PR";277;"81,5";"CURITIBA";"Outras";"Atropelamento de pessoa";"Com Vítimas Feridas";"Pleno dia";"Crescente";"Sol";"Dupla";"Reta";"Urbano";1;0;1;0;0;0;1;1
83461270;"30/04/16";"Sábado";"02:40:00";"MG";40;"738";"SANTOS DUMONT";"Velocidade incompatível";"Atropelamento de pessoa";"Com Vítimas Fatais";"Plena noite";"Decrescente";"Chuva";"Dupla";"Reta";"Rural";2;1;0;0;1;0;0;1
83461271;"02/05/16";"Segunda";"09:15:00";"PB";230;"334";"PATOS";"Falta de atenção";"Colisão Transversal";"Sem Vítimas";"Pleno dia";"Decrescente";"Ceu Claro";"Simples";"Reta";"Urbano";2;0;0;0;2;0;0;2
83461272;"28/04/16";"Quinta";"16:30:00";"MG";40;"434";"PARAOPEBA";"Outras";"Capotamento";"Sem Vítimas";"Pleno dia";"Crescente";"Nublado";"Dupla";"Reta";"Rural";1;0;0;0;1;0;0;1
83461273;"02/05/16";"Segunda";"11:40:00";"PR";153;"490";"GENERAL CARNEIRO";"Desobediência à sinalização";"Colisão Transversal";"Com Vítimas Feridas";"Pleno dia";"Decrescente";"Ceu Claro";"Simples";"Reta";"Urbano";3;0;0;2;1;0;2;2
83461274;"02/05/16";"Segunda";"14:30:00";"MG";116;"39";"CACHOEIRA DE PAJEU";"Velocidade incompatível";"Tombamento";"Sem Vítimas";"Pleno dia";"Decrescente";"Nublado";"Dupla";"Curva";"Rural";1;0;0;0;1;0;0;1
83461275;"02/05/16";"Segunda";"16:00:00";"MG";381;"514";"IGARAPE";"Outras";"Capotamento";"Com Vítimas Feridas";"Pleno dia";"Decrescente";"Sol";"Dupla";"Reta";"Rural";1;0;1;0;0;0;1;1
83461276;"21/02/16";"Domingo";"19:20:00";"BA";116;"418";"FEIRA DE SANTANA";"Ingestão de álcool";"Queda de motocicleta / bicicleta / veículo";"Ignorado";"Plena noite";"Decrescente";"Ceu Claro";"Dupla";"Reta";"Urbano";1;0;0;0;0;1;0;1
83461278;"02/05/16";"Segunda";"11:10:00";"RJ";116;"279";"BARRA MANSA";"Defeito mecânico em veículo";"Colisão com objeto fixo";"Sem Vítimas";"Pleno dia";"Crescente";"Sol";"Dupla";"Curva";"Rural";2;0;0;0;2;0;0;2
83461279;"26/04/16";"Terça";"19:00:00";"SP";153;"64";"SAO JOSE DO RIO PRETO";"Falta de atenção";"Colisão traseira";"Com Vítimas Feridas";"Plena noite";"Decrescente";"Nublado";"Dupla";"Reta";"Urbano";3;0;1;0;2;0;1;2
83461280;"02/05/16";"Segunda";"09:30:00";"SP";116;"159";"JACAREI";"Outras";"Colisão com objeto fixo";"Sem Vítimas";"Pleno dia";"Crescente";"Sol";"Dupla";"Reta";"Urbano";1;0;0;0;1;0;0;1
83461281;"30/04/16";"Sábado";"17:30:00";"RO";364;"556";"ALTO PARAISO";"Defeito mecânico em veículo";"Queda de motocicleta / bicicleta / veículo";"Com Vítimas Feridas";"Pleno dia";"Decrescente";"Sol";"Simples";"Reta";"Rural";1;0;1;0;0;0;1;1
83461282;"29/04/16";"Sexta";"07:30:00";"RJ";40;"15,8";"TRES RIOS";"Outras";"Capotamento";"Com Vítimas Feridas";"Pleno dia";"Crescente";"Chuva";"Dupla";"Curva";"Rural";1;0;0;1;0;0;1;1
83461283;"28/04/16";"Quinta";"16:30:00";"BA";242;"808";"BARREIRAS";"Não guardar distância de segurança";"Colisão traseira";"Sem Vítimas";"Pleno dia";"Decrescente";"Sol";"Simples";"Reta";"Rural";2;0;0;0;2;0;0;2
83461285;"02/05/16";"Segunda";"17:45:00";"PA";155;"337,7";"MARABA";"Falta de atenção";"Colisão Transversal";"Sem Vítimas";"Pleno dia";"Decrescente";"Ceu Claro";"Simples";"Reta";"Rural";2;0;0;0;2;0;0;2
83461286;"02/05/16";"Segunda";"10:35:00";"DF";40;"7,5";"BRASILIA";"Outras";"Colisão lateral";"Com Vítimas Feridas";"Pleno dia";"Decrescente";"Ceu Claro";"Dupla";"Reta";"Urbano";2;0;1;0;1;0;1;2
83461287;"01/05/16";"Domingo";"06:50:00";"RJ";116;"76";"TERESOPOLIS";"Outras";"Colisão frontal";"Com Vítimas Feridas";"Pleno dia";"Decrescente";"Nublado";"Simples";"Reta";"Rural";4;0;3;0;1;0;3;2
83461288;"02/05/16";"Segunda";"16:00:00";"PR";163;"286,4";"MARECHAL CANDIDO RONDON";"Outras";"Saída de Pista";"Sem Vítimas";"Pleno dia";"Crescente";"Ceu Claro";"Dupla";"Reta";"Urbano";2;0;0;0;2;0;0;2
83461289;"02/05/16";"Segunda";"05:00:00";"BA";116;"842";"VITORIA DA CONQUISTA";"Outras";"Derramamento de Carga";"Sem Vítimas";"Plena noite";"Crescente";"Chuva";"Simples";"Curva";"Rural";1;0;0;0;1;0;0;1
83461290;"02/05/16";"Segunda";"12:00:00";"RN";427;"158,5";"SERRA NEGRA DO NORTE";"Não guardar distância de segurança";"Colisão traseira";"Com Vítimas Feridas";"Pleno dia";"Decrescente";"Ceu Claro";"Simples";"Reta";"Rural";2;0;1;0;1;0;1;2
83461291;"28/04/16";"Quinta";"17:10:00";"BA";415;"22";"ILHEUS";"Outras";"Colisão traseira";"Com Vítimas Feridas";"Pleno dia";"Crescente";"Ceu Claro";"Simples";"Reta";"Rural";5;0;5;0;0;0;5;2
83461292;"02/05/16";"Segunda";"16:00:00";"SC";280;"130,4";"RIO NEGRINHO";"Desobediência à sinalização";"Colisão Transversal";"Sem Vítimas";"Pleno dia";"Crescente";"Ceu Claro";"Simples";"Reta";"Urbano";2;0;0;0;2;0;0;2
83461293;"02/05/16";"Segunda";"13:30:00";"CE";116;"541";"PENAFORTE";"Outras";"Capotamento";"Com Vítimas Feridas";"Pleno dia";"Crescente";"Chuva";"Simples";"Reta";"Rural";2;0;2;0;0;0;2;1
83461294;"29/04/16";"Sexta";"22:00:00";"MG";381;"532";"ITATIAIUCU";"Velocidade incompatível";"Saída de Pista";"Sem Vítimas";"Plena noite";"Crescente";"Chuva";"Dupla";"Curva";"Rural";1;0;0;0;1;0;0;1
83461297;"02/05/16";"Segunda";"17:45:00";"SC";101;"132";"BALNEARIO CAMBORIU";"Falta de atenção";"Queda de motocicleta / bicicleta / veículo";"Com Vítimas Feridas";"Plena noite";"Crescente";"Ceu Claro";"Dupla";"Reta";"Urbano";1;0;1;0;0;0;1;1
83461298;"02/05/16";"Segunda";"17:30:00";"PA";163;"989";"SANTAREM";"Outras";"Saída de Pista";"Com Vítimas Feridas";"Pleno dia";"Crescente";"Nublado";"Simples";"Reta";"Rural";2;0;0;1;1;0;1;1
83461299;"28/04/16";"Quinta";"21:30:00";"MA";135;"243";"PERITORO";"Animais na Pista";"Colisão frontal";"Com Vítimas Feridas";"Plena noite";"Crescente";"Ceu Claro";"Simples";"Reta";"Rural";3;0;3;0;0;0;3;2
83461300;"02/05/16";"Segunda";"17:50:00";"RS";116;"244,5";"SAO LEOPOLDO";"Não guardar distância de segurança";"Colisão traseira";"Com Vítimas Feridas";"Plena noite";"Crescente";"Ceu Claro";"Dupla";"Reta";"Urbano";3;0;2;0;1;0;2;3
83461301;"02/05/16";"Segunda";"00:00:00";"RN";101;"156";"CANGUARETAMA";"Defeito mecânico em veículo";"Incêndio";"Sem Vítimas";"Plena noite";"Decrescente";"Nublado";"Dupla";"Reta";"Rural";1;0;0;0;1;0;0;1
83461302;"02/05/16";"Segunda";"16:00:00";"PR";158;"424";"RIO BONITO DO IGUACU";"Velocidade incompatível";"Capotamento";"Com Vítimas Feridas";"Pleno dia";"Crescente";"Ceu Claro";"Simples";"Curva";"Rural";1;0;1;0;0;0;1;1
83461303;"28/04/16";"Quinta";"17:10:00";"SP";116;"223";"GUARULHOS";"Não guardar distância de segurança";"Colisão lateral";"Com Vítimas Feridas";"Pleno dia";"Crescente";"Nublado";"Múltipla";"Reta";"Urbano";2;0;1;0;1;0;1;2
83461304;"02/05/16";"Segunda";"13:50:00";"BA";101;"258,3";"SANTO ANTONIO DE JESUS";"Outras";"Saída de Pista";"Com Vítimas Feridas";"Pleno dia";"Decrescente";"Ceu Claro";"Dupla";"Cruzamento";"Rural";1;0;0;1;0;0;1;1
83461305;"02/05/16";"Segunda";"08:00:00";"BA";116;"138";"CANUDOS";"Defeito na via";"Saída de Pista";"Com Vítimas Fatais";"Pleno dia";"Crescente";"Ceu Claro";"Simples";"Reta";"Rural";2;1;1;0;0;0;1;1
83461306;"02/05/16";"Segunda";"11:30:00";"MT";163;"833";"SINOP";"Desobediência à sinalização";"Colisão Transversal";"Com Vítimas Feridas";"Pleno dia";"Crescente";"Ceu Claro";"Dupla";"Cruzamento";"Urbano";2;0;0;1;1;0;1;2
83461307;"02/05/16";"Segunda";"16:30:00";"MG";40;"515";"RIBEIRAO DAS NEVES";"Não guardar distância de segurança";"Colisão traseira";"Com Vítimas Feridas";"Pleno dia";"Crescente";"Ceu Claro";"Dupla";"Reta";"Urbano";3;0;0;1;2;0;1;3
83461308;"16/04/16";"Sábado";"20:20:00";"MG";381;"411";"NOVA UNIAO";"Outras";"Saída de Pista";"Com Vítimas Feridas";"Plena noite";"Crescente";"Ceu Claro";"Simples";"Reta";"Rural";3;0;0;2;1;0;2;1
83461309;"02/05/16";"Segunda";"07:30:00";"MG";267;"329,5";"CONCEICAO DO RIO VERDE";"Não guardar distância de segurança";"Colisão traseira";"Sem Vítimas";"Pleno dia";"Crescente";"Sol";"Simples";"Reta";"Rural";3;0;0;0;3;0;0;2
83461310;"02/05/16";"Segunda";"17:00:00";"SP";116;"221";"GUARULHOS";"Outras";"Colisão traseira";"Sem Vítimas";"Pleno dia";"Decrescente";"Ceu Claro";"Múltipla";"Reta";"Urbano";4;0;0;0;4;0;0;4
83461311;"02/05/16";"Segunda";"15:30:00";"ES";262;"2,6";"CARIACICA";"Falta de atenção";"Colisão lateral";"Com Vítimas Feridas";"Pleno dia";"Decrescente";"Ceu Claro";"Dupla";"Reta";"Urbano";2;0;0;1;0;1;1;2
83461313;"02/05/16";"Segunda";"15:30:00";"RS";290;"702,7";"URUGUAIANA";"Defeito mecânico em veículo";"Saída de Pista";"Sem Vítimas";"Pleno dia";"Decrescente";"Ceu Claro";"Simples";"Reta";"Rural";1;0;0;0;1;0;0;1
83461314;"02/05/16";"Segunda";"17:05:00";"RS";386;"227,6";"SOLEDADE";"Falta de atenção";"Colisão lateral";"Sem Vítimas";"Pleno dia";"Decrescente";"Ceu Claro";"Simples";"Curva";"Rural";2;0;0;0;2;0;0;2
83461315;"02/05/16";"Segunda";"08:00:00";"ES";262;"52,9";"MARECHAL FLORIANO";"Falta de atenção";"Colisão Transversal";"Com Vítimas Feridas";"Pleno dia";"Crescente";"Sol";"Simples";"Reta";"Urbano";2;0;0;1;1;0;1;2
83461316;"02/05/16";"Segunda";"17:00:00";"SP";116;"422,3";"JUQUIA";"Defeito mecânico em veículo";"Tombamento";"Sem Vítimas";"Pleno dia";"Decrescente";"Sol";"Dupla";"Reta";"Rural";1;0;0;0;1;0;0;1
83461318;"30/04/16";"Sábado";"19:15:00";"RR";174;"460";"MUCAJAI";"Ingestão de álcool";"Colisão Transversal";"Com Vítimas Feridas";"Plena noite";"Decrescente";"Ignorada";"Simples";"Reta";"Rural";2;0;0;1;1;0;1;2
83461319;"02/05/16";"Segunda";"01:00:00";"PE";101;"165";"GAMELEIRA";"Outras";"Tombamento";"Sem Vítimas";"Plena noite";"Decrescente";"Chuva";"Simples";"Curva";"Rural";1;0;0;0;1;0;0;1
83461320;"02/05/16";"Segunda";"18:00:00";"RS";116;"149,9";"CAXIAS DO SUL";"Falta de atenção";"Colisão lateral";"Com Vítimas Feridas";"Anoitecer";"Decrescente";"Nublado";"Dupla";"Reta";"Urbano";3;0;1;0;2;0;1;2
83461321;"02/05/16";"Segunda";"18:00:00";"DF";60;"11";"BRASILIA";"Outras";"Capotamento";"Com Vítimas Feridas";"Anoitecer";"Decrescente";"Ceu Claro";"Dupla";"Reta";"Rural";1;0;1;0;0;0;1;1
83461322;"02/05/16";"Segunda";"19:00:00";"RS";153;"45,4";"ERECHIM";"Outras";"Colisão lateral";"Sem Vítimas";"Plena noite";"Crescente";"Ceu Claro";"Simples";"Reta";"Rural";2;0;0;0;2;0;0;2
83461323;"02/05/16";"Segunda";"14:45:00";"RS";290;"86";"PORTO ALEGRE";"Ultrapassagem indevida";"Tombamento";"Com Vítimas Feridas";"Pleno dia";"Crescente";"Sol";"Dupla";"Cruzamento";"Rural";1;0;1;0;0;0;1;1
83461324;"02/05/16";"Segunda";"18:30:00";"PR";369;"85";"CORNELIO PROCOPIO";"Falta de atenção";"Colisão Transversal";"Com Vítimas Feridas";"Anoitecer";"Crescente";"Ceu Claro";"Simples";"Reta";"Urbano";2;0;1;0;1;0;1;2
83461325;"23/04/16";"Sábado";"04:30:00";"SC";101;"351,5";"JAGUARUNA";"Outras";"Saída de Pista";"Sem Vítimas";"Plena noite";"Crescente";"Chuva";"Dupla";"Reta";"Urbano";1;0;0;0;1;0;0;1
83461326;"02/05/16";"Segunda";"19:00:00";"SC";282;"6";"SAO JOSE";"Outras";"Colisão traseira";"Com Vítimas Feridas";"Plena noite";"Crescente";"Ceu Claro";"Dupla";"Curva";"Urbano";3;0;1;0;2;0;1;2
83461327;"02/05/16";"Segunda";"19:09:00";"PR";376;"499,4";"PONTA GROSSA";"Falta de atenção";"Atropelamento de pessoa";"Com Vítimas Feridas";"Plena noite";"Crescente";"Ceu Claro";"Dupla";"Reta";"Rural";2;0;0;1;1;0;1;1
83461328;"02/05/16";"Segunda";"12:10:00";"MG";262;"395,5";"PARA DE MINAS";"Velocidade incompatível";"Saída de Pista";"Ignorado";"Pleno dia";"Crescente";"Sol";"Dupla";"Reta";"Rural";1;0;0;0;0;1;0;1
83461329;"02/05/16";"Segunda";"13:55:00";"SC";282;"16";"PALHOCA";"Falta de atenção";"Colisão traseira";"Com Vítimas Feridas";"Pleno dia";"Crescente";"Ceu Claro";"Simples";"Reta";"Urbano";3;0;0;2;1;0;2;2
83461330;"27/04/16";"Quarta";"06:00:00";"RO";364;"9";"VILHENA";"Não guardar distância de segurança";"Colisão traseira";"Com Vítimas Feridas";"Amanhecer";"Decrescente";"Ceu Claro";"Simples";"Reta";"Urbano";2;0;1;0;1;0;1;2
83461331;"24/04/16";"Domingo";"17:00:00";"SP";116;"205,5";"ARUJA";"Velocidade incompatível";"Queda de motocicleta / bicicleta / veículo";"Com Vítimas Feridas";"Anoitecer";"Crescente";"Nublado";"Dupla";"Reta";"Urbano";2;0;2;0;0;0;2;1
83461332;"02/05/16";"Segunda";"19:10:00";"PR";369;"413";"JURANDA";"Desobediência à sinalização";"Colisão Transversal";"Sem Vítimas";"Anoitecer";"Crescente";"Ceu Claro";"Simples";"Reta";"Rural";7;0;0;0;7;0;0;2
83461333;"02/05/16";"Segunda";"16:40:00";"PR";277;"10";"PARANAGUA";"Defeito mecânico em veículo";"Queda de motocicleta / bicicleta / veículo";"Com Vítimas Feridas";"Pleno dia";"Decrescente";"Sol";"Simples";"Curva";"Rural";2;0;1;1;0;0;2;1
83461334;"10/04/16";"Domingo";"00:00:00";"BA";30;"620";"AURELINO LEAL";"Outras";"Capotamento";"Ignorado";"Plena noite";"Crescente";"Ignorada";"Simples";"Reta";"Rural";1;0;0;0;0;1;0;1
83461335;"02/05/16";"Segunda";"16:30:00";"BA";116;"632";"JAGUAQUARA";"Falta de atenção";"Colisão Transversal";"Com Vítimas Feridas";"Pleno dia";"Decrescente";"Ceu Claro";"Simples";"Reta";"Urbano";2;0;1;0;1;0;1;2
83461336;"20/03/16";"Domingo";"16:00:00";"BA";101;"500";"ITABUNA";"Outras";"Queda de motocicleta / bicicleta / veículo";"Ignorado";"Pleno dia";"Crescente";"Ignorada";"Simples";"Reta";"Rural";2;0;0;0;0;2;0;1
83461337;"02/05/16";"Segunda";"13:00:00";"BA";101;"65";"ENTRE RIOS";"Desobediência à sinalização";"Colisão lateral";"Sem Vítimas";"Pleno dia";"Decrescente";"Ceu Claro";"Dupla";"Reta";"Rural";3;0;0;0;3;0;0;2
83461339;"28/04/16";"Quinta";"14:00:00";"PR";373;"218,9";"IMBITUVA";"Dormindo";"Saída de Pista";"Sem Vítimas";"Pleno dia";"Decrescente";"Sol";"Simples";"Reta";"Rural";1;0;0;0;1;0;0;1
83461340;"02/05/16";"Segunda";"18:30:00";"SP";153;"325";"SAO PEDRO DO TURVO";"Outras";"Incêndio";"Sem Vítimas";"Anoitecer";"Decrescente";"Ceu Claro";"Simples";"Reta";"Rural";3;0;0;0;3;0;0;1
83461341;"02/05/16";"Segunda";"18:25:00";"MG";262;"366,6";"JUATUBA";"Falta de atenção";"Atropelamento de pessoa";"Com Vítimas Feridas";"Anoitecer";"Decrescente";"Ceu Claro";"Dupla";"Reta";"Rural";2;0;0;1;0;1;1;1
83461342;"02/05/16";"Segunda";"10:30:00";"SP";116;"307";"SAO LOURENCO DA SERRA";"Outras";"Colisão lateral";"Com Vítimas Feridas";"Pleno dia";"Crescente";"Ceu Claro";"Dupla";"Curva";"Rural";2;0;1;1;0;0;2;2
83461343;"02/05/16";"Segunda";"19:10:00";"SC";470;"325,8";"CAMPOS NOVOS";"Desobediência à sinalização";"Saída de Pista";"Com Vítimas Feridas";"Plena noite";"Crescente";"Ceu Claro";"Simples";"Reta";"Rural";3;0;3;0;0;0;3;1
83461344;"02/05/16";"Segunda";"10:00:00";"PE";428;"124,9";"LAGOA GRANDE";"Outras";"Colisão frontal";"Com Vítimas Fatais";"Pleno dia";"Crescente";"Sol";"Simples";"Reta";"Rural";2;1;0;0;1;0;0;2