"id";"data_inversa";"dia_semana";"horario";"uf";"br";"km";"municipio";"causa_acidente";"tipo_acidente";"classificacao_acidente";"fase_dia";"sentido_via";"condicao_metereologica";"tipo_pista";"tracado_via";"uso_solo";"pessoas";"mortos";"feridos_leves";"feridos_graves";"ilesos";"ignorados";"feridos";"veiculos"
83461345;"02/05/16";"Segunda";"17:30:00";"RS";386;"180";"CARAZINHO";"Falta de atenção";"Colisão traseira";"Com Vítimas Feridas";"Anoitecer";"Crescente";"Ceu Claro";"Simples";"Reta";"Rural";4;0;0;2;2;0;2;3
83461346;"02/05/16";"Segunda";"14:00:00";"ES";101;"260";"SERRA";"Outras";"Queda de motocicleta / bicicleta / veículo";"Com Vítimas Feridas";"Pleno dia";"Decrescente";"Ceu Claro";"Simples";"Curva";"Urbano";2;0;1;1;0;0;2;1
83461347;"01/05/16";"Domingo";"05:40:00";"BA";242;"827";"BARREIRAS";"Ultrapassagem indevida";"Colisão Transversal";"Com Vítimas Fatais";"Amanhecer";"Decrescente";"Ceu Claro";"Simples";"Reta";"Rural";2;1;0;0;1;0;0;2
83461348;"02/05/16";"Segunda";"20:20:00";"PR";376;"249,5";"APUCARANA";"Desobediência à sinalização";"Colisão Transversal";"Com Vítimas Feridas";"Plena noite";"Crescente";"Ceu Claro";"Simples";"Cruzamento";"Urbano";2;0;1;0;1;0;1;2
83461349;"02/05/16";"Segunda";"19:05:00";"RJ";393;"251";"BARRA DO PIRAI";"Falta de atenção";"Colisão com bicicleta";"Com Vítimas Feridas";"Plena noite";"Decrescente";"Ceu Claro";"Simples";"Reta";"Urbano";2;0;0;1;1;0;1;2
83461350;"24/04/16";"Domingo";"15:30:00";"RO";364;"445";"JARU";"Defeito mecânico em veículo";"Queda de motocicleta / bicicleta / veículo";"Com Vítimas Feridas";"Pleno dia";"Decrescente";"Ceu Claro";"Simples";"Reta";"Rural";2;0;2;0;0;0;2;1
83461351;"02/05/16";"Segunda";"16:30:00";"SP";116;"309,4";"SAO LOURENCO DA SERRA";"Falta de atenção";"Saída de Pista";"Com Vítimas Feridas";"Pleno dia";"Crescente";"Sol";"Dupla";"Reta";"Rural";3;0;1;0;1;1;1;1
83461352;"02/05/16";"Segunda";"17:30:00";"MG";40;"527,1";"CONTAGEM";"Outras";"Queda de motocicleta / bicicleta / veículo";"Com Vítimas Feridas";"Pleno dia";"Decrescente";"Ceu Claro";"Múltipla";"Reta";"Rural";1;0;1;0;0;0;1;1
83461353;"29/04/16";"Sexta";"19:30:00";"RN";405;"188,6";"MAJOR SALES";"Outras";"Atropelamento de pessoa";"Com Vítimas Fatais";"Plena noite";"Crescente";"Ceu Claro";"Simples";"Reta";"Urbano";2;1;1;0;0;0;1;1
83461354;"02/05/16";"Segunda";"20:20:00";"RS";290;"114,7";"ELDORADO DO SUL";"Ultrapassagem indevida";"Colisão frontal";"Com Vítimas Feridas";"Plena noite";"Crescente";"Ceu Claro";"Simples";"Reta";"Rural";5;0;0;1;4;0;1;2
83461355;"28/04/16";"Quinta";"10:00:00";"BA";101;"384,5";"IBIRAPITANGA";"Ultrapassagem indevida";"Saída de Pista";"Com Vítimas Feridas";"Pleno dia";"Crescente";"Ceu Claro";"Simples";"Curva";"Rural";2;0;0;1;1;0;1;2
83461356;"02/05/16";"Segunda";"08:30:00";"PR";277;"3";"FOZ DO IGUACU";"Desobediência à sinalização";"Colisão traseira";"Com Vítimas Feridas";"Pleno dia";"Decrescente";"Ceu Claro";"Dupla";"Reta";"Urbano";2;0;1;0;1;0;1;2
83461357;"02/05/16";"Segunda";"20:45:00";"RS";386;"30,8";"FREDERICO WESTPHALEN";"Falta de atenção";"Colisão Transversal";"Com Vítimas Feridas";"Anoitecer";"Decrescente";"Ceu Claro";"Simples";"Reta";"Rural";2;0;0;1;1;0;1;2
83461358;"02/05/16";"Segunda";"20:00:00";"PR";476;"139";"CURITIBA";"Velocidade incompatível";"Colisão traseira";"Sem Vítimas";"Pleno dia";"Decrescente";"Ceu Claro";"Simples";"Reta";"Urbano";2;0;0;0;2;0;0;2
83461359;"02/05/16";"Segunda";"22:00:00";"RS";116;"258";"ESTEIO";"Desobediência à sinalização";"Colisão Transversal";"Com Vítimas Feridas";"Plena noite";"Decrescente";"Ceu Claro";"Dupla";"Reta";"Urbano";2;0;1;0;1;0;1;2
83461360;"02/05/16";"Segunda";"21:30:00";"SC";116;"238,5";"CORREIA PINTO";"Ultrapassagem indevida";"Colisão com objeto fixo";"Com Vítimas Feridas";"Plena noite";"Decrescente";"Ceu Claro";"Simples";"Reta";"Rural";1;0;1;0;0;0;1;1
83461361;"02/05/16";"Segunda";"16:30:00";"RS";116;"267";"CANOAS";"Outras";"Colisão com objeto fixo";"Com Vítimas Feridas";"Pleno dia";"Decrescente";"Ceu Claro";"Múltipla";"Reta";"Urbano";1;0;1;0;0;0;1;1
83461362;"02/05/16";"Segunda";"19:30:00";"AP";210;"3";"MACAPA";"Outras";"Queda de motocicleta / bicicleta / veículo";"Com Vítimas Feridas";"Plena noite";"Crescente";"Nublado";"Dupla";"Reta";"Urbano";2;0;1;0;1;0;1;1
83461363;"02/05/16";"Segunda";"11:15:00";"MA";10;"264,5";"IMPERATRIZ";"Outras";"Colisão lateral";"Com Vítimas Fatais";"Pleno dia";"Crescente";"Ceu Claro";"Simples";"Reta";"Rural";2;1;1;0;0;0;1;2
83461364;"02/05/16";"Segunda";"18:45:00";"MG";381;"676";"PERDOES";"Falta de atenção";"Atropelamento de pessoa";"Com Vítimas Fatais";"Plena noite";"Crescente";"Ceu Claro";"Dupla";"Reta";"Rural";3;1;1;0;1;0;1;1
83461365;"02/05/16";"Segunda";"16:00:00";"PI";343;"302";"ALTOS";"Outras";"Saída de Pista";"Sem Vítimas";"Pleno dia";"Decrescente";"Chuva";"Simples";"Curva";"Rural";1;0;0;0;1;0;0;1
83461366;"27/04/16";"Quarta";"15:40:00";"MG";381;"799,2";"SAO GONCALO DO SAPUCAI";"Velocidade incompatível";"Saída de Pista";"Sem Vítimas";"Pleno dia";"Crescente";"Chuva";"Dupla";"Curva";"Rural";1;0;0;0;1;0;0;1
83461367;"02/05/16";"Segunda";"23:00:00";"SC";101;"257,7";"PAULO LOPES";"Dormindo";"Colisão traseira";"Com Vítimas Feridas";"Plena noite";"Crescente";"Ceu Claro";"Dupla";"Reta";"Rural";2;0;1;0;1;0;1;2
83461368;"29/04/16";"Sexta";"23:20:00";"SC";101;"135";"BALNEARIO CAMBORIU";"Falta de atenção";"Tombamento";"Com Vítimas Feridas";"Plena noite";"Crescente";"Nublado";"Simples";"Reta";"Urbano";1;0;0;1;0;0;1;1
83461369;"27/04/16";"Quarta";"16:00:00";"SC";282;"4,6";"SAO JOSE";"Não guardar distância de segurança";"Colisão lateral";"Com Vítimas Feridas";"Pleno dia";"Crescente";"Ceu Claro";"Dupla";"Reta";"Urbano";2;0;1;0;1;0;1;2
83461370;"02/05/16";"Segunda";"22:00:00";"RN";226;"110,5";"SANTA CRUZ";"Falta de atenção";"Atropelamento de pessoa";"Com Vítimas Feridas";"Plena noite";"Decrescente";"Ceu Claro";"Simples";"Reta";"Urbano";2;0;2;0;0;0;2;1
83461371;"02/05/16";"Segunda";"23:30:00";"RJ";393;"275,3";"BARRA DO PIRAI";"Dormindo";"Colisão com objeto fixo";"Sem Vítimas";"Plena noite";"Crescente";"Ceu Claro";"Simples";"Reta";"Rural";1;0;0;0;1;0;0;1
83461372;"02/05/16";"Segunda";"06:00:00";"PB";230;"20";"JOAO PESSOA";"Não guardar distância de segurança";"Colisão traseira";"Com Vítimas Feridas";"Pleno dia";"Decrescente";"Ceu Claro";"Dupla";"Reta";"Urbano";2;0;0;1;1;0;1;2
83461373;"02/05/16";"Segunda";"14:00:00";"PB";412;"4,7";"BOA VISTA";"Dormindo";"Colisão frontal";"Com Vítimas Feridas";"Pleno dia";"Crescente";"Ceu Claro";"Simples";"Reta";"Rural";6;0;2;4;0;0;6;2
83461374;"02/05/16";"Segunda";"18:20:00";"SC";101;"203,2";"SAO JOSE";"Falta de atenção";"Atropelamento de pessoa";"Com Vítimas Feridas";"Amanhecer";"Decrescente";"Ceu Claro";"Dupla";"Reta";"Urbano";2;0;0;1;1;0;1;1
83461375;"02/05/16";"Segunda";"17:30:00";"AL";101;"59,4";"MESSIAS";"Outras";"Atropelamento de pessoa";"Com Vítimas Fatais";"Plena noite";"Crescente";"Nublado";"Simples";"Curva";"Rural";2;1;0;0;0;1;0;1
83461376;"02/05/16";"Segunda";"15:15:00";"PR";376;"594";"CURITIBA";"Ingestão de álcool";"Colisão traseira";"Com Vítimas Feridas";"Pleno dia";"Crescente";"Ceu Claro";"Dupla";"Reta";"Urbano";2;0;1;0;1;0;1;2
83461377;"02/05/16";"Segunda";"18:06:00";"MT";163;"1060";"GUARANTA DO NORTE";"Ultrapassagem indevida";"Saída de Pista";"Com Vítimas Feridas";"Anoitecer";"Decrescente";"Ignorada";"Simples";"Reta";"Rural";2;0;2;0;0;0;2;1
83461378;"02/04/16";"Sábado";"18:10:00";"GO";60;"8";"APARECIDA DE GOIANIA";"Falta de atenção";"Colisão traseira";"Com Vítimas Feridas";"Anoitecer";"Crescente";"Nublado";"Dupla";"Reta";"Urbano";3;0;2;0;1;0;2;2
83461379;"30/04/16";"Sábado";"23:45:00";"ES";101;"269";"SERRA";"Ingestão de álcool";"Colisão traseira";"Com Vítimas Feridas";"Plena noite";"Decrescente";"Nublado";"Dupla";"Cruzamento";"Urbano";3;0;1;0;2;0;1;2
83461380;"02/05/16";"Segunda";"15:15:00";"PE";232;"102";"BEZERROS";"Defeito mecânico em veículo";"Colisão com objeto fixo";"Com Vítimas Feridas";"Pleno dia";"Decrescente";"Ceu Claro";"Dupla";"Reta";"Urbano";8;0;5;2;0;1;7;2
83461381;"03/05/16";"Terça";"05:30:00";"SC";101;"96,5";"PICARRAS";"Não guardar distância de segurança";"Colisão traseira";"Sem Vítimas";"Plena noite";"Decrescente";"Ceu Claro";"Dupla";"Reta";"Rural";3;0;0;0;2;1;0;3
83461384;"01/05/16";"Domingo";"15:54:00";"GO";80;"127";"BARRO ALTO";"Outras";"Saída de Pista";"Com Vítimas Feridas";"Pleno dia";"Crescente";"Sol";"Simples";"Reta";"Rural";2;0;1;0;1;0;1;1
83461385;"03/05/16";"Terça";"10:00:00";"MG";116;"773";"LEOPOLDINA";"Desobediência à sinalização";"Colisão Transversal";"Com Vítimas Feridas";"Pleno dia";"Decrescente";"Ceu Claro";"Simples";"Reta";"Urbano";2;0;1;0;1;0;1;2
83461386;"30/04/16";"Sábado";"00:15:00";"CE";222;"2,4";"FORTALEZA";"Falta de atenção";"Colisão traseira";"Com Vítimas Feridas";"Plena noite";"Crescente";"Ceu Claro";"Múltipla";"Reta";"Urbano";2;0;0;1;1;0;1;2
83461387;"29/04/16";"Sexta";"17:00:00";"MG";381;"430,9";"SABARA";"Velocidade incompatível";"Colisão lateral";"Com Vítimas Fatais";"Pleno dia";"Crescente";"Chuva";"Simples";"Curva";"Rural";3;1;0;0;2;0;0;3
83461388;"03/05/16";"Terça";"09:40:00";"RJ";40;"85";"PETROPOLIS";"Outras";"Colisão com objeto fixo";"Sem Vítimas";"Pleno dia";"Decrescente";"Ceu Claro";"Simples";"Curva";"Rural";1;0;0;0;1;0;0;1
83461390;"22/04/16";"Sexta";"19:50:00";"ES";101;"450,9";"MIMOSO DO SUL";"Outras";"Queda de motocicleta / bicicleta / veículo";"Com Vítimas Feridas";"Plena noite";"Decrescente";"Ceu Claro";"Simples";"Curva";"Rural";2;0;2;0;0;0;2;1
83461391;"29/04/16";"Sexta";"17:30:00";"SP";116;"27,6";"SILVEIRAS";"Outras";"Colisão lateral";"Sem Vítimas";"Pleno dia";"Decrescente";"Chuva";"Dupla";"Curva";"Rural";2;0;0;0;2;0;0;2
83461392;"02/05/16";"Segunda";"22:35:00";"PE";316;"80";"OURICURI";"Velocidade incompatível";"Colisão Transversal";"Com Vítimas Fatais";"Plena noite";"Crescente";"Ceu Claro";"Simples";"Reta";"Rural";2;1;0;0;1;0;0;2
83461393;"29/04/16";"Sexta";"16:00:00";"MG";40;"532";"BELO HORIZONTE";"Velocidade incompatível";"Colisão traseira";"Com Vítimas Feridas";"Pleno dia";"Crescente";"Ceu Claro";"Dupla";"Reta";"Urbano";3;0;0;2;1;0;2;2
83461394;"29/04/16";"Sexta";"18:00:00";"MG";365;"621";"UBERLANDIA";"Velocidade incompatível";"Tombamento";"Ignorado";"Anoitecer";"Crescente";"Ceu Claro";"Dupla";"Curva";"Urbano";1;0;0;0;0;1;0;1
83461395;"03/05/16";"Terça";"10:30:00";"ES";262;"16";"VIANA";"Falta de atenção";"Colisão traseira";"Sem Vítimas";"Pleno dia";"Decrescente";"Nublado";"Simples";"Reta";"Urbano";2;0;0;0;2;0;0;2
83461396;"03/05/16";"Terça";"07:45:00";"RJ";101;"310";"SAO GONCALO";"Não guardar distância de segurança";"Colisão traseira";"Com Vítimas Feridas";"Pleno dia";"Crescente";"Ceu Claro";"Dupla";"Reta";"Urbano";3;0;1;0;1;1;1;2
83461399;"04/03/16";"Sexta";"07:45:00";"BA";324;"613";"SALVADOR";"Outras";"Colisão traseira";"Sem Vítimas";"Pleno dia";"Decrescente";"Ignorada";"Dupla";"Reta";"Rural";2;0;0;0;2;0;0;2
83461400;"02/05/16";"Segunda";"15:00:00";"BA";116;"422";"FEIRA DE SANTANA";"Outras";"Colisão frontal";"Com Vítimas Feridas";"Pleno dia";"Decrescente";"Sol";"Simples";"Reta";"Urbano";3;0;0;1;2;0;1;3
83461401;"01/05/16";"Domingo";"04:20:00";"MS";267;"485,6";"JARDIM";"Ingestão de álcool";"Atropelamento de pessoa";"Com Vítimas Feridas";"Plena noite";"Decrescente";"Ceu Claro";"Simples";"Curva";"Rural";4;0;1;2;1;0;3;1
83461402;"02/05/16";"Segunda";"23:00:00";"MG";262;"117";"RIO CASCA";"Não guardar distância de segurança";"Colisão traseira";"Sem Vítimas";"Plena noite";"Decrescente";"Nublado";"Simples";"Curva";"Urbano";5;0;0;0;5;0;0;2
83461403;"03/05/16";"Terça";"09:40:00";"CE";116;"53,9";"PACAJUS";"Não guardar distância de segurança";"Colisão lateral";"Com Vítimas Feridas";"Pleno dia";"Decrescente";"Ceu Claro";"Dupla";"Curva";"Rural";2;0;1;0;1;0;1;2
83461404;"02/03/16";"Quarta";"18:00:00";"PB";101;"122,1";"CAAPORA";"Dormindo";"Colisão traseira";"Com Vítimas Feridas";"Plena noite";"Decrescente";"Ceu Claro";"Dupla";"Curva";"Rural";2;0;0;1;1;0;1;2
83461405;"02/05/16";"Segunda";"09:20:00";"PR";277;"309,1";"GUARAPUAVA";"Dormindo";"Capotamento";"Sem Vítimas";"Pleno dia";"Decrescente";"Ceu Claro";"Simples";"Curva";"Rural";1;0;0;0;1;0;0;1
83461406;"03/05/16";"Terça";"09:30:00";"MG";365;"631";"UBERLANDIA";"Falta de atenção";"Colisão traseira";"Sem Vítimas";"Pleno dia";"Decrescente";"Ceu Claro";"Dupla";"Cruzamento";"Urbano";2;0;0;0;2;0;0;2
83461407;"03/05/16";"Terça";"08:05:00";"RS";285;"255";"PASSO FUNDO";"Falta de atenção";"Colisão traseira";"Sem Vítimas";"Pleno dia";"Crescente";"Ceu Claro";"Simples";"Reta";"Rural";2;0;0;0;2;0;0;2
83461408;"03/05/16";"Terça";"07:30:00";"SC";282;"2,9";"FLORIANOPOLIS";"Falta de atenção";"Colisão lateral";"Sem Vítimas";"Pleno dia";"Decrescente";"Nublado";"Dupla";"Reta";"Urbano";2;0;0;0;2;0;0;2
83461409;"03/05/16";"Terça";"07:36:00";"MG";116;"526,3";"PIEDADE DE CARATINGA";"Falta de atenção";"Colisão Transversal";"Com Vítimas Feridas";"Pleno dia";"Crescente";"Ceu Claro";"Simples";"Reta";"Urbano";2;0;1;0;1;0;1;2
83461411;"02/05/16";"Segunda";"04:00:00";"PI";316;"315";"PICOS";"Velocidade incompatível";"Colisão com objeto fixo";"Com Vítimas Feridas";"Amanhecer";"Decrescente";"Ceu Claro";"Simples";"Reta";"Urbano";1;0;1;0;0;0;1;1
83461412;"29/04/16";"Sexta";"19:15:00";"MG";381;"844";"SAO SEBASTIAO DA BELA VISTA";"Defeito mecânico em veículo";"Saída de Pista";"Com Vítimas Feridas";"Plena noite";"Crescente";"Ceu Claro";"Dupla";"Reta";"Rural";2;0;1;0;1;0;1;1
83461413;"02/05/16";"Segunda";"22:30:00";"MT";70;"295";"POXOREO";"Animais na Pista";"Capotamento";"Sem Vítimas";"Plena noite";"Crescente";"Ignorada";"Simples";"Reta";"Rural";1;0;0;0;1;0;0;1
83461414;"25/04/16";"Segunda";"17:30:00";"SP";116;"276";"EMBU";"Defeito na via";"Queda de motocicleta / bicicleta / veículo";"Com Vítimas Feridas";"Anoitecer";"Crescente";"Ignorada";"Dupla";"Reta";"Urbano";1;0;1;0;0;0;1;1
83461416;"03/05/16";"Terça";"07:40:00";"SC";116;"36,5";"ITAIOPOLIS";"Outras";"Queda de motocicleta / bicicleta / veículo";"Com Vítimas Feridas";"Amanhecer";"Crescente";"Nevoeiro/neblina";"Simples";"Reta";"Urbano";2;0;1;0;1;0;1;2
83461417;"29/04/16";"Sexta";"20:50:00";"MS";163;"484,3";"CAMPO GRANDE";"Falta de atenção";"Colisão Transversal";"Com Vítimas Feridas";"Plena noite";"Crescente";"Nublado";"Simples";"Reta";"Urbano";2;0;0;1;0;1;1;2
83461418;"27/04/16";"Quarta";"08:30:00";"SP";381;"75";"SAO PAULO";"Outras";"Capotamento";"Sem Vítimas";"Pleno dia";"Crescente";"Chuva";"Dupla";"Curva";"Rural";1;0;0;0;1;0;0;1
83461419;"30/04/16";"Sábado";"20:00:00";"MT";174;"330";"PONTES E LACERDA";"Animais na Pista";"Atropelamento de animal";"Sem Vítimas";"Plena noite";"Decrescente";"Ceu Claro";"Simples";"Reta";"Rural";5;0;0;0;5;0;0;1
83461420;"30/04/16";"Sábado";"02:00:00";"GO";153;"514";"APARECIDA DE GOIANIA";"Falta de atenção";"Colisão Transversal";"Sem Vítimas";"Plena noite";"Decrescente";"Ceu Claro";"Dupla";"Reta";"Urbano";2;0;0;0;1;1;0;2
83461421;"30/04/16";"Sábado";"00:30:00";"PR";277;"592";"CASCAVEL";"Ingestão de álcool";"Tombamento";"Sem Vítimas";"Plena noite";"Decrescente";"Ceu Claro";"Simples";"Reta";"Urbano";1;0;0;0;1;0;0;1
83461422;"30/04/16";"Sábado";"05:00:00";"PR";369;"472";"CORBELIA";"Outras";"Capotamento";"Sem Vítimas";"Plena noite";"Crescente";"Ceu Claro";"Simples";"Curva";"Rural";1;0;0;0;1;0;0;1
83461423;"03/05/16";"Terça";"07:50:00";"ES";447;"12,6";"VILA VELHA";"Outras";"Colisão traseira";"Com Vítimas Feridas";"Pleno dia";"Crescente";"Ceu Claro";"Dupla";"Cruzamento";"Urbano";4;0;0;3;1;0;3;2
83461427;"29/04/16";"Sexta";"19:20:00";"ES";101;"232,8";"FUNDAO";"Desobediência à sinalização";"Colisão traseira";"Sem Vítimas";"Plena noite";"Crescente";"Ceu Claro";"Simples";"Reta";"Rural";2;0;0;0;2;0;0;2
83461428;"03/05/16";"Terça";"08:15:00";"RS";116;"520,2";"PELOTAS";"Falta de atenção";"Colisão lateral";"Sem Vítimas";"Pleno dia";"Decrescente";"Ceu Claro";"Simples";"Reta";"Urbano";2;0;0;0;2;0;0;2
83461429;"30/04/16";"Sábado";"05:20:00";"PE";101;"70";"RECIFE";"Outras";"Capotamento";"Com Vítimas Feridas";"Amanhecer";"Crescente";"Ceu Claro";"Dupla";"Reta";"Urbano";3;0;0;2;0;1;2;1
83461430;"29/04/16";"Sexta";"14:30:00";"ES";101;"270,2";"SERRA";"Desobediência à sinalização";"Atropelamento de pessoa";"Com Vítimas Feridas";"Pleno dia";"Crescente";"Ceu Claro";"Simples";"Reta";"Urbano";2;0;0;1;1;0;1;1
83461431;"02/05/16";"Segunda";"05:45:00";"MG";50;"153";"UBERABA";"Dormindo";"Colisão traseira";"Com Vítimas Fatais";"Amanhecer";"Decrescente";"Ceu Claro";"Dupla";"Reta";"Rural";2;1;1;0;0;0;1;2
83461432;"29/04/16";"Sexta";"18:30:00";"MG";381;"330";"NOVA ERA";"Velocidade incompatível";"Saída de Pista";"Sem Vítimas";"Anoitecer";"Crescente";"Chuva";"Dupla";"Curva";"Urbano";1;0;0;0;1;0;0;1
83461433;"30/04/16";"Sábado";"18:20:00";"BA";242;"773,5";"BARREIRAS";"Ultrapassagem indevida";"Colisão Transversal";"Com Vítimas Feridas";"Anoitecer";"Crescente";"Ceu Claro";"Simples";"Reta";"Rural";5;0;2;2;1;0;4;2
83461434;"03/05/16";"Terça";"08:30:00";"MG";381;"481";"CONTAGEM";"Não guardar distância de segurança";"Queda de motocicleta / bicicleta / veículo";"Com Vítimas Feridas";"Pleno dia";"Crescente";"Sol";"Dupla";"Reta";"Urbano";1;0;1;0;0;0;1;1
83461436;"29/04/16";"Sexta";"19:00:00";"MG";365;"503";"PATROCINIO";"Falta de atenção";"Colisão frontal";"Com Vítimas Feridas";"Plena noite";"Crescente";"Ceu Claro";"Simples";"Reta";"Rural";3;0;0;1;2;0;1;2
83461437;"29/04/16";"Sexta";"17:05:00";"SP";116;"144,9";"SAO JOSE DOS CAMPOS";"Falta de atenção";"Colisão traseira";"Com Vítimas Feridas";"Anoitecer";"Crescente";"Chuva";"Múltipla";"Reta";"Rural";6;0;2;0;4;0;2;5
83461438;"30/04/16";"Sábado";"00:05:00";"GO";40;"7";"VALPARAISO DE GOIAS";"Outras";"Colisão Transversal";"Com Vítimas Feridas";"Plena noite";"Decrescente";"Ceu Claro";"Múltipla";"Reta";"Urbano";3;0;1;0;2;0;1;2
83461439;"03/05/16";"Terça";"07:00:00";"GO";153;"167,3";"CAMPINORTE";"Outras";"Incêndio";"Ignorado";"Amanhecer";"Decrescente";"Ceu Claro";"Simples";"Reta";"Rural";1;0;0;0;0;1;0;1
83461440;"30/04/16";"Sábado";"19:50:00";"PR";277;"705,9";"SAO MIGUEL DO IGUACU";"Outras";"Colisão com objeto fixo";"Com Vítimas Feridas";"Plena noite";"Decrescente";"Ceu Claro";"Dupla";"Reta";"Rural";2;0;0;2;0;0;2;1
83461442;"03/05/16";"Terça";"11:45:00";"SC";101;"200,8";"SAO JOSE";"Falta de atenção";"Colisão traseira";"Com Vítimas Feridas";"Pleno dia";"Decrescente";"Nublado";"Múltipla";"Reta";"Urbano";2;0;0;1;1;0;1;2
83461443;"30/04/16";"Sábado";"06:00:00";"PR";376;"589";"CURITIBA";"Não guardar distância de segurança";"Colisão traseira";"Com Vítimas Feridas";"Amanhecer";"Crescente";"Ignorada";"Dupla";"Reta";"Urbano";2;0;2;0;0;0;2;2
83461445;"03/05/16";"Terça";"07:00:00";"MG";381;"480,5";"CONTAGEM";"Falta de atenção";"Colisão traseira";"Com Vítimas Feridas";"Pleno dia";"Decrescente";"Sol";"Dupla";"Reta";"Urbano";2;0;1;0;1;0;1;2
83461446;"29/04/16";"Sexta";"07:45:00";"ES";101;"1,2";"SERRA";"Outras";"Colisão lateral";"Com Vítimas Feridas";"Amanhecer";"Crescente";"Ceu Claro";"Simples";"Reta";"Urbano";3;0;2;1;0;0;3;2
83461447;"29/04/16";"Sexta";"21:13:00";"TO";153;"314";"GUARAI";"Outras";"Tombamento";"Com Vítimas Feridas";"Plena noite";"Decrescente";"Ceu Claro";"Simples";"Reta";"Rural";1;0;1;0;0;0;1;1
83461448;"30/04/16";"Sábado";"01:30:00";"PR";476;"141";"CURITIBA";"Velocidade incompatível";"Capotamento";"Com Vítimas Feridas";"Plena noite";"Decrescente";"Nublado";"Dupla";"Reta";"Urbano";1;0;0;1;0;0;1;1
83461449;"01/05/16";"Domingo";"21:55:00";"MG";40;"70,3";"PARACATU";"Velocidade incompatível";"Colisão traseira";"Com Vítimas Feridas";"Plena noite";"Decrescente";"Ceu Claro";"Simples";"Reta";"Rural";2;0;1;0;1;0;1;2
83461450;"29/04/16";"Sexta";"20:15:00";"MG";40;"521";"CONTAGEM";"Não guardar distância de segurança";"Colisão traseira";"Sem Vítimas";"Plena noite";"Decrescente";"Chuva";"Dupla";"Curva";"Urbano";2;0;0;0;2;0;0;2
83461451;"03/05/16";"Terça";"11:20:00";"MG";50;"175,9";"UBERABA";"Outras";"Tombamento";"Sem Vítimas";"Pleno dia";"Crescente";"Ceu Claro";"Dupla";"Reta";"Urbano";1;0;0;0;1;0;0;1
83461452;"29/04/16";"Sexta";"19:15:00";"RS";392;"8,9";"RIO GRANDE";"Outras";"Colisão Transversal";"Com Vítimas Feridas";"Plena noite";"Decrescente";"Nevoeiro/neblina";"Simples";"Reta";"Urbano";2;0;0;1;1;0;1;2
83461453;"02/05/16";"Segunda";"22:40:00";"SC";280;"218,2";"TRES BARRAS";"Defeito mecânico em veículo";"Tombamento";"Com Vítimas Fatais";"Plena noite";"Crescente";"Ceu Claro";"Simples";"Reta";"Rural";2;1;0;0;1;0;0;2
83461454;"28/04/16";"Quinta";"22:45:00";"RO";319;"63,1";"PORTO VELHO";"Falta de atenção";"Atropelamento de pessoa";"Com Vítimas Feridas";"Plena noite";"Crescente";"Ceu Claro";"Dupla";"Reta";"Urbano";2;0;2;0;0;0;2;1
83461455;"03/05/16";"Terça";"08:30:00";"SP";153;"56";"SAO JOSE DO RIO PRETO";"Falta de atenção";"Colisão lateral";"Com Vítimas Fatais";"Pleno dia";"Decrescente";"Sol";"Simples";"Reta";"Urbano";3;1;0;0;2;0;0;3
83461456;"30/04/16";"Sábado";"05:00:00";"SC";101;"210,8";"SAO JOSE";"Outras";"Colisão com objeto fixo";"Ignorado";"Plena noite";"Decrescente";"Ignorada";"Simples";"Reta";"Urbano";1;0;0;0;0;1;0;1
83461457;"03/05/16";"Terça";"10:00:00";"BA";324;"3";"FEIRA DE SANTANA";"Falta de atenção";"Atropelamento de pessoa";"Com Vítimas Feridas";"Pleno dia";"Decrescente";"Chuva";"Dupla";"Reta";"Urbano";2;0;1;0;1;0;1;1
83461459;"29/04/16";"Sexta";"21:00:00";"RJ";116;"261";"BARRA MANSA";"Outras";"Colisão com objeto fixo";"Com Vítimas Feridas";"Plena noite";"Decrescente";"Chuva";"Dupla";"Curva";"Rural";1;0;1;0;0;0;1;1
83461460;"30/04/16";"Sábado";"05:00:00";"SC";101;"135";"BALNEARIO CAMBORIU";"Falta de atenção";"Colisão traseira";"Com Vítimas Feridas";"Plena noite";"Crescente";"Ceu Claro";"Dupla";"Reta";"Urbano";2;0;1;0;0;1;1;2
83461461;"25/04/16";"Segunda";"09:10:00";"MT";70;"672";"CACERES";"Falta de atenção";"Saída de Pista";"Com Vítimas Feridas";"Pleno dia";"Crescente";"Sol";"Simples";"Reta";"Rural";1;0;1;0;0;0;1;1
83461462;"03/05/16";"Terça";"07:35:00";"RO";364;"158,3";"PIMENTA BUENO";"Falta de atenção";"Colisão traseira";"Com Vítimas Feridas";"Pleno dia";"Decrescente";"Ceu Claro";"Simples";"Curva";"Rural";4;0;1;0;3;0;1;2
83461463;"03/05/16";"Terça";"12:20:00";"PR";277;"708,7";"SANTA TEREZINHA DE ITAIPU";"Ingestão de álcool";"Colisão Transversal";"Com Vítimas Feridas";"Pleno dia";"Crescente";"Ceu Claro";"Dupla";"Reta";"Urbano";2;0;0;1;1;0;1;2
83461464;"29/04/16";"Sexta";"09:30:00";"MG";381;"510,8";"SAO JOAQUIM DE BICAS";"Velocidade incompatível";"Saída de Pista";"Com Vítimas Feridas";"Pleno dia";"Decrescente";"Chuva";"Dupla";"Curva";"Urbano";2;0;2;0;0;0;2;1