"id";"data_inversa";"dia_semana";"horario";"uf";"br";"km";"municipio";"causa_acidente";"tipo_acidente";"classificacao_acidente";"fase_dia";"sentido_via";"condicao_metereologica";"tipo_pista";"tracado_via";"uso_solo";"pessoas";"mortos";"feridos_leves";"feridos_graves";"ilesos";"ignorados";"feridos";"veiculos"
83461710;"29/04/16";"Sexta";"15:00:00";"SP";116;"76,1";"ROSEIRA";"Outras";"Colisão lateral";"Com Vítimas Feridas";"Pleno dia";"Crescente";"Chuva";"Dupla";"Curva";"Urbano";3;0;1;0;2;0;1;2
83461711;"28/04/16";"Quinta";"08:42:00";"SP";153;"205,9";"GETULINA";"Outras";"Colisão traseira";"Com Vítimas Feridas";"Pleno dia";"Decrescente";"Sol";"Simples";"Reta";"Rural";2;0;2;0;0;0;2;2
83461712;"04/05/16";"Quarta";"09:20:00";"PR";153;"40,5";"SANTO ANTONIO DA PLATINA";"Falta de atenção";"Colisão traseira";"Com Vítimas Feridas";"Pleno dia";"Crescente";"Ceu Claro";"Simples";"Reta";"Urbano";3;0;2;0;1;0;2;3
83461713;"04/05/16";"Quarta";"07:00:00";"DF";40;"2,5";"BRASILIA";"Não guardar distância de segurança";"Colisão traseira";"Com Vítimas Feridas";"Pleno dia";"Decrescente";"Sol";"Dupla";"Reta";"Urbano";3;0;2;0;1;0;2;2
83461715;"27/04/16";"Quarta";"13:30:00";"SP";381;"74";"SAO PAULO";"Defeito mecânico em veículo";"Capotamento";"Sem Vítimas";"Pleno dia";"Crescente";"Chuva";"Dupla";"Curva";"Urbano";1;0;0;0;1;0;0;1
83461716;"04/05/16";"Quarta";"07:40:00";"SC";101;"402";"MARACAJA";"Falta de atenção";"Colisão lateral";"Com Vítimas Fatais";"Pleno dia";"Decrescente";"Ceu Claro";"Dupla";"Reta";"Urbano";3;1;0;0;2;0;0;3
83461717;"04/05/16";"Quarta";"10:00:00";"PR";369;"432,8";"JURANDA";"Falta de atenção";"Colisão Transversal";"Sem Vítimas";"Pleno dia";"Decrescente";"Ceu Claro";"Simples";"Reta";"Rural";2;0;0;0;2;0;0;2
83461718;"04/05/16";"Quarta";"10:20:00";"SP";116;"219";"GUARULHOS";"Falta de atenção";"Colisão lateral";"Sem Vítimas";"Pleno dia";"Decrescente";"Ceu Claro";"Múltipla";"Reta";"Urbano";2;0;0;0;2;0;0;2
83461719;"26/04/16";"Terça";"06:15:00";"RJ";356;"66";"ITALVA";"Falta de atenção";"Saída de Pista";"Com Vítimas Feridas";"Amanhecer";"Decrescente";"Ceu Claro";"Simples";"Reta";"Rural";3;0;2;0;1;0;2;1
83461720;"04/05/16";"Quarta";"11:10:00";"RS";386;"326,2";"MARQUES DE SOUZA";"Desobediência à sinalização";"Colisão lateral";"Sem Vítimas";"Pleno dia";"Decrescente";"Ceu Claro";"Simples";"Reta";"Rural";2;0;0;0;2;0;0;2
83461721;"30/04/16";"Sábado";"18:20:00";"RJ";116;"293";"PORTO REAL";"Outras";"Atropelamento de pessoa";"Com Vítimas Feridas";"Plena noite";"Decrescente";"Ceu Claro";"Dupla";"Curva";"Rural";2;0;1;0;1;0;1;1
83461722;"04/05/16";"Quarta";"09:40:00";"MT";174;"286";"PONTES E LACERDA";"Não guardar distância de segurança";"Colisão traseira";"Sem Vítimas";"Pleno dia";"Decrescente";"Ceu Claro";"Simples";"Reta";"Rural";4;0;0;0;4;0;0;2
83461723;"04/05/16";"Quarta";"11:00:00";"SC";282;"1,8";"FLORIANOPOLIS";"Falta de atenção";"Colisão traseira";"Com Vítimas Feridas";"Pleno dia";"Decrescente";"Sol";"Dupla";"Reta";"Urbano";4;0;1;0;3;0;1;3
83461724;"04/05/16";"Quarta";"11:05:00";"SC";470;"134,6";"RIO DO SUL";"Falta de atenção";"Colisão traseira";"Sem Vítimas";"Pleno dia";"Crescente";"Nublado";"Simples";"Reta";"Urbano";2;0;0;0;2;0;0;2
83461725;"04/05/16";"Quarta";"08:30:00";"MG";262;"36,5";"MANHUACU";"Ingestão de álcool";"Atropelamento de pessoa";"Com Vítimas Feridas";"Pleno dia";"Decrescente";"Ceu Claro";"Simples";"Cruzamento";"Urbano";2;0;0;1;1;0;1;1
83461726;"04/05/16";"Quarta";"08:20:00";"PR";277;"577,1";"CASCAVEL";"Falta de atenção";"Colisão Transversal";"Com Vítimas Feridas";"Pleno dia";"Decrescente";"Ceu Claro";"Simples";"Reta";"Urbano";2;0;1;0;1;0;1;2
83461727;"04/05/16";"Quarta";"10:00:00";"PA";316;"88";"SANTA MARIA DO PARA";"Outras";"Saída de Pista";"Sem Vítimas";"Pleno dia";"Decrescente";"Ceu Claro";"Simples";"Reta";"Rural";2;0;0;0;2;0;0;1
83461728;"18/04/16";"Segunda";"13:40:00";"SC";470;"46,5";"GASPAR";"Outras";"Colisão com objeto móvel";"Com Vítimas Feridas";"Pleno dia";"Decrescente";"Ceu Claro";"Simples";"Reta";"Urbano";1;0;1;0;0;0;1;1
83461729;"04/05/16";"Quarta";"10:15:00";"GO";153;"514";"APARECIDA DE GOIANIA";"Falta de atenção";"Colisão lateral";"Com Vítimas Feridas";"Pleno dia";"Decrescente";"Sol";"Dupla";"Reta";"Urbano";3;0;2;0;1;0;2;2
83461730;"04/05/16";"Quarta";"06:50:00";"ES";101;"267,9";"SERRA";"Falta de atenção";"Colisão traseira";"Com Vítimas Feridas";"Pleno dia";"Crescente";"Ceu Claro";"Múltipla";"Reta";"Urbano";2;0;0;1;1;0;1;2
83461732;"04/05/16";"Quarta";"09:30:00";"PA";316;"206";"SANTA LUZIA DO PARA";"Ultrapassagem indevida";"Saída de Pista";"Com Vítimas Feridas";"Plena noite";"Decrescente";"Ceu Claro";"Simples";"Reta";"Rural";4;0;2;1;1;0;3;1
83461733;"02/05/16";"Segunda";"22:10:00";"SP";116;"30,7";"CRUZEIRO";"Falta de atenção";"Colisão traseira";"Com Vítimas Feridas";"Plena noite";"Crescente";"Ceu Claro";"Dupla";"Curva";"Rural";2;0;1;0;1;0;1;2
83461734;"04/05/16";"Quarta";"13:05:00";"RS";386;"342,3";"LAJEADO";"Desobediência à sinalização";"Colisão Transversal";"Com Vítimas Feridas";"Pleno dia";"Decrescente";"Sol";"Simples";"Reta";"Urbano";2;0;1;0;1;0;1;2
83461735;"04/05/16";"Quarta";"10:55:00";"PR";376;"593";"CURITIBA";"Desobediência à sinalização";"Saída de Pista";"Sem Vítimas";"Pleno dia";"Decrescente";"Sol";"Dupla";"Reta";"Rural";2;0;0;0;2;0;0;2
83461736;"04/05/16";"Quarta";"10:00:00";"PR";476;"119";"COLOMBO";"Falta de atenção";"Colisão lateral";"Com Vítimas Feridas";"Pleno dia";"Crescente";"Ceu Claro";"Dupla";"Reta";"Urbano";2;0;0;1;1;0;1;2
83461737;"30/04/16";"Sábado";"19:00:00";"MG";365;"631";"UBERLANDIA";"Ingestão de álcool";"Saída de Pista";"Sem Vítimas";"Plena noite";"Crescente";"Ceu Claro";"Dupla";"Curva";"Urbano";1;0;0;0;1;0;0;1
83461738;"04/05/16";"Quarta";"07:10:00";"MG";116;"273,9";"TEOFILO OTONI";"Outras";"Colisão com objeto fixo";"Com Vítimas Feridas";"Pleno dia";"Crescente";"Ceu Claro";"Dupla";"Cruzamento";"Urbano";2;0;2;0;0;0;2;1
83461739;"04/05/16";"Quarta";"07:30:00";"PR";376;"175,2";"MARINGA";"Desobediência à sinalização";"Colisão Transversal";"Com Vítimas Feridas";"Pleno dia";"Decrescente";"Ceu Claro";"Dupla";"Reta";"Urbano";2;0;1;0;1;0;1;2
83461740;"04/05/16";"Quarta";"11:00:00";"PE";408;"74,2";"PAUDALHO";"Outras";"Atropelamento de pessoa";"Com Vítimas Feridas";"Pleno dia";"Crescente";"Sol";"Múltipla";"Reta";"Urbano";2;0;1;1;0;0;2;1
83461741;"04/05/16";"Quarta";"09:20:00";"GO";60;"165";"GOIANIA";"Outras";"Queda de motocicleta / bicicleta / veículo";"Com Vítimas Feridas";"Pleno dia";"Crescente";"Sol";"Dupla";"Reta";"Urbano";2;0;1;1;0;0;2;1
83461742;"28/04/16";"Quinta";"18:00:00";"MG";262;"385";"MATEUS LEME";"Outras";"Derramamento de Carga";"Sem Vítimas";"Plena noite";"Crescente";"Ceu Claro";"Dupla";"Reta";"Rural";2;0;0;0;2;0;0;2
83461743;"04/05/16";"Quarta";"12:50:00";"BA";116;"834,2";"VITORIA DA CONQUISTA";"Defeito mecânico em veículo";"Saída de Pista";"Com Vítimas Feridas";"Pleno dia";"Decrescente";"Ceu Claro";"Simples";"Reta";"Rural";3;0;3;0;0;0;3;1
83461746;"04/05/16";"Quarta";"11:10:00";"PE";101;"128";"ESCADA";"Falta de atenção";"Colisão frontal";"Com Vítimas Feridas";"Pleno dia";"Crescente";"Ceu Claro";"Simples";"Reta";"Rural";2;0;1;0;1;0;1;2
83461747;"04/05/16";"Quarta";"11:25:00";"MG";40;"297,5";"TRES MARIAS";"Falta de atenção";"Colisão traseira";"Sem Vítimas";"Pleno dia";"Decrescente";"Ceu Claro";"Simples";"Reta";"Rural";2;0;0;0;2;0;0;2
83461748;"04/05/16";"Quarta";"07:00:00";"GO";60;"10,8";"APARECIDA DE GOIANIA";"Outras";"Colisão lateral";"Com Vítimas Feridas";"Pleno dia";"Crescente";"Ceu Claro";"Dupla";"Reta";"Urbano";2;0;1;0;1;0;1;2
83461749;"04/05/16";"Quarta";"13:00:00";"PR";376;"136";"NOVA ESPERANCA";"Desobediência à sinalização";"Colisão Transversal";"Com Vítimas Feridas";"Pleno dia";"Decrescente";"Ceu Claro";"Simples";"Curva";"Rural";3;0;0;1;2;0;1;2
83461750;"04/05/16";"Quarta";"08:30:00";"SC";101;"117,9";"ITAJAI";"Velocidade incompatível";"Colisão lateral";"Com Vítimas Fatais";"Pleno dia";"Crescente";"Ceu Claro";"Dupla";"Reta";"Urbano";2;1;0;0;1;0;0;2
83461751;"04/05/16";"Quarta";"08:18:00";"SC";470;"209";"SAO CRISTOVAO DO SUL";"Dormindo";"Colisão lateral";"Com Vítimas Feridas";"Pleno dia";"Crescente";"Nevoeiro/neblina";"Simples";"Reta";"Rural";2;0;1;0;1;0;1;2
83461752;"04/05/16";"Quarta";"13:15:00";"GO";158;"274,8";"JATAI";"Desobediência à sinalização";"Colisão Transversal";"Com Vítimas Feridas";"Pleno dia";"Decrescente";"Ceu Claro";"Dupla";"Reta";"Urbano";2;0;1;0;0;1;1;2
83461753;"30/04/16";"Sábado";"19:15:00";"SC";116;"10,5";"MAFRA";"Ingestão de álcool";"Colisão lateral";"Sem Vítimas";"Plena noite";"Crescente";"Ceu Claro";"Simples";"Reta";"Rural";2;0;0;0;2;0;0;2
83461754;"15/04/16";"Sexta";"07:30:00";"PA";230;"627";"ALTAMIRA";"Ingestão de álcool";"Capotamento";"Com Vítimas Feridas";"Amanhecer";"Decrescente";"Ceu Claro";"Simples";"Reta";"Urbano";2;0;1;0;1;0;1;1
83461755;"24/03/16";"Quinta";"20:15:00";"PR";376;"657";"TIJUCAS DO SUL";"Falta de atenção";"Colisão traseira";"Com Vítimas Feridas";"Anoitecer";"Decrescente";"Chuva";"Dupla";"Reta";"Rural";4;0;0;1;3;0;1;4
83461756;"04/05/16";"Quarta";"10:30:00";"MS";262;"603";"MIRANDA";"Outras";"Colisão traseira";"Com Vítimas Feridas";"Pleno dia";"Decrescente";"Sol";"Simples";"Reta";"Rural";2;0;1;0;1;0;1;2
83461757;"27/04/16";"Quarta";"22:45:00";"SC";116;"139,4";"SANTA CECILIA";"Falta de atenção";"Colisão com objeto fixo";"Sem Vítimas";"Plena noite";"Crescente";"Ceu Claro";"Simples";"Cruzamento";"Urbano";1;0;0;0;1;0;0;1
83461758;"04/04/16";"Segunda";"12:10:00";"MT";174;"15";"CACERES";"Outras";"Saída de Pista";"Com Vítimas Feridas";"Pleno dia";"Decrescente";"Sol";"Simples";"Reta";"Rural";1;0;1;0;0;0;1;1
83461759;"30/04/16";"Sábado";"00:10:00";"RN";110;"42,3";"MOSSORO";"Outras";"Queda de motocicleta / bicicleta / veículo";"Com Vítimas Feridas";"Plena noite";"Decrescente";"Ceu Claro";"Simples";"Reta";"Rural";1;0;1;0;0;0;1;1
83461760;"04/05/16";"Quarta";"14:06:00";"SC";101;"206,9";"SAO JOSE";"Falta de atenção";"Colisão Transversal";"Com Vítimas Feridas";"Pleno dia";"Crescente";"Ceu Claro";"Simples";"Cruzamento";"Urbano";2;0;0;1;1;0;1;2
83461761;"04/05/16";"Quarta";"15:20:00";"RS";470;"178,4";"VERANOPOLIS";"Falta de atenção";"Colisão traseira";"Com Vítimas Feridas";"Pleno dia";"Decrescente";"Ceu Claro";"Simples";"Reta";"Urbano";3;0;1;0;2;0;1;2
83461762;"30/04/16";"Sábado";"11:50:00";"PE";101;"91";"CABO DE SANTO AGOSTINHO";"Desobediência à sinalização";"Colisão frontal";"Com Vítimas Feridas";"Pleno dia";"Decrescente";"Sol";"Simples";"Reta";"Urbano";2;0;0;1;1;0;1;2
83461763;"04/05/16";"Quarta";"05:10:00";"MG";262;"688,4";"ARAXA";"Dormindo";"Colisão frontal";"Com Vítimas Fatais";"Amanhecer";"Decrescente";"Ceu Claro";"Simples";"Curva";"Rural";2;1;1;0;0;0;1;2
83461764;"04/05/16";"Quarta";"13:30:00";"TO";153;"613";"ALIANCA DO TOCANTINS";"Dormindo";"Saída de Pista";"Com Vítimas Feridas";"Pleno dia";"Decrescente";"Ceu Claro";"Simples";"Reta";"Rural";1;0;0;1;0;0;1;1
83461765;"04/05/16";"Quarta";"08:30:00";"RJ";40;"122";"DUQUE DE CAXIAS";"Falta de atenção";"Colisão lateral";"Sem Vítimas";"Pleno dia";"Crescente";"Ceu Claro";"Múltipla";"Reta";"Urbano";2;0;0;0;2;0;0;2
83461766;"04/05/16";"Quarta";"11:30:00";"MG";116;"415";"GOVERNADOR VALADARES";"Outras";"Colisão lateral";"Com Vítimas Feridas";"Pleno dia";"Decrescente";"Ceu Claro";"Simples";"Reta";"Urbano";2;0;0;1;0;1;1;2
83461767;"04/05/16";"Quarta";"14:30:00";"PR";376;"621,7";"SAO JOSE DOS PINHAIS";"Falta de atenção";"Colisão traseira";"Sem Vítimas";"Pleno dia";"Decrescente";"Ceu Claro";"Dupla";"Reta";"Rural";2;0;0;0;2;0;0;2
83461768;"04/05/16";"Quarta";"12:15:00";"PR";277;"164,9";"PALMEIRA";"Outras";"Colisão Transversal";"Com Vítimas Feridas";"Pleno dia";"Crescente";"Ceu Claro";"Simples";"Reta";"Urbano";2;0;0;1;1;0;1;2
83461769;"04/05/16";"Quarta";"13:20:00";"RN";101;"73";"EXTREMOZ";"Falta de atenção";"Colisão Transversal";"Com Vítimas Feridas";"Pleno dia";"Crescente";"Sol";"Simples";"Reta";"Rural";2;0;1;0;1;0;1;2
83461770;"04/05/16";"Quarta";"15:00:00";"SC";101;"205,5";"SAO JOSE";"Outras";"Colisão lateral";"Sem Vítimas";"Pleno dia";"Decrescente";"Ceu Claro";"Dupla";"Reta";"Urbano";2;0;0;0;2;0;0;2
83461774;"30/04/16";"Sábado";"08:30:00";"PE";101;"58";"PAULISTA";"Outras";"Colisão traseira";"Sem Vítimas";"Pleno dia";"Decrescente";"Sol";"Dupla";"Reta";"Urbano";2;0;0;0;2;0;0;2
83461775;"31/01/16";"Domingo";"00:10:00";"MG";116;"82";"MEDINA";"Defeito mecânico em veículo";"Incêndio";"Sem Vítimas";"Plena noite";"Decrescente";"Ceu Claro";"Simples";"Reta";"Rural";1;0;0;0;1;0;0;1
83461777;"04/05/16";"Quarta";"16:30:00";"BA";324;"1";"SALVADOR";"Outras";"Queda de motocicleta / bicicleta / veículo";"Com Vítimas Feridas";"Pleno dia";"Crescente";"Nublado";"Dupla";"Reta";"Urbano";2;0;2;0;0;0;2;1
83461778;"29/04/16";"Sexta";"09:30:00";"RR";174;"497";"BOA VISTA";"Desobediência à sinalização";"Colisão Transversal";"Sem Vítimas";"Pleno dia";"Decrescente";"Ceu Claro";"Dupla";"Reta";"Urbano";3;0;0;0;1;2;0;2
83461779;"03/05/16";"Terça";"17:40:00";"SP";116;"226";"GUARULHOS";"Outras";"Colisão lateral";"Com Vítimas Feridas";"Pleno dia";"Decrescente";"Ceu Claro";"Múltipla";"Reta";"Urbano";2;0;1;0;1;0;1;2
83461780;"04/05/16";"Quarta";"10:20:00";"RN";304;"40,7";"MOSSORO";"Outras";"Colisão Transversal";"Com Vítimas Feridas";"Pleno dia";"Crescente";"Sol";"Dupla";"Reta";"Urbano";4;0;4;0;0;0;4;3
83461781;"04/05/16";"Quarta";"14:00:00";"RJ";40;"92";"PETROPOLIS";"Defeito mecânico em veículo";"Colisão traseira";"Com Vítimas Feridas";"Pleno dia";"Crescente";"Ceu Claro";"Simples";"Curva";"Rural";2;0;1;0;1;0;1;2
83461782;"04/05/16";"Quarta";"11:10:00";"MG";381;"561,7";"ITAGUARA";"Velocidade incompatível";"Saída de Pista";"Com Vítimas Feridas";"Pleno dia";"Crescente";"Ceu Claro";"Dupla";"Reta";"Urbano";1;0;1;0;0;0;1;1
83461783;"30/04/16";"Sábado";"17:45:00";"MG";262;"401";"PARA DE MINAS";"Desobediência à sinalização";"Colisão Transversal";"Com Vítimas Feridas";"Anoitecer";"Decrescente";"Ceu Claro";"Simples";"Cruzamento";"Urbano";3;0;2;0;1;0;2;2
83461784;"01/05/16";"Domingo";"00:45:00";"SP";116;"282,3";"EMBU";"Falta de atenção";"Atropelamento de pessoa";"Com Vítimas Fatais";"Plena noite";"Crescente";"Ceu Claro";"Dupla";"Reta";"Urbano";2;1;0;0;0;1;0;1
83461785;"04/05/16";"Quarta";"11:40:00";"SE";235;"5";"NOSSA SENHORA DO SOCORRO";"Defeito mecânico em veículo";"Incêndio";"Sem Vítimas";"Pleno dia";"Crescente";"Sol";"Dupla";"Reta";"Urbano";1;0;0;0;1;0;0;1
83461786;"04/05/16";"Quarta";"14:15:00";"RN";101;"73,6";"EXTREMOZ";"Outras";"Capotamento";"Ignorado";"Pleno dia";"Decrescente";"Sol";"Simples";"Reta";"Rural";1;0;0;0;0;1;0;1
83461787;"03/05/16";"Terça";"10:15:00";"SP";116;"228";"SAO PAULO";"Não guardar distância de segurança";"Colisão lateral";"Com Vítimas Feridas";"Pleno dia";"Crescente";"Ceu Claro";"Múltipla";"Reta";"Urbano";2;0;1;0;1;0;1;2
83461788;"04/05/16";"Quarta";"17:20:00";"PR";153;"106,9";"IBAITI";"Falta de atenção";"Colisão Transversal";"Com Vítimas Feridas";"Pleno dia";"Decrescente";"Ceu Claro";"Simples";"Reta";"Rural";3;0;2;0;1;0;2;2
83461789;"29/04/16";"Sexta";"06:20:00";"MG";381;"496";"BETIM";"Outras";"Queda de motocicleta / bicicleta / veículo";"Com Vítimas Feridas";"Pleno dia";"Crescente";"Ceu Claro";"Dupla";"Reta";"Urbano";1;0;1;0;0;0;1;1
83461790;"04/05/16";"Quarta";"08:50:00";"RS";158;"285,1";"JULIO DE CASTILHOS";"Outras";"Saída de Pista";"Sem Vítimas";"Pleno dia";"Decrescente";"Nevoeiro/neblina";"Simples";"Reta";"Rural";1;0;0;0;1;0;0;1
83461791;"04/05/16";"Quarta";"14:41:00";"RS";285;"121";"VACARIA";"Falta de atenção";"Colisão Transversal";"Com Vítimas Feridas";"Pleno dia";"Crescente";"Ceu Claro";"Simples";"Reta";"Urbano";4;0;1;0;3;0;1;2
83461792;"14/01/16";"Quinta";"16:50:00";"PR";277;"666,5";"MEDIANEIRA";"Não guardar distância de segurança";"Colisão traseira";"Sem Vítimas";"Pleno dia";"Decrescente";"Chuva";"Dupla";"Reta";"Urbano";2;0;0;0;2;0;0;2
83461793;"04/05/16";"Quarta";"16:40:00";"PE";232;"4";"RECIFE";"Não guardar distância de segurança";"Colisão traseira";"Sem Vítimas";"Pleno dia";"Crescente";"Ceu Claro";"Dupla";"Reta";"Urbano";2;0;0;0;2;0;0;2
83461794;"04/05/16";"Quarta";"15:40:00";"PE";232;"515";"SALGUEIRO";"Defeito na via";"Colisão com objeto fixo";"Sem Vítimas";"Pleno dia";"Crescente";"Ceu Claro";"Simples";"Reta";"Rural";2;0;0;0;2;0;0;1
83461795;"28/04/16";"Quinta";"19:40:00";"SC";101;"180";"BIGUACU";"Falta de atenção";"Colisão Transversal";"Com Vítimas Feridas";"Plena noite";"Decrescente";"Ceu Claro";"Dupla";"Reta";"Urbano";2;0;1;0;1;0;1;2
83461796;"03/05/16";"Terça";"09:20:00";"ES";101;"295,3";"CARIACICA";"Falta de atenção";"Colisão Transversal";"Com Vítimas Feridas";"Pleno dia";"Crescente";"Sol";"Múltipla";"Reta";"Urbano";2;0;1;0;0;1;1;2
83461797;"04/05/16";"Quarta";"14:20:00";"PR";277;"105";"CAMPO LARGO";"Outras";"Saída de Pista";"Sem Vítimas";"Pleno dia";"Decrescente";"Sol";"Dupla";"Reta";"Rural";2;0;0;0;2;0;0;1
83461799;"26/04/16";"Terça";"20:30:00";"MA";316;"369";"BACABAL";"Outras";"Colisão Transversal";"Sem Vítimas";"Plena noite";"Crescente";"Ceu Claro";"Simples";"Reta";"Rural";3;0;0;0;1;2;0;2
83461800;"04/05/16";"Quarta";"13:50:00";"SC";282;"4,7";"SAO JOSE";"Falta de atenção";"Colisão traseira";"Sem Vítimas";"Pleno dia";"Decrescente";"Nublado";"Dupla";"Reta";"Urbano";3;0;0;0;3;0;0;3
83461801;"04/05/16";"Quarta";"10:00:00";"RJ";40;"89";"PETROPOLIS";"Outras";"Tombamento";"Com Vítimas Feridas";"Pleno dia";"Decrescente";"Sol";"Simples";"Curva";"Rural";1;0;1;0;0;0;1;1
83461802;"20/04/16";"Quarta";"20:00:00";"PE";428;"159";"PETROLINA";"Animais na Pista";"Atropelamento de animal";"Sem Vítimas";"Plena noite";"Decrescente";"Ceu Claro";"Simples";"Reta";"Rural";1;0;0;0;1;0;0;1
83461803;"04/05/16";"Quarta";"17:00:00";"RS";116;"38,7";"VACARIA";"Falta de atenção";"Atropelamento de pessoa";"Com Vítimas Feridas";"Pleno dia";"Crescente";"Ceu Claro";"Simples";"Reta";"Urbano";2;0;0;1;1;0;1;1
83461804;"04/05/16";"Quarta";"17:10:00";"CE";222;"311";"TIANGUA";"Falta de atenção";"Colisão Transversal";"Com Vítimas Feridas";"Pleno dia";"Crescente";"Nublado";"Simples";"Reta";"Urbano";2;0;1;0;0;1;1;2
83461805;"30/04/16";"Sábado";"10:00:00";"SP";381;"22";"BRAGANCA PAULISTA";"Falta de atenção";"Colisão lateral";"Com Vítimas Feridas";"Pleno dia";"Decrescente";"Nublado";"Simples";"Curva";"Rural";2;0;1;0;1;0;1;2
83461806;"03/05/16";"Terça";"01:35:00";"BA";101;"558,4";"ARATACA";"Dormindo";"Colisão frontal";"Sem Vítimas";"Plena noite";"Crescente";"Chuva";"Simples";"Curva";"Rural";2;0;0;0;2;0;0;2
83461807;"04/05/16";"Quarta";"15:17:00";"RS";290;"721";"URUGUAIANA";"Falta de atenção";"Colisão traseira";"Sem Vítimas";"Pleno dia";"Decrescente";"Ceu Claro";"Simples";"Curva";"Urbano";3;0;0;0;3;0;0;2
83461808;"04/05/16";"Quarta";"13:30:00";"PR";277;"694,4";"SAO MIGUEL DO IGUACU";"Falta de atenção";"Colisão traseira";"Sem Vítimas";"Pleno dia";"Crescente";"Ceu Claro";"Dupla";"Reta";"Rural";2;0;0;0;2;0;0;2
83461809;"04/05/16";"Quarta";"15:45:00";"RO";364;"239,1";"CACOAL";"Desobediência à sinalização";"Colisão Transversal";"Com Vítimas Feridas";"Pleno dia";"Crescente";"Sol";"Simples";"Reta";"Urbano";3;0;1;0;2;0;1;2
83461810;"04/05/16";"Quarta";"13:00:00";"GO";60;"41,4";"ALEXANIA";"Dormindo";"Colisão traseira";"Com Vítimas Feridas";"Pleno dia";"Crescente";"Ceu Claro";"Dupla";"Reta";"Rural";2;0;1;0;1;0;1;2
83461811;"02/01/16";"Sábado";"18:30:00";"SP";101;"43,9";"UBATUBA";"Outras";"Colisão Transversal";"Com Vítimas Feridas";"Pleno dia";"Crescente";"Chuva";"Simples";"Reta";"Urbano";2;0;1;0;1;0;1;2
83461812;"04/05/16";"Quarta";"15:00:00";"PE";101;"51";"PAULISTA";"Outras";"Colisão lateral";"Sem Vítimas";"Pleno dia";"Crescente";"Sol";"Múltipla";"Curva";"Urbano";2;0;0;0;1;1;0;2
83461813;"01/05/16";"Domingo";"01:30:00";"DF";60;"7";"BRASILIA";"Ingestão de álcool";"Colisão Transversal";"Sem Vítimas";"Plena noite";"Decrescente";"Ceu Claro";"Dupla";"Reta";"Urbano";2;0;0;0;2;0;0;2
83461814;"03/05/16";"Terça";"18:15:00";"MA";222;"213,2";"ITAPECURU MIRIM";"Ultrapassagem indevida";"Colisão lateral";"Com Vítimas Feridas";"Pleno dia";"Decrescente";"Ceu Claro";"Simples";"Reta";"Rural";2;0;1;0;1;0;1;2
83461815;"30/04/16";"Sábado";"22:00:00";"PR";116;"206";"RIO NEGRO";"Ingestão de álcool";"Colisão traseira";"Sem Vítimas";"Plena noite";"Crescente";"Ceu Claro";"Simples";"Reta";"Rural";2;0;0;0;2;0;0;2
83461816;"04/05/16";"Quarta";"15:20:00";"PE";232;"37,5";"VITORIA DE SANTO ANTAO";"Velocidade incompatível";"Saída de Pista";"Com Vítimas Feridas";"Pleno dia";"Crescente";"Ceu Claro";"Dupla";"Curva";"Rural";2;0;2;0;0;0;2;1
83461817;"04/05/16";"Quarta";"16:30:00";"PR";277;"35,1";"MORRETES";"Defeito mecânico em veículo";"Tombamento";"Sem Vítimas";"Pleno dia";"Decrescente";"Nublado";"Dupla";"Reta";"Rural";1;0;0;0;1;0;0;1
83461818;"28/04/16";"Quinta";"22:00:00";"MG";365;"387";"PATOS DE MINAS";"Outras";"Capotamento";"Sem Vítimas";"Plena noite";"Decrescente";"Ceu Claro";"Dupla";"Reta";"Rural";1;0;0;0;1;0;0;1
83461819;"04/05/16";"Quarta";"11:30:00";"MG";262;"38,9";"MANHUACU";"Desobediência à sinalização";"Colisão Transversal";"Sem Vítimas";"Pleno dia";"Crescente";"Ceu Claro";"Simples";"Reta";"Urbano";2;0;0;0;1;1;0;2
83461820;"04/05/16";"Quarta";"15:45:00";"PA";316;"54";"CASTANHAL";"Defeito na via";"Saída de Pista";"Sem Vítimas";"Pleno dia";"Crescente";"Chuva";"Dupla";"Curva";"Urbano";2;0;0;0;2;0;0;1
83461821;"04/05/16";"Quarta";"14:30:00";"MS";163;"479,8";"CAMPO GRANDE";"Outras";"Colisão com objeto fixo";"Com Vítimas Feridas";"Pleno dia";"Decrescente";"Sol";"Dupla";"Reta";"Urbano";2;0;1;0;1;0;1;1
83461822;"18/04/16";"Segunda";"18:40:00";"SC";101;"204";"SAO JOSE";"Falta de atenção";"Colisão lateral";"Com Vítimas Feridas";"Plena noite";"Crescente";"Ceu Claro";"Dupla";"Reta";"Urbano";3;0;1;0;2;0;1;3
83461823;"04/05/16";"Quarta";"17:30:00";"RJ";116;"224";"PIRAI";"Outras";"Colisão com objeto fixo";"Com Vítimas Feridas";"Anoitecer";"Decrescente";"Ceu Claro";"Simples";"Curva";"Rural";1;0;1;0;0;0;1;1
83461824;"02/05/16";"Segunda";"12:10:00";"BA";101;"566,9";"ARATACA";"Velocidade incompatível";"Capotamento";"Sem Vítimas";"Pleno dia";"Crescente";"Chuva";"Simples";"Curva";"Rural";1;0;0;0;1;0;0;1
83461825;"02/05/16";"Segunda";"10:50:00";"BA";101;"546";"SAO JOSE DA VITORIA";"Velocidade incompatível";"Capotamento";"Com Vítimas Feridas";"Pleno dia";"Decrescente";"Chuva";"Simples";"Curva";"Rural";2;0;1;1;0;0;2;1
83461826;"04/05/16";"Quarta";"16:30:00";"MT";364;"469";"VARZEA GRANDE";"Falta de atenção";"Colisão lateral";"Com Vítimas Feridas";"Pleno dia";"Decrescente";"Ceu Claro";"Simples";"Reta";"Rural";2;0;1;0;1;0;1;2