"id";"data_inversa";"dia_semana";"horario";"uf";"br";"km";"municipio";"causa_acidente";"tipo_acidente";"classificacao_acidente";"fase_dia";"sentido_via";"condicao_metereologica";"tipo_pista";"tracado_via";"uso_solo";"pessoas";"mortos";"feridos_leves";"feridos_graves";"ilesos";"ignorados";"feridos";"veiculos"
83462182;"06/05/16";"Sexta";"04:35:00";"PR";467;"108,2";"CASCAVEL";"Dormindo";"Capotamento";"Com Vítimas Feridas";"Plena noite";"Crescente";"Ceu Claro";"Dupla";"Curva";"Rural";2;0;1;0;1;0;1;1
83462183;"05/05/16";"Quinta";"18:00:00";"SC";470;"1,3";"GASPAR";"Desobediência à sinalização";"Colisão Transversal";"Com Vítimas Feridas";"Anoitecer";"Crescente";"Ceu Claro";"Simples";"Reta";"Urbano";3;0;1;1;1;0;2;2
83462184;"01/05/16";"Domingo";"14:30:00";"RJ";356;"121";"CAMPOS DOS GOYTACAZES";"Desobediência à sinalização";"Colisão traseira";"Com Vítimas Feridas";"Pleno dia";"Decrescente";"Ceu Claro";"Simples";"Reta";"Rural";3;0;0;2;1;0;2;2
83462185;"05/05/16";"Quinta";"11:45:00";"PB";230;"318,2";"SAO MAMEDE";"Outras";"Saída de Pista";"Sem Vítimas";"Plena noite";"Decrescente";"Ceu Claro";"Simples";"Reta";"Rural";1;0;0;0;1;0;0;1
83462186;"05/05/16";"Quinta";"17:00:00";"MG";381;"796,3";"SAO GONCALO DO SAPUCAI";"Dormindo";"Saída de Pista";"Com Vítimas Feridas";"Pleno dia";"Crescente";"Ceu Claro";"Dupla";"Reta";"Rural";2;0;1;1;0;0;2;1
83462187;"05/05/16";"Quinta";"15:30:00";"SP";381;"37";"ATIBAIA";"Velocidade incompatível";"Tombamento";"Com Vítimas Feridas";"Pleno dia";"Crescente";"Ceu Claro";"Dupla";"Curva";"Rural";1;0;1;0;0;0;1;1
83462188;"05/05/16";"Quinta";"19:15:00";"MG";381;"778,8";"CAMPANHA";"Outras";"Capotamento";"Sem Vítimas";"Plena noite";"Crescente";"Ceu Claro";"Dupla";"Curva";"Rural";1;0;0;0;1;0;0;1
83462190;"05/05/16";"Quinta";"18:45:00";"GO";40;"5,5";"VALPARAISO DE GOIAS";"Outras";"Colisão lateral";"Com Vítimas Feridas";"Pleno dia";"Crescente";"Ceu Claro";"Dupla";"Reta";"Urbano";2;0;0;1;1;0;1;2
83462191;"01/05/16";"Domingo";"23:40:00";"RJ";40;"55";"PETROPOLIS";"Outras";"Tombamento";"Com Vítimas Fatais";"Plena noite";"Decrescente";"Nublado";"Dupla";"Reta";"Rural";2;1;0;0;0;1;0;2
83462192;"05/05/16";"Quinta";"19:55:00";"PR";376;"215,6";"JANDAIA DO SUL";"Falta de atenção";"Colisão traseira";"Com Vítimas Feridas";"Plena noite";"Decrescente";"Ceu Claro";"Simples";"Reta";"Urbano";2;0;0;1;1;0;1;2
83462193;"02/05/16";"Segunda";"22:00:00";"PE";423;"171";"AGUAS BELAS";"Ingestão de álcool";"Colisão traseira";"Com Vítimas Fatais";"Plena noite";"Crescente";"Ceu Claro";"Simples";"Reta";"Rural";3;2;0;0;0;1;0;2
83462194;"05/05/16";"Quinta";"18:05:00";"PR";158;"522,9";"PATO BRANCO";"Falta de atenção";"Colisão Transversal";"Com Vítimas Feridas";"Anoitecer";"Decrescente";"Ceu Claro";"Simples";"Reta";"Urbano";2;0;0;1;1;0;1;2
83462195;"06/05/16";"Sexta";"06:25:00";"RS";448;"14";"CANOAS";"Dormindo";"Colisão lateral";"Sem Vítimas";"Plena noite";"Decrescente";"Nublado";"Dupla";"Reta";"Urbano";2;0;0;0;2;0;0;2
83462197;"06/05/16";"Sexta";"01:45:00";"SP";116;"126,9";"CACAPAVA";"Velocidade incompatível";"Colisão traseira";"Sem Vítimas";"Plena noite";"Decrescente";"Ceu Claro";"Dupla";"Reta";"Urbano";2;0;0;0;2;0;0;2
83462199;"06/05/16";"Sexta";"05:50:00";"SC";153;"90,6";"CONCORDIA";"Falta de atenção";"Colisão lateral";"Sem Vítimas";"Plena noite";"Crescente";"Chuva";"Simples";"Curva";"Rural";2;0;0;0;2;0;0;2
83462200;"06/05/16";"Sexta";"05:30:00";"RS";285;"328,1";"CARAZINHO";"Defeito mecânico em veículo";"Tombamento";"Sem Vítimas";"Amanhecer";"Decrescente";"Chuva";"Simples";"Reta";"Rural";1;0;0;0;1;0;0;1
83462201;"06/05/16";"Sexta";"00:15:00";"MT";70;"0,7";"BARRA DO GARCAS";"Falta de atenção";"Colisão Transversal";"Sem Vítimas";"Plena noite";"Crescente";"Ceu Claro";"Simples";"Reta";"Urbano";2;0;0;0;2;0;0;2
83462202;"05/05/16";"Quinta";"22:30:00";"MS";163;"681,3";"RIO VERDE DE MATO GROSSO";"Falta de atenção";"Atropelamento de pessoa";"Com Vítimas Feridas";"Plena noite";"Decrescente";"Ceu Claro";"Simples";"Reta";"Urbano";2;0;1;0;1;0;1;1
83462203;"05/05/16";"Quinta";"17:50:00";"BA";116;"637,1";"JAGUAQUARA";"Falta de atenção";"Colisão lateral";"Com Vítimas Fatais";"Anoitecer";"Crescente";"Ceu Claro";"Simples";"Reta";"Rural";7;2;0;3;1;1;3;3
83462204;"06/05/16";"Sexta";"07:05:00";"RS";290;"482";"ROSARIO DO SUL";"Falta de atenção";"Colisão traseira";"Sem Vítimas";"Amanhecer";"Crescente";"Ceu Claro";"Simples";"Cruzamento";"Urbano";2;0;0;0;2;0;0;2
83462205;"06/05/16";"Sexta";"07:20:00";"MG";40;"277";"TRES MARIAS";"Defeito mecânico em veículo";"Danos Eventuais";"Sem Vítimas";"Pleno dia";"Crescente";"Ceu Claro";"Simples";"Reta";"Rural";1;0;0;0;1;0;0;1
83462206;"02/05/16";"Segunda";"13:30:00";"MG";381;"509,7";"SAO JOAQUIM DE BICAS";"Falta de atenção";"Colisão lateral";"Sem Vítimas";"Pleno dia";"Decrescente";"Sol";"Dupla";"Reta";"Urbano";2;0;0;0;2;0;0;2
83462207;"05/05/16";"Quinta";"21:30:00";"MG";381;"692";"LAVRAS";"Falta de atenção";"Colisão lateral";"Sem Vítimas";"Plena noite";"Crescente";"Ceu Claro";"Dupla";"Reta";"Rural";2;0;0;0;2;0;0;2
83462208;"06/05/16";"Sexta";"06:40:00";"SC";116;"13,1";"MAFRA";"Outras";"Capotamento";"Com Vítimas Feridas";"Pleno dia";"Decrescente";"Ceu Claro";"Simples";"Reta";"Urbano";1;0;1;0;0;0;1;1
83462209;"06/05/16";"Sexta";"07:00:00";"PR";376;"677";"GUARATUBA";"Velocidade incompatível";"Colisão com objeto fixo";"Sem Vítimas";"Amanhecer";"Decrescente";"Chuva";"Dupla";"Curva";"Rural";1;0;0;0;1;0;0;1
83462210;"05/05/16";"Quinta";"13:00:00";"BA";101;"262";"SANTO ANTONIO DE JESUS";"Outras";"Colisão Transversal";"Com Vítimas Feridas";"Pleno dia";"Crescente";"Sol";"Múltipla";"Reta";"Urbano";2;0;0;1;1;0;1;2
83462211;"30/04/16";"Sábado";"06:00:00";"MG";153;"210";"FRUTAL";"Outras";"Saída de Pista";"Sem Vítimas";"Amanhecer";"Decrescente";"Nevoeiro/neblina";"Simples";"Reta";"Rural";1;0;0;0;1;0;0;1
83462212;"03/05/16";"Terça";"07:10:00";"DF";60;"2";"BRASILIA";"Velocidade incompatível";"Colisão com objeto fixo";"Com Vítimas Feridas";"Pleno dia";"Crescente";"Ceu Claro";"Dupla";"Reta";"Urbano";3;0;3;0;0;0;3;1
83462213;"05/05/16";"Quinta";"02:50:00";"PR";376;"155";"MANDAGUACU";"Falta de atenção";"Saída de Pista";"Com Vítimas Feridas";"Plena noite";"Crescente";"Ceu Claro";"Múltipla";"Cruzamento";"Urbano";2;0;1;1;0;0;2;1
83462214;"06/05/16";"Sexta";"06:40:00";"SC";470;"60";"BLUMENAU";"Falta de atenção";"Tombamento";"Com Vítimas Feridas";"Pleno dia";"Crescente";"Nublado";"Simples";"Reta";"Urbano";2;0;2;0;0;0;2;1
83462215;"06/05/16";"Sexta";"05:00:00";"RS";471;"172,1";"RIO PARDO";"Ingestão de álcool";"Colisão frontal";"Com Vítimas Feridas";"Plena noite";"Crescente";"Ceu Claro";"Simples";"Reta";"Urbano";3;0;1;0;2;0;1;2
83462216;"03/05/16";"Terça";"04:40:00";"SC";470;"122,9";"IBIRAMA";"Velocidade incompatível";"Derramamento de Carga";"Sem Vítimas";"Plena noite";"Decrescente";"Ceu Claro";"Simples";"Curva";"Urbano";2;0;0;0;2;0;0;2
83462217;"03/05/16";"Terça";"07:20:00";"SP";381;"44";"ATIBAIA";"Animais na Pista";"Atropelamento de animal";"Com Vítimas Feridas";"Amanhecer";"Crescente";"Nevoeiro/neblina";"Dupla";"Reta";"Urbano";1;0;1;0;0;0;1;1
83462218;"05/05/16";"Quinta";"22:20:00";"BA";116;"595";"IRAJUBA";"Ultrapassagem indevida";"Saída de Pista";"Sem Vítimas";"Plena noite";"Crescente";"Ignorada";"Simples";"Reta";"Rural";1;0;0;0;1;0;0;1
83462220;"03/05/16";"Terça";"01:40:00";"RS";290;"125";"ELDORADO DO SUL";"Dormindo";"Colisão frontal";"Sem Vítimas";"Plena noite";"Crescente";"Ceu Claro";"Simples";"Reta";"Rural";2;0;0;0;2;0;0;2
83462222;"03/05/16";"Terça";"04:40:00";"MG";116;"746,4";"LEOPOLDINA";"Dormindo";"Saída de Pista";"Sem Vítimas";"Plena noite";"Crescente";"Nevoeiro/neblina";"Simples";"Curva";"Rural";1;0;0;0;1;0;0;1
83462223;"03/05/16";"Terça";"02:40:00";"PR";376;"654";"TIJUCAS DO SUL";"Falta de atenção";"Tombamento";"Sem Vítimas";"Plena noite";"Crescente";"Ceu Claro";"Dupla";"Reta";"Rural";1;0;0;0;1;0;0;1
83462224;"02/05/16";"Segunda";"14:25:00";"MG";381;"940,8";"EXTREMA";"Velocidade incompatível";"Tombamento";"Com Vítimas Feridas";"Pleno dia";"Decrescente";"Ceu Claro";"Dupla";"Curva";"Rural";1;0;1;0;0;0;1;1
83462225;"06/05/16";"Sexta";"07:50:00";"RJ";116;"312,1";"ITATIAIA";"Não guardar distância de segurança";"Colisão com objeto móvel";"Com Vítimas Feridas";"Pleno dia";"Crescente";"Ceu Claro";"Dupla";"Reta";"Urbano";3;0;1;0;2;0;1;2
83462226;"02/05/16";"Segunda";"02:25:00";"BA";324;"514";"FEIRA DE SANTANA";"Ingestão de álcool";"Colisão Transversal";"Sem Vítimas";"Plena noite";"Decrescente";"Nublado";"Simples";"Reta";"Urbano";2;0;0;0;2;0;0;2
83462227;"02/05/16";"Segunda";"15:00:00";"SP";116;"118";"TAUBATE";"Falta de atenção";"Colisão lateral";"Com Vítimas Feridas";"Pleno dia";"Decrescente";"Sol";"Dupla";"Reta";"Rural";2;0;1;0;1;0;1;2
83462228;"02/05/16";"Segunda";"08:15:00";"BA";101;"554,5";"ARATACA";"Outras";"Capotamento";"Sem Vítimas";"Pleno dia";"Crescente";"Chuva";"Simples";"Curva";"Rural";1;0;0;0;1;0;0;1
83462229;"06/05/16";"Sexta";"07:10:00";"SP";116;"110";"TAUBATE";"Defeito mecânico em veículo";"Queda de motocicleta / bicicleta / veículo";"Com Vítimas Feridas";"Pleno dia";"Crescente";"Ceu Claro";"Dupla";"Reta";"Urbano";2;0;2;0;0;0;2;1
83462230;"06/05/16";"Sexta";"06:40:00";"PR";116;"120";"CURITIBA";"Falta de atenção";"Colisão traseira";"Com Vítimas Feridas";"Amanhecer";"Decrescente";"Nublado";"Dupla";"Reta";"Rural";2;0;1;0;1;0;1;2
83462231;"06/05/16";"Sexta";"07:15:00";"PR";116;"125";"CURITIBA";"Falta de atenção";"Colisão lateral";"Com Vítimas Feridas";"Pleno dia";"Decrescente";"Ceu Claro";"Dupla";"Reta";"Urbano";2;0;1;0;1;0;1;2
83462233;"28/04/16";"Quinta";"14:00:00";"MG";262;"793";"UBERABA";"Falta de atenção";"Colisão traseira";"Com Vítimas Feridas";"Pleno dia";"Crescente";"Ceu Claro";"Simples";"Reta";"Rural";2;0;1;0;1;0;1;2
83462235;"06/05/16";"Sexta";"06:00:00";"RS";153;"12,6";"SEVERIANO DE ALMEIDA";"Velocidade incompatível";"Colisão frontal";"Com Vítimas Fatais";"Amanhecer";"Crescente";"Chuva";"Simples";"Curva";"Rural";2;1;1;0;0;0;1;2
83462236;"03/05/16";"Terça";"06:50:00";"SC";280;"142,9";"MAFRA";"Dormindo";"Tombamento";"Com Vítimas Feridas";"Amanhecer";"Decrescente";"Nublado";"Simples";"Curva";"Rural";1;0;1;0;0;0;1;1
83462237;"02/05/16";"Segunda";"14:40:00";"SC";282;"2,1";"FLORIANOPOLIS";"Falta de atenção";"Colisão lateral";"Com Vítimas Feridas";"Pleno dia";"Crescente";"Ceu Claro";"Múltipla";"Reta";"Urbano";3;0;2;0;1;0;2;2
83462240;"06/05/16";"Sexta";"08:40:00";"PR";277;"234,1";"FERNANDES PINHEIRO";"Falta de atenção";"Saída de Pista";"Sem Vítimas";"Pleno dia";"Decrescente";"Ceu Claro";"Simples";"Reta";"Urbano";1;0;0;0;1;0;0;1
83462241;"02/05/16";"Segunda";"13:35:00";"MG";50;"71";"UBERLANDIA";"Outras";"Colisão traseira";"Sem Vítimas";"Pleno dia";"Decrescente";"Ceu Claro";"Dupla";"Reta";"Urbano";3;0;0;0;3;0;0;2
83462243;"02/05/16";"Segunda";"17:00:00";"PB";230;"82";"CALDAS BRANDAO";"Velocidade incompatível";"Capotamento";"Ignorado";"Anoitecer";"Crescente";"Ceu Claro";"Dupla";"Curva";"Rural";1;0;0;0;0;1;0;1
83462244;"02/05/16";"Segunda";"09:15:00";"MT";70;"638,4";"CACERES";"Outras";"Saída de Pista";"Sem Vítimas";"Pleno dia";"Crescente";"Ceu Claro";"Simples";"Reta";"Rural";1;0;0;0;1;0;0;1
83462245;"06/05/16";"Sexta";"06:00:00";"SP";116;"513";"CAJATI";"Velocidade incompatível";"Colisão com objeto fixo";"Sem Vítimas";"Amanhecer";"Decrescente";"Nublado";"Simples";"Curva";"Rural";1;0;0;0;1;0;0;1
83462246;"02/05/16";"Segunda";"19:50:00";"MG";381;"480,5";"CONTAGEM";"Falta de atenção";"Colisão traseira";"Com Vítimas Feridas";"Plena noite";"Decrescente";"Ceu Claro";"Múltipla";"Curva";"Urbano";3;0;1;0;2;0;1;3
83462247;"06/05/16";"Sexta";"07:30:00";"CE";20;"319,8";"CARIDADE";"Defeito na via";"Saída de Pista";"Sem Vítimas";"Pleno dia";"Crescente";"Ceu Claro";"Simples";"Reta";"Rural";1;0;0;0;1;0;0;1
83462248;"05/05/16";"Quinta";"19:26:00";"RN";304;"258,3";"SANTA MARIA";"Outras";"Colisão traseira";"Com Vítimas Fatais";"Plena noite";"Decrescente";"Ceu Claro";"Simples";"Reta";"Rural";2;1;0;0;0;1;0;2
83462250;"06/05/16";"Sexta";"02:00:00";"RO";364;"793";"PORTO VELHO";"Dormindo";"Saída de Pista";"Sem Vítimas";"Plena noite";"Decrescente";"Ceu Claro";"Simples";"Curva";"Rural";1;0;0;0;1;0;0;1
83462251;"02/05/16";"Segunda";"16:00:00";"RJ";40;"9";"TRES RIOS";"Falta de atenção";"Colisão com objeto fixo";"Sem Vítimas";"Pleno dia";"Decrescente";"Ceu Claro";"Dupla";"Reta";"Rural";1;0;0;0;1;0;0;1
83462252;"29/04/16";"Sexta";"06:30:00";"PI";343;"214,4";"CAPITAO DE CAMPOS";"Falta de atenção";"Colisão traseira";"Com Vítimas Feridas";"Amanhecer";"Crescente";"Ceu Claro";"Dupla";"Reta";"Urbano";4;0;1;2;1;0;3;2
83462254;"02/05/16";"Segunda";"06:57:00";"PR";153;"19";"JACAREZINHO";"Falta de atenção";"Colisão Transversal";"Com Vítimas Fatais";"Pleno dia";"Decrescente";"Ceu Claro";"Simples";"Reta";"Rural";3;1;0;1;1;0;1;2
83462255;"04/05/16";"Quarta";"02:00:00";"CE";222;"300";"TIANGUA";"Falta de atenção";"Queda de motocicleta / bicicleta / veículo";"Com Vítimas Feridas";"Plena noite";"Crescente";"Nevoeiro/neblina";"Simples";"Curva";"Rural";1;0;1;0;0;0;1;1
83462256;"02/05/16";"Segunda";"19:00:00";"MG";381;"671,4";"PERDOES";"Outras";"Saída de Pista";"Sem Vítimas";"Plena noite";"Decrescente";"Ceu Claro";"Dupla";"Reta";"Rural";1;0;0;0;1;0;0;1
83462257;"06/05/16";"Sexta";"07:10:00";"PR";277;"99,5";"CURITIBA";"Outras";"Saída de Pista";"Com Vítimas Feridas";"Pleno dia";"Crescente";"Nublado";"Dupla";"Reta";"Urbano";3;0;0;2;1;0;2;1
83462258;"01/05/16";"Domingo";"21:30:00";"BA";101;"553";"SAO JOSE DA VITORIA";"Falta de atenção";"Colisão Transversal";"Com Vítimas Feridas";"Plena noite";"Crescente";"Chuva";"Simples";"Reta";"Rural";3;0;0;2;1;0;2;2
83462260;"06/05/16";"Sexta";"08:15:00";"RS";386;"37,2";"FREDERICO WESTPHALEN";"Velocidade incompatível";"Colisão traseira";"Sem Vítimas";"Pleno dia";"Decrescente";"Nevoeiro/neblina";"Simples";"Reta";"Urbano";4;0;0;0;4;0;0;4
83462261;"23/04/16";"Sábado";"18:00:00";"MA";10;"308";"ACAILANDIA";"Outras";"Saída de Pista";"Sem Vítimas";"Anoitecer";"Crescente";"Ignorada";"Simples";"Curva";"Rural";2;0;0;0;2;0;0;1
83462262;"02/05/16";"Segunda";"10:30:00";"BA";101;"545,4";"SAO JOSE DA VITORIA";"Velocidade incompatível";"Capotamento";"Com Vítimas Feridas";"Pleno dia";"Decrescente";"Chuva";"Simples";"Curva";"Rural";3;0;1;0;2;0;1;1
83462263;"03/05/16";"Terça";"06:10:00";"PR";277;"627,8";"CEU AZUL";"Dormindo";"Colisão lateral";"Com Vítimas Feridas";"Amanhecer";"Decrescente";"Ceu Claro";"Simples";"Reta";"Rural";3;0;1;0;2;0;1;3
83462264;"05/05/16";"Quinta";"23:30:00";"RS";287;"242,2";"SANTA MARIA";"Desobediência à sinalização";"Colisão Transversal";"Com Vítimas Feridas";"Plena noite";"Crescente";"Nublado";"Simples";"Reta";"Urbano";2;0;1;0;1;0;1;2
83462265;"02/05/16";"Segunda";"21:10:00";"RS";386;"305,8";"POUSO NOVO";"Defeito mecânico em veículo";"Colisão traseira";"Com Vítimas Feridas";"Plena noite";"Crescente";"Nublado";"Simples";"Curva";"Rural";2;0;1;0;1;0;1;2
83462266;"06/05/16";"Sexta";"10:40:00";"RS";116;"253";"SAPUCAIA DO SUL";"Desobediência à sinalização";"Colisão Transversal";"Sem Vítimas";"Pleno dia";"Crescente";"Ceu Claro";"Dupla";"Cruzamento";"Urbano";2;0;0;0;2;0;0;2
83462267;"06/05/16";"Sexta";"10:40:00";"PR";277;"32";"MORRETES";"Velocidade incompatível";"Queda de motocicleta / bicicleta / veículo";"Com Vítimas Feridas";"Pleno dia";"Decrescente";"Nublado";"Dupla";"Curva";"Rural";1;0;0;1;0;0;1;1
83462268;"03/03/16";"Quinta";"08:00:00";"RO";319;"62,4";"PORTO VELHO";"Desobediência à sinalização";"Colisão Transversal";"Com Vítimas Feridas";"Pleno dia";"Crescente";"Ceu Claro";"Dupla";"Reta";"Urbano";3;0;0;3;0;0;3;2
83462269;"06/05/16";"Sexta";"07:30:00";"SP";116;"544";"BARRA DO TURVO";"Velocidade incompatível";"Tombamento";"Sem Vítimas";"Pleno dia";"Decrescente";"Nublado";"Dupla";"Curva";"Rural";1;0;0;0;1;0;0;1
83462270;"06/05/16";"Sexta";"09:30:00";"PR";158;"514";"PATO BRANCO";"Velocidade incompatível";"Saída de Pista";"Sem Vítimas";"Pleno dia";"Decrescente";"Chuva";"Simples";"Curva";"Rural";1;0;0;0;1;0;0;1
83462271;"04/05/16";"Quarta";"21:21:00";"RO";364;"714";"PORTO VELHO";"Falta de atenção";"Colisão traseira";"Com Vítimas Feridas";"Anoitecer";"Crescente";"Ceu Claro";"Simples";"Reta";"Urbano";2;0;0;1;1;0;1;2
83462272;"06/05/16";"Sexta";"07:40:00";"ES";101;"300";"VIANA";"Velocidade incompatível";"Capotamento";"Sem Vítimas";"Pleno dia";"Decrescente";"Ceu Claro";"Dupla";"Reta";"Urbano";1;0;0;0;1;0;0;1
83462273;"05/05/16";"Quinta";"12:20:00";"SP";116;"146";"SAO JOSE DOS CAMPOS";"Falta de atenção";"Colisão lateral";"Sem Vítimas";"Pleno dia";"Decrescente";"Ceu Claro";"Múltipla";"Reta";"Rural";3;0;0;0;2;1;0;3
83462274;"06/05/16";"Sexta";"06:45:00";"ES";101;"65";"SAO MATEUS";"Animais na Pista";"Queda de motocicleta / bicicleta / veículo";"Com Vítimas Feridas";"Pleno dia";"Crescente";"Sol";"Simples";"Reta";"Urbano";2;0;2;0;0;0;2;1
83462275;"06/05/16";"Sexta";"09:00:00";"PI";343;"598,3";"FLORIANO";"Falta de atenção";"Colisão traseira";"Com Vítimas Feridas";"Pleno dia";"Decrescente";"Sol";"Dupla";"Reta";"Urbano";3;0;1;0;1;1;1;2
83462276;"06/05/16";"Sexta";"11:20:00";"RS";158;"149,8";"PANAMBI";"Velocidade incompatível";"Saída de Pista";"Sem Vítimas";"Pleno dia";"Crescente";"Nublado";"Simples";"Reta";"Rural";1;0;0;0;1;0;0;1
83462277;"06/05/16";"Sexta";"10:10:00";"PR";369;"470,4";"CORBELIA";"Velocidade incompatível";"Capotamento";"Com Vítimas Feridas";"Pleno dia";"Decrescente";"Chuva";"Simples";"Curva";"Rural";2;0;1;1;0;0;2;1
83462278;"04/05/16";"Quarta";"16:40:00";"BA";101;"716";"EUNAPOLIS";"Falta de atenção";"Colisão lateral";"Com Vítimas Feridas";"Pleno dia";"Crescente";"Sol";"Simples";"Reta";"Urbano";2;0;1;0;1;0;1;2
83462279;"06/05/16";"Sexta";"09:30:00";"RJ";116;"181,3";"NOVA IGUACU";"Outras";"Colisão com objeto fixo";"Sem Vítimas";"Pleno dia";"Decrescente";"Sol";"Simples";"Reta";"Urbano";2;0;0;0;2;0;0;2
83462280;"06/05/16";"Sexta";"11:55:00";"RS";153;"47,8";"ERECHIM";"Outras";"Atropelamento de pessoa";"Com Vítimas Feridas";"Pleno dia";"Decrescente";"Chuva";"Simples";"Reta";"Urbano";3;0;1;0;2;0;1;2
83462283;"06/05/16";"Sexta";"10:40:00";"SC";101;"351";"JAGUARUNA";"Falta de atenção";"Colisão traseira";"Com Vítimas Feridas";"Pleno dia";"Decrescente";"Nublado";"Dupla";"Curva";"Urbano";2;0;1;0;1;0;1;2
83462284;"30/04/16";"Sábado";"19:30:00";"PA";230;"520";"ANAPU";"Dormindo";"Colisão frontal";"Com Vítimas Fatais";"Plena noite";"Decrescente";"Nublado";"Simples";"Reta";"Rural";2;1;0;0;1;0;0;2
83462285;"02/05/16";"Segunda";"21:00:00";"MG";135;"583";"CORINTO";"Velocidade incompatível";"Colisão lateral";"Com Vítimas Feridas";"Plena noite";"Crescente";"Ceu Claro";"Simples";"Reta";"Rural";3;0;1;2;0;0;3;2
83462286;"02/05/16";"Segunda";"08:30:00";"ES";101;"281";"CARIACICA";"Falta de atenção";"Colisão lateral";"Com Vítimas Feridas";"Pleno dia";"Crescente";"Nublado";"Dupla";"Reta";"Urbano";2;0;0;1;1;0;1;2
83462287;"06/05/16";"Sexta";"06:30:00";"SP";116;"355";"MIRACATU";"Desobediência à sinalização";"Colisão com objeto móvel";"Sem Vítimas";"Amanhecer";"Decrescente";"Ceu Claro";"Simples";"Reta";"Rural";1;0;0;0;1;0;0;1
83462288;"04/05/16";"Quarta";"13:30:00";"MG";40;"523";"CONTAGEM";"Falta de atenção";"Colisão lateral";"Com Vítimas Feridas";"Plena noite";"Crescente";"Ceu Claro";"Dupla";"Reta";"Urbano";3;0;1;0;2;0;1;2
83462290;"03/05/16";"Terça";"00:50:00";"RS";471;"519,1";"SANTA VITORIA DO PALMAR";"Animais na Pista";"Atropelamento de animal";"Sem Vítimas";"Plena noite";"Crescente";"Ceu Claro";"Simples";"Reta";"Rural";1;0;0;0;1;0;0;1
83462291;"06/05/16";"Sexta";"07:45:00";"MG";116;"415,5";"GOVERNADOR VALADARES";"Falta de atenção";"Colisão traseira";"Com Vítimas Feridas";"Pleno dia";"Crescente";"Ceu Claro";"Simples";"Reta";"Urbano";2;0;1;0;1;0;1;2
83462292;"29/04/16";"Sexta";"01:30:00";"RJ";101;"157";"MACAE";"Falta de atenção";"Colisão frontal";"Com Vítimas Feridas";"Plena noite";"Crescente";"Chuva";"Simples";"Reta";"Rural";2;0;0;1;1;0;1;2
83462293;"06/05/16";"Sexta";"13:35:00";"RJ";116;"293";"BARRA MANSA";"Não guardar distância de segurança";"Colisão lateral";"Sem Vítimas";"Pleno dia";"Crescente";"Ceu Claro";"Dupla";"Curva";"Rural";2;0;0;0;2;0;0;2
83462294;"06/05/16";"Sexta";"12:30:00";"GO";153;"614";"MORRINHOS";"Outras";"Saída de Pista";"Sem Vítimas";"Pleno dia";"Crescente";"Ceu Claro";"Dupla";"Reta";"Rural";1;0;0;0;1;0;0;1
83462296;"07/01/16";"Quinta";"00:15:00";"MA";222;"217";"ITAPECURU MIRIM";"Outras";"Atropelamento de pessoa";"Com Vítimas Fatais";"Plena noite";"Crescente";"Nublado";"Simples";"Reta";"Urbano";2;1;0;0;0;1;0;1
83462297;"06/05/16";"Sexta";"10:15:00";"PR";376;"593,5";"CURITIBA";"Velocidade incompatível";"Colisão traseira";"Sem Vítimas";"Pleno dia";"Decrescente";"Nublado";"Dupla";"Reta";"Urbano";4;0;0;0;4;0;0;4
83462298;"06/05/16";"Sexta";"10:40:00";"MA";230;"2";"BARAO DE GRAJAU";"Outras";"Atropelamento de pessoa";"Com Vítimas Feridas";"Pleno dia";"Decrescente";"Sol";"Simples";"Reta";"Urbano";2;0;0;1;1;0;1;1
83462299;"02/05/16";"Segunda";"21:15:00";"RR";401;"1";"BOA VISTA";"Ingestão de álcool";"Colisão traseira";"Com Vítimas Feridas";"Plena noite";"Decrescente";"Chuva";"Simples";"Reta";"Urbano";2;0;1;0;1;0;1;2
83462300;"06/05/16";"Sexta";"10:30:00";"ES";101;"334";"GUARAPARI";"Falta de atenção";"Queda de motocicleta / bicicleta / veículo";"Com Vítimas Feridas";"Pleno dia";"Decrescente";"Ceu Claro";"Simples";"Reta";"Rural";1;0;0;1;0;0;1;1
83462301;"03/05/16";"Terça";"00:30:00";"MT";163;"702";"LUCAS DO RIO VERDE";"Ingestão de álcool";"Atropelamento de animal";"Sem Vítimas";"Plena noite";"Crescente";"Ceu Claro";"Simples";"Reta";"Rural";1;0;0;0;1;0;0;1
83462302;"03/05/16";"Terça";"05:18:00";"GO";153;"678";"ITUMBIARA";"Animais na Pista";"Atropelamento de animal";"Sem Vítimas";"Plena noite";"Crescente";"Ceu Claro";"Dupla";"Reta";"Rural";1;0;0;0;1;0;0;1
83462303;"06/05/16";"Sexta";"13:30:00";"PR";116;"122,1";"CURITIBA";"Outras";"Colisão lateral";"Com Vítimas Feridas";"Pleno dia";"Decrescente";"Chuva";"Dupla";"Reta";"Urbano";2;0;1;0;0;1;1;2
83462304;"20/04/16";"Quarta";"09:20:00";"RJ";101;"206";"CASIMIRO DE ABREU";"Desobediência à sinalização";"Atropelamento de pessoa";"Com Vítimas Feridas";"Pleno dia";"Decrescente";"Ceu Claro";"Simples";"Reta";"Urbano";2;0;1;0;1;0;1;1
83462305;"02/05/16";"Segunda";"18:30:00";"PE";104;"89,3";"AGRESTINA";"Animais na Pista";"Colisão traseira";"Com Vítimas Feridas";"Plena noite";"Decrescente";"Ceu Claro";"Simples";"Reta";"Rural";4;0;2;1;0;1;3;3