"id";"data_inversa";"dia_semana";"horario";"uf";"br";"km";"municipio";"causa_acidente";"tipo_acidente";"classificacao_acidente";"fase_dia";"sentido_via";"condicao_metereologica";"tipo_pista";"tracado_via";"uso_solo";"pessoas";"mortos";"feridos_leves";"feridos_graves";"ilesos";"ignorados";"feridos";"veiculos"
83462553;"04/05/16";"Quarta";"18:20:00";"PE";101;"127,5";"ESCADA";"Falta de atenção";"Colisão Transversal";"Com Vítimas Feridas";"Plena noite";"Decrescente";"Nublado";"Dupla";"Reta";"Rural";3;0;1;0;2;0;1;2
83462554;"07/05/16";"Sábado";"05:10:00";"GO";60;"47";"ABADIANIA";"Animais na Pista";"Colisão com objeto fixo";"Sem Vítimas";"Amanhecer";"Decrescente";"Ceu Claro";"Dupla";"Reta";"Rural";1;0;0;0;1;0;0;1
83462555;"04/04/16";"Segunda";"22:00:00";"MG";381;"850";"POUSO ALEGRE";"Velocidade incompatível";"Colisão lateral";"Com Vítimas Feridas";"Plena noite";"Crescente";"Ceu Claro";"Simples";"Curva";"Urbano";3;0;1;0;2;0;1;2
83462556;"07/05/16";"Sábado";"05:40:00";"RJ";101;"478";"ANGRA DOS REIS";"Ingestão de álcool";"Capotamento";"Com Vítimas Feridas";"Plena noite";"Crescente";"Ceu Claro";"Simples";"Curva";"Rural";1;0;1;0;0;0;1;1
83462557;"07/05/16";"Sábado";"06:50:00";"RS";101;"6,9";"TORRES";"Velocidade incompatível";"Tombamento";"Sem Vítimas";"Amanhecer";"Crescente";"Chuva";"Dupla";"Reta";"Urbano";1;0;0;0;1;0;0;1
83462558;"06/05/16";"Sexta";"17:00:00";"ES";101;"293";"CARIACICA";"Falta de atenção";"Colisão lateral";"Sem Vítimas";"Pleno dia";"Decrescente";"Ceu Claro";"Múltipla";"Reta";"Urbano";2;0;0;0;1;1;0;2
83462559;"04/05/16";"Quarta";"05:50:00";"ES";101;"270,8";"SERRA";"Outras";"Colisão lateral";"Com Vítimas Feridas";"Amanhecer";"Crescente";"Ceu Claro";"Simples";"Reta";"Urbano";2;0;0;1;0;1;1;2
83462560;"07/05/16";"Sábado";"05:00:00";"TO";226;"31";"DARCINOPOLIS";"Defeito mecânico em veículo";"Saída de Pista";"Com Vítimas Feridas";"Plena noite";"Crescente";"Ceu Claro";"Simples";"Curva";"Rural";2;0;2;0;0;0;2;1
83462561;"03/05/16";"Terça";"17:25:00";"PR";369;"155";"LONDRINA";"Falta de atenção";"Colisão traseira";"Sem Vítimas";"Pleno dia";"Crescente";"Ceu Claro";"Dupla";"Reta";"Urbano";2;0;0;0;2;0;0;2
83462562;"06/05/16";"Sexta";"22:50:00";"RJ";101;"482";"ANGRA DOS REIS";"Falta de atenção";"Colisão Transversal";"Com Vítimas Feridas";"Plena noite";"Decrescente";"Ceu Claro";"Simples";"Reta";"Rural";2;0;0;1;1;0;1;2
83462563;"05/05/16";"Quinta";"13:00:00";"PE";232;"43";"VITORIA DE SANTO ANTAO";"Dormindo";"Saída de Pista";"Com Vítimas Feridas";"Pleno dia";"Decrescente";"Ceu Claro";"Dupla";"Reta";"Rural";1;0;0;1;0;0;1;1
83462564;"02/05/16";"Segunda";"10:10:00";"AL";101;"128";"SAO MIGUEL DOS CAMPOS";"Outras";"Saída de Pista";"Ignorado";"Pleno dia";"Decrescente";"Ceu Claro";"Simples";"Curva";"Rural";1;0;0;0;0;1;0;1
83462565;"03/05/16";"Terça";"09:00:00";"RJ";116;"183";"NOVA IGUACU";"Outras";"Colisão traseira";"Com Vítimas Feridas";"Pleno dia";"Crescente";"Nublado";"Dupla";"Reta";"Urbano";2;0;2;0;0;0;2;2
83462566;"06/05/16";"Sexta";"18:20:00";"BA";101;"887";"TEIXEIRA DE FREITAS";"Defeito mecânico em veículo";"Incêndio";"Sem Vítimas";"Plena noite";"Crescente";"Ceu Claro";"Simples";"Reta";"Rural";1;0;0;0;1;0;0;1
83462567;"07/05/16";"Sábado";"04:50:00";"RJ";393;"278";"BARRA DO PIRAI";"Ingestão de álcool";"Colisão frontal";"Com Vítimas Feridas";"Amanhecer";"Crescente";"Ceu Claro";"Simples";"Reta";"Urbano";3;0;1;0;2;0;1;2
83462568;"06/05/16";"Sexta";"09:30:00";"MG";116;"774,8";"LEOPOLDINA";"Velocidade incompatível";"Tombamento";"Com Vítimas Feridas";"Pleno dia";"Decrescente";"Sol";"Simples";"Curva";"Rural";1;0;1;0;0;0;1;1
83462569;"07/05/16";"Sábado";"06:30:00";"MA";135;"9";"SAO LUIS";"Outras";"Atropelamento de pessoa";"Com Vítimas Feridas";"Pleno dia";"Decrescente";"Ceu Claro";"Dupla";"Reta";"Urbano";2;0;0;1;1;0;1;1
83462570;"06/05/16";"Sexta";"20:15:00";"MG";135;"372,5";"MONTES CLAROS";"Falta de atenção";"Saída de Pista";"Com Vítimas Feridas";"Pleno dia";"Decrescente";"Ceu Claro";"Simples";"Reta";"Urbano";1;0;1;0;0;0;1;1
83462571;"07/05/16";"Sábado";"07:20:00";"PA";316;"8";"ANANINDEUA";"Falta de atenção";"Colisão lateral";"Sem Vítimas";"Pleno dia";"Crescente";"Sol";"Dupla";"Reta";"Urbano";2;0;0;0;2;0;0;2
83462572;"03/05/16";"Terça";"18:50:00";"TO";153;"253,5";"COLINAS DO TOCANTINS";"Animais na Pista";"Capotamento";"Com Vítimas Feridas";"Plena noite";"Crescente";"Ceu Claro";"Simples";"Reta";"Rural";2;0;1;0;1;0;1;1
83462573;"06/05/16";"Sexta";"20:30:00";"PR";153;"484";"PORTO VITORIA";"Defeito mecânico em veículo";"Colisão traseira";"Com Vítimas Feridas";"Plena noite";"Crescente";"Nublado";"Dupla";"Reta";"Rural";2;0;1;0;1;0;1;2
83462574;"04/05/16";"Quarta";"15:40:00";"SP";116;"211";"GUARULHOS";"Falta de atenção";"Colisão com objeto fixo";"Com Vítimas Feridas";"Pleno dia";"Crescente";"Ceu Claro";"Múltipla";"Reta";"Urbano";1;0;0;1;0;0;1;1
83462575;"06/05/16";"Sexta";"05:30:00";"MS";163;"51,9";"ELDORADO";"Falta de atenção";"Capotamento";"Sem Vítimas";"Amanhecer";"Decrescente";"Nublado";"Simples";"Reta";"Rural";1;0;0;0;1;0;0;1
83462576;"04/05/16";"Quarta";"07:45:00";"ES";101;"360,9";"ANCHIETA";"Outras";"Tombamento";"Com Vítimas Feridas";"Pleno dia";"Crescente";"Ceu Claro";"Simples";"Curva";"Rural";1;0;1;0;0;0;1;1
83462577;"02/05/16";"Segunda";"12:30:00";"PR";376;"679";"GUARATUBA";"Ultrapassagem indevida";"Colisão lateral";"Com Vítimas Feridas";"Pleno dia";"Crescente";"Ceu Claro";"Dupla";"Reta";"Rural";3;0;1;0;2;0;1;2
83462578;"06/05/16";"Sexta";"06:05:00";"RJ";465;"10";"SEROPEDICA";"Outras";"Colisão frontal";"Sem Vítimas";"Amanhecer";"Decrescente";"Ceu Claro";"Simples";"Reta";"Urbano";2;0;0;0;1;1;0;2
83462579;"07/05/16";"Sábado";"06:15:00";"RS";293;"136";"CANDIOTA";"Dormindo";"Colisão Transversal";"Sem Vítimas";"Amanhecer";"Crescente";"Nublado";"Simples";"Reta";"Rural";2;0;0;0;2;0;0;2
83462580;"07/05/16";"Sábado";"09:15:00";"PA";163;"998";"SANTAREM";"Falta de atenção";"Colisão Transversal";"Com Vítimas Feridas";"Pleno dia";"Decrescente";"Nublado";"Simples";"Reta";"Urbano";2;0;1;0;1;0;1;2
83462581;"03/05/16";"Terça";"23:15:00";"RR";174;"356,3";"CARACARAI";"Defeito mecânico em veículo";"Colisão traseira";"Com Vítimas Fatais";"Plena noite";"Crescente";"Chuva";"Simples";"Reta";"Rural";3;1;0;1;1;0;1;2
83462582;"07/05/16";"Sábado";"09:15:00";"RS";290;"7,5";"OSORIO";"Velocidade incompatível";"Colisão com objeto fixo";"Sem Vítimas";"Pleno dia";"Decrescente";"Chuva";"Dupla";"Reta";"Rural";1;0;0;0;1;0;0;1
83462583;"04/05/16";"Quarta";"01:00:00";"RR";174;"356,3";"CARACARAI";"Falta de atenção";"Colisão com objeto fixo";"Com Vítimas Feridas";"Plena noite";"Crescente";"Chuva";"Simples";"Reta";"Rural";1;0;0;1;0;0;1;1
83462584;"04/05/16";"Quarta";"07:10:00";"PE";232;"39";"MORENO";"Velocidade incompatível";"Capotamento";"Sem Vítimas";"Pleno dia";"Crescente";"Sol";"Dupla";"Reta";"Urbano";3;0;0;0;3;0;0;3
83462585;"06/05/16";"Sexta";"03:50:00";"MG";50;"180,5";"UBERABA";"Dormindo";"Saída de Pista";"Com Vítimas Fatais";"Plena noite";"Crescente";"Ceu Claro";"Dupla";"Reta";"Urbano";1;1;0;0;0;0;0;1
83462586;"03/05/16";"Terça";"17:45:00";"SP";116;"269";"TABOAO DA SERRA";"Falta de atenção";"Colisão Transversal";"Sem Vítimas";"Pleno dia";"Decrescente";"Sol";"Dupla";"Reta";"Urbano";2;0;0;0;2;0;0;2
83462587;"07/05/16";"Sábado";"09:00:00";"ES";101;"400";"RIO NOVO DO SUL";"Ultrapassagem indevida";"Colisão frontal";"Com Vítimas Feridas";"Pleno dia";"Decrescente";"Sol";"Simples";"Curva";"Rural";2;0;0;1;1;0;1;2
83462588;"07/05/16";"Sábado";"03:50:00";"MG";116;"660,2";"SAO JOAO DO MANHUACU";"Velocidade incompatível";"Tombamento";"Sem Vítimas";"Plena noite";"Decrescente";"Ceu Claro";"Simples";"Curva";"Rural";1;0;0;0;1;0;0;1
83462589;"07/05/16";"Sábado";"09:45:00";"SC";470;"73";"INDAIAL";"Falta de atenção";"Colisão Transversal";"Com Vítimas Feridas";"Pleno dia";"Crescente";"Sol";"Simples";"Reta";"Urbano";2;0;1;1;0;0;2;2
83462590;"07/05/16";"Sábado";"16:30:00";"SC";101;"119";"ITAJAI";"Falta de atenção";"Queda de motocicleta / bicicleta / veículo";"Com Vítimas Feridas";"Pleno dia";"Crescente";"Nublado";"Dupla";"Reta";"Urbano";1;0;1;0;0;0;1;1
83462591;"07/05/16";"Sábado";"14:10:00";"TO";153;"479,2";"PARAISO DO TOCANTINS";"Defeito mecânico em veículo";"Incêndio";"Sem Vítimas";"Pleno dia";"Decrescente";"Ceu Claro";"Simples";"Reta";"Rural";1;0;0;0;1;0;0;1
83462592;"07/05/16";"Sábado";"15:20:00";"PR";153;"106,2";"IBAITI";"Ingestão de álcool";"Queda de motocicleta / bicicleta / veículo";"Com Vítimas Feridas";"Pleno dia";"Decrescente";"Chuva";"Dupla";"Reta";"Rural";1;0;1;0;0;0;1;1
83462593;"07/05/16";"Sábado";"07:50:00";"PR";369;"145";"LONDRINA";"Não guardar distância de segurança";"Colisão lateral";"Com Vítimas Feridas";"Pleno dia";"Crescente";"Chuva";"Dupla";"Reta";"Urbano";3;0;1;0;2;0;1;2
83462594;"07/05/16";"Sábado";"12:10:00";"RS";386;"345,5";"LAJEADO";"Defeito mecânico em veículo";"Tombamento";"Com Vítimas Feridas";"Pleno dia";"Decrescente";"Nublado";"Dupla";"Reta";"Urbano";1;0;1;0;0;0;1;1
83462595;"07/05/16";"Sábado";"18:10:00";"PE";232;"129,2";"CARUARU";"Velocidade incompatível";"Colisão traseira";"Com Vítimas Fatais";"Plena noite";"Crescente";"Nublado";"Múltipla";"Reta";"Urbano";2;1;0;0;1;0;0;2
83462596;"07/05/16";"Sábado";"07:35:00";"RS";285;"123,5";"VACARIA";"Outras";"Colisão lateral";"Sem Vítimas";"Amanhecer";"Crescente";"Ceu Claro";"Simples";"Reta";"Urbano";3;0;0;0;3;0;0;2
83462597;"07/05/16";"Sábado";"19:30:00";"RJ";40;"115";"DUQUE DE CAXIAS";"Outras";"Colisão com objeto fixo";"Com Vítimas Feridas";"Plena noite";"Decrescente";"Nublado";"Simples";"Reta";"Urbano";1;0;1;0;0;0;1;1
83462598;"07/05/16";"Sábado";"10:30:00";"SC";470;"71,2";"INDAIAL";"Falta de atenção";"Colisão lateral";"Sem Vítimas";"Pleno dia";"Decrescente";"Ceu Claro";"Simples";"Reta";"Urbano";2;0;0;0;2;0;0;2
83462599;"03/05/16";"Terça";"09:30:00";"ES";101;"319";"VIANA";"Falta de atenção";"Colisão Transversal";"Com Vítimas Feridas";"Pleno dia";"Crescente";"Ceu Claro";"Simples";"Reta";"Rural";2;0;1;0;1;0;1;2
83462600;"07/05/16";"Sábado";"01:30:00";"RS";285;"198,7";"LAGOA VERMELHA";"Outras";"Colisão com objeto fixo";"Ignorado";"Plena noite";"Decrescente";"Ceu Claro";"Simples";"Cruzamento";"Urbano";1;0;0;0;0;1;0;1
83462601;"07/05/16";"Sábado";"18:00:00";"SC";153;"68,7";"IRANI";"Outras";"Colisão frontal";"Com Vítimas Fatais";"Anoitecer";"Crescente";"Nublado";"Simples";"Reta";"Rural";18;1;17;0;0;0;17;2
83462602;"03/05/16";"Terça";"17:15:00";"ES";262;"159,2";"IBATIBA";"Desobediência à sinalização";"Colisão Transversal";"Com Vítimas Feridas";"Anoitecer";"Decrescente";"Ceu Claro";"Múltipla";"Cruzamento";"Urbano";2;0;1;0;1;0;1;2
83462603;"29/04/16";"Sexta";"23:20:00";"RN";304;"300,5";"MACAIBA";"Desobediência à sinalização";"Colisão frontal";"Com Vítimas Fatais";"Plena noite";"Crescente";"Ceu Claro";"Dupla";"Reta";"Urbano";2;1;0;0;1;0;0;2
83462604;"07/05/16";"Sábado";"16:30:00";"ES";101;"203,5";"JOAO NEIVA";"Outras";"Tombamento";"Com Vítimas Feridas";"Pleno dia";"Decrescente";"Sol";"Simples";"Curva";"Urbano";2;0;2;0;0;0;2;1
83462605;"07/05/16";"Sábado";"12:45:00";"SC";153;"106,8";"CONCORDIA";"Velocidade incompatível";"Derramamento de Carga";"Com Vítimas Feridas";"Pleno dia";"Crescente";"Ceu Claro";"Simples";"Curva";"Rural";1;0;1;0;0;0;1;1
83462606;"07/05/16";"Sábado";"16:30:00";"PE";232;"410,1";"SERRA TALHADA";"Desobediência à sinalização";"Colisão Transversal";"Com Vítimas Feridas";"Pleno dia";"Decrescente";"Ceu Claro";"Simples";"Reta";"Urbano";2;0;0;1;0;1;1;2
83462607;"07/05/16";"Sábado";"13:45:00";"PB";101;"58,2";"SANTA RITA";"Defeito mecânico em veículo";"Saída de Pista";"Com Vítimas Feridas";"Pleno dia";"Decrescente";"Sol";"Dupla";"Reta";"Rural";4;0;3;0;1;0;3;1
83462608;"07/05/16";"Sábado";"14:50:00";"PE";232;"11";"JABOATAO DOS GUARARAPES";"Outras";"Atropelamento de pessoa";"Com Vítimas Feridas";"Pleno dia";"Crescente";"Ceu Claro";"Dupla";"Reta";"Urbano";2;0;0;1;1;0;1;1
83462609;"07/05/16";"Sábado";"13:15:00";"SP";381;"74";"SAO PAULO";"Outras";"Saída de Pista";"Sem Vítimas";"Pleno dia";"Decrescente";"Ceu Claro";"Múltipla";"Curva";"Urbano";1;0;0;0;1;0;0;1
83462610;"07/05/16";"Sábado";"16:00:00";"PE";424;"61";"CAETES";"Ingestão de álcool";"Colisão frontal";"Com Vítimas Fatais";"Pleno dia";"Decrescente";"Ceu Claro";"Simples";"Reta";"Rural";3;1;1;0;0;1;1;2
83462611;"07/05/16";"Sábado";"10:20:00";"RO";364;"211,5";"PIMENTA BUENO";"Defeito na via";"Tombamento";"Com Vítimas Feridas";"Pleno dia";"Crescente";"Ceu Claro";"Simples";"Reta";"Rural";3;0;2;0;1;0;2;1
83462612;"07/05/16";"Sábado";"07:35:00";"SC";163;"95,4";"SAO JOSE DO CEDRO";"Ultrapassagem indevida";"Colisão lateral";"Sem Vítimas";"Pleno dia";"Decrescente";"Nublado";"Simples";"Curva";"Rural";7;0;0;0;6;1;0;3
83462613;"07/05/16";"Sábado";"11:00:00";"SP";116;"121,5";"CACAPAVA";"Outras";"Colisão com objeto fixo";"Sem Vítimas";"Pleno dia";"Crescente";"Nublado";"Dupla";"Reta";"Rural";2;0;0;0;1;1;0;2
83462614;"07/05/16";"Sábado";"12:45:00";"PR";376;"191,5";"MARIALVA";"Defeito mecânico em veículo";"Saída de Pista";"Sem Vítimas";"Pleno dia";"Crescente";"Nublado";"Dupla";"Reta";"Rural";1;0;0;0;1;0;0;1
83462615;"07/05/16";"Sábado";"07:00:00";"BA";116;"650,6";"JEQUIE";"Outras";"Colisão lateral";"Sem Vítimas";"Pleno dia";"Decrescente";"Chuva";"Simples";"Curva";"Rural";2;0;0;0;2;0;0;2
83462616;"07/05/16";"Sábado";"15:30:00";"PB";230;"121,2";"RIACHAO DO BACAMARTE";"Dormindo";"Saída de Pista";"Sem Vítimas";"Pleno dia";"Decrescente";"Sol";"Dupla";"Reta";"Rural";1;0;0;0;1;0;0;1
83462617;"07/05/16";"Sábado";"15:50:00";"PE";232;"519";"SALGUEIRO";"Falta de atenção";"Colisão traseira";"Com Vítimas Feridas";"Pleno dia";"Decrescente";"Ceu Claro";"Dupla";"Reta";"Urbano";2;0;1;0;1;0;1;2
83462618;"17/04/16";"Domingo";"14:40:00";"SP";116;"209";"GUARULHOS";"Falta de atenção";"Colisão traseira";"Sem Vítimas";"Pleno dia";"Crescente";"Ceu Claro";"Múltipla";"Reta";"Urbano";2;0;0;0;2;0;0;2
83462619;"07/05/16";"Sábado";"15:40:00";"ES";101;"140";"LINHARES";"Não guardar distância de segurança";"Colisão traseira";"Com Vítimas Feridas";"Pleno dia";"Decrescente";"Sol";"Dupla";"Reta";"Urbano";2;0;1;0;1;0;1;2
83462620;"07/05/16";"Sábado";"17:20:00";"RS";116;"335";"BARRA DO RIBEIRO";"Falta de atenção";"Colisão lateral";"Sem Vítimas";"Anoitecer";"Decrescente";"Nublado";"Simples";"Reta";"Rural";2;0;0;0;2;0;0;2
83462621;"07/05/16";"Sábado";"12:00:00";"ES";101;"265,1";"SERRA";"Desobediência à sinalização";"Colisão traseira";"Com Vítimas Feridas";"Pleno dia";"Crescente";"Ignorada";"Múltipla";"Reta";"Urbano";4;0;1;0;3;0;1;3
83462622;"07/05/16";"Sábado";"19:40:00";"MS";163;"413";"NOVA ALVORADA DO SUL";"Falta de atenção";"Colisão lateral";"Sem Vítimas";"Anoitecer";"Decrescente";"Ceu Claro";"Simples";"Reta";"Rural";3;0;0;0;3;0;0;2
83462623;"07/05/16";"Sábado";"11:05:00";"PR";376;"176,6";"MARINGA";"Outras";"Queda de motocicleta / bicicleta / veículo";"Com Vítimas Feridas";"Pleno dia";"Decrescente";"Nublado";"Dupla";"Reta";"Urbano";1;0;0;1;0;0;1;1
83462624;"07/05/16";"Sábado";"12:30:00";"MG";40;"384,2";"CURVELO";"Outras";"Saída de Pista";"Sem Vítimas";"Pleno dia";"Crescente";"Ceu Claro";"Simples";"Reta";"Rural";1;0;0;0;1;0;0;1
83462625;"07/05/16";"Sábado";"18:45:00";"PR";376;"179,4";"MARINGA";"Outras";"Queda de motocicleta / bicicleta / veículo";"Com Vítimas Feridas";"Plena noite";"Decrescente";"Nublado";"Dupla";"Reta";"Urbano";2;0;0;2;0;0;2;1
83462626;"07/05/16";"Sábado";"12:15:00";"ES";101;"254";"SERRA";"Falta de atenção";"Colisão lateral";"Com Vítimas Feridas";"Pleno dia";"Crescente";"Sol";"Simples";"Reta";"Urbano";2;0;0;1;1;0;1;2
83462627;"07/05/16";"Sábado";"14:00:00";"SP";116;"226";"GUARULHOS";"Velocidade incompatível";"Colisão traseira";"Sem Vítimas";"Pleno dia";"Crescente";"Ceu Claro";"Múltipla";"Curva";"Urbano";2;0;0;0;2;0;0;2
83462628;"03/05/16";"Terça";"22:20:00";"RJ";40;"121";"DUQUE DE CAXIAS";"Outras";"Capotamento";"Sem Vítimas";"Plena noite";"Crescente";"Ceu Claro";"Múltipla";"Reta";"Urbano";3;0;0;0;3;0;0;2
83462629;"07/05/16";"Sábado";"07:40:00";"PE";428;"172";"PETROLINA";"Ultrapassagem indevida";"Colisão lateral";"Sem Vítimas";"Pleno dia";"Crescente";"Nublado";"Simples";"Reta";"Rural";2;0;0;0;2;0;0;2
83462631;"07/05/16";"Sábado";"12:40:00";"PR";376;"218,5";"JANDAIA DO SUL";"Falta de atenção";"Colisão Transversal";"Com Vítimas Feridas";"Pleno dia";"Crescente";"Chuva";"Simples";"Reta";"Rural";2;0;2;0;0;0;2;2
83462632;"03/05/16";"Terça";"18:00:00";"PR";158;"508";"PATO BRANCO";"Falta de atenção";"Colisão Transversal";"Com Vítimas Feridas";"Anoitecer";"Decrescente";"Ceu Claro";"Simples";"Reta";"Rural";3;0;0;1;2;0;1;2
83462633;"04/05/16";"Quarta";"06:39:00";"DF";70;"6";"BRASILIA";"Outras";"Colisão traseira";"Com Vítimas Feridas";"Amanhecer";"Decrescente";"Ceu Claro";"Dupla";"Reta";"Urbano";4;0;1;0;2;1;1;3
83462634;"01/05/16";"Domingo";"04:40:00";"GO";60;"372";"RIO VERDE";"Velocidade incompatível";"Colisão traseira";"Sem Vítimas";"Plena noite";"Crescente";"Ceu Claro";"Dupla";"Reta";"Rural";2;0;0;0;2;0;0;2
83462635;"07/05/16";"Sábado";"01:30:00";"RS";470;"283";"MONTENEGRO";"Falta de atenção";"Capotamento";"Ignorado";"Plena noite";"Decrescente";"Nublado";"Simples";"Curva";"Rural";1;0;0;0;0;1;0;1
83462637;"07/05/16";"Sábado";"14:00:00";"RN";101;"116";"SAO JOSE DE MIPIBU";"Outras";"Colisão traseira";"Com Vítimas Feridas";"Pleno dia";"Decrescente";"Ceu Claro";"Dupla";"Reta";"Rural";2;0;0;1;1;0;1;2
83462638;"07/05/16";"Sábado";"18:40:00";"ES";101;"100";"JAGUARE";"Outras";"Queda de motocicleta / bicicleta / veículo";"Com Vítimas Feridas";"Plena noite";"Decrescente";"Ceu Claro";"Simples";"Reta";"Rural";1;0;1;0;0;0;1;1
83462639;"07/05/16";"Sábado";"06:15:00";"GO";153;"541";"HIDROLANDIA";"Falta de atenção";"Colisão traseira";"Com Vítimas Feridas";"Amanhecer";"Crescente";"Ceu Claro";"Dupla";"Reta";"Rural";2;0;1;0;0;1;1;2
83462640;"07/05/16";"Sábado";"10:30:00";"MG";40;"413,5";"CURVELO";"Falta de atenção";"Colisão Transversal";"Com Vítimas Feridas";"Pleno dia";"Decrescente";"Sol";"Simples";"Reta";"Rural";4;0;2;0;2;0;2;3
83462641;"07/05/16";"Sábado";"21:00:00";"PR";376;"254,2";"CALIFORNIA";"Outras";"Queda de motocicleta / bicicleta / veículo";"Ignorado";"Plena noite";"Crescente";"Nublado";"Simples";"Reta";"Rural";1;0;0;0;0;1;0;1
83462642;"07/05/16";"Sábado";"19:15:00";"PI";343;"209";"CAPITAO DE CAMPOS";"Outras";"Colisão lateral";"Com Vítimas Feridas";"Plena noite";"Decrescente";"Ceu Claro";"Simples";"Reta";"Rural";3;0;1;1;0;1;2;2
83462643;"07/05/16";"Sábado";"17:50:00";"MS";163;"267,2";"DOURADOS";"Outras";"Colisão traseira";"Com Vítimas Feridas";"Plena noite";"Crescente";"Ceu Claro";"Dupla";"Reta";"Urbano";2;0;2;0;0;0;2;2
83462645;"07/05/16";"Sábado";"19:00:00";"PR";376;"668";"GUARATUBA";"Velocidade incompatível";"Saída de Pista";"Com Vítimas Feridas";"Plena noite";"Crescente";"Chuva";"Dupla";"Curva";"Rural";2;0;1;0;1;0;1;1
83462646;"07/05/16";"Sábado";"18:00:00";"MG";262;"192";"BELA VISTA DE MINAS";"Não guardar distância de segurança";"Colisão traseira";"Sem Vítimas";"Plena noite";"Crescente";"Nublado";"Simples";"Reta";"Rural";3;0;0;0;2;1;0;2
83462647;"07/05/16";"Sábado";"15:30:00";"RN";304;"119,4";"ASSU";"Outras";"Capotamento";"Com Vítimas Feridas";"Pleno dia";"Decrescente";"Sol";"Simples";"Reta";"Rural";3;0;2;0;1;0;2;1
83462648;"07/05/16";"Sábado";"11:10:00";"MS";262;"468";"ANASTACIO";"Dormindo";"Colisão traseira";"Com Vítimas Feridas";"Pleno dia";"Crescente";"Ceu Claro";"Simples";"Reta";"Rural";2;0;1;0;1;0;1;2
83462650;"05/05/16";"Quinta";"22:30:00";"PA";222;"226";"MARABA";"Ultrapassagem indevida";"Colisão frontal";"Sem Vítimas";"Plena noite";"Decrescente";"Ceu Claro";"Simples";"Curva";"Rural";2;0;0;0;1;1;0;2
83462652;"07/05/16";"Sábado";"19:00:00";"PR";376;"655";"GUARATUBA";"Velocidade incompatível";"Capotamento";"Com Vítimas Feridas";"Plena noite";"Decrescente";"Chuva";"Dupla";"Curva";"Rural";8;0;1;0;6;1;1;5
83462654;"07/05/16";"Sábado";"14:50:00";"RJ";101;"417";"MANGARATIBA";"Velocidade incompatível";"Colisão frontal";"Com Vítimas Feridas";"Pleno dia";"Crescente";"Nublado";"Simples";"Curva";"Urbano";14;0;12;2;0;0;14;4
83462655;"07/05/16";"Sábado";"14:00:00";"RS";285;"394";"SANTA BARBARA DO SUL";"Defeito na via";"Saída de Pista";"Com Vítimas Feridas";"Pleno dia";"Decrescente";"Nublado";"Simples";"Reta";"Rural";4;0;4;0;0;0;4;1
83462656;"30/04/16";"Sábado";"03:00:00";"SC";116;"184,7";"SAO CRISTOVAO DO SUL";"Velocidade incompatível";"Colisão com objeto fixo";"Sem Vítimas";"Plena noite";"Crescente";"Nevoeiro/neblina";"Simples";"Cruzamento";"Urbano";2;0;0;0;2;0;0;1
83462657;"29/04/16";"Sexta";"19:00:00";"SC";101;"203";"SAO JOSE";"Falta de atenção";"Colisão lateral";"Com Vítimas Feridas";"Plena noite";"Crescente";"Ceu Claro";"Dupla";"Reta";"Urbano";2;0;1;0;1;0;1;2
83462658;"07/05/16";"Sábado";"13:10:00";"PR";376;"408,2";"TIBAGI";"Defeito mecânico em veículo";"Colisão com objeto fixo";"Com Vítimas Feridas";"Pleno dia";"Decrescente";"Chuva";"Simples";"Curva";"Urbano";2;0;1;0;1;0;1;1
83462659;"05/05/16";"Quinta";"12:35:00";"RN";101;"106";"PARNAMIRIM";"Desobediência à sinalização";"Colisão Transversal";"Com Vítimas Feridas";"Pleno dia";"Crescente";"Sol";"Dupla";"Reta";"Urbano";2;0;1;0;1;0;1;2
83462660;"07/05/16";"Sábado";"06:40:00";"RJ";101;"318";"SAO GONCALO";"Velocidade incompatível";"Colisão traseira";"Com Vítimas Feridas";"Pleno dia";"Crescente";"Nublado";"Dupla";"Reta";"Urbano";2;0;1;0;1;0;1;2
83462661;"07/05/16";"Sábado";"16:00:00";"RJ";101;"424,9";"ITAGUAI";"Outras";"Atropelamento de pessoa";"Com Vítimas Feridas";"Pleno dia";"Crescente";"Nublado";"Simples";"Curva";"Rural";3;0;1;1;1;0;2;1
83462662;"29/04/16";"Sexta";"15:20:00";"RN";304;"293";"MACAIBA";"Não guardar distância de segurança";"Colisão traseira";"Com Vítimas Feridas";"Pleno dia";"Decrescente";"Sol";"Simples";"Reta";"Rural";3;0;1;0;2;0;1;3
83462663;"07/05/16";"Sábado";"18:00:00";"RS";470;"216";"BENTO GONCALVES";"Falta de atenção";"Colisão Transversal";"Com Vítimas Feridas";"Plena noite";"Crescente";"Nublado";"Dupla";"Cruzamento";"Urbano";2;0;1;0;0;1;1;2
83462664;"07/05/16";"Sábado";"17:15:00";"MA";222;"675,5";"ACAILANDIA";"Desobediência à sinalização";"Colisão lateral";"Com Vítimas Feridas";"Pleno dia";"Crescente";"Ceu Claro";"Simples";"Reta";"Urbano";5;0;0;1;3;1;1;2
83462665;"28/04/16";"Quinta";"16:54:00";"PE";232;"163";"TACAIMBO";"Falta de atenção";"Colisão Transversal";"Com Vítimas Feridas";"Pleno dia";"Decrescente";"Sol";"Simples";"Reta";"Rural";2;0;1;0;1;0;1;2