"id";"data_inversa";"dia_semana";"horario";"uf";"br";"km";"municipio";"causa_acidente";"tipo_acidente";"classificacao_acidente";"fase_dia";"sentido_via";"condicao_metereologica";"tipo_pista";"tracado_via";"uso_solo";"pessoas";"mortos";"feridos_leves";"feridos_graves";"ilesos";"ignorados";"feridos";"veiculos"
83462777;"07/05/16";"Sábado";"23:40:00";"PB";101;"45";"MAMANGUAPE";"Ingestão de álcool";"Queda de motocicleta / bicicleta / veículo";"Com Vítimas Feridas";"Plena noite";"Crescente";"Ceu Claro";"Dupla";"Curva";"Rural";1;0;0;1;0;0;1;1
83462778;"08/05/16";"Domingo";"02:30:00";"ES";101;"293,1";"CARIACICA";"Ingestão de álcool";"Colisão com objeto fixo";"Com Vítimas Feridas";"Plena noite";"Crescente";"Ceu Claro";"Múltipla";"Cruzamento";"Urbano";1;0;1;0;0;0;1;1
83462779;"30/04/16";"Sábado";"06:30:00";"RJ";116;"86";"TERESOPOLIS";"Outras";"Saída de Pista";"Sem Vítimas";"Amanhecer";"Crescente";"Chuva";"Simples";"Curva";"Urbano";1;0;0;0;1;0;0;1
83462780;"07/05/16";"Sábado";"23:45:00";"MG";116;"623,3";"ORIZANIA";"Outras";"Colisão frontal";"Com Vítimas Fatais";"Plena noite";"Crescente";"Ceu Claro";"Simples";"Reta";"Rural";4;1;1;1;1;0;2;2
83462781;"08/05/16";"Domingo";"02:35:00";"SC";101;"337,5";"TUBARAO";"Falta de atenção";"Colisão com objeto fixo";"Com Vítimas Fatais";"Plena noite";"Crescente";"Chuva";"Simples";"Curva";"Urbano";1;1;0;0;0;0;0;1
83462782;"08/05/16";"Domingo";"04:30:00";"SC";280;"54,5";"GUARAMIRIM";"Ingestão de álcool";"Colisão frontal";"Com Vítimas Feridas";"Plena noite";"Crescente";"Nublado";"Simples";"Reta";"Urbano";3;0;1;1;1;0;2;2
83462783;"08/05/16";"Domingo";"04:00:00";"ES";101;"147";"LINHARES";"Outras";"Queda de motocicleta / bicicleta / veículo";"Com Vítimas Feridas";"Plena noite";"Decrescente";"Ceu Claro";"Simples";"Curva";"Urbano";1;0;0;1;0;0;1;1
83462784;"07/05/16";"Sábado";"16:20:00";"PR";163;"150,9";"SANTA LUCIA";"Não guardar distância de segurança";"Colisão traseira";"Sem Vítimas";"Pleno dia";"Crescente";"Nublado";"Simples";"Reta";"Rural";2;0;0;0;2;0;0;2
83462785;"07/05/16";"Sábado";"06:15:00";"SC";101;"206";"SAO JOSE";"Dormindo";"Colisão com objeto fixo";"Com Vítimas Feridas";"Amanhecer";"Crescente";"Ceu Claro";"Dupla";"Reta";"Urbano";2;0;1;1;0;0;2;1
83462786;"07/05/16";"Sábado";"21:50:00";"PE";423;"95";"GARANHUNS";"Ingestão de álcool";"Colisão lateral";"Sem Vítimas";"Plena noite";"Crescente";"Chuva";"Simples";"Reta";"Urbano";2;0;0;0;2;0;0;2
83462787;"12/03/16";"Sábado";"19:00:00";"PE";232;"512";"SALGUEIRO";"Outras";"Colisão frontal";"Com Vítimas Feridas";"Plena noite";"Crescente";"Ignorada";"Simples";"Reta";"Urbano";3;0;1;1;0;1;2;2
83462788;"07/05/16";"Sábado";"10:45:00";"PE";101;"51,3";"ABREU E LIMA";"Desobediência à sinalização";"Atropelamento de pessoa";"Com Vítimas Feridas";"Pleno dia";"Crescente";"Sol";"Simples";"Reta";"Urbano";2;0;1;0;1;0;1;1
83462789;"07/05/16";"Sábado";"05:00:00";"MS";163;"323,2";"RIO BRILHANTE";"Dormindo";"Queda de motocicleta / bicicleta / veículo";"Com Vítimas Feridas";"Plena noite";"Crescente";"Nublado";"Dupla";"Reta";"Rural";1;0;1;0;0;0;1;1
83462790;"07/05/16";"Sábado";"09:35:00";"MG";381;"765,1";"CAMPANHA";"Velocidade incompatível";"Saída de Pista";"Com Vítimas Feridas";"Pleno dia";"Decrescente";"Ceu Claro";"Dupla";"Curva";"Rural";2;0;2;0;0;0;2;1
83462791;"29/04/16";"Sexta";"23:30:00";"RJ";116;"86";"TERESOPOLIS";"Outras";"Incêndio";"Ignorado";"Plena noite";"Decrescente";"Chuva";"Simples";"Reta";"Urbano";1;0;0;0;0;1;0;1
83462792;"08/05/16";"Domingo";"05:20:00";"GO";60;"392";"RIO VERDE";"Ingestão de álcool";"Queda de motocicleta / bicicleta / veículo";"Com Vítimas Feridas";"Plena noite";"Crescente";"Ceu Claro";"Dupla";"Reta";"Urbano";1;0;1;0;0;0;1;1
83462793;"08/05/16";"Domingo";"03:30:00";"RS";116;"159,5";"CAXIAS DO SUL";"Dormindo";"Saída de Pista";"Com Vítimas Feridas";"Plena noite";"Decrescente";"Nublado";"Simples";"Curva";"Urbano";2;0;1;0;1;0;1;1
83462795;"17/04/16";"Domingo";"15:40:00";"GO";70;"16";"AGUAS LINDAS DE GOIAS";"Ingestão de álcool";"Colisão traseira";"Sem Vítimas";"Pleno dia";"Decrescente";"Ceu Claro";"Dupla";"Reta";"Urbano";4;0;0;0;4;0;0;2
83462796;"07/05/16";"Sábado";"17:00:00";"TO";226;"1";"AGUIARNOPOLIS";"Não guardar distância de segurança";"Colisão traseira";"Com Vítimas Feridas";"Pleno dia";"Decrescente";"Ceu Claro";"Simples";"Reta";"Urbano";4;0;0;2;2;0;2;2
83462797;"07/05/16";"Sábado";"13:15:00";"MG";381;"496";"BETIM";"Velocidade incompatível";"Queda de motocicleta / bicicleta / veículo";"Com Vítimas Feridas";"Pleno dia";"Crescente";"Sol";"Dupla";"Reta";"Urbano";1;0;0;1;0;0;1;1
83462798;"08/05/16";"Domingo";"05:30:00";"SP";116;"530,8";"BARRA DO TURVO";"Velocidade incompatível";"Colisão com objeto fixo";"Com Vítimas Feridas";"Amanhecer";"Crescente";"Nublado";"Dupla";"Reta";"Rural";1;0;1;0;0;0;1;1
83462799;"07/05/16";"Sábado";"17:00:00";"PR";476;"118";"CURITIBA";"Falta de atenção";"Colisão traseira";"Com Vítimas Feridas";"Anoitecer";"Crescente";"Nublado";"Dupla";"Reta";"Urbano";3;0;1;0;2;0;1;2
83462800;"29/04/16";"Sexta";"21:00:00";"RJ";116;"72";"TERESOPOLIS";"Ingestão de álcool";"Colisão frontal";"Com Vítimas Feridas";"Plena noite";"Decrescente";"Nublado";"Simples";"Curva";"Urbano";2;0;1;0;1;0;1;2
83462801;"07/05/16";"Sábado";"17:40:00";"GO";153;"607";"MORRINHOS";"Defeito mecânico em veículo";"Queda de motocicleta / bicicleta / veículo";"Com Vítimas Feridas";"Pleno dia";"Crescente";"Sol";"Dupla";"Reta";"Rural";2;0;1;0;1;0;1;1
83462802;"08/05/16";"Domingo";"03:30:00";"PR";376;"340";"ORTIGUEIRA";"Outras";"Saída de Pista";"Com Vítimas Feridas";"Plena noite";"Crescente";"Chuva";"Simples";"Reta";"Rural";1;0;0;1;0;0;1;1
83462803;"07/05/16";"Sábado";"14:30:00";"PR";116;"129";"FAZENDA RIO GRANDE";"Falta de atenção";"Queda de motocicleta / bicicleta / veículo";"Com Vítimas Feridas";"Pleno dia";"Crescente";"Ceu Claro";"Dupla";"Reta";"Urbano";1;0;1;0;0;0;1;1
83462804;"07/05/16";"Sábado";"18:25:00";"SC";280;"51";"GUARAMIRIM";"Desobediência à sinalização";"Colisão Transversal";"Com Vítimas Feridas";"Anoitecer";"Crescente";"Ceu Claro";"Simples";"Reta";"Rural";4;0;1;1;2;0;2;2
83462805;"08/05/16";"Domingo";"00:02:00";"GO";153;"357,4";"JARAGUA";"Falta de atenção";"Saída de Pista";"Com Vítimas Feridas";"Plena noite";"Crescente";"Ceu Claro";"Simples";"Reta";"Urbano";1;0;0;1;0;0;1;1
83462806;"07/05/16";"Sábado";"22:30:00";"DF";60;"7,5";"BRASILIA";"Falta de atenção";"Capotamento";"Com Vítimas Fatais";"Plena noite";"Crescente";"Ceu Claro";"Dupla";"Reta";"Urbano";1;1;0;0;0;0;0;1
83462807;"05/05/16";"Quinta";"01:30:00";"SE";101;"2";"PROPRIA";"Falta de atenção";"Tombamento";"Com Vítimas Feridas";"Plena noite";"Crescente";"Ceu Claro";"Simples";"Reta";"Rural";1;0;1;0;0;0;1;1
83462808;"07/05/16";"Sábado";"20:00:00";"PR";476;"118";"COLOMBO";"Falta de atenção";"Colisão traseira";"Sem Vítimas";"Plena noite";"Decrescente";"Ceu Claro";"Dupla";"Reta";"Urbano";2;0;0;0;2;0;0;2
83462809;"30/04/16";"Sábado";"22:20:00";"PI";316;"6,4";"TERESINA";"Outras";"Colisão Transversal";"Com Vítimas Feridas";"Plena noite";"Crescente";"Ceu Claro";"Simples";"Reta";"Urbano";2;0;0;1;0;1;1;2
83462810;"07/05/16";"Sábado";"20:00:00";"MG";381;"479,8";"CONTAGEM";"Outras";"Colisão com objeto fixo";"Sem Vítimas";"Plena noite";"Crescente";"Ceu Claro";"Dupla";"Reta";"Urbano";1;0;0;0;1;0;0;1
83462814;"08/05/16";"Domingo";"03:00:00";"PR";376;"351,8";"ORTIGUEIRA";"Ingestão de álcool";"Colisão com objeto fixo";"Com Vítimas Feridas";"Plena noite";"Crescente";"Chuva";"Simples";"Reta";"Urbano";1;0;0;1;0;0;1;1
83462815;"04/05/16";"Quarta";"21:20:00";"ES";101;"296,9";"VIANA";"Defeito mecânico em veículo";"Queda de motocicleta / bicicleta / veículo";"Com Vítimas Feridas";"Plena noite";"Decrescente";"Ceu Claro";"Dupla";"Reta";"Urbano";1;0;1;0;0;0;1;1
83462816;"08/05/16";"Domingo";"03:15:00";"RS";116;"374,1";"TAPES";"Velocidade incompatível";"Saída de Pista";"Sem Vítimas";"Plena noite";"Decrescente";"Chuva";"Simples";"Curva";"Rural";1;0;0;0;1;0;0;1
83462817;"08/05/16";"Domingo";"05:55:00";"AP";210;"8";"MACAPA";"Ingestão de álcool";"Queda de motocicleta / bicicleta / veículo";"Com Vítimas Feridas";"Amanhecer";"Decrescente";"Ceu Claro";"Dupla";"Reta";"Rural";1;0;1;0;0;0;1;1
83462818;"08/03/16";"Terça";"05:30:00";"PB";101;"85";"BAYEUX";"Defeito mecânico em veículo";"Tombamento";"Com Vítimas Feridas";"Amanhecer";"Crescente";"Ceu Claro";"Dupla";"Reta";"Urbano";2;0;1;1;0;0;2;1
83462819;"07/05/16";"Sábado";"22:30:00";"RJ";393;"232";"VASSOURAS";"Outras";"Colisão com objeto fixo";"Sem Vítimas";"Plena noite";"Decrescente";"Nevoeiro/neblina";"Simples";"Cruzamento";"Urbano";1;0;0;0;1;0;0;1
83462820;"08/05/16";"Domingo";"02:40:00";"MA";10;"252,6";"IMPERATRIZ";"Ingestão de álcool";"Colisão Transversal";"Com Vítimas Fatais";"Plena noite";"Crescente";"Ceu Claro";"Múltipla";"Reta";"Urbano";3;1;0;1;1;0;1;2
83462821;"04/05/16";"Quarta";"13:30:00";"RN";304;"294,8";"MACAIBA";"Dormindo";"Colisão lateral";"Com Vítimas Feridas";"Pleno dia";"Decrescente";"Ceu Claro";"Simples";"Reta";"Rural";3;0;2;0;1;0;2;2
83462822;"08/05/16";"Domingo";"04:40:00";"SC";101;"21,1";"JOINVILLE";"Ingestão de álcool";"Colisão com objeto fixo";"Sem Vítimas";"Plena noite";"Crescente";"Nublado";"Dupla";"Curva";"Rural";3;0;0;0;3;0;0;3
83462824;"01/05/16";"Domingo";"05:00:00";"MG";262;"433,8";"NOVA SERRANA";"Ingestão de álcool";"Capotamento";"Sem Vítimas";"Plena noite";"Crescente";"Vento";"Dupla";"Reta";"Rural";1;0;0;0;1;0;0;1
83462825;"07/05/16";"Sábado";"14:30:00";"PR";277;"411";"CANDOI";"Outras";"Tombamento";"Sem Vítimas";"Pleno dia";"Crescente";"Chuva";"Simples";"Curva";"Rural";1;0;0;0;1;0;0;1
83462826;"30/04/16";"Sábado";"02:58:00";"RJ";116;"297";"PORTO REAL";"Outras";"Colisão com objeto fixo";"Sem Vítimas";"Plena noite";"Crescente";"Ceu Claro";"Dupla";"Reta";"Urbano";1;0;0;0;1;0;0;1
83462827;"07/05/16";"Sábado";"03:15:00";"BA";101;"956";"MUCURI";"Ingestão de álcool";"Atropelamento de pessoa";"Com Vítimas Feridas";"Plena noite";"Decrescente";"Ceu Claro";"Simples";"Reta";"Urbano";3;0;2;0;0;1;2;1
83462828;"04/05/16";"Quarta";"07:50:00";"SP";116;"230";"SAO PAULO";"Falta de atenção";"Colisão lateral";"Com Vítimas Feridas";"Pleno dia";"Crescente";"Ceu Claro";"Múltipla";"Reta";"Urbano";3;0;1;0;2;0;1;2
83462830;"08/05/16";"Domingo";"04:40:00";"SP";116;"449";"REGISTRO";"Ingestão de álcool";"Saída de Pista";"Sem Vítimas";"Amanhecer";"Crescente";"Nublado";"Dupla";"Reta";"Urbano";1;0;0;0;1;0;0;1
83462831;"05/05/16";"Quinta";"09:48:00";"RS";285;"120,9";"VACARIA";"Não guardar distância de segurança";"Colisão lateral";"Sem Vítimas";"Pleno dia";"Crescente";"Sol";"Simples";"Reta";"Urbano";2;0;0;0;2;0;0;2
83462832;"04/05/16";"Quarta";"21:50:00";"BA";116;"415";"FEIRA DE SANTANA";"Desobediência à sinalização";"Colisão Transversal";"Com Vítimas Feridas";"Plena noite";"Decrescente";"Ceu Claro";"Simples";"Reta";"Urbano";2;0;2;0;0;0;2;2
83462833;"08/05/16";"Domingo";"05:50:00";"SC";116;"58,5";"PAPANDUVA";"Ingestão de álcool";"Colisão frontal";"Com Vítimas Feridas";"Plena noite";"Crescente";"Chuva";"Simples";"Reta";"Rural";4;0;1;2;1;0;3;2
83462834;"04/05/16";"Quarta";"18:20:00";"SP";116;"142,8";"SAO JOSE DOS CAMPOS";"Outras";"Tombamento";"Com Vítimas Feridas";"Plena noite";"Decrescente";"Ceu Claro";"Dupla";"Reta";"Urbano";1;0;1;0;0;0;1;1
83462835;"08/05/16";"Domingo";"03:30:00";"SP";116;"145";"SAO JOSE DOS CAMPOS";"Outras";"Colisão lateral";"Sem Vítimas";"Plena noite";"Crescente";"Ceu Claro";"Dupla";"Reta";"Urbano";2;0;0;0;1;1;0;2
83462836;"29/04/16";"Sexta";"19:20:00";"RJ";40;"31";"AREAL";"Outras";"Saída de Pista";"Sem Vítimas";"Plena noite";"Decrescente";"Chuva";"Dupla";"Curva";"Rural";1;0;0;0;1;0;0;1
83462837;"07/05/16";"Sábado";"16:00:00";"PR";487;"215,8";"LUIZIANA";"Desobediência à sinalização";"Colisão lateral";"Sem Vítimas";"Pleno dia";"Decrescente";"Nublado";"Simples";"Curva";"Rural";2;0;0;0;2;0;0;2
83462838;"08/05/16";"Domingo";"06:00:00";"MS";262;"352,5";"CAMPO GRANDE";"Outras";"Capotamento";"Sem Vítimas";"Pleno dia";"Decrescente";"Sol";"Simples";"Reta";"Urbano";1;0;0;0;1;0;0;1
83462839;"08/05/16";"Domingo";"00:50:00";"SP";116;"225";"GUARULHOS";"Falta de atenção";"Colisão traseira";"Com Vítimas Feridas";"Plena noite";"Crescente";"Nublado";"Múltipla";"Reta";"Urbano";2;0;1;0;0;1;1;2
83462840;"30/04/16";"Sábado";"14:50:00";"PI";343;"347,4";"TERESINA";"Falta de atenção";"Colisão traseira";"Sem Vítimas";"Pleno dia";"Crescente";"Sol";"Múltipla";"Reta";"Urbano";3;0;0;0;3;0;0;3
83462841;"07/05/16";"Sábado";"17:00:00";"RJ";40;"55";"PETROPOLIS";"Outras";"Colisão Transversal";"Com Vítimas Fatais";"Pleno dia";"Crescente";"Ceu Claro";"Dupla";"Curva";"Rural";2;1;1;0;0;0;1;2
83462842;"04/05/16";"Quarta";"12:37:00";"RJ";101;"319";"SAO GONCALO";"Outras";"Colisão lateral";"Com Vítimas Feridas";"Pleno dia";"Decrescente";"Ceu Claro";"Dupla";"Reta";"Rural";2;0;1;0;0;1;1;2
83462843;"05/05/16";"Quinta";"04:25:00";"PA";316;"51,5";"CASTANHAL";"Dormindo";"Tombamento";"Sem Vítimas";"Plena noite";"Crescente";"Ceu Claro";"Dupla";"Reta";"Rural";1;0;0;0;1;0;0;1
83462844;"05/05/16";"Quinta";"07:00:00";"RS";290;"317";"CACAPAVA DO SUL";"Velocidade incompatível";"Tombamento";"Sem Vítimas";"Pleno dia";"Crescente";"Nevoeiro/neblina";"Simples";"Cruzamento";"Rural";1;0;0;0;1;0;0;1
83462845;"04/05/16";"Quarta";"22:50:00";"PR";277;"200,7";"PALMEIRA";"Outras";"Tombamento";"Com Vítimas Feridas";"Plena noite";"Crescente";"Ceu Claro";"Simples";"Curva";"Rural";1;0;1;0;0;0;1;1
83462846;"08/05/16";"Domingo";"06:00:00";"BA";324;"580";"CANDEIAS";"Velocidade incompatível";"Capotamento";"Com Vítimas Feridas";"Pleno dia";"Crescente";"Nublado";"Dupla";"Reta";"Rural";4;0;4;0;0;0;4;1
83462847;"08/05/16";"Domingo";"06:55:00";"RS";116;"244,9";"SAO LEOPOLDO";"Velocidade incompatível";"Queda de motocicleta / bicicleta / veículo";"Com Vítimas Feridas";"Pleno dia";"Crescente";"Ceu Claro";"Dupla";"Reta";"Urbano";1;0;1;0;0;0;1;1
83462848;"30/04/16";"Sábado";"10:10:00";"PE";232;"163,4";"TACAIMBO";"Ultrapassagem indevida";"Colisão frontal";"Com Vítimas Feridas";"Pleno dia";"Crescente";"Ceu Claro";"Simples";"Reta";"Urbano";2;0;0;1;0;1;1;2
83462849;"04/05/16";"Quarta";"16:00:00";"ES";101;"8";"PEDRO CANARIO";"Velocidade incompatível";"Saída de Pista";"Sem Vítimas";"Pleno dia";"Crescente";"Ceu Claro";"Simples";"Curva";"Rural";1;0;0;0;1;0;0;1
83462850;"07/05/16";"Sábado";"06:40:00";"MT";158;"623,8";"AGUA BOA";"Outras";"Colisão com objeto móvel";"Sem Vítimas";"Amanhecer";"Crescente";"Ceu Claro";"Simples";"Reta";"Rural";1;0;0;0;1;0;0;1
83462851;"30/04/16";"Sábado";"16:40:00";"SE";101;"56";"ROSARIO DO CATETE";"Falta de atenção";"Colisão traseira";"Com Vítimas Feridas";"Pleno dia";"Crescente";"Ceu Claro";"Simples";"Reta";"Rural";3;0;1;0;2;0;1;2
83462852;"04/05/16";"Quarta";"17:00:00";"MG";116;"527,7";"CARATINGA";"Falta de atenção";"Colisão Transversal";"Com Vítimas Feridas";"Pleno dia";"Decrescente";"Ceu Claro";"Dupla";"Cruzamento";"Urbano";2;0;1;0;1;0;1;2
83462853;"08/05/16";"Domingo";"05:30:00";"SC";101;"193";"BIGUACU";"Dormindo";"Saída de Pista";"Sem Vítimas";"Amanhecer";"Crescente";"Sol";"Dupla";"Reta";"Urbano";1;0;0;0;1;0;0;1
83462854;"01/05/16";"Domingo";"16:30:00";"SP";116;"147";"SAO JOSE DOS CAMPOS";"Outras";"Colisão com objeto fixo";"Com Vítimas Feridas";"Pleno dia";"Decrescente";"Ceu Claro";"Dupla";"Curva";"Urbano";3;0;3;0;0;0;3;1
83462855;"01/05/16";"Domingo";"06:35:00";"PI";316;"7,4";"TERESINA";"Não guardar distância de segurança";"Colisão traseira";"Com Vítimas Feridas";"Pleno dia";"Crescente";"Ceu Claro";"Simples";"Reta";"Urbano";3;0;2;0;1;0;2;2
83462856;"06/05/16";"Sexta";"16:45:00";"SE";101;"38";"CAPELA";"Defeito na via";"Colisão frontal";"Com Vítimas Feridas";"Pleno dia";"Crescente";"Sol";"Simples";"Reta";"Rural";8;0;5;0;3;0;5;2
83462857;"08/05/16";"Domingo";"09:00:00";"SC";470;"140,3";"RIO DO SUL";"Falta de atenção";"Colisão Transversal";"Sem Vítimas";"Pleno dia";"Decrescente";"Ceu Claro";"Simples";"Cruzamento";"Urbano";2;0;0;0;2;0;0;2
83462858;"04/05/16";"Quarta";"07:40:00";"ES";101;"300,5";"VIANA";"Não guardar distância de segurança";"Colisão traseira";"Com Vítimas Feridas";"Pleno dia";"Decrescente";"Sol";"Múltipla";"Curva";"Urbano";2;0;1;0;1;0;1;2
83462859;"02/04/16";"Sábado";"18:30:00";"SC";116;"87";"MONTE CASTELO";"Defeito mecânico em veículo";"Saída de Pista";"Sem Vítimas";"Plena noite";"Decrescente";"Ceu Claro";"Simples";"Reta";"Rural";1;0;0;0;1;0;0;1
83462861;"07/05/16";"Sábado";"23:00:00";"RJ";116;"170";"SAO JOAO DE MERITI";"Ingestão de álcool";"Colisão com objeto fixo";"Sem Vítimas";"Plena noite";"Decrescente";"Ceu Claro";"Múltipla";"Reta";"Urbano";1;0;0;0;1;0;0;1
83462862;"05/05/16";"Quinta";"02:45:00";"SP";381;"81";"SAO PAULO";"Ingestão de álcool";"Colisão traseira";"Sem Vítimas";"Plena noite";"Decrescente";"Ceu Claro";"Dupla";"Reta";"Urbano";2;0;0;0;2;0;0;2
83462863;"06/05/16";"Sexta";"17:00:00";"SP";153;"59";"SAO JOSE DO RIO PRETO";"Outras";"Queda de motocicleta / bicicleta / veículo";"Com Vítimas Feridas";"Pleno dia";"Crescente";"Ceu Claro";"Simples";"Reta";"Urbano";3;0;2;0;1;0;2;2
83462864;"10/04/16";"Domingo";"20:10:00";"RN";101;"98";"NATAL";"Falta de atenção";"Colisão Transversal";"Sem Vítimas";"Plena noite";"Crescente";"Ceu Claro";"Simples";"Reta";"Urbano";3;0;0;0;3;0;0;2
83462865;"06/05/16";"Sexta";"22:10:00";"SC";470;"93,9";"APIUNA";"Ingestão de álcool";"Colisão traseira";"Com Vítimas Feridas";"Plena noite";"Crescente";"Ceu Claro";"Simples";"Reta";"Urbano";2;0;1;0;1;0;1;2
83462866;"08/05/16";"Domingo";"08:30:00";"SC";282;"623,9";"IRACEMINHA";"Ingestão de álcool";"Saída de Pista";"Sem Vítimas";"Pleno dia";"Crescente";"Ceu Claro";"Simples";"Reta";"Rural";1;0;0;0;1;0;0;1
83462867;"07/05/16";"Sábado";"21:00:00";"MT";163;"996";"TERRA NOVA DO NORTE";"Desobediência à sinalização";"Colisão traseira";"Com Vítimas Fatais";"Plena noite";"Crescente";"Ceu Claro";"Simples";"Reta";"Rural";3;1;0;0;2;0;0;3
83462868;"08/05/16";"Domingo";"07:00:00";"RJ";116;"165";"RIO DE JANEIRO";"Outras";"Colisão com objeto fixo";"Com Vítimas Feridas";"Pleno dia";"Crescente";"Ceu Claro";"Múltipla";"Reta";"Urbano";2;0;2;0;0;0;2;1
83462869;"04/05/16";"Quarta";"11:00:00";"PE";232;"132,9";"CARUARU";"Falta de atenção";"Colisão traseira";"Com Vítimas Feridas";"Pleno dia";"Decrescente";"Sol";"Dupla";"Reta";"Urbano";2;0;1;0;1;0;1;2
83462870;"08/05/16";"Domingo";"08:20:00";"SP";116;"445,3";"REGISTRO";"Falta de atenção";"Colisão lateral";"Sem Vítimas";"Pleno dia";"Crescente";"Nublado";"Dupla";"Reta";"Urbano";2;0;0;0;2;0;0;2
83462871;"30/04/16";"Sábado";"16:20:00";"RS";285;"291,3";"PASSO FUNDO";"Falta de atenção";"Colisão traseira";"Com Vítimas Feridas";"Pleno dia";"Decrescente";"Ceu Claro";"Dupla";"Reta";"Urbano";2;0;1;0;1;0;1;2
83462872;"30/04/16";"Sábado";"19:20:00";"PR";116;"18,8";"COLOMBO";"Ingestão de álcool";"Colisão com bicicleta";"Com Vítimas Feridas";"Plena noite";"Decrescente";"Nublado";"Múltipla";"Reta";"Urbano";2;0;1;0;1;0;1;2
83462873;"08/05/16";"Domingo";"04:25:00";"SP";116;"496,2";"CAJATI";"Dormindo";"Colisão com objeto fixo";"Sem Vítimas";"Plena noite";"Crescente";"Nublado";"Dupla";"Reta";"Rural";1;0;0;0;1;0;0;1
83462874;"08/05/16";"Domingo";"09:20:00";"RS";386;"148,5";"ALMIRANTE TAMANDARE DO SUL";"Velocidade incompatível";"Saída de Pista";"Com Vítimas Feridas";"Pleno dia";"Crescente";"Ceu Claro";"Simples";"Curva";"Rural";1;0;1;0;0;0;1;1
83462875;"04/05/16";"Quarta";"18:00:00";"RJ";116;"128";"MAGE";"Falta de atenção";"Atropelamento de pessoa";"Com Vítimas Feridas";"Anoitecer";"Decrescente";"Ceu Claro";"Dupla";"Curva";"Rural";4;0;2;0;2;0;2;2
83462876;"02/05/16";"Segunda";"14:50:00";"SP";116;"231";"SAO PAULO";"Não guardar distância de segurança";"Colisão lateral";"Sem Vítimas";"Pleno dia";"Decrescente";"Ceu Claro";"Múltipla";"Reta";"Urbano";2;0;0;0;2;0;0;2
83462878;"08/05/16";"Domingo";"08:35:00";"SP";116;"227";"SAO PAULO";"Falta de atenção";"Colisão com objeto fixo";"Sem Vítimas";"Pleno dia";"Decrescente";"Ceu Claro";"Múltipla";"Reta";"Urbano";2;0;0;0;1;1;0;2
83462879;"07/05/16";"Sábado";"19:00:00";"RS";158;"156";"PANAMBI";"Falta de atenção";"Colisão frontal";"Sem Vítimas";"Plena noite";"Crescente";"Ceu Claro";"Simples";"Curva";"Urbano";2;0;0;0;2;0;0;2
83462880;"29/01/16";"Sexta";"14:40:00";"ES";101;"260";"SERRA";"Outras";"Colisão lateral";"Sem Vítimas";"Pleno dia";"Decrescente";"Ignorada";"Simples";"Reta";"Urbano";2;0;0;0;1;1;0;2
83462881;"05/05/16";"Quinta";"05:30:00";"MG";116;"274,2";"TEOFILO OTONI";"Ingestão de álcool";"Colisão lateral";"Com Vítimas Feridas";"Amanhecer";"Decrescente";"Nublado";"Simples";"Reta";"Urbano";2;0;1;0;1;0;1;2
83462882;"08/05/16";"Domingo";"09:20:00";"PR";376;"141,5";"NOVA ESPERANCA";"Outras";"Saída de Pista";"Com Vítimas Feridas";"Pleno dia";"Decrescente";"Chuva";"Dupla";"Reta";"Rural";1;0;1;0;0;0;1;1
83462883;"04/05/16";"Quarta";"23:50:00";"RO";364;"351,4";"JI-PARANA";"Dormindo";"Saída de Pista";"Sem Vítimas";"Plena noite";"Crescente";"Nublado";"Simples";"Curva";"Rural";1;0;0;0;1;0;0;1
83462884;"04/05/16";"Quarta";"12:30:00";"AP";156;"224";"MACAPA";"Defeito na via";"Tombamento";"Com Vítimas Feridas";"Pleno dia";"Decrescente";"Nublado";"Simples";"Reta";"Rural";2;0;1;0;1;0;1;1
83462885;"08/05/16";"Domingo";"08:30:00";"BA";242;"235";"ITABERABA";"Velocidade incompatível";"Saída de Pista";"Com Vítimas Feridas";"Pleno dia";"Crescente";"Chuva";"Simples";"Curva";"Rural";2;0;1;0;1;0;1;1
83462886;"08/05/16";"Domingo";"10:45:00";"RS";386;"360,5";"BOM RETIRO DO SUL";"Falta de atenção";"Colisão Transversal";"Com Vítimas Feridas";"Pleno dia";"Crescente";"Nublado";"Simples";"Cruzamento";"Rural";2;0;1;1;0;0;2;2
83462887;"08/05/16";"Domingo";"06:40:00";"PE";232;"91";"SAIRE";"Falta de atenção";"Colisão traseira";"Com Vítimas Feridas";"Pleno dia";"Decrescente";"Ceu Claro";"Dupla";"Reta";"Rural";2;0;1;0;0;1;1;2
83462888;"05/05/16";"Quinta";"12:00:00";"MT";364;"347";"SANTO ANTONIO DO LEVERGER";"Defeito mecânico em veículo";"Saída de Pista";"Sem Vítimas";"Pleno dia";"Crescente";"Ceu Claro";"Múltipla";"Reta";"Rural";1;0;0;0;1;0;0;1
83462889;"08/05/16";"Domingo";"09:40:00";"SP";116;"384,6";"MIRACATU";"Velocidade incompatível";"Saída de Pista";"Com Vítimas Feridas";"Pleno dia";"Crescente";"Ceu Claro";"Dupla";"Curva";"Rural";2;0;2;0;0;0;2;1
83462890;"08/05/16";"Domingo";"09:45:00";"SC";282;"531,9";"CORDILHEIRA ALTA";"Velocidade incompatível";"Saída de Pista";"Sem Vítimas";"Pleno dia";"Decrescente";"Ceu Claro";"Simples";"Curva";"Urbano";1;0;0;0;1;0;0;1