"id";"data_inversa";"dia_semana";"horario";"uf";"br";"km";"municipio";"causa_acidente";"tipo_acidente";"classificacao_acidente";"fase_dia";"sentido_via";"condicao_metereologica";"tipo_pista";"tracado_via";"uso_solo";"pessoas";"mortos";"feridos_leves";"feridos_graves";"ilesos";"ignorados";"feridos";"veiculos"
83462891;"02/05/16";"Segunda";"15:00:00";"SP";116;"388,9";"MIRACATU";"Outras";"Atropelamento de pessoa";"Com Vítimas Feridas";"Pleno dia";"Decrescente";"Sol";"Dupla";"Reta";"Urbano";2;0;1;0;1;0;1;1
83462892;"02/05/16";"Segunda";"04:55:00";"SC";101;"161";"TIJUCAS";"Defeito mecânico em veículo";"Colisão frontal";"Com Vítimas Feridas";"Plena noite";"Crescente";"Ceu Claro";"Simples";"Reta";"Urbano";3;0;1;1;1;0;2;3
83462893;"05/05/16";"Quinta";"05:00:00";"PR";467;"108";"CASCAVEL";"Outras";"Colisão traseira";"Com Vítimas Feridas";"Plena noite";"Crescente";"Ceu Claro";"Dupla";"Reta";"Rural";2;0;1;0;1;0;1;2
83462894;"05/05/16";"Quinta";"06:20:00";"SP";116;"211";"GUARULHOS";"Falta de atenção";"Colisão traseira";"Com Vítimas Feridas";"Pleno dia";"Decrescente";"Sol";"Múltipla";"Reta";"Urbano";2;0;0;1;1;0;1;2
83462895;"05/05/16";"Quinta";"09:10:00";"MT";163;"774";"SORRISO";"Ultrapassagem indevida";"Colisão frontal";"Com Vítimas Fatais";"Pleno dia";"Decrescente";"Ceu Claro";"Simples";"Reta";"Rural";3;1;0;2;0;0;2;2
83462898;"05/05/16";"Quinta";"04:30:00";"MG";381;"340,5";"BELA VISTA DE MINAS";"Falta de atenção";"Capotamento";"Sem Vítimas";"Amanhecer";"Crescente";"Nevoeiro/neblina";"Simples";"Curva";"Rural";1;0;0;0;1;0;0;1
83462899;"24/03/16";"Quinta";"18:30:00";"PR";277;"597";"CASCAVEL";"Falta de atenção";"Queda de motocicleta / bicicleta / veículo";"Com Vítimas Feridas";"Anoitecer";"Crescente";"Ceu Claro";"Simples";"Reta";"Urbano";2;0;2;0;0;0;2;1
83462900;"08/05/16";"Domingo";"09:30:00";"MS";163;"204,8";"CAARAPO";"Outras";"Saída de Pista";"Com Vítimas Feridas";"Pleno dia";"Decrescente";"Nublado";"Simples";"Reta";"Rural";2;0;2;0;0;0;2;1
83462901;"03/05/16";"Terça";"17:00:00";"RO";364;"645";"CANDEIAS DO JAMARI";"Falta de atenção";"Saída de Pista";"Com Vítimas Feridas";"Pleno dia";"Decrescente";"Sol";"Simples";"Curva";"Rural";3;0;3;0;0;0;3;1
83462902;"08/05/16";"Domingo";"11:20:00";"RS";392;"106";"CANGUCU";"Não guardar distância de segurança";"Colisão traseira";"Sem Vítimas";"Pleno dia";"Crescente";"Nublado";"Simples";"Reta";"Rural";2;0;0;0;2;0;0;2
83462903;"08/05/16";"Domingo";"09:40:00";"ES";101;"246";"SERRA";"Outras";"Derramamento de Carga";"Com Vítimas Feridas";"Pleno dia";"Crescente";"Ceu Claro";"Simples";"Curva";"Urbano";4;0;1;1;2;0;2;3
83462904;"08/05/16";"Domingo";"05:00:00";"MS";60;"398,4";"SIDROLANDIA";"Ingestão de álcool";"Saída de Pista";"Com Vítimas Feridas";"Amanhecer";"Decrescente";"Ceu Claro";"Simples";"Reta";"Rural";1;0;1;0;0;0;1;1
83462905;"05/05/16";"Quinta";"05:45:00";"CE";222;"203,1";"FORQUILHA";"Ultrapassagem indevida";"Colisão lateral";"Com Vítimas Feridas";"Amanhecer";"Decrescente";"Ceu Claro";"Simples";"Reta";"Rural";5;0;2;0;3;0;2;2
83462906;"07/05/16";"Sábado";"07:30:00";"SC";116;"107,7";"SANTA CECILIA";"Outras";"Colisão lateral";"Sem Vítimas";"Pleno dia";"Decrescente";"Nublado";"Simples";"Curva";"Rural";2;0;0;0;2;0;0;2
83462907;"08/05/16";"Domingo";"12:20:00";"RJ";101;"486";"ANGRA DOS REIS";"Falta de atenção";"Colisão traseira";"Sem Vítimas";"Pleno dia";"Crescente";"Ceu Claro";"Simples";"Reta";"Urbano";4;0;0;0;3;1;0;3
83462908;"08/05/16";"Domingo";"13:45:00";"SC";101;"25,8";"JOINVILLE";"Falta de atenção";"Colisão traseira";"Sem Vítimas";"Pleno dia";"Crescente";"Nublado";"Dupla";"Reta";"Rural";2;0;0;0;1;1;0;2
83462909;"06/05/16";"Sexta";"08:00:00";"PR";476;"352";"UNIAO DA VITORIA";"Falta de atenção";"Saída de Pista";"Com Vítimas Feridas";"Amanhecer";"Crescente";"Chuva";"Simples";"Reta";"Rural";1;0;0;1;0;0;1;1
83462910;"29/04/16";"Sexta";"20:30:00";"MG";262;"573";"CORREGO DANTA";"Falta de atenção";"Colisão traseira";"Com Vítimas Feridas";"Plena noite";"Crescente";"Nublado";"Simples";"Reta";"Rural";6;0;3;0;3;0;3;3
83462911;"06/05/16";"Sexta";"20:40:00";"PR";116;"64";"QUATRO BARRAS";"Falta de atenção";"Colisão lateral";"Com Vítimas Feridas";"Plena noite";"Decrescente";"Ceu Claro";"Dupla";"Reta";"Rural";3;0;1;0;2;0;1;2
83462912;"06/05/16";"Sexta";"07:40:00";"RS";290;"101";"PORTO ALEGRE";"Falta de atenção";"Colisão traseira";"Com Vítimas Feridas";"Pleno dia";"Crescente";"Nublado";"Dupla";"Reta";"Urbano";10;0;6;0;4;0;6;5
83462913;"08/05/16";"Domingo";"12:00:00";"RS";116;"251,1";"SAO LEOPOLDO";"Velocidade incompatível";"Colisão traseira";"Com Vítimas Feridas";"Pleno dia";"Decrescente";"Nublado";"Dupla";"Reta";"Urbano";4;0;1;0;3;0;1;2
83462914;"07/05/16";"Sábado";"23:00:00";"PA";222;"28";"DOM ELISEU";"Outras";"Colisão traseira";"Com Vítimas Fatais";"Plena noite";"Crescente";"Ceu Claro";"Simples";"Reta";"Rural";2;1;0;0;0;1;0;2
83462915;"08/05/16";"Domingo";"09:30:00";"RS";392;"77,3";"PELOTAS";"Ingestão de álcool";"Saída de Pista";"Sem Vítimas";"Pleno dia";"Crescente";"Nublado";"Simples";"Reta";"Rural";1;0;0;0;1;0;0;1
83462916;"08/05/16";"Domingo";"12:45:00";"PA";316;"37";"SANTA ISABEL DO PARA";"Outras";"Capotamento";"Com Vítimas Feridas";"Pleno dia";"Decrescente";"Ceu Claro";"Dupla";"Reta";"Rural";1;0;1;0;0;0;1;1
83462917;"02/05/16";"Segunda";"00:30:00";"PI";343;"265";"CAMPO MAIOR";"Falta de atenção";"Atropelamento de pessoa";"Com Vítimas Fatais";"Plena noite";"Crescente";"Ceu Claro";"Simples";"Reta";"Urbano";2;1;0;0;1;0;0;1
83462918;"05/05/16";"Quinta";"08:20:00";"RJ";40;"109";"DUQUE DE CAXIAS";"Não guardar distância de segurança";"Colisão traseira";"Sem Vítimas";"Pleno dia";"Decrescente";"Ceu Claro";"Múltipla";"Reta";"Urbano";3;0;0;0;3;0;0;2
83462919;"04/05/16";"Quarta";"04:20:00";"MG";116;"536,7";"SANTA RITA DE MINAS";"Defeito mecânico em veículo";"Incêndio";"Sem Vítimas";"Plena noite";"Decrescente";"Ceu Claro";"Simples";"Reta";"Rural";1;0;0;0;1;0;0;1
83462920;"08/05/16";"Domingo";"13:40:00";"RJ";116;"165";"RIO DE JANEIRO";"Outras";"Colisão com objeto fixo";"Com Vítimas Feridas";"Pleno dia";"Decrescente";"Sol";"Dupla";"Reta";"Urbano";1;0;1;0;0;0;1;1
83462921;"30/04/16";"Sábado";"12:00:00";"PR";158;"461";"SAUDADE DO IGUACU";"Outras";"Queda de motocicleta / bicicleta / veículo";"Com Vítimas Feridas";"Pleno dia";"Decrescente";"Sol";"Simples";"Curva";"Rural";2;0;1;1;0;0;2;1
83462922;"08/05/16";"Domingo";"00:20:00";"MG";40;"700";"BARBACENA";"Outras";"Colisão com bicicleta";"Com Vítimas Fatais";"Plena noite";"Decrescente";"Nublado";"Dupla";"Reta";"Urbano";4;1;1;0;2;0;1;2
83462923;"08/05/16";"Domingo";"10:00:00";"RJ";40;"75";"PETROPOLIS";"Velocidade incompatível";"Saída de Pista";"Com Vítimas Feridas";"Pleno dia";"Crescente";"Sol";"Simples";"Curva";"Urbano";1;0;1;0;0;0;1;1
83462924;"08/05/16";"Domingo";"10:50:00";"RS";392;"117,5";"CANGUCU";"Desobediência à sinalização";"Colisão Transversal";"Sem Vítimas";"Pleno dia";"Crescente";"Nublado";"Simples";"Reta";"Urbano";2;0;0;0;2;0;0;2
83462925;"08/05/16";"Domingo";"15:00:00";"RS";101;"68,1";"MAQUINE";"Falta de atenção";"Saída de Pista";"Sem Vítimas";"Pleno dia";"Decrescente";"Nublado";"Dupla";"Reta";"Rural";2;0;0;0;2;0;0;1
83462926;"08/05/16";"Domingo";"14:30:00";"SP";116;"139,3";"SAO JOSE DOS CAMPOS";"Velocidade incompatível";"Saída de Pista";"Ignorado";"Pleno dia";"Decrescente";"Nublado";"Dupla";"Reta";"Urbano";1;0;0;0;0;1;0;1
83462927;"06/05/16";"Sexta";"06:00:00";"GO";153;"513";"APARECIDA DE GOIANIA";"Desobediência à sinalização";"Colisão Transversal";"Sem Vítimas";"Amanhecer";"Crescente";"Ceu Claro";"Múltipla";"Reta";"Urbano";2;0;0;0;2;0;0;2
83462928;"08/05/16";"Domingo";"12:00:00";"PR";116;"93";"SAO JOSE DOS PINHAIS";"Falta de atenção";"Atropelamento de pessoa";"Com Vítimas Fatais";"Pleno dia";"Crescente";"Nublado";"Dupla";"Reta";"Urbano";3;1;0;0;1;1;0;2
83462929;"07/05/16";"Sábado";"11:40:00";"PR";376;"211,8";"MANDAGUARI";"Outras";"Saída de Pista";"Sem Vítimas";"Pleno dia";"Decrescente";"Chuva";"Dupla";"Reta";"Rural";1;0;0;0;1;0;0;1
83462930;"06/05/16";"Sexta";"20:00:00";"RJ";40;"117";"DUQUE DE CAXIAS";"Não guardar distância de segurança";"Colisão traseira";"Sem Vítimas";"Plena noite";"Decrescente";"Ceu Claro";"Dupla";"Reta";"Urbano";2;0;0;0;2;0;0;2
83462931;"08/05/16";"Domingo";"08:15:00";"RO";364;"476";"ARIQUEMES";"Ingestão de álcool";"Colisão frontal";"Com Vítimas Fatais";"Pleno dia";"Decrescente";"Ceu Claro";"Simples";"Reta";"Rural";3;2;0;0;1;0;0;2
83462932;"08/05/16";"Domingo";"14:00:00";"GO";153;"137,2";"PORANGATU";"Falta de atenção";"Colisão traseira";"Sem Vítimas";"Pleno dia";"Decrescente";"Sol";"Simples";"Reta";"Rural";2;0;0;0;2;0;0;2
83462933;"08/05/16";"Domingo";"13:05:00";"MS";163;"145";"NAVIRAI";"Outras";"Saída de Pista";"Com Vítimas Feridas";"Pleno dia";"Decrescente";"Chuva";"Simples";"Reta";"Rural";5;0;2;0;3;0;2;1
83462934;"08/05/16";"Domingo";"15:00:00";"SP";153;"60";"SAO JOSE DO RIO PRETO";"Ingestão de álcool";"Colisão com objeto fixo";"Com Vítimas Feridas";"Pleno dia";"Decrescente";"Nublado";"Dupla";"Reta";"Urbano";2;0;1;0;0;1;1;2
83462935;"08/05/16";"Domingo";"15:30:00";"RJ";101;"80,2";"CAMPOS DOS GOYTACAZES";"Dormindo";"Colisão frontal";"Com Vítimas Feridas";"Pleno dia";"Crescente";"Nublado";"Simples";"Reta";"Urbano";2;0;1;0;1;0;1;2
83462936;"08/05/16";"Domingo";"10:30:00";"PE";232;"254";"ARCOVERDE";"Falta de atenção";"Colisão lateral";"Sem Vítimas";"Pleno dia";"Decrescente";"Sol";"Simples";"Reta";"Urbano";3;0;0;0;1;2;0;2
83462937;"08/05/16";"Domingo";"10:00:00";"MS";262;"366";"CAMPO GRANDE";"Falta de atenção";"Colisão lateral";"Com Vítimas Feridas";"Pleno dia";"Crescente";"Ceu Claro";"Simples";"Reta";"Urbano";3;0;1;1;1;0;2;2
83462938;"08/05/16";"Domingo";"12:20:00";"SC";470;"33,5";"GASPAR";"Outras";"Colisão traseira";"Com Vítimas Feridas";"Pleno dia";"Decrescente";"Ceu Claro";"Simples";"Reta";"Urbano";2;0;0;1;1;0;1;2
83462939;"08/05/16";"Domingo";"06:20:00";"RS";158;"311";"ITAARA";"Ingestão de álcool";"Colisão frontal";"Sem Vítimas";"Amanhecer";"Crescente";"Nublado";"Simples";"Reta";"Urbano";2;0;0;0;2;0;0;2
83462940;"08/05/16";"Domingo";"10:40:00";"RS";392;"3,4";"RIO GRANDE";"Animais na Pista";"Atropelamento de animal";"Sem Vítimas";"Pleno dia";"Crescente";"Nublado";"Simples";"Reta";"Urbano";1;0;0;0;1;0;0;1
83462941;"30/04/16";"Sábado";"23:50:00";"SC";101;"213,3";"PALHOCA";"Desobediência à sinalização";"Saída de Pista";"Com Vítimas Feridas";"Plena noite";"Decrescente";"Nublado";"Dupla";"Reta";"Urbano";1;0;1;0;0;0;1;1
83462942;"02/04/16";"Sábado";"15:12:00";"PR";277;"210,8";"TEIXEIRA SOARES";"Outras";"Colisão traseira";"Com Vítimas Feridas";"Pleno dia";"Crescente";"Ceu Claro";"Simples";"Reta";"Rural";2;0;1;0;1;0;1;2
83462943;"08/05/16";"Domingo";"11:35:00";"PB";104;"88";"REMIGIO";"Não guardar distância de segurança";"Colisão traseira";"Com Vítimas Feridas";"Pleno dia";"Decrescente";"Nublado";"Simples";"Reta";"Urbano";3;0;1;1;1;0;2;2
83462944;"04/05/16";"Quarta";"22:15:00";"MG";381;"492";"BETIM";"Falta de atenção";"Colisão lateral";"Com Vítimas Feridas";"Plena noite";"Decrescente";"Ceu Claro";"Dupla";"Reta";"Urbano";2;0;1;0;1;0;1;2
83462945;"03/05/16";"Terça";"18:30:00";"PR";277;"397,9";"CANDOI";"Falta de atenção";"Colisão Transversal";"Com Vítimas Feridas";"Pleno dia";"Decrescente";"Nublado";"Simples";"Reta";"Rural";2;0;1;0;1;0;1;2
83462946;"08/05/16";"Domingo";"09:50:00";"RO";364;"424";"JARU";"Desobediência à sinalização";"Colisão Transversal";"Com Vítimas Feridas";"Pleno dia";"Decrescente";"Sol";"Simples";"Reta";"Urbano";2;0;2;0;0;0;2;2
83462947;"17/03/16";"Quinta";"18:30:00";"RJ";101;"416";"ITAGUAI";"Outras";"Colisão frontal";"Com Vítimas Feridas";"Plena noite";"Crescente";"Chuva";"Simples";"Curva";"Rural";6;0;2;3;1;0;5;2
83462948;"08/05/16";"Domingo";"00:10:00";"BA";324;"617";"SALVADOR";"Outras";"Colisão lateral";"Sem Vítimas";"Pleno dia";"Decrescente";"Ceu Claro";"Dupla";"Reta";"Urbano";2;0;0;0;1;1;0;2
83462949;"29/04/16";"Sexta";"15:00:00";"MG";262;"608,1";"CAMPOS ALTOS";"Velocidade incompatível";"Tombamento";"Sem Vítimas";"Pleno dia";"Decrescente";"Chuva";"Simples";"Curva";"Rural";1;0;0;0;1;0;0;1
83462950;"08/05/16";"Domingo";"14:00:00";"ES";101;"218,7";"IBIRACU";"Falta de atenção";"Colisão lateral";"Com Vítimas Feridas";"Pleno dia";"Decrescente";"Ceu Claro";"Simples";"Cruzamento";"Rural";2;0;0;1;1;0;1;2
83462951;"27/04/16";"Quarta";"14:30:00";"CE";222;"11,8";"CAUCAIA";"Falta de atenção";"Colisão traseira";"Sem Vítimas";"Pleno dia";"Decrescente";"Ceu Claro";"Dupla";"Reta";"Rural";2;0;0;0;2;0;0;2
83462952;"01/05/16";"Domingo";"05:30:00";"MG";135;"511";"BUENOPOLIS";"Falta de atenção";"Atropelamento de pessoa";"Com Vítimas Fatais";"Amanhecer";"Decrescente";"Ceu Claro";"Simples";"Reta";"Urbano";2;1;0;0;0;1;0;1
83462953;"08/05/16";"Domingo";"16:20:00";"MA";10;"270";"IMPERATRIZ";"Falta de atenção";"Colisão Transversal";"Com Vítimas Feridas";"Pleno dia";"Crescente";"Ceu Claro";"Simples";"Reta";"Rural";3;0;2;0;1;0;2;2
83462954;"05/05/16";"Quinta";"04:45:00";"SC";101;"359,7";"SANGAO";"Falta de atenção";"Colisão traseira";"Com Vítimas Feridas";"Plena noite";"Crescente";"Ceu Claro";"Simples";"Reta";"Rural";3;0;2;0;1;0;2;2
83462955;"05/05/16";"Quinta";"06:05:00";"MG";116;"651,2";"FERVEDOURO";"Defeito mecânico em veículo";"Incêndio";"Sem Vítimas";"Pleno dia";"Crescente";"Ceu Claro";"Simples";"Reta";"Urbano";1;0;0;0;1;0;0;1
83462956;"27/04/16";"Quarta";"06:40:00";"RJ";393;"284";"VOLTA REDONDA";"Outras";"Colisão lateral";"Sem Vítimas";"Pleno dia";"Decrescente";"Ceu Claro";"Dupla";"Curva";"Urbano";2;0;0;0;2;0;0;2
83462957;"08/05/16";"Domingo";"14:30:00";"RO";364;"199,3";"PIMENTA BUENO";"Defeito mecânico em veículo";"Danos Eventuais";"Sem Vítimas";"Pleno dia";"Crescente";"Ceu Claro";"Simples";"Reta";"Rural";1;0;0;0;1;0;0;1
83462958;"08/05/16";"Domingo";"14:00:00";"ES";101;"207";"IBIRACU";"Falta de atenção";"Saída de Pista";"Com Vítimas Feridas";"Pleno dia";"Crescente";"Ceu Claro";"Simples";"Reta";"Rural";1;0;1;0;0;0;1;1
83462959;"08/05/16";"Domingo";"10:00:00";"BA";101;"403";"IBIRAPITANGA";"Outras";"Derramamento de Carga";"Sem Vítimas";"Pleno dia";"Crescente";"Ceu Claro";"Simples";"Curva";"Rural";1;0;0;0;1;0;0;1
83462960;"08/05/16";"Domingo";"15:00:00";"BA";324;"537";"AMELIA RODRIGUES";"Ingestão de álcool";"Colisão com objeto fixo";"Sem Vítimas";"Pleno dia";"Decrescente";"Nublado";"Dupla";"Curva";"Rural";1;0;0;0;1;0;0;1
83462961;"08/05/16";"Domingo";"15:30:00";"TO";153;"645";"GURUPI";"Não guardar distância de segurança";"Colisão traseira";"Sem Vítimas";"Pleno dia";"Crescente";"Ceu Claro";"Simples";"Reta";"Rural";3;0;0;0;3;0;0;2
83462962;"08/05/16";"Domingo";"13:50:00";"MA";135;"47";"BACABEIRA";"Outras";"Capotamento";"Com Vítimas Feridas";"Pleno dia";"Crescente";"Nublado";"Dupla";"Reta";"Rural";2;0;2;0;0;0;2;1
83462963;"08/05/16";"Domingo";"15:30:00";"SC";116;"19,5";"MAFRA";"Outras";"Colisão Transversal";"Com Vítimas Feridas";"Pleno dia";"Decrescente";"Ceu Claro";"Simples";"Reta";"Rural";2;0;0;2;0;0;2;2
83462964;"08/05/16";"Domingo";"16:00:00";"SC";470;"70,9";"INDAIAL";"Outras";"Colisão lateral";"Com Vítimas Feridas";"Pleno dia";"Crescente";"Nublado";"Simples";"Cruzamento";"Urbano";2;0;1;0;1;0;1;2
83462965;"08/05/16";"Domingo";"10:35:00";"SC";101;"344,8";"TUBARAO";"Falta de atenção";"Colisão traseira";"Sem Vítimas";"Pleno dia";"Crescente";"Chuva";"Dupla";"Reta";"Urbano";2;0;0;0;2;0;0;2
83462966;"08/05/16";"Domingo";"13:50:00";"PR";476;"125";"CURITIBA";"Velocidade incompatível";"Saída de Pista";"Com Vítimas Fatais";"Pleno dia";"Decrescente";"Ceu Claro";"Múltipla";"Reta";"Urbano";1;1;0;0;0;0;0;1
83462967;"06/05/16";"Sexta";"16:00:00";"CE";20;"420";"MARACANAU";"Não guardar distância de segurança";"Colisão traseira";"Sem Vítimas";"Pleno dia";"Decrescente";"Ceu Claro";"Simples";"Reta";"Urbano";2;0;0;0;2;0;0;2
83462968;"07/05/16";"Sábado";"22:20:00";"PR";277;"344,6";"GUARAPUAVA";"Falta de atenção";"Queda de motocicleta / bicicleta / veículo";"Com Vítimas Feridas";"Plena noite";"Decrescente";"Chuva";"Simples";"Cruzamento";"Urbano";2;0;2;0;0;0;2;1
83462969;"08/05/16";"Domingo";"06:10:00";"PI";230;"188,2";"OEIRAS";"Outras";"Colisão traseira";"Com Vítimas Fatais";"Amanhecer";"Decrescente";"Sol";"Simples";"Reta";"Rural";2;1;0;0;1;0;0;2
83462970;"08/05/16";"Domingo";"16:35:00";"BA";324;"625";"SALVADOR";"Outras";"Queda de motocicleta / bicicleta / veículo";"Com Vítimas Feridas";"Pleno dia";"Crescente";"Ceu Claro";"Simples";"Reta";"Urbano";1;0;1;0;0;0;1;1
83462971;"08/05/16";"Domingo";"12:10:00";"RS";285;"199,9";"LAGOA VERMELHA";"Falta de atenção";"Colisão Transversal";"Com Vítimas Feridas";"Pleno dia";"Crescente";"Ceu Claro";"Simples";"Cruzamento";"Urbano";2;0;0;1;1;0;1;2
83462972;"08/05/16";"Domingo";"16:30:00";"RJ";101;"74";"CAMPOS DOS GOYTACAZES";"Ingestão de álcool";"Colisão Transversal";"Com Vítimas Feridas";"Pleno dia";"Crescente";"Ceu Claro";"Simples";"Reta";"Urbano";3;0;1;0;2;0;1;2
83462973;"08/05/16";"Domingo";"13:20:00";"PR";277;"80";"CURITIBA";"Falta de atenção";"Colisão com objeto fixo";"Sem Vítimas";"Pleno dia";"Decrescente";"Ceu Claro";"Dupla";"Reta";"Rural";1;0;0;0;1;0;0;1
83462974;"08/05/16";"Domingo";"17:00:00";"PA";316;"8";"ANANINDEUA";"Falta de atenção";"Colisão traseira";"Com Vítimas Feridas";"Pleno dia";"Crescente";"Ceu Claro";"Dupla";"Reta";"Urbano";5;0;1;0;3;1;1;4
83462975;"08/05/16";"Domingo";"16:40:00";"PE";104;"53,8";"CARUARU";"Falta de atenção";"Queda de motocicleta / bicicleta / veículo";"Com Vítimas Feridas";"Pleno dia";"Decrescente";"Sol";"Dupla";"Reta";"Rural";2;0;2;0;0;0;2;1
83462976;"08/05/16";"Domingo";"16:30:00";"MT";163;"757";"SORRISO";"Não guardar distância de segurança";"Capotamento";"Com Vítimas Feridas";"Pleno dia";"Decrescente";"Ceu Claro";"Simples";"Reta";"Rural";2;0;2;0;0;0;2;1
83462977;"08/05/16";"Domingo";"16:10:00";"PR";376;"178,4";"MARINGA";"Ingestão de álcool";"Colisão traseira";"Sem Vítimas";"Pleno dia";"Crescente";"Chuva";"Dupla";"Reta";"Urbano";2;0;0;0;2;0;0;2
83462978;"08/05/16";"Domingo";"16:00:00";"SC";282;"4,7";"SAO JOSE";"Falta de atenção";"Colisão traseira";"Sem Vítimas";"Pleno dia";"Decrescente";"Ceu Claro";"Dupla";"Reta";"Urbano";3;0;0;0;3;0;0;3
83462979;"08/05/16";"Domingo";"16:00:00";"PR";376;"340";"ORTIGUEIRA";"Outras";"Capotamento";"Com Vítimas Feridas";"Pleno dia";"Crescente";"Chuva";"Simples";"Curva";"Rural";3;0;1;0;2;0;1;1
83462980;"08/05/16";"Domingo";"17:10:00";"SC";101;"194,6";"BIGUACU";"Outras";"Colisão traseira";"Com Vítimas Feridas";"Anoitecer";"Crescente";"Ceu Claro";"Múltipla";"Reta";"Urbano";3;0;2;0;1;0;2;2
83462981;"08/05/16";"Domingo";"17:10:00";"SC";282;"618";"IRACEMINHA";"Outras";"Colisão traseira";"Sem Vítimas";"Pleno dia";"Decrescente";"Chuva";"Simples";"Curva";"Rural";3;0;0;0;3;0;0;3
83462982;"08/05/16";"Domingo";"15:00:00";"DF";60;"19";"BRASILIA";"Outras";"Capotamento";"Com Vítimas Feridas";"Pleno dia";"Decrescente";"Ceu Claro";"Dupla";"Reta";"Rural";4;0;2;1;0;1;3;1
83462983;"08/05/16";"Domingo";"12:00:00";"SP";153;"226";"MARILIA";"Outras";"Colisão frontal";"Com Vítimas Fatais";"Pleno dia";"Crescente";"Ceu Claro";"Simples";"Reta";"Rural";2;1;0;0;1;0;0;2
83462984;"08/05/16";"Domingo";"13:00:00";"PR";467;"78";"CASCAVEL";"Outras";"Capotamento";"Com Vítimas Feridas";"Pleno dia";"Decrescente";"Chuva";"Dupla";"Reta";"Rural";5;0;4;0;1;0;4;1
83462985;"08/05/16";"Domingo";"17:50:00";"MG";381;"449";"SABARA";"Outras";"Colisão Transversal";"Com Vítimas Feridas";"Plena noite";"Crescente";"Ceu Claro";"Simples";"Reta";"Urbano";3;0;2;0;1;0;2;2
83462987;"08/05/16";"Domingo";"16:30:00";"MG";50;"51";"ARAGUARI";"Outras";"Colisão lateral";"Sem Vítimas";"Pleno dia";"Decrescente";"Sol";"Múltipla";"Reta";"Rural";2;0;0;0;1;1;0;2
83462988;"08/05/16";"Domingo";"17:15:00";"SC";101;"254,1";"PAULO LOPES";"Outras";"Saída de Pista";"Sem Vítimas";"Anoitecer";"Decrescente";"Nublado";"Dupla";"Reta";"Urbano";2;0;0;0;2;0;0;2
83462989;"08/05/16";"Domingo";"17:40:00";"PE";232;"147,5";"SAO CAITANO";"Outras";"Queda de motocicleta / bicicleta / veículo";"Com Vítimas Feridas";"Anoitecer";"Decrescente";"Ceu Claro";"Múltipla";"Reta";"Urbano";1;0;1;0;0;0;1;1
83462990;"08/05/16";"Domingo";"07:00:00";"RR";401;"1";"BOA VISTA";"Falta de atenção";"Colisão Transversal";"Com Vítimas Feridas";"Pleno dia";"Decrescente";"Chuva";"Dupla";"Reta";"Urbano";3;0;2;0;1;0;2;2
83462991;"08/05/16";"Domingo";"18:00:00";"PR";153;"469";"PORTO VITORIA";"Outras";"Capotamento";"Sem Vítimas";"Plena noite";"Crescente";"Chuva";"Simples";"Reta";"Rural";1;0;0;0;1;0;0;1
83462992;"08/05/16";"Domingo";"14:30:00";"RS";287;"313";"SAO PEDRO DO SUL";"Falta de atenção";"Saída de Pista";"Com Vítimas Feridas";"Pleno dia";"Crescente";"Chuva";"Simples";"Reta";"Rural";3;0;2;0;1;0;2;1
83462993;"08/05/16";"Domingo";"16:15:00";"PR";369;"115,8";"URAI";"Outras";"Capotamento";"Com Vítimas Feridas";"Pleno dia";"Crescente";"Chuva";"Simples";"Curva";"Rural";3;0;2;0;1;0;2;1
83462994;"08/05/16";"Domingo";"18:10:00";"PR";116;"146";"MANDIRITUBA";"Desobediência à sinalização";"Colisão Transversal";"Com Vítimas Feridas";"Anoitecer";"Crescente";"Nublado";"Simples";"Reta";"Rural";2;0;1;0;1;0;1;2
83462995;"06/05/16";"Sexta";"10:15:00";"BA";324;"605";"SIMOES FILHO";"Falta de atenção";"Colisão lateral";"Sem Vítimas";"Pleno dia";"Crescente";"Ceu Claro";"Dupla";"Reta";"Rural";2;0;0;0;2;0;0;2
83462996;"04/05/16";"Quarta";"09:30:00";"MG";381;"309";"ANTONIO DIAS";"Falta de atenção";"Saída de Pista";"Com Vítimas Feridas";"Pleno dia";"Decrescente";"Ceu Claro";"Simples";"Curva";"Rural";1;0;0;1;0;0;1;1
83462997;"08/05/16";"Domingo";"18:00:00";"BA";101;"98";"ALAGOINHAS";"Ingestão de álcool";"Atropelamento de pessoa";"Com Vítimas Feridas";"Plena noite";"Decrescente";"Ceu Claro";"Simples";"Reta";"Rural";4;0;0;2;0;2;2;2
83462998;"16/03/16";"Quarta";"12:15:00";"RO";319;"59";"PORTO VELHO";"Falta de atenção";"Colisão Transversal";"Com Vítimas Feridas";"Pleno dia";"Decrescente";"Ceu Claro";"Dupla";"Reta";"Urbano";3;0;0;1;2;0;1;2
83462999;"08/05/16";"Domingo";"18:25:00";"PR";376;"245,1";"APUCARANA";"Desobediência à sinalização";"Colisão Transversal";"Com Vítimas Feridas";"Plena noite";"Decrescente";"Chuva";"Simples";"Cruzamento";"Urbano";2;0;1;0;1;0;1;2
83463000;"08/05/16";"Domingo";"11:30:00";"SC";163;"70";"SAO MIGUEL DOESTE";"Falta de atenção";"Colisão lateral";"Com Vítimas Feridas";"Pleno dia";"Decrescente";"Sol";"Dupla";"Reta";"Urbano";2;0;1;0;1;0;1;2