"id";"data_inversa";"dia_semana";"horario";"uf";"br";"km";"municipio";"causa_acidente";"tipo_acidente";"classificacao_acidente";"fase_dia";"sentido_via";"condicao_metereologica";"tipo_pista";"tracado_via";"uso_solo";"pessoas";"mortos";"feridos_leves";"feridos_graves";"ilesos";"ignorados";"feridos";"veiculos"
83463001;"08/05/16";"Domingo";"17:40:00";"ES";101;"302";"VIANA";"Velocidade incompatível";"Queda de motocicleta / bicicleta / veículo";"Com Vítimas Feridas";"Anoitecer";"Crescente";"Ceu Claro";"Dupla";"Curva";"Urbano";1;0;1;0;0;0;1;1
83463002;"08/05/16";"Domingo";"14:45:00";"PI";316;"4,5";"TERESINA";"Não guardar distância de segurança";"Colisão traseira";"Com Vítimas Feridas";"Pleno dia";"Decrescente";"Ceu Claro";"Múltipla";"Reta";"Urbano";2;0;1;0;1;0;1;2
83463003;"08/05/16";"Domingo";"17:15:00";"SC";282;"653,8";"SAO MIGUEL DOESTE";"Velocidade incompatível";"Saída de Pista";"Sem Vítimas";"Pleno dia";"Decrescente";"Chuva";"Simples";"Reta";"Rural";1;0;0;0;1;0;0;1
83463005;"08/05/16";"Domingo";"15:40:00";"MG";40;"753";"SANTOS DUMONT";"Velocidade incompatível";"Capotamento";"Sem Vítimas";"Pleno dia";"Crescente";"Nublado";"Simples";"Curva";"Rural";1;0;0;0;1;0;0;1
83463006;"08/05/16";"Domingo";"18:10:00";"MG";135;"386";"MONTES CLAROS";"Desobediência à sinalização";"Atropelamento de pessoa";"Com Vítimas Feridas";"Plena noite";"Crescente";"Ceu Claro";"Simples";"Reta";"Rural";2;0;0;2;0;0;2;1
83463007;"06/05/16";"Sexta";"16:25:00";"GO";60;"85";"ANAPOLIS";"Não guardar distância de segurança";"Colisão traseira";"Sem Vítimas";"Pleno dia";"Crescente";"Sol";"Dupla";"Curva";"Rural";2;0;0;0;2;0;0;2
83463008;"08/05/16";"Domingo";"16:30:00";"RS";153;"9,1";"MARCELINO RAMOS";"Velocidade incompatível";"Saída de Pista";"Sem Vítimas";"Pleno dia";"Decrescente";"Chuva";"Simples";"Curva";"Rural";2;0;0;0;2;0;0;1
83463009;"08/05/16";"Domingo";"17:40:00";"PR";277;"121";"CAMPO LARGO";"Velocidade incompatível";"Tombamento";"Com Vítimas Feridas";"Anoitecer";"Decrescente";"Nublado";"Dupla";"Reta";"Rural";1;0;1;0;0;0;1;1
83463010;"08/05/16";"Domingo";"10:50:00";"ES";262;"4,4";"CARIACICA";"Falta de atenção";"Colisão com bicicleta";"Com Vítimas Feridas";"Pleno dia";"Crescente";"Sol";"Múltipla";"Reta";"Urbano";2;0;0;2;0;0;2;2
83463011;"08/05/16";"Domingo";"08:40:00";"RO";364;"1045";"PORTO VELHO";"Falta de atenção";"Saída de Pista";"Com Vítimas Feridas";"Pleno dia";"Crescente";"Ceu Claro";"Simples";"Reta";"Rural";3;0;3;0;0;0;3;1
83463012;"08/05/16";"Domingo";"17:40:00";"SP";116;"227,9";"SAO PAULO";"Falta de atenção";"Colisão com objeto fixo";"Sem Vítimas";"Anoitecer";"Crescente";"Ceu Claro";"Múltipla";"Reta";"Urbano";1;0;0;0;1;0;0;1
83463013;"08/05/16";"Domingo";"19:03:00";"PR";158;"4,4";"CAMPO MOURAO";"Desobediência à sinalização";"Colisão Transversal";"Com Vítimas Feridas";"Plena noite";"Decrescente";"Chuva";"Simples";"Reta";"Urbano";3;0;1;0;2;0;1;2
83463014;"08/05/16";"Domingo";"16:45:00";"CE";304;"47";"ARACATI";"Ingestão de álcool";"Colisão traseira";"Sem Vítimas";"Pleno dia";"Decrescente";"Ceu Claro";"Simples";"Reta";"Rural";2;0;0;0;2;0;0;2
83463015;"08/05/16";"Domingo";"18:05:00";"SC";282;"515,6";"XAXIM";"Defeito na via";"Colisão traseira";"Sem Vítimas";"Anoitecer";"Decrescente";"Chuva";"Simples";"Reta";"Rural";3;0;0;0;3;0;0;3
83463016;"08/05/16";"Domingo";"17:30:00";"PR";277;"38";"MORRETES";"Velocidade incompatível";"Colisão com objeto fixo";"Com Vítimas Feridas";"Pleno dia";"Decrescente";"Nublado";"Dupla";"Curva";"Rural";1;0;1;0;0;0;1;1
83463017;"08/05/16";"Domingo";"18:00:00";"SC";101;"197";"BIGUACU";"Falta de atenção";"Colisão Transversal";"Com Vítimas Feridas";"Plena noite";"Crescente";"Nublado";"Dupla";"Curva";"Urbano";2;0;1;0;1;0;1;2
83463018;"08/05/16";"Domingo";"19:00:00";"SC";101;"119,9";"ITAJAI";"Velocidade incompatível";"Colisão com objeto fixo";"Com Vítimas Feridas";"Plena noite";"Decrescente";"Nublado";"Dupla";"Reta";"Urbano";2;0;2;0;0;0;2;1
83463019;"07/05/16";"Sábado";"20:30:00";"AL";423;"48";"INHAPI";"Ultrapassagem indevida";"Colisão frontal";"Com Vítimas Fatais";"Plena noite";"Crescente";"Ceu Claro";"Simples";"Reta";"Rural";11;2;3;5;1;0;8;3
83463020;"08/05/16";"Domingo";"18:10:00";"RJ";101;"414";"MANGARATIBA";"Falta de atenção";"Queda de motocicleta / bicicleta / veículo";"Com Vítimas Feridas";"Plena noite";"Decrescente";"Ceu Claro";"Dupla";"Reta";"Rural";1;0;1;0;0;0;1;1
83463021;"02/05/16";"Segunda";"10:15:00";"RS";386;"445,9";"CANOAS";"Velocidade incompatível";"Tombamento";"Com Vítimas Feridas";"Pleno dia";"Decrescente";"Ceu Claro";"Dupla";"Reta";"Urbano";1;0;1;0;0;0;1;1
83463022;"15/03/16";"Terça";"19:47:00";"RJ";116;"188";"QUEIMADOS";"Outras";"Atropelamento de pessoa";"Com Vítimas Fatais";"Plena noite";"Crescente";"Chuva";"Dupla";"Reta";"Urbano";2;1;0;0;1;0;0;1
83463023;"08/05/16";"Domingo";"18:45:00";"SP";116;"122,2";"CACAPAVA";"Falta de atenção";"Colisão com objeto fixo";"Sem Vítimas";"Plena noite";"Crescente";"Ceu Claro";"Dupla";"Reta";"Rural";2;0;0;0;2;0;0;2
83463024;"08/05/16";"Domingo";"19:00:00";"SC";101;"196,5";"BIGUACU";"Falta de atenção";"Colisão traseira";"Sem Vítimas";"Plena noite";"Crescente";"Nublado";"Dupla";"Reta";"Urbano";5;0;0;0;4;1;0;5
83463025;"08/05/16";"Domingo";"17:40:00";"PA";316;"15";"MARITUBA";"Não guardar distância de segurança";"Colisão traseira";"Sem Vítimas";"Anoitecer";"Decrescente";"Ignorada";"Dupla";"Reta";"Urbano";3;0;0;0;3;0;0;3
83463026;"04/05/16";"Quarta";"19:20:00";"MT";364;"305";"JACIARA";"Defeito na via";"Saída de Pista";"Sem Vítimas";"Plena noite";"Decrescente";"Ceu Claro";"Simples";"Reta";"Rural";2;0;0;0;2;0;0;1
83463027;"08/05/16";"Domingo";"19:06:00";"RJ";101;"118";"CAMPOS DOS GOYTACAZES";"Defeito mecânico em veículo";"Incêndio";"Sem Vítimas";"Anoitecer";"Decrescente";"Ceu Claro";"Simples";"Reta";"Rural";1;0;0;0;1;0;0;1
83463028;"08/05/16";"Domingo";"18:35:00";"MG";40;"699";"BARBACENA";"Outras";"Atropelamento de pessoa";"Com Vítimas Fatais";"Plena noite";"Crescente";"Nublado";"Dupla";"Reta";"Rural";2;1;0;0;1;0;0;1
83463029;"08/05/16";"Domingo";"18:05:00";"MG";40;"649,5";"CRISTIANO OTONI";"Falta de atenção";"Colisão Transversal";"Sem Vítimas";"Plena noite";"Decrescente";"Ceu Claro";"Simples";"Reta";"Urbano";6;0;0;0;6;0;0;2
83463030;"08/05/16";"Domingo";"19:45:00";"RS";116;"242";"SAO LEOPOLDO";"Falta de atenção";"Colisão traseira";"Com Vítimas Feridas";"Plena noite";"Crescente";"Ceu Claro";"Dupla";"Reta";"Urbano";2;0;1;0;1;0;1;2
83463031;"08/05/16";"Domingo";"17:55:00";"MG";381;"752,2";"TRES CORACOES";"Falta de atenção";"Colisão traseira";"Com Vítimas Feridas";"Anoitecer";"Crescente";"Ignorada";"Dupla";"Reta";"Rural";3;0;2;0;1;0;2;2
83463032;"08/05/16";"Domingo";"16:50:00";"MG";146;"491";"BOTELHOS";"Velocidade incompatível";"Colisão Transversal";"Com Vítimas Feridas";"Pleno dia";"Crescente";"Nublado";"Simples";"Reta";"Rural";5;0;1;0;4;0;1;2
83463033;"08/05/16";"Domingo";"18:55:00";"PR";469;"15,2";"FOZ DO IGUACU";"Desobediência à sinalização";"Colisão Transversal";"Com Vítimas Feridas";"Plena noite";"Decrescente";"Chuva";"Simples";"Curva";"Urbano";4;0;2;1;0;1;3;2
83463034;"08/05/16";"Domingo";"20:30:00";"PR";116;"117";"CURITIBA";"Falta de atenção";"Atropelamento de pessoa";"Com Vítimas Feridas";"Plena noite";"Crescente";"Nublado";"Dupla";"Reta";"Rural";2;0;0;1;1;0;1;1
83463035;"08/05/16";"Domingo";"16:30:00";"CE";116;"56";"PACAJUS";"Falta de atenção";"Colisão traseira";"Sem Vítimas";"Pleno dia";"Decrescente";"Ceu Claro";"Simples";"Reta";"Rural";4;0;0;0;3;1;0;4
83463036;"08/05/16";"Domingo";"19:10:00";"PR";369;"490,9";"CORBELIA";"Dormindo";"Colisão frontal";"Com Vítimas Fatais";"Plena noite";"Decrescente";"Chuva";"Simples";"Curva";"Rural";7;1;5;0;1;0;5;3
83463037;"04/05/16";"Quarta";"13:00:00";"SC";282;"6";"SAO JOSE";"Falta de atenção";"Colisão traseira";"Com Vítimas Feridas";"Pleno dia";"Decrescente";"Ceu Claro";"Dupla";"Curva";"Urbano";2;0;1;0;1;0;1;2
83463038;"20/04/16";"Quarta";"12:00:00";"RJ";465;"5";"SEROPEDICA";"Outras";"Colisão Transversal";"Sem Vítimas";"Pleno dia";"Crescente";"Sol";"Simples";"Reta";"Urbano";2;0;0;0;2;0;0;2
83463039;"08/05/16";"Domingo";"17:40:00";"SE";101;"86";"NOSSA SENHORA DO SOCORRO";"Falta de atenção";"Atropelamento de pessoa";"Com Vítimas Feridas";"Anoitecer";"Decrescente";"Nublado";"Dupla";"Reta";"Rural";2;0;0;1;0;1;1;1
83463040;"08/05/16";"Domingo";"20:30:00";"RJ";40;"72";"PETROPOLIS";"Outras";"Saída de Pista";"Com Vítimas Feridas";"Plena noite";"Decrescente";"Nevoeiro/neblina";"Dupla";"Curva";"Rural";3;0;3;0;0;0;3;1
83463041;"08/05/16";"Domingo";"17:30:00";"GO";60;"209";"GUAPO";"Outras";"Saída de Pista";"Com Vítimas Fatais";"Pleno dia";"Decrescente";"Ceu Claro";"Dupla";"Curva";"Rural";1;1;0;0;0;0;0;1
83463042;"08/05/16";"Domingo";"16:05:00";"RN";101;"66,4";"EXTREMOZ";"Falta de atenção";"Colisão Transversal";"Sem Vítimas";"Pleno dia";"Decrescente";"Ceu Claro";"Simples";"Cruzamento";"Rural";2;0;0;0;2;0;0;2
83463043;"08/05/16";"Domingo";"19:15:00";"SC";101;"211,9";"PALHOCA";"Falta de atenção";"Colisão traseira";"Com Vítimas Feridas";"Plena noite";"Decrescente";"Ceu Claro";"Simples";"Reta";"Urbano";2;0;1;0;1;0;1;2
83463044;"08/05/16";"Domingo";"12:11:00";"SC";101;"113,9";"ITAJAI";"Defeito na via";"Queda de motocicleta / bicicleta / veículo";"Com Vítimas Feridas";"Pleno dia";"Crescente";"Ceu Claro";"Múltipla";"Reta";"Urbano";1;0;1;0;0;0;1;1
83463045;"04/05/16";"Quarta";"07:00:00";"PR";476;"213";"LAPA";"Falta de atenção";"Colisão traseira";"Sem Vítimas";"Pleno dia";"Crescente";"Nevoeiro/neblina";"Simples";"Reta";"Rural";2;0;0;0;2;0;0;2
83463046;"08/05/16";"Domingo";"16:50:00";"MG";116;"582,5";"MANHUACU";"Falta de atenção";"Colisão traseira";"Com Vítimas Feridas";"Pleno dia";"Crescente";"Ceu Claro";"Simples";"Reta";"Rural";2;0;1;0;1;0;1;2
83463047;"08/05/16";"Domingo";"17:30:00";"ES";101;"309,9";"VIANA";"Velocidade incompatível";"Colisão traseira";"Com Vítimas Feridas";"Anoitecer";"Decrescente";"Ceu Claro";"Simples";"Curva";"Rural";3;0;1;0;2;0;1;2
83463048;"08/05/16";"Domingo";"19:30:00";"BA";242;"788";"BARREIRAS";"Ingestão de álcool";"Colisão Transversal";"Com Vítimas Feridas";"Plena noite";"Decrescente";"Ceu Claro";"Simples";"Reta";"Rural";5;0;3;0;1;1;3;2
83463049;"08/05/16";"Domingo";"18:50:00";"MG";364;"1";"PLANURA";"Defeito mecânico em veículo";"Saída de Pista";"Sem Vítimas";"Plena noite";"Decrescente";"Nublado";"Simples";"Reta";"Rural";1;0;0;0;1;0;0;1
83463050;"08/05/16";"Domingo";"19:27:00";"MG";459;"19,5";"CALDAS";"Falta de atenção";"Atropelamento de pessoa";"Com Vítimas Feridas";"Anoitecer";"Crescente";"Nublado";"Simples";"Reta";"Rural";3;0;2;1;0;0;3;1
83463051;"08/05/16";"Domingo";"16:20:00";"MT";364;"239";"JUSCIMEIRA";"Ingestão de álcool";"Colisão lateral";"Sem Vítimas";"Pleno dia";"Crescente";"Ceu Claro";"Simples";"Reta";"Rural";2;0;0;0;2;0;0;2
83463052;"08/05/16";"Domingo";"21:30:00";"SP";116;"325";"JUQUITIBA";"Falta de atenção";"Tombamento";"Com Vítimas Feridas";"Plena noite";"Crescente";"Nublado";"Dupla";"Reta";"Rural";1;0;1;0;0;0;1;1
83463053;"08/05/16";"Domingo";"20:30:00";"SP";116;"96,2";"PINDAMONHANGABA";"Outras";"Atropelamento de animal";"Com Vítimas Feridas";"Plena noite";"Crescente";"Nublado";"Dupla";"Reta";"Urbano";2;0;2;0;0;0;2;1
83463054;"08/05/16";"Domingo";"18:30:00";"MS";163;"280";"DOURADOS";"Falta de atenção";"Colisão traseira";"Sem Vítimas";"Plena noite";"Decrescente";"Ceu Claro";"Dupla";"Reta";"Urbano";2;0;0;0;2;0;0;2
83463055;"08/05/16";"Domingo";"21:30:00";"PR";277;"690,3";"SAO MIGUEL DO IGUACU";"Falta de atenção";"Colisão com objeto fixo";"Sem Vítimas";"Plena noite";"Decrescente";"Chuva";"Dupla";"Reta";"Urbano";1;0;0;0;1;0;0;1
83463056;"08/05/16";"Domingo";"18:30:00";"PB";230;"31";"BAYEUX";"Ingestão de álcool";"Colisão traseira";"Sem Vítimas";"Plena noite";"Decrescente";"Chuva";"Dupla";"Reta";"Urbano";3;0;0;0;3;0;0;2
83463057;"08/02/16";"Segunda";"13:20:00";"SC";282;"223";"LAGES";"Velocidade incompatível";"Capotamento";"Com Vítimas Feridas";"Pleno dia";"Decrescente";"Ceu Claro";"Simples";"Curva";"Rural";1;0;0;1;0;0;1;1
83463058;"08/05/16";"Domingo";"19:30:00";"RS";392;"83";"PELOTAS";"Não guardar distância de segurança";"Colisão traseira";"Sem Vítimas";"Plena noite";"Decrescente";"Nublado";"Simples";"Reta";"Rural";2;0;0;0;2;0;0;2
83463059;"08/05/16";"Domingo";"18:40:00";"PR";163;"39";"PRANCHITA";"Outras";"Colisão traseira";"Sem Vítimas";"Plena noite";"Decrescente";"Chuva";"Simples";"Reta";"Rural";2;0;0;0;2;0;0;2
83463060;"08/05/16";"Domingo";"18:00:00";"RS";285;"99,5";"MONTE ALEGRE DOS CAMPOS";"Falta de atenção";"Colisão Transversal";"Com Vítimas Feridas";"Plena noite";"Crescente";"Chuva";"Simples";"Reta";"Rural";2;0;0;1;0;1;1;2
83463061;"08/05/16";"Domingo";"21:40:00";"PB";230;"189,6";"POCINHOS";"Ingestão de álcool";"Colisão com objeto fixo";"Sem Vítimas";"Plena noite";"Decrescente";"Nublado";"Simples";"Reta";"Rural";1;0;0;0;1;0;0;1
83463062;"08/05/16";"Domingo";"22:00:00";"MG";262;"580";"CAMPOS ALTOS";"Falta de atenção";"Capotamento";"Com Vítimas Feridas";"Plena noite";"Crescente";"Chuva";"Simples";"Cruzamento";"Rural";1;0;1;0;0;0;1;1
83463063;"08/05/16";"Domingo";"19:00:00";"PR";116;"48";"CAMPINA GRANDE DO SUL";"Falta de atenção";"Colisão Transversal";"Com Vítimas Feridas";"Plena noite";"Crescente";"Nublado";"Dupla";"Reta";"Rural";7;0;2;0;5;0;2;3
83463064;"08/05/16";"Domingo";"21:30:00";"RO";364;"16";"VILHENA";"Falta de atenção";"Colisão Transversal";"Com Vítimas Feridas";"Plena noite";"Decrescente";"Ceu Claro";"Dupla";"Reta";"Urbano";2;0;0;1;1;0;1;2
83463065;"08/05/16";"Domingo";"21:05:00";"SC";158;"146,6";"PALMITOS";"Defeito mecânico em veículo";"Saída de Pista";"Com Vítimas Feridas";"Plena noite";"Crescente";"Nevoeiro/neblina";"Simples";"Reta";"Rural";2;0;1;0;1;0;1;1
83463066;"08/05/16";"Domingo";"21:45:00";"MG";381;"665,6";"PERDOES";"Outras";"Capotamento";"Sem Vítimas";"Plena noite";"Decrescente";"Ceu Claro";"Dupla";"Curva";"Rural";1;0;0;0;1;0;0;1
83463067;"08/05/16";"Domingo";"21:20:00";"RN";304;"46,8";"MOSSORO";"Outras";"Colisão Transversal";"Com Vítimas Feridas";"Plena noite";"Decrescente";"Ceu Claro";"Dupla";"Reta";"Urbano";3;0;2;0;0;1;2;2
83463068;"08/05/16";"Domingo";"22:40:00";"PE";408;"101";"JABOATAO DOS GUARARAPES";"Velocidade incompatível";"Saída de Pista";"Com Vítimas Feridas";"Plena noite";"Crescente";"Chuva";"Dupla";"Reta";"Rural";3;0;3;0;0;0;3;1
83463069;"08/05/16";"Domingo";"18:40:00";"RO";364;"240,2";"CACOAL";"Velocidade incompatível";"Capotamento";"Com Vítimas Feridas";"Anoitecer";"Decrescente";"Nublado";"Simples";"Reta";"Urbano";5;0;2;1;2;0;3;1
83463070;"08/05/16";"Domingo";"20:00:00";"RO";364;"570";"CANDEIAS DO JAMARI";"Defeito na via";"Capotamento";"Com Vítimas Feridas";"Plena noite";"Crescente";"Ceu Claro";"Simples";"Reta";"Rural";4;0;1;0;3;0;1;1
83463071;"08/05/16";"Domingo";"17:50:00";"RS";116;"252";"SAPUCAIA DO SUL";"Falta de atenção";"Colisão traseira";"Com Vítimas Fatais";"Anoitecer";"Crescente";"Nublado";"Dupla";"Reta";"Urbano";3;1;0;1;1;0;1;2
83463072;"08/05/16";"Domingo";"19:30:00";"MG";116;"337";"CAMPANARIO";"Ingestão de álcool";"Queda de motocicleta / bicicleta / veículo";"Com Vítimas Feridas";"Plena noite";"Decrescente";"Ceu Claro";"Dupla";"Curva";"Rural";1;0;1;0;0;0;1;1
83463074;"08/05/16";"Domingo";"19:20:00";"RS";471;"540,2";"RIO GRANDE";"Não guardar distância de segurança";"Colisão traseira";"Sem Vítimas";"Plena noite";"Decrescente";"Ceu Claro";"Simples";"Curva";"Rural";2;0;0;0;2;0;0;2
83463075;"06/05/16";"Sexta";"10:00:00";"PR";476;"352";"UNIAO DA VITORIA";"Velocidade incompatível";"Saída de Pista";"Sem Vítimas";"Pleno dia";"Crescente";"Chuva";"Simples";"Reta";"Rural";2;0;0;0;2;0;0;1
83463076;"08/05/16";"Domingo";"23:00:00";"GO";364;"207,8";"JATAI";"Ingestão de álcool";"Colisão frontal";"Com Vítimas Feridas";"Plena noite";"Crescente";"Nublado";"Simples";"Reta";"Rural";2;0;2;0;0;0;2;2
83463077;"02/05/16";"Segunda";"17:20:00";"PE";104;"55";"CARUARU";"Outras";"Colisão traseira";"Com Vítimas Feridas";"Anoitecer";"Crescente";"Ceu Claro";"Dupla";"Reta";"Rural";2;0;0;1;0;1;1;2
83463078;"08/05/16";"Domingo";"22:10:00";"SP";116;"280";"EMBU";"Defeito mecânico em veículo";"Colisão traseira";"Com Vítimas Feridas";"Plena noite";"Decrescente";"Nublado";"Dupla";"Reta";"Urbano";4;0;1;0;3;0;1;3
83463079;"08/05/16";"Domingo";"17:00:00";"RS";285;"394,5";"SANTA BARBARA DO SUL";"Velocidade incompatível";"Colisão lateral";"Com Vítimas Feridas";"Pleno dia";"Crescente";"Nublado";"Simples";"Reta";"Rural";4;0;2;0;2;0;2;3
83463080;"08/05/16";"Domingo";"16:30:00";"MG";116;"447,8";"ENGENHEIRO CALDAS";"Ultrapassagem indevida";"Colisão Transversal";"Com Vítimas Fatais";"Pleno dia";"Decrescente";"Ceu Claro";"Simples";"Reta";"Rural";10;5;1;4;0;0;5;2
83463081;"08/05/16";"Domingo";"17:45:00";"RN";304;"0";"ANGICOS";"Outras";"Colisão lateral";"Com Vítimas Fatais";"Anoitecer";"Decrescente";"Ceu Claro";"Simples";"Reta";"Rural";8;2;2;0;4;0;2;3
83463082;"08/05/16";"Domingo";"23:32:00";"CE";222;"303";"TIANGUA";"Outras";"Queda de motocicleta / bicicleta / veículo";"Com Vítimas Feridas";"Plena noite";"Crescente";"Chuva";"Simples";"Reta";"Rural";1;0;1;0;0;0;1;1
83463083;"08/05/16";"Domingo";"20:00:00";"PR";153;"400";"MALLET";"Outras";"Colisão frontal";"Ignorado";"Plena noite";"Decrescente";"Chuva";"Simples";"Curva";"Rural";2;0;0;0;0;2;0;2
83463084;"08/05/16";"Domingo";"19:30:00";"PR";376;"169";"MARINGA";"Falta de atenção";"Colisão Transversal";"Com Vítimas Fatais";"Plena noite";"Crescente";"Chuva";"Dupla";"Reta";"Rural";4;1;1;0;2;0;1;2
83463085;"08/05/16";"Domingo";"23:50:00";"PR";277;"250,2";"IRATI";"Dormindo";"Tombamento";"Com Vítimas Feridas";"Plena noite";"Decrescente";"Nevoeiro/neblina";"Simples";"Reta";"Rural";3;0;2;0;1;0;2;1
83463086;"08/05/16";"Domingo";"19:50:00";"SP";116;"448,3";"REGISTRO";"Falta de atenção";"Colisão com objeto fixo";"Com Vítimas Feridas";"Plena noite";"Decrescente";"Chuva";"Dupla";"Reta";"Urbano";2;0;1;0;1;0;1;1
83463088;"08/05/16";"Domingo";"23:40:00";"PR";369;"26";"CAMBARA";"Velocidade incompatível";"Saída de Pista";"Sem Vítimas";"Plena noite";"Crescente";"Chuva";"Simples";"Reta";"Rural";1;0;0;0;1;0;0;1
83463089;"08/05/16";"Domingo";"23:20:00";"PR";369;"514";"CASCAVEL";"Outras";"Saída de Pista";"Com Vítimas Feridas";"Plena noite";"Crescente";"Chuva";"Simples";"Reta";"Urbano";2;0;2;0;0;0;2;1
83463091;"08/05/16";"Domingo";"19:00:00";"PE";232;"218,3";"PESQUEIRA";"Ingestão de álcool";"Colisão lateral";"Sem Vítimas";"Plena noite";"Crescente";"Vento";"Simples";"Reta";"Rural";3;0;0;0;1;2;0;3
83463092;"08/05/16";"Domingo";"22:30:00";"PR";158;"494";"CORONEL VIVIDA";"Falta de atenção";"Saída de Pista";"Sem Vítimas";"Plena noite";"Crescente";"Chuva";"Simples";"Curva";"Rural";1;0;0;0;1;0;0;1
83463093;"08/05/16";"Domingo";"20:20:00";"PB";101;"41,3";"MAMANGUAPE";"Outras";"Atropelamento de pessoa";"Com Vítimas Fatais";"Plena noite";"Crescente";"Nublado";"Dupla";"Reta";"Urbano";2;1;0;0;1;0;0;1
83463094;"08/05/16";"Domingo";"21:40:00";"ES";101;"174";"LINHARES";"Falta de atenção";"Colisão Transversal";"Com Vítimas Feridas";"Plena noite";"Decrescente";"Ceu Claro";"Simples";"Reta";"Urbano";2;0;1;0;1;0;1;2
83463095;"08/05/16";"Domingo";"20:00:00";"ES";101;"241,6";"SERRA";"Não guardar distância de segurança";"Colisão traseira";"Com Vítimas Feridas";"Plena noite";"Crescente";"Ignorada";"Simples";"Reta";"Rural";4;0;1;0;3;0;1;3
83463096;"08/05/16";"Domingo";"23:00:00";"SC";280;"8";"SAO FRANCISCO DO SUL";"Ingestão de álcool";"Colisão traseira";"Sem Vítimas";"Plena noite";"Decrescente";"Nublado";"Simples";"Reta";"Urbano";2;0;0;0;2;0;0;2
83463097;"08/05/16";"Domingo";"18:40:00";"PA";316;"33";"SANTA ISABEL DO PARA";"Velocidade incompatível";"Colisão com bicicleta";"Com Vítimas Fatais";"Anoitecer";"Crescente";"Nublado";"Dupla";"Reta";"Rural";2;1;0;1;0;0;1;2
83463098;"08/05/16";"Domingo";"19:40:00";"BA";101;"925";"NOVA VICOSA";"Falta de atenção";"Colisão lateral";"Sem Vítimas";"Plena noite";"Decrescente";"Ceu Claro";"Simples";"Reta";"Rural";2;0;0;0;1;1;0;2
83463099;"08/05/16";"Domingo";"17:30:00";"BA";116;"441";"ANTONIO CARDOSO";"Velocidade incompatível";"Colisão com objeto fixo";"Sem Vítimas";"Anoitecer";"Decrescente";"Ceu Claro";"Dupla";"Curva";"Rural";2;0;0;0;2;0;0;2
83463100;"09/05/16";"Segunda";"01:40:00";"GO";40;"2,8";"VALPARAISO DE GOIAS";"Outras";"Colisão traseira";"Com Vítimas Feridas";"Plena noite";"Crescente";"Ceu Claro";"Dupla";"Reta";"Urbano";2;0;0;1;0;1;1;2
83463101;"08/05/16";"Domingo";"19:00:00";"MS";60;"90";"AGUA CLARA";"Ingestão de álcool";"Colisão lateral";"Com Vítimas Feridas";"Plena noite";"Crescente";"Ceu Claro";"Simples";"Reta";"Rural";3;0;1;0;2;0;1;3
83463102;"08/05/16";"Domingo";"09:05:00";"MG";40;"360,5";"FELIXLANDIA";"Outras";"Queda de motocicleta / bicicleta / veículo";"Com Vítimas Feridas";"Pleno dia";"Decrescente";"Ceu Claro";"Simples";"Reta";"Urbano";2;0;2;0;0;0;2;1
83463103;"08/05/16";"Domingo";"23:00:00";"GO";20;"85";"VILA BOA";"Dormindo";"Tombamento";"Com Vítimas Feridas";"Plena noite";"Crescente";"Ceu Claro";"Simples";"Reta";"Rural";2;0;1;1;0;0;2;1
83463104;"09/05/16";"Segunda";"00:30:00";"PR";467;"114";"CASCAVEL";"Desobediência à sinalização";"Capotamento";"Sem Vítimas";"Plena noite";"Decrescente";"Chuva";"Dupla";"Reta";"Rural";2;0;0;0;2;0;0;1
83463105;"08/05/16";"Domingo";"19:00:00";"RS";290;"130,4";"ELDORADO DO SUL";"Falta de atenção";"Colisão Transversal";"Com Vítimas Feridas";"Plena noite";"Decrescente";"Nublado";"Dupla";"Reta";"Rural";2;0;1;0;1;0;1;2
83463106;"08/05/16";"Domingo";"14:00:00";"PB";230;"130";"MASSARANDUBA";"Falta de atenção";"Saída de Pista";"Com Vítimas Feridas";"Pleno dia";"Crescente";"Nublado";"Dupla";"Reta";"Rural";1;0;1;0;0;0;1;1
83463107;"09/05/16";"Segunda";"01:20:00";"PE";232;"378,7";"FLORES";"Falta de atenção";"Colisão traseira";"Sem Vítimas";"Plena noite";"Crescente";"Ceu Claro";"Simples";"Reta";"Rural";3;0;0;0;3;0;0;2
83463108;"08/05/16";"Domingo";"18:23:00";"SP";381;"30";"ATIBAIA";"Ingestão de álcool";"Queda de motocicleta / bicicleta / veículo";"Com Vítimas Feridas";"Anoitecer";"Decrescente";"Ceu Claro";"Dupla";"Reta";"Urbano";1;0;1;0;0;0;1;1
83463109;"08/05/16";"Domingo";"18:30:00";"ES";101;"457,4";"MIMOSO DO SUL";"Outras";"Queda de motocicleta / bicicleta / veículo";"Com Vítimas Feridas";"Anoitecer";"Decrescente";"Ceu Claro";"Simples";"Curva";"Rural";1;0;0;1;0;0;1;1
83463110;"08/05/16";"Domingo";"23:25:00";"PR";376;"263,1";"CALIFORNIA";"Dormindo";"Tombamento";"Sem Vítimas";"Plena noite";"Crescente";"Chuva";"Simples";"Curva";"Rural";1;0;0;0;1;0;0;1