"id";"data_inversa";"dia_semana";"horario";"uf";"br";"km";"municipio";"causa_acidente";"tipo_acidente";"classificacao_acidente";"fase_dia";"sentido_via";"condicao_metereologica";"tipo_pista";"tracado_via";"uso_solo";"pessoas";"mortos";"feridos_leves";"feridos_graves";"ilesos";"ignorados";"feridos";"veiculos"
83463111;"09/05/16";"Segunda";"02:00:00";"MG";116;"407";"GOVERNADOR VALADARES";"Ingestão de álcool";"Colisão com objeto fixo";"Com Vítimas Feridas";"Plena noite";"Crescente";"Nublado";"Simples";"Cruzamento";"Rural";1;0;1;0;0;0;1;1
83463112;"08/05/16";"Domingo";"11:00:00";"PE";424;"87,2";"GARANHUNS";"Falta de atenção";"Colisão Transversal";"Com Vítimas Feridas";"Pleno dia";"Decrescente";"Ceu Claro";"Simples";"Cruzamento";"Urbano";2;0;1;0;0;1;1;2
83463113;"08/05/16";"Domingo";"22:10:00";"PR";467;"115";"CASCAVEL";"Outras";"Colisão traseira";"Com Vítimas Feridas";"Plena noite";"Crescente";"Chuva";"Dupla";"Reta";"Urbano";3;0;3;0;0;0;3;2
83463114;"09/05/16";"Segunda";"03:40:00";"RS";386;"417";"MONTENEGRO";"Outras";"Saída de Pista";"Sem Vítimas";"Plena noite";"Decrescente";"Nublado";"Dupla";"Curva";"Rural";4;0;0;0;4;0;0;1
83463115;"08/05/16";"Domingo";"16:30:00";"RS";290;"108,9";"ELDORADO DO SUL";"Dormindo";"Saída de Pista";"Sem Vítimas";"Pleno dia";"Crescente";"Nublado";"Dupla";"Reta";"Rural";1;0;0;0;1;0;0;1
83463116;"08/05/16";"Domingo";"23:03:00";"PR";369;"147";"LONDRINA";"Ingestão de álcool";"Colisão Transversal";"Com Vítimas Feridas";"Plena noite";"Decrescente";"Nublado";"Dupla";"Reta";"Urbano";3;0;1;0;2;0;1;2
83463117;"09/05/16";"Segunda";"00:10:00";"RS";290;"175,5";"BUTIA";"Falta de atenção";"Colisão frontal";"Com Vítimas Feridas";"Plena noite";"Crescente";"Chuva";"Simples";"Reta";"Rural";12;0;9;3;0;0;12;2
83463118;"08/05/16";"Domingo";"21:30:00";"MT";163;"833,5";"SINOP";"Desobediência à sinalização";"Colisão frontal";"Com Vítimas Feridas";"Plena noite";"Decrescente";"Nublado";"Dupla";"Reta";"Urbano";2;0;0;1;1;0;1;2
83463120;"08/05/16";"Domingo";"22:15:00";"RJ";495;"22";"PETROPOLIS";"Desobediência à sinalização";"Colisão frontal";"Com Vítimas Feridas";"Plena noite";"Decrescente";"Nublado";"Simples";"Reta";"Urbano";2;0;2;0;0;0;2;2
83463121;"08/05/16";"Domingo";"18:30:00";"PE";232;"351,3";"FLORES";"Outras";"Colisão frontal";"Com Vítimas Fatais";"Plena noite";"Decrescente";"Ceu Claro";"Simples";"Curva";"Rural";2;1;0;0;0;1;0;2
83463122;"08/05/16";"Domingo";"19:40:00";"RS";290;"136,4";"ELDORADO DO SUL";"Ultrapassagem indevida";"Colisão frontal";"Com Vítimas Fatais";"Plena noite";"Crescente";"Nublado";"Simples";"Curva";"Rural";2;1;1;0;0;0;1;2
83463124;"08/05/16";"Domingo";"12:20:00";"AC";364;"122";"RIO BRANCO";"Não guardar distância de segurança";"Colisão lateral";"Com Vítimas Feridas";"Pleno dia";"Crescente";"Sol";"Dupla";"Reta";"Urbano";2;0;1;0;1;0;1;2
83463125;"08/05/16";"Domingo";"15:50:00";"TO";153;"132,7";"ARAGUAINA";"Ingestão de álcool";"Colisão lateral";"Com Vítimas Feridas";"Pleno dia";"Crescente";"Sol";"Dupla";"Reta";"Urbano";2;0;2;0;0;0;2;2
83463126;"08/05/16";"Domingo";"20:00:00";"BA";101;"810";"ITAMARAJU";"Ingestão de álcool";"Atropelamento de pessoa";"Com Vítimas Feridas";"Plena noite";"Crescente";"Ceu Claro";"Simples";"Reta";"Urbano";2;0;1;0;1;0;1;1
83463127;"09/05/16";"Segunda";"02:00:00";"RS";116;"71,3";"CAMPESTRE DA SERRA";"Outras";"Capotamento";"Com Vítimas Feridas";"Plena noite";"Crescente";"Nevoeiro/neblina";"Simples";"Reta";"Rural";2;0;1;0;1;0;1;1
83463128;"09/05/16";"Segunda";"03:30:00";"RS";285;"313,9";"PASSO FUNDO";"Ingestão de álcool";"Saída de Pista";"Sem Vítimas";"Plena noite";"Crescente";"Nublado";"Simples";"Curva";"Rural";1;0;0;0;1;0;0;1
83463129;"02/05/16";"Segunda";"18:20:00";"DF";40;"4,3";"BRASILIA";"Outras";"Tombamento";"Com Vítimas Feridas";"Anoitecer";"Crescente";"Ceu Claro";"Dupla";"Reta";"Urbano";2;0;2;0;0;0;2;1
83463130;"01/05/16";"Domingo";"20:40:00";"BA";324;"537";"CONCEICAO DO JACUIPE";"Outras";"Colisão com objeto fixo";"Com Vítimas Feridas";"Plena noite";"Crescente";"Ceu Claro";"Dupla";"Curva";"Rural";1;0;1;0;0;0;1;1
83463131;"09/05/16";"Segunda";"04:20:00";"SP";153;"170,1";"GUAICARA";"Dormindo";"Capotamento";"Sem Vítimas";"Amanhecer";"Crescente";"Ceu Claro";"Simples";"Reta";"Urbano";2;0;0;0;2;0;0;2
83463132;"08/05/16";"Domingo";"16:15:00";"AC";317;"275";"EPITACIOLANDIA";"Falta de atenção";"Saída de Pista";"Com Vítimas Feridas";"Pleno dia";"Crescente";"Nublado";"Simples";"Curva";"Rural";4;0;4;0;0;0;4;1
83463133;"05/05/16";"Quinta";"02:30:00";"RJ";101;"237";"SILVA JARDIM";"Ultrapassagem indevida";"Colisão com objeto fixo";"Sem Vítimas";"Plena noite";"Crescente";"Ignorada";"Simples";"Reta";"Rural";1;0;0;0;1;0;0;1
83463134;"05/05/16";"Quinta";"05:30:00";"BA";324;"584";"CANDEIAS";"Dormindo";"Saída de Pista";"Com Vítimas Feridas";"Amanhecer";"Crescente";"Ceu Claro";"Dupla";"Reta";"Rural";1;0;1;0;0;0;1;1
83463135;"08/05/16";"Domingo";"15:10:00";"GO";153;"656,2";"GOIATUBA";"Falta de atenção";"Tombamento";"Com Vítimas Feridas";"Pleno dia";"Crescente";"Ceu Claro";"Dupla";"Reta";"Rural";1;0;1;0;0;0;1;1
83463136;"08/05/16";"Domingo";"10:00:00";"SP";116;"338,5";"JUQUITIBA";"Não guardar distância de segurança";"Colisão traseira";"Sem Vítimas";"Pleno dia";"Decrescente";"Nublado";"Múltipla";"Reta";"Rural";2;0;0;0;2;0;0;2
83463137;"08/05/16";"Domingo";"21:50:00";"PR";116;"88";"PIRAQUARA";"Dormindo";"Colisão traseira";"Sem Vítimas";"Plena noite";"Decrescente";"Ceu Claro";"Dupla";"Reta";"Rural";2;0;0;0;2;0;0;2
83463138;"09/05/16";"Segunda";"05:10:00";"MG";116;"525";"CARATINGA";"Falta de atenção";"Colisão Transversal";"Com Vítimas Feridas";"Plena noite";"Crescente";"Ceu Claro";"Simples";"Cruzamento";"Urbano";2;0;1;0;1;0;1;2
83463139;"04/05/16";"Quarta";"15:40:00";"MG";40;"786";"JUIZ DE FORA";"Outras";"Tombamento";"Com Vítimas Feridas";"Pleno dia";"Decrescente";"Ceu Claro";"Dupla";"Reta";"Rural";2;0;0;1;1;0;1;1
83463140;"08/05/16";"Domingo";"15:40:00";"MG";40;"718,2";"BARBACENA";"Velocidade incompatível";"Capotamento";"Com Vítimas Feridas";"Pleno dia";"Crescente";"Ceu Claro";"Dupla";"Curva";"Rural";1;0;0;1;0;0;1;1
83463141;"04/05/16";"Quarta";"15:35:00";"RN";226;"291,7";"CAMPO GRANDE";"Defeito na via";"Capotamento";"Com Vítimas Feridas";"Pleno dia";"Crescente";"Ceu Claro";"Simples";"Curva";"Rural";2;0;1;0;1;0;1;2
83463142;"05/05/16";"Quinta";"21:12:00";"PB";230;"31,3";"BAYEUX";"Ingestão de álcool";"Colisão com bicicleta";"Com Vítimas Fatais";"Plena noite";"Crescente";"Ceu Claro";"Dupla";"Reta";"Urbano";2;1;0;0;1;0;0;2
83463143;"08/05/16";"Domingo";"06:00:00";"BA";101;"440";"UBAITABA";"Velocidade incompatível";"Saída de Pista";"Com Vítimas Feridas";"Amanhecer";"Crescente";"Nevoeiro/neblina";"Simples";"Cruzamento";"Rural";3;0;3;0;0;0;3;1
83463144;"01/05/16";"Domingo";"05:00:00";"CE";20;"405";"CAUCAIA";"Outras";"Saída de Pista";"Com Vítimas Feridas";"Amanhecer";"Crescente";"Ceu Claro";"Dupla";"Reta";"Rural";5;0;3;1;0;1;4;1
83463145;"09/05/16";"Segunda";"06:40:00";"PR";373;"182,5";"PONTA GROSSA";"Outras";"Colisão traseira";"Com Vítimas Feridas";"Amanhecer";"Crescente";"Nublado";"Simples";"Reta";"Rural";2;0;1;0;0;1;1;2
83463146;"01/05/16";"Domingo";"18:30:00";"SC";101;"214,4";"PALHOCA";"Falta de atenção";"Colisão traseira";"Sem Vítimas";"Plena noite";"Decrescente";"Nublado";"Dupla";"Reta";"Urbano";2;0;0;0;1;1;0;2
83463147;"06/05/16";"Sexta";"13:37:00";"PR";116;"44,1";"CAMPINA GRANDE DO SUL";"Defeito na via";"Saída de Pista";"Com Vítimas Feridas";"Pleno dia";"Crescente";"Nublado";"Dupla";"Curva";"Rural";1;0;1;0;0;0;1;1
83463148;"08/05/16";"Domingo";"14:00:00";"BA";101;"502";"ITABUNA";"Ingestão de álcool";"Colisão frontal";"Com Vítimas Fatais";"Pleno dia";"Decrescente";"Ceu Claro";"Simples";"Reta";"Rural";3;1;0;1;1;0;1;2
83463149;"07/05/16";"Sábado";"17:15:00";"MG";381;"532";"ITATIAIUCU";"Velocidade incompatível";"Capotamento";"Sem Vítimas";"Pleno dia";"Crescente";"Ceu Claro";"Dupla";"Curva";"Rural";1;0;0;0;1;0;0;1
83463150;"07/05/16";"Sábado";"08:20:00";"BA";324;"512";"FEIRA DE SANTANA";"Falta de atenção";"Atropelamento de pessoa";"Com Vítimas Fatais";"Pleno dia";"Decrescente";"Nublado";"Simples";"Reta";"Urbano";2;1;0;0;1;0;0;1
83463151;"01/05/16";"Domingo";"23:40:00";"SC";101;"220";"PALHOCA";"Ingestão de álcool";"Colisão traseira";"Sem Vítimas";"Plena noite";"Crescente";"Nublado";"Dupla";"Reta";"Urbano";2;0;0;0;2;0;0;2
83463152;"08/05/16";"Domingo";"20:00:00";"GO";70;"3,7";"AGUAS LINDAS DE GOIAS";"Ingestão de álcool";"Colisão lateral";"Sem Vítimas";"Plena noite";"Decrescente";"Ceu Claro";"Dupla";"Reta";"Urbano";2;0;0;0;1;1;0;2
83463153;"09/05/16";"Segunda";"05:05:00";"MS";60;"538,6";"NIOAQUE";"Animais na Pista";"Atropelamento de animal";"Sem Vítimas";"Amanhecer";"Crescente";"Nublado";"Simples";"Reta";"Rural";3;0;0;0;3;0;0;1
83463155;"05/05/16";"Quinta";"20:00:00";"GO";153;"495";"GOIANIA";"Outras";"Colisão lateral";"Com Vítimas Feridas";"Plena noite";"Crescente";"Ceu Claro";"Dupla";"Reta";"Urbano";4;0;0;2;2;0;2;2
83463156;"09/05/16";"Segunda";"04:15:00";"MT";163;"562";"NOVA MUTUM";"Outras";"Capotamento";"Sem Vítimas";"Plena noite";"Decrescente";"Nevoeiro/neblina";"Simples";"Reta";"Rural";4;0;0;0;4;0;0;1
83463157;"09/05/16";"Segunda";"06:55:00";"SC";470;"72,2";"INDAIAL";"Falta de atenção";"Colisão lateral";"Com Vítimas Feridas";"Pleno dia";"Crescente";"Nublado";"Simples";"Reta";"Urbano";2;0;1;0;1;0;1;2
83463158;"28/04/16";"Quinta";"18:30:00";"SP";153;"71,6";"SAO JOSE DO RIO PRETO";"Ingestão de álcool";"Colisão traseira";"Sem Vítimas";"Anoitecer";"Crescente";"Ceu Claro";"Simples";"Reta";"Urbano";2;0;0;0;2;0;0;2
83463159;"01/05/16";"Domingo";"23:20:00";"SC";101;"211,5";"PALHOCA";"Falta de atenção";"Colisão com objeto fixo";"Com Vítimas Feridas";"Plena noite";"Crescente";"Nublado";"Dupla";"Reta";"Urbano";1;0;1;0;0;0;1;1
83463160;"09/05/16";"Segunda";"07:30:00";"SC";101;"277";"IMBITUBA";"Não guardar distância de segurança";"Colisão lateral";"Com Vítimas Feridas";"Pleno dia";"Crescente";"Nublado";"Dupla";"Reta";"Urbano";2;0;0;1;1;0;1;2
83463161;"01/05/16";"Domingo";"08:00:00";"SC";101;"227";"PALHOCA";"Outras";"Colisão traseira";"Sem Vítimas";"Pleno dia";"Decrescente";"Nublado";"Dupla";"Reta";"Urbano";2;0;0;0;2;0;0;2
83463162;"06/05/16";"Sexta";"03:40:00";"MG";262;"31,2";"MANHUACU";"Outras";"Capotamento";"Ignorado";"Plena noite";"Crescente";"Nublado";"Simples";"Curva";"Rural";1;0;0;0;0;1;0;1
83463163;"09/05/16";"Segunda";"07:55:00";"RS";290;"101";"PORTO ALEGRE";"Falta de atenção";"Tombamento";"Com Vítimas Feridas";"Pleno dia";"Decrescente";"Sol";"Dupla";"Reta";"Urbano";3;0;1;0;2;0;1;2
83463164;"05/05/16";"Quinta";"18:25:00";"SC";280;"268,1";"IRINEOPOLIS";"Falta de atenção";"Atropelamento de pessoa";"Com Vítimas Feridas";"Anoitecer";"Crescente";"Nublado";"Simples";"Reta";"Rural";2;0;0;1;1;0;1;1
83463165;"05/05/16";"Quinta";"22:20:00";"PR";376;"3,3";"APUCARANA";"Falta de atenção";"Colisão traseira";"Com Vítimas Feridas";"Plena noite";"Crescente";"Ceu Claro";"Simples";"Reta";"Urbano";3;0;2;0;0;1;2;2
83463166;"05/05/16";"Quinta";"19:50:00";"RJ";116;"303,5";"RESENDE";"Falta de atenção";"Colisão Transversal";"Com Vítimas Feridas";"Plena noite";"Crescente";"Nublado";"Dupla";"Reta";"Urbano";2;0;1;0;1;0;1;2
83463167;"09/05/16";"Segunda";"08:45:00";"PR";277;"579,7";"CASCAVEL";"Outras";"Queda de motocicleta / bicicleta / veículo";"Com Vítimas Feridas";"Pleno dia";"Decrescente";"Chuva";"Simples";"Reta";"Urbano";1;0;1;0;0;0;1;1
83463168;"06/05/16";"Sexta";"07:00:00";"RS";101;"5,4";"TORRES";"Outras";"Saída de Pista";"Sem Vítimas";"Pleno dia";"Decrescente";"Ceu Claro";"Múltipla";"Reta";"Urbano";5;0;0;0;5;0;0;1
83463169;"05/05/16";"Quinta";"16:50:00";"AC";364;"121";"RIO BRANCO";"Falta de atenção";"Colisão traseira";"Sem Vítimas";"Pleno dia";"Crescente";"Nublado";"Dupla";"Reta";"Urbano";2;0;0;0;1;1;0;2
83463170;"07/05/16";"Sábado";"15:00:00";"PR";369;"150,1";"LONDRINA";"Desobediência à sinalização";"Colisão Transversal";"Com Vítimas Feridas";"Pleno dia";"Decrescente";"Nublado";"Dupla";"Reta";"Urbano";3;0;0;2;1;0;2;2
83463171;"02/05/16";"Segunda";"02:45:00";"SC";101;"212,3";"PALHOCA";"Falta de atenção";"Saída de Pista";"Sem Vítimas";"Plena noite";"Decrescente";"Nublado";"Dupla";"Reta";"Urbano";1;0;0;0;1;0;0;1
83463172;"09/05/16";"Segunda";"06:00:00";"AL";101;"159";"CAMPO ALEGRE";"Outras";"Saída de Pista";"Sem Vítimas";"Pleno dia";"Crescente";"Nublado";"Simples";"Reta";"Rural";1;0;0;0;1;0;0;1
83463173;"05/05/16";"Quinta";"17:25:00";"DF";20;"8";"BRASILIA";"Outras";"Colisão traseira";"Com Vítimas Feridas";"Plena noite";"Crescente";"Ceu Claro";"Dupla";"Reta";"Urbano";3;0;1;0;2;0;1;2
83463174;"09/05/16";"Segunda";"08:10:00";"PI";316;"0,6";"TERESINA";"Defeito mecânico em veículo";"Colisão traseira";"Sem Vítimas";"Pleno dia";"Crescente";"Ceu Claro";"Dupla";"Cruzamento";"Urbano";2;0;0;0;2;0;0;2
83463175;"05/05/16";"Quinta";"15:35:00";"PE";232;"319,2";"SERTANIA";"Outras";"Colisão lateral";"Sem Vítimas";"Pleno dia";"Crescente";"Ceu Claro";"Simples";"Curva";"Rural";2;0;0;0;2;0;0;2
83463176;"06/05/16";"Sexta";"06:50:00";"RS";392;"62";"PELOTAS";"Outras";"Queda de motocicleta / bicicleta / veículo";"Com Vítimas Feridas";"Amanhecer";"Decrescente";"Ceu Claro";"Simples";"Curva";"Rural";1;0;1;0;0;0;1;1
83463177;"01/05/16";"Domingo";"17:30:00";"MT";364;"496";"JANGADA";"Outras";"Queda de motocicleta / bicicleta / veículo";"Com Vítimas Feridas";"Plena noite";"Decrescente";"Ceu Claro";"Simples";"Reta";"Urbano";1;0;1;0;0;0;1;1
83463178;"05/05/16";"Quinta";"13:35:00";"MG";40;"738,9";"SANTOS DUMONT";"Outras";"Colisão com bicicleta";"Com Vítimas Feridas";"Pleno dia";"Crescente";"Sol";"Simples";"Reta";"Urbano";2;0;0;1;1;0;1;2
83463179;"22/03/16";"Terça";"14:30:00";"MA";135;"17,7";"SAO LUIS";"Defeito na via";"Tombamento";"Com Vítimas Feridas";"Pleno dia";"Decrescente";"Chuva";"Dupla";"Reta";"Urbano";1;0;1;0;0;0;1;1
83463180;"01/03/16";"Terça";"13:50:00";"MT";163;"597";"NOVA MUTUM";"Outras";"Colisão Transversal";"Sem Vítimas";"Pleno dia";"Crescente";"Nublado";"Dupla";"Reta";"Urbano";2;0;0;0;2;0;0;2
83463181;"06/05/16";"Sexta";"04:10:00";"RJ";101;"329";"RIO DE JANEIRO";"Falta de atenção";"Colisão com objeto fixo";"Com Vítimas Feridas";"Plena noite";"Decrescente";"Ceu Claro";"Dupla";"Reta";"Urbano";1;0;1;0;0;0;1;1
83463182;"05/05/16";"Quinta";"01:30:00";"GO";60;"126,8";"GOIANAPOLIS";"Outras";"Capotamento";"Com Vítimas Feridas";"Plena noite";"Decrescente";"Vento";"Dupla";"Reta";"Rural";1;0;1;0;0;0;1;1
83463183;"07/05/16";"Sábado";"09:00:00";"BA";324;"513";"FEIRA DE SANTANA";"Falta de atenção";"Queda de motocicleta / bicicleta / veículo";"Com Vítimas Feridas";"Pleno dia";"Decrescente";"Nublado";"Simples";"Reta";"Urbano";1;0;0;1;0;0;1;1
83463184;"09/05/16";"Segunda";"07:47:00";"PR";277;"635,6";"CEU AZUL";"Velocidade incompatível";"Saída de Pista";"Sem Vítimas";"Amanhecer";"Crescente";"Chuva";"Simples";"Reta";"Rural";1;0;0;0;1;0;0;1
83463185;"06/05/16";"Sexta";"23:35:00";"CE";222;"302,6";"TIANGUA";"Ultrapassagem indevida";"Colisão frontal";"Com Vítimas Fatais";"Plena noite";"Decrescente";"Ceu Claro";"Simples";"Curva";"Rural";2;1;0;0;1;0;0;2
83463186;"07/05/16";"Sábado";"06:40:00";"SP";116;"227";"GUARULHOS";"Velocidade incompatível";"Saída de Pista";"Com Vítimas Feridas";"Pleno dia";"Crescente";"Nublado";"Múltipla";"Curva";"Urbano";2;0;2;0;0;0;2;1
83463188;"09/05/16";"Segunda";"09:30:00";"PR";369;"521,5";"CASCAVEL";"Desobediência à sinalização";"Colisão lateral";"Sem Vítimas";"Pleno dia";"Decrescente";"Chuva";"Simples";"Reta";"Urbano";2;0;0;0;2;0;0;2
83463189;"09/05/16";"Segunda";"08:10:00";"RS";392;"61";"PELOTAS";"Outras";"Tombamento";"Com Vítimas Feridas";"Pleno dia";"Crescente";"Chuva";"Simples";"Curva";"Urbano";1;0;1;0;0;0;1;1
83463190;"19/01/16";"Terça";"14:10:00";"MT";163;"584";"NOVA MUTUM";"Não guardar distância de segurança";"Colisão traseira";"Com Vítimas Feridas";"Pleno dia";"Crescente";"Nublado";"Simples";"Reta";"Rural";3;0;0;1;2;0;1;3
83463194;"09/05/16";"Segunda";"06:30:00";"MG";40;"686,1";"RESSAQUINHA";"Velocidade incompatível";"Colisão com objeto fixo";"Sem Vítimas";"Pleno dia";"Crescente";"Nublado";"Simples";"Curva";"Rural";2;0;0;0;2;0;0;1
83463195;"05/05/16";"Quinta";"05:00:00";"MG";267;"204,1";"BOM JARDIM DE MINAS";"Outras";"Saída de Pista";"Sem Vítimas";"Amanhecer";"Crescente";"Ceu Claro";"Simples";"Reta";"Rural";1;0;0;0;1;0;0;1
83463196;"09/05/16";"Segunda";"07:40:00";"GO";153;"510";"APARECIDA DE GOIANIA";"Outras";"Colisão lateral";"Sem Vítimas";"Pleno dia";"Decrescente";"Sol";"Dupla";"Reta";"Urbano";2;0;0;0;2;0;0;2
83463197;"08/05/16";"Domingo";"05:10:00";"SP";116;"103,1";"TAUBATE";"Outras";"Colisão com objeto fixo";"Sem Vítimas";"Amanhecer";"Crescente";"Nublado";"Simples";"Reta";"Rural";1;0;0;0;1;0;0;1
83463199;"09/05/16";"Segunda";"07:40:00";"GO";153;"494,6";"GOIANIA";"Não guardar distância de segurança";"Colisão traseira";"Com Vítimas Feridas";"Amanhecer";"Crescente";"Ceu Claro";"Dupla";"Reta";"Urbano";6;0;1;0;5;0;1;5
83463200;"06/05/16";"Sexta";"03:55:00";"SP";116;"294";"ITAPECERICA DA SERRA";"Falta de atenção";"Colisão traseira";"Sem Vítimas";"Plena noite";"Crescente";"Nublado";"Dupla";"Reta";"Urbano";2;0;0;0;2;0;0;2
83463201;"09/05/16";"Segunda";"09:35:00";"PR";277;"710,5";"SANTA TEREZINHA DE ITAIPU";"Falta de atenção";"Colisão com bicicleta";"Sem Vítimas";"Pleno dia";"Crescente";"Nublado";"Dupla";"Reta";"Urbano";3;0;0;0;3;0;0;2
83463202;"07/05/16";"Sábado";"19:30:00";"RJ";101;"483";"ANGRA DOS REIS";"Outras";"Colisão lateral";"Sem Vítimas";"Plena noite";"Crescente";"Nublado";"Simples";"Curva";"Urbano";3;0;0;0;3;0;0;3
83463203;"09/05/16";"Segunda";"06:35:00";"RS";392;"7,8";"RIO GRANDE";"Falta de atenção";"Colisão Transversal";"Sem Vítimas";"Amanhecer";"Crescente";"Nublado";"Simples";"Cruzamento";"Urbano";3;0;0;0;3;0;0;3
83463204;"09/05/16";"Segunda";"05:40:00";"MG";40;"646,9";"CRISTIANO OTONI";"Velocidade incompatível";"Colisão frontal";"Com Vítimas Fatais";"Amanhecer";"Decrescente";"Ceu Claro";"Simples";"Reta";"Rural";36;3;3;0;30;0;3;2
83463205;"03/05/16";"Terça";"07:30:00";"BA";324;"5";"FEIRA DE SANTANA";"Defeito mecânico em veículo";"Colisão traseira";"Com Vítimas Feridas";"Pleno dia";"Crescente";"Nublado";"Dupla";"Reta";"Urbano";3;0;2;0;1;0;2;3
83463207;"09/05/16";"Segunda";"09:40:00";"SC";153;"35,6";"PONTE SERRADA";"Velocidade incompatível";"Capotamento";"Sem Vítimas";"Pleno dia";"Crescente";"Chuva";"Simples";"Curva";"Rural";1;0;0;0;1;0;0;1
83463208;"07/05/16";"Sábado";"02:30:00";"SC";101;"255";"PAULO LOPES";"Ingestão de álcool";"Saída de Pista";"Sem Vítimas";"Plena noite";"Crescente";"Chuva";"Dupla";"Reta";"Rural";1;0;0;0;1;0;0;1
83463209;"06/05/16";"Sexta";"12:40:00";"SC";282;"109,8";"ALFREDO WAGNER";"Velocidade incompatível";"Capotamento";"Sem Vítimas";"Pleno dia";"Decrescente";"Chuva";"Simples";"Curva";"Rural";1;0;0;0;1;0;0;1
83463210;"05/05/16";"Quinta";"18:00:00";"MG";262;"359";"BETIM";"Falta de atenção";"Colisão lateral";"Com Vítimas Feridas";"Plena noite";"Crescente";"Ceu Claro";"Dupla";"Reta";"Urbano";3;0;1;0;2;0;1;3
83463211;"09/05/16";"Segunda";"08:40:00";"MA";222;"283,6";"VITORIA DO MEARIM";"Falta de atenção";"Colisão lateral";"Sem Vítimas";"Pleno dia";"Crescente";"Ceu Claro";"Simples";"Reta";"Rural";2;0;0;0;1;1;0;2
83463214;"09/05/16";"Segunda";"12:10:00";"BA";101;"873,5";"TEIXEIRA DE FREITAS";"Falta de atenção";"Colisão traseira";"Com Vítimas Feridas";"Pleno dia";"Decrescente";"Sol";"Simples";"Reta";"Rural";3;0;0;1;2;0;1;2
83463216;"06/05/16";"Sexta";"00:00:00";"MG";262;"799,9";"UBERABA";"Velocidade incompatível";"Colisão com objeto fixo";"Com Vítimas Feridas";"Plena noite";"Crescente";"Ceu Claro";"Dupla";"Reta";"Urbano";1;0;1;0;0;0;1;1
83463217;"09/05/16";"Segunda";"10:30:00";"RS";386;"348,8";"ESTRELA";"Outras";"Colisão com objeto fixo";"Com Vítimas Feridas";"Pleno dia";"Crescente";"Ceu Claro";"Dupla";"Reta";"Urbano";1;0;1;0;0;0;1;1
83463218;"14/03/16";"Segunda";"07:00:00";"MT";364;"53,7";"ALTO GARCAS";"Falta de atenção";"Atropelamento de pessoa";"Com Vítimas Feridas";"Amanhecer";"Decrescente";"Chuva";"Simples";"Reta";"Rural";2;0;0;1;1;0;1;1
83463220;"12/04/16";"Terça";"12:25:00";"MT";158;"649";"NOVA XAVANTINA";"Outras";"Colisão com objeto móvel";"Com Vítimas Feridas";"Pleno dia";"Crescente";"Sol";"Simples";"Reta";"Rural";1;0;1;0;0;0;1;1
83463222;"05/05/16";"Quinta";"07:15:00";"GO";153;"498";"GOIANIA";"Falta de atenção";"Colisão traseira";"Com Vítimas Feridas";"Amanhecer";"Crescente";"Ceu Claro";"Dupla";"Reta";"Urbano";3;0;0;1;1;1;1;2
83463225;"09/05/16";"Segunda";"06:45:00";"MT";163;"97,2";"RONDONOPOLIS";"Falta de atenção";"Tombamento";"Com Vítimas Feridas";"Pleno dia";"Decrescente";"Ceu Claro";"Dupla";"Reta";"Rural";1;0;1;0;0;0;1;1
83463226;"09/05/16";"Segunda";"08:20:00";"CE";20;"335,2";"CARIDADE";"Falta de atenção";"Colisão lateral";"Com Vítimas Feridas";"Pleno dia";"Decrescente";"Ceu Claro";"Simples";"Cruzamento";"Rural";2;0;1;0;1;0;1;2
83463231;"09/05/16";"Segunda";"09:10:00";"PR";376;"14";"MARINGA";"Outras";"Colisão lateral";"Com Vítimas Feridas";"Pleno dia";"Crescente";"Chuva";"Dupla";"Curva";"Urbano";2;0;1;0;1;0;1;2
83463232;"07/05/16";"Sábado";"16:30:00";"MT";163;"1119";"GUARANTA DO NORTE";"Ingestão de álcool";"Tombamento";"Sem Vítimas";"Pleno dia";"Crescente";"Ceu Claro";"Simples";"Curva";"Rural";1;0;0;0;1;0;0;1
83463233;"09/05/16";"Segunda";"11:45:00";"RS";116;"383,3";"CAMAQUA";"Ultrapassagem indevida";"Saída de Pista";"Sem Vítimas";"Pleno dia";"Decrescente";"Nublado";"Simples";"Reta";"Rural";1;0;0;0;1;0;0;1
83463234;"09/05/16";"Segunda";"10:00:00";"MT";174;"233";"FIGUEIROPOLIS DOESTE";"Falta de atenção";"Colisão lateral";"Sem Vítimas";"Pleno dia";"Crescente";"Ceu Claro";"Simples";"Reta";"Rural";3;0;0;0;2;1;0;3
83463235;"09/05/16";"Segunda";"12:17:00";"RS";153;"10,2";"SEVERIANO DE ALMEIDA";"Velocidade incompatível";"Tombamento";"Sem Vítimas";"Pleno dia";"Decrescente";"Nublado";"Simples";"Curva";"Rural";1;0;0;0;1;0;0;1
83463237;"09/05/16";"Segunda";"12:45:00";"AL";101;"136";"SAO MIGUEL DOS CAMPOS";"Falta de atenção";"Colisão Transversal";"Com Vítimas Feridas";"Pleno dia";"Crescente";"Chuva";"Simples";"Cruzamento";"Urbano";8;0;0;1;7;0;1;2
83463238;"08/05/16";"Domingo";"22:00:00";"PR";116;"195,2";"CAMPO DO TENENTE";"Velocidade incompatível";"Saída de Pista";"Com Vítimas Feridas";"Plena noite";"Decrescente";"Chuva";"Simples";"Curva";"Rural";2;0;0;2;0;0;2;1
83463239;"06/05/16";"Sexta";"18:00:00";"SP";116;"223";"GUARULHOS";"Outras";"Colisão frontal";"Com Vítimas Feridas";"Anoitecer";"Decrescente";"Nublado";"Múltipla";"Reta";"Urbano";5;0;1;0;4;0;1;5