"id";"data_inversa";"dia_semana";"horario";"uf";"br";"km";"municipio";"causa_acidente";"tipo_acidente";"classificacao_acidente";"fase_dia";"sentido_via";"condicao_metereologica";"tipo_pista";"tracado_via";"uso_solo";"pessoas";"mortos";"feridos_leves";"feridos_graves";"ilesos";"ignorados";"feridos";"veiculos"
83463240;"09/05/16";"Segunda";"13:12:00";"MG";381;"480";"CONTAGEM";"Desobediência à sinalização";"Colisão lateral";"Com Vítimas Feridas";"Pleno dia";"Decrescente";"Sol";"Dupla";"Curva";"Urbano";2;0;1;0;1;0;1;2
83463241;"09/05/16";"Segunda";"13:30:00";"BA";101;"850";"TEIXEIRA DE FREITAS";"Defeito mecânico em veículo";"Saída de Pista";"Sem Vítimas";"Pleno dia";"Crescente";"Sol";"Simples";"Reta";"Rural";4;0;0;0;4;0;0;1
83463242;"06/05/16";"Sexta";"05:00:00";"PR";116;"46";"CAMPINA GRANDE DO SUL";"Velocidade incompatível";"Saída de Pista";"Sem Vítimas";"Plena noite";"Decrescente";"Chuva";"Dupla";"Curva";"Rural";1;0;0;0;1;0;0;1
83463243;"08/05/16";"Domingo";"20:30:00";"BA";116;"24";"VITORIA DA CONQUISTA";"Ingestão de álcool";"Colisão frontal";"Com Vítimas Feridas";"Plena noite";"Crescente";"Ceu Claro";"Simples";"Reta";"Rural";3;0;1;0;2;0;1;2
83463244;"12/04/16";"Terça";"06:15:00";"TO";226;"1";"AGUIARNOPOLIS";"Outras";"Colisão frontal";"Com Vítimas Feridas";"Amanhecer";"Crescente";"Ignorada";"Simples";"Reta";"Urbano";2;0;0;1;0;1;1;2
83463245;"02/05/16";"Segunda";"22:15:00";"RO";364;"199,8";"PIMENTA BUENO";"Ingestão de álcool";"Queda de motocicleta / bicicleta / veículo";"Com Vítimas Feridas";"Plena noite";"Crescente";"Ceu Claro";"Simples";"Cruzamento";"Urbano";1;0;1;0;0;0;1;1
83463246;"06/05/16";"Sexta";"06:15:00";"PR";376;"616,3";"SAO JOSE DOS PINHAIS";"Desobediência à sinalização";"Atropelamento de pessoa";"Com Vítimas Fatais";"Amanhecer";"Crescente";"Ceu Claro";"Dupla";"Curva";"Urbano";2;1;0;0;1;0;0;1
83463247;"06/05/16";"Sexta";"16:30:00";"MT";364;"479";"JANGADA";"Outras";"Colisão com objeto fixo";"Sem Vítimas";"Plena noite";"Crescente";"Ceu Claro";"Dupla";"Reta";"Rural";1;0;0;0;1;0;0;1
83463248;"05/05/16";"Quinta";"13:20:00";"DF";20;"5";"BRASILIA";"Falta de atenção";"Colisão lateral";"Sem Vítimas";"Pleno dia";"Decrescente";"Sol";"Dupla";"Reta";"Urbano";2;0;0;0;1;1;0;2
83463250;"03/04/16";"Domingo";"13:00:00";"DF";20;"18";"BRASILIA";"Outras";"Colisão traseira";"Com Vítimas Feridas";"Pleno dia";"Crescente";"Ceu Claro";"Dupla";"Reta";"Urbano";4;0;3;0;1;0;3;2
83463251;"06/05/16";"Sexta";"06:45:00";"MG";262;"496,9";"MOEMA";"Defeito mecânico em veículo";"Colisão lateral";"Sem Vítimas";"Pleno dia";"Crescente";"Sol";"Simples";"Reta";"Rural";2;0;0;0;2;0;0;2
83463252;"03/04/16";"Domingo";"13:00:00";"DF";20;"18";"BRASILIA";"Outras";"Colisão traseira";"Com Vítimas Feridas";"Pleno dia";"Crescente";"Ceu Claro";"Dupla";"Reta";"Urbano";4;0;3;0;1;0;3;2
83463253;"09/05/16";"Segunda";"09:40:00";"RO";364;"9";"VILHENA";"Outras";"Colisão traseira";"Sem Vítimas";"Pleno dia";"Decrescente";"Ceu Claro";"Dupla";"Reta";"Urbano";2;0;0;0;2;0;0;2
83463254;"09/05/16";"Segunda";"08:20:00";"ES";101;"147,1";"LINHARES";"Falta de atenção";"Colisão Transversal";"Sem Vítimas";"Pleno dia";"Decrescente";"Ceu Claro";"Simples";"Cruzamento";"Urbano";2;0;0;0;2;0;0;2
83463255;"07/05/16";"Sábado";"00:00:00";"RS";285;"153";"MUITOS CAPOES";"Outras";"Saída de Pista";"Com Vítimas Feridas";"Plena noite";"Crescente";"Ceu Claro";"Simples";"Curva";"Rural";2;0;2;0;0;0;2;1
83463256;"09/05/16";"Segunda";"15:15:00";"MG";381;"521,3";"BRUMADINHO";"Outras";"Queda de motocicleta / bicicleta / veículo";"Com Vítimas Feridas";"Pleno dia";"Crescente";"Nublado";"Dupla";"Curva";"Rural";2;0;2;0;0;0;2;1
83463257;"09/05/16";"Segunda";"12:10:00";"PR";376;"153";"MANDAGUACU";"Falta de atenção";"Colisão Transversal";"Com Vítimas Feridas";"Pleno dia";"Crescente";"Chuva";"Simples";"Cruzamento";"Urbano";3;0;1;1;1;0;2;2
83463258;"09/05/16";"Segunda";"13:10:00";"PR";376;"334,1";"ORTIGUEIRA";"Outras";"Capotamento";"Com Vítimas Feridas";"Pleno dia";"Decrescente";"Chuva";"Simples";"Curva";"Rural";4;0;1;1;2;0;2;2
83463259;"08/05/16";"Domingo";"21:00:00";"CE";116;"21";"ITAITINGA";"Animais na Pista";"Atropelamento de animal";"Com Vítimas Feridas";"Plena noite";"Crescente";"Nublado";"Dupla";"Reta";"Urbano";1;0;1;0;0;0;1;1
83463260;"06/05/16";"Sexta";"06:30:00";"SP";381;"76";"SAO PAULO";"Falta de atenção";"Queda de motocicleta / bicicleta / veículo";"Com Vítimas Feridas";"Amanhecer";"Crescente";"Ceu Claro";"Dupla";"Curva";"Rural";1;0;1;0;0;0;1;1
83463261;"07/05/16";"Sábado";"17:10:00";"SC";282;"376";"HERVAL DOESTE";"Falta de atenção";"Colisão traseira";"Com Vítimas Feridas";"Pleno dia";"Decrescente";"Ceu Claro";"Simples";"Reta";"Rural";4;0;2;0;2;0;2;3
83463262;"07/05/16";"Sábado";"03:17:00";"MS";163;"295,7";"RIO BRILHANTE";"Dormindo";"Saída de Pista";"Com Vítimas Feridas";"Plena noite";"Crescente";"Chuva";"Simples";"Reta";"Rural";1;0;1;0;0;0;1;1
83463263;"27/04/16";"Quarta";"21:20:00";"SC";101;"63";"ARAQUARI";"Outras";"Capotamento";"Sem Vítimas";"Plena noite";"Crescente";"Ceu Claro";"Dupla";"Reta";"Urbano";1;0;0;0;1;0;0;1
83463264;"07/05/16";"Sábado";"08:30:00";"MG";153;"50,2";"MONTE ALEGRE DE MINAS";"Falta de atenção";"Capotamento";"Sem Vítimas";"Pleno dia";"Crescente";"Sol";"Dupla";"Curva";"Rural";1;0;0;0;1;0;0;1
83463265;"09/05/16";"Segunda";"13:30:00";"RS";290;"91";"PORTO ALEGRE";"Não guardar distância de segurança";"Colisão traseira";"Com Vítimas Feridas";"Pleno dia";"Decrescente";"Ceu Claro";"Múltipla";"Reta";"Urbano";2;0;1;0;1;0;1;2
83463266;"09/05/16";"Segunda";"09:10:00";"ES";101;"207,9";"JOAO NEIVA";"Outras";"Colisão Transversal";"Com Vítimas Feridas";"Pleno dia";"Crescente";"Ceu Claro";"Simples";"Reta";"Rural";2;0;1;0;0;1;1;2
83463268;"12/03/16";"Sábado";"14:00:00";"RO";364;"605";"ITAPUÃ DO OESTE";"Dormindo";"Queda de motocicleta / bicicleta / veículo";"Com Vítimas Feridas";"Pleno dia";"Decrescente";"Ignorada";"Simples";"Reta";"Rural";1;0;1;0;0;0;1;1
83463269;"09/05/16";"Segunda";"15:20:00";"MG";381;"528,3";"BRUMADINHO";"Outras";"Capotamento";"Com Vítimas Feridas";"Pleno dia";"Crescente";"Sol";"Dupla";"Curva";"Rural";2;0;1;0;1;0;1;1
83463271;"09/05/16";"Segunda";"12:05:00";"ES";101;"49";"CONCEICAO DA BARRA";"Falta de atenção";"Colisão traseira";"Com Vítimas Feridas";"Pleno dia";"Crescente";"Ceu Claro";"Simples";"Reta";"Rural";2;0;0;1;1;0;1;2
83463272;"09/05/16";"Segunda";"11:30:00";"RS";386;"47,8";"SEBERI";"Velocidade incompatível";"Saída de Pista";"Sem Vítimas";"Pleno dia";"Crescente";"Nublado";"Simples";"Curva";"Rural";1;0;0;0;1;0;0;1
83463273;"09/05/16";"Segunda";"15:40:00";"PR";376;"175,5";"MARINGA";"Ingestão de álcool";"Colisão Transversal";"Com Vítimas Feridas";"Pleno dia";"Crescente";"Chuva";"Dupla";"Reta";"Urbano";5;0;1;0;4;0;1;2
83463274;"09/05/16";"Segunda";"07:20:00";"SC";163;"103";"SAO JOSE DO CEDRO";"Desobediência à sinalização";"Colisão Transversal";"Com Vítimas Feridas";"Pleno dia";"Decrescente";"Ceu Claro";"Dupla";"Reta";"Rural";2;0;1;0;1;0;1;2
83463275;"07/05/16";"Sábado";"16:00:00";"ES";101;"68,3";"SAO MATEUS";"Desobediência à sinalização";"Colisão lateral";"Com Vítimas Feridas";"Pleno dia";"Decrescente";"Ceu Claro";"Múltipla";"Cruzamento";"Urbano";4;0;2;0;2;0;2;2
83463276;"05/05/16";"Quinta";"06:00:00";"ES";393;"0,3";"CACHOEIRO DE ITAPEMIRIM";"Falta de atenção";"Colisão lateral";"Com Vítimas Feridas";"Amanhecer";"Crescente";"Ceu Claro";"Simples";"Reta";"Urbano";2;0;1;0;0;1;1;2
83463277;"09/05/16";"Segunda";"14:50:00";"PE";232;"408,9";"SERRA TALHADA";"Velocidade incompatível";"Colisão com objeto fixo";"Com Vítimas Feridas";"Pleno dia";"Decrescente";"Nublado";"Simples";"Reta";"Urbano";1;0;0;1;0;0;1;1
83463278;"09/05/16";"Segunda";"16:05:00";"PR";369;"138,7";"IBIPORA";"Desobediência à sinalização";"Colisão Transversal";"Com Vítimas Feridas";"Pleno dia";"Crescente";"Chuva";"Simples";"Cruzamento";"Urbano";2;0;1;0;1;0;1;2
83463279;"09/05/16";"Segunda";"13:40:00";"PB";101;"94,1";"CONDE";"Velocidade incompatível";"Saída de Pista";"Sem Vítimas";"Pleno dia";"Decrescente";"Chuva";"Dupla";"Reta";"Rural";2;0;0;0;2;0;0;1
83463280;"05/05/16";"Quinta";"07:50:00";"GO";20;"163";"ALVORADA DO NORTE";"Dormindo";"Saída de Pista";"Com Vítimas Feridas";"Pleno dia";"Crescente";"Ceu Claro";"Simples";"Reta";"Rural";2;0;1;1;0;0;2;1
83463281;"09/05/16";"Segunda";"16:00:00";"RS";472;"123,3";"TRES DE MAIO";"Desobediência à sinalização";"Colisão lateral";"Com Vítimas Feridas";"Pleno dia";"Crescente";"Ceu Claro";"Simples";"Reta";"Rural";2;0;1;0;1;0;1;2
83463282;"09/05/16";"Segunda";"15:20:00";"PE";104;"53,4";"CARUARU";"Velocidade incompatível";"Colisão traseira";"Com Vítimas Feridas";"Pleno dia";"Decrescente";"Chuva";"Dupla";"Reta";"Urbano";3;0;2;0;1;0;2;3
83463283;"09/05/16";"Segunda";"13:30:00";"PE";232;"54";"VITORIA DE SANTO ANTAO";"Outras";"Capotamento";"Sem Vítimas";"Pleno dia";"Decrescente";"Chuva";"Dupla";"Reta";"Rural";1;0;0;0;1;0;0;1
83463284;"09/05/16";"Segunda";"13:10:00";"MS";163;"552,2";"BANDEIRANTES";"Outras";"Colisão lateral";"Com Vítimas Feridas";"Pleno dia";"Crescente";"Chuva";"Simples";"Curva";"Rural";4;0;2;0;2;0;2;2
83463285;"09/05/16";"Segunda";"08:35:00";"MT";364;"345,3";"SANTO ANTONIO DO LEVERGER";"Velocidade incompatível";"Saída de Pista";"Com Vítimas Feridas";"Pleno dia";"Crescente";"Chuva";"Dupla";"Curva";"Rural";1;0;1;0;0;0;1;1
83463286;"09/05/16";"Segunda";"09:20:00";"PE";232;"130";"CARUARU";"Não guardar distância de segurança";"Colisão traseira";"Sem Vítimas";"Pleno dia";"Crescente";"Chuva";"Dupla";"Reta";"Urbano";2;0;0;0;2;0;0;2
83463287;"06/05/16";"Sexta";"05:30:00";"MG";267;"148,7";"LIMA DUARTE";"Não guardar distância de segurança";"Colisão traseira";"Com Vítimas Feridas";"Amanhecer";"Crescente";"Nublado";"Simples";"Reta";"Rural";2;0;0;1;1;0;1;2
83463288;"09/05/16";"Segunda";"15:50:00";"RS";116;"160";"CAXIAS DO SUL";"Não guardar distância de segurança";"Colisão traseira";"Sem Vítimas";"Pleno dia";"Decrescente";"Nublado";"Simples";"Reta";"Urbano";2;0;0;0;2;0;0;2
83463289;"05/05/16";"Quinta";"18:20:00";"RS";293;"32";"CAPAO DO LEAO";"Outras";"Colisão traseira";"Sem Vítimas";"Anoitecer";"Decrescente";"Ceu Claro";"Simples";"Reta";"Rural";3;0;0;0;3;0;0;3
83463290;"28/04/16";"Quinta";"07:00:00";"PE";232;"410,4";"SERRA TALHADA";"Ultrapassagem indevida";"Colisão frontal";"Com Vítimas Feridas";"Pleno dia";"Crescente";"Ceu Claro";"Simples";"Curva";"Urbano";4;0;2;2;0;0;4;2
83463292;"09/05/16";"Segunda";"12:15:00";"MG";381;"452,9";"SABARA";"Não guardar distância de segurança";"Colisão traseira";"Sem Vítimas";"Pleno dia";"Crescente";"Sol";"Simples";"Reta";"Urbano";2;0;0;0;2;0;0;2
83463293;"09/05/16";"Segunda";"14:20:00";"SP";381;"73,5";"SAO PAULO";"Velocidade incompatível";"Colisão com objeto fixo";"Sem Vítimas";"Pleno dia";"Decrescente";"Chuva";"Dupla";"Curva";"Rural";1;0;0;0;1;0;0;1
83463294;"05/05/16";"Quinta";"20:30:00";"MG";267;"123,2";"JUIZ DE FORA";"Ingestão de álcool";"Colisão frontal";"Com Vítimas Feridas";"Plena noite";"Decrescente";"Ignorada";"Simples";"Reta";"Urbano";2;0;0;1;1;0;1;2
83463295;"09/05/16";"Segunda";"12:00:00";"MG";262;"360";"BETIM";"Outras";"Incêndio";"Sem Vítimas";"Pleno dia";"Decrescente";"Ceu Claro";"Dupla";"Reta";"Urbano";1;0;0;0;1;0;0;1
83463296;"09/05/16";"Segunda";"00:40:00";"MG";40;"467";"SETE LAGOAS";"Outras";"Colisão traseira";"Com Vítimas Feridas";"Plena noite";"Crescente";"Ceu Claro";"Dupla";"Reta";"Rural";4;0;3;0;1;0;3;2
83463297;"08/05/16";"Domingo";"00:45:00";"GO";80;"23";"PADRE BERNARDO";"Ingestão de álcool";"Saída de Pista";"Com Vítimas Fatais";"Plena noite";"Crescente";"Ceu Claro";"Simples";"Reta";"Rural";1;1;0;0;0;0;0;1
83463298;"09/05/16";"Segunda";"16:00:00";"SC";101;"110,6";"NAVEGANTES";"Não guardar distância de segurança";"Colisão traseira";"Com Vítimas Feridas";"Pleno dia";"Decrescente";"Nublado";"Dupla";"Reta";"Urbano";3;0;1;0;2;0;1;2
83463299;"06/05/16";"Sexta";"01:00:00";"SC";101;"232,7";"PALHOCA";"Falta de atenção";"Tombamento";"Sem Vítimas";"Plena noite";"Crescente";"Nublado";"Dupla";"Reta";"Rural";1;0;0;0;1;0;0;1
83463300;"09/05/16";"Segunda";"13:15:00";"MS";163;"794,5";"PEDRO GOMES";"Velocidade incompatível";"Saída de Pista";"Com Vítimas Feridas";"Pleno dia";"Crescente";"Chuva";"Simples";"Curva";"Rural";1;0;0;1;0;0;1;1
83463301;"09/05/16";"Segunda";"04:00:00";"RS";470;"232";"CARLOS BARBOSA";"Outras";"Saída de Pista";"Com Vítimas Fatais";"Plena noite";"Crescente";"Ignorada";"Múltipla";"Curva";"Urbano";1;1;0;0;0;0;0;1
83463302;"09/05/16";"Segunda";"07:00:00";"RO";364;"578";"ITAPUÃ DO OESTE";"Desobediência à sinalização";"Colisão traseira";"Sem Vítimas";"Pleno dia";"Crescente";"Ceu Claro";"Simples";"Curva";"Rural";2;0;0;0;2;0;0;2
83463303;"09/05/16";"Segunda";"16:45:00";"MS";267;"134,2";"NOVA ANDRADINA";"Outras";"Saída de Pista";"Sem Vítimas";"Pleno dia";"Decrescente";"Chuva";"Simples";"Reta";"Rural";1;0;0;0;1;0;0;1
83463306;"09/05/16";"Segunda";"15:20:00";"ES";101;"267";"SERRA";"Falta de atenção";"Colisão lateral";"Com Vítimas Feridas";"Pleno dia";"Crescente";"Ceu Claro";"Múltipla";"Cruzamento";"Urbano";2;0;0;1;1;0;1;2
83463307;"09/05/16";"Segunda";"15:00:00";"RJ";40;"121";"DUQUE DE CAXIAS";"Velocidade incompatível";"Colisão frontal";"Com Vítimas Feridas";"Pleno dia";"Decrescente";"Ceu Claro";"Simples";"Curva";"Urbano";3;0;1;0;1;1;1;3
83463308;"09/05/16";"Segunda";"13:10:00";"RS";101;"23,7";"TRES CACHOEIRAS";"Falta de atenção";"Colisão Transversal";"Com Vítimas Feridas";"Pleno dia";"Crescente";"Nublado";"Dupla";"Cruzamento";"Urbano";2;0;0;1;1;0;1;2
83463309;"09/05/16";"Segunda";"07:10:00";"AL";101;"45";"FLEXEIRAS";"Outras";"Capotamento";"Ignorado";"Amanhecer";"Crescente";"Nublado";"Dupla";"Curva";"Rural";1;0;0;0;0;1;0;1
83463310;"09/05/16";"Segunda";"18:20:00";"RS";116;"247";"SAO LEOPOLDO";"Falta de atenção";"Colisão lateral";"Com Vítimas Feridas";"Plena noite";"Crescente";"Ceu Claro";"Dupla";"Reta";"Urbano";2;0;1;0;1;0;1;2
83463311;"09/05/16";"Segunda";"15:25:00";"PE";428;"188,8";"PETROLINA";"Falta de atenção";"Colisão lateral";"Sem Vítimas";"Pleno dia";"Decrescente";"Ceu Claro";"Simples";"Reta";"Urbano";2;0;0;0;2;0;0;2
83463312;"09/05/16";"Segunda";"09:00:00";"BA";324;"442,7";"RIACHAO DO JACUIPE";"Outras";"Queda de motocicleta / bicicleta / veículo";"Com Vítimas Feridas";"Pleno dia";"Crescente";"Ceu Claro";"Simples";"Reta";"Rural";2;0;1;0;0;1;1;2
83463313;"06/05/16";"Sexta";"10:30:00";"SP";381;"22";"BRAGANCA PAULISTA";"Dormindo";"Colisão com objeto fixo";"Sem Vítimas";"Pleno dia";"Decrescente";"Sol";"Dupla";"Reta";"Urbano";1;0;0;0;1;0;0;1
83463314;"09/05/16";"Segunda";"12:05:00";"SP";116;"51,3";"LORENA";"Animais na Pista";"Colisão traseira";"Com Vítimas Feridas";"Pleno dia";"Decrescente";"Ceu Claro";"Dupla";"Reta";"Rural";3;0;1;0;2;0;1;2
83463315;"08/05/16";"Domingo";"03:00:00";"PR";476;"126,5";"CURITIBA";"Falta de atenção";"Queda de motocicleta / bicicleta / veículo";"Ignorado";"Plena noite";"Crescente";"Nublado";"Dupla";"Curva";"Urbano";1;0;0;0;0;1;0;1
83463316;"09/05/16";"Segunda";"11:15:00";"MG";381;"807,7";"CAREACU";"Defeito mecânico em veículo";"Colisão traseira";"Com Vítimas Feridas";"Pleno dia";"Crescente";"Ceu Claro";"Dupla";"Reta";"Rural";5;0;2;2;1;0;4;2
83463317;"09/05/16";"Segunda";"07:40:00";"RN";101;"144";"ARES";"Defeito na via";"Saída de Pista";"Com Vítimas Feridas";"Pleno dia";"Crescente";"Chuva";"Dupla";"Reta";"Rural";2;0;0;1;1;0;1;1
83463319;"09/05/16";"Segunda";"17:00:00";"MG";381;"295";"ANTONIO DIAS";"Desobediência à sinalização";"Colisão traseira";"Com Vítimas Feridas";"Pleno dia";"Crescente";"Ceu Claro";"Simples";"Curva";"Rural";2;0;1;0;1;0;1;2
83463320;"09/05/16";"Segunda";"17:50:00";"PE";232;"12";"JABOATAO DOS GUARARAPES";"Outras";"Capotamento";"Com Vítimas Feridas";"Anoitecer";"Decrescente";"Chuva";"Dupla";"Reta";"Urbano";3;0;3;0;0;0;3;1
83463321;"09/05/16";"Segunda";"12:42:00";"RN";101;"96,4";"NATAL";"Velocidade incompatível";"Colisão traseira";"Sem Vítimas";"Pleno dia";"Crescente";"Nublado";"Múltipla";"Curva";"Urbano";2;0;0;0;2;0;0;2
83463322;"09/05/16";"Segunda";"16:10:00";"PR";277;"622";"MATELANDIA";"Falta de atenção";"Colisão traseira";"Sem Vítimas";"Pleno dia";"Crescente";"Chuva";"Dupla";"Reta";"Rural";2;0;0;0;2;0;0;2
83463323;"29/04/16";"Sexta";"04:22:00";"SP";116;"133,5";"CACAPAVA";"Falta de atenção";"Colisão lateral";"Sem Vítimas";"Plena noite";"Crescente";"Ceu Claro";"Dupla";"Reta";"Urbano";2;0;0;0;2;0;0;2
83463324;"05/05/16";"Quinta";"22:30:00";"ES";101;"2";"PEDRO CANARIO";"Falta de atenção";"Colisão com objeto fixo";"Sem Vítimas";"Plena noite";"Crescente";"Ceu Claro";"Múltipla";"Reta";"Rural";1;0;0;0;1;0;0;1
83463325;"06/05/16";"Sexta";"06:30:00";"PR";476;"138";"CURITIBA";"Desobediência à sinalização";"Colisão Transversal";"Com Vítimas Feridas";"Amanhecer";"Crescente";"Ceu Claro";"Múltipla";"Cruzamento";"Urbano";2;0;0;1;1;0;1;2
83463326;"09/05/16";"Segunda";"13:30:00";"CE";222;"196";"FORQUILHA";"Outras";"Capotamento";"Sem Vítimas";"Pleno dia";"Crescente";"Chuva";"Simples";"Curva";"Rural";1;0;0;0;1;0;0;1
83463327;"09/05/16";"Segunda";"13:45:00";"RS";386;"279,4";"SAO JOSE DO HERVAL";"Ingestão de álcool";"Colisão Transversal";"Sem Vítimas";"Pleno dia";"Decrescente";"Ceu Claro";"Simples";"Curva";"Urbano";2;0;0;0;2;0;0;2
83463328;"09/05/16";"Segunda";"11:27:00";"CE";222;"226";"SOBRAL";"Falta de atenção";"Saída de Pista";"Com Vítimas Feridas";"Pleno dia";"Decrescente";"Ceu Claro";"Simples";"Curva";"Urbano";3;0;0;2;1;0;2;1
83463329;"09/05/16";"Segunda";"13:10:00";"RS";116;"148,9";"CAXIAS DO SUL";"Desobediência à sinalização";"Colisão lateral";"Com Vítimas Feridas";"Pleno dia";"Crescente";"Nublado";"Dupla";"Cruzamento";"Urbano";2;0;1;0;1;0;1;2
83463330;"09/05/16";"Segunda";"18:30:00";"RS";290;"88";"PORTO ALEGRE";"Defeito mecânico em veículo";"Queda de motocicleta / bicicleta / veículo";"Com Vítimas Feridas";"Plena noite";"Decrescente";"Ceu Claro";"Dupla";"Reta";"Rural";2;0;2;0;0;0;2;1
83463331;"09/05/16";"Segunda";"08:10:00";"PR";476;"123,2";"CURITIBA";"Falta de atenção";"Colisão traseira";"Com Vítimas Feridas";"Pleno dia";"Crescente";"Ceu Claro";"Dupla";"Reta";"Urbano";7;0;1;0;6;0;1;6
83463332;"05/05/16";"Quinta";"20:30:00";"PE";407;"124";"PETROLINA";"Falta de atenção";"Colisão lateral";"Com Vítimas Feridas";"Plena noite";"Decrescente";"Ceu Claro";"Simples";"Cruzamento";"Urbano";2;0;1;0;1;0;1;2
83463333;"06/05/16";"Sexta";"06:45:00";"SC";101;"132";"BALNEARIO CAMBORIU";"Falta de atenção";"Colisão lateral";"Com Vítimas Feridas";"Pleno dia";"Crescente";"Sol";"Dupla";"Reta";"Urbano";3;0;2;0;1;0;2;2
83463334;"09/05/16";"Segunda";"16:40:00";"ES";101;"311";"VILA VELHA";"Defeito mecânico em veículo";"Saída de Pista";"Com Vítimas Feridas";"Pleno dia";"Decrescente";"Nublado";"Simples";"Reta";"Rural";3;0;1;2;0;0;3;1
83463335;"09/05/16";"Segunda";"18:00:00";"MT";364;"435";"VARZEA GRANDE";"Outras";"Colisão Transversal";"Sem Vítimas";"Anoitecer";"Crescente";"Ceu Claro";"Múltipla";"Reta";"Urbano";2;0;0;0;1;1;0;2
83463336;"02/05/16";"Segunda";"02:30:00";"MG";50;"11,2";"ARAGUARI";"Dormindo";"Saída de Pista";"Sem Vítimas";"Plena noite";"Decrescente";"Chuva";"Dupla";"Reta";"Rural";1;0;0;0;1;0;0;1
83463337;"09/05/16";"Segunda";"14:05:00";"MG";381;"493,9";"BETIM";"Outras";"Danos Eventuais";"Com Vítimas Feridas";"Pleno dia";"Decrescente";"Ceu Claro";"Dupla";"Reta";"Rural";3;0;0;1;2;0;1;2
83463338;"09/05/16";"Segunda";"16:35:00";"RN";304;"47";"MOSSORO";"Defeito mecânico em veículo";"Capotamento";"Sem Vítimas";"Pleno dia";"Decrescente";"Chuva";"Simples";"Curva";"Urbano";1;0;0;0;1;0;0;1
83463339;"09/05/16";"Segunda";"18:00:00";"RS";116;"248";"SAO LEOPOLDO";"Desobediência à sinalização";"Atropelamento de pessoa";"Com Vítimas Feridas";"Plena noite";"Crescente";"Nublado";"Múltipla";"Reta";"Urbano";3;0;3;0;0;0;3;1
83463340;"09/05/16";"Segunda";"09:00:00";"RS";116;"222,5";"DOIS IRMAOS";"Ultrapassagem indevida";"Colisão lateral";"Sem Vítimas";"Pleno dia";"Crescente";"Ceu Claro";"Simples";"Reta";"Urbano";2;0;0;0;2;0;0;2
83463341;"09/05/16";"Segunda";"16:30:00";"RN";405;"1,1";"MOSSORO";"Falta de atenção";"Colisão Transversal";"Com Vítimas Feridas";"Pleno dia";"Decrescente";"Chuva";"Dupla";"Reta";"Urbano";2;0;1;1;0;0;2;2
83463342;"07/05/16";"Sábado";"20:30:00";"MG";262;"436,9";"NOVA SERRANA";"Ingestão de álcool";"Colisão com objeto fixo";"Sem Vítimas";"Plena noite";"Decrescente";"Ceu Claro";"Dupla";"Reta";"Rural";1;0;0;0;1;0;0;1
83463343;"09/05/16";"Segunda";"18:20:00";"CE";116;"503";"BREJO SANTO";"Falta de atenção";"Colisão Transversal";"Com Vítimas Feridas";"Anoitecer";"Decrescente";"Ceu Claro";"Simples";"Reta";"Urbano";2;0;1;0;1;0;1;2
83463344;"09/05/16";"Segunda";"17:55:00";"GO";153;"355";"JARAGUA";"Falta de atenção";"Colisão traseira";"Sem Vítimas";"Pleno dia";"Crescente";"Ceu Claro";"Simples";"Reta";"Rural";2;0;0;0;1;1;0;2
83463345;"09/05/16";"Segunda";"19:50:00";"SC";470;"43";"GASPAR";"Velocidade incompatível";"Capotamento";"Com Vítimas Feridas";"Plena noite";"Decrescente";"Nublado";"Simples";"Reta";"Rural";2;0;1;0;1;0;1;1
83463347;"09/05/16";"Segunda";"18:20:00";"PR";369;"487";"CORBELIA";"Outras";"Queda de motocicleta / bicicleta / veículo";"Com Vítimas Feridas";"Anoitecer";"Crescente";"Chuva";"Simples";"Curva";"Rural";1;0;1;0;0;0;1;1
83463349;"09/05/16";"Segunda";"17:00:00";"PR";158;"527,3";"PATO BRANCO";"Velocidade incompatível";"Saída de Pista";"Sem Vítimas";"Pleno dia";"Decrescente";"Chuva";"Simples";"Curva";"Urbano";1;0;0;0;1;0;0;1
83463350;"09/05/16";"Segunda";"18:00:00";"SC";470;"72,1";"INDAIAL";"Outras";"Atropelamento de pessoa";"Com Vítimas Fatais";"Plena noite";"Crescente";"Nublado";"Simples";"Reta";"Urbano";3;1;1;0;0;1;1;2
83463351;"09/05/16";"Segunda";"18:15:00";"SC";282;"1";"FLORIANOPOLIS";"Falta de atenção";"Colisão traseira";"Com Vítimas Feridas";"Anoitecer";"Crescente";"Ceu Claro";"Dupla";"Reta";"Urbano";5;0;2;1;2;0;3;3
83463352;"09/05/16";"Segunda";"14:40:00";"PR";116;"1";"CAMPINA GRANDE DO SUL";"Outras";"Saída de Pista";"Com Vítimas Feridas";"Pleno dia";"Decrescente";"Chuva";"Dupla";"Reta";"Rural";1;0;1;0;0;0;1;1
83463353;"09/05/16";"Segunda";"02:00:00";"PB";101;"126";"CAAPORA";"Defeito mecânico em veículo";"Saída de Pista";"Sem Vítimas";"Plena noite";"Crescente";"Chuva";"Dupla";"Reta";"Urbano";1;0;0;0;1;0;0;1
83463354;"09/05/16";"Segunda";"18:19:00";"PR";376;"342,9";"ORTIGUEIRA";"Outras";"Saída de Pista";"Sem Vítimas";"Plena noite";"Decrescente";"Chuva";"Simples";"Reta";"Rural";1;0;0;0;1;0;0;1