"id";"data_inversa";"dia_semana";"horario";"uf";"br";"km";"municipio";"causa_acidente";"tipo_acidente";"classificacao_acidente";"fase_dia";"sentido_via";"condicao_metereologica";"tipo_pista";"tracado_via";"uso_solo";"pessoas";"mortos";"feridos_leves";"feridos_graves";"ilesos";"ignorados";"feridos";"veiculos"
83463356;"09/05/16";"Segunda";"20:10:00";"RS";287;"238";"SANTA MARIA";"Falta de atenção";"Colisão Transversal";"Com Vítimas Feridas";"Plena noite";"Crescente";"Ceu Claro";"Simples";"Reta";"Urbano";2;0;1;0;1;0;1;2
83463357;"09/05/16";"Segunda";"20:40:00";"SC";282;"501";"XANXERE";"Falta de atenção";"Saída de Pista";"Sem Vítimas";"Plena noite";"Crescente";"Nublado";"Dupla";"Reta";"Urbano";1;0;0;0;1;0;0;1
83463358;"09/05/16";"Segunda";"11:30:00";"RS";293;"137";"CANDIOTA";"Desobediência à sinalização";"Colisão Transversal";"Sem Vítimas";"Pleno dia";"Crescente";"Nublado";"Simples";"Reta";"Urbano";2;0;0;0;2;0;0;2
83463359;"09/05/16";"Segunda";"13:00:00";"PE";232;"511";"SALGUEIRO";"Não guardar distância de segurança";"Colisão traseira";"Com Vítimas Feridas";"Pleno dia";"Decrescente";"Sol";"Dupla";"Reta";"Urbano";3;0;1;0;2;0;1;3
83463360;"06/05/16";"Sexta";"17:30:00";"GO";40;"6,8";"VALPARAISO DE GOIAS";"Falta de atenção";"Colisão traseira";"Com Vítimas Feridas";"Pleno dia";"Crescente";"Ceu Claro";"Dupla";"Reta";"Urbano";4;0;1;0;2;1;1;3
83463361;"09/05/16";"Segunda";"16:50:00";"PE";232;"130";"CARUARU";"Defeito mecânico em veículo";"Colisão traseira";"Sem Vítimas";"Pleno dia";"Crescente";"Chuva";"Dupla";"Reta";"Urbano";2;0;0;0;2;0;0;2
83463362;"11/04/16";"Segunda";"21:20:00";"SC";280;"7";"SAO FRANCISCO DO SUL";"Desobediência à sinalização";"Colisão frontal";"Com Vítimas Feridas";"Plena noite";"Crescente";"Ceu Claro";"Simples";"Reta";"Urbano";2;0;1;0;1;0;1;2
83463363;"09/05/16";"Segunda";"06:50:00";"BA";324;"595";"CANDEIAS";"Falta de atenção";"Colisão traseira";"Sem Vítimas";"Amanhecer";"Crescente";"Ceu Claro";"Dupla";"Reta";"Rural";3;0;0;0;3;0;0;3
83463364;"09/05/16";"Segunda";"19:40:00";"SC";280;"234,4";"CANOINHAS";"Outras";"Colisão Transversal";"Com Vítimas Feridas";"Plena noite";"Decrescente";"Ceu Claro";"Simples";"Reta";"Urbano";2;0;1;0;1;0;1;2
83463365;"05/05/16";"Quinta";"17:50:00";"GO";40;"7";"VALPARAISO DE GOIAS";"Falta de atenção";"Colisão Transversal";"Com Vítimas Feridas";"Anoitecer";"Crescente";"Ceu Claro";"Dupla";"Reta";"Urbano";2;0;0;1;1;0;1;2
83463366;"05/05/16";"Quinta";"22:00:00";"RJ";101;"72";"CAMPOS DOS GOYTACAZES";"Falta de atenção";"Colisão com bicicleta";"Com Vítimas Feridas";"Plena noite";"Decrescente";"Ceu Claro";"Simples";"Reta";"Urbano";2;0;1;0;0;1;1;2
83463367;"09/05/16";"Segunda";"13:00:00";"CE";402;"278,3";"ITAPIPOCA";"Dormindo";"Saída de Pista";"Com Vítimas Feridas";"Pleno dia";"Crescente";"Sol";"Simples";"Reta";"Rural";2;0;0;2;0;0;2;1
83463369;"06/05/16";"Sexta";"18:40:00";"MS";163;"372,4";"NOVA ALVORADA DO SUL";"Outras";"Atropelamento de pessoa";"Com Vítimas Feridas";"Plena noite";"Decrescente";"Chuva";"Dupla";"Reta";"Rural";2;0;0;1;1;0;1;1
83463370;"09/05/16";"Segunda";"19:00:00";"ES";101;"266,1";"SERRA";"Defeito mecânico em veículo";"Tombamento";"Com Vítimas Feridas";"Plena noite";"Crescente";"Ceu Claro";"Dupla";"Reta";"Urbano";2;0;0;2;0;0;2;1
83463371;"09/05/16";"Segunda";"21:10:00";"SC";116;"236,4";"CORREIA PINTO";"Falta de atenção";"Colisão lateral";"Sem Vítimas";"Plena noite";"Crescente";"Chuva";"Simples";"Reta";"Rural";2;0;0;0;2;0;0;2
83463372;"05/05/16";"Quinta";"12:00:00";"MG";153;"124";"PRATA";"Não guardar distância de segurança";"Colisão traseira";"Com Vítimas Feridas";"Pleno dia";"Decrescente";"Ceu Claro";"Simples";"Reta";"Rural";5;0;1;1;3;0;2;4
83463374;"05/05/16";"Quinta";"07:50:00";"SP";116;"207";"GUARULHOS";"Outras";"Colisão lateral";"Com Vítimas Feridas";"Pleno dia";"Crescente";"Sol";"Múltipla";"Reta";"Urbano";2;0;1;0;1;0;1;2
83463375;"09/05/16";"Segunda";"06:40:00";"MG";116;"810,5";"ALEM PARAIBA";"Velocidade incompatível";"Saída de Pista";"Com Vítimas Feridas";"Amanhecer";"Crescente";"Ceu Claro";"Simples";"Curva";"Rural";1;0;0;1;0;0;1;1
83463376;"05/05/16";"Quinta";"19:15:00";"CE";116;"1,5";"FORTALEZA";"Não guardar distância de segurança";"Colisão traseira";"Com Vítimas Feridas";"Plena noite";"Crescente";"Ceu Claro";"Dupla";"Reta";"Urbano";11;0;4;1;5;1;5;6
83463377;"09/05/16";"Segunda";"18:10:00";"TO";153;"494";"PARAISO DO TOCANTINS";"Falta de atenção";"Colisão Transversal";"Sem Vítimas";"Plena noite";"Crescente";"Ceu Claro";"Simples";"Reta";"Urbano";2;0;0;0;2;0;0;2
83463378;"09/05/16";"Segunda";"22:40:00";"SC";101;"30";"JOINVILLE";"Falta de atenção";"Colisão traseira";"Sem Vítimas";"Plena noite";"Decrescente";"Chuva";"Dupla";"Reta";"Rural";2;0;0;0;2;0;0;2
83463379;"09/05/16";"Segunda";"21:50:00";"PR";376;"156";"MANDAGUACU";"Outras";"Saída de Pista";"Com Vítimas Feridas";"Plena noite";"Crescente";"Chuva";"Simples";"Curva";"Urbano";1;0;1;0;0;0;1;1
83463380;"09/05/16";"Segunda";"17:00:00";"MT";163;"1112";"GUARANTA DO NORTE";"Outras";"Saída de Pista";"Com Vítimas Feridas";"Pleno dia";"Crescente";"Ceu Claro";"Múltipla";"Reta";"Rural";1;0;1;0;0;0;1;1
83463381;"09/05/16";"Segunda";"20:50:00";"CE";222;"146,2";"IRAUCUBA";"Ultrapassagem indevida";"Colisão lateral";"Com Vítimas Feridas";"Plena noite";"Decrescente";"Ceu Claro";"Simples";"Reta";"Rural";4;0;0;1;3;0;1;2
83463382;"09/05/16";"Segunda";"11:00:00";"SE";235;"4,5";"NOSSA SENHORA DO SOCORRO";"Não guardar distância de segurança";"Colisão traseira";"Com Vítimas Feridas";"Pleno dia";"Decrescente";"Ceu Claro";"Dupla";"Reta";"Urbano";4;0;2;1;1;0;3;2
83463383;"09/05/16";"Segunda";"15:45:00";"RS";290;"145";"ELDORADO DO SUL";"Desobediência à sinalização";"Colisão Transversal";"Com Vítimas Feridas";"Pleno dia";"Crescente";"Nublado";"Simples";"Reta";"Urbano";2;0;0;1;1;0;1;2
83463384;"06/05/16";"Sexta";"06:00:00";"SP";116;"226";"GUARULHOS";"Falta de atenção";"Colisão traseira";"Com Vítimas Feridas";"Pleno dia";"Decrescente";"Ceu Claro";"Múltipla";"Reta";"Urbano";2;0;1;0;1;0;1;2
83463385;"09/05/16";"Segunda";"14:00:00";"SC";101;"207";"SAO JOSE";"Falta de atenção";"Colisão lateral";"Com Vítimas Feridas";"Pleno dia";"Decrescente";"Ceu Claro";"Dupla";"Reta";"Urbano";2;0;1;0;1;0;1;2
83463386;"08/05/16";"Domingo";"06:40:00";"BA";242;"326";"LENCOIS";"Velocidade incompatível";"Colisão Transversal";"Com Vítimas Feridas";"Pleno dia";"Decrescente";"Nublado";"Simples";"Curva";"Rural";2;0;1;0;1;0;1;2
83463388;"09/05/16";"Segunda";"19:05:00";"MG";365;"6,2";"MONTES CLAROS";"Velocidade incompatível";"Saída de Pista";"Sem Vítimas";"Plena noite";"Decrescente";"Ceu Claro";"Simples";"Curva";"Rural";1;0;0;0;1;0;0;1
83463389;"09/05/16";"Segunda";"19:00:00";"PI";230;"165,4";"SAO JOAO DA VARJOTA";"Outras";"Tombamento";"Sem Vítimas";"Plena noite";"Decrescente";"Ceu Claro";"Simples";"Curva";"Rural";1;0;0;0;1;0;0;1
83463390;"09/05/16";"Segunda";"19:15:00";"BA";116;"417";"FEIRA DE SANTANA";"Desobediência à sinalização";"Colisão Transversal";"Sem Vítimas";"Plena noite";"Crescente";"Ceu Claro";"Dupla";"Cruzamento";"Urbano";2;0;0;0;2;0;0;2
83463392;"09/05/16";"Segunda";"07:15:00";"SE";101;"11";"CEDRO DE SAO JOAO";"Outras";"Saída de Pista";"Sem Vítimas";"Pleno dia";"Crescente";"Sol";"Simples";"Reta";"Rural";1;0;0;0;1;0;0;1
83463394;"06/05/16";"Sexta";"03:30:00";"MG";116;"277,3";"TEOFILO OTONI";"Ingestão de álcool";"Colisão com objeto fixo";"Sem Vítimas";"Plena noite";"Decrescente";"Ceu Claro";"Simples";"Reta";"Urbano";2;0;0;0;2;0;0;2
83463395;"09/05/16";"Segunda";"07:40:00";"ES";101;"147";"LINHARES";"Falta de atenção";"Colisão traseira";"Com Vítimas Feridas";"Pleno dia";"Crescente";"Ceu Claro";"Simples";"Reta";"Urbano";2;0;1;0;1;0;1;2
83463396;"08/05/16";"Domingo";"22:30:00";"RO";364;"100,5";"PIMENTA BUENO";"Outras";"Saída de Pista";"Sem Vítimas";"Plena noite";"Decrescente";"Ceu Claro";"Simples";"Curva";"Rural";1;0;0;0;1;0;0;1
83463397;"09/05/16";"Segunda";"07:45:00";"RN";304;"295";"MACAIBA";"Não guardar distância de segurança";"Colisão traseira";"Sem Vítimas";"Pleno dia";"Crescente";"Chuva";"Simples";"Reta";"Urbano";5;0;0;0;5;0;0;5
83463399;"09/05/16";"Segunda";"22:00:00";"RS";116;"417,9";"CRISTAL";"Animais na Pista";"Saída de Pista";"Com Vítimas Feridas";"Plena noite";"Crescente";"Chuva";"Simples";"Reta";"Rural";1;0;1;0;0;0;1;1
83463400;"09/05/16";"Segunda";"20:30:00";"PR";376;"183";"SARANDI";"Desobediência à sinalização";"Colisão Transversal";"Com Vítimas Feridas";"Plena noite";"Decrescente";"Chuva";"Dupla";"Reta";"Urbano";2;0;0;1;1;0;1;2
83463401;"09/05/16";"Segunda";"20:00:00";"PE";232;"245,8";"ARCOVERDE";"Velocidade incompatível";"Saída de Pista";"Com Vítimas Feridas";"Plena noite";"Crescente";"Chuva";"Simples";"Curva";"Rural";1;0;1;0;0;0;1;1
83463402;"09/05/16";"Segunda";"18:25:00";"PR";376;"509,1";"PONTA GROSSA";"Falta de atenção";"Saída de Pista";"Sem Vítimas";"Anoitecer";"Crescente";"Chuva";"Dupla";"Reta";"Rural";1;0;0;0;1;0;0;1
83463403;"09/05/16";"Segunda";"15:30:00";"GO";414;"409";"ABADIANIA";"Falta de atenção";"Colisão Transversal";"Sem Vítimas";"Pleno dia";"Crescente";"Ceu Claro";"Simples";"Reta";"Rural";2;0;0;0;2;0;0;2
83463404;"10/05/16";"Terça";"01:30:00";"PR";476;"136,7";"CURITIBA";"Desobediência à sinalização";"Colisão Transversal";"Com Vítimas Feridas";"Plena noite";"Crescente";"Chuva";"Múltipla";"Reta";"Urbano";2;0;1;0;1;0;1;2
83463405;"09/05/16";"Segunda";"12:20:00";"CE";116;"52";"PACAJUS";"Ingestão de álcool";"Saída de Pista";"Com Vítimas Feridas";"Pleno dia";"Decrescente";"Sol";"Dupla";"Curva";"Rural";3;0;2;1;0;0;3;1
83463406;"05/05/16";"Quinta";"20:20:00";"GO";50;"295,4";"CATALAO";"Defeito na via";"Capotamento";"Com Vítimas Feridas";"Plena noite";"Crescente";"Ceu Claro";"Simples";"Curva";"Rural";1;0;1;0;0;0;1;1
83463407;"09/05/16";"Segunda";"00:10:00";"MG";365;"182,5";"BURITIZEIRO";"Outras";"Saída de Pista";"Com Vítimas Feridas";"Pleno dia";"Crescente";"Ceu Claro";"Simples";"Reta";"Rural";1;0;1;0;0;0;1;1
83463408;"09/05/16";"Segunda";"14:50:00";"MG";365;"54";"CLARO DOS POCOES";"Ingestão de álcool";"Colisão Transversal";"Com Vítimas Feridas";"Pleno dia";"Decrescente";"Ceu Claro";"Simples";"Reta";"Rural";4;0;4;0;0;0;4;2
83463409;"09/05/16";"Segunda";"21:00:00";"AP";156;"220";"MACAPA";"Ingestão de álcool";"Queda de motocicleta / bicicleta / veículo";"Com Vítimas Feridas";"Plena noite";"Crescente";"Ignorada";"Simples";"Reta";"Rural";2;0;2;0;0;0;2;1
83463410;"10/05/16";"Terça";"04:00:00";"PR";277;"632";"CEU AZUL";"Falta de atenção";"Saída de Pista";"Sem Vítimas";"Plena noite";"Crescente";"Chuva";"Simples";"Reta";"Rural";1;0;0;0;1;0;0;1
83463411;"10/05/16";"Terça";"02:00:00";"SE";101;"147,1";"ESTANCIA";"Não guardar distância de segurança";"Colisão traseira";"Com Vítimas Feridas";"Plena noite";"Crescente";"Nublado";"Dupla";"Reta";"Urbano";3;0;1;1;1;0;2;2
83463412;"09/05/16";"Segunda";"14:20:00";"PI";343;"344,2";"TERESINA";"Não guardar distância de segurança";"Colisão traseira";"Com Vítimas Feridas";"Pleno dia";"Decrescente";"Ceu Claro";"Simples";"Reta";"Urbano";3;0;1;0;2;0;1;3
83463413;"09/05/16";"Segunda";"22:20:00";"SC";101;"332,3";"TUBARAO";"Desobediência à sinalização";"Colisão lateral";"Com Vítimas Feridas";"Plena noite";"Decrescente";"Nublado";"Dupla";"Curva";"Urbano";2;0;0;1;0;1;1;2
83463414;"10/05/16";"Terça";"04:20:00";"TO";153;"647,3";"GURUPI";"Dormindo";"Colisão traseira";"Sem Vítimas";"Plena noite";"Crescente";"Ceu Claro";"Simples";"Reta";"Rural";3;0;0;0;3;0;0;2
83463415;"09/05/16";"Segunda";"23:00:00";"GO";20;"151";"ALVORADA DO NORTE";"Outras";"Colisão lateral";"Com Vítimas Feridas";"Plena noite";"Crescente";"Ceu Claro";"Simples";"Reta";"Rural";2;0;1;0;1;0;1;2
83463416;"10/05/16";"Terça";"04:45:00";"PR";116;"130,9";"FAZENDA RIO GRANDE";"Ingestão de álcool";"Saída de Pista";"Com Vítimas Feridas";"Plena noite";"Decrescente";"Chuva";"Dupla";"Reta";"Urbano";1;0;1;0;0;0;1;1
83463417;"10/05/16";"Terça";"04:20:00";"PR";116;"111";"CURITIBA";"Outras";"Saída de Pista";"Sem Vítimas";"Amanhecer";"Decrescente";"Chuva";"Dupla";"Reta";"Rural";1;0;0;0;1;0;0;1
83463418;"09/05/16";"Segunda";"13:00:00";"GO";452;"22,7";"RIO VERDE";"Não guardar distância de segurança";"Colisão traseira";"Com Vítimas Feridas";"Pleno dia";"Crescente";"Ceu Claro";"Simples";"Reta";"Rural";3;0;1;0;2;0;1;3
83463419;"10/05/16";"Terça";"02:50:00";"RS";116;"145,9";"CAXIAS DO SUL";"Ingestão de álcool";"Colisão com objeto fixo";"Com Vítimas Feridas";"Plena noite";"Decrescente";"Ceu Claro";"Dupla";"Reta";"Urbano";1;0;1;0;0;0;1;1
83463420;"06/05/16";"Sexta";"22:30:00";"RJ";101;"304";"SAO GONCALO";"Outras";"Atropelamento de pessoa";"Com Vítimas Fatais";"Plena noite";"Decrescente";"Ceu Claro";"Dupla";"Reta";"Urbano";2;1;0;0;0;1;0;1
83463423;"10/05/16";"Terça";"03:15:00";"PR";376;"653";"TIJUCAS DO SUL";"Falta de atenção";"Saída de Pista";"Com Vítimas Feridas";"Plena noite";"Crescente";"Chuva";"Dupla";"Curva";"Rural";4;0;1;0;3;0;1;1
83463424;"06/05/16";"Sexta";"21:50:00";"SP";116;"227";"GUARULHOS";"Velocidade incompatível";"Colisão traseira";"Com Vítimas Feridas";"Plena noite";"Decrescente";"Ceu Claro";"Múltipla";"Reta";"Urbano";2;0;1;0;1;0;1;2
83463425;"09/05/16";"Segunda";"21:00:00";"MG";262;"492";"MOEMA";"Dormindo";"Saída de Pista";"Sem Vítimas";"Plena noite";"Decrescente";"Ceu Claro";"Simples";"Reta";"Rural";1;0;0;0;1;0;0;1
83463426;"09/05/16";"Segunda";"17:45:00";"MG";153;"235";"FRONTEIRA";"Velocidade incompatível";"Saída de Pista";"Com Vítimas Feridas";"Anoitecer";"Decrescente";"Ceu Claro";"Simples";"Reta";"Rural";1;0;1;0;0;0;1;1
83463427;"04/05/16";"Quarta";"18:30:00";"MT";364;"572";"NOBRES";"Não guardar distância de segurança";"Saída de Pista";"Sem Vítimas";"Plena noite";"Decrescente";"Nublado";"Dupla";"Curva";"Rural";1;0;0;0;1;0;0;1
83463428;"09/05/16";"Segunda";"09:45:00";"GO";80;"51";"PADRE BERNARDO";"Falta de atenção";"Colisão frontal";"Com Vítimas Feridas";"Pleno dia";"Crescente";"Sol";"Simples";"Reta";"Rural";8;0;5;1;2;0;6;2
83463429;"09/05/16";"Segunda";"21:35:00";"SC";282;"478,9";"VARGEAO";"Ingestão de álcool";"Colisão frontal";"Com Vítimas Feridas";"Plena noite";"Decrescente";"Nevoeiro/neblina";"Simples";"Curva";"Rural";2;0;0;1;1;0;1;2
83463430;"09/05/16";"Segunda";"16:00:00";"MT";364;"55";"ALTO GARCAS";"Falta de atenção";"Saída de Pista";"Sem Vítimas";"Pleno dia";"Decrescente";"Sol";"Simples";"Reta";"Rural";1;0;0;0;1;0;0;1
83463431;"10/05/16";"Terça";"03:00:00";"PR";487;"225";"LUIZIANA";"Outras";"Tombamento";"Com Vítimas Feridas";"Plena noite";"Crescente";"Chuva";"Simples";"Curva";"Rural";1;0;1;0;0;0;1;1
83463432;"09/05/16";"Segunda";"18:00:00";"MG";381;"875,4";"ESTIVA";"Falta de atenção";"Colisão traseira";"Sem Vítimas";"Anoitecer";"Decrescente";"Nublado";"Dupla";"Reta";"Rural";4;0;0;0;4;0;0;2
83463433;"06/05/16";"Sexta";"06:15:00";"GO";60;"85,1";"ANAPOLIS";"Falta de atenção";"Saída de Pista";"Sem Vítimas";"Pleno dia";"Crescente";"Sol";"Dupla";"Reta";"Rural";1;0;0;0;1;0;0;1
83463434;"09/05/16";"Segunda";"10:20:00";"MT";158;"733,5";"BARRA DO GARCAS";"Falta de atenção";"Colisão Transversal";"Com Vítimas Feridas";"Pleno dia";"Decrescente";"Sol";"Simples";"Reta";"Rural";5;0;3;0;2;0;3;2
83463435;"07/05/16";"Sábado";"02:00:00";"MG";40;"446";"PARAOPEBA";"Outras";"Capotamento";"Com Vítimas Feridas";"Plena noite";"Crescente";"Ceu Claro";"Simples";"Reta";"Rural";1;0;1;0;0;0;1;1
83463436;"07/05/16";"Sábado";"03:50:00";"RS";116;"243,9";"SAO LEOPOLDO";"Falta de atenção";"Saída de Pista";"Sem Vítimas";"Plena noite";"Decrescente";"Ceu Claro";"Dupla";"Reta";"Urbano";1;0;0;0;1;0;0;1
83463437;"10/05/16";"Terça";"06:10:00";"CE";20;"270";"CANINDE";"Falta de atenção";"Capotamento";"Sem Vítimas";"Amanhecer";"Crescente";"Ceu Claro";"Simples";"Reta";"Rural";1;0;0;0;1;0;0;1
83463438;"10/05/16";"Terça";"05:00:00";"MS";267;"489";"JARDIM";"Animais na Pista";"Atropelamento de animal";"Com Vítimas Feridas";"Amanhecer";"Crescente";"Chuva";"Simples";"Reta";"Rural";1;0;1;0;0;0;1;1
83463439;"09/05/16";"Segunda";"14:00:00";"SC";101;"123";"ITAJAI";"Desobediência à sinalização";"Colisão Transversal";"Sem Vítimas";"Pleno dia";"Decrescente";"Ceu Claro";"Múltipla";"Cruzamento";"Urbano";2;0;0;0;2;0;0;2
83463440;"10/05/16";"Terça";"06:30:00";"SP";116;"551";"BARRA DO TURVO";"Velocidade incompatível";"Capotamento";"Sem Vítimas";"Amanhecer";"Decrescente";"Chuva";"Dupla";"Curva";"Rural";1;0;0;0;1;0;0;1
83463441;"09/05/16";"Segunda";"15:40:00";"MS";60;"80";"COSTA RICA";"Defeito mecânico em veículo";"Saída de Pista";"Com Vítimas Feridas";"Pleno dia";"Decrescente";"Ceu Claro";"Simples";"Reta";"Rural";1;0;1;0;0;0;1;1
83463442;"10/05/16";"Terça";"04:36:00";"MS";163;"593";"SAO GABRIEL DO OESTE";"Animais na Pista";"Atropelamento de animal";"Com Vítimas Feridas";"Amanhecer";"Crescente";"Chuva";"Simples";"Reta";"Rural";1;0;1;0;0;0;1;1
83463443;"17/04/16";"Domingo";"16:30:00";"RJ";101;"399";"ITAGUAI";"Falta de atenção";"Atropelamento de pessoa";"Com Vítimas Feridas";"Pleno dia";"Crescente";"Ceu Claro";"Dupla";"Reta";"Urbano";3;0;2;0;1;0;2;1
83463444;"10/05/16";"Terça";"07:00:00";"PR";376;"246";"APUCARANA";"Falta de atenção";"Saída de Pista";"Ignorado";"Plena noite";"Decrescente";"Chuva";"Simples";"Reta";"Urbano";1;0;0;0;0;1;0;1
83463445;"17/04/16";"Domingo";"15:05:00";"SE";235;"54";"ITABAIANA";"Não guardar distância de segurança";"Colisão traseira";"Sem Vítimas";"Pleno dia";"Crescente";"Chuva";"Simples";"Reta";"Rural";7;0;0;0;2;5;0;3
83463446;"06/05/16";"Sexta";"19:50:00";"PR";116;"101";"SAO JOSE DOS PINHAIS";"Falta de atenção";"Colisão traseira";"Sem Vítimas";"Plena noite";"Crescente";"Ignorada";"Dupla";"Reta";"Rural";2;0;0;0;2;0;0;2
83463447;"10/05/16";"Terça";"03:45:00";"MG";381;"546,5";"ITATIAIUCU";"Falta de atenção";"Colisão com objeto fixo";"Ignorado";"Plena noite";"Decrescente";"Ceu Claro";"Dupla";"Reta";"Rural";1;0;0;0;0;1;0;1
83463448;"07/05/16";"Sábado";"04:30:00";"SP";381;"24";"BRAGANCA PAULISTA";"Dormindo";"Capotamento";"Com Vítimas Feridas";"Plena noite";"Decrescente";"Ceu Claro";"Dupla";"Reta";"Urbano";1;0;1;0;0;0;1;1
83463449;"05/05/16";"Quinta";"14:00:00";"SC";470;"43";"GASPAR";"Falta de atenção";"Colisão traseira";"Com Vítimas Feridas";"Pleno dia";"Decrescente";"Nublado";"Simples";"Reta";"Rural";3;0;1;0;2;0;1;2
83463451;"06/05/16";"Sexta";"16:45:00";"RJ";101;"58";"CAMPOS DOS GOYTACAZES";"Falta de atenção";"Colisão Transversal";"Com Vítimas Feridas";"Pleno dia";"Crescente";"Ceu Claro";"Simples";"Reta";"Rural";3;0;2;0;1;0;2;2
83463452;"06/05/16";"Sexta";"22:00:00";"PR";277;"104";"CAMPO LARGO";"Falta de atenção";"Colisão traseira";"Com Vítimas Feridas";"Plena noite";"Crescente";"Nublado";"Dupla";"Reta";"Urbano";2;0;0;1;0;1;1;2
83463453;"28/04/16";"Quinta";"16:45:00";"MG";153;"13,9";"ARAPORA";"Dormindo";"Colisão lateral";"Com Vítimas Feridas";"Pleno dia";"Crescente";"Ceu Claro";"Dupla";"Reta";"Rural";3;0;1;0;2;0;1;3
83463454;"24/02/16";"Quarta";"21:50:00";"RJ";101;"263";"RIO BONITO";"Outras";"Capotamento";"Sem Vítimas";"Plena noite";"Crescente";"Ceu Claro";"Dupla";"Curva";"Rural";1;0;0;0;1;0;0;1
83463455;"02/05/16";"Segunda";"16:30:00";"MG";267;"61,8";"BICAS";"Outras";"Saída de Pista";"Com Vítimas Feridas";"Pleno dia";"Decrescente";"Ignorada";"Simples";"Curva";"Rural";5;0;4;1;0;0;5;1
83463456;"09/05/16";"Segunda";"13:50:00";"MS";163;"590";"BANDEIRANTES";"Defeito mecânico em veículo";"Saída de Pista";"Sem Vítimas";"Pleno dia";"Crescente";"Ceu Claro";"Simples";"Reta";"Rural";1;0;0;0;1;0;0;1
83463458;"07/05/16";"Sábado";"18:30:00";"MG";267;"158,5";"LIMA DUARTE";"Outras";"Saída de Pista";"Sem Vítimas";"Plena noite";"Decrescente";"Ceu Claro";"Simples";"Curva";"Rural";1;0;0;0;1;0;0;1
83463459;"08/05/16";"Domingo";"22:50:00";"MG";135;"431,4";"ENGENHEIRO NAVARRO";"Outras";"Capotamento";"Com Vítimas Feridas";"Plena noite";"Decrescente";"Ceu Claro";"Simples";"Reta";"Rural";2;0;2;0;0;0;2;1
83463460;"08/05/16";"Domingo";"21:10:00";"GO";60;"96,5";"ANAPOLIS";"Falta de atenção";"Colisão lateral";"Sem Vítimas";"Plena noite";"Crescente";"Ceu Claro";"Dupla";"Reta";"Urbano";2;0;0;0;2;0;0;2
83463461;"07/05/16";"Sábado";"04:10:00";"RN";101;"99,9";"PARNAMIRIM";"Outras";"Colisão Transversal";"Com Vítimas Fatais";"Plena noite";"Decrescente";"Ceu Claro";"Dupla";"Reta";"Urbano";2;1;0;0;1;0;0;2
83463462;"24/03/16";"Quinta";"14:40:00";"PI";316;"6";"TERESINA";"Outras";"Colisão Transversal";"Com Vítimas Feridas";"Pleno dia";"Crescente";"Sol";"Simples";"Reta";"Urbano";5;0;1;2;1;1;3;3
83463463;"06/05/16";"Sexta";"16:25:00";"MG";262;"399";"PARA DE MINAS";"Velocidade incompatível";"Saída de Pista";"Com Vítimas Feridas";"Pleno dia";"Decrescente";"Sol";"Dupla";"Reta";"Urbano";1;0;0;1;0;0;1;1
83463464;"24/04/16";"Domingo";"12:00:00";"AL";101;"50,5";"FLEXEIRAS";"Velocidade incompatível";"Colisão lateral";"Com Vítimas Fatais";"Pleno dia";"Decrescente";"Nublado";"Simples";"Curva";"Rural";12;1;5;2;4;0;7;5
83463465;"07/05/16";"Sábado";"07:10:00";"SC";116;"269";"CAPAO ALTO";"Ingestão de álcool";"Saída de Pista";"Com Vítimas Feridas";"Amanhecer";"Crescente";"Ceu Claro";"Simples";"Reta";"Rural";1;0;1;0;0;0;1;1
83463466;"07/05/16";"Sábado";"05:30:00";"RN";406;"169,5";"SAO GONCALO DO AMARANTE";"Outras";"Colisão lateral";"Com Vítimas Feridas";"Pleno dia";"Crescente";"Ceu Claro";"Dupla";"Reta";"Rural";2;0;0;1;1;0;1;2
83463467;"02/04/16";"Sábado";"17:50:00";"SP";116;"297,8";"ITAPECERICA DA SERRA";"Falta de atenção";"Colisão lateral";"Sem Vítimas";"Anoitecer";"Crescente";"Ceu Claro";"Dupla";"Reta";"Rural";2;0;0;0;2;0;0;2
83463468;"18/03/16";"Sexta";"18:30:00";"PR";376;"598";"CURITIBA";"Outras";"Atropelamento de pessoa";"Com Vítimas Feridas";"Anoitecer";"Crescente";"Nublado";"Dupla";"Reta";"Urbano";2;0;0;1;1;0;1;1
83463471;"24/01/16";"Domingo";"14:00:00";"MG";251;"237";"SANTA CRUZ DE SALINAS";"Defeito na via";"Saída de Pista";"Com Vítimas Feridas";"Pleno dia";"Crescente";"Ceu Claro";"Simples";"Reta";"Rural";1;0;0;1;0;0;1;1
83463472;"08/05/16";"Domingo";"16:40:00";"SC";282;"287,4";"SAO JOSE DO CERRITO";"Velocidade incompatível";"Saída de Pista";"Com Vítimas Fatais";"Pleno dia";"Decrescente";"Nublado";"Simples";"Reta";"Rural";5;2;2;1;0;0;3;1
83463473;"07/05/16";"Sábado";"16:00:00";"PR";277;"127,7";"BALSA NOVA";"Velocidade incompatível";"Saída de Pista";"Com Vítimas Feridas";"Pleno dia";"Decrescente";"Chuva";"Simples";"Curva";"Rural";2;0;1;0;1;0;1;1
83463475;"10/05/16";"Terça";"08:30:00";"RS";290;"16";"OSORIO";"Velocidade incompatível";"Capotamento";"Com Vítimas Feridas";"Pleno dia";"Decrescente";"Chuva";"Dupla";"Reta";"Rural";1;0;1;0;0;0;1;1