"id";"data_inversa";"dia_semana";"horario";"uf";"br";"km";"municipio";"causa_acidente";"tipo_acidente";"classificacao_acidente";"fase_dia";"sentido_via";"condicao_metereologica";"tipo_pista";"tracado_via";"uso_solo";"pessoas";"mortos";"feridos_leves";"feridos_graves";"ilesos";"ignorados";"feridos";"veiculos"
83464038;"12/05/16";"Quinta";"00:15:00";"CE";222;"112,5";"ITAPAGE";"Outras";"Capotamento";"Com Vítimas Feridas";"Plena noite";"Decrescente";"Chuva";"Simples";"Curva";"Rural";3;0;3;0;0;0;3;1
83464039;"07/05/16";"Sábado";"17:10:00";"GO";40;"100,1";"CRISTALINA";"Defeito mecânico em veículo";"Colisão traseira";"Com Vítimas Feridas";"Anoitecer";"Decrescente";"Ceu Claro";"Simples";"Reta";"Rural";2;0;1;0;1;0;1;2
83464040;"12/05/16";"Quinta";"02:55:00";"CE";116;"79,5";"CHOROZINHO";"Outras";"Saída de Pista";"Sem Vítimas";"Plena noite";"Decrescente";"Ceu Claro";"Simples";"Reta";"Rural";1;0;0;0;1;0;0;1
83464041;"11/05/16";"Quarta";"23:00:00";"SC";101;"296";"IMBITUBA";"Animais na Pista";"Atropelamento de animal";"Sem Vítimas";"Plena noite";"Decrescente";"Nublado";"Simples";"Reta";"Urbano";1;0;0;0;1;0;0;1
83464042;"11/05/16";"Quarta";"17:40:00";"BA";324;"615";"SALVADOR";"Não guardar distância de segurança";"Colisão lateral";"Com Vítimas Feridas";"Plena noite";"Crescente";"Ceu Claro";"Dupla";"Reta";"Urbano";3;0;2;0;0;1;2;2
83464043;"11/05/16";"Quarta";"08:05:00";"AL";104;"14";"SAO JOSE DA LAJE";"Outras";"Colisão lateral";"Com Vítimas Feridas";"Pleno dia";"Decrescente";"Chuva";"Simples";"Reta";"Rural";3;0;0;2;1;0;2;2
83464044;"30/04/16";"Sábado";"06:20:00";"SC";101;"199";"SAO JOSE";"Ingestão de álcool";"Colisão com objeto fixo";"Com Vítimas Feridas";"Amanhecer";"Crescente";"Ceu Claro";"Dupla";"Reta";"Urbano";1;0;1;0;0;0;1;1
83464045;"11/05/16";"Quarta";"02:30:00";"CE";116;"112";"PALHANO";"Falta de atenção";"Colisão traseira";"Sem Vítimas";"Plena noite";"Crescente";"Ceu Claro";"Dupla";"Reta";"Urbano";2;0;0;0;2;0;0;2
83464046;"23/04/16";"Sábado";"20:15:00";"SC";280;"11";"SAO FRANCISCO DO SUL";"Ingestão de álcool";"Queda de motocicleta / bicicleta / veículo";"Com Vítimas Feridas";"Plena noite";"Crescente";"Ceu Claro";"Simples";"Reta";"Rural";2;0;1;0;0;1;1;1
83464048;"02/05/16";"Segunda";"13:20:00";"RN";101;"94";"NATAL";"Falta de atenção";"Colisão lateral";"Com Vítimas Feridas";"Pleno dia";"Crescente";"Ceu Claro";"Simples";"Curva";"Urbano";2;0;0;1;0;1;1;2
83464049;"12/05/16";"Quinta";"04:50:00";"PR";277;"77,5";"SAO JOSE DOS PINHAIS";"Velocidade incompatível";"Saída de Pista";"Sem Vítimas";"Plena noite";"Decrescente";"Chuva";"Dupla";"Reta";"Urbano";1;0;0;0;1;0;0;1
83464050;"11/05/16";"Quarta";"08:10:00";"SP";381;"30";"ATIBAIA";"Falta de atenção";"Colisão lateral";"Com Vítimas Feridas";"Pleno dia";"Crescente";"Ceu Claro";"Múltipla";"Reta";"Rural";2;0;0;1;0;1;1;2
83464051;"11/05/16";"Quarta";"19:00:00";"MG";116;"206,1";"CARAI";"Falta de atenção";"Colisão Transversal";"Sem Vítimas";"Plena noite";"Crescente";"Ceu Claro";"Simples";"Reta";"Rural";2;0;0;0;2;0;0;2
83464052;"12/05/16";"Quinta";"05:15:00";"PA";316;"51,8";"CASTANHAL";"Defeito mecânico em veículo";"Queda de motocicleta / bicicleta / veículo";"Com Vítimas Feridas";"Amanhecer";"Decrescente";"Ceu Claro";"Dupla";"Reta";"Rural";2;0;2;0;0;0;2;1
83464053;"12/05/16";"Quinta";"05:50:00";"SP";116;"520,6";"CAJATI";"Falta de atenção";"Colisão traseira";"Sem Vítimas";"Amanhecer";"Crescente";"Nublado";"Dupla";"Reta";"Rural";2;0;0;0;1;1;0;2
83464054;"12/05/16";"Quinta";"01:30:00";"PR";376;"161,7";"MARINGA";"Outras";"Colisão com objeto fixo";"Com Vítimas Feridas";"Plena noite";"Decrescente";"Nublado";"Dupla";"Reta";"Rural";1;0;1;0;0;0;1;1
83464055;"12/05/16";"Quinta";"05:10:00";"RJ";101;"452";"MANGARATIBA";"Outras";"Capotamento";"Com Vítimas Feridas";"Amanhecer";"Decrescente";"Chuva";"Simples";"Curva";"Urbano";1;0;1;0;0;0;1;1
83464056;"12/05/16";"Quinta";"05:30:00";"SP";116;"520,7";"CAJATI";"Velocidade incompatível";"Capotamento";"Sem Vítimas";"Amanhecer";"Crescente";"Nublado";"Simples";"Curva";"Rural";2;0;0;0;2;0;0;1
83464057;"11/05/16";"Quarta";"23:30:00";"MG";365;"626,9";"UBERLANDIA";"Velocidade incompatível";"Capotamento";"Ignorado";"Plena noite";"Crescente";"Ceu Claro";"Múltipla";"Reta";"Urbano";1;0;0;0;0;1;0;1
83464058;"12/05/16";"Quinta";"00:20:00";"RJ";40;"108";"DUQUE DE CAXIAS";"Outras";"Colisão com objeto fixo";"Com Vítimas Feridas";"Plena noite";"Crescente";"Ceu Claro";"Simples";"Reta";"Urbano";3;0;2;0;1;0;2;1
83464059;"12/05/16";"Quinta";"01:00:00";"RS";290;"245,2";"CACHOEIRA DO SUL";"Outras";"Colisão traseira";"Com Vítimas Feridas";"Plena noite";"Crescente";"Ceu Claro";"Simples";"Reta";"Rural";2;0;0;1;1;0;1;2
83464060;"11/05/16";"Quarta";"08:40:00";"ES";101;"105";"SOORETAMA";"Outras";"Atropelamento de pessoa";"Com Vítimas Feridas";"Pleno dia";"Decrescente";"Ceu Claro";"Simples";"Reta";"Rural";2;0;1;0;1;0;1;1
83464062;"12/05/16";"Quinta";"06:00:00";"PR";476;"144,3";"CURITIBA";"Velocidade incompatível";"Capotamento";"Sem Vítimas";"Amanhecer";"Crescente";"Nublado";"Dupla";"Reta";"Urbano";2;0;0;0;1;1;0;2
83464063;"11/05/16";"Quarta";"13:00:00";"MG";381;"402,7";"BOM JESUS DO AMPARO";"Velocidade incompatível";"Tombamento";"Com Vítimas Feridas";"Pleno dia";"Decrescente";"Ceu Claro";"Simples";"Curva";"Urbano";2;0;1;1;0;0;2;1
83464064;"12/05/16";"Quinta";"05:00:00";"PR";116;"7";"CAMPINA GRANDE DO SUL";"Dormindo";"Saída de Pista";"Com Vítimas Feridas";"Amanhecer";"Crescente";"Nublado";"Dupla";"Curva";"Rural";4;0;3;0;1;0;3;1
83464065;"08/05/16";"Domingo";"04:55:00";"CE";20;"430";"CAUCAIA";"Outras";"Atropelamento de pessoa";"Com Vítimas Feridas";"Amanhecer";"Decrescente";"Nublado";"Simples";"Reta";"Rural";2;0;1;0;0;1;1;1
83464066;"11/05/16";"Quarta";"22:30:00";"RJ";101;"158";"MACAE";"Outras";"Saída de Pista";"Sem Vítimas";"Plena noite";"Crescente";"Chuva";"Simples";"Reta";"Rural";1;0;0;0;1;0;0;1
83464067;"12/05/16";"Quinta";"03:00:00";"PR";376;"226,3";"APUCARANA";"Ingestão de álcool";"Saída de Pista";"Com Vítimas Feridas";"Plena noite";"Decrescente";"Nevoeiro/neblina";"Dupla";"Reta";"Rural";5;0;1;0;4;0;1;2
83464068;"09/05/16";"Segunda";"05:50:00";"BA";116;"421";"FEIRA DE SANTANA";"Desobediência à sinalização";"Colisão lateral";"Com Vítimas Feridas";"Pleno dia";"Decrescente";"Sol";"Simples";"Reta";"Urbano";2;0;0;1;1;0;1;2
83464069;"07/05/16";"Sábado";"20:40:00";"PE";101;"200";"XEXEU";"Ingestão de álcool";"Colisão frontal";"Sem Vítimas";"Amanhecer";"Crescente";"Nublado";"Simples";"Reta";"Rural";3;0;0;0;2;1;0;3
83464070;"12/05/16";"Quinta";"04:30:00";"MT";163;"103";"RONDONOPOLIS";"Outras";"Tombamento";"Ignorado";"Plena noite";"Crescente";"Ceu Claro";"Dupla";"Reta";"Rural";1;0;0;0;0;1;0;1
83464071;"12/05/16";"Quinta";"04:00:00";"SP";116;"377,5";"MIRACATU";"Velocidade incompatível";"Capotamento";"Com Vítimas Feridas";"Plena noite";"Decrescente";"Chuva";"Dupla";"Curva";"Rural";4;0;1;2;1;0;3;1
83464072;"09/05/16";"Segunda";"02:30:00";"MG";40;"410";"CURVELO";"Dormindo";"Saída de Pista";"Com Vítimas Feridas";"Plena noite";"Decrescente";"Ceu Claro";"Simples";"Reta";"Urbano";2;0;2;0;0;0;2;1
83464073;"08/05/16";"Domingo";"21:50:00";"MG";262;"561,9";"CORREGO DANTA";"Outras";"Tombamento";"Com Vítimas Feridas";"Plena noite";"Decrescente";"Ceu Claro";"Simples";"Curva";"Rural";1;0;1;0;0;0;1;1
83464074;"09/05/16";"Segunda";"17:45:00";"GO";153;"493";"GOIANIA";"Falta de atenção";"Colisão lateral";"Sem Vítimas";"Pleno dia";"Crescente";"Ceu Claro";"Dupla";"Curva";"Urbano";2;0;0;0;2;0;0;2
83464075;"07/05/16";"Sábado";"11:30:00";"PA";10;"160";"PARAGOMINAS";"Defeito mecânico em veículo";"Saída de Pista";"Sem Vítimas";"Pleno dia";"Crescente";"Ceu Claro";"Simples";"Reta";"Rural";1;0;0;0;1;0;0;1
83464076;"12/05/16";"Quinta";"07:30:00";"SP";116;"156";"SAO JOSE DOS CAMPOS";"Falta de atenção";"Colisão traseira";"Com Vítimas Feridas";"Pleno dia";"Decrescente";"Ceu Claro";"Dupla";"Reta";"Urbano";3;0;2;0;1;0;2;2
83464077;"12/05/16";"Quinta";"06:50:00";"MG";40;"510,8";"RIBEIRAO DAS NEVES";"Velocidade incompatível";"Colisão com objeto fixo";"Sem Vítimas";"Pleno dia";"Crescente";"Ceu Claro";"Dupla";"Reta";"Rural";1;0;0;0;1;0;0;1
83464078;"12/05/16";"Quinta";"07:30:00";"SC";101;"186";"BIGUACU";"Defeito mecânico em veículo";"Colisão com objeto fixo";"Com Vítimas Feridas";"Pleno dia";"Decrescente";"Chuva";"Dupla";"Curva";"Urbano";2;0;2;0;0;0;2;2
83464079;"09/05/16";"Segunda";"22:45:00";"MG";135;"621";"CURVELO";"Animais na Pista";"Colisão com objeto fixo";"Com Vítimas Feridas";"Plena noite";"Crescente";"Ceu Claro";"Simples";"Reta";"Urbano";1;0;1;0;0;0;1;1
83464080;"08/05/16";"Domingo";"20:00:00";"PB";230;"458,3";"SOUSA";"Outras";"Atropelamento de pessoa";"Com Vítimas Fatais";"Plena noite";"Crescente";"Ceu Claro";"Simples";"Reta";"Rural";2;1;0;0;1;0;0;1
83464081;"08/05/16";"Domingo";"17:00:00";"RJ";116;"81";"TERESOPOLIS";"Velocidade incompatível";"Capotamento";"Com Vítimas Feridas";"Pleno dia";"Decrescente";"Nublado";"Simples";"Curva";"Urbano";5;0;5;0;0;0;5;1
83464082;"08/05/16";"Domingo";"20:20:00";"MG";116;"704,6";"MURIAE";"Outras";"Colisão lateral";"Com Vítimas Feridas";"Plena noite";"Crescente";"Nublado";"Simples";"Reta";"Urbano";3;0;2;0;0;1;2;2
83464083;"09/05/16";"Segunda";"06:00:00";"MG";354;"721,9";"POUSO ALTO";"Velocidade incompatível";"Capotamento";"Sem Vítimas";"Plena noite";"Crescente";"Nublado";"Simples";"Curva";"Rural";1;0;0;0;1;0;0;1
83464084;"08/05/16";"Domingo";"15:15:00";"MT";158;"427";"RIBEIRAO CASCALHEIRA";"Dormindo";"Tombamento";"Sem Vítimas";"Pleno dia";"Decrescente";"Sol";"Simples";"Reta";"Rural";1;0;0;0;1;0;0;1
83464085;"12/05/16";"Quinta";"04:12:00";"SP";116;"388";"MIRACATU";"Dormindo";"Colisão traseira";"Com Vítimas Feridas";"Plena noite";"Decrescente";"Chuva";"Dupla";"Reta";"Rural";4;0;1;0;3;0;1;3
83464086;"12/05/16";"Quinta";"07:55:00";"SP";153;"73,3";"SAO JOSE DO RIO PRETO";"Falta de atenção";"Colisão traseira";"Com Vítimas Feridas";"Pleno dia";"Decrescente";"Chuva";"Simples";"Reta";"Rural";3;0;1;0;2;0;1;3
83464087;"08/05/16";"Domingo";"16:00:00";"PR";116;"33";"CAMPINA GRANDE DO SUL";"Velocidade incompatível";"Tombamento";"Com Vítimas Feridas";"Pleno dia";"Decrescente";"Nublado";"Dupla";"Curva";"Rural";1;0;1;0;0;0;1;1
83464088;"08/05/16";"Domingo";"23:25:00";"PE";428;"187";"PETROLINA";"Ingestão de álcool";"Colisão traseira";"Com Vítimas Feridas";"Plena noite";"Decrescente";"Ceu Claro";"Simples";"Reta";"Urbano";2;0;1;0;1;0;1;2
83464089;"11/05/16";"Quarta";"01:45:00";"SP";116;"146";"SAO JOSE DOS CAMPOS";"Dormindo";"Colisão traseira";"Com Vítimas Feridas";"Plena noite";"Decrescente";"Ceu Claro";"Dupla";"Reta";"Rural";2;0;1;0;1;0;1;2
83464090;"07/05/16";"Sábado";"21:00:00";"SC";101;"143";"BALNEARIO CAMBORIU";"Não guardar distância de segurança";"Colisão traseira";"Sem Vítimas";"Plena noite";"Crescente";"Ceu Claro";"Dupla";"Reta";"Urbano";2;0;0;0;2;0;0;2
83464091;"08/05/16";"Domingo";"15:20:00";"MT";70;"217,3";"GENERAL CARNEIRO";"Velocidade incompatível";"Saída de Pista";"Com Vítimas Fatais";"Pleno dia";"Decrescente";"Sol";"Simples";"Curva";"Rural";2;1;0;1;0;0;1;1
83464092;"02/05/16";"Segunda";"14:00:00";"MA";135;"180,5";"SAO MATEUS DO MARANHAO";"Outras";"Colisão lateral";"Com Vítimas Feridas";"Pleno dia";"Decrescente";"Ceu Claro";"Simples";"Reta";"Urbano";3;0;0;1;2;0;1;3
83464093;"08/05/16";"Domingo";"18:50:00";"RJ";101;"43";"CAMPOS DOS GOYTACAZES";"Falta de atenção";"Saída de Pista";"Com Vítimas Feridas";"Plena noite";"Crescente";"Chuva";"Simples";"Reta";"Rural";2;0;1;0;0;1;1;2
83464094;"09/05/16";"Segunda";"07:20:00";"PR";163;"178";"LINDOESTE";"Outras";"Colisão traseira";"Sem Vítimas";"Amanhecer";"Crescente";"Chuva";"Simples";"Reta";"Rural";2;0;0;0;2;0;0;2
83464095;"14/02/16";"Domingo";"21:00:00";"PE";101;"81";"JABOATAO DOS GUARARAPES";"Falta de atenção";"Atropelamento de pessoa";"Com Vítimas Fatais";"Plena noite";"Crescente";"Ceu Claro";"Dupla";"Reta";"Urbano";2;1;0;0;0;1;0;1
83464096;"14/02/16";"Domingo";"21:00:00";"PE";101;"81";"JABOATAO DOS GUARARAPES";"Falta de atenção";"Atropelamento de pessoa";"Com Vítimas Fatais";"Plena noite";"Crescente";"Ceu Claro";"Dupla";"Reta";"Urbano";2;1;0;0;0;1;0;1
83464097;"08/05/16";"Domingo";"18:30:00";"ES";101;"117";"SOORETAMA";"Defeito mecânico em veículo";"Colisão lateral";"Com Vítimas Feridas";"Plena noite";"Crescente";"Ceu Claro";"Simples";"Reta";"Rural";2;0;1;0;1;0;1;2
83464098;"11/05/16";"Quarta";"18:00:00";"MS";267;"134,8";"NOVA ANDRADINA";"Outras";"Colisão com objeto fixo";"Sem Vítimas";"Anoitecer";"Decrescente";"Chuva";"Simples";"Reta";"Rural";1;0;0;0;1;0;0;1
83464099;"12/05/16";"Quinta";"08:30:00";"SE";235;"5,9";"NOSSA SENHORA DO SOCORRO";"Não guardar distância de segurança";"Colisão traseira";"Com Vítimas Feridas";"Pleno dia";"Crescente";"Ceu Claro";"Dupla";"Reta";"Urbano";2;0;1;0;0;1;1;2
83464100;"08/05/16";"Domingo";"14:45:00";"MG";40;"462,3";"SETE LAGOAS";"Outras";"Colisão traseira";"Com Vítimas Feridas";"Pleno dia";"Decrescente";"Sol";"Dupla";"Reta";"Rural";2;0;1;0;1;0;1;2
83464101;"08/05/16";"Domingo";"18:30:00";"PR";373;"250";"PRUDENTOPOLIS";"Falta de atenção";"Colisão traseira";"Com Vítimas Feridas";"Plena noite";"Decrescente";"Ignorada";"Simples";"Reta";"Rural";3;0;1;0;2;0;1;2
83464102;"04/05/16";"Quarta";"10:30:00";"MG";365;"421";"PATOS DE MINAS";"Outras";"Capotamento";"Com Vítimas Feridas";"Pleno dia";"Decrescente";"Ceu Claro";"Dupla";"Reta";"Rural";2;0;0;1;1;0;1;2
83464103;"09/05/16";"Segunda";"07:20:00";"RR";174;"502";"BOA VISTA";"Falta de atenção";"Colisão lateral";"Com Vítimas Feridas";"Pleno dia";"Crescente";"Nublado";"Dupla";"Reta";"Rural";3;0;2;0;1;0;2;3
83464104;"08/05/16";"Domingo";"22:50:00";"RJ";116;"173";"SAO JOAO DE MERITI";"Defeito mecânico em veículo";"Queda de motocicleta / bicicleta / veículo";"Com Vítimas Feridas";"Plena noite";"Crescente";"Nublado";"Múltipla";"Reta";"Urbano";2;0;2;0;0;0;2;1
83464105;"11/05/16";"Quarta";"10:00:00";"PE";116;"18";"SALGUEIRO";"Outras";"Colisão lateral";"Sem Vítimas";"Pleno dia";"Crescente";"Nublado";"Simples";"Curva";"Rural";2;0;0;0;2;0;0;2
83464106;"12/05/16";"Quinta";"07:05:00";"RS";285;"118";"VACARIA";"Falta de atenção";"Colisão Transversal";"Com Vítimas Feridas";"Amanhecer";"Crescente";"Chuva";"Simples";"Curva";"Urbano";2;0;2;0;0;0;2;2
83464107;"12/05/16";"Quinta";"08:10:00";"PB";230;"24";"JOAO PESSOA";"Não guardar distância de segurança";"Colisão traseira";"Sem Vítimas";"Pleno dia";"Crescente";"Chuva";"Dupla";"Reta";"Urbano";2;0;0;0;2;0;0;2
83464108;"09/05/16";"Segunda";"00:20:00";"SP";116;"273";"TABOAO DA SERRA";"Falta de atenção";"Capotamento";"Sem Vítimas";"Plena noite";"Crescente";"Ceu Claro";"Dupla";"Reta";"Urbano";1;0;0;0;1;0;0;1
83464109;"08/05/16";"Domingo";"17:50:00";"RJ";116;"187,1";"NOVA IGUACU";"Falta de atenção";"Colisão lateral";"Sem Vítimas";"Anoitecer";"Decrescente";"Ceu Claro";"Dupla";"Reta";"Rural";2;0;0;0;2;0;0;2
83464110;"09/05/16";"Segunda";"06:00:00";"MG";40;"583";"ITABIRITO";"Outras";"Queda de motocicleta / bicicleta / veículo";"Com Vítimas Feridas";"Amanhecer";"Decrescente";"Nublado";"Simples";"Curva";"Rural";2;0;1;0;1;0;1;1
83464111;"08/05/16";"Domingo";"17:00:00";"PE";232;"333,2";"CUSTODIA";"Ingestão de álcool";"Colisão lateral";"Com Vítimas Feridas";"Anoitecer";"Crescente";"Ceu Claro";"Simples";"Reta";"Urbano";4;0;1;1;2;0;2;3
83464112;"12/05/16";"Quinta";"07:00:00";"SC";101;"213,7";"PALHOCA";"Não guardar distância de segurança";"Colisão lateral";"Com Vítimas Feridas";"Pleno dia";"Decrescente";"Nublado";"Múltipla";"Reta";"Urbano";2;0;1;0;1;0;1;2
83464113;"08/05/16";"Domingo";"14:10:00";"PE";101;"31";"IGARASSU";"Outras";"Saída de Pista";"Com Vítimas Feridas";"Pleno dia";"Crescente";"Nublado";"Dupla";"Curva";"Rural";1;0;1;0;0;0;1;1
83464114;"12/05/16";"Quinta";"09:00:00";"MG";381;"582";"CARMOPOLIS DE MINAS";"Velocidade incompatível";"Capotamento";"Sem Vítimas";"Pleno dia";"Crescente";"Chuva";"Dupla";"Curva";"Rural";1;0;0;0;1;0;0;1
83464115;"12/05/16";"Quinta";"07:15:00";"SC";280;"66";"JARAGUA DO SUL";"Ultrapassagem indevida";"Colisão Transversal";"Com Vítimas Feridas";"Pleno dia";"Crescente";"Ceu Claro";"Simples";"Cruzamento";"Urbano";2;0;0;1;1;0;1;2
83464116;"09/05/16";"Segunda";"03:00:00";"DF";20;"25";"BRASILIA";"Dormindo";"Saída de Pista";"Com Vítimas Feridas";"Plena noite";"Decrescente";"Ceu Claro";"Dupla";"Reta";"Rural";2;0;2;0;0;0;2;1
83464117;"11/05/16";"Quarta";"12:00:00";"BA";116;"921,5";"ENCRUZILHADA";"Velocidade incompatível";"Tombamento";"Com Vítimas Fatais";"Pleno dia";"Decrescente";"Sol";"Simples";"Curva";"Rural";1;1;0;0;0;0;0;1
83464118;"12/05/16";"Quinta";"06:45:00";"PR";376;"425";"TIBAGI";"Velocidade incompatível";"Colisão com objeto fixo";"Sem Vítimas";"Amanhecer";"Decrescente";"Chuva";"Simples";"Curva";"Rural";1;0;0;0;1;0;0;1
83464119;"12/05/16";"Quinta";"08:30:00";"RJ";40;"27";"TRES RIOS";"Defeito mecânico em veículo";"Tombamento";"Sem Vítimas";"Pleno dia";"Decrescente";"Nublado";"Dupla";"Curva";"Rural";1;0;0;0;1;0;0;1
83464120;"09/05/16";"Segunda";"07:20:00";"RJ";116;"93";"GUAPIMIRIM";"Outras";"Queda de motocicleta / bicicleta / veículo";"Com Vítimas Feridas";"Pleno dia";"Decrescente";"Ceu Claro";"Simples";"Curva";"Rural";2;0;1;0;1;0;1;2
83464121;"23/03/16";"Quarta";"17:24:00";"PR";277;"114";"CAMPO LARGO";"Falta de atenção";"Queda de motocicleta / bicicleta / veículo";"Com Vítimas Feridas";"Pleno dia";"Decrescente";"Nublado";"Dupla";"Reta";"Urbano";2;0;1;0;1;0;1;2
83464122;"12/05/16";"Quinta";"06:40:00";"MG";116;"25,3";"CACHOEIRA DE PAJEU";"Falta de atenção";"Colisão traseira";"Sem Vítimas";"Pleno dia";"Decrescente";"Sol";"Simples";"Reta";"Rural";2;0;0;0;2;0;0;2
83464123;"09/05/16";"Segunda";"06:40:00";"GO";50;"175,1";"CAMPO ALEGRE DE GOIAS";"Outras";"Saída de Pista";"Com Vítimas Feridas";"Amanhecer";"Decrescente";"Ceu Claro";"Simples";"Reta";"Rural";1;0;0;1;0;0;1;1
83464124;"06/04/16";"Quarta";"14:00:00";"MA";222;"677";"ACAILANDIA";"Outras";"Colisão traseira";"Com Vítimas Fatais";"Pleno dia";"Crescente";"Chuva";"Simples";"Reta";"Urbano";3;1;1;0;0;1;1;3
83464125;"05/05/16";"Quinta";"00:10:00";"RJ";116;"273";"BARRA MANSA";"Outras";"Colisão com objeto fixo";"Com Vítimas Feridas";"Plena noite";"Crescente";"Ceu Claro";"Dupla";"Curva";"Rural";2;0;1;0;1;0;1;2
83464126;"12/05/16";"Quinta";"11:15:00";"SC";280;"44,1";"GUARAMIRIM";"Falta de atenção";"Colisão traseira";"Com Vítimas Feridas";"Pleno dia";"Decrescente";"Ceu Claro";"Simples";"Reta";"Rural";6;0;4;1;1;0;5;2
83464127;"12/05/16";"Quinta";"10:40:00";"PE";101;"44,2";"IGARASSU";"Falta de atenção";"Colisão traseira";"Sem Vítimas";"Pleno dia";"Decrescente";"Ceu Claro";"Múltipla";"Reta";"Urbano";2;0;0;0;2;0;0;2
83464128;"12/05/16";"Quinta";"09:25:00";"SP";116;"219";"GUARULHOS";"Não guardar distância de segurança";"Colisão traseira";"Com Vítimas Feridas";"Pleno dia";"Crescente";"Nublado";"Múltipla";"Reta";"Urbano";3;0;2;0;1;0;2;2
83464129;"08/05/16";"Domingo";"07:40:00";"GO";364;"97,8";"CACU";"Dormindo";"Saída de Pista";"Com Vítimas Fatais";"Amanhecer";"Decrescente";"Ceu Claro";"Simples";"Reta";"Rural";3;2;0;1;0;0;1;1
83464130;"12/05/16";"Quinta";"10:50:00";"PE";101;"44";"IGARASSU";"Falta de atenção";"Colisão traseira";"Sem Vítimas";"Pleno dia";"Crescente";"Sol";"Múltipla";"Reta";"Urbano";2;0;0;0;2;0;0;2
83464131;"12/05/16";"Quinta";"08:00:00";"GO";251;"19,6";"CRISTALINA";"Falta de atenção";"Colisão frontal";"Com Vítimas Feridas";"Pleno dia";"Crescente";"Ceu Claro";"Simples";"Reta";"Rural";4;0;3;1;0;0;4;2
83464132;"04/05/16";"Quarta";"11:00:00";"MG";262;"411,9";"IGARATINGA";"Desobediência à sinalização";"Colisão traseira";"Com Vítimas Feridas";"Pleno dia";"Decrescente";"Sol";"Dupla";"Cruzamento";"Urbano";3;0;2;0;1;0;2;2
83464133;"08/05/16";"Domingo";"11:30:00";"MG";381;"289";"ANTONIO DIAS";"Velocidade incompatível";"Tombamento";"Sem Vítimas";"Pleno dia";"Decrescente";"Ceu Claro";"Simples";"Curva";"Rural";1;0;0;0;1;0;0;1
83464134;"12/05/16";"Quinta";"07:30:00";"SP";116;"501,1";"CAJATI";"Velocidade incompatível";"Colisão com objeto fixo";"Sem Vítimas";"Amanhecer";"Crescente";"Nublado";"Simples";"Curva";"Rural";1;0;0;0;1;0;0;1
83464135;"12/05/16";"Quinta";"06:20:00";"SP";116;"491,1";"CAJATI";"Falta de atenção";"Tombamento";"Sem Vítimas";"Amanhecer";"Crescente";"Nublado";"Dupla";"Reta";"Urbano";1;0;0;0;1;0;0;1
83464136;"08/05/16";"Domingo";"17:30:00";"PE";232;"198,2";"SANHARO";"Ingestão de álcool";"Colisão lateral";"Sem Vítimas";"Anoitecer";"Decrescente";"Ceu Claro";"Simples";"Reta";"Rural";2;0;0;0;1;1;0;2
83464137;"08/05/16";"Domingo";"11:20:00";"ES";101;"335";"GUARAPARI";"Falta de atenção";"Colisão traseira";"Com Vítimas Feridas";"Pleno dia";"Decrescente";"Ceu Claro";"Simples";"Cruzamento";"Rural";2;0;1;0;1;0;1;2
83464138;"26/04/16";"Terça";"11:40:00";"CE";116;"36,5";"HORIZONTE";"Falta de atenção";"Colisão traseira";"Com Vítimas Feridas";"Pleno dia";"Crescente";"Ceu Claro";"Dupla";"Reta";"Urbano";2;0;0;1;1;0;1;2
83464139;"07/05/16";"Sábado";"23:00:00";"SP";116;"108";"TAUBATE";"Outras";"Colisão com objeto fixo";"Com Vítimas Feridas";"Plena noite";"Crescente";"Nublado";"Dupla";"Reta";"Urbano";2;0;1;0;1;0;1;1
83464140;"04/05/16";"Quarta";"23:05:00";"BA";101;"878";"TEIXEIRA DE FREITAS";"Ingestão de álcool";"Colisão traseira";"Com Vítimas Feridas";"Plena noite";"Decrescente";"Ceu Claro";"Simples";"Reta";"Urbano";2;0;0;1;1;0;1;2
83464141;"12/05/16";"Quinta";"08:00:00";"PE";101;"57";"PAULISTA";"Outras";"Queda de motocicleta / bicicleta / veículo";"Com Vítimas Fatais";"Pleno dia";"Crescente";"Ceu Claro";"Dupla";"Reta";"Urbano";4;1;0;2;0;1;2;2
83464142;"12/05/16";"Quinta";"10:00:00";"PR";277;"33";"MORRETES";"Defeito mecânico em veículo";"Tombamento";"Com Vítimas Feridas";"Pleno dia";"Decrescente";"Nublado";"Dupla";"Curva";"Rural";1;0;0;1;0;0;1;1
83464143;"12/05/16";"Quinta";"13:15:00";"RS";285;"292,6";"PASSO FUNDO";"Falta de atenção";"Colisão lateral";"Sem Vítimas";"Pleno dia";"Crescente";"Nublado";"Dupla";"Curva";"Urbano";4;0;0;0;4;0;0;2
83464144;"12/05/16";"Quinta";"06:40:00";"MT";163;"119";"RONDONOPOLIS";"Falta de atenção";"Colisão lateral";"Sem Vítimas";"Pleno dia";"Decrescente";"Sol";"Dupla";"Curva";"Urbano";2;0;0;0;2;0;0;2
83464145;"12/05/16";"Quinta";"12:00:00";"SC";470;"8";"NAVEGANTES";"Outras";"Tombamento";"Sem Vítimas";"Pleno dia";"Crescente";"Nublado";"Simples";"Reta";"Rural";1;0;0;0;1;0;0;1