"id";"data_inversa";"dia_semana";"horario";"uf";"br";"km";"municipio";"causa_acidente";"tipo_acidente";"classificacao_acidente";"fase_dia";"sentido_via";"condicao_metereologica";"tipo_pista";"tracado_via";"uso_solo";"pessoas";"mortos";"feridos_leves";"feridos_graves";"ilesos";"ignorados";"feridos";"veiculos"
83464380;"09/05/16";"Segunda";"16:20:00";"SP";116;"124,4";"CACAPAVA";"Outras";"Colisão com objeto fixo";"Com Vítimas Feridas";"Pleno dia";"Crescente";"Chuva";"Simples";"Reta";"Rural";2;0;1;0;1;0;1;2
83464381;"13/05/16";"Sexta";"08:00:00";"RS";116;"244,1";"SAO LEOPOLDO";"Falta de atenção";"Saída de Pista";"Com Vítimas Feridas";"Pleno dia";"Crescente";"Nublado";"Múltipla";"Reta";"Urbano";1;0;1;0;0;0;1;1
83464382;"13/05/16";"Sexta";"05:30:00";"MS";262;"731,7";"CORUMBA";"Dormindo";"Saída de Pista";"Com Vítimas Feridas";"Plena noite";"Crescente";"Nublado";"Simples";"Curva";"Rural";1;0;0;1;0;0;1;1
83464383;"12/05/16";"Quinta";"14:00:00";"MT";174;"401";"NOVA LACERDA";"Outras";"Saída de Pista";"Sem Vítimas";"Pleno dia";"Crescente";"Chuva";"Simples";"Curva";"Rural";1;0;0;0;1;0;0;1
83464384;"13/05/16";"Sexta";"06:40:00";"SC";101;"194";"BIGUACU";"Falta de atenção";"Colisão frontal";"Com Vítimas Feridas";"Amanhecer";"Crescente";"Nublado";"Dupla";"Cruzamento";"Urbano";2;0;1;0;1;0;1;2
83464385;"13/05/16";"Sexta";"07:50:00";"RO";364;"342,9";"JI-PARANA";"Falta de atenção";"Atropelamento de pessoa";"Com Vítimas Feridas";"Pleno dia";"Crescente";"Ceu Claro";"Múltipla";"Reta";"Urbano";2;0;2;0;0;0;2;1
83464386;"13/05/16";"Sexta";"08:50:00";"PR";116;"119";"CURITIBA";"Velocidade incompatível";"Saída de Pista";"Sem Vítimas";"Pleno dia";"Crescente";"Nublado";"Dupla";"Reta";"Urbano";1;0;0;0;1;0;0;1
83464387;"12/05/16";"Quinta";"22:40:00";"PR";277;"340,9";"GUARAPUAVA";"Ingestão de álcool";"Atropelamento de pessoa";"Com Vítimas Fatais";"Plena noite";"Crescente";"Chuva";"Dupla";"Reta";"Urbano";2;1;0;0;1;0;0;1
83464388;"09/05/16";"Segunda";"21:40:00";"RJ";493;"7,5";"ITABORAI";"Ultrapassagem indevida";"Colisão frontal";"Com Vítimas Fatais";"Plena noite";"Crescente";"Ceu Claro";"Simples";"Reta";"Rural";3;1;1;0;1;0;1;2
83464389;"13/05/16";"Sexta";"04:10:00";"RJ";116;"224";"PIRAI";"Outras";"Colisão com objeto fixo";"Sem Vítimas";"Plena noite";"Decrescente";"Chuva";"Dupla";"Curva";"Rural";2;0;0;0;2;0;0;1
83464390;"09/05/16";"Segunda";"11:15:00";"PR";487;"160";"CIANORTE";"Outras";"Capotamento";"Com Vítimas Feridas";"Pleno dia";"Crescente";"Chuva";"Simples";"Reta";"Rural";1;0;1;0;0;0;1;1
83464391;"10/05/16";"Terça";"06:00:00";"MG";40;"524";"CONTAGEM";"Velocidade incompatível";"Colisão traseira";"Com Vítimas Fatais";"Amanhecer";"Crescente";"Ceu Claro";"Dupla";"Reta";"Urbano";10;1;4;1;4;0;5;5
83464392;"24/02/16";"Quarta";"16:20:00";"MT";364;"349";"SANTO ANTONIO DO LEVERGER";"Não guardar distância de segurança";"Colisão traseira";"Com Vítimas Feridas";"Pleno dia";"Crescente";"Sol";"Simples";"Curva";"Rural";12;0;2;0;7;3;2;2
83464393;"13/05/16";"Sexta";"08:20:00";"SP";116;"561";"BARRA DO TURVO";"Velocidade incompatível";"Capotamento";"Sem Vítimas";"Pleno dia";"Decrescente";"Chuva";"Dupla";"Curva";"Rural";1;0;0;0;1;0;0;1
83464394;"13/05/16";"Sexta";"07:20:00";"SC";470;"5,8";"BLUMENAU";"Outras";"Atropelamento de pessoa";"Com Vítimas Feridas";"Pleno dia";"Crescente";"Nublado";"Simples";"Reta";"Urbano";2;0;1;0;1;0;1;1
83464395;"13/05/16";"Sexta";"07:15:00";"PR";116;"133";"FAZENDA RIO GRANDE";"Falta de atenção";"Colisão Transversal";"Com Vítimas Feridas";"Pleno dia";"Crescente";"Nublado";"Simples";"Curva";"Rural";2;0;1;0;1;0;1;2
83464396;"13/05/16";"Sexta";"09:40:00";"PR";476;"139";"CURITIBA";"Não guardar distância de segurança";"Colisão traseira";"Com Vítimas Feridas";"Pleno dia";"Crescente";"Ceu Claro";"Simples";"Reta";"Urbano";2;0;1;0;1;0;1;2
83464397;"13/05/16";"Sexta";"09:30:00";"MS";163;"256";"DOURADOS";"Desobediência à sinalização";"Colisão Transversal";"Com Vítimas Feridas";"Pleno dia";"Decrescente";"Nublado";"Dupla";"Cruzamento";"Urbano";4;0;2;0;2;0;2;2
83464398;"13/05/16";"Sexta";"09:30:00";"SP";116;"379";"MIRACATU";"Outras";"Colisão com objeto móvel";"Sem Vítimas";"Pleno dia";"Crescente";"Ceu Claro";"Dupla";"Reta";"Rural";1;0;0;0;1;0;0;1
83464399;"13/05/16";"Sexta";"09:40:00";"MG";116;"804";"ALEM PARAIBA";"Dormindo";"Saída de Pista";"Sem Vítimas";"Pleno dia";"Crescente";"Nublado";"Simples";"Curva";"Rural";1;0;0;0;1;0;0;1
83464400;"01/05/16";"Domingo";"19:00:00";"RJ";101;"271";"RIO BONITO";"Outras";"Capotamento";"Com Vítimas Feridas";"Plena noite";"Decrescente";"Ceu Claro";"Dupla";"Reta";"Urbano";1;0;1;0;0;0;1;1
83464401;"08/05/16";"Domingo";"16:45:00";"PR";376;"176,3";"MARINGA";"Outras";"Colisão traseira";"Sem Vítimas";"Pleno dia";"Decrescente";"Chuva";"Dupla";"Reta";"Urbano";2;0;0;0;1;1;0;2
83464402;"05/05/16";"Quinta";"11:45:00";"SC";101;"39";"JOINVILLE";"Defeito na via";"Capotamento";"Com Vítimas Feridas";"Pleno dia";"Crescente";"Ceu Claro";"Dupla";"Reta";"Urbano";1;0;1;0;0;0;1;1
83464403;"13/05/16";"Sexta";"11:20:00";"SP";116;"412,6";"JUQUIA";"Velocidade incompatível";"Saída de Pista";"Sem Vítimas";"Pleno dia";"Decrescente";"Nublado";"Dupla";"Curva";"Rural";1;0;0;0;1;0;0;1
83464404;"13/05/16";"Sexta";"09:20:00";"RN";226;"101,2";"SANTA CRUZ";"Dormindo";"Colisão lateral";"Com Vítimas Feridas";"Pleno dia";"Crescente";"Ceu Claro";"Simples";"Curva";"Rural";4;0;2;2;0;0;4;2
83464405;"12/05/16";"Quinta";"19:30:00";"BA";101;"259";"SANTO ANTONIO DE JESUS";"Falta de atenção";"Colisão Transversal";"Com Vítimas Feridas";"Plena noite";"Decrescente";"Nublado";"Simples";"Reta";"Rural";2;0;1;0;1;0;1;2
83464406;"09/05/16";"Segunda";"10:40:00";"MG";116;"760";"LEOPOLDINA";"Falta de atenção";"Colisão lateral";"Com Vítimas Feridas";"Pleno dia";"Decrescente";"Ceu Claro";"Simples";"Reta";"Urbano";3;0;3;0;0;0;3;2
83464408;"09/05/16";"Segunda";"21:20:00";"SC";101;"192";"BIGUACU";"Falta de atenção";"Colisão traseira";"Com Vítimas Feridas";"Plena noite";"Crescente";"Ceu Claro";"Múltipla";"Reta";"Urbano";3;0;1;0;2;0;1;2
83464409;"13/05/16";"Sexta";"11:10:00";"MS";267;"480,8";"JARDIM";"Falta de atenção";"Colisão Transversal";"Sem Vítimas";"Pleno dia";"Decrescente";"Nublado";"Simples";"Reta";"Urbano";3;0;0;0;3;0;0;2
83464410;"11/05/16";"Quarta";"17:30:00";"BA";242;"358";"PALMEIRAS";"Velocidade incompatível";"Saída de Pista";"Com Vítimas Feridas";"Anoitecer";"Crescente";"Nublado";"Simples";"Curva";"Rural";1;0;1;0;0;0;1;1
83464411;"10/05/16";"Terça";"04:40:00";"SP";153;"31,1";"NOVA GRANADA";"Falta de atenção";"Colisão Transversal";"Sem Vítimas";"Plena noite";"Crescente";"Nublado";"Simples";"Reta";"Urbano";2;0;0;0;2;0;0;2
83464412;"13/05/16";"Sexta";"07:40:00";"PR";476;"80";"RIO BRANCO DO SUL";"Outras";"Tombamento";"Sem Vítimas";"Pleno dia";"Decrescente";"Nublado";"Simples";"Curva";"Rural";1;0;0;0;1;0;0;1
83464413;"17/04/16";"Domingo";"05:40:00";"SC";280;"51,4";"GUARAMIRIM";"Falta de atenção";"Colisão com objeto fixo";"Com Vítimas Feridas";"Plena noite";"Crescente";"Ceu Claro";"Simples";"Cruzamento";"Urbano";2;0;1;0;1;0;1;1
83464414;"09/05/16";"Segunda";"17:00:00";"GO";70;"6,6";"AGUAS LINDAS DE GOIAS";"Falta de atenção";"Colisão traseira";"Com Vítimas Feridas";"Pleno dia";"Crescente";"Ceu Claro";"Dupla";"Reta";"Urbano";2;0;1;0;1;0;1;2
83464415;"11/05/16";"Quarta";"17:00:00";"BA";242;"335";"LENCOIS";"Não guardar distância de segurança";"Saída de Pista";"Com Vítimas Feridas";"Pleno dia";"Decrescente";"Ceu Claro";"Simples";"Reta";"Rural";3;0;3;0;0;0;3;1
83464416;"13/05/16";"Sexta";"09:40:00";"RS";470;"338";"TRIUNFO";"Falta de atenção";"Saída de Pista";"Com Vítimas Feridas";"Pleno dia";"Crescente";"Ceu Claro";"Simples";"Curva";"Urbano";1;0;1;0;0;0;1;1
83464417;"01/02/16";"Segunda";"02:00:00";"SC";282;"327";"CAMPOS NOVOS";"Defeito na via";"Saída de Pista";"Sem Vítimas";"Plena noite";"Crescente";"Chuva";"Simples";"Reta";"Rural";1;0;0;0;1;0;0;1
83464418;"13/05/16";"Sexta";"13:00:00";"PR";277;"78,5";"CURITIBA";"Não guardar distância de segurança";"Colisão traseira";"Com Vítimas Feridas";"Pleno dia";"Crescente";"Nublado";"Dupla";"Reta";"Urbano";2;0;1;0;1;0;1;2
83464419;"13/05/16";"Sexta";"13:25:00";"MG";262;"39";"MANHUACU";"Defeito mecânico em veículo";"Queda de motocicleta / bicicleta / veículo";"Com Vítimas Feridas";"Pleno dia";"Crescente";"Nublado";"Simples";"Curva";"Rural";2;0;2;0;0;0;2;1
83464420;"13/05/16";"Sexta";"14:10:00";"SC";470;"58";"BLUMENAU";"Desobediência à sinalização";"Colisão lateral";"Com Vítimas Feridas";"Pleno dia";"Crescente";"Nevoeiro/neblina";"Simples";"Reta";"Urbano";2;0;1;0;1;0;1;2
83464421;"30/04/16";"Sábado";"05:00:00";"MT";163;"686";"LUCAS DO RIO VERDE";"Ingestão de álcool";"Atropelamento de pessoa";"Com Vítimas Feridas";"Amanhecer";"Crescente";"Ceu Claro";"Simples";"Reta";"Urbano";2;0;0;1;1;0;1;1
83464422;"13/05/16";"Sexta";"07:30:00";"MG";50;"38";"ARAGUARI";"Falta de atenção";"Colisão lateral";"Sem Vítimas";"Pleno dia";"Decrescente";"Nublado";"Dupla";"Reta";"Urbano";2;0;0;0;2;0;0;2
83464423;"02/01/16";"Sábado";"12:35:00";"RS";116;"185,3";"NOVA PETROPOLIS";"Falta de atenção";"Colisão Transversal";"Com Vítimas Feridas";"Pleno dia";"Crescente";"Nublado";"Dupla";"Curva";"Urbano";2;0;1;0;1;0;1;2
83464424;"11/05/16";"Quarta";"09:50:00";"CE";222;"4,8";"CAUCAIA";"Falta de atenção";"Colisão traseira";"Sem Vítimas";"Pleno dia";"Crescente";"Chuva";"Múltipla";"Cruzamento";"Urbano";2;0;0;0;1;1;0;2
83464425;"13/05/16";"Sexta";"12:50:00";"RJ";116;"116";"MAGE";"Outras";"Colisão com objeto fixo";"Sem Vítimas";"Pleno dia";"Decrescente";"Nublado";"Dupla";"Curva";"Urbano";1;0;0;0;1;0;0;1
83464427;"08/03/16";"Terça";"17:30:00";"BA";101;"749";"ITABELA";"Velocidade incompatível";"Queda de motocicleta / bicicleta / veículo";"Com Vítimas Feridas";"Pleno dia";"Decrescente";"Ceu Claro";"Simples";"Reta";"Rural";1;0;1;0;0;0;1;1
83464428;"13/05/16";"Sexta";"08:05:00";"MA";10;"253";"IMPERATRIZ";"Não guardar distância de segurança";"Colisão lateral";"Sem Vítimas";"Pleno dia";"Crescente";"Ceu Claro";"Simples";"Cruzamento";"Urbano";2;0;0;0;2;0;0;2
83464430;"13/05/16";"Sexta";"07:15:00";"MG";381;"496";"BETIM";"Não guardar distância de segurança";"Colisão lateral";"Com Vítimas Feridas";"Pleno dia";"Decrescente";"Ceu Claro";"Dupla";"Reta";"Urbano";2;0;1;0;1;0;1;2
83464431;"13/05/16";"Sexta";"09:00:00";"MG";40;"792,9";"JUIZ DE FORA";"Velocidade incompatível";"Colisão com objeto fixo";"Com Vítimas Feridas";"Pleno dia";"Decrescente";"Nublado";"Dupla";"Reta";"Urbano";1;0;1;0;0;0;1;1
83464432;"13/05/16";"Sexta";"09:00:00";"MG";40;"328";"FELIXLANDIA";"Falta de atenção";"Colisão com objeto fixo";"Sem Vítimas";"Pleno dia";"Crescente";"Ceu Claro";"Dupla";"Reta";"Rural";1;0;0;0;1;0;0;1
83464433;"13/05/16";"Sexta";"09:45:00";"PR";116;"22,4";"ANTONINA";"Velocidade incompatível";"Capotamento";"Sem Vítimas";"Pleno dia";"Crescente";"Chuva";"Dupla";"Reta";"Rural";1;0;0;0;1;0;0;1
83464434;"08/05/16";"Domingo";"18:50:00";"GO";60;"137";"GOIANIA";"Ingestão de álcool";"Colisão traseira";"Sem Vítimas";"Plena noite";"Decrescente";"Ceu Claro";"Dupla";"Reta";"Rural";2;0;0;0;2;0;0;2
83464435;"13/05/16";"Sexta";"08:30:00";"PR";277;"1,7";"PARANAGUA";"Outras";"Queda de motocicleta / bicicleta / veículo";"Com Vítimas Feridas";"Pleno dia";"Crescente";"Chuva";"Dupla";"Reta";"Urbano";1;0;1;0;0;0;1;1
83464436;"13/05/16";"Sexta";"07:30:00";"MT";163;"582,5";"NOVA MUTUM";"Falta de atenção";"Colisão lateral";"Com Vítimas Feridas";"Pleno dia";"Decrescente";"Ignorada";"Simples";"Reta";"Rural";3;0;1;0;2;0;1;2
83464437;"09/05/16";"Segunda";"16:55:00";"CE";20;"418,9";"MARACANAU";"Não guardar distância de segurança";"Colisão traseira";"Sem Vítimas";"Anoitecer";"Crescente";"Ceu Claro";"Simples";"Reta";"Urbano";2;0;0;0;2;0;0;2
83464438;"04/05/16";"Quarta";"19:25:00";"MG";40;"427,5";"PARAOPEBA";"Outras";"Tombamento";"Com Vítimas Feridas";"Plena noite";"Crescente";"Ceu Claro";"Dupla";"Reta";"Rural";1;0;0;1;0;0;1;1
83464439;"13/05/16";"Sexta";"12:30:00";"CE";116;"37,5";"HORIZONTE";"Falta de atenção";"Colisão traseira";"Com Vítimas Feridas";"Pleno dia";"Decrescente";"Sol";"Dupla";"Reta";"Urbano";2;0;1;0;1;0;1;2
83464440;"13/05/16";"Sexta";"13:50:00";"MG";381;"615";"OLIVEIRA";"Falta de atenção";"Colisão traseira";"Com Vítimas Feridas";"Pleno dia";"Crescente";"Sol";"Dupla";"Reta";"Rural";2;0;1;0;1;0;1;2
83464442;"13/05/16";"Sexta";"14:00:00";"SP";116;"469,4";"JACUPIRANGA";"Outras";"Saída de Pista";"Sem Vítimas";"Pleno dia";"Crescente";"Chuva";"Dupla";"Reta";"Rural";1;0;0;0;1;0;0;1
83464443;"09/05/16";"Segunda";"15:30:00";"SC";101;"109";"NAVEGANTES";"Outras";"Colisão traseira";"Sem Vítimas";"Pleno dia";"Decrescente";"Sol";"Dupla";"Reta";"Urbano";2;0;0;0;2;0;0;2
83464444;"10/05/16";"Terça";"07:40:00";"RJ";116;"168";"SAO JOAO DE MERITI";"Não guardar distância de segurança";"Colisão lateral";"Com Vítimas Feridas";"Pleno dia";"Decrescente";"Nublado";"Dupla";"Reta";"Urbano";2;0;1;0;1;0;1;2
83464445;"06/05/16";"Sexta";"07:00:00";"SC";470;"70";"INDAIAL";"Falta de atenção";"Tombamento";"Com Vítimas Feridas";"Pleno dia";"Decrescente";"Nublado";"Simples";"Cruzamento";"Urbano";2;0;2;0;0;0;2;1
83464446;"13/05/16";"Sexta";"13:50:00";"PR";116;"59";"CAMPINA GRANDE DO SUL";"Velocidade incompatível";"Saída de Pista";"Sem Vítimas";"Pleno dia";"Crescente";"Chuva";"Dupla";"Curva";"Rural";1;0;0;0;1;0;0;1
83464447;"13/05/16";"Sexta";"13:00:00";"PR";376;"664";"GUARATUBA";"Velocidade incompatível";"Saída de Pista";"Com Vítimas Feridas";"Pleno dia";"Decrescente";"Chuva";"Dupla";"Curva";"Rural";3;0;3;0;0;0;3;1
83464449;"09/05/16";"Segunda";"14:00:00";"SP";381;"3";"VARGEM";"Velocidade incompatível";"Colisão lateral";"Com Vítimas Feridas";"Pleno dia";"Crescente";"Chuva";"Dupla";"Curva";"Rural";2;0;1;0;1;0;1;2
83464450;"09/05/16";"Segunda";"16:40:00";"BA";116;"891,1";"CANDIDO SALES";"Velocidade incompatível";"Capotamento";"Sem Vítimas";"Pleno dia";"Crescente";"Ceu Claro";"Simples";"Reta";"Rural";1;0;0;0;1;0;0;1
83464451;"13/05/16";"Sexta";"14:30:00";"GO";153;"629,2";"MORRINHOS";"Velocidade incompatível";"Capotamento";"Com Vítimas Feridas";"Pleno dia";"Decrescente";"Ceu Claro";"Dupla";"Reta";"Rural";1;0;1;0;0;0;1;1
83464452;"06/05/16";"Sexta";"19:00:00";"SC";101;"81";"BARRA VELHA";"Não guardar distância de segurança";"Colisão traseira";"Sem Vítimas";"Plena noite";"Decrescente";"Nublado";"Dupla";"Reta";"Rural";2;0;0;0;2;0;0;2
83464453;"13/05/16";"Sexta";"11:30:00";"SC";282;"234";"LAGES";"Outras";"Colisão traseira";"Com Vítimas Feridas";"Pleno dia";"Decrescente";"Ceu Claro";"Simples";"Reta";"Rural";3;0;1;0;2;0;1;2
83464454;"13/05/16";"Sexta";"16:10:00";"RJ";101;"322";"NITEROI";"Falta de atenção";"Colisão lateral";"Com Vítimas Feridas";"Pleno dia";"Decrescente";"Chuva";"Dupla";"Reta";"Urbano";2;0;1;0;1;0;1;2
83464455;"05/05/16";"Quinta";"15:00:00";"MA";135;"3,5";"SAO LUIS";"Outras";"Colisão Transversal";"Com Vítimas Feridas";"Pleno dia";"Crescente";"Chuva";"Dupla";"Curva";"Urbano";2;0;0;1;1;0;1;2
83464456;"13/05/16";"Sexta";"16:00:00";"RS";386;"236,4";"SOLEDADE";"Não guardar distância de segurança";"Colisão traseira";"Sem Vítimas";"Pleno dia";"Decrescente";"Sol";"Simples";"Reta";"Rural";2;0;0;0;2;0;0;2
83464457;"09/05/16";"Segunda";"09:35:00";"PR";277;"129";"BALSA NOVA";"Velocidade incompatível";"Tombamento";"Sem Vítimas";"Pleno dia";"Decrescente";"Ceu Claro";"Dupla";"Reta";"Rural";1;0;0;0;1;0;0;1
83464458;"07/05/16";"Sábado";"18:55:00";"DF";20;"23,6";"BRASILIA";"Ingestão de álcool";"Colisão frontal";"Com Vítimas Feridas";"Plena noite";"Crescente";"Ceu Claro";"Dupla";"Reta";"Rural";4;0;0;4;0;0;4;2
83464460;"13/05/16";"Sexta";"11:20:00";"BA";324;"513";"FEIRA DE SANTANA";"Desobediência à sinalização";"Colisão frontal";"Sem Vítimas";"Pleno dia";"Crescente";"Ceu Claro";"Simples";"Reta";"Urbano";2;0;0;0;2;0;0;2
83464461;"13/05/16";"Sexta";"14:30:00";"RJ";101;"262";"RIO BONITO";"Outras";"Colisão com objeto fixo";"Sem Vítimas";"Pleno dia";"Decrescente";"Chuva";"Dupla";"Reta";"Urbano";1;0;0;0;1;0;0;1
83464463;"13/05/16";"Sexta";"16:30:00";"RJ";116;"131";"MAGE";"Outras";"Colisão com objeto fixo";"Sem Vítimas";"Pleno dia";"Decrescente";"Chuva";"Dupla";"Reta";"Rural";1;0;0;0;1;0;0;1
83464464;"08/05/16";"Domingo";"15:00:00";"SC";101;"372";"ICARA";"Velocidade incompatível";"Capotamento";"Com Vítimas Fatais";"Pleno dia";"Crescente";"Ceu Claro";"Dupla";"Reta";"Rural";4;1;2;0;1;0;2;2
83464465;"13/05/16";"Sexta";"16:05:00";"PR";369;"144,7";"LONDRINA";"Outras";"Colisão traseira";"Com Vítimas Feridas";"Pleno dia";"Decrescente";"Nublado";"Dupla";"Reta";"Urbano";2;0;1;0;1;0;1;2
83464466;"09/05/16";"Segunda";"22:40:00";"GO";70;"174";"ITAGUARI";"Animais na Pista";"Atropelamento de animal";"Sem Vítimas";"Plena noite";"Decrescente";"Ignorada";"Simples";"Reta";"Rural";1;0;0;0;1;0;0;1
83464467;"13/05/16";"Sexta";"16:00:00";"BA";116;"574";"BREJOES";"Ingestão de álcool";"Atropelamento de pessoa";"Sem Vítimas";"Pleno dia";"Decrescente";"Ceu Claro";"Simples";"Reta";"Urbano";2;0;0;0;1;1;0;1
83464469;"03/05/16";"Terça";"13:50:00";"AC";364;"128";"RIO BRANCO";"Ultrapassagem indevida";"Colisão lateral";"Com Vítimas Fatais";"Pleno dia";"Crescente";"Ceu Claro";"Simples";"Reta";"Urbano";2;1;0;0;1;0;0;2
83464470;"13/05/16";"Sexta";"12:20:00";"PR";163;"153,8";"SANTA LUCIA";"Outras";"Tombamento";"Sem Vítimas";"Pleno dia";"Decrescente";"Sol";"Múltipla";"Reta";"Rural";1;0;0;0;1;0;0;1
83464471;"03/01/16";"Domingo";"15:00:00";"SP";116;"507,4";"CAJATI";"Velocidade incompatível";"Saída de Pista";"Sem Vítimas";"Pleno dia";"Decrescente";"Chuva";"Simples";"Curva";"Rural";1;0;0;0;1;0;0;1
83464472;"09/05/16";"Segunda";"15:15:00";"PE";101;"36";"IGARASSU";"Falta de atenção";"Colisão traseira";"Com Vítimas Fatais";"Pleno dia";"Decrescente";"Chuva";"Múltipla";"Reta";"Rural";2;1;0;0;0;1;0;2
83464473;"13/05/16";"Sexta";"16:00:00";"SP";153;"63,2";"SAO JOSE DO RIO PRETO";"Falta de atenção";"Colisão traseira";"Sem Vítimas";"Pleno dia";"Decrescente";"Ceu Claro";"Dupla";"Reta";"Urbano";2;0;0;0;2;0;0;2
83464474;"13/05/16";"Sexta";"17:08:00";"CE";222;"1,7";"SOBRAL";"Falta de atenção";"Colisão lateral";"Com Vítimas Feridas";"Pleno dia";"Crescente";"Ceu Claro";"Dupla";"Reta";"Urbano";5;0;1;1;3;0;2;2
83464475;"13/05/16";"Sexta";"12:50:00";"SP";116;"564";"BARRA DO TURVO";"Velocidade incompatível";"Capotamento";"Com Vítimas Feridas";"Pleno dia";"Decrescente";"Chuva";"Dupla";"Curva";"Rural";2;0;1;0;1;0;1;1
83464476;"13/05/16";"Sexta";"14:00:00";"PR";277;"3";"PARANAGUA";"Velocidade incompatível";"Colisão lateral";"Sem Vítimas";"Pleno dia";"Crescente";"Chuva";"Dupla";"Reta";"Urbano";2;0;0;0;2;0;0;2
83464477;"11/05/16";"Quarta";"10:40:00";"PB";230;"489";"CAJAZEIRAS";"Falta de atenção";"Colisão traseira";"Sem Vítimas";"Pleno dia";"Crescente";"Nublado";"Simples";"Reta";"Urbano";2;0;0;0;2;0;0;2
83464478;"13/05/16";"Sexta";"13:50:00";"PR";277;"6,8";"PARANAGUA";"Velocidade incompatível";"Colisão frontal";"Com Vítimas Feridas";"Pleno dia";"Crescente";"Chuva";"Dupla";"Reta";"Urbano";2;0;2;0;0;0;2;2
83464479;"13/05/16";"Sexta";"10:30:00";"RS";116;"585,8";"ARROIO GRANDE";"Velocidade incompatível";"Colisão traseira";"Com Vítimas Fatais";"Pleno dia";"Crescente";"Nublado";"Simples";"Reta";"Rural";2;1;1;0;0;0;1;2
83464480;"12/05/16";"Quinta";"12:15:00";"SP";116;"222,5";"GUARULHOS";"Outras";"Colisão lateral";"Com Vítimas Fatais";"Pleno dia";"Decrescente";"Nublado";"Múltipla";"Reta";"Urbano";3;1;0;0;2;0;0;3
83464481;"13/05/16";"Sexta";"18:00:00";"MG";381;"497";"BETIM";"Defeito na via";"Capotamento";"Com Vítimas Feridas";"Plena noite";"Crescente";"Ceu Claro";"Dupla";"Curva";"Urbano";3;0;1;0;2;0;1;1
83464482;"13/05/16";"Sexta";"11:45:00";"PR";277;"117";"CAMPO LARGO";"Falta de atenção";"Colisão traseira";"Sem Vítimas";"Pleno dia";"Decrescente";"Ceu Claro";"Dupla";"Reta";"Urbano";3;0;0;0;3;0;0;2
83464483;"13/05/16";"Sexta";"10:30:00";"RJ";465;"12";"SEROPEDICA";"Desobediência à sinalização";"Colisão Transversal";"Com Vítimas Feridas";"Pleno dia";"Crescente";"Nublado";"Simples";"Reta";"Urbano";3;0;2;0;1;0;2;2
83464484;"13/05/16";"Sexta";"14:50:00";"SC";101;"158,3";"PORTO BELO";"Outras";"Colisão com objeto fixo";"Com Vítimas Feridas";"Pleno dia";"Decrescente";"Nublado";"Dupla";"Curva";"Rural";2;0;1;0;1;0;1;1
83464485;"13/05/16";"Sexta";"16:15:00";"SP";116;"515,2";"CAJATI";"Velocidade incompatível";"Saída de Pista";"Com Vítimas Feridas";"Pleno dia";"Decrescente";"Nublado";"Dupla";"Curva";"Rural";4;0;4;0;0;0;4;1
83464486;"13/05/16";"Sexta";"16:30:00";"SC";101;"150";"ITAPEMA";"Falta de atenção";"Colisão Transversal";"Com Vítimas Feridas";"Pleno dia";"Decrescente";"Ceu Claro";"Simples";"Reta";"Urbano";2;0;1;0;1;0;1;2
83464487;"13/05/16";"Sexta";"14:00:00";"SC";282;"470";"VARGEAO";"Falta de atenção";"Colisão traseira";"Sem Vítimas";"Pleno dia";"Crescente";"Ceu Claro";"Simples";"Reta";"Rural";2;0;0;0;2;0;0;2
83464488;"13/05/16";"Sexta";"15:00:00";"SC";282;"346,5";"CAMPOS NOVOS";"Outras";"Colisão frontal";"Com Vítimas Fatais";"Pleno dia";"Decrescente";"Sol";"Simples";"Reta";"Rural";2;1;0;0;1;0;0;2
83464489;"13/05/16";"Sexta";"10:20:00";"PI";316;"158,3";"ELESBAO VELOSO";"Falta de atenção";"Colisão Transversal";"Com Vítimas Feridas";"Pleno dia";"Crescente";"Sol";"Simples";"Reta";"Rural";2;0;0;1;1;0;1;2
83464490;"13/05/16";"Sexta";"15:05:00";"GO";40;"2,2";"VALPARAISO DE GOIAS";"Falta de atenção";"Colisão Transversal";"Sem Vítimas";"Pleno dia";"Decrescente";"Sol";"Dupla";"Reta";"Urbano";2;0;0;0;2;0;0;2
83464491;"13/05/16";"Sexta";"09:23:00";"PR";163;"270,3";"TOLEDO";"Dormindo";"Colisão frontal";"Com Vítimas Feridas";"Pleno dia";"Crescente";"Ceu Claro";"Simples";"Curva";"Rural";3;0;1;1;1;0;2;3
83464493;"13/05/16";"Sexta";"17:15:00";"MG";365;"624";"UBERLANDIA";"Outras";"Queda de motocicleta / bicicleta / veículo";"Com Vítimas Feridas";"Pleno dia";"Decrescente";"Ceu Claro";"Simples";"Reta";"Urbano";3;0;3;0;0;0;3;1
83464494;"13/05/16";"Sexta";"13:40:00";"MG";262;"592,2";"CAMPOS ALTOS";"Velocidade incompatível";"Capotamento";"Com Vítimas Feridas";"Pleno dia";"Decrescente";"Chuva";"Simples";"Curva";"Rural";4;0;4;0;0;0;4;1
83464495;"13/05/16";"Sexta";"17:00:00";"SC";101;"306,2";"LAGUNA";"Outras";"Colisão lateral";"Sem Vítimas";"Anoitecer";"Crescente";"Ceu Claro";"Dupla";"Reta";"Rural";2;0;0;0;2;0;0;2
83464496;"13/05/16";"Sexta";"11:40:00";"MG";116;"429,5";"ALPERCATA";"Falta de atenção";"Colisão Transversal";"Com Vítimas Feridas";"Pleno dia";"Decrescente";"Nublado";"Simples";"Reta";"Rural";2;0;1;1;0;0;2;2