"id";"data_inversa";"dia_semana";"horario";"uf";"br";"km";"municipio";"causa_acidente";"tipo_acidente";"classificacao_acidente";"fase_dia";"sentido_via";"condicao_metereologica";"tipo_pista";"tracado_via";"uso_solo";"pessoas";"mortos";"feridos_leves";"feridos_graves";"ilesos";"ignorados";"feridos";"veiculos"
83464497;"13/05/16";"Sexta";"15:28:00";"MG";40;"574";"ITABIRITO";"Ingestão de álcool";"Atropelamento de pessoa";"Com Vítimas Feridas";"Pleno dia";"Crescente";"Ceu Claro";"Simples";"Reta";"Rural";2;0;0;1;1;0;1;1
83464498;"13/05/16";"Sexta";"16:30:00";"CE";116;"453";"BARRO";"Desobediência à sinalização";"Colisão Transversal";"Com Vítimas Feridas";"Pleno dia";"Crescente";"Ceu Claro";"Simples";"Reta";"Rural";2;0;2;0;0;0;2;2
83464499;"13/05/16";"Sexta";"19:00:00";"PR";277;"715";"SANTA TEREZINHA DE ITAIPU";"Falta de atenção";"Colisão traseira";"Sem Vítimas";"Plena noite";"Decrescente";"Ceu Claro";"Dupla";"Reta";"Rural";4;0;0;0;4;0;0;2
83464500;"13/05/16";"Sexta";"18:03:00";"MG";381;"493,2";"BETIM";"Não guardar distância de segurança";"Colisão traseira";"Com Vítimas Feridas";"Anoitecer";"Crescente";"Ceu Claro";"Múltipla";"Reta";"Urbano";5;0;3;0;2;0;3;3
83464501;"09/05/16";"Segunda";"21:00:00";"PE";101;"4";"GOIANA";"Outras";"Saída de Pista";"Com Vítimas Feridas";"Plena noite";"Decrescente";"Chuva";"Dupla";"Curva";"Rural";1;0;1;0;0;0;1;1
83464502;"13/05/16";"Sexta";"14:20:00";"SC";282;"517,2";"XAXIM";"Outras";"Saída de Pista";"Sem Vítimas";"Pleno dia";"Decrescente";"Ceu Claro";"Simples";"Reta";"Urbano";3;0;0;0;3;0;0;3
83464503;"13/05/16";"Sexta";"16:02:00";"SC";282;"514";"XAXIM";"Não guardar distância de segurança";"Colisão traseira";"Sem Vítimas";"Pleno dia";"Crescente";"Ceu Claro";"Simples";"Reta";"Rural";4;0;0;0;4;0;0;4
83464504;"13/05/16";"Sexta";"15:00:00";"BA";415;"51";"ITABUNA";"Falta de atenção";"Colisão traseira";"Com Vítimas Feridas";"Pleno dia";"Crescente";"Nublado";"Simples";"Reta";"Urbano";2;0;1;0;1;0;1;2
83464505;"13/05/16";"Sexta";"16:25:00";"BA";101;"622";"MASCOTE";"Outras";"Queda de motocicleta / bicicleta / veículo";"Com Vítimas Feridas";"Pleno dia";"Decrescente";"Nublado";"Simples";"Curva";"Rural";1;0;0;1;0;0;1;1
83464506;"13/05/16";"Sexta";"18:40:00";"RS";470;"280,8";"SAO JOSE DO SUL";"Falta de atenção";"Colisão com bicicleta";"Com Vítimas Feridas";"Anoitecer";"Decrescente";"Nublado";"Simples";"Curva";"Rural";2;0;0;2;0;0;2;2
83464507;"13/05/16";"Sexta";"15:30:00";"PR";376;"655";"GUARATUBA";"Velocidade incompatível";"Colisão com objeto fixo";"Sem Vítimas";"Pleno dia";"Decrescente";"Chuva";"Dupla";"Curva";"Rural";1;0;0;0;1;0;0;1
83464508;"13/05/16";"Sexta";"15:00:00";"SC";470;"190,6";"POUSO REDONDO";"Falta de atenção";"Colisão lateral";"Com Vítimas Feridas";"Pleno dia";"Decrescente";"Nublado";"Simples";"Reta";"Rural";3;0;1;1;1;0;2;2
83464509;"13/05/16";"Sexta";"18:25:00";"GO";60;"172";"ABADIA DE GOIAS";"Outras";"Queda de motocicleta / bicicleta / veículo";"Com Vítimas Feridas";"Anoitecer";"Crescente";"Ceu Claro";"Dupla";"Reta";"Urbano";1;0;0;1;0;0;1;1
83464510;"13/05/16";"Sexta";"18:10:00";"RN";304;"34";"MOSSORO";"Falta de atenção";"Colisão lateral";"Sem Vítimas";"Plena noite";"Crescente";"Ceu Claro";"Dupla";"Reta";"Urbano";2;0;0;0;2;0;0;2
83464511;"13/05/16";"Sexta";"13:45:00";"MG";116;"280,3";"TEOFILO OTONI";"Velocidade incompatível";"Atropelamento de pessoa";"Com Vítimas Fatais";"Pleno dia";"Decrescente";"Sol";"Simples";"Reta";"Rural";3;1;0;1;1;0;1;1
83464512;"13/05/16";"Sexta";"17:40:00";"MA";10;"255";"IMPERATRIZ";"Animais na Pista";"Atropelamento de animal";"Com Vítimas Feridas";"Pleno dia";"Decrescente";"Ceu Claro";"Simples";"Reta";"Urbano";2;0;1;1;0;0;2;1
83464513;"13/05/16";"Sexta";"13:15:00";"SC";282;"520";"XAXIM";"Ultrapassagem indevida";"Colisão frontal";"Com Vítimas Feridas";"Pleno dia";"Decrescente";"Sol";"Simples";"Reta";"Rural";4;0;2;1;1;0;3;3
83464514;"13/05/16";"Sexta";"18:20:00";"PR";376;"315,8";"ORTIGUEIRA";"Falta de atenção";"Colisão Transversal";"Com Vítimas Feridas";"Plena noite";"Decrescente";"Nublado";"Simples";"Reta";"Rural";2;0;0;1;1;0;1;2
83464515;"11/05/16";"Quarta";"19:30:00";"PR";277;"359,1";"GUARAPUAVA";"Outras";"Queda de motocicleta / bicicleta / veículo";"Com Vítimas Fatais";"Plena noite";"Decrescente";"Nublado";"Simples";"Reta";"Rural";2;1;0;0;0;1;0;2
83464516;"13/05/16";"Sexta";"18:15:00";"MG";116;"274,9";"TEOFILO OTONI";"Ultrapassagem indevida";"Colisão lateral";"Com Vítimas Feridas";"Anoitecer";"Crescente";"Nublado";"Simples";"Reta";"Urbano";2;0;1;0;1;0;1;2
83464517;"13/05/16";"Sexta";"18:00:00";"PA";230;"629,5";"ALTAMIRA";"Outras";"Colisão traseira";"Com Vítimas Feridas";"Pleno dia";"Decrescente";"Chuva";"Simples";"Reta";"Urbano";7;0;2;0;5;0;2;3
83464518;"13/05/16";"Sexta";"15:00:00";"PE";407;"126,3";"PETROLINA";"Falta de atenção";"Colisão traseira";"Sem Vítimas";"Pleno dia";"Decrescente";"Ceu Claro";"Simples";"Reta";"Urbano";3;0;0;0;3;0;0;3
83464519;"13/05/16";"Sexta";"18:15:00";"PR";376;"593,7";"CURITIBA";"Outras";"Atropelamento de pessoa";"Com Vítimas Feridas";"Plena noite";"Crescente";"Nublado";"Dupla";"Reta";"Urbano";2;0;0;1;1;0;1;1
83464520;"13/05/16";"Sexta";"18:15:00";"MS";163;"276";"DOURADOS";"Outras";"Saída de Pista";"Com Vítimas Feridas";"Plena noite";"Crescente";"Ceu Claro";"Dupla";"Reta";"Rural";2;0;1;0;1;0;1;1
83464521;"02/05/16";"Segunda";"17:20:00";"PR";376;"630";"SAO JOSE DOS PINHAIS";"Outras";"Colisão lateral";"Com Vítimas Feridas";"Anoitecer";"Decrescente";"Ceu Claro";"Dupla";"Reta";"Rural";2;0;1;0;1;0;1;2
83464522;"13/05/16";"Sexta";"13:10:00";"SC";282;"560,9";"NOVA ERECHIM";"Não guardar distância de segurança";"Colisão traseira";"Sem Vítimas";"Pleno dia";"Crescente";"Sol";"Simples";"Reta";"Rural";3;0;0;0;3;0;0;3
83464523;"13/05/16";"Sexta";"20:00:00";"MG";251;"521";"MONTES CLAROS";"Outras";"Colisão traseira";"Sem Vítimas";"Plena noite";"Crescente";"Chuva";"Simples";"Reta";"Rural";2;0;0;0;2;0;0;2
83464524;"13/05/16";"Sexta";"15:00:00";"BA";324;"595";"CANDEIAS";"Outras";"Queda de motocicleta / bicicleta / veículo";"Com Vítimas Feridas";"Pleno dia";"Decrescente";"Ceu Claro";"Dupla";"Curva";"Rural";1;0;1;0;0;0;1;1
83464525;"13/05/16";"Sexta";"18:15:00";"PR";153;"332,5";"IRATI";"Falta de atenção";"Colisão lateral";"Com Vítimas Feridas";"Plena noite";"Crescente";"Ceu Claro";"Simples";"Reta";"Urbano";2;0;0;1;1;0;1;2
83464526;"09/05/16";"Segunda";"08:00:00";"RN";304;"226,4";"CAICARA DO RIO DO VENTO";"Velocidade incompatível";"Colisão traseira";"Sem Vítimas";"Pleno dia";"Crescente";"Nublado";"Simples";"Reta";"Rural";3;0;0;0;3;0;0;3
83464527;"13/05/16";"Sexta";"18:00:00";"MT";163;"787";"VERA";"Velocidade incompatível";"Colisão Transversal";"Com Vítimas Feridas";"Anoitecer";"Decrescente";"Ceu Claro";"Simples";"Reta";"Rural";2;0;1;0;1;0;1;2
83464529;"13/05/16";"Sexta";"20:00:00";"BA";101;"109";"ALAGOINHAS";"Ingestão de álcool";"Colisão frontal";"Sem Vítimas";"Plena noite";"Decrescente";"Ceu Claro";"Simples";"Reta";"Urbano";2;0;0;0;2;0;0;2
83464530;"13/05/16";"Sexta";"10:20:00";"MG";116;"523";"CARATINGA";"Falta de atenção";"Colisão Transversal";"Sem Vítimas";"Pleno dia";"Decrescente";"Nublado";"Simples";"Reta";"Urbano";2;0;0;0;2;0;0;2
83464531;"13/05/16";"Sexta";"18:00:00";"RS";116;"266";"CANOAS";"Falta de atenção";"Colisão lateral";"Com Vítimas Feridas";"Anoitecer";"Decrescente";"Nublado";"Dupla";"Reta";"Urbano";2;0;1;0;1;0;1;2
83464532;"13/05/16";"Sexta";"16:50:00";"RS";386;"441,5";"CANOAS";"Falta de atenção";"Colisão traseira";"Sem Vítimas";"Pleno dia";"Decrescente";"Ceu Claro";"Dupla";"Reta";"Rural";3;0;0;0;3;0;0;3
83464533;"13/05/16";"Sexta";"00:30:00";"SC";101;"289,5";"IMBITUBA";"Falta de atenção";"Colisão com objeto fixo";"Sem Vítimas";"Plena noite";"Decrescente";"Ceu Claro";"Dupla";"Reta";"Urbano";1;0;0;0;1;0;0;1
83464534;"10/05/16";"Terça";"08:00:00";"RJ";356;"127";"CAMPOS DOS GOYTACAZES";"Outras";"Saída de Pista";"Com Vítimas Fatais";"Plena noite";"Crescente";"Ceu Claro";"Simples";"Reta";"Rural";1;1;0;0;0;0;0;1
83464535;"13/05/16";"Sexta";"19:00:00";"RJ";40;"123";"RIO DE JANEIRO";"Falta de atenção";"Colisão traseira";"Com Vítimas Feridas";"Plena noite";"Decrescente";"Chuva";"Múltipla";"Reta";"Urbano";4;0;2;0;2;0;2;4
83464536;"13/05/16";"Sexta";"20:00:00";"RJ";116;"229,9";"PIRAI";"Outras";"Colisão com objeto fixo";"Sem Vítimas";"Plena noite";"Decrescente";"Chuva";"Dupla";"Curva";"Urbano";2;0;0;0;2;0;0;1
83464537;"13/05/16";"Sexta";"18:10:00";"RS";285;"132";"VACARIA";"Falta de atenção";"Colisão Transversal";"Com Vítimas Feridas";"Anoitecer";"Crescente";"Ceu Claro";"Simples";"Cruzamento";"Rural";2;0;1;0;1;0;1;2
83464538;"13/05/16";"Sexta";"19:50:00";"PR";376;"155,5";"MANDAGUACU";"Falta de atenção";"Colisão Transversal";"Sem Vítimas";"Plena noite";"Decrescente";"Ceu Claro";"Simples";"Reta";"Urbano";5;0;0;0;5;0;0;2
83464539;"13/05/16";"Sexta";"16:00:00";"GO";452;"40,2";"SANTA HELENA DE GOIAS";"Outras";"Tombamento";"Sem Vítimas";"Pleno dia";"Crescente";"Sol";"Dupla";"Reta";"Rural";1;0;0;0;1;0;0;1
83464540;"13/05/16";"Sexta";"18:50:00";"PA";163;"996";"SANTAREM";"Falta de atenção";"Colisão traseira";"Com Vítimas Feridas";"Plena noite";"Decrescente";"Ceu Claro";"Simples";"Reta";"Urbano";3;0;1;1;1;0;2;2
83464541;"13/05/16";"Sexta";"17:30:00";"RO";364;"46";"VILHENA";"Outras";"Tombamento";"Com Vítimas Feridas";"Pleno dia";"Crescente";"Ceu Claro";"Simples";"Reta";"Rural";1;0;1;0;0;0;1;1
83464542;"08/05/16";"Domingo";"08:35:00";"SP";116;"43,8";"CANAS";"Ingestão de álcool";"Saída de Pista";"Sem Vítimas";"Pleno dia";"Crescente";"Sol";"Dupla";"Reta";"Rural";1;0;0;0;1;0;0;1
83464543;"09/05/16";"Segunda";"18:30:00";"PR";277;"84";"CURITIBA";"Falta de atenção";"Colisão traseira";"Com Vítimas Feridas";"Plena noite";"Decrescente";"Ceu Claro";"Dupla";"Reta";"Urbano";2;0;0;1;1;0;1;2
83464544;"13/05/16";"Sexta";"20:14:00";"MG";262;"361,5";"JUATUBA";"Falta de atenção";"Colisão lateral";"Com Vítimas Feridas";"Plena noite";"Decrescente";"Ceu Claro";"Dupla";"Reta";"Rural";6;0;1;0;5;0;1;2
83464545;"13/05/16";"Sexta";"20:15:00";"PR";376;"655,5";"TIJUCAS DO SUL";"Velocidade incompatível";"Colisão lateral";"Com Vítimas Feridas";"Plena noite";"Decrescente";"Nevoeiro/neblina";"Dupla";"Curva";"Rural";4;0;1;0;2;1;1;4
83464546;"13/05/16";"Sexta";"17:55:00";"GO";153;"501,2";"GOIANIA";"Falta de atenção";"Colisão traseira";"Com Vítimas Feridas";"Anoitecer";"Decrescente";"Chuva";"Dupla";"Reta";"Urbano";3;0;0;1;2;0;1;2
83464547;"13/05/16";"Sexta";"21:20:00";"RJ";116;"228";"PIRAI";"Outras";"Colisão com objeto fixo";"Sem Vítimas";"Plena noite";"Decrescente";"Chuva";"Dupla";"Curva";"Rural";1;0;0;0;1;0;0;1
83464548;"13/05/16";"Sexta";"19:50:00";"ES";101;"144";"LINHARES";"Outras";"Queda de motocicleta / bicicleta / veículo";"Com Vítimas Feridas";"Plena noite";"Decrescente";"Nublado";"Múltipla";"Reta";"Urbano";1;0;1;0;0;0;1;1
83464549;"13/05/16";"Sexta";"15:45:00";"RS";293;"192";"BAGE";"Outras";"Colisão lateral";"Com Vítimas Feridas";"Pleno dia";"Crescente";"Sol";"Simples";"Reta";"Rural";5;0;2;1;2;0;3;4
83464550;"13/05/16";"Sexta";"19:00:00";"MT";364;"307";"JACIARA";"Falta de atenção";"Saída de Pista";"Sem Vítimas";"Plena noite";"Decrescente";"Vento";"Múltipla";"Reta";"Rural";1;0;0;0;1;0;0;1
83464551;"13/05/16";"Sexta";"19:30:00";"MS";163;"490";"CAMPO GRANDE";"Outras";"Saída de Pista";"Com Vítimas Feridas";"Plena noite";"Decrescente";"Ceu Claro";"Simples";"Reta";"Urbano";3;0;1;0;1;1;1;2
83464552;"13/05/16";"Sexta";"19:45:00";"SC";282;"259,9";"SAO JOSE DO CERRITO";"Falta de atenção";"Colisão Transversal";"Com Vítimas Feridas";"Plena noite";"Decrescente";"Nublado";"Simples";"Reta";"Rural";3;0;2;0;1;0;2;2
83464553;"13/05/16";"Sexta";"18:00:00";"MG";135;"458";"BOCAIUVA";"Defeito na via";"Queda de motocicleta / bicicleta / veículo";"Com Vítimas Feridas";"Anoitecer";"Crescente";"Ceu Claro";"Simples";"Reta";"Rural";2;0;1;1;0;0;2;1
83464554;"13/05/16";"Sexta";"19:30:00";"MT";364;"405";"CUIABA";"Falta de atenção";"Colisão lateral";"Com Vítimas Feridas";"Plena noite";"Decrescente";"Ceu Claro";"Dupla";"Reta";"Urbano";2;0;0;1;1;0;1;2
83464555;"10/05/16";"Terça";"13:45:00";"MT";163;"1031";"PEIXOTO DE AZEVEDO";"Falta de atenção";"Colisão lateral";"Com Vítimas Feridas";"Pleno dia";"Decrescente";"Ceu Claro";"Simples";"Reta";"Urbano";4;0;2;0;2;0;2;2
83464556;"13/05/16";"Sexta";"21:45:00";"PR";369;"201";"APUCARANA";"Falta de atenção";"Atropelamento de pessoa";"Sem Vítimas";"Plena noite";"Decrescente";"Ceu Claro";"Simples";"Cruzamento";"Urbano";2;0;0;0;1;1;0;1
83464557;"13/05/16";"Sexta";"20:50:00";"RS";285;"248,1";"CIRIACO";"Desobediência à sinalização";"Colisão frontal";"Com Vítimas Feridas";"Plena noite";"Crescente";"Nublado";"Simples";"Reta";"Rural";3;0;1;0;2;0;1;2
83464558;"13/05/16";"Sexta";"19:30:00";"SP";381;"43";"ATIBAIA";"Dormindo";"Colisão com objeto fixo";"Sem Vítimas";"Plena noite";"Crescente";"Nublado";"Dupla";"Reta";"Rural";1;0;0;0;1;0;0;1
83464559;"13/05/16";"Sexta";"21:50:00";"SP";381;"76";"ATIBAIA";"Dormindo";"Colisão com objeto fixo";"Sem Vítimas";"Plena noite";"Crescente";"Ignorada";"Dupla";"Curva";"Rural";2;0;0;0;2;0;0;2
83464560;"13/05/16";"Sexta";"22:40:00";"PR";277;"702";"SAO MIGUEL DO IGUACU";"Animais na Pista";"Capotamento";"Sem Vítimas";"Plena noite";"Decrescente";"Ceu Claro";"Dupla";"Reta";"Rural";1;0;0;0;1;0;0;1
83464561;"13/05/16";"Sexta";"20:30:00";"RJ";40;"86";"PETROPOLIS";"Velocidade incompatível";"Saída de Pista";"Com Vítimas Feridas";"Plena noite";"Decrescente";"Chuva";"Simples";"Curva";"Urbano";1;0;1;0;0;0;1;1
83464562;"13/05/16";"Sexta";"20:20:00";"RO";364;"12";"VILHENA";"Outras";"Colisão com objeto fixo";"Com Vítimas Feridas";"Plena noite";"Decrescente";"Ceu Claro";"Dupla";"Cruzamento";"Urbano";1;0;1;0;0;0;1;1
83464563;"13/05/16";"Sexta";"20:45:00";"PE";101;"77";"RECIFE";"Desobediência à sinalização";"Colisão traseira";"Com Vítimas Feridas";"Plena noite";"Crescente";"Ceu Claro";"Dupla";"Reta";"Urbano";2;0;1;0;1;0;1;2
83464564;"10/05/16";"Terça";"06:00:00";"SC";282;"340,5";"CAMPOS NOVOS";"Velocidade incompatível";"Tombamento";"Sem Vítimas";"Amanhecer";"Crescente";"Chuva";"Simples";"Curva";"Rural";1;0;0;0;1;0;0;1
83464565;"13/05/16";"Sexta";"18:30:00";"PR";153;"155,1";"VENTANIA";"Outras";"Capotamento";"Com Vítimas Fatais";"Plena noite";"Crescente";"Ceu Claro";"Simples";"Curva";"Rural";1;1;0;0;0;0;0;1
83464566;"13/05/16";"Sexta";"21:30:00";"MT";163;"115";"RONDONOPOLIS";"Falta de atenção";"Capotamento";"Sem Vítimas";"Plena noite";"Crescente";"Ceu Claro";"Dupla";"Reta";"Urbano";1;0;0;0;1;0;0;1
83464567;"13/05/16";"Sexta";"20:25:00";"RS";386;"393";"TRIUNFO";"Desobediência à sinalização";"Colisão Transversal";"Sem Vítimas";"Plena noite";"Crescente";"Ceu Claro";"Dupla";"Curva";"Rural";2;0;0;0;2;0;0;2
83464568;"13/05/16";"Sexta";"22:10:00";"PR";277;"75,1";"SAO JOSE DOS PINHAIS";"Outras";"Atropelamento de pessoa";"Com Vítimas Feridas";"Plena noite";"Decrescente";"Nublado";"Dupla";"Reta";"Urbano";2;0;1;0;1;0;1;1
83464569;"13/05/16";"Sexta";"20:20:00";"PE";428;"145";"PETROLINA";"Não guardar distância de segurança";"Colisão traseira";"Com Vítimas Feridas";"Plena noite";"Decrescente";"Ceu Claro";"Simples";"Reta";"Rural";3;0;1;0;2;0;1;3
83464570;"13/05/16";"Sexta";"23:20:00";"SP";116;"513,2";"CAJATI";"Velocidade incompatível";"Colisão com objeto fixo";"Sem Vítimas";"Plena noite";"Decrescente";"Chuva";"Dupla";"Curva";"Rural";1;0;0;0;1;0;0;1
83464571;"13/05/16";"Sexta";"23:10:00";"SC";470;"70,9";"INDAIAL";"Ingestão de álcool";"Colisão Transversal";"Sem Vítimas";"Plena noite";"Crescente";"Nublado";"Simples";"Cruzamento";"Urbano";2;0;0;0;2;0;0;2
83464572;"13/05/16";"Sexta";"14:15:00";"PR";116;"16";"ANTONINA";"Velocidade incompatível";"Capotamento";"Sem Vítimas";"Pleno dia";"Crescente";"Chuva";"Dupla";"Curva";"Rural";1;0;0;0;1;0;0;1
83464573;"13/05/16";"Sexta";"22:45:00";"PR";277;"724,8";"FOZ DO IGUACU";"Não guardar distância de segurança";"Colisão traseira";"Sem Vítimas";"Plena noite";"Decrescente";"Ceu Claro";"Dupla";"Reta";"Urbano";2;0;0;0;2;0;0;2
83464574;"13/05/16";"Sexta";"18:00:00";"SC";101;"357,6";"SANGAO";"Animais na Pista";"Atropelamento de animal";"Com Vítimas Feridas";"Plena noite";"Decrescente";"Nublado";"Dupla";"Reta";"Rural";2;0;1;0;1;0;1;2
83464575;"13/05/16";"Sexta";"21:25:00";"MG";40;"530";"CONTAGEM";"Não guardar distância de segurança";"Colisão traseira";"Com Vítimas Feridas";"Plena noite";"Crescente";"Nublado";"Dupla";"Reta";"Urbano";2;0;1;0;1;0;1;2
83464576;"13/05/16";"Sexta";"21:40:00";"PR";277;"724,6";"FOZ DO IGUACU";"Falta de atenção";"Atropelamento de pessoa";"Com Vítimas Fatais";"Plena noite";"Decrescente";"Nublado";"Dupla";"Reta";"Urbano";6;1;0;0;5;0;0;1
83464577;"13/05/16";"Sexta";"21:15:00";"SC";101;"131,6";"BALNEARIO CAMBORIU";"Desobediência à sinalização";"Colisão Transversal";"Com Vítimas Feridas";"Plena noite";"Crescente";"Ceu Claro";"Dupla";"Reta";"Urbano";2;0;1;0;1;0;1;2
83464578;"10/05/16";"Terça";"04:30:00";"GO";40;"5,2";"VALPARAISO DE GOIAS";"Falta de atenção";"Colisão lateral";"Com Vítimas Feridas";"Plena noite";"Decrescente";"Ceu Claro";"Dupla";"Reta";"Urbano";3;0;1;0;2;0;1;2
83464579;"13/05/16";"Sexta";"23:00:00";"RS";285;"518,8";"VITORIA DAS MISSOES";"Velocidade incompatível";"Atropelamento de animal";"Com Vítimas Feridas";"Plena noite";"Crescente";"Nublado";"Simples";"Reta";"Rural";2;0;1;0;1;0;1;1
83464580;"13/05/16";"Sexta";"09:20:00";"MA";10;"323";"ACAILANDIA";"Falta de atenção";"Colisão Transversal";"Com Vítimas Fatais";"Pleno dia";"Crescente";"Ceu Claro";"Simples";"Reta";"Urbano";4;2;0;0;0;2;0;2
83464581;"13/05/16";"Sexta";"22:50:00";"PR";373;"176,2";"PONTA GROSSA";"Falta de atenção";"Colisão traseira";"Sem Vítimas";"Plena noite";"Crescente";"Nublado";"Simples";"Reta";"Urbano";2;0;0;0;2;0;0;2
83464582;"13/05/16";"Sexta";"23:00:00";"SC";101;"26";"JOINVILLE";"Ingestão de álcool";"Saída de Pista";"Sem Vítimas";"Plena noite";"Decrescente";"Nublado";"Dupla";"Curva";"Urbano";1;0;0;0;1;0;0;1
83464583;"13/05/16";"Sexta";"18:30:00";"TO";153;"139,2";"ARAGUAINA";"Desobediência à sinalização";"Colisão Transversal";"Com Vítimas Feridas";"Anoitecer";"Crescente";"Ceu Claro";"Dupla";"Cruzamento";"Urbano";2;0;0;1;1;0;1;2
83464584;"13/05/16";"Sexta";"20:10:00";"SE";235;"37,3";"AREIA BRANCA";"Outras";"Atropelamento de pessoa";"Com Vítimas Feridas";"Plena noite";"Crescente";"Ceu Claro";"Simples";"Reta";"Rural";2;0;0;1;0;1;1;1
83464585;"14/05/16";"Sábado";"00:40:00";"SC";101;"447";"SANTA ROSA DO SUL";"Outras";"Colisão traseira";"Com Vítimas Feridas";"Plena noite";"Crescente";"Nublado";"Dupla";"Reta";"Urbano";3;0;1;1;1;0;2;2
83464586;"14/05/16";"Sábado";"00:40:00";"SC";101;"120,2";"ITAJAI";"Dormindo";"Colisão traseira";"Com Vítimas Feridas";"Plena noite";"Decrescente";"Nublado";"Dupla";"Reta";"Urbano";2;0;0;1;1;0;1;2
83464587;"14/05/16";"Sábado";"00:00:00";"MG";381;"520";"IGARAPE";"Dormindo";"Colisão com objeto fixo";"Sem Vítimas";"Plena noite";"Crescente";"Chuva";"Dupla";"Reta";"Rural";1;0;0;0;1;0;0;1
83464588;"13/05/16";"Sexta";"20:35:00";"RS";290;"93";"PORTO ALEGRE";"Defeito mecânico em veículo";"Colisão traseira";"Sem Vítimas";"Pleno dia";"Decrescente";"Ceu Claro";"Múltipla";"Reta";"Urbano";3;0;0;0;3;0;0;2
83464589;"10/05/16";"Terça";"04:00:00";"RJ";101;"67";"CAMPOS DOS GOYTACAZES";"Falta de atenção";"Colisão traseira";"Com Vítimas Feridas";"Plena noite";"Decrescente";"Ceu Claro";"Simples";"Reta";"Urbano";3;0;1;0;2;0;1;2
83464590;"13/05/16";"Sexta";"22:00:00";"MG";116;"277,4";"TEOFILO OTONI";"Outras";"Colisão lateral";"Com Vítimas Feridas";"Plena noite";"Decrescente";"Nublado";"Simples";"Reta";"Urbano";2;0;1;0;1;0;1;2
83464591;"13/05/16";"Sexta";"19:00:00";"TO";153;"447,7";"BARROLANDIA";"Ingestão de álcool";"Colisão Transversal";"Com Vítimas Feridas";"Anoitecer";"Decrescente";"Ceu Claro";"Simples";"Curva";"Rural";4;0;2;1;0;1;3;2
83464592;"06/05/16";"Sexta";"09:00:00";"GO";60;"91";"ANAPOLIS";"Outras";"Atropelamento de pessoa";"Com Vítimas Feridas";"Anoitecer";"Crescente";"Ceu Claro";"Dupla";"Reta";"Urbano";3;0;2;0;0;1;2;1
83464593;"14/05/16";"Sábado";"02:00:00";"PR";116;"14";"CAMPINA GRANDE DO SUL";"Velocidade incompatível";"Capotamento";"Sem Vítimas";"Plena noite";"Crescente";"Chuva";"Dupla";"Curva";"Rural";1;0;0;0;1;0;0;1
83464594;"13/05/16";"Sexta";"19:35:00";"BA";116;"457,5";"SANTO ESTEVAO";"Outras";"Colisão traseira";"Com Vítimas Feridas";"Plena noite";"Crescente";"Ceu Claro";"Dupla";"Reta";"Rural";5;0;3;0;2;0;3;4
83464595;"13/05/16";"Sexta";"20:45:00";"MG";381;"691,8";"LAVRAS";"Outras";"Atropelamento de pessoa";"Com Vítimas Fatais";"Plena noite";"Crescente";"Nublado";"Dupla";"Reta";"Rural";2;1;0;0;0;1;0;1
83464596;"13/05/16";"Sexta";"22:50:00";"MS";267;"224,1";"NOVA ALVORADA DO SUL";"Defeito na via";"Saída de Pista";"Sem Vítimas";"Plena noite";"Decrescente";"Nublado";"Simples";"Reta";"Rural";2;0;0;0;2;0;0;1
83464597;"13/05/16";"Sexta";"16:30:00";"RJ";101;"61";"CAMPOS DOS GOYTACAZES";"Falta de atenção";"Atropelamento de pessoa";"Com Vítimas Feridas";"Pleno dia";"Crescente";"Ceu Claro";"Simples";"Reta";"Urbano";2;0;0;1;0;1;1;1
83464598;"14/05/16";"Sábado";"00:20:00";"MG";267;"44,1";"MARIPA DE MINAS";"Ingestão de álcool";"Colisão frontal";"Com Vítimas Feridas";"Plena noite";"Crescente";"Nublado";"Simples";"Curva";"Urbano";5;0;5;0;0;0;5;2
83464599;"14/05/16";"Sábado";"01:40:00";"PR";376;"600,8";"CURITIBA";"Falta de atenção";"Colisão traseira";"Sem Vítimas";"Plena noite";"Decrescente";"Nublado";"Dupla";"Reta";"Urbano";2;0;0;0;2;0;0;2
83464600;"14/05/16";"Sábado";"02:40:00";"PR";116;"111";"CURITIBA";"Outras";"Capotamento";"Ignorado";"Plena noite";"Crescente";"Nublado";"Dupla";"Reta";"Rural";1;0;0;0;0;1;0;1
83464601;"14/05/16";"Sábado";"01:00:00";"ES";262;"42";"MARECHAL FLORIANO";"Ingestão de álcool";"Queda de motocicleta / bicicleta / veículo";"Com Vítimas Feridas";"Plena noite";"Decrescente";"Nublado";"Dupla";"Curva";"Rural";2;0;0;2;0;0;2;1
83464602;"14/05/16";"Sábado";"03:20:00";"MG";40;"780";"JUIZ DE FORA";"Velocidade incompatível";"Saída de Pista";"Sem Vítimas";"Plena noite";"Decrescente";"Nevoeiro/neblina";"Dupla";"Reta";"Rural";1;0;0;0;1;0;0;1
83464603;"14/05/16";"Sábado";"01:00:00";"SP";116;"269";"TABOAO DA SERRA";"Ingestão de álcool";"Colisão Transversal";"Com Vítimas Feridas";"Plena noite";"Decrescente";"Nublado";"Dupla";"Reta";"Urbano";4;0;1;0;3;0;1;2
83464604;"13/05/16";"Sexta";"22:20:00";"SC";101;"345,5";"TUBARAO";"Falta de atenção";"Saída de Pista";"Sem Vítimas";"Plena noite";"Decrescente";"Chuva";"Dupla";"Curva";"Rural";1;0;0;0;1;0;0;1