"id";"data_inversa";"dia_semana";"horario";"uf";"br";"km";"municipio";"causa_acidente";"tipo_acidente";"classificacao_acidente";"fase_dia";"sentido_via";"condicao_metereologica";"tipo_pista";"tracado_via";"uso_solo";"pessoas";"mortos";"feridos_leves";"feridos_graves";"ilesos";"ignorados";"feridos";"veiculos"
83464605;"13/05/16";"Sexta";"23:45:00";"RO";174;"14";"VILHENA";"Animais na Pista";"Atropelamento de animal";"Sem Vítimas";"Plena noite";"Crescente";"Ceu Claro";"Dupla";"Reta";"Urbano";2;0;0;0;2;0;0;1
83464606;"14/05/16";"Sábado";"04:30:00";"SC";101;"203";"SAO JOSE";"Outras";"Colisão com objeto fixo";"Ignorado";"Plena noite";"Decrescente";"Nevoeiro/neblina";"Dupla";"Curva";"Urbano";1;0;0;0;0;1;0;1
83464607;"13/05/16";"Sexta";"22:10:00";"RS";472;"618";"BARRA DO QUARAI";"Animais na Pista";"Atropelamento de animal";"Com Vítimas Feridas";"Plena noite";"Crescente";"Ceu Claro";"Simples";"Reta";"Rural";3;0;2;0;1;0;2;1
83464608;"14/05/16";"Sábado";"03:50:00";"SC";101;"114,4";"ITAJAI";"Velocidade incompatível";"Colisão com objeto fixo";"Sem Vítimas";"Plena noite";"Decrescente";"Nublado";"Dupla";"Curva";"Urbano";1;0;0;0;1;0;0;1
83464610;"14/05/16";"Sábado";"00:47:00";"SP";116;"51,1";"LORENA";"Outras";"Incêndio";"Sem Vítimas";"Plena noite";"Crescente";"Nublado";"Dupla";"Reta";"Rural";1;0;0;0;1;0;0;1
83464611;"14/05/16";"Sábado";"04:15:00";"SP";116;"219";"GUARULHOS";"Outras";"Queda de motocicleta / bicicleta / veículo";"Com Vítimas Feridas";"Plena noite";"Decrescente";"Nublado";"Múltipla";"Reta";"Urbano";1;0;0;1;0;0;1;1
83464612;"14/05/16";"Sábado";"00:20:00";"MS";262;"381";"TERENOS";"Ingestão de álcool";"Queda de motocicleta / bicicleta / veículo";"Com Vítimas Feridas";"Plena noite";"Crescente";"Ceu Claro";"Simples";"Curva";"Urbano";1;0;1;0;0;0;1;1
83464613;"14/05/16";"Sábado";"04:15:00";"PR";277;"96,5";"CURITIBA";"Dormindo";"Colisão traseira";"Com Vítimas Feridas";"Plena noite";"Crescente";"Chuva";"Dupla";"Reta";"Urbano";3;0;2;0;1;0;2;2
83464614;"13/05/16";"Sexta";"16:30:00";"SP";116;"279";"EMBU";"Não guardar distância de segurança";"Colisão traseira";"Com Vítimas Feridas";"Pleno dia";"Crescente";"Chuva";"Múltipla";"Reta";"Urbano";5;0;1;0;3;1;1;5
83464615;"13/05/16";"Sexta";"22:30:00";"BA";116;"669,1";"JEQUIE";"Animais na Pista";"Atropelamento de animal";"Sem Vítimas";"Plena noite";"Crescente";"Ceu Claro";"Simples";"Curva";"Rural";3;0;0;0;3;0;0;1
83464616;"09/05/16";"Segunda";"20:00:00";"PE";101;"105";"CABO DE SANTO AGOSTINHO";"Outras";"Atropelamento de animal";"Sem Vítimas";"Plena noite";"Decrescente";"Chuva";"Dupla";"Curva";"Rural";1;0;0;0;1;0;0;1
83464617;"14/05/16";"Sábado";"02:10:00";"MS";60;"397,9";"SIDROLANDIA";"Ingestão de álcool";"Colisão traseira";"Com Vítimas Feridas";"Plena noite";"Crescente";"Ceu Claro";"Simples";"Reta";"Rural";5;0;2;0;3;0;2;2
83464618;"14/05/16";"Sábado";"05:15:00";"RJ";116;"175";"NOVA IGUACU";"Falta de atenção";"Colisão com objeto fixo";"Sem Vítimas";"Amanhecer";"Crescente";"Chuva";"Múltipla";"Reta";"Urbano";1;0;0;0;1;0;0;1
83464619;"13/05/16";"Sexta";"22:00:00";"MG";262;"547,5";"CORREGO DANTA";"Velocidade incompatível";"Saída de Pista";"Sem Vítimas";"Plena noite";"Decrescente";"Chuva";"Simples";"Curva";"Rural";1;0;0;0;1;0;0;1
83464620;"13/05/16";"Sexta";"19:10:00";"MG";267;"267,7";"AIURUOCA";"Desobediência à sinalização";"Colisão frontal";"Com Vítimas Fatais";"Plena noite";"Crescente";"Nublado";"Simples";"Reta";"Rural";2;1;0;0;1;0;0;2
83464621;"13/05/16";"Sexta";"22:20:00";"PE";232;"511,3";"SALGUEIRO";"Ingestão de álcool";"Colisão lateral";"Com Vítimas Feridas";"Plena noite";"Crescente";"Ceu Claro";"Simples";"Cruzamento";"Urbano";2;0;1;0;1;0;1;2
83464622;"14/05/16";"Sábado";"04:00:00";"MG";50;"69";"UBERLANDIA";"Outras";"Queda de motocicleta / bicicleta / veículo";"Com Vítimas Feridas";"Plena noite";"Decrescente";"Ceu Claro";"Dupla";"Curva";"Urbano";1;0;0;1;0;0;1;1
83464623;"13/05/16";"Sexta";"22:10:00";"RJ";101;"75";"CAMPOS DOS GOYTACAZES";"Velocidade incompatível";"Capotamento";"Sem Vítimas";"Plena noite";"Decrescente";"Chuva";"Simples";"Curva";"Rural";1;0;0;0;1;0;0;1
83464624;"14/05/16";"Sábado";"04:10:00";"MG";40;"667,9";"CARANDAI";"Outras";"Atropelamento de pessoa";"Com Vítimas Fatais";"Plena noite";"Decrescente";"Nublado";"Simples";"Curva";"Urbano";2;1;0;0;1;0;0;1
83464625;"14/05/16";"Sábado";"03:20:00";"RO";364;"12";"VILHENA";"Ingestão de álcool";"Saída de Pista";"Sem Vítimas";"Plena noite";"Crescente";"Ceu Claro";"Dupla";"Reta";"Urbano";1;0;0;0;1;0;0;1
83464626;"10/05/16";"Terça";"14:35:00";"MG";135;"464,8";"JOAQUIM FELICIO";"Não guardar distância de segurança";"Colisão traseira";"Com Vítimas Feridas";"Pleno dia";"Crescente";"Ceu Claro";"Simples";"Reta";"Rural";4;0;1;0;3;0;1;3
83464627;"13/05/16";"Sexta";"19:50:00";"RJ";116;"277";"BARRA MANSA";"Outras";"Incêndio";"Ignorado";"Plena noite";"Crescente";"Nublado";"Dupla";"Curva";"Rural";1;0;0;0;0;1;0;1
83464628;"12/05/16";"Quinta";"09:45:00";"AL";104;"91";"RIO LARGO";"Não guardar distância de segurança";"Colisão traseira";"Com Vítimas Feridas";"Pleno dia";"Decrescente";"Nublado";"Dupla";"Reta";"Urbano";2;0;0;1;1;0;1;2
83464629;"06/05/16";"Sexta";"06:43:00";"SC";101;"73";"ARAQUARI";"Defeito na via";"Colisão traseira";"Sem Vítimas";"Amanhecer";"Crescente";"Ceu Claro";"Dupla";"Reta";"Urbano";2;0;0;0;2;0;0;2
83464630;"14/05/16";"Sábado";"02:00:00";"MG";381;"868";"POUSO ALEGRE";"Outras";"Saída de Pista";"Com Vítimas Feridas";"Plena noite";"Crescente";"Ceu Claro";"Dupla";"Reta";"Rural";1;0;0;1;0;0;1;1
83464631;"14/05/16";"Sábado";"06:10:00";"RJ";116;"265,6";"BARRA MANSA";"Dormindo";"Colisão com objeto fixo";"Com Vítimas Feridas";"Amanhecer";"Decrescente";"Nublado";"Dupla";"Reta";"Rural";2;0;1;0;1;0;1;2
83464632;"10/05/16";"Terça";"18:20:00";"PE";408;"100";"SAO LOURENCO DA MATA";"Outras";"Atropelamento de pessoa";"Com Vítimas Fatais";"Plena noite";"Crescente";"Chuva";"Dupla";"Curva";"Urbano";2;1;0;0;1;0;0;1
83464633;"14/05/16";"Sábado";"05:20:00";"SP";116;"473,2";"JACUPIRANGA";"Ingestão de álcool";"Colisão lateral";"Sem Vítimas";"Plena noite";"Crescente";"Nublado";"Dupla";"Curva";"Rural";2;0;0;0;2;0;0;2
83464634;"14/05/16";"Sábado";"02:00:00";"PA";316;"22";"BENEVIDES";"Defeito mecânico em veículo";"Saída de Pista";"Ignorado";"Plena noite";"Decrescente";"Ignorada";"Dupla";"Reta";"Rural";1;0;0;0;0;1;0;1
83464635;"06/05/16";"Sexta";"18:00:00";"SC";101;"213";"PALHOCA";"Falta de atenção";"Colisão traseira";"Com Vítimas Feridas";"Anoitecer";"Decrescente";"Chuva";"Dupla";"Reta";"Urbano";2;0;1;0;1;0;1;2
83464636;"14/05/16";"Sábado";"03:00:00";"MT";364;"72,5";"ALTO GARCAS";"Outras";"Saída de Pista";"Com Vítimas Fatais";"Plena noite";"Crescente";"Ceu Claro";"Simples";"Reta";"Rural";3;1;1;0;1;0;1;1
83464637;"14/05/16";"Sábado";"04:25:00";"RJ";116;"292,5";"PORTO REAL";"Outras";"Colisão com objeto fixo";"Sem Vítimas";"Plena noite";"Decrescente";"Nublado";"Simples";"Reta";"Rural";1;0;0;0;1;0;0;1
83464638;"13/05/16";"Sexta";"19:00:00";"SP";116;"148";"SAO JOSE DOS CAMPOS";"Falta de atenção";"Colisão lateral";"Com Vítimas Feridas";"Plena noite";"Decrescente";"Ceu Claro";"Dupla";"Reta";"Urbano";2;0;1;0;1;0;1;2
83464639;"14/05/16";"Sábado";"06:30:00";"PR";369;"182,2";"ARAPONGAS";"Desobediência à sinalização";"Colisão Transversal";"Com Vítimas Feridas";"Amanhecer";"Decrescente";"Ceu Claro";"Simples";"Reta";"Urbano";2;0;0;1;1;0;1;2
83464641;"14/05/16";"Sábado";"00:15:00";"MT";163;"1112";"GUARANTA DO NORTE";"Outras";"Incêndio";"Com Vítimas Feridas";"Plena noite";"Crescente";"Ceu Claro";"Simples";"Reta";"Rural";1;0;1;0;0;0;1;1
83464642;"13/05/16";"Sexta";"19:15:00";"RJ";116;"184,9";"NOVA IGUACU";"Desobediência à sinalização";"Atropelamento de pessoa";"Com Vítimas Fatais";"Plena noite";"Crescente";"Chuva";"Dupla";"Reta";"Urbano";2;1;0;0;0;1;0;1
83464643;"09/05/16";"Segunda";"13:32:00";"SP";116;"31";"CRUZEIRO";"Outras";"Colisão com objeto fixo";"Sem Vítimas";"Pleno dia";"Decrescente";"Nublado";"Dupla";"Curva";"Urbano";1;0;0;0;1;0;0;1
83464644;"10/05/16";"Terça";"14:00:00";"RS";386;"409";"MONTENEGRO";"Defeito mecânico em veículo";"Saída de Pista";"Com Vítimas Feridas";"Pleno dia";"Crescente";"Ceu Claro";"Simples";"Reta";"Rural";1;0;1;0;0;0;1;1
83464645;"14/05/16";"Sábado";"06:20:00";"MT";364;"204,8";"RONDONOPOLIS";"Não guardar distância de segurança";"Colisão lateral";"Com Vítimas Feridas";"Pleno dia";"Decrescente";"Sol";"Dupla";"Reta";"Urbano";2;0;0;1;1;0;1;2
83464646;"10/05/16";"Terça";"11:30:00";"MG";365;"245";"BURITIZEIRO";"Ultrapassagem indevida";"Colisão lateral";"Com Vítimas Feridas";"Pleno dia";"Crescente";"Ceu Claro";"Simples";"Reta";"Rural";4;0;3;1;0;0;4;2
83464647;"10/05/16";"Terça";"02:30:00";"SP";116;"68";"APARECIDA";"Outras";"Colisão com objeto fixo";"Sem Vítimas";"Plena noite";"Decrescente";"Ceu Claro";"Dupla";"Reta";"Urbano";1;0;0;0;1;0;0;1
83464648;"14/05/16";"Sábado";"06:40:00";"PE";232;"369";"FLORES";"Outras";"Saída de Pista";"Com Vítimas Feridas";"Pleno dia";"Decrescente";"Ceu Claro";"Simples";"Reta";"Rural";1;0;1;0;0;0;1;1
83464649;"10/05/16";"Terça";"13:40:00";"MG";40;"496";"ESMERALDAS";"Falta de atenção";"Colisão lateral";"Com Vítimas Feridas";"Pleno dia";"Crescente";"Ceu Claro";"Dupla";"Curva";"Rural";2;0;1;0;1;0;1;2
83464650;"14/05/16";"Sábado";"08:00:00";"SC";153;"90";"CONCORDIA";"Falta de atenção";"Saída de Pista";"Sem Vítimas";"Amanhecer";"Crescente";"Ceu Claro";"Simples";"Curva";"Rural";1;0;0;0;1;0;0;1
83464651;"14/05/16";"Sábado";"05:40:00";"GO";364;"33,5";"CACHOEIRA ALTA";"Outras";"Colisão lateral";"Com Vítimas Feridas";"Amanhecer";"Crescente";"Ceu Claro";"Simples";"Reta";"Urbano";3;0;2;0;0;1;2;2
83464652;"14/05/16";"Sábado";"07:30:00";"PR";476;"141";"CURITIBA";"Falta de atenção";"Colisão Transversal";"Sem Vítimas";"Pleno dia";"Crescente";"Nublado";"Múltipla";"Reta";"Urbano";2;0;0;0;2;0;0;2
83464653;"14/05/16";"Sábado";"07:30:00";"RS";116;"246,8";"SAO LEOPOLDO";"Outras";"Colisão traseira";"Com Vítimas Feridas";"Pleno dia";"Crescente";"Ceu Claro";"Dupla";"Curva";"Urbano";2;0;1;0;0;1;1;2
83464654;"06/02/16";"Sábado";"20:52:00";"SC";282;"5,2";"SAO JOSE";"Falta de atenção";"Queda de motocicleta / bicicleta / veículo";"Com Vítimas Feridas";"Plena noite";"Crescente";"Nublado";"Dupla";"Reta";"Urbano";3;0;1;1;1;0;2;2
83464656;"14/05/16";"Sábado";"06:00:00";"BA";135;"182";"BARREIRAS";"Falta de atenção";"Atropelamento de pessoa";"Com Vítimas Feridas";"Amanhecer";"Decrescente";"Ceu Claro";"Simples";"Reta";"Rural";3;0;2;0;1;0;2;1
83464658;"14/05/16";"Sábado";"08:30:00";"PR";476;"148,6";"ARAUCARIA";"Outras";"Queda de motocicleta / bicicleta / veículo";"Com Vítimas Feridas";"Pleno dia";"Crescente";"Nublado";"Dupla";"Reta";"Urbano";1;0;1;0;0;0;1;1
83464659;"14/05/16";"Sábado";"06:30:00";"RJ";393;"169,5";"TRES RIOS";"Falta de atenção";"Colisão lateral";"Com Vítimas Feridas";"Pleno dia";"Crescente";"Ceu Claro";"Simples";"Reta";"Rural";2;0;0;1;1;0;1;2
83464660;"14/05/16";"Sábado";"08:10:00";"RJ";393;"239,6";"VASSOURAS";"Outras";"Colisão com objeto fixo";"Sem Vítimas";"Pleno dia";"Decrescente";"Chuva";"Simples";"Curva";"Rural";1;0;0;0;1;0;0;1
83464661;"14/05/16";"Sábado";"07:50:00";"PR";116;"39";"CAMPINA GRANDE DO SUL";"Velocidade incompatível";"Capotamento";"Com Vítimas Feridas";"Pleno dia";"Crescente";"Chuva";"Dupla";"Curva";"Rural";2;0;1;0;1;0;1;1
83464662;"14/05/16";"Sábado";"07:50:00";"MS";463;"2,6";"DOURADOS";"Falta de atenção";"Colisão Transversal";"Com Vítimas Feridas";"Pleno dia";"Crescente";"Ceu Claro";"Simples";"Reta";"Urbano";2;0;0;1;1;0;1;2
83464663;"02/05/16";"Segunda";"15:30:00";"PE";232;"84,5";"GRAVATA";"Outras";"Colisão com objeto fixo";"Sem Vítimas";"Pleno dia";"Decrescente";"Ceu Claro";"Simples";"Reta";"Rural";1;0;0;0;1;0;0;1
83464664;"14/05/16";"Sábado";"07:50:00";"PR";116;"3";"CAMPINA GRANDE DO SUL";"Velocidade incompatível";"Capotamento";"Com Vítimas Feridas";"Pleno dia";"Decrescente";"Chuva";"Dupla";"Curva";"Rural";3;0;1;0;2;0;1;1
83464665;"16/04/16";"Sábado";"17:15:00";"PE";423;"72";"JUPI";"Ingestão de álcool";"Colisão Transversal";"Com Vítimas Feridas";"Anoitecer";"Crescente";"Ceu Claro";"Simples";"Reta";"Rural";2;0;0;1;1;0;1;2
83464666;"10/05/16";"Terça";"06:30:00";"SC";470;"32";"GASPAR";"Desobediência à sinalização";"Colisão Transversal";"Com Vítimas Feridas";"Amanhecer";"Crescente";"Nublado";"Simples";"Reta";"Urbano";2;0;1;0;1;0;1;2
83464667;"10/05/16";"Terça";"19:30:00";"AL";101;"145";"SAO MIGUEL DOS CAMPOS";"Outras";"Tombamento";"Sem Vítimas";"Plena noite";"Decrescente";"Chuva";"Simples";"Reta";"Rural";1;0;0;0;1;0;0;1
83464668;"12/05/16";"Quinta";"18:00:00";"RS";470;"3";"BARRACAO";"Velocidade incompatível";"Tombamento";"Com Vítimas Feridas";"Anoitecer";"Decrescente";"Ceu Claro";"Simples";"Curva";"Rural";1;0;1;0;0;0;1;1
83464669;"12/04/16";"Terça";"19:00:00";"BA";110;"188";"RIBEIRA DO POMBAL";"Defeito mecânico em veículo";"Queda de motocicleta / bicicleta / veículo";"Com Vítimas Feridas";"Plena noite";"Decrescente";"Ignorada";"Simples";"Reta";"Rural";1;0;0;1;0;0;1;1
83464670;"14/05/16";"Sábado";"09:10:00";"PA";163;"968";"BELTERRA";"Defeito mecânico em veículo";"Saída de Pista";"Com Vítimas Feridas";"Pleno dia";"Crescente";"Ceu Claro";"Simples";"Reta";"Rural";2;0;2;0;0;0;2;1
83464671;"14/05/16";"Sábado";"07:00:00";"SC";282;"88";"RANCHO QUEIMADO";"Dormindo";"Saída de Pista";"Sem Vítimas";"Pleno dia";"Crescente";"Nublado";"Simples";"Curva";"Rural";1;0;0;0;1;0;0;1
83464672;"14/05/16";"Sábado";"09:45:00";"BA";116;"835,2";"VITORIA DA CONQUISTA";"Falta de atenção";"Colisão lateral";"Sem Vítimas";"Pleno dia";"Crescente";"Sol";"Simples";"Reta";"Rural";2;0;0;0;2;0;0;2
83464673;"10/05/16";"Terça";"15:15:00";"RS";448;"21,6";"PORTO ALEGRE";"Outras";"Colisão lateral";"Sem Vítimas";"Pleno dia";"Crescente";"Ceu Claro";"Dupla";"Reta";"Urbano";2;0;0;0;1;1;0;2
83464674;"14/05/16";"Sábado";"11:50:00";"BA";101;"877";"TEIXEIRA DE FREITAS";"Falta de atenção";"Colisão traseira";"Com Vítimas Feridas";"Pleno dia";"Decrescente";"Nublado";"Simples";"Reta";"Urbano";3;0;1;1;1;0;2;2
83464675;"11/05/16";"Quarta";"07:30:00";"BA";101;"243";"CONCEICAO DO ALMEIDA";"Outras";"Colisão frontal";"Com Vítimas Fatais";"Pleno dia";"Decrescente";"Nublado";"Simples";"Reta";"Rural";2;1;0;1;0;0;1;2
83464676;"14/05/16";"Sábado";"08:10:00";"MT";174;"21";"PONTES E LACERDA";"Dormindo";"Saída de Pista";"Com Vítimas Feridas";"Pleno dia";"Crescente";"Nublado";"Simples";"Reta";"Rural";1;0;1;0;0;0;1;1
83464677;"14/05/16";"Sábado";"09:40:00";"ES";101;"61,8";"SAO MATEUS";"Desobediência à sinalização";"Colisão Transversal";"Com Vítimas Feridas";"Pleno dia";"Decrescente";"Nublado";"Simples";"Reta";"Urbano";2;0;1;0;1;0;1;2
83464678;"14/05/16";"Sábado";"10:00:00";"PE";101;"90";"CABO DE SANTO AGOSTINHO";"Velocidade incompatível";"Derramamento de Carga";"Sem Vítimas";"Pleno dia";"Crescente";"Ceu Claro";"Simples";"Curva";"Rural";1;0;0;0;1;0;0;1
83464679;"10/05/16";"Terça";"22:35:00";"MG";381;"491,3";"BETIM";"Ingestão de álcool";"Colisão com objeto fixo";"Sem Vítimas";"Plena noite";"Decrescente";"Ceu Claro";"Dupla";"Curva";"Urbano";2;0;0;0;2;0;0;2
83464680;"10/05/16";"Terça";"11:40:00";"PE";232;"73,3";"GRAVATA";"Outras";"Colisão com objeto fixo";"Com Vítimas Feridas";"Pleno dia";"Decrescente";"Chuva";"Simples";"Reta";"Rural";1;0;0;1;0;0;1;1
83464681;"05/05/16";"Quinta";"13:30:00";"SC";101;"184,4";"BIGUACU";"Falta de atenção";"Saída de Pista";"Com Vítimas Feridas";"Pleno dia";"Crescente";"Ceu Claro";"Dupla";"Reta";"Urbano";1;0;1;0;0;0;1;1
83464682;"06/05/16";"Sexta";"21:20:00";"GO";153;"498";"GOIANIA";"Outras";"Atropelamento de pessoa";"Com Vítimas Feridas";"Plena noite";"Decrescente";"Ceu Claro";"Dupla";"Reta";"Urbano";3;0;0;2;1;0;2;2
83464683;"14/05/16";"Sábado";"08:30:00";"RS";285;"130,6";"VACARIA";"Ingestão de álcool";"Colisão traseira";"Sem Vítimas";"Pleno dia";"Crescente";"Ceu Claro";"Simples";"Reta";"Rural";2;0;0;0;1;1;0;2
83464684;"14/05/16";"Sábado";"09:20:00";"BA";116;"765";"POCOES";"Não guardar distância de segurança";"Colisão traseira";"Sem Vítimas";"Pleno dia";"Decrescente";"Nublado";"Simples";"Reta";"Rural";3;0;0;0;3;0;0;3
83464685;"14/05/16";"Sábado";"05:58:00";"GO";60;"125,5";"GOIANAPOLIS";"Dormindo";"Saída de Pista";"Sem Vítimas";"Amanhecer";"Crescente";"Ceu Claro";"Dupla";"Reta";"Rural";1;0;0;0;1;0;0;1
83464686;"14/05/16";"Sábado";"10:10:00";"PE";101;"67";"RECIFE";"Falta de atenção";"Colisão lateral";"Com Vítimas Feridas";"Pleno dia";"Crescente";"Sol";"Simples";"Reta";"Urbano";3;0;2;0;1;0;2;2
83464687;"14/05/16";"Sábado";"06:25:00";"RS";116;"241,5";"NOVO HAMBURGO";"Velocidade incompatível";"Saída de Pista";"Sem Vítimas";"Amanhecer";"Crescente";"Ceu Claro";"Dupla";"Reta";"Urbano";1;0;0;0;1;0;0;1
83464688;"14/05/16";"Sábado";"13:00:00";"PR";369;"370";"CAMPO MOURAO";"Velocidade incompatível";"Saída de Pista";"Com Vítimas Feridas";"Pleno dia";"Crescente";"Ceu Claro";"Simples";"Curva";"Rural";2;0;0;1;1;0;1;1
83464689;"07/05/16";"Sábado";"04:45:00";"ES";101;"252,9";"SERRA";"Outras";"Colisão frontal";"Com Vítimas Feridas";"Plena noite";"Crescente";"Ceu Claro";"Simples";"Reta";"Rural";2;0;0;1;1;0;1;2
83464690;"14/05/16";"Sábado";"10:00:00";"SC";282;"668,5";"PARAISO";"Outras";"Saída de Pista";"Com Vítimas Feridas";"Pleno dia";"Crescente";"Ceu Claro";"Simples";"Reta";"Rural";1;0;0;1;0;0;1;1
83464691;"24/04/16";"Domingo";"06:00:00";"SP";381;"44";"ATIBAIA";"Outras";"Capotamento";"Sem Vítimas";"Amanhecer";"Decrescente";"Ignorada";"Múltipla";"Reta";"Urbano";1;0;0;0;1;0;0;1
83464692;"14/05/16";"Sábado";"07:30:00";"RJ";101;"236";"SILVA JARDIM";"Outras";"Colisão lateral";"Com Vítimas Feridas";"Pleno dia";"Crescente";"Nublado";"Simples";"Reta";"Urbano";3;0;1;1;1;0;2;2
83464693;"14/05/16";"Sábado";"12:00:00";"PR";369;"150,8";"LONDRINA";"Falta de atenção";"Colisão traseira";"Com Vítimas Feridas";"Pleno dia";"Decrescente";"Ceu Claro";"Dupla";"Reta";"Urbano";4;0;1;1;2;0;2;2
83464694;"12/05/16";"Quinta";"18:50:00";"ES";101;"284";"CARIACICA";"Velocidade incompatível";"Tombamento";"Sem Vítimas";"Plena noite";"Decrescente";"Chuva";"Dupla";"Curva";"Urbano";1;0;0;0;1;0;0;1
83464695;"14/05/16";"Sábado";"08:00:00";"MT";158;"560";"AGUA BOA";"Ingestão de álcool";"Queda de motocicleta / bicicleta / veículo";"Com Vítimas Feridas";"Pleno dia";"Crescente";"Ignorada";"Simples";"Reta";"Rural";1;0;0;1;0;0;1;1
83464696;"14/05/16";"Sábado";"11:00:00";"RN";110;"33";"MOSSORO";"Outras";"Saída de Pista";"Com Vítimas Fatais";"Pleno dia";"Crescente";"Ceu Claro";"Simples";"Reta";"Rural";1;1;0;0;0;0;0;1
83464697;"14/05/16";"Sábado";"10:20:00";"PR";277;"724";"FOZ DO IGUACU";"Falta de atenção";"Colisão Transversal";"Com Vítimas Feridas";"Pleno dia";"Decrescente";"Sol";"Dupla";"Reta";"Urbano";3;0;1;0;2;0;1;2
83464699;"14/05/16";"Sábado";"03:40:00";"PR";153;"477";"PORTO VITORIA";"Outras";"Capotamento";"Com Vítimas Feridas";"Plena noite";"Crescente";"Nevoeiro/neblina";"Simples";"Curva";"Rural";5;0;0;1;3;1;1;1
83464700;"14/05/16";"Sábado";"12:00:00";"SC";282;"30,2";"AGUAS MORNAS";"Falta de atenção";"Colisão traseira";"Sem Vítimas";"Pleno dia";"Crescente";"Nublado";"Simples";"Curva";"Urbano";2;0;0;0;2;0;0;2
83464701;"14/05/16";"Sábado";"11:10:00";"BA";101;"739,3";"ITABELA";"Velocidade incompatível";"Tombamento";"Com Vítimas Feridas";"Pleno dia";"Decrescente";"Nublado";"Simples";"Curva";"Rural";1;0;1;0;0;0;1;1
83464702;"14/05/16";"Sábado";"12:50:00";"PE";232;"134,8";"CARUARU";"Velocidade incompatível";"Capotamento";"Com Vítimas Feridas";"Pleno dia";"Crescente";"Sol";"Dupla";"Reta";"Urbano";2;0;1;0;0;1;1;1
83464703;"14/05/16";"Sábado";"11:00:00";"PE";423;"97";"GARANHUNS";"Falta de atenção";"Atropelamento de pessoa";"Com Vítimas Feridas";"Pleno dia";"Crescente";"Ceu Claro";"Simples";"Curva";"Urbano";2;0;1;0;1;0;1;1
83464704;"14/05/16";"Sábado";"11:45:00";"RS";386;"369,6";"FAZENDA VILANOVA";"Falta de atenção";"Saída de Pista";"Com Vítimas Feridas";"Pleno dia";"Crescente";"Sol";"Dupla";"Curva";"Rural";1;0;1;0;0;0;1;1
83464705;"14/05/16";"Sábado";"14:00:00";"CE";222;"129";"ITAPAGE";"Velocidade incompatível";"Tombamento";"Sem Vítimas";"Pleno dia";"Crescente";"Ceu Claro";"Simples";"Curva";"Urbano";1;0;0;0;1;0;0;1
83464706;"12/05/16";"Quinta";"16:40:00";"ES";101;"291";"CARIACICA";"Outras";"Tombamento";"Sem Vítimas";"Pleno dia";"Decrescente";"Chuva";"Dupla";"Reta";"Urbano";1;0;0;0;1;0;0;1
83464708;"14/05/16";"Sábado";"14:30:00";"RS";480;"68,7";"BARAO DE COTEGIPE";"Velocidade incompatível";"Colisão traseira";"Sem Vítimas";"Pleno dia";"Crescente";"Sol";"Simples";"Reta";"Rural";2;0;0;0;2;0;0;2
83464709;"14/05/16";"Sábado";"10:30:00";"MS";463;"37,6";"PONTA PORA";"Dormindo";"Capotamento";"Sem Vítimas";"Pleno dia";"Decrescente";"Sol";"Simples";"Reta";"Rural";3;0;0;0;3;0;0;1
83464710;"14/05/16";"Sábado";"13:40:00";"RS";116;"269";"CANOAS";"Falta de atenção";"Colisão traseira";"Com Vítimas Feridas";"Pleno dia";"Crescente";"Sol";"Múltipla";"Reta";"Urbano";3;0;1;0;2;0;1;3
83464711;"14/05/16";"Sábado";"09:15:00";"MG";116;"701";"MURIAE";"Falta de atenção";"Queda de motocicleta / bicicleta / veículo";"Com Vítimas Feridas";"Pleno dia";"Decrescente";"Nublado";"Simples";"Curva";"Urbano";1;0;1;0;0;0;1;1
83464712;"14/05/16";"Sábado";"14:00:00";"PE";423;"95";"GARANHUNS";"Não guardar distância de segurança";"Colisão traseira";"Com Vítimas Feridas";"Pleno dia";"Decrescente";"Ceu Claro";"Simples";"Reta";"Urbano";2;0;0;1;0;1;1;2
83464713;"14/05/16";"Sábado";"09:00:00";"PR";277;"31,5";"MORRETES";"Defeito mecânico em veículo";"Tombamento";"Sem Vítimas";"Pleno dia";"Decrescente";"Nublado";"Dupla";"Reta";"Rural";1;0;0;0;1;0;0;1
83464714;"14/05/16";"Sábado";"10:00:00";"RS";293;"53,6";"CERRITO";"Falta de atenção";"Colisão lateral";"Com Vítimas Feridas";"Pleno dia";"Decrescente";"Ceu Claro";"Simples";"Reta";"Rural";3;0;1;0;2;0;1;3
83464715;"14/05/16";"Sábado";"14:10:00";"BA";101;"508";"ITABUNA";"Falta de atenção";"Colisão lateral";"Sem Vítimas";"Pleno dia";"Crescente";"Ceu Claro";"Simples";"Reta";"Urbano";2;0;0;0;2;0;0;2
83464716;"14/05/16";"Sábado";"11:50:00";"RS";290;"9";"OSORIO";"Outras";"Colisão traseira";"Sem Vítimas";"Pleno dia";"Decrescente";"Ceu Claro";"Dupla";"Reta";"Rural";2;0;0;0;2;0;0;2
83464717;"14/05/16";"Sábado";"11:20:00";"PR";369;"389";"MAMBORE";"Outras";"Saída de Pista";"Sem Vítimas";"Pleno dia";"Decrescente";"Ceu Claro";"Simples";"Reta";"Rural";1;0;0;0;1;0;0;1