"id";"data_inversa";"dia_semana";"horario";"uf";"br";"km";"municipio";"causa_acidente";"tipo_acidente";"classificacao_acidente";"fase_dia";"sentido_via";"condicao_metereologica";"tipo_pista";"tracado_via";"uso_solo";"pessoas";"mortos";"feridos_leves";"feridos_graves";"ilesos";"ignorados";"feridos";"veiculos"
83464829;"14/05/16";"Sábado";"22:00:00";"RN";304;"35";"MOSSORO";"Falta de atenção";"Colisão traseira";"Sem Vítimas";"Plena noite";"Crescente";"Ceu Claro";"Dupla";"Cruzamento";"Urbano";2;0;0;0;2;0;0;2
83464830;"14/05/16";"Sábado";"22:20:00";"PA";163;"998";"SANTAREM";"Falta de atenção";"Colisão Transversal";"Com Vítimas Feridas";"Plena noite";"Decrescente";"Ceu Claro";"Simples";"Reta";"Urbano";3;0;2;0;1;0;2;2
83464832;"14/05/16";"Sábado";"20:30:00";"MA";10;"250";"IMPERATRIZ";"Outras";"Capotamento";"Ignorado";"Plena noite";"Decrescente";"Ceu Claro";"Simples";"Reta";"Urbano";1;0;0;0;0;1;0;1
83464833;"14/05/16";"Sábado";"17:30:00";"MG";365;"799,4";"GURINHATA";"Desobediência à sinalização";"Colisão Transversal";"Com Vítimas Feridas";"Pleno dia";"Crescente";"Ceu Claro";"Simples";"Reta";"Rural";2;0;1;0;1;0;1;2
83464834;"14/05/16";"Sábado";"19:00:00";"PI";316;"312";"PICOS";"Desobediência à sinalização";"Colisão com objeto fixo";"Com Vítimas Feridas";"Plena noite";"Crescente";"Ceu Claro";"Simples";"Reta";"Urbano";2;0;2;0;0;0;2;1
83464835;"14/05/16";"Sábado";"19:40:00";"BA";242;"389";"SEABRA";"Ingestão de álcool";"Colisão Transversal";"Com Vítimas Feridas";"Plena noite";"Crescente";"Nublado";"Simples";"Reta";"Urbano";4;0;1;0;2;1;1;2
83464836;"14/05/16";"Sábado";"21:25:00";"PR";277;"725";"FOZ DO IGUACU";"Velocidade incompatível";"Saída de Pista";"Sem Vítimas";"Plena noite";"Decrescente";"Ceu Claro";"Dupla";"Reta";"Urbano";1;0;0;0;1;0;0;1
83464837;"14/05/16";"Sábado";"21:50:00";"SC";280;"37,5";"ARAQUARI";"Não guardar distância de segurança";"Colisão lateral";"Com Vítimas Fatais";"Plena noite";"Decrescente";"Nublado";"Simples";"Reta";"Rural";4;1;0;1;2;0;1;4
83464838;"14/05/16";"Sábado";"19:15:00";"MT";364;"91,5";"ALTO GARCAS";"Outras";"Tombamento";"Sem Vítimas";"Plena noite";"Decrescente";"Nublado";"Simples";"Reta";"Rural";1;0;0;0;1;0;0;1
83464839;"14/05/16";"Sábado";"21:00:00";"PE";232;"117,3";"CARUARU";"Outras";"Colisão traseira";"Com Vítimas Fatais";"Plena noite";"Crescente";"Ceu Claro";"Dupla";"Reta";"Rural";3;1;0;1;0;1;1;2
83464840;"14/05/16";"Sábado";"22:30:00";"MG";381;"753,2";"TRES CORACOES";"Outras";"Queda de motocicleta / bicicleta / veículo";"Com Vítimas Feridas";"Plena noite";"Decrescente";"Ignorada";"Dupla";"Reta";"Rural";2;0;0;1;1;0;1;2
83464841;"14/05/16";"Sábado";"23:00:00";"RJ";116;"190";"QUEIMADOS";"Falta de atenção";"Colisão com bicicleta";"Com Vítimas Feridas";"Plena noite";"Crescente";"Nublado";"Dupla";"Reta";"Urbano";2;0;1;0;0;1;1;2
83464842;"15/05/16";"Domingo";"00:05:00";"PR";116;"107";"SAO JOSE DOS PINHAIS";"Falta de atenção";"Colisão com objeto fixo";"Sem Vítimas";"Plena noite";"Crescente";"Nublado";"Dupla";"Reta";"Rural";1;0;0;0;1;0;0;1
83464843;"14/05/16";"Sábado";"23:30:00";"BA";324;"611";"SIMOES FILHO";"Falta de atenção";"Colisão traseira";"Com Vítimas Feridas";"Plena noite";"Crescente";"Chuva";"Dupla";"Reta";"Urbano";2;0;1;0;1;0;1;2
83464844;"16/04/16";"Sábado";"17:00:00";"PR";476;"124,7";"CURITIBA";"Outras";"Colisão traseira";"Ignorado";"Anoitecer";"Decrescente";"Nublado";"Dupla";"Reta";"Urbano";2;0;0;0;0;2;0;2
83464845;"14/05/16";"Sábado";"18:00:00";"BA";135;"80";"RIACHAO DAS NEVES";"Falta de atenção";"Colisão traseira";"Com Vítimas Feridas";"Anoitecer";"Crescente";"Ceu Claro";"Simples";"Reta";"Rural";2;0;1;0;0;1;1;2
83464846;"14/05/16";"Sábado";"22:00:00";"SC";280;"122,8";"SAO BENTO DO SUL";"Outras";"Colisão com objeto fixo";"Sem Vítimas";"Plena noite";"Crescente";"Nevoeiro/neblina";"Simples";"Cruzamento";"Rural";1;0;0;0;1;0;0;1
83464847;"14/05/16";"Sábado";"18:30:00";"PR";376;"241";"APUCARANA";"Ultrapassagem indevida";"Colisão lateral";"Com Vítimas Feridas";"Plena noite";"Crescente";"Ceu Claro";"Simples";"Reta";"Rural";2;0;0;1;0;1;1;2
83464848;"14/05/16";"Sábado";"21:30:00";"PR";369;"150";"LONDRINA";"Ingestão de álcool";"Colisão traseira";"Sem Vítimas";"Plena noite";"Crescente";"Ceu Claro";"Dupla";"Cruzamento";"Urbano";2;0;0;0;2;0;0;2
83464849;"14/05/16";"Sábado";"22:20:00";"SP";116;"511,2";"CAJATI";"Velocidade incompatível";"Tombamento";"Sem Vítimas";"Plena noite";"Decrescente";"Nublado";"Simples";"Curva";"Rural";1;0;0;0;1;0;0;1
83464850;"15/05/16";"Domingo";"00:37:00";"PR";277;"676,4";"MEDIANEIRA";"Ingestão de álcool";"Colisão com objeto fixo";"Com Vítimas Feridas";"Plena noite";"Decrescente";"Ceu Claro";"Dupla";"Reta";"Rural";2;0;1;1;0;0;2;1
83464851;"14/05/16";"Sábado";"08:50:00";"MG";381;"499";"BETIM";"Ingestão de álcool";"Colisão lateral";"Sem Vítimas";"Pleno dia";"Crescente";"Nublado";"Dupla";"Reta";"Urbano";2;0;0;0;2;0;0;2
83464852;"14/05/16";"Sábado";"18:35:00";"BA";242;"774";"BARREIRAS";"Falta de atenção";"Danos Eventuais";"Com Vítimas Fatais";"Plena noite";"Crescente";"Ceu Claro";"Simples";"Reta";"Rural";2;1;0;0;0;1;0;2
83464853;"14/05/16";"Sábado";"18:30:00";"SC";101;"208,7";"SAO JOSE";"Falta de atenção";"Colisão lateral";"Com Vítimas Feridas";"Plena noite";"Crescente";"Ignorada";"Múltipla";"Reta";"Urbano";3;0;1;1;1;0;2;2
83464854;"14/05/16";"Sábado";"19:00:00";"BA";407;"129";"SENHOR DO BONFIM";"Falta de atenção";"Atropelamento de pessoa";"Com Vítimas Feridas";"Anoitecer";"Crescente";"Ceu Claro";"Simples";"Reta";"Urbano";2;0;0;1;0;1;1;1
83464855;"02/05/16";"Segunda";"15:00:00";"PA";316;"110";"SANTA MARIA DO PARA";"Falta de atenção";"Colisão Transversal";"Com Vítimas Feridas";"Pleno dia";"Crescente";"Ceu Claro";"Simples";"Curva";"Urbano";3;0;1;0;2;0;1;2
83464856;"15/05/16";"Domingo";"01:30:00";"BA";324;"623";"SALVADOR";"Falta de atenção";"Queda de motocicleta / bicicleta / veículo";"Com Vítimas Feridas";"Plena noite";"Crescente";"Chuva";"Dupla";"Reta";"Rural";1;0;0;1;0;0;1;1
83464857;"14/05/16";"Sábado";"19:35:00";"SC";101;"38";"JOINVILLE";"Desobediência à sinalização";"Colisão Transversal";"Com Vítimas Feridas";"Plena noite";"Crescente";"Nublado";"Dupla";"Cruzamento";"Urbano";2;0;1;0;1;0;1;2
83464858;"14/05/16";"Sábado";"14:15:00";"MT";163;"610";"NOVA MUTUM";"Outras";"Colisão lateral";"Com Vítimas Feridas";"Pleno dia";"Crescente";"Ceu Claro";"Simples";"Reta";"Rural";3;0;1;0;2;0;1;2
83464859;"14/05/16";"Sábado";"23:00:00";"RS";290;"62";"GRAVATAI";"Defeito mecânico em veículo";"Saída de Pista";"Com Vítimas Feridas";"Plena noite";"Decrescente";"Ceu Claro";"Dupla";"Reta";"Rural";4;0;2;0;2;0;2;2
83464860;"15/05/16";"Domingo";"00:05:00";"MG";116;"278";"CATUJI";"Velocidade incompatível";"Capotamento";"Com Vítimas Feridas";"Plena noite";"Decrescente";"Nublado";"Simples";"Curva";"Rural";1;0;1;0;0;0;1;1
83464861;"15/05/16";"Domingo";"01:40:00";"SC";470;"187,3";"POUSO REDONDO";"Defeito mecânico em veículo";"Tombamento";"Com Vítimas Feridas";"Plena noite";"Decrescente";"Nublado";"Simples";"Reta";"Urbano";1;0;1;0;0;0;1;1
83464862;"14/05/16";"Sábado";"23:30:00";"SE";235;"9,5";"NOSSA SENHORA DO SOCORRO";"Animais na Pista";"Atropelamento de animal";"Com Vítimas Feridas";"Plena noite";"Decrescente";"Ceu Claro";"Simples";"Reta";"Rural";2;0;0;2;0;0;2;1
83464863;"14/05/16";"Sábado";"23:00:00";"MG";40;"527";"CONTAGEM";"Outras";"Colisão lateral";"Com Vítimas Feridas";"Plena noite";"Decrescente";"Nublado";"Dupla";"Reta";"Urbano";3;0;1;0;2;0;1;2
83464864;"14/05/16";"Sábado";"18:50:00";"BA";116;"716";"MANOEL VITORINO";"Ultrapassagem indevida";"Saída de Pista";"Com Vítimas Feridas";"Plena noite";"Decrescente";"Ceu Claro";"Simples";"Curva";"Rural";2;0;1;0;1;0;1;1
83464865;"11/05/16";"Quarta";"01:50:00";"PB";230;"28";"JOAO PESSOA";"Defeito mecânico em veículo";"Danos Eventuais";"Sem Vítimas";"Plena noite";"Crescente";"Nublado";"Dupla";"Reta";"Urbano";1;0;0;0;1;0;0;1
83464866;"14/05/16";"Sábado";"08:15:00";"PB";230;"25,5";"JOAO PESSOA";"Não guardar distância de segurança";"Colisão lateral";"Sem Vítimas";"Pleno dia";"Decrescente";"Sol";"Dupla";"Reta";"Urbano";2;0;0;0;2;0;0;2
83464868;"14/05/16";"Sábado";"19:15:00";"TO";153;"531,2";"PUGMIL";"Desobediência à sinalização";"Colisão frontal";"Com Vítimas Fatais";"Plena noite";"Crescente";"Ceu Claro";"Simples";"Reta";"Urbano";2;1;0;0;1;0;0;2
83464869;"15/05/16";"Domingo";"04:10:00";"BA";324;"607";"SIMOES FILHO";"Outras";"Tombamento";"Com Vítimas Feridas";"Plena noite";"Decrescente";"Chuva";"Dupla";"Reta";"Rural";4;0;1;0;3;0;1;1
83464870;"15/05/16";"Domingo";"03:50:00";"SC";280;"231,6";"CANOINHAS";"Falta de atenção";"Colisão com objeto fixo";"Com Vítimas Feridas";"Plena noite";"Decrescente";"Ceu Claro";"Simples";"Cruzamento";"Urbano";1;0;0;1;0;0;1;1
83464871;"10/05/16";"Terça";"11:40:00";"RN";101;"80,3";"SAO GONCALO DO AMARANTE";"Falta de atenção";"Colisão Transversal";"Com Vítimas Feridas";"Pleno dia";"Crescente";"Ceu Claro";"Dupla";"Reta";"Urbano";2;0;1;0;1;0;1;2
83464872;"14/05/16";"Sábado";"18:20:00";"BA";407;"2,4";"JUAZEIRO";"Falta de atenção";"Colisão Transversal";"Com Vítimas Feridas";"Plena noite";"Decrescente";"Ceu Claro";"Simples";"Reta";"Urbano";2;0;0;1;1;0;1;2
83464873;"15/05/16";"Domingo";"04:40:00";"SC";101;"40,9";"JOINVILLE";"Ingestão de álcool";"Capotamento";"Com Vítimas Feridas";"Plena noite";"Decrescente";"Nublado";"Dupla";"Curva";"Urbano";1;0;1;0;0;0;1;1
83464874;"14/05/16";"Sábado";"18:20:00";"RS";158;"480";"ROSARIO DO SUL";"Ingestão de álcool";"Saída de Pista";"Sem Vítimas";"Anoitecer";"Decrescente";"Nublado";"Simples";"Reta";"Rural";1;0;0;0;1;0;0;1
83464875;"14/05/16";"Sábado";"20:05:00";"PR";376;"463,8";"PONTA GROSSA";"Falta de atenção";"Colisão lateral";"Com Vítimas Feridas";"Plena noite";"Decrescente";"Nublado";"Simples";"Reta";"Rural";4;0;2;0;2;0;2;2
83464876;"10/05/16";"Terça";"08:00:00";"DF";251;"44,5";"BRASILIA";"Defeito na via";"Saída de Pista";"Com Vítimas Feridas";"Pleno dia";"Decrescente";"Ceu Claro";"Simples";"Curva";"Rural";1;0;1;0;0;0;1;1
83464877;"15/05/16";"Domingo";"05:00:00";"SC";101;"159";"PORTO BELO";"Outras";"Saída de Pista";"Ignorado";"Plena noite";"Decrescente";"Ceu Claro";"Dupla";"Reta";"Urbano";1;0;0;0;0;1;0;1
83464878;"10/05/16";"Terça";"09:00:00";"GO";60;"13,8";"SANTO ANTONIO DO DESCOBERTO";"Velocidade incompatível";"Colisão com objeto fixo";"Sem Vítimas";"Pleno dia";"Decrescente";"Ceu Claro";"Dupla";"Reta";"Rural";1;0;0;0;1;0;0;1
83464879;"15/05/16";"Domingo";"02:30:00";"GO";60;"66,2";"ABADIANIA";"Ingestão de álcool";"Saída de Pista";"Com Vítimas Feridas";"Plena noite";"Decrescente";"Chuva";"Dupla";"Reta";"Rural";2;0;1;0;1;0;1;1
83464880;"14/05/16";"Sábado";"20:50:00";"RS";392;"4,5";"RIO GRANDE";"Falta de atenção";"Colisão traseira";"Com Vítimas Feridas";"Plena noite";"Crescente";"Ceu Claro";"Simples";"Reta";"Urbano";2;0;0;1;1;0;1;2
83464881;"14/05/16";"Sábado";"23:55:00";"PR";476;"131";"CURITIBA";"Velocidade incompatível";"Colisão com objeto fixo";"Ignorado";"Plena noite";"Crescente";"Chuva";"Múltipla";"Cruzamento";"Urbano";1;0;0;0;0;1;0;1
83464882;"15/05/16";"Domingo";"02:45:00";"MG";40;"525";"CONTAGEM";"Outras";"Queda de motocicleta / bicicleta / veículo";"Com Vítimas Feridas";"Plena noite";"Decrescente";"Ignorada";"Dupla";"Reta";"Urbano";1;0;1;0;0;0;1;1
83464883;"14/05/16";"Sábado";"12:25:00";"MG";381;"333,5";"NOVA ERA";"Velocidade incompatível";"Colisão frontal";"Com Vítimas Feridas";"Pleno dia";"Crescente";"Chuva";"Simples";"Curva";"Rural";3;0;2;0;1;0;2;2
83464884;"15/05/16";"Domingo";"03:43:00";"MG";365;"434";"PATOS DE MINAS";"Dormindo";"Saída de Pista";"Com Vítimas Feridas";"Plena noite";"Decrescente";"Nevoeiro/neblina";"Simples";"Curva";"Rural";2;0;0;2;0;0;2;1
83464885;"15/05/16";"Domingo";"04:40:00";"SP";116;"536,5";"BARRA DO TURVO";"Dormindo";"Saída de Pista";"Sem Vítimas";"Plena noite";"Decrescente";"Nublado";"Dupla";"Reta";"Rural";1;0;0;0;1;0;0;1
83464886;"14/05/16";"Sábado";"14:00:00";"MG";381;"336";"NOVA ERA";"Velocidade incompatível";"Colisão frontal";"Com Vítimas Feridas";"Pleno dia";"Crescente";"Chuva";"Simples";"Curva";"Rural";3;0;3;0;0;0;3;2
83464887;"15/05/16";"Domingo";"02:10:00";"SE";235;"44";"ITABAIANA";"Outras";"Saída de Pista";"Sem Vítimas";"Plena noite";"Decrescente";"Nublado";"Simples";"Reta";"Rural";1;0;0;0;1;0;0;1
83464888;"15/05/16";"Domingo";"03:20:00";"RO";174;"17";"VILHENA";"Ingestão de álcool";"Saída de Pista";"Sem Vítimas";"Plena noite";"Decrescente";"Ceu Claro";"Simples";"Reta";"Urbano";1;0;0;0;1;0;0;1
83464889;"15/05/16";"Domingo";"05:50:00";"SC";163;"69";"SAO MIGUEL DOESTE";"Ingestão de álcool";"Colisão frontal";"Sem Vítimas";"Plena noite";"Decrescente";"Nublado";"Dupla";"Reta";"Urbano";2;0;0;0;2;0;0;2
83464890;"10/05/16";"Terça";"05:40:00";"MG";365;"564";"INDIANOPOLIS";"Animais na Pista";"Atropelamento de animal";"Com Vítimas Feridas";"Amanhecer";"Decrescente";"Ignorada";"Simples";"Reta";"Rural";1;0;1;0;0;0;1;1
83464891;"14/05/16";"Sábado";"16:40:00";"MG";381;"294,3";"ANTONIO DIAS";"Velocidade incompatível";"Tombamento";"Com Vítimas Feridas";"Pleno dia";"Crescente";"Chuva";"Simples";"Curva";"Rural";1;0;1;0;0;0;1;1
83464892;"15/05/16";"Domingo";"04:00:00";"SC";470;"62,5";"BLUMENAU";"Ingestão de álcool";"Colisão frontal";"Sem Vítimas";"Plena noite";"Crescente";"Nublado";"Simples";"Reta";"Urbano";2;0;0;0;2;0;0;2
83464893;"15/05/16";"Domingo";"06:20:00";"PR";376;"188";"MARIALVA";"Animais na Pista";"Atropelamento de animal";"Sem Vítimas";"Plena noite";"Crescente";"Ceu Claro";"Dupla";"Reta";"Rural";1;0;0;0;1;0;0;1
83464894;"15/05/16";"Domingo";"05:10:00";"RJ";116;"130";"MAGE";"Outras";"Saída de Pista";"Com Vítimas Feridas";"Amanhecer";"Crescente";"Ceu Claro";"Dupla";"Reta";"Rural";4;0;2;0;1;1;2;1
83464895;"14/05/16";"Sábado";"11:30:00";"MG";381;"308";"ANTONIO DIAS";"Velocidade incompatível";"Capotamento";"Sem Vítimas";"Pleno dia";"Crescente";"Chuva";"Simples";"Curva";"Rural";1;0;0;0;1;0;0;1
83464896;"14/05/16";"Sábado";"14:30:00";"MG";381;"336";"NOVA ERA";"Velocidade incompatível";"Colisão frontal";"Sem Vítimas";"Pleno dia";"Crescente";"Chuva";"Simples";"Curva";"Rural";2;0;0;0;2;0;0;2
83464897;"11/05/16";"Quarta";"22:10:00";"PR";116;"144";"MANDIRITUBA";"Outras";"Saída de Pista";"Ignorado";"Plena noite";"Decrescente";"Chuva";"Simples";"Reta";"Rural";1;0;0;0;0;1;0;1
83464898;"15/05/16";"Domingo";"05:30:00";"PE";101;"12";"GOIANA";"Outras";"Queda de motocicleta / bicicleta / veículo";"Com Vítimas Feridas";"Plena noite";"Decrescente";"Nublado";"Dupla";"Curva";"Rural";1;0;1;0;0;0;1;1
83464899;"15/05/16";"Domingo";"03:00:00";"MG";381;"931,5";"EXTREMA";"Velocidade incompatível";"Capotamento";"Ignorado";"Plena noite";"Decrescente";"Ceu Claro";"Dupla";"Curva";"Rural";1;0;0;0;0;1;0;1
83464900;"14/05/16";"Sábado";"13:30:00";"MG";381;"334,9";"NOVA ERA";"Velocidade incompatível";"Capotamento";"Sem Vítimas";"Pleno dia";"Decrescente";"Chuva";"Simples";"Curva";"Rural";1;0;0;0;1;0;0;1
83464901;"15/05/16";"Domingo";"05:30:00";"PR";277;"335";"GUARAPUAVA";"Defeito mecânico em veículo";"Incêndio";"Sem Vítimas";"Plena noite";"Decrescente";"Ceu Claro";"Dupla";"Reta";"Rural";1;0;0;0;1;0;0;1
83464902;"13/05/16";"Sexta";"14:50:00";"MG";262;"582,3";"CAMPOS ALTOS";"Velocidade incompatível";"Capotamento";"Sem Vítimas";"Pleno dia";"Decrescente";"Chuva";"Simples";"Curva";"Rural";1;0;0;0;1;0;0;1
83464903;"20/03/16";"Domingo";"20:45:00";"MG";251;"259";"CURRAL DE DENTRO";"Outras";"Saída de Pista";"Com Vítimas Feridas";"Plena noite";"Crescente";"Ceu Claro";"Simples";"Reta";"Rural";4;0;1;3;0;0;4;1
83464904;"11/05/16";"Quarta";"15:20:00";"PI";343;"344";"TERESINA";"Falta de atenção";"Colisão traseira";"Sem Vítimas";"Pleno dia";"Decrescente";"Ceu Claro";"Simples";"Reta";"Urbano";3;0;0;0;3;0;0;3
83464905;"14/05/16";"Sábado";"18:50:00";"GO";80;"3";"PADRE BERNARDO";"Defeito mecânico em veículo";"Capotamento";"Com Vítimas Feridas";"Plena noite";"Decrescente";"Ceu Claro";"Simples";"Curva";"Rural";3;0;3;0;0;0;3;1
83464906;"11/05/16";"Quarta";"10:30:00";"RJ";101;"248";"SILVA JARDIM";"Outras";"Colisão frontal";"Com Vítimas Fatais";"Pleno dia";"Crescente";"Ceu Claro";"Simples";"Reta";"Urbano";3;1;0;2;0;0;2;2
83464907;"07/05/16";"Sábado";"12:30:00";"DF";60;"10";"BRASILIA";"Falta de atenção";"Capotamento";"Com Vítimas Feridas";"Pleno dia";"Crescente";"Sol";"Dupla";"Reta";"Rural";5;0;0;5;0;0;5;1
83464908;"11/05/16";"Quarta";"19:30:00";"MG";251;"474,3";"FRANCISCO SA";"Velocidade incompatível";"Saída de Pista";"Com Vítimas Feridas";"Plena noite";"Crescente";"Ceu Claro";"Simples";"Curva";"Rural";2;0;2;0;0;0;2;1
83464909;"11/05/16";"Quarta";"17:30:00";"SP";116;"133,4";"CACAPAVA";"Outras";"Colisão traseira";"Com Vítimas Feridas";"Plena noite";"Crescente";"Ceu Claro";"Dupla";"Reta";"Urbano";2;0;1;0;1;0;1;2
83464910;"15/05/16";"Domingo";"04:00:00";"PR";153;"359";"RIO AZUL";"Velocidade incompatível";"Saída de Pista";"Com Vítimas Feridas";"Plena noite";"Crescente";"Nublado";"Simples";"Curva";"Rural";1;0;0;1;0;0;1;1
83464911;"12/05/16";"Quinta";"02:40:00";"MG";135;"408,9";"BOCAIUVA";"Animais na Pista";"Atropelamento de animal";"Sem Vítimas";"Plena noite";"Decrescente";"Nublado";"Simples";"Reta";"Rural";2;0;0;0;2;0;0;1
83464912;"15/05/16";"Domingo";"06:50:00";"PR";467;"100";"CASCAVEL";"Velocidade incompatível";"Colisão com objeto fixo";"Com Vítimas Feridas";"Pleno dia";"Crescente";"Ceu Claro";"Dupla";"Curva";"Rural";1;0;1;0;0;0;1;1
83464913;"11/05/16";"Quarta";"15:00:00";"PI";316;"308,7";"PICOS";"Falta de atenção";"Colisão Transversal";"Com Vítimas Feridas";"Pleno dia";"Decrescente";"Sol";"Simples";"Reta";"Urbano";2;0;1;0;1;0;1;2
83464914;"13/05/16";"Sexta";"11:00:00";"BA";324;"518";"FEIRA DE SANTANA";"Outras";"Derramamento de Carga";"Sem Vítimas";"Pleno dia";"Decrescente";"Sol";"Dupla";"Curva";"Urbano";1;0;0;0;1;0;0;1
83464915;"31/01/16";"Domingo";"13:00:00";"RN";304;"46";"MOSSORO";"Falta de atenção";"Queda de motocicleta / bicicleta / veículo";"Com Vítimas Feridas";"Pleno dia";"Crescente";"Nublado";"Dupla";"Reta";"Urbano";2;0;0;2;0;0;2;1
83464916;"14/05/16";"Sábado";"07:45:00";"RS";116;"337,1";"BARRA DO RIBEIRO";"Ultrapassagem indevida";"Colisão frontal";"Com Vítimas Fatais";"Amanhecer";"Crescente";"Ceu Claro";"Simples";"Reta";"Urbano";2;1;0;0;1;0;0;2
83464917;"12/05/16";"Quinta";"06:00:00";"MS";158;"347";"BRASILANDIA";"Falta de atenção";"Colisão traseira";"Com Vítimas Feridas";"Amanhecer";"Crescente";"Ceu Claro";"Simples";"Reta";"Rural";2;0;1;0;1;0;1;2
83464918;"15/05/16";"Domingo";"00:25:00";"MG";381;"563,2";"ITAGUARA";"Velocidade incompatível";"Colisão com objeto fixo";"Com Vítimas Feridas";"Plena noite";"Decrescente";"Ceu Claro";"Dupla";"Curva";"Urbano";1;0;0;1;0;0;1;1
83464919;"12/05/16";"Quinta";"08:20:00";"DF";20;"4";"BRASILIA";"Dormindo";"Colisão traseira";"Sem Vítimas";"Pleno dia";"Decrescente";"Sol";"Dupla";"Reta";"Urbano";2;0;0;0;2;0;0;2
83464921;"07/05/16";"Sábado";"20:45:00";"SC";101;"241,9";"PALHOCA";"Ingestão de álcool";"Colisão traseira";"Sem Vítimas";"Plena noite";"Crescente";"Ceu Claro";"Dupla";"Reta";"Rural";2;0;0;0;2;0;0;2
83464922;"11/05/16";"Quarta";"23:20:00";"MG";116;"487,5";"INHAPIM";"Falta de atenção";"Colisão traseira";"Sem Vítimas";"Plena noite";"Crescente";"Nublado";"Simples";"Reta";"Rural";2;0;0;0;2;0;0;2
83464923;"14/05/16";"Sábado";"18:30:00";"MG";40;"81,5";"PARACATU";"Ultrapassagem indevida";"Saída de Pista";"Sem Vítimas";"Plena noite";"Decrescente";"Ceu Claro";"Simples";"Reta";"Rural";2;0;0;0;2;0;0;1
83464924;"12/05/16";"Quinta";"07:15:00";"SC";101;"41";"JOINVILLE";"Outras";"Colisão traseira";"Com Vítimas Feridas";"Pleno dia";"Decrescente";"Nublado";"Dupla";"Reta";"Urbano";3;0;2;0;1;0;2;2
83464925;"11/05/16";"Quarta";"20:00:00";"PR";376;"668";"GUARATUBA";"Outras";"Saída de Pista";"Sem Vítimas";"Plena noite";"Crescente";"Ceu Claro";"Múltipla";"Curva";"Rural";1;0;0;0;1;0;0;1
83464926;"11/05/16";"Quarta";"14:30:00";"SC";282;"38,7";"AGUAS MORNAS";"Falta de atenção";"Colisão frontal";"Com Vítimas Feridas";"Pleno dia";"Decrescente";"Ceu Claro";"Simples";"Curva";"Urbano";2;0;0;1;1;0;1;2
83464927;"11/05/16";"Quarta";"19:00:00";"MG";381;"409";"NOVA UNIAO";"Falta de atenção";"Colisão frontal";"Com Vítimas Feridas";"Plena noite";"Crescente";"Ceu Claro";"Simples";"Curva";"Rural";3;0;2;0;1;0;2;2
83464928;"11/05/16";"Quarta";"17:20:00";"MG";116;"815,3";"ALEM PARAIBA";"Ultrapassagem indevida";"Colisão frontal";"Com Vítimas Feridas";"Plena noite";"Decrescente";"Chuva";"Simples";"Curva";"Urbano";3;0;1;0;2;0;1;3
83464929;"15/05/16";"Domingo";"07:15:00";"PR";376;"590,6";"CURITIBA";"Outras";"Capotamento";"Com Vítimas Feridas";"Amanhecer";"Decrescente";"Nublado";"Dupla";"Reta";"Urbano";2;0;0;2;0;0;2;1
83464930;"15/05/16";"Domingo";"07:15:00";"RS";116;"155,2";"CAXIAS DO SUL";"Ultrapassagem indevida";"Saída de Pista";"Sem Vítimas";"Pleno dia";"Crescente";"Chuva";"Simples";"Curva";"Urbano";1;0;0;0;1;0;0;1
83464931;"12/03/16";"Sábado";"07:40:00";"ES";101;"264";"SERRA";"Outras";"Colisão lateral";"Com Vítimas Feridas";"Pleno dia";"Crescente";"Ceu Claro";"Dupla";"Reta";"Urbano";2;0;1;0;1;0;1;2
83464932;"15/05/16";"Domingo";"05:25:00";"RJ";116;"201";"SEROPEDICA";"Animais na Pista";"Queda de motocicleta / bicicleta / veículo";"Com Vítimas Feridas";"Plena noite";"Crescente";"Ceu Claro";"Dupla";"Reta";"Urbano";2;0;1;1;0;0;2;1
83464933;"15/05/16";"Domingo";"08:45:00";"RS";285;"651,5";"SAO BORJA";"Velocidade incompatível";"Saída de Pista";"Sem Vítimas";"Pleno dia";"Crescente";"Chuva";"Simples";"Reta";"Rural";2;0;0;0;2;0;0;1
83464934;"12/05/16";"Quinta";"07:40:00";"RJ";40;"15";"TRES RIOS";"Falta de atenção";"Capotamento";"Com Vítimas Feridas";"Pleno dia";"Decrescente";"Chuva";"Dupla";"Curva";"Rural";1;0;1;0;0;0;1;1
83464935;"11/05/16";"Quarta";"18:55:00";"MG";251;"504,2";"FRANCISCO SA";"Falta de atenção";"Colisão traseira";"Sem Vítimas";"Pleno dia";"Decrescente";"Ceu Claro";"Simples";"Reta";"Rural";2;0;0;0;2;0;0;2
83464936;"13/05/16";"Sexta";"07:00:00";"DF";70;"5";"BRASILIA";"Outras";"Colisão traseira";"Com Vítimas Fatais";"Pleno dia";"Crescente";"Ceu Claro";"Dupla";"Reta";"Rural";2;1;0;0;1;0;0;2
83464937;"15/05/16";"Domingo";"07:30:00";"MG";262;"116";"RIO CASCA";"Ingestão de álcool";"Atropelamento de pessoa";"Com Vítimas Feridas";"Pleno dia";"Decrescente";"Ceu Claro";"Dupla";"Cruzamento";"Urbano";2;0;1;0;1;0;1;1
83464938;"11/05/16";"Quarta";"22:45:00";"PB";230;"86";"CALDAS BRANDAO";"Outras";"Saída de Pista";"Ignorado";"Plena noite";"Crescente";"Ceu Claro";"Dupla";"Reta";"Rural";1;0;0;0;0;1;0;1