"id";"data_inversa";"dia_semana";"horario";"uf";"br";"km";"municipio";"causa_acidente";"tipo_acidente";"classificacao_acidente";"fase_dia";"sentido_via";"condicao_metereologica";"tipo_pista";"tracado_via";"uso_solo";"pessoas";"mortos";"feridos_leves";"feridos_graves";"ilesos";"ignorados";"feridos";"veiculos"
83465052;"15/05/16";"Domingo";"18:45:00";"RS";116;"314,7";"BARRA DO RIBEIRO";"Não guardar distância de segurança";"Colisão traseira";"Com Vítimas Feridas";"Plena noite";"Decrescente";"Nublado";"Simples";"Reta";"Rural";6;0;2;0;3;1;2;3
83465053;"15/05/16";"Domingo";"18:45:00";"RS";285;"487,6";"ENTRE IJUIS";"Ultrapassagem indevida";"Colisão lateral";"Sem Vítimas";"Plena noite";"Decrescente";"Chuva";"Simples";"Reta";"Rural";2;0;0;0;2;0;0;2
83465054;"15/05/16";"Domingo";"17:30:00";"SC";163;"107,1";"GUARUJA DO SUL";"Velocidade incompatível";"Colisão lateral";"Sem Vítimas";"Anoitecer";"Decrescente";"Chuva";"Simples";"Reta";"Rural";2;0;0;0;2;0;0;2
83465055;"15/05/16";"Domingo";"18:20:00";"PE";232;"90";"SAIRE";"Falta de atenção";"Atropelamento de pessoa";"Com Vítimas Feridas";"Anoitecer";"Crescente";"Ceu Claro";"Dupla";"Reta";"Urbano";2;0;1;0;0;1;1;1
83465056;"15/05/16";"Domingo";"18:40:00";"PE";101;"46";"IGARASSU";"Outras";"Saída de Pista";"Sem Vítimas";"Plena noite";"Crescente";"Ceu Claro";"Múltipla";"Reta";"Urbano";1;0;0;0;1;0;0;1
83465057;"15/05/16";"Domingo";"18:10:00";"SC";470;"72,7";"INDAIAL";"Ingestão de álcool";"Colisão traseira";"Sem Vítimas";"Plena noite";"Decrescente";"Ceu Claro";"Simples";"Reta";"Rural";3;0;0;0;3;0;0;3
83465058;"12/05/16";"Quinta";"07:25:00";"SC";282;"69";"RANCHO QUEIMADO";"Falta de atenção";"Colisão frontal";"Com Vítimas Feridas";"Amanhecer";"Decrescente";"Nublado";"Simples";"Curva";"Rural";5;0;2;2;1;0;4;2
83465059;"15/05/16";"Domingo";"15:40:00";"MA";316;"612,2";"TIMON";"Velocidade incompatível";"Saída de Pista";"Com Vítimas Fatais";"Pleno dia";"Crescente";"Ceu Claro";"Simples";"Reta";"Rural";1;1;0;0;0;0;0;1
83465060;"15/05/16";"Domingo";"16:00:00";"TO";242;"358";"PEIXE";"Ingestão de álcool";"Queda de motocicleta / bicicleta / veículo";"Com Vítimas Fatais";"Pleno dia";"Crescente";"Ceu Claro";"Simples";"Reta";"Rural";1;1;0;0;0;0;0;1
83465061;"12/05/16";"Quinta";"06:30:00";"SP";116;"217";"GUARULHOS";"Não guardar distância de segurança";"Colisão traseira";"Com Vítimas Feridas";"Amanhecer";"Crescente";"Ceu Claro";"Múltipla";"Reta";"Urbano";5;0;1;0;4;0;1;5
83465062;"15/05/16";"Domingo";"17:50:00";"RJ";393;"165,8";"TRES RIOS";"Desobediência à sinalização";"Colisão lateral";"Sem Vítimas";"Anoitecer";"Decrescente";"Nublado";"Simples";"Reta";"Rural";2;0;0;0;2;0;0;2
83465064;"15/05/16";"Domingo";"17:02:00";"MG";365;"659";"UBERLANDIA";"Dormindo";"Saída de Pista";"Sem Vítimas";"Pleno dia";"Crescente";"Sol";"Dupla";"Reta";"Rural";2;0;0;0;2;0;0;1
83465065;"15/05/16";"Domingo";"18:20:00";"RN";406;"170";"SAO GONCALO DO AMARANTE";"Desobediência à sinalização";"Colisão Transversal";"Com Vítimas Feridas";"Plena noite";"Crescente";"Ceu Claro";"Dupla";"Reta";"Urbano";2;0;1;0;1;0;1;2
83465066;"15/05/16";"Domingo";"20:00:00";"BA";101;"717,8";"EUNAPOLIS";"Falta de atenção";"Queda de motocicleta / bicicleta / veículo";"Com Vítimas Feridas";"Plena noite";"Crescente";"Nublado";"Múltipla";"Reta";"Urbano";2;0;2;0;0;0;2;1
83465067;"15/05/16";"Domingo";"19:00:00";"MG";381;"881,8";"ESTIVA";"Falta de atenção";"Colisão traseira";"Sem Vítimas";"Plena noite";"Decrescente";"Nublado";"Dupla";"Reta";"Rural";2;0;0;0;2;0;0;2
83465068;"09/05/16";"Segunda";"15:50:00";"RJ";393;"268,2";"BARRA DO PIRAI";"Falta de atenção";"Colisão Transversal";"Sem Vítimas";"Plena noite";"Decrescente";"Ceu Claro";"Simples";"Reta";"Rural";2;0;0;0;2;0;0;2
83465069;"15/05/16";"Domingo";"16:20:00";"RS";470;"195";"BENTO GONCALVES";"Outras";"Colisão frontal";"Sem Vítimas";"Pleno dia";"Decrescente";"Chuva";"Simples";"Reta";"Rural";4;0;0;0;4;0;0;2
83465070;"15/05/16";"Domingo";"16:30:00";"RS";470;"209";"BENTO GONCALVES";"Desobediência à sinalização";"Colisão Transversal";"Com Vítimas Feridas";"Pleno dia";"Decrescente";"Chuva";"Simples";"Cruzamento";"Urbano";20;0;5;0;15;0;5;2
83465071;"15/05/16";"Domingo";"18:00:00";"RO";364;"735";"PORTO VELHO";"Defeito mecânico em veículo";"Saída de Pista";"Com Vítimas Feridas";"Anoitecer";"Decrescente";"Ceu Claro";"Simples";"Reta";"Rural";2;0;2;0;0;0;2;1
83465072;"07/05/16";"Sábado";"09:00:00";"PA";10;"326";"SANTA MARIA DO PARA";"Falta de atenção";"Colisão lateral";"Com Vítimas Feridas";"Pleno dia";"Decrescente";"Ceu Claro";"Dupla";"Reta";"Rural";2;0;1;0;1;0;1;2
83465073;"15/05/16";"Domingo";"19:15:00";"SC";116;"48";"PAPANDUVA";"Outras";"Colisão com objeto fixo";"Ignorado";"Plena noite";"Decrescente";"Nublado";"Simples";"Cruzamento";"Rural";1;0;0;0;0;1;0;1
83465074;"08/05/16";"Domingo";"18:30:00";"PE";423;"121";"PARANATAMA";"Falta de atenção";"Colisão Transversal";"Sem Vítimas";"Plena noite";"Crescente";"Nublado";"Simples";"Reta";"Rural";2;0;0;0;1;1;0;2
83465075;"15/05/16";"Domingo";"17:50:00";"MS";262;"8";"TRES LAGOAS";"Ingestão de álcool";"Colisão lateral";"Com Vítimas Feridas";"Anoitecer";"Crescente";"Ceu Claro";"Simples";"Reta";"Urbano";2;0;1;0;1;0;1;2
83465076;"15/05/16";"Domingo";"18:30:00";"SC";470;"146,8";"RIO DO SUL";"Falta de atenção";"Colisão Transversal";"Sem Vítimas";"Plena noite";"Crescente";"Chuva";"Simples";"Curva";"Urbano";2;0;0;0;1;1;0;2
83465078;"15/05/16";"Domingo";"18:00:00";"RN";101;"103";"PARNAMIRIM";"Ingestão de álcool";"Atropelamento de pessoa";"Com Vítimas Feridas";"Plena noite";"Decrescente";"Ceu Claro";"Dupla";"Reta";"Urbano";2;0;1;0;1;0;1;1
83465079;"15/05/16";"Domingo";"18:00:00";"RS";116;"211";"MORRO REUTER";"Outras";"Colisão Transversal";"Sem Vítimas";"Pleno dia";"Crescente";"Chuva";"Simples";"Reta";"Rural";2;0;0;0;2;0;0;2
83465080;"15/05/16";"Domingo";"20:45:00";"RJ";40;"112";"DUQUE DE CAXIAS";"Falta de atenção";"Colisão lateral";"Com Vítimas Feridas";"Plena noite";"Decrescente";"Ceu Claro";"Dupla";"Reta";"Urbano";3;0;2;0;1;0;2;2
83465081;"15/05/16";"Domingo";"18:30:00";"MG";50;"86";"UBERLANDIA";"Animais na Pista";"Saída de Pista";"Sem Vítimas";"Anoitecer";"Crescente";"Ceu Claro";"Dupla";"Curva";"Rural";1;0;0;0;1;0;0;1
83465082;"15/05/16";"Domingo";"12:50:00";"MT";364;"300,8";"JACIARA";"Ultrapassagem indevida";"Colisão frontal";"Com Vítimas Fatais";"Pleno dia";"Crescente";"Sol";"Simples";"Curva";"Rural";3;1;0;1;1;0;1;3
83465083;"10/05/16";"Terça";"09:05:00";"SP";153;"338,4";"OURINHOS";"Falta de atenção";"Colisão com objeto fixo";"Sem Vítimas";"Amanhecer";"Crescente";"Nublado";"Dupla";"Reta";"Rural";1;0;0;0;1;0;0;1
83465084;"15/05/16";"Domingo";"17:00:00";"RS";116;"212";"MORRO REUTER";"Dormindo";"Colisão frontal";"Com Vítimas Feridas";"Pleno dia";"Decrescente";"Chuva";"Simples";"Reta";"Urbano";10;0;2;1;7;0;3;3
83465085;"15/05/16";"Domingo";"10:50:00";"CE";20;"370";"MARANGUAPE";"Defeito mecânico em veículo";"Tombamento";"Sem Vítimas";"Pleno dia";"Crescente";"Ceu Claro";"Simples";"Reta";"Rural";1;0;0;0;1;0;0;1
83465087;"15/05/16";"Domingo";"17:50:00";"DF";40;"8";"BRASILIA";"Outras";"Colisão com objeto fixo";"Ignorado";"Pleno dia";"Crescente";"Sol";"Dupla";"Reta";"Urbano";1;0;0;0;0;1;0;1
83465088;"11/05/16";"Quarta";"16:00:00";"RJ";116;"80";"TERESOPOLIS";"Outras";"Colisão lateral";"Com Vítimas Feridas";"Pleno dia";"Crescente";"Nublado";"Simples";"Reta";"Urbano";3;0;2;0;1;0;2;2
83465089;"15/05/16";"Domingo";"18:30:00";"RS";472;"574";"URUGUAIANA";"Desobediência à sinalização";"Colisão com bicicleta";"Com Vítimas Feridas";"Anoitecer";"Crescente";"Ceu Claro";"Simples";"Reta";"Urbano";2;0;0;1;1;0;1;2
83465090;"12/05/16";"Quinta";"22:00:00";"SP";116;"164";"JACAREI";"Animais na Pista";"Capotamento";"Sem Vítimas";"Plena noite";"Crescente";"Nublado";"Dupla";"Reta";"Rural";1;0;0;0;1;0;0;1
83465091;"11/05/16";"Quarta";"07:10:00";"MG";262;"443,5";"NOVA SERRANA";"Falta de atenção";"Colisão com bicicleta";"Com Vítimas Feridas";"Pleno dia";"Decrescente";"Sol";"Dupla";"Reta";"Urbano";2;0;0;1;1;0;1;2
83465092;"11/05/16";"Quarta";"17:55:00";"SP";116;"229";"SAO PAULO";"Outras";"Queda de motocicleta / bicicleta / veículo";"Com Vítimas Feridas";"Anoitecer";"Crescente";"Nublado";"Simples";"Reta";"Urbano";1;0;1;0;0;0;1;1
83465093;"15/05/16";"Domingo";"12:05:00";"RO";364;"718,6";"PORTO VELHO";"Defeito na via";"Capotamento";"Sem Vítimas";"Pleno dia";"Decrescente";"Chuva";"Dupla";"Reta";"Rural";1;0;0;0;1;0;0;1
83465094;"07/05/16";"Sábado";"18:40:00";"RJ";116;"128";"MAGE";"Falta de atenção";"Colisão com objeto fixo";"Com Vítimas Feridas";"Plena noite";"Crescente";"Ceu Claro";"Dupla";"Reta";"Urbano";5;0;3;0;2;0;3;1
83465095;"15/05/16";"Domingo";"19:00:00";"GO";153;"508";"APARECIDA DE GOIANIA";"Desobediência à sinalização";"Colisão traseira";"Com Vítimas Feridas";"Plena noite";"Decrescente";"Ceu Claro";"Dupla";"Reta";"Urbano";2;0;0;1;1;0;1;2
83465096;"15/05/16";"Domingo";"18:30:00";"SC";280;"35";"ARAQUARI";"Falta de atenção";"Colisão frontal";"Com Vítimas Feridas";"Plena noite";"Decrescente";"Nublado";"Simples";"Curva";"Rural";2;0;0;1;1;0;1;2
83465097;"15/05/16";"Domingo";"17:40:00";"SP";116;"280";"EMBU";"Falta de atenção";"Colisão lateral";"Sem Vítimas";"Pleno dia";"Decrescente";"Ceu Claro";"Dupla";"Reta";"Urbano";3;0;0;0;3;0;0;2
83465098;"15/05/16";"Domingo";"09:00:00";"RS";392;"107,9";"CANGUCU";"Outras";"Saída de Pista";"Sem Vítimas";"Pleno dia";"Crescente";"Chuva";"Simples";"Reta";"Rural";1;0;0;0;1;0;0;1
83465100;"15/05/16";"Domingo";"18:00:00";"GO";60;"28,8";"ALEXANIA";"Velocidade incompatível";"Saída de Pista";"Ignorado";"Plena noite";"Decrescente";"Ceu Claro";"Dupla";"Reta";"Rural";1;0;0;0;0;1;0;1
83465101;"15/05/16";"Domingo";"19:00:00";"SP";116;"279";"EMBU";"Velocidade incompatível";"Colisão com objeto fixo";"Com Vítimas Fatais";"Plena noite";"Crescente";"Ignorada";"Dupla";"Curva";"Urbano";2;1;0;1;0;0;1;1
83465102;"15/05/16";"Domingo";"09:18:00";"RJ";101;"317";"SAO GONCALO";"Outras";"Colisão com objeto móvel";"Sem Vítimas";"Pleno dia";"Crescente";"Ceu Claro";"Dupla";"Reta";"Urbano";1;0;0;0;1;0;0;1
83465103;"15/05/16";"Domingo";"19:30:00";"ES";101;"129";"LINHARES";"Ingestão de álcool";"Capotamento";"Com Vítimas Fatais";"Plena noite";"Crescente";"Ceu Claro";"Múltipla";"Reta";"Rural";1;1;0;0;0;0;0;1
83465104;"15/05/16";"Domingo";"20:50:00";"ES";101;"125,4";"SOORETAMA";"Desobediência à sinalização";"Colisão com bicicleta";"Com Vítimas Fatais";"Plena noite";"Decrescente";"Nublado";"Múltipla";"Cruzamento";"Urbano";2;1;0;0;1;0;0;2
83465105;"15/05/16";"Domingo";"19:45:00";"GO";20;"179";"ALVORADA DO NORTE";"Outras";"Saída de Pista";"Sem Vítimas";"Plena noite";"Decrescente";"Ceu Claro";"Simples";"Reta";"Urbano";1;0;0;0;1;0;0;1
83465106;"15/05/16";"Domingo";"18:30:00";"RO";364;"138,9";"PIMENTA BUENO";"Outras";"Colisão traseira";"Com Vítimas Feridas";"Plena noite";"Decrescente";"Ceu Claro";"Simples";"Reta";"Rural";2;0;1;0;1;0;1;2
83465107;"15/05/16";"Domingo";"20:30:00";"SC";116;"169";"PONTE ALTA DO NORTE";"Outras";"Danos Eventuais";"Sem Vítimas";"Plena noite";"Crescente";"Chuva";"Simples";"Reta";"Rural";1;0;0;0;1;0;0;1
83465108;"15/05/16";"Domingo";"21:00:00";"ES";101;"301,5";"VIANA";"Não guardar distância de segurança";"Colisão traseira";"Sem Vítimas";"Plena noite";"Decrescente";"Ceu Claro";"Dupla";"Curva";"Urbano";2;0;0;0;2;0;0;2
83465109;"15/05/16";"Domingo";"21:20:00";"PR";376;"227,8";"APUCARANA";"Dormindo";"Saída de Pista";"Com Vítimas Feridas";"Plena noite";"Crescente";"Nublado";"Dupla";"Reta";"Rural";2;0;2;0;0;0;2;1
83465110;"15/05/16";"Domingo";"19:10:00";"SP";116;"481,9";"CAJATI";"Outras";"Saída de Pista";"Com Vítimas Feridas";"Plena noite";"Crescente";"Ceu Claro";"Dupla";"Curva";"Rural";2;0;1;0;1;0;1;1
83465111;"11/05/16";"Quarta";"19:20:00";"RR";174;"503";"BOA VISTA";"Ingestão de álcool";"Colisão com bicicleta";"Sem Vítimas";"Plena noite";"Crescente";"Ceu Claro";"Dupla";"Reta";"Urbano";2;0;0;0;2;0;0;2
83465112;"15/05/16";"Domingo";"22:10:00";"RJ";101;"391,5";"RIO DE JANEIRO";"Dormindo";"Saída de Pista";"Com Vítimas Feridas";"Plena noite";"Crescente";"Ceu Claro";"Dupla";"Reta";"Urbano";2;0;0;2;0;0;2;1
83465113;"15/05/16";"Domingo";"23:10:00";"MG";381;"499,3";"BETIM";"Outras";"Colisão lateral";"Sem Vítimas";"Plena noite";"Crescente";"Ceu Claro";"Dupla";"Reta";"Urbano";2;0;0;0;2;0;0;2
83465114;"15/05/16";"Domingo";"18:45:00";"MS";163;"490";"CAMPO GRANDE";"Não guardar distância de segurança";"Colisão traseira";"Com Vítimas Feridas";"Plena noite";"Crescente";"Nublado";"Simples";"Curva";"Rural";5;0;1;0;4;0;1;4
83465115;"15/05/16";"Domingo";"22:00:00";"GO";60;"130";"GOIANIA";"Outras";"Colisão traseira";"Sem Vítimas";"Plena noite";"Decrescente";"Ceu Claro";"Dupla";"Reta";"Rural";2;0;0;0;1;1;0;2
83465116;"15/05/16";"Domingo";"09:25:00";"RO";319;"63,4";"PORTO VELHO";"Falta de atenção";"Colisão Transversal";"Com Vítimas Feridas";"Pleno dia";"Crescente";"Ceu Claro";"Simples";"Reta";"Urbano";2;0;1;0;1;0;1;2
83465117;"15/05/16";"Domingo";"21:20:00";"BA";324;"518";"FEIRA DE SANTANA";"Outras";"Colisão com objeto fixo";"Sem Vítimas";"Plena noite";"Decrescente";"Nublado";"Dupla";"Reta";"Urbano";1;0;0;0;1;0;0;1
83465118;"15/05/16";"Domingo";"18:40:00";"MS";163;"272,3";"DOURADOS";"Ingestão de álcool";"Colisão Transversal";"Com Vítimas Feridas";"Plena noite";"Crescente";"Nublado";"Dupla";"Reta";"Urbano";4;0;2;0;2;0;2;2
83465119;"15/05/16";"Domingo";"20:30:00";"PE";104;"24";"TORITAMA";"Outras";"Colisão traseira";"Com Vítimas Feridas";"Plena noite";"Crescente";"Ceu Claro";"Simples";"Reta";"Rural";2;0;0;1;1;0;1;2
83465120;"15/05/16";"Domingo";"21:30:00";"RS";287;"410";"SANTIAGO";"Falta de atenção";"Saída de Pista";"Com Vítimas Feridas";"Plena noite";"Decrescente";"Chuva";"Simples";"Cruzamento";"Rural";4;0;1;0;3;0;1;1
83465121;"15/05/16";"Domingo";"18:00:00";"ES";101;"146,7";"LINHARES";"Ingestão de álcool";"Colisão lateral";"Sem Vítimas";"Plena noite";"Crescente";"Nublado";"Simples";"Reta";"Urbano";2;0;0;0;2;0;0;2
83465122;"15/05/16";"Domingo";"21:15:00";"MG";40;"517";"RIBEIRAO DAS NEVES";"Velocidade incompatível";"Colisão traseira";"Com Vítimas Feridas";"Plena noite";"Crescente";"Ceu Claro";"Dupla";"Reta";"Urbano";3;0;0;2;1;0;2;2
83465123;"09/05/16";"Segunda";"10:00:00";"SP";116;"206,5";"GUARULHOS";"Falta de atenção";"Colisão com objeto fixo";"Sem Vítimas";"Pleno dia";"Decrescente";"Sol";"Dupla";"Reta";"Urbano";1;0;0;0;1;0;0;1
83465124;"15/05/16";"Domingo";"21:20:00";"SC";282;"390,2";"JOACABA";"Velocidade incompatível";"Saída de Pista";"Sem Vítimas";"Plena noite";"Crescente";"Chuva";"Simples";"Curva";"Rural";1;0;0;0;1;0;0;1
83465125;"15/05/16";"Domingo";"11:30:00";"SE";101;"161";"SANTA LUZIA DO ITANHY";"Outras";"Saída de Pista";"Sem Vítimas";"Pleno dia";"Crescente";"Chuva";"Simples";"Reta";"Rural";1;0;0;0;1;0;0;1
83465126;"15/05/16";"Domingo";"20:15:00";"SC";116;"169,5";"PONTE ALTA DO NORTE";"Outras";"Danos Eventuais";"Com Vítimas Feridas";"Plena noite";"Decrescente";"Chuva";"Simples";"Reta";"Rural";2;0;1;0;1;0;1;1
83465127;"15/05/16";"Domingo";"21:20:00";"RS";386;"344,5";"LAJEADO";"Outras";"Atropelamento de pessoa";"Com Vítimas Fatais";"Plena noite";"Crescente";"Chuva";"Dupla";"Reta";"Urbano";3;1;0;0;2;0;0;1
83465128;"15/05/16";"Domingo";"21:30:00";"PR";467;"72,9";"TOLEDO";"Velocidade incompatível";"Saída de Pista";"Com Vítimas Feridas";"Plena noite";"Decrescente";"Chuva";"Dupla";"Reta";"Rural";4;0;3;0;1;0;3;1
83465129;"15/05/16";"Domingo";"09:20:00";"SC";282;"87";"RANCHO QUEIMADO";"Velocidade incompatível";"Colisão lateral";"Sem Vítimas";"Pleno dia";"Decrescente";"Chuva";"Simples";"Curva";"Rural";2;0;0;0;2;0;0;2
83465130;"15/05/16";"Domingo";"12:05:00";"MT";364;"322,1";"CAMPO VERDE";"Falta de atenção";"Colisão traseira";"Com Vítimas Feridas";"Pleno dia";"Decrescente";"Ceu Claro";"Dupla";"Reta";"Rural";2;0;1;0;1;0;1;2
83465131;"15/05/16";"Domingo";"21:45:00";"BA";418;"95";"NOVA VICOSA";"Animais na Pista";"Atropelamento de animal";"Sem Vítimas";"Plena noite";"Decrescente";"Ceu Claro";"Simples";"Reta";"Rural";1;0;0;0;1;0;0;1
83465133;"15/05/16";"Domingo";"20:00:00";"SC";116;"168,5";"PONTE ALTA DO NORTE";"Falta de atenção";"Colisão traseira";"Com Vítimas Feridas";"Plena noite";"Crescente";"Chuva";"Simples";"Reta";"Rural";5;0;3;0;2;0;3;2
83465134;"15/05/16";"Domingo";"20:15:00";"MS";60;"502";"MARACAJU";"Animais na Pista";"Saída de Pista";"Com Vítimas Feridas";"Plena noite";"Decrescente";"Nublado";"Simples";"Cruzamento";"Rural";2;0;1;0;1;0;1;1
83465135;"13/05/16";"Sexta";"06:30:00";"MS";163;"518,9";"JARAGUARI";"Outras";"Colisão com objeto fixo";"Sem Vítimas";"Pleno dia";"Crescente";"Sol";"Simples";"Reta";"Rural";2;0;0;0;2;0;0;1
83465136;"15/05/16";"Domingo";"21:25:00";"SC";470;"27,7";"ILHOTA";"Outras";"Colisão frontal";"Com Vítimas Fatais";"Plena noite";"Crescente";"Chuva";"Simples";"Reta";"Rural";5;3;1;1;0;0;2;2
83465137;"15/05/16";"Domingo";"23:30:00";"SC";470;"115,2";"IBIRAMA";"Ingestão de álcool";"Capotamento";"Com Vítimas Feridas";"Plena noite";"Decrescente";"Nublado";"Simples";"Curva";"Urbano";1;0;0;1;0;0;1;1
83465138;"15/05/16";"Domingo";"14:40:00";"PB";230;"247";"JUAZEIRINHO";"Outras";"Saída de Pista";"Com Vítimas Fatais";"Pleno dia";"Decrescente";"Ceu Claro";"Simples";"Reta";"Rural";2;1;0;1;0;0;1;1
83465139;"15/05/16";"Domingo";"13:45:00";"PR";153;"296";"IMBITUVA";"Velocidade incompatível";"Colisão Transversal";"Com Vítimas Feridas";"Pleno dia";"Decrescente";"Sol";"Simples";"Reta";"Rural";5;0;4;1;0;0;5;2
83465140;"15/05/16";"Domingo";"22:00:00";"MG";459;"85,3";"CONGONHAL";"Outras";"Saída de Pista";"Com Vítimas Feridas";"Plena noite";"Crescente";"Ceu Claro";"Simples";"Reta";"Urbano";1;0;1;0;0;0;1;1
83465141;"15/05/16";"Domingo";"20:45:00";"MT";364;"9,2";"ALTO ARAGUAIA";"Ultrapassagem indevida";"Saída de Pista";"Com Vítimas Feridas";"Plena noite";"Decrescente";"Ceu Claro";"Simples";"Reta";"Rural";1;0;1;0;0;0;1;1
83465142;"15/05/16";"Domingo";"18:28:00";"PE";104;"77,5";"CARUARU";"Ultrapassagem indevida";"Colisão frontal";"Com Vítimas Fatais";"Plena noite";"Decrescente";"Ceu Claro";"Simples";"Reta";"Rural";3;1;1;0;1;0;1;3
83465143;"15/05/16";"Domingo";"20:00:00";"GO";414;"376";"COCALZINHO DE GOIAS";"Outras";"Saída de Pista";"Com Vítimas Feridas";"Plena noite";"Crescente";"Ceu Claro";"Simples";"Curva";"Rural";1;0;1;0;0;0;1;1
83465144;"16/05/16";"Segunda";"00:50:00";"SC";101;"410";"ARARANGUA";"Ingestão de álcool";"Danos Eventuais";"Sem Vítimas";"Plena noite";"Decrescente";"Chuva";"Simples";"Cruzamento";"Urbano";1;0;0;0;1;0;0;1
83465145;"15/05/16";"Domingo";"20:40:00";"PB";412;"142,2";"MONTEIRO";"Desobediência à sinalização";"Colisão frontal";"Com Vítimas Fatais";"Plena noite";"Decrescente";"Ceu Claro";"Simples";"Cruzamento";"Urbano";3;2;0;1;0;0;1;2
83465146;"15/05/16";"Domingo";"17:40:00";"PB";101;"16";"MAMANGUAPE";"Falta de atenção";"Atropelamento de pessoa";"Com Vítimas Fatais";"Plena noite";"Crescente";"Ceu Claro";"Dupla";"Reta";"Rural";3;1;1;0;1;0;1;1
83465147;"15/05/16";"Domingo";"18:20:00";"PI";316;"10,6";"TERESINA";"Outras";"Colisão Transversal";"Com Vítimas Fatais";"Plena noite";"Decrescente";"Ceu Claro";"Simples";"Reta";"Urbano";2;1;1;0;0;0;1;2
83465148;"15/05/16";"Domingo";"20:20:00";"SE";235;"78,5";"FREI PAULO";"Ingestão de álcool";"Saída de Pista";"Com Vítimas Feridas";"Plena noite";"Crescente";"Chuva";"Dupla";"Reta";"Rural";1;0;1;0;0;0;1;1
83465149;"15/05/16";"Domingo";"21:40:00";"GO";153;"542";"HIDROLANDIA";"Outras";"Queda de motocicleta / bicicleta / veículo";"Com Vítimas Feridas";"Plena noite";"Crescente";"Ceu Claro";"Múltipla";"Reta";"Rural";2;0;1;1;0;0;2;1
83465150;"15/05/16";"Domingo";"17:35:00";"BA";407;"127";"SENHOR DO BONFIM";"Falta de atenção";"Colisão Transversal";"Com Vítimas Feridas";"Plena noite";"Crescente";"Chuva";"Simples";"Reta";"Urbano";2;0;0;1;0;1;1;2
83465151;"16/05/16";"Segunda";"03:00:00";"BA";116;"781";"POCOES";"Outras";"Queda de motocicleta / bicicleta / veículo";"Com Vítimas Feridas";"Plena noite";"Crescente";"Nublado";"Simples";"Reta";"Rural";2;0;2;0;0;0;2;1
83465152;"15/05/16";"Domingo";"23:00:00";"MT";364;"503";"JANGADA";"Falta de atenção";"Queda de motocicleta / bicicleta / veículo";"Com Vítimas Fatais";"Plena noite";"Crescente";"Ceu Claro";"Simples";"Reta";"Rural";1;1;0;0;0;0;0;1
83465153;"15/05/16";"Domingo";"19:45:00";"PR";116;"68";"QUATRO BARRAS";"Animais na Pista";"Atropelamento de animal";"Com Vítimas Feridas";"Plena noite";"Crescente";"Ceu Claro";"Dupla";"Reta";"Rural";6;0;3;0;3;0;3;4
83465154;"15/05/16";"Domingo";"19:35:00";"BA";407;"118";"SENHOR DO BONFIM";"Ingestão de álcool";"Colisão traseira";"Sem Vítimas";"Plena noite";"Crescente";"Nublado";"Simples";"Reta";"Rural";3;0;0;0;3;0;0;3
83465155;"16/05/16";"Segunda";"01:00:00";"SP";116;"219";"GUARULHOS";"Velocidade incompatível";"Saída de Pista";"Com Vítimas Feridas";"Plena noite";"Crescente";"Nublado";"Múltipla";"Curva";"Urbano";2;0;1;0;0;1;1;1
83465156;"15/05/16";"Domingo";"13:10:00";"PE";232;"91,8";"SAIRE";"Outras";"Capotamento";"Sem Vítimas";"Pleno dia";"Crescente";"Sol";"Dupla";"Reta";"Rural";1;0;0;0;1;0;0;1
83465157;"15/05/16";"Domingo";"23:10:00";"BA";116;"551,2";"MILAGRES";"Outras";"Colisão lateral";"Com Vítimas Feridas";"Plena noite";"Decrescente";"Nublado";"Simples";"Reta";"Rural";4;0;2;0;2;0;2;2
83465159;"15/05/16";"Domingo";"19:30:00";"PB";230;"206";"SOLEDADE";"Defeito mecânico em veículo";"Capotamento";"Com Vítimas Feridas";"Anoitecer";"Decrescente";"Ceu Claro";"Simples";"Reta";"Rural";2;0;1;0;1;0;1;1
83465160;"15/05/16";"Domingo";"17:25:00";"MG";381;"809";"CAREACU";"Falta de atenção";"Colisão com objeto fixo";"Sem Vítimas";"Anoitecer";"Decrescente";"Ceu Claro";"Dupla";"Reta";"Rural";1;0;0;0;1;0;0;1
83465161;"15/05/16";"Domingo";"18:15:00";"DF";60;"7";"BRASILIA";"Ingestão de álcool";"Capotamento";"Com Vítimas Feridas";"Anoitecer";"Crescente";"Nublado";"Dupla";"Reta";"Rural";3;0;3;0;0;0;3;1
83465162;"15/05/16";"Domingo";"18:30:00";"SC";280;"20";"ARAQUARI";"Não guardar distância de segurança";"Colisão traseira";"Com Vítimas Feridas";"Anoitecer";"Crescente";"Nublado";"Simples";"Reta";"Rural";2;0;1;0;0;1;1;2
83465163;"15/05/16";"Domingo";"21:00:00";"GO";158;"217,9";"JATAI";"Outras";"Saída de Pista";"Com Vítimas Feridas";"Plena noite";"Crescente";"Ceu Claro";"Simples";"Reta";"Rural";1;0;1;0;0;0;1;1
83465164;"12/05/16";"Quinta";"21:50:00";"PB";230;"35,1";"SANTA RITA";"Ingestão de álcool";"Colisão com bicicleta";"Com Vítimas Feridas";"Plena noite";"Decrescente";"Ceu Claro";"Simples";"Reta";"Urbano";2;0;0;2;0;0;2;2