"id";"data_inversa";"dia_semana";"horario";"uf";"br";"km";"municipio";"causa_acidente";"tipo_acidente";"classificacao_acidente";"fase_dia";"sentido_via";"condicao_metereologica";"tipo_pista";"tracado_via";"uso_solo";"pessoas";"mortos";"feridos_leves";"feridos_graves";"ilesos";"ignorados";"feridos";"veiculos"
83465165;"16/05/16";"Segunda";"06:00:00";"MA";222;"350";"IGARAPE DO MEIO";"Outras";"Colisão lateral";"Sem Vítimas";"Amanhecer";"Crescente";"Ceu Claro";"Simples";"Reta";"Rural";2;0;0;0;1;1;0;2
83465166;"13/05/16";"Sexta";"16:00:00";"MG";135;"621";"CURVELO";"Velocidade incompatível";"Saída de Pista";"Sem Vítimas";"Pleno dia";"Decrescente";"Chuva";"Simples";"Reta";"Rural";1;0;0;0;1;0;0;1
83465169;"11/05/16";"Quarta";"22:00:00";"SP";116;"138";"CACAPAVA";"Outras";"Incêndio";"Ignorado";"Plena noite";"Crescente";"Ceu Claro";"Dupla";"Reta";"Rural";1;0;0;0;0;1;0;1
83465171;"16/05/16";"Segunda";"01:00:00";"MA";316;"288";"PIO XII";"Ingestão de álcool";"Colisão lateral";"Sem Vítimas";"Plena noite";"Decrescente";"Ceu Claro";"Simples";"Reta";"Rural";2;0;0;0;2;0;0;2
83465172;"15/05/16";"Domingo";"14:30:00";"BA";110;"126";"ANTAS";"Outras";"Saída de Pista";"Com Vítimas Feridas";"Pleno dia";"Decrescente";"Chuva";"Simples";"Reta";"Rural";1;0;1;0;0;0;1;1
83465173;"16/05/16";"Segunda";"04:35:00";"PR";376;"259,8";"CALIFORNIA";"Velocidade incompatível";"Colisão frontal";"Com Vítimas Fatais";"Plena noite";"Crescente";"Ceu Claro";"Simples";"Curva";"Rural";3;2;0;0;1;0;0;2
83465174;"13/05/16";"Sexta";"19:20:00";"PR";116;"119";"CURITIBA";"Desobediência à sinalização";"Colisão frontal";"Com Vítimas Feridas";"Plena noite";"Decrescente";"Ceu Claro";"Dupla";"Reta";"Urbano";2;0;0;1;1;0;1;2
83465175;"16/05/16";"Segunda";"01:00:00";"RJ";116;"293";"PORTO REAL";"Outras";"Saída de Pista";"Sem Vítimas";"Plena noite";"Decrescente";"Ceu Claro";"Dupla";"Reta";"Urbano";1;0;0;0;1;0;0;1
83465176;"14/05/16";"Sábado";"17:40:00";"MG";262;"662";"IBIA";"Outras";"Saída de Pista";"Sem Vítimas";"Anoitecer";"Crescente";"Ceu Claro";"Simples";"Curva";"Rural";1;0;0;0;1;0;0;1
83465177;"16/05/16";"Segunda";"03:30:00";"MG";381;"648,5";"SANTO ANTONIO DO AMPARO";"Falta de atenção";"Capotamento";"Com Vítimas Feridas";"Plena noite";"Crescente";"Ceu Claro";"Dupla";"Curva";"Rural";4;0;3;0;1;0;3;2
83465178;"15/05/16";"Domingo";"16:30:00";"MG";116;"685,7";"MURIAE";"Outras";"Colisão lateral";"Sem Vítimas";"Pleno dia";"Crescente";"Nublado";"Simples";"Reta";"Rural";2;0;0;0;2;0;0;2
83465179;"16/05/16";"Segunda";"07:00:00";"PR";277;"0";"FOZ DO IGUACU";"Falta de atenção";"Colisão lateral";"Com Vítimas Feridas";"Amanhecer";"Decrescente";"Chuva";"Dupla";"Reta";"Urbano";3;0;1;0;2;0;1;2
83465180;"13/05/16";"Sexta";"05:00:00";"SP";116;"220,5";"GUARULHOS";"Outras";"Colisão traseira";"Com Vítimas Fatais";"Plena noite";"Decrescente";"Ceu Claro";"Múltipla";"Reta";"Urbano";2;1;0;0;0;1;0;2
83465181;"14/04/16";"Quinta";"13:30:00";"MG";381;"492";"BETIM";"Outras";"Capotamento";"Com Vítimas Feridas";"Pleno dia";"Crescente";"Ceu Claro";"Dupla";"Reta";"Urbano";1;0;1;0;0;0;1;1
83465182;"12/05/16";"Quinta";"18:50:00";"ES";101;"296,6";"CARIACICA";"Defeito na via";"Tombamento";"Com Vítimas Feridas";"Plena noite";"Decrescente";"Chuva";"Múltipla";"Cruzamento";"Urbano";1;0;1;0;0;0;1;1
83465183;"08/05/16";"Domingo";"05:30:00";"PR";376;"115,9";"ALTO PARANA";"Outras";"Colisão frontal";"Com Vítimas Fatais";"Plena noite";"Decrescente";"Nublado";"Simples";"Reta";"Rural";2;1;1;0;0;0;1;2
83465184;"16/05/16";"Segunda";"06:18:00";"PR";277;"141";"BALSA NOVA";"Velocidade incompatível";"Saída de Pista";"Sem Vítimas";"Amanhecer";"Decrescente";"Nublado";"Simples";"Reta";"Rural";1;0;0;0;1;0;0;1
83465185;"14/05/16";"Sábado";"17:35:00";"SE";101;"2,7";"PROPRIA";"Falta de atenção";"Colisão frontal";"Sem Vítimas";"Anoitecer";"Crescente";"Ceu Claro";"Simples";"Reta";"Rural";2;0;0;0;2;0;0;2
83465186;"07/05/16";"Sábado";"08:00:00";"BA";415;"57";"ITABUNA";"Outras";"Capotamento";"Com Vítimas Feridas";"Pleno dia";"Decrescente";"Ceu Claro";"Simples";"Curva";"Rural";5;0;4;1;0;0;5;1
83465187;"14/05/16";"Sábado";"03:30:00";"MG";50;"37";"ARAGUARI";"Outras";"Colisão com objeto fixo";"Sem Vítimas";"Plena noite";"Crescente";"Ceu Claro";"Dupla";"Reta";"Urbano";1;0;0;0;1;0;0;1
83465188;"12/05/16";"Quinta";"19:00:00";"CE";116;"453";"BARRO";"Defeito na via";"Saída de Pista";"Sem Vítimas";"Plena noite";"Decrescente";"Ceu Claro";"Simples";"Reta";"Rural";3;0;0;0;3;0;0;1
83465189;"15/05/16";"Domingo";"19:30:00";"GO";20;"179";"ALVORADA DO NORTE";"Ingestão de álcool";"Colisão Transversal";"Sem Vítimas";"Plena noite";"Decrescente";"Ceu Claro";"Simples";"Cruzamento";"Urbano";3;0;0;0;3;0;0;2
83465190;"04/05/16";"Quarta";"16:20:00";"SC";101;"39,5";"JOINVILLE";"Falta de atenção";"Colisão traseira";"Sem Vítimas";"Pleno dia";"Decrescente";"Nublado";"Dupla";"Reta";"Urbano";2;0;0;0;2;0;0;2
83465191;"16/05/16";"Segunda";"06:40:00";"PE";101;"25";"ITAPISSUMA";"Outras";"Colisão com objeto fixo";"Sem Vítimas";"Pleno dia";"Decrescente";"Sol";"Dupla";"Reta";"Rural";2;0;0;0;1;1;0;2
83465193;"13/05/16";"Sexta";"03:00:00";"MG";251;"328";"SALINAS";"Velocidade incompatível";"Tombamento";"Com Vítimas Feridas";"Plena noite";"Crescente";"Ceu Claro";"Simples";"Curva";"Rural";1;0;0;1;0;0;1;1
83465194;"16/05/16";"Segunda";"05:15:00";"SP";116;"498,9";"CAJATI";"Falta de atenção";"Tombamento";"Sem Vítimas";"Amanhecer";"Decrescente";"Nublado";"Dupla";"Reta";"Rural";2;0;0;0;2;0;0;2
83465195;"16/05/16";"Segunda";"07:30:00";"GO";50;"279";"CATALAO";"Outras";"Queda de motocicleta / bicicleta / veículo";"Com Vítimas Feridas";"Pleno dia";"Crescente";"Chuva";"Simples";"Reta";"Urbano";2;0;2;0;0;0;2;1
83465196;"08/05/16";"Domingo";"11:00:00";"GO";40;"14,9";"LUZIANIA";"Outras";"Queda de motocicleta / bicicleta / veículo";"Com Vítimas Feridas";"Pleno dia";"Decrescente";"Ceu Claro";"Dupla";"Reta";"Urbano";1;0;1;0;0;0;1;1
83465197;"04/05/16";"Quarta";"07:00:00";"SC";282;"4,4";"SAO JOSE";"Outras";"Queda de motocicleta / bicicleta / veículo";"Com Vítimas Feridas";"Pleno dia";"Decrescente";"Ceu Claro";"Múltipla";"Reta";"Urbano";1;0;1;0;0;0;1;1
83465199;"13/05/16";"Sexta";"01:30:00";"MG";381;"750,2";"TRES CORACOES";"Velocidade incompatível";"Colisão com objeto fixo";"Com Vítimas Feridas";"Plena noite";"Crescente";"Ceu Claro";"Dupla";"Curva";"Rural";2;0;1;0;1;0;1;1
83465200;"16/05/16";"Segunda";"07:30:00";"RJ";40;"120";"DUQUE DE CAXIAS";"Falta de atenção";"Atropelamento de pessoa";"Com Vítimas Feridas";"Pleno dia";"Decrescente";"Ceu Claro";"Simples";"Reta";"Urbano";2;0;1;0;0;1;1;1
83465201;"13/05/16";"Sexta";"03:20:00";"MG";262;"155";"SAO DOMINGOS DO PRATA";"Animais na Pista";"Atropelamento de animal";"Sem Vítimas";"Plena noite";"Crescente";"Ceu Claro";"Simples";"Reta";"Rural";1;0;0;0;1;0;0;1
83465202;"16/05/16";"Segunda";"08:20:00";"MG";381;"872";"POUSO ALEGRE";"Não guardar distância de segurança";"Colisão traseira";"Com Vítimas Feridas";"Pleno dia";"Crescente";"Nublado";"Simples";"Reta";"Rural";2;0;1;0;0;1;1;2
83465203;"02/04/16";"Sábado";"11:20:00";"SC";101;"33";"JOINVILLE";"Falta de atenção";"Queda de motocicleta / bicicleta / veículo";"Com Vítimas Feridas";"Pleno dia";"Decrescente";"Ceu Claro";"Dupla";"Reta";"Rural";1;0;1;0;0;0;1;1
83465204;"16/05/16";"Segunda";"07:30:00";"RS";290;"97,5";"PORTO ALEGRE";"Outras";"Colisão Transversal";"Sem Vítimas";"Pleno dia";"Crescente";"Ceu Claro";"Dupla";"Reta";"Urbano";2;0;0;0;2;0;0;2
83465205;"16/05/16";"Segunda";"07:10:00";"PR";277;"724";"FOZ DO IGUACU";"Falta de atenção";"Colisão Transversal";"Com Vítimas Feridas";"Amanhecer";"Decrescente";"Chuva";"Dupla";"Reta";"Urbano";3;0;1;2;0;0;3;2
83465206;"16/05/16";"Segunda";"06:50:00";"PB";230;"46,1";"SANTA RITA";"Dormindo";"Saída de Pista";"Com Vítimas Feridas";"Pleno dia";"Decrescente";"Sol";"Dupla";"Reta";"Rural";1;0;1;0;0;0;1;1
83465207;"14/05/16";"Sábado";"00:20:00";"MG";116;"597,8";"SAO JOAO DO MANHUACU";"Velocidade incompatível";"Saída de Pista";"Com Vítimas Feridas";"Plena noite";"Decrescente";"Chuva";"Simples";"Reta";"Rural";1;0;1;0;0;0;1;1
83465208;"13/05/16";"Sexta";"12:15:00";"MG";251;"486,7";"FRANCISCO SA";"Defeito mecânico em veículo";"Queda de motocicleta / bicicleta / veículo";"Com Vítimas Feridas";"Pleno dia";"Decrescente";"Ceu Claro";"Simples";"Reta";"Rural";1;0;1;0;0;0;1;1
83465209;"13/05/16";"Sexta";"01:25:00";"MG";381;"477,5";"CONTAGEM";"Outras";"Colisão com objeto fixo";"Ignorado";"Plena noite";"Crescente";"Ceu Claro";"Dupla";"Reta";"Urbano";1;0;0;0;0;1;0;1
83465211;"15/05/16";"Domingo";"21:10:00";"SP";116;"173,4";"JACAREI";"Outras";"Colisão Transversal";"Com Vítimas Feridas";"Plena noite";"Decrescente";"Ceu Claro";"Dupla";"Reta";"Rural";4;0;1;0;3;0;1;2
83465212;"16/05/16";"Segunda";"07:35:00";"SP";116;"485,8";"CAJATI";"Falta de atenção";"Colisão traseira";"Sem Vítimas";"Pleno dia";"Crescente";"Nublado";"Dupla";"Reta";"Rural";2;0;0;0;2;0;0;2
83465214;"15/05/16";"Domingo";"06:30:00";"RJ";393;"165";"TRES RIOS";"Outras";"Colisão com objeto fixo";"Com Vítimas Fatais";"Amanhecer";"Decrescente";"Ceu Claro";"Simples";"Curva";"Rural";2;2;0;0;0;0;0;1
83465215;"12/05/16";"Quinta";"22:20:00";"RN";304;"40";"MOSSORO";"Animais na Pista";"Atropelamento de animal";"Com Vítimas Feridas";"Plena noite";"Decrescente";"Nublado";"Dupla";"Reta";"Rural";1;0;1;0;0;0;1;1
83465217;"11/05/16";"Quarta";"18:30:00";"SP";459;"32";"LORENA";"Outras";"Colisão lateral";"Com Vítimas Feridas";"Plena noite";"Decrescente";"Ceu Claro";"Simples";"Cruzamento";"Urbano";2;0;1;0;1;0;1;2
83465218;"12/05/16";"Quinta";"22:30:00";"GO";60;"6";"SANTO ANTONIO DO DESCOBERTO";"Outras";"Tombamento";"Sem Vítimas";"Plena noite";"Crescente";"Ceu Claro";"Dupla";"Curva";"Rural";1;0;0;0;1;0;0;1
83465219;"16/05/16";"Segunda";"09:30:00";"MG";116;"518";"UBAPORANGA";"Falta de atenção";"Queda de motocicleta / bicicleta / veículo";"Com Vítimas Feridas";"Pleno dia";"Crescente";"Sol";"Simples";"Curva";"Rural";1;0;1;0;0;0;1;1
83465220;"16/05/16";"Segunda";"07:00:00";"PR";376;"614,7";"SAO JOSE DOS PINHAIS";"Falta de atenção";"Colisão traseira";"Com Vítimas Feridas";"Pleno dia";"Decrescente";"Nublado";"Dupla";"Reta";"Rural";2;0;0;1;1;0;1;2
83465221;"13/05/16";"Sexta";"01:15:00";"MG";262;"79,5";"MATIPO";"Dormindo";"Colisão com objeto fixo";"Com Vítimas Feridas";"Plena noite";"Decrescente";"Nublado";"Simples";"Reta";"Rural";4;0;2;2;0;0;4;1
83465223;"16/05/16";"Segunda";"07:10:00";"MS";262;"707";"CORUMBA";"Outras";"Saída de Pista";"Sem Vítimas";"Amanhecer";"Crescente";"Chuva";"Simples";"Curva";"Rural";2;0;0;0;2;0;0;1
83465225;"16/05/16";"Segunda";"08:30:00";"ES";101;"149,8";"LINHARES";"Outras";"Atropelamento de pessoa";"Com Vítimas Feridas";"Pleno dia";"Decrescente";"Ceu Claro";"Múltipla";"Reta";"Urbano";2;0;1;0;1;0;1;1
83465226;"13/05/16";"Sexta";"08:20:00";"ES";101;"263,9";"SERRA";"Falta de atenção";"Colisão traseira";"Com Vítimas Feridas";"Pleno dia";"Crescente";"Sol";"Dupla";"Reta";"Urbano";6;0;0;1;5;0;1;5
83465227;"16/05/16";"Segunda";"08:30:00";"SP";116;"218";"GUARULHOS";"Falta de atenção";"Colisão traseira";"Sem Vítimas";"Pleno dia";"Crescente";"Nublado";"Múltipla";"Reta";"Urbano";2;0;0;0;1;1;0;2
83465228;"12/05/16";"Quinta";"20:15:00";"SP";381;"89";"SAO PAULO";"Falta de atenção";"Capotamento";"Com Vítimas Feridas";"Plena noite";"Decrescente";"Ceu Claro";"Dupla";"Reta";"Urbano";2;0;2;0;0;0;2;1
83465229;"09/05/16";"Segunda";"01:40:00";"MG";40;"632,1";"CONSELHEIRO LAFAIETE";"Velocidade incompatível";"Capotamento";"Com Vítimas Feridas";"Plena noite";"Decrescente";"Ceu Claro";"Dupla";"Curva";"Urbano";3;0;2;0;1;0;2;1
83465230;"09/05/16";"Segunda";"07:00:00";"BA";367;"84";"EUNAPOLIS";"Outras";"Colisão Transversal";"Com Vítimas Feridas";"Pleno dia";"Crescente";"Ceu Claro";"Simples";"Cruzamento";"Urbano";2;0;1;0;1;0;1;2
83465232;"15/05/16";"Domingo";"04:15:00";"RS";392;"106,3";"CANGUCU";"Falta de atenção";"Colisão frontal";"Com Vítimas Feridas";"Plena noite";"Decrescente";"Nublado";"Simples";"Reta";"Rural";2;0;1;0;1;0;1;2
83465234;"16/05/16";"Segunda";"08:40:00";"RJ";101;"117";"CAMPOS DOS GOYTACAZES";"Defeito mecânico em veículo";"Capotamento";"Com Vítimas Feridas";"Pleno dia";"Crescente";"Ceu Claro";"Dupla";"Reta";"Rural";2;0;2;0;0;0;2;1
83465236;"16/05/16";"Segunda";"11:10:00";"RS";386;"433";"NOVA SANTA RITA";"Velocidade incompatível";"Saída de Pista";"Sem Vítimas";"Pleno dia";"Decrescente";"Nublado";"Dupla";"Reta";"Urbano";1;0;0;0;1;0;0;1
83465237;"16/05/16";"Segunda";"09:00:00";"MT";70;"288";"PRIMAVERA DO LESTE";"Falta de atenção";"Colisão Transversal";"Sem Vítimas";"Pleno dia";"Decrescente";"Ceu Claro";"Simples";"Cruzamento";"Rural";5;0;0;0;5;0;0;2
83465238;"16/05/16";"Segunda";"07:45:00";"SE";101;"69";"MARUIM";"Desobediência à sinalização";"Colisão Transversal";"Com Vítimas Feridas";"Pleno dia";"Crescente";"Nublado";"Simples";"Reta";"Urbano";3;0;2;0;1;0;2;2
83465239;"12/05/16";"Quinta";"19:10:00";"RJ";101;"399";"ITAGUAI";"Falta de atenção";"Colisão com objeto móvel";"Sem Vítimas";"Plena noite";"Crescente";"Nublado";"Dupla";"Reta";"Urbano";1;0;0;0;1;0;0;1
83465240;"16/05/16";"Segunda";"10:30:00";"BA";101;"475";"URUCUCA";"Falta de atenção";"Colisão Transversal";"Sem Vítimas";"Pleno dia";"Crescente";"Nublado";"Simples";"Reta";"Rural";2;0;0;0;2;0;0;2
83465242;"16/05/16";"Segunda";"07:50:00";"MG";50;"69";"UBERLANDIA";"Não guardar distância de segurança";"Colisão traseira";"Com Vítimas Feridas";"Pleno dia";"Decrescente";"Chuva";"Dupla";"Reta";"Urbano";2;0;1;0;1;0;1;2
83465243;"16/05/16";"Segunda";"09:30:00";"BA";110;"21";"PAULO AFONSO";"Velocidade incompatível";"Capotamento";"Sem Vítimas";"Pleno dia";"Decrescente";"Chuva";"Simples";"Curva";"Rural";1;0;0;0;1;0;0;1
83465244;"16/05/16";"Segunda";"07:25:00";"MA";10;"250";"IMPERATRIZ";"Não guardar distância de segurança";"Colisão traseira";"Sem Vítimas";"Pleno dia";"Crescente";"Ceu Claro";"Simples";"Reta";"Urbano";3;0;0;0;3;0;0;3
83465245;"16/05/16";"Segunda";"11:40:00";"SC";280;"66,8";"JARAGUA DO SUL";"Outras";"Colisão Transversal";"Com Vítimas Feridas";"Pleno dia";"Crescente";"Sol";"Simples";"Reta";"Urbano";2;0;0;1;1;0;1;2
83465246;"16/05/16";"Segunda";"10:50:00";"MS";163;"614";"SAO GABRIEL DO OESTE";"Desobediência à sinalização";"Colisão Transversal";"Com Vítimas Feridas";"Pleno dia";"Crescente";"Ceu Claro";"Simples";"Reta";"Urbano";3;0;1;0;2;0;1;2
83465247;"16/05/16";"Segunda";"12:15:00";"BA";324;"623";"SALVADOR";"Defeito mecânico em veículo";"Colisão traseira";"Sem Vítimas";"Pleno dia";"Crescente";"Chuva";"Dupla";"Reta";"Urbano";2;0;0;0;2;0;0;2
83465248;"16/05/16";"Segunda";"11:00:00";"PR";376;"635";"SAO JOSE DOS PINHAIS";"Falta de atenção";"Colisão com objeto fixo";"Sem Vítimas";"Pleno dia";"Crescente";"Ceu Claro";"Dupla";"Reta";"Rural";1;0;0;0;1;0;0;1
83465249;"16/05/16";"Segunda";"09:00:00";"GO";414;"400";"CORUMBA DE GOIAS";"Falta de atenção";"Saída de Pista";"Com Vítimas Feridas";"Pleno dia";"Decrescente";"Nublado";"Simples";"Curva";"Rural";3;0;3;0;0;0;3;1
83465250;"16/05/16";"Segunda";"13:00:00";"RS";285;"292,1";"PASSO FUNDO";"Desobediência à sinalização";"Colisão Transversal";"Sem Vítimas";"Pleno dia";"Crescente";"Nublado";"Dupla";"Reta";"Urbano";2;0;0;0;2;0;0;2
83465251;"16/05/16";"Segunda";"13:10:00";"PR";158;"518,6";"PATO BRANCO";"Desobediência à sinalização";"Colisão Transversal";"Sem Vítimas";"Pleno dia";"Crescente";"Nublado";"Simples";"Curva";"Rural";2;0;0;0;2;0;0;2
83465252;"12/05/16";"Quinta";"06:00:00";"RN";304;"302";"MACAIBA";"Dormindo";"Saída de Pista";"Com Vítimas Feridas";"Pleno dia";"Decrescente";"Ceu Claro";"Dupla";"Reta";"Rural";2;0;0;1;1;0;1;2
83465253;"16/05/16";"Segunda";"12:30:00";"PA";316;"19";"BENEVIDES";"Falta de atenção";"Colisão lateral";"Sem Vítimas";"Pleno dia";"Crescente";"Ceu Claro";"Dupla";"Reta";"Urbano";2;0;0;0;1;1;0;2
83465254;"16/05/16";"Segunda";"12:00:00";"SC";280;"138,7";"RIO NEGRINHO";"Outras";"Capotamento";"Sem Vítimas";"Pleno dia";"Crescente";"Ceu Claro";"Simples";"Reta";"Rural";1;0;0;0;1;0;0;1
83465255;"16/04/16";"Sábado";"07:00:00";"BA";324;"620";"SALVADOR";"Outras";"Colisão com bicicleta";"Com Vítimas Feridas";"Pleno dia";"Decrescente";"Chuva";"Dupla";"Reta";"Urbano";2;0;1;0;1;0;1;2
83465256;"16/05/16";"Segunda";"06:00:00";"MG";153;"208";"FRUTAL";"Falta de atenção";"Colisão lateral";"Com Vítimas Feridas";"Pleno dia";"Crescente";"Nublado";"Simples";"Curva";"Rural";2;0;1;0;0;1;1;2
83465257;"13/05/16";"Sexta";"19:00:00";"MG";262;"594,5";"CAMPOS ALTOS";"Velocidade incompatível";"Tombamento";"Sem Vítimas";"Plena noite";"Decrescente";"Chuva";"Simples";"Reta";"Rural";2;0;0;0;2;0;0;1
83465258;"16/05/16";"Segunda";"07:10:00";"GO";153;"530";"HIDROLANDIA";"Outras";"Colisão lateral";"Com Vítimas Feridas";"Pleno dia";"Decrescente";"Ceu Claro";"Simples";"Reta";"Urbano";2;0;1;0;1;0;1;2
83465259;"12/05/16";"Quinta";"03:25:00";"PR";277;"112";"CAMPO LARGO";"Não guardar distância de segurança";"Colisão traseira";"Sem Vítimas";"Plena noite";"Crescente";"Nevoeiro/neblina";"Dupla";"Reta";"Rural";2;0;0;0;2;0;0;2
83465260;"12/05/16";"Quinta";"14:20:00";"CE";116;"9";"FORTALEZA";"Falta de atenção";"Colisão lateral";"Sem Vítimas";"Pleno dia";"Decrescente";"Sol";"Dupla";"Reta";"Urbano";2;0;0;0;2;0;0;2
83465261;"16/05/16";"Segunda";"11:50:00";"SC";282;"17";"PALHOCA";"Falta de atenção";"Colisão lateral";"Com Vítimas Feridas";"Pleno dia";"Decrescente";"Ceu Claro";"Simples";"Reta";"Urbano";2;0;1;0;1;0;1;2
83465262;"15/05/16";"Domingo";"02:30:00";"SC";101;"387";"ICARA";"Outras";"Saída de Pista";"Com Vítimas Feridas";"Plena noite";"Decrescente";"Nevoeiro/neblina";"Dupla";"Reta";"Rural";1;0;1;0;0;0;1;1
83465263;"09/05/16";"Segunda";"20:20:00";"SC";101;"349,2";"JAGUARUNA";"Ingestão de álcool";"Saída de Pista";"Com Vítimas Feridas";"Plena noite";"Crescente";"Ceu Claro";"Dupla";"Reta";"Urbano";1;0;1;0;0;0;1;1
83465264;"16/05/16";"Segunda";"08:40:00";"SP";116;"218,2";"GUARULHOS";"Não guardar distância de segurança";"Colisão lateral";"Com Vítimas Feridas";"Pleno dia";"Crescente";"Nublado";"Múltipla";"Reta";"Urbano";3;0;1;0;2;0;1;2
83465265;"16/05/16";"Segunda";"06:45:00";"MG";365;"631";"UBERLANDIA";"Defeito mecânico em veículo";"Saída de Pista";"Com Vítimas Feridas";"Amanhecer";"Decrescente";"Chuva";"Dupla";"Curva";"Urbano";2;0;1;1;0;0;2;1
83465266;"16/05/16";"Segunda";"13:40:00";"PE";316;"13,6";"PARNAMIRIM";"Outras";"Saída de Pista";"Com Vítimas Feridas";"Pleno dia";"Decrescente";"Ceu Claro";"Simples";"Reta";"Rural";1;0;1;0;0;0;1;1
83465267;"16/05/16";"Segunda";"08:30:00";"GO";158;"184,1";"CAIAPONIA";"Não guardar distância de segurança";"Colisão traseira";"Com Vítimas Feridas";"Pleno dia";"Decrescente";"Nublado";"Simples";"Reta";"Rural";2;0;1;0;1;0;1;2
83465268;"12/05/16";"Quinta";"13:40:00";"ES";262;"16,2";"VIANA";"Desobediência à sinalização";"Colisão Transversal";"Com Vítimas Feridas";"Pleno dia";"Crescente";"Ceu Claro";"Simples";"Reta";"Rural";2;0;1;0;1;0;1;2
83465269;"16/05/16";"Segunda";"10:50:00";"MT";364;"391";"CUIABA";"Outras";"Saída de Pista";"Com Vítimas Feridas";"Pleno dia";"Decrescente";"Nublado";"Simples";"Reta";"Rural";1;0;1;0;0;0;1;1
83465272;"16/05/16";"Segunda";"07:50:00";"CE";116;"3";"FORTALEZA";"Não guardar distância de segurança";"Colisão traseira";"Com Vítimas Feridas";"Pleno dia";"Decrescente";"Ceu Claro";"Múltipla";"Cruzamento";"Urbano";5;0;1;0;3;1;1;4
83465273;"16/05/16";"Segunda";"12:00:00";"MA";230;"404";"BALSAS";"Falta de atenção";"Colisão lateral";"Sem Vítimas";"Pleno dia";"Crescente";"Sol";"Simples";"Cruzamento";"Urbano";2;0;0;0;2;0;0;2
83465274;"12/05/16";"Quinta";"15:00:00";"RJ";40;"115";"DUQUE DE CAXIAS";"Não guardar distância de segurança";"Colisão traseira";"Com Vítimas Feridas";"Pleno dia";"Decrescente";"Nublado";"Dupla";"Reta";"Urbano";2;0;1;0;1;0;1;2
83465276;"16/05/16";"Segunda";"13:20:00";"PE";232;"130,8";"CARUARU";"Falta de atenção";"Colisão traseira";"Com Vítimas Feridas";"Pleno dia";"Crescente";"Chuva";"Dupla";"Reta";"Urbano";4;0;1;0;3;0;1;2
83465277;"16/05/16";"Segunda";"12:30:00";"AL";316;"137,6";"ESTRELA DE ALAGOAS";"Falta de atenção";"Saída de Pista";"Com Vítimas Feridas";"Pleno dia";"Decrescente";"Nublado";"Simples";"Reta";"Rural";4;0;2;2;0;0;4;1
83465278;"16/05/16";"Segunda";"12:30:00";"MG";40;"1,4";"PARACATU";"Ultrapassagem indevida";"Saída de Pista";"Com Vítimas Feridas";"Pleno dia";"Crescente";"Nublado";"Simples";"Reta";"Rural";1;0;1;0;0;0;1;1
83465279;"09/05/16";"Segunda";"17:05:00";"MT";163;"537";"DIAMANTINO";"Outras";"Colisão frontal";"Com Vítimas Feridas";"Pleno dia";"Decrescente";"Sol";"Simples";"Reta";"Rural";5;0;3;1;1;0;4;2
83465280;"16/05/16";"Segunda";"14:30:00";"SP";116;"22,3";"LAVRINHAS";"Dormindo";"Capotamento";"Sem Vítimas";"Pleno dia";"Decrescente";"Sol";"Dupla";"Reta";"Rural";1;0;0;0;1;0;0;1
83465281;"16/05/16";"Segunda";"14:30:00";"RN";101;"99,9";"NATAL";"Falta de atenção";"Colisão traseira";"Sem Vítimas";"Pleno dia";"Crescente";"Ceu Claro";"Dupla";"Reta";"Urbano";4;0;0;0;4;0;0;4
83465282;"15/05/16";"Domingo";"05:30:00";"BA";324;"565";"SAO SEBASTIAO DO PASSE";"Outras";"Atropelamento de animal";"Sem Vítimas";"Amanhecer";"Decrescente";"Chuva";"Dupla";"Reta";"Rural";1;0;0;0;1;0;0;1
83465283;"05/01/16";"Terça";"09:48:00";"SC";101;"218";"PALHOCA";"Outras";"Colisão traseira";"Com Vítimas Feridas";"Pleno dia";"Crescente";"Chuva";"Dupla";"Reta";"Urbano";3;0;2;0;1;0;2;2
83465284;"16/05/16";"Segunda";"07:00:00";"BA";110;"24";"PAULO AFONSO";"Outras";"Saída de Pista";"Sem Vítimas";"Pleno dia";"Crescente";"Chuva";"Simples";"Reta";"Rural";2;0;0;0;2;0;0;1
83465285;"16/05/16";"Segunda";"14:05:00";"GO";158;"272,1";"JATAI";"Desobediência à sinalização";"Colisão Transversal";"Com Vítimas Feridas";"Pleno dia";"Crescente";"Ceu Claro";"Simples";"Cruzamento";"Urbano";2;0;1;0;1;0;1;2
83465286;"13/05/16";"Sexta";"15:30:00";"MG";262;"582,3";"CAMPOS ALTOS";"Outras";"Colisão lateral";"Sem Vítimas";"Pleno dia";"Crescente";"Chuva";"Simples";"Curva";"Rural";2;0;0;0;2;0;0;2
83465287;"16/05/16";"Segunda";"15:15:00";"SC";280;"52,3";"GUARAMIRIM";"Outras";"Colisão lateral";"Com Vítimas Feridas";"Plena noite";"Crescente";"Ceu Claro";"Simples";"Cruzamento";"Urbano";2;0;0;1;1;0;1;2
83465288;"16/05/16";"Segunda";"09:00:00";"MA";135;"42,9";"BACABEIRA";"Falta de atenção";"Colisão traseira";"Sem Vítimas";"Pleno dia";"Crescente";"Ceu Claro";"Simples";"Reta";"Urbano";2;0;0;0;2;0;0;2
83465289;"16/05/16";"Segunda";"13:40:00";"RJ";393;"291";"BARRA MANSA";"Outras";"Colisão Transversal";"Com Vítimas Feridas";"Pleno dia";"Decrescente";"Ceu Claro";"Simples";"Reta";"Urbano";4;0;3;0;1;0;3;2