"id";"data_inversa";"dia_semana";"horario";"uf";"br";"km";"municipio";"causa_acidente";"tipo_acidente";"classificacao_acidente";"fase_dia";"sentido_via";"condicao_metereologica";"tipo_pista";"tracado_via";"uso_solo";"pessoas";"mortos";"feridos_leves";"feridos_graves";"ilesos";"ignorados";"feridos";"veiculos"
83465402;"16/05/16";"Segunda";"14:00:00";"PE";232;"214,3";"PESQUEIRA";"Defeito mecânico em veículo";"Capotamento";"Com Vítimas Feridas";"Pleno dia";"Decrescente";"Nublado";"Simples";"Reta";"Rural";1;0;1;0;0;0;1;1
83465403;"16/05/16";"Segunda";"19:30:00";"ES";101;"361";"ANCHIETA";"Ultrapassagem indevida";"Colisão lateral";"Sem Vítimas";"Plena noite";"Crescente";"Ceu Claro";"Simples";"Reta";"Rural";6;0;0;0;6;0;0;2
83465404;"16/05/16";"Segunda";"07:30:00";"MG";381;"924,6";"CAMANDUCAIA";"Falta de atenção";"Colisão com objeto fixo";"Com Vítimas Feridas";"Pleno dia";"Crescente";"Chuva";"Dupla";"Curva";"Rural";6;0;0;2;4;0;2;3
83465405;"16/05/16";"Segunda";"14:45:00";"MT";163;"753";"SORRISO";"Outras";"Colisão frontal";"Com Vítimas Feridas";"Pleno dia";"Decrescente";"Ceu Claro";"Dupla";"Reta";"Urbano";3;0;1;0;2;0;1;2
83465406;"16/05/16";"Segunda";"19:45:00";"MT";163;"831";"SINOP";"Não guardar distância de segurança";"Colisão traseira";"Com Vítimas Feridas";"Plena noite";"Crescente";"Ceu Claro";"Simples";"Reta";"Urbano";3;0;1;0;2;0;1;2
83465407;"27/04/16";"Quarta";"05:00:00";"RJ";101;"312";"SAO GONCALO";"Outras";"Colisão traseira";"Ignorado";"Pleno dia";"Decrescente";"Ceu Claro";"Dupla";"Reta";"Urbano";3;0;0;0;0;3;0;3
83465408;"16/05/16";"Segunda";"23:30:00";"SP";381;"57";"MAIRIPORA";"Outras";"Colisão com objeto fixo";"Sem Vítimas";"Plena noite";"Decrescente";"Chuva";"Dupla";"Curva";"Rural";1;0;0;0;1;0;0;1
83465409;"16/05/16";"Segunda";"19:00:00";"RJ";101;"303";"SAO GONCALO";"Outras";"Capotamento";"Sem Vítimas";"Pleno dia";"Decrescente";"Ceu Claro";"Dupla";"Reta";"Rural";1;0;0;0;1;0;0;1
83465410;"16/05/16";"Segunda";"22:05:00";"PR";369;"131,1";"JATAIZINHO";"Animais na Pista";"Atropelamento de animal";"Com Vítimas Feridas";"Plena noite";"Decrescente";"Ceu Claro";"Dupla";"Reta";"Rural";2;0;1;1;0;0;2;1
83465412;"16/05/16";"Segunda";"15:45:00";"RO";364;"313,9";"PRESIDENTE MEDICI";"Ultrapassagem indevida";"Saída de Pista";"Com Vítimas Feridas";"Pleno dia";"Decrescente";"Ceu Claro";"Simples";"Reta";"Rural";4;0;1;3;0;0;4;1
83465414;"16/05/16";"Segunda";"23:20:00";"PR";376;"207";"MANDAGUARI";"Outras";"Colisão lateral";"Com Vítimas Feridas";"Plena noite";"Crescente";"Nublado";"Simples";"Cruzamento";"Urbano";2;0;1;0;1;0;1;2
83465415;"16/05/16";"Segunda";"17:30:00";"AL";424;"105,6";"MARECHAL DEODORO";"Falta de atenção";"Colisão traseira";"Com Vítimas Feridas";"Anoitecer";"Crescente";"Nublado";"Simples";"Reta";"Rural";3;0;2;0;1;0;2;2
83465416;"16/05/16";"Segunda";"23:54:00";"RJ";101;"317";"SAO GONCALO";"Dormindo";"Saída de Pista";"Sem Vítimas";"Plena noite";"Crescente";"Ceu Claro";"Dupla";"Reta";"Urbano";1;0;0;0;1;0;0;1
83465417;"16/05/16";"Segunda";"19:20:00";"MG";381;"487";"BETIM";"Falta de atenção";"Colisão lateral";"Com Vítimas Feridas";"Plena noite";"Crescente";"Ceu Claro";"Dupla";"Reta";"Urbano";2;0;1;0;1;0;1;2
83465419;"16/05/16";"Segunda";"15:50:00";"MA";135;"14";"SAO LUIS";"Outras";"Colisão lateral";"Sem Vítimas";"Pleno dia";"Crescente";"Sol";"Dupla";"Reta";"Urbano";2;0;0;0;2;0;0;2
83465420;"16/05/16";"Segunda";"15:00:00";"MS";60;"74,8";"COSTA RICA";"Dormindo";"Saída de Pista";"Sem Vítimas";"Pleno dia";"Crescente";"Sol";"Simples";"Reta";"Rural";1;0;0;0;1;0;0;1
83465422;"16/05/16";"Segunda";"09:30:00";"GO";60;"59,5";"ABADIANIA";"Outras";"Capotamento";"Sem Vítimas";"Pleno dia";"Crescente";"Nublado";"Dupla";"Reta";"Urbano";1;0;0;0;1;0;0;1
83465423;"16/05/16";"Segunda";"10:20:00";"BA";101;"889";"CARAVELAS";"Outras";"Capotamento";"Sem Vítimas";"Pleno dia";"Decrescente";"Ceu Claro";"Simples";"Reta";"Rural";5;0;0;0;5;0;0;3
83465424;"17/05/16";"Terça";"01:40:00";"PE";101;"101,5";"CABO DE SANTO AGOSTINHO";"Ultrapassagem indevida";"Colisão lateral";"Sem Vítimas";"Plena noite";"Crescente";"Nublado";"Simples";"Reta";"Rural";3;0;0;0;3;0;0;3
83465425;"16/05/16";"Segunda";"07:00:00";"AL";101;"77";"RIO LARGO";"Não guardar distância de segurança";"Colisão traseira";"Sem Vítimas";"Pleno dia";"Crescente";"Nublado";"Simples";"Reta";"Rural";2;0;0;0;2;0;0;2
83465426;"16/05/16";"Segunda";"17:15:00";"MT";364;"495";"JANGADA";"Falta de atenção";"Colisão Transversal";"Com Vítimas Feridas";"Anoitecer";"Decrescente";"Ceu Claro";"Simples";"Reta";"Urbano";2;0;2;0;0;0;2;2
83465427;"16/05/16";"Segunda";"16:20:00";"RO";364;"691";"PORTO VELHO";"Desobediência à sinalização";"Atropelamento de pessoa";"Com Vítimas Feridas";"Pleno dia";"Crescente";"Ceu Claro";"Dupla";"Reta";"Urbano";5;0;0;1;4;0;1;2
83465428;"16/05/16";"Segunda";"11:10:00";"DF";251;"10";"BRASILIA";"Desobediência à sinalização";"Colisão frontal";"Com Vítimas Feridas";"Amanhecer";"Crescente";"Ceu Claro";"Simples";"Reta";"Rural";3;0;3;0;0;0;3;2
83465429;"16/05/16";"Segunda";"20:10:00";"MG";381;"486";"BETIM";"Não guardar distância de segurança";"Colisão traseira";"Com Vítimas Feridas";"Plena noite";"Crescente";"Nublado";"Múltipla";"Reta";"Urbano";3;0;1;0;2;0;1;3
83465430;"16/05/16";"Segunda";"15:40:00";"BA";324;"587";"CANDEIAS";"Não guardar distância de segurança";"Colisão traseira";"Sem Vítimas";"Pleno dia";"Decrescente";"Chuva";"Dupla";"Reta";"Rural";2;0;0;0;2;0;0;2
83465431;"16/05/16";"Segunda";"15:50:00";"GO";153;"625,3";"MORRINHOS";"Desobediência à sinalização";"Saída de Pista";"Sem Vítimas";"Pleno dia";"Crescente";"Chuva";"Dupla";"Curva";"Rural";2;0;0;0;2;0;0;2
83465432;"17/05/16";"Terça";"01:00:00";"RS";386;"417";"MONTENEGRO";"Dormindo";"Saída de Pista";"Com Vítimas Feridas";"Plena noite";"Decrescente";"Ceu Claro";"Dupla";"Curva";"Rural";1;0;1;0;0;0;1;1
83465433;"17/05/16";"Terça";"00:20:00";"SP";153;"55,6";"SAO JOSE DO RIO PRETO";"Defeito mecânico em veículo";"Danos Eventuais";"Sem Vítimas";"Plena noite";"Decrescente";"Nublado";"Simples";"Reta";"Urbano";2;0;0;0;2;0;0;2
83465434;"16/05/16";"Segunda";"19:50:00";"RO";364;"386";"OURO PRETO DO OESTE";"Falta de atenção";"Colisão frontal";"Com Vítimas Feridas";"Plena noite";"Decrescente";"Ceu Claro";"Simples";"Reta";"Urbano";2;0;0;1;1;0;1;2
83465435;"16/05/16";"Segunda";"17:00:00";"PE";232;"324,4";"CUSTODIA";"Defeito mecânico em veículo";"Tombamento";"Sem Vítimas";"Pleno dia";"Decrescente";"Nublado";"Simples";"Cruzamento";"Rural";1;0;0;0;1;0;0;1
83465436;"15/05/16";"Domingo";"23:00:00";"BA";101;"879";"TEIXEIRA DE FREITAS";"Dormindo";"Saída de Pista";"Sem Vítimas";"Plena noite";"Crescente";"Ceu Claro";"Simples";"Reta";"Urbano";1;0;0;0;1;0;0;1
83465437;"16/05/16";"Segunda";"12:40:00";"ES";262;"21,2";"VIANA";"Falta de atenção";"Colisão lateral";"Sem Vítimas";"Pleno dia";"Decrescente";"Ceu Claro";"Simples";"Reta";"Rural";2;0;0;0;1;1;0;2
83465438;"16/05/16";"Segunda";"17:40:00";"MG";116;"778";"LEOPOLDINA";"Falta de atenção";"Colisão frontal";"Com Vítimas Feridas";"Anoitecer";"Crescente";"Ceu Claro";"Simples";"Curva";"Rural";4;0;4;0;0;0;4;2
83465439;"16/05/16";"Segunda";"18:00:00";"MG";381;"167,2";"GOVERNADOR VALADARES";"Animais na Pista";"Saída de Pista";"Com Vítimas Feridas";"Anoitecer";"Decrescente";"Ceu Claro";"Simples";"Reta";"Urbano";2;0;2;0;0;0;2;1
83465440;"14/05/16";"Sábado";"04:35:00";"RS";116;"244";"SAO LEOPOLDO";"Velocidade incompatível";"Colisão traseira";"Sem Vítimas";"Plena noite";"Crescente";"Nublado";"Múltipla";"Reta";"Urbano";2;0;0;0;2;0;0;2
83465441;"16/05/16";"Segunda";"19:10:00";"RJ";101;"398";"ITAGUAI";"Falta de atenção";"Colisão frontal";"Com Vítimas Feridas";"Plena noite";"Decrescente";"Ceu Claro";"Múltipla";"Curva";"Urbano";2;0;1;0;1;0;1;2
83465442;"16/05/16";"Segunda";"19:50:00";"BA";418;"46";"NOVA VICOSA";"Animais na Pista";"Atropelamento de animal";"Sem Vítimas";"Plena noite";"Decrescente";"Ceu Claro";"Simples";"Reta";"Rural";2;0;0;0;2;0;0;1
83465443;"16/05/16";"Segunda";"20:30:00";"GO";50;"95,8";"CRISTALINA";"Falta de atenção";"Colisão frontal";"Com Vítimas Feridas";"Plena noite";"Decrescente";"Ceu Claro";"Simples";"Curva";"Urbano";4;0;0;3;1;0;3;2
83465444;"12/05/16";"Quinta";"07:30:00";"PR";116;"0,5";"CAMPINA GRANDE DO SUL";"Falta de atenção";"Colisão traseira";"Sem Vítimas";"Amanhecer";"Crescente";"Chuva";"Dupla";"Reta";"Rural";2;0;0;0;2;0;0;2
83465445;"13/05/16";"Sexta";"15:30:00";"ES";101;"217,1";"IBIRACU";"Outras";"Queda de motocicleta / bicicleta / veículo";"Com Vítimas Feridas";"Pleno dia";"Decrescente";"Sol";"Simples";"Reta";"Rural";1;0;0;1;0;0;1;1
83465446;"17/05/16";"Terça";"06:00:00";"SE";101;"84";"NOSSA SENHORA DO SOCORRO";"Outras";"Atropelamento de pessoa";"Com Vítimas Feridas";"Amanhecer";"Decrescente";"Ceu Claro";"Dupla";"Reta";"Rural";2;0;1;0;0;1;1;1
83465447;"16/05/16";"Segunda";"13:25:00";"PE";232;"334,8";"CUSTODIA";"Velocidade incompatível";"Colisão traseira";"Sem Vítimas";"Pleno dia";"Crescente";"Nublado";"Simples";"Reta";"Urbano";3;0;0;0;3;0;0;3
83465448;"14/05/16";"Sábado";"00:15:00";"MG";251;"334";"SALINAS";"Velocidade incompatível";"Colisão com objeto fixo";"Com Vítimas Feridas";"Plena noite";"Decrescente";"Nublado";"Simples";"Reta";"Rural";1;0;1;0;0;0;1;1
83465450;"17/05/16";"Terça";"06:25:00";"RS";116;"234,8";"NOVO HAMBURGO";"Falta de atenção";"Colisão frontal";"Com Vítimas Feridas";"Amanhecer";"Crescente";"Nublado";"Simples";"Curva";"Urbano";2;0;2;0;0;0;2;2
83465451;"13/05/16";"Sexta";"20:00:00";"BA";324;"516,2";"FEIRA DE SANTANA";"Desobediência à sinalização";"Colisão Transversal";"Com Vítimas Feridas";"Plena noite";"Crescente";"Nublado";"Simples";"Reta";"Urbano";2;0;1;0;0;1;1;2
83465452;"14/05/16";"Sábado";"00:10:00";"MG";381;"508,1";"SAO JOAQUIM DE BICAS";"Outras";"Colisão lateral";"Sem Vítimas";"Plena noite";"Crescente";"Ceu Claro";"Dupla";"Reta";"Rural";2;0;0;0;2;0;0;2
83465453;"13/05/16";"Sexta";"11:30:00";"SC";101;"227,4";"PALHOCA";"Defeito na via";"Tombamento";"Com Vítimas Feridas";"Pleno dia";"Decrescente";"Ceu Claro";"Simples";"Curva";"Urbano";1;0;0;1;0;0;1;1
83465454;"14/05/16";"Sábado";"00:05:00";"MG";365;"448";"PATROCINIO";"Falta de atenção";"Colisão com objeto fixo";"Sem Vítimas";"Plena noite";"Crescente";"Ceu Claro";"Simples";"Reta";"Rural";1;0;0;0;1;0;0;1
83465455;"14/05/16";"Sábado";"02:00:00";"SP";116;"212";"GUARULHOS";"Ingestão de álcool";"Atropelamento de pessoa";"Com Vítimas Feridas";"Plena noite";"Decrescente";"Ceu Claro";"Múltipla";"Reta";"Urbano";2;0;1;0;1;0;1;1
83465457;"13/05/16";"Sexta";"16:25:00";"ES";101;"397";"RIO NOVO DO SUL";"Falta de atenção";"Atropelamento de pessoa";"Com Vítimas Feridas";"Pleno dia";"Decrescente";"Ceu Claro";"Simples";"Reta";"Rural";2;0;0;1;1;0;1;1
83465458;"13/05/16";"Sexta";"19:30:00";"MG";40;"560";"NOVA LIMA";"Falta de atenção";"Colisão traseira";"Sem Vítimas";"Plena noite";"Crescente";"Ceu Claro";"Dupla";"Reta";"Urbano";3;0;0;0;2;1;0;3
83465459;"12/05/16";"Quinta";"11:45:00";"AL";101;"37";"JOAQUIM GOMES";"Outras";"Tombamento";"Sem Vítimas";"Pleno dia";"Decrescente";"Sol";"Dupla";"Curva";"Rural";1;0;0;0;1;0;0;1
83465460;"14/05/16";"Sábado";"04:41:00";"MS";163;"622";"SAO GABRIEL DO OESTE";"Ingestão de álcool";"Capotamento";"Com Vítimas Feridas";"Plena noite";"Crescente";"Ceu Claro";"Dupla";"Reta";"Rural";1;0;1;0;0;0;1;1
83465461;"14/05/16";"Sábado";"04:30:00";"PR";376;"490";"PONTA GROSSA";"Velocidade incompatível";"Capotamento";"Com Vítimas Fatais";"Plena noite";"Crescente";"Ceu Claro";"Dupla";"Reta";"Urbano";5;1;1;3;0;0;4;1
83465462;"12/05/16";"Quinta";"16:15:00";"MG";135;"587,5";"CORINTO";"Velocidade incompatível";"Saída de Pista";"Sem Vítimas";"Pleno dia";"Crescente";"Ceu Claro";"Simples";"Reta";"Rural";1;0;0;0;1;0;0;1
83465465;"16/05/16";"Segunda";"01:00:00";"RJ";40;"103";"DUQUE DE CAXIAS";"Outras";"Atropelamento de pessoa";"Com Vítimas Feridas";"Plena noite";"Decrescente";"Nublado";"Múltipla";"Reta";"Urbano";2;0;0;1;1;0;1;1
83465466;"16/05/16";"Segunda";"18:40:00";"RO";364;"343";"JI-PARANA";"Falta de atenção";"Colisão traseira";"Com Vítimas Feridas";"Plena noite";"Crescente";"Ignorada";"Múltipla";"Reta";"Urbano";2;0;1;0;1;0;1;2
83465467;"13/05/16";"Sexta";"18:10:00";"SP";116;"290";"ITAPECERICA DA SERRA";"Defeito mecânico em veículo";"Saída de Pista";"Sem Vítimas";"Plena noite";"Decrescente";"Nublado";"Dupla";"Curva";"Rural";1;0;0;0;1;0;0;1
83465468;"16/05/16";"Segunda";"22:00:00";"PA";10;"1";"DOM ELISEU";"Outras";"Queda de motocicleta / bicicleta / veículo";"Com Vítimas Feridas";"Plena noite";"Decrescente";"Chuva";"Simples";"Reta";"Urbano";2;0;1;1;0;0;2;1
83465470;"29/04/16";"Sexta";"21:30:00";"RJ";393;"285";"VOLTA REDONDA";"Não guardar distância de segurança";"Colisão traseira";"Com Vítimas Feridas";"Plena noite";"Decrescente";"Chuva";"Simples";"Reta";"Urbano";3;0;1;0;2;0;1;2
83465471;"17/05/16";"Terça";"07:30:00";"PA";316;"2,9";"ANANINDEUA";"Falta de atenção";"Colisão com bicicleta";"Com Vítimas Feridas";"Pleno dia";"Crescente";"Sol";"Dupla";"Reta";"Urbano";2;0;0;1;1;0;1;2
83465472;"17/05/16";"Terça";"04:50:00";"MT";70;"373,2";"CAMPO VERDE";"Falta de atenção";"Capotamento";"Sem Vítimas";"Plena noite";"Crescente";"Nevoeiro/neblina";"Simples";"Reta";"Rural";3;0;0;0;3;0;0;1
83465473;"13/03/16";"Domingo";"22:30:00";"SC";470;"20,6";"ILHOTA";"Falta de atenção";"Colisão Transversal";"Com Vítimas Feridas";"Plena noite";"Decrescente";"Nevoeiro/neblina";"Simples";"Reta";"Rural";2;0;0;1;1;0;1;2
83465474;"09/05/16";"Segunda";"17:00:00";"PE";232;"110";"CARUARU";"Velocidade incompatível";"Tombamento";"Com Vítimas Feridas";"Anoitecer";"Crescente";"Chuva";"Dupla";"Curva";"Rural";1;0;1;0;0;0;1;1
83465475;"14/05/16";"Sábado";"01:30:00";"PR";376;"679";"GUARATUBA";"Velocidade incompatível";"Capotamento";"Com Vítimas Feridas";"Plena noite";"Decrescente";"Chuva";"Dupla";"Curva";"Rural";1;0;1;0;0;0;1;1
83465476;"13/05/16";"Sexta";"17:00:00";"SC";101;"206";"SAO JOSE";"Não guardar distância de segurança";"Queda de motocicleta / bicicleta / veículo";"Com Vítimas Feridas";"Pleno dia";"Crescente";"Ceu Claro";"Múltipla";"Reta";"Urbano";3;0;2;0;1;0;2;3
83465477;"13/05/16";"Sexta";"14:30:00";"GO";60;"104";"ANAPOLIS";"Outras";"Saída de Pista";"Ignorado";"Pleno dia";"Crescente";"Ceu Claro";"Dupla";"Reta";"Rural";2;0;0;0;0;2;0;1
83465478;"09/05/16";"Segunda";"09:55:00";"SP";116;"228";"SAO PAULO";"Outras";"Colisão lateral";"Sem Vítimas";"Pleno dia";"Decrescente";"Ceu Claro";"Múltipla";"Reta";"Urbano";2;0;0;0;2;0;0;2
83465479;"14/05/16";"Sábado";"05:10:00";"MG";40;"562";"NOVA LIMA";"Outras";"Colisão lateral";"Sem Vítimas";"Plena noite";"Decrescente";"Ceu Claro";"Dupla";"Reta";"Urbano";2;0;0;0;1;1;0;2
83465480;"14/05/16";"Sábado";"08:20:00";"MG";381;"335";"NOVA ERA";"Velocidade incompatível";"Colisão frontal";"Com Vítimas Feridas";"Pleno dia";"Decrescente";"Chuva";"Simples";"Curva";"Rural";2;0;1;0;1;0;1;2
83465482;"14/05/16";"Sábado";"04:20:00";"RS";392;"65";"PELOTAS";"Desobediência à sinalização";"Colisão Transversal";"Sem Vítimas";"Plena noite";"Crescente";"Ceu Claro";"Simples";"Curva";"Rural";2;0;0;0;2;0;0;2
83465483;"17/05/16";"Terça";"05:00:00";"PI";343;"536";"AMARANTE";"Dormindo";"Saída de Pista";"Com Vítimas Feridas";"Amanhecer";"Crescente";"Ceu Claro";"Simples";"Curva";"Rural";2;0;1;0;1;0;1;1
83465484;"13/05/16";"Sexta";"12:10:00";"CE";116;"240,5";"ALTO SANTO";"Não guardar distância de segurança";"Colisão Transversal";"Com Vítimas Feridas";"Pleno dia";"Decrescente";"Ceu Claro";"Simples";"Reta";"Rural";5;0;2;0;3;0;2;2
83465485;"17/05/16";"Terça";"08:05:00";"PR";369;"173";"ROLANDIA";"Não guardar distância de segurança";"Colisão lateral";"Com Vítimas Feridas";"Pleno dia";"Decrescente";"Ceu Claro";"Simples";"Reta";"Urbano";2;0;1;0;1;0;1;2
83465486;"20/04/16";"Quarta";"00:25:00";"SC";101;"207,3";"SAO JOSE";"Dormindo";"Colisão lateral";"Com Vítimas Feridas";"Plena noite";"Crescente";"Nublado";"Múltipla";"Reta";"Urbano";2;0;1;0;1;0;1;2
83465487;"05/05/16";"Quinta";"23:30:00";"SC";282;"3,5";"SAO JOSE";"Outras";"Saída de Pista";"Com Vítimas Feridas";"Pleno dia";"Decrescente";"Ceu Claro";"Dupla";"Reta";"Urbano";2;0;1;0;0;1;1;1
83465488;"13/05/16";"Sexta";"19:40:00";"RJ";101;"473";"ANGRA DOS REIS";"Falta de atenção";"Colisão Transversal";"Com Vítimas Feridas";"Plena noite";"Decrescente";"Chuva";"Simples";"Cruzamento";"Urbano";2;0;1;0;1;0;1;2
83465489;"16/05/16";"Segunda";"06:00:00";"PE";232;"5";"RECIFE";"Não guardar distância de segurança";"Colisão traseira";"Sem Vítimas";"Pleno dia";"Decrescente";"Ceu Claro";"Dupla";"Reta";"Urbano";8;0;0;0;8;0;0;8
83465490;"06/05/16";"Sexta";"08:20:00";"PE";232;"39";"VITORIA DE SANTO ANTAO";"Outras";"Colisão lateral";"Com Vítimas Feridas";"Pleno dia";"Decrescente";"Nublado";"Dupla";"Reta";"Rural";2;0;0;1;1;0;1;2
83465491;"17/05/16";"Terça";"09:45:00";"PE";101;"44";"IGARASSU";"Falta de atenção";"Colisão lateral";"Sem Vítimas";"Pleno dia";"Crescente";"Ceu Claro";"Múltipla";"Reta";"Urbano";3;0;0;0;3;0;0;3
83465492;"16/05/16";"Segunda";"15:00:00";"MG";135;"581,8";"CORINTO";"Defeito mecânico em veículo";"Capotamento";"Com Vítimas Feridas";"Pleno dia";"Decrescente";"Chuva";"Simples";"Reta";"Urbano";4;0;4;0;0;0;4;1
83465493;"17/05/16";"Terça";"07:40:00";"PB";230;"22,2";"JOAO PESSOA";"Falta de atenção";"Colisão traseira";"Com Vítimas Feridas";"Pleno dia";"Decrescente";"Ceu Claro";"Dupla";"Reta";"Urbano";5;0;3;0;2;0;3;4
83465494;"09/04/16";"Sábado";"21:50:00";"PI";343;"434,2";"LAGOINHA DO PIAUI";"Outras";"Colisão frontal";"Com Vítimas Feridas";"Plena noite";"Crescente";"Ceu Claro";"Simples";"Reta";"Rural";7;0;3;4;0;0;7;2
83465495;"13/05/16";"Sexta";"16:20:00";"SP";116;"146,4";"SAO JOSE DOS CAMPOS";"Não guardar distância de segurança";"Colisão traseira";"Sem Vítimas";"Pleno dia";"Decrescente";"Ceu Claro";"Dupla";"Reta";"Urbano";2;0;0;0;2;0;0;2
83465496;"17/05/16";"Terça";"07:30:00";"SP";153;"161,6";"PROMISSAO";"Falta de atenção";"Colisão Transversal";"Com Vítimas Feridas";"Pleno dia";"Decrescente";"Ceu Claro";"Simples";"Cruzamento";"Rural";3;0;2;0;1;0;2;2
83465497;"14/05/16";"Sábado";"06:00:00";"MT";163;"62,9";"RONDONOPOLIS";"Outras";"Queda de motocicleta / bicicleta / veículo";"Com Vítimas Feridas";"Amanhecer";"Decrescente";"Ceu Claro";"Dupla";"Reta";"Rural";1;0;1;0;0;0;1;1
83465498;"13/05/16";"Sexta";"17:30:00";"GO";153;"497";"GOIANIA";"Outras";"Saída de Pista";"Sem Vítimas";"Pleno dia";"Decrescente";"Chuva";"Dupla";"Reta";"Urbano";1;0;0;0;1;0;0;1
83465499;"17/05/16";"Terça";"07:45:00";"RO";319;"63,4";"PORTO VELHO";"Falta de atenção";"Colisão lateral";"Com Vítimas Feridas";"Pleno dia";"Crescente";"Ceu Claro";"Dupla";"Cruzamento";"Urbano";2;0;1;0;1;0;1;2
83465500;"17/05/16";"Terça";"08:00:00";"MG";40;"793,5";"JUIZ DE FORA";"Animais na Pista";"Atropelamento de animal";"Com Vítimas Feridas";"Pleno dia";"Decrescente";"Ceu Claro";"Dupla";"Reta";"Rural";1;0;0;1;0;0;1;1
83465501;"13/05/16";"Sexta";"13:50:00";"RR";174;"504";"BOA VISTA";"Outras";"Atropelamento de pessoa";"Com Vítimas Feridas";"Pleno dia";"Decrescente";"Ceu Claro";"Dupla";"Reta";"Urbano";2;0;1;0;1;0;1;1
83465502;"17/05/16";"Terça";"10:30:00";"SP";116;"422,7";"JUQUIA";"Falta de atenção";"Saída de Pista";"Sem Vítimas";"Pleno dia";"Crescente";"Nublado";"Dupla";"Curva";"Rural";1;0;0;0;1;0;0;1
83465503;"16/05/16";"Segunda";"10:00:00";"MG";40;"593,1";"OURO PRETO";"Velocidade incompatível";"Colisão com objeto fixo";"Sem Vítimas";"Pleno dia";"Decrescente";"Ceu Claro";"Dupla";"Curva";"Rural";1;0;0;0;1;0;0;1
83465504;"13/05/16";"Sexta";"21:10:00";"MA";316;"178,5";"ZE DOCA";"Defeito na via";"Saída de Pista";"Sem Vítimas";"Plena noite";"Decrescente";"Nublado";"Simples";"Reta";"Rural";1;0;0;0;1;0;0;1
83465505;"17/05/16";"Terça";"10:50:00";"SC";280;"129";"RIO NEGRINHO";"Falta de atenção";"Colisão Transversal";"Sem Vítimas";"Pleno dia";"Decrescente";"Ceu Claro";"Simples";"Reta";"Urbano";2;0;0;0;2;0;0;2
83465506;"13/05/16";"Sexta";"14:50:00";"SC";101;"211,9";"PALHOCA";"Defeito mecânico em veículo";"Colisão traseira";"Sem Vítimas";"Pleno dia";"Decrescente";"Ceu Claro";"Dupla";"Reta";"Urbano";2;0;0;0;2;0;0;2
83465507;"14/05/16";"Sábado";"04:30:00";"SP";116;"273,2";"TABOAO DA SERRA";"Falta de atenção";"Capotamento";"Com Vítimas Feridas";"Plena noite";"Decrescente";"Nublado";"Dupla";"Reta";"Urbano";1;0;1;0;0;0;1;1
83465508;"13/05/16";"Sexta";"20:00:00";"GO";60;"124";"GOIANAPOLIS";"Outras";"Queda de motocicleta / bicicleta / veículo";"Com Vítimas Feridas";"Plena noite";"Crescente";"Nublado";"Dupla";"Reta";"Rural";1;0;0;1;0;0;1;1
83465509;"13/05/16";"Sexta";"10:00:00";"SC";101;"214,9";"PALHOCA";"Falta de atenção";"Colisão lateral";"Com Vítimas Feridas";"Pleno dia";"Decrescente";"Nublado";"Dupla";"Reta";"Urbano";2;0;1;0;1;0;1;2
83465510;"15/05/16";"Domingo";"03:40:00";"DF";70;"15,5";"BRASILIA";"Outras";"Colisão com objeto fixo";"Sem Vítimas";"Plena noite";"Crescente";"Nublado";"Dupla";"Reta";"Rural";1;0;0;0;1;0;0;1
83465511;"17/05/16";"Terça";"05:30:00";"MT";364;"234";"RONDONOPOLIS";"Outras";"Saída de Pista";"Com Vítimas Feridas";"Amanhecer";"Decrescente";"Nublado";"Simples";"Reta";"Rural";1;0;1;0;0;0;1;1
83465512;"14/05/16";"Sábado";"08:00:00";"MG";381;"314";"ANTONIO DIAS";"Velocidade incompatível";"Tombamento";"Sem Vítimas";"Amanhecer";"Decrescente";"Chuva";"Simples";"Curva";"Urbano";1;0;0;0;1;0;0;1
83465513;"13/05/16";"Sexta";"13:40:00";"DF";20;"10";"BRASILIA";"Falta de atenção";"Colisão traseira";"Sem Vítimas";"Pleno dia";"Decrescente";"Sol";"Dupla";"Reta";"Urbano";2;0;0;0;2;0;0;2
83465514;"17/05/16";"Terça";"10:00:00";"MG";381;"290";"JAGUARACU";"Não guardar distância de segurança";"Colisão traseira";"Com Vítimas Feridas";"Pleno dia";"Crescente";"Ceu Claro";"Simples";"Curva";"Rural";2;0;1;0;1;0;1;2
83465516;"17/05/16";"Terça";"07:15:00";"PR";376;"174";"MARINGA";"Outras";"Colisão Transversal";"Sem Vítimas";"Pleno dia";"Crescente";"Sol";"Dupla";"Cruzamento";"Urbano";2;0;0;0;2;0;0;2
83465517;"17/05/16";"Terça";"11:05:00";"MG";116;"514,7";"UBAPORANGA";"Ultrapassagem indevida";"Colisão frontal";"Sem Vítimas";"Pleno dia";"Decrescente";"Ceu Claro";"Simples";"Reta";"Rural";3;0;0;0;3;0;0;3
83465518;"17/05/16";"Terça";"10:45:00";"PR";476;"138";"CURITIBA";"Falta de atenção";"Colisão Transversal";"Com Vítimas Feridas";"Pleno dia";"Crescente";"Sol";"Múltipla";"Reta";"Urbano";2;0;1;0;1;0;1;2
83465519;"17/05/16";"Terça";"06:30:00";"PR";116;"83";"PIRAQUARA";"Outras";"Colisão traseira";"Sem Vítimas";"Pleno dia";"Decrescente";"Ceu Claro";"Múltipla";"Curva";"Rural";2;0;0;0;2;0;0;2