"id";"data_inversa";"dia_semana";"horario";"uf";"br";"km";"municipio";"causa_acidente";"tipo_acidente";"classificacao_acidente";"fase_dia";"sentido_via";"condicao_metereologica";"tipo_pista";"tracado_via";"uso_solo";"pessoas";"mortos";"feridos_leves";"feridos_graves";"ilesos";"ignorados";"feridos";"veiculos"
83465520;"13/05/16";"Sexta";"11:00:00";"MG";251;"215,5";"CACHOEIRA DE PAJEU";"Dormindo";"Saída de Pista";"Sem Vítimas";"Pleno dia";"Decrescente";"Ceu Claro";"Simples";"Reta";"Rural";1;0;0;0;1;0;0;1
83465521;"17/05/16";"Terça";"08:30:00";"CE";222;"5,5";"CAUCAIA";"Outras";"Colisão traseira";"Com Vítimas Feridas";"Pleno dia";"Decrescente";"Sol";"Dupla";"Curva";"Urbano";3;0;1;0;2;0;1;3
83465522;"16/05/16";"Segunda";"02:00:00";"MS";163;"37,4";"ELDORADO";"Velocidade incompatível";"Colisão traseira";"Sem Vítimas";"Plena noite";"Crescente";"Ceu Claro";"Simples";"Reta";"Urbano";2;0;0;0;2;0;0;2
83465523;"17/05/16";"Terça";"12:00:00";"RJ";40;"74";"PETROPOLIS";"Falta de atenção";"Colisão com objeto fixo";"Sem Vítimas";"Pleno dia";"Decrescente";"Nublado";"Simples";"Reta";"Rural";1;0;0;0;1;0;0;1
83465524;"13/05/16";"Sexta";"14:10:00";"MG";262;"575,2";"CORREGO DANTA";"Velocidade incompatível";"Derramamento de Carga";"Sem Vítimas";"Pleno dia";"Decrescente";"Ceu Claro";"Simples";"Curva";"Rural";1;0;0;0;1;0;0;1
83465525;"17/05/16";"Terça";"08:20:00";"SC";101;"133,8";"BALNEARIO CAMBORIU";"Desobediência à sinalização";"Colisão lateral";"Com Vítimas Feridas";"Pleno dia";"Decrescente";"Sol";"Simples";"Reta";"Urbano";2;0;1;0;1;0;1;2
83465526;"17/05/16";"Terça";"08:15:00";"SC";101;"455,6";"SAO JOAO DO SUL";"Falta de atenção";"Colisão Transversal";"Sem Vítimas";"Pleno dia";"Decrescente";"Ceu Claro";"Simples";"Reta";"Urbano";2;0;0;0;2;0;0;2
83465527;"13/05/16";"Sexta";"08:50:00";"SP";116;"219";"GUARULHOS";"Outras";"Colisão traseira";"Com Vítimas Feridas";"Pleno dia";"Crescente";"Nublado";"Múltipla";"Reta";"Urbano";2;0;1;0;1;0;1;2
83465528;"17/05/16";"Terça";"07:00:00";"BA";116;"532";"ITATIM";"Defeito mecânico em veículo";"Tombamento";"Sem Vítimas";"Pleno dia";"Crescente";"Nublado";"Simples";"Reta";"Rural";1;0;0;0;1;0;0;1
83465529;"15/05/16";"Domingo";"19:30:00";"PE";110;"256";"JATOBA";"Velocidade incompatível";"Colisão traseira";"Com Vítimas Fatais";"Plena noite";"Decrescente";"Ceu Claro";"Simples";"Reta";"Rural";5;2;0;2;1;0;2;3
83465530;"15/04/16";"Sexta";"17:15:00";"ES";262;"4,4";"CARIACICA";"Falta de atenção";"Colisão Transversal";"Com Vítimas Feridas";"Pleno dia";"Decrescente";"Ignorada";"Múltipla";"Curva";"Urbano";2;0;0;1;1;0;1;2
83465531;"11/05/16";"Quarta";"16:00:00";"PR";280;"303";"FLOR DA SERRA DO SUL";"Falta de atenção";"Saída de Pista";"Com Vítimas Feridas";"Pleno dia";"Decrescente";"Ceu Claro";"Simples";"Reta";"Rural";1;0;1;0;0;0;1;1
83465532;"17/05/16";"Terça";"10:40:00";"PR";376;"174,8";"MARINGA";"Outras";"Colisão lateral";"Com Vítimas Feridas";"Pleno dia";"Decrescente";"Ceu Claro";"Múltipla";"Reta";"Urbano";2;0;1;0;1;0;1;2
83465533;"17/05/16";"Terça";"10:20:00";"RR";174;"485";"BOA VISTA";"Falta de atenção";"Colisão Transversal";"Com Vítimas Feridas";"Pleno dia";"Crescente";"Ceu Claro";"Simples";"Reta";"Rural";2;0;1;0;1;0;1;2
83465534;"17/05/16";"Terça";"12:30:00";"GO";153;"614";"MORRINHOS";"Dormindo";"Colisão traseira";"Sem Vítimas";"Pleno dia";"Decrescente";"Ceu Claro";"Dupla";"Reta";"Rural";2;0;0;0;2;0;0;2
83465535;"17/05/16";"Terça";"10:30:00";"GO";153;"608";"MORRINHOS";"Dormindo";"Colisão traseira";"Com Vítimas Feridas";"Pleno dia";"Decrescente";"Ceu Claro";"Dupla";"Curva";"Rural";2;0;0;1;1;0;1;2
83465536;"16/05/16";"Segunda";"09:30:00";"MG";40;"597,8";"OURO PRETO";"Outras";"Colisão frontal";"Com Vítimas Feridas";"Pleno dia";"Decrescente";"Ceu Claro";"Simples";"Curva";"Rural";2;0;1;0;1;0;1;2
83465537;"16/05/16";"Segunda";"09:00:00";"BA";242;"221";"ITABERABA";"Velocidade incompatível";"Saída de Pista";"Com Vítimas Feridas";"Pleno dia";"Decrescente";"Chuva";"Simples";"Curva";"Rural";1;0;1;0;0;0;1;1
83465538;"13/05/16";"Sexta";"14:35:00";"PR";467;"94,2";"CASCAVEL";"Ingestão de álcool";"Capotamento";"Sem Vítimas";"Pleno dia";"Decrescente";"Ceu Claro";"Dupla";"Reta";"Rural";1;0;0;0;1;0;0;1
83465539;"17/05/16";"Terça";"08:00:00";"MA";135;"1,8";"SAO LUIS";"Falta de atenção";"Colisão traseira";"Sem Vítimas";"Pleno dia";"Decrescente";"Ceu Claro";"Dupla";"Reta";"Urbano";2;0;0;0;2;0;0;2
83465540;"17/05/16";"Terça";"14:00:00";"RS";116;"154";"CAXIAS DO SUL";"Falta de atenção";"Colisão Transversal";"Sem Vítimas";"Pleno dia";"Crescente";"Sol";"Simples";"Reta";"Urbano";2;0;0;0;2;0;0;2
83465541;"13/05/16";"Sexta";"13:30:00";"PR";369;"38";"ANDIRA";"Falta de atenção";"Colisão frontal";"Com Vítimas Feridas";"Pleno dia";"Crescente";"Ceu Claro";"Simples";"Reta";"Urbano";2;0;0;1;1;0;1;2
83465542;"17/05/16";"Terça";"11:30:00";"RJ";101;"527,5";"ANGRA DOS REIS";"Outras";"Tombamento";"Com Vítimas Feridas";"Pleno dia";"Crescente";"Chuva";"Simples";"Curva";"Urbano";1;0;1;0;0;0;1;1
83465543;"17/05/16";"Terça";"07:15:00";"PR";153;"17,8";"JACAREZINHO";"Outras";"Colisão traseira";"Sem Vítimas";"Pleno dia";"Crescente";"Ignorada";"Simples";"Reta";"Urbano";2;0;0;0;2;0;0;2
83465544;"17/05/16";"Terça";"14:15:00";"MG";381;"488";"BETIM";"Ingestão de álcool";"Atropelamento de pessoa";"Com Vítimas Feridas";"Pleno dia";"Decrescente";"Ceu Claro";"Dupla";"Reta";"Urbano";2;0;1;0;1;0;1;1
83465545;"15/05/16";"Domingo";"08:25:00";"RJ";116;"288,2";"BARRA MANSA";"Outras";"Colisão com objeto fixo";"Com Vítimas Feridas";"Pleno dia";"Decrescente";"Nublado";"Dupla";"Reta";"Urbano";3;0;1;0;2;0;1;1
83465546;"13/05/16";"Sexta";"19:00:00";"SC";101;"212";"PALHOCA";"Falta de atenção";"Colisão traseira";"Sem Vítimas";"Plena noite";"Decrescente";"Ceu Claro";"Dupla";"Reta";"Urbano";3;0;0;0;3;0;0;3
83465547;"17/05/16";"Terça";"12:15:00";"SC";101;"196,9";"BIGUACU";"Outras";"Colisão com objeto fixo";"Com Vítimas Fatais";"Pleno dia";"Decrescente";"Ceu Claro";"Dupla";"Curva";"Urbano";1;1;0;0;0;0;0;1
83465548;"17/05/16";"Terça";"08:30:00";"RS";285;"182,2";"CAPAO BONITO DO SUL";"Velocidade incompatível";"Tombamento";"Com Vítimas Feridas";"Pleno dia";"Decrescente";"Ceu Claro";"Simples";"Curva";"Rural";3;0;0;1;2;0;1;2
83465550;"13/05/16";"Sexta";"18:50:00";"SC";101;"213,1";"PALHOCA";"Falta de atenção";"Colisão lateral";"Com Vítimas Feridas";"Plena noite";"Decrescente";"Nublado";"Dupla";"Reta";"Urbano";2;0;1;0;1;0;1;2
83465551;"17/05/16";"Terça";"12:00:00";"RJ";116;"198";"QUEIMADOS";"Outras";"Saída de Pista";"Com Vítimas Feridas";"Pleno dia";"Decrescente";"Ceu Claro";"Simples";"Curva";"Rural";1;0;1;0;0;0;1;1
83465552;"16/05/16";"Segunda";"07:05:00";"BA";324;"618";"SALVADOR";"Não guardar distância de segurança";"Colisão traseira";"Sem Vítimas";"Pleno dia";"Crescente";"Nublado";"Dupla";"Reta";"Urbano";2;0;0;0;2;0;0;2
83465553;"17/05/16";"Terça";"07:00:00";"GO";364;"310,1";"MINEIROS";"Ultrapassagem indevida";"Colisão frontal";"Com Vítimas Fatais";"Amanhecer";"Decrescente";"Nublado";"Simples";"Reta";"Rural";2;1;1;0;0;0;1;2
83465554;"14/05/16";"Sábado";"06:10:00";"PR";476;"124";"CURITIBA";"Outras";"Queda de motocicleta / bicicleta / veículo";"Com Vítimas Feridas";"Amanhecer";"Crescente";"Nublado";"Dupla";"Reta";"Urbano";2;0;0;1;1;0;1;2
83465555;"17/05/16";"Terça";"15:17:00";"PE";101;"68";"RECIFE";"Outras";"Colisão traseira";"Sem Vítimas";"Pleno dia";"Decrescente";"Sol";"Dupla";"Reta";"Urbano";3;0;0;0;3;0;0;3
83465556;"14/05/16";"Sábado";"08:50:00";"MT";163;"806";"SINOP";"Outras";"Colisão lateral";"Sem Vítimas";"Pleno dia";"Crescente";"Sol";"Simples";"Reta";"Rural";3;0;0;0;3;0;0;2
83465557;"17/05/16";"Terça";"11:25:00";"SC";470;"261";"CURITIBANOS";"Outras";"Tombamento";"Sem Vítimas";"Pleno dia";"Decrescente";"Ceu Claro";"Simples";"Curva";"Rural";1;0;0;0;1;0;0;1
83465558;"17/05/16";"Terça";"05:00:00";"RO";319;"22";"PORTO VELHO";"Animais na Pista";"Atropelamento de animal";"Sem Vítimas";"Plena noite";"Decrescente";"Ignorada";"Simples";"Reta";"Rural";3;0;0;0;3;0;0;1
83465559;"15/05/16";"Domingo";"19:50:00";"PI";343;"197,8";"PIRIPIRI";"Ultrapassagem indevida";"Colisão frontal";"Com Vítimas Fatais";"Plena noite";"Decrescente";"Ceu Claro";"Simples";"Reta";"Rural";3;1;1;0;0;1;1;3
83465560;"14/05/16";"Sábado";"06:30:00";"RJ";116;"175,8";"NOVA IGUACU";"Dormindo";"Colisão com objeto fixo";"Sem Vítimas";"Amanhecer";"Decrescente";"Chuva";"Dupla";"Reta";"Urbano";1;0;0;0;1;0;0;1
83465561;"17/05/16";"Terça";"14:10:00";"RJ";101;"540";"PARATI";"Outras";"Capotamento";"Com Vítimas Feridas";"Pleno dia";"Crescente";"Chuva";"Simples";"Curva";"Rural";2;0;2;0;0;0;2;1
83465562;"14/05/16";"Sábado";"00:50:00";"MG";365;"356";"VARJAO DE MINAS";"Velocidade incompatível";"Colisão traseira";"Com Vítimas Fatais";"Plena noite";"Decrescente";"Ceu Claro";"Simples";"Reta";"Rural";4;2;0;1;1;0;1;2
83465563;"11/05/16";"Quarta";"23:10:00";"MG";40;"818,3";"MATIAS BARBOSA";"Falta de atenção";"Colisão traseira";"Com Vítimas Fatais";"Plena noite";"Decrescente";"Ceu Claro";"Dupla";"Curva";"Rural";11;1;0;1;0;9;1;11
83465564;"17/05/16";"Terça";"10:00:00";"BA";101;"935";"MUCURI";"Outras";"Colisão traseira";"Sem Vítimas";"Pleno dia";"Crescente";"Ceu Claro";"Simples";"Reta";"Urbano";2;0;0;0;2;0;0;2
83465565;"17/05/16";"Terça";"10:50:00";"MA";316;"574,6";"CAXIAS";"Falta de atenção";"Colisão lateral";"Com Vítimas Feridas";"Pleno dia";"Crescente";"Ceu Claro";"Simples";"Reta";"Rural";2;0;0;1;1;0;1;2
83465566;"17/05/16";"Terça";"08:15:00";"PR";476;"75,7";"RIO BRANCO DO SUL";"Velocidade incompatível";"Tombamento";"Com Vítimas Feridas";"Pleno dia";"Crescente";"Sol";"Simples";"Curva";"Rural";1;0;0;1;0;0;1;1
83465567;"17/05/16";"Terça";"13:10:00";"MS";262;"57";"TRES LAGOAS";"Não guardar distância de segurança";"Colisão traseira";"Com Vítimas Feridas";"Pleno dia";"Decrescente";"Ceu Claro";"Simples";"Reta";"Rural";2;0;1;0;1;0;1;2
83465568;"13/05/16";"Sexta";"21:30:00";"CE";116;"128,5";"RUSSAS";"Animais na Pista";"Atropelamento de animal";"Sem Vítimas";"Plena noite";"Decrescente";"Ceu Claro";"Simples";"Reta";"Rural";2;0;0;0;2;0;0;1
83465569;"17/05/16";"Terça";"04:10:00";"MT";364;"208";"RONDONOPOLIS";"Falta de atenção";"Colisão com objeto fixo";"Ignorado";"Plena noite";"Decrescente";"Nublado";"Dupla";"Cruzamento";"Urbano";1;0;0;0;0;1;0;1
83465570;"13/05/16";"Sexta";"21:45:00";"RS";285;"143,4";"MUITOS CAPOES";"Ingestão de álcool";"Colisão com objeto fixo";"Sem Vítimas";"Plena noite";"Crescente";"Nublado";"Simples";"Reta";"Rural";1;0;0;0;1;0;0;1
83465571;"15/05/16";"Domingo";"02:10:00";"MG";116;"607,7";"SAO JOAO DO MANHUACU";"Animais na Pista";"Atropelamento de animal";"Ignorado";"Plena noite";"Decrescente";"Nublado";"Simples";"Reta";"Rural";1;0;0;0;0;1;0;1
83465573;"17/05/16";"Terça";"16:20:00";"BA";324;"518";"FEIRA DE SANTANA";"Falta de atenção";"Colisão Transversal";"Com Vítimas Feridas";"Pleno dia";"Crescente";"Ceu Claro";"Simples";"Reta";"Urbano";2;0;1;0;0;1;1;2
83465574;"17/05/16";"Terça";"14:15:00";"MG";381;"696";"LAVRAS";"Outras";"Tombamento";"Sem Vítimas";"Pleno dia";"Crescente";"Nublado";"Dupla";"Reta";"Rural";1;0;0;0;1;0;0;1
83465575;"17/05/16";"Terça";"17:15:00";"RS";386;"344";"LAJEADO";"Outras";"Atropelamento de pessoa";"Com Vítimas Feridas";"Pleno dia";"Decrescente";"Ceu Claro";"Simples";"Reta";"Urbano";2;0;1;0;1;0;1;1
83465576;"13/05/16";"Sexta";"19:35:00";"SC";101;"223,9";"PALHOCA";"Falta de atenção";"Colisão lateral";"Sem Vítimas";"Plena noite";"Crescente";"Nublado";"Dupla";"Reta";"Urbano";2;0;0;0;2;0;0;2
83465577;"13/05/16";"Sexta";"17:15:00";"MG";381;"456";"BELO HORIZONTE";"Outras";"Colisão lateral";"Com Vítimas Feridas";"Anoitecer";"Crescente";"Ceu Claro";"Simples";"Curva";"Rural";2;0;1;1;0;0;2;2
83465578;"17/05/16";"Terça";"16:30:00";"SC";282;"577,6";"PINHALZINHO";"Outras";"Colisão traseira";"Sem Vítimas";"Pleno dia";"Crescente";"Ceu Claro";"Simples";"Curva";"Urbano";2;0;0;0;2;0;0;2
83465579;"13/05/16";"Sexta";"15:00:00";"MG";262;"587,3";"CAMPOS ALTOS";"Velocidade incompatível";"Capotamento";"Sem Vítimas";"Pleno dia";"Decrescente";"Chuva";"Simples";"Curva";"Rural";1;0;0;0;1;0;0;1
83465580;"17/05/16";"Terça";"16:40:00";"SP";116;"445,7";"REGISTRO";"Falta de atenção";"Colisão lateral";"Sem Vítimas";"Pleno dia";"Crescente";"Ceu Claro";"Dupla";"Reta";"Urbano";2;0;0;0;2;0;0;2
83465581;"17/05/16";"Terça";"12:00:00";"MG";116;"783,6";"LEOPOLDINA";"Falta de atenção";"Colisão Transversal";"Com Vítimas Feridas";"Pleno dia";"Decrescente";"Sol";"Simples";"Reta";"Rural";2;0;2;0;0;0;2;2
83465582;"17/05/16";"Terça";"17:00:00";"PE";101;"71";"RECIFE";"Outras";"Colisão com objeto móvel";"Com Vítimas Feridas";"Anoitecer";"Decrescente";"Sol";"Dupla";"Reta";"Urbano";1;0;1;0;0;0;1;1
83465583;"10/05/16";"Terça";"18:00:00";"DF";20;"34";"BRASILIA";"Outras";"Colisão traseira";"Com Vítimas Fatais";"Anoitecer";"Crescente";"Ceu Claro";"Dupla";"Reta";"Rural";3;2;0;0;1;0;0;2
83465584;"17/05/16";"Terça";"08:15:00";"MG";381;"524,5";"BRUMADINHO";"Falta de atenção";"Colisão lateral";"Sem Vítimas";"Pleno dia";"Decrescente";"Sol";"Dupla";"Curva";"Rural";2;0;0;0;2;0;0;2
83465585;"11/05/16";"Quarta";"12:00:00";"CE";20;"408";"CAUCAIA";"Defeito mecânico em veículo";"Queda de motocicleta / bicicleta / veículo";"Com Vítimas Feridas";"Pleno dia";"Crescente";"Sol";"Dupla";"Reta";"Urbano";2;0;0;1;1;0;1;1
83465586;"17/05/16";"Terça";"13:20:00";"CE";20;"408";"CAUCAIA";"Outras";"Colisão lateral";"Com Vítimas Feridas";"Pleno dia";"Crescente";"Ceu Claro";"Dupla";"Reta";"Urbano";3;0;1;0;1;1;1;3
83465587;"17/05/16";"Terça";"09:40:00";"MG";116;"804";"ALEM PARAIBA";"Velocidade incompatível";"Tombamento";"Com Vítimas Feridas";"Pleno dia";"Crescente";"Sol";"Simples";"Curva";"Rural";12;0;1;0;0;11;1;12
83465588;"14/05/16";"Sábado";"03:20:00";"MG";381;"711,4";"CARMO DA CACHOEIRA";"Dormindo";"Colisão com objeto fixo";"Sem Vítimas";"Plena noite";"Crescente";"Ceu Claro";"Dupla";"Curva";"Rural";1;0;0;0;1;0;0;1
83465589;"17/05/16";"Terça";"14:40:00";"ES";101;"93,4";"JAGUARE";"Falta de atenção";"Colisão Transversal";"Com Vítimas Feridas";"Pleno dia";"Crescente";"Ceu Claro";"Simples";"Cruzamento";"Urbano";2;0;1;1;0;0;2;2
83465590;"16/05/16";"Segunda";"16:45:00";"RS";293;"119,4";"PINHEIRO MACHADO";"Falta de atenção";"Saída de Pista";"Sem Vítimas";"Pleno dia";"Crescente";"Nublado";"Simples";"Curva";"Rural";1;0;0;0;1;0;0;1
83465591;"17/05/16";"Terça";"17:40:00";"PR";116;"114";"CURITIBA";"Outras";"Capotamento";"Ignorado";"Anoitecer";"Decrescente";"Nublado";"Dupla";"Reta";"Rural";1;0;0;0;0;1;0;1
83465592;"17/05/16";"Terça";"16:12:00";"PR";376;"157,8";"MANDAGUACU";"Outras";"Colisão traseira";"Sem Vítimas";"Pleno dia";"Crescente";"Ceu Claro";"Dupla";"Cruzamento";"Urbano";2;0;0;0;2;0;0;2
83465593;"17/05/16";"Terça";"14:45:00";"SC";101;"206,7";"SAO JOSE";"Falta de atenção";"Colisão traseira";"Com Vítimas Feridas";"Pleno dia";"Decrescente";"Sol";"Múltipla";"Reta";"Urbano";2;0;1;0;1;0;1;2
83465594;"17/05/16";"Terça";"12:00:00";"SC";470;"190";"POUSO REDONDO";"Velocidade incompatível";"Tombamento";"Sem Vítimas";"Pleno dia";"Decrescente";"Sol";"Simples";"Curva";"Rural";1;0;0;0;1;0;0;1
83465595;"17/05/16";"Terça";"17:15:00";"RN";101;"96,4";"NATAL";"Outras";"Colisão lateral";"Sem Vítimas";"Anoitecer";"Crescente";"Chuva";"Dupla";"Curva";"Urbano";3;0;0;0;3;0;0;3
83465597;"17/05/16";"Terça";"09:25:00";"SC";282;"18,2";"PALHOCA";"Falta de atenção";"Colisão com bicicleta";"Com Vítimas Feridas";"Pleno dia";"Decrescente";"Sol";"Simples";"Reta";"Urbano";2;0;0;1;1;0;1;2
83465598;"15/05/16";"Domingo";"13:50:00";"RN";101;"99,9";"NATAL";"Falta de atenção";"Queda de motocicleta / bicicleta / veículo";"Com Vítimas Feridas";"Pleno dia";"Crescente";"Ceu Claro";"Dupla";"Reta";"Urbano";1;0;1;0;0;0;1;1
83465599;"17/05/16";"Terça";"18:00:00";"RS";290;"98";"PORTO ALEGRE";"Falta de atenção";"Colisão traseira";"Com Vítimas Feridas";"Plena noite";"Crescente";"Ceu Claro";"Dupla";"Reta";"Rural";3;0;1;0;2;0;1;3
83465600;"14/05/16";"Sábado";"13:10:00";"MG";381;"343";"BELA VISTA DE MINAS";"Velocidade incompatível";"Saída de Pista";"Com Vítimas Feridas";"Pleno dia";"Crescente";"Nublado";"Simples";"Curva";"Rural";1;0;1;0;0;0;1;1
83465601;"17/05/16";"Terça";"12:20:00";"RS";386;"442,9";"CANOAS";"Falta de atenção";"Saída de Pista";"Sem Vítimas";"Pleno dia";"Decrescente";"Ceu Claro";"Dupla";"Reta";"Urbano";1;0;0;0;1;0;0;1
83465602;"14/05/16";"Sábado";"16:30:00";"MG";381;"343";"BELA VISTA DE MINAS";"Velocidade incompatível";"Saída de Pista";"Sem Vítimas";"Pleno dia";"Decrescente";"Chuva";"Simples";"Curva";"Rural";2;0;0;0;2;0;0;1
83465603;"17/05/16";"Terça";"17:30:00";"GO";153;"505";"GOIANIA";"Falta de atenção";"Colisão traseira";"Sem Vítimas";"Pleno dia";"Crescente";"Ceu Claro";"Dupla";"Reta";"Urbano";2;0;0;0;2;0;0;2
83465604;"17/05/16";"Terça";"17:30:00";"PR";277;"133";"BALSA NOVA";"Falta de atenção";"Colisão Transversal";"Com Vítimas Feridas";"Pleno dia";"Crescente";"Ceu Claro";"Dupla";"Cruzamento";"Rural";2;0;1;0;1;0;1;2
83465605;"17/05/16";"Terça";"13:15:00";"SC";101;"308,9";"LAGUNA";"Falta de atenção";"Capotamento";"Com Vítimas Feridas";"Pleno dia";"Decrescente";"Sol";"Dupla";"Reta";"Rural";3;0;1;0;2;0;1;1
83465606;"17/05/16";"Terça";"18:45:00";"PE";232;"175,1";"BELO JARDIM";"Outras";"Capotamento";"Com Vítimas Feridas";"Plena noite";"Decrescente";"Ceu Claro";"Simples";"Reta";"Rural";4;0;1;0;3;0;1;1
83465607;"14/05/16";"Sábado";"00:05:00";"PR";277;"442";"LARANJEIRAS DO SUL";"Outras";"Saída de Pista";"Com Vítimas Feridas";"Plena noite";"Crescente";"Ceu Claro";"Simples";"Curva";"Rural";3;0;3;0;0;0;3;1
83465608;"17/05/16";"Terça";"17:10:00";"CE";222;"329";"TIANGUA";"Falta de atenção";"Colisão Transversal";"Com Vítimas Feridas";"Pleno dia";"Crescente";"Ceu Claro";"Simples";"Reta";"Urbano";6;0;2;0;4;0;2;2
83465609;"17/05/16";"Terça";"07:45:00";"PR";369;"190,2";"ARAPONGAS";"Outras";"Queda de motocicleta / bicicleta / veículo";"Com Vítimas Feridas";"Pleno dia";"Decrescente";"Sol";"Dupla";"Reta";"Rural";1;0;1;0;0;0;1;1
83465610;"17/05/16";"Terça";"11:00:00";"GO";70;"3";"AGUAS LINDAS DE GOIAS";"Outras";"Capotamento";"Com Vítimas Feridas";"Pleno dia";"Decrescente";"Ceu Claro";"Dupla";"Reta";"Urbano";3;0;2;0;1;0;2;1
83465611;"17/05/16";"Terça";"16:30:00";"RO";364;"558";"ARIQUEMES";"Outras";"Saída de Pista";"Sem Vítimas";"Pleno dia";"Decrescente";"Chuva";"Simples";"Reta";"Rural";1;0;0;0;1;0;0;1
83465612;"13/05/16";"Sexta";"19:20:00";"SP";116;"53";"LORENA";"Outras";"Colisão traseira";"Sem Vítimas";"Plena noite";"Crescente";"Nublado";"Dupla";"Reta";"Rural";2;0;0;0;2;0;0;2
83465613;"17/05/16";"Terça";"18:45:00";"SC";282;"501";"XANXERE";"Falta de atenção";"Tombamento";"Com Vítimas Feridas";"Anoitecer";"Crescente";"Ceu Claro";"Dupla";"Cruzamento";"Urbano";2;0;2;0;0;0;2;1
83465614;"17/05/16";"Terça";"12:10:00";"BA";116;"548";"MILAGRES";"Defeito mecânico em veículo";"Tombamento";"Com Vítimas Feridas";"Pleno dia";"Decrescente";"Nublado";"Simples";"Curva";"Rural";2;0;1;0;1;0;1;1
83465615;"17/05/16";"Terça";"17:30:00";"PR";277;"110";"CAMPO LARGO";"Outras";"Colisão traseira";"Com Vítimas Feridas";"Anoitecer";"Decrescente";"Ceu Claro";"Dupla";"Reta";"Urbano";3;0;1;0;2;0;1;2
83465616;"17/05/16";"Terça";"13:40:00";"BA";242;"187";"ITABERABA";"Ultrapassagem indevida";"Capotamento";"Sem Vítimas";"Pleno dia";"Decrescente";"Nublado";"Simples";"Reta";"Rural";2;0;0;0;2;0;0;1
83465617;"17/05/16";"Terça";"18:15:00";"MG";116;"529,6";"CARATINGA";"Outras";"Colisão lateral";"Com Vítimas Feridas";"Plena noite";"Decrescente";"Ceu Claro";"Simples";"Curva";"Urbano";2;0;1;0;1;0;1;2
83465618;"17/05/16";"Terça";"14:35:00";"BA";324;"550";"AMELIA RODRIGUES";"Outras";"Colisão traseira";"Sem Vítimas";"Pleno dia";"Decrescente";"Sol";"Múltipla";"Reta";"Rural";2;0;0;0;2;0;0;2
83465619;"14/05/16";"Sábado";"15:30:00";"MT";163;"938";"ITAUBA";"Não guardar distância de segurança";"Colisão traseira";"Sem Vítimas";"Pleno dia";"Decrescente";"Ceu Claro";"Simples";"Reta";"Rural";3;0;0;0;1;2;0;3
83465620;"17/05/16";"Terça";"19:15:00";"PE";428;"191";"PETROLINA";"Falta de atenção";"Colisão lateral";"Com Vítimas Feridas";"Anoitecer";"Decrescente";"Ceu Claro";"Múltipla";"Reta";"Urbano";2;0;0;1;1;0;1;2
83465621;"17/05/16";"Terça";"17:50:00";"SC";470;"51,6";"BLUMENAU";"Desobediência à sinalização";"Colisão Transversal";"Com Vítimas Feridas";"Plena noite";"Crescente";"Ceu Claro";"Simples";"Reta";"Urbano";2;0;0;1;1;0;1;2
83465622;"17/05/16";"Terça";"15:30:00";"RN";427;"8,5";"CURRAIS NOVOS";"Desobediência à sinalização";"Tombamento";"Ignorado";"Pleno dia";"Crescente";"Ceu Claro";"Simples";"Curva";"Rural";1;0;0;0;0;1;0;1
83465623;"17/05/16";"Terça";"18:15:00";"SC";470;"162,5";"TROMBUDO CENTRAL";"Não guardar distância de segurança";"Colisão traseira";"Sem Vítimas";"Plena noite";"Decrescente";"Ceu Claro";"Simples";"Reta";"Rural";2;0;0;0;2;0;0;2
83465624;"17/05/16";"Terça";"18:10:00";"RN";406;"170,8";"SAO GONCALO DO AMARANTE";"Defeito mecânico em veículo";"Colisão lateral";"Com Vítimas Feridas";"Anoitecer";"Crescente";"Nublado";"Dupla";"Reta";"Urbano";2;0;1;0;1;0;1;2
83465625;"17/05/16";"Terça";"19:40:00";"MG";381;"516";"BETIM";"Outras";"Saída de Pista";"Com Vítimas Feridas";"Plena noite";"Crescente";"Ceu Claro";"Dupla";"Reta";"Rural";3;0;3;0;0;0;3;1
83465626;"17/05/16";"Terça";"18:20:00";"RS";116;"254,8";"SAPUCAIA DO SUL";"Não guardar distância de segurança";"Colisão lateral";"Sem Vítimas";"Anoitecer";"Decrescente";"Ceu Claro";"Dupla";"Reta";"Urbano";2;0;0;0;2;0;0;2
83465627;"17/05/16";"Terça";"14:00:00";"MG";381;"546";"ITATIAIUCU";"Não guardar distância de segurança";"Colisão com objeto fixo";"Sem Vítimas";"Pleno dia";"Decrescente";"Sol";"Dupla";"Reta";"Rural";1;0;0;0;1;0;0;1
83465628;"17/05/16";"Terça";"18:50:00";"PE";101;"65,5";"RECIFE";"Falta de atenção";"Colisão traseira";"Com Vítimas Feridas";"Plena noite";"Decrescente";"Ceu Claro";"Múltipla";"Reta";"Urbano";2;0;1;0;1;0;1;2
83465629;"17/05/16";"Terça";"19:50:00";"RJ";40;"21";"TRES RIOS";"Falta de atenção";"Derramamento de Carga";"Sem Vítimas";"Plena noite";"Decrescente";"Ceu Claro";"Simples";"Curva";"Urbano";1;0;0;0;1;0;0;1
83465630;"17/05/16";"Terça";"19:10:00";"RJ";101;"396";"RIO DE JANEIRO";"Velocidade incompatível";"Colisão com objeto fixo";"Sem Vítimas";"Plena noite";"Crescente";"Chuva";"Dupla";"Reta";"Urbano";3;0;0;0;3;0;0;3
83465631;"17/05/16";"Terça";"18:50:00";"MG";50;"69";"UBERLANDIA";"Velocidade incompatível";"Colisão traseira";"Sem Vítimas";"Plena noite";"Decrescente";"Ceu Claro";"Dupla";"Reta";"Urbano";2;0;0;0;2;0;0;2