"id";"data_inversa";"dia_semana";"horario";"uf";"br";"km";"municipio";"causa_acidente";"tipo_acidente";"classificacao_acidente";"fase_dia";"sentido_via";"condicao_metereologica";"tipo_pista";"tracado_via";"uso_solo";"pessoas";"mortos";"feridos_leves";"feridos_graves";"ilesos";"ignorados";"feridos";"veiculos"
83465632;"17/05/16";"Terça";"17:40:00";"PR";153;"483";"GENERAL CARNEIRO";"Defeito mecânico em veículo";"Saída de Pista";"Sem Vítimas";"Anoitecer";"Decrescente";"Ceu Claro";"Simples";"Curva";"Rural";1;0;0;0;1;0;0;1
83465633;"12/05/16";"Quinta";"15:50:00";"SP";116;"72,5";"APARECIDA";"Falta de atenção";"Colisão traseira";"Sem Vítimas";"Pleno dia";"Decrescente";"Ceu Claro";"Dupla";"Reta";"Rural";2;0;0;0;2;0;0;2
83465634;"14/05/16";"Sábado";"01:20:00";"DF";20;"17,2";"BRASILIA";"Ingestão de álcool";"Colisão traseira";"Sem Vítimas";"Plena noite";"Crescente";"Vento";"Dupla";"Reta";"Rural";2;0;0;0;2;0;0;2
83465635;"17/05/16";"Terça";"20:15:00";"AL";104;"25";"UNIAO DOS PALMARES";"Falta de atenção";"Queda de motocicleta / bicicleta / veículo";"Com Vítimas Feridas";"Plena noite";"Decrescente";"Ceu Claro";"Simples";"Reta";"Rural";1;0;0;1;0;0;1;1
83465637;"17/05/16";"Terça";"15:50:00";"BA";242;"326,4";"LENCOIS";"Defeito mecânico em veículo";"Colisão com objeto fixo";"Sem Vítimas";"Pleno dia";"Decrescente";"Ceu Claro";"Simples";"Reta";"Rural";1;0;0;0;1;0;0;1
83465638;"14/05/16";"Sábado";"01:30:00";"SP";116;"229";"SAO PAULO";"Ingestão de álcool";"Colisão com objeto fixo";"Com Vítimas Feridas";"Plena noite";"Decrescente";"Ceu Claro";"Múltipla";"Reta";"Urbano";1;0;1;0;0;0;1;1
83465639;"17/05/16";"Terça";"13:20:00";"SC";101;"44,5";"JOINVILLE";"Velocidade incompatível";"Saída de Pista";"Sem Vítimas";"Pleno dia";"Decrescente";"Sol";"Múltipla";"Reta";"Urbano";1;0;0;0;1;0;0;1
83465640;"13/05/16";"Sexta";"17:40:00";"CE";20;"424,3";"MARACANAU";"Outras";"Colisão frontal";"Com Vítimas Feridas";"Anoitecer";"Crescente";"Ceu Claro";"Simples";"Reta";"Urbano";5;0;2;2;1;0;4;2
83465641;"17/05/16";"Terça";"09:30:00";"SE";101;"4";"PROPRIA";"Defeito na via";"Saída de Pista";"Com Vítimas Feridas";"Pleno dia";"Decrescente";"Ceu Claro";"Simples";"Curva";"Rural";1;0;1;0;0;0;1;1
83465642;"17/05/16";"Terça";"09:15:00";"SC";282;"18,3";"PALHOCA";"Falta de atenção";"Colisão traseira";"Com Vítimas Feridas";"Pleno dia";"Decrescente";"Ceu Claro";"Simples";"Reta";"Urbano";3;0;1;0;2;0;1;2
83465643;"17/05/16";"Terça";"09:30:00";"RJ";116;"220";"PIRAI";"Outras";"Colisão com objeto fixo";"Sem Vítimas";"Pleno dia";"Crescente";"Chuva";"Dupla";"Curva";"Rural";1;0;0;0;1;0;0;1
83465644;"11/05/16";"Quarta";"05:48:00";"PB";230;"338,4";"PATOS";"Falta de atenção";"Colisão Transversal";"Com Vítimas Feridas";"Pleno dia";"Decrescente";"Ceu Claro";"Dupla";"Cruzamento";"Urbano";2;0;1;0;1;0;1;2
83465645;"17/05/16";"Terça";"21:25:00";"PA";316;"247";"CACHOEIRA DO PIRIA";"Outras";"Danos Eventuais";"Sem Vítimas";"Plena noite";"Crescente";"Ceu Claro";"Simples";"Reta";"Rural";1;0;0;0;1;0;0;1
83465646;"17/05/16";"Terça";"19:40:00";"MS";163;"278,9";"DOURADOS";"Outras";"Queda de motocicleta / bicicleta / veículo";"Com Vítimas Feridas";"Plena noite";"Decrescente";"Ceu Claro";"Dupla";"Cruzamento";"Rural";1;0;1;0;0;0;1;1
83465647;"17/05/16";"Terça";"19:45:00";"PR";116;"0,1";"QUATRO BARRAS";"Falta de atenção";"Queda de motocicleta / bicicleta / veículo";"Com Vítimas Feridas";"Plena noite";"Decrescente";"Nublado";"Simples";"Curva";"Rural";2;0;2;0;0;0;2;1
83465648;"17/05/16";"Terça";"18:45:00";"RS";287;"246,3";"SANTA MARIA";"Desobediência à sinalização";"Colisão lateral";"Com Vítimas Feridas";"Plena noite";"Crescente";"Ceu Claro";"Simples";"Cruzamento";"Urbano";2;0;1;0;1;0;1;2
83465649;"17/05/16";"Terça";"17:20:00";"PR";376;"599,5";"CURITIBA";"Falta de atenção";"Colisão traseira";"Sem Vítimas";"Anoitecer";"Crescente";"Ceu Claro";"Múltipla";"Reta";"Urbano";4;0;0;0;4;0;0;4
83465650;"17/05/16";"Terça";"18:45:00";"PR";116;"62";"CAMPINA GRANDE DO SUL";"Outras";"Colisão com bicicleta";"Com Vítimas Fatais";"Plena noite";"Decrescente";"Nevoeiro/neblina";"Dupla";"Reta";"Rural";3;1;0;0;2;0;0;3
83465651;"17/05/16";"Terça";"18:15:00";"PE";316;"279,8";"ITACURUBA";"Animais na Pista";"Atropelamento de animal";"Sem Vítimas";"Plena noite";"Crescente";"Nublado";"Simples";"Reta";"Rural";1;0;0;0;1;0;0;1
83465652;"17/05/16";"Terça";"20:15:00";"GO";60;"132,7";"GOIANIA";"Outras";"Capotamento";"Com Vítimas Feridas";"Plena noite";"Decrescente";"Nublado";"Dupla";"Reta";"Rural";1;0;1;0;0;0;1;1
83465653;"17/05/16";"Terça";"18:40:00";"SC";470;"38,5";"GASPAR";"Outras";"Colisão Transversal";"Com Vítimas Feridas";"Plena noite";"Decrescente";"Ceu Claro";"Simples";"Curva";"Urbano";2;0;1;0;0;1;1;2
83465654;"17/05/16";"Terça";"18:00:00";"SE";101;"25";"MURIBECA";"Defeito na via";"Queda de motocicleta / bicicleta / veículo";"Com Vítimas Feridas";"Plena noite";"Decrescente";"Ceu Claro";"Simples";"Reta";"Rural";1;0;1;0;0;0;1;1
83465655;"12/02/16";"Sexta";"18:30:00";"PE";110;"133,5";"IBIMIRIM";"Outras";"Tombamento";"Com Vítimas Feridas";"Plena noite";"Decrescente";"Ceu Claro";"Simples";"Reta";"Rural";3;0;1;1;0;1;2;1
83465656;"17/05/16";"Terça";"20:20:00";"PR";376;"183,9";"SARANDI";"Falta de atenção";"Colisão lateral";"Com Vítimas Feridas";"Plena noite";"Decrescente";"Ceu Claro";"Dupla";"Reta";"Urbano";2;0;0;1;1;0;1;2
83465657;"17/05/16";"Terça";"17:55:00";"RS";285;"126,9";"VACARIA";"Ultrapassagem indevida";"Colisão lateral";"Sem Vítimas";"Anoitecer";"Crescente";"Ceu Claro";"Simples";"Reta";"Urbano";2;0;0;0;2;0;0;2
83465658;"17/05/16";"Terça";"16:20:00";"PB";101;"19";"MAMANGUAPE";"Defeito mecânico em veículo";"Colisão com objeto fixo";"Com Vítimas Feridas";"Pleno dia";"Decrescente";"Nublado";"Dupla";"Curva";"Rural";1;0;1;0;0;0;1;1
83465659;"13/05/16";"Sexta";"18:10:00";"CE";20;"424,3";"MARACANAU";"Outras";"Colisão lateral";"Sem Vítimas";"Plena noite";"Crescente";"Ceu Claro";"Simples";"Reta";"Urbano";2;0;0;0;2;0;0;2
83465660;"17/05/16";"Terça";"21:00:00";"SC";470;"121";"IBIRAMA";"Desobediência à sinalização";"Colisão frontal";"Com Vítimas Feridas";"Plena noite";"Decrescente";"Ceu Claro";"Simples";"Reta";"Rural";2;0;0;1;1;0;1;2
83465661;"17/05/16";"Terça";"18:25:00";"PB";101;"102";"ALHANDRA";"Não guardar distância de segurança";"Colisão lateral";"Com Vítimas Feridas";"Plena noite";"Crescente";"Ceu Claro";"Dupla";"Reta";"Rural";2;0;1;0;1;0;1;2
83465662;"17/05/16";"Terça";"21:10:00";"RS";386;"232,2";"SOLEDADE";"Não guardar distância de segurança";"Colisão traseira";"Sem Vítimas";"Plena noite";"Decrescente";"Ceu Claro";"Simples";"Reta";"Rural";2;0;0;0;2;0;0;2
83465663;"17/05/16";"Terça";"16:10:00";"RS";290;"90";"PORTO ALEGRE";"Outras";"Colisão lateral";"Com Vítimas Fatais";"Plena noite";"Decrescente";"Nublado";"Múltipla";"Reta";"Urbano";4;1;1;0;2;0;1;2
83465664;"17/05/16";"Terça";"19:30:00";"RS";468;"94";"TRES PASSOS";"Falta de atenção";"Colisão lateral";"Sem Vítimas";"Plena noite";"Crescente";"Nublado";"Simples";"Reta";"Rural";2;0;0;0;2;0;0;2
83465665;"17/05/16";"Terça";"20:30:00";"ES";101;"265,7";"SERRA";"Desobediência à sinalização";"Atropelamento de pessoa";"Com Vítimas Feridas";"Plena noite";"Crescente";"Ceu Claro";"Múltipla";"Reta";"Urbano";2;0;0;1;1;0;1;1
83465666;"17/05/16";"Terça";"19:30:00";"BA";135;"188";"BARREIRAS";"Ingestão de álcool";"Saída de Pista";"Ignorado";"Plena noite";"Decrescente";"Ceu Claro";"Simples";"Curva";"Rural";1;0;0;0;0;1;0;1
83465667;"17/05/16";"Terça";"18:30:00";"MG";381;"357";"JOAO MONLEVADE";"Falta de atenção";"Colisão Transversal";"Com Vítimas Feridas";"Plena noite";"Decrescente";"Ignorada";"Simples";"Curva";"Rural";2;0;1;0;1;0;1;2
83465668;"17/05/16";"Terça";"19:30:00";"BA";407;"7";"JUAZEIRO";"Falta de atenção";"Colisão Transversal";"Com Vítimas Feridas";"Plena noite";"Decrescente";"Ceu Claro";"Simples";"Reta";"Rural";2;0;1;0;1;0;1;2
83465669;"17/05/16";"Terça";"20:05:00";"MG";364;"22,5";"FRUTAL";"Outras";"Saída de Pista";"Com Vítimas Feridas";"Plena noite";"Decrescente";"Ceu Claro";"Simples";"Reta";"Rural";2;0;0;2;0;0;2;1
83465670;"17/05/16";"Terça";"23:00:00";"MG";50;"40";"ARAGUARI";"Falta de atenção";"Capotamento";"Com Vítimas Feridas";"Plena noite";"Decrescente";"Ceu Claro";"Dupla";"Reta";"Rural";1;0;1;0;0;0;1;1
83465671;"17/05/16";"Terça";"21:20:00";"PR";376;"224,8";"ALTO PARANA";"Ingestão de álcool";"Queda de motocicleta / bicicleta / veículo";"Com Vítimas Feridas";"Plena noite";"Crescente";"Ceu Claro";"Simples";"Reta";"Rural";1;0;1;0;0;0;1;1
83465673;"17/05/16";"Terça";"20:30:00";"MG";459;"43,7";"SANTA RITA DE CALDAS";"Animais na Pista";"Atropelamento de animal";"Sem Vítimas";"Plena noite";"Crescente";"Nublado";"Simples";"Reta";"Rural";2;0;0;0;2;0;0;1
83465674;"05/05/16";"Quinta";"22:40:00";"GO";60;"4,8";"SANTO ANTONIO DO DESCOBERTO";"Defeito mecânico em veículo";"Queda de motocicleta / bicicleta / veículo";"Com Vítimas Feridas";"Plena noite";"Decrescente";"Ceu Claro";"Dupla";"Curva";"Rural";2;0;0;2;0;0;2;1
83465675;"17/05/16";"Terça";"22:00:00";"PI";343;"4,4";"TERESINA";"Falta de atenção";"Atropelamento de pessoa";"Com Vítimas Feridas";"Plena noite";"Crescente";"Ceu Claro";"Múltipla";"Reta";"Urbano";2;0;1;1;0;0;2;1
83465676;"17/05/16";"Terça";"21:40:00";"PR";277;"76,5";"SAO JOSE DOS PINHAIS";"Falta de atenção";"Saída de Pista";"Com Vítimas Feridas";"Plena noite";"Crescente";"Ceu Claro";"Dupla";"Reta";"Urbano";2;0;1;1;0;0;2;1
83465677;"17/05/16";"Terça";"20:20:00";"BA";135;"181";"BARREIRAS";"Falta de atenção";"Colisão Transversal";"Com Vítimas Feridas";"Plena noite";"Crescente";"Ceu Claro";"Simples";"Reta";"Urbano";4;0;2;0;1;1;2;2
83465678;"17/05/16";"Terça";"22:10:00";"RN";101;"106";"PARNAMIRIM";"Ingestão de álcool";"Atropelamento de pessoa";"Com Vítimas Feridas";"Plena noite";"Crescente";"Nublado";"Dupla";"Reta";"Urbano";2;0;1;1;0;0;2;1
83465679;"15/04/16";"Sexta";"13:10:00";"MA";222;"290";"ARARI";"Velocidade incompatível";"Colisão lateral";"Com Vítimas Feridas";"Pleno dia";"Crescente";"Nublado";"Simples";"Reta";"Rural";4;0;1;0;2;1;1;4
83465680;"17/05/16";"Terça";"22:20:00";"RS";116;"222,5";"DOIS IRMAOS";"Ingestão de álcool";"Colisão traseira";"Sem Vítimas";"Plena noite";"Decrescente";"Ceu Claro";"Simples";"Reta";"Urbano";2;0;0;0;2;0;0;2
83465681;"17/05/16";"Terça";"16:00:00";"GO";452;"116,8";"BOM JESUS DE GOIAS";"Falta de atenção";"Capotamento";"Com Vítimas Feridas";"Pleno dia";"Decrescente";"Ceu Claro";"Simples";"Reta";"Rural";3;0;1;0;2;0;1;1
83465682;"17/05/16";"Terça";"17:30:00";"RJ";116;"101,2";"GUAPIMIRIM";"Outras";"Colisão Transversal";"Com Vítimas Feridas";"Plena noite";"Crescente";"Chuva";"Simples";"Curva";"Rural";5;0;5;0;0;0;5;2
83465683;"17/05/16";"Terça";"15:20:00";"BA";110;"217";"NOVA SOURE";"Animais na Pista";"Capotamento";"Com Vítimas Feridas";"Pleno dia";"Decrescente";"Ceu Claro";"Simples";"Reta";"Rural";1;0;1;0;0;0;1;1
83465684;"17/05/16";"Terça";"22:15:00";"PE";101;"83,5";"JABOATAO DOS GUARARAPES";"Outras";"Colisão Transversal";"Com Vítimas Feridas";"Plena noite";"Crescente";"Ceu Claro";"Dupla";"Reta";"Urbano";3;0;0;2;1;0;2;2
83465685;"17/05/16";"Terça";"12:17:00";"AC";364;"125";"RIO BRANCO";"Falta de atenção";"Colisão traseira";"Com Vítimas Feridas";"Pleno dia";"Crescente";"Ceu Claro";"Dupla";"Cruzamento";"Urbano";3;0;1;0;2;0;1;2
83465686;"17/05/16";"Terça";"18:30:00";"SC";282;"3,5";"FLORIANOPOLIS";"Não guardar distância de segurança";"Colisão traseira";"Com Vítimas Feridas";"Plena noite";"Decrescente";"Ceu Claro";"Múltipla";"Reta";"Urbano";2;0;0;1;1;0;1;2
83465687;"18/05/16";"Quarta";"00:10:00";"RJ";40;"113";"DUQUE DE CAXIAS";"Outras";"Colisão com objeto fixo";"Com Vítimas Feridas";"Plena noite";"Decrescente";"Chuva";"Múltipla";"Reta";"Urbano";1;0;1;0;0;0;1;1
83465688;"11/05/16";"Quarta";"15:10:00";"SP";381;"73";"SAO PAULO";"Falta de atenção";"Capotamento";"Com Vítimas Feridas";"Pleno dia";"Decrescente";"Ceu Claro";"Dupla";"Curva";"Urbano";2;0;2;0;0;0;2;1
83465689;"17/05/16";"Terça";"21:50:00";"RJ";40;"120";"RIO DE JANEIRO";"Falta de atenção";"Colisão traseira";"Com Vítimas Feridas";"Plena noite";"Decrescente";"Chuva";"Múltipla";"Reta";"Urbano";3;0;1;0;2;0;1;2
83465690;"17/05/16";"Terça";"21:40:00";"PR";373;"237,6";"GUAMIRANGA";"Outras";"Queda de motocicleta / bicicleta / veículo";"Com Vítimas Feridas";"Plena noite";"Decrescente";"Nublado";"Simples";"Curva";"Rural";1;0;0;1;0;0;1;1
83465691;"17/05/16";"Terça";"22:30:00";"RS";158;"99,5";"PALMEIRA DAS MISSOES";"Ultrapassagem indevida";"Colisão lateral";"Sem Vítimas";"Plena noite";"Crescente";"Ceu Claro";"Simples";"Reta";"Rural";2;0;0;0;2;0;0;2
83465692;"18/05/16";"Quarta";"01:20:00";"RS";116;"12,9";"VACARIA";"Ultrapassagem indevida";"Saída de Pista";"Sem Vítimas";"Plena noite";"Decrescente";"Nevoeiro/neblina";"Simples";"Reta";"Rural";1;0;0;0;1;0;0;1
83465693;"18/05/16";"Quarta";"00:30:00";"PR";277;"210";"TEIXEIRA SOARES";"Animais na Pista";"Atropelamento de animal";"Sem Vítimas";"Plena noite";"Crescente";"Nublado";"Simples";"Reta";"Rural";1;0;0;0;1;0;0;1
83465694;"17/05/16";"Terça";"21:00:00";"MT";70;"669";"CACERES";"Falta de atenção";"Colisão lateral";"Sem Vítimas";"Plena noite";"Decrescente";"Nevoeiro/neblina";"Simples";"Reta";"Rural";3;0;0;0;3;0;0;3
83465695;"17/05/16";"Terça";"20:10:00";"BA";110;"292";"INHAMBUPE";"Outras";"Colisão lateral";"Com Vítimas Feridas";"Plena noite";"Decrescente";"Ceu Claro";"Simples";"Reta";"Urbano";2;0;1;0;1;0;1;2
83465696;"17/05/16";"Terça";"18:50:00";"CE";116;"417,5";"IPAUMIRIM";"Defeito na via";"Atropelamento de pessoa";"Com Vítimas Fatais";"Plena noite";"Crescente";"Ceu Claro";"Simples";"Reta";"Rural";2;1;0;0;0;1;0;1
83465697;"17/05/16";"Terça";"17:45:00";"MA";135;"118";"MIRANDA DO NORTE";"Outras";"Capotamento";"Sem Vítimas";"Pleno dia";"Decrescente";"Ceu Claro";"Simples";"Reta";"Rural";1;0;0;0;1;0;0;1
83465698;"17/05/16";"Terça";"07:20:00";"MT";163;"119";"RONDONOPOLIS";"Não guardar distância de segurança";"Colisão traseira";"Com Vítimas Feridas";"Pleno dia";"Decrescente";"Nublado";"Múltipla";"Reta";"Urbano";6;0;2;0;4;0;2;6
83465699;"13/05/16";"Sexta";"23:20:00";"SP";116;"550";"BARRA DO TURVO";"Velocidade incompatível";"Capotamento";"Sem Vítimas";"Pleno dia";"Decrescente";"Chuva";"Dupla";"Curva";"Rural";1;0;0;0;1;0;0;1
83465700;"11/05/16";"Quarta";"22:50:00";"SP";381;"67";"MAIRIPORA";"Falta de atenção";"Capotamento";"Com Vítimas Feridas";"Plena noite";"Decrescente";"Ceu Claro";"Dupla";"Reta";"Urbano";2;0;1;0;1;0;1;1
83465701;"18/05/16";"Quarta";"00:20:00";"MA";10;"252";"IMPERATRIZ";"Outras";"Saída de Pista";"Com Vítimas Feridas";"Plena noite";"Decrescente";"Ceu Claro";"Simples";"Reta";"Urbano";3;0;2;1;0;0;3;1
83465702;"17/05/16";"Terça";"18:20:00";"SC";101;"332,8";"TUBARAO";"Falta de atenção";"Colisão traseira";"Com Vítimas Feridas";"Anoitecer";"Crescente";"Ceu Claro";"Dupla";"Cruzamento";"Urbano";2;0;1;0;1;0;1;2
83465703;"18/05/16";"Quarta";"00:30:00";"RS";116;"268";"CANOAS";"Ingestão de álcool";"Colisão com objeto fixo";"Com Vítimas Feridas";"Plena noite";"Decrescente";"Ceu Claro";"Dupla";"Reta";"Urbano";1;0;0;1;0;0;1;1
83465704;"17/05/16";"Terça";"21:45:00";"MS";262;"377,2";"TERENOS";"Velocidade incompatível";"Tombamento";"Com Vítimas Feridas";"Plena noite";"Crescente";"Ceu Claro";"Simples";"Curva";"Rural";1;0;1;0;0;0;1;1
83465705;"17/05/16";"Terça";"20:15:00";"MG";381;"456";"BELO HORIZONTE";"Outras";"Colisão lateral";"Sem Vítimas";"Plena noite";"Decrescente";"Ceu Claro";"Simples";"Reta";"Urbano";2;0;0;0;2;0;0;2
83465706;"17/05/16";"Terça";"17:20:00";"RO";364;"236,9";"CACOAL";"Falta de atenção";"Colisão Transversal";"Com Vítimas Feridas";"Pleno dia";"Crescente";"Sol";"Simples";"Curva";"Urbano";2;0;2;0;0;0;2;2
83465707;"17/05/16";"Terça";"20:30:00";"PR";476;"152,8";"ARAUCARIA";"Falta de atenção";"Colisão lateral";"Com Vítimas Feridas";"Plena noite";"Crescente";"Ceu Claro";"Dupla";"Reta";"Urbano";5;0;2;0;3;0;2;2
83465708;"17/05/16";"Terça";"21:30:00";"MG";459;"91,5";"CONGONHAL";"Defeito mecânico em veículo";"Colisão Transversal";"Sem Vítimas";"Plena noite";"Decrescente";"Nublado";"Simples";"Curva";"Rural";2;0;0;0;2;0;0;2
83465709;"18/05/16";"Quarta";"03:00:00";"MS";163;"568,1";"BANDEIRANTES";"Outras";"Saída de Pista";"Ignorado";"Plena noite";"Decrescente";"Ceu Claro";"Simples";"Reta";"Rural";1;0;0;0;0;1;0;1
83465710;"17/05/16";"Terça";"23:10:00";"GO";40;"3";"VALPARAISO DE GOIAS";"Ingestão de álcool";"Colisão com objeto fixo";"Com Vítimas Feridas";"Plena noite";"Crescente";"Nublado";"Dupla";"Reta";"Urbano";2;0;1;1;0;0;2;1
83465711;"17/05/16";"Terça";"06:50:00";"BA";324;"582";"CANDEIAS";"Outras";"Capotamento";"Sem Vítimas";"Pleno dia";"Decrescente";"Ceu Claro";"Dupla";"Reta";"Rural";1;0;0;0;1;0;0;1
83465712;"18/05/16";"Quarta";"04:20:00";"PR";277;"129";"CAMPO LARGO";"Velocidade incompatível";"Colisão com objeto fixo";"Com Vítimas Feridas";"Plena noite";"Decrescente";"Nublado";"Dupla";"Curva";"Rural";1;0;1;0;0;0;1;1
83465713;"18/05/16";"Quarta";"00:10:00";"PR";153;"16,1";"JACAREZINHO";"Animais na Pista";"Atropelamento de animal";"Sem Vítimas";"Plena noite";"Crescente";"Nublado";"Simples";"Curva";"Rural";1;0;0;0;1;0;0;1
83465714;"17/05/16";"Terça";"23:10:00";"RS";101;"41";"TERRA DE AREIA";"Falta de atenção";"Saída de Pista";"Sem Vítimas";"Plena noite";"Decrescente";"Ceu Claro";"Dupla";"Reta";"Rural";1;0;0;0;1;0;0;1
83465716;"17/05/16";"Terça";"20:14:00";"MG";381;"456";"BELO HORIZONTE";"Falta de atenção";"Colisão Transversal";"Com Vítimas Feridas";"Anoitecer";"Decrescente";"Ceu Claro";"Dupla";"Reta";"Urbano";3;0;0;3;0;0;3;2
83465717;"17/05/16";"Terça";"18:45:00";"SC";101;"204";"SAO JOSE";"Não guardar distância de segurança";"Colisão lateral";"Com Vítimas Feridas";"Plena noite";"Crescente";"Nublado";"Dupla";"Reta";"Urbano";2;0;1;0;1;0;1;2
83465718;"17/05/16";"Terça";"13:00:00";"MG";381;"592,5";"CARMOPOLIS DE MINAS";"Outras";"Saída de Pista";"Sem Vítimas";"Pleno dia";"Crescente";"Sol";"Dupla";"Curva";"Rural";1;0;0;0;1;0;0;1
83465719;"17/05/16";"Terça";"23:25:00";"MG";40;"505";"RIBEIRAO DAS NEVES";"Dormindo";"Saída de Pista";"Com Vítimas Fatais";"Plena noite";"Crescente";"Ceu Claro";"Dupla";"Reta";"Urbano";1;1;0;0;0;0;0;1
83465720;"17/05/16";"Terça";"20:15:00";"MG";381;"803,9";"SAO GONCALO DO SAPUCAI";"Outras";"Colisão traseira";"Sem Vítimas";"Plena noite";"Crescente";"Nublado";"Dupla";"Curva";"Rural";2;0;0;0;2;0;0;2
83465721;"17/05/16";"Terça";"23:30:00";"MG";365;"159,9";"PIRAPORA";"Outras";"Saída de Pista";"Sem Vítimas";"Plena noite";"Crescente";"Ceu Claro";"Simples";"Reta";"Urbano";2;0;0;0;2;0;0;2
83465722;"17/05/16";"Terça";"17:25:00";"MG";40;"748,5";"SANTOS DUMONT";"Velocidade incompatível";"Saída de Pista";"Sem Vítimas";"Amanhecer";"Crescente";"Ceu Claro";"Simples";"Curva";"Urbano";1;0;0;0;1;0;0;1
83465723;"17/05/16";"Terça";"18:00:00";"MG";40;"474,1";"SETE LAGOAS";"Outras";"Saída de Pista";"Sem Vítimas";"Anoitecer";"Decrescente";"Ceu Claro";"Dupla";"Curva";"Rural";1;0;0;0;1;0;0;1
83465724;"15/05/16";"Domingo";"05:40:00";"SC";282;"2,5";"FLORIANOPOLIS";"Dormindo";"Saída de Pista";"Com Vítimas Feridas";"Plena noite";"Crescente";"Nublado";"Dupla";"Reta";"Urbano";2;0;1;0;1;0;1;1
83465725;"18/05/16";"Quarta";"04:10:00";"PR";376;"664";"GUARATUBA";"Outras";"Colisão frontal";"Com Vítimas Fatais";"Plena noite";"Crescente";"Nublado";"Dupla";"Curva";"Rural";3;1;0;2;0;0;2;2
83465726;"14/05/16";"Sábado";"09:15:00";"DF";251;"10";"BRASILIA";"Outras";"Tombamento";"Com Vítimas Feridas";"Pleno dia";"Decrescente";"Ceu Claro";"Simples";"Cruzamento";"Rural";1;0;1;0;0;0;1;1
83465727;"14/05/16";"Sábado";"22:00:00";"RJ";101;"73";"CAMPOS DOS GOYTACAZES";"Outras";"Colisão frontal";"Sem Vítimas";"Plena noite";"Crescente";"Ceu Claro";"Simples";"Reta";"Urbano";3;0;0;0;3;0;0;3
83465729;"17/05/16";"Terça";"23:50:00";"CE";222;"81,6";"SAO LUIS DO CURU";"Velocidade incompatível";"Tombamento";"Com Vítimas Feridas";"Plena noite";"Crescente";"Ceu Claro";"Simples";"Curva";"Urbano";1;0;1;0;0;0;1;1
83465730;"15/05/16";"Domingo";"01:00:00";"SC";101;"374,3";"ICARA";"Falta de atenção";"Capotamento";"Com Vítimas Feridas";"Plena noite";"Crescente";"Nevoeiro/neblina";"Dupla";"Curva";"Rural";1;0;1;0;0;0;1;1
83465731;"18/05/16";"Quarta";"06:50:00";"MG";262;"122,4";"RIO CASCA";"Defeito mecânico em veículo";"Tombamento";"Sem Vítimas";"Pleno dia";"Decrescente";"Ceu Claro";"Simples";"Curva";"Rural";1;0;0;0;1;0;0;1
83465732;"18/05/16";"Quarta";"05:30:00";"GO";60;"288";"ACREUNA";"Outras";"Capotamento";"Com Vítimas Feridas";"Plena noite";"Decrescente";"Ceu Claro";"Dupla";"Reta";"Rural";1;0;0;1;0;0;1;1
83465733;"12/05/16";"Quinta";"19:20:00";"SP";381;"86,5";"SAO PAULO";"Falta de atenção";"Atropelamento de pessoa";"Com Vítimas Fatais";"Plena noite";"Decrescente";"Ignorada";"Múltipla";"Reta";"Urbano";2;1;0;0;1;0;0;1
83465734;"18/05/16";"Quarta";"06:40:00";"RJ";101;"315";"SAO GONCALO";"Outras";"Colisão traseira";"Sem Vítimas";"Pleno dia";"Crescente";"Chuva";"Dupla";"Reta";"Urbano";2;0;0;0;2;0;0;2
83465735;"14/05/16";"Sábado";"23:30:00";"MG";267;"142";"JUIZ DE FORA";"Animais na Pista";"Atropelamento de animal";"Sem Vítimas";"Plena noite";"Crescente";"Ceu Claro";"Simples";"Curva";"Rural";1;0;0;0;1;0;0;1
83465736;"14/05/16";"Sábado";"11:45:00";"PR";467;"89";"CASCAVEL";"Falta de atenção";"Colisão lateral";"Com Vítimas Fatais";"Pleno dia";"Decrescente";"Ceu Claro";"Dupla";"Curva";"Rural";3;2;0;0;1;0;0;2
83465737;"18/05/16";"Quarta";"07:00:00";"DF";20;"3";"BRASILIA";"Não guardar distância de segurança";"Colisão traseira";"Com Vítimas Feridas";"Pleno dia";"Decrescente";"Ceu Claro";"Dupla";"Reta";"Urbano";2;0;1;0;1;0;1;2
83465738;"14/05/16";"Sábado";"15:45:00";"PR";277;"68";"SAO JOSE DOS PINHAIS";"Outras";"Atropelamento de pessoa";"Com Vítimas Feridas";"Pleno dia";"Crescente";"Ceu Claro";"Dupla";"Reta";"Urbano";2;0;0;1;1;0;1;1
83465739;"14/05/16";"Sábado";"21:40:00";"SP";116;"115,3";"TAUBATE";"Ingestão de álcool";"Capotamento";"Com Vítimas Feridas";"Plena noite";"Crescente";"Ceu Claro";"Dupla";"Reta";"Urbano";3;0;1;1;1;0;2;2
83465741;"15/05/16";"Domingo";"05:10:00";"MG";381;"496,7";"BETIM";"Velocidade incompatível";"Queda de motocicleta / bicicleta / veículo";"Com Vítimas Feridas";"Amanhecer";"Crescente";"Ceu Claro";"Dupla";"Curva";"Urbano";1;0;0;1;0;0;1;1
83465742;"15/05/16";"Domingo";"07:10:00";"RJ";101;"277";"TANGUA";"Outras";"Colisão com objeto fixo";"Sem Vítimas";"Pleno dia";"Crescente";"Ceu Claro";"Dupla";"Reta";"Rural";1;0;0;0;1;0;0;1