"id";"data_inversa";"dia_semana";"horario";"uf";"br";"km";"municipio";"causa_acidente";"tipo_acidente";"classificacao_acidente";"fase_dia";"sentido_via";"condicao_metereologica";"tipo_pista";"tracado_via";"uso_solo";"pessoas";"mortos";"feridos_leves";"feridos_graves";"ilesos";"ignorados";"feridos";"veiculos"
83465860;"18/05/16";"Quarta";"16:50:00";"MA";10;"206";"RIBAMAR FIQUENE";"Falta de atenção";"Colisão lateral";"Sem Vítimas";"Pleno dia";"Crescente";"Ceu Claro";"Simples";"Reta";"Rural";2;0;0;0;2;0;0;2
83465861;"18/05/16";"Quarta";"17:40:00";"RJ";101;"398";"ITAGUAI";"Outras";"Queda de motocicleta / bicicleta / veículo";"Com Vítimas Feridas";"Anoitecer";"Crescente";"Chuva";"Dupla";"Reta";"Urbano";1;0;1;0;0;0;1;1
83465862;"15/05/16";"Domingo";"04:00:00";"RJ";116;"106";"GUAPIMIRIM";"Outras";"Tombamento";"Com Vítimas Feridas";"Plena noite";"Crescente";"Ceu Claro";"Dupla";"Reta";"Urbano";1;0;1;0;0;0;1;1
83465863;"15/05/16";"Domingo";"19:00:00";"RJ";101;"318";"SAO GONCALO";"Outras";"Colisão frontal";"Com Vítimas Feridas";"Plena noite";"Decrescente";"Ceu Claro";"Simples";"Curva";"Urbano";2;0;1;0;1;0;1;2
83465864;"10/05/16";"Terça";"21:45:00";"RJ";40;"84";"PETROPOLIS";"Velocidade incompatível";"Queda de motocicleta / bicicleta / veículo";"Com Vítimas Feridas";"Plena noite";"Crescente";"Ceu Claro";"Simples";"Curva";"Rural";2;0;2;0;0;0;2;1
83465865;"18/05/16";"Quarta";"16:00:00";"MG";50;"128,2";"UBERABA";"Dormindo";"Capotamento";"Com Vítimas Feridas";"Pleno dia";"Decrescente";"Ceu Claro";"Dupla";"Reta";"Rural";1;0;1;0;0;0;1;1
83465866;"13/05/16";"Sexta";"16:40:00";"SP";116;"145";"SAO JOSE DOS CAMPOS";"Falta de atenção";"Colisão traseira";"Sem Vítimas";"Pleno dia";"Crescente";"Ceu Claro";"Simples";"Reta";"Urbano";3;0;0;0;3;0;0;3
83465867;"18/05/16";"Quarta";"14:50:00";"SP";116;"145,7";"SAO JOSE DOS CAMPOS";"Falta de atenção";"Colisão traseira";"Sem Vítimas";"Pleno dia";"Decrescente";"Chuva";"Dupla";"Reta";"Urbano";3;0;0;0;3;0;0;3
83465868;"18/05/16";"Quarta";"08:00:00";"MG";381;"237,2";"CORONEL FABRICIANO";"Falta de atenção";"Colisão Transversal";"Com Vítimas Feridas";"Pleno dia";"Crescente";"Sol";"Simples";"Cruzamento";"Urbano";2;0;1;0;1;0;1;2
83465869;"18/05/16";"Quarta";"07:00:00";"MS";163;"576";"BANDEIRANTES";"Dormindo";"Saída de Pista";"Sem Vítimas";"Pleno dia";"Decrescente";"Nublado";"Simples";"Reta";"Rural";1;0;0;0;1;0;0;1
83465870;"28/04/16";"Quinta";"14:35:00";"MG";381;"310";"ANTONIO DIAS";"Velocidade incompatível";"Queda de motocicleta / bicicleta / veículo";"Com Vítimas Feridas";"Pleno dia";"Decrescente";"Chuva";"Simples";"Reta";"Rural";1;0;1;0;0;0;1;1
83465871;"18/05/16";"Quarta";"13:30:00";"SC";470;"59,8";"BLUMENAU";"Falta de atenção";"Colisão traseira";"Sem Vítimas";"Pleno dia";"Decrescente";"Sol";"Simples";"Reta";"Urbano";7;0;0;0;7;0;0;7
83465872;"18/05/16";"Quarta";"09:55:00";"ES";101;"277,4";"SERRA";"Outras";"Atropelamento de pessoa";"Com Vítimas Fatais";"Pleno dia";"Decrescente";"Nublado";"Dupla";"Reta";"Urbano";2;1;0;0;1;0;0;1
83465873;"14/05/16";"Sábado";"20:05:00";"SP";116;"155";"SAO JOSE DOS CAMPOS";"Falta de atenção";"Colisão traseira";"Sem Vítimas";"Plena noite";"Crescente";"Nublado";"Dupla";"Reta";"Urbano";2;0;0;0;2;0;0;2
83465874;"11/05/16";"Quarta";"18:05:00";"MT";163;"120";"RONDONOPOLIS";"Outras";"Queda de motocicleta / bicicleta / veículo";"Com Vítimas Feridas";"Anoitecer";"Crescente";"Ceu Claro";"Dupla";"Curva";"Urbano";2;0;1;0;1;0;1;1
83465875;"18/05/16";"Quarta";"16:15:00";"MG";262;"360";"BETIM";"Defeito mecânico em veículo";"Saída de Pista";"Sem Vítimas";"Pleno dia";"Decrescente";"Sol";"Dupla";"Reta";"Rural";1;0;0;0;1;0;0;1
83465876;"18/05/16";"Quarta";"17:00:00";"GO";20;"158";"ALVORADA DO NORTE";"Outras";"Saída de Pista";"Sem Vítimas";"Pleno dia";"Crescente";"Ceu Claro";"Simples";"Reta";"Rural";1;0;0;0;1;0;0;1
83465877;"18/05/16";"Quarta";"14:00:00";"RS";471;"140,5";"SANTA CRUZ DO SUL";"Falta de atenção";"Colisão traseira";"Com Vítimas Feridas";"Pleno dia";"Crescente";"Ceu Claro";"Simples";"Cruzamento";"Urbano";2;0;1;0;1;0;1;2
83465878;"18/05/16";"Quarta";"18:00:00";"PR";376;"512,8";"PONTA GROSSA";"Falta de atenção";"Colisão traseira";"Sem Vítimas";"Plena noite";"Crescente";"Nublado";"Dupla";"Reta";"Rural";4;0;0;0;4;0;0;4
83465879;"18/05/16";"Quarta";"07:45:00";"SP";116;"513,3";"CAJATI";"Velocidade incompatível";"Colisão com objeto fixo";"Sem Vítimas";"Pleno dia";"Decrescente";"Chuva";"Simples";"Curva";"Rural";1;0;0;0;1;0;0;1
83465880;"18/05/16";"Quarta";"17:16:00";"PR";153;"30";"SANTO ANTONIO DA PLATINA";"Falta de atenção";"Colisão lateral";"Sem Vítimas";"Pleno dia";"Decrescente";"Chuva";"Simples";"Reta";"Rural";2;0;0;0;2;0;0;2
83465881;"18/05/16";"Quarta";"16:55:00";"RJ";101;"91,8";"CAMPOS DOS GOYTACAZES";"Dormindo";"Saída de Pista";"Com Vítimas Feridas";"Pleno dia";"Crescente";"Chuva";"Simples";"Curva";"Rural";1;0;1;0;0;0;1;1
83465883;"16/05/16";"Segunda";"06:00:00";"BA";407;"193";"PONTO NOVO";"Outras";"Saída de Pista";"Com Vítimas Fatais";"Amanhecer";"Decrescente";"Chuva";"Simples";"Reta";"Rural";1;1;0;0;0;0;0;1
83465884;"18/05/16";"Quarta";"17:00:00";"ES";101;"128,3";"SOORETAMA";"Velocidade incompatível";"Colisão Transversal";"Com Vítimas Feridas";"Anoitecer";"Decrescente";"Nublado";"Simples";"Reta";"Rural";5;0;2;2;1;0;4;2
83465885;"18/05/16";"Quarta";"16:25:00";"RJ";116;"329";"RESENDE";"Velocidade incompatível";"Colisão com objeto fixo";"Sem Vítimas";"Pleno dia";"Decrescente";"Chuva";"Dupla";"Curva";"Rural";1;0;0;0;1;0;0;1
83465886;"18/05/16";"Quarta";"16:30:00";"PI";343;"610";"FLORIANO";"Falta de atenção";"Capotamento";"Com Vítimas Feridas";"Pleno dia";"Decrescente";"Ceu Claro";"Simples";"Curva";"Rural";1;0;0;1;0;0;1;1
83465887;"14/05/16";"Sábado";"19:30:00";"RJ";101;"198";"CASIMIRO DE ABREU";"Falta de atenção";"Colisão com objeto fixo";"Com Vítimas Feridas";"Plena noite";"Decrescente";"Ceu Claro";"Dupla";"Reta";"Rural";1;0;1;0;0;0;1;1
83465888;"14/05/16";"Sábado";"19:10:00";"SC";280;"75";"JARAGUA DO SUL";"Falta de atenção";"Colisão frontal";"Com Vítimas Feridas";"Plena noite";"Decrescente";"Nublado";"Simples";"Reta";"Urbano";2;0;1;0;1;0;1;2
83465889;"18/05/16";"Quarta";"16:35:00";"MS";267;"122,4";"NOVA ANDRADINA";"Falta de atenção";"Colisão lateral";"Sem Vítimas";"Pleno dia";"Decrescente";"Nublado";"Simples";"Curva";"Rural";2;0;0;0;2;0;0;2
83465890;"18/05/16";"Quarta";"08:00:00";"SC";101;"216";"PALHOCA";"Falta de atenção";"Colisão traseira";"Com Vítimas Feridas";"Pleno dia";"Decrescente";"Nublado";"Dupla";"Reta";"Urbano";2;0;1;0;0;1;1;2
83465891;"18/05/16";"Quarta";"14:40:00";"PE";428;"189";"PETROLINA";"Desobediência à sinalização";"Colisão Transversal";"Com Vítimas Feridas";"Pleno dia";"Crescente";"Sol";"Simples";"Reta";"Urbano";2;0;1;0;1;0;1;2
83465893;"14/05/16";"Sábado";"18:40:00";"ES";101;"264";"SERRA";"Outras";"Queda de motocicleta / bicicleta / veículo";"Com Vítimas Feridas";"Plena noite";"Crescente";"Ceu Claro";"Dupla";"Reta";"Urbano";1;0;1;0;0;0;1;1
83465894;"16/05/16";"Segunda";"08:30:00";"SP";381;"55";"MAIRIPORA";"Velocidade incompatível";"Colisão com objeto fixo";"Sem Vítimas";"Pleno dia";"Decrescente";"Chuva";"Dupla";"Curva";"Rural";2;0;0;0;2;0;0;2
83465895;"18/05/16";"Quarta";"17:00:00";"SC";470;"145,6";"RIO DO SUL";"Desobediência à sinalização";"Colisão traseira";"Com Vítimas Feridas";"Pleno dia";"Crescente";"Sol";"Simples";"Reta";"Urbano";2;0;1;0;0;1;1;2
83465896;"18/05/16";"Quarta";"13:55:00";"GO";50;"105,6";"CRISTALINA";"Falta de atenção";"Saída de Pista";"Sem Vítimas";"Pleno dia";"Decrescente";"Chuva";"Dupla";"Reta";"Rural";1;0;0;0;1;0;0;1
83465898;"15/05/16";"Domingo";"18:57:00";"RJ";101;"309";"SAO GONCALO";"Velocidade incompatível";"Colisão traseira";"Com Vítimas Feridas";"Plena noite";"Crescente";"Ceu Claro";"Dupla";"Reta";"Urbano";5;0;1;0;4;0;1;4
83465899;"18/05/16";"Quarta";"18:30:00";"CE";222;"5,5";"CAUCAIA";"Outras";"Colisão lateral";"Com Vítimas Feridas";"Plena noite";"Crescente";"Ceu Claro";"Dupla";"Curva";"Urbano";2;0;1;0;1;0;1;2
83465902;"18/05/16";"Quarta";"17:40:00";"PR";376;"176,3";"MARINGA";"Desobediência à sinalização";"Atropelamento de pessoa";"Com Vítimas Feridas";"Anoitecer";"Crescente";"Nublado";"Dupla";"Cruzamento";"Urbano";2;0;1;0;1;0;1;1
83465903;"18/05/16";"Quarta";"15:00:00";"RN";101;"33,8";"RIO DO FOGO";"Defeito mecânico em veículo";"Incêndio";"Sem Vítimas";"Pleno dia";"Crescente";"Ceu Claro";"Simples";"Reta";"Rural";1;0;0;0;1;0;0;1
83465904;"18/05/16";"Quarta";"19:45:00";"SC";470;"56,5";"BLUMENAU";"Falta de atenção";"Colisão Transversal";"Sem Vítimas";"Plena noite";"Crescente";"Ceu Claro";"Simples";"Cruzamento";"Urbano";2;0;0;0;2;0;0;2
83465905;"18/05/16";"Quarta";"18:30:00";"PR";158;"521,5";"PATO BRANCO";"Velocidade incompatível";"Atropelamento de pessoa";"Com Vítimas Fatais";"Anoitecer";"Decrescente";"Ceu Claro";"Simples";"Reta";"Urbano";2;1;0;0;1;0;0;1
83465906;"18/05/16";"Quarta";"13:00:00";"RJ";101;"262";"RIO BONITO";"Dormindo";"Saída de Pista";"Sem Vítimas";"Pleno dia";"Decrescente";"Chuva";"Dupla";"Curva";"Urbano";2;0;0;0;2;0;0;2
83465907;"18/05/16";"Quarta";"18:10:00";"PB";104;"100";"ESPERANCA";"Animais na Pista";"Atropelamento de animal";"Sem Vítimas";"Plena noite";"Decrescente";"Ceu Claro";"Simples";"Reta";"Rural";1;0;0;0;1;0;0;1
83465908;"18/05/16";"Quarta";"19:40:00";"MG";381;"360";"JOAO MONLEVADE";"Falta de atenção";"Colisão Transversal";"Sem Vítimas";"Plena noite";"Crescente";"Ceu Claro";"Simples";"Reta";"Urbano";2;0;0;0;2;0;0;2
83465909;"17/05/16";"Terça";"15:30:00";"PR";277;"332,6";"GUARAPUAVA";"Outras";"Colisão Transversal";"Sem Vítimas";"Pleno dia";"Crescente";"Sol";"Simples";"Reta";"Rural";2;0;0;0;2;0;0;2
83465910;"18/05/16";"Quarta";"16:10:00";"RJ";101;"265";"RIO BONITO";"Velocidade incompatível";"Colisão traseira";"Com Vítimas Fatais";"Pleno dia";"Decrescente";"Chuva";"Dupla";"Curva";"Urbano";5;1;3;0;1;0;3;2
83465911;"18/05/16";"Quarta";"08:00:00";"PB";230;"17,9";"JOAO PESSOA";"Não guardar distância de segurança";"Colisão traseira";"Sem Vítimas";"Pleno dia";"Crescente";"Ceu Claro";"Dupla";"Reta";"Urbano";2;0;0;0;1;1;0;2
83465912;"18/05/16";"Quarta";"19:30:00";"RJ";465;"15";"SEROPEDICA";"Outras";"Atropelamento de pessoa";"Com Vítimas Feridas";"Plena noite";"Decrescente";"Chuva";"Simples";"Reta";"Urbano";2;0;1;0;1;0;1;1
83465913;"10/05/16";"Terça";"12:20:00";"ES";101;"254,3";"SERRA";"Não guardar distância de segurança";"Colisão traseira";"Com Vítimas Feridas";"Pleno dia";"Crescente";"Sol";"Simples";"Curva";"Urbano";3;0;1;0;2;0;1;3
83465914;"18/05/16";"Quarta";"16:30:00";"MT";174;"581,8";"COMODORO";"Falta de atenção";"Tombamento";"Sem Vítimas";"Pleno dia";"Crescente";"Ceu Claro";"Simples";"Reta";"Rural";1;0;0;0;1;0;0;1
83465915;"18/05/16";"Quarta";"13:45:00";"RN";110;"49,5";"MOSSORO";"Falta de atenção";"Colisão traseira";"Com Vítimas Feridas";"Pleno dia";"Decrescente";"Ceu Claro";"Dupla";"Reta";"Urbano";2;0;1;0;1;0;1;2
83465916;"18/05/16";"Quarta";"18:30:00";"MT";174;"2";"CACERES";"Defeito mecânico em veículo";"Colisão lateral";"Sem Vítimas";"Plena noite";"Crescente";"Ceu Claro";"Simples";"Reta";"Rural";2;0;0;0;2;0;0;2
83465917;"18/05/16";"Quarta";"07:00:00";"SC";282;"16";"PALHOCA";"Desobediência à sinalização";"Colisão Transversal";"Com Vítimas Feridas";"Pleno dia";"Decrescente";"Ceu Claro";"Simples";"Reta";"Urbano";2;0;1;0;1;0;1;2
83465918;"18/05/16";"Quarta";"15:50:00";"GO";153;"504,7";"APARECIDA DE GOIANIA";"Outras";"Colisão traseira";"Com Vítimas Feridas";"Pleno dia";"Decrescente";"Ceu Claro";"Dupla";"Reta";"Urbano";2;0;1;0;1;0;1;2
83465919;"18/05/16";"Quarta";"20:00:00";"GO";153;"693";"ITUMBIARA";"Falta de atenção";"Colisão com objeto fixo";"Sem Vítimas";"Plena noite";"Crescente";"Ceu Claro";"Dupla";"Reta";"Rural";1;0;0;0;1;0;0;1
83465920;"18/05/16";"Quarta";"11:30:00";"TO";153;"116";"WANDERLANDIA";"Velocidade incompatível";"Saída de Pista";"Com Vítimas Feridas";"Pleno dia";"Crescente";"Chuva";"Simples";"Reta";"Rural";1;0;1;0;0;0;1;1
83465921;"18/05/16";"Quarta";"19:50:00";"RJ";101;"273";"TANGUA";"Outras";"Colisão com objeto fixo";"Sem Vítimas";"Plena noite";"Decrescente";"Chuva";"Dupla";"Reta";"Urbano";1;0;0;0;1;0;0;1
83465922;"18/05/16";"Quarta";"10:50:00";"CE";20;"410,3";"CAUCAIA";"Velocidade incompatível";"Colisão frontal";"Sem Vítimas";"Pleno dia";"Decrescente";"Nublado";"Dupla";"Curva";"Urbano";2;0;0;0;2;0;0;2
83465923;"14/05/16";"Sábado";"17:50:00";"MG";365;"751";"ITUIUTABA";"Ingestão de álcool";"Colisão traseira";"Sem Vítimas";"Pleno dia";"Decrescente";"Ceu Claro";"Simples";"Reta";"Rural";2;0;0;0;2;0;0;2
83465924;"18/05/16";"Quarta";"15:50:00";"MG";381;"939";"EXTREMA";"Falta de atenção";"Colisão traseira";"Sem Vítimas";"Pleno dia";"Crescente";"Chuva";"Dupla";"Curva";"Rural";3;0;0;0;3;0;0;3
83465925;"18/05/16";"Quarta";"16:30:00";"PE";316;"285";"BELEM DE SAO FRANCISCO";"Outras";"Saída de Pista";"Com Vítimas Feridas";"Pleno dia";"Decrescente";"Ceu Claro";"Simples";"Reta";"Rural";2;0;2;0;0;0;2;1
83465926;"18/05/16";"Quarta";"18:35:00";"PR";277;"690,5";"SAO MIGUEL DO IGUACU";"Outras";"Queda de motocicleta / bicicleta / veículo";"Com Vítimas Feridas";"Anoitecer";"Decrescente";"Ceu Claro";"Dupla";"Curva";"Urbano";2;0;1;0;1;0;1;2
83465927;"18/05/16";"Quarta";"20:35:00";"PR";272;"551";"TERRA ROXA";"Animais na Pista";"Saída de Pista";"Com Vítimas Feridas";"Plena noite";"Decrescente";"Ceu Claro";"Simples";"Reta";"Rural";2;0;2;0;0;0;2;1
83465928;"18/05/16";"Quarta";"16:50:00";"RS";116;"369,8";"TAPES";"Falta de atenção";"Colisão frontal";"Com Vítimas Feridas";"Pleno dia";"Decrescente";"Ceu Claro";"Simples";"Reta";"Rural";5;0;2;1;2;0;3;3
83465929;"18/05/16";"Quarta";"18:00:00";"MG";116;"470";"TARUMIRIM";"Ultrapassagem indevida";"Colisão frontal";"Com Vítimas Feridas";"Plena noite";"Decrescente";"Ceu Claro";"Simples";"Reta";"Rural";3;0;1;2;0;0;3;2
83465930;"15/05/16";"Domingo";"00:40:00";"PE";101;"87,5";"JABOATAO DOS GUARARAPES";"Outras";"Colisão lateral";"Com Vítimas Feridas";"Plena noite";"Crescente";"Ignorada";"Simples";"Reta";"Urbano";2;0;0;2;0;0;2;2
83465931;"18/05/16";"Quarta";"19:00:00";"SC";116;"223,9";"CORREIA PINTO";"Outras";"Colisão traseira";"Sem Vítimas";"Plena noite";"Crescente";"Nublado";"Simples";"Reta";"Rural";2;0;0;0;2;0;0;2
83465932;"18/05/16";"Quarta";"13:30:00";"RJ";40;"109";"DUQUE DE CAXIAS";"Outras";"Capotamento";"Sem Vítimas";"Pleno dia";"Decrescente";"Chuva";"Múltipla";"Reta";"Urbano";2;0;0;0;2;0;0;1
83465933;"14/05/16";"Sábado";"22:00:00";"RJ";40;"104";"DUQUE DE CAXIAS";"Outras";"Colisão com objeto fixo";"Com Vítimas Feridas";"Plena noite";"Crescente";"Ceu Claro";"Dupla";"Reta";"Urbano";1;0;1;0;0;0;1;1
83465934;"18/05/16";"Quarta";"19:00:00";"SP";116;"477";"JACUPIRANGA";"Falta de atenção";"Colisão com objeto móvel";"Com Vítimas Feridas";"Anoitecer";"Crescente";"Ceu Claro";"Simples";"Reta";"Urbano";2;0;1;0;1;0;1;2
83465935;"18/05/16";"Quarta";"18:10:00";"MS";262;"146";"RIBAS DO RIO PARDO";"Outras";"Colisão lateral";"Com Vítimas Feridas";"Plena noite";"Decrescente";"Nublado";"Simples";"Reta";"Rural";3;0;1;0;2;0;1;2
83465936;"18/05/16";"Quarta";"20:00:00";"PE";101;"48";"IGARASSU";"Desobediência à sinalização";"Colisão Transversal";"Sem Vítimas";"Plena noite";"Crescente";"Nublado";"Dupla";"Reta";"Urbano";2;0;0;0;1;1;0;2
83465937;"12/05/16";"Quinta";"16:00:00";"MT";364;"347";"SANTO ANTONIO DO LEVERGER";"Outras";"Tombamento";"Sem Vítimas";"Pleno dia";"Crescente";"Chuva";"Simples";"Curva";"Rural";1;0;0;0;1;0;0;1
83465938;"18/05/16";"Quarta";"18:20:00";"RJ";40;"113";"DUQUE DE CAXIAS";"Outras";"Capotamento";"Sem Vítimas";"Plena noite";"Crescente";"Chuva";"Dupla";"Reta";"Urbano";1;0;0;0;1;0;0;1
83465939;"18/05/16";"Quarta";"21:00:00";"GO";452;"194,3";"ITUMBIARA";"Outras";"Saída de Pista";"Com Vítimas Feridas";"Plena noite";"Decrescente";"Ceu Claro";"Simples";"Reta";"Urbano";1;0;0;1;0;0;1;1
83465940;"18/05/16";"Quarta";"20:10:00";"MT";163;"118,3";"RONDONOPOLIS";"Desobediência à sinalização";"Colisão Transversal";"Com Vítimas Feridas";"Plena noite";"Crescente";"Nublado";"Simples";"Reta";"Urbano";2;0;1;0;0;1;1;2
83465941;"18/05/16";"Quarta";"14:30:00";"BA";242;"533";"OLIVEIRA DOS BREJINHOS";"Defeito mecânico em veículo";"Tombamento";"Sem Vítimas";"Pleno dia";"Crescente";"Sol";"Simples";"Reta";"Rural";1;0;0;0;1;0;0;1
83465942;"18/05/16";"Quarta";"19:20:00";"SC";282;"244,2";"SAO JOSE DO CERRITO";"Falta de atenção";"Colisão frontal";"Sem Vítimas";"Plena noite";"Decrescente";"Ceu Claro";"Simples";"Curva";"Rural";2;0;0;0;2;0;0;2
83465943;"18/05/16";"Quarta";"18:45:00";"PR";376;"593";"CURITIBA";"Não guardar distância de segurança";"Colisão traseira";"Sem Vítimas";"Pleno dia";"Crescente";"Nublado";"Dupla";"Reta";"Urbano";2;0;0;0;1;1;0;2
83465945;"18/05/16";"Quarta";"21:00:00";"GO";60;"38,6";"ABADIANIA";"Defeito mecânico em veículo";"Saída de Pista";"Sem Vítimas";"Plena noite";"Crescente";"Ceu Claro";"Dupla";"Reta";"Rural";1;0;0;0;1;0;0;1
83465946;"18/05/16";"Quarta";"18:30:00";"GO";40;"8";"VALPARAISO DE GOIAS";"Outras";"Atropelamento de pessoa";"Sem Vítimas";"Plena noite";"Decrescente";"Nublado";"Dupla";"Reta";"Urbano";3;0;0;0;1;2;0;1
83465947;"06/05/16";"Sexta";"05:50:00";"CE";116;"28,2";"AQUIRAZ";"Defeito mecânico em veículo";"Queda de motocicleta / bicicleta / veículo";"Com Vítimas Feridas";"Pleno dia";"Decrescente";"Ceu Claro";"Dupla";"Reta";"Rural";2;0;2;0;0;0;2;1
83465948;"18/05/16";"Quarta";"20:30:00";"PI";404;"51";"PEDRO II";"Falta de atenção";"Colisão lateral";"Com Vítimas Feridas";"Plena noite";"Crescente";"Ceu Claro";"Dupla";"Reta";"Urbano";3;0;2;0;1;0;2;2
83465949;"18/05/16";"Quarta";"16:00:00";"SE";101;"14,3";"CEDRO DE SAO JOAO";"Não guardar distância de segurança";"Colisão traseira";"Sem Vítimas";"Pleno dia";"Crescente";"Sol";"Simples";"Reta";"Rural";2;0;0;0;2;0;0;2
83465950;"18/05/16";"Quarta";"15:45:00";"SP";381;"76";"SAO PAULO";"Outras";"Capotamento";"Sem Vítimas";"Pleno dia";"Crescente";"Chuva";"Dupla";"Curva";"Rural";1;0;0;0;1;0;0;1
83465951;"18/05/16";"Quarta";"11:45:00";"AL";101;"117";"PILAR";"Outras";"Tombamento";"Com Vítimas Feridas";"Pleno dia";"Decrescente";"Ceu Claro";"Simples";"Curva";"Rural";1;0;1;0;0;0;1;1
83465952;"18/05/16";"Quarta";"14:30:00";"MG";40;"573";"ITABIRITO";"Outras";"Colisão com objeto fixo";"Com Vítimas Feridas";"Pleno dia";"Crescente";"Ceu Claro";"Simples";"Reta";"Urbano";1;0;1;0;0;0;1;1
83465953;"18/05/16";"Quarta";"18:40:00";"PI";316;"147,8";"ELESBAO VELOSO";"Outras";"Atropelamento de pessoa";"Com Vítimas Fatais";"Plena noite";"Crescente";"Nublado";"Simples";"Reta";"Rural";2;1;0;0;1;0;0;1
83465954;"18/05/16";"Quarta";"14:10:00";"SC";282;"1";"FLORIANOPOLIS";"Não guardar distância de segurança";"Colisão lateral";"Com Vítimas Feridas";"Pleno dia";"Crescente";"Ceu Claro";"Dupla";"Reta";"Urbano";3;0;1;0;2;0;1;2
83465955;"18/05/16";"Quarta";"17:35:00";"SP";101;"51,1";"UBATUBA";"Ingestão de álcool";"Colisão frontal";"Com Vítimas Fatais";"Anoitecer";"Crescente";"Chuva";"Simples";"Reta";"Urbano";3;1;2;0;0;0;2;2
83465956;"18/05/16";"Quarta";"15:00:00";"PR";277;"595,8";"CASCAVEL";"Falta de atenção";"Atropelamento de pessoa";"Com Vítimas Feridas";"Pleno dia";"Decrescente";"Ceu Claro";"Simples";"Reta";"Urbano";3;0;0;2;1;0;2;1
83465957;"18/05/16";"Quarta";"22:50:00";"SC";282;"305,5";"VARGEM";"Velocidade incompatível";"Saída de Pista";"Com Vítimas Fatais";"Plena noite";"Crescente";"Ceu Claro";"Simples";"Curva";"Rural";2;1;0;1;0;0;1;1
83465958;"19/05/16";"Quinta";"01:30:00";"AL";101;"94";"RIO LARGO";"Velocidade incompatível";"Capotamento";"Ignorado";"Plena noite";"Decrescente";"Ceu Claro";"Simples";"Curva";"Rural";1;0;0;0;0;1;0;1
83465959;"18/05/16";"Quarta";"23:45:00";"MS";163;"10";"MUNDO NOVO";"Outras";"Queda de motocicleta / bicicleta / veículo";"Com Vítimas Feridas";"Plena noite";"Decrescente";"Ceu Claro";"Simples";"Reta";"Rural";1;0;1;0;0;0;1;1
83465960;"18/05/16";"Quarta";"18:45:00";"ES";101;"292";"CARIACICA";"Falta de atenção";"Colisão traseira";"Com Vítimas Feridas";"Anoitecer";"Decrescente";"Nublado";"Dupla";"Reta";"Urbano";3;0;0;1;2;0;1;3
83465961;"17/05/16";"Terça";"07:55:00";"DF";60;"0,2";"BRASILIA";"Outras";"Colisão traseira";"Com Vítimas Feridas";"Pleno dia";"Decrescente";"Ceu Claro";"Múltipla";"Reta";"Urbano";2;0;1;0;1;0;1;2
83465962;"19/05/16";"Quinta";"02:30:00";"MG";146;"511,2";"POCOS DE CALDAS";"Velocidade incompatível";"Saída de Pista";"Com Vítimas Feridas";"Plena noite";"Decrescente";"Chuva";"Simples";"Curva";"Rural";1;0;1;0;0;0;1;1
83465963;"18/05/16";"Quarta";"15:00:00";"PR";277;"348";"GUARAPUAVA";"Ingestão de álcool";"Atropelamento de pessoa";"Com Vítimas Feridas";"Pleno dia";"Decrescente";"Sol";"Simples";"Reta";"Urbano";2;0;1;0;1;0;1;1
83465964;"18/05/16";"Quarta";"14:30:00";"MG";365;"43,9";"CLARO DOS POCOES";"Velocidade incompatível";"Tombamento";"Com Vítimas Feridas";"Pleno dia";"Decrescente";"Nublado";"Simples";"Reta";"Rural";1;0;1;0;0;0;1;1
83465965;"15/05/16";"Domingo";"20:00:00";"BA";415;"50";"ITABUNA";"Velocidade incompatível";"Colisão lateral";"Com Vítimas Feridas";"Plena noite";"Decrescente";"Chuva";"Simples";"Reta";"Urbano";5;0;2;2;1;0;4;3
83465966;"14/05/16";"Sábado";"18:00:00";"PB";104;"187";"ALCANTIL";"Defeito mecânico em veículo";"Incêndio";"Sem Vítimas";"Plena noite";"Decrescente";"Ceu Claro";"Simples";"Reta";"Rural";1;0;0;0;1;0;0;1
83465967;"18/05/16";"Quarta";"13:00:00";"MG";365;"626";"UBERLANDIA";"Falta de atenção";"Colisão traseira";"Sem Vítimas";"Pleno dia";"Decrescente";"Sol";"Dupla";"Reta";"Urbano";2;0;0;0;2;0;0;2
83465968;"19/05/16";"Quinta";"03:45:00";"RJ";101;"311";"SAO GONCALO";"Outras";"Tombamento";"Sem Vítimas";"Amanhecer";"Crescente";"Chuva";"Dupla";"Reta";"Urbano";1;0;0;0;1;0;0;1
83465969;"18/05/16";"Quarta";"21:45:00";"MG";40;"785,2";"JUIZ DE FORA";"Animais na Pista";"Atropelamento de animal";"Sem Vítimas";"Plena noite";"Crescente";"Nublado";"Dupla";"Reta";"Rural";2;0;0;0;2;0;0;1
83465970;"14/05/16";"Sábado";"13:30:00";"BA";415;"48";"ITABUNA";"Falta de atenção";"Colisão Transversal";"Com Vítimas Feridas";"Pleno dia";"Crescente";"Ceu Claro";"Simples";"Curva";"Urbano";2;0;0;1;1;0;1;2
83465971;"18/05/16";"Quarta";"17:40:00";"BA";324;"512";"FEIRA DE SANTANA";"Outras";"Atropelamento de pessoa";"Com Vítimas Feridas";"Anoitecer";"Crescente";"Sol";"Simples";"Reta";"Urbano";2;0;0;1;0;1;1;1
83465972;"18/05/16";"Quarta";"17:50:00";"SC";101;"206,1";"SAO JOSE";"Não guardar distância de segurança";"Colisão traseira";"Com Vítimas Feridas";"Anoitecer";"Decrescente";"Nublado";"Dupla";"Reta";"Urbano";2;0;1;0;0;1;1;2