"id";"data_inversa";"dia_semana";"horario";"uf";"br";"km";"municipio";"causa_acidente";"tipo_acidente";"classificacao_acidente";"fase_dia";"sentido_via";"condicao_metereologica";"tipo_pista";"tracado_via";"uso_solo";"pessoas";"mortos";"feridos_leves";"feridos_graves";"ilesos";"ignorados";"feridos";"veiculos"
83465973;"18/05/16";"Quarta";"16:50:00";"AL";316;"262";"SATUBA";"Falta de atenção";"Colisão Transversal";"Sem Vítimas";"Pleno dia";"Decrescente";"Nublado";"Simples";"Reta";"Rural";2;0;0;0;1;1;0;2
83465974;"14/05/16";"Sábado";"06:00:00";"PR";277;"241,1";"IRATI";"Dormindo";"Saída de Pista";"Sem Vítimas";"Amanhecer";"Crescente";"Ceu Claro";"Simples";"Curva";"Rural";2;0;0;0;2;0;0;1
83465975;"19/05/16";"Quinta";"04:45:00";"SC";101;"81,4";"BARRA VELHA";"Dormindo";"Colisão traseira";"Com Vítimas Feridas";"Plena noite";"Decrescente";"Nublado";"Dupla";"Reta";"Rural";2;0;0;1;1;0;1;2
83465977;"18/05/16";"Quarta";"20:05:00";"BA";101;"807";"ITAMARAJU";"Ingestão de álcool";"Colisão frontal";"Com Vítimas Feridas";"Plena noite";"Decrescente";"Ceu Claro";"Simples";"Reta";"Urbano";2;0;1;0;1;0;1;2
83465978;"19/05/16";"Quinta";"04:30:00";"PE";101;"64,7";"RECIFE";"Outras";"Atropelamento de animal";"Com Vítimas Feridas";"Amanhecer";"Decrescente";"Nublado";"Dupla";"Reta";"Urbano";4;0;1;0;3;0;1;2
83465979;"19/05/16";"Quinta";"03:15:00";"SP";153;"70";"SAO JOSE DO RIO PRETO";"Falta de atenção";"Capotamento";"Com Vítimas Feridas";"Plena noite";"Crescente";"Ceu Claro";"Simples";"Curva";"Urbano";1;0;1;0;0;0;1;1
83465980;"18/05/16";"Quarta";"17:23:00";"SP";116;"134";"SAO JOSE DOS CAMPOS";"Não guardar distância de segurança";"Colisão traseira";"Sem Vítimas";"Anoitecer";"Crescente";"Chuva";"Dupla";"Reta";"Urbano";3;0;0;0;3;0;0;3
83465981;"18/05/16";"Quarta";"17:40:00";"BA";324;"463,6";"CANDEAL";"Outras";"Colisão Transversal";"Com Vítimas Fatais";"Anoitecer";"Decrescente";"Ceu Claro";"Simples";"Reta";"Rural";2;1;0;0;0;1;0;2
83465982;"18/05/16";"Quarta";"10:45:00";"RS";158;"315,7";"ITAARA";"Falta de atenção";"Colisão lateral";"Com Vítimas Feridas";"Pleno dia";"Crescente";"Ceu Claro";"Simples";"Curva";"Rural";3;0;1;0;2;0;1;3
83465983;"19/05/16";"Quinta";"01:50:00";"MG";262;"157,1";"SAO DOMINGOS DO PRATA";"Defeito mecânico em veículo";"Incêndio";"Com Vítimas Feridas";"Plena noite";"Decrescente";"Nublado";"Simples";"Reta";"Urbano";1;0;1;0;0;0;1;1
83465984;"18/05/16";"Quarta";"04:45:00";"PR";277;"107,4";"CAMPO LARGO";"Falta de atenção";"Colisão com bicicleta";"Com Vítimas Feridas";"Plena noite";"Decrescente";"Ceu Claro";"Dupla";"Reta";"Rural";2;0;0;1;1;0;1;2
83465985;"19/05/16";"Quinta";"00:05:00";"SP";116;"146";"SAO JOSE DOS CAMPOS";"Não guardar distância de segurança";"Colisão traseira";"Com Vítimas Feridas";"Plena noite";"Crescente";"Chuva";"Dupla";"Reta";"Urbano";3;0;1;0;1;1;1;3
83465986;"10/05/16";"Terça";"22:45:00";"BA";407;"7";"JUAZEIRO";"Outras";"Colisão Transversal";"Com Vítimas Feridas";"Plena noite";"Crescente";"Ceu Claro";"Simples";"Cruzamento";"Urbano";2;0;1;0;1;0;1;2
83465987;"15/05/16";"Domingo";"03:50:00";"PA";316;"96";"SANTA MARIA DO PARA";"Defeito mecânico em veículo";"Tombamento";"Com Vítimas Feridas";"Plena noite";"Crescente";"Ceu Claro";"Simples";"Reta";"Urbano";2;0;1;0;1;0;1;1
83465988;"19/05/16";"Quinta";"06:30:00";"PE";232;"295";"SERTANIA";"Dormindo";"Saída de Pista";"Com Vítimas Feridas";"Pleno dia";"Decrescente";"Ceu Claro";"Simples";"Reta";"Rural";2;0;0;1;1;0;1;1
83465989;"16/05/16";"Segunda";"01:20:00";"PE";104;"117";"PANELAS";"Ultrapassagem indevida";"Colisão frontal";"Com Vítimas Fatais";"Plena noite";"Crescente";"Ceu Claro";"Simples";"Reta";"Rural";2;1;0;0;0;1;0;2
83465990;"18/05/16";"Quarta";"08:00:00";"BA";415;"31";"ILHEUS";"Outras";"Colisão Transversal";"Com Vítimas Feridas";"Pleno dia";"Decrescente";"Ceu Claro";"Simples";"Reta";"Rural";2;0;1;0;1;0;1;2
83465991;"19/05/16";"Quinta";"06:20:00";"BA";324;"532";"FEIRA DE SANTANA";"Outras";"Capotamento";"Com Vítimas Feridas";"Amanhecer";"Crescente";"Nublado";"Dupla";"Reta";"Rural";1;0;1;0;0;0;1;1
83465992;"19/05/16";"Quinta";"04:00:00";"SP";116;"348,3";"MIRACATU";"Outras";"Saída de Pista";"Sem Vítimas";"Plena noite";"Crescente";"Chuva";"Dupla";"Curva";"Rural";2;0;0;0;2;0;0;1
83465993;"18/05/16";"Quarta";"21:10:00";"RJ";116;"268,7";"BARRA MANSA";"Outras";"Colisão com objeto fixo";"Sem Vítimas";"Plena noite";"Crescente";"Chuva";"Múltipla";"Reta";"Rural";1;0;0;0;1;0;0;1
83465994;"15/05/16";"Domingo";"05:00:00";"RJ";116;"304";"RESENDE";"Outras";"Saída de Pista";"Sem Vítimas";"Plena noite";"Decrescente";"Nublado";"Dupla";"Curva";"Urbano";1;0;0;0;1;0;0;1
83465996;"16/05/16";"Segunda";"07:25:00";"MT";70;"523";"VARZEA GRANDE";"Falta de atenção";"Colisão Transversal";"Com Vítimas Feridas";"Pleno dia";"Decrescente";"Ceu Claro";"Simples";"Cruzamento";"Urbano";2;0;1;0;1;0;1;2
83465997;"15/05/16";"Domingo";"16:50:00";"SC";470;"97";"APIUNA";"Outras";"Colisão com objeto fixo";"Com Vítimas Feridas";"Pleno dia";"Decrescente";"Ceu Claro";"Simples";"Reta";"Urbano";1;0;0;1;0;0;1;1
83465998;"19/05/16";"Quinta";"06:00:00";"RS";386;"249,8";"SOLEDADE";"Velocidade incompatível";"Tombamento";"Ignorado";"Plena noite";"Crescente";"Ceu Claro";"Simples";"Cruzamento";"Rural";1;0;0;0;0;1;0;1
83465999;"13/05/16";"Sexta";"07:50:00";"MG";40;"348,1";"FELIXLANDIA";"Dormindo";"Saída de Pista";"Com Vítimas Feridas";"Pleno dia";"Crescente";"Ceu Claro";"Simples";"Reta";"Rural";1;0;1;0;0;0;1;1
83466000;"16/05/16";"Segunda";"01:30:00";"PR";277;"704";"SAO MIGUEL DO IGUACU";"Ingestão de álcool";"Colisão traseira";"Sem Vítimas";"Plena noite";"Decrescente";"Nublado";"Dupla";"Reta";"Rural";5;0;0;0;5;0;0;5
83466001;"15/05/16";"Domingo";"04:30:00";"MG";251;"430,2";"GRAO MOGOL";"Dormindo";"Colisão frontal";"Com Vítimas Feridas";"Amanhecer";"Decrescente";"Ceu Claro";"Simples";"Reta";"Rural";7;0;5;0;2;0;5;2
83466002;"15/05/16";"Domingo";"18:40:00";"MG";381;"452";"SABARA";"Falta de atenção";"Colisão lateral";"Com Vítimas Feridas";"Plena noite";"Crescente";"Ceu Claro";"Simples";"Reta";"Urbano";3;0;1;0;2;0;1;2
83466003;"07/05/16";"Sábado";"19:00:00";"RS";116;"467,8";"SAO LOURENCO DO SUL";"Não guardar distância de segurança";"Colisão traseira";"Com Vítimas Feridas";"Plena noite";"Crescente";"Nublado";"Simples";"Reta";"Rural";3;0;1;0;1;1;1;3
83466004;"19/05/16";"Quinta";"06:45:00";"RJ";101;"120";"CAMPOS DOS GOYTACAZES";"Falta de atenção";"Colisão lateral";"Sem Vítimas";"Plena noite";"Crescente";"Nublado";"Simples";"Reta";"Rural";3;0;0;0;3;0;0;3
83466005;"16/05/16";"Segunda";"01:35:00";"RN";101;"136";"GOIANINHA";"Velocidade incompatível";"Colisão traseira";"Com Vítimas Feridas";"Plena noite";"Crescente";"Ceu Claro";"Dupla";"Reta";"Rural";4;0;1;0;3;0;1;4
83466006;"09/05/16";"Segunda";"18:10:00";"MG";381;"921";"CAMANDUCAIA";"Dormindo";"Saída de Pista";"Com Vítimas Feridas";"Anoitecer";"Decrescente";"Ceu Claro";"Dupla";"Curva";"Rural";2;0;1;0;1;0;1;1
83466007;"19/05/16";"Quinta";"07:50:00";"MG";146;"519,6";"POCOS DE CALDAS";"Velocidade incompatível";"Colisão Transversal";"Com Vítimas Feridas";"Pleno dia";"Decrescente";"Nublado";"Simples";"Reta";"Urbano";2;0;1;0;1;0;1;2
83466008;"19/05/16";"Quinta";"06:10:00";"MG";381;"724";"CARMO DA CACHOEIRA";"Defeito mecânico em veículo";"Tombamento";"Com Vítimas Feridas";"Amanhecer";"Decrescente";"Nevoeiro/neblina";"Dupla";"Curva";"Urbano";3;0;1;0;2;0;1;3
83466009;"15/05/16";"Domingo";"14:30:00";"BA";116;"290";"TUCANO";"Outras";"Colisão Transversal";"Com Vítimas Feridas";"Pleno dia";"Decrescente";"Ceu Claro";"Simples";"Curva";"Rural";2;0;1;0;1;0;1;2
83466010;"16/05/16";"Segunda";"05:30:00";"BA";116;"851,3";"VITORIA DA CONQUISTA";"Outras";"Tombamento";"Com Vítimas Feridas";"Amanhecer";"Decrescente";"Ceu Claro";"Simples";"Reta";"Rural";2;0;1;0;1;0;1;2
83466011;"19/05/16";"Quinta";"07:50:00";"MG";262;"675,2";"ARAXA";"Outras";"Saída de Pista";"Sem Vítimas";"Pleno dia";"Crescente";"Sol";"Dupla";"Reta";"Rural";1;0;0;0;1;0;0;1
83466012;"19/05/16";"Quinta";"08:40:00";"RS";386;"419";"MONTENEGRO";"Outras";"Saída de Pista";"Sem Vítimas";"Pleno dia";"Crescente";"Ceu Claro";"Dupla";"Reta";"Rural";2;0;0;0;2;0;0;2
83466013;"16/05/16";"Segunda";"07:30:00";"PR";369;"516,3";"CASCAVEL";"Ultrapassagem indevida";"Colisão frontal";"Com Vítimas Fatais";"Pleno dia";"Crescente";"Nevoeiro/neblina";"Simples";"Reta";"Rural";7;1;1;1;4;0;2;4
83466014;"07/05/16";"Sábado";"10:00:00";"PA";316;"47";"SANTA ISABEL DO PARA";"Desobediência à sinalização";"Colisão Transversal";"Com Vítimas Feridas";"Pleno dia";"Crescente";"Sol";"Dupla";"Reta";"Urbano";2;0;2;0;0;0;2;2
83466015;"19/05/16";"Quinta";"08:15:00";"SC";116;"193,3";"PONTE ALTA";"Velocidade incompatível";"Colisão com objeto fixo";"Sem Vítimas";"Pleno dia";"Crescente";"Ceu Claro";"Simples";"Curva";"Rural";1;0;0;0;1;0;0;1
83466016;"10/05/16";"Terça";"22:00:00";"PI";343;"306";"ALTOS";"Animais na Pista";"Atropelamento de animal";"Com Vítimas Feridas";"Plena noite";"Crescente";"Ceu Claro";"Simples";"Reta";"Urbano";1;0;1;0;0;0;1;1
83466017;"07/05/16";"Sábado";"21:00:00";"RJ";40;"47";"PETROPOLIS";"Velocidade incompatível";"Saída de Pista";"Com Vítimas Feridas";"Plena noite";"Crescente";"Chuva";"Dupla";"Curva";"Rural";1;0;1;0;0;0;1;1
83466018;"13/05/16";"Sexta";"14:50:00";"SP";116;"220,5";"GUARULHOS";"Outras";"Colisão lateral";"Com Vítimas Feridas";"Pleno dia";"Crescente";"Nublado";"Múltipla";"Reta";"Urbano";2;0;1;0;1;0;1;2
83466019;"07/05/16";"Sábado";"16:00:00";"PE";232;"50";"VITORIA DE SANTO ANTAO";"Velocidade incompatível";"Saída de Pista";"Com Vítimas Fatais";"Pleno dia";"Crescente";"Ceu Claro";"Dupla";"Reta";"Urbano";1;1;0;0;0;0;0;1
83466020;"19/05/16";"Quinta";"07:50:00";"RS";116;"257";"ESTEIO";"Desobediência à sinalização";"Colisão Transversal";"Com Vítimas Feridas";"Pleno dia";"Crescente";"Sol";"Múltipla";"Cruzamento";"Urbano";2;0;0;1;1;0;1;2
83466021;"18/05/16";"Quarta";"20:15:00";"DF";70;"6";"BRASILIA";"Desobediência à sinalização";"Colisão traseira";"Com Vítimas Feridas";"Plena noite";"Crescente";"Nublado";"Dupla";"Reta";"Urbano";2;0;0;1;1;0;1;2
83466022;"04/05/16";"Quarta";"18:00:00";"MG";381;"863,5";"POUSO ALEGRE";"Outras";"Queda de motocicleta / bicicleta / veículo";"Com Vítimas Fatais";"Plena noite";"Crescente";"Ceu Claro";"Dupla";"Reta";"Rural";1;1;0;0;0;0;0;1
83466023;"19/05/16";"Quinta";"07:40:00";"SC";101;"409";"ARARANGUA";"Desobediência à sinalização";"Colisão Transversal";"Sem Vítimas";"Pleno dia";"Crescente";"Sol";"Simples";"Cruzamento";"Rural";2;0;0;0;2;0;0;2
83466025;"19/05/16";"Quinta";"07:30:00";"MG";50;"73";"UBERLANDIA";"Outras";"Colisão lateral";"Com Vítimas Feridas";"Pleno dia";"Decrescente";"Sol";"Dupla";"Reta";"Urbano";3;0;0;2;1;0;2;2
83466026;"19/05/16";"Quinta";"08:40:00";"PI";316;"1,9";"TERESINA";"Falta de atenção";"Colisão lateral";"Com Vítimas Feridas";"Pleno dia";"Crescente";"Sol";"Múltipla";"Reta";"Urbano";2;0;0;1;1;0;1;2
83466027;"18/05/16";"Quarta";"20:00:00";"SP";116;"152";"SAO JOSE DOS CAMPOS";"Falta de atenção";"Colisão traseira";"Com Vítimas Feridas";"Plena noite";"Decrescente";"Ceu Claro";"Dupla";"Reta";"Urbano";5;0;1;0;4;0;1;5
83466028;"17/05/16";"Terça";"07:40:00";"SP";116;"222";"GUARULHOS";"Não guardar distância de segurança";"Queda de motocicleta / bicicleta / veículo";"Com Vítimas Feridas";"Pleno dia";"Crescente";"Ceu Claro";"Múltipla";"Reta";"Urbano";1;0;1;0;0;0;1;1
83466030;"19/05/16";"Quinta";"08:00:00";"MT";364;"228";"RONDONOPOLIS";"Não guardar distância de segurança";"Colisão traseira";"Sem Vítimas";"Pleno dia";"Decrescente";"Nublado";"Dupla";"Reta";"Rural";3;0;0;0;3;0;0;3
83466031;"19/05/16";"Quinta";"07:36:00";"MT";163;"933";"ITAUBA";"Ultrapassagem indevida";"Saída de Pista";"Sem Vítimas";"Pleno dia";"Decrescente";"Ceu Claro";"Simples";"Reta";"Rural";1;0;0;0;1;0;0;1
83466032;"18/05/16";"Quarta";"12:20:00";"MT";158;"453,2";"RIBEIRAO CASCALHEIRA";"Outras";"Tombamento";"Sem Vítimas";"Pleno dia";"Decrescente";"Sol";"Simples";"Reta";"Rural";1;0;0;0;1;0;0;1
83466033;"19/05/16";"Quinta";"09:30:00";"RJ";116;"122";"MAGE";"Outras";"Colisão com objeto fixo";"Sem Vítimas";"Pleno dia";"Decrescente";"Nublado";"Múltipla";"Reta";"Rural";1;0;0;0;1;0;0;1
83466034;"19/05/16";"Quinta";"05:50:00";"RO";364;"467";"ARIQUEMES";"Falta de atenção";"Saída de Pista";"Com Vítimas Fatais";"Amanhecer";"Crescente";"Ceu Claro";"Simples";"Curva";"Rural";2;1;0;0;1;0;0;2
83466035;"12/05/16";"Quinta";"03:40:00";"SC";101;"77,9";"ARAQUARI";"Defeito mecânico em veículo";"Queda de motocicleta / bicicleta / veículo";"Com Vítimas Feridas";"Plena noite";"Decrescente";"Nublado";"Simples";"Reta";"Rural";1;0;1;0;0;0;1;1
83466036;"16/05/16";"Segunda";"06:55:00";"MG";40;"523";"CONTAGEM";"Falta de atenção";"Colisão lateral";"Com Vítimas Feridas";"Pleno dia";"Decrescente";"Ceu Claro";"Dupla";"Reta";"Urbano";2;0;1;0;1;0;1;2
83466037;"19/05/16";"Quinta";"08:00:00";"MT";364;"466";"VARZEA GRANDE";"Outras";"Colisão traseira";"Sem Vítimas";"Pleno dia";"Crescente";"Chuva";"Simples";"Reta";"Rural";2;0;0;0;2;0;0;2
83466039;"19/05/16";"Quinta";"08:40:00";"RS";470;"198";"BENTO GONCALVES";"Outras";"Saída de Pista";"Sem Vítimas";"Pleno dia";"Decrescente";"Ceu Claro";"Simples";"Reta";"Rural";1;0;0;0;1;0;0;1
83466040;"19/05/16";"Quinta";"10:25:00";"RJ";116;"144";"DUQUE DE CAXIAS";"Outras";"Queda de motocicleta / bicicleta / veículo";"Com Vítimas Feridas";"Pleno dia";"Decrescente";"Nublado";"Dupla";"Reta";"Urbano";1;0;1;0;0;0;1;1
83466041;"19/05/16";"Quinta";"09:35:00";"SP";116;"540,2";"BARRA DO TURVO";"Outras";"Capotamento";"Sem Vítimas";"Pleno dia";"Crescente";"Chuva";"Dupla";"Reta";"Rural";1;0;0;0;1;0;0;1
83466042;"15/05/16";"Domingo";"08:15:00";"SC";101;"69,4";"ARAQUARI";"Não guardar distância de segurança";"Colisão traseira";"Sem Vítimas";"Pleno dia";"Crescente";"Nublado";"Dupla";"Reta";"Rural";2;0;0;0;2;0;0;2
83466043;"19/05/16";"Quinta";"11:00:00";"SE";235;"6";"NOSSA SENHORA DO SOCORRO";"Não guardar distância de segurança";"Colisão traseira";"Com Vítimas Feridas";"Pleno dia";"Crescente";"Ceu Claro";"Dupla";"Reta";"Rural";2;0;1;0;1;0;1;2
83466044;"11/05/16";"Quarta";"23:30:00";"SC";280;"152,9";"MAFRA";"Velocidade incompatível";"Capotamento";"Sem Vítimas";"Plena noite";"Crescente";"Nublado";"Simples";"Curva";"Rural";1;0;0;0;1;0;0;1
83466045;"28/04/16";"Quinta";"17:30:00";"MG";381;"332";"NOVA ERA";"Outras";"Colisão frontal";"Com Vítimas Fatais";"Anoitecer";"Decrescente";"Chuva";"Simples";"Reta";"Rural";6;1;3;0;2;0;3;3
83466046;"19/05/16";"Quinta";"10:25:00";"MG";267;"309,1";"CAXAMBU";"Falta de atenção";"Colisão Transversal";"Sem Vítimas";"Pleno dia";"Decrescente";"Nublado";"Simples";"Reta";"Rural";3;0;0;0;3;0;0;2
83466048;"19/05/16";"Quinta";"10:35:00";"RS";386;"335";"MARQUES DE SOUZA";"Falta de atenção";"Saída de Pista";"Sem Vítimas";"Pleno dia";"Decrescente";"Sol";"Simples";"Reta";"Rural";3;0;0;0;3;0;0;2
83466049;"16/05/16";"Segunda";"03:00:00";"PE";101;"70";"RECIFE";"Outras";"Colisão traseira";"Ignorado";"Plena noite";"Crescente";"Nublado";"Dupla";"Reta";"Urbano";2;0;0;0;0;2;0;2
83466050;"19/05/16";"Quinta";"06:40:00";"MG";116;"550";"SANTA BARBARA DO LESTE";"Velocidade incompatível";"Tombamento";"Com Vítimas Feridas";"Pleno dia";"Decrescente";"Ceu Claro";"Simples";"Curva";"Rural";1;0;1;0;0;0;1;1
83466051;"19/05/16";"Quinta";"13:00:00";"MG";116;"415,7";"GOVERNADOR VALADARES";"Falta de atenção";"Colisão Transversal";"Com Vítimas Feridas";"Pleno dia";"Crescente";"Ceu Claro";"Simples";"Reta";"Urbano";2;0;0;1;1;0;1;2
83466052;"19/05/16";"Quinta";"08:10:00";"ES";101;"1,9";"SERRA";"Outras";"Colisão traseira";"Com Vítimas Feridas";"Pleno dia";"Crescente";"Ceu Claro";"Dupla";"Reta";"Urbano";3;0;0;2;1;0;2;2
83466053;"19/05/16";"Quinta";"10:00:00";"MT";364;"584";"DIAMANTINO";"Animais na Pista";"Atropelamento de animal";"Sem Vítimas";"Pleno dia";"Crescente";"Nevoeiro/neblina";"Dupla";"Curva";"Rural";1;0;0;0;1;0;0;1
83466054;"19/05/16";"Quinta";"09:00:00";"ES";101;"138,3";"LINHARES";"Velocidade incompatível";"Colisão traseira";"Com Vítimas Feridas";"Pleno dia";"Decrescente";"Nublado";"Simples";"Reta";"Rural";3;0;0;1;2;0;1;2
83466055;"18/05/16";"Quarta";"17:00:00";"BA";116;"383";"SANTA BARBARA";"Outras";"Saída de Pista";"Com Vítimas Feridas";"Pleno dia";"Crescente";"Ceu Claro";"Simples";"Reta";"Rural";1;0;1;0;0;0;1;1
83466056;"15/05/16";"Domingo";"22:19:00";"MT";163;"809";"SINOP";"Ingestão de álcool";"Saída de Pista";"Sem Vítimas";"Plena noite";"Crescente";"Ceu Claro";"Simples";"Reta";"Rural";1;0;0;0;1;0;0;1
83466057;"19/05/16";"Quinta";"11:50:00";"SP";116;"545,1";"BARRA DO TURVO";"Velocidade incompatível";"Tombamento";"Sem Vítimas";"Pleno dia";"Decrescente";"Chuva";"Dupla";"Curva";"Rural";2;0;0;0;2;0;0;1
83466058;"19/05/16";"Quinta";"11:55:00";"PR";277;"95,5";"CURITIBA";"Velocidade incompatível";"Saída de Pista";"Com Vítimas Feridas";"Pleno dia";"Decrescente";"Nublado";"Simples";"Curva";"Urbano";1;0;1;0;0;0;1;1
83466059;"15/05/16";"Domingo";"05:25:00";"ES";101;"120,8";"SOORETAMA";"Dormindo";"Colisão com objeto fixo";"Com Vítimas Feridas";"Plena noite";"Decrescente";"Ceu Claro";"Simples";"Reta";"Rural";2;0;2;0;0;0;2;1
83466060;"28/01/16";"Quinta";"06:30:00";"SC";101;"313";"LAGUNA";"Falta de atenção";"Colisão frontal";"Com Vítimas Feridas";"Pleno dia";"Crescente";"Nublado";"Simples";"Reta";"Urbano";2;0;0;1;0;1;1;2
83466061;"19/05/16";"Quinta";"01:45:00";"SP";116;"147,5";"SAO JOSE DOS CAMPOS";"Outras";"Colisão com objeto fixo";"Sem Vítimas";"Plena noite";"Crescente";"Ceu Claro";"Dupla";"Reta";"Urbano";1;0;0;0;1;0;0;1
83466062;"19/05/16";"Quinta";"10:00:00";"RR";174;"513,7";"BOA VISTA";"Ingestão de álcool";"Capotamento";"Sem Vítimas";"Pleno dia";"Decrescente";"Nublado";"Simples";"Reta";"Rural";1;0;0;0;1;0;0;1
83466063;"19/05/16";"Quinta";"11:50:00";"PE";232;"410";"SERRA TALHADA";"Falta de atenção";"Colisão Transversal";"Sem Vítimas";"Pleno dia";"Crescente";"Ceu Claro";"Simples";"Cruzamento";"Urbano";2;0;0;0;2;0;0;2
83466064;"19/05/16";"Quinta";"14:00:00";"TO";153;"154,6";"ARAGUAINA";"Defeito mecânico em veículo";"Saída de Pista";"Com Vítimas Feridas";"Pleno dia";"Decrescente";"Ceu Claro";"Simples";"Reta";"Rural";1;0;1;0;0;0;1;1
83466065;"15/05/16";"Domingo";"03:20:00";"DF";70;"10";"BRASILIA";"Ingestão de álcool";"Capotamento";"Com Vítimas Feridas";"Amanhecer";"Crescente";"Nublado";"Dupla";"Reta";"Urbano";4;0;3;1;0;0;4;1
83466066;"19/05/16";"Quinta";"07:55:00";"AL";316;"84,1";"SANTANA DO IPANEMA";"Falta de atenção";"Colisão lateral";"Com Vítimas Feridas";"Pleno dia";"Crescente";"Ceu Claro";"Dupla";"Cruzamento";"Urbano";2;0;1;0;1;0;1;2
83466067;"18/05/16";"Quarta";"02:45:00";"PR";153;"474,2";"PORTO VITORIA";"Velocidade incompatível";"Tombamento";"Sem Vítimas";"Plena noite";"Crescente";"Nublado";"Simples";"Curva";"Rural";1;0;0;0;1;0;0;1
83466068;"19/05/16";"Quinta";"13:00:00";"MA";316;"244";"BOM JARDIM";"Falta de atenção";"Colisão Transversal";"Com Vítimas Feridas";"Pleno dia";"Crescente";"Ceu Claro";"Simples";"Reta";"Urbano";2;0;1;0;1;0;1;2
83466069;"19/05/16";"Quinta";"10:50:00";"PE";232;"172,2";"BELO JARDIM";"Não guardar distância de segurança";"Colisão traseira";"Com Vítimas Feridas";"Pleno dia";"Crescente";"Sol";"Simples";"Reta";"Rural";5;0;2;0;3;0;2;3
83466070;"19/05/16";"Quinta";"08:00:00";"SC";470;"6";"NAVEGANTES";"Falta de atenção";"Colisão Transversal";"Sem Vítimas";"Pleno dia";"Crescente";"Nublado";"Simples";"Reta";"Urbano";2;0;0;0;2;0;0;2
83466071;"19/05/16";"Quinta";"10:55:00";"RJ";393;"124";"SAPUCAIA";"Velocidade incompatível";"Tombamento";"Com Vítimas Feridas";"Pleno dia";"Crescente";"Nublado";"Simples";"Curva";"Rural";1;0;1;0;0;0;1;1
83466072;"18/05/16";"Quarta";"19:00:00";"BA";407;"123";"SENHOR DO BONFIM";"Animais na Pista";"Atropelamento de animal";"Com Vítimas Feridas";"Anoitecer";"Crescente";"Ceu Claro";"Simples";"Reta";"Rural";1;0;1;0;0;0;1;1
83466073;"19/05/16";"Quinta";"11:50:00";"CE";222;"1";"SOBRAL";"Não guardar distância de segurança";"Colisão lateral";"Com Vítimas Feridas";"Pleno dia";"Decrescente";"Ceu Claro";"Dupla";"Reta";"Urbano";2;0;0;1;0;1;1;2
83466075;"15/05/16";"Domingo";"22:40:00";"MG";381;"367";"SAO GONCALO DO RIO ABAIXO";"Velocidade incompatível";"Capotamento";"Com Vítimas Feridas";"Plena noite";"Decrescente";"Ceu Claro";"Simples";"Curva";"Rural";1;0;1;0;0;0;1;1
83466076;"13/05/16";"Sexta";"18:35:00";"SC";480;"130";"CHAPECO";"Falta de atenção";"Colisão frontal";"Com Vítimas Feridas";"Plena noite";"Decrescente";"Ceu Claro";"Simples";"Curva";"Urbano";2;0;0;1;1;0;1;2
83466077;"19/05/16";"Quinta";"13:05:00";"SC";282;"605";"MARAVILHA";"Falta de atenção";"Colisão Transversal";"Com Vítimas Feridas";"Pleno dia";"Crescente";"Ceu Claro";"Simples";"Cruzamento";"Urbano";2;0;0;1;1;0;1;2
83466079;"09/05/16";"Segunda";"07:20:00";"RJ";40;"94";"DUQUE DE CAXIAS";"Velocidade incompatível";"Queda de motocicleta / bicicleta / veículo";"Com Vítimas Feridas";"Pleno dia";"Crescente";"Sol";"Simples";"Curva";"Urbano";2;0;2;0;0;0;2;1
83466080;"01/01/16";"Sexta";"02:15:00";"PI";343;"306";"ALTOS";"Falta de atenção";"Colisão frontal";"Com Vítimas Feridas";"Plena noite";"Crescente";"Chuva";"Simples";"Reta";"Urbano";2;0;0;1;1;0;1;2
83466081;"19/05/16";"Quinta";"15:00:00";"CE";20;"318,2";"CANINDE";"Defeito mecânico em veículo";"Saída de Pista";"Com Vítimas Feridas";"Pleno dia";"Decrescente";"Sol";"Simples";"Curva";"Rural";2;0;2;0;0;0;2;1
83466082;"19/05/16";"Quinta";"15:00:00";"GO";153;"529";"HIDROLANDIA";"Outras";"Saída de Pista";"Com Vítimas Feridas";"Pleno dia";"Crescente";"Sol";"Dupla";"Reta";"Rural";4;0;2;2;0;0;4;1
83466083;"16/05/16";"Segunda";"18:10:00";"MG";146;"484,6";"CABO VERDE";"Animais na Pista";"Atropelamento de animal";"Sem Vítimas";"Anoitecer";"Decrescente";"Nublado";"Simples";"Reta";"Rural";1;0;0;0;1;0;0;1
83466085;"19/05/16";"Quinta";"08:30:00";"MG";116;"679,7";"MIRADOURO";"Falta de atenção";"Colisão traseira";"Com Vítimas Feridas";"Pleno dia";"Crescente";"Nublado";"Simples";"Reta";"Rural";4;0;1;0;3;0;1;3
83466086;"19/05/16";"Quinta";"15:45:00";"RS";290;"6,9";"OSORIO";"Outras";"Incêndio";"Sem Vítimas";"Pleno dia";"Crescente";"Sol";"Dupla";"Reta";"Rural";1;0;0;0;1;0;0;1
83466087;"19/05/16";"Quinta";"12:00:00";"TO";153;"134,1";"ARAGUAINA";"Desobediência à sinalização";"Colisão lateral";"Com Vítimas Feridas";"Pleno dia";"Decrescente";"Ceu Claro";"Dupla";"Reta";"Urbano";2;0;0;1;1;0;1;2
83466088;"01/01/16";"Sexta";"01:00:00";"DF";20;"18";"BRASILIA";"Falta de atenção";"Colisão traseira";"Com Vítimas Feridas";"Plena noite";"Crescente";"Ceu Claro";"Dupla";"Reta";"Rural";3;0;1;0;2;0;1;2