"id";"data_inversa";"dia_semana";"horario";"uf";"br";"km";"municipio";"causa_acidente";"tipo_acidente";"classificacao_acidente";"fase_dia";"sentido_via";"condicao_metereologica";"tipo_pista";"tracado_via";"uso_solo";"pessoas";"mortos";"feridos_leves";"feridos_graves";"ilesos";"ignorados";"feridos";"veiculos"
83466089;"19/05/16";"Quinta";"11:05:00";"BA";116;"643,4";"JAGUAQUARA";"Defeito mecânico em veículo";"Colisão traseira";"Com Vítimas Feridas";"Pleno dia";"Crescente";"Sol";"Simples";"Curva";"Rural";7;0;1;0;6;0;1;6
83466090;"19/05/16";"Quinta";"11:00:00";"SC";101;"416";"ARARANGUA";"Falta de atenção";"Colisão Transversal";"Sem Vítimas";"Pleno dia";"Crescente";"Ceu Claro";"Simples";"Reta";"Urbano";2;0;0;0;2;0;0;2
83466091;"19/05/16";"Quinta";"14:00:00";"PR";116;"15";"CAMPINA GRANDE DO SUL";"Velocidade incompatível";"Saída de Pista";"Sem Vítimas";"Pleno dia";"Crescente";"Chuva";"Dupla";"Curva";"Rural";1;0;0;0;1;0;0;1
83466093;"19/05/16";"Quinta";"16:00:00";"MG";381;"144,3";"GOVERNADOR VALADARES";"Falta de atenção";"Colisão lateral";"Com Vítimas Feridas";"Pleno dia";"Crescente";"Nublado";"Simples";"Cruzamento";"Rural";2;0;1;0;0;1;1;2
83466094;"19/05/16";"Quinta";"11:00:00";"MG";40;"175,3";"JOAO PINHEIRO";"Velocidade incompatível";"Saída de Pista";"Com Vítimas Feridas";"Pleno dia";"Decrescente";"Ceu Claro";"Simples";"Curva";"Rural";1;0;1;0;0;0;1;1
83466095;"19/05/16";"Quinta";"11:25:00";"MG";381;"565";"ITAGUARA";"Outras";"Colisão com objeto fixo";"Sem Vítimas";"Pleno dia";"Crescente";"Nublado";"Dupla";"Reta";"Rural";1;0;0;0;1;0;0;1
83466096;"19/05/16";"Quinta";"14:23:00";"SP";116;"127";"CACAPAVA";"Outras";"Colisão com objeto fixo";"Sem Vítimas";"Pleno dia";"Decrescente";"Chuva";"Dupla";"Reta";"Urbano";1;0;0;0;1;0;0;1
83466097;"19/05/16";"Quinta";"14:20:00";"PR";376;"162";"MARINGA";"Falta de atenção";"Colisão com objeto fixo";"Com Vítimas Feridas";"Pleno dia";"Decrescente";"Nublado";"Dupla";"Reta";"Urbano";2;0;1;0;1;0;1;2
83466098;"19/05/16";"Quinta";"12:50:00";"SC";470;"70,2";"INDAIAL";"Falta de atenção";"Colisão Transversal";"Com Vítimas Feridas";"Pleno dia";"Crescente";"Ceu Claro";"Múltipla";"Cruzamento";"Urbano";2;0;1;0;1;0;1;2
83466099;"18/04/16";"Segunda";"18:40:00";"PR";116;"129";"FAZENDA RIO GRANDE";"Outras";"Colisão lateral";"Com Vítimas Feridas";"Anoitecer";"Crescente";"Ignorada";"Dupla";"Reta";"Urbano";2;0;1;0;0;1;1;2
83466100;"19/05/16";"Quinta";"16:30:00";"MG";381;"339";"BELA VISTA DE MINAS";"Velocidade incompatível";"Capotamento";"Com Vítimas Feridas";"Pleno dia";"Decrescente";"Chuva";"Simples";"Curva";"Rural";3;0;2;0;1;0;2;1
83466101;"19/05/16";"Quinta";"17:10:00";"SC";280;"128,3";"RIO NEGRINHO";"Falta de atenção";"Colisão traseira";"Sem Vítimas";"Anoitecer";"Decrescente";"Nublado";"Simples";"Reta";"Urbano";2;0;0;0;2;0;0;2
83466102;"18/05/16";"Quarta";"18:50:00";"MG";365;"6,2";"MONTES CLAROS";"Ingestão de álcool";"Queda de motocicleta / bicicleta / veículo";"Com Vítimas Feridas";"Plena noite";"Decrescente";"Chuva";"Simples";"Curva";"Rural";2;0;1;0;1;0;1;2
83466103;"19/05/16";"Quinta";"11:40:00";"SP";116;"148,3";"SAO JOSE DOS CAMPOS";"Falta de atenção";"Colisão lateral";"Sem Vítimas";"Pleno dia";"Crescente";"Chuva";"Simples";"Reta";"Urbano";2;0;0;0;2;0;0;2
83466104;"19/05/16";"Quinta";"15:00:00";"MG";381;"315";"NOVA ERA";"Velocidade incompatível";"Capotamento";"Sem Vítimas";"Pleno dia";"Decrescente";"Chuva";"Simples";"Curva";"Rural";1;0;0;0;1;0;0;1
83466106;"19/05/16";"Quinta";"13:20:00";"SC";101;"201,5";"SAO JOSE";"Desobediência à sinalização";"Queda de motocicleta / bicicleta / veículo";"Com Vítimas Feridas";"Pleno dia";"Crescente";"Ceu Claro";"Simples";"Reta";"Urbano";2;0;1;0;1;0;1;2
83466107;"15/05/16";"Domingo";"11:40:00";"PE";428;"182";"PETROLINA";"Ingestão de álcool";"Colisão Transversal";"Sem Vítimas";"Pleno dia";"Decrescente";"Ceu Claro";"Simples";"Reta";"Rural";2;0;0;0;2;0;0;2
83466108;"17/03/16";"Quinta";"20:05:00";"RN";304;"43,8";"MOSSORO";"Ingestão de álcool";"Colisão traseira";"Com Vítimas Feridas";"Plena noite";"Decrescente";"Nublado";"Dupla";"Reta";"Rural";3;0;2;0;1;0;2;2
83466109;"17/05/16";"Terça";"19:00:00";"PI";343;"525,3";"AMARANTE";"Dormindo";"Saída de Pista";"Sem Vítimas";"Plena noite";"Decrescente";"Ceu Claro";"Simples";"Reta";"Rural";1;0;0;0;1;0;0;1
83466110;"19/05/16";"Quinta";"14:30:00";"SC";470;"64,3";"INDAIAL";"Falta de atenção";"Colisão traseira";"Com Vítimas Feridas";"Pleno dia";"Crescente";"Ceu Claro";"Simples";"Reta";"Urbano";3;0;0;1;2;0;1;2
83466111;"14/05/16";"Sábado";"20:45:00";"MT";364;"209";"RONDONOPOLIS";"Outras";"Queda de motocicleta / bicicleta / veículo";"Com Vítimas Feridas";"Plena noite";"Decrescente";"Ceu Claro";"Dupla";"Reta";"Rural";1;0;1;0;0;0;1;1
83466112;"19/05/16";"Quinta";"14:45:00";"PE";428;"192";"PETROLINA";"Desobediência à sinalização";"Colisão Transversal";"Com Vítimas Feridas";"Pleno dia";"Decrescente";"Sol";"Dupla";"Reta";"Urbano";3;0;3;0;0;0;3;2
83466113;"19/05/16";"Quinta";"16:50:00";"PE";101;"99";"CABO DE SANTO AGOSTINHO";"Outras";"Colisão traseira";"Sem Vítimas";"Pleno dia";"Crescente";"Ceu Claro";"Dupla";"Reta";"Urbano";2;0;0;0;2;0;0;2
83466114;"19/05/16";"Quinta";"07:55:00";"MG";262;"798";"UBERABA";"Outras";"Queda de motocicleta / bicicleta / veículo";"Com Vítimas Feridas";"Pleno dia";"Decrescente";"Ceu Claro";"Simples";"Reta";"Rural";1;0;1;0;0;0;1;1
83466115;"19/05/16";"Quinta";"07:30:00";"AL";104;"7";"SAO JOSE DA LAJE";"Defeito mecânico em veículo";"Saída de Pista";"Sem Vítimas";"Pleno dia";"Crescente";"Ceu Claro";"Simples";"Reta";"Rural";1;0;0;0;1;0;0;1
83466116;"19/05/16";"Quinta";"15:50:00";"BA";324;"388";"GAVIAO";"Outras";"Colisão frontal";"Com Vítimas Feridas";"Pleno dia";"Decrescente";"Sol";"Simples";"Reta";"Rural";2;0;1;0;1;0;1;2
83466117;"19/05/16";"Quinta";"15:00:00";"ES";101;"266,2";"SERRA";"Outras";"Colisão lateral";"Com Vítimas Feridas";"Pleno dia";"Crescente";"Ignorada";"Múltipla";"Cruzamento";"Urbano";2;0;1;0;1;0;1;2
83466118;"19/05/16";"Quinta";"15:55:00";"PR";376;"218,5";"JANDAIA DO SUL";"Ingestão de álcool";"Colisão Transversal";"Com Vítimas Feridas";"Pleno dia";"Decrescente";"Nublado";"Simples";"Cruzamento";"Urbano";3;0;1;0;1;1;1;2
83466119;"16/05/16";"Segunda";"15:40:00";"ES";262;"30";"DOMINGOS MARTINS";"Não guardar distância de segurança";"Colisão traseira";"Com Vítimas Feridas";"Pleno dia";"Decrescente";"Vento";"Simples";"Reta";"Rural";3;0;1;0;1;1;1;2
83466120;"19/05/16";"Quinta";"18:00:00";"SC";101;"210";"SAO JOSE";"Falta de atenção";"Colisão lateral";"Com Vítimas Feridas";"Plena noite";"Decrescente";"Ceu Claro";"Dupla";"Reta";"Urbano";2;0;1;0;1;0;1;2
83466121;"19/05/16";"Quinta";"15:30:00";"MG";116;"238";"TEOFILO OTONI";"Dormindo";"Saída de Pista";"Com Vítimas Feridas";"Pleno dia";"Crescente";"Ceu Claro";"Simples";"Curva";"Rural";1;0;1;0;0;0;1;1
83466122;"19/05/16";"Quinta";"12:55:00";"SC";101;"216,5";"PALHOCA";"Desobediência à sinalização";"Colisão Transversal";"Com Vítimas Feridas";"Pleno dia";"Decrescente";"Ceu Claro";"Dupla";"Cruzamento";"Urbano";2;0;1;0;1;0;1;2
83466123;"19/05/16";"Quinta";"18:40:00";"SC";101;"408,8";"ARARANGUA";"Não guardar distância de segurança";"Colisão traseira";"Sem Vítimas";"Plena noite";"Decrescente";"Ceu Claro";"Dupla";"Reta";"Rural";2;0;0;0;2;0;0;2
83466124;"19/05/16";"Quinta";"11:20:00";"RS";392;"135,1";"CANGUCU";"Outras";"Atropelamento de pessoa";"Com Vítimas Fatais";"Pleno dia";"Crescente";"Ceu Claro";"Simples";"Reta";"Rural";2;1;0;0;1;0;0;1
83466127;"19/05/16";"Quinta";"12:10:00";"MG";146;"510";"POCOS DE CALDAS";"Velocidade incompatível";"Tombamento";"Com Vítimas Feridas";"Pleno dia";"Decrescente";"Nublado";"Simples";"Curva";"Rural";1;0;1;0;0;0;1;1
83466128;"16/05/16";"Segunda";"16:00:00";"RJ";101;"128";"CARAPEBUS";"Falta de atenção";"Colisão traseira";"Sem Vítimas";"Pleno dia";"Crescente";"Nublado";"Dupla";"Reta";"Rural";2;0;0;0;2;0;0;2
83466129;"11/02/16";"Quinta";"06:45:00";"MS";163;"363,5";"NOVA ALVORADA DO SUL";"Falta de atenção";"Saída de Pista";"Com Vítimas Feridas";"Pleno dia";"Decrescente";"Sol";"Simples";"Cruzamento";"Urbano";3;0;0;2;1;0;2;2
83466130;"19/05/16";"Quinta";"15:30:00";"PR";277;"727,2";"FOZ DO IGUACU";"Não guardar distância de segurança";"Colisão traseira";"Com Vítimas Feridas";"Pleno dia";"Decrescente";"Sol";"Dupla";"Reta";"Urbano";4;0;3;0;1;0;3;4
83466131;"19/05/16";"Quinta";"16:40:00";"MG";262;"581";"CAMPOS ALTOS";"Velocidade incompatível";"Saída de Pista";"Sem Vítimas";"Pleno dia";"Decrescente";"Chuva";"Simples";"Curva";"Rural";2;0;0;0;2;0;0;1
83466132;"19/05/16";"Quinta";"07:00:00";"RN";405;"124,7";"TABOLEIRO GRANDE";"Outras";"Saída de Pista";"Com Vítimas Feridas";"Pleno dia";"Decrescente";"Ceu Claro";"Simples";"Reta";"Rural";2;0;1;0;1;0;1;1
83466133;"17/05/16";"Terça";"21:10:00";"PR";476;"242";"LAPA";"Velocidade incompatível";"Tombamento";"Sem Vítimas";"Plena noite";"Decrescente";"Nublado";"Simples";"Curva";"Rural";1;0;0;0;1;0;0;1
83466134;"19/05/16";"Quinta";"17:45:00";"RJ";393;"168";"TRES RIOS";"Falta de atenção";"Colisão frontal";"Com Vítimas Feridas";"Anoitecer";"Crescente";"Ceu Claro";"Dupla";"Curva";"Urbano";3;0;2;1;0;0;3;2
83466135;"19/05/16";"Quinta";"17:45:00";"GO";60;"222,1";"CEZARINA";"Não guardar distância de segurança";"Colisão traseira";"Sem Vítimas";"Pleno dia";"Decrescente";"Ceu Claro";"Dupla";"Reta";"Rural";2;0;0;0;2;0;0;2
83466136;"19/05/16";"Quinta";"16:45:00";"PB";230;"25";"JOAO PESSOA";"Não guardar distância de segurança";"Colisão traseira";"Com Vítimas Feridas";"Pleno dia";"Crescente";"Ceu Claro";"Dupla";"Reta";"Urbano";3;0;1;0;2;0;1;3
83466137;"19/05/16";"Quinta";"12:20:00";"BA";415;"48";"ITABUNA";"Falta de atenção";"Colisão Transversal";"Com Vítimas Feridas";"Pleno dia";"Decrescente";"Ceu Claro";"Simples";"Reta";"Urbano";2;0;1;0;1;0;1;2
83466138;"19/05/16";"Quinta";"18:30:00";"RS";116;"252";"SAPUCAIA DO SUL";"Desobediência à sinalização";"Colisão traseira";"Com Vítimas Feridas";"Anoitecer";"Crescente";"Ceu Claro";"Múltipla";"Reta";"Urbano";2;0;0;1;1;0;1;2
83466139;"19/05/16";"Quinta";"17:30:00";"PE";101;"67";"RECIFE";"Não guardar distância de segurança";"Colisão traseira";"Sem Vítimas";"Anoitecer";"Decrescente";"Ceu Claro";"Dupla";"Reta";"Urbano";2;0;0;0;1;1;0;2
83466140;"19/05/16";"Quinta";"16:30:00";"MG";381;"693";"LAVRAS";"Outras";"Capotamento";"Sem Vítimas";"Pleno dia";"Crescente";"Sol";"Dupla";"Curva";"Rural";1;0;0;0;1;0;0;1
83466141;"15/05/16";"Domingo";"12:40:00";"PR";376;"308";"MAUA DA SERRA";"Outras";"Queda de motocicleta / bicicleta / veículo";"Com Vítimas Feridas";"Pleno dia";"Decrescente";"Ceu Claro";"Dupla";"Curva";"Rural";1;0;0;1;0;0;1;1
83466142;"19/05/16";"Quinta";"18:30:00";"SP";153;"70";"SAO JOSE DO RIO PRETO";"Não guardar distância de segurança";"Colisão traseira";"Com Vítimas Feridas";"Plena noite";"Crescente";"Nublado";"Simples";"Reta";"Urbano";4;0;1;0;3;0;1;3
83466143;"19/05/16";"Quinta";"16:00:00";"GO";60;"218";"CEZARINA";"Outras";"Incêndio";"Sem Vítimas";"Pleno dia";"Decrescente";"Ceu Claro";"Dupla";"Reta";"Rural";1;0;0;0;1;0;0;1
83466144;"19/05/16";"Quinta";"16:00:00";"RS";158;"531";"SANTANA DO LIVRAMENTO";"Falta de atenção";"Colisão Transversal";"Com Vítimas Feridas";"Pleno dia";"Decrescente";"Sol";"Simples";"Reta";"Rural";2;0;1;0;1;0;1;2
83466145;"19/05/16";"Quinta";"17:25:00";"GO";60;"222";"CEZARINA";"Falta de atenção";"Colisão lateral";"Sem Vítimas";"Pleno dia";"Decrescente";"Sol";"Dupla";"Reta";"Rural";2;0;0;0;2;0;0;2
83466146;"19/05/16";"Quinta";"18:30:00";"RJ";40;"110";"DUQUE DE CAXIAS";"Outras";"Queda de motocicleta / bicicleta / veículo";"Com Vítimas Feridas";"Plena noite";"Decrescente";"Chuva";"Simples";"Reta";"Urbano";2;0;1;0;0;1;1;2
83466147;"19/05/16";"Quinta";"17:10:00";"MG";381;"555,5";"ITAGUARA";"Velocidade incompatível";"Saída de Pista";"Sem Vítimas";"Pleno dia";"Crescente";"Chuva";"Dupla";"Curva";"Rural";1;0;0;0;1;0;0;1
83466148;"19/05/16";"Quinta";"17:00:00";"RS";386;"347,9";"LAJEADO";"Falta de atenção";"Colisão traseira";"Sem Vítimas";"Pleno dia";"Crescente";"Sol";"Dupla";"Reta";"Urbano";2;0;0;0;2;0;0;2
83466149;"19/05/16";"Quinta";"18:45:00";"PR";476;"144";"CURITIBA";"Defeito mecânico em veículo";"Colisão traseira";"Com Vítimas Feridas";"Plena noite";"Decrescente";"Ceu Claro";"Dupla";"Reta";"Urbano";3;0;1;0;2;0;1;3
83466150;"19/05/16";"Quinta";"10:15:00";"RJ";40;"7";"COMENDADOR LEVY GASPARIAN";"Outras";"Queda de motocicleta / bicicleta / veículo";"Com Vítimas Feridas";"Pleno dia";"Crescente";"Nublado";"Simples";"Curva";"Urbano";1;0;1;0;0;0;1;1
83466151;"19/05/16";"Quinta";"19:30:00";"AP";210;"0,1";"MACAPA";"Falta de atenção";"Colisão traseira";"Sem Vítimas";"Plena noite";"Decrescente";"Ceu Claro";"Dupla";"Reta";"Urbano";4;0;0;0;4;0;0;2
83466152;"19/05/16";"Quinta";"16:30:00";"GO";153;"655";"GOIATUBA";"Outras";"Incêndio";"Sem Vítimas";"Pleno dia";"Decrescente";"Ceu Claro";"Dupla";"Reta";"Rural";1;0;0;0;1;0;0;1
83466153;"19/05/16";"Quinta";"10:50:00";"SC";101;"213,5";"PALHOCA";"Falta de atenção";"Colisão traseira";"Sem Vítimas";"Pleno dia";"Crescente";"Ceu Claro";"Múltipla";"Reta";"Urbano";5;0;0;0;5;0;0;5
83466154;"19/05/16";"Quinta";"19:00:00";"PA";316;"20";"BENEVIDES";"Outras";"Colisão lateral";"Com Vítimas Feridas";"Plena noite";"Decrescente";"Ceu Claro";"Dupla";"Reta";"Urbano";2;0;1;0;0;1;1;2
83466155;"19/05/16";"Quinta";"15:00:00";"RN";101;"101";"PARNAMIRIM";"Não guardar distância de segurança";"Colisão traseira";"Com Vítimas Feridas";"Pleno dia";"Decrescente";"Ceu Claro";"Dupla";"Cruzamento";"Urbano";3;0;1;0;2;0;1;2
83466156;"19/05/16";"Quinta";"14:50:00";"MG";381;"876,3";"ESTIVA";"Outras";"Derramamento de Carga";"Sem Vítimas";"Pleno dia";"Decrescente";"Ceu Claro";"Dupla";"Reta";"Rural";1;0;0;0;1;0;0;1
83466157;"19/05/16";"Quinta";"18:30:00";"SC";101;"201";"SAO JOSE";"Falta de atenção";"Colisão Transversal";"Com Vítimas Feridas";"Anoitecer";"Crescente";"Ceu Claro";"Múltipla";"Reta";"Urbano";2;0;0;1;1;0;1;2
83466158;"19/05/16";"Quinta";"18:30:00";"PR";376;"187";"MARIALVA";"Não guardar distância de segurança";"Colisão traseira";"Sem Vítimas";"Plena noite";"Crescente";"Nublado";"Dupla";"Reta";"Rural";2;0;0;0;2;0;0;2
83466159;"15/05/16";"Domingo";"17:20:00";"SC";101;"203";"SAO JOSE";"Desobediência à sinalização";"Colisão Transversal";"Com Vítimas Feridas";"Pleno dia";"Crescente";"Ceu Claro";"Múltipla";"Cruzamento";"Urbano";2;0;1;0;1;0;1;2
83466160;"19/05/16";"Quinta";"17:45:00";"RS";386;"345,8";"LAJEADO";"Falta de atenção";"Colisão traseira";"Sem Vítimas";"Anoitecer";"Crescente";"Ceu Claro";"Dupla";"Reta";"Urbano";2;0;0;0;2;0;0;2
83466161;"19/05/16";"Quinta";"15:30:00";"SC";101;"204,8";"SAO JOSE";"Não guardar distância de segurança";"Colisão traseira";"Sem Vítimas";"Pleno dia";"Crescente";"Ceu Claro";"Múltipla";"Reta";"Urbano";3;0;0;0;2;1;0;3
83466162;"19/05/16";"Quinta";"17:00:00";"MG";40;"694,9";"BARBACENA";"Velocidade incompatível";"Saída de Pista";"Sem Vítimas";"Amanhecer";"Decrescente";"Chuva";"Simples";"Curva";"Rural";1;0;0;0;1;0;0;1
83466163;"19/05/16";"Quinta";"19:00:00";"MG";50;"75,8";"UBERLANDIA";"Outras";"Capotamento";"Com Vítimas Feridas";"Anoitecer";"Decrescente";"Ceu Claro";"Dupla";"Reta";"Urbano";1;0;0;1;0;0;1;1
83466164;"16/05/16";"Segunda";"05:50:00";"SP";381;"73";"SAO PAULO";"Velocidade incompatível";"Capotamento";"Sem Vítimas";"Pleno dia";"Crescente";"Nublado";"Múltipla";"Curva";"Rural";1;0;0;0;1;0;0;1
83466165;"19/05/16";"Quinta";"17:00:00";"MG";50;"28";"ARAGUARI";"Velocidade incompatível";"Colisão traseira";"Com Vítimas Feridas";"Pleno dia";"Crescente";"Sol";"Dupla";"Reta";"Rural";5;0;0;1;4;0;1;2
83466166;"19/05/16";"Quinta";"18:45:00";"RS";285;"476,3";"CORONEL BARROS";"Falta de atenção";"Colisão com objeto fixo";"Sem Vítimas";"Plena noite";"Decrescente";"Ceu Claro";"Simples";"Reta";"Urbano";1;0;0;0;1;0;0;1
83466167;"19/05/16";"Quinta";"17:55:00";"PR";376;"187,6";"MARIALVA";"Falta de atenção";"Colisão Transversal";"Com Vítimas Feridas";"Anoitecer";"Crescente";"Nublado";"Dupla";"Reta";"Rural";2;0;0;1;1;0;1;2
83466168;"19/05/16";"Quinta";"21:00:00";"RN";406;"169";"SAO GONCALO DO AMARANTE";"Falta de atenção";"Colisão com objeto fixo";"Com Vítimas Feridas";"Plena noite";"Crescente";"Ceu Claro";"Dupla";"Reta";"Urbano";1;0;1;0;0;0;1;1
83466169;"13/05/16";"Sexta";"14:50:00";"PR";376;"162,3";"MARINGA";"Falta de atenção";"Colisão traseira";"Com Vítimas Feridas";"Pleno dia";"Decrescente";"Nublado";"Dupla";"Reta";"Rural";2;0;0;1;1;0;1;2
83466170;"24/04/16";"Domingo";"20:15:00";"SC";280;"24";"ARAQUARI";"Falta de atenção";"Colisão Transversal";"Com Vítimas Feridas";"Plena noite";"Crescente";"Ceu Claro";"Simples";"Reta";"Urbano";2;0;1;0;1;0;1;2
83466171;"19/05/16";"Quinta";"14:30:00";"ES";262;"1,5";"CARIACICA";"Desobediência à sinalização";"Colisão Transversal";"Com Vítimas Feridas";"Pleno dia";"Decrescente";"Ceu Claro";"Dupla";"Cruzamento";"Urbano";2;0;2;0;0;0;2;2
83466172;"05/04/16";"Terça";"19:00:00";"MG";116;"205";"CATUJI";"Outras";"Atropelamento de pessoa";"Com Vítimas Feridas";"Plena noite";"Decrescente";"Nublado";"Simples";"Reta";"Urbano";2;0;0;1;1;0;1;1
83466173;"19/05/16";"Quinta";"18:30:00";"PR";376;"629,2";"SAO JOSE DOS PINHAIS";"Falta de atenção";"Queda de motocicleta / bicicleta / veículo";"Com Vítimas Feridas";"Plena noite";"Decrescente";"Chuva";"Dupla";"Curva";"Urbano";3;0;2;0;0;1;2;2
83466174;"16/05/16";"Segunda";"08:15:00";"PA";308;"152,8";"CAPANEMA";"Ultrapassagem indevida";"Colisão lateral";"Sem Vítimas";"Pleno dia";"Decrescente";"Ceu Claro";"Simples";"Curva";"Urbano";2;0;0;0;2;0;0;2
83466176;"16/05/16";"Segunda";"04:20:00";"SE";101;"72";"MARUIM";"Desobediência à sinalização";"Colisão frontal";"Com Vítimas Feridas";"Amanhecer";"Decrescente";"Nublado";"Simples";"Reta";"Urbano";2;0;0;1;1;0;1;2
83466177;"19/05/16";"Quinta";"18:00:00";"MG";40;"225";"SAO GONCALO DO ABAETE";"Defeito mecânico em veículo";"Derramamento de Carga";"Sem Vítimas";"Anoitecer";"Decrescente";"Ceu Claro";"Simples";"Cruzamento";"Rural";1;0;0;0;1;0;0;1
83466178;"19/05/16";"Quinta";"18:30:00";"MG";381;"676";"PERDOES";"Falta de atenção";"Atropelamento de pessoa";"Com Vítimas Feridas";"Plena noite";"Crescente";"Ceu Claro";"Simples";"Reta";"Urbano";2;0;2;0;0;0;2;1
83466179;"19/05/16";"Quinta";"19:45:00";"RS";101;"42,6";"TERRA DE AREIA";"Falta de atenção";"Saída de Pista";"Com Vítimas Feridas";"Plena noite";"Crescente";"Ceu Claro";"Dupla";"Reta";"Rural";1;0;1;0;0;0;1;1
83466180;"19/05/16";"Quinta";"21:40:00";"PR";277;"65";"SAO JOSE DOS PINHAIS";"Velocidade incompatível";"Colisão Transversal";"Com Vítimas Feridas";"Plena noite";"Decrescente";"Nublado";"Dupla";"Reta";"Urbano";2;0;1;0;1;0;1;2
83466181;"19/05/16";"Quinta";"08:20:00";"SP";381;"34";"ATIBAIA";"Não guardar distância de segurança";"Queda de motocicleta / bicicleta / veículo";"Com Vítimas Feridas";"Pleno dia";"Crescente";"Chuva";"Múltipla";"Reta";"Urbano";1;0;1;0;0;0;1;1
83466182;"19/05/16";"Quinta";"21:00:00";"SP";116;"445";"REGISTRO";"Desobediência à sinalização";"Colisão Transversal";"Sem Vítimas";"Plena noite";"Crescente";"Nublado";"Múltipla";"Cruzamento";"Urbano";2;0;0;0;2;0;0;2
83466183;"19/05/16";"Quinta";"15:40:00";"BA";116;"812,7";"VITORIA DA CONQUISTA";"Outras";"Colisão frontal";"Com Vítimas Feridas";"Pleno dia";"Crescente";"Ceu Claro";"Simples";"Reta";"Rural";2;0;0;1;1;0;1;2
83466184;"19/05/16";"Quinta";"19:45:00";"PB";230;"466,6";"SOUSA";"Falta de atenção";"Colisão Transversal";"Sem Vítimas";"Plena noite";"Decrescente";"Ceu Claro";"Simples";"Reta";"Rural";2;0;0;0;1;1;0;2
83466185;"19/05/16";"Quinta";"21:20:00";"PE";316;"71";"OURICURI";"Defeito mecânico em veículo";"Colisão traseira";"Com Vítimas Feridas";"Plena noite";"Decrescente";"Ceu Claro";"Simples";"Reta";"Rural";2;0;0;1;1;0;1;2
83466186;"13/05/16";"Sexta";"15:00:00";"MG";251;"279";"SALINAS";"Falta de atenção";"Saída de Pista";"Com Vítimas Feridas";"Pleno dia";"Crescente";"Ceu Claro";"Simples";"Reta";"Rural";1;0;1;0;0;0;1;1
83466187;"16/05/16";"Segunda";"06:15:00";"BA";110;"367,6";"CATU";"Outras";"Colisão frontal";"Com Vítimas Feridas";"Amanhecer";"Crescente";"Nublado";"Simples";"Reta";"Urbano";3;0;2;0;1;0;2;2
83466189;"19/05/16";"Quinta";"08:30:00";"SP";381;"34";"ATIBAIA";"Outras";"Colisão traseira";"Sem Vítimas";"Pleno dia";"Crescente";"Chuva";"Múltipla";"Reta";"Urbano";2;0;0;0;2;0;0;2
83466190;"16/05/16";"Segunda";"06:40:00";"SC";101;"81,8";"BARRA VELHA";"Falta de atenção";"Colisão lateral";"Com Vítimas Feridas";"Amanhecer";"Decrescente";"Nublado";"Dupla";"Reta";"Rural";2;0;1;0;1;0;1;2
83466191;"18/05/16";"Quarta";"16:20:00";"BA";242;"783";"BARREIRAS";"Velocidade incompatível";"Colisão traseira";"Sem Vítimas";"Pleno dia";"Crescente";"Sol";"Simples";"Curva";"Rural";2;0;0;0;1;1;0;2
83466192;"19/05/16";"Quinta";"17:15:00";"AL";104;"91,5";"RIO LARGO";"Não guardar distância de segurança";"Atropelamento de pessoa";"Com Vítimas Feridas";"Anoitecer";"Decrescente";"Ceu Claro";"Dupla";"Reta";"Urbano";2;0;0;2;0;0;2;1
83466193;"19/05/16";"Quinta";"20:40:00";"MG";381;"525";"BRUMADINHO";"Velocidade incompatível";"Tombamento";"Com Vítimas Fatais";"Plena noite";"Crescente";"Chuva";"Dupla";"Curva";"Rural";2;2;0;0;0;0;0;1
83466194;"19/05/16";"Quinta";"17:45:00";"PE";232;"409";"SERRA TALHADA";"Ingestão de álcool";"Colisão frontal";"Com Vítimas Feridas";"Anoitecer";"Decrescente";"Ceu Claro";"Simples";"Reta";"Urbano";3;0;1;2;0;0;3;2
83466195;"19/05/16";"Quinta";"18:45:00";"MG";50;"176,2";"UBERABA";"Outras";"Queda de motocicleta / bicicleta / veículo";"Com Vítimas Feridas";"Plena noite";"Decrescente";"Ceu Claro";"Dupla";"Reta";"Rural";1;0;1;0;0;0;1;1
83466196;"19/05/16";"Quinta";"18:15:00";"SP";116;"301";"SAO LOURENCO DA SERRA";"Falta de atenção";"Atropelamento de pessoa";"Com Vítimas Fatais";"Anoitecer";"Decrescente";"Nublado";"Dupla";"Reta";"Rural";2;1;0;0;1;0;0;1
83466197;"19/05/16";"Quinta";"16:30:00";"MT";163;"596";"NOVA MUTUM";"Desobediência à sinalização";"Colisão Transversal";"Com Vítimas Feridas";"Pleno dia";"Crescente";"Nublado";"Dupla";"Reta";"Urbano";4;0;0;2;2;0;2;2
83466198;"19/05/16";"Quinta";"23:00:00";"BA";407;"97";"JAGUARARI";"Não guardar distância de segurança";"Colisão traseira";"Com Vítimas Feridas";"Plena noite";"Crescente";"Ceu Claro";"Simples";"Curva";"Rural";3;0;0;1;2;0;1;2
83466199;"19/05/16";"Quinta";"22:00:00";"RJ";116;"189";"QUEIMADOS";"Outras";"Colisão com objeto fixo";"Sem Vítimas";"Plena noite";"Decrescente";"Chuva";"Dupla";"Reta";"Urbano";1;0;0;0;1;0;0;1