"id";"data_inversa";"dia_semana";"horario";"uf";"br";"km";"municipio";"causa_acidente";"tipo_acidente";"classificacao_acidente";"fase_dia";"sentido_via";"condicao_metereologica";"tipo_pista";"tracado_via";"uso_solo";"pessoas";"mortos";"feridos_leves";"feridos_graves";"ilesos";"ignorados";"feridos";"veiculos"
83466427;"20/05/16";"Sexta";"12:40:00";"MT";158;"565";"AGUA BOA";"Ingestão de álcool";"Colisão traseira";"Sem Vítimas";"Pleno dia";"Decrescente";"Ceu Claro";"Dupla";"Reta";"Urbano";2;0;0;0;2;0;0;2
83466428;"20/05/16";"Sexta";"13:15:00";"AC";317;"266";"EPITACIOLANDIA";"Falta de atenção";"Colisão traseira";"Com Vítimas Feridas";"Pleno dia";"Crescente";"Ceu Claro";"Simples";"Reta";"Rural";2;0;0;1;1;0;1;2
83466429;"20/05/16";"Sexta";"15:40:00";"MT";163;"514,5";"DIAMANTINO";"Outras";"Saída de Pista";"Sem Vítimas";"Pleno dia";"Decrescente";"Chuva";"Simples";"Reta";"Rural";2;0;0;0;2;0;0;2
83466430;"20/05/16";"Sexta";"12:05:00";"MT";70;"1";"BARRA DO GARCAS";"Ultrapassagem indevida";"Colisão Transversal";"Sem Vítimas";"Pleno dia";"Decrescente";"Ceu Claro";"Simples";"Curva";"Urbano";2;0;0;0;2;0;0;2
83466431;"20/05/16";"Sexta";"18:00:00";"SC";101;"207";"SAO JOSE";"Falta de atenção";"Colisão traseira";"Sem Vítimas";"Plena noite";"Crescente";"Chuva";"Dupla";"Curva";"Urbano";4;0;0;0;4;0;0;4
83466432;"20/05/16";"Sexta";"10:10:00";"RR";401;"2";"BOA VISTA";"Falta de atenção";"Colisão Transversal";"Com Vítimas Feridas";"Pleno dia";"Crescente";"Ceu Claro";"Dupla";"Reta";"Urbano";3;0;1;0;2;0;1;2
83466433;"20/05/16";"Sexta";"18:30:00";"RS";116;"243,6";"SAO LEOPOLDO";"Desobediência à sinalização";"Colisão com bicicleta";"Com Vítimas Feridas";"Plena noite";"Crescente";"Chuva";"Dupla";"Reta";"Urbano";2;0;0;1;1;0;1;2
83466434;"17/05/16";"Terça";"07:30:00";"MG";381;"290";"ANTONIO DIAS";"Velocidade incompatível";"Tombamento";"Com Vítimas Feridas";"Pleno dia";"Decrescente";"Ceu Claro";"Simples";"Curva";"Rural";1;0;0;1;0;0;1;1
83466435;"20/05/16";"Sexta";"17:20:00";"SC";101;"213,6";"PALHOCA";"Não guardar distância de segurança";"Colisão lateral";"Sem Vítimas";"Anoitecer";"Crescente";"Chuva";"Múltipla";"Reta";"Urbano";2;0;0;0;2;0;0;2
83466436;"20/05/16";"Sexta";"19:30:00";"SC";470;"54";"BLUMENAU";"Falta de atenção";"Colisão Transversal";"Sem Vítimas";"Plena noite";"Crescente";"Chuva";"Simples";"Reta";"Urbano";2;0;0;0;2;0;0;2
83466437;"20/05/16";"Sexta";"16:30:00";"GO";153;"297,5";"RIALMA";"Outras";"Saída de Pista";"Sem Vítimas";"Pleno dia";"Crescente";"Chuva";"Simples";"Reta";"Rural";2;0;0;0;2;0;0;1
83466438;"20/05/16";"Sexta";"19:10:00";"SC";101;"144,6";"ITAPEMA";"Ingestão de álcool";"Colisão lateral";"Com Vítimas Feridas";"Plena noite";"Crescente";"Chuva";"Dupla";"Reta";"Urbano";2;0;1;0;1;0;1;2
83466439;"20/05/16";"Sexta";"16:30:00";"SC";116;"298,2";"CAPAO ALTO";"Velocidade incompatível";"Saída de Pista";"Sem Vítimas";"Pleno dia";"Crescente";"Chuva";"Simples";"Curva";"Rural";1;0;0;0;1;0;0;1
83466440;"20/05/16";"Sexta";"15:00:00";"PR";376;"124";"ALTO PARANA";"Outras";"Capotamento";"Com Vítimas Feridas";"Pleno dia";"Crescente";"Nublado";"Simples";"Reta";"Rural";2;0;2;0;0;0;2;1
83466441;"20/05/16";"Sexta";"12:30:00";"PR";376;"652";"TIJUCAS DO SUL";"Velocidade incompatível";"Colisão com objeto fixo";"Sem Vítimas";"Pleno dia";"Decrescente";"Chuva";"Dupla";"Curva";"Rural";1;0;0;0;1;0;0;1
83466442;"20/05/16";"Sexta";"18:15:00";"SP";101;"50,5";"UBATUBA";"Falta de atenção";"Colisão lateral";"Com Vítimas Feridas";"Plena noite";"Crescente";"Nublado";"Simples";"Reta";"Urbano";4;0;1;0;3;0;1;2
83466443;"20/05/16";"Sexta";"17:50:00";"RS";116;"231,3";"IVOTI";"Desobediência à sinalização";"Colisão Transversal";"Com Vítimas Feridas";"Plena noite";"Decrescente";"Chuva";"Dupla";"Reta";"Urbano";3;0;1;0;2;0;1;2
83466444;"08/05/16";"Domingo";"09:20:00";"PI";316;"3,3";"TERESINA";"Outras";"Colisão Transversal";"Com Vítimas Fatais";"Pleno dia";"Crescente";"Ceu Claro";"Simples";"Cruzamento";"Urbano";2;1;0;0;1;0;0;2
83466445;"19/05/16";"Quinta";"13:35:00";"SC";101;"342,1";"TUBARAO";"Falta de atenção";"Colisão com objeto fixo";"Com Vítimas Feridas";"Pleno dia";"Crescente";"Sol";"Simples";"Reta";"Urbano";1;0;1;0;0;0;1;1
83466446;"20/05/16";"Sexta";"17:55:00";"GO";60;"96,4";"ANAPOLIS";"Outras";"Queda de motocicleta / bicicleta / veículo";"Com Vítimas Feridas";"Pleno dia";"Decrescente";"Ceu Claro";"Dupla";"Reta";"Urbano";1;0;0;1;0;0;1;1
83466447;"20/05/16";"Sexta";"18:50:00";"SC";280;"127";"RIO NEGRINHO";"Falta de atenção";"Colisão Transversal";"Com Vítimas Feridas";"Anoitecer";"Crescente";"Chuva";"Simples";"Reta";"Urbano";4;0;1;0;3;0;1;2
83466448;"20/05/16";"Sexta";"17:40:00";"MG";116;"705";"MURIAE";"Falta de atenção";"Colisão Transversal";"Com Vítimas Feridas";"Plena noite";"Decrescente";"Ignorada";"Simples";"Reta";"Urbano";3;0;2;0;1;0;2;2
83466449;"20/05/16";"Sexta";"19:30:00";"SE";235;"41";"ITABAIANA";"Falta de atenção";"Colisão Transversal";"Com Vítimas Feridas";"Plena noite";"Decrescente";"Ceu Claro";"Simples";"Reta";"Rural";2;0;0;1;0;1;1;2
83466450;"20/05/16";"Sexta";"18:00:00";"MG";356;"267,5";"MURIAE";"Falta de atenção";"Colisão Transversal";"Com Vítimas Feridas";"Plena noite";"Decrescente";"Ceu Claro";"Simples";"Reta";"Urbano";2;0;1;0;0;1;1;2
83466451;"10/04/16";"Domingo";"08:15:00";"SC";282;"618,1";"IRACEMINHA";"Desobediência à sinalização";"Colisão frontal";"Com Vítimas Fatais";"Pleno dia";"Crescente";"Chuva";"Simples";"Curva";"Rural";3;2;0;0;1;0;0;2
83466453;"20/05/16";"Sexta";"18:00:00";"RN";101;"107,4";"PARNAMIRIM";"Falta de atenção";"Colisão Transversal";"Com Vítimas Feridas";"Plena noite";"Crescente";"Nublado";"Dupla";"Reta";"Urbano";2;0;1;0;1;0;1;2
83466454;"20/05/16";"Sexta";"06:10:00";"AC";364;"32";"ACRELANDIA";"Outras";"Capotamento";"Com Vítimas Feridas";"Amanhecer";"Decrescente";"Ceu Claro";"Simples";"Reta";"Rural";2;0;1;0;1;0;1;1
83466455;"20/05/16";"Sexta";"18:35:00";"MS";267;"481,1";"JARDIM";"Falta de atenção";"Colisão Transversal";"Com Vítimas Feridas";"Plena noite";"Decrescente";"Nublado";"Simples";"Reta";"Urbano";2;0;1;0;1;0;1;2
83466456;"20/05/16";"Sexta";"17:00:00";"SC";101;"115,4";"ITAJAI";"Outras";"Saída de Pista";"Sem Vítimas";"Plena noite";"Decrescente";"Chuva";"Múltipla";"Reta";"Rural";1;0;0;0;1;0;0;1
83466457;"20/05/16";"Sexta";"18:20:00";"RS";290;"477";"ROSARIO DO SUL";"Animais na Pista";"Atropelamento de animal";"Com Vítimas Feridas";"Plena noite";"Crescente";"Nublado";"Simples";"Reta";"Rural";6;0;2;0;4;0;2;3
83466458;"20/05/16";"Sexta";"19:50:00";"ES";101;"146,9";"LINHARES";"Não guardar distância de segurança";"Colisão traseira";"Com Vítimas Feridas";"Plena noite";"Decrescente";"Ceu Claro";"Múltipla";"Reta";"Urbano";2;0;1;0;0;1;1;2
83466460;"20/05/16";"Sexta";"19:40:00";"GO";153;"584";"PIRACANJUBA";"Velocidade incompatível";"Capotamento";"Com Vítimas Feridas";"Plena noite";"Crescente";"Ceu Claro";"Dupla";"Curva";"Rural";1;0;0;1;0;0;1;1
83466461;"20/05/16";"Sexta";"18:00:00";"SC";470;"52,6";"BLUMENAU";"Outras";"Atropelamento de pessoa";"Com Vítimas Feridas";"Plena noite";"Crescente";"Chuva";"Simples";"Reta";"Urbano";2;0;0;1;1;0;1;1
83466462;"20/05/16";"Sexta";"16:30:00";"CE";20;"351";"CARIDADE";"Defeito na via";"Saída de Pista";"Sem Vítimas";"Pleno dia";"Decrescente";"Ceu Claro";"Simples";"Reta";"Rural";1;0;0;0;1;0;0;1
83466463;"20/05/16";"Sexta";"18:00:00";"SC";101;"123";"ITAJAI";"Desobediência à sinalização";"Colisão Transversal";"Com Vítimas Feridas";"Anoitecer";"Decrescente";"Chuva";"Múltipla";"Cruzamento";"Urbano";2;0;1;0;1;0;1;2
83466464;"20/05/16";"Sexta";"18:00:00";"SE";101;"45";"JAPARATUBA";"Outras";"Derramamento de Carga";"Sem Vítimas";"Plena noite";"Crescente";"Nublado";"Dupla";"Reta";"Rural";3;0;0;0;3;0;0;3
83466465;"17/05/16";"Terça";"05:45:00";"MG";381;"671,1";"PERDOES";"Outras";"Queda de motocicleta / bicicleta / veículo";"Com Vítimas Feridas";"Amanhecer";"Decrescente";"Ceu Claro";"Dupla";"Reta";"Rural";1;0;1;0;0;0;1;1
83466466;"20/05/16";"Sexta";"11:55:00";"BA";116;"461";"SANTO ESTEVAO";"Falta de atenção";"Colisão com bicicleta";"Com Vítimas Feridas";"Pleno dia";"Decrescente";"Sol";"Simples";"Reta";"Urbano";2;0;1;0;1;0;1;2
83466467;"02/05/16";"Segunda";"22:10:00";"PB";230;"14";"CABEDELO";"Falta de atenção";"Atropelamento de pessoa";"Com Vítimas Feridas";"Plena noite";"Decrescente";"Ceu Claro";"Dupla";"Reta";"Urbano";2;0;0;1;0;1;1;1
83466468;"16/05/16";"Segunda";"15:00:00";"RJ";393;"290";"VOLTA REDONDA";"Falta de atenção";"Colisão lateral";"Com Vítimas Feridas";"Pleno dia";"Decrescente";"Ceu Claro";"Dupla";"Cruzamento";"Urbano";2;0;2;0;0;0;2;2
83466469;"20/05/16";"Sexta";"17:00:00";"RJ";40;"94";"PETROPOLIS";"Outras";"Queda de motocicleta / bicicleta / veículo";"Com Vítimas Feridas";"Anoitecer";"Decrescente";"Ceu Claro";"Simples";"Curva";"Urbano";2;0;2;0;0;0;2;1
83466470;"20/05/16";"Sexta";"19:00:00";"SC";101;"123,2";"ITAJAI";"Não guardar distância de segurança";"Colisão traseira";"Sem Vítimas";"Plena noite";"Crescente";"Chuva";"Múltipla";"Cruzamento";"Urbano";2;0;0;0;2;0;0;2
83466471;"20/05/16";"Sexta";"16:45:00";"RS";386;"27,5";"FREDERICO WESTPHALEN";"Ultrapassagem indevida";"Colisão frontal";"Sem Vítimas";"Pleno dia";"Crescente";"Nevoeiro/neblina";"Simples";"Reta";"Rural";2;0;0;0;2;0;0;2
83466472;"20/05/16";"Sexta";"14:10:00";"RS";470;"227,5";"GARIBALDI";"Outras";"Saída de Pista";"Com Vítimas Feridas";"Pleno dia";"Decrescente";"Chuva";"Simples";"Reta";"Rural";1;0;1;0;0;0;1;1
83466473;"20/05/16";"Sexta";"17:30:00";"MT";174;"283,9";"PONTES E LACERDA";"Ultrapassagem indevida";"Colisão frontal";"Com Vítimas Feridas";"Anoitecer";"Crescente";"Ceu Claro";"Simples";"Reta";"Rural";2;0;1;0;1;0;1;2
83466474;"20/05/16";"Sexta";"19:15:00";"PR";376;"171";"MARINGA";"Falta de atenção";"Colisão lateral";"Com Vítimas Feridas";"Plena noite";"Decrescente";"Chuva";"Dupla";"Reta";"Urbano";2;0;1;0;1;0;1;2
83466475;"20/05/16";"Sexta";"16:15:00";"PR";376;"177,5";"MARINGA";"Não guardar distância de segurança";"Colisão traseira";"Sem Vítimas";"Pleno dia";"Crescente";"Chuva";"Dupla";"Cruzamento";"Urbano";2;0;0;0;2;0;0;2
83466476;"20/05/16";"Sexta";"17:15:00";"RS";386;"417";"TRIUNFO";"Desobediência à sinalização";"Colisão com objeto fixo";"Sem Vítimas";"Anoitecer";"Crescente";"Nublado";"Simples";"Reta";"Urbano";5;0;0;0;5;0;0;2
83466477;"20/05/16";"Sexta";"09:00:00";"MA";316;"268";"SANTA INES";"Falta de atenção";"Colisão lateral";"Sem Vítimas";"Pleno dia";"Decrescente";"Ceu Claro";"Simples";"Curva";"Urbano";2;0;0;0;2;0;0;2
83466478;"20/05/16";"Sexta";"09:00:00";"PR";476;"224";"LAPA";"Velocidade incompatível";"Capotamento";"Sem Vítimas";"Pleno dia";"Crescente";"Chuva";"Simples";"Curva";"Rural";1;0;0;0;1;0;0;1
83466479;"20/05/16";"Sexta";"20:25:00";"SC";101;"139";"BALNEARIO CAMBORIU";"Outras";"Colisão lateral";"Com Vítimas Feridas";"Plena noite";"Crescente";"Chuva";"Simples";"Curva";"Rural";3;0;1;0;2;0;1;2
83466480;"20/05/16";"Sexta";"20:45:00";"MG";381;"503";"BETIM";"Outras";"Colisão com objeto fixo";"Com Vítimas Feridas";"Plena noite";"Crescente";"Ceu Claro";"Dupla";"Reta";"Urbano";2;0;2;0;0;0;2;1
83466481;"20/05/16";"Sexta";"15:00:00";"SC";101;"224,8";"PALHOCA";"Dormindo";"Colisão traseira";"Com Vítimas Feridas";"Pleno dia";"Crescente";"Chuva";"Dupla";"Reta";"Urbano";2;0;1;0;1;0;1;2
83466482;"20/05/16";"Sexta";"19:10:00";"PR";277;"6";"PARANAGUA";"Velocidade incompatível";"Saída de Pista";"Com Vítimas Feridas";"Plena noite";"Decrescente";"Chuva";"Dupla";"Reta";"Rural";1;0;1;0;0;0;1;1
83466483;"20/05/16";"Sexta";"18:40:00";"MG";40;"673,5";"CARANDAI";"Falta de atenção";"Colisão traseira";"Com Vítimas Feridas";"Plena noite";"Decrescente";"Ceu Claro";"Simples";"Reta";"Rural";4;0;0;1;2;1;1;3
83466485;"20/05/16";"Sexta";"18:30:00";"ES";101;"266,5";"SERRA";"Velocidade incompatível";"Colisão Transversal";"Com Vítimas Feridas";"Anoitecer";"Decrescente";"Nublado";"Múltipla";"Reta";"Urbano";3;0;0;2;1;0;2;3
83466486;"20/05/16";"Sexta";"17:35:00";"RS";392;"294,2";"SAO SEPE";"Falta de atenção";"Colisão traseira";"Sem Vítimas";"Anoitecer";"Crescente";"Nublado";"Simples";"Reta";"Rural";3;0;0;0;3;0;0;3
83466487;"20/05/16";"Sexta";"20:00:00";"DF";20;"17";"BRASILIA";"Falta de atenção";"Colisão traseira";"Sem Vítimas";"Plena noite";"Crescente";"Ceu Claro";"Dupla";"Reta";"Rural";4;0;0;0;4;0;0;4
83466489;"14/05/16";"Sábado";"09:00:00";"ES";259;"12,3";"SERRA";"Outras";"Colisão com objeto fixo";"Sem Vítimas";"Pleno dia";"Crescente";"Nublado";"Simples";"Curva";"Rural";1;0;0;0;1;0;0;1
83466490;"20/05/16";"Sexta";"14:20:00";"SC";280;"4,7";"SAO FRANCISCO DO SUL";"Falta de atenção";"Colisão Transversal";"Sem Vítimas";"Pleno dia";"Crescente";"Nublado";"Simples";"Cruzamento";"Urbano";2;0;0;0;2;0;0;2
83466492;"20/05/16";"Sexta";"17:15:00";"SP";116;"67,7";"APARECIDA";"Outras";"Capotamento";"Com Vítimas Feridas";"Pleno dia";"Crescente";"Ceu Claro";"Dupla";"Reta";"Rural";1;0;1;0;0;0;1;1
83466493;"20/05/16";"Sexta";"18:30:00";"RJ";101;"313";"SAO GONCALO";"Velocidade incompatível";"Colisão lateral";"Com Vítimas Feridas";"Plena noite";"Crescente";"Ceu Claro";"Dupla";"Reta";"Urbano";2;0;1;0;0;1;1;2
83466494;"20/05/16";"Sexta";"16:45:00";"MG";262;"40,2";"MANHUACU";"Outras";"Atropelamento de pessoa";"Com Vítimas Feridas";"Pleno dia";"Decrescente";"Nublado";"Simples";"Reta";"Rural";2;0;0;1;1;0;1;1
83466495;"16/05/16";"Segunda";"10:10:00";"DF";40;"3,3";"BRASILIA";"Outras";"Capotamento";"Sem Vítimas";"Pleno dia";"Decrescente";"Nublado";"Dupla";"Reta";"Urbano";1;0;0;0;1;0;0;1
83466496;"20/05/16";"Sexta";"14:05:00";"SP";153;"87,5";"MIRASSOL";"Outras";"Saída de Pista";"Sem Vítimas";"Pleno dia";"Crescente";"Ceu Claro";"Simples";"Reta";"Rural";1;0;0;0;1;0;0;1
83466497;"20/05/16";"Sexta";"14:40:00";"PE";116;"65";"CABROBO";"Não guardar distância de segurança";"Colisão lateral";"Sem Vítimas";"Pleno dia";"Decrescente";"Ceu Claro";"Simples";"Reta";"Rural";2;0;0;0;2;0;0;2
83466498;"20/05/16";"Sexta";"17:30:00";"BA";242;"880";"LUIS EDUARDO MAGALHAES";"Falta de atenção";"Capotamento";"Com Vítimas Feridas";"Anoitecer";"Crescente";"Ceu Claro";"Dupla";"Reta";"Urbano";2;0;1;0;1;0;1;1
83466499;"20/05/16";"Sexta";"19:15:00";"MT";364;"271,8";"JACIARA";"Ultrapassagem indevida";"Colisão lateral";"Sem Vítimas";"Plena noite";"Crescente";"Ignorada";"Simples";"Reta";"Urbano";3;0;0;0;2;1;0;3
83466500;"20/05/16";"Sexta";"15:10:00";"SC";280;"32";"ARAQUARI";"Não guardar distância de segurança";"Colisão traseira";"Sem Vítimas";"Pleno dia";"Decrescente";"Chuva";"Simples";"Curva";"Urbano";2;0;0;0;2;0;0;2
83466501;"20/05/16";"Sexta";"19:40:00";"GO";70;"24,9";"COCALZINHO DE GOIAS";"Falta de atenção";"Colisão traseira";"Com Vítimas Feridas";"Plena noite";"Decrescente";"Ceu Claro";"Dupla";"Reta";"Urbano";3;0;0;1;2;0;1;3
83466502;"20/05/16";"Sexta";"21:00:00";"MT";364;"40,5";"ALTO GARCAS";"Outras";"Derramamento de Carga";"Sem Vítimas";"Plena noite";"Decrescente";"Ceu Claro";"Simples";"Reta";"Rural";1;0;0;0;1;0;0;1
83466503;"20/05/16";"Sexta";"16:30:00";"RO";364;"610";"PORTO VELHO";"Velocidade incompatível";"Tombamento";"Com Vítimas Feridas";"Pleno dia";"Decrescente";"Chuva";"Simples";"Reta";"Rural";1;0;1;0;0;0;1;1
83466504;"20/05/16";"Sexta";"18:15:00";"PR";476;"159,3";"ARAUCARIA";"Falta de atenção";"Colisão traseira";"Com Vítimas Feridas";"Plena noite";"Crescente";"Chuva";"Simples";"Reta";"Rural";3;0;1;0;2;0;1;3
83466505;"20/05/16";"Sexta";"21:30:00";"PE";232;"130,3";"CARUARU";"Outras";"Capotamento";"Com Vítimas Feridas";"Plena noite";"Crescente";"Nublado";"Dupla";"Reta";"Rural";7;0;2;2;2;1;4;3
83466506;"20/05/16";"Sexta";"21:25:00";"SC";101;"304";"LAGUNA";"Não guardar distância de segurança";"Colisão traseira";"Com Vítimas Feridas";"Plena noite";"Decrescente";"Nublado";"Dupla";"Reta";"Rural";2;0;1;0;1;0;1;2
83466507;"20/05/16";"Sexta";"16:30:00";"RS";290;"581";"ALEGRETE";"Falta de atenção";"Colisão traseira";"Com Vítimas Feridas";"Pleno dia";"Decrescente";"Ceu Claro";"Simples";"Reta";"Rural";4;0;2;0;2;0;2;2
83466508;"20/05/16";"Sexta";"19:45:00";"MG";381;"898,5";"CAMBUI";"Falta de atenção";"Atropelamento de pessoa";"Com Vítimas Feridas";"Plena noite";"Crescente";"Nublado";"Dupla";"Reta";"Urbano";2;0;0;2;0;0;2;1
83466509;"20/05/16";"Sexta";"21:00:00";"MT";364;"450";"VARZEA GRANDE";"Defeito mecânico em veículo";"Incêndio";"Sem Vítimas";"Plena noite";"Crescente";"Ceu Claro";"Simples";"Reta";"Rural";1;0;0;0;1;0;0;1
83466510;"20/05/16";"Sexta";"21:40:00";"SP";116;"103,8";"TAUBATE";"Defeito mecânico em veículo";"Colisão com objeto móvel";"Sem Vítimas";"Plena noite";"Decrescente";"Ceu Claro";"Dupla";"Reta";"Urbano";3;0;0;0;3;0;0;3
83466511;"20/05/16";"Sexta";"22:00:00";"MS";163;"533,4";"JARAGUARI";"Outras";"Colisão com objeto fixo";"Sem Vítimas";"Plena noite";"Crescente";"Ceu Claro";"Dupla";"Reta";"Rural";1;0;0;0;1;0;0;1
83466512;"20/05/16";"Sexta";"15:00:00";"MS";163;"574,3";"BANDEIRANTES";"Outras";"Capotamento";"Com Vítimas Feridas";"Pleno dia";"Crescente";"Sol";"Simples";"Reta";"Rural";5;0;2;0;3;0;2;1
83466513;"20/05/16";"Sexta";"11:40:00";"SP";116;"227";"GUARULHOS";"Falta de atenção";"Colisão traseira";"Com Vítimas Feridas";"Pleno dia";"Crescente";"Nublado";"Múltipla";"Reta";"Urbano";3;0;1;0;2;0;1;3
83466514;"20/05/16";"Sexta";"23:05:00";"SP";116;"417";"JUQUIA";"Outras";"Capotamento";"Sem Vítimas";"Plena noite";"Decrescente";"Chuva";"Dupla";"Reta";"Rural";1;0;0;0;1;0;0;1
83466515;"20/05/16";"Sexta";"22:50:00";"SE";101;"185,5";"UMBAUBA";"Animais na Pista";"Atropelamento de animal";"Com Vítimas Feridas";"Plena noite";"Decrescente";"Chuva";"Simples";"Reta";"Rural";2;0;2;0;0;0;2;1
83466516;"14/05/16";"Sábado";"21:20:00";"ES";101;"263,9";"SERRA";"Desobediência à sinalização";"Colisão Transversal";"Sem Vítimas";"Plena noite";"Crescente";"Nublado";"Dupla";"Cruzamento";"Urbano";2;0;0;0;2;0;0;2
83466517;"20/05/16";"Sexta";"18:20:00";"RO";364;"711";"PORTO VELHO";"Falta de atenção";"Colisão lateral";"Com Vítimas Feridas";"Anoitecer";"Crescente";"Ceu Claro";"Dupla";"Reta";"Urbano";3;0;0;1;2;0;1;2
83466518;"20/05/16";"Sexta";"14:05:00";"PR";163;"4,8";"BARRACAO";"Ultrapassagem indevida";"Colisão frontal";"Com Vítimas Feridas";"Pleno dia";"Crescente";"Chuva";"Simples";"Reta";"Rural";2;0;1;0;1;0;1;2
83466519;"20/05/16";"Sexta";"15:40:00";"PB";230;"32";"BAYEUX";"Não guardar distância de segurança";"Colisão traseira";"Sem Vítimas";"Pleno dia";"Crescente";"Ceu Claro";"Dupla";"Reta";"Urbano";3;0;0;0;3;0;0;3
83466520;"20/05/16";"Sexta";"23:58:00";"PI";316;"9,4";"TERESINA";"Outras";"Colisão com bicicleta";"Com Vítimas Feridas";"Plena noite";"Crescente";"Ceu Claro";"Simples";"Reta";"Urbano";2;0;0;1;0;1;1;2
83466521;"20/05/16";"Sexta";"09:30:00";"PR";277;"185";"PALMEIRA";"Velocidade incompatível";"Saída de Pista";"Sem Vítimas";"Pleno dia";"Decrescente";"Chuva";"Simples";"Curva";"Rural";1;0;0;0;1;0;0;1
83466522;"20/05/16";"Sexta";"19:00:00";"MT";163;"949,5";"NOVA SANTA HELENA";"Velocidade incompatível";"Colisão lateral";"Com Vítimas Fatais";"Plena noite";"Crescente";"Ceu Claro";"Simples";"Reta";"Rural";5;1;2;0;1;1;2;3
83466523;"20/05/16";"Sexta";"13:20:00";"RO";364;"202,9";"PIMENTA BUENO";"Defeito mecânico em veículo";"Saída de Pista";"Sem Vítimas";"Pleno dia";"Crescente";"Sol";"Simples";"Reta";"Rural";1;0;0;0;1;0;0;1
83466524;"20/05/16";"Sexta";"22:40:00";"SP";116;"270";"TABOAO DA SERRA";"Não guardar distância de segurança";"Colisão traseira";"Com Vítimas Feridas";"Plena noite";"Crescente";"Nublado";"Dupla";"Reta";"Urbano";5;0;1;0;4;0;1;5
83466525;"20/05/16";"Sexta";"18:30:00";"MS";163;"113";"ITAQUIRAI";"Falta de atenção";"Tombamento";"Com Vítimas Feridas";"Anoitecer";"Decrescente";"Nublado";"Simples";"Reta";"Rural";1;0;1;0;0;0;1;1
83466526;"20/05/16";"Sexta";"17:50:00";"PR";476;"150";"ARAUCARIA";"Não guardar distância de segurança";"Colisão traseira";"Com Vítimas Feridas";"Plena noite";"Crescente";"Chuva";"Dupla";"Reta";"Rural";4;0;1;0;1;2;1;3
83466527;"21/05/16";"Sábado";"00:05:00";"MG";262;"801,5";"UBERABA";"Falta de atenção";"Colisão traseira";"Com Vítimas Feridas";"Plena noite";"Decrescente";"Ceu Claro";"Dupla";"Reta";"Urbano";2;0;0;1;0;1;1;2
83466528;"20/05/16";"Sexta";"23:30:00";"RS";101;"11";"MAQUINE";"Outras";"Colisão frontal";"Com Vítimas Feridas";"Plena noite";"Crescente";"Chuva";"Simples";"Reta";"Rural";6;0;0;5;1;0;5;3
83466529;"20/05/16";"Sexta";"19:00:00";"PR";376;"587";"CURITIBA";"Não guardar distância de segurança";"Colisão traseira";"Sem Vítimas";"Plena noite";"Decrescente";"Chuva";"Dupla";"Reta";"Urbano";2;0;0;0;2;0;0;2
83466530;"20/05/16";"Sexta";"19:20:00";"AC";364;"132";"RIO BRANCO";"Defeito na via";"Queda de motocicleta / bicicleta / veículo";"Com Vítimas Feridas";"Plena noite";"Crescente";"Ceu Claro";"Simples";"Reta";"Urbano";1;0;0;1;0;0;1;1
83466531;"21/05/16";"Sábado";"01:30:00";"SP";116;"417";"JUQUIA";"Outras";"Colisão traseira";"Sem Vítimas";"Plena noite";"Decrescente";"Chuva";"Dupla";"Reta";"Rural";2;0;0;0;2;0;0;2
83466532;"20/05/16";"Sexta";"14:00:00";"DF";60;"4,2";"BRASILIA";"Falta de atenção";"Colisão traseira";"Com Vítimas Feridas";"Pleno dia";"Decrescente";"Sol";"Dupla";"Reta";"Urbano";3;0;0;1;2;0;1;2
83466533;"21/05/16";"Sábado";"00:00:00";"MA";10;"249";"IMPERATRIZ";"Desobediência à sinalização";"Colisão traseira";"Com Vítimas Feridas";"Plena noite";"Decrescente";"Ceu Claro";"Simples";"Reta";"Urbano";2;0;0;1;1;0;1;2
83466534;"20/05/16";"Sexta";"22:50:00";"PI";230;"300,2";"FLORIANO";"Velocidade incompatível";"Tombamento";"Sem Vítimas";"Plena noite";"Decrescente";"Ceu Claro";"Simples";"Curva";"Rural";1;0;0;0;1;0;0;1
83466535;"21/05/16";"Sábado";"01:15:00";"PR";153;"19,6";"JACAREZINHO";"Falta de atenção";"Saída de Pista";"Com Vítimas Feridas";"Plena noite";"Crescente";"Chuva";"Simples";"Reta";"Urbano";1;0;1;0;0;0;1;1
83466536;"20/05/16";"Sexta";"18:50:00";"RS";287;"269";"SANTA MARIA";"Animais na Pista";"Atropelamento de animal";"Com Vítimas Feridas";"Plena noite";"Crescente";"Chuva";"Simples";"Reta";"Rural";1;0;0;1;0;0;1;1
83466537;"20/05/16";"Sexta";"22:00:00";"PR";369;"164";"CAMBE";"Animais na Pista";"Atropelamento de animal";"Sem Vítimas";"Plena noite";"Decrescente";"Chuva";"Dupla";"Reta";"Rural";1;0;0;0;1;0;0;1
83466538;"20/05/16";"Sexta";"22:00:00";"MT";163;"547,1";"DIAMANTINO";"Não guardar distância de segurança";"Colisão traseira";"Sem Vítimas";"Plena noite";"Decrescente";"Ceu Claro";"Simples";"Reta";"Rural";2;0;0;0;2;0;0;2
83466540;"20/05/16";"Sexta";"19:05:00";"GO";60;"115";"GOIANAPOLIS";"Velocidade incompatível";"Colisão traseira";"Com Vítimas Feridas";"Plena noite";"Crescente";"Ceu Claro";"Dupla";"Reta";"Rural";4;0;2;1;1;0;3;2