"id";"data_inversa";"dia_semana";"horario";"uf";"br";"km";"municipio";"causa_acidente";"tipo_acidente";"classificacao_acidente";"fase_dia";"sentido_via";"condicao_metereologica";"tipo_pista";"tracado_via";"uso_solo";"pessoas";"mortos";"feridos_leves";"feridos_graves";"ilesos";"ignorados";"feridos";"veiculos"
83466766;"21/05/16";"Sábado";"18:30:00";"MT";163;"947";"NOVA SANTA HELENA";"Defeito na via";"Saída de Pista";"Com Vítimas Feridas";"Plena noite";"Decrescente";"Ceu Claro";"Simples";"Reta";"Rural";5;0;3;0;2;0;3;1
83466767;"21/05/16";"Sábado";"18:30:00";"CE";222;"108";"ITAPAGE";"Ultrapassagem indevida";"Colisão frontal";"Com Vítimas Feridas";"Plena noite";"Crescente";"Ceu Claro";"Simples";"Reta";"Rural";3;0;0;1;2;0;1;2
83466768;"21/05/16";"Sábado";"10:34:00";"MG";381;"700,7";"LAVRAS";"Velocidade incompatível";"Colisão com objeto fixo";"Sem Vítimas";"Pleno dia";"Crescente";"Nublado";"Dupla";"Curva";"Rural";1;0;0;0;1;0;0;1
83466769;"21/05/16";"Sábado";"18:30:00";"PR";487;"251,9";"IRETAMA";"Ingestão de álcool";"Colisão frontal";"Com Vítimas Feridas";"Anoitecer";"Decrescente";"Nublado";"Simples";"Curva";"Rural";2;0;0;1;1;0;1;2
83466770;"21/05/16";"Sábado";"21:45:00";"MG";116;"277,2";"TEOFILO OTONI";"Não guardar distância de segurança";"Colisão traseira";"Sem Vítimas";"Plena noite";"Crescente";"Chuva";"Simples";"Reta";"Urbano";2;0;0;0;2;0;0;2
83466771;"21/05/16";"Sábado";"10:30:00";"TO";153;"317";"GUARAI";"Defeito mecânico em veículo";"Saída de Pista";"Com Vítimas Feridas";"Pleno dia";"Decrescente";"Ceu Claro";"Simples";"Reta";"Rural";3;0;1;1;1;0;2;1
83466772;"21/05/16";"Sábado";"18:00:00";"ES";101;"83,8";"SAO MATEUS";"Dormindo";"Colisão lateral";"Com Vítimas Feridas";"Plena noite";"Crescente";"Ceu Claro";"Simples";"Reta";"Rural";3;0;0;1;2;0;1;3
83466773;"21/05/16";"Sábado";"12:50:00";"PB";230;"16,8";"JOAO PESSOA";"Defeito mecânico em veículo";"Queda de motocicleta / bicicleta / veículo";"Com Vítimas Feridas";"Pleno dia";"Decrescente";"Ceu Claro";"Dupla";"Reta";"Urbano";2;0;2;0;0;0;2;1
83466774;"21/05/16";"Sábado";"20:30:00";"SP";116;"484,2";"CAJATI";"Falta de atenção";"Colisão traseira";"Com Vítimas Feridas";"Plena noite";"Decrescente";"Nublado";"Dupla";"Reta";"Rural";2;0;0;2;0;0;2;2
83466775;"21/05/16";"Sábado";"22:00:00";"RJ";101;"321";"NITEROI";"Outras";"Colisão com objeto fixo";"Sem Vítimas";"Plena noite";"Decrescente";"Nublado";"Dupla";"Reta";"Urbano";1;0;0;0;1;0;0;1
83466776;"21/05/16";"Sábado";"06:30:00";"RJ";101;"297";"ITABORAI";"Outras";"Colisão com objeto fixo";"Com Vítimas Feridas";"Pleno dia";"Crescente";"Nublado";"Dupla";"Curva";"Urbano";2;0;1;0;1;0;1;1
83466777;"21/05/16";"Sábado";"17:40:00";"ES";101;"23,8";"CONCEICAO DA BARRA";"Outras";"Queda de motocicleta / bicicleta / veículo";"Com Vítimas Feridas";"Anoitecer";"Decrescente";"Nublado";"Simples";"Reta";"Rural";1;0;0;1;0;0;1;1
83466778;"21/05/16";"Sábado";"23:35:00";"MG";459;"13";"CALDAS";"Velocidade incompatível";"Saída de Pista";"Com Vítimas Feridas";"Plena noite";"Crescente";"Nublado";"Simples";"Curva";"Rural";1;0;0;1;0;0;1;1
83466779;"21/05/16";"Sábado";"22:30:00";"RS";285;"290,4";"PASSO FUNDO";"Ingestão de álcool";"Queda de motocicleta / bicicleta / veículo";"Com Vítimas Feridas";"Plena noite";"Decrescente";"Chuva";"Múltipla";"Cruzamento";"Urbano";1;0;1;0;0;0;1;1
83466780;"21/05/16";"Sábado";"20:25:00";"PR";277;"593";"CASCAVEL";"Ingestão de álcool";"Colisão traseira";"Com Vítimas Feridas";"Plena noite";"Decrescente";"Chuva";"Simples";"Reta";"Urbano";5;0;3;0;2;0;3;2
83466781;"21/05/16";"Sábado";"22:43:00";"GO";158;"269";"JATAI";"Ingestão de álcool";"Colisão Transversal";"Com Vítimas Feridas";"Plena noite";"Crescente";"Chuva";"Simples";"Reta";"Urbano";3;0;1;0;2;0;1;2
83466782;"21/05/16";"Sábado";"23:00:00";"RS";116;"261";"CANOAS";"Falta de atenção";"Colisão lateral";"Com Vítimas Feridas";"Plena noite";"Decrescente";"Nublado";"Dupla";"Reta";"Urbano";2;0;1;0;1;0;1;2
83466783;"21/05/16";"Sábado";"23:30:00";"SP";116;"212";"GUARULHOS";"Outras";"Colisão com objeto fixo";"Com Vítimas Feridas";"Plena noite";"Decrescente";"Nevoeiro/neblina";"Múltipla";"Reta";"Urbano";2;0;1;0;1;0;1;1
83466784;"21/05/16";"Sábado";"21:20:00";"PR";116;"118";"CURITIBA";"Outras";"Queda de motocicleta / bicicleta / veículo";"Com Vítimas Feridas";"Plena noite";"Decrescente";"Chuva";"Dupla";"Reta";"Urbano";1;0;1;0;0;0;1;1
83466785;"21/05/16";"Sábado";"18:30:00";"PI";343;"601,5";"FLORIANO";"Falta de atenção";"Colisão frontal";"Sem Vítimas";"Plena noite";"Crescente";"Ceu Claro";"Simples";"Reta";"Urbano";2;0;0;0;2;0;0;2
83466786;"22/05/16";"Domingo";"01:08:00";"PR";277;"658";"MATELANDIA";"Ingestão de álcool";"Colisão Transversal";"Sem Vítimas";"Plena noite";"Crescente";"Nevoeiro/neblina";"Simples";"Cruzamento";"Urbano";2;0;0;0;2;0;0;2
83466787;"21/05/16";"Sábado";"22:00:00";"PA";222;"244";"MARABA";"Desobediência à sinalização";"Colisão frontal";"Com Vítimas Feridas";"Plena noite";"Decrescente";"Ceu Claro";"Simples";"Reta";"Urbano";10;0;2;0;8;0;2;2
83466788;"20/05/16";"Sexta";"09:00:00";"PE";101;"94";"JABOATAO DOS GUARARAPES";"Falta de atenção";"Colisão lateral";"Sem Vítimas";"Pleno dia";"Decrescente";"Ceu Claro";"Dupla";"Reta";"Rural";2;0;0;0;2;0;0;2
83466789;"21/05/16";"Sábado";"20:45:00";"RN";405;"121,6";"TABOLEIRO GRANDE";"Outras";"Saída de Pista";"Com Vítimas Fatais";"Plena noite";"Decrescente";"Ceu Claro";"Simples";"Reta";"Rural";1;1;0;0;0;0;0;1
83466790;"22/05/16";"Domingo";"00:27:00";"SC";101;"103";"PICARRAS";"Desobediência à sinalização";"Colisão frontal";"Com Vítimas Feridas";"Plena noite";"Crescente";"Chuva";"Dupla";"Reta";"Rural";4;0;0;3;1;0;3;2
83466791;"17/05/16";"Terça";"13:45:00";"RJ";101;"61";"CAMPOS DOS GOYTACAZES";"Outras";"Colisão Transversal";"Com Vítimas Feridas";"Pleno dia";"Decrescente";"Nublado";"Simples";"Reta";"Urbano";3;0;2;0;1;0;2;2
83466792;"22/05/16";"Domingo";"01:15:00";"SC";116;"224,5";"CORREIA PINTO";"Dormindo";"Saída de Pista";"Com Vítimas Feridas";"Plena noite";"Crescente";"Chuva";"Simples";"Reta";"Urbano";1;0;1;0;0;0;1;1
83466793;"22/05/16";"Domingo";"01:15:00";"SC";280;"232,2";"CANOINHAS";"Animais na Pista";"Atropelamento de animal";"Sem Vítimas";"Plena noite";"Crescente";"Nevoeiro/neblina";"Simples";"Cruzamento";"Urbano";1;0;0;0;1;0;0;1
83466794;"22/05/16";"Domingo";"01:20:00";"MG";381;"486";"BETIM";"Ingestão de álcool";"Colisão com objeto fixo";"Sem Vítimas";"Plena noite";"Crescente";"Ceu Claro";"Dupla";"Reta";"Urbano";1;0;0;0;1;0;0;1
83466795;"22/05/16";"Domingo";"00:19:00";"ES";101;"108,6";"SOORETAMA";"Falta de atenção";"Queda de motocicleta / bicicleta / veículo";"Com Vítimas Feridas";"Plena noite";"Crescente";"Nublado";"Simples";"Reta";"Rural";1;0;0;1;0;0;1;1
83466796;"21/05/16";"Sábado";"11:50:00";"SE";235;"56";"ITABAIANA";"Falta de atenção";"Colisão Transversal";"Sem Vítimas";"Pleno dia";"Crescente";"Nublado";"Simples";"Reta";"Rural";2;0;0;0;2;0;0;2
83466797;"22/05/16";"Domingo";"01:10:00";"SC";101;"198,9";"BIGUACU";"Velocidade incompatível";"Saída de Pista";"Com Vítimas Feridas";"Plena noite";"Decrescente";"Chuva";"Múltipla";"Curva";"Urbano";1;0;1;0;0;0;1;1
83466798;"21/05/16";"Sábado";"23:00:00";"MS";60;"370,1";"CAMPO GRANDE";"Animais na Pista";"Atropelamento de animal";"Sem Vítimas";"Plena noite";"Decrescente";"Nublado";"Simples";"Reta";"Rural";3;0;0;0;3;0;0;1
83466799;"21/05/16";"Sábado";"18:35:00";"SP";381;"67";"MAIRIPORA";"Outras";"Colisão traseira";"Sem Vítimas";"Anoitecer";"Decrescente";"Nublado";"Dupla";"Reta";"Urbano";6;0;0;0;6;0;0;6
83466800;"21/05/16";"Sábado";"16:50:00";"MS";262;"59";"TRES LAGOAS";"Não guardar distância de segurança";"Colisão traseira";"Sem Vítimas";"Pleno dia";"Decrescente";"Ceu Claro";"Simples";"Reta";"Rural";2;0;0;0;1;1;0;2
83466801;"21/05/16";"Sábado";"22:00:00";"PE";232;"23,4";"MORENO";"Animais na Pista";"Saída de Pista";"Com Vítimas Feridas";"Plena noite";"Crescente";"Ceu Claro";"Dupla";"Reta";"Rural";3;0;1;1;1;0;2;1
83466802;"21/05/16";"Sábado";"21:15:00";"PR";376;"615,4";"SAO JOSE DOS PINHAIS";"Velocidade incompatível";"Colisão frontal";"Com Vítimas Fatais";"Plena noite";"Crescente";"Ceu Claro";"Dupla";"Reta";"Urbano";2;2;0;0;0;0;0;2
83466803;"22/05/16";"Domingo";"01:00:00";"MT";70;"545";"POCONE";"Dormindo";"Saída de Pista";"Sem Vítimas";"Plena noite";"Crescente";"Chuva";"Simples";"Reta";"Rural";1;0;0;0;1;0;0;1
83466804;"21/05/16";"Sábado";"23:30:00";"PB";230;"166";"CAMPINA GRANDE";"Outras";"Saída de Pista";"Ignorado";"Plena noite";"Decrescente";"Ceu Claro";"Simples";"Reta";"Urbano";1;0;0;0;0;1;0;1
83466805;"21/05/16";"Sábado";"16:50:00";"MS";262;"6,5";"TRES LAGOAS";"Ingestão de álcool";"Colisão Transversal";"Com Vítimas Feridas";"Pleno dia";"Crescente";"Ceu Claro";"Dupla";"Reta";"Urbano";3;0;2;0;1;0;2;2
83466806;"22/05/16";"Domingo";"02:30:00";"RS";287;"409";"SANTIAGO";"Velocidade incompatível";"Saída de Pista";"Ignorado";"Plena noite";"Crescente";"Ceu Claro";"Simples";"Cruzamento";"Rural";1;0;0;0;0;1;0;1
83466807;"22/05/16";"Domingo";"01:45:00";"RS";290;"169,4";"BUTIA";"Dormindo";"Saída de Pista";"Com Vítimas Feridas";"Plena noite";"Decrescente";"Nublado";"Simples";"Reta";"Rural";1;0;0;1;0;0;1;1
83466808;"22/05/16";"Domingo";"00:00:00";"RS";116;"261";"CANOAS";"Falta de atenção";"Colisão traseira";"Sem Vítimas";"Plena noite";"Crescente";"Ceu Claro";"Dupla";"Reta";"Urbano";3;0;0;0;3;0;0;2
83466809;"22/05/16";"Domingo";"01:10:00";"RN";406;"101,8";"JOAO CAMARA";"Animais na Pista";"Atropelamento de animal";"Ignorado";"Plena noite";"Crescente";"Ceu Claro";"Simples";"Curva";"Rural";2;0;0;0;0;2;0;1
83466810;"18/05/16";"Quarta";"18:00:00";"SP";116;"138";"SAO JOSE DOS CAMPOS";"Outras";"Queda de motocicleta / bicicleta / veículo";"Com Vítimas Feridas";"Amanhecer";"Decrescente";"Chuva";"Dupla";"Reta";"Rural";1;0;1;0;0;0;1;1
83466811;"20/05/16";"Sexta";"13:00:00";"BA";116;"25";"VITORIA DA CONQUISTA";"Outras";"Colisão traseira";"Sem Vítimas";"Pleno dia";"Decrescente";"Ceu Claro";"Simples";"Cruzamento";"Urbano";2;0;0;0;2;0;0;2
83466813;"18/05/16";"Quarta";"17:00:00";"PR";369;"498";"CORBELIA";"Falta de atenção";"Colisão Transversal";"Sem Vítimas";"Pleno dia";"Crescente";"Ceu Claro";"Simples";"Curva";"Rural";2;0;0;0;2;0;0;2
83466814;"22/05/16";"Domingo";"07:00:00";"SC";101;"123";"ITAJAI";"Dormindo";"Tombamento";"Com Vítimas Feridas";"Amanhecer";"Decrescente";"Chuva";"Múltipla";"Reta";"Urbano";3;0;2;0;1;0;2;1
83466816;"22/05/16";"Domingo";"07:00:00";"RJ";40;"115";"DUQUE DE CAXIAS";"Outras";"Atropelamento de pessoa";"Com Vítimas Feridas";"Amanhecer";"Crescente";"Sol";"Dupla";"Reta";"Urbano";2;0;0;2;0;0;2;1
83466817;"14/05/16";"Sábado";"08:15:00";"RJ";116;"228";"PIRAI";"Outras";"Atropelamento de pessoa";"Com Vítimas Feridas";"Pleno dia";"Decrescente";"Nublado";"Dupla";"Curva";"Urbano";2;0;1;0;1;0;1;1
83466818;"22/05/16";"Domingo";"08:40:00";"GO";153;"502";"GOIANIA";"Outras";"Colisão com objeto fixo";"Com Vítimas Feridas";"Pleno dia";"Decrescente";"Ceu Claro";"Dupla";"Reta";"Urbano";1;0;0;1;0;0;1;1
83466819;"19/05/16";"Quinta";"01:00:00";"RO";364;"656";"CANDEIAS DO JAMARI";"Dormindo";"Tombamento";"Sem Vítimas";"Plena noite";"Crescente";"Ceu Claro";"Simples";"Reta";"Rural";1;0;0;0;1;0;0;1
83466820;"15/05/16";"Domingo";"05:40:00";"SP";116;"128,5";"CACAPAVA";"Ingestão de álcool";"Colisão traseira";"Sem Vítimas";"Amanhecer";"Decrescente";"Ceu Claro";"Dupla";"Reta";"Urbano";2;0;0;0;2;0;0;2
83466821;"22/05/16";"Domingo";"07:15:00";"PR";277;"205,9";"PALMEIRA";"Dormindo";"Saída de Pista";"Com Vítimas Fatais";"Pleno dia";"Crescente";"Chuva";"Simples";"Curva";"Rural";5;2;2;0;1;0;2;1
83466822;"22/05/16";"Domingo";"06:45:00";"RS";116;"293";"ELDORADO DO SUL";"Ingestão de álcool";"Saída de Pista";"Com Vítimas Feridas";"Amanhecer";"Decrescente";"Nublado";"Dupla";"Reta";"Urbano";4;0;2;2;0;0;4;1
83466824;"22/05/16";"Domingo";"10:00:00";"PR";369;"152,7";"LONDRINA";"Outras";"Colisão traseira";"Com Vítimas Feridas";"Pleno dia";"Decrescente";"Chuva";"Dupla";"Cruzamento";"Rural";6;0;3;0;3;0;3;2
83466826;"15/04/16";"Sexta";"13:00:00";"MG";365;"630";"UBERLANDIA";"Outras";"Atropelamento de pessoa";"Com Vítimas Feridas";"Pleno dia";"Decrescente";"Ceu Claro";"Dupla";"Reta";"Urbano";3;0;1;2;0;0;3;1
83466827;"18/05/16";"Quarta";"11:10:00";"SP";116;"194,5";"SANTA ISABEL";"Velocidade incompatível";"Saída de Pista";"Sem Vítimas";"Pleno dia";"Decrescente";"Chuva";"Dupla";"Reta";"Rural";1;0;0;0;1;0;0;1
83466828;"22/05/16";"Domingo";"13:00:00";"SC";101;"124,5";"ITAJAI";"Falta de atenção";"Saída de Pista";"Sem Vítimas";"Pleno dia";"Crescente";"Nublado";"Simples";"Reta";"Urbano";1;0;0;0;1;0;0;1
83466829;"18/05/16";"Quarta";"10:45:00";"RJ";101;"67";"CAMPOS DOS GOYTACAZES";"Falta de atenção";"Colisão Transversal";"Com Vítimas Feridas";"Pleno dia";"Decrescente";"Ceu Claro";"Simples";"Reta";"Urbano";2;0;1;0;1;0;1;2
83466830;"20/05/16";"Sexta";"21:45:00";"SC";282;"117";"BOM RETIRO";"Dormindo";"Colisão Transversal";"Com Vítimas Feridas";"Pleno dia";"Crescente";"Chuva";"Simples";"Curva";"Rural";5;0;5;0;0;0;5;2
83466831;"01/05/16";"Domingo";"18:15:00";"PR";476;"146,3";"CURITIBA";"Outras";"Queda de motocicleta / bicicleta / veículo";"Com Vítimas Feridas";"Anoitecer";"Decrescente";"Ignorada";"Dupla";"Cruzamento";"Rural";1;0;0;1;0;0;1;1
83466832;"22/05/16";"Domingo";"11:30:00";"PR";376;"651";"TIJUCAS DO SUL";"Outras";"Saída de Pista";"Sem Vítimas";"Pleno dia";"Decrescente";"Chuva";"Dupla";"Reta";"Urbano";1;0;0;0;1;0;0;1
83466833;"16/05/16";"Segunda";"07:00:00";"PR";158;"516";"PATO BRANCO";"Outras";"Saída de Pista";"Com Vítimas Feridas";"Pleno dia";"Crescente";"Chuva";"Simples";"Curva";"Rural";2;0;1;0;1;0;1;1
83466834;"22/05/16";"Domingo";"05:45:00";"BA";101;"678,2";"ITAGIMIRIM";"Falta de atenção";"Colisão Transversal";"Com Vítimas Fatais";"Amanhecer";"Decrescente";"Nevoeiro/neblina";"Simples";"Reta";"Rural";5;1;3;0;1;0;3;2
83466835;"18/05/16";"Quarta";"13:20:00";"SP";116;"191,7";"SANTA ISABEL";"Não guardar distância de segurança";"Saída de Pista";"Com Vítimas Feridas";"Pleno dia";"Decrescente";"Chuva";"Dupla";"Reta";"Rural";3;0;2;0;1;0;2;1
83466836;"18/05/16";"Quarta";"11:30:00";"MG";365;"11,5";"MONTES CLAROS";"Falta de atenção";"Colisão lateral";"Sem Vítimas";"Pleno dia";"Decrescente";"Ceu Claro";"Simples";"Curva";"Rural";2;0;0;0;1;1;0;2
83466837;"22/05/16";"Domingo";"12:30:00";"PR";376;"652";"TIJUCAS DO SUL";"Outras";"Capotamento";"Com Vítimas Feridas";"Pleno dia";"Crescente";"Chuva";"Dupla";"Curva";"Urbano";2;0;2;0;0;0;2;1
83466839;"19/05/16";"Quinta";"06:45:00";"CE";116;"68,5";"CHOROZINHO";"Não guardar distância de segurança";"Colisão traseira";"Sem Vítimas";"Pleno dia";"Decrescente";"Sol";"Simples";"Reta";"Rural";2;0;0;0;2;0;0;2
83466840;"18/05/16";"Quarta";"10:15:00";"SP";116;"98,8";"PINDAMONHANGABA";"Defeito na via";"Queda de motocicleta / bicicleta / veículo";"Com Vítimas Feridas";"Pleno dia";"Decrescente";"Ceu Claro";"Dupla";"Reta";"Rural";2;0;2;0;0;0;2;1
83466841;"18/05/16";"Quarta";"18:00:00";"SC";282;"150,2";"BOM RETIRO";"Outras";"Saída de Pista";"Sem Vítimas";"Plena noite";"Decrescente";"Nublado";"Simples";"Reta";"Rural";1;0;0;0;1;0;0;1
83466842;"22/05/16";"Domingo";"12:30:00";"BA";324;"605,6";"SIMOES FILHO";"Defeito mecânico em veículo";"Queda de motocicleta / bicicleta / veículo";"Com Vítimas Feridas";"Pleno dia";"Decrescente";"Ceu Claro";"Dupla";"Reta";"Rural";2;0;2;0;0;0;2;1
83466843;"22/05/16";"Domingo";"08:45:00";"PA";316;"0";"BELEM";"Ingestão de álcool";"Colisão traseira";"Com Vítimas Feridas";"Pleno dia";"Decrescente";"Ceu Claro";"Dupla";"Reta";"Urbano";2;0;0;1;1;0;1;2
83466844;"20/05/16";"Sexta";"19:55:00";"MS";60;"103";"AGUA CLARA";"Animais na Pista";"Atropelamento de animal";"Sem Vítimas";"Pleno dia";"Crescente";"Ceu Claro";"Simples";"Reta";"Rural";2;0;0;0;2;0;0;1
83466845;"18/05/16";"Quarta";"15:20:00";"SC";101;"212,7";"PALHOCA";"Outras";"Queda de motocicleta / bicicleta / veículo";"Com Vítimas Feridas";"Pleno dia";"Crescente";"Sol";"Dupla";"Reta";"Urbano";2;0;1;1;0;0;2;1
83466846;"22/05/16";"Domingo";"08:10:00";"PE";101;"69,5";"RECIFE";"Desobediência à sinalização";"Colisão Transversal";"Com Vítimas Feridas";"Pleno dia";"Crescente";"Ceu Claro";"Múltipla";"Reta";"Urbano";2;0;0;1;1;0;1;2
83466847;"22/05/16";"Domingo";"10:15:00";"RJ";40;"58";"AREAL";"Falta de atenção";"Saída de Pista";"Com Vítimas Feridas";"Pleno dia";"Crescente";"Sol";"Simples";"Reta";"Urbano";3;0;3;0;0;0;3;1
83466848;"22/05/16";"Domingo";"11:20:00";"RS";377;"89,1";"CRUZ ALTA";"Velocidade incompatível";"Saída de Pista";"Com Vítimas Feridas";"Pleno dia";"Crescente";"Chuva";"Simples";"Reta";"Rural";3;0;2;0;1;0;2;1
83466849;"22/05/16";"Domingo";"13:10:00";"PR";476;"148";"ARAUCARIA";"Velocidade incompatível";"Capotamento";"Sem Vítimas";"Pleno dia";"Decrescente";"Chuva";"Dupla";"Curva";"Urbano";1;0;0;0;1;0;0;1
83466850;"22/05/16";"Domingo";"08:00:00";"MG";40;"548";"NOVA LIMA";"Outras";"Saída de Pista";"Sem Vítimas";"Pleno dia";"Crescente";"Ceu Claro";"Dupla";"Reta";"Rural";1;0;0;0;1;0;0;1
83466851;"18/05/16";"Quarta";"15:50:00";"PR";376;"249,5";"APUCARANA";"Falta de atenção";"Colisão Transversal";"Com Vítimas Feridas";"Pleno dia";"Decrescente";"Chuva";"Simples";"Cruzamento";"Rural";2;0;1;0;1;0;1;2
83466852;"20/03/16";"Domingo";"16:22:00";"PE";423;"93,6";"GARANHUNS";"Ingestão de álcool";"Colisão com bicicleta";"Com Vítimas Feridas";"Pleno dia";"Decrescente";"Ceu Claro";"Simples";"Cruzamento";"Urbano";4;0;0;1;3;0;1;2
83466853;"20/03/16";"Domingo";"16:22:00";"PE";423;"93,6";"GARANHUNS";"Ingestão de álcool";"Colisão com bicicleta";"Com Vítimas Feridas";"Pleno dia";"Decrescente";"Ceu Claro";"Simples";"Cruzamento";"Urbano";4;0;0;1;3;0;1;2
83466854;"21/05/16";"Sábado";"07:00:00";"MT";163;"831";"SINOP";"Falta de atenção";"Saída de Pista";"Ignorado";"Pleno dia";"Decrescente";"Ceu Claro";"Dupla";"Reta";"Urbano";1;0;0;0;0;1;0;1
83466855;"22/05/16";"Domingo";"08:30:00";"RS";158;"188,7";"CRUZ ALTA";"Ingestão de álcool";"Saída de Pista";"Com Vítimas Feridas";"Pleno dia";"Decrescente";"Chuva";"Simples";"Reta";"Rural";1;0;1;0;0;0;1;1
83466856;"22/05/16";"Domingo";"12:30:00";"GO";60;"186";"GUAPO";"Ingestão de álcool";"Colisão Transversal";"Com Vítimas Feridas";"Pleno dia";"Decrescente";"Ceu Claro";"Dupla";"Reta";"Urbano";4;0;2;0;2;0;2;2
83466857;"18/05/16";"Quarta";"18:45:00";"SC";101;"211,6";"PALHOCA";"Falta de atenção";"Colisão lateral";"Com Vítimas Feridas";"Plena noite";"Decrescente";"Ceu Claro";"Dupla";"Reta";"Urbano";2;0;1;0;1;0;1;2
83466858;"18/05/16";"Quarta";"21:00:00";"SP";116;"98";"PINDAMONHANGABA";"Falta de atenção";"Colisão traseira";"Com Vítimas Feridas";"Plena noite";"Decrescente";"Nublado";"Dupla";"Reta";"Rural";2;0;1;0;1;0;1;2
83466859;"18/05/16";"Quarta";"15:05:00";"SP";116;"177,7";"GUARAREMA";"Velocidade incompatível";"Saída de Pista";"Com Vítimas Feridas";"Pleno dia";"Crescente";"Chuva";"Dupla";"Reta";"Urbano";1;0;1;0;0;0;1;1
83466861;"22/05/16";"Domingo";"07:45:00";"SC";470;"101,9";"APIUNA";"Ingestão de álcool";"Capotamento";"Com Vítimas Feridas";"Pleno dia";"Decrescente";"Nublado";"Simples";"Reta";"Rural";2;0;1;0;1;0;1;1
83466862;"07/05/16";"Sábado";"04:20:00";"ES";101;"226";"FUNDAO";"Outras";"Queda de motocicleta / bicicleta / veículo";"Com Vítimas Feridas";"Plena noite";"Decrescente";"Ceu Claro";"Simples";"Reta";"Rural";1;0;0;1;0;0;1;1
83466863;"19/05/16";"Quinta";"00:20:00";"PR";277;"658,7";"MATELANDIA";"Ultrapassagem indevida";"Colisão Transversal";"Sem Vítimas";"Plena noite";"Crescente";"Nublado";"Simples";"Curva";"Rural";2;0;0;0;2;0;0;2
83466864;"22/05/16";"Domingo";"10:30:00";"MS";163;"299";"DOURADINA";"Desobediência à sinalização";"Colisão lateral";"Sem Vítimas";"Pleno dia";"Crescente";"Chuva";"Simples";"Reta";"Rural";6;0;0;0;6;0;0;2
83466865;"18/05/16";"Quarta";"12:15:00";"SP";381;"52";"MAIRIPORA";"Outras";"Danos Eventuais";"Com Vítimas Feridas";"Pleno dia";"Decrescente";"Chuva";"Dupla";"Curva";"Urbano";6;0;0;1;5;0;1;6
83466866;"22/05/16";"Domingo";"12:15:00";"PR";116;"118,9";"CURITIBA";"Velocidade incompatível";"Saída de Pista";"Sem Vítimas";"Pleno dia";"Decrescente";"Chuva";"Dupla";"Reta";"Urbano";1;0;0;0;1;0;0;1
83466867;"22/05/16";"Domingo";"10:00:00";"SC";282;"6";"SAO JOSE";"Ingestão de álcool";"Colisão com objeto fixo";"Sem Vítimas";"Pleno dia";"Decrescente";"Chuva";"Dupla";"Curva";"Urbano";1;0;0;0;1;0;0;1
83466868;"22/05/16";"Domingo";"07:30:00";"SC";153;"0,6";"AGUA DOCE";"Outras";"Capotamento";"Com Vítimas Feridas";"Pleno dia";"Crescente";"Chuva";"Simples";"Curva";"Rural";1;0;1;0;0;0;1;1
83466869;"22/05/16";"Domingo";"12:10:00";"SC";116;"308,5";"CAPAO ALTO";"Velocidade incompatível";"Tombamento";"Sem Vítimas";"Pleno dia";"Decrescente";"Nublado";"Simples";"Curva";"Rural";1;0;0;0;1;0;0;1
83466870;"22/05/16";"Domingo";"12:30:00";"RS";471;"153,8";"SANTA CRUZ DO SUL";"Outras";"Saída de Pista";"Com Vítimas Feridas";"Pleno dia";"Crescente";"Chuva";"Simples";"Reta";"Rural";1;0;1;0;0;0;1;1
83466871;"21/05/16";"Sábado";"06:00:00";"SC";282;"217";"LAGES";"Ingestão de álcool";"Saída de Pista";"Ignorado";"Amanhecer";"Crescente";"Chuva";"Simples";"Curva";"Urbano";1;0;0;0;0;1;0;1
83466872;"19/05/16";"Quinta";"02:30:00";"MT";364;"143,6";"PEDRA PRETA";"Defeito mecânico em veículo";"Incêndio";"Sem Vítimas";"Plena noite";"Decrescente";"Nevoeiro/neblina";"Simples";"Reta";"Rural";1;0;0;0;1;0;0;1
83466873;"22/05/16";"Domingo";"11:20:00";"PR";116;"116,1";"CURITIBA";"Velocidade incompatível";"Saída de Pista";"Com Vítimas Feridas";"Pleno dia";"Crescente";"Chuva";"Dupla";"Reta";"Urbano";2;0;1;0;1;0;1;2
83466874;"22/05/16";"Domingo";"11:50:00";"PR";376;"671";"GUARATUBA";"Outras";"Saída de Pista";"Sem Vítimas";"Pleno dia";"Crescente";"Chuva";"Múltipla";"Reta";"Rural";1;0;0;0;1;0;0;1
83466875;"14/05/16";"Sábado";"10:45:00";"CE";116;"48";"PACAJUS";"Outras";"Saída de Pista";"Sem Vítimas";"Pleno dia";"Decrescente";"Chuva";"Dupla";"Curva";"Rural";2;0;0;0;2;0;0;2
83466876;"22/05/16";"Domingo";"12:50:00";"SP";116;"182,5";"GUARAREMA";"Defeito mecânico em veículo";"Tombamento";"Sem Vítimas";"Pleno dia";"Crescente";"Sol";"Dupla";"Reta";"Rural";1;0;0;0;1;0;0;1
83466878;"18/05/16";"Quarta";"13:00:00";"SP";116;"191,7";"SANTA ISABEL";"Velocidade incompatível";"Colisão com objeto fixo";"Sem Vítimas";"Pleno dia";"Crescente";"Chuva";"Dupla";"Reta";"Rural";1;0;0;0;1;0;0;1
83466879;"18/05/16";"Quarta";"17:40:00";"RJ";116;"131";"MAGE";"Falta de atenção";"Queda de motocicleta / bicicleta / veículo";"Com Vítimas Feridas";"Plena noite";"Crescente";"Chuva";"Dupla";"Reta";"Urbano";1;0;1;0;0;0;1;1