"id";"data_inversa";"dia_semana";"horario";"uf";"br";"km";"municipio";"causa_acidente";"tipo_acidente";"classificacao_acidente";"fase_dia";"sentido_via";"condicao_metereologica";"tipo_pista";"tracado_via";"uso_solo";"pessoas";"mortos";"feridos_leves";"feridos_graves";"ilesos";"ignorados";"feridos";"veiculos"
83467101;"19/05/16";"Quinta";"16:45:00";"SC";101;"271";"IMBITUBA";"Outras";"Capotamento";"Sem Vítimas";"Pleno dia";"Decrescente";"Nublado";"Dupla";"Reta";"Urbano";2;0;0;0;2;0;0;2
83467102;"21/05/16";"Sábado";"23:30:00";"MS";163;"263";"DOURADOS";"Falta de atenção";"Colisão traseira";"Com Vítimas Feridas";"Plena noite";"Decrescente";"Ceu Claro";"Dupla";"Reta";"Urbano";3;0;1;1;1;0;2;2
83467103;"21/05/16";"Sábado";"23:15:00";"BA";242;"771";"BARREIRAS";"Outras";"Atropelamento de pessoa";"Com Vítimas Fatais";"Plena noite";"Crescente";"Ceu Claro";"Simples";"Reta";"Urbano";2;1;0;0;1;0;0;1
83467104;"23/05/16";"Segunda";"06:46:00";"SP";116;"11";"QUELUZ";"Outras";"Colisão com objeto fixo";"Sem Vítimas";"Amanhecer";"Crescente";"Chuva";"Dupla";"Curva";"Urbano";1;0;0;0;1;0;0;1
83467105;"19/05/16";"Quinta";"23:00:00";"RS";471;"151,4";"SANTA CRUZ DO SUL";"Falta de atenção";"Saída de Pista";"Com Vítimas Feridas";"Plena noite";"Decrescente";"Ceu Claro";"Simples";"Curva";"Urbano";1;0;0;1;0;0;1;1
83467106;"22/05/16";"Domingo";"03:00:00";"PR";476;"331";"PAULA FREITAS";"Outras";"Saída de Pista";"Sem Vítimas";"Plena noite";"Crescente";"Chuva";"Simples";"Reta";"Rural";1;0;0;0;1;0;0;1
83467107;"18/05/16";"Quarta";"17:00:00";"SC";282;"150,5";"BOM RETIRO";"Velocidade incompatível";"Saída de Pista";"Sem Vítimas";"Anoitecer";"Decrescente";"Nublado";"Simples";"Reta";"Rural";1;0;0;0;1;0;0;1
83467108;"19/05/16";"Quinta";"20:30:00";"BA";116;"417";"FEIRA DE SANTANA";"Falta de atenção";"Colisão traseira";"Com Vítimas Feridas";"Plena noite";"Crescente";"Ceu Claro";"Dupla";"Reta";"Urbano";3;0;2;0;1;0;2;2
83467109;"23/05/16";"Segunda";"06:50:00";"RS";116;"2";"PORTO ALEGRE";"Outras";"Colisão com objeto fixo";"Com Vítimas Feridas";"Pleno dia";"Decrescente";"Nublado";"Múltipla";"Reta";"Urbano";2;0;2;0;0;0;2;1
83467110;"22/05/16";"Domingo";"03:00:00";"MG";116;"130";"ITAOBIM";"Outras";"Colisão frontal";"Com Vítimas Fatais";"Plena noite";"Decrescente";"Nevoeiro/neblina";"Simples";"Reta";"Rural";2;1;0;0;1;0;0;2
83467111;"15/05/16";"Domingo";"18:40:00";"SC";101;"213,4";"PALHOCA";"Ingestão de álcool";"Colisão traseira";"Sem Vítimas";"Plena noite";"Decrescente";"Nublado";"Múltipla";"Reta";"Urbano";2;0;0;0;2;0;0;2
83467112;"23/05/16";"Segunda";"07:50:00";"RJ";101;"315";"SAO GONCALO";"Outras";"Colisão com objeto fixo";"Sem Vítimas";"Pleno dia";"Crescente";"Nublado";"Dupla";"Reta";"Urbano";1;0;0;0;1;0;0;1
83467114;"20/05/16";"Sexta";"04:50:00";"RS";153;"356,3";"CACHOEIRA DO SUL";"Falta de atenção";"Colisão Transversal";"Com Vítimas Feridas";"Plena noite";"Crescente";"Ceu Claro";"Simples";"Reta";"Rural";2;0;1;0;1;0;1;2
83467115;"19/05/16";"Quinta";"18:30:00";"MG";40;"774,2";"JUIZ DE FORA";"Animais na Pista";"Atropelamento de animal";"Sem Vítimas";"Plena noite";"Decrescente";"Ceu Claro";"Dupla";"Reta";"Urbano";1;0;0;0;1;0;0;1
83467116;"16/03/16";"Quarta";"16:00:00";"BA";101;"103";"ALAGOINHAS";"Outras";"Colisão traseira";"Com Vítimas Feridas";"Pleno dia";"Decrescente";"Ceu Claro";"Simples";"Reta";"Rural";4;0;0;1;3;0;1;3
83467117;"21/05/16";"Sábado";"11:20:00";"PR";116;"5";"CAMPINA GRANDE DO SUL";"Velocidade incompatível";"Saída de Pista";"Com Vítimas Feridas";"Pleno dia";"Crescente";"Chuva";"Dupla";"Reta";"Rural";1;0;1;0;0;0;1;1
83467118;"19/05/16";"Quinta";"21:00:00";"RS";153;"397";"CACHOEIRA DO SUL";"Animais na Pista";"Atropelamento de animal";"Com Vítimas Feridas";"Plena noite";"Crescente";"Ceu Claro";"Simples";"Reta";"Rural";1;0;0;1;0;0;1;1
83467119;"22/05/16";"Domingo";"00:10:00";"MT";70;"6,8";"BARRA DO GARCAS";"Falta de atenção";"Colisão Transversal";"Com Vítimas Fatais";"Plena noite";"Decrescente";"Ceu Claro";"Dupla";"Reta";"Urbano";4;2;0;0;2;0;0;2
83467120;"21/05/16";"Sábado";"23:00:00";"MG";146;"492,7";"BOTELHOS";"Ingestão de álcool";"Colisão frontal";"Com Vítimas Feridas";"Plena noite";"Crescente";"Nublado";"Simples";"Reta";"Rural";8;0;7;1;0;0;8;3
83467121;"18/05/16";"Quarta";"06:30:00";"SP";116;"220,1";"GUARULHOS";"Animais na Pista";"Atropelamento de animal";"Com Vítimas Feridas";"Pleno dia";"Crescente";"Nublado";"Múltipla";"Reta";"Urbano";1;0;1;0;0;0;1;1
83467122;"23/05/16";"Segunda";"06:30:00";"RJ";116;"142";"DUQUE DE CAXIAS";"Outras";"Colisão com objeto fixo";"Sem Vítimas";"Amanhecer";"Decrescente";"Chuva";"Dupla";"Reta";"Urbano";1;0;0;0;1;0;0;1
83467123;"23/05/16";"Segunda";"07:57:00";"PE";232;"75";"GRAVATA";"Outras";"Capotamento";"Sem Vítimas";"Pleno dia";"Crescente";"Sol";"Dupla";"Reta";"Urbano";1;0;0;0;1;0;0;1
83467124;"19/05/16";"Quinta";"18:30:00";"SP";116;"157";"SAO JOSE DOS CAMPOS";"Falta de atenção";"Queda de motocicleta / bicicleta / veículo";"Com Vítimas Feridas";"Plena noite";"Decrescente";"Chuva";"Múltipla";"Reta";"Urbano";1;0;1;0;0;0;1;1
83467125;"19/05/16";"Quinta";"14:15:00";"PE";101;"58";"PAULISTA";"Não guardar distância de segurança";"Colisão traseira";"Sem Vítimas";"Pleno dia";"Crescente";"Ceu Claro";"Dupla";"Curva";"Urbano";2;0;0;0;2;0;0;2
83467126;"16/03/16";"Quarta";"16:00:00";"BA";101;"103";"ALAGOINHAS";"Não guardar distância de segurança";"Colisão traseira";"Com Vítimas Feridas";"Pleno dia";"Decrescente";"Ceu Claro";"Simples";"Reta";"Urbano";4;0;0;1;3;0;1;3
83467127;"20/05/16";"Sexta";"02:00:00";"SP";116;"137";"SAO JOSE DOS CAMPOS";"Outras";"Saída de Pista";"Com Vítimas Feridas";"Plena noite";"Decrescente";"Chuva";"Dupla";"Reta";"Rural";1;0;1;0;0;0;1;1
83467128;"20/05/16";"Sexta";"07:30:00";"PR";376;"653";"TIJUCAS DO SUL";"Falta de atenção";"Saída de Pista";"Sem Vítimas";"Pleno dia";"Crescente";"Nublado";"Dupla";"Curva";"Rural";1;0;0;0;1;0;0;1
83467129;"05/02/16";"Sexta";"00:20:00";"MT";364;"470,5";"JANGADA";"Outras";"Colisão traseira";"Sem Vítimas";"Plena noite";"Crescente";"Ignorada";"Simples";"Reta";"Rural";3;0;0;0;3;0;0;3
83467130;"23/05/16";"Segunda";"09:00:00";"MG";116;"765,4";"LEOPOLDINA";"Falta de atenção";"Colisão Transversal";"Sem Vítimas";"Pleno dia";"Decrescente";"Ceu Claro";"Simples";"Reta";"Urbano";2;0;0;0;2;0;0;2
83467131;"19/05/16";"Quinta";"07:40:00";"GO";60;"38,8";"ANAPOLIS";"Outras";"Tombamento";"Com Vítimas Feridas";"Pleno dia";"Crescente";"Ceu Claro";"Dupla";"Curva";"Rural";1;0;1;0;0;0;1;1
83467132;"23/05/16";"Segunda";"08:10:00";"SE";101;"96,9";"SAO CRISTOVAO";"Velocidade incompatível";"Saída de Pista";"Sem Vítimas";"Pleno dia";"Crescente";"Chuva";"Dupla";"Curva";"Rural";1;0;0;0;1;0;0;1
83467133;"23/05/16";"Segunda";"06:55:00";"TO";153;"479,9";"PARAISO DO TOCANTINS";"Defeito mecânico em veículo";"Tombamento";"Sem Vítimas";"Amanhecer";"Decrescente";"Ceu Claro";"Simples";"Reta";"Rural";1;0;0;0;1;0;0;1
83467134;"17/02/16";"Quarta";"09:40:00";"MA";10;"363";"ITINGA DO MARANHAO";"Velocidade incompatível";"Saída de Pista";"Com Vítimas Feridas";"Pleno dia";"Crescente";"Chuva";"Simples";"Curva";"Rural";4;0;1;2;1;0;3;1
83467135;"19/05/16";"Quinta";"15:00:00";"MT";364;"249,2";"JUSCIMEIRA";"Não guardar distância de segurança";"Colisão traseira";"Com Vítimas Feridas";"Pleno dia";"Decrescente";"Ceu Claro";"Simples";"Reta";"Urbano";2;0;1;0;1;0;1;2
83467136;"20/05/16";"Sexta";"07:25:00";"SC";101;"83,7";"BARRA VELHA";"Falta de atenção";"Colisão com objeto fixo";"Com Vítimas Feridas";"Pleno dia";"Crescente";"Nublado";"Dupla";"Reta";"Rural";1;0;1;0;0;0;1;1
83467137;"20/05/16";"Sexta";"01:00:00";"PR";376;"302,3";"MAUA DA SERRA";"Defeito mecânico em veículo";"Colisão com objeto fixo";"Sem Vítimas";"Plena noite";"Decrescente";"Chuva";"Dupla";"Curva";"Rural";1;0;0;0;1;0;0;1
83467138;"19/05/16";"Quinta";"07:00:00";"RJ";116;"35";"TERESOPOLIS";"Outras";"Colisão traseira";"Com Vítimas Feridas";"Amanhecer";"Crescente";"Chuva";"Simples";"Reta";"Rural";3;0;2;0;1;0;2;2
83467139;"13/02/16";"Sábado";"20:00:00";"RJ";493;"20";"GUAPIMIRIM";"Falta de atenção";"Colisão frontal";"Com Vítimas Feridas";"Plena noite";"Crescente";"Ceu Claro";"Simples";"Reta";"Urbano";3;0;2;0;1;0;2;2
83467140;"19/05/16";"Quinta";"16:15:00";"MG";267;"134";"JUIZ DE FORA";"Outras";"Saída de Pista";"Com Vítimas Feridas";"Pleno dia";"Crescente";"Ignorada";"Simples";"Reta";"Rural";1;0;1;0;0;0;1;1
83467141;"23/05/16";"Segunda";"09:45:00";"RJ";101;"322";"NITEROI";"Outras";"Colisão lateral";"Com Vítimas Feridas";"Pleno dia";"Decrescente";"Nublado";"Dupla";"Reta";"Urbano";2;0;1;0;1;0;1;2
83467142;"23/05/16";"Segunda";"07:50:00";"RS";285;"424,9";"PANAMBI";"Falta de atenção";"Colisão Transversal";"Com Vítimas Feridas";"Pleno dia";"Crescente";"Nublado";"Simples";"Reta";"Rural";4;0;2;0;2;0;2;2
83467143;"22/05/16";"Domingo";"02:40:00";"RS";290;"152,3";"ARROIO DOS RATOS";"Ingestão de álcool";"Saída de Pista";"Com Vítimas Feridas";"Plena noite";"Crescente";"Nublado";"Simples";"Reta";"Urbano";1;0;1;0;0;0;1;1
83467144;"23/05/16";"Segunda";"09:31:00";"RN";101;"80,7";"SAO GONCALO DO AMARANTE";"Falta de atenção";"Colisão Transversal";"Com Vítimas Feridas";"Pleno dia";"Crescente";"Ceu Claro";"Dupla";"Reta";"Urbano";3;0;2;0;1;0;2;2
83467145;"20/05/16";"Sexta";"03:00:00";"DF";251;"14,7";"BRASILIA";"Outras";"Capotamento";"Com Vítimas Fatais";"Plena noite";"Crescente";"Ceu Claro";"Simples";"Cruzamento";"Rural";1;1;0;0;0;0;0;1
83467146;"23/05/16";"Segunda";"07:30:00";"SP";116;"414,6";"JUQUIA";"Falta de atenção";"Colisão lateral";"Sem Vítimas";"Pleno dia";"Crescente";"Ceu Claro";"Múltipla";"Curva";"Urbano";2;0;0;0;2;0;0;2
83467147;"23/05/16";"Segunda";"07:15:00";"RJ";116;"62";"TERESOPOLIS";"Desobediência à sinalização";"Colisão traseira";"Com Vítimas Feridas";"Pleno dia";"Crescente";"Nublado";"Simples";"Reta";"Urbano";3;0;1;0;2;0;1;2
83467148;"22/05/16";"Domingo";"16:00:00";"RJ";40;"81";"PETROPOLIS";"Velocidade incompatível";"Queda de motocicleta / bicicleta / veículo";"Com Vítimas Feridas";"Pleno dia";"Decrescente";"Sol";"Simples";"Reta";"Urbano";2;0;2;0;0;0;2;1
83467149;"22/05/16";"Domingo";"03:30:00";"TO";153;"135,8";"ARAGUAINA";"Velocidade incompatível";"Saída de Pista";"Ignorado";"Plena noite";"Crescente";"Ceu Claro";"Dupla";"Reta";"Urbano";1;0;0;0;0;1;0;1
83467150;"17/05/16";"Terça";"06:45:00";"MG";381;"566,6";"ITAGUARA";"Dormindo";"Tombamento";"Sem Vítimas";"Pleno dia";"Decrescente";"Ceu Claro";"Dupla";"Curva";"Rural";1;0;0;0;1;0;0;1
83467151;"23/05/16";"Segunda";"08:20:00";"MG";50;"47";"ARAGUARI";"Defeito mecânico em veículo";"Queda de motocicleta / bicicleta / veículo";"Com Vítimas Feridas";"Pleno dia";"Crescente";"Nublado";"Dupla";"Curva";"Rural";2;0;2;0;0;0;2;1
83467152;"23/05/16";"Segunda";"08:10:00";"PR";369;"147,5";"LONDRINA";"Não guardar distância de segurança";"Colisão traseira";"Com Vítimas Feridas";"Pleno dia";"Crescente";"Ceu Claro";"Dupla";"Reta";"Urbano";7;0;1;0;6;0;1;3
83467153;"20/05/16";"Sexta";"06:05:00";"RJ";116;"235";"PIRAI";"Outras";"Atropelamento de pessoa";"Com Vítimas Fatais";"Amanhecer";"Decrescente";"Nevoeiro/neblina";"Simples";"Curva";"Urbano";2;1;0;0;1;0;0;1
83467154;"23/05/16";"Segunda";"08:30:00";"MT";163;"747";"SORRISO";"Falta de atenção";"Colisão Transversal";"Com Vítimas Feridas";"Pleno dia";"Crescente";"Nublado";"Dupla";"Curva";"Urbano";3;0;1;0;2;0;1;2
83467155;"19/05/16";"Quinta";"06:50:00";"GO";40;"1";"VALPARAISO DE GOIAS";"Falta de atenção";"Colisão Transversal";"Com Vítimas Feridas";"Pleno dia";"Decrescente";"Ceu Claro";"Dupla";"Reta";"Urbano";3;0;0;1;2;0;1;2
83467156;"22/05/16";"Domingo";"03:50:00";"RS";101;"13";"MAQUINE";"Outras";"Incêndio";"Sem Vítimas";"Plena noite";"Crescente";"Nublado";"Dupla";"Curva";"Urbano";1;0;0;0;1;0;0;1
83467157;"19/05/16";"Quinta";"14:00:00";"RJ";116;"214";"PARACAMBI";"Outras";"Saída de Pista";"Sem Vítimas";"Pleno dia";"Decrescente";"Chuva";"Múltipla";"Curva";"Rural";1;0;0;0;1;0;0;1
83467158;"19/05/16";"Quinta";"21:50:00";"RJ";465;"19";"NOVA IGUACU";"Outras";"Colisão com objeto fixo";"Ignorado";"Plena noite";"Crescente";"Nublado";"Simples";"Reta";"Urbano";1;0;0;0;0;1;0;1
83467159;"23/05/16";"Segunda";"10:00:00";"PR";277;"535,6";"IBEMA";"Desobediência à sinalização";"Colisão Transversal";"Com Vítimas Feridas";"Pleno dia";"Crescente";"Sol";"Simples";"Cruzamento";"Urbano";2;0;0;1;1;0;1;2
83467160;"23/05/16";"Segunda";"07:00:00";"MT";364;"466";"VARZEA GRANDE";"Não guardar distância de segurança";"Colisão frontal";"Sem Vítimas";"Pleno dia";"Crescente";"Nublado";"Simples";"Reta";"Rural";2;0;0;0;2;0;0;2
83467161;"23/05/16";"Segunda";"07:00:00";"ES";101;"281,9";"CARIACICA";"Outras";"Colisão com objeto fixo";"Com Vítimas Feridas";"Pleno dia";"Decrescente";"Ceu Claro";"Dupla";"Reta";"Urbano";2;0;1;1;0;0;2;2
83467163;"21/05/16";"Sábado";"21:40:00";"MG";116;"696,8";"MURIAE";"Outras";"Colisão Transversal";"Com Vítimas Feridas";"Plena noite";"Decrescente";"Ceu Claro";"Simples";"Reta";"Rural";4;0;0;2;2;0;2;2
83467164;"21/05/16";"Sábado";"12:40:00";"GO";70;"473";"ARAGARCAS";"Falta de atenção";"Colisão lateral";"Com Vítimas Feridas";"Pleno dia";"Crescente";"Sol";"Dupla";"Reta";"Urbano";4;0;2;0;2;0;2;2
83467165;"19/05/16";"Quinta";"16:06:00";"MG";365;"631";"UBERLANDIA";"Outras";"Tombamento";"Com Vítimas Feridas";"Pleno dia";"Decrescente";"Sol";"Simples";"Curva";"Urbano";1;0;1;0;0;0;1;1
83467166;"23/05/16";"Segunda";"07:55:00";"PR";373;"176,9";"PONTA GROSSA";"Falta de atenção";"Colisão lateral";"Com Vítimas Feridas";"Pleno dia";"Crescente";"Ceu Claro";"Dupla";"Reta";"Urbano";3;0;0;2;1;0;2;2
83467167;"23/05/16";"Segunda";"08:50:00";"SP";116;"270";"TABOAO DA SERRA";"Velocidade incompatível";"Colisão traseira";"Sem Vítimas";"Pleno dia";"Decrescente";"Ignorada";"Dupla";"Reta";"Urbano";2;0;0;0;2;0;0;2
83467168;"22/05/16";"Domingo";"08:15:00";"GO";20;"216";"POSSE";"Dormindo";"Tombamento";"Com Vítimas Feridas";"Pleno dia";"Crescente";"Ceu Claro";"Simples";"Reta";"Rural";1;0;1;0;0;0;1;1
83467169;"23/05/16";"Segunda";"10:15:00";"MG";381;"912,8";"CAMANDUCAIA";"Velocidade incompatível";"Saída de Pista";"Sem Vítimas";"Pleno dia";"Decrescente";"Chuva";"Dupla";"Curva";"Rural";1;0;0;0;1;0;0;1
83467170;"12/05/16";"Quinta";"17:15:00";"SC";101;"150";"ITAPEMA";"Outras";"Queda de motocicleta / bicicleta / veículo";"Com Vítimas Fatais";"Pleno dia";"Decrescente";"Sol";"Dupla";"Curva";"Urbano";1;1;0;0;0;0;0;1
83467171;"21/05/16";"Sábado";"16:30:00";"SP";116;"272,8";"TABOAO DA SERRA";"Falta de atenção";"Queda de motocicleta / bicicleta / veículo";"Com Vítimas Feridas";"Pleno dia";"Decrescente";"Sol";"Simples";"Curva";"Urbano";2;0;2;0;0;0;2;1
83467172;"22/05/16";"Domingo";"05:15:00";"RN";427;"98,9";"CAICO";"Outras";"Colisão lateral";"Com Vítimas Feridas";"Amanhecer";"Crescente";"Ceu Claro";"Simples";"Reta";"Urbano";2;0;1;0;1;0;1;2
83467173;"19/05/16";"Quinta";"14:10:00";"RJ";116;"229";"PIRAI";"Outras";"Colisão com objeto fixo";"Sem Vítimas";"Pleno dia";"Decrescente";"Chuva";"Dupla";"Curva";"Rural";1;0;0;0;1;0;0;1
83467174;"20/05/16";"Sexta";"22:30:00";"RS";153;"601";"BAGE";"Defeito mecânico em veículo";"Colisão com objeto móvel";"Sem Vítimas";"Plena noite";"Crescente";"Nublado";"Simples";"Curva";"Rural";2;0;0;0;2;0;0;1
83467175;"23/05/16";"Segunda";"07:00:00";"MS";163;"366";"NOVA ALVORADA DO SUL";"Dormindo";"Saída de Pista";"Sem Vítimas";"Pleno dia";"Decrescente";"Ceu Claro";"Simples";"Reta";"Rural";1;0;0;0;1;0;0;1
83467176;"23/05/16";"Segunda";"11:20:00";"MG";381;"533";"ITATIAIUCU";"Velocidade incompatível";"Saída de Pista";"Sem Vítimas";"Pleno dia";"Crescente";"Ceu Claro";"Dupla";"Curva";"Rural";1;0;0;0;1;0;0;1
83467178;"23/05/16";"Segunda";"09:00:00";"RS";153;"53";"ERECHIM";"Não guardar distância de segurança";"Colisão traseira";"Sem Vítimas";"Pleno dia";"Decrescente";"Ceu Claro";"Simples";"Reta";"Urbano";2;0;0;0;2;0;0;2
83467179;"23/05/16";"Segunda";"08:15:00";"SC";101;"413,7";"ARARANGUA";"Falta de atenção";"Colisão Transversal";"Com Vítimas Feridas";"Pleno dia";"Decrescente";"Ceu Claro";"Simples";"Cruzamento";"Urbano";2;0;1;0;1;0;1;2
83467180;"20/05/16";"Sexta";"04:50:00";"PB";230;"244,6";"JUAZEIRINHO";"Falta de atenção";"Colisão Transversal";"Com Vítimas Fatais";"Amanhecer";"Crescente";"Ceu Claro";"Simples";"Reta";"Rural";4;1;0;0;3;0;0;2
83467181;"15/05/16";"Domingo";"15:30:00";"RJ";116;"254";"PIRAI";"Outras";"Capotamento";"Com Vítimas Feridas";"Pleno dia";"Crescente";"Nublado";"Dupla";"Reta";"Rural";2;0;1;0;1;0;1;1
83467182;"23/05/16";"Segunda";"08:00:00";"PR";376;"640";"TIJUCAS DO SUL";"Falta de atenção";"Colisão traseira";"Sem Vítimas";"Pleno dia";"Decrescente";"Ceu Claro";"Dupla";"Reta";"Rural";2;0;0;0;2;0;0;2
83467183;"07/05/16";"Sábado";"09:10:00";"MG";40;"580";"ITABIRITO";"Velocidade incompatível";"Colisão traseira";"Com Vítimas Feridas";"Pleno dia";"Crescente";"Ceu Claro";"Dupla";"Curva";"Rural";5;0;3;1;1;0;4;3
83467184;"23/05/16";"Segunda";"12:40:00";"MG";50;"55";"ARAGUARI";"Outras";"Colisão traseira";"Com Vítimas Feridas";"Pleno dia";"Decrescente";"Nublado";"Dupla";"Curva";"Rural";3;0;2;0;1;0;2;2
83467185;"23/05/16";"Segunda";"07:15:00";"RS";287;"398,5";"SANTIAGO";"Falta de atenção";"Colisão lateral";"Sem Vítimas";"Amanhecer";"Decrescente";"Ceu Claro";"Simples";"Reta";"Urbano";3;0;0;0;3;0;0;3
83467188;"23/05/16";"Segunda";"07:00:00";"MG";365;"43";"CLARO DOS POCOES";"Velocidade incompatível";"Queda de motocicleta / bicicleta / veículo";"Com Vítimas Feridas";"Pleno dia";"Decrescente";"Ceu Claro";"Simples";"Curva";"Rural";1;0;0;1;0;0;1;1
83467190;"23/05/16";"Segunda";"08:30:00";"TO";230;"91";"SAO BENTO DO TOCANTINS";"Falta de atenção";"Colisão frontal";"Com Vítimas Feridas";"Pleno dia";"Decrescente";"Sol";"Simples";"Curva";"Rural";4;0;0;2;2;0;2;2
83467191;"23/05/16";"Segunda";"07:00:00";"BA";116;"428";"FEIRA DE SANTANA";"Não guardar distância de segurança";"Colisão lateral";"Sem Vítimas";"Pleno dia";"Decrescente";"Ceu Claro";"Dupla";"Reta";"Rural";2;0;0;0;2;0;0;2
83467192;"21/05/16";"Sábado";"17:00:00";"PE";232;"406";"SERRA TALHADA";"Não guardar distância de segurança";"Colisão traseira";"Com Vítimas Feridas";"Anoitecer";"Crescente";"Sol";"Simples";"Reta";"Urbano";6;0;3;0;3;0;3;3
83467193;"23/05/16";"Segunda";"08:05:00";"PR";277;"717,9";"SANTA TEREZINHA DE ITAIPU";"Falta de atenção";"Colisão traseira";"Sem Vítimas";"Pleno dia";"Crescente";"Nevoeiro/neblina";"Dupla";"Reta";"Rural";2;0;0;0;2;0;0;2
83467194;"22/04/16";"Sexta";"05:30:00";"MG";116;"813,5";"ALEM PARAIBA";"Velocidade incompatível";"Capotamento";"Com Vítimas Feridas";"Amanhecer";"Crescente";"Ceu Claro";"Simples";"Curva";"Rural";4;0;2;0;0;2;2;1
83467195;"23/05/16";"Segunda";"12:40:00";"SP";116;"126";"CACAPAVA";"Outras";"Colisão traseira";"Com Vítimas Feridas";"Pleno dia";"Crescente";"Sol";"Dupla";"Reta";"Urbano";2;0;1;0;1;0;1;2
83467196;"30/04/16";"Sábado";"07:20:00";"MG";40;"472,1";"SETE LAGOAS";"Falta de atenção";"Colisão traseira";"Sem Vítimas";"Pleno dia";"Crescente";"Ceu Claro";"Dupla";"Reta";"Urbano";2;0;0;0;2;0;0;2
83467197;"23/05/16";"Segunda";"13:00:00";"RJ";101;"197";"CASIMIRO DE ABREU";"Defeito na via";"Capotamento";"Sem Vítimas";"Pleno dia";"Decrescente";"Nublado";"Dupla";"Reta";"Rural";1;0;0;0;1;0;0;1
83467198;"23/05/16";"Segunda";"09:30:00";"MG";50;"14";"ARAGUARI";"Velocidade incompatível";"Colisão com objeto móvel";"Sem Vítimas";"Pleno dia";"Decrescente";"Sol";"Dupla";"Reta";"Rural";1;0;0;0;1;0;0;1
83467199;"21/05/16";"Sábado";"05:10:00";"SP";116;"218";"GUARULHOS";"Defeito mecânico em veículo";"Colisão traseira";"Sem Vítimas";"Amanhecer";"Decrescente";"Chuva";"Múltipla";"Reta";"Urbano";5;0;0;0;5;0;0;5
83467200;"23/05/16";"Segunda";"13:00:00";"RJ";101;"411";"ITAGUAI";"Outras";"Saída de Pista";"Com Vítimas Feridas";"Pleno dia";"Crescente";"Chuva";"Dupla";"Reta";"Urbano";3;0;1;0;2;0;1;1
83467201;"16/05/16";"Segunda";"09:30:00";"SP";116;"186";"SANTA ISABEL";"Outras";"Atropelamento de pessoa";"Com Vítimas Fatais";"Pleno dia";"Decrescente";"Ceu Claro";"Dupla";"Reta";"Rural";2;1;0;0;0;1;0;1
83467202;"15/05/16";"Domingo";"09:50:00";"DF";80;"34,5";"BRASILIA";"Falta de atenção";"Colisão lateral";"Com Vítimas Fatais";"Pleno dia";"Crescente";"Ceu Claro";"Simples";"Reta";"Rural";5;4;0;0;1;0;0;2
83467203;"21/05/16";"Sábado";"20:50:00";"PB";101;"84,8";"BAYEUX";"Outras";"Atropelamento de pessoa";"Com Vítimas Fatais";"Plena noite";"Decrescente";"Ceu Claro";"Dupla";"Reta";"Urbano";3;1;0;0;2;0;0;1
83467204;"23/05/16";"Segunda";"13:10:00";"PE";232;"129,2";"CARUARU";"Outras";"Colisão traseira";"Sem Vítimas";"Pleno dia";"Decrescente";"Ceu Claro";"Dupla";"Reta";"Urbano";3;0;0;0;3;0;0;2
83467205;"07/05/16";"Sábado";"08:30:00";"PI";316;"14,4";"TERESINA";"Falta de atenção";"Colisão lateral";"Com Vítimas Feridas";"Pleno dia";"Crescente";"Ceu Claro";"Simples";"Reta";"Urbano";3;0;2;0;1;0;2;3
83467208;"23/05/16";"Segunda";"13:45:00";"ES";262;"166,9";"IBATIBA";"Velocidade incompatível";"Saída de Pista";"Com Vítimas Feridas";"Pleno dia";"Crescente";"Ceu Claro";"Simples";"Curva";"Rural";1;0;1;0;0;0;1;1
83467210;"23/05/16";"Segunda";"06:10:00";"CE";116;"6,5";"FORTALEZA";"Falta de atenção";"Colisão lateral";"Sem Vítimas";"Pleno dia";"Decrescente";"Ceu Claro";"Múltipla";"Reta";"Urbano";2;0;0;0;2;0;0;2
83467211;"23/05/16";"Segunda";"12:30:00";"BA";116;"586,2";"NOVA ITARANA";"Outras";"Saída de Pista";"Sem Vítimas";"Pleno dia";"Crescente";"Sol";"Simples";"Curva";"Rural";1;0;0;0;1;0;0;1
83467212;"19/05/16";"Quinta";"23:10:00";"RO";319;"63";"PORTO VELHO";"Desobediência à sinalização";"Colisão Transversal";"Com Vítimas Feridas";"Plena noite";"Decrescente";"Ceu Claro";"Múltipla";"Reta";"Urbano";2;0;0;1;0;1;1;2
83467213;"21/05/16";"Sábado";"10:10:00";"MG";267;"277,9";"AIURUOCA";"Velocidade incompatível";"Colisão frontal";"Com Vítimas Fatais";"Pleno dia";"Crescente";"Chuva";"Simples";"Curva";"Rural";5;1;2;2;0;0;4;2
83467214;"23/05/16";"Segunda";"13:00:00";"BA";101;"264,7";"SANTO ANTONIO DE JESUS";"Falta de atenção";"Colisão Transversal";"Sem Vítimas";"Pleno dia";"Crescente";"Ceu Claro";"Simples";"Reta";"Urbano";2;0;0;0;2;0;0;2
83467215;"23/05/16";"Segunda";"06:45:00";"MG";116;"594,4";"MANHUACU";"Velocidade incompatível";"Colisão frontal";"Com Vítimas Fatais";"Pleno dia";"Crescente";"Ceu Claro";"Simples";"Curva";"Rural";2;1;0;1;0;0;1;2
83467216;"23/05/16";"Segunda";"14:00:00";"BA";110;"162";"RIBEIRA DO POMBAL";"Falta de atenção";"Colisão traseira";"Sem Vítimas";"Pleno dia";"Crescente";"Ceu Claro";"Simples";"Reta";"Rural";2;0;0;0;1;1;0;2