"id";"data_inversa";"dia_semana";"horario";"uf";"br";"km";"municipio";"causa_acidente";"tipo_acidente";"classificacao_acidente";"fase_dia";"sentido_via";"condicao_metereologica";"tipo_pista";"tracado_via";"uso_solo";"pessoas";"mortos";"feridos_leves";"feridos_graves";"ilesos";"ignorados";"feridos";"veiculos"
83467329;"19/05/16";"Quinta";"23:00:00";"MS";163;"313,7";"RIO BRILHANTE";"Falta de atenção";"Colisão traseira";"Sem Vítimas";"Plena noite";"Decrescente";"Ceu Claro";"Simples";"Reta";"Rural";2;0;0;0;2;0;0;2
83467330;"23/05/16";"Segunda";"20:00:00";"GO";20;"3,6";"FORMOSA";"Outras";"Atropelamento de pessoa";"Com Vítimas Feridas";"Plena noite";"Crescente";"Ceu Claro";"Dupla";"Reta";"Urbano";2;0;0;1;1;0;1;1
83467331;"24/05/16";"Terça";"00:10:00";"PR";116;"5";"CAMPINA GRANDE DO SUL";"Falta de atenção";"Colisão lateral";"Com Vítimas Feridas";"Plena noite";"Crescente";"Nublado";"Múltipla";"Reta";"Urbano";2;0;1;0;1;0;1;2
83467332;"24/05/16";"Terça";"00:10:00";"RJ";40;"91";"PETROPOLIS";"Outras";"Tombamento";"Sem Vítimas";"Plena noite";"Decrescente";"Chuva";"Simples";"Curva";"Rural";1;0;0;0;1;0;0;1
83467333;"23/05/16";"Segunda";"15:30:00";"PA";230;"120";"MARABA";"Falta de atenção";"Colisão Transversal";"Com Vítimas Feridas";"Pleno dia";"Decrescente";"Ceu Claro";"Dupla";"Reta";"Urbano";3;0;2;0;1;0;2;2
83467334;"23/05/16";"Segunda";"22:00:00";"BA";110;"227";"NOVA SOURE";"Animais na Pista";"Atropelamento de animal";"Sem Vítimas";"Plena noite";"Decrescente";"Ceu Claro";"Simples";"Reta";"Rural";4;0;0;0;4;0;0;1
83467335;"23/05/16";"Segunda";"20:50:00";"RS";158;"241";"TUPANCIRETA";"Velocidade incompatível";"Saída de Pista";"Sem Vítimas";"Plena noite";"Decrescente";"Ceu Claro";"Simples";"Curva";"Rural";4;0;0;0;4;0;0;1
83467336;"24/05/16";"Terça";"02:00:00";"RS";290;"32,1";"SANTO ANTONIO DA PATRULHA";"Falta de atenção";"Saída de Pista";"Sem Vítimas";"Plena noite";"Decrescente";"Nublado";"Dupla";"Reta";"Rural";1;0;0;0;1;0;0;1
83467337;"23/05/16";"Segunda";"16:40:00";"SC";101;"203";"SAO JOSE";"Não guardar distância de segurança";"Colisão lateral";"Com Vítimas Feridas";"Pleno dia";"Crescente";"Ceu Claro";"Simples";"Reta";"Urbano";2;0;1;0;1;0;1;2
83467338;"24/05/16";"Terça";"02:30:00";"CE";222;"309";"TIANGUA";"Defeito na via";"Danos Eventuais";"Sem Vítimas";"Plena noite";"Crescente";"Nevoeiro/neblina";"Dupla";"Reta";"Urbano";1;0;0;0;1;0;0;1
83467339;"23/05/16";"Segunda";"17:20:00";"GO";452;"79,2";"MAURILANDIA";"Desobediência à sinalização";"Colisão Transversal";"Com Vítimas Feridas";"Anoitecer";"Crescente";"Ceu Claro";"Simples";"Cruzamento";"Rural";8;0;2;3;3;0;5;2
83467340;"24/05/16";"Terça";"01:50:00";"PR";116;"43,8";"CAMPINA GRANDE DO SUL";"Dormindo";"Saída de Pista";"Sem Vítimas";"Plena noite";"Decrescente";"Ceu Claro";"Dupla";"Curva";"Rural";1;0;0;0;1;0;0;1
83467341;"23/05/16";"Segunda";"23:30:00";"RS";287;"233,2";"SANTA MARIA";"Ingestão de álcool";"Saída de Pista";"Sem Vítimas";"Plena noite";"Decrescente";"Ceu Claro";"Simples";"Reta";"Urbano";1;0;0;0;1;0;0;1
83467342;"23/05/16";"Segunda";"10:00:00";"PR";476;"68";"TUNAS DO PARANA";"Velocidade incompatível";"Tombamento";"Sem Vítimas";"Pleno dia";"Decrescente";"Ceu Claro";"Simples";"Curva";"Rural";1;0;0;0;1;0;0;1
83467343;"23/05/16";"Segunda";"21:30:00";"RO";364;"384";"OURO PRETO DO OESTE";"Falta de atenção";"Colisão Transversal";"Com Vítimas Feridas";"Plena noite";"Decrescente";"Ceu Claro";"Simples";"Reta";"Urbano";2;0;1;0;1;0;1;2
83467344;"24/05/16";"Terça";"01:42:00";"MT";364;"300";"JACIARA";"Outras";"Incêndio";"Com Vítimas Feridas";"Plena noite";"Crescente";"Nevoeiro/neblina";"Dupla";"Reta";"Rural";1;0;1;0;0;0;1;1
83467345;"23/05/16";"Segunda";"08:00:00";"PB";101;"37";"MAMANGUAPE";"Desobediência à sinalização";"Saída de Pista";"Sem Vítimas";"Pleno dia";"Crescente";"Ceu Claro";"Dupla";"Reta";"Urbano";2;0;0;0;1;1;0;2
83467346;"23/05/16";"Segunda";"20:30:00";"PB";405;"31";"SAO JOAO DO RIO DO PEIXE";"Falta de atenção";"Colisão lateral";"Com Vítimas Feridas";"Plena noite";"Decrescente";"Nublado";"Simples";"Reta";"Urbano";2;0;0;2;0;0;2;2
83467347;"19/05/16";"Quinta";"20:20:00";"RO";319;"64";"PORTO VELHO";"Desobediência à sinalização";"Colisão lateral";"Com Vítimas Feridas";"Plena noite";"Decrescente";"Ceu Claro";"Dupla";"Cruzamento";"Urbano";2;0;0;1;1;0;1;2
83467348;"24/05/16";"Terça";"05:25:00";"SC";116;"0,5";"MAFRA";"Falta de atenção";"Queda de motocicleta / bicicleta / veículo";"Com Vítimas Feridas";"Plena noite";"Decrescente";"Ceu Claro";"Simples";"Reta";"Urbano";1;0;1;0;0;0;1;1
83467349;"20/05/16";"Sexta";"14:20:00";"CE";20;"418";"MARACANAU";"Desobediência à sinalização";"Colisão Transversal";"Com Vítimas Feridas";"Pleno dia";"Crescente";"Ceu Claro";"Simples";"Reta";"Urbano";2;0;1;0;1;0;1;2
83467350;"23/05/16";"Segunda";"22:00:00";"BA";101;"770,9";"ITABELA";"Defeito na via";"Tombamento";"Sem Vítimas";"Plena noite";"Decrescente";"Ceu Claro";"Simples";"Curva";"Rural";2;0;0;0;2;0;0;1
83467351;"24/05/16";"Terça";"03:45:00";"BA";324;"556";"AMELIA RODRIGUES";"Falta de atenção";"Capotamento";"Com Vítimas Feridas";"Plena noite";"Crescente";"Nublado";"Dupla";"Curva";"Rural";1;0;0;1;0;0;1;1
83467352;"24/05/16";"Terça";"02:15:00";"RS";472;"579";"URUGUAIANA";"Animais na Pista";"Atropelamento de animal";"Com Vítimas Feridas";"Plena noite";"Crescente";"Ceu Claro";"Simples";"Reta";"Urbano";1;0;1;0;0;0;1;1
83467354;"23/05/16";"Segunda";"18:10:00";"SC";280;"185,5";"MAFRA";"Falta de atenção";"Saída de Pista";"Ignorado";"Anoitecer";"Decrescente";"Ceu Claro";"Simples";"Reta";"Rural";1;0;0;0;0;1;0;1
83467355;"23/05/16";"Segunda";"14:00:00";"MS";163;"214";"CAARAPO";"Outras";"Saída de Pista";"Sem Vítimas";"Pleno dia";"Crescente";"Ceu Claro";"Simples";"Curva";"Rural";1;0;0;0;1;0;0;1
83467356;"24/05/16";"Terça";"05:55:00";"SC";101;"199,7";"SAO JOSE";"Falta de atenção";"Colisão traseira";"Com Vítimas Feridas";"Plena noite";"Crescente";"Ceu Claro";"Simples";"Reta";"Urbano";2;0;1;0;1;0;1;2
83467357;"23/05/16";"Segunda";"14:30:00";"ES";101;"15,7";"PEDRO CANARIO";"Outras";"Colisão lateral";"Sem Vítimas";"Pleno dia";"Crescente";"Nublado";"Simples";"Reta";"Urbano";2;0;0;0;1;1;0;2
83467358;"24/05/16";"Terça";"02:10:00";"BA";116;"466";"SANTO ESTEVAO";"Falta de atenção";"Tombamento";"Sem Vítimas";"Plena noite";"Crescente";"Nublado";"Dupla";"Reta";"Rural";1;0;0;0;1;0;0;1
83467359;"24/05/16";"Terça";"05:40:00";"RS";386;"355,2";"ESTRELA";"Falta de atenção";"Colisão Transversal";"Com Vítimas Feridas";"Plena noite";"Decrescente";"Nublado";"Dupla";"Reta";"Rural";3;0;1;1;1;0;2;2
83467360;"19/05/16";"Quinta";"06:30:00";"SC";116;"3";"MAFRA";"Falta de atenção";"Colisão traseira";"Com Vítimas Feridas";"Amanhecer";"Decrescente";"Ceu Claro";"Simples";"Reta";"Urbano";2;0;1;0;0;1;1;2
83467361;"16/05/16";"Segunda";"13:30:00";"BA";324;"572";"SAO SEBASTIAO DO PASSE";"Outras";"Capotamento";"Com Vítimas Feridas";"Pleno dia";"Crescente";"Nublado";"Simples";"Reta";"Rural";4;0;4;0;0;0;4;1
83467362;"23/05/16";"Segunda";"08:00:00";"RJ";116;"258,1";"VOLTA REDONDA";"Outras";"Colisão com objeto fixo";"Sem Vítimas";"Pleno dia";"Crescente";"Chuva";"Simples";"Curva";"Rural";1;0;0;0;1;0;0;1
83467363;"21/05/16";"Sábado";"01:55:00";"SP";116;"159";"JACAREI";"Outras";"Colisão com objeto fixo";"Sem Vítimas";"Plena noite";"Crescente";"Chuva";"Dupla";"Reta";"Rural";1;0;0;0;1;0;0;1
83467364;"20/05/16";"Sexta";"23:55:00";"MG";50;"28";"ARAGUARI";"Falta de atenção";"Colisão com objeto fixo";"Sem Vítimas";"Plena noite";"Crescente";"Ceu Claro";"Dupla";"Curva";"Rural";1;0;0;0;1;0;0;1
83467365;"24/05/16";"Terça";"01:30:00";"MS";262;"120,1";"AGUA CLARA";"Dormindo";"Saída de Pista";"Com Vítimas Feridas";"Plena noite";"Crescente";"Nublado";"Simples";"Reta";"Rural";4;0;2;0;2;0;2;1
83467366;"23/05/16";"Segunda";"13:30:00";"BA";101;"123,2";"TEODORO SAMPAIO";"Outras";"Saída de Pista";"Com Vítimas Feridas";"Pleno dia";"Decrescente";"Chuva";"Simples";"Curva";"Rural";1;0;1;0;0;0;1;1
83467367;"24/05/16";"Terça";"05:50:00";"MG";262;"356";"BETIM";"Falta de atenção";"Atropelamento de pessoa";"Com Vítimas Feridas";"Pleno dia";"Decrescente";"Ceu Claro";"Dupla";"Reta";"Rural";2;0;0;1;1;0;1;1
83467368;"24/05/16";"Terça";"03:30:00";"MS";163;"398";"NOVA ALVORADA DO SUL";"Falta de atenção";"Saída de Pista";"Com Vítimas Feridas";"Plena noite";"Crescente";"Ceu Claro";"Simples";"Reta";"Rural";1;0;1;0;0;0;1;1
83467369;"19/05/16";"Quinta";"20:00:00";"SP";381;"88";"SAO PAULO";"Outras";"Colisão lateral";"Sem Vítimas";"Plena noite";"Crescente";"Chuva";"Múltipla";"Reta";"Urbano";3;0;0;0;3;0;0;3
83467370;"23/05/16";"Segunda";"13:15:00";"RJ";116;"228";"PIRAI";"Outras";"Colisão com objeto fixo";"Com Vítimas Feridas";"Pleno dia";"Decrescente";"Chuva";"Dupla";"Curva";"Rural";3;0;1;1;1;0;2;1
83467371;"24/05/16";"Terça";"00:10:00";"MS";158;"175,2";"APARECIDA DO TABOADO";"Defeito mecânico em veículo";"Incêndio";"Sem Vítimas";"Plena noite";"Decrescente";"Ceu Claro";"Simples";"Reta";"Rural";1;0;0;0;1;0;0;1
83467372;"23/05/16";"Segunda";"21:00:00";"PR";277;"100,9";"CURITIBA";"Outras";"Colisão com objeto fixo";"Com Vítimas Feridas";"Plena noite";"Crescente";"Sol";"Dupla";"Curva";"Rural";1;0;1;0;0;0;1;1
83467373;"22/05/16";"Domingo";"04:15:00";"MG";381;"903,5";"CAMBUI";"Velocidade incompatível";"Saída de Pista";"Sem Vítimas";"Plena noite";"Decrescente";"Ignorada";"Dupla";"Curva";"Rural";1;0;0;0;1;0;0;1
83467374;"24/05/16";"Terça";"05:40:00";"RS";290;"145,9";"ELDORADO DO SUL";"Falta de atenção";"Colisão frontal";"Sem Vítimas";"Plena noite";"Crescente";"Nevoeiro/neblina";"Simples";"Reta";"Rural";2;0;0;0;2;0;0;2
83467375;"18/05/16";"Quarta";"21:50:00";"PR";163;"285";"MARECHAL CANDIDO RONDON";"Falta de atenção";"Queda de motocicleta / bicicleta / veículo";"Com Vítimas Feridas";"Plena noite";"Crescente";"Ceu Claro";"Simples";"Reta";"Rural";1;0;0;1;0;0;1;1
83467376;"20/05/16";"Sexta";"21:35:00";"PE";101;"102";"CABO DE SANTO AGOSTINHO";"Desobediência à sinalização";"Colisão frontal";"Com Vítimas Feridas";"Plena noite";"Decrescente";"Nublado";"Simples";"Curva";"Rural";3;0;3;0;0;0;3;2
83467377;"23/05/16";"Segunda";"09:00:00";"RJ";40;"59";"PETROPOLIS";"Outras";"Colisão com objeto fixo";"Com Vítimas Feridas";"Pleno dia";"Decrescente";"Chuva";"Dupla";"Curva";"Rural";1;0;1;0;0;0;1;1
83467378;"24/05/16";"Terça";"07:15:00";"SC";282;"645,7";"SAO MIGUEL DOESTE";"Desobediência à sinalização";"Colisão Transversal";"Sem Vítimas";"Pleno dia";"Crescente";"Ceu Claro";"Simples";"Cruzamento";"Urbano";2;0;0;0;2;0;0;2
83467379;"21/05/16";"Sábado";"18:29:00";"RN";101;"94,4";"NATAL";"Outras";"Colisão lateral";"Com Vítimas Feridas";"Pleno dia";"Crescente";"Sol";"Simples";"Reta";"Urbano";3;0;2;0;0;1;2;2
83467380;"20/05/16";"Sexta";"21:15:00";"PR";476;"138";"CURITIBA";"Falta de atenção";"Colisão traseira";"Com Vítimas Feridas";"Plena noite";"Crescente";"Chuva";"Múltipla";"Reta";"Urbano";2;0;1;0;1;0;1;2
83467381;"24/05/16";"Terça";"08:00:00";"RS";470;"218";"BENTO GONCALVES";"Outras";"Colisão Transversal";"Sem Vítimas";"Pleno dia";"Crescente";"Nublado";"Simples";"Reta";"Rural";2;0;0;0;2;0;0;2
83467382;"20/02/16";"Sábado";"20:10:00";"PR";277;"131";"BALSA NOVA";"Velocidade incompatível";"Colisão com objeto fixo";"Sem Vítimas";"Plena noite";"Decrescente";"Chuva";"Dupla";"Curva";"Rural";3;0;0;0;3;0;0;1
83467383;"20/05/16";"Sexta";"19:50:00";"PR";116;"24";"ANTONINA";"Velocidade incompatível";"Tombamento";"Com Vítimas Feridas";"Plena noite";"Decrescente";"Chuva";"Dupla";"Curva";"Rural";3;0;1;0;2;0;1;3
83467384;"20/05/16";"Sexta";"19:40:00";"RO";319;"63,9";"PORTO VELHO";"Falta de atenção";"Colisão lateral";"Com Vítimas Feridas";"Plena noite";"Decrescente";"Ceu Claro";"Dupla";"Reta";"Urbano";5;0;1;0;4;0;1;2
83467385;"20/05/16";"Sexta";"18:15:00";"SC";470;"139,5";"RIO DO SUL";"Ingestão de álcool";"Colisão frontal";"Sem Vítimas";"Anoitecer";"Crescente";"Chuva";"Simples";"Reta";"Urbano";2;0;0;0;2;0;0;2
83467386;"20/05/16";"Sexta";"18:30:00";"MG";365;"762,4";"ITUIUTABA";"Outras";"Colisão traseira";"Com Vítimas Feridas";"Anoitecer";"Decrescente";"Ceu Claro";"Simples";"Reta";"Rural";3;0;1;0;2;0;1;3
83467387;"24/05/16";"Terça";"07:10:00";"SC";101;"206";"SAO JOSE";"Não guardar distância de segurança";"Colisão traseira";"Com Vítimas Feridas";"Amanhecer";"Crescente";"Ceu Claro";"Dupla";"Reta";"Urbano";3;0;1;0;2;0;1;3
83467388;"16/05/16";"Segunda";"15:30:00";"BA";324;"587";"CANDEIAS";"Outras";"Colisão com objeto fixo";"Com Vítimas Feridas";"Pleno dia";"Decrescente";"Chuva";"Simples";"Reta";"Rural";3;0;3;0;0;0;3;1
83467390;"20/05/16";"Sexta";"08:00:00";"SP";116;"227,5";"SAO PAULO";"Falta de atenção";"Queda de motocicleta / bicicleta / veículo";"Com Vítimas Feridas";"Pleno dia";"Crescente";"Nublado";"Múltipla";"Reta";"Urbano";2;0;1;0;1;0;1;2
83467391;"24/05/16";"Terça";"08:20:00";"RS";116;"234";"NOVO HAMBURGO";"Desobediência à sinalização";"Colisão Transversal";"Com Vítimas Feridas";"Pleno dia";"Decrescente";"Nevoeiro/neblina";"Simples";"Reta";"Urbano";2;0;1;0;1;0;1;2
83467392;"24/05/16";"Terça";"08:00:00";"SC";101;"155,6";"PORTO BELO";"Defeito mecânico em veículo";"Tombamento";"Com Vítimas Feridas";"Pleno dia";"Crescente";"Ceu Claro";"Dupla";"Reta";"Rural";2;0;1;0;1;0;1;1
83467393;"24/05/16";"Terça";"08:05:00";"RS";386;"152";"ALMIRANTE TAMANDARE DO SUL";"Não guardar distância de segurança";"Colisão traseira";"Sem Vítimas";"Amanhecer";"Crescente";"Ceu Claro";"Simples";"Curva";"Rural";3;0;0;0;3;0;0;3
83467394;"20/05/16";"Sexta";"15:05:00";"MG";116;"529,3";"CARATINGA";"Falta de atenção";"Colisão Transversal";"Com Vítimas Feridas";"Pleno dia";"Decrescente";"Ceu Claro";"Múltipla";"Cruzamento";"Urbano";2;0;1;0;1;0;1;2
83467395;"24/05/16";"Terça";"08:10:00";"PB";101;"113,2";"ALHANDRA";"Velocidade incompatível";"Saída de Pista";"Sem Vítimas";"Pleno dia";"Crescente";"Chuva";"Dupla";"Curva";"Rural";1;0;0;0;1;0;0;1
83467396;"20/05/16";"Sexta";"14:30:00";"RJ";101;"169,5";"MACAE";"Outras";"Saída de Pista";"Sem Vítimas";"Pleno dia";"Crescente";"Nublado";"Simples";"Reta";"Rural";1;0;0;0;1;0;0;1
83467397;"21/05/16";"Sábado";"04:30:00";"PB";101;"99,4";"ALHANDRA";"Dormindo";"Saída de Pista";"Sem Vítimas";"Plena noite";"Crescente";"Ceu Claro";"Dupla";"Reta";"Rural";1;0;0;0;1;0;0;1
83467398;"18/05/16";"Quarta";"06:50:00";"RS";116;"514";"PELOTAS";"Outras";"Colisão traseira";"Sem Vítimas";"Amanhecer";"Decrescente";"Ceu Claro";"Dupla";"Reta";"Urbano";2;0;0;0;1;1;0;2
83467399;"24/05/16";"Terça";"08:10:00";"RS";116;"397,8";"CAMAQUA";"Desobediência à sinalização";"Colisão Transversal";"Sem Vítimas";"Pleno dia";"Crescente";"Ceu Claro";"Simples";"Cruzamento";"Urbano";2;0;0;0;2;0;0;2
83467400;"24/05/16";"Terça";"07:25:00";"PR";376;"16,9";"MARINGA";"Falta de atenção";"Colisão lateral";"Com Vítimas Feridas";"Pleno dia";"Decrescente";"Ceu Claro";"Dupla";"Reta";"Urbano";2;0;0;1;1;0;1;2
83467401;"20/05/16";"Sexta";"18:30:00";"RJ";116;"175";"NOVA IGUACU";"Outras";"Queda de motocicleta / bicicleta / veículo";"Com Vítimas Feridas";"Anoitecer";"Decrescente";"Nublado";"Dupla";"Reta";"Urbano";2;0;2;0;0;0;2;1
83467402;"24/05/16";"Terça";"07:40:00";"MG";267;"358,4";"CAMPANHA";"Não guardar distância de segurança";"Colisão traseira";"Com Vítimas Feridas";"Amanhecer";"Decrescente";"Ceu Claro";"Simples";"Curva";"Rural";4;0;1;0;3;0;1;2
83467403;"07/05/16";"Sábado";"14:00:00";"PR";376;"227,1";"APUCARANA";"Outras";"Saída de Pista";"Com Vítimas Feridas";"Plena noite";"Decrescente";"Nublado";"Dupla";"Reta";"Rural";1;0;0;1;0;0;1;1
83467404;"24/05/16";"Terça";"06:40:00";"RS";392;"350,7";"SANTA MARIA";"Outras";"Colisão Transversal";"Sem Vítimas";"Amanhecer";"Decrescente";"Nevoeiro/neblina";"Simples";"Cruzamento";"Urbano";2;0;0;0;2;0;0;2
83467405;"24/05/16";"Terça";"08:20:00";"GO";20;"181";"SIMOLANDIA";"Falta de atenção";"Colisão lateral";"Sem Vítimas";"Pleno dia";"Crescente";"Ceu Claro";"Simples";"Reta";"Urbano";2;0;0;0;2;0;0;2
83467406;"24/05/16";"Terça";"08:50:00";"RJ";40;"91";"PETROPOLIS";"Não guardar distância de segurança";"Colisão lateral";"Com Vítimas Feridas";"Pleno dia";"Decrescente";"Nublado";"Simples";"Curva";"Rural";2;0;1;0;1;0;1;2
83467407;"21/05/16";"Sábado";"05:30:00";"RJ";40;"108";"DUQUE DE CAXIAS";"Outras";"Colisão com objeto fixo";"Sem Vítimas";"Amanhecer";"Decrescente";"Ceu Claro";"Múltipla";"Reta";"Urbano";1;0;0;0;1;0;0;1
83467408;"21/05/16";"Sábado";"02:20:00";"SC";101;"108,4";"PENHA";"Velocidade incompatível";"Capotamento";"Com Vítimas Feridas";"Plena noite";"Crescente";"Nublado";"Dupla";"Curva";"Rural";3;0;2;1;0;0;3;1
83467409;"19/05/16";"Quinta";"16:50:00";"MG";116;"278,5";"TEOFILO OTONI";"Desobediência à sinalização";"Queda de motocicleta / bicicleta / veículo";"Com Vítimas Feridas";"Pleno dia";"Decrescente";"Nublado";"Simples";"Cruzamento";"Urbano";2;0;1;0;1;0;1;2
83467410;"09/01/16";"Sábado";"16:00:00";"BA";110;"362";"CATU";"Outras";"Colisão frontal";"Com Vítimas Feridas";"Pleno dia";"Crescente";"Nublado";"Simples";"Reta";"Rural";3;0;1;0;2;0;1;2
83467411;"22/05/16";"Domingo";"19:00:00";"SP";116;"222,2";"GUARULHOS";"Velocidade incompatível";"Colisão traseira";"Com Vítimas Feridas";"Plena noite";"Crescente";"Chuva";"Múltipla";"Reta";"Urbano";3;0;1;0;2;0;1;3
83467412;"23/05/16";"Segunda";"11:00:00";"GO";20;"136";"FLORES DE GOIAS";"Defeito mecânico em veículo";"Queda de motocicleta / bicicleta / veículo";"Com Vítimas Feridas";"Anoitecer";"Crescente";"Ceu Claro";"Simples";"Reta";"Rural";2;0;1;0;1;0;1;1
83467413;"24/05/16";"Terça";"08:50:00";"AL";101;"200";"SAO SEBASTIAO";"Velocidade incompatível";"Saída de Pista";"Sem Vítimas";"Pleno dia";"Crescente";"Chuva";"Dupla";"Curva";"Rural";1;0;0;0;1;0;0;1
83467414;"22/03/16";"Terça";"21:00:00";"MT";364;"229";"RONDONOPOLIS";"Não guardar distância de segurança";"Colisão traseira";"Sem Vítimas";"Plena noite";"Decrescente";"Ceu Claro";"Simples";"Reta";"Rural";4;0;0;0;4;0;0;4
83467415;"23/05/16";"Segunda";"01:30:00";"RS";290;"630,1";"URUGUAIANA";"Falta de atenção";"Atropelamento de animal";"Sem Vítimas";"Plena noite";"Decrescente";"Ceu Claro";"Simples";"Reta";"Rural";1;0;0;0;1;0;0;1
83467416;"24/05/16";"Terça";"07:50:00";"PR";277;"81";"CURITIBA";"Falta de atenção";"Colisão traseira";"Com Vítimas Feridas";"Pleno dia";"Crescente";"Nublado";"Dupla";"Reta";"Urbano";2;0;1;0;1;0;1;2
83467417;"23/05/16";"Segunda";"16:30:00";"PR";277;"80";"CURITIBA";"Velocidade incompatível";"Colisão com objeto fixo";"Com Vítimas Feridas";"Pleno dia";"Crescente";"Ceu Claro";"Dupla";"Reta";"Urbano";1;0;0;1;0;0;1;1
83467418;"18/05/16";"Quarta";"07:00:00";"SP";116;"313";"SAO LOURENCO DA SERRA";"Dormindo";"Colisão traseira";"Sem Vítimas";"Pleno dia";"Decrescente";"Nublado";"Dupla";"Reta";"Rural";2;0;0;0;2;0;0;2
83467419;"21/05/16";"Sábado";"03:03:00";"RJ";101;"262";"RIO BONITO";"Outras";"Queda de motocicleta / bicicleta / veículo";"Ignorado";"Plena noite";"Decrescente";"Ignorada";"Dupla";"Reta";"Rural";2;0;0;0;0;2;0;1
83467420;"28/04/16";"Quinta";"16:40:00";"SC";280;"35,5";"ARAQUARI";"Falta de atenção";"Tombamento";"Com Vítimas Feridas";"Pleno dia";"Crescente";"Ceu Claro";"Simples";"Cruzamento";"Urbano";2;0;0;1;1;0;1;2
83467421;"21/05/16";"Sábado";"03:50:00";"SC";101;"211,8";"PALHOCA";"Velocidade incompatível";"Saída de Pista";"Com Vítimas Feridas";"Plena noite";"Decrescente";"Nublado";"Simples";"Reta";"Urbano";4;0;1;0;3;0;1;1
83467422;"16/05/16";"Segunda";"09:00:00";"SP";381;"68";"MAIRIPORA";"Outras";"Capotamento";"Sem Vítimas";"Pleno dia";"Decrescente";"Nublado";"Dupla";"Curva";"Rural";1;0;0;0;1;0;0;1
83467423;"20/05/16";"Sexta";"11:15:00";"RJ";101;"260";"RIO BONITO";"Outras";"Colisão frontal";"Com Vítimas Feridas";"Pleno dia";"Crescente";"Sol";"Simples";"Reta";"Rural";3;0;1;0;2;0;1;3
83467424;"20/05/16";"Sexta";"22:20:00";"CE";20;"379";"CAUCAIA";"Defeito mecânico em veículo";"Colisão traseira";"Com Vítimas Feridas";"Plena noite";"Decrescente";"Nublado";"Simples";"Reta";"Rural";4;0;1;1;0;2;2;2
83467425;"24/05/16";"Terça";"07:53:00";"PR";277;"80,9";"CURITIBA";"Ultrapassagem indevida";"Colisão traseira";"Com Vítimas Feridas";"Pleno dia";"Crescente";"Sol";"Dupla";"Reta";"Urbano";2;0;1;0;1;0;1;2
83467426;"22/05/16";"Domingo";"06:30:00";"SP";116;"298";"ITAPECERICA DA SERRA";"Falta de atenção";"Colisão com objeto fixo";"Sem Vítimas";"Amanhecer";"Decrescente";"Ceu Claro";"Múltipla";"Reta";"Urbano";1;0;0;0;1;0;0;1
83467427;"24/05/16";"Terça";"07:30:00";"PR";376;"215,9";"JANDAIA DO SUL";"Desobediência à sinalização";"Colisão Transversal";"Sem Vítimas";"Amanhecer";"Crescente";"Sol";"Simples";"Curva";"Rural";8;0;0;0;8;0;0;3
83467428;"21/05/16";"Sábado";"22:40:00";"MG";262;"98,5";"ABRE CAMPO";"Desobediência à sinalização";"Colisão frontal";"Com Vítimas Feridas";"Plena noite";"Decrescente";"Nublado";"Simples";"Curva";"Rural";3;0;0;2;1;0;2;3
83467429;"24/05/16";"Terça";"07:50:00";"RS";470;"217,5";"BENTO GONCALVES";"Falta de atenção";"Colisão frontal";"Sem Vítimas";"Pleno dia";"Decrescente";"Ceu Claro";"Simples";"Curva";"Urbano";3;0;0;0;3;0;0;3
83467430;"14/05/16";"Sábado";"23:00:00";"SC";280;"2,5";"SAO FRANCISCO DO SUL";"Falta de atenção";"Saída de Pista";"Com Vítimas Feridas";"Plena noite";"Decrescente";"Chuva";"Simples";"Curva";"Urbano";2;0;1;1;0;0;2;1
83467431;"20/05/16";"Sexta";"20:50:00";"PR";376;"655";"TIJUCAS DO SUL";"Velocidade incompatível";"Saída de Pista";"Sem Vítimas";"Plena noite";"Decrescente";"Chuva";"Dupla";"Curva";"Rural";1;0;0;0;1;0;0;1
83467432;"29/01/16";"Sexta";"17:05:00";"MT";364;"528";"ROSARIO OESTE";"Não guardar distância de segurança";"Colisão traseira";"Sem Vítimas";"Pleno dia";"Decrescente";"Nublado";"Simples";"Reta";"Rural";2;0;0;0;2;0;0;2
83467433;"24/05/16";"Terça";"09:30:00";"MT";364;"203";"RONDONOPOLIS";"Não guardar distância de segurança";"Colisão traseira";"Sem Vítimas";"Pleno dia";"Decrescente";"Sol";"Dupla";"Reta";"Urbano";3;0;0;0;3;0;0;3
83467434;"24/05/16";"Terça";"07:40:00";"MS";158;"142,6";"APARECIDA DO TABOADO";"Falta de atenção";"Colisão traseira";"Com Vítimas Feridas";"Pleno dia";"Decrescente";"Ceu Claro";"Simples";"Reta";"Rural";5;0;2;0;3;0;2;2
83467435;"24/05/16";"Terça";"07:30:00";"RS";285;"370";"SALDANHA MARINHO";"Não guardar distância de segurança";"Colisão traseira";"Sem Vítimas";"Amanhecer";"Decrescente";"Ceu Claro";"Simples";"Reta";"Urbano";2;0;0;0;2;0;0;2
83467437;"16/05/16";"Segunda";"07:00:00";"ES";262;"24,1";"VIANA";"Velocidade incompatível";"Colisão frontal";"Com Vítimas Feridas";"Amanhecer";"Crescente";"Ceu Claro";"Simples";"Reta";"Rural";3;0;0;1;2;0;1;3