"id";"data_inversa";"dia_semana";"horario";"uf";"br";"km";"municipio";"causa_acidente";"tipo_acidente";"classificacao_acidente";"fase_dia";"sentido_via";"condicao_metereologica";"tipo_pista";"tracado_via";"uso_solo";"pessoas";"mortos";"feridos_leves";"feridos_graves";"ilesos";"ignorados";"feridos";"veiculos"
83467438;"21/05/16";"Sábado";"06:30:00";"GO";60;"387";"RIO VERDE";"Outras";"Tombamento";"Sem Vítimas";"Amanhecer";"Decrescente";"Chuva";"Múltipla";"Reta";"Urbano";1;0;0;0;1;0;0;1
83467440;"24/05/16";"Terça";"08:30:00";"PE";101;"122,9";"ESCADA";"Outras";"Saída de Pista";"Com Vítimas Feridas";"Pleno dia";"Crescente";"Chuva";"Simples";"Curva";"Rural";1;0;1;0;0;0;1;1
83467441;"24/05/16";"Terça";"10:25:00";"PR";476;"170,4";"CONTENDA";"Defeito mecânico em veículo";"Colisão traseira";"Com Vítimas Feridas";"Pleno dia";"Decrescente";"Sol";"Dupla";"Cruzamento";"Urbano";5;0;3;0;2;0;3;2
83467442;"23/05/16";"Segunda";"21:50:00";"RN";101;"66,8";"SAO GONCALO DO AMARANTE";"Animais na Pista";"Atropelamento de animal";"Com Vítimas Feridas";"Plena noite";"Decrescente";"Nublado";"Simples";"Reta";"Rural";1;0;1;0;0;0;1;1
83467443;"21/05/16";"Sábado";"03:30:00";"MG";262;"412,5";"IGARATINGA";"Outras";"Queda de motocicleta / bicicleta / veículo";"Com Vítimas Feridas";"Plena noite";"Decrescente";"Vento";"Dupla";"Reta";"Urbano";2;0;1;1;0;0;2;1
83467444;"24/05/16";"Terça";"12:00:00";"RS";285;"656,6";"SAO BORJA";"Falta de atenção";"Colisão lateral";"Sem Vítimas";"Pleno dia";"Crescente";"Sol";"Simples";"Reta";"Rural";2;0;0;0;2;0;0;2
83467445;"24/05/16";"Terça";"09:00:00";"PB";101;"62,5";"SANTA RITA";"Defeito na via";"Saída de Pista";"Sem Vítimas";"Pleno dia";"Decrescente";"Chuva";"Dupla";"Reta";"Rural";1;0;0;0;1;0;0;1
83467446;"24/05/16";"Terça";"08:00:00";"BA";101;"584";"CAMACAN";"Outras";"Colisão Transversal";"Com Vítimas Feridas";"Pleno dia";"Crescente";"Nublado";"Simples";"Cruzamento";"Rural";5;0;1;1;3;0;2;2
83467447;"24/05/16";"Terça";"08:00:00";"BA";367;"39,5";"EUNAPOLIS";"Outras";"Capotamento";"Sem Vítimas";"Pleno dia";"Decrescente";"Ceu Claro";"Simples";"Curva";"Rural";2;0;0;0;2;0;0;1
83467448;"21/05/16";"Sábado";"09:00:00";"MG";40;"448,6";"CAETANOPOLIS";"Ingestão de álcool";"Colisão lateral";"Sem Vítimas";"Pleno dia";"Decrescente";"Ceu Claro";"Dupla";"Reta";"Rural";2;0;0;0;2;0;0;2
83467449;"16/05/16";"Segunda";"19:30:00";"PR";376;"177";"MARINGA";"Não guardar distância de segurança";"Colisão traseira";"Com Vítimas Feridas";"Plena noite";"Crescente";"Ceu Claro";"Dupla";"Reta";"Urbano";2;0;1;0;1;0;1;2
83467450;"24/05/16";"Terça";"12:25:00";"RS";116;"526";"PELOTAS";"Velocidade incompatível";"Colisão traseira";"Sem Vítimas";"Pleno dia";"Crescente";"Nublado";"Simples";"Reta";"Urbano";2;0;0;0;1;1;0;2
83467451;"15/05/16";"Domingo";"22:05:00";"SC";101;"159";"PORTO BELO";"Outras";"Queda de motocicleta / bicicleta / veículo";"Com Vítimas Feridas";"Plena noite";"Crescente";"Ignorada";"Dupla";"Reta";"Urbano";2;0;2;0;0;0;2;1
83467452;"24/05/16";"Terça";"09:30:00";"SC";101;"123";"ITAJAI";"Desobediência à sinalização";"Colisão Transversal";"Sem Vítimas";"Pleno dia";"Crescente";"Ceu Claro";"Múltipla";"Cruzamento";"Urbano";2;0;0;0;2;0;0;2
83467453;"24/05/16";"Terça";"12:00:00";"PE";232;"127,2";"CARUARU";"Outras";"Colisão Transversal";"Com Vítimas Feridas";"Pleno dia";"Crescente";"Chuva";"Simples";"Reta";"Urbano";4;0;1;0;2;1;1;2
83467454;"24/05/16";"Terça";"10:40:00";"BA";367;"79";"EUNAPOLIS";"Velocidade incompatível";"Saída de Pista";"Sem Vítimas";"Pleno dia";"Crescente";"Chuva";"Simples";"Curva";"Rural";1;0;0;0;1;0;0;1
83467455;"20/05/16";"Sexta";"18:30:00";"MG";251;"355,4";"PADRE CARVALHO";"Defeito mecânico em veículo";"Tombamento";"Sem Vítimas";"Anoitecer";"Decrescente";"Ceu Claro";"Simples";"Reta";"Rural";1;0;0;0;1;0;0;1
83467456;"20/05/16";"Sexta";"17:30:00";"MG";40;"693,8";"ALFREDO VASCONCELOS";"Outras";"Atropelamento de pessoa";"Com Vítimas Feridas";"Pleno dia";"Decrescente";"Ceu Claro";"Simples";"Reta";"Rural";2;0;0;1;0;1;1;1
83467457;"21/05/16";"Sábado";"06:45:00";"MG";40;"699,6";"BARBACENA";"Falta de atenção";"Colisão lateral";"Sem Vítimas";"Pleno dia";"Crescente";"Ceu Claro";"Dupla";"Curva";"Urbano";3;0;0;0;3;0;0;2
83467458;"22/05/16";"Domingo";"12:20:00";"GO";70;"37";"COCALZINHO DE GOIAS";"Ingestão de álcool";"Colisão frontal";"Com Vítimas Fatais";"Pleno dia";"Decrescente";"Ceu Claro";"Simples";"Curva";"Rural";3;2;1;0;0;0;1;2
83467459;"21/05/16";"Sábado";"06:45:00";"MG";153;"246";"FRONTEIRA";"Outras";"Saída de Pista";"Sem Vítimas";"Amanhecer";"Crescente";"Chuva";"Simples";"Reta";"Rural";1;0;0;0;1;0;0;1
83467460;"24/05/16";"Terça";"11:00:00";"PA";316;"34";"BENEVIDES";"Desobediência à sinalização";"Colisão Transversal";"Com Vítimas Feridas";"Pleno dia";"Decrescente";"Ceu Claro";"Dupla";"Curva";"Rural";2;0;0;1;1;0;1;2
83467461;"24/05/16";"Terça";"13:40:00";"SC";101;"90,2";"BARRA VELHA";"Falta de atenção";"Atropelamento de pessoa";"Com Vítimas Feridas";"Pleno dia";"Crescente";"Nublado";"Simples";"Reta";"Urbano";2;0;0;1;1;0;1;1
83467462;"22/05/16";"Domingo";"21:35:00";"BA";101;"502";"ITABUNA";"Animais na Pista";"Atropelamento de animal";"Com Vítimas Feridas";"Plena noite";"Crescente";"Ceu Claro";"Simples";"Reta";"Rural";1;0;1;0;0;0;1;1
83467463;"24/05/16";"Terça";"14:00:00";"RS";116;"265,5";"CANOAS";"Falta de atenção";"Colisão Transversal";"Com Vítimas Feridas";"Pleno dia";"Decrescente";"Ceu Claro";"Dupla";"Cruzamento";"Urbano";2;0;1;0;1;0;1;2
83467464;"24/05/16";"Terça";"14:00:00";"RJ";101;"234";"SILVA JARDIM";"Outras";"Saída de Pista";"Sem Vítimas";"Pleno dia";"Decrescente";"Chuva";"Dupla";"Reta";"Rural";1;0;0;0;1;0;0;1
83467465;"22/05/16";"Domingo";"22:26:00";"SP";116;"164";"JACAREI";"Outras";"Atropelamento de pessoa";"Com Vítimas Fatais";"Plena noite";"Decrescente";"Ceu Claro";"Dupla";"Reta";"Urbano";2;1;0;0;0;1;0;1
83467466;"24/05/16";"Terça";"06:30:00";"AC";364;"123";"RIO BRANCO";"Outras";"Queda de motocicleta / bicicleta / veículo";"Com Vítimas Fatais";"Pleno dia";"Crescente";"Ceu Claro";"Simples";"Reta";"Urbano";2;1;0;0;1;0;0;2
83467467;"24/05/16";"Terça";"14:00:00";"BA";116;"524";"ITATIM";"Velocidade incompatível";"Saída de Pista";"Sem Vítimas";"Pleno dia";"Decrescente";"Nublado";"Simples";"Reta";"Rural";1;0;0;0;1;0;0;1
83467468;"24/05/16";"Terça";"13:30:00";"BA";101;"878";"TEIXEIRA DE FREITAS";"Não guardar distância de segurança";"Colisão traseira";"Sem Vítimas";"Pleno dia";"Decrescente";"Nublado";"Simples";"Reta";"Urbano";2;0;0;0;2;0;0;2
83467469;"23/05/16";"Segunda";"18:30:00";"MS";158;"91,4";"PARANAIBA";"Falta de atenção";"Colisão com bicicleta";"Com Vítimas Feridas";"Anoitecer";"Crescente";"Ceu Claro";"Dupla";"Reta";"Rural";2;0;0;1;1;0;1;2
83467470;"20/05/16";"Sexta";"22:45:00";"MG";356;"271,2";"MURIAE";"Desobediência à sinalização";"Colisão lateral";"Sem Vítimas";"Pleno dia";"Decrescente";"Ignorada";"Simples";"Curva";"Rural";2;0;0;0;2;0;0;2
83467471;"18/05/16";"Quarta";"16:05:00";"AL";101;"229";"PORTO REAL DO COLEGIO";"Não guardar distância de segurança";"Colisão traseira";"Com Vítimas Fatais";"Pleno dia";"Decrescente";"Ceu Claro";"Dupla";"Reta";"Rural";2;1;0;0;0;1;0;2
83467472;"17/05/16";"Terça";"16:30:00";"CE";20;"431,8";"EUSEBIO";"Outras";"Colisão traseira";"Com Vítimas Feridas";"Pleno dia";"Crescente";"Ceu Claro";"Dupla";"Reta";"Urbano";2;0;1;0;1;0;1;2
83467473;"24/05/16";"Terça";"10:00:00";"MG";116;"527,8";"CARATINGA";"Velocidade incompatível";"Colisão Transversal";"Com Vítimas Feridas";"Pleno dia";"Decrescente";"Nublado";"Dupla";"Reta";"Urbano";2;0;0;1;1;0;1;2
83467474;"24/05/16";"Terça";"12:20:00";"TO";226;"2";"AGUIARNOPOLIS";"Falta de atenção";"Colisão lateral";"Com Vítimas Fatais";"Pleno dia";"Crescente";"Sol";"Simples";"Reta";"Urbano";2;1;0;0;1;0;0;2
83467475;"24/05/16";"Terça";"14:30:00";"PI";316;"10,3";"TERESINA";"Falta de atenção";"Colisão lateral";"Com Vítimas Feridas";"Pleno dia";"Crescente";"Ceu Claro";"Simples";"Reta";"Urbano";3;0;2;0;0;1;2;2
83467476;"22/05/16";"Domingo";"21:20:00";"PA";230;"119,6";"MARABA";"Falta de atenção";"Colisão traseira";"Sem Vítimas";"Plena noite";"Crescente";"Ceu Claro";"Dupla";"Reta";"Urbano";3;0;0;0;2;1;0;3
83467477;"24/05/16";"Terça";"13:50:00";"SC";101;"196,7";"BIGUACU";"Falta de atenção";"Colisão com objeto fixo";"Com Vítimas Feridas";"Pleno dia";"Crescente";"Sol";"Múltipla";"Curva";"Urbano";1;0;1;0;0;0;1;1
83467478;"24/05/16";"Terça";"13:55:00";"PE";101;"51";"ABREU E LIMA";"Falta de atenção";"Colisão Transversal";"Sem Vítimas";"Pleno dia";"Crescente";"Nublado";"Múltipla";"Reta";"Urbano";2;0;0;0;2;0;0;2
83467479;"16/05/16";"Segunda";"07:10:00";"MG";381;"933";"EXTREMA";"Velocidade incompatível";"Colisão com objeto fixo";"Com Vítimas Feridas";"Pleno dia";"Crescente";"Chuva";"Dupla";"Curva";"Rural";1;0;1;0;0;0;1;1
83467480;"24/05/16";"Terça";"12:00:00";"AL";101;"200";"SAO SEBASTIAO";"Velocidade incompatível";"Colisão Transversal";"Com Vítimas Feridas";"Pleno dia";"Crescente";"Chuva";"Dupla";"Curva";"Rural";3;0;1;0;2;0;1;2
83467481;"20/05/16";"Sexta";"14:30:00";"RO";364;"713";"PORTO VELHO";"Falta de atenção";"Colisão traseira";"Sem Vítimas";"Pleno dia";"Decrescente";"Ceu Claro";"Simples";"Curva";"Urbano";2;0;0;0;2;0;0;2
83467482;"24/05/16";"Terça";"12:30:00";"PA";10;"353";"SANTA MARIA DO PARA";"Falta de atenção";"Colisão traseira";"Com Vítimas Feridas";"Pleno dia";"Decrescente";"Ceu Claro";"Simples";"Reta";"Urbano";2;0;1;0;1;0;1;2
83467483;"24/05/16";"Terça";"11:30:00";"MA";316;"260,5";"SANTA INES";"Falta de atenção";"Colisão Transversal";"Sem Vítimas";"Pleno dia";"Crescente";"Ceu Claro";"Simples";"Reta";"Urbano";2;0;0;0;2;0;0;2
83467484;"24/05/16";"Terça";"12:30:00";"BA";116;"438,9";"FEIRA DE SANTANA";"Outras";"Colisão com objeto fixo";"Com Vítimas Feridas";"Pleno dia";"Crescente";"Chuva";"Dupla";"Curva";"Rural";1;0;1;0;0;0;1;1
83467485;"24/05/16";"Terça";"12:00:00";"PE";232;"90";"SAIRE";"Falta de atenção";"Colisão Transversal";"Sem Vítimas";"Pleno dia";"Decrescente";"Chuva";"Dupla";"Reta";"Rural";2;0;0;0;2;0;0;2
83467486;"21/05/16";"Sábado";"02:35:00";"MG";381;"493";"BETIM";"Falta de atenção";"Colisão traseira";"Sem Vítimas";"Plena noite";"Crescente";"Ceu Claro";"Dupla";"Reta";"Rural";2;0;0;0;2;0;0;2
83467487;"20/05/16";"Sexta";"09:30:00";"RN";304;"105";"ASSU";"Ultrapassagem indevida";"Capotamento";"Sem Vítimas";"Pleno dia";"Crescente";"Ceu Claro";"Simples";"Reta";"Rural";1;0;0;0;1;0;0;1
83467488;"24/05/16";"Terça";"15:00:00";"RS";470;"280";"MONTENEGRO";"Não guardar distância de segurança";"Colisão traseira";"Com Vítimas Feridas";"Plena noite";"Decrescente";"Ceu Claro";"Simples";"Curva";"Rural";3;0;2;0;1;0;2;2
83467489;"20/05/16";"Sexta";"22:45:00";"RN";304;"293,3";"MACAIBA";"Falta de atenção";"Saída de Pista";"Sem Vítimas";"Plena noite";"Crescente";"Ceu Claro";"Simples";"Reta";"Rural";1;0;0;0;1;0;0;1
83467490;"20/05/16";"Sexta";"18:00:00";"MG";116;"769,3";"LEOPOLDINA";"Animais na Pista";"Atropelamento de animal";"Com Vítimas Feridas";"Plena noite";"Decrescente";"Nublado";"Simples";"Curva";"Rural";1;0;1;0;0;0;1;1
83467491;"14/05/16";"Sábado";"11:35:00";"MG";40;"41,5";"PARACATU";"Falta de atenção";"Colisão Transversal";"Com Vítimas Feridas";"Pleno dia";"Decrescente";"Ceu Claro";"Simples";"Reta";"Urbano";3;0;1;0;2;0;1;2
83467493;"24/05/16";"Terça";"12:00:00";"RS";386;"180";"CARAZINHO";"Falta de atenção";"Saída de Pista";"Sem Vítimas";"Pleno dia";"Decrescente";"Ceu Claro";"Simples";"Reta";"Urbano";1;0;0;0;1;0;0;1
83467494;"22/05/16";"Domingo";"06:10:00";"CE";222;"11";"CAUCAIA";"Outras";"Colisão Transversal";"Ignorado";"Pleno dia";"Decrescente";"Ceu Claro";"Simples";"Reta";"Urbano";2;0;0;0;0;2;0;2
83467495;"24/05/16";"Terça";"11:45:00";"RS";101;"23,8";"TRES CACHOEIRAS";"Falta de atenção";"Colisão Transversal";"Com Vítimas Feridas";"Pleno dia";"Crescente";"Sol";"Simples";"Reta";"Urbano";2;0;1;0;1;0;1;2
83467496;"24/05/16";"Terça";"14:15:00";"SC";101;"6";"GARUVA";"Falta de atenção";"Saída de Pista";"Com Vítimas Fatais";"Pleno dia";"Crescente";"Ceu Claro";"Dupla";"Reta";"Urbano";1;1;0;0;0;0;0;1
83467497;"20/05/16";"Sexta";"14:30:00";"CE";222;"2,8";"FORTALEZA";"Falta de atenção";"Colisão Transversal";"Com Vítimas Feridas";"Pleno dia";"Decrescente";"Sol";"Múltipla";"Cruzamento";"Urbano";2;0;0;1;1;0;1;2
83467498;"24/05/16";"Terça";"07:00:00";"BA";101;"288";"LAJE";"Defeito mecânico em veículo";"Saída de Pista";"Sem Vítimas";"Amanhecer";"Crescente";"Chuva";"Simples";"Reta";"Rural";1;0;0;0;1;0;0;1
83467499;"24/05/16";"Terça";"12:30:00";"SC";116;"140,9";"SANTA CECILIA";"Desobediência à sinalização";"Colisão Transversal";"Com Vítimas Feridas";"Pleno dia";"Decrescente";"Ceu Claro";"Simples";"Curva";"Rural";2;0;1;0;1;0;1;2
83467500;"24/05/16";"Terça";"07:17:00";"SP";116;"225";"GUARULHOS";"Não guardar distância de segurança";"Colisão traseira";"Com Vítimas Feridas";"Pleno dia";"Crescente";"Nublado";"Múltipla";"Reta";"Urbano";2;0;1;0;1;0;1;2
83467501;"21/05/16";"Sábado";"16:20:00";"BA";101;"264";"SANTO ANTONIO DE JESUS";"Ingestão de álcool";"Capotamento";"Sem Vítimas";"Pleno dia";"Decrescente";"Ceu Claro";"Simples";"Curva";"Rural";1;0;0;0;1;0;0;1
83467502;"20/05/16";"Sexta";"23:43:00";"PR";116;"45";"CAMPINA GRANDE DO SUL";"Outras";"Capotamento";"Com Vítimas Feridas";"Plena noite";"Crescente";"Chuva";"Dupla";"Curva";"Rural";2;0;1;0;1;0;1;1
83467503;"24/05/16";"Terça";"14:00:00";"RO";364;"547";"ARIQUEMES";"Outras";"Saída de Pista";"Sem Vítimas";"Pleno dia";"Crescente";"Sol";"Simples";"Curva";"Rural";2;0;0;0;2;0;0;1
83467504;"24/05/16";"Terça";"11:30:00";"PR";153;"493,8";"GENERAL CARNEIRO";"Velocidade incompatível";"Colisão lateral";"Com Vítimas Feridas";"Pleno dia";"Decrescente";"Ceu Claro";"Simples";"Curva";"Rural";2;0;1;0;1;0;1;2
83467505;"20/05/16";"Sexta";"19:10:00";"CE";20;"426,7";"FORTALEZA";"Falta de atenção";"Colisão Transversal";"Com Vítimas Feridas";"Plena noite";"Crescente";"Ceu Claro";"Dupla";"Reta";"Urbano";3;0;1;1;1;0;2;2
83467506;"24/05/16";"Terça";"14:50:00";"SC";116;"238,9";"LAGES";"Outras";"Derramamento de Carga";"Sem Vítimas";"Pleno dia";"Crescente";"Sol";"Simples";"Cruzamento";"Rural";1;0;0;0;1;0;0;1
83467507;"28/02/16";"Domingo";"11:35:00";"AL";101;"209";"SAO SEBASTIAO";"Outras";"Saída de Pista";"Sem Vítimas";"Pleno dia";"Decrescente";"Chuva";"Simples";"Curva";"Rural";1;0;0;0;1;0;0;1
83467508;"24/05/16";"Terça";"15:00:00";"RN";101;"96,5";"NATAL";"Outras";"Colisão lateral";"Com Vítimas Feridas";"Pleno dia";"Crescente";"Sol";"Múltipla";"Curva";"Urbano";2;0;0;1;1;0;1;2
83467509;"24/05/16";"Terça";"12:30:00";"MS";262;"363,6";"CAMPO GRANDE";"Outras";"Danos Eventuais";"Com Vítimas Feridas";"Pleno dia";"Crescente";"Ceu Claro";"Simples";"Reta";"Urbano";2;0;1;0;1;0;1;2
83467510;"24/05/16";"Terça";"15:15:00";"PE";428;"187";"PETROLINA";"Falta de atenção";"Colisão traseira";"Com Vítimas Feridas";"Pleno dia";"Crescente";"Ceu Claro";"Simples";"Reta";"Urbano";2;0;1;0;1;0;1;2
83467511;"21/05/16";"Sábado";"06:40:00";"RO";319;"62";"PORTO VELHO";"Desobediência à sinalização";"Colisão Transversal";"Com Vítimas Feridas";"Pleno dia";"Decrescente";"Ceu Claro";"Dupla";"Reta";"Urbano";2;0;0;1;1;0;1;2
83467512;"24/05/16";"Terça";"10:00:00";"MT";364;"498";"JANGADA";"Falta de atenção";"Colisão traseira";"Com Vítimas Feridas";"Pleno dia";"Decrescente";"Ceu Claro";"Simples";"Reta";"Rural";3;0;1;0;2;0;1;2
83467513;"21/05/16";"Sábado";"10:35:00";"MG";40;"418,8";"CURVELO";"Ingestão de álcool";"Colisão traseira";"Com Vítimas Feridas";"Pleno dia";"Decrescente";"Ceu Claro";"Simples";"Reta";"Urbano";10;0;7;0;2;1;7;3
83467514;"24/05/16";"Terça";"14:00:00";"RJ";40;"93";"PETROPOLIS";"Velocidade incompatível";"Saída de Pista";"Com Vítimas Feridas";"Pleno dia";"Crescente";"Chuva";"Simples";"Curva";"Urbano";1;0;1;0;0;0;1;1
83467515;"24/05/16";"Terça";"11:20:00";"PB";101;"41";"MAMANGUAPE";"Outras";"Atropelamento de pessoa";"Com Vítimas Feridas";"Pleno dia";"Crescente";"Chuva";"Dupla";"Reta";"Urbano";2;0;0;1;1;0;1;1
83467516;"24/05/16";"Terça";"08:40:00";"SE";101;"112,8";"SAO CRISTOVAO";"Velocidade incompatível";"Colisão traseira";"Com Vítimas Feridas";"Pleno dia";"Decrescente";"Chuva";"Dupla";"Reta";"Rural";6;0;2;0;4;0;2;4
83467518;"21/05/16";"Sábado";"07:29:00";"PR";116;"5";"CAMPINA GRANDE DO SUL";"Outras";"Colisão com objeto fixo";"Ignorado";"Amanhecer";"Crescente";"Chuva";"Dupla";"Reta";"Urbano";1;0;0;0;0;1;0;1
83467519;"20/05/16";"Sexta";"18:30:00";"PR";476;"273";"SAO MATEUS DO SUL";"Falta de atenção";"Colisão traseira";"Sem Vítimas";"Plena noite";"Crescente";"Chuva";"Simples";"Curva";"Urbano";2;0;0;0;2;0;0;2
83467520;"16/05/16";"Segunda";"13:30:00";"RJ";40;"78";"PETROPOLIS";"Outras";"Saída de Pista";"Sem Vítimas";"Pleno dia";"Crescente";"Chuva";"Dupla";"Curva";"Urbano";1;0;0;0;1;0;0;1
83467521;"24/05/16";"Terça";"08:05:00";"SP";116;"211";"GUARULHOS";"Falta de atenção";"Colisão traseira";"Com Vítimas Feridas";"Pleno dia";"Crescente";"Nublado";"Múltipla";"Reta";"Urbano";5;0;1;0;3;1;1;5
83467522;"24/05/16";"Terça";"12:00:00";"RJ";116;"89";"TERESOPOLIS";"Falta de atenção";"Colisão traseira";"Sem Vítimas";"Pleno dia";"Crescente";"Nublado";"Simples";"Curva";"Rural";2;0;0;0;2;0;0;2
83467523;"22/05/16";"Domingo";"19:40:00";"PB";427;"36,5";"POMBAL";"Velocidade incompatível";"Queda de motocicleta / bicicleta / veículo";"Com Vítimas Feridas";"Plena noite";"Crescente";"Ceu Claro";"Simples";"Reta";"Urbano";1;0;0;1;0;0;1;1
83467524;"24/05/16";"Terça";"08:45:00";"CE";116;"31";"AQUIRAZ";"Dormindo";"Saída de Pista";"Sem Vítimas";"Pleno dia";"Crescente";"Sol";"Dupla";"Curva";"Rural";1;0;0;0;1;0;0;1
83467525;"24/05/16";"Terça";"12:35:00";"BA";116;"439,8";"FEIRA DE SANTANA";"Outras";"Colisão lateral";"Sem Vítimas";"Pleno dia";"Crescente";"Chuva";"Simples";"Curva";"Rural";3;0;0;0;3;0;0;3
83467526;"21/05/16";"Sábado";"04:30:00";"SP";381;"56";"MAIRIPORA";"Falta de atenção";"Capotamento";"Ignorado";"Plena noite";"Decrescente";"Ceu Claro";"Dupla";"Curva";"Rural";1;0;0;0;0;1;0;1
83467527;"21/05/16";"Sábado";"06:00:00";"SC";116;"243,5";"LAGES";"Defeito na via";"Colisão com objeto fixo";"Sem Vítimas";"Plena noite";"Decrescente";"Chuva";"Simples";"Reta";"Urbano";1;0;0;0;1;0;0;1
83467528;"24/05/16";"Terça";"16:00:00";"PE";101;"127";"ESCADA";"Ingestão de álcool";"Colisão traseira";"Sem Vítimas";"Pleno dia";"Crescente";"Nublado";"Dupla";"Reta";"Urbano";2;0;0;0;2;0;0;2
83467529;"21/05/16";"Sábado";"21:50:00";"BA";101;"263";"SANTO ANTONIO DE JESUS";"Ingestão de álcool";"Colisão Transversal";"Com Vítimas Feridas";"Plena noite";"Decrescente";"Ceu Claro";"Simples";"Cruzamento";"Urbano";2;0;1;1;0;0;2;2
83467530;"24/05/16";"Terça";"14:00:00";"PR";277;"586,2";"CASCAVEL";"Falta de atenção";"Colisão traseira";"Sem Vítimas";"Pleno dia";"Decrescente";"Sol";"Simples";"Reta";"Urbano";4;0;0;0;3;1;0;4
83467531;"24/05/16";"Terça";"15:45:00";"SC";163;"66,2";"SAO MIGUEL DOESTE";"Falta de atenção";"Colisão lateral";"Com Vítimas Feridas";"Pleno dia";"Crescente";"Ceu Claro";"Dupla";"Reta";"Urbano";5;0;3;0;2;0;3;2
83467532;"20/05/16";"Sexta";"17:30:00";"MA";10;"249";"IMPERATRIZ";"Desobediência à sinalização";"Colisão Transversal";"Com Vítimas Feridas";"Anoitecer";"Decrescente";"Ceu Claro";"Simples";"Reta";"Urbano";3;0;1;0;2;0;1;3
83467533;"22/05/16";"Domingo";"18:45:00";"SP";101;"49";"UBATUBA";"Ingestão de álcool";"Colisão frontal";"Com Vítimas Feridas";"Anoitecer";"Decrescente";"Nublado";"Simples";"Reta";"Urbano";3;0;2;0;1;0;2;3
83467534;"24/05/16";"Terça";"14:28:00";"SP";116;"145,3";"SAO JOSE DOS CAMPOS";"Não guardar distância de segurança";"Colisão traseira";"Sem Vítimas";"Pleno dia";"Crescente";"Ceu Claro";"Dupla";"Reta";"Urbano";2;0;0;0;2;0;0;2
83467535;"20/05/16";"Sexta";"17:00:00";"CE";20;"417";"MARACANAU";"Falta de atenção";"Colisão traseira";"Sem Vítimas";"Anoitecer";"Crescente";"Ceu Claro";"Simples";"Reta";"Urbano";3;0;0;0;3;0;0;3
83467536;"24/05/16";"Terça";"07:25:00";"PB";230;"74";"SOBRADO";"Velocidade incompatível";"Saída de Pista";"Sem Vítimas";"Pleno dia";"Decrescente";"Chuva";"Dupla";"Curva";"Rural";1;0;0;0;1;0;0;1
83467537;"20/05/16";"Sexta";"18:50:00";"CE";116;"0,5";"FORTALEZA";"Outras";"Queda de motocicleta / bicicleta / veículo";"Com Vítimas Feridas";"Plena noite";"Crescente";"Ceu Claro";"Múltipla";"Reta";"Urbano";2;0;1;1;0;0;2;1
83467538;"24/05/16";"Terça";"14:05:00";"SP";153;"36,5";"ONDA VERDE";"Outras";"Saída de Pista";"Com Vítimas Feridas";"Pleno dia";"Decrescente";"Sol";"Simples";"Reta";"Rural";1;0;1;0;0;0;1;1
83467539;"24/05/16";"Terça";"13:30:00";"SC";101;"372,7";"ICARA";"Falta de atenção";"Colisão lateral";"Com Vítimas Feridas";"Pleno dia";"Crescente";"Ceu Claro";"Dupla";"Reta";"Rural";4;0;3;0;1;0;3;2
83467540;"21/05/16";"Sábado";"01:30:00";"PB";230;"125,5";"RIACHAO DO BACAMARTE";"Ingestão de álcool";"Queda de motocicleta / bicicleta / veículo";"Com Vítimas Fatais";"Plena noite";"Crescente";"Ceu Claro";"Dupla";"Reta";"Rural";2;1;1;0;0;0;1;1
83467541;"19/05/16";"Quinta";"14:10:00";"GO";153;"502";"GOIANIA";"Falta de atenção";"Colisão lateral";"Sem Vítimas";"Pleno dia";"Decrescente";"Sol";"Dupla";"Reta";"Urbano";2;0;0;0;2;0;0;2
83467542;"13/05/16";"Sexta";"23:00:00";"SP";116;"340";"JUQUITIBA";"Outras";"Colisão traseira";"Sem Vítimas";"Plena noite";"Decrescente";"Chuva";"Dupla";"Reta";"Rural";2;0;0;0;1;1;0;2
83467543;"24/05/16";"Terça";"06:30:00";"PE";101;"118";"ESCADA";"Defeito na via";"Saída de Pista";"Com Vítimas Feridas";"Pleno dia";"Crescente";"Chuva";"Dupla";"Reta";"Rural";2;0;2;0;0;0;2;1
83467544;"24/05/16";"Terça";"17:30:00";"AL";316;"76";"POCO DAS TRINCHEIRAS";"Defeito mecânico em veículo";"Saída de Pista";"Com Vítimas Feridas";"Anoitecer";"Crescente";"Nublado";"Simples";"Reta";"Rural";2;0;1;0;1;0;1;1
83467545;"21/05/16";"Sábado";"05:30:00";"SC";282;"245,3";"LAGES";"Não guardar distância de segurança";"Colisão traseira";"Sem Vítimas";"Plena noite";"Crescente";"Chuva";"Simples";"Reta";"Urbano";2;0;0;0;1;1;0;2
83467546;"09/05/16";"Segunda";"05:30:00";"SC";101;"210";"SAO JOSE";"Outras";"Saída de Pista";"Ignorado";"Amanhecer";"Crescente";"Ceu Claro";"Múltipla";"Reta";"Urbano";1;0;0;0;0;1;0;1
83467547;"24/05/16";"Terça";"17:50:00";"GO";40;"87";"CRISTALINA";"Falta de atenção";"Colisão com objeto fixo";"Sem Vítimas";"Anoitecer";"Decrescente";"Ceu Claro";"Simples";"Reta";"Rural";1;0;0;0;1;0;0;1
83467548;"24/05/16";"Terça";"15:30:00";"SP";116;"488";"CAJATI";"Falta de atenção";"Colisão lateral";"Com Vítimas Feridas";"Pleno dia";"Crescente";"Nublado";"Dupla";"Cruzamento";"Urbano";2;0;0;1;1;0;1;2