"id";"data_inversa";"dia_semana";"horario";"uf";"br";"km";"municipio";"causa_acidente";"tipo_acidente";"classificacao_acidente";"fase_dia";"sentido_via";"condicao_metereologica";"tipo_pista";"tracado_via";"uso_solo";"pessoas";"mortos";"feridos_leves";"feridos_graves";"ilesos";"ignorados";"feridos";"veiculos"
83467665;"21/05/16";"Sábado";"13:10:00";"ES";101;"269,3";"SERRA";"Velocidade incompatível";"Colisão lateral";"Com Vítimas Fatais";"Pleno dia";"Decrescente";"Ceu Claro";"Múltipla";"Reta";"Urbano";3;1;1;0;1;0;1;2
83467666;"25/05/16";"Quarta";"04:30:00";"RJ";116;"179";"NOVA IGUACU";"Outras";"Colisão traseira";"Com Vítimas Feridas";"Plena noite";"Crescente";"Nublado";"Dupla";"Reta";"Urbano";5;0;2;0;3;0;2;2
83467667;"24/05/16";"Terça";"18:50:00";"MG";40;"736,5";"SANTOS DUMONT";"Não guardar distância de segurança";"Colisão lateral";"Sem Vítimas";"Plena noite";"Crescente";"Nublado";"Simples";"Curva";"Rural";2;0;0;0;2;0;0;2
83467668;"24/05/16";"Terça";"21:23:00";"RJ";116;"224,4";"PIRAI";"Outras";"Colisão com objeto fixo";"Sem Vítimas";"Plena noite";"Crescente";"Nublado";"Dupla";"Curva";"Rural";1;0;0;0;1;0;0;1
83467669;"17/05/16";"Terça";"18:30:00";"DF";20;"11";"BRASILIA";"Outras";"Colisão traseira";"Com Vítimas Feridas";"Plena noite";"Crescente";"Chuva";"Dupla";"Reta";"Urbano";3;0;1;0;2;0;1;2
83467670;"22/05/16";"Domingo";"06:20:00";"MG";146;"506";"BANDEIRA DO SUL";"Desobediência à sinalização";"Colisão Transversal";"Sem Vítimas";"Amanhecer";"Crescente";"Nublado";"Simples";"Cruzamento";"Rural";4;0;0;0;4;0;0;2
83467671;"20/05/16";"Sexta";"13:40:00";"SP";116;"146";"SAO JOSE DOS CAMPOS";"Outras";"Colisão traseira";"Com Vítimas Feridas";"Pleno dia";"Crescente";"Nublado";"Dupla";"Reta";"Urbano";3;0;2;0;1;0;2;2
83467673;"21/05/16";"Sábado";"05:37:00";"PR";369;"111";"URAI";"Outras";"Colisão lateral";"Com Vítimas Feridas";"Amanhecer";"Crescente";"Chuva";"Simples";"Reta";"Rural";2;0;1;0;1;0;1;2
83467674;"22/05/16";"Domingo";"06:40:00";"PR";376;"222,5";"APUCARANA";"Outras";"Incêndio";"Ignorado";"Amanhecer";"Crescente";"Nevoeiro/neblina";"Simples";"Reta";"Urbano";1;0;0;0;0;1;0;1
83467675;"22/05/16";"Domingo";"17:40:00";"TO";153;"265";"BRASILANDIA DO TOCANTINS";"Defeito mecânico em veículo";"Incêndio";"Sem Vítimas";"Anoitecer";"Crescente";"Ceu Claro";"Simples";"Reta";"Rural";1;0;0;0;1;0;0;1
83467676;"25/05/16";"Quarta";"06:50:00";"SC";101;"111,5";"NAVEGANTES";"Velocidade incompatível";"Tombamento";"Com Vítimas Feridas";"Pleno dia";"Crescente";"Nevoeiro/neblina";"Simples";"Curva";"Rural";1;0;1;0;0;0;1;1
83467677;"24/05/16";"Terça";"21:00:00";"SP";116;"508,4";"CAJATI";"Defeito mecânico em veículo";"Colisão traseira";"Sem Vítimas";"Plena noite";"Decrescente";"Nublado";"Simples";"Reta";"Rural";2;0;0;0;2;0;0;2
83467678;"23/05/16";"Segunda";"07:30:00";"MG";40;"483";"SETE LAGOAS";"Dormindo";"Capotamento";"Com Vítimas Feridas";"Pleno dia";"Decrescente";"Ceu Claro";"Dupla";"Curva";"Rural";2;0;2;0;0;0;2;1
83467679;"29/02/16";"Segunda";"15:00:00";"BA";324;"555";"AMELIA RODRIGUES";"Não guardar distância de segurança";"Colisão traseira";"Com Vítimas Feridas";"Pleno dia";"Crescente";"Sol";"Dupla";"Reta";"Rural";2;0;1;0;1;0;1;2
83467681;"21/05/16";"Sábado";"23:45:00";"SP";153;"74,4";"SAO JOSE DO RIO PRETO";"Ingestão de álcool";"Colisão lateral";"Com Vítimas Feridas";"Plena noite";"Decrescente";"Ceu Claro";"Simples";"Reta";"Urbano";2;0;2;0;0;0;2;2
83467682;"22/05/16";"Domingo";"06:20:00";"PR";369;"192,8";"ARAPONGAS";"Falta de atenção";"Colisão lateral";"Com Vítimas Feridas";"Amanhecer";"Crescente";"Nevoeiro/neblina";"Dupla";"Reta";"Rural";3;0;3;0;0;0;3;2
83467683;"24/05/16";"Terça";"20:00:00";"BA";324;"359";"CAPIM GROSSO";"Falta de atenção";"Saída de Pista";"Com Vítimas Feridas";"Plena noite";"Decrescente";"Nevoeiro/neblina";"Simples";"Reta";"Urbano";1;0;1;0;0;0;1;1
83467684;"18/05/16";"Quarta";"07:00:00";"SC";470;"141,9";"RIO DO SUL";"Ultrapassagem indevida";"Colisão Transversal";"Com Vítimas Feridas";"Pleno dia";"Crescente";"Sol";"Simples";"Reta";"Urbano";2;0;1;0;1;0;1;2
83467685;"19/05/16";"Quinta";"21:50:00";"MG";381;"533";"ITATIAIUCU";"Velocidade incompatível";"Capotamento";"Sem Vítimas";"Plena noite";"Decrescente";"Nublado";"Dupla";"Curva";"Rural";1;0;0;0;1;0;0;1
83467686;"22/05/16";"Domingo";"07:00:00";"SC";470;"14";"NAVEGANTES";"Outras";"Atropelamento de pessoa";"Com Vítimas Fatais";"Amanhecer";"Decrescente";"Chuva";"Simples";"Reta";"Urbano";2;1;0;0;0;1;0;1
83467687;"25/05/16";"Quarta";"03:10:00";"SC";282;"424,5";"VARGEM BONITA";"Dormindo";"Tombamento";"Com Vítimas Feridas";"Plena noite";"Decrescente";"Ceu Claro";"Simples";"Reta";"Rural";1;0;1;0;0;0;1;1
83467688;"25/05/16";"Quarta";"07:15:00";"RS";290;"87";"PORTO ALEGRE";"Outras";"Colisão traseira";"Com Vítimas Feridas";"Pleno dia";"Decrescente";"Ceu Claro";"Dupla";"Reta";"Urbano";2;0;1;0;1;0;1;2
83467689;"22/05/16";"Domingo";"03:30:00";"SC";101;"54";"ARAQUARI";"Outras";"Saída de Pista";"Com Vítimas Feridas";"Plena noite";"Crescente";"Chuva";"Dupla";"Reta";"Urbano";1;0;1;0;0;0;1;1
83467690;"25/05/16";"Quarta";"07:50:00";"SC";101;"41,6";"JOINVILLE";"Não guardar distância de segurança";"Colisão traseira";"Sem Vítimas";"Pleno dia";"Decrescente";"Nublado";"Múltipla";"Reta";"Urbano";3;0;0;0;3;0;0;3
83467691;"21/05/16";"Sábado";"20:33:00";"AC";364;"135";"RIO BRANCO";"Falta de atenção";"Queda de motocicleta / bicicleta / veículo";"Com Vítimas Feridas";"Plena noite";"Decrescente";"Ceu Claro";"Dupla";"Cruzamento";"Urbano";2;0;1;0;1;0;1;1
83467692;"21/05/16";"Sábado";"22:42:00";"PR";369;"24,8";"CAMBARA";"Outras";"Colisão com objeto fixo";"Sem Vítimas";"Plena noite";"Decrescente";"Nublado";"Simples";"Reta";"Rural";1;0;0;0;1;0;0;1
83467693;"25/05/16";"Quarta";"07:40:00";"MT";364;"198";"RONDONOPOLIS";"Defeito mecânico em veículo";"Colisão com objeto móvel";"Sem Vítimas";"Pleno dia";"Crescente";"Sol";"Simples";"Reta";"Rural";2;0;0;0;2;0;0;2
83467694;"21/05/16";"Sábado";"11:45:00";"SC";101;"163";"TIJUCAS";"Defeito mecânico em veículo";"Colisão com objeto fixo";"Sem Vítimas";"Pleno dia";"Decrescente";"Ceu Claro";"Dupla";"Reta";"Urbano";1;0;0;0;1;0;0;1
83467695;"25/05/16";"Quarta";"08:21:00";"PR";116;"110";"CURITIBA";"Outras";"Saída de Pista";"Sem Vítimas";"Pleno dia";"Crescente";"Nublado";"Dupla";"Reta";"Rural";1;0;0;0;1;0;0;1
83467696;"25/05/16";"Quarta";"08:00:00";"SC";280;"53";"GUARAMIRIM";"Falta de atenção";"Colisão Transversal";"Com Vítimas Feridas";"Pleno dia";"Crescente";"Chuva";"Simples";"Reta";"Urbano";2;0;1;0;1;0;1;2
83467697;"22/05/16";"Domingo";"02:56:00";"PR";369;"19,8";"CAMBARA";"Falta de atenção";"Colisão Transversal";"Com Vítimas Feridas";"Plena noite";"Crescente";"Ceu Claro";"Simples";"Curva";"Urbano";2;0;1;0;1;0;1;2
83467698;"25/05/16";"Quarta";"08:00:00";"RS";290;"231";"PANTANO GRANDE";"Outras";"Tombamento";"Com Vítimas Feridas";"Pleno dia";"Decrescente";"Ceu Claro";"Simples";"Reta";"Rural";1;0;1;0;0;0;1;1
83467699;"22/05/16";"Domingo";"05:00:00";"MG";135;"569,1";"CORINTO";"Outras";"Saída de Pista";"Com Vítimas Feridas";"Amanhecer";"Crescente";"Ceu Claro";"Simples";"Reta";"Rural";1;0;1;0;0;0;1;1
83467701;"23/02/16";"Terça";"14:00:00";"PR";376;"326";"ORTIGUEIRA";"Velocidade incompatível";"Tombamento";"Com Vítimas Feridas";"Pleno dia";"Crescente";"Nevoeiro/neblina";"Simples";"Curva";"Rural";3;0;1;2;0;0;3;1
83467702;"21/05/16";"Sábado";"16:40:00";"SP";116;"323,3";"JUQUITIBA";"Outras";"Colisão com objeto fixo";"Sem Vítimas";"Pleno dia";"Decrescente";"Nublado";"Dupla";"Reta";"Rural";1;0;0;0;1;0;0;1
83467703;"25/05/16";"Quarta";"05:30:00";"SC";470;"208";"SAO CRISTOVAO DO SUL";"Animais na Pista";"Atropelamento de animal";"Sem Vítimas";"Plena noite";"Crescente";"Nevoeiro/neblina";"Simples";"Reta";"Rural";2;0;0;0;2;0;0;1
83467704;"22/05/16";"Domingo";"05:30:00";"MG";381;"628";"OLIVEIRA";"Dormindo";"Saída de Pista";"Com Vítimas Feridas";"Amanhecer";"Decrescente";"Nevoeiro/neblina";"Dupla";"Curva";"Rural";3;0;1;0;2;0;1;2
83467705;"21/05/16";"Sábado";"19:20:00";"SC";101;"206";"SAO JOSE";"Não guardar distância de segurança";"Colisão traseira";"Com Vítimas Feridas";"Plena noite";"Crescente";"Nublado";"Dupla";"Reta";"Urbano";2;0;1;0;1;0;1;2
83467706;"25/05/16";"Quarta";"09:45:00";"CE";116;"298,2";"JAGUARIBE";"Outras";"Saída de Pista";"Com Vítimas Feridas";"Pleno dia";"Crescente";"Ceu Claro";"Simples";"Reta";"Rural";3;0;1;0;2;0;1;1
83467707;"18/05/16";"Quarta";"14:10:00";"SP";116;"152,8";"SAO JOSE DOS CAMPOS";"Velocidade incompatível";"Capotamento";"Com Vítimas Feridas";"Pleno dia";"Decrescente";"Chuva";"Dupla";"Reta";"Urbano";2;0;2;0;0;0;2;1
83467708;"25/05/16";"Quarta";"07:50:00";"PR";376;"601,1";"CURITIBA";"Falta de atenção";"Colisão traseira";"Com Vítimas Feridas";"Pleno dia";"Decrescente";"Chuva";"Múltipla";"Reta";"Urbano";3;0;0;1;1;1;1;3
83467709;"25/05/16";"Quarta";"06:30:00";"PE";101;"78";"JABOATAO DOS GUARARAPES";"Outras";"Colisão traseira";"Com Vítimas Feridas";"Pleno dia";"Crescente";"Chuva";"Dupla";"Reta";"Urbano";5;0;1;0;4;0;1;4
83467710;"25/05/16";"Quarta";"05:50:00";"SC";282;"168,9";"BOCAINA DO SUL";"Defeito na via";"Saída de Pista";"Sem Vítimas";"Plena noite";"Crescente";"Nublado";"Simples";"Curva";"Rural";1;0;0;0;1;0;0;1
83467711;"25/05/16";"Quarta";"05:55:00";"SC";282;"174,8";"BOCAINA DO SUL";"Defeito na via";"Saída de Pista";"Sem Vítimas";"Plena noite";"Crescente";"Nublado";"Simples";"Curva";"Rural";1;0;0;0;1;0;0;1
83467712;"22/05/16";"Domingo";"03:30:00";"RJ";354;"25,5";"RESENDE";"Outras";"Atropelamento de pessoa";"Com Vítimas Feridas";"Plena noite";"Crescente";"Nublado";"Simples";"Reta";"Urbano";3;0;2;0;0;1;2;1
83467713;"20/05/16";"Sexta";"18:48:00";"MG";40;"514";"RIBEIRAO DAS NEVES";"Outras";"Atropelamento de pessoa";"Com Vítimas Fatais";"Plena noite";"Decrescente";"Ceu Claro";"Dupla";"Reta";"Urbano";2;1;0;0;1;0;0;1
83467714;"25/05/16";"Quarta";"06:00:00";"SC";282;"168";"BOCAINA DO SUL";"Defeito na via";"Saída de Pista";"Sem Vítimas";"Plena noite";"Crescente";"Nublado";"Simples";"Curva";"Rural";2;0;0;0;2;0;0;2
83467715;"25/05/16";"Quarta";"06:05:00";"SC";282;"168,8";"BOCAINA DO SUL";"Defeito na via";"Colisão traseira";"Sem Vítimas";"Amanhecer";"Crescente";"Nublado";"Simples";"Curva";"Rural";2;0;0;0;2;0;0;2
83467716;"25/05/16";"Quarta";"06:45:00";"SC";282;"169,8";"BOCAINA DO SUL";"Outras";"Saída de Pista";"Sem Vítimas";"Plena noite";"Crescente";"Chuva";"Dupla";"Reta";"Rural";1;0;0;0;1;0;0;1
83467717;"13/05/16";"Sexta";"13:05:00";"SP";116;"230";"SAO PAULO";"Não guardar distância de segurança";"Colisão com objeto fixo";"Sem Vítimas";"Pleno dia";"Crescente";"Ceu Claro";"Múltipla";"Reta";"Urbano";1;0;0;0;1;0;0;1
83467718;"25/05/16";"Quarta";"06:30:00";"SC";282;"192,7";"LAGES";"Outras";"Saída de Pista";"Com Vítimas Feridas";"Pleno dia";"Crescente";"Chuva";"Simples";"Reta";"Rural";6;0;6;0;0;0;6;1
83467719;"25/05/16";"Quarta";"07:25:00";"GO";60;"8,9";"APARECIDA DE GOIANIA";"Falta de atenção";"Colisão lateral";"Com Vítimas Feridas";"Pleno dia";"Crescente";"Sol";"Dupla";"Reta";"Urbano";2;0;1;0;1;0;1;2
83467720;"19/02/16";"Sexta";"17:45:00";"BA";420;"259";"MUTUIPE";"Outras";"Colisão com objeto fixo";"Com Vítimas Feridas";"Anoitecer";"Decrescente";"Ceu Claro";"Simples";"Curva";"Rural";1;0;1;0;0;0;1;1
83467721;"25/05/16";"Quarta";"09:50:00";"SP";381;"85";"ATIBAIA";"Outras";"Colisão com objeto fixo";"Sem Vítimas";"Pleno dia";"Crescente";"Ceu Claro";"Dupla";"Reta";"Urbano";2;0;0;0;2;0;0;2
83467722;"25/05/16";"Quarta";"08:15:00";"PR";476;"126";"CURITIBA";"Falta de atenção";"Queda de motocicleta / bicicleta / veículo";"Com Vítimas Feridas";"Amanhecer";"Crescente";"Nublado";"Dupla";"Reta";"Urbano";2;0;1;0;1;0;1;2
83467723;"07/05/16";"Sábado";"08:00:00";"RJ";116;"174";"BELFORD ROXO";"Outras";"Colisão lateral";"Com Vítimas Feridas";"Pleno dia";"Crescente";"Ceu Claro";"Múltipla";"Reta";"Urbano";2;0;1;0;1;0;1;2
83467724;"24/05/16";"Terça";"20:00:00";"SC";101;"211,4";"PALHOCA";"Não guardar distância de segurança";"Colisão traseira";"Com Vítimas Feridas";"Plena noite";"Crescente";"Nublado";"Múltipla";"Reta";"Urbano";2;0;1;0;1;0;1;2
83467725;"23/05/16";"Segunda";"07:40:00";"RJ";116;"288,6";"BARRA MANSA";"Dormindo";"Colisão com objeto fixo";"Sem Vítimas";"Pleno dia";"Crescente";"Chuva";"Dupla";"Reta";"Rural";1;0;0;0;1;0;0;1
83467726;"23/05/16";"Segunda";"18:30:00";"CE";116;"0,3";"FORTALEZA";"Falta de atenção";"Colisão traseira";"Sem Vítimas";"Plena noite";"Crescente";"Ceu Claro";"Dupla";"Curva";"Urbano";3;0;0;0;3;0;0;3
83467727;"22/05/16";"Domingo";"02:00:00";"RJ";465;"4";"SEROPEDICA";"Outras";"Colisão frontal";"Com Vítimas Feridas";"Plena noite";"Crescente";"Ceu Claro";"Simples";"Reta";"Urbano";2;0;2;0;0;0;2;2
83467728;"25/05/16";"Quarta";"11:35:00";"RS";386;"341,2";"LAJEADO";"Falta de atenção";"Colisão Transversal";"Com Vítimas Feridas";"Pleno dia";"Crescente";"Ceu Claro";"Simples";"Reta";"Urbano";2;0;0;1;1;0;1;2
83467729;"22/05/16";"Domingo";"00:35:00";"SC";101;"203";"SAO JOSE";"Desobediência à sinalização";"Colisão Transversal";"Com Vítimas Feridas";"Plena noite";"Crescente";"Chuva";"Dupla";"Reta";"Urbano";2;0;1;0;0;1;1;2
83467730;"21/05/16";"Sábado";"17:35:00";"MG";381;"729";"CARMO DA CACHOEIRA";"Falta de atenção";"Colisão lateral";"Sem Vítimas";"Pleno dia";"Crescente";"Ceu Claro";"Dupla";"Curva";"Rural";2;0;0;0;1;1;0;2
83467731;"21/05/16";"Sábado";"18:45:00";"AL";104;"65";"MURICI";"Falta de atenção";"Capotamento";"Com Vítimas Feridas";"Plena noite";"Crescente";"Nublado";"Simples";"Reta";"Rural";1;0;0;1;0;0;1;1
83467732;"25/05/16";"Quarta";"09:40:00";"BA";101;"567";"ARATACA";"Outras";"Capotamento";"Sem Vítimas";"Pleno dia";"Crescente";"Chuva";"Simples";"Curva";"Rural";1;0;0;0;1;0;0;1
83467733;"21/05/16";"Sábado";"19:00:00";"ES";259;"7,3";"JOAO NEIVA";"Ultrapassagem indevida";"Colisão lateral";"Com Vítimas Feridas";"Plena noite";"Crescente";"Nublado";"Simples";"Curva";"Rural";3;0;1;0;2;0;1;2
83467734;"22/05/16";"Domingo";"04:30:00";"BA";110;"355";"ALAGOINHAS";"Outras";"Colisão lateral";"Com Vítimas Fatais";"Plena noite";"Crescente";"Chuva";"Simples";"Curva";"Rural";4;1;1;0;2;0;1;2
83467735;"25/05/16";"Quarta";"10:00:00";"BA";324;"537";"CONCEICAO DO JACUIPE";"Outras";"Saída de Pista";"Sem Vítimas";"Pleno dia";"Decrescente";"Nublado";"Dupla";"Reta";"Rural";2;0;0;0;2;0;0;2
83467736;"21/05/16";"Sábado";"19:45:00";"RS";392;"687";"ROQUE GONZALES";"Ingestão de álcool";"Saída de Pista";"Com Vítimas Feridas";"Plena noite";"Crescente";"Chuva";"Simples";"Reta";"Rural";3;0;0;1;2;0;1;1
83467737;"22/05/16";"Domingo";"03:15:00";"ES";101;"264,6";"SERRA";"Outras";"Saída de Pista";"Com Vítimas Feridas";"Plena noite";"Crescente";"Ceu Claro";"Múltipla";"Curva";"Urbano";1;0;0;1;0;0;1;1
83467738;"21/05/16";"Sábado";"17:30:00";"ES";101;"44,6";"CONCEICAO DA BARRA";"Outras";"Saída de Pista";"Com Vítimas Feridas";"Plena noite";"Crescente";"Ceu Claro";"Simples";"Reta";"Rural";1;0;0;1;0;0;1;1
83467739;"22/05/16";"Domingo";"18:50:00";"MG";365;"775,8";"ITUIUTABA";"Ingestão de álcool";"Colisão frontal";"Com Vítimas Fatais";"Plena noite";"Decrescente";"Ceu Claro";"Simples";"Reta";"Rural";2;1;0;0;1;0;0;2
83467740;"25/05/16";"Quarta";"11:20:00";"PE";408;"95,8";"SAO LOURENCO DA MATA";"Defeito na via";"Saída de Pista";"Sem Vítimas";"Pleno dia";"Decrescente";"Chuva";"Dupla";"Reta";"Urbano";1;0;0;0;1;0;0;1
83467741;"25/05/16";"Quarta";"07:35:00";"SP";153;"62,2";"SAO JOSE DO RIO PRETO";"Falta de atenção";"Colisão traseira";"Com Vítimas Feridas";"Pleno dia";"Crescente";"Sol";"Dupla";"Reta";"Urbano";4;0;1;0;3;0;1;4
83467742;"24/05/16";"Terça";"09:20:00";"MG";40;"586";"ITABIRITO";"Outras";"Tombamento";"Com Vítimas Feridas";"Pleno dia";"Crescente";"Nublado";"Simples";"Curva";"Rural";1;0;1;0;0;0;1;1
83467743;"13/05/16";"Sexta";"22:50:00";"RN";304;"124,7";"ITAJA";"Animais na Pista";"Atropelamento de animal";"Sem Vítimas";"Plena noite";"Crescente";"Ignorada";"Simples";"Reta";"Rural";1;0;0;0;1;0;0;1
83467744;"23/05/16";"Segunda";"09:00:00";"RJ";393;"258";"BARRA DO PIRAI";"Animais na Pista";"Colisão Transversal";"Com Vítimas Feridas";"Pleno dia";"Decrescente";"Chuva";"Simples";"Curva";"Rural";2;0;1;0;1;0;1;2
83467745;"25/05/16";"Quarta";"11:00:00";"MG";381;"889";"CAMBUI";"Defeito mecânico em veículo";"Colisão com objeto fixo";"Sem Vítimas";"Pleno dia";"Crescente";"Ceu Claro";"Dupla";"Curva";"Rural";1;0;0;0;1;0;0;1
83467746;"21/05/16";"Sábado";"23:40:00";"MG";364;"0,5";"PLANURA";"Ingestão de álcool";"Colisão frontal";"Com Vítimas Feridas";"Plena noite";"Crescente";"Nevoeiro/neblina";"Simples";"Reta";"Rural";5;0;1;0;3;1;1;2
83467747;"25/05/16";"Quarta";"10:10:00";"MG";262;"361";"BETIM";"Defeito mecânico em veículo";"Queda de motocicleta / bicicleta / veículo";"Com Vítimas Feridas";"Pleno dia";"Crescente";"Sol";"Dupla";"Reta";"Urbano";2;0;2;0;0;0;2;1
83467748;"25/05/16";"Quarta";"06:40:00";"ES";259;"29,4";"COLATINA";"Ultrapassagem indevida";"Colisão lateral";"Sem Vítimas";"Pleno dia";"Decrescente";"Nublado";"Simples";"Reta";"Rural";2;0;0;0;2;0;0;2
83467749;"25/05/16";"Quarta";"11:00:00";"PE";232;"29";"MORENO";"Outras";"Capotamento";"Sem Vítimas";"Pleno dia";"Decrescente";"Chuva";"Dupla";"Reta";"Rural";1;0;0;0;1;0;0;1
83467750;"25/05/16";"Quarta";"09:10:00";"SC";470;"88,8";"RODEIO";"Outras";"Tombamento";"Com Vítimas Feridas";"Pleno dia";"Crescente";"Chuva";"Simples";"Curva";"Rural";1;0;1;0;0;0;1;1
83467751;"25/05/16";"Quarta";"09:00:00";"TO";226;"4";"AGUIARNOPOLIS";"Outras";"Tombamento";"Sem Vítimas";"Pleno dia";"Decrescente";"Ceu Claro";"Simples";"Reta";"Rural";1;0;0;0;1;0;0;1
83467752;"25/05/16";"Quarta";"08:20:00";"DF";40;"0";"BRASILIA";"Falta de atenção";"Queda de motocicleta / bicicleta / veículo";"Com Vítimas Feridas";"Pleno dia";"Decrescente";"Ceu Claro";"Dupla";"Reta";"Urbano";1;0;0;1;0;0;1;1
83467753;"25/05/16";"Quarta";"08:00:00";"SP";116;"146,5";"SAO JOSE DOS CAMPOS";"Ultrapassagem indevida";"Colisão traseira";"Com Vítimas Feridas";"Pleno dia";"Decrescente";"Ceu Claro";"Múltipla";"Reta";"Rural";2;0;0;1;1;0;1;2
83467754;"21/05/16";"Sábado";"20:33:00";"PA";316;"65";"CASTANHAL";"Falta de atenção";"Colisão com objeto fixo";"Com Vítimas Feridas";"Plena noite";"Decrescente";"Ceu Claro";"Dupla";"Reta";"Urbano";1;0;1;0;0;0;1;1
83467755;"25/05/16";"Quarta";"10:20:00";"SP";116;"148";"SAO JOSE DOS CAMPOS";"Outras";"Colisão traseira";"Sem Vítimas";"Pleno dia";"Decrescente";"Ceu Claro";"Dupla";"Reta";"Rural";3;0;0;0;3;0;0;3
83467756;"25/05/16";"Quarta";"10:20:00";"MG";381;"481";"CONTAGEM";"Defeito mecânico em veículo";"Queda de motocicleta / bicicleta / veículo";"Com Vítimas Feridas";"Pleno dia";"Crescente";"Ceu Claro";"Dupla";"Reta";"Urbano";2;0;2;0;0;0;2;1
83467757;"22/05/16";"Domingo";"06:00:00";"SC";101;"368,7";"ICARA";"Dormindo";"Saída de Pista";"Sem Vítimas";"Amanhecer";"Crescente";"Chuva";"Dupla";"Curva";"Urbano";1;0;0;0;1;0;0;1
83467758;"25/05/16";"Quarta";"08:45:00";"SP";116;"136,8";"SAO JOSE DOS CAMPOS";"Não guardar distância de segurança";"Colisão traseira";"Sem Vítimas";"Pleno dia";"Crescente";"Ceu Claro";"Dupla";"Reta";"Urbano";4;0;0;0;4;0;0;4
83467759;"25/05/16";"Quarta";"08:30:00";"PR";277;"76";"SAO JOSE DOS PINHAIS";"Outras";"Colisão traseira";"Com Vítimas Feridas";"Pleno dia";"Crescente";"Nublado";"Dupla";"Reta";"Rural";2;0;1;0;1;0;1;2
83467760;"25/05/16";"Quarta";"08:30:00";"PR";476;"357";"UNIAO DA VITORIA";"Falta de atenção";"Colisão Transversal";"Com Vítimas Feridas";"Pleno dia";"Crescente";"Chuva";"Simples";"Reta";"Urbano";2;0;1;0;1;0;1;2
83467761;"25/05/16";"Quarta";"09:30:00";"RN";226;"4,4";"NATAL";"Outras";"Colisão frontal";"Com Vítimas Feridas";"Pleno dia";"Crescente";"Ceu Claro";"Simples";"Reta";"Urbano";2;0;1;0;1;0;1;2
83467762;"20/05/16";"Sexta";"23:50:00";"SC";282;"526,6";"CORDILHEIRA ALTA";"Velocidade incompatível";"Saída de Pista";"Sem Vítimas";"Plena noite";"Crescente";"Nevoeiro/neblina";"Simples";"Curva";"Rural";1;0;0;0;1;0;0;1
83467763;"21/05/16";"Sábado";"19:20:00";"CE";222;"10,8";"CAUCAIA";"Outras";"Atropelamento de pessoa";"Com Vítimas Feridas";"Plena noite";"Crescente";"Ceu Claro";"Dupla";"Reta";"Urbano";3;0;3;0;0;0;3;1
83467764;"25/05/16";"Quarta";"07:55:00";"BA";116;"430";"FEIRA DE SANTANA";"Falta de atenção";"Colisão lateral";"Sem Vítimas";"Pleno dia";"Decrescente";"Chuva";"Dupla";"Reta";"Rural";2;0;0;0;2;0;0;2
83467765;"22/05/16";"Domingo";"00:20:00";"CE";20;"423,7";"MARACANAU";"Outras";"Colisão com objeto fixo";"Com Vítimas Feridas";"Plena noite";"Crescente";"Ceu Claro";"Dupla";"Reta";"Urbano";2;0;2;0;0;0;2;1
83467766;"06/05/16";"Sexta";"16:30:00";"GO";50;"184,2";"CAMPO ALEGRE DE GOIAS";"Outras";"Colisão lateral";"Com Vítimas Feridas";"Pleno dia";"Crescente";"Ceu Claro";"Simples";"Reta";"Rural";51;0;3;3;45;0;6;2
83467767;"25/05/16";"Quarta";"10:15:00";"SP";381;"86,5";"SAO PAULO";"Falta de atenção";"Queda de motocicleta / bicicleta / veículo";"Com Vítimas Feridas";"Pleno dia";"Decrescente";"Ceu Claro";"Múltipla";"Reta";"Urbano";1;0;1;0;0;0;1;1
83467768;"25/05/16";"Quarta";"09:30:00";"MS";60;"401,1";"SIDROLANDIA";"Falta de atenção";"Colisão Transversal";"Sem Vítimas";"Pleno dia";"Decrescente";"Ceu Claro";"Simples";"Reta";"Rural";3;0;0;0;3;0;0;2
83467769;"25/05/16";"Quarta";"09:00:00";"PE";232;"58";"POMBOS";"Falta de atenção";"Saída de Pista";"Sem Vítimas";"Pleno dia";"Decrescente";"Chuva";"Dupla";"Reta";"Rural";1;0;0;0;1;0;0;1
83467770;"25/05/16";"Quarta";"08:35:00";"BA";116;"439";"ANTONIO CARDOSO";"Outras";"Colisão com objeto fixo";"Sem Vítimas";"Pleno dia";"Crescente";"Chuva";"Dupla";"Curva";"Rural";1;0;0;0;1;0;0;1
83467771;"25/05/16";"Quarta";"06:30:00";"TO";153;"332";"GUARAI";"Não guardar distância de segurança";"Colisão com bicicleta";"Com Vítimas Feridas";"Pleno dia";"Crescente";"Sol";"Simples";"Reta";"Urbano";2;0;1;0;1;0;1;2
83467772;"21/05/16";"Sábado";"19:50:00";"MG";381;"494";"BETIM";"Outras";"Colisão traseira";"Com Vítimas Feridas";"Plena noite";"Crescente";"Ceu Claro";"Dupla";"Curva";"Urbano";3;0;2;0;1;0;2;2
83467773;"22/05/16";"Domingo";"00:10:00";"MG";364;"30,5";"FRUTAL";"Velocidade incompatível";"Colisão lateral";"Sem Vítimas";"Plena noite";"Decrescente";"Nevoeiro/neblina";"Simples";"Reta";"Rural";2;0;0;0;1;1;0;2
83467774;"25/05/16";"Quarta";"13:30:00";"SP";116;"541,6";"BARRA DO TURVO";"Velocidade incompatível";"Colisão com objeto fixo";"Sem Vítimas";"Pleno dia";"Crescente";"Nublado";"Dupla";"Curva";"Rural";1;0;0;0;1;0;0;1