"id";"data_inversa";"dia_semana";"horario";"uf";"br";"km";"municipio";"causa_acidente";"tipo_acidente";"classificacao_acidente";"fase_dia";"sentido_via";"condicao_metereologica";"tipo_pista";"tracado_via";"uso_solo";"pessoas";"mortos";"feridos_leves";"feridos_graves";"ilesos";"ignorados";"feridos";"veiculos"
83467891;"25/05/16";"Quarta";"18:00:00";"SP";153;"114";"JOSE BONIFACIO";"Outras";"Colisão lateral";"Com Vítimas Feridas";"Anoitecer";"Crescente";"Ceu Claro";"Simples";"Reta";"Rural";2;0;0;1;1;0;1;2
83467892;"25/05/16";"Quarta";"15:50:00";"PA";316;"4";"ANANINDEUA";"Defeito na via";"Colisão lateral";"Sem Vítimas";"Pleno dia";"Crescente";"Sol";"Dupla";"Reta";"Urbano";2;0;0;0;2;0;0;2
83467894;"25/05/16";"Quarta";"15:30:00";"PA";316;"20";"BENEVIDES";"Outras";"Colisão lateral";"Sem Vítimas";"Pleno dia";"Decrescente";"Sol";"Dupla";"Curva";"Urbano";2;0;0;0;1;1;0;2
83467895;"25/05/16";"Quarta";"06:20:00";"RO";364;"108,5";"PIMENTA BUENO";"Falta de atenção";"Saída de Pista";"Sem Vítimas";"Amanhecer";"Crescente";"Ceu Claro";"Simples";"Reta";"Rural";2;0;0;0;1;1;0;2
83467896;"25/05/16";"Quarta";"21:35:00";"PE";428;"186";"PETROLINA";"Não guardar distância de segurança";"Colisão traseira";"Com Vítimas Feridas";"Plena noite";"Crescente";"Nublado";"Simples";"Reta";"Urbano";2;0;1;0;1;0;1;2
83467897;"25/05/16";"Quarta";"11:45:00";"RN";101;"98,7";"NATAL";"Não guardar distância de segurança";"Colisão traseira";"Com Vítimas Feridas";"Pleno dia";"Crescente";"Nublado";"Dupla";"Reta";"Urbano";2;0;2;0;0;0;2;2
83467898;"25/05/16";"Quarta";"14:30:00";"MG";40;"140,7";"JOAO PINHEIRO";"Outras";"Tombamento";"Sem Vítimas";"Pleno dia";"Crescente";"Ceu Claro";"Simples";"Curva";"Rural";1;0;0;0;1;0;0;1
83467899;"25/05/16";"Quarta";"21:00:00";"RN";101;"75";"EXTREMOZ";"Outras";"Queda de motocicleta / bicicleta / veículo";"Com Vítimas Feridas";"Plena noite";"Decrescente";"Ceu Claro";"Dupla";"Curva";"Urbano";2;0;1;1;0;0;2;1
83467900;"25/05/16";"Quarta";"18:35:00";"PR";277;"724,9";"FOZ DO IGUACU";"Não guardar distância de segurança";"Colisão traseira";"Com Vítimas Feridas";"Anoitecer";"Crescente";"Ceu Claro";"Dupla";"Reta";"Urbano";2;0;1;0;1;0;1;2
83467901;"25/05/16";"Quarta";"19:35:00";"PR";369;"178,6";"ROLANDIA";"Outras";"Atropelamento de animal";"Com Vítimas Feridas";"Plena noite";"Decrescente";"Ceu Claro";"Dupla";"Reta";"Rural";3;0;0;1;2;0;1;2
83467902;"25/05/16";"Quarta";"18:35:00";"SC";280;"161";"MAFRA";"Ultrapassagem indevida";"Colisão frontal";"Com Vítimas Feridas";"Plena noite";"Decrescente";"Ceu Claro";"Simples";"Reta";"Rural";5;0;1;0;4;0;1;2
83467903;"25/05/16";"Quarta";"16:45:00";"RS";386;"236,1";"SOLEDADE";"Defeito mecânico em veículo";"Saída de Pista";"Sem Vítimas";"Pleno dia";"Crescente";"Sol";"Simples";"Reta";"Rural";1;0;0;0;1;0;0;1
83467904;"25/05/16";"Quarta";"19:30:00";"RS";290;"107,2";"ELDORADO DO SUL";"Falta de atenção";"Saída de Pista";"Sem Vítimas";"Plena noite";"Decrescente";"Ceu Claro";"Dupla";"Curva";"Urbano";2;0;0;0;1;1;0;2
83467905;"25/05/16";"Quarta";"17:30:00";"RS";153;"387,5";"CACHOEIRA DO SUL";"Falta de atenção";"Colisão Transversal";"Com Vítimas Feridas";"Pleno dia";"Crescente";"Nublado";"Simples";"Reta";"Rural";7;0;2;3;2;0;5;2
83467906;"25/05/16";"Quarta";"19:10:00";"PR";153;"17,9";"JACAREZINHO";"Desobediência à sinalização";"Colisão frontal";"Sem Vítimas";"Plena noite";"Crescente";"Ceu Claro";"Simples";"Reta";"Urbano";2;0;0;0;2;0;0;2
83467907;"25/05/16";"Quarta";"14:00:00";"PR";116;"17";"ANTONINA";"Velocidade incompatível";"Colisão com objeto fixo";"Com Vítimas Feridas";"Pleno dia";"Crescente";"Chuva";"Dupla";"Curva";"Rural";2;0;2;0;0;0;2;1
83467908;"25/05/16";"Quarta";"07:00:00";"MA";10;"134";"ESTREITO";"Defeito mecânico em veículo";"Saída de Pista";"Sem Vítimas";"Plena noite";"Crescente";"Chuva";"Simples";"Reta";"Rural";1;0;0;0;1;0;0;1
83467909;"25/05/16";"Quarta";"12:10:00";"RO";364;"196,7";"PIMENTA BUENO";"Falta de atenção";"Colisão lateral";"Com Vítimas Feridas";"Pleno dia";"Decrescente";"Ceu Claro";"Múltipla";"Reta";"Urbano";2;0;1;0;1;0;1;2
83467910;"25/05/16";"Quarta";"19:40:00";"RS";290;"143";"ELDORADO DO SUL";"Desobediência à sinalização";"Colisão Transversal";"Com Vítimas Feridas";"Plena noite";"Decrescente";"Nublado";"Simples";"Reta";"Urbano";4;0;1;3;0;0;4;2
83467911;"25/05/16";"Quarta";"19:30:00";"MG";40;"693,7";"ALFREDO VASCONCELOS";"Outras";"Colisão com objeto fixo";"Com Vítimas Feridas";"Plena noite";"Decrescente";"Nublado";"Simples";"Curva";"Urbano";8;0;7;1;0;0;8;1
83467912;"21/05/16";"Sábado";"08:00:00";"RN";101;"152,4";"GOIANINHA";"Outras";"Saída de Pista";"Sem Vítimas";"Pleno dia";"Decrescente";"Ceu Claro";"Dupla";"Reta";"Rural";1;0;0;0;1;0;0;1
83467913;"25/05/16";"Quarta";"18:00:00";"PR";376;"45,6";"NOVA LONDRINA";"Falta de atenção";"Colisão Transversal";"Com Vítimas Fatais";"Anoitecer";"Crescente";"Nublado";"Simples";"Cruzamento";"Rural";3;1;0;1;1;0;1;2
83467914;"25/05/16";"Quarta";"19:40:00";"SP";116;"564";"BARRA DO TURVO";"Velocidade incompatível";"Colisão com objeto fixo";"Sem Vítimas";"Anoitecer";"Crescente";"Chuva";"Dupla";"Curva";"Rural";1;0;0;0;1;0;0;1
83467915;"25/05/16";"Quarta";"21:00:00";"PR";376;"146";"PRESIDENTE CASTELO BRANCO";"Outras";"Colisão com bicicleta";"Com Vítimas Fatais";"Plena noite";"Crescente";"Ceu Claro";"Simples";"Reta";"Urbano";2;1;0;0;1;0;0;2
83467916;"25/05/16";"Quarta";"19:00:00";"SP";116;"165";"JACAREI";"Falta de atenção";"Colisão lateral";"Sem Vítimas";"Plena noite";"Decrescente";"Ceu Claro";"Dupla";"Reta";"Rural";2;0;0;0;2;0;0;2
83467917;"21/05/16";"Sábado";"18:30:00";"RN";101;"106,8";"PARNAMIRIM";"Outras";"Atropelamento de pessoa";"Com Vítimas Feridas";"Plena noite";"Decrescente";"Ceu Claro";"Dupla";"Reta";"Urbano";2;0;0;1;1;0;1;1
83467918;"25/05/16";"Quarta";"16:20:00";"RS";158;"565";"SANTANA DO LIVRAMENTO";"Falta de atenção";"Colisão lateral";"Sem Vítimas";"Pleno dia";"Decrescente";"Ceu Claro";"Simples";"Reta";"Urbano";2;0;0;0;2;0;0;2
83467919;"25/05/16";"Quarta";"22:00:00";"BA";116;"566";"BREJOES";"Falta de atenção";"Colisão com objeto fixo";"Sem Vítimas";"Plena noite";"Decrescente";"Nublado";"Simples";"Reta";"Rural";1;0;0;0;1;0;0;1
83467920;"22/05/16";"Domingo";"02:45:00";"MG";116;"421";"GOVERNADOR VALADARES";"Ultrapassagem indevida";"Colisão lateral";"Sem Vítimas";"Plena noite";"Decrescente";"Ceu Claro";"Simples";"Curva";"Rural";2;0;0;0;1;1;0;2
83467921;"25/05/16";"Quarta";"17:40:00";"DF";251;"36";"BRASILIA";"Ultrapassagem indevida";"Colisão frontal";"Com Vítimas Feridas";"Anoitecer";"Crescente";"Ceu Claro";"Simples";"Reta";"Rural";2;0;0;1;1;0;1;2
83467922;"26/05/16";"Quinta";"00:00:00";"RS";386;"400,9";"TRIUNFO";"Velocidade incompatível";"Saída de Pista";"Com Vítimas Feridas";"Plena noite";"Decrescente";"Chuva";"Dupla";"Curva";"Rural";2;0;2;0;0;0;2;1
83467923;"25/05/16";"Quarta";"19:35:00";"MT";364;"274";"JACIARA";"Defeito na via";"Colisão com objeto fixo";"Sem Vítimas";"Pleno dia";"Crescente";"Ceu Claro";"Dupla";"Curva";"Urbano";1;0;0;0;1;0;0;1
83467924;"25/05/16";"Quarta";"18:10:00";"AL";101;"174,4";"TEOTONIO VILELA";"Falta de atenção";"Colisão com bicicleta";"Com Vítimas Fatais";"Plena noite";"Decrescente";"Chuva";"Dupla";"Reta";"Urbano";2;1;0;0;0;1;0;2
83467925;"25/05/16";"Quarta";"22:15:00";"SC";470;"113,8";"IBIRAMA";"Outras";"Capotamento";"Sem Vítimas";"Plena noite";"Crescente";"Chuva";"Simples";"Reta";"Rural";2;0;0;0;1;1;0;2
83467926;"25/05/16";"Quarta";"18:10:00";"MA";230;"1";"BARAO DE GRAJAU";"Falta de atenção";"Atropelamento de pessoa";"Com Vítimas Feridas";"Plena noite";"Crescente";"Ceu Claro";"Simples";"Reta";"Urbano";2;0;1;0;1;0;1;1
83467927;"25/05/16";"Quarta";"13:00:00";"PE";407;"129";"PETROLINA";"Não guardar distância de segurança";"Colisão traseira";"Sem Vítimas";"Pleno dia";"Crescente";"Nublado";"Simples";"Reta";"Urbano";4;0;0;0;4;0;0;4
83467928;"25/05/16";"Quarta";"20:01:00";"GO";414;"294";"VILA PROPICIO";"Outras";"Colisão traseira";"Com Vítimas Fatais";"Plena noite";"Crescente";"Ceu Claro";"Simples";"Reta";"Urbano";5;1;2;2;0;0;4;2
83467929;"25/05/16";"Quarta";"21:15:00";"SC";101;"209,5";"SAO JOSE";"Falta de atenção";"Colisão traseira";"Sem Vítimas";"Plena noite";"Decrescente";"Chuva";"Dupla";"Reta";"Urbano";2;0;0;0;2;0;0;2
83467930;"26/05/16";"Quinta";"00:30:00";"PR";476;"268,5";"SAO MATEUS DO SUL";"Falta de atenção";"Saída de Pista";"Sem Vítimas";"Plena noite";"Decrescente";"Nublado";"Simples";"Curva";"Rural";1;0;0;0;1;0;0;1
83467931;"25/05/16";"Quarta";"17:30:00";"PR";476;"268";"SAO MATEUS DO SUL";"Ultrapassagem indevida";"Colisão frontal";"Com Vítimas Feridas";"Pleno dia";"Crescente";"Nublado";"Simples";"Reta";"Rural";9;0;4;0;5;0;4;4
83467932;"25/05/16";"Quarta";"05:00:00";"BA";116;"736";"BOA NOVA";"Outras";"Tombamento";"Sem Vítimas";"Pleno dia";"Decrescente";"Nublado";"Simples";"Curva";"Rural";1;0;0;0;1;0;0;1
83467933;"26/05/16";"Quinta";"00:40:00";"SC";101;"198";"BIGUACU";"Ingestão de álcool";"Capotamento";"Com Vítimas Feridas";"Plena noite";"Decrescente";"Nublado";"Dupla";"Reta";"Urbano";1;0;1;0;0;0;1;1
83467934;"25/05/16";"Quarta";"22:00:00";"RN";110;"30,8";"MOSSORO";"Animais na Pista";"Colisão frontal";"Com Vítimas Feridas";"Plena noite";"Decrescente";"Ceu Claro";"Simples";"Reta";"Rural";14;0;3;11;0;0;14;2
83467935;"25/05/16";"Quarta";"21:10:00";"MG";146;"567,1";"ANDRADAS";"Velocidade incompatível";"Colisão frontal";"Com Vítimas Fatais";"Plena noite";"Crescente";"Ceu Claro";"Simples";"Curva";"Rural";2;1;0;0;0;1;0;2
83467936;"25/05/16";"Quarta";"13:50:00";"RN";101;"130,3";"SAO JOSE DE MIPIBU";"Outras";"Capotamento";"Com Vítimas Feridas";"Pleno dia";"Crescente";"Chuva";"Dupla";"Curva";"Rural";1;0;1;0;0;0;1;1
83467937;"25/05/16";"Quarta";"00:00:00";"RO";364;"212";"PIMENTA BUENO";"Dormindo";"Saída de Pista";"Sem Vítimas";"Plena noite";"Decrescente";"Ceu Claro";"Simples";"Reta";"Rural";1;0;0;0;1;0;0;1
83467938;"25/05/16";"Quarta";"12:00:00";"PR";277;"175,4";"PALMEIRA";"Falta de atenção";"Colisão Transversal";"Com Vítimas Feridas";"Pleno dia";"Crescente";"Ceu Claro";"Simples";"Reta";"Rural";4;0;1;0;3;0;1;3
83467939;"21/05/16";"Sábado";"23:20:00";"MG";381;"451";"SABARA";"Outras";"Colisão frontal";"Com Vítimas Fatais";"Plena noite";"Crescente";"Ceu Claro";"Simples";"Curva";"Urbano";2;1;0;0;1;0;0;2
83467940;"25/05/16";"Quarta";"16:00:00";"BA";116;"426";"FEIRA DE SANTANA";"Outras";"Capotamento";"Sem Vítimas";"Pleno dia";"Decrescente";"Chuva";"Simples";"Curva";"Urbano";2;0;0;0;2;0;0;1
83467941;"25/05/16";"Quarta";"11:30:00";"PI";407;"568";"PAULISTANA";"Falta de atenção";"Colisão traseira";"Com Vítimas Feridas";"Pleno dia";"Decrescente";"Ceu Claro";"Simples";"Reta";"Rural";4;0;2;0;2;0;2;2
83467942;"25/05/16";"Quarta";"18:20:00";"PR";376;"156";"MANDAGUACU";"Falta de atenção";"Colisão Transversal";"Com Vítimas Feridas";"Anoitecer";"Crescente";"Ceu Claro";"Simples";"Cruzamento";"Urbano";2;0;1;0;1;0;1;2
83467943;"26/05/16";"Quinta";"00:30:00";"MS";163;"265";"DOURADOS";"Falta de atenção";"Colisão com bicicleta";"Com Vítimas Feridas";"Plena noite";"Decrescente";"Ceu Claro";"Dupla";"Curva";"Urbano";2;0;0;1;1;0;1;2
83467944;"25/05/16";"Quarta";"19:30:00";"PR";277;"82";"CURITIBA";"Falta de atenção";"Colisão lateral";"Com Vítimas Feridas";"Plena noite";"Crescente";"Nublado";"Dupla";"Reta";"Urbano";2;0;1;0;1;0;1;2
83467945;"17/05/16";"Terça";"21:00:00";"PA";316;"68";"CASTANHAL";"Falta de atenção";"Atropelamento de pessoa";"Com Vítimas Fatais";"Plena noite";"Decrescente";"Ceu Claro";"Simples";"Reta";"Rural";3;1;1;0;0;1;1;2
83467946;"25/05/16";"Quarta";"18:50:00";"RN";101;"107";"PARNAMIRIM";"Ultrapassagem indevida";"Colisão lateral";"Com Vítimas Feridas";"Plena noite";"Decrescente";"Ceu Claro";"Dupla";"Reta";"Urbano";3;0;2;0;0;1;2;2
83467947;"25/05/16";"Quarta";"19:15:00";"SE";235;"6";"NOSSA SENHORA DO SOCORRO";"Falta de atenção";"Colisão lateral";"Sem Vítimas";"Plena noite";"Decrescente";"Nublado";"Dupla";"Reta";"Urbano";2;0;0;0;2;0;0;2
83467948;"21/05/16";"Sábado";"20:30:00";"MA";135;"12";"SAO LUIS";"Outras";"Colisão traseira";"Sem Vítimas";"Plena noite";"Crescente";"Ceu Claro";"Dupla";"Reta";"Urbano";2;0;0;0;2;0;0;2
83467949;"26/05/16";"Quinta";"02:00:00";"PR";376;"665";"GUARATUBA";"Falta de atenção";"Colisão com objeto fixo";"Sem Vítimas";"Plena noite";"Crescente";"Nevoeiro/neblina";"Dupla";"Curva";"Rural";1;0;0;0;1;0;0;1
83467950;"26/05/16";"Quinta";"00:50:00";"MS";158;"283";"TRES LAGOAS";"Animais na Pista";"Atropelamento de animal";"Sem Vítimas";"Plena noite";"Crescente";"Ceu Claro";"Dupla";"Reta";"Rural";3;0;0;0;3;0;0;1
83467951;"25/05/16";"Quarta";"12:40:00";"MG";354;"768,2";"ITAMONTE";"Outras";"Queda de motocicleta / bicicleta / veículo";"Com Vítimas Feridas";"Pleno dia";"Decrescente";"Ceu Claro";"Simples";"Curva";"Rural";2;0;1;0;1;0;1;1
83467952;"26/05/16";"Quinta";"00:10:00";"SC";101;"284,3";"IMBITUBA";"Defeito mecânico em veículo";"Saída de Pista";"Sem Vítimas";"Plena noite";"Crescente";"Ceu Claro";"Dupla";"Curva";"Rural";1;0;0;0;1;0;0;1
83467953;"25/05/16";"Quarta";"23:10:00";"SP";116;"50,8";"LORENA";"Dormindo";"Colisão traseira";"Sem Vítimas";"Plena noite";"Crescente";"Nublado";"Dupla";"Reta";"Urbano";2;0;0;0;2;0;0;2
83467954;"25/05/16";"Quarta";"08:30:00";"MA";230;"481";"RIACHAO";"Outras";"Colisão Transversal";"Com Vítimas Fatais";"Plena noite";"Crescente";"Ceu Claro";"Simples";"Reta";"Rural";4;1;3;0;0;0;3;2
83467955;"22/05/16";"Domingo";"04:15:00";"RJ";356;"171,5";"CAMPOS DOS GOYTACAZES";"Outras";"Saída de Pista";"Com Vítimas Feridas";"Amanhecer";"Decrescente";"Ceu Claro";"Simples";"Reta";"Rural";1;0;1;0;0;0;1;1
83467956;"26/05/16";"Quinta";"04:00:00";"PR";369;"130,3";"JATAIZINHO";"Ingestão de álcool";"Colisão com objeto fixo";"Ignorado";"Plena noite";"Decrescente";"Ceu Claro";"Simples";"Curva";"Urbano";1;0;0;0;0;1;0;1
83467957;"26/05/16";"Quinta";"03:20:00";"PB";230;"153,4";"CAMPINA GRANDE";"Velocidade incompatível";"Saída de Pista";"Ignorado";"Plena noite";"Crescente";"Ceu Claro";"Simples";"Cruzamento";"Urbano";1;0;0;0;0;1;0;1
83467958;"25/05/16";"Quarta";"05:30:00";"GO";40;"1";"VALPARAISO DE GOIAS";"Desobediência à sinalização";"Colisão Transversal";"Com Vítimas Feridas";"Amanhecer";"Decrescente";"Ceu Claro";"Dupla";"Reta";"Urbano";2;0;0;1;1;0;1;2
83467959;"25/05/16";"Quarta";"12:40:00";"ES";101;"149,9";"LINHARES";"Falta de atenção";"Atropelamento de pessoa";"Com Vítimas Feridas";"Pleno dia";"Crescente";"Nublado";"Múltipla";"Reta";"Urbano";3;0;0;1;2;0;1;1
83467960;"21/05/16";"Sábado";"13:15:00";"BA";242;"755";"BARREIRAS";"Defeito mecânico em veículo";"Capotamento";"Sem Vítimas";"Pleno dia";"Decrescente";"Ceu Claro";"Simples";"Reta";"Urbano";1;0;0;0;1;0;0;1
83467961;"25/05/16";"Quarta";"22:15:00";"RS";153;"659,9";"ACEGUA";"Falta de atenção";"Colisão Transversal";"Sem Vítimas";"Plena noite";"Crescente";"Ceu Claro";"Simples";"Reta";"Rural";2;0;0;0;2;0;0;2
83467962;"26/05/16";"Quinta";"01:20:00";"PR";116;"44";"CAMPINA GRANDE DO SUL";"Velocidade incompatível";"Saída de Pista";"Sem Vítimas";"Plena noite";"Crescente";"Nublado";"Dupla";"Curva";"Rural";1;0;0;0;1;0;0;1
83467963;"25/05/16";"Quarta";"15:00:00";"BA";101;"930";"NOVA VICOSA";"Outras";"Capotamento";"Com Vítimas Feridas";"Pleno dia";"Decrescente";"Chuva";"Simples";"Reta";"Rural";1;0;0;1;0;0;1;1
83467964;"26/05/16";"Quinta";"03:20:00";"RS";116;"270";"CANOAS";"Ingestão de álcool";"Colisão com objeto fixo";"Sem Vítimas";"Plena noite";"Decrescente";"Nublado";"Dupla";"Reta";"Urbano";2;0;0;0;2;0;0;2
83467965;"25/05/16";"Quarta";"23:40:00";"CE";116;"225";"ALTO SANTO";"Outras";"Capotamento";"Sem Vítimas";"Plena noite";"Decrescente";"Chuva";"Simples";"Reta";"Rural";2;0;0;0;2;0;0;1
83467967;"26/05/16";"Quinta";"02:10:00";"BA";415;"49";"ITABUNA";"Ingestão de álcool";"Saída de Pista";"Com Vítimas Feridas";"Plena noite";"Crescente";"Chuva";"Simples";"Curva";"Urbano";1;0;1;0;0;0;1;1
83467968;"25/05/16";"Quarta";"08:20:00";"CE";116;"53,4";"PACAJUS";"Falta de atenção";"Saída de Pista";"Sem Vítimas";"Pleno dia";"Crescente";"Ceu Claro";"Dupla";"Curva";"Rural";1;0;0;0;1;0;0;1
83467969;"22/05/16";"Domingo";"01:30:00";"SC";101;"221,7";"PALHOCA";"Falta de atenção";"Saída de Pista";"Sem Vítimas";"Plena noite";"Crescente";"Chuva";"Dupla";"Curva";"Urbano";1;0;0;0;1;0;0;1
83467970;"25/05/16";"Quarta";"19:30:00";"MG";381;"434";"SABARA";"Outras";"Colisão traseira";"Com Vítimas Feridas";"Anoitecer";"Decrescente";"Ceu Claro";"Simples";"Reta";"Rural";2;0;1;0;1;0;1;2
83467971;"25/05/16";"Quarta";"21:50:00";"TO";153;"224,4";"COLINAS DO TOCANTINS";"Dormindo";"Colisão lateral";"Com Vítimas Feridas";"Plena noite";"Decrescente";"Ceu Claro";"Simples";"Reta";"Rural";5;0;1;1;2;1;2;3
83467972;"26/05/16";"Quinta";"00:30:00";"PE";316;"257,3";"BELEM DE SAO FRANCISCO";"Falta de atenção";"Tombamento";"Sem Vítimas";"Plena noite";"Decrescente";"Nublado";"Simples";"Curva";"Urbano";1;0;0;0;1;0;0;1
83467973;"22/05/16";"Domingo";"05:00:00";"MA";135;"20";"SAO LUIS";"Outras";"Capotamento";"Com Vítimas Feridas";"Plena noite";"Decrescente";"Nublado";"Dupla";"Reta";"Urbano";1;0;1;0;0;0;1;1
83467974;"25/05/16";"Quarta";"20:30:00";"PR";376;"600,9";"CURITIBA";"Velocidade incompatível";"Atropelamento de pessoa";"Com Vítimas Fatais";"Plena noite";"Decrescente";"Nublado";"Dupla";"Curva";"Urbano";2;1;0;1;0;0;1;1
83467975;"23/05/16";"Segunda";"16:45:00";"PR";376;"599";"CURITIBA";"Velocidade incompatível";"Colisão traseira";"Sem Vítimas";"Pleno dia";"Decrescente";"Ceu Claro";"Dupla";"Reta";"Urbano";4;0;0;0;4;0;0;4
83467976;"26/05/16";"Quinta";"00:30:00";"TO";242;"390,4";"GURUPI";"Falta de atenção";"Saída de Pista";"Sem Vítimas";"Plena noite";"Decrescente";"Ceu Claro";"Simples";"Curva";"Rural";1;0;0;0;1;0;0;1
83467977;"25/05/16";"Quarta";"18:00:00";"MG";381;"691,3";"LAVRAS";"Outras";"Colisão com objeto fixo";"Sem Vítimas";"Plena noite";"Decrescente";"Ceu Claro";"Dupla";"Reta";"Rural";1;0;0;0;1;0;0;1
83467978;"25/05/16";"Quarta";"17:30:00";"RN";101;"106";"PARNAMIRIM";"Outras";"Atropelamento de pessoa";"Com Vítimas Feridas";"Anoitecer";"Crescente";"Nublado";"Dupla";"Reta";"Urbano";2;0;1;1;0;0;2;1
83467979;"22/05/16";"Domingo";"09:00:00";"CE";222;"37";"CAUCAIA";"Outras";"Capotamento";"Sem Vítimas";"Pleno dia";"Crescente";"Ceu Claro";"Simples";"Reta";"Rural";1;0;0;0;1;0;0;1
83467980;"26/05/16";"Quinta";"05:15:00";"PR";116;"168,1";"QUITANDINHA";"Velocidade incompatível";"Tombamento";"Sem Vítimas";"Amanhecer";"Decrescente";"Nublado";"Simples";"Curva";"Rural";1;0;0;0;1;0;0;1
83467981;"25/05/16";"Quarta";"21:00:00";"GO";153;"438,8";"ANAPOLIS";"Falta de atenção";"Saída de Pista";"Sem Vítimas";"Plena noite";"Crescente";"Ceu Claro";"Simples";"Reta";"Urbano";1;0;0;0;1;0;0;1
83467982;"26/05/16";"Quinta";"04:30:00";"PR";376;"171,5";"MARINGA";"Falta de atenção";"Colisão com objeto fixo";"Sem Vítimas";"Plena noite";"Decrescente";"Ceu Claro";"Dupla";"Reta";"Urbano";2;0;0;0;1;1;0;1
83467983;"26/05/16";"Quinta";"05:35:00";"PR";376;"5,8";"MARINGA";"Outras";"Colisão traseira";"Com Vítimas Feridas";"Plena noite";"Decrescente";"Nublado";"Dupla";"Reta";"Urbano";3;0;1;0;2;0;1;2
83467984;"26/05/16";"Quinta";"01:30:00";"CE";222;"181,3";"SOBRAL";"Dormindo";"Saída de Pista";"Sem Vítimas";"Plena noite";"Decrescente";"Ceu Claro";"Simples";"Reta";"Rural";1;0;0;0;1;0;0;1
83467985;"25/05/16";"Quarta";"14:30:00";"BA";101;"892";"CARAVELAS";"Não guardar distância de segurança";"Colisão traseira";"Sem Vítimas";"Pleno dia";"Decrescente";"Chuva";"Simples";"Reta";"Rural";2;0;0;0;1;1;0;2
83467986;"26/05/16";"Quinta";"05:30:00";"MT";364;"402";"CUIABA";"Outras";"Colisão com objeto móvel";"Com Vítimas Feridas";"Amanhecer";"Crescente";"Ceu Claro";"Simples";"Reta";"Urbano";1;0;0;1;0;0;1;1
83467987;"26/05/16";"Quinta";"02:45:00";"MT";163;"835";"SINOP";"Falta de atenção";"Saída de Pista";"Ignorado";"Plena noite";"Crescente";"Ceu Claro";"Dupla";"Reta";"Urbano";1;0;0;0;0;1;0;1
83467989;"26/05/16";"Quinta";"06:30:00";"SC";101;"6";"GARUVA";"Outras";"Saída de Pista";"Sem Vítimas";"Amanhecer";"Decrescente";"Nublado";"Dupla";"Reta";"Urbano";2;0;0;0;2;0;0;2
83467990;"22/05/16";"Domingo";"18:30:00";"MG";381;"905,7";"CAMBUI";"Velocidade incompatível";"Colisão traseira";"Com Vítimas Feridas";"Anoitecer";"Decrescente";"Nublado";"Dupla";"Reta";"Rural";2;0;1;0;1;0;1;2
83467991;"22/05/16";"Domingo";"10:30:00";"PE";101;"136";"AMARAJI";"Velocidade incompatível";"Saída de Pista";"Com Vítimas Feridas";"Pleno dia";"Decrescente";"Ceu Claro";"Dupla";"Curva";"Rural";1;0;1;0;0;0;1;1
83467992;"26/05/16";"Quinta";"05:50:00";"PE";101;"104";"CABO DE SANTO AGOSTINHO";"Velocidade incompatível";"Saída de Pista";"Com Vítimas Feridas";"Pleno dia";"Decrescente";"Nublado";"Dupla";"Curva";"Rural";1;0;1;0;0;0;1;1
83467993;"24/05/16";"Terça";"23:00:00";"SC";282;"18,5";"PALHOCA";"Falta de atenção";"Colisão Transversal";"Com Vítimas Feridas";"Plena noite";"Crescente";"Chuva";"Simples";"Reta";"Urbano";2;0;0;1;1;0;1;2
83467994;"22/05/16";"Domingo";"21:10:00";"MG";381;"511,8";"IGARAPE";"Falta de atenção";"Colisão frontal";"Com Vítimas Feridas";"Plena noite";"Decrescente";"Ceu Claro";"Dupla";"Reta";"Urbano";2;0;1;0;1;0;1;2
83467995;"23/05/16";"Segunda";"02:00:00";"RN";406;"33,6";"PEDRO AVELINO";"Outras";"Queda de motocicleta / bicicleta / veículo";"Com Vítimas Fatais";"Plena noite";"Decrescente";"Ceu Claro";"Simples";"Reta";"Rural";1;1;0;0;0;0;0;1
83467996;"18/05/16";"Quarta";"02:15:00";"MA";10;"317";"ACAILANDIA";"Outras";"Saída de Pista";"Com Vítimas Feridas";"Plena noite";"Crescente";"Nublado";"Simples";"Reta";"Urbano";2;0;1;0;1;0;1;1
83467997;"26/05/16";"Quinta";"05:05:00";"CE";222;"3";"SOBRAL";"Outras";"Colisão traseira";"Com Vítimas Feridas";"Plena noite";"Crescente";"Ceu Claro";"Dupla";"Reta";"Urbano";3;0;0;2;1;0;2;3
83467998;"26/05/16";"Quinta";"06:00:00";"BA";242;"562";"OLIVEIRA DOS BREJINHOS";"Ingestão de álcool";"Colisão frontal";"Sem Vítimas";"Amanhecer";"Crescente";"Sol";"Simples";"Reta";"Urbano";2;0;0;0;2;0;0;2
83467999;"22/05/16";"Domingo";"19:00:00";"CE";116;"7,1";"FORTALEZA";"Outras";"Atropelamento de pessoa";"Com Vítimas Fatais";"Plena noite";"Decrescente";"Ignorada";"Dupla";"Reta";"Urbano";2;1;0;0;0;1;0;1
83468000;"25/05/16";"Quarta";"08:00:00";"SC";282;"168,1";"BOCAINA DO SUL";"Defeito na via";"Capotamento";"Sem Vítimas";"Amanhecer";"Crescente";"Ceu Claro";"Simples";"Reta";"Rural";1;0;0;0;1;0;0;1
83468001;"26/05/16";"Quinta";"07:15:00";"MG";262;"102,1";"ABRE CAMPO";"Dormindo";"Tombamento";"Sem Vítimas";"Amanhecer";"Decrescente";"Ceu Claro";"Simples";"Curva";"Rural";1;0;0;0;1;0;0;1