"id";"data_inversa";"dia_semana";"horario";"uf";"br";"km";"municipio";"causa_acidente";"tipo_acidente";"classificacao_acidente";"fase_dia";"sentido_via";"condicao_metereologica";"tipo_pista";"tracado_via";"uso_solo";"pessoas";"mortos";"feridos_leves";"feridos_graves";"ilesos";"ignorados";"feridos";"veiculos"
83468002;"26/05/16";"Quinta";"06:02:00";"RS";386;"46,7";"SEBERI";"Outras";"Colisão frontal";"Com Vítimas Fatais";"Amanhecer";"Crescente";"Ceu Claro";"Simples";"Reta";"Rural";3;1;0;2;0;0;2;2
83468003;"22/05/16";"Domingo";"17:15:00";"ES";101;"135,5";"LINHARES";"Falta de atenção";"Colisão traseira";"Com Vítimas Feridas";"Anoitecer";"Crescente";"Ceu Claro";"Simples";"Reta";"Rural";3;0;1;0;2;0;1;2
83468004;"22/05/16";"Domingo";"19:25:00";"MG";262;"442,5";"NOVA SERRANA";"Outras";"Atropelamento de pessoa";"Com Vítimas Feridas";"Plena noite";"Crescente";"Ceu Claro";"Dupla";"Reta";"Urbano";4;0;0;1;3;0;1;1
83468005;"25/05/16";"Quarta";"23:45:00";"SP";116;"182";"SANTA ISABEL";"Falta de atenção";"Colisão traseira";"Sem Vítimas";"Plena noite";"Decrescente";"Ceu Claro";"Dupla";"Reta";"Urbano";2;0;0;0;2;0;0;2
83468006;"26/05/16";"Quinta";"06:20:00";"PR";116;"209,2";"RIO NEGRO";"Ingestão de álcool";"Colisão com objeto fixo";"Sem Vítimas";"Amanhecer";"Crescente";"Nublado";"Simples";"Reta";"Urbano";1;0;0;0;1;0;0;1
83468007;"24/05/16";"Terça";"17:30:00";"RS";470;"158";"NOVA PRATA";"Falta de atenção";"Colisão Transversal";"Sem Vítimas";"Pleno dia";"Crescente";"Ceu Claro";"Simples";"Reta";"Urbano";2;0;0;0;2;0;0;2
83468008;"25/05/16";"Quarta";"12:00:00";"BA";407;"23";"JUAZEIRO";"Falta de atenção";"Colisão traseira";"Com Vítimas Feridas";"Pleno dia";"Crescente";"Chuva";"Simples";"Reta";"Rural";2;0;1;0;1;0;1;2
83468010;"26/05/16";"Quinta";"03:00:00";"RJ";40;"121";"DUQUE DE CAXIAS";"Falta de atenção";"Queda de motocicleta / bicicleta / veículo";"Com Vítimas Fatais";"Plena noite";"Decrescente";"Ceu Claro";"Dupla";"Reta";"Urbano";2;1;0;1;0;0;1;1
83468011;"25/05/16";"Quarta";"15:50:00";"PA";316;"5";"ANANINDEUA";"Falta de atenção";"Colisão lateral";"Com Vítimas Feridas";"Pleno dia";"Decrescente";"Ceu Claro";"Dupla";"Reta";"Urbano";2;0;0;1;1;0;1;2
83468012;"18/05/16";"Quarta";"09:30:00";"CE";116;"0";"FORTALEZA";"Falta de atenção";"Colisão lateral";"Sem Vítimas";"Pleno dia";"Decrescente";"Ceu Claro";"Dupla";"Reta";"Urbano";2;0;0;0;2;0;0;2
83468013;"18/05/16";"Quarta";"10:00:00";"PI";135;"273";"ALVORADA DO GURGUEIA";"Defeito na via";"Tombamento";"Com Vítimas Feridas";"Pleno dia";"Decrescente";"Ceu Claro";"Simples";"Reta";"Rural";1;0;1;0;0;0;1;1
83468014;"26/05/16";"Quinta";"07:30:00";"PR";116;"91";"SAO JOSE DOS PINHAIS";"Dormindo";"Saída de Pista";"Sem Vítimas";"Pleno dia";"Decrescente";"Nublado";"Múltipla";"Reta";"Rural";1;0;0;0;1;0;0;1
83468015;"26/05/16";"Quinta";"08:55:00";"PR";376;"245,5";"APUCARANA";"Ultrapassagem indevida";"Queda de motocicleta / bicicleta / veículo";"Com Vítimas Feridas";"Pleno dia";"Crescente";"Ceu Claro";"Simples";"Reta";"Rural";1;0;1;0;0;0;1;1
83468016;"25/05/16";"Quarta";"18:35:00";"MG";40;"511";"RIBEIRAO DAS NEVES";"Falta de atenção";"Colisão lateral";"Com Vítimas Feridas";"Plena noite";"Crescente";"Ceu Claro";"Dupla";"Reta";"Urbano";3;0;1;0;2;0;1;2
83468017;"23/05/16";"Segunda";"07:45:00";"SP";116;"318,3";"JUQUITIBA";"Falta de atenção";"Atropelamento de pessoa";"Com Vítimas Feridas";"Pleno dia";"Decrescente";"Ceu Claro";"Dupla";"Reta";"Rural";2;0;1;0;1;0;1;1
83468018;"22/05/16";"Domingo";"15:30:00";"SP";116;"272,8";"TABOAO DA SERRA";"Velocidade incompatível";"Colisão com objeto fixo";"Com Vítimas Feridas";"Pleno dia";"Crescente";"Ceu Claro";"Simples";"Curva";"Urbano";4;0;2;1;1;0;3;1
83468019;"23/05/16";"Segunda";"05:30:00";"GO";60;"224,5";"CEZARINA";"Outras";"Colisão traseira";"Com Vítimas Feridas";"Amanhecer";"Decrescente";"Ceu Claro";"Dupla";"Reta";"Rural";2;0;1;0;1;0;1;2
83468020;"22/05/16";"Domingo";"15:40:00";"RJ";40;"80";"PETROPOLIS";"Velocidade incompatível";"Capotamento";"Com Vítimas Feridas";"Pleno dia";"Decrescente";"Ceu Claro";"Simples";"Curva";"Rural";1;0;0;1;0;0;1;1
83468021;"22/05/16";"Domingo";"20:15:00";"RJ";101;"594";"PARATI";"Velocidade incompatível";"Capotamento";"Com Vítimas Fatais";"Plena noite";"Decrescente";"Nublado";"Simples";"Curva";"Rural";3;1;0;2;0;0;2;1
83468022;"21/05/16";"Sábado";"16:25:00";"MG";116;"411";"GOVERNADOR VALADARES";"Desobediência à sinalização";"Colisão com bicicleta";"Com Vítimas Feridas";"Pleno dia";"Decrescente";"Nublado";"Dupla";"Cruzamento";"Urbano";2;0;0;1;1;0;1;2
83468023;"26/05/16";"Quinta";"08:50:00";"SC";101;"401";"MARACAJA";"Dormindo";"Colisão traseira";"Com Vítimas Feridas";"Pleno dia";"Decrescente";"Nublado";"Dupla";"Reta";"Urbano";4;0;2;0;2;0;2;2
83468024;"25/05/16";"Quarta";"06:40:00";"RO";364;"340,9";"JI-PARANA";"Falta de atenção";"Colisão lateral";"Com Vítimas Feridas";"Pleno dia";"Decrescente";"Sol";"Simples";"Reta";"Urbano";2;0;2;0;0;0;2;2
83468025;"24/05/16";"Terça";"14:50:00";"BA";324;"523";"FEIRA DE SANTANA";"Falta de atenção";"Colisão lateral";"Sem Vítimas";"Pleno dia";"Crescente";"Chuva";"Dupla";"Reta";"Urbano";2;0;0;0;2;0;0;2
83468026;"22/05/16";"Domingo";"11:30:00";"RJ";40;"101";"DUQUE DE CAXIAS";"Velocidade incompatível";"Queda de motocicleta / bicicleta / veículo";"Com Vítimas Feridas";"Plena noite";"Crescente";"Ceu Claro";"Dupla";"Reta";"Urbano";2;0;1;0;1;0;1;2
83468027;"20/05/16";"Sexta";"13:30:00";"BA";101;"65";"ENTRE RIOS";"Outras";"Tombamento";"Sem Vítimas";"Pleno dia";"Decrescente";"Sol";"Simples";"Curva";"Rural";1;0;0;0;1;0;0;1
83468028;"22/05/16";"Domingo";"03:00:00";"CE";116;"3";"FORTALEZA";"Dormindo";"Colisão com objeto fixo";"Ignorado";"Amanhecer";"Decrescente";"Ceu Claro";"Dupla";"Curva";"Urbano";1;0;0;0;0;1;0;1
83468029;"26/05/16";"Quinta";"06:40:00";"RS";386;"64,3";"SEBERI";"Dormindo";"Colisão frontal";"Com Vítimas Feridas";"Amanhecer";"Crescente";"Nublado";"Simples";"Reta";"Rural";7;0;6;1;0;0;7;2
83468030;"25/05/16";"Quarta";"07:50:00";"BA";324;"518";"FEIRA DE SANTANA";"Não guardar distância de segurança";"Colisão traseira";"Sem Vítimas";"Pleno dia";"Decrescente";"Chuva";"Dupla";"Reta";"Rural";3;0;0;0;3;0;0;3
83468031;"26/05/16";"Quinta";"08:51:00";"RS";290;"130,4";"ELDORADO DO SUL";"Desobediência à sinalização";"Colisão Transversal";"Com Vítimas Feridas";"Pleno dia";"Crescente";"Nublado";"Simples";"Reta";"Rural";3;0;2;0;1;0;2;2
83468033;"26/05/16";"Quinta";"09:50:00";"PR";277;"245";"IRATI";"Falta de atenção";"Colisão traseira";"Com Vítimas Feridas";"Pleno dia";"Crescente";"Nublado";"Simples";"Reta";"Rural";3;0;1;0;2;0;1;2
83468034;"26/05/16";"Quinta";"06:50:00";"PE";101;"97";"CABO DE SANTO AGOSTINHO";"Falta de atenção";"Colisão lateral";"Sem Vítimas";"Pleno dia";"Decrescente";"Sol";"Dupla";"Reta";"Urbano";2;0;0;0;1;1;0;2
83468035;"19/05/16";"Quinta";"01:45:00";"RJ";116;"203";"SEROPEDICA";"Outras";"Colisão traseira";"Sem Vítimas";"Plena noite";"Decrescente";"Chuva";"Dupla";"Reta";"Rural";2;0;0;0;2;0;0;2
83468036;"26/05/16";"Quinta";"07:45:00";"PA";316;"9";"ANANINDEUA";"Não guardar distância de segurança";"Colisão lateral";"Com Vítimas Feridas";"Pleno dia";"Crescente";"Sol";"Dupla";"Reta";"Urbano";3;0;1;0;2;0;1;2
83468037;"26/05/16";"Quinta";"07:40:00";"SC";282;"56,8";"RANCHO QUEIMADO";"Outras";"Capotamento";"Com Vítimas Feridas";"Pleno dia";"Decrescente";"Chuva";"Simples";"Reta";"Rural";1;0;1;0;0;0;1;1
83468038;"25/05/16";"Quarta";"07:00:00";"CE";116;"220";"TABULEIRO DO NORTE";"Falta de atenção";"Colisão Transversal";"Com Vítimas Feridas";"Pleno dia";"Decrescente";"Ceu Claro";"Simples";"Reta";"Urbano";8;0;4;3;1;0;7;2
83468039;"26/05/16";"Quinta";"09:45:00";"AL";101;"203,3";"SAO SEBASTIAO";"Outras";"Colisão com objeto móvel";"Com Vítimas Feridas";"Pleno dia";"Decrescente";"Nublado";"Dupla";"Reta";"Rural";1;0;1;0;0;0;1;1
83468040;"26/05/16";"Quinta";"10:00:00";"RS";158;"436";"ROSARIO DO SUL";"Outras";"Saída de Pista";"Sem Vítimas";"Pleno dia";"Decrescente";"Sol";"Simples";"Reta";"Rural";1;0;0;0;1;0;0;1
83468041;"22/05/16";"Domingo";"14:00:00";"DF";40;"0,3";"BRASILIA";"Ingestão de álcool";"Colisão lateral";"Com Vítimas Feridas";"Pleno dia";"Decrescente";"Ceu Claro";"Dupla";"Curva";"Urbano";3;0;1;0;2;0;1;2
83468043;"12/04/16";"Terça";"17:45:00";"BA";110;"235";"OLINDINA";"Defeito na via";"Colisão lateral";"Com Vítimas Feridas";"Anoitecer";"Crescente";"Ceu Claro";"Simples";"Reta";"Rural";2;0;2;0;0;0;2;2
83468044;"22/05/16";"Domingo";"17:05:00";"MG";40;"756,3";"EWBANK DA CAMARA";"Velocidade incompatível";"Saída de Pista";"Com Vítimas Feridas";"Pleno dia";"Decrescente";"Ignorada";"Simples";"Reta";"Rural";1;0;1;0;0;0;1;1
83468046;"26/05/16";"Quinta";"09:33:00";"GO";153;"189";"URUACU";"Falta de atenção";"Colisão lateral";"Com Vítimas Feridas";"Pleno dia";"Decrescente";"Sol";"Simples";"Reta";"Urbano";4;0;2;0;2;0;2;2
83468047;"23/05/16";"Segunda";"06:00:00";"SP";116;"484,2";"CAJATI";"Dormindo";"Saída de Pista";"Com Vítimas Feridas";"Amanhecer";"Decrescente";"Nublado";"Dupla";"Reta";"Urbano";1;0;1;0;0;0;1;1
83468049;"21/05/16";"Sábado";"21:30:00";"PR";158;"501,3";"CORONEL VIVIDA";"Velocidade incompatível";"Saída de Pista";"Com Vítimas Feridas";"Plena noite";"Decrescente";"Nevoeiro/neblina";"Simples";"Curva";"Rural";1;0;1;0;0;0;1;1
83468050;"26/05/16";"Quinta";"08:45:00";"PR";369;"442";"UBIRATA";"Defeito mecânico em veículo";"Saída de Pista";"Sem Vítimas";"Pleno dia";"Crescente";"Nublado";"Simples";"Curva";"Rural";3;0;0;0;3;0;0;1
83468051;"23/05/16";"Segunda";"01:45:00";"RJ";393;"153";"TRES RIOS";"Outras";"Saída de Pista";"Com Vítimas Feridas";"Plena noite";"Crescente";"Ceu Claro";"Simples";"Reta";"Rural";1;0;1;0;0;0;1;1
83468052;"26/05/16";"Quinta";"09:00:00";"RS";290;"632,6";"URUGUAIANA";"Outras";"Saída de Pista";"Com Vítimas Feridas";"Pleno dia";"Crescente";"Nublado";"Simples";"Reta";"Rural";3;0;3;0;0;0;3;1
83468053;"26/05/16";"Quinta";"10:10:00";"MG";381;"334";"NOVA ERA";"Falta de atenção";"Colisão Transversal";"Com Vítimas Feridas";"Pleno dia";"Crescente";"Ceu Claro";"Simples";"Curva";"Rural";3;0;1;0;2;0;1;2
83468054;"26/05/16";"Quinta";"04:00:00";"MT";163;"1059";"GUARANTA DO NORTE";"Falta de atenção";"Colisão lateral";"Sem Vítimas";"Plena noite";"Decrescente";"Ceu Claro";"Simples";"Reta";"Urbano";2;0;0;0;2;0;0;2
83468055;"26/05/16";"Quinta";"10:10:00";"MG";116;"275";"TEOFILO OTONI";"Outras";"Queda de motocicleta / bicicleta / veículo";"Com Vítimas Feridas";"Pleno dia";"Crescente";"Ceu Claro";"Simples";"Reta";"Urbano";2;0;1;0;0;1;1;2
83468056;"26/05/16";"Quinta";"07:30:00";"SP";381;"53";"ATIBAIA";"Dormindo";"Colisão com objeto fixo";"Com Vítimas Feridas";"Amanhecer";"Decrescente";"Ceu Claro";"Dupla";"Reta";"Rural";2;0;2;0;0;0;2;1
83468057;"26/05/16";"Quinta";"10:00:00";"RS";116;"389,7";"CAMAQUA";"Defeito mecânico em veículo";"Colisão com objeto móvel";"Sem Vítimas";"Pleno dia";"Crescente";"Ceu Claro";"Simples";"Reta";"Urbano";4;0;0;0;4;0;0;3
83468058;"24/05/16";"Terça";"14:00:00";"MG";40;"654,5";"CRISTIANO OTONI";"Velocidade incompatível";"Tombamento";"Com Vítimas Feridas";"Pleno dia";"Decrescente";"Ceu Claro";"Dupla";"Curva";"Rural";1;0;1;0;0;0;1;1
83468059;"14/05/16";"Sábado";"13:35:00";"SC";101;"219";"PALHOCA";"Falta de atenção";"Colisão lateral";"Com Vítimas Feridas";"Pleno dia";"Crescente";"Ceu Claro";"Dupla";"Reta";"Urbano";3;0;2;0;1;0;2;2
83468060;"26/05/16";"Quinta";"10:40:00";"PE";407;"126";"PETROLINA";"Não guardar distância de segurança";"Colisão traseira";"Sem Vítimas";"Pleno dia";"Decrescente";"Nublado";"Simples";"Cruzamento";"Urbano";3;0;0;0;3;0;0;3
83468061;"26/05/16";"Quinta";"11:00:00";"ES";101;"298";"VIANA";"Falta de atenção";"Colisão traseira";"Com Vítimas Feridas";"Pleno dia";"Crescente";"Ceu Claro";"Dupla";"Reta";"Urbano";4;0;1;0;3;0;1;4
83468062;"23/05/16";"Segunda";"07:30:00";"SP";116;"73";"APARECIDA";"Falta de atenção";"Colisão lateral";"Com Vítimas Feridas";"Pleno dia";"Decrescente";"Nublado";"Dupla";"Curva";"Urbano";2;0;1;0;1;0;1;2
83468063;"26/05/16";"Quinta";"09:30:00";"CE";222;"300";"TIANGUA";"Ultrapassagem indevida";"Colisão lateral";"Com Vítimas Feridas";"Pleno dia";"Decrescente";"Chuva";"Simples";"Curva";"Rural";2;0;1;0;1;0;1;2
83468064;"22/05/16";"Domingo";"23:30:00";"MG";459;"77,5";"SENADOR JOSE BENTO";"Ingestão de álcool";"Colisão Transversal";"Com Vítimas Feridas";"Plena noite";"Crescente";"Nublado";"Simples";"Curva";"Rural";2;0;0;1;1;0;1;2
83468065;"22/05/16";"Domingo";"22:45:00";"MG";40;"448";"PARAOPEBA";"Outras";"Incêndio";"Sem Vítimas";"Plena noite";"Decrescente";"Ceu Claro";"Dupla";"Reta";"Rural";1;0;0;0;1;0;0;1
83468066;"24/05/16";"Terça";"17:15:00";"MG";40;"525";"CONTAGEM";"Ultrapassagem indevida";"Colisão lateral";"Com Vítimas Fatais";"Pleno dia";"Decrescente";"Ceu Claro";"Dupla";"Reta";"Urbano";2;1;0;0;1;0;0;2
83468067;"19/05/16";"Quinta";"06:30:00";"SP";116;"223";"GUARULHOS";"Não guardar distância de segurança";"Colisão traseira";"Com Vítimas Feridas";"Pleno dia";"Crescente";"Chuva";"Múltipla";"Reta";"Urbano";2;0;1;0;1;0;1;2
83468068;"25/05/16";"Quarta";"17:50:00";"PA";10;"218";"IPIXUNA DO PARA";"Outras";"Saída de Pista";"Com Vítimas Fatais";"Pleno dia";"Crescente";"Ceu Claro";"Simples";"Curva";"Rural";1;1;0;0;0;0;0;1
83468069;"22/05/16";"Domingo";"16:00:00";"ES";262;"159,1";"IBATIBA";"Não guardar distância de segurança";"Colisão traseira";"Com Vítimas Feridas";"Pleno dia";"Decrescente";"Ceu Claro";"Simples";"Cruzamento";"Urbano";3;0;1;0;2;0;1;2
83468070;"26/05/16";"Quinta";"11:20:00";"PE";232;"516,3";"SALGUEIRO";"Outras";"Colisão lateral";"Sem Vítimas";"Pleno dia";"Crescente";"Ceu Claro";"Simples";"Curva";"Rural";3;0;0;0;3;0;0;2
83468071;"22/05/16";"Domingo";"18:35:00";"RS";290;"140,8";"ELDORADO DO SUL";"Animais na Pista";"Atropelamento de animal";"Sem Vítimas";"Plena noite";"Crescente";"Chuva";"Simples";"Reta";"Rural";1;0;0;0;1;0;0;1
83468072;"26/05/16";"Quinta";"10:40:00";"SC";101;"337";"TUBARAO";"Falta de atenção";"Colisão traseira";"Sem Vítimas";"Pleno dia";"Crescente";"Sol";"Simples";"Reta";"Urbano";2;0;0;0;2;0;0;2
83468073;"22/05/16";"Domingo";"20:30:00";"MT";163;"766";"SORRISO";"Ingestão de álcool";"Colisão com objeto móvel";"Com Vítimas Feridas";"Plena noite";"Crescente";"Ceu Claro";"Simples";"Reta";"Rural";1;0;1;0;0;0;1;1
83468074;"26/05/16";"Quinta";"09:30:00";"MG";262;"160";"SAO DOMINGOS DO PRATA";"Velocidade incompatível";"Capotamento";"Com Vítimas Feridas";"Pleno dia";"Decrescente";"Nublado";"Simples";"Curva";"Rural";4;0;3;1;0;0;4;1
83468075;"22/05/16";"Domingo";"22:30:00";"ES";101;"288";"CARIACICA";"Velocidade incompatível";"Saída de Pista";"Com Vítimas Feridas";"Plena noite";"Crescente";"Ceu Claro";"Dupla";"Curva";"Urbano";1;0;1;0;0;0;1;1
83468076;"22/05/16";"Domingo";"18:00:00";"GO";60;"14";"SANTO ANTONIO DO DESCOBERTO";"Outras";"Capotamento";"Sem Vítimas";"Pleno dia";"Crescente";"Ceu Claro";"Simples";"Reta";"Rural";1;0;0;0;1;0;0;1
83468077;"26/05/16";"Quinta";"08:30:00";"PR";376;"588";"CURITIBA";"Velocidade incompatível";"Colisão traseira";"Com Vítimas Feridas";"Pleno dia";"Decrescente";"Nublado";"Dupla";"Reta";"Urbano";2;0;0;1;1;0;1;2
83468078;"22/05/16";"Domingo";"15:45:00";"AC";317;"266,9";"EPITACIOLANDIA";"Ingestão de álcool";"Saída de Pista";"Com Vítimas Feridas";"Pleno dia";"Decrescente";"Ceu Claro";"Simples";"Reta";"Rural";6;0;4;2;0;0;6;1
83468079;"26/05/16";"Quinta";"10:10:00";"PB";230;"215,3";"SOLEDADE";"Falta de atenção";"Atropelamento de pessoa";"Com Vítimas Feridas";"Pleno dia";"Crescente";"Ceu Claro";"Simples";"Reta";"Urbano";3;0;3;0;0;0;3;1
83468081;"26/05/16";"Quinta";"09:30:00";"MG";40;"618";"CONGONHAS";"Velocidade incompatível";"Queda de motocicleta / bicicleta / veículo";"Com Vítimas Feridas";"Pleno dia";"Crescente";"Sol";"Dupla";"Curva";"Rural";1;0;1;0;0;0;1;1
83468082;"26/05/16";"Quinta";"07:50:00";"SC";282;"57,8";"RANCHO QUEIMADO";"Outras";"Capotamento";"Sem Vítimas";"Pleno dia";"Decrescente";"Chuva";"Simples";"Reta";"Rural";1;0;0;0;1;0;0;1
83468083;"20/05/16";"Sexta";"10:00:00";"RS";285;"194,2";"LAGOA VERMELHA";"Outras";"Saída de Pista";"Sem Vítimas";"Pleno dia";"Decrescente";"Chuva";"Simples";"Reta";"Urbano";2;0;0;0;2;0;0;1
83468084;"26/05/16";"Quinta";"14:05:00";"PR";158;"519";"PATO BRANCO";"Outras";"Queda de motocicleta / bicicleta / veículo";"Com Vítimas Feridas";"Pleno dia";"Crescente";"Nublado";"Simples";"Reta";"Urbano";2;0;2;0;0;0;2;1
83468085;"26/05/16";"Quinta";"11:30:00";"RS";116;"142,9";"CAXIAS DO SUL";"Defeito mecânico em veículo";"Saída de Pista";"Sem Vítimas";"Pleno dia";"Crescente";"Nublado";"Dupla";"Reta";"Urbano";4;0;0;0;3;1;0;3
83468086;"26/05/16";"Quinta";"11:40:00";"BA";116;"919,6";"ENCRUZILHADA";"Outras";"Tombamento";"Com Vítimas Feridas";"Pleno dia";"Crescente";"Ceu Claro";"Simples";"Curva";"Rural";1;0;1;0;0;0;1;1
83468087;"23/05/16";"Segunda";"07:00:00";"SP";116;"325,2";"JUQUITIBA";"Dormindo";"Saída de Pista";"Com Vítimas Feridas";"Pleno dia";"Crescente";"Ceu Claro";"Dupla";"Reta";"Rural";1;0;1;0;0;0;1;1
83468088;"26/05/16";"Quinta";"12:00:00";"BA";367;"64,9";"EUNAPOLIS";"Falta de atenção";"Colisão lateral";"Com Vítimas Feridas";"Pleno dia";"Decrescente";"Ceu Claro";"Simples";"Reta";"Rural";8;0;5;0;3;0;5;3
83468089;"26/05/16";"Quinta";"11:15:00";"PI";343;"345,5";"TERESINA";"Outras";"Queda de motocicleta / bicicleta / veículo";"Com Vítimas Fatais";"Pleno dia";"Crescente";"Sol";"Simples";"Curva";"Urbano";2;1;0;0;1;0;0;2
83468090;"18/05/16";"Quarta";"14:00:00";"PR";277;"7";"PARANAGUA";"Falta de atenção";"Colisão Transversal";"Com Vítimas Feridas";"Pleno dia";"Crescente";"Ceu Claro";"Simples";"Reta";"Urbano";2;0;0;1;1;0;1;2
83468091;"19/05/16";"Quinta";"04:30:00";"SP";116;"398";"MIRACATU";"Outras";"Atropelamento de pessoa";"Com Vítimas Fatais";"Plena noite";"Crescente";"Nublado";"Dupla";"Reta";"Urbano";2;1;0;0;0;1;0;1
83468092;"21/05/16";"Sábado";"18:15:00";"MG";262;"800,1";"UBERABA";"Ingestão de álcool";"Colisão frontal";"Com Vítimas Feridas";"Plena noite";"Crescente";"Ceu Claro";"Dupla";"Reta";"Rural";2;0;1;1;0;0;2;2
83468093;"23/05/16";"Segunda";"06:15:00";"PE";232;"130,8";"CARUARU";"Velocidade incompatível";"Colisão traseira";"Com Vítimas Feridas";"Pleno dia";"Crescente";"Ceu Claro";"Dupla";"Reta";"Urbano";3;0;1;0;2;0;1;3
83468094;"26/05/16";"Quinta";"08:50:00";"ES";262;"159,6";"IBATIBA";"Falta de atenção";"Colisão traseira";"Sem Vítimas";"Pleno dia";"Crescente";"Nublado";"Simples";"Reta";"Urbano";2;0;0;0;2;0;0;2
83468095;"26/05/16";"Quinta";"07:00:00";"GO";80;"114";"BARRO ALTO";"Não guardar distância de segurança";"Colisão traseira";"Com Vítimas Feridas";"Pleno dia";"Crescente";"Ceu Claro";"Simples";"Reta";"Rural";5;0;1;0;4;0;1;2
83468096;"22/05/16";"Domingo";"23:30:00";"PR";277;"712,7";"SANTA TEREZINHA DE ITAIPU";"Não guardar distância de segurança";"Colisão traseira";"Com Vítimas Feridas";"Plena noite";"Crescente";"Ceu Claro";"Dupla";"Reta";"Urbano";2;0;1;0;0;1;1;2
83468097;"26/05/16";"Quinta";"12:00:00";"ES";101;"330,9";"GUARAPARI";"Falta de atenção";"Capotamento";"Sem Vítimas";"Pleno dia";"Decrescente";"Ceu Claro";"Simples";"Reta";"Rural";1;0;0;0;1;0;0;1
83468098;"26/05/16";"Quinta";"11:35:00";"PE";232;"7,8";"RECIFE";"Falta de atenção";"Colisão lateral";"Sem Vítimas";"Pleno dia";"Crescente";"Ceu Claro";"Dupla";"Reta";"Urbano";5;0;0;0;5;0;0;3
83468099;"26/04/16";"Terça";"13:30:00";"RJ";101;"325";"NITEROI";"Outras";"Colisão com objeto fixo";"Com Vítimas Feridas";"Pleno dia";"Decrescente";"Nublado";"Dupla";"Reta";"Urbano";1;0;1;0;0;0;1;1
83468100;"26/05/16";"Quinta";"14:45:00";"PR";369;"178";"ROLANDIA";"Outras";"Queda de motocicleta / bicicleta / veículo";"Com Vítimas Feridas";"Pleno dia";"Decrescente";"Ceu Claro";"Dupla";"Reta";"Urbano";1;0;0;1;0;0;1;1
83468101;"26/05/16";"Quinta";"13:40:00";"PE";232;"5";"RECIFE";"Falta de atenção";"Colisão lateral";"Com Vítimas Feridas";"Pleno dia";"Crescente";"Sol";"Dupla";"Reta";"Urbano";2;0;1;0;1;0;1;2
83468102;"26/05/16";"Quinta";"14:00:00";"PB";104;"105,7";"SAO SEBASTIAO DE LAGOA DE ROCA";"Ingestão de álcool";"Queda de motocicleta / bicicleta / veículo";"Com Vítimas Feridas";"Plena noite";"Decrescente";"Ceu Claro";"Simples";"Reta";"Rural";1;0;0;1;0;0;1;1
83468103;"21/05/16";"Sábado";"07:05:00";"SP";381;"61";"MAIRIPORA";"Outras";"Capotamento";"Sem Vítimas";"Amanhecer";"Crescente";"Chuva";"Dupla";"Curva";"Rural";1;0;0;0;1;0;0;1
83468104;"26/05/16";"Quinta";"15:15:00";"MG";50;"42";"ARAGUARI";"Falta de atenção";"Colisão lateral";"Sem Vítimas";"Pleno dia";"Crescente";"Ceu Claro";"Dupla";"Reta";"Rural";2;0;0;0;2;0;0;2
83468105;"26/05/16";"Quinta";"12:30:00";"AC";364;"123";"RIO BRANCO";"Defeito na via";"Queda de motocicleta / bicicleta / veículo";"Com Vítimas Feridas";"Pleno dia";"Crescente";"Ceu Claro";"Dupla";"Reta";"Urbano";1;0;1;0;0;0;1;1
83468106;"26/05/16";"Quinta";"14:45:00";"PR";116;"14,6";"CAMPINA GRANDE DO SUL";"Outras";"Incêndio";"Sem Vítimas";"Pleno dia";"Crescente";"Sol";"Dupla";"Reta";"Rural";2;0;0;0;2;0;0;1
83468107;"15/05/16";"Domingo";"23:00:00";"BA";324;"543";"AMELIA RODRIGUES";"Outras";"Saída de Pista";"Sem Vítimas";"Plena noite";"Decrescente";"Chuva";"Dupla";"Curva";"Urbano";1;0;0;0;1;0;0;1
83468109;"26/05/16";"Quinta";"14:10:00";"MG";381;"436,8";"SABARA";"Desobediência à sinalização";"Colisão Transversal";"Com Vítimas Feridas";"Pleno dia";"Decrescente";"Sol";"Simples";"Curva";"Urbano";2;0;1;0;1;0;1;2
83468110;"26/05/16";"Quinta";"06:00:00";"PE";232;"341,1";"CUSTODIA";"Ingestão de álcool";"Saída de Pista";"Com Vítimas Fatais";"Amanhecer";"Decrescente";"Ceu Claro";"Simples";"Reta";"Rural";1;1;0;0;0;0;0;1
83468111;"26/05/16";"Quinta";"15:00:00";"MS";267;"290";"RIO BRILHANTE";"Falta de atenção";"Saída de Pista";"Sem Vítimas";"Pleno dia";"Crescente";"Ceu Claro";"Simples";"Reta";"Urbano";1;0;0;0;1;0;0;1
83468112;"22/05/16";"Domingo";"15:45:00";"PA";316;"23";"BENEVIDES";"Outras";"Saída de Pista";"Sem Vítimas";"Pleno dia";"Crescente";"Ceu Claro";"Dupla";"Reta";"Urbano";2;0;0;0;2;0;0;1
83468113;"25/05/16";"Quarta";"05:20:00";"MG";381;"406";"BOM JESUS DO AMPARO";"Outras";"Capotamento";"Sem Vítimas";"Plena noite";"Decrescente";"Chuva";"Simples";"Curva";"Rural";1;0;0;0;1;0;0;1
83468114;"26/05/16";"Quinta";"13:20:00";"PA";10;"81";"ULIANOPOLIS";"Falta de atenção";"Colisão frontal";"Com Vítimas Feridas";"Pleno dia";"Crescente";"Ceu Claro";"Simples";"Reta";"Urbano";2;0;0;1;1;0;1;2
83468115;"26/05/16";"Quinta";"11:20:00";"SC";282;"78,4";"RANCHO QUEIMADO";"Velocidade incompatível";"Queda de motocicleta / bicicleta / veículo";"Com Vítimas Feridas";"Pleno dia";"Crescente";"Nublado";"Simples";"Curva";"Rural";1;0;0;1;0;0;1;1