"id";"data_inversa";"dia_semana";"horario";"uf";"br";"km";"municipio";"causa_acidente";"tipo_acidente";"classificacao_acidente";"fase_dia";"sentido_via";"condicao_metereologica";"tipo_pista";"tracado_via";"uso_solo";"pessoas";"mortos";"feridos_leves";"feridos_graves";"ilesos";"ignorados";"feridos";"veiculos"
83468117;"23/05/16";"Segunda";"13:30:00";"PI";316;"301,7";"PICOS";"Falta de atenção";"Colisão Transversal";"Com Vítimas Fatais";"Pleno dia";"Decrescente";"Ceu Claro";"Simples";"Reta";"Urbano";3;1;0;0;2;0;0;2
83468119;"26/05/16";"Quinta";"11:05:00";"RJ";116;"213";"SEROPEDICA";"Falta de atenção";"Colisão com objeto fixo";"Sem Vítimas";"Pleno dia";"Decrescente";"Ceu Claro";"Dupla";"Reta";"Urbano";1;0;0;0;1;0;0;1
83468120;"26/05/16";"Quinta";"08:30:00";"MG";50;"158";"UBERABA";"Ingestão de álcool";"Colisão com objeto fixo";"Com Vítimas Feridas";"Pleno dia";"Decrescente";"Ceu Claro";"Dupla";"Reta";"Rural";1;0;1;0;0;0;1;1
83468121;"26/05/16";"Quinta";"16:10:00";"RS";158;"256,6";"JULIO DE CASTILHOS";"Velocidade incompatível";"Saída de Pista";"Com Vítimas Feridas";"Pleno dia";"Decrescente";"Nublado";"Simples";"Reta";"Rural";2;0;1;0;1;0;1;1
83468122;"26/05/16";"Quinta";"14:30:00";"MG";381;"508";"SAO JOAQUIM DE BICAS";"Outras";"Capotamento";"Com Vítimas Feridas";"Pleno dia";"Crescente";"Ceu Claro";"Dupla";"Reta";"Urbano";6;0;6;0;0;0;6;1
83468123;"26/05/16";"Quinta";"14:00:00";"BA";101;"837";"ITAMARAJU";"Outras";"Colisão frontal";"Com Vítimas Feridas";"Pleno dia";"Decrescente";"Ceu Claro";"Simples";"Curva";"Rural";8;0;8;0;0;0;8;3
83468124;"26/05/16";"Quinta";"16:40:00";"TO";153;"661,7";"GURUPI";"Defeito mecânico em veículo";"Queda de motocicleta / bicicleta / veículo";"Com Vítimas Feridas";"Pleno dia";"Crescente";"Sol";"Simples";"Reta";"Rural";2;0;2;0;0;0;2;1
83468125;"26/05/16";"Quinta";"16:45:00";"BA";101;"170";"FEIRA DE SANTANA";"Falta de atenção";"Colisão Transversal";"Sem Vítimas";"Pleno dia";"Crescente";"Nublado";"Simples";"Curva";"Rural";3;0;0;0;3;0;0;2
83468126;"10/04/16";"Domingo";"19:40:00";"SC";101;"87";"BARRA VELHA";"Não guardar distância de segurança";"Colisão traseira";"Com Vítimas Feridas";"Plena noite";"Decrescente";"Chuva";"Múltipla";"Reta";"Urbano";4;0;1;1;2;0;2;3
83468127;"26/05/16";"Quinta";"10:00:00";"GO";153;"176";"CAMPINORTE";"Falta de atenção";"Colisão Transversal";"Sem Vítimas";"Pleno dia";"Crescente";"Ceu Claro";"Simples";"Reta";"Urbano";2;0;0;0;2;0;0;2
83468128;"26/05/16";"Quinta";"15:40:00";"PE";232;"121,8";"CARUARU";"Outras";"Saída de Pista";"Com Vítimas Feridas";"Pleno dia";"Decrescente";"Sol";"Dupla";"Reta";"Rural";2;0;2;0;0;0;2;1
83468129;"26/05/16";"Quinta";"15:21:00";"SP";116;"149,5";"SAO JOSE DOS CAMPOS";"Outras";"Colisão com objeto fixo";"Sem Vítimas";"Pleno dia";"Decrescente";"Ceu Claro";"Simples";"Reta";"Urbano";1;0;0;0;1;0;0;1
83468130;"26/05/16";"Quinta";"14:30:00";"BA";101;"472";"URUCUCA";"Defeito mecânico em veículo";"Colisão traseira";"Sem Vítimas";"Pleno dia";"Crescente";"Nublado";"Simples";"Reta";"Rural";3;0;0;0;3;0;0;3
83468132;"26/05/16";"Quinta";"10:40:00";"PR";280;"320,6";"BARRACAO";"Falta de atenção";"Colisão traseira";"Sem Vítimas";"Pleno dia";"Crescente";"Ceu Claro";"Simples";"Reta";"Rural";6;0;0;0;6;0;0;2
83468133;"26/05/16";"Quinta";"07:30:00";"SC";282;"427";"VARGEM BONITA";"Falta de atenção";"Saída de Pista";"Com Vítimas Feridas";"Amanhecer";"Decrescente";"Chuva";"Simples";"Curva";"Rural";4;0;3;0;1;0;3;1
83468134;"26/05/16";"Quinta";"17:40:00";"SC";101;"207,7";"SAO JOSE";"Falta de atenção";"Colisão lateral";"Com Vítimas Feridas";"Amanhecer";"Decrescente";"Ceu Claro";"Dupla";"Curva";"Urbano";3;0;2;0;1;0;2;2
83468135;"26/05/16";"Quinta";"08:00:00";"SC";282;"29";"SANTO AMARO DA IMPERATRIZ";"Outras";"Capotamento";"Com Vítimas Feridas";"Pleno dia";"Decrescente";"Ceu Claro";"Simples";"Reta";"Rural";1;0;1;0;0;0;1;1
83468137;"26/05/16";"Quinta";"17:15:00";"SC";282;"19";"PALHOCA";"Falta de atenção";"Colisão com bicicleta";"Com Vítimas Feridas";"Anoitecer";"Crescente";"Nublado";"Simples";"Cruzamento";"Urbano";2;0;2;0;0;0;2;2
83468138;"23/05/16";"Segunda";"03:40:00";"GO";153;"510,4";"APARECIDA DE GOIANIA";"Dormindo";"Capotamento";"Com Vítimas Feridas";"Plena noite";"Decrescente";"Ceu Claro";"Dupla";"Reta";"Urbano";1;0;1;0;0;0;1;1
83468139;"26/05/16";"Quinta";"14:40:00";"BA";418;"91";"NOVA VICOSA";"Defeito na via";"Capotamento";"Com Vítimas Feridas";"Pleno dia";"Decrescente";"Ceu Claro";"Simples";"Reta";"Rural";4;0;1;0;3;0;1;1
83468141;"26/05/16";"Quinta";"17:45:00";"RS";158;"192,5";"CRUZ ALTA";"Velocidade incompatível";"Saída de Pista";"Sem Vítimas";"Anoitecer";"Crescente";"Nublado";"Simples";"Curva";"Rural";3;0;0;0;3;0;0;1
83468142;"26/05/16";"Quinta";"12:00:00";"ES";262;"37,8";"DOMINGOS MARTINS";"Falta de atenção";"Colisão Transversal";"Com Vítimas Feridas";"Pleno dia";"Decrescente";"Ceu Claro";"Simples";"Cruzamento";"Rural";2;0;1;0;1;0;1;2
83468143;"25/05/16";"Quarta";"19:15:00";"SP";116;"155";"SAO JOSE DOS CAMPOS";"Falta de atenção";"Colisão traseira";"Sem Vítimas";"Plena noite";"Crescente";"Ceu Claro";"Múltipla";"Reta";"Rural";2;0;0;0;2;0;0;2
83468144;"26/05/16";"Quinta";"13:00:00";"GO";364;"259,9";"JATAI";"Não guardar distância de segurança";"Colisão lateral";"Sem Vítimas";"Pleno dia";"Crescente";"Ceu Claro";"Simples";"Reta";"Rural";3;0;0;0;3;0;0;2
83468146;"26/05/16";"Quinta";"16:30:00";"SC";280;"44,1";"GUARAMIRIM";"Outras";"Queda de motocicleta / bicicleta / veículo";"Com Vítimas Feridas";"Pleno dia";"Crescente";"Nublado";"Simples";"Reta";"Rural";1;0;0;1;0;0;1;1
83468147;"26/05/16";"Quinta";"16:00:00";"SC";470;"179,5";"POUSO REDONDO";"Falta de atenção";"Queda de motocicleta / bicicleta / veículo";"Com Vítimas Feridas";"Pleno dia";"Decrescente";"Ceu Claro";"Simples";"Reta";"Urbano";1;0;1;0;0;0;1;1
83468148;"24/05/16";"Terça";"13:40:00";"RJ";40;"122";"DUQUE DE CAXIAS";"Falta de atenção";"Colisão lateral";"Sem Vítimas";"Pleno dia";"Crescente";"Nublado";"Múltipla";"Reta";"Urbano";2;0;0;0;2;0;0;2
83468149;"26/05/16";"Quinta";"13:45:00";"GO";153;"567,4";"PROFESSOR JAMIL";"Outras";"Queda de motocicleta / bicicleta / veículo";"Com Vítimas Feridas";"Pleno dia";"Decrescente";"Ceu Claro";"Dupla";"Reta";"Rural";1;0;1;0;0;0;1;1
83468150;"26/05/16";"Quinta";"18:00:00";"PE";232;"146";"SAO CAITANO";"Defeito na via";"Atropelamento de pessoa";"Com Vítimas Feridas";"Plena noite";"Crescente";"Ceu Claro";"Dupla";"Reta";"Urbano";2;0;0;2;0;0;2;1
83468151;"23/05/16";"Segunda";"06:30:00";"MG";40;"511";"RIBEIRAO DAS NEVES";"Não guardar distância de segurança";"Colisão traseira";"Com Vítimas Feridas";"Amanhecer";"Crescente";"Ignorada";"Dupla";"Reta";"Urbano";2;0;1;0;1;0;1;2
83468152;"22/05/16";"Domingo";"15:00:00";"MG";365;"742";"CANAPOLIS";"Outras";"Tombamento";"Sem Vítimas";"Pleno dia";"Decrescente";"Ceu Claro";"Simples";"Reta";"Rural";1;0;0;0;1;0;0;1
83468153;"07/05/16";"Sábado";"21:30:00";"BA";410;"35";"TUCANO";"Animais na Pista";"Atropelamento de animal";"Sem Vítimas";"Plena noite";"Crescente";"Ceu Claro";"Simples";"Curva";"Rural";2;0;0;0;2;0;0;1
83468154;"26/05/16";"Quinta";"18:00:00";"BA";116;"675,9";"JEQUIE";"Ingestão de álcool";"Colisão traseira";"Sem Vítimas";"Anoitecer";"Decrescente";"Ceu Claro";"Simples";"Cruzamento";"Rural";3;0;0;0;3;0;0;2
83468155;"03/04/16";"Domingo";"18:40:00";"SC";101;"74";"ARAQUARI";"Outras";"Colisão com bicicleta";"Com Vítimas Feridas";"Plena noite";"Crescente";"Nevoeiro/neblina";"Múltipla";"Curva";"Rural";2;0;0;1;1;0;1;2
83468156;"26/05/16";"Quinta";"17:30:00";"PA";316;"10";"ANANINDEUA";"Não guardar distância de segurança";"Colisão traseira";"Com Vítimas Feridas";"Pleno dia";"Decrescente";"Ceu Claro";"Dupla";"Reta";"Urbano";2;0;1;0;1;0;1;2
83468157;"22/05/16";"Domingo";"06:45:00";"GO";153;"71";"PORANGATU";"Desobediência à sinalização";"Colisão Transversal";"Sem Vítimas";"Amanhecer";"Decrescente";"Ceu Claro";"Simples";"Reta";"Urbano";3;0;0;0;2;1;0;2
83468158;"23/05/16";"Segunda";"22:40:00";"RJ";101;"307";"SAO GONCALO";"Outras";"Colisão traseira";"Com Vítimas Feridas";"Plena noite";"Crescente";"Nublado";"Dupla";"Reta";"Urbano";2;0;1;0;1;0;1;2
83468160;"26/05/16";"Quinta";"16:45:00";"MG";40;"586";"ITABIRITO";"Outras";"Colisão frontal";"Com Vítimas Feridas";"Pleno dia";"Crescente";"Nublado";"Simples";"Curva";"Rural";3;0;1;1;1;0;2;2
83468162;"26/05/16";"Quinta";"17:30:00";"SC";470;"138,5";"RIO DO SUL";"Velocidade incompatível";"Capotamento";"Sem Vítimas";"Pleno dia";"Crescente";"Ceu Claro";"Simples";"Reta";"Urbano";1;0;0;0;1;0;0;1
83468163;"26/05/16";"Quinta";"09:10:00";"SC";282;"442,8";"PONTE SERRADA";"Outras";"Saída de Pista";"Com Vítimas Fatais";"Pleno dia";"Decrescente";"Chuva";"Simples";"Curva";"Rural";1;1;0;0;0;0;0;1
83468164;"26/05/16";"Quinta";"15:00:00";"BA";116;"8,4";"ABARE";"Dormindo";"Saída de Pista";"Com Vítimas Feridas";"Pleno dia";"Crescente";"Sol";"Simples";"Reta";"Rural";1;0;1;0;0;0;1;1
83468165;"26/05/16";"Quinta";"19:25:00";"RJ";101;"309";"SAO GONCALO";"Não guardar distância de segurança";"Colisão traseira";"Sem Vítimas";"Plena noite";"Decrescente";"Ceu Claro";"Dupla";"Reta";"Urbano";8;0;0;0;8;0;0;2
83468166;"26/05/16";"Quinta";"17:50:00";"SC";101;"211,3";"PALHOCA";"Não guardar distância de segurança";"Colisão lateral";"Com Vítimas Feridas";"Anoitecer";"Decrescente";"Nublado";"Múltipla";"Reta";"Urbano";4;0;2;0;2;0;2;4
83468167;"24/02/16";"Quarta";"10:00:00";"SC";116;"241";"LAGES";"Não guardar distância de segurança";"Colisão traseira";"Sem Vítimas";"Pleno dia";"Crescente";"Ceu Claro";"Simples";"Reta";"Rural";2;0;0;0;2;0;0;2
83468168;"26/05/16";"Quinta";"17:50:00";"SE";101;"95";"NOSSA SENHORA DO SOCORRO";"Outras";"Colisão com bicicleta";"Com Vítimas Feridas";"Plena noite";"Decrescente";"Nublado";"Dupla";"Reta";"Rural";2;0;2;0;0;0;2;2
83468169;"26/05/16";"Quinta";"14:55:00";"RO";364;"238,5";"CACOAL";"Desobediência à sinalização";"Colisão Transversal";"Com Vítimas Feridas";"Pleno dia";"Crescente";"Ceu Claro";"Simples";"Reta";"Urbano";4;0;3;1;0;0;4;2
83468170;"26/05/16";"Quinta";"14:00:00";"PE";423;"132,5";"SALOA";"Defeito mecânico em veículo";"Saída de Pista";"Sem Vítimas";"Pleno dia";"Crescente";"Ceu Claro";"Simples";"Curva";"Rural";1;0;0;0;1;0;0;1
83468171;"26/05/16";"Quinta";"19:30:00";"MG";116;"700,6";"MURIAE";"Falta de atenção";"Colisão traseira";"Com Vítimas Feridas";"Plena noite";"Crescente";"Ignorada";"Simples";"Reta";"Urbano";2;0;1;0;0;1;1;2
83468172;"26/05/16";"Quinta";"11:15:00";"BA";116;"367";"LAMARAO";"Outras";"Colisão lateral";"Com Vítimas Feridas";"Pleno dia";"Crescente";"Nublado";"Simples";"Reta";"Rural";5;0;1;0;4;0;1;5
83468173;"26/05/16";"Quinta";"19:00:00";"MG";40;"618";"CONGONHAS";"Falta de atenção";"Capotamento";"Com Vítimas Feridas";"Plena noite";"Decrescente";"Ceu Claro";"Simples";"Curva";"Rural";2;0;2;0;0;0;2;1
83468174;"21/05/16";"Sábado";"05:20:00";"MG";40;"451";"CAETANOPOLIS";"Outras";"Capotamento";"Com Vítimas Fatais";"Amanhecer";"Crescente";"Ceu Claro";"Dupla";"Reta";"Rural";1;1;0;0;0;0;0;1
83468175;"26/05/16";"Quinta";"19:10:00";"MG";116;"415";"GOVERNADOR VALADARES";"Falta de atenção";"Colisão Transversal";"Com Vítimas Feridas";"Plena noite";"Crescente";"Ceu Claro";"Simples";"Cruzamento";"Urbano";2;0;1;0;1;0;1;2
83468176;"26/05/16";"Quinta";"17:35:00";"PR";369;"181,4";"ARAPONGAS";"Falta de atenção";"Colisão Transversal";"Com Vítimas Feridas";"Anoitecer";"Crescente";"Ignorada";"Dupla";"Reta";"Urbano";2;0;1;0;1;0;1;2
83468177;"22/05/16";"Domingo";"12:00:00";"MT";364;"309,9";"JACIARA";"Não guardar distância de segurança";"Saída de Pista";"Sem Vítimas";"Pleno dia";"Decrescente";"Sol";"Simples";"Reta";"Rural";1;0;0;0;1;0;0;1
83468178;"26/05/16";"Quinta";"18:30:00";"RS";285;"265";"MATO CASTELHANO";"Falta de atenção";"Colisão Transversal";"Sem Vítimas";"Plena noite";"Decrescente";"Nublado";"Simples";"Curva";"Rural";4;0;0;0;4;0;0;2
83468179;"26/05/16";"Quinta";"17:15:00";"PI";316;"1";"TERESINA";"Falta de atenção";"Colisão lateral";"Com Vítimas Feridas";"Anoitecer";"Decrescente";"Ceu Claro";"Simples";"Reta";"Urbano";2;0;1;0;1;0;1;2
83468180;"23/05/16";"Segunda";"06:00:00";"MG";381;"908,1";"CAMBUI";"Velocidade incompatível";"Colisão com objeto fixo";"Sem Vítimas";"Pleno dia";"Decrescente";"Chuva";"Dupla";"Curva";"Rural";1;0;0;0;1;0;0;1
83468181;"26/05/16";"Quinta";"19:35:00";"SC";101;"147";"ITAPEMA";"Desobediência à sinalização";"Colisão Transversal";"Com Vítimas Feridas";"Plena noite";"Crescente";"Nublado";"Dupla";"Cruzamento";"Urbano";2;0;1;0;1;0;1;2
83468182;"26/05/16";"Quinta";"07:00:00";"GO";40;"24";"LUZIANIA";"Outras";"Colisão lateral";"Sem Vítimas";"Pleno dia";"Decrescente";"Ceu Claro";"Simples";"Reta";"Urbano";2;0;0;0;2;0;0;2
83468185;"26/05/16";"Quinta";"18:45:00";"RS";290;"138,9";"ELDORADO DO SUL";"Outras";"Saída de Pista";"Com Vítimas Feridas";"Plena noite";"Decrescente";"Nublado";"Simples";"Reta";"Rural";2;0;1;0;1;0;1;2
83468186;"26/05/16";"Quinta";"19:40:00";"PR";369;"161,2";"CAMBE";"Desobediência à sinalização";"Colisão Transversal";"Com Vítimas Feridas";"Plena noite";"Decrescente";"Ceu Claro";"Dupla";"Reta";"Urbano";2;0;0;1;1;0;1;2
83468187;"26/05/16";"Quinta";"19:20:00";"PI";404;"6,7";"PIRIPIRI";"Animais na Pista";"Atropelamento de animal";"Sem Vítimas";"Plena noite";"Crescente";"Ceu Claro";"Simples";"Reta";"Rural";1;0;0;0;1;0;0;1
83468188;"26/05/16";"Quinta";"20:10:00";"MG";262;"365,3";"JUATUBA";"Animais na Pista";"Colisão com objeto fixo";"Com Vítimas Feridas";"Plena noite";"Decrescente";"Nublado";"Dupla";"Reta";"Urbano";2;0;1;0;1;0;1;1
83468189;"23/05/16";"Segunda";"13:50:00";"ES";101;"315";"GUARAPARI";"Falta de atenção";"Colisão Transversal";"Com Vítimas Feridas";"Pleno dia";"Decrescente";"Ceu Claro";"Simples";"Reta";"Rural";8;0;2;2;4;0;4;2
83468190;"26/05/16";"Quinta";"12:50:00";"DF";70;"13";"BRASILIA";"Outras";"Capotamento";"Com Vítimas Feridas";"Pleno dia";"Decrescente";"Sol";"Dupla";"Reta";"Urbano";2;0;1;1;0;0;2;1
83468191;"26/05/16";"Quinta";"18:00:00";"MG";459;"15";"CALDAS";"Animais na Pista";"Queda de motocicleta / bicicleta / veículo";"Com Vítimas Feridas";"Anoitecer";"Crescente";"Ceu Claro";"Simples";"Curva";"Rural";2;0;2;0;0;0;2;1
83468192;"26/05/16";"Quinta";"18:40:00";"MS";262;"23,7";"TRES LAGOAS";"Ultrapassagem indevida";"Colisão lateral";"Sem Vítimas";"Plena noite";"Crescente";"Ceu Claro";"Simples";"Reta";"Rural";2;0;0;0;1;1;0;2
83468193;"26/05/16";"Quinta";"18:45:00";"MG";153;"242,2";"FRONTEIRA";"Outras";"Colisão traseira";"Com Vítimas Feridas";"Plena noite";"Decrescente";"Ceu Claro";"Simples";"Reta";"Rural";2;0;2;0;0;0;2;2
83468194;"26/05/16";"Quinta";"15:35:00";"PR";376;"614,6";"SAO JOSE DOS PINHAIS";"Velocidade incompatível";"Queda de motocicleta / bicicleta / veículo";"Com Vítimas Feridas";"Pleno dia";"Crescente";"Ceu Claro";"Simples";"Curva";"Rural";1;0;0;1;0;0;1;1
83468195;"26/05/16";"Quinta";"15:25:00";"RS";116;"235";"NOVO HAMBURGO";"Não guardar distância de segurança";"Colisão traseira";"Com Vítimas Feridas";"Pleno dia";"Decrescente";"Nublado";"Dupla";"Reta";"Urbano";3;0;3;0;0;0;3;2
83468196;"23/05/16";"Segunda";"06:40:00";"SP";116;"219,2";"GUARULHOS";"Não guardar distância de segurança";"Colisão lateral";"Com Vítimas Feridas";"Pleno dia";"Crescente";"Ceu Claro";"Múltipla";"Reta";"Urbano";2;0;1;0;1;0;1;2
83468197;"26/05/16";"Quinta";"17:00:00";"PB";230;"14,1";"CABEDELO";"Desobediência à sinalização";"Colisão Transversal";"Com Vítimas Feridas";"Pleno dia";"Crescente";"Ceu Claro";"Dupla";"Reta";"Urbano";2;0;1;0;1;0;1;2
83468198;"26/05/16";"Quinta";"18:30:00";"MS";163;"475,1";"CAMPO GRANDE";"Ingestão de álcool";"Colisão lateral";"Sem Vítimas";"Plena noite";"Decrescente";"Ceu Claro";"Simples";"Reta";"Urbano";6;0;0;0;6;0;0;2
83468199;"22/05/16";"Domingo";"09:40:00";"GO";60;"28,2";"ALEXANIA";"Não guardar distância de segurança";"Colisão lateral";"Com Vítimas Feridas";"Pleno dia";"Crescente";"Ceu Claro";"Dupla";"Reta";"Rural";2;0;0;1;1;0;1;2
83468200;"26/05/16";"Quinta";"06:10:00";"CE";20;"234";"MADALENA";"Defeito na via";"Saída de Pista";"Sem Vítimas";"Pleno dia";"Decrescente";"Chuva";"Simples";"Curva";"Rural";3;0;0;0;3;0;0;1
83468201;"26/05/16";"Quinta";"20:45:00";"PR";158;"2,7";"CAMPO MOURAO";"Outras";"Atropelamento de pessoa";"Com Vítimas Feridas";"Plena noite";"Decrescente";"Chuva";"Simples";"Reta";"Urbano";2;0;1;0;1;0;1;1
83468202;"26/05/16";"Quinta";"20:00:00";"DF";20;"7";"BRASILIA";"Falta de atenção";"Colisão lateral";"Com Vítimas Feridas";"Plena noite";"Crescente";"Ceu Claro";"Dupla";"Reta";"Rural";3;0;1;0;2;0;1;3
83468203;"19/01/16";"Terça";"16:43:00";"BA";116;"826";"VITORIA DA CONQUISTA";"Falta de atenção";"Colisão Transversal";"Sem Vítimas";"Pleno dia";"Decrescente";"Ceu Claro";"Dupla";"Reta";"Urbano";2;0;0;0;2;0;0;2
83468204;"21/05/16";"Sábado";"06:10:00";"GO";153;"506";"APARECIDA DE GOIANIA";"Outras";"Saída de Pista";"Sem Vítimas";"Amanhecer";"Crescente";"Ceu Claro";"Dupla";"Reta";"Urbano";1;0;0;0;1;0;0;1
83468205;"26/05/16";"Quinta";"16:30:00";"MG";116;"256,1";"TEOFILO OTONI";"Velocidade incompatível";"Colisão lateral";"Com Vítimas Feridas";"Pleno dia";"Decrescente";"Ceu Claro";"Simples";"Curva";"Rural";9;0;3;2;4;0;5;4
83468206;"26/05/16";"Quinta";"22:00:00";"ES";101;"35,4";"CONCEICAO DA BARRA";"Outras";"Colisão Transversal";"Com Vítimas Feridas";"Plena noite";"Decrescente";"Ceu Claro";"Simples";"Reta";"Rural";3;0;1;0;1;1;1;2
83468207;"26/05/16";"Quinta";"22:55:00";"RS";285;"293,8";"PASSO FUNDO";"Animais na Pista";"Saída de Pista";"Sem Vítimas";"Plena noite";"Crescente";"Ceu Claro";"Simples";"Curva";"Urbano";1;0;0;0;1;0;0;1
83468208;"26/05/16";"Quinta";"20:40:00";"MT";174;"290";"PONTES E LACERDA";"Falta de atenção";"Colisão Transversal";"Com Vítimas Feridas";"Plena noite";"Decrescente";"Ceu Claro";"Simples";"Reta";"Urbano";4;0;1;0;3;0;1;2
83468209;"26/05/16";"Quinta";"19:10:00";"RO";174;"16";"VILHENA";"Ingestão de álcool";"Colisão frontal";"Com Vítimas Feridas";"Plena noite";"Crescente";"Ignorada";"Dupla";"Reta";"Urbano";3;0;0;1;2;0;1;2
83468210;"26/05/16";"Quinta";"23:10:00";"SC";470;"55,7";"BLUMENAU";"Ingestão de álcool";"Colisão frontal";"Com Vítimas Feridas";"Plena noite";"Decrescente";"Nublado";"Simples";"Curva";"Urbano";2;0;0;1;1;0;1;2
83468211;"26/05/16";"Quinta";"16:59:00";"PR";116;"4,4";"CAMPINA GRANDE DO SUL";"Outras";"Derramamento de Carga";"Sem Vítimas";"Anoitecer";"Crescente";"Ceu Claro";"Dupla";"Curva";"Rural";1;0;0;0;1;0;0;1
83468212;"26/05/16";"Quinta";"19:30:00";"RO";364;"426";"JARU";"Falta de atenção";"Colisão Transversal";"Com Vítimas Feridas";"Plena noite";"Decrescente";"Ceu Claro";"Simples";"Reta";"Urbano";3;0;0;2;1;0;2;2
83468213;"26/05/16";"Quinta";"20:10:00";"GO";60;"96,8";"ANAPOLIS";"Falta de atenção";"Colisão lateral";"Sem Vítimas";"Plena noite";"Crescente";"Ceu Claro";"Dupla";"Reta";"Urbano";2;0;0;0;2;0;0;2
83468214;"26/05/16";"Quinta";"20:30:00";"MT";163;"805";"SINOP";"Ingestão de álcool";"Colisão traseira";"Sem Vítimas";"Plena noite";"Crescente";"Ceu Claro";"Simples";"Reta";"Rural";2;0;0;0;1;1;0;2
83468215;"26/05/16";"Quinta";"21:45:00";"RO";364;"208";"PIMENTA BUENO";"Não guardar distância de segurança";"Colisão traseira";"Sem Vítimas";"Plena noite";"Crescente";"Ceu Claro";"Simples";"Reta";"Rural";2;0;0;0;2;0;0;2
83468216;"26/05/16";"Quinta";"19:30:00";"SC";470;"186,7";"POUSO REDONDO";"Outras";"Tombamento";"Com Vítimas Fatais";"Plena noite";"Decrescente";"Nublado";"Simples";"Curva";"Rural";1;1;0;0;0;0;0;1
83468217;"20/05/16";"Sexta";"18:30:00";"SC";101;"419,3";"ARARANGUA";"Desobediência à sinalização";"Colisão frontal";"Com Vítimas Feridas";"Plena noite";"Decrescente";"Chuva";"Dupla";"Reta";"Urbano";2;0;0;1;1;0;1;2
83468218;"26/05/16";"Quinta";"20:30:00";"MG";40;"548";"NOVA LIMA";"Velocidade incompatível";"Tombamento";"Com Vítimas Feridas";"Plena noite";"Decrescente";"Ceu Claro";"Dupla";"Curva";"Rural";4;0;3;1;0;0;4;1
83468219;"26/05/16";"Quinta";"18:45:00";"PR";116;"120,5";"CURITIBA";"Não guardar distância de segurança";"Colisão traseira";"Com Vítimas Feridas";"Anoitecer";"Decrescente";"Nublado";"Dupla";"Reta";"Urbano";4;0;1;0;3;0;1;3
83468220;"27/05/16";"Sexta";"00:45:00";"SC";101;"280,5";"IMBITUBA";"Falta de atenção";"Saída de Pista";"Sem Vítimas";"Plena noite";"Crescente";"Nublado";"Dupla";"Reta";"Urbano";1;0;0;0;1;0;0;1
83468221;"26/05/16";"Quinta";"23:40:00";"RS";287;"455,5";"SAO BORJA";"Animais na Pista";"Atropelamento de animal";"Sem Vítimas";"Plena noite";"Decrescente";"Nublado";"Simples";"Reta";"Rural";2;0;0;0;2;0;0;1
83468222;"26/05/16";"Quinta";"08:30:00";"PR";376;"587";"CURITIBA";"Velocidade incompatível";"Tombamento";"Sem Vítimas";"Pleno dia";"Decrescente";"Ceu Claro";"Simples";"Curva";"Urbano";1;0;0;0;1;0;0;1
83468223;"22/05/16";"Domingo";"17:30:00";"MA";135;"39,3";"BACABEIRA";"Desobediência à sinalização";"Colisão frontal";"Com Vítimas Fatais";"Anoitecer";"Crescente";"Ceu Claro";"Dupla";"Curva";"Rural";11;2;2;7;0;0;9;2
83468224;"26/05/16";"Quinta";"15:30:00";"MG";262;"355,5";"BETIM";"Outras";"Atropelamento de pessoa";"Com Vítimas Feridas";"Pleno dia";"Decrescente";"Ceu Claro";"Dupla";"Reta";"Rural";2;0;1;0;1;0;1;1
83468225;"27/05/16";"Sexta";"01:15:00";"AL";316;"157,8";"PALMEIRA DOS INDIOS";"Animais na Pista";"Atropelamento de animal";"Sem Vítimas";"Plena noite";"Decrescente";"Ignorada";"Simples";"Reta";"Urbano";4;0;0;0;4;0;0;1
83468227;"26/05/16";"Quinta";"21:40:00";"PR";376;"651";"TIJUCAS DO SUL";"Outras";"Colisão Transversal";"Com Vítimas Feridas";"Plena noite";"Decrescente";"Ceu Claro";"Múltipla";"Curva";"Rural";2;0;1;0;1;0;1;2
83468228;"31/05/16";"Terça";"01:31:40";"AP";210;"1";"MACAPA";"Ingestão de álcool";"Queda de motocicleta / bicicleta / veículo";"Com Vítimas Feridas";"Plena noite";"Decrescente";"Ceu Claro";"Dupla";"Reta";"Urbano";2;0;1;0;0;1;1;1
83468229;"26/05/16";"Quinta";"08:00:00";"MG";381;"410";"NOVA UNIAO";"Velocidade incompatível";"Capotamento";"Sem Vítimas";"Pleno dia";"Decrescente";"Nublado";"Simples";"Reta";"Rural";1;0;0;0;1;0;0;1
83468230;"26/05/16";"Quinta";"22:00:00";"PR";376;"492";"PONTA GROSSA";"Velocidade incompatível";"Colisão com objeto fixo";"Sem Vítimas";"Plena noite";"Crescente";"Chuva";"Dupla";"Reta";"Urbano";1;0;0;0;1;0;0;1
83468231;"27/05/16";"Sexta";"01:20:00";"RS";392;"5,7";"RIO GRANDE";"Velocidade incompatível";"Capotamento";"Sem Vítimas";"Plena noite";"Crescente";"Nublado";"Simples";"Curva";"Urbano";1;0;0;0;1;0;0;1