"id";"data_inversa";"dia_semana";"horario";"uf";"br";"km";"municipio";"causa_acidente";"tipo_acidente";"classificacao_acidente";"fase_dia";"sentido_via";"condicao_metereologica";"tipo_pista";"tracado_via";"uso_solo";"pessoas";"mortos";"feridos_leves";"feridos_graves";"ilesos";"ignorados";"feridos";"veiculos"
83468464;"27/05/16";"Sexta";"17:00:00";"ES";262;"28,7";"VIANA";"Não guardar distância de segurança";"Colisão traseira";"Sem Vítimas";"Pleno dia";"Crescente";"Ceu Claro";"Simples";"Curva";"Urbano";3;0;0;0;3;0;0;3
83468465;"27/05/16";"Sexta";"18:15:00";"SC";470;"277,8";"BRUNOPOLIS";"Falta de atenção";"Colisão Transversal";"Com Vítimas Fatais";"Plena noite";"Crescente";"Ceu Claro";"Simples";"Reta";"Urbano";3;1;1;0;1;0;1;2
83468466;"25/05/16";"Quarta";"04:15:00";"SC";282;"291,6";"SAO JOSE DO CERRITO";"Dormindo";"Colisão frontal";"Com Vítimas Feridas";"Plena noite";"Decrescente";"Nublado";"Simples";"Reta";"Urbano";2;0;0;1;1;0;1;2
83468467;"27/05/16";"Sexta";"19:30:00";"MS";163;"668,3";"RIO VERDE DE MATO GROSSO";"Velocidade incompatível";"Saída de Pista";"Sem Vítimas";"Plena noite";"Decrescente";"Chuva";"Simples";"Curva";"Rural";1;0;0;0;1;0;0;1
83468468;"27/05/16";"Sexta";"17:00:00";"RJ";101;"59";"CAMPOS DOS GOYTACAZES";"Falta de atenção";"Colisão Transversal";"Com Vítimas Feridas";"Pleno dia";"Decrescente";"Ceu Claro";"Simples";"Reta";"Urbano";2;0;1;0;1;0;1;2
83468469;"05/01/16";"Terça";"16:20:00";"MG";116;"736,5";"LARANJAL";"Velocidade incompatível";"Queda de motocicleta / bicicleta / veículo";"Com Vítimas Feridas";"Pleno dia";"Crescente";"Ceu Claro";"Simples";"Curva";"Urbano";1;0;1;0;0;0;1;1
83468471;"27/05/16";"Sexta";"16:20:00";"PR";277;"130";"BALSA NOVA";"Outras";"Colisão com objeto fixo";"Com Vítimas Feridas";"Pleno dia";"Decrescente";"Chuva";"Simples";"Curva";"Rural";1;0;1;0;0;0;1;1
83468472;"27/05/16";"Sexta";"15:02:00";"PR";277;"130";"BALSA NOVA";"Velocidade incompatível";"Saída de Pista";"Com Vítimas Feridas";"Pleno dia";"Decrescente";"Chuva";"Dupla";"Reta";"Rural";2;0;1;0;1;0;1;1
83468473;"27/05/16";"Sexta";"19:00:00";"ES";101;"457";"MIMOSO DO SUL";"Defeito na via";"Saída de Pista";"Sem Vítimas";"Plena noite";"Crescente";"Ceu Claro";"Simples";"Reta";"Rural";1;0;0;0;1;0;0;1
83468474;"27/05/16";"Sexta";"18:30:00";"GO";40;"13,8";"LUZIANIA";"Falta de atenção";"Colisão traseira";"Sem Vítimas";"Anoitecer";"Crescente";"Ceu Claro";"Dupla";"Reta";"Urbano";2;0;0;0;2;0;0;2
83468475;"27/05/16";"Sexta";"19:50:00";"MS";262;"491";"ANASTACIO";"Animais na Pista";"Atropelamento de animal";"Com Vítimas Feridas";"Plena noite";"Crescente";"Ignorada";"Simples";"Reta";"Rural";2;0;1;0;1;0;1;1
83468476;"27/05/16";"Sexta";"21:00:00";"RS";285;"199,9";"LAGOA VERMELHA";"Ingestão de álcool";"Colisão Transversal";"Com Vítimas Feridas";"Plena noite";"Decrescente";"Ceu Claro";"Simples";"Cruzamento";"Urbano";2;0;1;0;1;0;1;2
83468477;"27/05/16";"Sexta";"17:50:00";"MT";163;"946";"NOVA SANTA HELENA";"Defeito na via";"Queda de motocicleta / bicicleta / veículo";"Com Vítimas Feridas";"Plena noite";"Crescente";"Ceu Claro";"Simples";"Reta";"Rural";1;0;1;0;0;0;1;1
83468478;"27/05/16";"Sexta";"22:50:00";"RJ";40;"124";"DUQUE DE CAXIAS";"Não guardar distância de segurança";"Colisão traseira";"Com Vítimas Feridas";"Plena noite";"Decrescente";"Ceu Claro";"Dupla";"Reta";"Urbano";3;0;1;0;2;0;1;2
83468479;"27/05/16";"Sexta";"21:00:00";"MT";70;"514";"VARZEA GRANDE";"Falta de atenção";"Colisão Transversal";"Com Vítimas Feridas";"Plena noite";"Decrescente";"Ceu Claro";"Simples";"Cruzamento";"Rural";3;0;1;0;2;0;1;2
83468480;"27/05/16";"Sexta";"14:05:00";"PR";116;"9";"CAMPINA GRANDE DO SUL";"Velocidade incompatível";"Capotamento";"Sem Vítimas";"Pleno dia";"Crescente";"Chuva";"Dupla";"Curva";"Rural";1;0;0;0;1;0;0;1
83468481;"27/05/16";"Sexta";"23:00:00";"RJ";40;"73";"PETROPOLIS";"Outras";"Colisão lateral";"Sem Vítimas";"Plena noite";"Crescente";"Nublado";"Simples";"Reta";"Rural";2;0;0;0;2;0;0;2
83468482;"27/05/16";"Sexta";"21:30:00";"SC";101;"135";"BALNEARIO CAMBORIU";"Outras";"Colisão lateral";"Sem Vítimas";"Plena noite";"Crescente";"Chuva";"Dupla";"Reta";"Urbano";2;0;0;0;1;1;0;2
83468483;"27/05/16";"Sexta";"18:15:00";"BA";116;"710,9";"MANOEL VITORINO";"Outras";"Colisão frontal";"Com Vítimas Fatais";"Anoitecer";"Decrescente";"Ceu Claro";"Simples";"Reta";"Rural";3;2;0;0;1;0;0;2
83468484;"27/05/16";"Sexta";"23:05:00";"PR";376;"665,5";"GUARATUBA";"Outras";"Saída de Pista";"Sem Vítimas";"Plena noite";"Crescente";"Chuva";"Dupla";"Curva";"Rural";1;0;0;0;1;0;0;1
83468485;"27/05/16";"Sexta";"20:40:00";"MG";381;"920";"CAMANDUCAIA";"Velocidade incompatível";"Saída de Pista";"Com Vítimas Feridas";"Plena noite";"Crescente";"Ceu Claro";"Múltipla";"Curva";"Rural";2;0;0;1;1;0;1;2
83468486;"27/05/16";"Sexta";"14:40:00";"RS";116;"525";"PELOTAS";"Falta de atenção";"Colisão traseira";"Sem Vítimas";"Pleno dia";"Decrescente";"Nublado";"Simples";"Reta";"Urbano";2;0;0;0;2;0;0;2
83468487;"27/05/16";"Sexta";"19:30:00";"MT";163;"666";"LUCAS DO RIO VERDE";"Outras";"Saída de Pista";"Sem Vítimas";"Plena noite";"Crescente";"Ceu Claro";"Simples";"Reta";"Rural";4;0;0;0;4;0;0;1
83468488;"27/05/16";"Sexta";"23:45:00";"SC";101;"212,3";"PALHOCA";"Falta de atenção";"Colisão traseira";"Com Vítimas Feridas";"Plena noite";"Crescente";"Nublado";"Simples";"Reta";"Urbano";2;0;1;0;0;1;1;2
83468489;"27/05/16";"Sexta";"19:20:00";"ES";101;"200";"JOAO NEIVA";"Falta de atenção";"Tombamento";"Com Vítimas Feridas";"Plena noite";"Crescente";"Ceu Claro";"Simples";"Reta";"Urbano";2;0;1;0;1;0;1;2
83468490;"27/05/16";"Sexta";"23:20:00";"SC";470;"0,8";"GASPAR";"Falta de atenção";"Colisão Transversal";"Com Vítimas Feridas";"Plena noite";"Decrescente";"Nublado";"Simples";"Reta";"Urbano";2;0;0;1;1;0;1;2
83468491;"27/05/16";"Sexta";"18:15:00";"CE";116;"5";"FORTALEZA";"Não guardar distância de segurança";"Colisão traseira";"Com Vítimas Feridas";"Plena noite";"Crescente";"Ceu Claro";"Múltipla";"Reta";"Urbano";2;0;1;0;1;0;1;2
83468492;"27/05/16";"Sexta";"11:10:00";"SC";282;"5";"SAO JOSE";"Outras";"Colisão traseira";"Sem Vítimas";"Pleno dia";"Crescente";"Nublado";"Dupla";"Reta";"Urbano";3;0;0;0;2;1;0;2
83468493;"27/05/16";"Sexta";"16:25:00";"RJ";116;"223,6";"PIRAI";"Outras";"Tombamento";"Sem Vítimas";"Pleno dia";"Decrescente";"Ceu Claro";"Simples";"Curva";"Rural";1;0;0;0;1;0;0;1
83468494;"27/05/16";"Sexta";"15:20:00";"MG";262;"42,9";"MANHUACU";"Dormindo";"Colisão lateral";"Com Vítimas Feridas";"Pleno dia";"Decrescente";"Ceu Claro";"Simples";"Curva";"Rural";10;0;5;1;4;0;6;6
83468495;"20/05/16";"Sexta";"05:00:00";"TO";153;"150";"ARAGUAINA";"Outras";"Saída de Pista";"Com Vítimas Feridas";"Plena noite";"Decrescente";"Chuva";"Simples";"Reta";"Rural";1;0;1;0;0;0;1;1
83468496;"27/05/16";"Sexta";"18:30:00";"PR";277;"685";"SAO MIGUEL DO IGUACU";"Velocidade incompatível";"Capotamento";"Sem Vítimas";"Plena noite";"Crescente";"Nublado";"Dupla";"Curva";"Rural";1;0;0;0;1;0;0;1
83468497;"27/05/16";"Sexta";"17:20:00";"SE";101;"91";"NOSSA SENHORA DO SOCORRO";"Desobediência à sinalização";"Colisão Transversal";"Com Vítimas Feridas";"Anoitecer";"Crescente";"Nublado";"Dupla";"Reta";"Urbano";2;0;2;0;0;0;2;2
83468498;"28/05/16";"Sábado";"01:00:00";"MG";365;"166";"BURITIZEIRO";"Falta de atenção";"Colisão com bicicleta";"Com Vítimas Feridas";"Plena noite";"Decrescente";"Ceu Claro";"Simples";"Reta";"Rural";2;0;0;1;0;1;1;2
83468499;"24/05/16";"Terça";"11:10:00";"PA";316;"34";"BENEVIDES";"Falta de atenção";"Colisão traseira";"Com Vítimas Feridas";"Pleno dia";"Crescente";"Ceu Claro";"Dupla";"Curva";"Rural";3;0;1;0;2;0;1;3
83468500;"28/05/16";"Sábado";"01:50:00";"ES";262;"156,8";"IBATIBA";"Ultrapassagem indevida";"Colisão frontal";"Com Vítimas Feridas";"Plena noite";"Crescente";"Ceu Claro";"Simples";"Reta";"Urbano";2;0;0;2;0;0;2;2
83468501;"28/05/16";"Sábado";"01:10:00";"RS";116;"151,8";"CAXIAS DO SUL";"Ingestão de álcool";"Capotamento";"Ignorado";"Plena noite";"Decrescente";"Ceu Claro";"Dupla";"Curva";"Urbano";1;0;0;0;0;1;0;1
83468502;"27/05/16";"Sexta";"18:10:00";"BA";116;"425";"FEIRA DE SANTANA";"Não guardar distância de segurança";"Colisão traseira";"Sem Vítimas";"Plena noite";"Decrescente";"Ceu Claro";"Simples";"Reta";"Urbano";3;0;0;0;3;0;0;2
83468503;"28/05/16";"Sábado";"00:10:00";"RS";116;"219";"DOIS IRMAOS";"Falta de atenção";"Capotamento";"Com Vítimas Feridas";"Plena noite";"Crescente";"Nevoeiro/neblina";"Simples";"Reta";"Rural";1;0;1;0;0;0;1;1
83468504;"27/05/16";"Sexta";"19:35:00";"MG";40;"478,6";"SETE LAGOAS";"Desobediência à sinalização";"Colisão traseira";"Com Vítimas Feridas";"Plena noite";"Decrescente";"Ceu Claro";"Dupla";"Reta";"Rural";3;0;2;0;1;0;2;2
83468505;"27/05/16";"Sexta";"16:30:00";"MG";116;"275,6";"TEOFILO OTONI";"Desobediência à sinalização";"Colisão Transversal";"Com Vítimas Feridas";"Pleno dia";"Decrescente";"Ceu Claro";"Simples";"Reta";"Urbano";2;0;0;1;1;0;1;2
83468506;"24/05/16";"Terça";"09:45:00";"MS";262;"144,5";"AGUA CLARA";"Falta de atenção";"Colisão traseira";"Sem Vítimas";"Pleno dia";"Decrescente";"Ceu Claro";"Simples";"Reta";"Rural";2;0;0;0;2;0;0;2
83468507;"28/05/16";"Sábado";"01:45:00";"RJ";101;"58";"CAMPOS DOS GOYTACAZES";"Falta de atenção";"Colisão lateral";"Com Vítimas Feridas";"Plena noite";"Decrescente";"Ceu Claro";"Simples";"Reta";"Rural";2;0;1;0;1;0;1;2
83468508;"22/05/16";"Domingo";"00:10:00";"SC";101;"90,8";"BARRA VELHA";"Velocidade incompatível";"Colisão com objeto fixo";"Com Vítimas Feridas";"Plena noite";"Decrescente";"Nublado";"Simples";"Reta";"Urbano";2;0;1;1;0;0;2;1
83468509;"28/05/16";"Sábado";"00:45:00";"SC";101;"413,2";"ARARANGUA";"Falta de atenção";"Capotamento";"Sem Vítimas";"Plena noite";"Crescente";"Nublado";"Simples";"Reta";"Urbano";1;0;0;0;1;0;0;1
83468510;"27/05/16";"Sexta";"15:15:00";"BA";116;"574";"NOVA ITARANA";"Dormindo";"Atropelamento de pessoa";"Com Vítimas Feridas";"Pleno dia";"Decrescente";"Sol";"Múltipla";"Reta";"Urbano";5;0;0;2;3;0;2;1
83468511;"28/05/16";"Sábado";"05:00:00";"MG";116;"761,3";"LEOPOLDINA";"Animais na Pista";"Atropelamento de animal";"Sem Vítimas";"Plena noite";"Crescente";"Ceu Claro";"Simples";"Reta";"Rural";1;0;0;0;1;0;0;1
83468512;"28/05/16";"Sábado";"04:30:00";"SC";282;"645,4";"SAO MIGUEL DOESTE";"Ingestão de álcool";"Colisão Transversal";"Sem Vítimas";"Plena noite";"Decrescente";"Nublado";"Simples";"Cruzamento";"Urbano";2;0;0;0;2;0;0;2
83468513;"27/05/16";"Sexta";"19:55:00";"MS";158;"128,8";"APARECIDA DO TABOADO";"Defeito na via";"Colisão lateral";"Com Vítimas Feridas";"Plena noite";"Crescente";"Ceu Claro";"Simples";"Reta";"Rural";2;0;1;0;1;0;1;2
83468514;"28/05/16";"Sábado";"03:40:00";"SP";153;"2";"ICEM";"Outras";"Colisão com objeto fixo";"Com Vítimas Feridas";"Plena noite";"Crescente";"Ceu Claro";"Simples";"Reta";"Rural";1;0;1;0;0;0;1;1
83468515;"27/05/16";"Sexta";"21:00:00";"PE";423;"93";"GARANHUNS";"Ingestão de álcool";"Tombamento";"Com Vítimas Feridas";"Plena noite";"Crescente";"Ceu Claro";"Dupla";"Cruzamento";"Urbano";4;0;4;0;0;0;4;1
83468516;"28/05/16";"Sábado";"03:58:00";"SC";470;"0,8";"GASPAR";"Desobediência à sinalização";"Colisão Transversal";"Com Vítimas Fatais";"Plena noite";"Decrescente";"Chuva";"Simples";"Reta";"Urbano";2;1;0;0;0;1;0;2
83468517;"27/05/16";"Sexta";"18:40:00";"RS";293;"37,2";"CAPAO DO LEAO";"Ultrapassagem indevida";"Colisão frontal";"Com Vítimas Feridas";"Anoitecer";"Crescente";"Chuva";"Simples";"Reta";"Rural";4;0;1;1;2;0;2;3
83468518;"28/05/16";"Sábado";"04:15:00";"SC";480;"126,7";"CHAPECO";"Velocidade incompatível";"Saída de Pista";"Com Vítimas Feridas";"Plena noite";"Decrescente";"Nublado";"Simples";"Reta";"Urbano";1;0;1;0;0;0;1;1
83468519;"24/05/16";"Terça";"14:40:00";"BA";110;"373";"CATU";"Outras";"Colisão Transversal";"Com Vítimas Feridas";"Pleno dia";"Decrescente";"Nublado";"Dupla";"Curva";"Rural";4;0;4;0;0;0;4;2
83468520;"28/05/16";"Sábado";"05:30:00";"RS";386;"195";"SANTO ANTONIO DO PLANALTO";"Outras";"Tombamento";"Com Vítimas Feridas";"Plena noite";"Crescente";"Ceu Claro";"Simples";"Reta";"Rural";1;0;0;1;0;0;1;1
83468521;"28/05/16";"Sábado";"05:30:00";"MG";50;"23";"ARAGUARI";"Ingestão de álcool";"Colisão traseira";"Com Vítimas Feridas";"Amanhecer";"Decrescente";"Ceu Claro";"Dupla";"Reta";"Rural";3;0;1;0;2;0;1;2
83468522;"24/05/16";"Terça";"17:00:00";"PR";369;"167,5";"ROLANDIA";"Falta de atenção";"Tombamento";"Sem Vítimas";"Pleno dia";"Decrescente";"Ceu Claro";"Simples";"Curva";"Rural";1;0;0;0;1;0;0;1
83468523;"28/05/16";"Sábado";"05:30:00";"PR";376;"169,5";"MARINGA";"Dormindo";"Saída de Pista";"Com Vítimas Feridas";"Plena noite";"Decrescente";"Ceu Claro";"Dupla";"Reta";"Rural";2;0;2;0;0;0;2;1
83468524;"27/05/16";"Sexta";"04:00:00";"MG";135;"403";"BOCAIUVA";"Ingestão de álcool";"Colisão frontal";"Sem Vítimas";"Plena noite";"Crescente";"Ceu Claro";"Simples";"Curva";"Rural";2;0;0;0;2;0;0;2
83468525;"27/05/16";"Sexta";"12:00:00";"PR";476;"133";"CURITIBA";"Não guardar distância de segurança";"Colisão traseira";"Sem Vítimas";"Pleno dia";"Crescente";"Nublado";"Múltipla";"Reta";"Urbano";2;0;0;0;2;0;0;2
83468526;"28/05/16";"Sábado";"06:00:00";"PA";230;"624";"ALTAMIRA";"Animais na Pista";"Atropelamento de animal";"Sem Vítimas";"Amanhecer";"Decrescente";"Nublado";"Simples";"Reta";"Rural";2;0;0;0;2;0;0;2
83468528;"24/05/16";"Terça";"20:00:00";"RS";116;"325";"BARRA DO RIBEIRO";"Falta de atenção";"Colisão traseira";"Sem Vítimas";"Plena noite";"Decrescente";"Ceu Claro";"Simples";"Reta";"Rural";2;0;0;0;2;0;0;2
83468529;"28/05/16";"Sábado";"07:20:00";"MG";40;"41,5";"PARACATU";"Falta de atenção";"Colisão lateral";"Com Vítimas Feridas";"Pleno dia";"Decrescente";"Ceu Claro";"Simples";"Reta";"Urbano";2;0;1;0;1;0;1;2
83468530;"28/05/16";"Sábado";"02:50:00";"RO";364;"55";"VILHENA";"Falta de atenção";"Colisão traseira";"Sem Vítimas";"Plena noite";"Crescente";"Nublado";"Simples";"Reta";"Rural";3;0;0;0;3;0;0;3
83468531;"27/05/16";"Sexta";"22:40:00";"RO";364;"53";"VILHENA";"Ingestão de álcool";"Tombamento";"Com Vítimas Feridas";"Plena noite";"Crescente";"Ceu Claro";"Simples";"Reta";"Rural";1;0;1;0;0;0;1;1
83468532;"28/05/16";"Sábado";"00:01:00";"PR";277;"417";"CANTAGALO";"Outras";"Saída de Pista";"Com Vítimas Feridas";"Plena noite";"Decrescente";"Nevoeiro/neblina";"Simples";"Curva";"Rural";1;0;1;0;0;0;1;1
83468533;"24/05/16";"Terça";"22:30:00";"RS";392;"349,5";"SANTA MARIA";"Falta de atenção";"Colisão traseira";"Com Vítimas Fatais";"Plena noite";"Crescente";"Nublado";"Simples";"Reta";"Urbano";2;1;0;0;1;0;0;2
83468534;"21/05/16";"Sábado";"18:10:00";"PE";232;"406";"SERRA TALHADA";"Ingestão de álcool";"Colisão traseira";"Com Vítimas Feridas";"Plena noite";"Crescente";"Ceu Claro";"Simples";"Reta";"Urbano";3;0;1;0;2;0;1;3
83468535;"27/05/16";"Sexta";"13:00:00";"MT";163;"1085";"GUARANTA DO NORTE";"Defeito mecânico em veículo";"Incêndio";"Sem Vítimas";"Pleno dia";"Decrescente";"Ceu Claro";"Simples";"Reta";"Rural";1;0;0;0;1;0;0;1
83468536;"28/05/16";"Sábado";"05:30:00";"MS";60;"654,7";"BELA VISTA";"Animais na Pista";"Atropelamento de animal";"Sem Vítimas";"Plena noite";"Decrescente";"Nevoeiro/neblina";"Simples";"Reta";"Rural";1;0;0;0;1;0;0;1
83468537;"26/05/16";"Quinta";"22:30:00";"PR";376;"314";"MAUA DA SERRA";"Dormindo";"Saída de Pista";"Sem Vítimas";"Plena noite";"Decrescente";"Chuva";"Simples";"Curva";"Rural";1;0;0;0;1;0;0;1
83468538;"26/05/16";"Quinta";"05:10:00";"MG";153;"78";"PRATA";"Velocidade incompatível";"Capotamento";"Com Vítimas Feridas";"Plena noite";"Decrescente";"Nublado";"Simples";"Curva";"Rural";1;0;0;1;0;0;1;1
83468539;"24/05/16";"Terça";"17:20:00";"SC";470;"39,5";"GASPAR";"Falta de atenção";"Colisão Transversal";"Com Vítimas Feridas";"Pleno dia";"Decrescente";"Nublado";"Simples";"Reta";"Rural";2;0;1;0;1;0;1;2
83468540;"28/05/16";"Sábado";"00:10:00";"SP";116;"190,1";"SANTA ISABEL";"Falta de atenção";"Colisão lateral";"Com Vítimas Feridas";"Plena noite";"Decrescente";"Ceu Claro";"Dupla";"Reta";"Rural";2;0;1;0;1;0;1;2
83468541;"25/05/16";"Quarta";"07:00:00";"MG";50;"79";"UBERLANDIA";"Dormindo";"Saída de Pista";"Com Vítimas Feridas";"Amanhecer";"Crescente";"Ceu Claro";"Dupla";"Reta";"Rural";1;0;1;0;0;0;1;1
83468542;"05/05/16";"Quinta";"06:23:00";"SC";470;"9";"NAVEGANTES";"Outras";"Colisão Transversal";"Com Vítimas Feridas";"Amanhecer";"Decrescente";"Ignorada";"Simples";"Reta";"Rural";2;0;0;1;0;1;1;2
83468543;"20/05/16";"Sexta";"21:00:00";"SC";282;"50,1";"AGUAS MORNAS";"Velocidade incompatível";"Saída de Pista";"Sem Vítimas";"Plena noite";"Decrescente";"Chuva";"Simples";"Curva";"Rural";1;0;0;0;1;0;0;1
83468544;"27/05/16";"Sexta";"06:20:00";"TO";153;"491,4";"PARAISO DO TOCANTINS";"Falta de atenção";"Atropelamento de pessoa";"Com Vítimas Fatais";"Amanhecer";"Decrescente";"Ceu Claro";"Simples";"Reta";"Urbano";3;1;2;0;0;0;2;1
83468545;"24/05/16";"Terça";"15:45:00";"MG";50;"158";"UBERABA";"Não guardar distância de segurança";"Saída de Pista";"Com Vítimas Feridas";"Pleno dia";"Crescente";"Sol";"Dupla";"Curva";"Rural";2;0;1;0;1;0;1;1
83468546;"26/05/16";"Quinta";"15:30:00";"BA";324;"606,4";"SIMOES FILHO";"Defeito mecânico em veículo";"Colisão com objeto fixo";"Sem Vítimas";"Pleno dia";"Crescente";"Ceu Claro";"Simples";"Reta";"Rural";1;0;0;0;1;0;0;1
83468548;"27/05/16";"Sexta";"21:00:00";"BA";116;"817";"VITORIA DA CONQUISTA";"Ingestão de álcool";"Colisão com bicicleta";"Com Vítimas Feridas";"Plena noite";"Decrescente";"Nublado";"Simples";"Reta";"Rural";2;0;1;0;0;1;1;2
83468549;"16/05/16";"Segunda";"18:00:00";"RJ";101;"416,5";"MANGARATIBA";"Desobediência à sinalização";"Colisão traseira";"Com Vítimas Feridas";"Plena noite";"Crescente";"Ceu Claro";"Simples";"Curva";"Urbano";2;0;0;1;1;0;1;2
83468550;"28/05/16";"Sábado";"07:00:00";"RJ";40;"47";"PETROPOLIS";"Outras";"Colisão lateral";"Sem Vítimas";"Pleno dia";"Crescente";"Nublado";"Dupla";"Reta";"Rural";2;0;0;0;2;0;0;2
83468551;"19/05/16";"Quinta";"19:50:00";"TO";153;"142";"ARAGUAINA";"Falta de atenção";"Colisão lateral";"Com Vítimas Feridas";"Anoitecer";"Crescente";"Ceu Claro";"Múltipla";"Reta";"Urbano";2;0;1;0;1;0;1;2
83468553;"17/05/16";"Terça";"22:30:00";"SP";116;"389";"MIRACATU";"Falta de atenção";"Colisão traseira";"Sem Vítimas";"Plena noite";"Decrescente";"Ceu Claro";"Dupla";"Reta";"Urbano";2;0;0;0;2;0;0;2
83468554;"24/05/16";"Terça";"18:35:00";"ES";101;"167,5";"LINHARES";"Falta de atenção";"Colisão traseira";"Com Vítimas Feridas";"Plena noite";"Decrescente";"Ceu Claro";"Simples";"Reta";"Rural";3;0;1;1;0;1;2;2
83468555;"25/05/16";"Quarta";"05:30:00";"PR";373;"258,7";"PRUDENTOPOLIS";"Outras";"Colisão lateral";"Com Vítimas Feridas";"Plena noite";"Decrescente";"Nublado";"Simples";"Curva";"Rural";2;0;1;0;1;0;1;2
83468556;"21/05/16";"Sábado";"05:45:00";"SC";282;"245,3";"LAGES";"Desobediência à sinalização";"Colisão traseira";"Ignorado";"Amanhecer";"Crescente";"Nevoeiro/neblina";"Simples";"Reta";"Urbano";3;0;0;0;0;3;0;3
83468557;"28/05/16";"Sábado";"06:40:00";"SP";116;"190";"SANTA ISABEL";"Dormindo";"Colisão com objeto fixo";"Sem Vítimas";"Pleno dia";"Crescente";"Ceu Claro";"Dupla";"Reta";"Rural";2;0;0;0;2;0;0;2
83468558;"26/05/16";"Quinta";"20:00:00";"DF";60;"3";"BRASILIA";"Velocidade incompatível";"Capotamento";"Com Vítimas Feridas";"Plena noite";"Decrescente";"Ceu Claro";"Dupla";"Reta";"Urbano";2;0;2;0;0;0;2;1
83468559;"28/05/16";"Sábado";"07:45:00";"RN";427;"96,5";"CAICO";"Desobediência à sinalização";"Colisão traseira";"Com Vítimas Feridas";"Pleno dia";"Decrescente";"Ceu Claro";"Simples";"Curva";"Rural";2;0;0;1;0;1;1;2
83468560;"28/05/16";"Sábado";"07:05:00";"SC";101;"175";"BIGUACU";"Ingestão de álcool";"Saída de Pista";"Sem Vítimas";"Pleno dia";"Decrescente";"Nublado";"Dupla";"Reta";"Rural";1;0;0;0;1;0;0;1
83468562;"24/05/16";"Terça";"23:10:00";"PR";116;"17";"ANTONINA";"Velocidade incompatível";"Saída de Pista";"Com Vítimas Feridas";"Plena noite";"Decrescente";"Chuva";"Dupla";"Reta";"Rural";1;0;1;0;0;0;1;1
83468563;"28/05/16";"Sábado";"08:30:00";"SP";116;"565,1";"BARRA DO TURVO";"Velocidade incompatível";"Colisão com objeto fixo";"Sem Vítimas";"Pleno dia";"Crescente";"Chuva";"Simples";"Curva";"Rural";1;0;0;0;1;0;0;1
83468564;"24/05/16";"Terça";"19:00:00";"SC";101;"205";"SAO JOSE";"Outras";"Colisão lateral";"Com Vítimas Feridas";"Plena noite";"Decrescente";"Nublado";"Múltipla";"Reta";"Urbano";2;0;0;1;1;0;1;2
83468565;"28/05/16";"Sábado";"06:00:00";"RR";401;"5";"CANTA";"Ingestão de álcool";"Colisão lateral";"Sem Vítimas";"Amanhecer";"Decrescente";"Ceu Claro";"Simples";"Reta";"Rural";3;0;0;0;3;0;0;2
83468566;"27/05/16";"Sexta";"23:00:00";"MG";381;"580";"CARMOPOLIS DE MINAS";"Outras";"Danos Eventuais";"Sem Vítimas";"Plena noite";"Decrescente";"Ceu Claro";"Dupla";"Reta";"Rural";1;0;0;0;1;0;0;1
83468567;"26/05/16";"Quinta";"19:30:00";"PE";408;"74,1";"PAUDALHO";"Falta de atenção";"Atropelamento de pessoa";"Com Vítimas Fatais";"Plena noite";"Decrescente";"Ceu Claro";"Dupla";"Reta";"Urbano";2;1;0;0;0;1;0;1
83468568;"28/05/16";"Sábado";"01:20:00";"MG";262;"355,6";"BETIM";"Outras";"Colisão com objeto fixo";"Ignorado";"Plena noite";"Crescente";"Nublado";"Dupla";"Reta";"Urbano";1;0;0;0;0;1;0;1
83468570;"12/05/16";"Quinta";"07:35:00";"MT";163;"837";"SINOP";"Desobediência à sinalização";"Colisão Transversal";"Com Vítimas Feridas";"Pleno dia";"Crescente";"Ceu Claro";"Simples";"Reta";"Urbano";2;0;1;0;1;0;1;2
83468571;"28/05/16";"Sábado";"10:00:00";"RS";290;"95";"PORTO ALEGRE";"Falta de atenção";"Colisão com objeto fixo";"Com Vítimas Feridas";"Pleno dia";"Decrescente";"Nublado";"Múltipla";"Reta";"Urbano";1;0;1;0;0;0;1;1
83468572;"27/05/16";"Sexta";"20:01:00";"SP";116;"59,5";"GUARATINGUETA";"Falta de atenção";"Colisão lateral";"Com Vítimas Feridas";"Plena noite";"Decrescente";"Ceu Claro";"Dupla";"Reta";"Rural";3;0;2;0;1;0;2;2
83468573;"05/05/16";"Quinta";"06:30:00";"RJ";116;"301";"RESENDE";"Outras";"Colisão com objeto fixo";"Sem Vítimas";"Amanhecer";"Decrescente";"Ceu Claro";"Dupla";"Reta";"Rural";1;0;0;0;1;0;0;1
83468574;"08/05/16";"Domingo";"06:30:00";"MG";381;"492,8";"BETIM";"Ingestão de álcool";"Tombamento";"Com Vítimas Feridas";"Amanhecer";"Decrescente";"Ceu Claro";"Dupla";"Reta";"Urbano";1;0;1;0;0;0;1;1
83468575;"28/05/16";"Sábado";"08:50:00";"MG";40;"510,4";"CONTAGEM";"Falta de atenção";"Saída de Pista";"Sem Vítimas";"Pleno dia";"Crescente";"Ceu Claro";"Dupla";"Reta";"Rural";2;0;0;0;2;0;0;1