"id";"data_inversa";"dia_semana";"horario";"uf";"br";"km";"municipio";"causa_acidente";"tipo_acidente";"classificacao_acidente";"fase_dia";"sentido_via";"condicao_metereologica";"tipo_pista";"tracado_via";"uso_solo";"pessoas";"mortos";"feridos_leves";"feridos_graves";"ilesos";"ignorados";"feridos";"veiculos"
83468808;"29/05/16";"Domingo";"08:15:00";"SC";101;"116";"ITAJAI";"Outras";"Saída de Pista";"Sem Vítimas";"Pleno dia";"Crescente";"Chuva";"Simples";"Reta";"Urbano";1;0;0;0;1;0;0;1
83468809;"26/05/16";"Quinta";"01:30:00";"PR";277;"454";"LARANJEIRAS DO SUL";"Outras";"Colisão com objeto fixo";"Sem Vítimas";"Plena noite";"Decrescente";"Nublado";"Simples";"Cruzamento";"Urbano";1;0;0;0;1;0;0;1
83468810;"22/05/16";"Domingo";"05:40:00";"SP";116;"211";"GUARULHOS";"Não guardar distância de segurança";"Colisão traseira";"Com Vítimas Feridas";"Amanhecer";"Decrescente";"Ceu Claro";"Múltipla";"Reta";"Urbano";3;0;2;0;0;1;2;2
83468811;"29/05/16";"Domingo";"09:25:00";"PR";376;"115,9";"ALTO PARANA";"Dormindo";"Saída de Pista";"Com Vítimas Feridas";"Pleno dia";"Decrescente";"Nublado";"Simples";"Reta";"Rural";1;0;1;0;0;0;1;1
83468812;"28/05/16";"Sábado";"04:40:00";"MT";70;"1";"BARRA DO GARCAS";"Desobediência à sinalização";"Colisão Transversal";"Com Vítimas Feridas";"Plena noite";"Crescente";"Ceu Claro";"Simples";"Reta";"Urbano";3;0;1;2;0;0;3;2
83468813;"26/05/16";"Quinta";"05:15:00";"RJ";101;"293";"RIO BONITO";"Outras";"Queda de motocicleta / bicicleta / veículo";"Com Vítimas Feridas";"Plena noite";"Decrescente";"Ignorada";"Dupla";"Curva";"Rural";2;0;2;0;0;0;2;1
83468814;"25/05/16";"Quarta";"20:40:00";"SP";116;"122,5";"CACAPAVA";"Ingestão de álcool";"Colisão traseira";"Com Vítimas Feridas";"Plena noite";"Decrescente";"Ceu Claro";"Dupla";"Reta";"Urbano";2;0;1;0;1;0;1;2
83468815;"25/05/16";"Quarta";"14:50:00";"PR";476;"138";"CURITIBA";"Outras";"Colisão com objeto fixo";"Ignorado";"Pleno dia";"Decrescente";"Ceu Claro";"Múltipla";"Reta";"Urbano";1;0;0;0;0;1;0;1
83468816;"25/05/16";"Quarta";"18:45:00";"MG";40;"109,1";"LAGOA GRANDE";"Falta de atenção";"Colisão Transversal";"Sem Vítimas";"Anoitecer";"Decrescente";"Ignorada";"Simples";"Reta";"Urbano";2;0;0;0;1;1;0;2
83468817;"05/05/16";"Quinta";"22:30:00";"MG";267;"122,6";"JUIZ DE FORA";"Animais na Pista";"Atropelamento de animal";"Sem Vítimas";"Plena noite";"Crescente";"Nublado";"Simples";"Reta";"Urbano";1;0;0;0;1;0;0;1
83468818;"21/05/16";"Sábado";"15:20:00";"GO";452;"132";"BOM JESUS DE GOIAS";"Falta de atenção";"Colisão frontal";"Com Vítimas Fatais";"Pleno dia";"Decrescente";"Ceu Claro";"Simples";"Reta";"Urbano";2;1;0;0;1;0;0;2
83468819;"29/05/16";"Domingo";"08:00:00";"PE";232;"9";"JABOATAO DOS GUARARAPES";"Outras";"Colisão lateral";"Com Vítimas Feridas";"Pleno dia";"Decrescente";"Chuva";"Dupla";"Reta";"Urbano";2;0;1;0;1;0;1;2
83468820;"24/05/16";"Terça";"16:10:00";"MG";262;"101,4";"ABRE CAMPO";"Dormindo";"Saída de Pista";"Com Vítimas Feridas";"Pleno dia";"Decrescente";"Ceu Claro";"Simples";"Curva";"Rural";11;0;4;3;4;0;7;1
83468821;"22/05/16";"Domingo";"01:30:00";"MG";40;"524";"CONTAGEM";"Dormindo";"Saída de Pista";"Sem Vítimas";"Plena noite";"Crescente";"Ignorada";"Dupla";"Reta";"Urbano";1;0;0;0;1;0;0;1
83468822;"29/05/16";"Domingo";"07:40:00";"MT";364;"247";"JUSCIMEIRA";"Desobediência à sinalização";"Colisão frontal";"Com Vítimas Feridas";"Pleno dia";"Crescente";"Nublado";"Simples";"Reta";"Rural";4;0;2;0;2;0;2;3
83468823;"25/05/16";"Quarta";"23:30:00";"PR";277;"76";"SAO JOSE DOS PINHAIS";"Outras";"Colisão traseira";"Com Vítimas Feridas";"Plena noite";"Crescente";"Chuva";"Dupla";"Reta";"Urbano";3;0;0;1;2;0;1;3
83468824;"29/05/16";"Domingo";"09:30:00";"SP";116;"516";"CAJATI";"Falta de atenção";"Colisão traseira";"Com Vítimas Feridas";"Pleno dia";"Decrescente";"Chuva";"Dupla";"Reta";"Rural";3;0;1;0;2;0;1;2
83468825;"29/05/16";"Domingo";"09:50:00";"SC";116;"4,1";"MAFRA";"Ingestão de álcool";"Colisão traseira";"Sem Vítimas";"Pleno dia";"Crescente";"Chuva";"Simples";"Reta";"Urbano";2;0;0;0;2;0;0;2
83468827;"29/05/16";"Domingo";"09:00:00";"MS";463;"60,2";"PONTA PORA";"Dormindo";"Saída de Pista";"Sem Vítimas";"Pleno dia";"Crescente";"Ceu Claro";"Simples";"Reta";"Rural";1;0;0;0;1;0;0;1
83468828;"25/05/16";"Quarta";"20:30:00";"SP";116;"223,4";"GUARULHOS";"Dormindo";"Colisão lateral";"Sem Vítimas";"Pleno dia";"Crescente";"Ceu Claro";"Múltipla";"Reta";"Urbano";2;0;0;0;2;0;0;2
83468829;"21/05/16";"Sábado";"13:00:00";"MG";40;"530";"BELO HORIZONTE";"Outras";"Queda de motocicleta / bicicleta / veículo";"Com Vítimas Feridas";"Pleno dia";"Crescente";"Ceu Claro";"Dupla";"Curva";"Urbano";1;0;1;0;0;0;1;1
83468830;"26/05/16";"Quinta";"04:45:00";"PI";230;"300";"FLORIANO";"Falta de atenção";"Tombamento";"Com Vítimas Feridas";"Amanhecer";"Crescente";"Ceu Claro";"Simples";"Curva";"Rural";2;0;2;0;0;0;2;1
83468831;"29/05/16";"Domingo";"09:20:00";"PR";277;"39,5";"MORRETES";"Outras";"Colisão com objeto fixo";"Sem Vítimas";"Pleno dia";"Decrescente";"Chuva";"Dupla";"Reta";"Rural";1;0;0;0;1;0;0;1
83468832;"29/05/16";"Domingo";"08:30:00";"BA";116;"669,9";"JEQUIE";"Falta de atenção";"Colisão Transversal";"Com Vítimas Fatais";"Pleno dia";"Crescente";"Sol";"Simples";"Curva";"Rural";3;2;0;0;1;0;0;2
83468833;"29/05/16";"Domingo";"06:45:00";"PI";230;"225,5";"OEIRAS";"Dormindo";"Colisão lateral";"Sem Vítimas";"Pleno dia";"Decrescente";"Ceu Claro";"Simples";"Reta";"Rural";2;0;0;0;2;0;0;2
83468834;"28/05/16";"Sábado";"05:30:00";"SC";280;"58";"GUARAMIRIM";"Ingestão de álcool";"Capotamento";"Com Vítimas Feridas";"Pleno dia";"Decrescente";"Nublado";"Simples";"Reta";"Urbano";1;0;1;0;0;0;1;1
83468835;"29/05/16";"Domingo";"11:20:00";"SC";280;"138,5";"RIO NEGRINHO";"Não guardar distância de segurança";"Colisão traseira";"Sem Vítimas";"Pleno dia";"Decrescente";"Chuva";"Simples";"Reta";"Rural";2;0;0;0;2;0;0;2
83468836;"29/05/16";"Domingo";"09:20:00";"SP";116;"162";"JACAREI";"Outras";"Colisão com objeto fixo";"Com Vítimas Feridas";"Pleno dia";"Crescente";"Ceu Claro";"Dupla";"Reta";"Urbano";1;0;1;0;0;0;1;1
83468837;"27/05/16";"Sexta";"20:00:00";"BA";110;"2";"PAULO AFONSO";"Outras";"Saída de Pista";"Sem Vítimas";"Plena noite";"Decrescente";"Ceu Claro";"Simples";"Reta";"Rural";2;0;0;0;2;0;0;1
83468839;"28/05/16";"Sábado";"19:00:00";"RN";405;"103";"SEVERIANO MELO";"Defeito na via";"Saída de Pista";"Com Vítimas Feridas";"Plena noite";"Crescente";"Ceu Claro";"Simples";"Reta";"Rural";1;0;1;0;0;0;1;1
83468840;"25/05/16";"Quarta";"23:35:00";"PR";163;"282";"QUATRO PONTES";"Defeito na via";"Queda de motocicleta / bicicleta / veículo";"Com Vítimas Feridas";"Plena noite";"Decrescente";"Nublado";"Simples";"Reta";"Rural";1;0;1;0;0;0;1;1
83468841;"29/05/16";"Domingo";"09:23:00";"SC";101;"77";"ARAQUARI";"Falta de atenção";"Saída de Pista";"Com Vítimas Fatais";"Pleno dia";"Decrescente";"Nublado";"Dupla";"Reta";"Rural";3;1;1;1;0;0;2;1
83468842;"29/05/16";"Domingo";"09:30:00";"MG";153;"188";"FRUTAL";"Velocidade incompatível";"Saída de Pista";"Com Vítimas Feridas";"Pleno dia";"Crescente";"Chuva";"Simples";"Curva";"Rural";1;0;1;0;0;0;1;1
83468843;"29/05/16";"Domingo";"11:15:00";"MG";116;"761";"LEOPOLDINA";"Não guardar distância de segurança";"Colisão traseira";"Com Vítimas Feridas";"Pleno dia";"Decrescente";"Ceu Claro";"Simples";"Reta";"Urbano";3;0;1;0;2;0;1;2
83468844;"29/05/16";"Domingo";"10:00:00";"SP";116;"307";"SAO LOURENCO DA SERRA";"Outras";"Colisão com objeto fixo";"Com Vítimas Fatais";"Pleno dia";"Decrescente";"Ceu Claro";"Dupla";"Reta";"Rural";1;1;0;0;0;0;0;1
83468845;"02/05/16";"Segunda";"15:34:00";"MG";40;"526";"CONTAGEM";"Falta de atenção";"Colisão traseira";"Com Vítimas Feridas";"Pleno dia";"Decrescente";"Ceu Claro";"Dupla";"Reta";"Rural";2;0;1;0;1;0;1;2
83468846;"29/05/16";"Domingo";"12:20:00";"PR";376;"667";"GUARATUBA";"Velocidade incompatível";"Saída de Pista";"Com Vítimas Feridas";"Pleno dia";"Decrescente";"Chuva";"Dupla";"Curva";"Rural";3;0;1;0;2;0;1;1
83468847;"27/05/16";"Sexta";"18:15:00";"SC";280;"154,5";"MAFRA";"Velocidade incompatível";"Saída de Pista";"Com Vítimas Feridas";"Anoitecer";"Crescente";"Chuva";"Simples";"Curva";"Rural";2;0;2;0;0;0;2;1
83468848;"29/05/16";"Domingo";"10:30:00";"PR";116;"29,4";"CAMPINA GRANDE DO SUL";"Velocidade incompatível";"Colisão com objeto fixo";"Com Vítimas Feridas";"Pleno dia";"Decrescente";"Chuva";"Dupla";"Curva";"Rural";1;0;1;0;0;0;1;1
83468849;"25/05/16";"Quarta";"11:50:00";"SP";116;"137,7";"SAO JOSE DOS CAMPOS";"Defeito mecânico em veículo";"Queda de motocicleta / bicicleta / veículo";"Com Vítimas Feridas";"Pleno dia";"Crescente";"Ceu Claro";"Dupla";"Reta";"Urbano";2;0;2;0;0;0;2;1
83468850;"29/05/16";"Domingo";"13:15:00";"PR";116;"45";"CAMPINA GRANDE DO SUL";"Falta de atenção";"Colisão com objeto fixo";"Sem Vítimas";"Pleno dia";"Crescente";"Nublado";"Dupla";"Reta";"Rural";1;0;0;0;1;0;0;1
83468851;"29/05/16";"Domingo";"10:30:00";"RS";471;"141,3";"SANTA CRUZ DO SUL";"Falta de atenção";"Colisão traseira";"Com Vítimas Feridas";"Pleno dia";"Decrescente";"Chuva";"Simples";"Reta";"Urbano";4;0;2;0;2;0;2;3
83468852;"29/05/16";"Domingo";"10:50:00";"PR";376;"459";"TIBAGI";"Falta de atenção";"Saída de Pista";"Sem Vítimas";"Pleno dia";"Crescente";"Chuva";"Simples";"Curva";"Rural";1;0;0;0;1;0;0;1
83468853;"29/05/16";"Domingo";"09:40:00";"GO";80;"126,4";"BARRO ALTO";"Falta de atenção";"Colisão Transversal";"Com Vítimas Feridas";"Pleno dia";"Decrescente";"Ceu Claro";"Simples";"Reta";"Rural";7;0;2;4;1;0;6;2
83468854;"29/05/16";"Domingo";"09:40:00";"MA";135;"95,8";"ITAPECURU MIRIM";"Outras";"Saída de Pista";"Com Vítimas Feridas";"Pleno dia";"Decrescente";"Ceu Claro";"Simples";"Reta";"Rural";5;0;1;4;0;0;5;1
83468855;"29/05/16";"Domingo";"10:30:00";"PR";116;"5";"CAMPINA GRANDE DO SUL";"Velocidade incompatível";"Colisão com objeto fixo";"Com Vítimas Feridas";"Pleno dia";"Decrescente";"Chuva";"Dupla";"Curva";"Rural";2;0;1;0;1;0;1;1
83468856;"25/05/16";"Quarta";"18:10:00";"RJ";116;"298";"RESENDE";"Desobediência à sinalização";"Colisão lateral";"Com Vítimas Feridas";"Anoitecer";"Crescente";"Nublado";"Dupla";"Reta";"Urbano";3;0;2;0;1;0;2;2
83468857;"26/05/16";"Quinta";"06:10:00";"SP";381;"50,5";"ATIBAIA";"Ingestão de álcool";"Capotamento";"Sem Vítimas";"Plena noite";"Crescente";"Ceu Claro";"Dupla";"Reta";"Rural";3;0;0;0;2;1;0;3
83468858;"29/05/16";"Domingo";"10:00:00";"BA";116;"13,4";"ABARE";"Ultrapassagem indevida";"Capotamento";"Sem Vítimas";"Pleno dia";"Decrescente";"Ceu Claro";"Simples";"Curva";"Rural";2;0;0;0;1;1;0;2
83468859;"29/05/16";"Domingo";"10:10:00";"MG";381;"166";"GOVERNADOR VALADARES";"Ultrapassagem indevida";"Colisão traseira";"Sem Vítimas";"Pleno dia";"Crescente";"Ceu Claro";"Simples";"Reta";"Rural";3;0;0;0;3;0;0;3
83468860;"29/05/16";"Domingo";"13:15:00";"PR";376;"600,5";"CURITIBA";"Outras";"Capotamento";"Sem Vítimas";"Pleno dia";"Decrescente";"Chuva";"Dupla";"Curva";"Urbano";1;0;0;0;1;0;0;1
83468861;"29/05/16";"Domingo";"12:15:00";"RS";470;"257";"SALVADOR DO SUL";"Desobediência à sinalização";"Colisão Transversal";"Sem Vítimas";"Pleno dia";"Crescente";"Chuva";"Simples";"Curva";"Urbano";2;0;0;0;2;0;0;2
83468862;"29/05/16";"Domingo";"12:40:00";"PE";101;"78,1";"RECIFE";"Defeito na via";"Colisão Transversal";"Com Vítimas Feridas";"Pleno dia";"Crescente";"Nublado";"Simples";"Reta";"Urbano";2;0;1;0;1;0;1;2
83468863;"29/05/16";"Domingo";"13:15:00";"RS";116;"421";"CRISTAL";"Defeito mecânico em veículo";"Danos Eventuais";"Sem Vítimas";"Pleno dia";"Decrescente";"Chuva";"Simples";"Reta";"Rural";1;0;0;0;1;0;0;1
83468864;"29/05/16";"Domingo";"09:20:00";"PB";101;"115,6";"CAAPORA";"Outras";"Colisão com objeto fixo";"Com Vítimas Feridas";"Pleno dia";"Decrescente";"Chuva";"Dupla";"Reta";"Rural";1;0;1;0;0;0;1;1
83468865;"03/05/16";"Terça";"19:15:00";"RO";364;"519";"ARIQUEMES";"Defeito na via";"Queda de motocicleta / bicicleta / veículo";"Com Vítimas Feridas";"Plena noite";"Decrescente";"Ignorada";"Simples";"Cruzamento";"Rural";1;0;0;1;0;0;1;1
83468866;"29/05/16";"Domingo";"13:10:00";"SC";470;"147";"RIO DO SUL";"Outras";"Colisão Transversal";"Com Vítimas Feridas";"Pleno dia";"Crescente";"Chuva";"Simples";"Cruzamento";"Urbano";2;0;2;0;0;0;2;2
83468867;"29/05/16";"Domingo";"13:00:00";"MA";10;"313";"ACAILANDIA";"Defeito mecânico em veículo";"Tombamento";"Com Vítimas Feridas";"Pleno dia";"Crescente";"Sol";"Simples";"Reta";"Rural";2;0;1;0;1;0;1;1
83468868;"22/05/16";"Domingo";"20:00:00";"SC";282;"45,9";"AGUAS MORNAS";"Velocidade incompatível";"Capotamento";"Sem Vítimas";"Plena noite";"Decrescente";"Nublado";"Simples";"Curva";"Rural";1;0;0;0;1;0;0;1
83468869;"29/05/16";"Domingo";"10:20:00";"CE";116;"67";"CHOROZINHO";"Outras";"Queda de motocicleta / bicicleta / veículo";"Com Vítimas Feridas";"Pleno dia";"Decrescente";"Ceu Claro";"Simples";"Reta";"Rural";1;0;0;1;0;0;1;1
83468870;"27/05/16";"Sexta";"09:20:00";"RJ";116;"144";"DUQUE DE CAXIAS";"Velocidade incompatível";"Colisão traseira";"Sem Vítimas";"Pleno dia";"Crescente";"Ceu Claro";"Simples";"Reta";"Rural";2;0;0;0;2;0;0;2
83468871;"29/05/16";"Domingo";"14:30:00";"RS";470;"276,5";"SAO JOSE DO SUL";"Velocidade incompatível";"Saída de Pista";"Sem Vítimas";"Pleno dia";"Crescente";"Chuva";"Simples";"Curva";"Rural";1;0;0;0;1;0;0;1
83468872;"29/05/16";"Domingo";"14:30:00";"PA";316;"9";"ANANINDEUA";"Falta de atenção";"Colisão lateral";"Sem Vítimas";"Pleno dia";"Crescente";"Sol";"Dupla";"Reta";"Urbano";2;0;0;0;2;0;0;2
83468873;"29/05/16";"Domingo";"06:50:00";"SC";101;"205";"SAO JOSE";"Falta de atenção";"Colisão com objeto fixo";"Sem Vítimas";"Amanhecer";"Crescente";"Nublado";"Dupla";"Curva";"Urbano";1;0;0;0;1;0;0;1
83468874;"29/05/16";"Domingo";"11:20:00";"BA";116;"851,1";"VITORIA DA CONQUISTA";"Falta de atenção";"Tombamento";"Com Vítimas Feridas";"Pleno dia";"Crescente";"Sol";"Simples";"Reta";"Rural";3;0;3;0;0;0;3;1
83468875;"29/05/16";"Domingo";"11:00:00";"MT";70;"731";"CACERES";"Falta de atenção";"Colisão traseira";"Sem Vítimas";"Pleno dia";"Decrescente";"Sol";"Simples";"Reta";"Urbano";3;0;0;0;3;0;0;3
83468876;"29/05/16";"Domingo";"12:10:00";"MS";163;"475,3";"CAMPO GRANDE";"Defeito mecânico em veículo";"Colisão frontal";"Com Vítimas Feridas";"Pleno dia";"Decrescente";"Nublado";"Simples";"Curva";"Urbano";4;0;1;2;1;0;3;2
83468877;"29/05/16";"Domingo";"07:00:00";"BA";116;"29";"VITORIA DA CONQUISTA";"Falta de atenção";"Queda de motocicleta / bicicleta / veículo";"Com Vítimas Feridas";"Pleno dia";"Crescente";"Ceu Claro";"Simples";"Reta";"Urbano";1;0;1;0;0;0;1;1
83468878;"29/05/16";"Domingo";"13:00:00";"PI";222;"68,4";"PIRIPIRI";"Falta de atenção";"Saída de Pista";"Sem Vítimas";"Pleno dia";"Decrescente";"Ceu Claro";"Simples";"Curva";"Rural";1;0;0;0;1;0;0;1
83468879;"26/05/16";"Quinta";"10:00:00";"SP";381;"30";"ATIBAIA";"Velocidade incompatível";"Colisão traseira";"Com Vítimas Feridas";"Pleno dia";"Decrescente";"Ceu Claro";"Dupla";"Reta";"Rural";2;0;1;0;1;0;1;2
83468880;"29/05/16";"Domingo";"08:20:00";"SC";282;"109,8";"ALFREDO WAGNER";"Velocidade incompatível";"Saída de Pista";"Com Vítimas Feridas";"Pleno dia";"Decrescente";"Chuva";"Simples";"Curva";"Rural";2;0;2;0;0;0;2;1
83468881;"22/05/16";"Domingo";"02:30:00";"PR";277;"94,5";"CURITIBA";"Velocidade incompatível";"Colisão com objeto fixo";"Com Vítimas Feridas";"Plena noite";"Decrescente";"Nublado";"Múltipla";"Reta";"Urbano";3;0;2;1;0;0;3;1
83468882;"29/05/16";"Domingo";"11:50:00";"RS";285;"151,4";"MUITOS CAPOES";"Velocidade incompatível";"Colisão frontal";"Sem Vítimas";"Pleno dia";"Decrescente";"Chuva";"Simples";"Curva";"Rural";5;0;0;0;5;0;0;2
83468883;"29/05/16";"Domingo";"11:24:00";"PI";402;"0,1";"BURITI DOS LOPES";"Falta de atenção";"Colisão com bicicleta";"Com Vítimas Feridas";"Amanhecer";"Decrescente";"Sol";"Simples";"Reta";"Rural";2;0;0;1;1;0;1;2
83468884;"29/05/16";"Domingo";"12:40:00";"SC";282;"307,7";"VARGEM";"Velocidade incompatível";"Saída de Pista";"Sem Vítimas";"Pleno dia";"Crescente";"Chuva";"Simples";"Curva";"Rural";2;0;0;0;2;0;0;1
83468885;"29/05/16";"Domingo";"13:35:00";"RS";290;"42,6";"GLORINHA";"Falta de atenção";"Saída de Pista";"Com Vítimas Feridas";"Pleno dia";"Decrescente";"Chuva";"Dupla";"Reta";"Rural";2;0;1;0;1;0;1;1
83468886;"29/05/16";"Domingo";"14:17:00";"PR";376;"657";"TIJUCAS DO SUL";"Velocidade incompatível";"Colisão lateral";"Com Vítimas Feridas";"Pleno dia";"Decrescente";"Chuva";"Dupla";"Curva";"Rural";6;0;2;0;4;0;2;4
83468887;"28/05/16";"Sábado";"20:30:00";"MA";230;"548,8";"CAROLINA";"Falta de atenção";"Colisão frontal";"Com Vítimas Fatais";"Plena noite";"Decrescente";"Ceu Claro";"Simples";"Reta";"Rural";5;1;0;2;2;0;2;3
83468888;"29/05/16";"Domingo";"14:15:00";"PR";376;"657";"TIJUCAS DO SUL";"Velocidade incompatível";"Saída de Pista";"Com Vítimas Feridas";"Pleno dia";"Decrescente";"Chuva";"Dupla";"Curva";"Rural";3;0;2;0;1;0;2;1
83468889;"21/05/16";"Sábado";"15:50:00";"DF";70;"5";"BRASILIA";"Ingestão de álcool";"Colisão com objeto fixo";"Com Vítimas Fatais";"Pleno dia";"Decrescente";"Sol";"Dupla";"Reta";"Urbano";4;1;0;0;3;0;0;2
83468890;"29/05/16";"Domingo";"14:30:00";"PR";376;"650,9";"TIJUCAS DO SUL";"Velocidade incompatível";"Capotamento";"Sem Vítimas";"Pleno dia";"Crescente";"Chuva";"Dupla";"Curva";"Rural";4;0;0;0;4;0;0;1
83468891;"28/05/16";"Sábado";"17:30:00";"MS";262;"138";"AGUA CLARA";"Animais na Pista";"Atropelamento de animal";"Com Vítimas Feridas";"Plena noite";"Crescente";"Chuva";"Simples";"Reta";"Rural";3;0;3;0;0;0;3;1
83468892;"29/05/16";"Domingo";"14:30:00";"RS";290;"153";"ARROIO DOS RATOS";"Velocidade incompatível";"Saída de Pista";"Sem Vítimas";"Pleno dia";"Crescente";"Chuva";"Múltipla";"Curva";"Rural";1;0;0;0;1;0;0;1
83468894;"29/05/16";"Domingo";"15:30:00";"SP";116;"369";"MIRACATU";"Falta de atenção";"Colisão traseira";"Sem Vítimas";"Pleno dia";"Decrescente";"Ceu Claro";"Dupla";"Reta";"Rural";2;0;0;0;2;0;0;2
83468895;"29/05/16";"Domingo";"16:00:00";"SC";101;"145,9";"ITAPEMA";"Não guardar distância de segurança";"Colisão traseira";"Sem Vítimas";"Pleno dia";"Decrescente";"Nevoeiro/neblina";"Dupla";"Reta";"Urbano";3;0;0;0;3;0;0;3
83468896;"29/05/16";"Domingo";"07:00:00";"AL";423;"69";"AGUA BRANCA";"Falta de atenção";"Tombamento";"Sem Vítimas";"Pleno dia";"Decrescente";"Ceu Claro";"Simples";"Reta";"Rural";2;0;0;0;2;0;0;1
83468897;"29/05/16";"Domingo";"10:40:00";"CE";222;"4,2";"FORTALEZA";"Outras";"Colisão traseira";"Sem Vítimas";"Pleno dia";"Crescente";"Ceu Claro";"Múltipla";"Reta";"Urbano";2;0;0;0;2;0;0;2
83468899;"29/05/16";"Domingo";"08:50:00";"TO";153;"209";"NOVA OLINDA";"Outras";"Colisão frontal";"Com Vítimas Fatais";"Pleno dia";"Crescente";"Ceu Claro";"Simples";"Reta";"Rural";4;3;1;0;0;0;1;2
83468901;"26/05/16";"Quinta";"22:10:00";"AL";423;"37,5";"INHAPI";"Animais na Pista";"Atropelamento de animal";"Com Vítimas Feridas";"Plena noite";"Crescente";"Ceu Claro";"Simples";"Reta";"Rural";2;0;1;0;1;0;1;2
83468902;"29/05/16";"Domingo";"11:00:00";"PR";277;"101";"CURITIBA";"Velocidade incompatível";"Colisão traseira";"Sem Vítimas";"Pleno dia";"Decrescente";"Chuva";"Dupla";"Curva";"Rural";2;0;0;0;2;0;0;2
83468903;"29/05/16";"Domingo";"14:30:00";"SC";470;"100,5";"APIUNA";"Falta de atenção";"Colisão Transversal";"Com Vítimas Feridas";"Pleno dia";"Decrescente";"Chuva";"Simples";"Reta";"Urbano";2;0;1;0;1;0;1;2
83468904;"29/05/16";"Domingo";"11:30:00";"SC";282;"72";"RANCHO QUEIMADO";"Velocidade incompatível";"Colisão lateral";"Sem Vítimas";"Pleno dia";"Crescente";"Chuva";"Simples";"Curva";"Rural";2;0;0;0;2;0;0;2
83468905;"29/05/16";"Domingo";"15:50:00";"MG";116;"276,1";"TEOFILO OTONI";"Falta de atenção";"Colisão lateral";"Sem Vítimas";"Pleno dia";"Crescente";"Nublado";"Dupla";"Curva";"Urbano";2;0;0;0;2;0;0;2
83468906;"28/05/16";"Sábado";"19:00:00";"MG";135;"433,5";"ENGENHEIRO NAVARRO";"Ingestão de álcool";"Queda de motocicleta / bicicleta / veículo";"Com Vítimas Feridas";"Plena noite";"Decrescente";"Ceu Claro";"Simples";"Reta";"Rural";1;0;1;0;0;0;1;1
83468907;"29/05/16";"Domingo";"12:00:00";"PR";277;"536,1";"IBEMA";"Falta de atenção";"Tombamento";"Com Vítimas Fatais";"Pleno dia";"Decrescente";"Ceu Claro";"Simples";"Curva";"Urbano";1;1;0;0;0;0;0;1
83468908;"29/05/16";"Domingo";"16:00:00";"MG";381;"501,5";"BETIM";"Desobediência à sinalização";"Colisão lateral";"Com Vítimas Feridas";"Pleno dia";"Decrescente";"Sol";"Dupla";"Reta";"Urbano";2;0;1;0;1;0;1;2
83468909;"29/05/16";"Domingo";"13:00:00";"MG";116;"641";"FERVEDOURO";"Ultrapassagem indevida";"Colisão frontal";"Sem Vítimas";"Pleno dia";"Crescente";"Sol";"Simples";"Reta";"Rural";4;0;0;0;4;0;0;3
83468910;"29/05/16";"Domingo";"15:50:00";"MG";381;"501";"BETIM";"Velocidade incompatível";"Colisão traseira";"Sem Vítimas";"Anoitecer";"Crescente";"Ceu Claro";"Dupla";"Reta";"Urbano";3;0;0;0;3;0;0;3
83468911;"27/05/16";"Sexta";"18:15:00";"GO";60;"26,7";"ALEXANIA";"Ingestão de álcool";"Saída de Pista";"Sem Vítimas";"Anoitecer";"Decrescente";"Nublado";"Dupla";"Reta";"Rural";1;0;0;0;1;0;0;1
83468912;"29/05/16";"Domingo";"16:40:00";"MG";116;"766,6";"LEOPOLDINA";"Animais na Pista";"Atropelamento de animal";"Sem Vítimas";"Pleno dia";"Crescente";"Sol";"Simples";"Reta";"Urbano";2;0;0;0;2;0;0;2
83468914;"29/05/16";"Domingo";"12:20:00";"SC";282;"54,2";"RANCHO QUEIMADO";"Outras";"Saída de Pista";"Sem Vítimas";"Pleno dia";"Crescente";"Chuva";"Simples";"Curva";"Rural";1;0;0;0;1;0;0;1
83468915;"29/05/16";"Domingo";"17:35:00";"RS";386;"128";"SARANDI";"Desobediência à sinalização";"Colisão Transversal";"Sem Vítimas";"Anoitecer";"Crescente";"Chuva";"Simples";"Curva";"Urbano";2;0;0;0;2;0;0;2
83468916;"29/05/16";"Domingo";"14:30:00";"SC";280;"28";"ARAQUARI";"Ingestão de álcool";"Colisão frontal";"Sem Vítimas";"Pleno dia";"Decrescente";"Chuva";"Simples";"Curva";"Urbano";3;0;0;0;3;0;0;3
83468917;"29/05/16";"Domingo";"17:00:00";"PI";343;"332,2";"TERESINA";"Falta de atenção";"Colisão traseira";"Sem Vítimas";"Pleno dia";"Crescente";"Sol";"Simples";"Reta";"Urbano";4;0;0;0;4;0;0;4
83468918;"29/05/16";"Domingo";"15:45:00";"PI";404;"10,9";"PIRIPIRI";"Outras";"Capotamento";"Com Vítimas Feridas";"Pleno dia";"Decrescente";"Ceu Claro";"Simples";"Reta";"Rural";1;0;0;1;0;0;1;1
83468919;"29/05/16";"Domingo";"09:20:00";"MG";116;"760,5";"LEOPOLDINA";"Outras";"Capotamento";"Com Vítimas Feridas";"Pleno dia";"Crescente";"Sol";"Simples";"Reta";"Urbano";2;0;1;0;1;0;1;2
83468920;"26/05/16";"Quinta";"02:55:00";"SC";101;"211";"PALHOCA";"Falta de atenção";"Colisão com objeto fixo";"Com Vítimas Feridas";"Plena noite";"Decrescente";"Nublado";"Dupla";"Reta";"Urbano";3;0;1;0;2;0;1;2