"id";"data_inversa";"dia_semana";"horario";"uf";"br";"km";"municipio";"causa_acidente";"tipo_acidente";"classificacao_acidente";"fase_dia";"sentido_via";"condicao_metereologica";"tipo_pista";"tracado_via";"uso_solo";"pessoas";"mortos";"feridos_leves";"feridos_graves";"ilesos";"ignorados";"feridos";"veiculos"
83468921;"29/05/16";"Domingo";"13:30:00";"SC";101;"438,6";"SOMBRIO";"Outras";"Saída de Pista";"Com Vítimas Feridas";"Pleno dia";"Decrescente";"Nublado";"Dupla";"Reta";"Urbano";2;0;1;0;1;0;1;1
83468922;"29/05/16";"Domingo";"15:30:00";"RS";470;"194";"BENTO GONCALVES";"Velocidade incompatível";"Colisão frontal";"Com Vítimas Feridas";"Pleno dia";"Crescente";"Nevoeiro/neblina";"Simples";"Curva";"Rural";6;0;2;2;1;1;4;2
83468923;"29/05/16";"Domingo";"10:15:00";"BA";101;"780,5";"ITABELA";"Ultrapassagem indevida";"Colisão frontal";"Com Vítimas Feridas";"Pleno dia";"Crescente";"Nublado";"Simples";"Curva";"Rural";5;0;2;0;2;1;2;2
83468924;"29/05/16";"Domingo";"14:30:00";"MT";158;"693";"BARRA DO GARCAS";"Não guardar distância de segurança";"Colisão lateral";"Com Vítimas Feridas";"Pleno dia";"Crescente";"Ceu Claro";"Simples";"Reta";"Rural";2;0;1;0;1;0;1;2
83468925;"26/05/16";"Quinta";"05:10:00";"SC";101;"191";"BIGUACU";"Ingestão de álcool";"Saída de Pista";"Sem Vítimas";"Anoitecer";"Decrescente";"Nublado";"Dupla";"Curva";"Urbano";1;0;0;0;1;0;0;1
83468927;"25/05/16";"Quarta";"18:15:00";"MA";135;"10,8";"SAO LUIS";"Outras";"Queda de motocicleta / bicicleta / veículo";"Com Vítimas Feridas";"Plena noite";"Crescente";"Ceu Claro";"Dupla";"Curva";"Urbano";2;0;2;0;0;0;2;1
83468928;"21/05/16";"Sábado";"10:45:00";"RS";377;"77,5";"CRUZ ALTA";"Velocidade incompatível";"Saída de Pista";"Sem Vítimas";"Pleno dia";"Decrescente";"Nublado";"Simples";"Curva";"Rural";4;0;0;0;4;0;0;1
83468929;"29/05/16";"Domingo";"16:30:00";"SC";282;"574,4";"PINHALZINHO";"Outras";"Queda de motocicleta / bicicleta / veículo";"Com Vítimas Feridas";"Pleno dia";"Crescente";"Ceu Claro";"Simples";"Reta";"Rural";1;0;1;0;0;0;1;1
83468930;"29/05/16";"Domingo";"12:00:00";"MT";70;"196";"GENERAL CARNEIRO";"Falta de atenção";"Saída de Pista";"Sem Vítimas";"Pleno dia";"Crescente";"Ceu Claro";"Simples";"Reta";"Rural";1;0;0;0;1;0;0;1
83468931;"29/05/16";"Domingo";"05:00:00";"MT";174;"353,5";"CONQUISTA DOESTE";"Falta de atenção";"Colisão traseira";"Com Vítimas Feridas";"Plena noite";"Decrescente";"Ceu Claro";"Simples";"Reta";"Rural";3;0;2;0;0;1;2;2
83468932;"29/05/16";"Domingo";"17:10:00";"PB";230;"29,5";"JOAO PESSOA";"Ingestão de álcool";"Atropelamento de pessoa";"Com Vítimas Feridas";"Anoitecer";"Crescente";"Nublado";"Dupla";"Reta";"Urbano";2;0;1;0;0;1;1;1
83468933;"29/05/16";"Domingo";"13:50:00";"MG";381;"667,2";"PERDOES";"Outras";"Capotamento";"Com Vítimas Feridas";"Pleno dia";"Decrescente";"Ceu Claro";"Dupla";"Curva";"Urbano";1;0;1;0;0;0;1;1
83468934;"29/05/16";"Domingo";"15:00:00";"MA";222;"631";"ACAILANDIA";"Outras";"Colisão lateral";"Com Vítimas Fatais";"Pleno dia";"Decrescente";"Sol";"Simples";"Reta";"Rural";2;1;0;0;1;0;0;2
83468935;"29/05/16";"Domingo";"09:55:00";"MG";381;"672,3";"PERDOES";"Ultrapassagem indevida";"Colisão lateral";"Sem Vítimas";"Pleno dia";"Crescente";"Ceu Claro";"Dupla";"Reta";"Rural";2;0;0;0;2;0;0;2
83468936;"29/05/16";"Domingo";"16:49:00";"MG";262;"355";"BETIM";"Não guardar distância de segurança";"Colisão traseira";"Com Vítimas Feridas";"Pleno dia";"Decrescente";"Ceu Claro";"Dupla";"Reta";"Rural";5;0;4;0;1;0;4;2
83468937;"25/05/16";"Quarta";"14:00:00";"PB";101;"59,6";"SANTA RITA";"Defeito na via";"Saída de Pista";"Com Vítimas Feridas";"Pleno dia";"Crescente";"Chuva";"Dupla";"Curva";"Rural";1;0;1;0;0;0;1;1
83468938;"29/05/16";"Domingo";"16:40:00";"MG";116;"528";"CARATINGA";"Falta de atenção";"Atropelamento de pessoa";"Com Vítimas Feridas";"Pleno dia";"Decrescente";"Ceu Claro";"Múltipla";"Cruzamento";"Urbano";2;0;1;0;1;0;1;1
83468939;"29/05/16";"Domingo";"18:35:00";"RS";386;"32";"FREDERICO WESTPHALEN";"Falta de atenção";"Atropelamento de pessoa";"Com Vítimas Feridas";"Anoitecer";"Decrescente";"Chuva";"Simples";"Reta";"Urbano";2;0;1;0;1;0;1;1
83468940;"29/05/16";"Domingo";"15:00:00";"SC";101;"412";"ARARANGUA";"Falta de atenção";"Colisão Transversal";"Sem Vítimas";"Pleno dia";"Decrescente";"Chuva";"Simples";"Cruzamento";"Urbano";2;0;0;0;2;0;0;2
83468941;"29/05/16";"Domingo";"17:30:00";"BA";324;"543";"AMELIA RODRIGUES";"Outras";"Queda de motocicleta / bicicleta / veículo";"Com Vítimas Feridas";"Anoitecer";"Crescente";"Ceu Claro";"Dupla";"Reta";"Urbano";1;0;0;1;0;0;1;1
83468942;"29/05/16";"Domingo";"17:20:00";"RN";101;"82";"SAO GONCALO DO AMARANTE";"Falta de atenção";"Atropelamento de pessoa";"Com Vítimas Feridas";"Anoitecer";"Crescente";"Ceu Claro";"Dupla";"Reta";"Urbano";2;0;1;0;0;1;1;1
83468943;"29/05/16";"Domingo";"18:30:00";"PR";116;"107";"CURITIBA";"Falta de atenção";"Colisão traseira";"Com Vítimas Feridas";"Plena noite";"Crescente";"Nublado";"Dupla";"Reta";"Urbano";2;0;1;0;1;0;1;2
83468944;"29/05/16";"Domingo";"17:30:00";"GO";153;"372,7";"SAO FRANCISCO DE GOIAS";"Falta de atenção";"Colisão Transversal";"Com Vítimas Feridas";"Anoitecer";"Decrescente";"Ceu Claro";"Simples";"Reta";"Rural";2;0;1;0;1;0;1;2
83468945;"29/05/16";"Domingo";"16:50:00";"PR";116;"117";"CURITIBA";"Velocidade incompatível";"Saída de Pista";"Com Vítimas Feridas";"Pleno dia";"Crescente";"Nublado";"Dupla";"Curva";"Urbano";3;0;1;0;2;0;1;2
83468946;"29/05/16";"Domingo";"17:20:00";"RN";101;"84";"NATAL";"Outras";"Colisão traseira";"Sem Vítimas";"Pleno dia";"Decrescente";"Nublado";"Dupla";"Reta";"Urbano";2;0;0;0;1;1;0;2
83468947;"29/05/16";"Domingo";"18:10:00";"SP";116;"278";"EMBU";"Defeito mecânico em veículo";"Colisão traseira";"Com Vítimas Feridas";"Plena noite";"Decrescente";"Ignorada";"Dupla";"Curva";"Urbano";6;0;1;0;5;0;1;3
83468948;"27/05/16";"Sexta";"17:45:00";"RJ";101;"425";"MANGARATIBA";"Defeito mecânico em veículo";"Colisão traseira";"Com Vítimas Feridas";"Anoitecer";"Decrescente";"Nublado";"Simples";"Curva";"Urbano";2;0;1;0;1;0;1;2
83468949;"29/05/16";"Domingo";"14:05:00";"PR";153;"66,3";"CONSELHEIRO MAIRINCK";"Falta de atenção";"Colisão lateral";"Com Vítimas Feridas";"Pleno dia";"Crescente";"Nublado";"Simples";"Reta";"Rural";3;0;2;0;1;0;2;2
83468950;"29/05/16";"Domingo";"19:00:00";"SP";116;"205";"GUARULHOS";"Não guardar distância de segurança";"Queda de motocicleta / bicicleta / veículo";"Com Vítimas Feridas";"Plena noite";"Crescente";"Nublado";"Dupla";"Reta";"Urbano";2;0;1;0;1;0;1;1
83468951;"29/05/16";"Domingo";"15:00:00";"MG";262;"814,6";"UBERABA";"Defeito mecânico em veículo";"Colisão com objeto fixo";"Sem Vítimas";"Pleno dia";"Crescente";"Nublado";"Dupla";"Reta";"Rural";1;0;0;0;1;0;0;1
83468952;"29/05/16";"Domingo";"16:30:00";"SC";282;"307,6";"VARGEM";"Velocidade incompatível";"Capotamento";"Sem Vítimas";"Pleno dia";"Decrescente";"Chuva";"Simples";"Curva";"Rural";1;0;0;0;1;0;0;1
83468953;"29/05/16";"Domingo";"14:30:00";"MS";158;"270";"TRES LAGOAS";"Defeito na via";"Queda de motocicleta / bicicleta / veículo";"Com Vítimas Feridas";"Pleno dia";"Crescente";"Nublado";"Simples";"Reta";"Urbano";1;0;1;0;0;0;1;1
83468954;"26/05/16";"Quinta";"21:40:00";"SP";116;"227";"GUARULHOS";"Velocidade incompatível";"Capotamento";"Com Vítimas Feridas";"Plena noite";"Crescente";"Nublado";"Múltipla";"Cruzamento";"Urbano";1;0;1;0;0;0;1;1
83468955;"29/05/16";"Domingo";"19:20:00";"SC";153;"90,3";"CONCORDIA";"Outras";"Colisão com objeto fixo";"Ignorado";"Plena noite";"Decrescente";"Chuva";"Simples";"Reta";"Urbano";1;0;0;0;0;1;0;1
83468956;"28/05/16";"Sábado";"05:45:00";"BA";410;"14";"RIBEIRA DO POMBAL";"Não guardar distância de segurança";"Colisão traseira";"Com Vítimas Feridas";"Amanhecer";"Decrescente";"Ceu Claro";"Simples";"Reta";"Rural";2;0;0;1;0;1;1;2
83468957;"29/05/16";"Domingo";"11:30:00";"SC";470;"29";"GASPAR";"Ultrapassagem indevida";"Colisão lateral";"Sem Vítimas";"Pleno dia";"Crescente";"Chuva";"Simples";"Reta";"Rural";2;0;0;0;2;0;0;2
83468958;"29/05/16";"Domingo";"16:50:00";"PE";101;"58,1";"RECIFE";"Outras";"Colisão traseira";"Sem Vítimas";"Pleno dia";"Decrescente";"Nublado";"Múltipla";"Reta";"Rural";6;0;0;0;4;2;0;4
83468959;"29/05/16";"Domingo";"17:15:00";"PB";104;"88,1";"REMIGIO";"Falta de atenção";"Colisão Transversal";"Com Vítimas Feridas";"Anoitecer";"Decrescente";"Chuva";"Simples";"Reta";"Urbano";3;0;2;0;1;0;2;2
83468960;"29/05/16";"Domingo";"15:45:00";"SC";280;"58";"JARAGUA DO SUL";"Não guardar distância de segurança";"Colisão traseira";"Sem Vítimas";"Pleno dia";"Decrescente";"Chuva";"Dupla";"Reta";"Urbano";2;0;0;0;2;0;0;2
83468961;"27/05/16";"Sexta";"13:00:00";"RN";405;"17";"MOSSORO";"Falta de atenção";"Colisão Transversal";"Com Vítimas Feridas";"Pleno dia";"Decrescente";"Ceu Claro";"Simples";"Reta";"Rural";2;0;1;0;1;0;1;2
83468962;"29/05/16";"Domingo";"16:30:00";"SC";470;"106";"APIUNA";"Outras";"Saída de Pista";"Sem Vítimas";"Pleno dia";"Crescente";"Chuva";"Simples";"Curva";"Urbano";1;0;0;0;1;0;0;1
83468963;"25/05/16";"Quarta";"18:30:00";"MG";116;"278";"TEOFILO OTONI";"Outras";"Colisão Transversal";"Com Vítimas Feridas";"Anoitecer";"Crescente";"Nublado";"Simples";"Reta";"Urbano";2;0;1;0;1;0;1;2
83468964;"25/05/16";"Quarta";"15:20:00";"SC";101;"72";"ARAQUARI";"Falta de atenção";"Colisão Transversal";"Com Vítimas Feridas";"Pleno dia";"Decrescente";"Nublado";"Dupla";"Reta";"Urbano";3;0;2;0;1;0;2;2
83468965;"29/05/16";"Domingo";"16:00:00";"SC";282;"301";"VARGEM";"Velocidade incompatível";"Capotamento";"Sem Vítimas";"Pleno dia";"Decrescente";"Chuva";"Simples";"Curva";"Rural";2;0;0;0;2;0;0;1
83468966;"29/05/16";"Domingo";"17:45:00";"RJ";101;"303";"SAO GONCALO";"Animais na Pista";"Capotamento";"Sem Vítimas";"Anoitecer";"Decrescente";"Ceu Claro";"Dupla";"Reta";"Urbano";1;0;0;0;1;0;0;1
83468967;"29/05/16";"Domingo";"18:00:00";"SC";282;"160";"BOM RETIRO";"Não guardar distância de segurança";"Colisão traseira";"Sem Vítimas";"Anoitecer";"Decrescente";"Chuva";"Simples";"Reta";"Rural";3;0;0;0;3;0;0;3
83468968;"29/05/16";"Domingo";"17:15:00";"SC";280;"25";"ARAQUARI";"Falta de atenção";"Colisão Transversal";"Com Vítimas Feridas";"Anoitecer";"Decrescente";"Nublado";"Simples";"Reta";"Rural";3;0;0;1;2;0;1;2
83468969;"29/05/16";"Domingo";"17:10:00";"MG";262;"819,4";"UBERABA";"Outras";"Colisão com bicicleta";"Com Vítimas Fatais";"Pleno dia";"Decrescente";"Sol";"Dupla";"Reta";"Rural";3;1;2;0;0;0;2;2
83468970;"29/05/16";"Domingo";"18:40:00";"RS";116;"233,9";"ESTANCIA VELHA";"Falta de atenção";"Colisão traseira";"Com Vítimas Feridas";"Plena noite";"Crescente";"Chuva";"Dupla";"Reta";"Urbano";3;0;2;0;1;0;2;2
83468971;"28/05/16";"Sábado";"02:00:00";"SP";153;"71,6";"SAO JOSE DO RIO PRETO";"Dormindo";"Saída de Pista";"Sem Vítimas";"Plena noite";"Decrescente";"Nublado";"Dupla";"Cruzamento";"Rural";2;0;0;0;2;0;0;1
83468972;"29/05/16";"Domingo";"18:20:00";"MG";116;"578";"MANHUACU";"Ultrapassagem indevida";"Colisão lateral";"Com Vítimas Feridas";"Plena noite";"Decrescente";"Ceu Claro";"Simples";"Reta";"Rural";2;0;0;1;1;0;1;2
83468973;"29/05/16";"Domingo";"17:30:00";"MA";316;"253,2";"SANTA INES";"Outras";"Colisão Transversal";"Com Vítimas Feridas";"Anoitecer";"Decrescente";"Ignorada";"Simples";"Reta";"Rural";3;0;2;0;1;0;2;2
83468974;"29/05/16";"Domingo";"16:30:00";"SC";282;"45,1";"AGUAS MORNAS";"Desobediência à sinalização";"Colisão traseira";"Sem Vítimas";"Anoitecer";"Decrescente";"Chuva";"Simples";"Reta";"Rural";2;0;0;0;2;0;0;2
83468975;"29/05/16";"Domingo";"13:00:00";"MG";40;"731,6";"OLIVEIRA FORTES";"Velocidade incompatível";"Saída de Pista";"Com Vítimas Feridas";"Pleno dia";"Crescente";"Ceu Claro";"Dupla";"Curva";"Rural";1;0;0;1;0;0;1;1
83468976;"29/05/16";"Domingo";"16:56:00";"MS";163;"11";"MUNDO NOVO";"Falta de atenção";"Colisão com bicicleta";"Com Vítimas Feridas";"Anoitecer";"Crescente";"Ceu Claro";"Simples";"Reta";"Rural";2;0;0;1;1;0;1;2
83468977;"22/05/16";"Domingo";"10:20:00";"SP";116;"229,9";"SAO PAULO";"Defeito mecânico em veículo";"Colisão traseira";"Com Vítimas Feridas";"Pleno dia";"Decrescente";"Nublado";"Múltipla";"Reta";"Urbano";5;0;4;0;1;0;4;2
83468978;"29/05/16";"Domingo";"19:13:00";"MG";381;"831";"SAO SEBASTIAO DA BELA VISTA";"Outras";"Atropelamento de pessoa";"Com Vítimas Feridas";"Plena noite";"Decrescente";"Ceu Claro";"Dupla";"Reta";"Rural";2;0;1;0;1;0;1;1
83468979;"29/05/16";"Domingo";"12:45:00";"MG";40;"660";"CARANDAI";"Outras";"Colisão com objeto fixo";"Sem Vítimas";"Pleno dia";"Crescente";"Sol";"Simples";"Reta";"Rural";1;0;0;0;1;0;0;1
83468980;"29/05/16";"Domingo";"19:15:00";"MG";381;"491,5";"BETIM";"Falta de atenção";"Colisão lateral";"Sem Vítimas";"Plena noite";"Decrescente";"Ceu Claro";"Dupla";"Reta";"Urbano";2;0;0;0;2;0;0;2
83468981;"29/05/16";"Domingo";"18:40:00";"RR";174;"489";"BOA VISTA";"Animais na Pista";"Atropelamento de animal";"Com Vítimas Feridas";"Plena noite";"Crescente";"Ceu Claro";"Simples";"Reta";"Rural";1;0;0;1;0;0;1;1
83468982;"29/05/16";"Domingo";"18:10:00";"TO";153;"130,8";"ARAGUAINA";"Ingestão de álcool";"Saída de Pista";"Sem Vítimas";"Plena noite";"Crescente";"Ceu Claro";"Simples";"Reta";"Rural";1;0;0;0;1;0;0;1
83468983;"29/05/16";"Domingo";"18:10:00";"CE";222;"280";"FRECHEIRINHA";"Animais na Pista";"Atropelamento de animal";"Sem Vítimas";"Anoitecer";"Decrescente";"Nublado";"Simples";"Reta";"Urbano";2;0;0;0;2;0;0;1
83468985;"29/05/16";"Domingo";"16:00:00";"BA";116;"503";"SANTA TERESINHA";"Ultrapassagem indevida";"Colisão frontal";"Com Vítimas Feridas";"Pleno dia";"Decrescente";"Ceu Claro";"Simples";"Reta";"Rural";3;0;3;0;0;0;3;2
83468986;"29/05/16";"Domingo";"18:30:00";"SC";101;"217,5";"PALHOCA";"Falta de atenção";"Saída de Pista";"Sem Vítimas";"Anoitecer";"Crescente";"Chuva";"Dupla";"Reta";"Urbano";1;0;0;0;1;0;0;1
83468987;"29/05/16";"Domingo";"18:40:00";"SP";116;"103";"PINDAMONHANGABA";"Não guardar distância de segurança";"Colisão lateral";"Com Vítimas Feridas";"Plena noite";"Crescente";"Ceu Claro";"Dupla";"Reta";"Urbano";3;0;1;0;2;0;1;3
83468988;"26/05/16";"Quinta";"07:00:00";"PA";316;"128";"BONITO";"Não guardar distância de segurança";"Colisão traseira";"Com Vítimas Feridas";"Amanhecer";"Crescente";"Sol";"Simples";"Reta";"Urbano";3;0;0;2;1;0;2;2
83468989;"18/02/16";"Quinta";"16:20:00";"ES";101;"266";"SERRA";"Outras";"Colisão lateral";"Com Vítimas Feridas";"Pleno dia";"Crescente";"Sol";"Múltipla";"Reta";"Urbano";2;0;1;0;1;0;1;2
83468990;"29/05/16";"Domingo";"16:45:00";"PB";101;"93,8";"CONDE";"Animais na Pista";"Atropelamento de animal";"Sem Vítimas";"Pleno dia";"Crescente";"Nublado";"Dupla";"Reta";"Rural";1;0;0;0;1;0;0;1
83468991;"29/05/16";"Domingo";"12:30:00";"PI";343;"129,9";"PIRACURUCA";"Outras";"Saída de Pista";"Com Vítimas Feridas";"Pleno dia";"Decrescente";"Ceu Claro";"Simples";"Reta";"Rural";1;0;1;0;0;0;1;1
83468992;"29/05/16";"Domingo";"16:55:00";"RS";116;"248";"SAO LEOPOLDO";"Falta de atenção";"Colisão traseira";"Sem Vítimas";"Pleno dia";"Decrescente";"Chuva";"Dupla";"Reta";"Urbano";4;0;0;0;4;0;0;4
83468993;"29/05/16";"Domingo";"14:30:00";"MG";50;"21";"ARAGUARI";"Outras";"Saída de Pista";"Sem Vítimas";"Pleno dia";"Crescente";"Nublado";"Dupla";"Reta";"Rural";1;0;0;0;1;0;0;1
83468994;"29/05/16";"Domingo";"18:00:00";"MT";70;"288";"PRIMAVERA DO LESTE";"Outras";"Queda de motocicleta / bicicleta / veículo";"Com Vítimas Feridas";"Anoitecer";"Crescente";"Ceu Claro";"Simples";"Reta";"Rural";1;0;1;0;0;0;1;1
83468995;"29/05/16";"Domingo";"17:50:00";"MS";163;"343";"RIO BRILHANTE";"Animais na Pista";"Atropelamento de animal";"Com Vítimas Feridas";"Plena noite";"Decrescente";"Nublado";"Simples";"Reta";"Rural";1;0;0;1;0;0;1;1
83468996;"25/05/16";"Quarta";"19:20:00";"SC";101;"215";"PALHOCA";"Falta de atenção";"Colisão traseira";"Sem Vítimas";"Plena noite";"Decrescente";"Nublado";"Dupla";"Reta";"Urbano";3;0;0;0;3;0;0;3
83468997;"29/05/16";"Domingo";"10:00:00";"SC";470;"195";"POUSO REDONDO";"Outras";"Colisão frontal";"Com Vítimas Feridas";"Pleno dia";"Decrescente";"Chuva";"Simples";"Curva";"Rural";4;0;2;0;2;0;2;3
83468998;"21/05/16";"Sábado";"13:00:00";"SP";116;"217,6";"GUARULHOS";"Não guardar distância de segurança";"Colisão traseira";"Com Vítimas Feridas";"Pleno dia";"Decrescente";"Chuva";"Múltipla";"Reta";"Urbano";3;0;1;0;2;0;1;3
83468999;"29/05/16";"Domingo";"20:15:00";"SP";116;"161";"JACAREI";"Falta de atenção";"Colisão lateral";"Sem Vítimas";"Plena noite";"Crescente";"Ceu Claro";"Dupla";"Reta";"Urbano";2;0;0;0;2;0;0;2
83469000;"28/05/16";"Sábado";"05:20:00";"SP";101;"43";"UBATUBA";"Falta de atenção";"Saída de Pista";"Ignorado";"Plena noite";"Decrescente";"Ceu Claro";"Simples";"Curva";"Urbano";1;0;0;0;0;1;0;1
83469001;"29/05/16";"Domingo";"19:00:00";"RS";116;"415,2";"CRISTAL";"Defeito na via";"Saída de Pista";"Sem Vítimas";"Plena noite";"Crescente";"Chuva";"Simples";"Reta";"Rural";1;0;0;0;1;0;0;1
83469002;"29/05/16";"Domingo";"17:00:00";"MG";50;"47,3";"ARAGUARI";"Outras";"Colisão com objeto fixo";"Com Vítimas Feridas";"Pleno dia";"Decrescente";"Chuva";"Dupla";"Curva";"Rural";1;0;1;0;0;0;1;1
83469003;"29/05/16";"Domingo";"21:28:00";"RS";386;"343,8";"LAJEADO";"Ingestão de álcool";"Saída de Pista";"Com Vítimas Feridas";"Plena noite";"Crescente";"Chuva";"Simples";"Reta";"Urbano";1;0;1;0;0;0;1;1
83469004;"29/05/16";"Domingo";"17:47:00";"RJ";101;"303";"SAO GONCALO";"Falta de atenção";"Colisão traseira";"Com Vítimas Feridas";"Anoitecer";"Decrescente";"Ceu Claro";"Dupla";"Reta";"Urbano";6;0;3;0;3;0;3;3
83469005;"29/05/16";"Domingo";"18:00:00";"SC";470;"72,4";"INDAIAL";"Falta de atenção";"Colisão Transversal";"Com Vítimas Feridas";"Anoitecer";"Decrescente";"Nublado";"Simples";"Reta";"Urbano";5;0;4;1;0;0;5;2
83469006;"29/05/16";"Domingo";"19:30:00";"PR";277;"666";"MEDIANEIRA";"Falta de atenção";"Colisão traseira";"Com Vítimas Feridas";"Plena noite";"Crescente";"Chuva";"Dupla";"Reta";"Rural";3;0;2;0;1;0;2;2
83469007;"29/05/16";"Domingo";"20:10:00";"GO";153;"620,9";"MORRINHOS";"Defeito mecânico em veículo";"Queda de motocicleta / bicicleta / veículo";"Com Vítimas Feridas";"Plena noite";"Crescente";"Ceu Claro";"Dupla";"Reta";"Rural";2;0;2;0;0;0;2;1
83469008;"29/05/16";"Domingo";"20:42:00";"AL";104;"20,9";"SAO JOSE DA LAJE";"Outras";"Queda de motocicleta / bicicleta / veículo";"Com Vítimas Feridas";"Plena noite";"Decrescente";"Chuva";"Simples";"Curva";"Rural";1;0;0;1;0;0;1;1
83469009;"29/05/16";"Domingo";"16:45:00";"SC";101;"215";"PALHOCA";"Falta de atenção";"Colisão traseira";"Sem Vítimas";"Pleno dia";"Decrescente";"Chuva";"Dupla";"Cruzamento";"Urbano";2;0;0;0;2;0;0;2
83469010;"29/05/16";"Domingo";"21:00:00";"PR";369;"523";"CASCAVEL";"Desobediência à sinalização";"Colisão lateral";"Com Vítimas Feridas";"Plena noite";"Crescente";"Nublado";"Simples";"Curva";"Urbano";3;0;2;0;0;1;2;2
83469011;"29/05/16";"Domingo";"15:45:00";"SP";116;"88";"PINDAMONHANGABA";"Não guardar distância de segurança";"Colisão traseira";"Com Vítimas Feridas";"Pleno dia";"Crescente";"Ceu Claro";"Dupla";"Reta";"Urbano";7;0;3;0;4;0;3;4
83469012;"29/05/16";"Domingo";"21:15:00";"SC";153;"91,1";"CONCORDIA";"Ingestão de álcool";"Colisão lateral";"Com Vítimas Feridas";"Plena noite";"Crescente";"Chuva";"Simples";"Curva";"Rural";5;0;2;2;1;0;4;2
83469013;"26/05/16";"Quinta";"16:30:00";"PE";232;"172";"BELO JARDIM";"Outras";"Atropelamento de pessoa";"Com Vítimas Fatais";"Pleno dia";"Decrescente";"Ceu Claro";"Simples";"Reta";"Rural";2;1;0;0;0;1;0;1
83469014;"29/05/16";"Domingo";"15:30:00";"CE";20;"313";"CANINDE";"Outras";"Saída de Pista";"Com Vítimas Feridas";"Pleno dia";"Crescente";"Ceu Claro";"Simples";"Reta";"Rural";1;0;1;0;0;0;1;1
83469015;"29/05/16";"Domingo";"19:40:00";"SP";381;"76";"SAO PAULO";"Outras";"Colisão com objeto fixo";"Com Vítimas Feridas";"Plena noite";"Crescente";"Ignorada";"Dupla";"Curva";"Rural";6;0;4;0;2;0;4;1
83469016;"29/05/16";"Domingo";"18:50:00";"PA";316;"26";"BENEVIDES";"Ingestão de álcool";"Colisão frontal";"Com Vítimas Fatais";"Anoitecer";"Crescente";"Nublado";"Dupla";"Reta";"Urbano";2;1;0;0;0;1;0;2
83469017;"29/05/16";"Domingo";"18:45:00";"PR";280;"285,6";"FLOR DA SERRA DO SUL";"Defeito mecânico em veículo";"Colisão Transversal";"Sem Vítimas";"Plena noite";"Decrescente";"Chuva";"Simples";"Reta";"Rural";2;0;0;0;2;0;0;2
83469018;"29/05/16";"Domingo";"19:15:00";"SC";282;"532,9";"CHAPECO";"Desobediência à sinalização";"Colisão Transversal";"Sem Vítimas";"Anoitecer";"Crescente";"Nublado";"Simples";"Reta";"Urbano";2;0;0;0;2;0;0;2
83469019;"29/05/16";"Domingo";"10:00:00";"SP";116;"363,8";"MIRACATU";"Velocidade incompatível";"Tombamento";"Com Vítimas Feridas";"Pleno dia";"Decrescente";"Ceu Claro";"Dupla";"Curva";"Urbano";1;0;1;0;0;0;1;1
83469020;"29/05/16";"Domingo";"15:30:00";"GO";452;"189";"ITUMBIARA";"Ingestão de álcool";"Saída de Pista";"Com Vítimas Feridas";"Pleno dia";"Crescente";"Chuva";"Simples";"Reta";"Rural";1;0;0;1;0;0;1;1
83469021;"29/05/16";"Domingo";"18:30:00";"BA";101;"712,5";"EUNAPOLIS";"Velocidade incompatível";"Colisão frontal";"Com Vítimas Fatais";"Plena noite";"Crescente";"Ignorada";"Simples";"Curva";"Rural";4;3;0;0;1;0;0;2
83469022;"29/05/16";"Domingo";"18:40:00";"MG";381;"422";"CAETE";"Não guardar distância de segurança";"Colisão traseira";"Sem Vítimas";"Anoitecer";"Crescente";"Ceu Claro";"Simples";"Reta";"Rural";4;0;0;0;4;0;0;4
83469024;"29/05/16";"Domingo";"20:22:00";"PE";316;"46,2";"TRINDADE";"Ingestão de álcool";"Colisão lateral";"Com Vítimas Feridas";"Plena noite";"Crescente";"Ceu Claro";"Simples";"Reta";"Rural";4;0;3;1;0;0;4;2
83469025;"29/05/16";"Domingo";"18:45:00";"RS";285;"123,3";"VACARIA";"Falta de atenção";"Atropelamento de pessoa";"Com Vítimas Feridas";"Plena noite";"Decrescente";"Chuva";"Simples";"Reta";"Urbano";2;0;1;0;1;0;1;1
83469026;"29/05/16";"Domingo";"18:15:00";"MG";381;"402";"BOM JESUS DO AMPARO";"Velocidade incompatível";"Colisão lateral";"Com Vítimas Feridas";"Plena noite";"Crescente";"Ceu Claro";"Simples";"Curva";"Rural";2;0;1;0;1;0;1;2
83469027;"29/05/16";"Domingo";"23:10:00";"SC";282;"500,3";"XANXERE";"Animais na Pista";"Atropelamento de animal";"Com Vítimas Feridas";"Plena noite";"Crescente";"Chuva";"Dupla";"Reta";"Urbano";1;0;1;0;0;0;1;1
83469028;"29/05/16";"Domingo";"22:40:00";"MG";381;"887,6";"CAMBUI";"Velocidade incompatível";"Colisão traseira";"Com Vítimas Feridas";"Plena noite";"Crescente";"Ignorada";"Dupla";"Curva";"Rural";3;0;1;1;1;0;2;2
83469029;"29/05/16";"Domingo";"23:00:00";"RS";116;"302,5";"GUAIBA";"Falta de atenção";"Saída de Pista";"Sem Vítimas";"Plena noite";"Crescente";"Nublado";"Dupla";"Reta";"Urbano";1;0;0;0;1;0;0;1