"id";"data_inversa";"dia_semana";"horario";"uf";"br";"km";"municipio";"causa_acidente";"tipo_acidente";"classificacao_acidente";"fase_dia";"sentido_via";"condicao_metereologica";"tipo_pista";"tracado_via";"uso_solo";"pessoas";"mortos";"feridos_leves";"feridos_graves";"ilesos";"ignorados";"feridos";"veiculos"
83469144;"27/05/16";"Sexta";"06:00:00";"RJ";101;"110,8";"CAMPOS DOS GOYTACAZES";"Dormindo";"Capotamento";"Com Vítimas Fatais";"Amanhecer";"Decrescente";"Ceu Claro";"Dupla";"Curva";"Rural";3;1;0;2;0;0;2;1
83469145;"10/05/16";"Terça";"07:20:00";"PR";376;"182,7";"SARANDI";"Outras";"Colisão lateral";"Com Vítimas Feridas";"Pleno dia";"Decrescente";"Ignorada";"Dupla";"Reta";"Urbano";2;0;0;1;0;1;1;2
83469146;"28/05/16";"Sábado";"02:00:00";"BA";101;"473";"URUCUCA";"Animais na Pista";"Colisão com objeto fixo";"Com Vítimas Feridas";"Plena noite";"Decrescente";"Nublado";"Simples";"Reta";"Rural";1;0;1;0;0;0;1;1
83469147;"26/05/16";"Quinta";"11:25:00";"PR";277;"672,2";"MEDIANEIRA";"Ingestão de álcool";"Colisão Transversal";"Com Vítimas Feridas";"Pleno dia";"Decrescente";"Nublado";"Dupla";"Reta";"Urbano";4;0;3;0;1;0;3;2
83469148;"26/05/16";"Quinta";"14:50:00";"PB";230;"17,5";"JOAO PESSOA";"Não guardar distância de segurança";"Colisão traseira";"Com Vítimas Feridas";"Pleno dia";"Crescente";"Sol";"Dupla";"Reta";"Urbano";4;0;1;0;2;1;1;3
83469149;"30/05/16";"Segunda";"08:20:00";"BA";116;"822,3";"VITORIA DA CONQUISTA";"Desobediência à sinalização";"Colisão Transversal";"Com Vítimas Fatais";"Pleno dia";"Crescente";"Ceu Claro";"Dupla";"Reta";"Urbano";2;1;0;0;1;0;0;2
83469151;"30/05/16";"Segunda";"07:40:00";"SE";235;"64";"ITABAIANA";"Falta de atenção";"Colisão traseira";"Sem Vítimas";"Pleno dia";"Decrescente";"Nublado";"Simples";"Reta";"Rural";2;0;0;0;2;0;0;2
83469152;"30/05/16";"Segunda";"09:30:00";"PB";101;"83,4";"BAYEUX";"Falta de atenção";"Colisão traseira";"Com Vítimas Feridas";"Pleno dia";"Crescente";"Chuva";"Dupla";"Reta";"Urbano";3;0;1;0;2;0;1;3
83469153;"30/05/16";"Segunda";"09:30:00";"PE";232;"4,5";"RECIFE";"Não guardar distância de segurança";"Colisão traseira";"Com Vítimas Feridas";"Pleno dia";"Decrescente";"Chuva";"Dupla";"Reta";"Urbano";3;0;1;0;2;0;1;2
83469155;"30/05/16";"Segunda";"12:15:00";"PR";376;"405,9";"TIBAGI";"Velocidade incompatível";"Saída de Pista";"Sem Vítimas";"Pleno dia";"Crescente";"Chuva";"Simples";"Curva";"Rural";1;0;0;0;1;0;0;1
83469156;"30/05/16";"Segunda";"09:30:00";"MG";381;"561";"ITAGUARA";"Defeito mecânico em veículo";"Tombamento";"Com Vítimas Feridas";"Pleno dia";"Crescente";"Ceu Claro";"Dupla";"Curva";"Rural";1;0;1;0;0;0;1;1
83469157;"22/05/16";"Domingo";"01:00:00";"TO";153;"572";"FATIMA";"Ingestão de álcool";"Saída de Pista";"Com Vítimas Feridas";"Plena noite";"Crescente";"Ceu Claro";"Simples";"Reta";"Rural";1;0;1;0;0;0;1;1
83469158;"25/05/16";"Quarta";"15:10:00";"SC";101;"204,3";"SAO JOSE";"Outras";"Colisão lateral";"Com Vítimas Feridas";"Pleno dia";"Crescente";"Ceu Claro";"Dupla";"Reta";"Urbano";5;0;2;0;3;0;2;4
83469159;"30/05/16";"Segunda";"09:00:00";"BA";110;"146";"RIBEIRA DO POMBAL";"Defeito mecânico em veículo";"Capotamento";"Com Vítimas Feridas";"Pleno dia";"Crescente";"Nublado";"Simples";"Cruzamento";"Rural";1;0;1;0;0;0;1;1
83469160;"26/05/16";"Quinta";"12:40:00";"DF";20;"8";"BRASILIA";"Ingestão de álcool";"Colisão Transversal";"Com Vítimas Feridas";"Pleno dia";"Crescente";"Ceu Claro";"Dupla";"Reta";"Rural";2;0;1;0;1;0;1;2
83469161;"27/05/16";"Sexta";"04:20:00";"SP";153;"14,9";"NOVA GRANADA";"Dormindo";"Saída de Pista";"Com Vítimas Fatais";"Plena noite";"Decrescente";"Nublado";"Simples";"Curva";"Rural";1;1;0;0;0;0;0;1
83469162;"30/05/16";"Segunda";"13:00:00";"SP";381;"34";"ATIBAIA";"Outras";"Capotamento";"Sem Vítimas";"Pleno dia";"Crescente";"Nublado";"Dupla";"Reta";"Rural";1;0;0;0;1;0;0;1
83469163;"30/05/16";"Segunda";"12:40:00";"MG";381;"925,4";"ITAPEVA";"Velocidade incompatível";"Colisão com objeto fixo";"Sem Vítimas";"Pleno dia";"Decrescente";"Chuva";"Dupla";"Curva";"Rural";1;0;0;0;1;0;0;1
83469164;"30/05/16";"Segunda";"12:00:00";"PR";376;"618";"SAO JOSE DOS PINHAIS";"Outras";"Colisão com objeto fixo";"Sem Vítimas";"Pleno dia";"Crescente";"Nublado";"Dupla";"Reta";"Rural";1;0;0;0;1;0;0;1
83469165;"25/05/16";"Quarta";"18:25:00";"SC";282;"16,5";"PALHOCA";"Falta de atenção";"Colisão Transversal";"Com Vítimas Feridas";"Plena noite";"Crescente";"Ceu Claro";"Simples";"Reta";"Urbano";2;0;1;0;1;0;1;2
83469166;"30/05/16";"Segunda";"10:20:00";"MG";381;"934,8";"EXTREMA";"Dormindo";"Colisão com objeto fixo";"Sem Vítimas";"Pleno dia";"Crescente";"Nublado";"Dupla";"Reta";"Rural";1;0;0;0;1;0;0;1
83469167;"30/05/16";"Segunda";"10:00:00";"PR";476;"242";"LAPA";"Falta de atenção";"Saída de Pista";"Sem Vítimas";"Pleno dia";"Crescente";"Nublado";"Simples";"Curva";"Rural";1;0;0;0;1;0;0;1
83469168;"26/05/16";"Quinta";"10:00:00";"ES";262;"147,7";"IBATIBA";"Não guardar distância de segurança";"Saída de Pista";"Com Vítimas Feridas";"Pleno dia";"Crescente";"Ceu Claro";"Simples";"Curva";"Rural";3;0;3;0;0;0;3;1
83469169;"28/05/16";"Sábado";"19:30:00";"PR";277;"64";"SAO JOSE DOS PINHAIS";"Velocidade incompatível";"Colisão traseira";"Com Vítimas Feridas";"Plena noite";"Decrescente";"Nublado";"Dupla";"Reta";"Urbano";3;0;1;1;1;0;2;2
83469170;"22/05/16";"Domingo";"22:15:00";"PA";230;"613";"VITORIA DO XINGU";"Desobediência à sinalização";"Colisão traseira";"Com Vítimas Feridas";"Plena noite";"Crescente";"Ceu Claro";"Simples";"Reta";"Rural";3;0;1;0;2;0;1;2
83469171;"30/05/16";"Segunda";"13:15:00";"MG";381;"920,5";"CAMANDUCAIA";"Velocidade incompatível";"Colisão com objeto fixo";"Sem Vítimas";"Pleno dia";"Crescente";"Chuva";"Dupla";"Curva";"Rural";1;0;0;0;1;0;0;1
83469172;"30/05/16";"Segunda";"11:14:00";"RJ";116;"178";"SAO JOAO DE MERITI";"Outras";"Colisão lateral";"Com Vítimas Feridas";"Pleno dia";"Crescente";"Ceu Claro";"Múltipla";"Reta";"Urbano";2;0;1;0;1;0;1;2
83469173;"28/05/16";"Sábado";"13:30:00";"MG";135;"521,8";"BUENOPOLIS";"Outras";"Saída de Pista";"Com Vítimas Feridas";"Pleno dia";"Crescente";"Ceu Claro";"Simples";"Reta";"Rural";2;0;0;1;1;0;1;1
83469174;"26/05/16";"Quinta";"19:15:00";"SC";101;"263";"GAROPABA";"Falta de atenção";"Capotamento";"Com Vítimas Feridas";"Plena noite";"Crescente";"Ceu Claro";"Dupla";"Reta";"Urbano";2;0;0;2;0;0;2;1
83469175;"30/05/16";"Segunda";"12:00:00";"PR";476;"127";"CURITIBA";"Outras";"Colisão com objeto fixo";"Com Vítimas Feridas";"Pleno dia";"Decrescente";"Chuva";"Múltipla";"Reta";"Urbano";1;0;1;0;0;0;1;1
83469176;"30/05/16";"Segunda";"08:50:00";"GO";60;"447";"JATAI";"Falta de atenção";"Colisão lateral";"Com Vítimas Feridas";"Pleno dia";"Crescente";"Sol";"Dupla";"Reta";"Rural";6;0;1;0;5;0;1;2
83469177;"28/05/16";"Sábado";"11:30:00";"MG";135;"580,7";"CORINTO";"Falta de atenção";"Colisão traseira";"Com Vítimas Feridas";"Pleno dia";"Crescente";"Ceu Claro";"Simples";"Reta";"Rural";4;0;2;1;1;0;3;2
83469178;"30/05/16";"Segunda";"10:15:00";"PR";369;"182,2";"ARAPONGAS";"Falta de atenção";"Colisão Transversal";"Com Vítimas Feridas";"Pleno dia";"Crescente";"Nublado";"Dupla";"Reta";"Urbano";4;0;2;0;2;0;2;2
83469179;"26/05/16";"Quinta";"19:00:00";"RO";364;"228,2";"CACOAL";"Defeito na via";"Tombamento";"Com Vítimas Feridas";"Plena noite";"Decrescente";"Ceu Claro";"Simples";"Reta";"Rural";1;0;1;0;0;0;1;1
83469180;"27/05/16";"Sexta";"06:45:00";"RO";364;"420";"JARU";"Falta de atenção";"Colisão traseira";"Sem Vítimas";"Pleno dia";"Decrescente";"Ceu Claro";"Simples";"Reta";"Urbano";2;0;0;0;2;0;0;2
83469181;"30/05/16";"Segunda";"08:00:00";"PR";277;"726,3";"FOZ DO IGUACU";"Desobediência à sinalização";"Colisão com objeto fixo";"Com Vítimas Feridas";"Pleno dia";"Decrescente";"Chuva";"Dupla";"Reta";"Urbano";5;0;3;0;2;0;3;2
83469182;"30/05/16";"Segunda";"13:20:00";"RJ";101;"324";"NITEROI";"Outras";"Colisão traseira";"Sem Vítimas";"Pleno dia";"Crescente";"Sol";"Dupla";"Reta";"Urbano";2;0;0;0;2;0;0;2
83469183;"30/05/16";"Segunda";"08:50:00";"SC";470;"6,1";"NAVEGANTES";"Velocidade incompatível";"Saída de Pista";"Sem Vítimas";"Pleno dia";"Crescente";"Nublado";"Simples";"Cruzamento";"Urbano";1;0;0;0;1;0;0;1
83469184;"11/05/16";"Quarta";"11:30:00";"PA";316;"35";"SANTA ISABEL DO PARA";"Outras";"Colisão lateral";"Sem Vítimas";"Pleno dia";"Crescente";"Sol";"Dupla";"Curva";"Rural";2;0;0;0;2;0;0;2
83469185;"30/05/16";"Segunda";"11:00:00";"SC";282;"499,8";"XANXERE";"Falta de atenção";"Colisão lateral";"Sem Vítimas";"Pleno dia";"Decrescente";"Chuva";"Dupla";"Cruzamento";"Urbano";2;0;0;0;2;0;0;2
83469186;"26/05/16";"Quinta";"06:40:00";"SC";282;"99,4";"ALFREDO WAGNER";"Outras";"Colisão lateral";"Sem Vítimas";"Amanhecer";"Crescente";"Chuva";"Simples";"Curva";"Rural";2;0;0;0;2;0;0;2
83469187;"30/05/16";"Segunda";"12:20:00";"SC";101;"452,9";"SAO JOAO DO SUL";"Falta de atenção";"Colisão lateral";"Com Vítimas Feridas";"Pleno dia";"Decrescente";"Sol";"Dupla";"Reta";"Urbano";3;0;1;0;2;0;1;2
83469189;"30/05/16";"Segunda";"07:00:00";"MA";135;"18,3";"SAO LUIS";"Falta de atenção";"Capotamento";"Com Vítimas Feridas";"Pleno dia";"Decrescente";"Ceu Claro";"Dupla";"Curva";"Rural";1;0;1;0;0;0;1;1
83469191;"30/05/16";"Segunda";"13:00:00";"PR";376;"651";"TIJUCAS DO SUL";"Outras";"Saída de Pista";"Com Vítimas Feridas";"Pleno dia";"Decrescente";"Chuva";"Dupla";"Curva";"Urbano";2;0;1;0;1;0;1;1
83469192;"30/05/16";"Segunda";"12:15:00";"MA";10;"252";"IMPERATRIZ";"Falta de atenção";"Colisão Transversal";"Com Vítimas Feridas";"Pleno dia";"Decrescente";"Ceu Claro";"Simples";"Reta";"Urbano";2;0;1;0;1;0;1;2
83469193;"27/05/16";"Sexta";"00:50:00";"SP";116;"269,5";"TABOAO DA SERRA";"Desobediência à sinalização";"Colisão Transversal";"Sem Vítimas";"Plena noite";"Decrescente";"Ceu Claro";"Dupla";"Cruzamento";"Urbano";3;0;0;0;3;0;0;3
83469194;"28/05/16";"Sábado";"06:15:00";"MG";50;"46";"ARAGUARI";"Animais na Pista";"Atropelamento de animal";"Com Vítimas Feridas";"Amanhecer";"Crescente";"Ceu Claro";"Dupla";"Reta";"Rural";1;0;1;0;0;0;1;1
83469195;"30/05/16";"Segunda";"10:35:00";"PR";373;"179,3";"PONTA GROSSA";"Falta de atenção";"Colisão Transversal";"Sem Vítimas";"Pleno dia";"Decrescente";"Chuva";"Simples";"Reta";"Urbano";2;0;0;0;2;0;0;2
83469196;"30/05/16";"Segunda";"12:15:00";"CE";304;"46,8";"ARACATI";"Outras";"Colisão frontal";"Sem Vítimas";"Pleno dia";"Crescente";"Sol";"Dupla";"Reta";"Urbano";2;0;0;0;2;0;0;2
83469197;"26/05/16";"Quinta";"14:50:00";"MT";364;"139";"PEDRA PRETA";"Outras";"Tombamento";"Sem Vítimas";"Pleno dia";"Decrescente";"Sol";"Simples";"Curva";"Rural";1;0;0;0;1;0;0;1
83469198;"30/05/16";"Segunda";"07:10:00";"RN";304;"29,7";"MOSSORO";"Falta de atenção";"Colisão Transversal";"Com Vítimas Feridas";"Pleno dia";"Decrescente";"Ceu Claro";"Simples";"Cruzamento";"Rural";2;0;1;0;0;1;1;2
83469199;"30/05/16";"Segunda";"12:00:00";"PR";376;"651,1";"TIJUCAS DO SUL";"Velocidade incompatível";"Capotamento";"Sem Vítimas";"Pleno dia";"Crescente";"Nublado";"Dupla";"Curva";"Rural";1;0;0;0;1;0;0;1
83469200;"26/05/16";"Quinta";"16:50:00";"SP";381;"74";"SAO PAULO";"Velocidade incompatível";"Colisão lateral";"Sem Vítimas";"Pleno dia";"Crescente";"Nublado";"Dupla";"Curva";"Urbano";2;0;0;0;2;0;0;2
83469201;"30/05/16";"Segunda";"12:30:00";"PR";376;"664";"GUARATUBA";"Desobediência à sinalização";"Saída de Pista";"Com Vítimas Feridas";"Pleno dia";"Decrescente";"Chuva";"Múltipla";"Curva";"Rural";3;0;2;0;1;0;2;1
83469202;"30/05/16";"Segunda";"12:30:00";"PR";116;"6";"CAMPINA GRANDE DO SUL";"Outras";"Colisão com objeto fixo";"Com Vítimas Feridas";"Pleno dia";"Crescente";"Nublado";"Dupla";"Curva";"Rural";1;0;1;0;0;0;1;1
83469203;"30/05/16";"Segunda";"10:15:00";"PR";277;"431,9";"VIRMOND";"Defeito mecânico em veículo";"Saída de Pista";"Com Vítimas Feridas";"Pleno dia";"Decrescente";"Chuva";"Simples";"Curva";"Rural";1;0;1;0;0;0;1;1
83469204;"30/05/16";"Segunda";"13:45:00";"RS";386;"41,1";"FREDERICO WESTPHALEN";"Não guardar distância de segurança";"Colisão traseira";"Sem Vítimas";"Pleno dia";"Decrescente";"Nublado";"Simples";"Reta";"Urbano";2;0;0;0;2;0;0;2
83469205;"30/05/16";"Segunda";"13:30:00";"MT";163;"947";"NOVA SANTA HELENA";"Defeito na via";"Queda de motocicleta / bicicleta / veículo";"Com Vítimas Feridas";"Pleno dia";"Decrescente";"Ceu Claro";"Simples";"Reta";"Rural";1;0;1;0;0;0;1;1
83469206;"30/05/16";"Segunda";"14:20:00";"SP";116;"299,2";"SAO LOURENCO DA SERRA";"Falta de atenção";"Colisão traseira";"Com Vítimas Feridas";"Pleno dia";"Decrescente";"Chuva";"Dupla";"Reta";"Rural";3;0;2;0;1;0;2;2
83469207;"30/05/16";"Segunda";"04:30:00";"MA";316;"200";"ZE DOCA";"Outras";"Queda de motocicleta / bicicleta / veículo";"Com Vítimas Fatais";"Amanhecer";"Decrescente";"Ceu Claro";"Simples";"Reta";"Rural";1;1;0;0;0;0;0;1
83469208;"30/05/16";"Segunda";"09:50:00";"PR";369;"161,2";"CAMBE";"Velocidade incompatível";"Colisão traseira";"Com Vítimas Feridas";"Pleno dia";"Decrescente";"Chuva";"Dupla";"Reta";"Rural";4;0;4;0;0;0;4;2
83469209;"30/05/16";"Segunda";"15:15:00";"BA";101;"714,7";"EUNAPOLIS";"Falta de atenção";"Queda de motocicleta / bicicleta / veículo";"Com Vítimas Feridas";"Pleno dia";"Crescente";"Ceu Claro";"Simples";"Reta";"Urbano";2;0;1;0;1;0;1;2
83469210;"25/05/16";"Quarta";"14:20:00";"MG";40;"449,5";"CAETANOPOLIS";"Não guardar distância de segurança";"Colisão lateral";"Com Vítimas Feridas";"Pleno dia";"Decrescente";"Sol";"Dupla";"Reta";"Rural";4;0;2;0;2;0;2;2
83469212;"20/05/16";"Sexta";"11:00:00";"ES";101;"2,5";"VITORIA";"Outras";"Colisão traseira";"Sem Vítimas";"Pleno dia";"Crescente";"Chuva";"Dupla";"Reta";"Urbano";2;0;0;0;1;1;0;2
83469213;"30/05/16";"Segunda";"11:00:00";"PR";373;"420,8";"CANDOI";"Velocidade incompatível";"Colisão traseira";"Com Vítimas Feridas";"Pleno dia";"Crescente";"Chuva";"Simples";"Reta";"Rural";3;0;1;0;2;0;1;2
83469214;"29/05/16";"Domingo";"12:35:00";"RS";386;"33,1";"FREDERICO WESTPHALEN";"Não guardar distância de segurança";"Colisão traseira";"Sem Vítimas";"Pleno dia";"Crescente";"Ceu Claro";"Simples";"Reta";"Urbano";2;0;0;0;2;0;0;2
83469215;"30/05/16";"Segunda";"15:15:00";"RS";470;"236,5";"CARLOS BARBOSA";"Outras";"Saída de Pista";"Sem Vítimas";"Pleno dia";"Crescente";"Nublado";"Simples";"Reta";"Rural";2;0;0;0;2;0;0;1
83469216;"30/05/16";"Segunda";"14:30:00";"PR";277;"32";"MORRETES";"Velocidade incompatível";"Tombamento";"Sem Vítimas";"Pleno dia";"Crescente";"Nublado";"Dupla";"Curva";"Rural";1;0;0;0;1;0;0;1
83469217;"30/05/16";"Segunda";"13:10:00";"SC";280;"5,5";"SAO FRANCISCO DO SUL";"Falta de atenção";"Colisão Transversal";"Com Vítimas Feridas";"Pleno dia";"Crescente";"Ceu Claro";"Simples";"Reta";"Urbano";2;0;1;0;1;0;1;2
83469218;"30/05/16";"Segunda";"13:40:00";"SP";116;"458,1";"PARIQUERA-ACU";"Falta de atenção";"Tombamento";"Com Vítimas Feridas";"Pleno dia";"Decrescente";"Nublado";"Dupla";"Curva";"Rural";2;0;1;0;0;1;1;2
83469219;"30/05/16";"Segunda";"08:51:00";"PR";277;"483,5";"NOVA LARANJEIRAS";"Velocidade incompatível";"Colisão frontal";"Sem Vítimas";"Pleno dia";"Decrescente";"Chuva";"Simples";"Curva";"Rural";2;0;0;0;2;0;0;2
83469220;"30/05/16";"Segunda";"09:30:00";"PR";280;"260";"MARMELEIRO";"Falta de atenção";"Colisão Transversal";"Com Vítimas Feridas";"Pleno dia";"Decrescente";"Chuva";"Simples";"Cruzamento";"Rural";3;0;0;1;2;0;1;2
83469221;"29/05/16";"Domingo";"02:55:00";"PR";116;"106,3";"SAO JOSE DOS PINHAIS";"Outras";"Queda de motocicleta / bicicleta / veículo";"Com Vítimas Feridas";"Plena noite";"Decrescente";"Nublado";"Dupla";"Reta";"Urbano";1;0;1;0;0;0;1;1
83469222;"30/05/16";"Segunda";"13:00:00";"MG";40;"716,5";"BARBACENA";"Velocidade incompatível";"Saída de Pista";"Com Vítimas Feridas";"Pleno dia";"Decrescente";"Nublado";"Dupla";"Curva";"Rural";1;0;1;0;0;0;1;1
83469223;"30/05/16";"Segunda";"11:00:00";"GO";50;"163,5";"CAMPO ALEGRE DE GOIAS";"Falta de atenção";"Colisão Transversal";"Com Vítimas Fatais";"Pleno dia";"Decrescente";"Ceu Claro";"Simples";"Curva";"Rural";6;3;1;1;1;0;2;2
83469224;"30/05/16";"Segunda";"14:15:00";"GO";153;"528,6";"HIDROLANDIA";"Dormindo";"Colisão traseira";"Com Vítimas Feridas";"Pleno dia";"Crescente";"Ceu Claro";"Dupla";"Reta";"Rural";3;0;0;1;2;0;1;3
83469225;"30/05/16";"Segunda";"15:00:00";"MG";40;"649,3";"SANTOS DUMONT";"Dormindo";"Tombamento";"Com Vítimas Feridas";"Pleno dia";"Crescente";"Ceu Claro";"Simples";"Curva";"Urbano";1;0;1;0;0;0;1;1
83469226;"30/05/16";"Segunda";"11:00:00";"PE";423;"173";"AGUAS BELAS";"Outras";"Capotamento";"Com Vítimas Fatais";"Pleno dia";"Decrescente";"Chuva";"Simples";"Reta";"Rural";7;1;6;0;0;0;6;1
83469227;"30/05/16";"Segunda";"07:45:00";"PE";110;"105,9";"SERTANIA";"Outras";"Colisão lateral";"Com Vítimas Feridas";"Pleno dia";"Crescente";"Chuva";"Simples";"Curva";"Rural";4;0;2;1;1;0;3;2
83469228;"30/05/16";"Segunda";"07:50:00";"SP";116;"109,2";"TAUBATE";"Não guardar distância de segurança";"Colisão lateral";"Sem Vítimas";"Pleno dia";"Crescente";"Sol";"Dupla";"Reta";"Urbano";3;0;0;0;3;0;0;3
83469229;"30/05/16";"Segunda";"10:00:00";"SC";101;"210,4";"SAO JOSE";"Falta de atenção";"Colisão traseira";"Com Vítimas Feridas";"Pleno dia";"Decrescente";"Sol";"Dupla";"Reta";"Urbano";2;0;1;0;1;0;1;2
83469230;"30/05/16";"Segunda";"11:50:00";"RJ";101;"217";"SILVA JARDIM";"Dormindo";"Colisão lateral";"Com Vítimas Feridas";"Pleno dia";"Crescente";"Ceu Claro";"Simples";"Curva";"Rural";2;0;1;0;1;0;1;2
83469232;"29/05/16";"Domingo";"09:50:00";"SE";101;"4,7";"PROPRIA";"Não guardar distância de segurança";"Colisão lateral";"Sem Vítimas";"Pleno dia";"Decrescente";"Chuva";"Dupla";"Reta";"Rural";5;0;0;0;5;0;0;5
83469233;"27/05/16";"Sexta";"03:15:00";"PB";230;"25";"JOAO PESSOA";"Defeito na via";"Tombamento";"Com Vítimas Feridas";"Plena noite";"Crescente";"Chuva";"Dupla";"Reta";"Urbano";2;0;2;0;0;0;2;1
83469234;"30/05/16";"Segunda";"10:50:00";"MA";135;"37";"BACABEIRA";"Outras";"Saída de Pista";"Sem Vítimas";"Pleno dia";"Crescente";"Ceu Claro";"Simples";"Reta";"Rural";1;0;0;0;1;0;0;1
83469235;"30/05/16";"Segunda";"15:45:00";"MG";381;"912,8";"CAMANDUCAIA";"Velocidade incompatível";"Capotamento";"Sem Vítimas";"Pleno dia";"Decrescente";"Chuva";"Dupla";"Curva";"Rural";1;0;0;0;1;0;0;1
83469236;"30/05/16";"Segunda";"11:00:00";"BA";101;"817";"ITAMARAJU";"Velocidade incompatível";"Tombamento";"Com Vítimas Feridas";"Pleno dia";"Decrescente";"Ceu Claro";"Simples";"Curva";"Rural";1;0;1;0;0;0;1;1
83469237;"30/05/16";"Segunda";"13:40:00";"MG";381;"908,4";"CAMBUI";"Velocidade incompatível";"Saída de Pista";"Sem Vítimas";"Pleno dia";"Decrescente";"Chuva";"Dupla";"Reta";"Rural";1;0;0;0;1;0;0;1
83469238;"30/05/16";"Segunda";"14:30:00";"BA";330;"676,6";"JEQUIE";"Dormindo";"Saída de Pista";"Com Vítimas Feridas";"Pleno dia";"Crescente";"Sol";"Simples";"Reta";"Rural";3;0;3;0;0;0;3;1
83469239;"30/05/16";"Segunda";"09:30:00";"RR";174;"664";"PACARAIMA";"Defeito mecânico em veículo";"Saída de Pista";"Com Vítimas Feridas";"Pleno dia";"Decrescente";"Chuva";"Simples";"Curva";"Urbano";1;0;1;0;0;0;1;1
83469240;"30/05/16";"Segunda";"08:45:00";"ES";101;"66";"SAO MATEUS";"Não guardar distância de segurança";"Colisão traseira";"Com Vítimas Feridas";"Pleno dia";"Decrescente";"Ceu Claro";"Múltipla";"Reta";"Urbano";5;0;1;0;4;0;1;5
83469241;"30/05/16";"Segunda";"15:00:00";"PR";116;"117,5";"CURITIBA";"Velocidade incompatível";"Colisão traseira";"Sem Vítimas";"Pleno dia";"Crescente";"Nublado";"Múltipla";"Reta";"Urbano";2;0;0;0;2;0;0;2
83469242;"28/05/16";"Sábado";"12:30:00";"MT";70;"253,5";"PRIMAVERA DO LESTE";"Velocidade incompatível";"Saída de Pista";"Sem Vítimas";"Pleno dia";"Crescente";"Sol";"Simples";"Reta";"Rural";1;0;0;0;1;0;0;1
83469243;"30/05/16";"Segunda";"14:00:00";"MG";262;"168";"SAO DOMINGOS DO PRATA";"Outras";"Tombamento";"Com Vítimas Feridas";"Pleno dia";"Crescente";"Ceu Claro";"Simples";"Curva";"Rural";5;0;4;0;1;0;4;1
83469244;"30/05/16";"Segunda";"15:30:00";"SP";153;"321";"RIBEIRAO DO SUL";"Falta de atenção";"Colisão Transversal";"Com Vítimas Feridas";"Pleno dia";"Decrescente";"Chuva";"Simples";"Cruzamento";"Rural";3;0;1;0;2;0;1;2
83469245;"30/05/16";"Segunda";"16:55:00";"MG";50;"179,2";"UBERABA";"Falta de atenção";"Colisão com objeto fixo";"Sem Vítimas";"Pleno dia";"Decrescente";"Ceu Claro";"Dupla";"Reta";"Urbano";1;0;0;0;1;0;0;1
83469246;"30/05/16";"Segunda";"15:10:00";"RS";392;"73,4";"PELOTAS";"Não guardar distância de segurança";"Colisão traseira";"Sem Vítimas";"Pleno dia";"Decrescente";"Sol";"Simples";"Reta";"Rural";2;0;0;0;2;0;0;2
83469247;"30/05/16";"Segunda";"14:00:00";"MG";381;"908,2";"CAMBUI";"Velocidade incompatível";"Colisão lateral";"Com Vítimas Feridas";"Pleno dia";"Decrescente";"Chuva";"Dupla";"Curva";"Rural";2;0;1;0;1;0;1;2
83469248;"30/05/16";"Segunda";"07:11:00";"RO";364;"711";"PORTO VELHO";"Falta de atenção";"Colisão traseira";"Com Vítimas Feridas";"Pleno dia";"Crescente";"Ceu Claro";"Dupla";"Reta";"Urbano";4;0;0;1;3;0;1;3
83469249;"30/05/16";"Segunda";"10:30:00";"PR";376;"322";"ORTIGUEIRA";"Velocidade incompatível";"Saída de Pista";"Com Vítimas Feridas";"Pleno dia";"Crescente";"Chuva";"Simples";"Curva";"Rural";5;0;1;0;4;0;1;1
83469250;"26/05/16";"Quinta";"21:40:00";"ES";262;"169,5";"IBATIBA";"Falta de atenção";"Colisão Transversal";"Sem Vítimas";"Plena noite";"Decrescente";"Ceu Claro";"Simples";"Cruzamento";"Rural";2;0;0;0;2;0;0;2
83469251;"30/05/16";"Segunda";"16:50:00";"MG";381;"358";"JOAO MONLEVADE";"Falta de atenção";"Colisão traseira";"Sem Vítimas";"Pleno dia";"Crescente";"Ceu Claro";"Simples";"Curva";"Urbano";4;0;0;0;4;0;0;2
83469252;"30/05/16";"Segunda";"17:45:00";"SC";101;"412,3";"ARARANGUA";"Falta de atenção";"Atropelamento de pessoa";"Com Vítimas Feridas";"Anoitecer";"Decrescente";"Nublado";"Simples";"Reta";"Urbano";2;0;1;0;0;1;1;1
83469253;"30/05/16";"Segunda";"18:00:00";"BA";367;"84";"EUNAPOLIS";"Falta de atenção";"Colisão Transversal";"Com Vítimas Feridas";"Plena noite";"Crescente";"Ceu Claro";"Simples";"Reta";"Urbano";3;0;2;1;0;0;3;2
83469254;"30/05/16";"Segunda";"08:30:00";"SC";101;"249,4";"PAULO LOPES";"Falta de atenção";"Saída de Pista";"Com Vítimas Feridas";"Pleno dia";"Decrescente";"Sol";"Dupla";"Reta";"Urbano";1;0;1;0;0;0;1;1
83469255;"28/05/16";"Sábado";"22:30:00";"BA";418;"91";"NOVA VICOSA";"Outras";"Colisão com bicicleta";"Com Vítimas Feridas";"Plena noite";"Crescente";"Ceu Claro";"Simples";"Reta";"Urbano";2;0;1;1;0;0;2;2
83469256;"26/05/16";"Quinta";"22:10:00";"MG";262;"597,2";"CAMPOS ALTOS";"Falta de atenção";"Colisão Transversal";"Com Vítimas Fatais";"Plena noite";"Decrescente";"Ceu Claro";"Simples";"Cruzamento";"Rural";6;2;3;0;1;0;3;2