"id";"data_inversa";"dia_semana";"horario";"uf";"br";"km";"municipio";"causa_acidente";"tipo_acidente";"classificacao_acidente";"fase_dia";"sentido_via";"condicao_metereologica";"tipo_pista";"tracado_via";"uso_solo";"pessoas";"mortos";"feridos_leves";"feridos_graves";"ilesos";"ignorados";"feridos";"veiculos"
83469257;"30/05/16";"Segunda";"16:45:00";"SP";116;"412";"JUQUIA";"Falta de atenção";"Saída de Pista";"Sem Vítimas";"Pleno dia";"Decrescente";"Chuva";"Dupla";"Reta";"Rural";1;0;0;0;1;0;0;1
83469259;"30/05/16";"Segunda";"15:30:00";"MS";163;"366";"NOVA ALVORADA DO SUL";"Não guardar distância de segurança";"Colisão traseira";"Sem Vítimas";"Pleno dia";"Decrescente";"Chuva";"Simples";"Reta";"Urbano";2;0;0;0;1;1;0;2
83469260;"30/05/16";"Segunda";"08:15:00";"SC";470;"60";"BLUMENAU";"Falta de atenção";"Colisão Transversal";"Com Vítimas Feridas";"Pleno dia";"Crescente";"Nublado";"Simples";"Cruzamento";"Urbano";3;0;1;0;2;0;1;3
83469261;"29/05/16";"Domingo";"19:00:00";"BA";116;"9,6";"VITORIA DA CONQUISTA";"Ultrapassagem indevida";"Capotamento";"Com Vítimas Feridas";"Plena noite";"Decrescente";"Ceu Claro";"Simples";"Reta";"Urbano";4;0;1;0;2;1;1;2
83469262;"30/05/16";"Segunda";"17:00:00";"MS";158;"82,1";"PARANAIBA";"Velocidade incompatível";"Colisão traseira";"Sem Vítimas";"Anoitecer";"Crescente";"Chuva";"Simples";"Reta";"Rural";6;0;0;0;6;0;0;4
83469263;"30/05/16";"Segunda";"18:20:00";"PR";476;"154";"ARAUCARIA";"Falta de atenção";"Atropelamento de pessoa";"Com Vítimas Feridas";"Plena noite";"Decrescente";"Nublado";"Dupla";"Reta";"Urbano";2;0;0;1;1;0;1;1
83469264;"08/04/16";"Sexta";"18:50:00";"BA";418;"12";"CARAVELAS";"Animais na Pista";"Atropelamento de animal";"Com Vítimas Feridas";"Plena noite";"Crescente";"Ceu Claro";"Simples";"Reta";"Rural";1;0;1;0;0;0;1;1
83469266;"30/05/16";"Segunda";"09:45:00";"SC";470;"7,5";"ITAJAI";"Falta de atenção";"Colisão traseira";"Com Vítimas Feridas";"Pleno dia";"Decrescente";"Nublado";"Simples";"Reta";"Urbano";2;0;0;1;1;0;1;2
83469267;"27/05/16";"Sexta";"05:15:00";"PR";277;"601";"CASCAVEL";"Ingestão de álcool";"Saída de Pista";"Sem Vítimas";"Amanhecer";"Crescente";"Nublado";"Dupla";"Reta";"Rural";1;0;0;0;1;0;0;1
83469268;"26/05/16";"Quinta";"04:40:00";"MG";153;"23";"CENTRALINA";"Velocidade incompatível";"Capotamento";"Sem Vítimas";"Plena noite";"Crescente";"Ceu Claro";"Dupla";"Curva";"Rural";1;0;0;0;1;0;0;1
83469269;"27/05/16";"Sexta";"14:00:00";"BA";116;"583,5";"BREJOES";"Não guardar distância de segurança";"Colisão traseira";"Sem Vítimas";"Pleno dia";"Crescente";"Sol";"Múltipla";"Curva";"Rural";2;0;0;0;2;0;0;2
83469270;"30/05/16";"Segunda";"14:15:00";"MG";459;"29,3";"CALDAS";"Outras";"Danos Eventuais";"Sem Vítimas";"Pleno dia";"Crescente";"Chuva";"Simples";"Reta";"Rural";2;0;0;0;2;0;0;2
83469271;"30/05/16";"Segunda";"14:30:00";"MT";163;"606";"NOVA MUTUM";"Outras";"Capotamento";"Com Vítimas Feridas";"Pleno dia";"Decrescente";"Ceu Claro";"Simples";"Reta";"Rural";1;0;1;0;0;0;1;1
83469272;"26/05/16";"Quinta";"12:30:00";"MG";50;"179";"UBERABA";"Defeito na via";"Queda de motocicleta / bicicleta / veículo";"Com Vítimas Feridas";"Pleno dia";"Decrescente";"Ceu Claro";"Dupla";"Cruzamento";"Urbano";1;0;1;0;0;0;1;1
83469273;"03/05/16";"Terça";"17:45:00";"GO";153;"508,9";"APARECIDA DE GOIANIA";"Falta de atenção";"Colisão traseira";"Sem Vítimas";"Anoitecer";"Decrescente";"Ceu Claro";"Dupla";"Reta";"Urbano";2;0;0;0;2;0;0;2
83469274;"30/05/16";"Segunda";"15:50:00";"MG";381;"908,3";"CAMBUI";"Velocidade incompatível";"Capotamento";"Com Vítimas Feridas";"Pleno dia";"Crescente";"Chuva";"Dupla";"Curva";"Rural";1;0;1;0;0;0;1;1
83469275;"30/05/16";"Segunda";"16:45:00";"PR";277;"327,5";"GUARAPUAVA";"Outras";"Colisão frontal";"Com Vítimas Feridas";"Pleno dia";"Crescente";"Nublado";"Simples";"Curva";"Rural";2;0;0;1;1;0;1;2
83469276;"30/05/16";"Segunda";"18:15:00";"SC";280;"231,8";"CANOINHAS";"Falta de atenção";"Colisão Transversal";"Sem Vítimas";"Anoitecer";"Crescente";"Chuva";"Simples";"Cruzamento";"Urbano";2;0;0;0;2;0;0;2
83469277;"18/05/16";"Quarta";"16:30:00";"ES";101;"262";"SERRA";"Falta de atenção";"Colisão Transversal";"Com Vítimas Feridas";"Pleno dia";"Decrescente";"Nublado";"Dupla";"Cruzamento";"Urbano";2;0;2;0;0;0;2;2
83469278;"30/05/16";"Segunda";"19:00:00";"SP";116;"541,7";"BARRA DO TURVO";"Velocidade incompatível";"Colisão com objeto fixo";"Sem Vítimas";"Plena noite";"Crescente";"Nublado";"Dupla";"Curva";"Rural";2;0;0;0;2;0;0;1
83469279;"26/05/16";"Quinta";"06:50:00";"MG";153;"25";"CENTRALINA";"Velocidade incompatível";"Saída de Pista";"Sem Vítimas";"Pleno dia";"Decrescente";"Ceu Claro";"Dupla";"Reta";"Rural";1;0;0;0;1;0;0;1
83469280;"30/05/16";"Segunda";"07:25:00";"BA";324;"612";"SALVADOR";"Falta de atenção";"Colisão lateral";"Com Vítimas Feridas";"Pleno dia";"Crescente";"Nublado";"Dupla";"Reta";"Rural";3;0;1;0;2;0;1;3
83469281;"30/05/16";"Segunda";"17:10:00";"MG";354;"707,3";"CAXAMBU";"Outras";"Atropelamento de pessoa";"Com Vítimas Feridas";"Pleno dia";"Crescente";"Chuva";"Simples";"Reta";"Urbano";2;0;0;1;1;0;1;1
83469282;"30/05/16";"Segunda";"18:20:00";"PI";343;"600";"FLORIANO";"Outras";"Colisão com bicicleta";"Com Vítimas Feridas";"Plena noite";"Decrescente";"Ceu Claro";"Simples";"Reta";"Urbano";2;0;0;1;0;1;1;2
83469283;"30/05/16";"Segunda";"17:00:00";"PR";158;"521";"PATO BRANCO";"Falta de atenção";"Colisão Transversal";"Sem Vítimas";"Pleno dia";"Crescente";"Chuva";"Simples";"Cruzamento";"Urbano";3;0;0;0;3;0;0;2
83469284;"30/05/16";"Segunda";"15:35:00";"MG";381;"871";"POUSO ALEGRE";"Falta de atenção";"Colisão com objeto fixo";"Sem Vítimas";"Pleno dia";"Crescente";"Chuva";"Dupla";"Reta";"Rural";1;0;0;0;1;0;0;1
83469285;"25/05/16";"Quarta";"22:20:00";"PI";230;"300,2";"FLORIANO";"Falta de atenção";"Tombamento";"Com Vítimas Feridas";"Plena noite";"Decrescente";"Ceu Claro";"Dupla";"Curva";"Rural";1;0;1;0;0;0;1;1
83469286;"30/05/16";"Segunda";"18:00:00";"PR";277;"721,8";"FOZ DO IGUACU";"Falta de atenção";"Queda de motocicleta / bicicleta / veículo";"Com Vítimas Feridas";"Plena noite";"Crescente";"Chuva";"Dupla";"Reta";"Urbano";2;0;1;0;1;0;1;2
83469287;"30/05/16";"Segunda";"14:55:00";"PR";376;"343,5";"ORTIGUEIRA";"Falta de atenção";"Colisão traseira";"Com Vítimas Feridas";"Pleno dia";"Decrescente";"Chuva";"Simples";"Curva";"Rural";4;0;2;0;2;0;2;2
83469288;"30/05/16";"Segunda";"17:55:00";"SP";116;"114,1";"TAUBATE";"Falta de atenção";"Colisão lateral";"Sem Vítimas";"Anoitecer";"Crescente";"Chuva";"Dupla";"Reta";"Urbano";2;0;0;0;1;1;0;2
83469289;"30/05/16";"Segunda";"09:00:00";"GO";40;"21";"LUZIANIA";"Desobediência à sinalização";"Colisão traseira";"Sem Vítimas";"Pleno dia";"Crescente";"Ceu Claro";"Dupla";"Reta";"Urbano";2;0;0;0;2;0;0;2
83469290;"30/05/16";"Segunda";"07:30:00";"MG";381;"394";"BOM JESUS DO AMPARO";"Falta de atenção";"Colisão Transversal";"Com Vítimas Feridas";"Pleno dia";"Decrescente";"Ceu Claro";"Simples";"Reta";"Urbano";2;0;1;0;1;0;1;2
83469291;"30/05/16";"Segunda";"10:20:00";"PB";101;"94,7";"CONDE";"Defeito na via";"Saída de Pista";"Sem Vítimas";"Pleno dia";"Decrescente";"Chuva";"Dupla";"Curva";"Rural";1;0;0;0;1;0;0;1
83469292;"30/05/16";"Segunda";"19:10:00";"MG";40;"775,2";"JUIZ DE FORA";"Animais na Pista";"Atropelamento de animal";"Sem Vítimas";"Plena noite";"Decrescente";"Nublado";"Dupla";"Reta";"Urbano";1;0;0;0;1;0;0;1
83469293;"30/05/16";"Segunda";"20:25:00";"RS";386;"335";"MARQUES DE SOUZA";"Dormindo";"Colisão traseira";"Com Vítimas Feridas";"Plena noite";"Decrescente";"Ceu Claro";"Simples";"Curva";"Rural";2;0;1;0;1;0;1;2
83469294;"30/05/16";"Segunda";"15:30:00";"MA";10;"319";"ACAILANDIA";"Desobediência à sinalização";"Colisão Transversal";"Com Vítimas Feridas";"Pleno dia";"Crescente";"Ceu Claro";"Simples";"Reta";"Urbano";2;0;1;0;1;0;1;2
83469296;"30/05/16";"Segunda";"20:00:00";"SC";470;"124,1";"IBIRAMA";"Falta de atenção";"Tombamento";"Com Vítimas Feridas";"Plena noite";"Decrescente";"Ceu Claro";"Simples";"Curva";"Urbano";2;0;2;0;0;0;2;1
83469297;"30/05/16";"Segunda";"20:00:00";"PR";369;"155";"LONDRINA";"Velocidade incompatível";"Colisão traseira";"Com Vítimas Feridas";"Plena noite";"Decrescente";"Chuva";"Múltipla";"Reta";"Urbano";5;0;1;0;4;0;1;3
83469298;"30/05/16";"Segunda";"16:30:00";"CE";116;"225";"SAO JOAO DO JAGUARIBE";"Outras";"Capotamento";"Sem Vítimas";"Pleno dia";"Decrescente";"Chuva";"Simples";"Curva";"Rural";1;0;0;0;1;0;0;1
83469299;"30/05/16";"Segunda";"19:05:00";"RS";290;"68";"GRAVATAI";"Falta de atenção";"Colisão lateral";"Com Vítimas Feridas";"Plena noite";"Crescente";"Nublado";"Simples";"Curva";"Urbano";2;0;1;0;0;1;1;2
83469300;"30/05/16";"Segunda";"07:40:00";"BA";324;"620";"SALVADOR";"Falta de atenção";"Colisão traseira";"Com Vítimas Feridas";"Pleno dia";"Crescente";"Chuva";"Dupla";"Reta";"Rural";2;0;1;0;1;0;1;2
83469301;"30/05/16";"Segunda";"20:00:00";"SP";116;"270";"TABOAO DA SERRA";"Outras";"Colisão traseira";"Com Vítimas Feridas";"Plena noite";"Decrescente";"Nublado";"Dupla";"Reta";"Urbano";3;0;1;0;2;0;1;2
83469302;"30/05/16";"Segunda";"19:00:00";"RS";293;"13,7";"CAPAO DO LEAO";"Falta de atenção";"Colisão Transversal";"Com Vítimas Feridas";"Anoitecer";"Decrescente";"Nublado";"Simples";"Reta";"Urbano";2;0;1;0;1;0;1;2
83469303;"30/05/16";"Segunda";"18:45:00";"SC";101;"202";"SAO JOSE";"Não guardar distância de segurança";"Colisão traseira";"Com Vítimas Feridas";"Pleno dia";"Decrescente";"Ceu Claro";"Dupla";"Reta";"Urbano";2;0;1;0;1;0;1;2
83469304;"30/05/16";"Segunda";"20:30:00";"SP";116;"475,4";"JACUPIRANGA";"Falta de atenção";"Colisão traseira";"Com Vítimas Feridas";"Plena noite";"Crescente";"Nublado";"Dupla";"Reta";"Rural";2;0;1;0;1;0;1;2
83469305;"30/05/16";"Segunda";"17:50:00";"SC";470;"213,4";"SAO CRISTOVAO DO SUL";"Velocidade incompatível";"Capotamento";"Com Vítimas Feridas";"Anoitecer";"Crescente";"Chuva";"Simples";"Curva";"Rural";2;0;2;0;0;0;2;1
83469306;"30/05/16";"Segunda";"20:15:00";"RS";285;"525,3";"SAO MIGUEL DAS MISSOES";"Falta de atenção";"Saída de Pista";"Sem Vítimas";"Plena noite";"Decrescente";"Nublado";"Simples";"Curva";"Rural";1;0;0;0;1;0;0;1
83469307;"30/05/16";"Segunda";"17:30:00";"MG";459;"25,5";"CALDAS";"Velocidade incompatível";"Capotamento";"Com Vítimas Feridas";"Anoitecer";"Decrescente";"Chuva";"Simples";"Curva";"Rural";1;0;0;1;0;0;1;1
83469308;"30/05/16";"Segunda";"12:00:00";"PA";153;"109";"SAO GERALDO DO ARAGUAIA";"Outras";"Colisão frontal";"Com Vítimas Fatais";"Pleno dia";"Crescente";"Ceu Claro";"Simples";"Reta";"Rural";2;1;0;0;1;0;0;2
83469309;"28/05/16";"Sábado";"21:40:00";"BA";116;"821,3";"VITORIA DA CONQUISTA";"Falta de atenção";"Colisão traseira";"Com Vítimas Feridas";"Plena noite";"Crescente";"Nublado";"Simples";"Reta";"Urbano";2;0;1;0;1;0;1;2
83469310;"30/05/16";"Segunda";"20:30:00";"GO";60;"106,4";"ANAPOLIS";"Outras";"Saída de Pista";"Sem Vítimas";"Plena noite";"Crescente";"Ceu Claro";"Dupla";"Reta";"Rural";1;0;0;0;1;0;0;1
83469311;"30/05/16";"Segunda";"20:50:00";"PR";116;"134,6";"FAZENDA RIO GRANDE";"Falta de atenção";"Colisão lateral";"Sem Vítimas";"Plena noite";"Decrescente";"Nublado";"Múltipla";"Reta";"Urbano";2;0;0;0;2;0;0;2
83469312;"30/05/16";"Segunda";"21:00:00";"MG";153;"15";"CENTRALINA";"Outras";"Colisão traseira";"Com Vítimas Feridas";"Plena noite";"Crescente";"Ceu Claro";"Dupla";"Reta";"Rural";4;0;1;0;3;0;1;3
83469313;"30/05/16";"Segunda";"11:00:00";"PR";153;"393";"MALLET";"Velocidade incompatível";"Saída de Pista";"Sem Vítimas";"Pleno dia";"Crescente";"Chuva";"Simples";"Curva";"Rural";1;0;0;0;1;0;0;1
83469314;"30/05/16";"Segunda";"14:30:00";"MT";163;"846";"SINOP";"Outras";"Colisão traseira";"Com Vítimas Feridas";"Pleno dia";"Decrescente";"Ceu Claro";"Simples";"Reta";"Rural";4;0;1;1;2;0;2;3
83469315;"30/05/16";"Segunda";"21:00:00";"SP";116;"515,9";"CAJATI";"Falta de atenção";"Colisão traseira";"Sem Vítimas";"Plena noite";"Decrescente";"Nublado";"Simples";"Reta";"Rural";2;0;0;0;2;0;0;2
83469316;"30/05/16";"Segunda";"20:50:00";"GO";60;"135,9";"GOIANIA";"Outras";"Saída de Pista";"Com Vítimas Feridas";"Plena noite";"Crescente";"Ceu Claro";"Dupla";"Curva";"Urbano";1;0;0;1;0;0;1;1
83469317;"30/05/16";"Segunda";"20:45:00";"RJ";116;"165";"RIO DE JANEIRO";"Outras";"Colisão com objeto fixo";"Ignorado";"Plena noite";"Crescente";"Ceu Claro";"Múltipla";"Reta";"Urbano";1;0;0;0;0;1;0;1
83469318;"30/05/16";"Segunda";"15:30:00";"SC";101;"319";"LAGUNA";"Outras";"Colisão com objeto fixo";"Sem Vítimas";"Pleno dia";"Decrescente";"Nublado";"Dupla";"Reta";"Rural";2;0;0;0;2;0;0;2
83469319;"30/05/16";"Segunda";"15:10:00";"RO";364;"426";"JARU";"Falta de atenção";"Colisão traseira";"Com Vítimas Feridas";"Pleno dia";"Crescente";"Ceu Claro";"Simples";"Reta";"Urbano";2;0;1;0;1;0;1;2
83469320;"30/05/16";"Segunda";"19:30:00";"RJ";393;"218";"VASSOURAS";"Falta de atenção";"Colisão lateral";"Com Vítimas Feridas";"Plena noite";"Crescente";"Nublado";"Simples";"Reta";"Rural";5;0;3;1;1;0;4;2
83469321;"30/05/16";"Segunda";"22:10:00";"RO";429;"78";"ALVORADA DOESTE";"Falta de atenção";"Saída de Pista";"Com Vítimas Feridas";"Plena noite";"Decrescente";"Chuva";"Simples";"Curva";"Rural";1;0;1;0;0;0;1;1
83469322;"30/05/16";"Segunda";"21:10:00";"CE";222;"14,4";"CAUCAIA";"Ingestão de álcool";"Colisão frontal";"Com Vítimas Feridas";"Plena noite";"Crescente";"Nublado";"Simples";"Reta";"Urbano";3;0;2;0;1;0;2;3
83469323;"30/05/16";"Segunda";"08:36:00";"MS";262;"11,5";"TRES LAGOAS";"Ingestão de álcool";"Queda de motocicleta / bicicleta / veículo";"Com Vítimas Feridas";"Pleno dia";"Crescente";"Ceu Claro";"Simples";"Reta";"Urbano";2;0;2;0;0;0;2;1
83469324;"30/05/16";"Segunda";"22:25:00";"MG";50;"168,5";"UBERABA";"Falta de atenção";"Colisão traseira";"Com Vítimas Feridas";"Plena noite";"Crescente";"Ceu Claro";"Dupla";"Reta";"Rural";3;0;1;1;1;0;2;3
83469325;"30/05/16";"Segunda";"19:15:00";"PR";153;"160,6";"VENTANIA";"Velocidade incompatível";"Tombamento";"Com Vítimas Feridas";"Plena noite";"Decrescente";"Chuva";"Simples";"Curva";"Rural";1;0;1;0;0;0;1;1
83469326;"30/05/16";"Segunda";"12:55:00";"ES";101;"298,6";"VIANA";"Desobediência à sinalização";"Colisão Transversal";"Com Vítimas Feridas";"Pleno dia";"Crescente";"Ceu Claro";"Múltipla";"Reta";"Urbano";2;0;0;1;1;0;1;2
83469327;"30/05/16";"Segunda";"20:45:00";"PR";376;"149,6";"PRESIDENTE CASTELO BRANCO";"Falta de atenção";"Capotamento";"Com Vítimas Fatais";"Plena noite";"Decrescente";"Chuva";"Dupla";"Reta";"Rural";2;1;0;1;0;0;1;1
83469329;"30/05/16";"Segunda";"18:30:00";"PR";277;"599";"CASCAVEL";"Falta de atenção";"Atropelamento de pessoa";"Com Vítimas Feridas";"Anoitecer";"Crescente";"Chuva";"Dupla";"Reta";"Rural";2;0;0;1;1;0;1;1
83469330;"30/05/16";"Segunda";"07:00:00";"MG";251;"300";"SALINAS";"Outras";"Queda de motocicleta / bicicleta / veículo";"Com Vítimas Feridas";"Pleno dia";"Crescente";"Sol";"Simples";"Reta";"Rural";2;0;0;2;0;0;2;1
83469331;"30/05/16";"Segunda";"22:00:00";"PR";373;"173";"PONTA GROSSA";"Falta de atenção";"Colisão lateral";"Com Vítimas Feridas";"Plena noite";"Decrescente";"Chuva";"Múltipla";"Reta";"Urbano";2;0;1;0;1;0;1;2
83469332;"30/05/16";"Segunda";"20:40:00";"PR";376;"593,1";"CURITIBA";"Falta de atenção";"Colisão traseira";"Sem Vítimas";"Plena noite";"Decrescente";"Chuva";"Dupla";"Reta";"Urbano";2;0;0;0;2;0;0;2
83469333;"28/05/16";"Sábado";"14:50:00";"SP";116;"138,7";"SAO JOSE DOS CAMPOS";"Ingestão de álcool";"Colisão com objeto fixo";"Com Vítimas Feridas";"Pleno dia";"Decrescente";"Nublado";"Dupla";"Reta";"Urbano";1;0;1;0;0;0;1;1
83469334;"30/05/16";"Segunda";"00:30:00";"RS";285;"458";"IJUI";"Ingestão de álcool";"Colisão Transversal";"Sem Vítimas";"Plena noite";"Decrescente";"Ceu Claro";"Simples";"Cruzamento";"Urbano";2;0;0;0;2;0;0;2
83469335;"30/05/16";"Segunda";"13:10:00";"PB";101;"56,3";"SANTA RITA";"Defeito mecânico em veículo";"Incêndio";"Sem Vítimas";"Pleno dia";"Decrescente";"Chuva";"Dupla";"Reta";"Rural";2;0;0;0;2;0;0;1
83469336;"31/05/16";"Terça";"01:45:00";"PI";316;"217";"VALENCA DO PIAUI";"Dormindo";"Saída de Pista";"Sem Vítimas";"Plena noite";"Decrescente";"Ceu Claro";"Simples";"Reta";"Rural";1;0;0;0;1;0;0;1
83469337;"27/05/16";"Sexta";"03:15:00";"SC";101;"207,8";"SAO JOSE";"Velocidade incompatível";"Colisão com objeto fixo";"Com Vítimas Fatais";"Plena noite";"Crescente";"Nublado";"Múltipla";"Reta";"Urbano";4;2;0;2;0;0;2;1
83469338;"30/05/16";"Segunda";"22:35:00";"RS";290;"721,1";"URUGUAIANA";"Animais na Pista";"Atropelamento de animal";"Sem Vítimas";"Plena noite";"Decrescente";"Nublado";"Simples";"Curva";"Urbano";1;0;0;0;1;0;0;1
83469339;"30/05/16";"Segunda";"20:25:00";"MG";381;"666";"PERDOES";"Velocidade incompatível";"Derramamento de Carga";"Com Vítimas Feridas";"Plena noite";"Crescente";"Ceu Claro";"Dupla";"Curva";"Rural";48;0;4;1;43;0;5;3
83469340;"30/05/16";"Segunda";"18:56:00";"SC";101;"269";"IMBITUBA";"Velocidade incompatível";"Colisão com objeto fixo";"Com Vítimas Feridas";"Plena noite";"Decrescente";"Nublado";"Dupla";"Curva";"Rural";1;0;1;0;0;0;1;1
83469342;"31/05/16";"Terça";"00:00:00";"RO";364;"331,3";"PRESIDENTE MEDICI";"Dormindo";"Tombamento";"Sem Vítimas";"Plena noite";"Crescente";"Nublado";"Simples";"Reta";"Rural";1;0;0;0;1;0;0;1
83469343;"30/05/16";"Segunda";"18:40:00";"PR";277;"599";"CASCAVEL";"Falta de atenção";"Colisão traseira";"Com Vítimas Feridas";"Plena noite";"Crescente";"Chuva";"Dupla";"Reta";"Urbano";4;0;1;0;3;0;1;3
83469344;"30/05/16";"Segunda";"17:30:00";"SC";101;"329";"CAPIVARI DE BAIXO";"Ultrapassagem indevida";"Colisão frontal";"Com Vítimas Feridas";"Pleno dia";"Crescente";"Chuva";"Simples";"Cruzamento";"Urbano";2;0;0;1;1;0;1;2
83469345;"31/05/16";"Terça";"02:10:00";"SP";116;"366";"MIRACATU";"Falta de atenção";"Colisão com objeto fixo";"Sem Vítimas";"Plena noite";"Crescente";"Nublado";"Dupla";"Reta";"Rural";1;0;0;0;1;0;0;1
83469346;"30/05/16";"Segunda";"19:20:00";"DF";251;"35";"BRASILIA";"Outras";"Atropelamento de pessoa";"Com Vítimas Fatais";"Plena noite";"Crescente";"Ceu Claro";"Simples";"Reta";"Rural";2;1;0;0;1;0;0;1
83469347;"31/05/16";"Terça";"04:30:00";"SP";381;"46";"ATIBAIA";"Falta de atenção";"Colisão com objeto fixo";"Sem Vítimas";"Plena noite";"Decrescente";"Chuva";"Dupla";"Reta";"Urbano";1;0;0;0;1;0;0;1
83469348;"30/05/16";"Segunda";"10:00:00";"CE";116;"47,3";"PACAJUS";"Velocidade incompatível";"Saída de Pista";"Com Vítimas Feridas";"Pleno dia";"Decrescente";"Chuva";"Dupla";"Curva";"Urbano";3;0;3;0;0;0;3;1
83469349;"31/05/16";"Terça";"04:00:00";"SC";470;"342";"CAMPOS NOVOS";"Velocidade incompatível";"Saída de Pista";"Com Vítimas Feridas";"Plena noite";"Crescente";"Nublado";"Simples";"Reta";"Rural";1;0;0;1;0;0;1;1
83469350;"30/05/16";"Segunda";"21:50:00";"PR";277;"34";"MORRETES";"Velocidade incompatível";"Tombamento";"Sem Vítimas";"Plena noite";"Decrescente";"Chuva";"Dupla";"Curva";"Rural";2;0;0;0;2;0;0;2
83469351;"30/05/16";"Segunda";"23:15:00";"PR";277;"129";"BALSA NOVA";"Falta de atenção";"Colisão traseira";"Com Vítimas Feridas";"Plena noite";"Crescente";"Chuva";"Dupla";"Reta";"Rural";2;0;1;0;1;0;1;2
83469352;"30/05/16";"Segunda";"19:00:00";"PR";277;"143";"BALSA NOVA";"Outras";"Saída de Pista";"Com Vítimas Feridas";"Plena noite";"Decrescente";"Nublado";"Simples";"Reta";"Rural";1;0;0;1;0;0;1;1
83469353;"30/05/16";"Segunda";"18:10:00";"RO";319;"63";"PORTO VELHO";"Falta de atenção";"Colisão Transversal";"Com Vítimas Feridas";"Pleno dia";"Crescente";"Ceu Claro";"Dupla";"Reta";"Urbano";5;0;2;0;3;0;2;2
83469354;"31/05/16";"Terça";"05:10:00";"GO";153;"677,7";"PANAMA";"Velocidade incompatível";"Saída de Pista";"Sem Vítimas";"Plena noite";"Crescente";"Ceu Claro";"Dupla";"Reta";"Rural";1;0;0;0;1;0;0;1
83469355;"30/05/16";"Segunda";"15:00:00";"MG";381;"477,4";"CONTAGEM";"Outras";"Colisão traseira";"Com Vítimas Feridas";"Pleno dia";"Decrescente";"Ceu Claro";"Dupla";"Reta";"Rural";3;0;1;0;1;1;1;2
83469356;"28/05/16";"Sábado";"05:25:00";"BA";324;"608,8";"SIMOES FILHO";"Outras";"Colisão traseira";"Com Vítimas Feridas";"Amanhecer";"Decrescente";"Chuva";"Dupla";"Reta";"Urbano";2;0;1;0;1;0;1;2
83469357;"30/05/16";"Segunda";"18:00:00";"PE";232;"255";"ARCOVERDE";"Outras";"Saída de Pista";"Sem Vítimas";"Plena noite";"Decrescente";"Nublado";"Simples";"Reta";"Urbano";1;0;0;0;1;0;0;1
83469358;"31/05/16";"Terça";"06:10:00";"SP";116;"445";"REGISTRO";"Falta de atenção";"Tombamento";"Sem Vítimas";"Pleno dia";"Decrescente";"Ceu Claro";"Dupla";"Reta";"Urbano";1;0;0;0;1;0;0;1
83469359;"30/05/16";"Segunda";"21:30:00";"MT";364;"220";"RONDONOPOLIS";"Dormindo";"Colisão traseira";"Com Vítimas Feridas";"Plena noite";"Decrescente";"Ceu Claro";"Dupla";"Reta";"Urbano";2;0;1;0;1;0;1;2
83469360;"30/05/16";"Segunda";"15:30:00";"PE";232;"64";"POMBOS";"Falta de atenção";"Colisão traseira";"Com Vítimas Feridas";"Pleno dia";"Crescente";"Nublado";"Simples";"Reta";"Rural";2;0;0;1;1;0;1;2
83469361;"30/05/16";"Segunda";"22:00:00";"MS";60;"447";"SIDROLANDIA";"Dormindo";"Tombamento";"Com Vítimas Feridas";"Plena noite";"Decrescente";"Nublado";"Simples";"Reta";"Rural";6;0;3;0;3;0;3;1
83469362;"27/05/16";"Sexta";"18:50:00";"MG";262;"368,3";"JUATUBA";"Outras";"Saída de Pista";"Sem Vítimas";"Plena noite";"Crescente";"Ceu Claro";"Dupla";"Curva";"Urbano";1;0;0;0;1;0;0;1
83469363;"31/05/16";"Terça";"06:20:00";"MG";381;"605,2";"OLIVEIRA";"Falta de atenção";"Colisão lateral";"Sem Vítimas";"Pleno dia";"Decrescente";"Ceu Claro";"Dupla";"Reta";"Rural";2;0;0;0;2;0;0;2
83469364;"23/05/16";"Segunda";"18:40:00";"SP";153;"59,5";"SAO JOSE DO RIO PRETO";"Falta de atenção";"Colisão traseira";"Com Vítimas Feridas";"Anoitecer";"Crescente";"Ceu Claro";"Dupla";"Reta";"Urbano";2;0;1;0;1;0;1;2
83469365;"31/05/16";"Terça";"07:00:00";"MG";356;"266,3";"MURIAE";"Animais na Pista";"Queda de motocicleta / bicicleta / veículo";"Com Vítimas Feridas";"Amanhecer";"Decrescente";"Ceu Claro";"Simples";"Curva";"Urbano";1;0;1;0;0;0;1;1
83469366;"28/05/16";"Sábado";"04:30:00";"AL";316;"260";"SATUBA";"Outras";"Atropelamento de pessoa";"Com Vítimas Fatais";"Amanhecer";"Crescente";"Chuva";"Simples";"Reta";"Rural";2;1;0;0;1;0;0;1
83469367;"30/05/16";"Segunda";"23:30:00";"RJ";101;"75";"CAMPOS DOS GOYTACAZES";"Dormindo";"Saída de Pista";"Com Vítimas Feridas";"Plena noite";"Decrescente";"Nublado";"Simples";"Curva";"Urbano";1;0;1;0;0;0;1;1
83469369;"31/05/16";"Terça";"07:30:00";"RJ";40;"56";"PETROPOLIS";"Velocidade incompatível";"Capotamento";"Com Vítimas Feridas";"Amanhecer";"Decrescente";"Nublado";"Simples";"Curva";"Rural";2;0;2;0;0;0;2;1