"id";"data_inversa";"dia_semana";"horario";"uf";"br";"km";"municipio";"causa_acidente";"tipo_acidente";"classificacao_acidente";"fase_dia";"sentido_via";"condicao_metereologica";"tipo_pista";"tracado_via";"uso_solo";"pessoas";"mortos";"feridos_leves";"feridos_graves";"ilesos";"ignorados";"feridos";"veiculos"
83469370;"31/05/16";"Terça";"06:30:00";"PB";230;"153";"CAMPINA GRANDE";"Velocidade incompatível";"Tombamento";"Sem Vítimas";"Pleno dia";"Decrescente";"Sol";"Simples";"Cruzamento";"Urbano";1;0;0;0;1;0;0;1
83469371;"31/05/16";"Terça";"07:00:00";"RJ";101;"292,2";"ITABORAI";"Defeito mecânico em veículo";"Colisão com objeto fixo";"Com Vítimas Feridas";"Pleno dia";"Crescente";"Nublado";"Simples";"Reta";"Urbano";1;0;1;0;0;0;1;1
83469372;"25/05/16";"Quarta";"15:20:00";"CE";116;"7";"FORTALEZA";"Outras";"Queda de motocicleta / bicicleta / veículo";"Com Vítimas Feridas";"Pleno dia";"Decrescente";"Ceu Claro";"Dupla";"Reta";"Urbano";1;0;1;0;0;0;1;1
83469373;"28/05/16";"Sábado";"04:20:00";"SC";470;"142,7";"RIO DO SUL";"Outras";"Capotamento";"Sem Vítimas";"Plena noite";"Crescente";"Nublado";"Simples";"Reta";"Urbano";1;0;0;0;1;0;0;1
83469375;"26/05/16";"Quinta";"06:45:00";"SC";101;"263";"GAROPABA";"Ingestão de álcool";"Colisão Transversal";"Sem Vítimas";"Amanhecer";"Crescente";"Nublado";"Dupla";"Reta";"Urbano";2;0;0;0;2;0;0;2
83469376;"30/05/16";"Segunda";"14:00:00";"RJ";40;"113";"DUQUE DE CAXIAS";"Outras";"Queda de motocicleta / bicicleta / veículo";"Com Vítimas Feridas";"Pleno dia";"Decrescente";"Ceu Claro";"Simples";"Curva";"Urbano";1;0;1;0;0;0;1;1
83469377;"27/05/16";"Sexta";"23:50:00";"ES";101;"46,4";"CONCEICAO DA BARRA";"Outras";"Danos Eventuais";"Sem Vítimas";"Plena noite";"Crescente";"Nublado";"Simples";"Reta";"Rural";2;0;0;0;2;0;0;2
83469378;"05/05/16";"Quinta";"08:15:00";"TO";153;"498";"PARAISO DO TOCANTINS";"Falta de atenção";"Colisão traseira";"Com Vítimas Feridas";"Pleno dia";"Crescente";"Ceu Claro";"Simples";"Reta";"Rural";2;0;1;0;1;0;1;2
83469379;"29/05/16";"Domingo";"07:35:00";"PR";487;"195";"CAMPO MOURAO";"Outras";"Colisão traseira";"Ignorado";"Pleno dia";"Crescente";"Chuva";"Simples";"Reta";"Rural";2;0;0;0;0;2;0;2
83469380;"27/05/16";"Sexta";"21:05:00";"PE";101;"7,1";"GOIANA";"Desobediência à sinalização";"Colisão Transversal";"Sem Vítimas";"Plena noite";"Decrescente";"Nublado";"Dupla";"Reta";"Urbano";2;0;0;0;2;0;0;2
83469381;"27/05/16";"Sexta";"23:30:00";"MG";381;"357";"JOAO MONLEVADE";"Defeito mecânico em veículo";"Tombamento";"Sem Vítimas";"Plena noite";"Crescente";"Ceu Claro";"Simples";"Curva";"Urbano";1;0;0;0;1;0;0;1
83469382;"31/05/16";"Terça";"03:00:00";"RO";364;"627";"CANDEIAS DO JAMARI";"Dormindo";"Tombamento";"Com Vítimas Feridas";"Plena noite";"Crescente";"Ignorada";"Simples";"Reta";"Rural";2;0;2;0;0;0;2;1
83469383;"28/05/16";"Sábado";"16:30:00";"MG";381;"391";"BARAO DE COCAIS";"Não guardar distância de segurança";"Colisão traseira";"Com Vítimas Feridas";"Pleno dia";"Crescente";"Sol";"Simples";"Reta";"Rural";4;0;2;0;2;0;2;2
83469384;"27/05/16";"Sexta";"18:00:00";"PR";476;"141,5";"CURITIBA";"Ingestão de álcool";"Colisão traseira";"Sem Vítimas";"Plena noite";"Crescente";"Chuva";"Dupla";"Reta";"Urbano";3;0;0;0;3;0;0;3
83469385;"04/05/16";"Quarta";"08:00:00";"RJ";393;"284";"VOLTA REDONDA";"Outras";"Colisão Transversal";"Com Vítimas Feridas";"Amanhecer";"Decrescente";"Ceu Claro";"Dupla";"Reta";"Urbano";2;0;1;0;1;0;1;2
83469386;"31/05/16";"Terça";"04:00:00";"RJ";101;"72";"CAMPOS DOS GOYTACAZES";"Defeito mecânico em veículo";"Colisão com objeto fixo";"Sem Vítimas";"Plena noite";"Crescente";"Ceu Claro";"Simples";"Reta";"Urbano";1;0;0;0;1;0;0;1
83469387;"23/05/16";"Segunda";"14:30:00";"RJ";116;"225";"PIRAI";"Outras";"Colisão com objeto fixo";"Sem Vítimas";"Pleno dia";"Decrescente";"Chuva";"Simples";"Curva";"Urbano";1;0;0;0;1;0;0;1
83469388;"31/05/16";"Terça";"08:00:00";"SP";116;"508,9";"CAJATI";"Velocidade incompatível";"Tombamento";"Com Vítimas Feridas";"Pleno dia";"Crescente";"Ceu Claro";"Simples";"Curva";"Rural";1;0;1;0;0;0;1;1
83469389;"28/05/16";"Sábado";"06:30:00";"PR";376;"652";"TIJUCAS DO SUL";"Falta de atenção";"Saída de Pista";"Sem Vítimas";"Amanhecer";"Crescente";"Ceu Claro";"Dupla";"Curva";"Urbano";1;0;0;0;1;0;0;1
83469390;"27/05/16";"Sexta";"13:40:00";"RJ";116;"227";"PIRAI";"Outras";"Capotamento";"Com Vítimas Feridas";"Pleno dia";"Crescente";"Nublado";"Simples";"Curva";"Urbano";1;0;1;0;0;0;1;1
83469391;"27/05/16";"Sexta";"23:00:00";"SC";470;"195";"POUSO REDONDO";"Falta de atenção";"Colisão lateral";"Sem Vítimas";"Plena noite";"Crescente";"Chuva";"Simples";"Reta";"Rural";2;0;0;0;2;0;0;2
83469392;"30/05/16";"Segunda";"10:40:00";"SP";116;"227";"GUARULHOS";"Não guardar distância de segurança";"Colisão traseira";"Com Vítimas Feridas";"Pleno dia";"Crescente";"Nublado";"Múltipla";"Reta";"Urbano";2;0;1;0;1;0;1;2
83469393;"27/05/16";"Sexta";"16:30:00";"MG";40;"455,9";"CAETANOPOLIS";"Falta de atenção";"Atropelamento de pessoa";"Com Vítimas Fatais";"Pleno dia";"Decrescente";"Ceu Claro";"Dupla";"Reta";"Rural";3;1;0;0;2;0;0;2
83469394;"31/05/16";"Terça";"08:35:00";"PR";376;"183";"SARANDI";"Não guardar distância de segurança";"Colisão traseira";"Com Vítimas Feridas";"Pleno dia";"Decrescente";"Nublado";"Dupla";"Reta";"Urbano";2;0;1;0;1;0;1;2
83469396;"29/05/16";"Domingo";"06:30:00";"RS";116;"482,4";"TURUCU";"Outras";"Saída de Pista";"Com Vítimas Feridas";"Amanhecer";"Crescente";"Ceu Claro";"Simples";"Curva";"Urbano";5;0;2;0;3;0;2;1
83469397;"31/05/16";"Terça";"08:00:00";"SE";101;"68";"MARUIM";"Falta de atenção";"Colisão traseira";"Sem Vítimas";"Pleno dia";"Crescente";"Nublado";"Simples";"Reta";"Urbano";2;0;0;0;1;1;0;2
83469398;"31/05/16";"Terça";"07:20:00";"PR";116;"32";"CAMPINA GRANDE DO SUL";"Velocidade incompatível";"Tombamento";"Com Vítimas Feridas";"Amanhecer";"Decrescente";"Chuva";"Dupla";"Reta";"Rural";1;0;1;0;0;0;1;1
83469399;"31/05/16";"Terça";"05:40:00";"MA";230;"473,8";"RIACHAO";"Falta de atenção";"Colisão traseira";"Com Vítimas Feridas";"Amanhecer";"Decrescente";"Ceu Claro";"Simples";"Curva";"Rural";9;0;7;0;1;1;7;2
83469400;"12/05/16";"Quinta";"07:30:00";"PR";376;"183";"SARANDI";"Outras";"Colisão traseira";"Com Vítimas Feridas";"Pleno dia";"Decrescente";"Ignorada";"Simples";"Reta";"Urbano";2;0;0;1;0;1;1;2
83469401;"31/05/16";"Terça";"08:20:00";"MA";10;"255";"IMPERATRIZ";"Desobediência à sinalização";"Colisão lateral";"Com Vítimas Feridas";"Pleno dia";"Decrescente";"Sol";"Simples";"Reta";"Urbano";2;0;1;0;0;1;1;2
83469402;"27/05/16";"Sexta";"11:57:00";"SC";101;"210,6";"SAO JOSE";"Ultrapassagem indevida";"Colisão traseira";"Com Vítimas Fatais";"Pleno dia";"Crescente";"Nublado";"Múltipla";"Reta";"Urbano";2;1;0;0;1;0;0;2
83469403;"28/05/16";"Sábado";"06:50:00";"AP";210;"30";"MACAPA";"Ingestão de álcool";"Colisão traseira";"Com Vítimas Feridas";"Amanhecer";"Crescente";"Ceu Claro";"Simples";"Reta";"Rural";2;0;1;0;1;0;1;2
83469404;"28/05/16";"Sábado";"05:20:00";"RS";287;"269";"SANTA MARIA";"Ingestão de álcool";"Colisão lateral";"Sem Vítimas";"Plena noite";"Decrescente";"Nublado";"Simples";"Reta";"Rural";2;0;0;0;2;0;0;2
83469405;"31/05/16";"Terça";"08:20:00";"SC";101;"199";"SAO JOSE";"Falta de atenção";"Colisão lateral";"Com Vítimas Feridas";"Pleno dia";"Crescente";"Nublado";"Múltipla";"Reta";"Urbano";2;0;1;0;1;0;1;2
83469406;"30/05/16";"Segunda";"07:10:00";"SP";101;"24";"UBATUBA";"Outras";"Tombamento";"Sem Vítimas";"Pleno dia";"Decrescente";"Ceu Claro";"Simples";"Curva";"Rural";1;0;0;0;1;0;0;1
83469407;"08/05/16";"Domingo";"02:45:00";"GO";40;"1";"VALPARAISO DE GOIAS";"Ingestão de álcool";"Saída de Pista";"Sem Vítimas";"Plena noite";"Crescente";"Ceu Claro";"Dupla";"Reta";"Urbano";1;0;0;0;1;0;0;1
83469408;"25/05/16";"Quarta";"23:00:00";"CE";222;"175";"SOBRAL";"Defeito na via";"Capotamento";"Ignorado";"Plena noite";"Crescente";"Ceu Claro";"Simples";"Reta";"Rural";2;0;0;0;0;2;0;1
83469409;"31/05/16";"Terça";"10:00:00";"SC";470;"58,5";"BLUMENAU";"Falta de atenção";"Tombamento";"Com Vítimas Feridas";"Pleno dia";"Decrescente";"Ceu Claro";"Simples";"Reta";"Urbano";2;0;1;0;1;0;1;2
83469410;"28/05/16";"Sábado";"22:20:00";"PA";163;"835";"SANTAREM";"Ingestão de álcool";"Saída de Pista";"Com Vítimas Fatais";"Plena noite";"Decrescente";"Ceu Claro";"Simples";"Reta";"Urbano";1;1;0;0;0;0;0;1
83469411;"21/05/16";"Sábado";"20:30:00";"MG";262;"714,1";"ARAXA";"Velocidade incompatível";"Colisão lateral";"Com Vítimas Feridas";"Plena noite";"Decrescente";"Ceu Claro";"Simples";"Curva";"Rural";4;0;3;1;0;0;4;2
83469412;"30/05/16";"Segunda";"08:15:00";"RJ";116;"178";"NOVA IGUACU";"Não guardar distância de segurança";"Colisão traseira";"Com Vítimas Feridas";"Pleno dia";"Crescente";"Nublado";"Dupla";"Reta";"Urbano";7;0;1;0;6;0;1;7
83469413;"27/05/16";"Sexta";"00:10:00";"MG";381;"580,6";"CARMOPOLIS DE MINAS";"Falta de atenção";"Tombamento";"Com Vítimas Feridas";"Plena noite";"Decrescente";"Ignorada";"Dupla";"Reta";"Rural";1;0;1;0;0;0;1;1
83469414;"28/05/16";"Sábado";"04:30:00";"RJ";116;"264";"BARRA MANSA";"Outras";"Capotamento";"Com Vítimas Feridas";"Plena noite";"Decrescente";"Nublado";"Dupla";"Curva";"Rural";1;0;1;0;0;0;1;1
83469415;"31/05/16";"Terça";"10:30:00";"MG";381;"483";"BETIM";"Falta de atenção";"Colisão lateral";"Com Vítimas Feridas";"Pleno dia";"Decrescente";"Sol";"Dupla";"Curva";"Urbano";2;0;1;0;1;0;1;2
83469416;"26/03/16";"Sábado";"15:00:00";"SC";101;"193";"BIGUACU";"Outras";"Queda de motocicleta / bicicleta / veículo";"Com Vítimas Feridas";"Pleno dia";"Decrescente";"Sol";"Dupla";"Curva";"Urbano";1;0;0;1;0;0;1;1
83469417;"27/05/16";"Sexta";"11:50:00";"RJ";116;"195";"QUEIMADOS";"Outras";"Saída de Pista";"Com Vítimas Feridas";"Pleno dia";"Decrescente";"Ceu Claro";"Dupla";"Reta";"Rural";1;0;1;0;0;0;1;1
83469418;"30/05/16";"Segunda";"17:40:00";"RJ";354;"6";"RESENDE";"Defeito mecânico em veículo";"Capotamento";"Sem Vítimas";"Plena noite";"Crescente";"Chuva";"Simples";"Curva";"Rural";1;0;0;0;1;0;0;1
83469419;"31/05/16";"Terça";"05:50:00";"CE";222;"5,3";"FORTALEZA";"Não guardar distância de segurança";"Colisão traseira";"Sem Vítimas";"Amanhecer";"Decrescente";"Chuva";"Dupla";"Reta";"Urbano";2;0;0;0;2;0;0;2
83469420;"31/05/16";"Terça";"08:10:00";"PE";232;"127";"CARUARU";"Falta de atenção";"Colisão lateral";"Sem Vítimas";"Pleno dia";"Decrescente";"Ceu Claro";"Dupla";"Reta";"Urbano";2;0;0;0;2;0;0;2
83469421;"27/05/16";"Sexta";"19:20:00";"SP";116;"152,1";"SAO JOSE DOS CAMPOS";"Não guardar distância de segurança";"Queda de motocicleta / bicicleta / veículo";"Com Vítimas Fatais";"Plena noite";"Decrescente";"Nublado";"Dupla";"Reta";"Urbano";2;1;0;0;0;1;0;2
83469422;"31/05/16";"Terça";"07:20:00";"PR";376;"169";"MARINGA";"Velocidade incompatível";"Colisão com objeto fixo";"Com Vítimas Feridas";"Pleno dia";"Crescente";"Nevoeiro/neblina";"Dupla";"Reta";"Rural";3;0;0;2;1;0;2;2
83469423;"30/05/16";"Segunda";"20:00:00";"SC";101;"233";"PALHOCA";"Defeito mecânico em veículo";"Queda de motocicleta / bicicleta / veículo";"Com Vítimas Feridas";"Plena noite";"Crescente";"Nublado";"Simples";"Reta";"Urbano";2;0;2;0;0;0;2;1
83469424;"27/05/16";"Sexta";"17:10:00";"PE";407;"127,1";"PETROLINA";"Não guardar distância de segurança";"Colisão traseira";"Com Vítimas Feridas";"Anoitecer";"Decrescente";"Ceu Claro";"Simples";"Reta";"Urbano";3;0;1;0;2;0;1;3
83469426;"31/05/16";"Terça";"10:30:00";"PB";230;"336,6";"PATOS";"Falta de atenção";"Colisão com bicicleta";"Com Vítimas Feridas";"Pleno dia";"Crescente";"Ceu Claro";"Simples";"Reta";"Urbano";2;0;1;1;0;0;2;2
83469427;"31/05/16";"Terça";"09:10:00";"PE";232;"124";"CARUARU";"Outras";"Queda de motocicleta / bicicleta / veículo";"Com Vítimas Feridas";"Pleno dia";"Crescente";"Ceu Claro";"Dupla";"Reta";"Rural";1;0;1;0;0;0;1;1
83469428;"31/05/16";"Terça";"11:30:00";"PE";101;"49";"IGARASSU";"Não guardar distância de segurança";"Colisão traseira";"Sem Vítimas";"Pleno dia";"Crescente";"Ceu Claro";"Múltipla";"Curva";"Urbano";3;0;0;0;2;1;0;2
83469429;"31/05/16";"Terça";"09:15:00";"MG";40;"788,6";"JUIZ DE FORA";"Velocidade incompatível";"Colisão com objeto fixo";"Com Vítimas Feridas";"Pleno dia";"Decrescente";"Nublado";"Dupla";"Curva";"Rural";1;0;1;0;0;0;1;1
83469430;"28/05/16";"Sábado";"01:00:00";"RO";364;"493";"ARIQUEMES";"Defeito mecânico em veículo";"Incêndio";"Sem Vítimas";"Plena noite";"Crescente";"Ceu Claro";"Simples";"Curva";"Rural";1;0;0;0;1;0;0;1
83469431;"26/05/16";"Quinta";"23:00:00";"MG";135;"448";"BOCAIUVA";"Dormindo";"Colisão lateral";"Com Vítimas Feridas";"Plena noite";"Decrescente";"Ceu Claro";"Simples";"Reta";"Rural";2;0;1;0;1;0;1;2
83469432;"31/05/16";"Terça";"10:40:00";"GO";60;"94,2";"ANAPOLIS";"Outras";"Colisão lateral";"Com Vítimas Feridas";"Pleno dia";"Crescente";"Sol";"Dupla";"Reta";"Urbano";4;0;2;0;2;0;2;2
83469434;"31/05/16";"Terça";"08:20:00";"CE";20;"417,1";"MARACANAU";"Não guardar distância de segurança";"Colisão traseira";"Com Vítimas Feridas";"Pleno dia";"Crescente";"Nublado";"Simples";"Reta";"Urbano";2;0;1;0;1;0;1;2
83469435;"31/05/16";"Terça";"10:40:00";"MG";116;"425,1";"ALPERCATA";"Defeito mecânico em veículo";"Saída de Pista";"Com Vítimas Feridas";"Pleno dia";"Crescente";"Ceu Claro";"Simples";"Reta";"Rural";2;0;1;0;1;0;1;1
83469436;"31/05/16";"Terça";"13:00:00";"RJ";40;"110";"DUQUE DE CAXIAS";"Outras";"Queda de motocicleta / bicicleta / veículo";"Com Vítimas Feridas";"Pleno dia";"Decrescente";"Sol";"Múltipla";"Reta";"Urbano";2;0;2;0;0;0;2;1
83469437;"28/05/16";"Sábado";"01:30:00";"PI";343;"3,2";"TERESINA";"Não guardar distância de segurança";"Colisão traseira";"Com Vítimas Feridas";"Plena noite";"Decrescente";"Ceu Claro";"Múltipla";"Reta";"Urbano";2;0;1;1;0;0;2;2
83469438;"31/05/16";"Terça";"13:05:00";"PR";277;"82,9";"CURITIBA";"Falta de atenção";"Colisão traseira";"Com Vítimas Feridas";"Pleno dia";"Crescente";"Ceu Claro";"Dupla";"Reta";"Urbano";2;0;1;0;1;0;1;2
83469439;"31/05/16";"Terça";"12:35:00";"ES";101;"126,5";"SOORETAMA";"Falta de atenção";"Queda de motocicleta / bicicleta / veículo";"Com Vítimas Feridas";"Pleno dia";"Decrescente";"Sol";"Múltipla";"Reta";"Urbano";1;0;1;0;0;0;1;1
83469440;"24/01/16";"Domingo";"17:20:00";"MG";40;"461,8";"SETE LAGOAS";"Defeito na via";"Colisão Transversal";"Com Vítimas Feridas";"Pleno dia";"Crescente";"Chuva";"Dupla";"Reta";"Rural";4;0;2;1;1;0;3;2
83469441;"20/05/16";"Sexta";"07:00:00";"PR";158;"523,6";"PATO BRANCO";"Velocidade incompatível";"Colisão Transversal";"Com Vítimas Feridas";"Amanhecer";"Crescente";"Chuva";"Simples";"Reta";"Urbano";2;0;1;0;1;0;1;2
83469442;"27/05/16";"Sexta";"21:30:00";"RJ";101;"283";"ITABORAI";"Outras";"Colisão frontal";"Com Vítimas Fatais";"Plena noite";"Crescente";"Ceu Claro";"Simples";"Curva";"Urbano";3;1;0;1;1;0;1;2
83469443;"31/05/16";"Terça";"11:30:00";"PR";376;"659,8";"SAO JOSE DOS PINHAIS";"Velocidade incompatível";"Capotamento";"Com Vítimas Fatais";"Pleno dia";"Crescente";"Nublado";"Dupla";"Reta";"Rural";1;1;0;0;0;0;0;1
83469444;"31/05/16";"Terça";"12:45:00";"RN";304;"255";"SANTA MARIA";"Falta de atenção";"Colisão Transversal";"Com Vítimas Feridas";"Pleno dia";"Crescente";"Ceu Claro";"Simples";"Reta";"Rural";2;0;1;1;0;0;2;2
83469445;"30/05/16";"Segunda";"08:00:00";"MT";163;"806";"SINOP";"Outras";"Capotamento";"Com Vítimas Feridas";"Pleno dia";"Crescente";"Ceu Claro";"Simples";"Reta";"Rural";1;0;1;0;0;0;1;1
83469446;"31/05/16";"Terça";"13:45:00";"RS";116;"253";"SAPUCAIA DO SUL";"Falta de atenção";"Colisão traseira";"Com Vítimas Feridas";"Pleno dia";"Crescente";"Nublado";"Dupla";"Reta";"Urbano";2;0;1;0;1;0;1;2
83469448;"27/05/16";"Sexta";"18:00:00";"SC";116;"12,3";"MAFRA";"Falta de atenção";"Saída de Pista";"Sem Vítimas";"Plena noite";"Crescente";"Chuva";"Simples";"Curva";"Rural";1;0;0;0;1;0;0;1
83469449;"31/05/16";"Terça";"11:25:00";"PE";101;"70,8";"RECIFE";"Não guardar distância de segurança";"Colisão traseira";"Com Vítimas Feridas";"Pleno dia";"Decrescente";"Sol";"Dupla";"Reta";"Urbano";3;0;2;0;1;0;2;2
83469450;"31/05/16";"Terça";"14:00:00";"MA";230;"402,7";"BALSAS";"Falta de atenção";"Colisão lateral";"Com Vítimas Feridas";"Pleno dia";"Decrescente";"Ceu Claro";"Simples";"Reta";"Urbano";2;0;1;0;1;0;1;2
83469451;"31/05/16";"Terça";"07:00:00";"RO";364;"242";"CACOAL";"Desobediência à sinalização";"Colisão Transversal";"Com Vítimas Feridas";"Pleno dia";"Crescente";"Sol";"Simples";"Reta";"Urbano";2;0;2;0;0;0;2;2
83469452;"31/05/16";"Terça";"12:50:00";"SC";280;"127,9";"RIO NEGRINHO";"Outras";"Colisão traseira";"Sem Vítimas";"Pleno dia";"Crescente";"Nublado";"Simples";"Reta";"Urbano";3;0;0;0;3;0;0;3
83469453;"31/05/16";"Terça";"12:00:00";"PA";316;"1";"BELEM";"Falta de atenção";"Colisão Transversal";"Com Vítimas Feridas";"Pleno dia";"Crescente";"Sol";"Dupla";"Reta";"Urbano";2;0;1;0;1;0;1;2
83469454;"30/05/16";"Segunda";"11:40:00";"BA";324;"594";"CANDEIAS";"Outras";"Colisão frontal";"Com Vítimas Fatais";"Pleno dia";"Crescente";"Nublado";"Dupla";"Reta";"Rural";9;5;0;4;0;0;4;2
83469457;"29/05/16";"Domingo";"08:40:00";"RJ";116;"114";"MAGE";"Desobediência à sinalização";"Colisão Transversal";"Com Vítimas Feridas";"Pleno dia";"Crescente";"Ceu Claro";"Simples";"Reta";"Rural";2;0;1;0;1;0;1;2
83469458;"31/05/16";"Terça";"12:20:00";"PR";116;"23";"ANTONINA";"Velocidade incompatível";"Tombamento";"Sem Vítimas";"Pleno dia";"Decrescente";"Sol";"Dupla";"Curva";"Rural";1;0;0;0;1;0;0;1
83469459;"31/05/16";"Terça";"14:35:00";"PR";476;"159";"ARAUCARIA";"Falta de atenção";"Atropelamento de pessoa";"Com Vítimas Feridas";"Pleno dia";"Decrescente";"Nublado";"Simples";"Curva";"Rural";2;0;1;0;1;0;1;1
83469460;"31/05/16";"Terça";"12:00:00";"MT";364;"262,9";"SAO PEDRO DA CIPA";"Falta de atenção";"Colisão traseira";"Sem Vítimas";"Pleno dia";"Decrescente";"Nublado";"Simples";"Reta";"Rural";4;0;0;0;4;0;0;3
83469462;"31/05/16";"Terça";"14:15:00";"SC";280;"22,8";"ARAQUARI";"Falta de atenção";"Colisão lateral";"Com Vítimas Feridas";"Pleno dia";"Decrescente";"Ceu Claro";"Simples";"Reta";"Urbano";2;0;1;0;1;0;1;2
83469463;"30/05/16";"Segunda";"01:45:00";"PI";343;"4,7";"TERESINA";"Outras";"Tombamento";"Com Vítimas Fatais";"Plena noite";"Decrescente";"Ceu Claro";"Múltipla";"Reta";"Urbano";1;1;0;0;0;0;0;1
83469464;"27/05/16";"Sexta";"08:30:00";"SP";116;"218";"GUARULHOS";"Defeito mecânico em veículo";"Tombamento";"Sem Vítimas";"Pleno dia";"Crescente";"Ceu Claro";"Simples";"Curva";"Urbano";1;0;0;0;1;0;0;1
83469465;"31/05/16";"Terça";"09:00:00";"CE";116;"39,9";"HORIZONTE";"Outras";"Incêndio";"Sem Vítimas";"Pleno dia";"Crescente";"Chuva";"Dupla";"Reta";"Urbano";1;0;0;0;1;0;0;1
83469466;"27/05/16";"Sexta";"16:10:00";"MG";381;"932";"EXTREMA";"Velocidade incompatível";"Queda de motocicleta / bicicleta / veículo";"Com Vítimas Feridas";"Pleno dia";"Crescente";"Ceu Claro";"Simples";"Curva";"Urbano";1;0;0;1;0;0;1;1
83469467;"31/05/16";"Terça";"11:20:00";"PB";101;"92";"ALHANDRA";"Outras";"Colisão frontal";"Com Vítimas Feridas";"Pleno dia";"Crescente";"Sol";"Dupla";"Reta";"Urbano";4;0;0;2;1;1;2;2
83469468;"31/05/16";"Terça";"14:10:00";"SP";116;"296";"ITAPECERICA DA SERRA";"Desobediência à sinalização";"Colisão traseira";"Sem Vítimas";"Pleno dia";"Crescente";"Ceu Claro";"Dupla";"Reta";"Rural";3;0;0;0;3;0;0;3
83469469;"31/05/16";"Terça";"13:30:00";"CE";116;"36,1";"HORIZONTE";"Falta de atenção";"Colisão traseira";"Sem Vítimas";"Pleno dia";"Crescente";"Ceu Claro";"Dupla";"Reta";"Rural";4;0;0;0;3;1;0;4
83469470;"29/05/16";"Domingo";"18:20:00";"BA";101;"228,1";"PRESIDENTE TANCREDO NEVES";"Outras";"Colisão traseira";"Com Vítimas Feridas";"Plena noite";"Crescente";"Ignorada";"Simples";"Curva";"Urbano";3;0;2;1;0;0;3;2
83469471;"31/05/16";"Terça";"13:00:00";"SC";101;"205,1";"SAO JOSE";"Defeito mecânico em veículo";"Queda de motocicleta / bicicleta / veículo";"Com Vítimas Feridas";"Pleno dia";"Decrescente";"Nublado";"Múltipla";"Reta";"Urbano";2;0;1;0;1;0;1;1
83469472;"31/05/16";"Terça";"11:00:00";"MG";116;"702,4";"MURIAE";"Falta de atenção";"Colisão traseira";"Com Vítimas Feridas";"Pleno dia";"Crescente";"Sol";"Simples";"Cruzamento";"Urbano";3;0;1;0;2;0;1;2
83469474;"31/05/16";"Terça";"14:30:00";"RO";364;"493";"ARIQUEMES";"Ultrapassagem indevida";"Colisão lateral";"Sem Vítimas";"Pleno dia";"Decrescente";"Ignorada";"Simples";"Curva";"Rural";2;0;0;0;2;0;0;2
83469475;"31/05/16";"Terça";"05:36:00";"MS";60;"527";"NIOAQUE";"Animais na Pista";"Atropelamento de animal";"Sem Vítimas";"Amanhecer";"Decrescente";"Nublado";"Simples";"Reta";"Rural";1;0;0;0;1;0;0;1
83469477;"27/05/16";"Sexta";"19:05:00";"CE";20;"422,1";"MARACANAU";"Falta de atenção";"Colisão Transversal";"Sem Vítimas";"Plena noite";"Decrescente";"Ceu Claro";"Dupla";"Reta";"Urbano";2;0;0;0;2;0;0;2
83469478;"27/05/16";"Sexta";"23:00:00";"SC";101;"243";"PALHOCA";"Outras";"Colisão com objeto fixo";"Sem Vítimas";"Plena noite";"Crescente";"Nublado";"Simples";"Reta";"Rural";1;0;0;0;1;0;0;1
83469479;"31/05/16";"Terça";"15:30:00";"PR";376;"169,8";"MARINGA";"Não guardar distância de segurança";"Colisão lateral";"Sem Vítimas";"Pleno dia";"Crescente";"Chuva";"Dupla";"Reta";"Urbano";2;0;0;0;2;0;0;2
83469480;"31/05/16";"Terça";"13:00:00";"SC";101;"204,9";"SAO JOSE";"Falta de atenção";"Colisão traseira";"Sem Vítimas";"Pleno dia";"Decrescente";"Nublado";"Dupla";"Reta";"Urbano";2;0;0;0;2;0;0;2
83469482;"31/05/16";"Terça";"13:30:00";"MS";163;"313,6";"RIO BRILHANTE";"Outras";"Colisão traseira";"Sem Vítimas";"Pleno dia";"Decrescente";"Nublado";"Dupla";"Reta";"Rural";3;0;0;0;3;0;0;2
83469483;"31/05/16";"Terça";"10:30:00";"MT";364;"602";"NOVA MUTUM";"Defeito na via";"Tombamento";"Sem Vítimas";"Pleno dia";"Decrescente";"Ceu Claro";"Simples";"Reta";"Rural";1;0;0;0;1;0;0;1
83469484;"31/05/16";"Terça";"12:15:00";"PE";232;"45";"VITORIA DE SANTO ANTAO";"Falta de atenção";"Colisão Transversal";"Sem Vítimas";"Pleno dia";"Decrescente";"Ceu Claro";"Dupla";"Reta";"Urbano";2;0;0;0;1;1;0;2
83469485;"31/05/16";"Terça";"09:00:00";"PB";230;"145";"CAMPINA GRANDE";"Desobediência à sinalização";"Colisão traseira";"Com Vítimas Feridas";"Pleno dia";"Crescente";"Sol";"Dupla";"Reta";"Urbano";3;0;1;1;1;0;2;2
83469486;"31/05/16";"Terça";"12:30:00";"RJ";101;"528";"ANGRA DOS REIS";"Outras";"Colisão traseira";"Sem Vítimas";"Pleno dia";"Crescente";"Sol";"Simples";"Reta";"Rural";5;0;0;0;5;0;0;2
83469487;"31/05/16";"Terça";"11:00:00";"AL";101;"2,8";"NOVO LINO";"Desobediência à sinalização";"Saída de Pista";"Sem Vítimas";"Pleno dia";"Crescente";"Ceu Claro";"Dupla";"Curva";"Rural";2;0;0;0;2;0;0;2