"id";"data_inversa";"dia_semana";"horario";"uf";"br";"km";"municipio";"causa_acidente";"tipo_acidente";"classificacao_acidente";"fase_dia";"sentido_via";"condicao_metereologica";"tipo_pista";"tracado_via";"uso_solo";"pessoas";"mortos";"feridos_leves";"feridos_graves";"ilesos";"ignorados";"feridos";"veiculos"
83469488;"31/05/16";"Terça";"14:20:00";"SC";480;"123,9";"CHAPECO";"Falta de atenção";"Colisão lateral";"Sem Vítimas";"Pleno dia";"Decrescente";"Sol";"Dupla";"Reta";"Urbano";2;0;0;0;2;0;0;2
83469490;"31/05/16";"Terça";"17:45:00";"RS";287;"397,2";"SANTIAGO";"Falta de atenção";"Colisão Transversal";"Com Vítimas Feridas";"Anoitecer";"Crescente";"Ceu Claro";"Simples";"Cruzamento";"Urbano";2;0;1;0;1;0;1;2
83469491;"29/05/16";"Domingo";"17:20:00";"MG";262;"578,1";"CORREGO DANTA";"Velocidade incompatível";"Saída de Pista";"Sem Vítimas";"Pleno dia";"Decrescente";"Chuva";"Simples";"Curva";"Rural";1;0;0;0;1;0;0;1
83469492;"31/05/16";"Terça";"16:30:00";"SC";101;"214,5";"PALHOCA";"Ultrapassagem indevida";"Colisão traseira";"Sem Vítimas";"Pleno dia";"Decrescente";"Ceu Claro";"Dupla";"Reta";"Urbano";2;0;0;0;1;1;0;2
83469493;"31/05/16";"Terça";"17:45:00";"RS";293;"14,1";"CAPAO DO LEAO";"Falta de atenção";"Colisão Transversal";"Sem Vítimas";"Anoitecer";"Crescente";"Ceu Claro";"Simples";"Reta";"Urbano";2;0;0;0;2;0;0;2
83469494;"31/05/16";"Terça";"16:26:00";"PR";376;"271";"MARILANDIA DO SUL";"Falta de atenção";"Colisão traseira";"Sem Vítimas";"Pleno dia";"Decrescente";"Nublado";"Simples";"Reta";"Rural";3;0;0;0;3;0;0;2
83469495;"31/05/16";"Terça";"10:40:00";"PE";408;"104";"JABOATAO DOS GUARARAPES";"Defeito na via";"Colisão com objeto móvel";"Sem Vítimas";"Pleno dia";"Crescente";"Ceu Claro";"Simples";"Curva";"Urbano";2;0;0;0;2;0;0;2
83469496;"31/05/16";"Terça";"08:20:00";"SP";153;"62,5";"SAO JOSE DO RIO PRETO";"Não guardar distância de segurança";"Colisão traseira";"Com Vítimas Feridas";"Pleno dia";"Crescente";"Nublado";"Dupla";"Reta";"Urbano";6;0;1;0;5;0;1;5
83469497;"31/05/16";"Terça";"17:30:00";"RS";386;"437,8";"NOVA SANTA RITA";"Ultrapassagem indevida";"Colisão Transversal";"Com Vítimas Feridas";"Anoitecer";"Crescente";"Nublado";"Dupla";"Reta";"Urbano";2;0;0;1;1;0;1;2
83469498;"27/05/16";"Sexta";"21:30:00";"MT";364;"263";"SAO PEDRO DA CIPA";"Ingestão de álcool";"Colisão traseira";"Sem Vítimas";"Plena noite";"Crescente";"Ceu Claro";"Simples";"Reta";"Rural";2;0;0;0;2;0;0;2
83469499;"30/05/16";"Segunda";"10:30:00";"MG";135;"651";"CURVELO";"Defeito mecânico em veículo";"Queda de motocicleta / bicicleta / veículo";"Com Vítimas Feridas";"Pleno dia";"Crescente";"Ceu Claro";"Simples";"Curva";"Rural";2;0;2;0;0;0;2;1
83469500;"31/05/16";"Terça";"18:15:00";"MG";381;"491,8";"BETIM";"Outras";"Atropelamento de pessoa";"Com Vítimas Feridas";"Anoitecer";"Crescente";"Ceu Claro";"Dupla";"Reta";"Urbano";2;0;0;2;0;0;2;1
83469501;"31/05/16";"Terça";"16:40:00";"PE";101;"68,7";"RECIFE";"Defeito mecânico em veículo";"Atropelamento de pessoa";"Com Vítimas Feridas";"Pleno dia";"Decrescente";"Ceu Claro";"Dupla";"Reta";"Urbano";2;0;0;1;1;0;1;1
83469502;"31/05/16";"Terça";"16:00:00";"RS";287;"244";"SANTA MARIA";"Defeito na via";"Tombamento";"Com Vítimas Feridas";"Pleno dia";"Crescente";"Ceu Claro";"Simples";"Cruzamento";"Urbano";2;0;1;0;1;0;1;1
83469503;"31/05/16";"Terça";"07:20:00";"SP";116;"160";"JACAREI";"Outras";"Colisão com objeto fixo";"Com Vítimas Feridas";"Pleno dia";"Decrescente";"Nublado";"Dupla";"Reta";"Urbano";1;0;1;0;0;0;1;1
83469504;"31/05/16";"Terça";"14:30:00";"MG";381;"430,9";"SABARA";"Outras";"Tombamento";"Com Vítimas Feridas";"Pleno dia";"Decrescente";"Ceu Claro";"Simples";"Curva";"Rural";1;0;1;0;0;0;1;1
83469505;"31/05/16";"Terça";"17:45:00";"SC";101;"47";"JOINVILLE";"Falta de atenção";"Colisão lateral";"Com Vítimas Feridas";"Anoitecer";"Decrescente";"Chuva";"Dupla";"Curva";"Rural";2;0;0;1;1;0;1;2
83469506;"31/05/16";"Terça";"10:20:00";"SP";153;"77,2";"BADY BASSITT";"Outras";"Colisão frontal";"Com Vítimas Feridas";"Pleno dia";"Crescente";"Chuva";"Simples";"Reta";"Urbano";3;0;3;0;0;0;3;2
83469507;"17/05/16";"Terça";"06:40:00";"MG";365;"418";"PATOS DE MINAS";"Outras";"Colisão traseira";"Com Vítimas Feridas";"Amanhecer";"Decrescente";"Nevoeiro/neblina";"Dupla";"Reta";"Rural";2;0;1;0;1;0;1;2
83469508;"23/05/16";"Segunda";"18:10:00";"GO";40;"2,8";"VALPARAISO DE GOIAS";"Outras";"Colisão traseira";"Com Vítimas Feridas";"Plena noite";"Crescente";"Ceu Claro";"Dupla";"Reta";"Urbano";2;0;1;0;1;0;1;2
83469509;"31/05/16";"Terça";"12:00:00";"MS";158;"139,9";"APARECIDA DO TABOADO";"Velocidade incompatível";"Colisão lateral";"Com Vítimas Feridas";"Pleno dia";"Crescente";"Chuva";"Simples";"Curva";"Rural";2;0;0;2;0;0;2;2
83469510;"28/05/16";"Sábado";"04:50:00";"TO";153;"601,5";"CRIXAS DO TOCANTINS";"Dormindo";"Saída de Pista";"Sem Vítimas";"Plena noite";"Decrescente";"Ceu Claro";"Simples";"Reta";"Rural";1;0;0;0;1;0;0;1
83469511;"31/05/16";"Terça";"18:45:00";"PA";163;"995,3";"SANTAREM";"Falta de atenção";"Colisão lateral";"Com Vítimas Feridas";"Plena noite";"Decrescente";"Ceu Claro";"Simples";"Reta";"Urbano";2;0;1;0;1;0;1;2
83469512;"23/05/16";"Segunda";"20:00:00";"MG";381;"374";"SAO GONCALO DO RIO ABAIXO";"Velocidade incompatível";"Capotamento";"Sem Vítimas";"Plena noite";"Crescente";"Ceu Claro";"Simples";"Curva";"Rural";1;0;0;0;1;0;0;1
83469513;"31/05/16";"Terça";"18:35:00";"SP";116;"22,8";"LAVRINHAS";"Animais na Pista";"Atropelamento de animal";"Sem Vítimas";"Plena noite";"Crescente";"Nublado";"Dupla";"Reta";"Rural";1;0;0;0;1;0;0;1
83469514;"31/05/16";"Terça";"18:25:00";"MG";50;"29,8";"ARAGUARI";"Velocidade incompatível";"Tombamento";"Com Vítimas Feridas";"Anoitecer";"Decrescente";"Ceu Claro";"Dupla";"Curva";"Rural";1;0;1;0;0;0;1;1
83469515;"31/05/16";"Terça";"20:15:00";"SC";101;"204";"SAO JOSE";"Falta de atenção";"Colisão traseira";"Com Vítimas Feridas";"Plena noite";"Decrescente";"Nublado";"Múltipla";"Reta";"Urbano";4;0;1;0;3;0;1;3
83469516;"31/05/16";"Terça";"22:00:00";"RS";285;"303";"PASSO FUNDO";"Outras";"Derramamento de Carga";"Sem Vítimas";"Pleno dia";"Decrescente";"Nublado";"Simples";"Reta";"Rural";2;0;0;0;2;0;0;2
83469517;"31/05/16";"Terça";"15:15:00";"RS";285;"541,1";"SAO LUIZ GONZAGA";"Dormindo";"Colisão frontal";"Com Vítimas Fatais";"Pleno dia";"Decrescente";"Nublado";"Simples";"Reta";"Rural";2;1;0;0;1;0;0;2
83469518;"31/05/16";"Terça";"22:30:00";"SP";116;"457,8";"PARIQUERA-ACU";"Velocidade incompatível";"Saída de Pista";"Com Vítimas Feridas";"Plena noite";"Decrescente";"Chuva";"Dupla";"Reta";"Rural";1;0;1;0;0;0;1;1
83469519;"31/05/16";"Terça";"22:36:00";"SP";116;"457,8";"PARIQUERA-ACU";"Falta de atenção";"Queda de motocicleta / bicicleta / veículo";"Com Vítimas Feridas";"Plena noite";"Crescente";"Chuva";"Dupla";"Reta";"Rural";1;0;0;1;0;0;1;1
83469520;"31/05/16";"Terça";"22:45:00";"SP";116;"457,5";"PARIQUERA-ACU";"Falta de atenção";"Colisão traseira";"Sem Vítimas";"Plena noite";"Crescente";"Chuva";"Dupla";"Reta";"Rural";2;0;0;0;2;0;0;2
83469521;"31/05/16";"Terça";"17:00:00";"BA";20;"177";"LUIS EDUARDO MAGALHAES";"Defeito mecânico em veículo";"Tombamento";"Sem Vítimas";"Pleno dia";"Decrescente";"Ceu Claro";"Simples";"Reta";"Urbano";2;0;0;0;2;0;0;1
83469522;"31/05/16";"Terça";"17:00:00";"RS";293;"137,3";"CANDIOTA";"Desobediência à sinalização";"Colisão Transversal";"Com Vítimas Feridas";"Pleno dia";"Decrescente";"Sol";"Simples";"Reta";"Urbano";4;0;2;2;0;0;4;2
83469523;"01/06/16";"Quarta";"01:00:00";"SP";116;"493,8";"CAJATI";"Outras";"Saída de Pista";"Sem Vítimas";"Plena noite";"Decrescente";"Chuva";"Dupla";"Reta";"Rural";1;0;0;0;1;0;0;1
83469524;"31/05/16";"Terça";"05:57:00";"BA";324;"551";"AMELIA RODRIGUES";"Velocidade incompatível";"Colisão com objeto fixo";"Sem Vítimas";"Amanhecer";"Decrescente";"Nublado";"Múltipla";"Reta";"Rural";1;0;0;0;1;0;0;1
83469525;"31/05/16";"Terça";"14:30:00";"PB";230;"77,4";"RIACHAO DO POCO";"Ingestão de álcool";"Colisão traseira";"Sem Vítimas";"Pleno dia";"Decrescente";"Sol";"Dupla";"Reta";"Rural";2;0;0;0;2;0;0;2
83469526;"28/05/16";"Sábado";"02:30:00";"CE";20;"426,7";"FORTALEZA";"Outras";"Atropelamento de pessoa";"Com Vítimas Feridas";"Plena noite";"Crescente";"Ceu Claro";"Dupla";"Reta";"Urbano";2;0;0;1;0;1;1;1
83469527;"31/05/16";"Terça";"18:40:00";"SP";116;"519";"CAJATI";"Outras";"Atropelamento de pessoa";"Com Vítimas Fatais";"Plena noite";"Crescente";"Chuva";"Dupla";"Reta";"Rural";2;1;0;0;0;1;0;1
83469528;"31/05/16";"Terça";"18:50:00";"PR";376;"182";"MARINGA";"Falta de atenção";"Colisão lateral";"Sem Vítimas";"Plena noite";"Crescente";"Nublado";"Dupla";"Reta";"Urbano";2;0;0;0;2;0;0;2
83469529;"29/05/16";"Domingo";"07:00:00";"MG";381;"722,7";"CARMO DA CACHOEIRA";"Velocidade incompatível";"Tombamento";"Com Vítimas Feridas";"Pleno dia";"Crescente";"Ignorada";"Dupla";"Curva";"Rural";1;0;1;0;0;0;1;1
83469530;"31/05/16";"Terça";"21:30:00";"RS";470;"70,6";"LAGOA VERMELHA";"Defeito mecânico em veículo";"Colisão traseira";"Sem Vítimas";"Plena noite";"Crescente";"Nevoeiro/neblina";"Simples";"Curva";"Urbano";2;0;0;0;2;0;0;2
83469531;"01/06/16";"Quarta";"01:30:00";"PI";316;"313,2";"PICOS";"Outras";"Colisão com objeto fixo";"Com Vítimas Fatais";"Plena noite";"Decrescente";"Ceu Claro";"Simples";"Reta";"Urbano";1;1;0;0;0;0;0;1
83469532;"31/05/16";"Terça";"19:00:00";"BA";407;"188";"CALDEIRAO GRANDE";"Ingestão de álcool";"Colisão traseira";"Com Vítimas Fatais";"Plena noite";"Decrescente";"Ceu Claro";"Simples";"Reta";"Rural";2;1;0;0;1;0;0;2
83469533;"31/05/16";"Terça";"20:30:00";"MG";381;"388";"BARAO DE COCAIS";"Outras";"Colisão lateral";"Com Vítimas Feridas";"Plena noite";"Crescente";"Ceu Claro";"Simples";"Reta";"Rural";2;0;1;0;1;0;1;2
83469534;"31/05/16";"Terça";"07:40:00";"PR";277;"211";"TEIXEIRA SOARES";"Outras";"Saída de Pista";"Sem Vítimas";"Plena noite";"Crescente";"Chuva";"Simples";"Curva";"Rural";2;0;0;0;2;0;0;1
83469535;"31/05/16";"Terça";"22:00:00";"PR";277;"721,1";"FOZ DO IGUACU";"Outras";"Queda de motocicleta / bicicleta / veículo";"Com Vítimas Feridas";"Plena noite";"Decrescente";"Ceu Claro";"Dupla";"Reta";"Urbano";1;0;0;1;0;0;1;1
83469536;"31/05/16";"Terça";"16:30:00";"PE";101;"58";"PAULISTA";"Defeito mecânico em veículo";"Colisão lateral";"Sem Vítimas";"Pleno dia";"Decrescente";"Nublado";"Dupla";"Reta";"Urbano";2;0;0;0;2;0;0;2
83469537;"31/05/16";"Terça";"23:00:00";"RS";116;"266";"CANOAS";"Ingestão de álcool";"Colisão traseira";"Sem Vítimas";"Plena noite";"Crescente";"Ceu Claro";"Múltipla";"Reta";"Urbano";2;0;0;0;2;0;0;2
83469538;"01/06/16";"Quarta";"04:10:00";"RS";386;"404,7";"TRIUNFO";"Dormindo";"Saída de Pista";"Sem Vítimas";"Plena noite";"Crescente";"Nublado";"Dupla";"Reta";"Rural";1;0;0;0;1;0;0;1
83469539;"31/05/16";"Terça";"22:02:00";"PR";476;"123";"CURITIBA";"Falta de atenção";"Colisão Transversal";"Com Vítimas Feridas";"Plena noite";"Decrescente";"Chuva";"Dupla";"Reta";"Urbano";2;0;0;1;1;0;1;2
83469540;"31/05/16";"Terça";"18:20:00";"ES";101;"262";"SERRA";"Não guardar distância de segurança";"Colisão traseira";"Com Vítimas Feridas";"Plena noite";"Crescente";"Ceu Claro";"Dupla";"Cruzamento";"Urbano";3;0;1;0;2;0;1;3
83469541;"31/05/16";"Terça";"16:00:00";"MA";316;"539";"CAXIAS";"Outras";"Capotamento";"Com Vítimas Feridas";"Pleno dia";"Crescente";"Chuva";"Simples";"Reta";"Rural";1;0;1;0;0;0;1;1
83469542;"27/05/16";"Sexta";"22:10:00";"RO";364;"423";"JARU";"Falta de atenção";"Colisão Transversal";"Com Vítimas Feridas";"Plena noite";"Crescente";"Ceu Claro";"Simples";"Reta";"Urbano";3;0;0;1;2;0;1;2
83469543;"31/05/16";"Terça";"18:00:00";"RN";304;"38";"MOSSORO";"Falta de atenção";"Colisão traseira";"Com Vítimas Feridas";"Anoitecer";"Crescente";"Ceu Claro";"Simples";"Reta";"Urbano";2;0;2;0;0;0;2;2
83469544;"01/06/16";"Quarta";"03:40:00";"SP";116;"408,6";"JUQUIA";"Animais na Pista";"Atropelamento de animal";"Sem Vítimas";"Plena noite";"Crescente";"Chuva";"Dupla";"Curva";"Rural";1;0;0;0;1;0;0;1
83469545;"31/05/16";"Terça";"19:40:00";"MG";116;"272,7";"TEOFILO OTONI";"Velocidade incompatível";"Colisão frontal";"Com Vítimas Fatais";"Plena noite";"Crescente";"Ceu Claro";"Simples";"Reta";"Rural";5;3;0;1;1;0;1;2
83469546;"31/05/16";"Terça";"09:00:00";"MS";262;"92";"TRES LAGOAS";"Dormindo";"Saída de Pista";"Com Vítimas Feridas";"Pleno dia";"Decrescente";"Nublado";"Simples";"Reta";"Rural";1;0;0;1;0;0;1;1
83469547;"31/05/16";"Terça";"16:00:00";"PE";232;"5";"RECIFE";"Velocidade incompatível";"Tombamento";"Com Vítimas Feridas";"Pleno dia";"Crescente";"Sol";"Dupla";"Curva";"Urbano";2;0;1;0;1;0;1;1
83469548;"31/05/16";"Terça";"20:25:00";"SC";101;"157,8";"PORTO BELO";"Outras";"Colisão traseira";"Sem Vítimas";"Plena noite";"Crescente";"Nublado";"Múltipla";"Reta";"Rural";2;0;0;0;2;0;0;2
83469549;"01/06/16";"Quarta";"05:15:00";"PE";232;"398,7";"SERRA TALHADA";"Animais na Pista";"Atropelamento de animal";"Sem Vítimas";"Amanhecer";"Decrescente";"Ceu Claro";"Simples";"Reta";"Rural";1;0;0;0;1;0;0;1
83469550;"30/05/16";"Segunda";"18:20:00";"MG";40;"708";"BARBACENA";"Outras";"Danos Eventuais";"Sem Vítimas";"Plena noite";"Crescente";"Nublado";"Dupla";"Reta";"Rural";1;0;0;0;1;0;0;1
83469551;"31/05/16";"Terça";"17:30:00";"RN";110;"35";"MOSSORO";"Animais na Pista";"Atropelamento de animal";"Com Vítimas Feridas";"Anoitecer";"Crescente";"Ceu Claro";"Simples";"Curva";"Rural";2;0;1;0;1;0;1;1
83469552;"31/05/16";"Terça";"18:10:00";"DF";60;"7,6";"BRASILIA";"Outras";"Capotamento";"Com Vítimas Feridas";"Anoitecer";"Crescente";"Ceu Claro";"Dupla";"Reta";"Urbano";1;0;1;0;0;0;1;1
83469553;"27/05/16";"Sexta";"21:20:00";"PR";467;"73,5";"TOLEDO";"Defeito na via";"Saída de Pista";"Sem Vítimas";"Plena noite";"Crescente";"Nublado";"Dupla";"Reta";"Rural";2;0;0;0;2;0;0;2
83469554;"25/05/16";"Quarta";"07:10:00";"GO";60;"94";"ANAPOLIS";"Falta de atenção";"Colisão traseira";"Com Vítimas Feridas";"Pleno dia";"Decrescente";"Sol";"Dupla";"Reta";"Urbano";3;0;1;0;2;0;1;2
83469555;"31/05/16";"Terça";"15:45:00";"MG";267;"286,5";"BAEPENDI";"Velocidade incompatível";"Capotamento";"Com Vítimas Feridas";"Pleno dia";"Crescente";"Ceu Claro";"Simples";"Curva";"Rural";1;0;1;0;0;0;1;1
83469556;"31/05/16";"Terça";"21:30:00";"PA";230;"80";"MARABA";"Defeito na via";"Saída de Pista";"Sem Vítimas";"Plena noite";"Decrescente";"Nublado";"Simples";"Reta";"Rural";2;0;0;0;2;0;0;2
83469557;"31/05/16";"Terça";"21:45:00";"MS";163;"469";"CAMPO GRANDE";"Defeito na via";"Queda de motocicleta / bicicleta / veículo";"Com Vítimas Feridas";"Plena noite";"Decrescente";"Ceu Claro";"Simples";"Reta";"Rural";1;0;1;0;0;0;1;1
83469558;"01/06/16";"Quarta";"04:40:00";"BA";101;"576,8";"CAMACAN";"Outras";"Saída de Pista";"Com Vítimas Feridas";"Plena noite";"Decrescente";"Nevoeiro/neblina";"Simples";"Reta";"Rural";2;0;1;0;1;0;1;1
83469559;"31/05/16";"Terça";"21:00:00";"CE";20;"309";"CANINDE";"Outras";"Colisão frontal";"Com Vítimas Feridas";"Plena noite";"Crescente";"Ceu Claro";"Simples";"Reta";"Urbano";2;0;0;1;1;0;1;2
83469560;"31/05/16";"Terça";"18:30:00";"BA";410;"23,6";"TUCANO";"Falta de atenção";"Capotamento";"Com Vítimas Feridas";"Anoitecer";"Crescente";"Nublado";"Simples";"Reta";"Rural";1;0;1;0;0;0;1;1
83469561;"31/05/16";"Terça";"12:25:00";"MG";381;"726,6";"CARMO DA CACHOEIRA";"Falta de atenção";"Colisão com objeto fixo";"Sem Vítimas";"Pleno dia";"Decrescente";"Chuva";"Dupla";"Curva";"Rural";1;0;0;0;1;0;0;1
83469562;"31/05/16";"Terça";"18:18:00";"PE";104;"66,7";"CARUARU";"Outras";"Colisão traseira";"Com Vítimas Feridas";"Anoitecer";"Decrescente";"Nublado";"Dupla";"Reta";"Urbano";2;0;0;1;1;0;1;2
83469563;"31/05/16";"Terça";"22:00:00";"SC";158;"107";"CUNHA PORA";"Defeito mecânico em veículo";"Incêndio";"Sem Vítimas";"Plena noite";"Decrescente";"Nublado";"Simples";"Reta";"Rural";1;0;0;0;1;0;0;1
83469564;"31/05/16";"Terça";"19:00:00";"RJ";40;"58";"PETROPOLIS";"Outras";"Colisão traseira";"Com Vítimas Fatais";"Plena noite";"Crescente";"Ceu Claro";"Simples";"Reta";"Rural";2;1;0;0;1;0;0;2
83469565;"31/05/16";"Terça";"16:20:00";"PR";277;"109,8";"CAMPO LARGO";"Defeito mecânico em veículo";"Colisão traseira";"Sem Vítimas";"Pleno dia";"Decrescente";"Ceu Claro";"Dupla";"Reta";"Urbano";2;0;0;0;2;0;0;2
83469566;"31/05/16";"Terça";"23:30:00";"CE";20;"307";"CANINDE";"Outras";"Atropelamento de pessoa";"Com Vítimas Feridas";"Plena noite";"Decrescente";"Ceu Claro";"Simples";"Reta";"Urbano";2;0;0;1;1;0;1;1
83469567;"24/05/16";"Terça";"19:00:00";"MG";381;"491,4";"BETIM";"Falta de atenção";"Colisão lateral";"Sem Vítimas";"Plena noite";"Decrescente";"Ceu Claro";"Dupla";"Curva";"Urbano";2;0;0;0;2;0;0;2
83469568;"31/05/16";"Terça";"22:12:00";"AP";210;"4";"MACAPA";"Não guardar distância de segurança";"Colisão traseira";"Sem Vítimas";"Plena noite";"Decrescente";"Ceu Claro";"Dupla";"Reta";"Urbano";4;0;0;0;4;0;0;2
83469569;"31/05/16";"Terça";"23:00:00";"MT";163;"0,2";"ITIQUIRA";"Outras";"Queda de motocicleta / bicicleta / veículo";"Com Vítimas Feridas";"Plena noite";"Decrescente";"Nevoeiro/neblina";"Simples";"Reta";"Rural";1;0;1;0;0;0;1;1
83469570;"31/05/16";"Terça";"20:00:00";"PR";476;"111";"COLOMBO";"Falta de atenção";"Colisão Transversal";"Com Vítimas Feridas";"Plena noite";"Crescente";"Chuva";"Dupla";"Reta";"Urbano";2;0;1;0;1;0;1;2
83469571;"01/06/16";"Quarta";"01:00:00";"RO";364;"146,1";"PIMENTA BUENO";"Outras";"Saída de Pista";"Com Vítimas Feridas";"Plena noite";"Decrescente";"Chuva";"Simples";"Reta";"Rural";2;0;1;0;1;0;1;1
83469572;"28/05/16";"Sábado";"20:15:00";"RS";392;"350,5";"SANTA MARIA";"Falta de atenção";"Colisão lateral";"Com Vítimas Feridas";"Plena noite";"Decrescente";"Ceu Claro";"Simples";"Reta";"Urbano";4;0;1;0;3;0;1;3
83469573;"01/06/16";"Quarta";"02:40:00";"BA";101;"922";"NOVA VICOSA";"Animais na Pista";"Atropelamento de animal";"Com Vítimas Feridas";"Plena noite";"Crescente";"Ceu Claro";"Simples";"Cruzamento";"Rural";4;0;3;0;1;0;3;1
83469574;"17/05/16";"Terça";"19:15:00";"SP";381;"87,8";"GUARULHOS";"Outras";"Queda de motocicleta / bicicleta / veículo";"Com Vítimas Feridas";"Plena noite";"Decrescente";"Ceu Claro";"Dupla";"Reta";"Urbano";2;0;2;0;0;0;2;1
83469575;"31/05/16";"Terça";"10:30:00";"MT";70;"577";"POCONE";"Falta de atenção";"Saída de Pista";"Sem Vítimas";"Pleno dia";"Decrescente";"Chuva";"Simples";"Curva";"Rural";1;0;0;0;1;0;0;1
83469577;"31/05/16";"Terça";"23:10:00";"RR";174;"503,7";"BOA VISTA";"Falta de atenção";"Colisão Transversal";"Com Vítimas Feridas";"Plena noite";"Decrescente";"Nublado";"Dupla";"Cruzamento";"Urbano";4;0;2;0;2;0;2;2
83469578;"28/05/16";"Sábado";"19:10:00";"ES";259;"22,6";"COLATINA";"Velocidade incompatível";"Saída de Pista";"Com Vítimas Fatais";"Pleno dia";"Decrescente";"Ceu Claro";"Simples";"Reta";"Rural";2;1;1;0;0;0;1;1
83469579;"28/05/16";"Sábado";"18:35:00";"RJ";101;"405";"ITAGUAI";"Falta de atenção";"Colisão Transversal";"Com Vítimas Fatais";"Anoitecer";"Crescente";"Nublado";"Dupla";"Reta";"Urbano";2;1;0;0;1;0;0;2
83469580;"29/05/16";"Domingo";"07:40:00";"PA";316;"101";"SANTA MARIA DO PARA";"Desobediência à sinalização";"Colisão Transversal";"Com Vítimas Feridas";"Pleno dia";"Crescente";"Ceu Claro";"Simples";"Cruzamento";"Urbano";5;0;2;0;3;0;2;2
83469581;"26/05/16";"Quinta";"18:40:00";"PI";343;"31,1";"PARNAIBA";"Ingestão de álcool";"Colisão frontal";"Com Vítimas Fatais";"Plena noite";"Crescente";"Ceu Claro";"Simples";"Reta";"Rural";6;2;1;3;0;0;4;2
83469582;"01/06/16";"Quarta";"04:30:00";"MT";163;"560";"NOVA MUTUM";"Defeito mecânico em veículo";"Incêndio";"Sem Vítimas";"Amanhecer";"Decrescente";"Ceu Claro";"Simples";"Reta";"Rural";1;0;0;0;1;0;0;1
83469583;"01/06/16";"Quarta";"06:30:00";"RS";470;"224";"GARIBALDI";"Não guardar distância de segurança";"Colisão traseira";"Sem Vítimas";"Amanhecer";"Crescente";"Nevoeiro/neblina";"Simples";"Reta";"Urbano";4;0;0;0;4;0;0;2
83469584;"29/05/16";"Domingo";"04:30:00";"GO";60;"38";"ALEXANIA";"Falta de atenção";"Colisão traseira";"Com Vítimas Feridas";"Amanhecer";"Crescente";"Ceu Claro";"Dupla";"Reta";"Rural";2;0;1;0;1;0;1;2
83469585;"25/05/16";"Quarta";"14:40:00";"RS";386;"436,7";"NOVA SANTA RITA";"Velocidade incompatível";"Colisão frontal";"Com Vítimas Feridas";"Pleno dia";"Decrescente";"Sol";"Dupla";"Cruzamento";"Urbano";3;0;0;1;2;0;1;3
83469586;"01/06/16";"Quarta";"07:10:00";"PE";101;"91";"CABO DE SANTO AGOSTINHO";"Velocidade incompatível";"Saída de Pista";"Sem Vítimas";"Pleno dia";"Crescente";"Ceu Claro";"Dupla";"Reta";"Rural";1;0;0;0;1;0;0;1
83469587;"28/05/16";"Sábado";"21:30:00";"MG";267;"340,7";"CAMBUQUIRA";"Animais na Pista";"Atropelamento de animal";"Sem Vítimas";"Plena noite";"Crescente";"Ceu Claro";"Simples";"Reta";"Rural";2;0;0;0;2;0;0;2
83469588;"19/05/16";"Quinta";"17:20:00";"BA";324;"561";"SAO SEBASTIAO DO PASSE";"Defeito mecânico em veículo";"Incêndio";"Sem Vítimas";"Anoitecer";"Crescente";"Nublado";"Dupla";"Reta";"Rural";1;0;0;0;1;0;0;1
83469589;"29/05/16";"Domingo";"05:00:00";"MG";381;"149,5";"GOVERNADOR VALADARES";"Velocidade incompatível";"Queda de motocicleta / bicicleta / veículo";"Com Vítimas Feridas";"Plena noite";"Decrescente";"Ceu Claro";"Simples";"Cruzamento";"Rural";3;0;0;3;0;0;3;1
83469590;"26/05/16";"Quinta";"09:40:00";"MG";40;"417";"CURVELO";"Ultrapassagem indevida";"Saída de Pista";"Sem Vítimas";"Pleno dia";"Decrescente";"Sol";"Simples";"Reta";"Rural";4;0;0;0;4;0;0;1
83469591;"30/05/16";"Segunda";"06:50:00";"PB";230;"172,6";"CAMPINA GRANDE";"Não guardar distância de segurança";"Colisão traseira";"Com Vítimas Feridas";"Pleno dia";"Decrescente";"Chuva";"Simples";"Reta";"Rural";6;0;2;0;4;0;2;2
83469592;"16/05/16";"Segunda";"07:45:00";"RJ";101;"310";"SAO GONCALO";"Outras";"Colisão traseira";"Com Vítimas Feridas";"Pleno dia";"Crescente";"Ceu Claro";"Dupla";"Reta";"Urbano";4;0;1;0;3;0;1;4
83469593;"31/05/16";"Terça";"22:00:00";"PE";232;"180,7";"BELO JARDIM";"Outras";"Colisão frontal";"Com Vítimas Feridas";"Plena noite";"Crescente";"Ceu Claro";"Simples";"Reta";"Urbano";2;0;2;0;0;0;2;2
83469594;"28/05/16";"Sábado";"19:20:00";"GO";40;"24,2";"LUZIANIA";"Falta de atenção";"Colisão Transversal";"Com Vítimas Feridas";"Plena noite";"Decrescente";"Ceu Claro";"Dupla";"Reta";"Urbano";3;0;2;0;1;0;2;2
83469595;"20/01/16";"Quarta";"17:30:00";"SC";101;"118";"ITAJAI";"Falta de atenção";"Colisão lateral";"Com Vítimas Feridas";"Pleno dia";"Decrescente";"Ceu Claro";"Simples";"Reta";"Urbano";3;0;1;0;2;0;1;2
83469600;"16/05/16";"Segunda";"07:30:00";"RJ";101;"310";"SAO GONCALO";"Velocidade incompatível";"Colisão traseira";"Com Vítimas Feridas";"Pleno dia";"Crescente";"Ceu Claro";"Dupla";"Reta";"Urbano";4;0;1;0;3;0;1;4