"id";"data_inversa";"dia_semana";"horario";"uf";"br";"km";"municipio";"causa_acidente";"tipo_acidente";"classificacao_acidente";"fase_dia";"sentido_via";"condicao_metereologica";"tipo_pista";"tracado_via";"uso_solo";"pessoas";"mortos";"feridos_leves";"feridos_graves";"ilesos";"ignorados";"feridos";"veiculos"
83469601;"19/05/16";"Quinta";"20:20:00";"DF";40;"7";"BRASILIA";"Outras";"Capotamento";"Com Vítimas Feridas";"Plena noite";"Crescente";"Ceu Claro";"Dupla";"Reta";"Urbano";2;0;2;0;0;0;2;1
83469602;"04/01/16";"Segunda";"14:50:00";"SC";101;"120";"ITAJAI";"Não guardar distância de segurança";"Colisão traseira";"Sem Vítimas";"Pleno dia";"Decrescente";"Ignorada";"Dupla";"Reta";"Rural";2;0;0;0;2;0;0;2
83469603;"31/05/16";"Terça";"18:30:00";"MG";381;"768";"CAMPANHA";"Outras";"Saída de Pista";"Sem Vítimas";"Anoitecer";"Decrescente";"Ceu Claro";"Dupla";"Reta";"Rural";2;0;0;0;2;0;0;2
83469604;"28/05/16";"Sábado";"10:15:00";"SC";116;"304,6";"CAPAO ALTO";"Defeito mecânico em veículo";"Saída de Pista";"Sem Vítimas";"Pleno dia";"Crescente";"Ceu Claro";"Simples";"Curva";"Rural";1;0;0;0;1;0;0;1
83469605;"31/05/16";"Terça";"21:40:00";"PR";153;"214,5";"TIBAGI";"Outras";"Colisão lateral";"Com Vítimas Feridas";"Plena noite";"Decrescente";"Nublado";"Simples";"Reta";"Rural";2;0;1;0;1;0;1;2
83469606;"28/05/16";"Sábado";"22:45:00";"PR";376;"502,8";"PONTA GROSSA";"Falta de atenção";"Atropelamento de pessoa";"Com Vítimas Feridas";"Plena noite";"Decrescente";"Nublado";"Dupla";"Reta";"Urbano";2;0;0;1;1;0;1;1
83469608;"29/05/16";"Domingo";"05:20:00";"SC";116;"296,5";"CAPAO ALTO";"Velocidade incompatível";"Colisão com objeto fixo";"Com Vítimas Fatais";"Plena noite";"Crescente";"Chuva";"Simples";"Curva";"Rural";1;1;0;0;0;0;0;1
83469609;"09/05/16";"Segunda";"04:45:00";"SC";470;"56,5";"BLUMENAU";"Outras";"Queda de motocicleta / bicicleta / veículo";"Com Vítimas Feridas";"Plena noite";"Crescente";"Ceu Claro";"Simples";"Cruzamento";"Urbano";1;0;1;0;0;0;1;1
83469610;"19/05/16";"Quinta";"18:15:00";"SP";153;"71,6";"SAO JOSE DO RIO PRETO";"Falta de atenção";"Colisão traseira";"Sem Vítimas";"Anoitecer";"Crescente";"Chuva";"Simples";"Reta";"Urbano";4;0;0;0;4;0;0;4
83469611;"01/06/16";"Quarta";"08:30:00";"RS";285;"199,8";"LAGOA VERMELHA";"Desobediência à sinalização";"Colisão Transversal";"Sem Vítimas";"Pleno dia";"Decrescente";"Ceu Claro";"Simples";"Cruzamento";"Urbano";2;0;0;0;2;0;0;2
83469612;"01/06/16";"Quarta";"08:50:00";"SC";101;"217";"PALHOCA";"Outras";"Colisão lateral";"Sem Vítimas";"Pleno dia";"Decrescente";"Nublado";"Dupla";"Reta";"Urbano";2;0;0;0;1;1;0;2
83469613;"01/06/16";"Quarta";"08:50:00";"RJ";40;"12";"TRES RIOS";"Velocidade incompatível";"Colisão com objeto fixo";"Sem Vítimas";"Pleno dia";"Crescente";"Chuva";"Dupla";"Curva";"Rural";1;0;0;0;1;0;0;1
83469614;"01/06/16";"Quarta";"07:00:00";"PR";376;"150";"PRESIDENTE CASTELO BRANCO";"Desobediência à sinalização";"Colisão frontal";"Com Vítimas Fatais";"Pleno dia";"Crescente";"Nevoeiro/neblina";"Dupla";"Reta";"Rural";2;1;0;0;1;0;0;2
83469615;"28/05/16";"Sábado";"17:50:00";"MG";365;"808";"SANTA VITORIA";"Falta de atenção";"Colisão traseira";"Sem Vítimas";"Anoitecer";"Crescente";"Ceu Claro";"Simples";"Reta";"Rural";2;0;0;0;2;0;0;2
83469616;"01/06/16";"Quarta";"07:00:00";"SC";101;"217";"PALHOCA";"Não guardar distância de segurança";"Colisão lateral";"Com Vítimas Feridas";"Pleno dia";"Decrescente";"Ceu Claro";"Simples";"Reta";"Urbano";3;0;0;1;2;0;1;3
83469617;"01/06/16";"Quarta";"08:15:00";"SC";116;"247,8";"LAGES";"Outras";"Colisão Transversal";"Sem Vítimas";"Pleno dia";"Crescente";"Nublado";"Simples";"Cruzamento";"Urbano";2;0;0;0;2;0;0;2
83469618;"29/05/16";"Domingo";"01:00:00";"RJ";101;"426";"MANGARATIBA";"Ingestão de álcool";"Tombamento";"Com Vítimas Feridas";"Plena noite";"Crescente";"Nublado";"Simples";"Curva";"Urbano";6;0;0;5;1;0;5;1
83469619;"07/04/16";"Quinta";"14:00:00";"MG";153;"52";"MONTE ALEGRE DE MINAS";"Falta de atenção";"Colisão lateral";"Sem Vítimas";"Pleno dia";"Decrescente";"Ceu Claro";"Dupla";"Reta";"Rural";2;0;0;0;2;0;0;2
83469620;"31/05/16";"Terça";"18:20:00";"SP";116;"148";"SAO JOSE DOS CAMPOS";"Falta de atenção";"Colisão traseira";"Sem Vítimas";"Plena noite";"Decrescente";"Ceu Claro";"Dupla";"Reta";"Rural";2;0;0;0;2;0;0;2
83469621;"01/06/16";"Quarta";"08:15:00";"RO";364;"197";"PIMENTA BUENO";"Falta de atenção";"Colisão lateral";"Sem Vítimas";"Pleno dia";"Decrescente";"Sol";"Simples";"Reta";"Urbano";2;0;0;0;2;0;0;2
83469622;"01/06/16";"Quarta";"09:30:00";"RJ";116;"74,5";"TERESOPOLIS";"Velocidade incompatível";"Saída de Pista";"Com Vítimas Feridas";"Pleno dia";"Decrescente";"Nublado";"Simples";"Curva";"Rural";1;0;1;0;0;0;1;1
83469623;"01/06/16";"Quarta";"09:20:00";"SC";101;"66,1";"ARAQUARI";"Falta de atenção";"Capotamento";"Sem Vítimas";"Pleno dia";"Decrescente";"Nublado";"Dupla";"Reta";"Rural";1;0;0;0;1;0;0;1
83469624;"01/06/16";"Quarta";"08:20:00";"GO";153;"499,6";"GOIANIA";"Outras";"Colisão traseira";"Sem Vítimas";"Pleno dia";"Decrescente";"Ceu Claro";"Dupla";"Reta";"Urbano";5;0;0;0;5;0;0;5
83469625;"28/05/16";"Sábado";"22:20:00";"MG";381;"489";"BETIM";"Outras";"Capotamento";"Com Vítimas Feridas";"Plena noite";"Crescente";"Ceu Claro";"Dupla";"Curva";"Urbano";4;0;4;0;0;0;4;1
83469626;"29/05/16";"Domingo";"07:30:00";"SC";101;"3";"GARUVA";"Falta de atenção";"Capotamento";"Com Vítimas Feridas";"Pleno dia";"Crescente";"Nublado";"Dupla";"Reta";"Rural";4;0;1;0;3;0;1;1
83469627;"01/06/16";"Quarta";"07:35:00";"GO";60;"95,6";"ANAPOLIS";"Outras";"Colisão traseira";"Sem Vítimas";"Pleno dia";"Decrescente";"Ceu Claro";"Dupla";"Reta";"Urbano";2;0;0;0;1;1;0;2
83469628;"29/05/16";"Domingo";"22:30:00";"RO";364;"228,2";"CACOAL";"Outras";"Saída de Pista";"Com Vítimas Feridas";"Plena noite";"Decrescente";"Ceu Claro";"Simples";"Reta";"Rural";1;0;1;0;0;0;1;1
83469630;"01/06/16";"Quarta";"11:00:00";"PE";101;"65,5";"RECIFE";"Não guardar distância de segurança";"Colisão traseira";"Com Vítimas Feridas";"Pleno dia";"Crescente";"Ceu Claro";"Dupla";"Reta";"Urbano";3;0;1;0;2;0;1;2
83469631;"01/06/16";"Quarta";"09:20:00";"SP";116;"426,3";"JUQUIA";"Falta de atenção";"Colisão lateral";"Sem Vítimas";"Pleno dia";"Decrescente";"Nublado";"Dupla";"Curva";"Rural";2;0;0;0;2;0;0;2
83469632;"28/05/16";"Sábado";"08:00:00";"MG";381;"556";"ITAGUARA";"Outras";"Queda de motocicleta / bicicleta / veículo";"Com Vítimas Feridas";"Amanhecer";"Crescente";"Ceu Claro";"Dupla";"Curva";"Rural";2;0;1;0;1;0;1;1
83469633;"29/05/16";"Domingo";"18:30:00";"SC";101;"86";"BARRA VELHA";"Falta de atenção";"Colisão lateral";"Sem Vítimas";"Plena noite";"Decrescente";"Nublado";"Dupla";"Reta";"Urbano";2;0;0;0;2;0;0;2
83469634;"02/05/16";"Segunda";"22:50:00";"SC";280;"92";"CORUPA";"Dormindo";"Tombamento";"Com Vítimas Fatais";"Plena noite";"Decrescente";"Nublado";"Simples";"Curva";"Urbano";1;1;0;0;0;0;0;1
83469635;"01/06/16";"Quarta";"12:10:00";"RS";386;"437";"NOVA SANTA RITA";"Velocidade incompatível";"Colisão traseira";"Sem Vítimas";"Pleno dia";"Decrescente";"Ceu Claro";"Dupla";"Reta";"Rural";3;0;0;0;3;0;0;3
83469636;"29/05/16";"Domingo";"10:40:00";"MG";135;"609,8";"CURVELO";"Não guardar distância de segurança";"Colisão traseira";"Com Vítimas Feridas";"Pleno dia";"Crescente";"Ceu Claro";"Simples";"Reta";"Rural";2;0;0;1;1;0;1;2
83469637;"01/06/16";"Quarta";"10:05:00";"BA";242;"386";"SEABRA";"Não guardar distância de segurança";"Colisão traseira";"Com Vítimas Feridas";"Pleno dia";"Crescente";"Sol";"Simples";"Reta";"Rural";3;0;1;0;2;0;1;3
83469638;"01/06/16";"Quarta";"07:08:00";"RN";101;"98,8";"NATAL";"Não guardar distância de segurança";"Colisão traseira";"Com Vítimas Feridas";"Pleno dia";"Decrescente";"Sol";"Múltipla";"Reta";"Urbano";3;0;2;0;0;1;2;3
83469639;"29/05/16";"Domingo";"20:00:00";"GO";60;"100";"ANAPOLIS";"Falta de atenção";"Queda de motocicleta / bicicleta / veículo";"Com Vítimas Feridas";"Plena noite";"Crescente";"Ceu Claro";"Dupla";"Reta";"Urbano";1;0;1;0;0;0;1;1
83469640;"01/06/16";"Quarta";"09:30:00";"MT";364;"38";"ALTO GARCAS";"Falta de atenção";"Colisão lateral";"Sem Vítimas";"Pleno dia";"Decrescente";"Ceu Claro";"Simples";"Reta";"Rural";2;0;0;0;2;0;0;2
83469641;"29/05/16";"Domingo";"04:00:00";"ES";101;"267,2";"SERRA";"Dormindo";"Colisão com objeto fixo";"Com Vítimas Feridas";"Plena noite";"Decrescente";"Ignorada";"Múltipla";"Reta";"Urbano";2;0;2;0;0;0;2;1
83469642;"02/05/16";"Segunda";"07:00:00";"RS";287;"296";"SAO PEDRO DO SUL";"Outras";"Saída de Pista";"Ignorado";"Pleno dia";"Crescente";"Nublado";"Simples";"Reta";"Rural";1;0;0;0;0;1;0;1
83469643;"01/06/16";"Quarta";"12:30:00";"SC";101;"216,5";"PALHOCA";"Falta de atenção";"Colisão Transversal";"Com Vítimas Feridas";"Pleno dia";"Decrescente";"Nublado";"Dupla";"Cruzamento";"Urbano";2;0;1;0;1;0;1;2
83469644;"01/06/16";"Quarta";"09:30:00";"PE";104;"76,5";"CARUARU";"Outras";"Colisão lateral";"Com Vítimas Feridas";"Pleno dia";"Decrescente";"Ceu Claro";"Simples";"Curva";"Rural";2;0;0;1;1;0;1;2
83469645;"01/06/16";"Quarta";"09:30:00";"PR";476;"320,5";"PAULO FRONTIN";"Defeito na via";"Colisão Transversal";"Com Vítimas Feridas";"Pleno dia";"Crescente";"Nublado";"Simples";"Reta";"Urbano";3;0;1;0;2;0;1;2
83469646;"01/06/16";"Quarta";"06:30:00";"MG";135;"492,6";"JOAQUIM FELICIO";"Ultrapassagem indevida";"Saída de Pista";"Com Vítimas Feridas";"Pleno dia";"Decrescente";"Ceu Claro";"Simples";"Reta";"Rural";1;0;1;0;0;0;1;1
83469647;"01/06/16";"Quarta";"08:30:00";"SC";101;"199,8";"SAO JOSE";"Velocidade incompatível";"Colisão traseira";"Sem Vítimas";"Pleno dia";"Crescente";"Nublado";"Múltipla";"Reta";"Urbano";2;0;0;0;2;0;0;2
83469648;"01/06/16";"Quarta";"08:30:00";"ES";101;"276";"SERRA";"Falta de atenção";"Colisão com objeto fixo";"Com Vítimas Feridas";"Pleno dia";"Crescente";"Ceu Claro";"Dupla";"Reta";"Urbano";1;0;0;1;0;0;1;1
83469649;"01/06/16";"Quarta";"12:30:00";"PE";407;"128";"PETROLINA";"Falta de atenção";"Colisão lateral";"Com Vítimas Feridas";"Pleno dia";"Crescente";"Ceu Claro";"Simples";"Curva";"Urbano";2;0;1;0;1;0;1;2
83469650;"01/06/16";"Quarta";"12:45:00";"SC";116;"233,1";"CORREIA PINTO";"Falta de atenção";"Colisão com objeto fixo";"Sem Vítimas";"Pleno dia";"Crescente";"Nublado";"Múltipla";"Reta";"Rural";1;0;0;0;1;0;0;1
83469651;"01/06/16";"Quarta";"10:30:00";"SC";282;"1,3";"FLORIANOPOLIS";"Não guardar distância de segurança";"Colisão lateral";"Com Vítimas Feridas";"Pleno dia";"Decrescente";"Nublado";"Múltipla";"Curva";"Urbano";2;0;1;0;1;0;1;2
83469652;"29/05/16";"Domingo";"05:40:00";"BA";116;"408";"FEIRA DE SANTANA";"Dormindo";"Colisão lateral";"Com Vítimas Feridas";"Amanhecer";"Crescente";"Ceu Claro";"Simples";"Reta";"Rural";3;0;1;0;2;0;1;2
83469653;"01/06/16";"Quarta";"08:00:00";"BA";242;"500";"OLIVEIRA DOS BREJINHOS";"Defeito mecânico em veículo";"Saída de Pista";"Sem Vítimas";"Pleno dia";"Crescente";"Sol";"Simples";"Reta";"Rural";1;0;0;0;1;0;0;1
83469654;"02/02/16";"Terça";"13:50:00";"BA";116;"449,3";"ANTONIO CARDOSO";"Ultrapassagem indevida";"Queda de motocicleta / bicicleta / veículo";"Com Vítimas Feridas";"Pleno dia";"Crescente";"Chuva";"Simples";"Curva";"Rural";1;0;1;0;0;0;1;1
83469656;"09/05/16";"Segunda";"17:20:00";"AL";316;"201,1";"MARIBONDO";"Defeito na via";"Colisão Transversal";"Sem Vítimas";"Anoitecer";"Decrescente";"Chuva";"Simples";"Reta";"Rural";2;0;0;0;2;0;0;2
83469657;"16/05/16";"Segunda";"06:45:00";"CE";20;"417,5";"MARACANAU";"Falta de atenção";"Colisão traseira";"Com Vítimas Feridas";"Pleno dia";"Crescente";"Ceu Claro";"Simples";"Reta";"Urbano";2;0;1;0;1;0;1;2
83469658;"01/06/16";"Quarta";"08:50:00";"SP";116;"107,3";"TAUBATE";"Falta de atenção";"Colisão lateral";"Sem Vítimas";"Pleno dia";"Crescente";"Ceu Claro";"Dupla";"Reta";"Urbano";2;0;0;0;2;0;0;2
83469659;"01/06/16";"Quarta";"07:35:00";"PB";230;"32,8";"BAYEUX";"Falta de atenção";"Colisão traseira";"Com Vítimas Feridas";"Pleno dia";"Decrescente";"Ceu Claro";"Dupla";"Reta";"Urbano";3;0;2;0;1;0;2;2
83469660;"01/06/16";"Quarta";"13:00:00";"SC";470;"142,6";"RIO DO SUL";"Falta de atenção";"Colisão traseira";"Com Vítimas Feridas";"Pleno dia";"Crescente";"Nublado";"Múltipla";"Reta";"Urbano";3;0;1;0;2;0;1;3
83469661;"01/06/16";"Quarta";"10:20:00";"RJ";465;"20";"NOVA IGUACU";"Falta de atenção";"Colisão Transversal";"Com Vítimas Feridas";"Pleno dia";"Decrescente";"Ceu Claro";"Simples";"Reta";"Urbano";3;0;2;0;1;0;2;2
83469662;"01/06/16";"Quarta";"10:00:00";"RS";386;"294,6";"POUSO NOVO";"Velocidade incompatível";"Colisão lateral";"Com Vítimas Feridas";"Pleno dia";"Decrescente";"Nublado";"Simples";"Curva";"Rural";3;0;0;1;2;0;1;3
83469663;"01/06/16";"Quarta";"12:50:00";"PE";408;"101";"JABOATAO DOS GUARARAPES";"Falta de atenção";"Colisão traseira";"Sem Vítimas";"Pleno dia";"Crescente";"Sol";"Dupla";"Reta";"Rural";2;0;0;0;2;0;0;2
83469664;"28/05/16";"Sábado";"16:00:00";"MG";381;"821";"CAREACU";"Outras";"Queda de motocicleta / bicicleta / veículo";"Com Vítimas Feridas";"Pleno dia";"Decrescente";"Sol";"Dupla";"Reta";"Rural";1;0;1;0;0;0;1;1
83469665;"01/06/16";"Quarta";"10:15:00";"MG";262;"611,4";"IBIA";"Velocidade incompatível";"Colisão frontal";"Com Vítimas Fatais";"Pleno dia";"Crescente";"Chuva";"Simples";"Curva";"Rural";2;1;0;0;1;0;0;2
83469666;"30/04/16";"Sábado";"19:45:00";"PA";316;"115";"SANTA MARIA DO PARA";"Outras";"Colisão traseira";"Sem Vítimas";"Plena noite";"Decrescente";"Ceu Claro";"Simples";"Reta";"Rural";3;0;0;0;3;0;0;3
83469667;"01/06/16";"Quarta";"08:05:00";"PE";101;"70";"RECIFE";"Falta de atenção";"Colisão Transversal";"Com Vítimas Feridas";"Pleno dia";"Crescente";"Sol";"Múltipla";"Reta";"Urbano";2;0;1;0;1;0;1;2
83469668;"01/06/16";"Quarta";"13:30:00";"MG";153;"17";"CENTRALINA";"Ingestão de álcool";"Colisão lateral";"Com Vítimas Feridas";"Pleno dia";"Decrescente";"Ceu Claro";"Dupla";"Reta";"Rural";2;0;0;1;1;0;1;2
83469669;"01/06/16";"Quarta";"12:30:00";"SC";101;"294,7";"IMBITUBA";"Velocidade incompatível";"Colisão traseira";"Com Vítimas Feridas";"Pleno dia";"Crescente";"Nublado";"Dupla";"Reta";"Urbano";4;0;3;0;1;0;3;2
83469670;"01/06/16";"Quarta";"12:30:00";"MS";163;"350";"RIO BRILHANTE";"Velocidade incompatível";"Saída de Pista";"Sem Vítimas";"Pleno dia";"Crescente";"Chuva";"Simples";"Reta";"Rural";1;0;0;0;1;0;0;1
83469671;"01/06/16";"Quarta";"11:30:00";"MG";381;"765";"CAMPANHA";"Outras";"Saída de Pista";"Sem Vítimas";"Pleno dia";"Crescente";"Chuva";"Dupla";"Reta";"Rural";1;0;0;0;1;0;0;1
83469672;"31/05/16";"Terça";"17:12:00";"MS";158;"118,6";"PARANAIBA";"Outras";"Colisão com objeto móvel";"Sem Vítimas";"Anoitecer";"Crescente";"Nublado";"Simples";"Reta";"Rural";3;0;0;0;3;0;0;1
83469673;"21/05/16";"Sábado";"02:00:00";"SC";101;"236";"PALHOCA";"Velocidade incompatível";"Saída de Pista";"Sem Vítimas";"Plena noite";"Crescente";"Nublado";"Dupla";"Reta";"Urbano";1;0;0;0;1;0;0;1
83469674;"27/05/16";"Sexta";"12:05:00";"MA";135;"11";"SAO LUIS";"Outras";"Queda de motocicleta / bicicleta / veículo";"Com Vítimas Feridas";"Pleno dia";"Decrescente";"Ceu Claro";"Dupla";"Reta";"Rural";2;0;1;0;1;0;1;2
83469675;"29/05/16";"Domingo";"08:05:00";"GO";70;"3";"AGUAS LINDAS DE GOIAS";"Outras";"Saída de Pista";"Com Vítimas Fatais";"Pleno dia";"Crescente";"Ceu Claro";"Dupla";"Reta";"Urbano";1;1;0;0;0;0;0;1
83469676;"01/06/16";"Quarta";"01:30:00";"MG";381;"365";"SAO GONCALO DO RIO ABAIXO";"Velocidade incompatível";"Saída de Pista";"Com Vítimas Fatais";"Plena noite";"Crescente";"Ceu Claro";"Simples";"Curva";"Rural";3;1;1;1;0;0;2;1
83469677;"01/06/16";"Quarta";"09:15:00";"RJ";116;"166,8";"SAO JOAO DE MERITI";"Não guardar distância de segurança";"Colisão traseira";"Com Vítimas Feridas";"Pleno dia";"Crescente";"Sol";"Múltipla";"Reta";"Urbano";2;0;1;0;1;0;1;2
83469678;"01/06/16";"Quarta";"06:45:00";"RN";226;"14,8";"MACAIBA";"Outras";"Colisão frontal";"Com Vítimas Feridas";"Pleno dia";"Decrescente";"Ceu Claro";"Simples";"Reta";"Urbano";3;0;1;1;1;0;2;3
83469679;"01/06/16";"Quarta";"06:55:00";"AC";364;"125";"RIO BRANCO";"Falta de atenção";"Colisão lateral";"Com Vítimas Feridas";"Pleno dia";"Decrescente";"Sol";"Simples";"Reta";"Urbano";3;0;2;0;1;0;2;2
83469680;"01/06/16";"Quarta";"12:15:00";"RS";285;"295,3";"PASSO FUNDO";"Não guardar distância de segurança";"Colisão traseira";"Sem Vítimas";"Pleno dia";"Crescente";"Sol";"Simples";"Reta";"Urbano";2;0;0;0;2;0;0;2
83469681;"01/06/16";"Quarta";"08:00:00";"MG";116;"785,2";"LEOPOLDINA";"Falta de atenção";"Colisão frontal";"Com Vítimas Fatais";"Pleno dia";"Crescente";"Nublado";"Simples";"Reta";"Rural";2;1;1;0;0;0;1;2
83469682;"29/05/16";"Domingo";"06:45:00";"MG";116;"675,2";"MIRADOURO";"Dormindo";"Saída de Pista";"Com Vítimas Feridas";"Amanhecer";"Crescente";"Nublado";"Simples";"Reta";"Rural";1;0;1;0;0;0;1;1
83469683;"29/05/16";"Domingo";"10:30:00";"MT";163;"566,4";"NOVA MUTUM";"Falta de atenção";"Capotamento";"Com Vítimas Feridas";"Pleno dia";"Decrescente";"Ignorada";"Simples";"Reta";"Rural";1;0;1;0;0;0;1;1
83469684;"01/06/16";"Quarta";"10:00:00";"MG";262;"589";"CAMPOS ALTOS";"Velocidade incompatível";"Saída de Pista";"Com Vítimas Feridas";"Pleno dia";"Crescente";"Chuva";"Simples";"Curva";"Rural";1;0;1;0;0;0;1;1
83469685;"28/05/16";"Sábado";"09:00:00";"BA";101;"422";"IBIRAPITANGA";"Velocidade incompatível";"Saída de Pista";"Sem Vítimas";"Pleno dia";"Crescente";"Ceu Claro";"Simples";"Curva";"Rural";1;0;0;0;1;0;0;1
83469686;"01/06/16";"Quarta";"11:55:00";"CE";116;"378,3";"ICO";"Falta de atenção";"Colisão Transversal";"Sem Vítimas";"Pleno dia";"Crescente";"Ceu Claro";"Simples";"Cruzamento";"Urbano";2;0;0;0;2;0;0;2
83469687;"01/06/16";"Quarta";"07:40:00";"GO";153;"497";"GOIANIA";"Defeito mecânico em veículo";"Colisão com objeto fixo";"Sem Vítimas";"Pleno dia";"Decrescente";"Ceu Claro";"Dupla";"Reta";"Urbano";1;0;0;0;1;0;0;1
83469688;"01/06/16";"Quarta";"09:15:00";"SC";282;"221,4";"LAGES";"Defeito mecânico em veículo";"Incêndio";"Sem Vítimas";"Pleno dia";"Crescente";"Nevoeiro/neblina";"Simples";"Reta";"Urbano";1;0;0;0;1;0;0;1
83469689;"01/06/16";"Quarta";"09:45:00";"RJ";116;"174,3";"BELFORD ROXO";"Falta de atenção";"Colisão lateral";"Com Vítimas Feridas";"Pleno dia";"Crescente";"Ceu Claro";"Múltipla";"Reta";"Urbano";2;0;1;0;1;0;1;2
83469690;"01/06/16";"Quarta";"13:45:00";"RN";101;"83";"PARNAMIRIM";"Não guardar distância de segurança";"Colisão traseira";"Sem Vítimas";"Pleno dia";"Crescente";"Sol";"Dupla";"Reta";"Urbano";2;0;0;0;2;0;0;2
83469691;"01/06/16";"Quarta";"09:20:00";"SC";282;"222,1";"LAGES";"Velocidade incompatível";"Colisão traseira";"Sem Vítimas";"Pleno dia";"Decrescente";"Nevoeiro/neblina";"Simples";"Reta";"Urbano";5;0;0;0;5;0;0;5
83469692;"31/05/16";"Terça";"10:00:00";"GO";60;"326";"ACREUNA";"Outras";"Saída de Pista";"Com Vítimas Feridas";"Pleno dia";"Crescente";"Ceu Claro";"Dupla";"Reta";"Rural";1;0;0;1;0;0;1;1
83469693;"01/06/16";"Quarta";"03:00:00";"SP";116;"389,2";"MIRACATU";"Não guardar distância de segurança";"Colisão traseira";"Sem Vítimas";"Plena noite";"Crescente";"Chuva";"Dupla";"Reta";"Rural";3;0;0;0;2;1;0;2
83469694;"01/06/16";"Quarta";"13:40:00";"MG";262;"38,6";"MANHUACU";"Falta de atenção";"Colisão Transversal";"Com Vítimas Feridas";"Pleno dia";"Crescente";"Ceu Claro";"Simples";"Reta";"Urbano";2;0;1;0;1;0;1;2
83469695;"01/06/16";"Quarta";"07:30:00";"PR";277;"602";"CASCAVEL";"Ingestão de álcool";"Colisão frontal";"Com Vítimas Feridas";"Pleno dia";"Crescente";"Nublado";"Dupla";"Reta";"Rural";8;0;2;0;6;0;2;2
83469696;"01/06/16";"Quarta";"14:00:00";"SC";470;"168,9";"POUSO REDONDO";"Falta de atenção";"Colisão traseira";"Com Vítimas Feridas";"Pleno dia";"Decrescente";"Nublado";"Simples";"Curva";"Rural";3;0;2;0;1;0;2;2
83469697;"01/06/16";"Quarta";"12:30:00";"RJ";116;"172";"BELFORD ROXO";"Falta de atenção";"Colisão lateral";"Com Vítimas Feridas";"Pleno dia";"Crescente";"Nublado";"Múltipla";"Reta";"Urbano";6;0;1;0;5;0;1;2
83469698;"01/06/16";"Quarta";"11:50:00";"RJ";116;"169,5";"SAO JOAO DE MERITI";"Falta de atenção";"Colisão traseira";"Com Vítimas Feridas";"Pleno dia";"Decrescente";"Sol";"Múltipla";"Reta";"Urbano";3;0;0;1;2;0;1;2
83469699;"28/05/16";"Sábado";"16:35:00";"MG";381;"509,2";"SAO JOAQUIM DE BICAS";"Outras";"Capotamento";"Com Vítimas Feridas";"Pleno dia";"Decrescente";"Ceu Claro";"Dupla";"Curva";"Urbano";1;0;1;0;0;0;1;1
83469700;"01/06/16";"Quarta";"15:00:00";"SP";381;"34,5";"ATIBAIA";"Falta de atenção";"Colisão lateral";"Sem Vítimas";"Pleno dia";"Crescente";"Ceu Claro";"Dupla";"Reta";"Urbano";2;0;0;0;2;0;0;2
83469701;"01/06/16";"Quarta";"12:30:00";"RS";290;"448";"SAO GABRIEL";"Outras";"Saída de Pista";"Sem Vítimas";"Pleno dia";"Crescente";"Ceu Claro";"Simples";"Curva";"Rural";1;0;0;0;1;0;0;1
83469702;"01/06/16";"Quarta";"08:15:00";"MG";50;"144,9";"UBERABA";"Velocidade incompatível";"Saída de Pista";"Com Vítimas Feridas";"Pleno dia";"Crescente";"Sol";"Dupla";"Curva";"Rural";2;0;2;0;0;0;2;1
83469703;"28/05/16";"Sábado";"12:05:00";"RO";364;"493";"ARIQUEMES";"Falta de atenção";"Colisão traseira";"Com Vítimas Feridas";"Pleno dia";"Crescente";"Ceu Claro";"Simples";"Reta";"Rural";2;0;0;1;1;0;1;2
83469704;"01/06/16";"Quarta";"11:30:00";"PA";230;"605";"VITORIA DO XINGU";"Defeito na via";"Capotamento";"Sem Vítimas";"Plena noite";"Decrescente";"Ceu Claro";"Simples";"Reta";"Rural";5;0;0;0;5;0;0;1
83469705;"25/05/16";"Quarta";"08:10:00";"SC";282;"3,4";"FLORIANOPOLIS";"Falta de atenção";"Colisão lateral";"Com Vítimas Feridas";"Pleno dia";"Decrescente";"Sol";"Dupla";"Reta";"Urbano";3;0;1;1;1;0;2;2
83469706;"01/06/16";"Quarta";"08:40:00";"MG";262;"71,6";"MATIPO";"Dormindo";"Colisão traseira";"Com Vítimas Feridas";"Pleno dia";"Decrescente";"Ceu Claro";"Simples";"Reta";"Rural";4;0;1;1;2;0;2;2
83469707;"01/06/16";"Quarta";"09:10:00";"RN";406;"32";"GUAMARE";"Ultrapassagem indevida";"Colisão frontal";"Com Vítimas Feridas";"Pleno dia";"Crescente";"Sol";"Simples";"Reta";"Rural";4;0;3;1;0;0;4;2
83469708;"01/06/16";"Quarta";"12:10:00";"RS";386;"275,5";"SAO JOSE DO HERVAL";"Outras";"Tombamento";"Com Vítimas Feridas";"Pleno dia";"Decrescente";"Ceu Claro";"Simples";"Curva";"Rural";1;0;1;0;0;0;1;1
83469709;"30/05/16";"Segunda";"12:40:00";"SC";163;"66";"SAO MIGUEL DOESTE";"Defeito na via";"Queda de motocicleta / bicicleta / veículo";"Com Vítimas Feridas";"Pleno dia";"Decrescente";"Ceu Claro";"Dupla";"Curva";"Urbano";1;0;1;0;0;0;1;1
83469710;"01/06/16";"Quarta";"15:50:00";"PR";277;"6";"FOZ DO IGUACU";"Desobediência à sinalização";"Colisão Transversal";"Com Vítimas Feridas";"Pleno dia";"Decrescente";"Ceu Claro";"Dupla";"Reta";"Urbano";3;0;1;0;2;0;1;2