"id";"data_inversa";"dia_semana";"horario";"uf";"br";"km";"municipio";"causa_acidente";"tipo_acidente";"classificacao_acidente";"fase_dia";"sentido_via";"condicao_metereologica";"tipo_pista";"tracado_via";"uso_solo";"pessoas";"mortos";"feridos_leves";"feridos_graves";"ilesos";"ignorados";"feridos";"veiculos"
83469711;"30/05/16";"Segunda";"22:36:00";"RO";364;"696";"PORTO VELHO";"Defeito na via";"Queda de motocicleta / bicicleta / veículo";"Com Vítimas Feridas";"Plena noite";"Crescente";"Ceu Claro";"Dupla";"Reta";"Rural";2;0;1;1;0;0;2;1
83469713;"01/06/16";"Quarta";"14:10:00";"MG";50;"72";"UBERLANDIA";"Desobediência à sinalização";"Colisão Transversal";"Com Vítimas Feridas";"Pleno dia";"Decrescente";"Sol";"Dupla";"Cruzamento";"Urbano";2;0;0;1;1;0;1;2
83469714;"01/06/16";"Quarta";"14:45:00";"MG";40;"473";"SETE LAGOAS";"Outras";"Colisão traseira";"Sem Vítimas";"Pleno dia";"Decrescente";"Sol";"Dupla";"Reta";"Urbano";3;0;0;0;3;0;0;3
83469715;"30/05/16";"Segunda";"01:20:00";"MS";262;"291,6";"CAMPO GRANDE";"Outras";"Capotamento";"Com Vítimas Fatais";"Plena noite";"Crescente";"Nublado";"Simples";"Reta";"Rural";4;1;2;1;0;0;3;1
83469716;"01/06/16";"Quarta";"16:10:00";"PR";277;"724,9";"FOZ DO IGUACU";"Outras";"Colisão com objeto fixo";"Com Vítimas Feridas";"Pleno dia";"Crescente";"Nublado";"Dupla";"Reta";"Urbano";1;0;0;1;0;0;1;1
83469717;"01/06/16";"Quarta";"14:35:00";"PR";376;"675";"GUARATUBA";"Velocidade incompatível";"Colisão traseira";"Com Vítimas Feridas";"Pleno dia";"Crescente";"Nublado";"Dupla";"Reta";"Rural";8;0;5;1;2;0;6;4
83469718;"24/05/16";"Terça";"08:00:00";"MG";50;"178";"UBERABA";"Defeito mecânico em veículo";"Saída de Pista";"Sem Vítimas";"Amanhecer";"Crescente";"Ceu Claro";"Dupla";"Reta";"Urbano";1;0;0;0;1;0;0;1
83469719;"28/05/16";"Sábado";"12:40:00";"PR";476;"282";"SAO MATEUS DO SUL";"Falta de atenção";"Atropelamento de pessoa";"Com Vítimas Feridas";"Pleno dia";"Crescente";"Nublado";"Simples";"Reta";"Urbano";2;0;0;1;1;0;1;1
83469720;"29/05/16";"Domingo";"22:50:00";"SE";101;"96,1";"SAO CRISTOVAO";"Velocidade incompatível";"Capotamento";"Com Vítimas Fatais";"Plena noite";"Decrescente";"Nublado";"Dupla";"Reta";"Rural";1;1;0;0;0;0;0;1
83469721;"01/06/16";"Quarta";"15:30:00";"RJ";40;"2,1";"COMENDADOR LEVY GASPARIAN";"Velocidade incompatível";"Capotamento";"Com Vítimas Feridas";"Pleno dia";"Decrescente";"Chuva";"Dupla";"Curva";"Rural";2;0;2;0;0;0;2;1
83469722;"01/06/16";"Quarta";"16:50:00";"PA";163;"1001";"SANTAREM";"Falta de atenção";"Colisão lateral";"Com Vítimas Feridas";"Pleno dia";"Decrescente";"Ceu Claro";"Dupla";"Reta";"Urbano";2;0;1;0;1;0;1;2
83469724;"01/06/16";"Quarta";"16:45:00";"PE";232;"408";"SERRA TALHADA";"Falta de atenção";"Colisão Transversal";"Com Vítimas Feridas";"Pleno dia";"Crescente";"Ceu Claro";"Simples";"Reta";"Urbano";2;0;1;0;1;0;1;2
83469725;"01/06/16";"Quarta";"13:00:00";"SC";101;"379,3";"ICARA";"Ingestão de álcool";"Saída de Pista";"Sem Vítimas";"Pleno dia";"Crescente";"Nublado";"Dupla";"Reta";"Urbano";1;0;0;0;1;0;0;1
83469727;"28/05/16";"Sábado";"19:30:00";"MG";116;"670,2";"MIRADOURO";"Desobediência à sinalização";"Colisão frontal";"Com Vítimas Feridas";"Plena noite";"Crescente";"Nublado";"Simples";"Curva";"Rural";4;0;2;0;2;0;2;2
83469728;"01/06/16";"Quarta";"13:10:00";"MG";40;"661";"CARANDAI";"Outras";"Saída de Pista";"Sem Vítimas";"Pleno dia";"Decrescente";"Chuva";"Simples";"Curva";"Rural";1;0;0;0;1;0;0;1
83469729;"01/06/16";"Quarta";"16:30:00";"CE";222;"54,3";"SAO GONCALO DO AMARANTE";"Animais na Pista";"Saída de Pista";"Sem Vítimas";"Pleno dia";"Decrescente";"Ceu Claro";"Simples";"Reta";"Rural";1;0;0;0;1;0;0;1
83469730;"01/06/16";"Quarta";"09:45:00";"MG";262;"574,2";"CORREGO DANTA";"Velocidade incompatível";"Colisão frontal";"Sem Vítimas";"Pleno dia";"Crescente";"Chuva";"Simples";"Curva";"Rural";2;0;0;0;2;0;0;2
83469731;"01/06/16";"Quarta";"16:00:00";"SP";116;"151";"SAO JOSE DOS CAMPOS";"Outras";"Colisão traseira";"Sem Vítimas";"Pleno dia";"Crescente";"Chuva";"Dupla";"Reta";"Rural";2;0;0;0;1;1;0;2
83469732;"29/05/16";"Domingo";"08:20:00";"RJ";40;"65";"PETROPOLIS";"Desobediência à sinalização";"Colisão Transversal";"Sem Vítimas";"Pleno dia";"Crescente";"Ceu Claro";"Múltipla";"Cruzamento";"Urbano";2;0;0;0;2;0;0;2
83469733;"28/05/16";"Sábado";"18:40:00";"ES";101;"339";"GUARAPARI";"Falta de atenção";"Colisão com objeto fixo";"Com Vítimas Feridas";"Plena noite";"Decrescente";"Ceu Claro";"Simples";"Curva";"Rural";2;0;1;0;1;0;1;1
83469734;"01/06/16";"Quarta";"12:40:00";"MS";158;"230";"TRES LAGOAS";"Falta de atenção";"Saída de Pista";"Sem Vítimas";"Pleno dia";"Decrescente";"Ceu Claro";"Simples";"Reta";"Rural";1;0;0;0;1;0;0;1
83469735;"01/06/16";"Quarta";"15:30:00";"ES";101;"61,7";"SAO MATEUS";"Falta de atenção";"Colisão Transversal";"Com Vítimas Feridas";"Pleno dia";"Decrescente";"Ceu Claro";"Simples";"Cruzamento";"Urbano";3;0;3;0;0;0;3;2
83469736;"31/05/16";"Terça";"07:00:00";"RN";304;"46,6";"MOSSORO";"Falta de atenção";"Colisão lateral";"Com Vítimas Feridas";"Pleno dia";"Crescente";"Sol";"Dupla";"Reta";"Urbano";2;0;1;0;1;0;1;2
83469737;"01/06/16";"Quarta";"07:50:00";"ES";101;"236,7";"FUNDAO";"Outras";"Colisão frontal";"Com Vítimas Fatais";"Pleno dia";"Decrescente";"Sol";"Simples";"Curva";"Rural";2;1;0;0;1;0;0;2
83469738;"01/06/16";"Quarta";"17:45:00";"RS";116;"38,8";"VACARIA";"Falta de atenção";"Colisão Transversal";"Com Vítimas Feridas";"Anoitecer";"Decrescente";"Nublado";"Simples";"Cruzamento";"Urbano";2;0;1;0;1;0;1;2
83469739;"01/06/16";"Quarta";"15:35:00";"PR";163;"75,1";"PLANALTO";"Falta de atenção";"Colisão traseira";"Sem Vítimas";"Pleno dia";"Decrescente";"Chuva";"Simples";"Reta";"Rural";3;0;0;0;3;0;0;2
83469740;"24/05/16";"Terça";"12:30:00";"MG";40;"515";"RIBEIRAO DAS NEVES";"Outras";"Colisão com objeto móvel";"Com Vítimas Feridas";"Pleno dia";"Crescente";"Ceu Claro";"Dupla";"Reta";"Urbano";1;0;0;1;0;0;1;1
83469741;"01/06/16";"Quarta";"15:44:00";"MT";364;"13,5";"ALTO ARAGUAIA";"Falta de atenção";"Saída de Pista";"Sem Vítimas";"Pleno dia";"Decrescente";"Nublado";"Simples";"Cruzamento";"Rural";1;0;0;0;1;0;0;1
83469743;"29/05/16";"Domingo";"17:40:00";"MG";135;"666,6";"CURVELO";"Não guardar distância de segurança";"Queda de motocicleta / bicicleta / veículo";"Com Vítimas Feridas";"Anoitecer";"Crescente";"Nublado";"Simples";"Reta";"Rural";2;0;2;0;0;0;2;1
83469744;"01/06/16";"Quarta";"13:30:00";"RJ";101;"65";"CAMPOS DOS GOYTACAZES";"Falta de atenção";"Colisão Transversal";"Com Vítimas Feridas";"Pleno dia";"Crescente";"Ceu Claro";"Simples";"Cruzamento";"Urbano";3;0;2;0;1;0;2;2
83469745;"01/06/16";"Quarta";"18:20:00";"PR";116;"148";"MANDIRITUBA";"Não guardar distância de segurança";"Colisão traseira";"Com Vítimas Feridas";"Plena noite";"Decrescente";"Chuva";"Simples";"Reta";"Rural";2;0;1;0;0;1;1;2
83469746;"01/06/16";"Quarta";"16:45:00";"PR";277;"589";"CASCAVEL";"Animais na Pista";"Atropelamento de animal";"Com Vítimas Feridas";"Pleno dia";"Decrescente";"Chuva";"Simples";"Reta";"Urbano";1;0;1;0;0;0;1;1
83469747;"14/04/16";"Quinta";"09:45:00";"AL";101;"181,8";"JUNQUEIRO";"Outras";"Colisão com objeto fixo";"Com Vítimas Feridas";"Pleno dia";"Decrescente";"Chuva";"Dupla";"Reta";"Rural";1;0;1;0;0;0;1;1
83469748;"24/05/16";"Terça";"23:40:00";"PR";116;"10";"COLOMBO";"Outras";"Colisão com objeto fixo";"Ignorado";"Plena noite";"Crescente";"Nublado";"Dupla";"Reta";"Urbano";1;0;0;0;0;1;0;1
83469749;"29/05/16";"Domingo";"20:15:00";"MG";40;"558";"NOVA LIMA";"Não guardar distância de segurança";"Colisão traseira";"Com Vítimas Feridas";"Plena noite";"Decrescente";"Ceu Claro";"Dupla";"Reta";"Urbano";4;0;1;0;3;0;1;4
83469750;"30/05/16";"Segunda";"00:10:00";"MG";40;"784,5";"JUIZ DE FORA";"Falta de atenção";"Colisão com objeto fixo";"Sem Vítimas";"Plena noite";"Decrescente";"Nublado";"Dupla";"Curva";"Rural";1;0;0;0;1;0;0;1
83469751;"28/05/16";"Sábado";"16:00:00";"SP";116;"354,1";"MIRACATU";"Ultrapassagem indevida";"Colisão frontal";"Sem Vítimas";"Plena noite";"Crescente";"Ceu Claro";"Simples";"Reta";"Rural";3;0;0;0;3;0;0;3
83469752;"01/06/16";"Quarta";"14:00:00";"GO";153;"575,5";"PROFESSOR JAMIL";"Falta de atenção";"Capotamento";"Com Vítimas Feridas";"Pleno dia";"Crescente";"Sol";"Dupla";"Reta";"Rural";4;0;1;2;1;0;3;2
83469753;"01/06/16";"Quarta";"15:35:00";"SC";280;"75,4";"JARAGUA DO SUL";"Velocidade incompatível";"Capotamento";"Sem Vítimas";"Pleno dia";"Decrescente";"Chuva";"Simples";"Reta";"Rural";1;0;0;0;1;0;0;1
83469754;"01/06/16";"Quarta";"12:00:00";"MT";70;"120";"GENERAL CARNEIRO";"Velocidade incompatível";"Tombamento";"Com Vítimas Fatais";"Pleno dia";"Crescente";"Ceu Claro";"Simples";"Curva";"Rural";2;1;0;0;1;0;0;1
83469755;"27/05/16";"Sexta";"18:15:00";"CE";116;"5";"FORTALEZA";"Outras";"Queda de motocicleta / bicicleta / veículo";"Com Vítimas Feridas";"Plena noite";"Crescente";"Ceu Claro";"Dupla";"Reta";"Urbano";2;0;2;0;0;0;2;1
83469756;"01/06/16";"Quarta";"12:10:00";"BA";116;"16";"VITORIA DA CONQUISTA";"Desobediência à sinalização";"Colisão Transversal";"Sem Vítimas";"Pleno dia";"Decrescente";"Ceu Claro";"Simples";"Reta";"Urbano";2;0;0;0;2;0;0;2
83469758;"01/06/16";"Quarta";"12:30:00";"MG";116;"412,1";"GOVERNADOR VALADARES";"Defeito na via";"Danos Eventuais";"Sem Vítimas";"Pleno dia";"Decrescente";"Ceu Claro";"Dupla";"Reta";"Urbano";1;0;0;0;1;0;0;1
83469759;"01/06/16";"Quarta";"11:30:00";"RJ";116;"298";"RESENDE";"Falta de atenção";"Saída de Pista";"Com Vítimas Feridas";"Pleno dia";"Decrescente";"Sol";"Dupla";"Reta";"Urbano";1;0;1;0;0;0;1;1
83469760;"01/06/16";"Quarta";"18:05:00";"SC";116;"307,9";"CAPAO ALTO";"Ultrapassagem indevida";"Saída de Pista";"Sem Vítimas";"Plena noite";"Crescente";"Nublado";"Simples";"Reta";"Rural";3;0;0;0;2;1;0;3
83469761;"01/06/16";"Quarta";"08:10:00";"PR";376;"327";"ORTIGUEIRA";"Velocidade incompatível";"Tombamento";"Com Vítimas Feridas";"Pleno dia";"Decrescente";"Chuva";"Simples";"Curva";"Rural";2;0;1;0;1;0;1;2
83469762;"28/05/16";"Sábado";"18:00:00";"MG";262;"365,5";"JUATUBA";"Outras";"Atropelamento de pessoa";"Com Vítimas Fatais";"Plena noite";"Crescente";"Ceu Claro";"Dupla";"Reta";"Urbano";2;1;0;0;1;0;0;1
83469763;"01/06/16";"Quarta";"16:00:00";"PE";101;"88";"JABOATAO DOS GUARARAPES";"Falta de atenção";"Colisão Transversal";"Com Vítimas Fatais";"Pleno dia";"Crescente";"Ceu Claro";"Múltipla";"Reta";"Rural";3;1;1;0;1;0;1;3
83469765;"27/05/16";"Sexta";"06:05:00";"CE";116;"5,5";"FORTALEZA";"Falta de atenção";"Colisão lateral";"Sem Vítimas";"Pleno dia";"Decrescente";"Ceu Claro";"Dupla";"Reta";"Urbano";2;0;0;0;2;0;0;2
83469766;"01/06/16";"Quarta";"18:15:00";"PR";158;"520,8";"PATO BRANCO";"Outras";"Colisão Transversal";"Sem Vítimas";"Anoitecer";"Crescente";"Chuva";"Simples";"Cruzamento";"Urbano";2;0;0;0;2;0;0;2
83469767;"01/06/16";"Quarta";"11:00:00";"RS";290;"89";"PORTO ALEGRE";"Outras";"Saída de Pista";"Sem Vítimas";"Pleno dia";"Decrescente";"Nublado";"Simples";"Reta";"Urbano";1;0;0;0;1;0;0;1
83469768;"01/06/16";"Quarta";"17:30:00";"PB";230;"109,5";"INGA";"Defeito mecânico em veículo";"Tombamento";"Sem Vítimas";"Anoitecer";"Decrescente";"Ceu Claro";"Dupla";"Reta";"Rural";1;0;0;0;1;0;0;1
83469769;"01/06/16";"Quarta";"07:50:00";"ES";101;"266";"SERRA";"Não guardar distância de segurança";"Colisão traseira";"Com Vítimas Feridas";"Pleno dia";"Crescente";"Sol";"Dupla";"Cruzamento";"Urbano";3;0;2;1;0;0;3;3
83469770;"28/05/16";"Sábado";"20:47:00";"RR";401;"0,1";"BOA VISTA";"Falta de atenção";"Colisão traseira";"Com Vítimas Feridas";"Plena noite";"Crescente";"Ceu Claro";"Simples";"Curva";"Urbano";2;0;0;1;0;1;1;2
83469771;"01/06/16";"Quarta";"20:20:00";"RS";386;"343,5";"LAJEADO";"Outras";"Colisão Transversal";"Com Vítimas Feridas";"Plena noite";"Crescente";"Nublado";"Simples";"Reta";"Urbano";2;0;1;0;1;0;1;2
83469772;"01/06/16";"Quarta";"20:10:00";"RS";101;"86";"OSORIO";"Falta de atenção";"Saída de Pista";"Sem Vítimas";"Plena noite";"Decrescente";"Ceu Claro";"Múltipla";"Curva";"Urbano";2;0;0;0;2;0;0;1
83469773;"01/06/16";"Quarta";"19:10:00";"SP";116;"24,2";"LAVRINHAS";"Dormindo";"Colisão traseira";"Sem Vítimas";"Plena noite";"Crescente";"Nublado";"Múltipla";"Reta";"Rural";2;0;0;0;2;0;0;2
83469774;"27/05/16";"Sexta";"05:05:00";"RJ";40;"123";"DUQUE DE CAXIAS";"Ingestão de álcool";"Colisão frontal";"Sem Vítimas";"Plena noite";"Decrescente";"Ceu Claro";"Dupla";"Curva";"Urbano";4;0;0;0;4;0;0;2
83469775;"26/05/16";"Quinta";"06:30:00";"RJ";356;"10,6";"ITAPERUNA";"Velocidade incompatível";"Saída de Pista";"Com Vítimas Fatais";"Pleno dia";"Decrescente";"Ignorada";"Simples";"Curva";"Urbano";1;1;0;0;0;0;0;1
83469776;"01/06/16";"Quarta";"18:15:00";"RS";116;"157,1";"CAXIAS DO SUL";"Outras";"Colisão frontal";"Com Vítimas Feridas";"Plena noite";"Decrescente";"Nublado";"Simples";"Curva";"Rural";3;0;2;0;1;0;2;2
83469777;"01/06/16";"Quarta";"19:10:00";"SP";116;"499,2";"CAJATI";"Falta de atenção";"Saída de Pista";"Com Vítimas Feridas";"Plena noite";"Crescente";"Nublado";"Simples";"Reta";"Rural";1;0;1;0;0;0;1;1
83469778;"01/06/16";"Quarta";"10:50:00";"MG";381;"835";"SAO SEBASTIAO DA BELA VISTA";"Outras";"Saída de Pista";"Com Vítimas Feridas";"Pleno dia";"Crescente";"Nublado";"Dupla";"Reta";"Rural";1;0;1;0;0;0;1;1
83469779;"01/06/16";"Quarta";"20:10:00";"PR";277;"120";"CAMPO LARGO";"Falta de atenção";"Tombamento";"Com Vítimas Feridas";"Plena noite";"Decrescente";"Chuva";"Dupla";"Reta";"Rural";1;0;1;0;0;0;1;1
83469780;"31/05/16";"Terça";"02:30:00";"MT";174;"453";"COMODORO";"Outras";"Saída de Pista";"Sem Vítimas";"Plena noite";"Decrescente";"Ceu Claro";"Simples";"Reta";"Rural";2;0;0;0;2;0;0;1
83469781;"01/06/16";"Quarta";"20:00:00";"SC";101;"163,5";"TIJUCAS";"Velocidade incompatível";"Saída de Pista";"Sem Vítimas";"Plena noite";"Crescente";"Chuva";"Dupla";"Reta";"Rural";1;0;0;0;1;0;0;1
83469782;"01/06/16";"Quarta";"18:00:00";"SP";116;"103";"PINDAMONHANGABA";"Defeito mecânico em veículo";"Colisão com objeto móvel";"Sem Vítimas";"Anoitecer";"Decrescente";"Nublado";"Dupla";"Reta";"Urbano";2;0;0;0;2;0;0;2
83469783;"01/06/16";"Quarta";"20:50:00";"PE";101;"74";"RECIFE";"Defeito na via";"Queda de motocicleta / bicicleta / veículo";"Com Vítimas Feridas";"Plena noite";"Crescente";"Nublado";"Dupla";"Curva";"Urbano";1;0;1;0;0;0;1;1
83469784;"01/06/16";"Quarta";"17:45:00";"PA";10;"167,8";"PARAGOMINAS";"Não guardar distância de segurança";"Colisão traseira";"Sem Vítimas";"Pleno dia";"Decrescente";"Ceu Claro";"Simples";"Reta";"Rural";2;0;0;0;2;0;0;2
83469785;"01/06/16";"Quarta";"20:20:00";"PR";277;"98";"CURITIBA";"Outras";"Queda de motocicleta / bicicleta / veículo";"Com Vítimas Feridas";"Plena noite";"Crescente";"Chuva";"Dupla";"Reta";"Urbano";1;0;1;0;0;0;1;1
83469786;"01/06/16";"Quarta";"18:00:00";"CE";222;"6";"CAUCAIA";"Falta de atenção";"Colisão traseira";"Com Vítimas Feridas";"Anoitecer";"Crescente";"Ceu Claro";"Múltipla";"Reta";"Urbano";3;0;2;0;1;0;2;2
83469787;"30/05/16";"Segunda";"06:10:00";"GO";70;"2,3";"AGUAS LINDAS DE GOIAS";"Falta de atenção";"Atropelamento de pessoa";"Com Vítimas Feridas";"Amanhecer";"Decrescente";"Ceu Claro";"Dupla";"Curva";"Urbano";2;0;0;2;0;0;2;1
83469788;"01/06/16";"Quarta";"16:00:00";"MA";222;"547";"BURITICUPU";"Outras";"Capotamento";"Com Vítimas Feridas";"Pleno dia";"Decrescente";"Ceu Claro";"Simples";"Curva";"Rural";2;0;0;2;0;0;2;1
83469789;"07/05/16";"Sábado";"01:05:00";"BA";418;"46";"CARAVELAS";"Animais na Pista";"Atropelamento de animal";"Com Vítimas Feridas";"Plena noite";"Decrescente";"Ceu Claro";"Simples";"Reta";"Rural";2;0;2;0;0;0;2;1
83469790;"28/05/16";"Sábado";"09:46:00";"MG";251;"417,7";"GRAO MOGOL";"Desobediência à sinalização";"Saída de Pista";"Com Vítimas Fatais";"Pleno dia";"Crescente";"Ceu Claro";"Simples";"Reta";"Rural";12;1;0;0;0;11;0;12
83469792;"01/06/16";"Quarta";"18:30:00";"RS";293;"46";"CERRITO";"Falta de atenção";"Colisão Transversal";"Com Vítimas Feridas";"Anoitecer";"Decrescente";"Nublado";"Simples";"Reta";"Rural";2;0;0;1;1;0;1;2
83469793;"01/06/16";"Quarta";"18:30:00";"DF";70;"18,8";"BRASILIA";"Outras";"Colisão traseira";"Com Vítimas Feridas";"Plena noite";"Crescente";"Ceu Claro";"Dupla";"Reta";"Urbano";12;0;1;0;11;0;1;3
83469794;"01/06/16";"Quarta";"19:20:00";"GO";70;"6,8";"AGUAS LINDAS DE GOIAS";"Falta de atenção";"Atropelamento de pessoa";"Com Vítimas Feridas";"Plena noite";"Crescente";"Ceu Claro";"Dupla";"Reta";"Urbano";2;0;0;1;1;0;1;1
83469795;"28/05/16";"Sábado";"03:30:00";"PI";343;"329";"TERESINA";"Falta de atenção";"Colisão traseira";"Com Vítimas Feridas";"Plena noite";"Decrescente";"Nublado";"Simples";"Reta";"Rural";2;0;1;0;1;0;1;2
83469796;"01/06/16";"Quarta";"18:20:00";"PB";101;"12";"MAMANGUAPE";"Outras";"Saída de Pista";"Com Vítimas Fatais";"Plena noite";"Decrescente";"Nublado";"Dupla";"Reta";"Urbano";1;1;0;0;0;0;0;1
83469797;"01/06/16";"Quarta";"21:50:00";"SC";101;"129,2";"BALNEARIO CAMBORIU";"Defeito mecânico em veículo";"Tombamento";"Sem Vítimas";"Plena noite";"Decrescente";"Chuva";"Dupla";"Reta";"Urbano";1;0;0;0;1;0;0;1
83469798;"01/06/16";"Quarta";"19:45:00";"RJ";40;"119";"DUQUE DE CAXIAS";"Outras";"Colisão traseira";"Sem Vítimas";"Plena noite";"Decrescente";"Ceu Claro";"Múltipla";"Reta";"Urbano";2;0;0;0;2;0;0;2
83469799;"01/06/16";"Quarta";"21:45:00";"SC";101;"463";"PASSO DE TORRES";"Defeito na via";"Tombamento";"Com Vítimas Feridas";"Plena noite";"Decrescente";"Chuva";"Dupla";"Reta";"Rural";2;0;1;0;1;0;1;1
83469800;"24/05/16";"Terça";"17:20:00";"SC";282;"4";"FLORIANOPOLIS";"Falta de atenção";"Colisão lateral";"Com Vítimas Feridas";"Anoitecer";"Crescente";"Nublado";"Dupla";"Reta";"Urbano";3;0;2;0;1;0;2;2
83469801;"21/02/16";"Domingo";"22:30:00";"MG";365;"249";"BURITIZEIRO";"Defeito na via";"Queda de motocicleta / bicicleta / veículo";"Com Vítimas Feridas";"Plena noite";"Crescente";"Ignorada";"Simples";"Reta";"Rural";1;0;0;1;0;0;1;1
83469802;"01/06/16";"Quarta";"10:00:00";"MG";262;"578,4";"CORREGO DANTA";"Velocidade incompatível";"Capotamento";"Com Vítimas Feridas";"Pleno dia";"Crescente";"Chuva";"Simples";"Curva";"Rural";3;0;2;0;1;0;2;1
83469803;"01/06/16";"Quarta";"21:20:00";"SC";470;"163,3";"TROMBUDO CENTRAL";"Defeito mecânico em veículo";"Incêndio";"Sem Vítimas";"Plena noite";"Crescente";"Chuva";"Múltipla";"Reta";"Rural";1;0;0;0;1;0;0;1
83469804;"01/06/16";"Quarta";"21:45:00";"MG";381;"865,5";"POUSO ALEGRE";"Velocidade incompatível";"Colisão com objeto fixo";"Sem Vítimas";"Plena noite";"Decrescente";"Chuva";"Dupla";"Curva";"Rural";1;0;0;0;1;0;0;1
83469805;"01/06/16";"Quarta";"22:20:00";"PE";101;"73,8";"RECIFE";"Defeito na via";"Queda de motocicleta / bicicleta / veículo";"Com Vítimas Feridas";"Plena noite";"Crescente";"Chuva";"Dupla";"Curva";"Urbano";2;0;2;0;0;0;2;1
83469806;"01/06/16";"Quarta";"14:00:00";"SP";116;"270";"TABOAO DA SERRA";"Não guardar distância de segurança";"Colisão lateral";"Com Vítimas Feridas";"Pleno dia";"Decrescente";"Nublado";"Dupla";"Reta";"Urbano";3;0;2;0;1;0;2;2
83469807;"01/06/16";"Quarta";"18:45:00";"PR";369;"24,6";"JACAREZINHO";"Falta de atenção";"Colisão Transversal";"Com Vítimas Feridas";"Plena noite";"Decrescente";"Chuva";"Múltipla";"Cruzamento";"Rural";7;0;3;2;2;0;5;2
83469808;"01/06/16";"Quarta";"19:45:00";"RS";471;"141,9";"SANTA CRUZ DO SUL";"Desobediência à sinalização";"Colisão Transversal";"Sem Vítimas";"Plena noite";"Decrescente";"Ceu Claro";"Simples";"Reta";"Urbano";2;0;0;0;2;0;0;2
83469809;"01/06/16";"Quarta";"21:42:00";"RO";364;"244,6";"CACOAL";"Ultrapassagem indevida";"Capotamento";"Com Vítimas Feridas";"Plena noite";"Decrescente";"Ceu Claro";"Simples";"Reta";"Rural";2;0;2;0;0;0;2;1
83469810;"01/06/16";"Quarta";"14:15:00";"MG";40;"748";"SANTOS DUMONT";"Velocidade incompatível";"Tombamento";"Sem Vítimas";"Pleno dia";"Decrescente";"Ceu Claro";"Simples";"Curva";"Rural";1;0;0;0;1;0;0;1
83469811;"28/05/16";"Sábado";"14:55:00";"PR";376;"524,5";"PONTA GROSSA";"Velocidade incompatível";"Capotamento";"Com Vítimas Feridas";"Pleno dia";"Decrescente";"Sol";"Dupla";"Curva";"Rural";2;0;1;0;1;0;1;1
83469812;"01/06/16";"Quarta";"12:30:00";"MG";262;"582,3";"CAMPOS ALTOS";"Velocidade incompatível";"Capotamento";"Sem Vítimas";"Pleno dia";"Decrescente";"Nublado";"Simples";"Curva";"Rural";1;0;0;0;1;0;0;1
83469813;"01/06/16";"Quarta";"07:00:00";"SP";116;"223";"GUARULHOS";"Falta de atenção";"Colisão traseira";"Com Vítimas Feridas";"Pleno dia";"Crescente";"Sol";"Múltipla";"Reta";"Urbano";2;0;1;0;1;0;1;2
83469814;"21/05/16";"Sábado";"16:50:00";"MT";364;"327";"CAMPO VERDE";"Falta de atenção";"Colisão Transversal";"Sem Vítimas";"Pleno dia";"Decrescente";"Ceu Claro";"Simples";"Reta";"Rural";3;0;0;0;3;0;0;3
83469815;"30/05/16";"Segunda";"06:30:00";"RJ";493;"24";"MAGE";"Dormindo";"Colisão lateral";"Sem Vítimas";"Amanhecer";"Crescente";"Ceu Claro";"Simples";"Reta";"Rural";2;0;0;0;2;0;0;2
83469816;"01/06/16";"Quarta";"21:45:00";"MG";364;"21";"FRUTAL";"Outras";"Derramamento de Carga";"Sem Vítimas";"Plena noite";"Crescente";"Chuva";"Simples";"Reta";"Rural";1;0;0;0;1;0;0;1
83469817;"01/06/16";"Quarta";"19:30:00";"SP";116;"560";"BARRA DO TURVO";"Velocidade incompatível";"Tombamento";"Sem Vítimas";"Plena noite";"Crescente";"Chuva";"Dupla";"Curva";"Rural";1;0;0;0;1;0;0;1
83469818;"01/06/16";"Quarta";"22:40:00";"PR";476;"121";"CURITIBA";"Velocidade incompatível";"Colisão com objeto fixo";"Com Vítimas Feridas";"Plena noite";"Decrescente";"Chuva";"Dupla";"Reta";"Urbano";2;0;1;0;1;0;1;2
83469819;"01/06/16";"Quarta";"23:20:00";"SC";101;"193";"BIGUACU";"Velocidade incompatível";"Queda de motocicleta / bicicleta / veículo";"Com Vítimas Feridas";"Plena noite";"Decrescente";"Chuva";"Simples";"Curva";"Urbano";1;0;1;0;0;0;1;1
83469820;"01/06/16";"Quarta";"20:30:00";"MT";364;"527";"ROSARIO OESTE";"Falta de atenção";"Colisão traseira";"Sem Vítimas";"Plena noite";"Crescente";"Ceu Claro";"Simples";"Reta";"Rural";3;0;0;0;3;0;0;3
83469821;"01/06/16";"Quarta";"23:30:00";"RJ";116;"168";"SAO JOAO DE MERITI";"Dormindo";"Colisão com objeto fixo";"Sem Vítimas";"Plena noite";"Decrescente";"Nublado";"Múltipla";"Reta";"Urbano";1;0;0;0;1;0;0;1
83469822;"01/06/16";"Quarta";"23:00:00";"SP";153;"14,5";"ICEM";"Outras";"Saída de Pista";"Com Vítimas Feridas";"Plena noite";"Crescente";"Chuva";"Simples";"Reta";"Rural";1;0;0;1;0;0;1;1
83469823;"02/06/16";"Quinta";"00:30:00";"SC";101;"139,4";"BALNEARIO CAMBORIU";"Velocidade incompatível";"Colisão Transversal";"Com Vítimas Feridas";"Plena noite";"Crescente";"Chuva";"Simples";"Curva";"Rural";3;0;1;0;2;0;1;2