"id";"data_inversa";"dia_semana";"horario";"uf";"br";"km";"municipio";"causa_acidente";"tipo_acidente";"classificacao_acidente";"fase_dia";"sentido_via";"condicao_metereologica";"tipo_pista";"tracado_via";"uso_solo";"pessoas";"mortos";"feridos_leves";"feridos_graves";"ilesos";"ignorados";"feridos";"veiculos"
83469941;"02/06/16";"Quinta";"10:40:00";"MG";262;"384,9";"MATEUS LEME";"Outras";"Saída de Pista";"Com Vítimas Feridas";"Pleno dia";"Crescente";"Chuva";"Dupla";"Curva";"Rural";1;0;1;0;0;0;1;1
83469942;"02/06/16";"Quinta";"09:00:00";"MG";262;"382";"MATEUS LEME";"Outras";"Saída de Pista";"Sem Vítimas";"Pleno dia";"Crescente";"Chuva";"Dupla";"Curva";"Rural";1;0;0;0;1;0;0;1
83469943;"02/06/16";"Quinta";"13:00:00";"SP";101;"33";"UBATUBA";"Falta de atenção";"Queda de motocicleta / bicicleta / veículo";"Com Vítimas Feridas";"Pleno dia";"Decrescente";"Nublado";"Dupla";"Reta";"Urbano";2;0;1;0;1;0;1;1
83469944;"30/03/16";"Quarta";"14:15:00";"MG";50;"70";"UBERLANDIA";"Outras";"Colisão lateral";"Sem Vítimas";"Pleno dia";"Crescente";"Ceu Claro";"Dupla";"Reta";"Urbano";3;0;0;0;3;0;0;3
83469945;"02/06/16";"Quinta";"11:00:00";"GO";20;"179,9";"ALVORADA DO NORTE";"Falta de atenção";"Queda de motocicleta / bicicleta / veículo";"Com Vítimas Feridas";"Pleno dia";"Decrescente";"Ceu Claro";"Simples";"Reta";"Urbano";1;0;1;0;0;0;1;1
83469946;"02/06/16";"Quinta";"13:15:00";"PR";487;"191,9";"CAMPO MOURAO";"Falta de atenção";"Colisão Transversal";"Com Vítimas Feridas";"Pleno dia";"Crescente";"Nublado";"Simples";"Cruzamento";"Urbano";2;0;0;1;1;0;1;2
83469947;"29/05/16";"Domingo";"19:40:00";"DF";70;"19";"BRASILIA";"Defeito mecânico em veículo";"Incêndio";"Sem Vítimas";"Plena noite";"Decrescente";"Ceu Claro";"Dupla";"Curva";"Rural";1;0;0;0;1;0;0;1
83469948;"02/06/16";"Quinta";"13:20:00";"PE";232;"72,8";"GRAVATA";"Outras";"Colisão com objeto fixo";"Com Vítimas Feridas";"Pleno dia";"Decrescente";"Chuva";"Dupla";"Reta";"Rural";2;0;1;0;0;1;1;2
83469949;"02/06/16";"Quinta";"10:58:00";"RS";287;"241,3";"SANTA MARIA";"Não guardar distância de segurança";"Colisão traseira";"Com Vítimas Feridas";"Pleno dia";"Crescente";"Ceu Claro";"Dupla";"Reta";"Urbano";2;0;1;0;1;0;1;2
83469950;"29/05/16";"Domingo";"21:15:00";"MS";262;"364";"CAMPO GRANDE";"Ingestão de álcool";"Queda de motocicleta / bicicleta / veículo";"Com Vítimas Fatais";"Plena noite";"Decrescente";"Nublado";"Simples";"Reta";"Urbano";2;1;0;1;0;0;1;1
83469951;"14/05/16";"Sábado";"06:50:00";"MG";40;"480,2";"SETE LAGOAS";"Defeito mecânico em veículo";"Queda de motocicleta / bicicleta / veículo";"Com Vítimas Feridas";"Pleno dia";"Decrescente";"Sol";"Dupla";"Reta";"Rural";1;0;0;1;0;0;1;1
83469952;"02/06/16";"Quinta";"11:45:00";"MG";381;"519,2";"IGARAPE";"Defeito mecânico em veículo";"Saída de Pista";"Sem Vítimas";"Pleno dia";"Decrescente";"Chuva";"Dupla";"Curva";"Urbano";2;0;0;0;2;0;0;1
83469953;"02/06/16";"Quinta";"06:40:00";"MG";381;"428,7";"SABARA";"Outras";"Capotamento";"Com Vítimas Feridas";"Pleno dia";"Crescente";"Chuva";"Dupla";"Curva";"Urbano";1;0;1;0;0;0;1;1
83469954;"02/06/16";"Quinta";"11:30:00";"SP";116;"26,5";"SILVEIRAS";"Desobediência à sinalização";"Colisão Transversal";"Sem Vítimas";"Pleno dia";"Decrescente";"Ceu Claro";"Dupla";"Reta";"Rural";2;0;0;0;2;0;0;2
83469955;"02/06/16";"Quinta";"09:40:00";"GO";153;"145";"MARA ROSA";"Falta de atenção";"Colisão Transversal";"Com Vítimas Feridas";"Pleno dia";"Decrescente";"Ceu Claro";"Simples";"Reta";"Rural";2;0;1;0;1;0;1;2
83469956;"02/06/16";"Quinta";"06:45:00";"MG";40;"717,4";"BARBACENA";"Velocidade incompatível";"Colisão com objeto fixo";"Sem Vítimas";"Pleno dia";"Decrescente";"Chuva";"Dupla";"Curva";"Rural";1;0;0;0;1;0;0;1
83469957;"02/06/16";"Quinta";"13:50:00";"MG";262;"466,7";"BOM DESPACHO";"Falta de atenção";"Colisão traseira";"Com Vítimas Feridas";"Pleno dia";"Decrescente";"Chuva";"Simples";"Reta";"Rural";3;0;1;0;2;0;1;3
83469958;"29/05/16";"Domingo";"21:15:00";"RS";285;"205";"LAGOA VERMELHA";"Ingestão de álcool";"Saída de Pista";"Com Vítimas Feridas";"Plena noite";"Decrescente";"Chuva";"Simples";"Reta";"Rural";1;0;1;0;0;0;1;1
83469959;"07/04/16";"Quinta";"09:00:00";"BA";116;"285";"TUCANO";"Falta de atenção";"Colisão traseira";"Sem Vítimas";"Pleno dia";"Crescente";"Ceu Claro";"Simples";"Reta";"Urbano";2;0;0;0;2;0;0;2
83469960;"18/03/16";"Sexta";"19:10:00";"RO";364;"706";"PORTO VELHO";"Não guardar distância de segurança";"Colisão traseira";"Com Vítimas Feridas";"Plena noite";"Decrescente";"Nublado";"Dupla";"Reta";"Urbano";2;0;1;0;1;0;1;2
83469961;"02/06/16";"Quinta";"12:57:00";"RJ";116;"317";"ITATIAIA";"Desobediência à sinalização";"Colisão Transversal";"Com Vítimas Feridas";"Pleno dia";"Decrescente";"Ceu Claro";"Simples";"Cruzamento";"Urbano";2;0;1;0;1;0;1;2
83469962;"07/04/16";"Quinta";"13:30:00";"RJ";465;"4";"SEROPEDICA";"Outras";"Colisão com bicicleta";"Com Vítimas Feridas";"Pleno dia";"Crescente";"Ignorada";"Simples";"Reta";"Urbano";2;0;0;1;1;0;1;2
83469963;"30/05/16";"Segunda";"06:51:00";"GO";60;"97,1";"ANAPOLIS";"Outras";"Colisão traseira";"Sem Vítimas";"Pleno dia";"Crescente";"Sol";"Dupla";"Reta";"Urbano";3;0;0;0;2;1;0;3
83469964;"30/05/16";"Segunda";"05:45:00";"GO";364;"86,3";"CACHOEIRA ALTA";"Outras";"Colisão Transversal";"Com Vítimas Feridas";"Amanhecer";"Decrescente";"Nublado";"Simples";"Reta";"Rural";5;0;0;2;2;1;2;3
83469965;"02/06/16";"Quinta";"07:30:00";"MT";364;"202";"RONDONOPOLIS";"Não guardar distância de segurança";"Colisão traseira";"Sem Vítimas";"Pleno dia";"Crescente";"Chuva";"Simples";"Reta";"Urbano";4;0;0;0;4;0;0;4
83469966;"02/06/16";"Quinta";"11:15:00";"MA";10;"153";"PORTO FRANCO";"Não guardar distância de segurança";"Colisão traseira";"Com Vítimas Feridas";"Pleno dia";"Decrescente";"Nublado";"Simples";"Reta";"Rural";4;0;3;0;1;0;3;2
83469967;"02/06/16";"Quinta";"13:30:00";"RO";364;"10";"VILHENA";"Falta de atenção";"Colisão Transversal";"Sem Vítimas";"Pleno dia";"Decrescente";"Sol";"Dupla";"Reta";"Urbano";2;0;0;0;2;0;0;2
83469968;"02/06/16";"Quinta";"11:00:00";"SC";282;"209,7";"LAGES";"Falta de atenção";"Colisão traseira";"Sem Vítimas";"Pleno dia";"Crescente";"Ceu Claro";"Simples";"Reta";"Rural";2;0;0;0;2;0;0;2
83469969;"02/06/16";"Quinta";"03:14:00";"DF";80;"24";"BRASILIA";"Ingestão de álcool";"Colisão traseira";"Com Vítimas Feridas";"Plena noite";"Crescente";"Ceu Claro";"Simples";"Reta";"Rural";2;0;1;0;1;0;1;2
83469970;"02/06/16";"Quinta";"13:30:00";"RO";364;"341,1";"JI-PARANA";"Desobediência à sinalização";"Colisão Transversal";"Com Vítimas Feridas";"Pleno dia";"Crescente";"Sol";"Simples";"Cruzamento";"Urbano";2;0;1;0;1;0;1;2
83469971;"02/06/16";"Quinta";"13:23:00";"MG";381;"334";"NOVA ERA";"Velocidade incompatível";"Saída de Pista";"Sem Vítimas";"Pleno dia";"Crescente";"Chuva";"Simples";"Curva";"Rural";1;0;0;0;1;0;0;1
83469972;"02/06/16";"Quinta";"12:10:00";"SC";116;"32,4";"ITAIOPOLIS";"Falta de atenção";"Colisão traseira";"Com Vítimas Feridas";"Pleno dia";"Crescente";"Ceu Claro";"Simples";"Reta";"Rural";5;0;2;0;3;0;2;3
83469973;"02/06/16";"Quinta";"15:00:00";"GO";153;"608,2";"MORRINHOS";"Falta de atenção";"Colisão traseira";"Sem Vítimas";"Pleno dia";"Crescente";"Nublado";"Dupla";"Curva";"Rural";2;0;0;0;2;0;0;2
83469974;"02/06/16";"Quinta";"15:25:00";"PR";373;"179,9";"PONTA GROSSA";"Falta de atenção";"Colisão traseira";"Sem Vítimas";"Pleno dia";"Crescente";"Ceu Claro";"Simples";"Curva";"Urbano";2;0;0;0;2;0;0;2
83469975;"02/06/16";"Quinta";"10:00:00";"MT";163;"95,3";"RONDONOPOLIS";"Outras";"Saída de Pista";"Com Vítimas Feridas";"Pleno dia";"Crescente";"Ceu Claro";"Dupla";"Curva";"Rural";2;0;1;0;1;0;1;2
83469976;"02/06/16";"Quinta";"10:00:00";"CE";116;"423,6";"IPAUMIRIM";"Outras";"Saída de Pista";"Com Vítimas Feridas";"Pleno dia";"Crescente";"Ceu Claro";"Simples";"Reta";"Rural";1;0;1;0;0;0;1;1
83469977;"02/06/16";"Quinta";"08:30:00";"MS";158;"53,9";"PARANAIBA";"Falta de atenção";"Colisão frontal";"Com Vítimas Fatais";"Pleno dia";"Crescente";"Nevoeiro/neblina";"Simples";"Reta";"Rural";2;1;0;0;1;0;0;2
83469978;"02/06/16";"Quinta";"12:40:00";"MG";381;"353";"NOVA ERA";"Velocidade incompatível";"Colisão com objeto fixo";"Com Vítimas Feridas";"Pleno dia";"Crescente";"Chuva";"Dupla";"Curva";"Rural";2;0;1;0;1;0;1;1
83469979;"02/06/16";"Quinta";"11:00:00";"TO";242;"477";"FORMOSO DO ARAGUAIA";"Ingestão de álcool";"Colisão Transversal";"Sem Vítimas";"Pleno dia";"Crescente";"Ceu Claro";"Simples";"Cruzamento";"Urbano";2;0;0;0;2;0;0;2
83469980;"29/05/16";"Domingo";"13:15:00";"PE";104;"56,3";"CARUARU";"Desobediência à sinalização";"Colisão Transversal";"Com Vítimas Feridas";"Pleno dia";"Crescente";"Chuva";"Dupla";"Reta";"Rural";3;0;1;1;1;0;2;2
83469981;"17/05/16";"Terça";"14:15:00";"SP";116;"202,6";"ARUJA";"Outras";"Colisão com objeto fixo";"Com Vítimas Feridas";"Pleno dia";"Crescente";"Sol";"Dupla";"Reta";"Urbano";3;0;1;0;1;1;1;3
83469982;"02/06/16";"Quinta";"14:40:00";"RS";468;"95,2";"TRES PASSOS";"Falta de atenção";"Colisão lateral";"Com Vítimas Feridas";"Pleno dia";"Crescente";"Ceu Claro";"Simples";"Reta";"Rural";3;0;2;1;0;0;3;2
83469983;"02/06/16";"Quinta";"14:30:00";"RJ";101;"283";"ITABORAI";"Dormindo";"Capotamento";"Com Vítimas Feridas";"Pleno dia";"Crescente";"Ceu Claro";"Simples";"Reta";"Rural";2;0;1;0;1;0;1;1
83469984;"30/05/16";"Segunda";"06:50:00";"SC";280;"130,5";"RIO NEGRINHO";"Falta de atenção";"Colisão traseira";"Com Vítimas Feridas";"Pleno dia";"Decrescente";"Ceu Claro";"Simples";"Reta";"Urbano";4;0;1;0;3;0;1;4
83469985;"02/06/16";"Quinta";"14:04:00";"GO";60;"97,1";"ANAPOLIS";"Falta de atenção";"Colisão Transversal";"Sem Vítimas";"Pleno dia";"Crescente";"Ceu Claro";"Dupla";"Reta";"Urbano";2;0;0;0;2;0;0;2
83469986;"02/06/16";"Quinta";"16:30:00";"SC";282;"610,8";"MARAVILHA";"Falta de atenção";"Colisão traseira";"Sem Vítimas";"Pleno dia";"Decrescente";"Ceu Claro";"Simples";"Reta";"Rural";2;0;0;0;2;0;0;2
83469987;"02/06/16";"Quinta";"16:20:00";"RJ";40;"21";"TRES RIOS";"Velocidade incompatível";"Colisão traseira";"Sem Vítimas";"Pleno dia";"Decrescente";"Ceu Claro";"Múltipla";"Reta";"Urbano";2;0;0;0;2;0;0;2
83469988;"02/06/16";"Quinta";"08:35:00";"CE";20;"421";"MARACANAU";"Falta de atenção";"Colisão traseira";"Sem Vítimas";"Pleno dia";"Decrescente";"Sol";"Dupla";"Reta";"Urbano";2;0;0;0;2;0;0;2
83469989;"02/06/16";"Quinta";"06:30:00";"MT";174;"20";"PONTES E LACERDA";"Outras";"Atropelamento de animal";"Com Vítimas Feridas";"Amanhecer";"Crescente";"Ceu Claro";"Simples";"Reta";"Rural";2;0;2;0;0;0;2;1
83469990;"01/06/16";"Quarta";"13:00:00";"MG";381;"362";"JOAO MONLEVADE";"Velocidade incompatível";"Capotamento";"Sem Vítimas";"Pleno dia";"Crescente";"Chuva";"Múltipla";"Curva";"Rural";1;0;0;0;1;0;0;1
83469991;"02/06/16";"Quinta";"15:00:00";"MA";10;"253";"IMPERATRIZ";"Não guardar distância de segurança";"Colisão lateral";"Sem Vítimas";"Pleno dia";"Decrescente";"Sol";"Simples";"Curva";"Urbano";2;0;0;0;2;0;0;2
83469992;"01/06/16";"Quarta";"13:30:00";"MG";251;"474,9";"FRANCISCO SA";"Velocidade incompatível";"Colisão traseira";"Sem Vítimas";"Pleno dia";"Crescente";"Ceu Claro";"Simples";"Reta";"Rural";2;0;0;0;2;0;0;2
83469993;"02/06/16";"Quinta";"12:00:00";"MG";50;"180";"UBERABA";"Outras";"Queda de motocicleta / bicicleta / veículo";"Com Vítimas Feridas";"Pleno dia";"Crescente";"Ceu Claro";"Dupla";"Curva";"Urbano";2;0;2;0;0;0;2;1
83469994;"02/06/16";"Quinta";"16:20:00";"RJ";116;"164,7";"RIO DE JANEIRO";"Não guardar distância de segurança";"Colisão lateral";"Com Vítimas Feridas";"Pleno dia";"Crescente";"Ceu Claro";"Múltipla";"Reta";"Urbano";4;0;1;0;3;0;1;3
83469995;"02/06/16";"Quinta";"15:30:00";"MG";116;"504,6";"INHAPIM";"Falta de atenção";"Saída de Pista";"Com Vítimas Feridas";"Pleno dia";"Crescente";"Chuva";"Simples";"Curva";"Rural";2;0;1;0;1;0;1;1
83469996;"02/06/16";"Quinta";"16:25:00";"RJ";101;"406";"ITAGUAI";"Falta de atenção";"Colisão lateral";"Com Vítimas Feridas";"Pleno dia";"Decrescente";"Nublado";"Múltipla";"Curva";"Urbano";3;0;1;0;1;1;1;2
83469997;"29/05/16";"Domingo";"20:00:00";"PR";476;"123";"CURITIBA";"Outras";"Atropelamento de pessoa";"Com Vítimas Fatais";"Plena noite";"Crescente";"Nublado";"Dupla";"Curva";"Urbano";2;1;0;0;1;0;0;1
83469998;"02/06/16";"Quinta";"12:05:00";"PA";316;"9";"ANANINDEUA";"Não guardar distância de segurança";"Colisão lateral";"Com Vítimas Feridas";"Pleno dia";"Crescente";"Ceu Claro";"Dupla";"Reta";"Urbano";2;0;0;1;1;0;1;2
83469999;"02/06/16";"Quinta";"15:45:00";"PB";101;"52";"SANTA RITA";"Outras";"Colisão com objeto móvel";"Sem Vítimas";"Pleno dia";"Decrescente";"Sol";"Dupla";"Reta";"Rural";1;0;0;0;1;0;0;1
83470000;"30/05/16";"Segunda";"06:50:00";"GO";60;"97,1";"ANAPOLIS";"Outras";"Colisão traseira";"Sem Vítimas";"Pleno dia";"Crescente";"Sol";"Dupla";"Reta";"Urbano";2;0;0;0;2;0;0;2
83470001;"01/06/16";"Quarta";"21:30:00";"MG";251;"276,7";"SALINAS";"Falta de atenção";"Colisão lateral";"Com Vítimas Feridas";"Plena noite";"Decrescente";"Ceu Claro";"Simples";"Reta";"Rural";2;0;1;0;1;0;1;2
83470003;"02/06/16";"Quinta";"16:55:00";"ES";101;"342,5";"GUARAPARI";"Velocidade incompatível";"Saída de Pista";"Com Vítimas Feridas";"Anoitecer";"Crescente";"Nublado";"Simples";"Curva";"Rural";1;0;1;0;0;0;1;1
83470004;"02/06/16";"Quinta";"13:30:00";"PR";116;"116";"CURITIBA";"Falta de atenção";"Colisão lateral";"Sem Vítimas";"Pleno dia";"Crescente";"Nublado";"Dupla";"Reta";"Urbano";2;0;0;0;2;0;0;2
83470005;"02/06/16";"Quinta";"08:00:00";"MG";381;"237";"SANTANA DO PARAISO";"Falta de atenção";"Queda de motocicleta / bicicleta / veículo";"Com Vítimas Feridas";"Pleno dia";"Crescente";"Sol";"Simples";"Cruzamento";"Urbano";1;0;1;0;0;0;1;1
83470006;"29/05/16";"Domingo";"15:10:00";"SC";282;"22";"SANTO AMARO DA IMPERATRIZ";"Falta de atenção";"Colisão traseira";"Sem Vítimas";"Pleno dia";"Decrescente";"Chuva";"Simples";"Reta";"Urbano";2;0;0;0;2;0;0;2
83470007;"02/06/16";"Quinta";"12:54:00";"RS";290;"58";"GLORINHA";"Falta de atenção";"Saída de Pista";"Com Vítimas Feridas";"Pleno dia";"Crescente";"Nublado";"Dupla";"Reta";"Rural";1;0;1;0;0;0;1;1
83470008;"02/06/16";"Quinta";"12:00:00";"PI";316;"275,2";"DOM EXPEDITO LOPES";"Falta de atenção";"Colisão traseira";"Sem Vítimas";"Pleno dia";"Decrescente";"Sol";"Simples";"Reta";"Rural";2;0;0;0;2;0;0;2
83470009;"02/06/16";"Quinta";"08:30:00";"MG";116;"415";"GOVERNADOR VALADARES";"Outras";"Queda de motocicleta / bicicleta / veículo";"Com Vítimas Feridas";"Pleno dia";"Decrescente";"Ceu Claro";"Simples";"Reta";"Urbano";1;0;1;0;0;0;1;1
83470010;"02/06/16";"Quinta";"11:25:00";"MG";262;"382";"MATEUS LEME";"Velocidade incompatível";"Saída de Pista";"Sem Vítimas";"Pleno dia";"Crescente";"Chuva";"Dupla";"Curva";"Rural";2;0;0;0;2;0;0;1
83470011;"02/02/16";"Terça";"14:30:00";"SC";116;"246";"LAGES";"Outras";"Colisão lateral";"Sem Vítimas";"Pleno dia";"Decrescente";"Ceu Claro";"Simples";"Reta";"Urbano";2;0;0;0;2;0;0;2
83470012;"25/05/16";"Quarta";"11:20:00";"RJ";101;"190";"CASIMIRO DE ABREU";"Outras";"Capotamento";"Com Vítimas Feridas";"Pleno dia";"Decrescente";"Nublado";"Simples";"Curva";"Rural";1;0;1;0;0;0;1;1
83470013;"02/06/16";"Quinta";"01:30:00";"MG";251;"308";"SALINAS";"Animais na Pista";"Atropelamento de animal";"Sem Vítimas";"Plena noite";"Crescente";"Nublado";"Simples";"Curva";"Rural";1;0;0;0;1;0;0;1
83470014;"02/06/16";"Quinta";"15:00:00";"SC";101;"215,5";"PALHOCA";"Defeito mecânico em veículo";"Queda de motocicleta / bicicleta / veículo";"Com Vítimas Feridas";"Pleno dia";"Crescente";"Ceu Claro";"Dupla";"Curva";"Urbano";1;0;0;1;0;0;1;1
83470015;"02/06/16";"Quinta";"12:30:00";"MT";70;"279";"PRIMAVERA DO LESTE";"Falta de atenção";"Colisão lateral";"Sem Vítimas";"Pleno dia";"Crescente";"Ceu Claro";"Simples";"Curva";"Urbano";2;0;0;0;2;0;0;2
83470016;"01/06/16";"Quarta";"15:20:00";"PE";424;"76,2";"CAETES";"Outras";"Colisão lateral";"Sem Vítimas";"Pleno dia";"Crescente";"Ceu Claro";"Simples";"Reta";"Rural";2;0;0;0;2;0;0;2
83470017;"21/05/16";"Sábado";"15:30:00";"PR";476;"148";"ARAUCARIA";"Não guardar distância de segurança";"Queda de motocicleta / bicicleta / veículo";"Com Vítimas Feridas";"Pleno dia";"Crescente";"Ceu Claro";"Dupla";"Reta";"Urbano";2;0;1;0;0;1;1;2
83470018;"02/06/16";"Quinta";"15:00:00";"CE";20;"300,1";"CANINDE";"Defeito na via";"Queda de motocicleta / bicicleta / veículo";"Com Vítimas Feridas";"Pleno dia";"Decrescente";"Ceu Claro";"Simples";"Reta";"Rural";3;0;2;0;1;0;2;2
83470019;"02/06/16";"Quinta";"16:00:00";"RN";304;"299";"MACAIBA";"Falta de atenção";"Colisão lateral";"Sem Vítimas";"Pleno dia";"Decrescente";"Ceu Claro";"Dupla";"Reta";"Urbano";2;0;0;0;2;0;0;2
83470020;"02/06/16";"Quinta";"09:10:00";"GO";153;"360,1";"JARAGUA";"Ultrapassagem indevida";"Colisão Transversal";"Com Vítimas Feridas";"Pleno dia";"Decrescente";"Ceu Claro";"Simples";"Reta";"Urbano";2;0;0;1;1;0;1;2
83470021;"02/06/16";"Quinta";"14:15:00";"MG";262;"381,8";"MATEUS LEME";"Outras";"Capotamento";"Sem Vítimas";"Pleno dia";"Decrescente";"Chuva";"Dupla";"Curva";"Rural";1;0;0;0;1;0;0;1
83470023;"02/06/16";"Quinta";"09:40:00";"SP";116;"409";"JUQUIA";"Falta de atenção";"Colisão traseira";"Com Vítimas Feridas";"Pleno dia";"Decrescente";"Nublado";"Dupla";"Reta";"Urbano";2;0;1;0;1;0;1;2
83470024;"02/06/16";"Quinta";"15:00:00";"SC";101;"206";"SAO JOSE";"Falta de atenção";"Colisão lateral";"Sem Vítimas";"Pleno dia";"Crescente";"Ceu Claro";"Múltipla";"Reta";"Urbano";2;0;0;0;2;0;0;2
83470025;"02/06/16";"Quinta";"12:00:00";"SC";101;"195";"BIGUACU";"Falta de atenção";"Colisão com bicicleta";"Com Vítimas Feridas";"Pleno dia";"Crescente";"Ceu Claro";"Múltipla";"Cruzamento";"Urbano";2;0;1;0;1;0;1;2
83470026;"25/05/16";"Quarta";"17:25:00";"RN";304;"295";"MACAIBA";"Não guardar distância de segurança";"Colisão traseira";"Com Vítimas Feridas";"Plena noite";"Decrescente";"Ceu Claro";"Simples";"Reta";"Urbano";2;0;1;0;1;0;1;2
83470027;"02/06/16";"Quinta";"17:40:00";"SC";101;"204";"SAO JOSE";"Não guardar distância de segurança";"Colisão traseira";"Sem Vítimas";"Pleno dia";"Decrescente";"Ceu Claro";"Múltipla";"Reta";"Urbano";2;0;0;0;1;1;0;2
83470028;"02/06/16";"Quinta";"15:55:00";"SC";101;"72,9";"ARAQUARI";"Outras";"Tombamento";"Com Vítimas Feridas";"Pleno dia";"Crescente";"Nublado";"Dupla";"Reta";"Rural";1;0;1;0;0;0;1;1
83470029;"02/06/16";"Quinta";"17:00:00";"SC";282;"592,3";"SAUDADES";"Outras";"Saída de Pista";"Com Vítimas Feridas";"Pleno dia";"Decrescente";"Sol";"Simples";"Curva";"Rural";1;0;1;0;0;0;1;1
83470030;"02/06/16";"Quinta";"13:10:00";"CE";222;"69,5";"SAO GONCALO DO AMARANTE";"Outras";"Colisão lateral";"Sem Vítimas";"Pleno dia";"Crescente";"Sol";"Simples";"Reta";"Rural";2;0;0;0;1;1;0;2
83470031;"02/06/16";"Quinta";"16:00:00";"RO";364;"16";"VILHENA";"Outras";"Colisão traseira";"Sem Vítimas";"Pleno dia";"Decrescente";"Ceu Claro";"Simples";"Reta";"Urbano";2;0;0;0;2;0;0;2
83470032;"29/05/16";"Domingo";"11:40:00";"ES";262;"165";"IBATIBA";"Outras";"Tombamento";"Com Vítimas Feridas";"Pleno dia";"Decrescente";"Ceu Claro";"Simples";"Curva";"Rural";1;0;0;1;0;0;1;1
83470033;"02/06/16";"Quinta";"18:14:00";"SC";101;"151";"ITAPEMA";"Não guardar distância de segurança";"Colisão traseira";"Sem Vítimas";"Anoitecer";"Decrescente";"Ceu Claro";"Dupla";"Reta";"Urbano";3;0;0;0;3;0;0;3
83470034;"02/06/16";"Quinta";"09:00:00";"MT";364;"135";"PEDRA PRETA";"Defeito na via";"Tombamento";"Sem Vítimas";"Pleno dia";"Decrescente";"Chuva";"Simples";"Curva";"Rural";1;0;0;0;1;0;0;1
83470035;"02/06/16";"Quinta";"14:25:00";"PR";277;"586,4";"CASCAVEL";"Desobediência à sinalização";"Saída de Pista";"Ignorado";"Pleno dia";"Crescente";"Sol";"Simples";"Reta";"Urbano";1;0;0;0;0;1;0;1
83470036;"29/05/16";"Domingo";"11:40:00";"ES";262;"79";"DOMINGOS MARTINS";"Falta de atenção";"Colisão Transversal";"Com Vítimas Feridas";"Pleno dia";"Crescente";"Ceu Claro";"Simples";"Reta";"Rural";4;0;2;2;0;0;4;2
83470037;"02/06/16";"Quinta";"13:30:00";"PR";476;"104,1";"COLOMBO";"Falta de atenção";"Tombamento";"Sem Vítimas";"Pleno dia";"Decrescente";"Ceu Claro";"Simples";"Curva";"Rural";1;0;0;0;1;0;0;1
83470038;"07/05/16";"Sábado";"05:30:00";"MG";40;"517";"RIBEIRAO DAS NEVES";"Outras";"Colisão traseira";"Com Vítimas Feridas";"Pleno dia";"Crescente";"Ceu Claro";"Dupla";"Reta";"Urbano";2;0;0;1;1;0;1;2
83470039;"02/06/16";"Quinta";"10:30:00";"PA";163;"999";"SANTAREM";"Falta de atenção";"Colisão Transversal";"Com Vítimas Feridas";"Pleno dia";"Crescente";"Ceu Claro";"Dupla";"Reta";"Urbano";2;0;1;0;1;0;1;2
83470040;"31/05/16";"Terça";"21:00:00";"PR";476;"248,6";"LAPA";"Velocidade incompatível";"Capotamento";"Sem Vítimas";"Plena noite";"Crescente";"Nublado";"Simples";"Curva";"Rural";1;0;0;0;1;0;0;1
83470041;"02/06/16";"Quinta";"19:45:00";"RJ";40;"18";"TRES RIOS";"Falta de atenção";"Colisão traseira";"Com Vítimas Feridas";"Plena noite";"Crescente";"Ceu Claro";"Dupla";"Curva";"Urbano";2;0;1;0;0;1;1;2
83470042;"29/05/16";"Domingo";"13:50:00";"GO";60;"45,2";"ALEXANIA";"Dormindo";"Saída de Pista";"Com Vítimas Feridas";"Pleno dia";"Decrescente";"Ceu Claro";"Dupla";"Reta";"Rural";1;0;1;0;0;0;1;1
83470043;"02/06/16";"Quinta";"18:30:00";"RS";158;"1,7";"SANTANA DO LIVRAMENTO";"Falta de atenção";"Colisão com bicicleta";"Com Vítimas Feridas";"Plena noite";"Crescente";"Ceu Claro";"Simples";"Cruzamento";"Urbano";2;0;1;0;1;0;1;2
83470044;"02/06/16";"Quinta";"10:30:00";"MG";262;"587";"CAMPOS ALTOS";"Velocidade incompatível";"Saída de Pista";"Com Vítimas Feridas";"Pleno dia";"Decrescente";"Nublado";"Simples";"Curva";"Rural";1;0;1;0;0;0;1;1
83470045;"01/06/16";"Quarta";"20:00:00";"RJ";356;"64";"ITAPERUNA";"Velocidade incompatível";"Colisão lateral";"Com Vítimas Fatais";"Plena noite";"Crescente";"Chuva";"Simples";"Curva";"Rural";3;2;1;0;0;0;1;2
83470046;"02/06/16";"Quinta";"16:15:00";"PR";369;"187,2";"ARAPONGAS";"Falta de atenção";"Colisão Transversal";"Com Vítimas Feridas";"Pleno dia";"Crescente";"Ceu Claro";"Simples";"Reta";"Urbano";2;0;1;0;1;0;1;2
83470047;"02/06/16";"Quinta";"11:00:00";"MG";116;"541,8";"SANTA RITA DE MINAS";"Outras";"Capotamento";"Com Vítimas Feridas";"Pleno dia";"Decrescente";"Chuva";"Simples";"Curva";"Rural";2;0;2;0;0;0;2;1
83470048;"31/05/16";"Terça";"17:28:00";"MT";364;"552";"ROSARIO OESTE";"Velocidade incompatível";"Capotamento";"Sem Vítimas";"Anoitecer";"Decrescente";"Ceu Claro";"Dupla";"Curva";"Rural";1;0;0;0;1;0;0;1
83470049;"02/06/16";"Quinta";"07:00:00";"MG";262;"555";"LUZ";"Outras";"Tombamento";"Sem Vítimas";"Pleno dia";"Decrescente";"Chuva";"Simples";"Reta";"Rural";1;0;0;0;1;0;0;1