"id";"data_inversa";"dia_semana";"horario";"uf";"br";"km";"municipio";"causa_acidente";"tipo_acidente";"classificacao_acidente";"fase_dia";"sentido_via";"condicao_metereologica";"tipo_pista";"tracado_via";"uso_solo";"pessoas";"mortos";"feridos_leves";"feridos_graves";"ilesos";"ignorados";"feridos";"veiculos"
83470164;"28/05/16";"Sábado";"21:10:00";"SC";470;"5,9";"NAVEGANTES";"Ingestão de álcool";"Saída de Pista";"Com Vítimas Feridas";"Plena noite";"Crescente";"Nublado";"Simples";"Cruzamento";"Urbano";3;0;0;1;2;0;1;2
83470165;"30/05/16";"Segunda";"18:30:00";"MG";116;"640,8";"DIVINO";"Falta de atenção";"Colisão Transversal";"Com Vítimas Feridas";"Anoitecer";"Decrescente";"Nublado";"Simples";"Reta";"Rural";3;0;2;0;1;0;2;2
83470166;"28/05/16";"Sábado";"03:40:00";"SC";101;"146,9";"ITAPEMA";"Ingestão de álcool";"Colisão lateral";"Com Vítimas Feridas";"Plena noite";"Crescente";"Ceu Claro";"Dupla";"Reta";"Urbano";7;0;2;0;5;0;2;5
83470167;"30/05/16";"Segunda";"09:25:00";"BA";324;"617,8";"SALVADOR";"Falta de atenção";"Colisão traseira";"Sem Vítimas";"Pleno dia";"Crescente";"Chuva";"Dupla";"Reta";"Urbano";5;0;0;0;5;0;0;5
83470168;"14/04/16";"Quinta";"20:30:00";"MS";267;"150,5";"NOVA ANDRADINA";"Não guardar distância de segurança";"Colisão traseira";"Sem Vítimas";"Plena noite";"Decrescente";"Ceu Claro";"Simples";"Reta";"Rural";2;0;0;0;2;0;0;2
83470169;"03/06/16";"Sexta";"06:45:00";"RJ";101;"321";"NITEROI";"Outras";"Capotamento";"Com Vítimas Feridas";"Pleno dia";"Decrescente";"Nublado";"Dupla";"Reta";"Urbano";1;0;1;0;0;0;1;1
83470170;"26/05/16";"Quinta";"22:55:00";"AL";101;"234";"PORTO REAL DO COLEGIO";"Velocidade incompatível";"Tombamento";"Com Vítimas Feridas";"Plena noite";"Decrescente";"Ignorada";"Simples";"Curva";"Rural";1;0;0;1;0;0;1;1
83470171;"30/05/16";"Segunda";"19:00:00";"ES";447;"12,5";"VILA VELHA";"Falta de atenção";"Colisão lateral";"Sem Vítimas";"Plena noite";"Crescente";"Ceu Claro";"Dupla";"Cruzamento";"Urbano";2;0;0;0;2;0;0;2
83470172;"03/06/16";"Sexta";"07:45:00";"SC";116;"161,7";"PONTE ALTA DO NORTE";"Falta de atenção";"Colisão traseira";"Sem Vítimas";"Pleno dia";"Crescente";"Nevoeiro/neblina";"Simples";"Reta";"Rural";2;0;0;0;2;0;0;2
83470173;"01/06/16";"Quarta";"17:00:00";"RJ";356;"65";"ITAPERUNA";"Falta de atenção";"Colisão frontal";"Com Vítimas Fatais";"Anoitecer";"Crescente";"Chuva";"Simples";"Reta";"Rural";2;1;0;0;1;0;0;2
83470174;"31/05/16";"Terça";"07:00:00";"SP";116;"220";"GUARULHOS";"Não guardar distância de segurança";"Colisão lateral";"Sem Vítimas";"Amanhecer";"Crescente";"Nublado";"Múltipla";"Reta";"Urbano";2;0;0;0;2;0;0;2
83470175;"03/06/16";"Sexta";"05:20:00";"MS";163;"506,5";"JARAGUARI";"Outras";"Tombamento";"Sem Vítimas";"Amanhecer";"Decrescente";"Nevoeiro/neblina";"Simples";"Reta";"Rural";1;0;0;0;1;0;0;1
83470176;"02/06/16";"Quinta";"09:30:00";"MG";40;"759,3";"EWBANK DA CAMARA";"Outras";"Saída de Pista";"Sem Vítimas";"Pleno dia";"Crescente";"Chuva";"Simples";"Curva";"Urbano";1;0;0;0;1;0;0;1
83470177;"03/06/16";"Sexta";"07:00:00";"PR";369;"509";"CASCAVEL";"Outras";"Capotamento";"Sem Vítimas";"Pleno dia";"Crescente";"Ceu Claro";"Simples";"Curva";"Rural";2;0;0;0;2;0;0;2
83470179;"03/06/16";"Sexta";"03:00:00";"MS";262;"302";"CAMPO GRANDE";"Desobediência à sinalização";"Colisão traseira";"Com Vítimas Feridas";"Plena noite";"Crescente";"Nublado";"Simples";"Reta";"Rural";4;0;1;2;1;0;3;2
83470180;"30/05/16";"Segunda";"07:30:00";"BA";101;"567";"ARATACA";"Outras";"Capotamento";"Com Vítimas Feridas";"Pleno dia";"Crescente";"Ceu Claro";"Simples";"Curva";"Rural";4;0;1;0;3;0;1;1
83470181;"03/06/16";"Sexta";"06:00:00";"PR";163;"32,5";"SANTO ANTONIO DO SUDOESTE";"Falta de atenção";"Colisão frontal";"Com Vítimas Feridas";"Plena noite";"Decrescente";"Nublado";"Simples";"Reta";"Urbano";3;0;1;1;1;0;2;2
83470182;"30/01/16";"Sábado";"12:30:00";"BA";367;"28";"PORTO SEGURO";"Defeito na via";"Colisão traseira";"Com Vítimas Feridas";"Pleno dia";"Decrescente";"Ignorada";"Simples";"Reta";"Rural";3;0;1;0;0;2;1;3
83470183;"30/05/16";"Segunda";"07:00:00";"BA";101;"628";"MASCOTE";"Outras";"Colisão lateral";"Com Vítimas Feridas";"Pleno dia";"Decrescente";"Ceu Claro";"Simples";"Reta";"Rural";2;0;1;0;1;0;1;2
83470184;"28/05/16";"Sábado";"20:00:00";"ES";101;"301,5";"VIANA";"Falta de atenção";"Colisão traseira";"Com Vítimas Feridas";"Plena noite";"Decrescente";"Ceu Claro";"Dupla";"Reta";"Rural";2;0;1;0;1;0;1;2
83470185;"03/06/16";"Sexta";"09:15:00";"MG";40;"529";"CONTAGEM";"Outras";"Queda de motocicleta / bicicleta / veículo";"Com Vítimas Feridas";"Pleno dia";"Crescente";"Chuva";"Dupla";"Reta";"Urbano";1;0;1;0;0;0;1;1
83470186;"30/05/16";"Segunda";"10:43:00";"RO";319;"63";"PORTO VELHO";"Falta de atenção";"Colisão lateral";"Com Vítimas Feridas";"Pleno dia";"Crescente";"Ceu Claro";"Múltipla";"Cruzamento";"Urbano";3;0;0;1;2;0;1;3
83470187;"03/06/16";"Sexta";"08:45:00";"BA";324;"566";"SANTO AMARO";"Falta de atenção";"Colisão traseira";"Sem Vítimas";"Pleno dia";"Crescente";"Ceu Claro";"Dupla";"Reta";"Rural";2;0;0;0;2;0;0;2
83470188;"03/06/16";"Sexta";"08:00:00";"SP";116;"412,6";"JUQUIA";"Falta de atenção";"Saída de Pista";"Sem Vítimas";"Pleno dia";"Decrescente";"Nublado";"Dupla";"Reta";"Rural";1;0;0;0;1;0;0;1
83470189;"02/06/16";"Quinta";"17:50:00";"PR";163;"62,5";"PEROLA DOESTE";"Outras";"Colisão frontal";"Com Vítimas Feridas";"Plena noite";"Decrescente";"Ceu Claro";"Simples";"Curva";"Rural";3;0;0;1;1;1;1;2
83470190;"02/06/16";"Quinta";"09:30:00";"GO";60;"20";"ALEXANIA";"Falta de atenção";"Capotamento";"Sem Vítimas";"Pleno dia";"Crescente";"Ceu Claro";"Dupla";"Curva";"Rural";1;0;0;0;1;0;0;1
83470191;"03/06/16";"Sexta";"06:10:00";"MG";262;"382";"MATEUS LEME";"Outras";"Capotamento";"Com Vítimas Feridas";"Pleno dia";"Crescente";"Chuva";"Dupla";"Curva";"Rural";1;0;1;0;0;0;1;1
83470192;"03/06/16";"Sexta";"08:00:00";"RJ";465;"11";"SEROPEDICA";"Desobediência à sinalização";"Colisão lateral";"Com Vítimas Feridas";"Pleno dia";"Crescente";"Nublado";"Simples";"Reta";"Rural";3;0;1;1;1;0;2;2
83470193;"22/05/16";"Domingo";"01:40:00";"PB";230;"2,4";"CABEDELO";"Velocidade incompatível";"Saída de Pista";"Ignorado";"Plena noite";"Decrescente";"Ceu Claro";"Dupla";"Reta";"Urbano";1;0;0;0;0;1;0;1
83470194;"29/05/16";"Domingo";"19:50:00";"SC";101;"327,4";"CAPIVARI DE BAIXO";"Falta de atenção";"Saída de Pista";"Sem Vítimas";"Plena noite";"Crescente";"Chuva";"Simples";"Reta";"Urbano";2;0;0;0;2;0;0;2
83470196;"03/06/16";"Sexta";"07:30:00";"PB";101;"94";"CONDE";"Outras";"Colisão lateral";"Sem Vítimas";"Pleno dia";"Decrescente";"Chuva";"Dupla";"Curva";"Rural";2;0;0;0;2;0;0;2
83470197;"03/06/16";"Sexta";"09:30:00";"MG";381;"496,5";"BETIM";"Outras";"Colisão com objeto móvel";"Com Vítimas Feridas";"Pleno dia";"Decrescente";"Chuva";"Dupla";"Curva";"Urbano";2;0;0;1;1;0;1;2
83470198;"27/05/16";"Sexta";"15:30:00";"SP";116;"216";"GUARULHOS";"Outras";"Colisão traseira";"Sem Vítimas";"Pleno dia";"Decrescente";"Nublado";"Simples";"Reta";"Urbano";2;0;0;0;2;0;0;2
83470199;"30/05/16";"Segunda";"07:05:00";"SC";101;"256,3";"PAULO LOPES";"Falta de atenção";"Capotamento";"Sem Vítimas";"Amanhecer";"Decrescente";"Nublado";"Simples";"Reta";"Urbano";1;0;0;0;1;0;0;1
83470200;"03/06/16";"Sexta";"09:52:00";"MT";70;"1,3";"BARRA DO GARCAS";"Falta de atenção";"Atropelamento de pessoa";"Com Vítimas Feridas";"Pleno dia";"Decrescente";"Ceu Claro";"Simples";"Reta";"Urbano";3;0;2;0;1;0;2;1
83470201;"03/06/16";"Sexta";"06:30:00";"GO";153;"511,6";"HIDROLANDIA";"Falta de atenção";"Colisão traseira";"Sem Vítimas";"Amanhecer";"Crescente";"Sol";"Dupla";"Reta";"Urbano";2;0;0;0;2;0;0;2
83470202;"30/05/16";"Segunda";"14:28:00";"RN";110;"65,2";"MOSSORO";"Outras";"Saída de Pista";"Sem Vítimas";"Pleno dia";"Decrescente";"Chuva";"Simples";"Reta";"Rural";1;0;0;0;1;0;0;1
83470203;"30/05/16";"Segunda";"17:15:00";"ES";101;"253,9";"SERRA";"Desobediência à sinalização";"Colisão lateral";"Com Vítimas Feridas";"Anoitecer";"Crescente";"Ceu Claro";"Simples";"Reta";"Urbano";3;0;2;0;1;0;2;2
83470204;"03/06/16";"Sexta";"07:45:00";"MG";381;"364";"SAO GONCALO DO RIO ABAIXO";"Outras";"Colisão Transversal";"Com Vítimas Feridas";"Pleno dia";"Decrescente";"Chuva";"Simples";"Curva";"Rural";3;0;2;0;0;1;2;2
83470205;"03/06/16";"Sexta";"08:15:00";"MT";364;"543";"ROSARIO OESTE";"Falta de atenção";"Colisão com bicicleta";"Com Vítimas Feridas";"Pleno dia";"Decrescente";"Ceu Claro";"Dupla";"Reta";"Urbano";2;0;1;0;1;0;1;2
83470206;"03/06/16";"Sexta";"07:20:00";"MG";365;"630";"UBERLANDIA";"Falta de atenção";"Queda de motocicleta / bicicleta / veículo";"Com Vítimas Feridas";"Pleno dia";"Decrescente";"Nublado";"Dupla";"Reta";"Urbano";2;0;1;1;0;0;2;1
83470207;"18/05/16";"Quarta";"18:00:00";"SP";116;"230";"SAO PAULO";"Desobediência à sinalização";"Colisão traseira";"Com Vítimas Feridas";"Anoitecer";"Crescente";"Nublado";"Múltipla";"Reta";"Urbano";2;0;1;0;1;0;1;2
83470208;"03/06/16";"Sexta";"07:00:00";"MG";381;"917,5";"CAMANDUCAIA";"Velocidade incompatível";"Derramamento de Carga";"Sem Vítimas";"Pleno dia";"Crescente";"Chuva";"Dupla";"Curva";"Rural";1;0;0;0;1;0;0;1
83470209;"27/05/16";"Sexta";"06:45:00";"MT";364;"496,4";"CUIABA";"Outras";"Colisão traseira";"Com Vítimas Fatais";"Pleno dia";"Decrescente";"Ceu Claro";"Dupla";"Reta";"Urbano";2;1;0;0;0;1;0;2
83470210;"03/06/16";"Sexta";"10:55:00";"PR";277;"305,4";"PRUDENTOPOLIS";"Outras";"Saída de Pista";"Sem Vítimas";"Pleno dia";"Crescente";"Sol";"Simples";"Reta";"Rural";1;0;0;0;1;0;0;1
83470212;"03/06/16";"Sexta";"10:08:00";"MS";163;"116";"ITAQUIRAI";"Falta de atenção";"Capotamento";"Sem Vítimas";"Pleno dia";"Decrescente";"Nublado";"Simples";"Curva";"Rural";1;0;0;0;1;0;0;1
83470213;"03/06/16";"Sexta";"11:45:00";"PR";369;"91";"CORNELIO PROCOPIO";"Falta de atenção";"Queda de motocicleta / bicicleta / veículo";"Com Vítimas Feridas";"Pleno dia";"Decrescente";"Nublado";"Simples";"Curva";"Rural";2;0;1;1;0;0;2;1
83470214;"03/06/16";"Sexta";"12:50:00";"RS";386;"38,1";"SEBERI";"Velocidade incompatível";"Saída de Pista";"Com Vítimas Feridas";"Pleno dia";"Decrescente";"Sol";"Simples";"Curva";"Rural";1;0;0;1;0;0;1;1
83470215;"03/06/16";"Sexta";"07:40:00";"MT";364;"292";"JACIARA";"Outras";"Colisão traseira";"Sem Vítimas";"Pleno dia";"Decrescente";"Nevoeiro/neblina";"Simples";"Reta";"Rural";3;0;0;0;3;0;0;3
83470216;"30/05/16";"Segunda";"16:59:00";"MG";381;"792";"SAO GONCALO DO SAPUCAI";"Velocidade incompatível";"Colisão com objeto fixo";"Sem Vítimas";"Pleno dia";"Crescente";"Chuva";"Dupla";"Curva";"Rural";1;0;0;0;1;0;0;1
83470217;"02/06/16";"Quinta";"14:30:00";"BA";101;"159,5";"CONCEICAO DO JACUIPE";"Outras";"Saída de Pista";"Com Vítimas Feridas";"Pleno dia";"Decrescente";"Ceu Claro";"Simples";"Reta";"Rural";4;0;3;0;1;0;3;2
83470218;"03/06/16";"Sexta";"11:40:00";"MG";262;"463";"BOM DESPACHO";"Falta de atenção";"Colisão lateral";"Sem Vítimas";"Pleno dia";"Crescente";"Chuva";"Simples";"Reta";"Rural";2;0;0;0;2;0;0;2
83470220;"31/05/16";"Terça";"08:20:00";"MG";381;"686,6";"LAVRAS";"Velocidade incompatível";"Capotamento";"Com Vítimas Feridas";"Pleno dia";"Crescente";"Chuva";"Dupla";"Curva";"Rural";2;0;1;0;1;0;1;1
83470221;"03/06/16";"Sexta";"09:50:00";"MG";381;"559,5";"ITAGUARA";"Falta de atenção";"Tombamento";"Sem Vítimas";"Pleno dia";"Crescente";"Chuva";"Dupla";"Curva";"Rural";1;0;0;0;1;0;0;1
83470222;"29/05/16";"Domingo";"06:00:00";"SC";470;"2,1";"NAVEGANTES";"Velocidade incompatível";"Saída de Pista";"Sem Vítimas";"Amanhecer";"Decrescente";"Chuva";"Simples";"Cruzamento";"Urbano";1;0;0;0;1;0;0;1
83470223;"03/06/16";"Sexta";"08:50:00";"SC";101;"311,5";"LAGUNA";"Defeito mecânico em veículo";"Danos Eventuais";"Sem Vítimas";"Pleno dia";"Crescente";"Ceu Claro";"Múltipla";"Cruzamento";"Urbano";1;0;0;0;1;0;0;1
83470224;"03/06/16";"Sexta";"11:40:00";"MG";381;"343";"BELA VISTA DE MINAS";"Velocidade incompatível";"Saída de Pista";"Sem Vítimas";"Pleno dia";"Decrescente";"Chuva";"Simples";"Curva";"Rural";1;0;0;0;1;0;0;1
83470225;"29/05/16";"Domingo";"17:30:00";"PR";277;"649";"MATELANDIA";"Ultrapassagem indevida";"Colisão frontal";"Com Vítimas Feridas";"Anoitecer";"Crescente";"Chuva";"Simples";"Reta";"Rural";7;0;1;2;4;0;3;3
83470226;"03/06/16";"Sexta";"11:15:00";"PE";232;"408";"SERRA TALHADA";"Ingestão de álcool";"Colisão Transversal";"Sem Vítimas";"Pleno dia";"Crescente";"Ceu Claro";"Simples";"Cruzamento";"Urbano";2;0;0;0;2;0;0;2
83470227;"03/06/16";"Sexta";"12:25:00";"SC";116;"12,4";"MAFRA";"Falta de atenção";"Colisão Transversal";"Com Vítimas Feridas";"Pleno dia";"Crescente";"Sol";"Simples";"Reta";"Rural";2;0;1;0;1;0;1;2
83470228;"03/06/16";"Sexta";"12:10:00";"BA";116;"547";"MILAGRES";"Falta de atenção";"Atropelamento de pessoa";"Com Vítimas Feridas";"Pleno dia";"Decrescente";"Ceu Claro";"Simples";"Reta";"Urbano";2;0;1;0;1;0;1;1
83470229;"03/06/16";"Sexta";"08:30:00";"SC";101;"209,5";"SAO JOSE";"Desobediência à sinalização";"Colisão Transversal";"Com Vítimas Feridas";"Pleno dia";"Decrescente";"Ceu Claro";"Dupla";"Cruzamento";"Urbano";2;0;1;0;1;0;1;2
83470230;"31/05/16";"Terça";"19:25:00";"SP";116;"148,5";"SAO JOSE DOS CAMPOS";"Ingestão de álcool";"Colisão traseira";"Sem Vítimas";"Plena noite";"Decrescente";"Nublado";"Dupla";"Reta";"Urbano";2;0;0;0;2;0;0;2
83470231;"03/06/16";"Sexta";"12:40:00";"GO";153;"194";"URUACU";"Ingestão de álcool";"Colisão traseira";"Sem Vítimas";"Pleno dia";"Crescente";"Ceu Claro";"Simples";"Reta";"Rural";2;0;0;0;2;0;0;2
83470232;"03/06/16";"Sexta";"11:40:00";"MG";381;"845,9";"SAO SEBASTIAO DA BELA VISTA";"Velocidade incompatível";"Colisão com objeto fixo";"Com Vítimas Feridas";"Pleno dia";"Crescente";"Chuva";"Dupla";"Reta";"Rural";3;0;2;0;1;0;2;1
83470233;"03/06/16";"Sexta";"06:51:00";"SP";116;"145";"SAO JOSE DOS CAMPOS";"Ultrapassagem indevida";"Colisão lateral";"Com Vítimas Feridas";"Pleno dia";"Crescente";"Ceu Claro";"Simples";"Reta";"Urbano";3;0;1;0;2;0;1;3
83470234;"03/06/16";"Sexta";"09:10:00";"MG";381;"531";"ITATIAIUCU";"Velocidade incompatível";"Capotamento";"Com Vítimas Feridas";"Pleno dia";"Crescente";"Chuva";"Dupla";"Curva";"Rural";2;0;2;0;0;0;2;1
83470235;"03/06/16";"Sexta";"12:55:00";"MG";381;"934,3";"EXTREMA";"Velocidade incompatível";"Colisão com objeto fixo";"Sem Vítimas";"Pleno dia";"Decrescente";"Chuva";"Dupla";"Curva";"Rural";1;0;0;0;1;0;0;1
83470236;"03/06/16";"Sexta";"13:00:00";"MG";381;"934,3";"EXTREMA";"Velocidade incompatível";"Saída de Pista";"Sem Vítimas";"Pleno dia";"Decrescente";"Chuva";"Dupla";"Curva";"Rural";1;0;0;0;1;0;0;1
83470237;"03/06/16";"Sexta";"11:00:00";"PR";116;"104";"SAO JOSE DOS PINHAIS";"Falta de atenção";"Colisão traseira";"Com Vítimas Feridas";"Pleno dia";"Decrescente";"Ceu Claro";"Dupla";"Reta";"Rural";7;0;4;1;2;0;5;3
83470238;"03/06/16";"Sexta";"11:40:00";"MG";354;"759";"ITAMONTE";"Outras";"Colisão com objeto fixo";"Com Vítimas Feridas";"Pleno dia";"Crescente";"Chuva";"Simples";"Reta";"Rural";1;0;1;0;0;0;1;1
83470239;"04/02/16";"Quinta";"07:00:00";"RJ";356;"64";"ITAPERUNA";"Outras";"Colisão frontal";"Com Vítimas Feridas";"Pleno dia";"Decrescente";"Ceu Claro";"Simples";"Reta";"Rural";2;0;1;0;1;0;1;2
83470240;"31/05/16";"Terça";"05:50:00";"RS";392;"37,5";"RIO GRANDE";"Falta de atenção";"Tombamento";"Sem Vítimas";"Plena noite";"Decrescente";"Chuva";"Dupla";"Curva";"Rural";1;0;0;0;1;0;0;1
83470241;"03/06/16";"Sexta";"11:20:00";"MG";365;"389";"PATOS DE MINAS";"Velocidade incompatível";"Saída de Pista";"Com Vítimas Feridas";"Pleno dia";"Crescente";"Chuva";"Simples";"Curva";"Rural";1;0;1;0;0;0;1;1
83470242;"03/06/16";"Sexta";"13:00:00";"RS";153;"48";"ERECHIM";"Falta de atenção";"Colisão traseira";"Sem Vítimas";"Pleno dia";"Crescente";"Ceu Claro";"Simples";"Cruzamento";"Urbano";2;0;0;0;2;0;0;2
83470243;"03/06/16";"Sexta";"12:15:00";"MG";40;"546";"NOVA LIMA";"Outras";"Saída de Pista";"Sem Vítimas";"Pleno dia";"Crescente";"Chuva";"Dupla";"Reta";"Urbano";1;0;0;0;1;0;0;1
83470244;"03/06/16";"Sexta";"07:35:00";"SP";153;"195,1";"GETULINA";"Outras";"Colisão Transversal";"Com Vítimas Feridas";"Pleno dia";"Crescente";"Nublado";"Simples";"Cruzamento";"Rural";2;0;1;0;1;0;1;2
83470246;"03/06/16";"Sexta";"13:45:00";"PR";277;"18";"PARANAGUA";"Falta de atenção";"Saída de Pista";"Sem Vítimas";"Pleno dia";"Decrescente";"Ceu Claro";"Dupla";"Curva";"Rural";1;0;0;0;1;0;0;1
83470247;"03/06/16";"Sexta";"12:30:00";"SC";158;"102";"CUNHA PORA";"Falta de atenção";"Colisão lateral";"Sem Vítimas";"Pleno dia";"Decrescente";"Sol";"Simples";"Reta";"Urbano";2;0;0;0;2;0;0;2
83470248;"02/06/16";"Quinta";"11:15:00";"SC";163;"0,5";"DIONISIO CERQUEIRA";"Não guardar distância de segurança";"Colisão traseira";"Com Vítimas Feridas";"Pleno dia";"Crescente";"Ceu Claro";"Simples";"Reta";"Urbano";3;0;1;1;1;0;2;2
83470250;"03/06/16";"Sexta";"09:20:00";"MG";381;"533";"ITATIAIUCU";"Velocidade incompatível";"Capotamento";"Sem Vítimas";"Pleno dia";"Crescente";"Chuva";"Dupla";"Curva";"Rural";1;0;0;0;1;0;0;1
83470251;"03/06/16";"Sexta";"12:10:00";"SP";116;"507";"CAJATI";"Falta de atenção";"Saída de Pista";"Sem Vítimas";"Pleno dia";"Decrescente";"Ceu Claro";"Simples";"Reta";"Rural";1;0;0;0;1;0;0;1
83470253;"03/06/16";"Sexta";"08:00:00";"MT";364;"274";"JACIARA";"Falta de atenção";"Colisão lateral";"Sem Vítimas";"Pleno dia";"Crescente";"Sol";"Dupla";"Reta";"Urbano";2;0;0;0;2;0;0;2
83470254;"03/06/16";"Sexta";"11:00:00";"MG";50;"197,9";"UBERABA";"Defeito mecânico em veículo";"Colisão com objeto fixo";"Sem Vítimas";"Pleno dia";"Crescente";"Chuva";"Dupla";"Reta";"Rural";1;0;0;0;1;0;0;1
83470255;"02/06/16";"Quinta";"07:30:00";"MT";364;"200";"RONDONOPOLIS";"Não guardar distância de segurança";"Colisão traseira";"Sem Vítimas";"Pleno dia";"Decrescente";"Chuva";"Dupla";"Reta";"Urbano";3;0;0;0;3;0;0;3
83470256;"03/06/16";"Sexta";"14:00:00";"MG";381;"521";"BRUMADINHO";"Outras";"Tombamento";"Sem Vítimas";"Pleno dia";"Crescente";"Chuva";"Dupla";"Curva";"Rural";1;0;0;0;1;0;0;1
83470257;"03/06/16";"Sexta";"13:32:00";"MT";70;"275";"PRIMAVERA DO LESTE";"Falta de atenção";"Colisão lateral";"Sem Vítimas";"Pleno dia";"Crescente";"Ceu Claro";"Simples";"Cruzamento";"Urbano";2;0;0;0;2;0;0;2
83470258;"29/05/16";"Domingo";"17:20:00";"PA";316;"19";"BENEVIDES";"Falta de atenção";"Colisão traseira";"Sem Vítimas";"Pleno dia";"Decrescente";"Ceu Claro";"Dupla";"Reta";"Urbano";3;0;0;0;3;0;0;3
83470259;"03/06/16";"Sexta";"12:00:00";"SC";282;"25";"SANTO AMARO DA IMPERATRIZ";"Velocidade incompatível";"Colisão traseira";"Com Vítimas Feridas";"Pleno dia";"Crescente";"Nublado";"Simples";"Cruzamento";"Rural";4;0;2;0;2;0;2;2
83470261;"29/05/16";"Domingo";"18:30:00";"SC";470;"126,2";"IBIRAMA";"Ingestão de álcool";"Colisão Transversal";"Sem Vítimas";"Plena noite";"Crescente";"Chuva";"Simples";"Reta";"Urbano";2;0;0;0;2;0;0;2
83470262;"03/06/16";"Sexta";"09:50:00";"MT";364;"120,7";"PEDRA PRETA";"Outras";"Tombamento";"Sem Vítimas";"Pleno dia";"Crescente";"Ceu Claro";"Simples";"Reta";"Rural";1;0;0;0;1;0;0;1
83470263;"03/06/16";"Sexta";"14:50:00";"RS";386;"254";"SOLEDADE";"Falta de atenção";"Colisão traseira";"Sem Vítimas";"Pleno dia";"Crescente";"Nublado";"Simples";"Curva";"Rural";5;0;0;0;5;0;0;3
83470264;"03/06/16";"Sexta";"09:30:00";"PB";101;"124";"CAAPORA";"Velocidade incompatível";"Colisão Transversal";"Sem Vítimas";"Pleno dia";"Decrescente";"Chuva";"Dupla";"Reta";"Rural";3;0;0;0;3;0;0;2
83470265;"03/06/16";"Sexta";"10:30:00";"MG";381;"697";"LAVRAS";"Velocidade incompatível";"Capotamento";"Sem Vítimas";"Pleno dia";"Crescente";"Chuva";"Dupla";"Curva";"Rural";1;0;0;0;1;0;0;1
83470266;"03/06/16";"Sexta";"11:00:00";"MG";381;"686";"LAVRAS";"Velocidade incompatível";"Capotamento";"Com Vítimas Feridas";"Pleno dia";"Crescente";"Chuva";"Dupla";"Curva";"Rural";1;0;1;0;0;0;1;1
83470267;"03/06/16";"Sexta";"13:15:00";"MG";381;"873,5";"CAREACU";"Velocidade incompatível";"Capotamento";"Sem Vítimas";"Pleno dia";"Decrescente";"Chuva";"Dupla";"Curva";"Rural";1;0;0;0;1;0;0;1
83470268;"03/06/16";"Sexta";"11:40:00";"PE";232;"114,8";"CARUARU";"Outras";"Colisão com objeto fixo";"Com Vítimas Feridas";"Pleno dia";"Crescente";"Chuva";"Dupla";"Reta";"Rural";1;0;0;1;0;0;1;1
83470269;"03/06/16";"Sexta";"14:50:00";"ES";101;"141";"LINHARES";"Outras";"Colisão com objeto fixo";"Sem Vítimas";"Pleno dia";"Decrescente";"Nublado";"Múltipla";"Reta";"Urbano";6;0;0;0;6;0;0;3
83470270;"03/06/16";"Sexta";"14:00:00";"MG";381;"360";"JOAO MONLEVADE";"Velocidade incompatível";"Colisão Transversal";"Com Vítimas Fatais";"Pleno dia";"Crescente";"Nublado";"Simples";"Curva";"Rural";4;2;0;0;2;0;0;2
83470271;"03/06/16";"Sexta";"12:45:00";"MG";262;"366,8";"JUATUBA";"Outras";"Saída de Pista";"Sem Vítimas";"Pleno dia";"Crescente";"Chuva";"Dupla";"Curva";"Rural";1;0;0;0;1;0;0;1
83470272;"03/06/16";"Sexta";"14:50:00";"PE";232;"5";"RECIFE";"Falta de atenção";"Colisão traseira";"Com Vítimas Feridas";"Pleno dia";"Decrescente";"Chuva";"Dupla";"Reta";"Urbano";3;0;1;0;2;0;1;3
83470273;"03/06/16";"Sexta";"11:50:00";"MG";381;"705,3";"LAVRAS";"Velocidade incompatível";"Capotamento";"Sem Vítimas";"Pleno dia";"Crescente";"Chuva";"Dupla";"Curva";"Rural";1;0;0;0;1;0;0;1
83470274;"03/06/16";"Sexta";"14:30:00";"MG";381;"654";"SANTO ANTONIO DO AMPARO";"Velocidade incompatível";"Colisão com objeto fixo";"Sem Vítimas";"Pleno dia";"Crescente";"Chuva";"Dupla";"Curva";"Rural";1;0;0;0;1;0;0;1
83470275;"20/02/16";"Sábado";"15:00:00";"RJ";116;"222";"PIRAI";"Outras";"Capotamento";"Sem Vítimas";"Pleno dia";"Decrescente";"Chuva";"Dupla";"Curva";"Rural";1;0;0;0;1;0;0;1
83470276;"03/06/16";"Sexta";"11:30:00";"PE";408;"104";"JABOATAO DOS GUARARAPES";"Outras";"Saída de Pista";"Sem Vítimas";"Pleno dia";"Crescente";"Chuva";"Simples";"Reta";"Urbano";1;0;0;0;1;0;0;1
83470277;"01/06/16";"Quarta";"16:30:00";"MG";40;"528";"CONTAGEM";"Outras";"Saída de Pista";"Com Vítimas Feridas";"Pleno dia";"Decrescente";"Nublado";"Dupla";"Curva";"Urbano";3;0;0;1;1;1;1;2
83470278;"03/06/16";"Sexta";"12:50:00";"MG";381;"519,5";"IGARAPE";"Velocidade incompatível";"Capotamento";"Com Vítimas Feridas";"Pleno dia";"Crescente";"Chuva";"Múltipla";"Curva";"Rural";1;0;1;0;0;0;1;1
83470279;"03/06/16";"Sexta";"14:00:00";"SC";282;"2,5";"FLORIANOPOLIS";"Não guardar distância de segurança";"Colisão traseira";"Com Vítimas Feridas";"Pleno dia";"Decrescente";"Ceu Claro";"Dupla";"Reta";"Urbano";3;0;2;0;1;0;2;2
83470280;"30/05/16";"Segunda";"16:30:00";"SP";116;"220";"GUARULHOS";"Outras";"Colisão traseira";"Sem Vítimas";"Anoitecer";"Decrescente";"Chuva";"Múltipla";"Reta";"Urbano";2;0;0;0;2;0;0;2