"id";"data_inversa";"dia_semana";"horario";"uf";"br";"km";"municipio";"causa_acidente";"tipo_acidente";"classificacao_acidente";"fase_dia";"sentido_via";"condicao_metereologica";"tipo_pista";"tracado_via";"uso_solo";"pessoas";"mortos";"feridos_leves";"feridos_graves";"ilesos";"ignorados";"feridos";"veiculos"
83470394;"28/04/16";"Quinta";"21:00:00";"RJ";116;"318,5";"ITATIAIA";"Outras";"Colisão traseira";"Com Vítimas Feridas";"Plena noite";"Crescente";"Nublado";"Simples";"Reta";"Urbano";3;0;2;0;1;0;2;2
83470395;"03/06/16";"Sexta";"16:55:00";"MT";70;"266";"PRIMAVERA DO LESTE";"Defeito mecânico em veículo";"Incêndio";"Sem Vítimas";"Pleno dia";"Decrescente";"Ceu Claro";"Simples";"Reta";"Rural";1;0;0;0;1;0;0;1
83470396;"03/06/16";"Sexta";"22:20:00";"MG";354;"742";"POUSO ALTO";"Velocidade incompatível";"Saída de Pista";"Sem Vítimas";"Plena noite";"Crescente";"Chuva";"Simples";"Reta";"Rural";1;0;0;0;1;0;0;1
83470397;"03/06/16";"Sexta";"11:30:00";"MG";381;"646";"SANTO ANTONIO DO AMPARO";"Outras";"Colisão com objeto fixo";"Sem Vítimas";"Pleno dia";"Crescente";"Chuva";"Dupla";"Curva";"Rural";1;0;0;0;1;0;0;1
83470398;"03/06/16";"Sexta";"22:20:00";"SC";280;"81,3";"CORUPA";"Ultrapassagem indevida";"Colisão frontal";"Com Vítimas Feridas";"Plena noite";"Crescente";"Ceu Claro";"Simples";"Reta";"Urbano";2;0;1;0;0;1;1;2
83470399;"03/06/16";"Sexta";"19:20:00";"RS";290;"580";"ALEGRETE";"Animais na Pista";"Atropelamento de animal";"Sem Vítimas";"Plena noite";"Crescente";"Ceu Claro";"Simples";"Reta";"Rural";1;0;0;0;1;0;0;1
83470400;"03/06/16";"Sexta";"19:00:00";"ES";101;"457";"MIMOSO DO SUL";"Velocidade incompatível";"Saída de Pista";"Sem Vítimas";"Plena noite";"Decrescente";"Chuva";"Simples";"Curva";"Rural";1;0;0;0;1;0;0;1
83470401;"03/06/16";"Sexta";"17:00:00";"MG";40;"525";"CONTAGEM";"Outras";"Atropelamento de pessoa";"Com Vítimas Feridas";"Pleno dia";"Decrescente";"Chuva";"Dupla";"Reta";"Urbano";2;0;0;1;1;0;1;1
83470402;"03/06/16";"Sexta";"15:40:00";"MG";381;"686,7";"LAVRAS";"Outras";"Saída de Pista";"Sem Vítimas";"Pleno dia";"Crescente";"Chuva";"Dupla";"Curva";"Rural";1;0;0;0;1;0;0;1
83470403;"03/06/16";"Sexta";"15:30:00";"MA";222;"671";"ACAILANDIA";"Desobediência à sinalização";"Colisão traseira";"Com Vítimas Feridas";"Pleno dia";"Decrescente";"Ceu Claro";"Simples";"Reta";"Urbano";2;0;1;0;1;0;1;2
83470405;"03/06/16";"Sexta";"10:30:00";"RO";364;"463";"ARIQUEMES";"Outras";"Saída de Pista";"Sem Vítimas";"Pleno dia";"Decrescente";"Ceu Claro";"Simples";"Reta";"Rural";1;0;0;0;1;0;0;1
83470406;"29/04/16";"Sexta";"21:30:00";"RJ";116;"122";"MAGE";"Falta de atenção";"Colisão lateral";"Sem Vítimas";"Plena noite";"Crescente";"Ceu Claro";"Simples";"Reta";"Urbano";2;0;0;0;2;0;0;2
83470407;"03/06/16";"Sexta";"18:40:00";"MS";163;"444,4";"CAMPO GRANDE";"Desobediência à sinalização";"Colisão frontal";"Com Vítimas Fatais";"Plena noite";"Decrescente";"Nublado";"Simples";"Reta";"Rural";6;2;0;2;2;0;2;4
83470408;"03/06/16";"Sexta";"15:45:00";"MG";381;"686,7";"LAVRAS";"Outras";"Saída de Pista";"Sem Vítimas";"Pleno dia";"Crescente";"Chuva";"Dupla";"Curva";"Rural";1;0;0;0;1;0;0;1
83470409;"03/06/16";"Sexta";"18:40:00";"PE";316;"371";"PETROLANDIA";"Ingestão de álcool";"Colisão lateral";"Sem Vítimas";"Plena noite";"Crescente";"Ceu Claro";"Simples";"Reta";"Urbano";3;0;0;0;3;0;0;3
83470410;"03/06/16";"Sexta";"21:40:00";"RS";116;"218,9";"DOIS IRMAOS";"Outras";"Capotamento";"Com Vítimas Feridas";"Plena noite";"Crescente";"Ceu Claro";"Simples";"Curva";"Rural";5;0;1;0;4;0;1;1
83470411;"22/04/16";"Sexta";"19:15:00";"PR";277;"730";"FOZ DO IGUACU";"Falta de atenção";"Colisão lateral";"Com Vítimas Feridas";"Plena noite";"Decrescente";"Ceu Claro";"Dupla";"Reta";"Urbano";3;0;2;0;1;0;2;2
83470412;"03/06/16";"Sexta";"23:20:00";"MS";463;"7,5";"DOURADOS";"Falta de atenção";"Capotamento";"Com Vítimas Feridas";"Plena noite";"Decrescente";"Nublado";"Simples";"Cruzamento";"Rural";3;0;1;0;2;0;1;1
83470413;"04/06/16";"Sábado";"00:30:00";"PR";476;"145";"CURITIBA";"Outras";"Queda de motocicleta / bicicleta / veículo";"Com Vítimas Feridas";"Plena noite";"Decrescente";"Nevoeiro/neblina";"Dupla";"Reta";"Urbano";1;0;0;1;0;0;1;1
83470414;"03/06/16";"Sexta";"19:00:00";"PR";116;"155";"MANDIRITUBA";"Falta de atenção";"Colisão Transversal";"Com Vítimas Feridas";"Plena noite";"Decrescente";"Nublado";"Simples";"Reta";"Rural";5;0;4;0;1;0;4;2
83470415;"03/06/16";"Sexta";"20:45:00";"SP";116;"382";"MIRACATU";"Falta de atenção";"Saída de Pista";"Sem Vítimas";"Plena noite";"Crescente";"Chuva";"Dupla";"Curva";"Rural";1;0;0;0;1;0;0;1
83470416;"04/06/16";"Sábado";"01:45:00";"SC";101;"214";"PALHOCA";"Outras";"Colisão traseira";"Com Vítimas Feridas";"Plena noite";"Crescente";"Nublado";"Múltipla";"Reta";"Urbano";2;0;0;1;1;0;1;2
83470417;"04/06/16";"Sábado";"01:30:00";"SC";101;"39";"JOINVILLE";"Velocidade incompatível";"Capotamento";"Sem Vítimas";"Plena noite";"Decrescente";"Nublado";"Dupla";"Reta";"Urbano";1;0;0;0;1;0;0;1
83470418;"03/06/16";"Sexta";"19:50:00";"MG";381;"656,6";"SANTO ANTONIO DO AMPARO";"Outras";"Saída de Pista";"Com Vítimas Feridas";"Plena noite";"Crescente";"Chuva";"Dupla";"Curva";"Rural";1;0;1;0;0;0;1;1
83470419;"29/05/16";"Domingo";"20:50:00";"GO";20;"144";"ALVORADA DO NORTE";"Ingestão de álcool";"Saída de Pista";"Sem Vítimas";"Plena noite";"Crescente";"Ceu Claro";"Simples";"Reta";"Rural";1;0;0;0;1;0;0;1
83470420;"04/06/16";"Sábado";"01:50:00";"SC";101;"114,6";"ITAJAI";"Falta de atenção";"Colisão com objeto fixo";"Sem Vítimas";"Plena noite";"Decrescente";"Nevoeiro/neblina";"Dupla";"Curva";"Urbano";1;0;0;0;1;0;0;1
83470421;"03/06/16";"Sexta";"16:20:00";"RO";319;"62";"PORTO VELHO";"Falta de atenção";"Colisão Transversal";"Com Vítimas Feridas";"Pleno dia";"Crescente";"Ceu Claro";"Dupla";"Reta";"Urbano";4;0;2;0;2;0;2;2
83470422;"03/06/16";"Sexta";"16:15:00";"GO";414;"268";"VILA PROPICIO";"Falta de atenção";"Tombamento";"Com Vítimas Feridas";"Pleno dia";"Decrescente";"Ceu Claro";"Simples";"Reta";"Rural";1;0;1;0;0;0;1;1
83470423;"22/05/16";"Domingo";"22:45:00";"SC";101;"346,6";"TUBARAO";"Dormindo";"Colisão com objeto fixo";"Sem Vítimas";"Plena noite";"Decrescente";"Nublado";"Dupla";"Curva";"Urbano";1;0;0;0;1;0;0;1
83470424;"03/06/16";"Sexta";"10:15:00";"MG";381;"427";"CAETE";"Velocidade incompatível";"Colisão frontal";"Com Vítimas Feridas";"Pleno dia";"Crescente";"Chuva";"Simples";"Curva";"Rural";2;0;0;1;1;0;1;2
83470425;"04/06/16";"Sábado";"02:05:00";"PR";376;"174,9";"MARINGA";"Falta de atenção";"Colisão lateral";"Sem Vítimas";"Plena noite";"Decrescente";"Nublado";"Dupla";"Reta";"Urbano";2;0;0;0;2;0;0;2
83470426;"03/06/16";"Sexta";"19:10:00";"SP";116;"56,5";"LORENA";"Não guardar distância de segurança";"Colisão traseira";"Com Vítimas Feridas";"Plena noite";"Crescente";"Nublado";"Dupla";"Reta";"Urbano";6;0;1;0;5;0;1;3
83470427;"03/06/16";"Sexta";"19:20:00";"ES";101;"267,6";"SERRA";"Falta de atenção";"Colisão com bicicleta";"Com Vítimas Feridas";"Plena noite";"Decrescente";"Ignorada";"Múltipla";"Reta";"Urbano";2;0;0;1;1;0;1;2
83470428;"04/06/16";"Sábado";"00:50:00";"MS";262;"325";"CAMPO GRANDE";"Outras";"Colisão com objeto fixo";"Com Vítimas Feridas";"Plena noite";"Crescente";"Nevoeiro/neblina";"Simples";"Curva";"Urbano";6;0;4;1;1;0;5;1
83470429;"03/06/16";"Sexta";"13:50:00";"RS";285;"121,2";"VACARIA";"Falta de atenção";"Colisão traseira";"Sem Vítimas";"Pleno dia";"Decrescente";"Ceu Claro";"Simples";"Curva";"Urbano";2;0;0;0;2;0;0;2
83470430;"03/06/16";"Sexta";"18:45:00";"ES";101;"374,3";"ICONHA";"Ingestão de álcool";"Colisão Transversal";"Com Vítimas Feridas";"Plena noite";"Crescente";"Nublado";"Simples";"Reta";"Rural";4;0;2;1;1;0;3;2
83470431;"03/06/16";"Sexta";"09:20:00";"MG";381;"496,5";"BETIM";"Falta de atenção";"Colisão traseira";"Com Vítimas Feridas";"Pleno dia";"Decrescente";"Chuva";"Dupla";"Curva";"Urbano";2;0;1;0;1;0;1;2
83470432;"03/06/16";"Sexta";"19:40:00";"RS";116;"10,9";"VACARIA";"Ultrapassagem indevida";"Colisão frontal";"Com Vítimas Feridas";"Plena noite";"Decrescente";"Ceu Claro";"Simples";"Reta";"Rural";4;0;2;1;0;1;3;2
83470433;"04/06/16";"Sábado";"00:30:00";"SC";101;"310,1";"LAGUNA";"Ingestão de álcool";"Colisão traseira";"Com Vítimas Feridas";"Plena noite";"Decrescente";"Nublado";"Simples";"Reta";"Urbano";2;0;1;0;1;0;1;2
83470434;"03/06/16";"Sexta";"16:20:00";"BA";101;"170";"FEIRA DE SANTANA";"Falta de atenção";"Colisão Transversal";"Com Vítimas Feridas";"Pleno dia";"Decrescente";"Nublado";"Simples";"Reta";"Urbano";3;0;1;1;1;0;2;2
83470435;"03/06/16";"Sexta";"21:00:00";"BA";324;"540";"AMELIA RODRIGUES";"Animais na Pista";"Atropelamento de animal";"Com Vítimas Feridas";"Plena noite";"Crescente";"Nublado";"Dupla";"Reta";"Urbano";2;0;0;2;0;0;2;1
83470436;"03/06/16";"Sexta";"19:40:00";"PR";376;"175";"MARINGA";"Não guardar distância de segurança";"Colisão traseira";"Com Vítimas Feridas";"Plena noite";"Crescente";"Ignorada";"Múltipla";"Reta";"Urbano";2;0;1;0;1;0;1;2
83470437;"03/06/16";"Sexta";"12:20:00";"MG";381;"504";"BETIM";"Outras";"Colisão com objeto fixo";"Sem Vítimas";"Pleno dia";"Decrescente";"Chuva";"Dupla";"Reta";"Urbano";1;0;0;0;1;0;0;1
83470438;"04/06/16";"Sábado";"02:30:00";"MG";153;"210,1";"FRUTAL";"Velocidade incompatível";"Saída de Pista";"Sem Vítimas";"Plena noite";"Decrescente";"Nublado";"Simples";"Reta";"Rural";3;0;0;0;3;0;0;1
83470439;"04/06/16";"Sábado";"01:00:00";"RS";386;"221,8";"SOLEDADE";"Ingestão de álcool";"Colisão frontal";"Com Vítimas Feridas";"Plena noite";"Decrescente";"Ceu Claro";"Simples";"Curva";"Rural";2;0;1;0;1;0;1;2
83470440;"03/06/16";"Sexta";"19:30:00";"MG";262;"362";"JUATUBA";"Falta de atenção";"Atropelamento de pessoa";"Com Vítimas Feridas";"Plena noite";"Crescente";"Chuva";"Dupla";"Reta";"Urbano";2;0;1;0;1;0;1;1
83470441;"04/06/16";"Sábado";"03:00:00";"PR";277;"5";"PARANAGUA";"Ingestão de álcool";"Colisão com objeto fixo";"Sem Vítimas";"Plena noite";"Crescente";"Ceu Claro";"Dupla";"Curva";"Urbano";1;0;0;0;1;0;0;1
83470442;"27/05/16";"Sexta";"04:20:00";"BA";116;"862";"VITORIA DA CONQUISTA";"Dormindo";"Saída de Pista";"Com Vítimas Feridas";"Plena noite";"Decrescente";"Nublado";"Simples";"Reta";"Rural";2;0;2;0;0;0;2;1
83470443;"28/05/16";"Sábado";"16:00:00";"BA";101;"332";"PRESIDENTE TANCREDO NEVES";"Outras";"Colisão frontal";"Com Vítimas Feridas";"Pleno dia";"Crescente";"Ceu Claro";"Simples";"Curva";"Rural";5;0;3;1;0;1;4;2
83470444;"04/06/16";"Sábado";"01:54:00";"RO";319;"63,4";"PORTO VELHO";"Falta de atenção";"Colisão traseira";"Com Vítimas Feridas";"Plena noite";"Decrescente";"Ceu Claro";"Múltipla";"Reta";"Urbano";2;0;0;1;1;0;1;2
83470445;"03/06/16";"Sexta";"22:40:00";"RS";290;"89";"PORTO ALEGRE";"Outras";"Colisão traseira";"Com Vítimas Feridas";"Plena noite";"Crescente";"Ceu Claro";"Múltipla";"Reta";"Urbano";3;0;1;0;2;0;1;2
83470446;"03/06/16";"Sexta";"19:10:00";"RN";101;"96,1";"NATAL";"Outras";"Queda de motocicleta / bicicleta / veículo";"Com Vítimas Feridas";"Plena noite";"Decrescente";"Nublado";"Dupla";"Curva";"Urbano";2;0;1;0;1;0;1;2
83470447;"03/06/16";"Sexta";"14:30:00";"SC";101;"336";"TUBARAO";"Desobediência à sinalização";"Colisão Transversal";"Com Vítimas Feridas";"Pleno dia";"Crescente";"Nublado";"Simples";"Cruzamento";"Urbano";2;0;1;0;1;0;1;2
83470448;"04/06/16";"Sábado";"02:40:00";"RS";386;"245,1";"SOLEDADE";"Ingestão de álcool";"Saída de Pista";"Sem Vítimas";"Plena noite";"Decrescente";"Nublado";"Simples";"Reta";"Urbano";2;0;0;0;1;1;0;2
83470449;"03/06/16";"Sexta";"22:30:00";"RO";364;"486";"ARIQUEMES";"Outras";"Saída de Pista";"Com Vítimas Feridas";"Plena noite";"Crescente";"Nublado";"Simples";"Curva";"Rural";1;0;1;0;0;0;1;1
83470450;"04/06/16";"Sábado";"00:30:00";"RS";116;"237,1";"NOVO HAMBURGO";"Outras";"Atropelamento de pessoa";"Com Vítimas Fatais";"Plena noite";"Decrescente";"Ceu Claro";"Dupla";"Reta";"Urbano";2;1;1;0;0;0;1;1
83470451;"04/06/16";"Sábado";"04:20:00";"SC";101;"149";"ITAPEMA";"Outras";"Tombamento";"Com Vítimas Feridas";"Plena noite";"Crescente";"Nublado";"Dupla";"Reta";"Urbano";1;0;1;0;0;0;1;1
83470452;"03/06/16";"Sexta";"18:30:00";"RS";471;"148,4";"SANTA CRUZ DO SUL";"Ingestão de álcool";"Colisão Transversal";"Sem Vítimas";"Anoitecer";"Crescente";"Nublado";"Simples";"Cruzamento";"Urbano";2;0;0;0;2;0;0;2
83470453;"04/06/16";"Sábado";"00:40:00";"MG";153;"165,6";"COMENDADOR GOMES";"Outras";"Saída de Pista";"Com Vítimas Feridas";"Plena noite";"Decrescente";"Ignorada";"Simples";"Curva";"Rural";5;0;5;0;0;0;5;1
83470454;"03/06/16";"Sexta";"18:50:00";"BA";101;"190";"CONCEICAO DA FEIRA";"Outras";"Colisão frontal";"Com Vítimas Fatais";"Plena noite";"Crescente";"Ceu Claro";"Simples";"Reta";"Rural";3;2;0;1;0;0;1;2
83470455;"03/06/16";"Sexta";"19:20:00";"GO";60;"5,4";"APARECIDA DE GOIANIA";"Falta de atenção";"Colisão com bicicleta";"Com Vítimas Feridas";"Plena noite";"Decrescente";"Ceu Claro";"Dupla";"Reta";"Urbano";2;0;0;1;0;1;1;2
83470456;"03/06/16";"Sexta";"23:00:00";"TO";153;"141,9";"ARAGUAINA";"Dormindo";"Saída de Pista";"Com Vítimas Feridas";"Plena noite";"Decrescente";"Ceu Claro";"Simples";"Reta";"Urbano";1;0;0;1;0;0;1;1
83470457;"04/06/16";"Sábado";"04:00:00";"RS";290;"69";"GRAVATAI";"Dormindo";"Capotamento";"Sem Vítimas";"Plena noite";"Decrescente";"Nublado";"Dupla";"Reta";"Rural";1;0;0;0;1;0;0;1
83470458;"03/06/16";"Sexta";"10:40:00";"RS";116;"267,8";"CANOAS";"Defeito mecânico em veículo";"Colisão com objeto móvel";"Com Vítimas Feridas";"Pleno dia";"Decrescente";"Nublado";"Múltipla";"Reta";"Urbano";2;0;1;0;1;0;1;2
83470459;"28/05/16";"Sábado";"17:00:00";"PB";116;"6,1";"CACHOEIRA DOS INDIOS";"Defeito na via";"Saída de Pista";"Sem Vítimas";"Anoitecer";"Decrescente";"Ceu Claro";"Simples";"Reta";"Rural";1;0;0;0;1;0;0;1
83470460;"04/06/16";"Sábado";"04:20:00";"PA";316;"5";"ANANINDEUA";"Ingestão de álcool";"Atropelamento de pessoa";"Com Vítimas Fatais";"Plena noite";"Decrescente";"Ceu Claro";"Dupla";"Reta";"Urbano";2;1;0;0;1;0;0;1
83470461;"03/06/16";"Sexta";"09:00:00";"MA";316;"554";"CAXIAS";"Desobediência à sinalização";"Colisão Transversal";"Com Vítimas Feridas";"Pleno dia";"Decrescente";"Ceu Claro";"Dupla";"Reta";"Urbano";2;0;1;0;1;0;1;2
83470462;"03/06/16";"Sexta";"07:30:00";"RS";290;"94";"PORTO ALEGRE";"Defeito mecânico em veículo";"Saída de Pista";"Sem Vítimas";"Pleno dia";"Decrescente";"Nublado";"Simples";"Curva";"Urbano";1;0;0;0;1;0;0;1
83470463;"03/06/16";"Sexta";"18:20:00";"PR";369;"174,4";"ROLANDIA";"Ingestão de álcool";"Atropelamento de pessoa";"Com Vítimas Feridas";"Anoitecer";"Crescente";"Ceu Claro";"Simples";"Reta";"Urbano";2;0;0;2;0;0;2;1
83470464;"04/06/16";"Sábado";"02:20:00";"PR";376;"491,3";"PONTA GROSSA";"Falta de atenção";"Saída de Pista";"Com Vítimas Feridas";"Plena noite";"Crescente";"Nevoeiro/neblina";"Dupla";"Reta";"Rural";1;0;1;0;0;0;1;1
83470465;"04/06/16";"Sábado";"04:30:00";"CE";116;"145,1";"RUSSAS";"Animais na Pista";"Atropelamento de animal";"Sem Vítimas";"Plena noite";"Crescente";"Ceu Claro";"Simples";"Reta";"Rural";1;0;0;0;1;0;0;1
83470466;"03/06/16";"Sexta";"17:50:00";"ES";101;"298";"VIANA";"Falta de atenção";"Colisão traseira";"Com Vítimas Feridas";"Anoitecer";"Decrescente";"Ceu Claro";"Dupla";"Reta";"Urbano";4;0;1;0;3;0;1;3
83470467;"04/06/16";"Sábado";"05:30:00";"MG";40;"562";"NOVA LIMA";"Outras";"Capotamento";"Com Vítimas Feridas";"Plena noite";"Crescente";"Chuva";"Dupla";"Curva";"Urbano";1;0;1;0;0;0;1;1
83470468;"04/06/16";"Sábado";"05:10:00";"ES";101;"270,9";"SERRA";"Velocidade incompatível";"Queda de motocicleta / bicicleta / veículo";"Com Vítimas Feridas";"Amanhecer";"Decrescente";"Ignorada";"Múltipla";"Curva";"Urbano";1;0;0;1;0;0;1;1
83470469;"04/06/16";"Sábado";"05:45:00";"SP";116;"6";"QUELUZ";"Desobediência à sinalização";"Colisão frontal";"Sem Vítimas";"Amanhecer";"Decrescente";"Chuva";"Dupla";"Reta";"Urbano";2;0;0;0;1;1;0;2
83470470;"04/06/16";"Sábado";"05:00:00";"MG";381;"616";"OLIVEIRA";"Velocidade incompatível";"Saída de Pista";"Sem Vítimas";"Plena noite";"Decrescente";"Chuva";"Dupla";"Curva";"Rural";1;0;0;0;1;0;0;1
83470471;"04/06/16";"Sábado";"05:00:00";"SP";116;"284,9";"ITAPECERICA DA SERRA";"Dormindo";"Colisão com objeto fixo";"Com Vítimas Feridas";"Amanhecer";"Decrescente";"Chuva";"Simples";"Reta";"Urbano";1;0;1;0;0;0;1;1
83470472;"30/05/16";"Segunda";"17:30:00";"MG";50;"30";"ARAGUARI";"Velocidade incompatível";"Saída de Pista";"Com Vítimas Feridas";"Pleno dia";"Decrescente";"Ceu Claro";"Dupla";"Curva";"Rural";1;0;1;0;0;0;1;1
83470473;"03/06/16";"Sexta";"06:30:00";"RO";364;"659";"CANDEIAS DO JAMARI";"Falta de atenção";"Saída de Pista";"Sem Vítimas";"Pleno dia";"Decrescente";"Ceu Claro";"Simples";"Reta";"Rural";1;0;0;0;1;0;0;1
83470474;"03/06/16";"Sexta";"14:00:00";"AM";174;"904";"MANAUS";"Outras";"Capotamento";"Com Vítimas Feridas";"Pleno dia";"Decrescente";"Chuva";"Simples";"Reta";"Rural";4;0;4;0;0;0;4;1
83470475;"04/06/16";"Sábado";"04:45:00";"PR";476;"168,6";"CONTENDA";"Velocidade incompatível";"Saída de Pista";"Com Vítimas Feridas";"Plena noite";"Crescente";"Nevoeiro/neblina";"Simples";"Curva";"Rural";1;0;1;0;0;0;1;1
83470476;"04/06/16";"Sábado";"03:00:00";"RJ";101;"271";"TANGUA";"Outras";"Saída de Pista";"Sem Vítimas";"Plena noite";"Decrescente";"Chuva";"Dupla";"Curva";"Urbano";1;0;0;0;1;0;0;1
83470477;"03/06/16";"Sexta";"23:30:00";"MG";381;"922,5";"CAMANDUCAIA";"Falta de atenção";"Atropelamento de pessoa";"Com Vítimas Feridas";"Plena noite";"Decrescente";"Chuva";"Dupla";"Reta";"Rural";2;0;0;1;1;0;1;1
83470478;"04/06/16";"Sábado";"06:00:00";"RS";101;"13";"DOM PEDRO DE ALCANTARA";"Animais na Pista";"Atropelamento de animal";"Sem Vítimas";"Plena noite";"Decrescente";"Nublado";"Dupla";"Reta";"Rural";1;0;0;0;1;0;0;1
83470479;"04/06/16";"Sábado";"06:00:00";"PR";116;"125";"CURITIBA";"Velocidade incompatível";"Saída de Pista";"Ignorado";"Amanhecer";"Decrescente";"Nevoeiro/neblina";"Dupla";"Reta";"Urbano";1;0;0;0;0;1;0;1
83470480;"03/06/16";"Sexta";"19:40:00";"MG";40;"24,1";"PARACATU";"Animais na Pista";"Saída de Pista";"Sem Vítimas";"Plena noite";"Crescente";"Ceu Claro";"Simples";"Reta";"Rural";1;0;0;0;1;0;0;1
83470481;"04/06/16";"Sábado";"04:30:00";"PE";101;"59";"RECIFE";"Animais na Pista";"Atropelamento de animal";"Com Vítimas Feridas";"Plena noite";"Decrescente";"Chuva";"Múltipla";"Reta";"Rural";2;0;0;1;1;0;1;2
83470482;"04/06/16";"Sábado";"06:00:00";"PA";163;"993";"SANTAREM";"Animais na Pista";"Atropelamento de animal";"Com Vítimas Feridas";"Plena noite";"Crescente";"Ceu Claro";"Simples";"Reta";"Urbano";1;0;1;0;0;0;1;1
83470483;"31/05/16";"Terça";"18:30:00";"ES";101;"209,1";"IBIRACU";"Falta de atenção";"Colisão traseira";"Com Vítimas Feridas";"Anoitecer";"Decrescente";"Ceu Claro";"Múltipla";"Reta";"Urbano";2;0;0;1;1;0;1;2
83470484;"03/06/16";"Sexta";"09:15:00";"SP";116;"137";"SAO JOSE DOS CAMPOS";"Não guardar distância de segurança";"Colisão traseira";"Sem Vítimas";"Pleno dia";"Crescente";"Ceu Claro";"Dupla";"Reta";"Urbano";3;0;0;0;3;0;0;3
83470486;"03/06/16";"Sexta";"14:00:00";"RO";364;"422";"JARU";"Falta de atenção";"Colisão traseira";"Com Vítimas Feridas";"Pleno dia";"Crescente";"Ceu Claro";"Simples";"Reta";"Urbano";2;0;1;0;1;0;1;2
83470488;"23/05/16";"Segunda";"17:50:00";"RN";101;"106,7";"PARNAMIRIM";"Não guardar distância de segurança";"Atropelamento de pessoa";"Com Vítimas Feridas";"Pleno dia";"Crescente";"Ceu Claro";"Dupla";"Reta";"Urbano";2;0;0;1;1;0;1;1
83470489;"03/06/16";"Sexta";"20:30:00";"MT";364;"217,1";"RONDONOPOLIS";"Outras";"Saída de Pista";"Com Vítimas Feridas";"Plena noite";"Crescente";"Nublado";"Dupla";"Reta";"Rural";1;0;1;0;0;0;1;1
83470490;"04/06/16";"Sábado";"04:50:00";"RS";116;"152,5";"CAXIAS DO SUL";"Ingestão de álcool";"Saída de Pista";"Com Vítimas Feridas";"Plena noite";"Decrescente";"Nublado";"Simples";"Curva";"Urbano";1;0;1;0;0;0;1;1
83470491;"04/06/16";"Sábado";"04:35:00";"MS";163;"486,2";"CAMPO GRANDE";"Outras";"Saída de Pista";"Com Vítimas Feridas";"Plena noite";"Crescente";"Nublado";"Simples";"Reta";"Urbano";1;0;1;0;0;0;1;1
83470492;"04/06/16";"Sábado";"07:00:00";"MG";381;"526,8";"BRUMADINHO";"Velocidade incompatível";"Saída de Pista";"Sem Vítimas";"Amanhecer";"Crescente";"Chuva";"Dupla";"Curva";"Rural";1;0;0;0;1;0;0;1
83470493;"15/05/16";"Domingo";"13:25:00";"PB";230;"30,6";"JOAO PESSOA";"Falta de atenção";"Colisão com bicicleta";"Com Vítimas Feridas";"Pleno dia";"Decrescente";"Sol";"Dupla";"Reta";"Urbano";2;0;0;1;1;0;1;2
83470494;"04/06/16";"Sábado";"07:10:00";"MG";381;"526";"BRUMADINHO";"Velocidade incompatível";"Saída de Pista";"Sem Vítimas";"Pleno dia";"Crescente";"Chuva";"Dupla";"Curva";"Rural";1;0;0;0;1;0;0;1
83470495;"28/05/16";"Sábado";"19:00:00";"MG";365;"743";"ITUIUTABA";"Velocidade incompatível";"Colisão lateral";"Com Vítimas Feridas";"Anoitecer";"Crescente";"Ceu Claro";"Simples";"Reta";"Rural";5;0;0;3;2;0;3;3
83470496;"28/05/16";"Sábado";"01:00:00";"BA";116;"295";"TUCANO";"Falta de atenção";"Colisão frontal";"Com Vítimas Fatais";"Plena noite";"Crescente";"Ceu Claro";"Simples";"Reta";"Rural";2;1;0;0;1;0;0;2
83470497;"03/06/16";"Sexta";"04:30:00";"RN";304;"145";"ANGICOS";"Falta de atenção";"Colisão Transversal";"Sem Vítimas";"Amanhecer";"Decrescente";"Ceu Claro";"Simples";"Reta";"Rural";3;0;0;0;2;1;0;2
83470498;"04/06/16";"Sábado";"00:10:00";"MG";381;"532";"ITATIAIUCU";"Velocidade incompatível";"Capotamento";"Com Vítimas Feridas";"Plena noite";"Crescente";"Chuva";"Dupla";"Curva";"Rural";1;0;1;0;0;0;1;1
83470499;"04/06/16";"Sábado";"05:00:00";"MS";163;"647";"SAO GABRIEL DO OESTE";"Velocidade incompatível";"Colisão traseira";"Com Vítimas Feridas";"Amanhecer";"Decrescente";"Nublado";"Simples";"Reta";"Rural";2;0;1;0;1;0;1;2
83470500;"03/06/16";"Sexta";"18:30:00";"MT";364;"349";"SANTO ANTONIO DO LEVERGER";"Velocidade incompatível";"Saída de Pista";"Com Vítimas Feridas";"Plena noite";"Crescente";"Ceu Claro";"Dupla";"Curva";"Rural";1;0;1;0;0;0;1;1
83470501;"31/05/16";"Terça";"13:20:00";"SC";282;"22,8";"PALHOCA";"Outras";"Colisão com bicicleta";"Com Vítimas Feridas";"Pleno dia";"Decrescente";"Nublado";"Simples";"Cruzamento";"Rural";3;0;0;1;2;0;1;3
83470502;"01/06/16";"Quarta";"07:00:00";"MG";116;"411";"GOVERNADOR VALADARES";"Falta de atenção";"Colisão com bicicleta";"Com Vítimas Feridas";"Amanhecer";"Decrescente";"Ceu Claro";"Dupla";"Reta";"Urbano";2;0;2;0;0;0;2;2
83470503;"27/05/16";"Sexta";"16:05:00";"GO";70;"183,9";"ITABERAI";"Outras";"Saída de Pista";"Com Vítimas Feridas";"Pleno dia";"Crescente";"Ceu Claro";"Simples";"Reta";"Rural";2;0;2;0;0;0;2;1
83470504;"03/06/16";"Sexta";"17:30:00";"MG";381;"720,7";"CARMO DA CACHOEIRA";"Outras";"Saída de Pista";"Com Vítimas Feridas";"Anoitecer";"Decrescente";"Chuva";"Dupla";"Curva";"Rural";1;0;1;0;0;0;1;1