"id";"data_inversa";"dia_semana";"horario";"uf";"br";"km";"municipio";"causa_acidente";"tipo_acidente";"classificacao_acidente";"fase_dia";"sentido_via";"condicao_metereologica";"tipo_pista";"tracado_via";"uso_solo";"pessoas";"mortos";"feridos_leves";"feridos_graves";"ilesos";"ignorados";"feridos";"veiculos"
83470505;"04/06/16";"Sábado";"07:45:00";"PR";277;"5";"PARANAGUA";"Desobediência à sinalização";"Colisão lateral";"Sem Vítimas";"Pleno dia";"Crescente";"Nublado";"Dupla";"Cruzamento";"Urbano";2;0;0;0;2;0;0;2
83470506;"04/06/16";"Sábado";"06:45:00";"MT";163;"950";"NOVA SANTA HELENA";"Defeito na via";"Saída de Pista";"Sem Vítimas";"Pleno dia";"Crescente";"Ceu Claro";"Simples";"Reta";"Rural";4;0;0;0;4;0;0;1
83470508;"04/06/16";"Sábado";"00:30:00";"MT";70;"385";"CAMPO VERDE";"Ingestão de álcool";"Colisão frontal";"Com Vítimas Fatais";"Plena noite";"Decrescente";"Nevoeiro/neblina";"Simples";"Reta";"Rural";2;1;0;0;1;0;0;2
83470509;"04/06/16";"Sábado";"06:00:00";"PA";316;"3";"ANANINDEUA";"Outras";"Colisão com objeto fixo";"Sem Vítimas";"Amanhecer";"Crescente";"Ceu Claro";"Dupla";"Reta";"Urbano";1;0;0;0;1;0;0;1
83470510;"31/05/16";"Terça";"11:00:00";"SC";101;"95,2";"BARRA VELHA";"Falta de atenção";"Colisão com objeto fixo";"Sem Vítimas";"Pleno dia";"Decrescente";"Ceu Claro";"Dupla";"Reta";"Urbano";1;0;0;0;1;0;0;1
83470511;"31/05/16";"Terça";"22:20:00";"SP";116;"319";"JUQUITIBA";"Velocidade incompatível";"Colisão lateral";"Com Vítimas Feridas";"Plena noite";"Crescente";"Chuva";"Dupla";"Reta";"Rural";5;0;1;0;4;0;1;4
83470513;"03/06/16";"Sexta";"23:00:00";"RJ";40;"116";"DUQUE DE CAXIAS";"Não guardar distância de segurança";"Colisão traseira";"Com Vítimas Feridas";"Plena noite";"Crescente";"Chuva";"Dupla";"Reta";"Urbano";2;0;1;0;1;0;1;2
83470514;"29/05/16";"Domingo";"17:00:00";"MG";262;"581,9";"CAMPOS ALTOS";"Velocidade incompatível";"Saída de Pista";"Com Vítimas Feridas";"Pleno dia";"Crescente";"Chuva";"Simples";"Curva";"Rural";1;0;1;0;0;0;1;1
83470515;"31/05/16";"Terça";"21:10:00";"PE";101;"119,9";"ESCADA";"Defeito na via";"Saída de Pista";"Sem Vítimas";"Plena noite";"Decrescente";"Nublado";"Dupla";"Curva";"Urbano";2;0;0;0;2;0;0;1
83470516;"01/06/16";"Quarta";"03:00:00";"RJ";116;"279,7";"BARRA MANSA";"Outras";"Colisão com objeto fixo";"Sem Vítimas";"Plena noite";"Crescente";"Ceu Claro";"Dupla";"Curva";"Rural";1;0;0;0;1;0;0;1
83470517;"04/06/16";"Sábado";"06:00:00";"MG";116;"457,9";"ENGENHEIRO CALDAS";"Falta de atenção";"Colisão Transversal";"Com Vítimas Feridas";"Amanhecer";"Decrescente";"Ignorada";"Simples";"Cruzamento";"Rural";2;0;1;0;1;0;1;2
83470518;"19/05/16";"Quinta";"18:30:00";"PE";232;"59";"POMBOS";"Outras";"Atropelamento de pessoa";"Com Vítimas Fatais";"Anoitecer";"Decrescente";"Chuva";"Dupla";"Reta";"Urbano";2;1;0;0;0;1;0;1
83470519;"01/06/16";"Quarta";"01:10:00";"BA";324;"446";"RIACHAO DO JACUIPE";"Outras";"Colisão frontal";"Com Vítimas Fatais";"Pleno dia";"Decrescente";"Ceu Claro";"Simples";"Reta";"Rural";2;1;0;1;0;0;1;2
83470520;"04/06/16";"Sábado";"06:00:00";"SE";101;"90";"NOSSA SENHORA DO SOCORRO";"Ingestão de álcool";"Saída de Pista";"Sem Vítimas";"Pleno dia";"Decrescente";"Ceu Claro";"Dupla";"Reta";"Urbano";2;0;0;0;2;0;0;1
83470521;"02/06/16";"Quinta";"05:30:00";"PR";476;"122";"CURITIBA";"Falta de atenção";"Colisão traseira";"Com Vítimas Feridas";"Amanhecer";"Crescente";"Ceu Claro";"Múltipla";"Reta";"Urbano";2;0;0;1;0;1;1;2
83470522;"29/05/16";"Domingo";"19:15:00";"SP";459;"22";"LORENA";"Defeito na via";"Queda de motocicleta / bicicleta / veículo";"Com Vítimas Feridas";"Plena noite";"Crescente";"Nublado";"Simples";"Reta";"Rural";2;0;2;0;0;0;2;1
83470523;"01/06/16";"Quarta";"21:10:00";"SC";282;"52,8";"AGUAS MORNAS";"Velocidade incompatível";"Colisão com objeto fixo";"Com Vítimas Feridas";"Plena noite";"Decrescente";"Chuva";"Simples";"Curva";"Rural";2;0;2;0;0;0;2;1
83470524;"04/06/16";"Sábado";"09:20:00";"MG";459;"9,7";"CALDAS";"Outras";"Saída de Pista";"Sem Vítimas";"Pleno dia";"Crescente";"Chuva";"Simples";"Curva";"Rural";2;0;0;0;2;0;0;1
83470525;"03/06/16";"Sexta";"23:30:00";"MG";381;"264";"TIMOTEO";"Animais na Pista";"Atropelamento de animal";"Com Vítimas Feridas";"Plena noite";"Crescente";"Ceu Claro";"Simples";"Reta";"Rural";1;0;0;1;0;0;1;1
83470526;"04/06/16";"Sábado";"08:45:00";"RS";116;"149,8";"CAXIAS DO SUL";"Falta de atenção";"Colisão traseira";"Sem Vítimas";"Pleno dia";"Crescente";"Ceu Claro";"Múltipla";"Reta";"Urbano";4;0;0;0;4;0;0;4
83470528;"04/06/16";"Sábado";"09:40:00";"PA";316;"53,5";"CASTANHAL";"Não guardar distância de segurança";"Colisão lateral";"Sem Vítimas";"Pleno dia";"Crescente";"Ceu Claro";"Dupla";"Reta";"Urbano";2;0;0;0;2;0;0;2
83470529;"30/05/16";"Segunda";"03:30:00";"MG";381;"451";"SABARA";"Ingestão de álcool";"Colisão traseira";"Com Vítimas Feridas";"Plena noite";"Decrescente";"Ceu Claro";"Simples";"Reta";"Rural";3;0;1;0;2;0;1;2
83470531;"04/06/16";"Sábado";"05:55:00";"PR";476;"137";"CURITIBA";"Velocidade incompatível";"Colisão com objeto fixo";"Sem Vítimas";"Amanhecer";"Decrescente";"Nublado";"Simples";"Reta";"Urbano";1;0;0;0;1;0;0;1
83470532;"01/06/16";"Quarta";"07:00:00";"MG";40;"528";"CONTAGEM";"Outras";"Queda de motocicleta / bicicleta / veículo";"Com Vítimas Feridas";"Pleno dia";"Crescente";"Ceu Claro";"Dupla";"Reta";"Urbano";1;0;0;1;0;0;1;1
83470533;"04/06/16";"Sábado";"10:15:00";"BA";101;"887";"TEIXEIRA DE FREITAS";"Ultrapassagem indevida";"Saída de Pista";"Sem Vítimas";"Pleno dia";"Crescente";"Ceu Claro";"Simples";"Reta";"Rural";2;0;0;0;2;0;0;1
83470534;"31/05/16";"Terça";"19:30:00";"RJ";493;"21";"MAGE";"Falta de atenção";"Colisão com bicicleta";"Com Vítimas Feridas";"Plena noite";"Crescente";"Ceu Claro";"Simples";"Reta";"Rural";2;0;1;0;1;0;1;2
83470535;"04/06/16";"Sábado";"08:50:00";"PR";376;"173,9";"MARINGA";"Desobediência à sinalização";"Colisão Transversal";"Com Vítimas Feridas";"Pleno dia";"Decrescente";"Chuva";"Dupla";"Cruzamento";"Urbano";2;0;0;1;1;0;1;2
83470536;"21/01/16";"Quinta";"15:21:00";"RJ";356;"43";"ITAPERUNA";"Outras";"Queda de motocicleta / bicicleta / veículo";"Com Vítimas Feridas";"Pleno dia";"Decrescente";"Chuva";"Simples";"Reta";"Rural";1;0;1;0;0;0;1;1
83470537;"04/06/16";"Sábado";"06:35:00";"RS";290;"109";"ELDORADO DO SUL";"Ingestão de álcool";"Saída de Pista";"Sem Vítimas";"Amanhecer";"Crescente";"Nublado";"Dupla";"Reta";"Rural";1;0;0;0;1;0;0;1
83470538;"01/02/16";"Segunda";"08:30:00";"BA";116;"439";"FEIRA DE SANTANA";"Outras";"Colisão traseira";"Sem Vítimas";"Pleno dia";"Decrescente";"Ceu Claro";"Dupla";"Curva";"Rural";2;0;0;0;2;0;0;2
83470539;"04/06/16";"Sábado";"07:30:00";"SC";470;"235,3";"SAO CRISTOVAO DO SUL";"Velocidade incompatível";"Colisão com objeto fixo";"Sem Vítimas";"Pleno dia";"Decrescente";"Nevoeiro/neblina";"Simples";"Cruzamento";"Urbano";1;0;0;0;1;0;0;1
83470540;"04/06/16";"Sábado";"08:45:00";"MG";40;"762,2";"JUIZ DE FORA";"Velocidade incompatível";"Capotamento";"Com Vítimas Feridas";"Pleno dia";"Crescente";"Chuva";"Simples";"Curva";"Rural";2;0;2;0;0;0;2;1
83470542;"04/06/16";"Sábado";"08:00:00";"PB";101;"94,2";"CONDE";"Velocidade incompatível";"Saída de Pista";"Sem Vítimas";"Pleno dia";"Decrescente";"Chuva";"Dupla";"Reta";"Rural";1;0;0;0;1;0;0;1
83470543;"04/06/16";"Sábado";"02:15:00";"ES";101;"421";"CACHOEIRO DE ITAPEMIRIM";"Velocidade incompatível";"Saída de Pista";"Sem Vítimas";"Plena noite";"Decrescente";"Nublado";"Simples";"Curva";"Rural";1;0;0;0;1;0;0;1
83470544;"02/06/16";"Quinta";"06:50:00";"SC";101;"188,9";"BIGUACU";"Outras";"Colisão com objeto fixo";"Com Vítimas Feridas";"Amanhecer";"Decrescente";"Nublado";"Múltipla";"Curva";"Urbano";1;0;1;0;0;0;1;1
83470545;"21/05/16";"Sábado";"17:50:00";"RJ";116;"173";"MESQUITA";"Outras";"Queda de motocicleta / bicicleta / veículo";"Com Vítimas Feridas";"Plena noite";"Decrescente";"Ignorada";"Dupla";"Reta";"Urbano";2;0;1;0;1;0;1;2
83470546;"04/06/16";"Sábado";"08:50:00";"SP";116;"1";"GUARULHOS";"Defeito na via";"Queda de motocicleta / bicicleta / veículo";"Sem Vítimas";"Pleno dia";"Crescente";"Nublado";"Dupla";"Curva";"Urbano";1;0;0;0;1;0;0;1
83470547;"31/05/16";"Terça";"11:45:00";"MG";381;"480,6";"CONTAGEM";"Outras";"Incêndio";"Sem Vítimas";"Pleno dia";"Decrescente";"Sol";"Dupla";"Reta";"Urbano";1;0;0;0;1;0;0;1
83470548;"29/05/16";"Domingo";"16:10:00";"BA";415;"56";"ITABUNA";"Velocidade incompatível";"Saída de Pista";"Com Vítimas Feridas";"Pleno dia";"Decrescente";"Ceu Claro";"Simples";"Curva";"Rural";3;0;2;0;1;0;2;1
83470549;"02/06/16";"Quinta";"22:00:00";"GO";70;"7";"AGUAS LINDAS DE GOIAS";"Ingestão de álcool";"Capotamento";"Com Vítimas Feridas";"Plena noite";"Decrescente";"Ceu Claro";"Dupla";"Reta";"Urbano";1;0;1;0;0;0;1;1
83470550;"04/06/16";"Sábado";"07:00:00";"CE";116;"6";"FORTALEZA";"Desobediência à sinalização";"Colisão Transversal";"Com Vítimas Feridas";"Pleno dia";"Decrescente";"Ceu Claro";"Múltipla";"Reta";"Urbano";3;0;2;0;0;1;2;2
83470551;"02/06/16";"Quinta";"07:30:00";"MG";381;"528";"BRUMADINHO";"Velocidade incompatível";"Colisão com objeto fixo";"Com Vítimas Feridas";"Amanhecer";"Crescente";"Chuva";"Dupla";"Curva";"Rural";10;0;1;1;7;1;2;9
83470552;"04/06/16";"Sábado";"09:10:00";"SC";163;"82,2";"GUARACIABA";"Ingestão de álcool";"Saída de Pista";"Ignorado";"Pleno dia";"Crescente";"Nevoeiro/neblina";"Simples";"Curva";"Rural";1;0;0;0;0;1;0;1
83470553;"04/06/16";"Sábado";"10:30:00";"RS";116;"400,8";"CAMAQUA";"Velocidade incompatível";"Tombamento";"Com Vítimas Feridas";"Pleno dia";"Decrescente";"Nublado";"Simples";"Cruzamento";"Urbano";1;0;1;0;0;0;1;1
83470554;"04/06/16";"Sábado";"08:20:00";"CE";116;"6";"FORTALEZA";"Falta de atenção";"Colisão lateral";"Com Vítimas Feridas";"Pleno dia";"Decrescente";"Ceu Claro";"Múltipla";"Reta";"Urbano";2;0;1;0;1;0;1;2
83470555;"28/05/16";"Sábado";"00:30:00";"CE";20;"90";"TAUA";"Outras";"Capotamento";"Ignorado";"Plena noite";"Crescente";"Ceu Claro";"Simples";"Reta";"Rural";1;0;0;0;0;1;0;1
83470556;"30/05/16";"Segunda";"18:20:00";"GO";60;"313,9";"APARECIDA DE GOIANIA";"Não guardar distância de segurança";"Colisão traseira";"Sem Vítimas";"Plena noite";"Decrescente";"Ceu Claro";"Dupla";"Reta";"Urbano";7;0;0;0;7;0;0;7
83470557;"04/06/16";"Sábado";"11:40:00";"SP";116;"95,7";"PINDAMONHANGABA";"Falta de atenção";"Capotamento";"Com Vítimas Feridas";"Pleno dia";"Decrescente";"Ceu Claro";"Dupla";"Reta";"Urbano";2;0;1;0;1;0;1;2
83470558;"31/05/16";"Terça";"16:30:00";"MG";365;"633,5";"UBERLANDIA";"Falta de atenção";"Colisão traseira";"Com Vítimas Feridas";"Pleno dia";"Crescente";"Sol";"Dupla";"Reta";"Rural";2;0;1;0;1;0;1;2
83470559;"03/06/16";"Sexta";"07:05:00";"PR";163;"50,8";"PRANCHITA";"Dormindo";"Saída de Pista";"Com Vítimas Feridas";"Amanhecer";"Decrescente";"Ceu Claro";"Simples";"Reta";"Rural";2;0;1;0;1;0;1;1
83470560;"04/06/16";"Sábado";"11:30:00";"RS";287;"233,5";"SANTA MARIA";"Falta de atenção";"Atropelamento de pessoa";"Com Vítimas Feridas";"Pleno dia";"Crescente";"Ceu Claro";"Simples";"Reta";"Urbano";2;0;1;0;1;0;1;1
83470561;"04/06/16";"Sábado";"10:00:00";"GO";153;"240";"SAO LUIZ DO NORTE";"Outras";"Saída de Pista";"Com Vítimas Feridas";"Pleno dia";"Decrescente";"Ceu Claro";"Simples";"Reta";"Rural";2;0;2;0;0;0;2;1
83470562;"04/06/16";"Sábado";"06:10:00";"RJ";116;"70,4";"TERESOPOLIS";"Outras";"Saída de Pista";"Sem Vítimas";"Amanhecer";"Decrescente";"Chuva";"Simples";"Reta";"Urbano";1;0;0;0;1;0;0;1
83470563;"01/06/16";"Quarta";"04:30:00";"MG";381;"418";"CAETE";"Falta de atenção";"Colisão traseira";"Sem Vítimas";"Plena noite";"Crescente";"Nublado";"Simples";"Reta";"Rural";2;0;0;0;2;0;0;2
83470564;"04/06/16";"Sábado";"08:10:00";"PR";376;"153";"MANDAGUACU";"Falta de atenção";"Colisão Transversal";"Com Vítimas Feridas";"Pleno dia";"Decrescente";"Chuva";"Simples";"Cruzamento";"Rural";2;0;0;1;1;0;1;2
83470565;"04/06/16";"Sábado";"10:20:00";"MG";116;"491,9";"INHAPIM";"Ultrapassagem indevida";"Capotamento";"Sem Vítimas";"Pleno dia";"Crescente";"Ceu Claro";"Simples";"Curva";"Rural";1;0;0;0;1;0;0;1
83470566;"04/06/16";"Sábado";"11:00:00";"RS";116;"255";"ESTEIO";"Velocidade incompatível";"Colisão lateral";"Com Vítimas Feridas";"Pleno dia";"Crescente";"Nublado";"Dupla";"Reta";"Urbano";2;0;1;0;1;0;1;2
83470568;"01/06/16";"Quarta";"19:20:00";"SP";116;"225";"GUARULHOS";"Ingestão de álcool";"Colisão lateral";"Com Vítimas Feridas";"Plena noite";"Decrescente";"Chuva";"Múltipla";"Reta";"Urbano";3;0;2;0;1;0;2;2
83470569;"04/06/16";"Sábado";"07:00:00";"TO";153;"600,5";"CRIXAS DO TOCANTINS";"Outras";"Tombamento";"Sem Vítimas";"Pleno dia";"Crescente";"Ceu Claro";"Simples";"Reta";"Rural";1;0;0;0;1;0;0;1
83470570;"04/06/16";"Sábado";"12:40:00";"SC";282;"494,4";"XANXERE";"Ultrapassagem indevida";"Colisão frontal";"Com Vítimas Feridas";"Pleno dia";"Decrescente";"Nublado";"Simples";"Reta";"Rural";5;0;4;0;1;0;4;2
83470571;"04/06/16";"Sábado";"12:15:00";"SP";116;"17,2";"LAVRINHAS";"Outras";"Colisão com objeto fixo";"Sem Vítimas";"Pleno dia";"Crescente";"Nublado";"Dupla";"Curva";"Rural";2;0;0;0;2;0;0;2
83470572;"04/06/16";"Sábado";"12:50:00";"PR";476;"174";"CONTENDA";"Velocidade incompatível";"Colisão frontal";"Com Vítimas Feridas";"Pleno dia";"Crescente";"Nublado";"Simples";"Reta";"Rural";7;0;3;0;4;0;3;2
83470573;"04/06/16";"Sábado";"12:50:00";"SC";280;"28,4";"ARAQUARI";"Ingestão de álcool";"Colisão Transversal";"Sem Vítimas";"Pleno dia";"Crescente";"Ceu Claro";"Simples";"Reta";"Urbano";2;0;0;0;2;0;0;2
83470574;"04/06/16";"Sábado";"07:30:00";"MG";262;"382";"MATEUS LEME";"Velocidade incompatível";"Saída de Pista";"Com Vítimas Feridas";"Pleno dia";"Crescente";"Chuva";"Dupla";"Curva";"Rural";1;0;1;0;0;0;1;1
83470575;"04/06/16";"Sábado";"07:00:00";"PE";408;"86,7";"SAO LOURENCO DA MATA";"Outras";"Saída de Pista";"Com Vítimas Feridas";"Pleno dia";"Decrescente";"Chuva";"Dupla";"Curva";"Rural";1;0;1;0;0;0;1;1
83470576;"04/06/16";"Sábado";"11:20:00";"PE";408;"90,7";"SAO LOURENCO DA MATA";"Velocidade incompatível";"Saída de Pista";"Com Vítimas Feridas";"Pleno dia";"Crescente";"Chuva";"Dupla";"Reta";"Rural";2;0;1;0;1;0;1;1
83470577;"31/05/16";"Terça";"06:40:00";"BA";324;"557";"SAO SEBASTIAO DO PASSE";"Outras";"Saída de Pista";"Com Vítimas Feridas";"Pleno dia";"Decrescente";"Ceu Claro";"Dupla";"Reta";"Rural";2;0;2;0;0;0;2;1
83470578;"27/05/16";"Sexta";"17:00:00";"SP";116;"227";"GUARULHOS";"Outras";"Incêndio";"Sem Vítimas";"Pleno dia";"Crescente";"Sol";"Múltipla";"Reta";"Urbano";1;0;0;0;1;0;0;1
83470579;"04/06/16";"Sábado";"08:45:00";"PB";230;"13,7";"CABEDELO";"Falta de atenção";"Colisão lateral";"Com Vítimas Feridas";"Pleno dia";"Decrescente";"Chuva";"Dupla";"Reta";"Urbano";3;0;2;0;1;0;2;2
83470580;"04/06/16";"Sábado";"14:25:00";"RS";386;"151,8";"SARANDI";"Falta de atenção";"Saída de Pista";"Com Vítimas Feridas";"Pleno dia";"Decrescente";"Ceu Claro";"Dupla";"Reta";"Rural";3;0;1;0;2;0;1;1
83470582;"04/06/16";"Sábado";"13:45:00";"SC";470;"91,5";"ASCURRA";"Falta de atenção";"Colisão Transversal";"Com Vítimas Feridas";"Pleno dia";"Decrescente";"Ceu Claro";"Simples";"Cruzamento";"Urbano";2;0;2;0;0;0;2;2
83470583;"04/06/16";"Sábado";"15:10:00";"SC";470;"74";"INDAIAL";"Falta de atenção";"Capotamento";"Sem Vítimas";"Pleno dia";"Decrescente";"Nublado";"Simples";"Reta";"Urbano";1;0;0;0;1;0;0;1
83470584;"04/06/16";"Sábado";"15:00:00";"MG";381;"871,2";"POUSO ALEGRE";"Falta de atenção";"Colisão com bicicleta";"Com Vítimas Feridas";"Pleno dia";"Crescente";"Nublado";"Dupla";"Curva";"Rural";2;0;1;0;1;0;1;2
83470585;"31/05/16";"Terça";"16:20:00";"BA";324;"592";"CANDEIAS";"Defeito mecânico em veículo";"Capotamento";"Com Vítimas Feridas";"Pleno dia";"Decrescente";"Ceu Claro";"Dupla";"Curva";"Rural";2;0;1;0;1;0;1;1
83470586;"02/06/16";"Quinta";"11:10:00";"MG";116;"667,8";"SAO FRANCISCO DO GLORIA";"Outras";"Colisão com objeto fixo";"Com Vítimas Feridas";"Pleno dia";"Crescente";"Chuva";"Simples";"Curva";"Rural";4;0;2;2;0;0;4;1
83470587;"04/06/16";"Sábado";"15:00:00";"PR";277;"118,5";"CAMPO LARGO";"Outras";"Atropelamento de pessoa";"Ignorado";"Pleno dia";"Decrescente";"Nublado";"Dupla";"Reta";"Urbano";2;0;0;0;0;2;0;1
83470588;"04/06/16";"Sábado";"08:40:00";"MG";381;"477,6";"CONTAGEM";"Não guardar distância de segurança";"Colisão traseira";"Sem Vítimas";"Pleno dia";"Decrescente";"Nublado";"Dupla";"Reta";"Urbano";2;0;0;0;2;0;0;2
83470589;"04/06/16";"Sábado";"09:40:00";"PR";280;"286";"FLOR DA SERRA DO SUL";"Falta de atenção";"Colisão Transversal";"Com Vítimas Fatais";"Pleno dia";"Decrescente";"Sol";"Simples";"Reta";"Urbano";4;1;1;1;1;0;2;2
83470590;"04/06/16";"Sábado";"13:11:00";"MT";364;"104,4";"PEDRA PRETA";"Defeito mecânico em veículo";"Capotamento";"Com Vítimas Feridas";"Pleno dia";"Crescente";"Ceu Claro";"Simples";"Reta";"Rural";2;0;1;0;1;0;1;1
83470591;"04/06/16";"Sábado";"09:40:00";"TO";153;"675,2";"GURUPI";"Falta de atenção";"Colisão frontal";"Com Vítimas Feridas";"Pleno dia";"Decrescente";"Ceu Claro";"Simples";"Reta";"Urbano";2;0;1;0;1;0;1;2
83470592;"04/06/16";"Sábado";"11:20:00";"SE";101;"122,1";"ITAPORANGA DAJUDA";"Falta de atenção";"Colisão com objeto fixo";"Com Vítimas Feridas";"Pleno dia";"Decrescente";"Ceu Claro";"Dupla";"Curva";"Rural";1;0;1;0;0;0;1;1
83470593;"04/06/16";"Sábado";"09:30:00";"GO";153;"209";"URUACU";"Falta de atenção";"Tombamento";"Sem Vítimas";"Pleno dia";"Decrescente";"Ceu Claro";"Simples";"Reta";"Rural";1;0;0;0;1;0;0;1
83470594;"04/06/16";"Sábado";"13:03:00";"RS";158;"175";"PEJUCARA";"Outras";"Colisão com bicicleta";"Com Vítimas Feridas";"Pleno dia";"Crescente";"Ceu Claro";"Simples";"Reta";"Rural";3;0;0;1;1;1;1;3
83470595;"02/06/16";"Quinta";"17:30:00";"MG";116;"680,1";"MIRADOURO";"Outras";"Saída de Pista";"Com Vítimas Fatais";"Anoitecer";"Decrescente";"Chuva";"Simples";"Curva";"Rural";2;1;1;0;0;0;1;1
83470596;"04/06/16";"Sábado";"12:30:00";"PR";277;"309";"GUARAPUAVA";"Velocidade incompatível";"Capotamento";"Com Vítimas Feridas";"Pleno dia";"Decrescente";"Ceu Claro";"Simples";"Curva";"Rural";1;0;1;0;0;0;1;1
83470597;"04/06/16";"Sábado";"08:00:00";"MG";381;"533,2";"ITATIAIUCU";"Outras";"Capotamento";"Sem Vítimas";"Pleno dia";"Crescente";"Nublado";"Dupla";"Curva";"Rural";1;0;0;0;1;0;0;1
83470598;"04/06/16";"Sábado";"14:30:00";"PR";376;"633";"SAO JOSE DOS PINHAIS";"Outras";"Colisão lateral";"Com Vítimas Feridas";"Pleno dia";"Crescente";"Nublado";"Dupla";"Reta";"Urbano";2;0;1;0;1;0;1;2
83470599;"27/05/16";"Sexta";"04:45:00";"SP";381;"68";"MAIRIPORA";"Dormindo";"Colisão com objeto fixo";"Sem Vítimas";"Plena noite";"Decrescente";"Ceu Claro";"Dupla";"Curva";"Urbano";1;0;0;0;1;0;0;1
83470600;"04/06/16";"Sábado";"15:00:00";"MS";158;"91";"PARANAIBA";"Não guardar distância de segurança";"Colisão lateral";"Sem Vítimas";"Pleno dia";"Crescente";"Nublado";"Simples";"Reta";"Urbano";3;0;0;0;3;0;0;2
83470601;"04/06/16";"Sábado";"13:05:00";"RS";290;"96";"PORTO ALEGRE";"Dormindo";"Saída de Pista";"Com Vítimas Feridas";"Pleno dia";"Crescente";"Ceu Claro";"Simples";"Reta";"Urbano";1;0;1;0;0;0;1;1
83470602;"04/06/16";"Sábado";"14:30:00";"RS";470;"281";"MONTENEGRO";"Falta de atenção";"Colisão traseira";"Sem Vítimas";"Pleno dia";"Decrescente";"Sol";"Simples";"Reta";"Rural";2;0;0;0;2;0;0;2
83470603;"04/06/16";"Sábado";"12:45:00";"PR";116;"50";"CAMPINA GRANDE DO SUL";"Outras";"Capotamento";"Com Vítimas Fatais";"Pleno dia";"Crescente";"Ceu Claro";"Dupla";"Curva";"Rural";2;1;0;0;1;0;0;2
83470604;"04/06/16";"Sábado";"13:55:00";"PR";376;"322,5";"ORTIGUEIRA";"Velocidade incompatível";"Saída de Pista";"Sem Vítimas";"Pleno dia";"Crescente";"Chuva";"Simples";"Curva";"Rural";1;0;0;0;1;0;0;1
83470605;"04/06/16";"Sábado";"15:50:00";"SP";116;"282";"EMBU";"Falta de atenção";"Colisão traseira";"Sem Vítimas";"Pleno dia";"Decrescente";"Chuva";"Dupla";"Reta";"Urbano";5;0;0;0;5;0;0;2
83470606;"31/05/16";"Terça";"16:30:00";"SP";381;"76,5";"SAO PAULO";"Velocidade incompatível";"Tombamento";"Sem Vítimas";"Pleno dia";"Crescente";"Chuva";"Dupla";"Curva";"Urbano";1;0;0;0;1;0;0;1
83470607;"04/06/16";"Sábado";"13:50:00";"PR";376;"493,5";"PONTA GROSSA";"Defeito mecânico em veículo";"Saída de Pista";"Sem Vítimas";"Pleno dia";"Crescente";"Chuva";"Dupla";"Reta";"Urbano";1;0;0;0;1;0;0;1
83470608;"04/06/16";"Sábado";"16:00:00";"RS";285;"293";"PASSO FUNDO";"Velocidade incompatível";"Saída de Pista";"Ignorado";"Pleno dia";"Crescente";"Ceu Claro";"Simples";"Reta";"Urbano";1;0;0;0;0;1;0;1
83470609;"04/06/16";"Sábado";"09:40:00";"PR";277;"589";"CASCAVEL";"Falta de atenção";"Colisão Transversal";"Com Vítimas Feridas";"Pleno dia";"Crescente";"Ceu Claro";"Simples";"Cruzamento";"Urbano";4;0;1;0;2;1;1;3
83470610;"04/06/16";"Sábado";"08:20:00";"AL";104;"25";"UNIAO DOS PALMARES";"Falta de atenção";"Saída de Pista";"Com Vítimas Feridas";"Pleno dia";"Crescente";"Chuva";"Simples";"Reta";"Rural";1;0;0;1;0;0;1;1
83470611;"04/06/16";"Sábado";"13:15:00";"ES";101;"66";"SAO MATEUS";"Ingestão de álcool";"Colisão traseira";"Sem Vítimas";"Pleno dia";"Crescente";"Sol";"Múltipla";"Reta";"Urbano";3;0;0;0;3;0;0;3
83470612;"04/06/16";"Sábado";"14:50:00";"PI";343;"208";"PIRIPIRI";"Outras";"Saída de Pista";"Com Vítimas Feridas";"Pleno dia";"Crescente";"Sol";"Simples";"Reta";"Rural";1;0;0;1;0;0;1;1
83470613;"04/06/16";"Sábado";"14:50:00";"PE";101;"44";"ABREU E LIMA";"Não guardar distância de segurança";"Colisão traseira";"Sem Vítimas";"Pleno dia";"Crescente";"Chuva";"Dupla";"Reta";"Rural";3;0;0;0;3;0;0;3
83470614;"04/06/16";"Sábado";"11:50:00";"ES";101;"257,9";"SERRA";"Falta de atenção";"Colisão traseira";"Com Vítimas Feridas";"Pleno dia";"Decrescente";"Ceu Claro";"Dupla";"Reta";"Urbano";2;0;1;0;1;0;1;2
83470615;"04/06/16";"Sábado";"16:45:00";"GO";60;"93,3";"ANAPOLIS";"Outras";"Colisão lateral";"Com Vítimas Feridas";"Pleno dia";"Decrescente";"Ceu Claro";"Dupla";"Reta";"Urbano";2;0;1;0;1;0;1;2
83470616;"04/06/16";"Sábado";"17:10:00";"PR";376;"652,4";"TIJUCAS DO SUL";"Velocidade incompatível";"Tombamento";"Sem Vítimas";"Plena noite";"Crescente";"Chuva";"Dupla";"Curva";"Rural";1;0;0;0;1;0;0;1
83470617;"04/06/16";"Sábado";"09:30:00";"MG";381;"704,5";"CARMO DA CACHOEIRA";"Velocidade incompatível";"Tombamento";"Sem Vítimas";"Pleno dia";"Decrescente";"Chuva";"Dupla";"Curva";"Rural";1;0;0;0;1;0;0;1
83470618;"04/06/16";"Sábado";"12:00:00";"PR";476;"115";"COLOMBO";"Falta de atenção";"Colisão Transversal";"Com Vítimas Feridas";"Pleno dia";"Crescente";"Nublado";"Simples";"Reta";"Urbano";3;0;1;1;1;0;2;2