"id";"data_inversa";"dia_semana";"horario";"uf";"br";"km";"municipio";"causa_acidente";"tipo_acidente";"classificacao_acidente";"fase_dia";"sentido_via";"condicao_metereologica";"tipo_pista";"tracado_via";"uso_solo";"pessoas";"mortos";"feridos_leves";"feridos_graves";"ilesos";"ignorados";"feridos";"veiculos"
83470619;"04/06/16";"Sábado";"10:50:00";"MG";116;"576,9";"MANHUACU";"Outras";"Tombamento";"Com Vítimas Feridas";"Pleno dia";"Decrescente";"Nublado";"Simples";"Curva";"Rural";1;0;1;0;0;0;1;1
83470620;"04/06/16";"Sábado";"16:10:00";"MS";163;"248,3";"DOURADOS";"Velocidade incompatível";"Saída de Pista";"Sem Vítimas";"Pleno dia";"Crescente";"Chuva";"Simples";"Cruzamento";"Rural";1;0;0;0;1;0;0;1
83470621;"04/06/16";"Sábado";"15:20:00";"MG";381;"493";"BETIM";"Não guardar distância de segurança";"Colisão traseira";"Sem Vítimas";"Pleno dia";"Decrescente";"Nublado";"Dupla";"Reta";"Urbano";2;0;0;0;2;0;0;2
83470622;"04/06/16";"Sábado";"08:05:00";"MS";163;"807,9";"PEDRO GOMES";"Defeito mecânico em veículo";"Tombamento";"Sem Vítimas";"Pleno dia";"Decrescente";"Nublado";"Simples";"Reta";"Rural";1;0;0;0;1;0;0;1
83470623;"04/06/16";"Sábado";"16:50:00";"RO";364;"703";"PORTO VELHO";"Defeito mecânico em veículo";"Capotamento";"Com Vítimas Feridas";"Pleno dia";"Crescente";"Chuva";"Dupla";"Reta";"Rural";1;0;1;0;0;0;1;1
83470624;"04/06/16";"Sábado";"04:30:00";"MG";354;"737,3";"POUSO ALTO";"Velocidade incompatível";"Saída de Pista";"Com Vítimas Fatais";"Plena noite";"Crescente";"Chuva";"Simples";"Curva";"Rural";5;1;2;2;0;0;4;1
83470626;"04/06/16";"Sábado";"11:30:00";"ES";101;"270";"SERRA";"Falta de atenção";"Colisão lateral";"Com Vítimas Feridas";"Pleno dia";"Crescente";"Ceu Claro";"Dupla";"Reta";"Urbano";2;0;1;0;1;0;1;2
83470627;"04/06/16";"Sábado";"16:45:00";"SC";101;"55,5";"JOINVILLE";"Falta de atenção";"Tombamento";"Sem Vítimas";"Anoitecer";"Decrescente";"Chuva";"Dupla";"Reta";"Urbano";1;0;0;0;1;0;0;1
83470628;"04/06/16";"Sábado";"16:21:00";"RO";364;"13";"VILHENA";"Não guardar distância de segurança";"Colisão traseira";"Sem Vítimas";"Pleno dia";"Decrescente";"Ceu Claro";"Dupla";"Curva";"Urbano";5;0;0;0;5;0;0;2
83470629;"04/06/16";"Sábado";"14:38:00";"AC";364;"135";"RIO BRANCO";"Falta de atenção";"Colisão lateral";"Com Vítimas Feridas";"Pleno dia";"Decrescente";"Ceu Claro";"Dupla";"Reta";"Urbano";3;0;2;0;1;0;2;2
83470630;"04/06/16";"Sábado";"16:30:00";"RS";116;"149,3";"CAXIAS DO SUL";"Ingestão de álcool";"Colisão traseira";"Sem Vítimas";"Pleno dia";"Decrescente";"Sol";"Dupla";"Reta";"Urbano";2;0;0;0;2;0;0;2
83470631;"04/06/16";"Sábado";"04:30:00";"PR";277;"100";"CURITIBA";"Ingestão de álcool";"Colisão com objeto fixo";"Sem Vítimas";"Plena noite";"Crescente";"Nevoeiro/neblina";"Dupla";"Reta";"Urbano";1;0;0;0;1;0;0;1
83470632;"04/06/16";"Sábado";"17:00:00";"GO";60;"166";"GOIANIA";"Ingestão de álcool";"Colisão Transversal";"Sem Vítimas";"Pleno dia";"Decrescente";"Ceu Claro";"Dupla";"Reta";"Urbano";2;0;0;0;2;0;0;2
83470633;"03/05/16";"Terça";"20:30:00";"SP";116;"370";"MIRACATU";"Defeito mecânico em veículo";"Colisão com objeto fixo";"Sem Vítimas";"Plena noite";"Crescente";"Nublado";"Múltipla";"Reta";"Rural";1;0;0;0;1;0;0;1
83470634;"31/05/16";"Terça";"18:15:00";"MG";365;"625";"UBERLANDIA";"Não guardar distância de segurança";"Colisão traseira";"Com Vítimas Feridas";"Anoitecer";"Crescente";"Ceu Claro";"Dupla";"Reta";"Urbano";3;0;1;1;1;0;2;2
83470635;"03/05/16";"Terça";"21:00:00";"SP";116;"406";"MIRACATU";"Falta de atenção";"Saída de Pista";"Com Vítimas Feridas";"Plena noite";"Decrescente";"Nublado";"Dupla";"Reta";"Rural";2;0;0;1;1;0;1;2
83470636;"04/06/16";"Sábado";"18:15:00";"SP";153;"61";"SAO JOSE DO RIO PRETO";"Falta de atenção";"Colisão traseira";"Sem Vítimas";"Plena noite";"Decrescente";"Nublado";"Dupla";"Reta";"Urbano";2;0;0;0;2;0;0;2
83470637;"04/06/16";"Sábado";"13:30:00";"RS";392;"714,5";"PORTO XAVIER";"Falta de atenção";"Colisão Transversal";"Com Vítimas Feridas";"Pleno dia";"Crescente";"Sol";"Simples";"Reta";"Urbano";4;0;2;1;1;0;3;2
83470638;"23/05/16";"Segunda";"18:45:00";"PA";222;"244";"MARABA";"Ultrapassagem indevida";"Colisão lateral";"Com Vítimas Fatais";"Plena noite";"Crescente";"Ceu Claro";"Simples";"Reta";"Urbano";2;1;0;0;1;0;0;2
83470639;"27/05/16";"Sexta";"16:00:00";"BA";242;"425";"IBITIARA";"Falta de atenção";"Saída de Pista";"Ignorado";"Pleno dia";"Decrescente";"Ceu Claro";"Simples";"Reta";"Rural";1;0;0;0;0;1;0;1
83470640;"04/06/16";"Sábado";"17:12:00";"GO";60;"428,2";"RIO VERDE";"Outras";"Capotamento";"Sem Vítimas";"Anoitecer";"Decrescente";"Chuva";"Dupla";"Reta";"Rural";4;0;0;0;4;0;0;1
83470641;"04/06/16";"Sábado";"16:30:00";"SC";470;"201";"PONTE ALTA";"Falta de atenção";"Colisão Transversal";"Com Vítimas Feridas";"Pleno dia";"Crescente";"Ceu Claro";"Simples";"Cruzamento";"Rural";3;0;3;0;0;0;3;2
83470642;"04/06/16";"Sábado";"16:30:00";"SP";116;"538";"BARRA DO TURVO";"Velocidade incompatível";"Derramamento de Carga";"Sem Vítimas";"Pleno dia";"Crescente";"Chuva";"Dupla";"Reta";"Rural";1;0;0;0;1;0;0;1
83470643;"04/06/16";"Sábado";"18:20:00";"MG";381;"332,5";"NOVA ERA";"Outras";"Queda de motocicleta / bicicleta / veículo";"Com Vítimas Feridas";"Anoitecer";"Crescente";"Ceu Claro";"Simples";"Reta";"Rural";1;0;1;0;0;0;1;1
83470644;"23/05/16";"Segunda";"08:05:00";"SC";470;"146,2";"RIO DO SUL";"Falta de atenção";"Colisão Transversal";"Com Vítimas Feridas";"Pleno dia";"Crescente";"Ceu Claro";"Simples";"Reta";"Urbano";2;0;1;0;1;0;1;2
83470645;"04/06/16";"Sábado";"16:40:00";"BA";324;"539";"AMELIA RODRIGUES";"Outras";"Queda de motocicleta / bicicleta / veículo";"Com Vítimas Feridas";"Pleno dia";"Decrescente";"Ceu Claro";"Dupla";"Reta";"Rural";2;0;1;1;0;0;2;1
83470646;"04/06/16";"Sábado";"19:15:00";"PR";116;"121";"MANDIRITUBA";"Outras";"Colisão traseira";"Com Vítimas Feridas";"Plena noite";"Crescente";"Nublado";"Dupla";"Reta";"Urbano";2;0;1;0;1;0;1;2
83470647;"04/06/16";"Sábado";"18:30:00";"MG";459;"26,5";"CALDAS";"Outras";"Atropelamento de pessoa";"Com Vítimas Feridas";"Anoitecer";"Crescente";"Nublado";"Simples";"Curva";"Rural";2;0;0;1;1;0;1;1
83470648;"04/06/16";"Sábado";"16:30:00";"RJ";116;"265";"BARRA MANSA";"Outras";"Colisão lateral";"Com Vítimas Feridas";"Pleno dia";"Crescente";"Nublado";"Dupla";"Curva";"Rural";2;0;1;0;1;0;1;2
83470649;"27/05/16";"Sexta";"13:55:00";"RJ";101;"293";"ITABORAI";"Outras";"Tombamento";"Com Vítimas Feridas";"Pleno dia";"Decrescente";"Ceu Claro";"Dupla";"Curva";"Rural";2;0;1;0;1;0;1;1
83470650;"03/06/16";"Sexta";"19:30:00";"AL";316;"125,8";"CACIMBINHAS";"Ultrapassagem indevida";"Colisão frontal";"Com Vítimas Feridas";"Plena noite";"Decrescente";"Ceu Claro";"Simples";"Reta";"Rural";2;0;0;2;0;0;2;2
83470651;"04/06/16";"Sábado";"18:40:00";"PR";116;"86";"PIRAQUARA";"Outras";"Atropelamento de pessoa";"Com Vítimas Feridas";"Anoitecer";"Crescente";"Chuva";"Dupla";"Reta";"Rural";2;0;1;0;1;0;1;1
83470652;"04/06/16";"Sábado";"18:20:00";"SC";282;"322,8";"CAMPOS NOVOS";"Falta de atenção";"Saída de Pista";"Com Vítimas Feridas";"Anoitecer";"Crescente";"Ceu Claro";"Simples";"Curva";"Rural";2;0;1;0;1;0;1;1
83470653;"04/06/16";"Sábado";"19:50:00";"SC";470;"53,1";"BLUMENAU";"Falta de atenção";"Colisão Transversal";"Com Vítimas Feridas";"Plena noite";"Decrescente";"Nublado";"Múltipla";"Cruzamento";"Urbano";3;0;1;1;1;0;2;2
83470654;"31/05/16";"Terça";"18:45:00";"BA";116;"425";"FEIRA DE SANTANA";"Falta de atenção";"Atropelamento de pessoa";"Com Vítimas Feridas";"Plena noite";"Crescente";"Ceu Claro";"Simples";"Reta";"Urbano";2;0;1;0;1;0;1;1
83470655;"04/06/16";"Sábado";"17:20:00";"PR";153;"139,9";"VENTANIA";"Defeito mecânico em veículo";"Saída de Pista";"Com Vítimas Feridas";"Anoitecer";"Decrescente";"Nevoeiro/neblina";"Simples";"Reta";"Rural";2;0;1;0;1;0;1;1
83470656;"03/06/16";"Sexta";"17:15:00";"SP";116;"207";"GUARULHOS";"Não guardar distância de segurança";"Colisão traseira";"Com Vítimas Feridas";"Pleno dia";"Crescente";"Chuva";"Dupla";"Reta";"Urbano";4;0;1;0;3;0;1;3
83470657;"04/06/16";"Sábado";"15:10:00";"PB";230;"30,6";"JOAO PESSOA";"Falta de atenção";"Colisão Transversal";"Sem Vítimas";"Pleno dia";"Decrescente";"Nublado";"Dupla";"Reta";"Urbano";4;0;0;0;4;0;0;4
83470658;"04/06/16";"Sábado";"13:10:00";"ES";101;"266,1";"SERRA";"Falta de atenção";"Colisão traseira";"Com Vítimas Feridas";"Pleno dia";"Decrescente";"Ceu Claro";"Dupla";"Reta";"Urbano";2;0;1;0;1;0;1;2
83470659;"04/06/16";"Sábado";"19:00:00";"SE";101;"120,5";"ITAPORANGA DAJUDA";"Falta de atenção";"Colisão com objeto fixo";"Com Vítimas Feridas";"Plena noite";"Crescente";"Ceu Claro";"Dupla";"Reta";"Rural";2;0;0;1;1;0;1;2
83470660;"04/06/16";"Sábado";"11:00:00";"MT";70;"180";"GENERAL CARNEIRO";"Dormindo";"Colisão traseira";"Com Vítimas Feridas";"Pleno dia";"Decrescente";"Ceu Claro";"Simples";"Reta";"Rural";3;0;2;0;1;0;2;2
83470661;"04/06/16";"Sábado";"16:30:00";"MA";226;"551,2";"LAJEADO NOVO";"Falta de atenção";"Colisão traseira";"Com Vítimas Feridas";"Pleno dia";"Crescente";"Ceu Claro";"Simples";"Reta";"Rural";3;0;0;1;2;0;1;2
83470662;"04/06/16";"Sábado";"18:00:00";"PE";101;"105";"CABO DE SANTO AGOSTINHO";"Falta de atenção";"Atropelamento de pessoa";"Com Vítimas Feridas";"Plena noite";"Decrescente";"Chuva";"Dupla";"Curva";"Urbano";3;0;1;1;1;0;2;1
83470663;"04/06/16";"Sábado";"18:20:00";"MG";381;"943,9";"EXTREMA";"Velocidade incompatível";"Capotamento";"Sem Vítimas";"Plena noite";"Decrescente";"Chuva";"Simples";"Reta";"Urbano";1;0;0;0;1;0;0;1
83470664;"04/06/16";"Sábado";"20:30:00";"PA";163;"996";"SANTAREM";"Falta de atenção";"Colisão Transversal";"Com Vítimas Feridas";"Plena noite";"Crescente";"Ceu Claro";"Simples";"Reta";"Urbano";2;0;1;0;1;0;1;2
83470665;"04/06/16";"Sábado";"19:00:00";"SC";282;"20";"SANTO AMARO DA IMPERATRIZ";"Ultrapassagem indevida";"Colisão frontal";"Sem Vítimas";"Plena noite";"Decrescente";"Nublado";"Simples";"Reta";"Urbano";3;0;0;0;2;1;0;3
83470666;"04/06/16";"Sábado";"18:50:00";"PR";373;"175,3";"PONTA GROSSA";"Ingestão de álcool";"Colisão com objeto fixo";"Sem Vítimas";"Plena noite";"Decrescente";"Chuva";"Dupla";"Curva";"Urbano";1;0;0;0;1;0;0;1
83470667;"04/06/16";"Sábado";"18:45:00";"MT";70;"2";"BARRA DO GARCAS";"Falta de atenção";"Colisão traseira";"Com Vítimas Feridas";"Plena noite";"Decrescente";"Ceu Claro";"Simples";"Reta";"Urbano";2;0;2;0;0;0;2;2
83470668;"04/06/16";"Sábado";"19:15:00";"MG";40;"607";"CONGONHAS";"Ingestão de álcool";"Atropelamento de pessoa";"Com Vítimas Feridas";"Plena noite";"Crescente";"Nublado";"Simples";"Reta";"Urbano";2;0;1;0;0;1;1;1
83470669;"04/06/16";"Sábado";"18:45:00";"RS";386;"24,3";"FREDERICO WESTPHALEN";"Falta de atenção";"Colisão frontal";"Com Vítimas Fatais";"Plena noite";"Crescente";"Ceu Claro";"Simples";"Curva";"Rural";6;1;0;0;5;0;0;2
83470670;"04/06/16";"Sábado";"15:00:00";"BA";324;"432";"RIACHAO DO JACUIPE";"Ingestão de álcool";"Colisão traseira";"Com Vítimas Feridas";"Pleno dia";"Crescente";"Ceu Claro";"Simples";"Reta";"Rural";4;0;0;1;3;0;1;2
83470671;"04/06/16";"Sábado";"20:00:00";"SC";101;"258";"PAULO LOPES";"Ingestão de álcool";"Colisão com objeto fixo";"Sem Vítimas";"Plena noite";"Decrescente";"Nublado";"Dupla";"Reta";"Rural";1;0;0;0;1;0;0;1
83470672;"04/06/16";"Sábado";"20:00:00";"SP";116;"485,6";"CAJATI";"Velocidade incompatível";"Tombamento";"Sem Vítimas";"Plena noite";"Crescente";"Chuva";"Dupla";"Reta";"Rural";1;0;0;0;1;0;0;1
83470673;"04/06/16";"Sábado";"18:00:00";"SP";116;"298";"SAO LOURENCO DA SERRA";"Defeito mecânico em veículo";"Colisão com objeto fixo";"Sem Vítimas";"Anoitecer";"Decrescente";"Ignorada";"Dupla";"Reta";"Rural";1;0;0;0;1;0;0;1
83470674;"04/06/16";"Sábado";"20:00:00";"RJ";116;"297,8";"RESENDE";"Falta de atenção";"Colisão com objeto fixo";"Sem Vítimas";"Plena noite";"Decrescente";"Chuva";"Dupla";"Reta";"Rural";1;0;0;0;1;0;0;1
83470675;"04/06/16";"Sábado";"14:09:00";"MG";381;"724,5";"CARMO DA CACHOEIRA";"Velocidade incompatível";"Saída de Pista";"Sem Vítimas";"Pleno dia";"Decrescente";"Chuva";"Dupla";"Curva";"Rural";1;0;0;0;1;0;0;1
83470676;"04/06/16";"Sábado";"17:30:00";"SC";116;"83,1";"MONTE CASTELO";"Ingestão de álcool";"Saída de Pista";"Sem Vítimas";"Anoitecer";"Crescente";"Nublado";"Simples";"Reta";"Rural";1;0;0;0;1;0;0;1
83470677;"04/06/16";"Sábado";"20:00:00";"BA";407;"209";"CAPIM GROSSO";"Falta de atenção";"Atropelamento de pessoa";"Com Vítimas Feridas";"Plena noite";"Decrescente";"Ceu Claro";"Simples";"Reta";"Rural";2;0;0;1;0;1;1;1
83470678;"27/05/16";"Sexta";"09:15:00";"MG";40;"700,3";"BARBACENA";"Defeito na via";"Queda de motocicleta / bicicleta / veículo";"Com Vítimas Feridas";"Pleno dia";"Decrescente";"Ceu Claro";"Dupla";"Reta";"Urbano";1;0;1;0;0;0;1;1
83470679;"04/06/16";"Sábado";"18:30:00";"SC";116;"71,2";"MONTE CASTELO";"Velocidade incompatível";"Saída de Pista";"Com Vítimas Feridas";"Plena noite";"Crescente";"Chuva";"Simples";"Reta";"Rural";1;0;1;0;0;0;1;1
83470680;"04/06/16";"Sábado";"18:30:00";"SC";280;"38";"ARAQUARI";"Outras";"Queda de motocicleta / bicicleta / veículo";"Com Vítimas Feridas";"Plena noite";"Crescente";"Ignorada";"Simples";"Reta";"Urbano";1;0;1;0;0;0;1;1
83470681;"04/06/16";"Sábado";"20:20:00";"PE";316;"96";"OURICURI";"Ingestão de álcool";"Queda de motocicleta / bicicleta / veículo";"Com Vítimas Feridas";"Plena noite";"Crescente";"Ceu Claro";"Simples";"Reta";"Rural";1;0;0;1;0;0;1;1
83470682;"04/06/16";"Sábado";"19:30:00";"RJ";101;"430";"MANGARATIBA";"Outras";"Colisão frontal";"Sem Vítimas";"Plena noite";"Crescente";"Chuva";"Simples";"Reta";"Urbano";3;0;0;0;3;0;0;2
83470683;"04/06/16";"Sábado";"18:15:00";"MS";163;"484,8";"CAMPO GRANDE";"Outras";"Colisão com bicicleta";"Com Vítimas Feridas";"Plena noite";"Decrescente";"Nublado";"Simples";"Reta";"Urbano";2;0;1;0;0;1;1;2
83470684;"04/06/16";"Sábado";"21:05:00";"ES";101;"295,4";"CARIACICA";"Velocidade incompatível";"Colisão traseira";"Sem Vítimas";"Plena noite";"Decrescente";"Ceu Claro";"Múltipla";"Reta";"Urbano";2;0;0;0;2;0;0;2
83470685;"04/06/16";"Sábado";"17:20:00";"ES";101;"176";"ARACRUZ";"Desobediência à sinalização";"Colisão Transversal";"Com Vítimas Feridas";"Anoitecer";"Crescente";"Ceu Claro";"Simples";"Cruzamento";"Rural";2;0;1;0;1;0;1;2
83470686;"04/06/16";"Sábado";"19:50:00";"RR";174;"512";"BOA VISTA";"Ingestão de álcool";"Atropelamento de pessoa";"Com Vítimas Feridas";"Plena noite";"Crescente";"Chuva";"Simples";"Reta";"Urbano";3;0;0;1;2;0;1;1
83470687;"31/05/16";"Terça";"18:30:00";"MG";40;"663";"CARANDAI";"Falta de atenção";"Atropelamento de pessoa";"Com Vítimas Feridas";"Plena noite";"Decrescente";"Ceu Claro";"Simples";"Reta";"Urbano";2;0;1;0;0;1;1;1
83470688;"04/06/16";"Sábado";"22:10:00";"RJ";101;"253";"RIO BONITO";"Outras";"Saída de Pista";"Sem Vítimas";"Plena noite";"Decrescente";"Chuva";"Simples";"Reta";"Rural";1;0;0;0;1;0;0;1
83470689;"04/06/16";"Sábado";"07:45:00";"SP";381;"69,5";"MAIRIPORA";"Velocidade incompatível";"Capotamento";"Com Vítimas Feridas";"Pleno dia";"Decrescente";"Chuva";"Dupla";"Curva";"Urbano";1;0;1;0;0;0;1;1
83470690;"04/06/16";"Sábado";"18:45:00";"PR";376;"620";"SAO JOSE DOS PINHAIS";"Desobediência à sinalização";"Colisão lateral";"Com Vítimas Feridas";"Plena noite";"Crescente";"Chuva";"Simples";"Reta";"Urbano";3;0;1;0;2;0;1;2
83470691;"04/06/16";"Sábado";"13:00:00";"AM";230;"611";"HUMAITA";"Falta de atenção";"Colisão com bicicleta";"Com Vítimas Feridas";"Pleno dia";"Crescente";"Sol";"Dupla";"Reta";"Urbano";2;0;0;1;1;0;1;2
83470692;"04/06/16";"Sábado";"17:00:00";"GO";153;"703,5";"ITUMBIARA";"Desobediência à sinalização";"Tombamento";"Com Vítimas Feridas";"Pleno dia";"Crescente";"Ceu Claro";"Simples";"Reta";"Urbano";3;0;2;0;1;0;2;1
83470693;"04/06/16";"Sábado";"19:00:00";"SP";116;"269";"TABOAO DA SERRA";"Falta de atenção";"Colisão lateral";"Com Vítimas Feridas";"Plena noite";"Crescente";"Chuva";"Dupla";"Reta";"Urbano";3;0;1;0;2;0;1;2
83470694;"04/06/16";"Sábado";"13:00:00";"MT";70;"497";"CUIABA";"Outras";"Colisão com objeto fixo";"Sem Vítimas";"Pleno dia";"Decrescente";"Ceu Claro";"Dupla";"Reta";"Urbano";1;0;0;0;1;0;0;1
83470695;"04/06/16";"Sábado";"21:41:00";"RN";101;"78";"SAO GONCALO DO AMARANTE";"Outras";"Atropelamento de animal";"Com Vítimas Feridas";"Plena noite";"Crescente";"Chuva";"Dupla";"Reta";"Urbano";1;0;0;1;0;0;1;1
83470696;"04/06/16";"Sábado";"18:40:00";"ES";101;"12";"PEDRO CANARIO";"Outras";"Colisão frontal";"Com Vítimas Fatais";"Plena noite";"Decrescente";"Ceu Claro";"Dupla";"Reta";"Urbano";3;1;0;0;2;0;0;2
83470697;"04/06/16";"Sábado";"22:00:00";"RJ";101;"273";"RIO BONITO";"Outras";"Colisão com objeto fixo";"Sem Vítimas";"Plena noite";"Crescente";"Ceu Claro";"Dupla";"Reta";"Urbano";1;0;0;0;1;0;0;1
83470698;"04/06/16";"Sábado";"16:00:00";"SP";116;"469,9";"JACUPIRANGA";"Falta de atenção";"Colisão com objeto fixo";"Ignorado";"Pleno dia";"Crescente";"Nublado";"Dupla";"Reta";"Rural";1;0;0;0;0;1;0;1
83470699;"04/06/16";"Sábado";"18:45:00";"PB";101;"1,6";"MATARACA";"Velocidade incompatível";"Colisão traseira";"Com Vítimas Feridas";"Plena noite";"Crescente";"Chuva";"Dupla";"Reta";"Rural";3;0;1;0;1;1;1;2
83470700;"04/06/16";"Sábado";"22:30:00";"SC";163;"97,4";"SAO JOSE DO CEDRO";"Ingestão de álcool";"Saída de Pista";"Com Vítimas Feridas";"Plena noite";"Crescente";"Ceu Claro";"Simples";"Reta";"Rural";1;0;1;0;0;0;1;1
83470701;"04/06/16";"Sábado";"20:00:00";"RJ";116;"174";"BELFORD ROXO";"Falta de atenção";"Colisão traseira";"Com Vítimas Feridas";"Plena noite";"Crescente";"Chuva";"Múltipla";"Reta";"Urbano";3;0;1;0;2;0;1;2
83470702;"04/06/16";"Sábado";"21:05:00";"RR";401;"0";"BOA VISTA";"Não guardar distância de segurança";"Colisão traseira";"Com Vítimas Feridas";"Plena noite";"Crescente";"Chuva";"Dupla";"Cruzamento";"Urbano";3;0;1;0;2;0;1;2
83470703;"04/06/16";"Sábado";"22:30:00";"SP";116;"375,7";"MIRACATU";"Desobediência à sinalização";"Saída de Pista";"Ignorado";"Plena noite";"Crescente";"Chuva";"Dupla";"Curva";"Rural";1;0;0;0;0;1;0;1
83470704;"04/06/16";"Sábado";"20:10:00";"MG";116;"766,7";"LEOPOLDINA";"Ingestão de álcool";"Colisão lateral";"Sem Vítimas";"Plena noite";"Decrescente";"Ceu Claro";"Simples";"Cruzamento";"Urbano";3;0;0;0;1;2;0;2
83470705;"04/06/16";"Sábado";"20:15:00";"SP";381;"31";"ATIBAIA";"Não guardar distância de segurança";"Capotamento";"Com Vítimas Feridas";"Plena noite";"Decrescente";"Chuva";"Múltipla";"Curva";"Rural";1;0;1;0;0;0;1;1
83470706;"04/06/16";"Sábado";"17:30:00";"ES";262;"150,7";"IBATIBA";"Velocidade incompatível";"Tombamento";"Com Vítimas Feridas";"Plena noite";"Crescente";"Ceu Claro";"Simples";"Curva";"Rural";1;0;1;0;0;0;1;1
83470707;"04/06/16";"Sábado";"22:30:00";"PR";163;"126";"REALEZA";"Falta de atenção";"Saída de Pista";"Com Vítimas Feridas";"Plena noite";"Crescente";"Nublado";"Simples";"Curva";"Rural";2;0;2;0;0;0;2;1
83470708;"04/06/16";"Sábado";"16:40:00";"RS";470;"178,2";"VERANOPOLIS";"Ingestão de álcool";"Colisão frontal";"Com Vítimas Feridas";"Pleno dia";"Crescente";"Nublado";"Simples";"Reta";"Urbano";2;0;0;1;1;0;1;2
83470709;"04/06/16";"Sábado";"21:20:00";"MT";174;"7";"PONTES E LACERDA";"Falta de atenção";"Saída de Pista";"Sem Vítimas";"Plena noite";"Crescente";"Nublado";"Simples";"Reta";"Rural";1;0;0;0;1;0;0;1
83470710;"04/06/16";"Sábado";"22:30:00";"BA";418;"91";"NOVA VICOSA";"Outras";"Colisão frontal";"Com Vítimas Feridas";"Plena noite";"Crescente";"Ceu Claro";"Simples";"Reta";"Urbano";2;0;1;0;1;0;1;2
83470713;"05/06/16";"Domingo";"00:02:00";"PE";101;"66,5";"RECIFE";"Falta de atenção";"Colisão traseira";"Com Vítimas Feridas";"Plena noite";"Decrescente";"Ceu Claro";"Dupla";"Reta";"Urbano";3;0;2;0;1;0;2;2
83470714;"05/06/16";"Domingo";"00:15:00";"PI";343;"348,1";"TERESINA";"Não guardar distância de segurança";"Colisão lateral";"Sem Vítimas";"Plena noite";"Crescente";"Ceu Claro";"Múltipla";"Reta";"Urbano";2;0;0;0;2;0;0;2
83470715;"04/06/16";"Sábado";"20:10:00";"RS";116;"245,5";"SAO LEOPOLDO";"Outras";"Capotamento";"Sem Vítimas";"Plena noite";"Decrescente";"Nublado";"Dupla";"Reta";"Urbano";1;0;0;0;1;0;0;1
83470716;"04/06/16";"Sábado";"23:55:00";"MG";381;"157,8";"GOVERNADOR VALADARES";"Animais na Pista";"Atropelamento de animal";"Com Vítimas Feridas";"Plena noite";"Crescente";"Nublado";"Simples";"Reta";"Rural";2;0;1;0;1;0;1;1
83470717;"04/06/16";"Sábado";"00:00:00";"PR";277;"593";"CASCAVEL";"Outras";"Colisão com objeto fixo";"Com Vítimas Feridas";"Plena noite";"Decrescente";"Ceu Claro";"Simples";"Reta";"Urbano";1;0;1;0;0;0;1;1
83470718;"04/06/16";"Sábado";"23:24:00";"PR";272;"363,2";"CAMPO MOURAO";"Não guardar distância de segurança";"Colisão traseira";"Com Vítimas Feridas";"Plena noite";"Decrescente";"Chuva";"Dupla";"Reta";"Urbano";3;0;1;0;2;0;1;2
83470719;"04/06/16";"Sábado";"18:00:00";"MG";365;"632";"UBERLANDIA";"Falta de atenção";"Atropelamento de animal";"Com Vítimas Feridas";"Anoitecer";"Crescente";"Nublado";"Dupla";"Reta";"Rural";1;0;1;0;0;0;1;1
83470720;"04/06/16";"Sábado";"23:40:00";"RO";364;"520";"ARIQUEMES";"Falta de atenção";"Capotamento";"Sem Vítimas";"Plena noite";"Decrescente";"Chuva";"Simples";"Reta";"Rural";1;0;0;0;1;0;0;1
83470721;"05/06/16";"Domingo";"00:30:00";"PR";277;"725,5";"FOZ DO IGUACU";"Ingestão de álcool";"Colisão Transversal";"Com Vítimas Feridas";"Plena noite";"Decrescente";"Nublado";"Dupla";"Cruzamento";"Urbano";4;0;2;0;2;0;2;2
83470722;"04/06/16";"Sábado";"23:15:00";"GO";153;"443";"ANAPOLIS";"Outras";"Colisão traseira";"Com Vítimas Feridas";"Plena noite";"Decrescente";"Ceu Claro";"Dupla";"Curva";"Urbano";2;0;1;0;0;1;1;2
83470723;"04/06/16";"Sábado";"20:20:00";"PR";467;"114";"CASCAVEL";"Ingestão de álcool";"Capotamento";"Com Vítimas Feridas";"Plena noite";"Decrescente";"Ceu Claro";"Dupla";"Curva";"Urbano";3;0;1;2;0;0;3;1
83470724;"04/06/16";"Sábado";"23:30:00";"MG";116;"761,9";"LEOPOLDINA";"Outras";"Atropelamento de pessoa";"Com Vítimas Feridas";"Plena noite";"Decrescente";"Ignorada";"Simples";"Curva";"Rural";2;0;1;0;1;0;1;1
83470725;"04/06/16";"Sábado";"18:00:00";"BA";420;"337";"JAGUAQUARA";"Outras";"Colisão frontal";"Com Vítimas Feridas";"Plena noite";"Crescente";"Ceu Claro";"Simples";"Reta";"Rural";3;0;1;1;1;0;2;2
83470726;"04/06/16";"Sábado";"18:45:00";"PR";376;"3";"SAO JOSE DOS PINHAIS";"Ultrapassagem indevida";"Colisão traseira";"Sem Vítimas";"Anoitecer";"Crescente";"Nublado";"Dupla";"Reta";"Urbano";2;0;0;0;1;1;0;2
83470727;"04/06/16";"Sábado";"10:00:00";"MG";116;"157,6";"PONTO DOS VOLANTES";"Falta de atenção";"Colisão lateral";"Sem Vítimas";"Pleno dia";"Crescente";"Ceu Claro";"Simples";"Curva";"Rural";2;0;0;0;2;0;0;2