"id";"data_inversa";"dia_semana";"horario";"uf";"br";"km";"municipio";"causa_acidente";"tipo_acidente";"classificacao_acidente";"fase_dia";"sentido_via";"condicao_metereologica";"tipo_pista";"tracado_via";"uso_solo";"pessoas";"mortos";"feridos_leves";"feridos_graves";"ilesos";"ignorados";"feridos";"veiculos"
83470837;"05/06/16";"Domingo";"13:20:00";"RJ";116;"236";"PIRAI";"Outras";"Capotamento";"Sem Vítimas";"Pleno dia";"Decrescente";"Chuva";"Dupla";"Curva";"Rural";2;0;0;0;2;0;0;2
83470838;"01/06/16";"Quarta";"14:00:00";"MG";381;"705";"LAVRAS";"Falta de atenção";"Capotamento";"Com Vítimas Feridas";"Pleno dia";"Crescente";"Chuva";"Dupla";"Curva";"Rural";3;0;2;0;1;0;2;1
83470839;"29/05/16";"Domingo";"21:40:00";"SC";101;"406,2";"ARARANGUA";"Outras";"Colisão com objeto fixo";"Com Vítimas Feridas";"Plena noite";"Crescente";"Nublado";"Dupla";"Reta";"Rural";2;0;1;0;1;0;1;1
83470840;"05/06/16";"Domingo";"11:15:00";"RS";116;"222";"DOIS IRMAOS";"Outras";"Atropelamento de pessoa";"Com Vítimas Feridas";"Pleno dia";"Decrescente";"Nublado";"Simples";"Reta";"Urbano";2;0;0;1;1;0;1;1
83470841;"05/06/16";"Domingo";"08:30:00";"SP";116;"225";"GUARULHOS";"Defeito mecânico em veículo";"Colisão traseira";"Sem Vítimas";"Pleno dia";"Crescente";"Chuva";"Múltipla";"Reta";"Urbano";2;0;0;0;2;0;0;2
83470842;"04/06/16";"Sábado";"08:30:00";"SP";116;"220";"GUARULHOS";"Outras";"Colisão traseira";"Sem Vítimas";"Pleno dia";"Decrescente";"Ceu Claro";"Dupla";"Reta";"Urbano";2;0;0;0;2;0;0;2
83470843;"05/06/16";"Domingo";"11:30:00";"RS";392;"33,2";"RIO GRANDE";"Velocidade incompatível";"Colisão lateral";"Sem Vítimas";"Pleno dia";"Crescente";"Ceu Claro";"Dupla";"Reta";"Rural";3;0;0;0;2;1;0;2
83470845;"05/06/16";"Domingo";"05:10:00";"BA";420;"331";"JAGUAQUARA";"Falta de atenção";"Atropelamento de pessoa";"Com Vítimas Fatais";"Pleno dia";"Crescente";"Ceu Claro";"Simples";"Curva";"Urbano";2;1;0;0;0;1;0;1
83470846;"05/06/16";"Domingo";"14:45:00";"SC";101;"59,1";"ARAQUARI";"Não guardar distância de segurança";"Queda de motocicleta / bicicleta / veículo";"Com Vítimas Feridas";"Plena noite";"Crescente";"Nublado";"Múltipla";"Reta";"Rural";1;0;1;0;0;0;1;1
83470848;"05/06/16";"Domingo";"10:20:00";"GO";20;"161,5";"ALVORADA DO NORTE";"Falta de atenção";"Colisão com bicicleta";"Com Vítimas Fatais";"Pleno dia";"Decrescente";"Ceu Claro";"Simples";"Reta";"Rural";2;1;0;0;1;0;0;2
83470849;"01/06/16";"Quarta";"13:50:00";"ES";262;"28,8";"VIANA";"Velocidade incompatível";"Saída de Pista";"Com Vítimas Feridas";"Pleno dia";"Crescente";"Chuva";"Simples";"Curva";"Rural";4;0;4;0;0;0;4;1
83470850;"05/06/16";"Domingo";"01:40:00";"SP";116;"151,1";"SAO JOSE DOS CAMPOS";"Ingestão de álcool";"Colisão com objeto fixo";"Sem Vítimas";"Plena noite";"Crescente";"Chuva";"Dupla";"Reta";"Urbano";2;0;0;0;2;0;0;2
83470851;"05/06/16";"Domingo";"12:20:00";"PR";116;"65";"CAMPINA GRANDE DO SUL";"Velocidade incompatível";"Saída de Pista";"Sem Vítimas";"Pleno dia";"Crescente";"Chuva";"Dupla";"Curva";"Rural";1;0;0;0;1;0;0;1
83470852;"04/06/16";"Sábado";"14:00:00";"PA";222;"36";"DOM ELISEU";"Falta de atenção";"Saída de Pista";"Sem Vítimas";"Pleno dia";"Decrescente";"Sol";"Simples";"Curva";"Rural";2;0;0;0;2;0;0;1
83470853;"03/06/16";"Sexta";"23:45:00";"SE";235;"52";"ITABAIANA";"Ingestão de álcool";"Colisão Transversal";"Com Vítimas Feridas";"Plena noite";"Decrescente";"Nublado";"Simples";"Curva";"Urbano";2;0;0;1;1;0;1;2
83470854;"05/06/16";"Domingo";"13:30:00";"PR";116;"35,8";"CAMPINA GRANDE DO SUL";"Velocidade incompatível";"Capotamento";"Com Vítimas Feridas";"Pleno dia";"Crescente";"Chuva";"Dupla";"Reta";"Rural";2;0;2;0;0;0;2;1
83470855;"05/06/16";"Domingo";"13:40:00";"RS";470;"206,6";"BENTO GONCALVES";"Defeito na via";"Colisão frontal";"Sem Vítimas";"Pleno dia";"Decrescente";"Nublado";"Simples";"Reta";"Rural";3;0;0;0;3;0;0;3
83470857;"01/06/16";"Quarta";"20:40:00";"MG";267;"69";"BICAS";"Falta de atenção";"Atropelamento de pessoa";"Com Vítimas Feridas";"Plena noite";"Crescente";"Nublado";"Simples";"Curva";"Rural";2;0;1;0;0;1;1;1
83470858;"07/04/16";"Quinta";"06:00:00";"PE";232;"139";"CARUARU";"Outras";"Colisão lateral";"Com Vítimas Feridas";"Pleno dia";"Crescente";"Sol";"Dupla";"Curva";"Rural";2;0;0;1;1;0;1;2
83470859;"05/06/16";"Domingo";"08:25:00";"DF";70;"8,5";"BRASILIA";"Ingestão de álcool";"Colisão lateral";"Sem Vítimas";"Pleno dia";"Crescente";"Sol";"Dupla";"Reta";"Urbano";5;0;0;0;5;0;0;2
83470860;"05/06/16";"Domingo";"13:00:00";"BA";101;"817";"ITAMARAJU";"Defeito mecânico em veículo";"Colisão com objeto fixo";"Sem Vítimas";"Pleno dia";"Crescente";"Nublado";"Simples";"Curva";"Rural";1;0;0;0;1;0;0;1
83470861;"05/06/16";"Domingo";"10:11:00";"RJ";116;"240,8";"PIRAI";"Outras";"Colisão com objeto fixo";"Com Vítimas Feridas";"Pleno dia";"Decrescente";"Chuva";"Dupla";"Curva";"Rural";2;0;2;0;0;0;2;1
83470862;"05/06/16";"Domingo";"12:30:00";"MT";163;"77";"RONDONOPOLIS";"Outras";"Colisão com objeto fixo";"Com Vítimas Feridas";"Pleno dia";"Decrescente";"Ceu Claro";"Dupla";"Reta";"Rural";2;0;1;0;1;0;1;1
83470863;"05/06/16";"Domingo";"11:00:00";"RN";101;"75";"EXTREMOZ";"Outras";"Capotamento";"Com Vítimas Feridas";"Pleno dia";"Crescente";"Ceu Claro";"Simples";"Reta";"Rural";4;0;0;3;1;0;3;1
83470864;"01/06/16";"Quarta";"10:20:00";"SC";282;"219";"LAGES";"Não guardar distância de segurança";"Colisão traseira";"Sem Vítimas";"Pleno dia";"Decrescente";"Nevoeiro/neblina";"Simples";"Reta";"Urbano";2;0;0;0;2;0;0;2
83470865;"05/06/16";"Domingo";"13:30:00";"ES";101;"325";"GUARAPARI";"Falta de atenção";"Saída de Pista";"Com Vítimas Feridas";"Pleno dia";"Decrescente";"Ceu Claro";"Simples";"Reta";"Rural";3;0;2;0;1;0;2;2
83470866;"05/06/16";"Domingo";"14:30:00";"SC";470;"47,2";"GASPAR";"Falta de atenção";"Colisão Transversal";"Com Vítimas Feridas";"Pleno dia";"Decrescente";"Nublado";"Simples";"Reta";"Urbano";3;0;1;1;1;0;2;2
83470867;"01/06/16";"Quarta";"13:10:00";"MG";381;"501,3";"BETIM";"Outras";"Colisão com objeto fixo";"Sem Vítimas";"Pleno dia";"Crescente";"Chuva";"Dupla";"Curva";"Urbano";1;0;0;0;1;0;0;1
83470868;"01/06/16";"Quarta";"15:00:00";"MG";40;"816,7";"SIMAO PEREIRA";"Velocidade incompatível";"Colisão com objeto fixo";"Com Vítimas Feridas";"Pleno dia";"Decrescente";"Chuva";"Dupla";"Curva";"Rural";1;0;1;0;0;0;1;1
83470869;"05/06/16";"Domingo";"14:55:00";"BA";116;"675";"JEQUIE";"Ingestão de álcool";"Colisão frontal";"Com Vítimas Feridas";"Pleno dia";"Crescente";"Ceu Claro";"Dupla";"Curva";"Urbano";2;0;1;0;1;0;1;2
83470871;"05/06/16";"Domingo";"13:45:00";"MS";163;"521";"JARAGUARI";"Outras";"Saída de Pista";"Com Vítimas Feridas";"Pleno dia";"Crescente";"Chuva";"Simples";"Curva";"Rural";2;0;2;0;0;0;2;1
83470872;"01/06/16";"Quarta";"17:00:00";"MG";381;"654";"SANTO ANTONIO DO AMPARO";"Outras";"Saída de Pista";"Sem Vítimas";"Pleno dia";"Decrescente";"Chuva";"Dupla";"Curva";"Rural";1;0;0;0;1;0;0;1
83470873;"05/06/16";"Domingo";"15:30:00";"MT";70;"522";"VARZEA GRANDE";"Falta de atenção";"Colisão com objeto móvel";"Com Vítimas Feridas";"Pleno dia";"Decrescente";"Ceu Claro";"Simples";"Reta";"Urbano";2;0;1;1;0;0;2;1
83470874;"05/06/16";"Domingo";"13:00:00";"MG";365;"639";"UBERLANDIA";"Outras";"Colisão traseira";"Com Vítimas Feridas";"Pleno dia";"Decrescente";"Sol";"Dupla";"Reta";"Rural";6;0;1;3;2;0;4;2
83470875;"05/06/16";"Domingo";"10:50:00";"MS";267;"216";"NOVA ALVORADA DO SUL";"Defeito mecânico em veículo";"Incêndio";"Sem Vítimas";"Pleno dia";"Crescente";"Nublado";"Simples";"Reta";"Rural";1;0;0;0;1;0;0;1
83470877;"02/06/16";"Quinta";"04:50:00";"MG";381;"419";"IGARAPE";"Outras";"Colisão com objeto fixo";"Sem Vítimas";"Amanhecer";"Decrescente";"Chuva";"Dupla";"Curva";"Rural";2;0;0;0;2;0;0;2
83470878;"05/06/16";"Domingo";"15:50:00";"SP";116;"307,7";"SAO LOURENCO DA SERRA";"Velocidade incompatível";"Capotamento";"Com Vítimas Feridas";"Pleno dia";"Decrescente";"Chuva";"Dupla";"Curva";"Rural";2;0;1;0;1;0;1;1
83470880;"05/06/16";"Domingo";"09:30:00";"MA";135;"14,5";"SAO LUIS";"Falta de atenção";"Colisão lateral";"Sem Vítimas";"Pleno dia";"Decrescente";"Ceu Claro";"Dupla";"Reta";"Urbano";2;0;0;0;2;0;0;2
83470881;"05/06/16";"Domingo";"11:30:00";"MG";116;"373,9";"FREI INOCENCIO";"Dormindo";"Saída de Pista";"Sem Vítimas";"Pleno dia";"Crescente";"Sol";"Simples";"Reta";"Urbano";1;0;0;0;1;0;0;1
83470882;"05/06/16";"Domingo";"12:40:00";"SP";116;"558";"BARRA DO TURVO";"Velocidade incompatível";"Colisão traseira";"Com Vítimas Feridas";"Pleno dia";"Decrescente";"Chuva";"Dupla";"Curva";"Rural";3;0;1;0;2;0;1;2
83470883;"05/06/16";"Domingo";"12:45:00";"SC";101;"41";"JOINVILLE";"Outras";"Tombamento";"Com Vítimas Fatais";"Pleno dia";"Crescente";"Nublado";"Dupla";"Reta";"Urbano";2;1;1;0;0;0;1;1
83470884;"28/05/16";"Sábado";"08:30:00";"PE";104;"63,7";"CARUARU";"Falta de atenção";"Colisão lateral";"Sem Vítimas";"Pleno dia";"Crescente";"Ceu Claro";"Dupla";"Cruzamento";"Urbano";2;0;0;0;2;0;0;2
83470885;"05/05/16";"Quinta";"16:00:00";"RJ";393;"174,2";"TRES RIOS";"Falta de atenção";"Queda de motocicleta / bicicleta / veículo";"Com Vítimas Feridas";"Pleno dia";"Decrescente";"Ceu Claro";"Simples";"Reta";"Urbano";1;0;1;0;0;0;1;1
83470886;"04/06/16";"Sábado";"11:50:00";"RJ";356;"109";"CARDOSO MOREIRA";"Velocidade incompatível";"Colisão frontal";"Com Vítimas Feridas";"Pleno dia";"Crescente";"Sol";"Simples";"Reta";"Rural";3;0;1;0;2;0;1;2
83470887;"01/06/16";"Quarta";"14:20:00";"MG";381;"704,5";"LAVRAS";"Velocidade incompatível";"Colisão com objeto fixo";"Sem Vítimas";"Pleno dia";"Decrescente";"Chuva";"Dupla";"Curva";"Urbano";1;0;0;0;1;0;0;1
83470888;"05/06/16";"Domingo";"10:50:00";"RS";290;"192,6";"MINAS DO LEAO";"Dormindo";"Tombamento";"Com Vítimas Feridas";"Pleno dia";"Decrescente";"Nublado";"Simples";"Reta";"Rural";1;0;1;0;0;0;1;1
83470889;"02/06/16";"Quinta";"08:10:00";"MG";262;"581,9";"CAMPOS ALTOS";"Velocidade incompatível";"Colisão frontal";"Sem Vítimas";"Amanhecer";"Decrescente";"Chuva";"Simples";"Reta";"Rural";4;0;0;0;4;0;0;2
83470890;"05/06/16";"Domingo";"15:40:00";"GO";60;"136";"GOIANIA";"Defeito mecânico em veículo";"Incêndio";"Sem Vítimas";"Pleno dia";"Crescente";"Ceu Claro";"Dupla";"Reta";"Rural";1;0;0;0;1;0;0;1
83470891;"05/06/16";"Domingo";"16:30:00";"MG";356;"265,2";"MURIAE";"Falta de atenção";"Colisão traseira";"Sem Vítimas";"Pleno dia";"Decrescente";"Sol";"Simples";"Reta";"Urbano";2;0;0;0;2;0;0;2
83470892;"05/06/16";"Domingo";"08:50:00";"RS";158;"288,5";"JULIO DE CASTILHOS";"Outras";"Saída de Pista";"Com Vítimas Feridas";"Pleno dia";"Crescente";"Sol";"Simples";"Curva";"Rural";2;0;0;2;0;0;2;1
83470893;"05/06/16";"Domingo";"14:40:00";"RJ";101;"59";"CAMPOS DOS GOYTACAZES";"Falta de atenção";"Colisão lateral";"Sem Vítimas";"Pleno dia";"Decrescente";"Nublado";"Simples";"Reta";"Urbano";2;0;0;0;1;1;0;2
83470894;"01/06/16";"Quarta";"15:40:00";"MG";381;"717";"CARMO DA CACHOEIRA";"Velocidade incompatível";"Saída de Pista";"Sem Vítimas";"Pleno dia";"Decrescente";"Nublado";"Dupla";"Curva";"Rural";1;0;0;0;1;0;0;1
83470895;"03/06/16";"Sexta";"21:20:00";"BA";116;"327,6";"ARACI";"Outras";"Colisão lateral";"Com Vítimas Fatais";"Plena noite";"Decrescente";"Ceu Claro";"Simples";"Curva";"Rural";3;1;0;0;2;0;0;3
83470896;"05/06/16";"Domingo";"15:30:00";"SP";116;"133";"CACAPAVA";"Outras";"Colisão com objeto fixo";"Com Vítimas Feridas";"Pleno dia";"Decrescente";"Chuva";"Dupla";"Reta";"Urbano";2;0;1;0;1;0;1;1
83470897;"01/06/16";"Quarta";"16:45:00";"MG";381;"654";"SANTO ANTONIO DO AMPARO";"Velocidade incompatível";"Saída de Pista";"Sem Vítimas";"Pleno dia";"Decrescente";"Chuva";"Dupla";"Curva";"Rural";1;0;0;0;1;0;0;1
83470898;"05/06/16";"Domingo";"16:53:00";"PR";376;"305";"MAUA DA SERRA";"Velocidade incompatível";"Saída de Pista";"Com Vítimas Feridas";"Pleno dia";"Crescente";"Chuva";"Dupla";"Reta";"Rural";4;0;1;0;3;0;1;1
83470899;"05/06/16";"Domingo";"18:00:00";"ES";262;"4";"CARIACICA";"Falta de atenção";"Colisão lateral";"Com Vítimas Feridas";"Plena noite";"Crescente";"Ceu Claro";"Múltipla";"Reta";"Urbano";2;0;1;0;1;0;1;2
83470900;"01/06/16";"Quarta";"15:40:00";"MG";262;"369";"JUATUBA";"Outras";"Queda de motocicleta / bicicleta / veículo";"Com Vítimas Feridas";"Pleno dia";"Crescente";"Ceu Claro";"Dupla";"Curva";"Urbano";1;0;1;0;0;0;1;1
83470901;"01/06/16";"Quarta";"18:40:00";"SP";101;"49,9";"UBATUBA";"Falta de atenção";"Colisão traseira";"Sem Vítimas";"Plena noite";"Decrescente";"Nublado";"Simples";"Reta";"Urbano";2;0;0;0;1;1;0;2
83470902;"05/06/16";"Domingo";"15:00:00";"SP";116;"566";"BARRA DO TURVO";"Velocidade incompatível";"Capotamento";"Sem Vítimas";"Pleno dia";"Crescente";"Chuva";"Simples";"Curva";"Rural";1;0;0;0;1;0;0;1
83470903;"05/06/16";"Domingo";"12:20:00";"ES";262;"77";"DOMINGOS MARTINS";"Velocidade incompatível";"Tombamento";"Com Vítimas Feridas";"Pleno dia";"Decrescente";"Nublado";"Simples";"Curva";"Rural";1;0;0;1;0;0;1;1
83470904;"05/06/16";"Domingo";"18:15:00";"PR";277;"725,5";"FOZ DO IGUACU";"Falta de atenção";"Colisão Transversal";"Com Vítimas Feridas";"Anoitecer";"Decrescente";"Nublado";"Dupla";"Cruzamento";"Urbano";3;0;1;1;1;0;2;2
83470905;"04/06/16";"Sábado";"20:15:00";"RJ";101;"34";"CAMPOS DOS GOYTACAZES";"Velocidade incompatível";"Saída de Pista";"Sem Vítimas";"Plena noite";"Decrescente";"Ceu Claro";"Simples";"Reta";"Rural";1;0;0;0;1;0;0;1
83470906;"05/06/16";"Domingo";"12:00:00";"PR";376;"667";"GUARATUBA";"Falta de atenção";"Saída de Pista";"Com Vítimas Feridas";"Pleno dia";"Decrescente";"Nevoeiro/neblina";"Dupla";"Curva";"Rural";1;0;1;0;0;0;1;1
83470907;"05/06/16";"Domingo";"14:00:00";"MG";381;"705,3";"LAVRAS";"Velocidade incompatível";"Queda de motocicleta / bicicleta / veículo";"Com Vítimas Feridas";"Pleno dia";"Decrescente";"Ceu Claro";"Dupla";"Curva";"Rural";1;0;1;0;0;0;1;1
83470908;"05/06/16";"Domingo";"12:00:00";"MT";70;"308,5";"DOM AQUINO";"Outras";"Saída de Pista";"Com Vítimas Feridas";"Pleno dia";"Decrescente";"Sol";"Simples";"Reta";"Rural";1;0;0;1;0;0;1;1
83470909;"05/06/16";"Domingo";"07:50:00";"PB";361;"62";"OLHO DAGUA";"Ingestão de álcool";"Colisão frontal";"Com Vítimas Feridas";"Pleno dia";"Crescente";"Sol";"Simples";"Reta";"Rural";2;0;1;1;0;0;2;2
83470910;"05/06/16";"Domingo";"15:15:00";"PR";369;"185,4";"ARAPONGAS";"Ultrapassagem indevida";"Colisão lateral";"Com Vítimas Feridas";"Pleno dia";"Crescente";"Chuva";"Simples";"Reta";"Urbano";2;0;1;0;1;0;1;2
83470911;"05/06/16";"Domingo";"17:50:00";"SC";101;"193";"BIGUACU";"Ingestão de álcool";"Colisão traseira";"Com Vítimas Feridas";"Anoitecer";"Crescente";"Chuva";"Dupla";"Reta";"Urbano";2;0;0;1;1;0;1;2
83470913;"05/06/16";"Domingo";"19:00:00";"PR";277;"723,1";"FOZ DO IGUACU";"Não guardar distância de segurança";"Colisão traseira";"Com Vítimas Feridas";"Plena noite";"Crescente";"Ceu Claro";"Dupla";"Reta";"Urbano";6;0;1;0;5;0;1;4
83470914;"03/06/16";"Sexta";"13:00:00";"GO";60;"96,9";"ANAPOLIS";"Não guardar distância de segurança";"Colisão traseira";"Sem Vítimas";"Pleno dia";"Crescente";"Ceu Claro";"Dupla";"Reta";"Urbano";2;0;0;0;2;0;0;2
83470915;"05/06/16";"Domingo";"17:30:00";"SC";101;"280,9";"IMBITUBA";"Defeito mecânico em veículo";"Capotamento";"Sem Vítimas";"Anoitecer";"Crescente";"Nublado";"Dupla";"Reta";"Rural";1;0;0;0;1;0;0;1
83470916;"05/06/16";"Domingo";"19:00:00";"RN";101;"77";"NATAL";"Ingestão de álcool";"Colisão traseira";"Com Vítimas Feridas";"Plena noite";"Decrescente";"Ceu Claro";"Dupla";"Reta";"Urbano";3;0;2;0;1;0;2;2
83470917;"05/06/16";"Domingo";"11:50:00";"RJ";116;"172,4";"BELFORD ROXO";"Outras";"Atropelamento de pessoa";"Com Vítimas Feridas";"Pleno dia";"Crescente";"Nublado";"Dupla";"Reta";"Urbano";2;0;0;1;1;0;1;1
83470918;"05/06/16";"Domingo";"15:30:00";"RJ";116;"106";"GUAPIMIRIM";"Outras";"Colisão frontal";"Com Vítimas Fatais";"Pleno dia";"Crescente";"Nublado";"Simples";"Reta";"Urbano";2;1;0;0;1;0;0;2
83470919;"05/06/16";"Domingo";"18:40:00";"PR";376;"189";"MARIALVA";"Não guardar distância de segurança";"Colisão traseira";"Sem Vítimas";"Plena noite";"Decrescente";"Chuva";"Dupla";"Reta";"Rural";2;0;0;0;2;0;0;2
83470920;"05/06/16";"Domingo";"17:20:00";"RJ";101;"119";"CAMPOS DOS GOYTACAZES";"Falta de atenção";"Queda de motocicleta / bicicleta / veículo";"Com Vítimas Feridas";"Anoitecer";"Crescente";"Nublado";"Simples";"Reta";"Rural";1;0;1;0;0;0;1;1
83470921;"05/06/16";"Domingo";"15:45:00";"MS";163;"645";"SAO GABRIEL DO OESTE";"Ingestão de álcool";"Saída de Pista";"Com Vítimas Feridas";"Pleno dia";"Decrescente";"Nublado";"Dupla";"Reta";"Rural";1;0;1;0;0;0;1;1
83470922;"05/06/16";"Domingo";"17:15:00";"RN";101;"126,8";"SAO JOSE DE MIPIBU";"Outras";"Saída de Pista";"Com Vítimas Feridas";"Anoitecer";"Decrescente";"Nublado";"Dupla";"Reta";"Rural";2;0;1;0;0;1;1;2
83470923;"05/06/16";"Domingo";"17:05:00";"RS";392;"33,6";"RIO GRANDE";"Ultrapassagem indevida";"Saída de Pista";"Sem Vítimas";"Anoitecer";"Decrescente";"Ceu Claro";"Dupla";"Reta";"Rural";3;0;0;0;3;0;0;1
83470924;"05/06/16";"Domingo";"19:20:00";"SC";101;"150,2";"ITAPEMA";"Falta de atenção";"Tombamento";"Com Vítimas Feridas";"Plena noite";"Decrescente";"Chuva";"Dupla";"Reta";"Urbano";1;0;1;0;0;0;1;1
83470925;"05/06/16";"Domingo";"14:45:00";"SC";101;"6,1";"GARUVA";"Velocidade incompatível";"Colisão com objeto fixo";"Sem Vítimas";"Pleno dia";"Crescente";"Chuva";"Múltipla";"Curva";"Rural";2;0;0;0;2;0;0;1
83470926;"05/06/16";"Domingo";"18:50:00";"RS";386;"417";"MONTENEGRO";"Defeito na via";"Saída de Pista";"Com Vítimas Feridas";"Plena noite";"Decrescente";"Nublado";"Dupla";"Reta";"Rural";2;0;0;2;0;0;2;1
83470927;"05/06/16";"Domingo";"18:00:00";"MT";158;"529,5";"CANARANA";"Outras";"Capotamento";"Ignorado";"Pleno dia";"Crescente";"Sol";"Simples";"Curva";"Rural";1;0;0;0;0;1;0;1
83470928;"05/06/16";"Domingo";"19:15:00";"PE";101;"46";"IGARASSU";"Outras";"Colisão lateral";"Sem Vítimas";"Plena noite";"Crescente";"Ceu Claro";"Múltipla";"Reta";"Urbano";2;0;0;0;1;1;0;2
83470929;"05/06/16";"Domingo";"06:40:00";"SP";116;"211";"GUARULHOS";"Outras";"Colisão com objeto fixo";"Com Vítimas Feridas";"Amanhecer";"Crescente";"Chuva";"Múltipla";"Reta";"Urbano";1;0;1;0;0;0;1;1
83470930;"03/06/16";"Sexta";"21:30:00";"MG";251;"238";"SANTA CRUZ DE SALINAS";"Animais na Pista";"Atropelamento de animal";"Com Vítimas Feridas";"Plena noite";"Crescente";"Ignorada";"Simples";"Reta";"Rural";1;0;1;0;0;0;1;1
83470931;"05/06/16";"Domingo";"17:00:00";"MG";267;"83";"JUIZ DE FORA";"Falta de atenção";"Colisão traseira";"Sem Vítimas";"Anoitecer";"Decrescente";"Ceu Claro";"Simples";"Reta";"Rural";2;0;0;0;2;0;0;2
83470932;"05/06/16";"Domingo";"12:30:00";"RJ";116;"180";"NOVA IGUACU";"Outras";"Colisão traseira";"Com Vítimas Feridas";"Pleno dia";"Crescente";"Nublado";"Dupla";"Reta";"Urbano";2;0;1;0;1;0;1;2
83470933;"05/06/16";"Domingo";"19:35:00";"SC";153;"92,4";"CONCORDIA";"Ingestão de álcool";"Colisão frontal";"Com Vítimas Feridas";"Plena noite";"Decrescente";"Ceu Claro";"Simples";"Curva";"Rural";3;0;0;2;1;0;2;2
83470934;"05/06/16";"Domingo";"08:00:00";"GO";60;"49,4";"ABADIANIA";"Outras";"Saída de Pista";"Com Vítimas Feridas";"Pleno dia";"Crescente";"Ceu Claro";"Dupla";"Curva";"Rural";1;0;0;1;0;0;1;1
83470935;"05/06/16";"Domingo";"16:00:00";"SP";381;"54,1";"MAIRIPORA";"Outras";"Tombamento";"Sem Vítimas";"Pleno dia";"Decrescente";"Chuva";"Dupla";"Curva";"Rural";1;0;0;0;1;0;0;1
83470936;"03/06/16";"Sexta";"15:40:00";"MG";40;"649,5";"CRISTIANO OTONI";"Falta de atenção";"Colisão Transversal";"Sem Vítimas";"Pleno dia";"Decrescente";"Ceu Claro";"Simples";"Reta";"Urbano";2;0;0;0;2;0;0;2
83470937;"01/06/16";"Quarta";"05:00:00";"RJ";40;"39,9";"AREAL";"Falta de atenção";"Colisão traseira";"Com Vítimas Fatais";"Plena noite";"Crescente";"Nublado";"Dupla";"Reta";"Rural";3;1;1;0;1;0;1;2
83470938;"05/06/16";"Domingo";"10:10:00";"MG";40;"818,3";"SIMAO PEREIRA";"Outras";"Colisão com objeto fixo";"Com Vítimas Feridas";"Pleno dia";"Decrescente";"Ceu Claro";"Dupla";"Reta";"Rural";1;0;1;0;0;0;1;1
83470939;"04/06/16";"Sábado";"23:35:00";"RJ";356;"82,6";"ITALVA";"Falta de atenção";"Colisão Transversal";"Com Vítimas Feridas";"Plena noite";"Decrescente";"Nublado";"Simples";"Cruzamento";"Rural";2;0;1;0;1;0;1;2
83470940;"05/06/16";"Domingo";"14:00:00";"RJ";40;"62";"PETROPOLIS";"Ingestão de álcool";"Colisão com objeto fixo";"Com Vítimas Feridas";"Pleno dia";"Crescente";"Ceu Claro";"Dupla";"Reta";"Rural";4;0;3;1;0;0;4;1
83470941;"05/06/16";"Domingo";"19:00:00";"PR";376;"621";"SAO JOSE DOS PINHAIS";"Falta de atenção";"Colisão traseira";"Sem Vítimas";"Plena noite";"Crescente";"Chuva";"Dupla";"Reta";"Rural";2;0;0;0;2;0;0;2
83470942;"30/05/16";"Segunda";"15:35:00";"CE";116;"7";"FORTALEZA";"Falta de atenção";"Colisão traseira";"Com Vítimas Feridas";"Pleno dia";"Crescente";"Ceu Claro";"Simples";"Curva";"Urbano";2;0;1;0;1;0;1;2
83470943;"05/06/16";"Domingo";"15:00:00";"MG";40;"783";"JUIZ DE FORA";"Velocidade incompatível";"Saída de Pista";"Sem Vítimas";"Pleno dia";"Decrescente";"Ceu Claro";"Dupla";"Curva";"Rural";1;0;0;0;1;0;0;1
83470944;"05/06/16";"Domingo";"18:30:00";"MS";267;"4";"BATAGUASSU";"Ingestão de álcool";"Colisão traseira";"Sem Vítimas";"Plena noite";"Crescente";"Nublado";"Simples";"Reta";"Rural";3;0;0;0;3;0;0;3
83470945;"05/06/16";"Domingo";"18:43:00";"MT";163;"933";"ITAUBA";"Outras";"Capotamento";"Sem Vítimas";"Amanhecer";"Crescente";"Ceu Claro";"Simples";"Reta";"Urbano";1;0;0;0;1;0;0;1
83470946;"05/06/16";"Domingo";"14:50:00";"BA";116;"827";"VITORIA DA CONQUISTA";"Ingestão de álcool";"Colisão Transversal";"Com Vítimas Feridas";"Pleno dia";"Crescente";"Ceu Claro";"Simples";"Reta";"Urbano";2;0;0;1;1;0;1;2
83470947;"02/06/16";"Quinta";"08:00:00";"MG";381;"700,4";"LAVRAS";"Outras";"Saída de Pista";"Sem Vítimas";"Pleno dia";"Decrescente";"Chuva";"Dupla";"Curva";"Rural";1;0;0;0;1;0;0;1
83470948;"05/06/16";"Domingo";"11:00:00";"BA";116;"620";"IRAJUBA";"Outras";"Capotamento";"Ignorado";"Pleno dia";"Decrescente";"Ceu Claro";"Simples";"Reta";"Rural";1;0;0;0;0;1;0;1
83470949;"02/06/16";"Quinta";"10:30:00";"MT";163;"1105";"GUARANTA DO NORTE";"Defeito mecânico em veículo";"Saída de Pista";"Com Vítimas Feridas";"Pleno dia";"Decrescente";"Nublado";"Simples";"Curva";"Rural";1;0;1;0;0;0;1;1
83470950;"03/06/16";"Sexta";"18:55:00";"MG";40;"697";"BARBACENA";"Desobediência à sinalização";"Colisão lateral";"Com Vítimas Feridas";"Plena noite";"Crescente";"Chuva";"Dupla";"Reta";"Rural";2;0;1;0;0;1;1;2
83470951;"03/06/16";"Sexta";"06:00:00";"PA";316;"13";"MARITUBA";"Outras";"Atropelamento de animal";"Com Vítimas Feridas";"Amanhecer";"Crescente";"Ceu Claro";"Dupla";"Reta";"Rural";2;0;2;0;0;0;2;2