"id";"data_inversa";"dia_semana";"horario";"uf";"br";"km";"municipio";"causa_acidente";"tipo_acidente";"classificacao_acidente";"fase_dia";"sentido_via";"condicao_metereologica";"tipo_pista";"tracado_via";"uso_solo";"pessoas";"mortos";"feridos_leves";"feridos_graves";"ilesos";"ignorados";"feridos";"veiculos"
83470952;"05/06/16";"Domingo";"16:45:00";"MS";267;"293,7";"RIO BRILHANTE";"Defeito mecânico em veículo";"Queda de motocicleta / bicicleta / veículo";"Com Vítimas Feridas";"Pleno dia";"Crescente";"Chuva";"Simples";"Reta";"Rural";1;0;1;0;0;0;1;1
83470953;"05/06/16";"Domingo";"13:30:00";"MG";40;"701,6";"BARBACENA";"Desobediência à sinalização";"Colisão lateral";"Sem Vítimas";"Pleno dia";"Crescente";"Ceu Claro";"Múltipla";"Cruzamento";"Urbano";2;0;0;0;1;1;0;2
83470954;"05/06/16";"Domingo";"19:00:00";"SC";116;"59,8";"PAPANDUVA";"Desobediência à sinalização";"Colisão Transversal";"Com Vítimas Feridas";"Plena noite";"Decrescente";"Chuva";"Simples";"Cruzamento";"Rural";4;0;2;1;1;0;3;2
83470955;"01/06/16";"Quarta";"08:10:00";"SC";101;"216,5";"PALHOCA";"Falta de atenção";"Colisão traseira";"Com Vítimas Feridas";"Pleno dia";"Decrescente";"Ceu Claro";"Dupla";"Reta";"Urbano";2;0;0;1;1;0;1;2
83470956;"02/06/16";"Quinta";"04:00:00";"SC";280;"74,1";"JARAGUA DO SUL";"Ingestão de álcool";"Colisão Transversal";"Com Vítimas Feridas";"Plena noite";"Decrescente";"Ignorada";"Simples";"Reta";"Urbano";2;0;0;1;1;0;1;2
83470957;"05/06/16";"Domingo";"19:17:00";"MG";381;"484";"BETIM";"Não guardar distância de segurança";"Danos Eventuais";"Com Vítimas Feridas";"Plena noite";"Crescente";"Ceu Claro";"Dupla";"Reta";"Urbano";1;0;1;0;0;0;1;1
83470958;"05/06/16";"Domingo";"20:05:00";"SC";101;"258";"PAULO LOPES";"Outras";"Colisão lateral";"Sem Vítimas";"Plena noite";"Decrescente";"Ceu Claro";"Dupla";"Reta";"Rural";2;0;0;0;2;0;0;2
83470959;"05/06/16";"Domingo";"19:54:00";"RR";174;"503";"BOA VISTA";"Desobediência à sinalização";"Colisão Transversal";"Com Vítimas Feridas";"Plena noite";"Decrescente";"Ignorada";"Dupla";"Cruzamento";"Urbano";4;0;1;1;0;2;2;2
83470960;"05/06/16";"Domingo";"20:10:00";"PE";101;"92";"CABO DE SANTO AGOSTINHO";"Outras";"Atropelamento de pessoa";"Com Vítimas Feridas";"Plena noite";"Crescente";"Nublado";"Dupla";"Reta";"Urbano";2;0;1;1;0;0;2;1
83470961;"05/06/16";"Domingo";"12:00:00";"GO";60;"97";"ANAPOLIS";"Não guardar distância de segurança";"Colisão traseira";"Sem Vítimas";"Pleno dia";"Decrescente";"Ceu Claro";"Dupla";"Reta";"Urbano";2;0;0;0;2;0;0;2
83470962;"05/06/16";"Domingo";"19:10:00";"PI";343;"564";"AMARANTE";"Animais na Pista";"Atropelamento de animal";"Com Vítimas Feridas";"Plena noite";"Crescente";"Ceu Claro";"Simples";"Curva";"Rural";2;0;0;1;0;1;1;1
83470963;"05/06/16";"Domingo";"07:30:00";"SP";116;"215";"GUARULHOS";"Velocidade incompatível";"Colisão com objeto fixo";"Sem Vítimas";"Pleno dia";"Crescente";"Chuva";"Múltipla";"Reta";"Urbano";1;0;0;0;1;0;0;1
83470964;"05/06/16";"Domingo";"19:10:00";"PR";369;"172";"ROLANDIA";"Desobediência à sinalização";"Colisão Transversal";"Com Vítimas Feridas";"Plena noite";"Crescente";"Nublado";"Simples";"Cruzamento";"Urbano";6;0;2;0;3;1;2;3
83470965;"05/06/16";"Domingo";"14:50:00";"TO";153;"160,5";"ARAGUAINA";"Velocidade incompatível";"Saída de Pista";"Sem Vítimas";"Pleno dia";"Crescente";"Chuva";"Simples";"Reta";"Rural";1;0;0;0;1;0;0;1
83470966;"05/06/16";"Domingo";"17:00:00";"RS";116;"144,9";"CAXIAS DO SUL";"Outras";"Colisão lateral";"Sem Vítimas";"Pleno dia";"Crescente";"Ceu Claro";"Dupla";"Reta";"Urbano";2;0;0;0;2;0;0;2
83470967;"05/06/16";"Domingo";"17:05:00";"SC";101;"35,5";"JOINVILLE";"Falta de atenção";"Colisão traseira";"Com Vítimas Feridas";"Anoitecer";"Crescente";"Nublado";"Dupla";"Reta";"Urbano";2;0;0;1;1;0;1;2
83470968;"05/06/16";"Domingo";"13:30:00";"MG";40;"268,3";"SAO GONCALO DO ABAETE";"Velocidade incompatível";"Colisão frontal";"Com Vítimas Fatais";"Pleno dia";"Crescente";"Ceu Claro";"Simples";"Curva";"Rural";2;1;1;0;0;0;1;2
83470969;"05/06/16";"Domingo";"21:00:00";"SC";101;"6,1";"GARUVA";"Falta de atenção";"Atropelamento de pessoa";"Com Vítimas Fatais";"Pleno dia";"Crescente";"Chuva";"Múltipla";"Reta";"Urbano";2;1;0;0;1;0;0;1
83470970;"05/06/16";"Domingo";"19:10:00";"PR";376;"179";"MARINGA";"Velocidade incompatível";"Colisão com objeto fixo";"Ignorado";"Plena noite";"Crescente";"Chuva";"Dupla";"Reta";"Urbano";1;0;0;0;0;1;0;1
83470971;"01/02/16";"Segunda";"02:45:00";"RJ";116;"280,9";"BARRA MANSA";"Defeito na via";"Colisão com objeto fixo";"Sem Vítimas";"Plena noite";"Crescente";"Chuva";"Dupla";"Curva";"Rural";1;0;0;0;1;0;0;1
83470972;"05/06/16";"Domingo";"20:40:00";"PE";104;"73";"CARUARU";"Velocidade incompatível";"Tombamento";"Com Vítimas Feridas";"Plena noite";"Decrescente";"Ceu Claro";"Simples";"Reta";"Rural";1;0;0;1;0;0;1;1
83470973;"05/06/16";"Domingo";"21:30:00";"PR";277;"720,1";"FOZ DO IGUACU";"Desobediência à sinalização";"Colisão frontal";"Com Vítimas Feridas";"Plena noite";"Crescente";"Ceu Claro";"Dupla";"Reta";"Urbano";2;0;0;1;1;0;1;2
83470974;"05/06/16";"Domingo";"19:30:00";"MA";10;"214";"RIBAMAR FIQUENE";"Outras";"Saída de Pista";"Com Vítimas Feridas";"Plena noite";"Crescente";"Ceu Claro";"Simples";"Reta";"Rural";2;0;2;0;0;0;2;1
83470975;"05/06/16";"Domingo";"20:45:00";"BA";324;"619";"SALVADOR";"Ingestão de álcool";"Colisão lateral";"Sem Vítimas";"Plena noite";"Decrescente";"Nublado";"Múltipla";"Reta";"Urbano";2;0;0;0;1;1;0;2
83470976;"05/06/16";"Domingo";"18:30:00";"PR";277;"70";"SAO JOSE DOS PINHAIS";"Falta de atenção";"Colisão traseira";"Com Vítimas Feridas";"Plena noite";"Decrescente";"Chuva";"Dupla";"Reta";"Urbano";3;0;2;0;1;0;2;2
83470977;"05/06/16";"Domingo";"18:50:00";"MA";230;"395";"BALSAS";"Falta de atenção";"Saída de Pista";"Com Vítimas Feridas";"Anoitecer";"Crescente";"Ceu Claro";"Simples";"Reta";"Rural";4;0;3;0;0;1;3;2
83470978;"05/06/16";"Domingo";"19:05:00";"PR";369;"133,4";"IBIPORA";"Ingestão de álcool";"Atropelamento de pessoa";"Com Vítimas Feridas";"Plena noite";"Decrescente";"Chuva";"Simples";"Reta";"Rural";2;0;2;0;0;0;2;1
83470979;"04/06/16";"Sábado";"17:00:00";"SP";116;"185,8";"SANTA ISABEL";"Outras";"Saída de Pista";"Com Vítimas Feridas";"Pleno dia";"Decrescente";"Chuva";"Dupla";"Reta";"Rural";1;0;1;0;0;0;1;1
83470980;"05/06/16";"Domingo";"21:00:00";"BA";330;"786";"IPIAU";"Animais na Pista";"Atropelamento de animal";"Com Vítimas Feridas";"Plena noite";"Decrescente";"Ceu Claro";"Simples";"Reta";"Rural";2;0;1;1;0;0;2;1
83470981;"05/06/16";"Domingo";"22:30:00";"GO";153;"528";"HIDROLANDIA";"Defeito mecânico em veículo";"Saída de Pista";"Com Vítimas Feridas";"Plena noite";"Crescente";"Ceu Claro";"Dupla";"Curva";"Rural";1;0;1;0;0;0;1;1
83470982;"05/06/16";"Domingo";"23:00:00";"PR";277;"126";"BALSA NOVA";"Defeito mecânico em veículo";"Incêndio";"Sem Vítimas";"Plena noite";"Crescente";"Nublado";"Simples";"Reta";"Rural";1;0;0;0;1;0;0;1
83470983;"05/06/16";"Domingo";"21:45:00";"SC";116;"228,3";"CORREIA PINTO";"Falta de atenção";"Colisão lateral";"Com Vítimas Feridas";"Plena noite";"Crescente";"Nublado";"Simples";"Reta";"Urbano";2;0;1;0;0;1;1;2
83470984;"05/06/16";"Domingo";"23:00:00";"RJ";40;"105";"DUQUE DE CAXIAS";"Dormindo";"Colisão traseira";"Com Vítimas Feridas";"Plena noite";"Crescente";"Ceu Claro";"Múltipla";"Reta";"Urbano";3;0;2;0;1;0;2;2
83470985;"05/06/16";"Domingo";"21:45:00";"MG";40;"586";"ITABIRITO";"Não guardar distância de segurança";"Colisão traseira";"Com Vítimas Feridas";"Plena noite";"Crescente";"Ceu Claro";"Simples";"Reta";"Rural";3;0;1;0;1;1;1;2
83470986;"05/06/16";"Domingo";"20:10:00";"SC";282;"520,1";"XAXIM";"Falta de atenção";"Saída de Pista";"Com Vítimas Feridas";"Plena noite";"Decrescente";"Nevoeiro/neblina";"Simples";"Reta";"Urbano";2;0;2;0;0;0;2;1
83470987;"05/06/16";"Domingo";"19:10:00";"BA";110;"8";"PAULO AFONSO";"Animais na Pista";"Saída de Pista";"Sem Vítimas";"Plena noite";"Decrescente";"Ceu Claro";"Simples";"Reta";"Rural";3;0;0;0;3;0;0;1
83470988;"05/06/16";"Domingo";"19:50:00";"PR";376;"490";"PONTA GROSSA";"Ingestão de álcool";"Saída de Pista";"Sem Vítimas";"Plena noite";"Crescente";"Chuva";"Dupla";"Reta";"Urbano";1;0;0;0;1;0;0;1
83470989;"05/06/16";"Domingo";"18:30:00";"SC";116;"29";"MAFRA";"Ultrapassagem indevida";"Colisão lateral";"Com Vítimas Feridas";"Plena noite";"Decrescente";"Chuva";"Simples";"Reta";"Rural";2;0;1;0;1;0;1;2
83470991;"05/06/16";"Domingo";"19:30:00";"PE";423;"59,1";"LAJEDO";"Falta de atenção";"Colisão frontal";"Com Vítimas Fatais";"Plena noite";"Decrescente";"Nublado";"Simples";"Reta";"Urbano";2;1;0;0;1;0;0;2
83470992;"05/06/16";"Domingo";"21:30:00";"PA";316;"13";"MARITUBA";"Falta de atenção";"Colisão lateral";"Com Vítimas Feridas";"Plena noite";"Crescente";"Ceu Claro";"Dupla";"Reta";"Urbano";2;0;0;1;1;0;1;2
83470993;"05/06/16";"Domingo";"07:50:00";"PA";316;"0,8";"BELEM";"Falta de atenção";"Colisão traseira";"Com Vítimas Feridas";"Pleno dia";"Crescente";"Ceu Claro";"Dupla";"Reta";"Urbano";2;0;1;0;1;0;1;2
83470994;"05/06/16";"Domingo";"15:15:00";"AM";174;"884";"MANAUS";"Ultrapassagem indevida";"Colisão frontal";"Com Vítimas Feridas";"Pleno dia";"Decrescente";"Ceu Claro";"Simples";"Reta";"Rural";6;0;0;5;1;0;5;2
83470996;"05/06/16";"Domingo";"23:50:00";"SP";116;"269";"TABOAO DA SERRA";"Desobediência à sinalização";"Colisão Transversal";"Com Vítimas Feridas";"Plena noite";"Decrescente";"Chuva";"Dupla";"Reta";"Urbano";2;0;0;1;1;0;1;2
83470997;"02/06/16";"Quinta";"22:05:00";"GO";40;"3,2";"VALPARAISO DE GOIAS";"Falta de atenção";"Colisão traseira";"Com Vítimas Feridas";"Plena noite";"Crescente";"Ceu Claro";"Dupla";"Reta";"Urbano";4;0;2;0;2;0;2;2
83470998;"05/06/16";"Domingo";"21:55:00";"MT";364;"209,6";"RONDONOPOLIS";"Velocidade incompatível";"Colisão com objeto fixo";"Com Vítimas Feridas";"Plena noite";"Crescente";"Ceu Claro";"Dupla";"Curva";"Urbano";2;0;0;2;0;0;2;1
83470999;"03/06/16";"Sexta";"21:40:00";"CE";116;"470";"MILAGRES";"Falta de atenção";"Colisão com bicicleta";"Com Vítimas Fatais";"Plena noite";"Decrescente";"Ceu Claro";"Simples";"Reta";"Rural";2;1;0;0;1;0;0;2
83471000;"06/06/16";"Segunda";"00:50:00";"PR";116;"126";"FAZENDA RIO GRANDE";"Velocidade incompatível";"Colisão com objeto fixo";"Ignorado";"Plena noite";"Crescente";"Chuva";"Dupla";"Reta";"Urbano";1;0;0;0;0;1;0;1
83471001;"05/06/16";"Domingo";"16:00:00";"MS";262;"324";"CAMPO GRANDE";"Desobediência à sinalização";"Colisão frontal";"Com Vítimas Feridas";"Pleno dia";"Crescente";"Nublado";"Simples";"Reta";"Urbano";2;0;1;0;0;1;1;2
83471002;"05/06/16";"Domingo";"12:00:00";"TO";153;"140,1";"ARAGUAINA";"Desobediência à sinalização";"Colisão Transversal";"Sem Vítimas";"Pleno dia";"Crescente";"Ceu Claro";"Simples";"Reta";"Urbano";3;0;0;0;3;0;0;2
83471003;"05/06/16";"Domingo";"21:30:00";"GO";60;"366";"RIO VERDE";"Outras";"Queda de motocicleta / bicicleta / veículo";"Com Vítimas Feridas";"Plena noite";"Crescente";"Ceu Claro";"Dupla";"Reta";"Rural";1;0;1;0;0;0;1;1
83471004;"05/06/16";"Domingo";"20:10:00";"MS";267;"34,8";"BATAGUASSU";"Velocidade incompatível";"Tombamento";"Sem Vítimas";"Plena noite";"Crescente";"Ceu Claro";"Dupla";"Curva";"Urbano";1;0;0;0;1;0;0;1
83471005;"05/06/16";"Domingo";"19:40:00";"ES";101;"210,4";"IBIRACU";"Falta de atenção";"Colisão frontal";"Com Vítimas Fatais";"Plena noite";"Crescente";"Ceu Claro";"Simples";"Reta";"Rural";4;1;2;0;1;0;2;2
83471006;"06/06/16";"Segunda";"01:00:00";"SP";116;"157";"SAO JOSE DOS CAMPOS";"Outras";"Colisão com objeto fixo";"Sem Vítimas";"Plena noite";"Decrescente";"Chuva";"Dupla";"Reta";"Rural";1;0;0;0;1;0;0;1
83471007;"05/06/16";"Domingo";"23:10:00";"SE";101;"147,5";"ESTANCIA";"Dormindo";"Tombamento";"Sem Vítimas";"Plena noite";"Crescente";"Ceu Claro";"Dupla";"Curva";"Urbano";1;0;0;0;1;0;0;1
83471008;"05/06/16";"Domingo";"20:45:00";"CE";116;"454,1";"BARRO";"Ingestão de álcool";"Colisão frontal";"Com Vítimas Feridas";"Plena noite";"Decrescente";"Ceu Claro";"Simples";"Reta";"Rural";2;0;0;1;1;0;1;2
83471009;"06/06/16";"Segunda";"00:15:00";"GO";153;"685";"ITUMBIARA";"Falta de atenção";"Colisão com objeto fixo";"Sem Vítimas";"Plena noite";"Crescente";"Ceu Claro";"Múltipla";"Reta";"Rural";1;0;0;0;1;0;0;1
83471010;"05/06/16";"Domingo";"08:30:00";"MT";364;"403";"CUIABA";"Ingestão de álcool";"Queda de motocicleta / bicicleta / veículo";"Com Vítimas Feridas";"Pleno dia";"Crescente";"Ceu Claro";"Múltipla";"Reta";"Urbano";1;0;1;0;0;0;1;1
83471011;"02/06/16";"Quinta";"15:00:00";"CE";222;"1";"FORTALEZA";"Não guardar distância de segurança";"Colisão traseira";"Sem Vítimas";"Pleno dia";"Crescente";"Sol";"Múltipla";"Reta";"Urbano";2;0;0;0;2;0;0;2
83471012;"06/06/16";"Segunda";"02:02:00";"SP";116;"33";"CRUZEIRO";"Outras";"Colisão com objeto fixo";"Sem Vítimas";"Plena noite";"Crescente";"Nublado";"Dupla";"Curva";"Urbano";4;0;0;0;4;0;0;1
83471013;"06/06/16";"Segunda";"03:10:00";"PE";104;"54,8";"CARUARU";"Outras";"Colisão com objeto fixo";"Com Vítimas Feridas";"Plena noite";"Crescente";"Chuva";"Dupla";"Reta";"Rural";1;0;0;1;0;0;1;1
83471014;"06/06/16";"Segunda";"03:05:00";"MG";381;"784";"CAMPANHA";"Dormindo";"Tombamento";"Com Vítimas Feridas";"Plena noite";"Crescente";"Nublado";"Dupla";"Reta";"Rural";1;0;1;0;0;0;1;1
83471015;"06/06/16";"Segunda";"01:00:00";"SP";116;"435,4";"REGISTRO";"Dormindo";"Saída de Pista";"Sem Vítimas";"Plena noite";"Decrescente";"Chuva";"Dupla";"Reta";"Rural";1;0;0;0;1;0;0;1
83471016;"06/06/16";"Segunda";"03:25:00";"RS";386;"27,3";"FREDERICO WESTPHALEN";"Desobediência à sinalização";"Colisão frontal";"Com Vítimas Feridas";"Plena noite";"Crescente";"Nevoeiro/neblina";"Simples";"Reta";"Urbano";4;0;2;1;1;0;3;2
83471017;"05/06/16";"Domingo";"15:30:00";"RO";364;"423";"JARU";"Não guardar distância de segurança";"Colisão traseira";"Com Vítimas Feridas";"Pleno dia";"Decrescente";"Sol";"Simples";"Reta";"Urbano";2;0;1;0;0;1;1;2
83471018;"05/06/16";"Domingo";"12:30:00";"TO";153;"600,8";"CRIXAS DO TOCANTINS";"Ingestão de álcool";"Colisão lateral";"Com Vítimas Feridas";"Pleno dia";"Decrescente";"Ceu Claro";"Simples";"Reta";"Rural";9;0;0;2;7;0;2;2
83471019;"06/06/16";"Segunda";"02:10:00";"PR";373;"465,5";"CHOPINZINHO";"Falta de atenção";"Colisão frontal";"Sem Vítimas";"Plena noite";"Crescente";"Nevoeiro/neblina";"Simples";"Reta";"Rural";5;0;0;0;5;0;0;2
83471020;"05/06/16";"Domingo";"18:20:00";"RS";386;"249";"SOLEDADE";"Falta de atenção";"Saída de Pista";"Sem Vítimas";"Plena noite";"Decrescente";"Ceu Claro";"Simples";"Reta";"Rural";1;0;0;0;1;0;0;1
83471021;"05/06/16";"Domingo";"19:30:00";"AL";101;"114";"PILAR";"Velocidade incompatível";"Capotamento";"Com Vítimas Feridas";"Plena noite";"Decrescente";"Nublado";"Simples";"Curva";"Urbano";1;0;1;0;0;0;1;1
83471022;"05/06/16";"Domingo";"21:30:00";"SP";381;"33";"ATIBAIA";"Outras";"Capotamento";"Com Vítimas Feridas";"Plena noite";"Crescente";"Chuva";"Dupla";"Reta";"Rural";1;0;1;0;0;0;1;1
83471023;"22/05/16";"Domingo";"21:00:00";"GO";60;"179";"ABADIA DE GOIAS";"Outras";"Saída de Pista";"Sem Vítimas";"Plena noite";"Decrescente";"Ceu Claro";"Dupla";"Curva";"Rural";1;0;0;0;1;0;0;1
83471024;"06/06/16";"Segunda";"04:50:00";"SC";280;"57,6";"GUARAMIRIM";"Outras";"Queda de motocicleta / bicicleta / veículo";"Com Vítimas Feridas";"Plena noite";"Crescente";"Chuva";"Simples";"Cruzamento";"Urbano";1;0;1;0;0;0;1;1
83471025;"06/06/16";"Segunda";"03:00:00";"RJ";116;"244";"PIRAI";"Velocidade incompatível";"Colisão traseira";"Com Vítimas Feridas";"Plena noite";"Decrescente";"Chuva";"Dupla";"Reta";"Rural";2;0;1;0;1;0;1;2
83471026;"05/06/16";"Domingo";"06:30:00";"PE";408;"61,5";"CARPINA";"Outras";"Atropelamento de pessoa";"Com Vítimas Fatais";"Pleno dia";"Crescente";"Ceu Claro";"Simples";"Reta";"Rural";2;1;0;0;0;1;0;1
83471027;"05/06/16";"Domingo";"15:10:00";"MS";262;"100";"AGUA CLARA";"Defeito na via";"Capotamento";"Com Vítimas Feridas";"Pleno dia";"Crescente";"Ceu Claro";"Simples";"Reta";"Rural";4;0;1;0;3;0;1;1
83471028;"05/06/16";"Domingo";"21:00:00";"BA";116;"319";"ARACI";"Outras";"Colisão Transversal";"Com Vítimas Feridas";"Plena noite";"Crescente";"Ceu Claro";"Simples";"Reta";"Urbano";2;0;2;0;0;0;2;2
83471029;"05/06/16";"Domingo";"23:30:00";"MG";365;"541";"ROMARIA";"Defeito mecânico em veículo";"Colisão traseira";"Sem Vítimas";"Plena noite";"Decrescente";"Ceu Claro";"Simples";"Reta";"Rural";2;0;0;0;2;0;0;2
83471030;"05/06/16";"Domingo";"20:15:00";"PR";476;"290";"SAO MATEUS DO SUL";"Outras";"Saída de Pista";"Sem Vítimas";"Plena noite";"Crescente";"Chuva";"Simples";"Reta";"Rural";1;0;0;0;1;0;0;1
83471031;"04/06/16";"Sábado";"06:30:00";"MG";50;"150,5";"UBERABA";"Ingestão de álcool";"Saída de Pista";"Sem Vítimas";"Anoitecer";"Crescente";"Ceu Claro";"Dupla";"Reta";"Rural";1;0;0;0;1;0;0;1
83471032;"06/06/16";"Segunda";"01:30:00";"SC";282;"492,2";"XANXERE";"Ingestão de álcool";"Colisão frontal";"Com Vítimas Fatais";"Plena noite";"Decrescente";"Nevoeiro/neblina";"Simples";"Reta";"Rural";6;4;0;2;0;0;2;2
83471033;"03/06/16";"Sexta";"00:25:00";"RJ";101;"332";"RIO DE JANEIRO";"Velocidade incompatível";"Colisão traseira";"Com Vítimas Feridas";"Plena noite";"Crescente";"Chuva";"Dupla";"Reta";"Urbano";3;0;2;0;1;0;2;2
83471034;"05/06/16";"Domingo";"07:40:00";"RO";364;"417";"JARU";"Velocidade incompatível";"Derramamento de Carga";"Sem Vítimas";"Pleno dia";"Decrescente";"Ceu Claro";"Simples";"Curva";"Rural";1;0;0;0;1;0;0;1
83471035;"05/06/16";"Domingo";"14:45:00";"PE";232;"505,1";"SALGUEIRO";"Ingestão de álcool";"Queda de motocicleta / bicicleta / veículo";"Com Vítimas Feridas";"Pleno dia";"Crescente";"Sol";"Simples";"Reta";"Rural";1;0;0;1;0;0;1;1
83471036;"06/06/16";"Segunda";"02:15:00";"RJ";101;"63";"CAMPOS DOS GOYTACAZES";"Velocidade incompatível";"Colisão traseira";"Com Vítimas Feridas";"Plena noite";"Decrescente";"Nublado";"Dupla";"Reta";"Urbano";3;0;2;0;1;0;2;2
83471037;"01/06/16";"Quarta";"03:20:00";"SP";116;"305";"SAO LOURENCO DA SERRA";"Outras";"Derramamento de Carga";"Sem Vítimas";"Plena noite";"Decrescente";"Nublado";"Dupla";"Curva";"Rural";1;0;0;0;1;0;0;1
83471039;"02/06/16";"Quinta";"15:05:00";"GO";153;"495,6";"GOIANIA";"Falta de atenção";"Colisão lateral";"Sem Vítimas";"Pleno dia";"Decrescente";"Sol";"Dupla";"Reta";"Urbano";2;0;0;0;2;0;0;2
83471040;"05/06/16";"Domingo";"21:10:00";"PR";163;"152,6";"SANTA LUCIA";"Outras";"Saída de Pista";"Com Vítimas Feridas";"Plena noite";"Crescente";"Ceu Claro";"Simples";"Reta";"Rural";2;0;1;0;1;0;1;1
83471041;"03/06/16";"Sexta";"04:57:00";"MG";262;"364";"JUATUBA";"Velocidade incompatível";"Saída de Pista";"Sem Vítimas";"Plena noite";"Decrescente";"Chuva";"Dupla";"Curva";"Urbano";1;0;0;0;1;0;0;1
83471042;"03/06/16";"Sexta";"05:45:00";"RJ";101;"398";"ITAGUAI";"Ingestão de álcool";"Colisão frontal";"Sem Vítimas";"Amanhecer";"Crescente";"Nublado";"Simples";"Curva";"Urbano";2;0;0;0;2;0;0;2
83471043;"05/06/16";"Domingo";"22:20:00";"PE";232;"185";"BELO JARDIM";"Ingestão de álcool";"Colisão traseira";"Com Vítimas Feridas";"Plena noite";"Decrescente";"Nublado";"Simples";"Reta";"Urbano";3;0;0;1;2;0;1;2
83471044;"12/05/16";"Quinta";"17:20:00";"SC";101;"43,8";"JOINVILLE";"Falta de atenção";"Colisão Transversal";"Com Vítimas Feridas";"Pleno dia";"Crescente";"Nublado";"Simples";"Cruzamento";"Urbano";2;0;0;1;1;0;1;2
83471045;"06/06/16";"Segunda";"05:40:00";"RJ";101;"492";"ANGRA DOS REIS";"Outras";"Tombamento";"Com Vítimas Feridas";"Amanhecer";"Decrescente";"Chuva";"Simples";"Reta";"Rural";2;0;2;0;0;0;2;1
83471046;"06/06/16";"Segunda";"05:55:00";"RS";392;"27";"RIO GRANDE";"Dormindo";"Saída de Pista";"Sem Vítimas";"Plena noite";"Decrescente";"Nublado";"Dupla";"Reta";"Rural";1;0;0;0;1;0;0;1
83471047;"06/06/16";"Segunda";"04:30:00";"RO";364;"224,3";"PIMENTA BUENO";"Ingestão de álcool";"Colisão traseira";"Sem Vítimas";"Amanhecer";"Crescente";"Nublado";"Simples";"Reta";"Rural";2;0;0;0;2;0;0;2
83471048;"02/06/16";"Quinta";"10:15:00";"MG";262;"692,3";"ARAXA";"Outras";"Colisão Transversal";"Com Vítimas Feridas";"Pleno dia";"Decrescente";"Ceu Claro";"Simples";"Reta";"Rural";4;0;3;0;1;0;3;2
83471050;"06/06/16";"Segunda";"07:10:00";"PR";116;"11";"COLOMBO";"Outras";"Capotamento";"Sem Vítimas";"Pleno dia";"Decrescente";"Chuva";"Dupla";"Reta";"Urbano";2;0;0;0;2;0;0;1
83471051;"26/05/16";"Quinta";"05:40:00";"ES";101;"263,4";"SERRA";"Ingestão de álcool";"Capotamento";"Ignorado";"Amanhecer";"Crescente";"Ceu Claro";"Dupla";"Reta";"Urbano";1;0;0;0;0;1;0;1
83471052;"03/06/16";"Sexta";"05:40:00";"MG";381;"487";"BETIM";"Velocidade incompatível";"Colisão frontal";"Com Vítimas Feridas";"Pleno dia";"Crescente";"Chuva";"Dupla";"Reta";"Urbano";6;0;2;0;4;0;2;5
83471053;"13/03/16";"Domingo";"20:00:00";"GO";452;"122,4";"BOM JESUS DE GOIAS";"Defeito na via";"Colisão Transversal";"Com Vítimas Feridas";"Plena noite";"Crescente";"Ignorada";"Simples";"Reta";"Rural";3;0;2;0;1;0;2;2
83471054;"02/06/16";"Quinta";"18:20:00";"SC";101;"214";"PALHOCA";"Outras";"Colisão traseira";"Com Vítimas Feridas";"Plena noite";"Decrescente";"Nublado";"Dupla";"Reta";"Urbano";2;0;1;0;0;1;1;2
83471055;"05/06/16";"Domingo";"23:10:00";"SC";116;"59,2";"PAPANDUVA";"Ingestão de álcool";"Colisão traseira";"Com Vítimas Feridas";"Plena noite";"Decrescente";"Nevoeiro/neblina";"Simples";"Reta";"Rural";3;0;0;2;1;0;2;2
83471056;"06/06/16";"Segunda";"07:45:00";"RS";290;"105";"ELDORADO DO SUL";"Não guardar distância de segurança";"Colisão traseira";"Sem Vítimas";"Pleno dia";"Decrescente";"Ceu Claro";"Dupla";"Reta";"Rural";2;0;0;0;2;0;0;2
83471057;"06/06/16";"Segunda";"07:00:00";"SE";101;"24";"MURIBECA";"Falta de atenção";"Colisão traseira";"Com Vítimas Feridas";"Pleno dia";"Crescente";"Ceu Claro";"Simples";"Reta";"Rural";3;0;1;0;2;0;1;2
83471058;"06/06/16";"Segunda";"07:15:00";"MG";381;"687,7";"LAVRAS";"Falta de atenção";"Queda de motocicleta / bicicleta / veículo";"Com Vítimas Feridas";"Pleno dia";"Crescente";"Nevoeiro/neblina";"Dupla";"Curva";"Rural";1;0;1;0;0;0;1;1
83471059;"02/05/16";"Segunda";"08:00:00";"SP";116;"165";"JACAREI";"Defeito mecânico em veículo";"Colisão traseira";"Sem Vítimas";"Pleno dia";"Decrescente";"Nublado";"Dupla";"Reta";"Rural";2;0;0;0;2;0;0;2
83471060;"06/06/16";"Segunda";"07:30:00";"SC";282;"184,3";"BOCAINA DO SUL";"Velocidade incompatível";"Saída de Pista";"Com Vítimas Feridas";"Amanhecer";"Crescente";"Nublado";"Simples";"Curva";"Rural";1;0;0;1;0;0;1;1
83471061;"02/06/16";"Quinta";"22:30:00";"SP";116;"116,8";"TAUBATE";"Não guardar distância de segurança";"Colisão lateral";"Com Vítimas Feridas";"Plena noite";"Decrescente";"Chuva";"Dupla";"Reta";"Urbano";2;0;1;0;1;0;1;2