"id";"data_inversa";"dia_semana";"horario";"uf";"br";"km";"municipio";"causa_acidente";"tipo_acidente";"classificacao_acidente";"fase_dia";"sentido_via";"condicao_metereologica";"tipo_pista";"tracado_via";"uso_solo";"pessoas";"mortos";"feridos_leves";"feridos_graves";"ilesos";"ignorados";"feridos";"veiculos"
83471175;"04/06/16";"Sábado";"20:55:00";"MT";364;"265";"SAO PEDRO DA CIPA";"Ingestão de álcool";"Atropelamento de pessoa";"Com Vítimas Feridas";"Plena noite";"Decrescente";"Ceu Claro";"Simples";"Reta";"Urbano";2;0;1;0;1;0;1;1
83471177;"06/06/16";"Segunda";"12:15:00";"SC";101;"251";"PAULO LOPES";"Falta de atenção";"Saída de Pista";"Sem Vítimas";"Pleno dia";"Decrescente";"Nublado";"Dupla";"Reta";"Urbano";1;0;0;0;1;0;0;1
83471179;"29/05/16";"Domingo";"22:40:00";"RJ";101;"30";"CAMPOS DOS GOYTACAZES";"Animais na Pista";"Saída de Pista";"Com Vítimas Feridas";"Plena noite";"Decrescente";"Nublado";"Simples";"Reta";"Rural";1;0;1;0;0;0;1;1
83471180;"03/06/16";"Sexta";"18:25:00";"RJ";101;"4,2";"CAMPOS DOS GOYTACAZES";"Outras";"Colisão Transversal";"Com Vítimas Fatais";"Anoitecer";"Crescente";"Nublado";"Simples";"Reta";"Rural";2;1;0;0;1;0;0;2
83471181;"06/06/16";"Segunda";"15:30:00";"PE";116;"21";"SALGUEIRO";"Velocidade incompatível";"Saída de Pista";"Com Vítimas Feridas";"Pleno dia";"Decrescente";"Ceu Claro";"Simples";"Curva";"Rural";1;0;1;0;0;0;1;1
83471182;"05/06/16";"Domingo";"22:20:00";"MT";158;"644,5";"NOVA XAVANTINA";"Ingestão de álcool";"Saída de Pista";"Sem Vítimas";"Plena noite";"Crescente";"Ceu Claro";"Simples";"Reta";"Rural";2;0;0;0;2;0;0;1
83471183;"06/06/16";"Segunda";"07:15:00";"MG";40;"658,8";"CARANDAI";"Dormindo";"Saída de Pista";"Sem Vítimas";"Pleno dia";"Crescente";"Ceu Claro";"Simples";"Curva";"Rural";1;0;0;0;1;0;0;1
83471184;"05/06/16";"Domingo";"20:53:00";"SP";116;"223";"GUARULHOS";"Velocidade incompatível";"Tombamento";"Sem Vítimas";"Plena noite";"Decrescente";"Chuva";"Múltipla";"Reta";"Urbano";1;0;0;0;1;0;0;1
83471186;"02/06/16";"Quinta";"18:35:00";"CE";116;"166,1";"RUSSAS";"Falta de atenção";"Colisão com objeto móvel";"Com Vítimas Fatais";"Anoitecer";"Decrescente";"Ceu Claro";"Simples";"Reta";"Rural";2;1;0;1;0;0;1;2
83471187;"14/05/16";"Sábado";"03:00:00";"SP";116;"138";"SAO JOSE DOS CAMPOS";"Outras";"Queda de motocicleta / bicicleta / veículo";"Com Vítimas Feridas";"Amanhecer";"Crescente";"Ceu Claro";"Simples";"Reta";"Rural";2;0;1;0;0;1;1;2
83471188;"06/06/16";"Segunda";"15:30:00";"SP";116;"541";"BARRA DO TURVO";"Velocidade incompatível";"Colisão com objeto fixo";"Sem Vítimas";"Pleno dia";"Crescente";"Chuva";"Dupla";"Curva";"Rural";1;0;0;0;1;0;0;1
83471189;"06/06/16";"Segunda";"14:25:00";"PE";101;"74";"RECIFE";"Outras";"Colisão com objeto fixo";"Sem Vítimas";"Pleno dia";"Decrescente";"Nublado";"Dupla";"Curva";"Urbano";1;0;0;0;1;0;0;1
83471190;"06/06/16";"Segunda";"14:50:00";"PR";116;"5,6";"CAMPINA GRANDE DO SUL";"Velocidade incompatível";"Colisão com objeto fixo";"Com Vítimas Feridas";"Pleno dia";"Decrescente";"Chuva";"Dupla";"Curva";"Rural";1;0;1;0;0;0;1;1
83471191;"06/06/16";"Segunda";"12:00:00";"MG";365;"582,6";"INDIANOPOLIS";"Outras";"Colisão lateral";"Com Vítimas Feridas";"Pleno dia";"Crescente";"Ceu Claro";"Simples";"Reta";"Rural";3;0;0;1;2;0;1;3
83471192;"06/06/16";"Segunda";"08:00:00";"RJ";101;"548";"PARATI";"Velocidade incompatível";"Saída de Pista";"Com Vítimas Feridas";"Pleno dia";"Crescente";"Chuva";"Simples";"Curva";"Urbano";3;0;1;0;2;0;1;1
83471193;"06/06/16";"Segunda";"16:10:00";"RJ";40;"116";"DUQUE DE CAXIAS";"Outras";"Colisão com objeto fixo";"Com Vítimas Feridas";"Pleno dia";"Crescente";"Ceu Claro";"Dupla";"Reta";"Urbano";1;0;1;0;0;0;1;1
83471194;"06/06/16";"Segunda";"14:30:00";"PE";232;"85,4";"GRAVATA";"Outras";"Saída de Pista";"Com Vítimas Feridas";"Pleno dia";"Decrescente";"Nublado";"Dupla";"Reta";"Rural";2;0;0;1;1;0;1;1
83471195;"06/06/16";"Segunda";"12:45:00";"SC";282;"3,5";"FLORIANOPOLIS";"Falta de atenção";"Colisão lateral";"Sem Vítimas";"Pleno dia";"Crescente";"Nublado";"Múltipla";"Curva";"Urbano";3;0;0;0;3;0;0;3
83471197;"05/06/16";"Domingo";"11:30:00";"SC";470;"291,4";"CAMPOS NOVOS";"Falta de atenção";"Colisão Transversal";"Com Vítimas Feridas";"Pleno dia";"Crescente";"Ceu Claro";"Simples";"Reta";"Rural";4;0;1;0;3;0;1;2
83471198;"06/06/16";"Segunda";"13:40:00";"SC";101;"210,2";"SAO JOSE";"Não guardar distância de segurança";"Colisão traseira";"Com Vítimas Feridas";"Pleno dia";"Decrescente";"Nublado";"Dupla";"Reta";"Urbano";2;0;1;0;1;0;1;2
83471199;"06/06/16";"Segunda";"15:15:00";"MG";146;"494,6";"BOTELHOS";"Dormindo";"Danos Eventuais";"Sem Vítimas";"Pleno dia";"Decrescente";"Nublado";"Simples";"Reta";"Rural";2;0;0;0;2;0;0;2
83471200;"06/06/16";"Segunda";"09:45:00";"MG";40;"764,1";"JUIZ DE FORA";"Defeito mecânico em veículo";"Colisão com objeto fixo";"Sem Vítimas";"Pleno dia";"Crescente";"Chuva";"Simples";"Curva";"Urbano";1;0;0;0;1;0;0;1
83471201;"06/06/16";"Segunda";"15:20:00";"RO";319;"62,5";"PORTO VELHO";"Falta de atenção";"Colisão lateral";"Com Vítimas Feridas";"Pleno dia";"Decrescente";"Ceu Claro";"Dupla";"Reta";"Urbano";3;0;1;0;2;0;1;2
83471203;"06/06/16";"Segunda";"10:10:00";"AL";101;"135,8";"SAO MIGUEL DOS CAMPOS";"Falta de atenção";"Colisão Transversal";"Sem Vítimas";"Pleno dia";"Crescente";"Nublado";"Simples";"Reta";"Urbano";7;0;0;0;7;0;0;2
83471204;"02/06/16";"Quinta";"08:30:00";"SC";101;"216,5";"PALHOCA";"Outras";"Queda de motocicleta / bicicleta / veículo";"Com Vítimas Feridas";"Pleno dia";"Decrescente";"Nublado";"Dupla";"Cruzamento";"Urbano";1;0;1;0;0;0;1;1
83471205;"05/06/16";"Domingo";"03:25:00";"SC";101;"110,2";"PENHA";"Ingestão de álcool";"Capotamento";"Ignorado";"Plena noite";"Decrescente";"Nublado";"Dupla";"Reta";"Urbano";1;0;0;0;0;1;0;1
83471206;"06/06/16";"Segunda";"14:50:00";"SC";101;"278,5";"IMBITUBA";"Defeito mecânico em veículo";"Colisão lateral";"Sem Vítimas";"Pleno dia";"Crescente";"Nublado";"Dupla";"Reta";"Rural";2;0;0;0;2;0;0;2
83471207;"29/05/16";"Domingo";"12:20:00";"RJ";356;"67";"ITAPERUNA";"Outras";"Saída de Pista";"Com Vítimas Feridas";"Pleno dia";"Crescente";"Ceu Claro";"Simples";"Reta";"Rural";1;0;1;0;0;0;1;1
83471208;"06/06/16";"Segunda";"17:00:00";"SC";101;"419,5";"ARARANGUA";"Velocidade incompatível";"Colisão com objeto fixo";"Sem Vítimas";"Pleno dia";"Crescente";"Nublado";"Dupla";"Reta";"Urbano";1;0;0;0;1;0;0;1
83471209;"04/06/16";"Sábado";"06:50:00";"RJ";116;"116";"MAGE";"Dormindo";"Colisão com objeto fixo";"Sem Vítimas";"Plena noite";"Decrescente";"Chuva";"Dupla";"Curva";"Rural";1;0;0;0;1;0;0;1
83471210;"06/06/16";"Segunda";"14:45:00";"PR";376;"673";"GUARATUBA";"Velocidade incompatível";"Capotamento";"Sem Vítimas";"Pleno dia";"Crescente";"Chuva";"Dupla";"Reta";"Rural";1;0;0;0;1;0;0;1
83471211;"06/06/16";"Segunda";"14:15:00";"PR";376;"677";"GUARATUBA";"Velocidade incompatível";"Saída de Pista";"Sem Vítimas";"Pleno dia";"Decrescente";"Chuva";"Dupla";"Curva";"Rural";1;0;0;0;1;0;0;1
83471212;"06/06/16";"Segunda";"11:10:00";"RS";116;"519";"PELOTAS";"Outras";"Colisão Transversal";"Sem Vítimas";"Pleno dia";"Decrescente";"Ceu Claro";"Simples";"Curva";"Urbano";2;0;0;0;2;0;0;2
83471213;"02/06/16";"Quinta";"11:20:00";"MG";381;"532";"ITATIAIUCU";"Velocidade incompatível";"Capotamento";"Sem Vítimas";"Pleno dia";"Crescente";"Chuva";"Dupla";"Curva";"Rural";2;0;0;0;2;0;0;1
83471214;"06/06/16";"Segunda";"08:00:00";"BA";101;"830,5";"ITAMARAJU";"Outras";"Tombamento";"Com Vítimas Feridas";"Pleno dia";"Decrescente";"Ceu Claro";"Simples";"Curva";"Rural";1;0;1;0;0;0;1;1
83471216;"04/06/16";"Sábado";"13:30:00";"SP";381;"58";"MAIRIPORA";"Falta de atenção";"Colisão com objeto fixo";"Sem Vítimas";"Pleno dia";"Decrescente";"Nublado";"Dupla";"Reta";"Urbano";2;0;0;0;2;0;0;2
83471217;"06/06/16";"Segunda";"18:40:00";"RS";285;"292,8";"PASSO FUNDO";"Velocidade incompatível";"Colisão traseira";"Com Vítimas Feridas";"Plena noite";"Crescente";"Nublado";"Simples";"Reta";"Urbano";2;0;1;0;1;0;1;2
83471218;"06/02/16";"Sábado";"10:40:00";"SP";116;"190,3";"SANTA ISABEL";"Falta de atenção";"Colisão traseira";"Sem Vítimas";"Pleno dia";"Decrescente";"Ceu Claro";"Dupla";"Reta";"Urbano";2;0;0;0;2;0;0;2
83471219;"06/06/16";"Segunda";"15:20:00";"PR";116;"15,5";"CAMPINA GRANDE DO SUL";"Velocidade incompatível";"Colisão com objeto fixo";"Com Vítimas Feridas";"Pleno dia";"Crescente";"Chuva";"Dupla";"Curva";"Rural";1;0;1;0;0;0;1;1
83471220;"06/06/16";"Segunda";"11:40:00";"PB";230;"12";"CABEDELO";"Defeito mecânico em veículo";"Queda de motocicleta / bicicleta / veículo";"Com Vítimas Feridas";"Pleno dia";"Crescente";"Sol";"Dupla";"Reta";"Urbano";1;0;1;0;0;0;1;1
83471221;"06/06/16";"Segunda";"16:00:00";"SC";282;"485,2";"FAXINAL DOS GUEDES";"Desobediência à sinalização";"Colisão lateral";"Sem Vítimas";"Pleno dia";"Crescente";"Nublado";"Simples";"Reta";"Urbano";2;0;0;0;2;0;0;2
83471222;"06/06/16";"Segunda";"16:20:00";"PR";376;"153";"MANDAGUACU";"Outras";"Colisão Transversal";"Sem Vítimas";"Pleno dia";"Crescente";"Chuva";"Simples";"Cruzamento";"Urbano";2;0;0;0;1;1;0;2
83471223;"06/06/16";"Segunda";"13:45:00";"BA";407;"147,9";"SENHOR DO BONFIM";"Outras";"Atropelamento de pessoa";"Com Vítimas Feridas";"Pleno dia";"Decrescente";"Ceu Claro";"Simples";"Reta";"Rural";2;0;0;1;1;0;1;1
83471224;"06/06/16";"Segunda";"17:00:00";"BA";116;"15";"VITORIA DA CONQUISTA";"Falta de atenção";"Colisão com bicicleta";"Com Vítimas Feridas";"Pleno dia";"Crescente";"Ceu Claro";"Simples";"Reta";"Urbano";2;0;2;0;0;0;2;2
83471225;"06/06/16";"Segunda";"10:20:00";"RJ";40;"4";"COMENDADOR LEVY GASPARIAN";"Falta de atenção";"Saída de Pista";"Sem Vítimas";"Pleno dia";"Crescente";"Chuva";"Dupla";"Curva";"Rural";2;0;0;0;2;0;0;1
83471227;"06/06/16";"Segunda";"16:30:00";"PR";476;"143";"CURITIBA";"Não guardar distância de segurança";"Colisão traseira";"Sem Vítimas";"Pleno dia";"Decrescente";"Chuva";"Dupla";"Reta";"Rural";5;0;0;0;5;0;0;3
83471228;"06/06/16";"Segunda";"17:00:00";"SP";116;"396,2";"MIRACATU";"Defeito mecânico em veículo";"Tombamento";"Sem Vítimas";"Pleno dia";"Decrescente";"Chuva";"Dupla";"Reta";"Urbano";1;0;0;0;1;0;0;1
83471229;"27/04/16";"Quarta";"11:00:00";"AL";101;"57,7";"MESSIAS";"Falta de atenção";"Colisão traseira";"Sem Vítimas";"Pleno dia";"Crescente";"Ceu Claro";"Simples";"Reta";"Urbano";2;0;0;0;2;0;0;2
83471231;"29/05/16";"Domingo";"07:15:00";"DF";20;"8";"BRASILIA";"Outras";"Colisão com objeto fixo";"Ignorado";"Amanhecer";"Crescente";"Ceu Claro";"Dupla";"Reta";"Urbano";1;0;0;0;0;1;0;1
83471233;"02/06/16";"Quinta";"07:30:00";"PR";277;"107";"CAMPO LARGO";"Velocidade incompatível";"Colisão com objeto fixo";"Sem Vítimas";"Pleno dia";"Crescente";"Ceu Claro";"Dupla";"Reta";"Urbano";1;0;0;0;1;0;0;1
83471234;"06/06/16";"Segunda";"15:50:00";"PB";104;"134,5";"QUEIMADAS";"Animais na Pista";"Atropelamento de animal";"Sem Vítimas";"Pleno dia";"Decrescente";"Nublado";"Simples";"Reta";"Rural";1;0;0;0;1;0;0;1
83471235;"06/06/16";"Segunda";"15:40:00";"RO";364;"360,9";"OURO PRETO DO OESTE";"Falta de atenção";"Saída de Pista";"Com Vítimas Feridas";"Plena noite";"Decrescente";"Chuva";"Simples";"Reta";"Rural";3;0;2;0;1;0;2;1
83471236;"06/06/16";"Segunda";"18:20:00";"SC";470;"125";"IBIRAMA";"Outras";"Atropelamento de pessoa";"Com Vítimas Feridas";"Plena noite";"Decrescente";"Nublado";"Simples";"Reta";"Urbano";2;0;2;0;0;0;2;1
83471237;"06/06/16";"Segunda";"18:00:00";"SC";280;"258,7";"CANOINHAS";"Ingestão de álcool";"Colisão frontal";"Com Vítimas Feridas";"Plena noite";"Crescente";"Nublado";"Simples";"Reta";"Rural";2;0;0;1;1;0;1;2
83471238;"06/06/16";"Segunda";"16:55:00";"ES";101;"17,9";"PEDRO CANARIO";"Falta de atenção";"Colisão traseira";"Com Vítimas Feridas";"Pleno dia";"Crescente";"Nublado";"Simples";"Reta";"Rural";3;0;0;1;2;0;1;2
83471239;"06/06/16";"Segunda";"12:40:00";"MG";267;"28,5";"ARGIRITA";"Velocidade incompatível";"Tombamento";"Sem Vítimas";"Pleno dia";"Decrescente";"Sol";"Simples";"Curva";"Rural";1;0;0;0;1;0;0;1
83471240;"06/06/16";"Segunda";"18:55:00";"RS";287;"241,2";"SANTA MARIA";"Velocidade incompatível";"Colisão traseira";"Com Vítimas Feridas";"Plena noite";"Crescente";"Ceu Claro";"Dupla";"Reta";"Urbano";4;0;1;0;2;1;1;2
83471241;"02/06/16";"Quinta";"20:30:00";"MG";262;"408";"PARA DE MINAS";"Não guardar distância de segurança";"Colisão lateral";"Sem Vítimas";"Plena noite";"Decrescente";"Nublado";"Simples";"Curva";"Rural";2;0;0;0;2;0;0;2
83471242;"06/06/16";"Segunda";"17:12:00";"CE";222;"297,5";"TIANGUA";"Velocidade incompatível";"Tombamento";"Sem Vítimas";"Pleno dia";"Decrescente";"Chuva";"Simples";"Curva";"Rural";1;0;0;0;1;0;0;1
83471243;"02/06/16";"Quinta";"11:20:00";"MG";381;"628,4";"OLIVEIRA";"Velocidade incompatível";"Colisão com objeto fixo";"Sem Vítimas";"Pleno dia";"Decrescente";"Chuva";"Dupla";"Curva";"Rural";1;0;0;0;1;0;0;1
83471244;"06/06/16";"Segunda";"06:30:00";"MG";116;"272";"TEOFILO OTONI";"Defeito mecânico em veículo";"Saída de Pista";"Com Vítimas Feridas";"Pleno dia";"Crescente";"Ceu Claro";"Simples";"Curva";"Rural";1;0;1;0;0;0;1;1
83471245;"06/06/16";"Segunda";"16:00:00";"RS";116;"362,9";"TAPES";"Desobediência à sinalização";"Colisão Transversal";"Sem Vítimas";"Pleno dia";"Decrescente";"Nublado";"Simples";"Cruzamento";"Rural";2;0;0;0;2;0;0;2
83471246;"06/06/16";"Segunda";"07:20:00";"CE";20;"407";"CAUCAIA";"Outras";"Saída de Pista";"Ignorado";"Pleno dia";"Decrescente";"Ceu Claro";"Dupla";"Reta";"Urbano";1;0;0;0;0;1;0;1
83471247;"04/06/16";"Sábado";"04:45:00";"MT";364;"202";"RONDONOPOLIS";"Velocidade incompatível";"Colisão frontal";"Com Vítimas Fatais";"Plena noite";"Crescente";"Ceu Claro";"Simples";"Reta";"Urbano";2;1;0;0;1;0;0;2
83471248;"06/06/16";"Segunda";"08:30:00";"CE";222;"8,5";"CAUCAIA";"Desobediência à sinalização";"Colisão Transversal";"Com Vítimas Feridas";"Pleno dia";"Decrescente";"Ceu Claro";"Dupla";"Reta";"Urbano";2;0;1;0;1;0;1;2
83471249;"06/06/16";"Segunda";"19:30:00";"SC";282;"605";"MARAVILHA";"Não guardar distância de segurança";"Colisão traseira";"Sem Vítimas";"Plena noite";"Decrescente";"Nublado";"Simples";"Cruzamento";"Urbano";2;0;0;0;2;0;0;2
83471250;"06/06/16";"Segunda";"18:30:00";"PE";316;"78,5";"OURICURI";"Velocidade incompatível";"Atropelamento de animal";"Com Vítimas Feridas";"Plena noite";"Crescente";"Ceu Claro";"Simples";"Reta";"Rural";1;0;0;1;0;0;1;1
83471251;"06/06/16";"Segunda";"09:00:00";"ES";101;"390,9";"RIO NOVO DO SUL";"Animais na Pista";"Atropelamento de animal";"Com Vítimas Feridas";"Pleno dia";"Decrescente";"Sol";"Simples";"Curva";"Rural";1;0;1;0;0;0;1;1
83471252;"06/06/16";"Segunda";"14:20:00";"MG";262;"131,1";"RIO CASCA";"Defeito mecânico em veículo";"Saída de Pista";"Sem Vítimas";"Pleno dia";"Crescente";"Ceu Claro";"Simples";"Reta";"Rural";4;0;0;0;4;0;0;1
83471253;"29/05/16";"Domingo";"19:00:00";"SC";101;"104";"PENHA";"Falta de atenção";"Colisão traseira";"Sem Vítimas";"Anoitecer";"Decrescente";"Nublado";"Dupla";"Reta";"Urbano";2;0;0;0;2;0;0;2
83471254;"03/06/16";"Sexta";"22:00:00";"BA";101;"435";"MARAU";"Ingestão de álcool";"Atropelamento de pessoa";"Com Vítimas Fatais";"Plena noite";"Decrescente";"Ceu Claro";"Simples";"Reta";"Rural";2;1;0;0;0;1;0;1
83471255;"06/06/16";"Segunda";"16:00:00";"CE";20;"421";"MARACANAU";"Falta de atenção";"Colisão lateral";"Com Vítimas Feridas";"Pleno dia";"Crescente";"Ceu Claro";"Múltipla";"Reta";"Urbano";2;0;1;0;1;0;1;2
83471256;"14/05/16";"Sábado";"04:00:00";"BA";415;"49";"ITABUNA";"Ingestão de álcool";"Colisão frontal";"Com Vítimas Feridas";"Plena noite";"Decrescente";"Ceu Claro";"Simples";"Reta";"Urbano";2;0;1;1;0;0;2;2
83471258;"06/06/16";"Segunda";"14:40:00";"SC";116;"211,8";"PONTE ALTA";"Velocidade incompatível";"Capotamento";"Com Vítimas Feridas";"Pleno dia";"Decrescente";"Ceu Claro";"Simples";"Curva";"Rural";1;0;1;0;0;0;1;1
83471259;"06/06/16";"Segunda";"12:30:00";"MG";116;"767";"LEOPOLDINA";"Falta de atenção";"Colisão lateral";"Com Vítimas Feridas";"Pleno dia";"Crescente";"Ceu Claro";"Simples";"Curva";"Urbano";2;0;1;0;1;0;1;2
83471260;"06/06/16";"Segunda";"18:20:00";"GO";60;"389,2";"RIO VERDE";"Falta de atenção";"Atropelamento de pessoa";"Com Vítimas Feridas";"Anoitecer";"Decrescente";"Ceu Claro";"Dupla";"Reta";"Urbano";2;0;2;0;0;0;2;1
83471261;"06/06/16";"Segunda";"19:40:00";"PR";277;"454,3";"LARANJEIRAS DO SUL";"Outras";"Colisão Transversal";"Com Vítimas Feridas";"Plena noite";"Crescente";"Nublado";"Simples";"Reta";"Urbano";2;0;0;1;1;0;1;2
83471262;"06/06/16";"Segunda";"15:00:00";"RS";285;"36,2";"BOM JESUS";"Falta de atenção";"Colisão Transversal";"Com Vítimas Feridas";"Pleno dia";"Decrescente";"Ceu Claro";"Simples";"Reta";"Rural";2;0;1;0;1;0;1;2
83471263;"06/06/16";"Segunda";"18:00:00";"MG";381;"426";"CAETE";"Defeito mecânico em veículo";"Saída de Pista";"Sem Vítimas";"Anoitecer";"Decrescente";"Ceu Claro";"Simples";"Curva";"Rural";1;0;0;0;1;0;0;1
83471264;"06/06/16";"Segunda";"18:00:00";"PE";423;"77,5";"JUCATI";"Não guardar distância de segurança";"Colisão traseira";"Com Vítimas Feridas";"Plena noite";"Decrescente";"Ceu Claro";"Simples";"Reta";"Rural";3;0;0;1;2;0;1;3
83471265;"31/05/16";"Terça";"19:00:00";"RO";364;"735";"PORTO VELHO";"Defeito na via";"Queda de motocicleta / bicicleta / veículo";"Com Vítimas Feridas";"Pleno dia";"Decrescente";"Sol";"Dupla";"Reta";"Rural";2;0;2;0;0;0;2;1
83471266;"03/06/16";"Sexta";"04:50:00";"RJ";40;"82";"PETROPOLIS";"Outras";"Capotamento";"Sem Vítimas";"Plena noite";"Crescente";"Nublado";"Dupla";"Curva";"Urbano";1;0;0;0;1;0;0;1
83471267;"02/06/16";"Quinta";"13:30:00";"MG";381;"441";"SABARA";"Outras";"Colisão frontal";"Com Vítimas Feridas";"Pleno dia";"Decrescente";"Chuva";"Simples";"Curva";"Rural";3;0;1;1;1;0;2;2
83471268;"06/06/16";"Segunda";"17:35:00";"SC";101;"201";"SAO JOSE";"Outras";"Queda de motocicleta / bicicleta / veículo";"Com Vítimas Feridas";"Pleno dia";"Decrescente";"Ceu Claro";"Dupla";"Reta";"Urbano";1;0;1;0;0;0;1;1
83471269;"04/06/16";"Sábado";"06:20:00";"AP";156;"255";"MACAPA";"Desobediência à sinalização";"Colisão lateral";"Com Vítimas Feridas";"Pleno dia";"Crescente";"Ceu Claro";"Simples";"Curva";"Rural";3;0;1;1;1;0;2;2
83471270;"06/06/16";"Segunda";"18:00:00";"PA";230;"111,5";"MARABA";"Falta de atenção";"Colisão traseira";"Com Vítimas Feridas";"Plena noite";"Crescente";"Ceu Claro";"Simples";"Reta";"Urbano";2;0;1;0;1;0;1;2
83471271;"05/06/16";"Domingo";"23:05:00";"RR";432;"208";"CANTA";"Ingestão de álcool";"Colisão lateral";"Com Vítimas Feridas";"Plena noite";"Decrescente";"Nublado";"Simples";"Reta";"Rural";5;0;0;3;2;0;3;2
83471272;"04/06/16";"Sábado";"05:35:00";"RS";290;"249,1";"CACHOEIRA DO SUL";"Ultrapassagem indevida";"Colisão lateral";"Sem Vítimas";"Plena noite";"Crescente";"Nevoeiro/neblina";"Simples";"Reta";"Rural";2;0;0;0;2;0;0;2
83471273;"06/06/16";"Segunda";"13:10:00";"BA";367;"84";"EUNAPOLIS";"Falta de atenção";"Colisão traseira";"Sem Vítimas";"Pleno dia";"Crescente";"Sol";"Simples";"Reta";"Urbano";3;0;0;0;3;0;0;3
83471274;"06/06/16";"Segunda";"17:13:00";"CE";222;"297,5";"TIANGUA";"Outras";"Colisão lateral";"Sem Vítimas";"Pleno dia";"Decrescente";"Chuva";"Simples";"Curva";"Rural";3;0;0;0;3;0;0;3
83471275;"05/06/16";"Domingo";"14:05:00";"BA";242;"297";"LENCOIS";"Defeito mecânico em veículo";"Tombamento";"Sem Vítimas";"Pleno dia";"Decrescente";"Ceu Claro";"Simples";"Curva";"Rural";1;0;0;0;1;0;0;1
83471276;"06/06/16";"Segunda";"18:30:00";"PA";316;"0";"BELEM";"Não guardar distância de segurança";"Colisão lateral";"Sem Vítimas";"Pleno dia";"Crescente";"Ignorada";"Simples";"Reta";"Urbano";2;0;0;0;2;0;0;2
83471277;"06/06/16";"Segunda";"10:10:00";"PA";316;"9";"ANANINDEUA";"Não guardar distância de segurança";"Colisão traseira";"Com Vítimas Feridas";"Pleno dia";"Crescente";"Ignorada";"Dupla";"Reta";"Urbano";3;0;1;0;2;0;1;2
83471278;"06/06/16";"Segunda";"20:50:00";"PR";116;"57";"CAMPINA GRANDE DO SUL";"Outras";"Colisão traseira";"Sem Vítimas";"Plena noite";"Decrescente";"Chuva";"Múltipla";"Reta";"Rural";2;0;0;0;2;0;0;2
83471279;"06/06/16";"Segunda";"18:20:00";"SP";116;"225";"GUARULHOS";"Outras";"Colisão com objeto fixo";"Sem Vítimas";"Plena noite";"Crescente";"Chuva";"Múltipla";"Reta";"Urbano";1;0;0;0;1;0;0;1
83471280;"06/06/16";"Segunda";"17:00:00";"GO";60;"49,7";"ABADIANIA";"Velocidade incompatível";"Saída de Pista";"Sem Vítimas";"Pleno dia";"Decrescente";"Ceu Claro";"Dupla";"Reta";"Rural";2;0;0;0;2;0;0;2
83471281;"06/06/16";"Segunda";"13:25:00";"RJ";40;"38";"AREAL";"Falta de atenção";"Tombamento";"Com Vítimas Feridas";"Pleno dia";"Decrescente";"Sol";"Dupla";"Curva";"Rural";1;0;1;0;0;0;1;1
83471282;"06/06/16";"Segunda";"11:30:00";"AL";104;"59";"MURICI";"Falta de atenção";"Colisão traseira";"Sem Vítimas";"Pleno dia";"Crescente";"Ceu Claro";"Simples";"Reta";"Rural";4;0;0;0;4;0;0;4
83471284;"06/06/16";"Segunda";"19:00:00";"MA";10;"320";"ACAILANDIA";"Falta de atenção";"Colisão Transversal";"Com Vítimas Feridas";"Plena noite";"Crescente";"Ignorada";"Simples";"Reta";"Urbano";2;0;0;2;0;0;2;2
83471285;"06/06/16";"Segunda";"17:30:00";"GO";153;"299,2";"RIALMA";"Falta de atenção";"Colisão lateral";"Sem Vítimas";"Anoitecer";"Decrescente";"Ceu Claro";"Simples";"Curva";"Rural";2;0;0;0;2;0;0;2
83471286;"06/06/16";"Segunda";"17:15:00";"RO";364;"709";"PORTO VELHO";"Falta de atenção";"Atropelamento de pessoa";"Com Vítimas Feridas";"Pleno dia";"Crescente";"Ceu Claro";"Dupla";"Reta";"Urbano";2;0;0;1;0;1;1;1
83471287;"06/06/16";"Segunda";"12:00:00";"MA";10;"249";"IMPERATRIZ";"Falta de atenção";"Colisão Transversal";"Com Vítimas Feridas";"Pleno dia";"Decrescente";"Ceu Claro";"Simples";"Cruzamento";"Urbano";3;0;1;2;0;0;3;2
83471288;"06/06/16";"Segunda";"12:00:00";"SP";381;"33";"ATIBAIA";"Falta de atenção";"Colisão traseira";"Com Vítimas Feridas";"Pleno dia";"Crescente";"Nublado";"Dupla";"Reta";"Rural";3;0;1;0;2;0;1;2
83471289;"06/06/16";"Segunda";"21:25:00";"SC";101;"278";"IMBITUBA";"Animais na Pista";"Atropelamento de animal";"Sem Vítimas";"Plena noite";"Crescente";"Nublado";"Simples";"Reta";"Rural";1;0;0;0;1;0;0;1
83471290;"06/06/16";"Segunda";"08:38:00";"PI";343;"4,9";"TERESINA";"Falta de atenção";"Colisão traseira";"Com Vítimas Feridas";"Pleno dia";"Crescente";"Ceu Claro";"Simples";"Reta";"Urbano";2;0;1;0;1;0;1;2
83471291;"06/06/16";"Segunda";"17:50:00";"PR";476;"111";"COLOMBO";"Falta de atenção";"Tombamento";"Sem Vítimas";"Anoitecer";"Crescente";"Chuva";"Simples";"Curva";"Rural";1;0;0;0;1;0;0;1