"id";"data_inversa";"dia_semana";"horario";"uf";"br";"km";"municipio";"causa_acidente";"tipo_acidente";"classificacao_acidente";"fase_dia";"sentido_via";"condicao_metereologica";"tipo_pista";"tracado_via";"uso_solo";"pessoas";"mortos";"feridos_leves";"feridos_graves";"ilesos";"ignorados";"feridos";"veiculos"
83471292;"06/06/16";"Segunda";"09:00:00";"SC";101;"139";"BALNEARIO CAMBORIU";"Velocidade incompatível";"Derramamento de Carga";"Sem Vítimas";"Pleno dia";"Crescente";"Nublado";"Simples";"Curva";"Rural";2;0;0;0;2;0;0;2
83471293;"06/06/16";"Segunda";"18:33:00";"GO";60;"95";"ANAPOLIS";"Falta de atenção";"Colisão lateral";"Sem Vítimas";"Plena noite";"Decrescente";"Ceu Claro";"Dupla";"Reta";"Urbano";3;0;0;0;3;0;0;2
83471294;"07/03/16";"Segunda";"19:07:00";"BA";101;"308";"VALENCA";"Falta de atenção";"Colisão lateral";"Sem Vítimas";"Plena noite";"Decrescente";"Ceu Claro";"Simples";"Reta";"Rural";2;0;0;0;1;1;0;2
83471295;"04/06/16";"Sábado";"18:30:00";"SC";470;"58";"BLUMENAU";"Ingestão de álcool";"Colisão traseira";"Sem Vítimas";"Plena noite";"Decrescente";"Ignorada";"Simples";"Reta";"Urbano";3;0;0;0;3;0;0;3
83471296;"06/06/16";"Segunda";"18:20:00";"MG";40;"647,8";"CRISTIANO OTONI";"Falta de atenção";"Saída de Pista";"Com Vítimas Feridas";"Plena noite";"Decrescente";"Ceu Claro";"Simples";"Reta";"Rural";2;0;1;1;0;0;2;1
83471297;"06/06/16";"Segunda";"21:30:00";"SP";116;"181";"GUARAREMA";"Falta de atenção";"Colisão traseira";"Sem Vítimas";"Plena noite";"Decrescente";"Chuva";"Dupla";"Reta";"Urbano";2;0;0;0;2;0;0;2
83471298;"06/06/16";"Segunda";"21:00:00";"MT";364;"440";"VARZEA GRANDE";"Falta de atenção";"Saída de Pista";"Com Vítimas Feridas";"Plena noite";"Crescente";"Nublado";"Simples";"Reta";"Rural";1;0;1;0;0;0;1;1
83471299;"06/06/16";"Segunda";"18:50:00";"RS";116;"262,5";"CANOAS";"Falta de atenção";"Colisão Transversal";"Com Vítimas Feridas";"Plena noite";"Decrescente";"Ceu Claro";"Dupla";"Reta";"Urbano";3;0;1;0;2;0;1;3
83471300;"06/06/16";"Segunda";"20:00:00";"MT";163;"839";"SINOP";"Não guardar distância de segurança";"Colisão traseira";"Com Vítimas Feridas";"Plena noite";"Crescente";"Ceu Claro";"Simples";"Reta";"Urbano";3;0;2;0;0;1;2;2
83471301;"06/06/16";"Segunda";"20:00:00";"AP";210;"107";"PORTO GRANDE";"Falta de atenção";"Colisão Transversal";"Com Vítimas Feridas";"Plena noite";"Decrescente";"Ignorada";"Simples";"Reta";"Urbano";3;0;2;0;1;0;2;2
83471302;"06/06/16";"Segunda";"21:00:00";"RO";364;"90";"VILHENA";"Outras";"Colisão com bicicleta";"Com Vítimas Feridas";"Plena noite";"Decrescente";"Ceu Claro";"Simples";"Reta";"Rural";2;0;1;0;1;0;1;2
83471303;"06/06/16";"Segunda";"19:05:00";"PR";153;"61,1";"GUAPIRAMA";"Ingestão de álcool";"Atropelamento de pessoa";"Com Vítimas Fatais";"Plena noite";"Decrescente";"Chuva";"Simples";"Curva";"Rural";3;1;2;0;0;0;2;1
83471304;"06/06/16";"Segunda";"18:30:00";"GO";364;"275,8";"MINEIROS";"Ultrapassagem indevida";"Saída de Pista";"Com Vítimas Feridas";"Anoitecer";"Decrescente";"Nublado";"Simples";"Reta";"Rural";1;0;1;0;0;0;1;1
83471305;"07/06/16";"Terça";"00:10:00";"SC";282;"0,4";"FLORIANOPOLIS";"Velocidade incompatível";"Capotamento";"Com Vítimas Feridas";"Plena noite";"Crescente";"Nublado";"Dupla";"Curva";"Urbano";1;0;1;0;0;0;1;1
83471306;"02/06/16";"Quinta";"09:00:00";"PA";316;"72";"CASTANHAL";"Falta de atenção";"Colisão traseira";"Sem Vítimas";"Pleno dia";"Decrescente";"Sol";"Simples";"Reta";"Rural";6;0;0;0;6;0;0;6
83471307;"06/06/16";"Segunda";"15:15:00";"SP";101;"30";"UBATUBA";"Falta de atenção";"Saída de Pista";"Com Vítimas Feridas";"Pleno dia";"Crescente";"Nublado";"Simples";"Curva";"Rural";3;0;1;0;2;0;1;1
83471308;"06/06/16";"Segunda";"23:00:00";"RJ";40;"95";"PETROPOLIS";"Velocidade incompatível";"Saída de Pista";"Sem Vítimas";"Plena noite";"Crescente";"Nevoeiro/neblina";"Simples";"Curva";"Rural";1;0;0;0;1;0;0;1
83471309;"06/06/16";"Segunda";"07:30:00";"PR";277;"199";"PALMEIRA";"Outras";"Saída de Pista";"Sem Vítimas";"Pleno dia";"Crescente";"Chuva";"Simples";"Curva";"Rural";1;0;0;0;1;0;0;1
83471310;"06/06/16";"Segunda";"19:45:00";"MA";222;"452";"SANTA LUZIA";"Outras";"Saída de Pista";"Ignorado";"Plena noite";"Crescente";"Ignorada";"Simples";"Curva";"Rural";2;0;0;0;0;2;0;1
83471311;"06/06/16";"Segunda";"20:45:00";"MG";262;"394,8";"PARA DE MINAS";"Ingestão de álcool";"Colisão com bicicleta";"Com Vítimas Feridas";"Plena noite";"Decrescente";"Ceu Claro";"Dupla";"Reta";"Rural";2;0;2;0;0;0;2;2
83471312;"07/06/16";"Terça";"00:20:00";"MG";381;"553,8";"ITAGUARA";"Defeito mecânico em veículo";"Incêndio";"Sem Vítimas";"Plena noite";"Crescente";"Ceu Claro";"Dupla";"Curva";"Rural";1;0;0;0;1;0;0;1
83471313;"06/06/16";"Segunda";"16:30:00";"PB";230;"156,9";"CAMPINA GRANDE";"Falta de atenção";"Colisão lateral";"Com Vítimas Feridas";"Pleno dia";"Decrescente";"Ceu Claro";"Simples";"Cruzamento";"Urbano";2;0;1;0;1;0;1;2
83471314;"06/06/16";"Segunda";"07:00:00";"PI";316;"314,5";"PICOS";"Outras";"Colisão com objeto fixo";"Sem Vítimas";"Pleno dia";"Decrescente";"Sol";"Simples";"Reta";"Urbano";1;0;0;0;1;0;0;1
83471315;"07/06/16";"Terça";"00:50:00";"PR";116;"25,9";"CAMPINA GRANDE DO SUL";"Falta de atenção";"Atropelamento de pessoa";"Com Vítimas Feridas";"Plena noite";"Decrescente";"Nevoeiro/neblina";"Dupla";"Reta";"Rural";2;0;0;1;0;1;1;1
83471316;"07/06/16";"Terça";"00:45:00";"PE";232;"257,7";"ARCOVERDE";"Animais na Pista";"Atropelamento de animal";"Sem Vítimas";"Plena noite";"Decrescente";"Ceu Claro";"Simples";"Reta";"Urbano";1;0;0;0;1;0;0;1
83471317;"06/06/16";"Segunda";"16:40:00";"BA";324;"578";"SAO SEBASTIAO DO PASSE";"Falta de atenção";"Colisão lateral";"Com Vítimas Feridas";"Anoitecer";"Decrescente";"Ceu Claro";"Dupla";"Reta";"Rural";2;0;1;0;1;0;1;2
83471318;"06/06/16";"Segunda";"18:50:00";"PR";476;"93,8";"BOCAIUVA DO SUL";"Falta de atenção";"Colisão Transversal";"Com Vítimas Feridas";"Plena noite";"Crescente";"Chuva";"Simples";"Reta";"Urbano";3;0;1;0;2;0;1;2
83471319;"02/06/16";"Quinta";"14:30:00";"PA";316;"72";"CASTANHAL";"Não guardar distância de segurança";"Colisão traseira";"Sem Vítimas";"Pleno dia";"Decrescente";"Ceu Claro";"Simples";"Reta";"Rural";2;0;0;0;2;0;0;2
83471320;"06/06/16";"Segunda";"07:30:00";"BA";116;"176";"CANUDOS";"Defeito na via";"Capotamento";"Com Vítimas Feridas";"Pleno dia";"Crescente";"Ceu Claro";"Simples";"Reta";"Rural";2;0;2;0;0;0;2;1
83471321;"29/05/16";"Domingo";"22:30:00";"AP";156;"343";"FERREIRA GOMES";"Ingestão de álcool";"Colisão Transversal";"Com Vítimas Feridas";"Plena noite";"Crescente";"Ceu Claro";"Simples";"Curva";"Rural";3;0;1;0;2;0;1;2
83471322;"06/06/16";"Segunda";"19:20:00";"RS";116;"269";"CANOAS";"Outras";"Atropelamento de pessoa";"Com Vítimas Feridas";"Plena noite";"Decrescente";"Nublado";"Múltipla";"Reta";"Urbano";2;0;0;1;1;0;1;1
83471323;"07/06/16";"Terça";"02:45:00";"SP";116;"274";"TABOAO DA SERRA";"Velocidade incompatível";"Colisão com objeto fixo";"Com Vítimas Feridas";"Plena noite";"Decrescente";"Chuva";"Dupla";"Curva";"Urbano";2;0;2;0;0;0;2;1
83471324;"07/06/16";"Terça";"03:20:00";"SC";101;"112,5";"ITAJAI";"Falta de atenção";"Capotamento";"Ignorado";"Plena noite";"Decrescente";"Chuva";"Dupla";"Reta";"Urbano";1;0;0;0;0;1;0;1
83471325;"06/06/16";"Segunda";"18:40:00";"MG";40;"61,1";"PARACATU";"Ultrapassagem indevida";"Saída de Pista";"Com Vítimas Feridas";"Anoitecer";"Crescente";"Ceu Claro";"Simples";"Reta";"Rural";4;0;2;0;2;0;2;2
83471326;"06/06/16";"Segunda";"17:55:00";"MG";116;"171,5";"PADRE PARAISO";"Falta de atenção";"Colisão traseira";"Com Vítimas Fatais";"Anoitecer";"Decrescente";"Nublado";"Simples";"Curva";"Rural";3;2;0;0;1;0;0;2
83471327;"03/06/16";"Sexta";"03:15:00";"SP";116;"50,8";"LORENA";"Outras";"Colisão traseira";"Sem Vítimas";"Plena noite";"Crescente";"Nublado";"Dupla";"Reta";"Rural";2;0;0;0;2;0;0;2
83471328;"07/06/16";"Terça";"03:50:00";"MG";381;"686,7";"LAVRAS";"Outras";"Capotamento";"Sem Vítimas";"Plena noite";"Crescente";"Chuva";"Dupla";"Curva";"Rural";1;0;0;0;1;0;0;1
83471329;"02/06/16";"Quinta";"18:00:00";"RN";101;"103,4";"PARNAMIRIM";"Falta de atenção";"Colisão com bicicleta";"Com Vítimas Feridas";"Plena noite";"Decrescente";"Ceu Claro";"Múltipla";"Reta";"Urbano";2;0;0;1;1;0;1;2
83471330;"07/06/16";"Terça";"00:10:00";"MG";40;"428,7";"PARAOPEBA";"Outras";"Saída de Pista";"Com Vítimas Feridas";"Plena noite";"Decrescente";"Ceu Claro";"Dupla";"Reta";"Rural";1;0;1;0;0;0;1;1
83471331;"06/06/16";"Segunda";"09:40:00";"DF";60;"3,3";"BRASILIA";"Falta de atenção";"Colisão traseira";"Com Vítimas Feridas";"Pleno dia";"Decrescente";"Ceu Claro";"Dupla";"Reta";"Urbano";2;0;1;0;0;1;1;2
83471332;"07/06/16";"Terça";"02:16:00";"SP";116;"22,1";"LAVRINHAS";"Outras";"Colisão com objeto fixo";"Sem Vítimas";"Plena noite";"Crescente";"Chuva";"Dupla";"Curva";"Rural";1;0;0;0;1;0;0;1
83471333;"03/06/16";"Sexta";"05:45:00";"ES";101;"226,5";"FUNDAO";"Desobediência à sinalização";"Colisão lateral";"Com Vítimas Feridas";"Amanhecer";"Crescente";"Ceu Claro";"Simples";"Reta";"Rural";3;0;0;1;2;0;1;3
83471335;"07/06/16";"Terça";"05:10:00";"RJ";101;"313";"SAO GONCALO";"Outras";"Colisão com objeto fixo";"Sem Vítimas";"Amanhecer";"Crescente";"Chuva";"Dupla";"Reta";"Urbano";1;0;0;0;1;0;0;1
83471336;"05/06/16";"Domingo";"13:50:00";"MG";381;"497";"BETIM";"Ingestão de álcool";"Atropelamento de pessoa";"Com Vítimas Feridas";"Pleno dia";"Crescente";"Ceu Claro";"Dupla";"Curva";"Urbano";5;0;0;1;4;0;1;1
83471337;"07/06/16";"Terça";"04:40:00";"PR";116;"179";"QUITANDINHA";"Velocidade incompatível";"Tombamento";"Sem Vítimas";"Plena noite";"Decrescente";"Nublado";"Simples";"Reta";"Rural";1;0;0;0;1;0;0;1
83471338;"07/06/16";"Terça";"02:30:00";"MS";163;"828";"SONORA";"Velocidade incompatível";"Colisão com objeto fixo";"Com Vítimas Feridas";"Plena noite";"Decrescente";"Nevoeiro/neblina";"Dupla";"Reta";"Rural";1;0;1;0;0;0;1;1
83471339;"06/06/16";"Segunda";"06:50:00";"BA";116;"451,5";"ANTONIO CARDOSO";"Falta de atenção";"Colisão Transversal";"Sem Vítimas";"Pleno dia";"Crescente";"Sol";"Simples";"Reta";"Rural";2;0;0;0;2;0;0;2
83471340;"06/06/16";"Segunda";"23:20:00";"RJ";393;"281";"VOLTA REDONDA";"Ingestão de álcool";"Colisão Transversal";"Sem Vítimas";"Pleno dia";"Decrescente";"Nublado";"Simples";"Reta";"Urbano";2;0;0;0;2;0;0;2
83471341;"07/06/16";"Terça";"06:30:00";"SC";470;"59,9";"BLUMENAU";"Falta de atenção";"Colisão com bicicleta";"Com Vítimas Feridas";"Amanhecer";"Decrescente";"Ceu Claro";"Simples";"Reta";"Urbano";2;0;1;1;0;0;2;2
83471342;"06/06/16";"Segunda";"20:30:00";"MT";158;"401,3";"RIBEIRAO CASCALHEIRA";"Outras";"Incêndio";"Com Vítimas Feridas";"Plena noite";"Crescente";"Ceu Claro";"Simples";"Reta";"Rural";1;0;1;0;0;0;1;1
83471343;"06/06/16";"Segunda";"18:30:00";"RJ";465;"1";"SEROPEDICA";"Falta de atenção";"Colisão Transversal";"Com Vítimas Feridas";"Plena noite";"Crescente";"Nublado";"Simples";"Reta";"Rural";2;0;1;0;1;0;1;2
83471344;"07/06/16";"Terça";"05:30:00";"SP";116;"567";"BARRA DO TURVO";"Dormindo";"Tombamento";"Sem Vítimas";"Plena noite";"Decrescente";"Chuva";"Dupla";"Reta";"Rural";1;0;0;0;1;0;0;1
83471345;"07/06/16";"Terça";"04:30:00";"SP";116;"39";"CACHOEIRA PAULISTA";"Falta de atenção";"Colisão traseira";"Com Vítimas Feridas";"Plena noite";"Decrescente";"Chuva";"Dupla";"Reta";"Rural";2;0;1;0;1;0;1;2
83471346;"03/06/16";"Sexta";"05:35:00";"DF";40;"6";"BRASILIA";"Outras";"Colisão Transversal";"Com Vítimas Feridas";"Amanhecer";"Decrescente";"Ceu Claro";"Dupla";"Reta";"Urbano";2;0;1;0;1;0;1;2
83471347;"06/06/16";"Segunda";"14:45:00";"PR";487;"190,2";"CAMPO MOURAO";"Falta de atenção";"Colisão com bicicleta";"Com Vítimas Feridas";"Pleno dia";"Crescente";"Nublado";"Dupla";"Cruzamento";"Urbano";2;0;1;0;1;0;1;2
83471348;"03/06/16";"Sexta";"23:00:00";"PR";369;"159,9";"CAMBE";"Outras";"Queda de motocicleta / bicicleta / veículo";"Com Vítimas Feridas";"Plena noite";"Decrescente";"Ceu Claro";"Dupla";"Reta";"Urbano";1;0;1;0;0;0;1;1
83471349;"06/06/16";"Segunda";"18:00:00";"RJ";465;"0";"SEROPEDICA";"Desobediência à sinalização";"Colisão traseira";"Com Vítimas Feridas";"Plena noite";"Crescente";"Chuva";"Múltipla";"Reta";"Urbano";7;0;4;2;1;0;6;2
83471350;"05/06/16";"Domingo";"01:15:00";"PA";230;"626";"ALTAMIRA";"Falta de atenção";"Saída de Pista";"Com Vítimas Fatais";"Plena noite";"Crescente";"Ceu Claro";"Simples";"Curva";"Urbano";4;1;2;1;0;0;3;1
83471351;"07/06/16";"Terça";"07:10:00";"RJ";40;"6";"COMENDADOR LEVY GASPARIAN";"Velocidade incompatível";"Colisão com objeto fixo";"Sem Vítimas";"Pleno dia";"Decrescente";"Nublado";"Dupla";"Curva";"Rural";1;0;0;0;1;0;0;1
83471352;"06/06/16";"Segunda";"08:30:00";"MT";174;"27";"CACERES";"Animais na Pista";"Atropelamento de animal";"Com Vítimas Feridas";"Pleno dia";"Decrescente";"Sol";"Simples";"Reta";"Rural";1;0;1;0;0;0;1;1
83471353;"04/06/16";"Sábado";"01:10:00";"SP";116;"80,5";"ROSEIRA";"Defeito mecânico em veículo";"Saída de Pista";"Sem Vítimas";"Plena noite";"Decrescente";"Nublado";"Dupla";"Reta";"Rural";1;0;0;0;1;0;0;1
83471354;"01/06/16";"Quarta";"11:20:00";"MG";40;"528";"CONTAGEM";"Outras";"Colisão traseira";"Com Vítimas Feridas";"Pleno dia";"Crescente";"Ceu Claro";"Múltipla";"Reta";"Urbano";2;0;1;0;1;0;1;2
83471355;"07/06/16";"Terça";"06:00:00";"CE";222;"197,5";"FORQUILHA";"Velocidade incompatível";"Saída de Pista";"Sem Vítimas";"Amanhecer";"Decrescente";"Nublado";"Simples";"Curva";"Rural";1;0;0;0;1;0;0;1
83471356;"22/05/16";"Domingo";"23:00:00";"RJ";101;"202";"CASIMIRO DE ABREU";"Falta de atenção";"Colisão com objeto fixo";"Sem Vítimas";"Plena noite";"Decrescente";"Ceu Claro";"Dupla";"Reta";"Urbano";1;0;0;0;1;0;0;1
83471357;"05/06/16";"Domingo";"17:55:00";"TO";242;"401,2";"GURUPI";"Falta de atenção";"Colisão traseira";"Com Vítimas Fatais";"Anoitecer";"Crescente";"Ceu Claro";"Simples";"Reta";"Rural";2;1;0;0;1;0;0;2
83471358;"31/05/16";"Terça";"06:00:00";"PR";277;"118";"CAMPO LARGO";"Falta de atenção";"Colisão Transversal";"Sem Vítimas";"Amanhecer";"Decrescente";"Nublado";"Dupla";"Reta";"Urbano";2;0;0;0;1;1;0;2
83471359;"07/06/16";"Terça";"07:10:00";"GO";50;"280,3";"CATALAO";"Desobediência à sinalização";"Colisão Transversal";"Sem Vítimas";"Pleno dia";"Decrescente";"Nublado";"Dupla";"Cruzamento";"Urbano";2;0;0;0;2;0;0;2
83471360;"07/06/16";"Terça";"04:30:00";"PR";376;"601";"CURITIBA";"Outras";"Saída de Pista";"Com Vítimas Fatais";"Plena noite";"Decrescente";"Nublado";"Dupla";"Curva";"Rural";1;1;0;0;0;0;0;1
83471361;"07/06/16";"Terça";"07:15:00";"SC";101;"213";"PALHOCA";"Falta de atenção";"Colisão traseira";"Com Vítimas Feridas";"Pleno dia";"Decrescente";"Ceu Claro";"Dupla";"Reta";"Urbano";2;0;1;0;0;1;1;2
83471362;"28/05/16";"Sábado";"04:50:00";"RJ";116;"305";"RESENDE";"Falta de atenção";"Colisão traseira";"Com Vítimas Feridas";"Plena noite";"Decrescente";"Nublado";"Dupla";"Reta";"Urbano";2;0;1;1;0;0;2;2
83471363;"03/06/16";"Sexta";"18:30:00";"RS";116;"221,5";"DOIS IRMAOS";"Falta de atenção";"Colisão com objeto fixo";"Com Vítimas Feridas";"Plena noite";"Crescente";"Nublado";"Simples";"Curva";"Rural";1;0;1;0;0;0;1;1
83471364;"02/05/16";"Segunda";"07:20:00";"PR";277;"651";"MATELANDIA";"Falta de atenção";"Colisão traseira";"Sem Vítimas";"Pleno dia";"Crescente";"Sol";"Simples";"Reta";"Rural";3;0;0;0;3;0;0;3
83471365;"07/06/16";"Terça";"08:40:00";"RS";285;"458,1";"IJUI";"Falta de atenção";"Colisão traseira";"Sem Vítimas";"Pleno dia";"Decrescente";"Nevoeiro/neblina";"Simples";"Curva";"Urbano";3;0;0;0;3;0;0;2
83471366;"21/04/16";"Quinta";"06:20:00";"SC";101;"147,9";"ITAPEMA";"Velocidade incompatível";"Saída de Pista";"Ignorado";"Amanhecer";"Crescente";"Sol";"Dupla";"Reta";"Urbano";1;0;0;0;0;1;0;1
83471367;"05/06/16";"Domingo";"15:00:00";"MG";262;"0";"MANHUACU";"Falta de atenção";"Colisão Transversal";"Com Vítimas Feridas";"Pleno dia";"Decrescente";"Sol";"Simples";"Reta";"Urbano";2;0;1;0;1;0;1;2
83471370;"20/04/16";"Quarta";"23:00:00";"GO";80;"90";"VILA PROPICIO";"Dormindo";"Saída de Pista";"Com Vítimas Feridas";"Plena noite";"Crescente";"Ceu Claro";"Simples";"Reta";"Rural";5;0;2;3;0;0;5;1
83471371;"04/06/16";"Sábado";"06:30:00";"RO";364;"302,1";"PRESIDENTE MEDICI";"Falta de atenção";"Colisão lateral";"Sem Vítimas";"Pleno dia";"Crescente";"Ceu Claro";"Simples";"Reta";"Rural";3;0;0;0;3;0;0;3
83471373;"20/05/16";"Sexta";"13:40:00";"BA";101;"130";"TEODORO SAMPAIO";"Outras";"Colisão com objeto fixo";"Com Vítimas Feridas";"Pleno dia";"Crescente";"Chuva";"Simples";"Curva";"Rural";4;0;2;0;2;0;2;1
83471374;"12/04/16";"Terça";"10:40:00";"PR";376;"171";"MARINGA";"Outras";"Colisão lateral";"Sem Vítimas";"Pleno dia";"Crescente";"Ignorada";"Dupla";"Cruzamento";"Urbano";2;0;0;0;1;1;0;2
83471375;"02/06/16";"Quinta";"19:20:00";"PR";277;"689,6";"SAO MIGUEL DO IGUACU";"Velocidade incompatível";"Tombamento";"Com Vítimas Feridas";"Plena noite";"Decrescente";"Ceu Claro";"Dupla";"Curva";"Urbano";2;0;0;1;1;0;1;2
83471376;"05/06/16";"Domingo";"04:40:00";"SC";101;"160,7";"TIJUCAS";"Velocidade incompatível";"Saída de Pista";"Sem Vítimas";"Plena noite";"Decrescente";"Nublado";"Dupla";"Reta";"Urbano";1;0;0;0;1;0;0;1
83471377;"31/05/16";"Terça";"20:40:00";"BA";101;"21";"RIO REAL";"Falta de atenção";"Tombamento";"Sem Vítimas";"Plena noite";"Decrescente";"Nublado";"Simples";"Reta";"Urbano";1;0;0;0;1;0;0;1
83471378;"06/06/16";"Segunda";"02:00:00";"ES";262;"105";"VENDA NOVA DO IMIGRANTE";"Falta de atenção";"Atropelamento de pessoa";"Com Vítimas Fatais";"Plena noite";"Decrescente";"Ceu Claro";"Simples";"Reta";"Urbano";2;1;0;0;1;0;0;1
83471379;"04/06/16";"Sábado";"07:45:00";"PR";158;"401";"LARANJEIRAS DO SUL";"Velocidade incompatível";"Saída de Pista";"Com Vítimas Feridas";"Amanhecer";"Crescente";"Ceu Claro";"Simples";"Curva";"Urbano";2;0;0;2;0;0;2;1
83471380;"04/06/16";"Sábado";"16:15:00";"BA";324;"539";"AMELIA RODRIGUES";"Outras";"Colisão lateral";"Com Vítimas Feridas";"Pleno dia";"Decrescente";"Ceu Claro";"Dupla";"Reta";"Rural";2;0;0;1;1;0;1;2
83471381;"03/06/16";"Sexta";"15:15:00";"CE";116;"5";"FORTALEZA";"Não guardar distância de segurança";"Colisão traseira";"Sem Vítimas";"Pleno dia";"Decrescente";"Ceu Claro";"Múltipla";"Curva";"Urbano";2;0;0;0;2;0;0;2
83471382;"07/06/16";"Terça";"07:40:00";"SC";101;"211,4";"PALHOCA";"Outras";"Colisão com objeto fixo";"Com Vítimas Feridas";"Amanhecer";"Decrescente";"Ceu Claro";"Dupla";"Reta";"Urbano";1;0;1;0;0;0;1;1
83471383;"29/05/16";"Domingo";"16:30:00";"SC";282;"574,4";"PINHALZINHO";"Outras";"Colisão traseira";"Sem Vítimas";"Pleno dia";"Crescente";"Nublado";"Simples";"Reta";"Rural";4;0;0;0;3;1;0;4
83471384;"04/06/16";"Sábado";"03:40:00";"MG";381;"672,2";"PERDOES";"Velocidade incompatível";"Colisão com objeto fixo";"Sem Vítimas";"Plena noite";"Crescente";"Chuva";"Dupla";"Curva";"Rural";1;0;0;0;1;0;0;1
83471385;"05/06/16";"Domingo";"23:00:00";"GO";364;"385";"SANTA RITA DO ARAGUAIA";"Ingestão de álcool";"Colisão frontal";"Com Vítimas Feridas";"Plena noite";"Crescente";"Ceu Claro";"Dupla";"Reta";"Urbano";2;0;0;1;1;0;1;2
83471386;"30/05/16";"Segunda";"22:30:00";"RO";364;"326";"JI-PARANA";"Outras";"Saída de Pista";"Com Vítimas Feridas";"Plena noite";"Crescente";"Ignorada";"Simples";"Reta";"Rural";2;0;0;1;1;0;1;1
83471387;"01/06/16";"Quarta";"19:10:00";"MG";50;"83";"UBERLANDIA";"Não guardar distância de segurança";"Colisão traseira";"Com Vítimas Feridas";"Plena noite";"Crescente";"Nublado";"Dupla";"Reta";"Rural";2;0;0;1;1;0;1;2
83471388;"31/05/16";"Terça";"06:50:00";"PE";423;"101";"GARANHUNS";"Outras";"Colisão traseira";"Com Vítimas Feridas";"Amanhecer";"Decrescente";"Ceu Claro";"Simples";"Reta";"Rural";2;0;1;0;1;0;1;2
83471389;"31/05/16";"Terça";"08:05:00";"GO";60;"96,5";"ANAPOLIS";"Falta de atenção";"Colisão Transversal";"Com Vítimas Feridas";"Pleno dia";"Crescente";"Ceu Claro";"Dupla";"Reta";"Urbano";2;0;0;2;0;0;2;2
83471390;"27/05/16";"Sexta";"04:00:00";"SC";280;"57";"GUARAMIRIM";"Falta de atenção";"Colisão com objeto fixo";"Com Vítimas Feridas";"Plena noite";"Decrescente";"Chuva";"Simples";"Curva";"Urbano";1;0;1;0;0;0;1;1
83471391;"07/06/16";"Terça";"06:30:00";"BA";101;"2,2";"RIO REAL";"Falta de atenção";"Colisão traseira";"Com Vítimas Feridas";"Pleno dia";"Crescente";"Ceu Claro";"Simples";"Curva";"Rural";3;0;1;0;2;0;1;2
83471392;"07/06/16";"Terça";"07:55:00";"RN";101;"79";"NATAL";"Ingestão de álcool";"Colisão lateral";"Com Vítimas Feridas";"Pleno dia";"Decrescente";"Ceu Claro";"Dupla";"Reta";"Urbano";2;0;1;0;1;0;1;2
83471393;"04/06/16";"Sábado";"22:30:00";"SP";116;"320,5";"JUQUITIBA";"Outras";"Atropelamento de pessoa";"Com Vítimas Feridas";"Plena noite";"Crescente";"Nublado";"Dupla";"Reta";"Urbano";2;0;0;1;0;1;1;1
83471394;"03/06/16";"Sexta";"10:00:00";"PR";476;"132";"CURITIBA";"Não guardar distância de segurança";"Colisão traseira";"Com Vítimas Feridas";"Pleno dia";"Decrescente";"Nublado";"Múltipla";"Reta";"Urbano";3;0;0;1;2;0;1;2
83471395;"03/06/16";"Sexta";"20:00:00";"RJ";116;"129";"MAGE";"Ingestão de álcool";"Colisão com objeto fixo";"Sem Vítimas";"Plena noite";"Decrescente";"Nublado";"Dupla";"Reta";"Rural";1;0;0;0;1;0;0;1
83471396;"07/06/16";"Terça";"07:45:00";"MG";381;"912,9";"CAMANDUCAIA";"Velocidade incompatível";"Capotamento";"Sem Vítimas";"Pleno dia";"Decrescente";"Chuva";"Dupla";"Curva";"Rural";1;0;0;0;1;0;0;1
83471397;"30/05/16";"Segunda";"20:30:00";"SC";280;"74,2";"JARAGUA DO SUL";"Falta de atenção";"Colisão lateral";"Com Vítimas Feridas";"Plena noite";"Crescente";"Ceu Claro";"Simples";"Curva";"Urbano";2;0;0;1;1;0;1;2
83471398;"29/05/16";"Domingo";"17:00:00";"SP";116;"88";"PINDAMONHANGABA";"Não guardar distância de segurança";"Colisão traseira";"Com Vítimas Feridas";"Pleno dia";"Crescente";"Ceu Claro";"Múltipla";"Reta";"Urbano";4;0;1;0;3;0;1;3
83471399;"04/06/16";"Sábado";"04:00:00";"SC";280;"8,9";"SAO FRANCISCO DO SUL";"Dormindo";"Colisão com objeto fixo";"Com Vítimas Feridas";"Plena noite";"Decrescente";"Ceu Claro";"Simples";"Reta";"Urbano";2;0;1;0;1;0;1;2
83471400;"03/06/16";"Sexta";"23:15:00";"GO";40;"14";"LUZIANIA";"Ingestão de álcool";"Colisão com objeto fixo";"Sem Vítimas";"Plena noite";"Crescente";"Ceu Claro";"Dupla";"Reta";"Urbano";2;0;0;0;2;0;0;2
83471401;"07/06/16";"Terça";"09:20:00";"SC";470;"143";"RIO DO SUL";"Falta de atenção";"Colisão Transversal";"Com Vítimas Feridas";"Pleno dia";"Crescente";"Sol";"Simples";"Cruzamento";"Urbano";2;0;0;1;1;0;1;2
83471402;"04/06/16";"Sábado";"07:45:00";"RJ";40;"84";"PETROPOLIS";"Velocidade incompatível";"Capotamento";"Sem Vítimas";"Pleno dia";"Decrescente";"Ceu Claro";"Simples";"Reta";"Rural";1;0;0;0;1;0;0;1
83471403;"07/06/16";"Terça";"10:35:00";"MG";381;"762,5";"CAMPANHA";"Falta de atenção";"Colisão traseira";"Com Vítimas Feridas";"Pleno dia";"Crescente";"Nublado";"Dupla";"Reta";"Rural";5;0;1;0;4;0;1;2