"id";"data_inversa";"dia_semana";"horario";"uf";"br";"km";"municipio";"causa_acidente";"tipo_acidente";"classificacao_acidente";"fase_dia";"sentido_via";"condicao_metereologica";"tipo_pista";"tracado_via";"uso_solo";"pessoas";"mortos";"feridos_leves";"feridos_graves";"ilesos";"ignorados";"feridos";"veiculos"
83471517;"07/06/16";"Terça";"08:45:00";"RN";101;"101,8";"PARNAMIRIM";"Falta de atenção";"Colisão traseira";"Sem Vítimas";"Pleno dia";"Crescente";"Ceu Claro";"Dupla";"Reta";"Urbano";4;0;0;0;4;0;0;4
83471519;"07/06/16";"Terça";"14:40:00";"SC";101;"79";"ARAQUARI";"Não guardar distância de segurança";"Colisão traseira";"Sem Vítimas";"Pleno dia";"Decrescente";"Ceu Claro";"Simples";"Reta";"Rural";2;0;0;0;2;0;0;2
83471520;"03/06/16";"Sexta";"12:20:00";"MG";40;"469,5";"SETE LAGOAS";"Velocidade incompatível";"Saída de Pista";"Com Vítimas Feridas";"Pleno dia";"Decrescente";"Chuva";"Múltipla";"Curva";"Rural";1;0;1;0;0;0;1;1
83471521;"07/06/16";"Terça";"16:40:00";"RS";290;"523,1";"ROSARIO DO SUL";"Outras";"Colisão Transversal";"Com Vítimas Feridas";"Pleno dia";"Decrescente";"Sol";"Simples";"Reta";"Rural";2;0;1;0;1;0;1;2
83471522;"07/06/16";"Terça";"16:50:00";"PB";230;"459,2";"SOUSA";"Animais na Pista";"Atropelamento de animal";"Com Vítimas Feridas";"Pleno dia";"Decrescente";"Ceu Claro";"Simples";"Reta";"Urbano";3;0;1;0;1;1;1;2
83471523;"07/06/16";"Terça";"17:50:00";"SC";282;"590,2";"SAUDADES";"Ultrapassagem indevida";"Colisão Transversal";"Sem Vítimas";"Anoitecer";"Decrescente";"Ceu Claro";"Simples";"Reta";"Rural";2;0;0;0;2;0;0;2
83471524;"07/06/16";"Terça";"18:00:00";"MG";262;"477,8";"BOM DESPACHO";"Falta de atenção";"Colisão lateral";"Sem Vítimas";"Plena noite";"Crescente";"Nublado";"Simples";"Reta";"Urbano";2;0;0;0;2;0;0;2
83471525;"07/06/16";"Terça";"14:40:00";"CE";222;"4,3";"FORTALEZA";"Outras";"Atropelamento de pessoa";"Com Vítimas Feridas";"Pleno dia";"Decrescente";"Ceu Claro";"Múltipla";"Reta";"Urbano";2;0;1;0;0;1;1;1
83471526;"04/06/16";"Sábado";"01:30:00";"RS";116;"257";"ESTEIO";"Defeito na via";"Saída de Pista";"Com Vítimas Feridas";"Pleno dia";"Crescente";"Nublado";"Dupla";"Curva";"Urbano";2;0;1;0;1;0;1;1
83471527;"07/06/16";"Terça";"18:20:00";"PB";230;"467";"SOUSA";"Animais na Pista";"Atropelamento de animal";"Com Vítimas Feridas";"Anoitecer";"Decrescente";"Ceu Claro";"Simples";"Reta";"Urbano";1;0;1;0;0;0;1;1
83471528;"04/06/16";"Sábado";"03:50:00";"MG";381;"855";"POUSO ALEGRE";"Dormindo";"Saída de Pista";"Sem Vítimas";"Plena noite";"Decrescente";"Nublado";"Dupla";"Reta";"Rural";1;0;0;0;1;0;0;1
83471529;"07/06/16";"Terça";"17:00:00";"MG";381;"528,3";"BRUMADINHO";"Velocidade incompatível";"Saída de Pista";"Sem Vítimas";"Anoitecer";"Crescente";"Nublado";"Dupla";"Curva";"Rural";1;0;0;0;1;0;0;1
83471530;"03/06/16";"Sexta";"07:15:00";"MG";153;"94";"PRATA";"Outras";"Colisão lateral";"Sem Vítimas";"Pleno dia";"Decrescente";"Nublado";"Simples";"Reta";"Rural";2;0;0;0;2;0;0;2
83471531;"07/06/16";"Terça";"12:20:00";"MG";116;"765";"LEOPOLDINA";"Falta de atenção";"Colisão Transversal";"Com Vítimas Feridas";"Pleno dia";"Crescente";"Nublado";"Simples";"Reta";"Urbano";2;0;1;0;1;0;1;2
83471532;"07/06/16";"Terça";"18:35:00";"MG";381;"745,7";"TRES CORACOES";"Velocidade incompatível";"Saída de Pista";"Sem Vítimas";"Anoitecer";"Decrescente";"Chuva";"Dupla";"Curva";"Rural";1;0;0;0;1;0;0;1
83471533;"07/06/16";"Terça";"18:30:00";"SC";280;"49,8";"GUARAMIRIM";"Falta de atenção";"Colisão lateral";"Com Vítimas Feridas";"Plena noite";"Crescente";"Ceu Claro";"Simples";"Reta";"Urbano";2;0;1;0;1;0;1;2
83471534;"07/06/16";"Terça";"16:45:00";"SC";101;"204";"SAO JOSE";"Falta de atenção";"Colisão com objeto fixo";"Sem Vítimas";"Pleno dia";"Decrescente";"Ceu Claro";"Dupla";"Reta";"Urbano";1;0;0;0;1;0;0;1
83471535;"07/06/16";"Terça";"18:50:00";"PR";272;"361";"CAMPO MOURAO";"Ingestão de álcool";"Colisão com bicicleta";"Com Vítimas Feridas";"Anoitecer";"Crescente";"Ceu Claro";"Dupla";"Reta";"Urbano";2;0;1;0;1;0;1;2
83471536;"07/06/16";"Terça";"11:40:00";"MT";364;"357";"SANTO ANTONIO DO LEVERGER";"Outras";"Saída de Pista";"Com Vítimas Feridas";"Pleno dia";"Decrescente";"Nublado";"Dupla";"Curva";"Rural";7;0;7;0;0;0;7;1
83471537;"07/06/16";"Terça";"09:30:00";"MG";262;"627,5";"IBIA";"Outras";"Capotamento";"Com Vítimas Feridas";"Pleno dia";"Decrescente";"Nublado";"Simples";"Reta";"Rural";1;0;1;0;0;0;1;1
83471538;"04/06/16";"Sábado";"09:20:00";"BA";324;"369";"SAO JOSE DO JACUIPE";"Outras";"Colisão traseira";"Sem Vítimas";"Pleno dia";"Decrescente";"Ceu Claro";"Simples";"Reta";"Urbano";3;0;0;0;3;0;0;3
83471539;"07/06/16";"Terça";"04:35:00";"PR";277;"73";"SAO JOSE DOS PINHAIS";"Falta de atenção";"Colisão traseira";"Sem Vítimas";"Pleno dia";"Crescente";"Ceu Claro";"Dupla";"Reta";"Urbano";2;0;0;0;2;0;0;2
83471540;"07/06/16";"Terça";"17:40:00";"CE";222;"4";"CAUCAIA";"Ingestão de álcool";"Capotamento";"Sem Vítimas";"Anoitecer";"Decrescente";"Ceu Claro";"Múltipla";"Reta";"Urbano";1;0;0;0;1;0;0;1
83471541;"04/06/16";"Sábado";"06:20:00";"MG";381;"876,5";"ESTIVA";"Velocidade incompatível";"Colisão lateral";"Com Vítimas Feridas";"Amanhecer";"Decrescente";"Chuva";"Dupla";"Curva";"Rural";4;0;1;0;3;0;1;3
83471542;"07/06/16";"Terça";"04:00:00";"PI";343;"292,8";"ALTOS";"Dormindo";"Tombamento";"Com Vítimas Feridas";"Plena noite";"Crescente";"Ceu Claro";"Simples";"Reta";"Rural";1;0;1;0;0;0;1;1
83471543;"02/06/16";"Quinta";"07:20:00";"MG";381;"526";"BRUMADINHO";"Velocidade incompatível";"Capotamento";"Com Vítimas Feridas";"Amanhecer";"Crescente";"Chuva";"Dupla";"Curva";"Rural";1;0;1;0;0;0;1;1
83471544;"07/06/16";"Terça";"19:00:00";"MG";40;"606,1";"CONGONHAS";"Velocidade incompatível";"Colisão lateral";"Sem Vítimas";"Plena noite";"Crescente";"Chuva";"Simples";"Curva";"Rural";3;0;0;0;3;0;0;3
83471545;"07/06/16";"Terça";"16:15:00";"MA";10;"178";"CAMPESTRE DO MARANHAO";"Desobediência à sinalização";"Colisão lateral";"Sem Vítimas";"Pleno dia";"Crescente";"Ceu Claro";"Simples";"Reta";"Urbano";2;0;0;0;2;0;0;2
83471546;"07/06/16";"Terça";"10:30:00";"GO";70;"2";"AGUAS LINDAS DE GOIAS";"Defeito na via";"Saída de Pista";"Com Vítimas Feridas";"Pleno dia";"Decrescente";"Sol";"Dupla";"Curva";"Urbano";1;0;1;0;0;0;1;1
83471547;"07/06/16";"Terça";"18:10:00";"PE";232;"182,6";"BELO JARDIM";"Outras";"Colisão Transversal";"Com Vítimas Fatais";"Plena noite";"Crescente";"Ceu Claro";"Simples";"Reta";"Rural";3;1;0;2;0;0;2;2
83471549;"06/06/16";"Segunda";"06:45:00";"ES";101;"131";"LINHARES";"Falta de atenção";"Colisão Transversal";"Com Vítimas Feridas";"Amanhecer";"Decrescente";"Ceu Claro";"Simples";"Reta";"Urbano";3;0;1;0;2;0;1;2
83471550;"07/06/16";"Terça";"15:00:00";"PR";277;"325,5";"GUARAPUAVA";"Velocidade incompatível";"Colisão traseira";"Com Vítimas Feridas";"Pleno dia";"Decrescente";"Sol";"Simples";"Curva";"Rural";2;0;1;0;1;0;1;2
83471551;"04/06/16";"Sábado";"04:45:00";"BA";324;"622";"SALVADOR";"Ingestão de álcool";"Colisão lateral";"Com Vítimas Feridas";"Plena noite";"Crescente";"Ceu Claro";"Dupla";"Curva";"Urbano";2;0;1;0;1;0;1;2
83471552;"07/06/16";"Terça";"18:30:00";"RJ";101;"482";"ANGRA DOS REIS";"Desobediência à sinalização";"Colisão Transversal";"Sem Vítimas";"Plena noite";"Crescente";"Chuva";"Simples";"Reta";"Rural";2;0;0;0;2;0;0;2
83471553;"07/06/16";"Terça";"17:50:00";"PR";369;"139,2";"IBIPORA";"Desobediência à sinalização";"Colisão Transversal";"Com Vítimas Feridas";"Pleno dia";"Crescente";"Sol";"Simples";"Reta";"Urbano";2;0;0;1;1;0;1;2
83471554;"07/06/16";"Terça";"18:45:00";"RS";116;"241,8";"SAO LEOPOLDO";"Falta de atenção";"Atropelamento de pessoa";"Com Vítimas Feridas";"Anoitecer";"Decrescente";"Ceu Claro";"Dupla";"Reta";"Urbano";2;0;1;0;1;0;1;1
83471555;"07/06/16";"Terça";"19:45:00";"MA";316;"547,9";"CAXIAS";"Outras";"Saída de Pista";"Com Vítimas Feridas";"Plena noite";"Decrescente";"Ceu Claro";"Simples";"Reta";"Urbano";1;0;0;1;0;0;1;1
83471556;"06/06/16";"Segunda";"07:30:00";"MS";262;"777,8";"CORUMBA";"Velocidade incompatível";"Saída de Pista";"Sem Vítimas";"Pleno dia";"Decrescente";"Nublado";"Simples";"Curva";"Rural";1;0;0;0;1;0;0;1
83471557;"07/06/16";"Terça";"14:30:00";"GO";364;"352,2";"PORTELANDIA";"Falta de atenção";"Saída de Pista";"Sem Vítimas";"Pleno dia";"Crescente";"Ceu Claro";"Simples";"Curva";"Rural";1;0;0;0;1;0;0;1
83471558;"06/06/16";"Segunda";"07:30:00";"SP";381;"89";"SAO PAULO";"Não guardar distância de segurança";"Colisão lateral";"Com Vítimas Feridas";"Pleno dia";"Crescente";"Chuva";"Dupla";"Reta";"Urbano";3;0;1;0;2;0;1;3
83471559;"07/06/16";"Terça";"19:10:00";"ES";101;"283,5";"CARIACICA";"Falta de atenção";"Colisão traseira";"Com Vítimas Feridas";"Plena noite";"Decrescente";"Nublado";"Múltipla";"Reta";"Urbano";4;0;2;0;2;0;2;3
83471560;"07/06/16";"Terça";"17:30:00";"TO";226;"30";"DARCINOPOLIS";"Ultrapassagem indevida";"Colisão frontal";"Com Vítimas Feridas";"Anoitecer";"Crescente";"Ceu Claro";"Simples";"Curva";"Rural";2;0;0;1;1;0;1;2
83471561;"04/06/16";"Sábado";"10:15:00";"GO";153;"507,8";"APARECIDA DE GOIANIA";"Desobediência à sinalização";"Colisão lateral";"Com Vítimas Feridas";"Pleno dia";"Crescente";"Sol";"Dupla";"Reta";"Urbano";2;0;1;0;0;1;1;2
83471562;"07/06/16";"Terça";"15:00:00";"PE";232;"44,2";"VITORIA DE SANTO ANTAO";"Outras";"Colisão com objeto fixo";"Ignorado";"Pleno dia";"Decrescente";"Ceu Claro";"Simples";"Reta";"Rural";1;0;0;0;0;1;0;1
83471563;"07/06/16";"Terça";"18:29:00";"RO";319;"61,5";"PORTO VELHO";"Falta de atenção";"Colisão lateral";"Sem Vítimas";"Anoitecer";"Decrescente";"Ceu Claro";"Dupla";"Reta";"Urbano";2;0;0;0;2;0;0;2
83471564;"07/06/16";"Terça";"20:00:00";"RJ";116;"286";"BARRA MANSA";"Outras";"Colisão com objeto fixo";"Com Vítimas Feridas";"Plena noite";"Decrescente";"Chuva";"Dupla";"Reta";"Rural";2;0;0;1;0;1;1;2
83471565;"07/06/16";"Terça";"20:00:00";"MT";364;"208";"RONDONOPOLIS";"Desobediência à sinalização";"Queda de motocicleta / bicicleta / veículo";"Com Vítimas Feridas";"Plena noite";"Decrescente";"Ceu Claro";"Dupla";"Reta";"Urbano";1;0;1;0;0;0;1;1
83471566;"07/06/16";"Terça";"14:20:00";"GO";70;"9";"AGUAS LINDAS DE GOIAS";"Falta de atenção";"Queda de motocicleta / bicicleta / veículo";"Com Vítimas Feridas";"Pleno dia";"Crescente";"Sol";"Dupla";"Reta";"Urbano";1;0;1;0;0;0;1;1
83471567;"06/06/16";"Segunda";"19:25:00";"GO";40;"10";"LUZIANIA";"Falta de atenção";"Colisão traseira";"Com Vítimas Feridas";"Plena noite";"Decrescente";"Ceu Claro";"Dupla";"Reta";"Urbano";2;0;1;0;1;0;1;2
83471568;"03/06/16";"Sexta";"19:30:00";"PR";369;"499";"CORBELIA";"Ingestão de álcool";"Colisão traseira";"Com Vítimas Feridas";"Plena noite";"Crescente";"Ceu Claro";"Simples";"Reta";"Urbano";3;0;1;0;2;0;1;2
83471569;"07/06/16";"Terça";"18:40:00";"SC";101;"185,1";"BIGUACU";"Falta de atenção";"Colisão Transversal";"Com Vítimas Feridas";"Plena noite";"Crescente";"Ceu Claro";"Múltipla";"Cruzamento";"Urbano";2;0;2;0;0;0;2;2
83471570;"07/06/16";"Terça";"18:50:00";"BA";116;"413";"FEIRA DE SANTANA";"Outras";"Colisão Transversal";"Com Vítimas Feridas";"Plena noite";"Decrescente";"Ceu Claro";"Simples";"Reta";"Rural";2;0;1;0;1;0;1;2
83471571;"07/06/16";"Terça";"20:50:00";"PR";376;"490,7";"PONTA GROSSA";"Defeito mecânico em veículo";"Colisão traseira";"Sem Vítimas";"Plena noite";"Decrescente";"Ignorada";"Dupla";"Reta";"Urbano";2;0;0;0;2;0;0;2
83471572;"30/05/16";"Segunda";"18:10:00";"MG";116;"141";"PONTO DOS VOLANTES";"Outras";"Saída de Pista";"Sem Vítimas";"Plena noite";"Decrescente";"Ceu Claro";"Simples";"Reta";"Rural";1;0;0;0;1;0;0;1
83471573;"04/06/16";"Sábado";"22:30:00";"MA";222;"205,9";"ITAPECURU MIRIM";"Outras";"Colisão Transversal";"Com Vítimas Feridas";"Plena noite";"Decrescente";"Ceu Claro";"Simples";"Reta";"Urbano";4;0;0;3;0;1;3;2
83471574;"07/06/16";"Terça";"22:30:00";"PE";316;"82";"OURICURI";"Animais na Pista";"Atropelamento de animal";"Com Vítimas Feridas";"Plena noite";"Crescente";"Ceu Claro";"Simples";"Reta";"Urbano";1;0;1;0;0;0;1;1
83471575;"04/06/16";"Sábado";"04:30:00";"SC";470;"7,3";"NAVEGANTES";"Outras";"Colisão lateral";"Com Vítimas Feridas";"Plena noite";"Decrescente";"Nevoeiro/neblina";"Simples";"Reta";"Rural";4;0;2;0;1;1;2;4
83471576;"07/06/16";"Terça";"18:30:00";"GO";60;"95,6";"ANAPOLIS";"Não guardar distância de segurança";"Colisão lateral";"Com Vítimas Feridas";"Anoitecer";"Decrescente";"Nublado";"Dupla";"Reta";"Urbano";4;0;2;0;2;0;2;4
83471577;"07/06/16";"Terça";"16:00:00";"PR";277;"73";"SAO JOSE DOS PINHAIS";"Velocidade incompatível";"Saída de Pista";"Com Vítimas Feridas";"Pleno dia";"Decrescente";"Ceu Claro";"Dupla";"Reta";"Urbano";7;0;1;0;5;1;1;3
83471578;"07/06/16";"Terça";"21:59:00";"PR";116;"130";"MANDIRITUBA";"Ingestão de álcool";"Saída de Pista";"Sem Vítimas";"Plena noite";"Crescente";"Nevoeiro/neblina";"Dupla";"Reta";"Urbano";1;0;0;0;1;0;0;1
83471579;"07/06/16";"Terça";"21:50:00";"SC";101;"219";"PALHOCA";"Outras";"Colisão traseira";"Sem Vítimas";"Plena noite";"Decrescente";"Ceu Claro";"Dupla";"Reta";"Urbano";3;0;0;0;3;0;0;3
83471580;"07/06/16";"Terça";"19:20:00";"ES";262;"142,4";"MUNIZ FREIRE";"Falta de atenção";"Colisão Transversal";"Com Vítimas Feridas";"Plena noite";"Decrescente";"Nublado";"Simples";"Reta";"Rural";2;0;1;0;1;0;1;2
83471581;"19/05/16";"Quinta";"05:30:00";"MG";381;"722";"CARMO DA CACHOEIRA";"Outras";"Saída de Pista";"Com Vítimas Feridas";"Amanhecer";"Decrescente";"Chuva";"Dupla";"Reta";"Rural";1;0;1;0;0;0;1;1
83471582;"07/06/16";"Terça";"18:30:00";"PR";277;"653";"MATELANDIA";"Ingestão de álcool";"Saída de Pista";"Com Vítimas Feridas";"Plena noite";"Decrescente";"Nublado";"Simples";"Reta";"Rural";3;0;0;2;0;1;2;1
83471583;"07/06/16";"Terça";"20:10:00";"PR";153;"35,5";"SANTO ANTONIO DA PLATINA";"Ingestão de álcool";"Colisão lateral";"Sem Vítimas";"Plena noite";"Decrescente";"Nublado";"Simples";"Reta";"Rural";4;0;0;0;4;0;0;2
83471584;"07/06/16";"Terça";"10:40:00";"PA";316;"12";"MARITUBA";"Não guardar distância de segurança";"Colisão traseira";"Com Vítimas Feridas";"Pleno dia";"Decrescente";"Ceu Claro";"Dupla";"Reta";"Urbano";4;0;1;0;3;0;1;4
83471585;"04/06/16";"Sábado";"18:45:00";"SP";116;"213";"GUARULHOS";"Outras";"Colisão com objeto fixo";"Sem Vítimas";"Plena noite";"Crescente";"Chuva";"Múltipla";"Reta";"Urbano";1;0;0;0;1;0;0;1
83471586;"07/06/16";"Terça";"06:20:00";"BA";116;"818,1";"VITORIA DA CONQUISTA";"Ingestão de álcool";"Atropelamento de pessoa";"Com Vítimas Feridas";"Amanhecer";"Decrescente";"Ceu Claro";"Simples";"Reta";"Rural";2;0;1;0;1;0;1;1
83471587;"07/06/16";"Terça";"18:30:00";"PR";369;"173,5";"ROLANDIA";"Outras";"Colisão Transversal";"Com Vítimas Feridas";"Plena noite";"Crescente";"Ceu Claro";"Simples";"Reta";"Urbano";2;0;1;0;1;0;1;2
83471588;"07/06/16";"Terça";"18:00:00";"TO";230;"75";"CACHOEIRINHA";"Velocidade incompatível";"Saída de Pista";"Ignorado";"Anoitecer";"Decrescente";"Ceu Claro";"Simples";"Curva";"Urbano";1;0;0;0;0;1;0;1
83471590;"07/06/16";"Terça";"21:20:00";"PE";101;"49";"ABREU E LIMA";"Falta de atenção";"Colisão traseira";"Com Vítimas Feridas";"Plena noite";"Decrescente";"Vento";"Múltipla";"Reta";"Urbano";3;0;2;0;1;0;2;2
83471591;"07/06/16";"Terça";"15:25:00";"RN";101;"165";"CANGUARETAMA";"Dormindo";"Colisão traseira";"Com Vítimas Feridas";"Pleno dia";"Decrescente";"Ceu Claro";"Dupla";"Reta";"Rural";3;0;0;1;2;0;1;2
83471592;"07/06/16";"Terça";"17:00:00";"PR";369;"156";"LONDRINA";"Outras";"Colisão traseira";"Com Vítimas Feridas";"Pleno dia";"Decrescente";"Nublado";"Dupla";"Cruzamento";"Urbano";2;0;0;1;1;0;1;2
83471593;"07/06/16";"Terça";"13:05:00";"PR";116;"30";"CAMPINA GRANDE DO SUL";"Velocidade incompatível";"Tombamento";"Com Vítimas Feridas";"Pleno dia";"Decrescente";"Sol";"Dupla";"Curva";"Rural";2;0;2;0;0;0;2;1
83471594;"07/06/16";"Terça";"23:00:00";"RS";290;"585";"ALEGRETE";"Animais na Pista";"Atropelamento de animal";"Sem Vítimas";"Plena noite";"Decrescente";"Ceu Claro";"Simples";"Reta";"Rural";1;0;0;0;1;0;0;1
83471595;"07/06/16";"Terça";"18:50:00";"PB";101;"107";"ALHANDRA";"Outras";"Tombamento";"Sem Vítimas";"Plena noite";"Decrescente";"Ceu Claro";"Dupla";"Reta";"Rural";1;0;0;0;1;0;0;1
83471596;"07/06/16";"Terça";"14:10:00";"RO";364;"357,7";"JI-PARANA";"Dormindo";"Saída de Pista";"Com Vítimas Feridas";"Pleno dia";"Crescente";"Ceu Claro";"Simples";"Reta";"Rural";2;0;0;1;1;0;1;1
83471597;"05/05/16";"Quinta";"17:30:00";"BA";101;"764";"ITABELA";"Outras";"Atropelamento de pessoa";"Com Vítimas Feridas";"Anoitecer";"Crescente";"Ceu Claro";"Simples";"Reta";"Rural";2;0;0;1;0;1;1;1
83471598;"08/06/16";"Quarta";"00:05:00";"PR";376;"183,9";"SARANDI";"Outras";"Queda de motocicleta / bicicleta / veículo";"Com Vítimas Feridas";"Plena noite";"Crescente";"Nublado";"Dupla";"Reta";"Urbano";1;0;0;1;0;0;1;1
83471599;"29/05/16";"Domingo";"17:05:00";"RN";110;"4,4";"AREIA BRANCA";"Outras";"Colisão frontal";"Com Vítimas Feridas";"Anoitecer";"Decrescente";"Ceu Claro";"Simples";"Reta";"Urbano";6;0;5;1;0;0;6;2
83471600;"27/05/16";"Sexta";"21:30:00";"BA";101;"504";"ITABUNA";"Outras";"Capotamento";"Com Vítimas Feridas";"Plena noite";"Crescente";"Ceu Claro";"Simples";"Reta";"Urbano";1;0;0;1;0;0;1;1
83471601;"30/05/16";"Segunda";"10:20:00";"RJ";465;"12";"NOVA IGUACU";"Falta de atenção";"Colisão Transversal";"Com Vítimas Feridas";"Pleno dia";"Decrescente";"Sol";"Simples";"Reta";"Rural";2;0;1;0;0;1;1;2
83471602;"22/05/16";"Domingo";"21:45:00";"RJ";116;"215";"PARACAMBI";"Outras";"Saída de Pista";"Sem Vítimas";"Plena noite";"Decrescente";"Ceu Claro";"Dupla";"Curva";"Rural";1;0;0;0;1;0;0;1
83471603;"07/06/16";"Terça";"22:00:00";"ES";101;"402";"ITAPEMIRIM";"Velocidade incompatível";"Colisão frontal";"Com Vítimas Fatais";"Plena noite";"Decrescente";"Chuva";"Simples";"Curva";"Rural";2;1;0;0;1;0;0;2
83471604;"02/05/16";"Segunda";"19:00:00";"RS";287;"241";"SANTA MARIA";"Não guardar distância de segurança";"Colisão traseira";"Com Vítimas Feridas";"Plena noite";"Crescente";"Nublado";"Simples";"Reta";"Urbano";2;0;1;0;1;0;1;2
83471605;"07/06/16";"Terça";"22:45:00";"MG";40;"524";"CONTAGEM";"Outras";"Saída de Pista";"Com Vítimas Feridas";"Plena noite";"Decrescente";"Nublado";"Dupla";"Reta";"Urbano";1;0;0;1;0;0;1;1
83471606;"07/06/16";"Terça";"18:00:00";"RS";116;"235,5";"NOVO HAMBURGO";"Falta de atenção";"Tombamento";"Com Vítimas Feridas";"Plena noite";"Decrescente";"Ceu Claro";"Dupla";"Reta";"Urbano";2;0;1;0;1;0;1;1
83471607;"08/06/16";"Quarta";"00:20:00";"GO";452;"163,5";"ITUMBIARA";"Dormindo";"Colisão lateral";"Sem Vítimas";"Plena noite";"Crescente";"Nublado";"Simples";"Reta";"Rural";2;0;0;0;2;0;0;2
83471608;"08/06/16";"Quarta";"00:50:00";"PR";376;"523,7";"PONTA GROSSA";"Dormindo";"Saída de Pista";"Sem Vítimas";"Plena noite";"Crescente";"Ignorada";"Dupla";"Reta";"Rural";1;0;0;0;1;0;0;1
83471609;"07/06/16";"Terça";"18:10:00";"GO";60;"330";"ACREUNA";"Velocidade incompatível";"Saída de Pista";"Com Vítimas Feridas";"Plena noite";"Crescente";"Ceu Claro";"Dupla";"Reta";"Rural";2;0;1;0;1;0;1;1
83471610;"07/06/16";"Terça";"18:10:00";"MG";381;"510,6";"IGARAPE";"Desobediência à sinalização";"Colisão frontal";"Com Vítimas Fatais";"Anoitecer";"Crescente";"Nublado";"Dupla";"Reta";"Urbano";2;1;0;0;1;0;0;2
83471611;"07/06/16";"Terça";"20:30:00";"RS";116;"232,1";"ESTANCIA VELHA";"Não guardar distância de segurança";"Colisão frontal";"Com Vítimas Feridas";"Plena noite";"Crescente";"Ceu Claro";"Simples";"Reta";"Urbano";2;0;0;1;1;0;1;2
83471612;"07/06/16";"Terça";"19:05:00";"RN";110;"46,5";"MOSSORO";"Outras";"Atropelamento de pessoa";"Com Vítimas Fatais";"Plena noite";"Crescente";"Ceu Claro";"Simples";"Reta";"Urbano";2;1;1;0;0;0;1;1
83471613;"07/06/16";"Terça";"11:50:00";"MG";40;"522";"CONTAGEM";"Outras";"Capotamento";"Sem Vítimas";"Pleno dia";"Decrescente";"Ceu Claro";"Dupla";"Reta";"Urbano";1;0;0;0;1;0;0;1
83471614;"07/06/16";"Terça";"14:00:00";"PR";369;"184,3";"ARAPONGAS";"Falta de atenção";"Atropelamento de pessoa";"Com Vítimas Feridas";"Pleno dia";"Crescente";"Ceu Claro";"Simples";"Cruzamento";"Urbano";3;0;2;0;1;0;2;2
83471615;"07/06/16";"Terça";"15:45:00";"MG";40;"532";"BELO HORIZONTE";"Outras";"Queda de motocicleta / bicicleta / veículo";"Com Vítimas Feridas";"Pleno dia";"Decrescente";"Nublado";"Dupla";"Reta";"Urbano";1;0;0;1;0;0;1;1
83471616;"07/06/16";"Terça";"18:15:00";"PI";316;"328,3";"PICOS";"Defeito mecânico em veículo";"Queda de motocicleta / bicicleta / veículo";"Com Vítimas Fatais";"Plena noite";"Crescente";"Ceu Claro";"Simples";"Reta";"Rural";2;1;0;0;1;0;0;2
83471617;"07/06/16";"Terça";"16:30:00";"CE";222;"251";"SOBRAL";"Desobediência à sinalização";"Colisão frontal";"Com Vítimas Fatais";"Pleno dia";"Crescente";"Sol";"Simples";"Reta";"Rural";26;3;11;1;11;0;12;3
83471618;"07/06/16";"Terça";"14:05:00";"ES";262;"4";"CARIACICA";"Falta de atenção";"Atropelamento de pessoa";"Com Vítimas Feridas";"Pleno dia";"Decrescente";"Ceu Claro";"Múltipla";"Reta";"Urbano";2;0;0;1;1;0;1;1
83471619;"04/06/16";"Sábado";"03:30:00";"MT";364;"496";"JANGADA";"Outras";"Saída de Pista";"Com Vítimas Feridas";"Plena noite";"Decrescente";"Nublado";"Simples";"Reta";"Rural";2;0;2;0;0;0;2;1
83471620;"07/06/16";"Terça";"22:00:00";"ES";101;"272,4";"SERRA";"Outras";"Incêndio";"Ignorado";"Plena noite";"Decrescente";"Ignorada";"Múltipla";"Reta";"Urbano";1;0;0;0;0;1;0;1
83471621;"08/06/16";"Quarta";"01:45:00";"MG";381;"823";"CAREACU";"Outras";"Saída de Pista";"Sem Vítimas";"Plena noite";"Decrescente";"Nublado";"Dupla";"Reta";"Rural";1;0;0;0;1;0;0;1
83471622;"07/06/16";"Terça";"23:00:00";"CE";222;"42";"CAUCAIA";"Animais na Pista";"Capotamento";"Sem Vítimas";"Plena noite";"Crescente";"Ceu Claro";"Simples";"Reta";"Rural";1;0;0;0;1;0;0;1
83471623;"07/06/16";"Terça";"18:10:00";"MT";163;"915";"ITAUBA";"Animais na Pista";"Atropelamento de animal";"Sem Vítimas";"Plena noite";"Crescente";"Ceu Claro";"Simples";"Reta";"Rural";3;0;0;0;3;0;0;1
83471624;"07/06/16";"Terça";"20:00:00";"MT";174;"472";"COMODORO";"Falta de atenção";"Colisão traseira";"Com Vítimas Feridas";"Plena noite";"Decrescente";"Ceu Claro";"Simples";"Reta";"Rural";5;0;1;0;4;0;1;2
83471625;"07/06/16";"Terça";"17:30:00";"MG";40;"525";"CONTAGEM";"Outras";"Atropelamento de pessoa";"Sem Vítimas";"Anoitecer";"Decrescente";"Chuva";"Dupla";"Reta";"Urbano";2;0;0;0;1;1;0;1
83471626;"07/06/16";"Terça";"12:58:00";"GO";60;"5,2";"APARECIDA DE GOIANIA";"Desobediência à sinalização";"Colisão traseira";"Sem Vítimas";"Pleno dia";"Decrescente";"Sol";"Dupla";"Reta";"Urbano";2;0;0;0;2;0;0;2
83471627;"08/06/16";"Quarta";"00:00:00";"MG";40;"456,8";"CAETANOPOLIS";"Outras";"Saída de Pista";"Ignorado";"Plena noite";"Crescente";"Ceu Claro";"Dupla";"Reta";"Rural";1;0;0;0;0;1;0;1