"id";"data_inversa";"dia_semana";"horario";"uf";"br";"km";"municipio";"causa_acidente";"tipo_acidente";"classificacao_acidente";"fase_dia";"sentido_via";"condicao_metereologica";"tipo_pista";"tracado_via";"uso_solo";"pessoas";"mortos";"feridos_leves";"feridos_graves";"ilesos";"ignorados";"feridos";"veiculos"
83471628;"07/06/16";"Terça";"08:00:00";"PB";230;"158,6";"CAMPINA GRANDE";"Desobediência à sinalização";"Colisão Transversal";"Com Vítimas Feridas";"Pleno dia";"Crescente";"Nublado";"Simples";"Cruzamento";"Urbano";2;0;1;1;0;0;2;2
83471629;"05/06/16";"Domingo";"13:30:00";"AL";110;"3";"DELMIRO GOUVEIA";"Falta de atenção";"Saída de Pista";"Sem Vítimas";"Pleno dia";"Crescente";"Ceu Claro";"Simples";"Reta";"Rural";1;0;0;0;1;0;0;1
83471631;"07/06/16";"Terça";"18:30:00";"SC";101;"205,3";"SAO JOSE";"Não guardar distância de segurança";"Colisão lateral";"Com Vítimas Feridas";"Plena noite";"Decrescente";"Ceu Claro";"Dupla";"Reta";"Urbano";2;0;1;0;1;0;1;2
83471632;"07/06/16";"Terça";"09:00:00";"PE";101;"69,5";"RECIFE";"Falta de atenção";"Colisão Transversal";"Com Vítimas Feridas";"Pleno dia";"Crescente";"Sol";"Dupla";"Reta";"Urbano";3;0;2;0;1;0;2;2
83471633;"08/06/16";"Quarta";"05:10:00";"PE";316;"84";"OURICURI";"Falta de atenção";"Colisão traseira";"Sem Vítimas";"Amanhecer";"Decrescente";"Ceu Claro";"Simples";"Reta";"Urbano";2;0;0;0;2;0;0;2
83471634;"08/06/16";"Quarta";"02:00:00";"ES";101;"317,3";"GUARAPARI";"Desobediência à sinalização";"Colisão frontal";"Sem Vítimas";"Plena noite";"Decrescente";"Chuva";"Simples";"Reta";"Rural";2;0;0;0;2;0;0;2
83471635;"08/06/16";"Quarta";"06:00:00";"PA";316;"10";"MARITUBA";"Falta de atenção";"Colisão lateral";"Com Vítimas Feridas";"Amanhecer";"Decrescente";"Ceu Claro";"Dupla";"Reta";"Urbano";2;0;1;0;1;0;1;2
83471636;"07/06/16";"Terça";"17:00:00";"MT";174;"270,3";"PONTES E LACERDA";"Defeito mecânico em veículo";"Queda de motocicleta / bicicleta / veículo";"Com Vítimas Feridas";"Pleno dia";"Decrescente";"Ceu Claro";"Simples";"Reta";"Rural";2;0;2;0;0;0;2;1
83471637;"07/06/16";"Terça";"23:10:00";"PI";316;"3,8";"TERESINA";"Falta de atenção";"Colisão lateral";"Sem Vítimas";"Plena noite";"Decrescente";"Ceu Claro";"Múltipla";"Reta";"Urbano";2;0;0;0;2;0;0;2
83471638;"07/06/16";"Terça";"21:00:00";"PR";476;"286";"SAO MATEUS DO SUL";"Falta de atenção";"Colisão Transversal";"Com Vítimas Fatais";"Plena noite";"Decrescente";"Nublado";"Simples";"Reta";"Urbano";4;1;0;2;1;0;2;2
83471639;"05/06/16";"Domingo";"05:40:00";"RS";290;"105,2";"ELDORADO DO SUL";"Ingestão de álcool";"Colisão traseira";"Com Vítimas Feridas";"Plena noite";"Crescente";"Nevoeiro/neblina";"Dupla";"Reta";"Rural";2;0;1;0;1;0;1;2
83471640;"08/06/16";"Quarta";"05:00:00";"PE";101;"67,5";"RECIFE";"Outras";"Colisão traseira";"Sem Vítimas";"Amanhecer";"Crescente";"Ceu Claro";"Dupla";"Reta";"Urbano";3;0;0;0;2;1;0;3
83471641;"26/05/16";"Quinta";"10:40:00";"ES";101;"212";"IBIRACU";"Falta de atenção";"Colisão Transversal";"Com Vítimas Feridas";"Pleno dia";"Decrescente";"Sol";"Simples";"Reta";"Urbano";3;0;1;0;2;0;1;2
83471642;"08/06/16";"Quarta";"00:40:00";"ES";262;"54";"MARECHAL FLORIANO";"Ingestão de álcool";"Colisão com objeto fixo";"Sem Vítimas";"Anoitecer";"Decrescente";"Chuva";"Simples";"Reta";"Rural";1;0;0;0;1;0;0;1
83471643;"08/06/16";"Quarta";"03:00:00";"MT";70;"367";"CAMPO VERDE";"Dormindo";"Saída de Pista";"Sem Vítimas";"Plena noite";"Crescente";"Nevoeiro/neblina";"Simples";"Reta";"Rural";2;0;0;0;2;0;0;1
83471644;"15/04/16";"Sexta";"15:45:00";"RS";116;"247,4";"SAO LEOPOLDO";"Falta de atenção";"Colisão lateral";"Com Vítimas Feridas";"Pleno dia";"Decrescente";"Sol";"Múltipla";"Reta";"Urbano";4;0;2;0;2;0;2;2
83471645;"04/06/16";"Sábado";"15:45:00";"MG";251;"427,5";"GRAO MOGOL";"Velocidade incompatível";"Tombamento";"Sem Vítimas";"Pleno dia";"Decrescente";"Ceu Claro";"Simples";"Curva";"Rural";1;0;0;0;1;0;0;1
83471646;"07/06/16";"Terça";"06:40:00";"MG";365;"626";"UBERLANDIA";"Falta de atenção";"Queda de motocicleta / bicicleta / veículo";"Com Vítimas Feridas";"Amanhecer";"Decrescente";"Nublado";"Dupla";"Reta";"Urbano";1;0;0;1;0;0;1;1
83471647;"08/06/16";"Quarta";"05:50:00";"PB";230;"142,7";"CAMPINA GRANDE";"Falta de atenção";"Saída de Pista";"Sem Vítimas";"Amanhecer";"Crescente";"Nevoeiro/neblina";"Dupla";"Reta";"Rural";1;0;0;0;1;0;0;1
83471648;"03/06/16";"Sexta";"16:15:00";"RJ";40;"31";"TRES RIOS";"Velocidade incompatível";"Colisão traseira";"Sem Vítimas";"Pleno dia";"Decrescente";"Chuva";"Dupla";"Curva";"Rural";3;0;0;0;3;0;0;3
83471649;"01/06/16";"Quarta";"22:35:00";"MG";381;"492,9";"BETIM";"Outras";"Colisão com objeto fixo";"Com Vítimas Feridas";"Plena noite";"Decrescente";"Ceu Claro";"Múltipla";"Reta";"Urbano";2;0;1;0;0;1;1;2
83471650;"05/06/16";"Domingo";"03:15:00";"ES";101;"221,5";"IBIRACU";"Outras";"Colisão lateral";"Com Vítimas Fatais";"Plena noite";"Crescente";"Ceu Claro";"Simples";"Reta";"Urbano";2;1;0;0;0;1;0;2
83471651;"05/06/16";"Domingo";"01:40:00";"ES";101;"0,5";"SERRA";"Outras";"Colisão com bicicleta";"Com Vítimas Feridas";"Plena noite";"Crescente";"Ceu Claro";"Múltipla";"Cruzamento";"Urbano";2;0;1;0;1;0;1;2
83471652;"08/06/16";"Quarta";"00:10:00";"MG";40;"248,5";"SAO GONCALO DO ABAETE";"Ingestão de álcool";"Queda de motocicleta / bicicleta / veículo";"Com Vítimas Feridas";"Plena noite";"Decrescente";"Ceu Claro";"Simples";"Curva";"Rural";1;0;0;1;0;0;1;1
83471653;"04/06/16";"Sábado";"12:30:00";"ES";101;"266";"SERRA";"Falta de atenção";"Colisão traseira";"Com Vítimas Feridas";"Pleno dia";"Decrescente";"Ceu Claro";"Dupla";"Reta";"Urbano";3;0;0;2;0;1;2;2
83471654;"05/06/16";"Domingo";"05:50:00";"PR";369;"160,2";"CAMBE";"Velocidade incompatível";"Saída de Pista";"Com Vítimas Feridas";"Amanhecer";"Crescente";"Nublado";"Dupla";"Curva";"Urbano";1;0;0;1;0;0;1;1
83471655;"04/06/16";"Sábado";"22:30:00";"PE";101;"65,5";"RECIFE";"Falta de atenção";"Colisão lateral";"Com Vítimas Feridas";"Plena noite";"Crescente";"Nublado";"Dupla";"Reta";"Urbano";2;0;1;0;1;0;1;2
83471656;"07/06/16";"Terça";"18:40:00";"MG";40;"756,7";"EWBANK DA CAMARA";"Ingestão de álcool";"Atropelamento de pessoa";"Com Vítimas Fatais";"Plena noite";"Decrescente";"Chuva";"Simples";"Reta";"Rural";2;1;0;0;1;0;0;1
83471658;"23/05/16";"Segunda";"08:30:00";"ES";101;"289,2";"CARIACICA";"Outras";"Colisão lateral";"Com Vítimas Feridas";"Pleno dia";"Crescente";"Ceu Claro";"Dupla";"Reta";"Urbano";2;0;0;1;0;1;1;2
83471659;"07/06/16";"Terça";"19:45:00";"PE";232;"427,5";"SERRA TALHADA";"Animais na Pista";"Atropelamento de animal";"Sem Vítimas";"Plena noite";"Crescente";"Ceu Claro";"Simples";"Reta";"Rural";2;0;0;0;2;0;0;1
83471660;"04/06/16";"Sábado";"18:40:00";"BA";324;"453,8";"CANDEAL";"Ingestão de álcool";"Colisão frontal";"Com Vítimas Fatais";"Plena noite";"Decrescente";"Ceu Claro";"Simples";"Reta";"Rural";3;1;1;0;1;0;1;3
83471661;"04/06/16";"Sábado";"20:30:00";"MG";365;"2";"MONTES CLAROS";"Ingestão de álcool";"Colisão com objeto fixo";"Sem Vítimas";"Plena noite";"Crescente";"Ceu Claro";"Simples";"Reta";"Rural";1;0;0;0;1;0;0;1
83471662;"04/06/16";"Sábado";"20:00:00";"PA";230;"116";"MARABA";"Desobediência à sinalização";"Colisão Transversal";"Com Vítimas Feridas";"Plena noite";"Crescente";"Ceu Claro";"Dupla";"Cruzamento";"Urbano";3;0;1;1;0;1;2;2
83471663;"04/06/16";"Sábado";"22:30:00";"GO";60;"408";"RIO VERDE";"Outras";"Colisão traseira";"Com Vítimas Fatais";"Plena noite";"Crescente";"Ceu Claro";"Dupla";"Reta";"Rural";2;1;0;0;1;0;0;2
83471664;"30/05/16";"Segunda";"18:30:00";"MG";50;"179,3";"UBERABA";"Falta de atenção";"Colisão lateral";"Com Vítimas Feridas";"Anoitecer";"Decrescente";"Ceu Claro";"Dupla";"Reta";"Urbano";4;0;2;0;2;0;2;3
83471665;"01/06/16";"Quarta";"13:50:00";"MG";40;"531";"BELO HORIZONTE";"Outras";"Queda de motocicleta / bicicleta / veículo";"Com Vítimas Feridas";"Pleno dia";"Decrescente";"Granizo";"Dupla";"Reta";"Urbano";2;0;0;1;1;0;1;2
83471666;"05/06/16";"Domingo";"06:30:00";"PE";104;"78,1";"CARUARU";"Velocidade incompatível";"Capotamento";"Sem Vítimas";"Pleno dia";"Crescente";"Chuva";"Simples";"Curva";"Rural";1;0;0;0;1;0;0;1
83471667;"04/06/16";"Sábado";"16:35:00";"GO";60;"2,2";"APARECIDA DE GOIANIA";"Defeito mecânico em veículo";"Tombamento";"Sem Vítimas";"Pleno dia";"Crescente";"Ceu Claro";"Dupla";"Curva";"Urbano";1;0;0;0;1;0;0;1
83471668;"08/06/16";"Quarta";"07:15:00";"RS";386;"330,2";"MARQUES DE SOUZA";"Ultrapassagem indevida";"Colisão lateral";"Sem Vítimas";"Amanhecer";"Decrescente";"Ceu Claro";"Simples";"Reta";"Rural";3;0;0;0;2;1;0;3
83471669;"02/06/16";"Quinta";"11:00:00";"PI";135;"619";"CRISTALANDIA DO PIAUI";"Outras";"Tombamento";"Sem Vítimas";"Pleno dia";"Decrescente";"Ceu Claro";"Simples";"Curva";"Rural";2;0;0;0;1;1;0;2
83471671;"05/06/16";"Domingo";"06:59:00";"GO";40;"7";"VALPARAISO DE GOIAS";"Desobediência à sinalização";"Colisão Transversal";"Com Vítimas Feridas";"Pleno dia";"Crescente";"Ceu Claro";"Dupla";"Reta";"Urbano";2;0;1;0;1;0;1;2
83471672;"08/06/16";"Quarta";"06:30:00";"PA";316;"74,5";"SAO FRANCISCO DO PARA";"Desobediência à sinalização";"Colisão lateral";"Sem Vítimas";"Amanhecer";"Crescente";"Ceu Claro";"Simples";"Reta";"Rural";2;0;0;0;1;1;0;2
83471673;"08/06/16";"Quarta";"07:00:00";"SC";101;"435,6";"SOMBRIO";"Falta de atenção";"Colisão com bicicleta";"Com Vítimas Fatais";"Amanhecer";"Decrescente";"Sol";"Dupla";"Reta";"Urbano";2;1;0;0;1;0;0;2
83471674;"04/06/16";"Sábado";"17:10:00";"PR";369;"87,7";"CORNELIO PROCOPIO";"Velocidade incompatível";"Saída de Pista";"Com Vítimas Feridas";"Anoitecer";"Decrescente";"Chuva";"Simples";"Curva";"Rural";1;0;1;0;0;0;1;1
83471675;"05/06/16";"Domingo";"05:15:00";"RS";287;"266";"SANTA MARIA";"Ingestão de álcool";"Colisão lateral";"Com Vítimas Feridas";"Plena noite";"Decrescente";"Nevoeiro/neblina";"Simples";"Reta";"Rural";3;0;2;0;0;1;2;2
83471676;"04/06/16";"Sábado";"22:05:00";"PR";163;"176,5";"LINDOESTE";"Ingestão de álcool";"Capotamento";"Sem Vítimas";"Plena noite";"Crescente";"Ceu Claro";"Simples";"Curva";"Rural";1;0;0;0;1;0;0;1
83471677;"04/06/16";"Sábado";"18:30:00";"SC";470;"70";"INDAIAL";"Desobediência à sinalização";"Colisão com bicicleta";"Sem Vítimas";"Anoitecer";"Crescente";"Ceu Claro";"Simples";"Reta";"Urbano";2;0;0;0;2;0;0;2
83471678;"07/06/16";"Terça";"20:00:00";"BA";116;"548";"MILAGRES";"Outras";"Tombamento";"Sem Vítimas";"Plena noite";"Crescente";"Ceu Claro";"Simples";"Reta";"Rural";1;0;0;0;1;0;0;1
83471679;"31/05/16";"Terça";"07:40:00";"ES";101;"148";"LINHARES";"Falta de atenção";"Atropelamento de pessoa";"Com Vítimas Feridas";"Pleno dia";"Crescente";"Ceu Claro";"Múltipla";"Reta";"Urbano";2;0;1;0;1;0;1;1
83471680;"03/05/16";"Terça";"21:00:00";"PR";376;"542";"PALMEIRA";"Não guardar distância de segurança";"Colisão traseira";"Sem Vítimas";"Plena noite";"Crescente";"Ceu Claro";"Dupla";"Reta";"Rural";3;0;0;0;3;0;0;3
83471681;"10/05/16";"Terça";"09:50:00";"RO";364;"378";"OURO PRETO DO OESTE";"Outras";"Saída de Pista";"Sem Vítimas";"Pleno dia";"Decrescente";"Sol";"Simples";"Reta";"Rural";2;0;0;0;2;0;0;2
83471682;"05/06/16";"Domingo";"04:45:00";"MG";262;"477,8";"BOM DESPACHO";"Desobediência à sinalização";"Colisão Transversal";"Com Vítimas Feridas";"Plena noite";"Crescente";"Ceu Claro";"Simples";"Reta";"Rural";29;0;1;1;27;0;2;2
83471683;"07/06/16";"Terça";"06:15:00";"PI";316;"284,5";"DOM EXPEDITO LOPES";"Falta de atenção";"Colisão Transversal";"Sem Vítimas";"Amanhecer";"Decrescente";"Ceu Claro";"Simples";"Reta";"Urbano";3;0;0;0;3;0;0;2
83471684;"05/06/16";"Domingo";"00:15:00";"MG";365;"323";"SAO GONCALO DO ABAETE";"Ingestão de álcool";"Colisão Transversal";"Com Vítimas Fatais";"Plena noite";"Crescente";"Ceu Claro";"Simples";"Cruzamento";"Rural";3;1;0;0;2;0;0;2
83471685;"01/06/16";"Quarta";"14:00:00";"PR";376;"493";"PONTA GROSSA";"Ingestão de álcool";"Colisão traseira";"Sem Vítimas";"Pleno dia";"Decrescente";"Ignorada";"Dupla";"Reta";"Urbano";2;0;0;0;2;0;0;2
83471686;"08/06/16";"Quarta";"08:20:00";"GO";60;"204";"GUAPO";"Outras";"Colisão com objeto fixo";"Sem Vítimas";"Pleno dia";"Decrescente";"Ceu Claro";"Dupla";"Reta";"Urbano";1;0;0;0;1;0;0;1
83471687;"04/06/16";"Sábado";"21:30:00";"SP";116;"142,3";"SAO JOSE DOS CAMPOS";"Outras";"Tombamento";"Sem Vítimas";"Plena noite";"Decrescente";"Chuva";"Dupla";"Reta";"Rural";2;0;0;0;1;1;0;2
83471688;"04/06/16";"Sábado";"17:05:00";"GO";20;"50";"FORMOSA";"Defeito mecânico em veículo";"Tombamento";"Sem Vítimas";"Pleno dia";"Crescente";"Ceu Claro";"Simples";"Reta";"Rural";1;0;0;0;1;0;0;1
83471689;"05/06/16";"Domingo";"01:50:00";"RJ";101;"474";"ANGRA DOS REIS";"Ingestão de álcool";"Colisão com objeto fixo";"Sem Vítimas";"Plena noite";"Crescente";"Ignorada";"Simples";"Reta";"Urbano";1;0;0;0;1;0;0;1
83471690;"05/06/16";"Domingo";"07:50:00";"RJ";116;"123";"MAGE";"Velocidade incompatível";"Saída de Pista";"Sem Vítimas";"Pleno dia";"Decrescente";"Chuva";"Dupla";"Curva";"Rural";1;0;0;0;1;0;0;1
83471691;"29/05/16";"Domingo";"15:30:00";"MG";381;"420";"CAETE";"Não guardar distância de segurança";"Colisão traseira";"Sem Vítimas";"Pleno dia";"Crescente";"Ceu Claro";"Simples";"Reta";"Urbano";2;0;0;0;2;0;0;2
83471692;"04/06/16";"Sábado";"21:20:00";"MG";381;"944";"EXTREMA";"Velocidade incompatível";"Colisão traseira";"Com Vítimas Feridas";"Plena noite";"Decrescente";"Chuva";"Dupla";"Reta";"Rural";3;0;2;0;1;0;2;2
83471693;"04/06/16";"Sábado";"19:30:00";"GO";60;"334";"ACREUNA";"Velocidade incompatível";"Colisão com objeto fixo";"Com Vítimas Feridas";"Plena noite";"Decrescente";"Chuva";"Dupla";"Reta";"Rural";2;0;2;0;0;0;2;1
83471694;"31/05/16";"Terça";"05:30:00";"MG";262;"800,4";"UBERABA";"Velocidade incompatível";"Saída de Pista";"Sem Vítimas";"Amanhecer";"Crescente";"Nublado";"Dupla";"Reta";"Urbano";1;0;0;0;1;0;0;1
83471695;"28/05/16";"Sábado";"23:30:00";"DF";20;"6";"BRASILIA";"Velocidade incompatível";"Colisão com objeto fixo";"Com Vítimas Feridas";"Plena noite";"Crescente";"Ceu Claro";"Múltipla";"Reta";"Urbano";4;0;1;0;3;0;1;1
83471696;"08/06/16";"Quarta";"05:20:00";"AP";156;"287,2";"PORTO GRANDE";"Desobediência à sinalização";"Colisão frontal";"Com Vítimas Feridas";"Plena noite";"Crescente";"Ceu Claro";"Simples";"Reta";"Rural";9;0;6;3;0;0;9;2
83471697;"08/06/16";"Quarta";"07:10:00";"MG";40;"517";"RIBEIRAO DAS NEVES";"Falta de atenção";"Colisão lateral";"Com Vítimas Feridas";"Pleno dia";"Crescente";"Nublado";"Dupla";"Reta";"Urbano";2;0;1;0;1;0;1;2
83471698;"03/06/16";"Sexta";"17:40:00";"GO";20;"185";"SIMOLANDIA";"Outras";"Saída de Pista";"Com Vítimas Fatais";"Anoitecer";"Decrescente";"Ceu Claro";"Simples";"Reta";"Rural";1;1;0;0;0;0;0;1
83471699;"08/06/16";"Quarta";"10:10:00";"SC";116;"12";"MAFRA";"Desobediência à sinalização";"Colisão Transversal";"Sem Vítimas";"Pleno dia";"Decrescente";"Ceu Claro";"Simples";"Reta";"Rural";2;0;0;0;2;0;0;2
83471700;"04/06/16";"Sábado";"18:20:00";"MG";262;"778";"UBERABA";"Falta de atenção";"Colisão frontal";"Com Vítimas Fatais";"Plena noite";"Crescente";"Ceu Claro";"Simples";"Reta";"Rural";4;1;1;1;1;0;2;3
83471701;"08/06/16";"Quarta";"07:55:00";"MG";381;"745,4";"TRES CORACOES";"Outras";"Saída de Pista";"Sem Vítimas";"Pleno dia";"Crescente";"Sol";"Dupla";"Reta";"Rural";1;0;0;0;1;0;0;1
83471702;"08/06/16";"Quarta";"09:00:00";"SC";282;"510,1";"XANXERE";"Não guardar distância de segurança";"Colisão traseira";"Com Vítimas Feridas";"Pleno dia";"Decrescente";"Sol";"Simples";"Reta";"Rural";5;0;3;0;2;0;3;4
83471703;"04/06/16";"Sábado";"14:00:00";"CE";20;"408";"CAUCAIA";"Velocidade incompatível";"Capotamento";"Com Vítimas Feridas";"Pleno dia";"Crescente";"Ceu Claro";"Dupla";"Reta";"Urbano";1;0;0;1;0;0;1;1
83471704;"05/06/16";"Domingo";"08:20:00";"PR";153;"39,5";"SANTO ANTONIO DA PLATINA";"Falta de atenção";"Saída de Pista";"Com Vítimas Feridas";"Pleno dia";"Crescente";"Nevoeiro/neblina";"Simples";"Cruzamento";"Rural";2;0;1;0;1;0;1;1
83471705;"03/06/16";"Sexta";"23:40:00";"DF";70;"1,7";"BRASILIA";"Falta de atenção";"Colisão Transversal";"Com Vítimas Feridas";"Plena noite";"Decrescente";"Ceu Claro";"Dupla";"Cruzamento";"Urbano";2;0;0;1;1;0;1;2
83471706;"08/06/16";"Quarta";"07:30:00";"MG";381;"828";"SAO SEBASTIAO DA BELA VISTA";"Ingestão de álcool";"Saída de Pista";"Sem Vítimas";"Pleno dia";"Crescente";"Ceu Claro";"Dupla";"Reta";"Rural";1;0;0;0;1;0;0;1
83471707;"04/06/16";"Sábado";"04:30:00";"MT";364;"578";"NOVA MUTUM";"Dormindo";"Colisão com objeto fixo";"Com Vítimas Feridas";"Plena noite";"Crescente";"Ceu Claro";"Simples";"Reta";"Rural";1;0;1;0;0;0;1;1
83471708;"03/06/16";"Sexta";"15:20:00";"MG";381;"560";"ITAGUARA";"Velocidade incompatível";"Capotamento";"Sem Vítimas";"Pleno dia";"Crescente";"Chuva";"Dupla";"Curva";"Rural";1;0;0;0;1;0;0;1
83471709;"08/06/16";"Quarta";"06:00:00";"PA";222;"113";"RONDON DO PARA";"Não guardar distância de segurança";"Colisão traseira";"Com Vítimas Feridas";"Amanhecer";"Decrescente";"Ceu Claro";"Simples";"Curva";"Rural";4;0;3;0;1;0;3;2
83471710;"05/06/16";"Domingo";"03:30:00";"SC";101;"120";"ITAJAI";"Falta de atenção";"Saída de Pista";"Sem Vítimas";"Plena noite";"Decrescente";"Nublado";"Dupla";"Reta";"Urbano";1;0;0;0;1;0;0;1
83471711;"08/06/16";"Quarta";"10:40:00";"BA";324;"532";"FEIRA DE SANTANA";"Defeito mecânico em veículo";"Capotamento";"Sem Vítimas";"Pleno dia";"Crescente";"Ceu Claro";"Dupla";"Reta";"Rural";1;0;0;0;1;0;0;1
83471712;"31/05/16";"Terça";"17:40:00";"BA";101;"717";"EUNAPOLIS";"Falta de atenção";"Colisão com bicicleta";"Com Vítimas Feridas";"Anoitecer";"Decrescente";"Ceu Claro";"Simples";"Reta";"Urbano";2;0;0;1;0;1;1;2
83471713;"08/06/16";"Quarta";"06:40:00";"CE";116;"17,9";"EUSEBIO";"Falta de atenção";"Colisão com objeto fixo";"Com Vítimas Feridas";"Pleno dia";"Decrescente";"Ceu Claro";"Dupla";"Reta";"Rural";1;0;1;0;0;0;1;1
83471714;"08/06/16";"Quarta";"10:15:00";"SC";282;"107";"ALFREDO WAGNER";"Falta de atenção";"Colisão traseira";"Sem Vítimas";"Pleno dia";"Decrescente";"Ceu Claro";"Simples";"Reta";"Rural";2;0;0;0;2;0;0;2
83471715;"08/06/16";"Quarta";"11:40:00";"SP";381;"48";"ATIBAIA";"Defeito mecânico em veículo";"Queda de motocicleta / bicicleta / veículo";"Com Vítimas Feridas";"Pleno dia";"Crescente";"Sol";"Dupla";"Reta";"Urbano";2;0;2;0;0;0;2;1
83471716;"08/06/16";"Quarta";"12:30:00";"SP";116;"298";"ITAPECERICA DA SERRA";"Outras";"Danos Eventuais";"Sem Vítimas";"Pleno dia";"Decrescente";"Ceu Claro";"Dupla";"Reta";"Rural";2;0;0;0;2;0;0;2
83471717;"05/06/16";"Domingo";"05:20:00";"CE";20;"419";"MARACANAU";"Dormindo";"Colisão com objeto fixo";"Sem Vítimas";"Amanhecer";"Crescente";"Ceu Claro";"Simples";"Reta";"Rural";1;0;0;0;1;0;0;1
83471718;"08/06/16";"Quarta";"07:00:00";"BA";324;"622,6";"SALVADOR";"Outras";"Colisão lateral";"Com Vítimas Fatais";"Pleno dia";"Crescente";"Nublado";"Múltipla";"Reta";"Urbano";3;1;0;0;1;1;0;3
83471719;"08/06/16";"Quarta";"09:40:00";"RO";364;"410";"JARU";"Outras";"Colisão lateral";"Sem Vítimas";"Pleno dia";"Decrescente";"Nublado";"Simples";"Curva";"Rural";2;0;0;0;2;0;0;2
83471720;"08/06/16";"Quarta";"10:40:00";"SC";280;"14,8";"SAO FRANCISCO DO SUL";"Outras";"Colisão frontal";"Com Vítimas Feridas";"Pleno dia";"Decrescente";"Ceu Claro";"Dupla";"Reta";"Urbano";2;0;1;0;1;0;1;2
83471721;"08/06/16";"Quarta";"06:55:00";"CE";116;"18,1";"EUSEBIO";"Falta de atenção";"Colisão traseira";"Sem Vítimas";"Pleno dia";"Decrescente";"Ceu Claro";"Dupla";"Reta";"Rural";2;0;0;0;2;0;0;2
83471722;"05/03/16";"Sábado";"06:15:00";"GO";364;"384";"SANTA RITA DO ARAGUAIA";"Outras";"Colisão lateral";"Com Vítimas Fatais";"Amanhecer";"Crescente";"Nublado";"Simples";"Reta";"Rural";2;1;0;0;1;0;0;2
83471723;"08/06/16";"Quarta";"09:30:00";"RJ";101;"395";"RIO DE JANEIRO";"Velocidade incompatível";"Saída de Pista";"Com Vítimas Feridas";"Pleno dia";"Decrescente";"Chuva";"Simples";"Curva";"Urbano";2;0;0;2;0;0;2;1
83471724;"08/06/16";"Quarta";"11:00:00";"PE";316;"281";"BELEM DE SAO FRANCISCO";"Velocidade incompatível";"Saída de Pista";"Sem Vítimas";"Pleno dia";"Decrescente";"Ceu Claro";"Simples";"Reta";"Rural";2;0;0;0;2;0;0;2
83471725;"08/06/16";"Quarta";"11:15:00";"PR";277;"11";"PARANAGUA";"Falta de atenção";"Saída de Pista";"Com Vítimas Feridas";"Pleno dia";"Decrescente";"Sol";"Dupla";"Reta";"Urbano";2;0;2;0;0;0;2;1
83471726;"08/06/16";"Quarta";"10:00:00";"RS";293;"377,7";"SANTANA DO LIVRAMENTO";"Defeito mecânico em veículo";"Saída de Pista";"Sem Vítimas";"Pleno dia";"Decrescente";"Ceu Claro";"Simples";"Reta";"Rural";1;0;0;0;1;0;0;1
83471727;"07/06/16";"Terça";"22:50:00";"GO";153;"281";"NOVA GLORIA";"Outras";"Capotamento";"Sem Vítimas";"Plena noite";"Decrescente";"Ceu Claro";"Simples";"Reta";"Rural";1;0;0;0;1;0;0;1
83471728;"08/06/16";"Quarta";"07:30:00";"PB";230;"46";"SANTA RITA";"Outras";"Saída de Pista";"Sem Vítimas";"Pleno dia";"Decrescente";"Ceu Claro";"Dupla";"Curva";"Rural";1;0;0;0;1;0;0;1
83471729;"08/06/16";"Quarta";"06:15:00";"RS";468;"82,1";"BOM PROGRESSO";"Outras";"Saída de Pista";"Com Vítimas Feridas";"Amanhecer";"Crescente";"Nevoeiro/neblina";"Simples";"Curva";"Rural";1;0;1;0;0;0;1;1
83471730;"08/06/16";"Quarta";"09:00:00";"SP";116;"222";"GUARULHOS";"Outras";"Queda de motocicleta / bicicleta / veículo";"Com Vítimas Feridas";"Amanhecer";"Crescente";"Nublado";"Múltipla";"Reta";"Urbano";1;0;1;0;0;0;1;1
83471731;"04/06/16";"Sábado";"13:40:00";"SE";235;"2,5";"ARACAJU";"Falta de atenção";"Colisão traseira";"Sem Vítimas";"Pleno dia";"Crescente";"Ceu Claro";"Dupla";"Reta";"Urbano";3;0;0;0;3;0;0;3
83471732;"04/06/16";"Sábado";"07:00:00";"MG";381;"519";"IGARAPE";"Velocidade incompatível";"Capotamento";"Com Vítimas Feridas";"Amanhecer";"Crescente";"Chuva";"Dupla";"Curva";"Rural";1;0;1;0;0;0;1;1
83471733;"08/06/16";"Quarta";"11:00:00";"PR";163;"50,5";"PRANCHITA";"Outras";"Saída de Pista";"Com Vítimas Feridas";"Pleno dia";"Decrescente";"Nublado";"Simples";"Curva";"Rural";1;0;1;0;0;0;1;1
83471734;"10/02/16";"Quarta";"15:30:00";"GO";414;"413";"ABADIANIA";"Outras";"Saída de Pista";"Com Vítimas Feridas";"Pleno dia";"Decrescente";"Ceu Claro";"Simples";"Reta";"Rural";2;0;2;0;0;0;2;1
83471735;"08/06/16";"Quarta";"11:30:00";"RN";427;"98,5";"CAICO";"Outras";"Queda de motocicleta / bicicleta / veículo";"Com Vítimas Feridas";"Pleno dia";"Crescente";"Ceu Claro";"Simples";"Reta";"Urbano";1;0;1;0;0;0;1;1
83471736;"08/06/16";"Quarta";"12:45:00";"BA";101;"482,9";"URUCUCA";"Falta de atenção";"Saída de Pista";"Sem Vítimas";"Pleno dia";"Decrescente";"Sol";"Simples";"Curva";"Rural";1;0;0;0;1;0;0;1