"id";"data_inversa";"dia_semana";"horario";"uf";"br";"km";"municipio";"causa_acidente";"tipo_acidente";"classificacao_acidente";"fase_dia";"sentido_via";"condicao_metereologica";"tipo_pista";"tracado_via";"uso_solo";"pessoas";"mortos";"feridos_leves";"feridos_graves";"ilesos";"ignorados";"feridos";"veiculos"
83471737;"08/06/16";"Quarta";"10:00:00";"TO";153;"256";"COLINAS DO TOCANTINS";"Não guardar distância de segurança";"Saída de Pista";"Sem Vítimas";"Pleno dia";"Decrescente";"Ceu Claro";"Simples";"Reta";"Rural";1;0;0;0;1;0;0;1
83471738;"08/06/16";"Quarta";"08:20:00";"GO";50;"190,5";"CAMPO ALEGRE DE GOIAS";"Não guardar distância de segurança";"Saída de Pista";"Sem Vítimas";"Pleno dia";"Decrescente";"Nublado";"Simples";"Reta";"Rural";2;0;0;0;2;0;0;1
83471739;"08/06/16";"Quarta";"10:00:00";"AL";104;"20,5";"UNIAO DOS PALMARES";"Dormindo";"Capotamento";"Com Vítimas Feridas";"Pleno dia";"Crescente";"Nublado";"Simples";"Curva";"Rural";1;0;0;1;0;0;1;1
83471740;"04/06/16";"Sábado";"11:30:00";"ES";101;"23";"CONCEICAO DA BARRA";"Defeito mecânico em veículo";"Capotamento";"Sem Vítimas";"Pleno dia";"Crescente";"Sol";"Simples";"Reta";"Urbano";2;0;0;0;2;0;0;2
83471741;"04/06/16";"Sábado";"19:50:00";"PR";277;"583";"CASCAVEL";"Falta de atenção";"Tombamento";"Com Vítimas Feridas";"Plena noite";"Crescente";"Ceu Claro";"Simples";"Reta";"Urbano";1;0;1;0;0;0;1;1
83471742;"04/06/16";"Sábado";"22:00:00";"TO";153;"136";"ARAGUAINA";"Ingestão de álcool";"Tombamento";"Com Vítimas Feridas";"Plena noite";"Decrescente";"Ceu Claro";"Dupla";"Reta";"Urbano";1;0;1;0;0;0;1;1
83471744;"08/06/16";"Quarta";"13:15:00";"SP";116;"493,8";"CAJATI";"Dormindo";"Capotamento";"Sem Vítimas";"Pleno dia";"Crescente";"Sol";"Dupla";"Curva";"Rural";1;0;0;0;1;0;0;1
83471745;"31/05/16";"Terça";"12:00:00";"BA";116;"428";"FEIRA DE SANTANA";"Outras";"Queda de motocicleta / bicicleta / veículo";"Com Vítimas Feridas";"Pleno dia";"Decrescente";"Ceu Claro";"Dupla";"Reta";"Rural";2;0;1;0;1;0;1;1
83471746;"08/06/16";"Quarta";"11:40:00";"RS";116;"243,5";"SAO LEOPOLDO";"Não guardar distância de segurança";"Colisão traseira";"Sem Vítimas";"Pleno dia";"Crescente";"Ceu Claro";"Dupla";"Reta";"Urbano";3;0;0;0;3;0;0;3
83471747;"01/06/16";"Quarta";"06:50:00";"RS";392;"6,5";"RIO GRANDE";"Falta de atenção";"Colisão Transversal";"Sem Vítimas";"Amanhecer";"Decrescente";"Ceu Claro";"Simples";"Cruzamento";"Rural";2;0;0;0;2;0;0;2
83471748;"04/06/16";"Sábado";"13:00:00";"RJ";116;"222";"PIRAI";"Outras";"Tombamento";"Com Vítimas Feridas";"Pleno dia";"Decrescente";"Nublado";"Simples";"Curva";"Urbano";1;0;1;0;0;0;1;1
83471749;"08/06/16";"Quarta";"07:30:00";"MA";135;"163,4";"SAO MATEUS DO MARANHAO";"Falta de atenção";"Colisão Transversal";"Com Vítimas Feridas";"Pleno dia";"Decrescente";"Sol";"Simples";"Reta";"Rural";2;0;0;1;1;0;1;2
83471750;"08/06/16";"Quarta";"14:40:00";"MG";40;"775";"JUIZ DE FORA";"Outras";"Danos Eventuais";"Sem Vítimas";"Pleno dia";"Decrescente";"Nublado";"Dupla";"Reta";"Urbano";1;0;0;0;1;0;0;1
83471751;"04/06/16";"Sábado";"15:20:00";"PI";343;"2";"TERESINA";"Falta de atenção";"Colisão lateral";"Com Vítimas Feridas";"Pleno dia";"Decrescente";"Ceu Claro";"Dupla";"Reta";"Urbano";2;0;1;0;1;0;1;2
83471752;"04/06/16";"Sábado";"21:55:00";"PB";101;"94,2";"CONDE";"Defeito na via";"Saída de Pista";"Sem Vítimas";"Plena noite";"Decrescente";"Chuva";"Dupla";"Curva";"Urbano";1;0;0;0;1;0;0;1
83471753;"08/06/16";"Quarta";"10:20:00";"PB";230;"76,6";"SOBRADO";"Desobediência à sinalização";"Colisão Transversal";"Com Vítimas Feridas";"Pleno dia";"Decrescente";"Sol";"Dupla";"Reta";"Rural";2;0;0;1;1;0;1;2
83471754;"08/06/16";"Quarta";"10:30:00";"MT";163;"842";"SINOP";"Defeito mecânico em veículo";"Colisão Transversal";"Sem Vítimas";"Pleno dia";"Crescente";"Ceu Claro";"Simples";"Reta";"Urbano";2;0;0;0;2;0;0;2
83471755;"08/06/16";"Quarta";"11:15:00";"MS";163;"616,3";"SAO GABRIEL DO OESTE";"Dormindo";"Colisão lateral";"Sem Vítimas";"Pleno dia";"Crescente";"Nublado";"Simples";"Reta";"Urbano";5;0;0;0;5;0;0;2
83471756;"03/06/16";"Sexta";"23:10:00";"MG";40;"350,2";"FELIXLANDIA";"Velocidade incompatível";"Saída de Pista";"Com Vítimas Feridas";"Plena noite";"Decrescente";"Chuva";"Simples";"Curva";"Rural";4;0;3;1;0;0;4;1
83471757;"04/06/16";"Sábado";"06:30:00";"SP";116;"565,3";"BARRA DO TURVO";"Falta de atenção";"Colisão com objeto fixo";"Sem Vítimas";"Amanhecer";"Crescente";"Chuva";"Dupla";"Curva";"Rural";1;0;0;0;1;0;0;1
83471758;"08/06/16";"Quarta";"15:05:00";"RS";386;"340,5";"LAJEADO";"Falta de atenção";"Colisão lateral";"Sem Vítimas";"Pleno dia";"Crescente";"Sol";"Simples";"Reta";"Rural";2;0;0;0;2;0;0;2
83471759;"04/06/16";"Sábado";"19:40:00";"RJ";393;"286";"VOLTA REDONDA";"Outras";"Colisão com objeto fixo";"Sem Vítimas";"Plena noite";"Decrescente";"Chuva";"Simples";"Curva";"Urbano";2;0;0;0;1;1;0;2
83471760;"08/06/16";"Quarta";"12:40:00";"SC";282;"4,7";"SAO JOSE";"Não guardar distância de segurança";"Colisão traseira";"Com Vítimas Feridas";"Pleno dia";"Decrescente";"Ceu Claro";"Simples";"Reta";"Urbano";2;0;1;0;1;0;1;2
83471762;"07/06/16";"Terça";"16:30:00";"GO";364;"280";"MINEIROS";"Outras";"Saída de Pista";"Sem Vítimas";"Pleno dia";"Decrescente";"Nublado";"Simples";"Reta";"Rural";1;0;0;0;1;0;0;1
83471763;"04/06/16";"Sábado";"23:00:00";"RJ";101;"144";"MACAE";"Outras";"Saída de Pista";"Sem Vítimas";"Plena noite";"Decrescente";"Chuva";"Simples";"Reta";"Urbano";1;0;0;0;1;0;0;1
83471764;"05/06/16";"Domingo";"03:40:00";"RJ";393;"263";"VOLTA REDONDA";"Outras";"Colisão com objeto fixo";"Sem Vítimas";"Plena noite";"Decrescente";"Chuva";"Simples";"Reta";"Rural";1;0;0;0;1;0;0;1
83471765;"08/06/16";"Quarta";"13:15:00";"SC";163;"69,6";"SAO MIGUEL DOESTE";"Falta de atenção";"Colisão Transversal";"Com Vítimas Feridas";"Pleno dia";"Crescente";"Sol";"Dupla";"Curva";"Urbano";2;0;1;0;1;0;1;2
83471766;"08/06/16";"Quarta";"14:00:00";"PA";316;"32,5";"BENEVIDES";"Outras";"Saída de Pista";"Com Vítimas Feridas";"Pleno dia";"Crescente";"Sol";"Dupla";"Reta";"Urbano";4;0;2;0;2;0;2;1
83471767;"08/06/16";"Quarta";"14:15:00";"SC";101;"213";"PALHOCA";"Outras";"Colisão lateral";"Com Vítimas Feridas";"Pleno dia";"Decrescente";"Ceu Claro";"Múltipla";"Reta";"Urbano";2;0;1;0;1;0;1;2
83471768;"08/06/16";"Quarta";"08:20:00";"MG";365;"793,1";"ITUIUTABA";"Falta de atenção";"Colisão Transversal";"Com Vítimas Fatais";"Pleno dia";"Decrescente";"Nublado";"Simples";"Reta";"Rural";2;1;0;0;1;0;0;2
83471769;"08/06/16";"Quarta";"12:50:00";"RS";116;"258";"ESTEIO";"Desobediência à sinalização";"Colisão lateral";"Sem Vítimas";"Pleno dia";"Crescente";"Sol";"Múltipla";"Cruzamento";"Urbano";2;0;0;0;2;0;0;2
83471770;"02/06/16";"Quinta";"16:00:00";"CE";116;"7";"FORTALEZA";"Não guardar distância de segurança";"Colisão traseira";"Sem Vítimas";"Pleno dia";"Decrescente";"Sol";"Dupla";"Reta";"Urbano";2;0;0;0;2;0;0;2
83471771;"02/06/16";"Quinta";"11:03:00";"MG";262;"591,8";"CAMPOS ALTOS";"Velocidade incompatível";"Capotamento";"Com Vítimas Feridas";"Pleno dia";"Decrescente";"Chuva";"Simples";"Curva";"Rural";1;0;1;0;0;0;1;1
83471772;"08/06/16";"Quarta";"01:56:00";"SC";470;"261,7";"CURITIBANOS";"Dormindo";"Tombamento";"Sem Vítimas";"Plena noite";"Decrescente";"Ceu Claro";"Simples";"Curva";"Rural";1;0;0;0;1;0;0;1
83471773;"08/06/16";"Quarta";"15:20:00";"SP";116;"458";"PARIQUERA-ACU";"Outras";"Saída de Pista";"Sem Vítimas";"Pleno dia";"Crescente";"Sol";"Dupla";"Curva";"Rural";3;0;0;0;3;0;0;1
83471774;"04/06/16";"Sábado";"18:50:00";"SP";116;"541,7";"BARRA DO TURVO";"Velocidade incompatível";"Colisão com objeto fixo";"Com Vítimas Feridas";"Plena noite";"Crescente";"Chuva";"Dupla";"Curva";"Rural";1;0;0;1;0;0;1;1
83471775;"07/06/16";"Terça";"19:50:00";"RJ";116;"164,5";"RIO DE JANEIRO";"Falta de atenção";"Colisão traseira";"Sem Vítimas";"Plena noite";"Crescente";"Chuva";"Dupla";"Reta";"Urbano";3;0;0;0;3;0;0;3
83471776;"08/06/16";"Quarta";"15:25:00";"SC";280;"55";"GUARAMIRIM";"Falta de atenção";"Colisão Transversal";"Com Vítimas Feridas";"Pleno dia";"Crescente";"Ceu Claro";"Simples";"Reta";"Urbano";3;0;1;1;1;0;2;2
83471777;"04/06/16";"Sábado";"13:40:00";"SP";116;"145";"SAO JOSE DOS CAMPOS";"Falta de atenção";"Colisão traseira";"Sem Vítimas";"Pleno dia";"Crescente";"Nublado";"Dupla";"Reta";"Urbano";4;0;0;0;4;0;0;4
83471778;"04/06/16";"Sábado";"22:40:00";"MG";262;"860";"CAMPO FLORIDO";"Falta de atenção";"Queda de motocicleta / bicicleta / veículo";"Com Vítimas Feridas";"Plena noite";"Crescente";"Ceu Claro";"Dupla";"Reta";"Rural";1;0;1;0;0;0;1;1
83471779;"05/06/16";"Domingo";"14:30:00";"PA";10;"215";"IPIXUNA DO PARA";"Falta de atenção";"Colisão Transversal";"Com Vítimas Fatais";"Pleno dia";"Crescente";"Ceu Claro";"Simples";"Reta";"Urbano";4;1;1;0;2;0;1;2
83471780;"04/06/16";"Sábado";"19:30:00";"RS";116;"91";"CAMPESTRE DA SERRA";"Defeito mecânico em veículo";"Capotamento";"Sem Vítimas";"Plena noite";"Crescente";"Ceu Claro";"Simples";"Curva";"Rural";1;0;0;0;1;0;0;1
83471781;"08/06/16";"Quarta";"08:30:00";"SC";153;"114,3";"CONCORDIA";"Velocidade incompatível";"Saída de Pista";"Com Vítimas Feridas";"Amanhecer";"Decrescente";"Ceu Claro";"Simples";"Curva";"Rural";1;0;1;0;0;0;1;1
83471782;"08/06/16";"Quarta";"15:00:00";"GO";414;"412,7";"ABADIANIA";"Outras";"Saída de Pista";"Com Vítimas Feridas";"Pleno dia";"Crescente";"Ceu Claro";"Simples";"Curva";"Rural";1;0;1;0;0;0;1;1
83471783;"08/06/16";"Quarta";"13:40:00";"SP";116;"204";"ARUJA";"Outras";"Colisão traseira";"Sem Vítimas";"Pleno dia";"Decrescente";"Ceu Claro";"Múltipla";"Reta";"Urbano";2;0;0;0;1;1;0;2
83471785;"08/06/16";"Quarta";"12:30:00";"MG";116;"765,3";"LEOPOLDINA";"Falta de atenção";"Colisão traseira";"Com Vítimas Feridas";"Pleno dia";"Crescente";"Nublado";"Simples";"Reta";"Urbano";3;0;1;0;2;0;1;2
83471786;"04/06/16";"Sábado";"21:00:00";"MG";365;"190";"BURITIZEIRO";"Defeito na via";"Saída de Pista";"Sem Vítimas";"Plena noite";"Decrescente";"Ceu Claro";"Simples";"Reta";"Rural";1;0;0;0;1;0;0;1
83471787;"07/05/16";"Sábado";"20:00:00";"CE";116;"1";"FORTALEZA";"Falta de atenção";"Colisão lateral";"Com Vítimas Feridas";"Plena noite";"Decrescente";"Ceu Claro";"Dupla";"Curva";"Urbano";3;0;2;0;0;1;2;2
83471788;"08/06/16";"Quarta";"14:30:00";"SC";163;"70,8";"SAO MIGUEL DOESTE";"Ultrapassagem indevida";"Colisão lateral";"Sem Vítimas";"Pleno dia";"Crescente";"Sol";"Simples";"Reta";"Urbano";2;0;0;0;2;0;0;2
83471789;"08/06/16";"Quarta";"16:30:00";"RS";471;"184,5";"RIO PARDO";"Ultrapassagem indevida";"Saída de Pista";"Sem Vítimas";"Pleno dia";"Crescente";"Sol";"Simples";"Reta";"Rural";1;0;0;0;1;0;0;1
83471790;"08/06/16";"Quarta";"15:45:00";"PE";232;"68";"GRAVATA";"Falta de atenção";"Colisão lateral";"Sem Vítimas";"Anoitecer";"Decrescente";"Nublado";"Simples";"Curva";"Urbano";2;0;0;0;2;0;0;2
83471791;"08/06/16";"Quarta";"15:00:00";"SC";282;"215";"LAGES";"Falta de atenção";"Colisão Transversal";"Sem Vítimas";"Pleno dia";"Decrescente";"Ceu Claro";"Simples";"Cruzamento";"Urbano";2;0;0;0;2;0;0;2
83471792;"08/06/16";"Quarta";"16:00:00";"RJ";101;"322";"NITEROI";"Outras";"Atropelamento de pessoa";"Com Vítimas Feridas";"Pleno dia";"Decrescente";"Nublado";"Dupla";"Reta";"Urbano";2;0;1;0;1;0;1;1
83471793;"08/06/16";"Quarta";"07:20:00";"PR";376;"502,1";"PONTA GROSSA";"Falta de atenção";"Colisão traseira";"Com Vítimas Feridas";"Pleno dia";"Crescente";"Nevoeiro/neblina";"Dupla";"Reta";"Urbano";3;0;0;1;1;1;1;3
83471794;"20/05/16";"Sexta";"18:45:00";"PR";369;"479,4";"CORBELIA";"Ingestão de álcool";"Colisão Transversal";"Com Vítimas Feridas";"Plena noite";"Decrescente";"Chuva";"Simples";"Reta";"Rural";8;0;4;0;4;0;4;2
83471795;"08/06/16";"Quarta";"11:00:00";"RN";101;"105,7";"PARNAMIRIM";"Outras";"Colisão com objeto fixo";"Com Vítimas Fatais";"Pleno dia";"Decrescente";"Sol";"Dupla";"Reta";"Urbano";1;1;0;0;0;0;0;1
83471796;"08/06/16";"Quarta";"14:15:00";"SP";116;"363";"MIRACATU";"Velocidade incompatível";"Derramamento de Carga";"Sem Vítimas";"Pleno dia";"Crescente";"Sol";"Dupla";"Curva";"Urbano";1;0;0;0;1;0;0;1
83471797;"01/06/16";"Quarta";"13:30:00";"RJ";356;"101";"CARDOSO MOREIRA";"Defeito mecânico em veículo";"Saída de Pista";"Com Vítimas Fatais";"Pleno dia";"Decrescente";"Ceu Claro";"Simples";"Curva";"Rural";4;1;3;0;0;0;3;1
83471798;"08/06/16";"Quarta";"18:00:00";"SC";280;"128";"RIO NEGRINHO";"Falta de atenção";"Colisão Transversal";"Com Vítimas Feridas";"Plena noite";"Decrescente";"Ceu Claro";"Simples";"Reta";"Urbano";3;0;0;2;1;0;2;2
83471799;"08/06/16";"Quarta";"16:40:00";"GO";153;"510,2";"APARECIDA DE GOIANIA";"Não guardar distância de segurança";"Colisão lateral";"Com Vítimas Feridas";"Pleno dia";"Crescente";"Ceu Claro";"Múltipla";"Cruzamento";"Urbano";2;0;1;0;1;0;1;2
83471800;"08/06/16";"Quarta";"00:10:00";"BA";324;"584";"CANDEIAS";"Falta de atenção";"Colisão traseira";"Sem Vítimas";"Plena noite";"Crescente";"Ceu Claro";"Dupla";"Reta";"Rural";2;0;0;0;2;0;0;2
83471803;"07/06/16";"Terça";"23:30:00";"MG";251;"342";"FRUTA DE LEITE";"Velocidade incompatível";"Saída de Pista";"Com Vítimas Feridas";"Plena noite";"Crescente";"Ceu Claro";"Simples";"Curva";"Rural";1;0;1;0;0;0;1;1
83471804;"31/05/16";"Terça";"08:20:00";"DF";70;"8,8";"BRASILIA";"Outras";"Colisão traseira";"Com Vítimas Feridas";"Amanhecer";"Decrescente";"Sol";"Dupla";"Reta";"Urbano";4;0;2;1;1;0;3;3
83471805;"08/06/16";"Quarta";"17:10:00";"CE";304;"53,3";"RUSSAS";"Falta de atenção";"Colisão traseira";"Com Vítimas Feridas";"Pleno dia";"Decrescente";"Ceu Claro";"Simples";"Reta";"Rural";2;0;0;1;0;1;1;2
83471806;"04/06/16";"Sábado";"21:00:00";"MG";381;"477,6";"CONTAGEM";"Falta de atenção";"Saída de Pista";"Com Vítimas Feridas";"Plena noite";"Decrescente";"Ceu Claro";"Dupla";"Reta";"Urbano";2;0;1;0;1;0;1;1
83471808;"11/05/16";"Quarta";"13:00:00";"MT";163;"829";"SINOP";"Outras";"Colisão traseira";"Com Vítimas Feridas";"Pleno dia";"Crescente";"Ceu Claro";"Dupla";"Cruzamento";"Urbano";2;0;1;0;1;0;1;2
83471809;"08/06/16";"Quarta";"16:15:00";"MG";116;"415";"GOVERNADOR VALADARES";"Não guardar distância de segurança";"Colisão traseira";"Com Vítimas Feridas";"Pleno dia";"Crescente";"Nublado";"Simples";"Reta";"Urbano";3;0;1;0;2;0;1;2
83471810;"04/06/16";"Sábado";"19:40:00";"RJ";393;"222";"VASSOURAS";"Ingestão de álcool";"Colisão Transversal";"Com Vítimas Fatais";"Plena noite";"Decrescente";"Nublado";"Simples";"Reta";"Rural";3;1;0;1;0;1;1;2
83471812;"16/05/16";"Segunda";"04:45:00";"SC";282;"96,5";"ALFREDO WAGNER";"Dormindo";"Saída de Pista";"Com Vítimas Fatais";"Plena noite";"Decrescente";"Nublado";"Simples";"Curva";"Rural";3;2;0;0;1;0;0;1
83471813;"08/06/16";"Quarta";"18:30:00";"RS";290;"107,9";"ELDORADO DO SUL";"Não guardar distância de segurança";"Colisão traseira";"Sem Vítimas";"Plena noite";"Decrescente";"Ceu Claro";"Dupla";"Curva";"Urbano";3;0;0;0;3;0;0;2
83471814;"08/06/16";"Quarta";"18:15:00";"SC";101;"133,7";"BALNEARIO CAMBORIU";"Desobediência à sinalização";"Colisão Transversal";"Com Vítimas Feridas";"Plena noite";"Decrescente";"Ceu Claro";"Simples";"Cruzamento";"Urbano";2;0;1;0;1;0;1;2
83471815;"05/06/16";"Domingo";"06:20:00";"PR";369;"426";"JURANDA";"Ingestão de álcool";"Colisão frontal";"Com Vítimas Feridas";"Amanhecer";"Decrescente";"Chuva";"Simples";"Reta";"Rural";4;0;0;2;2;0;2;2
83471816;"08/06/16";"Quarta";"11:00:00";"ES";101;"254,5";"SERRA";"Outras";"Saída de Pista";"Com Vítimas Feridas";"Pleno dia";"Crescente";"Sol";"Simples";"Reta";"Urbano";1;0;1;0;0;0;1;1
83471817;"08/06/16";"Quarta";"13:00:00";"ES";101;"269,5";"SERRA";"Outras";"Colisão traseira";"Sem Vítimas";"Pleno dia";"Crescente";"Nublado";"Simples";"Cruzamento";"Urbano";2;0;0;0;2;0;0;2
83471818;"08/06/16";"Quarta";"18:00:00";"MT";70;"2,2";"BARRA DO GARCAS";"Falta de atenção";"Colisão lateral";"Com Vítimas Feridas";"Anoitecer";"Decrescente";"Ceu Claro";"Simples";"Reta";"Urbano";2;0;1;0;1;0;1;2
83471819;"04/06/16";"Sábado";"16:50:00";"MG";381;"455,9";"BELO HORIZONTE";"Defeito mecânico em veículo";"Colisão frontal";"Sem Vítimas";"Pleno dia";"Decrescente";"Ceu Claro";"Simples";"Curva";"Urbano";2;0;0;0;2;0;0;2
83471820;"08/06/16";"Quarta";"17:20:00";"SC";470;"57,5";"BLUMENAU";"Dormindo";"Colisão frontal";"Com Vítimas Feridas";"Pleno dia";"Crescente";"Ceu Claro";"Simples";"Reta";"Urbano";2;0;1;0;1;0;1;2
83471822;"08/06/16";"Quarta";"10:30:00";"RJ";116;"175";"NOVA IGUACU";"Outras";"Colisão traseira";"Sem Vítimas";"Pleno dia";"Crescente";"Nublado";"Múltipla";"Reta";"Urbano";2;0;0;0;2;0;0;2
83471823;"25/03/16";"Sexta";"05:30:00";"PR";376;"216,5";"JANDAIA DO SUL";"Ingestão de álcool";"Capotamento";"Com Vítimas Feridas";"Amanhecer";"Crescente";"Chuva";"Simples";"Curva";"Rural";2;0;0;1;1;0;1;1
83471824;"08/06/16";"Quarta";"13:30:00";"PI";316;"148,8";"ELESBAO VELOSO";"Defeito mecânico em veículo";"Saída de Pista";"Com Vítimas Feridas";"Pleno dia";"Decrescente";"Ceu Claro";"Simples";"Reta";"Rural";2;0;2;0;0;0;2;1
83471825;"08/06/16";"Quarta";"17:30:00";"SC";101;"208,4";"SAO JOSE";"Falta de atenção";"Colisão traseira";"Com Vítimas Feridas";"Anoitecer";"Decrescente";"Ceu Claro";"Simples";"Reta";"Urbano";2;0;1;0;1;0;1;2
83471826;"08/06/16";"Quarta";"09:10:00";"RN";405;"153,9";"PAU DOS FERROS";"Falta de atenção";"Colisão Transversal";"Com Vítimas Fatais";"Pleno dia";"Decrescente";"Sol";"Simples";"Curva";"Urbano";2;1;0;1;0;0;1;2
83471827;"08/06/16";"Quarta";"16:45:00";"RS";116;"341,9";"BARRA DO RIBEIRO";"Não guardar distância de segurança";"Colisão traseira";"Com Vítimas Feridas";"Pleno dia";"Crescente";"Ceu Claro";"Simples";"Reta";"Rural";3;0;1;0;2;0;1;3
83471828;"08/06/16";"Quarta";"16:45:00";"MG";381;"823,7";"CAREACU";"Outras";"Saída de Pista";"Sem Vítimas";"Pleno dia";"Decrescente";"Sol";"Dupla";"Reta";"Urbano";1;0;0;0;1;0;0;1
83471829;"08/06/16";"Quarta";"18:10:00";"RS";285;"459";"IJUI";"Falta de atenção";"Colisão Transversal";"Com Vítimas Feridas";"Anoitecer";"Decrescente";"Ceu Claro";"Simples";"Reta";"Urbano";2;0;0;1;1;0;1;2
83471830;"08/06/16";"Quarta";"07:40:00";"PR";277;"80";"CURITIBA";"Falta de atenção";"Colisão lateral";"Com Vítimas Feridas";"Pleno dia";"Crescente";"Ceu Claro";"Dupla";"Reta";"Urbano";3;0;1;0;2;0;1;2
83471831;"08/06/16";"Quarta";"15:00:00";"ES";101;"264,5";"SERRA";"Falta de atenção";"Colisão traseira";"Sem Vítimas";"Pleno dia";"Crescente";"Ceu Claro";"Dupla";"Reta";"Urbano";3;0;0;0;3;0;0;3
83471832;"08/06/16";"Quarta";"18:40:00";"PR";476;"134";"CURITIBA";"Falta de atenção";"Colisão lateral";"Com Vítimas Feridas";"Pleno dia";"Decrescente";"Ceu Claro";"Múltipla";"Cruzamento";"Urbano";3;0;1;0;2;0;1;3
83471833;"08/06/16";"Quarta";"18:40:00";"ES";101;"228";"FUNDAO";"Falta de atenção";"Colisão traseira";"Sem Vítimas";"Anoitecer";"Crescente";"Nublado";"Simples";"Reta";"Rural";2;0;0;0;2;0;0;2
83471834;"08/06/16";"Quarta";"18:00:00";"CE";20;"421,3";"FORTALEZA";"Não guardar distância de segurança";"Colisão traseira";"Com Vítimas Feridas";"Plena noite";"Crescente";"Ceu Claro";"Simples";"Reta";"Rural";2;0;1;0;1;0;1;2
83471835;"08/06/16";"Quarta";"19:00:00";"SC";101;"146,7";"ITAPEMA";"Desobediência à sinalização";"Colisão Transversal";"Com Vítimas Feridas";"Plena noite";"Decrescente";"Ceu Claro";"Simples";"Cruzamento";"Urbano";3;0;1;1;1;0;2;2
83471836;"08/06/16";"Quarta";"17:00:00";"PR";369;"520,3";"CASCAVEL";"Falta de atenção";"Colisão lateral";"Com Vítimas Feridas";"Pleno dia";"Decrescente";"Ceu Claro";"Simples";"Reta";"Rural";2;0;1;0;1;0;1;2
83471837;"06/06/16";"Segunda";"20:00:00";"PI";343;"106,1";"COCAL";"Animais na Pista";"Atropelamento de animal";"Com Vítimas Feridas";"Plena noite";"Crescente";"Ceu Claro";"Simples";"Reta";"Rural";2;0;1;0;1;0;1;1
83471838;"08/06/16";"Quarta";"17:40:00";"SC";101;"242";"PALHOCA";"Falta de atenção";"Colisão frontal";"Sem Vítimas";"Anoitecer";"Crescente";"Ceu Claro";"Simples";"Curva";"Rural";2;0;0;0;2;0;0;2
83471839;"08/06/16";"Quarta";"15:30:00";"MA";222;"208";"ITAPECURU MIRIM";"Falta de atenção";"Colisão Transversal";"Com Vítimas Feridas";"Pleno dia";"Crescente";"Ceu Claro";"Dupla";"Reta";"Urbano";2;0;0;1;1;0;1;2
83471840;"07/06/16";"Terça";"23:30:00";"PI";343;"660,6";"JERUMENHA";"Falta de atenção";"Colisão frontal";"Com Vítimas Fatais";"Plena noite";"Crescente";"Nublado";"Simples";"Reta";"Rural";3;1;0;2;0;0;2;2
83471841;"08/06/16";"Quarta";"17:15:00";"MS";163;"257";"DOURADOS";"Outras";"Queda de motocicleta / bicicleta / veículo";"Com Vítimas Feridas";"Plena noite";"Decrescente";"Ceu Claro";"Dupla";"Reta";"Urbano";1;0;1;0;0;0;1;1
83471842;"04/06/16";"Sábado";"22:10:00";"PR";277;"5";"PARANAGUA";"Falta de atenção";"Colisão Transversal";"Com Vítimas Feridas";"Plena noite";"Crescente";"Vento";"Múltipla";"Cruzamento";"Urbano";2;0;0;1;1;0;1;2
83471843;"08/06/16";"Quarta";"12:40:00";"RS";290;"98";"PORTO ALEGRE";"Outras";"Atropelamento de pessoa";"Com Vítimas Feridas";"Pleno dia";"Decrescente";"Ceu Claro";"Dupla";"Reta";"Urbano";2;0;1;0;1;0;1;1
83471844;"08/06/16";"Quarta";"14:38:00";"MT";163;"21,4";"ITIQUIRA";"Falta de atenção";"Capotamento";"Com Vítimas Feridas";"Pleno dia";"Decrescente";"Nublado";"Dupla";"Reta";"Rural";1;0;1;0;0;0;1;1
83471845;"08/06/16";"Quarta";"20:20:00";"SC";470;"58,6";"BLUMENAU";"Falta de atenção";"Colisão frontal";"Com Vítimas Feridas";"Plena noite";"Crescente";"Nublado";"Simples";"Curva";"Urbano";2;0;1;0;1;0;1;2
83471846;"08/06/16";"Quarta";"14:50:00";"RS";285;"444,9";"BOZANO";"Não guardar distância de segurança";"Colisão traseira";"Com Vítimas Feridas";"Pleno dia";"Crescente";"Ceu Claro";"Simples";"Reta";"Urbano";4;0;1;0;3;0;1;3
83471847;"05/06/16";"Domingo";"15:40:00";"ES";259;"28";"COLATINA";"Outras";"Saída de Pista";"Com Vítimas Feridas";"Pleno dia";"Crescente";"Sol";"Simples";"Curva";"Rural";4;0;4;0;0;0;4;1
83471848;"08/06/16";"Quarta";"18:30:00";"MT";364;"402,7";"CUIABA";"Outras";"Colisão traseira";"Com Vítimas Feridas";"Anoitecer";"Decrescente";"Nublado";"Simples";"Reta";"Urbano";2;0;0;1;1;0;1;2
83471849;"08/06/16";"Quarta";"19:40:00";"PE";101;"99";"CABO DE SANTO AGOSTINHO";"Defeito mecânico em veículo";"Colisão traseira";"Com Vítimas Feridas";"Plena noite";"Decrescente";"Ceu Claro";"Dupla";"Reta";"Urbano";3;0;1;0;2;0;1;3
83471851;"08/06/16";"Quarta";"18:30:00";"PR";153;"338";"IRATI";"Velocidade incompatível";"Colisão traseira";"Com Vítimas Feridas";"Plena noite";"Crescente";"Ceu Claro";"Simples";"Reta";"Urbano";4;0;1;0;3;0;1;2
83471852;"05/06/16";"Domingo";"13:10:00";"CE";222;"1,7";"FORTALEZA";"Falta de atenção";"Colisão traseira";"Sem Vítimas";"Pleno dia";"Decrescente";"Ceu Claro";"Múltipla";"Reta";"Urbano";3;0;0;0;3;0;0;3