"id";"data_inversa";"dia_semana";"horario";"uf";"br";"km";"municipio";"causa_acidente";"tipo_acidente";"classificacao_acidente";"fase_dia";"sentido_via";"condicao_metereologica";"tipo_pista";"tracado_via";"uso_solo";"pessoas";"mortos";"feridos_leves";"feridos_graves";"ilesos";"ignorados";"feridos";"veiculos"
83471965;"02/06/16";"Quinta";"12:05:00";"PA";316;"0";"BELEM";"Não guardar distância de segurança";"Colisão traseira";"Sem Vítimas";"Pleno dia";"Crescente";"Ceu Claro";"Dupla";"Reta";"Urbano";6;0;0;0;6;0;0;6
83471966;"09/06/16";"Quinta";"08:50:00";"MG";381;"525,5";"BRUMADINHO";"Falta de atenção";"Saída de Pista";"Sem Vítimas";"Pleno dia";"Decrescente";"Nublado";"Dupla";"Curva";"Rural";1;0;0;0;1;0;0;1
83471967;"09/06/16";"Quinta";"08:00:00";"SC";101;"210";"SAO JOSE";"Velocidade incompatível";"Colisão traseira";"Com Vítimas Feridas";"Pleno dia";"Crescente";"Sol";"Múltipla";"Reta";"Urbano";3;0;1;0;2;0;1;3
83471968;"22/04/16";"Sexta";"05:30:00";"PR";376;"600";"CURITIBA";"Dormindo";"Queda de motocicleta / bicicleta / veículo";"Com Vítimas Feridas";"Amanhecer";"Decrescente";"Ignorada";"Dupla";"Reta";"Urbano";1;0;1;0;0;0;1;1
83471969;"17/04/16";"Domingo";"17:16:00";"GO";40;"26";"LUZIANIA";"Outras";"Colisão com objeto móvel";"Com Vítimas Feridas";"Anoitecer";"Decrescente";"Ceu Claro";"Simples";"Curva";"Rural";1;0;1;0;0;0;1;1
83471970;"05/06/16";"Domingo";"21:00:00";"SC";280;"97,4";"CORUPA";"Velocidade incompatível";"Saída de Pista";"Sem Vítimas";"Plena noite";"Crescente";"Chuva";"Simples";"Curva";"Rural";1;0;0;0;1;0;0;1
83471971;"01/06/16";"Quarta";"09:30:00";"SC";282;"1,2";"FLORIANOPOLIS";"Falta de atenção";"Colisão lateral";"Com Vítimas Feridas";"Pleno dia";"Decrescente";"Ceu Claro";"Dupla";"Reta";"Urbano";4;0;2;0;2;0;2;2
83471972;"01/06/16";"Quarta";"21:50:00";"RJ";40;"109";"DUQUE DE CAXIAS";"Outras";"Queda de motocicleta / bicicleta / veículo";"Com Vítimas Feridas";"Plena noite";"Decrescente";"Ceu Claro";"Múltipla";"Curva";"Urbano";1;0;1;0;0;0;1;1
83471973;"07/06/16";"Terça";"12:30:00";"SC";101;"117";"ITAJAI";"Desobediência à sinalização";"Colisão Transversal";"Com Vítimas Feridas";"Pleno dia";"Crescente";"Ceu Claro";"Dupla";"Reta";"Urbano";2;0;1;0;1;0;1;2
83471974;"24/05/16";"Terça";"21:30:00";"RS";392;"226,5";"CACAPAVA DO SUL";"Não guardar distância de segurança";"Colisão traseira";"Sem Vítimas";"Plena noite";"Decrescente";"Ceu Claro";"Simples";"Reta";"Rural";2;0;0;0;2;0;0;2
83471976;"06/06/16";"Segunda";"00:10:00";"RJ";40;"121";"DUQUE DE CAXIAS";"Outras";"Colisão com objeto fixo";"Ignorado";"Plena noite";"Crescente";"Ceu Claro";"Múltipla";"Reta";"Urbano";1;0;0;0;0;1;0;1
83471977;"06/06/16";"Segunda";"07:31:00";"RJ";116;"227,9";"PIRAI";"Outras";"Colisão com objeto fixo";"Com Vítimas Feridas";"Pleno dia";"Decrescente";"Chuva";"Múltipla";"Curva";"Rural";2;0;2;0;0;0;2;1
83471978;"09/06/16";"Quinta";"07:30:00";"SP";381;"44,5";"ATIBAIA";"Outras";"Colisão traseira";"Com Vítimas Feridas";"Pleno dia";"Decrescente";"Ceu Claro";"Dupla";"Reta";"Rural";2;0;2;0;0;0;2;2
83471979;"09/06/16";"Quinta";"06:00:00";"SP";116;"450";"REGISTRO";"Falta de atenção";"Atropelamento de pessoa";"Com Vítimas Feridas";"Amanhecer";"Crescente";"Nublado";"Dupla";"Reta";"Rural";2;0;0;1;1;0;1;1
83471980;"09/06/16";"Quinta";"07:50:00";"PR";277;"109,8";"CAMPO LARGO";"Não guardar distância de segurança";"Colisão traseira";"Com Vítimas Feridas";"Pleno dia";"Decrescente";"Ceu Claro";"Dupla";"Reta";"Urbano";3;0;1;0;2;0;1;3
83471981;"09/06/16";"Quinta";"08:30:00";"PR";376;"665,7";"GUARATUBA";"Velocidade incompatível";"Tombamento";"Sem Vítimas";"Pleno dia";"Crescente";"Sol";"Simples";"Curva";"Rural";1;0;0;0;1;0;0;1
83471982;"09/06/16";"Quinta";"08:00:00";"RS";285;"494";"ENTRE IJUIS";"Ultrapassagem indevida";"Colisão lateral";"Sem Vítimas";"Pleno dia";"Crescente";"Ceu Claro";"Simples";"Reta";"Urbano";2;0;0;0;2;0;0;2
83471983;"07/06/16";"Terça";"20:40:00";"AL";101;"113,5";"PILAR";"Outras";"Tombamento";"Com Vítimas Feridas";"Plena noite";"Crescente";"Ceu Claro";"Simples";"Curva";"Rural";1;0;1;0;0;0;1;1
83471984;"09/06/16";"Quinta";"07:15:00";"PR";373;"178,3";"PONTA GROSSA";"Não guardar distância de segurança";"Colisão traseira";"Sem Vítimas";"Amanhecer";"Decrescente";"Sol";"Simples";"Reta";"Urbano";2;0;0;0;2;0;0;2
83471985;"01/06/16";"Quarta";"12:20:00";"SC";282;"16";"PALHOCA";"Não guardar distância de segurança";"Colisão Transversal";"Com Vítimas Feridas";"Pleno dia";"Decrescente";"Nublado";"Simples";"Reta";"Urbano";2;0;1;0;1;0;1;2
83471986;"08/06/16";"Quarta";"00:05:00";"SC";101;"120";"ITAJAI";"Ingestão de álcool";"Capotamento";"Com Vítimas Feridas";"Plena noite";"Decrescente";"Nublado";"Dupla";"Reta";"Rural";2;0;1;0;1;0;1;1
83471987;"09/06/16";"Quinta";"10:15:00";"RS";285;"462,9";"IJUI";"Defeito mecânico em veículo";"Colisão Transversal";"Sem Vítimas";"Pleno dia";"Crescente";"Sol";"Simples";"Cruzamento";"Urbano";2;0;0;0;2;0;0;2
83471988;"09/06/16";"Quinta";"08:10:00";"MG";40;"700,5";"BARBACENA";"Outras";"Colisão traseira";"Com Vítimas Feridas";"Pleno dia";"Decrescente";"Ceu Claro";"Dupla";"Reta";"Urbano";4;0;1;0;3;0;1;2
83471989;"09/06/16";"Quinta";"09:15:00";"SP";153;"182,7";"LINS";"Falta de atenção";"Colisão Transversal";"Com Vítimas Feridas";"Pleno dia";"Crescente";"Ceu Claro";"Simples";"Reta";"Rural";2;0;1;0;0;1;1;2
83471990;"06/06/16";"Segunda";"02:30:00";"BA";407;"113";"JAGUARARI";"Ultrapassagem indevida";"Colisão frontal";"Com Vítimas Fatais";"Plena noite";"Crescente";"Ceu Claro";"Simples";"Reta";"Rural";4;2;0;2;0;0;2;2
83471991;"05/06/16";"Domingo";"23:05:00";"SC";470;"128,6";"LONTRAS";"Desobediência à sinalização";"Colisão frontal";"Com Vítimas Fatais";"Plena noite";"Crescente";"Nublado";"Simples";"Reta";"Urbano";2;1;1;0;0;0;1;2
83471992;"05/06/16";"Domingo";"04:30:00";"PE";232;"36,3";"VITORIA DE SANTO ANTAO";"Dormindo";"Saída de Pista";"Sem Vítimas";"Plena noite";"Decrescente";"Ceu Claro";"Dupla";"Curva";"Urbano";1;0;0;0;1;0;0;1
83471993;"05/06/16";"Domingo";"21:30:00";"MG";262;"358";"BETIM";"Ingestão de álcool";"Saída de Pista";"Com Vítimas Feridas";"Plena noite";"Crescente";"Ceu Claro";"Dupla";"Reta";"Urbano";1;0;1;0;0;0;1;1
83471994;"09/06/16";"Quinta";"10:15:00";"PR";487;"193";"CAMPO MOURAO";"Não guardar distância de segurança";"Colisão traseira";"Com Vítimas Feridas";"Pleno dia";"Decrescente";"Ceu Claro";"Simples";"Reta";"Urbano";3;0;1;1;1;0;2;2
83471995;"09/06/16";"Quinta";"07:30:00";"BA";101;"682,5";"ITAGIMIRIM";"Falta de atenção";"Colisão lateral";"Com Vítimas Feridas";"Pleno dia";"Crescente";"Nublado";"Simples";"Reta";"Urbano";2;0;1;0;1;0;1;2
83471996;"07/06/16";"Terça";"04:45:00";"PI";230;"300";"FLORIANO";"Falta de atenção";"Tombamento";"Sem Vítimas";"Plena noite";"Decrescente";"Ceu Claro";"Simples";"Curva";"Rural";1;0;0;0;1;0;0;1
83471997;"09/06/16";"Quinta";"09:30:00";"PR";277;"99,5";"CURITIBA";"Falta de atenção";"Colisão lateral";"Com Vítimas Feridas";"Pleno dia";"Decrescente";"Ceu Claro";"Dupla";"Reta";"Urbano";2;0;1;0;1;0;1;2
83471998;"02/06/16";"Quinta";"01:50:00";"DF";20;"49";"BRASILIA";"Ingestão de álcool";"Colisão lateral";"Sem Vítimas";"Plena noite";"Crescente";"Ceu Claro";"Dupla";"Reta";"Rural";2;0;0;0;2;0;0;2
83472000;"09/06/16";"Quinta";"11:15:00";"SC";101;"158";"PORTO BELO";"Falta de atenção";"Colisão traseira";"Com Vítimas Feridas";"Pleno dia";"Decrescente";"Ceu Claro";"Dupla";"Reta";"Rural";2;0;0;1;1;0;1;2
83472001;"09/06/16";"Quinta";"09:00:00";"RS";392;"9";"RIO GRANDE";"Outras";"Colisão traseira";"Sem Vítimas";"Pleno dia";"Decrescente";"Sol";"Simples";"Reta";"Urbano";3;0;0;0;1;2;0;3
83472002;"05/06/16";"Domingo";"07:35:00";"PR";467;"108";"CASCAVEL";"Dormindo";"Saída de Pista";"Com Vítimas Feridas";"Amanhecer";"Decrescente";"Nublado";"Dupla";"Reta";"Rural";1;0;1;0;0;0;1;1
83472003;"09/06/16";"Quinta";"12:00:00";"RS";386;"346,8";"LAJEADO";"Não guardar distância de segurança";"Colisão lateral";"Com Vítimas Feridas";"Pleno dia";"Crescente";"Sol";"Dupla";"Reta";"Urbano";4;0;1;0;3;0;1;4
83472004;"09/06/16";"Quinta";"11:15:00";"GO";364;"198";"JATAI";"Falta de atenção";"Colisão traseira";"Com Vítimas Feridas";"Pleno dia";"Crescente";"Ceu Claro";"Dupla";"Reta";"Urbano";6;0;1;0;5;0;1;2
83472005;"08/06/16";"Quarta";"06:50:00";"MG";381;"545,9";"ITATIAIUCU";"Falta de atenção";"Colisão com objeto fixo";"Sem Vítimas";"Pleno dia";"Decrescente";"Nublado";"Dupla";"Reta";"Rural";1;0;0;0;1;0;0;1
83472006;"07/06/16";"Terça";"20:00:00";"PR";376;"390";"IMBAU";"Defeito mecânico em veículo";"Saída de Pista";"Sem Vítimas";"Plena noite";"Decrescente";"Ignorada";"Simples";"Curva";"Rural";1;0;0;0;1;0;0;1
83472007;"09/06/16";"Quinta";"11:20:00";"SP";116;"84,8";"PINDAMONHANGABA";"Ultrapassagem indevida";"Colisão lateral";"Com Vítimas Feridas";"Pleno dia";"Crescente";"Ceu Claro";"Dupla";"Reta";"Urbano";3;0;1;0;2;0;1;2
83472008;"05/06/16";"Domingo";"19:00:00";"RJ";116;"275";"BARRA MANSA";"Outras";"Colisão traseira";"Sem Vítimas";"Anoitecer";"Decrescente";"Chuva";"Dupla";"Reta";"Rural";2;0;0;0;2;0;0;2
83472010;"30/03/16";"Quarta";"17:35:00";"PR";376;"236,4";"APUCARANA";"Outras";"Queda de motocicleta / bicicleta / veículo";"Com Vítimas Feridas";"Pleno dia";"Decrescente";"Ignorada";"Simples";"Reta";"Rural";1;0;0;1;0;0;1;1
83472011;"09/06/16";"Quinta";"06:45:00";"RS";471;"148,6";"SANTA CRUZ DO SUL";"Desobediência à sinalização";"Colisão Transversal";"Com Vítimas Feridas";"Amanhecer";"Decrescente";"Ceu Claro";"Simples";"Cruzamento";"Urbano";3;0;2;1;0;0;3;2
83472012;"05/06/16";"Domingo";"18:30:00";"RJ";116;"39,8";"TERESOPOLIS";"Não guardar distância de segurança";"Colisão lateral";"Com Vítimas Feridas";"Anoitecer";"Crescente";"Nublado";"Simples";"Reta";"Urbano";4;0;4;0;0;0;4;2
83472013;"16/05/16";"Segunda";"09:40:00";"GO";364;"305,1";"MINEIROS";"Defeito mecânico em veículo";"Tombamento";"Com Vítimas Feridas";"Pleno dia";"Decrescente";"Ceu Claro";"Simples";"Reta";"Rural";1;0;1;0;0;0;1;1
83472014;"06/06/16";"Segunda";"07:50:00";"RJ";116;"258";"VOLTA REDONDA";"Outras";"Colisão frontal";"Com Vítimas Feridas";"Pleno dia";"Decrescente";"Chuva";"Simples";"Curva";"Rural";2;0;1;0;1;0;1;2
83472015;"05/06/16";"Domingo";"14:20:00";"RJ";116;"254";"PIRAI";"Outras";"Colisão traseira";"Com Vítimas Feridas";"Pleno dia";"Decrescente";"Ceu Claro";"Dupla";"Reta";"Rural";4;0;2;0;1;1;2;3
83472017;"01/06/16";"Quarta";"17:30:00";"CE";116;"11";"FORTALEZA";"Outras";"Queda de motocicleta / bicicleta / veículo";"Com Vítimas Feridas";"Anoitecer";"Crescente";"Ceu Claro";"Simples";"Curva";"Urbano";1;0;0;1;0;0;1;1
83472018;"09/06/16";"Quinta";"08:00:00";"ES";101;"437,9";"MIMOSO DO SUL";"Velocidade incompatível";"Colisão Transversal";"Com Vítimas Fatais";"Pleno dia";"Crescente";"Chuva";"Simples";"Curva";"Rural";4;1;0;2;1;0;2;2
83472019;"12/05/16";"Quinta";"13:30:00";"BA";101;"288";"LAJE";"Defeito mecânico em veículo";"Colisão Transversal";"Sem Vítimas";"Pleno dia";"Decrescente";"Sol";"Dupla";"Reta";"Urbano";2;0;0;0;2;0;0;2
83472020;"26/05/16";"Quinta";"13:35:00";"MG";365;"405";"PATOS DE MINAS";"Outras";"Queda de motocicleta / bicicleta / veículo";"Com Vítimas Feridas";"Pleno dia";"Decrescente";"Ignorada";"Simples";"Curva";"Rural";1;0;1;0;0;0;1;1
83472021;"09/06/16";"Quinta";"11:30:00";"SP";153;"39,7";"ONDA VERDE";"Falta de atenção";"Colisão lateral";"Com Vítimas Feridas";"Pleno dia";"Crescente";"Ceu Claro";"Simples";"Reta";"Rural";2;0;2;0;0;0;2;2
83472022;"09/06/16";"Quinta";"11:45:00";"RS";290;"97";"PORTO ALEGRE";"Não guardar distância de segurança";"Colisão traseira";"Sem Vítimas";"Pleno dia";"Crescente";"Ceu Claro";"Dupla";"Reta";"Urbano";4;0;0;0;4;0;0;4
83472023;"09/06/16";"Quinta";"11:10:00";"GO";158;"273,7";"JATAI";"Falta de atenção";"Colisão lateral";"Com Vítimas Feridas";"Pleno dia";"Decrescente";"Ceu Claro";"Simples";"Reta";"Urbano";2;0;1;0;1;0;1;2
83472024;"05/06/16";"Domingo";"15:05:00";"BA";420;"272";"JIQUIRICA";"Não guardar distância de segurança";"Colisão lateral";"Com Vítimas Feridas";"Pleno dia";"Crescente";"Sol";"Simples";"Curva";"Urbano";3;0;0;1;2;0;1;2
83472025;"05/06/16";"Domingo";"20:30:00";"SC";280;"119,8";"SAO BENTO DO SUL";"Ingestão de álcool";"Saída de Pista";"Sem Vítimas";"Plena noite";"Crescente";"Chuva";"Simples";"Reta";"Rural";1;0;0;0;1;0;0;1
83472026;"09/06/16";"Quinta";"10:20:00";"MT";70;"510";"VARZEA GRANDE";"Não guardar distância de segurança";"Colisão traseira";"Sem Vítimas";"Pleno dia";"Crescente";"Ceu Claro";"Simples";"Reta";"Rural";4;0;0;0;3;1;0;4
83472027;"09/06/16";"Quinta";"11:00:00";"GO";158;"269";"JATAI";"Falta de atenção";"Colisão lateral";"Com Vítimas Feridas";"Pleno dia";"Crescente";"Ceu Claro";"Simples";"Cruzamento";"Urbano";2;0;0;1;1;0;1;2
83472028;"09/06/16";"Quinta";"13:00:00";"MG";262;"359";"BETIM";"Dormindo";"Colisão com objeto fixo";"Sem Vítimas";"Pleno dia";"Decrescente";"Nublado";"Dupla";"Reta";"Rural";1;0;0;0;1;0;0;1
83472029;"06/06/16";"Segunda";"07:45:00";"RJ";116;"286";"BARRA MANSA";"Defeito na via";"Colisão com objeto fixo";"Com Vítimas Feridas";"Amanhecer";"Decrescente";"Chuva";"Dupla";"Reta";"Rural";1;0;1;0;0;0;1;1
83472030;"09/06/16";"Quinta";"07:30:00";"DF";20;"3";"BRASILIA";"Falta de atenção";"Colisão lateral";"Com Vítimas Feridas";"Pleno dia";"Decrescente";"Ceu Claro";"Dupla";"Reta";"Urbano";2;0;1;0;1;0;1;2
83472033;"05/06/16";"Domingo";"12:30:00";"PR";376;"4,2";"APUCARANA";"Outras";"Colisão Transversal";"Com Vítimas Feridas";"Pleno dia";"Crescente";"Ignorada";"Simples";"Reta";"Urbano";2;0;0;1;0;1;1;2
83472034;"05/06/16";"Domingo";"11:00:00";"AP";210;"64";"PORTO GRANDE";"Velocidade incompatível";"Saída de Pista";"Ignorado";"Pleno dia";"Decrescente";"Nublado";"Simples";"Reta";"Rural";1;0;0;0;0;1;0;1
83472035;"31/05/16";"Terça";"17:10:00";"BA";324;"618";"SALVADOR";"Falta de atenção";"Colisão traseira";"Sem Vítimas";"Pleno dia";"Decrescente";"Ceu Claro";"Múltipla";"Reta";"Urbano";2;0;0;0;2;0;0;2
83472036;"09/06/16";"Quinta";"10:54:00";"MG";40;"524";"CONTAGEM";"Não guardar distância de segurança";"Colisão traseira";"Com Vítimas Feridas";"Pleno dia";"Decrescente";"Ceu Claro";"Dupla";"Reta";"Urbano";2;0;1;0;1;0;1;2
83472037;"06/06/16";"Segunda";"00:05:00";"TO";153;"331,5";"GUARAI";"Dormindo";"Colisão traseira";"Com Vítimas Feridas";"Plena noite";"Decrescente";"Ceu Claro";"Simples";"Reta";"Urbano";3;0;1;1;1;0;2;2
83472038;"09/06/16";"Quinta";"12:30:00";"SC";280;"128,9";"RIO NEGRINHO";"Falta de atenção";"Colisão traseira";"Sem Vítimas";"Pleno dia";"Crescente";"Ceu Claro";"Simples";"Reta";"Urbano";2;0;0;0;2;0;0;2
83472039;"09/06/16";"Quinta";"11:15:00";"SP";116;"359,5";"MIRACATU";"Outras";"Tombamento";"Sem Vítimas";"Pleno dia";"Crescente";"Ceu Claro";"Simples";"Curva";"Rural";1;0;0;0;1;0;0;1
83472040;"09/06/16";"Quinta";"11:50:00";"RO";364;"342";"JI-PARANA";"Defeito na via";"Queda de motocicleta / bicicleta / veículo";"Com Vítimas Feridas";"Pleno dia";"Crescente";"Ceu Claro";"Dupla";"Reta";"Urbano";1;0;1;0;0;0;1;1
83472041;"09/06/16";"Quinta";"12:30:00";"MT";364;"400,5";"CUIABA";"Falta de atenção";"Colisão com bicicleta";"Com Vítimas Feridas";"Pleno dia";"Decrescente";"Sol";"Simples";"Reta";"Urbano";2;0;2;0;0;0;2;2
83472042;"09/06/16";"Quinta";"12:50:00";"RJ";101;"266";"RIO BONITO";"Outras";"Colisão com objeto fixo";"Sem Vítimas";"Pleno dia";"Crescente";"Nublado";"Dupla";"Reta";"Rural";1;0;0;0;1;0;0;1
83472043;"09/06/16";"Quinta";"13:55:00";"MG";381;"623";"OLIVEIRA";"Velocidade incompatível";"Saída de Pista";"Com Vítimas Feridas";"Pleno dia";"Decrescente";"Sol";"Simples";"Curva";"Rural";3;0;3;0;0;0;3;1
83472044;"05/06/16";"Domingo";"22:50:00";"SC";470;"128";"LONTRAS";"Outras";"Capotamento";"Com Vítimas Feridas";"Plena noite";"Crescente";"Nublado";"Simples";"Curva";"Urbano";2;0;0;2;0;0;2;1
83472045;"09/06/16";"Quinta";"08:20:00";"ES";101;"0,3";"SERRA";"Outras";"Queda de motocicleta / bicicleta / veículo";"Com Vítimas Feridas";"Pleno dia";"Crescente";"Chuva";"Múltipla";"Cruzamento";"Urbano";1;0;0;1;0;0;1;1
83472046;"05/06/16";"Domingo";"21:30:00";"SP";381;"33";"ATIBAIA";"Outras";"Colisão com objeto móvel";"Com Vítimas Feridas";"Plena noite";"Decrescente";"Chuva";"Dupla";"Reta";"Urbano";1;0;1;0;0;0;1;1
83472047;"09/06/16";"Quinta";"13:30:00";"PI";135;"395";"REDENCAO DO GURGUEIA";"Defeito mecânico em veículo";"Saída de Pista";"Sem Vítimas";"Pleno dia";"Decrescente";"Ceu Claro";"Simples";"Reta";"Rural";3;0;0;0;3;0;0;1
83472048;"24/02/16";"Quarta";"14:50:00";"MG";381;"504,2";"BETIM";"Ingestão de álcool";"Atropelamento de pessoa";"Com Vítimas Feridas";"Pleno dia";"Decrescente";"Sol";"Dupla";"Reta";"Urbano";2;0;0;1;1;0;1;1
83472049;"03/06/16";"Sexta";"16:30:00";"BA";324;"625";"SALVADOR";"Falta de atenção";"Colisão lateral";"Com Vítimas Feridas";"Anoitecer";"Crescente";"Sol";"Dupla";"Reta";"Urbano";2;0;0;1;1;0;1;2
83472050;"09/06/16";"Quinta";"10:10:00";"RJ";116;"76";"TERESOPOLIS";"Falta de atenção";"Colisão Transversal";"Com Vítimas Feridas";"Pleno dia";"Crescente";"Nublado";"Simples";"Reta";"Urbano";3;0;2;0;1;0;2;2
83472051;"09/06/16";"Quinta";"07:30:00";"GO";153;"495,5";"GOIANIA";"Não guardar distância de segurança";"Colisão traseira";"Sem Vítimas";"Pleno dia";"Crescente";"Ceu Claro";"Dupla";"Reta";"Urbano";3;0;0;0;3;0;0;3
83472052;"09/06/16";"Quinta";"08:40:00";"RJ";116;"80";"TERESOPOLIS";"Velocidade incompatível";"Tombamento";"Com Vítimas Feridas";"Pleno dia";"Decrescente";"Ceu Claro";"Simples";"Curva";"Rural";1;0;1;0;0;0;1;1
83472053;"09/06/16";"Quinta";"13:55:00";"SC";101;"52";"JOINVILLE";"Falta de atenção";"Colisão lateral";"Sem Vítimas";"Pleno dia";"Crescente";"Ceu Claro";"Dupla";"Reta";"Rural";2;0;0;0;2;0;0;2
83472054;"09/06/16";"Quinta";"11:00:00";"BA";324;"582";"CANDEIAS";"Falta de atenção";"Colisão traseira";"Com Vítimas Feridas";"Pleno dia";"Decrescente";"Ceu Claro";"Dupla";"Reta";"Urbano";3;0;2;0;1;0;2;2
83472055;"09/06/16";"Quinta";"10:50:00";"MA";316;"369,8";"BACABAL";"Outras";"Colisão Transversal";"Com Vítimas Feridas";"Pleno dia";"Crescente";"Sol";"Simples";"Curva";"Rural";2;0;1;0;1;0;1;2
83472056;"09/06/16";"Quinta";"12:45:00";"PE";101;"156";"RIBEIRAO";"Desobediência à sinalização";"Colisão Transversal";"Com Vítimas Feridas";"Pleno dia";"Crescente";"Nublado";"Dupla";"Curva";"Urbano";2;0;1;0;1;0;1;2
83472057;"09/06/16";"Quinta";"14:10:00";"MG";381;"771";"CAMPANHA";"Outras";"Saída de Pista";"Sem Vítimas";"Pleno dia";"Decrescente";"Ceu Claro";"Dupla";"Reta";"Rural";1;0;0;0;1;0;0;1
83472058;"09/06/16";"Quinta";"10:30:00";"SP";116;"490,7";"CAJATI";"Defeito mecânico em veículo";"Incêndio";"Sem Vítimas";"Pleno dia";"Decrescente";"Sol";"Dupla";"Curva";"Rural";1;0;0;0;1;0;0;1
83472059;"09/06/16";"Quinta";"10:35:00";"MT";364;"261,5";"JUSCIMEIRA";"Não guardar distância de segurança";"Colisão traseira";"Sem Vítimas";"Pleno dia";"Crescente";"Ceu Claro";"Simples";"Reta";"Rural";3;0;0;0;3;0;0;3
83472060;"09/06/16";"Quinta";"14:20:00";"MT";163;"43,6";"ITIQUIRA";"Defeito mecânico em veículo";"Capotamento";"Sem Vítimas";"Pleno dia";"Decrescente";"Ceu Claro";"Dupla";"Reta";"Rural";1;0;0;0;1;0;0;1
83472061;"07/06/16";"Terça";"16:05:00";"RS";293;"106,9";"PINHEIRO MACHADO";"Animais na Pista";"Atropelamento de animal";"Sem Vítimas";"Pleno dia";"Decrescente";"Ceu Claro";"Simples";"Reta";"Urbano";2;0;0;0;2;0;0;2
83472062;"09/06/16";"Quinta";"12:55:00";"PB";230;"33";"BAYEUX";"Não guardar distância de segurança";"Colisão traseira";"Com Vítimas Feridas";"Pleno dia";"Decrescente";"Sol";"Dupla";"Reta";"Urbano";7;0;1;0;5;1;1;7
83472063;"07/06/16";"Terça";"04:20:00";"MG";50;"177,8";"UBERABA";"Dormindo";"Saída de Pista";"Sem Vítimas";"Plena noite";"Decrescente";"Ceu Claro";"Dupla";"Curva";"Urbano";1;0;0;0;1;0;0;1
83472064;"05/06/16";"Domingo";"21:30:00";"PA";222;"238";"MARABA";"Ultrapassagem indevida";"Colisão frontal";"Com Vítimas Feridas";"Plena noite";"Crescente";"Chuva";"Simples";"Reta";"Urbano";2;0;0;1;1;0;1;2
83472065;"04/06/16";"Sábado";"02:00:00";"RJ";101;"53";"CAMPOS DOS GOYTACAZES";"Falta de atenção";"Saída de Pista";"Com Vítimas Fatais";"Plena noite";"Crescente";"Chuva";"Simples";"Reta";"Rural";3;2;0;1;0;0;1;1
83472066;"06/04/16";"Quarta";"12:33:00";"ES";262;"3,5";"CARIACICA";"Outras";"Queda de motocicleta / bicicleta / veículo";"Com Vítimas Feridas";"Pleno dia";"Decrescente";"Sol";"Múltipla";"Reta";"Urbano";1;0;1;0;0;0;1;1
83472067;"08/06/16";"Quarta";"02:59:00";"ES";101;"423,7";"ATILIO VIVACQUA";"Velocidade incompatível";"Tombamento";"Com Vítimas Feridas";"Plena noite";"Crescente";"Chuva";"Simples";"Curva";"Rural";1;0;0;1;0;0;1;1
83472068;"09/06/16";"Quinta";"15:20:00";"PR";277;"726";"FOZ DO IGUACU";"Falta de atenção";"Colisão Transversal";"Com Vítimas Feridas";"Pleno dia";"Decrescente";"Ceu Claro";"Dupla";"Cruzamento";"Urbano";2;0;1;0;1;0;1;2
83472069;"09/06/16";"Quinta";"08:00:00";"MA";316;"258";"SANTA INES";"Falta de atenção";"Queda de motocicleta / bicicleta / veículo";"Com Vítimas Feridas";"Pleno dia";"Decrescente";"Ceu Claro";"Simples";"Reta";"Urbano";1;0;1;0;0;0;1;1
83472070;"09/06/16";"Quinta";"14:30:00";"RJ";40;"87";"PETROPOLIS";"Outras";"Saída de Pista";"Com Vítimas Feridas";"Pleno dia";"Crescente";"Nublado";"Simples";"Curva";"Urbano";4;0;1;0;3;0;1;1
83472071;"09/06/16";"Quinta";"09:20:00";"MG";153;"27,5";"CENTRALINA";"Velocidade incompatível";"Saída de Pista";"Com Vítimas Feridas";"Pleno dia";"Decrescente";"Nublado";"Dupla";"Reta";"Rural";1;0;1;0;0;0;1;1
83472072;"09/06/16";"Quinta";"13:30:00";"RS";290;"86,2";"PORTO ALEGRE";"Outras";"Incêndio";"Sem Vítimas";"Pleno dia";"Decrescente";"Sol";"Dupla";"Reta";"Urbano";1;0;0;0;1;0;0;1
83472073;"09/06/16";"Quinta";"15:45:00";"SC";101;"167,5";"TIJUCAS";"Falta de atenção";"Colisão Transversal";"Sem Vítimas";"Pleno dia";"Crescente";"Ceu Claro";"Dupla";"Reta";"Urbano";5;0;0;0;5;0;0;2
83472074;"09/06/16";"Quinta";"14:00:00";"RS";285;"125,1";"VACARIA";"Falta de atenção";"Colisão traseira";"Com Vítimas Feridas";"Plena noite";"Decrescente";"Ceu Claro";"Simples";"Reta";"Urbano";2;0;1;0;1;0;1;2
83472075;"09/06/16";"Quinta";"14:05:00";"RS";116;"362,9";"TAPES";"Falta de atenção";"Colisão Transversal";"Sem Vítimas";"Pleno dia";"Decrescente";"Sol";"Simples";"Cruzamento";"Rural";2;0;0;0;2;0;0;2
83472076;"09/06/16";"Quinta";"06:30:00";"BA";324;"619";"SALVADOR";"Falta de atenção";"Queda de motocicleta / bicicleta / veículo";"Com Vítimas Feridas";"Pleno dia";"Decrescente";"Ceu Claro";"Simples";"Reta";"Urbano";1;0;1;0;0;0;1;1
83472077;"07/06/16";"Terça";"19:00:00";"PR";476;"200";"LAPA";"Falta de atenção";"Colisão frontal";"Com Vítimas Feridas";"Plena noite";"Decrescente";"Nublado";"Simples";"Reta";"Urbano";3;0;1;1;0;1;2;2