"id";"data_inversa";"dia_semana";"horario";"uf";"br";"km";"municipio";"causa_acidente";"tipo_acidente";"classificacao_acidente";"fase_dia";"sentido_via";"condicao_metereologica";"tipo_pista";"tracado_via";"uso_solo";"pessoas";"mortos";"feridos_leves";"feridos_graves";"ilesos";"ignorados";"feridos";"veiculos"
83472305;"10/06/16";"Sexta";"07:40:00";"MG";364;"6,2";"PLANURA";"Velocidade incompatível";"Colisão Transversal";"Com Vítimas Feridas";"Pleno dia";"Decrescente";"Ceu Claro";"Simples";"Cruzamento";"Rural";16;0;2;2;12;0;4;2
83472306;"10/06/16";"Sexta";"07:33:00";"SP";116;"99";"PINDAMONHANGABA";"Ultrapassagem indevida";"Colisão lateral";"Com Vítimas Fatais";"Pleno dia";"Crescente";"Nublado";"Simples";"Curva";"Urbano";2;1;0;0;1;0;0;2
83472307;"10/06/16";"Sexta";"07:00:00";"MG";40;"727";"OLIVEIRA FORTES";"Falta de atenção";"Saída de Pista";"Sem Vítimas";"Pleno dia";"Decrescente";"Nevoeiro/neblina";"Dupla";"Curva";"Rural";1;0;0;0;1;0;0;1
83472308;"07/06/16";"Terça";"17:40:00";"GO";20;"54";"FORMOSA";"Outras";"Colisão frontal";"Com Vítimas Feridas";"Anoitecer";"Decrescente";"Ceu Claro";"Simples";"Curva";"Rural";4;0;1;2;1;0;3;3
83472309;"10/06/16";"Sexta";"11:20:00";"MS";163;"12";"MUNDO NOVO";"Outras";"Saída de Pista";"Com Vítimas Feridas";"Pleno dia";"Crescente";"Sol";"Simples";"Reta";"Rural";1;0;1;0;0;0;1;1
83472310;"10/06/16";"Sexta";"10:40:00";"SP";116;"287";"ITAPECERICA DA SERRA";"Falta de atenção";"Queda de motocicleta / bicicleta / veículo";"Com Vítimas Feridas";"Pleno dia";"Decrescente";"Nublado";"Dupla";"Reta";"Urbano";1;0;1;0;0;0;1;1
83472311;"06/06/16";"Segunda";"19:15:00";"MG";251;"473,5";"FRANCISCO SA";"Velocidade incompatível";"Tombamento";"Com Vítimas Feridas";"Anoitecer";"Crescente";"Nublado";"Simples";"Curva";"Rural";1;0;1;0;0;0;1;1
83472312;"10/06/16";"Sexta";"13:00:00";"PR";153;"334,9";"IRATI";"Falta de atenção";"Colisão Transversal";"Com Vítimas Feridas";"Pleno dia";"Crescente";"Sol";"Simples";"Reta";"Urbano";2;0;1;0;1;0;1;2
83472313;"10/06/16";"Sexta";"13:00:00";"RS";285;"239";"CASEIROS";"Ultrapassagem indevida";"Saída de Pista";"Com Vítimas Feridas";"Pleno dia";"Crescente";"Sol";"Simples";"Reta";"Rural";2;0;2;0;0;0;2;1
83472314;"10/06/16";"Sexta";"08:30:00";"AC";364;"99";"SENADOR GUIOMARD";"Outras";"Colisão com bicicleta";"Com Vítimas Feridas";"Pleno dia";"Decrescente";"Nublado";"Dupla";"Curva";"Rural";2;0;0;1;1;0;1;2
83472315;"10/06/16";"Sexta";"07:20:00";"SC";282;"4";"FLORIANOPOLIS";"Velocidade incompatível";"Colisão traseira";"Com Vítimas Feridas";"Pleno dia";"Decrescente";"Ceu Claro";"Dupla";"Reta";"Urbano";3;0;1;1;1;0;2;2
83472316;"10/06/16";"Sexta";"11:00:00";"RJ";40;"117";"DUQUE DE CAXIAS";"Falta de atenção";"Queda de motocicleta / bicicleta / veículo";"Com Vítimas Feridas";"Pleno dia";"Decrescente";"Nublado";"Múltipla";"Reta";"Urbano";1;0;1;0;0;0;1;1
83472317;"10/06/16";"Sexta";"01:10:00";"PE";101;"199";"XEXEU";"Outras";"Colisão com objeto fixo";"Com Vítimas Feridas";"Plena noite";"Crescente";"Nublado";"Simples";"Curva";"Rural";3;0;2;1;0;0;3;1
83472318;"10/06/16";"Sexta";"10:00:00";"PE";428;"191,2";"PETROLINA";"Falta de atenção";"Colisão traseira";"Com Vítimas Feridas";"Pleno dia";"Crescente";"Ceu Claro";"Múltipla";"Reta";"Urbano";3;0;1;0;2;0;1;2
83472319;"05/06/16";"Domingo";"18:30:00";"PI";316;"285";"DOM EXPEDITO LOPES";"Outras";"Colisão lateral";"Sem Vítimas";"Plena noite";"Decrescente";"Nublado";"Simples";"Reta";"Urbano";2;0;0;0;2;0;0;2
83472320;"27/05/16";"Sexta";"13:30:00";"PR";116;"15,8";"CAMPINA GRANDE DO SUL";"Velocidade incompatível";"Saída de Pista";"Sem Vítimas";"Pleno dia";"Crescente";"Chuva";"Dupla";"Curva";"Rural";2;0;0;0;2;0;0;1
83472321;"10/06/16";"Sexta";"11:30:00";"PR";116;"176";"QUITANDINHA";"Falta de atenção";"Colisão Transversal";"Com Vítimas Feridas";"Pleno dia";"Crescente";"Ceu Claro";"Simples";"Reta";"Rural";2;0;1;0;1;0;1;2
83472322;"10/06/16";"Sexta";"14:00:00";"SC";101;"131,5";"BALNEARIO CAMBORIU";"Outras";"Colisão Transversal";"Com Vítimas Feridas";"Pleno dia";"Decrescente";"Ceu Claro";"Simples";"Reta";"Urbano";2;0;1;0;1;0;1;2
83472323;"10/06/16";"Sexta";"14:15:00";"SC";282;"4,8";"SAO JOSE";"Não guardar distância de segurança";"Colisão traseira";"Com Vítimas Feridas";"Pleno dia";"Decrescente";"Sol";"Dupla";"Reta";"Urbano";2;0;1;0;1;0;1;2
83472324;"10/06/16";"Sexta";"11:28:00";"MG";251;"506,3";"FRANCISCO SA";"Outras";"Colisão lateral";"Com Vítimas Feridas";"Pleno dia";"Decrescente";"Chuva";"Simples";"Curva";"Rural";2;0;1;0;1;0;1;2
83472325;"02/06/16";"Quinta";"18:40:00";"GO";20;"30";"FORMOSA";"Ingestão de álcool";"Colisão com bicicleta";"Com Vítimas Feridas";"Plena noite";"Decrescente";"Ceu Claro";"Simples";"Reta";"Urbano";2;0;1;0;0;1;1;2
83472326;"10/06/16";"Sexta";"13:00:00";"SC";282;"4,2";"FLORIANOPOLIS";"Não guardar distância de segurança";"Colisão traseira";"Sem Vítimas";"Pleno dia";"Decrescente";"Sol";"Dupla";"Reta";"Urbano";3;0;0;0;2;1;0;3
83472327;"06/06/16";"Segunda";"16:30:00";"SC";101;"141,8";"BALNEARIO CAMBORIU";"Outras";"Saída de Pista";"Sem Vítimas";"Pleno dia";"Crescente";"Chuva";"Simples";"Curva";"Rural";1;0;0;0;1;0;0;1
83472328;"09/06/16";"Quinta";"11:40:00";"RJ";101;"83,9";"CAMPOS DOS GOYTACAZES";"Outras";"Queda de motocicleta / bicicleta / veículo";"Com Vítimas Feridas";"Pleno dia";"Crescente";"Nublado";"Simples";"Curva";"Urbano";1;0;1;0;0;0;1;1
83472329;"10/06/16";"Sexta";"13:30:00";"BA";324;"547";"AMELIA RODRIGUES";"Outras";"Capotamento";"Com Vítimas Feridas";"Pleno dia";"Crescente";"Ceu Claro";"Dupla";"Reta";"Rural";3;0;2;0;1;0;2;2
83472330;"02/03/16";"Quarta";"12:35:00";"SC";470;"226,4";"SAO CRISTOVAO DO SUL";"Velocidade incompatível";"Saída de Pista";"Com Vítimas Feridas";"Pleno dia";"Crescente";"Nublado";"Simples";"Curva";"Rural";1;0;0;1;0;0;1;1
83472331;"10/06/16";"Sexta";"15:00:00";"RJ";465;"20";"NOVA IGUACU";"Desobediência à sinalização";"Colisão Transversal";"Com Vítimas Feridas";"Pleno dia";"Crescente";"Nublado";"Simples";"Reta";"Urbano";2;0;1;0;1;0;1;2
83472332;"10/06/16";"Sexta";"12:15:00";"RS";290;"580";"ALEGRETE";"Falta de atenção";"Colisão traseira";"Com Vítimas Feridas";"Pleno dia";"Decrescente";"Ceu Claro";"Simples";"Reta";"Rural";3;0;1;0;2;0;1;3
83472333;"10/06/16";"Sexta";"12:00:00";"MG";40;"557";"NOVA LIMA";"Velocidade incompatível";"Capotamento";"Sem Vítimas";"Pleno dia";"Crescente";"Chuva";"Dupla";"Reta";"Urbano";1;0;0;0;1;0;0;1
83472334;"06/06/16";"Segunda";"11:45:00";"RS";116;"465";"SAO LOURENCO DO SUL";"Desobediência à sinalização";"Colisão Transversal";"Com Vítimas Feridas";"Pleno dia";"Crescente";"Nublado";"Simples";"Cruzamento";"Rural";5;0;3;0;2;0;3;2
83472335;"10/06/16";"Sexta";"15:05:00";"PR";153;"459,9";"UNIAO DA VITORIA";"Defeito mecânico em veículo";"Incêndio";"Sem Vítimas";"Pleno dia";"Crescente";"Ceu Claro";"Simples";"Curva";"Rural";1;0;0;0;1;0;0;1
83472336;"06/06/16";"Segunda";"22:05:00";"SC";101;"163,8";"TIJUCAS";"Velocidade incompatível";"Capotamento";"Com Vítimas Feridas";"Plena noite";"Crescente";"Nublado";"Dupla";"Reta";"Urbano";1;0;1;0;0;0;1;1
83472337;"02/06/16";"Quinta";"20:30:00";"PE";407;"129,8";"PETROLINA";"Outras";"Colisão lateral";"Sem Vítimas";"Plena noite";"Crescente";"Ceu Claro";"Dupla";"Reta";"Urbano";2;0;0;0;2;0;0;2
83472339;"10/06/16";"Sexta";"15:35:00";"RS";470;"221,6";"GARIBALDI";"Falta de atenção";"Colisão Transversal";"Com Vítimas Feridas";"Pleno dia";"Decrescente";"Ceu Claro";"Simples";"Reta";"Rural";2;0;1;0;1;0;1;2
83472340;"10/06/16";"Sexta";"13:40:00";"SP";381;"62,5";"MAIRIPORA";"Defeito mecânico em veículo";"Colisão traseira";"Sem Vítimas";"Pleno dia";"Crescente";"Ceu Claro";"Dupla";"Reta";"Rural";2;0;0;0;2;0;0;2
83472341;"10/06/16";"Sexta";"11:45:00";"MT";364;"590";"DIAMANTINO";"Falta de atenção";"Colisão traseira";"Sem Vítimas";"Pleno dia";"Decrescente";"Ceu Claro";"Dupla";"Reta";"Rural";2;0;0;0;2;0;0;2
83472342;"10/06/16";"Sexta";"10:35:00";"PR";369;"174,7";"ROLANDIA";"Desobediência à sinalização";"Atropelamento de pessoa";"Com Vítimas Feridas";"Pleno dia";"Crescente";"Ceu Claro";"Simples";"Cruzamento";"Urbano";2;0;0;1;0;1;1;1
83472343;"10/06/16";"Sexta";"14:00:00";"SC";282;"586,4";"PINHALZINHO";"Falta de atenção";"Saída de Pista";"Sem Vítimas";"Pleno dia";"Decrescente";"Ceu Claro";"Simples";"Curva";"Rural";1;0;0;0;1;0;0;1
83472344;"10/06/16";"Sexta";"16:10:00";"RJ";101;"395";"RIO DE JANEIRO";"Falta de atenção";"Colisão lateral";"Com Vítimas Feridas";"Pleno dia";"Decrescente";"Nublado";"Dupla";"Curva";"Urbano";4;0;2;0;2;0;2;2
83472345;"10/06/16";"Sexta";"16:46:00";"MG";381;"486,5";"BETIM";"Falta de atenção";"Colisão Transversal";"Com Vítimas Feridas";"Pleno dia";"Crescente";"Ceu Claro";"Dupla";"Reta";"Urbano";2;0;1;0;1;0;1;2
83472346;"10/06/16";"Sexta";"17:15:00";"PE";428;"189,7";"PETROLINA";"Falta de atenção";"Colisão Transversal";"Com Vítimas Feridas";"Pleno dia";"Crescente";"Sol";"Múltipla";"Reta";"Urbano";2;0;2;0;0;0;2;2
83472347;"06/06/16";"Segunda";"15:30:00";"RJ";40;"113";"DUQUE DE CAXIAS";"Outras";"Queda de motocicleta / bicicleta / veículo";"Com Vítimas Feridas";"Pleno dia";"Crescente";"Ceu Claro";"Simples";"Curva";"Urbano";3;0;2;0;1;0;2;2
83472348;"22/02/16";"Segunda";"05:00:00";"BA";135;"185";"BARREIRAS";"Outras";"Queda de motocicleta / bicicleta / veículo";"Com Vítimas Feridas";"Plena noite";"Decrescente";"Ignorada";"Simples";"Reta";"Rural";2;0;0;2;0;0;2;1
83472349;"10/06/16";"Sexta";"14:15:00";"AP";156;"277";"MACAPA";"Outras";"Saída de Pista";"Sem Vítimas";"Pleno dia";"Crescente";"Chuva";"Simples";"Curva";"Rural";1;0;0;0;1;0;0;1
83472350;"10/06/16";"Sexta";"11:30:00";"CE";222;"3";"FORTALEZA";"Outras";"Colisão lateral";"Com Vítimas Feridas";"Pleno dia";"Decrescente";"Ceu Claro";"Múltipla";"Reta";"Urbano";2;0;0;1;0;1;1;2
83472351;"10/06/16";"Sexta";"15:00:00";"MT";163;"14";"ITIQUIRA";"Velocidade incompatível";"Tombamento";"Sem Vítimas";"Pleno dia";"Decrescente";"Ceu Claro";"Dupla";"Reta";"Rural";1;0;0;0;1;0;0;1
83472352;"08/06/16";"Quarta";"09:40:00";"BA";101;"264";"SANTO ANTONIO DE JESUS";"Falta de atenção";"Colisão Transversal";"Sem Vítimas";"Pleno dia";"Crescente";"Ceu Claro";"Simples";"Reta";"Rural";2;0;0;0;2;0;0;2
83472353;"07/06/16";"Terça";"03:20:00";"RJ";40;"120";"DUQUE DE CAXIAS";"Falta de atenção";"Colisão com objeto fixo";"Com Vítimas Feridas";"Plena noite";"Crescente";"Chuva";"Múltipla";"Reta";"Urbano";1;0;0;1;0;0;1;1
83472354;"10/06/16";"Sexta";"16:50:00";"CE";222;"3";"CAUCAIA";"Falta de atenção";"Colisão traseira";"Sem Vítimas";"Pleno dia";"Decrescente";"Sol";"Múltipla";"Reta";"Urbano";3;0;0;0;3;0;0;3
83472356;"07/06/16";"Terça";"22:30:00";"SC";101;"177";"BIGUACU";"Dormindo";"Colisão com objeto fixo";"Com Vítimas Feridas";"Plena noite";"Crescente";"Ceu Claro";"Dupla";"Reta";"Rural";1;0;1;0;0;0;1;1
83472357;"10/06/16";"Sexta";"17:40:00";"SP";116;"161";"JACAREI";"Falta de atenção";"Colisão lateral";"Sem Vítimas";"Anoitecer";"Decrescente";"Nublado";"Dupla";"Reta";"Urbano";2;0;0;0;2;0;0;2
83472358;"10/06/16";"Sexta";"13:50:00";"PI";343;"3,4";"TERESINA";"Não guardar distância de segurança";"Colisão lateral";"Sem Vítimas";"Pleno dia";"Crescente";"Ceu Claro";"Múltipla";"Reta";"Urbano";2;0;0;0;2;0;0;2
83472359;"10/06/16";"Sexta";"16:30:00";"PR";376;"206,4";"MANDAGUARI";"Falta de atenção";"Colisão Transversal";"Com Vítimas Feridas";"Pleno dia";"Crescente";"Ceu Claro";"Simples";"Reta";"Urbano";2;0;2;0;0;0;2;2
83472360;"10/06/16";"Sexta";"17:50:00";"RS";470;"209,2";"BENTO GONCALVES";"Falta de atenção";"Colisão lateral";"Sem Vítimas";"Plena noite";"Decrescente";"Ceu Claro";"Simples";"Cruzamento";"Urbano";3;0;0;0;3;0;0;2
83472361;"06/06/16";"Segunda";"16:30:00";"SC";101;"269,5";"IMBITUBA";"Ultrapassagem indevida";"Colisão lateral";"Sem Vítimas";"Pleno dia";"Decrescente";"Ceu Claro";"Dupla";"Reta";"Rural";2;0;0;0;2;0;0;2
83472362;"10/06/16";"Sexta";"18:16:00";"RJ";101;"320";"SAO GONCALO";"Não guardar distância de segurança";"Colisão lateral";"Com Vítimas Feridas";"Plena noite";"Decrescente";"Ceu Claro";"Dupla";"Reta";"Urbano";2;0;0;1;1;0;1;2
83472363;"02/06/16";"Quinta";"08:10:00";"RS";285;"294,2";"PASSO FUNDO";"Não guardar distância de segurança";"Colisão traseira";"Sem Vítimas";"Pleno dia";"Decrescente";"Nevoeiro/neblina";"Simples";"Cruzamento";"Urbano";3;0;0;0;3;0;0;3
83472364;"10/06/16";"Sexta";"15:05:00";"PR";277;"324,2";"GUARAPUAVA";"Falta de atenção";"Colisão lateral";"Sem Vítimas";"Pleno dia";"Decrescente";"Ceu Claro";"Simples";"Reta";"Rural";2;0;0;0;2;0;0;2
83472366;"05/06/16";"Domingo";"23:15:00";"SC";282;"1,2";"FLORIANOPOLIS";"Velocidade incompatível";"Capotamento";"Com Vítimas Feridas";"Plena noite";"Crescente";"Nublado";"Dupla";"Curva";"Urbano";2;0;1;0;1;0;1;2
83472367;"10/06/16";"Sexta";"14:00:00";"TO";153;"594";"SANTA RITA DO TOCANTINS";"Outras";"Saída de Pista";"Sem Vítimas";"Pleno dia";"Crescente";"Nublado";"Simples";"Reta";"Rural";2;0;0;0;2;0;0;1
83472368;"10/06/16";"Sexta";"16:00:00";"SC";470;"32,1";"GASPAR";"Outras";"Capotamento";"Com Vítimas Feridas";"Pleno dia";"Decrescente";"Ceu Claro";"Simples";"Reta";"Rural";5;0;4;0;1;0;4;1
83472369;"10/06/16";"Sexta";"17:10:00";"PR";116;"116";"CURITIBA";"Falta de atenção";"Colisão traseira";"Com Vítimas Feridas";"Anoitecer";"Crescente";"Ceu Claro";"Múltipla";"Reta";"Urbano";3;0;0;1;2;0;1;3
83472370;"10/06/16";"Sexta";"18:50:00";"GO";153;"607,1";"MORRINHOS";"Não guardar distância de segurança";"Colisão traseira";"Sem Vítimas";"Plena noite";"Crescente";"Ceu Claro";"Dupla";"Reta";"Rural";2;0;0;0;2;0;0;2
83472371;"10/06/16";"Sexta";"18:00:00";"SC";116;"210,2";"PONTE ALTA";"Não guardar distância de segurança";"Colisão traseira";"Sem Vítimas";"Plena noite";"Decrescente";"Nublado";"Simples";"Reta";"Rural";3;0;0;0;3;0;0;3
83472372;"10/06/16";"Sexta";"15:30:00";"MG";381;"832";"SAO SEBASTIAO DA BELA VISTA";"Dormindo";"Tombamento";"Sem Vítimas";"Pleno dia";"Decrescente";"Sol";"Dupla";"Reta";"Rural";3;0;0;0;3;0;0;1
83472373;"06/06/16";"Segunda";"08:00:00";"SP";116;"144,5";"SAO JOSE DOS CAMPOS";"Falta de atenção";"Colisão traseira";"Com Vítimas Feridas";"Pleno dia";"Crescente";"Ceu Claro";"Múltipla";"Reta";"Urbano";2;0;0;1;1;0;1;2
83472374;"10/06/16";"Sexta";"18:00:00";"GO";20;"179";"ALVORADA DO NORTE";"Falta de atenção";"Colisão lateral";"Com Vítimas Feridas";"Anoitecer";"Decrescente";"Ceu Claro";"Simples";"Reta";"Urbano";2;0;0;1;1;0;1;2
83472375;"10/06/16";"Sexta";"16:50:00";"MG";116;"274,3";"TEOFILO OTONI";"Falta de atenção";"Atropelamento de animal";"Com Vítimas Feridas";"Pleno dia";"Crescente";"Nublado";"Simples";"Reta";"Urbano";1;0;1;0;0;0;1;1
83472376;"10/06/16";"Sexta";"16:05:00";"GO";60;"304,1";"ACREUNA";"Falta de atenção";"Atropelamento de pessoa";"Com Vítimas Feridas";"Pleno dia";"Crescente";"Ceu Claro";"Múltipla";"Reta";"Urbano";2;0;1;1;0;0;2;1
83472378;"10/06/16";"Sexta";"15:30:00";"PE";101;"97";"CABO DE SANTO AGOSTINHO";"Velocidade incompatível";"Saída de Pista";"Sem Vítimas";"Pleno dia";"Decrescente";"Sol";"Simples";"Reta";"Rural";1;0;0;0;1;0;0;1
83472379;"07/06/16";"Terça";"16:20:00";"ES";101;"144,9";"LINHARES";"Falta de atenção";"Colisão traseira";"Com Vítimas Feridas";"Pleno dia";"Crescente";"Nublado";"Múltipla";"Reta";"Urbano";2;0;0;1;0;1;1;2
83472380;"25/05/16";"Quarta";"15:08:00";"SC";101;"202";"SAO JOSE";"Outras";"Colisão lateral";"Sem Vítimas";"Pleno dia";"Crescente";"Ceu Claro";"Múltipla";"Reta";"Urbano";2;0;0;0;2;0;0;2
83472381;"10/06/16";"Sexta";"18:10:00";"SC";101;"31";"JOINVILLE";"Não guardar distância de segurança";"Colisão traseira";"Sem Vítimas";"Plena noite";"Crescente";"Ceu Claro";"Dupla";"Reta";"Urbano";4;0;0;0;4;0;0;4
83472382;"10/06/16";"Sexta";"17:20:00";"MG";40;"41,5";"PARACATU";"Falta de atenção";"Colisão Transversal";"Com Vítimas Feridas";"Pleno dia";"Decrescente";"Sol";"Simples";"Reta";"Rural";3;0;1;0;2;0;1;2
83472383;"10/06/16";"Sexta";"17:10:00";"MT";364;"575";"NOBRES";"Outras";"Colisão com objeto móvel";"Sem Vítimas";"Pleno dia";"Crescente";"Ceu Claro";"Simples";"Curva";"Rural";2;0;0;0;2;0;0;1
83472384;"10/06/16";"Sexta";"13:15:00";"RO";364;"234";"CACOAL";"Falta de atenção";"Colisão Transversal";"Com Vítimas Feridas";"Pleno dia";"Decrescente";"Nublado";"Simples";"Reta";"Urbano";2;0;0;1;1;0;1;2
83472385;"10/06/16";"Sexta";"18:30:00";"PR";476;"136,7";"CURITIBA";"Falta de atenção";"Atropelamento de pessoa";"Com Vítimas Feridas";"Plena noite";"Crescente";"Nublado";"Múltipla";"Reta";"Urbano";2;0;1;0;1;0;1;1
83472386;"10/06/16";"Sexta";"07:55:00";"SC";116;"54,9";"PAPANDUVA";"Falta de atenção";"Colisão Transversal";"Com Vítimas Feridas";"Pleno dia";"Decrescente";"Sol";"Simples";"Reta";"Urbano";2;0;1;0;1;0;1;2
83472387;"10/06/16";"Sexta";"17:30:00";"MS";163;"735,2";"COXIM";"Falta de atenção";"Colisão Transversal";"Sem Vítimas";"Plena noite";"Crescente";"Nublado";"Múltipla";"Reta";"Rural";2;0;0;0;2;0;0;2
83472388;"10/06/16";"Sexta";"10:15:00";"SP";116;"224";"GUARULHOS";"Falta de atenção";"Colisão traseira";"Com Vítimas Feridas";"Pleno dia";"Crescente";"Ceu Claro";"Múltipla";"Reta";"Urbano";2;0;1;0;1;0;1;2
83472389;"10/06/16";"Sexta";"05:10:00";"PE";101;"199";"XEXEU";"Falta de atenção";"Colisão frontal";"Sem Vítimas";"Amanhecer";"Decrescente";"Nevoeiro/neblina";"Dupla";"Curva";"Rural";2;0;0;0;1;1;0;2
83472390;"10/06/16";"Sexta";"13:20:00";"PR";376;"207";"MANDAGUARI";"Desobediência à sinalização";"Colisão lateral";"Com Vítimas Feridas";"Pleno dia";"Crescente";"Sol";"Simples";"Reta";"Urbano";2;0;1;0;1;0;1;2
83472391;"10/06/16";"Sexta";"08:30:00";"RJ";116;"29";"SAPUCAIA";"Defeito mecânico em veículo";"Tombamento";"Com Vítimas Feridas";"Pleno dia";"Decrescente";"Nublado";"Simples";"Curva";"Rural";2;0;1;0;1;0;1;2
83472392;"10/06/16";"Sexta";"13:45:00";"MG";381;"370";"SAO GONCALO DO RIO ABAIXO";"Outras";"Colisão Transversal";"Com Vítimas Fatais";"Pleno dia";"Decrescente";"Chuva";"Simples";"Curva";"Rural";4;1;0;0;3;0;0;3
83472393;"10/06/16";"Sexta";"17:50:00";"PR";277;"26,9";"MORRETES";"Defeito mecânico em veículo";"Danos Eventuais";"Sem Vítimas";"Anoitecer";"Decrescente";"Ceu Claro";"Dupla";"Reta";"Rural";2;0;0;0;2;0;0;2
83472394;"10/06/16";"Sexta";"15:00:00";"MT";364;"346";"SANTO ANTONIO DO LEVERGER";"Velocidade incompatível";"Tombamento";"Com Vítimas Feridas";"Pleno dia";"Decrescente";"Ceu Claro";"Simples";"Curva";"Rural";2;0;2;0;0;0;2;1
83472395;"10/06/16";"Sexta";"11:50:00";"PR";369;"105";"CORNELIO PROCOPIO";"Outras";"Colisão lateral";"Com Vítimas Feridas";"Pleno dia";"Decrescente";"Ceu Claro";"Simples";"Reta";"Rural";2;0;1;0;1;0;1;2
83472396;"10/06/16";"Sexta";"17:50:00";"RJ";116;"79";"TERESOPOLIS";"Falta de atenção";"Colisão Transversal";"Com Vítimas Feridas";"Plena noite";"Crescente";"Nublado";"Simples";"Reta";"Rural";2;0;1;0;1;0;1;2
83472397;"10/06/16";"Sexta";"16:00:00";"MG";381;"313";"ANTONIO DIAS";"Velocidade incompatível";"Capotamento";"Com Vítimas Feridas";"Pleno dia";"Decrescente";"Chuva";"Simples";"Curva";"Rural";1;0;0;1;0;0;1;1
83472398;"10/06/16";"Sexta";"10:55:00";"RJ";393;"169";"TRES RIOS";"Falta de atenção";"Colisão Transversal";"Sem Vítimas";"Pleno dia";"Crescente";"Nublado";"Simples";"Cruzamento";"Rural";2;0;0;0;2;0;0;2
83472399;"10/06/16";"Sexta";"18:30:00";"PR";376;"628";"SAO JOSE DOS PINHAIS";"Animais na Pista";"Atropelamento de animal";"Sem Vítimas";"Plena noite";"Decrescente";"Ceu Claro";"Dupla";"Reta";"Rural";1;0;0;0;1;0;0;1
83472400;"10/06/16";"Sexta";"19:30:00";"MG";381;"497,7";"BETIM";"Defeito mecânico em veículo";"Queda de motocicleta / bicicleta / veículo";"Com Vítimas Feridas";"Pleno dia";"Decrescente";"Ceu Claro";"Dupla";"Reta";"Urbano";2;0;2;0;0;0;2;1
83472401;"10/06/16";"Sexta";"19:30:00";"SP";116;"497";"CAJATI";"Falta de atenção";"Saída de Pista";"Sem Vítimas";"Plena noite";"Decrescente";"Nublado";"Dupla";"Reta";"Rural";1;0;0;0;1;0;0;1
83472402;"10/06/16";"Sexta";"19:28:00";"RJ";116;"293";"PORTO REAL";"Outras";"Capotamento";"Ignorado";"Plena noite";"Decrescente";"Nublado";"Dupla";"Curva";"Rural";1;0;0;0;0;1;0;1
83472403;"07/06/16";"Terça";"07:30:00";"RJ";393;"233,9";"VASSOURAS";"Falta de atenção";"Colisão com objeto fixo";"Sem Vítimas";"Pleno dia";"Decrescente";"Chuva";"Simples";"Curva";"Urbano";1;0;0;0;1;0;0;1
83472405;"10/06/16";"Sexta";"13:40:00";"SP";116;"179";"GUARAREMA";"Falta de atenção";"Colisão com objeto fixo";"Sem Vítimas";"Pleno dia";"Crescente";"Ceu Claro";"Dupla";"Reta";"Urbano";1;0;0;0;1;0;0;1
83472406;"10/06/16";"Sexta";"17:50:00";"BA";116;"12";"VITORIA DA CONQUISTA";"Falta de atenção";"Colisão traseira";"Sem Vítimas";"Anoitecer";"Decrescente";"Ceu Claro";"Simples";"Reta";"Urbano";2;0;0;0;2;0;0;2
83472407;"10/06/16";"Sexta";"15:18:00";"PE";101;"76";"RECIFE";"Falta de atenção";"Colisão traseira";"Sem Vítimas";"Pleno dia";"Decrescente";"Ceu Claro";"Dupla";"Reta";"Urbano";3;0;0;0;2;1;0;3
83472408;"10/06/16";"Sexta";"16:00:00";"MG";381;"309";"ANTONIO DIAS";"Velocidade incompatível";"Saída de Pista";"Com Vítimas Feridas";"Pleno dia";"Decrescente";"Chuva";"Simples";"Curva";"Rural";3;0;3;0;0;0;3;1
83472409;"10/06/16";"Sexta";"17:55:00";"CE";116;"63,3";"CHOROZINHO";"Não guardar distância de segurança";"Colisão traseira";"Sem Vítimas";"Anoitecer";"Decrescente";"Ceu Claro";"Simples";"Reta";"Rural";2;0;0;0;2;0;0;2
83472410;"10/06/16";"Sexta";"19:20:00";"SC";282;"570,5";"NOVA ERECHIM";"Não guardar distância de segurança";"Colisão traseira";"Com Vítimas Feridas";"Plena noite";"Decrescente";"Ceu Claro";"Simples";"Reta";"Rural";3;0;2;0;1;0;2;2
83472411;"10/06/16";"Sexta";"18:15:00";"BA";242;"393";"SEABRA";"Outras";"Saída de Pista";"Com Vítimas Feridas";"Plena noite";"Decrescente";"Ceu Claro";"Simples";"Reta";"Rural";4;0;0;2;1;1;2;2
83472412;"10/06/16";"Sexta";"16:40:00";"MG";381;"309";"ANTONIO DIAS";"Velocidade incompatível";"Capotamento";"Sem Vítimas";"Pleno dia";"Decrescente";"Chuva";"Simples";"Curva";"Rural";1;0;0;0;1;0;0;1
83472413;"06/06/16";"Segunda";"16:00:00";"SC";280;"235,9";"CANOINHAS";"Falta de atenção";"Colisão traseira";"Sem Vítimas";"Pleno dia";"Crescente";"Ceu Claro";"Simples";"Reta";"Urbano";4;0;0;0;4;0;0;2
83472414;"10/06/16";"Sexta";"20:11:00";"RS";287;"236,5";"SANTA MARIA";"Outras";"Atropelamento de pessoa";"Com Vítimas Feridas";"Plena noite";"Crescente";"Ceu Claro";"Simples";"Reta";"Urbano";2;0;1;1;0;0;2;1
83472415;"10/06/16";"Sexta";"18:30:00";"PR";376;"175,5";"MARINGA";"Desobediência à sinalização";"Colisão Transversal";"Sem Vítimas";"Anoitecer";"Crescente";"Ceu Claro";"Dupla";"Cruzamento";"Urbano";3;0;0;0;1;2;0;2