"id";"data_inversa";"dia_semana";"horario";"uf";"br";"km";"municipio";"causa_acidente";"tipo_acidente";"classificacao_acidente";"fase_dia";"sentido_via";"condicao_metereologica";"tipo_pista";"tracado_via";"uso_solo";"pessoas";"mortos";"feridos_leves";"feridos_graves";"ilesos";"ignorados";"feridos";"veiculos"
83472526;"07/06/16";"Terça";"17:50:00";"CE";222;"5";"CAUCAIA";"Falta de atenção";"Colisão lateral";"Sem Vítimas";"Anoitecer";"Decrescente";"Ceu Claro";"Múltipla";"Reta";"Urbano";2;0;0;0;2;0;0;2
83472527;"11/06/16";"Sábado";"07:50:00";"MA";135;"88";"ITAPECURU MIRIM";"Falta de atenção";"Colisão traseira";"Sem Vítimas";"Pleno dia";"Decrescente";"Sol";"Simples";"Reta";"Rural";2;0;0;0;2;0;0;2
83472528;"11/06/16";"Sábado";"05:00:00";"MT";163;"745";"SORRISO";"Animais na Pista";"Atropelamento de animal";"Sem Vítimas";"Amanhecer";"Crescente";"Ceu Claro";"Simples";"Reta";"Rural";3;0;0;0;3;0;0;1
83472529;"03/06/16";"Sexta";"21:40:00";"PR";376;"334";"ORTIGUEIRA";"Ingestão de álcool";"Capotamento";"Sem Vítimas";"Plena noite";"Crescente";"Ceu Claro";"Simples";"Curva";"Rural";1;0;0;0;1;0;0;1
83472530;"11/06/16";"Sábado";"06:00:00";"PR";376;"389";"IMBAU";"Falta de atenção";"Colisão traseira";"Ignorado";"Plena noite";"Decrescente";"Ceu Claro";"Simples";"Reta";"Rural";2;0;0;0;0;2;0;2
83472531;"11/06/16";"Sábado";"07:43:00";"PE";101;"69,5";"RECIFE";"Desobediência à sinalização";"Colisão lateral";"Com Vítimas Feridas";"Pleno dia";"Crescente";"Ceu Claro";"Dupla";"Reta";"Urbano";3;0;2;0;1;0;2;2
83472532;"10/06/16";"Sexta";"20:01:00";"RJ";116;"174";"RIO DE JANEIRO";"Não guardar distância de segurança";"Colisão traseira";"Com Vítimas Feridas";"Plena noite";"Crescente";"Nublado";"Dupla";"Reta";"Urbano";2;0;1;0;1;0;1;2
83472533;"11/06/16";"Sábado";"07:20:00";"PE";101;"67,5";"RECIFE";"Outras";"Colisão traseira";"Sem Vítimas";"Pleno dia";"Decrescente";"Ceu Claro";"Simples";"Reta";"Urbano";3;0;0;0;2;1;0;3
83472534;"07/06/16";"Terça";"22:50:00";"PR";376;"323,1";"ORTIGUEIRA";"Velocidade incompatível";"Tombamento";"Com Vítimas Feridas";"Plena noite";"Decrescente";"Ceu Claro";"Simples";"Curva";"Rural";1;0;0;1;0;0;1;1
83472535;"08/06/16";"Quarta";"06:00:00";"MG";381;"507";"SAO JOAQUIM DE BICAS";"Não guardar distância de segurança";"Colisão traseira";"Com Vítimas Feridas";"Amanhecer";"Decrescente";"Nevoeiro/neblina";"Dupla";"Reta";"Urbano";2;0;1;0;1;0;1;2
83472536;"03/06/16";"Sexta";"13:30:00";"ES";101;"230";"SERRA";"Desobediência à sinalização";"Colisão Transversal";"Com Vítimas Feridas";"Pleno dia";"Decrescente";"Ceu Claro";"Dupla";"Reta";"Rural";3;0;2;0;1;0;2;3
83472537;"07/06/16";"Terça";"08:56:00";"RJ";116;"279";"BARRA MANSA";"Outras";"Saída de Pista";"Com Vítimas Feridas";"Pleno dia";"Crescente";"Chuva";"Dupla";"Curva";"Rural";1;0;0;1;0;0;1;1
83472538;"11/06/16";"Sábado";"06:45:00";"RS";290;"108";"ELDORADO DO SUL";"Outras";"Colisão com objeto móvel";"Com Vítimas Feridas";"Amanhecer";"Decrescente";"Ceu Claro";"Dupla";"Reta";"Urbano";1;0;1;0;0;0;1;1
83472539;"03/06/16";"Sexta";"17:30:00";"MG";365;"675";"MONTE ALEGRE DE MINAS";"Outras";"Saída de Pista";"Com Vítimas Feridas";"Anoitecer";"Decrescente";"Chuva";"Dupla";"Curva";"Rural";1;0;1;0;0;0;1;1
83472540;"02/05/16";"Segunda";"14:30:00";"MA";135;"19,8";"SAO LUIS";"Defeito na via";"Colisão com objeto fixo";"Com Vítimas Feridas";"Pleno dia";"Crescente";"Chuva";"Dupla";"Reta";"Urbano";2;0;0;2;0;0;2;1
83472541;"03/06/16";"Sexta";"12:15:00";"PR";277;"589,9";"CASCAVEL";"Falta de atenção";"Colisão traseira";"Com Vítimas Feridas";"Pleno dia";"Crescente";"Ceu Claro";"Simples";"Reta";"Rural";2;0;0;1;1;0;1;2
83472542;"07/06/16";"Terça";"21:40:00";"MG";50;"54";"ARAGUARI";"Defeito mecânico em veículo";"Tombamento";"Sem Vítimas";"Plena noite";"Decrescente";"Nevoeiro/neblina";"Dupla";"Curva";"Rural";1;0;0;0;1;0;0;1
83472543;"08/06/16";"Quarta";"06:35:00";"MG";381;"720";"CARMO DA CACHOEIRA";"Velocidade incompatível";"Colisão com objeto fixo";"Com Vítimas Feridas";"Amanhecer";"Decrescente";"Nublado";"Dupla";"Curva";"Rural";2;0;2;0;0;0;2;1
83472544;"06/05/16";"Sexta";"19:10:00";"MG";50;"82,3";"UBERLANDIA";"Outras";"Colisão com bicicleta";"Com Vítimas Fatais";"Anoitecer";"Decrescente";"Ceu Claro";"Dupla";"Reta";"Rural";3;1;0;0;2;0;0;3
83472545;"07/06/16";"Terça";"20:00:00";"MG";365;"606";"UBERLANDIA";"Defeito na via";"Tombamento";"Sem Vítimas";"Plena noite";"Decrescente";"Nublado";"Simples";"Reta";"Urbano";1;0;0;0;1;0;0;1
83472546;"08/06/16";"Quarta";"05:20:00";"RJ";116;"285";"BARRA MANSA";"Outras";"Colisão traseira";"Com Vítimas Feridas";"Pleno dia";"Decrescente";"Chuva";"Dupla";"Curva";"Rural";2;0;1;0;1;0;1;2
83472547;"04/06/16";"Sábado";"02:45:00";"RS";290;"152,3";"ARROIO DOS RATOS";"Outras";"Colisão com objeto fixo";"Com Vítimas Feridas";"Plena noite";"Decrescente";"Ceu Claro";"Simples";"Reta";"Urbano";1;0;0;1;0;0;1;1
83472548;"07/06/16";"Terça";"13:40:00";"PR";277;"589,9";"CASCAVEL";"Falta de atenção";"Colisão lateral";"Com Vítimas Feridas";"Pleno dia";"Crescente";"Sol";"Simples";"Reta";"Urbano";2;0;1;0;1;0;1;2
83472549;"10/06/16";"Sexta";"21:35:00";"MT";163;"610";"NOVA MUTUM";"Ingestão de álcool";"Colisão traseira";"Sem Vítimas";"Plena noite";"Decrescente";"Ceu Claro";"Simples";"Reta";"Urbano";3;0;0;0;3;0;0;2
83472550;"10/06/16";"Sexta";"23:00:00";"MS";163;"446";"CAMPO GRANDE";"Dormindo";"Capotamento";"Com Vítimas Feridas";"Plena noite";"Crescente";"Nublado";"Simples";"Reta";"Rural";1;0;1;0;0;0;1;1
83472551;"11/06/16";"Sábado";"07:30:00";"RS";285;"182,3";"LAGOA VERMELHA";"Velocidade incompatível";"Tombamento";"Sem Vítimas";"Amanhecer";"Decrescente";"Ceu Claro";"Simples";"Curva";"Rural";1;0;0;0;1;0;0;1
83472552;"23/01/16";"Sábado";"18:20:00";"MG";381;"525";"ITATIAIUCU";"Velocidade incompatível";"Colisão traseira";"Com Vítimas Feridas";"Pleno dia";"Decrescente";"Ceu Claro";"Dupla";"Curva";"Rural";2;0;1;0;1;0;1;2
83472553;"11/06/16";"Sábado";"08:40:00";"SC";101;"79";"ARAQUARI";"Ingestão de álcool";"Colisão traseira";"Com Vítimas Feridas";"Pleno dia";"Decrescente";"Ceu Claro";"Dupla";"Reta";"Rural";2;0;1;0;1;0;1;2
83472554;"07/06/16";"Terça";"14:30:00";"SC";101;"123,1";"ITAJAI";"Falta de atenção";"Colisão traseira";"Sem Vítimas";"Pleno dia";"Crescente";"Ceu Claro";"Dupla";"Reta";"Urbano";3;0;0;0;3;0;0;3
83472555;"08/06/16";"Quarta";"06:40:00";"RS";158;"311,9";"ITAARA";"Outras";"Atropelamento de animal";"Com Vítimas Feridas";"Plena noite";"Crescente";"Ceu Claro";"Simples";"Reta";"Urbano";1;0;1;0;0;0;1;1
83472556;"07/06/16";"Terça";"08:20:00";"PI";343;"3,2";"TERESINA";"Falta de atenção";"Colisão traseira";"Com Vítimas Feridas";"Pleno dia";"Crescente";"Ceu Claro";"Múltipla";"Cruzamento";"Urbano";3;0;1;0;2;0;1;3
83472557;"08/06/16";"Quarta";"04:30:00";"PR";277;"99";"CURITIBA";"Ingestão de álcool";"Saída de Pista";"Com Vítimas Feridas";"Plena noite";"Crescente";"Ceu Claro";"Dupla";"Reta";"Urbano";5;0;1;3;1;0;4;1
83472558;"11/06/16";"Sábado";"09:10:00";"PR";376;"505,5";"PONTA GROSSA";"Outras";"Capotamento";"Com Vítimas Feridas";"Pleno dia";"Crescente";"Ceu Claro";"Dupla";"Reta";"Rural";2;0;1;0;1;0;1;2
83472559;"16/04/16";"Sábado";"16:00:00";"GO";80;"42";"PADRE BERNARDO";"Outras";"Capotamento";"Com Vítimas Feridas";"Pleno dia";"Decrescente";"Ignorada";"Simples";"Reta";"Rural";1;0;1;0;0;0;1;1
83472560;"07/06/16";"Terça";"08:00:00";"ES";101;"1,5";"SERRA";"Falta de atenção";"Colisão lateral";"Com Vítimas Feridas";"Pleno dia";"Crescente";"Sol";"Dupla";"Reta";"Urbano";2;0;1;0;1;0;1;2
83472561;"11/06/16";"Sábado";"09:00:00";"PE";232;"7";"RECIFE";"Não guardar distância de segurança";"Colisão traseira";"Sem Vítimas";"Pleno dia";"Crescente";"Ceu Claro";"Dupla";"Reta";"Urbano";4;0;0;0;3;1;0;3
83472562;"07/06/16";"Terça";"19:00:00";"SP";116;"196";"ARUJA";"Animais na Pista";"Atropelamento de animal";"Com Vítimas Feridas";"Plena noite";"Crescente";"Nublado";"Dupla";"Reta";"Urbano";1;0;1;0;0;0;1;1
83472563;"05/06/16";"Domingo";"02:27:00";"PA";230;"628";"ALTAMIRA";"Falta de atenção";"Saída de Pista";"Com Vítimas Feridas";"Plena noite";"Crescente";"Ceu Claro";"Simples";"Reta";"Urbano";2;0;1;0;1;0;1;1
83472564;"25/04/16";"Segunda";"06:10:00";"RJ";40;"0,7";"COMENDADOR LEVY GASPARIAN";"Outras";"Tombamento";"Com Vítimas Feridas";"Amanhecer";"Crescente";"Ceu Claro";"Dupla";"Curva";"Rural";1;0;0;1;0;0;1;1
83472565;"02/06/16";"Quinta";"20:20:00";"GO";20;"30";"FORMOSA";"Outras";"Atropelamento de pessoa";"Com Vítimas Fatais";"Plena noite";"Decrescente";"Vento";"Simples";"Reta";"Rural";2;1;0;0;1;0;0;1
83472566;"11/06/16";"Sábado";"10:30:00";"RS";116;"247";"SAO LEOPOLDO";"Falta de atenção";"Colisão lateral";"Com Vítimas Feridas";"Pleno dia";"Crescente";"Ceu Claro";"Dupla";"Cruzamento";"Urbano";3;0;1;0;2;0;1;2
83472567;"10/06/16";"Sexta";"20:30:00";"RS";116;"248";"SAO LEOPOLDO";"Velocidade incompatível";"Colisão traseira";"Sem Vítimas";"Plena noite";"Decrescente";"Nublado";"Dupla";"Reta";"Urbano";3;0;0;0;3;0;0;3
83472568;"07/06/16";"Terça";"08:40:00";"PI";343;"339,1";"TERESINA";"Falta de atenção";"Colisão Transversal";"Com Vítimas Feridas";"Pleno dia";"Decrescente";"Ceu Claro";"Simples";"Reta";"Urbano";2;0;1;0;1;0;1;2
83472569;"07/06/16";"Terça";"17:15:00";"MG";40;"531,5";"BELO HORIZONTE";"Outras";"Atropelamento de pessoa";"Com Vítimas Feridas";"Anoitecer";"Crescente";"Nublado";"Dupla";"Reta";"Urbano";2;0;0;1;1;0;1;1
83472570;"09/06/16";"Quinta";"06:00:00";"GO";153;"495";"GOIANIA";"Outras";"Atropelamento de pessoa";"Com Vítimas Feridas";"Amanhecer";"Decrescente";"Ceu Claro";"Dupla";"Reta";"Urbano";2;0;0;1;0;1;1;1
83472572;"07/06/16";"Terça";"18:00:00";"ES";262;"51,5";"MARECHAL FLORIANO";"Falta de atenção";"Colisão lateral";"Com Vítimas Feridas";"Plena noite";"Crescente";"Ceu Claro";"Simples";"Reta";"Rural";2;0;0;1;1;0;1;2
83472573;"11/06/16";"Sábado";"08:30:00";"ES";101;"98,5";"JAGUARE";"Defeito mecânico em veículo";"Queda de motocicleta / bicicleta / veículo";"Com Vítimas Feridas";"Pleno dia";"Crescente";"Nublado";"Simples";"Reta";"Rural";2;0;0;2;0;0;2;1
83472574;"11/06/16";"Sábado";"07:20:00";"MS";163;"438,2";"CAMPO GRANDE";"Outras";"Colisão Transversal";"Com Vítimas Feridas";"Pleno dia";"Crescente";"Ceu Claro";"Simples";"Reta";"Rural";2;0;0;1;1;0;1;2
83472575;"07/06/16";"Terça";"21:40:00";"RJ";116;"102";"GUAPIMIRIM";"Outras";"Queda de motocicleta / bicicleta / veículo";"Com Vítimas Feridas";"Plena noite";"Decrescente";"Chuva";"Dupla";"Curva";"Rural";1;0;1;0;0;0;1;1
83472578;"11/06/16";"Sábado";"10:40:00";"PI";343;"8";"PARNAIBA";"Falta de atenção";"Colisão lateral";"Com Vítimas Feridas";"Pleno dia";"Decrescente";"Sol";"Simples";"Reta";"Urbano";2;0;1;0;1;0;1;2
83472579;"11/06/16";"Sábado";"09:45:00";"RS";386;"218,9";"TIO HUGO";"Falta de atenção";"Colisão Transversal";"Com Vítimas Feridas";"Pleno dia";"Decrescente";"Sol";"Simples";"Cruzamento";"Rural";4;0;3;0;1;0;3;2
83472580;"11/06/16";"Sábado";"12:30:00";"RJ";101;"311";"SAO GONCALO";"Outras";"Colisão com objeto fixo";"Sem Vítimas";"Pleno dia";"Crescente";"Sol";"Dupla";"Reta";"Urbano";1;0;0;0;1;0;0;1
83472581;"11/06/16";"Sábado";"11:20:00";"BA";407;"3,9";"JUAZEIRO";"Falta de atenção";"Colisão traseira";"Com Vítimas Feridas";"Pleno dia";"Crescente";"Ceu Claro";"Simples";"Reta";"Urbano";2;0;0;1;1;0;1;2
83472582;"11/06/16";"Sábado";"08:00:00";"MG";262;"39,8";"MANHUACU";"Velocidade incompatível";"Queda de motocicleta / bicicleta / veículo";"Com Vítimas Feridas";"Pleno dia";"Crescente";"Nublado";"Simples";"Reta";"Urbano";1;0;1;0;0;0;1;1
83472583;"11/06/16";"Sábado";"11:00:00";"SC";101;"225";"PALHOCA";"Falta de atenção";"Colisão traseira";"Com Vítimas Feridas";"Pleno dia";"Crescente";"Ceu Claro";"Dupla";"Reta";"Rural";4;0;1;0;3;0;1;3
83472584;"07/06/16";"Terça";"17:20:00";"PR";163;"251,8";"TOLEDO";"Falta de atenção";"Colisão Transversal";"Com Vítimas Feridas";"Anoitecer";"Decrescente";"Ceu Claro";"Simples";"Cruzamento";"Rural";2;0;0;1;1;0;1;2
83472585;"11/06/16";"Sábado";"10:10:00";"SC";282;"535,8";"CHAPECO";"Falta de atenção";"Capotamento";"Sem Vítimas";"Pleno dia";"Crescente";"Sol";"Simples";"Reta";"Urbano";1;0;0;0;1;0;0;1
83472586;"07/06/16";"Terça";"06:48:00";"BA";324;"610";"SIMOES FILHO";"Outras";"Queda de motocicleta / bicicleta / veículo";"Com Vítimas Feridas";"Pleno dia";"Crescente";"Ceu Claro";"Dupla";"Reta";"Rural";1;0;1;0;0;0;1;1
83472587;"11/06/16";"Sábado";"08:20:00";"BA";324;"608";"SIMOES FILHO";"Outras";"Colisão lateral";"Com Vítimas Feridas";"Pleno dia";"Decrescente";"Ceu Claro";"Dupla";"Reta";"Rural";2;0;1;0;0;1;1;2
83472588;"11/06/16";"Sábado";"12:30:00";"PE";101;"24,9";"ITAPISSUMA";"Velocidade incompatível";"Capotamento";"Sem Vítimas";"Pleno dia";"Crescente";"Sol";"Dupla";"Curva";"Rural";1;0;0;0;1;0;0;1
83472589;"10/06/16";"Sexta";"16:10:00";"BA";101;"188";"CONCEICAO DA FEIRA";"Outras";"Colisão traseira";"Sem Vítimas";"Pleno dia";"Decrescente";"Ceu Claro";"Simples";"Reta";"Rural";3;0;0;0;3;0;0;3
83472590;"03/06/16";"Sexta";"20:00:00";"ES";262;"72";"MARECHAL FLORIANO";"Ingestão de álcool";"Atropelamento de pessoa";"Com Vítimas Fatais";"Plena noite";"Crescente";"Ceu Claro";"Simples";"Reta";"Rural";2;1;0;0;1;0;0;1
83472591;"11/06/16";"Sábado";"08:20:00";"MS";267;"58";"BATAGUASSU";"Defeito mecânico em veículo";"Incêndio";"Sem Vítimas";"Pleno dia";"Crescente";"Ceu Claro";"Simples";"Reta";"Rural";1;0;0;0;1;0;0;1
83472592;"05/06/16";"Domingo";"19:32:00";"BA";324;"609";"SIMOES FILHO";"Falta de atenção";"Colisão traseira";"Com Vítimas Feridas";"Plena noite";"Decrescente";"Ceu Claro";"Dupla";"Reta";"Urbano";4;0;2;0;1;1;2;2
83472594;"11/06/16";"Sábado";"10:30:00";"PR";163;"36";"SANTO ANTONIO DO SUDOESTE";"Desobediência à sinalização";"Colisão Transversal";"Com Vítimas Feridas";"Pleno dia";"Decrescente";"Ceu Claro";"Simples";"Reta";"Urbano";2;0;1;0;1;0;1;2
83472595;"11/06/16";"Sábado";"11:20:00";"SC";280;"111,7";"SAO BENTO DO SUL";"Falta de atenção";"Colisão Transversal";"Sem Vítimas";"Pleno dia";"Crescente";"Ceu Claro";"Simples";"Cruzamento";"Urbano";2;0;0;0;2;0;0;2
83472596;"11/06/16";"Sábado";"11:30:00";"PR";369;"141";"IBIPORA";"Desobediência à sinalização";"Colisão Transversal";"Com Vítimas Feridas";"Pleno dia";"Decrescente";"Ceu Claro";"Dupla";"Cruzamento";"Rural";2;0;1;0;1;0;1;2
83472597;"10/06/16";"Sexta";"11:30:00";"PB";427;"37,5";"POMBAL";"Desobediência à sinalização";"Colisão lateral";"Com Vítimas Feridas";"Pleno dia";"Decrescente";"Ceu Claro";"Simples";"Reta";"Urbano";2;0;0;1;0;1;1;2
83472598;"11/06/16";"Sábado";"10:30:00";"SP";153;"73";"SAO JOSE DO RIO PRETO";"Defeito mecânico em veículo";"Colisão traseira";"Com Vítimas Feridas";"Pleno dia";"Crescente";"Ceu Claro";"Múltipla";"Reta";"Rural";2;0;0;1;1;0;1;2
83472599;"11/06/16";"Sábado";"12:40:00";"SE";101;"94";"NOSSA SENHORA DO SOCORRO";"Outras";"Atropelamento de pessoa";"Com Vítimas Feridas";"Pleno dia";"Decrescente";"Ceu Claro";"Dupla";"Reta";"Rural";2;0;0;1;1;0;1;1
83472600;"11/06/16";"Sábado";"13:00:00";"SC";282;"69,9";"RANCHO QUEIMADO";"Velocidade incompatível";"Saída de Pista";"Com Vítimas Feridas";"Pleno dia";"Decrescente";"Ceu Claro";"Múltipla";"Curva";"Rural";2;0;2;0;0;0;2;1
83472601;"11/06/16";"Sábado";"13:30:00";"RS";386;"125,8";"SARANDI";"Dormindo";"Saída de Pista";"Sem Vítimas";"Pleno dia";"Decrescente";"Ceu Claro";"Simples";"Curva";"Rural";1;0;0;0;1;0;0;1
83472602;"11/06/16";"Sábado";"12:03:00";"MT";163;"730,8";"SORRISO";"Ultrapassagem indevida";"Saída de Pista";"Com Vítimas Feridas";"Pleno dia";"Crescente";"Ceu Claro";"Simples";"Reta";"Rural";1;0;1;0;0;0;1;1
83472603;"11/06/16";"Sábado";"09:00:00";"PR";277;"730";"FOZ DO IGUACU";"Não guardar distância de segurança";"Colisão traseira";"Sem Vítimas";"Pleno dia";"Crescente";"Ceu Claro";"Dupla";"Curva";"Urbano";2;0;0;0;2;0;0;2
83472604;"11/06/16";"Sábado";"14:00:00";"PR";277;"7";"PARANAGUA";"Velocidade incompatível";"Colisão com objeto fixo";"Sem Vítimas";"Pleno dia";"Crescente";"Ceu Claro";"Dupla";"Curva";"Rural";1;0;0;0;1;0;0;1
83472605;"24/05/16";"Terça";"05:40:00";"MG";135;"612,8";"CURVELO";"Ultrapassagem indevida";"Colisão lateral";"Com Vítimas Feridas";"Amanhecer";"Crescente";"Ceu Claro";"Simples";"Reta";"Rural";2;0;0;1;1;0;1;2
83472606;"11/06/16";"Sábado";"11:20:00";"PR";376;"600";"CURITIBA";"Velocidade incompatível";"Colisão traseira";"Com Vítimas Feridas";"Pleno dia";"Decrescente";"Ceu Claro";"Dupla";"Curva";"Urbano";4;0;0;1;3;0;1;3
83472607;"11/06/16";"Sábado";"10:30:00";"MG";365;"600";"UBERLANDIA";"Defeito mecânico em veículo";"Incêndio";"Sem Vítimas";"Pleno dia";"Decrescente";"Ceu Claro";"Simples";"Reta";"Rural";1;0;0;0;1;0;0;1
83472608;"07/06/16";"Terça";"07:00:00";"MG";153;"88";"PRATA";"Falta de atenção";"Saída de Pista";"Sem Vítimas";"Pleno dia";"Decrescente";"Chuva";"Simples";"Reta";"Rural";1;0;0;0;1;0;0;1
83472610;"11/06/16";"Sábado";"10:30:00";"BA";242;"146";"RAFAEL JAMBEIRO";"Defeito na via";"Saída de Pista";"Sem Vítimas";"Pleno dia";"Crescente";"Sol";"Simples";"Reta";"Rural";4;0;0;0;4;0;0;1
83472611;"07/06/16";"Terça";"15:30:00";"MG";116;"703,4";"MURIAE";"Ingestão de álcool";"Colisão lateral";"Com Vítimas Feridas";"Pleno dia";"Crescente";"Ceu Claro";"Simples";"Reta";"Urbano";3;0;1;2;0;0;3;2
83472612;"11/06/16";"Sábado";"07:45:00";"PR";277;"687,6";"SAO MIGUEL DO IGUACU";"Falta de atenção";"Colisão Transversal";"Com Vítimas Fatais";"Amanhecer";"Crescente";"Sol";"Dupla";"Cruzamento";"Urbano";2;1;0;0;1;0;0;2
83472613;"11/06/16";"Sábado";"11:40:00";"RS";386;"33,4";"FREDERICO WESTPHALEN";"Desobediência à sinalização";"Colisão Transversal";"Sem Vítimas";"Pleno dia";"Decrescente";"Ceu Claro";"Simples";"Reta";"Urbano";2;0;0;0;2;0;0;2
83472614;"11/06/16";"Sábado";"14:45:00";"ES";101;"290";"CARIACICA";"Desobediência à sinalização";"Colisão traseira";"Com Vítimas Feridas";"Pleno dia";"Crescente";"Ceu Claro";"Dupla";"Reta";"Rural";3;0;2;0;1;0;2;2
83472615;"11/06/16";"Sábado";"11:50:00";"SC";153;"100,5";"CONCORDIA";"Falta de atenção";"Colisão Transversal";"Com Vítimas Feridas";"Pleno dia";"Crescente";"Ceu Claro";"Simples";"Reta";"Urbano";2;0;1;0;1;0;1;2
83472616;"11/06/16";"Sábado";"15:20:00";"PI";316;"3,3";"TERESINA";"Desobediência à sinalização";"Colisão lateral";"Com Vítimas Feridas";"Pleno dia";"Crescente";"Sol";"Múltipla";"Cruzamento";"Urbano";2;0;0;1;1;0;1;2
83472617;"11/06/16";"Sábado";"15:40:00";"ES";101;"335,3";"GUARAPARI";"Desobediência à sinalização";"Queda de motocicleta / bicicleta / veículo";"Com Vítimas Feridas";"Pleno dia";"Crescente";"Nublado";"Simples";"Cruzamento";"Rural";2;0;2;0;0;0;2;1
83472618;"11/06/16";"Sábado";"14:00:00";"PA";163;"1001";"SANTAREM";"Falta de atenção";"Queda de motocicleta / bicicleta / veículo";"Com Vítimas Feridas";"Pleno dia";"Crescente";"Ceu Claro";"Dupla";"Cruzamento";"Urbano";1;0;0;1;0;0;1;1
83472619;"11/06/16";"Sábado";"15:00:00";"PE";232;"412,4";"SERRA TALHADA";"Desobediência à sinalização";"Colisão lateral";"Com Vítimas Feridas";"Pleno dia";"Crescente";"Ceu Claro";"Simples";"Reta";"Rural";3;0;1;1;1;0;2;2
83472620;"11/06/16";"Sábado";"16:00:00";"SC";282;"653,4";"SAO MIGUEL DOESTE";"Velocidade incompatível";"Saída de Pista";"Com Vítimas Feridas";"Pleno dia";"Crescente";"Sol";"Simples";"Curva";"Rural";1;0;1;0;0;0;1;1
83472621;"11/06/16";"Sábado";"10:00:00";"SC";470;"51,4";"BLUMENAU";"Falta de atenção";"Colisão Transversal";"Sem Vítimas";"Pleno dia";"Decrescente";"Ceu Claro";"Simples";"Reta";"Urbano";2;0;0;0;2;0;0;2
83472622;"11/06/16";"Sábado";"15:40:00";"CE";222;"8,6";"CAUCAIA";"Outras";"Colisão lateral";"Com Vítimas Feridas";"Pleno dia";"Crescente";"Ceu Claro";"Múltipla";"Curva";"Urbano";3;0;2;0;0;1;2;2
83472623;"11/06/16";"Sábado";"11:15:00";"SC";101;"221";"PALHOCA";"Falta de atenção";"Colisão lateral";"Sem Vítimas";"Pleno dia";"Decrescente";"Ceu Claro";"Dupla";"Reta";"Rural";2;0;0;0;2;0;0;2
83472624;"11/06/16";"Sábado";"07:35:00";"MG";116;"644,7";"FERVEDOURO";"Velocidade incompatível";"Saída de Pista";"Com Vítimas Feridas";"Amanhecer";"Decrescente";"Chuva";"Simples";"Curva";"Rural";4;0;3;1;0;0;4;1
83472625;"11/06/16";"Sábado";"07:00:00";"PA";316;"23";"BENEVIDES";"Ingestão de álcool";"Saída de Pista";"Com Vítimas Feridas";"Pleno dia";"Crescente";"Sol";"Dupla";"Curva";"Urbano";2;0;2;0;0;0;2;1
83472626;"11/06/16";"Sábado";"08:30:00";"SC";101;"156";"PORTO BELO";"Defeito mecânico em veículo";"Colisão traseira";"Com Vítimas Feridas";"Pleno dia";"Crescente";"Ceu Claro";"Dupla";"Reta";"Rural";2;0;1;0;1;0;1;2
83472627;"11/06/16";"Sábado";"16:35:00";"SC";470;"55";"BLUMENAU";"Ingestão de álcool";"Colisão traseira";"Sem Vítimas";"Pleno dia";"Decrescente";"Ceu Claro";"Simples";"Reta";"Urbano";3;0;0;0;3;0;0;3
83472628;"11/06/16";"Sábado";"14:40:00";"SC";282;"22";"PALHOCA";"Falta de atenção";"Colisão lateral";"Com Vítimas Feridas";"Pleno dia";"Decrescente";"Ceu Claro";"Simples";"Reta";"Urbano";2;0;1;0;1;0;1;2
83472629;"11/06/16";"Sábado";"13:40:00";"BA";101;"767,3";"ITABELA";"Falta de atenção";"Colisão Transversal";"Com Vítimas Feridas";"Pleno dia";"Decrescente";"Nublado";"Simples";"Cruzamento";"Rural";2;0;1;0;1;0;1;2
83472630;"11/06/16";"Sábado";"16:05:00";"SC";101;"328,4";"CAPIVARI DE BAIXO";"Desobediência à sinalização";"Colisão Transversal";"Com Vítimas Feridas";"Pleno dia";"Decrescente";"Ceu Claro";"Simples";"Cruzamento";"Urbano";3;0;1;0;2;0;1;2
83472631;"07/06/16";"Terça";"19:10:00";"MG";116;"648,2";"FERVEDOURO";"Velocidade incompatível";"Saída de Pista";"Com Vítimas Feridas";"Plena noite";"Crescente";"Chuva";"Simples";"Curva";"Rural";5;0;5;0;0;0;5;1
83472632;"11/06/16";"Sábado";"16:00:00";"SC";282;"20";"PALHOCA";"Falta de atenção";"Colisão traseira";"Com Vítimas Feridas";"Pleno dia";"Crescente";"Ceu Claro";"Simples";"Reta";"Urbano";2;0;1;0;1;0;1;2
83472633;"11/06/16";"Sábado";"08:50:00";"RS";290;"118,6";"ELDORADO DO SUL";"Outras";"Saída de Pista";"Sem Vítimas";"Pleno dia";"Decrescente";"Sol";"Simples";"Reta";"Rural";1;0;0;0;1;0;0;1
83472634;"11/06/16";"Sábado";"16:20:00";"SC";470;"12";"NAVEGANTES";"Falta de atenção";"Colisão Transversal";"Com Vítimas Feridas";"Pleno dia";"Crescente";"Sol";"Simples";"Cruzamento";"Urbano";3;0;1;1;1;0;2;2
83472635;"11/06/16";"Sábado";"12:10:00";"BA";116;"564,9";"SANTA TERESINHA";"Ultrapassagem indevida";"Colisão frontal";"Com Vítimas Fatais";"Pleno dia";"Crescente";"Ceu Claro";"Simples";"Curva";"Rural";4;1;2;1;0;0;3;2
83472636;"11/06/16";"Sábado";"14:25:00";"RS";386;"282,6";"SAO JOSE DO HERVAL";"Falta de atenção";"Colisão traseira";"Com Vítimas Feridas";"Pleno dia";"Decrescente";"Sol";"Simples";"Curva";"Rural";3;0;0;1;2;0;1;2