"id";"data_inversa";"dia_semana";"horario";"uf";"br";"km";"municipio";"causa_acidente";"tipo_acidente";"classificacao_acidente";"fase_dia";"sentido_via";"condicao_metereologica";"tipo_pista";"tracado_via";"uso_solo";"pessoas";"mortos";"feridos_leves";"feridos_graves";"ilesos";"ignorados";"feridos";"veiculos"
83472637;"07/06/16";"Terça";"01:00:00";"DF";70;"10,8";"BRASILIA";"Velocidade incompatível";"Capotamento";"Com Vítimas Fatais";"Plena noite";"Crescente";"Nublado";"Dupla";"Reta";"Urbano";2;1;1;0;0;0;1;1
83472638;"11/06/16";"Sábado";"17:00:00";"CE";20;"299,8";"CANINDE";"Defeito na via";"Saída de Pista";"Sem Vítimas";"Pleno dia";"Crescente";"Ceu Claro";"Simples";"Reta";"Rural";3;0;0;0;3;0;0;1
83472639;"11/06/16";"Sábado";"14:55:00";"PR";376;"245,5";"APUCARANA";"Não guardar distância de segurança";"Colisão traseira";"Com Vítimas Feridas";"Pleno dia";"Decrescente";"Sol";"Simples";"Reta";"Rural";2;0;1;0;1;0;1;2
83472640;"11/06/16";"Sábado";"07:30:00";"MG";267;"282,9";"BAEPENDI";"Outras";"Colisão lateral";"Com Vítimas Feridas";"Pleno dia";"Decrescente";"Ceu Claro";"Simples";"Curva";"Rural";3;0;2;0;1;0;2;2
83472641;"11/06/16";"Sábado";"06:30:00";"PI";343;"341,2";"TERESINA";"Ingestão de álcool";"Colisão Transversal";"Com Vítimas Feridas";"Pleno dia";"Crescente";"Nublado";"Simples";"Curva";"Urbano";2;0;0;1;1;0;1;2
83472642;"11/06/16";"Sábado";"16:30:00";"SC";101;"209";"SAO JOSE";"Não guardar distância de segurança";"Colisão traseira";"Com Vítimas Feridas";"Pleno dia";"Decrescente";"Ceu Claro";"Múltipla";"Reta";"Urbano";7;0;4;1;2;0;5;3
83472643;"11/06/16";"Sábado";"16:40:00";"SC";470;"149";"RIO DO SUL";"Outras";"Queda de motocicleta / bicicleta / veículo";"Com Vítimas Feridas";"Anoitecer";"Crescente";"Ceu Claro";"Simples";"Reta";"Urbano";1;0;1;0;0;0;1;1
83472644;"11/06/16";"Sábado";"16:45:00";"MG";40;"50,6";"PARACATU";"Falta de atenção";"Colisão Transversal";"Com Vítimas Feridas";"Pleno dia";"Crescente";"Ceu Claro";"Simples";"Reta";"Rural";4;0;4;0;0;0;4;2
83472645;"10/06/16";"Sexta";"16:50:00";"RS";392;"261";"CACAPAVA DO SUL";"Defeito na via";"Saída de Pista";"Sem Vítimas";"Pleno dia";"Crescente";"Ceu Claro";"Simples";"Reta";"Urbano";1;0;0;0;1;0;0;1
83472646;"11/06/16";"Sábado";"07:30:00";"RS";116;"162,5";"CAXIAS DO SUL";"Outras";"Tombamento";"Com Vítimas Feridas";"Amanhecer";"Crescente";"Ceu Claro";"Simples";"Curva";"Rural";4;0;1;0;3;0;1;1
83472647;"07/06/16";"Terça";"22:00:00";"MG";40;"472";"SETE LAGOAS";"Velocidade incompatível";"Saída de Pista";"Sem Vítimas";"Plena noite";"Decrescente";"Ceu Claro";"Dupla";"Curva";"Urbano";1;0;0;0;1;0;0;1
83472648;"11/06/16";"Sábado";"15:30:00";"RS";285;"563,8";"SAO LUIZ GONZAGA";"Desobediência à sinalização";"Colisão Transversal";"Com Vítimas Feridas";"Pleno dia";"Crescente";"Nublado";"Simples";"Cruzamento";"Urbano";3;0;2;0;1;0;2;2
83472649;"11/06/16";"Sábado";"12:10:00";"PR";369;"435";"UBIRATA";"Ingestão de álcool";"Colisão Transversal";"Com Vítimas Feridas";"Pleno dia";"Crescente";"Ceu Claro";"Simples";"Reta";"Rural";3;0;1;1;1;0;2;2
83472650;"11/06/16";"Sábado";"13:50:00";"RO";364;"346,8";"JI-PARANA";"Falta de atenção";"Colisão traseira";"Com Vítimas Feridas";"Pleno dia";"Decrescente";"Ceu Claro";"Simples";"Reta";"Urbano";3;0;1;1;1;0;2;2
83472652;"11/06/16";"Sábado";"18:00:00";"SC";470;"57,6";"BLUMENAU";"Outras";"Colisão Transversal";"Com Vítimas Feridas";"Anoitecer";"Decrescente";"Ceu Claro";"Simples";"Reta";"Urbano";2;0;1;0;1;0;1;2
83472653;"05/06/16";"Domingo";"16:30:00";"GO";60;"16";"ALEXANIA";"Outras";"Colisão traseira";"Com Vítimas Feridas";"Pleno dia";"Decrescente";"Ceu Claro";"Dupla";"Reta";"Rural";4;0;2;0;2;0;2;2
83472654;"11/06/16";"Sábado";"15:00:00";"PR";163;"42";"PRANCHITA";"Ultrapassagem indevida";"Colisão lateral";"Sem Vítimas";"Pleno dia";"Decrescente";"Ceu Claro";"Simples";"Reta";"Rural";7;0;0;0;7;0;0;2
83472655;"11/06/16";"Sábado";"07:40:00";"RS";158;"518,5";"SANTANA DO LIVRAMENTO";"Dormindo";"Colisão Transversal";"Com Vítimas Fatais";"Amanhecer";"Decrescente";"Ceu Claro";"Simples";"Reta";"Rural";7;1;2;0;4;0;2;2
83472656;"11/06/16";"Sábado";"14:10:00";"SP";116;"305";"SAO LOURENCO DA SERRA";"Falta de atenção";"Colisão traseira";"Sem Vítimas";"Pleno dia";"Decrescente";"Ceu Claro";"Dupla";"Reta";"Rural";3;0;0;0;3;0;0;2
83472657;"14/05/16";"Sábado";"18:00:00";"PR";158;"3,5";"CAMPO MOURAO";"Desobediência à sinalização";"Colisão Transversal";"Sem Vítimas";"Anoitecer";"Crescente";"Ceu Claro";"Simples";"Cruzamento";"Urbano";2;0;0;0;1;1;0;2
83472658;"07/06/16";"Terça";"17:30:00";"SP";459;"29,5";"LORENA";"Falta de atenção";"Colisão Transversal";"Com Vítimas Feridas";"Pleno dia";"Crescente";"Sol";"Simples";"Cruzamento";"Rural";2;0;1;0;1;0;1;2
83472659;"11/06/16";"Sábado";"16:30:00";"PE";232;"4";"RECIFE";"Outras";"Colisão traseira";"Sem Vítimas";"Pleno dia";"Crescente";"Ceu Claro";"Múltipla";"Reta";"Urbano";3;0;0;0;3;0;0;3
83472660;"11/06/16";"Sábado";"16:00:00";"ES";101;"124,3";"CONCEICAO DO CASTELO";"Outras";"Saída de Pista";"Com Vítimas Feridas";"Pleno dia";"Crescente";"Nublado";"Simples";"Curva";"Urbano";2;0;1;0;0;1;1;2
83472661;"03/06/16";"Sexta";"23:50:00";"RS";290;"88";"PORTO ALEGRE";"Defeito mecânico em veículo";"Tombamento";"Com Vítimas Feridas";"Plena noite";"Crescente";"Ceu Claro";"Dupla";"Reta";"Urbano";2;0;2;0;0;0;2;1
83472662;"11/06/16";"Sábado";"17:00:00";"MS";163;"439,7";"CAMPO GRANDE";"Outras";"Capotamento";"Com Vítimas Feridas";"Anoitecer";"Decrescente";"Ceu Claro";"Simples";"Reta";"Rural";4;0;2;0;2;0;2;1
83472663;"11/06/16";"Sábado";"17:00:00";"PR";163;"50";"PRANCHITA";"Falta de atenção";"Colisão Transversal";"Com Vítimas Feridas";"Pleno dia";"Crescente";"Ceu Claro";"Simples";"Reta";"Rural";2;0;0;1;1;0;1;2
83472664;"11/06/16";"Sábado";"17:30:00";"GO";153;"560";"PROFESSOR JAMIL";"Falta de atenção";"Saída de Pista";"Sem Vítimas";"Anoitecer";"Crescente";"Ceu Claro";"Dupla";"Reta";"Rural";1;0;0;0;1;0;0;1
83472665;"11/06/16";"Sábado";"12:20:00";"SP";153;"58,8";"SAO JOSE DO RIO PRETO";"Outras";"Colisão Transversal";"Com Vítimas Feridas";"Pleno dia";"Crescente";"Ceu Claro";"Simples";"Cruzamento";"Urbano";2;0;1;0;1;0;1;2
83472666;"11/06/16";"Sábado";"07:00:00";"RO";364;"477";"ARIQUEMES";"Desobediência à sinalização";"Colisão lateral";"Sem Vítimas";"Pleno dia";"Decrescente";"Nublado";"Simples";"Curva";"Rural";2;0;0;0;2;0;0;2
83472668;"11/06/16";"Sábado";"18:15:00";"BA";101;"103";"ALAGOINHAS";"Ingestão de álcool";"Colisão traseira";"Sem Vítimas";"Plena noite";"Crescente";"Ceu Claro";"Simples";"Reta";"Urbano";4;0;0;0;4;0;0;4
83472670;"10/06/16";"Sexta";"22:30:00";"PE";110;"147,7";"IBIMIRIM";"Outras";"Capotamento";"Ignorado";"Plena noite";"Crescente";"Vento";"Simples";"Reta";"Urbano";1;0;0;0;0;1;0;1
83472671;"11/06/16";"Sábado";"19:20:00";"SP";116;"453";"REGISTRO";"Outras";"Tombamento";"Sem Vítimas";"Plena noite";"Crescente";"Ceu Claro";"Dupla";"Reta";"Rural";1;0;0;0;1;0;0;1
83472672;"11/06/16";"Sábado";"16:30:00";"RO";364;"714";"PORTO VELHO";"Falta de atenção";"Colisão traseira";"Com Vítimas Feridas";"Pleno dia";"Decrescente";"Nublado";"Dupla";"Reta";"Urbano";2;0;0;1;1;0;1;2
83472673;"09/06/16";"Quinta";"15:30:00";"SP";381;"90";"GUARULHOS";"Outras";"Colisão traseira";"Sem Vítimas";"Pleno dia";"Crescente";"Ceu Claro";"Simples";"Curva";"Rural";2;0;0;0;1;1;0;2
83472674;"11/06/16";"Sábado";"16:10:00";"AL";316;"86";"SANTANA DO IPANEMA";"Falta de atenção";"Colisão Transversal";"Com Vítimas Feridas";"Pleno dia";"Crescente";"Ceu Claro";"Simples";"Reta";"Urbano";3;0;0;2;1;0;2;2
83472675;"11/06/16";"Sábado";"15:45:00";"BA";324;"575";"SAO SEBASTIAO DO PASSE";"Falta de atenção";"Colisão traseira";"Sem Vítimas";"Pleno dia";"Decrescente";"Ceu Claro";"Dupla";"Reta";"Rural";2;0;0;0;2;0;0;2
83472676;"31/05/16";"Terça";"22:30:00";"TO";153;"133";"ARAGUAINA";"Ingestão de álcool";"Saída de Pista";"Com Vítimas Feridas";"Plena noite";"Crescente";"Ceu Claro";"Dupla";"Reta";"Urbano";1;0;0;1;0;0;1;1
83472677;"11/06/16";"Sábado";"18:30:00";"PR";369;"135,5";"IBIPORA";"Falta de atenção";"Colisão Transversal";"Sem Vítimas";"Plena noite";"Decrescente";"Ceu Claro";"Simples";"Cruzamento";"Urbano";3;0;0;0;3;0;0;2
83472678;"11/04/16";"Segunda";"12:40:00";"ES";262;"16";"VIANA";"Falta de atenção";"Colisão traseira";"Sem Vítimas";"Pleno dia";"Crescente";"Ceu Claro";"Simples";"Reta";"Urbano";3;0;0;0;2;1;0;2
83472679;"11/06/16";"Sábado";"16:59:00";"MG";153;"9";"ARAPORA";"Outras";"Colisão traseira";"Sem Vítimas";"Pleno dia";"Decrescente";"Ceu Claro";"Dupla";"Reta";"Rural";2;0;0;0;2;0;0;2
83472680;"11/06/16";"Sábado";"16:00:00";"SE";101;"70";"MARUIM";"Outras";"Colisão traseira";"Sem Vítimas";"Pleno dia";"Decrescente";"Ceu Claro";"Simples";"Reta";"Urbano";4;0;0;0;3;1;0;3
83472681;"11/06/16";"Sábado";"12:10:00";"BA";324;"623";"SALVADOR";"Dormindo";"Capotamento";"Sem Vítimas";"Pleno dia";"Crescente";"Ceu Claro";"Dupla";"Curva";"Urbano";1;0;0;0;1;0;0;1
83472682;"11/06/16";"Sábado";"17:45:00";"MT";70;"285,6";"PRIMAVERA DO LESTE";"Ultrapassagem indevida";"Colisão lateral";"Com Vítimas Feridas";"Anoitecer";"Decrescente";"Ceu Claro";"Simples";"Reta";"Urbano";5;0;1;0;4;0;1;2
83472683;"11/06/16";"Sábado";"13:30:00";"GO";40;"8,3";"LUZIANIA";"Outras";"Colisão com objeto fixo";"Com Vítimas Fatais";"Pleno dia";"Crescente";"Ceu Claro";"Dupla";"Reta";"Urbano";1;1;0;0;0;0;0;1
83472684;"04/06/16";"Sábado";"21:30:00";"TO";153;"105";"WANDERLANDIA";"Ingestão de álcool";"Colisão frontal";"Ignorado";"Plena noite";"Crescente";"Ceu Claro";"Simples";"Reta";"Rural";2;0;0;0;0;2;0;2
83472685;"11/06/16";"Sábado";"19:00:00";"MT";70;"333";"DOM AQUINO";"Animais na Pista";"Atropelamento de animal";"Sem Vítimas";"Plena noite";"Decrescente";"Nublado";"Simples";"Reta";"Rural";1;0;0;0;1;0;0;1
83472686;"11/06/16";"Sábado";"20:00:00";"PR";376;"136";"NOVA ESPERANCA";"Outras";"Capotamento";"Ignorado";"Plena noite";"Crescente";"Ceu Claro";"Simples";"Cruzamento";"Rural";1;0;0;0;0;1;0;1
83472687;"11/06/16";"Sábado";"16:20:00";"DF";70;"15";"BRASILIA";"Ingestão de álcool";"Capotamento";"Com Vítimas Feridas";"Pleno dia";"Crescente";"Ceu Claro";"Dupla";"Reta";"Rural";1;0;1;0;0;0;1;1
83472688;"11/06/16";"Sábado";"09:50:00";"PB";230;"55";"CRUZ DO ESPIRITO SANTO";"Dormindo";"Capotamento";"Sem Vítimas";"Pleno dia";"Decrescente";"Ceu Claro";"Dupla";"Reta";"Rural";4;0;0;0;4;0;0;1
83472689;"11/06/16";"Sábado";"18:45:00";"SC";282;"491,6";"XANXERE";"Velocidade incompatível";"Colisão lateral";"Com Vítimas Feridas";"Plena noite";"Decrescente";"Ceu Claro";"Simples";"Reta";"Rural";3;0;0;1;1;1;1;2
83472692;"11/06/16";"Sábado";"20:00:00";"MT";70;"498";"CUIABA";"Ingestão de álcool";"Saída de Pista";"Sem Vítimas";"Plena noite";"Crescente";"Nublado";"Simples";"Reta";"Urbano";1;0;0;0;1;0;0;1
83472693;"11/06/16";"Sábado";"19:45:00";"SC";470;"276";"BRUNOPOLIS";"Ultrapassagem indevida";"Saída de Pista";"Com Vítimas Feridas";"Plena noite";"Decrescente";"Ceu Claro";"Simples";"Reta";"Urbano";1;0;1;0;0;0;1;1
83472694;"11/06/16";"Sábado";"21:40:00";"SC";163;"77,6";"SAO MIGUEL DOESTE";"Ingestão de álcool";"Saída de Pista";"Sem Vítimas";"Plena noite";"Crescente";"Ceu Claro";"Simples";"Reta";"Rural";1;0;0;0;1;0;0;1
83472695;"11/06/16";"Sábado";"06:00:00";"PE";101;"206";"XEXEU";"Não guardar distância de segurança";"Colisão traseira";"Sem Vítimas";"Pleno dia";"Crescente";"Ceu Claro";"Simples";"Reta";"Rural";2;0;0;0;2;0;0;2
83472696;"11/06/16";"Sábado";"20:30:00";"SC";101;"87";"BARRA VELHA";"Outras";"Atropelamento de pessoa";"Com Vítimas Feridas";"Plena noite";"Crescente";"Ceu Claro";"Simples";"Reta";"Urbano";2;0;0;1;0;1;1;1
83472697;"11/06/16";"Sábado";"09:10:00";"SC";282;"217";"LAGES";"Defeito mecânico em veículo";"Colisão traseira";"Com Vítimas Feridas";"Pleno dia";"Crescente";"Ceu Claro";"Simples";"Reta";"Urbano";3;0;3;0;0;0;3;2
83472698;"11/06/16";"Sábado";"18:00:00";"RS";285;"446,2";"BOZANO";"Outras";"Saída de Pista";"Sem Vítimas";"Anoitecer";"Crescente";"Ceu Claro";"Simples";"Reta";"Rural";1;0;0;0;1;0;0;1
83472699;"11/06/16";"Sábado";"19:00:00";"MT";70;"522,2";"VARZEA GRANDE";"Falta de atenção";"Colisão traseira";"Com Vítimas Feridas";"Plena noite";"Crescente";"Chuva";"Simples";"Reta";"Urbano";2;0;1;0;1;0;1;2
83472700;"11/06/16";"Sábado";"17:50:00";"MG";116;"611";"SAO JOAO DO MANHUACU";"Outras";"Colisão Transversal";"Com Vítimas Feridas";"Plena noite";"Decrescente";"Nublado";"Simples";"Reta";"Rural";2;0;0;1;0;1;1;2
83472701;"11/06/16";"Sábado";"20:35:00";"PR";116;"125,8";"FAZENDA RIO GRANDE";"Falta de atenção";"Colisão traseira";"Com Vítimas Feridas";"Plena noite";"Decrescente";"Ceu Claro";"Dupla";"Cruzamento";"Urbano";3;0;1;0;1;1;1;2
83472702;"11/05/16";"Quarta";"18:40:00";"SC";101;"436,5";"SOMBRIO";"Falta de atenção";"Colisão frontal";"Com Vítimas Feridas";"Plena noite";"Crescente";"Ceu Claro";"Simples";"Reta";"Urbano";3;0;2;0;1;0;2;2
83472703;"11/06/16";"Sábado";"17:40:00";"PE";232;"412";"SERRA TALHADA";"Falta de atenção";"Colisão Transversal";"Com Vítimas Feridas";"Anoitecer";"Crescente";"Ceu Claro";"Simples";"Reta";"Urbano";2;0;1;0;1;0;1;2
83472704;"11/06/16";"Sábado";"21:50:00";"BA";116;"928,3";"ENCRUZILHADA";"Outras";"Queda de motocicleta / bicicleta / veículo";"Com Vítimas Feridas";"Plena noite";"Crescente";"Nublado";"Simples";"Reta";"Rural";1;0;1;0;0;0;1;1
83472705;"11/06/16";"Sábado";"17:00:00";"MG";40;"551";"NOVA LIMA";"Falta de atenção";"Colisão frontal";"Com Vítimas Feridas";"Anoitecer";"Decrescente";"Nublado";"Dupla";"Reta";"Urbano";6;0;3;2;1;0;5;2
83472706;"11/06/16";"Sábado";"18:40:00";"PR";376;"668";"GUARATUBA";"Outras";"Tombamento";"Sem Vítimas";"Plena noite";"Crescente";"Ceu Claro";"Dupla";"Curva";"Urbano";1;0;0;0;1;0;0;1
83472707;"11/06/16";"Sábado";"20:30:00";"PA";316;"61";"CASTANHAL";"Não guardar distância de segurança";"Colisão traseira";"Com Vítimas Feridas";"Plena noite";"Decrescente";"Ceu Claro";"Dupla";"Reta";"Urbano";2;0;0;1;1;0;1;2
83472708;"03/06/16";"Sexta";"19:30:00";"RJ";393;"279";"BARRA DO PIRAI";"Outras";"Saída de Pista";"Com Vítimas Feridas";"Plena noite";"Decrescente";"Chuva";"Simples";"Reta";"Urbano";1;0;0;1;0;0;1;1
83472709;"11/06/16";"Sábado";"21:30:00";"SC";101;"463,1";"PASSO DE TORRES";"Falta de atenção";"Saída de Pista";"Com Vítimas Feridas";"Plena noite";"Crescente";"Ceu Claro";"Dupla";"Reta";"Urbano";1;0;1;0;0;0;1;1
83472710;"11/06/16";"Sábado";"18:00:00";"MG";116;"748";"LEOPOLDINA";"Animais na Pista";"Atropelamento de animal";"Com Vítimas Feridas";"Plena noite";"Crescente";"Ignorada";"Simples";"Curva";"Rural";1;0;1;0;0;0;1;1
83472711;"11/06/16";"Sábado";"18:00:00";"MG";116;"773";"LEOPOLDINA";"Falta de atenção";"Colisão Transversal";"Com Vítimas Feridas";"Plena noite";"Crescente";"Ignorada";"Simples";"Curva";"Rural";4;0;3;0;1;0;3;2
83472712;"11/06/16";"Sábado";"18:30:00";"SC";116;"226,8";"CORREIA PINTO";"Velocidade incompatível";"Capotamento";"Ignorado";"Plena noite";"Crescente";"Ceu Claro";"Simples";"Reta";"Urbano";1;0;0;0;0;1;0;1
83472713;"11/06/16";"Sábado";"19:40:00";"MS";262;"14";"TRES LAGOAS";"Animais na Pista";"Atropelamento de animal";"Com Vítimas Feridas";"Plena noite";"Decrescente";"Ceu Claro";"Simples";"Reta";"Rural";1;0;0;1;0;0;1;1
83472714;"11/06/16";"Sábado";"21:40:00";"MG";116;"275";"TEOFILO OTONI";"Falta de atenção";"Colisão Transversal";"Com Vítimas Feridas";"Plena noite";"Decrescente";"Ignorada";"Simples";"Reta";"Urbano";3;0;2;1;0;0;3;2
83472715;"11/06/16";"Sábado";"13:30:00";"MG";116;"222";"CATUJI";"Outras";"Saída de Pista";"Com Vítimas Feridas";"Pleno dia";"Decrescente";"Nublado";"Simples";"Curva";"Rural";1;0;0;1;0;0;1;1
83472716;"11/06/16";"Sábado";"16:00:00";"PA";316;"10";"MARITUBA";"Outras";"Colisão lateral";"Com Vítimas Feridas";"Pleno dia";"Crescente";"Ceu Claro";"Dupla";"Reta";"Urbano";2;0;1;0;1;0;1;2
83472718;"11/06/16";"Sábado";"22:00:00";"RR";174;"503";"BOA VISTA";"Ingestão de álcool";"Atropelamento de pessoa";"Com Vítimas Feridas";"Plena noite";"Decrescente";"Ceu Claro";"Dupla";"Reta";"Urbano";2;0;1;0;1;0;1;1
83472719;"11/06/16";"Sábado";"18:40:00";"GO";20;"181,2";"SIMOLANDIA";"Velocidade incompatível";"Colisão frontal";"Com Vítimas Feridas";"Plena noite";"Crescente";"Ceu Claro";"Simples";"Reta";"Urbano";4;0;0;1;3;0;1;2
83472720;"11/06/16";"Sábado";"23:15:00";"PA";163;"998";"SANTAREM";"Ingestão de álcool";"Colisão com bicicleta";"Com Vítimas Feridas";"Plena noite";"Crescente";"Ceu Claro";"Dupla";"Reta";"Urbano";3;0;3;0;0;0;3;2
83472721;"11/06/16";"Sábado";"22:10:00";"MG";381;"502,7";"BETIM";"Ingestão de álcool";"Capotamento";"Com Vítimas Feridas";"Plena noite";"Crescente";"Ceu Claro";"Dupla";"Curva";"Urbano";1;0;1;0;0;0;1;1
83472722;"11/06/16";"Sábado";"21:00:00";"RS";470;"103,6";"LAGOA VERMELHA";"Falta de atenção";"Colisão frontal";"Ignorado";"Plena noite";"Crescente";"Ceu Claro";"Simples";"Reta";"Rural";2;0;0;0;0;2;0;2
83472723;"11/06/16";"Sábado";"22:10:00";"PI";316;"311";"PICOS";"Desobediência à sinalização";"Colisão traseira";"Com Vítimas Feridas";"Plena noite";"Crescente";"Vento";"Múltipla";"Reta";"Urbano";3;0;1;0;2;0;1;2
83472724;"11/06/16";"Sábado";"21:49:00";"SC";282;"510,4";"XANXERE";"Velocidade incompatível";"Colisão traseira";"Sem Vítimas";"Plena noite";"Crescente";"Ceu Claro";"Simples";"Reta";"Rural";3;0;0;0;3;0;0;3
83472725;"11/06/16";"Sábado";"22:00:00";"SP";116;"453";"REGISTRO";"Animais na Pista";"Atropelamento de animal";"Sem Vítimas";"Plena noite";"Decrescente";"Ceu Claro";"Dupla";"Reta";"Rural";2;0;0;0;2;0;0;2
83472726;"11/06/16";"Sábado";"21:00:00";"TO";153;"317";"GUARAI";"Falta de atenção";"Colisão traseira";"Com Vítimas Feridas";"Plena noite";"Decrescente";"Ceu Claro";"Simples";"Reta";"Rural";2;0;1;0;1;0;1;2
83472727;"11/06/16";"Sábado";"22:20:00";"SP";153;"149";"PROMISSAO";"Outras";"Capotamento";"Ignorado";"Plena noite";"Crescente";"Ceu Claro";"Simples";"Reta";"Rural";1;0;0;0;0;1;0;1
83472728;"11/06/16";"Sábado";"19:30:00";"RO";364;"706";"PORTO VELHO";"Outras";"Colisão traseira";"Com Vítimas Feridas";"Anoitecer";"Decrescente";"Ceu Claro";"Dupla";"Reta";"Urbano";2;0;1;0;1;0;1;2
83472729;"11/06/16";"Sábado";"22:30:00";"MG";381;"741,3";"TRES CORACOES";"Velocidade incompatível";"Saída de Pista";"Com Vítimas Feridas";"Plena noite";"Crescente";"Ceu Claro";"Dupla";"Reta";"Rural";1;0;1;0;0;0;1;1
83472730;"11/06/16";"Sábado";"19:30:00";"MA";135;"124,5";"MIRANDA DO NORTE";"Falta de atenção";"Colisão Transversal";"Com Vítimas Fatais";"Plena noite";"Crescente";"Ceu Claro";"Simples";"Reta";"Rural";4;2;0;1;0;1;1;2
83472731;"12/06/16";"Domingo";"00:05:00";"SP";116;"438,4";"REGISTRO";"Animais na Pista";"Atropelamento de animal";"Sem Vítimas";"Plena noite";"Decrescente";"Ceu Claro";"Dupla";"Reta";"Rural";1;0;0;0;1;0;0;1
83472732;"11/06/16";"Sábado";"18:50:00";"MS";262;"261,7";"CAMPO GRANDE";"Defeito na via";"Saída de Pista";"Com Vítimas Feridas";"Plena noite";"Decrescente";"Ceu Claro";"Simples";"Reta";"Rural";2;0;1;0;1;0;1;1
83472733;"11/06/16";"Sábado";"23:00:00";"MG";40;"520,3";"CONTAGEM";"Outras";"Atropelamento de pessoa";"Com Vítimas Fatais";"Plena noite";"Decrescente";"Ceu Claro";"Dupla";"Reta";"Rural";3;1;0;0;2;0;0;1
83472734;"11/06/16";"Sábado";"23:00:00";"PR";376;"225";"APUCARANA";"Falta de atenção";"Saída de Pista";"Com Vítimas Feridas";"Plena noite";"Crescente";"Ceu Claro";"Dupla";"Curva";"Rural";3;0;3;0;0;0;3;1
83472735;"11/06/16";"Sábado";"14:15:00";"SP";381;"87";"GUARULHOS";"Desobediência à sinalização";"Colisão lateral";"Sem Vítimas";"Pleno dia";"Decrescente";"Sol";"Múltipla";"Reta";"Urbano";2;0;0;0;2;0;0;2
83472736;"11/06/16";"Sábado";"20:05:00";"GO";60;"94";"ANAPOLIS";"Outras";"Saída de Pista";"Ignorado";"Plena noite";"Decrescente";"Nublado";"Dupla";"Reta";"Urbano";1;0;0;0;0;1;0;1
83472737;"11/06/16";"Sábado";"21:30:00";"SP";116;"517,2";"CAJATI";"Velocidade incompatível";"Colisão com objeto fixo";"Sem Vítimas";"Plena noite";"Decrescente";"Ceu Claro";"Simples";"Curva";"Rural";1;0;0;0;1;0;0;1
83472738;"11/06/16";"Sábado";"23:20:00";"CE";20;"429";"FORTALEZA";"Falta de atenção";"Colisão com objeto fixo";"Sem Vítimas";"Plena noite";"Decrescente";"Ceu Claro";"Simples";"Reta";"Urbano";1;0;0;0;1;0;0;1
83472739;"11/06/16";"Sábado";"23:55:00";"SC";116;"56,5";"PAPANDUVA";"Falta de atenção";"Saída de Pista";"Com Vítimas Feridas";"Plena noite";"Decrescente";"Ignorada";"Simples";"Curva";"Rural";1;0;1;0;0;0;1;1
83472740;"12/06/16";"Domingo";"01:15:00";"PR";369;"198";"APUCARANA";"Falta de atenção";"Saída de Pista";"Com Vítimas Feridas";"Plena noite";"Crescente";"Ceu Claro";"Dupla";"Curva";"Rural";3;0;2;0;1;0;2;1
83472741;"12/06/16";"Domingo";"00:15:00";"RS";285;"614";"SANTO ANTONIO DAS MISSOES";"Outras";"Atropelamento de animal";"Sem Vítimas";"Plena noite";"Decrescente";"Ceu Claro";"Simples";"Reta";"Rural";2;0;0;0;2;0;0;1
83472742;"07/06/16";"Terça";"08:50:00";"MG";381;"831,5";"SAO SEBASTIAO DA BELA VISTA";"Falta de atenção";"Colisão traseira";"Sem Vítimas";"Pleno dia";"Decrescente";"Nublado";"Dupla";"Reta";"Rural";4;0;0;0;3;1;0;4
83472743;"11/06/16";"Sábado";"16:05:00";"MG";365;"140,4";"VARZEA DA PALMA";"Falta de atenção";"Colisão Transversal";"Com Vítimas Feridas";"Pleno dia";"Crescente";"Ceu Claro";"Simples";"Reta";"Rural";3;0;1;1;1;0;2;2
83472744;"11/06/16";"Sábado";"19:50:00";"PR";476;"115";"COLOMBO";"Falta de atenção";"Colisão Transversal";"Com Vítimas Feridas";"Plena noite";"Crescente";"Nublado";"Dupla";"Cruzamento";"Rural";2;0;0;1;1;0;1;2
83472745;"11/06/16";"Sábado";"19:10:00";"CE";222;"0,9";"FORTALEZA";"Falta de atenção";"Colisão traseira";"Sem Vítimas";"Plena noite";"Decrescente";"Ceu Claro";"Múltipla";"Reta";"Urbano";4;0;0;0;4;0;0;4
83472746;"07/06/16";"Terça";"12:45:00";"PR";116;"23,7";"ANTONINA";"Velocidade incompatível";"Tombamento";"Com Vítimas Feridas";"Pleno dia";"Decrescente";"Ceu Claro";"Dupla";"Curva";"Rural";1;0;1;0;0;0;1;1
83472747;"12/06/16";"Domingo";"02:30:00";"PR";376;"653";"TIJUCAS DO SUL";"Falta de atenção";"Saída de Pista";"Com Vítimas Feridas";"Plena noite";"Decrescente";"Ceu Claro";"Dupla";"Curva";"Urbano";2;0;1;0;1;0;1;1
83472748;"11/06/16";"Sábado";"18:07:00";"MG";116;"768,8";"LEOPOLDINA";"Falta de atenção";"Colisão traseira";"Sem Vítimas";"Plena noite";"Decrescente";"Ceu Claro";"Simples";"Reta";"Urbano";2;0;0;0;2;0;0;2
83472749;"11/06/16";"Sábado";"23:30:00";"GO";452;"180,1";"ITUMBIARA";"Dormindo";"Colisão lateral";"Sem Vítimas";"Plena noite";"Crescente";"Ignorada";"Simples";"Reta";"Rural";2;0;0;0;2;0;0;2
83472750;"11/06/16";"Sábado";"18:36:00";"GO";20;"178";"ALVORADA DO NORTE";"Desobediência à sinalização";"Colisão frontal";"Com Vítimas Feridas";"Anoitecer";"Decrescente";"Nublado";"Simples";"Reta";"Urbano";2;0;1;0;1;0;1;2