"id";"data_inversa";"dia_semana";"horario";"uf";"br";"km";"municipio";"causa_acidente";"tipo_acidente";"classificacao_acidente";"fase_dia";"sentido_via";"condicao_metereologica";"tipo_pista";"tracado_via";"uso_solo";"pessoas";"mortos";"feridos_leves";"feridos_graves";"ilesos";"ignorados";"feridos";"veiculos"
83472751;"11/06/16";"Sábado";"10:00:00";"SC";101;"151";"ITAPEMA";"Falta de atenção";"Colisão com objeto fixo";"Com Vítimas Feridas";"Pleno dia";"Decrescente";"Ceu Claro";"Dupla";"Reta";"Urbano";1;0;0;1;0;0;1;1
83472752;"11/06/16";"Sábado";"17:20:00";"PB";101;"75";"SANTA RITA";"Desobediência à sinalização";"Colisão lateral";"Sem Vítimas";"Pleno dia";"Decrescente";"Sol";"Dupla";"Curva";"Rural";3;0;0;0;2;1;0;3
83472753;"12/06/16";"Domingo";"01:44:00";"SC";470;"55,6";"BLUMENAU";"Ingestão de álcool";"Colisão frontal";"Com Vítimas Feridas";"Plena noite";"Decrescente";"Ceu Claro";"Simples";"Reta";"Urbano";3;0;1;2;0;0;3;2
83472754;"11/06/16";"Sábado";"15:00:00";"SC";101;"137";"BALNEARIO CAMBORIU";"Ingestão de álcool";"Colisão com objeto móvel";"Com Vítimas Feridas";"Pleno dia";"Crescente";"Ceu Claro";"Dupla";"Reta";"Urbano";2;0;2;0;0;0;2;2
83472755;"11/06/16";"Sábado";"23:50:00";"SC";101;"207";"SAO JOSE";"Ingestão de álcool";"Colisão traseira";"Com Vítimas Feridas";"Plena noite";"Crescente";"Ceu Claro";"Dupla";"Reta";"Urbano";3;0;3;0;0;0;3;2
83472756;"11/06/16";"Sábado";"12:35:00";"RN";304;"106,2";"ASSU";"Falta de atenção";"Colisão traseira";"Com Vítimas Feridas";"Pleno dia";"Crescente";"Ceu Claro";"Simples";"Curva";"Rural";3;0;1;0;2;0;1;2
83472757;"11/06/16";"Sábado";"08:15:00";"GO";70;"387";"MONTES CLAROS DE GOIAS";"Velocidade incompatível";"Colisão frontal";"Com Vítimas Feridas";"Pleno dia";"Crescente";"Ceu Claro";"Simples";"Reta";"Rural";5;0;2;2;1;0;4;2
83472758;"12/06/16";"Domingo";"00:45:00";"PE";428;"184,5";"PETROLINA";"Outras";"Colisão com objeto fixo";"Com Vítimas Feridas";"Plena noite";"Decrescente";"Ceu Claro";"Simples";"Cruzamento";"Rural";1;0;0;1;0;0;1;1
83472759;"12/06/16";"Domingo";"04:00:00";"PI";316;"5,4";"TERESINA";"Outras";"Colisão com objeto fixo";"Com Vítimas Feridas";"Plena noite";"Crescente";"Ceu Claro";"Múltipla";"Reta";"Urbano";1;0;1;0;0;0;1;1
83472760;"11/06/16";"Sábado";"22:35:00";"PR";376;"3";"MARINGA";"Falta de atenção";"Colisão traseira";"Com Vítimas Feridas";"Plena noite";"Crescente";"Ignorada";"Dupla";"Reta";"Urbano";4;0;2;0;2;0;2;2
83472761;"10/06/16";"Sexta";"02:50:00";"RJ";101;"92";"CAMPOS DOS GOYTACAZES";"Dormindo";"Colisão frontal";"Sem Vítimas";"Plena noite";"Decrescente";"Ceu Claro";"Simples";"Curva";"Urbano";2;0;0;0;2;0;0;2
83472762;"12/06/16";"Domingo";"01:32:00";"MS";158;"327,3";"TRES LAGOAS";"Velocidade incompatível";"Colisão com objeto fixo";"Ignorado";"Plena noite";"Decrescente";"Ceu Claro";"Simples";"Curva";"Rural";1;0;0;0;0;1;0;1
83472763;"11/06/16";"Sábado";"20:30:00";"SP";116;"224";"GUARULHOS";"Não guardar distância de segurança";"Queda de motocicleta / bicicleta / veículo";"Com Vítimas Feridas";"Plena noite";"Decrescente";"Nublado";"Múltipla";"Reta";"Urbano";2;0;2;0;0;0;2;1
83472764;"11/06/16";"Sábado";"17:15:00";"SC";101;"210";"SAO JOSE";"Falta de atenção";"Colisão traseira";"Com Vítimas Feridas";"Pleno dia";"Decrescente";"Ceu Claro";"Dupla";"Reta";"Urbano";4;0;2;0;2;0;2;3
83472765;"12/06/16";"Domingo";"05:00:00";"PR";476;"125";"CURITIBA";"Falta de atenção";"Colisão com objeto fixo";"Ignorado";"Plena noite";"Crescente";"Ceu Claro";"Dupla";"Reta";"Urbano";1;0;0;0;0;1;0;1
83472766;"12/06/16";"Domingo";"00:05:00";"AM";319;"690";"HUMAITA";"Defeito na via";"Saída de Pista";"Com Vítimas Feridas";"Plena noite";"Decrescente";"Ceu Claro";"Simples";"Reta";"Rural";5;0;4;0;1;0;4;1
83472767;"12/06/16";"Domingo";"01:35:00";"RO";364;"198,7";"PIMENTA BUENO";"Falta de atenção";"Colisão traseira";"Sem Vítimas";"Plena noite";"Crescente";"Ceu Claro";"Simples";"Reta";"Urbano";2;0;0;0;2;0;0;2
83472768;"12/06/16";"Domingo";"00:45:00";"MT";70;"514";"VARZEA GRANDE";"Falta de atenção";"Queda de motocicleta / bicicleta / veículo";"Com Vítimas Feridas";"Plena noite";"Decrescente";"Ceu Claro";"Simples";"Reta";"Urbano";1;0;0;1;0;0;1;1
83472770;"08/06/16";"Quarta";"07:30:00";"RJ";101;"82";"CAMPOS DOS GOYTACAZES";"Velocidade incompatível";"Saída de Pista";"Com Vítimas Feridas";"Pleno dia";"Decrescente";"Ceu Claro";"Simples";"Curva";"Rural";3;0;1;0;2;0;1;3
83472771;"08/06/16";"Quarta";"02:45:00";"MG";40;"815,8";"MATIAS BARBOSA";"Velocidade incompatível";"Capotamento";"Sem Vítimas";"Plena noite";"Decrescente";"Ceu Claro";"Dupla";"Curva";"Rural";1;0;0;0;1;0;0;1
83472772;"12/06/16";"Domingo";"04:40:00";"SC";282;"23";"SANTO AMARO DA IMPERATRIZ";"Falta de atenção";"Colisão Transversal";"Sem Vítimas";"Plena noite";"Crescente";"Ceu Claro";"Simples";"Reta";"Urbano";2;0;0;0;2;0;0;2
83472773;"12/06/16";"Domingo";"05:40:00";"MG";381;"713,1";"CARMO DA CACHOEIRA";"Dormindo";"Capotamento";"Com Vítimas Feridas";"Amanhecer";"Decrescente";"Ceu Claro";"Dupla";"Reta";"Rural";2;0;2;0;0;0;2;1
83472774;"12/06/16";"Domingo";"04:20:00";"MS";163;"698,4";"RIO VERDE DE MATO GROSSO";"Ingestão de álcool";"Colisão com objeto fixo";"Com Vítimas Feridas";"Plena noite";"Crescente";"Ceu Claro";"Simples";"Reta";"Rural";1;0;1;0;0;0;1;1
83472775;"12/06/16";"Domingo";"04:30:00";"SC";282;"505,5";"XANXERE";"Dormindo";"Saída de Pista";"Com Vítimas Feridas";"Plena noite";"Decrescente";"Ceu Claro";"Simples";"Reta";"Rural";1;0;1;0;0;0;1;1
83472776;"08/06/16";"Quarta";"06:40:00";"MT";364;"337,5";"SANTO ANTONIO DO LEVERGER";"Falta de atenção";"Colisão traseira";"Sem Vítimas";"Amanhecer";"Decrescente";"Ceu Claro";"Dupla";"Reta";"Rural";2;0;0;0;2;0;0;2
83472777;"11/06/16";"Sábado";"11:05:00";"MG";356;"272,8";"EUGENOPOLIS";"Ultrapassagem indevida";"Colisão lateral";"Sem Vítimas";"Pleno dia";"Decrescente";"Nublado";"Simples";"Curva";"Rural";3;0;0;0;2;1;0;2
83472778;"12/06/16";"Domingo";"06:20:00";"RS";158;"206,9";"CRUZ ALTA";"Dormindo";"Colisão lateral";"Sem Vítimas";"Amanhecer";"Decrescente";"Ceu Claro";"Simples";"Reta";"Rural";2;0;0;0;2;0;0;2
83472780;"12/06/16";"Domingo";"00:10:00";"SP";116;"281,7";"EMBU";"Desobediência à sinalização";"Colisão lateral";"Com Vítimas Feridas";"Plena noite";"Crescente";"Ceu Claro";"Dupla";"Reta";"Urbano";3;0;0;1;2;0;1;2
83472781;"08/06/16";"Quarta";"18:40:00";"DF";20;"16";"BRASILIA";"Velocidade incompatível";"Colisão Transversal";"Sem Vítimas";"Plena noite";"Crescente";"Chuva";"Dupla";"Reta";"Rural";2;0;0;0;2;0;0;2
83472782;"11/06/16";"Sábado";"17:00:00";"RJ";116;"169,8";"SAO JOAO DE MERITI";"Não guardar distância de segurança";"Colisão traseira";"Com Vítimas Feridas";"Pleno dia";"Decrescente";"Ceu Claro";"Múltipla";"Reta";"Urbano";9;0;1;0;6;2;1;4
83472783;"31/05/16";"Terça";"17:35:00";"RS";116;"216";"MORRO REUTER";"Falta de atenção";"Colisão com objeto fixo";"Sem Vítimas";"Anoitecer";"Crescente";"Ceu Claro";"Dupla";"Reta";"Urbano";2;0;0;0;2;0;0;2
83472784;"12/06/16";"Domingo";"06:30:00";"MG";381;"832,9";"SAO SEBASTIAO DA BELA VISTA";"Velocidade incompatível";"Colisão com objeto fixo";"Sem Vítimas";"Anoitecer";"Decrescente";"Nevoeiro/neblina";"Dupla";"Reta";"Rural";1;0;0;0;1;0;0;1
83472785;"05/06/16";"Domingo";"02:20:00";"MG";116;"244,5";"TEOFILO OTONI";"Animais na Pista";"Atropelamento de animal";"Sem Vítimas";"Plena noite";"Decrescente";"Ceu Claro";"Simples";"Reta";"Urbano";1;0;0;0;1;0;0;1
83472786;"04/06/16";"Sábado";"19:20:00";"BA";116;"822,3";"VITORIA DA CONQUISTA";"Velocidade incompatível";"Colisão traseira";"Sem Vítimas";"Plena noite";"Decrescente";"Ceu Claro";"Múltipla";"Reta";"Urbano";3;0;0;0;3;0;0;3
83472787;"12/06/16";"Domingo";"04:00:00";"MS";262;"561,1";"MIRANDA";"Ingestão de álcool";"Capotamento";"Sem Vítimas";"Plena noite";"Crescente";"Ceu Claro";"Simples";"Reta";"Rural";2;0;0;0;1;1;0;1
83472788;"06/06/16";"Segunda";"16:00:00";"MG";40;"521";"CONTAGEM";"Não guardar distância de segurança";"Colisão lateral";"Sem Vítimas";"Pleno dia";"Crescente";"Sol";"Dupla";"Reta";"Urbano";2;0;0;0;2;0;0;2
83472789;"11/06/16";"Sábado";"18:20:00";"MG";40;"107,1";"LAGOA GRANDE";"Animais na Pista";"Colisão com objeto fixo";"Com Vítimas Feridas";"Plena noite";"Crescente";"Nublado";"Simples";"Curva";"Rural";3;0;3;0;0;0;3;1
83472790;"08/06/16";"Quarta";"12:20:00";"PI";343;"5";"TERESINA";"Não guardar distância de segurança";"Colisão traseira";"Com Vítimas Feridas";"Pleno dia";"Crescente";"Ceu Claro";"Múltipla";"Reta";"Urbano";2;0;0;1;1;0;1;2
83472791;"12/06/16";"Domingo";"06:00:00";"SP";153;"294,8";"OCAUCU";"Outras";"Capotamento";"Sem Vítimas";"Amanhecer";"Crescente";"Ceu Claro";"Simples";"Reta";"Rural";1;0;0;0;1;0;0;1
83472792;"12/06/16";"Domingo";"06:40:00";"MG";40;"525,6";"CONTAGEM";"Velocidade incompatível";"Capotamento";"Sem Vítimas";"Amanhecer";"Decrescente";"Ceu Claro";"Dupla";"Reta";"Urbano";1;0;0;0;1;0;0;1
83472793;"08/06/16";"Quarta";"18:20:00";"MG";116;"493";"INHAPIM";"Outras";"Queda de motocicleta / bicicleta / veículo";"Com Vítimas Feridas";"Plena noite";"Decrescente";"Nublado";"Simples";"Reta";"Rural";1;0;0;1;0;0;1;1
83472794;"12/06/16";"Domingo";"08:00:00";"PR";277;"116,2";"CAMPO LARGO";"Outras";"Atropelamento de pessoa";"Com Vítimas Feridas";"Pleno dia";"Crescente";"Ceu Claro";"Simples";"Curva";"Rural";3;0;1;0;2;0;1;1
83472795;"08/06/16";"Quarta";"11:30:00";"MG";381;"827,5";"SAO SEBASTIAO DA BELA VISTA";"Defeito mecânico em veículo";"Queda de motocicleta / bicicleta / veículo";"Com Vítimas Feridas";"Pleno dia";"Decrescente";"Ceu Claro";"Dupla";"Curva";"Rural";1;0;1;0;0;0;1;1
83472796;"07/06/16";"Terça";"18:00:00";"RJ";116;"100";"GUAPIMIRIM";"Outras";"Danos Eventuais";"Com Vítimas Feridas";"Plena noite";"Decrescente";"Chuva";"Simples";"Curva";"Urbano";1;0;1;0;0;0;1;1
83472798;"09/06/16";"Quinta";"18:45:00";"CE";20;"400";"CAUCAIA";"Outras";"Colisão traseira";"Com Vítimas Feridas";"Plena noite";"Crescente";"Ceu Claro";"Simples";"Reta";"Rural";4;0;1;1;2;0;2;3
83472799;"12/06/16";"Domingo";"07:00:00";"SP";116;"394,1";"MIRACATU";"Defeito mecânico em veículo";"Colisão traseira";"Sem Vítimas";"Amanhecer";"Decrescente";"Nublado";"Dupla";"Reta";"Urbano";2;0;0;0;2;0;0;2
83472800;"12/06/16";"Domingo";"05:55:00";"MA";316;"572,5";"CAXIAS";"Outras";"Colisão lateral";"Com Vítimas Fatais";"Amanhecer";"Decrescente";"Nevoeiro/neblina";"Simples";"Reta";"Rural";2;1;0;0;1;0;0;2
83472801;"27/05/16";"Sexta";"09:50:00";"GO";60;"99";"ANAPOLIS";"Velocidade incompatível";"Tombamento";"Com Vítimas Feridas";"Pleno dia";"Decrescente";"Ceu Claro";"Simples";"Curva";"Urbano";1;0;1;0;0;0;1;1
83472802;"11/06/16";"Sábado";"02:00:00";"RS";471;"161";"RIO PARDO";"Falta de atenção";"Saída de Pista";"Com Vítimas Feridas";"Plena noite";"Decrescente";"Ceu Claro";"Simples";"Reta";"Rural";1;0;1;0;0;0;1;1
83472803;"07/06/16";"Terça";"07:25:00";"DF";20;"8";"BRASILIA";"Falta de atenção";"Colisão traseira";"Com Vítimas Feridas";"Pleno dia";"Decrescente";"Ceu Claro";"Dupla";"Reta";"Urbano";4;0;1;0;3;0;1;2
83472804;"12/06/16";"Domingo";"07:40:00";"PR";376;"490,2";"PONTA GROSSA";"Não guardar distância de segurança";"Colisão traseira";"Com Vítimas Feridas";"Pleno dia";"Decrescente";"Ceu Claro";"Dupla";"Curva";"Urbano";2;0;1;0;1;0;1;2
83472805;"11/06/16";"Sábado";"20:40:00";"RJ";40;"121,3";"DUQUE DE CAXIAS";"Falta de atenção";"Colisão traseira";"Com Vítimas Feridas";"Plena noite";"Crescente";"Ceu Claro";"Múltipla";"Reta";"Urbano";3;0;0;1;2;0;1;2
83472806;"12/06/16";"Domingo";"07:50:00";"RS";285;"268";"MATO CASTELHANO";"Falta de atenção";"Colisão lateral";"Sem Vítimas";"Pleno dia";"Crescente";"Ceu Claro";"Simples";"Reta";"Rural";16;0;0;0;16;0;0;2
83472807;"11/06/16";"Sábado";"04:30:00";"MG";381;"680,3";"RIBEIRAO VERMELHO";"Dormindo";"Tombamento";"Com Vítimas Feridas";"Plena noite";"Crescente";"Ceu Claro";"Dupla";"Reta";"Rural";2;0;1;0;1;0;1;1
83472808;"08/06/16";"Quarta";"07:15:00";"BA";324;"622";"SALVADOR";"Outras";"Colisão lateral";"Com Vítimas Feridas";"Pleno dia";"Crescente";"Ceu Claro";"Dupla";"Reta";"Urbano";3;0;2;0;1;0;2;3
83472809;"07/06/16";"Terça";"14:00:00";"AL";316;"262,9";"SATUBA";"Outras";"Saída de Pista";"Com Vítimas Feridas";"Pleno dia";"Crescente";"Ceu Claro";"Simples";"Curva";"Rural";1;0;1;0;0;0;1;1
83472810;"12/06/16";"Domingo";"10:25:00";"SC";101;"463,5";"PASSO DE TORRES";"Falta de atenção";"Saída de Pista";"Sem Vítimas";"Pleno dia";"Crescente";"Sol";"Dupla";"Curva";"Rural";1;0;0;0;1;0;0;1
83472811;"05/06/16";"Domingo";"02:45:00";"RJ";493;"26";"MAGE";"Falta de atenção";"Colisão lateral";"Sem Vítimas";"Plena noite";"Decrescente";"Ceu Claro";"Simples";"Reta";"Urbano";2;0;0;0;2;0;0;2
83472812;"05/06/16";"Domingo";"02:20:00";"GO";70;"1,2";"AGUAS LINDAS DE GOIAS";"Velocidade incompatível";"Capotamento";"Com Vítimas Feridas";"Plena noite";"Crescente";"Ceu Claro";"Dupla";"Reta";"Urbano";1;0;1;0;0;0;1;1
83472813;"12/06/16";"Domingo";"07:30:00";"BA";101;"531";"BUERAREMA";"Falta de atenção";"Saída de Pista";"Com Vítimas Feridas";"Pleno dia";"Decrescente";"Nublado";"Simples";"Curva";"Rural";2;0;1;0;1;0;1;1
83472814;"11/06/16";"Sábado";"11:30:00";"SP";116;"186";"SANTA ISABEL";"Defeito mecânico em veículo";"Derramamento de Carga";"Sem Vítimas";"Pleno dia";"Decrescente";"Ceu Claro";"Dupla";"Reta";"Rural";1;0;0;0;1;0;0;1
83472815;"12/06/16";"Domingo";"08:30:00";"MG";381;"933,8";"EXTREMA";"Velocidade incompatível";"Capotamento";"Com Vítimas Feridas";"Pleno dia";"Decrescente";"Ceu Claro";"Dupla";"Curva";"Rural";1;0;1;0;0;0;1;1
83472816;"11/06/16";"Sábado";"20:45:00";"MG";116;"509";"UBAPORANGA";"Ingestão de álcool";"Colisão frontal";"Com Vítimas Feridas";"Plena noite";"Crescente";"Nublado";"Simples";"Reta";"Urbano";2;0;0;1;1;0;1;2
83472817;"12/06/16";"Domingo";"03:30:00";"PA";316;"31";"BENEVIDES";"Dormindo";"Saída de Pista";"Com Vítimas Feridas";"Plena noite";"Decrescente";"Ignorada";"Dupla";"Reta";"Rural";1;0;0;1;0;0;1;1
83472818;"12/06/16";"Domingo";"10:45:00";"MG";365;"419";"PATOS DE MINAS";"Defeito mecânico em veículo";"Queda de motocicleta / bicicleta / veículo";"Com Vítimas Feridas";"Pleno dia";"Crescente";"Sol";"Simples";"Reta";"Rural";2;0;2;0;0;0;2;1
83472819;"09/06/16";"Quinta";"23:20:00";"SP";116;"213";"GUARULHOS";"Outras";"Saída de Pista";"Com Vítimas Feridas";"Plena noite";"Decrescente";"Ceu Claro";"Múltipla";"Reta";"Urbano";2;0;1;0;0;1;1;2
83472820;"29/03/16";"Terça";"00:05:00";"SP";116;"461";"PARIQUERA-ACU";"Ingestão de álcool";"Incêndio";"Com Vítimas Feridas";"Plena noite";"Crescente";"Ceu Claro";"Dupla";"Reta";"Rural";2;0;1;0;1;0;1;2
83472821;"12/06/16";"Domingo";"10:55:00";"RS";116;"227,7";"DOIS IRMAOS";"Não guardar distância de segurança";"Colisão traseira";"Sem Vítimas";"Pleno dia";"Decrescente";"Sol";"Simples";"Curva";"Rural";2;0;0;0;2;0;0;2
83472822;"10/06/16";"Sexta";"06:15:00";"PB";101;"104";"ALHANDRA";"Falta de atenção";"Saída de Pista";"Sem Vítimas";"Pleno dia";"Crescente";"Ceu Claro";"Dupla";"Reta";"Rural";2;0;0;0;2;0;0;1
83472823;"12/06/16";"Domingo";"10:30:00";"BA";116;"757";"POCOES";"Desobediência à sinalização";"Colisão frontal";"Com Vítimas Feridas";"Pleno dia";"Decrescente";"Nublado";"Simples";"Reta";"Urbano";2;0;0;1;1;0;1;2
83472824;"12/06/16";"Domingo";"11:10:00";"PE";101;"44,4";"IGARASSU";"Falta de atenção";"Colisão traseira";"Com Vítimas Feridas";"Pleno dia";"Decrescente";"Ceu Claro";"Múltipla";"Reta";"Urbano";3;0;1;0;2;0;1;2
83472825;"12/06/16";"Domingo";"10:30:00";"MA";316;"324";"BACABAL";"Defeito mecânico em veículo";"Colisão traseira";"Com Vítimas Feridas";"Pleno dia";"Decrescente";"Sol";"Simples";"Reta";"Rural";5;0;0;1;4;0;1;2
83472826;"12/06/16";"Domingo";"09:30:00";"SC";101;"186,9";"BIGUACU";"Defeito mecânico em veículo";"Colisão com objeto fixo";"Sem Vítimas";"Pleno dia";"Decrescente";"Ceu Claro";"Dupla";"Reta";"Rural";1;0;0;0;1;0;0;1
83472827;"09/06/16";"Quinta";"06:40:00";"DF";70;"7,5";"BRASILIA";"Outras";"Colisão traseira";"Com Vítimas Feridas";"Pleno dia";"Decrescente";"Ceu Claro";"Dupla";"Reta";"Urbano";3;0;2;0;1;0;2;3
83472828;"12/06/16";"Domingo";"07:00:00";"MT";163;"838";"SINOP";"Ingestão de álcool";"Colisão traseira";"Sem Vítimas";"Pleno dia";"Decrescente";"Ceu Claro";"Simples";"Reta";"Urbano";3;0;0;0;3;0;0;2
83472829;"09/06/16";"Quinta";"13:05:00";"RN";304;"48,5";"MOSSORO";"Falta de atenção";"Colisão traseira";"Com Vítimas Feridas";"Pleno dia";"Crescente";"Ceu Claro";"Dupla";"Reta";"Urbano";3;0;2;0;1;0;2;2
83472830;"12/06/16";"Domingo";"09:53:00";"GO";50;"221,7";"CAMPO ALEGRE DE GOIAS";"Não guardar distância de segurança";"Queda de motocicleta / bicicleta / veículo";"Com Vítimas Feridas";"Pleno dia";"Crescente";"Ceu Claro";"Simples";"Reta";"Rural";1;0;1;0;0;0;1;1
83472831;"10/06/16";"Sexta";"20:30:00";"PR";158;"423,5";"RIO BONITO DO IGUACU";"Outras";"Atropelamento de pessoa";"Com Vítimas Fatais";"Plena noite";"Crescente";"Ceu Claro";"Simples";"Reta";"Rural";2;1;0;0;0;1;0;1
83472832;"12/06/16";"Domingo";"08:00:00";"SC";282;"488,9";"FAXINAL DOS GUEDES";"Ingestão de álcool";"Saída de Pista";"Ignorado";"Pleno dia";"Decrescente";"Ceu Claro";"Simples";"Reta";"Rural";1;0;0;0;0;1;0;1
83472833;"12/06/16";"Domingo";"11:00:00";"PR";369;"138";"IBIPORA";"Falta de atenção";"Colisão lateral";"Com Vítimas Feridas";"Pleno dia";"Crescente";"Ceu Claro";"Simples";"Reta";"Urbano";2;0;1;0;1;0;1;2
83472834;"12/06/16";"Domingo";"13:00:00";"PR";376;"616,6";"SAO JOSE DOS PINHAIS";"Ingestão de álcool";"Atropelamento de pessoa";"Com Vítimas Feridas";"Pleno dia";"Decrescente";"Ceu Claro";"Dupla";"Reta";"Urbano";2;0;0;1;1;0;1;1
83472835;"12/06/16";"Domingo";"06:35:00";"GO";60;"109,1";"GOIANAPOLIS";"Dormindo";"Saída de Pista";"Com Vítimas Feridas";"Amanhecer";"Crescente";"Ceu Claro";"Dupla";"Reta";"Rural";2;0;1;0;1;0;1;1
83472836;"10/06/16";"Sexta";"21:30:00";"PB";101;"56";"SANTA RITA";"Ingestão de álcool";"Colisão traseira";"Com Vítimas Feridas";"Plena noite";"Crescente";"Ceu Claro";"Dupla";"Reta";"Rural";2;0;1;0;0;1;1;2
83472837;"12/06/16";"Domingo";"04:00:00";"BA";20;"145";"SAO DESIDERIO";"Outras";"Queda de motocicleta / bicicleta / veículo";"Com Vítimas Fatais";"Amanhecer";"Crescente";"Ceu Claro";"Simples";"Curva";"Rural";2;1;0;0;1;0;0;1
83472838;"08/06/16";"Quarta";"19:50:00";"SC";101;"223";"PALHOCA";"Ingestão de álcool";"Colisão com objeto fixo";"Com Vítimas Feridas";"Plena noite";"Crescente";"Nublado";"Dupla";"Reta";"Rural";1;0;0;1;0;0;1;1
83472839;"12/06/16";"Domingo";"09:40:00";"MG";116;"699,9";"MURIAE";"Falta de atenção";"Colisão traseira";"Sem Vítimas";"Pleno dia";"Crescente";"Nublado";"Simples";"Reta";"Urbano";2;0;0;0;2;0;0;2
83472841;"12/06/16";"Domingo";"11:45:00";"PA";316;"4";"ANANINDEUA";"Outras";"Atropelamento de pessoa";"Com Vítimas Fatais";"Pleno dia";"Decrescente";"Sol";"Dupla";"Reta";"Urbano";2;1;0;0;0;1;0;1
83472842;"12/06/16";"Domingo";"11:10:00";"MG";40;"551,9";"NOVA LIMA";"Não guardar distância de segurança";"Colisão traseira";"Com Vítimas Feridas";"Pleno dia";"Crescente";"Ceu Claro";"Dupla";"Reta";"Urbano";2;0;1;0;1;0;1;2
83472843;"11/06/16";"Sábado";"14:00:00";"RJ";116;"319";"ITATIAIA";"Dormindo";"Colisão com objeto fixo";"Sem Vítimas";"Pleno dia";"Crescente";"Sol";"Múltipla";"Reta";"Urbano";1;0;0;0;1;0;0;1
83472844;"11/06/16";"Sábado";"06:30:00";"MG";116;"395,8";"GOVERNADOR VALADARES";"Velocidade incompatível";"Colisão frontal";"Com Vítimas Fatais";"Amanhecer";"Decrescente";"Ceu Claro";"Simples";"Curva";"Rural";2;1;1;0;0;0;1;2
83472845;"12/06/16";"Domingo";"08:30:00";"RN";304;"297,7";"MACAIBA";"Defeito mecânico em veículo";"Tombamento";"Sem Vítimas";"Pleno dia";"Decrescente";"Ceu Claro";"Simples";"Cruzamento";"Rural";1;0;0;0;1;0;0;1
83472846;"12/06/16";"Domingo";"13:30:00";"BA";407;"118";"SENHOR DO BONFIM";"Não guardar distância de segurança";"Colisão traseira";"Sem Vítimas";"Pleno dia";"Decrescente";"Sol";"Simples";"Reta";"Urbano";3;0;0;0;2;1;0;3
83472847;"12/06/16";"Domingo";"14:30:00";"MG";116;"766";"LEOPOLDINA";"Falta de atenção";"Colisão Transversal";"Sem Vítimas";"Pleno dia";"Crescente";"Sol";"Simples";"Reta";"Urbano";3;0;0;0;3;0;0;2
83472848;"12/06/16";"Domingo";"13:00:00";"RS";116;"232";"NOVO HAMBURGO";"Não guardar distância de segurança";"Colisão traseira";"Com Vítimas Feridas";"Pleno dia";"Decrescente";"Ceu Claro";"Simples";"Reta";"Urbano";3;0;0;1;1;1;1;2
83472849;"11/06/16";"Sábado";"15:10:00";"BA";324;"575";"SAO SEBASTIAO DO PASSE";"Outras";"Capotamento";"Com Vítimas Feridas";"Plena noite";"Crescente";"Ceu Claro";"Dupla";"Reta";"Rural";4;0;4;0;0;0;4;1
83472850;"09/06/16";"Quinta";"03:20:00";"ES";101;"294";"CARIACICA";"Velocidade incompatível";"Colisão com objeto fixo";"Com Vítimas Feridas";"Plena noite";"Crescente";"Chuva";"Dupla";"Curva";"Urbano";1;0;1;0;0;0;1;1
83472851;"12/06/16";"Domingo";"13:40:00";"MA";10;"138";"ESTREITO";"Outras";"Colisão lateral";"Com Vítimas Feridas";"Pleno dia";"Decrescente";"Ceu Claro";"Simples";"Reta";"Rural";2;0;1;0;0;1;1;2
83472852;"09/06/16";"Quinta";"08:00:00";"MT";163;"681";"LUCAS DO RIO VERDE";"Falta de atenção";"Colisão traseira";"Sem Vítimas";"Pleno dia";"Decrescente";"Sol";"Simples";"Reta";"Rural";3;0;0;0;3;0;0;3
83472853;"09/06/16";"Quinta";"03:10:00";"PR";376;"172";"MARINGA";"Ingestão de álcool";"Colisão lateral";"Sem Vítimas";"Plena noite";"Crescente";"Ceu Claro";"Dupla";"Reta";"Urbano";2;0;0;0;2;0;0;2
83472854;"04/06/16";"Sábado";"22:40:00";"SP";116;"208";"GUARULHOS";"Outras";"Colisão com objeto fixo";"Sem Vítimas";"Plena noite";"Crescente";"Chuva";"Simples";"Reta";"Urbano";1;0;0;0;1;0;0;1
83472855;"12/06/16";"Domingo";"11:55:00";"SP";116;"74";"APARECIDA";"Falta de atenção";"Colisão traseira";"Com Vítimas Feridas";"Pleno dia";"Decrescente";"Ceu Claro";"Múltipla";"Reta";"Rural";3;0;1;0;2;0;1;2
83472856;"12/06/16";"Domingo";"10:30:00";"MG";116;"686,2";"MURIAE";"Outras";"Colisão lateral";"Com Vítimas Feridas";"Pleno dia";"Decrescente";"Nublado";"Simples";"Curva";"Rural";2;0;0;1;1;0;1;2
83472857;"09/06/16";"Quinta";"08:30:00";"SP";116;"229";"SAO PAULO";"Não guardar distância de segurança";"Colisão traseira";"Sem Vítimas";"Pleno dia";"Crescente";"Nublado";"Dupla";"Reta";"Urbano";4;0;0;0;4;0;0;4
83472858;"12/06/16";"Domingo";"12:30:00";"MG";262;"435";"NOVA SERRANA";"Velocidade incompatível";"Capotamento";"Com Vítimas Feridas";"Pleno dia";"Crescente";"Ceu Claro";"Dupla";"Reta";"Urbano";4;0;3;0;1;0;3;1
83472859;"12/06/16";"Domingo";"11:28:00";"TO";153;"243";"COLINAS DO TOCANTINS";"Ultrapassagem indevida";"Colisão lateral";"Com Vítimas Feridas";"Pleno dia";"Crescente";"Ceu Claro";"Dupla";"Reta";"Urbano";2;0;1;0;1;0;1;2