"id";"data_inversa";"dia_semana";"horario";"uf";"br";"km";"municipio";"causa_acidente";"tipo_acidente";"classificacao_acidente";"fase_dia";"sentido_via";"condicao_metereologica";"tipo_pista";"tracado_via";"uso_solo";"pessoas";"mortos";"feridos_leves";"feridos_graves";"ilesos";"ignorados";"feridos";"veiculos"
83472860;"12/06/16";"Domingo";"02:30:00";"GO";60;"193,4";"GUAPO";"Ingestão de álcool";"Saída de Pista";"Ignorado";"Plena noite";"Decrescente";"Ceu Claro";"Dupla";"Reta";"Rural";1;0;0;0;0;1;0;1
83472861;"03/06/16";"Sexta";"14:35:00";"PE";232;"75";"GRAVATA";"Outras";"Capotamento";"Sem Vítimas";"Pleno dia";"Crescente";"Chuva";"Dupla";"Reta";"Rural";1;0;0;0;1;0;0;1
83472862;"12/06/16";"Domingo";"14:10:00";"SP";116;"210";"GUARULHOS";"Falta de atenção";"Colisão traseira";"Com Vítimas Feridas";"Pleno dia";"Crescente";"Sol";"Simples";"Reta";"Urbano";2;0;1;0;0;1;1;2
83472864;"08/06/16";"Quarta";"18:50:00";"PI";135;"365";"BOM JESUS";"Falta de atenção";"Atropelamento de pessoa";"Com Vítimas Fatais";"Plena noite";"Crescente";"Ceu Claro";"Simples";"Reta";"Urbano";2;1;0;1;0;0;1;1
83472865;"12/06/16";"Domingo";"09:00:00";"TO";153;"248";"COLINAS DO TOCANTINS";"Velocidade incompatível";"Colisão frontal";"Com Vítimas Feridas";"Pleno dia";"Decrescente";"Ceu Claro";"Simples";"Reta";"Rural";3;0;1;1;1;0;2;2
83472866;"10/06/16";"Sexta";"19:50:00";"MG";381;"337";"NOVA ERA";"Velocidade incompatível";"Colisão frontal";"Com Vítimas Feridas";"Plena noite";"Crescente";"Chuva";"Simples";"Curva";"Rural";2;0;1;0;1;0;1;2
83472867;"12/06/16";"Domingo";"15:10:00";"MG";146;"506";"BANDEIRA DO SUL";"Falta de atenção";"Colisão traseira";"Sem Vítimas";"Pleno dia";"Crescente";"Ceu Claro";"Simples";"Cruzamento";"Rural";3;0;0;0;2;1;0;3
83472868;"12/06/16";"Domingo";"16:10:00";"BA";242;"385";"SEABRA";"Falta de atenção";"Saída de Pista";"Sem Vítimas";"Pleno dia";"Decrescente";"Ceu Claro";"Simples";"Reta";"Rural";3;0;0;0;3;0;0;1
83472869;"09/06/16";"Quinta";"01:45:00";"RJ";101;"209";"CASIMIRO DE ABREU";"Outras";"Colisão com objeto fixo";"Sem Vítimas";"Plena noite";"Decrescente";"Nublado";"Simples";"Reta";"Rural";1;0;0;0;1;0;0;1
83472870;"12/06/16";"Domingo";"10:45:00";"MS";262;"488,9";"ANASTACIO";"Falta de atenção";"Tombamento";"Com Vítimas Feridas";"Pleno dia";"Crescente";"Sol";"Simples";"Cruzamento";"Urbano";1;0;1;0;0;0;1;1
83472871;"12/06/16";"Domingo";"15:20:00";"RS";285;"462,7";"IJUI";"Desobediência à sinalização";"Colisão Transversal";"Sem Vítimas";"Pleno dia";"Crescente";"Sol";"Simples";"Cruzamento";"Urbano";2;0;0;0;2;0;0;2
83472872;"12/06/16";"Domingo";"15:15:00";"PE";232;"10";"JABOATAO DOS GUARARAPES";"Falta de atenção";"Colisão traseira";"Com Vítimas Feridas";"Pleno dia";"Decrescente";"Ceu Claro";"Dupla";"Reta";"Urbano";4;0;2;0;2;0;2;2
83472873;"10/06/16";"Sexta";"04:10:00";"MG";116;"603,5";"SAO JOAO DO MANHUACU";"Ingestão de álcool";"Colisão lateral";"Sem Vítimas";"Plena noite";"Crescente";"Nublado";"Simples";"Reta";"Rural";3;0;0;0;3;0;0;2
83472874;"12/06/16";"Domingo";"08:30:00";"MG";381;"346";"JOAO MONLEVADE";"Dormindo";"Tombamento";"Sem Vítimas";"Pleno dia";"Decrescente";"Ceu Claro";"Simples";"Reta";"Rural";1;0;0;0;1;0;0;1
83472875;"12/06/16";"Domingo";"16:20:00";"PA";316;"5,2";"ANANINDEUA";"Ultrapassagem indevida";"Colisão lateral";"Sem Vítimas";"Pleno dia";"Crescente";"Ceu Claro";"Dupla";"Reta";"Urbano";3;0;0;0;3;0;0;3
83472876;"12/06/16";"Domingo";"14:20:00";"MG";40;"805,5";"MATIAS BARBOSA";"Defeito mecânico em veículo";"Queda de motocicleta / bicicleta / veículo";"Com Vítimas Feridas";"Pleno dia";"Crescente";"Ceu Claro";"Dupla";"Curva";"Rural";2;0;2;0;0;0;2;1
83472877;"08/06/16";"Quarta";"21:10:00";"SP";381;"73";"SAO PAULO";"Outras";"Capotamento";"Sem Vítimas";"Plena noite";"Crescente";"Nublado";"Dupla";"Curva";"Rural";1;0;0;0;1;0;0;1
83472878;"12/06/16";"Domingo";"15:30:00";"BA";116;"422,6";"FEIRA DE SANTANA";"Outras";"Colisão frontal";"Com Vítimas Feridas";"Pleno dia";"Crescente";"Ceu Claro";"Simples";"Reta";"Urbano";3;0;2;0;1;0;2;2
83472879;"08/06/16";"Quarta";"18:40:00";"MG";381;"360";"JOAO MONLEVADE";"Ingestão de álcool";"Queda de motocicleta / bicicleta / veículo";"Com Vítimas Feridas";"Plena noite";"Decrescente";"Ceu Claro";"Simples";"Reta";"Rural";2;0;1;0;1;0;1;1
83472880;"12/06/16";"Domingo";"15:35:00";"RS";471;"140,9";"SANTA CRUZ DO SUL";"Falta de atenção";"Colisão lateral";"Com Vítimas Feridas";"Pleno dia";"Crescente";"Sol";"Simples";"Cruzamento";"Urbano";2;0;1;0;1;0;1;2
83472881;"12/06/16";"Domingo";"16:40:00";"ES";262;"24";"VIANA";"Outras";"Saída de Pista";"Sem Vítimas";"Pleno dia";"Decrescente";"Nublado";"Simples";"Curva";"Rural";1;0;0;0;1;0;0;1
83472882;"12/06/16";"Domingo";"00:15:00";"MG";116;"267";"TEOFILO OTONI";"Outras";"Saída de Pista";"Sem Vítimas";"Plena noite";"Decrescente";"Chuva";"Dupla";"Curva";"Rural";2;0;0;0;2;0;0;1
83472883;"12/06/16";"Domingo";"14:30:00";"SC";470;"146,3";"RIO DO SUL";"Falta de atenção";"Colisão Transversal";"Com Vítimas Feridas";"Pleno dia";"Decrescente";"Sol";"Simples";"Reta";"Urbano";3;0;1;1;1;0;2;2
83472884;"12/06/16";"Domingo";"10:30:00";"TO";153;"352,5";"FORTALEZA DO TABOCAO";"Falta de atenção";"Tombamento";"Sem Vítimas";"Pleno dia";"Decrescente";"Ceu Claro";"Simples";"Reta";"Rural";1;0;0;0;1;0;0;1
83472885;"12/06/16";"Domingo";"16:30:00";"TO";226;"16";"PALMEIRAS DO TOCANTINS";"Ingestão de álcool";"Queda de motocicleta / bicicleta / veículo";"Com Vítimas Feridas";"Pleno dia";"Decrescente";"Ceu Claro";"Simples";"Reta";"Rural";1;0;1;0;0;0;1;1
83472886;"10/06/16";"Sexta";"05:55:00";"PR";476;"151,4";"ARAUCARIA";"Ingestão de álcool";"Colisão frontal";"Com Vítimas Feridas";"Plena noite";"Crescente";"Nublado";"Dupla";"Reta";"Rural";3;0;1;0;2;0;1;3
83472887;"30/04/16";"Sábado";"22:10:00";"MG";116;"532,6";"CARATINGA";"Outras";"Colisão Transversal";"Com Vítimas Feridas";"Plena noite";"Decrescente";"Ceu Claro";"Simples";"Reta";"Urbano";2;0;0;1;1;0;1;2
83472888;"12/06/16";"Domingo";"08:40:00";"BA";135;"126,1";"RIACHAO DAS NEVES";"Velocidade incompatível";"Tombamento";"Sem Vítimas";"Pleno dia";"Decrescente";"Ceu Claro";"Múltipla";"Reta";"Rural";2;0;0;0;2;0;0;1
83472889;"12/06/16";"Domingo";"15:10:00";"SC";101;"151";"ITAPEMA";"Desobediência à sinalização";"Colisão Transversal";"Com Vítimas Feridas";"Pleno dia";"Decrescente";"Ceu Claro";"Simples";"Cruzamento";"Urbano";3;0;2;0;1;0;2;2
83472890;"12/06/16";"Domingo";"17:50:00";"RS";290;"88";"PORTO ALEGRE";"Falta de atenção";"Saída de Pista";"Sem Vítimas";"Anoitecer";"Decrescente";"Ceu Claro";"Dupla";"Reta";"Urbano";1;0;0;0;1;0;0;1
83472891;"12/06/16";"Domingo";"17:30:00";"MT";364;"513";"ROSARIO OESTE";"Defeito mecânico em veículo";"Queda de motocicleta / bicicleta / veículo";"Com Vítimas Feridas";"Anoitecer";"Crescente";"Ceu Claro";"Simples";"Reta";"Rural";2;0;2;0;0;0;2;1
83472892;"12/06/16";"Domingo";"18:30:00";"PE";428;"181";"PETROLINA";"Não guardar distância de segurança";"Colisão traseira";"Sem Vítimas";"Plena noite";"Crescente";"Ceu Claro";"Simples";"Reta";"Urbano";2;0;0;0;2;0;0;2
83472893;"12/06/16";"Domingo";"16:10:00";"MG";365;"640";"UBERLANDIA";"Outras";"Queda de motocicleta / bicicleta / veículo";"Com Vítimas Feridas";"Pleno dia";"Crescente";"Ceu Claro";"Simples";"Reta";"Rural";1;0;0;1;0;0;1;1
83472894;"12/06/16";"Domingo";"11:35:00";"PR";376;"314,2";"ORTIGUEIRA";"Velocidade incompatível";"Tombamento";"Sem Vítimas";"Pleno dia";"Crescente";"Ceu Claro";"Simples";"Curva";"Rural";1;0;0;0;1;0;0;1
83472895;"12/06/16";"Domingo";"17:30:00";"DF";20;"8";"BRASILIA";"Falta de atenção";"Capotamento";"Com Vítimas Feridas";"Anoitecer";"Decrescente";"Nublado";"Dupla";"Reta";"Urbano";2;0;2;0;0;0;2;1
83472896;"12/06/16";"Domingo";"18:30:00";"PA";316;"19";"BENEVIDES";"Não guardar distância de segurança";"Colisão traseira";"Com Vítimas Feridas";"Plena noite";"Decrescente";"Ceu Claro";"Dupla";"Reta";"Urbano";3;0;1;0;2;0;1;3
83472898;"12/06/16";"Domingo";"17:30:00";"SC";282;"70,6";"RANCHO QUEIMADO";"Velocidade incompatível";"Saída de Pista";"Com Vítimas Feridas";"Pleno dia";"Decrescente";"Ceu Claro";"Simples";"Reta";"Rural";2;0;1;1;0;0;2;1
83472899;"12/06/16";"Domingo";"16:00:00";"SC";470;"69,2";"INDAIAL";"Falta de atenção";"Colisão traseira";"Sem Vítimas";"Pleno dia";"Decrescente";"Ceu Claro";"Simples";"Reta";"Rural";2;0;0;0;2;0;0;2
83472900;"12/06/16";"Domingo";"17:20:00";"BA";101;"569,5";"ARATACA";"Falta de atenção";"Colisão Transversal";"Com Vítimas Feridas";"Anoitecer";"Decrescente";"Chuva";"Simples";"Reta";"Rural";2;0;0;1;1;0;1;2
83472901;"12/06/16";"Domingo";"05:30:00";"BA";324;"581";"CANDEIAS";"Outras";"Saída de Pista";"Ignorado";"Amanhecer";"Crescente";"Ceu Claro";"Simples";"Reta";"Rural";1;0;0;0;0;1;0;1
83472902;"07/06/16";"Terça";"07:00:00";"SC";470;"39,2";"GASPAR";"Falta de atenção";"Queda de motocicleta / bicicleta / veículo";"Com Vítimas Feridas";"Pleno dia";"Crescente";"Ceu Claro";"Dupla";"Curva";"Urbano";2;0;1;0;0;1;1;2
83472903;"12/06/16";"Domingo";"19:20:00";"CE";20;"304";"CANINDE";"Outras";"Saída de Pista";"Ignorado";"Plena noite";"Decrescente";"Ceu Claro";"Dupla";"Reta";"Urbano";1;0;0;0;0;1;0;1
83472904;"12/06/16";"Domingo";"16:02:00";"PA";155;"343,7";"MARABA";"Outras";"Colisão com objeto fixo";"Sem Vítimas";"Pleno dia";"Decrescente";"Ceu Claro";"Simples";"Reta";"Urbano";1;0;0;0;1;0;0;1
83472905;"12/06/16";"Domingo";"16:30:00";"MT";364;"206";"RONDONOPOLIS";"Ingestão de álcool";"Colisão lateral";"Com Vítimas Feridas";"Pleno dia";"Decrescente";"Ceu Claro";"Dupla";"Reta";"Urbano";3;0;2;0;1;0;2;2
83472906;"12/06/16";"Domingo";"10:40:00";"MG";50;"170";"UBERABA";"Falta de atenção";"Colisão com objeto fixo";"Com Vítimas Feridas";"Pleno dia";"Decrescente";"Ceu Claro";"Dupla";"Reta";"Urbano";1;0;0;1;0;0;1;1
83472907;"12/06/16";"Domingo";"10:50:00";"CE";20;"400";"CAUCAIA";"Defeito mecânico em veículo";"Queda de motocicleta / bicicleta / veículo";"Com Vítimas Feridas";"Pleno dia";"Crescente";"Sol";"Simples";"Reta";"Rural";1;0;0;1;0;0;1;1
83472908;"12/06/16";"Domingo";"19:50:00";"PR";277;"59";"SAO JOSE DOS PINHAIS";"Falta de atenção";"Colisão com objeto fixo";"Com Vítimas Feridas";"Plena noite";"Crescente";"Ceu Claro";"Dupla";"Reta";"Rural";2;0;1;0;1;0;1;1
83472909;"12/06/16";"Domingo";"14:50:00";"BA";116;"818";"VITORIA DA CONQUISTA";"Outras";"Colisão lateral";"Com Vítimas Feridas";"Pleno dia";"Crescente";"Nublado";"Simples";"Reta";"Urbano";3;0;1;0;2;0;1;2
83472910;"12/06/16";"Domingo";"19:00:00";"SC";101;"185";"BIGUACU";"Falta de atenção";"Colisão Transversal";"Sem Vítimas";"Plena noite";"Crescente";"Ceu Claro";"Dupla";"Reta";"Urbano";2;0;0;0;2;0;0;2
83472911;"10/06/16";"Sexta";"17:00:00";"TO";153;"274";"BRASILANDIA DO TOCANTINS";"Outras";"Saída de Pista";"Com Vítimas Feridas";"Anoitecer";"Crescente";"Ceu Claro";"Simples";"Reta";"Rural";3;0;1;2;0;0;3;1
83472912;"12/06/16";"Domingo";"17:20:00";"SC";282;"519,8";"XAXIM";"Falta de atenção";"Colisão frontal";"Com Vítimas Fatais";"Anoitecer";"Decrescente";"Ceu Claro";"Simples";"Reta";"Urbano";8;1;1;5;1;0;6;3
83472913;"12/06/16";"Domingo";"19:30:00";"ES";101;"295";"CARIACICA";"Outras";"Colisão com objeto fixo";"Com Vítimas Feridas";"Plena noite";"Decrescente";"Nublado";"Dupla";"Reta";"Urbano";2;0;0;2;0;0;2;1
83472915;"08/06/16";"Quarta";"07:20:00";"GO";70;"1";"AGUAS LINDAS DE GOIAS";"Falta de atenção";"Capotamento";"Com Vítimas Feridas";"Pleno dia";"Decrescente";"Sol";"Dupla";"Reta";"Rural";3;0;1;0;1;1;1;1
83472916;"12/06/16";"Domingo";"18:35:00";"RJ";465;"19";"NOVA IGUACU";"Outras";"Queda de motocicleta / bicicleta / veículo";"Com Vítimas Feridas";"Plena noite";"Decrescente";"Ceu Claro";"Simples";"Reta";"Urbano";1;0;0;1;0;0;1;1
83472917;"12/06/16";"Domingo";"16:00:00";"MG";354;"714,5";"CAXAMBU";"Velocidade incompatível";"Saída de Pista";"Sem Vítimas";"Pleno dia";"Crescente";"Sol";"Simples";"Curva";"Rural";1;0;0;0;1;0;0;1
83472918;"08/06/16";"Quarta";"22:20:00";"SC";282;"43,9";"AGUAS MORNAS";"Defeito mecânico em veículo";"Tombamento";"Sem Vítimas";"Plena noite";"Decrescente";"Nublado";"Simples";"Curva";"Rural";1;0;0;0;1;0;0;1
83472919;"12/06/16";"Domingo";"18:30:00";"GO";153;"436";"ANAPOLIS";"Ingestão de álcool";"Colisão frontal";"Com Vítimas Feridas";"Plena noite";"Crescente";"Ceu Claro";"Dupla";"Curva";"Urbano";3;0;1;1;1;0;2;2
83472920;"12/06/16";"Domingo";"18:00:00";"PR";376;"676";"TIJUCAS DO SUL";"Ingestão de álcool";"Colisão lateral";"Sem Vítimas";"Plena noite";"Decrescente";"Ceu Claro";"Dupla";"Reta";"Rural";2;0;0;0;2;0;0;2
83472921;"12/06/16";"Domingo";"16:15:00";"AL";104;"42";"UNIAO DOS PALMARES";"Outras";"Saída de Pista";"Sem Vítimas";"Pleno dia";"Decrescente";"Ceu Claro";"Simples";"Reta";"Urbano";1;0;0;0;1;0;0;1
83472922;"12/06/16";"Domingo";"18:30:00";"MG";365;"445";"GUIMARANIA";"Ingestão de álcool";"Colisão traseira";"Com Vítimas Feridas";"Plena noite";"Decrescente";"Ceu Claro";"Simples";"Reta";"Rural";3;0;1;0;2;0;1;2
83472923;"12/06/16";"Domingo";"16:36:00";"RN";101;"83";"SAO GONCALO DO AMARANTE";"Falta de atenção";"Colisão lateral";"Com Vítimas Feridas";"Anoitecer";"Crescente";"Ceu Claro";"Dupla";"Reta";"Urbano";2;0;0;1;0;1;1;2
83472924;"12/06/16";"Domingo";"17:00:00";"MT";163;"771";"SORRISO";"Ingestão de álcool";"Colisão Transversal";"Com Vítimas Feridas";"Pleno dia";"Decrescente";"Ceu Claro";"Simples";"Reta";"Rural";8;0;6;0;2;0;6;2
83472925;"12/06/16";"Domingo";"16:55:00";"PR";476;"114";"COLOMBO";"Falta de atenção";"Colisão Transversal";"Sem Vítimas";"Anoitecer";"Crescente";"Ceu Claro";"Simples";"Reta";"Urbano";2;0;0;0;2;0;0;2
83472926;"08/06/16";"Quarta";"16:30:00";"PA";230;"114";"MARABA";"Falta de atenção";"Colisão traseira";"Com Vítimas Feridas";"Pleno dia";"Crescente";"Ceu Claro";"Dupla";"Reta";"Urbano";2;0;1;0;1;0;1;2
83472927;"12/06/16";"Domingo";"18:20:00";"SC";101;"206";"SAO JOSE";"Defeito mecânico em veículo";"Queda de motocicleta / bicicleta / veículo";"Com Vítimas Feridas";"Plena noite";"Decrescente";"Ceu Claro";"Múltipla";"Reta";"Urbano";1;0;1;0;0;0;1;1
83472928;"12/06/16";"Domingo";"20:05:00";"PE";316;"42";"ARARIPINA";"Outras";"Colisão com bicicleta";"Com Vítimas Fatais";"Plena noite";"Decrescente";"Ceu Claro";"Simples";"Reta";"Rural";2;1;0;0;0;1;0;2
83472929;"12/06/16";"Domingo";"09:00:00";"SC";470;"94,5";"APIUNA";"Falta de atenção";"Colisão traseira";"Com Vítimas Feridas";"Pleno dia";"Decrescente";"Ceu Claro";"Dupla";"Reta";"Urbano";3;0;3;0;0;0;3;2
83472930;"12/06/16";"Domingo";"18:00:00";"AL";104;"33";"UNIAO DOS PALMARES";"Outras";"Atropelamento de pessoa";"Com Vítimas Feridas";"Plena noite";"Crescente";"Ceu Claro";"Simples";"Reta";"Urbano";3;0;2;1;0;0;3;1
83472931;"12/06/16";"Domingo";"19:20:00";"PE";232;"99,5";"BEZERROS";"Não guardar distância de segurança";"Colisão traseira";"Com Vítimas Feridas";"Plena noite";"Decrescente";"Ceu Claro";"Dupla";"Reta";"Urbano";9;0;6;0;2;1;6;2
83472932;"12/06/16";"Domingo";"21:10:00";"PE";316;"307";"FLORESTA";"Animais na Pista";"Atropelamento de animal";"Sem Vítimas";"Plena noite";"Crescente";"Ceu Claro";"Simples";"Reta";"Rural";1;0;0;0;1;0;0;1
83472933;"11/06/16";"Sábado";"20:44:00";"MS";158;"338,3";"BRASILANDIA";"Ingestão de álcool";"Colisão Transversal";"Com Vítimas Feridas";"Plena noite";"Crescente";"Ceu Claro";"Simples";"Cruzamento";"Urbano";2;0;1;0;1;0;1;2
83472934;"12/06/16";"Domingo";"21:10:00";"PR";277;"112,4";"CAMPO LARGO";"Ingestão de álcool";"Saída de Pista";"Sem Vítimas";"Plena noite";"Decrescente";"Ceu Claro";"Dupla";"Reta";"Urbano";1;0;0;0;1;0;0;1
83472935;"12/06/16";"Domingo";"21:00:00";"RJ";40;"120";"DUQUE DE CAXIAS";"Outras";"Atropelamento de pessoa";"Com Vítimas Fatais";"Plena noite";"Crescente";"Nublado";"Múltipla";"Reta";"Urbano";2;1;0;0;0;1;0;1
83472936;"12/06/16";"Domingo";"21:10:00";"PR";376;"10";"MARINGA";"Outras";"Saída de Pista";"Com Vítimas Feridas";"Plena noite";"Crescente";"Ceu Claro";"Dupla";"Reta";"Rural";1;0;1;0;0;0;1;1
83472937;"12/06/16";"Domingo";"21:10:00";"PE";316;"236";"SALGUEIRO";"Animais na Pista";"Atropelamento de animal";"Ignorado";"Plena noite";"Crescente";"Ignorada";"Simples";"Reta";"Rural";1;0;0;0;0;1;0;1
83472938;"12/06/16";"Domingo";"19:40:00";"SP";153;"286,9";"OCAUCU";"Falta de atenção";"Colisão lateral";"Com Vítimas Feridas";"Plena noite";"Decrescente";"Ceu Claro";"Simples";"Reta";"Rural";4;0;2;0;1;1;2;2
83472939;"12/06/16";"Domingo";"10:30:00";"MG";116;"523";"CARATINGA";"Falta de atenção";"Queda de motocicleta / bicicleta / veículo";"Com Vítimas Feridas";"Pleno dia";"Decrescente";"Nublado";"Simples";"Reta";"Rural";1;0;1;0;0;0;1;1
83472940;"12/06/16";"Domingo";"22:40:00";"BA";101;"367";"GANDU";"Falta de atenção";"Colisão com bicicleta";"Com Vítimas Feridas";"Plena noite";"Crescente";"Ceu Claro";"Simples";"Reta";"Urbano";2;0;1;1;0;0;2;2
83472941;"12/06/16";"Domingo";"22:00:00";"RS";153;"30,4";"TRES ARROIOS";"Dormindo";"Tombamento";"Com Vítimas Feridas";"Plena noite";"Decrescente";"Ceu Claro";"Simples";"Curva";"Rural";1;0;1;0;0;0;1;1
83472942;"12/06/16";"Domingo";"20:30:00";"SC";101;"206";"SAO JOSE";"Ingestão de álcool";"Colisão traseira";"Com Vítimas Feridas";"Plena noite";"Crescente";"Ceu Claro";"Múltipla";"Reta";"Urbano";5;0;3;0;2;0;3;3
83472943;"10/06/16";"Sexta";"02:05:00";"SP";101;"47,2";"UBATUBA";"Falta de atenção";"Saída de Pista";"Sem Vítimas";"Plena noite";"Crescente";"Nublado";"Simples";"Curva";"Urbano";1;0;0;0;1;0;0;1
83472944;"12/06/16";"Domingo";"18:20:00";"SC";116;"68,2";"MONTE CASTELO";"Falta de atenção";"Colisão Transversal";"Com Vítimas Feridas";"Plena noite";"Decrescente";"Ceu Claro";"Simples";"Reta";"Rural";3;0;2;0;1;0;2;2
83472945;"12/06/16";"Domingo";"20:15:00";"SC";101;"207";"SAO JOSE";"Falta de atenção";"Colisão traseira";"Com Vítimas Feridas";"Plena noite";"Crescente";"Ceu Claro";"Múltipla";"Reta";"Urbano";3;0;1;0;1;1;1;2
83472946;"12/06/16";"Domingo";"20:00:00";"MG";116;"727,6";"MURIAE";"Defeito mecânico em veículo";"Saída de Pista";"Com Vítimas Feridas";"Plena noite";"Decrescente";"Nublado";"Simples";"Curva";"Rural";1;0;1;0;0;0;1;1
83472948;"12/06/16";"Domingo";"21:15:00";"SC";101;"412,2";"ARARANGUA";"Falta de atenção";"Colisão Transversal";"Com Vítimas Feridas";"Plena noite";"Decrescente";"Nublado";"Simples";"Cruzamento";"Urbano";2;0;0;1;1;0;1;2
83472949;"12/06/16";"Domingo";"15:10:00";"RN";427;"1,3";"CURRAIS NOVOS";"Falta de atenção";"Colisão Transversal";"Sem Vítimas";"Pleno dia";"Crescente";"Ceu Claro";"Simples";"Reta";"Rural";2;0;0;0;2;0;0;2
83472950;"12/06/16";"Domingo";"09:00:00";"GO";60;"10,6";"APARECIDA DE GOIANIA";"Velocidade incompatível";"Colisão lateral";"Com Vítimas Feridas";"Pleno dia";"Decrescente";"Sol";"Dupla";"Reta";"Urbano";3;0;2;0;1;0;2;2
83472951;"06/06/16";"Segunda";"12:05:00";"SP";116;"230";"SAO PAULO";"Falta de atenção";"Colisão lateral";"Sem Vítimas";"Pleno dia";"Crescente";"Sol";"Múltipla";"Reta";"Urbano";2;0;0;0;2;0;0;2
83472952;"12/06/16";"Domingo";"22:30:00";"RS";293;"137";"CANDIOTA";"Outras";"Saída de Pista";"Ignorado";"Plena noite";"Crescente";"Ceu Claro";"Simples";"Reta";"Rural";1;0;0;0;0;1;0;1
83472953;"12/06/16";"Domingo";"18:46:00";"SC";101;"164";"TIJUCAS";"Falta de atenção";"Colisão com objeto fixo";"Com Vítimas Feridas";"Plena noite";"Decrescente";"Ceu Claro";"Dupla";"Reta";"Rural";1;0;1;0;0;0;1;1
83472954;"12/06/16";"Domingo";"23:30:00";"PR";272;"363";"CAMPO MOURAO";"Falta de atenção";"Atropelamento de pessoa";"Sem Vítimas";"Plena noite";"Crescente";"Ceu Claro";"Dupla";"Reta";"Urbano";2;0;0;0;2;0;0;1
83472955;"12/06/16";"Domingo";"17:10:00";"PR";467;"106,5";"CASCAVEL";"Não guardar distância de segurança";"Colisão traseira";"Sem Vítimas";"Pleno dia";"Crescente";"Ceu Claro";"Dupla";"Curva";"Rural";2;0;0;0;1;1;0;2
83472956;"12/06/16";"Domingo";"22:16:00";"PR";277;"675";"MEDIANEIRA";"Outras";"Capotamento";"Com Vítimas Feridas";"Plena noite";"Decrescente";"Ceu Claro";"Dupla";"Reta";"Rural";2;0;1;1;0;0;2;1
83472957;"09/06/16";"Quinta";"03:30:00";"MG";381;"265";"TIMOTEO";"Falta de atenção";"Saída de Pista";"Com Vítimas Feridas";"Plena noite";"Decrescente";"Chuva";"Simples";"Reta";"Rural";1;0;1;0;0;0;1;1
83472958;"12/06/16";"Domingo";"19:05:00";"PR";476;"119,3";"COLOMBO";"Falta de atenção";"Atropelamento de pessoa";"Com Vítimas Feridas";"Plena noite";"Crescente";"Nublado";"Dupla";"Reta";"Urbano";2;0;0;1;1;0;1;1
83472960;"12/06/16";"Domingo";"08:10:00";"CE";20;"320";"CARIDADE";"Defeito na via";"Saída de Pista";"Com Vítimas Feridas";"Pleno dia";"Crescente";"Ceu Claro";"Simples";"Reta";"Urbano";2;0;1;0;1;0;1;1
83472961;"12/06/16";"Domingo";"23:20:00";"PR";277;"0";"FOZ DO IGUACU";"Outras";"Colisão com objeto fixo";"Com Vítimas Feridas";"Plena noite";"Crescente";"Ceu Claro";"Dupla";"Reta";"Urbano";1;0;1;0;0;0;1;1
83472963;"12/06/16";"Domingo";"23:38:00";"RJ";101;"96,2";"CAMPOS DOS GOYTACAZES";"Outras";"Colisão com objeto fixo";"Sem Vítimas";"Plena noite";"Decrescente";"Nublado";"Simples";"Curva";"Rural";1;0;0;0;1;0;0;1
83472964;"12/06/16";"Domingo";"17:45:00";"PB";101;"73,4";"SANTA RITA";"Desobediência à sinalização";"Colisão traseira";"Sem Vítimas";"Anoitecer";"Crescente";"Ceu Claro";"Dupla";"Reta";"Rural";2;0;0;0;2;0;0;2
83472965;"12/06/16";"Domingo";"22:20:00";"MG";116;"579,1";"MANHUACU";"Velocidade incompatível";"Saída de Pista";"Com Vítimas Feridas";"Plena noite";"Decrescente";"Nublado";"Simples";"Curva";"Rural";1;0;0;1;0;0;1;1
83472966;"12/06/16";"Domingo";"15:00:00";"SP";116;"371";"MIRACATU";"Falta de atenção";"Colisão traseira";"Sem Vítimas";"Pleno dia";"Crescente";"Sol";"Dupla";"Curva";"Rural";2;0;0;0;1;1;0;2
83472967;"12/06/16";"Domingo";"21:20:00";"MG";116;"413,9";"GOVERNADOR VALADARES";"Desobediência à sinalização";"Colisão frontal";"Com Vítimas Fatais";"Plena noite";"Decrescente";"Nublado";"Simples";"Reta";"Urbano";2;1;0;1;0;0;1;2
83472968;"12/06/16";"Domingo";"18:20:00";"MG";153;"2";"ARAPORA";"Desobediência à sinalização";"Colisão traseira";"Com Vítimas Feridas";"Anoitecer";"Decrescente";"Ceu Claro";"Dupla";"Reta";"Urbano";3;0;1;0;2;0;1;2
83472969;"13/06/16";"Segunda";"01:40:00";"SE";235;"55";"ITABAIANA";"Velocidade incompatível";"Colisão traseira";"Com Vítimas Feridas";"Plena noite";"Crescente";"Ignorada";"Simples";"Reta";"Urbano";3;0;1;0;2;0;1;2
83472970;"12/06/16";"Domingo";"19:00:00";"RN";226;"128";"CAMPO REDONDO";"Defeito mecânico em veículo";"Colisão com objeto móvel";"Sem Vítimas";"Plena noite";"Decrescente";"Ceu Claro";"Simples";"Reta";"Rural";2;0;0;0;2;0;0;2