"id";"data_inversa";"dia_semana";"horario";"uf";"br";"km";"municipio";"causa_acidente";"tipo_acidente";"classificacao_acidente";"fase_dia";"sentido_via";"condicao_metereologica";"tipo_pista";"tracado_via";"uso_solo";"pessoas";"mortos";"feridos_leves";"feridos_graves";"ilesos";"ignorados";"feridos";"veiculos"
83472971;"13/06/16";"Segunda";"01:10:00";"BA";116;"25";"VITORIA DA CONQUISTA";"Dormindo";"Saída de Pista";"Sem Vítimas";"Plena noite";"Crescente";"Nevoeiro/neblina";"Simples";"Curva";"Urbano";1;0;0;0;1;0;0;1
83472972;"12/06/16";"Domingo";"19:40:00";"ES";262;"56,5";"MARECHAL FLORIANO";"Falta de atenção";"Colisão lateral";"Com Vítimas Feridas";"Plena noite";"Decrescente";"Nublado";"Simples";"Curva";"Rural";2;0;0;1;1;0;1;2
83472973;"12/06/16";"Domingo";"18:00:00";"PB";104;"163,7";"BARRA DE SANTANA";"Falta de atenção";"Colisão lateral";"Sem Vítimas";"Anoitecer";"Decrescente";"Ceu Claro";"Simples";"Reta";"Rural";2;0;0;0;1;1;0;2
83472974;"13/06/16";"Segunda";"00:52:00";"MG";381;"782";"CAMPANHA";"Dormindo";"Saída de Pista";"Sem Vítimas";"Plena noite";"Decrescente";"Ceu Claro";"Dupla";"Curva";"Rural";1;0;0;0;1;0;0;1
83472975;"12/06/16";"Domingo";"18:45:00";"PR";373;"446,6";"CHOPINZINHO";"Outras";"Colisão frontal";"Com Vítimas Fatais";"Plena noite";"Decrescente";"Ceu Claro";"Simples";"Curva";"Rural";3;1;1;1;0;0;2;2
83472976;"12/06/16";"Domingo";"13:50:00";"PR";376;"590";"CURITIBA";"Falta de atenção";"Capotamento";"Com Vítimas Feridas";"Plena noite";"Crescente";"Ceu Claro";"Dupla";"Reta";"Urbano";4;0;4;0;0;0;4;1
83472977;"12/06/16";"Domingo";"11:30:00";"BA";242;"404";"SEABRA";"Falta de atenção";"Colisão lateral";"Com Vítimas Feridas";"Pleno dia";"Crescente";"Sol";"Simples";"Curva";"Rural";2;0;1;0;1;0;1;2
83472978;"12/06/16";"Domingo";"11:40:00";"CE";222;"8,5";"FORTALEZA";"Falta de atenção";"Colisão lateral";"Com Vítimas Feridas";"Pleno dia";"Crescente";"Ceu Claro";"Dupla";"Reta";"Urbano";2;0;0;1;1;0;1;2
83472980;"04/06/16";"Sábado";"22:10:00";"RN";304;"284,8";"MACAIBA";"Outras";"Colisão frontal";"Com Vítimas Feridas";"Plena noite";"Crescente";"Chuva";"Simples";"Reta";"Rural";3;0;0;2;1;0;2;2
83472981;"13/06/16";"Segunda";"03:00:00";"CE";116;"14";"FORTALEZA";"Não guardar distância de segurança";"Colisão traseira";"Sem Vítimas";"Amanhecer";"Decrescente";"Ceu Claro";"Dupla";"Reta";"Urbano";2;0;0;0;1;1;0;2
83472982;"12/06/16";"Domingo";"22:20:00";"MS";163;"569,7";"BANDEIRANTES";"Ingestão de álcool";"Saída de Pista";"Sem Vítimas";"Plena noite";"Decrescente";"Ceu Claro";"Simples";"Curva";"Rural";1;0;0;0;1;0;0;1
83472983;"12/06/16";"Domingo";"18:30:00";"PR";373;"230,5";"IMBITUVA";"Outras";"Colisão lateral";"Sem Vítimas";"Plena noite";"Crescente";"Ceu Claro";"Simples";"Reta";"Urbano";2;0;0;0;2;0;0;2
83472984;"12/06/16";"Domingo";"21:40:00";"MG";116;"1,7";"DIVISA ALEGRE";"Dormindo";"Capotamento";"Com Vítimas Feridas";"Plena noite";"Decrescente";"Ceu Claro";"Simples";"Reta";"Rural";1;0;0;1;0;0;1;1
83472985;"12/06/16";"Domingo";"15:30:00";"PE";424;"50,8";"CAETES";"Ultrapassagem indevida";"Colisão frontal";"Com Vítimas Feridas";"Pleno dia";"Crescente";"Ceu Claro";"Simples";"Curva";"Rural";10;0;2;7;0;1;9;3
83472986;"12/06/16";"Domingo";"20:20:00";"MG";116;"208";"CATUJI";"Ingestão de álcool";"Colisão com bicicleta";"Com Vítimas Feridas";"Plena noite";"Decrescente";"Chuva";"Simples";"Reta";"Urbano";4;0;4;0;0;0;4;3
83472987;"13/06/16";"Segunda";"00:40:00";"MA";222;"315";"VITORIA DO MEARIM";"Defeito na via";"Queda de motocicleta / bicicleta / veículo";"Com Vítimas Feridas";"Plena noite";"Decrescente";"Ceu Claro";"Simples";"Reta";"Rural";1;0;0;1;0;0;1;1
83472988;"12/06/16";"Domingo";"16:35:00";"PR";376;"97,9";"PARANAVAI";"Falta de atenção";"Colisão frontal";"Com Vítimas Feridas";"Pleno dia";"Crescente";"Sol";"Simples";"Reta";"Rural";7;0;6;1;0;0;7;2
83472989;"12/06/16";"Domingo";"20:50:00";"GO";153;"514,1";"APARECIDA DE GOIANIA";"Desobediência à sinalização";"Colisão Transversal";"Sem Vítimas";"Plena noite";"Decrescente";"Ceu Claro";"Dupla";"Cruzamento";"Urbano";3;0;0;0;2;1;0;2
83472990;"12/06/16";"Domingo";"20:50:00";"PR";163;"168,7";"LINDOESTE";"Ingestão de álcool";"Colisão Transversal";"Com Vítimas Feridas";"Plena noite";"Crescente";"Ceu Claro";"Simples";"Reta";"Urbano";3;0;1;0;2;0;1;2
83472991;"12/06/16";"Domingo";"22:27:00";"PE";428;"186,7";"PETROLINA";"Ingestão de álcool";"Colisão Transversal";"Com Vítimas Feridas";"Plena noite";"Decrescente";"Ceu Claro";"Simples";"Reta";"Urbano";4;0;0;2;2;0;2;3
83472992;"12/06/16";"Domingo";"21:50:00";"RO";364;"345";"JI-PARANA";"Falta de atenção";"Colisão lateral";"Com Vítimas Feridas";"Plena noite";"Decrescente";"Ceu Claro";"Dupla";"Curva";"Urbano";3;0;1;0;2;0;1;2
83472993;"12/06/16";"Domingo";"14:50:00";"PR";277;"95,6";"CURITIBA";"Ingestão de álcool";"Colisão lateral";"Com Vítimas Feridas";"Pleno dia";"Decrescente";"Ceu Claro";"Dupla";"Curva";"Urbano";3;0;1;0;2;0;1;3
83472994;"13/06/16";"Segunda";"04:45:00";"RS";386;"98,5";"SAO JOSE DAS MISSOES";"Ingestão de álcool";"Saída de Pista";"Com Vítimas Feridas";"Plena noite";"Crescente";"Ceu Claro";"Simples";"Reta";"Rural";1;0;1;0;0;0;1;1
83472995;"12/06/16";"Domingo";"18:30:00";"RJ";116;"81";"TERESOPOLIS";"Outras";"Queda de motocicleta / bicicleta / veículo";"Com Vítimas Feridas";"Plena noite";"Decrescente";"Nublado";"Simples";"Reta";"Urbano";2;0;1;0;1;0;1;1
83472996;"12/06/16";"Domingo";"20:00:00";"RJ";116;"49";"TERESOPOLIS";"Outras";"Queda de motocicleta / bicicleta / veículo";"Com Vítimas Feridas";"Plena noite";"Decrescente";"Nublado";"Simples";"Reta";"Urbano";1;0;1;0;0;0;1;1
83472997;"13/06/16";"Segunda";"00:05:00";"RJ";101;"410";"ITAGUAI";"Velocidade incompatível";"Saída de Pista";"Com Vítimas Fatais";"Plena noite";"Crescente";"Ceu Claro";"Dupla";"Reta";"Urbano";1;1;0;0;0;0;0;1
83472998;"13/06/16";"Segunda";"02:25:00";"SC";282;"281,6";"SAO JOSE DO CERRITO";"Animais na Pista";"Atropelamento de animal";"Com Vítimas Feridas";"Plena noite";"Crescente";"Ceu Claro";"Simples";"Reta";"Rural";1;0;1;0;0;0;1;1
83472999;"12/06/16";"Domingo";"12:45:00";"SP";116;"391,8";"MIRACATU";"Dormindo";"Saída de Pista";"Com Vítimas Feridas";"Pleno dia";"Decrescente";"Ceu Claro";"Dupla";"Reta";"Rural";12;0;0;1;0;11;1;12
83473000;"09/06/16";"Quinta";"14:25:00";"PB";101;"62";"SANTA RITA";"Outras";"Incêndio";"Sem Vítimas";"Pleno dia";"Decrescente";"Ceu Claro";"Dupla";"Reta";"Rural";1;0;0;0;1;0;0;1
83473001;"08/06/16";"Quarta";"16:10:00";"SC";101;"105";"PENHA";"Falta de atenção";"Queda de motocicleta / bicicleta / veículo";"Com Vítimas Feridas";"Pleno dia";"Crescente";"Ceu Claro";"Dupla";"Reta";"Rural";2;0;2;0;0;0;2;1
83473002;"12/06/16";"Domingo";"22:20:00";"SC";470;"86,5";"RODEIO";"Ultrapassagem indevida";"Colisão frontal";"Com Vítimas Fatais";"Plena noite";"Decrescente";"Ceu Claro";"Dupla";"Curva";"Urbano";5;1;2;2;0;0;4;2
83473003;"12/06/16";"Domingo";"19:00:00";"SC";101;"133";"BALNEARIO CAMBORIU";"Falta de atenção";"Colisão traseira";"Com Vítimas Feridas";"Anoitecer";"Decrescente";"Ceu Claro";"Dupla";"Reta";"Urbano";4;0;2;0;2;0;2;3
83473004;"09/06/16";"Quinta";"17:40:00";"ES";101;"270";"SERRA";"Falta de atenção";"Atropelamento de pessoa";"Com Vítimas Feridas";"Anoitecer";"Decrescente";"Nublado";"Dupla";"Reta";"Urbano";2;0;0;1;1;0;1;1
83473005;"12/06/16";"Domingo";"21:00:00";"ES";101;"126";"SOORETAMA";"Outras";"Colisão traseira";"Com Vítimas Feridas";"Plena noite";"Decrescente";"Ceu Claro";"Simples";"Reta";"Urbano";3;0;2;0;1;0;2;2
83473006;"13/05/16";"Sexta";"11:10:00";"CE";20;"410,9";"CAUCAIA";"Outras";"Colisão frontal";"Com Vítimas Fatais";"Pleno dia";"Decrescente";"Sol";"Simples";"Reta";"Urbano";3;1;0;0;2;0;0;3
83473007;"09/06/16";"Quinta";"20:00:00";"MG";267;"360,2";"CAMPANHA";"Velocidade incompatível";"Tombamento";"Com Vítimas Feridas";"Plena noite";"Decrescente";"Ceu Claro";"Simples";"Curva";"Rural";1;0;1;0;0;0;1;1
83473008;"13/06/16";"Segunda";"04:00:00";"PR";277;"108";"CAMPO LARGO";"Falta de atenção";"Colisão lateral";"Com Vítimas Feridas";"Plena noite";"Decrescente";"Ceu Claro";"Dupla";"Curva";"Urbano";3;0;1;0;1;1;1;2
83473009;"12/06/16";"Domingo";"19:30:00";"MG";40;"339,5";"FELIXLANDIA";"Falta de atenção";"Capotamento";"Sem Vítimas";"Plena noite";"Crescente";"Ceu Claro";"Simples";"Reta";"Rural";1;0;0;0;1;0;0;1
83473010;"05/06/16";"Domingo";"22:00:00";"BA";367;"0";"PORTO SEGURO";"Ingestão de álcool";"Colisão frontal";"Com Vítimas Fatais";"Plena noite";"Crescente";"Ceu Claro";"Simples";"Curva";"Rural";5;1;1;3;0;0;4;2
83473011;"09/06/16";"Quinta";"07:20:00";"SC";470;"144,6";"RIO DO SUL";"Falta de atenção";"Colisão traseira";"Sem Vítimas";"Pleno dia";"Decrescente";"Nublado";"Simples";"Reta";"Urbano";2;0;0;0;2;0;0;2
83473012;"12/06/16";"Domingo";"23:10:00";"AL";316;"82";"SANTANA DO IPANEMA";"Animais na Pista";"Atropelamento de animal";"Com Vítimas Feridas";"Plena noite";"Crescente";"Nublado";"Dupla";"Reta";"Urbano";1;0;0;1;0;0;1;1
83473013;"08/06/16";"Quarta";"17:45:00";"SC";101;"214,3";"PALHOCA";"Ultrapassagem indevida";"Colisão lateral";"Com Vítimas Feridas";"Anoitecer";"Decrescente";"Ceu Claro";"Múltipla";"Reta";"Urbano";2;0;1;0;1;0;1;2
83473014;"13/06/16";"Segunda";"06:45:00";"MG";356;"268";"MURIAE";"Falta de atenção";"Colisão lateral";"Com Vítimas Feridas";"Pleno dia";"Crescente";"Nublado";"Simples";"Curva";"Urbano";3;0;1;0;2;0;1;2
83473015;"13/06/16";"Segunda";"06:50:00";"MG";381;"533,2";"ITATIAIUCU";"Velocidade incompatível";"Derramamento de Carga";"Sem Vítimas";"Pleno dia";"Decrescente";"Nublado";"Dupla";"Curva";"Rural";1;0;0;0;1;0;0;1
83473016;"09/06/16";"Quinta";"17:10:00";"SC";470;"15";"NAVEGANTES";"Outras";"Atropelamento de pessoa";"Com Vítimas Feridas";"Anoitecer";"Decrescente";"Nublado";"Simples";"Curva";"Rural";2;0;0;1;1;0;1;1
83473017;"13/06/16";"Segunda";"06:40:00";"PR";376;"182";"MARINGA";"Outras";"Queda de motocicleta / bicicleta / veículo";"Com Vítimas Feridas";"Pleno dia";"Decrescente";"Sol";"Dupla";"Cruzamento";"Urbano";2;0;0;1;1;0;1;2
83473018;"13/06/16";"Segunda";"05:00:00";"PR";116;"18,5";"ANTONINA";"Velocidade incompatível";"Colisão traseira";"Com Vítimas Feridas";"Plena noite";"Crescente";"Nevoeiro/neblina";"Dupla";"Reta";"Rural";2;0;0;1;1;0;1;2
83473019;"11/06/16";"Sábado";"23:40:00";"RS";290;"246,5";"CACHOEIRA DO SUL";"Ingestão de álcool";"Saída de Pista";"Sem Vítimas";"Plena noite";"Crescente";"Ceu Claro";"Simples";"Reta";"Rural";1;0;0;0;1;0;0;1
83473020;"13/06/16";"Segunda";"07:15:00";"SC";101;"36,9";"JOINVILLE";"Ultrapassagem indevida";"Colisão lateral";"Sem Vítimas";"Pleno dia";"Decrescente";"Sol";"Simples";"Reta";"Urbano";3;0;0;0;3;0;0;3
83473021;"19/04/16";"Terça";"10:40:00";"RN";110;"91";"UPANEMA";"Falta de atenção";"Colisão traseira";"Com Vítimas Feridas";"Pleno dia";"Crescente";"Ceu Claro";"Simples";"Reta";"Rural";3;0;1;1;0;1;2;2
83473022;"05/06/16";"Domingo";"16:00:00";"MG";40;"793,3";"JUIZ DE FORA";"Outras";"Capotamento";"Ignorado";"Pleno dia";"Crescente";"Ceu Claro";"Dupla";"Curva";"Rural";1;0;0;0;0;1;0;1
83473023;"05/06/16";"Domingo";"07:45:00";"PA";316;"11";"MARITUBA";"Falta de atenção";"Colisão traseira";"Com Vítimas Feridas";"Pleno dia";"Decrescente";"Ceu Claro";"Simples";"Reta";"Urbano";4;0;2;0;2;0;2;2
83473024;"12/06/16";"Domingo";"22:10:00";"MG";40;"632";"CONSELHEIRO LAFAIETE";"Desobediência à sinalização";"Colisão Transversal";"Com Vítimas Feridas";"Plena noite";"Crescente";"Ceu Claro";"Simples";"Reta";"Urbano";2;0;1;0;1;0;1;2
83473025;"08/06/16";"Quarta";"15:40:00";"PR";476;"300";"SAO MATEUS DO SUL";"Outras";"Tombamento";"Com Vítimas Feridas";"Pleno dia";"Crescente";"Ceu Claro";"Simples";"Reta";"Rural";1;0;1;0;0;0;1;1
83473026;"06/06/16";"Segunda";"05:00:00";"PE";407;"129";"PETROLINA";"Outras";"Queda de motocicleta / bicicleta / veículo";"Com Vítimas Feridas";"Amanhecer";"Crescente";"Ceu Claro";"Dupla";"Reta";"Urbano";1;0;1;0;0;0;1;1
83473027;"04/06/16";"Sábado";"20:10:00";"DF";20;"17";"BRASILIA";"Falta de atenção";"Colisão com objeto fixo";"Sem Vítimas";"Plena noite";"Crescente";"Ceu Claro";"Dupla";"Reta";"Urbano";2;0;0;0;2;0;0;1
83473028;"09/06/16";"Quinta";"15:00:00";"CE";116;"5,5";"FORTALEZA";"Falta de atenção";"Colisão traseira";"Sem Vítimas";"Pleno dia";"Decrescente";"Ceu Claro";"Simples";"Curva";"Urbano";2;0;0;0;2;0;0;2
83473030;"13/06/16";"Segunda";"00:01:00";"SP";116;"173,9";"JACAREI";"Outras";"Colisão com objeto fixo";"Ignorado";"Plena noite";"Crescente";"Ceu Claro";"Dupla";"Reta";"Rural";1;0;0;0;0;1;0;1
83473031;"13/06/16";"Segunda";"07:10:00";"RS";116;"147,4";"CAXIAS DO SUL";"Falta de atenção";"Colisão traseira";"Sem Vítimas";"Pleno dia";"Crescente";"Ceu Claro";"Dupla";"Reta";"Urbano";2;0;0;0;2;0;0;2
83473032;"13/06/16";"Segunda";"07:20:00";"MG";354;"740";"POUSO ALTO";"Não guardar distância de segurança";"Colisão traseira";"Sem Vítimas";"Pleno dia";"Crescente";"Ceu Claro";"Simples";"Reta";"Rural";2;0;0;0;2;0;0;2
83473033;"12/06/16";"Domingo";"22:30:00";"RJ";116;"189";"QUEIMADOS";"Outras";"Capotamento";"Com Vítimas Feridas";"Plena noite";"Decrescente";"Ceu Claro";"Dupla";"Curva";"Urbano";2;0;1;0;1;0;1;1
83473034;"09/06/16";"Quinta";"19:45:00";"CE";20;"420";"MARACANAU";"Outras";"Atropelamento de pessoa";"Com Vítimas Feridas";"Plena noite";"Crescente";"Ceu Claro";"Dupla";"Reta";"Urbano";2;0;0;1;1;0;1;1
83473035;"10/06/16";"Sexta";"18:20:00";"SP";116;"355";"MIRACATU";"Velocidade incompatível";"Colisão traseira";"Com Vítimas Feridas";"Plena noite";"Decrescente";"Nublado";"Simples";"Reta";"Rural";3;0;1;1;1;0;2;2
83473036;"10/06/16";"Sexta";"09:40:00";"AL";104;"58";"MURICI";"Desobediência à sinalização";"Colisão Transversal";"Sem Vítimas";"Pleno dia";"Crescente";"Ceu Claro";"Simples";"Reta";"Urbano";2;0;0;0;2;0;0;2
83473037;"10/06/16";"Sexta";"00:05:00";"RS";153;"618,6";"BAGE";"Falta de atenção";"Tombamento";"Sem Vítimas";"Plena noite";"Crescente";"Ceu Claro";"Simples";"Curva";"Rural";1;0;0;0;1;0;0;1
83473038;"10/06/16";"Sexta";"00:10:00";"MG";262;"29,9";"REDUTO";"Ingestão de álcool";"Colisão frontal";"Com Vítimas Feridas";"Plena noite";"Crescente";"Nublado";"Simples";"Reta";"Rural";3;0;1;2;0;0;3;2
83473039;"11/06/16";"Sábado";"02:00:00";"MT";70;"7";"BARRA DO GARCAS";"Falta de atenção";"Colisão lateral";"Com Vítimas Feridas";"Plena noite";"Crescente";"Ceu Claro";"Simples";"Reta";"Urbano";3;0;2;0;1;0;2;2
83473040;"12/06/16";"Domingo";"04:50:00";"SE";235;"42";"ITABAIANA";"Ingestão de álcool";"Colisão traseira";"Sem Vítimas";"Amanhecer";"Decrescente";"Ceu Claro";"Simples";"Reta";"Urbano";2;0;0;0;2;0;0;2
83473041;"11/06/16";"Sábado";"12:20:00";"MG";50;"69";"UBERLANDIA";"Falta de atenção";"Colisão lateral";"Sem Vítimas";"Pleno dia";"Decrescente";"Ceu Claro";"Dupla";"Reta";"Urbano";4;0;0;0;4;0;0;2
83473042;"13/06/16";"Segunda";"07:30:00";"PR";476;"146,5";"CURITIBA";"Não guardar distância de segurança";"Colisão traseira";"Sem Vítimas";"Amanhecer";"Decrescente";"Ceu Claro";"Dupla";"Reta";"Urbano";4;0;0;0;4;0;0;4
83473043;"13/06/16";"Segunda";"08:34:00";"SP";116;"210,5";"GUARULHOS";"Falta de atenção";"Colisão lateral";"Sem Vítimas";"Pleno dia";"Crescente";"Ceu Claro";"Dupla";"Reta";"Urbano";2;0;0;0;1;1;0;2
83473044;"11/06/16";"Sábado";"00:40:00";"GO";70;"32";"COCALZINHO DE GOIAS";"Outras";"Queda de motocicleta / bicicleta / veículo";"Com Vítimas Feridas";"Plena noite";"Crescente";"Ceu Claro";"Simples";"Reta";"Urbano";4;0;2;0;1;1;2;3
83473045;"13/06/16";"Segunda";"08:00:00";"SC";101;"32,5";"JOINVILLE";"Falta de atenção";"Tombamento";"Com Vítimas Feridas";"Pleno dia";"Crescente";"Ceu Claro";"Dupla";"Reta";"Urbano";2;0;2;0;0;0;2;1
83473046;"13/06/16";"Segunda";"08:40:00";"RS";386;"178";"CARAZINHO";"Falta de atenção";"Colisão Transversal";"Sem Vítimas";"Pleno dia";"Decrescente";"Ceu Claro";"Simples";"Reta";"Urbano";2;0;0;0;2;0;0;2
83473047;"05/06/16";"Domingo";"14:00:00";"RS";386;"223,2";"SOLEDADE";"Falta de atenção";"Colisão traseira";"Com Vítimas Feridas";"Pleno dia";"Decrescente";"Nublado";"Simples";"Reta";"Rural";5;0;4;0;1;0;4;2
83473048;"09/06/16";"Quinta";"18:30:00";"SP";116;"280";"EMBU";"Falta de atenção";"Colisão traseira";"Sem Vítimas";"Anoitecer";"Decrescente";"Ceu Claro";"Dupla";"Reta";"Urbano";3;0;0;0;3;0;0;3
83473049;"10/06/16";"Sexta";"06:10:00";"RS";392;"140";"CANGUCU";"Desobediência à sinalização";"Colisão Transversal";"Sem Vítimas";"Amanhecer";"Crescente";"Chuva";"Simples";"Reta";"Rural";2;0;0;0;2;0;0;2
83473050;"10/06/16";"Sexta";"01:00:00";"DF";20;"18";"BRASILIA";"Dormindo";"Colisão traseira";"Com Vítimas Feridas";"Plena noite";"Decrescente";"Ceu Claro";"Dupla";"Reta";"Urbano";3;0;1;1;1;0;2;2
83473051;"13/06/16";"Segunda";"05:00:00";"RS";290;"574,3";"ALEGRETE";"Dormindo";"Colisão com objeto fixo";"Sem Vítimas";"Plena noite";"Crescente";"Ceu Claro";"Simples";"Reta";"Urbano";4;0;0;0;4;0;0;1
83473052;"01/06/16";"Quarta";"18:00:00";"SC";116;"95";"MONTE CASTELO";"Outras";"Colisão lateral";"Sem Vítimas";"Plena noite";"Crescente";"Chuva";"Simples";"Reta";"Rural";3;0;0;0;3;0;0;3
83473053;"08/06/16";"Quarta";"12:30:00";"BA";242;"826";"BARREIRAS";"Defeito mecânico em veículo";"Incêndio";"Sem Vítimas";"Pleno dia";"Crescente";"Sol";"Simples";"Reta";"Rural";1;0;0;0;1;0;0;1
83473054;"13/06/16";"Segunda";"08:02:00";"RS";392;"41";"RIO GRANDE";"Dormindo";"Saída de Pista";"Sem Vítimas";"Pleno dia";"Crescente";"Sol";"Dupla";"Reta";"Rural";1;0;0;0;1;0;0;1
83473055;"13/06/16";"Segunda";"09:30:00";"RS";285;"456,9";"IJUI";"Desobediência à sinalização";"Colisão Transversal";"Com Vítimas Feridas";"Pleno dia";"Crescente";"Sol";"Simples";"Cruzamento";"Urbano";2;0;1;0;1;0;1;2
83473056;"13/06/16";"Segunda";"09:00:00";"GO";60;"216";"VARJAO";"Outras";"Incêndio";"Sem Vítimas";"Pleno dia";"Crescente";"Sol";"Dupla";"Reta";"Rural";1;0;0;0;1;0;0;1
83473057;"13/06/16";"Segunda";"07:40:00";"PR";376;"168,4";"MARINGA";"Desobediência à sinalização";"Colisão Transversal";"Com Vítimas Feridas";"Pleno dia";"Crescente";"Ceu Claro";"Dupla";"Reta";"Rural";2;0;0;1;1;0;1;2
83473058;"10/06/16";"Sexta";"22:55:00";"RJ";116;"167";"SAO JOAO DE MERITI";"Desobediência à sinalização";"Colisão traseira";"Sem Vítimas";"Plena noite";"Crescente";"Ceu Claro";"Múltipla";"Reta";"Urbano";2;0;0;0;2;0;0;2
83473059;"12/06/16";"Domingo";"06:15:00";"RN";304;"283,1";"MACAIBA";"Falta de atenção";"Queda de motocicleta / bicicleta / veículo";"Com Vítimas Feridas";"Amanhecer";"Decrescente";"Sol";"Simples";"Reta";"Rural";1;0;1;0;0;0;1;1
83473060;"13/06/16";"Segunda";"07:30:00";"PR";373;"248,8";"GUAMIRANGA";"Ingestão de álcool";"Colisão traseira";"Com Vítimas Feridas";"Pleno dia";"Crescente";"Ceu Claro";"Simples";"Reta";"Urbano";3;0;1;0;2;0;1;3
83473061;"10/06/16";"Sexta";"05:00:00";"PR";272;"527,5";"FRANCISCO ALVES";"Dormindo";"Saída de Pista";"Sem Vítimas";"Plena noite";"Decrescente";"Ignorada";"Simples";"Reta";"Rural";1;0;0;0;1;0;0;1
83473062;"13/06/16";"Segunda";"09:30:00";"BA";367;"62,8";"PORTO SEGURO";"Falta de atenção";"Colisão Transversal";"Com Vítimas Feridas";"Pleno dia";"Decrescente";"Nublado";"Simples";"Reta";"Urbano";2;0;1;0;1;0;1;2
83473063;"13/06/16";"Segunda";"06:20:00";"PB";230;"25,5";"JOAO PESSOA";"Outras";"Colisão lateral";"Com Vítimas Feridas";"Pleno dia";"Crescente";"Ceu Claro";"Dupla";"Reta";"Urbano";2;0;0;1;0;1;1;2
83473064;"25/04/16";"Segunda";"19:15:00";"PR";116;"102";"SAO JOSE DOS PINHAIS";"Falta de atenção";"Colisão traseira";"Sem Vítimas";"Plena noite";"Crescente";"Chuva";"Dupla";"Reta";"Urbano";3;0;0;0;2;1;0;3
83473065;"11/06/16";"Sábado";"17:40:00";"MT";163;"11";"ITIQUIRA";"Falta de atenção";"Colisão lateral";"Sem Vítimas";"Anoitecer";"Decrescente";"Ceu Claro";"Dupla";"Reta";"Rural";2;0;0;0;2;0;0;2
83473066;"13/06/16";"Segunda";"07:15:00";"PB";230;"33";"BAYEUX";"Não guardar distância de segurança";"Colisão traseira";"Sem Vítimas";"Pleno dia";"Decrescente";"Ceu Claro";"Dupla";"Reta";"Urbano";3;0;0;0;3;0;0;3
83473067;"13/06/16";"Segunda";"08:00:00";"PR";277;"719,6";"FOZ DO IGUACU";"Outras";"Colisão traseira";"Com Vítimas Feridas";"Pleno dia";"Decrescente";"Ceu Claro";"Dupla";"Reta";"Urbano";3;0;1;0;1;1;1;2
83473068;"13/06/16";"Segunda";"07:20:00";"RS";285;"339";"CARAZINHO";"Falta de atenção";"Colisão frontal";"Sem Vítimas";"Pleno dia";"Crescente";"Sol";"Simples";"Reta";"Urbano";2;0;0;0;2;0;0;2
83473069;"05/06/16";"Domingo";"05:00:00";"BA";367;"68,5";"PORTO SEGURO";"Velocidade incompatível";"Saída de Pista";"Com Vítimas Fatais";"Plena noite";"Decrescente";"Ceu Claro";"Simples";"Curva";"Rural";1;1;0;0;0;0;0;1
83473070;"12/06/16";"Domingo";"05:10:00";"MT";70;"516";"VARZEA GRANDE";"Falta de atenção";"Atropelamento de pessoa";"Com Vítimas Feridas";"Amanhecer";"Crescente";"Nublado";"Simples";"Reta";"Urbano";2;0;0;1;1;0;1;1
83473071;"09/06/16";"Quinta";"21:10:00";"MG";50;"37";"ARAGUARI";"Falta de atenção";"Colisão traseira";"Com Vítimas Feridas";"Plena noite";"Crescente";"Ignorada";"Dupla";"Reta";"Urbano";2;0;0;1;1;0;1;2
83473072;"13/06/16";"Segunda";"09:45:00";"SC";470;"4";"NAVEGANTES";"Outras";"Colisão Transversal";"Sem Vítimas";"Pleno dia";"Crescente";"Ceu Claro";"Simples";"Cruzamento";"Urbano";2;0;0;0;2;0;0;2
83473073;"05/06/16";"Domingo";"05:00:00";"BA";367;"60";"PORTO SEGURO";"Velocidade incompatível";"Capotamento";"Ignorado";"Plena noite";"Decrescente";"Ceu Claro";"Simples";"Reta";"Rural";1;0;0;0;0;1;0;1
83473074;"13/06/16";"Segunda";"08:30:00";"TO";153;"196,1";"NOVA OLINDA";"Não guardar distância de segurança";"Colisão traseira";"Sem Vítimas";"Pleno dia";"Crescente";"Chuva";"Simples";"Reta";"Urbano";2;0;0;0;1;1;0;2
83473075;"05/06/16";"Domingo";"17:40:00";"BA";367;"62";"PORTO SEGURO";"Falta de atenção";"Colisão Transversal";"Com Vítimas Feridas";"Plena noite";"Crescente";"Ceu Claro";"Simples";"Reta";"Urbano";2;0;1;0;1;0;1;2
83473076;"13/06/16";"Segunda";"09:00:00";"ES";101;"285,5";"CARIACICA";"Desobediência à sinalização";"Colisão Transversal";"Com Vítimas Feridas";"Pleno dia";"Crescente";"Nublado";"Dupla";"Cruzamento";"Urbano";2;0;1;0;1;0;1;2
83473077;"13/06/16";"Segunda";"11:00:00";"PA";316;"3";"ANANINDEUA";"Defeito mecânico em veículo";"Colisão com objeto móvel";"Sem Vítimas";"Pleno dia";"Crescente";"Ceu Claro";"Simples";"Curva";"Urbano";4;0;0;0;4;0;0;4
83473078;"10/06/16";"Sexta";"01:00:00";"PR";376;"212";"MANDAGUARI";"Outras";"Atropelamento de pessoa";"Com Vítimas Fatais";"Plena noite";"Crescente";"Ceu Claro";"Dupla";"Reta";"Rural";2;1;0;0;1;0;0;1
83473079;"10/06/16";"Sexta";"07:10:00";"RJ";101;"484";"ANGRA DOS REIS";"Falta de atenção";"Colisão traseira";"Com Vítimas Feridas";"Pleno dia";"Decrescente";"Ceu Claro";"Simples";"Reta";"Rural";3;0;2;0;1;0;2;2