"id";"data_inversa";"dia_semana";"horario";"uf";"br";"km";"municipio";"causa_acidente";"tipo_acidente";"classificacao_acidente";"fase_dia";"sentido_via";"condicao_metereologica";"tipo_pista";"tracado_via";"uso_solo";"pessoas";"mortos";"feridos_leves";"feridos_graves";"ilesos";"ignorados";"feridos";"veiculos"
83473080;"13/06/16";"Segunda";"10:40:00";"RJ";101;"490";"ANGRA DOS REIS";"Outras";"Colisão traseira";"Com Vítimas Feridas";"Pleno dia";"Crescente";"Ceu Claro";"Simples";"Curva";"Rural";2;0;1;0;1;0;1;2
83473081;"13/06/16";"Segunda";"10:40:00";"RO";364;"346,2";"JI-PARANA";"Falta de atenção";"Colisão traseira";"Sem Vítimas";"Pleno dia";"Crescente";"Ceu Claro";"Simples";"Reta";"Urbano";2;0;0;0;2;0;0;2
83473082;"13/06/16";"Segunda";"07:30:00";"MG";267;"352";"CAMBUQUIRA";"Velocidade incompatível";"Saída de Pista";"Com Vítimas Fatais";"Amanhecer";"Crescente";"Ceu Claro";"Simples";"Curva";"Rural";2;1;1;0;0;0;1;1
83473083;"13/06/16";"Segunda";"09:00:00";"SE";101;"123,8";"ITAPORANGA DAJUDA";"Outras";"Atropelamento de pessoa";"Com Vítimas Feridas";"Pleno dia";"Crescente";"Ceu Claro";"Dupla";"Reta";"Rural";2;0;1;0;1;0;1;1
83473084;"13/06/16";"Segunda";"12:40:00";"PR";277;"4";"FOZ DO IGUACU";"Desobediência à sinalização";"Colisão traseira";"Sem Vítimas";"Pleno dia";"Crescente";"Sol";"Dupla";"Reta";"Urbano";2;0;0;0;2;0;0;2
83473085;"13/06/16";"Segunda";"06:45:00";"PB";230;"32,3";"BAYEUX";"Não guardar distância de segurança";"Colisão traseira";"Com Vítimas Feridas";"Pleno dia";"Decrescente";"Sol";"Dupla";"Reta";"Urbano";2;0;1;0;1;0;1;2
83473086;"13/06/16";"Segunda";"12:05:00";"SC";101;"227,1";"PALHOCA";"Não guardar distância de segurança";"Colisão Transversal";"Com Vítimas Feridas";"Pleno dia";"Decrescente";"Ceu Claro";"Simples";"Curva";"Urbano";2;0;1;0;1;0;1;2
83473087;"13/06/16";"Segunda";"12:30:00";"PR";369;"143,3";"LONDRINA";"Desobediência à sinalização";"Colisão traseira";"Com Vítimas Feridas";"Pleno dia";"Decrescente";"Sol";"Dupla";"Reta";"Urbano";4;0;1;0;3;0;1;2
83473088;"09/06/16";"Quinta";"08:40:00";"ES";262;"41,6";"DOMINGOS MARTINS";"Velocidade incompatível";"Colisão com objeto fixo";"Sem Vítimas";"Pleno dia";"Crescente";"Nublado";"Simples";"Curva";"Rural";1;0;0;0;1;0;0;1
83473089;"13/06/16";"Segunda";"14:00:00";"RS";290;"97";"PORTO ALEGRE";"Falta de atenção";"Colisão traseira";"Com Vítimas Feridas";"Pleno dia";"Crescente";"Ceu Claro";"Dupla";"Reta";"Urbano";3;0;1;0;2;0;1;2
83473090;"13/06/16";"Segunda";"10:45:00";"GO";153;"215,8";"URUACU";"Outras";"Colisão frontal";"Com Vítimas Fatais";"Pleno dia";"Decrescente";"Ceu Claro";"Simples";"Reta";"Rural";2;1;1;0;0;0;1;2
83473091;"13/06/16";"Segunda";"13:50:00";"SC";101;"134,3";"BALNEARIO CAMBORIU";"Falta de atenção";"Colisão traseira";"Com Vítimas Feridas";"Pleno dia";"Crescente";"Ceu Claro";"Simples";"Reta";"Urbano";2;0;1;0;1;0;1;2
83473092;"13/06/16";"Segunda";"06:50:00";"SE";101;"174";"SANTA LUZIA DO ITANHY";"Falta de atenção";"Colisão Transversal";"Sem Vítimas";"Pleno dia";"Crescente";"Sol";"Simples";"Curva";"Rural";2;0;0;0;2;0;0;2
83473093;"13/06/16";"Segunda";"07:15:00";"MG";50;"70";"UBERLANDIA";"Não guardar distância de segurança";"Colisão lateral";"Com Vítimas Feridas";"Pleno dia";"Decrescente";"Sol";"Dupla";"Reta";"Urbano";2;0;2;0;0;0;2;2
83473094;"13/06/16";"Segunda";"07:00:00";"MG";381;"484";"BETIM";"Não guardar distância de segurança";"Colisão traseira";"Sem Vítimas";"Amanhecer";"Decrescente";"Ceu Claro";"Dupla";"Reta";"Urbano";2;0;0;0;2;0;0;2
83473095;"13/06/16";"Segunda";"12:50:00";"PE";101;"63";"RECIFE";"Falta de atenção";"Colisão lateral";"Sem Vítimas";"Pleno dia";"Decrescente";"Ceu Claro";"Dupla";"Reta";"Urbano";2;0;0;0;2;0;0;2
83473096;"13/06/16";"Segunda";"13:00:00";"SC";101;"40";"JOINVILLE";"Falta de atenção";"Colisão Transversal";"Sem Vítimas";"Pleno dia";"Decrescente";"Ceu Claro";"Múltipla";"Cruzamento";"Urbano";2;0;0;0;2;0;0;2
83473097;"13/06/16";"Segunda";"11:45:00";"ES";101;"293";"CARIACICA";"Falta de atenção";"Colisão lateral";"Com Vítimas Feridas";"Pleno dia";"Decrescente";"Ceu Claro";"Múltipla";"Reta";"Urbano";2;0;0;1;1;0;1;2
83473098;"01/06/16";"Quarta";"18:30:00";"BA";367;"59";"PORTO SEGURO";"Animais na Pista";"Atropelamento de animal";"Com Vítimas Feridas";"Plena noite";"Crescente";"Ceu Claro";"Simples";"Reta";"Rural";1;0;1;0;0;0;1;1
83473099;"13/06/16";"Segunda";"12:00:00";"MS";163;"125";"NAVIRAI";"Defeito mecânico em veículo";"Saída de Pista";"Sem Vítimas";"Pleno dia";"Crescente";"Ceu Claro";"Simples";"Reta";"Rural";1;0;0;0;1;0;0;1
83473100;"13/06/16";"Segunda";"14:30:00";"RJ";40;"103";"DUQUE DE CAXIAS";"Falta de atenção";"Colisão com bicicleta";"Com Vítimas Feridas";"Pleno dia";"Crescente";"Sol";"Dupla";"Reta";"Rural";2;0;1;0;1;0;1;2
83473101;"13/06/16";"Segunda";"11:20:00";"MS";163;"387";"NOVA ALVORADA DO SUL";"Defeito mecânico em veículo";"Saída de Pista";"Com Vítimas Feridas";"Pleno dia";"Crescente";"Ceu Claro";"Simples";"Reta";"Rural";1;0;1;0;0;0;1;1
83473102;"11/06/16";"Sábado";"17:20:00";"BA";324;"527";"FEIRA DE SANTANA";"Outras";"Colisão com objeto fixo";"Sem Vítimas";"Pleno dia";"Decrescente";"Nublado";"Dupla";"Reta";"Urbano";2;0;0;0;2;0;0;2
83473104;"13/06/16";"Segunda";"14:00:00";"MG";40;"545";"BELO HORIZONTE";"Ingestão de álcool";"Queda de motocicleta / bicicleta / veículo";"Com Vítimas Feridas";"Pleno dia";"Crescente";"Ceu Claro";"Dupla";"Reta";"Rural";1;0;1;0;0;0;1;1
83473105;"13/06/16";"Segunda";"13:00:00";"BA";101;"448";"AURELINO LEAL";"Outras";"Saída de Pista";"Com Vítimas Feridas";"Pleno dia";"Crescente";"Chuva";"Simples";"Curva";"Rural";1;0;1;0;0;0;1;1
83473106;"13/06/16";"Segunda";"07:40:00";"PR";376;"176,1";"MARINGA";"Desobediência à sinalização";"Atropelamento de pessoa";"Com Vítimas Feridas";"Plena noite";"Decrescente";"Ceu Claro";"Dupla";"Cruzamento";"Urbano";2;0;1;0;1;0;1;1
83473107;"13/06/16";"Segunda";"13:49:00";"RS";290;"86,6";"PORTO ALEGRE";"Outras";"Colisão lateral";"Com Vítimas Feridas";"Pleno dia";"Crescente";"Sol";"Dupla";"Reta";"Urbano";2;0;0;1;1;0;1;2
83473108;"13/06/16";"Segunda";"08:00:00";"CE";116;"6,5";"FORTALEZA";"Falta de atenção";"Atropelamento de pessoa";"Com Vítimas Feridas";"Pleno dia";"Decrescente";"Ceu Claro";"Dupla";"Reta";"Urbano";2;0;2;0;0;0;2;1
83473111;"13/06/16";"Segunda";"13:30:00";"PR";153;"326,9";"IRATI";"Outras";"Saída de Pista";"Sem Vítimas";"Pleno dia";"Crescente";"Sol";"Simples";"Reta";"Urbano";1;0;0;0;1;0;0;1
83473112;"13/06/16";"Segunda";"11:20:00";"SC";282;"90,7";"ALFREDO WAGNER";"Velocidade incompatível";"Capotamento";"Com Vítimas Feridas";"Pleno dia";"Crescente";"Sol";"Simples";"Curva";"Rural";1;0;1;0;0;0;1;1
83473113;"01/06/16";"Quarta";"22:50:00";"BA";101;"681";"ITAGIMIRIM";"Falta de atenção";"Colisão traseira";"Com Vítimas Feridas";"Plena noite";"Crescente";"Ceu Claro";"Simples";"Reta";"Rural";3;0;0;2;0;1;2;2
83473114;"13/06/16";"Segunda";"12:50:00";"RJ";101;"503,2";"ANGRA DOS REIS";"Falta de atenção";"Colisão Transversal";"Com Vítimas Feridas";"Pleno dia";"Crescente";"Sol";"Simples";"Reta";"Urbano";2;0;0;1;1;0;1;2
83473115;"13/06/16";"Segunda";"13:45:00";"RN";101;"99,9";"NATAL";"Não guardar distância de segurança";"Colisão traseira";"Com Vítimas Feridas";"Pleno dia";"Crescente";"Nublado";"Dupla";"Cruzamento";"Urbano";2;0;1;0;1;0;1;2
83473116;"06/06/16";"Segunda";"17:00:00";"GO";153;"506";"APARECIDA DE GOIANIA";"Falta de atenção";"Colisão lateral";"Com Vítimas Feridas";"Pleno dia";"Crescente";"Ceu Claro";"Dupla";"Reta";"Urbano";2;0;0;1;1;0;1;2
83473117;"13/06/16";"Segunda";"08:00:00";"SP";116;"156,7";"SAO JOSE DOS CAMPOS";"Outras";"Colisão lateral";"Sem Vítimas";"Pleno dia";"Decrescente";"Nublado";"Dupla";"Reta";"Urbano";3;0;0;0;3;0;0;3
83473118;"13/06/16";"Segunda";"12:30:00";"GO";153;"503";"GOIANIA";"Falta de atenção";"Colisão traseira";"Com Vítimas Feridas";"Pleno dia";"Decrescente";"Ceu Claro";"Dupla";"Reta";"Urbano";2;0;0;1;1;0;1;2
83473120;"13/06/16";"Segunda";"10:00:00";"MG";40;"718,5";"BARBACENA";"Velocidade incompatível";"Capotamento";"Com Vítimas Feridas";"Pleno dia";"Decrescente";"Ceu Claro";"Dupla";"Curva";"Rural";2;0;2;0;0;0;2;1
83473121;"13/06/16";"Segunda";"13:35:00";"RS";470;"200,4";"BENTO GONCALVES";"Velocidade incompatível";"Saída de Pista";"Sem Vítimas";"Pleno dia";"Crescente";"Sol";"Simples";"Curva";"Rural";1;0;0;0;1;0;0;1
83473122;"13/06/16";"Segunda";"10:00:00";"RJ";116;"186";"NOVA IGUACU";"Outras";"Colisão com objeto fixo";"Sem Vítimas";"Pleno dia";"Crescente";"Sol";"Dupla";"Reta";"Urbano";1;0;0;0;1;0;0;1
83473123;"13/06/16";"Segunda";"14:45:00";"PR";376;"634,3";"SAO JOSE DOS PINHAIS";"Outras";"Tombamento";"Com Vítimas Feridas";"Pleno dia";"Decrescente";"Ceu Claro";"Dupla";"Reta";"Rural";2;0;1;0;1;0;1;1
83473124;"11/06/16";"Sábado";"15:00:00";"RO";364;"687";"PORTO VELHO";"Falta de atenção";"Saída de Pista";"Com Vítimas Feridas";"Pleno dia";"Decrescente";"Ceu Claro";"Simples";"Reta";"Rural";1;0;1;0;0;0;1;1
83473125;"08/06/16";"Quarta";"05:30:00";"RJ";356;"118";"CAMPOS DOS GOYTACAZES";"Animais na Pista";"Atropelamento de animal";"Sem Vítimas";"Amanhecer";"Decrescente";"Nublado";"Simples";"Reta";"Rural";1;0;0;0;1;0;0;1
83473126;"13/06/16";"Segunda";"07:40:00";"TO";153;"201,2";"NOVA OLINDA";"Velocidade incompatível";"Saída de Pista";"Sem Vítimas";"Pleno dia";"Decrescente";"Chuva";"Simples";"Reta";"Rural";1;0;0;0;1;0;0;1
83473127;"13/06/16";"Segunda";"16:55:00";"RS";386;"35";"FREDERICO WESTPHALEN";"Falta de atenção";"Colisão lateral";"Sem Vítimas";"Pleno dia";"Crescente";"Sol";"Simples";"Curva";"Urbano";2;0;0;0;2;0;0;2
83473128;"06/06/16";"Segunda";"14:30:00";"GO";153;"497";"GOIANIA";"Outras";"Atropelamento de pessoa";"Com Vítimas Feridas";"Pleno dia";"Decrescente";"Ceu Claro";"Dupla";"Reta";"Urbano";2;0;1;0;1;0;1;1
83473129;"05/06/16";"Domingo";"22:00:00";"BA";415;"50";"ITABUNA";"Ingestão de álcool";"Colisão lateral";"Sem Vítimas";"Plena noite";"Crescente";"Ceu Claro";"Simples";"Reta";"Rural";2;0;0;0;2;0;0;2
83473130;"13/06/16";"Segunda";"16:00:00";"RJ";116;"168";"SAO JOAO DE MERITI";"Outras";"Queda de motocicleta / bicicleta / veículo";"Com Vítimas Feridas";"Pleno dia";"Decrescente";"Ceu Claro";"Dupla";"Reta";"Urbano";1;0;1;0;0;0;1;1
83473131;"13/06/16";"Segunda";"16:00:00";"RJ";116;"293,4";"PORTO REAL";"Outras";"Colisão com objeto fixo";"Sem Vítimas";"Pleno dia";"Decrescente";"Ceu Claro";"Dupla";"Reta";"Rural";1;0;0;0;1;0;0;1
83473132;"13/06/16";"Segunda";"13:00:00";"SC";280;"81";"CORUPA";"Falta de atenção";"Colisão com bicicleta";"Com Vítimas Feridas";"Pleno dia";"Crescente";"Ceu Claro";"Simples";"Reta";"Urbano";2;0;1;0;1;0;1;2
83473133;"13/06/16";"Segunda";"13:20:00";"RO";364;"240,3";"CACOAL";"Falta de atenção";"Colisão traseira";"Com Vítimas Feridas";"Pleno dia";"Decrescente";"Sol";"Simples";"Reta";"Urbano";2;0;1;0;1;0;1;2
83473134;"13/06/16";"Segunda";"13:40:00";"ES";101;"141,6";"LINHARES";"Falta de atenção";"Queda de motocicleta / bicicleta / veículo";"Com Vítimas Feridas";"Pleno dia";"Decrescente";"Nublado";"Múltipla";"Reta";"Urbano";1;0;1;0;0;0;1;1
83473135;"13/06/16";"Segunda";"07:30:00";"MG";365;"224,1";"BURITIZEIRO";"Defeito na via";"Saída de Pista";"Com Vítimas Feridas";"Pleno dia";"Crescente";"Ceu Claro";"Simples";"Reta";"Rural";1;0;0;1;0;0;1;1
83473136;"11/06/16";"Sábado";"05:15:00";"MG";262;"382,5";"JUATUBA";"Ingestão de álcool";"Saída de Pista";"Com Vítimas Feridas";"Plena noite";"Decrescente";"Nublado";"Dupla";"Reta";"Rural";1;0;1;0;0;0;1;1
83473139;"12/06/16";"Domingo";"22:30:00";"RJ";116;"183";"NOVA IGUACU";"Outras";"Saída de Pista";"Ignorado";"Plena noite";"Decrescente";"Ceu Claro";"Dupla";"Curva";"Urbano";1;0;0;0;0;1;0;1
83473140;"12/06/16";"Domingo";"22:30:00";"RJ";116;"183";"NOVA IGUACU";"Outras";"Saída de Pista";"Ignorado";"Plena noite";"Decrescente";"Ceu Claro";"Dupla";"Curva";"Urbano";1;0;0;0;0;1;0;1
83473142;"13/06/16";"Segunda";"17:45:00";"SE";235;"4,7";"NOSSA SENHORA DO SOCORRO";"Não guardar distância de segurança";"Colisão traseira";"Com Vítimas Feridas";"Anoitecer";"Crescente";"Ceu Claro";"Dupla";"Reta";"Urbano";2;0;1;0;1;0;1;2
83473143;"13/06/16";"Segunda";"16:15:00";"GO";153;"675,3";"PANAMA";"Outras";"Queda de motocicleta / bicicleta / veículo";"Com Vítimas Fatais";"Pleno dia";"Crescente";"Ceu Claro";"Dupla";"Curva";"Rural";1;1;0;0;0;0;0;1
83473144;"13/06/16";"Segunda";"07:00:00";"SP";116;"208";"GUARULHOS";"Falta de atenção";"Colisão lateral";"Com Vítimas Feridas";"Pleno dia";"Crescente";"Ceu Claro";"Dupla";"Reta";"Urbano";3;0;1;0;0;2;1;3
83473145;"13/06/16";"Segunda";"15:10:00";"RS";116;"252,6";"SAPUCAIA DO SUL";"Defeito mecânico em veículo";"Colisão traseira";"Com Vítimas Feridas";"Pleno dia";"Crescente";"Ceu Claro";"Dupla";"Reta";"Urbano";5;0;1;1;3;0;2;4
83473146;"13/06/16";"Segunda";"09:00:00";"SC";282;"400";"JOACABA";"Outras";"Saída de Pista";"Sem Vítimas";"Amanhecer";"Crescente";"Ceu Claro";"Simples";"Curva";"Rural";2;0;0;0;2;0;0;1
83473147;"13/06/16";"Segunda";"17:20:00";"SP";116;"465,1";"PARIQUERA-ACU";"Falta de atenção";"Colisão com objeto fixo";"Sem Vítimas";"Pleno dia";"Crescente";"Ceu Claro";"Dupla";"Curva";"Rural";1;0;0;0;1;0;0;1
83473148;"13/06/16";"Segunda";"15:45:00";"PR";158;"507";"PATO BRANCO";"Não guardar distância de segurança";"Saída de Pista";"Sem Vítimas";"Pleno dia";"Decrescente";"Ceu Claro";"Simples";"Reta";"Rural";1;0;0;0;1;0;0;1
83473149;"13/06/16";"Segunda";"10:30:00";"RO";319;"62";"PORTO VELHO";"Falta de atenção";"Colisão lateral";"Com Vítimas Feridas";"Pleno dia";"Decrescente";"Sol";"Dupla";"Reta";"Urbano";2;0;1;0;0;1;1;2
83473150;"13/06/16";"Segunda";"08:15:00";"PR";163;"215,3";"CASCAVEL";"Velocidade incompatível";"Tombamento";"Com Vítimas Feridas";"Pleno dia";"Crescente";"Sol";"Simples";"Curva";"Rural";2;0;2;0;0;0;2;1
83473151;"13/06/16";"Segunda";"14:45:00";"RS";116;"150";"CAXIAS DO SUL";"Não guardar distância de segurança";"Colisão traseira";"Sem Vítimas";"Pleno dia";"Decrescente";"Sol";"Dupla";"Cruzamento";"Urbano";2;0;0;0;2;0;0;2
83473152;"13/06/16";"Segunda";"13:00:00";"DF";70;"3";"BRASILIA";"Outras";"Saída de Pista";"Com Vítimas Feridas";"Pleno dia";"Decrescente";"Ceu Claro";"Dupla";"Reta";"Urbano";1;0;1;0;0;0;1;1
83473153;"11/06/16";"Sábado";"01:55:00";"MT";364;"355";"SANTO ANTONIO DO LEVERGER";"Velocidade incompatível";"Tombamento";"Com Vítimas Fatais";"Plena noite";"Decrescente";"Ceu Claro";"Simples";"Curva";"Rural";1;1;0;0;0;0;0;1
83473155;"13/06/16";"Segunda";"14:20:00";"MT";163;"42";"ITIQUIRA";"Defeito mecânico em veículo";"Queda de motocicleta / bicicleta / veículo";"Com Vítimas Feridas";"Pleno dia";"Crescente";"Ceu Claro";"Dupla";"Reta";"Rural";1;0;1;0;0;0;1;1
83473156;"13/06/16";"Segunda";"18:00:00";"SC";101;"134";"BALNEARIO CAMBORIU";"Falta de atenção";"Colisão lateral";"Sem Vítimas";"Pleno dia";"Crescente";"Ceu Claro";"Dupla";"Reta";"Urbano";2;0;0;0;2;0;0;2
83473157;"13/06/16";"Segunda";"15:00:00";"RJ";40;"102";"DUQUE DE CAXIAS";"Falta de atenção";"Atropelamento de pessoa";"Com Vítimas Feridas";"Pleno dia";"Crescente";"Sol";"Múltipla";"Reta";"Urbano";2;0;1;0;1;0;1;1
83473158;"08/06/16";"Quarta";"08:40:00";"SP";116;"182";"SANTA ISABEL";"Falta de atenção";"Colisão traseira";"Sem Vítimas";"Pleno dia";"Decrescente";"Ceu Claro";"Simples";"Reta";"Rural";3;0;0;0;3;0;0;3
83473159;"13/06/16";"Segunda";"15:30:00";"RS";287;"239,7";"SANTA MARIA";"Falta de atenção";"Colisão Transversal";"Com Vítimas Fatais";"Pleno dia";"Decrescente";"Sol";"Simples";"Cruzamento";"Urbano";2;1;0;0;1;0;0;2
83473160;"13/06/16";"Segunda";"14:30:00";"MG";365;"612";"UBERLANDIA";"Falta de atenção";"Colisão Transversal";"Com Vítimas Feridas";"Pleno dia";"Decrescente";"Ceu Claro";"Simples";"Reta";"Urbano";2;0;0;1;1;0;1;2
83473161;"13/06/16";"Segunda";"13:30:00";"RJ";116;"170";"SAO JOAO DE MERITI";"Defeito mecânico em veículo";"Colisão com objeto fixo";"Com Vítimas Feridas";"Pleno dia";"Decrescente";"Ceu Claro";"Múltipla";"Reta";"Urbano";1;0;1;0;0;0;1;1
83473162;"12/06/16";"Domingo";"19:00:00";"RO";364;"640,1";"CANDEIAS DO JAMARI";"Animais na Pista";"Atropelamento de animal";"Sem Vítimas";"Plena noite";"Crescente";"Ceu Claro";"Simples";"Curva";"Rural";4;0;0;0;4;0;0;1
83473163;"13/06/16";"Segunda";"17:10:00";"GO";153;"439,5";"ANAPOLIS";"Não guardar distância de segurança";"Colisão com objeto fixo";"Sem Vítimas";"Pleno dia";"Crescente";"Sol";"Dupla";"Reta";"Urbano";1;0;0;0;1;0;0;1
83473164;"10/06/16";"Sexta";"02:23:00";"RJ";116;"192,3";"QUEIMADOS";"Outras";"Saída de Pista";"Com Vítimas Feridas";"Plena noite";"Crescente";"Nublado";"Dupla";"Reta";"Rural";2;0;0;2;0;0;2;1
83473165;"13/06/16";"Segunda";"18:00:00";"PB";104;"88,7";"REMIGIO";"Falta de atenção";"Colisão traseira";"Com Vítimas Feridas";"Plena noite";"Crescente";"Ceu Claro";"Simples";"Reta";"Urbano";3;0;0;1;1;1;1;3
83473166;"13/06/16";"Segunda";"18:00:00";"SC";470;"142,3";"RIO DO SUL";"Velocidade incompatível";"Colisão lateral";"Com Vítimas Feridas";"Anoitecer";"Crescente";"Ceu Claro";"Múltipla";"Reta";"Urbano";2;0;1;0;1;0;1;2
83473167;"13/06/16";"Segunda";"16:40:00";"GO";153;"204";"URUACU";"Falta de atenção";"Colisão traseira";"Com Vítimas Feridas";"Pleno dia";"Decrescente";"Ceu Claro";"Simples";"Reta";"Rural";3;0;2;0;1;0;2;2
83473168;"08/06/16";"Quarta";"22:00:00";"GO";153;"322";"RIANAPOLIS";"Falta de atenção";"Saída de Pista";"Com Vítimas Feridas";"Plena noite";"Crescente";"Ceu Claro";"Simples";"Cruzamento";"Rural";3;0;1;2;0;0;3;1
83473169;"13/06/16";"Segunda";"16:30:00";"SC";282;"413,9";"CATANDUVAS";"Ultrapassagem indevida";"Colisão traseira";"Com Vítimas Feridas";"Pleno dia";"Crescente";"Ceu Claro";"Simples";"Reta";"Rural";3;0;2;0;1;0;2;2
83473170;"12/06/16";"Domingo";"00:02:00";"RO";319;"63";"PORTO VELHO";"Ingestão de álcool";"Atropelamento de pessoa";"Com Vítimas Feridas";"Plena noite";"Crescente";"Ceu Claro";"Dupla";"Reta";"Urbano";3;0;3;0;0;0;3;1
83473171;"05/06/16";"Domingo";"19:40:00";"GO";40;"5,6";"VALPARAISO DE GOIAS";"Ingestão de álcool";"Queda de motocicleta / bicicleta / veículo";"Com Vítimas Feridas";"Plena noite";"Crescente";"Ceu Claro";"Dupla";"Reta";"Urbano";1;0;1;0;0;0;1;1
83473172;"06/06/16";"Segunda";"07:30:00";"GO";40;"1";"VALPARAISO DE GOIAS";"Falta de atenção";"Atropelamento de pessoa";"Com Vítimas Feridas";"Pleno dia";"Decrescente";"Ceu Claro";"Dupla";"Reta";"Urbano";2;0;0;1;1;0;1;1
83473173;"13/06/16";"Segunda";"12:00:00";"BA";242;"874";"LUIS EDUARDO MAGALHAES";"Defeito mecânico em veículo";"Saída de Pista";"Sem Vítimas";"Pleno dia";"Decrescente";"Ceu Claro";"Simples";"Reta";"Rural";1;0;0;0;1;0;0;1
83473174;"28/05/16";"Sábado";"13:20:00";"PE";101;"50";"ABREU E LIMA";"Outras";"Colisão traseira";"Com Vítimas Feridas";"Pleno dia";"Crescente";"Sol";"Múltipla";"Reta";"Urbano";2;0;0;1;0;1;1;2
83473176;"13/06/16";"Segunda";"18:15:00";"SC";282;"225,2";"LAGES";"Defeito na via";"Tombamento";"Com Vítimas Feridas";"Plena noite";"Crescente";"Ceu Claro";"Simples";"Reta";"Rural";1;0;1;0;0;0;1;1
83473177;"13/06/16";"Segunda";"18:30:00";"RS";386;"351,8";"ESTRELA";"Falta de atenção";"Atropelamento de pessoa";"Com Vítimas Feridas";"Plena noite";"Crescente";"Ceu Claro";"Dupla";"Curva";"Urbano";3;0;0;1;2;0;1;1
83473178;"13/06/16";"Segunda";"12:30:00";"SC";280;"97,3";"CORUPA";"Outras";"Colisão Transversal";"Com Vítimas Feridas";"Pleno dia";"Decrescente";"Ceu Claro";"Simples";"Curva";"Rural";2;0;1;0;1;0;1;2
83473179;"13/06/16";"Segunda";"15:45:00";"SC";282;"236,6";"LAGES";"Velocidade incompatível";"Capotamento";"Com Vítimas Feridas";"Pleno dia";"Decrescente";"Ceu Claro";"Simples";"Curva";"Rural";1;0;0;1;0;0;1;1
83473180;"13/06/16";"Segunda";"19:20:00";"RS";285;"292,7";"PASSO FUNDO";"Falta de atenção";"Colisão Transversal";"Sem Vítimas";"Plena noite";"Crescente";"Ceu Claro";"Dupla";"Reta";"Urbano";2;0;0;0;2;0;0;2
83473181;"10/06/16";"Sexta";"00:50:00";"PE";232;"88,2";"GRAVATA";"Ingestão de álcool";"Saída de Pista";"Com Vítimas Feridas";"Plena noite";"Crescente";"Ceu Claro";"Dupla";"Reta";"Rural";1;0;0;1;0;0;1;1
83473182;"13/06/16";"Segunda";"18:00:00";"RS";392;"2,9";"RIO GRANDE";"Outras";"Colisão Transversal";"Sem Vítimas";"Plena noite";"Crescente";"Ceu Claro";"Simples";"Curva";"Urbano";2;0;0;0;2;0;0;2
83473183;"13/06/16";"Segunda";"09:50:00";"SC";101;"252,6";"PAULO LOPES";"Falta de atenção";"Tombamento";"Com Vítimas Feridas";"Pleno dia";"Crescente";"Sol";"Simples";"Reta";"Urbano";1;0;1;0;0;0;1;1
83473184;"13/06/16";"Segunda";"17:25:00";"PR";277;"590";"CASCAVEL";"Desobediência à sinalização";"Colisão Transversal";"Sem Vítimas";"Pleno dia";"Crescente";"Ceu Claro";"Simples";"Reta";"Urbano";3;0;0;0;3;0;0;2
83473186;"13/06/16";"Segunda";"19:05:00";"RS";448;"7,4";"CANOAS";"Dormindo";"Colisão com objeto fixo";"Com Vítimas Feridas";"Plena noite";"Decrescente";"Ceu Claro";"Dupla";"Reta";"Rural";1;0;1;0;0;0;1;1
83473187;"13/06/16";"Segunda";"12:30:00";"PR";369;"101,2";"URAI";"Desobediência à sinalização";"Colisão Transversal";"Com Vítimas Feridas";"Pleno dia";"Crescente";"Sol";"Simples";"Cruzamento";"Rural";5;0;2;0;3;0;2;2
83473188;"11/06/16";"Sábado";"18:15:00";"RN";110;"40";"MOSSORO";"Defeito mecânico em veículo";"Saída de Pista";"Ignorado";"Anoitecer";"Crescente";"Ceu Claro";"Simples";"Reta";"Rural";1;0;0;0;0;1;0;1
83473189;"13/06/16";"Segunda";"20:00:00";"GO";60;"345";"SANTO ANTONIO DA BARRA";"Falta de atenção";"Colisão traseira";"Com Vítimas Feridas";"Plena noite";"Crescente";"Ceu Claro";"Dupla";"Reta";"Urbano";2;0;1;0;0;1;1;2
83473190;"06/06/16";"Segunda";"11:10:00";"SC";116;"135";"SANTA CECILIA";"Defeito mecânico em veículo";"Colisão lateral";"Sem Vítimas";"Pleno dia";"Crescente";"Ceu Claro";"Simples";"Curva";"Rural";2;0;0;0;2;0;0;2
83473191;"13/06/16";"Segunda";"18:00:00";"PR";158;"3";"CAMPO MOURAO";"Não guardar distância de segurança";"Colisão traseira";"Com Vítimas Feridas";"Plena noite";"Decrescente";"Ceu Claro";"Simples";"Reta";"Urbano";4;0;0;1;3;0;1;4
83473192;"13/06/16";"Segunda";"16:10:00";"PR";158;"526";"PATO BRANCO";"Desobediência à sinalização";"Colisão frontal";"Com Vítimas Feridas";"Pleno dia";"Decrescente";"Ceu Claro";"Simples";"Reta";"Urbano";2;0;0;1;1;0;1;2
83473193;"13/06/16";"Segunda";"18:20:00";"RS";116;"243,5";"SAO LEOPOLDO";"Não guardar distância de segurança";"Colisão traseira";"Sem Vítimas";"Plena noite";"Crescente";"Ceu Claro";"Dupla";"Reta";"Urbano";2;0;0;0;2;0;0;2
83473194;"13/06/16";"Segunda";"15:20:00";"PR";277;"634,1";"CEU AZUL";"Falta de atenção";"Colisão traseira";"Ignorado";"Pleno dia";"Decrescente";"Sol";"Simples";"Reta";"Rural";2;0;0;0;0;2;0;2