"id";"data_inversa";"dia_semana";"horario";"uf";"br";"km";"municipio";"causa_acidente";"tipo_acidente";"classificacao_acidente";"fase_dia";"sentido_via";"condicao_metereologica";"tipo_pista";"tracado_via";"uso_solo";"pessoas";"mortos";"feridos_leves";"feridos_graves";"ilesos";"ignorados";"feridos";"veiculos"
83473195;"09/06/16";"Quinta";"22:30:00";"PR";376;"668,2";"TIJUCAS DO SUL";"Defeito mecânico em veículo";"Capotamento";"Com Vítimas Feridas";"Plena noite";"Crescente";"Ceu Claro";"Dupla";"Curva";"Rural";2;0;0;2;0;0;2;1
83473196;"13/06/16";"Segunda";"11:30:00";"PR";277;"598";"CASCAVEL";"Outras";"Saída de Pista";"Sem Vítimas";"Pleno dia";"Crescente";"Sol";"Dupla";"Reta";"Urbano";1;0;0;0;1;0;0;1
83473197;"09/06/16";"Quinta";"08:45:00";"GO";40;"16,4";"LUZIANIA";"Falta de atenção";"Colisão lateral";"Com Vítimas Feridas";"Pleno dia";"Decrescente";"Ceu Claro";"Dupla";"Reta";"Urbano";2;0;0;1;1;0;1;2
83473198;"13/06/16";"Segunda";"16:30:00";"MS";163;"103,5";"ITAQUIRAI";"Outras";"Colisão traseira";"Sem Vítimas";"Pleno dia";"Crescente";"Nublado";"Simples";"Reta";"Rural";4;0;0;0;4;0;0;4
83473199;"13/06/16";"Segunda";"07:40:00";"SP";116;"212";"GUARULHOS";"Não guardar distância de segurança";"Colisão traseira";"Sem Vítimas";"Amanhecer";"Crescente";"Ceu Claro";"Múltipla";"Reta";"Urbano";7;0;0;0;6;1;0;7
83473200;"13/06/16";"Segunda";"15:00:00";"MS";262;"1";"TRES LAGOAS";"Falta de atenção";"Colisão traseira";"Com Vítimas Feridas";"Pleno dia";"Decrescente";"Ceu Claro";"Simples";"Reta";"Rural";4;0;1;0;3;0;1;2
83473201;"13/06/16";"Segunda";"16:30:00";"SC";101;"117";"ITAJAI";"Desobediência à sinalização";"Colisão Transversal";"Com Vítimas Feridas";"Pleno dia";"Decrescente";"Ceu Claro";"Múltipla";"Cruzamento";"Urbano";3;0;1;0;2;0;1;2
83473202;"12/06/16";"Domingo";"18:40:00";"RN";304;"33,1";"MOSSORO";"Animais na Pista";"Atropelamento de animal";"Com Vítimas Feridas";"Plena noite";"Crescente";"Ceu Claro";"Simples";"Reta";"Urbano";2;0;1;1;0;0;2;2
83473203;"13/06/16";"Segunda";"16:00:00";"PR";369;"196,4";"APUCARANA";"Outras";"Capotamento";"Com Vítimas Feridas";"Pleno dia";"Crescente";"Ceu Claro";"Dupla";"Reta";"Urbano";3;0;1;0;2;0;1;2
83473205;"13/06/16";"Segunda";"10:30:00";"PR";163;"142,1";"CAPITAO LEONIDAS MARQUES";"Velocidade incompatível";"Tombamento";"Sem Vítimas";"Pleno dia";"Decrescente";"Sol";"Simples";"Curva";"Rural";1;0;0;0;1;0;0;1
83473206;"13/06/16";"Segunda";"17:00:00";"MG";381;"938,9";"EXTREMA";"Outras";"Saída de Pista";"Com Vítimas Feridas";"Pleno dia";"Crescente";"Ceu Claro";"Dupla";"Reta";"Rural";1;0;1;0;0;0;1;1
83473207;"13/06/16";"Segunda";"10:30:00";"SC";282;"532,9";"CHAPECO";"Não guardar distância de segurança";"Colisão lateral";"Com Vítimas Feridas";"Pleno dia";"Crescente";"Sol";"Simples";"Cruzamento";"Urbano";2;0;0;1;1;0;1;2
83473208;"13/06/16";"Segunda";"17:50:00";"PR";369;"164,9";"CAMBE";"Falta de atenção";"Colisão Transversal";"Com Vítimas Feridas";"Pleno dia";"Crescente";"Ceu Claro";"Dupla";"Reta";"Urbano";3;0;2;0;1;0;2;2
83473209;"13/06/16";"Segunda";"19:15:00";"PE";408;"99,7";"SAO LOURENCO DA MATA";"Velocidade incompatível";"Saída de Pista";"Com Vítimas Feridas";"Plena noite";"Crescente";"Ceu Claro";"Dupla";"Reta";"Rural";1;0;0;1;0;0;1;1
83473210;"13/06/16";"Segunda";"18:00:00";"BA";101;"707,7";"EUNAPOLIS";"Não guardar distância de segurança";"Colisão frontal";"Com Vítimas Fatais";"Plena noite";"Crescente";"Ceu Claro";"Simples";"Reta";"Rural";4;2;0;0;1;1;0;3
83473211;"13/06/16";"Segunda";"19:30:00";"RJ";116;"192";"QUEIMADOS";"Outras";"Colisão com objeto fixo";"Sem Vítimas";"Plena noite";"Crescente";"Ceu Claro";"Dupla";"Reta";"Urbano";2;0;0;0;2;0;0;2
83473212;"13/06/16";"Segunda";"13:35:00";"MT";364;"580";"NOBRES";"Outras";"Tombamento";"Com Vítimas Feridas";"Pleno dia";"Crescente";"Ceu Claro";"Dupla";"Reta";"Rural";1;0;1;0;0;0;1;1
83473213;"11/06/16";"Sábado";"19:45:00";"MT";163;"797";"VERA";"Animais na Pista";"Atropelamento de animal";"Sem Vítimas";"Plena noite";"Crescente";"Ceu Claro";"Simples";"Curva";"Rural";2;0;0;0;2;0;0;1
83473214;"13/06/16";"Segunda";"18:15:00";"SC";101;"124";"ITAJAI";"Ingestão de álcool";"Saída de Pista";"Com Vítimas Feridas";"Anoitecer";"Decrescente";"Nublado";"Dupla";"Reta";"Urbano";5;0;1;0;4;0;1;5
83473215;"13/06/16";"Segunda";"17:55:00";"MS";163;"710";"RIO VERDE DE MATO GROSSO";"Animais na Pista";"Queda de motocicleta / bicicleta / veículo";"Sem Vítimas";"Plena noite";"Crescente";"Ceu Claro";"Simples";"Reta";"Rural";1;0;0;0;1;0;0;1
83473216;"06/06/16";"Segunda";"17:50:00";"ES";101;"265,8";"SERRA";"Falta de atenção";"Colisão traseira";"Sem Vítimas";"Plena noite";"Crescente";"Ceu Claro";"Dupla";"Curva";"Urbano";2;0;0;0;2;0;0;2
83473217;"13/06/16";"Segunda";"18:50:00";"RS";116;"159,9";"CAXIAS DO SUL";"Falta de atenção";"Colisão Transversal";"Com Vítimas Feridas";"Plena noite";"Crescente";"Ceu Claro";"Simples";"Reta";"Urbano";5;0;0;1;3;1;1;3
83473218;"13/06/16";"Segunda";"14:00:00";"SC";470;"33";"GASPAR";"Defeito mecânico em veículo";"Colisão frontal";"Com Vítimas Feridas";"Pleno dia";"Decrescente";"Sol";"Simples";"Reta";"Rural";4;0;1;0;3;0;1;4
83473219;"13/06/16";"Segunda";"18:40:00";"RS";287;"233";"SANTA MARIA";"Desobediência à sinalização";"Colisão Transversal";"Com Vítimas Feridas";"Anoitecer";"Crescente";"Ceu Claro";"Simples";"Reta";"Urbano";3;0;1;0;2;0;1;3
83473220;"10/06/16";"Sexta";"23:35:00";"AL";104;"87,2";"RIO LARGO";"Animais na Pista";"Atropelamento de animal";"Sem Vítimas";"Plena noite";"Crescente";"Nublado";"Dupla";"Reta";"Rural";1;0;0;0;1;0;0;1
83473221;"13/06/16";"Segunda";"20:05:00";"PR";376;"180";"MARINGA";"Não guardar distância de segurança";"Queda de motocicleta / bicicleta / veículo";"Com Vítimas Feridas";"Plena noite";"Decrescente";"Ignorada";"Dupla";"Curva";"Urbano";6;0;5;0;1;0;5;3
83473222;"13/06/16";"Segunda";"19:15:00";"CE";116;"463,5";"BARRO";"Falta de atenção";"Saída de Pista";"Com Vítimas Feridas";"Plena noite";"Decrescente";"Ceu Claro";"Simples";"Reta";"Rural";1;0;1;0;0;0;1;1
83473223;"13/06/16";"Segunda";"19:30:00";"PA";316;"7";"ANANINDEUA";"Ultrapassagem indevida";"Colisão lateral";"Com Vítimas Feridas";"Plena noite";"Decrescente";"Ceu Claro";"Dupla";"Reta";"Urbano";3;0;1;1;1;0;2;2
83473224;"13/06/16";"Segunda";"18:40:00";"RS";468;"104,6";"TRES PASSOS";"Ultrapassagem indevida";"Colisão lateral";"Com Vítimas Feridas";"Plena noite";"Decrescente";"Ceu Claro";"Múltipla";"Reta";"Urbano";3;0;2;0;1;0;2;2
83473225;"13/06/16";"Segunda";"21:20:00";"PI";316;"4,5";"TERESINA";"Ingestão de álcool";"Saída de Pista";"Com Vítimas Feridas";"Plena noite";"Crescente";"Ceu Claro";"Múltipla";"Reta";"Urbano";1;0;1;0;0;0;1;1
83473226;"13/06/16";"Segunda";"22:05:00";"SC";116;"11,6";"MAFRA";"Falta de atenção";"Atropelamento de pessoa";"Com Vítimas Feridas";"Plena noite";"Crescente";"Ceu Claro";"Simples";"Reta";"Urbano";2;0;1;0;1;0;1;1
83473227;"06/06/16";"Segunda";"03:50:00";"DF";251;"36,1";"BRASILIA";"Outras";"Tombamento";"Com Vítimas Feridas";"Plena noite";"Crescente";"Ceu Claro";"Simples";"Reta";"Rural";1;0;1;0;0;0;1;1
83473228;"13/06/16";"Segunda";"22:40:00";"SC";280;"55";"GUARAMIRIM";"Animais na Pista";"Colisão traseira";"Sem Vítimas";"Plena noite";"Decrescente";"Ceu Claro";"Simples";"Reta";"Urbano";2;0;0;0;2;0;0;2
83473229;"13/06/16";"Segunda";"20:40:00";"PB";230;"60";"CRUZ DO ESPIRITO SANTO";"Dormindo";"Saída de Pista";"Sem Vítimas";"Plena noite";"Crescente";"Ceu Claro";"Dupla";"Reta";"Rural";1;0;0;0;1;0;0;1
83473230;"13/06/16";"Segunda";"19:30:00";"GO";153;"230,5";"HIDROLINA";"Outras";"Colisão frontal";"Com Vítimas Feridas";"Plena noite";"Decrescente";"Ceu Claro";"Simples";"Reta";"Rural";2;0;1;0;1;0;1;2
83473231;"13/06/16";"Segunda";"14:30:00";"PR";476;"360";"UNIAO DA VITORIA";"Falta de atenção";"Colisão Transversal";"Com Vítimas Feridas";"Pleno dia";"Decrescente";"Ceu Claro";"Simples";"Reta";"Urbano";2;0;1;0;1;0;1;2
83473232;"09/06/16";"Quinta";"17:45:00";"SP";116;"162";"JACAREI";"Defeito mecânico em veículo";"Colisão traseira";"Sem Vítimas";"Plena noite";"Crescente";"Nublado";"Simples";"Reta";"Rural";2;0;0;0;2;0;0;2
83473233;"11/06/16";"Sábado";"06:10:00";"RS";116;"293,1";"GUAIBA";"Ingestão de álcool";"Colisão com objeto fixo";"Com Vítimas Feridas";"Plena noite";"Crescente";"Ceu Claro";"Dupla";"Reta";"Rural";2;0;1;0;1;0;1;2
83473234;"05/06/16";"Domingo";"17:00:00";"PI";316;"7";"TERESINA";"Não guardar distância de segurança";"Colisão traseira";"Com Vítimas Feridas";"Pleno dia";"Decrescente";"Ceu Claro";"Simples";"Reta";"Urbano";3;0;2;0;1;0;2;2
83473235;"13/06/16";"Segunda";"22:20:00";"MS";163;"40,4";"ELDORADO";"Velocidade incompatível";"Colisão com objeto fixo";"Sem Vítimas";"Plena noite";"Decrescente";"Ceu Claro";"Simples";"Cruzamento";"Urbano";1;0;0;0;1;0;0;1
83473236;"13/06/16";"Segunda";"21:20:00";"MG";40;"506,7";"RIBEIRAO DAS NEVES";"Falta de atenção";"Colisão com bicicleta";"Com Vítimas Feridas";"Plena noite";"Decrescente";"Nublado";"Dupla";"Reta";"Urbano";3;0;0;3;0;0;3;2
83473237;"13/06/16";"Segunda";"23:15:00";"ES";101;"332,1";"GUARAPARI";"Dormindo";"Saída de Pista";"Com Vítimas Feridas";"Plena noite";"Crescente";"Ceu Claro";"Simples";"Curva";"Rural";1;0;1;0;0;0;1;1
83473238;"13/06/16";"Segunda";"17:10:00";"PR";476;"66,5";"TUNAS DO PARANA";"Velocidade incompatível";"Colisão lateral";"Sem Vítimas";"Pleno dia";"Crescente";"Ceu Claro";"Simples";"Curva";"Rural";2;0;0;0;1;1;0;2
83473239;"13/06/16";"Segunda";"14:30:00";"PB";230;"28,2";"JOAO PESSOA";"Não guardar distância de segurança";"Colisão traseira";"Com Vítimas Feridas";"Pleno dia";"Decrescente";"Sol";"Dupla";"Curva";"Urbano";2;0;1;0;1;0;1;2
83473240;"09/06/16";"Quinta";"18:00:00";"SC";282;"45,3";"AGUAS MORNAS";"Defeito mecânico em veículo";"Saída de Pista";"Sem Vítimas";"Anoitecer";"Decrescente";"Ceu Claro";"Simples";"Reta";"Rural";1;0;0;0;1;0;0;1
83473241;"13/06/16";"Segunda";"23:50:00";"RS";392;"43";"RIO GRANDE";"Dormindo";"Colisão traseira";"Sem Vítimas";"Plena noite";"Decrescente";"Nevoeiro/neblina";"Dupla";"Reta";"Urbano";2;0;0;0;2;0;0;2
83473242;"14/06/16";"Terça";"01:40:00";"RS";290;"87";"PORTO ALEGRE";"Outras";"Saída de Pista";"Sem Vítimas";"Plena noite";"Decrescente";"Ceu Claro";"Dupla";"Reta";"Urbano";1;0;0;0;1;0;0;1
83473243;"13/06/16";"Segunda";"19:30:00";"AP";156;"196";"MAZAGAO";"Falta de atenção";"Colisão com objeto fixo";"Sem Vítimas";"Anoitecer";"Crescente";"Ignorada";"Simples";"Reta";"Rural";2;0;0;0;2;0;0;1
83473244;"14/06/16";"Terça";"00:50:00";"PI";230;"300,2";"FLORIANO";"Outras";"Tombamento";"Sem Vítimas";"Plena noite";"Decrescente";"Ceu Claro";"Simples";"Reta";"Rural";1;0;0;0;1;0;0;1
83473245;"13/06/16";"Segunda";"12:00:00";"PA";316;"19";"BENEVIDES";"Outras";"Colisão lateral";"Sem Vítimas";"Pleno dia";"Crescente";"Sol";"Dupla";"Reta";"Urbano";2;0;0;0;2;0;0;2
83473246;"13/06/16";"Segunda";"13:50:00";"PE";101;"68,2";"RECIFE";"Defeito mecânico em veículo";"Colisão lateral";"Com Vítimas Feridas";"Pleno dia";"Decrescente";"Sol";"Dupla";"Reta";"Urbano";2;0;1;0;1;0;1;2
83473247;"11/06/16";"Sábado";"00:35:00";"SC";101;"390";"CRICIUMA";"Animais na Pista";"Colisão com objeto fixo";"Sem Vítimas";"Plena noite";"Crescente";"Nublado";"Dupla";"Reta";"Urbano";1;0;0;0;1;0;0;1
83473248;"02/06/16";"Quinta";"07:55:00";"SC";282;"501,1";"XANXERE";"Falta de atenção";"Capotamento";"Sem Vítimas";"Amanhecer";"Crescente";"Nublado";"Dupla";"Cruzamento";"Urbano";1;0;0;0;1;0;0;1
83473249;"14/06/16";"Terça";"02:00:00";"PB";230;"281,2";"SANTA LUZIA";"Outras";"Colisão com objeto fixo";"Sem Vítimas";"Plena noite";"Crescente";"Ceu Claro";"Simples";"Reta";"Rural";1;0;0;0;1;0;0;1
83473250;"14/06/16";"Terça";"02:00:00";"PR";272;"547";"TERRA ROXA";"Outras";"Saída de Pista";"Sem Vítimas";"Plena noite";"Crescente";"Ignorada";"Simples";"Reta";"Rural";1;0;0;0;1;0;0;1
83473251;"09/06/16";"Quinta";"19:45:00";"CE";222;"43,6";"CAUCAIA";"Outras";"Colisão lateral";"Com Vítimas Fatais";"Plena noite";"Decrescente";"Ceu Claro";"Simples";"Reta";"Rural";2;1;0;0;0;1;0;2
83473252;"13/06/16";"Segunda";"18:40:00";"ES";101;"145,8";"LINHARES";"Não guardar distância de segurança";"Colisão traseira";"Com Vítimas Feridas";"Plena noite";"Decrescente";"Nublado";"Dupla";"Reta";"Urbano";5;0;1;0;3;1;1;4
83473253;"13/06/16";"Segunda";"19:15:00";"SC";101;"311,8";"LAGUNA";"Desobediência à sinalização";"Colisão Transversal";"Com Vítimas Feridas";"Plena noite";"Decrescente";"Ceu Claro";"Simples";"Cruzamento";"Urbano";3;0;1;0;2;0;1;2
83473254;"14/06/16";"Terça";"01:30:00";"MS";267;"47,7";"BATAGUASSU";"Outras";"Colisão com objeto fixo";"Sem Vítimas";"Plena noite";"Crescente";"Ceu Claro";"Simples";"Reta";"Rural";1;0;0;0;1;0;0;1
83473255;"13/06/16";"Segunda";"19:30:00";"MT";163;"803";"SINOP";"Falta de atenção";"Colisão Transversal";"Com Vítimas Feridas";"Plena noite";"Decrescente";"Ceu Claro";"Simples";"Reta";"Rural";6;0;3;1;2;0;4;3
83473256;"13/06/16";"Segunda";"21:00:00";"PR";476;"118";"COLOMBO";"Desobediência à sinalização";"Colisão Transversal";"Sem Vítimas";"Plena noite";"Decrescente";"Ceu Claro";"Dupla";"Reta";"Urbano";2;0;0;0;1;1;0;2
83473257;"13/06/16";"Segunda";"17:40:00";"ES";101;"68";"SAO MATEUS";"Outras";"Colisão com bicicleta";"Com Vítimas Feridas";"Anoitecer";"Decrescente";"Nublado";"Simples";"Curva";"Urbano";2;0;0;1;1;0;1;2
83473258;"13/06/16";"Segunda";"20:58:00";"MG";50;"107,2";"UBERABA";"Outras";"Capotamento";"Com Vítimas Feridas";"Plena noite";"Decrescente";"Ceu Claro";"Dupla";"Reta";"Rural";1;0;1;0;0;0;1;1
83473259;"13/06/16";"Segunda";"16:30:00";"BA";101;"557";"ARATACA";"Outras";"Capotamento";"Sem Vítimas";"Pleno dia";"Crescente";"Chuva";"Simples";"Curva";"Rural";1;0;0;0;1;0;0;1
83473260;"13/06/16";"Segunda";"07:40:00";"RO";364;"340,8";"JI-PARANA";"Falta de atenção";"Colisão traseira";"Com Vítimas Feridas";"Pleno dia";"Crescente";"Ceu Claro";"Dupla";"Reta";"Urbano";3;0;1;0;1;1;1;2
83473261;"13/06/16";"Segunda";"19:45:00";"PR";116;"53";"CAMPINA GRANDE DO SUL";"Velocidade incompatível";"Saída de Pista";"Sem Vítimas";"Plena noite";"Crescente";"Nublado";"Dupla";"Curva";"Rural";2;0;0;0;2;0;0;1
83473262;"14/06/16";"Terça";"06:50:00";"RS";386;"345,3";"LAJEADO";"Não guardar distância de segurança";"Colisão lateral";"Com Vítimas Feridas";"Pleno dia";"Decrescente";"Ceu Claro";"Dupla";"Reta";"Urbano";2;0;1;0;0;1;1;2
83473263;"13/06/16";"Segunda";"08:30:00";"BA";116;"588";"NOVA ITARANA";"Velocidade incompatível";"Capotamento";"Sem Vítimas";"Pleno dia";"Crescente";"Chuva";"Simples";"Curva";"Rural";1;0;0;0;1;0;0;1
83473264;"13/06/16";"Segunda";"15:10:00";"MG";381;"849,8";"POUSO ALEGRE";"Falta de atenção";"Colisão traseira";"Com Vítimas Feridas";"Pleno dia";"Crescente";"Sol";"Dupla";"Reta";"Urbano";2;0;1;0;1;0;1;2
83473265;"13/06/16";"Segunda";"20:00:00";"MS";262;"271";"RIBAS DO RIO PARDO";"Defeito mecânico em veículo";"Capotamento";"Com Vítimas Feridas";"Plena noite";"Crescente";"Ceu Claro";"Simples";"Reta";"Rural";1;0;1;0;0;0;1;1
83473266;"06/06/16";"Segunda";"12:00:00";"ES";101;"238";"FUNDAO";"Velocidade incompatível";"Colisão traseira";"Com Vítimas Feridas";"Pleno dia";"Decrescente";"Sol";"Simples";"Reta";"Urbano";4;0;0;2;2;0;2;3
83473267;"13/06/16";"Segunda";"18:10:00";"PR";158;"203";"CAMPO MOURAO";"Outras";"Colisão traseira";"Com Vítimas Feridas";"Anoitecer";"Crescente";"Ceu Claro";"Dupla";"Reta";"Rural";3;0;1;2;0;0;3;3
83473268;"11/06/16";"Sábado";"03:00:00";"TO";153;"133,6";"ARAGUAINA";"Ingestão de álcool";"Saída de Pista";"Com Vítimas Feridas";"Plena noite";"Crescente";"Nublado";"Dupla";"Reta";"Urbano";2;0;1;0;1;0;1;1
83473269;"14/06/16";"Terça";"05:35:00";"RJ";116;"138";"MAGE";"Outras";"Colisão traseira";"Sem Vítimas";"Amanhecer";"Crescente";"Ceu Claro";"Dupla";"Reta";"Rural";2;0;0;0;2;0;0;2
83473270;"09/06/16";"Quinta";"17:25:00";"GO";70;"1,3";"AGUAS LINDAS DE GOIAS";"Falta de atenção";"Colisão traseira";"Com Vítimas Feridas";"Pleno dia";"Crescente";"Ceu Claro";"Dupla";"Curva";"Urbano";3;0;1;0;2;0;1;2
83473271;"14/06/16";"Terça";"05:10:00";"MS";158;"270";"TRES LAGOAS";"Desobediência à sinalização";"Colisão com bicicleta";"Com Vítimas Feridas";"Amanhecer";"Crescente";"Nublado";"Simples";"Curva";"Rural";2;0;2;0;0;0;2;2
83473273;"05/05/16";"Quinta";"04:40:00";"PR";476;"126,8";"CURITIBA";"Outras";"Queda de motocicleta / bicicleta / veículo";"Com Vítimas Feridas";"Plena noite";"Crescente";"Nublado";"Dupla";"Reta";"Urbano";1;0;1;0;0;0;1;1
83473274;"07/06/16";"Terça";"05:00:00";"GO";40;"113,1";"CRISTALINA";"Outras";"Capotamento";"Com Vítimas Feridas";"Plena noite";"Decrescente";"Ceu Claro";"Dupla";"Reta";"Rural";1;0;1;0;0;0;1;1
83473275;"10/06/16";"Sexta";"18:30:00";"MG";267;"79,5";"JUIZ DE FORA";"Desobediência à sinalização";"Colisão frontal";"Com Vítimas Feridas";"Plena noite";"Crescente";"Nublado";"Simples";"Reta";"Rural";2;0;1;1;0;0;2;2
83473276;"06/06/16";"Segunda";"23:50:00";"PR";116;"25";"CAMPINA GRANDE DO SUL";"Falta de atenção";"Colisão traseira";"Com Vítimas Feridas";"Plena noite";"Decrescente";"Chuva";"Múltipla";"Reta";"Rural";2;0;1;0;1;0;1;2
83473277;"12/06/16";"Domingo";"04:30:00";"GO";153;"539";"HIDROLANDIA";"Ingestão de álcool";"Tombamento";"Com Vítimas Feridas";"Plena noite";"Crescente";"Ceu Claro";"Dupla";"Reta";"Rural";1;0;0;1;0;0;1;1
83473278;"14/06/16";"Terça";"07:30:00";"RN";101;"84";"NATAL";"Falta de atenção";"Colisão lateral";"Com Vítimas Feridas";"Pleno dia";"Decrescente";"Nublado";"Dupla";"Reta";"Urbano";3;0;2;0;0;1;2;2
83473279;"10/06/16";"Sexta";"22:30:00";"MG";262;"801,7";"UBERABA";"Velocidade incompatível";"Capotamento";"Com Vítimas Feridas";"Plena noite";"Decrescente";"Ceu Claro";"Dupla";"Curva";"Urbano";1;0;0;1;0;0;1;1
83473280;"29/05/16";"Domingo";"13:00:00";"MG";153;"51,5";"MONTE ALEGRE DE MINAS";"Velocidade incompatível";"Saída de Pista";"Sem Vítimas";"Pleno dia";"Crescente";"Chuva";"Dupla";"Curva";"Rural";1;0;0;0;1;0;0;1
83473281;"11/06/16";"Sábado";"06:30:00";"RO";364;"220";"PIMENTA BUENO";"Outras";"Colisão frontal";"Com Vítimas Fatais";"Amanhecer";"Crescente";"Ceu Claro";"Simples";"Reta";"Rural";2;1;0;1;0;0;1;2
83473282;"10/06/16";"Sexta";"14:18:00";"PA";316;"112";"SANTA MARIA DO PARA";"Falta de atenção";"Colisão Transversal";"Sem Vítimas";"Pleno dia";"Crescente";"Ceu Claro";"Simples";"Curva";"Rural";2;0;0;0;2;0;0;2
83473283;"11/06/16";"Sábado";"00:05:00";"ES";259;"59,1";"COLATINA";"Defeito mecânico em veículo";"Colisão traseira";"Com Vítimas Feridas";"Plena noite";"Decrescente";"Ignorada";"Simples";"Reta";"Rural";5;0;2;0;3;0;2;2
83473284;"14/06/16";"Terça";"07:25:00";"PR";476;"171";"CONTENDA";"Falta de atenção";"Atropelamento de pessoa";"Com Vítimas Feridas";"Pleno dia";"Decrescente";"Sol";"Dupla";"Reta";"Rural";5;0;0;2;3;0;2;2
83473285;"11/06/16";"Sábado";"05:30:00";"CE";116;"74";"CHOROZINHO";"Animais na Pista";"Atropelamento de animal";"Com Vítimas Feridas";"Amanhecer";"Crescente";"Ceu Claro";"Simples";"Reta";"Rural";1;0;0;1;0;0;1;1
83473286;"13/06/16";"Segunda";"15:50:00";"PR";376;"185";"SARANDI";"Velocidade incompatível";"Saída de Pista";"Sem Vítimas";"Pleno dia";"Crescente";"Ceu Claro";"Dupla";"Reta";"Urbano";1;0;0;0;1;0;0;1
83473287;"14/06/16";"Terça";"07:30:00";"RS";116;"245,5";"SAO LEOPOLDO";"Não guardar distância de segurança";"Colisão traseira";"Com Vítimas Feridas";"Pleno dia";"Decrescente";"Sol";"Dupla";"Reta";"Urbano";2;0;0;1;1;0;1;2
83473288;"12/06/16";"Domingo";"00:40:00";"SC";101;"206";"SAO JOSE";"Ingestão de álcool";"Colisão traseira";"Com Vítimas Feridas";"Plena noite";"Crescente";"Nublado";"Dupla";"Reta";"Urbano";6;0;2;0;4;0;2;4
83473290;"10/06/16";"Sexta";"17:40:00";"PB";230;"27";"JOAO PESSOA";"Defeito mecânico em veículo";"Incêndio";"Sem Vítimas";"Anoitecer";"Decrescente";"Ceu Claro";"Dupla";"Curva";"Urbano";1;0;0;0;1;0;0;1
83473291;"14/06/16";"Terça";"06:15:00";"PE";232;"8,1";"RECIFE";"Falta de atenção";"Colisão lateral";"Com Vítimas Feridas";"Pleno dia";"Decrescente";"Nublado";"Dupla";"Reta";"Urbano";2;0;1;0;1;0;1;2
83473293;"10/06/16";"Sexta";"19:30:00";"MG";50;"41,3";"UBERLANDIA";"Falta de atenção";"Saída de Pista";"Sem Vítimas";"Plena noite";"Decrescente";"Ceu Claro";"Dupla";"Reta";"Rural";1;0;0;0;1;0;0;1
83473294;"14/05/16";"Sábado";"10:00:00";"CE";20;"430";"EUSEBIO";"Outras";"Saída de Pista";"Com Vítimas Feridas";"Pleno dia";"Crescente";"Ceu Claro";"Dupla";"Reta";"Urbano";1;0;1;0;0;0;1;1
83473296;"14/06/16";"Terça";"08:02:00";"RJ";101;"334";"RIO DE JANEIRO";"Outras";"Colisão lateral";"Com Vítimas Feridas";"Pleno dia";"Crescente";"Ceu Claro";"Dupla";"Reta";"Urbano";3;0;1;0;1;1;1;2
83473297;"10/06/16";"Sexta";"19:00:00";"PR";376;"599,3";"CURITIBA";"Não guardar distância de segurança";"Colisão lateral";"Sem Vítimas";"Plena noite";"Decrescente";"Ceu Claro";"Dupla";"Reta";"Urbano";2;0;0;0;2;0;0;2
83473298;"10/06/16";"Sexta";"18:30:00";"SP";153;"63,9";"SAO JOSE DO RIO PRETO";"Falta de atenção";"Colisão traseira";"Sem Vítimas";"Anoitecer";"Decrescente";"Nublado";"Dupla";"Reta";"Urbano";3;0;0;0;3;0;0;3
83473299;"08/06/16";"Quarta";"20:00:00";"RJ";356;"1";"ITAPERUNA";"Outras";"Tombamento";"Sem Vítimas";"Pleno dia";"Crescente";"Ceu Claro";"Simples";"Curva";"Rural";1;0;0;0;1;0;0;1
83473300;"11/06/16";"Sábado";"00:15:00";"SC";101;"254,3";"PAULO LOPES";"Defeito mecânico em veículo";"Capotamento";"Com Vítimas Feridas";"Plena noite";"Crescente";"Nublado";"Dupla";"Reta";"Urbano";3;0;3;0;0;0;3;1
83473301;"13/06/16";"Segunda";"16:25:00";"PE";232;"381,7";"CALUMBI";"Não guardar distância de segurança";"Colisão lateral";"Sem Vítimas";"Pleno dia";"Crescente";"Ceu Claro";"Simples";"Reta";"Rural";6;0;0;0;6;0;0;2
83473302;"11/06/16";"Sábado";"05:15:00";"CE";116;"11";"FORTALEZA";"Outras";"Atropelamento de pessoa";"Com Vítimas Fatais";"Amanhecer";"Decrescente";"Ceu Claro";"Múltipla";"Reta";"Urbano";2;1;0;0;0;1;0;1
83473303;"11/06/16";"Sábado";"19:40:00";"RJ";485;"1";"ITATIAIA";"Ingestão de álcool";"Colisão frontal";"Sem Vítimas";"Plena noite";"Crescente";"Nublado";"Simples";"Reta";"Urbano";2;0;0;0;2;0;0;2
83473304;"10/06/16";"Sexta";"21:12:00";"SC";470;"296,8";"CAMPOS NOVOS";"Ultrapassagem indevida";"Colisão frontal";"Com Vítimas Feridas";"Plena noite";"Decrescente";"Ceu Claro";"Simples";"Reta";"Rural";5;0;1;1;3;0;2;2
83473305;"11/06/16";"Sábado";"02:00:00";"BA";101;"8";"RIO REAL";"Falta de atenção";"Tombamento";"Sem Vítimas";"Plena noite";"Decrescente";"Nublado";"Simples";"Reta";"Rural";1;0;0;0;1;0;0;1
83473306;"10/06/16";"Sexta";"18:30:00";"DF";40;"4";"BRASILIA";"Não guardar distância de segurança";"Colisão traseira";"Sem Vítimas";"Anoitecer";"Decrescente";"Nublado";"Dupla";"Reta";"Urbano";2;0;0;0;2;0;0;2