"id";"data_inversa";"dia_semana";"horario";"uf";"br";"km";"municipio";"causa_acidente";"tipo_acidente";"classificacao_acidente";"fase_dia";"sentido_via";"condicao_metereologica";"tipo_pista";"tracado_via";"uso_solo";"pessoas";"mortos";"feridos_leves";"feridos_graves";"ilesos";"ignorados";"feridos";"veiculos"
83473760;"15/06/16";"Quarta";"14:15:00";"PR";476;"123";"CURITIBA";"Falta de atenção";"Colisão traseira";"Com Vítimas Fatais";"Pleno dia";"Crescente";"Ceu Claro";"Dupla";"Curva";"Urbano";3;1;0;0;2;0;0;3
83473761;"15/06/16";"Quarta";"17:00:00";"RS";470;"226";"GARIBALDI";"Falta de atenção";"Colisão traseira";"Sem Vítimas";"Pleno dia";"Crescente";"Ceu Claro";"Simples";"Reta";"Urbano";2;0;0;0;2;0;0;2
83473762;"16/06/16";"Quinta";"04:20:00";"SC";101;"117";"ITAJAI";"Outras";"Tombamento";"Sem Vítimas";"Plena noite";"Decrescente";"Ceu Claro";"Simples";"Curva";"Urbano";1;0;0;0;1;0;0;1
83473763;"16/06/16";"Quinta";"04:25:00";"RS";158;"484,7";"ROSARIO DO SUL";"Outras";"Capotamento";"Com Vítimas Feridas";"Plena noite";"Decrescente";"Nublado";"Simples";"Reta";"Rural";2;0;1;0;1;0;1;1
83473764;"15/06/16";"Quarta";"18:31:00";"MS";158;"320";"BRASILANDIA";"Animais na Pista";"Atropelamento de animal";"Sem Vítimas";"Plena noite";"Decrescente";"Ceu Claro";"Simples";"Reta";"Rural";3;0;0;0;3;0;0;1
83473765;"12/06/16";"Domingo";"01:00:00";"MG";251;"334";"SALINAS";"Velocidade incompatível";"Tombamento";"Com Vítimas Feridas";"Plena noite";"Crescente";"Nublado";"Simples";"Curva";"Rural";1;0;0;1;0;0;1;1
83473766;"15/06/16";"Quarta";"17:20:00";"BA";116;"415";"FEIRA DE SANTANA";"Ingestão de álcool";"Colisão traseira";"Sem Vítimas";"Anoitecer";"Crescente";"Chuva";"Simples";"Reta";"Rural";4;0;0;0;4;0;0;4
83473767;"15/06/16";"Quarta";"18:30:00";"MS";158;"320,2";"TRES LAGOAS";"Animais na Pista";"Atropelamento de animal";"Com Vítimas Fatais";"Plena noite";"Decrescente";"Nevoeiro/neblina";"Simples";"Reta";"Rural";2;1;1;0;0;0;1;1
83473768;"15/06/16";"Quarta";"20:10:00";"AL";101;"72,9";"MESSIAS";"Outras";"Colisão frontal";"Com Vítimas Fatais";"Plena noite";"Decrescente";"Ceu Claro";"Simples";"Curva";"Rural";2;1;0;0;1;0;0;2
83473769;"14/06/16";"Terça";"22:30:00";"PE";423;"79,5";"JUCATI";"Ingestão de álcool";"Colisão Transversal";"Com Vítimas Feridas";"Plena noite";"Crescente";"Ceu Claro";"Simples";"Reta";"Urbano";3;0;0;2;1;0;2;2
83473770;"15/06/16";"Quarta";"23:30:00";"PR";476;"173,5";"CONTENDA";"Defeito mecânico em veículo";"Capotamento";"Sem Vítimas";"Plena noite";"Crescente";"Ceu Claro";"Simples";"Curva";"Urbano";1;0;0;0;1;0;0;1
83473771;"12/06/16";"Domingo";"18:35:00";"PE";428;"186,2";"PETROLINA";"Outras";"Colisão lateral";"Sem Vítimas";"Plena noite";"Crescente";"Ignorada";"Simples";"Reta";"Urbano";2;0;0;0;2;0;0;2
83473772;"15/06/16";"Quarta";"13:00:00";"BA";116;"350";"SERRINHA";"Falta de atenção";"Colisão Transversal";"Com Vítimas Feridas";"Pleno dia";"Decrescente";"Ceu Claro";"Simples";"Reta";"Rural";3;0;0;2;0;1;2;2
83473773;"15/06/16";"Quarta";"17:20:00";"PE";407;"129";"PETROLINA";"Desobediência à sinalização";"Colisão Transversal";"Com Vítimas Feridas";"Anoitecer";"Decrescente";"Sol";"Simples";"Cruzamento";"Urbano";2;0;0;1;1;0;1;2
83473774;"16/06/16";"Quinta";"04:45:00";"SP";116;"507,5";"CAJATI";"Velocidade incompatível";"Derramamento de Carga";"Sem Vítimas";"Plena noite";"Decrescente";"Nublado";"Simples";"Curva";"Rural";1;0;0;0;1;0;0;1
83473775;"11/06/16";"Sábado";"10:30:00";"MT";364;"339";"SANTO ANTONIO DO LEVERGER";"Falta de atenção";"Colisão traseira";"Sem Vítimas";"Pleno dia";"Crescente";"Sol";"Simples";"Reta";"Rural";2;0;0;0;2;0;0;2
83473776;"16/06/16";"Quinta";"04:25:00";"MG";381;"798";"SAO GONCALO DO SAPUCAI";"Velocidade incompatível";"Saída de Pista";"Sem Vítimas";"Plena noite";"Decrescente";"Ceu Claro";"Dupla";"Curva";"Rural";1;0;0;0;1;0;0;1
83473777;"15/06/16";"Quarta";"22:30:00";"MG";381;"821";"CAREACU";"Dormindo";"Saída de Pista";"Com Vítimas Feridas";"Plena noite";"Decrescente";"Ceu Claro";"Dupla";"Reta";"Rural";1;0;1;0;0;0;1;1
83473778;"16/06/16";"Quinta";"01:00:00";"MG";381;"717,4";"CARMO DA CACHOEIRA";"Dormindo";"Capotamento";"Sem Vítimas";"Plena noite";"Decrescente";"Ceu Claro";"Dupla";"Curva";"Rural";1;0;0;0;1;0;0;1
83473780;"16/06/16";"Quinta";"06:00:00";"ES";262;"4,6";"CARIACICA";"Outras";"Colisão lateral";"Com Vítimas Feridas";"Amanhecer";"Decrescente";"Ceu Claro";"Dupla";"Reta";"Urbano";2;0;1;0;0;1;1;2
83473781;"15/06/16";"Quarta";"22:05:00";"MG";116;"737,9";"LARANJAL";"Falta de atenção";"Saída de Pista";"Com Vítimas Feridas";"Plena noite";"Crescente";"Ceu Claro";"Simples";"Reta";"Rural";3;0;2;0;1;0;2;1
83473782;"12/06/16";"Domingo";"17:00:00";"MG";251;"337";"FRUTA DE LEITE";"Falta de atenção";"Colisão Transversal";"Com Vítimas Fatais";"Pleno dia";"Crescente";"Ceu Claro";"Simples";"Reta";"Rural";2;1;0;0;0;1;0;2
83473783;"12/06/16";"Domingo";"17:22:00";"PR";277;"725,7";"FOZ DO IGUACU";"Desobediência à sinalização";"Colisão Transversal";"Com Vítimas Feridas";"Pleno dia";"Decrescente";"Sol";"Dupla";"Reta";"Urbano";3;0;1;0;2;0;1;2
83473784;"12/06/16";"Domingo";"23:00:00";"GO";40;"1,2";"VALPARAISO DE GOIAS";"Falta de atenção";"Colisão com objeto fixo";"Com Vítimas Feridas";"Plena noite";"Crescente";"Ceu Claro";"Dupla";"Reta";"Urbano";1;0;1;0;0;0;1;1
83473785;"13/06/16";"Segunda";"00:00:00";"DF";251;"36";"BRASILIA";"Ingestão de álcool";"Colisão frontal";"Com Vítimas Feridas";"Plena noite";"Crescente";"Ceu Claro";"Dupla";"Reta";"Rural";6;0;0;1;5;0;1;2
83473786;"13/06/16";"Segunda";"07:20:00";"SC";280;"28,6";"ARAQUARI";"Outras";"Colisão com objeto fixo";"Com Vítimas Feridas";"Amanhecer";"Crescente";"Ceu Claro";"Simples";"Reta";"Urbano";1;0;1;0;0;0;1;1
83473787;"12/06/16";"Domingo";"16:15:00";"SC";470;"119,6";"IBIRAMA";"Falta de atenção";"Colisão lateral";"Sem Vítimas";"Pleno dia";"Crescente";"Nublado";"Simples";"Reta";"Urbano";2;0;0;0;2;0;0;2
83473788;"12/06/16";"Domingo";"10:00:00";"MA";316;"266";"SANTA INES";"Falta de atenção";"Colisão com bicicleta";"Com Vítimas Fatais";"Pleno dia";"Crescente";"Sol";"Simples";"Reta";"Rural";2;1;0;0;1;0;0;2
83473789;"22/01/16";"Sexta";"21:00:00";"PR";277;"108";"CAMPO LARGO";"Outras";"Colisão Transversal";"Com Vítimas Feridas";"Plena noite";"Crescente";"Ceu Claro";"Dupla";"Reta";"Rural";2;0;0;1;1;0;1;2
83473790;"16/06/16";"Quinta";"05:10:00";"MS";163;"610,4";"SAO GABRIEL DO OESTE";"Ultrapassagem indevida";"Colisão lateral";"Com Vítimas Feridas";"Amanhecer";"Decrescente";"Ceu Claro";"Simples";"Reta";"Rural";4;0;1;0;3;0;1;3
83473791;"13/06/16";"Segunda";"06:40:00";"CE";20;"336,5";"CARIDADE";"Ingestão de álcool";"Colisão lateral";"Sem Vítimas";"Amanhecer";"Crescente";"Ceu Claro";"Simples";"Reta";"Rural";3;0;0;0;3;0;0;2
83473792;"16/06/16";"Quinta";"07:00:00";"SC";101;"207";"SAO JOSE";"Desobediência à sinalização";"Colisão Transversal";"Com Vítimas Feridas";"Pleno dia";"Decrescente";"Nublado";"Simples";"Reta";"Urbano";3;0;2;0;1;0;2;2
83473794;"08/06/16";"Quarta";"19:30:00";"PR";277;"123";"CAMPO LARGO";"Falta de atenção";"Atropelamento de pessoa";"Com Vítimas Feridas";"Plena noite";"Decrescente";"Ceu Claro";"Simples";"Reta";"Rural";2;0;0;1;1;0;1;1
83473795;"07/05/16";"Sábado";"18:30:00";"PR";277;"242,9";"IRATI";"Outras";"Colisão frontal";"Com Vítimas Fatais";"Plena noite";"Decrescente";"Chuva";"Simples";"Curva";"Rural";6;3;1;1;1;0;2;2
83473796;"12/06/16";"Domingo";"22:50:00";"SC";470;"167,6";"POUSO REDONDO";"Falta de atenção";"Colisão lateral";"Com Vítimas Feridas";"Plena noite";"Crescente";"Nublado";"Simples";"Curva";"Urbano";2;0;1;0;1;0;1;2
83473797;"12/06/16";"Domingo";"22:30:00";"RJ";101;"318";"SAO GONCALO";"Defeito na via";"Colisão frontal";"Com Vítimas Feridas";"Plena noite";"Decrescente";"Ceu Claro";"Simples";"Curva";"Urbano";3;0;1;1;1;0;2;2
83473798;"18/04/16";"Segunda";"06:50:00";"MG";262;"437,8";"BOM DESPACHO";"Velocidade incompatível";"Colisão traseira";"Com Vítimas Feridas";"Amanhecer";"Crescente";"Ceu Claro";"Dupla";"Reta";"Rural";3;0;1;1;1;0;2;2
83473799;"12/06/16";"Domingo";"00:20:00";"PR";280;"289";"FLOR DA SERRA DO SUL";"Velocidade incompatível";"Capotamento";"Com Vítimas Feridas";"Plena noite";"Decrescente";"Ceu Claro";"Simples";"Curva";"Urbano";2;0;0;1;1;0;1;1
83473800;"12/06/16";"Domingo";"11:30:00";"MG";40;"530";"CONTAGEM";"Outras";"Queda de motocicleta / bicicleta / veículo";"Com Vítimas Feridas";"Pleno dia";"Crescente";"Ceu Claro";"Dupla";"Curva";"Urbano";1;0;1;0;0;0;1;1
83473801;"16/06/16";"Quinta";"06:20:00";"PR";153;"461";"UNIAO DA VITORIA";"Dormindo";"Tombamento";"Sem Vítimas";"Amanhecer";"Crescente";"Ceu Claro";"Simples";"Reta";"Rural";1;0;0;0;1;0;0;1
83473802;"14/06/16";"Terça";"06:40:00";"PR";163;"158,4";"SANTA LUCIA";"Não guardar distância de segurança";"Colisão frontal";"Com Vítimas Feridas";"Amanhecer";"Crescente";"Ceu Claro";"Simples";"Reta";"Urbano";5;0;1;0;4;0;1;2
83473803;"12/06/16";"Domingo";"06:20:00";"MG";116;"159,1";"PONTO DOS VOLANTES";"Defeito na via";"Colisão lateral";"Com Vítimas Feridas";"Amanhecer";"Decrescente";"Nublado";"Simples";"Curva";"Rural";2;0;1;0;1;0;1;2
83473804;"15/06/16";"Quarta";"22:30:00";"SP";116;"165";"JACAREI";"Defeito mecânico em veículo";"Colisão com objeto fixo";"Sem Vítimas";"Plena noite";"Crescente";"Ceu Claro";"Dupla";"Reta";"Rural";2;0;0;0;2;0;0;2
83473805;"12/06/16";"Domingo";"06:20:00";"SE";101;"9,2";"CEDRO DE SAO JOAO";"Desobediência à sinalização";"Colisão frontal";"Com Vítimas Fatais";"Amanhecer";"Decrescente";"Ceu Claro";"Simples";"Reta";"Rural";2;1;0;0;0;1;0;2
83473806;"23/05/16";"Segunda";"06:40:00";"RJ";101;"294";"ITABORAI";"Outras";"Colisão Transversal";"Com Vítimas Feridas";"Pleno dia";"Crescente";"Ceu Claro";"Simples";"Reta";"Urbano";2;0;1;0;1;0;1;2
83473807;"16/06/16";"Quinta";"07:40:00";"MG";116;"416,3";"GOVERNADOR VALADARES";"Falta de atenção";"Atropelamento de pessoa";"Com Vítimas Feridas";"Pleno dia";"Decrescente";"Ceu Claro";"Simples";"Reta";"Urbano";2;0;0;1;1;0;1;1
83473808;"13/06/16";"Segunda";"00:30:00";"PE";232;"275";"SERTANIA";"Dormindo";"Colisão lateral";"Sem Vítimas";"Plena noite";"Crescente";"Ceu Claro";"Simples";"Reta";"Rural";3;0;0;0;3;0;0;2
83473809;"12/06/16";"Domingo";"18:35:00";"SC";101;"216,8";"PALHOCA";"Velocidade incompatível";"Capotamento";"Com Vítimas Feridas";"Plena noite";"Decrescente";"Ceu Claro";"Dupla";"Reta";"Urbano";2;0;0;2;0;0;2;1
83473810;"29/04/16";"Sexta";"13:30:00";"MG";40;"43";"PARACATU";"Falta de atenção";"Colisão Transversal";"Com Vítimas Feridas";"Pleno dia";"Crescente";"Ceu Claro";"Simples";"Reta";"Urbano";2;0;0;1;1;0;1;2
83473811;"13/06/16";"Segunda";"07:40:00";"MG";381;"690,9";"LAVRAS";"Dormindo";"Colisão traseira";"Sem Vítimas";"Pleno dia";"Decrescente";"Ignorada";"Dupla";"Reta";"Rural";2;0;0;0;2;0;0;2
83473813;"12/06/16";"Domingo";"19:10:00";"MG";40;"517";"RIBEIRAO DAS NEVES";"Não guardar distância de segurança";"Colisão traseira";"Com Vítimas Feridas";"Plena noite";"Crescente";"Nublado";"Dupla";"Reta";"Urbano";6;0;3;0;2;1;3;3
83473814;"16/06/16";"Quinta";"06:00:00";"PE";232;"371";"FLORES";"Desobediência à sinalização";"Colisão Transversal";"Com Vítimas Feridas";"Pleno dia";"Crescente";"Nublado";"Simples";"Reta";"Rural";2;0;0;1;1;0;1;2
83473815;"16/06/16";"Quinta";"08:00:00";"PB";230;"28,8";"JOAO PESSOA";"Não guardar distância de segurança";"Colisão traseira";"Com Vítimas Feridas";"Pleno dia";"Crescente";"Ceu Claro";"Dupla";"Reta";"Urbano";2;0;0;1;1;0;1;2
83473816;"16/06/16";"Quinta";"09:30:00";"SC";280;"53,4";"GUARAMIRIM";"Falta de atenção";"Colisão Transversal";"Com Vítimas Feridas";"Pleno dia";"Decrescente";"Ceu Claro";"Simples";"Reta";"Urbano";2;0;1;0;1;0;1;2
83473817;"25/05/16";"Quarta";"10:00:00";"GO";414;"370,8";"COCALZINHO DE GOIAS";"Ingestão de álcool";"Colisão frontal";"Com Vítimas Feridas";"Plena noite";"Crescente";"Ceu Claro";"Simples";"Reta";"Rural";2;0;0;1;1;0;1;2
83473818;"16/06/16";"Quinta";"07:05:00";"PE";232;"16,7";"JABOATAO DOS GUARARAPES";"Falta de atenção";"Colisão traseira";"Com Vítimas Feridas";"Pleno dia";"Decrescente";"Ceu Claro";"Dupla";"Reta";"Rural";7;0;3;2;2;0;5;4
83473819;"13/06/16";"Segunda";"05:00:00";"PE";232;"62";"POMBOS";"Outras";"Capotamento";"Com Vítimas Feridas";"Pleno dia";"Decrescente";"Vento";"Dupla";"Curva";"Rural";1;0;1;0;0;0;1;1
83473820;"08/06/16";"Quarta";"03:20:00";"SC";101;"264,1";"PAULO LOPES";"Dormindo";"Tombamento";"Com Vítimas Feridas";"Plena noite";"Decrescente";"Ceu Claro";"Simples";"Reta";"Urbano";1;0;0;1;0;0;1;1
83473821;"15/06/16";"Quarta";"17:50:00";"PE";104;"72,5";"CARUARU";"Outras";"Colisão Transversal";"Sem Vítimas";"Plena noite";"Decrescente";"Ignorada";"Simples";"Reta";"Rural";3;0;0;0;3;0;0;2
83473822;"16/06/16";"Quinta";"09:10:00";"BA";101;"728,5";"EUNAPOLIS";"Outras";"Colisão lateral";"Com Vítimas Feridas";"Pleno dia";"Decrescente";"Ceu Claro";"Simples";"Reta";"Rural";3;0;2;0;1;0;2;2
83473823;"16/06/16";"Quinta";"07:40:00";"MS";158;"109,1";"PARANAIBA";"Outras";"Saída de Pista";"Com Vítimas Feridas";"Pleno dia";"Crescente";"Ceu Claro";"Simples";"Reta";"Rural";3;0;3;0;0;0;3;1
83473824;"08/06/16";"Quarta";"07:00:00";"RJ";40;"113";"DUQUE DE CAXIAS";"Outras";"Colisão traseira";"Sem Vítimas";"Pleno dia";"Decrescente";"Ceu Claro";"Dupla";"Reta";"Urbano";4;0;0;0;4;0;0;4
83473825;"13/06/16";"Segunda";"09:00:00";"RJ";116;"185";"NOVA IGUACU";"Outras";"Capotamento";"Sem Vítimas";"Pleno dia";"Crescente";"Sol";"Dupla";"Curva";"Urbano";2;0;0;0;2;0;0;1
83473826;"16/06/16";"Quinta";"06:50:00";"MG";50;"38";"ARAGUARI";"Outras";"Colisão com objeto fixo";"Sem Vítimas";"Amanhecer";"Decrescente";"Ceu Claro";"Dupla";"Cruzamento";"Urbano";1;0;0;0;1;0;0;1
83473827;"09/06/16";"Quinta";"01:30:00";"BA";101;"276";"LAJE";"Outras";"Tombamento";"Sem Vítimas";"Plena noite";"Crescente";"Nevoeiro/neblina";"Simples";"Curva";"Rural";1;0;0;0;1;0;0;1
83473828;"16/06/16";"Quinta";"06:30:00";"GO";153;"379,1";"SAO FRANCISCO DE GOIAS";"Ultrapassagem indevida";"Colisão frontal";"Com Vítimas Fatais";"Amanhecer";"Crescente";"Ceu Claro";"Simples";"Reta";"Rural";2;2;0;0;0;0;0;2
83473829;"11/06/16";"Sábado";"14:00:00";"RJ";40;"117";"DUQUE DE CAXIAS";"Outras";"Colisão com objeto fixo";"Sem Vítimas";"Amanhecer";"Crescente";"Ignorada";"Múltipla";"Reta";"Urbano";2;0;0;0;1;1;0;2
83473830;"13/06/16";"Segunda";"06:00:00";"PR";277;"129,1";"BALSA NOVA";"Outras";"Colisão traseira";"Com Vítimas Feridas";"Amanhecer";"Crescente";"Nevoeiro/neblina";"Simples";"Curva";"Rural";2;0;1;0;1;0;1;2
83473831;"11/06/16";"Sábado";"19:10:00";"PR";277;"124";"BALSA NOVA";"Outras";"Colisão lateral";"Sem Vítimas";"Anoitecer";"Crescente";"Ignorada";"Dupla";"Reta";"Rural";2;0;0;0;1;1;0;2
83473832;"08/06/16";"Quarta";"12:20:00";"RO";364;"443";"JARU";"Outras";"Saída de Pista";"Com Vítimas Feridas";"Pleno dia";"Crescente";"Ceu Claro";"Simples";"Reta";"Rural";2;0;1;0;1;0;1;1
83473833;"13/06/16";"Segunda";"06:10:00";"PR";277;"725";"FOZ DO IGUACU";"Falta de atenção";"Saída de Pista";"Com Vítimas Feridas";"Amanhecer";"Decrescente";"Nublado";"Dupla";"Reta";"Urbano";2;0;1;0;1;0;1;1
83473834;"16/06/16";"Quinta";"10:00:00";"PA";316;"13";"MARITUBA";"Outras";"Colisão traseira";"Sem Vítimas";"Pleno dia";"Crescente";"Sol";"Dupla";"Reta";"Urbano";2;0;0;0;2;0;0;2
83473835;"12/06/16";"Domingo";"19:00:00";"SC";470;"103,2";"APIUNA";"Falta de atenção";"Colisão frontal";"Com Vítimas Feridas";"Amanhecer";"Crescente";"Nublado";"Simples";"Reta";"Urbano";2;0;2;0;0;0;2;2
83473836;"16/06/16";"Quinta";"08:00:00";"GO";60;"166";"GOIANIA";"Falta de atenção";"Colisão lateral";"Com Vítimas Feridas";"Pleno dia";"Decrescente";"Sol";"Dupla";"Cruzamento";"Urbano";2;0;1;1;0;0;2;2
83473837;"16/06/16";"Quinta";"08:12:00";"AL";101;"139,2";"SAO MIGUEL DOS CAMPOS";"Defeito mecânico em veículo";"Colisão lateral";"Com Vítimas Feridas";"Pleno dia";"Crescente";"Sol";"Simples";"Reta";"Rural";2;0;1;0;1;0;1;2
83473839;"12/06/16";"Domingo";"18:30:00";"SP";381;"48";"ATIBAIA";"Defeito mecânico em veículo";"Colisão traseira";"Sem Vítimas";"Plena noite";"Crescente";"Nublado";"Dupla";"Reta";"Rural";2;0;0;0;2;0;0;2
83473840;"16/06/16";"Quinta";"00:10:00";"PE";316;"229,1";"BELEM DE SAO FRANCISCO";"Outras";"Colisão com objeto fixo";"Com Vítimas Feridas";"Plena noite";"Crescente";"Vento";"Simples";"Reta";"Rural";1;0;1;0;0;0;1;1
83473841;"13/06/16";"Segunda";"07:45:00";"PR";272;"373,8";"CAMPO MOURAO";"Defeito mecânico em veículo";"Colisão lateral";"Sem Vítimas";"Pleno dia";"Crescente";"Sol";"Simples";"Reta";"Rural";3;0;0;0;2;1;0;3
83473842;"02/06/16";"Quinta";"18:20:00";"SC";101;"147";"ITAPEMA";"Falta de atenção";"Colisão Transversal";"Com Vítimas Feridas";"Anoitecer";"Decrescente";"Sol";"Dupla";"Cruzamento";"Urbano";2;0;1;0;1;0;1;2
83473843;"10/06/16";"Sexta";"13:40:00";"SP";153;"62,1";"SAO JOSE DO RIO PRETO";"Falta de atenção";"Colisão traseira";"Com Vítimas Feridas";"Pleno dia";"Crescente";"Ceu Claro";"Dupla";"Reta";"Urbano";5;0;2;0;3;0;2;4
83473844;"16/06/16";"Quinta";"08:45:00";"PR";116;"109";"CURITIBA";"Velocidade incompatível";"Capotamento";"Sem Vítimas";"Pleno dia";"Decrescente";"Ceu Claro";"Dupla";"Reta";"Urbano";1;0;0;0;1;0;0;1
83473845;"16/06/16";"Quinta";"09:50:00";"GO";50;"306,6";"CUMARI";"Defeito mecânico em veículo";"Saída de Pista";"Sem Vítimas";"Pleno dia";"Crescente";"Ceu Claro";"Simples";"Reta";"Rural";1;0;0;0;1;0;0;1
83473846;"14/06/16";"Terça";"07:30:00";"MG";153;"59";"MONTE ALEGRE DE MINAS";"Falta de atenção";"Colisão traseira";"Com Vítimas Feridas";"Pleno dia";"Decrescente";"Ceu Claro";"Simples";"Reta";"Rural";2;0;1;0;1;0;1;2
83473847;"16/06/16";"Quinta";"11:45:00";"PE";232;"69";"GRAVATA";"Outras";"Colisão lateral";"Sem Vítimas";"Pleno dia";"Crescente";"Sol";"Dupla";"Curva";"Urbano";2;0;0;0;2;0;0;2
83473848;"16/06/16";"Quinta";"10:00:00";"RJ";393;"274";"BARRA DO PIRAI";"Velocidade incompatível";"Tombamento";"Sem Vítimas";"Pleno dia";"Crescente";"Sol";"Simples";"Curva";"Rural";1;0;0;0;1;0;0;1
83473849;"19/05/16";"Quinta";"10:15:00";"MG";381;"145,3";"GOVERNADOR VALADARES";"Desobediência à sinalização";"Colisão lateral";"Com Vítimas Feridas";"Pleno dia";"Decrescente";"Nublado";"Simples";"Reta";"Rural";2;0;2;0;0;0;2;2
83473850;"16/06/16";"Quinta";"10:00:00";"TO";242;"485,9";"FORMOSO DO ARAGUAIA";"Falta de atenção";"Saída de Pista";"Com Vítimas Feridas";"Pleno dia";"Decrescente";"Ceu Claro";"Simples";"Reta";"Rural";3;0;1;2;0;0;3;1
83473851;"12/06/16";"Domingo";"22:00:00";"RJ";40;"116";"DUQUE DE CAXIAS";"Falta de atenção";"Capotamento";"Sem Vítimas";"Plena noite";"Crescente";"Ceu Claro";"Dupla";"Reta";"Urbano";2;0;0;0;1;1;0;2
83473852;"16/06/16";"Quinta";"10:30:00";"RJ";101;"117";"CAMPOS DOS GOYTACAZES";"Falta de atenção";"Colisão lateral";"Sem Vítimas";"Pleno dia";"Crescente";"Ceu Claro";"Dupla";"Reta";"Rural";2;0;0;0;1;1;0;2
83473853;"13/06/16";"Segunda";"17:00:00";"MG";50;"22";"ARAGUARI";"Outras";"Derramamento de Carga";"Sem Vítimas";"Pleno dia";"Decrescente";"Ceu Claro";"Dupla";"Reta";"Rural";1;0;0;0;1;0;0;1
83473854;"15/06/16";"Quarta";"06:30:00";"SE";101;"63,2";"ROSARIO DO CATETE";"Falta de atenção";"Colisão traseira";"Sem Vítimas";"Pleno dia";"Decrescente";"Chuva";"Simples";"Reta";"Urbano";2;0;0;0;2;0;0;2
83473855;"07/06/16";"Terça";"23:30:00";"MT";163;"874";"SINOP";"Dormindo";"Saída de Pista";"Sem Vítimas";"Plena noite";"Crescente";"Ceu Claro";"Simples";"Reta";"Rural";1;0;0;0;1;0;0;1
83473856;"16/06/16";"Quinta";"10:50:00";"RN";304;"47,9";"MOSSORO";"Falta de atenção";"Colisão traseira";"Com Vítimas Feridas";"Pleno dia";"Crescente";"Sol";"Simples";"Curva";"Urbano";4;0;1;0;3;0;1;2
83473857;"16/06/16";"Quinta";"12:45:00";"MG";116;"415,7";"GOVERNADOR VALADARES";"Não guardar distância de segurança";"Colisão lateral";"Com Vítimas Feridas";"Plena noite";"Decrescente";"Ceu Claro";"Simples";"Cruzamento";"Urbano";2;0;1;0;1;0;1;2
83473858;"16/06/16";"Quinta";"05:30:00";"MG";365;"355";"VARJAO DE MINAS";"Outras";"Colisão frontal";"Com Vítimas Fatais";"Amanhecer";"Decrescente";"Ceu Claro";"Simples";"Reta";"Rural";2;1;0;0;1;0;0;2
83473859;"16/06/16";"Quinta";"11:50:00";"SC";282;"497,7";"XANXERE";"Desobediência à sinalização";"Colisão Transversal";"Com Vítimas Feridas";"Pleno dia";"Crescente";"Nublado";"Simples";"Cruzamento";"Rural";3;0;2;0;1;0;2;2
83473860;"16/06/16";"Quinta";"07:30:00";"MG";40;"794,6";"JUIZ DE FORA";"Outras";"Colisão traseira";"Com Vítimas Feridas";"Pleno dia";"Crescente";"Nevoeiro/neblina";"Dupla";"Reta";"Rural";3;0;1;1;1;0;2;2
83473861;"13/06/16";"Segunda";"02:00:00";"TO";153;"121";"WANDERLANDIA";"Falta de atenção";"Atropelamento de pessoa";"Com Vítimas Fatais";"Plena noite";"Crescente";"Ceu Claro";"Simples";"Reta";"Rural";2;1;0;0;0;1;0;1
83473862;"12/06/16";"Domingo";"05:30:00";"SC";116;"234,6";"LAGES";"Velocidade incompatível";"Saída de Pista";"Sem Vítimas";"Plena noite";"Decrescente";"Ceu Claro";"Simples";"Curva";"Rural";1;0;0;0;1;0;0;1
83473863;"16/06/16";"Quinta";"10:46:00";"RN";406;"103";"JOAO CAMARA";"Desobediência à sinalização";"Colisão Transversal";"Com Vítimas Feridas";"Pleno dia";"Crescente";"Ceu Claro";"Simples";"Reta";"Urbano";2;0;1;0;1;0;1;2
83473864;"10/06/16";"Sexta";"12:30:00";"GO";80;"7,1";"PADRE BERNARDO";"Ultrapassagem indevida";"Colisão frontal";"Com Vítimas Fatais";"Pleno dia";"Crescente";"Ceu Claro";"Simples";"Reta";"Rural";7;1;1;1;4;0;2;3
83473865;"12/06/16";"Domingo";"20:00:00";"MG";381;"477,5";"CONTAGEM";"Não guardar distância de segurança";"Colisão lateral";"Com Vítimas Feridas";"Plena noite";"Decrescente";"Ceu Claro";"Dupla";"Reta";"Urbano";3;0;2;0;1;0;2;2
83473866;"16/06/16";"Quinta";"09:30:00";"RN";101;"116,5";"SAO JOSE DE MIPIBU";"Outras";"Colisão lateral";"Com Vítimas Feridas";"Pleno dia";"Crescente";"Ceu Claro";"Simples";"Reta";"Urbano";5;0;1;0;4;0;1;5
83473867;"16/06/16";"Quinta";"10:30:00";"PR";369;"90,4";"CORNELIO PROCOPIO";"Falta de atenção";"Colisão com bicicleta";"Com Vítimas Feridas";"Pleno dia";"Decrescente";"Sol";"Dupla";"Reta";"Urbano";2;0;1;0;1;0;1;2
83473868;"16/06/16";"Quinta";"11:20:00";"PR";277;"409,8";"CANDOI";"Falta de atenção";"Capotamento";"Sem Vítimas";"Pleno dia";"Decrescente";"Ceu Claro";"Simples";"Curva";"Rural";1;0;0;0;1;0;0;1
83473869;"16/06/16";"Quinta";"08:30:00";"SC";282;"220,1";"LAGES";"Defeito mecânico em veículo";"Saída de Pista";"Com Vítimas Feridas";"Pleno dia";"Crescente";"Ceu Claro";"Simples";"Reta";"Urbano";1;0;1;0;0;0;1;1
83473870;"16/06/16";"Quinta";"08:00:00";"MT";364;"86";"ALTO GARCAS";"Não guardar distância de segurança";"Colisão traseira";"Sem Vítimas";"Pleno dia";"Decrescente";"Ceu Claro";"Simples";"Reta";"Rural";4;0;0;0;4;0;0;4