"id";"data_inversa";"dia_semana";"horario";"uf";"br";"km";"municipio";"causa_acidente";"tipo_acidente";"classificacao_acidente";"fase_dia";"sentido_via";"condicao_metereologica";"tipo_pista";"tracado_via";"uso_solo";"pessoas";"mortos";"feridos_leves";"feridos_graves";"ilesos";"ignorados";"feridos";"veiculos"
83473981;"16/06/16";"Quinta";"18:00:00";"MG";262;"438,5";"NOVA SERRANA";"Falta de atenção";"Atropelamento de pessoa";"Com Vítimas Feridas";"Anoitecer";"Crescente";"Ceu Claro";"Dupla";"Reta";"Rural";2;0;1;0;1;0;1;1
83473982;"16/06/16";"Quinta";"17:30:00";"BA";101;"718,5";"EUNAPOLIS";"Falta de atenção";"Colisão lateral";"Com Vítimas Feridas";"Anoitecer";"Crescente";"Ceu Claro";"Simples";"Reta";"Urbano";2;0;1;0;1;0;1;2
83473983;"14/06/16";"Terça";"17:30:00";"RJ";101;"483";"ANGRA DOS REIS";"Outras";"Derramamento de Carga";"Sem Vítimas";"Anoitecer";"Crescente";"Ceu Claro";"Simples";"Curva";"Urbano";1;0;0;0;1;0;0;1
83473984;"16/06/16";"Quinta";"13:00:00";"ES";101;"320";"GUARAPARI";"Outras";"Colisão com objeto fixo";"Sem Vítimas";"Pleno dia";"Decrescente";"Ceu Claro";"Simples";"Reta";"Urbano";1;0;0;0;1;0;0;1
83473985;"16/06/16";"Quinta";"11:15:00";"MG";381;"891";"CAMBUI";"Velocidade incompatível";"Capotamento";"Com Vítimas Feridas";"Pleno dia";"Crescente";"Ceu Claro";"Simples";"Reta";"Rural";1;0;1;0;0;0;1;1
83473986;"16/06/16";"Quinta";"19:20:00";"PR";277;"703";"SAO MIGUEL DO IGUACU";"Outras";"Saída de Pista";"Com Vítimas Feridas";"Plena noite";"Decrescente";"Nublado";"Dupla";"Reta";"Rural";1;0;0;1;0;0;1;1
83473987;"12/06/16";"Domingo";"22:45:00";"RJ";116;"131";"MAGE";"Outras";"Colisão lateral";"Com Vítimas Feridas";"Plena noite";"Crescente";"Ceu Claro";"Dupla";"Reta";"Urbano";3;0;2;0;1;0;2;2
83473988;"16/06/16";"Quinta";"15:20:00";"GO";452;"179,7";"ITUMBIARA";"Falta de atenção";"Colisão traseira";"Sem Vítimas";"Pleno dia";"Crescente";"Ceu Claro";"Simples";"Reta";"Rural";3;0;0;0;3;0;0;3
83473989;"16/06/16";"Quinta";"09:55:00";"PR";163;"192,5";"SANTA TEREZA DO OESTE";"Falta de atenção";"Colisão lateral";"Com Vítimas Feridas";"Pleno dia";"Decrescente";"Ceu Claro";"Simples";"Reta";"Rural";2;0;1;0;1;0;1;2
83473990;"16/06/16";"Quinta";"13:00:00";"PR";376;"249,5";"APUCARANA";"Velocidade incompatível";"Tombamento";"Com Vítimas Feridas";"Pleno dia";"Decrescente";"Ceu Claro";"Simples";"Cruzamento";"Urbano";1;0;1;0;0;0;1;1
83473991;"12/06/16";"Domingo";"11:30:00";"SC";101;"223,3";"PALHOCA";"Desobediência à sinalização";"Tombamento";"Com Vítimas Feridas";"Pleno dia";"Decrescente";"Nublado";"Dupla";"Reta";"Urbano";2;0;0;1;0;1;1;2
83473992;"16/06/16";"Quinta";"17:00:00";"SE";235;"2,1";"ARACAJU";"Não guardar distância de segurança";"Colisão traseira";"Sem Vítimas";"Pleno dia";"Decrescente";"Chuva";"Dupla";"Reta";"Urbano";3;0;0;0;3;0;0;3
83473993;"16/06/16";"Quinta";"16:30:00";"SC";470;"227,7";"SAO CRISTOVAO DO SUL";"Outras";"Saída de Pista";"Sem Vítimas";"Plena noite";"Crescente";"Chuva";"Simples";"Reta";"Rural";1;0;0;0;1;0;0;1
83473994;"16/06/16";"Quinta";"12:20:00";"SC";282;"304,9";"VARGEM";"Falta de atenção";"Capotamento";"Com Vítimas Feridas";"Pleno dia";"Crescente";"Chuva";"Simples";"Curva";"Urbano";2;0;1;0;1;0;1;1
83473995;"16/06/16";"Quinta";"19:30:00";"MS";60;"450,8";"SIDROLANDIA";"Animais na Pista";"Atropelamento de animal";"Sem Vítimas";"Plena noite";"Decrescente";"Ceu Claro";"Simples";"Reta";"Rural";2;0;0;0;2;0;0;1
83473996;"16/06/16";"Quinta";"05:40:00";"MG";267;"321,2";"CONCEICAO DO RIO VERDE";"Falta de atenção";"Colisão frontal";"Com Vítimas Fatais";"Amanhecer";"Decrescente";"Nevoeiro/neblina";"Simples";"Reta";"Rural";3;1;0;1;1;0;1;2
83473997;"16/06/16";"Quinta";"09:30:00";"PE";116;"5";"SALGUEIRO";"Não guardar distância de segurança";"Colisão traseira";"Sem Vítimas";"Pleno dia";"Decrescente";"Nublado";"Simples";"Curva";"Rural";3;0;0;0;3;0;0;3
83473998;"16/06/16";"Quinta";"17:10:00";"SC";116;"80,5";"MONTE CASTELO";"Defeito mecânico em veículo";"Saída de Pista";"Sem Vítimas";"Pleno dia";"Decrescente";"Nublado";"Simples";"Reta";"Rural";1;0;0;0;1;0;0;1
83473999;"16/06/16";"Quinta";"18:00:00";"SC";116;"149,7";"SANTA CECILIA";"Velocidade incompatível";"Derramamento de Carga";"Sem Vítimas";"Plena noite";"Crescente";"Nublado";"Simples";"Curva";"Rural";1;0;0;0;1;0;0;1
83474000;"16/06/16";"Quinta";"18:00:00";"PR";277;"119";"CAMPO LARGO";"Ingestão de álcool";"Colisão traseira";"Com Vítimas Feridas";"Plena noite";"Decrescente";"Ceu Claro";"Simples";"Reta";"Urbano";2;0;1;0;1;0;1;2
83474001;"12/06/16";"Domingo";"04:30:00";"ES";101;"64,2";"SAO MATEUS";"Falta de atenção";"Colisão traseira";"Com Vítimas Feridas";"Plena noite";"Crescente";"Nublado";"Simples";"Reta";"Rural";3;0;0;1;2;0;1;2
83474002;"16/06/16";"Quinta";"18:15:00";"GO";153;"498";"GOIANIA";"Falta de atenção";"Colisão lateral";"Sem Vítimas";"Plena noite";"Crescente";"Ceu Claro";"Dupla";"Reta";"Urbano";2;0;0;0;2;0;0;2
83474003;"16/06/16";"Quinta";"18:40:00";"MA";10;"247,7";"GOVERNADOR EDISON LOBAO";"Ingestão de álcool";"Colisão frontal";"Com Vítimas Fatais";"Plena noite";"Decrescente";"Ceu Claro";"Simples";"Reta";"Rural";2;1;0;0;1;0;0;2
83474004;"12/06/16";"Domingo";"23:00:00";"SC";101;"104,6";"PENHA";"Ingestão de álcool";"Colisão Transversal";"Sem Vítimas";"Plena noite";"Decrescente";"Ceu Claro";"Simples";"Cruzamento";"Rural";2;0;0;0;2;0;0;2
83474005;"16/06/16";"Quinta";"08:00:00";"PA";316;"2";"BELEM";"Não guardar distância de segurança";"Colisão traseira";"Ignorado";"Plena noite";"Decrescente";"Chuva";"Dupla";"Reta";"Urbano";2;0;0;0;0;2;0;2
83474006;"16/06/16";"Quinta";"22:10:00";"PR";158;"521,8";"PATO BRANCO";"Não guardar distância de segurança";"Colisão traseira";"Sem Vítimas";"Plena noite";"Crescente";"Chuva";"Simples";"Reta";"Urbano";3;0;0;0;3;0;0;2
83474007;"16/06/16";"Quinta";"18:10:00";"GO";153;"498";"GOIANIA";"Não guardar distância de segurança";"Colisão traseira";"Sem Vítimas";"Anoitecer";"Crescente";"Ceu Claro";"Múltipla";"Reta";"Urbano";2;0;0;0;2;0;0;2
83474008;"16/06/16";"Quinta";"21:00:00";"RS";386;"220,8";"MORMACO";"Falta de atenção";"Colisão Transversal";"Sem Vítimas";"Plena noite";"Crescente";"Chuva";"Simples";"Reta";"Rural";2;0;0;0;2;0;0;2
83474009;"16/06/16";"Quinta";"14:05:00";"RO";364;"33,3";"VILHENA";"Outras";"Tombamento";"Sem Vítimas";"Pleno dia";"Crescente";"Sol";"Simples";"Reta";"Rural";1;0;0;0;1;0;0;1
83474010;"16/06/16";"Quinta";"14:30:00";"SC";116;"12,3";"MAFRA";"Falta de atenção";"Colisão Transversal";"Sem Vítimas";"Pleno dia";"Decrescente";"Ceu Claro";"Simples";"Reta";"Rural";2;0;0;0;2;0;0;2
83474012;"16/06/16";"Quinta";"17:20:00";"RJ";101;"426";"MANGARATIBA";"Outras";"Colisão frontal";"Com Vítimas Fatais";"Anoitecer";"Decrescente";"Ceu Claro";"Simples";"Reta";"Urbano";2;1;0;0;1;0;0;2
83474013;"16/06/16";"Quinta";"19:25:00";"PR";369;"185,8";"ARAPONGAS";"Outras";"Colisão traseira";"Com Vítimas Feridas";"Plena noite";"Crescente";"Ceu Claro";"Simples";"Reta";"Urbano";2;0;1;0;1;0;1;2
83474014;"16/06/16";"Quinta";"18:20:00";"PR";277;"585";"CASCAVEL";"Falta de atenção";"Colisão Transversal";"Com Vítimas Feridas";"Plena noite";"Crescente";"Ceu Claro";"Simples";"Curva";"Rural";3;0;0;2;0;1;2;2
83474015;"16/06/16";"Quinta";"16:20:00";"RO";364;"709";"PORTO VELHO";"Falta de atenção";"Colisão traseira";"Sem Vítimas";"Pleno dia";"Decrescente";"Sol";"Dupla";"Reta";"Urbano";8;0;0;0;8;0;0;3
83474016;"16/06/16";"Quinta";"18:30:00";"GO";20;"14";"FORMOSA";"Falta de atenção";"Colisão lateral";"Com Vítimas Feridas";"Anoitecer";"Decrescente";"Ceu Claro";"Simples";"Reta";"Rural";3;0;2;0;1;0;2;2
83474017;"16/06/16";"Quinta";"23:30:00";"PE";407;"128,9";"PETROLINA";"Desobediência à sinalização";"Colisão Transversal";"Com Vítimas Feridas";"Plena noite";"Decrescente";"Ceu Claro";"Dupla";"Reta";"Urbano";4;0;2;0;2;0;2;2
83474018;"16/06/16";"Quinta";"19:30:00";"SC";116;"146,5";"SANTA CECILIA";"Desobediência à sinalização";"Colisão traseira";"Com Vítimas Feridas";"Plena noite";"Crescente";"Chuva";"Simples";"Reta";"Rural";3;0;2;0;1;0;2;2
83474019;"16/06/16";"Quinta";"23:00:00";"PE";101;"43,6";"IGARASSU";"Falta de atenção";"Colisão traseira";"Com Vítimas Feridas";"Plena noite";"Crescente";"Ceu Claro";"Múltipla";"Reta";"Urbano";3;0;0;1;2;0;1;2
83474020;"16/06/16";"Quinta";"21:15:00";"PR";277;"424,2";"CANTAGALO";"Outras";"Colisão frontal";"Com Vítimas Fatais";"Plena noite";"Decrescente";"Nublado";"Simples";"Reta";"Rural";2;1;0;0;1;0;0;2
83474021;"16/06/16";"Quinta";"20:25:00";"GO";60;"89,5";"ANAPOLIS";"Falta de atenção";"Colisão traseira";"Com Vítimas Feridas";"Plena noite";"Crescente";"Ceu Claro";"Dupla";"Reta";"Urbano";3;0;0;1;2;0;1;3
83474022;"16/06/16";"Quinta";"17:00:00";"RN";110;"42,9";"MOSSORO";"Outras";"Colisão traseira";"Sem Vítimas";"Anoitecer";"Decrescente";"Ceu Claro";"Simples";"Reta";"Rural";3;0;0;0;2;1;0;2
83474023;"16/06/16";"Quinta";"23:30:00";"RS";392;"6,2";"RIO GRANDE";"Outras";"Saída de Pista";"Com Vítimas Feridas";"Plena noite";"Crescente";"Ceu Claro";"Simples";"Reta";"Urbano";1;0;1;0;0;0;1;1
83474024;"16/06/16";"Quinta";"23:00:00";"MS";163;"364";"NOVA ALVORADA DO SUL";"Velocidade incompatível";"Tombamento";"Sem Vítimas";"Plena noite";"Crescente";"Ceu Claro";"Simples";"Curva";"Urbano";1;0;0;0;1;0;0;1
83474025;"12/06/16";"Domingo";"18:40:00";"CE";20;"202";"BOA VIAGEM";"Outras";"Colisão frontal";"Com Vítimas Feridas";"Plena noite";"Crescente";"Ceu Claro";"Simples";"Reta";"Urbano";2;0;0;2;0;0;2;2
83474026;"16/06/16";"Quinta";"15:15:00";"SP";381;"3";"VARGEM";"Não guardar distância de segurança";"Colisão traseira";"Com Vítimas Feridas";"Pleno dia";"Decrescente";"Ceu Claro";"Múltipla";"Curva";"Rural";2;0;1;0;1;0;1;2
83474027;"17/06/16";"Sexta";"01:10:00";"SC";101;"114,3";"ITAJAI";"Outras";"Capotamento";"Com Vítimas Feridas";"Plena noite";"Decrescente";"Chuva";"Dupla";"Reta";"Urbano";1;0;0;1;0;0;1;1
83474028;"16/06/16";"Quinta";"21:30:00";"CE";222;"260";"COREAU";"Velocidade incompatível";"Capotamento";"Ignorado";"Plena noite";"Crescente";"Ignorada";"Simples";"Reta";"Rural";1;0;0;0;0;1;0;1
83474029;"16/06/16";"Quinta";"13:50:00";"BA";324;"583";"CANDEIAS";"Defeito na via";"Saída de Pista";"Sem Vítimas";"Pleno dia";"Crescente";"Nublado";"Dupla";"Reta";"Rural";1;0;0;0;1;0;0;1
83474030;"16/06/16";"Quinta";"20:00:00";"PB";101;"89";"ALHANDRA";"Ingestão de álcool";"Atropelamento de pessoa";"Com Vítimas Feridas";"Plena noite";"Decrescente";"Ceu Claro";"Dupla";"Reta";"Urbano";2;0;0;1;0;1;1;1
83474031;"16/06/16";"Quinta";"20:40:00";"MG";381;"499,1";"BETIM";"Velocidade incompatível";"Queda de motocicleta / bicicleta / veículo";"Com Vítimas Fatais";"Plena noite";"Crescente";"Ceu Claro";"Dupla";"Reta";"Rural";2;1;0;1;0;0;1;1
83474032;"16/06/16";"Quinta";"21:10:00";"MS";163;"267";"DOURADOS";"Outras";"Queda de motocicleta / bicicleta / veículo";"Com Vítimas Feridas";"Plena noite";"Decrescente";"Ceu Claro";"Dupla";"Reta";"Rural";1;0;1;0;0;0;1;1
83474033;"17/06/16";"Sexta";"02:00:00";"SP";116;"72";"APARECIDA";"Velocidade incompatível";"Queda de motocicleta / bicicleta / veículo";"Com Vítimas Feridas";"Plena noite";"Crescente";"Nublado";"Múltipla";"Curva";"Rural";2;0;1;0;1;0;1;1
83474034;"16/06/16";"Quinta";"17:30:00";"MA";135;"8,2";"SAO LUIS";"Falta de atenção";"Colisão traseira";"Sem Vítimas";"Pleno dia";"Decrescente";"Sol";"Dupla";"Reta";"Urbano";2;0;0;0;2;0;0;2
83474035;"17/06/16";"Sexta";"00:30:00";"SC";116;"176,2";"SAO CRISTOVAO DO SUL";"Velocidade incompatível";"Colisão com objeto fixo";"Sem Vítimas";"Plena noite";"Decrescente";"Chuva";"Simples";"Curva";"Rural";1;0;0;0;1;0;0;1
83474036;"16/06/16";"Quinta";"16:05:00";"PI";316;"8,9";"TERESINA";"Falta de atenção";"Colisão Transversal";"Com Vítimas Feridas";"Pleno dia";"Decrescente";"Sol";"Simples";"Reta";"Urbano";2;0;1;0;0;1;1;2
83474038;"17/06/16";"Sexta";"00:10:00";"PR";277;"113";"CAMPO LARGO";"Falta de atenção";"Atropelamento de pessoa";"Com Vítimas Feridas";"Plena noite";"Decrescente";"Nublado";"Dupla";"Reta";"Urbano";2;0;1;0;0;1;1;1
83474039;"16/06/16";"Quinta";"23:30:00";"PR";376;"635";"TIJUCAS DO SUL";"Outras";"Colisão com objeto fixo";"Ignorado";"Plena noite";"Decrescente";"Ceu Claro";"Dupla";"Reta";"Rural";1;0;0;0;0;1;0;1
83474040;"16/06/16";"Quinta";"15:35:00";"PB";230;"41,5";"SANTA RITA";"Falta de atenção";"Colisão lateral";"Com Vítimas Feridas";"Pleno dia";"Crescente";"Sol";"Dupla";"Curva";"Rural";3;0;2;0;1;0;2;2
83474041;"16/06/16";"Quinta";"16:40:00";"RO";364;"709";"PORTO VELHO";"Falta de atenção";"Colisão lateral";"Com Vítimas Feridas";"Pleno dia";"Crescente";"Sol";"Dupla";"Reta";"Urbano";3;0;1;1;1;0;2;2
83474042;"16/06/16";"Quinta";"11:00:00";"MG";116;"257,1";"TEOFILO OTONI";"Defeito mecânico em veículo";"Colisão com objeto móvel";"Sem Vítimas";"Pleno dia";"Decrescente";"Ceu Claro";"Simples";"Curva";"Rural";2;0;0;0;2;0;0;2
83474043;"16/06/16";"Quinta";"08:00:00";"AL";104;"86";"RIO LARGO";"Falta de atenção";"Colisão traseira";"Sem Vítimas";"Pleno dia";"Decrescente";"Ceu Claro";"Dupla";"Reta";"Urbano";2;0;0;0;2;0;0;2
83474044;"08/06/16";"Quarta";"23:20:00";"SC";101;"255";"PAULO LOPES";"Falta de atenção";"Saída de Pista";"Sem Vítimas";"Plena noite";"Decrescente";"Ceu Claro";"Dupla";"Curva";"Urbano";1;0;0;0;1;0;0;1
83474045;"17/06/16";"Sexta";"04:00:00";"SC";101;"369";"ICARA";"Dormindo";"Saída de Pista";"Ignorado";"Plena noite";"Decrescente";"Chuva";"Dupla";"Reta";"Rural";1;0;0;0;0;1;0;1
83474046;"12/06/16";"Domingo";"23:00:00";"RS";472;"495";"ITAQUI";"Outras";"Saída de Pista";"Ignorado";"Plena noite";"Crescente";"Ceu Claro";"Simples";"Reta";"Rural";1;0;0;0;0;1;0;1
83474047;"16/06/16";"Quinta";"22:10:00";"GO";153;"594,4";"PIRACANJUBA";"Falta de atenção";"Colisão traseira";"Com Vítimas Fatais";"Plena noite";"Decrescente";"Ceu Claro";"Dupla";"Reta";"Rural";5;1;0;0;4;0;0;2
83474048;"16/06/16";"Quinta";"19:00:00";"MG";381;"506";"BETIM";"Outras";"Queda de motocicleta / bicicleta / veículo";"Com Vítimas Feridas";"Anoitecer";"Decrescente";"Ceu Claro";"Dupla";"Reta";"Urbano";1;0;1;0;0;0;1;1
83474049;"17/06/16";"Sexta";"04:30:00";"RS";153;"628,9";"BAGE";"Ingestão de álcool";"Capotamento";"Com Vítimas Feridas";"Plena noite";"Crescente";"Ceu Claro";"Simples";"Reta";"Rural";1;0;1;0;0;0;1;1
83474050;"16/06/16";"Quinta";"16:13:00";"PR";277;"376,8";"GUARAPUAVA";"Velocidade incompatível";"Saída de Pista";"Com Vítimas Feridas";"Pleno dia";"Crescente";"Ceu Claro";"Simples";"Curva";"Rural";1;0;1;0;0;0;1;1
83474051;"16/06/16";"Quinta";"14:55:00";"BA";101;"434,3";"MARAU";"Ultrapassagem indevida";"Colisão traseira";"Sem Vítimas";"Pleno dia";"Crescente";"Sol";"Simples";"Reta";"Rural";3;0;0;0;3;0;0;3
83474052;"17/06/16";"Sexta";"02:45:00";"PR";376;"526";"PONTA GROSSA";"Falta de atenção";"Saída de Pista";"Sem Vítimas";"Plena noite";"Decrescente";"Ceu Claro";"Dupla";"Reta";"Rural";2;0;0;0;2;0;0;2
83474053;"13/06/16";"Segunda";"07:45:00";"PR";277;"589";"CASCAVEL";"Falta de atenção";"Colisão Transversal";"Com Vítimas Feridas";"Amanhecer";"Decrescente";"Nublado";"Simples";"Reta";"Urbano";3;0;1;0;2;0;1;2
83474054;"13/06/16";"Segunda";"03:45:00";"ES";101;"288,9";"CARIACICA";"Outras";"Queda de motocicleta / bicicleta / veículo";"Com Vítimas Feridas";"Plena noite";"Decrescente";"Ceu Claro";"Dupla";"Reta";"Urbano";1;0;1;0;0;0;1;1
83474055;"12/06/16";"Domingo";"21:00:00";"BA";101;"444,3";"UBAITABA";"Ingestão de álcool";"Colisão traseira";"Com Vítimas Feridas";"Plena noite";"Decrescente";"Ceu Claro";"Simples";"Reta";"Urbano";2;0;1;0;1;0;1;2
83474056;"17/06/16";"Sexta";"02:40:00";"SP";116;"487";"CAJATI";"Falta de atenção";"Queda de motocicleta / bicicleta / veículo";"Com Vítimas Feridas";"Plena noite";"Decrescente";"Nevoeiro/neblina";"Dupla";"Reta";"Rural";2;0;2;0;0;0;2;1
83474057;"07/06/16";"Terça";"15:00:00";"RJ";116;"330";"PIRAI";"Outras";"Colisão Transversal";"Sem Vítimas";"Pleno dia";"Decrescente";"Chuva";"Dupla";"Curva";"Urbano";2;0;0;0;2;0;0;2
83474058;"17/06/16";"Sexta";"04:20:00";"SP";116;"452,4";"REGISTRO";"Falta de atenção";"Queda de motocicleta / bicicleta / veículo";"Com Vítimas Feridas";"Amanhecer";"Crescente";"Nevoeiro/neblina";"Dupla";"Curva";"Rural";2;0;0;2;0;0;2;1
83474059;"16/06/16";"Quinta";"23:00:00";"AL";104;"63";"MURICI";"Outras";"Saída de Pista";"Ignorado";"Plena noite";"Decrescente";"Nublado";"Simples";"Curva";"Rural";1;0;0;0;0;1;0;1
83474060;"16/06/16";"Quinta";"22:00:00";"RS";386;"392,8";"TRIUNFO";"Outras";"Saída de Pista";"Ignorado";"Plena noite";"Crescente";"Chuva";"Dupla";"Curva";"Rural";1;0;0;0;0;1;0;1
83474061;"11/06/16";"Sábado";"09:30:00";"SP";116;"269";"TABOAO DA SERRA";"Desobediência à sinalização";"Atropelamento de pessoa";"Com Vítimas Feridas";"Pleno dia";"Decrescente";"Ceu Claro";"Dupla";"Cruzamento";"Urbano";2;0;1;0;1;0;1;1
83474062;"17/06/16";"Sexta";"03:40:00";"BA";116;"893";"CANDIDO SALES";"Defeito mecânico em veículo";"Saída de Pista";"Sem Vítimas";"Plena noite";"Decrescente";"Nevoeiro/neblina";"Simples";"Reta";"Rural";1;0;0;0;1;0;0;1
83474063;"16/06/16";"Quinta";"18:00:00";"TO";153;"132";"ARAGUAINA";"Velocidade incompatível";"Tombamento";"Sem Vítimas";"Anoitecer";"Decrescente";"Ceu Claro";"Simples";"Curva";"Rural";1;0;0;0;1;0;0;1
83474064;"16/06/16";"Quinta";"21:00:00";"RJ";116;"272";"BARRA MANSA";"Outras";"Colisão traseira";"Com Vítimas Feridas";"Plena noite";"Decrescente";"Ceu Claro";"Dupla";"Curva";"Rural";2;0;1;0;0;1;1;2
83474065;"16/06/16";"Quinta";"18:10:00";"MA";10;"249";"IMPERATRIZ";"Desobediência à sinalização";"Colisão lateral";"Com Vítimas Feridas";"Anoitecer";"Crescente";"Ceu Claro";"Simples";"Reta";"Urbano";2;0;1;0;1;0;1;2
83474066;"14/06/16";"Terça";"15:25:00";"PB";230;"24,9";"JOAO PESSOA";"Outras";"Colisão com objeto fixo";"Com Vítimas Feridas";"Pleno dia";"Crescente";"Ceu Claro";"Múltipla";"Reta";"Urbano";2;0;1;0;1;0;1;2
83474067;"17/06/16";"Sexta";"06:15:00";"PR";277;"553,9";"CATANDUVAS";"Ultrapassagem indevida";"Colisão lateral";"Sem Vítimas";"Amanhecer";"Crescente";"Nublado";"Simples";"Curva";"Rural";2;0;0;0;1;1;0;2
83474068;"15/06/16";"Quarta";"16:35:00";"SC";282;"5,5";"SAO JOSE";"Falta de atenção";"Tombamento";"Com Vítimas Feridas";"Pleno dia";"Crescente";"Sol";"Dupla";"Reta";"Urbano";2;0;1;0;1;0;1;1
83474069;"13/06/16";"Segunda";"04:00:00";"MG";381;"668";"PERDOES";"Dormindo";"Capotamento";"Com Vítimas Feridas";"Plena noite";"Decrescente";"Ceu Claro";"Dupla";"Curva";"Rural";4;0;4;0;0;0;4;1
83474070;"17/06/16";"Sexta";"06:30:00";"SC";282;"607,5";"MARAVILHA";"Não guardar distância de segurança";"Colisão traseira";"Sem Vítimas";"Plena noite";"Decrescente";"Chuva";"Simples";"Reta";"Rural";2;0;0;0;2;0;0;2
83474071;"16/06/16";"Quinta";"22:00:00";"MG";381;"488,5";"BETIM";"Defeito mecânico em veículo";"Colisão com objeto fixo";"Com Vítimas Feridas";"Plena noite";"Crescente";"Ceu Claro";"Dupla";"Reta";"Urbano";1;0;1;0;0;0;1;1
83474072;"17/06/16";"Sexta";"06:10:00";"GO";60;"389,5";"RIO VERDE";"Dormindo";"Colisão traseira";"Com Vítimas Feridas";"Amanhecer";"Decrescente";"Ceu Claro";"Dupla";"Reta";"Urbano";2;0;1;0;1;0;1;2
83474073;"17/06/16";"Sexta";"06:50:00";"PR";116;"118";"FAZENDA RIO GRANDE";"Falta de atenção";"Colisão lateral";"Com Vítimas Feridas";"Amanhecer";"Decrescente";"Ceu Claro";"Dupla";"Reta";"Rural";3;0;2;0;0;1;2;2
83474074;"17/06/16";"Sexta";"06:30:00";"PE";232;"67,6";"GRAVATA";"Defeito mecânico em veículo";"Saída de Pista";"Sem Vítimas";"Pleno dia";"Decrescente";"Sol";"Dupla";"Curva";"Rural";1;0;0;0;1;0;0;1
83474075;"16/06/16";"Quinta";"08:30:00";"CE";20;"171,9";"BOA VIAGEM";"Outras";"Colisão frontal";"Com Vítimas Fatais";"Pleno dia";"Crescente";"Ceu Claro";"Simples";"Curva";"Rural";3;3;0;0;0;0;0;2
83474076;"13/06/16";"Segunda";"16:00:00";"PE";101;"152";"RIBEIRAO";"Não guardar distância de segurança";"Colisão traseira";"Sem Vítimas";"Pleno dia";"Decrescente";"Ceu Claro";"Dupla";"Reta";"Rural";3;0;0;0;3;0;0;3
83474077;"13/06/16";"Segunda";"11:00:00";"MG";40;"797,9";"JUIZ DE FORA";"Falta de atenção";"Colisão traseira";"Sem Vítimas";"Pleno dia";"Crescente";"Ceu Claro";"Dupla";"Reta";"Rural";2;0;0;0;2;0;0;2
83474078;"14/06/16";"Terça";"06:00:00";"SC";101;"147";"ITAPEMA";"Velocidade incompatível";"Colisão traseira";"Com Vítimas Feridas";"Amanhecer";"Decrescente";"Nublado";"Múltipla";"Reta";"Urbano";3;0;1;0;2;0;1;2
83474079;"13/06/16";"Segunda";"17:40:00";"MG";116;"728,4";"LARANJAL";"Falta de atenção";"Capotamento";"Com Vítimas Feridas";"Anoitecer";"Decrescente";"Nublado";"Simples";"Reta";"Rural";1;0;1;0;0;0;1;1
83474081;"14/06/16";"Terça";"03:10:00";"PR";369;"51,9";"BANDEIRANTES";"Dormindo";"Saída de Pista";"Sem Vítimas";"Plena noite";"Crescente";"Ceu Claro";"Dupla";"Reta";"Rural";11;0;0;0;11;0;0;1
83474082;"17/06/16";"Sexta";"06:45:00";"RS";158;"333,8";"SANTA MARIA";"Falta de atenção";"Colisão traseira";"Com Vítimas Feridas";"Amanhecer";"Crescente";"Nublado";"Simples";"Reta";"Urbano";2;0;1;0;1;0;1;2
83474083;"13/06/16";"Segunda";"19:00:00";"SC";101;"212,7";"PALHOCA";"Ingestão de álcool";"Colisão lateral";"Com Vítimas Feridas";"Plena noite";"Crescente";"Ceu Claro";"Múltipla";"Reta";"Urbano";2;0;1;0;1;0;1;2
83474084;"17/06/16";"Sexta";"03:30:00";"RJ";116;"171";"SAO JOAO DE MERITI";"Dormindo";"Colisão com objeto fixo";"Sem Vítimas";"Plena noite";"Crescente";"Ceu Claro";"Múltipla";"Curva";"Urbano";4;0;0;0;3;1;0;4
83474085;"17/06/16";"Sexta";"00:30:00";"RJ";116;"215,9";"PARACAMBI";"Dormindo";"Tombamento";"Sem Vítimas";"Plena noite";"Decrescente";"Ceu Claro";"Dupla";"Curva";"Urbano";1;0;0;0;1;0;0;1
83474086;"17/06/16";"Sexta";"08:15:00";"RS";386;"342,8";"LAJEADO";"Desobediência à sinalização";"Colisão Transversal";"Sem Vítimas";"Pleno dia";"Crescente";"Chuva";"Simples";"Curva";"Urbano";2;0;0;0;2;0;0;2
83474087;"17/06/16";"Sexta";"05:20:00";"RO";364;"16";"VILHENA";"Falta de atenção";"Colisão Transversal";"Com Vítimas Feridas";"Amanhecer";"Decrescente";"Ceu Claro";"Dupla";"Reta";"Urbano";2;0;0;1;1;0;1;2
83474088;"20/05/16";"Sexta";"21:00:00";"PR";277;"124";"BALSA NOVA";"Outras";"Colisão traseira";"Sem Vítimas";"Plena noite";"Crescente";"Chuva";"Dupla";"Curva";"Urbano";2;0;0;0;2;0;0;2
83474089;"17/06/16";"Sexta";"07:45:00";"AL";316;"241,7";"ATALAIA";"Falta de atenção";"Atropelamento de pessoa";"Com Vítimas Feridas";"Pleno dia";"Decrescente";"Ceu Claro";"Simples";"Reta";"Urbano";2;0;0;1;1;0;1;1
83474090;"17/06/16";"Sexta";"03:50:00";"PE";232;"253";"ARCOVERDE";"Animais na Pista";"Atropelamento de animal";"Sem Vítimas";"Plena noite";"Decrescente";"Ceu Claro";"Simples";"Reta";"Urbano";1;0;0;0;1;0;0;1