"id";"data_inversa";"dia_semana";"horario";"uf";"br";"km";"municipio";"causa_acidente";"tipo_acidente";"classificacao_acidente";"fase_dia";"sentido_via";"condicao_metereologica";"tipo_pista";"tracado_via";"uso_solo";"pessoas";"mortos";"feridos_leves";"feridos_graves";"ilesos";"ignorados";"feridos";"veiculos"
83474211;"17/06/16";"Sexta";"17:45:00";"RS";386;"343,9";"LAJEADO";"Desobediência à sinalização";"Colisão traseira";"Sem Vítimas";"Anoitecer";"Decrescente";"Nublado";"Simples";"Reta";"Urbano";3;0;0;0;3;0;0;3
83474212;"17/06/16";"Sexta";"08:00:00";"PA";316;"28";"BENEVIDES";"Outras";"Colisão traseira";"Sem Vítimas";"Pleno dia";"Decrescente";"Ceu Claro";"Dupla";"Reta";"Rural";2;0;0;0;2;0;0;2
83474213;"15/06/16";"Quarta";"06:15:00";"SC";101;"207";"SAO JOSE";"Outras";"Incêndio";"Sem Vítimas";"Amanhecer";"Decrescente";"Nublado";"Dupla";"Reta";"Urbano";1;0;0;0;1;0;0;1
83474214;"17/06/16";"Sexta";"18:20:00";"SC";101;"28";"JOINVILLE";"Defeito mecânico em veículo";"Colisão lateral";"Com Vítimas Feridas";"Plena noite";"Decrescente";"Chuva";"Dupla";"Reta";"Urbano";4;0;1;0;3;0;1;4
83474215;"17/06/16";"Sexta";"12:20:00";"GO";40;"11,9";"LUZIANIA";"Falta de atenção";"Colisão Transversal";"Sem Vítimas";"Pleno dia";"Crescente";"Ceu Claro";"Dupla";"Reta";"Urbano";2;0;0;0;2;0;0;2
83474216;"17/06/16";"Sexta";"11:00:00";"ES";101;"266";"SERRA";"Falta de atenção";"Colisão lateral";"Com Vítimas Feridas";"Pleno dia";"Decrescente";"Ceu Claro";"Dupla";"Reta";"Urbano";3;0;0;1;2;0;1;3
83474217;"17/06/16";"Sexta";"17:30:00";"RS";386;"119";"SARANDI";"Falta de atenção";"Saída de Pista";"Com Vítimas Feridas";"Anoitecer";"Decrescente";"Ceu Claro";"Simples";"Reta";"Rural";1;0;1;0;0;0;1;1
83474218;"17/06/16";"Sexta";"16:15:00";"MG";262;"694";"ARAXA";"Velocidade incompatível";"Saída de Pista";"Sem Vítimas";"Pleno dia";"Crescente";"Ceu Claro";"Simples";"Curva";"Rural";1;0;0;0;1;0;0;1
83474219;"16/06/16";"Quinta";"17:30:00";"SP";116;"146,5";"SAO JOSE DOS CAMPOS";"Falta de atenção";"Colisão lateral";"Sem Vítimas";"Pleno dia";"Decrescente";"Ceu Claro";"Dupla";"Reta";"Urbano";2;0;0;0;2;0;0;2
83474220;"17/06/16";"Sexta";"17:30:00";"GO";153;"67";"PORANGATU";"Falta de atenção";"Colisão traseira";"Com Vítimas Feridas";"Anoitecer";"Crescente";"Ceu Claro";"Simples";"Reta";"Urbano";3;0;1;1;1;0;2;2
83474221;"17/06/16";"Sexta";"12:45:00";"DF";40;"6,5";"BRASILIA";"Falta de atenção";"Colisão traseira";"Sem Vítimas";"Pleno dia";"Decrescente";"Ceu Claro";"Dupla";"Reta";"Urbano";3;0;0;0;3;0;0;3
83474222;"17/06/16";"Sexta";"16:20:00";"PR";376;"303";"MAUA DA SERRA";"Defeito mecânico em veículo";"Tombamento";"Com Vítimas Feridas";"Pleno dia";"Crescente";"Ceu Claro";"Dupla";"Curva";"Rural";1;0;1;0;0;0;1;1
83474223;"17/06/16";"Sexta";"11:00:00";"RJ";116;"178";"NOVA IGUACU";"Falta de atenção";"Colisão traseira";"Com Vítimas Feridas";"Pleno dia";"Decrescente";"Ceu Claro";"Dupla";"Reta";"Urbano";3;0;2;0;1;0;2;2
83474224;"17/06/16";"Sexta";"17:10:00";"PA";316;"4";"ANANINDEUA";"Não guardar distância de segurança";"Colisão traseira";"Sem Vítimas";"Pleno dia";"Crescente";"Chuva";"Dupla";"Reta";"Urbano";2;0;0;0;2;0;0;2
83474225;"17/06/16";"Sexta";"12:20:00";"SC";282;"90,5";"ALFREDO WAGNER";"Velocidade incompatível";"Saída de Pista";"Com Vítimas Feridas";"Pleno dia";"Decrescente";"Chuva";"Simples";"Curva";"Rural";1;0;1;0;0;0;1;1
83474226;"17/06/16";"Sexta";"17:15:00";"PB";427;"37,5";"POMBAL";"Falta de atenção";"Atropelamento de pessoa";"Com Vítimas Feridas";"Anoitecer";"Decrescente";"Ceu Claro";"Simples";"Reta";"Urbano";4;0;1;2;0;1;3;2
83474227;"17/06/16";"Sexta";"09:00:00";"SP";381;"33,5";"ATIBAIA";"Outras";"Queda de motocicleta / bicicleta / veículo";"Com Vítimas Feridas";"Pleno dia";"Crescente";"Sol";"Dupla";"Reta";"Rural";2;0;2;0;0;0;2;1
83474228;"17/06/16";"Sexta";"16:30:00";"RS";386;"435,8";"NOVA SANTA RITA";"Falta de atenção";"Colisão Transversal";"Com Vítimas Feridas";"Pleno dia";"Crescente";"Ceu Claro";"Dupla";"Reta";"Urbano";4;0;0;2;2;0;2;2
83474229;"15/06/16";"Quarta";"02:50:00";"CE";304;"72";"ARACATI";"Ingestão de álcool";"Queda de motocicleta / bicicleta / veículo";"Com Vítimas Feridas";"Plena noite";"Crescente";"Ceu Claro";"Simples";"Reta";"Rural";1;0;0;1;0;0;1;1
83474230;"17/06/16";"Sexta";"18:30:00";"GO";60;"74";"ABADIANIA";"Outras";"Colisão com objeto fixo";"Sem Vítimas";"Plena noite";"Crescente";"Ceu Claro";"Dupla";"Curva";"Rural";1;0;0;0;1;0;0;1
83474232;"17/06/16";"Sexta";"18:10:00";"RJ";40;"115";"DUQUE DE CAXIAS";"Não guardar distância de segurança";"Colisão traseira";"Com Vítimas Feridas";"Plena noite";"Crescente";"Ceu Claro";"Dupla";"Reta";"Urbano";3;0;1;0;2;0;1;2
83474233;"17/06/16";"Sexta";"12:15:00";"MG";262;"116,1";"RIO CASCA";"Velocidade incompatível";"Colisão traseira";"Sem Vítimas";"Pleno dia";"Crescente";"Ceu Claro";"Simples";"Reta";"Urbano";2;0;0;0;2;0;0;2
83474234;"17/06/16";"Sexta";"16:40:00";"RJ";101;"480";"ANGRA DOS REIS";"Falta de atenção";"Colisão Transversal";"Com Vítimas Feridas";"Pleno dia";"Crescente";"Sol";"Simples";"Curva";"Urbano";2;0;1;0;1;0;1;2
83474235;"17/06/16";"Sexta";"12:30:00";"RO";364;"715";"PORTO VELHO";"Falta de atenção";"Colisão lateral";"Com Vítimas Feridas";"Pleno dia";"Decrescente";"Ceu Claro";"Dupla";"Curva";"Urbano";6;0;0;1;5;0;1;3
83474236;"17/06/16";"Sexta";"16:30:00";"GO";153;"626";"MORRINHOS";"Outras";"Queda de motocicleta / bicicleta / veículo";"Com Vítimas Feridas";"Pleno dia";"Decrescente";"Ceu Claro";"Dupla";"Reta";"Rural";1;0;0;1;0;0;1;1
83474237;"17/06/16";"Sexta";"09:00:00";"MS";163;"709,8";"RIO VERDE DE MATO GROSSO";"Velocidade incompatível";"Tombamento";"Sem Vítimas";"Pleno dia";"Decrescente";"Sol";"Simples";"Reta";"Rural";1;0;0;0;1;0;0;1
83474238;"14/06/16";"Terça";"12:50:00";"MG";40;"362,9";"CURVELO";"Dormindo";"Saída de Pista";"Com Vítimas Feridas";"Pleno dia";"Decrescente";"Ceu Claro";"Simples";"Reta";"Rural";1;0;1;0;0;0;1;1
83474239;"17/06/16";"Sexta";"17:16:00";"GO";80;"98";"VILA PROPICIO";"Outras";"Saída de Pista";"Ignorado";"Pleno dia";"Crescente";"Nublado";"Simples";"Reta";"Rural";1;0;0;0;0;1;0;1
83474240;"17/06/16";"Sexta";"19:23:00";"PR";158;"524,5";"PATO BRANCO";"Outras";"Colisão traseira";"Com Vítimas Feridas";"Plena noite";"Crescente";"Chuva";"Simples";"Reta";"Urbano";3;0;2;0;0;1;2;3
83474241;"17/06/16";"Sexta";"16:30:00";"RS";470;"225,2";"GARIBALDI";"Desobediência à sinalização";"Colisão Transversal";"Com Vítimas Feridas";"Pleno dia";"Crescente";"Nublado";"Simples";"Cruzamento";"Rural";2;0;1;0;1;0;1;2
83474242;"17/06/16";"Sexta";"17:20:00";"MG";40;"456";"CAETANOPOLIS";"Não guardar distância de segurança";"Capotamento";"Sem Vítimas";"Pleno dia";"Decrescente";"Ceu Claro";"Dupla";"Reta";"Rural";1;0;0;0;1;0;0;1
83474243;"17/06/16";"Sexta";"19:50:00";"AL";316;"242";"ATALAIA";"Outras";"Saída de Pista";"Com Vítimas Feridas";"Plena noite";"Decrescente";"Ignorada";"Simples";"Curva";"Rural";1;0;1;0;0;0;1;1
83474244;"17/06/16";"Sexta";"18:50:00";"PR";116;"209";"RIO NEGRO";"Falta de atenção";"Colisão Transversal";"Com Vítimas Feridas";"Plena noite";"Crescente";"Chuva";"Simples";"Reta";"Urbano";2;0;1;0;0;1;1;2
83474245;"17/06/16";"Sexta";"15:30:00";"BA";101;"613";"ARATACA";"Outras";"Saída de Pista";"Com Vítimas Feridas";"Pleno dia";"Crescente";"Sol";"Simples";"Curva";"Rural";1;0;0;1;0;0;1;1
83474246;"17/06/16";"Sexta";"16:20:00";"MS";262;"354,7";"CAMPO GRANDE";"Falta de atenção";"Colisão Transversal";"Com Vítimas Feridas";"Pleno dia";"Crescente";"Ceu Claro";"Simples";"Reta";"Urbano";2;0;0;1;1;0;1;2
83474247;"17/06/16";"Sexta";"17:50:00";"RJ";40;"113";"DUQUE DE CAXIAS";"Não guardar distância de segurança";"Colisão traseira";"Sem Vítimas";"Plena noite";"Decrescente";"Ceu Claro";"Múltipla";"Reta";"Urbano";6;0;0;0;6;0;0;6
83474248;"17/06/16";"Sexta";"19:30:00";"RS";116;"183";"NOVA PETROPOLIS";"Não guardar distância de segurança";"Colisão traseira";"Sem Vítimas";"Plena noite";"Decrescente";"Nevoeiro/neblina";"Simples";"Reta";"Rural";2;0;0;0;2;0;0;2
83474249;"17/06/16";"Sexta";"13:45:00";"RS";470;"226,8";"GARIBALDI";"Dormindo";"Colisão com objeto fixo";"Sem Vítimas";"Pleno dia";"Decrescente";"Nublado";"Simples";"Curva";"Urbano";1;0;0;0;1;0;0;1
83474250;"17/06/16";"Sexta";"18:00:00";"SC";101;"275,8";"IMBITUBA";"Falta de atenção";"Colisão lateral";"Sem Vítimas";"Plena noite";"Crescente";"Nublado";"Dupla";"Reta";"Rural";2;0;0;0;2;0;0;2
83474251;"17/06/16";"Sexta";"19:20:00";"MG";116;"412";"GOVERNADOR VALADARES";"Falta de atenção";"Colisão traseira";"Com Vítimas Feridas";"Plena noite";"Crescente";"Ceu Claro";"Dupla";"Reta";"Urbano";3;0;2;0;1;0;2;2
83474252;"14/06/16";"Terça";"06:50:00";"MG";116;"524,2";"CARATINGA";"Falta de atenção";"Colisão Transversal";"Com Vítimas Feridas";"Pleno dia";"Decrescente";"Ceu Claro";"Simples";"Cruzamento";"Urbano";2;0;1;0;1;0;1;2
83474253;"17/06/16";"Sexta";"20:40:00";"BA";110;"2,5";"PAULO AFONSO";"Animais na Pista";"Colisão traseira";"Sem Vítimas";"Plena noite";"Decrescente";"Chuva";"Simples";"Reta";"Rural";3;0;0;0;3;0;0;2
83474254;"17/06/16";"Sexta";"14:23:00";"MG";50;"66,1";"UBERLANDIA";"Ingestão de álcool";"Colisão lateral";"Sem Vítimas";"Pleno dia";"Crescente";"Ceu Claro";"Dupla";"Reta";"Urbano";4;0;0;0;4;0;0;2
83474255;"17/06/16";"Sexta";"17:20:00";"RJ";493;"1";"ITABORAI";"Outras";"Incêndio";"Sem Vítimas";"Anoitecer";"Crescente";"Ceu Claro";"Simples";"Reta";"Rural";1;0;0;0;1;0;0;1
83474256;"17/06/16";"Sexta";"09:30:00";"SC";163;"95";"SAO JOSE DO CEDRO";"Não guardar distância de segurança";"Colisão traseira";"Sem Vítimas";"Pleno dia";"Decrescente";"Nevoeiro/neblina";"Simples";"Curva";"Rural";3;0;0;0;3;0;0;3
83474257;"17/06/16";"Sexta";"18:00:00";"RS";285;"279,5";"MATO CASTELHANO";"Desobediência à sinalização";"Colisão frontal";"Sem Vítimas";"Plena noite";"Decrescente";"Nublado";"Simples";"Curva";"Urbano";3;0;0;0;3;0;0;3
83474258;"17/06/16";"Sexta";"18:40:00";"PA";316;"6";"ANANINDEUA";"Falta de atenção";"Colisão lateral";"Com Vítimas Feridas";"Plena noite";"Decrescente";"Chuva";"Dupla";"Reta";"Urbano";2;0;1;0;1;0;1;2
83474259;"17/06/16";"Sexta";"18:20:00";"SP";153;"308,2";"OURINHOS";"Outras";"Saída de Pista";"Com Vítimas Feridas";"Plena noite";"Crescente";"Ceu Claro";"Simples";"Reta";"Rural";1;0;0;1;0;0;1;1
83474261;"17/06/16";"Sexta";"11:18:00";"PR";116;"93";"SAO JOSE DOS PINHAIS";"Falta de atenção";"Colisão lateral";"Sem Vítimas";"Pleno dia";"Decrescente";"Ceu Claro";"Dupla";"Reta";"Rural";2;0;0;0;2;0;0;2
83474262;"17/06/16";"Sexta";"08:20:00";"SC";282;"139,8";"BOCAINA DO SUL";"Falta de atenção";"Saída de Pista";"Sem Vítimas";"Pleno dia";"Decrescente";"Chuva";"Simples";"Reta";"Rural";1;0;0;0;1;0;0;1
83474263;"17/06/16";"Sexta";"19:00:00";"SE";101;"83,5";"LARANJEIRAS";"Outras";"Saída de Pista";"Com Vítimas Feridas";"Plena noite";"Crescente";"Nublado";"Dupla";"Reta";"Rural";1;0;1;0;0;0;1;1
83474264;"14/06/16";"Terça";"05:15:00";"GO";40;"24";"LUZIANIA";"Outras";"Colisão lateral";"Com Vítimas Feridas";"Amanhecer";"Crescente";"Ceu Claro";"Simples";"Reta";"Rural";2;0;1;0;1;0;1;2
83474265;"17/06/16";"Sexta";"19:30:00";"PR";476;"157";"ARAUCARIA";"Animais na Pista";"Atropelamento de animal";"Sem Vítimas";"Plena noite";"Crescente";"Chuva";"Simples";"Reta";"Urbano";2;0;0;0;2;0;0;1
83474266;"17/06/16";"Sexta";"18:15:00";"RS";448;"10,5";"CANOAS";"Outras";"Colisão lateral";"Sem Vítimas";"Anoitecer";"Crescente";"Nublado";"Dupla";"Reta";"Urbano";2;0;0;0;1;1;0;2
83474267;"17/06/16";"Sexta";"20:05:00";"PE";316;"275";"BELEM DE SAO FRANCISCO";"Animais na Pista";"Atropelamento de animal";"Sem Vítimas";"Plena noite";"Decrescente";"Nublado";"Simples";"Reta";"Rural";1;0;0;0;1;0;0;1
83474268;"17/06/16";"Sexta";"21:05:00";"SC";101;"6";"JOINVILLE";"Falta de atenção";"Colisão com objeto fixo";"Sem Vítimas";"Plena noite";"Crescente";"Chuva";"Múltipla";"Curva";"Urbano";1;0;0;0;1;0;0;1
83474269;"17/06/16";"Sexta";"16:20:00";"PB";230;"30,6";"JOAO PESSOA";"Desobediência à sinalização";"Colisão lateral";"Sem Vítimas";"Pleno dia";"Crescente";"Sol";"Dupla";"Reta";"Urbano";2;0;0;0;2;0;0;2
83474270;"17/06/16";"Sexta";"20:55:00";"SC";470;"140";"RIO DO SUL";"Ultrapassagem indevida";"Colisão lateral";"Com Vítimas Feridas";"Plena noite";"Decrescente";"Nublado";"Simples";"Reta";"Urbano";2;0;1;0;1;0;1;2
83474271;"17/06/16";"Sexta";"21:20:00";"MG";40;"602,3";"CONGONHAS";"Ingestão de álcool";"Colisão Transversal";"Sem Vítimas";"Plena noite";"Crescente";"Ceu Claro";"Simples";"Reta";"Urbano";2;0;0;0;2;0;0;2
83474272;"17/06/16";"Sexta";"21:10:00";"SC";470;"122,7";"IBIRAMA";"Falta de atenção";"Capotamento";"Com Vítimas Feridas";"Plena noite";"Decrescente";"Nevoeiro/neblina";"Simples";"Curva";"Urbano";1;0;1;0;0;0;1;1
83474273;"17/06/16";"Sexta";"06:51:00";"SP";116;"223";"GUARULHOS";"Falta de atenção";"Colisão lateral";"Com Vítimas Feridas";"Pleno dia";"Crescente";"Nublado";"Simples";"Reta";"Urbano";2;0;1;0;1;0;1;2
83474274;"17/06/16";"Sexta";"15:07:00";"MT";364;"561,2";"NOBRES";"Outras";"Atropelamento de pessoa";"Com Vítimas Fatais";"Pleno dia";"Crescente";"Ceu Claro";"Dupla";"Reta";"Urbano";2;1;0;0;1;0;0;1
83474275;"17/06/16";"Sexta";"21:00:00";"MG";40;"516,8";"RIBEIRAO DAS NEVES";"Outras";"Saída de Pista";"Com Vítimas Feridas";"Plena noite";"Crescente";"Ceu Claro";"Dupla";"Reta";"Rural";1;0;1;0;0;0;1;1
83474276;"17/06/16";"Sexta";"20:35:00";"BA";242;"389";"SEABRA";"Animais na Pista";"Atropelamento de animal";"Com Vítimas Feridas";"Plena noite";"Crescente";"Ceu Claro";"Simples";"Reta";"Urbano";1;0;0;1;0;0;1;1
83474277;"02/06/16";"Quinta";"12:50:00";"SC";101;"209";"SAO JOSE";"Não guardar distância de segurança";"Colisão traseira";"Com Vítimas Feridas";"Pleno dia";"Crescente";"Ceu Claro";"Dupla";"Reta";"Urbano";2;0;1;0;1;0;1;2
83474278;"17/06/16";"Sexta";"22:00:00";"PR";376;"222,5";"CAMBIRA";"Outras";"Atropelamento de animal";"Com Vítimas Feridas";"Plena noite";"Decrescente";"Ceu Claro";"Dupla";"Reta";"Rural";1;0;1;0;0;0;1;1
83474279;"17/06/16";"Sexta";"14:30:00";"CE";222;"69";"SAO GONCALO DO AMARANTE";"Outras";"Colisão lateral";"Com Vítimas Fatais";"Pleno dia";"Decrescente";"Ceu Claro";"Simples";"Reta";"Rural";8;1;3;1;3;0;4;4
83474280;"17/06/16";"Sexta";"08:10:00";"PR";158;"522";"PATO BRANCO";"Ultrapassagem indevida";"Saída de Pista";"Sem Vítimas";"Plena noite";"Crescente";"Chuva";"Simples";"Reta";"Urbano";3;0;0;0;3;0;0;1
83474281;"17/06/16";"Sexta";"19:45:00";"PE";407;"119,9";"PETROLINA";"Outras";"Colisão lateral";"Sem Vítimas";"Plena noite";"Crescente";"Vento";"Simples";"Reta";"Rural";5;0;0;0;3;2;0;3
83474282;"17/06/16";"Sexta";"18:30:00";"RS";285;"398,7";"SANTA BARBARA DO SUL";"Falta de atenção";"Colisão lateral";"Com Vítimas Feridas";"Plena noite";"Decrescente";"Ceu Claro";"Simples";"Reta";"Rural";4;0;1;0;3;0;1;4
83474283;"17/06/16";"Sexta";"20:30:00";"MG";365;"625";"UBERLANDIA";"Falta de atenção";"Colisão com objeto fixo";"Com Vítimas Feridas";"Plena noite";"Decrescente";"Ceu Claro";"Simples";"Reta";"Urbano";1;0;1;0;0;0;1;1
83474284;"17/06/16";"Sexta";"14:40:00";"AM";174;"975,2";"PRESIDENTE FIGUEIREDO";"Outras";"Saída de Pista";"Sem Vítimas";"Pleno dia";"Crescente";"Ceu Claro";"Simples";"Reta";"Rural";3;0;0;0;3;0;0;1
83474285;"17/06/16";"Sexta";"18:15:00";"SE";101;"123,1";"ITAPORANGA DAJUDA";"Defeito mecânico em veículo";"Saída de Pista";"Sem Vítimas";"Plena noite";"Decrescente";"Chuva";"Dupla";"Reta";"Rural";4;0;0;0;4;0;0;1
83474286;"17/06/16";"Sexta";"22:35:00";"GO";60;"84,5";"ANAPOLIS";"Defeito mecânico em veículo";"Queda de motocicleta / bicicleta / veículo";"Com Vítimas Feridas";"Plena noite";"Crescente";"Ceu Claro";"Dupla";"Reta";"Rural";2;0;2;0;0;0;2;1
83474287;"17/06/16";"Sexta";"22:00:00";"AL";101;"136,1";"SAO MIGUEL DOS CAMPOS";"Falta de atenção";"Saída de Pista";"Sem Vítimas";"Plena noite";"Crescente";"Ceu Claro";"Dupla";"Reta";"Urbano";1;0;0;0;1;0;0;1
83474288;"17/06/16";"Sexta";"17:15:00";"SC";101;"126";"ITAJAI";"Ultrapassagem indevida";"Capotamento";"Sem Vítimas";"Pleno dia";"Crescente";"Chuva";"Dupla";"Reta";"Rural";2;0;0;0;2;0;0;2
83474289;"17/06/16";"Sexta";"18:45:00";"DF";20;"2";"BRASILIA";"Velocidade incompatível";"Capotamento";"Com Vítimas Fatais";"Pleno dia";"Crescente";"Ceu Claro";"Dupla";"Reta";"Urbano";1;1;0;0;0;0;0;1
83474290;"17/06/16";"Sexta";"22:20:00";"CE";222;"314,6";"TIANGUA";"Ingestão de álcool";"Colisão Transversal";"Sem Vítimas";"Plena noite";"Crescente";"Ceu Claro";"Simples";"Reta";"Urbano";2;0;0;0;2;0;0;2
83474291;"17/06/16";"Sexta";"18:30:00";"PR";369;"186";"ARAPONGAS";"Falta de atenção";"Colisão lateral";"Com Vítimas Feridas";"Plena noite";"Decrescente";"Ceu Claro";"Simples";"Cruzamento";"Urbano";2;0;1;0;0;1;1;2
83474293;"17/06/16";"Sexta";"18:10:00";"PR";153;"110,4";"IBAITI";"Falta de atenção";"Colisão frontal";"Com Vítimas Fatais";"Plena noite";"Crescente";"Ceu Claro";"Simples";"Curva";"Rural";2;1;0;0;1;0;0;2
83474294;"17/06/16";"Sexta";"21:20:00";"PR";153;"470";"PORTO VITORIA";"Velocidade incompatível";"Colisão frontal";"Com Vítimas Feridas";"Plena noite";"Decrescente";"Nublado";"Simples";"Curva";"Rural";39;0;1;1;37;0;2;3
83474295;"17/06/16";"Sexta";"20:15:00";"MS";163;"36,6";"ELDORADO";"Outras";"Colisão traseira";"Sem Vítimas";"Plena noite";"Decrescente";"Ceu Claro";"Simples";"Reta";"Rural";2;0;0;0;2;0;0;2
83474296;"17/06/16";"Sexta";"21:20:00";"SP";116;"529,4";"BARRA DO TURVO";"Falta de atenção";"Atropelamento de pessoa";"Com Vítimas Fatais";"Plena noite";"Crescente";"Nevoeiro/neblina";"Dupla";"Curva";"Rural";5;1;0;0;3;1;0;3
83474297;"18/06/16";"Sábado";"00:05:00";"SC";280;"59";"GUARAMIRIM";"Falta de atenção";"Colisão com objeto fixo";"Com Vítimas Feridas";"Plena noite";"Decrescente";"Nublado";"Simples";"Reta";"Urbano";2;0;1;0;0;1;1;2
83474298;"17/06/16";"Sexta";"07:50:00";"SC";101;"186";"BIGUACU";"Falta de atenção";"Colisão lateral";"Com Vítimas Feridas";"Pleno dia";"Crescente";"Chuva";"Dupla";"Curva";"Urbano";4;0;3;0;1;0;3;2
83474299;"17/06/16";"Sexta";"18:30:00";"PR";116;"117";"CURITIBA";"Não guardar distância de segurança";"Colisão lateral";"Com Vítimas Feridas";"Anoitecer";"Decrescente";"Chuva";"Simples";"Curva";"Urbano";3;0;1;0;1;1;1;3
83474300;"17/06/16";"Sexta";"17:50:00";"PB";230;"25";"JOAO PESSOA";"Falta de atenção";"Colisão lateral";"Sem Vítimas";"Plena noite";"Decrescente";"Ceu Claro";"Dupla";"Reta";"Urbano";2;0;0;0;2;0;0;2
83474301;"17/06/16";"Sexta";"19:00:00";"AC";317;"19";"RIO BRANCO";"Defeito mecânico em veículo";"Atropelamento de pessoa";"Com Vítimas Feridas";"Plena noite";"Crescente";"Ceu Claro";"Simples";"Reta";"Urbano";4;0;1;0;3;0;1;2
83474302;"17/06/16";"Sexta";"15:00:00";"DF";70;"1";"BRASILIA";"Não guardar distância de segurança";"Colisão traseira";"Com Vítimas Feridas";"Pleno dia";"Decrescente";"Ceu Claro";"Dupla";"Reta";"Urbano";3;0;0;1;2;0;1;2
83474303;"17/06/16";"Sexta";"22:00:00";"MT";70;"298";"PRIMAVERA DO LESTE";"Animais na Pista";"Atropelamento de animal";"Sem Vítimas";"Plena noite";"Crescente";"Ceu Claro";"Simples";"Reta";"Rural";1;0;0;0;1;0;0;1
83474304;"17/06/16";"Sexta";"20:00:00";"RN";110;"127";"CAMPO GRANDE";"Falta de atenção";"Colisão com objeto fixo";"Com Vítimas Feridas";"Plena noite";"Decrescente";"Ceu Claro";"Dupla";"Reta";"Urbano";2;0;1;0;1;0;1;1
83474305;"17/06/16";"Sexta";"21:50:00";"RN";101;"106";"PARNAMIRIM";"Não guardar distância de segurança";"Colisão lateral";"Com Vítimas Feridas";"Plena noite";"Crescente";"Ceu Claro";"Dupla";"Cruzamento";"Urbano";3;0;2;0;1;0;2;2
83474306;"17/06/16";"Sexta";"14:30:00";"SC";101;"18,9";"JOINVILLE";"Falta de atenção";"Capotamento";"Sem Vítimas";"Pleno dia";"Crescente";"Nublado";"Dupla";"Reta";"Rural";1;0;0;0;1;0;0;1
83474307;"17/06/16";"Sexta";"20:20:00";"BA";101;"808";"ITAMARAJU";"Outras";"Colisão frontal";"Com Vítimas Feridas";"Plena noite";"Crescente";"Ceu Claro";"Simples";"Reta";"Urbano";4;0;0;1;3;0;1;2
83474308;"18/06/16";"Sábado";"00:30:00";"MG";116;"422,7";"ALPERCATA";"Animais na Pista";"Atropelamento de animal";"Com Vítimas Feridas";"Plena noite";"Crescente";"Ceu Claro";"Simples";"Curva";"Rural";1;0;0;1;0;0;1;1
83474309;"17/06/16";"Sexta";"23:45:00";"RS";470;"163,5";"VILA FLORES";"Ingestão de álcool";"Colisão frontal";"Sem Vítimas";"Plena noite";"Decrescente";"Nevoeiro/neblina";"Simples";"Reta";"Rural";2;0;0;0;1;1;0;2
83474310;"17/06/16";"Sexta";"19:25:00";"PB";230;"79";"RIACHAO DO POCO";"Defeito na via";"Queda de motocicleta / bicicleta / veículo";"Com Vítimas Feridas";"Plena noite";"Crescente";"Ceu Claro";"Dupla";"Reta";"Rural";1;0;1;0;0;0;1;1
83474311;"17/06/16";"Sexta";"19:30:00";"DF";60;"1,2";"BRASILIA";"Falta de atenção";"Colisão lateral";"Sem Vítimas";"Plena noite";"Crescente";"Ceu Claro";"Dupla";"Reta";"Rural";2;0;0;0;1;1;0;2
83474312;"18/06/16";"Sábado";"01:50:00";"SC";101;"209,4";"SAO JOSE";"Falta de atenção";"Queda de motocicleta / bicicleta / veículo";"Com Vítimas Feridas";"Plena noite";"Crescente";"Chuva";"Múltipla";"Reta";"Urbano";1;0;0;1;0;0;1;1
83474313;"18/06/16";"Sábado";"00:30:00";"MG";116;"527,6";"CARATINGA";"Dormindo";"Saída de Pista";"Com Vítimas Feridas";"Plena noite";"Crescente";"Ceu Claro";"Simples";"Curva";"Urbano";1;0;1;0;0;0;1;1
83474314;"17/06/16";"Sexta";"19:00:00";"GO";40;"1,5";"VALPARAISO DE GOIAS";"Outras";"Atropelamento de pessoa";"Com Vítimas Feridas";"Plena noite";"Decrescente";"Ceu Claro";"Dupla";"Reta";"Urbano";2;0;1;0;0;1;1;1
83474315;"17/06/16";"Sexta";"20:45:00";"GO";70;"159,4";"ITAGUARI";"Outras";"Saída de Pista";"Sem Vítimas";"Plena noite";"Decrescente";"Ceu Claro";"Simples";"Curva";"Rural";1;0;0;0;1;0;0;1
83474316;"17/06/16";"Sexta";"17:00:00";"GO";153;"506";"APARECIDA DE GOIANIA";"Defeito mecânico em veículo";"Saída de Pista";"Com Vítimas Feridas";"Pleno dia";"Crescente";"Ceu Claro";"Dupla";"Reta";"Urbano";2;0;1;0;1;0;1;2
83474317;"17/06/16";"Sexta";"18:20:00";"PB";101;"89,5";"JOAO PESSOA";"Velocidade incompatível";"Colisão lateral";"Sem Vítimas";"Plena noite";"Crescente";"Ceu Claro";"Dupla";"Reta";"Urbano";2;0;0;0;2;0;0;2
83474318;"18/06/16";"Sábado";"01:30:00";"PA";316;"7";"ANANINDEUA";"Falta de atenção";"Colisão traseira";"Sem Vítimas";"Plena noite";"Decrescente";"Nublado";"Dupla";"Reta";"Urbano";2;0;0;0;1;1;0;2
83474319;"17/06/16";"Sexta";"13:30:00";"PE";232;"6";"RECIFE";"Outras";"Colisão traseira";"Com Vítimas Feridas";"Pleno dia";"Crescente";"Ceu Claro";"Dupla";"Reta";"Urbano";2;0;1;0;1;0;1;2
83474320;"17/06/16";"Sexta";"17:20:00";"PI";343;"240";"CAMPO MAIOR";"Falta de atenção";"Colisão lateral";"Com Vítimas Feridas";"Pleno dia";"Crescente";"Ceu Claro";"Simples";"Reta";"Rural";3;0;1;0;2;0;1;2