"id";"data_inversa";"dia_semana";"horario";"uf";"br";"km";"municipio";"causa_acidente";"tipo_acidente";"classificacao_acidente";"fase_dia";"sentido_via";"condicao_metereologica";"tipo_pista";"tracado_via";"uso_solo";"pessoas";"mortos";"feridos_leves";"feridos_graves";"ilesos";"ignorados";"feridos";"veiculos"
83474439;"17/06/16";"Sexta";"17:00:00";"MA";135;"76";"SANTA RITA";"Outras";"Colisão lateral";"Sem Vítimas";"Pleno dia";"Decrescente";"Sol";"Simples";"Reta";"Rural";2;0;0;0;2;0;0;2
83474440;"18/06/16";"Sábado";"06:00:00";"RS";392;"300";"SAO SEPE";"Outras";"Colisão lateral";"Com Vítimas Fatais";"Amanhecer";"Crescente";"Ceu Claro";"Simples";"Reta";"Rural";2;1;1;0;0;0;1;2
83474441;"18/06/16";"Sábado";"14:00:00";"PR";376;"660";"TIJUCAS DO SUL";"Velocidade incompatível";"Tombamento";"Sem Vítimas";"Pleno dia";"Crescente";"Chuva";"Dupla";"Curva";"Rural";1;0;0;0;1;0;0;1
83474442;"18/06/16";"Sábado";"13:20:00";"PE";101;"59";"PAULISTA";"Outras";"Colisão lateral";"Com Vítimas Feridas";"Pleno dia";"Decrescente";"Ceu Claro";"Simples";"Reta";"Urbano";2;0;1;0;1;0;1;2
83474443;"18/06/16";"Sábado";"09:30:00";"MG";262;"33,5";"MANHUACU";"Ultrapassagem indevida";"Colisão lateral";"Com Vítimas Feridas";"Pleno dia";"Crescente";"Sol";"Simples";"Curva";"Urbano";3;0;1;0;2;0;1;2
83474444;"17/06/16";"Sexta";"23:00:00";"CE";222;"4";"CAUCAIA";"Outras";"Queda de motocicleta / bicicleta / veículo";"Com Vítimas Feridas";"Plena noite";"Crescente";"Ceu Claro";"Dupla";"Reta";"Urbano";2;0;1;1;0;0;2;1
83474445;"18/06/16";"Sábado";"10:30:00";"MG";116;"665,9";"MIRADOURO";"Velocidade incompatível";"Colisão Transversal";"Com Vítimas Feridas";"Pleno dia";"Decrescente";"Ceu Claro";"Simples";"Curva";"Rural";6;0;6;0;0;0;6;2
83474446;"18/06/16";"Sábado";"11:30:00";"MT";364;"237,5";"JUSCIMEIRA";"Outras";"Queda de motocicleta / bicicleta / veículo";"Com Vítimas Feridas";"Pleno dia";"Decrescente";"Sol";"Simples";"Reta";"Rural";2;0;2;0;0;0;2;1
83474447;"18/06/16";"Sábado";"13:35:00";"MG";262;"39,9";"MANHUACU";"Ultrapassagem indevida";"Colisão com objeto fixo";"Com Vítimas Feridas";"Pleno dia";"Crescente";"Nublado";"Simples";"Reta";"Rural";4;0;2;0;2;0;2;3
83474448;"18/06/16";"Sábado";"12:30:00";"MG";381;"482";"BETIM";"Outras";"Colisão lateral";"Com Vítimas Feridas";"Pleno dia";"Crescente";"Ceu Claro";"Dupla";"Reta";"Urbano";3;0;2;0;1;0;2;2
83474449;"18/06/16";"Sábado";"12:50:00";"PR";116;"17";"ANTONINA";"Velocidade incompatível";"Tombamento";"Sem Vítimas";"Pleno dia";"Crescente";"Chuva";"Dupla";"Curva";"Rural";1;0;0;0;1;0;0;1
83474450;"18/06/16";"Sábado";"09:30:00";"MG";116;"782,9";"LEOPOLDINA";"Velocidade incompatível";"Tombamento";"Sem Vítimas";"Pleno dia";"Decrescente";"Ceu Claro";"Simples";"Curva";"Rural";1;0;0;0;1;0;0;1
83474451;"18/06/16";"Sábado";"11:55:00";"PI";343;"345,1";"TERESINA";"Não guardar distância de segurança";"Colisão traseira";"Com Vítimas Feridas";"Pleno dia";"Crescente";"Ceu Claro";"Simples";"Reta";"Urbano";2;0;1;0;1;0;1;2
83474452;"18/06/16";"Sábado";"07:30:00";"RN";101;"105,5";"PARNAMIRIM";"Defeito mecânico em veículo";"Queda de motocicleta / bicicleta / veículo";"Com Vítimas Feridas";"Pleno dia";"Decrescente";"Ceu Claro";"Dupla";"Reta";"Urbano";1;0;1;0;0;0;1;1
83474453;"18/06/16";"Sábado";"10:15:00";"PR";376;"500,1";"PONTA GROSSA";"Defeito mecânico em veículo";"Saída de Pista";"Com Vítimas Feridas";"Pleno dia";"Crescente";"Chuva";"Dupla";"Reta";"Rural";1;0;1;0;0;0;1;1
83474454;"18/06/16";"Sábado";"12:40:00";"PE";408;"80,5";"PAUDALHO";"Outras";"Atropelamento de pessoa";"Com Vítimas Fatais";"Plena noite";"Decrescente";"Ceu Claro";"Dupla";"Reta";"Urbano";3;1;1;0;1;0;1;1
83474455;"18/06/16";"Sábado";"08:40:00";"MG";116;"770";"LEOPOLDINA";"Velocidade incompatível";"Tombamento";"Com Vítimas Feridas";"Pleno dia";"Crescente";"Sol";"Simples";"Curva";"Urbano";1;0;0;1;0;0;1;1
83474456;"18/06/16";"Sábado";"09:40:00";"MG";381;"491";"BETIM";"Falta de atenção";"Colisão Transversal";"Com Vítimas Feridas";"Pleno dia";"Decrescente";"Sol";"Dupla";"Reta";"Urbano";10;0;4;1;5;0;5;2
83474457;"18/06/16";"Sábado";"05:00:00";"BA";324;"487,2";"SANTA BARBARA";"Defeito na via";"Saída de Pista";"Sem Vítimas";"Amanhecer";"Decrescente";"Ceu Claro";"Simples";"Reta";"Rural";1;0;0;0;1;0;0;1
83474458;"18/06/16";"Sábado";"13:20:00";"CE";222;"154,2";"IRAUCUBA";"Defeito mecânico em veículo";"Queda de motocicleta / bicicleta / veículo";"Com Vítimas Feridas";"Pleno dia";"Decrescente";"Ceu Claro";"Simples";"Reta";"Rural";1;0;1;0;0;0;1;1
83474459;"18/06/16";"Sábado";"13:10:00";"MG";116;"680,1";"MIRADOURO";"Velocidade incompatível";"Saída de Pista";"Com Vítimas Feridas";"Pleno dia";"Decrescente";"Ceu Claro";"Simples";"Curva";"Rural";4;0;4;0;0;0;4;1
83474460;"18/06/16";"Sábado";"12:50:00";"MG";381;"752";"TRES CORACOES";"Outras";"Colisão com objeto fixo";"Sem Vítimas";"Pleno dia";"Decrescente";"Sol";"Dupla";"Reta";"Rural";1;0;0;0;1;0;0;1
83474461;"18/06/16";"Sábado";"14:30:00";"PR";376;"174,2";"MARINGA";"Falta de atenção";"Colisão traseira";"Com Vítimas Feridas";"Pleno dia";"Decrescente";"Sol";"Dupla";"Reta";"Urbano";2;0;0;1;1;0;1;2
83474462;"18/06/16";"Sábado";"13:30:00";"SC";116;"245,5";"LAGES";"Falta de atenção";"Colisão Transversal";"Com Vítimas Feridas";"Pleno dia";"Crescente";"Sol";"Simples";"Cruzamento";"Urbano";3;0;2;1;0;0;3;2
83474463;"18/06/16";"Sábado";"05:00:00";"RS";116;"302";"GUAIBA";"Ingestão de álcool";"Colisão com objeto fixo";"Ignorado";"Plena noite";"Crescente";"Ceu Claro";"Dupla";"Reta";"Urbano";1;0;0;0;0;1;0;1
83474464;"18/06/16";"Sábado";"09:00:00";"PR";476;"133";"CURITIBA";"Falta de atenção";"Colisão Transversal";"Com Vítimas Feridas";"Pleno dia";"Crescente";"Nublado";"Múltipla";"Reta";"Urbano";3;0;2;0;1;0;2;2
83474465;"18/06/16";"Sábado";"12:00:00";"MS";163;"104";"ITAQUIRAI";"Falta de atenção";"Tombamento";"Sem Vítimas";"Pleno dia";"Decrescente";"Nublado";"Simples";"Curva";"Rural";1;0;0;0;1;0;0;1
83474467;"18/06/16";"Sábado";"13:00:00";"PA";230;"626";"ALTAMIRA";"Não guardar distância de segurança";"Colisão traseira";"Com Vítimas Feridas";"Pleno dia";"Decrescente";"Ceu Claro";"Simples";"Reta";"Rural";3;0;1;1;1;0;2;2
83474468;"18/06/16";"Sábado";"14:50:00";"PR";376;"664";"GUARATUBA";"Velocidade incompatível";"Saída de Pista";"Sem Vítimas";"Pleno dia";"Decrescente";"Chuva";"Simples";"Curva";"Rural";3;0;0;0;3;0;0;1
83474470;"18/06/16";"Sábado";"15:00:00";"PR";277;"82,8";"CURITIBA";"Outras";"Colisão lateral";"Sem Vítimas";"Pleno dia";"Crescente";"Nublado";"Dupla";"Reta";"Urbano";2;0;0;0;2;0;0;2
83474471;"18/06/16";"Sábado";"11:30:00";"MG";381;"293";"ANTONIO DIAS";"Velocidade incompatível";"Colisão com objeto fixo";"Sem Vítimas";"Pleno dia";"Decrescente";"Ceu Claro";"Simples";"Curva";"Rural";1;0;0;0;1;0;0;1
83474472;"18/06/16";"Sábado";"09:50:00";"PE";232;"127";"CARUARU";"Outras";"Colisão Transversal";"Com Vítimas Feridas";"Pleno dia";"Decrescente";"Ceu Claro";"Simples";"Curva";"Urbano";2;0;1;0;0;1;1;2
83474473;"18/06/16";"Sábado";"13:38:00";"MG";262;"389,6";"FLORESTAL";"Ingestão de álcool";"Colisão traseira";"Com Vítimas Feridas";"Pleno dia";"Crescente";"Ceu Claro";"Dupla";"Reta";"Rural";4;0;1;0;3;0;1;2
83474474;"18/06/16";"Sábado";"16:00:00";"MG";40;"328";"FELIXLANDIA";"Falta de atenção";"Colisão com objeto fixo";"Sem Vítimas";"Pleno dia";"Crescente";"Ceu Claro";"Simples";"Reta";"Rural";1;0;0;0;1;0;0;1
83474475;"18/06/16";"Sábado";"11:40:00";"PR";369;"143,6";"LONDRINA";"Outras";"Queda de motocicleta / bicicleta / veículo";"Com Vítimas Feridas";"Pleno dia";"Crescente";"Sol";"Dupla";"Reta";"Urbano";2;0;0;1;0;1;1;2
83474476;"18/06/16";"Sábado";"15:00:00";"RJ";101;"390";"RIO DE JANEIRO";"Defeito mecânico em veículo";"Colisão traseira";"Com Vítimas Feridas";"Pleno dia";"Decrescente";"Nublado";"Simples";"Curva";"Urbano";4;0;1;0;3;0;1;4
83474477;"18/06/16";"Sábado";"15:50:00";"PR";277;"10,4";"PARANAGUA";"Outras";"Saída de Pista";"Com Vítimas Feridas";"Pleno dia";"Crescente";"Nublado";"Dupla";"Reta";"Rural";3;0;2;0;0;1;2;2
83474478;"18/06/16";"Sábado";"13:00:00";"ES";262;"17,2";"VIANA";"Falta de atenção";"Colisão lateral";"Sem Vítimas";"Pleno dia";"Crescente";"Ceu Claro";"Simples";"Reta";"Urbano";2;0;0;0;2;0;0;2
83474479;"18/06/16";"Sábado";"13:20:00";"PR";376;"492,7";"PONTA GROSSA";"Outras";"Saída de Pista";"Sem Vítimas";"Pleno dia";"Decrescente";"Chuva";"Dupla";"Reta";"Rural";2;0;0;0;2;0;0;1
83474480;"18/06/16";"Sábado";"12:00:00";"MG";40;"561";"NOVA LIMA";"Outras";"Colisão traseira";"Com Vítimas Feridas";"Pleno dia";"Crescente";"Ceu Claro";"Dupla";"Reta";"Urbano";2;0;1;0;1;0;1;2
83474481;"18/06/16";"Sábado";"15:30:00";"RJ";40;"11";"COMENDADOR LEVY GASPARIAN";"Velocidade incompatível";"Saída de Pista";"Com Vítimas Feridas";"Pleno dia";"Decrescente";"Ceu Claro";"Dupla";"Curva";"Rural";2;0;2;0;0;0;2;1
83474482;"18/06/16";"Sábado";"16:56:00";"PR";116;"51";"CAMPINA GRANDE DO SUL";"Outras";"Saída de Pista";"Sem Vítimas";"Pleno dia";"Crescente";"Chuva";"Dupla";"Curva";"Rural";1;0;0;0;1;0;0;1
83474483;"18/06/16";"Sábado";"14:10:00";"BA";407;"27,2";"JUAZEIRO";"Ingestão de álcool";"Colisão frontal";"Com Vítimas Feridas";"Pleno dia";"Crescente";"Ceu Claro";"Simples";"Reta";"Rural";2;0;1;0;1;0;1;2
83474484;"18/06/16";"Sábado";"13:00:00";"SC";101;"130,9";"BALNEARIO CAMBORIU";"Defeito mecânico em veículo";"Colisão com objeto fixo";"Sem Vítimas";"Pleno dia";"Crescente";"Nublado";"Dupla";"Reta";"Urbano";1;0;0;0;1;0;0;1
83474485;"18/06/16";"Sábado";"14:40:00";"SP";116;"548,8";"BARRA DO TURVO";"Velocidade incompatível";"Tombamento";"Sem Vítimas";"Pleno dia";"Crescente";"Chuva";"Dupla";"Curva";"Rural";1;0;0;0;1;0;0;1
83474486;"18/06/16";"Sábado";"16:00:00";"PR";277;"725";"FOZ DO IGUACU";"Falta de atenção";"Colisão Transversal";"Com Vítimas Feridas";"Pleno dia";"Decrescente";"Sol";"Dupla";"Cruzamento";"Urbano";2;0;0;1;1;0;1;2
83474487;"18/06/16";"Sábado";"14:40:00";"CE";116;"493,5";"BREJO SANTO";"Defeito na via";"Tombamento";"Sem Vítimas";"Pleno dia";"Crescente";"Ceu Claro";"Simples";"Reta";"Rural";2;0;0;0;2;0;0;1
83474488;"14/06/16";"Terça";"15:00:00";"MG";381;"393";"BOM JESUS DO AMPARO";"Falta de atenção";"Colisão Transversal";"Com Vítimas Feridas";"Pleno dia";"Crescente";"Ceu Claro";"Simples";"Reta";"Rural";2;0;0;2;0;0;2;2
83474489;"18/06/16";"Sábado";"14:26:00";"SP";116;"548";"BARRA DO TURVO";"Velocidade incompatível";"Colisão com objeto fixo";"Sem Vítimas";"Pleno dia";"Decrescente";"Nublado";"Simples";"Curva";"Urbano";1;0;0;0;1;0;0;1
83474490;"18/06/16";"Sábado";"14:20:00";"PR";376;"436";"TIBAGI";"Outras";"Saída de Pista";"Com Vítimas Feridas";"Pleno dia";"Decrescente";"Chuva";"Simples";"Curva";"Rural";1;0;1;0;0;0;1;1
83474492;"18/06/16";"Sábado";"13:30:00";"PR";277;"80";"CURITIBA";"Falta de atenção";"Colisão com objeto fixo";"Sem Vítimas";"Pleno dia";"Crescente";"Nublado";"Dupla";"Curva";"Rural";1;0;0;0;1;0;0;1
83474493;"18/06/16";"Sábado";"10:15:00";"ES";101;"424,3";"ATILIO VIVACQUA";"Falta de atenção";"Colisão lateral";"Com Vítimas Feridas";"Pleno dia";"Decrescente";"Ceu Claro";"Simples";"Reta";"Rural";3;0;1;0;2;0;1;3
83474494;"14/06/16";"Terça";"12:20:00";"ES";262;"151";"IBATIBA";"Defeito mecânico em veículo";"Tombamento";"Com Vítimas Feridas";"Pleno dia";"Crescente";"Ceu Claro";"Simples";"Curva";"Rural";2;0;0;2;0;0;2;1
83474495;"31/01/16";"Domingo";"12:00:00";"SP";116;"18";"LAVRINHAS";"Defeito mecânico em veículo";"Colisão com objeto fixo";"Sem Vítimas";"Pleno dia";"Crescente";"Ceu Claro";"Dupla";"Reta";"Urbano";1;0;0;0;1;0;0;1
83474496;"18/06/16";"Sábado";"15:10:00";"SC";101;"320";"PESCARIA BRAVA";"Falta de atenção";"Colisão traseira";"Com Vítimas Feridas";"Pleno dia";"Crescente";"Sol";"Dupla";"Reta";"Urbano";2;0;1;0;1;0;1;2
83474497;"18/06/16";"Sábado";"11:30:00";"SC";280;"96,5";"CORUPA";"Velocidade incompatível";"Saída de Pista";"Com Vítimas Feridas";"Pleno dia";"Crescente";"Nevoeiro/neblina";"Simples";"Reta";"Urbano";2;0;2;0;0;0;2;1
83474498;"18/06/16";"Sábado";"13:00:00";"DF";70;"15";"BRASILIA";"Velocidade incompatível";"Capotamento";"Ignorado";"Pleno dia";"Crescente";"Ceu Claro";"Dupla";"Curva";"Urbano";1;0;0;0;0;1;0;1
83474499;"18/06/16";"Sábado";"11:50:00";"PR";277;"100";"CURITIBA";"Falta de atenção";"Saída de Pista";"Com Vítimas Feridas";"Pleno dia";"Decrescente";"Chuva";"Dupla";"Curva";"Rural";6;0;1;0;4;1;1;5
83474500;"18/06/16";"Sábado";"14:30:00";"MG";116;"173,2";"PADRE PARAISO";"Outras";"Colisão lateral";"Sem Vítimas";"Pleno dia";"Crescente";"Ceu Claro";"Simples";"Curva";"Rural";2;0;0;0;2;0;0;2
83474502;"18/06/16";"Sábado";"14:30:00";"SC";280;"105";"RIO NEGRINHO";"Velocidade incompatível";"Capotamento";"Com Vítimas Feridas";"Pleno dia";"Crescente";"Nevoeiro/neblina";"Simples";"Reta";"Rural";5;0;5;0;0;0;5;1
83474503;"18/06/16";"Sábado";"17:00:00";"MG";381;"364";"SAO GONCALO DO RIO ABAIXO";"Outras";"Saída de Pista";"Com Vítimas Feridas";"Pleno dia";"Decrescente";"Sol";"Simples";"Reta";"Rural";3;0;2;0;1;0;2;1
83474504;"18/06/16";"Sábado";"18:50:00";"PR";369;"80";"CORNELIO PROCOPIO";"Outras";"Queda de motocicleta / bicicleta / veículo";"Com Vítimas Feridas";"Plena noite";"Crescente";"Ceu Claro";"Simples";"Reta";"Rural";1;0;1;0;0;0;1;1
83474505;"18/06/16";"Sábado";"17:50:00";"PR";116;"7";"CAMPINA GRANDE DO SUL";"Velocidade incompatível";"Saída de Pista";"Sem Vítimas";"Anoitecer";"Crescente";"Chuva";"Dupla";"Curva";"Rural";1;0;0;0;1;0;0;1
83474506;"18/06/16";"Sábado";"11:30:00";"MG";365;"670";"UBERLANDIA";"Falta de atenção";"Capotamento";"Com Vítimas Feridas";"Pleno dia";"Crescente";"Ceu Claro";"Dupla";"Reta";"Rural";2;0;1;0;1;0;1;1
83474507;"18/06/16";"Sábado";"03:00:00";"MA";222;"214,1";"ITAPECURU MIRIM";"Dormindo";"Queda de motocicleta / bicicleta / veículo";"Com Vítimas Fatais";"Plena noite";"Decrescente";"Ceu Claro";"Simples";"Reta";"Urbano";1;1;0;0;0;0;0;1
83474508;"18/06/16";"Sábado";"09:00:00";"MG";381;"702";"LAVRAS";"Outras";"Derramamento de Carga";"Sem Vítimas";"Pleno dia";"Decrescente";"Ceu Claro";"Dupla";"Reta";"Rural";1;0;0;0;1;0;0;1
83474509;"18/06/16";"Sábado";"17:50:00";"SE";235;"56";"ITABAIANA";"Falta de atenção";"Colisão traseira";"Sem Vítimas";"Plena noite";"Crescente";"Nublado";"Simples";"Reta";"Rural";2;0;0;0;1;1;0;2
83474510;"18/06/16";"Sábado";"05:50:00";"RS";116;"300";"GUAIBA";"Ingestão de álcool";"Colisão com objeto fixo";"Ignorado";"Plena noite";"Crescente";"Nevoeiro/neblina";"Dupla";"Cruzamento";"Urbano";1;0;0;0;0;1;0;1
83474511;"18/06/16";"Sábado";"10:40:00";"RN";304;"76,3";"MOSSORO";"Não guardar distância de segurança";"Colisão traseira";"Com Vítimas Feridas";"Pleno dia";"Crescente";"Sol";"Simples";"Reta";"Rural";2;0;1;0;1;0;1;2
83474512;"18/06/16";"Sábado";"17:45:00";"MG";262;"121";"RIO CASCA";"Falta de atenção";"Colisão Transversal";"Com Vítimas Feridas";"Plena noite";"Crescente";"Ceu Claro";"Simples";"Cruzamento";"Urbano";3;0;2;0;1;0;2;2
83474513;"18/06/16";"Sábado";"16:00:00";"RN";304;"302";"MACAIBA";"Desobediência à sinalização";"Colisão Transversal";"Com Vítimas Fatais";"Pleno dia";"Crescente";"Ceu Claro";"Dupla";"Reta";"Urbano";2;1;0;0;1;0;0;2
83474514;"18/06/16";"Sábado";"09:45:00";"ES";101;"214,8";"IBIRACU";"Outras";"Colisão lateral";"Com Vítimas Feridas";"Pleno dia";"Crescente";"Sol";"Simples";"Curva";"Urbano";3;0;0;2;1;0;2;2
83474515;"18/06/16";"Sábado";"09:00:00";"SC";101;"50,3";"JOINVILLE";"Velocidade incompatível";"Tombamento";"Sem Vítimas";"Pleno dia";"Crescente";"Chuva";"Dupla";"Curva";"Rural";1;0;0;0;1;0;0;1
83474516;"18/06/16";"Sábado";"18:30:00";"ES";262;"164,5";"IBATIBA";"Ingestão de álcool";"Colisão lateral";"Sem Vítimas";"Plena noite";"Crescente";"Ceu Claro";"Simples";"Curva";"Rural";2;0;0;0;2;0;0;2
83474517;"18/06/16";"Sábado";"14:30:00";"MS";163;"280,9";"DOURADOS";"Não guardar distância de segurança";"Colisão traseira";"Com Vítimas Feridas";"Pleno dia";"Decrescente";"Sol";"Dupla";"Reta";"Urbano";4;0;1;0;3;0;1;2
83474518;"18/06/16";"Sábado";"19:20:00";"RS";392;"352,8";"SANTA MARIA";"Falta de atenção";"Colisão frontal";"Com Vítimas Feridas";"Plena noite";"Decrescente";"Ceu Claro";"Simples";"Reta";"Urbano";2;0;1;0;1;0;1;2
83474519;"18/06/16";"Sábado";"17:50:00";"RS";101;"40";"TERRA DE AREIA";"Falta de atenção";"Saída de Pista";"Com Vítimas Feridas";"Anoitecer";"Decrescente";"Ceu Claro";"Múltipla";"Reta";"Rural";4;0;2;0;2;0;2;2
83474520;"18/06/16";"Sábado";"01:20:00";"BA";242;"195";"ITABERABA";"Velocidade incompatível";"Tombamento";"Sem Vítimas";"Pleno dia";"Decrescente";"Ceu Claro";"Simples";"Reta";"Rural";1;0;0;0;1;0;0;1
83474521;"18/06/16";"Sábado";"11:45:00";"GO";60;"109,1";"GOIANAPOLIS";"Outras";"Saída de Pista";"Sem Vítimas";"Pleno dia";"Crescente";"Sol";"Dupla";"Curva";"Rural";1;0;0;0;1;0;0;1
83474522;"18/06/16";"Sábado";"11:30:00";"GO";60;"305";"ACREUNA";"Falta de atenção";"Colisão com bicicleta";"Com Vítimas Feridas";"Pleno dia";"Crescente";"Ceu Claro";"Simples";"Reta";"Urbano";2;0;0;1;1;0;1;2
83474523;"17/06/16";"Sexta";"21:00:00";"GO";70;"7";"AGUAS LINDAS DE GOIAS";"Ingestão de álcool";"Colisão frontal";"Sem Vítimas";"Plena noite";"Crescente";"Ceu Claro";"Dupla";"Reta";"Urbano";3;0;0;0;3;0;0;3
83474524;"18/06/16";"Sábado";"01:00:00";"SP";381;"72";"SAO PAULO";"Dormindo";"Tombamento";"Sem Vítimas";"Plena noite";"Decrescente";"Ceu Claro";"Dupla";"Reta";"Rural";1;0;0;0;1;0;0;1
83474525;"18/06/16";"Sábado";"18:19:00";"MG";381;"511,4";"SAO JOAQUIM DE BICAS";"Ingestão de álcool";"Queda de motocicleta / bicicleta / veículo";"Com Vítimas Feridas";"Plena noite";"Decrescente";"Ceu Claro";"Múltipla";"Reta";"Urbano";1;0;1;0;0;0;1;1
83474526;"18/06/16";"Sábado";"15:00:00";"MT";163;"786";"VERA";"Falta de atenção";"Colisão Transversal";"Com Vítimas Feridas";"Pleno dia";"Crescente";"Ceu Claro";"Simples";"Reta";"Rural";4;0;2;1;1;0;3;2
83474527;"18/06/16";"Sábado";"13:45:00";"ES";101;"61,6";"SAO MATEUS";"Outras";"Queda de motocicleta / bicicleta / veículo";"Com Vítimas Feridas";"Pleno dia";"Crescente";"Sol";"Simples";"Reta";"Urbano";2;0;2;0;0;0;2;1
83474528;"18/06/16";"Sábado";"15:57:00";"BA";101;"259";"SANTO ANTONIO DE JESUS";"Outras";"Saída de Pista";"Com Vítimas Feridas";"Pleno dia";"Crescente";"Ceu Claro";"Dupla";"Cruzamento";"Rural";4;0;3;0;1;0;3;2
83474529;"23/05/16";"Segunda";"09:30:00";"PR";376;"641,1";"TIJUCAS DO SUL";"Outras";"Colisão traseira";"Com Vítimas Feridas";"Pleno dia";"Crescente";"Ignorada";"Dupla";"Reta";"Rural";2;0;1;0;1;0;1;2
83474530;"18/06/16";"Sábado";"09:00:00";"TO";153;"250";"COLINAS DO TOCANTINS";"Falta de atenção";"Tombamento";"Com Vítimas Feridas";"Pleno dia";"Decrescente";"Sol";"Simples";"Curva";"Urbano";2;0;2;0;0;0;2;1
83474531;"18/06/16";"Sábado";"09:00:00";"MG";40;"512,1";"RIBEIRAO DAS NEVES";"Velocidade incompatível";"Danos Eventuais";"Sem Vítimas";"Pleno dia";"Decrescente";"Sol";"Dupla";"Reta";"Urbano";1;0;0;0;1;0;0;1
83474532;"18/06/16";"Sábado";"19:20:00";"SP";381;"19,7";"BRAGANCA PAULISTA";"Velocidade incompatível";"Colisão com objeto fixo";"Sem Vítimas";"Plena noite";"Decrescente";"Ceu Claro";"Dupla";"Reta";"Urbano";1;0;0;0;1;0;0;1
83474533;"18/06/16";"Sábado";"13:05:00";"MS";262;"214";"RIBAS DO RIO PARDO";"Falta de atenção";"Tombamento";"Sem Vítimas";"Pleno dia";"Decrescente";"Ceu Claro";"Simples";"Reta";"Rural";1;0;0;0;1;0;0;1
83474534;"18/06/16";"Sábado";"18:50:00";"RN";304;"57";"MOSSORO";"Animais na Pista";"Atropelamento de animal";"Sem Vítimas";"Plena noite";"Decrescente";"Ignorada";"Simples";"Reta";"Rural";6;0;0;0;4;2;0;1
83474535;"18/06/16";"Sábado";"13:30:00";"MG";262;"404,8";"PARA DE MINAS";"Velocidade incompatível";"Saída de Pista";"Com Vítimas Feridas";"Pleno dia";"Crescente";"Ceu Claro";"Dupla";"Reta";"Rural";2;0;1;0;1;0;1;1
83474536;"18/06/16";"Sábado";"19:40:00";"PR";376;"643";"TIJUCAS DO SUL";"Velocidade incompatível";"Saída de Pista";"Sem Vítimas";"Plena noite";"Decrescente";"Chuva";"Dupla";"Reta";"Rural";1;0;0;0;1;0;0;1
83474537;"18/06/16";"Sábado";"13:20:00";"CE";222;"8,6";"CAUCAIA";"Desobediência à sinalização";"Colisão Transversal";"Com Vítimas Feridas";"Pleno dia";"Decrescente";"Sol";"Dupla";"Cruzamento";"Urbano";2;0;2;0;0;0;2;2
83474538;"18/06/16";"Sábado";"18:09:00";"PR";369;"139,2";"IBIPORA";"Desobediência à sinalização";"Colisão lateral";"Com Vítimas Feridas";"Plena noite";"Crescente";"Ceu Claro";"Simples";"Reta";"Urbano";3;0;0;2;0;1;2;2
83474539;"18/06/16";"Sábado";"17:20:00";"PB";104;"144,6";"QUEIMADAS";"Falta de atenção";"Saída de Pista";"Com Vítimas Feridas";"Anoitecer";"Crescente";"Ceu Claro";"Simples";"Curva";"Rural";1;0;1;0;0;0;1;1
83474540;"18/06/16";"Sábado";"19:30:00";"SC";470;"127";"LONTRAS";"Ingestão de álcool";"Queda de motocicleta / bicicleta / veículo";"Sem Vítimas";"Plena noite";"Decrescente";"Nublado";"Simples";"Reta";"Urbano";1;0;0;0;1;0;0;1
83474541;"18/06/16";"Sábado";"10:15:00";"SC";116;"181,3";"SAO CRISTOVAO DO SUL";"Velocidade incompatível";"Tombamento";"Sem Vítimas";"Pleno dia";"Decrescente";"Nublado";"Simples";"Curva";"Urbano";1;0;0;0;1;0;0;1
83474542;"17/06/16";"Sexta";"23:15:00";"GO";70;"1,5";"AGUAS LINDAS DE GOIAS";"Falta de atenção";"Colisão traseira";"Com Vítimas Feridas";"Plena noite";"Crescente";"Ceu Claro";"Dupla";"Reta";"Rural";14;0;5;0;9;0;5;2
83474543;"18/06/16";"Sábado";"19:25:00";"CE";222;"327,3";"UBAJARA";"Falta de atenção";"Colisão Transversal";"Com Vítimas Feridas";"Plena noite";"Crescente";"Ceu Claro";"Simples";"Reta";"Rural";6;0;2;0;4;0;2;2
83474544;"09/06/16";"Quinta";"17:50:00";"PR";376;"492,6";"PONTA GROSSA";"Outras";"Colisão com objeto móvel";"Sem Vítimas";"Anoitecer";"Crescente";"Ceu Claro";"Dupla";"Reta";"Urbano";2;0;0;0;2;0;0;2
83474545;"18/06/16";"Sábado";"14:30:00";"SP";116;"348";"MIRACATU";"Falta de atenção";"Tombamento";"Sem Vítimas";"Pleno dia";"Crescente";"Nevoeiro/neblina";"Dupla";"Reta";"Urbano";1;0;0;0;1;0;0;1
83474546;"18/06/16";"Sábado";"19:00:00";"BA";324;"376,4";"SAO JOSE DO JACUIPE";"Outras";"Colisão frontal";"Com Vítimas Feridas";"Plena noite";"Decrescente";"Nublado";"Simples";"Reta";"Rural";2;0;0;1;1;0;1;2
83474547;"18/06/16";"Sábado";"18:00:00";"BA";407;"209";"CAPIM GROSSO";"Outras";"Colisão frontal";"Com Vítimas Feridas";"Plena noite";"Crescente";"Nublado";"Simples";"Reta";"Rural";2;0;0;1;0;1;1;2
83474548;"18/06/16";"Sábado";"19:19:00";"PA";316;"13";"MARITUBA";"Outras";"Saída de Pista";"Sem Vítimas";"Plena noite";"Decrescente";"Chuva";"Dupla";"Reta";"Rural";1;0;0;0;1;0;0;1
83474549;"18/06/16";"Sábado";"18:15:00";"PR";476;"119,5";"COLOMBO";"Outras";"Queda de motocicleta / bicicleta / veículo";"Com Vítimas Fatais";"Plena noite";"Crescente";"Chuva";"Múltipla";"Reta";"Urbano";1;1;0;0;0;0;0;1