"id";"data_inversa";"dia_semana";"horario";"uf";"br";"km";"municipio";"causa_acidente";"tipo_acidente";"classificacao_acidente";"fase_dia";"sentido_via";"condicao_metereologica";"tipo_pista";"tracado_via";"uso_solo";"pessoas";"mortos";"feridos_leves";"feridos_graves";"ilesos";"ignorados";"feridos";"veiculos"
83474657;"17/06/16";"Sexta";"02:10:00";"RN";304;"39,7";"MOSSORO";"Outras";"Colisão com objeto fixo";"Sem Vítimas";"Plena noite";"Decrescente";"Ceu Claro";"Dupla";"Reta";"Urbano";1;0;0;0;1;0;0;1
83474658;"19/06/16";"Domingo";"03:30:00";"RJ";116;"74";"TERESOPOLIS";"Ingestão de álcool";"Queda de motocicleta / bicicleta / veículo";"Com Vítimas Feridas";"Plena noite";"Decrescente";"Ceu Claro";"Simples";"Reta";"Urbano";1;0;1;0;0;0;1;1
83474659;"10/06/16";"Sexta";"15:15:00";"RJ";116;"122,5";"MAGE";"Outras";"Colisão traseira";"Sem Vítimas";"Pleno dia";"Decrescente";"Ceu Claro";"Dupla";"Reta";"Rural";3;0;0;0;3;0;0;2
83474660;"19/06/16";"Domingo";"06:00:00";"PE";232;"418";"SERRA TALHADA";"Falta de atenção";"Capotamento";"Com Vítimas Feridas";"Pleno dia";"Crescente";"Sol";"Simples";"Reta";"Rural";1;0;1;0;0;0;1;1
83474661;"13/06/16";"Segunda";"00:30:00";"PE";232;"515,3";"SALGUEIRO";"Animais na Pista";"Atropelamento de animal";"Com Vítimas Fatais";"Plena noite";"Decrescente";"Ceu Claro";"Simples";"Reta";"Rural";1;1;0;0;0;0;0;1
83474662;"18/06/16";"Sábado";"17:50:00";"MG";381;"151,3";"GOVERNADOR VALADARES";"Animais na Pista";"Atropelamento de animal";"Com Vítimas Feridas";"Anoitecer";"Crescente";"Ceu Claro";"Simples";"Reta";"Rural";3;0;1;0;2;0;1;3
83474663;"16/06/16";"Quinta";"06:10:00";"PR";476;"117";"COLOMBO";"Dormindo";"Colisão com objeto fixo";"Com Vítimas Feridas";"Pleno dia";"Crescente";"Ceu Claro";"Múltipla";"Reta";"Urbano";1;0;1;0;0;0;1;1
83474664;"19/06/16";"Domingo";"05:40:00";"RJ";116;"121";"MAGE";"Outras";"Capotamento";"Com Vítimas Feridas";"Amanhecer";"Crescente";"Nublado";"Dupla";"Reta";"Rural";1;0;0;1;0;0;1;1
83474665;"11/06/16";"Sábado";"05:30:00";"GO";60;"65";"ABADIANIA";"Ingestão de álcool";"Saída de Pista";"Com Vítimas Feridas";"Amanhecer";"Decrescente";"Ceu Claro";"Dupla";"Reta";"Rural";3;0;1;2;0;0;3;1
83474666;"19/06/16";"Domingo";"06:45:00";"RS";290;"96";"PORTO ALEGRE";"Outras";"Colisão lateral";"Com Vítimas Feridas";"Amanhecer";"Decrescente";"Nevoeiro/neblina";"Dupla";"Reta";"Urbano";3;0;1;0;2;0;1;2
83474667;"25/05/16";"Quarta";"15:00:00";"PA";308;"153";"CAPANEMA";"Falta de atenção";"Colisão lateral";"Sem Vítimas";"Pleno dia";"Crescente";"Ceu Claro";"Simples";"Reta";"Urbano";2;0;0;0;2;0;0;2
83474668;"18/06/16";"Sábado";"21:30:00";"PR";277;"423,9";"CANTAGALO";"Ingestão de álcool";"Saída de Pista";"Com Vítimas Feridas";"Plena noite";"Crescente";"Chuva";"Simples";"Reta";"Rural";1;0;1;0;0;0;1;1
83474669;"12/06/16";"Domingo";"22:10:00";"MG";40;"692";"ALFREDO VASCONCELOS";"Outras";"Atropelamento de pessoa";"Com Vítimas Feridas";"Plena noite";"Crescente";"Ceu Claro";"Dupla";"Cruzamento";"Urbano";3;0;0;2;1;0;2;1
83474670;"15/06/16";"Quarta";"21:30:00";"PR";158;"201,5";"PEABIRU";"Velocidade incompatível";"Saída de Pista";"Com Vítimas Feridas";"Plena noite";"Decrescente";"Ceu Claro";"Simples";"Reta";"Rural";2;0;2;0;0;0;2;1
83474671;"16/06/16";"Quinta";"05:00:00";"SP";381;"73";"SAO PAULO";"Outras";"Tombamento";"Sem Vítimas";"Plena noite";"Decrescente";"Ceu Claro";"Dupla";"Curva";"Rural";1;0;0;0;1;0;0;1
83474672;"11/06/16";"Sábado";"20:30:00";"MG";262;"797,8";"UBERABA";"Outras";"Saída de Pista";"Ignorado";"Plena noite";"Crescente";"Ceu Claro";"Simples";"Reta";"Rural";1;0;0;0;0;1;0;1
83474673;"19/06/16";"Domingo";"06:45:00";"PR";116;"153";"MANDIRITUBA";"Falta de atenção";"Colisão traseira";"Com Vítimas Feridas";"Amanhecer";"Crescente";"Chuva";"Simples";"Curva";"Urbano";2;0;1;0;0;1;1;2
83474674;"17/06/16";"Sexta";"18:00:00";"BA";30;"667,3";"MARAU";"Falta de atenção";"Colisão frontal";"Com Vítimas Fatais";"Anoitecer";"Decrescente";"Ceu Claro";"Simples";"Curva";"Rural";2;1;0;0;0;1;0;2
83474675;"19/06/16";"Domingo";"05:40:00";"MG";40;"517";"RIBEIRAO DAS NEVES";"Dormindo";"Queda de motocicleta / bicicleta / veículo";"Com Vítimas Feridas";"Amanhecer";"Decrescente";"Ceu Claro";"Dupla";"Reta";"Urbano";1;0;0;1;0;0;1;1
83474676;"15/06/16";"Quarta";"23:30:00";"SP";116;"411,6";"REGISTRO";"Outras";"Colisão com objeto móvel";"Sem Vítimas";"Plena noite";"Crescente";"Nublado";"Dupla";"Reta";"Rural";2;0;0;0;1;1;0;2
83474677;"15/06/16";"Quarta";"14:50:00";"SC";282;"2,2";"FLORIANOPOLIS";"Velocidade incompatível";"Colisão traseira";"Com Vítimas Feridas";"Pleno dia";"Decrescente";"Ceu Claro";"Dupla";"Reta";"Urbano";4;0;1;0;2;1;1;3
83474678;"19/06/16";"Domingo";"06:40:00";"PR";116;"116";"CURITIBA";"Desobediência à sinalização";"Colisão Transversal";"Com Vítimas Feridas";"Amanhecer";"Decrescente";"Chuva";"Dupla";"Reta";"Urbano";2;0;0;1;1;0;1;2
83474679;"15/06/16";"Quarta";"20:10:00";"SP";116;"371";"MIRACATU";"Outras";"Colisão com objeto fixo";"Com Vítimas Feridas";"Plena noite";"Decrescente";"Nublado";"Dupla";"Reta";"Urbano";1;0;1;0;0;0;1;1
83474680;"19/06/16";"Domingo";"04:40:00";"RN";101;"94,8";"NATAL";"Falta de atenção";"Colisão Transversal";"Com Vítimas Feridas";"Amanhecer";"Decrescente";"Ceu Claro";"Múltipla";"Reta";"Urbano";3;0;1;0;2;0;1;2
83474681;"16/06/16";"Quinta";"05:40:00";"SP";116;"10";"PIQUETE";"Outras";"Incêndio";"Sem Vítimas";"Amanhecer";"Crescente";"Ceu Claro";"Simples";"Reta";"Rural";1;0;0;0;1;0;0;1
83474682;"17/06/16";"Sexta";"20:30:00";"RS";392;"5";"RIO GRANDE";"Desobediência à sinalização";"Colisão frontal";"Com Vítimas Feridas";"Plena noite";"Decrescente";"Nevoeiro/neblina";"Simples";"Reta";"Urbano";2;0;0;1;1;0;1;2
83474683;"13/06/16";"Segunda";"19:28:00";"PA";316;"9";"MARITUBA";"Falta de atenção";"Colisão lateral";"Sem Vítimas";"Plena noite";"Crescente";"Nublado";"Dupla";"Reta";"Urbano";2;0;0;0;2;0;0;2
83474684;"19/06/16";"Domingo";"08:45:00";"MG";40;"88";"PARACATU";"Outras";"Colisão traseira";"Sem Vítimas";"Pleno dia";"Decrescente";"Sol";"Simples";"Reta";"Rural";3;0;0;0;3;0;0;2
83474685;"19/06/16";"Domingo";"07:00:00";"ES";262;"3,8";"CARIACICA";"Falta de atenção";"Colisão Transversal";"Sem Vítimas";"Pleno dia";"Crescente";"Sol";"Dupla";"Curva";"Urbano";2;0;0;0;2;0;0;2
83474686;"19/06/16";"Domingo";"08:55:00";"MG";40;"690,7";"ALFREDO VASCONCELOS";"Velocidade incompatível";"Saída de Pista";"Sem Vítimas";"Pleno dia";"Crescente";"Sol";"Simples";"Reta";"Rural";1;0;0;0;1;0;0;1
83474687;"16/06/16";"Quinta";"07:15:00";"MG";459;"13";"CALDAS";"Velocidade incompatível";"Tombamento";"Com Vítimas Feridas";"Amanhecer";"Crescente";"Ceu Claro";"Simples";"Curva";"Rural";1;0;1;0;0;0;1;1
83474688;"19/06/16";"Domingo";"07:40:00";"SP";116;"555,3";"BARRA DO TURVO";"Velocidade incompatível";"Saída de Pista";"Sem Vítimas";"Pleno dia";"Crescente";"Chuva";"Simples";"Curva";"Rural";2;0;0;0;2;0;0;1
83474689;"19/06/16";"Domingo";"08:09:00";"PR";277;"633";"CEU AZUL";"Velocidade incompatível";"Capotamento";"Com Vítimas Feridas";"Amanhecer";"Crescente";"Nevoeiro/neblina";"Simples";"Reta";"Rural";3;0;1;0;2;0;1;1
83474690;"19/06/16";"Domingo";"10:20:00";"PR";376;"664";"GUARATUBA";"Velocidade incompatível";"Colisão com objeto fixo";"Sem Vítimas";"Pleno dia";"Decrescente";"Chuva";"Dupla";"Curva";"Rural";2;0;0;0;2;0;0;1
83474691;"18/06/16";"Sábado";"08:40:00";"RS";158;"435,4";"SAO GABRIEL";"Defeito mecânico em veículo";"Colisão traseira";"Sem Vítimas";"Pleno dia";"Crescente";"Sol";"Simples";"Curva";"Rural";5;0;0;0;5;0;0;2
83474692;"18/06/16";"Sábado";"07:00:00";"RS";392;"19";"RIO GRANDE";"Falta de atenção";"Queda de motocicleta / bicicleta / veículo";"Com Vítimas Feridas";"Amanhecer";"Decrescente";"Nevoeiro/neblina";"Dupla";"Reta";"Urbano";1;0;1;0;0;0;1;1
83474693;"19/06/16";"Domingo";"07:50:00";"MT";364;"208";"RONDONOPOLIS";"Velocidade incompatível";"Tombamento";"Sem Vítimas";"Pleno dia";"Decrescente";"Nevoeiro/neblina";"Dupla";"Curva";"Urbano";1;0;0;0;1;0;0;1
83474694;"19/06/16";"Domingo";"05:20:00";"GO";452;"169";"ITUMBIARA";"Outras";"Colisão lateral";"Com Vítimas Feridas";"Amanhecer";"Decrescente";"Ceu Claro";"Simples";"Reta";"Rural";2;0;1;1;0;0;2;2
83474695;"19/06/16";"Domingo";"09:40:00";"PA";316;"8";"ANANINDEUA";"Ingestão de álcool";"Atropelamento de pessoa";"Com Vítimas Feridas";"Pleno dia";"Crescente";"Ceu Claro";"Dupla";"Reta";"Urbano";2;0;1;0;1;0;1;1
83474696;"16/06/16";"Quinta";"07:00:00";"PR";376;"600";"CURITIBA";"Outras";"Colisão com objeto fixo";"Ignorado";"Pleno dia";"Decrescente";"Chuva";"Dupla";"Reta";"Urbano";1;0;0;0;0;1;0;1
83474697;"13/06/16";"Segunda";"22:10:00";"GO";20;"218";"POSSE";"Velocidade incompatível";"Saída de Pista";"Com Vítimas Feridas";"Plena noite";"Crescente";"Chuva";"Simples";"Curva";"Rural";2;0;2;0;0;0;2;1
83474698;"19/06/16";"Domingo";"09:00:00";"SP";116;"520";"CAJATI";"Falta de atenção";"Colisão lateral";"Sem Vítimas";"Pleno dia";"Decrescente";"Nublado";"Simples";"Reta";"Rural";2;0;0;0;2;0;0;2
83474700;"18/06/16";"Sábado";"06:10:00";"GO";60;"83,1";"ANAPOLIS";"Outras";"Colisão traseira";"Com Vítimas Feridas";"Amanhecer";"Decrescente";"Ceu Claro";"Dupla";"Reta";"Rural";3;0;2;1;0;0;3;2
83474701;"16/06/16";"Quinta";"07:30:00";"SC";101;"461,1";"PASSO DE TORRES";"Falta de atenção";"Colisão lateral";"Sem Vítimas";"Amanhecer";"Crescente";"Ceu Claro";"Dupla";"Reta";"Rural";2;0;0;0;2;0;0;2
83474702;"15/06/16";"Quarta";"15:45:00";"RS";287;"299";"SAO PEDRO DO SUL";"Defeito mecânico em veículo";"Saída de Pista";"Com Vítimas Feridas";"Pleno dia";"Crescente";"Ceu Claro";"Simples";"Reta";"Rural";5;0;5;0;0;0;5;1
83474703;"19/06/16";"Domingo";"07:00:00";"MG";40;"516";"RIBEIRAO DAS NEVES";"Velocidade incompatível";"Saída de Pista";"Ignorado";"Plena noite";"Crescente";"Ceu Claro";"Dupla";"Reta";"Urbano";1;0;0;0;0;1;0;1
83474704;"19/06/16";"Domingo";"08:00:00";"MA";316;"364,5";"BACABAL";"Ingestão de álcool";"Saída de Pista";"Com Vítimas Feridas";"Pleno dia";"Decrescente";"Ceu Claro";"Simples";"Reta";"Rural";1;0;0;1;0;0;1;1
83474705;"15/06/16";"Quarta";"11:40:00";"SE";101;"77";"LARANJEIRAS";"Falta de atenção";"Colisão lateral";"Sem Vítimas";"Pleno dia";"Crescente";"Nublado";"Dupla";"Curva";"Urbano";3;0;0;0;3;0;0;2
83474706;"19/06/16";"Domingo";"08:15:00";"RJ";40;"109";"DUQUE DE CAXIAS";"Velocidade incompatível";"Queda de motocicleta / bicicleta / veículo";"Com Vítimas Fatais";"Pleno dia";"Decrescente";"Ceu Claro";"Dupla";"Curva";"Urbano";1;1;0;0;0;0;0;1
83474708;"16/06/16";"Quinta";"17:50:00";"ES";101;"125";"SOORETAMA";"Falta de atenção";"Colisão traseira";"Com Vítimas Feridas";"Anoitecer";"Decrescente";"Ceu Claro";"Simples";"Reta";"Urbano";2;0;1;0;1;0;1;2
83474709;"15/06/16";"Quarta";"18:15:00";"RO";319;"62,1";"PORTO VELHO";"Falta de atenção";"Atropelamento de pessoa";"Com Vítimas Feridas";"Pleno dia";"Crescente";"Ceu Claro";"Dupla";"Reta";"Urbano";2;0;1;0;1;0;1;1
83474710;"19/06/16";"Domingo";"06:50:00";"RS";153;"7,9";"CACHOEIRA DO SUL";"Velocidade incompatível";"Saída de Pista";"Com Vítimas Feridas";"Amanhecer";"Crescente";"Nevoeiro/neblina";"Simples";"Curva";"Urbano";3;0;2;1;0;0;3;1
83474711;"15/06/16";"Quarta";"08:30:00";"MG";365;"718";"MONTE ALEGRE DE MINAS";"Outras";"Saída de Pista";"Com Vítimas Feridas";"Pleno dia";"Crescente";"Ceu Claro";"Simples";"Reta";"Rural";2;0;2;0;0;0;2;1
83474712;"19/06/16";"Domingo";"12:00:00";"SC";101;"159";"PORTO BELO";"Velocidade incompatível";"Saída de Pista";"Sem Vítimas";"Pleno dia";"Decrescente";"Nublado";"Dupla";"Reta";"Rural";1;0;0;0;1;0;0;1
83474713;"19/06/16";"Domingo";"08:00:00";"GO";364;"201";"JATAI";"Defeito mecânico em veículo";"Incêndio";"Sem Vítimas";"Pleno dia";"Crescente";"Ceu Claro";"Dupla";"Reta";"Rural";1;0;0;0;1;0;0;1
83474714;"19/06/16";"Domingo";"12:10:00";"BA";242;"786";"BARREIRAS";"Falta de atenção";"Colisão traseira";"Com Vítimas Feridas";"Pleno dia";"Decrescente";"Sol";"Simples";"Reta";"Rural";2;0;1;0;1;0;1;2
83474715;"19/06/16";"Domingo";"09:15:00";"BA";110;"63";"JEREMOABO";"Outras";"Colisão Transversal";"Sem Vítimas";"Pleno dia";"Decrescente";"Chuva";"Simples";"Reta";"Rural";2;0;0;0;2;0;0;2
83474716;"19/06/16";"Domingo";"12:00:00";"SP";116;"370";"MIRACATU";"Falta de atenção";"Colisão com objeto fixo";"Sem Vítimas";"Pleno dia";"Decrescente";"Nublado";"Dupla";"Reta";"Rural";1;0;0;0;1;0;0;1
83474717;"19/06/16";"Domingo";"12:45:00";"PR";116;"102";"SAO JOSE DOS PINHAIS";"Velocidade incompatível";"Colisão traseira";"Com Vítimas Feridas";"Pleno dia";"Crescente";"Chuva";"Dupla";"Reta";"Rural";3;0;2;0;1;0;2;2
83474718;"19/06/16";"Domingo";"11:40:00";"RJ";101;"269";"RIO BONITO";"Outras";"Capotamento";"Sem Vítimas";"Pleno dia";"Decrescente";"Nublado";"Dupla";"Reta";"Urbano";1;0;0;0;1;0;0;1
83474719;"19/06/16";"Domingo";"13:00:00";"MA";316;"263,2";"SANTA INES";"Animais na Pista";"Atropelamento de animal";"Com Vítimas Feridas";"Pleno dia";"Crescente";"Sol";"Simples";"Reta";"Rural";1;0;1;0;0;0;1;1
83474720;"19/06/16";"Domingo";"12:30:00";"ES";262;"4";"CARIACICA";"Outras";"Queda de motocicleta / bicicleta / veículo";"Com Vítimas Feridas";"Pleno dia";"Crescente";"Sol";"Dupla";"Reta";"Urbano";2;0;0;2;0;0;2;1
83474721;"19/06/16";"Domingo";"08:10:00";"MT";364;"271,2";"JACIARA";"Não guardar distância de segurança";"Colisão lateral";"Com Vítimas Feridas";"Pleno dia";"Decrescente";"Sol";"Dupla";"Cruzamento";"Urbano";2;0;0;1;1;0;1;2
83474722;"19/06/16";"Domingo";"11:50:00";"SC";116;"184,4";"SAO CRISTOVAO DO SUL";"Velocidade incompatível";"Queda de motocicleta / bicicleta / veículo";"Com Vítimas Feridas";"Pleno dia";"Crescente";"Nublado";"Simples";"Cruzamento";"Rural";1;0;1;0;0;0;1;1
83474723;"19/06/16";"Domingo";"11:00:00";"PR";476;"251";"LAPA";"Outras";"Saída de Pista";"Sem Vítimas";"Pleno dia";"Crescente";"Chuva";"Simples";"Reta";"Rural";1;0;0;0;1;0;0;1
83474724;"19/06/16";"Domingo";"12:20:00";"GO";60;"4";"GOIANIA";"Outras";"Tombamento";"Com Vítimas Feridas";"Pleno dia";"Crescente";"Ceu Claro";"Dupla";"Reta";"Urbano";2;0;2;0;0;0;2;1
83474726;"18/06/16";"Sábado";"00:30:00";"PA";230;"120";"MARABA";"Animais na Pista";"Atropelamento de animal";"Com Vítimas Feridas";"Plena noite";"Crescente";"Ceu Claro";"Dupla";"Reta";"Urbano";2;0;2;0;0;0;2;1
83474727;"19/06/16";"Domingo";"07:30:00";"CE";116;"54";"PACAJUS";"Velocidade incompatível";"Capotamento";"Com Vítimas Feridas";"Pleno dia";"Crescente";"Ceu Claro";"Dupla";"Reta";"Urbano";2;0;1;0;1;0;1;1
83474728;"15/06/16";"Quarta";"17:50:00";"PA";316;"6";"ANANINDEUA";"Não guardar distância de segurança";"Colisão traseira";"Sem Vítimas";"Anoitecer";"Crescente";"Ignorada";"Dupla";"Reta";"Urbano";2;0;0;0;2;0;0;2
83474729;"11/06/16";"Sábado";"15:20:00";"MG";381;"682,8";"PERDOES";"Falta de atenção";"Colisão lateral";"Com Vítimas Feridas";"Pleno dia";"Decrescente";"Ceu Claro";"Dupla";"Reta";"Rural";2;0;1;0;1;0;1;2
83474730;"15/06/16";"Quarta";"19:30:00";"MG";262;"458,7";"NOVA SERRANA";"Outras";"Saída de Pista";"Ignorado";"Plena noite";"Crescente";"Ceu Claro";"Simples";"Reta";"Rural";1;0;0;0;0;1;0;1
83474731;"14/06/16";"Terça";"06:40:00";"GO";20;"88";"VILA BOA";"Defeito mecânico em veículo";"Colisão lateral";"Com Vítimas Feridas";"Pleno dia";"Crescente";"Nublado";"Simples";"Reta";"Rural";2;0;1;0;1;0;1;2
83474732;"15/06/16";"Quarta";"14:40:00";"RO";364;"252";"CACOAL";"Falta de atenção";"Saída de Pista";"Com Vítimas Feridas";"Pleno dia";"Decrescente";"Ceu Claro";"Simples";"Reta";"Rural";5;0;1;0;4;0;1;3
83474733;"19/06/16";"Domingo";"08:00:00";"MS";262;"228";"RIBAS DO RIO PARDO";"Ultrapassagem indevida";"Colisão traseira";"Com Vítimas Feridas";"Amanhecer";"Crescente";"Nevoeiro/neblina";"Simples";"Reta";"Rural";4;0;1;1;2;0;2;3
83474734;"19/06/16";"Domingo";"13:45:00";"BA";324;"7";"FEIRA DE SANTANA";"Falta de atenção";"Colisão traseira";"Com Vítimas Feridas";"Pleno dia";"Crescente";"Ceu Claro";"Dupla";"Reta";"Urbano";2;0;1;0;1;0;1;2
83474735;"18/06/16";"Sábado";"21:15:00";"MG";381;"872,3";"ESTIVA";"Ingestão de álcool";"Tombamento";"Sem Vítimas";"Plena noite";"Decrescente";"Ignorada";"Dupla";"Reta";"Rural";1;0;0;0;1;0;0;1
83474736;"19/06/16";"Domingo";"10:40:00";"PR";277;"38";"MORRETES";"Defeito mecânico em veículo";"Tombamento";"Com Vítimas Feridas";"Pleno dia";"Decrescente";"Chuva";"Dupla";"Curva";"Rural";2;0;1;1;0;0;2;1
83474737;"19/06/16";"Domingo";"07:00:00";"BA";110;"214";"NOVA SOURE";"Falta de atenção";"Saída de Pista";"Com Vítimas Feridas";"Pleno dia";"Crescente";"Chuva";"Simples";"Reta";"Rural";1;0;0;1;0;0;1;1
83474738;"19/06/16";"Domingo";"13:55:00";"PE";232;"14";"JABOATAO DOS GUARARAPES";"Falta de atenção";"Colisão lateral";"Com Vítimas Feridas";"Pleno dia";"Decrescente";"Ceu Claro";"Dupla";"Reta";"Rural";3;0;2;0;1;0;2;2
83474739;"19/06/16";"Domingo";"11:30:00";"SE";101;"162,7";"SANTA LUZIA DO ITANHY";"Defeito mecânico em veículo";"Saída de Pista";"Sem Vítimas";"Pleno dia";"Decrescente";"Nublado";"Simples";"Reta";"Rural";1;0;0;0;1;0;0;1
83474740;"19/06/16";"Domingo";"12:40:00";"PR";116;"5,3";"CAMPINA GRANDE DO SUL";"Outras";"Colisão com objeto fixo";"Sem Vítimas";"Plena noite";"Decrescente";"Nublado";"Dupla";"Reta";"Rural";1;0;0;0;1;0;0;1
83474741;"19/06/16";"Domingo";"09:30:00";"MT";163;"910,4";"ITAUBA";"Desobediência à sinalização";"Colisão frontal";"Com Vítimas Fatais";"Pleno dia";"Decrescente";"Ceu Claro";"Simples";"Curva";"Rural";2;1;0;0;1;0;0;2
83474742;"19/06/16";"Domingo";"13:55:00";"RJ";116;"116";"MAGE";"Falta de atenção";"Colisão com bicicleta";"Com Vítimas Feridas";"Pleno dia";"Decrescente";"Ceu Claro";"Simples";"Reta";"Rural";2;0;1;0;1;0;1;2
83474743;"15/06/16";"Quarta";"08:15:00";"MG";459;"65,8";"SENADOR JOSE BENTO";"Velocidade incompatível";"Colisão frontal";"Com Vítimas Feridas";"Pleno dia";"Crescente";"Sol";"Simples";"Curva";"Rural";2;0;1;0;1;0;1;2
83474744;"11/06/16";"Sábado";"18:35:00";"GO";70;"24";"COCALZINHO DE GOIAS";"Defeito na via";"Queda de motocicleta / bicicleta / veículo";"Com Vítimas Feridas";"Plena noite";"Decrescente";"Nublado";"Simples";"Reta";"Rural";2;0;2;0;0;0;2;1
83474745;"19/06/16";"Domingo";"14:45:00";"RS";386;"435";"NOVA SANTA RITA";"Ingestão de álcool";"Colisão com objeto fixo";"Com Vítimas Feridas";"Pleno dia";"Crescente";"Ceu Claro";"Simples";"Cruzamento";"Urbano";4;0;1;2;1;0;3;1
83474746;"19/06/16";"Domingo";"10:30:00";"CE";20;"385,9";"CAUCAIA";"Ultrapassagem indevida";"Colisão frontal";"Sem Vítimas";"Pleno dia";"Decrescente";"Ceu Claro";"Simples";"Reta";"Rural";2;0;0;0;2;0;0;2
83474747;"19/06/16";"Domingo";"14:00:00";"RS";287;"427,4";"UNISTALDA";"Dormindo";"Capotamento";"Com Vítimas Feridas";"Pleno dia";"Crescente";"Ceu Claro";"Simples";"Reta";"Rural";3;0;1;1;1;0;2;1
83474748;"19/06/16";"Domingo";"10:30:00";"SP";116;"560";"BARRA DO TURVO";"Velocidade incompatível";"Colisão com objeto fixo";"Sem Vítimas";"Pleno dia";"Crescente";"Chuva";"Dupla";"Curva";"Rural";1;0;0;0;1;0;0;1
83474749;"19/06/16";"Domingo";"15:25:00";"RS";386;"345";"LAJEADO";"Falta de atenção";"Colisão lateral";"Com Vítimas Feridas";"Pleno dia";"Crescente";"Sol";"Dupla";"Reta";"Urbano";6;0;2;0;4;0;2;2
83474750;"17/06/16";"Sexta";"10:00:00";"MG";381;"888,1";"CAMBUI";"Velocidade incompatível";"Saída de Pista";"Com Vítimas Feridas";"Pleno dia";"Decrescente";"Sol";"Dupla";"Curva";"Rural";12;0;1;0;0;11;1;12
83474751;"19/06/16";"Domingo";"12:50:00";"SP";116;"564,2";"BARRA DO TURVO";"Velocidade incompatível";"Colisão com objeto fixo";"Sem Vítimas";"Pleno dia";"Crescente";"Chuva";"Simples";"Curva";"Rural";1;0;0;0;1;0;0;1
83474752;"19/06/16";"Domingo";"08:05:00";"MS";158;"2,6";"CASSILANDIA";"Ultrapassagem indevida";"Colisão lateral";"Com Vítimas Fatais";"Pleno dia";"Crescente";"Ceu Claro";"Simples";"Reta";"Urbano";3;1;1;0;1;0;1;2
83474753;"18/06/16";"Sábado";"00:10:00";"SC";282;"340,5";"CAMPOS NOVOS";"Ingestão de álcool";"Colisão frontal";"Com Vítimas Feridas";"Plena noite";"Crescente";"Ceu Claro";"Simples";"Reta";"Urbano";2;0;0;1;1;0;1;2
83474754;"19/06/16";"Domingo";"14:45:00";"RJ";101;"390";"RIO DE JANEIRO";"Defeito na via";"Colisão com objeto fixo";"Com Vítimas Feridas";"Pleno dia";"Crescente";"Ceu Claro";"Dupla";"Reta";"Urbano";2;0;1;0;1;0;1;1
83474755;"19/06/16";"Domingo";"12:45:00";"PR";277;"128";"BALSA NOVA";"Outras";"Saída de Pista";"Sem Vítimas";"Pleno dia";"Decrescente";"Nublado";"Simples";"Curva";"Rural";1;0;0;0;1;0;0;1
83474756;"19/06/16";"Domingo";"15:30:00";"SP";116;"276,8";"EMBU";"Outras";"Colisão traseira";"Com Vítimas Feridas";"Pleno dia";"Decrescente";"Ceu Claro";"Dupla";"Reta";"Urbano";3;0;1;0;2;0;1;2
83474757;"19/06/16";"Domingo";"14:50:00";"SC";280;"239,5";"CANOINHAS";"Falta de atenção";"Saída de Pista";"Com Vítimas Feridas";"Pleno dia";"Crescente";"Nublado";"Simples";"Reta";"Rural";1;0;1;0;0;0;1;1
83474758;"15/06/16";"Quarta";"15:40:00";"MG";365;"525,5";"MONTE CARMELO";"Falta de atenção";"Colisão Transversal";"Com Vítimas Feridas";"Pleno dia";"Crescente";"Ceu Claro";"Simples";"Cruzamento";"Rural";2;0;0;1;1;0;1;2
83474759;"19/06/16";"Domingo";"15:22:00";"PE";316;"25";"ARARIPINA";"Ingestão de álcool";"Colisão traseira";"Sem Vítimas";"Pleno dia";"Crescente";"Ceu Claro";"Simples";"Reta";"Urbano";2;0;0;0;2;0;0;2
83474760;"19/06/16";"Domingo";"15:10:00";"CE";116;"298,2";"JAGUARIBE";"Defeito na via";"Saída de Pista";"Com Vítimas Feridas";"Pleno dia";"Decrescente";"Ceu Claro";"Simples";"Reta";"Rural";2;0;2;0;0;0;2;1
83474761;"19/06/16";"Domingo";"14:40:00";"PI";343;"649";"JERUMENHA";"Defeito na via";"Capotamento";"Com Vítimas Feridas";"Pleno dia";"Decrescente";"Ceu Claro";"Simples";"Reta";"Rural";5;0;1;0;2;2;1;2
83474762;"17/06/16";"Sexta";"19:00:00";"SP";116;"148";"SAO JOSE DOS CAMPOS";"Outras";"Colisão traseira";"Sem Vítimas";"Plena noite";"Decrescente";"Nublado";"Dupla";"Reta";"Rural";3;0;0;0;3;0;0;3
83474763;"19/06/16";"Domingo";"15:10:00";"SE";235;"34";"AREIA BRANCA";"Falta de atenção";"Colisão traseira";"Ignorado";"Pleno dia";"Crescente";"Ceu Claro";"Simples";"Curva";"Urbano";3;0;0;0;0;3;0;2
83474764;"19/06/16";"Domingo";"16:35:00";"MG";381;"753";"TRES CORACOES";"Falta de atenção";"Saída de Pista";"Com Vítimas Feridas";"Pleno dia";"Decrescente";"Ceu Claro";"Múltipla";"Reta";"Urbano";5;0;3;0;2;0;3;1
83474765;"12/06/16";"Domingo";"03:00:00";"MG";381;"683,9";"PERDOES";"Outras";"Capotamento";"Sem Vítimas";"Plena noite";"Decrescente";"Ceu Claro";"Dupla";"Reta";"Rural";1;0;0;0;1;0;0;1
83474766;"11/06/16";"Sábado";"17:20:00";"PE";232;"147";"SAO CAITANO";"Velocidade incompatível";"Colisão Transversal";"Com Vítimas Feridas";"Anoitecer";"Decrescente";"Ceu Claro";"Simples";"Reta";"Urbano";3;0;0;2;0;1;2;2