"id";"data_inversa";"dia_semana";"horario";"uf";"br";"km";"municipio";"causa_acidente";"tipo_acidente";"classificacao_acidente";"fase_dia";"sentido_via";"condicao_metereologica";"tipo_pista";"tracado_via";"uso_solo";"pessoas";"mortos";"feridos_leves";"feridos_graves";"ilesos";"ignorados";"feridos";"veiculos"
83474767;"19/06/16";"Domingo";"17:20:00";"BA";116;"428";"FEIRA DE SANTANA";"Ingestão de álcool";"Colisão com bicicleta";"Com Vítimas Feridas";"Pleno dia";"Crescente";"Ceu Claro";"Simples";"Reta";"Rural";2;0;0;1;0;1;1;2
83474768;"19/06/16";"Domingo";"11:50:00";"MG";381;"908,1";"CAMBUI";"Velocidade incompatível";"Queda de motocicleta / bicicleta / veículo";"Com Vítimas Feridas";"Pleno dia";"Decrescente";"Sol";"Dupla";"Curva";"Rural";1;0;1;0;0;0;1;1
83474769;"12/06/16";"Domingo";"15:45:00";"SP";381;"5";"VARGEM";"Outras";"Colisão com objeto fixo";"Sem Vítimas";"Pleno dia";"Crescente";"Sol";"Dupla";"Reta";"Rural";2;0;0;0;1;1;0;2
83474770;"19/06/16";"Domingo";"17:00:00";"PR";116;"18,8";"ANTONINA";"Velocidade incompatível";"Queda de motocicleta / bicicleta / veículo";"Com Vítimas Feridas";"Pleno dia";"Decrescente";"Nevoeiro/neblina";"Dupla";"Curva";"Rural";2;0;2;0;0;0;2;1
83474771;"19/06/16";"Domingo";"15:35:00";"PR";116;"126,2";"FAZENDA RIO GRANDE";"Velocidade incompatível";"Colisão traseira";"Com Vítimas Feridas";"Pleno dia";"Decrescente";"Nublado";"Dupla";"Cruzamento";"Urbano";4;0;1;1;2;0;2;2
83474772;"17/06/16";"Sexta";"11:20:00";"PR";476;"221,7";"LAPA";"Outras";"Colisão lateral";"Sem Vítimas";"Pleno dia";"Decrescente";"Ceu Claro";"Dupla";"Reta";"Rural";3;0;0;0;3;0;0;2
83474773;"19/06/16";"Domingo";"15:59:00";"TO";153;"384";"RIO DOS BOIS";"Falta de atenção";"Colisão lateral";"Com Vítimas Feridas";"Pleno dia";"Decrescente";"Sol";"Simples";"Reta";"Rural";3;0;1;1;1;0;2;2
83474774;"19/06/16";"Domingo";"18:00:00";"PI";316;"17,5";"TERESINA";"Animais na Pista";"Atropelamento de animal";"Com Vítimas Feridas";"Anoitecer";"Decrescente";"Ceu Claro";"Simples";"Reta";"Rural";3;0;2;0;1;0;2;1
83474775;"19/06/16";"Domingo";"10:12:00";"AL";101;"112,8";"PILAR";"Velocidade incompatível";"Colisão lateral";"Com Vítimas Feridas";"Pleno dia";"Crescente";"Chuva";"Simples";"Curva";"Rural";2;0;0;1;1;0;1;2
83474776;"19/06/16";"Domingo";"16:50:00";"RO";364;"349";"JI-PARANA";"Ultrapassagem indevida";"Saída de Pista";"Com Vítimas Feridas";"Pleno dia";"Crescente";"Ceu Claro";"Simples";"Reta";"Rural";5;0;1;0;4;0;1;1
83474777;"19/06/16";"Domingo";"15:50:00";"GO";60;"264";"INDIARA";"Falta de atenção";"Colisão lateral";"Com Vítimas Feridas";"Pleno dia";"Crescente";"Ceu Claro";"Dupla";"Reta";"Urbano";2;0;0;1;1;0;1;2
83474778;"12/06/16";"Domingo";"21:30:00";"SP";381;"59";"MAIRIPORA";"Dormindo";"Colisão com objeto fixo";"Com Vítimas Feridas";"Plena noite";"Crescente";"Ceu Claro";"Dupla";"Curva";"Rural";1;0;1;0;0;0;1;1
83474779;"19/06/16";"Domingo";"17:05:00";"SC";282;"551,4";"NOVA ITABERABA";"Não guardar distância de segurança";"Colisão traseira";"Sem Vítimas";"Pleno dia";"Decrescente";"Sol";"Simples";"Reta";"Rural";2;0;0;0;2;0;0;2
83474780;"19/06/16";"Domingo";"05:45:00";"SP";116;"224";"GUARULHOS";"Ingestão de álcool";"Colisão com bicicleta";"Com Vítimas Feridas";"Amanhecer";"Crescente";"Nublado";"Múltipla";"Reta";"Urbano";2;0;0;1;0;1;1;2
83474782;"19/06/16";"Domingo";"18:30:00";"SC";282;"17";"PALHOCA";"Falta de atenção";"Colisão traseira";"Com Vítimas Feridas";"Anoitecer";"Decrescente";"Ceu Claro";"Simples";"Reta";"Urbano";2;0;1;0;1;0;1;2
83474783;"19/06/16";"Domingo";"10:20:00";"MS";60;"381,1";"SIDROLANDIA";"Velocidade incompatível";"Saída de Pista";"Com Vítimas Feridas";"Pleno dia";"Decrescente";"Ceu Claro";"Simples";"Curva";"Rural";1;0;0;1;0;0;1;1
83474784;"16/06/16";"Quinta";"07:00:00";"MS";60;"423,5";"SIDROLANDIA";"Desobediência à sinalização";"Colisão Transversal";"Com Vítimas Feridas";"Pleno dia";"Crescente";"Ceu Claro";"Simples";"Reta";"Rural";2;0;1;0;1;0;1;2
83474785;"19/06/16";"Domingo";"16:40:00";"SC";282;"519,3";"XAXIM";"Falta de atenção";"Colisão Transversal";"Com Vítimas Feridas";"Pleno dia";"Decrescente";"Sol";"Simples";"Cruzamento";"Urbano";3;0;1;0;2;0;1;2
83474786;"19/06/16";"Domingo";"17:30:00";"RS";290;"108,8";"ELDORADO DO SUL";"Falta de atenção";"Colisão traseira";"Com Vítimas Feridas";"Anoitecer";"Decrescente";"Nevoeiro/neblina";"Dupla";"Reta";"Urbano";5;0;3;1;1;0;4;2
83474788;"19/06/16";"Domingo";"15:30:00";"TO";153;"416";"MIRANORTE";"Falta de atenção";"Colisão lateral";"Com Vítimas Feridas";"Pleno dia";"Decrescente";"Ceu Claro";"Simples";"Reta";"Urbano";2;0;0;1;0;1;1;2
83474789;"19/06/16";"Domingo";"16:40:00";"PR";369;"40,7";"ANDIRA";"Outras";"Saída de Pista";"Com Vítimas Feridas";"Pleno dia";"Decrescente";"Ceu Claro";"Simples";"Reta";"Rural";1;0;1;0;0;0;1;1
83474790;"19/06/16";"Domingo";"09:00:00";"PE";101;"179";"PALMARES";"Outras";"Incêndio";"Sem Vítimas";"Pleno dia";"Crescente";"Nublado";"Dupla";"Reta";"Rural";1;0;0;0;1;0;0;1
83474791;"19/06/16";"Domingo";"15:15:00";"RJ";40;"122";"DUQUE DE CAXIAS";"Falta de atenção";"Capotamento";"Com Vítimas Feridas";"Pleno dia";"Decrescente";"Ceu Claro";"Múltipla";"Reta";"Urbano";1;0;1;0;0;0;1;1
83474792;"16/06/16";"Quinta";"20:30:00";"SP";116;"219";"GUARULHOS";"Não guardar distância de segurança";"Colisão traseira";"Sem Vítimas";"Plena noite";"Crescente";"Ceu Claro";"Múltipla";"Reta";"Urbano";2;0;0;0;2;0;0;2
83474794;"19/06/16";"Domingo";"19:20:00";"SP";116;"414";"JUQUIA";"Animais na Pista";"Atropelamento de animal";"Sem Vítimas";"Plena noite";"Decrescente";"Nublado";"Dupla";"Reta";"Urbano";1;0;0;0;1;0;0;1
83474795;"19/06/16";"Domingo";"19:20:00";"RJ";101;"303";"SAO GONCALO";"Outras";"Colisão traseira";"Sem Vítimas";"Anoitecer";"Crescente";"Ignorada";"Dupla";"Reta";"Urbano";2;0;0;0;1;1;0;2
83474796;"19/06/16";"Domingo";"16:15:00";"AL";104;"2,5";"SAO JOSE DA LAJE";"Velocidade incompatível";"Saída de Pista";"Com Vítimas Feridas";"Pleno dia";"Decrescente";"Chuva";"Simples";"Curva";"Rural";3;0;3;0;0;0;3;1
83474797;"19/06/16";"Domingo";"14:20:00";"MS";60;"421,3";"SIDROLANDIA";"Ingestão de álcool";"Colisão Transversal";"Sem Vítimas";"Pleno dia";"Crescente";"Ceu Claro";"Simples";"Reta";"Rural";4;0;0;0;4;0;0;2
83474798;"19/06/16";"Domingo";"18:25:00";"RS";290;"720";"URUGUAIANA";"Falta de atenção";"Colisão traseira";"Sem Vítimas";"Anoitecer";"Crescente";"Ceu Claro";"Simples";"Reta";"Urbano";7;0;0;0;7;0;0;2
83474799;"15/06/16";"Quarta";"20:11:00";"MG";116;"526,8";"CARATINGA";"Falta de atenção";"Atropelamento de pessoa";"Com Vítimas Fatais";"Plena noite";"Crescente";"Ceu Claro";"Dupla";"Reta";"Urbano";2;1;0;0;1;0;0;1
83474800;"19/06/16";"Domingo";"18:10:00";"MG";381;"357";"JOAO MONLEVADE";"Ultrapassagem indevida";"Colisão lateral";"Com Vítimas Feridas";"Anoitecer";"Decrescente";"Ceu Claro";"Simples";"Reta";"Urbano";3;0;2;0;1;0;2;2
83474801;"19/06/16";"Domingo";"17:00:00";"GO";414;"393";"CORUMBA DE GOIAS";"Outras";"Colisão com objeto fixo";"Sem Vítimas";"Pleno dia";"Decrescente";"Ceu Claro";"Simples";"Cruzamento";"Urbano";2;0;0;0;2;0;0;1
83474802;"19/06/16";"Domingo";"11:30:00";"MS";262;"132";"AGUA CLARA";"Velocidade incompatível";"Colisão traseira";"Sem Vítimas";"Pleno dia";"Crescente";"Ceu Claro";"Simples";"Reta";"Rural";4;0;0;0;4;0;0;2
83474803;"17/06/16";"Sexta";"01:30:00";"SP";116;"212";"GUARULHOS";"Outras";"Atropelamento de pessoa";"Com Vítimas Fatais";"Plena noite";"Decrescente";"Nublado";"Múltipla";"Reta";"Urbano";2;1;0;0;0;1;0;1
83474804;"19/06/16";"Domingo";"15:00:00";"GO";50;"132,9";"IPAMERI";"Velocidade incompatível";"Colisão traseira";"Com Vítimas Feridas";"Pleno dia";"Crescente";"Ceu Claro";"Dupla";"Curva";"Rural";3;0;0;1;2;0;1;2
83474805;"19/06/16";"Domingo";"19:20:00";"ES";101;"30,5";"CONCEICAO DA BARRA";"Outras";"Capotamento";"Com Vítimas Feridas";"Plena noite";"Crescente";"Ceu Claro";"Simples";"Reta";"Urbano";2;0;2;0;0;0;2;1
83474806;"19/06/16";"Domingo";"18:20:00";"GO";153;"500,2";"GOIANIA";"Ingestão de álcool";"Colisão Transversal";"Sem Vítimas";"Plena noite";"Crescente";"Ceu Claro";"Dupla";"Reta";"Urbano";2;0;0;0;2;0;0;2
83474807;"19/06/16";"Domingo";"19:30:00";"RJ";40;"19";"TRES RIOS";"Defeito mecânico em veículo";"Colisão com objeto fixo";"Sem Vítimas";"Plena noite";"Crescente";"Ceu Claro";"Dupla";"Reta";"Rural";2;0;0;0;2;0;0;1
83474808;"19/06/16";"Domingo";"18:20:00";"RJ";101;"407";"ITAGUAI";"Outras";"Queda de motocicleta / bicicleta / veículo";"Com Vítimas Feridas";"Plena noite";"Crescente";"Ceu Claro";"Dupla";"Reta";"Urbano";2;0;2;0;0;0;2;1
83474809;"19/06/16";"Domingo";"16:40:00";"RS";392;"118,5";"CANGUCU";"Defeito mecânico em veículo";"Colisão com objeto fixo";"Sem Vítimas";"Pleno dia";"Crescente";"Ceu Claro";"Simples";"Cruzamento";"Urbano";1;0;0;0;1;0;0;1
83474810;"15/06/16";"Quarta";"22:15:00";"MG";135;"414";"BOCAIUVA";"Animais na Pista";"Capotamento";"Com Vítimas Feridas";"Plena noite";"Decrescente";"Ceu Claro";"Simples";"Reta";"Urbano";2;0;0;1;1;0;1;1
83474811;"19/06/16";"Domingo";"08:35:00";"SP";116;"222";"GUARULHOS";"Dormindo";"Capotamento";"Sem Vítimas";"Pleno dia";"Crescente";"Ceu Claro";"Múltipla";"Reta";"Urbano";1;0;0;0;1;0;0;1
83474812;"19/06/16";"Domingo";"14:50:00";"BA";110;"117";"ANTAS";"Falta de atenção";"Colisão Transversal";"Com Vítimas Feridas";"Pleno dia";"Crescente";"Chuva";"Simples";"Reta";"Rural";5;0;3;1;1;0;4;2
83474813;"19/06/16";"Domingo";"19:30:00";"SP";116;"474,3";"JACUPIRANGA";"Animais na Pista";"Atropelamento de animal";"Sem Vítimas";"Plena noite";"Crescente";"Chuva";"Dupla";"Reta";"Rural";1;0;0;0;1;0;0;1
83474814;"19/06/16";"Domingo";"12:40:00";"BA";101;"351";"AMELIA RODRIGUES";"Falta de atenção";"Colisão traseira";"Sem Vítimas";"Pleno dia";"Decrescente";"Nublado";"Múltipla";"Reta";"Rural";2;0;0;0;1;1;0;2
83474815;"19/06/16";"Domingo";"14:00:00";"AL";424;"95,3";"SATUBA";"Outras";"Saída de Pista";"Sem Vítimas";"Pleno dia";"Crescente";"Sol";"Simples";"Curva";"Rural";1;0;0;0;1;0;0;1
83474816;"19/06/16";"Domingo";"18:20:00";"RJ";393;"217";"VASSOURAS";"Ultrapassagem indevida";"Colisão Transversal";"Com Vítimas Feridas";"Anoitecer";"Crescente";"Ceu Claro";"Simples";"Reta";"Rural";5;0;0;1;4;0;1;3
83474817;"19/06/16";"Domingo";"19:15:00";"RS";470;"209";"BENTO GONCALVES";"Falta de atenção";"Colisão frontal";"Com Vítimas Feridas";"Plena noite";"Decrescente";"Ceu Claro";"Simples";"Reta";"Rural";5;0;4;0;1;0;4;2
83474818;"19/06/16";"Domingo";"16:15:00";"RN";110;"49,4";"MOSSORO";"Outras";"Colisão Transversal";"Com Vítimas Feridas";"Pleno dia";"Crescente";"Ceu Claro";"Dupla";"Reta";"Urbano";2;0;0;1;0;1;1;2
83474819;"16/06/16";"Quinta";"12:00:00";"CE";222;"27,6";"CAUCAIA";"Outras";"Colisão frontal";"Com Vítimas Feridas";"Pleno dia";"Decrescente";"Ceu Claro";"Simples";"Reta";"Rural";7;0;4;1;1;1;5;2
83474820;"19/06/16";"Domingo";"20:00:00";"PA";316;"12";"MARITUBA";"Não guardar distância de segurança";"Colisão traseira";"Sem Vítimas";"Anoitecer";"Decrescente";"Ceu Claro";"Dupla";"Reta";"Urbano";3;0;0;0;2;1;0;3
83474821;"13/06/16";"Segunda";"07:30:00";"BA";324;"543";"AMELIA RODRIGUES";"Outras";"Capotamento";"Sem Vítimas";"Pleno dia";"Decrescente";"Chuva";"Dupla";"Curva";"Urbano";1;0;0;0;1;0;0;1
83474822;"19/06/16";"Domingo";"21:40:00";"RN";304;"25,2";"MOSSORO";"Ingestão de álcool";"Colisão lateral";"Sem Vítimas";"Plena noite";"Crescente";"Ceu Claro";"Simples";"Reta";"Urbano";2;0;0;0;2;0;0;2
83474823;"19/06/16";"Domingo";"08:00:00";"RS";158;"333";"SANTA MARIA";"Desobediência à sinalização";"Colisão Transversal";"Com Vítimas Feridas";"Pleno dia";"Decrescente";"Nevoeiro/neblina";"Simples";"Reta";"Urbano";4;0;3;0;1;0;3;2
83474824;"19/06/16";"Domingo";"20:10:00";"CE";20;"402";"CAUCAIA";"Outras";"Colisão Transversal";"Sem Vítimas";"Plena noite";"Crescente";"Ceu Claro";"Simples";"Cruzamento";"Urbano";2;0;0;0;1;1;0;2
83474825;"19/06/16";"Domingo";"18:00:00";"PB";230;"39";"SANTA RITA";"Animais na Pista";"Atropelamento de animal";"Sem Vítimas";"Plena noite";"Decrescente";"Chuva";"Dupla";"Reta";"Rural";5;0;0;0;5;0;0;1
83474826;"19/06/16";"Domingo";"18:45:00";"SC";282;"625";"IRACEMINHA";"Ingestão de álcool";"Colisão frontal";"Com Vítimas Feridas";"Plena noite";"Decrescente";"Ceu Claro";"Simples";"Cruzamento";"Urbano";3;0;1;0;2;0;1;2
83474827;"19/06/16";"Domingo";"20:25:00";"BA";242;"388";"SEABRA";"Ingestão de álcool";"Atropelamento de pessoa";"Com Vítimas Feridas";"Plena noite";"Decrescente";"Ceu Claro";"Simples";"Curva";"Rural";2;0;1;0;0;1;1;1
83474828;"19/06/16";"Domingo";"19:45:00";"RS";386;"322,7";"MARQUES DE SOUZA";"Animais na Pista";"Atropelamento de animal";"Sem Vítimas";"Plena noite";"Crescente";"Ceu Claro";"Simples";"Reta";"Rural";1;0;0;0;1;0;0;1
83474829;"19/06/16";"Domingo";"18:35:00";"PB";230;"39";"SANTA RITA";"Falta de atenção";"Atropelamento de animal";"Com Vítimas Feridas";"Plena noite";"Decrescente";"Ceu Claro";"Dupla";"Reta";"Rural";2;0;2;0;0;0;2;1
83474830;"15/06/16";"Quarta";"19:40:00";"RJ";493;"23";"MAGE";"Falta de atenção";"Atropelamento de pessoa";"Com Vítimas Feridas";"Plena noite";"Crescente";"Nublado";"Simples";"Reta";"Urbano";2;0;0;1;1;0;1;1
83474831;"19/06/16";"Domingo";"19:40:00";"RS";101;"22,7";"TRES CACHOEIRAS";"Falta de atenção";"Atropelamento de pessoa";"Com Vítimas Fatais";"Plena noite";"Crescente";"Ceu Claro";"Dupla";"Reta";"Urbano";3;1;0;0;2;0;0;1
83474832;"19/06/16";"Domingo";"18:46:00";"GO";153;"143";"MARA ROSA";"Ultrapassagem indevida";"Colisão frontal";"Com Vítimas Fatais";"Plena noite";"Crescente";"Ceu Claro";"Simples";"Reta";"Rural";2;1;0;0;1;0;0;2
83474833;"19/06/16";"Domingo";"19:00:00";"PE";232;"213";"PESQUEIRA";"Outras";"Colisão frontal";"Com Vítimas Feridas";"Plena noite";"Decrescente";"Nublado";"Simples";"Reta";"Urbano";2;0;0;1;1;0;1;2
83474834;"19/06/16";"Domingo";"16:20:00";"PB";101;"35,4";"MAMANGUAPE";"Defeito mecânico em veículo";"Tombamento";"Com Vítimas Feridas";"Pleno dia";"Crescente";"Nublado";"Dupla";"Reta";"Rural";5;0;1;0;4;0;1;1
83474835;"19/06/16";"Domingo";"15:00:00";"MT";364;"271";"JACIARA";"Falta de atenção";"Colisão frontal";"Com Vítimas Fatais";"Pleno dia";"Decrescente";"Ceu Claro";"Dupla";"Cruzamento";"Urbano";3;2;0;0;1;0;0;2
83474836;"19/06/16";"Domingo";"16:45:00";"PA";316;"22";"BENEVIDES";"Defeito mecânico em veículo";"Saída de Pista";"Com Vítimas Feridas";"Pleno dia";"Decrescente";"Ceu Claro";"Dupla";"Reta";"Urbano";2;0;2;0;0;0;2;1
83474837;"19/06/16";"Domingo";"21:25:00";"SC";101;"48,5";"JOINVILLE";"Falta de atenção";"Colisão traseira";"Com Vítimas Feridas";"Plena noite";"Crescente";"Chuva";"Dupla";"Reta";"Urbano";2;0;1;0;1;0;1;2
83474838;"19/06/16";"Domingo";"20:20:00";"SP";116;"157";"SAO JOSE DOS CAMPOS";"Falta de atenção";"Colisão lateral";"Sem Vítimas";"Plena noite";"Decrescente";"Ceu Claro";"Dupla";"Reta";"Urbano";2;0;0;0;2;0;0;2
83474840;"19/06/16";"Domingo";"18:30:00";"MG";116;"795,7";"ALEM PARAIBA";"Velocidade incompatível";"Colisão Transversal";"Sem Vítimas";"Plena noite";"Decrescente";"Ceu Claro";"Simples";"Curva";"Rural";2;0;0;0;2;0;0;2
83474841;"19/06/16";"Domingo";"18:30:00";"MA";10;"248";"IMPERATRIZ";"Falta de atenção";"Colisão traseira";"Com Vítimas Feridas";"Plena noite";"Crescente";"Ceu Claro";"Simples";"Reta";"Urbano";3;0;1;0;2;0;1;2
83474842;"17/06/16";"Sexta";"19:15:00";"TO";153;"239,8";"COLINAS DO TOCANTINS";"Desobediência à sinalização";"Colisão lateral";"Com Vítimas Feridas";"Plena noite";"Decrescente";"Ceu Claro";"Simples";"Reta";"Rural";3;0;1;1;0;1;2;2
83474843;"19/06/16";"Domingo";"18:15:00";"PR";277;"40";"MORRETES";"Outras";"Colisão com objeto fixo";"Sem Vítimas";"Pleno dia";"Decrescente";"Chuva";"Dupla";"Curva";"Rural";1;0;0;0;1;0;0;1
83474844;"19/06/16";"Domingo";"14:50:00";"PA";316;"5";"ANANINDEUA";"Ultrapassagem indevida";"Colisão lateral";"Com Vítimas Feridas";"Pleno dia";"Crescente";"Ceu Claro";"Dupla";"Reta";"Urbano";2;0;1;0;0;1;1;2
83474845;"15/06/16";"Quarta";"16:10:00";"SC";282;"5,9";"SAO JOSE";"Outras";"Colisão com objeto fixo";"Com Vítimas Feridas";"Pleno dia";"Crescente";"Ceu Claro";"Dupla";"Curva";"Urbano";2;0;1;0;1;0;1;1
83474846;"19/06/16";"Domingo";"08:30:00";"SC";101;"151";"ITAPEMA";"Outras";"Tombamento";"Com Vítimas Feridas";"Pleno dia";"Decrescente";"Chuva";"Dupla";"Reta";"Urbano";1;0;1;0;0;0;1;1
83474847;"19/06/16";"Domingo";"13:20:00";"RN";226;"0,4";"NATAL";"Outras";"Colisão Transversal";"Com Vítimas Feridas";"Pleno dia";"Crescente";"Sol";"Simples";"Reta";"Urbano";2;0;2;0;0;0;2;2
83474848;"19/06/16";"Domingo";"21:40:00";"SC";101;"89";"BARRA VELHA";"Outras";"Queda de motocicleta / bicicleta / veículo";"Com Vítimas Feridas";"Plena noite";"Crescente";"Ceu Claro";"Simples";"Reta";"Urbano";1;0;1;0;0;0;1;1
83474849;"19/06/16";"Domingo";"19:00:00";"MG";262;"429,7";"SAO GONCALO DO PARA";"Ingestão de álcool";"Colisão com objeto fixo";"Com Vítimas Feridas";"Plena noite";"Decrescente";"Ceu Claro";"Dupla";"Cruzamento";"Rural";1;0;1;0;0;0;1;1
83474850;"17/06/16";"Sexta";"20:40:00";"PB";230;"205";"SOLEDADE";"Ultrapassagem indevida";"Colisão traseira";"Com Vítimas Feridas";"Plena noite";"Decrescente";"Ceu Claro";"Simples";"Reta";"Rural";3;0;0;1;2;0;1;3
83474851;"19/06/16";"Domingo";"19:40:00";"GO";50;"96";"CRISTALINA";"Outras";"Colisão frontal";"Com Vítimas Feridas";"Plena noite";"Crescente";"Ceu Claro";"Simples";"Curva";"Urbano";3;0;0;2;1;0;2;2
83474853;"19/06/16";"Domingo";"17:30:00";"SC";101;"149";"ITAPEMA";"Não guardar distância de segurança";"Colisão lateral";"Com Vítimas Feridas";"Plena noite";"Crescente";"Nublado";"Dupla";"Reta";"Urbano";6;0;3;0;3;0;3;3
83474854;"18/06/16";"Sábado";"21:00:00";"GO";153;"394";"PIRENOPOLIS";"Falta de atenção";"Colisão com objeto fixo";"Sem Vítimas";"Plena noite";"Crescente";"Ceu Claro";"Simples";"Reta";"Rural";2;0;0;0;2;0;0;2
83474855;"19/06/16";"Domingo";"11:20:00";"SC";282;"216";"LAGES";"Não guardar distância de segurança";"Colisão traseira";"Sem Vítimas";"Pleno dia";"Crescente";"Ceu Claro";"Simples";"Cruzamento";"Urbano";2;0;0;0;2;0;0;2
83474856;"19/06/16";"Domingo";"21:20:00";"SC";470;"85,2";"RODEIO";"Ingestão de álcool";"Colisão frontal";"Com Vítimas Feridas";"Plena noite";"Crescente";"Chuva";"Simples";"Reta";"Rural";2;0;0;1;1;0;1;2
83474857;"14/06/16";"Terça";"13:30:00";"SP";116;"225";"GUARULHOS";"Falta de atenção";"Colisão traseira";"Com Vítimas Feridas";"Pleno dia";"Decrescente";"Sol";"Múltipla";"Reta";"Urbano";2;0;1;0;1;0;1;2
83474858;"15/05/16";"Domingo";"19:40:00";"DF";251;"18,7";"BRASILIA";"Ingestão de álcool";"Atropelamento de pessoa";"Com Vítimas Feridas";"Plena noite";"Crescente";"Ceu Claro";"Simples";"Reta";"Rural";3;0;0;1;2;0;1;1
83474859;"19/06/16";"Domingo";"18:40:00";"PE";232;"112";"BEZERROS";"Falta de atenção";"Colisão traseira";"Sem Vítimas";"Plena noite";"Crescente";"Chuva";"Dupla";"Reta";"Urbano";6;0;0;0;5;1;0;2
83474860;"19/06/16";"Domingo";"09:05:00";"SC";101;"81,2";"BARRA VELHA";"Outras";"Colisão lateral";"Sem Vítimas";"Pleno dia";"Crescente";"Nublado";"Dupla";"Reta";"Rural";2;0;0;0;2;0;0;2
83474861;"19/06/16";"Domingo";"19:00:00";"SP";153;"27,4";"NOVA GRANADA";"Falta de atenção";"Colisão traseira";"Sem Vítimas";"Plena noite";"Crescente";"Ceu Claro";"Simples";"Curva";"Rural";2;0;0;0;1;1;0;2
83474862;"19/06/16";"Domingo";"19:40:00";"TO";153;"249,4";"COLINAS DO TOCANTINS";"Falta de atenção";"Colisão Transversal";"Com Vítimas Feridas";"Anoitecer";"Decrescente";"Ceu Claro";"Simples";"Reta";"Rural";6;0;0;5;1;0;5;2
83474863;"19/06/16";"Domingo";"14:30:00";"GO";153;"270";"NOVA GLORIA";"Ingestão de álcool";"Colisão frontal";"Com Vítimas Feridas";"Pleno dia";"Crescente";"Ceu Claro";"Simples";"Reta";"Rural";9;0;3;5;1;0;8;4
83474864;"19/06/16";"Domingo";"20:00:00";"TO";153;"604,1";"ALIANCA DO TOCANTINS";"Não guardar distância de segurança";"Colisão traseira";"Com Vítimas Fatais";"Plena noite";"Decrescente";"Ceu Claro";"Simples";"Reta";"Rural";4;2;0;0;2;0;0;3
83474865;"19/06/16";"Domingo";"19:30:00";"SC";470;"100,5";"APIUNA";"Ingestão de álcool";"Colisão frontal";"Sem Vítimas";"Plena noite";"Decrescente";"Ceu Claro";"Simples";"Reta";"Urbano";2;0;0;0;2;0;0;2
83474866;"19/06/16";"Domingo";"21:30:00";"PR";277;"118";"CAMPO LARGO";"Ingestão de álcool";"Colisão Transversal";"Sem Vítimas";"Plena noite";"Decrescente";"Chuva";"Simples";"Reta";"Urbano";2;0;0;0;2;0;0;2
83474867;"19/06/16";"Domingo";"22:25:00";"PR";277;"126";"CAMPO LARGO";"Não guardar distância de segurança";"Colisão traseira";"Sem Vítimas";"Plena noite";"Decrescente";"Chuva";"Simples";"Reta";"Rural";2;0;0;0;2;0;0;2
83474868;"19/06/16";"Domingo";"20:35:00";"MS";163;"794,8";"COXIM";"Animais na Pista";"Atropelamento de animal";"Com Vítimas Feridas";"Plena noite";"Crescente";"Ceu Claro";"Simples";"Reta";"Rural";3;0;2;0;1;0;2;1
83474869;"19/06/16";"Domingo";"22:30:00";"RJ";356;"152";"CAMPOS DOS GOYTACAZES";"Animais na Pista";"Atropelamento de animal";"Com Vítimas Feridas";"Plena noite";"Crescente";"Ignorada";"Simples";"Reta";"Rural";1;0;1;0;0;0;1;1
83474870;"19/06/16";"Domingo";"16:00:00";"MT";163;"854,5";"SINOP";"Ingestão de álcool";"Colisão Transversal";"Com Vítimas Feridas";"Pleno dia";"Crescente";"Ceu Claro";"Simples";"Cruzamento";"Rural";2;0;0;1;1;0;1;2
83474871;"17/06/16";"Sexta";"06:20:00";"SP";116;"441,1";"REGISTRO";"Velocidade incompatível";"Capotamento";"Com Vítimas Feridas";"Amanhecer";"Decrescente";"Nublado";"Simples";"Reta";"Urbano";4;0;2;0;2;0;2;1
83474872;"19/06/16";"Domingo";"21:00:00";"PR";476;"95";"BOCAIUVA DO SUL";"Ingestão de álcool";"Colisão Transversal";"Com Vítimas Feridas";"Plena noite";"Decrescente";"Nevoeiro/neblina";"Simples";"Reta";"Urbano";2;0;1;0;1;0;1;2
83474873;"19/06/16";"Domingo";"21:30:00";"MT";163;"944";"ITAUBA";"Animais na Pista";"Atropelamento de animal";"Com Vítimas Feridas";"Plena noite";"Decrescente";"Ceu Claro";"Simples";"Reta";"Rural";2;0;2;0;0;0;2;1
83474874;"16/06/16";"Quinta";"07:40:00";"MG";381;"597";"CARMOPOLIS DE MINAS";"Falta de atenção";"Atropelamento de pessoa";"Com Vítimas Fatais";"Pleno dia";"Decrescente";"Ceu Claro";"Dupla";"Curva";"Rural";2;2;0;0;0;0;0;1
83474875;"19/06/16";"Domingo";"20:01:00";"TO";153;"604,1";"ALIANCA DO TOCANTINS";"Outras";"Colisão com objeto móvel";"Sem Vítimas";"Plena noite";"Decrescente";"Ceu Claro";"Simples";"Reta";"Rural";1;0;0;0;1;0;0;1
83474876;"19/06/16";"Domingo";"22:05:00";"RN";101;"84";"SAO GONCALO DO AMARANTE";"Outras";"Colisão traseira";"Com Vítimas Feridas";"Plena noite";"Crescente";"Vento";"Dupla";"Reta";"Urbano";3;0;2;0;1;0;2;2
83474877;"19/06/16";"Domingo";"18:20:00";"PR";277;"2,5";"PARANAGUA";"Não guardar distância de segurança";"Colisão traseira";"Sem Vítimas";"Pleno dia";"Crescente";"Chuva";"Simples";"Reta";"Urbano";2;0;0;0;2;0;0;2