"id";"data_inversa";"dia_semana";"horario";"uf";"br";"km";"municipio";"causa_acidente";"tipo_acidente";"classificacao_acidente";"fase_dia";"sentido_via";"condicao_metereologica";"tipo_pista";"tracado_via";"uso_solo";"pessoas";"mortos";"feridos_leves";"feridos_graves";"ilesos";"ignorados";"feridos";"veiculos"
83474878;"19/06/16";"Domingo";"23:00:00";"SC";101;"38";"JOINVILLE";"Falta de atenção";"Queda de motocicleta / bicicleta / veículo";"Com Vítimas Feridas";"Plena noite";"Decrescente";"Chuva";"Dupla";"Reta";"Urbano";1;0;1;0;0;0;1;1
83474879;"19/06/16";"Domingo";"20:35:00";"PB";230;"28,5";"JOAO PESSOA";"Velocidade incompatível";"Colisão traseira";"Com Vítimas Feridas";"Plena noite";"Crescente";"Chuva";"Dupla";"Curva";"Urbano";5;0;1;0;4;0;1;5
83474880;"19/06/16";"Domingo";"18:00:00";"BA";101;"879";"TEIXEIRA DE FREITAS";"Outras";"Colisão Transversal";"Com Vítimas Feridas";"Plena noite";"Decrescente";"Nublado";"Simples";"Cruzamento";"Urbano";3;0;1;1;1;0;2;2
83474881;"12/06/16";"Domingo";"05:20:00";"RS";471;"147,9";"SANTA CRUZ DO SUL";"Falta de atenção";"Colisão traseira";"Com Vítimas Feridas";"Plena noite";"Decrescente";"Ceu Claro";"Simples";"Reta";"Urbano";2;0;1;0;0;1;1;2
83474882;"20/06/16";"Segunda";"00:30:00";"MG";381;"501";"BETIM";"Outras";"Danos Eventuais";"Ignorado";"Plena noite";"Crescente";"Ceu Claro";"Dupla";"Reta";"Rural";1;0;0;0;0;1;0;1
83474883;"18/06/16";"Sábado";"02:00:00";"SP";116;"449";"REGISTRO";"Falta de atenção";"Colisão traseira";"Com Vítimas Feridas";"Plena noite";"Crescente";"Nublado";"Simples";"Reta";"Rural";4;0;1;1;2;0;2;3
83474884;"19/06/16";"Domingo";"16:00:00";"RS";116;"238,4";"NOVO HAMBURGO";"Falta de atenção";"Colisão lateral";"Com Vítimas Feridas";"Pleno dia";"Decrescente";"Ceu Claro";"Múltipla";"Reta";"Urbano";2;0;1;0;1;0;1;2
83474885;"19/06/16";"Domingo";"21:00:00";"BA";420;"325,2";"JAGUAQUARA";"Velocidade incompatível";"Capotamento";"Com Vítimas Feridas";"Plena noite";"Crescente";"Nublado";"Simples";"Curva";"Rural";1;0;0;1;0;0;1;1
83474886;"19/06/16";"Domingo";"23:06:00";"MT";163;"829";"SINOP";"Ingestão de álcool";"Saída de Pista";"Com Vítimas Feridas";"Plena noite";"Decrescente";"Ignorada";"Simples";"Reta";"Urbano";1;0;1;0;0;0;1;1
83474887;"19/06/16";"Domingo";"18:40:00";"BA";324;"615";"SALVADOR";"Outras";"Colisão lateral";"Com Vítimas Feridas";"Plena noite";"Crescente";"Nublado";"Dupla";"Reta";"Rural";4;0;2;0;2;0;2;2
83474888;"11/06/16";"Sábado";"20:00:00";"MG";116;"171";"PADRE PARAISO";"Dormindo";"Colisão lateral";"Sem Vítimas";"Plena noite";"Decrescente";"Ceu Claro";"Simples";"Reta";"Rural";2;0;0;0;2;0;0;2
83474889;"19/06/16";"Domingo";"20:00:00";"PB";230;"354,9";"PATOS";"Desobediência à sinalização";"Colisão lateral";"Com Vítimas Fatais";"Plena noite";"Crescente";"Ceu Claro";"Simples";"Reta";"Rural";4;1;0;0;3;0;0;3
83474890;"19/06/16";"Domingo";"23:00:00";"SC";480;"129";"CHAPECO";"Velocidade incompatível";"Capotamento";"Com Vítimas Feridas";"Plena noite";"Decrescente";"Ceu Claro";"Dupla";"Curva";"Urbano";1;0;0;1;0;0;1;1
83474891;"19/06/16";"Domingo";"23:20:00";"GO";153;"275";"NOVA GLORIA";"Não guardar distância de segurança";"Colisão lateral";"Sem Vítimas";"Plena noite";"Decrescente";"Ceu Claro";"Simples";"Reta";"Rural";2;0;0;0;2;0;0;2
83474892;"19/06/16";"Domingo";"19:30:00";"PI";343;"558,5";"AMARANTE";"Animais na Pista";"Atropelamento de animal";"Com Vítimas Feridas";"Plena noite";"Decrescente";"Nublado";"Simples";"Reta";"Rural";2;0;2;0;0;0;2;1
83474893;"19/06/16";"Domingo";"23:20:00";"PR";116;"119";"CURITIBA";"Velocidade incompatível";"Capotamento";"Ignorado";"Plena noite";"Crescente";"Nublado";"Dupla";"Curva";"Rural";1;0;0;0;0;1;0;1
83474894;"19/06/16";"Domingo";"19:40:00";"ES";101;"150";"LINHARES";"Outras";"Colisão frontal";"Com Vítimas Feridas";"Plena noite";"Crescente";"Ceu Claro";"Simples";"Curva";"Urbano";5;0;2;0;3;0;2;2
83474895;"19/06/16";"Domingo";"08:30:00";"MG";135;"461,2";"JOAQUIM FELICIO";"Velocidade incompatível";"Capotamento";"Com Vítimas Fatais";"Pleno dia";"Decrescente";"Ceu Claro";"Simples";"Reta";"Rural";3;1;0;2;0;0;2;1
83474896;"19/06/16";"Domingo";"10:30:00";"MG";40;"482";"SETE LAGOAS";"Velocidade incompatível";"Saída de Pista";"Ignorado";"Pleno dia";"Crescente";"Ceu Claro";"Dupla";"Reta";"Rural";1;0;0;0;0;1;0;1
83474897;"18/06/16";"Sábado";"23:00:00";"MG";365;"141,8";"VARZEA DA PALMA";"Falta de atenção";"Colisão traseira";"Com Vítimas Feridas";"Plena noite";"Decrescente";"Ceu Claro";"Simples";"Reta";"Rural";3;0;1;0;2;0;1;2
83474899;"20/06/16";"Segunda";"00:50:00";"BA";116;"777,3";"PLANALTO";"Outras";"Colisão lateral";"Sem Vítimas";"Plena noite";"Crescente";"Nublado";"Simples";"Reta";"Urbano";3;0;0;0;1;2;0;2
83474901;"19/06/16";"Domingo";"08:50:00";"TO";226;"49";"DARCINOPOLIS";"Defeito mecânico em veículo";"Queda de motocicleta / bicicleta / veículo";"Com Vítimas Feridas";"Plena noite";"Crescente";"Ceu Claro";"Simples";"Reta";"Rural";1;0;1;0;0;0;1;1
83474902;"19/06/16";"Domingo";"19:00:00";"RJ";356;"147";"CAMPOS DOS GOYTACAZES";"Desobediência à sinalização";"Colisão Transversal";"Com Vítimas Feridas";"Plena noite";"Decrescente";"Ceu Claro";"Simples";"Reta";"Urbano";3;0;1;0;1;1;1;2
83474903;"20/06/16";"Segunda";"05:35:00";"BA";116;"424";"FEIRA DE SANTANA";"Falta de atenção";"Saída de Pista";"Com Vítimas Feridas";"Amanhecer";"Decrescente";"Ceu Claro";"Simples";"Curva";"Urbano";1;0;1;0;0;0;1;1
83474904;"16/06/16";"Quinta";"16:35:00";"MG";50;"166";"UBERABA";"Falta de atenção";"Colisão traseira";"Com Vítimas Feridas";"Pleno dia";"Crescente";"Ceu Claro";"Dupla";"Reta";"Rural";2;0;1;0;1;0;1;2
83474905;"19/06/16";"Domingo";"11:20:00";"BA";116;"805,9";"VITORIA DA CONQUISTA";"Outras";"Colisão traseira";"Com Vítimas Feridas";"Plena noite";"Decrescente";"Nublado";"Simples";"Reta";"Rural";3;0;1;0;2;0;1;2
83474906;"19/06/16";"Domingo";"15:30:00";"PR";373;"260,2";"PRUDENTOPOLIS";"Outras";"Derramamento de Carga";"Sem Vítimas";"Pleno dia";"Crescente";"Ceu Claro";"Simples";"Reta";"Rural";1;0;0;0;1;0;0;1
83474907;"20/06/16";"Segunda";"04:00:00";"MS";163;"585";"BANDEIRANTES";"Dormindo";"Saída de Pista";"Ignorado";"Amanhecer";"Crescente";"Ceu Claro";"Dupla";"Reta";"Rural";1;0;0;0;0;1;0;1
83474908;"20/06/16";"Segunda";"06:00:00";"PR";277;"103";"CURITIBA";"Outras";"Queda de motocicleta / bicicleta / veículo";"Com Vítimas Feridas";"Amanhecer";"Crescente";"Chuva";"Dupla";"Reta";"Rural";1;0;1;0;0;0;1;1
83474909;"18/06/16";"Sábado";"19:00:00";"CE";20;"409";"CAUCAIA";"Outras";"Saída de Pista";"Sem Vítimas";"Plena noite";"Decrescente";"Ceu Claro";"Dupla";"Reta";"Urbano";1;0;0;0;1;0;0;1
83474910;"13/05/16";"Sexta";"08:20:00";"BA";407;"126";"SENHOR DO BONFIM";"Falta de atenção";"Colisão lateral";"Com Vítimas Feridas";"Pleno dia";"Crescente";"Ceu Claro";"Simples";"Cruzamento";"Urbano";2;0;1;0;0;1;1;2
83474911;"17/06/16";"Sexta";"06:15:00";"PB";101;"37,2";"MAMANGUAPE";"Falta de atenção";"Colisão lateral";"Sem Vítimas";"Pleno dia";"Decrescente";"Ceu Claro";"Dupla";"Reta";"Urbano";2;0;0;0;2;0;0;2
83474912;"20/06/16";"Segunda";"04:40:00";"SC";282;"223,6";"LAGES";"Dormindo";"Saída de Pista";"Com Vítimas Feridas";"Plena noite";"Crescente";"Nevoeiro/neblina";"Simples";"Curva";"Rural";1;0;1;0;0;0;1;1
83474913;"20/06/16";"Segunda";"02:30:00";"PR";376;"601";"CURITIBA";"Ingestão de álcool";"Saída de Pista";"Com Vítimas Feridas";"Plena noite";"Decrescente";"Nublado";"Dupla";"Reta";"Urbano";1;0;1;0;0;0;1;1
83474914;"19/06/16";"Domingo";"23:40:00";"RJ";101;"265";"RIO BONITO";"Outras";"Capotamento";"Com Vítimas Feridas";"Plena noite";"Decrescente";"Nublado";"Dupla";"Curva";"Urbano";2;0;1;0;1;0;1;1
83474915;"17/06/16";"Sexta";"07:15:00";"PR";116;"119,5";"CURITIBA";"Falta de atenção";"Colisão traseira";"Com Vítimas Feridas";"Pleno dia";"Decrescente";"Nublado";"Dupla";"Reta";"Urbano";6;0;1;0;5;0;1;5
83474916;"20/06/16";"Segunda";"02:30:00";"PE";316;"8,3";"ARARIPINA";"Outras";"Capotamento";"Com Vítimas Feridas";"Plena noite";"Crescente";"Ceu Claro";"Simples";"Curva";"Rural";4;0;3;0;1;0;3;1
83474917;"20/06/16";"Segunda";"03:30:00";"MG";116;"415,5";"GOVERNADOR VALADARES";"Dormindo";"Colisão Transversal";"Sem Vítimas";"Plena noite";"Crescente";"Ignorada";"Simples";"Cruzamento";"Urbano";2;0;0;0;2;0;0;2
83474918;"12/06/16";"Domingo";"22:45:00";"ES";101;"218";"IBIRACU";"Outras";"Queda de motocicleta / bicicleta / veículo";"Com Vítimas Feridas";"Plena noite";"Crescente";"Ceu Claro";"Simples";"Curva";"Urbano";2;0;0;2;0;0;2;1
83474919;"20/06/16";"Segunda";"07:00:00";"PR";476;"174";"CONTENDA";"Ingestão de álcool";"Saída de Pista";"Ignorado";"Amanhecer";"Crescente";"Nublado";"Simples";"Reta";"Rural";1;0;0;0;0;1;0;1
83474920;"12/06/16";"Domingo";"22:30:00";"ES";259;"27,8";"COLATINA";"Outras";"Queda de motocicleta / bicicleta / veículo";"Com Vítimas Feridas";"Plena noite";"Decrescente";"Ignorada";"Simples";"Curva";"Rural";1;0;1;0;0;0;1;1
83474921;"17/06/16";"Sexta";"01:50:00";"SC";470;"158,2";"TROMBUDO CENTRAL";"Ingestão de álcool";"Capotamento";"Com Vítimas Feridas";"Plena noite";"Crescente";"Chuva";"Simples";"Curva";"Urbano";1;0;1;0;0;0;1;1
83474922;"19/06/16";"Domingo";"21:00:00";"RJ";101;"450";"PARATI";"Outras";"Colisão Transversal";"Sem Vítimas";"Plena noite";"Crescente";"Chuva";"Simples";"Reta";"Urbano";2;0;0;0;2;0;0;2
83474923;"19/06/16";"Domingo";"05:30:00";"MG";365;"289";"SAO GONCALO DO ABAETE";"Outras";"Colisão frontal";"Com Vítimas Fatais";"Amanhecer";"Decrescente";"Ceu Claro";"Simples";"Reta";"Rural";3;1;0;1;1;0;1;2
83474924;"20/06/16";"Segunda";"06:15:00";"PA";316;"10";"MARITUBA";"Falta de atenção";"Colisão lateral";"Com Vítimas Feridas";"Pleno dia";"Crescente";"Sol";"Dupla";"Reta";"Urbano";3;0;1;0;2;0;1;2
83474925;"16/06/16";"Quinta";"19:50:00";"MG";40;"548";"NOVA LIMA";"Outras";"Colisão com objeto móvel";"Sem Vítimas";"Plena noite";"Decrescente";"Ceu Claro";"Dupla";"Reta";"Urbano";3;0;0;0;3;0;0;3
83474926;"20/06/16";"Segunda";"06:45:00";"PA";316;"11";"MARITUBA";"Falta de atenção";"Atropelamento de pessoa";"Com Vítimas Feridas";"Pleno dia";"Decrescente";"Sol";"Dupla";"Reta";"Rural";3;0;1;0;0;2;1;1
83474927;"18/06/16";"Sábado";"05:00:00";"MG";381;"816";"CAREACU";"Velocidade incompatível";"Colisão com objeto fixo";"Sem Vítimas";"Amanhecer";"Decrescente";"Nevoeiro/neblina";"Dupla";"Reta";"Rural";1;0;0;0;1;0;0;1
83474928;"16/06/16";"Quinta";"12:00:00";"ES";101;"402";"RIO NOVO DO SUL";"Outras";"Saída de Pista";"Com Vítimas Feridas";"Pleno dia";"Crescente";"Sol";"Simples";"Curva";"Rural";2;0;0;1;0;1;1;1
83474929;"16/06/16";"Quinta";"07:25:00";"MG";365;"646";"UBERLANDIA";"Defeito mecânico em veículo";"Capotamento";"Com Vítimas Feridas";"Pleno dia";"Decrescente";"Sol";"Dupla";"Reta";"Rural";2;0;2;0;0;0;2;1
83474930;"16/06/16";"Quinta";"18:00:00";"PR";376;"8,1";"MANDAGUARI";"Falta de atenção";"Colisão lateral";"Com Vítimas Feridas";"Anoitecer";"Decrescente";"Ceu Claro";"Simples";"Curva";"Rural";2;0;1;0;1;0;1;2
83474931;"20/06/16";"Segunda";"06:40:00";"SC";470;"21";"ILHOTA";"Ultrapassagem indevida";"Colisão frontal";"Com Vítimas Fatais";"Amanhecer";"Crescente";"Nublado";"Simples";"Reta";"Urbano";3;2;1;0;0;0;1;2
83474932;"09/06/16";"Quinta";"19:00:00";"MT";70;"730";"CACERES";"Falta de atenção";"Queda de motocicleta / bicicleta / veículo";"Com Vítimas Feridas";"Plena noite";"Decrescente";"Ceu Claro";"Simples";"Reta";"Urbano";3;0;2;0;0;1;2;2
83474933;"14/06/16";"Terça";"19:00:00";"SP";116;"231";"SAO PAULO";"Falta de atenção";"Colisão lateral";"Com Vítimas Feridas";"Plena noite";"Crescente";"Ceu Claro";"Múltipla";"Reta";"Urbano";3;0;1;0;2;0;1;3
83474935;"20/06/16";"Segunda";"07:30:00";"SC";101;"200,9";"SAO JOSE";"Não guardar distância de segurança";"Colisão lateral";"Com Vítimas Feridas";"Pleno dia";"Crescente";"Ceu Claro";"Dupla";"Reta";"Urbano";2;0;1;0;1;0;1;2
83474936;"09/06/16";"Quinta";"06:15:00";"SC";101;"194";"BIGUACU";"Outras";"Colisão traseira";"Com Vítimas Feridas";"Plena noite";"Crescente";"Nublado";"Simples";"Reta";"Urbano";2;0;0;1;1;0;1;2
83474937;"20/06/16";"Segunda";"06:40:00";"SC";480;"128,8";"CHAPECO";"Não guardar distância de segurança";"Colisão traseira";"Sem Vítimas";"Pleno dia";"Crescente";"Ceu Claro";"Dupla";"Reta";"Urbano";2;0;0;0;2;0;0;2
83474938;"20/06/16";"Segunda";"07:40:00";"SC";101;"333";"TUBARAO";"Falta de atenção";"Colisão Transversal";"Sem Vítimas";"Pleno dia";"Crescente";"Sol";"Simples";"Cruzamento";"Urbano";2;0;0;0;2;0;0;2
83474939;"16/06/16";"Quinta";"06:30:00";"SP";116;"299";"SAO LOURENCO DA SERRA";"Dormindo";"Saída de Pista";"Sem Vítimas";"Pleno dia";"Decrescente";"Nublado";"Dupla";"Reta";"Rural";1;0;0;0;1;0;0;1
83474940;"20/06/16";"Segunda";"06:50:00";"SC";480;"128,8";"CHAPECO";"Falta de atenção";"Saída de Pista";"Sem Vítimas";"Pleno dia";"Crescente";"Ceu Claro";"Dupla";"Curva";"Urbano";1;0;0;0;1;0;0;1
83474941;"20/06/16";"Segunda";"06:22:00";"SP";153;"8";"ICEM";"Outras";"Capotamento";"Com Vítimas Feridas";"Amanhecer";"Crescente";"Ceu Claro";"Simples";"Reta";"Rural";3;0;2;0;1;0;2;1
83474942;"20/06/16";"Segunda";"04:00:00";"MA";135;"39,4";"SAO LUIS";"Não guardar distância de segurança";"Colisão lateral";"Sem Vítimas";"Plena noite";"Decrescente";"Ceu Claro";"Simples";"Reta";"Rural";2;0;0;0;2;0;0;2
83474944;"17/06/16";"Sexta";"07:00:00";"GO";153;"443";"ANAPOLIS";"Outras";"Colisão com objeto fixo";"Ignorado";"Pleno dia";"Crescente";"Sol";"Dupla";"Reta";"Urbano";1;0;0;0;0;1;0;1
83474945;"10/06/16";"Sexta";"07:30:00";"PE";116;"88";"BELEM DE SAO FRANCISCO";"Desobediência à sinalização";"Colisão lateral";"Com Vítimas Fatais";"Pleno dia";"Decrescente";"Ceu Claro";"Dupla";"Curva";"Rural";6;1;0;0;3;2;0;6
83474946;"20/06/16";"Segunda";"09:15:00";"RS";472;"572,2";"URUGUAIANA";"Animais na Pista";"Tombamento";"Sem Vítimas";"Pleno dia";"Decrescente";"Ceu Claro";"Simples";"Reta";"Urbano";1;0;0;0;1;0;0;1
83474947;"17/06/16";"Sexta";"04:40:00";"RJ";40;"121";"DUQUE DE CAXIAS";"Outras";"Atropelamento de pessoa";"Com Vítimas Feridas";"Amanhecer";"Crescente";"Ceu Claro";"Múltipla";"Reta";"Urbano";2;0;0;1;1;0;1;1
83474948;"20/06/16";"Segunda";"07:45:00";"RS";386;"368,9";"FAZENDA VILANOVA";"Falta de atenção";"Colisão Transversal";"Com Vítimas Feridas";"Amanhecer";"Crescente";"Nublado";"Dupla";"Reta";"Urbano";2;0;1;0;1;0;1;2
83474949;"20/06/16";"Segunda";"00:10:00";"RJ";40;"114";"DUQUE DE CAXIAS";"Falta de atenção";"Queda de motocicleta / bicicleta / veículo";"Com Vítimas Feridas";"Plena noite";"Decrescente";"Ceu Claro";"Dupla";"Reta";"Urbano";1;0;0;1;0;0;1;1
83474950;"19/06/16";"Domingo";"12:40:00";"PE";232;"89";"GRAVATA";"Ingestão de álcool";"Colisão traseira";"Com Vítimas Feridas";"Pleno dia";"Decrescente";"Ceu Claro";"Dupla";"Reta";"Rural";3;0;1;1;1;0;2;2
83474951;"18/06/16";"Sábado";"20:47:00";"RJ";116;"304,9";"RESENDE";"Defeito mecânico em veículo";"Colisão com objeto fixo";"Sem Vítimas";"Plena noite";"Crescente";"Ceu Claro";"Simples";"Reta";"Urbano";1;0;0;0;1;0;0;1
83474952;"20/06/16";"Segunda";"09:15:00";"SC";101;"213,5";"PALHOCA";"Não guardar distância de segurança";"Colisão traseira";"Com Vítimas Feridas";"Pleno dia";"Decrescente";"Ceu Claro";"Múltipla";"Reta";"Urbano";2;0;1;0;1;0;1;2
83474953;"20/06/16";"Segunda";"05:00:00";"CE";20;"284,2";"CANINDE";"Defeito na via";"Saída de Pista";"Com Vítimas Feridas";"Amanhecer";"Crescente";"Ceu Claro";"Simples";"Curva";"Rural";5;0;4;0;1;0;4;1
83474954;"20/06/16";"Segunda";"07:50:00";"SC";280;"163,3";"MAFRA";"Ultrapassagem indevida";"Colisão traseira";"Com Vítimas Feridas";"Amanhecer";"Crescente";"Nublado";"Simples";"Reta";"Rural";2;0;1;0;1;0;1;2
83474955;"20/06/16";"Segunda";"08:20:00";"SC";101;"203";"SAO JOSE";"Falta de atenção";"Colisão com bicicleta";"Com Vítimas Feridas";"Pleno dia";"Crescente";"Ceu Claro";"Simples";"Reta";"Urbano";2;0;1;0;1;0;1;2
83474956;"20/06/16";"Segunda";"07:20:00";"SC";101;"209";"SAO JOSE";"Falta de atenção";"Colisão lateral";"Com Vítimas Feridas";"Pleno dia";"Decrescente";"Ceu Claro";"Dupla";"Reta";"Urbano";2;0;1;0;1;0;1;2
83474957;"19/06/16";"Domingo";"17:00:00";"BA";116;"9";"ABARE";"Falta de atenção";"Colisão Transversal";"Com Vítimas Feridas";"Anoitecer";"Crescente";"Ceu Claro";"Simples";"Reta";"Rural";6;0;3;1;2;0;4;2
83474958;"18/06/16";"Sábado";"16:45:00";"BA";324;"586";"CANDEIAS";"Falta de atenção";"Colisão lateral";"Sem Vítimas";"Pleno dia";"Decrescente";"Ceu Claro";"Dupla";"Reta";"Rural";2;0;0;0;2;0;0;2
83474959;"16/06/16";"Quinta";"18:50:00";"ES";101;"14";"PEDRO CANARIO";"Falta de atenção";"Queda de motocicleta / bicicleta / veículo";"Com Vítimas Feridas";"Plena noite";"Crescente";"Ceu Claro";"Simples";"Curva";"Rural";2;0;2;0;0;0;2;1
83474960;"17/06/16";"Sexta";"07:40:00";"ES";262;"162";"IBATIBA";"Falta de atenção";"Colisão Transversal";"Com Vítimas Feridas";"Amanhecer";"Decrescente";"Nevoeiro/neblina";"Simples";"Curva";"Rural";2;0;0;1;0;1;1;2
83474961;"18/06/16";"Sábado";"17:55:00";"MG";50;"41,1";"ARAGUARI";"Outras";"Queda de motocicleta / bicicleta / veículo";"Com Vítimas Feridas";"Anoitecer";"Decrescente";"Ceu Claro";"Dupla";"Reta";"Urbano";1;0;0;1;0;0;1;1
83474962;"20/06/16";"Segunda";"09:30:00";"MG";381;"872";"POUSO ALEGRE";"Dormindo";"Capotamento";"Com Vítimas Feridas";"Pleno dia";"Crescente";"Sol";"Dupla";"Reta";"Rural";3;0;3;0;0;0;3;1
83474963;"20/06/16";"Segunda";"09:20:00";"RJ";101;"475";"ANGRA DOS REIS";"Outras";"Saída de Pista";"Com Vítimas Feridas";"Pleno dia";"Crescente";"Chuva";"Simples";"Reta";"Urbano";2;0;1;0;1;0;1;1
83474964;"20/06/16";"Segunda";"10:00:00";"PR";277;"728";"FOZ DO IGUACU";"Não guardar distância de segurança";"Colisão traseira";"Sem Vítimas";"Pleno dia";"Crescente";"Ceu Claro";"Simples";"Reta";"Urbano";2;0;0;0;2;0;0;2
83474965;"18/06/16";"Sábado";"19:15:00";"MS";163;"724,3";"COXIM";"Dormindo";"Colisão traseira";"Com Vítimas Feridas";"Plena noite";"Decrescente";"Ceu Claro";"Simples";"Reta";"Urbano";3;0;1;0;2;0;1;3
83474966;"19/06/16";"Domingo";"05:10:00";"MG";262;"457,5";"NOVA SERRANA";"Dormindo";"Saída de Pista";"Com Vítimas Feridas";"Plena noite";"Crescente";"Ceu Claro";"Simples";"Curva";"Urbano";1;0;1;0;0;0;1;1
83474967;"14/06/16";"Terça";"12:00:00";"PE";232;"409";"SERRA TALHADA";"Desobediência à sinalização";"Colisão lateral";"Com Vítimas Feridas";"Pleno dia";"Decrescente";"Sol";"Simples";"Reta";"Urbano";3;0;1;0;2;0;1;2
83474968;"19/06/16";"Domingo";"05:40:00";"GO";20;"7";"FORMOSA";"Dormindo";"Colisão lateral";"Com Vítimas Feridas";"Amanhecer";"Decrescente";"Ignorada";"Simples";"Curva";"Urbano";3;0;2;0;1;0;2;2
83474969;"18/06/16";"Sábado";"11:35:00";"GO";70;"3";"AGUAS LINDAS DE GOIAS";"Velocidade incompatível";"Capotamento";"Com Vítimas Feridas";"Pleno dia";"Crescente";"Ceu Claro";"Dupla";"Curva";"Urbano";1;0;1;0;0;0;1;1
83474970;"20/06/16";"Segunda";"06:40:00";"RS";158;"362,6";"SANTA MARIA";"Outras";"Colisão frontal";"Com Vítimas Feridas";"Plena noite";"Decrescente";"Nublado";"Simples";"Curva";"Rural";2;0;1;1;0;0;2;2
83474972;"16/06/16";"Quinta";"23:50:00";"SP";116;"193";"SANTA ISABEL";"Animais na Pista";"Atropelamento de animal";"Com Vítimas Feridas";"Plena noite";"Crescente";"Nublado";"Dupla";"Reta";"Rural";3;0;1;0;2;0;1;2
83474973;"20/06/16";"Segunda";"11:20:00";"BA";101;"728,3";"EUNAPOLIS";"Falta de atenção";"Colisão lateral";"Sem Vítimas";"Pleno dia";"Decrescente";"Ceu Claro";"Simples";"Reta";"Rural";4;0;0;0;4;0;0;2
83474974;"20/06/16";"Segunda";"08:43:00";"RS";290;"91";"PORTO ALEGRE";"Desobediência à sinalização";"Colisão traseira";"Sem Vítimas";"Pleno dia";"Decrescente";"Ceu Claro";"Múltipla";"Reta";"Urbano";3;0;0;0;3;0;0;2
83474975;"20/06/16";"Segunda";"08:45:00";"RS";392;"4,2";"CAPAO DO LEAO";"Ingestão de álcool";"Saída de Pista";"Com Vítimas Feridas";"Pleno dia";"Crescente";"Nublado";"Simples";"Reta";"Urbano";2;0;1;0;1;0;1;1
83474976;"20/06/16";"Segunda";"08:10:00";"PB";101;"116,5";"CAAPORA";"Velocidade incompatível";"Saída de Pista";"Sem Vítimas";"Pleno dia";"Decrescente";"Chuva";"Dupla";"Reta";"Rural";2;0;0;0;2;0;0;1
83474977;"16/06/16";"Quinta";"16:20:00";"BA";101;"205";"MURITIBA";"Outras";"Colisão Transversal";"Com Vítimas Feridas";"Anoitecer";"Crescente";"Nublado";"Simples";"Curva";"Rural";2;0;1;0;1;0;1;2
83474978;"16/06/16";"Quinta";"17:30:00";"ES";101;"265";"SERRA";"Outras";"Tombamento";"Com Vítimas Feridas";"Anoitecer";"Decrescente";"Ceu Claro";"Dupla";"Reta";"Urbano";2;0;0;2;0;0;2;1
83474979;"17/06/16";"Sexta";"12:25:00";"PR";116;"1";"CAMPINA GRANDE DO SUL";"Outras";"Danos Eventuais";"Sem Vítimas";"Plena noite";"Crescente";"Ceu Claro";"Dupla";"Reta";"Rural";2;0;0;0;2;0;0;2
83474980;"20/06/16";"Segunda";"07:45:00";"SC";163;"66,8";"SAO MIGUEL DOESTE";"Falta de atenção";"Colisão Transversal";"Com Vítimas Feridas";"Pleno dia";"Crescente";"Ceu Claro";"Dupla";"Reta";"Urbano";3;0;0;1;2;0;1;3
83474981;"20/06/16";"Segunda";"09:00:00";"PR";376;"445";"TIBAGI";"Velocidade incompatível";"Saída de Pista";"Sem Vítimas";"Pleno dia";"Crescente";"Chuva";"Simples";"Curva";"Rural";1;0;0;0;1;0;0;1
83474982;"20/06/16";"Segunda";"08:20:00";"SC";116;"31";"ITAIOPOLIS";"Outras";"Saída de Pista";"Sem Vítimas";"Pleno dia";"Decrescente";"Nublado";"Simples";"Reta";"Rural";1;0;0;0;1;0;0;1
83474983;"20/06/16";"Segunda";"09:30:00";"MT";163;"33,6";"ITIQUIRA";"Defeito mecânico em veículo";"Colisão traseira";"Sem Vítimas";"Pleno dia";"Crescente";"Nublado";"Dupla";"Reta";"Rural";2;0;0;0;2;0;0;2
83474984;"20/06/16";"Segunda";"10:40:00";"SC";101;"210";"SAO JOSE";"Desobediência à sinalização";"Colisão Transversal";"Sem Vítimas";"Pleno dia";"Decrescente";"Ceu Claro";"Múltipla";"Reta";"Urbano";2;0;0;0;2;0;0;2
83474985;"20/06/16";"Segunda";"05:45:00";"PB";230;"39";"SANTA RITA";"Falta de atenção";"Colisão traseira";"Sem Vítimas";"Pleno dia";"Decrescente";"Sol";"Dupla";"Reta";"Rural";2;0;0;0;1;1;0;2
83474986;"17/06/16";"Sexta";"15:35:00";"SC";116;"65,2";"PAPANDUVA";"Dormindo";"Colisão traseira";"Com Vítimas Feridas";"Pleno dia";"Crescente";"Nublado";"Simples";"Reta";"Rural";3;0;1;1;1;0;2;3
83474987;"17/06/16";"Sexta";"02:30:00";"SC";101;"204,3";"SAO JOSE";"Outras";"Saída de Pista";"Ignorado";"Plena noite";"Decrescente";"Chuva";"Múltipla";"Reta";"Urbano";1;0;0;0;0;1;0;1
83474988;"20/06/16";"Segunda";"00:00:00";"PE";232;"484";"VERDEJANTE";"Ingestão de álcool";"Saída de Pista";"Com Vítimas Fatais";"Plena noite";"Crescente";"Ceu Claro";"Simples";"Reta";"Rural";1;1;0;0;0;0;0;1