"id";"data_inversa";"dia_semana";"horario";"uf";"br";"km";"municipio";"causa_acidente";"tipo_acidente";"classificacao_acidente";"fase_dia";"sentido_via";"condicao_metereologica";"tipo_pista";"tracado_via";"uso_solo";"pessoas";"mortos";"feridos_leves";"feridos_graves";"ilesos";"ignorados";"feridos";"veiculos"
83475102;"17/06/16";"Sexta";"19:00:00";"MG";135;"546,8";"AUGUSTO DE LIMA";"Outras";"Colisão frontal";"Com Vítimas Feridas";"Plena noite";"Decrescente";"Ceu Claro";"Simples";"Reta";"Rural";3;0;0;2;1;0;2;2
83475103;"20/06/16";"Segunda";"16:00:00";"MT";70;"399";"CAMPO VERDE";"Outras";"Saída de Pista";"Sem Vítimas";"Pleno dia";"Crescente";"Sol";"Simples";"Reta";"Rural";1;0;0;0;1;0;0;1
83475104;"20/06/16";"Segunda";"17:30:00";"RN";101;"83,3";"NATAL";"Não guardar distância de segurança";"Colisão traseira";"Com Vítimas Feridas";"Amanhecer";"Crescente";"Ceu Claro";"Dupla";"Reta";"Urbano";2;0;1;0;1;0;1;2
83475105;"20/06/16";"Segunda";"17:30:00";"RJ";116;"183";"NOVA IGUACU";"Ingestão de álcool";"Atropelamento de pessoa";"Com Vítimas Feridas";"Anoitecer";"Decrescente";"Chuva";"Dupla";"Curva";"Urbano";2;0;1;0;1;0;1;1
83475106;"18/06/16";"Sábado";"18:00:00";"BA";116;"562,9";"BREJOES";"Velocidade incompatível";"Queda de motocicleta / bicicleta / veículo";"Com Vítimas Feridas";"Plena noite";"Decrescente";"Nublado";"Simples";"Reta";"Rural";2;0;1;0;1;0;1;2
83475107;"20/06/16";"Segunda";"18:30:00";"ES";101;"82";"SAO MATEUS";"Falta de atenção";"Colisão Transversal";"Com Vítimas Feridas";"Plena noite";"Crescente";"Ceu Claro";"Simples";"Reta";"Rural";3;0;1;0;2;0;1;2
83475110;"20/06/16";"Segunda";"20:10:00";"PR";376;"617";"SAO JOSE DOS PINHAIS";"Falta de atenção";"Atropelamento de pessoa";"Com Vítimas Feridas";"Plena noite";"Decrescente";"Chuva";"Múltipla";"Reta";"Urbano";2;0;1;0;0;1;1;1
83475111;"20/06/16";"Segunda";"11:00:00";"BA";116;"422";"FEIRA DE SANTANA";"Desobediência à sinalização";"Colisão frontal";"Com Vítimas Feridas";"Pleno dia";"Crescente";"Nublado";"Simples";"Reta";"Urbano";2;0;1;0;1;0;1;2
83475112;"20/06/16";"Segunda";"18:40:00";"RS";158;"264,1";"JULIO DE CASTILHOS";"Animais na Pista";"Atropelamento de animal";"Sem Vítimas";"Plena noite";"Decrescente";"Ceu Claro";"Simples";"Reta";"Rural";1;0;0;0;1;0;0;1
83475113;"20/06/16";"Segunda";"13:10:00";"CE";222;"35,4";"CAUCAIA";"Desobediência à sinalização";"Tombamento";"Com Vítimas Feridas";"Pleno dia";"Crescente";"Ceu Claro";"Simples";"Curva";"Urbano";2;0;1;0;1;0;1;1
83475114;"20/06/16";"Segunda";"18:46:00";"RJ";493;"6";"ITABORAI";"Outras";"Atropelamento de pessoa";"Com Vítimas Feridas";"Plena noite";"Crescente";"Chuva";"Simples";"Reta";"Urbano";2;0;0;1;0;1;1;1
83475115;"20/06/16";"Segunda";"18:40:00";"RS";158;"264,2";"JULIO DE CASTILHOS";"Animais na Pista";"Atropelamento de animal";"Sem Vítimas";"Plena noite";"Decrescente";"Ceu Claro";"Simples";"Reta";"Rural";1;0;0;0;1;0;0;1
83475116;"20/06/16";"Segunda";"18:40:00";"SP";116;"226";"GUARULHOS";"Falta de atenção";"Colisão traseira";"Com Vítimas Feridas";"Anoitecer";"Decrescente";"Ceu Claro";"Múltipla";"Reta";"Urbano";3;0;1;0;2;0;1;3
83475117;"12/06/16";"Domingo";"18:50:00";"BA";324;"619";"SALVADOR";"Outras";"Colisão lateral";"Com Vítimas Feridas";"Plena noite";"Crescente";"Nublado";"Dupla";"Reta";"Urbano";2;0;1;0;0;1;1;2
83475118;"20/06/16";"Segunda";"19:55:00";"PB";101;"30,4";"MAMANGUAPE";"Dormindo";"Saída de Pista";"Ignorado";"Plena noite";"Crescente";"Ceu Claro";"Dupla";"Reta";"Rural";1;0;0;0;0;1;0;1
83475119;"20/06/16";"Segunda";"20:20:00";"PR";376;"141,7";"NOVA ESPERANCA";"Falta de atenção";"Saída de Pista";"Sem Vítimas";"Pleno dia";"Crescente";"Nublado";"Dupla";"Reta";"Rural";1;0;0;0;1;0;0;1
83475120;"20/06/16";"Segunda";"20:30:00";"SC";101;"207,8";"SAO JOSE";"Falta de atenção";"Colisão traseira";"Com Vítimas Feridas";"Plena noite";"Crescente";"Ceu Claro";"Simples";"Reta";"Urbano";3;0;2;0;1;0;2;2
83475121;"20/06/16";"Segunda";"21:10:00";"MG";40;"272";"TRES MARIAS";"Velocidade incompatível";"Colisão com objeto fixo";"Com Vítimas Feridas";"Plena noite";"Crescente";"Ceu Claro";"Simples";"Reta";"Rural";1;0;1;0;0;0;1;1
83475122;"20/06/16";"Segunda";"19:00:00";"PE";232;"322";"CUSTODIA";"Animais na Pista";"Atropelamento de animal";"Ignorado";"Plena noite";"Decrescente";"Ceu Claro";"Simples";"Reta";"Rural";1;0;0;0;0;1;0;1
83475123;"20/06/16";"Segunda";"07:20:00";"PI";316;"272";"IPIRANGA DO PIAUI";"Falta de atenção";"Colisão Transversal";"Sem Vítimas";"Pleno dia";"Decrescente";"Ceu Claro";"Simples";"Reta";"Rural";2;0;0;0;2;0;0;2
83475125;"20/06/16";"Segunda";"19:00:00";"CE";116;"5,1";"FORTALEZA";"Falta de atenção";"Colisão traseira";"Com Vítimas Feridas";"Plena noite";"Crescente";"Ceu Claro";"Múltipla";"Reta";"Urbano";4;0;1;0;2;1;1;4
83475126;"20/06/16";"Segunda";"18:20:00";"ES";101;"268";"SERRA";"Falta de atenção";"Colisão traseira";"Com Vítimas Feridas";"Plena noite";"Decrescente";"Nublado";"Simples";"Cruzamento";"Urbano";3;0;0;1;2;0;1;2
83475127;"19/06/16";"Domingo";"17:40:00";"RO";429;"96";"ALVORADA DOESTE";"Ingestão de álcool";"Atropelamento de pessoa";"Com Vítimas Feridas";"Pleno dia";"Decrescente";"Ceu Claro";"Dupla";"Cruzamento";"Urbano";2;0;0;1;1;0;1;1
83475128;"20/06/16";"Segunda";"18:55:00";"PE";408;"89,3";"SAO LOURENCO DA MATA";"Falta de atenção";"Atropelamento de pessoa";"Com Vítimas Fatais";"Plena noite";"Decrescente";"Nublado";"Dupla";"Curva";"Rural";2;1;0;0;1;0;0;1
83475129;"20/06/16";"Segunda";"19:00:00";"MT";163;"995";"TERRA NOVA DO NORTE";"Outras";"Colisão frontal";"Com Vítimas Feridas";"Plena noite";"Crescente";"Ceu Claro";"Simples";"Reta";"Rural";2;0;0;2;0;0;2;2
83475130;"20/06/16";"Segunda";"21:20:00";"RS";386;"441";"CANOAS";"Falta de atenção";"Saída de Pista";"Com Vítimas Feridas";"Plena noite";"Crescente";"Ceu Claro";"Simples";"Reta";"Rural";1;0;1;0;0;0;1;1
83475131;"20/06/16";"Segunda";"13:00:00";"PR";158;"511";"PATO BRANCO";"Outras";"Capotamento";"Com Vítimas Feridas";"Pleno dia";"Crescente";"Ceu Claro";"Simples";"Curva";"Rural";3;0;3;0;0;0;3;1
83475132;"20/06/16";"Segunda";"20:50:00";"ES";101;"262";"SERRA";"Não guardar distância de segurança";"Colisão traseira";"Sem Vítimas";"Plena noite";"Crescente";"Ceu Claro";"Múltipla";"Reta";"Urbano";2;0;0;0;2;0;0;2
83475133;"20/06/16";"Segunda";"20:30:00";"PR";376;"587";"CURITIBA";"Dormindo";"Saída de Pista";"Com Vítimas Feridas";"Plena noite";"Crescente";"Chuva";"Dupla";"Reta";"Urbano";1;0;1;0;0;0;1;1
83475134;"20/06/16";"Segunda";"17:30:00";"GO";40;"0,4";"VALPARAISO DE GOIAS";"Falta de atenção";"Colisão com bicicleta";"Com Vítimas Feridas";"Plena noite";"Crescente";"Ceu Claro";"Dupla";"Reta";"Urbano";3;0;1;0;2;0;1;2
83475135;"20/06/16";"Segunda";"22:00:00";"SC";470;"181,7";"POUSO REDONDO";"Falta de atenção";"Colisão Transversal";"Com Vítimas Feridas";"Plena noite";"Decrescente";"Sol";"Simples";"Reta";"Rural";2;0;1;0;1;0;1;2
83475136;"20/06/16";"Segunda";"18:20:00";"MS";163;"116";"ITAQUIRAI";"Ingestão de álcool";"Atropelamento de pessoa";"Com Vítimas Feridas";"Plena noite";"Decrescente";"Chuva";"Simples";"Curva";"Rural";2;0;2;0;0;0;2;1
83475137;"20/06/16";"Segunda";"11:20:00";"SP";116;"523,6";"CAJATI";"Outras";"Saída de Pista";"Sem Vítimas";"Pleno dia";"Crescente";"Chuva";"Dupla";"Reta";"Rural";1;0;0;0;1;0;0;1
83475138;"20/06/16";"Segunda";"18:00:00";"SP";381;"52";"ATIBAIA";"Não guardar distância de segurança";"Colisão traseira";"Sem Vítimas";"Plena noite";"Crescente";"Ceu Claro";"Múltipla";"Reta";"Urbano";2;0;0;0;2;0;0;2
83475140;"20/06/16";"Segunda";"13:35:00";"SC";101;"112,5";"ITAJAI";"Defeito mecânico em veículo";"Danos Eventuais";"Com Vítimas Feridas";"Pleno dia";"Decrescente";"Nublado";"Dupla";"Reta";"Urbano";2;0;1;0;1;0;1;1
83475141;"20/06/16";"Segunda";"23:50:00";"SP";116;"404,7";"MIRACATU";"Falta de atenção";"Queda de motocicleta / bicicleta / veículo";"Com Vítimas Feridas";"Plena noite";"Decrescente";"Chuva";"Dupla";"Reta";"Rural";1;0;0;1;0;0;1;1
83475142;"20/06/16";"Segunda";"19:30:00";"PR";277;"28";"MORRETES";"Outras";"Saída de Pista";"Sem Vítimas";"Anoitecer";"Decrescente";"Nublado";"Dupla";"Reta";"Rural";1;0;0;0;1;0;0;1
83475143;"20/06/16";"Segunda";"10:10:00";"BA";410;"10";"RIBEIRA DO POMBAL";"Falta de atenção";"Saída de Pista";"Com Vítimas Feridas";"Pleno dia";"Decrescente";"Ceu Claro";"Simples";"Reta";"Rural";1;0;1;0;0;0;1;1
83475144;"20/06/16";"Segunda";"17:15:00";"PA";316;"60";"CASTANHAL";"Não guardar distância de segurança";"Colisão traseira";"Com Vítimas Feridas";"Anoitecer";"Crescente";"Nublado";"Dupla";"Curva";"Urbano";4;0;1;0;3;0;1;3
83475145;"20/06/16";"Segunda";"22:40:00";"SC";470;"79";"INDAIAL";"Ingestão de álcool";"Queda de motocicleta / bicicleta / veículo";"Com Vítimas Feridas";"Plena noite";"Decrescente";"Nublado";"Simples";"Reta";"Rural";2;0;2;0;0;0;2;1
83475146;"16/06/16";"Quinta";"13:15:00";"CE";20;"430";"FORTALEZA";"Outras";"Colisão com objeto fixo";"Sem Vítimas";"Pleno dia";"Crescente";"Sol";"Dupla";"Curva";"Urbano";1;0;0;0;1;0;0;1
83475147;"20/06/16";"Segunda";"16:30:00";"MT";163;"618";"NOVA MUTUM";"Não guardar distância de segurança";"Colisão traseira";"Sem Vítimas";"Pleno dia";"Crescente";"Sol";"Simples";"Reta";"Rural";2;0;0;0;2;0;0;2
83475148;"20/06/16";"Segunda";"20:10:00";"GO";50;"152,2";"CAMPO ALEGRE DE GOIAS";"Animais na Pista";"Atropelamento de animal";"Sem Vítimas";"Plena noite";"Decrescente";"Ignorada";"Simples";"Reta";"Rural";2;0;0;0;2;0;0;1
83475149;"20/06/16";"Segunda";"10:00:00";"PR";277;"124,5";"BALSA NOVA";"Velocidade incompatível";"Colisão traseira";"Com Vítimas Feridas";"Pleno dia";"Crescente";"Nevoeiro/neblina";"Dupla";"Curva";"Rural";3;0;2;0;0;1;2;2
83475150;"20/06/16";"Segunda";"19:00:00";"GO";50;"128";"IPAMERI";"Falta de atenção";"Capotamento";"Sem Vítimas";"Plena noite";"Crescente";"Ignorada";"Dupla";"Reta";"Rural";1;0;0;0;1;0;0;1
83475151;"16/06/16";"Quinta";"07:30:00";"MA";230;"87";"SAO JOAO DOS PATOS";"Defeito mecânico em veículo";"Derramamento de Carga";"Sem Vítimas";"Pleno dia";"Decrescente";"Sol";"Simples";"Curva";"Rural";1;0;0;0;1;0;0;1
83475152;"20/06/16";"Segunda";"22:50:00";"RS";468;"84,3";"CAMPO NOVO";"Falta de atenção";"Colisão Transversal";"Com Vítimas Feridas";"Plena noite";"Decrescente";"Ceu Claro";"Simples";"Cruzamento";"Rural";3;0;1;0;2;0;1;2
83475153;"20/06/16";"Segunda";"19:20:00";"MG";381;"489";"BETIM";"Outras";"Queda de motocicleta / bicicleta / veículo";"Com Vítimas Feridas";"Plena noite";"Crescente";"Nublado";"Dupla";"Reta";"Urbano";1;0;1;0;0;0;1;1
83475154;"20/06/16";"Segunda";"11:15:00";"BA";324;"5,5";"FEIRA DE SANTANA";"Falta de atenção";"Colisão traseira";"Sem Vítimas";"Pleno dia";"Decrescente";"Nublado";"Dupla";"Reta";"Urbano";2;0;0;0;2;0;0;2
83475155;"20/06/16";"Segunda";"06:50:00";"SC";101;"445";"SANTA ROSA DO SUL";"Falta de atenção";"Colisão traseira";"Sem Vítimas";"Pleno dia";"Crescente";"Ceu Claro";"Dupla";"Reta";"Urbano";2;0;0;0;2;0;0;2
83475156;"19/06/16";"Domingo";"09:50:00";"SC";101;"350,3";"JAGUARUNA";"Não guardar distância de segurança";"Tombamento";"Com Vítimas Feridas";"Pleno dia";"Crescente";"Sol";"Dupla";"Curva";"Urbano";2;0;2;0;0;0;2;1
83475157;"21/06/16";"Terça";"01:10:00";"RJ";101;"398,7";"ITAGUAI";"Defeito mecânico em veículo";"Colisão com objeto fixo";"Sem Vítimas";"Plena noite";"Crescente";"Nublado";"Dupla";"Reta";"Urbano";1;0;0;0;1;0;0;1
83475158;"20/06/16";"Segunda";"22:50:00";"PR";376;"184,1";"SARANDI";"Animais na Pista";"Atropelamento de animal";"Sem Vítimas";"Plena noite";"Decrescente";"Nublado";"Dupla";"Reta";"Urbano";1;0;0;0;1;0;0;1
83475160;"18/06/16";"Sábado";"08:15:00";"MG";381;"391";"BARAO DE COCAIS";"Velocidade incompatível";"Colisão traseira";"Com Vítimas Feridas";"Pleno dia";"Crescente";"Ceu Claro";"Simples";"Reta";"Rural";5;0;3;0;2;0;3;4
83475161;"20/06/16";"Segunda";"23:10:00";"BA";407;"14";"JUAZEIRO";"Falta de atenção";"Capotamento";"Com Vítimas Fatais";"Plena noite";"Decrescente";"Ceu Claro";"Simples";"Reta";"Urbano";2;1;0;1;0;0;1;1
83475162;"20/06/16";"Segunda";"21:00:00";"RS";470;"173,8";"VERANOPOLIS";"Outras";"Saída de Pista";"Com Vítimas Feridas";"Plena noite";"Crescente";"Ceu Claro";"Simples";"Reta";"Rural";2;0;0;2;0;0;2;1
83475163;"20/06/16";"Segunda";"15:00:00";"SP";116;"520";"CAJATI";"Velocidade incompatível";"Capotamento";"Com Vítimas Feridas";"Pleno dia";"Crescente";"Chuva";"Dupla";"Curva";"Rural";1;0;1;0;0;0;1;1
83475164;"20/06/16";"Segunda";"18:30:00";"MG";116;"114,9";"ITAOBIM";"Desobediência à sinalização";"Colisão Transversal";"Com Vítimas Feridas";"Plena noite";"Crescente";"Ceu Claro";"Dupla";"Reta";"Urbano";2;0;1;0;1;0;1;2
83475165;"20/06/16";"Segunda";"07:50:00";"CE";116;"14";"FORTALEZA";"Defeito na via";"Queda de motocicleta / bicicleta / veículo";"Com Vítimas Feridas";"Pleno dia";"Crescente";"Ceu Claro";"Dupla";"Reta";"Rural";1;0;1;0;0;0;1;1
83475166;"20/06/16";"Segunda";"19:00:00";"MG";381;"378";"SAO GONCALO DO RIO ABAIXO";"Outras";"Saída de Pista";"Com Vítimas Feridas";"Plena noite";"Crescente";"Ceu Claro";"Simples";"Curva";"Rural";1;0;1;0;0;0;1;1
83475167;"20/06/16";"Segunda";"21:20:00";"ES";101;"298,4";"VIANA";"Falta de atenção";"Colisão Transversal";"Com Vítimas Feridas";"Plena noite";"Crescente";"Nublado";"Múltipla";"Reta";"Urbano";2;0;1;0;1;0;1;2
83475168;"16/06/16";"Quinta";"19:00:00";"MS";262;"2";"TRES LAGOAS";"Outras";"Colisão traseira";"Sem Vítimas";"Plena noite";"Crescente";"Ceu Claro";"Simples";"Reta";"Urbano";3;0;0;0;3;0;0;3
83475169;"20/06/16";"Segunda";"16:00:00";"CE";116;"45";"HORIZONTE";"Falta de atenção";"Colisão traseira";"Sem Vítimas";"Pleno dia";"Decrescente";"Ceu Claro";"Dupla";"Reta";"Rural";2;0;0;0;2;0;0;2
83475170;"20/06/16";"Segunda";"09:15:00";"SC";282;"92,5";"ALFREDO WAGNER";"Velocidade incompatível";"Tombamento";"Com Vítimas Feridas";"Pleno dia";"Decrescente";"Sol";"Simples";"Curva";"Rural";1;0;0;1;0;0;1;1
83475171;"19/06/16";"Domingo";"14:40:00";"SC";101;"329,9";"TUBARAO";"Ingestão de álcool";"Colisão lateral";"Com Vítimas Feridas";"Pleno dia";"Decrescente";"Sol";"Dupla";"Reta";"Rural";2;0;1;0;1;0;1;2
83475173;"21/06/16";"Terça";"02:45:00";"RN";406;"165";"SAO GONCALO DO AMARANTE";"Velocidade incompatível";"Saída de Pista";"Sem Vítimas";"Plena noite";"Decrescente";"Ceu Claro";"Simples";"Curva";"Rural";1;0;0;0;1;0;0;1
83475175;"21/06/16";"Terça";"01:40:00";"PE";232;"90";"SAIRE";"Velocidade incompatível";"Colisão com objeto fixo";"Sem Vítimas";"Plena noite";"Crescente";"Ceu Claro";"Dupla";"Reta";"Urbano";1;0;0;0;1;0;0;1
83475176;"20/06/16";"Segunda";"21:00:00";"SP";381;"32";"ATIBAIA";"Outras";"Atropelamento de pessoa";"Com Vítimas Fatais";"Plena noite";"Crescente";"Nublado";"Dupla";"Curva";"Rural";2;1;0;0;1;0;0;1
83475177;"21/06/16";"Terça";"04:45:00";"RS";290;"434,4";"SAO GABRIEL";"Outras";"Saída de Pista";"Com Vítimas Feridas";"Plena noite";"Decrescente";"Ceu Claro";"Simples";"Reta";"Rural";1;0;1;0;0;0;1;1
83475178;"21/06/16";"Terça";"02:00:00";"CE";222;"112";"ITAPAGE";"Não guardar distância de segurança";"Colisão traseira";"Sem Vítimas";"Plena noite";"Crescente";"Nublado";"Simples";"Reta";"Rural";2;0;0;0;1;1;0;2
83475179;"21/06/16";"Terça";"05:45:00";"RS";386;"423";"MONTENEGRO";"Outras";"Saída de Pista";"Sem Vítimas";"Plena noite";"Decrescente";"Ceu Claro";"Dupla";"Reta";"Urbano";1;0;0;0;1;0;0;1
83475180;"21/06/16";"Terça";"04:50:00";"PE";232;"150,8";"SAO CAITANO";"Outras";"Saída de Pista";"Com Vítimas Feridas";"Amanhecer";"Decrescente";"Nevoeiro/neblina";"Simples";"Curva";"Rural";3;0;2;0;1;0;2;1
83475181;"20/06/16";"Segunda";"17:46:00";"PR";116;"135";"FAZENDA RIO GRANDE";"Ingestão de álcool";"Colisão frontal";"Sem Vítimas";"Plena noite";"Crescente";"Chuva";"Simples";"Reta";"Rural";2;0;0;0;2;0;0;2
83475182;"21/06/16";"Terça";"04:45:00";"MG";267;"325,7";"CONCEICAO DO RIO VERDE";"Outras";"Incêndio";"Sem Vítimas";"Plena noite";"Decrescente";"Nevoeiro/neblina";"Simples";"Reta";"Rural";1;0;0;0;1;0;0;1
83475183;"20/06/16";"Segunda";"22:15:00";"MS";267;"335,9";"RIO BRILHANTE";"Falta de atenção";"Colisão traseira";"Com Vítimas Feridas";"Plena noite";"Decrescente";"Nublado";"Simples";"Curva";"Rural";3;0;1;0;2;0;1;2
83475184;"21/06/16";"Terça";"06:00:00";"AL";101;"144";"SAO MIGUEL DOS CAMPOS";"Falta de atenção";"Colisão traseira";"Sem Vítimas";"Pleno dia";"Decrescente";"Ceu Claro";"Simples";"Reta";"Rural";2;0;0;0;2;0;0;2
83475185;"14/06/16";"Terça";"16:50:00";"CE";222;"8,2";"CAUCAIA";"Falta de atenção";"Atropelamento de pessoa";"Com Vítimas Feridas";"Pleno dia";"Crescente";"Sol";"Dupla";"Reta";"Urbano";2;0;2;0;0;0;2;1
83475186;"20/06/16";"Segunda";"20:45:00";"MG";381;"722,5";"CARMO DA CACHOEIRA";"Velocidade incompatível";"Colisão lateral";"Sem Vítimas";"Plena noite";"Decrescente";"Ceu Claro";"Dupla";"Curva";"Rural";8;0;0;0;8;0;0;8
83475187;"20/06/16";"Segunda";"15:30:00";"BA";324;"445,5";"RIACHAO DO JACUIPE";"Outras";"Colisão lateral";"Com Vítimas Feridas";"Pleno dia";"Decrescente";"Nublado";"Simples";"Reta";"Rural";3;0;1;2;0;0;3;2
83475188;"17/06/16";"Sexta";"11:30:00";"SP";116;"165";"JACAREI";"Não guardar distância de segurança";"Colisão traseira";"Sem Vítimas";"Pleno dia";"Decrescente";"Sol";"Dupla";"Reta";"Rural";3;0;0;0;3;0;0;3
83475189;"20/06/16";"Segunda";"07:30:00";"SC";470;"9,3";"NAVEGANTES";"Não guardar distância de segurança";"Queda de motocicleta / bicicleta / veículo";"Com Vítimas Feridas";"Pleno dia";"Crescente";"Nublado";"Simples";"Reta";"Rural";1;0;1;0;0;0;1;1
83475190;"20/06/16";"Segunda";"20:10:00";"SP";116;"498,7";"CAJATI";"Falta de atenção";"Atropelamento de pessoa";"Com Vítimas Fatais";"Plena noite";"Decrescente";"Chuva";"Dupla";"Reta";"Rural";3;1;0;0;2;0;0;1
83475191;"16/06/16";"Quinta";"22:30:00";"PI";230;"303";"FLORIANO";"Animais na Pista";"Atropelamento de animal";"Com Vítimas Feridas";"Plena noite";"Crescente";"Ceu Claro";"Simples";"Reta";"Urbano";1;0;0;1;0;0;1;1
83475192;"21/06/16";"Terça";"03:15:00";"SC";101;"120,8";"ITAJAI";"Outras";"Tombamento";"Ignorado";"Plena noite";"Decrescente";"Nublado";"Dupla";"Reta";"Urbano";1;0;0;0;0;1;0;1
83475193;"21/06/16";"Terça";"07:05:00";"RS";386;"343,2";"LAJEADO";"Desobediência à sinalização";"Colisão Transversal";"Com Vítimas Feridas";"Amanhecer";"Crescente";"Nevoeiro/neblina";"Simples";"Reta";"Urbano";2;0;1;0;1;0;1;2
83475194;"21/06/16";"Terça";"07:00:00";"SC";280;"125,5";"RIO NEGRINHO";"Velocidade incompatível";"Colisão com objeto fixo";"Com Vítimas Feridas";"Amanhecer";"Crescente";"Chuva";"Simples";"Curva";"Rural";1;0;0;1;0;0;1;1
83475195;"31/05/16";"Terça";"23:30:00";"SP";381;"62";"MAIRIPORA";"Outras";"Capotamento";"Com Vítimas Feridas";"Plena noite";"Crescente";"Chuva";"Dupla";"Curva";"Rural";1;0;1;0;0;0;1;1
83475196;"13/06/16";"Segunda";"18:00:00";"ES";101;"1";"SERRA";"Não guardar distância de segurança";"Colisão traseira";"Com Vítimas Feridas";"Anoitecer";"Decrescente";"Ignorada";"Dupla";"Reta";"Urbano";2;0;0;1;0;1;1;2
83475197;"09/04/16";"Sábado";"19:15:00";"PR";476;"136,8";"CURITIBA";"Outras";"Queda de motocicleta / bicicleta / veículo";"Com Vítimas Feridas";"Plena noite";"Crescente";"Ceu Claro";"Múltipla";"Reta";"Urbano";1;0;1;0;0;0;1;1
83475198;"19/06/16";"Domingo";"06:20:00";"CE";222;"222";"SOBRAL";"Falta de atenção";"Colisão Transversal";"Com Vítimas Feridas";"Amanhecer";"Decrescente";"Ceu Claro";"Simples";"Reta";"Urbano";2;0;1;0;1;0;1;2
83475199;"17/06/16";"Sexta";"19:20:00";"PI";316;"357,4";"CAMPO GRANDE DO PIAUI";"Outras";"Colisão lateral";"Com Vítimas Feridas";"Plena noite";"Crescente";"Ceu Claro";"Simples";"Reta";"Urbano";2;0;0;1;1;0;1;2
83475200;"17/06/16";"Sexta";"23:00:00";"BA";116;"328";"TEOFILANDIA";"Velocidade incompatível";"Tombamento";"Com Vítimas Feridas";"Plena noite";"Decrescente";"Chuva";"Simples";"Reta";"Rural";1;0;1;0;0;0;1;1
83475201;"17/06/16";"Sexta";"21:45:00";"CE";20;"392";"CAUCAIA";"Animais na Pista";"Atropelamento de animal";"Sem Vítimas";"Plena noite";"Crescente";"Ceu Claro";"Simples";"Reta";"Rural";1;0;0;0;1;0;0;1
83475202;"17/06/16";"Sexta";"18:15:00";"PR";277;"128";"BALSA NOVA";"Outras";"Atropelamento de pessoa";"Com Vítimas Feridas";"Plena noite";"Decrescente";"Chuva";"Dupla";"Curva";"Rural";2;0;1;0;1;0;1;1
83475203;"20/06/16";"Segunda";"07:00:00";"RS";285;"567";"SAO BORJA";"Desobediência à sinalização";"Colisão Transversal";"Com Vítimas Feridas";"Amanhecer";"Crescente";"Nevoeiro/neblina";"Simples";"Cruzamento";"Urbano";2;0;2;0;0;0;2;2
83475204;"17/06/16";"Sexta";"12:40:00";"PE";232;"105,2";"BEZERROS";"Falta de atenção";"Capotamento";"Sem Vítimas";"Pleno dia";"Crescente";"Ceu Claro";"Dupla";"Curva";"Rural";3;0;0;0;3;0;0;1
83475205;"18/06/16";"Sábado";"01:05:00";"PR";376;"591";"CURITIBA";"Falta de atenção";"Colisão lateral";"Sem Vítimas";"Plena noite";"Decrescente";"Ceu Claro";"Dupla";"Reta";"Urbano";2;0;0;0;2;0;0;2
83475206;"18/06/16";"Sábado";"05:30:00";"GO";60;"9";"SANTO ANTONIO DO DESCOBERTO";"Dormindo";"Saída de Pista";"Sem Vítimas";"Plena noite";"Decrescente";"Ceu Claro";"Dupla";"Reta";"Rural";1;0;0;0;1;0;0;1
83475207;"25/05/16";"Quarta";"20:20:00";"SC";101;"215,3";"PALHOCA";"Falta de atenção";"Colisão lateral";"Com Vítimas Feridas";"Plena noite";"Crescente";"Nublado";"Dupla";"Reta";"Urbano";2;0;1;0;1;0;1;2
83475208;"17/06/16";"Sexta";"07:33:00";"SC";282;"17";"PALHOCA";"Falta de atenção";"Colisão com bicicleta";"Com Vítimas Feridas";"Pleno dia";"Crescente";"Chuva";"Simples";"Reta";"Rural";2;0;0;1;1;0;1;2
83475209;"12/06/16";"Domingo";"21:10:00";"MT";163;"518";"DIAMANTINO";"Ingestão de álcool";"Colisão traseira";"Com Vítimas Feridas";"Plena noite";"Crescente";"Ceu Claro";"Simples";"Reta";"Rural";3;0;2;0;1;0;2;2
83475210;"17/06/16";"Sexta";"19:00:00";"DF";20;"7";"BRASILIA";"Ingestão de álcool";"Colisão traseira";"Com Vítimas Feridas";"Anoitecer";"Crescente";"Ceu Claro";"Dupla";"Reta";"Urbano";2;0;2;0;0;0;2;2
83475211;"21/06/16";"Terça";"07:30:00";"PI";343;"2,8";"TERESINA";"Falta de atenção";"Colisão Transversal";"Com Vítimas Feridas";"Pleno dia";"Crescente";"Sol";"Dupla";"Cruzamento";"Urbano";2;0;1;0;0;1;1;2
83475212;"19/06/16";"Domingo";"04:30:00";"BA";324;"621";"SALVADOR";"Defeito na via";"Capotamento";"Sem Vítimas";"Plena noite";"Crescente";"Chuva";"Simples";"Curva";"Urbano";1;0;0;0;1;0;0;1
83475213;"17/06/16";"Sexta";"10:30:00";"SP";381;"87";"GUARULHOS";"Outras";"Colisão frontal";"Sem Vítimas";"Pleno dia";"Decrescente";"Ceu Claro";"Dupla";"Curva";"Urbano";3;0;0;0;3;0;0;2
83475214;"20/06/16";"Segunda";"04:30:00";"GO";20;"59,4";"FORMOSA";"Dormindo";"Saída de Pista";"Com Vítimas Feridas";"Plena noite";"Decrescente";"Ignorada";"Simples";"Curva";"Rural";4;0;3;1;0;0;4;1