"id";"data_inversa";"dia_semana";"horario";"uf";"br";"km";"municipio";"causa_acidente";"tipo_acidente";"classificacao_acidente";"fase_dia";"sentido_via";"condicao_metereologica";"tipo_pista";"tracado_via";"uso_solo";"pessoas";"mortos";"feridos_leves";"feridos_graves";"ilesos";"ignorados";"feridos";"veiculos"
83475215;"18/06/16";"Sábado";"03:10:00";"RS";392;"6,6";"RIO GRANDE";"Ingestão de álcool";"Saída de Pista";"Sem Vítimas";"Plena noite";"Crescente";"Nublado";"Simples";"Reta";"Urbano";1;0;0;0;1;0;0;1
83475217;"21/06/16";"Terça";"07:00:00";"PR";376;"153";"MANDAGUACU";"Velocidade incompatível";"Saída de Pista";"Com Vítimas Feridas";"Pleno dia";"Crescente";"Ceu Claro";"Dupla";"Curva";"Rural";2;0;1;0;1;0;1;1
83475218;"18/06/16";"Sábado";"07:20:00";"MG";116;"6";"CACHOEIRA DE PAJEU";"Outras";"Saída de Pista";"Sem Vítimas";"Pleno dia";"Crescente";"Ceu Claro";"Múltipla";"Reta";"Rural";1;0;0;0;1;0;0;1
83475219;"18/06/16";"Sábado";"02:30:00";"MG";153;"104,7";"PRATA";"Animais na Pista";"Atropelamento de animal";"Sem Vítimas";"Plena noite";"Crescente";"Ceu Claro";"Simples";"Reta";"Rural";2;0;0;0;2;0;0;1
83475220;"21/06/16";"Terça";"07:50:00";"RJ";101;"320";"NITEROI";"Falta de atenção";"Colisão traseira";"Com Vítimas Feridas";"Pleno dia";"Crescente";"Nublado";"Dupla";"Reta";"Urbano";2;0;1;0;1;0;1;2
83475221;"23/06/16";"Quinta";"07:30:00";"MA";316;"467";"CODO";"Falta de atenção";"Colisão traseira";"Sem Vítimas";"Amanhecer";"Crescente";"Sol";"Simples";"Reta";"Rural";2;0;0;0;2;0;0;2
83475222;"18/06/16";"Sábado";"07:00:00";"SC";470;"103,1";"APIUNA";"Falta de atenção";"Capotamento";"Sem Vítimas";"Amanhecer";"Crescente";"Chuva";"Simples";"Curva";"Urbano";1;0;0;0;1;0;0;1
83475223;"17/06/16";"Sexta";"15:00:00";"MG";135;"503,5";"JOAQUIM FELICIO";"Dormindo";"Saída de Pista";"Com Vítimas Feridas";"Pleno dia";"Decrescente";"Sol";"Simples";"Reta";"Rural";2;0;1;1;0;0;2;1
83475224;"19/06/16";"Domingo";"15:45:00";"AM";174;"895";"MANAUS";"Não guardar distância de segurança";"Colisão traseira";"Sem Vítimas";"Pleno dia";"Decrescente";"Sol";"Simples";"Reta";"Rural";4;0;0;0;3;1;0;4
83475225;"17/06/16";"Sexta";"17:50:00";"SP";116;"109,2";"TAUBATE";"Falta de atenção";"Colisão traseira";"Sem Vítimas";"Pleno dia";"Crescente";"Ceu Claro";"Dupla";"Reta";"Urbano";2;0;0;0;2;0;0;2
83475226;"17/06/16";"Sexta";"20:30:00";"MG";116;"608,5";"SAO JOAO DO MANHUACU";"Desobediência à sinalização";"Colisão Transversal";"Com Vítimas Feridas";"Plena noite";"Decrescente";"Ceu Claro";"Simples";"Reta";"Rural";2;0;1;0;1;0;1;2
83475227;"18/06/16";"Sábado";"06:30:00";"MG";40;"791,8";"JUIZ DE FORA";"Outras";"Saída de Pista";"Com Vítimas Feridas";"Pleno dia";"Crescente";"Ceu Claro";"Dupla";"Reta";"Rural";2;0;2;0;0;0;2;1
83475228;"11/06/16";"Sábado";"16:50:00";"PR";376;"186";"SARANDI";"Ingestão de álcool";"Colisão traseira";"Com Vítimas Feridas";"Pleno dia";"Decrescente";"Ceu Claro";"Dupla";"Reta";"Rural";2;0;1;0;1;0;1;2
83475229;"21/06/16";"Terça";"06:31:00";"SE";235;"4,8";"NOSSA SENHORA DO SOCORRO";"Outras";"Colisão traseira";"Com Vítimas Feridas";"Pleno dia";"Decrescente";"Nublado";"Dupla";"Reta";"Urbano";3;0;2;0;1;0;2;2
83475230;"21/06/16";"Terça";"07:15:00";"MT";364;"348,8";"SANTO ANTONIO DO LEVERGER";"Defeito mecânico em veículo";"Colisão com objeto fixo";"Sem Vítimas";"Amanhecer";"Crescente";"Nublado";"Simples";"Curva";"Rural";1;0;0;0;1;0;0;1
83475231;"17/06/16";"Sexta";"23:15:00";"MG";40;"618,8";"CONGONHAS";"Outras";"Atropelamento de pessoa";"Com Vítimas Feridas";"Plena noite";"Crescente";"Ceu Claro";"Simples";"Reta";"Rural";5;0;1;0;4;0;1;1
83475232;"12/06/16";"Domingo";"20:30:00";"MT";158;"589,6";"AGUA BOA";"Ultrapassagem indevida";"Colisão frontal";"Com Vítimas Fatais";"Anoitecer";"Decrescente";"Ceu Claro";"Simples";"Reta";"Rural";4;1;0;0;3;0;0;3
83475233;"17/06/16";"Sexta";"20:45:00";"PR";277;"124";"BALSA NOVA";"Outras";"Colisão com objeto móvel";"Com Vítimas Feridas";"Plena noite";"Decrescente";"Chuva";"Dupla";"Reta";"Rural";3;0;1;0;2;0;1;1
83475234;"18/06/16";"Sábado";"12:40:00";"BA";324;"575";"SAO SEBASTIAO DO PASSE";"Não guardar distância de segurança";"Colisão traseira";"Sem Vítimas";"Pleno dia";"Crescente";"Nublado";"Simples";"Reta";"Urbano";4;0;0;0;4;0;0;4
83475235;"19/06/16";"Domingo";"20:00:00";"MT";70;"306";"DOM AQUINO";"Animais na Pista";"Atropelamento de animal";"Com Vítimas Feridas";"Plena noite";"Decrescente";"Nublado";"Simples";"Reta";"Rural";2;0;2;0;0;0;2;1
83475236;"20/06/16";"Segunda";"07:25:00";"MS";163;"705";"RIO VERDE DE MATO GROSSO";"Velocidade incompatível";"Saída de Pista";"Com Vítimas Feridas";"Pleno dia";"Decrescente";"Ceu Claro";"Simples";"Reta";"Rural";1;0;1;0;0;0;1;1
83475238;"17/06/16";"Sexta";"10:30:00";"MG";40;"454";"CAETANOPOLIS";"Falta de atenção";"Capotamento";"Com Vítimas Feridas";"Pleno dia";"Decrescente";"Ceu Claro";"Dupla";"Reta";"Rural";2;0;1;0;1;0;1;2
83475239;"20/06/16";"Segunda";"08:42:00";"SC";470;"71";"INDAIAL";"Falta de atenção";"Colisão lateral";"Sem Vítimas";"Pleno dia";"Crescente";"Ceu Claro";"Simples";"Reta";"Rural";2;0;0;0;2;0;0;2
83475240;"26/02/16";"Sexta";"22:04:00";"MG";262;"417";"PARA DE MINAS";"Animais na Pista";"Atropelamento de animal";"Com Vítimas Feridas";"Plena noite";"Decrescente";"Ceu Claro";"Dupla";"Reta";"Rural";1;0;0;1;0;0;1;1
83475241;"05/06/16";"Domingo";"19:55:00";"CE";116;"3";"FORTALEZA";"Outras";"Colisão lateral";"Sem Vítimas";"Plena noite";"Decrescente";"Ceu Claro";"Dupla";"Curva";"Urbano";2;0;0;0;1;1;0;2
83475242;"17/06/16";"Sexta";"18:45:00";"RJ";101;"327";"RIO DE JANEIRO";"Outras";"Incêndio";"Sem Vítimas";"Plena noite";"Decrescente";"Ceu Claro";"Dupla";"Reta";"Urbano";1;0;0;0;1;0;0;1
83475243;"14/06/16";"Terça";"07:30:00";"MG";381;"700,9";"LAVRAS";"Velocidade incompatível";"Tombamento";"Com Vítimas Feridas";"Pleno dia";"Crescente";"Ceu Claro";"Dupla";"Curva";"Rural";2;0;1;0;1;0;1;2
83475244;"17/06/16";"Sexta";"11:35:00";"RS";392;"4,2";"RIO GRANDE";"Não guardar distância de segurança";"Colisão traseira";"Sem Vítimas";"Pleno dia";"Decrescente";"Ceu Claro";"Simples";"Reta";"Urbano";2;0;0;0;2;0;0;2
83475245;"16/06/16";"Quinta";"19:10:00";"SC";101;"79";"BARRA VELHA";"Dormindo";"Colisão com objeto fixo";"Sem Vítimas";"Plena noite";"Crescente";"Nublado";"Dupla";"Reta";"Urbano";1;0;0;0;1;0;0;1
83475246;"19/06/16";"Domingo";"03:00:00";"BA";242;"608";"MUQUEM DO SAO FRANCISCO";"Falta de atenção";"Saída de Pista";"Com Vítimas Feridas";"Amanhecer";"Crescente";"Ceu Claro";"Simples";"Reta";"Rural";3;0;1;0;2;0;1;1
83475247;"16/06/16";"Quinta";"15:50:00";"SP";116;"155";"SAO JOSE DOS CAMPOS";"Outras";"Queda de motocicleta / bicicleta / veículo";"Com Vítimas Feridas";"Pleno dia";"Crescente";"Ceu Claro";"Múltipla";"Reta";"Urbano";1;0;1;0;0;0;1;1
83475248;"21/06/16";"Terça";"08:20:00";"BA";415;"32";"ILHEUS";"Desobediência à sinalização";"Colisão traseira";"Com Vítimas Feridas";"Pleno dia";"Crescente";"Sol";"Simples";"Reta";"Rural";3;0;1;0;2;0;1;3
83475249;"05/06/16";"Domingo";"19:13:00";"PE";232;"530";"SALGUEIRO";"Animais na Pista";"Saída de Pista";"Com Vítimas Feridas";"Pleno dia";"Decrescente";"Sol";"Simples";"Reta";"Rural";1;0;1;0;0;0;1;1
83475250;"22/04/16";"Sexta";"15:45:00";"MG";267;"138";"JUIZ DE FORA";"Falta de atenção";"Colisão Transversal";"Com Vítimas Feridas";"Pleno dia";"Decrescente";"Ceu Claro";"Simples";"Cruzamento";"Rural";3;0;0;3;0;0;3;2
83475251;"21/06/16";"Terça";"09:50:00";"SP";116;"272,8";"TABOAO DA SERRA";"Animais na Pista";"Colisão Transversal";"Com Vítimas Feridas";"Pleno dia";"Crescente";"Chuva";"Dupla";"Reta";"Urbano";2;0;1;0;1;0;1;2
83475252;"17/06/16";"Sexta";"14:15:00";"MG";262;"525";"LUZ";"Não guardar distância de segurança";"Colisão traseira";"Sem Vítimas";"Pleno dia";"Decrescente";"Sol";"Simples";"Reta";"Rural";2;0;0;0;2;0;0;2
83475253;"17/06/16";"Sexta";"17:45:00";"SP";116;"142";"SAO JOSE DOS CAMPOS";"Falta de atenção";"Colisão traseira";"Com Vítimas Feridas";"Pleno dia";"Decrescente";"Ceu Claro";"Dupla";"Reta";"Urbano";2;0;1;0;0;1;1;2
83475254;"17/06/16";"Sexta";"20:00:00";"DF";20;"7";"BRASILIA";"Não guardar distância de segurança";"Colisão traseira";"Com Vítimas Feridas";"Plena noite";"Crescente";"Ceu Claro";"Dupla";"Reta";"Urbano";5;0;3;0;2;0;3;2
83475255;"21/06/16";"Terça";"10:10:00";"PE";232;"409,1";"SERRA TALHADA";"Falta de atenção";"Colisão lateral";"Com Vítimas Feridas";"Pleno dia";"Crescente";"Nublado";"Simples";"Cruzamento";"Rural";4;0;0;3;1;0;3;2
83475256;"21/06/16";"Terça";"10:00:00";"PR";272;"361";"CAMPO MOURAO";"Outras";"Colisão traseira";"Com Vítimas Feridas";"Pleno dia";"Decrescente";"Ceu Claro";"Múltipla";"Reta";"Urbano";3;0;1;0;2;0;1;3
83475257;"21/06/16";"Terça";"08:40:00";"PB";230;"22";"JOAO PESSOA";"Não guardar distância de segurança";"Colisão traseira";"Sem Vítimas";"Pleno dia";"Decrescente";"Ceu Claro";"Dupla";"Reta";"Urbano";4;0;0;0;4;0;0;4
83475258;"21/06/16";"Terça";"10:20:00";"PR";163;"83";"PLANALTO";"Falta de atenção";"Colisão Transversal";"Com Vítimas Feridas";"Pleno dia";"Decrescente";"Chuva";"Simples";"Cruzamento";"Urbano";4;0;1;0;3;0;1;2
83475259;"19/06/16";"Domingo";"18:30:00";"GO";364;"202";"JATAI";"Falta de atenção";"Tombamento";"Com Vítimas Feridas";"Plena noite";"Decrescente";"Ceu Claro";"Simples";"Curva";"Rural";1;0;1;0;0;0;1;1
83475260;"19/06/16";"Domingo";"07:20:00";"MG";40;"477,5";"SETE LAGOAS";"Velocidade incompatível";"Saída de Pista";"Ignorado";"Plena noite";"Crescente";"Ceu Claro";"Dupla";"Curva";"Rural";1;0;0;0;0;1;0;1
83475261;"18/06/16";"Sábado";"03:20:00";"MG";365;"628";"UBERLANDIA";"Outras";"Colisão com objeto fixo";"Sem Vítimas";"Plena noite";"Crescente";"Ceu Claro";"Dupla";"Reta";"Urbano";1;0;0;0;1;0;0;1
83475262;"12/04/16";"Terça";"14:50:00";"BA";110;"344";"ALAGOINHAS";"Defeito mecânico em veículo";"Queda de motocicleta / bicicleta / veículo";"Com Vítimas Feridas";"Pleno dia";"Crescente";"Ceu Claro";"Simples";"Reta";"Rural";1;0;1;0;0;0;1;1
83475263;"20/06/16";"Segunda";"06:30:00";"GO";364;"158";"JATAI";"Dormindo";"Saída de Pista";"Com Vítimas Feridas";"Amanhecer";"Decrescente";"Ceu Claro";"Simples";"Reta";"Rural";3;0;2;0;1;0;2;1
83475264;"17/06/16";"Sexta";"17:00:00";"PE";101;"41";"IGARASSU";"Outras";"Atropelamento de pessoa";"Com Vítimas Fatais";"Anoitecer";"Decrescente";"Nublado";"Múltipla";"Reta";"Urbano";2;1;1;0;0;0;1;1
83475265;"21/06/16";"Terça";"09:20:00";"BA";116;"415";"FEIRA DE SANTANA";"Não guardar distância de segurança";"Queda de motocicleta / bicicleta / veículo";"Com Vítimas Feridas";"Pleno dia";"Crescente";"Nublado";"Simples";"Reta";"Urbano";2;0;1;0;1;0;1;2
83475266;"21/06/16";"Terça";"09:00:00";"MG";381;"143,7";"GOVERNADOR VALADARES";"Velocidade incompatível";"Queda de motocicleta / bicicleta / veículo";"Com Vítimas Feridas";"Pleno dia";"Decrescente";"Ceu Claro";"Simples";"Curva";"Urbano";1;0;1;0;0;0;1;1
83475268;"21/06/16";"Terça";"11:16:00";"RJ";116;"222,7";"PIRAI";"Outras";"Capotamento";"Sem Vítimas";"Pleno dia";"Decrescente";"Chuva";"Dupla";"Curva";"Rural";1;0;0;0;1;0;0;1
83475269;"21/06/16";"Terça";"07:00:00";"MG";116;"413,6";"GOVERNADOR VALADARES";"Falta de atenção";"Colisão lateral";"Com Vítimas Feridas";"Pleno dia";"Crescente";"Ceu Claro";"Simples";"Cruzamento";"Urbano";2;0;1;1;0;0;2;2
83475271;"17/06/16";"Sexta";"19:50:00";"BA";101;"150";"CORACAO DE MARIA";"Outras";"Capotamento";"Com Vítimas Feridas";"Plena noite";"Crescente";"Nublado";"Simples";"Reta";"Urbano";1;0;1;0;0;0;1;1
83475272;"28/05/16";"Sábado";"20:00:00";"BA";30;"637";"UBAITABA";"Velocidade incompatível";"Queda de motocicleta / bicicleta / veículo";"Com Vítimas Fatais";"Plena noite";"Decrescente";"Ceu Claro";"Simples";"Curva";"Rural";1;1;0;0;0;0;0;1
83475273;"21/06/16";"Terça";"09:30:00";"PR";376;"187,3";"MARIALVA";"Outras";"Saída de Pista";"Sem Vítimas";"Pleno dia";"Crescente";"Nublado";"Dupla";"Reta";"Urbano";3;0;0;0;3;0;0;1
83475274;"20/06/16";"Segunda";"06:30:00";"BA";116;"516";"ITATIM";"Ultrapassagem indevida";"Saída de Pista";"Sem Vítimas";"Pleno dia";"Decrescente";"Nublado";"Simples";"Reta";"Urbano";1;0;0;0;1;0;0;1
83475275;"21/06/16";"Terça";"07:30:00";"MG";116;"273,6";"TEOFILO OTONI";"Falta de atenção";"Colisão traseira";"Sem Vítimas";"Pleno dia";"Crescente";"Nublado";"Simples";"Reta";"Urbano";2;0;0;0;2;0;0;2
83475276;"21/06/16";"Terça";"10:50:00";"PI";343;"344,6";"TERESINA";"Falta de atenção";"Colisão lateral";"Com Vítimas Feridas";"Pleno dia";"Crescente";"Ceu Claro";"Simples";"Reta";"Urbano";2;0;1;0;0;1;1;2
83475277;"14/06/16";"Terça";"10:15:00";"RJ";101;"61";"CAMPOS DOS GOYTACAZES";"Desobediência à sinalização";"Colisão Transversal";"Com Vítimas Feridas";"Pleno dia";"Crescente";"Ceu Claro";"Simples";"Reta";"Urbano";2;0;1;0;1;0;1;2
83475278;"17/06/16";"Sexta";"20:30:00";"MG";50;"191,8";"UBERABA";"Velocidade incompatível";"Colisão traseira";"Com Vítimas Feridas";"Plena noite";"Decrescente";"Ceu Claro";"Dupla";"Reta";"Urbano";3;0;3;0;0;0;3;2
83475279;"21/06/16";"Terça";"06:25:00";"BA";324;"616";"SALVADOR";"Falta de atenção";"Colisão lateral";"Com Vítimas Feridas";"Pleno dia";"Decrescente";"Nublado";"Dupla";"Reta";"Urbano";2;0;1;0;0;1;1;2
83475281;"21/06/16";"Terça";"08:27:00";"SP";116;"136,5";"SAO JOSE DOS CAMPOS";"Falta de atenção";"Colisão com objeto fixo";"Com Vítimas Feridas";"Pleno dia";"Decrescente";"Nublado";"Dupla";"Reta";"Urbano";1;0;1;0;0;0;1;1
83475282;"21/06/16";"Terça";"13:00:00";"RS";386;"374,8";"TAQUARI";"Falta de atenção";"Capotamento";"Com Vítimas Feridas";"Pleno dia";"Crescente";"Ceu Claro";"Dupla";"Curva";"Rural";1;0;1;0;0;0;1;1
83475283;"21/06/16";"Terça";"07:10:00";"RS";153;"376,8";"CACHOEIRA DO SUL";"Animais na Pista";"Colisão traseira";"Com Vítimas Fatais";"Amanhecer";"Crescente";"Nublado";"Simples";"Reta";"Urbano";2;1;0;0;1;0;0;2
83475284;"18/06/16";"Sábado";"04:10:00";"MG";381;"907,8";"CAMBUI";"Defeito mecânico em veículo";"Incêndio";"Sem Vítimas";"Plena noite";"Crescente";"Ceu Claro";"Dupla";"Curva";"Rural";40;0;0;0;40;0;0;2
83475285;"21/06/16";"Terça";"08:10:00";"PE";232;"13";"JABOATAO DOS GUARARAPES";"Falta de atenção";"Colisão lateral";"Sem Vítimas";"Pleno dia";"Decrescente";"Sol";"Dupla";"Curva";"Rural";2;0;0;0;2;0;0;2
83475286;"17/06/16";"Sexta";"14:40:00";"ES";262;"6,6";"CARIACICA";"Falta de atenção";"Colisão com bicicleta";"Com Vítimas Feridas";"Pleno dia";"Crescente";"Nublado";"Múltipla";"Reta";"Urbano";2;0;1;0;1;0;1;2
83475287;"21/06/16";"Terça";"11:00:00";"RS";386;"265,6";"FONTOURA XAVIER";"Falta de atenção";"Saída de Pista";"Sem Vítimas";"Pleno dia";"Crescente";"Sol";"Dupla";"Reta";"Rural";1;0;0;0;1;0;0;1
83475290;"21/06/16";"Terça";"00:05:00";"ES";101;"29";"CONCEICAO DA BARRA";"Outras";"Tombamento";"Sem Vítimas";"Plena noite";"Crescente";"Nublado";"Simples";"Curva";"Rural";1;0;0;0;1;0;0;1
83475291;"21/06/16";"Terça";"11:45:00";"PR";116;"102,1";"SAO JOSE DOS PINHAIS";"Falta de atenção";"Saída de Pista";"Sem Vítimas";"Pleno dia";"Crescente";"Chuva";"Dupla";"Reta";"Rural";2;0;0;0;2;0;0;2
83475292;"21/06/16";"Terça";"09:40:00";"RN";226;"173";"CURRAIS NOVOS";"Outras";"Queda de motocicleta / bicicleta / veículo";"Com Vítimas Feridas";"Pleno dia";"Decrescente";"Ceu Claro";"Simples";"Reta";"Rural";1;0;1;0;0;0;1;1
83475293;"21/06/16";"Terça";"06:30:00";"SE";235;"4,8";"NOSSA SENHORA DO SOCORRO";"Outras";"Colisão com bicicleta";"Com Vítimas Feridas";"Pleno dia";"Decrescente";"Nublado";"Dupla";"Reta";"Urbano";2;0;0;1;1;0;1;2
83475294;"20/06/16";"Segunda";"11:20:00";"RS";290;"97";"PORTO ALEGRE";"Outras";"Colisão traseira";"Com Vítimas Feridas";"Pleno dia";"Decrescente";"Ceu Claro";"Dupla";"Reta";"Urbano";2;0;1;0;1;0;1;2
83475295;"21/06/16";"Terça";"09:00:00";"RO";364;"345";"JI-PARANA";"Falta de atenção";"Colisão lateral";"Com Vítimas Feridas";"Pleno dia";"Decrescente";"Sol";"Dupla";"Reta";"Urbano";3;0;1;1;1;0;2;2
83475296;"03/06/16";"Sexta";"14:30:00";"MT";163;"585";"NOVA MUTUM";"Falta de atenção";"Colisão lateral";"Com Vítimas Fatais";"Pleno dia";"Decrescente";"Ceu Claro";"Simples";"Reta";"Rural";4;2;0;1;1;0;1;3
83475298;"21/06/16";"Terça";"07:50:00";"PR";376;"283";"MARILANDIA DO SUL";"Outras";"Queda de motocicleta / bicicleta / veículo";"Com Vítimas Feridas";"Pleno dia";"Decrescente";"Ceu Claro";"Simples";"Curva";"Rural";1;0;1;0;0;0;1;1
83475300;"21/06/16";"Terça";"11:15:00";"RS";116;"253,5";"SAPUCAIA DO SUL";"Falta de atenção";"Colisão Transversal";"Sem Vítimas";"Pleno dia";"Crescente";"Sol";"Múltipla";"Cruzamento";"Urbano";2;0;0;0;2;0;0;2
83475301;"21/06/16";"Terça";"10:55:00";"SC";280;"76";"JARAGUA DO SUL";"Falta de atenção";"Colisão frontal";"Com Vítimas Fatais";"Pleno dia";"Crescente";"Chuva";"Simples";"Curva";"Rural";3;2;0;0;1;0;0;2
83475302;"21/06/16";"Terça";"13:30:00";"PR";376;"292";"MAUA DA SERRA";"Defeito mecânico em veículo";"Queda de motocicleta / bicicleta / veículo";"Com Vítimas Feridas";"Pleno dia";"Decrescente";"Ceu Claro";"Simples";"Reta";"Rural";1;0;1;0;0;0;1;1
83475303;"17/06/16";"Sexta";"11:10:00";"ES";262;"53";"MARECHAL FLORIANO";"Desobediência à sinalização";"Colisão traseira";"Com Vítimas Feridas";"Pleno dia";"Decrescente";"Sol";"Simples";"Reta";"Rural";3;0;3;0;0;0;3;2
83475304;"14/06/16";"Terça";"17:30:00";"PB";230;"407";"POMBAL";"Defeito na via";"Colisão lateral";"Com Vítimas Feridas";"Anoitecer";"Crescente";"Ceu Claro";"Simples";"Curva";"Urbano";3;0;2;0;1;0;2;2
83475305;"16/05/16";"Segunda";"16:30:00";"PR";376;"668";"GUARATUBA";"Velocidade incompatível";"Tombamento";"Com Vítimas Feridas";"Pleno dia";"Crescente";"Ceu Claro";"Dupla";"Curva";"Rural";1;0;1;0;0;0;1;1
83475307;"21/06/16";"Terça";"11:15:00";"PR";376;"245";"APUCARANA";"Falta de atenção";"Colisão Transversal";"Sem Vítimas";"Pleno dia";"Decrescente";"Ceu Claro";"Simples";"Curva";"Rural";2;0;0;0;2;0;0;2
83475308;"07/03/16";"Segunda";"09:05:00";"ES";101;"293,5";"CARIACICA";"Falta de atenção";"Colisão com bicicleta";"Com Vítimas Feridas";"Pleno dia";"Decrescente";"Ceu Claro";"Dupla";"Reta";"Urbano";2;0;1;0;1;0;1;2
83475309;"18/06/16";"Sábado";"11:55:00";"RJ";101;"92";"CAMPOS DOS GOYTACAZES";"Velocidade incompatível";"Queda de motocicleta / bicicleta / veículo";"Com Vítimas Feridas";"Pleno dia";"Decrescente";"Ceu Claro";"Simples";"Curva";"Rural";2;0;0;2;0;0;2;1
83475312;"21/06/16";"Terça";"10:00:00";"PE";316;"66,4";"OURICURI";"Dormindo";"Capotamento";"Sem Vítimas";"Pleno dia";"Decrescente";"Ceu Claro";"Simples";"Curva";"Rural";1;0;0;0;1;0;0;1
83475313;"21/05/16";"Sábado";"04:30:00";"RJ";101;"310";"SAO GONCALO";"Falta de atenção";"Atropelamento de pessoa";"Com Vítimas Feridas";"Amanhecer";"Crescente";"Ceu Claro";"Dupla";"Reta";"Urbano";2;0;1;0;0;1;1;1
83475314;"17/06/16";"Sexta";"08:40:00";"PI";343;"340,7";"TERESINA";"Desobediência à sinalização";"Colisão Transversal";"Com Vítimas Feridas";"Pleno dia";"Decrescente";"Ceu Claro";"Simples";"Curva";"Urbano";2;0;1;0;1;0;1;2
83475315;"21/06/16";"Terça";"11:00:00";"BA";101;"368";"GANDU";"Outras";"Colisão traseira";"Com Vítimas Feridas";"Pleno dia";"Crescente";"Ceu Claro";"Simples";"Reta";"Rural";2;0;1;0;1;0;1;2
83475316;"18/06/16";"Sábado";"03:30:00";"RJ";101;"309";"SAO GONCALO";"Animais na Pista";"Saída de Pista";"Sem Vítimas";"Plena noite";"Crescente";"Ceu Claro";"Dupla";"Reta";"Urbano";1;0;0;0;1;0;0;1
83475317;"18/06/16";"Sábado";"03:15:00";"BA";116;"328";"TEOFILANDIA";"Falta de atenção";"Colisão traseira";"Sem Vítimas";"Plena noite";"Decrescente";"Nublado";"Simples";"Reta";"Rural";2;0;0;0;1;1;0;2
83475318;"17/06/16";"Sexta";"15:40:00";"PR";476;"119";"COLOMBO";"Velocidade incompatível";"Colisão traseira";"Com Vítimas Feridas";"Pleno dia";"Crescente";"Ceu Claro";"Dupla";"Reta";"Urbano";2;0;1;0;1;0;1;2
83475319;"18/06/16";"Sábado";"05:10:00";"PR";476;"123";"CURITIBA";"Falta de atenção";"Saída de Pista";"Ignorado";"Plena noite";"Crescente";"Ignorada";"Dupla";"Reta";"Urbano";1;0;0;0;0;1;0;1
83475320;"18/06/16";"Sábado";"03:40:00";"BA";116;"920";"ENCRUZILHADA";"Defeito mecânico em veículo";"Colisão frontal";"Com Vítimas Feridas";"Plena noite";"Crescente";"Nublado";"Simples";"Reta";"Rural";3;0;2;0;1;0;2;2
83475321;"21/06/16";"Terça";"06:10:00";"MG";262;"382";"JUATUBA";"Defeito mecânico em veículo";"Colisão com objeto fixo";"Com Vítimas Feridas";"Pleno dia";"Crescente";"Ceu Claro";"Dupla";"Curva";"Rural";1;0;1;0;0;0;1;1
83475322;"21/06/16";"Terça";"13:39:00";"RJ";116;"231";"PIRAI";"Outras";"Colisão com objeto fixo";"Com Vítimas Feridas";"Pleno dia";"Decrescente";"Chuva";"Dupla";"Curva";"Rural";1;0;0;1;0;0;1;1
83475323;"21/06/16";"Terça";"12:50:00";"PB";101;"96";"CONDE";"Falta de atenção";"Colisão lateral";"Com Vítimas Feridas";"Pleno dia";"Crescente";"Ceu Claro";"Dupla";"Reta";"Rural";2;0;0;1;1;0;1;2
83475324;"21/06/16";"Terça";"15:05:00";"PR";277;"658";"MATELANDIA";"Outras";"Colisão Transversal";"Sem Vítimas";"Pleno dia";"Crescente";"Nublado";"Simples";"Reta";"Urbano";2;0;0;0;2;0;0;2
83475325;"21/06/16";"Terça";"13:30:00";"SC";116;"183,4";"SAO CRISTOVAO DO SUL";"Velocidade incompatível";"Colisão frontal";"Com Vítimas Fatais";"Pleno dia";"Crescente";"Nublado";"Simples";"Reta";"Rural";2;1;1;0;0;0;1;2
83475326;"19/06/16";"Domingo";"05:00:00";"RJ";101;"67";"CAMPOS DOS GOYTACAZES";"Dormindo";"Colisão frontal";"Com Vítimas Feridas";"Amanhecer";"Decrescente";"Nublado";"Simples";"Reta";"Urbano";2;0;0;1;1;0;1;2
83475327;"21/06/16";"Terça";"09:00:00";"MG";381;"518";"IGARAPE";"Velocidade incompatível";"Colisão traseira";"Sem Vítimas";"Pleno dia";"Decrescente";"Ceu Claro";"Dupla";"Curva";"Rural";3;0;0;0;3;0;0;3
83475328;"21/06/16";"Terça";"14:40:00";"BA";324;"555";"AMELIA RODRIGUES";"Outras";"Capotamento";"Com Vítimas Feridas";"Pleno dia";"Decrescente";"Chuva";"Simples";"Reta";"Urbano";1;0;1;0;0;0;1;1
83475329;"20/06/16";"Segunda";"16:00:00";"MT";163;"1058";"GUARANTA DO NORTE";"Falta de atenção";"Colisão com objeto móvel";"Sem Vítimas";"Pleno dia";"Decrescente";"Ceu Claro";"Simples";"Reta";"Urbano";1;0;0;0;1;0;0;1
83475330;"16/06/16";"Quinta";"03:00:00";"RJ";40;"34";"AREAL";"Dormindo";"Colisão com objeto fixo";"Sem Vítimas";"Plena noite";"Crescente";"Ceu Claro";"Dupla";"Curva";"Rural";1;0;0;0;1;0;0;1
83475331;"16/01/16";"Sábado";"15:30:00";"MG";262;"793";"UBERABA";"Outras";"Saída de Pista";"Ignorado";"Pleno dia";"Decrescente";"Ceu Claro";"Simples";"Reta";"Rural";1;0;0;0;0;1;0;1
83475332;"15/06/16";"Quarta";"06:50:00";"GO";364;"194,9";"JATAI";"Outras";"Queda de motocicleta / bicicleta / veículo";"Com Vítimas Feridas";"Amanhecer";"Decrescente";"Ceu Claro";"Dupla";"Reta";"Urbano";1;0;1;0;0;0;1;1
83475333;"21/06/16";"Terça";"10:30:00";"RJ";101;"317";"SAO GONCALO";"Outras";"Queda de motocicleta / bicicleta / veículo";"Com Vítimas Feridas";"Amanhecer";"Crescente";"Nublado";"Dupla";"Reta";"Urbano";2;0;2;0;0;0;2;2