"id";"data_inversa";"dia_semana";"horario";"uf";"br";"km";"municipio";"causa_acidente";"tipo_acidente";"classificacao_acidente";"fase_dia";"sentido_via";"condicao_metereologica";"tipo_pista";"tracado_via";"uso_solo";"pessoas";"mortos";"feridos_leves";"feridos_graves";"ilesos";"ignorados";"feridos";"veiculos"
83475334;"21/06/16";"Terça";"09:58:00";"SC";282;"550,5";"NOVA ITABERABA";"Outras";"Colisão com objeto fixo";"Sem Vítimas";"Pleno dia";"Crescente";"Nublado";"Simples";"Reta";"Rural";1;0;0;0;1;0;0;1
83475335;"21/06/16";"Terça";"16:20:00";"PE";101;"44,9";"IGARASSU";"Falta de atenção";"Atropelamento de pessoa";"Com Vítimas Feridas";"Pleno dia";"Crescente";"Ceu Claro";"Múltipla";"Reta";"Urbano";3;0;2;0;1;0;2;1
83475336;"21/06/16";"Terça";"11:00:00";"BA";116;"390,5";"FEIRA DE SANTANA";"Não guardar distância de segurança";"Colisão traseira";"Sem Vítimas";"Pleno dia";"Decrescente";"Nublado";"Simples";"Reta";"Urbano";2;0;0;0;2;0;0;2
83475337;"21/06/16";"Terça";"12:45:00";"MT";364;"491";"JANGADA";"Defeito mecânico em veículo";"Colisão com objeto móvel";"Sem Vítimas";"Pleno dia";"Crescente";"Ceu Claro";"Simples";"Reta";"Rural";2;0;0;0;2;0;0;2
83475338;"21/06/16";"Terça";"13:45:00";"RO";364;"617";"ARIQUEMES";"Outras";"Colisão com objeto fixo";"Com Vítimas Feridas";"Pleno dia";"Decrescente";"Ceu Claro";"Simples";"Curva";"Rural";1;0;1;0;0;0;1;1
83475339;"21/06/16";"Terça";"14:30:00";"RO";364;"383,6";"OURO PRETO DO OESTE";"Falta de atenção";"Colisão traseira";"Sem Vítimas";"Pleno dia";"Crescente";"Ceu Claro";"Simples";"Reta";"Urbano";3;0;0;0;3;0;0;3
83475340;"21/06/16";"Terça";"12:00:00";"SP";116;"504,7";"CAJATI";"Velocidade incompatível";"Capotamento";"Sem Vítimas";"Pleno dia";"Decrescente";"Chuva";"Simples";"Curva";"Rural";2;0;0;0;2;0;0;1
83475341;"21/06/16";"Terça";"12:00:00";"AM";174;"967,8";"PRESIDENTE FIGUEIREDO";"Não guardar distância de segurança";"Colisão traseira";"Com Vítimas Feridas";"Pleno dia";"Decrescente";"Nublado";"Simples";"Reta";"Rural";4;0;2;1;1;0;3;2
83475343;"21/06/16";"Terça";"15:10:00";"RS";386;"294,6";"POUSO NOVO";"Velocidade incompatível";"Tombamento";"Com Vítimas Feridas";"Pleno dia";"Decrescente";"Sol";"Simples";"Curva";"Rural";1;0;1;0;0;0;1;1
83475344;"21/06/16";"Terça";"17:15:00";"SC";282;"38,5";"AGUAS MORNAS";"Falta de atenção";"Colisão traseira";"Com Vítimas Feridas";"Anoitecer";"Crescente";"Ceu Claro";"Simples";"Curva";"Rural";2;0;1;0;0;1;1;2
83475345;"21/06/16";"Terça";"13:10:00";"MG";262;"445,3";"NOVA SERRANA";"Desobediência à sinalização";"Colisão com bicicleta";"Com Vítimas Feridas";"Pleno dia";"Decrescente";"Ceu Claro";"Dupla";"Reta";"Urbano";2;0;2;0;0;0;2;2
83475346;"21/06/16";"Terça";"12:50:00";"RJ";116;"80";"TERESOPOLIS";"Falta de atenção";"Colisão Transversal";"Com Vítimas Feridas";"Pleno dia";"Decrescente";"Nublado";"Simples";"Cruzamento";"Urbano";5;0;3;1;1;0;4;2
83475347;"21/06/16";"Terça";"17:45:00";"MG";116;"767,5";"LEOPOLDINA";"Outras";"Colisão com bicicleta";"Com Vítimas Feridas";"Anoitecer";"Crescente";"Nublado";"Simples";"Reta";"Rural";2;0;0;1;0;1;1;2
83475348;"19/06/16";"Domingo";"05:20:00";"CE";20;"406";"CAUCAIA";"Defeito mecânico em veículo";"Saída de Pista";"Sem Vítimas";"Pleno dia";"Crescente";"Ceu Claro";"Dupla";"Reta";"Urbano";1;0;0;0;1;0;0;1
83475349;"21/06/16";"Terça";"13:30:00";"RO";364;"119,1";"PIMENTA BUENO";"Falta de atenção";"Colisão lateral";"Sem Vítimas";"Pleno dia";"Decrescente";"Ceu Claro";"Simples";"Reta";"Rural";3;0;0;0;3;0;0;2
83475350;"18/06/16";"Sábado";"09:30:00";"AC";317;"236";"XAPURI";"Velocidade incompatível";"Saída de Pista";"Com Vítimas Feridas";"Pleno dia";"Crescente";"Ceu Claro";"Simples";"Curva";"Rural";5;0;1;0;4;0;1;1
83475351;"05/06/16";"Domingo";"02:00:00";"SC";101;"202";"SAO JOSE";"Outras";"Colisão lateral";"Sem Vítimas";"Plena noite";"Crescente";"Nublado";"Múltipla";"Reta";"Urbano";4;0;0;0;4;0;0;2
83475352;"19/06/16";"Domingo";"18:00:00";"SP";101;"46";"UBATUBA";"Falta de atenção";"Tombamento";"Com Vítimas Feridas";"Plena noite";"Crescente";"Chuva";"Simples";"Reta";"Urbano";2;0;1;0;1;0;1;2
83475353;"21/06/16";"Terça";"15:20:00";"PE";316;"92,5";"OURICURI";"Ultrapassagem indevida";"Tombamento";"Com Vítimas Feridas";"Pleno dia";"Decrescente";"Sol";"Simples";"Reta";"Rural";3;0;2;1;0;0;3;1
83475354;"18/06/16";"Sábado";"22:20:00";"PR";476;"158,8";"ARAUCARIA";"Ingestão de álcool";"Tombamento";"Ignorado";"Plena noite";"Crescente";"Chuva";"Simples";"Reta";"Rural";1;0;0;0;0;1;0;1
83475355;"21/06/16";"Terça";"17:15:00";"SC";280;"52";"GUARAMIRIM";"Velocidade incompatível";"Colisão com objeto fixo";"Com Vítimas Feridas";"Anoitecer";"Crescente";"Chuva";"Simples";"Cruzamento";"Urbano";1;0;0;1;0;0;1;1
83475356;"21/06/16";"Terça";"09:20:00";"PR";116;"105,7";"SAO JOSE DOS PINHAIS";"Falta de atenção";"Saída de Pista";"Sem Vítimas";"Pleno dia";"Crescente";"Chuva";"Dupla";"Reta";"Rural";1;0;0;0;1;0;0;1
83475358;"21/06/16";"Terça";"14:30:00";"RR";174;"615";"AMAJARI";"Dormindo";"Saída de Pista";"Com Vítimas Feridas";"Pleno dia";"Decrescente";"Ceu Claro";"Simples";"Reta";"Rural";2;0;2;0;0;0;2;1
83475359;"21/06/16";"Terça";"18:05:00";"SC";101;"437";"ARARANGUA";"Falta de atenção";"Colisão Transversal";"Com Vítimas Feridas";"Plena noite";"Decrescente";"Nublado";"Simples";"Reta";"Urbano";2;0;1;0;1;0;1;2
83475360;"21/06/16";"Terça";"18:00:00";"SC";116;"180,2";"SAO CRISTOVAO DO SUL";"Falta de atenção";"Colisão Transversal";"Sem Vítimas";"Plena noite";"Decrescente";"Chuva";"Simples";"Cruzamento";"Urbano";2;0;0;0;2;0;0;2
83475361;"21/06/16";"Terça";"12:20:00";"PE";101;"70,7";"RECIFE";"Não guardar distância de segurança";"Colisão traseira";"Sem Vítimas";"Pleno dia";"Decrescente";"Ceu Claro";"Dupla";"Reta";"Urbano";2;0;0;0;2;0;0;2
83475362;"21/06/16";"Terça";"16:30:00";"PR";116;"20";"CAMPINA GRANDE DO SUL";"Velocidade incompatível";"Colisão com objeto fixo";"Sem Vítimas";"Pleno dia";"Crescente";"Chuva";"Dupla";"Curva";"Rural";1;0;0;0;1;0;0;1
83475363;"21/06/16";"Terça";"06:45:00";"MG";381;"484";"BETIM";"Não guardar distância de segurança";"Colisão traseira";"Sem Vítimas";"Pleno dia";"Decrescente";"Ceu Claro";"Dupla";"Reta";"Rural";2;0;0;0;2;0;0;2
83475364;"21/06/16";"Terça";"11:15:00";"PR";277;"111";"BALSA NOVA";"Outras";"Saída de Pista";"Sem Vítimas";"Pleno dia";"Decrescente";"Nublado";"Dupla";"Curva";"Rural";2;0;0;0;2;0;0;2
83475365;"21/06/16";"Terça";"11:30:00";"SP";116;"56,6";"LORENA";"Outras";"Colisão traseira";"Sem Vítimas";"Pleno dia";"Decrescente";"Nublado";"Dupla";"Reta";"Rural";2;0;0;0;2;0;0;2
83475366;"21/06/16";"Terça";"13:30:00";"BA";110;"61";"JEREMOABO";"Falta de atenção";"Colisão lateral";"Sem Vítimas";"Pleno dia";"Decrescente";"Nublado";"Simples";"Reta";"Rural";2;0;0;0;2;0;0;2
83475367;"21/06/16";"Terça";"07:20:00";"MG";116;"322,5";"ITAMBACURI";"Velocidade incompatível";"Colisão lateral";"Com Vítimas Feridas";"Amanhecer";"Decrescente";"Nublado";"Simples";"Reta";"Rural";6;0;1;0;5;0;1;2
83475368;"13/06/16";"Segunda";"20:54:00";"MG";381;"727,4";"CARMO DA CACHOEIRA";"Falta de atenção";"Saída de Pista";"Sem Vítimas";"Plena noite";"Crescente";"Ceu Claro";"Dupla";"Reta";"Rural";1;0;0;0;1;0;0;1
83475369;"21/06/16";"Terça";"18:20:00";"SC";280;"124,8";"RIO NEGRINHO";"Falta de atenção";"Colisão lateral";"Sem Vítimas";"Plena noite";"Decrescente";"Chuva";"Simples";"Reta";"Urbano";2;0;0;0;2;0;0;2
83475370;"18/06/16";"Sábado";"18:05:00";"MG";381;"481";"CONTAGEM";"Ingestão de álcool";"Colisão traseira";"Com Vítimas Feridas";"Plena noite";"Decrescente";"Ceu Claro";"Dupla";"Reta";"Urbano";3;0;1;0;2;0;1;3
83475371;"21/06/16";"Terça";"17:45:00";"RN";101;"96";"NATAL";"Não guardar distância de segurança";"Colisão traseira";"Com Vítimas Feridas";"Anoitecer";"Crescente";"Ceu Claro";"Dupla";"Reta";"Urbano";2;0;1;0;0;1;1;2
83475372;"18/06/16";"Sábado";"01:20:00";"DF";20;"12";"BRASILIA";"Ingestão de álcool";"Colisão com objeto fixo";"Com Vítimas Feridas";"Plena noite";"Crescente";"Ceu Claro";"Dupla";"Reta";"Urbano";1;0;0;1;0;0;1;1
83475373;"21/06/16";"Terça";"17:50:00";"MG";116;"413,8";"GOVERNADOR VALADARES";"Desobediência à sinalização";"Colisão lateral";"Com Vítimas Feridas";"Plena noite";"Decrescente";"Nublado";"Simples";"Cruzamento";"Urbano";2;0;1;0;1;0;1;2
83475374;"21/06/16";"Terça";"17:20:00";"MG";381;"260";"CORONEL FABRICIANO";"Falta de atenção";"Colisão lateral";"Com Vítimas Feridas";"Pleno dia";"Crescente";"Ceu Claro";"Simples";"Reta";"Urbano";2;0;0;1;1;0;1;2
83475375;"21/06/16";"Terça";"10:45:00";"SC";101;"79,9";"ARAQUARI";"Falta de atenção";"Colisão Transversal";"Com Vítimas Feridas";"Pleno dia";"Decrescente";"Chuva";"Dupla";"Reta";"Rural";2;0;1;0;1;0;1;2
83475377;"21/06/16";"Terça";"19:10:00";"MG";381;"495,9";"BETIM";"Falta de atenção";"Colisão frontal";"Com Vítimas Feridas";"Plena noite";"Decrescente";"";"Simples";"Curva";"Urbano";3;0;3;0;0;0;3;2
83475378;"21/06/16";"Terça";"15:03:00";"CE";222;"302";"TIANGUA";"Falta de atenção";"Colisão lateral";"Sem Vítimas";"Pleno dia";"Crescente";"Ceu Claro";"Simples";"Curva";"Rural";3;0;0;0;3;0;0;3
83475379;"19/06/16";"Domingo";"13:20:00";"BA";101;"288";"LAJE";"Falta de atenção";"Colisão traseira";"Com Vítimas Feridas";"Pleno dia";"Crescente";"Nublado";"Simples";"Cruzamento";"Rural";3;0;2;0;1;0;2;2
83475380;"21/06/16";"Terça";"10:00:00";"GO";364;"193,5";"JATAI";"Falta de atenção";"Colisão traseira";"Sem Vítimas";"Pleno dia";"Decrescente";"Ceu Claro";"Dupla";"Reta";"Urbano";3;0;0;0;3;0;0;3
83475381;"21/06/16";"Terça";"07:00:00";"DF";40;"3,3";"BRASILIA";"Falta de atenção";"Colisão lateral";"Com Vítimas Feridas";"Pleno dia";"Decrescente";"Ceu Claro";"Dupla";"Reta";"Urbano";4;0;1;0;2;1;1;3
83475382;"21/06/16";"Terça";"12:05:00";"BA";116;"418";"FEIRA DE SANTANA";"Não guardar distância de segurança";"Colisão traseira";"Com Vítimas Feridas";"Pleno dia";"Decrescente";"Ceu Claro";"Dupla";"Reta";"Urbano";3;0;2;0;1;0;2;2
83475384;"21/06/16";"Terça";"16:30:00";"PR";376;"216";"JANDAIA DO SUL";"Desobediência à sinalização";"Colisão Transversal";"Com Vítimas Feridas";"Pleno dia";"Decrescente";"Ceu Claro";"Simples";"Reta";"Urbano";4;0;2;0;2;0;2;2
83475385;"21/06/16";"Terça";"19:10:00";"ES";101;"266";"SERRA";"Falta de atenção";"Colisão com bicicleta";"Com Vítimas Feridas";"Plena noite";"Decrescente";"Ceu Claro";"Múltipla";"Cruzamento";"Urbano";2;0;0;2;0;0;2;2
83475386;"21/06/16";"Terça";"13:50:00";"CE";222;"4";"CAUCAIA";"Falta de atenção";"Colisão com bicicleta";"Com Vítimas Fatais";"Pleno dia";"Decrescente";"Ceu Claro";"Múltipla";"Reta";"Urbano";2;1;0;0;1;0;0;2
83475387;"21/06/16";"Terça";"15:45:00";"RS";290;"108";"ELDORADO DO SUL";"Outras";"Colisão com bicicleta";"Com Vítimas Feridas";"Pleno dia";"Crescente";"Ceu Claro";"Simples";"Reta";"Urbano";2;0;1;0;1;0;1;2
83475388;"06/03/16";"Domingo";"03:07:00";"SC";282;"3";"FLORIANOPOLIS";"Velocidade incompatível";"Colisão traseira";"Com Vítimas Feridas";"Plena noite";"Crescente";"Ignorada";"Dupla";"Reta";"Urbano";4;0;1;1;2;0;2;2
83475389;"21/06/16";"Terça";"19:20:00";"SC";101;"120";"ITAJAI";"Falta de atenção";"Queda de motocicleta / bicicleta / veículo";"Com Vítimas Feridas";"Plena noite";"Decrescente";"Chuva";"Dupla";"Reta";"Urbano";2;0;1;0;0;1;1;1
83475390;"21/06/16";"Terça";"17:30:00";"BA";116;"8";"VITORIA DA CONQUISTA";"Outras";"Colisão com objeto fixo";"Sem Vítimas";"Anoitecer";"Decrescente";"Ceu Claro";"Simples";"Cruzamento";"Urbano";1;0;0;0;1;0;0;1
83475391;"21/06/16";"Terça";"19:15:00";"RR";174;"507";"BOA VISTA";"Desobediência à sinalização";"Colisão lateral";"Com Vítimas Feridas";"Plena noite";"Decrescente";"Ceu Claro";"Dupla";"Reta";"Urbano";3;0;2;0;1;0;2;2
83475392;"21/06/16";"Terça";"19:30:00";"MG";356;"264,5";"MURIAE";"Falta de atenção";"Queda de motocicleta / bicicleta / veículo";"Com Vítimas Feridas";"Plena noite";"Decrescente";"Ceu Claro";"Simples";"Reta";"Urbano";1;0;1;0;0;0;1;1
83475393;"21/06/16";"Terça";"15:00:00";"MT";70;"727,7";"CACERES";"Outras";"Colisão frontal";"Com Vítimas Fatais";"Pleno dia";"Crescente";"Ceu Claro";"Simples";"Reta";"Rural";2;1;0;0;1;0;0;2
83475394;"21/06/16";"Terça";"18:35:00";"SP";116;"227";"SAO PAULO";"Não guardar distância de segurança";"Queda de motocicleta / bicicleta / veículo";"Com Vítimas Feridas";"Plena noite";"Decrescente";"Ceu Claro";"Múltipla";"Reta";"Urbano";2;0;1;0;1;0;1;1
83475395;"21/06/16";"Terça";"19:00:00";"SC";101;"380,6";"ICARA";"Falta de atenção";"Colisão Transversal";"Com Vítimas Feridas";"Plena noite";"Crescente";"Nublado";"Simples";"Reta";"Urbano";3;0;1;0;2;0;1;2
83475396;"21/06/16";"Terça";"19:00:00";"SC";101;"334,8";"TUBARAO";"Falta de atenção";"Colisão Transversal";"Com Vítimas Feridas";"Plena noite";"Decrescente";"Ceu Claro";"Dupla";"Cruzamento";"Urbano";2;0;1;0;1;0;1;2
83475397;"21/06/16";"Terça";"18:30:00";"MG";40;"801";"MATIAS BARBOSA";"Não guardar distância de segurança";"Colisão traseira";"Com Vítimas Feridas";"Plena noite";"Decrescente";"Ceu Claro";"Dupla";"Curva";"Rural";3;0;1;0;2;0;1;2
83475398;"22/05/16";"Domingo";"16:30:00";"BA";101;"271";"SANTO ANTONIO DE JESUS";"Outras";"Capotamento";"Com Vítimas Feridas";"Pleno dia";"Crescente";"Ceu Claro";"Simples";"Reta";"Rural";4;0;2;2;0;0;4;1
83475399;"17/06/16";"Sexta";"19:45:00";"PI";316;"12";"TERESINA";"Não guardar distância de segurança";"Colisão lateral";"Com Vítimas Feridas";"Plena noite";"Decrescente";"Ceu Claro";"Simples";"Cruzamento";"Urbano";2;0;1;0;0;1;1;2
83475400;"21/06/16";"Terça";"18:40:00";"BA";116;"422";"FEIRA DE SANTANA";"Desobediência à sinalização";"Colisão frontal";"Com Vítimas Feridas";"Plena noite";"Crescente";"Ceu Claro";"Simples";"Reta";"Urbano";3;0;1;1;1;0;2;2
83475401;"21/06/16";"Terça";"18:00:00";"PR";116;"15";"CAMPINA GRANDE DO SUL";"Defeito mecânico em veículo";"Saída de Pista";"Sem Vítimas";"Plena noite";"Crescente";"Chuva";"Dupla";"Reta";"Rural";1;0;0;0;1;0;0;1
83475402;"21/06/16";"Terça";"09:45:00";"GO";50;"243,1";"CATALAO";"Outras";"Saída de Pista";"Com Vítimas Feridas";"Pleno dia";"Decrescente";"Ceu Claro";"Simples";"Curva";"Rural";2;0;0;1;1;0;1;1
83475403;"21/06/16";"Terça";"20:30:00";"MG";50;"60";"UBERLANDIA";"Outras";"Queda de motocicleta / bicicleta / veículo";"Com Vítimas Feridas";"Plena noite";"Crescente";"Ceu Claro";"Dupla";"Reta";"Rural";2;0;0;2;0;0;2;1
83475405;"21/06/16";"Terça";"19:00:00";"MT";364;"605";"DIAMANTINO";"Outras";"Capotamento";"Com Vítimas Feridas";"Plena noite";"Decrescente";"Vento";"Simples";"Curva";"Rural";2;0;1;1;0;0;2;1
83475406;"21/06/16";"Terça";"18:20:00";"MT";364;"204";"RONDONOPOLIS";"Outras";"Colisão Transversal";"Com Vítimas Feridas";"Anoitecer";"Crescente";"Ceu Claro";"Dupla";"Reta";"Urbano";3;0;1;1;1;0;2;2
83475407;"21/06/16";"Terça";"07:50:00";"GO";50;"280,5";"CATALAO";"Falta de atenção";"Colisão traseira";"Com Vítimas Feridas";"Pleno dia";"Crescente";"Sol";"Simples";"Reta";"Urbano";3;0;1;0;2;0;1;2
83475408;"16/06/16";"Quinta";"06:20:00";"SC";101;"271";"IMBITUBA";"Outras";"Saída de Pista";"Com Vítimas Feridas";"Amanhecer";"Crescente";"Nublado";"Dupla";"Curva";"Rural";2;0;1;0;1;0;1;1
83475409;"21/06/16";"Terça";"06:20:00";"CE";222;"2,7";"FORTALEZA";"Outras";"Colisão com objeto fixo";"Com Vítimas Feridas";"Pleno dia";"Decrescente";"Sol";"Múltipla";"Reta";"Urbano";2;0;1;0;0;1;1;2
83475410;"21/06/16";"Terça";"17:15:00";"CE";222;"302,2";"TIANGUA";"Velocidade incompatível";"Saída de Pista";"Sem Vítimas";"Pleno dia";"Decrescente";"Ceu Claro";"Simples";"Curva";"Rural";2;0;0;0;2;0;0;1
83475411;"17/06/16";"Sexta";"08:00:00";"MG";262;"800";"UBERABA";"Velocidade incompatível";"Saída de Pista";"Com Vítimas Feridas";"Pleno dia";"Crescente";"Ceu Claro";"Dupla";"Curva";"Urbano";1;0;1;0;0;0;1;1
83475412;"21/06/16";"Terça";"16:35:00";"TO";153;"141,5";"ARAGUAINA";"Outras";"Tombamento";"Com Vítimas Feridas";"Pleno dia";"Crescente";"Ceu Claro";"Dupla";"Reta";"Urbano";2;0;1;0;0;1;1;2
83475413;"19/06/16";"Domingo";"15:30:00";"MG";381;"860";"POUSO ALEGRE";"Velocidade incompatível";"Colisão com objeto fixo";"Sem Vítimas";"Pleno dia";"Crescente";"Sol";"Dupla";"Curva";"Rural";1;0;0;0;1;0;0;1
83475414;"21/06/16";"Terça";"20:30:00";"SP";116;"294";"ITAPECERICA DA SERRA";"Velocidade incompatível";"Colisão Transversal";"Com Vítimas Feridas";"Plena noite";"Crescente";"Chuva";"Dupla";"Reta";"Rural";3;0;1;0;1;1;1;3
83475416;"21/06/16";"Terça";"15:30:00";"MT";364;"527,3";"ROSARIO OESTE";"Outras";"Colisão traseira";"Sem Vítimas";"Pleno dia";"Crescente";"Ceu Claro";"Simples";"Reta";"Rural";2;0;0;0;2;0;0;2
83475417;"18/06/16";"Sábado";"04:00:00";"RJ";116;"273";"BARRA MANSA";"Dormindo";"Saída de Pista";"Ignorado";"Plena noite";"Crescente";"Nublado";"Dupla";"Reta";"Rural";1;0;0;0;0;1;0;1
83475418;"21/06/16";"Terça";"16:35:00";"SP";116;"206,4";"GUARULHOS";"Falta de atenção";"Colisão lateral";"Sem Vítimas";"Pleno dia";"Crescente";"Nublado";"Dupla";"Reta";"Urbano";2;0;0;0;2;0;0;2
83475419;"21/06/16";"Terça";"19:00:00";"RO";364;"230,8";"CACOAL";"Animais na Pista";"Atropelamento de animal";"Com Vítimas Feridas";"Plena noite";"Crescente";"Ceu Claro";"Simples";"Reta";"Rural";1;0;1;0;0;0;1;1
83475420;"18/06/16";"Sábado";"02:30:00";"PR";116;"22";"CAMPINA GRANDE DO SUL";"Outras";"Saída de Pista";"Sem Vítimas";"Plena noite";"Crescente";"Chuva";"Dupla";"Reta";"Rural";1;0;0;0;1;0;0;1
83475421;"21/06/16";"Terça";"18:00:00";"SC";470;"55,4";"BLUMENAU";"Falta de atenção";"Colisão Transversal";"Com Vítimas Feridas";"Anoitecer";"Decrescente";"Chuva";"Simples";"Cruzamento";"Urbano";2;0;1;0;1;0;1;2
83475422;"19/06/16";"Domingo";"22:27:00";"PI";316;"311";"PICOS";"Não guardar distância de segurança";"Colisão traseira";"Sem Vítimas";"Plena noite";"Decrescente";"Ceu Claro";"Simples";"Curva";"Urbano";2;0;0;0;2;0;0;2
83475423;"21/06/16";"Terça";"16:55:00";"RO";319;"64";"PORTO VELHO";"Falta de atenção";"Colisão lateral";"Com Vítimas Feridas";"Pleno dia";"Decrescente";"Ceu Claro";"Dupla";"Reta";"Urbano";6;0;1;0;5;0;1;3
83475424;"21/06/16";"Terça";"19:15:00";"SP";116;"225";"GUARULHOS";"Falta de atenção";"Colisão lateral";"Sem Vítimas";"Plena noite";"Decrescente";"Ceu Claro";"Múltipla";"Reta";"Urbano";2;0;0;0;2;0;0;2
83475425;"21/06/16";"Terça";"20:00:00";"PI";316;"196";"VALENCA DO PIAUI";"Não guardar distância de segurança";"Colisão com objeto móvel";"Sem Vítimas";"Plena noite";"Crescente";"Ceu Claro";"Simples";"Reta";"Rural";1;0;0;0;1;0;0;1
83475426;"21/06/16";"Terça";"22:35:00";"SP";116;"227";"SAO PAULO";"Outras";"Incêndio";"Sem Vítimas";"Plena noite";"Decrescente";"Ceu Claro";"Múltipla";"Reta";"Urbano";1;0;0;0;1;0;0;1
83475427;"19/06/16";"Domingo";"00:00:00";"SP";116;"476";"JACUPIRANGA";"Outras";"Colisão frontal";"Com Vítimas Feridas";"Plena noite";"Decrescente";"Nublado";"Simples";"Curva";"Urbano";2;0;0;1;1;0;1;2
83475430;"22/06/16";"Quarta";"00:10:00";"PR";277;"3";"FOZ DO IGUACU";"Outras";"Colisão traseira";"Sem Vítimas";"Plena noite";"Decrescente";"Chuva";"Dupla";"Reta";"Urbano";2;0;0;0;2;0;0;2
83475431;"21/06/16";"Terça";"21:50:00";"MS";163;"730,1";"COXIM";"Ingestão de álcool";"Colisão traseira";"Com Vítimas Feridas";"Plena noite";"Crescente";"Ceu Claro";"Simples";"Reta";"Urbano";2;0;1;0;0;1;1;2
83475432;"21/06/16";"Terça";"19:00:00";"MS";163;"726,7";"COXIM";"Ingestão de álcool";"Colisão Transversal";"Com Vítimas Feridas";"Anoitecer";"Decrescente";"Ceu Claro";"Múltipla";"Reta";"Urbano";7;0;1;0;6;0;1;2
83475433;"19/06/16";"Domingo";"13:30:00";"PR";116;"26";"CAMPINA GRANDE DO SUL";"Outras";"Colisão com objeto fixo";"Sem Vítimas";"Pleno dia";"Decrescente";"Chuva";"Dupla";"Curva";"Rural";1;0;0;0;1;0;0;1
83475434;"21/06/16";"Terça";"17:30:00";"MS";60;"143,5";"CAMAPUA";"Defeito mecânico em veículo";"Colisão lateral";"Sem Vítimas";"Anoitecer";"Decrescente";"Ceu Claro";"Simples";"Reta";"Rural";2;0;0;0;2;0;0;2
83475435;"21/06/16";"Terça";"18:30:00";"MT";163;"562,5";"NOVA MUTUM";"Animais na Pista";"Atropelamento de animal";"Sem Vítimas";"Plena noite";"Crescente";"Ceu Claro";"Simples";"Reta";"Rural";1;0;0;0;1;0;0;1
83475436;"21/06/16";"Terça";"22:50:00";"GO";153;"361,9";"JARAGUA";"Falta de atenção";"Colisão lateral";"Com Vítimas Feridas";"Plena noite";"Crescente";"Ceu Claro";"Simples";"Reta";"Rural";2;0;2;0;0;0;2;2
83475437;"21/06/16";"Terça";"11:45:00";"MG";40;"511";"RIBEIRAO DAS NEVES";"Outras";"Colisão Transversal";"Com Vítimas Feridas";"Plena noite";"Crescente";"Ceu Claro";"Dupla";"Reta";"Urbano";2;0;1;0;1;0;1;2
83475438;"21/06/16";"Terça";"20:00:00";"PR";153;"24,5";"JACAREZINHO";"Não guardar distância de segurança";"Colisão traseira";"Com Vítimas Feridas";"Plena noite";"Crescente";"Nublado";"Simples";"Cruzamento";"Urbano";3;0;1;0;2;0;1;2
83475439;"21/06/16";"Terça";"19:30:00";"PA";10;"232";"IPIXUNA DO PARA";"Defeito na via";"Tombamento";"Sem Vítimas";"Plena noite";"Crescente";"Ignorada";"Simples";"Reta";"Urbano";1;0;0;0;1;0;0;1
83475441;"21/06/16";"Terça";"23:30:00";"RS";287;"466,3";"SAO BORJA";"Animais na Pista";"Atropelamento de animal";"Com Vítimas Feridas";"Plena noite";"Crescente";"Ceu Claro";"Simples";"Reta";"Rural";2;0;1;0;1;0;1;1
83475443;"21/06/16";"Terça";"23:20:00";"MS";163;"563,3";"BANDEIRANTES";"Animais na Pista";"Atropelamento de animal";"Sem Vítimas";"Plena noite";"Crescente";"Nevoeiro/neblina";"Simples";"Reta";"Rural";1;0;0;0;1;0;0;1
83475444;"21/06/16";"Terça";"22:20:00";"RO";364;"541";"ALTO PARAISO";"Dormindo";"Colisão frontal";"Com Vítimas Fatais";"Plena noite";"Decrescente";"Ceu Claro";"Simples";"Curva";"Rural";2;1;0;0;1;0;0;2
83475445;"22/06/16";"Quarta";"02:45:00";"MG";40;"723";"BARBACENA";"Velocidade incompatível";"Saída de Pista";"Sem Vítimas";"Plena noite";"Crescente";"Ceu Claro";"Dupla";"Curva";"Rural";1;0;0;0;1;0;0;1
83475446;"21/06/16";"Terça";"18:30:00";"PR";277;"601,4";"CASCAVEL";"Falta de atenção";"Colisão traseira";"Com Vítimas Feridas";"Plena noite";"Decrescente";"Chuva";"Dupla";"Reta";"Rural";2;0;0;1;1;0;1;2
83475447;"22/06/16";"Quarta";"01:00:00";"MS";163;"330";"RIO BRILHANTE";"Animais na Pista";"Capotamento";"Sem Vítimas";"Plena noite";"Decrescente";"Ceu Claro";"Simples";"Reta";"Rural";2;0;0;0;2;0;0;1
83475448;"21/06/16";"Terça";"16:20:00";"PE";101;"71,1";"RECIFE";"Não guardar distância de segurança";"Colisão traseira";"Com Vítimas Feridas";"Pleno dia";"Crescente";"Ceu Claro";"Dupla";"Reta";"Urbano";2;0;1;0;1;0;1;2
83475449;"21/06/16";"Terça";"19:02:00";"PR";376;"307,8";"MAUA DA SERRA";"Velocidade incompatível";"Tombamento";"Com Vítimas Feridas";"Plena noite";"Decrescente";"Nublado";"Dupla";"Curva";"Rural";1;0;1;0;0;0;1;1