"id";"data_inversa";"dia_semana";"horario";"uf";"br";"km";"municipio";"causa_acidente";"tipo_acidente";"classificacao_acidente";"fase_dia";"sentido_via";"condicao_metereologica";"tipo_pista";"tracado_via";"uso_solo";"pessoas";"mortos";"feridos_leves";"feridos_graves";"ilesos";"ignorados";"feridos";"veiculos"
83475567;"18/06/16";"Sábado";"23:15:00";"RJ";101;"474";"ANGRA DOS REIS";"Ingestão de álcool";"Queda de motocicleta / bicicleta / veículo";"Com Vítimas Feridas";"Plena noite";"Crescente";"Ceu Claro";"Simples";"Reta";"Urbano";1;0;1;0;0;0;1;1
83475568;"18/06/16";"Sábado";"11:30:00";"MG";365;"451";"PATROCINIO";"Velocidade incompatível";"Saída de Pista";"Com Vítimas Feridas";"Pleno dia";"Decrescente";"Ceu Claro";"Simples";"Reta";"Rural";3;0;2;1;0;0;3;1
83475569;"28/04/16";"Quinta";"00:30:00";"PB";230;"379";"CONDADO";"Falta de atenção";"Colisão traseira";"Com Vítimas Feridas";"Plena noite";"Decrescente";"Ceu Claro";"Simples";"Reta";"Rural";3;0;1;0;2;0;1;2
83475570;"21/06/16";"Terça";"15:30:00";"MA";222;"339";"IGARAPE DO MEIO";"Ingestão de álcool";"Colisão lateral";"Com Vítimas Feridas";"Pleno dia";"Crescente";"Ceu Claro";"Simples";"Reta";"Urbano";2;0;1;0;1;0;1;2
83475571;"22/06/16";"Quarta";"14:30:00";"CE";116;"299,3";"ICO";"Animais na Pista";"Atropelamento de animal";"Com Vítimas Feridas";"Pleno dia";"Crescente";"Ceu Claro";"Simples";"Reta";"Rural";1;0;0;1;0;0;1;1
83475572;"22/06/16";"Quarta";"12:20:00";"RS";116;"145,3";"CAXIAS DO SUL";"Não guardar distância de segurança";"Colisão traseira";"Sem Vítimas";"Pleno dia";"Decrescente";"Ceu Claro";"Dupla";"Reta";"Urbano";4;0;0;0;4;0;0;4
83475573;"22/06/16";"Quarta";"10:30:00";"AL";101;"198";"SAO SEBASTIAO";"Outras";"Saída de Pista";"Sem Vítimas";"Pleno dia";"Crescente";"Chuva";"Dupla";"Curva";"Rural";1;0;0;0;1;0;0;1
83475574;"14/06/16";"Terça";"11:30:00";"RN";101;"103";"PARNAMIRIM";"Falta de atenção";"Colisão traseira";"Com Vítimas Feridas";"Pleno dia";"Crescente";"Ceu Claro";"Dupla";"Reta";"Urbano";3;0;1;0;2;0;1;2
83475575;"21/06/16";"Terça";"03:30:00";"PR";277;"131,8";"BALSA NOVA";"Outras";"Saída de Pista";"Sem Vítimas";"Plena noite";"Crescente";"Chuva";"Múltipla";"Curva";"Rural";1;0;0;0;1;0;0;1
83475576;"19/06/16";"Domingo";"21:00:00";"RJ";40;"124";"DUQUE DE CAXIAS";"Falta de atenção";"Queda de motocicleta / bicicleta / veículo";"Com Vítimas Feridas";"Plena noite";"Decrescente";"Nublado";"Múltipla";"Reta";"Urbano";2;0;1;0;0;1;1;2
83475577;"22/06/16";"Quarta";"10:00:00";"RO";364;"691";"PORTO VELHO";"Falta de atenção";"Colisão traseira";"Com Vítimas Feridas";"Pleno dia";"Decrescente";"Ceu Claro";"Dupla";"Reta";"Urbano";2;0;1;0;1;0;1;2
83475578;"19/06/16";"Domingo";"08:20:00";"RJ";40;"109";"DUQUE DE CAXIAS";"Outras";"Queda de motocicleta / bicicleta / veículo";"Com Vítimas Feridas";"Pleno dia";"Crescente";"Nublado";"Múltipla";"Curva";"Urbano";1;0;1;0;0;0;1;1
83475579;"22/06/16";"Quarta";"13:10:00";"GO";50;"200";"CAMPO ALEGRE DE GOIAS";"Outras";"Saída de Pista";"Com Vítimas Feridas";"Plena noite";"Decrescente";"Ceu Claro";"Simples";"Curva";"Rural";1;0;1;0;0;0;1;1
83475580;"17/06/16";"Sexta";"11:20:00";"ES";101;"266,1";"SERRA";"Não guardar distância de segurança";"Colisão traseira";"Com Vítimas Feridas";"Pleno dia";"Decrescente";"Sol";"Múltipla";"Reta";"Urbano";4;0;1;0;3;0;1;3
83475581;"22/06/16";"Quarta";"06:50:00";"RS";116;"262,8";"CANOAS";"Outras";"Colisão com objeto fixo";"Sem Vítimas";"Amanhecer";"Crescente";"Chuva";"Múltipla";"Reta";"Urbano";1;0;0;0;1;0;0;1
83475582;"22/06/16";"Quarta";"14:35:00";"MS";163;"22";"MUNDO NOVO";"Falta de atenção";"Colisão com objeto fixo";"Com Vítimas Feridas";"Pleno dia";"Crescente";"Ceu Claro";"Simples";"Reta";"Rural";3;0;1;0;2;0;1;1
83475585;"22/06/16";"Quarta";"10:10:00";"MT";70;"47";"BARRA DO GARCAS";"Velocidade incompatível";"Tombamento";"Sem Vítimas";"Pleno dia";"Decrescente";"Ceu Claro";"Simples";"Curva";"Rural";1;0;0;0;1;0;0;1
83475586;"22/06/16";"Quarta";"10:00:00";"MS";163;"746,6";"COXIM";"Velocidade incompatível";"Tombamento";"Sem Vítimas";"Pleno dia";"Crescente";"Ceu Claro";"Simples";"Reta";"Rural";1;0;0;0;1;0;0;1
83475587;"22/06/16";"Quarta";"06:45:00";"MG";267;"214";"BOM JARDIM DE MINAS";"Animais na Pista";"Atropelamento de animal";"Com Vítimas Feridas";"Pleno dia";"Decrescente";"Ceu Claro";"Simples";"Reta";"Rural";1;0;1;0;0;0;1;1
83475588;"22/06/16";"Quarta";"11:30:00";"PR";116;"89";"SAO JOSE DOS PINHAIS";"Velocidade incompatível";"Saída de Pista";"Sem Vítimas";"Pleno dia";"Crescente";"Chuva";"Dupla";"Reta";"Rural";1;0;0;0;1;0;0;1
83475589;"22/06/16";"Quarta";"13:50:00";"PB";230;"128,9";"MASSARANDUBA";"Defeito mecânico em veículo";"Saída de Pista";"Sem Vítimas";"Pleno dia";"Decrescente";"Chuva";"Dupla";"Reta";"Rural";1;0;0;0;1;0;0;1
83475590;"22/06/16";"Quarta";"08:20:00";"RS";285;"514,2";"VITORIA DAS MISSOES";"Desobediência à sinalização";"Colisão frontal";"Com Vítimas Fatais";"Pleno dia";"Crescente";"Nublado";"Simples";"Curva";"Rural";2;1;0;0;1;0;0;2
83475591;"22/06/16";"Quarta";"11:20:00";"ES";101;"279,7";"SERRA";"Defeito mecânico em veículo";"Derramamento de Carga";"Sem Vítimas";"Pleno dia";"Decrescente";"Chuva";"Dupla";"Reta";"Rural";1;0;0;0;1;0;0;1
83475592;"22/06/16";"Quarta";"14:40:00";"PE";232;"26";"MORENO";"Outras";"Colisão lateral";"Sem Vítimas";"Pleno dia";"Crescente";"Ceu Claro";"Dupla";"Reta";"Urbano";2;0;0;0;1;1;0;2
83475593;"22/06/16";"Quarta";"09:30:00";"PR";376;"590,5";"CURITIBA";"Velocidade incompatível";"Saída de Pista";"Sem Vítimas";"Pleno dia";"Crescente";"Chuva";"Dupla";"Reta";"Urbano";2;0;0;0;2;0;0;2
83475594;"22/06/16";"Quarta";"14:00:00";"BA";116;"819";"VITORIA DA CONQUISTA";"Outras";"Colisão traseira";"Com Vítimas Feridas";"Pleno dia";"Crescente";"Nublado";"Simples";"Reta";"Rural";3;0;2;0;1;0;2;2
83475595;"22/06/16";"Quarta";"13:50:00";"ES";101;"337,7";"GUARAPARI";"Dormindo";"Colisão com objeto fixo";"Com Vítimas Fatais";"Pleno dia";"Crescente";"Chuva";"Simples";"Curva";"Rural";1;1;0;0;0;0;0;1
83475596;"20/06/16";"Segunda";"01:10:00";"MG";381;"753";"TRES CORACOES";"Animais na Pista";"Atropelamento de animal";"Sem Vítimas";"Plena noite";"Decrescente";"Ceu Claro";"Múltipla";"Curva";"Rural";1;0;0;0;1;0;0;1
83475597;"18/06/16";"Sábado";"17:30:00";"BA";110;"253";"INHAMBUPE";"Falta de atenção";"Colisão Transversal";"Com Vítimas Fatais";"Anoitecer";"Decrescente";"Ceu Claro";"Simples";"Reta";"Rural";2;1;0;0;1;0;0;2
83475599;"19/06/16";"Domingo";"18:30:00";"GO";364;"56";"CACHOEIRA ALTA";"Velocidade incompatível";"Capotamento";"Com Vítimas Feridas";"Anoitecer";"Decrescente";"Ceu Claro";"Simples";"Reta";"Rural";5;0;4;1;0;0;5;1
83475600;"22/06/16";"Quarta";"07:30:00";"MT";174;"271,5";"PONTES E LACERDA";"Defeito mecânico em veículo";"Queda de motocicleta / bicicleta / veículo";"Com Vítimas Feridas";"Amanhecer";"Decrescente";"Ceu Claro";"Simples";"Reta";"Rural";2;0;1;0;1;0;1;2
83475601;"22/06/16";"Quarta";"17:50:00";"ES";101;"304";"VIANA";"Ingestão de álcool";"Colisão traseira";"Sem Vítimas";"Anoitecer";"Decrescente";"Chuva";"Múltipla";"Reta";"Urbano";2;0;0;0;2;0;0;2
83475602;"22/06/16";"Quarta";"09:50:00";"SC";282;"433";"IRANI";"Velocidade incompatível";"Colisão traseira";"Sem Vítimas";"Pleno dia";"Decrescente";"Chuva";"Simples";"Curva";"Rural";4;0;0;0;4;0;0;4
83475603;"22/06/16";"Quarta";"11:30:00";"SC";101;"163,5";"TIJUCAS";"Falta de atenção";"Saída de Pista";"Sem Vítimas";"Pleno dia";"Decrescente";"Chuva";"Dupla";"Cruzamento";"Urbano";1;0;0;0;1;0;0;1
83475605;"19/06/16";"Domingo";"05:00:00";"SP";116;"143";"SAO JOSE DOS CAMPOS";"Outras";"Atropelamento de pessoa";"Com Vítimas Fatais";"Amanhecer";"Crescente";"Ceu Claro";"Simples";"Reta";"Urbano";2;1;0;0;0;1;0;1
83475606;"22/06/16";"Quarta";"15:00:00";"PR";158;"494";"CORONEL VIVIDA";"Outras";"Saída de Pista";"Com Vítimas Feridas";"Pleno dia";"Decrescente";"Chuva";"Simples";"Reta";"Rural";5;0;5;0;0;0;5;1
83475607;"22/06/16";"Quarta";"16:00:00";"SC";282;"51,5";"RANCHO QUEIMADO";"Falta de atenção";"Saída de Pista";"Com Vítimas Feridas";"Pleno dia";"Decrescente";"Chuva";"Simples";"Curva";"Rural";1;0;1;0;0;0;1;1
83475608;"22/06/16";"Quarta";"09:30:00";"SC";153;"72";"IRANI";"Velocidade incompatível";"Saída de Pista";"Com Vítimas Feridas";"Amanhecer";"Crescente";"Chuva";"Simples";"Reta";"Rural";1;0;0;1;0;0;1;1
83475609;"22/06/16";"Quarta";"18:35:00";"PR";376;"179,2";"MARINGA";"Falta de atenção";"Colisão traseira";"Com Vítimas Feridas";"Plena noite";"Decrescente";"Nublado";"Dupla";"Reta";"Urbano";2;0;1;0;1;0;1;2
83475610;"19/06/16";"Domingo";"08:00:00";"MG";381;"597,5";"CARMOPOLIS DE MINAS";"Desobediência à sinalização";"Colisão com objeto fixo";"Sem Vítimas";"Pleno dia";"Crescente";"Sol";"Dupla";"Reta";"Rural";1;0;0;0;1;0;0;1
83475611;"22/06/16";"Quarta";"17:55:00";"SC";101;"210";"SAO JOSE";"Falta de atenção";"Colisão Transversal";"Com Vítimas Feridas";"Plena noite";"Decrescente";"Nublado";"Dupla";"Cruzamento";"Urbano";2;0;1;0;1;0;1;2
83475612;"22/06/16";"Quarta";"18:20:00";"RS";290;"91,3";"PORTO ALEGRE";"Falta de atenção";"Colisão Transversal";"Com Vítimas Feridas";"Plena noite";"Decrescente";"Ceu Claro";"Dupla";"Curva";"Rural";2;0;1;0;1;0;1;2
83475613;"22/06/16";"Quarta";"15:00:00";"PR";277;"130";"BALSA NOVA";"Defeito mecânico em veículo";"Incêndio";"Com Vítimas Feridas";"Pleno dia";"Crescente";"Chuva";"Dupla";"Reta";"Urbano";2;0;0;1;0;1;1;2
83475614;"10/04/16";"Domingo";"16:30:00";"BA";101;"507,8";"ITABUNA";"Falta de atenção";"Colisão lateral";"Com Vítimas Feridas";"Pleno dia";"Crescente";"Ceu Claro";"Simples";"Reta";"Rural";3;0;1;1;0;1;2;2
83475615;"22/06/16";"Quarta";"16:30:00";"BA";418;"90";"NOVA VICOSA";"Outras";"Colisão lateral";"Com Vítimas Feridas";"Pleno dia";"Decrescente";"Sol";"Simples";"Reta";"Urbano";2;0;1;0;0;1;1;2
83475616;"22/06/16";"Quarta";"17:05:00";"PR";376;"180,1";"MARINGA";"Outras";"Queda de motocicleta / bicicleta / veículo";"Com Vítimas Feridas";"Pleno dia";"Crescente";"Ceu Claro";"Dupla";"Reta";"Urbano";2;0;2;0;0;0;2;1
83475617;"22/06/16";"Quarta";"18:45:00";"RS";293;"254";"DOM PEDRITO";"Animais na Pista";"Atropelamento de animal";"Sem Vítimas";"Plena noite";"Decrescente";"Ceu Claro";"Simples";"Reta";"Rural";1;0;0;0;1;0;0;1
83475618;"22/06/16";"Quarta";"11:40:00";"MG";40;"630,4";"CONSELHEIRO LAFAIETE";"Desobediência à sinalização";"Colisão frontal";"Com Vítimas Feridas";"Pleno dia";"Decrescente";"Sol";"Simples";"Reta";"Urbano";2;0;1;0;1;0;1;2
83475619;"22/06/16";"Quarta";"09:45:00";"AC";364;"252";"SENA MADUREIRA";"Dormindo";"Saída de Pista";"Com Vítimas Feridas";"Pleno dia";"Crescente";"Sol";"Simples";"Reta";"Rural";2;0;2;0;0;0;2;1
83475620;"19/06/16";"Domingo";"02:40:00";"PE";423;"84,5";"SAO JOAO";"Falta de atenção";"Colisão lateral";"Com Vítimas Feridas";"Plena noite";"Crescente";"Nevoeiro/neblina";"Simples";"Reta";"Rural";4;0;2;0;2;0;2;2
83475621;"19/06/16";"Domingo";"21:30:00";"MG";135;"368";"MONTES CLAROS";"Ingestão de álcool";"Atropelamento de pessoa";"Com Vítimas Feridas";"Plena noite";"Decrescente";"Ceu Claro";"Simples";"Reta";"Urbano";2;0;1;0;1;0;1;1
83475622;"22/06/16";"Quarta";"16:30:00";"PE";232;"6,5";"RECIFE";"Falta de atenção";"Colisão traseira";"Com Vítimas Feridas";"Pleno dia";"Decrescente";"Sol";"Dupla";"Reta";"Urbano";6;0;1;0;5;0;1;5
83475623;"22/06/16";"Quarta";"18:40:00";"SP";116;"290";"ITAPECERICA DA SERRA";"Não guardar distância de segurança";"Colisão traseira";"Com Vítimas Feridas";"Anoitecer";"Decrescente";"Chuva";"Dupla";"Curva";"Rural";2;0;1;0;1;0;1;2
83475624;"22/06/16";"Quarta";"18:30:00";"SC";116;"225,6";"CORREIA PINTO";"Animais na Pista";"Atropelamento de animal";"Com Vítimas Feridas";"Plena noite";"Decrescente";"Nublado";"Simples";"Reta";"Rural";1;0;1;0;0;0;1;1
83475625;"22/06/16";"Quarta";"15:55:00";"SC";153;"13,4";"AGUA DOCE";"Desobediência à sinalização";"Colisão lateral";"Sem Vítimas";"Pleno dia";"Crescente";"Ceu Claro";"Simples";"Reta";"Rural";2;0;0;0;2;0;0;2
83475626;"22/06/16";"Quarta";"16:00:00";"SP";116;"149";"SAO JOSE DOS CAMPOS";"Ingestão de álcool";"Saída de Pista";"Sem Vítimas";"Pleno dia";"Crescente";"Nublado";"Dupla";"Reta";"Urbano";1;0;0;0;1;0;0;1
83475627;"22/06/16";"Quarta";"17:05:00";"SP";153;"61,5";"SAO JOSE DO RIO PRETO";"Não guardar distância de segurança";"Colisão traseira";"Com Vítimas Feridas";"Anoitecer";"Decrescente";"Nublado";"Dupla";"Reta";"Urbano";2;0;1;0;1;0;1;2
83475628;"19/06/16";"Domingo";"11:30:00";"BA";235;"402";"CASA NOVA";"Falta de atenção";"Colisão Transversal";"Sem Vítimas";"Pleno dia";"Crescente";"Ceu Claro";"Simples";"Reta";"Rural";2;0;0;0;2;0;0;2
83475629;"22/06/16";"Quarta";"15:45:00";"PR";277;"332,2";"GUARAPUAVA";"Outras";"Colisão lateral";"Sem Vítimas";"Pleno dia";"Crescente";"Nublado";"Simples";"Reta";"Rural";2;0;0;0;2;0;0;2
83475630;"22/06/16";"Quarta";"08:30:00";"SP";116;"159";"JACAREI";"Falta de atenção";"Colisão traseira";"Com Vítimas Feridas";"Pleno dia";"Crescente";"Sol";"Dupla";"Reta";"Rural";2;0;1;0;1;0;1;2
83475631;"22/06/16";"Quarta";"17:30:00";"SP";116;"375";"MIRACATU";"Falta de atenção";"Saída de Pista";"Sem Vítimas";"Anoitecer";"Decrescente";"Chuva";"Dupla";"Curva";"Rural";1;0;0;0;1;0;0;1
83475632;"22/06/16";"Quarta";"17:55:00";"TO";153;"506,3";"PARAISO DO TOCANTINS";"Outras";"Queda de motocicleta / bicicleta / veículo";"Com Vítimas Feridas";"Anoitecer";"Crescente";"Ceu Claro";"Simples";"Reta";"Rural";2;0;1;1;0;0;2;1
83475633;"18/06/16";"Sábado";"21:20:00";"BA";415;"47";"ITABUNA";"Falta de atenção";"Atropelamento de pessoa";"Sem Vítimas";"Plena noite";"Crescente";"Ceu Claro";"Simples";"Reta";"Rural";2;0;0;0;1;1;0;1
83475634;"22/06/16";"Quarta";"16:55:00";"RJ";116;"289";"BARRA MANSA";"Desobediência à sinalização";"Colisão frontal";"Sem Vítimas";"Pleno dia";"Decrescente";"Ceu Claro";"Dupla";"Reta";"Rural";2;0;0;0;2;0;0;2
83475635;"19/06/16";"Domingo";"21:30:00";"AL";316;"240,5";"ATALAIA";"Ingestão de álcool";"Atropelamento de pessoa";"Com Vítimas Feridas";"Plena noite";"Crescente";"Nublado";"Simples";"Reta";"Urbano";3;0;2;1;0;0;3;1
83475637;"22/06/16";"Quarta";"17:15:00";"SC";282;"4,5";"SAO JOSE";"Não guardar distância de segurança";"Colisão lateral";"Sem Vítimas";"Pleno dia";"Crescente";"Nublado";"Dupla";"Reta";"Urbano";2;0;0;0;1;1;0;2
83475638;"22/06/16";"Quarta";"07:00:00";"RS";116;"149,6";"CAXIAS DO SUL";"Falta de atenção";"Colisão traseira";"Sem Vítimas";"Pleno dia";"Decrescente";"Chuva";"Dupla";"Reta";"Urbano";4;0;0;0;4;0;0;4
83475639;"22/06/16";"Quarta";"17:30:00";"MT";364;"352";"SANTO ANTONIO DO LEVERGER";"Não guardar distância de segurança";"Colisão traseira";"Sem Vítimas";"Anoitecer";"Crescente";"Nublado";"Simples";"Reta";"Rural";2;0;0;0;2;0;0;2
83475640;"22/06/16";"Quarta";"08:30:00";"BA";324;"549";"AMELIA RODRIGUES";"Outras";"Colisão traseira";"Sem Vítimas";"Pleno dia";"Decrescente";"Ceu Claro";"Dupla";"Reta";"Rural";2;0;0;0;2;0;0;2
83475641;"19/06/16";"Domingo";"22:50:00";"GO";40;"9,8";"LUZIANIA";"Velocidade incompatível";"Colisão traseira";"Com Vítimas Feridas";"Plena noite";"Crescente";"Ceu Claro";"Dupla";"Reta";"Urbano";2;0;1;0;1;0;1;2
83475642;"22/06/16";"Quarta";"19:50:00";"RS";285;"190,8";"LAGOA VERMELHA";"Falta de atenção";"Saída de Pista";"Sem Vítimas";"Plena noite";"Crescente";"Chuva";"Simples";"Curva";"Rural";1;0;0;0;1;0;0;1
83475643;"18/06/16";"Sábado";"16:20:00";"MA";10;"225,4";"GOVERNADOR EDISON LOBAO";"Não guardar distância de segurança";"Colisão lateral";"Sem Vítimas";"Pleno dia";"Decrescente";"Ceu Claro";"Simples";"Reta";"Urbano";2;0;0;0;2;0;0;2
83475644;"22/06/16";"Quarta";"19:15:00";"MS";163;"530";"CAMPO GRANDE";"Defeito mecânico em veículo";"Saída de Pista";"Sem Vítimas";"Plena noite";"Decrescente";"Ceu Claro";"Simples";"Reta";"Rural";1;0;0;0;1;0;0;1
83475645;"22/06/16";"Quarta";"15:30:00";"PB";104;"113,2";"LAGOA SECA";"Outras";"Colisão com objeto fixo";"Sem Vítimas";"Pleno dia";"Decrescente";"Chuva";"Simples";"Curva";"Urbano";2;0;0;0;2;0;0;2
83475647;"22/06/16";"Quarta";"10:30:00";"PB";101;"94,5";"CONDE";"Velocidade incompatível";"Tombamento";"Com Vítimas Feridas";"Pleno dia";"Decrescente";"Chuva";"Dupla";"Curva";"Rural";4;0;1;3;0;0;4;1
83475648;"22/06/16";"Quarta";"20:31:00";"PR";116;"8";"CAMPINA GRANDE DO SUL";"Falta de atenção";"Colisão traseira";"Com Vítimas Feridas";"Plena noite";"Crescente";"Nublado";"Dupla";"Reta";"Urbano";2;0;0;1;0;1;1;2
83475649;"22/06/16";"Quarta";"07:55:00";"MG";381;"733,4";"CARMO DA CACHOEIRA";"Outras";"Saída de Pista";"Com Vítimas Feridas";"Pleno dia";"Crescente";"Ceu Claro";"Dupla";"Reta";"Rural";1;0;1;0;0;0;1;1
83475650;"19/06/16";"Domingo";"06:00:00";"BA";101;"540";"SAO JOSE DA VITORIA";"Falta de atenção";"Atropelamento de pessoa";"Com Vítimas Feridas";"Amanhecer";"Crescente";"Nevoeiro/neblina";"Simples";"Curva";"Rural";2;0;1;0;1;0;1;1
83475651;"22/06/16";"Quarta";"20:00:00";"PR";116;"110";"CURITIBA";"Não guardar distância de segurança";"Colisão traseira";"Sem Vítimas";"Plena noite";"Crescente";"Nublado";"Dupla";"Reta";"Rural";2;0;0;0;2;0;0;2
83475652;"22/06/16";"Quarta";"20:50:00";"SC";101;"414";"ARARANGUA";"Outras";"Atropelamento de animal";"Sem Vítimas";"Plena noite";"Decrescente";"Chuva";"Dupla";"Reta";"Rural";1;0;0;0;1;0;0;1
83475653;"22/06/16";"Quarta";"18:00:00";"RJ";101;"313";"SAO GONCALO";"Outras";"Colisão com objeto fixo";"Sem Vítimas";"Anoitecer";"Crescente";"Ceu Claro";"Simples";"Curva";"Urbano";1;0;0;0;1;0;0;1
83475654;"22/06/16";"Quarta";"16:00:00";"MT";163;"530";"DIAMANTINO";"Falta de atenção";"Colisão traseira";"Sem Vítimas";"Pleno dia";"Crescente";"Ceu Claro";"Simples";"Reta";"Rural";2;0;0;0;2;0;0;2
83475655;"22/06/16";"Quarta";"19:00:00";"PR";476;"133,6";"CURITIBA";"Falta de atenção";"Colisão Transversal";"Sem Vítimas";"Plena noite";"Crescente";"Nublado";"Múltipla";"Reta";"Urbano";6;0;0;0;6;0;0;2
83475656;"22/06/16";"Quarta";"21:20:00";"PI";343;"340,7";"TERESINA";"Outras";"Capotamento";"Sem Vítimas";"Plena noite";"Decrescente";"Ceu Claro";"Simples";"Reta";"Urbano";1;0;0;0;1;0;0;1
83475657;"19/06/16";"Domingo";"08:00:00";"BA";101;"201";"CACHOEIRA";"Outras";"Saída de Pista";"Sem Vítimas";"Pleno dia";"Decrescente";"Nublado";"Simples";"Curva";"Rural";1;0;0;0;1;0;0;1
83475658;"22/06/16";"Quarta";"21:10:00";"MG";40;"467";"SETE LAGOAS";"Velocidade incompatível";"Saída de Pista";"Ignorado";"Plena noite";"Decrescente";"Ceu Claro";"Dupla";"Reta";"Rural";1;0;0;0;0;1;0;1
83475659;"22/06/16";"Quarta";"00:10:00";"AP";156;"138";"MAZAGAO";"Defeito mecânico em veículo";"Incêndio";"Sem Vítimas";"Plena noite";"Decrescente";"Nublado";"Simples";"Reta";"Rural";1;0;0;0;1;0;0;1
83475660;"22/06/16";"Quarta";"13:30:00";"MA";222;"531";"BURITICUPU";"Outras";"Colisão frontal";"Com Vítimas Fatais";"Pleno dia";"Decrescente";"Ceu Claro";"Simples";"Curva";"Rural";3;1;1;1;0;0;2;2
83475661;"22/06/16";"Quarta";"14:00:00";"MT";163;"599";"NOVA MUTUM";"Outras";"Colisão lateral";"Sem Vítimas";"Pleno dia";"Decrescente";"Ceu Claro";"Dupla";"Reta";"Urbano";2;0;0;0;2;0;0;2
83475662;"22/06/16";"Quarta";"20:46:00";"SC";101;"141,4";"BALNEARIO CAMBORIU";"Velocidade incompatível";"Saída de Pista";"Com Vítimas Feridas";"Plena noite";"Crescente";"Ceu Claro";"Múltipla";"Curva";"Rural";3;0;2;0;1;0;2;1
83475663;"22/06/16";"Quarta";"15:30:00";"BA";101;"442";"UBAITABA";"Falta de atenção";"Colisão Transversal";"Com Vítimas Fatais";"Pleno dia";"Decrescente";"Ceu Claro";"Simples";"Reta";"Rural";6;4;1;1;0;0;2;2
83475664;"22/06/16";"Quarta";"17:40:00";"MG";153;"4";"ARAPORA";"Defeito mecânico em veículo";"Queda de motocicleta / bicicleta / veículo";"Com Vítimas Feridas";"Anoitecer";"Crescente";"Nublado";"Dupla";"Reta";"Rural";1;0;0;1;0;0;1;1
83475665;"22/06/16";"Quarta";"18:20:00";"BA";101;"821";"NOVA VICOSA";"Outras";"Queda de motocicleta / bicicleta / veículo";"Com Vítimas Feridas";"Pleno dia";"Crescente";"Ceu Claro";"Simples";"Reta";"Rural";2;0;2;0;0;0;2;1
83475666;"22/06/16";"Quarta";"18:20:00";"BA";101;"821";"NOVA VICOSA";"Outras";"Queda de motocicleta / bicicleta / veículo";"Com Vítimas Feridas";"Pleno dia";"Crescente";"Ceu Claro";"Simples";"Reta";"Rural";2;0;2;0;0;0;2;1
83475667;"22/06/16";"Quarta";"18:25:00";"PR";116;"114,2";"CURITIBA";"Falta de atenção";"Colisão lateral";"Com Vítimas Feridas";"Plena noite";"Crescente";"Nublado";"Dupla";"Reta";"Rural";2;0;0;1;1;0;1;2
83475668;"22/06/16";"Quarta";"20:30:00";"RN";101;"83,6";"NATAL";"Falta de atenção";"Colisão com bicicleta";"Com Vítimas Feridas";"Plena noite";"Decrescente";"Chuva";"Dupla";"Reta";"Urbano";2;0;0;1;0;1;1;2
83475669;"22/06/16";"Quarta";"11:40:00";"PR";277;"586,4";"CASCAVEL";"Falta de atenção";"Colisão Transversal";"Sem Vítimas";"Pleno dia";"Crescente";"Nublado";"Simples";"Cruzamento";"Urbano";3;0;0;0;3;0;0;3
83475670;"22/06/16";"Quarta";"08:15:00";"RS";116;"156,9";"CAXIAS DO SUL";"Falta de atenção";"Tombamento";"Sem Vítimas";"Pleno dia";"Decrescente";"Ceu Claro";"Simples";"Curva";"Urbano";1;0;0;0;1;0;0;1
83475671;"22/06/16";"Quarta";"18:35:00";"SP";116;"408,7";"JUQUIA";"Falta de atenção";"Colisão com objeto fixo";"Com Vítimas Feridas";"Pleno dia";"Decrescente";"Chuva";"Dupla";"Reta";"Rural";2;0;1;0;1;0;1;1
83475672;"22/06/16";"Quarta";"15:20:00";"MG";116;"815";"ALEM PARAIBA";"Falta de atenção";"Colisão lateral";"Sem Vítimas";"Pleno dia";"Decrescente";"Ceu Claro";"Simples";"Reta";"Urbano";2;0;0;0;2;0;0;2
83475674;"22/06/16";"Quarta";"17:40:00";"MT";163;"712";"SORRISO";"Ultrapassagem indevida";"Saída de Pista";"Com Vítimas Feridas";"Anoitecer";"Crescente";"Ceu Claro";"Simples";"Reta";"Rural";1;0;1;0;0;0;1;1
83475675;"22/06/16";"Quarta";"15:00:00";"GO";60;"0,1";"GOIANIA";"Velocidade incompatível";"Tombamento";"Ignorado";"Pleno dia";"Decrescente";"Sol";"Simples";"Curva";"Urbano";1;0;0;0;0;1;0;1
83475676;"22/06/16";"Quarta";"18:00:00";"MT";364;"45";"ALTO GARCAS";"Ingestão de álcool";"Tombamento";"Sem Vítimas";"Anoitecer";"Decrescente";"Ceu Claro";"Simples";"Reta";"Rural";1;0;0;0;1;0;0;1
83475677;"22/06/16";"Quarta";"11:55:00";"ES";262;"3,9";"CARIACICA";"Velocidade incompatível";"Colisão com objeto fixo";"Com Vítimas Feridas";"Pleno dia";"Crescente";"Chuva";"Dupla";"Reta";"Urbano";1;0;1;0;0;0;1;1
83475678;"22/06/16";"Quarta";"18:40:00";"MS";163;"478";"CAMPO GRANDE";"Outras";"Colisão Transversal";"Com Vítimas Feridas";"Plena noite";"Crescente";"Ceu Claro";"Simples";"Reta";"Urbano";2;0;1;0;1;0;1;2
83475679;"22/06/16";"Quarta";"18:00:00";"PE";101;"66";"RECIFE";"Outras";"Colisão traseira";"Com Vítimas Feridas";"Plena noite";"Decrescente";"Nublado";"Dupla";"Reta";"Urbano";2;0;0;1;1;0;1;2
83475680;"22/06/16";"Quarta";"18:40:00";"MG";356;"267";"MURIAE";"Falta de atenção";"Colisão Transversal";"Com Vítimas Feridas";"Plena noite";"Decrescente";"Nublado";"Simples";"Cruzamento";"Urbano";2;0;2;0;0;0;2;2