"id";"data_inversa";"dia_semana";"horario";"uf";"br";"km";"municipio";"causa_acidente";"tipo_acidente";"classificacao_acidente";"fase_dia";"sentido_via";"condicao_metereologica";"tipo_pista";"tracado_via";"uso_solo";"pessoas";"mortos";"feridos_leves";"feridos_graves";"ilesos";"ignorados";"feridos";"veiculos"
83475682;"22/06/16";"Quarta";"20:15:00";"PR";163;"142";"CAPITAO LEONIDAS MARQUES";"Outras";"Colisão lateral";"Com Vítimas Feridas";"Plena noite";"Crescente";"Ceu Claro";"Dupla";"Curva";"Rural";2;0;1;0;1;0;1;2
83475683;"22/06/16";"Quarta";"08:00:00";"MG";116;"305,6";"ITAMBACURI";"Não guardar distância de segurança";"Capotamento";"Sem Vítimas";"Pleno dia";"Decrescente";"Ceu Claro";"Simples";"Reta";"Rural";1;0;0;0;1;0;0;1
83475684;"22/06/16";"Quarta";"22:30:00";"PR";376;"141";"NOVA ESPERANCA";"Outras";"Capotamento";"Ignorado";"Plena noite";"Decrescente";"Nublado";"Dupla";"Reta";"Rural";1;0;0;0;0;1;0;1
83475685;"22/06/16";"Quarta";"08:20:00";"GO";60;"16";"ALEXANIA";"Velocidade incompatível";"Tombamento";"Sem Vítimas";"Pleno dia";"Decrescente";"Ceu Claro";"Dupla";"Reta";"Rural";1;0;0;0;1;0;0;1
83475686;"22/06/16";"Quarta";"17:40:00";"PR";369;"169";"ROLANDIA";"Falta de atenção";"Colisão Transversal";"Com Vítimas Feridas";"Pleno dia";"Crescente";"Ceu Claro";"Simples";"Reta";"Urbano";2;0;1;0;0;1;1;2
83475687;"22/06/16";"Quarta";"20:20:00";"PR";369;"158";"CAMBE";"Não guardar distância de segurança";"Colisão traseira";"Sem Vítimas";"Plena noite";"Decrescente";"Nublado";"Dupla";"Reta";"Urbano";3;0;0;0;3;0;0;2
83475688;"22/06/16";"Quarta";"22:30:00";"PR";277;"3,2";"PARANAGUA";"Animais na Pista";"Atropelamento de animal";"Com Vítimas Feridas";"Pleno dia";"Crescente";"Nublado";"Simples";"Reta";"Urbano";4;0;2;0;2;0;2;2
83475689;"22/06/16";"Quarta";"22:40:00";"RS";392;"1";"RIO GRANDE";"Velocidade incompatível";"Colisão frontal";"Sem Vítimas";"Plena noite";"Decrescente";"Chuva";"Simples";"Curva";"Rural";2;0;0;0;2;0;0;2
83475690;"22/06/16";"Quarta";"13:00:00";"PR";277;"578";"CASCAVEL";"Não guardar distância de segurança";"Colisão traseira";"Com Vítimas Feridas";"Pleno dia";"Crescente";"Nublado";"Simples";"Reta";"Rural";2;0;1;0;1;0;1;2
83475692;"22/06/16";"Quarta";"21:50:00";"PE";232;"512";"SALGUEIRO";"Ingestão de álcool";"Colisão traseira";"Com Vítimas Feridas";"Plena noite";"Decrescente";"Nublado";"Simples";"Curva";"Urbano";3;0;1;0;2;0;1;3
83475693;"22/06/16";"Quarta";"22:15:00";"SP";116;"381";"MIRACATU";"Falta de atenção";"Tombamento";"Com Vítimas Feridas";"Plena noite";"Crescente";"Chuva";"Dupla";"Curva";"Urbano";1;0;1;0;0;0;1;1
83475694;"22/06/16";"Quarta";"22:45:00";"SP";116;"499";"CAJATI";"Velocidade incompatível";"Tombamento";"Sem Vítimas";"Plena noite";"Crescente";"Nublado";"Simples";"Curva";"Urbano";1;0;0;0;1;0;0;1
83475695;"22/06/16";"Quarta";"19:20:00";"RS";470;"209";"BENTO GONCALVES";"Falta de atenção";"Colisão Transversal";"Com Vítimas Feridas";"Plena noite";"Decrescente";"Ceu Claro";"Simples";"Cruzamento";"Rural";3;0;0;3;0;0;3;2
83475696;"22/06/16";"Quarta";"19:58:00";"BA";116;"420";"FEIRA DE SANTANA";"Não guardar distância de segurança";"Colisão traseira";"Com Vítimas Feridas";"Plena noite";"Decrescente";"Ceu Claro";"Dupla";"Cruzamento";"Urbano";3;0;1;0;2;0;1;2
83475697;"22/06/16";"Quarta";"17:40:00";"SC";470;"64";"INDAIAL";"Falta de atenção";"Colisão Transversal";"Com Vítimas Feridas";"Anoitecer";"Decrescente";"Nublado";"Simples";"Reta";"Urbano";2;0;0;1;1;0;1;2
83475698;"22/06/16";"Quarta";"09:20:00";"PR";376;"489";"PONTA GROSSA";"Falta de atenção";"Colisão lateral";"Sem Vítimas";"Pleno dia";"Crescente";"Chuva";"Dupla";"Curva";"Urbano";2;0;0;0;2;0;0;2
83475699;"23/06/16";"Quinta";"01:20:00";"RJ";40;"109";"DUQUE DE CAXIAS";"Velocidade incompatível";"Colisão com objeto fixo";"Com Vítimas Feridas";"Plena noite";"Crescente";"Ceu Claro";"Dupla";"Curva";"Urbano";4;0;4;0;0;0;4;1
83475700;"22/06/16";"Quarta";"22:00:00";"TO";153;"397,2";"RIO DOS BOIS";"Outras";"Saída de Pista";"Com Vítimas Feridas";"Plena noite";"Crescente";"Ceu Claro";"Simples";"Reta";"Rural";2;0;2;0;0;0;2;1
83475701;"22/06/16";"Quarta";"17:55:00";"SP";153;"64";"SAO JOSE DO RIO PRETO";"Não guardar distância de segurança";"Colisão traseira";"Com Vítimas Feridas";"Anoitecer";"Decrescente";"Nublado";"Dupla";"Reta";"Urbano";2;0;1;0;1;0;1;2
83475702;"22/06/16";"Quarta";"14:30:00";"BA";324;"574";"SAO SEBASTIAO DO PASSE";"Não guardar distância de segurança";"Colisão traseira";"Sem Vítimas";"Pleno dia";"Decrescente";"Ceu Claro";"Dupla";"Reta";"Rural";5;0;0;0;5;0;0;5
83475703;"22/06/16";"Quarta";"18:20:00";"SC";280;"73";"JARAGUA DO SUL";"Falta de atenção";"Colisão Transversal";"Com Vítimas Feridas";"Anoitecer";"Decrescente";"Chuva";"Simples";"Reta";"Urbano";2;0;0;1;1;0;1;2
83475704;"22/06/16";"Quarta";"09:40:00";"CE";20;"403,7";"CAUCAIA";"Outras";"Colisão Transversal";"Com Vítimas Feridas";"Pleno dia";"Decrescente";"Sol";"Simples";"Reta";"Rural";3;0;2;0;1;0;2;2
83475705;"22/06/16";"Quarta";"18:20:00";"BA";324;"601";"SIMOES FILHO";"Velocidade incompatível";"Tombamento";"Sem Vítimas";"Plena noite";"Decrescente";"Nublado";"Dupla";"Reta";"Rural";3;0;0;0;3;0;0;3
83475706;"23/06/16";"Quinta";"00:10:00";"PR";277;"362,1";"GUARAPUAVA";"Dormindo";"Tombamento";"Sem Vítimas";"Plena noite";"Decrescente";"Nevoeiro/neblina";"Simples";"Reta";"Rural";1;0;0;0;1;0;0;1
83475707;"22/06/16";"Quarta";"19:15:00";"BA";116;"809,2";"VITORIA DA CONQUISTA";"Velocidade incompatível";"Capotamento";"Com Vítimas Feridas";"Plena noite";"Decrescente";"Nublado";"Simples";"Reta";"Rural";2;0;2;0;0;0;2;1
83475708;"22/06/16";"Quarta";"21:40:00";"CE";20;"397,2";"CAUCAIA";"Outras";"Colisão frontal";"Sem Vítimas";"Plena noite";"Crescente";"Ceu Claro";"Simples";"Reta";"Rural";2;0;0;0;2;0;0;2
83475709;"22/06/16";"Quarta";"19:35:00";"GO";40;"129,5";"CRISTALINA";"Desobediência à sinalização";"Colisão Transversal";"Sem Vítimas";"Plena noite";"Crescente";"Ceu Claro";"Simples";"Reta";"Rural";2;0;0;0;2;0;0;2
83475710;"23/06/16";"Quinta";"01:00:00";"PR";376;"498,9";"PONTA GROSSA";"Outras";"Queda de motocicleta / bicicleta / veículo";"Com Vítimas Feridas";"Plena noite";"Decrescente";"Nublado";"Dupla";"Reta";"Urbano";3;0;1;1;1;0;2;2
83475711;"23/06/16";"Quinta";"02:30:00";"RS";386;"126,9";"SARANDI";"Dormindo";"Saída de Pista";"Com Vítimas Feridas";"Plena noite";"Crescente";"Nublado";"Simples";"Reta";"Rural";1;0;1;0;0;0;1;1
83475712;"22/06/16";"Quarta";"15:40:00";"BA";116;"409";"FEIRA DE SANTANA";"Ultrapassagem indevida";"Atropelamento de pessoa";"Com Vítimas Fatais";"Pleno dia";"Decrescente";"Ceu Claro";"Simples";"Reta";"Rural";2;1;0;1;0;0;1;1
83475713;"22/06/16";"Quarta";"20:10:00";"PE";232;"47,5";"VITORIA DE SANTO ANTAO";"Falta de atenção";"Colisão lateral";"Sem Vítimas";"Plena noite";"Crescente";"Chuva";"Dupla";"Reta";"Rural";2;0;0;0;2;0;0;2
83475714;"22/06/16";"Quarta";"21:30:00";"MT";364;"345";"SANTO ANTONIO DO LEVERGER";"Defeito mecânico em veículo";"Incêndio";"Sem Vítimas";"Plena noite";"Decrescente";"Nublado";"Simples";"Reta";"Rural";1;0;0;0;1;0;0;1
83475715;"23/06/16";"Quinta";"00:30:00";"RN";304;"224,1";"CAICARA DO RIO DO VENTO";"Outras";"Capotamento";"Com Vítimas Feridas";"Plena noite";"Decrescente";"Chuva";"Simples";"Reta";"Rural";2;0;2;0;0;0;2;1
83475716;"22/06/16";"Quarta";"23:30:00";"PR";277;"3";"PARANAGUA";"Outras";"Queda de motocicleta / bicicleta / veículo";"Com Vítimas Feridas";"Plena noite";"Crescente";"Nublado";"Dupla";"Reta";"Urbano";1;0;0;1;0;0;1;1
83475717;"17/06/16";"Sexta";"23:35:00";"DF";70;"14,5";"BRASILIA";"Velocidade incompatível";"Saída de Pista";"Com Vítimas Feridas";"Plena noite";"Crescente";"Ceu Claro";"Dupla";"Reta";"Urbano";1;0;1;0;0;0;1;1
83475718;"22/06/16";"Quarta";"22:00:00";"ES";101;"264,6";"SERRA";"Falta de atenção";"Colisão lateral";"Com Vítimas Feridas";"Plena noite";"Crescente";"Nublado";"Múltipla";"Reta";"Urbano";2;0;1;0;0;1;1;2
83475719;"22/06/16";"Quarta";"09:45:00";"BA";116;"547";"MILAGRES";"Desobediência à sinalização";"Colisão Transversal";"Com Vítimas Feridas";"Pleno dia";"Crescente";"Ceu Claro";"Simples";"Reta";"Urbano";2;0;1;0;1;0;1;2
83475720;"23/06/16";"Quinta";"02:00:00";"SC";282;"385";"JOACABA";"Falta de atenção";"Queda de motocicleta / bicicleta / veículo";"Com Vítimas Feridas";"Plena noite";"Decrescente";"Nevoeiro/neblina";"Simples";"Curva";"Rural";1;0;1;0;0;0;1;1
83475721;"22/06/16";"Quarta";"07:45:00";"MA";10;"256";"IMPERATRIZ";"Animais na Pista";"Atropelamento de animal";"Com Vítimas Feridas";"Pleno dia";"Crescente";"Ceu Claro";"Simples";"Reta";"Urbano";1;0;0;1;0;0;1;1
83475722;"19/06/16";"Domingo";"22:20:00";"GO";60;"24,5";"ALEXANIA";"Falta de atenção";"Queda de motocicleta / bicicleta / veículo";"Com Vítimas Feridas";"Plena noite";"Crescente";"Ceu Claro";"Dupla";"Reta";"Rural";1;0;1;0;0;0;1;1
83475723;"23/06/16";"Quinta";"03:40:00";"RN";101;"95,9";"NATAL";"Outras";"Colisão com objeto fixo";"Ignorado";"Plena noite";"Decrescente";"Chuva";"Dupla";"Reta";"Urbano";1;0;0;0;0;1;0;1
83475724;"22/06/16";"Quarta";"07:05:00";"DF";60;"5";"BRASILIA";"Outras";"Colisão traseira";"Com Vítimas Feridas";"Pleno dia";"Crescente";"Ceu Claro";"Dupla";"Reta";"Urbano";3;0;0;1;1;1;1;3
83475725;"22/06/16";"Quarta";"18:30:00";"BA";101;"169";"FEIRA DE SANTANA";"Outras";"Colisão traseira";"Com Vítimas Feridas";"Anoitecer";"Crescente";"Ceu Claro";"Simples";"Reta";"Urbano";4;0;2;0;2;0;2;4
83475726;"23/06/16";"Quinta";"04:30:00";"SP";116;"347";"MIRACATU";"Dormindo";"Colisão com objeto fixo";"Sem Vítimas";"Plena noite";"Decrescente";"Nublado";"Dupla";"Reta";"Rural";1;0;0;0;1;0;0;1
83475727;"22/06/16";"Quarta";"15:05:00";"MA";10;"236";"GOVERNADOR EDISON LOBAO";"Não guardar distância de segurança";"Colisão traseira";"Com Vítimas Feridas";"Pleno dia";"Crescente";"Ceu Claro";"Simples";"Reta";"Urbano";3;0;2;0;1;0;2;2
83475728;"22/06/16";"Quarta";"08:55:00";"SP";153;"58,9";"SAO JOSE DO RIO PRETO";"Falta de atenção";"Colisão Transversal";"Com Vítimas Feridas";"Pleno dia";"Crescente";"Sol";"Simples";"Reta";"Urbano";2;0;1;0;1;0;1;2
83475729;"22/06/16";"Quarta";"19:40:00";"DF";20;"7";"BRASILIA";"Ingestão de álcool";"Atropelamento de pessoa";"Com Vítimas Feridas";"Plena noite";"Crescente";"Ceu Claro";"Simples";"Reta";"Urbano";2;0;0;1;1;0;1;1
83475730;"23/06/16";"Quinta";"04:00:00";"SC";282;"579,5";"PINHALZINHO";"Falta de atenção";"Colisão com objeto fixo";"Sem Vítimas";"Plena noite";"Crescente";"Nevoeiro/neblina";"Simples";"Cruzamento";"Urbano";2;0;0;0;2;0;0;2
83475731;"19/06/16";"Domingo";"03:00:00";"MG";116;"373";"FREI INOCENCIO";"Outras";"Atropelamento de pessoa";"Com Vítimas Feridas";"Plena noite";"Crescente";"Nevoeiro/neblina";"Simples";"Reta";"Urbano";4;0;2;2;0;0;4;1
83475732;"14/06/16";"Terça";"18:10:00";"PB";101;"58,5";"SANTA RITA";"Velocidade incompatível";"Colisão traseira";"Sem Vítimas";"Anoitecer";"Crescente";"Nublado";"Dupla";"Reta";"Rural";2;0;0;0;2;0;0;2
83475734;"22/06/16";"Quarta";"08:40:00";"AL";101;"46,2";"FLEXEIRAS";"Não guardar distância de segurança";"Colisão traseira";"Sem Vítimas";"Pleno dia";"Decrescente";"Ceu Claro";"Simples";"Reta";"Urbano";2;0;0;0;1;1;0;2
83475735;"23/06/16";"Quinta";"00:15:00";"MG";153;"44,5";"MONTE ALEGRE DE MINAS";"Dormindo";"Colisão traseira";"Com Vítimas Feridas";"Plena noite";"Decrescente";"Ceu Claro";"Dupla";"Reta";"Rural";3;0;1;1;1;0;2;3
83475736;"23/06/16";"Quinta";"02:40:00";"MG";40;"793,1";"JUIZ DE FORA";"Velocidade incompatível";"Saída de Pista";"Com Vítimas Feridas";"Plena noite";"Crescente";"Nublado";"Dupla";"Curva";"Rural";2;0;1;1;0;0;2;1
83475737;"22/06/16";"Quarta";"16:30:00";"BA";116;"826,3";"VITORIA DA CONQUISTA";"Falta de atenção";"Colisão lateral";"Com Vítimas Feridas";"Pleno dia";"Decrescente";"Nublado";"Múltipla";"Reta";"Urbano";2;0;1;0;1;0;1;2
83475738;"22/06/16";"Quarta";"20:45:00";"PI";343;"202,3";"PIRIPIRI";"Ultrapassagem indevida";"Colisão frontal";"Com Vítimas Fatais";"Plena noite";"Crescente";"Nublado";"Simples";"Reta";"Rural";5;1;3;0;0;1;3;3
83475739;"23/06/16";"Quinta";"05:20:00";"PR";376;"629";"SAO JOSE DOS PINHAIS";"Falta de atenção";"Saída de Pista";"Com Vítimas Feridas";"Plena noite";"Decrescente";"Nevoeiro/neblina";"Dupla";"Reta";"Urbano";1;0;1;0;0;0;1;1
83475740;"22/06/16";"Quarta";"21:40:00";"SP";116;"450,1";"REGISTRO";"Defeito mecânico em veículo";"Colisão com objeto fixo";"Sem Vítimas";"Plena noite";"Crescente";"Chuva";"Dupla";"Reta";"Urbano";3;0;0;0;3;0;0;3
83475741;"23/06/16";"Quinta";"03:30:00";"MG";381;"717,3";"CARMO DA CACHOEIRA";"Velocidade incompatível";"Capotamento";"Com Vítimas Feridas";"Plena noite";"Decrescente";"Nublado";"Dupla";"Curva";"Rural";4;0;2;0;2;0;2;1
83475742;"18/06/16";"Sábado";"06:30:00";"SC";282;"508,7";"XANXERE";"Defeito na via";"Saída de Pista";"Sem Vítimas";"Plena noite";"Crescente";"Nevoeiro/neblina";"Simples";"Curva";"Rural";1;0;0;0;1;0;0;1
83475743;"22/06/16";"Quarta";"17:00:00";"SP";153;"62,7";"SAO JOSE DO RIO PRETO";"Falta de atenção";"Colisão traseira";"Com Vítimas Feridas";"Pleno dia";"Crescente";"Nublado";"Dupla";"Reta";"Urbano";5;0;0;1;4;0;1;5
83475744;"18/06/16";"Sábado";"08:25:00";"GO";20;"182";"SIMOLANDIA";"Desobediência à sinalização";"Capotamento";"Com Vítimas Feridas";"Pleno dia";"Crescente";"Ceu Claro";"Simples";"Reta";"Urbano";2;0;1;0;0;1;1;1
83475745;"22/06/16";"Quarta";"13:00:00";"MG";381;"525,5";"BRUMADINHO";"Velocidade incompatível";"Colisão com objeto fixo";"Sem Vítimas";"Pleno dia";"Crescente";"Sol";"Dupla";"Curva";"Rural";1;0;0;0;1;0;0;1
83475746;"17/06/16";"Sexta";"10:40:00";"SC";101;"186";"BIGUACU";"Outras";"Saída de Pista";"Sem Vítimas";"Pleno dia";"Crescente";"Chuva";"Dupla";"Curva";"Urbano";1;0;0;0;1;0;0;1
83475747;"22/06/16";"Quarta";"18:15:00";"RJ";116;"165,5";"RIO DE JANEIRO";"Não guardar distância de segurança";"Colisão lateral";"Com Vítimas Feridas";"Plena noite";"Crescente";"Ceu Claro";"Múltipla";"Reta";"Urbano";2;0;1;0;1;0;1;2
83475749;"22/06/16";"Quarta";"19:15:00";"PR";158;"3,9";"CAMPO MOURAO";"Não guardar distância de segurança";"Colisão traseira";"Sem Vítimas";"Plena noite";"Decrescente";"Ceu Claro";"Simples";"Reta";"Urbano";2;0;0;0;2;0;0;2
83475751;"22/06/16";"Quarta";"23:05:00";"BA";242;"154";"RAFAEL JAMBEIRO";"Falta de atenção";"Colisão lateral";"Com Vítimas Feridas";"Plena noite";"Crescente";"Ceu Claro";"Simples";"Reta";"Rural";2;0;1;0;1;0;1;2
83475752;"23/06/16";"Quinta";"00:40:00";"TO";153;"584";"SANTA RITA DO TOCANTINS";"Outras";"Incêndio";"Sem Vítimas";"Plena noite";"Decrescente";"Ceu Claro";"Simples";"Reta";"Rural";1;0;0;0;1;0;0;1
83475754;"22/06/16";"Quarta";"17:00:00";"MT";158;"429";"RIBEIRAO CASCALHEIRA";"Falta de atenção";"Saída de Pista";"Sem Vítimas";"Pleno dia";"Crescente";"Sol";"Simples";"Reta";"Rural";1;0;0;0;1;0;0;1
83475755;"07/06/16";"Terça";"17:50:00";"ES";259;"59,2";"COLATINA";"Falta de atenção";"Colisão Transversal";"Com Vítimas Feridas";"Plena noite";"Crescente";"Ceu Claro";"Simples";"Reta";"Rural";2;0;1;0;1;0;1;2
83475756;"15/06/16";"Quarta";"18:00:00";"GO";40;"8";"LUZIANIA";"Ingestão de álcool";"Colisão lateral";"Com Vítimas Feridas";"Anoitecer";"Decrescente";"Ceu Claro";"Dupla";"Reta";"Urbano";5;0;3;1;1;0;4;3
83475758;"17/06/16";"Sexta";"12:22:00";"SC";282;"2,3";"FLORIANOPOLIS";"Outras";"Tombamento";"Com Vítimas Feridas";"Pleno dia";"Decrescente";"Nublado";"Dupla";"Reta";"Urbano";2;0;1;0;1;0;1;2
83475759;"22/06/16";"Quarta";"14:00:00";"DF";40;"2";"BRASILIA";"Outras";"Colisão lateral";"Com Vítimas Feridas";"Pleno dia";"Crescente";"Ceu Claro";"Dupla";"Reta";"Urbano";2;0;1;0;0;1;1;2
83475761;"16/06/16";"Quinta";"06:20:00";"RJ";101;"245";"SILVA JARDIM";"Outras";"Atropelamento de pessoa";"Com Vítimas Feridas";"Pleno dia";"Crescente";"Ceu Claro";"Dupla";"Reta";"Rural";2;0;0;1;1;0;1;1
83475762;"11/06/16";"Sábado";"12:30:00";"ES";101;"270";"SERRA";"Outras";"Colisão com objeto fixo";"Sem Vítimas";"Pleno dia";"Decrescente";"Ceu Claro";"Múltipla";"Reta";"Urbano";1;0;0;0;1;0;0;1
83475763;"23/06/16";"Quinta";"06:45:00";"RS";116;"143,9";"CAXIAS DO SUL";"Falta de atenção";"Atropelamento de pessoa";"Com Vítimas Feridas";"Amanhecer";"Crescente";"Nublado";"Dupla";"Curva";"Urbano";2;0;1;0;1;0;1;1
83475764;"19/06/16";"Domingo";"03:30:00";"SP";116;"53,7";"LORENA";"Outras";"Colisão com objeto fixo";"Ignorado";"Plena noite";"Crescente";"Nublado";"Dupla";"Reta";"Rural";1;0;0;0;0;1;0;1
83475765;"23/06/16";"Quinta";"02:40:00";"SP";116;"275";"TABOAO DA SERRA";"Falta de atenção";"Capotamento";"Com Vítimas Feridas";"Plena noite";"Crescente";"Nevoeiro/neblina";"Dupla";"Reta";"Urbano";1;0;1;0;0;0;1;1
83475766;"18/06/16";"Sábado";"15:10:00";"PR";369;"131,5";"IBIPORA";"Defeito mecânico em veículo";"Queda de motocicleta / bicicleta / veículo";"Com Vítimas Feridas";"Pleno dia";"Decrescente";"Ceu Claro";"Dupla";"Reta";"Rural";2;0;2;0;0;0;2;1
83475768;"20/06/16";"Segunda";"18:35:00";"MG";365;"407,5";"PATOS DE MINAS";"Falta de atenção";"Colisão frontal";"Com Vítimas Feridas";"Anoitecer";"Decrescente";"Ceu Claro";"Simples";"Curva";"Rural";2;0;1;0;1;0;1;2
83475769;"19/06/16";"Domingo";"07:30:00";"MG";251;"328,6";"SALINAS";"Velocidade incompatível";"Tombamento";"Com Vítimas Feridas";"Pleno dia";"Decrescente";"Ceu Claro";"Simples";"Curva";"Rural";3;0;2;0;1;0;2;3
83475770;"19/06/16";"Domingo";"06:30:00";"SC";282;"180,8";"BOCAINA DO SUL";"Velocidade incompatível";"Saída de Pista";"Sem Vítimas";"Amanhecer";"Decrescente";"Nublado";"Simples";"Cruzamento";"Urbano";1;0;0;0;1;0;0;1
83475771;"15/06/16";"Quarta";"08:00:00";"RJ";40;"114";"DUQUE DE CAXIAS";"Falta de atenção";"Queda de motocicleta / bicicleta / veículo";"Com Vítimas Feridas";"Pleno dia";"Crescente";"Sol";"Múltipla";"Reta";"Urbano";2;0;2;0;0;0;2;1
83475772;"20/06/16";"Segunda";"19:00:00";"DF";60;"4,7";"BRASILIA";"Outras";"Atropelamento de animal";"Com Vítimas Feridas";"Plena noite";"Crescente";"Ceu Claro";"Dupla";"Reta";"Urbano";2;0;2;0;0;0;2;1
83475773;"23/06/16";"Quinta";"06:50:00";"PB";101;"122,8";"CAAPORA";"Velocidade incompatível";"Saída de Pista";"Com Vítimas Feridas";"Pleno dia";"Crescente";"Chuva";"Dupla";"Reta";"Urbano";1;0;1;0;0;0;1;1
83475774;"16/06/16";"Quinta";"17:07:00";"TO";153;"148";"ARAGUAINA";"Falta de atenção";"Colisão Transversal";"Com Vítimas Feridas";"Pleno dia";"Crescente";"Sol";"Simples";"Reta";"Rural";2;0;0;1;1;0;1;2
83475775;"19/06/16";"Domingo";"16:00:00";"RJ";101;"407";"ITAGUAI";"Falta de atenção";"Colisão traseira";"Com Vítimas Feridas";"Pleno dia";"Decrescente";"Nublado";"Dupla";"Reta";"Urbano";3;0;3;0;0;0;3;2
83475776;"23/06/16";"Quinta";"00:00:00";"MT";163;"624";"NOVA MUTUM";"Outras";"Colisão traseira";"Com Vítimas Feridas";"Plena noite";"Crescente";"Ceu Claro";"Simples";"Reta";"Rural";4;0;1;0;3;0;1;2
83475777;"19/06/16";"Domingo";"15:30:00";"MG";40;"469";"SETE LAGOAS";"Ingestão de álcool";"Colisão traseira";"Com Vítimas Feridas";"Pleno dia";"Crescente";"Ceu Claro";"Dupla";"Reta";"Rural";4;0;2;0;2;0;2;2
83475778;"12/06/16";"Domingo";"04:00:00";"GO";40;"9,8";"LUZIANIA";"Ingestão de álcool";"Colisão traseira";"Sem Vítimas";"Plena noite";"Crescente";"Ceu Claro";"Dupla";"Reta";"Urbano";2;0;0;0;2;0;0;2
83475779;"11/06/16";"Sábado";"13:20:00";"ES";101;"270";"SERRA";"Não guardar distância de segurança";"Queda de motocicleta / bicicleta / veículo";"Com Vítimas Feridas";"Pleno dia";"Crescente";"Ceu Claro";"Múltipla";"Reta";"Urbano";1;0;1;0;0;0;1;1
83475780;"15/06/16";"Quarta";"22:30:00";"RS";153;"370,3";"CACHOEIRA DO SUL";"Defeito mecânico em veículo";"Saída de Pista";"Com Vítimas Fatais";"Plena noite";"Crescente";"Ceu Claro";"Simples";"Reta";"Rural";2;1;0;1;0;0;1;1
83475781;"19/06/16";"Domingo";"21:20:00";"PB";412;"64,1";"SAO JOAO DO CARIRI";"Animais na Pista";"Atropelamento de animal";"Sem Vítimas";"Plena noite";"Decrescente";"Ceu Claro";"Simples";"Reta";"Rural";3;0;0;0;3;0;0;1
83475782;"23/06/16";"Quinta";"07:39:00";"PR";277;"110";"CAMPO LARGO";"Outras";"Colisão lateral";"Com Vítimas Feridas";"Pleno dia";"Crescente";"Nublado";"Dupla";"Reta";"Urbano";2;0;1;0;0;1;1;2
83475783;"19/06/16";"Domingo";"06:00:00";"DF";60;"6,8";"BRASILIA";"Outras";"Colisão Transversal";"Com Vítimas Fatais";"Amanhecer";"Crescente";"Ceu Claro";"Dupla";"Reta";"Urbano";2;1;0;0;1;0;0;2
83475784;"20/06/16";"Segunda";"07:15:00";"ES";101;"67";"SAO MATEUS";"Falta de atenção";"Colisão traseira";"Com Vítimas Feridas";"Pleno dia";"Crescente";"Sol";"Simples";"Reta";"Urbano";2;0;1;0;1;0;1;2
83475785;"15/06/16";"Quarta";"10:30:00";"ES";101;"275";"SERRA";"Defeito mecânico em veículo";"Incêndio";"Sem Vítimas";"Pleno dia";"Decrescente";"Ceu Claro";"Dupla";"Reta";"Rural";1;0;0;0;1;0;0;1
83475786;"21/06/16";"Terça";"08:50:00";"SP";153;"62,2";"SAO JOSE DO RIO PRETO";"Falta de atenção";"Colisão traseira";"Sem Vítimas";"Pleno dia";"Crescente";"Ceu Claro";"Dupla";"Reta";"Urbano";3;0;0;0;3;0;0;2
83475787;"19/06/16";"Domingo";"20:55:00";"RJ";393;"282";"VOLTA REDONDA";"Ingestão de álcool";"Colisão traseira";"Sem Vítimas";"Plena noite";"Decrescente";"Ceu Claro";"Simples";"Reta";"Urbano";2;0;0;0;2;0;0;2
83475788;"18/06/16";"Sábado";"22:55:00";"PR";369;"147";"LONDRINA";"Desobediência à sinalização";"Colisão lateral";"Com Vítimas Feridas";"Pleno dia";"Decrescente";"Ceu Claro";"Dupla";"Cruzamento";"Urbano";4;0;1;3;0;0;4;2
83475789;"23/06/16";"Quinta";"08:15:00";"TO";153;"687";"CARIRI DO TOCANTINS";"Defeito mecânico em veículo";"Saída de Pista";"Com Vítimas Feridas";"Pleno dia";"Crescente";"Ceu Claro";"Simples";"Reta";"Rural";3;0;3;0;0;0;3;1
83475790;"17/06/16";"Sexta";"12:45:00";"PR";277;"115";"CAMPO LARGO";"Falta de atenção";"Colisão Transversal";"Com Vítimas Feridas";"Pleno dia";"Decrescente";"Nublado";"Dupla";"Reta";"Urbano";4;0;1;0;3;0;1;2
83475791;"19/06/16";"Domingo";"21:00:00";"SP";116;"216,3";"GUARULHOS";"Ingestão de álcool";"Capotamento";"Com Vítimas Feridas";"Plena noite";"Crescente";"Nublado";"Múltipla";"Reta";"Urbano";1;0;1;0;0;0;1;1
83475792;"23/06/16";"Quinta";"07:30:00";"MS";163;"262,9";"DOURADOS";"Falta de atenção";"Colisão lateral";"Com Vítimas Feridas";"Pleno dia";"Crescente";"Sol";"Dupla";"Cruzamento";"Urbano";2;0;1;0;1;0;1;2
83475793;"23/06/16";"Quinta";"09:15:00";"PB";230;"184,4";"POCINHOS";"Desobediência à sinalização";"Colisão traseira";"Sem Vítimas";"Pleno dia";"Crescente";"Nublado";"Simples";"Reta";"Rural";3;0;0;0;3;0;0;3
83475794;"20/06/16";"Segunda";"06:30:00";"GO";153;"659,1";"GOIATUBA";"Outras";"Saída de Pista";"Com Vítimas Feridas";"Amanhecer";"Decrescente";"Ceu Claro";"Dupla";"Reta";"Rural";1;0;0;1;0;0;1;1