"id";"data_inversa";"dia_semana";"horario";"uf";"br";"km";"municipio";"causa_acidente";"tipo_acidente";"classificacao_acidente";"fase_dia";"sentido_via";"condicao_metereologica";"tipo_pista";"tracado_via";"uso_solo";"pessoas";"mortos";"feridos_leves";"feridos_graves";"ilesos";"ignorados";"feridos";"veiculos"
83475795;"19/06/16";"Domingo";"04:50:00";"PR";277;"529";"GUARANIACU";"Ingestão de álcool";"Colisão frontal";"Com Vítimas Fatais";"Plena noite";"Crescente";"Nevoeiro/neblina";"Simples";"Curva";"Rural";6;5;0;0;1;0;0;2
83475796;"23/06/16";"Quinta";"06:50:00";"MS";267;"68,7";"BATAGUASSU";"Outras";"Colisão lateral";"Sem Vítimas";"Pleno dia";"Decrescente";"Ceu Claro";"Múltipla";"Reta";"Rural";2;0;0;0;2;0;0;2
83475797;"23/06/16";"Quinta";"09:00:00";"PR";116;"106";"SAO JOSE DOS PINHAIS";"Velocidade incompatível";"Colisão lateral";"Sem Vítimas";"Pleno dia";"Crescente";"Nublado";"Dupla";"Reta";"Rural";2;0;0;0;2;0;0;2
83475798;"19/06/16";"Domingo";"23:45:00";"MG";262;"366,9";"JUATUBA";"Dormindo";"Capotamento";"Com Vítimas Feridas";"Plena noite";"Crescente";"Ceu Claro";"Dupla";"Reta";"Rural";2;0;2;0;0;0;2;1
83475799;"12/06/16";"Domingo";"01:30:00";"MG";251;"276";"SALINAS";"Outras";"Saída de Pista";"Com Vítimas Feridas";"Plena noite";"Decrescente";"Chuva";"Simples";"Reta";"Rural";3;0;2;1;0;0;3;1
83475800;"19/06/16";"Domingo";"17:40:00";"PB";230;"26,3";"JOAO PESSOA";"Velocidade incompatível";"Colisão traseira";"Sem Vítimas";"Plena noite";"Decrescente";"Chuva";"Dupla";"Reta";"Urbano";3;0;0;0;2;1;0;3
83475801;"20/06/16";"Segunda";"07:40:00";"MT";163;"509";"DIAMANTINO";"Outras";"Saída de Pista";"Com Vítimas Feridas";"Pleno dia";"Crescente";"Nevoeiro/neblina";"Simples";"Reta";"Rural";1;0;1;0;0;0;1;1
83475802;"23/06/16";"Quinta";"00:10:00";"BA";135;"195";"SAO DESIDERIO";"Velocidade incompatível";"Capotamento";"Com Vítimas Feridas";"Plena noite";"Decrescente";"Ignorada";"Simples";"Curva";"Rural";1;0;1;0;0;0;1;1
83475803;"23/06/16";"Quinta";"10:05:00";"PR";376;"663";"GUARATUBA";"Defeito mecânico em veículo";"Incêndio";"Sem Vítimas";"Pleno dia";"Decrescente";"Ceu Claro";"Dupla";"Reta";"Rural";2;0;0;0;2;0;0;1
83475804;"17/06/16";"Sexta";"20:00:00";"MG";116;"665,9";"MIRADOURO";"Outras";"Saída de Pista";"Com Vítimas Feridas";"Plena noite";"Decrescente";"Nublado";"Simples";"Curva";"Urbano";2;0;1;0;1;0;1;1
83475805;"20/06/16";"Segunda";"04:50:00";"ES";262;"6,4";"CARIACICA";"Desobediência à sinalização";"Colisão lateral";"Com Vítimas Feridas";"Amanhecer";"Crescente";"Ceu Claro";"Múltipla";"Reta";"Urbano";2;0;1;0;1;0;1;2
83475806;"23/06/16";"Quinta";"06:40:00";"SP";116;"362,8";"MIRACATU";"Velocidade incompatível";"Tombamento";"Sem Vítimas";"Amanhecer";"Crescente";"Nublado";"Dupla";"Curva";"Rural";1;0;0;0;1;0;0;1
83475807;"20/06/16";"Segunda";"06:40:00";"MG";381;"356";"JOAO MONLEVADE";"Ultrapassagem indevida";"Colisão frontal";"Com Vítimas Fatais";"Amanhecer";"Crescente";"Ceu Claro";"Simples";"Curva";"Urbano";9;1;3;1;4;0;4;2
83475808;"11/06/16";"Sábado";"19:20:00";"RJ";493;"10";"GUAPIMIRIM";"Falta de atenção";"Colisão frontal";"Com Vítimas Fatais";"Plena noite";"Crescente";"Ceu Claro";"Simples";"Reta";"Urbano";2;1;0;1;0;0;1;2
83475809;"18/06/16";"Sábado";"11:20:00";"MG";365;"683";"MONTE ALEGRE DE MINAS";"Falta de atenção";"Capotamento";"Com Vítimas Feridas";"Pleno dia";"Decrescente";"Ceu Claro";"Dupla";"Reta";"Rural";2;0;1;1;0;0;2;1
83475810;"21/06/16";"Terça";"13:00:00";"MS";163;"447";"CAMPO GRANDE";"Outras";"Capotamento";"Sem Vítimas";"Pleno dia";"Crescente";"Nublado";"Simples";"Reta";"Rural";1;0;0;0;1;0;0;1
83475811;"19/06/16";"Domingo";"21:10:00";"RJ";393;"284";"VOLTA REDONDA";"Ingestão de álcool";"Colisão traseira";"Sem Vítimas";"Plena noite";"Decrescente";"Ceu Claro";"Simples";"Reta";"Urbano";2;0;0;0;1;1;0;2
83475812;"23/06/16";"Quinta";"12:15:00";"RS";287;"237,2";"SANTA MARIA";"Falta de atenção";"Colisão traseira";"Sem Vítimas";"Pleno dia";"Crescente";"Ceu Claro";"Múltipla";"Cruzamento";"Urbano";4;0;0;0;4;0;0;2
83475813;"16/06/16";"Quinta";"00:00:00";"RJ";116;"276";"BARRA MANSA";"Outras";"Colisão traseira";"Com Vítimas Feridas";"Pleno dia";"Decrescente";"Nublado";"Dupla";"Reta";"Rural";2;0;0;1;1;0;1;2
83475814;"23/06/16";"Quinta";"08:15:00";"MG";381;"873,9";"ESTIVA";"Velocidade incompatível";"Tombamento";"Com Vítimas Feridas";"Pleno dia";"Crescente";"Ceu Claro";"Dupla";"Curva";"Rural";1;0;1;0;0;0;1;1
83475815;"23/06/16";"Quinta";"08:50:00";"RN";101;"117";"SAO JOSE DE MIPIBU";"Velocidade incompatível";"Colisão traseira";"Com Vítimas Feridas";"Pleno dia";"Decrescente";"Chuva";"Múltipla";"Cruzamento";"Rural";3;0;1;0;2;0;1;3
83475816;"19/06/16";"Domingo";"22:05:00";"MG";40;"524";"CONTAGEM";"Outras";"Atropelamento de pessoa";"Com Vítimas Fatais";"Plena noite";"Crescente";"Ceu Claro";"Dupla";"Curva";"Urbano";2;1;0;0;1;0;0;1
83475817;"23/06/16";"Quinta";"10:15:00";"GO";50;"256";"CATALAO";"Defeito mecânico em veículo";"Queda de motocicleta / bicicleta / veículo";"Com Vítimas Feridas";"Pleno dia";"Decrescente";"Ceu Claro";"Simples";"Reta";"Rural";2;0;1;0;1;0;1;1
83475818;"23/06/16";"Quinta";"10:20:00";"RS";377;"69,3";"CRUZ ALTA";"Falta de atenção";"Saída de Pista";"Sem Vítimas";"Pleno dia";"Crescente";"Nevoeiro/neblina";"Simples";"Curva";"Rural";1;0;0;0;1;0;0;1
83475819;"15/06/16";"Quarta";"07:30:00";"ES";259;"54";"COLATINA";"Não guardar distância de segurança";"Colisão traseira";"Com Vítimas Feridas";"Pleno dia";"Decrescente";"Ceu Claro";"Simples";"Curva";"Rural";2;0;1;0;1;0;1;2
83475821;"15/06/16";"Quarta";"18:30:00";"RN";110;"45,9";"MOSSORO";"Desobediência à sinalização";"Colisão Transversal";"Com Vítimas Feridas";"Anoitecer";"Crescente";"Ceu Claro";"Simples";"Cruzamento";"Urbano";3;0;1;0;1;1;1;2
83475822;"20/06/16";"Segunda";"18:12:00";"AM";174;"899";"MANAUS";"Ingestão de álcool";"Colisão traseira";"Com Vítimas Feridas";"Anoitecer";"Decrescente";"Ceu Claro";"Simples";"Reta";"Rural";4;0;4;0;0;0;4;2
83475823;"18/06/16";"Sábado";"18:45:00";"MG";381;"884,5";"ESTIVA";"Outras";"Colisão Transversal";"Sem Vítimas";"Plena noite";"Decrescente";"Ceu Claro";"Dupla";"Reta";"Rural";2;0;0;0;2;0;0;2
83475824;"11/06/16";"Sábado";"12:20:00";"ES";101;"232";"FUNDAO";"Falta de atenção";"Colisão Transversal";"Com Vítimas Feridas";"Pleno dia";"Crescente";"Ceu Claro";"Dupla";"Reta";"Urbano";2;0;0;1;0;1;1;2
83475825;"23/06/16";"Quinta";"07:30:00";"MS";267;"528,3";"BELA VISTA";"Não guardar distância de segurança";"Saída de Pista";"Sem Vítimas";"Pleno dia";"Crescente";"Ceu Claro";"Simples";"Reta";"Rural";1;0;0;0;1;0;0;1
83475826;"23/06/16";"Quinta";"08:00:00";"MG";116;"415";"GOVERNADOR VALADARES";"Falta de atenção";"Colisão com bicicleta";"Com Vítimas Feridas";"Pleno dia";"Decrescente";"Ceu Claro";"Múltipla";"Cruzamento";"Urbano";2;0;2;0;0;0;2;2
83475827;"23/06/16";"Quinta";"11:30:00";"SP";116;"115,8";"TAUBATE";"Outras";"Colisão lateral";"Sem Vítimas";"Pleno dia";"Decrescente";"Sol";"Dupla";"Reta";"Rural";2;0;0;0;2;0;0;2
83475828;"23/06/16";"Quinta";"08:40:00";"MG";116;"416,7";"GOVERNADOR VALADARES";"Falta de atenção";"Colisão Transversal";"Sem Vítimas";"Pleno dia";"Decrescente";"Sol";"Simples";"Reta";"Urbano";2;0;0;0;1;1;0;2
83475829;"19/06/16";"Domingo";"17:10:00";"SP";116;"145";"SAO JOSE DOS CAMPOS";"Falta de atenção";"Colisão traseira";"Sem Vítimas";"Plena noite";"Crescente";"Ceu Claro";"Dupla";"Reta";"Rural";2;0;0;0;2;0;0;2
83475830;"23/06/16";"Quinta";"12:30:00";"CE";222;"2,7";"SOBRAL";"Falta de atenção";"Colisão traseira";"Com Vítimas Feridas";"Pleno dia";"Decrescente";"Ceu Claro";"Dupla";"Reta";"Urbano";3;0;1;0;2;0;1;2
83475831;"19/06/16";"Domingo";"19:00:00";"RS";153;"404,9";"CACHOEIRA DO SUL";"Ultrapassagem indevida";"Colisão lateral";"Com Vítimas Feridas";"Plena noite";"Decrescente";"Ceu Claro";"Simples";"Reta";"Rural";2;0;1;1;0;0;2;2
83475832;"23/06/16";"Quinta";"10:00:00";"SP";381;"3,5";"VARGEM";"Falta de atenção";"Colisão com bicicleta";"Com Vítimas Feridas";"Pleno dia";"Crescente";"Sol";"Dupla";"Reta";"Urbano";2;0;1;0;1;0;1;2
83475833;"21/06/16";"Terça";"18:00:00";"MT";70;"182";"GENERAL CARNEIRO";"Outras";"Tombamento";"Sem Vítimas";"Anoitecer";"Decrescente";"Ceu Claro";"Simples";"Reta";"Rural";1;0;0;0;1;0;0;1
83475834;"23/06/16";"Quinta";"14:00:00";"PB";230;"134,7";"CAMPINA GRANDE";"Defeito mecânico em veículo";"Saída de Pista";"Sem Vítimas";"Pleno dia";"Crescente";"Ceu Claro";"Dupla";"Reta";"Rural";1;0;0;0;1;0;0;1
83475835;"07/06/16";"Terça";"12:30:00";"RN";304;"47";"MOSSORO";"Desobediência à sinalização";"Colisão Transversal";"Sem Vítimas";"Pleno dia";"Crescente";"Ceu Claro";"Dupla";"Reta";"Urbano";2;0;0;0;1;1;0;2
83475836;"23/06/16";"Quinta";"07:05:00";"MG";381;"794";"SAO GONCALO DO SAPUCAI";"Velocidade incompatível";"Capotamento";"Sem Vítimas";"Pleno dia";"Crescente";"Chuva";"Dupla";"Curva";"Rural";1;0;0;0;1;0;0;1
83475837;"23/06/16";"Quinta";"08:30:00";"SC";282;"442,6";"PONTE SERRADA";"Outras";"Saída de Pista";"Com Vítimas Feridas";"Pleno dia";"Crescente";"Nevoeiro/neblina";"Simples";"Curva";"Rural";1;0;1;0;0;0;1;1
83475838;"23/06/16";"Quinta";"11:50:00";"MG";50;"2,5";"ARAGUARI";"Defeito mecânico em veículo";"Colisão traseira";"Sem Vítimas";"Pleno dia";"Crescente";"Ceu Claro";"Dupla";"Reta";"Rural";2;0;0;0;2;0;0;2
83475840;"17/06/16";"Sexta";"13:00:00";"SP";116;"182";"SANTA ISABEL";"Outras";"Saída de Pista";"Sem Vítimas";"Pleno dia";"Decrescente";"Sol";"Dupla";"Reta";"Rural";1;0;0;0;1;0;0;1
83475841;"23/06/16";"Quinta";"12:30:00";"PR";153;"41,5";"SANTO ANTONIO DA PLATINA";"Outras";"Colisão frontal";"Com Vítimas Feridas";"Pleno dia";"Crescente";"Ceu Claro";"Simples";"Reta";"Urbano";2;0;2;0;0;0;2;2
83475842;"21/06/16";"Terça";"20:00:00";"DF";70;"3";"BRASILIA";"Ingestão de álcool";"Colisão traseira";"Com Vítimas Feridas";"Plena noite";"Crescente";"Ceu Claro";"Dupla";"Reta";"Urbano";5;0;2;0;2;1;2;2
83475843;"20/06/16";"Segunda";"04:00:00";"PE";232;"359,8";"FLORES";"Outras";"Saída de Pista";"Com Vítimas Fatais";"Plena noite";"Crescente";"Ceu Claro";"Simples";"Reta";"Rural";1;1;0;0;0;0;0;1
83475844;"23/06/16";"Quinta";"13:45:00";"RS";285;"453";"IJUI";"Defeito mecânico em veículo";"Tombamento";"Com Vítimas Feridas";"Pleno dia";"Crescente";"Sol";"Simples";"Reta";"Rural";2;0;1;1;0;0;2;1
83475845;"18/05/16";"Quarta";"13:50:00";"MG";365;"8";"MONTES CLAROS";"Falta de atenção";"Colisão traseira";"Com Vítimas Feridas";"Pleno dia";"Decrescente";"Chuva";"Simples";"Reta";"Rural";2;0;1;0;0;1;1;2
83475846;"31/05/16";"Terça";"06:40:00";"PR";158;"356";"MARQUINHO";"Velocidade incompatível";"Saída de Pista";"Com Vítimas Feridas";"Amanhecer";"Decrescente";"Chuva";"Simples";"Curva";"Rural";1;0;0;1;0;0;1;1
83475847;"23/06/16";"Quinta";"07:00:00";"PB";101;"80";"SANTA RITA";"Velocidade incompatível";"Capotamento";"Sem Vítimas";"Pleno dia";"Crescente";"Chuva";"Dupla";"Curva";"Urbano";1;0;0;0;1;0;0;1
83475848;"23/06/16";"Quinta";"13:20:00";"RJ";101;"262";"RIO BONITO";"Outras";"Derramamento de Carga";"Sem Vítimas";"Pleno dia";"Decrescente";"Nublado";"Dupla";"Curva";"Urbano";1;0;0;0;1;0;0;1
83475849;"20/06/16";"Segunda";"06:05:00";"RO";364;"411";"JARU";"Animais na Pista";"Atropelamento de animal";"Com Vítimas Feridas";"Amanhecer";"Crescente";"Ceu Claro";"Simples";"Reta";"Rural";1;0;1;0;0;0;1;1
83475851;"23/06/16";"Quinta";"13:45:00";"PI";343;"27,9";"PARNAIBA";"Ultrapassagem indevida";"Colisão lateral";"Com Vítimas Feridas";"Pleno dia";"Crescente";"Ceu Claro";"Simples";"Reta";"Rural";3;0;1;0;2;0;1;2
83475852;"20/06/16";"Segunda";"17:05:00";"MG";381;"733,9";"CARMO DA CACHOEIRA";"Falta de atenção";"Colisão Transversal";"Sem Vítimas";"Pleno dia";"Decrescente";"Ceu Claro";"Dupla";"Reta";"Rural";2;0;0;0;2;0;0;2
83475853;"23/06/16";"Quinta";"14:30:00";"MG";381;"679,9";"PERDOES";"Falta de atenção";"Colisão com objeto fixo";"Com Vítimas Feridas";"Pleno dia";"Crescente";"Sol";"Dupla";"Reta";"Rural";2;0;1;0;1;0;1;1
83475854;"16/06/16";"Quinta";"18:45:00";"AC";317;"240";"XAPURI";"Velocidade incompatível";"Saída de Pista";"Sem Vítimas";"Plena noite";"Decrescente";"Ceu Claro";"Simples";"Reta";"Rural";1;0;0;0;1;0;0;1
83475855;"22/06/16";"Quarta";"16:45:00";"MA";316;"444";"PERITORO";"Defeito mecânico em veículo";"Colisão frontal";"Sem Vítimas";"Pleno dia";"Crescente";"Ceu Claro";"Simples";"Reta";"Rural";2;0;0;0;2;0;0;2
83475856;"23/06/16";"Quinta";"13:40:00";"PE";101;"28,7";"IGARASSU";"Outras";"Capotamento";"Com Vítimas Feridas";"Pleno dia";"Crescente";"Nublado";"Múltipla";"Reta";"Rural";1;0;0;1;0;0;1;1
83475857;"22/06/16";"Quarta";"15:45:00";"AL";101;"149";"JEQUIA DA PRAIA";"Velocidade incompatível";"Tombamento";"Com Vítimas Feridas";"Pleno dia";"Crescente";"Ceu Claro";"Simples";"Curva";"Rural";1;0;1;0;0;0;1;1
83475859;"12/06/16";"Domingo";"16:00:00";"MG";381;"658,3";"SANTO ANTONIO DO AMPARO";"Falta de atenção";"Colisão traseira";"Sem Vítimas";"Pleno dia";"Crescente";"Ignorada";"Múltipla";"Reta";"Rural";3;0;0;0;3;0;0;3
83475860;"23/06/16";"Quinta";"09:20:00";"GO";153;"513,8";"APARECIDA DE GOIANIA";"Falta de atenção";"Colisão traseira";"Sem Vítimas";"Pleno dia";"Crescente";"Ceu Claro";"Dupla";"Reta";"Urbano";2;0;0;0;1;1;0;2
83475861;"23/06/16";"Quinta";"14:10:00";"MG";40;"670,5";"CARANDAI";"Defeito mecânico em veículo";"Incêndio";"Sem Vítimas";"Pleno dia";"Crescente";"Nublado";"Simples";"Curva";"Rural";1;0;0;0;1;0;0;1
83475862;"23/06/16";"Quinta";"10:45:00";"RR";174;"694,3";"PACARAIMA";"Velocidade incompatível";"Saída de Pista";"Com Vítimas Feridas";"Pleno dia";"Crescente";"Chuva";"Dupla";"Reta";"Rural";1;0;1;0;0;0;1;1
83475863;"15/06/16";"Quarta";"18:00:00";"BA";110;"170";"RIBEIRA DO POMBAL";"Outras";"Queda de motocicleta / bicicleta / veículo";"Com Vítimas Feridas";"Anoitecer";"Decrescente";"Chuva";"Simples";"Cruzamento";"Rural";2;0;1;0;1;0;1;1
83475864;"22/06/16";"Quarta";"06:00:00";"PR";277;"4";"PARANAGUA";"Não guardar distância de segurança";"Colisão traseira";"Com Vítimas Feridas";"Amanhecer";"Crescente";"Chuva";"Simples";"Reta";"Urbano";4;0;3;0;1;0;3;2
83475865;"23/06/16";"Quinta";"14:35:00";"SP";116;"447,8";"REGISTRO";"Outras";"Colisão lateral";"Com Vítimas Feridas";"Pleno dia";"Crescente";"Sol";"Dupla";"Reta";"Urbano";2;0;1;0;1;0;1;2
83475868;"23/06/16";"Quinta";"10:35:00";"MG";381;"705,5";"LAVRAS";"Outras";"Capotamento";"Com Vítimas Feridas";"Pleno dia";"Crescente";"Nublado";"Dupla";"Curva";"Rural";2;0;1;0;1;0;1;1
83475869;"20/06/16";"Segunda";"06:50:00";"RN";427;"94,9";"CAICO";"Falta de atenção";"Colisão Transversal";"Com Vítimas Feridas";"Pleno dia";"Decrescente";"Ceu Claro";"Simples";"Cruzamento";"Urbano";2;0;1;0;1;0;1;2
83475870;"23/06/16";"Quinta";"14:17:00";"RO";319;"62,8";"PORTO VELHO";"Falta de atenção";"Colisão traseira";"Com Vítimas Feridas";"Pleno dia";"Decrescente";"Ceu Claro";"Dupla";"Reta";"Urbano";2;0;1;0;1;0;1;2
83475871;"23/06/16";"Quinta";"16:00:00";"SP";116;"122,2";"CACAPAVA";"Não guardar distância de segurança";"Colisão traseira";"Com Vítimas Feridas";"Pleno dia";"Decrescente";"Ceu Claro";"Dupla";"Reta";"Urbano";4;0;1;0;3;0;1;3
83475872;"19/03/16";"Sábado";"14:20:00";"MG";50;"85";"UBERLANDIA";"Defeito mecânico em veículo";"Saída de Pista";"Com Vítimas Feridas";"Pleno dia";"Crescente";"Ceu Claro";"Dupla";"Reta";"Rural";2;0;2;0;0;0;2;1
83475873;"23/06/16";"Quinta";"15:50:00";"PR";376;"271";"MARILANDIA DO SUL";"Ultrapassagem indevida";"Saída de Pista";"Sem Vítimas";"Pleno dia";"Decrescente";"Ceu Claro";"Simples";"Reta";"Rural";1;0;0;0;1;0;0;1
83475874;"18/06/16";"Sábado";"01:50:00";"PR";376;"7";"MANDAGUARI";"Falta de atenção";"Colisão traseira";"Com Vítimas Feridas";"Plena noite";"Decrescente";"Ceu Claro";"Simples";"Reta";"Urbano";2;0;1;0;1;0;1;2
83475875;"23/06/16";"Quinta";"09:15:00";"MG";40;"632,5";"CONSELHEIRO LAFAIETE";"Desobediência à sinalização";"Colisão Transversal";"Com Vítimas Feridas";"Pleno dia";"Crescente";"Sol";"Simples";"Curva";"Urbano";2;0;0;2;0;0;2;2
83475876;"23/06/16";"Quinta";"14:35:00";"MG";381;"930,6";"ITAPEVA";"Velocidade incompatível";"Capotamento";"Sem Vítimas";"Pleno dia";"Crescente";"Ceu Claro";"Dupla";"Reta";"Urbano";1;0;0;0;1;0;0;1
83475878;"23/06/16";"Quinta";"12:55:00";"MS";163;"208,7";"CAARAPO";"Falta de atenção";"Colisão Transversal";"Com Vítimas Feridas";"Pleno dia";"Crescente";"Sol";"Simples";"Reta";"Urbano";2;0;1;0;1;0;1;2
83475879;"23/06/16";"Quinta";"14:45:00";"MG";381;"943,4";"EXTREMA";"Outras";"Colisão traseira";"Sem Vítimas";"Pleno dia";"Decrescente";"Ceu Claro";"Dupla";"Reta";"Urbano";3;0;0;0;3;0;0;3
83475880;"23/06/16";"Quinta";"12:50:00";"SC";101;"210,3";"SAO JOSE";"Falta de atenção";"Colisão Transversal";"Sem Vítimas";"Pleno dia";"Decrescente";"Sol";"Múltipla";"Cruzamento";"Urbano";3;0;0;0;3;0;0;2
83475881;"23/06/16";"Quinta";"14:50:00";"MT";364;"244";"JUSCIMEIRA";"Falta de atenção";"Colisão traseira";"Sem Vítimas";"Pleno dia";"Decrescente";"Sol";"Simples";"Reta";"Rural";2;0;0;0;2;0;0;2
83475882;"23/06/16";"Quinta";"14:00:00";"PI";343;"577,8";"FLORIANO";"Defeito mecânico em veículo";"Capotamento";"Sem Vítimas";"Pleno dia";"Crescente";"Ceu Claro";"Simples";"Reta";"Rural";2;0;0;0;2;0;0;1
83475883;"17/06/16";"Sexta";"08:00:00";"RS";285;"293,8";"PASSO FUNDO";"Não guardar distância de segurança";"Colisão traseira";"Sem Vítimas";"Pleno dia";"Decrescente";"Chuva";"Simples";"Cruzamento";"Urbano";4;0;0;0;4;0;0;3
83475884;"23/06/16";"Quinta";"17:30:00";"RS";285;"458";"IJUI";"Velocidade incompatível";"Colisão lateral";"Sem Vítimas";"Pleno dia";"Crescente";"Nublado";"Simples";"Cruzamento";"Urbano";2;0;0;0;2;0;0;2
83475885;"23/06/16";"Quinta";"11:30:00";"PE";101;"50,2";"ABREU E LIMA";"Falta de atenção";"Colisão Transversal";"Sem Vítimas";"Pleno dia";"Crescente";"Vento";"Simples";"Reta";"Urbano";3;0;0;0;3;0;0;2
83475886;"23/06/16";"Quinta";"07:30:00";"PR";277;"604";"SANTA TEREZA DO OESTE";"Falta de atenção";"Colisão traseira";"Sem Vítimas";"Amanhecer";"Crescente";"Nevoeiro/neblina";"Simples";"Reta";"Rural";3;0;0;0;3;0;0;3
83475887;"23/06/16";"Quinta";"14:45:00";"PB";230;"440,9";"APARECIDA";"Animais na Pista";"Colisão frontal";"Com Vítimas Feridas";"Pleno dia";"Decrescente";"Ceu Claro";"Simples";"Curva";"Rural";4;0;2;1;1;0;3;2
83475888;"23/06/16";"Quinta";"15:50:00";"MG";365;"612,7";"UBERLANDIA";"Defeito na via";"Queda de motocicleta / bicicleta / veículo";"Com Vítimas Feridas";"Pleno dia";"Decrescente";"Ceu Claro";"Simples";"Reta";"Urbano";2;0;2;0;0;0;2;1
83475889;"23/06/16";"Quinta";"15:55:00";"SP";116;"519,3";"CAJATI";"Não guardar distância de segurança";"Colisão traseira";"Sem Vítimas";"Pleno dia";"Decrescente";"Ceu Claro";"Dupla";"Reta";"Rural";2;0;0;0;2;0;0;2
83475890;"23/06/16";"Quinta";"14:40:00";"PA";230;"628";"ALTAMIRA";"Falta de atenção";"Colisão Transversal";"Com Vítimas Feridas";"Pleno dia";"Crescente";"Ceu Claro";"Simples";"Reta";"Urbano";2;0;0;1;1;0;1;2
83475891;"19/06/16";"Domingo";"17:30:00";"RR";174;"635";"PACARAIMA";"Ingestão de álcool";"Capotamento";"Com Vítimas Fatais";"Pleno dia";"Crescente";"Ceu Claro";"Simples";"Reta";"Rural";4;1;1;0;0;2;1;1
83475892;"21/06/16";"Terça";"14:00:00";"SP";116;"223,4";"GUARULHOS";"Falta de atenção";"Colisão traseira";"Com Vítimas Feridas";"Pleno dia";"Decrescente";"Ceu Claro";"Dupla";"Reta";"Urbano";2;0;0;1;1;0;1;2
83475893;"23/06/16";"Quinta";"17:30:00";"RJ";101;"257";"RIO BONITO";"Outras";"Colisão frontal";"Com Vítimas Feridas";"Anoitecer";"Decrescente";"Chuva";"Simples";"Reta";"Rural";3;0;2;0;1;0;2;2
83475894;"23/06/16";"Quinta";"16:40:00";"MG";267;"49,2";"MARIPA DE MINAS";"Ultrapassagem indevida";"Colisão lateral";"Com Vítimas Feridas";"Anoitecer";"Crescente";"Ceu Claro";"Simples";"Reta";"Rural";4;0;2;0;2;0;2;2
83475895;"23/06/16";"Quinta";"15:10:00";"BA";116;"845,5";"VITORIA DA CONQUISTA";"Ultrapassagem indevida";"Colisão lateral";"Com Vítimas Feridas";"Pleno dia";"Crescente";"Ceu Claro";"Simples";"Curva";"Rural";9;0;2;0;7;0;2;3
83475896;"23/06/16";"Quinta";"16:55:00";"AL";104;"90,8";"RIO LARGO";"Falta de atenção";"Colisão traseira";"Sem Vítimas";"Anoitecer";"Crescente";"Nublado";"Dupla";"Reta";"Urbano";2;0;0;0;2;0;0;2
83475897;"23/06/16";"Quinta";"18:40:00";"PR";277;"610";"SANTA TEREZA DO OESTE";"Outras";"Colisão Transversal";"Com Vítimas Feridas";"Plena noite";"Decrescente";"Nublado";"Simples";"Reta";"Urbano";2;0;1;0;1;0;1;2
83475898;"23/06/16";"Quinta";"17:50:00";"BA";116;"426";"FEIRA DE SANTANA";"Falta de atenção";"Colisão lateral";"Com Vítimas Feridas";"Anoitecer";"Crescente";"Ceu Claro";"Simples";"Reta";"Urbano";3;0;1;1;1;0;2;3
83475899;"23/06/16";"Quinta";"15:30:00";"PI";343;"2,1";"TERESINA";"Falta de atenção";"Colisão Transversal";"Com Vítimas Feridas";"Pleno dia";"Crescente";"Ceu Claro";"Dupla";"Reta";"Urbano";3;0;2;0;1;0;2;2
83475900;"11/06/16";"Sábado";"14:30:00";"ES";101;"283,1";"CARIACICA";"Outras";"Queda de motocicleta / bicicleta / veículo";"Com Vítimas Feridas";"Pleno dia";"Decrescente";"Nublado";"Dupla";"Reta";"Urbano";2;0;2;0;0;0;2;1
83475901;"23/06/16";"Quinta";"15:45:00";"BA";418;"88";"NOVA VICOSA";"Falta de atenção";"Colisão Transversal";"Com Vítimas Feridas";"Pleno dia";"Decrescente";"Ceu Claro";"Simples";"Reta";"Urbano";2;0;1;0;1;0;1;2
83475902;"22/06/16";"Quarta";"18:04:00";"GO";452;"193";"ITUMBIARA";"Não guardar distância de segurança";"Colisão Transversal";"Com Vítimas Fatais";"Anoitecer";"Crescente";"Ceu Claro";"Simples";"Reta";"Rural";3;1;0;0;2;0;0;3
83475903;"23/06/16";"Quinta";"08:40:00";"MA";316;"132";"NOVA OLINDA DO MARANHAO";"Falta de atenção";"Colisão traseira";"Com Vítimas Feridas";"Pleno dia";"Crescente";"Ceu Claro";"Simples";"Reta";"Rural";2;0;0;1;0;1;1;2
83475904;"23/06/16";"Quinta";"16:45:00";"PR";116;"6,8";"CAMPINA GRANDE DO SUL";"Desobediência à sinalização";"Colisão Transversal";"Com Vítimas Feridas";"Pleno dia";"Crescente";"Ceu Claro";"Múltipla";"Reta";"Urbano";2;0;1;0;1;0;1;2
83475905;"23/06/16";"Quinta";"16:40:00";"MG";381;"750,2";"TRES CORACOES";"Outras";"Tombamento";"Sem Vítimas";"Pleno dia";"Crescente";"Granizo";"Dupla";"Curva";"Rural";1;0;0;0;1;0;0;1
83475906;"23/06/16";"Quinta";"18:00:00";"SC";101;"214";"PALHOCA";"Ingestão de álcool";"Queda de motocicleta / bicicleta / veículo";"Com Vítimas Feridas";"Anoitecer";"Decrescente";"Nublado";"Dupla";"Reta";"Urbano";2;0;1;0;1;0;1;1
83475907;"23/06/16";"Quinta";"17:30:00";"ES";101;"278";"SERRA";"Não guardar distância de segurança";"Queda de motocicleta / bicicleta / veículo";"Com Vítimas Feridas";"Pleno dia";"Crescente";"Ceu Claro";"Múltipla";"Cruzamento";"Rural";1;0;1;0;0;0;1;1