"id";"data_inversa";"dia_semana";"horario";"uf";"br";"km";"municipio";"causa_acidente";"tipo_acidente";"classificacao_acidente";"fase_dia";"sentido_via";"condicao_metereologica";"tipo_pista";"tracado_via";"uso_solo";"pessoas";"mortos";"feridos_leves";"feridos_graves";"ilesos";"ignorados";"feridos";"veiculos"
83476018;"24/06/16";"Sexta";"00:30:00";"MA";10;"183,5";"CAMPESTRE DO MARANHAO";"Defeito mecânico em veículo";"Colisão traseira";"Com Vítimas Feridas";"Plena noite";"Decrescente";"Ceu Claro";"Simples";"Reta";"Rural";2;0;1;0;1;0;1;2
83476019;"24/06/16";"Sexta";"07:00:00";"RJ";101;"534";"PARATI";"Animais na Pista";"Atropelamento de animal";"Com Vítimas Feridas";"Amanhecer";"Crescente";"Nublado";"Simples";"Reta";"Rural";1;0;1;0;0;0;1;1
83476020;"23/06/16";"Quinta";"22:00:00";"BA";101;"244";"CONCEICAO DO ALMEIDA";"Não guardar distância de segurança";"Colisão traseira";"Sem Vítimas";"Plena noite";"Crescente";"Ceu Claro";"Simples";"Reta";"Rural";3;0;0;0;3;0;0;3
83476021;"21/06/16";"Terça";"06:20:00";"PR";277;"562";"CASCAVEL";"Outras";"Saída de Pista";"Com Vítimas Feridas";"Amanhecer";"Crescente";"Chuva";"Simples";"Reta";"Urbano";2;0;1;0;1;0;1;1
83476022;"24/06/16";"Sexta";"06:00:00";"PE";232;"419,9";"SERRA TALHADA";"Defeito mecânico em veículo";"Tombamento";"Sem Vítimas";"Pleno dia";"Decrescente";"Nublado";"Simples";"Reta";"Rural";1;0;0;0;1;0;0;1
83476023;"22/06/16";"Quarta";"09:35:00";"SE";101;"1";"PROPRIA";"Outras";"Colisão traseira";"Sem Vítimas";"Pleno dia";"Crescente";"Chuva";"Simples";"Reta";"Urbano";2;0;0;0;2;0;0;2
83476024;"21/06/16";"Terça";"21:30:00";"RJ";40;"109";"DUQUE DE CAXIAS";"Outras";"Colisão com objeto fixo";"Sem Vítimas";"Plena noite";"Decrescente";"Chuva";"Múltipla";"Curva";"Urbano";1;0;0;0;1;0;0;1
83476025;"22/06/16";"Quarta";"18:55:00";"ES";101;"200,8";"JOAO NEIVA";"Outras";"Atropelamento de pessoa";"Com Vítimas Feridas";"Plena noite";"Crescente";"Nublado";"Simples";"Reta";"Urbano";2;0;0;1;1;0;1;1
83476026;"20/05/16";"Sexta";"18:00:00";"PE";104;"111";"PANELAS";"Outras";"Colisão com objeto móvel";"Com Vítimas Feridas";"Plena noite";"Decrescente";"Chuva";"Simples";"Reta";"Rural";3;0;1;1;0;1;2;2
83476028;"21/06/16";"Terça";"06:00:00";"MG";381;"447";"SABARA";"Velocidade incompatível";"Capotamento";"Sem Vítimas";"Amanhecer";"Decrescente";"Nublado";"Simples";"Curva";"Urbano";1;0;0;0;1;0;0;1
83476029;"20/06/16";"Segunda";"10:00:00";"CE";116;"118";"RUSSAS";"Defeito na via";"Queda de motocicleta / bicicleta / veículo";"Com Vítimas Feridas";"Pleno dia";"Crescente";"Sol";"Simples";"Reta";"Rural";2;0;2;0;0;0;2;1
83476030;"20/06/16";"Segunda";"18:30:00";"ES";101;"242";"SERRA";"Outras";"Colisão com bicicleta";"Com Vítimas Feridas";"Plena noite";"Decrescente";"Nublado";"Dupla";"Reta";"Rural";2;0;0;1;1;0;1;2
83476031;"23/06/16";"Quinta";"22:20:00";"SP";116;"186";"SANTA ISABEL";"Outras";"Queda de motocicleta / bicicleta / veículo";"Com Vítimas Feridas";"Plena noite";"Decrescente";"Ceu Claro";"Dupla";"Reta";"Rural";1;0;1;0;0;0;1;1
83476033;"09/06/16";"Quinta";"23:30:00";"MT";70;"312";"DOM AQUINO";"Outras";"Tombamento";"Sem Vítimas";"Plena noite";"Decrescente";"Ceu Claro";"Simples";"Reta";"Rural";1;0;0;0;1;0;0;1
83476034;"24/06/16";"Sexta";"02:30:00";"PE";232;"409,5";"SERRA TALHADA";"Ingestão de álcool";"Queda de motocicleta / bicicleta / veículo";"Com Vítimas Feridas";"Plena noite";"Crescente";"Ceu Claro";"Simples";"Reta";"Urbano";1;0;1;0;0;0;1;1
83476035;"21/06/16";"Terça";"05:45:00";"PE";232;"74";"GRAVATA";"Falta de atenção";"Colisão Transversal";"Sem Vítimas";"Pleno dia";"Crescente";"Nublado";"Dupla";"Reta";"Urbano";2;0;0;0;2;0;0;2
83476036;"24/06/16";"Sexta";"06:00:00";"RN";101;"173,5";"BAIA FORMOSA";"Dormindo";"Saída de Pista";"Com Vítimas Feridas";"Pleno dia";"Decrescente";"Ceu Claro";"Dupla";"Reta";"Rural";7;0;2;4;1;0;6;1
83476037;"24/06/16";"Sexta";"07:30:00";"SC";101;"213";"PALHOCA";"Outras";"Queda de motocicleta / bicicleta / veículo";"Com Vítimas Feridas";"Pleno dia";"Decrescente";"Ceu Claro";"Múltipla";"Reta";"Urbano";1;0;0;1;0;0;1;1
83476038;"24/06/16";"Sexta";"08:50:00";"PE";316;"70";"OURICURI";"Falta de atenção";"Colisão traseira";"Com Vítimas Feridas";"Pleno dia";"Decrescente";"Nublado";"Simples";"Reta";"Rural";2;0;1;0;1;0;1;2
83476040;"21/06/16";"Terça";"20:00:00";"RO";364;"631";"CANDEIAS DO JAMARI";"Não guardar distância de segurança";"Colisão traseira";"Sem Vítimas";"Plena noite";"Decrescente";"Ignorada";"Simples";"Reta";"Rural";2;0;0;0;2;0;0;2
83476041;"24/06/16";"Sexta";"07:30:00";"RS";153;"9,3";"SEVERIANO DE ALMEIDA";"Não guardar distância de segurança";"Colisão traseira";"Com Vítimas Feridas";"Amanhecer";"Decrescente";"Nevoeiro/neblina";"Simples";"Curva";"Rural";2;0;0;1;1;0;1;2
83476042;"29/05/16";"Domingo";"16:50:00";"BA";101;"331";"PRESIDENTE TANCREDO NEVES";"Outras";"Colisão lateral";"Com Vítimas Fatais";"Pleno dia";"Decrescente";"Ceu Claro";"Simples";"Reta";"Rural";27;2;0;0;25;0;0;2
83476043;"21/06/16";"Terça";"06:10:00";"RS";392;"7,5";"RIO GRANDE";"Outras";"Colisão Transversal";"Com Vítimas Feridas";"Amanhecer";"Crescente";"Nevoeiro/neblina";"Simples";"Reta";"Urbano";4;0;3;0;1;0;3;2
83476044;"16/06/16";"Quinta";"02:15:00";"SC";280;"66,3";"JARAGUA DO SUL";"Outras";"Colisão frontal";"Com Vítimas Feridas";"Plena noite";"Decrescente";"Ceu Claro";"Simples";"Reta";"Urbano";2;0;1;1;0;0;2;2
83476045;"22/06/16";"Quarta";"18:00:00";"PA";316;"66";"CASTANHAL";"Falta de atenção";"Colisão Transversal";"Sem Vítimas";"Pleno dia";"Decrescente";"Sol";"Dupla";"Reta";"Urbano";2;0;0;0;2;0;0;2
83476046;"21/06/16";"Terça";"22:00:00";"MG";262;"379";"JUATUBA";"Outras";"Tombamento";"Com Vítimas Fatais";"Plena noite";"Decrescente";"Ceu Claro";"Dupla";"Curva";"Urbano";1;1;0;0;0;0;0;1
83476047;"13/06/16";"Segunda";"03:50:00";"SC";116;"217,3";"CORREIA PINTO";"Falta de atenção";"Colisão com objeto fixo";"Ignorado";"Plena noite";"Decrescente";"Nublado";"Simples";"Cruzamento";"Urbano";2;0;0;0;0;2;0;2
83476048;"22/06/16";"Quarta";"08:00:00";"BA";324;"609";"SIMOES FILHO";"Outras";"Queda de motocicleta / bicicleta / veículo";"Com Vítimas Feridas";"Pleno dia";"Decrescente";"Ceu Claro";"Dupla";"Reta";"Urbano";1;0;1;0;0;0;1;1
83476049;"24/06/16";"Sexta";"08:30:00";"MT";364;"81";"ALTO GARCAS";"Falta de atenção";"Colisão frontal";"Com Vítimas Feridas";"Pleno dia";"Crescente";"Ceu Claro";"Simples";"Reta";"Rural";2;0;1;0;1;0;1;2
83476050;"20/06/16";"Segunda";"23:00:00";"GO";153;"503";"GOIANIA";"Outras";"Colisão Transversal";"Com Vítimas Feridas";"Plena noite";"Crescente";"Ceu Claro";"Dupla";"Reta";"Urbano";2;0;0;1;1;0;1;2
83476051;"21/06/16";"Terça";"03:35:00";"SP";116;"149";"SAO JOSE DOS CAMPOS";"Outras";"Colisão com objeto fixo";"Sem Vítimas";"Plena noite";"Decrescente";"Nublado";"Dupla";"Reta";"Urbano";1;0;0;0;1;0;0;1
83476052;"22/06/16";"Quarta";"05:37:00";"ES";101;"147,2";"LINHARES";"Desobediência à sinalização";"Colisão Transversal";"Com Vítimas Feridas";"Amanhecer";"Crescente";"Nublado";"Múltipla";"Cruzamento";"Urbano";2;0;1;0;1;0;1;2
83476053;"24/06/16";"Sexta";"10:30:00";"PR";277;"8,5";"PARANAGUA";"Falta de atenção";"Capotamento";"Sem Vítimas";"Pleno dia";"Decrescente";"Nublado";"Dupla";"Reta";"Rural";1;0;0;0;1;0;0;1
83476054;"18/06/16";"Sábado";"19:00:00";"DF";70;"19";"BRASILIA";"Defeito mecânico em veículo";"Colisão traseira";"Com Vítimas Feridas";"Plena noite";"Crescente";"Ceu Claro";"Dupla";"Curva";"Rural";4;0;1;0;3;0;1;3
83476056;"20/06/16";"Segunda";"20:00:00";"MG";459;"98,5";"POUSO ALEGRE";"Desobediência à sinalização";"Colisão Transversal";"Com Vítimas Feridas";"Plena noite";"Crescente";"Nublado";"Dupla";"Cruzamento";"Urbano";2;0;2;0;0;0;2;2
83476057;"16/06/16";"Quinta";"07:30:00";"RJ";101;"296";"ITABORAI";"Falta de atenção";"Colisão traseira";"Com Vítimas Feridas";"Pleno dia";"Crescente";"Ceu Claro";"Simples";"Reta";"Urbano";2;0;1;0;1;0;1;2
83476058;"24/06/16";"Sexta";"10:15:00";"RS";471;"663,5";"SANTA VITORIA DO PALMAR";"Outras";"Capotamento";"Com Vítimas Feridas";"Pleno dia";"Decrescente";"Nevoeiro/neblina";"Simples";"Reta";"Rural";2;0;2;0;0;0;2;1
83476059;"30/05/16";"Segunda";"08:00:00";"PR";369;"94";"CORNELIO PROCOPIO";"Outras";"Colisão traseira";"Sem Vítimas";"Pleno dia";"Crescente";"Chuva";"Simples";"Reta";"Rural";2;0;0;0;2;0;0;2
83476060;"20/06/16";"Segunda";"11:50:00";"RJ";116;"91";"GUAPIMIRIM";"Outras";"Colisão frontal";"Com Vítimas Feridas";"Pleno dia";"Crescente";"Ceu Claro";"Simples";"Curva";"Urbano";4;0;4;0;0;0;4;3
83476061;"24/06/16";"Sexta";"07:15:00";"SC";470;"43,6";"GASPAR";"Não guardar distância de segurança";"Colisão traseira";"Com Vítimas Feridas";"Pleno dia";"Crescente";"Ceu Claro";"Simples";"Curva";"Rural";2;0;1;0;1;0;1;2
83476062;"24/06/16";"Sexta";"11:10:00";"RS";116;"522,5";"PELOTAS";"Animais na Pista";"Colisão traseira";"Sem Vítimas";"Pleno dia";"Decrescente";"Nublado";"Dupla";"Reta";"Rural";2;0;0;0;2;0;0;2
83476063;"24/06/16";"Sexta";"10:25:00";"PE";428;"156,8";"PETROLINA";"Ultrapassagem indevida";"Colisão traseira";"Com Vítimas Feridas";"Pleno dia";"Decrescente";"Sol";"Simples";"Reta";"Rural";2;0;1;0;0;1;1;2
83476065;"24/06/16";"Sexta";"08:30:00";"ES";393;"1,7";"CACHOEIRO DE ITAPEMIRIM";"Falta de atenção";"Colisão lateral";"Com Vítimas Feridas";"Pleno dia";"Decrescente";"Nublado";"Simples";"Curva";"Urbano";2;0;1;0;1;0;1;2
83476066;"12/06/16";"Domingo";"18:30:00";"BA";101;"286";"LAJE";"Outras";"Colisão lateral";"Com Vítimas Feridas";"Anoitecer";"Decrescente";"Nublado";"Simples";"Curva";"Rural";2;0;1;0;1;0;1;2
83476067;"21/06/16";"Terça";"05:00:00";"SC";153;"29,9";"AGUA DOCE";"Velocidade incompatível";"Tombamento";"Sem Vítimas";"Pleno dia";"Crescente";"Ceu Claro";"Simples";"Curva";"Rural";1;0;0;0;1;0;0;1
83476068;"24/06/16";"Sexta";"12:15:00";"PA";316;"8";"ANANINDEUA";"Falta de atenção";"Atropelamento de pessoa";"Com Vítimas Feridas";"Pleno dia";"Decrescente";"Sol";"Dupla";"Reta";"Urbano";3;0;2;0;1;0;2;1
83476069;"20/06/16";"Segunda";"08:50:00";"PE";104;"64,5";"CARUARU";"Outras";"Colisão traseira";"Com Vítimas Feridas";"Pleno dia";"Decrescente";"Chuva";"Dupla";"Reta";"Urbano";4;0;2;0;2;0;2;2
83476070;"20/06/16";"Segunda";"19:40:00";"BA";101;"357";"TEOLANDIA";"Dormindo";"Capotamento";"Com Vítimas Feridas";"Plena noite";"Crescente";"Nublado";"Simples";"Curva";"Rural";3;0;1;0;1;1;1;1
83476071;"04/04/16";"Segunda";"02:00:00";"BA";101;"933";"MUCURI";"Outras";"Colisão com objeto fixo";"Com Vítimas Feridas";"Plena noite";"Crescente";"Ignorada";"Simples";"Reta";"Urbano";1;0;0;1;0;0;1;1
83476072;"19/06/16";"Domingo";"00:01:00";"GO";60;"138";"GOIANIA";"Defeito mecânico em veículo";"Queda de motocicleta / bicicleta / veículo";"Com Vítimas Feridas";"Plena noite";"Crescente";"Ceu Claro";"Dupla";"Reta";"Urbano";2;0;0;1;1;0;1;1
83476073;"24/06/16";"Sexta";"13:20:00";"RS";386;"343,2";"LAJEADO";"Desobediência à sinalização";"Colisão Transversal";"Com Vítimas Feridas";"Pleno dia";"Decrescente";"Sol";"Simples";"Reta";"Urbano";2;0;1;0;1;0;1;2
83476074;"08/06/16";"Quarta";"16:20:00";"MG";40;"475";"SETE LAGOAS";"Outras";"Colisão lateral";"Sem Vítimas";"Plena noite";"Crescente";"Ceu Claro";"Múltipla";"Reta";"Rural";2;0;0;0;2;0;0;2
83476075;"24/06/16";"Sexta";"08:20:00";"SC";163;"118,3";"DIONISIO CERQUEIRA";"Defeito mecânico em veículo";"Incêndio";"Sem Vítimas";"Pleno dia";"Crescente";"Nublado";"Simples";"Reta";"Rural";1;0;0;0;1;0;0;1
83476076;"24/06/16";"Sexta";"07:25:00";"RS";116;"242,3";"SAO LEOPOLDO";"Outras";"Colisão traseira";"Com Vítimas Feridas";"Pleno dia";"Crescente";"Nevoeiro/neblina";"Dupla";"Reta";"Urbano";2;0;1;0;1;0;1;2
83476077;"18/06/16";"Sábado";"06:40:00";"PR";163;"334";"GUAIRA";"Outras";"Saída de Pista";"Sem Vítimas";"Amanhecer";"Crescente";"Chuva";"Simples";"Curva";"Rural";2;0;0;0;2;0;0;1
83476078;"24/06/16";"Sexta";"10:00:00";"MT";364;"242";"JUSCIMEIRA";"Falta de atenção";"Colisão traseira";"Sem Vítimas";"Pleno dia";"Decrescente";"Sol";"Simples";"Reta";"Urbano";2;0;0;0;2;0;0;2
83476079;"04/06/16";"Sábado";"09:08:00";"RN";101;"65,2";"CEARA-MIRIM";"Falta de atenção";"Colisão lateral";"Com Vítimas Feridas";"Pleno dia";"Decrescente";"Ceu Claro";"Simples";"Reta";"Rural";2;0;0;1;1;0;1;2
83476080;"24/06/16";"Sexta";"09:00:00";"PR";376;"494,1";"PONTA GROSSA";"Falta de atenção";"Colisão lateral";"Com Vítimas Feridas";"Pleno dia";"Crescente";"Sol";"Dupla";"Reta";"Rural";3;0;3;0;0;0;3;2
83476081;"24/06/16";"Sexta";"12:00:00";"MG";40;"749,9";"SANTOS DUMONT";"Velocidade incompatível";"Queda de motocicleta / bicicleta / veículo";"Com Vítimas Feridas";"Pleno dia";"Decrescente";"Nublado";"Dupla";"Curva";"Rural";1;0;1;0;0;0;1;1
83476082;"21/06/16";"Terça";"03:30:00";"GO";70;"283,7";"ITAPIRAPUA";"Velocidade incompatível";"Tombamento";"Sem Vítimas";"Plena noite";"Decrescente";"Ignorada";"Simples";"Reta";"Rural";1;0;0;0;1;0;0;1
83476083;"09/04/16";"Sábado";"14:15:00";"GO";40;"9,5";"LUZIANIA";"Falta de atenção";"Colisão lateral";"Com Vítimas Fatais";"Pleno dia";"Crescente";"Ceu Claro";"Dupla";"Reta";"Urbano";3;1;0;0;2;0;0;2
83476084;"23/06/16";"Quinta";"17:45:00";"PE";423;"116,2";"PARANATAMA";"Outras";"Colisão traseira";"Com Vítimas Feridas";"Anoitecer";"Decrescente";"Nublado";"Simples";"Reta";"Rural";3;0;0;1;2;0;1;3
83476085;"24/06/16";"Sexta";"10:51:00";"SC";101;"110,5";"NAVEGANTES";"Velocidade incompatível";"Capotamento";"Com Vítimas Feridas";"Pleno dia";"Decrescente";"Nublado";"Dupla";"Curva";"Urbano";3;0;3;0;0;0;3;1
83476086;"20/06/16";"Segunda";"18:55:00";"CE";116;"2,1";"FORTALEZA";"Não guardar distância de segurança";"Colisão traseira";"Sem Vítimas";"Plena noite";"Decrescente";"Ceu Claro";"Dupla";"Reta";"Urbano";3;0;0;0;3;0;0;3
83476087;"24/06/16";"Sexta";"11:40:00";"CE";116;"40";"HORIZONTE";"Falta de atenção";"Colisão traseira";"Sem Vítimas";"Pleno dia";"Decrescente";"Ceu Claro";"Múltipla";"Reta";"Rural";2;0;0;0;2;0;0;2
83476088;"20/06/16";"Segunda";"19:50:00";"ES";101;"443";"MIMOSO DO SUL";"Falta de atenção";"Colisão traseira";"Com Vítimas Fatais";"Plena noite";"Decrescente";"Nublado";"Simples";"Reta";"Rural";2;1;0;0;1;0;0;2
83476089;"24/06/16";"Sexta";"14:15:00";"PR";277;"583,7";"CASCAVEL";"Falta de atenção";"Colisão Transversal";"Com Vítimas Feridas";"Pleno dia";"Decrescente";"Sol";"Simples";"Reta";"Urbano";3;0;1;0;2;0;1;2
83476090;"24/06/16";"Sexta";"07:20:00";"PR";277;"71";"SAO JOSE DOS PINHAIS";"Outras";"Colisão com objeto fixo";"Com Vítimas Feridas";"Pleno dia";"Crescente";"Ceu Claro";"Dupla";"Reta";"Rural";1;0;1;0;0;0;1;1
83476091;"24/06/16";"Sexta";"08:20:00";"MT";163;"511";"DIAMANTINO";"Falta de atenção";"Colisão traseira";"Sem Vítimas";"Pleno dia";"Decrescente";"Ceu Claro";"Simples";"Reta";"Rural";2;0;0;0;2;0;0;2
83476092;"24/06/16";"Sexta";"06:20:00";"PE";423;"64,2";"LAJEDO";"Desobediência à sinalização";"Colisão frontal";"Com Vítimas Feridas";"Amanhecer";"Crescente";"Ceu Claro";"Simples";"Reta";"Rural";5;0;1;0;4;0;1;2
83476093;"20/06/16";"Segunda";"09:15:00";"CE";116;"4,5";"FORTALEZA";"Outras";"Colisão com objeto fixo";"Com Vítimas Feridas";"Pleno dia";"Decrescente";"Sol";"Múltipla";"Reta";"Urbano";1;0;1;0;0;0;1;1
83476094;"24/06/16";"Sexta";"12:30:00";"PR";277;"623";"FOZ DO IGUACU";"Falta de atenção";"Colisão traseira";"Sem Vítimas";"Pleno dia";"Decrescente";"Ceu Claro";"Dupla";"Reta";"Urbano";3;0;0;0;3;0;0;3
83476095;"24/06/16";"Sexta";"13:10:00";"MT";70;"2";"BARRA DO GARCAS";"Outras";"Colisão Transversal";"Com Vítimas Feridas";"Pleno dia";"Decrescente";"Ceu Claro";"Simples";"Reta";"Urbano";2;0;1;0;1;0;1;2
83476096;"24/06/16";"Sexta";"14:00:00";"RJ";101;"469";"ANGRA DOS REIS";"Outras";"Colisão com objeto fixo";"Com Vítimas Feridas";"Pleno dia";"Crescente";"Nublado";"Simples";"Curva";"Rural";1;0;1;0;0;0;1;1
83476097;"24/06/16";"Sexta";"15:40:00";"RS";285;"291,7";"PASSO FUNDO";"Falta de atenção";"Colisão Transversal";"Sem Vítimas";"Pleno dia";"Crescente";"Sol";"Dupla";"Cruzamento";"Urbano";2;0;0;0;2;0;0;2
83476098;"24/06/16";"Sexta";"14:40:00";"RS";101;"53,1";"TERRA DE AREIA";"Falta de atenção";"Saída de Pista";"Com Vítimas Feridas";"Pleno dia";"Decrescente";"Ceu Claro";"Dupla";"Curva";"Rural";4;0;4;0;0;0;4;1
83476099;"19/06/16";"Domingo";"22:50:00";"RO";364;"710";"PORTO VELHO";"Ingestão de álcool";"Colisão lateral";"Sem Vítimas";"Plena noite";"Decrescente";"Ceu Claro";"Dupla";"Reta";"Urbano";2;0;0;0;2;0;0;2
83476100;"24/06/16";"Sexta";"10:30:00";"MG";116;"472,6";"TARUMIRIM";"Falta de atenção";"Queda de motocicleta / bicicleta / veículo";"Com Vítimas Feridas";"Pleno dia";"Decrescente";"Ceu Claro";"Simples";"Curva";"Rural";1;0;1;0;0;0;1;1
83476102;"21/06/16";"Terça";"07:10:00";"MS";267;"440,5";"GUIA LOPES DA LAGUNA";"Ultrapassagem indevida";"Colisão lateral";"Com Vítimas Feridas";"Amanhecer";"Decrescente";"Nevoeiro/neblina";"Simples";"Reta";"Rural";4;0;1;0;2;1;1;2
83476103;"24/06/16";"Sexta";"08:00:00";"CE";222;"79";"SAO LUIS DO CURU";"Defeito mecânico em veículo";"Tombamento";"Sem Vítimas";"Pleno dia";"Crescente";"Ceu Claro";"Simples";"Reta";"Rural";1;0;0;0;1;0;0;1
83476104;"23/06/16";"Quinta";"16:15:00";"BA";101;"220";"CRUZ DAS ALMAS";"Falta de atenção";"Colisão Transversal";"Com Vítimas Feridas";"Pleno dia";"Decrescente";"Ceu Claro";"Simples";"Reta";"Urbano";2;0;0;1;1;0;1;2
83476105;"24/06/16";"Sexta";"11:50:00";"PR";277;"341,4";"GUARAPUAVA";"Não guardar distância de segurança";"Colisão traseira";"Com Vítimas Feridas";"Pleno dia";"Decrescente";"Ceu Claro";"Simples";"Reta";"Urbano";3;0;1;0;2;0;1;2
83476106;"24/06/16";"Sexta";"10:25:00";"MG";135;"412";"BOCAIUVA";"Falta de atenção";"Colisão Transversal";"Com Vítimas Feridas";"Pleno dia";"Crescente";"Ceu Claro";"Múltipla";"Reta";"Urbano";2;0;1;1;0;0;2;2
83476107;"24/06/16";"Sexta";"14:00:00";"RS";116;"377,7";"TAPES";"Velocidade incompatível";"Saída de Pista";"Sem Vítimas";"Pleno dia";"Crescente";"Nublado";"Simples";"Reta";"Rural";1;0;0;0;1;0;0;1
83476108;"24/06/16";"Sexta";"13:00:00";"MG";354;"746,7";"POUSO ALTO";"Dormindo";"Saída de Pista";"Sem Vítimas";"Pleno dia";"Decrescente";"Ceu Claro";"Simples";"Curva";"Rural";1;0;0;0;1;0;0;1
83476109;"22/06/16";"Quarta";"09:40:00";"PA";316;"35";"SANTA ISABEL DO PARA";"Outras";"Colisão lateral";"Sem Vítimas";"Pleno dia";"Crescente";"Ceu Claro";"Dupla";"Reta";"Urbano";2;0;0;0;2;0;0;2
83476110;"24/06/16";"Sexta";"00:28:00";"PR";277;"11,5";"PARANAGUA";"Outras";"Atropelamento de animal";"Sem Vítimas";"Plena noite";"Decrescente";"Nublado";"Dupla";"Reta";"Rural";1;0;0;0;1;0;0;1
83476111;"24/06/16";"Sexta";"00:30:00";"PR";277;"11,5";"PARANAGUA";"Animais na Pista";"Atropelamento de animal";"Com Vítimas Feridas";"Plena noite";"Decrescente";"Nublado";"Dupla";"Reta";"Rural";2;0;1;1;0;0;2;1
83476112;"24/06/16";"Sexta";"10:00:00";"RJ";101;"57";"CAMPOS DOS GOYTACAZES";"Falta de atenção";"Colisão Transversal";"Com Vítimas Feridas";"Pleno dia";"Decrescente";"Nublado";"Simples";"Reta";"Rural";4;0;1;0;1;2;1;2
83476113;"24/06/16";"Sexta";"15:25:00";"SP";381;"56";"MAIRIPORA";"Velocidade incompatível";"Colisão traseira";"Com Vítimas Feridas";"Pleno dia";"Crescente";"Sol";"Dupla";"Reta";"Urbano";4;0;1;0;3;0;1;3
83476114;"24/06/16";"Sexta";"15:10:00";"PE";232;"126,1";"CARUARU";"Falta de atenção";"Colisão traseira";"Sem Vítimas";"Pleno dia";"Crescente";"Sol";"Dupla";"Reta";"Rural";2;0;0;0;2;0;0;2
83476115;"18/06/16";"Sábado";"02:30:00";"MA";135;"5,2";"SAO LUIS";"Animais na Pista";"Saída de Pista";"Com Vítimas Feridas";"Plena noite";"Crescente";"Ceu Claro";"Dupla";"Reta";"Urbano";1;0;1;0;0;0;1;1
83476116;"24/06/16";"Sexta";"15:55:00";"RS";287;"399";"SANTIAGO";"Falta de atenção";"Colisão Transversal";"Com Vítimas Feridas";"Pleno dia";"Crescente";"Ceu Claro";"Simples";"Reta";"Urbano";2;0;1;0;1;0;1;2
83476117;"24/06/16";"Sexta";"13:30:00";"RJ";101;"82";"CAMPOS DOS GOYTACAZES";"Ultrapassagem indevida";"Colisão lateral";"Sem Vítimas";"Pleno dia";"Decrescente";"Ceu Claro";"Dupla";"Curva";"Urbano";3;0;0;0;3;0;0;3
83476119;"24/06/16";"Sexta";"15:45:00";"PI";343;"35";"BURITI DOS LOPES";"Falta de atenção";"Colisão lateral";"Com Vítimas Feridas";"Pleno dia";"Crescente";"Ceu Claro";"Simples";"Cruzamento";"Rural";4;0;2;1;1;0;3;2
83476120;"24/06/16";"Sexta";"11:00:00";"PR";376;"355,5";"ORTIGUEIRA";"Animais na Pista";"Saída de Pista";"Com Vítimas Feridas";"Pleno dia";"Crescente";"Ceu Claro";"Simples";"Reta";"Urbano";1;0;0;1;0;0;1;1
83476121;"24/06/16";"Sexta";"16:20:00";"RS";470;"220,1";"BENTO GONCALVES";"Falta de atenção";"Colisão Transversal";"Sem Vítimas";"Pleno dia";"Crescente";"Sol";"Simples";"Cruzamento";"Rural";2;0;0;0;2;0;0;2
83476122;"24/06/16";"Sexta";"13:10:00";"DF";20;"14";"BRASILIA";"Velocidade incompatível";"Capotamento";"Com Vítimas Feridas";"Pleno dia";"Crescente";"Sol";"Dupla";"Reta";"Urbano";3;0;1;0;2;0;1;2
83476123;"24/06/16";"Sexta";"15:00:00";"MG";381;"577,5";"CARMOPOLIS DE MINAS";"Outras";"Colisão com objeto fixo";"Com Vítimas Feridas";"Pleno dia";"Decrescente";"Ceu Claro";"Dupla";"Curva";"Rural";1;0;1;0;0;0;1;1
83476124;"09/06/16";"Quinta";"00:20:00";"RJ";493;"4";"ITABORAI";"Outras";"Atropelamento de pessoa";"Com Vítimas Feridas";"Plena noite";"Decrescente";"Ceu Claro";"Simples";"Curva";"Rural";2;0;1;0;1;0;1;1
83476125;"24/06/16";"Sexta";"15:15:00";"DF";20;"15,8";"BRASILIA";"Dormindo";"Capotamento";"Com Vítimas Feridas";"Pleno dia";"Decrescente";"Ceu Claro";"Dupla";"Reta";"Rural";1;0;1;0;0;0;1;1
83476126;"24/06/16";"Sexta";"13:00:00";"MS";163;"549,9";"BANDEIRANTES";"Falta de atenção";"Colisão Transversal";"Com Vítimas Feridas";"Pleno dia";"Crescente";"Ceu Claro";"Simples";"Reta";"Urbano";5;0;0;1;4;0;1;2
83476127;"24/06/16";"Sexta";"16:10:00";"PA";316;"18";"BENEVIDES";"Falta de atenção";"Colisão lateral";"Com Vítimas Feridas";"Pleno dia";"Decrescente";"Nublado";"Dupla";"Reta";"Rural";4;0;2;0;0;2;2;2
83476128;"24/06/16";"Sexta";"15:10:00";"ES";101;"244";"SERRA";"Falta de atenção";"Colisão traseira";"Com Vítimas Feridas";"Pleno dia";"Crescente";"Ceu Claro";"Simples";"Curva";"Urbano";3;0;1;0;2;0;1;2
83476129;"24/06/16";"Sexta";"13:40:00";"RS";158;"512";"SANTANA DO LIVRAMENTO";"Falta de atenção";"Colisão traseira";"Sem Vítimas";"Pleno dia";"Crescente";"Nublado";"Simples";"Reta";"Rural";5;0;0;0;5;0;0;2
83476130;"24/06/16";"Sexta";"14:30:00";"PE";101;"117";"ESCADA";"Falta de atenção";"Capotamento";"Com Vítimas Feridas";"Pleno dia";"Decrescente";"Nublado";"Múltipla";"Reta";"Rural";2;0;1;0;1;0;1;1
83476131;"24/06/16";"Sexta";"12:30:00";"MG";50;"107";"UBERLANDIA";"Falta de atenção";"Colisão lateral";"Sem Vítimas";"Pleno dia";"Crescente";"Sol";"Múltipla";"Reta";"Rural";2;0;0;0;2;0;0;2