"id";"data_inversa";"dia_semana";"horario";"uf";"br";"km";"municipio";"causa_acidente";"tipo_acidente";"classificacao_acidente";"fase_dia";"sentido_via";"condicao_metereologica";"tipo_pista";"tracado_via";"uso_solo";"pessoas";"mortos";"feridos_leves";"feridos_graves";"ilesos";"ignorados";"feridos";"veiculos"
83476132;"24/06/16";"Sexta";"02:26:00";"SP";116;"168";"JACAREI";"Dormindo";"Colisão traseira";"Sem Vítimas";"Plena noite";"Decrescente";"Ceu Claro";"Dupla";"Reta";"Urbano";2;0;0;0;2;0;0;2
83476133;"24/06/16";"Sexta";"18:05:00";"RS";285;"295";"PASSO FUNDO";"Falta de atenção";"Colisão Transversal";"Sem Vítimas";"Anoitecer";"Crescente";"Ceu Claro";"Simples";"Reta";"Urbano";2;0;0;0;2;0;0;2
83476134;"24/06/16";"Sexta";"16:40:00";"PR";376;"506,9";"PONTA GROSSA";"Não guardar distância de segurança";"Capotamento";"Sem Vítimas";"Pleno dia";"Decrescente";"Sol";"Dupla";"Reta";"Rural";1;0;0;0;1;0;0;1
83476135;"24/06/16";"Sexta";"13:20:00";"MS";267;"482,1";"JARDIM";"Falta de atenção";"Colisão traseira";"Com Vítimas Feridas";"Pleno dia";"Crescente";"Ceu Claro";"Simples";"Reta";"Urbano";2;0;0;1;1;0;1;2
83476136;"24/06/16";"Sexta";"16:00:00";"SC";282;"485,5";"FAXINAL DOS GUEDES";"Falta de atenção";"Colisão Transversal";"Sem Vítimas";"Pleno dia";"Decrescente";"Sol";"Simples";"Cruzamento";"Urbano";2;0;0;0;2;0;0;2
83476137;"24/06/16";"Sexta";"15:45:00";"MG";267;"321,8";"CONCEICAO DO RIO VERDE";"Velocidade incompatível";"Capotamento";"Sem Vítimas";"Pleno dia";"Decrescente";"Ceu Claro";"Simples";"Curva";"Rural";1;0;0;0;1;0;0;1
83476138;"20/06/16";"Segunda";"13:50:00";"MG";354;"733";"POUSO ALTO";"Outras";"Colisão com objeto fixo";"Com Vítimas Feridas";"Pleno dia";"Decrescente";"Ceu Claro";"Simples";"Curva";"Rural";3;0;3;0;0;0;3;1
83476139;"24/06/16";"Sexta";"11:15:00";"MT";163;"713";"SORRISO";"Falta de atenção";"Colisão lateral";"Sem Vítimas";"Pleno dia";"Crescente";"Sol";"Simples";"Reta";"Rural";2;0;0;0;2;0;0;2
83476141;"24/06/16";"Sexta";"15:10:00";"SC";116;"235";"LAGES";"Falta de atenção";"Queda de motocicleta / bicicleta / veículo";"Com Vítimas Feridas";"Pleno dia";"Decrescente";"Ceu Claro";"Simples";"Reta";"Rural";2;0;1;0;1;0;1;2
83476142;"24/06/16";"Sexta";"16:30:00";"PE";101;"83";"JABOATAO DOS GUARARAPES";"Ingestão de álcool";"Capotamento";"Ignorado";"Pleno dia";"Decrescente";"Ceu Claro";"Dupla";"Reta";"Urbano";1;0;0;0;0;1;0;1
83476143;"24/06/16";"Sexta";"17:00:00";"PA";230;"628";"ALTAMIRA";"Desobediência à sinalização";"Colisão Transversal";"Com Vítimas Feridas";"Pleno dia";"Crescente";"Ceu Claro";"Simples";"Reta";"Urbano";2;0;1;0;1;0;1;2
83476144;"24/06/16";"Sexta";"15:20:00";"MT";70;"380,5";"CAMPO VERDE";"Falta de atenção";"Colisão Transversal";"Sem Vítimas";"Pleno dia";"Decrescente";"Ceu Claro";"Simples";"Reta";"Urbano";2;0;0;0;2;0;0;2
83476145;"24/06/16";"Sexta";"17:40:00";"PA";316;"1";"ANANINDEUA";"Outras";"Queda de motocicleta / bicicleta / veículo";"Com Vítimas Feridas";"Anoitecer";"Decrescente";"Ceu Claro";"Dupla";"Reta";"Urbano";1;0;1;0;0;0;1;1
83476146;"23/06/16";"Quinta";"08:20:00";"MG";262;"435";"NOVA SERRANA";"Defeito na via";"Capotamento";"Sem Vítimas";"Pleno dia";"Crescente";"Ceu Claro";"Dupla";"Reta";"Rural";1;0;0;0;1;0;0;1
83476147;"24/06/16";"Sexta";"15:10:00";"BA";242;"326";"LENCOIS";"Velocidade incompatível";"Saída de Pista";"Com Vítimas Feridas";"Pleno dia";"Crescente";"Sol";"Simples";"Curva";"Rural";1;0;0;1;0;0;1;1
83476148;"21/06/16";"Terça";"01:00:00";"SP";116;"149,3";"SAO JOSE DOS CAMPOS";"Ingestão de álcool";"Atropelamento de pessoa";"Com Vítimas Feridas";"Plena noite";"Decrescente";"Ceu Claro";"Simples";"Reta";"Urbano";2;0;0;1;1;0;1;1
83476149;"24/06/16";"Sexta";"18:00:00";"RS";116;"232";"IVOTI";"Falta de atenção";"Colisão traseira";"Sem Vítimas";"Plena noite";"Decrescente";"Ceu Claro";"Simples";"Curva";"Urbano";2;0;0;0;2;0;0;2
83476150;"24/06/16";"Sexta";"12:58:00";"PR";116;"210,8";"RIO NEGRO";"Falta de atenção";"Colisão Transversal";"Com Vítimas Fatais";"Pleno dia";"Crescente";"Ceu Claro";"Simples";"Cruzamento";"Urbano";4;1;0;1;2;0;1;3
83476151;"24/06/16";"Sexta";"14:30:00";"RS";285;"134,5";"VACARIA";"Falta de atenção";"Colisão traseira";"Sem Vítimas";"Pleno dia";"Decrescente";"Ceu Claro";"Simples";"Reta";"Rural";2;0;0;0;2;0;0;2
83476152;"24/06/16";"Sexta";"12:45:00";"ES";262;"79,1";"DOMINGOS MARTINS";"Falta de atenção";"Colisão traseira";"Com Vítimas Feridas";"Pleno dia";"Decrescente";"Nublado";"Simples";"Curva";"Rural";2;0;0;1;1;0;1;2
83476153;"24/06/16";"Sexta";"18:05:00";"RS";285;"457";"IJUI";"Falta de atenção";"Colisão Transversal";"Com Vítimas Feridas";"Anoitecer";"Decrescente";"Ceu Claro";"Simples";"Cruzamento";"Urbano";3;0;2;0;1;0;2;2
83476154;"16/06/16";"Quinta";"13:30:00";"CE";222;"9,3";"CAUCAIA";"Outras";"Saída de Pista";"Com Vítimas Fatais";"Pleno dia";"Decrescente";"Ceu Claro";"Dupla";"Reta";"Urbano";1;1;0;0;0;0;0;1
83476155;"24/06/16";"Sexta";"18:05:00";"PR";373;"182";"PONTA GROSSA";"Outras";"Atropelamento de pessoa";"Sem Vítimas";"Plena noite";"Crescente";"Ceu Claro";"Simples";"Reta";"Urbano";2;0;0;0;2;0;0;1
83476156;"24/06/16";"Sexta";"18:00:00";"PR";376;"4";"APUCARANA";"Outras";"Colisão traseira";"Com Vítimas Feridas";"Anoitecer";"Crescente";"Ceu Claro";"Simples";"Cruzamento";"Urbano";2;0;1;0;1;0;1;2
83476157;"24/06/16";"Sexta";"11:00:00";"BA";242;"286";"IBIQUERA";"Defeito mecânico em veículo";"Danos Eventuais";"Sem Vítimas";"Pleno dia";"Crescente";"Ceu Claro";"Simples";"Curva";"Rural";2;0;0;0;2;0;0;2
83476158;"24/06/16";"Sexta";"17:55:00";"MG";40;"113";"LAGOA GRANDE";"Ultrapassagem indevida";"Saída de Pista";"Sem Vítimas";"Pleno dia";"Crescente";"Ceu Claro";"Simples";"Reta";"Rural";1;0;0;0;1;0;0;1
83476159;"24/06/16";"Sexta";"15:10:00";"GO";153;"508,5";"APARECIDA DE GOIANIA";"Desobediência à sinalização";"Colisão traseira";"Sem Vítimas";"Pleno dia";"Crescente";"Sol";"Dupla";"Reta";"Urbano";2;0;0;0;2;0;0;2
83476160;"22/06/16";"Quarta";"02:40:00";"SP";116;"166";"JACAREI";"Outras";"Atropelamento de pessoa";"Com Vítimas Fatais";"Plena noite";"Decrescente";"Nublado";"Dupla";"Reta";"Rural";2;1;0;0;1;0;0;1
83476161;"24/06/16";"Sexta";"17:55:00";"PE";232;"35";"VITORIA DE SANTO ANTAO";"Falta de atenção";"Colisão lateral";"Com Vítimas Feridas";"Anoitecer";"Crescente";"Nublado";"Dupla";"Reta";"Urbano";3;0;3;0;0;0;3;2
83476162;"21/06/16";"Terça";"06:40:00";"SP";116;"227";"GUARULHOS";"Não guardar distância de segurança";"Colisão traseira";"Com Vítimas Feridas";"Amanhecer";"Crescente";"Ceu Claro";"Múltipla";"Reta";"Urbano";3;0;1;0;2;0;1;2
83476163;"24/06/16";"Sexta";"16:40:00";"GO";60;"250";"INDIARA";"Outras";"Atropelamento de pessoa";"Com Vítimas Fatais";"Pleno dia";"Decrescente";"Sol";"Dupla";"Reta";"Urbano";3;1;0;0;2;0;0;1
83476165;"24/06/16";"Sexta";"18:50:00";"SP";153;"48";"SAO JOSE DO RIO PRETO";"Defeito mecânico em veículo";"Queda de motocicleta / bicicleta / veículo";"Com Vítimas Feridas";"Plena noite";"Crescente";"Ceu Claro";"Simples";"Reta";"Rural";2;0;1;0;1;0;1;1
83476166;"24/06/16";"Sexta";"09:40:00";"RO";364;"336";"JI-PARANA";"Não guardar distância de segurança";"Saída de Pista";"Sem Vítimas";"Pleno dia";"Decrescente";"Ceu Claro";"Simples";"Reta";"Rural";1;0;0;0;1;0;0;1
83476167;"24/06/16";"Sexta";"18:15:00";"MG";365;"736,7";"ITUIUTABA";"Ultrapassagem indevida";"Colisão frontal";"Sem Vítimas";"Anoitecer";"Crescente";"Ceu Claro";"Simples";"Reta";"Rural";2;0;0;0;2;0;0;2
83476168;"24/06/16";"Sexta";"18:30:00";"ES";101;"65,3";"SAO MATEUS";"Ultrapassagem indevida";"Colisão traseira";"Com Vítimas Feridas";"Plena noite";"Crescente";"Nublado";"Simples";"Reta";"Urbano";3;0;1;0;2;0;1;2
83476169;"24/06/16";"Sexta";"08:40:00";"PA";163;"998";"SANTAREM";"Falta de atenção";"Colisão Transversal";"Com Vítimas Feridas";"Amanhecer";"Crescente";"Ceu Claro";"Simples";"Reta";"Urbano";2;0;1;0;1;0;1;2
83476170;"24/06/16";"Sexta";"17:10:00";"MG";381;"483";"BETIM";"Outras";"Queda de motocicleta / bicicleta / veículo";"Com Vítimas Feridas";"Anoitecer";"Decrescente";"Ceu Claro";"Dupla";"Reta";"Urbano";1;0;0;1;0;0;1;1
83476171;"24/06/16";"Sexta";"17:50:00";"PR";369;"99,1";"CORNELIO PROCOPIO";"Falta de atenção";"Saída de Pista";"Com Vítimas Feridas";"Pleno dia";"Crescente";"Ceu Claro";"Simples";"Curva";"Rural";1;0;0;1;0;0;1;1
83476172;"17/06/16";"Sexta";"17:10:00";"RN";304;"28,5";"MOSSORO";"Outras";"Colisão com bicicleta";"Com Vítimas Feridas";"Anoitecer";"Decrescente";"Ceu Claro";"Simples";"Reta";"Rural";2;0;0;1;0;1;1;2
83476173;"24/06/16";"Sexta";"13:35:00";"RS";285;"415,8";"PANAMBI";"Falta de atenção";"Tombamento";"Sem Vítimas";"Pleno dia";"Crescente";"Ceu Claro";"Simples";"Cruzamento";"Rural";1;0;0;0;1;0;0;1
83476174;"24/06/16";"Sexta";"13:50:00";"PB";230;"34,1";"BAYEUX";"Ingestão de álcool";"Colisão com objeto fixo";"Sem Vítimas";"Pleno dia";"Decrescente";"Ceu Claro";"Dupla";"Reta";"Urbano";1;0;0;0;1;0;0;1
83476175;"24/06/16";"Sexta";"14:50:00";"PR";277;"84";"CURITIBA";"Falta de atenção";"Colisão com objeto fixo";"Com Vítimas Feridas";"Pleno dia";"Crescente";"Ceu Claro";"Dupla";"Curva";"Urbano";1;0;1;0;0;0;1;1
83476176;"24/06/16";"Sexta";"16:00:00";"PB";230;"57,2";"CRUZ DO ESPIRITO SANTO";"Ingestão de álcool";"Colisão traseira";"Com Vítimas Feridas";"Pleno dia";"Crescente";"Ceu Claro";"Dupla";"Reta";"Rural";2;0;0;1;1;0;1;2
83476177;"24/06/16";"Sexta";"18:00:00";"BA";330;"739";"JEQUIE";"Falta de atenção";"Queda de motocicleta / bicicleta / veículo";"Com Vítimas Fatais";"Anoitecer";"Decrescente";"Ceu Claro";"Simples";"Reta";"Rural";1;1;0;0;0;0;0;1
83476178;"24/06/16";"Sexta";"13:00:00";"BA";330;"742";"JEQUIE";"Outras";"Queda de motocicleta / bicicleta / veículo";"Com Vítimas Feridas";"Pleno dia";"Decrescente";"Ceu Claro";"Simples";"Reta";"Rural";2;0;1;1;0;0;2;1
83476179;"24/06/16";"Sexta";"18:10:00";"RO";174;"13,8";"VILHENA";"Não guardar distância de segurança";"Colisão com bicicleta";"Com Vítimas Feridas";"Plena noite";"Crescente";"Ceu Claro";"Simples";"Reta";"Urbano";2;0;1;0;0;1;1;2
83476180;"24/06/16";"Sexta";"19:00:00";"BA";101;"167";"FEIRA DE SANTANA";"Outras";"Atropelamento de pessoa";"Com Vítimas Feridas";"Plena noite";"Crescente";"Chuva";"Simples";"Reta";"Urbano";2;0;1;0;0;1;1;1
83476181;"24/06/16";"Sexta";"20:40:00";"MG";262;"49,6";"MANHUACU";"Falta de atenção";"Colisão lateral";"Com Vítimas Feridas";"Plena noite";"Crescente";"Ceu Claro";"Simples";"Reta";"Rural";4;0;3;0;0;1;3;2
83476182;"24/06/16";"Sexta";"12:50:00";"MS";163;"207";"CAARAPO";"Velocidade incompatível";"Tombamento";"Com Vítimas Feridas";"Pleno dia";"Decrescente";"Ceu Claro";"Dupla";"Cruzamento";"Rural";2;0;0;1;1;0;1;1
83476183;"24/06/16";"Sexta";"19:10:00";"PR";476;"274";"SAO MATEUS DO SUL";"Falta de atenção";"Capotamento";"Com Vítimas Feridas";"Plena noite";"Crescente";"Ceu Claro";"Simples";"Curva";"Urbano";1;0;1;0;0;0;1;1
83476184;"22/06/16";"Quarta";"07:30:00";"BA";101;"162";"CONCEICAO DO JACUIPE";"Falta de atenção";"Colisão Transversal";"Com Vítimas Feridas";"Pleno dia";"Crescente";"Ceu Claro";"Simples";"Cruzamento";"Rural";2;0;1;0;1;0;1;2
83476185;"24/06/16";"Sexta";"15:20:00";"SC";280;"212,5";"TRES BARRAS";"Falta de atenção";"Capotamento";"Com Vítimas Feridas";"Pleno dia";"Decrescente";"Nublado";"Simples";"Reta";"Rural";7;0;2;3;2;0;5;3
83476186;"24/06/16";"Sexta";"10:40:00";"MG";381;"450";"SABARA";"Falta de atenção";"Colisão Transversal";"Com Vítimas Feridas";"Pleno dia";"Decrescente";"Sol";"Simples";"Reta";"Urbano";2;0;1;0;1;0;1;2
83476187;"24/06/16";"Sexta";"13:25:00";"GO";153;"291,4";"RIALMA";"Outras";"Tombamento";"Com Vítimas Feridas";"Pleno dia";"Decrescente";"Ceu Claro";"Simples";"Reta";"Rural";1;0;1;0;0;0;1;1
83476188;"24/06/16";"Sexta";"20:30:00";"RJ";101;"189";"CASIMIRO DE ABREU";"Desobediência à sinalização";"Colisão lateral";"Com Vítimas Feridas";"Plena noite";"Decrescente";"Nublado";"Simples";"Reta";"Rural";3;0;1;0;2;0;1;2
83476189;"24/06/16";"Sexta";"18:45:00";"RO";364;"691";"PORTO VELHO";"Defeito na via";"Saída de Pista";"Com Vítimas Feridas";"Plena noite";"Crescente";"Ceu Claro";"Dupla";"Reta";"Rural";2;0;2;0;0;0;2;1
83476190;"24/06/16";"Sexta";"19:10:00";"PR";476;"144,6";"CURITIBA";"Velocidade incompatível";"Colisão lateral";"Com Vítimas Feridas";"Plena noite";"Crescente";"Ceu Claro";"Dupla";"Curva";"Urbano";5;0;2;0;3;0;2;2
83476191;"24/06/16";"Sexta";"19:10:00";"PR";376;"176,8";"MARINGA";"Desobediência à sinalização";"Colisão Transversal";"Com Vítimas Feridas";"Anoitecer";"Crescente";"Ceu Claro";"Dupla";"Cruzamento";"Urbano";2;0;0;1;0;1;1;2
83476193;"24/06/16";"Sexta";"17:15:00";"RN";304;"300";"MACAIBA";"Outras";"Atropelamento de pessoa";"Com Vítimas Feridas";"Pleno dia";"Decrescente";"Ceu Claro";"Dupla";"Reta";"Rural";2;0;0;1;1;0;1;1
83476194;"24/06/16";"Sexta";"17:54:00";"RJ";101;"475";"ANGRA DOS REIS";"Ultrapassagem indevida";"Tombamento";"Com Vítimas Feridas";"Plena noite";"Crescente";"Nublado";"Simples";"Curva";"Urbano";1;0;1;0;0;0;1;1
83476195;"24/06/16";"Sexta";"14:00:00";"MT";163;"860";"SINOP";"Falta de atenção";"Colisão Transversal";"Sem Vítimas";"Pleno dia";"Decrescente";"Ceu Claro";"Simples";"Reta";"Rural";2;0;0;0;1;1;0;2
83476196;"20/06/16";"Segunda";"11:30:00";"PE";423;"85";"GARANHUNS";"Outras";"Capotamento";"Com Vítimas Feridas";"Pleno dia";"Decrescente";"Ceu Claro";"Simples";"Reta";"Rural";3;0;3;0;0;0;3;1
83476197;"24/06/16";"Sexta";"15:40:00";"RS";392;"241,3";"CACAPAVA DO SUL";"Velocidade incompatível";"Colisão lateral";"Com Vítimas Feridas";"Pleno dia";"Decrescente";"Ceu Claro";"Simples";"Curva";"Rural";2;0;1;0;1;0;1;2
83476199;"24/06/16";"Sexta";"16:00:00";"MS";262;"450,3";"DOIS IRMAOS DO BURITI";"Ultrapassagem indevida";"Saída de Pista";"Com Vítimas Feridas";"Pleno dia";"Crescente";"Ceu Claro";"Simples";"Reta";"Rural";4;0;0;1;3;0;1;1
83476200;"24/06/16";"Sexta";"17:40:00";"PR";277;"103,6";"CAMPO LARGO";"Outras";"Colisão traseira";"Com Vítimas Feridas";"Anoitecer";"Crescente";"Nevoeiro/neblina";"Dupla";"Reta";"Urbano";2;0;0;1;1;0;1;2
83476201;"24/06/16";"Sexta";"19:30:00";"PR";376;"162,8";"MARINGA";"Outras";"Capotamento";"Com Vítimas Feridas";"Plena noite";"Crescente";"Nublado";"Dupla";"Reta";"Rural";2;0;1;0;1;0;1;1
83476202;"24/06/16";"Sexta";"20:40:00";"SC";282;"56,7";"RANCHO QUEIMADO";"Velocidade incompatível";"Colisão com objeto fixo";"Com Vítimas Feridas";"Plena noite";"Crescente";"Nublado";"Simples";"Curva";"Rural";1;0;1;0;0;0;1;1
83476203;"24/06/16";"Sexta";"20:30:00";"MG";365;"612";"UBERLANDIA";"Outras";"Colisão lateral";"Com Vítimas Feridas";"Plena noite";"Decrescente";"Ceu Claro";"Simples";"Reta";"Urbano";2;0;2;0;0;0;2;2
83476204;"24/06/16";"Sexta";"21:20:00";"MG";40;"520";"CONTAGEM";"Outras";"Capotamento";"Sem Vítimas";"Plena noite";"Crescente";"Ceu Claro";"Dupla";"Reta";"Urbano";1;0;0;0;1;0;0;1
83476205;"24/06/16";"Sexta";"21:37:00";"PR";277;"660,5";"MATELANDIA";"Falta de atenção";"Queda de motocicleta / bicicleta / veículo";"Com Vítimas Feridas";"Plena noite";"Crescente";"Ceu Claro";"Dupla";"Curva";"Rural";1;0;1;0;0;0;1;1
83476206;"24/06/16";"Sexta";"18:00:00";"MS";163;"547,4";"BANDEIRANTES";"Falta de atenção";"Saída de Pista";"Sem Vítimas";"Plena noite";"Decrescente";"Ceu Claro";"Simples";"Reta";"Urbano";3;0;0;0;3;0;0;1
83476207;"24/06/16";"Sexta";"21:25:00";"RS";392;"5,4";"RIO GRANDE";"Outras";"Saída de Pista";"Sem Vítimas";"Plena noite";"Crescente";"Nevoeiro/neblina";"Simples";"Curva";"Urbano";1;0;0;0;1;0;0;1
83476208;"18/06/16";"Sábado";"12:45:00";"RS";392;"5,5";"RIO GRANDE";"Falta de atenção";"Saída de Pista";"Sem Vítimas";"Plena noite";"Crescente";"Nevoeiro/neblina";"Simples";"Curva";"Urbano";1;0;0;0;1;0;0;1
83476210;"24/06/16";"Sexta";"21:40:00";"SP";116;"65";"GUARATINGUETA";"Outras";"Derramamento de Carga";"Sem Vítimas";"Plena noite";"Crescente";"Ceu Claro";"Dupla";"Curva";"Rural";2;0;0;0;2;0;0;2
83476211;"24/06/16";"Sexta";"18:00:00";"PB";230;"279,5";"SANTA LUZIA";"Defeito mecânico em veículo";"Incêndio";"Sem Vítimas";"Anoitecer";"Crescente";"Ceu Claro";"Simples";"Reta";"Rural";1;0;0;0;1;0;0;1
83476212;"24/06/16";"Sexta";"22:30:00";"MG";40;"89";"PARACATU";"Ingestão de álcool";"Colisão lateral";"Sem Vítimas";"Plena noite";"Crescente";"Ceu Claro";"Simples";"Reta";"Rural";3;0;0;0;3;0;0;3
83476213;"24/06/16";"Sexta";"20:00:00";"DF";40;"5,6";"BRASILIA";"Falta de atenção";"Colisão lateral";"Com Vítimas Feridas";"Plena noite";"Crescente";"Ceu Claro";"Simples";"Reta";"Rural";2;0;1;0;1;0;1;2
83476214;"24/06/16";"Sexta";"14:20:00";"GO";40;"13";"LUZIANIA";"Ingestão de álcool";"Colisão Transversal";"Sem Vítimas";"Pleno dia";"Decrescente";"Ceu Claro";"Dupla";"Reta";"Urbano";3;0;0;0;3;0;0;2
83476215;"24/06/16";"Sexta";"22:17:00";"SC";101;"200,2";"SAO JOSE";"Ultrapassagem indevida";"Colisão lateral";"Com Vítimas Fatais";"Plena noite";"Crescente";"Ceu Claro";"Múltipla";"Reta";"Urbano";3;1;0;0;2;0;0;2
83476216;"24/06/16";"Sexta";"20:15:00";"RO";364;"384,8";"OURO PRETO DO OESTE";"Ultrapassagem indevida";"Colisão frontal";"Com Vítimas Feridas";"Plena noite";"Crescente";"Ceu Claro";"Simples";"Reta";"Rural";2;0;1;1;0;0;2;2
83476217;"24/06/16";"Sexta";"22:10:00";"SC";101;"440,1";"SOMBRIO";"Falta de atenção";"Colisão lateral";"Com Vítimas Feridas";"Plena noite";"Decrescente";"Nublado";"Dupla";"Curva";"Rural";2;0;1;0;1;0;1;2
83476218;"24/06/16";"Sexta";"08:35:00";"RS";392;"4,3";"RIO GRANDE";"Falta de atenção";"Colisão Transversal";"Sem Vítimas";"Pleno dia";"Crescente";"Nevoeiro/neblina";"Simples";"Reta";"Urbano";2;0;0;0;2;0;0;2
83476219;"24/06/16";"Sexta";"20:30:00";"RO";364;"703";"PORTO VELHO";"Defeito na via";"Queda de motocicleta / bicicleta / veículo";"Com Vítimas Feridas";"Plena noite";"Decrescente";"Ceu Claro";"Dupla";"Reta";"Rural";2;0;2;0;0;0;2;1
83476220;"24/06/16";"Sexta";"18:30:00";"MS";163;"217,3";"CAARAPO";"Não guardar distância de segurança";"Colisão traseira";"Com Vítimas Feridas";"Plena noite";"Decrescente";"Nublado";"Simples";"Reta";"Rural";7;0;4;0;3;0;4;3
83476221;"24/06/16";"Sexta";"21:40:00";"BA";101;"717,5";"EUNAPOLIS";"Ingestão de álcool";"Colisão frontal";"Com Vítimas Feridas";"Plena noite";"Decrescente";"Ceu Claro";"Simples";"Cruzamento";"Urbano";2;0;1;0;1;0;1;2
83476222;"24/06/16";"Sexta";"09:50:00";"SP";116;"145";"SAO JOSE DOS CAMPOS";"Falta de atenção";"Colisão traseira";"Sem Vítimas";"Plena noite";"Decrescente";"Ceu Claro";"Dupla";"Reta";"Urbano";3;0;0;0;3;0;0;3
83476223;"20/06/16";"Segunda";"21:00:00";"CE";20;"417,5";"MARACANAU";"Outras";"Colisão lateral";"Sem Vítimas";"Plena noite";"Crescente";"Ceu Claro";"Simples";"Reta";"Urbano";3;0;0;0;2;1;0;2
83476224;"24/06/16";"Sexta";"17:50:00";"RS";293;"246,5";"DOM PEDRITO";"Outras";"Atropelamento de animal";"Sem Vítimas";"Plena noite";"Crescente";"Ceu Claro";"Simples";"Reta";"Rural";1;0;0;0;1;0;0;1
83476225;"24/06/16";"Sexta";"15:00:00";"PE";232;"126,1";"CARUARU";"Defeito mecânico em veículo";"Capotamento";"Sem Vítimas";"Pleno dia";"Crescente";"Ceu Claro";"Dupla";"Reta";"Rural";1;0;0;0;1;0;0;1
83476226;"24/06/16";"Sexta";"22:00:00";"GO";153;"175";"CAMPINORTE";"Falta de atenção";"Colisão Transversal";"Com Vítimas Feridas";"Plena noite";"Crescente";"Ignorada";"Simples";"Curva";"Urbano";2;0;1;0;1;0;1;2
83476227;"24/06/16";"Sexta";"05:30:00";"GO";153;"283,7";"NOVA GLORIA";"Animais na Pista";"Atropelamento de animal";"Sem Vítimas";"Amanhecer";"Crescente";"Ceu Claro";"Simples";"Reta";"Rural";2;0;0;0;1;1;0;1
83476228;"24/06/16";"Sexta";"19:00:00";"MG";381;"652";"SANTO ANTONIO DO AMPARO";"Outras";"Tombamento";"Com Vítimas Feridas";"Plena noite";"Decrescente";"Ceu Claro";"Dupla";"Curva";"Rural";1;0;1;0;0;0;1;1
83476229;"24/06/16";"Sexta";"12:35:00";"MG";381;"455,2";"BELO HORIZONTE";"Falta de atenção";"Colisão traseira";"Com Vítimas Feridas";"Pleno dia";"Crescente";"Sol";"Simples";"Reta";"Urbano";2;0;1;0;1;0;1;2
83476230;"24/06/16";"Sexta";"18:00:00";"MG";40;"479";"SETE LAGOAS";"Outras";"Colisão traseira";"Com Vítimas Fatais";"Plena noite";"Decrescente";"Ceu Claro";"Dupla";"Curva";"Rural";10;1;2;4;3;0;6;4
83476231;"25/06/16";"Sábado";"03:05:00";"SP";153;"38,2";"ONDA VERDE";"Defeito mecânico em veículo";"Capotamento";"Com Vítimas Feridas";"Plena noite";"Decrescente";"Ceu Claro";"Simples";"Reta";"Rural";3;0;3;0;0;0;3;1
83476232;"25/06/16";"Sábado";"02:50:00";"RS";392;"257,2";"CACAPAVA DO SUL";"Desobediência à sinalização";"Colisão lateral";"Sem Vítimas";"Plena noite";"Decrescente";"Ceu Claro";"Simples";"Reta";"Rural";2;0;0;0;1;1;0;2
83476233;"24/06/16";"Sexta";"21:30:00";"CE";116;"82,3";"OCARA";"Não guardar distância de segurança";"Colisão traseira";"Com Vítimas Feridas";"Plena noite";"Decrescente";"Ceu Claro";"Simples";"Reta";"Rural";4;0;0;1;3;0;1;4
83476234;"25/06/16";"Sábado";"00:30:00";"TO";242;"477,9";"FORMOSO DO ARAGUAIA";"Animais na Pista";"Atropelamento de animal";"Sem Vítimas";"Plena noite";"Decrescente";"Ceu Claro";"Simples";"Reta";"Urbano";2;0;0;0;1;1;0;1
83476235;"24/06/16";"Sexta";"22:00:00";"PB";230;"141,8";"CAMPINA GRANDE";"Outras";"Queda de motocicleta / bicicleta / veículo";"Com Vítimas Feridas";"Plena noite";"Decrescente";"Ceu Claro";"Dupla";"Reta";"Rural";3;0;0;1;2;0;1;1
83476236;"25/06/16";"Sábado";"03:30:00";"SC";101;"46";"JOINVILLE";"Ingestão de álcool";"Colisão traseira";"Sem Vítimas";"Plena noite";"Crescente";"Nevoeiro/neblina";"Dupla";"Reta";"Rural";2;0;0;0;2;0;0;2
83476237;"24/06/16";"Sexta";"13:50:00";"BA";101;"115";"ALAGOINHAS";"Outras";"Capotamento";"Com Vítimas Feridas";"Pleno dia";"Crescente";"Chuva";"Simples";"Reta";"Rural";2;0;1;0;1;0;1;1
83476238;"25/06/16";"Sábado";"02:50:00";"GO";60;"35";"ALEXANIA";"Defeito mecânico em veículo";"Saída de Pista";"Ignorado";"Plena noite";"Decrescente";"Ceu Claro";"Dupla";"Reta";"Rural";1;0;0;0;0;1;0;1
83476239;"25/06/16";"Sábado";"04:10:00";"PE";407;"126,4";"PETROLINA";"Falta de atenção";"Colisão traseira";"Com Vítimas Feridas";"Plena noite";"Decrescente";"Ceu Claro";"Simples";"Cruzamento";"Urbano";3;0;1;0;2;0;1;2
83476240;"25/06/16";"Sábado";"02:10:00";"PR";369;"171";"ARAPONGAS";"Falta de atenção";"Colisão frontal";"Com Vítimas Feridas";"Plena noite";"Crescente";"Ceu Claro";"Simples";"Reta";"Urbano";2;0;1;0;1;0;1;2
83476241;"24/06/16";"Sexta";"14:10:00";"DF";60;"4";"BRASILIA";"Desobediência à sinalização";"Colisão traseira";"Com Vítimas Feridas";"Pleno dia";"Decrescente";"Ceu Claro";"Dupla";"Reta";"Urbano";5;0;3;0;2;0;3;2
83476242;"24/06/16";"Sexta";"21:30:00";"MS";158;"260";"TRES LAGOAS";"Dormindo";"Colisão frontal";"Com Vítimas Feridas";"Plena noite";"Crescente";"Ceu Claro";"Simples";"Reta";"Rural";3;0;2;0;1;0;2;2