"id";"data_inversa";"dia_semana";"horario";"uf";"br";"km";"municipio";"causa_acidente";"tipo_acidente";"classificacao_acidente";"fase_dia";"sentido_via";"condicao_metereologica";"tipo_pista";"tracado_via";"uso_solo";"pessoas";"mortos";"feridos_leves";"feridos_graves";"ilesos";"ignorados";"feridos";"veiculos"
83476243;"25/06/16";"Sábado";"05:10:00";"SC";470;"58";"BLUMENAU";"Outras";"Colisão lateral";"Com Vítimas Feridas";"Plena noite";"Crescente";"Ceu Claro";"Simples";"Reta";"Urbano";2;0;1;0;1;0;1;2
83476244;"25/06/16";"Sábado";"03:00:00";"SC";282;"590";"SAUDADES";"Dormindo";"Saída de Pista";"Com Vítimas Feridas";"Plena noite";"Decrescente";"Ceu Claro";"Simples";"Curva";"Rural";1;0;0;1;0;0;1;1
83476245;"25/06/16";"Sábado";"00:30:00";"PB";230;"213,6";"SOLEDADE";"Animais na Pista";"Atropelamento de animal";"Com Vítimas Feridas";"Plena noite";"Crescente";"Ceu Claro";"Simples";"Reta";"Rural";3;0;2;0;1;0;2;1
83476246;"24/06/16";"Sexta";"19:27:00";"RS";472;"578";"URUGUAIANA";"Falta de atenção";"Colisão Transversal";"Sem Vítimas";"Plena noite";"Decrescente";"Ceu Claro";"Simples";"Reta";"Urbano";2;0;0;0;2;0;0;2
83476247;"25/06/16";"Sábado";"00:15:00";"PR";277;"345,1";"GUARAPUAVA";"Ingestão de álcool";"Colisão frontal";"Com Vítimas Feridas";"Plena noite";"Decrescente";"Nublado";"Simples";"Reta";"Urbano";2;0;0;1;1;0;1;2
83476248;"25/06/16";"Sábado";"05:00:00";"CE";116;"45";"HORIZONTE";"Outras";"Colisão lateral";"Sem Vítimas";"Pleno dia";"Crescente";"Ceu Claro";"Dupla";"Curva";"Rural";2;0;0;0;1;1;0;2
83476249;"25/06/16";"Sábado";"00:10:00";"SP";116;"280";"EMBU";"Velocidade incompatível";"Queda de motocicleta / bicicleta / veículo";"Com Vítimas Feridas";"Plena noite";"Decrescente";"Nevoeiro/neblina";"Dupla";"Reta";"Urbano";1;0;1;0;0;0;1;1
83476250;"25/06/16";"Sábado";"00:05:00";"CE";222;"3,5";"CAUCAIA";"Falta de atenção";"Colisão traseira";"Com Vítimas Feridas";"Plena noite";"Crescente";"Ceu Claro";"Dupla";"Reta";"Urbano";2;0;0;1;1;0;1;2
83476251;"25/06/16";"Sábado";"04:50:00";"SP";116;"281,2";"EMBU";"Falta de atenção";"Tombamento";"Com Vítimas Feridas";"Plena noite";"Crescente";"Nublado";"Dupla";"Reta";"Urbano";1;0;0;1;0;0;1;1
83476252;"25/06/16";"Sábado";"06:00:00";"RS";290;"1,9";"OSORIO";"Dormindo";"Saída de Pista";"Com Vítimas Feridas";"Plena noite";"Decrescente";"Nublado";"Dupla";"Reta";"Rural";3;0;3;0;0;0;3;1
83476253;"24/06/16";"Sexta";"20:50:00";"PR";373;"242";"GUAMIRANGA";"Ingestão de álcool";"Colisão frontal";"Com Vítimas Feridas";"Plena noite";"Crescente";"Ceu Claro";"Simples";"Reta";"Rural";2;0;0;1;1;0;1;2
83476254;"24/06/16";"Sexta";"23:10:00";"SE";101;"138,9";"ESTANCIA";"Desobediência à sinalização";"Colisão frontal";"Sem Vítimas";"Plena noite";"Decrescente";"Ceu Claro";"Dupla";"Reta";"Rural";3;0;0;0;1;2;0;2
83476255;"25/06/16";"Sábado";"03:40:00";"MG";116;"752,2";"LEOPOLDINA";"Outras";"Colisão lateral";"Com Vítimas Feridas";"Plena noite";"Decrescente";"Nublado";"Simples";"Reta";"Rural";3;0;0;2;0;1;2;2
83476256;"25/06/16";"Sábado";"00:10:00";"MG";50;"73";"UBERLANDIA";"Outras";"Colisão traseira";"Sem Vítimas";"Plena noite";"Crescente";"Ceu Claro";"Dupla";"Curva";"Urbano";2;0;0;0;1;1;0;2
83476258;"24/06/16";"Sexta";"21:30:00";"RS";293;"223";"DOM PEDRITO";"Animais na Pista";"Atropelamento de animal";"Sem Vítimas";"Plena noite";"Crescente";"Nublado";"Simples";"Reta";"Rural";1;0;0;0;1;0;0;1
83476259;"24/06/16";"Sexta";"22:15:00";"GO";60;"45";"ALEXANIA";"Velocidade incompatível";"Saída de Pista";"Com Vítimas Feridas";"Plena noite";"Crescente";"Ceu Claro";"Dupla";"Curva";"Rural";1;0;1;0;0;0;1;1
83476260;"24/06/16";"Sexta";"21:20:00";"MG";381;"542";"ITATIAIUCU";"Velocidade incompatível";"Queda de motocicleta / bicicleta / veículo";"Com Vítimas Feridas";"Plena noite";"Decrescente";"Ceu Claro";"Dupla";"Curva";"Rural";1;0;1;0;0;0;1;1
83476261;"28/05/16";"Sábado";"08:25:00";"SC";101;"180,9";"BIGUACU";"Dormindo";"Capotamento";"Com Vítimas Feridas";"Pleno dia";"Crescente";"Nublado";"Dupla";"Curva";"Rural";3;0;3;0;0;0;3;1
83476262;"14/06/16";"Terça";"17:30:00";"SC";282;"454,8";"PONTE SERRADA";"Falta de atenção";"Saída de Pista";"Sem Vítimas";"Pleno dia";"Decrescente";"Chuva";"Simples";"Curva";"Rural";1;0;0;0;1;0;0;1
83476263;"22/06/16";"Quarta";"03:45:00";"SP";153;"29";"NOVA GRANADA";"Outras";"Tombamento";"Com Vítimas Fatais";"Plena noite";"Decrescente";"Ceu Claro";"Simples";"Curva";"Rural";1;1;0;0;0;0;0;1
83476264;"25/06/16";"Sábado";"02:15:00";"SC";101;"117,2";"ITAJAI";"Velocidade incompatível";"Atropelamento de pessoa";"Com Vítimas Feridas";"Plena noite";"Crescente";"Nublado";"Dupla";"Cruzamento";"Urbano";2;0;0;1;1;0;1;1
83476265;"25/06/16";"Sábado";"01:00:00";"PR";158;"197";"PEABIRU";"Animais na Pista";"Atropelamento de animal";"Sem Vítimas";"Plena noite";"Decrescente";"Ceu Claro";"Simples";"Reta";"Rural";3;0;0;0;3;0;0;1
83476266;"22/06/16";"Quarta";"01:25:00";"SP";116;"114";"TAUBATE";"Falta de atenção";"Colisão com objeto fixo";"Com Vítimas Feridas";"Plena noite";"Crescente";"Nublado";"Dupla";"Reta";"Urbano";1;0;1;0;0;0;1;1
83476267;"19/06/16";"Domingo";"15:45:00";"PB";101;"79";"SANTA RITA";"Velocidade incompatível";"Capotamento";"Com Vítimas Feridas";"Pleno dia";"Crescente";"Chuva";"Dupla";"Curva";"Rural";1;0;1;0;0;0;1;1
83476268;"23/06/16";"Quinta";"18:20:00";"BA";101;"350,4";"WENCESLAU GUIMARAES";"Velocidade incompatível";"Capotamento";"Com Vítimas Feridas";"Plena noite";"Decrescente";"Ceu Claro";"Simples";"Curva";"Rural";2;0;2;0;0;0;2;1
83476269;"24/06/16";"Sexta";"22:35:00";"MG";262;"160,5";"SAO DOMINGOS DO PRATA";"Velocidade incompatível";"Tombamento";"Sem Vítimas";"Plena noite";"Decrescente";"Ceu Claro";"Simples";"Curva";"Rural";1;0;0;0;1;0;0;1
83476270;"25/06/16";"Sábado";"04:50:00";"PA";308;"155";"CAPANEMA";"Outras";"Colisão frontal";"Com Vítimas Feridas";"Plena noite";"Decrescente";"Nublado";"Simples";"Reta";"Rural";2;0;0;1;1;0;1;2
83476271;"24/06/16";"Sexta";"23:00:00";"SC";470;"14,7";"NAVEGANTES";"Defeito mecânico em veículo";"Saída de Pista";"Ignorado";"Plena noite";"Decrescente";"Nublado";"Simples";"Reta";"Rural";1;0;0;0;0;1;0;1
83476272;"22/06/16";"Quarta";"05:30:00";"PR";116;"110";"CURITIBA";"Dormindo";"Saída de Pista";"Sem Vítimas";"Amanhecer";"Crescente";"Chuva";"Dupla";"Reta";"Urbano";1;0;0;0;1;0;0;1
83476273;"24/06/16";"Sexta";"13:00:00";"MG";116;"413,8";"GOVERNADOR VALADARES";"Outras";"Colisão com bicicleta";"Com Vítimas Feridas";"Pleno dia";"Decrescente";"Sol";"Simples";"Cruzamento";"Urbano";2;0;0;1;1;0;1;2
83476274;"21/06/16";"Terça";"19:30:00";"RN";405;"164,3";"RAFAEL FERNANDES";"Outras";"Colisão traseira";"Com Vítimas Feridas";"Plena noite";"Decrescente";"Ceu Claro";"Simples";"Reta";"Rural";2;0;0;1;0;1;1;2
83476275;"20/06/16";"Segunda";"13:30:00";"RJ";356;"88";"CARDOSO MOREIRA";"Outras";"Colisão lateral";"Com Vítimas Feridas";"Pleno dia";"Crescente";"Sol";"Simples";"Reta";"Urbano";3;0;1;1;1;0;2;2
83476276;"25/06/16";"Sábado";"05:20:00";"SC";280;"116";"SAO BENTO DO SUL";"Velocidade incompatível";"Colisão Transversal";"Com Vítimas Fatais";"Amanhecer";"Decrescente";"Ceu Claro";"Simples";"Cruzamento";"Rural";6;1;0;4;1;0;4;2
83476277;"22/06/16";"Quarta";"06:40:00";"BA";324;"560";"SAO SEBASTIAO DO PASSE";"Outras";"Queda de motocicleta / bicicleta / veículo";"Com Vítimas Feridas";"Pleno dia";"Decrescente";"Ceu Claro";"Dupla";"Reta";"Rural";2;0;2;0;0;0;2;1
83476278;"24/06/16";"Sexta";"22:50:00";"PR";476;"316";"PAULO FRONTIN";"Falta de atenção";"Colisão frontal";"Com Vítimas Feridas";"Plena noite";"Crescente";"Nublado";"Simples";"Reta";"Rural";2;0;2;0;0;0;2;2
83476279;"21/06/16";"Terça";"17:45:00";"PI";316;"2,8";"TERESINA";"Falta de atenção";"Colisão com objeto fixo";"Com Vítimas Feridas";"Pleno dia";"Crescente";"Ceu Claro";"Múltipla";"Reta";"Urbano";1;0;0;1;0;0;1;1
83476280;"23/06/16";"Quinta";"21:50:00";"BA";101;"771,2";"ITABELA";"Defeito mecânico em veículo";"Tombamento";"Com Vítimas Fatais";"Plena noite";"Crescente";"Ceu Claro";"Simples";"Curva";"Rural";3;2;0;0;1;0;0;2
83476281;"22/06/16";"Quarta";"03:50:00";"PB";230;"291,8";"SANTA LUZIA";"Animais na Pista";"Atropelamento de animal";"Com Vítimas Fatais";"Plena noite";"Crescente";"Ceu Claro";"Simples";"Reta";"Urbano";2;2;0;0;0;0;0;1
83476282;"21/06/16";"Terça";"21:30:00";"PA";316;"2";"ANANINDEUA";"Falta de atenção";"Colisão lateral";"Com Vítimas Feridas";"Plena noite";"Crescente";"Ceu Claro";"Simples";"Reta";"Urbano";3;0;2;0;1;0;2;2
83476283;"04/05/16";"Quarta";"17:00:00";"MG";135;"410";"BOCAIUVA";"Falta de atenção";"Queda de motocicleta / bicicleta / veículo";"Com Vítimas Feridas";"Pleno dia";"Crescente";"Ignorada";"Simples";"Reta";"Rural";2;0;2;0;0;0;2;1
83476284;"25/06/16";"Sábado";"05:00:00";"BA";324;"586";"CANDEIAS";"Falta de atenção";"Saída de Pista";"Sem Vítimas";"Plena noite";"Crescente";"Ceu Claro";"Dupla";"Reta";"Rural";1;0;0;0;1;0;0;1
83476285;"25/06/16";"Sábado";"07:30:00";"PI";316;"9,8";"TERESINA";"Outras";"Colisão com bicicleta";"Com Vítimas Feridas";"Pleno dia";"Decrescente";"Sol";"Simples";"Reta";"Urbano";2;0;1;0;1;0;1;2
83476286;"23/06/16";"Quinta";"04:00:00";"SP";116;"95,2";"PINDAMONHANGABA";"Animais na Pista";"Atropelamento de animal";"Sem Vítimas";"Plena noite";"Decrescente";"Nublado";"Dupla";"Reta";"Rural";2;0;0;0;2;0;0;1
83476287;"25/06/16";"Sábado";"07:50:00";"PR";277;"79";"CURITIBA";"Falta de atenção";"Colisão lateral";"Com Vítimas Feridas";"Pleno dia";"Crescente";"Ceu Claro";"Dupla";"Reta";"Urbano";2;0;1;0;1;0;1;2
83476288;"22/06/16";"Quarta";"00:01:00";"RS";392;"6,9";"RIO GRANDE";"Ingestão de álcool";"Capotamento";"Sem Vítimas";"Plena noite";"Decrescente";"Ceu Claro";"Simples";"Curva";"Urbano";1;0;0;0;1;0;0;1
83476289;"05/04/16";"Terça";"11:36:00";"SC";470;"72";"INDAIAL";"Falta de atenção";"Colisão lateral";"Com Vítimas Feridas";"Pleno dia";"Crescente";"Nublado";"Simples";"Reta";"Urbano";3;0;1;1;1;0;2;2
83476290;"21/06/16";"Terça";"21:15:00";"SC";282;"235,5";"LAGES";"Ingestão de álcool";"Saída de Pista";"Com Vítimas Feridas";"Plena noite";"Decrescente";"Nublado";"Simples";"Curva";"Rural";1;0;1;0;0;0;1;1
83476291;"21/06/16";"Terça";"18:30:00";"MG";135;"576";"CORINTO";"Outras";"Colisão lateral";"Com Vítimas Feridas";"Anoitecer";"Crescente";"Ceu Claro";"Dupla";"Reta";"Urbano";6;0;4;0;1;1;4;2
83476292;"22/06/16";"Quarta";"09:00:00";"BA";324;"586";"CANDEIAS";"Outras";"Capotamento";"Com Vítimas Feridas";"Pleno dia";"Crescente";"Ceu Claro";"Dupla";"Reta";"Rural";1;0;1;0;0;0;1;1
83476293;"25/06/16";"Sábado";"08:25:00";"SC";163;"76,5";"SAO MIGUEL DOESTE";"Defeito na via";"Capotamento";"Sem Vítimas";"Pleno dia";"Crescente";"Ceu Claro";"Simples";"Reta";"Rural";2;0;0;0;2;0;0;1
83476294;"25/06/16";"Sábado";"04:55:00";"MS";463;"28,3";"DOURADOS";"Ultrapassagem indevida";"Colisão frontal";"Com Vítimas Feridas";"Plena noite";"Crescente";"Ceu Claro";"Simples";"Reta";"Rural";4;0;1;0;2;1;1;2
83476295;"22/06/16";"Quarta";"07:10:00";"RO";364;"5";"VILHENA";"Falta de atenção";"Colisão lateral";"Com Vítimas Feridas";"Pleno dia";"Decrescente";"Sol";"Simples";"Reta";"Urbano";3;0;3;0;0;0;3;2
83476296;"25/06/16";"Sábado";"07:46:00";"SP";116;"485,9";"CAJATI";"Falta de atenção";"Colisão com objeto fixo";"Sem Vítimas";"Pleno dia";"Decrescente";"Ceu Claro";"Múltipla";"Reta";"Rural";1;0;0;0;1;0;0;1
83476297;"23/06/16";"Quinta";"08:00:00";"BA";324;"554";"AMELIA RODRIGUES";"Outras";"Colisão traseira";"Com Vítimas Feridas";"Pleno dia";"Decrescente";"Sol";"Dupla";"Reta";"Rural";6;0;1;0;5;0;1;5
83476298;"17/06/16";"Sexta";"19:28:00";"PE";423;"21";"SAO CAITANO";"Falta de atenção";"Colisão lateral";"Com Vítimas Feridas";"Plena noite";"Crescente";"Nublado";"Simples";"Curva";"Rural";4;0;1;0;3;0;1;2
83476299;"22/06/16";"Quarta";"04:00:00";"RJ";116;"195,4";"QUEIMADOS";"Outras";"Colisão com objeto fixo";"Sem Vítimas";"Amanhecer";"Crescente";"Nublado";"Dupla";"Reta";"Urbano";2;0;0;0;1;1;0;2
83476300;"24/06/16";"Sexta";"18:30:00";"MG";116;"78,9";"MEDINA";"Falta de atenção";"Colisão Transversal";"Com Vítimas Feridas";"Plena noite";"Crescente";"Ceu Claro";"Simples";"Reta";"Rural";3;0;2;0;1;0;2;2
83476301;"24/06/16";"Sexta";"17:30:00";"RS";116;"122,7";"SAO MARCOS";"Falta de atenção";"Colisão lateral";"Com Vítimas Feridas";"Anoitecer";"Decrescente";"Ceu Claro";"Dupla";"Curva";"Rural";2;0;1;0;1;0;1;2
83476302;"19/06/16";"Domingo";"17:40:00";"SP";116;"207";"GUARULHOS";"Ingestão de álcool";"Colisão traseira";"Com Vítimas Feridas";"Anoitecer";"Crescente";"Nublado";"Dupla";"Reta";"Urbano";5;0;1;0;4;0;1;4
83476303;"21/06/16";"Terça";"18:50:00";"SP";116;"282,3";"EMBU";"Outras";"Queda de motocicleta / bicicleta / veículo";"Com Vítimas Feridas";"Plena noite";"Crescente";"Nublado";"Dupla";"Reta";"Urbano";1;0;1;0;0;0;1;1
83476304;"25/06/16";"Sábado";"08:10:00";"RS";287;"248,6";"SANTA MARIA";"Falta de atenção";"Colisão frontal";"Sem Vítimas";"Pleno dia";"Crescente";"Nublado";"Simples";"Reta";"Urbano";2;0;0;0;2;0;0;2
83476305;"25/06/16";"Sábado";"09:20:00";"RJ";101;"475,6";"ANGRA DOS REIS";"Não guardar distância de segurança";"Colisão traseira";"Com Vítimas Feridas";"Pleno dia";"Crescente";"Sol";"Simples";"Curva";"Urbano";3;0;2;0;1;0;2;2
83476306;"25/06/16";"Sábado";"07:44:00";"SP";116;"227";"GUARULHOS";"Dormindo";"Saída de Pista";"Sem Vítimas";"Pleno dia";"Decrescente";"Nublado";"Múltipla";"Reta";"Urbano";1;0;0;0;1;0;0;1
83476307;"25/06/16";"Sábado";"08:00:00";"MG";267;"322,5";"CONCEICAO DO RIO VERDE";"Velocidade incompatível";"Saída de Pista";"Com Vítimas Feridas";"Amanhecer";"Crescente";"Nevoeiro/neblina";"Simples";"Curva";"Rural";2;0;1;0;1;0;1;1
83476308;"25/06/16";"Sábado";"09:40:00";"AL";316;"222,8";"ATALAIA";"Outras";"Saída de Pista";"Sem Vítimas";"Pleno dia";"Crescente";"Ceu Claro";"Simples";"Reta";"Rural";1;0;0;0;1;0;0;1
83476309;"25/06/16";"Sábado";"07:40:00";"PR";280;"258,5";"MARMELEIRO";"Ingestão de álcool";"Colisão traseira";"Sem Vítimas";"Amanhecer";"Decrescente";"Nublado";"Simples";"Reta";"Urbano";3;0;0;0;3;0;0;3
83476310;"25/06/16";"Sábado";"03:10:00";"MG";116;"173,6";"PADRE PARAISO";"Velocidade incompatível";"Tombamento";"Sem Vítimas";"Plena noite";"Crescente";"Ceu Claro";"Simples";"Curva";"Rural";1;0;0;0;1;0;0;1
83476311;"30/05/16";"Segunda";"22:00:00";"RO";364;"282,4";"PRESIDENTE MEDICI";"Não guardar distância de segurança";"Colisão lateral";"Sem Vítimas";"Plena noite";"Decrescente";"Ignorada";"Simples";"Reta";"Urbano";3;0;0;0;3;0;0;3
83476312;"25/06/16";"Sábado";"04:40:00";"MT";364;"404";"CUIABA";"Ingestão de álcool";"Colisão com objeto fixo";"Ignorado";"Plena noite";"Crescente";"Ceu Claro";"Dupla";"Reta";"Urbano";1;0;0;0;0;1;0;1
83476313;"25/06/16";"Sábado";"05:00:00";"MT";163;"1068";"GUARANTA DO NORTE";"Velocidade incompatível";"Capotamento";"Com Vítimas Feridas";"Amanhecer";"Decrescente";"Ceu Claro";"Simples";"Reta";"Rural";2;0;0;2;0;0;2;1
83476314;"23/06/16";"Quinta";"19:20:00";"PR";467;"109";"CASCAVEL";"Animais na Pista";"Atropelamento de animal";"Com Vítimas Fatais";"Plena noite";"Decrescente";"Ceu Claro";"Dupla";"Reta";"Rural";1;1;0;0;0;0;0;1
83476315;"25/06/16";"Sábado";"01:00:00";"PA";316;"4";"ANANINDEUA";"Velocidade incompatível";"Colisão com objeto fixo";"Ignorado";"Plena noite";"Crescente";"Ceu Claro";"Dupla";"Reta";"Urbano";3;0;0;0;0;3;0;1
83476316;"21/06/16";"Terça";"21:00:00";"RJ";101;"169";"MACAE";"Outras";"Colisão com objeto fixo";"Sem Vítimas";"Plena noite";"Decrescente";"Chuva";"Simples";"Reta";"Urbano";1;0;0;0;1;0;0;1
83476317;"11/01/16";"Segunda";"02:00:00";"SC";101;"83";"BARRA VELHA";"Velocidade incompatível";"Saída de Pista";"Com Vítimas Feridas";"Plena noite";"Decrescente";"Nublado";"Múltipla";"Reta";"Urbano";1;0;1;0;0;0;1;1
83476318;"25/06/16";"Sábado";"08:30:00";"MG";381;"888,3";"CAMBUI";"Outras";"Saída de Pista";"Com Vítimas Feridas";"Pleno dia";"Decrescente";"Ceu Claro";"Dupla";"Reta";"Rural";1;0;1;0;0;0;1;1
83476319;"25/06/16";"Sábado";"05:00:00";"PE";232;"36,3";"VITORIA DE SANTO ANTAO";"Dormindo";"Saída de Pista";"Com Vítimas Feridas";"Amanhecer";"Decrescente";"Ceu Claro";"Dupla";"Curva";"Urbano";2;0;2;0;0;0;2;1
83476320;"22/06/16";"Quarta";"05:32:00";"MT";174;"208";"PORTO ESPERIDIAO";"Outras";"Capotamento";"Com Vítimas Feridas";"Amanhecer";"Crescente";"Ceu Claro";"Simples";"Reta";"Rural";2;0;2;0;0;0;2;1
83476321;"25/06/16";"Sábado";"07:10:00";"RS";290;"88";"PORTO ALEGRE";"Outras";"Saída de Pista";"Sem Vítimas";"Amanhecer";"Decrescente";"Nevoeiro/neblina";"Dupla";"Reta";"Urbano";1;0;0;0;1;0;0;1
83476322;"25/06/16";"Sábado";"12:20:00";"GO";153;"500";"GOIANIA";"Não guardar distância de segurança";"Colisão lateral";"Sem Vítimas";"Pleno dia";"Crescente";"Ceu Claro";"Dupla";"Reta";"Urbano";2;0;0;0;2;0;0;2
83476323;"25/06/16";"Sábado";"10:05:00";"TO";153;"141,7";"ARAGUAINA";"Outras";"Colisão Transversal";"Com Vítimas Feridas";"Pleno dia";"Decrescente";"Sol";"Simples";"Reta";"Urbano";4;0;1;0;2;1;1;4
83476324;"25/06/16";"Sábado";"08:10:00";"MG";40;"756,9";"EWBANK DA CAMARA";"Velocidade incompatível";"Saída de Pista";"Com Vítimas Feridas";"Pleno dia";"Decrescente";"Nublado";"Simples";"Curva";"Rural";2;0;0;1;1;0;1;2
83476325;"24/05/16";"Terça";"23:45:00";"MG";381;"933";"EXTREMA";"Velocidade incompatível";"Tombamento";"Com Vítimas Feridas";"Plena noite";"Crescente";"Nublado";"Dupla";"Curva";"Rural";2;0;2;0;0;0;2;1
83476326;"25/06/16";"Sábado";"10:20:00";"PR";376;"591";"CURITIBA";"Velocidade incompatível";"Saída de Pista";"Com Vítimas Feridas";"Pleno dia";"Decrescente";"Nublado";"Dupla";"Reta";"Urbano";1;0;1;0;0;0;1;1
83476327;"25/06/16";"Sábado";"08:10:00";"MG";40;"752,8";"EWBANK DA CAMARA";"Velocidade incompatível";"Saída de Pista";"Sem Vítimas";"Pleno dia";"Decrescente";"Ceu Claro";"Simples";"Curva";"Urbano";1;0;0;0;1;0;0;1
83476328;"25/06/16";"Sábado";"07:34:00";"RO";319;"59,5";"PORTO VELHO";"Desobediência à sinalização";"Colisão Transversal";"Com Vítimas Feridas";"Pleno dia";"Decrescente";"Ceu Claro";"Dupla";"Cruzamento";"Urbano";2;0;0;1;0;1;1;2
83476329;"25/06/16";"Sábado";"06:30:00";"MT";174;"52";"PONTES E LACERDA";"Dormindo";"Saída de Pista";"Com Vítimas Feridas";"Amanhecer";"Crescente";"Ceu Claro";"Simples";"Reta";"Rural";1;0;1;0;0;0;1;1
83476330;"25/06/16";"Sábado";"13:10:00";"SC";101;"334";"TUBARAO";"Falta de atenção";"Tombamento";"Com Vítimas Feridas";"Pleno dia";"Crescente";"Sol";"Simples";"Reta";"Urbano";2;0;1;0;1;0;1;2
83476332;"16/05/16";"Segunda";"08:15:00";"SC";101;"199";"SAO JOSE";"Falta de atenção";"Colisão Transversal";"Com Vítimas Feridas";"Pleno dia";"Crescente";"Ceu Claro";"Dupla";"Cruzamento";"Urbano";2;0;1;0;1;0;1;2
83476333;"02/06/16";"Quinta";"06:05:00";"PR";476;"122";"CURITIBA";"Velocidade incompatível";"Capotamento";"Com Vítimas Feridas";"Amanhecer";"Crescente";"Ceu Claro";"Múltipla";"Reta";"Urbano";2;0;0;1;1;0;1;1
83476335;"25/06/16";"Sábado";"07:30:00";"PE";424;"123,2";"CORRENTES";"Ultrapassagem indevida";"Capotamento";"Com Vítimas Feridas";"Pleno dia";"Decrescente";"Nublado";"Simples";"Curva";"Rural";2;0;1;0;0;1;1;2
83476336;"25/06/16";"Sábado";"11:45:00";"PR";277;"360,1";"GUARAPUAVA";"Falta de atenção";"Colisão lateral";"Com Vítimas Feridas";"Pleno dia";"Decrescente";"Sol";"Simples";"Reta";"Rural";3;0;1;0;2;0;1;2
83476337;"25/06/16";"Sábado";"09:30:00";"RS";392;"2";"RIO GRANDE";"Defeito na via";"Saída de Pista";"Sem Vítimas";"Pleno dia";"Crescente";"Nevoeiro/neblina";"Simples";"Curva";"Urbano";1;0;0;0;1;0;0;1
83476338;"25/06/16";"Sábado";"13:20:00";"MG";40;"616,6";"CONGONHAS";"Velocidade incompatível";"Saída de Pista";"Com Vítimas Feridas";"Pleno dia";"Crescente";"Ceu Claro";"Simples";"Curva";"Rural";2;0;1;0;0;1;1;1
83476339;"25/06/16";"Sábado";"11:35:00";"MG";262;"730";"PERDIZES";"Desobediência à sinalização";"Colisão frontal";"Com Vítimas Feridas";"Pleno dia";"Decrescente";"Sol";"Simples";"Reta";"Rural";2;0;1;0;1;0;1;2
83476340;"25/06/16";"Sábado";"11:30:00";"MG";40;"660,3";"CARANDAI";"Falta de atenção";"Colisão Transversal";"Sem Vítimas";"Pleno dia";"Crescente";"Ceu Claro";"Simples";"Reta";"Urbano";2;0;0;0;2;0;0;2
83476341;"25/06/16";"Sábado";"11:05:00";"PR";376;"149";"PRESIDENTE CASTELO BRANCO";"Defeito mecânico em veículo";"Colisão traseira";"Com Vítimas Feridas";"Pleno dia";"Decrescente";"Sol";"Múltipla";"Reta";"Rural";3;0;1;0;2;0;1;3
83476343;"21/04/16";"Quinta";"01:40:00";"MT";364;"270,4";"JACIARA";"Desobediência à sinalização";"Colisão frontal";"Com Vítimas Fatais";"Plena noite";"Decrescente";"Ceu Claro";"Dupla";"Reta";"Urbano";4;1;0;3;0;0;3;2
83476344;"01/06/16";"Quarta";"23:45:00";"RS";392;"340,6";"SANTA MARIA";"Defeito mecânico em veículo";"Tombamento";"Com Vítimas Feridas";"Plena noite";"Decrescente";"Nublado";"Simples";"Reta";"Rural";2;0;1;0;1;0;1;1
83476345;"25/06/16";"Sábado";"11:20:00";"SP";116;"188,9";"SANTA ISABEL";"Outras";"Colisão traseira";"Sem Vítimas";"Pleno dia";"Crescente";"Ceu Claro";"Dupla";"Curva";"Rural";2;0;0;0;2;0;0;2
83476346;"25/06/16";"Sábado";"14:20:00";"SC";101;"137,5";"BALNEARIO CAMBORIU";"Falta de atenção";"Colisão traseira";"Com Vítimas Feridas";"Pleno dia";"Crescente";"Nublado";"Simples";"Reta";"Urbano";3;0;0;2;0;1;2;3
83476347;"25/06/16";"Sábado";"14:00:00";"SC";101;"137,5";"BALNEARIO CAMBORIU";"Falta de atenção";"Colisão traseira";"Com Vítimas Feridas";"Pleno dia";"Crescente";"Ceu Claro";"Dupla";"Reta";"Urbano";3;0;1;0;2;0;1;2
83476348;"25/06/16";"Sábado";"13:30:00";"RN";101;"85,2";"NATAL";"Falta de atenção";"Colisão lateral";"Com Vítimas Feridas";"Pleno dia";"Decrescente";"Ceu Claro";"Dupla";"Reta";"Urbano";2;0;1;0;1;0;1;2
83476349;"25/06/16";"Sábado";"12:20:00";"RS";116;"246,7";"SAO LEOPOLDO";"Falta de atenção";"Colisão traseira";"Com Vítimas Feridas";"Plena noite";"Decrescente";"Sol";"Dupla";"Reta";"Urbano";4;0;1;0;3;0;1;3
83476350;"25/06/16";"Sábado";"11:50:00";"RS";285;"656,8";"SAO BORJA";"Velocidade incompatível";"Colisão lateral";"Sem Vítimas";"Pleno dia";"Decrescente";"Chuva";"Simples";"Reta";"Rural";2;0;0;0;2;0;0;2
83476351;"01/05/16";"Domingo";"06:20:00";"RS";116;"267";"CANOAS";"Outras";"Colisão traseira";"Sem Vítimas";"Amanhecer";"Crescente";"Ceu Claro";"Dupla";"Reta";"Urbano";2;0;0;0;2;0;0;2
83476352;"21/06/16";"Terça";"22:30:00";"SC";101;"204";"SAO JOSE";"Animais na Pista";"Queda de motocicleta / bicicleta / veículo";"Com Vítimas Feridas";"Plena noite";"Decrescente";"Nublado";"Dupla";"Reta";"Urbano";2;0;2;0;0;0;2;1
83476353;"23/06/16";"Quinta";"09:10:00";"BA";101;"489";"ITAJUIPE";"Ultrapassagem indevida";"Colisão frontal";"Com Vítimas Feridas";"Pleno dia";"Decrescente";"Ceu Claro";"Simples";"Reta";"Rural";7;0;6;1;0;0;7;2