"id";"data_inversa";"dia_semana";"horario";"uf";"br";"km";"municipio";"causa_acidente";"tipo_acidente";"classificacao_acidente";"fase_dia";"sentido_via";"condicao_metereologica";"tipo_pista";"tracado_via";"uso_solo";"pessoas";"mortos";"feridos_leves";"feridos_graves";"ilesos";"ignorados";"feridos";"veiculos"
83476354;"09/06/16";"Quinta";"18:05:00";"RS";158;"322,1";"SANTA MARIA";"Falta de atenção";"Colisão Transversal";"Sem Vítimas";"Pleno dia";"Decrescente";"Ceu Claro";"Simples";"Curva";"Urbano";2;0;0;0;2;0;0;2
83476355;"22/06/16";"Quarta";"08:30:00";"SP";116;"162";"JACAREI";"Não guardar distância de segurança";"Colisão traseira";"Sem Vítimas";"Amanhecer";"Decrescente";"Ceu Claro";"Dupla";"Reta";"Rural";3;0;0;0;3;0;0;3
83476356;"25/06/16";"Sábado";"14:05:00";"PE";232;"38,4";"VITORIA DE SANTO ANTAO";"Dormindo";"Colisão traseira";"Com Vítimas Feridas";"Pleno dia";"Crescente";"Ceu Claro";"Dupla";"Reta";"Urbano";3;0;1;0;2;0;1;2
83476357;"25/06/16";"Sábado";"05:00:00";"MG";267;"113";"JUIZ DE FORA";"Dormindo";"Saída de Pista";"Com Vítimas Feridas";"Plena noite";"Crescente";"Ceu Claro";"Simples";"Reta";"Rural";2;0;2;0;0;0;2;1
83476358;"25/06/16";"Sábado";"13:45:00";"MS";158;"266";"TRES LAGOAS";"Outras";"Saída de Pista";"Com Vítimas Feridas";"Pleno dia";"Crescente";"Ceu Claro";"Simples";"Reta";"Rural";1;0;1;0;0;0;1;1
83476359;"25/06/16";"Sábado";"06:30:00";"PE";232;"84";"GRAVATA";"Ingestão de álcool";"Colisão traseira";"Com Vítimas Feridas";"Pleno dia";"Decrescente";"Ceu Claro";"Dupla";"Reta";"Rural";4;0;1;0;3;0;1;2
83476360;"25/06/16";"Sábado";"13:20:00";"RS";285;"660,5";"SAO BORJA";"Velocidade incompatível";"Saída de Pista";"Sem Vítimas";"Pleno dia";"Decrescente";"Chuva";"Simples";"Reta";"Rural";2;0;0;0;2;0;0;1
83476361;"25/06/16";"Sábado";"12:00:00";"PE";232;"16";"JABOATAO DOS GUARARAPES";"Falta de atenção";"Capotamento";"Com Vítimas Feridas";"Pleno dia";"Crescente";"Ceu Claro";"Dupla";"Reta";"Rural";2;0;2;0;0;0;2;1
83476362;"25/06/16";"Sábado";"07:30:00";"MG";381;"505";"BETIM";"Velocidade incompatível";"Colisão traseira";"Com Vítimas Fatais";"Pleno dia";"Crescente";"Ceu Claro";"Dupla";"Reta";"Rural";3;1;0;0;2;0;0;2
83476363;"22/06/16";"Quarta";"12:50:00";"RS";448;"10";"CANOAS";"Velocidade incompatível";"Saída de Pista";"Sem Vítimas";"Pleno dia";"Crescente";"Ceu Claro";"Dupla";"Reta";"Urbano";1;0;0;0;1;0;0;1
83476364;"25/06/16";"Sábado";"04:00:00";"MS";267;"126";"NOVA ANDRADINA";"Defeito mecânico em veículo";"Saída de Pista";"Ignorado";"Plena noite";"Decrescente";"Ignorada";"Simples";"Reta";"Rural";1;0;0;0;0;1;0;1
83476365;"25/06/16";"Sábado";"08:25:00";"GO";153;"396";"PIRENOPOLIS";"Outras";"Queda de motocicleta / bicicleta / veículo";"Com Vítimas Feridas";"Pleno dia";"Decrescente";"Ceu Claro";"Simples";"Reta";"Urbano";1;0;1;0;0;0;1;1
83476366;"25/06/16";"Sábado";"06:00:00";"SC";470;"49,1";"BLUMENAU";"Outras";"Colisão frontal";"Com Vítimas Fatais";"Plena noite";"Crescente";"Nevoeiro/neblina";"Simples";"Curva";"Urbano";6;3;1;0;2;0;1;3
83476367;"25/06/16";"Sábado";"05:30:00";"MS";267;"135,2";"NOVA ANDRADINA";"Animais na Pista";"Atropelamento de animal";"Sem Vítimas";"Amanhecer";"Crescente";"Ceu Claro";"Simples";"Reta";"Rural";1;0;0;0;1;0;0;1
83476368;"25/06/16";"Sábado";"15:00:00";"MG";262;"33,2";"MANHUACU";"Falta de atenção";"Colisão traseira";"Com Vítimas Feridas";"Pleno dia";"Decrescente";"Ceu Claro";"Simples";"Reta";"Rural";2;0;0;1;1;0;1;2
83476369;"21/06/16";"Terça";"20:35:00";"PR";277;"462";"LARANJEIRAS DO SUL";"Velocidade incompatível";"Saída de Pista";"Com Vítimas Feridas";"Plena noite";"Crescente";"Nublado";"Simples";"Curva";"Rural";2;0;1;0;1;0;1;1
83476370;"25/06/16";"Sábado";"14:15:00";"MG";40;"285,3";"TRES MARIAS";"Falta de atenção";"Saída de Pista";"Sem Vítimas";"Pleno dia";"Decrescente";"Ceu Claro";"Simples";"Curva";"Rural";5;0;0;0;5;0;0;1
83476371;"25/06/16";"Sábado";"11:10:00";"MG";40;"132";"JOAO PINHEIRO";"Outras";"Saída de Pista";"Sem Vítimas";"Pleno dia";"Crescente";"Sol";"Simples";"Reta";"Rural";4;0;0;0;4;0;0;2
83476372;"25/06/16";"Sábado";"14:45:00";"GO";153;"543";"PIRACANJUBA";"Defeito mecânico em veículo";"Colisão lateral";"Sem Vítimas";"Pleno dia";"Crescente";"Ceu Claro";"Múltipla";"Reta";"Rural";2;0;0;0;2;0;0;2
83476373;"25/06/16";"Sábado";"13:50:00";"MS";163;"565";"BANDEIRANTES";"Outras";"Colisão traseira";"Com Vítimas Feridas";"Pleno dia";"Crescente";"Ceu Claro";"Simples";"Reta";"Rural";4;0;2;0;2;0;2;3
83476374;"25/06/16";"Sábado";"14:45:00";"SC";282;"4,4";"FLORIANOPOLIS";"Falta de atenção";"Colisão traseira";"Com Vítimas Feridas";"Pleno dia";"Crescente";"Sol";"Múltipla";"Reta";"Urbano";5;0;3;0;2;0;3;3
83476375;"25/06/16";"Sábado";"15:00:00";"MA";222;"675";"ACAILANDIA";"Falta de atenção";"Colisão traseira";"Sem Vítimas";"Pleno dia";"Decrescente";"Ceu Claro";"Simples";"Reta";"Urbano";4;0;0;0;4;0;0;4
83476376;"25/06/16";"Sábado";"11:50:00";"ES";262;"30";"DOMINGOS MARTINS";"Velocidade incompatível";"Saída de Pista";"Com Vítimas Feridas";"Pleno dia";"Crescente";"Nublado";"Simples";"Curva";"Rural";2;0;1;0;1;0;1;1
83476377;"25/06/16";"Sábado";"10:30:00";"GO";153;"184";"CAMPINORTE";"Não guardar distância de segurança";"Colisão frontal";"Sem Vítimas";"Pleno dia";"Crescente";"Sol";"Simples";"Reta";"Rural";3;0;0;0;3;0;0;2
83476378;"25/06/16";"Sábado";"14:20:00";"PR";476;"134,9";"CURITIBA";"Falta de atenção";"Colisão traseira";"Com Vítimas Feridas";"Pleno dia";"Decrescente";"Ceu Claro";"Múltipla";"Reta";"Urbano";5;0;3;1;0;1;4;3
83476379;"25/06/16";"Sábado";"16:00:00";"RJ";393;"146";"TRES RIOS";"Falta de atenção";"Colisão com objeto fixo";"Com Vítimas Feridas";"Pleno dia";"Crescente";"Ceu Claro";"Simples";"Curva";"Rural";2;0;1;1;0;0;2;1
83476380;"25/06/16";"Sábado";"16:10:00";"RS";290;"455,9";"SAO GABRIEL";"Animais na Pista";"Saída de Pista";"Sem Vítimas";"Pleno dia";"Decrescente";"Chuva";"Simples";"Curva";"Rural";1;0;0;0;1;0;0;1
83476381;"25/06/16";"Sábado";"15:30:00";"MS";163;"462";"CAMPO GRANDE";"Falta de atenção";"Colisão lateral";"Com Vítimas Feridas";"Pleno dia";"Decrescente";"Ceu Claro";"Simples";"Reta";"Rural";13;0;1;0;12;0;1;2
83476382;"21/06/16";"Terça";"18:35:00";"PR";153;"375,5";"RIO AZUL";"Outras";"Colisão lateral";"Com Vítimas Feridas";"Plena noite";"Decrescente";"Chuva";"Simples";"Curva";"Rural";2;0;1;0;1;0;1;2
83476383;"25/06/16";"Sábado";"07:00:00";"MG";381;"809,6";"CAREACU";"Velocidade incompatível";"Capotamento";"Sem Vítimas";"Pleno dia";"Decrescente";"Nevoeiro/neblina";"Dupla";"Curva";"Rural";1;0;0;0;1;0;0;1
83476384;"25/06/16";"Sábado";"06:20:00";"MG";116;"31,7";"AGUAS VERMELHAS";"Falta de atenção";"Colisão frontal";"Com Vítimas Feridas";"Pleno dia";"Crescente";"Nublado";"Simples";"Curva";"Rural";18;0;6;2;10;0;8;2
83476385;"25/06/16";"Sábado";"14:40:00";"RR";401;"24";"BONFIM";"Dormindo";"Tombamento";"Com Vítimas Feridas";"Pleno dia";"Decrescente";"Ceu Claro";"Simples";"Reta";"Rural";5;0;3;0;2;0;3;1
83476386;"25/06/16";"Sábado";"17:00:00";"PR";277;"651";"MATELANDIA";"Velocidade incompatível";"Saída de Pista";"Com Vítimas Feridas";"Pleno dia";"Crescente";"Ceu Claro";"Simples";"Reta";"Rural";2;0;1;0;1;0;1;2
83476387;"18/06/16";"Sábado";"04:00:00";"SC";101;"205";"SAO JOSE";"Falta de atenção";"Atropelamento de pessoa";"Com Vítimas Feridas";"Plena noite";"Crescente";"Nublado";"Dupla";"Reta";"Urbano";2;0;1;0;1;0;1;1
83476388;"22/06/16";"Quarta";"06:10:00";"SC";282;"5,5";"SAO JOSE";"Outras";"Colisão traseira";"Sem Vítimas";"Amanhecer";"Crescente";"Chuva";"Dupla";"Reta";"Urbano";2;0;0;0;2;0;0;2
83476389;"25/06/16";"Sábado";"16:00:00";"ES";262;"33,4";"DOMINGOS MARTINS";"Velocidade incompatível";"Saída de Pista";"Com Vítimas Feridas";"Pleno dia";"Crescente";"Chuva";"Simples";"Curva";"Rural";2;0;1;0;1;0;1;1
83476390;"25/06/16";"Sábado";"13:40:00";"ES";262;"60";"MARECHAL FLORIANO";"Velocidade incompatível";"Colisão frontal";"Sem Vítimas";"Pleno dia";"Decrescente";"Nublado";"Simples";"Reta";"Rural";3;0;0;0;3;0;0;3
83476391;"25/06/16";"Sábado";"02:20:00";"MA";230;"403";"BALSAS";"Ingestão de álcool";"Colisão frontal";"Com Vítimas Feridas";"Plena noite";"Crescente";"Ignorada";"Simples";"Reta";"Urbano";3;0;0;2;1;0;2;2
83476392;"25/06/16";"Sábado";"15:00:00";"MG";116;"514,3";"UBAPORANGA";"Outras";"Queda de motocicleta / bicicleta / veículo";"Com Vítimas Feridas";"Pleno dia";"Decrescente";"Ceu Claro";"Simples";"Reta";"Rural";1;0;0;1;0;0;1;1
83476393;"25/06/16";"Sábado";"15:30:00";"RJ";101;"96";"CAMPOS DOS GOYTACAZES";"Falta de atenção";"Saída de Pista";"Sem Vítimas";"Pleno dia";"Decrescente";"Nublado";"Simples";"Curva";"Rural";1;0;0;0;1;0;0;1
83476394;"25/06/16";"Sábado";"16:00:00";"MS";163;"132,9";"NAVIRAI";"Outras";"Saída de Pista";"Com Vítimas Fatais";"Pleno dia";"Crescente";"Ceu Claro";"Simples";"Curva";"Rural";1;1;0;0;0;0;0;1
83476395;"25/06/16";"Sábado";"13:42:00";"CE";222;"310";"TIANGUA";"Falta de atenção";"Colisão Transversal";"Com Vítimas Feridas";"Pleno dia";"Crescente";"Ceu Claro";"Simples";"Curva";"Urbano";2;0;1;0;1;0;1;2
83476396;"25/06/16";"Sábado";"17:15:00";"SC";101;"205";"SAO JOSE";"Não guardar distância de segurança";"Colisão lateral";"Com Vítimas Feridas";"Pleno dia";"Crescente";"Ceu Claro";"Dupla";"Reta";"Urbano";3;0;1;0;1;1;1;2
83476397;"25/06/16";"Sábado";"18:15:00";"MG";365;"0,2";"MONTES CLAROS";"Velocidade incompatível";"Queda de motocicleta / bicicleta / veículo";"Com Vítimas Feridas";"Plena noite";"Crescente";"Ceu Claro";"Simples";"Cruzamento";"Urbano";1;0;1;0;0;0;1;1
83476398;"25/06/16";"Sábado";"19:15:00";"MG";381;"497,5";"BETIM";"Outras";"Queda de motocicleta / bicicleta / veículo";"Com Vítimas Feridas";"Plena noite";"Crescente";"Ceu Claro";"Dupla";"Reta";"Urbano";1;0;1;0;0;0;1;1
83476399;"25/06/16";"Sábado";"18:15:00";"PR";376;"263,7";"MARILANDIA DO SUL";"Falta de atenção";"Colisão com bicicleta";"Com Vítimas Feridas";"Anoitecer";"Crescente";"Ceu Claro";"Simples";"Curva";"Rural";2;0;1;0;0;1;1;2
83476400;"25/06/16";"Sábado";"17:45:00";"SC";101;"147,5";"ITAPEMA";"Não guardar distância de segurança";"Colisão lateral";"Com Vítimas Feridas";"Anoitecer";"Decrescente";"Ceu Claro";"Simples";"Reta";"Urbano";3;0;1;0;2;0;1;2
83476401;"25/06/16";"Sábado";"10:50:00";"PI";343;"10,8";"PARNAIBA";"Falta de atenção";"Colisão Transversal";"Com Vítimas Fatais";"Pleno dia";"Decrescente";"Sol";"Simples";"Reta";"Urbano";3;1;1;0;1;0;1;3
83476402;"25/06/16";"Sábado";"18:15:00";"PR";116;"126";"FAZENDA RIO GRANDE";"Falta de atenção";"Colisão traseira";"Sem Vítimas";"Anoitecer";"Decrescente";"Ceu Claro";"Dupla";"Reta";"Urbano";3;0;0;0;3;0;0;3
83476403;"25/06/16";"Sábado";"16:50:00";"RJ";101;"87";"CAMPOS DOS GOYTACAZES";"Ultrapassagem indevida";"Colisão frontal";"Com Vítimas Feridas";"Pleno dia";"Decrescente";"Nublado";"Simples";"Curva";"Rural";5;0;1;0;4;0;1;3
83476404;"25/06/16";"Sábado";"16:40:00";"RS";468;"104,5";"TRES PASSOS";"Desobediência à sinalização";"Colisão lateral";"Com Vítimas Feridas";"Pleno dia";"Decrescente";"Ceu Claro";"Simples";"Reta";"Urbano";2;0;1;0;1;0;1;2
83476405;"25/06/16";"Sábado";"17:00:00";"SC";470;"166";"POUSO REDONDO";"Falta de atenção";"Capotamento";"Com Vítimas Feridas";"Anoitecer";"Crescente";"Nublado";"Simples";"Curva";"Rural";1;0;1;0;0;0;1;1
83476406;"25/06/16";"Sábado";"14:00:00";"MA";316;"452";"PERITORO";"Falta de atenção";"Colisão frontal";"Com Vítimas Fatais";"Pleno dia";"Crescente";"Sol";"Simples";"Reta";"Rural";2;1;0;0;1;0;0;2
83476407;"25/06/16";"Sábado";"14:11:00";"RS";386;"21,7";"FREDERICO WESTPHALEN";"Dormindo";"Colisão lateral";"Sem Vítimas";"Pleno dia";"Crescente";"Sol";"Simples";"Curva";"Rural";3;0;0;0;3;0;0;3
83476408;"21/06/16";"Terça";"18:00:00";"PA";153;"49,1";"SAO DOMINGOS DO ARAGUAIA";"Falta de atenção";"Tombamento";"Sem Vítimas";"Plena noite";"Decrescente";"Ceu Claro";"Simples";"Curva";"Rural";1;0;0;0;1;0;0;1
83476409;"25/06/16";"Sábado";"19:15:00";"RO";364;"341,9";"JI-PARANA";"Falta de atenção";"Colisão Transversal";"Com Vítimas Feridas";"Plena noite";"Crescente";"Ceu Claro";"Simples";"Reta";"Urbano";4;0;1;0;3;0;1;2
83476410;"22/06/16";"Quarta";"07:20:00";"MT";70;"634,7";"POCONE";"Defeito mecânico em veículo";"Incêndio";"Sem Vítimas";"Pleno dia";"Crescente";"Sol";"Simples";"Reta";"Rural";1;0;0;0;1;0;0;1
83476412;"25/06/16";"Sábado";"19:00:00";"MG";381;"938,8";"EXTREMA";"Falta de atenção";"Colisão lateral";"Sem Vítimas";"Plena noite";"Crescente";"Ceu Claro";"Dupla";"Reta";"Rural";2;0;0;0;2;0;0;2
83476413;"25/06/16";"Sábado";"19:30:00";"SC";101;"194,2";"BIGUACU";"Falta de atenção";"Colisão Transversal";"Com Vítimas Feridas";"Plena noite";"Decrescente";"Nublado";"Múltipla";"Cruzamento";"Urbano";2;0;1;0;1;0;1;2
83476414;"25/06/16";"Sábado";"14:00:00";"BA";101;"810";"ITAMARAJU";"Falta de atenção";"Colisão Transversal";"Com Vítimas Feridas";"Pleno dia";"Crescente";"Ceu Claro";"Simples";"Curva";"Urbano";3;0;1;1;1;0;2;2
83476415;"25/06/16";"Sábado";"14:30:00";"MG";381;"783";"SAO GONCALO DO SAPUCAI";"Falta de atenção";"Saída de Pista";"Sem Vítimas";"Pleno dia";"Decrescente";"Nublado";"Dupla";"Reta";"Rural";1;0;0;0;1;0;0;1
83476416;"25/06/16";"Sábado";"15:00:00";"MS";158;"132,4";"APARECIDA DO TABOADO";"Dormindo";"Saída de Pista";"Com Vítimas Feridas";"Pleno dia";"Decrescente";"Ceu Claro";"Simples";"Reta";"Rural";1;0;1;0;0;0;1;1
83476417;"25/06/16";"Sábado";"13:00:00";"BA";324;"483";"SANTA BARBARA";"Outras";"Colisão frontal";"Com Vítimas Fatais";"Pleno dia";"Crescente";"Ceu Claro";"Simples";"Curva";"Rural";5;1;2;2;0;0;4;2
83476418;"25/06/16";"Sábado";"18:40:00";"SC";282;"572,5";"NOVA ERECHIM";"Desobediência à sinalização";"Colisão frontal";"Com Vítimas Feridas";"Plena noite";"Crescente";"Ceu Claro";"Simples";"Reta";"Rural";2;0;1;1;0;0;2;2
83476419;"25/06/16";"Sábado";"19:00:00";"RJ";393;"283";"VOLTA REDONDA";"Outras";"Atropelamento de pessoa";"Com Vítimas Feridas";"Plena noite";"Crescente";"Ceu Claro";"Simples";"Reta";"Urbano";2;0;0;1;1;0;1;1
83476420;"25/06/16";"Sábado";"19:00:00";"PE";407;"126,8";"PETROLINA";"Desobediência à sinalização";"Colisão traseira";"Com Vítimas Feridas";"Plena noite";"Crescente";"Ceu Claro";"Dupla";"Cruzamento";"Urbano";3;0;2;0;1;0;2;2
83476421;"25/06/16";"Sábado";"18:30:00";"MG";40;"88,9";"PARACATU";"Falta de atenção";"Atropelamento de pessoa";"Com Vítimas Fatais";"Plena noite";"Decrescente";"Ceu Claro";"Simples";"Reta";"Rural";5;1;0;0;4;0;0;1
83476422;"25/06/16";"Sábado";"12:50:00";"PA";163;"1001";"SANTAREM";"Outras";"Colisão frontal";"Com Vítimas Feridas";"Pleno dia";"Decrescente";"Sol";"Dupla";"Reta";"Urbano";3;0;2;0;0;1;2;3
83476423;"25/06/16";"Sábado";"18:00:00";"MS";262;"323,5";"CAMPO GRANDE";"Falta de atenção";"Colisão Transversal";"Com Vítimas Feridas";"Plena noite";"Decrescente";"Ceu Claro";"Simples";"Reta";"Urbano";2;0;0;1;1;0;1;2
83476424;"25/06/16";"Sábado";"20:15:00";"PR";476;"250";"SAO MATEUS DO SUL";"Ingestão de álcool";"Colisão frontal";"Com Vítimas Feridas";"Plena noite";"Crescente";"Nublado";"Simples";"Reta";"Rural";2;0;0;1;1;0;1;2
83476425;"25/06/16";"Sábado";"19:05:00";"PR";476;"144,5";"CURITIBA";"Falta de atenção";"Atropelamento de pessoa";"Com Vítimas Fatais";"Plena noite";"Decrescente";"Nublado";"Dupla";"Reta";"Urbano";3;1;0;0;1;1;0;2
83476426;"25/06/16";"Sábado";"22:15:00";"RJ";101;"323";"NITEROI";"Defeito mecânico em veículo";"Colisão traseira";"Com Vítimas Feridas";"Plena noite";"Decrescente";"Ceu Claro";"Dupla";"Reta";"Urbano";6;0;4;0;2;0;4;2
83476427;"25/06/16";"Sábado";"18:20:00";"SP";116;"420";"JUQUIA";"Falta de atenção";"Colisão traseira";"Com Vítimas Fatais";"Plena noite";"Decrescente";"Nublado";"Dupla";"Curva";"Rural";3;1;0;0;0;2;0;3
83476428;"25/06/16";"Sábado";"18:40:00";"SP";116;"419,9";"JUQUIA";"Falta de atenção";"Colisão traseira";"Sem Vítimas";"Plena noite";"Decrescente";"Ceu Claro";"Dupla";"Curva";"Rural";3;0;0;0;2;1;0;2
83476429;"25/06/16";"Sábado";"15:40:00";"RS";386;"420";"MONTENEGRO";"Velocidade incompatível";"Tombamento";"Com Vítimas Feridas";"Pleno dia";"Crescente";"Ceu Claro";"Simples";"Curva";"Rural";1;0;1;0;0;0;1;1
83476430;"25/06/16";"Sábado";"19:46:00";"PR";277;"637,6";"CEU AZUL";"Ultrapassagem indevida";"Colisão frontal";"Com Vítimas Feridas";"Anoitecer";"Decrescente";"Nublado";"Simples";"Reta";"Rural";5;0;4;1;0;0;5;2
83476431;"25/06/16";"Sábado";"19:30:00";"RS";386;"409,9";"TRIUNFO";"Falta de atenção";"Colisão Transversal";"Com Vítimas Feridas";"Plena noite";"Crescente";"Ceu Claro";"Dupla";"Reta";"Rural";6;0;2;0;4;0;2;2
83476432;"25/06/16";"Sábado";"18:45:00";"SC";101;"196";"BIGUACU";"Não guardar distância de segurança";"Colisão lateral";"Com Vítimas Feridas";"Plena noite";"Decrescente";"Nublado";"Múltipla";"Reta";"Urbano";3;0;1;0;2;0;1;2
83476433;"25/06/16";"Sábado";"22:00:00";"RS";386;"426,5";"MONTENEGRO";"Ingestão de álcool";"Colisão com objeto fixo";"Sem Vítimas";"Plena noite";"Crescente";"Ceu Claro";"Simples";"Reta";"Rural";1;0;0;0;1;0;0;1
83476434;"25/06/16";"Sábado";"16:10:00";"RS";470;"269,5";"SAO JOSE DO SUL";"Velocidade incompatível";"Tombamento";"Sem Vítimas";"Plena noite";"Decrescente";"Ceu Claro";"Simples";"Curva";"Rural";1;0;0;0;1;0;0;1
83476435;"25/06/16";"Sábado";"09:45:00";"PR";467;"91";"CASCAVEL";"Outras";"Capotamento";"Com Vítimas Feridas";"Pleno dia";"Crescente";"Sol";"Dupla";"Curva";"Rural";1;0;0;1;0;0;1;1
83476436;"25/06/16";"Sábado";"21:40:00";"PR";467;"110";"CASCAVEL";"Outras";"Atropelamento de pessoa";"Com Vítimas Feridas";"Plena noite";"Crescente";"Ceu Claro";"Dupla";"Reta";"Rural";3;0;0;1;2;0;1;1
83476437;"25/06/16";"Sábado";"14:50:00";"MG";365;"594";"INDIANOPOLIS";"Outras";"Queda de motocicleta / bicicleta / veículo";"Com Vítimas Feridas";"Pleno dia";"Decrescente";"Ceu Claro";"Simples";"Reta";"Rural";2;0;0;2;0;0;2;1
83476438;"25/06/16";"Sábado";"20:20:00";"RJ";116;"83";"TERESOPOLIS";"Outras";"Atropelamento de pessoa";"Com Vítimas Feridas";"Plena noite";"Crescente";"Ceu Claro";"Simples";"Reta";"Urbano";2;0;0;1;0;1;1;1
83476439;"22/06/16";"Quarta";"06:00:00";"MT";174;"205";"PORTO ESPERIDIAO";"Falta de atenção";"Tombamento";"Sem Vítimas";"Pleno dia";"Crescente";"Ceu Claro";"Simples";"Reta";"Rural";1;0;0;0;1;0;0;1
83476440;"25/06/16";"Sábado";"17:50:00";"PE";423;"180,1";"AGUAS BELAS";"Outras";"Colisão traseira";"Sem Vítimas";"Anoitecer";"Decrescente";"Ceu Claro";"Simples";"Reta";"Rural";2;0;0;0;1;1;0;2
83476441;"25/06/16";"Sábado";"15:30:00";"MG";146;"555,4";"ANDRADAS";"Defeito mecânico em veículo";"Queda de motocicleta / bicicleta / veículo";"Com Vítimas Feridas";"Pleno dia";"Crescente";"Ceu Claro";"Simples";"Reta";"Rural";2;0;1;1;0;0;2;1
83476442;"25/06/16";"Sábado";"18:00:00";"MG";365;"683";"MONTE ALEGRE DE MINAS";"Falta de atenção";"Colisão traseira";"Com Vítimas Feridas";"Anoitecer";"Crescente";"Ceu Claro";"Dupla";"Reta";"Rural";2;0;1;0;0;1;1;2
83476443;"25/06/16";"Sábado";"16:30:00";"RO";364;"206";"PIMENTA BUENO";"Dormindo";"Saída de Pista";"Sem Vítimas";"Pleno dia";"Decrescente";"Sol";"Simples";"Curva";"Rural";1;0;0;0;1;0;0;1
83476444;"25/06/16";"Sábado";"13:20:00";"MS";158;"119,3";"APARECIDA DO TABOADO";"Outras";"Capotamento";"Com Vítimas Feridas";"Pleno dia";"Crescente";"Ceu Claro";"Simples";"Reta";"Rural";2;0;1;0;1;0;1;1
83476445;"25/06/16";"Sábado";"22:10:00";"MG";40;"560,7";"NOVA LIMA";"Outras";"Atropelamento de pessoa";"Com Vítimas Fatais";"Plena noite";"Crescente";"Ceu Claro";"Dupla";"Reta";"Rural";2;1;0;0;0;1;0;1
83476446;"25/06/16";"Sábado";"17:35:00";"GO";364;"101,5";"CACHOEIRA ALTA";"Outras";"Saída de Pista";"Com Vítimas Feridas";"Pleno dia";"Decrescente";"Ceu Claro";"Simples";"Reta";"Rural";1;0;0;1;0;0;1;1
83476447;"26/06/16";"Domingo";"00:10:00";"CE";222;"220";"SOBRAL";"Falta de atenção";"Queda de motocicleta / bicicleta / veículo";"Com Vítimas Feridas";"Plena noite";"Crescente";"Ceu Claro";"Simples";"Reta";"Rural";2;0;1;1;0;0;2;1
83476448;"25/06/16";"Sábado";"13:50:00";"PI";343;"547";"AMARANTE";"Dormindo";"Saída de Pista";"Sem Vítimas";"Pleno dia";"Crescente";"Ceu Claro";"Simples";"Reta";"Rural";1;0;0;0;1;0;0;1
83476449;"25/06/16";"Sábado";"22:00:00";"SC";470;"99";"APIUNA";"Falta de atenção";"Colisão Transversal";"Com Vítimas Feridas";"Plena noite";"Crescente";"Ceu Claro";"Simples";"Reta";"Urbano";2;0;1;0;1;0;1;2
83476450;"25/06/16";"Sábado";"15:30:00";"GO";20;"165";"ALVORADA DO NORTE";"Defeito na via";"Saída de Pista";"Com Vítimas Feridas";"Pleno dia";"Decrescente";"Ceu Claro";"Simples";"Reta";"Rural";1;0;1;0;0;0;1;1
83476451;"25/06/16";"Sábado";"23:09:00";"PR";369;"150,2";"LONDRINA";"Outras";"Colisão com objeto fixo";"Ignorado";"Plena noite";"Decrescente";"Ceu Claro";"Dupla";"Reta";"Urbano";1;0;0;0;0;1;0;1
83476452;"26/06/16";"Domingo";"00:25:00";"PR";376;"106,4";"PARANAVAI";"Falta de atenção";"Colisão traseira";"Com Vítimas Feridas";"Plena noite";"Decrescente";"Ceu Claro";"Simples";"Reta";"Rural";2;0;1;0;0;1;1;2
83476453;"25/06/16";"Sábado";"20:15:00";"PR";376;"178";"MARINGA";"Ingestão de álcool";"Colisão Transversal";"Com Vítimas Feridas";"Plena noite";"Decrescente";"Ceu Claro";"Dupla";"Reta";"Urbano";3;0;2;0;1;0;2;2
83476454;"21/06/16";"Terça";"12:10:00";"RJ";40;"62";"PETROPOLIS";"Falta de atenção";"Colisão traseira";"Sem Vítimas";"Pleno dia";"Crescente";"Nublado";"Simples";"Curva";"Urbano";3;0;0;0;3;0;0;2
83476455;"25/06/16";"Sábado";"11:00:00";"MS";163;"366";"NOVA ALVORADA DO SUL";"Ingestão de álcool";"Colisão traseira";"Com Vítimas Feridas";"Pleno dia";"Crescente";"Ceu Claro";"Dupla";"Reta";"Urbano";4;0;2;0;2;0;2;2
83476456;"25/06/16";"Sábado";"14:00:00";"PE";408;"72,5";"PAUDALHO";"Falta de atenção";"Colisão traseira";"Sem Vítimas";"Pleno dia";"Crescente";"Sol";"Dupla";"Curva";"Urbano";2;0;0;0;2;0;0;2
83476457;"25/06/16";"Sábado";"04:30:00";"MT";163;"786,5";"VERA";"Falta de atenção";"Colisão Transversal";"Com Vítimas Feridas";"Plena noite";"Decrescente";"Ceu Claro";"Simples";"Reta";"Rural";2;0;1;0;1;0;1;2
83476458;"25/06/16";"Sábado";"18:30:00";"MS";163;"263";"DOURADOS";"Falta de atenção";"Queda de motocicleta / bicicleta / veículo";"Com Vítimas Feridas";"Plena noite";"Decrescente";"Ceu Claro";"Dupla";"Cruzamento";"Urbano";1;0;1;0;0;0;1;1
83476459;"26/06/16";"Domingo";"01:00:00";"RS";290;"100";"PORTO ALEGRE";"Ingestão de álcool";"Colisão traseira";"Sem Vítimas";"Plena noite";"Crescente";"Nublado";"Simples";"Reta";"Urbano";2;0;0;0;2;0;0;2
83476460;"25/06/16";"Sábado";"22:40:00";"MS";163;"207";"CAARAPO";"Outras";"Saída de Pista";"Com Vítimas Feridas";"Plena noite";"Crescente";"Ceu Claro";"Simples";"Cruzamento";"Rural";2;0;2;0;0;0;2;1