"id";"data_inversa";"dia_semana";"horario";"uf";"br";"km";"municipio";"causa_acidente";"tipo_acidente";"classificacao_acidente";"fase_dia";"sentido_via";"condicao_metereologica";"tipo_pista";"tracado_via";"uso_solo";"pessoas";"mortos";"feridos_leves";"feridos_graves";"ilesos";"ignorados";"feridos";"veiculos"
83476461;"25/06/16";"Sábado";"23:40:00";"RS";470;"156";"NOVA PRATA";"Falta de atenção";"Danos Eventuais";"Sem Vítimas";"Plena noite";"Crescente";"Ceu Claro";"Simples";"Reta";"Urbano";2;0;0;0;1;1;0;1
83476462;"25/06/16";"Sábado";"22:20:00";"TO";153;"656,9";"GURUPI";"Ingestão de álcool";"Colisão lateral";"Com Vítimas Fatais";"Plena noite";"Crescente";"Ceu Claro";"Simples";"Reta";"Rural";2;1;0;0;1;0;0;2
83476463;"26/06/16";"Domingo";"01:10:00";"GO";153;"444";"ANAPOLIS";"Ingestão de álcool";"Queda de motocicleta / bicicleta / veículo";"Com Vítimas Feridas";"Plena noite";"Crescente";"Ceu Claro";"Dupla";"Curva";"Urbano";1;0;0;1;0;0;1;1
83476464;"22/06/16";"Quarta";"19:30:00";"AL";101;"46,2";"FLEXEIRAS";"Não guardar distância de segurança";"Colisão traseira";"Sem Vítimas";"Plena noite";"Decrescente";"Nublado";"Simples";"Reta";"Rural";2;0;0;0;2;0;0;2
83476465;"26/06/16";"Domingo";"02:30:00";"RS";386;"247,3";"SOLEDADE";"Falta de atenção";"Colisão Transversal";"Com Vítimas Feridas";"Plena noite";"Crescente";"Nublado";"Simples";"Cruzamento";"Urbano";3;0;2;0;1;0;2;2
83476466;"25/06/16";"Sábado";"18:00:00";"PE";232;"9,5";"JABOATAO DOS GUARARAPES";"Outras";"Atropelamento de pessoa";"Com Vítimas Feridas";"Plena noite";"Decrescente";"Ceu Claro";"Dupla";"Reta";"Urbano";2;0;1;0;1;0;1;1
83476467;"25/06/16";"Sábado";"19:45:00";"DF";60;"3";"BRASILIA";"Ingestão de álcool";"Colisão traseira";"Sem Vítimas";"Plena noite";"Crescente";"Ceu Claro";"Dupla";"Reta";"Rural";2;0;0;0;2;0;0;2
83476468;"25/06/16";"Sábado";"20:45:00";"MG";381;"529";"BRUMADINHO";"Velocidade incompatível";"Queda de motocicleta / bicicleta / veículo";"Com Vítimas Feridas";"Plena noite";"Decrescente";"Ceu Claro";"Dupla";"Curva";"Rural";1;0;1;0;0;0;1;1
83476469;"25/06/16";"Sábado";"23:30:00";"PE";428;"181,9";"PETROLINA";"Outras";"Colisão frontal";"Com Vítimas Fatais";"Plena noite";"Crescente";"Ignorada";"Simples";"Cruzamento";"Rural";2;1;0;0;0;1;0;2
83476470;"25/06/16";"Sábado";"15:00:00";"SE";101;"173";"UMBAUBA";"Outras";"Saída de Pista";"Sem Vítimas";"Pleno dia";"Decrescente";"Nublado";"Simples";"Curva";"Rural";1;0;0;0;1;0;0;1
83476471;"26/06/16";"Domingo";"00:01:00";"GO";60;"91,3";"ANAPOLIS";"Outras";"Colisão traseira";"Com Vítimas Feridas";"Plena noite";"Decrescente";"Ceu Claro";"Dupla";"Reta";"Urbano";3;0;2;0;0;1;2;2
83476472;"25/06/16";"Sábado";"18:50:00";"PE";424;"85,8";"GARANHUNS";"Outras";"Capotamento";"Com Vítimas Feridas";"Plena noite";"Crescente";"Nublado";"Simples";"Reta";"Urbano";1;0;0;1;0;0;1;1
83476473;"26/06/16";"Domingo";"00:00:00";"RS";287;"312";"SAO PEDRO DO SUL";"Ingestão de álcool";"Capotamento";"Sem Vítimas";"Plena noite";"Crescente";"Nublado";"Simples";"Reta";"Rural";1;0;0;0;1;0;0;1
83476474;"26/06/16";"Domingo";"00:45:00";"MG";40;"671,5";"CARANDAI";"Velocidade incompatível";"Saída de Pista";"Com Vítimas Feridas";"Plena noite";"Decrescente";"Ceu Claro";"Simples";"Curva";"Rural";1;0;1;0;0;0;1;1
83476475;"24/06/16";"Sexta";"04:20:00";"SC";101;"328,7";"CAPIVARI DE BAIXO";"Falta de atenção";"Colisão traseira";"Com Vítimas Feridas";"Plena noite";"Crescente";"Ceu Claro";"Dupla";"Reta";"Rural";4;0;1;0;3;0;1;3
83476476;"26/06/16";"Domingo";"03:30:00";"PB";101;"89";"JOAO PESSOA";"Dormindo";"Capotamento";"Sem Vítimas";"Plena noite";"Crescente";"Ceu Claro";"Dupla";"Reta";"Urbano";1;0;0;0;1;0;0;1
83476477;"25/06/16";"Sábado";"23:10:00";"PR";376;"353,8";"ORTIGUEIRA";"Ingestão de álcool";"Colisão frontal";"Com Vítimas Feridas";"Plena noite";"Crescente";"Ceu Claro";"Simples";"Reta";"Rural";6;0;4;1;0;1;5;2
83476478;"25/06/16";"Sábado";"21:25:00";"GO";70;"3,6";"AGUAS LINDAS DE GOIAS";"Ingestão de álcool";"Colisão traseira";"Com Vítimas Feridas";"Plena noite";"Crescente";"Ceu Claro";"Dupla";"Reta";"Urbano";5;0;2;0;3;0;2;2
83476479;"25/06/16";"Sábado";"21:40:00";"SP";116;"280,2";"EMBU";"Desobediência à sinalização";"Colisão com objeto fixo";"Sem Vítimas";"Plena noite";"Crescente";"Ceu Claro";"Dupla";"Reta";"Rural";2;0;0;0;2;0;0;2
83476480;"26/06/16";"Domingo";"03:45:00";"RN";405;"0,5";"MOSSORO";"Outras";"Colisão Transversal";"Ignorado";"Plena noite";"Crescente";"Ceu Claro";"Dupla";"Cruzamento";"Urbano";3;0;0;0;0;3;0;2
83476481;"26/06/16";"Domingo";"04:40:00";"BA";101;"952";"MUCURI";"Dormindo";"Queda de motocicleta / bicicleta / veículo";"Com Vítimas Feridas";"Plena noite";"Crescente";"Nublado";"Simples";"Reta";"Rural";1;0;1;0;0;0;1;1
83476483;"26/06/16";"Domingo";"04:30:00";"SC";282;"499,7";"XANXERE";"Ingestão de álcool";"Saída de Pista";"Sem Vítimas";"Plena noite";"Crescente";"Ceu Claro";"Dupla";"Reta";"Urbano";1;0;0;0;1;0;0;1
83476484;"25/06/16";"Sábado";"19:20:00";"DF";80;"15,4";"BRASILIA";"Outras";"Colisão Transversal";"Com Vítimas Feridas";"Plena noite";"Crescente";"Ceu Claro";"Simples";"Reta";"Rural";2;0;0;1;1;0;1;2
83476485;"25/06/16";"Sábado";"19:30:00";"PR";277;"58";"SAO JOSE DOS PINHAIS";"Velocidade incompatível";"Colisão traseira";"Com Vítimas Feridas";"Plena noite";"Decrescente";"Ceu Claro";"Dupla";"Reta";"Rural";4;0;2;0;2;0;2;2
83476486;"25/06/16";"Sábado";"19:50:00";"GO";60;"104,8";"ANAPOLIS";"Ingestão de álcool";"Colisão lateral";"Sem Vítimas";"Plena noite";"Decrescente";"Ceu Claro";"Dupla";"Reta";"Rural";3;0;0;0;3;0;0;2
83476487;"26/06/16";"Domingo";"05:05:00";"MG";40;"547,5";"NOVA LIMA";"Dormindo";"Saída de Pista";"Sem Vítimas";"Plena noite";"Decrescente";"Ceu Claro";"Dupla";"Reta";"Rural";1;0;0;0;1;0;0;1
83476488;"23/06/16";"Quinta";"13:30:00";"PB";230;"31,5";"BAYEUX";"Não guardar distância de segurança";"Colisão traseira";"Sem Vítimas";"Pleno dia";"Crescente";"Ceu Claro";"Dupla";"Reta";"Urbano";4;0;0;0;4;0;0;4
83476489;"26/06/16";"Domingo";"05:00:00";"PE";104;"63,5";"CARUARU";"Outras";"Colisão com objeto fixo";"Ignorado";"Amanhecer";"Crescente";"Chuva";"Dupla";"Reta";"Urbano";1;0;0;0;0;1;0;1
83476490;"26/06/16";"Domingo";"04:00:00";"SC";101;"140,4";"BALNEARIO CAMBORIU";"Falta de atenção";"Colisão traseira";"Sem Vítimas";"Plena noite";"Decrescente";"Ceu Claro";"Simples";"Reta";"Rural";2;0;0;0;2;0;0;2
83476491;"26/06/16";"Domingo";"00:07:00";"PR";277;"78,3";"CURITIBA";"Velocidade incompatível";"Colisão traseira";"Com Vítimas Fatais";"Plena noite";"Decrescente";"Nublado";"Simples";"Reta";"Rural";3;1;0;0;1;1;0;3
83476492;"25/06/16";"Sábado";"10:00:00";"AL";316;"83";"SANTANA DO IPANEMA";"Outras";"Colisão com objeto móvel";"Com Vítimas Feridas";"Pleno dia";"Crescente";"Ceu Claro";"Simples";"Reta";"Urbano";2;0;1;0;1;0;1;1
83476493;"26/06/16";"Domingo";"04:55:00";"PR";153;"21,3";"JACAREZINHO";"Dormindo";"Saída de Pista";"Com Vítimas Feridas";"Plena noite";"Crescente";"Nublado";"Simples";"Reta";"Rural";1;0;0;1;0;0;1;1
83476494;"26/06/16";"Domingo";"04:00:00";"SC";280;"0,1";"SAO FRANCISCO DO SUL";"Ultrapassagem indevida";"Colisão frontal";"Com Vítimas Feridas";"Plena noite";"Crescente";"Nublado";"Simples";"Curva";"Urbano";2;0;0;1;1;0;1;2
83476495;"26/06/16";"Domingo";"05:30:00";"SP";116;"209";"GUARULHOS";"Outras";"Colisão com objeto fixo";"Com Vítimas Feridas";"Plena noite";"Decrescente";"Nublado";"Dupla";"Reta";"Urbano";2;0;1;0;1;0;1;1
83476496;"25/06/16";"Sábado";"18:30:00";"MG";381;"441";"SABARA";"Ingestão de álcool";"Colisão frontal";"Com Vítimas Feridas";"Plena noite";"Decrescente";"Ceu Claro";"Simples";"Curva";"Rural";5;0;4;1;0;0;5;2
83476497;"26/06/16";"Domingo";"04:45:00";"RO";174;"16";"VILHENA";"Outras";"Queda de motocicleta / bicicleta / veículo";"Com Vítimas Feridas";"Plena noite";"Crescente";"Ceu Claro";"Dupla";"Reta";"Urbano";1;0;1;0;0;0;1;1
83476499;"26/06/16";"Domingo";"02:40:00";"MG";381;"430,8";"SABARA";"Outras";"Tombamento";"Com Vítimas Feridas";"Amanhecer";"Decrescente";"Ceu Claro";"Simples";"Curva";"Rural";1;0;1;0;0;0;1;1
83476500;"25/06/16";"Sábado";"21:35:00";"MG";40;"246,2";"SAO GONCALO DO ABAETE";"Falta de atenção";"Colisão Transversal";"Com Vítimas Feridas";"Plena noite";"Decrescente";"Ceu Claro";"Simples";"Reta";"Rural";2;0;1;0;1;0;1;2
83476501;"24/06/16";"Sexta";"19:30:00";"PE";101;"66";"RECIFE";"Falta de atenção";"Atropelamento de pessoa";"Com Vítimas Fatais";"Plena noite";"Decrescente";"Ceu Claro";"Dupla";"Curva";"Urbano";2;1;0;1;0;0;1;1
83476502;"24/06/16";"Sexta";"04:50:00";"PB";101;"115,8";"CAAPORA";"Ingestão de álcool";"Capotamento";"Com Vítimas Feridas";"Amanhecer";"Crescente";"Chuva";"Dupla";"Reta";"Rural";1;0;1;0;0;0;1;1
83476503;"21/06/16";"Terça";"11:20:00";"RJ";101;"245";"SILVA JARDIM";"Outras";"Colisão Transversal";"Com Vítimas Fatais";"Pleno dia";"Crescente";"Ceu Claro";"Simples";"Reta";"Rural";2;1;0;0;1;0;0;2
83476504;"22/06/16";"Quarta";"22:00:00";"CE";116;"18,1";"EUSEBIO";"Defeito mecânico em veículo";"Colisão com objeto fixo";"Com Vítimas Feridas";"Plena noite";"Decrescente";"Ceu Claro";"Dupla";"Reta";"Urbano";3;0;2;0;1;0;2;1
83476505;"26/06/16";"Domingo";"04:45:00";"CE";304;"86";"ARACATI";"Dormindo";"Saída de Pista";"Com Vítimas Feridas";"Amanhecer";"Crescente";"Ceu Claro";"Simples";"Reta";"Rural";1;0;1;0;0;0;1;1
83476506;"26/06/16";"Domingo";"05:45:00";"RS";285;"580";"SAO LUIZ GONZAGA";"Falta de atenção";"Saída de Pista";"Sem Vítimas";"Plena noite";"Crescente";"Nublado";"Simples";"Reta";"Rural";3;0;0;0;3;0;0;1
83476507;"26/06/16";"Domingo";"07:25:00";"PE";116;"30";"SALGUEIRO";"Ingestão de álcool";"Queda de motocicleta / bicicleta / veículo";"Com Vítimas Feridas";"Pleno dia";"Crescente";"Chuva";"Simples";"Reta";"Rural";1;0;1;0;0;0;1;1
83476508;"23/06/16";"Quinta";"19:10:00";"PB";230;"12,5";"CABEDELO";"Não guardar distância de segurança";"Colisão traseira";"Com Vítimas Feridas";"Plena noite";"Crescente";"Ceu Claro";"Dupla";"Reta";"Urbano";3;0;2;0;0;1;2;2
83476509;"22/06/16";"Quarta";"16:00:00";"BA";324;"543";"AMELIA RODRIGUES";"Outras";"Colisão com objeto fixo";"Sem Vítimas";"Pleno dia";"Crescente";"Nublado";"Dupla";"Reta";"Urbano";1;0;0;0;1;0;0;1
83476510;"24/06/16";"Sexta";"05:30:00";"RN";226;"241,9";"JUCURUTU";"Dormindo";"Capotamento";"Com Vítimas Fatais";"Amanhecer";"Crescente";"Ceu Claro";"Simples";"Curva";"Rural";1;1;0;0;0;0;0;1
83476511;"19/06/16";"Domingo";"07:00:00";"MG";381;"925,4";"ITAPEVA";"Velocidade incompatível";"Capotamento";"Sem Vítimas";"Amanhecer";"Decrescente";"Ceu Claro";"Dupla";"Curva";"Rural";2;0;0;0;2;0;0;1
83476512;"20/06/16";"Segunda";"11:00:00";"SC";282;"18,3";"PALHOCA";"Desobediência à sinalização";"Colisão Transversal";"Com Vítimas Fatais";"Pleno dia";"Crescente";"Ceu Claro";"Simples";"Curva";"Urbano";2;1;0;0;1;0;0;2
83476513;"18/06/16";"Sábado";"21:00:00";"MG";262;"670,6";"IBIA";"Outras";"Saída de Pista";"Com Vítimas Feridas";"Plena noite";"Decrescente";"Nublado";"Simples";"Reta";"Rural";1;0;1;0;0;0;1;1
83476514;"23/06/16";"Quinta";"02:30:00";"PE";423;"22,9";"SAO CAITANO";"Dormindo";"Capotamento";"Com Vítimas Feridas";"Plena noite";"Crescente";"Nublado";"Simples";"Curva";"Rural";1;0;1;0;0;0;1;1
83476515;"22/06/16";"Quarta";"07:15:00";"RJ";101;"319";"SAO GONCALO";"Não guardar distância de segurança";"Colisão traseira";"Com Vítimas Feridas";"Pleno dia";"Crescente";"Ceu Claro";"Dupla";"Reta";"Urbano";9;0;1;0;5;3;1;8
83476516;"22/06/16";"Quarta";"08:35:00";"RJ";116;"166";"RIO DE JANEIRO";"Não guardar distância de segurança";"Colisão traseira";"Com Vítimas Feridas";"Pleno dia";"Decrescente";"Ceu Claro";"Múltipla";"Reta";"Urbano";2;0;1;0;1;0;1;2
83476517;"22/06/16";"Quarta";"08:10:00";"BA";407;"177";"PONTO NOVO";"Ultrapassagem indevida";"Colisão traseira";"Com Vítimas Fatais";"Pleno dia";"Decrescente";"Ceu Claro";"Simples";"Reta";"Rural";7;1;2;1;3;0;3;2
83476518;"25/06/16";"Sábado";"05:40:00";"PR";369;"153,1";"LONDRINA";"Ingestão de álcool";"Colisão com objeto fixo";"Sem Vítimas";"Plena noite";"Crescente";"Ceu Claro";"Dupla";"Reta";"Urbano";1;0;0;0;1;0;0;1
83476519;"20/06/16";"Segunda";"01:50:00";"MG";381;"835,7";"SAO SEBASTIAO DA BELA VISTA";"Dormindo";"Colisão com objeto fixo";"Com Vítimas Feridas";"Plena noite";"Crescente";"Ceu Claro";"Dupla";"Curva";"Rural";1;0;1;0;0;0;1;1
83476520;"02/06/16";"Quinta";"18:40:00";"RN";110;"44";"MOSSORO";"Animais na Pista";"Atropelamento de animal";"Com Vítimas Feridas";"Plena noite";"Crescente";"Ignorada";"Simples";"Reta";"Rural";2;0;1;0;0;1;1;1
83476521;"22/06/16";"Quarta";"20:45:00";"GO";153;"543,1";"HIDROLANDIA";"Outras";"Saída de Pista";"Com Vítimas Fatais";"Pleno dia";"Crescente";"Ceu Claro";"Dupla";"Reta";"Rural";1;1;0;0;0;0;0;1
83476522;"24/06/16";"Sexta";"19:30:00";"PA";316;"1";"ANANINDEUA";"Ingestão de álcool";"Colisão traseira";"Com Vítimas Feridas";"Plena noite";"Crescente";"Ceu Claro";"Dupla";"Reta";"Urbano";2;0;1;0;1;0;1;2
83476523;"24/06/16";"Sexta";"05:30:00";"SP";116;"320";"JUQUITIBA";"Falta de atenção";"Colisão traseira";"Sem Vítimas";"Amanhecer";"Decrescente";"Nevoeiro/neblina";"Dupla";"Reta";"Rural";2;0;0;0;2;0;0;2
83476524;"21/06/16";"Terça";"17:45:00";"GO";60;"464,2";"JATAI";"Falta de atenção";"Atropelamento de pessoa";"Com Vítimas Fatais";"Anoitecer";"Decrescente";"Ceu Claro";"Dupla";"Curva";"Urbano";2;1;0;0;1;0;0;1
83476525;"12/06/16";"Domingo";"23:30:00";"BA";367;"24,5";"PORTO SEGURO";"Velocidade incompatível";"Colisão traseira";"Sem Vítimas";"Plena noite";"Crescente";"Ceu Claro";"Simples";"Reta";"Urbano";2;0;0;0;2;0;0;2
83476526;"26/06/16";"Domingo";"05:45:00";"SC";101;"127";"ITAJAI";"Ingestão de álcool";"Colisão com objeto fixo";"Com Vítimas Fatais";"Plena noite";"Crescente";"Nublado";"Dupla";"Curva";"Rural";8;1;1;0;6;0;1;7
83476527;"22/06/16";"Quarta";"18:00:00";"MG";381;"890,9";"CAMBUI";"Outras";"Colisão com objeto fixo";"Sem Vítimas";"Anoitecer";"Crescente";"Ceu Claro";"Dupla";"Reta";"Rural";1;0;0;0;1;0;0;1
83476528;"23/06/16";"Quinta";"07:30:00";"PE";232;"131";"CARUARU";"Falta de atenção";"Colisão traseira";"Sem Vítimas";"Pleno dia";"Crescente";"Ceu Claro";"Dupla";"Reta";"Urbano";2;0;0;0;2;0;0;2
83476529;"22/06/16";"Quarta";"13:30:00";"GO";153;"643";"MORRINHOS";"Falta de atenção";"Colisão traseira";"Sem Vítimas";"Pleno dia";"Decrescente";"Ceu Claro";"Dupla";"Reta";"Rural";3;0;0;0;1;2;0;3
83476530;"23/06/16";"Quinta";"18:30:00";"RJ";40;"109";"DUQUE DE CAXIAS";"Outras";"Colisão traseira";"Com Vítimas Feridas";"Plena noite";"Decrescente";"Chuva";"Múltipla";"Reta";"Urbano";3;0;1;0;2;0;1;2
83476531;"22/06/16";"Quarta";"13:50:00";"PR";277;"658,1";"MATELANDIA";"Desobediência à sinalização";"Colisão Transversal";"Com Vítimas Feridas";"Pleno dia";"Crescente";"Ceu Claro";"Simples";"Reta";"Urbano";3;0;1;0;2;0;1;3
83476532;"02/03/16";"Quarta";"11:50:00";"SC";470;"247,5";"CURITIBANOS";"Velocidade incompatível";"Colisão traseira";"Com Vítimas Feridas";"Pleno dia";"Crescente";"Nublado";"Simples";"Reta";"Urbano";5;0;0;4;1;0;4;2
83476533;"05/06/16";"Domingo";"17:45:00";"RJ";116;"181";"BELFORD ROXO";"Outras";"Colisão traseira";"Com Vítimas Feridas";"Anoitecer";"Crescente";"Ceu Claro";"Múltipla";"Reta";"Urbano";3;0;1;0;2;0;1;2
83476534;"24/06/16";"Sexta";"04:20:00";"PB";104;"105,7";"SAO SEBASTIAO DE LAGOA DE ROCA";"Dormindo";"Colisão lateral";"Com Vítimas Feridas";"Amanhecer";"Crescente";"Ceu Claro";"Simples";"Reta";"Rural";7;0;2;0;5;0;2;2
83476535;"23/06/16";"Quinta";"06:50:00";"MS";463;"32,8";"PONTA PORA";"Outras";"Colisão frontal";"Com Vítimas Feridas";"Amanhecer";"Decrescente";"Nevoeiro/neblina";"Simples";"Reta";"Rural";3;0;1;0;2;0;1;3
83476536;"25/06/16";"Sábado";"21:20:00";"SP";116;"51,8";"LORENA";"Outras";"Colisão lateral";"Com Vítimas Feridas";"Plena noite";"Decrescente";"Nublado";"Dupla";"Reta";"Rural";3;0;1;0;2;0;1;2
83476537;"26/06/16";"Domingo";"07:20:00";"CE";116;"397,9";"UMARI";"Outras";"Colisão lateral";"Com Vítimas Feridas";"Pleno dia";"Crescente";"Ceu Claro";"Simples";"Reta";"Rural";2;0;1;0;1;0;1;2
83476538;"22/06/16";"Quarta";"13:45:00";"RJ";356;"45";"ITAPERUNA";"Defeito mecânico em veículo";"Saída de Pista";"Com Vítimas Feridas";"Pleno dia";"Decrescente";"Nublado";"Simples";"Reta";"Rural";1;0;1;0;0;0;1;1
83476539;"26/06/16";"Domingo";"03:50:00";"MS";267;"364,7";"MARACAJU";"Ingestão de álcool";"Capotamento";"Com Vítimas Fatais";"Plena noite";"Crescente";"Ceu Claro";"Dupla";"Reta";"Urbano";4;1;2;0;0;1;2;1
83476540;"19/06/16";"Domingo";"05:40:00";"SP";116;"225";"GUARULHOS";"Não guardar distância de segurança";"Colisão traseira";"Sem Vítimas";"Amanhecer";"Crescente";"Ceu Claro";"Múltipla";"Reta";"Urbano";2;0;0;0;2;0;0;2
83476541;"26/06/16";"Domingo";"05:30:00";"SP";116;"68";"APARECIDA";"Dormindo";"Colisão com objeto fixo";"Com Vítimas Fatais";"Amanhecer";"Crescente";"Nublado";"Dupla";"Reta";"Rural";2;1;0;0;1;0;0;2
83476542;"26/06/16";"Domingo";"02:30:00";"MS";359;"189,3";"COXIM";"Ingestão de álcool";"Capotamento";"Com Vítimas Feridas";"Plena noite";"Decrescente";"Ceu Claro";"Simples";"Reta";"Rural";2;0;2;0;0;0;2;1
83476543;"26/06/16";"Domingo";"09:00:00";"PR";272;"563";"GUAIRA";"Falta de atenção";"Colisão Transversal";"Sem Vítimas";"Pleno dia";"Crescente";"Ceu Claro";"Simples";"Reta";"Rural";2;0;0;0;2;0;0;2
83476544;"23/06/16";"Quinta";"06:50:00";"BA";324;"620";"SALVADOR";"Falta de atenção";"Colisão lateral";"Com Vítimas Feridas";"Amanhecer";"Decrescente";"Ceu Claro";"Múltipla";"Reta";"Urbano";2;0;1;0;1;0;1;2
83476545;"26/06/16";"Domingo";"05:00:00";"MG";262;"357";"BETIM";"Ingestão de álcool";"Colisão com objeto fixo";"Sem Vítimas";"Pleno dia";"Crescente";"Ceu Claro";"Dupla";"Reta";"Rural";1;0;0;0;1;0;0;1
83476546;"22/06/16";"Quarta";"06:50:00";"RJ";393;"168,1";"TRES RIOS";"Falta de atenção";"Colisão Transversal";"Com Vítimas Feridas";"Amanhecer";"Crescente";"Chuva";"Simples";"Reta";"Urbano";3;0;1;1;1;0;2;3
83476547;"26/06/16";"Domingo";"04:00:00";"MG";40;"658,8";"CARANDAI";"Dormindo";"Saída de Pista";"Com Vítimas Feridas";"Plena noite";"Crescente";"Ceu Claro";"Simples";"Curva";"Rural";1;0;1;0;0;0;1;1
83476548;"23/06/16";"Quinta";"06:45:00";"GO";70;"187,4";"ITABERAI";"Falta de atenção";"Colisão Transversal";"Com Vítimas Feridas";"Pleno dia";"Decrescente";"Ceu Claro";"Simples";"Reta";"Rural";8;0;6;1;1;0;7;2
83476549;"20/06/16";"Segunda";"18:30:00";"MG";116;"105,8";"ITAOBIM";"Desobediência à sinalização";"Colisão frontal";"Com Vítimas Feridas";"Anoitecer";"Crescente";"Ceu Claro";"Simples";"Curva";"Rural";2;0;1;0;1;0;1;2
83476550;"26/06/16";"Domingo";"07:00:00";"MT";364;"440";"VARZEA GRANDE";"Falta de atenção";"Tombamento";"Com Vítimas Feridas";"Pleno dia";"Decrescente";"Ignorada";"Simples";"Reta";"Rural";2;0;2;0;0;0;2;1
83476551;"26/06/16";"Domingo";"09:30:00";"MG";381;"843,5";"SAO SEBASTIAO DA BELA VISTA";"Dormindo";"Saída de Pista";"Com Vítimas Feridas";"Pleno dia";"Crescente";"Sol";"Dupla";"Reta";"Rural";4;0;2;0;2;0;2;1
83476552;"22/06/16";"Quarta";"22:00:00";"MG";267;"160";"LIMA DUARTE";"Desobediência à sinalização";"Colisão Transversal";"Com Vítimas Feridas";"Plena noite";"Crescente";"Nublado";"Simples";"Reta";"Rural";3;0;2;1;0;0;3;2
83476553;"25/06/16";"Sábado";"05:30:00";"SP";116;"348,9";"MIRACATU";"Não guardar distância de segurança";"Colisão traseira";"Com Vítimas Feridas";"Amanhecer";"Crescente";"Nublado";"Dupla";"Curva";"Rural";2;0;1;0;0;1;1;2
83476554;"26/06/16";"Domingo";"00:30:00";"MS";60;"110,3";"AGUA CLARA";"Dormindo";"Saída de Pista";"Com Vítimas Feridas";"Plena noite";"Decrescente";"Ceu Claro";"Simples";"Reta";"Rural";1;0;1;0;0;0;1;1
83476555;"19/06/16";"Domingo";"07:15:00";"SP";153;"158";"PROMISSAO";"Dormindo";"Saída de Pista";"Sem Vítimas";"Amanhecer";"Crescente";"Ceu Claro";"Simples";"Reta";"Rural";1;0;0;0;1;0;0;1
83476556;"23/06/16";"Quinta";"15:45:00";"MG";381;"782,5";"CAMPANHA";"Velocidade incompatível";"Capotamento";"Sem Vítimas";"Pleno dia";"Decrescente";"Chuva";"Dupla";"Curva";"Rural";2;0;0;0;2;0;0;1
83476557;"23/06/16";"Quinta";"13:00:00";"MG";262;"874,5";"CAMPO FLORIDO";"Dormindo";"Capotamento";"Com Vítimas Feridas";"Pleno dia";"Crescente";"Ceu Claro";"Simples";"Curva";"Rural";2;0;0;2;0;0;2;1
83476558;"26/06/16";"Domingo";"09:10:00";"RJ";101;"321";"NITEROI";"Não guardar distância de segurança";"Colisão traseira";"Com Vítimas Feridas";"Pleno dia";"Decrescente";"Sol";"Dupla";"Reta";"Urbano";2;0;0;1;1;0;1;2
83476559;"22/06/16";"Quarta";"22:30:00";"RJ";101;"503";"PARATI";"Outras";"Colisão Transversal";"Com Vítimas Feridas";"Plena noite";"Crescente";"Ceu Claro";"Simples";"Reta";"Rural";3;0;0;2;1;0;2;2
83476560;"26/06/16";"Domingo";"10:40:00";"PI";316;"4,5";"TERESINA";"Outras";"Colisão traseira";"Com Vítimas Feridas";"Pleno dia";"Decrescente";"Ceu Claro";"Dupla";"Reta";"Urbano";2;0;0;1;1;0;1;2
83476562;"26/06/16";"Domingo";"08:30:00";"RS";116;"250";"SAO LEOPOLDO";"Dormindo";"Saída de Pista";"Sem Vítimas";"Pleno dia";"Decrescente";"Ceu Claro";"Dupla";"Curva";"Urbano";1;0;0;0;1;0;0;1
83476563;"26/06/16";"Domingo";"11:20:00";"RJ";101;"311";"SAO GONCALO";"Animais na Pista";"Colisão traseira";"Com Vítimas Feridas";"Pleno dia";"Crescente";"Ceu Claro";"Dupla";"Reta";"Urbano";2;0;1;0;1;0;1;2
83476564;"23/06/16";"Quinta";"07:10:00";"BA";324;"620";"SALVADOR";"Falta de atenção";"Colisão traseira";"Com Vítimas Feridas";"Pleno dia";"Crescente";"Ceu Claro";"Múltipla";"Reta";"Urbano";4;0;1;0;3;0;1;2
83476565;"26/06/16";"Domingo";"09:00:00";"MG";116;"269,2";"TEOFILO OTONI";"Velocidade incompatível";"Tombamento";"Com Vítimas Fatais";"Pleno dia";"Crescente";"Ceu Claro";"Simples";"Curva";"Rural";1;1;0;0;0;0;0;1
83476566;"22/06/16";"Quarta";"20:30:00";"BA";101;"170";"FEIRA DE SANTANA";"Outras";"Colisão traseira";"Sem Vítimas";"Plena noite";"Crescente";"Nublado";"Simples";"Reta";"Rural";2;0;0;0;2;0;0;2
83476567;"18/06/16";"Sábado";"14:50:00";"SC";101;"100";"PICARRAS";"Outras";"Saída de Pista";"Ignorado";"Pleno dia";"Decrescente";"Ceu Claro";"Simples";"Reta";"Urbano";1;0;0;0;0;1;0;1
83476568;"26/06/16";"Domingo";"06:20:00";"SC";280;"3,9";"SAO FRANCISCO DO SUL";"Outras";"Queda de motocicleta / bicicleta / veículo";"Com Vítimas Feridas";"Amanhecer";"Crescente";"Ceu Claro";"Dupla";"Cruzamento";"Urbano";1;0;1;0;0;0;1;1
83476570;"22/06/16";"Quarta";"19:30:00";"MG";381;"940,9";"EXTREMA";"Velocidade incompatível";"Tombamento";"Com Vítimas Feridas";"Plena noite";"Crescente";"Chuva";"Dupla";"Curva";"Rural";1;0;1;0;0;0;1;1
83476571;"26/06/16";"Domingo";"05:20:00";"MA";230;"403";"BALSAS";"Dormindo";"Saída de Pista";"Com Vítimas Feridas";"Amanhecer";"Crescente";"Ignorada";"Simples";"Reta";"Rural";1;0;1;0;0;0;1;1