"id";"data_inversa";"dia_semana";"horario";"uf";"br";"km";"municipio";"causa_acidente";"tipo_acidente";"classificacao_acidente";"fase_dia";"sentido_via";"condicao_metereologica";"tipo_pista";"tracado_via";"uso_solo";"pessoas";"mortos";"feridos_leves";"feridos_graves";"ilesos";"ignorados";"feridos";"veiculos"
83476572;"19/06/16";"Domingo";"10:30:00";"MG";135;"567";"CORINTO";"Dormindo";"Saída de Pista";"Com Vítimas Feridas";"Pleno dia";"Decrescente";"Ceu Claro";"Simples";"Reta";"Rural";1;0;1;0;0;0;1;1
83476573;"12/06/16";"Domingo";"09:30:00";"RN";110;"47";"MOSSORO";"Falta de atenção";"Colisão Transversal";"Com Vítimas Feridas";"Pleno dia";"Decrescente";"Ceu Claro";"Simples";"Cruzamento";"Urbano";3;0;2;1;0;0;3;2
83476574;"26/06/16";"Domingo";"09:25:00";"CE";116;"52,5";"PACAJUS";"Velocidade incompatível";"Colisão traseira";"Sem Vítimas";"Pleno dia";"Crescente";"Ceu Claro";"Dupla";"Reta";"Rural";6;0;0;0;6;0;0;6
83476575;"24/06/16";"Sexta";"03:30:00";"MG";381;"815,3";"CAREACU";"Dormindo";"Capotamento";"Sem Vítimas";"Plena noite";"Decrescente";"Nevoeiro/neblina";"Dupla";"Curva";"Rural";2;0;0;0;2;0;0;1
83476576;"26/06/16";"Domingo";"08:40:00";"PR";163;"60";"PEROLA DOESTE";"Não guardar distância de segurança";"Colisão traseira";"Sem Vítimas";"Pleno dia";"Decrescente";"Ceu Claro";"Simples";"Reta";"Rural";2;0;0;0;2;0;0;2
83476577;"22/06/16";"Quarta";"21:50:00";"RJ";116;"299,6";"RESENDE";"Outras";"Atropelamento de pessoa";"Com Vítimas Fatais";"Plena noite";"Crescente";"Nublado";"Dupla";"Reta";"Urbano";2;1;0;0;1;0;0;1
83476578;"26/06/16";"Domingo";"11:15:00";"SC";101;"389";"ICARA";"Velocidade incompatível";"Colisão traseira";"Com Vítimas Feridas";"Pleno dia";"Decrescente";"Ceu Claro";"Dupla";"Reta";"Rural";2;0;2;0;0;0;2;2
83476579;"26/06/16";"Domingo";"11:05:00";"PE";232;"11,5";"JABOATAO DOS GUARARAPES";"Não guardar distância de segurança";"Colisão traseira";"Sem Vítimas";"Pleno dia";"Decrescente";"Ceu Claro";"Dupla";"Reta";"Urbano";2;0;0;0;2;0;0;2
83476580;"26/06/16";"Domingo";"11:50:00";"PR";376;"192,5";"MARIALVA";"Defeito mecânico em veículo";"Saída de Pista";"Com Vítimas Feridas";"Pleno dia";"Decrescente";"Ceu Claro";"Dupla";"Curva";"Urbano";1;0;1;0;0;0;1;1
83476581;"26/06/16";"Domingo";"10:10:00";"RS";386;"348,3";"ESTRELA";"Outras";"Saída de Pista";"Com Vítimas Feridas";"Pleno dia";"Decrescente";"Nublado";"Dupla";"Reta";"Urbano";4;0;3;0;1;0;3;1
83476582;"19/06/16";"Domingo";"05:20:00";"DF";40;"1";"BRASILIA";"Ingestão de álcool";"Capotamento";"Sem Vítimas";"Plena noite";"Crescente";"Ceu Claro";"Dupla";"Reta";"Urbano";1;0;0;0;1;0;0;1
83476583;"26/06/16";"Domingo";"09:42:00";"MT";364;"348,9";"SANTO ANTONIO DO LEVERGER";"Velocidade incompatível";"Colisão com objeto fixo";"Com Vítimas Feridas";"Pleno dia";"Crescente";"Ceu Claro";"Simples";"Curva";"Rural";1;0;1;0;0;0;1;1
83476584;"23/06/16";"Quinta";"03:50:00";"MG";381;"707,1";"NEPOMUCENO";"Dormindo";"Colisão com objeto fixo";"Sem Vítimas";"Plena noite";"Crescente";"Nublado";"Dupla";"Curva";"Rural";1;0;0;0;1;0;0;1
83476585;"26/06/16";"Domingo";"10:00:00";"RS";153;"13,7";"SEVERIANO DE ALMEIDA";"Outras";"Saída de Pista";"Sem Vítimas";"Pleno dia";"Crescente";"Ceu Claro";"Dupla";"Reta";"Rural";1;0;0;0;1;0;0;1
83476586;"26/06/16";"Domingo";"09:30:00";"RS";392;"260,5";"CACAPAVA DO SUL";"Velocidade incompatível";"Saída de Pista";"Sem Vítimas";"Pleno dia";"Decrescente";"Chuva";"Simples";"Reta";"Rural";1;0;0;0;1;0;0;1
83476587;"26/06/16";"Domingo";"11:30:00";"AL";101;"143";"SAO MIGUEL DOS CAMPOS";"Defeito na via";"Capotamento";"Com Vítimas Feridas";"Pleno dia";"Decrescente";"Sol";"Simples";"Reta";"Rural";5;0;3;1;1;0;4;1
83476588;"26/06/16";"Domingo";"10:45:00";"RO";364;"345,4";"JI-PARANA";"Ingestão de álcool";"Queda de motocicleta / bicicleta / veículo";"Com Vítimas Feridas";"Pleno dia";"Crescente";"Ceu Claro";"Dupla";"Reta";"Urbano";1;0;1;0;0;0;1;1
83476589;"26/06/16";"Domingo";"06:40:00";"MG";40;"620";"CONGONHAS";"Velocidade incompatível";"Saída de Pista";"Sem Vítimas";"Amanhecer";"Crescente";"Nublado";"Simples";"Curva";"Rural";2;0;0;0;2;0;0;1
83476590;"26/06/16";"Domingo";"12:00:00";"PR";376;"499,5";"PONTA GROSSA";"Defeito mecânico em veículo";"Colisão com objeto fixo";"Sem Vítimas";"Pleno dia";"Crescente";"Ceu Claro";"Dupla";"Reta";"Urbano";1;0;0;0;1;0;0;1
83476591;"26/06/16";"Domingo";"08:50:00";"SP";381;"63,3";"MAIRIPORA";"Velocidade incompatível";"Colisão com objeto fixo";"Com Vítimas Feridas";"Pleno dia";"Decrescente";"Sol";"Dupla";"Curva";"Urbano";1;0;1;0;0;0;1;1
83476592;"26/06/16";"Domingo";"13:45:00";"SP";153;"62,4";"SAO JOSE DO RIO PRETO";"Falta de atenção";"Colisão traseira";"Com Vítimas Feridas";"Pleno dia";"Decrescente";"Sol";"Dupla";"Reta";"Urbano";2;0;1;0;1;0;1;2
83476593;"26/06/16";"Domingo";"03:05:00";"SP";116;"218,7";"GUARULHOS";"Falta de atenção";"Colisão com objeto fixo";"Com Vítimas Feridas";"Plena noite";"Crescente";"Ceu Claro";"Múltipla";"Reta";"Urbano";2;0;1;0;1;0;1;1
83476595;"26/06/16";"Domingo";"08:15:00";"PE";232;"170,9";"BELO JARDIM";"Ultrapassagem indevida";"Colisão lateral";"Sem Vítimas";"Pleno dia";"Decrescente";"Sol";"Simples";"Curva";"Rural";3;0;0;0;3;0;0;3
83476596;"26/06/16";"Domingo";"09:00:00";"PR";476;"118";"COLOMBO";"Velocidade incompatível";"Capotamento";"Com Vítimas Feridas";"Pleno dia";"Decrescente";"Nublado";"Dupla";"Reta";"Urbano";2;0;0;2;0;0;2;1
83476597;"22/06/16";"Quarta";"14:50:00";"DF";70;"14";"BRASILIA";"Outras";"Colisão traseira";"Com Vítimas Feridas";"Pleno dia";"Crescente";"Ceu Claro";"Dupla";"Reta";"Urbano";2;0;1;0;0;1;1;2
83476598;"24/06/16";"Sexta";"07:45:00";"RJ";116;"135";"MAGE";"Falta de atenção";"Colisão com objeto fixo";"Com Vítimas Feridas";"Pleno dia";"Crescente";"Nublado";"Dupla";"Reta";"Urbano";1;0;1;0;0;0;1;1
83476599;"18/06/16";"Sábado";"21:15:00";"PE";428;"181";"PETROLINA";"Outras";"Queda de motocicleta / bicicleta / veículo";"Com Vítimas Feridas";"Plena noite";"Decrescente";"Nublado";"Simples";"Reta";"Rural";2;0;0;2;0;0;2;1
83476600;"26/06/16";"Domingo";"14:30:00";"MG";381;"892,4";"CAMBUI";"Velocidade incompatível";"Colisão com objeto fixo";"Sem Vítimas";"Pleno dia";"Crescente";"Ceu Claro";"Dupla";"Reta";"Rural";1;0;0;0;1;0;0;1
83476601;"26/06/16";"Domingo";"15:30:00";"RO";364;"412,5";"JARU";"Não guardar distância de segurança";"Colisão traseira";"Com Vítimas Feridas";"Pleno dia";"Decrescente";"Ceu Claro";"Simples";"Reta";"Rural";3;0;1;0;2;0;1;2
83476602;"26/06/16";"Domingo";"13:30:00";"PE";232;"205";"PESQUEIRA";"Ingestão de álcool";"Colisão lateral";"Com Vítimas Feridas";"Pleno dia";"Decrescente";"Ceu Claro";"Simples";"Curva";"Rural";2;0;1;0;1;0;1;2
83476603;"26/06/16";"Domingo";"14:20:00";"PE";232;"191,8";"SANHARO";"Outras";"Capotamento";"Com Vítimas Feridas";"Pleno dia";"Crescente";"Sol";"Simples";"Reta";"Rural";1;0;0;1;0;0;1;1
83476604;"22/06/16";"Quarta";"11:30:00";"PR";116;"68";"CAMPINA GRANDE DO SUL";"Velocidade incompatível";"Colisão traseira";"Com Vítimas Feridas";"Pleno dia";"Crescente";"Chuva";"Dupla";"Reta";"Urbano";4;0;1;0;3;0;1;4
83476605;"26/06/16";"Domingo";"12:40:00";"ES";259;"67";"COLATINA";"Outras";"Colisão frontal";"Com Vítimas Feridas";"Pleno dia";"Crescente";"Ceu Claro";"Simples";"Reta";"Rural";6;0;2;3;1;0;5;2
83476606;"26/06/16";"Domingo";"16:45:00";"SC";470;"235,1";"SAO CRISTOVAO DO SUL";"Desobediência à sinalização";"Colisão Transversal";"Sem Vítimas";"Pleno dia";"Crescente";"Ceu Claro";"Simples";"Cruzamento";"Rural";2;0;0;0;2;0;0;2
83476607;"26/06/16";"Domingo";"15:00:00";"MA";316;"514";"CAXIAS";"Outras";"Saída de Pista";"Sem Vítimas";"Pleno dia";"Decrescente";"Sol";"Simples";"Reta";"Rural";2;0;0;0;1;1;0;2
83476608;"22/06/16";"Quarta";"07:50:00";"MG";40;"825,3";"SIMAO PEREIRA";"Velocidade incompatível";"Colisão com objeto fixo";"Com Vítimas Feridas";"Pleno dia";"Crescente";"Nevoeiro/neblina";"Dupla";"Curva";"Rural";1;0;1;0;0;0;1;1
83476609;"26/06/16";"Domingo";"16:40:00";"PE";232;"73,7";"GRAVATA";"Não guardar distância de segurança";"Colisão traseira";"Sem Vítimas";"Pleno dia";"Decrescente";"Sol";"Dupla";"Reta";"Rural";4;0;0;0;4;0;0;4
83476610;"21/06/16";"Terça";"02:10:00";"MG";116;"128,6";"ITAOBIM";"Defeito mecânico em veículo";"Colisão com objeto móvel";"Sem Vítimas";"Plena noite";"Decrescente";"Ignorada";"Simples";"Reta";"Rural";2;0;0;0;2;0;0;2
83476611;"26/06/16";"Domingo";"15:00:00";"SP";116;"108,5";"TAUBATE";"Outras";"Queda de motocicleta / bicicleta / veículo";"Com Vítimas Feridas";"Pleno dia";"Crescente";"Ceu Claro";"Dupla";"Reta";"Urbano";1;0;1;0;0;0;1;1
83476612;"26/06/16";"Domingo";"14:00:00";"PE";101;"83,5";"JABOATAO DOS GUARARAPES";"Outras";"Tombamento";"Com Vítimas Feridas";"Pleno dia";"Decrescente";"Nublado";"Dupla";"Reta";"Urbano";1;0;0;1;0;0;1;1
83476613;"26/06/16";"Domingo";"16:50:00";"PR";277;"332";"GUARAPUAVA";"Falta de atenção";"Colisão traseira";"Com Vítimas Feridas";"Pleno dia";"Crescente";"Ceu Claro";"Simples";"Reta";"Rural";2;0;0;1;1;0;1;2
83476614;"22/06/16";"Quarta";"20:20:00";"ES";101;"147,2";"LINHARES";"Falta de atenção";"Colisão lateral";"Com Vítimas Feridas";"Plena noite";"Decrescente";"Nublado";"Simples";"Reta";"Urbano";2;0;1;0;1;0;1;2
83476615;"26/06/16";"Domingo";"16:30:00";"RN";427;"132,2";"SERRA NEGRA DO NORTE";"Outras";"Capotamento";"Ignorado";"Pleno dia";"Crescente";"Ceu Claro";"Simples";"Curva";"Rural";1;0;0;0;0;1;0;1
83476616;"26/06/16";"Domingo";"07:00:00";"MG";365;"209,6";"BURITIZEIRO";"Defeito na via";"Colisão com objeto fixo";"Com Vítimas Fatais";"Pleno dia";"Crescente";"Ceu Claro";"Simples";"Reta";"Rural";5;3;1;1;0;0;2;1
83476617;"26/06/16";"Domingo";"12:31:00";"MG";381;"801";"SAO GONCALO DO SAPUCAI";"Falta de atenção";"Saída de Pista";"Com Vítimas Feridas";"Pleno dia";"Decrescente";"Ceu Claro";"Dupla";"Curva";"Rural";1;0;1;0;0;0;1;1
83476618;"26/06/16";"Domingo";"17:10:00";"PE";232;"75,4";"GRAVATA";"Não guardar distância de segurança";"Colisão traseira";"Sem Vítimas";"Pleno dia";"Decrescente";"Sol";"Dupla";"Reta";"Rural";2;0;0;0;1;1;0;2
83476619;"26/06/16";"Domingo";"17:20:00";"MA";135;"46";"BACABEIRA";"Outras";"Colisão traseira";"Com Vítimas Feridas";"Pleno dia";"Decrescente";"Sol";"Dupla";"Reta";"Rural";2;0;0;1;1;0;1;2
83476620;"23/06/16";"Quinta";"20:00:00";"SP";116;"176,5";"GUARAREMA";"Falta de atenção";"Colisão com objeto fixo";"Sem Vítimas";"Plena noite";"Decrescente";"Ceu Claro";"Dupla";"Reta";"Rural";1;0;0;0;1;0;0;1
83476621;"26/06/16";"Domingo";"13:10:00";"RN";304;"58,8";"MOSSORO";"Outras";"Queda de motocicleta / bicicleta / veículo";"Com Vítimas Feridas";"Pleno dia";"Crescente";"Nublado";"Simples";"Reta";"Rural";2;0;2;0;0;0;2;1
83476622;"26/06/16";"Domingo";"16:20:00";"PE";408;"103,1";"JABOATAO DOS GUARARAPES";"Defeito mecânico em veículo";"Queda de motocicleta / bicicleta / veículo";"Com Vítimas Feridas";"Pleno dia";"Crescente";"Nublado";"Dupla";"Reta";"Urbano";2;0;2;0;0;0;2;1
83476623;"26/06/16";"Domingo";"16:30:00";"MG";364;"2";"PLANURA";"Desobediência à sinalização";"Colisão Transversal";"Com Vítimas Feridas";"Pleno dia";"Decrescente";"Ceu Claro";"Simples";"Cruzamento";"Rural";5;0;1;0;4;0;1;2
83476624;"26/06/16";"Domingo";"18:15:00";"RS";116;"242";"NOVO HAMBURGO";"Falta de atenção";"Colisão traseira";"Sem Vítimas";"Plena noite";"Crescente";"Ceu Claro";"Dupla";"Reta";"Urbano";4;0;0;0;4;0;0;4
83476625;"26/06/16";"Domingo";"15:10:00";"PE";232;"81,2";"GRAVATA";"Não guardar distância de segurança";"Colisão traseira";"Sem Vítimas";"Pleno dia";"Decrescente";"Ceu Claro";"Dupla";"Reta";"Urbano";3;0;0;0;3;0;0;3
83476626;"26/06/16";"Domingo";"11:10:00";"SC";280;"91";"RIO NEGRINHO";"Falta de atenção";"Queda de motocicleta / bicicleta / veículo";"Com Vítimas Feridas";"Pleno dia";"Crescente";"Ceu Claro";"Simples";"Reta";"Rural";1;0;0;1;0;0;1;1
83476627;"23/06/16";"Quinta";"18:20:00";"SP";381;"67";"MAIRIPORA";"Outras";"Capotamento";"Sem Vítimas";"Plena noite";"Decrescente";"Ceu Claro";"Dupla";"Reta";"Urbano";2;0;0;0;2;0;0;2
83476628;"26/06/16";"Domingo";"18:00:00";"RS";101;"63";"MAQUINE";"Outras";"Atropelamento de pessoa";"Com Vítimas Fatais";"Anoitecer";"Decrescente";"Nevoeiro/neblina";"Dupla";"Curva";"Rural";2;1;0;0;0;1;0;1
83476629;"26/06/16";"Domingo";"17:25:00";"SC";470;"104,7";"APIUNA";"Outras";"Colisão com objeto fixo";"Sem Vítimas";"Pleno dia";"Decrescente";"Nublado";"Simples";"Curva";"Urbano";1;0;0;0;1;0;0;1
83476630;"26/06/16";"Domingo";"13:00:00";"MS";158;"46";"PARANAIBA";"Falta de atenção";"Saída de Pista";"Com Vítimas Feridas";"Pleno dia";"Decrescente";"Ceu Claro";"Simples";"Reta";"Rural";1;0;0;1;0;0;1;1
83476631;"26/06/16";"Domingo";"14:50:00";"RS";153;"562";"BAGE";"Outras";"Saída de Pista";"Sem Vítimas";"Pleno dia";"Decrescente";"Chuva";"Simples";"Reta";"Rural";1;0;0;0;1;0;0;1
83476632;"26/06/16";"Domingo";"18:04:00";"PR";116;"200,5";"RIO NEGRO";"Falta de atenção";"Atropelamento de pessoa";"Com Vítimas Feridas";"Plena noite";"Decrescente";"Nublado";"Simples";"Reta";"Rural";2;0;0;1;1;0;1;1
83476633;"26/06/16";"Domingo";"13:15:00";"RS";158;"414,3";"ROSARIO DO SUL";"Falta de atenção";"Saída de Pista";"Sem Vítimas";"Pleno dia";"Decrescente";"Ceu Claro";"Simples";"Reta";"Rural";2;0;0;0;2;0;0;1
83476634;"21/06/16";"Terça";"20:40:00";"MG";251;"372";"GRAO MOGOL";"Animais na Pista";"Atropelamento de animal";"Com Vítimas Feridas";"Plena noite";"Decrescente";"Ceu Claro";"Simples";"Reta";"Rural";1;0;0;1;0;0;1;1
83476635;"26/06/16";"Domingo";"18:30:00";"PR";277;"12";"PARANAGUA";"Ingestão de álcool";"Colisão com objeto fixo";"Sem Vítimas";"Anoitecer";"Crescente";"Ceu Claro";"Dupla";"Reta";"Rural";2;0;0;0;2;0;0;1
83476636;"26/06/16";"Domingo";"18:00:00";"ES";262;"50,3";"MARECHAL FLORIANO";"Ingestão de álcool";"Colisão frontal";"Com Vítimas Feridas";"Plena noite";"Decrescente";"Chuva";"Simples";"Reta";"Rural";3;0;3;0;0;0;3;2
83476637;"26/06/16";"Domingo";"09:10:00";"SP";116;"172,6";"JACAREI";"Falta de atenção";"Colisão com objeto fixo";"Com Vítimas Feridas";"Pleno dia";"Decrescente";"Ceu Claro";"Dupla";"Reta";"Urbano";1;0;0;1;0;0;1;1
83476639;"03/04/16";"Domingo";"10:40:00";"BA";330;"745,6";"JEQUIE";"Defeito mecânico em veículo";"Queda de motocicleta / bicicleta / veículo";"Com Vítimas Feridas";"Pleno dia";"Crescente";"Ceu Claro";"Simples";"Reta";"Rural";2;0;0;2;0;0;2;1
83476640;"26/06/16";"Domingo";"18:00:00";"SP";116;"182";"SANTA ISABEL";"Falta de atenção";"Colisão traseira";"Sem Vítimas";"Plena noite";"Decrescente";"Ceu Claro";"Dupla";"Reta";"Urbano";2;0;0;0;2;0;0;2
83476641;"26/06/16";"Domingo";"18:40:00";"ES";262;"4";"CARIACICA";"Animais na Pista";"Queda de motocicleta / bicicleta / veículo";"Com Vítimas Feridas";"Anoitecer";"Crescente";"Chuva";"Múltipla";"Reta";"Urbano";1;0;0;1;0;0;1;1
83476642;"26/06/16";"Domingo";"18:55:00";"RO";319;"64,5";"PORTO VELHO";"Falta de atenção";"Colisão Transversal";"Com Vítimas Feridas";"Anoitecer";"Crescente";"Ceu Claro";"Simples";"Reta";"Urbano";5;0;1;0;4;0;1;2
83476643;"26/06/16";"Domingo";"18:00:00";"PE";232;"17";"JABOATAO DOS GUARARAPES";"Outras";"Saída de Pista";"Sem Vítimas";"Plena noite";"Crescente";"Chuva";"Dupla";"Curva";"Rural";1;0;0;0;1;0;0;1
83476644;"26/06/16";"Domingo";"14:40:00";"PE";232;"11,7";"JABOATAO DOS GUARARAPES";"Falta de atenção";"Colisão traseira";"Com Vítimas Feridas";"Pleno dia";"Decrescente";"Ceu Claro";"Dupla";"Reta";"Rural";2;0;1;0;0;1;1;2
83476645;"24/06/16";"Sexta";"19:00:00";"BA";242;"801";"BARREIRAS";"Ingestão de álcool";"Colisão frontal";"Sem Vítimas";"Plena noite";"Crescente";"Ceu Claro";"Simples";"Reta";"Rural";2;0;0;0;2;0;0;2
83476646;"26/06/16";"Domingo";"19:30:00";"RJ";40;"77";"PETROPOLIS";"Ingestão de álcool";"Colisão traseira";"Com Vítimas Feridas";"Plena noite";"Decrescente";"Ceu Claro";"Dupla";"Reta";"Rural";2;0;1;0;1;0;1;2
83476647;"26/06/16";"Domingo";"19:20:00";"MG";354;"751";"ITAMONTE";"Não guardar distância de segurança";"Queda de motocicleta / bicicleta / veículo";"Com Vítimas Feridas";"Plena noite";"Decrescente";"Ceu Claro";"Simples";"Reta";"Urbano";1;0;1;0;0;0;1;1
83476648;"26/06/16";"Domingo";"18:38:00";"SP";116;"132";"CACAPAVA";"Outras";"Atropelamento de pessoa";"Com Vítimas Feridas";"Anoitecer";"Decrescente";"Ceu Claro";"Dupla";"Reta";"Urbano";2;0;1;0;1;0;1;1
83476649;"26/06/16";"Domingo";"19:20:00";"PE";101;"46";"IGARASSU";"Falta de atenção";"Colisão Transversal";"Com Vítimas Feridas";"Plena noite";"Crescente";"Chuva";"Múltipla";"Reta";"Urbano";2;0;1;0;1;0;1;2
83476650;"26/06/16";"Domingo";"14:50:00";"PE";407;"115";"PETROLINA";"Outras";"Colisão traseira";"Com Vítimas Feridas";"Pleno dia";"Crescente";"Nublado";"Simples";"Reta";"Rural";3;0;0;1;2;0;1;2
83476651;"21/06/16";"Terça";"18:20:00";"GO";153;"503";"GOIANIA";"Não guardar distância de segurança";"Colisão traseira";"Sem Vítimas";"Anoitecer";"Decrescente";"Ceu Claro";"Dupla";"Reta";"Urbano";2;0;0;0;2;0;0;2
83476652;"26/06/16";"Domingo";"18:15:00";"RS";116;"242,2";"SAO LEOPOLDO";"Falta de atenção";"Colisão traseira";"Sem Vítimas";"Plena noite";"Crescente";"Nublado";"Múltipla";"Reta";"Urbano";3;0;0;0;3;0;0;3
83476653;"26/06/16";"Domingo";"19:45:00";"SC";101;"342,8";"TUBARAO";"Falta de atenção";"Colisão lateral";"Sem Vítimas";"Plena noite";"Decrescente";"Nublado";"Dupla";"Curva";"Urbano";2;0;0;0;2;0;0;2
83476654;"26/06/16";"Domingo";"15:20:00";"DF";40;"1";"BRASILIA";"Dormindo";"Saída de Pista";"Sem Vítimas";"Pleno dia";"Crescente";"Ceu Claro";"Dupla";"Reta";"Urbano";2;0;0;0;2;0;0;1
83476655;"26/06/16";"Domingo";"19:00:00";"MG";262;"358";"BETIM";"Velocidade incompatível";"Colisão traseira";"Com Vítimas Feridas";"Plena noite";"Decrescente";"Ceu Claro";"Dupla";"Reta";"Rural";3;0;2;0;1;0;2;2
83476656;"26/06/16";"Domingo";"18:45:00";"PR";277;"194,4";"PALMEIRA";"Falta de atenção";"Colisão Transversal";"Com Vítimas Feridas";"Plena noite";"Crescente";"Nublado";"Simples";"Reta";"Rural";2;0;1;0;1;0;1;2
83476657;"26/06/16";"Domingo";"17:52:00";"MG";381;"486,3";"BETIM";"Não guardar distância de segurança";"Colisão traseira";"Com Vítimas Feridas";"Anoitecer";"Decrescente";"Ceu Claro";"Múltipla";"Reta";"Urbano";6;0;2;0;4;0;2;4
83476658;"23/06/16";"Quinta";"07:00:00";"ES";101;"401,5";"RIO NOVO DO SUL";"Falta de atenção";"Queda de motocicleta / bicicleta / veículo";"Com Vítimas Feridas";"Amanhecer";"Crescente";"Chuva";"Simples";"Reta";"Rural";1;0;1;0;0;0;1;1
83476659;"25/06/16";"Sábado";"13:00:00";"MT";163;"609";"NOVA MUTUM";"Defeito mecânico em veículo";"Saída de Pista";"Com Vítimas Feridas";"Pleno dia";"Decrescente";"Sol";"Simples";"Reta";"Rural";1;0;1;0;0;0;1;1
83476660;"26/06/16";"Domingo";"19:45:00";"RS";116;"41,5";"VACARIA";"Outras";"Atropelamento de pessoa";"Com Vítimas Feridas";"Plena noite";"Decrescente";"Ceu Claro";"Simples";"Reta";"Urbano";3;0;1;0;2;0;1;1
83476661;"24/06/16";"Sexta";"06:40:00";"RN";405;"3";"MOSSORO";"Falta de atenção";"Colisão traseira";"Com Vítimas Feridas";"Pleno dia";"Decrescente";"Ceu Claro";"Simples";"Reta";"Urbano";2;0;1;0;1;0;1;2
83476662;"26/06/16";"Domingo";"20:18:00";"AL";316;"250";"PILAR";"Ingestão de álcool";"Colisão lateral";"Com Vítimas Feridas";"Plena noite";"Crescente";"Ceu Claro";"Simples";"Reta";"Rural";2;0;0;1;1;0;1;2
83476663;"26/06/16";"Domingo";"10:05:00";"MA";316;"351,5";"BACABAL";"Outras";"Colisão frontal";"Com Vítimas Feridas";"Pleno dia";"Decrescente";"Ceu Claro";"Simples";"Reta";"Rural";3;0;1;1;1;0;2;2
83476664;"26/06/16";"Domingo";"12:07:00";"GO";60;"112";"GOIANAPOLIS";"Falta de atenção";"Colisão traseira";"Sem Vítimas";"Pleno dia";"Crescente";"Sol";"Dupla";"Reta";"Rural";2;0;0;0;1;1;0;2
83476665;"26/06/16";"Domingo";"14:30:00";"PR";163;"95,4";"CAPANEMA";"Ingestão de álcool";"Colisão Transversal";"Com Vítimas Feridas";"Pleno dia";"Decrescente";"Sol";"Simples";"Reta";"Rural";3;0;2;0;1;0;2;2
83476666;"26/06/16";"Domingo";"18:40:00";"PR";277;"447";"LARANJEIRAS DO SUL";"Ultrapassagem indevida";"Colisão lateral";"Com Vítimas Feridas";"Plena noite";"Decrescente";"Ceu Claro";"Simples";"Reta";"Rural";5;0;2;0;3;0;2;4
83476667;"22/06/16";"Quarta";"18:00:00";"RJ";40;"80";"PETROPOLIS";"Outras";"Colisão traseira";"Sem Vítimas";"Anoitecer";"Decrescente";"Ceu Claro";"Dupla";"Reta";"Rural";3;0;0;0;3;0;0;3
83476669;"25/06/16";"Sábado";"14:40:00";"MG";116;"99,2";"ITAOBIM";"Outras";"Tombamento";"Sem Vítimas";"Pleno dia";"Crescente";"Nublado";"Simples";"Curva";"Rural";1;0;0;0;1;0;0;1
83476671;"26/06/16";"Domingo";"15:30:00";"MG";381;"482,6";"BETIM";"Não guardar distância de segurança";"Colisão traseira";"Com Vítimas Feridas";"Pleno dia";"Decrescente";"Sol";"Dupla";"Reta";"Urbano";12;0;1;0;11;0;1;11
83476672;"26/06/16";"Domingo";"12:00:00";"GO";60;"226";"CEZARINA";"Ingestão de álcool";"Colisão lateral";"Sem Vítimas";"Pleno dia";"Crescente";"Sol";"Dupla";"Reta";"Rural";2;0;0;0;2;0;0;2
83476673;"26/06/16";"Domingo";"19:00:00";"SC";470;"98";"APIUNA";"Falta de atenção";"Colisão lateral";"Com Vítimas Feridas";"Plena noite";"Decrescente";"Nublado";"Simples";"Reta";"Urbano";3;0;2;0;1;0;2;2
83476674;"23/06/16";"Quinta";"06:45:00";"SC";470;"145";"RIO DO SUL";"Falta de atenção";"Colisão traseira";"Sem Vítimas";"Amanhecer";"Crescente";"Nublado";"Simples";"Reta";"Urbano";2;0;0;0;2;0;0;2
83476675;"22/06/16";"Quarta";"19:45:00";"PE";408;"100";"SAO LOURENCO DA MATA";"Falta de atenção";"Colisão Transversal";"Sem Vítimas";"Plena noite";"Crescente";"Ceu Claro";"Dupla";"Cruzamento";"Rural";2;0;0;0;2;0;0;2
83476676;"26/06/16";"Domingo";"17:50:00";"PR";158;"422,5";"RIO BONITO DO IGUACU";"Outras";"Saída de Pista";"Com Vítimas Feridas";"Pleno dia";"Decrescente";"Ceu Claro";"Simples";"Curva";"Rural";1;0;1;0;0;0;1;1
83476677;"26/06/16";"Domingo";"18:40:00";"RN";101;"79";"SAO GONCALO DO AMARANTE";"Ingestão de álcool";"Colisão traseira";"Com Vítimas Feridas";"Plena noite";"Crescente";"Chuva";"Dupla";"Reta";"Urbano";3;0;1;0;2;0;1;2
83476678;"26/06/16";"Domingo";"18:00:00";"SP";116;"425";"JUQUIA";"Falta de atenção";"Colisão traseira";"Sem Vítimas";"Plena noite";"Decrescente";"Nublado";"Dupla";"Reta";"Rural";2;0;0;0;2;0;0;2
83476679;"26/06/16";"Domingo";"08:50:00";"PR";153;"4";"JACAREZINHO";"Outras";"Tombamento";"Com Vítimas Feridas";"Pleno dia";"Decrescente";"Ceu Claro";"Simples";"Curva";"Rural";1;0;1;0;0;0;1;1
83476680;"25/06/16";"Sábado";"05:40:00";"BA";116;"807";"VITORIA DA CONQUISTA";"Outras";"Colisão Transversal";"Sem Vítimas";"Amanhecer";"Decrescente";"Nublado";"Simples";"Reta";"Rural";5;0;0;0;5;0;0;2
83476681;"26/06/16";"Domingo";"19:30:00";"MS";163;"785,6";"PEDRO GOMES";"Velocidade incompatível";"Saída de Pista";"Com Vítimas Feridas";"Plena noite";"Crescente";"Ceu Claro";"Simples";"Reta";"Rural";1;0;1;0;0;0;1;1