"id";"data_inversa";"dia_semana";"horario";"uf";"br";"km";"municipio";"causa_acidente";"tipo_acidente";"classificacao_acidente";"fase_dia";"sentido_via";"condicao_metereologica";"tipo_pista";"tracado_via";"uso_solo";"pessoas";"mortos";"feridos_leves";"feridos_graves";"ilesos";"ignorados";"feridos";"veiculos"
83476682;"26/06/16";"Domingo";"18:00:00";"RJ";393;"279";"BARRA DO PIRAI";"Outras";"Atropelamento de pessoa";"Com Vítimas Feridas";"Plena noite";"Crescente";"Ceu Claro";"Simples";"Reta";"Urbano";2;0;1;0;1;0;1;1
83476683;"26/06/16";"Domingo";"18:20:00";"SP";153;"35";"NOVA GRANADA";"Ingestão de álcool";"Colisão traseira";"Sem Vítimas";"Anoitecer";"Crescente";"Ceu Claro";"Múltipla";"Reta";"Rural";2;0;0;0;2;0;0;2
83476685;"26/06/16";"Domingo";"17:00:00";"MT";364;"273";"JACIARA";"Outras";"Tombamento";"Sem Vítimas";"Anoitecer";"Crescente";"Ceu Claro";"Dupla";"Curva";"Urbano";1;0;0;0;1;0;0;1
83476686;"23/06/16";"Quinta";"07:00:00";"MG";381;"683,9";"RIBEIRAO VERMELHO";"Dormindo";"Capotamento";"Sem Vítimas";"Amanhecer";"Decrescente";"Ceu Claro";"Dupla";"Curva";"Rural";1;0;0;0;1;0;0;1
83476687;"22/06/16";"Quarta";"13:12:00";"ES";101;"276";"SERRA";"Velocidade incompatível";"Saída de Pista";"Sem Vítimas";"Anoitecer";"Crescente";"Chuva";"Dupla";"Curva";"Rural";1;0;0;0;1;0;0;1
83476688;"26/06/16";"Domingo";"12:00:00";"GO";364;"321";"MINEIROS";"Não guardar distância de segurança";"Colisão lateral";"Com Vítimas Feridas";"Pleno dia";"Decrescente";"Ceu Claro";"Simples";"Curva";"Rural";3;0;2;0;1;0;2;2
83476689;"18/06/16";"Sábado";"22:05:00";"RJ";101;"211";"CASIMIRO DE ABREU";"Outras";"Colisão com objeto fixo";"Sem Vítimas";"Plena noite";"Decrescente";"Ceu Claro";"Simples";"Reta";"Rural";1;0;0;0;1;0;0;1
83476690;"26/06/16";"Domingo";"17:50:00";"PE";424;"1";"ARCOVERDE";"Ingestão de álcool";"Colisão Transversal";"Com Vítimas Feridas";"Amanhecer";"Crescente";"Vento";"Simples";"Reta";"Urbano";5;0;4;0;1;0;4;2
83476691;"26/06/16";"Domingo";"17:50:00";"MG";365;"502,2";"PATROCINIO";"Falta de atenção";"Colisão traseira";"Com Vítimas Feridas";"Anoitecer";"Crescente";"Ceu Claro";"Simples";"Reta";"Rural";3;0;1;0;2;0;1;3
83476692;"26/06/16";"Domingo";"19:10:00";"PR";158;"494";"CORONEL VIVIDA";"Ingestão de álcool";"Saída de Pista";"Com Vítimas Feridas";"Plena noite";"Crescente";"Ceu Claro";"Simples";"Curva";"Rural";5;0;2;0;3;0;2;1
83476693;"26/06/16";"Domingo";"11:20:00";"GO";364;"287,5";"MINEIROS";"Ingestão de álcool";"Colisão frontal";"Com Vítimas Feridas";"Pleno dia";"Decrescente";"Ceu Claro";"Simples";"Reta";"Rural";2;0;0;1;1;0;1;2
83476695;"22/06/16";"Quarta";"19:00:00";"SP";116;"210";"GUARULHOS";"Outras";"Queda de motocicleta / bicicleta / veículo";"Ignorado";"Plena noite";"Decrescente";"Ceu Claro";"Múltipla";"Reta";"Urbano";1;0;0;0;0;1;0;1
83476696;"26/06/16";"Domingo";"22:20:00";"DF";40;"0,6";"BRASILIA";"Ingestão de álcool";"Colisão traseira";"Com Vítimas Feridas";"Plena noite";"Crescente";"Ceu Claro";"Dupla";"Reta";"Urbano";2;0;0;1;1;0;1;2
83476697;"18/06/16";"Sábado";"23:45:00";"ES";101;"125";"SOORETAMA";"Ingestão de álcool";"Colisão frontal";"Com Vítimas Feridas";"Anoitecer";"Crescente";"Ceu Claro";"Dupla";"Reta";"Urbano";2;0;0;1;1;0;1;2
83476698;"26/06/16";"Domingo";"14:35:00";"MG";381;"778";"CAMPANHA";"Falta de atenção";"Colisão com objeto fixo";"Sem Vítimas";"Pleno dia";"Decrescente";"Nublado";"Dupla";"Curva";"Rural";1;0;0;0;1;0;0;1
83476699;"26/06/16";"Domingo";"16:15:00";"MG";365;"501,9";"PATROCINIO";"Dormindo";"Colisão lateral";"Com Vítimas Feridas";"Pleno dia";"Decrescente";"Ceu Claro";"Simples";"Reta";"Rural";4;0;2;0;2;0;2;2
83476700;"26/06/16";"Domingo";"20:40:00";"RO";364;"424,5";"JARU";"Falta de atenção";"Colisão Transversal";"Com Vítimas Feridas";"Plena noite";"Crescente";"Ceu Claro";"Múltipla";"Reta";"Urbano";2;0;1;0;1;0;1;2
83476701;"26/06/16";"Domingo";"19:45:00";"RS";116;"225,6";"DOIS IRMAOS";"Velocidade incompatível";"Saída de Pista";"Com Vítimas Feridas";"Plena noite";"Crescente";"Nublado";"Simples";"Curva";"Urbano";1;0;1;0;0;0;1;1
83476703;"26/06/16";"Domingo";"18:05:00";"RS";392;"280,7";"SAO SEPE";"Ingestão de álcool";"Saída de Pista";"Com Vítimas Feridas";"Anoitecer";"Crescente";"Nublado";"Simples";"Reta";"Rural";4;0;4;0;0;0;4;1
83476704;"26/06/16";"Domingo";"20:40:00";"MG";40;"516";"RIBEIRAO DAS NEVES";"Falta de atenção";"Colisão traseira";"Com Vítimas Feridas";"Plena noite";"Crescente";"Ceu Claro";"Dupla";"Reta";"Urbano";4;0;1;0;2;1;1;4
83476707;"26/06/16";"Domingo";"17:30:00";"MS";262;"431,5";"DOIS IRMAOS DO BURITI";"Falta de atenção";"Atropelamento de pessoa";"Com Vítimas Fatais";"Anoitecer";"Decrescente";"Ceu Claro";"Simples";"Reta";"Rural";3;1;0;0;2;0;0;2
83476708;"26/06/16";"Domingo";"15:20:00";"GO";153;"515,1";"APARECIDA DE GOIANIA";"Ingestão de álcool";"Colisão lateral";"Com Vítimas Feridas";"Pleno dia";"Crescente";"Sol";"Dupla";"Reta";"Urbano";5;0;2;0;3;0;2;2
83476709;"26/06/16";"Domingo";"15:40:00";"BA";101;"229";"CRUZ DAS ALMAS";"Outras";"Colisão Transversal";"Sem Vítimas";"Plena noite";"Crescente";"Sol";"Simples";"Cruzamento";"Urbano";2;0;0;0;2;0;0;2
83476710;"26/06/16";"Domingo";"19:45:00";"SC";470;"165,4";"TROMBUDO CENTRAL";"Falta de atenção";"Tombamento";"Com Vítimas Feridas";"Plena noite";"Crescente";"Nublado";"Simples";"Reta";"Urbano";1;0;1;0;0;0;1;1
83476712;"26/06/16";"Domingo";"20:10:00";"PE";104;"58";"CARUARU";"Ingestão de álcool";"Colisão com objeto fixo";"Com Vítimas Fatais";"Plena noite";"Decrescente";"Ceu Claro";"Dupla";"Curva";"Urbano";4;1;0;2;0;1;2;1
83476713;"26/06/16";"Domingo";"18:00:00";"MG";381;"707,2";"NEPOMUCENO";"Outras";"Atropelamento de pessoa";"Com Vítimas Fatais";"Anoitecer";"Crescente";"Ceu Claro";"Dupla";"Curva";"Rural";4;1;0;0;3;0;0;1
83476714;"26/06/16";"Domingo";"16:30:00";"PA";316;"5";"ANANINDEUA";"Falta de atenção";"Colisão traseira";"Sem Vítimas";"Pleno dia";"Decrescente";"Sol";"Dupla";"Reta";"Urbano";2;0;0;0;1;1;0;2
83476715;"26/06/16";"Domingo";"23:35:00";"RS";285;"338";"CARAZINHO";"Ultrapassagem indevida";"Colisão frontal";"Com Vítimas Fatais";"Plena noite";"Crescente";"Ceu Claro";"Simples";"Reta";"Urbano";2;1;0;0;1;0;0;2
83476716;"26/06/16";"Domingo";"18:30:00";"PR";277;"108";"CAMPO LARGO";"Ingestão de álcool";"Colisão traseira";"Com Vítimas Feridas";"Plena noite";"Decrescente";"Ceu Claro";"Dupla";"Reta";"Urbano";4;0;1;0;3;0;1;3
83476717;"26/06/16";"Domingo";"23:00:00";"SP";101;"40";"UBATUBA";"Outras";"Colisão com bicicleta";"Com Vítimas Feridas";"Plena noite";"Crescente";"Nevoeiro/neblina";"Simples";"Reta";"Urbano";2;0;1;1;0;0;2;2
83476718;"26/06/16";"Domingo";"15:50:00";"PB";101;"94,5";"CONDE";"Velocidade incompatível";"Colisão traseira";"Com Vítimas Feridas";"Pleno dia";"Decrescente";"Chuva";"Dupla";"Curva";"Rural";2;0;1;0;1;0;1;2
83476719;"18/06/16";"Sábado";"20:05:00";"ES";101;"191";"ARACRUZ";"Velocidade incompatível";"Saída de Pista";"Com Vítimas Feridas";"Plena noite";"Decrescente";"Ceu Claro";"Simples";"Reta";"Rural";2;0;1;1;0;0;2;1
83476720;"26/06/16";"Domingo";"19:10:00";"RO";364;"346,8";"JI-PARANA";"Ingestão de álcool";"Colisão traseira";"Sem Vítimas";"Plena noite";"Crescente";"Ceu Claro";"Simples";"Reta";"Urbano";3;0;0;0;3;0;0;2
83476721;"26/06/16";"Domingo";"22:35:00";"GO";60;"62,5";"ABADIANIA";"Animais na Pista";"Atropelamento de animal";"Sem Vítimas";"Plena noite";"Decrescente";"Nublado";"Dupla";"Reta";"Urbano";1;0;0;0;1;0;0;1
83476722;"26/06/16";"Domingo";"19:40:00";"GO";40;"24,3";"LUZIANIA";"Outras";"Colisão frontal";"Com Vítimas Feridas";"Plena noite";"Crescente";"Ceu Claro";"Simples";"Reta";"Urbano";6;0;6;0;0;0;6;2
83476723;"22/06/16";"Quarta";"14:15:00";"CE";116;"90,5";"OCARA";"Dormindo";"Saída de Pista";"Com Vítimas Feridas";"Pleno dia";"Crescente";"Ceu Claro";"Simples";"Reta";"Rural";2;0;1;0;1;0;1;1
83476724;"26/06/16";"Domingo";"23:20:00";"PR";369;"167,5";"CAMBE";"Ingestão de álcool";"Colisão com objeto fixo";"Com Vítimas Feridas";"Plena noite";"Crescente";"Ceu Claro";"Dupla";"Reta";"Rural";1;0;1;0;0;0;1;1
83476725;"18/06/16";"Sábado";"23:50:00";"RN";101;"80";"SAO GONCALO DO AMARANTE";"Ingestão de álcool";"Colisão lateral";"Sem Vítimas";"Plena noite";"Decrescente";"Ceu Claro";"Dupla";"Reta";"Urbano";2;0;0;0;2;0;0;2
83476726;"24/06/16";"Sexta";"04:30:00";"RS";116;"526";"PELOTAS";"Falta de atenção";"Saída de Pista";"Sem Vítimas";"Plena noite";"Crescente";"Nevoeiro/neblina";"Simples";"Curva";"Urbano";1;0;0;0;1;0;0;1
83476727;"26/06/16";"Domingo";"23:45:00";"PR";153;"355";"REBOUCAS";"Outras";"Saída de Pista";"Com Vítimas Feridas";"Plena noite";"Decrescente";"Nublado";"Simples";"Reta";"Rural";4;0;1;3;0;0;4;1
83476728;"26/06/16";"Domingo";"23:05:00";"MT";70;"512,5";"VARZEA GRANDE";"Ultrapassagem indevida";"Colisão lateral";"Com Vítimas Feridas";"Plena noite";"Decrescente";"Ignorada";"Simples";"Curva";"Urbano";2;0;1;0;0;1;1;2
83476729;"26/06/16";"Domingo";"15:30:00";"MG";40;"510";"RIBEIRAO DAS NEVES";"Não guardar distância de segurança";"Queda de motocicleta / bicicleta / veículo";"Com Vítimas Feridas";"Pleno dia";"Crescente";"Ignorada";"Dupla";"Reta";"Urbano";3;0;1;1;0;1;2;2
83476730;"26/06/16";"Domingo";"22:20:00";"PR";376;"173,8";"MARINGA";"Desobediência à sinalização";"Colisão Transversal";"Com Vítimas Feridas";"Plena noite";"Decrescente";"Ceu Claro";"Dupla";"Cruzamento";"Urbano";2;0;1;0;1;0;1;2
83476731;"26/06/16";"Domingo";"15:00:00";"PB";230;"174";"CAMPINA GRANDE";"Falta de atenção";"Colisão traseira";"Sem Vítimas";"Pleno dia";"Decrescente";"Sol";"Simples";"Reta";"Rural";2;0;0;0;2;0;0;2
83476732;"26/06/16";"Domingo";"18:00:00";"SP";381;"33,8";"ATIBAIA";"Ultrapassagem indevida";"Colisão lateral";"Com Vítimas Feridas";"Anoitecer";"Crescente";"Nublado";"Dupla";"Curva";"Rural";5;0;2;0;3;0;2;3
83476733;"24/06/16";"Sexta";"03:30:00";"PB";101;"18,3";"MAMANGUAPE";"Defeito mecânico em veículo";"Colisão com objeto fixo";"Sem Vítimas";"Plena noite";"Decrescente";"Ceu Claro";"Dupla";"Reta";"Rural";1;0;0;0;1;0;0;1
83476734;"27/06/16";"Segunda";"01:30:00";"RS";293;"360,3";"SANTANA DO LIVRAMENTO";"Defeito mecânico em veículo";"Saída de Pista";"Sem Vítimas";"Plena noite";"Decrescente";"Chuva";"Simples";"Reta";"Rural";1;0;0;0;1;0;0;1
83476736;"26/06/16";"Domingo";"08:00:00";"MG";40;"461";"SETE LAGOAS";"Falta de atenção";"Saída de Pista";"Sem Vítimas";"Pleno dia";"Crescente";"Ceu Claro";"Dupla";"Reta";"Rural";1;0;0;0;1;0;0;1
83476737;"26/06/16";"Domingo";"17:10:00";"MG";40;"435,1";"PARAOPEBA";"Outras";"Colisão traseira";"Com Vítimas Feridas";"Anoitecer";"Decrescente";"Ceu Claro";"Dupla";"Reta";"Rural";6;0;4;2;0;0;6;2
83476738;"26/06/16";"Domingo";"17:55:00";"PR";369;"177";"ROLANDIA";"Ingestão de álcool";"Saída de Pista";"Com Vítimas Feridas";"Pleno dia";"Crescente";"Ceu Claro";"Simples";"Curva";"Urbano";1;0;0;1;0;0;1;1
83476739;"27/06/16";"Segunda";"02:00:00";"SP";116;"476,5";"JACUPIRANGA";"Ingestão de álcool";"Colisão com objeto fixo";"Com Vítimas Feridas";"Plena noite";"Decrescente";"Nublado";"Dupla";"Reta";"Urbano";1;0;1;0;0;0;1;1
83476740;"27/06/16";"Segunda";"01:30:00";"RS";290;"39,3";"SANTO ANTONIO DA PATRULHA";"Dormindo";"Colisão com objeto fixo";"Com Vítimas Fatais";"Plena noite";"Decrescente";"Nevoeiro/neblina";"Dupla";"Reta";"Rural";4;1;2;0;1;0;2;3
83476741;"27/06/16";"Segunda";"02:15:00";"RS";290;"652";"URUGUAIANA";"Falta de atenção";"Saída de Pista";"Sem Vítimas";"Plena noite";"Crescente";"Chuva";"Simples";"Reta";"Rural";1;0;0;0;1;0;0;1
83476742;"27/06/16";"Segunda";"03:40:00";"GO";153;"697,7";"ITUMBIARA";"Outras";"Colisão lateral";"Com Vítimas Feridas";"Plena noite";"Crescente";"Ceu Claro";"Dupla";"Reta";"Urbano";3;0;1;0;1;1;1;2
83476743;"26/06/16";"Domingo";"19:30:00";"PE";428;"182";"PETROLINA";"Falta de atenção";"Atropelamento de pessoa";"Com Vítimas Fatais";"Plena noite";"Decrescente";"Nublado";"Simples";"Reta";"Rural";2;1;1;0;0;0;1;1
83476744;"26/06/16";"Domingo";"22:18:00";"SC";280;"24";"ARAQUARI";"Ingestão de álcool";"Atropelamento de pessoa";"Com Vítimas Feridas";"Plena noite";"Crescente";"Nublado";"Simples";"Reta";"Urbano";2;0;1;0;1;0;1;1
83476745;"26/06/16";"Domingo";"18:20:00";"MG";381;"861";"POUSO ALEGRE";"Outras";"Capotamento";"Sem Vítimas";"Plena noite";"Decrescente";"Ceu Claro";"Dupla";"Reta";"Rural";3;0;0;0;2;1;0;1
83476747;"24/06/16";"Sexta";"02:50:00";"CE";20;"395";"CAUCAIA";"Falta de atenção";"Colisão lateral";"Sem Vítimas";"Plena noite";"Crescente";"Ceu Claro";"Simples";"Reta";"Rural";2;0;0;0;2;0;0;2
83476748;"26/06/16";"Domingo";"13:20:00";"MG";40;"491,8";"MATOZINHOS";"Defeito mecânico em veículo";"Capotamento";"Com Vítimas Feridas";"Pleno dia";"Crescente";"Ceu Claro";"Dupla";"Curva";"Rural";4;0;3;0;1;0;3;2
83476749;"23/06/16";"Quinta";"23:45:00";"CE";20;"429,5";"FORTALEZA";"Outras";"Colisão frontal";"Com Vítimas Fatais";"Plena noite";"Decrescente";"Ignorada";"Dupla";"Reta";"Urbano";2;1;0;0;0;1;0;2
83476750;"26/06/16";"Domingo";"11:30:00";"BA";101;"86";"ALAGOINHAS";"Outras";"Tombamento";"Sem Vítimas";"Pleno dia";"Decrescente";"Chuva";"Simples";"Reta";"Rural";1;0;0;0;1;0;0;1
83476751;"26/06/16";"Domingo";"17:00:00";"RS";101;"63";"MAQUINE";"Falta de atenção";"Saída de Pista";"Sem Vítimas";"Pleno dia";"Decrescente";"Ceu Claro";"Simples";"Curva";"Rural";1;0;0;0;1;0;0;1
83476752;"27/06/16";"Segunda";"04:25:00";"SC";101;"349";"JAGUARUNA";"Velocidade incompatível";"Saída de Pista";"Com Vítimas Fatais";"Plena noite";"Decrescente";"Nublado";"Dupla";"Curva";"Rural";2;1;0;1;0;0;1;1
83476753;"26/06/16";"Domingo";"06:30:00";"SP";116;"47,7";"CANAS";"Outras";"Saída de Pista";"Ignorado";"Plena noite";"Crescente";"Nublado";"Dupla";"Reta";"Rural";1;0;0;0;0;1;0;1
83476754;"26/06/16";"Domingo";"21:15:00";"SP";381;"88,6";"GUARULHOS";"Falta de atenção";"Colisão traseira";"Com Vítimas Feridas";"Plena noite";"Decrescente";"Ceu Claro";"Múltipla";"Reta";"Urbano";3;0;2;0;1;0;2;2
83476755;"27/06/16";"Segunda";"02:30:00";"CE";222;"279,5";"FRECHEIRINHA";"Animais na Pista";"Atropelamento de animal";"Sem Vítimas";"Plena noite";"Decrescente";"Ceu Claro";"Simples";"Reta";"Rural";1;0;0;0;1;0;0;1
83476756;"26/06/16";"Domingo";"06:00:00";"PR";369;"45,5";"BANDEIRANTES";"Dormindo";"Saída de Pista";"Com Vítimas Feridas";"Amanhecer";"Decrescente";"Ignorada";"Simples";"Reta";"Rural";4;0;4;0;0;0;4;1
83476757;"27/06/16";"Segunda";"06:40:00";"SC";101;"418";"ARARANGUA";"Falta de atenção";"Colisão traseira";"Com Vítimas Feridas";"Amanhecer";"Crescente";"Nevoeiro/neblina";"Dupla";"Reta";"Urbano";2;0;1;0;1;0;1;2
83476758;"06/05/16";"Sexta";"17:45:00";"CE";116;"31";"AQUIRAZ";"Falta de atenção";"Colisão com bicicleta";"Com Vítimas Fatais";"Anoitecer";"Crescente";"Ceu Claro";"Dupla";"Reta";"Rural";3;1;0;0;2;0;0;3
83476759;"23/06/16";"Quinta";"18:10:00";"ES";101;"278,9";"SERRA";"Defeito mecânico em veículo";"Colisão com objeto fixo";"Sem Vítimas";"Plena noite";"Crescente";"Ceu Claro";"Dupla";"Cruzamento";"Urbano";1;0;0;0;1;0;0;1
83476760;"22/06/16";"Quarta";"11:57:00";"MT";70;"514";"VARZEA GRANDE";"Desobediência à sinalização";"Colisão Transversal";"Com Vítimas Feridas";"Pleno dia";"Decrescente";"Sol";"Simples";"Reta";"Urbano";3;0;2;0;1;0;2;2
83476761;"27/06/16";"Segunda";"04:45:00";"PE";232;"63,5";"GRAVATA";"Não guardar distância de segurança";"Colisão traseira";"Sem Vítimas";"Amanhecer";"Decrescente";"Ceu Claro";"Simples";"Reta";"Rural";2;0;0;0;1;1;0;2
83476762;"27/06/16";"Segunda";"07:00:00";"CE";304;"50";"ARACATI";"Defeito na via";"Colisão Transversal";"Com Vítimas Feridas";"Pleno dia";"Crescente";"Ceu Claro";"Dupla";"Curva";"Urbano";2;0;1;0;1;0;1;2
83476763;"20/06/16";"Segunda";"14:00:00";"SP";116;"321";"JUQUITIBA";"Outras";"Colisão traseira";"Sem Vítimas";"Pleno dia";"Crescente";"Ceu Claro";"Dupla";"Reta";"Rural";2;0;0;0;2;0;0;2
83476765;"23/06/16";"Quinta";"18:10:00";"SE";101;"72";"MARUIM";"Defeito mecânico em veículo";"Colisão com objeto móvel";"Sem Vítimas";"Plena noite";"Decrescente";"Chuva";"Simples";"Reta";"Rural";3;0;0;0;3;0;0;3
83476766;"27/06/16";"Segunda";"06:30:00";"PR";277;"38,2";"MORRETES";"Não guardar distância de segurança";"Colisão traseira";"Com Vítimas Feridas";"Amanhecer";"Crescente";"Nevoeiro/neblina";"Dupla";"Curva";"Rural";3;0;1;0;1;1;1;2
83476767;"25/06/16";"Sábado";"01:48:00";"BA";116;"451";"ANTONIO CARDOSO";"Dormindo";"Colisão com objeto fixo";"Com Vítimas Feridas";"Plena noite";"Crescente";"Nublado";"Simples";"Curva";"Rural";1;0;0;1;0;0;1;1
83476768;"23/06/16";"Quinta";"22:45:00";"SC";101;"217";"PALHOCA";"Ingestão de álcool";"Queda de motocicleta / bicicleta / veículo";"Com Vítimas Feridas";"Plena noite";"Crescente";"Ceu Claro";"Dupla";"Reta";"Urbano";1;0;1;0;0;0;1;1
83476769;"24/06/16";"Sexta";"01:30:00";"MG";50;"14";"UBERLANDIA";"Outras";"Tombamento";"Com Vítimas Feridas";"Plena noite";"Crescente";"Ceu Claro";"Dupla";"Curva";"Rural";1;0;1;0;0;0;1;1
83476770;"27/06/16";"Segunda";"04:15:00";"BA";116;"639,9";"JAGUAQUARA";"Falta de atenção";"Colisão frontal";"Com Vítimas Fatais";"Plena noite";"Crescente";"Nublado";"Simples";"Reta";"Rural";3;1;0;1;1;0;1;2
83476771;"24/06/16";"Sexta";"05:00:00";"SC";101;"218,8";"PALHOCA";"Ingestão de álcool";"Colisão traseira";"Com Vítimas Feridas";"Plena noite";"Crescente";"Nublado";"Múltipla";"Reta";"Urbano";3;0;3;0;0;0;3;2
83476772;"27/06/16";"Segunda";"06:45:00";"RS";116;"302,8";"GUAIBA";"Outras";"Tombamento";"Com Vítimas Feridas";"Amanhecer";"Decrescente";"Nevoeiro/neblina";"Dupla";"Curva";"Urbano";1;0;1;0;0;0;1;1
83476773;"27/06/16";"Segunda";"06:40:00";"PE";101;"70,8";"RECIFE";"Defeito na via";"Queda de motocicleta / bicicleta / veículo";"Com Vítimas Feridas";"Pleno dia";"Decrescente";"Ceu Claro";"Dupla";"Reta";"Urbano";1;0;1;0;0;0;1;1
83476774;"27/06/16";"Segunda";"06:20:00";"RS";290;"107,3";"ELDORADO DO SUL";"Falta de atenção";"Colisão com objeto fixo";"Com Vítimas Feridas";"Amanhecer";"Crescente";"Nevoeiro/neblina";"Simples";"Reta";"Urbano";1;0;1;0;0;0;1;1
83476775;"10/06/16";"Sexta";"23:45:00";"SC";470;"4";"NAVEGANTES";"Desobediência à sinalização";"Colisão lateral";"Sem Vítimas";"Plena noite";"Crescente";"Ceu Claro";"Simples";"Reta";"Urbano";2;0;0;0;1;1;0;2
83476777;"19/06/16";"Domingo";"16:20:00";"PE";232;"70";"GRAVATA";"Falta de atenção";"Colisão traseira";"Sem Vítimas";"Pleno dia";"Decrescente";"Chuva";"Simples";"Reta";"Rural";3;0;0;0;3;0;0;3
83476778;"27/06/16";"Segunda";"04:00:00";"PR";153;"370,2";"RIO AZUL";"Outras";"Saída de Pista";"Sem Vítimas";"Plena noite";"Decrescente";"Nublado";"Simples";"Curva";"Rural";1;0;0;0;1;0;0;1
83476779;"25/06/16";"Sábado";"09:00:00";"BA";116;"12,5";"VITORIA DA CONQUISTA";"Outras";"Queda de motocicleta / bicicleta / veículo";"Com Vítimas Feridas";"Pleno dia";"Decrescente";"Nevoeiro/neblina";"Simples";"Curva";"Urbano";2;0;2;0;0;0;2;1
83476780;"24/06/16";"Sexta";"11:30:00";"BA";110;"58,6";"JEREMOABO";"Velocidade incompatível";"Colisão frontal";"Com Vítimas Fatais";"Pleno dia";"Crescente";"Chuva";"Simples";"Curva";"Rural";2;1;1;0;0;0;1;2
83476781;"16/06/16";"Quinta";"23:00:00";"SC";101;"191,8";"BIGUACU";"Velocidade incompatível";"Colisão com objeto fixo";"Sem Vítimas";"Plena noite";"Decrescente";"Chuva";"Dupla";"Curva";"Urbano";1;0;0;0;1;0;0;1
83476782;"27/06/16";"Segunda";"06:00:00";"SP";153;"61";"SAO JOSE DO RIO PRETO";"Dormindo";"Colisão traseira";"Com Vítimas Feridas";"Amanhecer";"Decrescente";"Ceu Claro";"Dupla";"Reta";"Urbano";2;0;1;0;1;0;1;2
83476783;"24/06/16";"Sexta";"01:20:00";"SE";235;"79,5";"FREI PAULO";"Ingestão de álcool";"Colisão frontal";"Com Vítimas Fatais";"Plena noite";"Decrescente";"Nublado";"Simples";"Reta";"Rural";3;2;0;1;0;0;1;2
83476784;"27/06/16";"Segunda";"08:00:00";"SP";116;"280";"EMBU";"Defeito mecânico em veículo";"Colisão Transversal";"Sem Vítimas";"Pleno dia";"Decrescente";"Nevoeiro/neblina";"Dupla";"Reta";"Urbano";2;0;0;0;2;0;0;2
83476785;"24/06/16";"Sexta";"02:00:00";"MG";459;"40,5";"SANTA RITA DE CALDAS";"Dormindo";"Saída de Pista";"Sem Vítimas";"Plena noite";"Decrescente";"Nevoeiro/neblina";"Simples";"Curva";"Rural";1;0;0;0;1;0;0;1
83476786;"23/06/16";"Quinta";"21:40:00";"PA";222;"229";"MARABA";"Dormindo";"Saída de Pista";"Com Vítimas Fatais";"Plena noite";"Decrescente";"Ceu Claro";"Simples";"Reta";"Rural";1;1;0;0;0;0;0;1
83476787;"27/06/16";"Segunda";"08:15:00";"PI";343;"321";"ALTOS";"Defeito mecânico em veículo";"Tombamento";"Com Vítimas Feridas";"Pleno dia";"Crescente";"Ceu Claro";"Simples";"Reta";"Rural";2;0;0;2;0;0;2;1
83476788;"22/06/16";"Quarta";"07:40:00";"GO";153;"563,7";"PROFESSOR JAMIL";"Defeito mecânico em veículo";"Incêndio";"Com Vítimas Feridas";"Pleno dia";"Decrescente";"Ceu Claro";"Dupla";"Reta";"Urbano";46;0;1;0;45;0;1;1
83476789;"27/06/16";"Segunda";"07:48:00";"PR";376;"200,9";"MANDAGUARI";"Defeito mecânico em veículo";"Colisão traseira";"Sem Vítimas";"Pleno dia";"Decrescente";"Sol";"Dupla";"Reta";"Rural";2;0;0;0;2;0;0;2
83476791;"23/06/16";"Quinta";"14:00:00";"RS";470;"219,5";"BENTO GONCALVES";"Falta de atenção";"Queda de motocicleta / bicicleta / veículo";"Com Vítimas Feridas";"Pleno dia";"Decrescente";"Sol";"Simples";"Curva";"Rural";1;0;1;0;0;0;1;1
83476793;"26/06/16";"Domingo";"15:00:00";"RO";364;"315,5";"PRESIDENTE MEDICI";"Falta de atenção";"Colisão lateral";"Com Vítimas Fatais";"Pleno dia";"Decrescente";"Ceu Claro";"Simples";"Reta";"Rural";3;2;0;0;1;0;0;2
83476794;"23/06/16";"Quinta";"21:20:00";"SC";282;"142,8";"BOM RETIRO";"Velocidade incompatível";"Saída de Pista";"Sem Vítimas";"Plena noite";"Crescente";"Nevoeiro/neblina";"Simples";"Curva";"Rural";1;0;0;0;1;0;0;1
83476795;"25/06/16";"Sábado";"05:20:00";"TO";153;"589";"SANTA RITA DO TOCANTINS";"Dormindo";"Saída de Pista";"Com Vítimas Feridas";"Plena noite";"Decrescente";"Ceu Claro";"Simples";"Reta";"Rural";1;0;1;0;0;0;1;1
83476796;"24/06/16";"Sexta";"22:00:00";"MG";40;"442,7";"PARAOPEBA";"Falta de atenção";"Saída de Pista";"Com Vítimas Feridas";"Plena noite";"Decrescente";"Ceu Claro";"Dupla";"Reta";"Rural";3;0;1;2;0;0;3;1
83476797;"23/06/16";"Quinta";"18:05:00";"SC";101;"202,1";"SAO JOSE";"Falta de atenção";"Colisão traseira";"Com Vítimas Feridas";"Anoitecer";"Decrescente";"Nublado";"Dupla";"Reta";"Urbano";2;0;1;0;1;0;1;2
83476798;"26/06/16";"Domingo";"04:00:00";"RR";174;"240";"CARACARAI";"Ingestão de álcool";"Colisão traseira";"Com Vítimas Feridas";"Plena noite";"Crescente";"Ceu Claro";"Simples";"Reta";"Rural";2;0;1;0;1;0;1;2
83476799;"27/03/16";"Domingo";"17:55:00";"SC";101;"204";"SAO JOSE";"Falta de atenção";"Colisão lateral";"Com Vítimas Feridas";"Anoitecer";"Decrescente";"Nublado";"Dupla";"Reta";"Urbano";2;0;1;0;1;0;1;2