"id";"data_inversa";"dia_semana";"horario";"uf";"br";"km";"municipio";"causa_acidente";"tipo_acidente";"classificacao_acidente";"fase_dia";"sentido_via";"condicao_metereologica";"tipo_pista";"tracado_via";"uso_solo";"pessoas";"mortos";"feridos_leves";"feridos_graves";"ilesos";"ignorados";"feridos";"veiculos"
83476800;"24/06/16";"Sexta";"04:30:00";"MG";381;"622,4";"OLIVEIRA";"Falta de atenção";"Colisão lateral";"Com Vítimas Feridas";"Plena noite";"Crescente";"Ceu Claro";"Dupla";"Curva";"Rural";3;0;2;0;1;0;2;2
83476801;"27/06/16";"Segunda";"10:00:00";"MG";40;"559";"CONTAGEM";"Falta de atenção";"Colisão traseira";"Sem Vítimas";"Pleno dia";"Decrescente";"Ceu Claro";"Dupla";"Reta";"Rural";2;0;0;0;2;0;0;2
83476802;"24/06/16";"Sexta";"06:46:00";"SP";116;"149";"SAO JOSE DOS CAMPOS";"Falta de atenção";"Colisão Transversal";"Com Vítimas Feridas";"Pleno dia";"Decrescente";"Ceu Claro";"Múltipla";"Reta";"Urbano";2;0;1;0;1;0;1;2
83476803;"25/06/16";"Sábado";"06:55:00";"RJ";465;"4";"SEROPEDICA";"Outras";"Colisão traseira";"Com Vítimas Feridas";"Amanhecer";"Decrescente";"Ceu Claro";"Simples";"Reta";"Urbano";2;0;1;0;1;0;1;2
83476804;"27/06/16";"Segunda";"07:30:00";"GO";153;"496";"GOIANIA";"Falta de atenção";"Colisão traseira";"Com Vítimas Feridas";"Pleno dia";"Crescente";"Ceu Claro";"Dupla";"Reta";"Urbano";5;0;2;0;2;1;2;5
83476805;"27/06/16";"Segunda";"08:10:00";"PR";376;"169,7";"MARINGA";"Outras";"Colisão traseira";"Sem Vítimas";"Pleno dia";"Crescente";"Sol";"Dupla";"Reta";"Rural";2;0;0;0;2;0;0;2
83476806;"18/06/16";"Sábado";"14:40:00";"PE";232;"43,5";"VITORIA DE SANTO ANTAO";"Ingestão de álcool";"Colisão traseira";"Sem Vítimas";"Pleno dia";"Crescente";"Nublado";"Simples";"Reta";"Urbano";2;0;0;0;2;0;0;2
83476807;"27/06/16";"Segunda";"07:30:00";"SC";282;"568";"NOVA ERECHIM";"Não guardar distância de segurança";"Colisão traseira";"Sem Vítimas";"Pleno dia";"Crescente";"Sol";"Simples";"Reta";"Urbano";6;0;0;0;6;0;0;2
83476808;"25/06/16";"Sábado";"01:27:00";"PA";316;"8";"ANANINDEUA";"Falta de atenção";"Colisão traseira";"Com Vítimas Feridas";"Plena noite";"Crescente";"Ceu Claro";"Dupla";"Reta";"Urbano";4;0;1;0;3;0;1;2
83476809;"23/06/16";"Quinta";"18:10:00";"PI";20;"70";"SAO RAIMUNDO NONATO";"Outras";"Colisão com bicicleta";"Com Vítimas Feridas";"Anoitecer";"Crescente";"Ceu Claro";"Simples";"Reta";"Rural";2;0;1;0;0;1;1;2
83476810;"18/06/16";"Sábado";"16:30:00";"BA";324;"543";"AMELIA RODRIGUES";"Outras";"Colisão com objeto fixo";"Sem Vítimas";"Plena noite";"Decrescente";"Nublado";"Dupla";"Reta";"Urbano";1;0;0;0;1;0;0;1
83476811;"27/06/16";"Segunda";"09:30:00";"BA";418;"85";"NOVA VICOSA";"Falta de atenção";"Colisão traseira";"Sem Vítimas";"Pleno dia";"Decrescente";"Ceu Claro";"Simples";"Reta";"Urbano";2;0;0;0;2;0;0;2
83476812;"27/06/16";"Segunda";"09:30:00";"GO";153;"512";"APARECIDA DE GOIANIA";"Defeito mecânico em veículo";"Queda de motocicleta / bicicleta / veículo";"Com Vítimas Feridas";"Pleno dia";"Crescente";"Ceu Claro";"Dupla";"Reta";"Urbano";1;0;1;0;0;0;1;1
83476814;"27/06/16";"Segunda";"06:30:00";"RS";472;"141,3";"TRES DE MAIO";"Desobediência à sinalização";"Colisão lateral";"Com Vítimas Feridas";"Amanhecer";"Decrescente";"Nevoeiro/neblina";"Simples";"Curva";"Rural";3;0;1;0;1;1;1;2
83476815;"19/06/16";"Domingo";"20:15:00";"CE";222;"298";"TIANGUA";"Animais na Pista";"Atropelamento de animal";"Sem Vítimas";"Plena noite";"Crescente";"Ceu Claro";"Simples";"Curva";"Rural";1;0;0;0;1;0;0;1
83476816;"27/06/16";"Segunda";"09:50:00";"MA";222;"678";"ACAILANDIA";"Desobediência à sinalização";"Colisão lateral";"Com Vítimas Feridas";"Pleno dia";"Crescente";"Sol";"Simples";"Reta";"Urbano";2;0;1;0;1;0;1;2
83476817;"24/06/16";"Sexta";"04:30:00";"MA";316;"345";"BACABAL";"Outras";"Colisão traseira";"Com Vítimas Feridas";"Amanhecer";"Decrescente";"Ceu Claro";"Simples";"Reta";"Rural";2;0;0;1;1;0;1;2
83476818;"24/06/16";"Sexta";"06:10:00";"MG";40;"671,3";"CARANDAI";"Falta de atenção";"Colisão com objeto fixo";"Com Vítimas Feridas";"Amanhecer";"Decrescente";"Nevoeiro/neblina";"Simples";"Curva";"Rural";2;0;1;1;0;0;2;1
83476819;"27/06/16";"Segunda";"09:00:00";"GO";153;"189";"URUACU";"Não guardar distância de segurança";"Colisão traseira";"Com Vítimas Feridas";"Pleno dia";"Crescente";"Ceu Claro";"Simples";"Reta";"Rural";3;0;1;0;2;0;1;2
83476821;"27/06/16";"Segunda";"06:20:00";"RJ";101;"307";"SAO GONCALO";"Dormindo";"Colisão traseira";"Com Vítimas Fatais";"Amanhecer";"Crescente";"Nevoeiro/neblina";"Dupla";"Reta";"Urbano";5;4;0;0;1;0;0;2
83476822;"17/06/16";"Sexta";"14:30:00";"MG";365;"620";"UBERLANDIA";"Falta de atenção";"Colisão traseira";"Com Vítimas Feridas";"Pleno dia";"Decrescente";"Ceu Claro";"Dupla";"Reta";"Urbano";3;0;0;2;1;0;2;2
83476823;"27/06/16";"Segunda";"09:30:00";"BA";324;"527";"FEIRA DE SANTANA";"Falta de atenção";"Colisão traseira";"Sem Vítimas";"Pleno dia";"Crescente";"Nublado";"Dupla";"Reta";"Rural";2;0;0;0;2;0;0;2
83476824;"05/03/16";"Sábado";"16:10:00";"GO";40;"119";"CRISTALINA";"Falta de atenção";"Colisão lateral";"Sem Vítimas";"Pleno dia";"Decrescente";"Ceu Claro";"Dupla";"Reta";"Rural";2;0;0;0;1;1;0;2
83476825;"27/06/16";"Segunda";"06:30:00";"MS";60;"395,9";"SIDROLANDIA";"Ingestão de álcool";"Saída de Pista";"Com Vítimas Feridas";"Amanhecer";"Decrescente";"Ceu Claro";"Simples";"Reta";"Rural";1;0;1;0;0;0;1;1
83476826;"27/06/16";"Segunda";"11:15:00";"MG";381;"508";"SAO JOAQUIM DE BICAS";"Outras";"Queda de motocicleta / bicicleta / veículo";"Com Vítimas Feridas";"Pleno dia";"Crescente";"Sol";"Dupla";"Reta";"Urbano";1;0;1;0;0;0;1;1
83476827;"19/06/16";"Domingo";"20:30:00";"MG";40;"676,3";"CARANDAI";"Falta de atenção";"Capotamento";"Sem Vítimas";"Plena noite";"Decrescente";"Ceu Claro";"Simples";"Reta";"Rural";4;0;0;0;4;0;0;1
83476828;"27/06/16";"Segunda";"09:30:00";"PR";277;"677,2";"MEDIANEIRA";"Outras";"Capotamento";"Sem Vítimas";"Pleno dia";"Decrescente";"Sol";"Dupla";"Reta";"Rural";1;0;0;0;1;0;0;1
83476829;"25/06/16";"Sábado";"22:15:00";"RJ";116;"131";"MAGE";"Animais na Pista";"Atropelamento de animal";"Com Vítimas Feridas";"Plena noite";"Crescente";"Ceu Claro";"Dupla";"Reta";"Urbano";3;0;2;0;1;0;2;1
83476830;"04/04/16";"Segunda";"14:30:00";"SP";116;"216";"GUARULHOS";"Falta de atenção";"Colisão lateral";"Com Vítimas Feridas";"Pleno dia";"Decrescente";"Ceu Claro";"Múltipla";"Reta";"Urbano";2;0;1;0;1;0;1;2
83476831;"24/06/16";"Sexta";"10:40:00";"MG";135;"581,2";"CORINTO";"Outras";"Saída de Pista";"Com Vítimas Feridas";"Pleno dia";"Crescente";"Ceu Claro";"Simples";"Reta";"Rural";5;0;3;0;2;0;3;1
83476833;"27/06/16";"Segunda";"03:00:00";"MA";222;"401";"SANTA LUZIA";"Outras";"Saída de Pista";"Com Vítimas Fatais";"Plena noite";"Crescente";"Ceu Claro";"Simples";"Curva";"Rural";1;1;0;0;0;0;0;1
83476834;"26/06/16";"Domingo";"20:00:00";"BA";324;"514,2";"FEIRA DE SANTANA";"Ingestão de álcool";"Colisão Transversal";"Sem Vítimas";"Plena noite";"Decrescente";"Chuva";"Simples";"Reta";"Urbano";2;0;0;0;2;0;0;2
83476835;"27/06/16";"Segunda";"10:00:00";"PR";277;"46";"MORRETES";"Desobediência à sinalização";"Colisão frontal";"Com Vítimas Feridas";"Pleno dia";"Crescente";"Ceu Claro";"Simples";"Reta";"Rural";3;0;1;0;2;0;1;3
83476836;"08/06/16";"Quarta";"16:15:00";"MS";158;"98,2";"PARANAIBA";"Falta de atenção";"Colisão lateral";"Com Vítimas Feridas";"Pleno dia";"Decrescente";"Ceu Claro";"Simples";"Reta";"Urbano";5;0;2;0;3;0;2;2
83476837;"27/06/16";"Segunda";"09:00:00";"RO";364;"16";"VILHENA";"Falta de atenção";"Colisão Transversal";"Com Vítimas Feridas";"Pleno dia";"Crescente";"Sol";"Dupla";"Reta";"Urbano";2;0;1;0;1;0;1;2
83476838;"27/06/16";"Segunda";"08:40:00";"RN";101;"83,2";"SAO GONCALO DO AMARANTE";"Não guardar distância de segurança";"Colisão traseira";"Com Vítimas Feridas";"Pleno dia";"Crescente";"Sol";"Dupla";"Reta";"Urbano";2;0;1;0;1;0;1;2
83476839;"27/06/16";"Segunda";"07:50:00";"GO";60;"163,9";"GOIANIA";"Falta de atenção";"Colisão lateral";"Sem Vítimas";"Pleno dia";"Decrescente";"Ceu Claro";"Dupla";"Reta";"Urbano";2;0;0;0;2;0;0;2
83476840;"27/06/16";"Segunda";"12:10:00";"SC";101;"107,1";"PENHA";"Velocidade incompatível";"Tombamento";"Com Vítimas Feridas";"Pleno dia";"Decrescente";"Ceu Claro";"Dupla";"Curva";"Rural";1;0;1;0;0;0;1;1
83476841;"27/06/16";"Segunda";"07:40:00";"SC";101;"209";"SAO JOSE";"Falta de atenção";"Colisão lateral";"Com Vítimas Feridas";"Pleno dia";"Decrescente";"Ceu Claro";"Dupla";"Reta";"Urbano";3;0;2;0;1;0;2;2
83476843;"27/06/16";"Segunda";"09:20:00";"MG";153;"53,3";"MONTE ALEGRE DE MINAS";"Velocidade incompatível";"Saída de Pista";"Sem Vítimas";"Pleno dia";"Crescente";"Ceu Claro";"Dupla";"Reta";"Rural";1;0;0;0;1;0;0;1
83476844;"27/06/16";"Segunda";"07:41:00";"SP";153;"82,7";"BADY BASSITT";"Outras";"Tombamento";"Sem Vítimas";"Pleno dia";"Decrescente";"Sol";"Simples";"Reta";"Rural";1;0;0;0;1;0;0;1
83476845;"27/06/16";"Segunda";"04:00:00";"MS";267;"175,8";"NOVA ANDRADINA";"Animais na Pista";"Atropelamento de animal";"Com Vítimas Feridas";"Plena noite";"Decrescente";"Ceu Claro";"Simples";"Reta";"Rural";2;0;1;0;1;0;1;1
83476846;"25/06/16";"Sábado";"11:50:00";"BA";101;"246";"CONCEICAO DO ALMEIDA";"Não guardar distância de segurança";"Colisão traseira";"Sem Vítimas";"Pleno dia";"Decrescente";"Ceu Claro";"Simples";"Curva";"Rural";2;0;0;0;2;0;0;2
83476847;"23/06/16";"Quinta";"22:45:00";"MG";381;"559";"ITAGUARA";"Não guardar distância de segurança";"Colisão traseira";"Sem Vítimas";"Plena noite";"Crescente";"Ignorada";"Dupla";"Reta";"Rural";2;0;0;0;2;0;0;2
83476848;"23/06/16";"Quinta";"18:45:00";"BA";330;"741";"JEQUIE";"Velocidade incompatível";"Saída de Pista";"Com Vítimas Feridas";"Plena noite";"Crescente";"Ceu Claro";"Simples";"Curva";"Rural";1;0;1;0;0;0;1;1
83476849;"27/06/16";"Segunda";"10:40:00";"PA";316;"7";"ANANINDEUA";"Outras";"Colisão com objeto fixo";"Com Vítimas Feridas";"Pleno dia";"Decrescente";"Ceu Claro";"Dupla";"Reta";"Urbano";1;0;1;0;0;0;1;1
83476850;"27/06/16";"Segunda";"09:30:00";"PB";361;"83,3";"PIANCO";"Não guardar distância de segurança";"Colisão traseira";"Sem Vítimas";"Pleno dia";"Decrescente";"Ceu Claro";"Simples";"Reta";"Rural";2;0;0;0;2;0;0;2
83476851;"27/06/16";"Segunda";"08:30:00";"MS";262;"377";"TERENOS";"Falta de atenção";"Colisão Transversal";"Sem Vítimas";"Pleno dia";"Decrescente";"Ceu Claro";"Simples";"Reta";"Rural";5;0;0;0;5;0;0;2
83476852;"21/06/16";"Terça";"21:30:00";"CE";20;"423,5";"MARACANAU";"Defeito na via";"Colisão com objeto fixo";"Com Vítimas Feridas";"Plena noite";"Decrescente";"Ceu Claro";"Múltipla";"Reta";"Urbano";1;0;0;1;0;0;1;1
83476853;"27/06/16";"Segunda";"10:15:00";"ES";101;"270,1";"SERRA";"Outras";"Colisão lateral";"Com Vítimas Feridas";"Pleno dia";"Decrescente";"Nublado";"Múltipla";"Reta";"Urbano";2;0;1;0;0;1;1;2
83476855;"27/06/16";"Segunda";"11:35:00";"SC";280;"128,2";"RIO NEGRINHO";"Ultrapassagem indevida";"Colisão Transversal";"Com Vítimas Feridas";"Pleno dia";"Decrescente";"Sol";"Simples";"Reta";"Urbano";2;0;1;1;0;0;2;2
83476856;"27/06/16";"Segunda";"11:30:00";"GO";60;"133,8";"GOIANIA";"Outras";"Tombamento";"Com Vítimas Feridas";"Pleno dia";"Decrescente";"Ceu Claro";"Dupla";"Reta";"Rural";2;0;1;0;1;0;1;1
83476857;"23/06/16";"Quinta";"16:35:00";"BA";101;"213";"GOVERNADOR MANGABEIRA";"Outras";"Colisão Transversal";"Com Vítimas Feridas";"Pleno dia";"Crescente";"Ceu Claro";"Simples";"Reta";"Rural";2;0;1;0;1;0;1;2
83476858;"27/06/16";"Segunda";"08:05:00";"GO";60;"163,9";"GOIANIA";"Falta de atenção";"Colisão traseira";"Sem Vítimas";"Pleno dia";"Decrescente";"Ceu Claro";"Dupla";"Reta";"Urbano";2;0;0;0;2;0;0;2
83476859;"27/06/16";"Segunda";"12:40:00";"RS";392;"64,2";"PELOTAS";"Animais na Pista";"Atropelamento de animal";"Com Vítimas Feridas";"Pleno dia";"Crescente";"Sol";"Simples";"Curva";"Urbano";1;0;1;0;0;0;1;1
83476860;"27/06/16";"Segunda";"12:40:00";"MG";50;"181,3";"UBERABA";"Falta de atenção";"Capotamento";"Sem Vítimas";"Pleno dia";"Crescente";"Ceu Claro";"Dupla";"Reta";"Urbano";1;0;0;0;1;0;0;1
83476861;"27/06/16";"Segunda";"12:30:00";"BA";101;"285";"LAJE";"Outras";"Saída de Pista";"Com Vítimas Feridas";"Pleno dia";"Crescente";"Ceu Claro";"Simples";"Reta";"Rural";1;0;1;0;0;0;1;1
83476862;"27/06/16";"Segunda";"13:00:00";"MG";381;"366,2";"JOAO MONLEVADE";"Velocidade incompatível";"Saída de Pista";"Com Vítimas Feridas";"Pleno dia";"Crescente";"Chuva";"Simples";"Curva";"Rural";1;0;1;0;0;0;1;1
83476863;"27/06/16";"Segunda";"12:00:00";"RS";158;"325,4";"SANTA MARIA";"Falta de atenção";"Colisão traseira";"Com Vítimas Feridas";"Pleno dia";"Crescente";"Ceu Claro";"Simples";"Reta";"Urbano";2;0;1;0;1;0;1;2
83476864;"27/06/16";"Segunda";"06:25:00";"SE";101;"162,6";"SANTA LUZIA DO ITANHY";"Ultrapassagem indevida";"Colisão frontal";"Com Vítimas Feridas";"Pleno dia";"Crescente";"Sol";"Simples";"Reta";"Rural";2;0;1;0;1;0;1;2
83476865;"24/06/16";"Sexta";"21:15:00";"SP";116;"144,6";"SAO JOSE DOS CAMPOS";"Ingestão de álcool";"Colisão Transversal";"Com Vítimas Fatais";"Plena noite";"Decrescente";"Ceu Claro";"Dupla";"Reta";"Urbano";3;1;0;1;1;0;1;2
83476867;"23/06/16";"Quinta";"18:30:00";"RJ";116;"309";"RESENDE";"Outras";"Colisão com bicicleta";"Com Vítimas Feridas";"Plena noite";"Crescente";"Nublado";"Múltipla";"Reta";"Rural";2;0;1;0;1;0;1;2
83476868;"27/06/16";"Segunda";"14:10:00";"PE";316;"309";"FLORESTA";"Animais na Pista";"Atropelamento de animal";"Sem Vítimas";"Pleno dia";"Crescente";"Nublado";"Simples";"Reta";"Rural";1;0;0;0;1;0;0;1
83476869;"27/06/16";"Segunda";"08:40:00";"MG";116;"728";"LARANJAL";"Velocidade incompatível";"Capotamento";"Com Vítimas Fatais";"Pleno dia";"Decrescente";"Ceu Claro";"Simples";"Reta";"Rural";2;1;1;0;0;0;1;1
83476870;"27/06/16";"Segunda";"12:50:00";"SC";280;"128,2";"RIO NEGRINHO";"Falta de atenção";"Colisão Transversal";"Com Vítimas Feridas";"Pleno dia";"Decrescente";"Ceu Claro";"Simples";"Reta";"Urbano";3;0;0;2;1;0;2;2
83476871;"24/06/16";"Sexta";"02:00:00";"BA";110;"220";"NOVA SOURE";"Falta de atenção";"Colisão traseira";"Com Vítimas Feridas";"Plena noite";"Crescente";"Nublado";"Simples";"Reta";"Rural";5;0;3;0;2;0;3;2
83476872;"27/06/16";"Segunda";"08:15:00";"RS";158;"512";"SANTANA DO LIVRAMENTO";"Outras";"Saída de Pista";"Sem Vítimas";"Pleno dia";"Crescente";"Nublado";"Simples";"Reta";"Rural";1;0;0;0;1;0;0;1
83476873;"27/06/16";"Segunda";"09:10:00";"SC";101;"36,1";"JOINVILLE";"Falta de atenção";"Colisão lateral";"Sem Vítimas";"Pleno dia";"Crescente";"Sol";"Dupla";"Cruzamento";"Urbano";2;0;0;0;2;0;0;2
83476874;"27/06/16";"Segunda";"09:30:00";"SP";116;"222";"GUARULHOS";"Ultrapassagem indevida";"Colisão lateral";"Com Vítimas Feridas";"Pleno dia";"Crescente";"Ceu Claro";"Múltipla";"Reta";"Urbano";2;0;1;0;0;1;1;2
83476875;"27/06/16";"Segunda";"09:00:00";"RJ";116;"304,9";"RESENDE";"Velocidade incompatível";"Colisão com objeto fixo";"Sem Vítimas";"Pleno dia";"Crescente";"Sol";"Dupla";"Reta";"Rural";1;0;0;0;1;0;0;1
83476876;"27/06/16";"Segunda";"08:00:00";"MG";381;"889,1";"CAMBUI";"Velocidade incompatível";"Derramamento de Carga";"Sem Vítimas";"Pleno dia";"Crescente";"Ceu Claro";"Dupla";"Curva";"Rural";1;0;0;0;1;0;0;1
83476877;"27/06/16";"Segunda";"10:00:00";"MA";316;"267";"SANTA INES";"Defeito mecânico em veículo";"Colisão lateral";"Sem Vítimas";"Plena noite";"Crescente";"Ceu Claro";"Simples";"Reta";"Rural";2;0;0;0;2;0;0;2
83476878;"27/06/16";"Segunda";"07:50:00";"GO";60;"164";"GOIANIA";"Falta de atenção";"Colisão traseira";"Sem Vítimas";"Pleno dia";"Decrescente";"Ceu Claro";"Dupla";"Reta";"Urbano";3;0;0;0;3;0;0;3
83476879;"27/06/16";"Segunda";"07:40:00";"MG";381;"925";"ITAPEVA";"Velocidade incompatível";"Tombamento";"Sem Vítimas";"Pleno dia";"Crescente";"Sol";"Dupla";"Curva";"Rural";1;0;0;0;1;0;0;1
83476880;"08/05/16";"Domingo";"02:30:00";"PR";476;"140";"CURITIBA";"Ingestão de álcool";"Atropelamento de pessoa";"Com Vítimas Fatais";"Plena noite";"Crescente";"Nublado";"Dupla";"Reta";"Urbano";3;1;1;0;1;0;1;1
83476881;"27/06/16";"Segunda";"13:30:00";"RN";304;"38,7";"MOSSORO";"Outras";"Colisão lateral";"Com Vítimas Feridas";"Pleno dia";"Crescente";"Ceu Claro";"Dupla";"Reta";"Urbano";2;0;1;0;1;0;1;2
83476882;"27/06/16";"Segunda";"11:00:00";"SE";101;"120";"ITAPORANGA DAJUDA";"Outras";"Saída de Pista";"Sem Vítimas";"Pleno dia";"Decrescente";"Chuva";"Dupla";"Curva";"Urbano";1;0;0;0;1;0;0;1
83476883;"24/06/16";"Sexta";"05:40:00";"RJ";101;"53";"CAMPOS DOS GOYTACAZES";"Desobediência à sinalização";"Colisão lateral";"Sem Vítimas";"Pleno dia";"Crescente";"Nublado";"Simples";"Reta";"Urbano";2;0;0;0;1;1;0;2
83476884;"23/06/16";"Quinta";"18:00:00";"RJ";40;"92";"PETROPOLIS";"Outras";"Saída de Pista";"Sem Vítimas";"Plena noite";"Crescente";"Chuva";"Simples";"Reta";"Rural";2;0;0;0;1;1;0;2
83476885;"27/06/16";"Segunda";"10:45:00";"RS";470;"225,9";"GARIBALDI";"Defeito mecânico em veículo";"Colisão lateral";"Sem Vítimas";"Pleno dia";"Decrescente";"Ceu Claro";"Simples";"Curva";"Rural";2;0;0;0;2;0;0;2
83476886;"27/06/16";"Segunda";"12:30:00";"SC";101;"417,3";"ARARANGUA";"Outras";"Atropelamento de pessoa";"Com Vítimas Feridas";"Pleno dia";"Crescente";"Ceu Claro";"Simples";"Reta";"Rural";2;0;0;1;1;0;1;1
83476887;"27/06/16";"Segunda";"12:00:00";"BA";242;"799";"BARREIRAS";"Velocidade incompatível";"Saída de Pista";"Com Vítimas Feridas";"Pleno dia";"Decrescente";"Sol";"Dupla";"Curva";"Rural";2;0;1;0;1;0;1;1
83476888;"22/06/16";"Quarta";"10:30:00";"RJ";116;"102";"GUAPIMIRIM";"Velocidade incompatível";"Saída de Pista";"Com Vítimas Feridas";"Pleno dia";"Crescente";"Ceu Claro";"Dupla";"Curva";"Rural";1;0;1;0;0;0;1;1
83476891;"27/06/16";"Segunda";"14:30:00";"RS";386;"234,4";"SOLEDADE";"Velocidade incompatível";"Saída de Pista";"Com Vítimas Feridas";"Pleno dia";"Crescente";"Sol";"Simples";"Reta";"Rural";5;0;2;2;1;0;4;1
83476892;"22/06/16";"Quarta";"21:20:00";"PR";376;"348";"ORTIGUEIRA";"Outras";"Atropelamento de pessoa";"Com Vítimas Fatais";"Plena noite";"Crescente";"Ceu Claro";"Simples";"Reta";"Rural";2;1;0;0;1;0;0;1
83476893;"27/06/16";"Segunda";"07:35:00";"MG";135;"471,9";"JOAQUIM FELICIO";"Ultrapassagem indevida";"Colisão frontal";"Com Vítimas Fatais";"Pleno dia";"Crescente";"Ceu Claro";"Simples";"Reta";"Rural";3;1;0;1;1;0;1;2
83476894;"23/06/16";"Quinta";"16:20:00";"SP";153;"38,9";"ONDA VERDE";"Outras";"Queda de motocicleta / bicicleta / veículo";"Com Vítimas Feridas";"Pleno dia";"Crescente";"Ceu Claro";"Simples";"Curva";"Rural";2;0;2;0;0;0;2;1
83476895;"06/05/16";"Sexta";"19:00:00";"MS";262;"365,5";"CAMPO GRANDE";"Outras";"Colisão lateral";"Com Vítimas Feridas";"Plena noite";"Crescente";"Ceu Claro";"Simples";"Reta";"Urbano";2;0;0;1;0;1;1;2
83476896;"25/06/16";"Sábado";"03:20:00";"ES";101;"132";"LINHARES";"Outras";"Colisão traseira";"Com Vítimas Feridas";"Plena noite";"Decrescente";"Nublado";"Simples";"Reta";"Rural";3;0;1;1;1;0;2;2
83476897;"27/06/16";"Segunda";"09:15:00";"MG";381;"801,5";"SAO GONCALO DO SAPUCAI";"Velocidade incompatível";"Saída de Pista";"Com Vítimas Fatais";"Pleno dia";"Decrescente";"Ceu Claro";"Dupla";"Curva";"Rural";3;1;0;2;0;0;2;1
83476898;"27/06/16";"Segunda";"14:20:00";"PR";277;"652";"MATELANDIA";"Falta de atenção";"Colisão Transversal";"Sem Vítimas";"Pleno dia";"Decrescente";"Sol";"Simples";"Reta";"Urbano";5;0;0;0;5;0;0;2
83476899;"27/06/16";"Segunda";"14:00:00";"MG";365;"706";"MONTE ALEGRE DE MINAS";"Dormindo";"Saída de Pista";"Com Vítimas Feridas";"Pleno dia";"Decrescente";"Ceu Claro";"Dupla";"Reta";"Rural";3;0;2;1;0;0;3;1
83476900;"27/06/16";"Segunda";"15:30:00";"MG";381;"674,6";"PERDOES";"Velocidade incompatível";"Capotamento";"Com Vítimas Feridas";"Pleno dia";"Crescente";"Ceu Claro";"Dupla";"Curva";"Rural";1;0;1;0;0;0;1;1
83476901;"27/06/16";"Segunda";"15:10:00";"RS";285;"461,7";"IJUI";"Desobediência à sinalização";"Colisão Transversal";"Sem Vítimas";"Pleno dia";"Decrescente";"Sol";"Simples";"Cruzamento";"Urbano";4;0;0;0;4;0;0;2
83476902;"27/06/16";"Segunda";"13:00:00";"PE";101;"49";"ABREU E LIMA";"Falta de atenção";"Colisão Transversal";"Com Vítimas Feridas";"Pleno dia";"Crescente";"Sol";"Simples";"Reta";"Urbano";2;0;1;0;1;0;1;2
83476903;"27/06/16";"Segunda";"10:00:00";"SC";101;"139,5";"BALNEARIO CAMBORIU";"Não guardar distância de segurança";"Colisão traseira";"Com Vítimas Feridas";"Pleno dia";"Crescente";"Sol";"Dupla";"Curva";"Rural";2;0;1;0;1;0;1;2
83476904;"12/04/16";"Terça";"22:40:00";"GO";158;"1";"ARAGARCAS";"Outras";"Queda de motocicleta / bicicleta / veículo";"Com Vítimas Feridas";"Plena noite";"Crescente";"Ceu Claro";"Simples";"Reta";"Urbano";2;0;0;1;0;1;1;2
83476905;"25/06/16";"Sábado";"11:40:00";"SC";282;"20";"SANTO AMARO DA IMPERATRIZ";"Falta de atenção";"Colisão traseira";"Com Vítimas Feridas";"Pleno dia";"Crescente";"Sol";"Simples";"Reta";"Urbano";3;0;0;1;2;0;1;3
83476906;"27/06/16";"Segunda";"08:00:00";"PE";101;"73,3";"RECIFE";"Não guardar distância de segurança";"Colisão traseira";"Com Vítimas Feridas";"Pleno dia";"Decrescente";"Ceu Claro";"Dupla";"Reta";"Urbano";2;0;1;0;1;0;1;2
83476908;"27/06/16";"Segunda";"14:20:00";"SC";101;"123";"ITAJAI";"Desobediência à sinalização";"Colisão Transversal";"Com Vítimas Feridas";"Pleno dia";"Decrescente";"Nublado";"Simples";"Cruzamento";"Urbano";3;0;1;0;2;0;1;2
83476909;"23/06/16";"Quinta";"10:00:00";"PE";408;"89";"SAO LOURENCO DA MATA";"Falta de atenção";"Colisão traseira";"Com Vítimas Feridas";"Pleno dia";"Crescente";"Sol";"Dupla";"Reta";"Rural";2;0;1;0;1;0;1;2
83476910;"27/06/16";"Segunda";"17:00:00";"RJ";40;"21";"TRES RIOS";"Outras";"Tombamento";"Com Vítimas Feridas";"Anoitecer";"Decrescente";"Ceu Claro";"Dupla";"Curva";"Rural";1;0;1;0;0;0;1;1
83476911;"27/06/16";"Segunda";"15:20:00";"PR";277;"716,3";"SANTA TEREZINHA DE ITAIPU";"Não guardar distância de segurança";"Colisão traseira";"Com Vítimas Feridas";"Pleno dia";"Decrescente";"Sol";"Dupla";"Reta";"Rural";2;0;1;0;1;0;1;2
83476912;"27/06/16";"Segunda";"12:30:00";"BA";116;"468";"SANTO ESTEVAO";"Outras";"Colisão traseira";"Sem Vítimas";"Pleno dia";"Decrescente";"Chuva";"Dupla";"Reta";"Rural";4;0;0;0;2;2;0;2
83476913;"25/06/16";"Sábado";"08:45:00";"SP";116;"59,8";"GUARATINGUETA";"Outras";"Capotamento";"Com Vítimas Feridas";"Pleno dia";"Crescente";"Nublado";"Dupla";"Reta";"Rural";2;0;1;0;1;0;1;1
83476914;"27/06/16";"Segunda";"12:10:00";"MG";381;"237";"GOVERNADOR VALADARES";"Desobediência à sinalização";"Colisão lateral";"Com Vítimas Feridas";"Pleno dia";"Crescente";"Ceu Claro";"Simples";"Cruzamento";"Rural";3;0;2;1;0;0;3;2