"id";"data_inversa";"dia_semana";"horario";"uf";"br";"km";"municipio";"causa_acidente";"tipo_acidente";"classificacao_acidente";"fase_dia";"sentido_via";"condicao_metereologica";"tipo_pista";"tracado_via";"uso_solo";"pessoas";"mortos";"feridos_leves";"feridos_graves";"ilesos";"ignorados";"feridos";"veiculos"
83477023;"27/06/16";"Segunda";"22:40:00";"RS";293;"14,5";"CAPAO DO LEAO";"Falta de atenção";"Colisão frontal";"Sem Vítimas";"Plena noite";"Crescente";"Nevoeiro/neblina";"Simples";"Cruzamento";"Urbano";2;0;0;0;2;0;0;2
83477024;"23/06/16";"Quinta";"18:00:00";"PR";277;"16";"PARANAGUA";"Falta de atenção";"Colisão traseira";"Sem Vítimas";"Anoitecer";"Crescente";"Nublado";"Dupla";"Reta";"Rural";2;0;0;0;2;0;0;2
83477025;"28/06/16";"Terça";"04:10:00";"PR";376;"303,9";"MAUA DA SERRA";"Ingestão de álcool";"Tombamento";"Com Vítimas Feridas";"Plena noite";"Crescente";"Ceu Claro";"Dupla";"Curva";"Rural";1;0;0;1;0;0;1;1
83477026;"27/06/16";"Segunda";"23:08:00";"MS";163;"601,3";"SAO GABRIEL DO OESTE";"Animais na Pista";"Atropelamento de animal";"Sem Vítimas";"Plena noite";"Crescente";"Ceu Claro";"Simples";"Reta";"Rural";2;0;0;0;2;0;0;1
83477027;"27/06/16";"Segunda";"17:30:00";"SC";101;"152,7";"ITAPEMA";"Falta de atenção";"Colisão lateral";"Com Vítimas Feridas";"Pleno dia";"Decrescente";"Ceu Claro";"Dupla";"Reta";"Rural";3;0;2;0;1;0;2;2
83477028;"27/06/16";"Segunda";"23:05:00";"PR";376;"463,9";"PONTA GROSSA";"Não guardar distância de segurança";"Colisão traseira";"Sem Vítimas";"Plena noite";"Crescente";"Nublado";"Simples";"Reta";"Rural";2;0;0;0;2;0;0;2
83477029;"27/06/16";"Segunda";"10:00:00";"MG";365;"626";"UBERLANDIA";"Outras";"Colisão lateral";"Sem Vítimas";"Pleno dia";"Crescente";"Ceu Claro";"Dupla";"Reta";"Urbano";2;0;0;0;2;0;0;2
83477030;"28/06/16";"Terça";"06:00:00";"SP";116;"82,9";"ROSEIRA";"Dormindo";"Colisão com objeto fixo";"Sem Vítimas";"Amanhecer";"Decrescente";"Ceu Claro";"Dupla";"Reta";"Urbano";1;0;0;0;1;0;0;1
83477031;"25/06/16";"Sábado";"21:00:00";"ES";101;"265";"SERRA";"Desobediência à sinalização";"Colisão Transversal";"Com Vítimas Feridas";"Plena noite";"Crescente";"Ceu Claro";"Múltipla";"Reta";"Urbano";2;0;0;2;0;0;2;2
83477032;"24/06/16";"Sexta";"19:20:00";"RJ";101;"432";"MANGARATIBA";"Falta de atenção";"Colisão lateral";"Sem Vítimas";"Plena noite";"Decrescente";"Nublado";"Simples";"Reta";"Urbano";2;0;0;0;2;0;0;2
83477033;"24/06/16";"Sexta";"22:40:00";"SP";153;"64,1";"SAO JOSE DO RIO PRETO";"Outras";"Atropelamento de pessoa";"Com Vítimas Feridas";"Plena noite";"Decrescente";"Ceu Claro";"Simples";"Curva";"Urbano";2;0;0;1;1;0;1;1
83477034;"25/06/16";"Sábado";"00:10:00";"SP";153;"47,5";"SAO JOSE DO RIO PRETO";"Velocidade incompatível";"Colisão Transversal";"Com Vítimas Feridas";"Plena noite";"Crescente";"Ceu Claro";"Simples";"Reta";"Rural";13;0;8;4;1;0;12;2
83477035;"27/06/16";"Segunda";"16:35:00";"RO";364;"338,5";"JI-PARANA";"Não guardar distância de segurança";"Colisão frontal";"Com Vítimas Feridas";"Pleno dia";"Decrescente";"Sol";"Simples";"Reta";"Rural";2;0;0;1;1;0;1;2
83477037;"28/06/16";"Terça";"06:00:00";"MT";163;"508";"DIAMANTINO";"Falta de atenção";"Colisão traseira";"Sem Vítimas";"Amanhecer";"Decrescente";"Nublado";"Simples";"Reta";"Rural";2;0;0;0;2;0;0;2
83477038;"25/06/16";"Sábado";"05:42:00";"SP";116;"133";"SAO JOSE DOS CAMPOS";"Outras";"Capotamento";"Sem Vítimas";"Amanhecer";"Crescente";"Nevoeiro/neblina";"Dupla";"Reta";"Rural";2;0;0;0;1;1;0;2
83477039;"27/06/16";"Segunda";"20:30:00";"MT";364;"273";"JACIARA";"Outras";"Danos Eventuais";"Com Vítimas Feridas";"Plena noite";"Crescente";"Ignorada";"Dupla";"Reta";"Urbano";1;0;1;0;0;0;1;1
83477040;"24/06/16";"Sexta";"15:50:00";"RS";290;"717";"URUGUAIANA";"Outras";"Saída de Pista";"Com Vítimas Feridas";"Pleno dia";"Crescente";"Ceu Claro";"Simples";"Reta";"Urbano";1;0;1;0;0;0;1;1
83477041;"25/06/16";"Sábado";"05:30:00";"MG";262;"381,8";"MATEUS LEME";"Outras";"Capotamento";"Com Vítimas Feridas";"Amanhecer";"Crescente";"Ceu Claro";"Dupla";"Curva";"Urbano";3;0;2;0;1;0;2;1
83477042;"25/06/16";"Sábado";"02:20:00";"ES";101;"264,5";"SERRA";"Outras";"Colisão com objeto fixo";"Sem Vítimas";"Plena noite";"Decrescente";"Ceu Claro";"Dupla";"Reta";"Urbano";1;0;0;0;1;0;0;1
83477043;"27/06/16";"Segunda";"05:20:00";"BA";324;"558";"AMELIA RODRIGUES";"Falta de atenção";"Colisão traseira";"Com Vítimas Feridas";"Amanhecer";"Crescente";"Chuva";"Dupla";"Reta";"Rural";4;0;1;0;3;0;1;3
83477044;"11/04/16";"Segunda";"23:15:00";"SC";101;"231";"PALHOCA";"Dormindo";"Tombamento";"Com Vítimas Feridas";"Plena noite";"Crescente";"Nublado";"Dupla";"Curva";"Rural";1;0;1;0;0;0;1;1
83477045;"28/06/16";"Terça";"05:20:00";"RS";285;"412,9";"PANAMBI";"Defeito na via";"Saída de Pista";"Com Vítimas Feridas";"Plena noite";"Decrescente";"Nublado";"Simples";"Reta";"Rural";1;0;1;0;0;0;1;1
83477046;"27/06/16";"Segunda";"11:15:00";"BA";324;"557";"AMELIA RODRIGUES";"Outras";"Saída de Pista";"Sem Vítimas";"Pleno dia";"Crescente";"Chuva";"Dupla";"Reta";"Rural";2;0;0;0;2;0;0;1
83477047;"27/06/16";"Segunda";"20:00:00";"SP";116;"184,8";"SANTA ISABEL";"Outras";"Colisão traseira";"Com Vítimas Feridas";"Plena noite";"Crescente";"Nublado";"Dupla";"Reta";"Rural";2;0;1;0;0;1;1;2
83477048;"26/06/16";"Domingo";"19:00:00";"SC";470;"90";"ASCURRA";"Outras";"Colisão com bicicleta";"Com Vítimas Feridas";"Plena noite";"Decrescente";"Nublado";"Simples";"Reta";"Urbano";2;0;1;0;1;0;1;2
83477049;"25/06/16";"Sábado";"06:00:00";"MA";316;"265";"SANTA INES";"Não guardar distância de segurança";"Colisão lateral";"Com Vítimas Feridas";"Amanhecer";"Crescente";"Ceu Claro";"Dupla";"Reta";"Urbano";2;0;1;0;1;0;1;2
83477050;"24/06/16";"Sexta";"20:35:00";"GO";40;"121";"CRISTALINA";"Outras";"Atropelamento de animal";"Sem Vítimas";"Plena noite";"Crescente";"Ceu Claro";"Dupla";"Reta";"Rural";1;0;0;0;1;0;0;1
83477051;"28/06/16";"Terça";"06:50:00";"RS";116;"234,8";"ESTANCIA VELHA";"Outras";"Tombamento";"Com Vítimas Feridas";"Amanhecer";"Crescente";"Nevoeiro/neblina";"Simples";"Reta";"Urbano";1;0;1;0;0;0;1;1
83477052;"28/06/16";"Terça";"05:00:00";"MT";364;"349";"SANTO ANTONIO DO LEVERGER";"Dormindo";"Saída de Pista";"Sem Vítimas";"Amanhecer";"Decrescente";"Ceu Claro";"Simples";"Reta";"Rural";1;0;0;0;1;0;0;1
83477053;"25/06/16";"Sábado";"01:50:00";"SC";101;"213,5";"PALHOCA";"Falta de atenção";"Saída de Pista";"Sem Vítimas";"Plena noite";"Crescente";"Nublado";"Dupla";"Reta";"Urbano";1;0;0;0;1;0;0;1
83477054;"28/06/16";"Terça";"06:40:00";"MG";381;"505,4";"BETIM";"Velocidade incompatível";"Capotamento";"Sem Vítimas";"Plena noite";"Decrescente";"Sol";"Dupla";"Reta";"Urbano";1;0;0;0;1;0;0;1
83477055;"25/06/16";"Sábado";"07:20:00";"RJ";40;"13";"COMENDADOR LEVY GASPARIAN";"Velocidade incompatível";"Capotamento";"Sem Vítimas";"Pleno dia";"Decrescente";"Sol";"Dupla";"Curva";"Rural";3;0;0;0;3;0;0;1
83477057;"28/06/16";"Terça";"08:00:00";"PR";277;"127,1";"BALSA NOVA";"Outras";"Colisão com objeto fixo";"Com Vítimas Feridas";"Pleno dia";"Crescente";"Nevoeiro/neblina";"Simples";"Curva";"Rural";2;0;2;0;0;0;2;1
83477058;"22/06/16";"Quarta";"23:00:00";"RN";110;"47,9";"MOSSORO";"Outras";"Colisão Transversal";"Com Vítimas Feridas";"Plena noite";"Crescente";"Ceu Claro";"Simples";"Reta";"Urbano";3;0;0;2;1;0;2;2
83477059;"24/06/16";"Sexta";"18:05:00";"BA";110;"297,1";"INHAMBUPE";"Outras";"Colisão frontal";"Com Vítimas Fatais";"Plena noite";"Decrescente";"Nublado";"Simples";"Reta";"Rural";2;1;0;0;1;0;0;2
83477060;"26/06/16";"Domingo";"19:40:00";"BA";242;"686";"MUQUEM DO SAO FRANCISCO";"Velocidade incompatível";"Colisão traseira";"Com Vítimas Feridas";"Plena noite";"Crescente";"Ceu Claro";"Simples";"Reta";"Rural";2;0;1;0;1;0;1;2
83477061;"27/06/16";"Segunda";"07:40:00";"ES";101;"140,9";"LINHARES";"Falta de atenção";"Colisão Transversal";"Com Vítimas Feridas";"Pleno dia";"Decrescente";"Ceu Claro";"Simples";"Reta";"Urbano";2;0;0;1;1;0;1;2
83477062;"28/06/16";"Terça";"08:00:00";"PE";232;"172,4";"BELO JARDIM";"Falta de atenção";"Colisão Transversal";"Com Vítimas Feridas";"Pleno dia";"Decrescente";"Chuva";"Simples";"Reta";"Rural";2;0;1;0;1;0;1;2
83477063;"26/06/16";"Domingo";"06:50:00";"PE";104;"85,7";"AGRESTINA";"Ultrapassagem indevida";"Colisão lateral";"Com Vítimas Feridas";"Amanhecer";"Crescente";"Nublado";"Simples";"Curva";"Rural";3;0;1;0;2;0;1;2
83477064;"28/06/16";"Terça";"07:30:00";"MG";381;"143";"GOVERNADOR VALADARES";"Falta de atenção";"Colisão Transversal";"Com Vítimas Feridas";"Amanhecer";"Crescente";"Chuva";"Simples";"Reta";"Rural";2;0;1;0;0;1;1;2
83477065;"25/06/16";"Sábado";"02:10:00";"ES";101;"449,3";"MIMOSO DO SUL";"Velocidade incompatível";"Saída de Pista";"Com Vítimas Feridas";"Plena noite";"Crescente";"Ceu Claro";"Simples";"Reta";"Rural";1;0;0;1;0;0;1;1
83477066;"28/06/16";"Terça";"07:00:00";"PE";232;"172,5";"BELO JARDIM";"Outras";"Capotamento";"Sem Vítimas";"Pleno dia";"Crescente";"Nublado";"Simples";"Reta";"Rural";1;0;0;0;1;0;0;1
83477067;"28/06/16";"Terça";"07:20:00";"MT";163;"751";"SORRISO";"Falta de atenção";"Colisão traseira";"Com Vítimas Feridas";"Pleno dia";"Decrescente";"Sol";"Dupla";"Reta";"Urbano";2;0;1;0;0;1;1;2
83477068;"24/06/16";"Sexta";"22:00:00";"CE";116;"5";"FORTALEZA";"Falta de atenção";"Queda de motocicleta / bicicleta / veículo";"Com Vítimas Feridas";"Plena noite";"Decrescente";"Ceu Claro";"Múltipla";"Reta";"Urbano";3;0;3;0;0;0;3;2
83477070;"28/06/16";"Terça";"08:10:00";"SP";116;"136,7";"SAO JOSE DOS CAMPOS";"Falta de atenção";"Colisão lateral";"Com Vítimas Feridas";"Pleno dia";"Crescente";"Nevoeiro/neblina";"Dupla";"Reta";"Urbano";2;0;1;0;1;0;1;2
83477071;"28/06/16";"Terça";"07:05:00";"MA";135;"3";"SAO LUIS";"Falta de atenção";"Colisão Transversal";"Sem Vítimas";"Pleno dia";"Decrescente";"Ceu Claro";"Simples";"Reta";"Rural";3;0;0;0;3;0;0;3
83477072;"28/06/16";"Terça";"06:30:00";"BA";324;"517";"FEIRA DE SANTANA";"Desobediência à sinalização";"Colisão Transversal";"Com Vítimas Feridas";"Pleno dia";"Decrescente";"Ceu Claro";"Simples";"Reta";"Urbano";2;0;1;0;1;0;1;2
83477073;"25/06/16";"Sábado";"06:00:00";"MG";381;"949";"POUSO ALEGRE";"Velocidade incompatível";"Tombamento";"Sem Vítimas";"Amanhecer";"Decrescente";"Nevoeiro/neblina";"Dupla";"Curva";"Rural";1;0;0;0;1;0;0;1
83477074;"28/06/16";"Terça";"07:00:00";"MT";174;"74,8";"CACERES";"Outras";"Saída de Pista";"Sem Vítimas";"Pleno dia";"Decrescente";"Nublado";"Simples";"Reta";"Rural";2;0;0;0;2;0;0;2
83477075;"24/06/16";"Sexta";"19:30:00";"GO";60;"321";"ACREUNA";"Outras";"Saída de Pista";"Sem Vítimas";"Plena noite";"Decrescente";"Ceu Claro";"Dupla";"Reta";"Rural";1;0;0;0;1;0;0;1
83477076;"16/06/16";"Quinta";"18:30:00";"DF";40;"3";"BRASILIA";"Falta de atenção";"Colisão traseira";"Com Vítimas Feridas";"Anoitecer";"Crescente";"Ceu Claro";"Dupla";"Reta";"Urbano";2;0;1;0;1;0;1;2
83477077;"28/06/16";"Terça";"08:55:00";"SP";153;"61,9";"SAO JOSE DO RIO PRETO";"Outras";"Colisão traseira";"Com Vítimas Feridas";"Pleno dia";"Decrescente";"Ceu Claro";"Dupla";"Reta";"Urbano";2;0;1;0;1;0;1;2
83477079;"25/06/16";"Sábado";"14:00:00";"PA";10;"326";"SAO MIGUEL DO GUAMA";"Outras";"Saída de Pista";"Com Vítimas Feridas";"Pleno dia";"Decrescente";"Ceu Claro";"Simples";"Reta";"Rural";3;0;1;1;1;0;2;1
83477080;"12/05/16";"Quinta";"05:00:00";"RO";364;"800";"PORTO VELHO";"Animais na Pista";"Atropelamento de animal";"Com Vítimas Feridas";"Plena noite";"Crescente";"Ignorada";"Simples";"Reta";"Rural";1;0;0;1;0;0;1;1
83477081;"27/06/16";"Segunda";"14:00:00";"BA";101;"558";"JUSSARI";"Dormindo";"Saída de Pista";"Com Vítimas Feridas";"Pleno dia";"Crescente";"Nublado";"Simples";"Reta";"Rural";5;0;3;0;2;0;3;1
83477082;"02/04/16";"Sábado";"17:00:00";"MG";40;"516";"CONTAGEM";"Outras";"Saída de Pista";"Com Vítimas Feridas";"Pleno dia";"Decrescente";"Chuva";"Dupla";"Reta";"Urbano";2;0;0;1;1;0;1;1
83477083;"24/06/16";"Sexta";"22:30:00";"PE";101;"92";"CABO DE SANTO AGOSTINHO";"Outras";"Colisão lateral";"Sem Vítimas";"Plena noite";"Crescente";"Nublado";"Simples";"Reta";"Urbano";4;0;0;0;4;0;0;2
83477084;"25/06/16";"Sábado";"17:00:00";"SP";381;"36,6";"ATIBAIA";"Outras";"Colisão traseira";"Com Vítimas Feridas";"Pleno dia";"Decrescente";"Sol";"Dupla";"Reta";"Rural";3;0;1;0;2;0;1;2
83477085;"22/06/16";"Quarta";"09:00:00";"SP";381;"88";"GUARULHOS";"Falta de atenção";"Colisão traseira";"Com Vítimas Feridas";"Pleno dia";"Crescente";"Ceu Claro";"Múltipla";"Reta";"Urbano";3;0;1;0;2;0;1;3
83477086;"25/06/16";"Sábado";"05:10:00";"RJ";116;"140";"DUQUE DE CAXIAS";"Falta de atenção";"Colisão com objeto fixo";"Com Vítimas Feridas";"Plena noite";"Decrescente";"Ceu Claro";"Dupla";"Reta";"Rural";2;0;1;0;1;0;1;2
83477087;"27/06/16";"Segunda";"09:30:00";"MG";356;"267";"MURIAE";"Outras";"Atropelamento de pessoa";"Com Vítimas Feridas";"Pleno dia";"Decrescente";"Ceu Claro";"Simples";"Reta";"Urbano";2;0;1;0;1;0;1;1
83477088;"28/06/16";"Terça";"11:30:00";"MG";381;"483";"BETIM";"Outras";"Danos Eventuais";"Com Vítimas Feridas";"Pleno dia";"Crescente";"Sol";"Dupla";"Reta";"Urbano";1;0;1;0;0;0;1;1
83477089;"26/06/16";"Domingo";"17:50:00";"MG";40;"510,5";"RIBEIRAO DAS NEVES";"Falta de atenção";"Colisão lateral";"Com Vítimas Feridas";"Plena noite";"Crescente";"Ceu Claro";"Dupla";"Reta";"Urbano";2;0;1;0;1;0;1;2
83477090;"25/06/16";"Sábado";"04:40:00";"MT";163;"725";"SORRISO";"Dormindo";"Colisão frontal";"Com Vítimas Fatais";"Plena noite";"Decrescente";"Ceu Claro";"Simples";"Reta";"Rural";2;1;0;0;1;0;0;2
83477092;"28/06/16";"Terça";"10:50:00";"RS";285;"295";"PASSO FUNDO";"Falta de atenção";"Colisão traseira";"Sem Vítimas";"Pleno dia";"Decrescente";"Ceu Claro";"Simples";"Reta";"Urbano";2;0;0;0;2;0;0;2
83477093;"27/06/16";"Segunda";"12:20:00";"MG";40;"44,1";"PARACATU";"Falta de atenção";"Colisão Transversal";"Com Vítimas Feridas";"Pleno dia";"Crescente";"Ceu Claro";"Múltipla";"Cruzamento";"Urbano";3;0;2;0;1;0;2;2
83477094;"24/06/16";"Sexta";"22:30:00";"MG";459;"43,4";"SANTA RITA DE CALDAS";"Animais na Pista";"Atropelamento de animal";"Sem Vítimas";"Plena noite";"Decrescente";"Ceu Claro";"Simples";"Reta";"Rural";1;0;0;0;1;0;0;1
83477095;"24/06/16";"Sexta";"10:20:00";"SP";381;"86";"SAO PAULO";"Não guardar distância de segurança";"Colisão traseira";"Com Vítimas Feridas";"Pleno dia";"Crescente";"Ceu Claro";"Dupla";"Reta";"Urbano";2;0;1;0;0;1;1;2
83477097;"28/06/16";"Terça";"07:40:00";"GO";153;"510";"HIDROLANDIA";"Falta de atenção";"Colisão lateral";"Com Vítimas Feridas";"Pleno dia";"Crescente";"Sol";"Dupla";"Reta";"Urbano";2;0;1;0;1;0;1;2
83477098;"28/06/16";"Terça";"10:50:00";"RS";468;"83,7";"CAMPO NOVO";"Falta de atenção";"Colisão frontal";"Com Vítimas Feridas";"Pleno dia";"Crescente";"Nublado";"Simples";"Reta";"Rural";3;0;2;1;0;0;3;2
83477099;"28/06/16";"Terça";"08:40:00";"PR";369;"144,6";"LONDRINA";"Falta de atenção";"Colisão traseira";"Com Vítimas Feridas";"Pleno dia";"Crescente";"Sol";"Dupla";"Reta";"Urbano";2;0;1;0;1;0;1;2
83477100;"28/06/16";"Terça";"08:15:00";"PR";369;"160,2";"CAMBE";"Velocidade incompatível";"Capotamento";"Com Vítimas Feridas";"Pleno dia";"Decrescente";"Ceu Claro";"Simples";"Curva";"Urbano";1;0;1;0;0;0;1;1
83477101;"28/06/16";"Terça";"10:40:00";"SC";282;"591,5";"SAUDADES";"Falta de atenção";"Colisão com objeto fixo";"Com Vítimas Feridas";"Pleno dia";"Decrescente";"Ceu Claro";"Simples";"Cruzamento";"Rural";1;0;1;0;0;0;1;1
83477102;"24/06/16";"Sexta";"21:00:00";"PR";153;"146";"VENTANIA";"Outras";"Saída de Pista";"Sem Vítimas";"Plena noite";"Decrescente";"Ceu Claro";"Simples";"Curva";"Rural";1;0;0;0;1;0;0;1
83477103;"28/06/16";"Terça";"10:20:00";"RS";290;"46,5";"GLORINHA";"Dormindo";"Saída de Pista";"Com Vítimas Feridas";"Pleno dia";"Crescente";"Nublado";"Dupla";"Reta";"Rural";2;0;2;0;0;0;2;1
83477104;"28/06/16";"Terça";"12:00:00";"BA";116;"14";"VITORIA DA CONQUISTA";"Desobediência à sinalização";"Colisão lateral";"Com Vítimas Feridas";"Pleno dia";"Decrescente";"Nublado";"Simples";"Reta";"Urbano";4;0;1;0;3;0;1;2
83477105;"22/06/16";"Quarta";"22:39:00";"GO";40;"13";"LUZIANIA";"Ingestão de álcool";"Saída de Pista";"Sem Vítimas";"Plena noite";"Crescente";"Ceu Claro";"Dupla";"Reta";"Urbano";1;0;0;0;1;0;0;1
83477106;"26/06/16";"Domingo";"18:15:00";"RJ";493;"21";"MAGE";"Outras";"Colisão lateral";"Com Vítimas Feridas";"Amanhecer";"Crescente";"Ceu Claro";"Simples";"Reta";"Urbano";3;0;3;0;0;0;3;2
83477107;"28/06/16";"Terça";"08:30:00";"SP";153;"61";"SAO JOSE DO RIO PRETO";"Falta de atenção";"Colisão traseira";"Com Vítimas Feridas";"Pleno dia";"Crescente";"Ceu Claro";"Dupla";"Reta";"Urbano";4;0;1;0;3;0;1;3
83477108;"28/06/16";"Terça";"10:10:00";"PR";163;"142";"CAPITAO LEONIDAS MARQUES";"Falta de atenção";"Tombamento";"Sem Vítimas";"Pleno dia";"Decrescente";"Ceu Claro";"Simples";"Curva";"Rural";1;0;0;0;1;0;0;1
83477109;"28/06/16";"Terça";"11:00:00";"MA";10;"249,5";"IMPERATRIZ";"Ingestão de álcool";"Colisão frontal";"Com Vítimas Feridas";"Pleno dia";"Crescente";"Ceu Claro";"Simples";"Reta";"Urbano";2;0;1;0;1;0;1;2
83477110;"26/06/16";"Domingo";"20:20:00";"MG";40;"516,8";"RIBEIRAO DAS NEVES";"Falta de atenção";"Saída de Pista";"Sem Vítimas";"Plena noite";"Crescente";"Ceu Claro";"Dupla";"Curva";"Urbano";1;0;0;0;1;0;0;1
83477111;"28/06/16";"Terça";"11:30:00";"RS";386;"171,7";"CARAZINHO";"Defeito mecânico em veículo";"Colisão com objeto móvel";"Sem Vítimas";"Pleno dia";"Crescente";"Nublado";"Simples";"Reta";"Rural";3;0;0;0;3;0;0;2
83477113;"24/06/16";"Sexta";"15:45:00";"ES";101;"206";"IBIRACU";"Ingestão de álcool";"Colisão traseira";"Sem Vítimas";"Pleno dia";"Crescente";"Nublado";"Simples";"Reta";"Urbano";2;0;0;0;2;0;0;2
83477114;"24/06/16";"Sexta";"16:20:00";"MG";40;"551";"NOVA LIMA";"Não guardar distância de segurança";"Colisão traseira";"Sem Vítimas";"Pleno dia";"Decrescente";"Ceu Claro";"Dupla";"Reta";"Urbano";3;0;0;0;3;0;0;3
83477115;"24/06/16";"Sexta";"06:50:00";"DF";40;"3";"BRASILIA";"Falta de atenção";"Colisão lateral";"Com Vítimas Feridas";"Pleno dia";"Decrescente";"Ceu Claro";"Dupla";"Reta";"Urbano";2;0;1;0;1;0;1;2
83477116;"28/06/16";"Terça";"10:15:00";"SP";116;"65,9";"GUARATINGUETA";"Falta de atenção";"Colisão lateral";"Com Vítimas Feridas";"Pleno dia";"Decrescente";"Ceu Claro";"Dupla";"Curva";"Rural";2;0;1;0;1;0;1;2
83477117;"23/06/16";"Quinta";"13:00:00";"RS";290;"145,2";"ELDORADO DO SUL";"Ultrapassagem indevida";"Colisão frontal";"Com Vítimas Feridas";"Pleno dia";"Decrescente";"Sol";"Simples";"Reta";"Urbano";4;0;1;0;3;0;1;3
83477118;"28/06/16";"Terça";"09:30:00";"SP";116;"230";"SAO PAULO";"Não guardar distância de segurança";"Colisão traseira";"Sem Vítimas";"Pleno dia";"Crescente";"Sol";"Múltipla";"Reta";"Urbano";2;0;0;0;2;0;0;2
83477119;"26/06/16";"Domingo";"16:45:00";"MG";262;"651,9";"IBIA";"Falta de atenção";"Colisão lateral";"Sem Vítimas";"Pleno dia";"Decrescente";"Sol";"Simples";"Curva";"Rural";2;0;0;0;2;0;0;2
83477120;"24/06/16";"Sexta";"16:30:00";"BA";135;"166,6";"BARREIRAS";"Ultrapassagem indevida";"Colisão frontal";"Sem Vítimas";"Anoitecer";"Crescente";"Ceu Claro";"Simples";"Reta";"Rural";8;0;0;0;7;1;0;2
83477121;"28/06/16";"Terça";"08:00:00";"PR";280;"321";"BARRACAO";"Não guardar distância de segurança";"Colisão lateral";"Com Vítimas Feridas";"Pleno dia";"Crescente";"Ceu Claro";"Simples";"Reta";"Urbano";2;0;0;1;0;1;1;2
83477122;"25/06/16";"Sábado";"05:30:00";"PE";232;"89,5";"SAIRE";"Falta de atenção";"Saída de Pista";"Sem Vítimas";"Amanhecer";"Decrescente";"Nublado";"Dupla";"Reta";"Rural";1;0;0;0;1;0;0;1
83477123;"28/06/16";"Terça";"09:20:00";"GO";153;"138,4";"MARA ROSA";"Defeito na via";"Tombamento";"Com Vítimas Feridas";"Pleno dia";"Decrescente";"Ceu Claro";"Simples";"Reta";"Rural";3;0;3;0;0;0;3;1
83477124;"24/06/16";"Sexta";"22:30:00";"ES";393;"0,4";"CACHOEIRO DE ITAPEMIRIM";"Ingestão de álcool";"Colisão Transversal";"Com Vítimas Feridas";"Plena noite";"Decrescente";"Nublado";"Simples";"Reta";"Urbano";3;0;1;1;1;0;2;2
83477125;"19/06/16";"Domingo";"15:15:00";"GO";60;"30";"ALEXANIA";"Falta de atenção";"Capotamento";"Sem Vítimas";"Pleno dia";"Decrescente";"Ceu Claro";"Simples";"Reta";"Rural";1;0;0;0;1;0;0;1
83477126;"28/06/16";"Terça";"11:00:00";"ES";101;"448";"MIMOSO DO SUL";"Defeito mecânico em veículo";"Derramamento de Carga";"Sem Vítimas";"Pleno dia";"Crescente";"Nublado";"Simples";"Curva";"Rural";1;0;0;0;1;0;0;1
83477128;"25/06/16";"Sábado";"05:50:00";"RO";364;"456";"JARU";"Outras";"Saída de Pista";"Com Vítimas Feridas";"Amanhecer";"Crescente";"Ceu Claro";"Simples";"Curva";"Rural";1;0;1;0;0;0;1;1
83477129;"24/06/16";"Sexta";"23:30:00";"MG";116;"89";"ITAOBIM";"Defeito mecânico em veículo";"Incêndio";"Ignorado";"Plena noite";"Decrescente";"Ceu Claro";"Simples";"Reta";"Rural";1;0;0;0;0;1;0;1
83477130;"28/06/16";"Terça";"08:00:00";"MG";381;"492";"BETIM";"Velocidade incompatível";"Queda de motocicleta / bicicleta / veículo";"Com Vítimas Feridas";"Pleno dia";"Decrescente";"Ceu Claro";"Simples";"Curva";"Urbano";1;0;1;0;0;0;1;1
83477131;"28/06/16";"Terça";"13:00:00";"RO";364;"12,2";"VILHENA";"Falta de atenção";"Colisão com bicicleta";"Com Vítimas Feridas";"Pleno dia";"Crescente";"Ceu Claro";"Simples";"Reta";"Urbano";2;0;1;0;1;0;1;2
83477132;"26/06/16";"Domingo";"17:10:00";"SC";101;"150,2";"ITAPEMA";"Falta de atenção";"Colisão traseira";"Com Vítimas Feridas";"Plena noite";"Decrescente";"Nublado";"Dupla";"Reta";"Urbano";3;0;2;0;1;0;2;2
83477133;"28/06/16";"Terça";"13:05:00";"PE";104;"67";"CARUARU";"Outras";"Colisão traseira";"Sem Vítimas";"Pleno dia";"Decrescente";"Nublado";"Dupla";"Reta";"Urbano";3;0;0;0;3;0;0;3
83477134;"28/06/16";"Terça";"13:00:00";"MG";116;"745,1";"LEOPOLDINA";"Falta de atenção";"Colisão traseira";"Com Vítimas Feridas";"Pleno dia";"Crescente";"Nublado";"Simples";"Reta";"Rural";3;0;2;0;1;0;2;2
83477135;"28/06/16";"Terça";"14:30:00";"RS";293;"201,3";"BAGE";"Ultrapassagem indevida";"Saída de Pista";"Sem Vítimas";"Pleno dia";"Decrescente";"Ceu Claro";"Simples";"Reta";"Rural";4;0;0;0;4;0;0;2
83477136;"19/05/16";"Quinta";"17:40:00";"BA";101;"941";"MUCURI";"Ultrapassagem indevida";"Colisão frontal";"Com Vítimas Feridas";"Anoitecer";"Crescente";"Ceu Claro";"Simples";"Reta";"Rural";2;0;0;1;1;0;1;2
83477137;"26/06/16";"Domingo";"05:30:00";"MG";146;"511,8";"POCOS DE CALDAS";"Ingestão de álcool";"Queda de motocicleta / bicicleta / veículo";"Com Vítimas Feridas";"Amanhecer";"Crescente";"Nublado";"Simples";"Reta";"Rural";1;0;1;0;0;0;1;1
83477138;"28/06/16";"Terça";"14:55:00";"RS";290;"448,8";"SAO GABRIEL";"Não guardar distância de segurança";"Colisão traseira";"Sem Vítimas";"Pleno dia";"Crescente";"Ceu Claro";"Simples";"Curva";"Rural";5;0;0;0;5;0;0;2