"id";"data_inversa";"dia_semana";"horario";"uf";"br";"km";"municipio";"causa_acidente";"tipo_acidente";"classificacao_acidente";"fase_dia";"sentido_via";"condicao_metereologica";"tipo_pista";"tracado_via";"uso_solo";"pessoas";"mortos";"feridos_leves";"feridos_graves";"ilesos";"ignorados";"feridos";"veiculos"
83477471;"29/06/16";"Quarta";"10:30:00";"PR";376;"665,8";"GUARATUBA";"Defeito mecânico em veículo";"Incêndio";"Sem Vítimas";"Pleno dia";"Crescente";"Sol";"Simples";"Curva";"Rural";1;0;0;0;1;0;0;1
83477472;"29/06/16";"Quarta";"20:46:00";"MG";135;"369";"MONTES CLAROS";"Falta de atenção";"Atropelamento de pessoa";"Com Vítimas Feridas";"Plena noite";"Decrescente";"Ceu Claro";"Dupla";"Reta";"Urbano";2;0;1;0;0;1;1;1
83477473;"29/06/16";"Quarta";"18:20:00";"MG";40;"631,5";"CONSELHEIRO LAFAIETE";"Falta de atenção";"Colisão traseira";"Com Vítimas Feridas";"Plena noite";"Decrescente";"Ceu Claro";"Simples";"Reta";"Urbano";9;0;4;0;5;0;4;2
83477474;"29/06/16";"Quarta";"18:40:00";"DF";80;"24";"BRASILIA";"Falta de atenção";"Colisão lateral";"Com Vítimas Feridas";"Plena noite";"Decrescente";"Ceu Claro";"Simples";"Reta";"Rural";6;0;4;1;1;0;5;2
83477475;"29/06/16";"Quarta";"14:40:00";"RS";153;"372,9";"CACHOEIRA DO SUL";"Falta de atenção";"Colisão traseira";"Com Vítimas Feridas";"Pleno dia";"Decrescente";"Nublado";"Simples";"Reta";"Rural";2;0;1;0;1;0;1;2
83477476;"29/06/16";"Quarta";"17:50:00";"AM";319;"18";"MANAUS";"Defeito na via";"Saída de Pista";"Sem Vítimas";"Anoitecer";"Crescente";"Ceu Claro";"Simples";"Reta";"Rural";4;0;0;0;4;0;0;1
83477477;"21/05/16";"Sábado";"11:21:00";"CE";222;"138";"IRAUCUBA";"Defeito mecânico em veículo";"Danos Eventuais";"Sem Vítimas";"Pleno dia";"Decrescente";"Ceu Claro";"Simples";"Reta";"Rural";3;0;0;0;3;0;0;2
83477478;"29/06/16";"Quarta";"18:45:00";"SC";470;"150,4";"AGRONOMICA";"Falta de atenção";"Colisão frontal";"Com Vítimas Feridas";"Plena noite";"Crescente";"Nublado";"Simples";"Reta";"Rural";3;0;1;1;1;0;2;2
83477479;"29/06/16";"Quarta";"20:52:00";"RJ";101;"473,1";"ANGRA DOS REIS";"Falta de atenção";"Colisão Transversal";"Com Vítimas Feridas";"Plena noite";"Decrescente";"Ceu Claro";"Dupla";"Reta";"Urbano";2;0;1;0;1;0;1;2
83477480;"29/06/16";"Quarta";"17:35:00";"TO";153;"395,5";"RIO DOS BOIS";"Defeito na via";"Capotamento";"Com Vítimas Feridas";"Anoitecer";"Crescente";"Ceu Claro";"Simples";"Reta";"Rural";1;0;1;0;0;0;1;1
83477481;"29/06/16";"Quarta";"19:00:00";"BA";410;"18";"RIBEIRA DO POMBAL";"Falta de atenção";"Colisão traseira";"Sem Vítimas";"Plena noite";"Decrescente";"Ceu Claro";"Simples";"Reta";"Rural";2;0;0;0;2;0;0;2
83477482;"29/06/16";"Quarta";"19:20:00";"SC";470;"53,5";"BLUMENAU";"Falta de atenção";"Colisão Transversal";"Com Vítimas Feridas";"Pleno dia";"Crescente";"Ceu Claro";"Simples";"Reta";"Urbano";3;0;1;0;2;0;1;2
83477483;"29/06/16";"Quarta";"11:45:00";"MT";163;"691";"LUCAS DO RIO VERDE";"Falta de atenção";"Saída de Pista";"Com Vítimas Feridas";"Anoitecer";"Crescente";"Ceu Claro";"Simples";"Reta";"Rural";1;0;1;0;0;0;1;1
83477484;"29/06/16";"Quarta";"18:50:00";"SP";116;"153";"SAO JOSE DOS CAMPOS";"Outras";"Colisão com bicicleta";"Com Vítimas Feridas";"Plena noite";"Decrescente";"Nublado";"Dupla";"Reta";"Rural";2;0;1;0;0;1;1;2
83477485;"27/06/16";"Segunda";"08:08:00";"DF";70;"12";"BRASILIA";"Falta de atenção";"Colisão lateral";"Com Vítimas Feridas";"Pleno dia";"Decrescente";"Ceu Claro";"Dupla";"Reta";"Urbano";3;0;2;0;1;0;2;2
83477486;"29/06/16";"Quarta";"17:15:00";"SP";116;"174,1";"GUARAREMA";"Não guardar distância de segurança";"Colisão traseira";"Com Vítimas Feridas";"Anoitecer";"Decrescente";"Ceu Claro";"Dupla";"Reta";"Rural";2;0;1;0;1;0;1;2
83477488;"29/06/16";"Quarta";"20:40:00";"ES";101;"238,9";"FUNDAO";"Dormindo";"Tombamento";"Sem Vítimas";"Plena noite";"Crescente";"Chuva";"Simples";"Curva";"Rural";2;0;0;0;2;0;0;2
83477489;"25/06/16";"Sábado";"18:30:00";"RJ";101;"323";"NITEROI";"Outras";"Queda de motocicleta / bicicleta / veículo";"Com Vítimas Feridas";"Plena noite";"Decrescente";"Ceu Claro";"Dupla";"Reta";"Urbano";1;0;1;0;0;0;1;1
83477490;"29/06/16";"Quarta";"17:40:00";"RO";319;"61,5";"PORTO VELHO";"Falta de atenção";"Colisão Transversal";"Sem Vítimas";"Pleno dia";"Decrescente";"Sol";"Dupla";"Cruzamento";"Urbano";4;0;0;0;4;0;0;2
83477492;"29/06/16";"Quarta";"19:30:00";"MG";354;"717,1";"POUSO ALTO";"Ingestão de álcool";"Colisão com objeto fixo";"Sem Vítimas";"Plena noite";"Crescente";"Ceu Claro";"Simples";"Curva";"Rural";2;0;0;0;2;0;0;1
83477493;"24/06/16";"Sexta";"21:00:00";"BA";116;"404";"FEIRA DE SANTANA";"Falta de atenção";"Colisão lateral";"Sem Vítimas";"Plena noite";"Crescente";"Chuva";"Simples";"Reta";"Rural";2;0;0;0;1;1;0;2
83477494;"29/06/16";"Quarta";"16:20:00";"MS";60;"477";"MARACAJU";"Falta de atenção";"Colisão traseira";"Com Vítimas Feridas";"Pleno dia";"Crescente";"Ceu Claro";"Simples";"Reta";"Rural";6;0;2;2;2;0;4;2
83477495;"22/06/16";"Quarta";"14:00:00";"BA";324;"556";"AMELIA RODRIGUES";"Não guardar distância de segurança";"Colisão traseira";"Sem Vítimas";"Pleno dia";"Decrescente";"Nublado";"Dupla";"Reta";"Rural";5;0;0;0;5;0;0;5
83477496;"29/06/16";"Quarta";"21:45:00";"RS";392;"66,7";"PELOTAS";"Falta de atenção";"Saída de Pista";"Sem Vítimas";"Plena noite";"Decrescente";"Nevoeiro/neblina";"Simples";"Reta";"Urbano";1;0;0;0;1;0;0;1
83477497;"29/06/16";"Quarta";"06:45:00";"DF";251;"37,8";"BRASILIA";"Outras";"Saída de Pista";"Com Vítimas Feridas";"Amanhecer";"Decrescente";"Ceu Claro";"Simples";"Curva";"Rural";1;0;1;0;0;0;1;1
83477498;"29/06/16";"Quarta";"22:30:00";"SC";163;"74";"SAO MIGUEL DOESTE";"Outras";"Queda de motocicleta / bicicleta / veículo";"Com Vítimas Feridas";"Plena noite";"Decrescente";"Ceu Claro";"Simples";"Cruzamento";"Rural";1;0;1;0;0;0;1;1
83477499;"29/06/16";"Quarta";"19:30:00";"RS";293;"99,5";"PINHEIRO MACHADO";"Outras";"Saída de Pista";"Sem Vítimas";"Plena noite";"Decrescente";"Ceu Claro";"Simples";"Curva";"Rural";1;0;0;0;1;0;0;1
83477500;"29/06/16";"Quarta";"15:30:00";"MA";222;"389,4";"SANTA INES";"Não guardar distância de segurança";"Colisão traseira";"Com Vítimas Feridas";"Pleno dia";"Crescente";"Ceu Claro";"Simples";"Reta";"Rural";5;0;2;0;3;0;2;3
83477501;"29/06/16";"Quarta";"19:15:00";"PR";476;"261";"SAO MATEUS DO SUL";"Outras";"Colisão frontal";"Com Vítimas Feridas";"Plena noite";"Crescente";"Ceu Claro";"Simples";"Reta";"Rural";3;0;0;1;2;0;1;3
83477502;"29/06/16";"Quarta";"19:00:00";"BA";242;"754";"BARREIRAS";"Desobediência à sinalização";"Colisão Transversal";"Com Vítimas Feridas";"Plena noite";"Crescente";"Ceu Claro";"Simples";"Reta";"Rural";4;0;2;0;2;0;2;2
83477504;"29/06/16";"Quarta";"07:30:00";"PR";476;"124";"CURITIBA";"Falta de atenção";"Colisão Transversal";"Sem Vítimas";"Pleno dia";"Crescente";"Ceu Claro";"Dupla";"Cruzamento";"Urbano";2;0;0;0;2;0;0;2
83477505;"29/06/16";"Quarta";"18:20:00";"RO";319;"62,8";"PORTO VELHO";"Falta de atenção";"Colisão com bicicleta";"Com Vítimas Feridas";"Anoitecer";"Decrescente";"Ceu Claro";"Dupla";"Reta";"Urbano";2;0;1;0;1;0;1;2
83477506;"29/06/16";"Quarta";"22:25:00";"GO";153;"246";"SAO LUIZ DO NORTE";"Falta de atenção";"Colisão Transversal";"Sem Vítimas";"Plena noite";"Crescente";"Nublado";"Simples";"Reta";"Rural";3;0;0;0;3;0;0;2
83477507;"29/06/16";"Quarta";"19:10:00";"PA";316;"25";"BENEVIDES";"Desobediência à sinalização";"Colisão Transversal";"Com Vítimas Fatais";"Plena noite";"Crescente";"Ceu Claro";"Dupla";"Reta";"Rural";2;1;0;0;1;0;0;2
83477508;"29/06/16";"Quarta";"17:10:00";"MT";70;"17,5";"BARRA DO GARCAS";"Ultrapassagem indevida";"Colisão traseira";"Sem Vítimas";"Pleno dia";"Crescente";"Ceu Claro";"Simples";"Reta";"Rural";2;0;0;0;2;0;0;2
83477509;"29/06/16";"Quarta";"15:10:00";"GO";70;"1";"AGUAS LINDAS DE GOIAS";"Ingestão de álcool";"Colisão com objeto fixo";"Sem Vítimas";"Pleno dia";"Decrescente";"Sol";"Dupla";"Curva";"Rural";1;0;0;0;1;0;0;1
83477510;"29/06/16";"Quarta";"15:40:00";"MT";70;"5,4";"BARRA DO GARCAS";"Falta de atenção";"Colisão traseira";"Sem Vítimas";"Plena noite";"Decrescente";"Ceu Claro";"Dupla";"Reta";"Urbano";4;0;0;0;2;2;0;2
83477511;"29/06/16";"Quarta";"11:20:00";"GO";60;"12,6";"LUZIANIA";"Falta de atenção";"Colisão traseira";"Com Vítimas Feridas";"Pleno dia";"Decrescente";"Ceu Claro";"Dupla";"Reta";"Urbano";4;0;3;0;1;0;3;2
83477512;"25/06/16";"Sábado";"21:30:00";"ES";101;"233";"FUNDAO";"Outras";"Queda de motocicleta / bicicleta / veículo";"Com Vítimas Feridas";"Plena noite";"Decrescente";"Nublado";"Simples";"Reta";"Rural";1;0;0;1;0;0;1;1
83477513;"29/06/16";"Quarta";"18:51:00";"MT";163;"616";"NOVA MUTUM";"Defeito mecânico em veículo";"Tombamento";"Sem Vítimas";"Anoitecer";"Decrescente";"Ceu Claro";"Simples";"Reta";"Rural";1;0;0;0;1;0;0;1
83477514;"29/06/16";"Quarta";"20:30:00";"AL";101;"108";"PILAR";"Velocidade incompatível";"Colisão frontal";"Com Vítimas Feridas";"Plena noite";"Crescente";"Nublado";"Simples";"Curva";"Rural";3;0;0;3;0;0;3;2
83477515;"25/06/16";"Sábado";"22:50:00";"ES";101;"295,8";"CARIACICA";"Falta de atenção";"Colisão com bicicleta";"Sem Vítimas";"Plena noite";"Crescente";"Ceu Claro";"Dupla";"Reta";"Urbano";2;0;0;0;1;1;0;2
83477516;"30/06/16";"Quinta";"00:05:00";"PR";277;"84";"CURITIBA";"Velocidade incompatível";"Queda de motocicleta / bicicleta / veículo";"Com Vítimas Feridas";"Plena noite";"Crescente";"Ceu Claro";"Dupla";"Curva";"Urbano";1;0;0;1;0;0;1;1
83477517;"29/06/16";"Quarta";"23:55:00";"PR";376;"508,9";"PONTA GROSSA";"Velocidade incompatível";"Colisão traseira";"Sem Vítimas";"Plena noite";"Decrescente";"Ceu Claro";"Simples";"Reta";"Rural";2;0;0;0;2;0;0;2
83477518;"29/06/16";"Quarta";"17:10:00";"BA";242;"317";"LENCOIS";"Falta de atenção";"Colisão frontal";"Com Vítimas Fatais";"Anoitecer";"Decrescente";"Nublado";"Simples";"Reta";"Rural";3;2;0;0;1;0;0;2
83477519;"29/06/16";"Quarta";"20:20:00";"GO";40;"7,1";"LUZIANIA";"Ingestão de álcool";"Atropelamento de pessoa";"Com Vítimas Feridas";"Plena noite";"Crescente";"Ceu Claro";"Dupla";"Reta";"Urbano";3;0;2;1;0;0;3;1
83477520;"29/06/16";"Quarta";"18:10:00";"SC";101;"435";"SOMBRIO";"Outras";"Colisão traseira";"Com Vítimas Feridas";"Plena noite";"Decrescente";"Nublado";"Simples";"Reta";"Rural";2;0;1;0;1;0;1;2
83477521;"29/06/16";"Quarta";"21:00:00";"PR";277;"583,2";"CASCAVEL";"Outras";"Colisão com bicicleta";"Com Vítimas Feridas";"Plena noite";"Decrescente";"Ceu Claro";"Simples";"Reta";"Urbano";2;0;1;0;1;0;1;2
83477522;"21/01/16";"Quinta";"07:45:00";"PB";230;"250,5";"JUAZEIRINHO";"Desobediência à sinalização";"Colisão Transversal";"Com Vítimas Feridas";"Pleno dia";"Crescente";"Nublado";"Simples";"Reta";"Rural";4;0;1;0;3;0;1;2
83477523;"30/06/16";"Quinta";"01:00:00";"PE";428;"157";"PETROLINA";"Animais na Pista";"Capotamento";"Com Vítimas Feridas";"Plena noite";"Crescente";"Ceu Claro";"Simples";"Reta";"Rural";1;0;1;0;0;0;1;1
83477524;"29/06/16";"Quarta";"17:40:00";"RN";304;"34,4";"MOSSORO";"Outras";"Queda de motocicleta / bicicleta / veículo";"Com Vítimas Feridas";"Plena noite";"Decrescente";"Ceu Claro";"Dupla";"Cruzamento";"Urbano";2;0;2;0;0;0;2;1
83477525;"25/06/16";"Sábado";"01:20:00";"SC";101;"312,8";"LAGUNA";"Outras";"Atropelamento de pessoa";"Com Vítimas Fatais";"Plena noite";"Decrescente";"Nublado";"Múltipla";"Curva";"Urbano";2;1;0;0;1;0;0;1
83477526;"25/06/16";"Sábado";"21:00:00";"ES";101;"296";"CARIACICA";"Falta de atenção";"Colisão lateral";"Com Vítimas Feridas";"Plena noite";"Decrescente";"Ceu Claro";"Simples";"Reta";"Urbano";2;0;1;0;1;0;1;2
83477527;"30/06/16";"Quinta";"03:20:00";"PE";232;"511,2";"SALGUEIRO";"Ingestão de álcool";"Colisão traseira";"Com Vítimas Feridas";"Plena noite";"Crescente";"Ceu Claro";"Simples";"Reta";"Urbano";2;0;1;0;0;1;1;2
83477528;"29/06/16";"Quarta";"14:00:00";"PB";230;"136";"CAMPINA GRANDE";"Defeito mecânico em veículo";"Colisão Transversal";"Com Vítimas Feridas";"Pleno dia";"Decrescente";"Ceu Claro";"Dupla";"Curva";"Rural";3;0;1;1;1;0;2;2
83477529;"30/06/16";"Quinta";"03:00:00";"PR";277;"135";"BALSA NOVA";"Dormindo";"Colisão traseira";"Com Vítimas Fatais";"Plena noite";"Decrescente";"Ceu Claro";"Dupla";"Reta";"Rural";3;1;0;0;2;0;0;2
83477530;"30/06/16";"Quinta";"01:15:00";"PR";376;"356,4";"ORTIGUEIRA";"Ingestão de álcool";"Colisão lateral";"Sem Vítimas";"Plena noite";"Crescente";"Ignorada";"Simples";"Reta";"Rural";2;0;0;0;2;0;0;2
83477531;"29/06/16";"Quarta";"22:45:00";"PR";116;"125,8";"FAZENDA RIO GRANDE";"Velocidade incompatível";"Colisão lateral";"Sem Vítimas";"Plena noite";"Crescente";"Ceu Claro";"Múltipla";"Cruzamento";"Urbano";2;0;0;0;2;0;0;2
83477532;"30/06/16";"Quinta";"04:00:00";"SC";101;"147,8";"ITAPEMA";"Falta de atenção";"Colisão com objeto fixo";"Com Vítimas Feridas";"Plena noite";"Crescente";"Ceu Claro";"Simples";"Reta";"Urbano";1;0;1;0;0;0;1;1
83477533;"30/06/16";"Quinta";"02:20:00";"SE";101;"119,6";"ITAPORANGA DAJUDA";"Ingestão de álcool";"Colisão frontal";"Com Vítimas Feridas";"Plena noite";"Crescente";"Nublado";"Dupla";"Curva";"Rural";2;0;0;1;0;1;1;2
83477534;"30/06/16";"Quinta";"01:45:00";"BA";101;"857";"TEIXEIRA DE FREITAS";"Defeito na via";"Tombamento";"Com Vítimas Feridas";"Plena noite";"Crescente";"Ceu Claro";"Simples";"Reta";"Rural";2;0;2;0;0;0;2;1
83477535;"30/06/16";"Quinta";"03:30:00";"SP";116;"272,9";"TABOAO DA SERRA";"Não guardar distância de segurança";"Colisão traseira";"Sem Vítimas";"Plena noite";"Decrescente";"Ceu Claro";"Dupla";"Reta";"Urbano";2;0;0;0;2;0;0;2
83477536;"29/06/16";"Quarta";"18:20:00";"CE";222;"6";"CAUCAIA";"Outras";"Colisão Transversal";"Com Vítimas Feridas";"Plena noite";"Crescente";"Ceu Claro";"Dupla";"Curva";"Urbano";2;0;1;0;0;1;1;2
83477537;"30/06/16";"Quinta";"04:30:00";"MG";40;"529";"CONTAGEM";"Outras";"Capotamento";"Sem Vítimas";"Plena noite";"Decrescente";"Nublado";"Dupla";"Curva";"Urbano";1;0;0;0;1;0;0;1
83477538;"29/06/16";"Quarta";"21:00:00";"RS";285;"162,7";"MUITOS CAPOES";"Velocidade incompatível";"Capotamento";"Com Vítimas Feridas";"Plena noite";"Decrescente";"Ceu Claro";"Simples";"Curva";"Rural";1;0;0;1;0;0;1;1
83477540;"29/06/16";"Quarta";"17:30:00";"RS";116;"451,1";"SAO LOURENCO DO SUL";"Falta de atenção";"Colisão Transversal";"Com Vítimas Feridas";"Anoitecer";"Decrescente";"Nevoeiro/neblina";"Simples";"Reta";"Rural";3;0;1;0;2;0;1;2
83477541;"30/06/16";"Quinta";"05:00:00";"RJ";40;"87";"PETROPOLIS";"Outras";"Queda de motocicleta / bicicleta / veículo";"Com Vítimas Feridas";"Amanhecer";"Crescente";"Ceu Claro";"Simples";"Curva";"Urbano";1;0;1;0;0;0;1;1
83477542;"29/06/16";"Quarta";"16:00:00";"MT";70;"277";"PRIMAVERA DO LESTE";"Desobediência à sinalização";"Colisão Transversal";"Sem Vítimas";"Pleno dia";"Decrescente";"Ceu Claro";"Simples";"Cruzamento";"Urbano";2;0;0;0;2;0;0;2
83477543;"27/06/16";"Segunda";"10:50:00";"CE";20;"387,3";"CAUCAIA";"Desobediência à sinalização";"Colisão frontal";"Com Vítimas Fatais";"Pleno dia";"Decrescente";"Sol";"Simples";"Reta";"Urbano";3;1;2;0;0;0;2;2
83477544;"30/06/16";"Quinta";"00:30:00";"MG";381;"428,6";"SABARA";"Velocidade incompatível";"Colisão lateral";"Com Vítimas Feridas";"Plena noite";"Decrescente";"Ignorada";"Dupla";"Curva";"Rural";2;0;1;0;1;0;1;2
83477546;"29/06/16";"Quarta";"15:10:00";"MG";40;"525";"CONTAGEM";"Outras";"Atropelamento de pessoa";"Com Vítimas Feridas";"Pleno dia";"Decrescente";"Sol";"Dupla";"Reta";"Urbano";2;0;1;0;1;0;1;1
83477547;"29/06/16";"Quarta";"17:45:00";"MG";50;"59";"UBERLANDIA";"Outras";"Saída de Pista";"Sem Vítimas";"Anoitecer";"Decrescente";"Ceu Claro";"Dupla";"Reta";"Rural";1;0;0;0;1;0;0;1
83477548;"30/06/16";"Quinta";"05:00:00";"SC";116;"281";"CAPAO ALTO";"Dormindo";"Colisão frontal";"Com Vítimas Feridas";"Plena noite";"Crescente";"Nevoeiro/neblina";"Simples";"Reta";"Rural";2;0;1;0;1;0;1;2
83477549;"29/06/16";"Quarta";"20:39:00";"SC";282;"541,3";"CHAPECO";"Ingestão de álcool";"Colisão lateral";"Sem Vítimas";"Plena noite";"Decrescente";"Ceu Claro";"Simples";"Reta";"Rural";2;0;0;0;2;0;0;2
83477550;"01/06/16";"Quarta";"11:30:00";"PA";230;"632";"ALTAMIRA";"Falta de atenção";"Colisão lateral";"Com Vítimas Feridas";"Pleno dia";"Crescente";"Ceu Claro";"Dupla";"Reta";"Urbano";2;0;0;1;1;0;1;2
83477551;"17/05/16";"Terça";"14:00:00";"MA";135;"26";"BACABEIRA";"Falta de atenção";"Colisão traseira";"Sem Vítimas";"Pleno dia";"Crescente";"Ceu Claro";"Simples";"Reta";"Rural";3;0;0;0;3;0;0;3
83477552;"30/06/16";"Quinta";"06:00:00";"PE";316;"82,3";"OURICURI";"Outras";"Colisão Transversal";"Com Vítimas Feridas";"Amanhecer";"Crescente";"Ceu Claro";"Simples";"Reta";"Urbano";2;0;0;1;0;1;1;2
83477553;"30/06/16";"Quinta";"03:55:00";"GO";20;"182";"ALVORADA DO NORTE";"Falta de atenção";"Colisão traseira";"Com Vítimas Feridas";"Plena noite";"Crescente";"Ceu Claro";"Simples";"Reta";"Rural";2;0;0;1;1;0;1;2
83477554;"29/06/16";"Quarta";"18:30:00";"RS";471;"202";"PANTANO GRANDE";"Falta de atenção";"Saída de Pista";"Com Vítimas Feridas";"Plena noite";"Decrescente";"Nublado";"Simples";"Cruzamento";"Rural";1;0;1;0;0;0;1;1
83477555;"30/06/16";"Quinta";"02:15:00";"MG";50;"30";"ARAGUARI";"Dormindo";"Colisão com objeto fixo";"Sem Vítimas";"Plena noite";"Crescente";"Nevoeiro/neblina";"Dupla";"Curva";"Rural";1;0;0;0;1;0;0;1
83477556;"30/06/16";"Quinta";"03:00:00";"AC";364;"140";"RIO BRANCO";"Outras";"Colisão Transversal";"Com Vítimas Feridas";"Plena noite";"Decrescente";"Ceu Claro";"Simples";"Reta";"Urbano";2;0;0;1;0;1;1;2
83477557;"26/06/16";"Domingo";"14:40:00";"PB";101;"115,7";"CAAPORA";"Velocidade incompatível";"Saída de Pista";"Sem Vítimas";"Pleno dia";"Decrescente";"Chuva";"Dupla";"Reta";"Rural";1;0;0;0;1;0;0;1
83477558;"29/06/16";"Quarta";"18:30:00";"SP";116;"224";"GUARULHOS";"Falta de atenção";"Colisão lateral";"Com Vítimas Feridas";"Plena noite";"Decrescente";"Ceu Claro";"Múltipla";"Reta";"Urbano";3;0;1;0;1;1;1;3
83477559;"23/05/16";"Segunda";"14:02:00";"MA";222;"516,1";"BURITICUPU";"Outras";"Tombamento";"Ignorado";"Pleno dia";"Crescente";"Ceu Claro";"Simples";"Reta";"Rural";1;0;0;0;0;1;0;1
83477560;"30/06/16";"Quinta";"03:30:00";"RJ";393;"159,8";"TRES RIOS";"Dormindo";"Tombamento";"Com Vítimas Feridas";"Plena noite";"Crescente";"Ceu Claro";"Simples";"Reta";"Rural";2;0;0;2;0;0;2;1
83477561;"30/06/16";"Quinta";"00:18:00";"SC";480;"128,4";"CHAPECO";"Ingestão de álcool";"Colisão traseira";"Com Vítimas Feridas";"Plena noite";"Decrescente";"Ceu Claro";"Dupla";"Reta";"Urbano";3;0;2;0;1;0;2;2
83477563;"29/06/16";"Quarta";"11:55:00";"SC";470;"65";"INDAIAL";"Falta de atenção";"Colisão Transversal";"Sem Vítimas";"Pleno dia";"Crescente";"Ceu Claro";"Simples";"Reta";"Urbano";2;0;0;0;2;0;0;2
83477564;"30/06/16";"Quinta";"01:00:00";"PR";369;"34,5";"ANDIRA";"Velocidade incompatível";"Tombamento";"Com Vítimas Feridas";"Plena noite";"Decrescente";"Ceu Claro";"Simples";"Curva";"Urbano";2;0;0;2;0;0;2;1
83477565;"23/06/16";"Quinta";"06:10:00";"PB";230;"58";"CRUZ DO ESPIRITO SANTO";"Outras";"Capotamento";"Sem Vítimas";"Amanhecer";"Crescente";"Ceu Claro";"Dupla";"Reta";"Rural";1;0;0;0;1;0;0;1
83477566;"30/06/16";"Quinta";"06:00:00";"PR";369;"208,5";"APUCARANA";"Outras";"Queda de motocicleta / bicicleta / veículo";"Com Vítimas Feridas";"Amanhecer";"Decrescente";"Ceu Claro";"Simples";"Reta";"Rural";1;0;1;0;0;0;1;1
83477567;"30/06/16";"Quinta";"05:50:00";"RS";158;"204,1";"CRUZ ALTA";"Defeito mecânico em veículo";"Saída de Pista";"Sem Vítimas";"Amanhecer";"Decrescente";"Ceu Claro";"Simples";"Reta";"Rural";1;0;0;0;1;0;0;1
83477568;"22/06/16";"Quarta";"17:45:00";"ES";101;"270,9";"SERRA";"Outras";"Colisão traseira";"Com Vítimas Feridas";"Anoitecer";"Crescente";"Nublado";"Dupla";"Curva";"Urbano";2;0;0;1;1;0;1;2
83477569;"28/06/16";"Terça";"21:00:00";"PI";135;"514";"GILBUES";"Falta de atenção";"Colisão com objeto fixo";"Com Vítimas Fatais";"Plena noite";"Crescente";"Ceu Claro";"Simples";"Reta";"Urbano";5;1;1;1;0;2;2;2
83477570;"26/06/16";"Domingo";"20:10:00";"ES";101;"256,5";"SERRA";"Desobediência à sinalização";"Colisão Transversal";"Com Vítimas Feridas";"Plena noite";"Decrescente";"Nublado";"Dupla";"Cruzamento";"Urbano";2;0;1;0;1;0;1;2
83477571;"30/06/16";"Quinta";"02:30:00";"PR";376;"639";"TIJUCAS DO SUL";"Dormindo";"Saída de Pista";"Com Vítimas Feridas";"Plena noite";"Crescente";"Ceu Claro";"Dupla";"Reta";"Rural";1;0;1;0;0;0;1;1
83477572;"29/06/16";"Quarta";"19:30:00";"MT";163;"544";"NOVA MUTUM";"Outras";"Saída de Pista";"Com Vítimas Feridas";"Plena noite";"Crescente";"Ceu Claro";"Simples";"Reta";"Rural";1;0;1;0;0;0;1;1
83477573;"26/06/16";"Domingo";"13:50:00";"MG";135;"627,6";"CURVELO";"Outras";"Saída de Pista";"Com Vítimas Fatais";"Pleno dia";"Decrescente";"Ceu Claro";"Simples";"Curva";"Urbano";3;1;1;1;0;0;2;1
83477574;"26/06/16";"Domingo";"21:30:00";"PE";232;"254,2";"ARCOVERDE";"Outras";"Colisão lateral";"Com Vítimas Feridas";"Plena noite";"Crescente";"Ceu Claro";"Simples";"Reta";"Urbano";2;0;0;1;0;1;1;2
83477575;"26/06/16";"Domingo";"18:01:00";"PR";369;"184,3";"ARAPONGAS";"Ingestão de álcool";"Colisão Transversal";"Com Vítimas Feridas";"Plena noite";"Crescente";"Ceu Claro";"Simples";"Reta";"Urbano";3;0;1;0;2;0;1;2
83477576;"30/06/16";"Quinta";"06:30:00";"PE";407;"130";"PETROLINA";"Outras";"Colisão traseira";"Com Vítimas Feridas";"Amanhecer";"Crescente";"Ceu Claro";"Simples";"Reta";"Urbano";2;0;1;0;1;0;1;2
83477577;"15/06/16";"Quarta";"11:30:00";"SP";116;"220,5";"GUARULHOS";"Não guardar distância de segurança";"Colisão traseira";"Com Vítimas Feridas";"Pleno dia";"Decrescente";"Ceu Claro";"Múltipla";"Reta";"Urbano";2;0;1;0;0;1;1;2
83477578;"26/06/16";"Domingo";"21:00:00";"PR";376;"184,1";"SARANDI";"Ingestão de álcool";"Colisão traseira";"Sem Vítimas";"Plena noite";"Decrescente";"Ceu Claro";"Dupla";"Reta";"Urbano";2;0;0;0;2;0;0;2
83477579;"22/06/16";"Quarta";"14:15:00";"SP";116;"217,9";"GUARULHOS";"Ultrapassagem indevida";"Colisão lateral";"Sem Vítimas";"Pleno dia";"Decrescente";"Ceu Claro";"Múltipla";"Reta";"Urbano";2;0;0;0;2;0;0;2
83477580;"27/06/16";"Segunda";"09:15:00";"SP";116;"218,1";"GUARULHOS";"Ultrapassagem indevida";"Colisão lateral";"Com Vítimas Feridas";"Pleno dia";"Crescente";"Ceu Claro";"Múltipla";"Reta";"Urbano";3;0;2;0;1;0;2;2
83477581;"30/06/16";"Quinta";"00:30:00";"RJ";101;"513";"ANGRA DOS REIS";"Falta de atenção";"Colisão frontal";"Com Vítimas Feridas";"Plena noite";"Crescente";"Nublado";"Simples";"Reta";"Urbano";2;0;1;0;1;0;1;2
83477582;"27/06/16";"Segunda";"05:30:00";"SP";116;"227";"GUARULHOS";"Não guardar distância de segurança";"Colisão traseira";"Com Vítimas Feridas";"Amanhecer";"Crescente";"Ceu Claro";"Dupla";"Reta";"Urbano";2;0;1;0;0;1;1;2