"id";"data_inversa";"dia_semana";"horario";"uf";"br";"km";"municipio";"causa_acidente";"tipo_acidente";"classificacao_acidente";"fase_dia";"sentido_via";"condicao_metereologica";"tipo_pista";"tracado_via";"uso_solo";"pessoas";"mortos";"feridos_leves";"feridos_graves";"ilesos";"ignorados";"feridos";"veiculos"
83477810;"30/06/16";"Quinta";"22:00:00";"PR";277;"10";"PARANAGUA";"Dormindo";"Saída de Pista";"Com Vítimas Feridas";"Plena noite";"Decrescente";"Nublado";"Dupla";"Curva";"Rural";1;0;1;0;0;0;1;1
83477811;"26/06/16";"Domingo";"17:10:00";"GO";364;"135,2";"APARECIDA DO RIO DOCE";"Outras";"Colisão traseira";"Com Vítimas Feridas";"Pleno dia";"Crescente";"Sol";"Simples";"Curva";"Rural";2;0;2;0;0;0;2;2
83477812;"01/07/16";"Sexta";"05:00:00";"RJ";116;"72";"TERESOPOLIS";"Outras";"Colisão com objeto fixo";"Com Vítimas Feridas";"Amanhecer";"Decrescente";"Nublado";"Simples";"Curva";"Rural";1;0;1;0;0;0;1;1
83477813;"26/06/16";"Domingo";"14:50:00";"MG";40;"705,5";"BARBACENA";"Velocidade incompatível";"Queda de motocicleta / bicicleta / veículo";"Com Vítimas Feridas";"Pleno dia";"Decrescente";"Ceu Claro";"Dupla";"Curva";"Rural";1;0;0;1;0;0;1;1
83477814;"27/06/16";"Segunda";"04:30:00";"PE";232;"63,5";"GRAVATA";"Falta de atenção";"Colisão traseira";"Sem Vítimas";"Amanhecer";"Decrescente";"Ceu Claro";"Simples";"Reta";"Rural";3;0;0;0;3;0;0;3
83477815;"01/07/16";"Sexta";"04:30:00";"CE";20;"335";"CARIDADE";"Animais na Pista";"Atropelamento de animal";"Sem Vítimas";"Amanhecer";"Crescente";"Ceu Claro";"Simples";"Reta";"Rural";1;0;0;0;1;0;0;1
83477816;"23/06/16";"Quinta";"06:00:00";"CE";222;"124";"ITAPAGE";"Velocidade incompatível";"Tombamento";"Sem Vítimas";"Amanhecer";"Crescente";"Ceu Claro";"Simples";"Curva";"Urbano";3;0;0;0;3;0;0;1
83477817;"30/06/16";"Quinta";"18:00:00";"SC";101;"206,9";"SAO JOSE";"Falta de atenção";"Colisão Transversal";"Com Vítimas Feridas";"Anoitecer";"Crescente";"Nublado";"Dupla";"Cruzamento";"Urbano";2;0;1;0;1;0;1;2
83477818;"30/06/16";"Quinta";"18:00:00";"MT";163;"829";"SINOP";"Falta de atenção";"Atropelamento de pessoa";"Com Vítimas Feridas";"Anoitecer";"Crescente";"Ceu Claro";"Dupla";"Reta";"Urbano";2;0;0;1;1;0;1;1
83477819;"01/07/16";"Sexta";"03:50:00";"SP";116;"352";"MIRACATU";"Velocidade incompatível";"Colisão traseira";"Com Vítimas Feridas";"Plena noite";"Decrescente";"Nublado";"Simples";"Reta";"Rural";2;0;1;0;1;0;1;2
83477820;"01/07/16";"Sexta";"01:00:00";"ES";101;"297";"CARIACICA";"Outras";"Colisão com objeto fixo";"Ignorado";"Plena noite";"Crescente";"Nublado";"Simples";"Curva";"Urbano";1;0;0;0;0;1;0;1
83477821;"30/06/16";"Quinta";"21:10:00";"MG";365;"363";"VARJAO DE MINAS";"Ultrapassagem indevida";"Colisão traseira";"Com Vítimas Feridas";"Plena noite";"Decrescente";"Ceu Claro";"Simples";"Reta";"Rural";7;0;1;1;4;1;2;5
83477822;"30/06/16";"Quinta";"13:55:00";"MG";40;"469,9";"SETE LAGOAS";"Outras";"Saída de Pista";"Com Vítimas Feridas";"Pleno dia";"Decrescente";"Ceu Claro";"Dupla";"Reta";"Urbano";1;0;1;0;0;0;1;1
83477823;"01/07/16";"Sexta";"02:15:00";"SP";116;"376,8";"MIRACATU";"Dormindo";"Tombamento";"Sem Vítimas";"Plena noite";"Crescente";"Nublado";"Dupla";"Reta";"Urbano";1;0;0;0;1;0;0;1
83477824;"01/07/16";"Sexta";"04:40:00";"SP";116;"172";"JACAREI";"Falta de atenção";"Colisão traseira";"Com Vítimas Feridas";"Plena noite";"Crescente";"Nevoeiro/neblina";"Dupla";"Reta";"Urbano";2;0;1;0;1;0;1;2
83477825;"30/06/16";"Quinta";"23:15:00";"PR";272;"362,5";"CAMPO MOURAO";"Ingestão de álcool";"Colisão com objeto fixo";"Com Vítimas Feridas";"Plena noite";"Decrescente";"Ceu Claro";"Dupla";"Reta";"Urbano";2;0;2;0;0;0;2;1
83477826;"01/07/16";"Sexta";"06:00:00";"MG";40;"285";"TRES MARIAS";"Outras";"Capotamento";"Sem Vítimas";"Amanhecer";"Decrescente";"Ceu Claro";"Simples";"Reta";"Rural";3;0;0;0;3;0;0;1
83477827;"01/07/16";"Sexta";"03:10:00";"PR";369;"76,5";"CORNELIO PROCOPIO";"Dormindo";"Colisão traseira";"Sem Vítimas";"Plena noite";"Decrescente";"Ceu Claro";"Simples";"Reta";"Rural";2;0;0;0;1;1;0;2
83477828;"27/06/16";"Segunda";"19:30:00";"BA";116;"472";"SANTO ESTEVAO";"Outras";"Saída de Pista";"Ignorado";"Plena noite";"Decrescente";"Nublado";"Dupla";"Reta";"Rural";1;0;0;0;0;1;0;1
83477829;"28/06/16";"Terça";"20:40:00";"SC";101;"220";"PALHOCA";"Defeito mecânico em veículo";"Colisão com objeto móvel";"Com Vítimas Feridas";"Plena noite";"Crescente";"Ceu Claro";"Dupla";"Reta";"Rural";1;0;0;1;0;0;1;1
83477830;"01/07/16";"Sexta";"02:40:00";"MT";163;"546";"DIAMANTINO";"Outras";"Tombamento";"Sem Vítimas";"Plena noite";"Decrescente";"Ceu Claro";"Simples";"Reta";"Rural";1;0;0;0;1;0;0;1
83477831;"27/06/16";"Segunda";"16:00:00";"PR";277;"124";"BALSA NOVA";"Outras";"Saída de Pista";"Sem Vítimas";"Pleno dia";"Decrescente";"Ceu Claro";"Dupla";"Reta";"Rural";1;0;0;0;1;0;0;1
83477832;"19/06/16";"Domingo";"19:00:00";"ES";259;"62";"COLATINA";"Falta de atenção";"Colisão Transversal";"Com Vítimas Feridas";"Plena noite";"Decrescente";"Ceu Claro";"Dupla";"Reta";"Urbano";2;0;1;0;1;0;1;2
83477833;"15/06/16";"Quarta";"18:40:00";"PE";407;"130";"PETROLINA";"Outras";"Atropelamento de pessoa";"Com Vítimas Feridas";"Anoitecer";"Decrescente";"Ceu Claro";"Simples";"Reta";"Urbano";2;0;1;0;0;1;1;1
83477834;"01/07/16";"Sexta";"07:10:00";"MA";135;"2,1";"SAO LUIS";"Falta de atenção";"Colisão lateral";"Com Vítimas Feridas";"Pleno dia";"Crescente";"Sol";"Dupla";"Reta";"Urbano";2;0;2;0;0;0;2;2
83477835;"01/07/16";"Sexta";"08:00:00";"SC";280;"237,5";"CANOINHAS";"Outras";"Tombamento";"Com Vítimas Feridas";"Amanhecer";"Decrescente";"Nevoeiro/neblina";"Simples";"Curva";"Rural";1;0;1;0;0;0;1;1
83477836;"01/07/16";"Sexta";"06:30:00";"SC";282;"55";"RANCHO QUEIMADO";"Velocidade incompatível";"Saída de Pista";"Sem Vítimas";"Amanhecer";"Decrescente";"Ceu Claro";"Simples";"Curva";"Rural";1;0;0;0;1;0;0;1
83477837;"30/06/16";"Quinta";"18:40:00";"BA";324;"373";"SAO JOSE DO JACUIPE";"Animais na Pista";"Atropelamento de animal";"Sem Vítimas";"Plena noite";"Crescente";"Nublado";"Simples";"Reta";"Rural";2;0;0;0;2;0;0;1
83477838;"28/06/16";"Terça";"06:45:00";"SC";470;"182";"POUSO REDONDO";"Falta de atenção";"Colisão Transversal";"Com Vítimas Feridas";"Pleno dia";"Decrescente";"Nublado";"Simples";"Reta";"Rural";2;0;0;1;1;0;1;2
83477839;"02/01/16";"Sábado";"10:40:00";"BA";116;"732";"POCOES";"Não guardar distância de segurança";"Colisão lateral";"Ignorado";"Pleno dia";"Decrescente";"Ignorada";"Simples";"Reta";"Rural";2;0;0;0;0;2;0;2
83477840;"28/06/16";"Terça";"06:30:00";"GO";153;"595,1";"PIRACANJUBA";"Dormindo";"Saída de Pista";"Sem Vítimas";"Amanhecer";"Crescente";"Ceu Claro";"Dupla";"Reta";"Rural";1;0;0;0;1;0;0;1
83477841;"01/07/16";"Sexta";"07:57:00";"PR";277;"664,2";"MEDIANEIRA";"Outras";"Capotamento";"Com Vítimas Feridas";"Pleno dia";"Crescente";"Sol";"Dupla";"Reta";"Rural";2;0;2;0;0;0;2;1
83477842;"01/07/16";"Sexta";"07:30:00";"MA";135;"41";"SAO LUIS";"Outras";"Saída de Pista";"Com Vítimas Feridas";"Pleno dia";"Crescente";"Ceu Claro";"Simples";"Reta";"Rural";5;0;3;0;2;0;3;1
83477843;"30/06/16";"Quinta";"06:40:00";"PR";163;"141,1";"CAPITAO LEONIDAS MARQUES";"Outras";"Colisão frontal";"Com Vítimas Fatais";"Pleno dia";"Decrescente";"Sol";"Simples";"Reta";"Urbano";3;1;0;0;1;1;0;3
83477844;"01/07/16";"Sexta";"07:30:00";"GO";153;"395";"PIRENOPOLIS";"Defeito na via";"Tombamento";"Sem Vítimas";"Pleno dia";"Crescente";"Sol";"Simples";"Reta";"Rural";1;0;0;0;1;0;0;1
83477845;"27/06/16";"Segunda";"21:30:00";"ES";262;"28,8";"VIANA";"Velocidade incompatível";"Saída de Pista";"Com Vítimas Feridas";"Plena noite";"Crescente";"Chuva";"Simples";"Curva";"Rural";3;0;1;1;0;1;2;1
83477846;"01/07/16";"Sexta";"08:00:00";"MG";381;"492";"BETIM";"Falta de atenção";"Colisão lateral";"Com Vítimas Feridas";"Pleno dia";"Decrescente";"Ceu Claro";"Múltipla";"Reta";"Urbano";2;0;1;0;1;0;1;2
83477847;"28/06/16";"Terça";"03:35:00";"RS";116;"541";"CAPAO DO LEAO";"Outras";"Colisão com objeto fixo";"Com Vítimas Feridas";"Plena noite";"Crescente";"Nevoeiro/neblina";"Múltipla";"Reta";"Rural";1;0;1;0;0;0;1;1
83477848;"28/06/16";"Terça";"19:50:00";"RJ";40;"63";"PETROPOLIS";"Velocidade incompatível";"Colisão com objeto fixo";"Sem Vítimas";"Plena noite";"Decrescente";"Nublado";"Dupla";"Curva";"Rural";1;0;0;0;1;0;0;1
83477849;"30/06/16";"Quinta";"07:00:00";"MT";364;"117";"PEDRA PRETA";"Não guardar distância de segurança";"Colisão traseira";"Sem Vítimas";"Pleno dia";"Crescente";"Ceu Claro";"Simples";"Reta";"Rural";4;0;0;0;4;0;0;4
83477850;"01/07/16";"Sexta";"08:45:00";"RS";480;"64,8";"BARAO DE COTEGIPE";"Outras";"Saída de Pista";"Com Vítimas Feridas";"Pleno dia";"Crescente";"Sol";"Simples";"Curva";"Rural";1;0;0;1;0;0;1;1
83477851;"27/06/16";"Segunda";"20:45:00";"GO";153;"598,5";"MORRINHOS";"Ingestão de álcool";"Saída de Pista";"Com Vítimas Feridas";"Plena noite";"Decrescente";"Ceu Claro";"Dupla";"Reta";"Rural";1;0;1;0;0;0;1;1
83477852;"07/04/16";"Quinta";"00:30:00";"BA";242;"861";"BARREIRAS";"Ingestão de álcool";"Colisão frontal";"Com Vítimas Feridas";"Plena noite";"Crescente";"Ceu Claro";"Simples";"Reta";"Rural";2;0;1;0;1;0;1;2
83477853;"01/07/16";"Sexta";"07:40:00";"MG";381;"448";"SABARA";"Outras";"Colisão frontal";"Com Vítimas Feridas";"Pleno dia";"Crescente";"Sol";"Simples";"Curva";"Rural";2;0;1;0;1;0;1;2
83477854;"01/07/16";"Sexta";"06:50:00";"MG";381;"491";"BETIM";"Outras";"Saída de Pista";"Sem Vítimas";"Pleno dia";"Decrescente";"Sol";"Dupla";"Reta";"Urbano";1;0;0;0;1;0;0;1
83477855;"28/06/16";"Terça";"05:10:00";"MG";381;"577,8";"CARMOPOLIS DE MINAS";"Dormindo";"Capotamento";"Sem Vítimas";"Amanhecer";"Crescente";"Ceu Claro";"Dupla";"Reta";"Rural";1;0;0;0;1;0;0;1
83477856;"28/06/16";"Terça";"04:15:00";"ES";101;"386,5";"RIO NOVO DO SUL";"Velocidade incompatível";"Tombamento";"Com Vítimas Fatais";"Plena noite";"Decrescente";"Chuva";"Simples";"Curva";"Rural";1;1;0;0;0;0;0;1
83477857;"01/07/16";"Sexta";"10:00:00";"SP";116;"483";"CAJATI";"Outras";"Danos Eventuais";"Sem Vítimas";"Pleno dia";"Crescente";"Nublado";"Dupla";"Reta";"Rural";1;0;0;0;1;0;0;1
83477858;"28/06/16";"Terça";"12:30:00";"GO";60;"377";"RIO VERDE";"Falta de atenção";"Colisão traseira";"Com Vítimas Feridas";"Pleno dia";"Crescente";"Sol";"Dupla";"Reta";"Rural";2;0;1;0;1;0;1;2
83477859;"25/06/16";"Sábado";"07:00:00";"MG";381;"516,5";"IGARAPE";"Outras";"Tombamento";"Com Vítimas Feridas";"Amanhecer";"Decrescente";"Ceu Claro";"Dupla";"Curva";"Rural";1;0;1;0;0;0;1;1
83477860;"01/07/16";"Sexta";"07:10:00";"SE";235;"3,5";"NOSSA SENHORA DO SOCORRO";"Outras";"Colisão com bicicleta";"Com Vítimas Feridas";"Pleno dia";"Crescente";"Ceu Claro";"Dupla";"Reta";"Rural";2;0;1;0;1;0;1;2
83477861;"01/07/16";"Sexta";"10:00:00";"SC";163;"84,2";"GUARACIABA";"Falta de atenção";"Colisão com bicicleta";"Com Vítimas Feridas";"Pleno dia";"Crescente";"Sol";"Simples";"Curva";"Urbano";2;0;1;0;1;0;1;2
83477862;"24/06/16";"Sexta";"12:55:00";"GO";70;"21,5";"AGUAS LINDAS DE GOIAS";"Falta de atenção";"Atropelamento de pessoa";"Com Vítimas Feridas";"Pleno dia";"Crescente";"Ceu Claro";"Simples";"Reta";"Rural";2;0;1;0;1;0;1;1
83477863;"01/07/16";"Sexta";"08:00:00";"PR";476;"121,9";"CURITIBA";"Falta de atenção";"Colisão com objeto fixo";"Com Vítimas Feridas";"Pleno dia";"Crescente";"Nublado";"Dupla";"Reta";"Urbano";1;0;0;1;0;0;1;1
83477864;"01/07/16";"Sexta";"05:00:00";"SP";153;"61,5";"SAO JOSE DO RIO PRETO";"Ingestão de álcool";"Colisão traseira";"Com Vítimas Feridas";"Plena noite";"Crescente";"Nublado";"Dupla";"Reta";"Urbano";4;0;1;0;2;1;1;2
83477865;"01/07/16";"Sexta";"08:40:00";"RS";158;"503";"SANTANA DO LIVRAMENTO";"Falta de atenção";"Colisão traseira";"Sem Vítimas";"Pleno dia";"Crescente";"Nevoeiro/neblina";"Simples";"Reta";"Rural";3;0;0;0;3;0;0;2
83477866;"01/07/16";"Sexta";"11:50:00";"RS";290;"91,9";"PORTO ALEGRE";"Velocidade incompatível";"Saída de Pista";"Com Vítimas Feridas";"Pleno dia";"Decrescente";"Ceu Claro";"Simples";"Curva";"Urbano";2;0;2;0;0;0;2;1
83477867;"01/07/16";"Sexta";"09:20:00";"GO";153;"623,8";"MORRINHOS";"Defeito mecânico em veículo";"Queda de motocicleta / bicicleta / veículo";"Com Vítimas Feridas";"Pleno dia";"Crescente";"Ceu Claro";"Dupla";"Reta";"Rural";2;0;1;1;0;0;2;1
83477868;"28/06/16";"Terça";"15:30:00";"MT";364;"290,7";"JACIARA";"Defeito mecânico em veículo";"Tombamento";"Sem Vítimas";"Pleno dia";"Decrescente";"Ceu Claro";"Simples";"Curva";"Rural";1;0;0;0;1;0;0;1
83477869;"25/06/16";"Sábado";"06:15:00";"RS";392;"5,4";"RIO GRANDE";"Dormindo";"Colisão frontal";"Sem Vítimas";"Amanhecer";"Decrescente";"Nevoeiro/neblina";"Simples";"Curva";"Urbano";3;0;0;0;2;1;0;2
83477870;"01/07/16";"Sexta";"07:40:00";"PR";277;"721";"FOZ DO IGUACU";"Falta de atenção";"Colisão Transversal";"Com Vítimas Feridas";"Pleno dia";"Crescente";"Ceu Claro";"Dupla";"Cruzamento";"Urbano";3;0;0;2;1;0;2;3
83477871;"01/07/16";"Sexta";"09:30:00";"SC";282;"24,9";"SANTO AMARO DA IMPERATRIZ";"Falta de atenção";"Colisão frontal";"Com Vítimas Feridas";"Pleno dia";"Crescente";"Ceu Claro";"Simples";"Cruzamento";"Urbano";4;0;2;0;2;0;2;2
83477872;"25/06/16";"Sábado";"14:30:00";"AP";156;"623";"CALCOENE";"Velocidade incompatível";"Colisão Transversal";"Com Vítimas Fatais";"Pleno dia";"Decrescente";"Sol";"Simples";"Reta";"Rural";6;2;0;0;4;0;0;2
83477873;"01/07/16";"Sexta";"07:30:00";"MS";60;"586,7";"JARDIM";"Falta de atenção";"Colisão Transversal";"Com Vítimas Feridas";"Pleno dia";"Crescente";"Ceu Claro";"Simples";"Reta";"Urbano";3;0;2;0;1;0;2;2
83477874;"28/06/16";"Terça";"06:30:00";"RJ";101;"52";"CAMPOS DOS GOYTACAZES";"Outras";"Saída de Pista";"Sem Vítimas";"Amanhecer";"Crescente";"Nublado";"Simples";"Reta";"Urbano";1;0;0;0;1;0;0;1
83477875;"01/07/16";"Sexta";"10:40:00";"AL";104;"34";"UNIAO DOS PALMARES";"Falta de atenção";"Colisão frontal";"Com Vítimas Feridas";"Pleno dia";"Crescente";"Nublado";"Simples";"Cruzamento";"Urbano";3;0;0;1;0;2;1;2
83477876;"28/06/16";"Terça";"06:15:00";"GO";414;"416";"ABADIANIA";"Falta de atenção";"Tombamento";"Com Vítimas Feridas";"Amanhecer";"Crescente";"Ceu Claro";"Simples";"Curva";"Rural";1;0;1;0;0;0;1;1
83477877;"31/05/16";"Terça";"06:00:00";"BA";101;"900";"CARAVELAS";"Não guardar distância de segurança";"Queda de motocicleta / bicicleta / veículo";"Com Vítimas Feridas";"Amanhecer";"Decrescente";"Ceu Claro";"Simples";"Reta";"Urbano";1;0;0;1;0;0;1;1
83477878;"01/07/16";"Sexta";"06:20:00";"RS";285;"159,6";"MUITOS CAPOES";"Outras";"Saída de Pista";"Com Vítimas Feridas";"Amanhecer";"Crescente";"Nublado";"Simples";"Curva";"Rural";2;0;1;0;1;0;1;1
83477880;"01/07/16";"Sexta";"08:15:00";"RS";471;"143,4";"SANTA CRUZ DO SUL";"Falta de atenção";"Colisão Transversal";"Com Vítimas Feridas";"Pleno dia";"Decrescente";"Nevoeiro/neblina";"Simples";"Cruzamento";"Urbano";2;0;1;0;1;0;1;2
83477881;"28/06/16";"Terça";"05:35:00";"PR";153;"468,3";"PORTO VITORIA";"Outras";"Saída de Pista";"Sem Vítimas";"Plena noite";"Decrescente";"Nublado";"Simples";"Curva";"Rural";1;0;0;0;1;0;0;1
83477882;"01/07/16";"Sexta";"11:15:00";"PE";101;"55";"PAULISTA";"Desobediência à sinalização";"Colisão traseira";"Sem Vítimas";"Pleno dia";"Decrescente";"Sol";"Simples";"Reta";"Rural";4;0;0;0;4;0;0;4
83477883;"12/06/16";"Domingo";"03:45:00";"PR";476;"128,3";"CURITIBA";"Outras";"Capotamento";"Com Vítimas Feridas";"Plena noite";"Crescente";"Ceu Claro";"Dupla";"Curva";"Urbano";2;0;0;1;1;0;1;2
83477884;"01/07/16";"Sexta";"12:50:00";"SC";101;"219";"PALHOCA";"Falta de atenção";"Colisão lateral";"Com Vítimas Feridas";"Pleno dia";"Decrescente";"Ceu Claro";"Dupla";"Reta";"Urbano";4;0;3;0;1;0;3;2
83477885;"01/07/16";"Sexta";"13:20:00";"RS";285;"309,9";"PASSO FUNDO";"Velocidade incompatível";"Saída de Pista";"Com Vítimas Feridas";"Pleno dia";"Crescente";"Ceu Claro";"Simples";"Curva";"Rural";3;0;2;0;1;0;2;1
83477886;"27/06/16";"Segunda";"08:30:00";"MG";356;"275";"EUGENOPOLIS";"Ultrapassagem indevida";"Queda de motocicleta / bicicleta / veículo";"Com Vítimas Feridas";"Pleno dia";"Decrescente";"Ceu Claro";"Simples";"Reta";"Rural";1;0;1;0;0;0;1;1
83477887;"01/07/16";"Sexta";"08:30:00";"PE";408;"105";"JABOATAO DOS GUARARAPES";"Falta de atenção";"Colisão traseira";"Com Vítimas Feridas";"Pleno dia";"Crescente";"Chuva";"Dupla";"Reta";"Rural";5;0;3;0;2;0;3;2
83477888;"01/07/16";"Sexta";"11:50:00";"RS";116;"136";"CAXIAS DO SUL";"Falta de atenção";"Colisão Transversal";"Com Vítimas Feridas";"Pleno dia";"Crescente";"Ceu Claro";"Simples";"Curva";"Urbano";2;0;1;0;1;0;1;2
83477889;"18/06/16";"Sábado";"07:00:00";"PR";476;"122,9";"CURITIBA";"Falta de atenção";"Colisão frontal";"Com Vítimas Feridas";"Pleno dia";"Crescente";"Ceu Claro";"Dupla";"Reta";"Urbano";3;0;1;1;1;0;2;3
83477890;"29/06/16";"Quarta";"11:15:00";"DF";60;"13";"BRASILIA";"Dormindo";"Saída de Pista";"Com Vítimas Feridas";"Pleno dia";"Decrescente";"Ceu Claro";"Dupla";"Reta";"Urbano";1;0;1;0;0;0;1;1
83477891;"01/07/16";"Sexta";"12:20:00";"BA";415;"32";"ILHEUS";"Falta de atenção";"Colisão com bicicleta";"Com Vítimas Feridas";"Pleno dia";"Decrescente";"Sol";"Simples";"Reta";"Rural";2;0;1;0;1;0;1;2
83477892;"27/06/16";"Segunda";"17:40:00";"MG";262;"28";"REDUTO";"Falta de atenção";"Colisão Transversal";"Com Vítimas Feridas";"Plena noite";"Decrescente";"Nublado";"Simples";"Reta";"Rural";3;0;2;0;1;0;2;2
83477893;"01/07/16";"Sexta";"10:15:00";"PB";101;"68,1";"SANTA RITA";"Defeito mecânico em veículo";"Capotamento";"Sem Vítimas";"Pleno dia";"Decrescente";"Chuva";"Dupla";"Curva";"Rural";1;0;0;0;1;0;0;1
83477894;"01/07/16";"Sexta";"12:15:00";"MT";163;"58,6";"ITIQUIRA";"Falta de atenção";"Saída de Pista";"Sem Vítimas";"Pleno dia";"Crescente";"Ceu Claro";"Dupla";"Reta";"Rural";1;0;0;0;1;0;0;1
83477895;"01/07/16";"Sexta";"11:45:00";"SP";116;"231";"SAO PAULO";"Outras";"Colisão traseira";"Sem Vítimas";"Pleno dia";"Decrescente";"Sol";"Múltipla";"Reta";"Urbano";2;0;0;0;2;0;0;2
83477896;"01/07/16";"Sexta";"08:15:00";"MT";174;"28";"CACERES";"Dormindo";"Saída de Pista";"Sem Vítimas";"Pleno dia";"Crescente";"Ceu Claro";"Simples";"Reta";"Rural";1;0;0;0;1;0;0;1
83477897;"01/07/16";"Sexta";"10:50:00";"BA";101;"230,8";"SAPEACU";"Outras";"Colisão lateral";"Com Vítimas Feridas";"Pleno dia";"Decrescente";"Ceu Claro";"Simples";"Reta";"Urbano";2;0;1;0;1;0;1;2
83477898;"01/07/16";"Sexta";"12:45:00";"PB";230;"148,1";"CAMPINA GRANDE";"Falta de atenção";"Colisão lateral";"Com Vítimas Feridas";"Pleno dia";"Decrescente";"Nublado";"Dupla";"Curva";"Urbano";2;0;1;0;1;0;1;2
83477899;"30/06/16";"Quinta";"04:10:00";"BA";110;"68";"JEREMOABO";"Dormindo";"Saída de Pista";"Com Vítimas Feridas";"Plena noite";"Decrescente";"Ceu Claro";"Simples";"Curva";"Rural";2;0;2;0;0;0;2;1
83477900;"29/06/16";"Quarta";"08:15:00";"SP";116;"144,4";"SAO JOSE DOS CAMPOS";"Falta de atenção";"Colisão traseira";"Com Vítimas Feridas";"Pleno dia";"Crescente";"Ceu Claro";"Dupla";"Reta";"Rural";3;0;1;0;2;0;1;3
83477901;"26/06/16";"Domingo";"22:30:00";"PI";343;"597";"FLORIANO";"Falta de atenção";"Colisão com objeto fixo";"Com Vítimas Fatais";"Plena noite";"Crescente";"Ceu Claro";"Simples";"Reta";"Urbano";1;1;0;0;0;0;0;1
83477902;"01/07/16";"Sexta";"12:30:00";"MG";116;"582,5";"MANHUACU";"Falta de atenção";"Colisão traseira";"Sem Vítimas";"Pleno dia";"Crescente";"Ceu Claro";"Simples";"Reta";"Urbano";2;0;0;0;2;0;0;2
83477903;"01/07/16";"Sexta";"11:30:00";"RS";470;"181,5";"VERANOPOLIS";"Outras";"Colisão lateral";"Sem Vítimas";"Pleno dia";"Crescente";"Ceu Claro";"Simples";"Reta";"Rural";3;0;0;0;3;0;0;3
83477904;"01/07/16";"Sexta";"07:10:00";"SC";101;"329,7";"CAPIVARI DE BAIXO";"Falta de atenção";"Tombamento";"Com Vítimas Feridas";"Pleno dia";"Crescente";"Ceu Claro";"Simples";"Curva";"Urbano";1;0;1;0;0;0;1;1
83477905;"29/06/16";"Quarta";"07:40:00";"PR";163;"86";"CAPANEMA";"Falta de atenção";"Colisão frontal";"Com Vítimas Feridas";"Amanhecer";"Crescente";"Ceu Claro";"Simples";"Reta";"Rural";2;0;2;0;0;0;2;2
83477906;"18/06/16";"Sábado";"18:00:00";"PR";277;"77";"SAO JOSE DOS PINHAIS";"Falta de atenção";"Colisão com bicicleta";"Com Vítimas Feridas";"Plena noite";"Crescente";"Ceu Claro";"Dupla";"Reta";"Rural";2;0;0;1;0;1;1;2
83477907;"01/07/16";"Sexta";"08:50:00";"SC";280;"11,5";"SAO FRANCISCO DO SUL";"Não guardar distância de segurança";"Colisão traseira";"Sem Vítimas";"Pleno dia";"Crescente";"Nublado";"Simples";"Reta";"Urbano";3;0;0;0;3;0;0;3
83477908;"27/06/16";"Segunda";"16:30:00";"BA";330;"712,8";"JEQUIE";"Falta de atenção";"Colisão frontal";"Com Vítimas Feridas";"Pleno dia";"Crescente";"Ceu Claro";"Simples";"Reta";"Urbano";2;0;1;0;1;0;1;2
83477909;"01/07/16";"Sexta";"12:30:00";"GO";153;"521";"APARECIDA DE GOIANIA";"Falta de atenção";"Colisão traseira";"Sem Vítimas";"Pleno dia";"Crescente";"Ceu Claro";"Dupla";"Reta";"Rural";2;0;0;0;2;0;0;2
83477911;"01/07/16";"Sexta";"09:00:00";"PE";101;"92";"CABO DE SANTO AGOSTINHO";"Defeito na via";"Danos Eventuais";"Com Vítimas Feridas";"Pleno dia";"Decrescente";"Chuva";"Dupla";"Reta";"Urbano";3;0;1;0;2;0;1;3
83477912;"27/06/16";"Segunda";"11:54:00";"RO";319;"62";"PORTO VELHO";"Falta de atenção";"Colisão lateral";"Sem Vítimas";"Pleno dia";"Decrescente";"Ceu Claro";"Dupla";"Reta";"Urbano";2;0;0;0;1;1;0;2
83477913;"01/07/16";"Sexta";"10:30:00";"MS";163;"481";"CAMPO GRANDE";"Falta de atenção";"Colisão Transversal";"Com Vítimas Feridas";"Pleno dia";"Decrescente";"Ceu Claro";"Simples";"Reta";"Urbano";2;0;1;0;1;0;1;2
83477914;"01/07/16";"Sexta";"14:00:00";"SC";101;"48,9";"JOINVILLE";"Falta de atenção";"Colisão traseira";"Com Vítimas Feridas";"Pleno dia";"Crescente";"Nublado";"Dupla";"Curva";"Urbano";6;0;2;2;2;0;4;4
83477915;"01/07/16";"Sexta";"08:00:00";"MG";135;"414";"BOCAIUVA";"Ingestão de álcool";"Capotamento";"Com Vítimas Feridas";"Pleno dia";"Crescente";"Ceu Claro";"Simples";"Curva";"Rural";1;0;1;0;0;0;1;1
83477916;"01/07/16";"Sexta";"11:35:00";"PR";476;"241,8";"LAPA";"Outras";"Colisão Transversal";"Sem Vítimas";"Pleno dia";"Crescente";"Ceu Claro";"Simples";"Reta";"Rural";2;0;0;0;2;0;0;2
83477917;"24/04/16";"Domingo";"11:00:00";"MG";40;"412,4";"CURVELO";"Falta de atenção";"Colisão Transversal";"Com Vítimas Feridas";"Pleno dia";"Crescente";"Ceu Claro";"Simples";"Reta";"Rural";5;0;3;0;2;0;3;2
83477918;"01/07/16";"Sexta";"14:50:00";"RS";158;"535";"SANTANA DO LIVRAMENTO";"Falta de atenção";"Colisão traseira";"Sem Vítimas";"Pleno dia";"Crescente";"Ceu Claro";"Simples";"Reta";"Rural";4;0;0;0;4;0;0;4
83477919;"01/07/16";"Sexta";"12:00:00";"MT";364;"307";"JACIARA";"Falta de atenção";"Colisão lateral";"Sem Vítimas";"Pleno dia";"Decrescente";"Sol";"Simples";"Reta";"Rural";2;0;0;0;1;1;0;2