"id";"data_inversa";"dia_semana";"horario";"uf";"br";"km";"municipio";"causa_acidente";"tipo_acidente";"classificacao_acidente";"fase_dia";"sentido_via";"condicao_metereologica";"tipo_pista";"tracado_via";"uso_solo";"pessoas";"mortos";"feridos_leves";"feridos_graves";"ilesos";"ignorados";"feridos";"veiculos"
83477920;"27/06/16";"Segunda";"08:40:00";"MG";116;"674";"MIRADOURO";"Outras";"Queda de motocicleta / bicicleta / veículo";"Com Vítimas Feridas";"Pleno dia";"Crescente";"Ceu Claro";"Simples";"Reta";"Rural";1;0;1;0;0;0;1;1
83477921;"01/07/16";"Sexta";"09:15:00";"PR";376;"4";"SAO JOSE DOS PINHAIS";"Velocidade incompatível";"Colisão traseira";"Com Vítimas Feridas";"Pleno dia";"Crescente";"Ceu Claro";"Dupla";"Reta";"Urbano";2;0;1;0;1;0;1;2
83477923;"01/07/16";"Sexta";"16:00:00";"SC";282;"16,5";"PALHOCA";"Falta de atenção";"Colisão Transversal";"Com Vítimas Feridas";"Pleno dia";"Crescente";"Ceu Claro";"Simples";"Reta";"Urbano";2;0;1;0;1;0;1;2
83477924;"01/07/16";"Sexta";"11:45:00";"MG";381;"363";"JOAO MONLEVADE";"Velocidade incompatível";"Colisão frontal";"Com Vítimas Feridas";"Pleno dia";"Decrescente";"Ceu Claro";"Simples";"Curva";"Rural";3;0;1;0;2;0;1;3
83477925;"01/07/16";"Sexta";"10:15:00";"PR";376;"314";"ORTIGUEIRA";"Outras";"Tombamento";"Com Vítimas Feridas";"Pleno dia";"Decrescente";"Sol";"Simples";"Curva";"Rural";2;0;1;1;0;0;2;1
83477926;"01/07/16";"Sexta";"14:40:00";"BA";324;"608";"SIMOES FILHO";"Falta de atenção";"Colisão traseira";"Com Vítimas Feridas";"Pleno dia";"Crescente";"Nublado";"Dupla";"Reta";"Rural";2;0;1;0;1;0;1;2
83477927;"01/07/16";"Sexta";"14:15:00";"RS";285;"279,9";"PASSO FUNDO";"Outras";"Colisão lateral";"Com Vítimas Feridas";"Pleno dia";"Crescente";"Ceu Claro";"Simples";"Curva";"Rural";2;0;1;0;1;0;1;2
83477928;"01/07/16";"Sexta";"16:00:00";"RJ";116;"269";"BARRA MANSA";"Outras";"Colisão com objeto fixo";"Sem Vítimas";"Pleno dia";"Crescente";"Chuva";"Dupla";"Reta";"Rural";1;0;0;0;1;0;0;1
83477929;"27/06/16";"Segunda";"19:10:00";"SP";116;"144";"SAO JOSE DOS CAMPOS";"Falta de atenção";"Colisão traseira";"Com Vítimas Feridas";"Plena noite";"Crescente";"Ceu Claro";"Múltipla";"Reta";"Rural";2;0;1;0;1;0;1;2
83477930;"01/07/16";"Sexta";"14:15:00";"PR";277;"709,8";"SANTA TEREZINHA DE ITAIPU";"Outras";"Atropelamento de pessoa";"Com Vítimas Fatais";"Pleno dia";"Decrescente";"Ceu Claro";"Dupla";"Reta";"Urbano";2;1;0;0;1;0;0;1
83477931;"26/06/16";"Domingo";"18:30:00";"AL";104;"34";"UNIAO DOS PALMARES";"Ingestão de álcool";"Colisão com bicicleta";"Com Vítimas Feridas";"Plena noite";"Crescente";"Nublado";"Simples";"Reta";"Rural";3;0;0;2;0;1;2;2
83477932;"01/07/16";"Sexta";"14:20:00";"RS";386;"246,3";"SOLEDADE";"Falta de atenção";"Colisão Transversal";"Com Vítimas Fatais";"Pleno dia";"Crescente";"Ceu Claro";"Simples";"Cruzamento";"Urbano";2;1;0;0;1;0;0;2
83477933;"01/07/16";"Sexta";"07:40:00";"PB";230;"33";"BAYEUX";"Falta de atenção";"Colisão traseira";"Com Vítimas Feridas";"Pleno dia";"Decrescente";"Sol";"Dupla";"Reta";"Urbano";2;0;1;0;1;0;1;2
83477934;"27/06/16";"Segunda";"18:30:00";"SP";116;"477";"JACUPIRANGA";"Ingestão de álcool";"Colisão lateral";"Com Vítimas Feridas";"Plena noite";"Crescente";"Nublado";"Dupla";"Reta";"Urbano";2;0;1;0;1;0;1;2
83477935;"27/06/16";"Segunda";"16:30:00";"SC";282;"390";"JOACABA";"Velocidade incompatível";"Colisão frontal";"Com Vítimas Feridas";"Pleno dia";"Crescente";"Ceu Claro";"Simples";"Curva";"Rural";2;0;1;0;1;0;1;2
83477936;"23/06/16";"Quinta";"09:50:00";"MS";262;"41";"TRES LAGOAS";"Falta de atenção";"Colisão traseira";"Sem Vítimas";"Pleno dia";"Crescente";"Sol";"Simples";"Reta";"Rural";3;0;0;0;3;0;0;2
83477938;"01/07/16";"Sexta";"14:30:00";"SE";101;"165,1";"SANTA LUZIA DO ITANHY";"Velocidade incompatível";"Saída de Pista";"Sem Vítimas";"Pleno dia";"Crescente";"Chuva";"Simples";"Curva";"Rural";1;0;0;0;1;0;0;1
83477939;"01/07/16";"Sexta";"15:45:00";"PR";116;"99";"SAO JOSE DOS PINHAIS";"Animais na Pista";"Atropelamento de animal";"Com Vítimas Feridas";"Pleno dia";"Crescente";"Nublado";"Dupla";"Curva";"Urbano";1;0;1;0;0;0;1;1
83477940;"27/06/16";"Segunda";"16:25:00";"PR";376;"315";"ORTIGUEIRA";"Velocidade incompatível";"Tombamento";"Sem Vítimas";"Pleno dia";"Crescente";"Ceu Claro";"Simples";"Curva";"Rural";1;0;0;0;1;0;0;1
83477941;"27/06/16";"Segunda";"21:00:00";"MT";364;"349";"SANTO ANTONIO DO LEVERGER";"Velocidade incompatível";"Tombamento";"Sem Vítimas";"Plena noite";"Crescente";"Ceu Claro";"Dupla";"Curva";"Rural";1;0;0;0;1;0;0;1
83477942;"28/06/16";"Terça";"14:00:00";"MG";381;"304";"ANTONIO DIAS";"Velocidade incompatível";"Colisão frontal";"Com Vítimas Feridas";"Pleno dia";"Decrescente";"Chuva";"Simples";"Curva";"Urbano";2;0;0;1;1;0;1;2
83477943;"01/07/16";"Sexta";"14:45:00";"PA";316;"51";"CASTANHAL";"Outras";"Colisão Transversal";"Com Vítimas Feridas";"Pleno dia";"Decrescente";"Ceu Claro";"Dupla";"Reta";"Rural";2;0;0;1;1;0;1;2
83477944;"01/07/16";"Sexta";"15:45:00";"BA";116;"419,8";"FEIRA DE SANTANA";"Falta de atenção";"Colisão traseira";"Com Vítimas Feridas";"Pleno dia";"Crescente";"Nublado";"Dupla";"Reta";"Urbano";2;0;1;0;1;0;1;2
83477945;"01/07/16";"Sexta";"15:30:00";"RN";101;"160";"CANGUARETAMA";"Desobediência à sinalização";"Colisão traseira";"Com Vítimas Feridas";"Pleno dia";"Decrescente";"Ceu Claro";"Dupla";"Reta";"Rural";4;0;2;1;1;0;3;2
83477946;"01/07/16";"Sexta";"16:20:00";"SC";153;"53";"VARGEM BONITA";"Falta de atenção";"Tombamento";"Sem Vítimas";"Pleno dia";"Decrescente";"Ceu Claro";"Simples";"Reta";"Rural";1;0;0;0;1;0;0;1
83477947;"01/07/16";"Sexta";"17:00:00";"MG";50;"182,1";"UBERABA";"Outras";"Queda de motocicleta / bicicleta / veículo";"Com Vítimas Feridas";"Pleno dia";"Crescente";"Ceu Claro";"Dupla";"Reta";"Urbano";1;0;1;0;0;0;1;1
83477948;"01/07/16";"Sexta";"07:40:00";"PR";116;"115,9";"CURITIBA";"Falta de atenção";"Atropelamento de pessoa";"Com Vítimas Feridas";"Pleno dia";"Decrescente";"Nevoeiro/neblina";"Dupla";"Reta";"Urbano";2;0;1;0;0;1;1;1
83477949;"01/07/16";"Sexta";"18:50:00";"MG";381;"542";"ITATIAIUCU";"Outras";"Atropelamento de pessoa";"Com Vítimas Feridas";"Plena noite";"Decrescente";"Ceu Claro";"Dupla";"Curva";"Urbano";2;0;0;1;1;0;1;1
83477950;"01/07/16";"Sexta";"13:00:00";"PR";369;"1,6";"JACAREZINHO";"Falta de atenção";"Colisão lateral";"Sem Vítimas";"Pleno dia";"Crescente";"Ceu Claro";"Dupla";"Reta";"Rural";2;0;0;0;2;0;0;2
83477951;"01/07/16";"Sexta";"15:30:00";"SP";381;"45";"ATIBAIA";"Defeito mecânico em veículo";"Colisão lateral";"Sem Vítimas";"Pleno dia";"Crescente";"Ceu Claro";"Dupla";"Reta";"Urbano";2;0;0;0;2;0;0;2
83477952;"27/06/16";"Segunda";"14:50:00";"MG";116;"636";"DIVINO";"Falta de atenção";"Colisão Transversal";"Com Vítimas Feridas";"Pleno dia";"Decrescente";"Ceu Claro";"Simples";"Reta";"Rural";2;0;2;0;0;0;2;2
83477953;"27/06/16";"Segunda";"16:23:00";"RO";364;"711";"PORTO VELHO";"Falta de atenção";"Colisão traseira";"Sem Vítimas";"Pleno dia";"Crescente";"Ceu Claro";"Dupla";"Reta";"Urbano";2;0;0;0;2;0;0;2
83477954;"01/07/16";"Sexta";"18:20:00";"MG";116;"413,2";"GOVERNADOR VALADARES";"Desobediência à sinalização";"Colisão Transversal";"Com Vítimas Feridas";"Plena noite";"Decrescente";"Ceu Claro";"Múltipla";"Cruzamento";"Urbano";2;0;0;1;1;0;1;2
83477955;"01/07/16";"Sexta";"13:45:00";"RJ";116;"175,8";"NOVA IGUACU";"Falta de atenção";"Atropelamento de pessoa";"Com Vítimas Feridas";"Pleno dia";"Crescente";"Nublado";"Dupla";"Reta";"Urbano";3;0;0;1;2;0;1;1
83477956;"17/03/16";"Quinta";"20:15:00";"PR";277;"76";"SAO JOSE DOS PINHAIS";"Outras";"Atropelamento de pessoa";"Com Vítimas Feridas";"Plena noite";"Decrescente";"Ceu Claro";"Dupla";"Reta";"Urbano";2;0;1;0;0;1;1;1
83477957;"25/06/16";"Sábado";"18:44:00";"BA";324;"589";"CANDEIAS";"Velocidade incompatível";"Capotamento";"Com Vítimas Feridas";"Plena noite";"Decrescente";"Chuva";"Dupla";"Reta";"Rural";1;0;1;0;0;0;1;1
83477958;"01/07/16";"Sexta";"18:50:00";"SC";280;"52,3";"GUARAMIRIM";"Falta de atenção";"Colisão Transversal";"Com Vítimas Feridas";"Plena noite";"Decrescente";"Nublado";"Simples";"Reta";"Urbano";2;0;1;0;1;0;1;2
83477959;"01/07/16";"Sexta";"16:20:00";"SC";470;"191,7";"POUSO REDONDO";"Velocidade incompatível";"Tombamento";"Com Vítimas Feridas";"Pleno dia";"Decrescente";"Sol";"Simples";"Curva";"Rural";1;0;1;0;0;0;1;1
83477960;"28/06/16";"Terça";"18:55:00";"SC";101;"197,5";"BIGUACU";"Desobediência à sinalização";"Colisão lateral";"Sem Vítimas";"Anoitecer";"Crescente";"Ceu Claro";"Dupla";"Cruzamento";"Urbano";2;0;0;0;2;0;0;2
83477961;"01/07/16";"Sexta";"12:30:00";"GO";414;"437,8";"ANAPOLIS";"Falta de atenção";"Colisão traseira";"Sem Vítimas";"Pleno dia";"Crescente";"Sol";"Simples";"Reta";"Urbano";3;0;0;0;3;0;0;2
83477962;"01/07/16";"Sexta";"17:45:00";"SE";101;"77";"LARANJEIRAS";"Desobediência à sinalização";"Colisão frontal";"Com Vítimas Feridas";"Anoitecer";"Crescente";"Nublado";"Simples";"Curva";"Urbano";2;0;1;0;1;0;1;2
83477963;"01/07/16";"Sexta";"18:15:00";"GO";153;"359";"JARAGUA";"Falta de atenção";"Atropelamento de pessoa";"Com Vítimas Fatais";"Anoitecer";"Crescente";"Ceu Claro";"Simples";"Reta";"Urbano";2;1;0;0;1;0;0;1
83477964;"01/07/16";"Sexta";"15:05:00";"GO";60;"96,1";"ANAPOLIS";"Falta de atenção";"Colisão Transversal";"Com Vítimas Feridas";"Pleno dia";"Decrescente";"Sol";"Múltipla";"Reta";"Urbano";3;0;1;0;2;0;1;3
83477965;"01/07/16";"Sexta";"09:30:00";"BA";116;"919,8";"ENCRUZILHADA";"Falta de atenção";"Saída de Pista";"Sem Vítimas";"Pleno dia";"Decrescente";"Nublado";"Simples";"Reta";"Rural";2;0;0;0;2;0;0;2
83477966;"01/07/16";"Sexta";"12:20:00";"GO";414;"437,8";"ANAPOLIS";"Desobediência à sinalização";"Colisão Transversal";"Com Vítimas Feridas";"Pleno dia";"Crescente";"Ceu Claro";"Simples";"Reta";"Urbano";2;0;1;0;1;0;1;2
83477967;"01/07/16";"Sexta";"18:05:00";"PE";101;"98";"CABO DE SANTO AGOSTINHO";"Outras";"Queda de motocicleta / bicicleta / veículo";"Com Vítimas Feridas";"Plena noite";"Crescente";"Ignorada";"Dupla";"Reta";"Urbano";2;0;1;0;1;0;1;2
83477968;"27/06/16";"Segunda";"19:50:00";"CE";222;"10";"CAUCAIA";"Ingestão de álcool";"Colisão com bicicleta";"Com Vítimas Feridas";"Plena noite";"Crescente";"Ceu Claro";"Dupla";"Reta";"Urbano";2;0;0;1;0;1;1;2
83477969;"01/07/16";"Sexta";"17:00:00";"MG";116;"779,4";"ALEM PARAIBA";"Falta de atenção";"Colisão lateral";"Sem Vítimas";"Pleno dia";"Decrescente";"Sol";"Simples";"Reta";"Rural";4;0;0;0;3;1;0;2
83477970;"01/07/16";"Sexta";"16:45:00";"PR";116;"166";"QUITANDINHA";"Ingestão de álcool";"Colisão Transversal";"Com Vítimas Feridas";"Pleno dia";"Decrescente";"Ceu Claro";"Simples";"Cruzamento";"Rural";3;0;1;0;2;0;1;2
83477971;"29/06/16";"Quarta";"06:00:00";"MT";163;"520";"DIAMANTINO";"Outras";"Tombamento";"Com Vítimas Feridas";"Amanhecer";"Crescente";"Nevoeiro/neblina";"Simples";"Reta";"Rural";10;0;3;0;7;0;3;1
83477972;"01/07/16";"Sexta";"19:30:00";"PB";427;"36";"POMBAL";"Desobediência à sinalização";"Colisão frontal";"Com Vítimas Feridas";"Pleno dia";"Decrescente";"Ceu Claro";"Simples";"Reta";"Urbano";2;0;0;1;1;0;1;2
83477973;"01/07/16";"Sexta";"12:15:00";"SC";101;"205";"SAO JOSE";"Outras";"Colisão com objeto fixo";"Com Vítimas Feridas";"Pleno dia";"Decrescente";"Sol";"Dupla";"Reta";"Urbano";1;0;0;1;0;0;1;1
83477974;"25/06/16";"Sábado";"01:45:00";"MG";262;"869,6";"CAMPO FLORIDO";"Animais na Pista";"Saída de Pista";"Com Vítimas Feridas";"Plena noite";"Decrescente";"Ceu Claro";"Dupla";"Reta";"Rural";1;0;0;1;0;0;1;1
83477975;"01/07/16";"Sexta";"11:20:00";"AL";101;"148";"JEQUIA DA PRAIA";"Ingestão de álcool";"Colisão traseira";"Sem Vítimas";"Pleno dia";"Decrescente";"Chuva";"Simples";"Reta";"Rural";2;0;0;0;2;0;0;2
83477976;"01/07/16";"Sexta";"15:55:00";"RS";470;"220,4";"BENTO GONCALVES";"Falta de atenção";"Colisão Transversal";"Com Vítimas Feridas";"Pleno dia";"Crescente";"Sol";"Simples";"Reta";"Rural";3;0;2;0;1;0;2;2
83477977;"01/07/16";"Sexta";"19:10:00";"CE";20;"311";"CANINDE";"Animais na Pista";"Atropelamento de animal";"Sem Vítimas";"Plena noite";"Crescente";"Ceu Claro";"Simples";"Reta";"Rural";1;0;0;0;1;0;0;1
83477978;"01/07/16";"Sexta";"15:00:00";"GO";40;"114";"CRISTALINA";"Outras";"Queda de motocicleta / bicicleta / veículo";"Com Vítimas Feridas";"Plena noite";"Decrescente";"Sol";"Dupla";"Reta";"Rural";2;0;0;1;1;0;1;1
83477979;"27/06/16";"Segunda";"08:00:00";"SC";470;"37";"GASPAR";"Falta de atenção";"Colisão Transversal";"Sem Vítimas";"Pleno dia";"Crescente";"Ceu Claro";"Simples";"Reta";"Urbano";3;0;0;0;2;1;0;3
83477980;"01/07/16";"Sexta";"18:00:00";"SC";163;"69";"SAO MIGUEL DOESTE";"Falta de atenção";"Colisão Transversal";"Com Vítimas Feridas";"Anoitecer";"Crescente";"Ceu Claro";"Dupla";"Reta";"Urbano";2;0;1;0;1;0;1;2
83477981;"01/07/16";"Sexta";"18:00:00";"RN";406;"133,5";"TAIPU";"Ingestão de álcool";"Atropelamento de pessoa";"Com Vítimas Feridas";"Plena noite";"Decrescente";"Ceu Claro";"Simples";"Reta";"Rural";2;0;0;1;0;1;1;1
83477982;"29/06/16";"Quarta";"10:30:00";"SP";116;"358";"MIRACATU";"Defeito mecânico em veículo";"Colisão com objeto fixo";"Sem Vítimas";"Pleno dia";"Decrescente";"Ceu Claro";"Simples";"Reta";"Rural";1;0;0;0;1;0;0;1
83477983;"01/07/16";"Sexta";"18:30:00";"PR";376;"509";"PONTA GROSSA";"Defeito mecânico em veículo";"Saída de Pista";"Sem Vítimas";"Anoitecer";"Crescente";"Ignorada";"Dupla";"Reta";"Urbano";1;0;0;0;1;0;0;1
83477984;"01/07/16";"Sexta";"13:00:00";"PR";277;"240,1";"IRATI";"Falta de atenção";"Colisão lateral";"Com Vítimas Feridas";"Pleno dia";"Crescente";"Ceu Claro";"Simples";"Reta";"Rural";4;0;1;2;1;0;3;2
83477985;"29/06/16";"Quarta";"11:06:00";"MT";163;"836";"SINOP";"Falta de atenção";"Queda de motocicleta / bicicleta / veículo";"Com Vítimas Feridas";"Pleno dia";"Crescente";"Ceu Claro";"Simples";"Reta";"Urbano";1;0;1;0;0;0;1;1
83477986;"01/07/16";"Sexta";"18:20:00";"PR";116;"117";"CURITIBA";"Falta de atenção";"Colisão lateral";"Sem Vítimas";"Plena noite";"Crescente";"Ceu Claro";"Dupla";"Reta";"Urbano";2;0;0;0;1;1;0;2
83477987;"01/07/16";"Sexta";"17:35:00";"GO";60;"5,2";"GOIANIA";"Falta de atenção";"Colisão lateral";"Sem Vítimas";"Anoitecer";"Crescente";"Ceu Claro";"Dupla";"Cruzamento";"Urbano";2;0;0;0;2;0;0;2
83477988;"01/07/16";"Sexta";"19:20:00";"ES";101;"66";"SAO MATEUS";"Outras";"Atropelamento de pessoa";"Com Vítimas Feridas";"Plena noite";"Crescente";"Chuva";"Simples";"Reta";"Urbano";3;0;0;2;0;1;2;1
83477989;"01/07/16";"Sexta";"19:25:00";"PR";376;"179";"MARINGA";"Outras";"Atropelamento de pessoa";"Com Vítimas Feridas";"Plena noite";"Crescente";"Ceu Claro";"Dupla";"Reta";"Urbano";2;0;0;1;1;0;1;1
83477991;"01/07/16";"Sexta";"16:50:00";"SC";470;"7";"NAVEGANTES";"Outras";"Queda de motocicleta / bicicleta / veículo";"Com Vítimas Feridas";"Pleno dia";"Crescente";"Nublado";"Simples";"Reta";"Urbano";2;0;2;0;0;0;2;1
83477992;"27/06/16";"Segunda";"10:20:00";"RJ";393;"285";"VOLTA REDONDA";"Ultrapassagem indevida";"Colisão lateral";"Com Vítimas Feridas";"Pleno dia";"Crescente";"Ceu Claro";"Simples";"Reta";"Urbano";2;0;0;1;1;0;1;2
83477993;"01/07/16";"Sexta";"14:00:00";"RJ";40;"94";"PETROPOLIS";"Outras";"Colisão lateral";"Sem Vítimas";"Pleno dia";"Decrescente";"Ceu Claro";"Simples";"Curva";"Urbano";2;0;0;0;2;0;0;2
83477994;"30/06/16";"Quinta";"04:10:00";"SP";116;"349";"MIRACATU";"Outras";"Colisão com objeto fixo";"Sem Vítimas";"Plena noite";"Decrescente";"Nevoeiro/neblina";"Simples";"Curva";"Rural";2;0;0;0;2;0;0;1
83477995;"01/07/16";"Sexta";"10:00:00";"PE";101;"88";"JABOATAO DOS GUARARAPES";"Outras";"Colisão traseira";"Com Vítimas Feridas";"Pleno dia";"Crescente";"Nublado";"Dupla";"Reta";"Rural";2;0;1;0;1;0;1;2
83477996;"01/07/16";"Sexta";"07:00:00";"TO";153;"136,4";"ARAGUAINA";"Ingestão de álcool";"Colisão com objeto fixo";"Ignorado";"Amanhecer";"Decrescente";"Ceu Claro";"Simples";"Reta";"Urbano";1;0;0;0;0;1;0;1
83477997;"01/07/16";"Sexta";"11:10:00";"MG";262;"766";"UBERABA";"Outras";"Colisão frontal";"Sem Vítimas";"Pleno dia";"Crescente";"Ceu Claro";"Simples";"Reta";"Rural";2;0;0;0;2;0;0;2
83477998;"01/07/16";"Sexta";"15:50:00";"PE";104;"20";"TAQUARITINGA DO NORTE";"Desobediência à sinalização";"Colisão lateral";"Com Vítimas Feridas";"Pleno dia";"Crescente";"Ceu Claro";"Simples";"Curva";"Rural";4;0;2;0;2;0;2;2
83477999;"01/07/16";"Sexta";"16:20:00";"SP";116;"221";"GUARULHOS";"Falta de atenção";"Colisão lateral";"Sem Vítimas";"Pleno dia";"Decrescente";"Sol";"Múltipla";"Reta";"Urbano";2;0;0;0;2;0;0;2
83478000;"01/07/16";"Sexta";"18:50:00";"MG";381;"925,2";"ITAPEVA";"Outras";"Colisão com objeto móvel";"Sem Vítimas";"Anoitecer";"Decrescente";"Ceu Claro";"Dupla";"Curva";"Rural";2;0;0;0;2;0;0;2
83478001;"01/07/16";"Sexta";"20:48:00";"GO";153;"70";"PORANGATU";"Outras";"Queda de motocicleta / bicicleta / veículo";"Com Vítimas Feridas";"Plena noite";"Decrescente";"Ceu Claro";"Simples";"Reta";"Urbano";1;0;1;0;0;0;1;1
83478002;"01/07/16";"Sexta";"10:15:00";"BA";110;"59";"JEREMOABO";"Outras";"Capotamento";"Com Vítimas Feridas";"Pleno dia";"Crescente";"Chuva";"Simples";"Curva";"Rural";2;0;1;0;1;0;1;1
83478003;"01/07/16";"Sexta";"18:45:00";"BA";324;"608";"SIMOES FILHO";"Não guardar distância de segurança";"Colisão traseira";"Com Vítimas Feridas";"Plena noite";"Crescente";"Chuva";"Dupla";"Reta";"Urbano";4;0;1;0;3;0;1;4
83478004;"01/07/16";"Sexta";"21:00:00";"RJ";101;"135";"CONCEICAO DE MACABU";"Animais na Pista";"Colisão com objeto fixo";"Com Vítimas Feridas";"Plena noite";"Decrescente";"Chuva";"Simples";"Reta";"Rural";1;0;1;0;0;0;1;1
83478005;"01/07/16";"Sexta";"16:00:00";"SP";381;"26";"ATIBAIA";"Ingestão de álcool";"Atropelamento de pessoa";"Com Vítimas Feridas";"Pleno dia";"Decrescente";"Ceu Claro";"Dupla";"Reta";"Rural";2;0;1;0;1;0;1;1
83478006;"01/07/16";"Sexta";"18:00:00";"PI";316;"0,3";"TERESINA";"Outras";"Colisão com objeto fixo";"Sem Vítimas";"Anoitecer";"Decrescente";"Ceu Claro";"Simples";"Reta";"Urbano";1;0;0;0;1;0;0;1
83478007;"01/07/16";"Sexta";"17:30:00";"SP";116;"221,5";"GUARULHOS";"Não guardar distância de segurança";"Colisão lateral";"Sem Vítimas";"Pleno dia";"Decrescente";"Sol";"Múltipla";"Reta";"Urbano";3;0;0;0;3;0;0;2
83478008;"01/07/16";"Sexta";"17:20:00";"MS";163;"389,3";"NOVA ALVORADA DO SUL";"Outras";"Saída de Pista";"Com Vítimas Feridas";"Anoitecer";"Decrescente";"Ceu Claro";"Simples";"Reta";"Rural";2;0;1;0;1;0;1;1
83478009;"01/07/16";"Sexta";"19:20:00";"MG";116;"389,8";"GOVERNADOR VALADARES";"Velocidade incompatível";"Atropelamento de pessoa";"Com Vítimas Feridas";"Plena noite";"Crescente";"Ceu Claro";"Simples";"Reta";"Urbano";2;0;1;1;0;0;2;1
83478010;"01/07/16";"Sexta";"18:35:00";"MG";262;"811";"UBERABA";"Outras";"Colisão com objeto móvel";"Com Vítimas Feridas";"Plena noite";"Crescente";"Ceu Claro";"Dupla";"Reta";"Urbano";2;0;2;0;0;0;2;1
83478011;"27/06/16";"Segunda";"15:30:00";"RJ";116;"204";"SEROPEDICA";"Outras";"Colisão traseira";"Com Vítimas Feridas";"Pleno dia";"Crescente";"Ceu Claro";"Dupla";"Reta";"Rural";7;0;4;0;3;0;4;2
83478013;"01/07/16";"Sexta";"07:45:00";"SC";101;"120,7";"ITAJAI";"Outras";"Queda de motocicleta / bicicleta / veículo";"Com Vítimas Feridas";"Pleno dia";"Crescente";"Nublado";"Simples";"Curva";"Urbano";1;0;1;0;0;0;1;1
83478014;"01/07/16";"Sexta";"20:10:00";"SP";153;"44,9";"ONDA VERDE";"Outras";"Colisão lateral";"Com Vítimas Feridas";"Plena noite";"Decrescente";"Ceu Claro";"Simples";"Cruzamento";"Rural";2;0;1;0;0;1;1;2
83478015;"01/07/16";"Sexta";"16:10:00";"MT";364;"94";"ALTO GARCAS";"Não guardar distância de segurança";"Colisão traseira";"Sem Vítimas";"Anoitecer";"Crescente";"Ceu Claro";"Simples";"Reta";"Rural";2;0;0;0;2;0;0;2
83478016;"01/07/16";"Sexta";"20:30:00";"SC";101;"223,6";"PALHOCA";"Defeito mecânico em veículo";"Queda de motocicleta / bicicleta / veículo";"Com Vítimas Feridas";"Plena noite";"Crescente";"Nublado";"Dupla";"Reta";"Urbano";2;0;2;0;0;0;2;1
83478017;"01/07/16";"Sexta";"19:00:00";"RS";153;"49";"ERECHIM";"Falta de atenção";"Atropelamento de pessoa";"Com Vítimas Feridas";"Plena noite";"Crescente";"Ceu Claro";"Dupla";"Reta";"Urbano";3;0;2;1;0;0;3;1
83478018;"01/07/16";"Sexta";"18:40:00";"SC";101;"202";"SAO JOSE";"Não guardar distância de segurança";"Colisão traseira";"Sem Vítimas";"Anoitecer";"Crescente";"Ceu Claro";"Dupla";"Reta";"Urbano";3;0;0;0;3;0;0;3
83478019;"01/07/16";"Sexta";"17:30:00";"MG";381;"339";"BELA VISTA DE MINAS";"Desobediência à sinalização";"Colisão Transversal";"Com Vítimas Feridas";"Anoitecer";"Decrescente";"Nublado";"Simples";"Reta";"Urbano";2;0;0;1;1;0;1;2
83478020;"01/07/16";"Sexta";"20:30:00";"RJ";101;"313";"SAO GONCALO";"Outras";"Colisão traseira";"Com Vítimas Feridas";"Plena noite";"Decrescente";"Ceu Claro";"Dupla";"Reta";"Urbano";4;0;1;0;3;0;1;3
83478021;"01/07/16";"Sexta";"20:45:00";"RO";364;"319";"PRESIDENTE MEDICI";"Animais na Pista";"Saída de Pista";"Com Vítimas Feridas";"Plena noite";"Decrescente";"Ceu Claro";"Simples";"Reta";"Rural";1;0;1;0;0;0;1;1
83478022;"25/06/16";"Sábado";"21:00:00";"GO";153;"500,5";"GOIANIA";"Outras";"Capotamento";"Sem Vítimas";"Plena noite";"Crescente";"Ceu Claro";"Dupla";"Curva";"Urbano";1;0;0;0;1;0;0;1
83478023;"01/07/16";"Sexta";"19:35:00";"SC";470;"5,5";"NAVEGANTES";"Ingestão de álcool";"Colisão traseira";"Com Vítimas Feridas";"Plena noite";"Decrescente";"Nublado";"Simples";"Reta";"Urbano";3;0;1;0;2;0;1;3
83478024;"01/07/16";"Sexta";"20:30:00";"MG";381;"926,4";"ITAPEVA";"Falta de atenção";"Colisão traseira";"Com Vítimas Feridas";"Plena noite";"Decrescente";"Ceu Claro";"Dupla";"Reta";"Rural";2;0;1;0;1;0;1;2
83478025;"01/07/16";"Sexta";"11:20:00";"MS";262;"6";"TRES LAGOAS";"Ingestão de álcool";"Colisão Transversal";"Com Vítimas Feridas";"Pleno dia";"Crescente";"Sol";"Dupla";"Reta";"Urbano";3;0;1;0;2;0;1;2
83478026;"01/07/16";"Sexta";"18:45:00";"SC";470;"141,9";"RIO DO SUL";"Falta de atenção";"Colisão Transversal";"Com Vítimas Feridas";"Plena noite";"Decrescente";"Nublado";"Simples";"Cruzamento";"Urbano";2;0;0;1;1;0;1;2
83478027;"01/07/16";"Sexta";"13:30:00";"MT";70;"1,1";"BARRA DO GARCAS";"Desobediência à sinalização";"Colisão lateral";"Com Vítimas Feridas";"Pleno dia";"Crescente";"Sol";"Simples";"Reta";"Urbano";2;0;2;0;0;0;2;2
83478028;"27/06/16";"Segunda";"13:45:00";"SP";116;"224";"GUARULHOS";"Velocidade incompatível";"Colisão traseira";"Com Vítimas Feridas";"Pleno dia";"Decrescente";"Sol";"Múltipla";"Reta";"Urbano";2;0;1;0;1;0;1;2
83478029;"01/07/16";"Sexta";"19:00:00";"PR";369;"177";"ROLANDIA";"Ingestão de álcool";"Colisão com bicicleta";"Com Vítimas Feridas";"Plena noite";"Crescente";"Ceu Claro";"Simples";"Reta";"Urbano";2;0;0;2;0;0;2;2