"id";"data_inversa";"dia_semana";"horario";"uf";"br";"km";"municipio";"causa_acidente";"tipo_acidente";"classificacao_acidente";"fase_dia";"sentido_via";"condicao_metereologica";"tipo_pista";"tracado_via";"uso_solo";"pessoas";"mortos";"feridos_leves";"feridos_graves";"ilesos";"ignorados";"feridos";"veiculos"
83478142;"28/06/16";"Terça";"21:10:00";"PR";376;"669,8";"GUARATUBA";"Defeito mecânico em veículo";"Saída de Pista";"Sem Vítimas";"Plena noite";"Crescente";"Ceu Claro";"Múltipla";"Reta";"Rural";1;0;0;0;1;0;0;1
83478143;"28/06/16";"Terça";"06:25:00";"MG";116;"781,1";"LEOPOLDINA";"Falta de atenção";"Saída de Pista";"Sem Vítimas";"Amanhecer";"Decrescente";"Chuva";"Simples";"Reta";"Rural";1;0;0;0;1;0;0;1
83478144;"01/07/16";"Sexta";"05:30:00";"BA";101;"895,8";"CARAVELAS";"Outras";"Saída de Pista";"Com Vítimas Feridas";"Amanhecer";"Decrescente";"Nevoeiro/neblina";"Simples";"Curva";"Rural";1;0;1;0;0;0;1;1
83478145;"28/06/16";"Terça";"06:45:00";"BA";110;"380,5";"CATU";"Outras";"Capotamento";"Com Vítimas Feridas";"Pleno dia";"Decrescente";"Nublado";"Simples";"Reta";"Rural";1;0;1;0;0;0;1;1
83478146;"28/06/16";"Terça";"02:00:00";"RJ";40;"107";"DUQUE DE CAXIAS";"Outras";"Colisão com objeto fixo";"Com Vítimas Fatais";"Plena noite";"Decrescente";"Ceu Claro";"Múltipla";"Reta";"Urbano";4;1;3;0;0;0;3;2
83478147;"28/06/16";"Terça";"07:45:00";"BA";324;"624";"SALVADOR";"Defeito mecânico em veículo";"Queda de motocicleta / bicicleta / veículo";"Com Vítimas Feridas";"Pleno dia";"Crescente";"Nublado";"Dupla";"Reta";"Urbano";1;0;1;0;0;0;1;1
83478148;"02/07/16";"Sábado";"08:00:00";"CE";222;"222,4";"SOBRAL";"Velocidade incompatível";"Colisão Transversal";"Com Vítimas Feridas";"Pleno dia";"Crescente";"Sol";"Simples";"Reta";"Urbano";2;0;0;1;1;0;1;2
83478149;"02/07/16";"Sábado";"07:30:00";"RS";158;"329,8";"SANTA MARIA";"Desobediência à sinalização";"Colisão Transversal";"Com Vítimas Feridas";"Pleno dia";"Decrescente";"Ceu Claro";"Simples";"Reta";"Urbano";2;0;1;0;1;0;1;2
83478150;"02/07/16";"Sábado";"08:45:00";"MG";116;"530,6";"CARATINGA";"Falta de atenção";"Colisão Transversal";"Com Vítimas Feridas";"Pleno dia";"Decrescente";"Ceu Claro";"Simples";"Cruzamento";"Urbano";3;0;2;0;1;0;2;2
83478151;"02/07/16";"Sábado";"07:40:00";"MG";381;"836";"SAO SEBASTIAO DA BELA VISTA";"Não guardar distância de segurança";"Colisão traseira";"Com Vítimas Feridas";"Amanhecer";"Decrescente";"Sol";"Simples";"Reta";"Rural";5;0;1;0;4;0;1;4
83478152;"02/07/16";"Sábado";"05:30:00";"MS";359;"517";"LADARIO";"Outras";"Saída de Pista";"Com Vítimas Feridas";"Amanhecer";"Crescente";"Ceu Claro";"Simples";"Curva";"Rural";5;0;5;0;0;0;5;1
83478153;"02/07/16";"Sábado";"08:40:00";"BA";116;"700,2";"JEQUIE";"Outras";"Saída de Pista";"Sem Vítimas";"Pleno dia";"Decrescente";"Chuva";"Simples";"Curva";"Rural";1;0;0;0;1;0;0;1
83478154;"02/07/16";"Sábado";"07:00:00";"MS";163;"117";"NAVIRAI";"Defeito mecânico em veículo";"Colisão Transversal";"Sem Vítimas";"Pleno dia";"Crescente";"Ceu Claro";"Simples";"Cruzamento";"Rural";3;0;0;0;2;1;0;2
83478155;"02/07/16";"Sábado";"09:35:00";"SC";101;"212,3";"PALHOCA";"Falta de atenção";"Colisão traseira";"Sem Vítimas";"Pleno dia";"Crescente";"Ceu Claro";"Múltipla";"Reta";"Urbano";2;0;0;0;2;0;0;2
83478156;"28/06/16";"Terça";"14:50:00";"DF";80;"12,9";"BRASILIA";"Ultrapassagem indevida";"Colisão lateral";"Com Vítimas Feridas";"Pleno dia";"Crescente";"Ceu Claro";"Simples";"Reta";"Rural";2;0;1;0;1;0;1;2
83478157;"02/07/16";"Sábado";"04:30:00";"PB";230;"152,8";"CAMPINA GRANDE";"Velocidade incompatível";"Saída de Pista";"Sem Vítimas";"Amanhecer";"Decrescente";"Ceu Claro";"Simples";"Curva";"Urbano";4;0;0;0;3;1;0;1
83478158;"28/06/16";"Terça";"11:40:00";"BA";324;"599";"SIMOES FILHO";"Outras";"Colisão com objeto fixo";"Com Vítimas Fatais";"Pleno dia";"Decrescente";"Sol";"Dupla";"Reta";"Rural";1;1;0;0;0;0;0;1
83478159;"02/07/16";"Sábado";"06:50:00";"RJ";101;"397";"ITAGUAI";"Falta de atenção";"Colisão lateral";"Com Vítimas Feridas";"Pleno dia";"Decrescente";"Ceu Claro";"Dupla";"Reta";"Urbano";6;0;2;0;4;0;2;4
83478160;"28/06/16";"Terça";"17:10:00";"MG";40;"529";"CONTAGEM";"Falta de atenção";"Colisão lateral";"Com Vítimas Feridas";"Pleno dia";"Decrescente";"Ceu Claro";"Simples";"Reta";"Urbano";2;0;0;1;1;0;1;2
83478161;"29/06/16";"Quarta";"03:35:00";"MG";267;"287";"BAEPENDI";"Velocidade incompatível";"Tombamento";"Sem Vítimas";"Plena noite";"Decrescente";"Ceu Claro";"Simples";"Curva";"Rural";1;0;0;0;1;0;0;1
83478162;"23/06/16";"Quinta";"14:30:00";"CE";222;"9,9";"CAUCAIA";"Falta de atenção";"Colisão lateral";"Sem Vítimas";"Pleno dia";"Decrescente";"Sol";"Simples";"Cruzamento";"Urbano";2;0;0;0;2;0;0;2
83478163;"29/06/16";"Quarta";"00:05:00";"MG";267;"127,2";"JUIZ DE FORA";"Dormindo";"Colisão frontal";"Sem Vítimas";"Plena noite";"Crescente";"Ignorada";"Simples";"Curva";"Rural";2;0;0;0;2;0;0;2
83478164;"02/07/16";"Sábado";"05:30:00";"PE";316;"317";"FLORESTA";"Animais na Pista";"Atropelamento de animal";"Com Vítimas Feridas";"Pleno dia";"Crescente";"Nublado";"Simples";"Reta";"Rural";1;0;1;0;0;0;1;1
83478165;"02/07/16";"Sábado";"08:50:00";"RS";386;"405";"TRIUNFO";"Desobediência à sinalização";"Colisão Transversal";"Com Vítimas Feridas";"Pleno dia";"Crescente";"Sol";"Dupla";"Reta";"Rural";4;0;2;0;2;0;2;2
83478166;"02/07/16";"Sábado";"10:00:00";"SC";470;"59";"BLUMENAU";"Não guardar distância de segurança";"Colisão traseira";"Com Vítimas Feridas";"Pleno dia";"Decrescente";"Nublado";"Simples";"Reta";"Urbano";5;0;1;0;4;0;1;5
83478167;"28/06/16";"Terça";"08:25:00";"BA";324;"610";"SIMOES FILHO";"Defeito mecânico em veículo";"Queda de motocicleta / bicicleta / veículo";"Com Vítimas Feridas";"Pleno dia";"Decrescente";"Nublado";"Dupla";"Reta";"Urbano";2;0;2;0;0;0;2;1
83478168;"02/07/16";"Sábado";"05:00:00";"MG";40;"518";"CONTAGEM";"Outras";"Atropelamento de pessoa";"Com Vítimas Fatais";"Amanhecer";"Decrescente";"Ceu Claro";"Dupla";"Reta";"Urbano";2;1;0;0;1;0;0;1
83478169;"02/07/16";"Sábado";"08:30:00";"PR";376;"172";"MARINGA";"Dormindo";"Saída de Pista";"Sem Vítimas";"Pleno dia";"Decrescente";"Ceu Claro";"Dupla";"Reta";"Urbano";1;0;0;0;1;0;0;1
83478170;"02/07/16";"Sábado";"10:05:00";"PR";277;"103,6";"CAMPO LARGO";"Outras";"Queda de motocicleta / bicicleta / veículo";"Com Vítimas Feridas";"Pleno dia";"Crescente";"Ceu Claro";"Dupla";"Reta";"Urbano";1;0;1;0;0;0;1;1
83478171;"01/07/16";"Sexta";"18:50:00";"GO";364;"198";"JATAI";"Falta de atenção";"Colisão Transversal";"Com Vítimas Feridas";"Plena noite";"Decrescente";"Ceu Claro";"Dupla";"Reta";"Urbano";2;0;0;1;1;0;1;2
83478172;"02/07/16";"Sábado";"09:20:00";"PB";101;"122,7";"CAAPORA";"Velocidade incompatível";"Saída de Pista";"Com Vítimas Feridas";"Pleno dia";"Crescente";"Chuva";"Dupla";"Curva";"Rural";2;0;1;1;0;0;2;1
83478173;"02/07/16";"Sábado";"07:00:00";"PE";316;"285";"FLORESTA";"Animais na Pista";"Saída de Pista";"Com Vítimas Feridas";"Pleno dia";"Crescente";"Nublado";"Simples";"Reta";"Rural";1;0;1;0;0;0;1;1
83478174;"02/07/16";"Sábado";"10:50:00";"PE";101;"31,7";"ITAPISSUMA";"Outras";"Saída de Pista";"Sem Vítimas";"Pleno dia";"Decrescente";"Chuva";"Dupla";"Curva";"Urbano";1;0;0;0;1;0;0;1
83478175;"02/07/16";"Sábado";"08:50:00";"MG";262;"502,9";"LUZ";"Ingestão de álcool";"Capotamento";"Com Vítimas Feridas";"Pleno dia";"Decrescente";"Ceu Claro";"Simples";"Reta";"Rural";2;0;1;1;0;0;2;1
83478176;"26/06/16";"Domingo";"11:35:00";"AL";101;"208";"SAO SEBASTIAO";"Outras";"Colisão Transversal";"Com Vítimas Feridas";"Pleno dia";"Decrescente";"Ceu Claro";"Simples";"Reta";"Rural";2;0;0;1;1;0;1;2
83478179;"02/07/16";"Sábado";"08:30:00";"MG";262;"34,2";"MANHUACU";"Falta de atenção";"Colisão traseira";"Com Vítimas Feridas";"Pleno dia";"Crescente";"Ceu Claro";"Simples";"Reta";"Urbano";3;0;1;0;2;0;1;3
83478180;"02/07/16";"Sábado";"11:10:00";"TO";153;"493,4";"PARAISO DO TOCANTINS";"Falta de atenção";"Tombamento";"Com Vítimas Feridas";"Pleno dia";"Decrescente";"Ceu Claro";"Simples";"Reta";"Urbano";1;0;1;0;0;0;1;1
83478181;"29/06/16";"Quarta";"18:15:00";"MG";116;"532,1";"CARATINGA";"Desobediência à sinalização";"Colisão Transversal";"Com Vítimas Fatais";"Plena noite";"Crescente";"Nublado";"Simples";"Reta";"Rural";3;1;1;0;1;0;1;2
83478182;"02/07/16";"Sábado";"10:50:00";"RS";287;"409,5";"SANTIAGO";"Desobediência à sinalização";"Colisão Transversal";"Com Vítimas Feridas";"Pleno dia";"Crescente";"Sol";"Simples";"Cruzamento";"Rural";5;0;1;0;4;0;1;2
83478183;"02/07/16";"Sábado";"09:50:00";"GO";153;"432,3";"ANAPOLIS";"Outras";"Colisão lateral";"Sem Vítimas";"Pleno dia";"Decrescente";"Sol";"Dupla";"Reta";"Urbano";2;0;0;0;2;0;0;2
83478184;"02/07/16";"Sábado";"08:49:00";"RO";319;"64,1";"PORTO VELHO";"Falta de atenção";"Colisão traseira";"Sem Vítimas";"Pleno dia";"Crescente";"Ceu Claro";"Dupla";"Reta";"Urbano";2;0;0;0;2;0;0;2
83478185;"02/07/16";"Sábado";"08:20:00";"ES";259;"32,5";"COLATINA";"Outras";"Colisão com bicicleta";"Com Vítimas Feridas";"Pleno dia";"Crescente";"Sol";"Simples";"Reta";"Urbano";4;0;0;1;3;0;1;2
83478186;"02/07/16";"Sábado";"08:00:00";"DF";20;"10";"BRASILIA";"Falta de atenção";"Colisão traseira";"Com Vítimas Feridas";"Pleno dia";"Crescente";"Ceu Claro";"Dupla";"Reta";"Urbano";2;0;1;0;1;0;1;2
83478187;"02/07/16";"Sábado";"10:40:00";"PR";277;"655,5";"MATELANDIA";"Falta de atenção";"Colisão lateral";"Sem Vítimas";"Pleno dia";"Decrescente";"Ceu Claro";"Simples";"Reta";"Rural";3;0;0;0;2;1;0;3
83478188;"02/07/16";"Sábado";"08:00:00";"PR";116;"169";"QUITANDINHA";"Defeito mecânico em veículo";"Colisão com objeto fixo";"Sem Vítimas";"Pleno dia";"Decrescente";"Sol";"Simples";"Curva";"Rural";1;0;0;0;1;0;0;1
83478189;"02/07/16";"Sábado";"09:30:00";"MG";40;"485,9";"ESMERALDAS";"Velocidade incompatível";"Capotamento";"Com Vítimas Feridas";"Pleno dia";"Decrescente";"Ceu Claro";"Dupla";"Reta";"Rural";1;0;0;1;0;0;1;1
83478190;"02/07/16";"Sábado";"10:15:00";"MS";163;"470,8";"CAMPO GRANDE";"Desobediência à sinalização";"Colisão traseira";"Sem Vítimas";"Pleno dia";"Decrescente";"Sol";"Simples";"Reta";"Rural";4;0;0;0;4;0;0;3
83478191;"29/06/16";"Quarta";"03:40:00";"MS";163;"33,2";"ELDORADO";"Não guardar distância de segurança";"Colisão traseira";"Sem Vítimas";"Plena noite";"Decrescente";"Ceu Claro";"Dupla";"Reta";"Rural";2;0;0;0;2;0;0;2
83478192;"02/07/16";"Sábado";"06:00:00";"PR";376;"600,8";"CURITIBA";"Velocidade incompatível";"Saída de Pista";"Ignorado";"Amanhecer";"Decrescente";"Ceu Claro";"Dupla";"Curva";"Urbano";1;0;0;0;0;1;0;1
83478193;"29/06/16";"Quarta";"06:30:00";"AL";101;"74,8";"RIO LARGO";"Outras";"Colisão frontal";"Com Vítimas Feridas";"Amanhecer";"Decrescente";"Nublado";"Simples";"Curva";"Rural";2;0;1;0;1;0;1;2
83478194;"02/07/16";"Sábado";"07:00:00";"PR";476;"109";"COLOMBO";"Defeito mecânico em veículo";"Tombamento";"Sem Vítimas";"Pleno dia";"Crescente";"Sol";"Dupla";"Reta";"Rural";1;0;0;0;1;0;0;1
83478195;"02/07/16";"Sábado";"08:30:00";"MT";364;"399";"CUIABA";"Falta de atenção";"Atropelamento de pessoa";"Com Vítimas Feridas";"Pleno dia";"Crescente";"Sol";"Simples";"Reta";"Urbano";2;0;0;1;1;0;1;1
83478196;"02/07/16";"Sábado";"12:01:00";"RJ";40;"113";"DUQUE DE CAXIAS";"Falta de atenção";"Colisão lateral";"Com Vítimas Feridas";"Pleno dia";"Crescente";"Ceu Claro";"Simples";"Reta";"Urbano";3;0;2;0;1;0;2;2
83478197;"25/06/16";"Sábado";"05:00:00";"PR";277;"84";"CURITIBA";"Ingestão de álcool";"Colisão lateral";"Sem Vítimas";"Plena noite";"Crescente";"Nublado";"Dupla";"Reta";"Urbano";3;0;0;0;3;0;0;2
83478198;"02/07/16";"Sábado";"10:15:00";"SC";282;"69,7";"RANCHO QUEIMADO";"Velocidade incompatível";"Saída de Pista";"Com Vítimas Feridas";"Pleno dia";"Decrescente";"Ceu Claro";"Simples";"Curva";"Rural";3;0;0;3;0;0;3;1
83478199;"25/06/16";"Sábado";"18:55:00";"MG";135;"594";"CURVELO";"Ultrapassagem indevida";"Colisão Transversal";"Sem Vítimas";"Plena noite";"Decrescente";"Ceu Claro";"Simples";"Reta";"Rural";2;0;0;0;2;0;0;2
83478200;"02/07/16";"Sábado";"08:20:00";"SP";116;"560";"BARRA DO TURVO";"Velocidade incompatível";"Derramamento de Carga";"Sem Vítimas";"Pleno dia";"Decrescente";"Sol";"Dupla";"Curva";"Rural";1;0;0;0;1;0;0;1
83478201;"02/07/16";"Sábado";"10:35:00";"MS";60;"430,5";"SIDROLANDIA";"Outras";"Colisão lateral";"Com Vítimas Feridas";"Pleno dia";"Crescente";"Ceu Claro";"Simples";"Reta";"Rural";2;0;0;1;0;1;1;2
83478202;"02/07/16";"Sábado";"14:20:00";"RS";285;"291,1";"PASSO FUNDO";"Falta de atenção";"Colisão traseira";"Sem Vítimas";"Pleno dia";"Crescente";"Ceu Claro";"Simples";"Cruzamento";"Urbano";2;0;0;0;2;0;0;2
83478203;"02/07/16";"Sábado";"13:00:00";"SC";116;"116,2";"SANTA CECILIA";"Ultrapassagem indevida";"Tombamento";"Com Vítimas Feridas";"Pleno dia";"Crescente";"Ceu Claro";"Simples";"Reta";"Rural";4;0;3;0;1;0;3;2
83478204;"02/07/16";"Sábado";"13:00:00";"RS";116;"234,8";"ESTANCIA VELHA";"Falta de atenção";"Colisão Transversal";"Com Vítimas Feridas";"Pleno dia";"Crescente";"Ceu Claro";"Simples";"Reta";"Urbano";3;0;2;0;1;0;2;2
83478205;"02/07/16";"Sábado";"12:10:00";"BA";116;"524,1";"ITATIM";"Falta de atenção";"Colisão com objeto fixo";"Sem Vítimas";"Pleno dia";"Decrescente";"Chuva";"Simples";"Curva";"Rural";1;0;0;0;1;0;0;1
83478206;"02/07/16";"Sábado";"14:50:00";"BA";101;"717,3";"EUNAPOLIS";"Desobediência à sinalização";"Colisão Transversal";"Com Vítimas Feridas";"Pleno dia";"Crescente";"Ceu Claro";"Simples";"Reta";"Urbano";2;0;1;0;0;1;1;2
83478207;"02/07/16";"Sábado";"11:35:00";"PE";101;"78";"JABOATAO DOS GUARARAPES";"Outras";"Saída de Pista";"Com Vítimas Feridas";"Pleno dia";"Decrescente";"Nublado";"Dupla";"Reta";"Urbano";3;0;1;0;1;1;1;3
83478208;"02/07/16";"Sábado";"10:50:00";"RS";293;"15,8";"CAPAO DO LEAO";"Outras";"Saída de Pista";"Com Vítimas Feridas";"Pleno dia";"Decrescente";"Ceu Claro";"Simples";"Reta";"Rural";1;0;1;0;0;0;1;1
83478210;"02/07/16";"Sábado";"09:20:00";"RS";472;"119,1";"BOA VISTA DO BURICA";"Velocidade incompatível";"Saída de Pista";"Com Vítimas Feridas";"Pleno dia";"Crescente";"Ceu Claro";"Simples";"Reta";"Rural";5;0;5;0;0;0;5;1
83478211;"02/07/16";"Sábado";"11:56:00";"MG";381;"526";"BRUMADINHO";"Outras";"Queda de motocicleta / bicicleta / veículo";"Com Vítimas Feridas";"Pleno dia";"Crescente";"Ceu Claro";"Dupla";"Curva";"Rural";2;0;2;0;0;0;2;1
83478212;"02/07/16";"Sábado";"07:20:00";"MG";116;"395";"GOVERNADOR VALADARES";"Falta de atenção";"Atropelamento de pessoa";"Com Vítimas Fatais";"Pleno dia";"Crescente";"Chuva";"Simples";"Curva";"Rural";2;1;0;0;1;0;0;1
83478213;"29/06/16";"Quarta";"08:45:00";"RJ";40;"123";"DUQUE DE CAXIAS";"Não guardar distância de segurança";"Colisão lateral";"Com Vítimas Feridas";"Pleno dia";"Crescente";"Sol";"Múltipla";"Curva";"Urbano";2;0;1;0;1;0;1;2
83478214;"02/07/16";"Sábado";"09:13:00";"MG";262;"411,1";"PARA DE MINAS";"Dormindo";"Saída de Pista";"Com Vítimas Feridas";"Pleno dia";"Decrescente";"Ceu Claro";"Dupla";"Reta";"Rural";1;0;1;0;0;0;1;1
83478215;"02/07/16";"Sábado";"14:10:00";"RS";158;"126,6";"CONDOR";"Dormindo";"Saída de Pista";"Sem Vítimas";"Pleno dia";"Crescente";"Ceu Claro";"Simples";"Reta";"Rural";1;0;0;0;1;0;0;1
83478216;"02/07/16";"Sábado";"12:10:00";"RJ";40;"69,2";"PETROPOLIS";"Falta de atenção";"Colisão com objeto fixo";"Com Vítimas Feridas";"Pleno dia";"Decrescente";"Sol";"Dupla";"Curva";"Rural";5;0;3;1;1;0;4;1
83478217;"28/06/16";"Terça";"16:20:00";"MG";262;"455";"NOVA SERRANA";"Não guardar distância de segurança";"Colisão frontal";"Com Vítimas Feridas";"Pleno dia";"Decrescente";"Sol";"Simples";"Reta";"Rural";3;0;0;2;1;0;2;3
83478218;"02/07/16";"Sábado";"09:50:00";"PA";316;"10";"MARITUBA";"Não guardar distância de segurança";"Colisão lateral";"Com Vítimas Feridas";"Pleno dia";"Crescente";"Sol";"Dupla";"Reta";"Urbano";2;0;1;0;1;0;1;2
83478219;"02/07/16";"Sábado";"08:30:00";"GO";60;"234";"CEZARINA";"Falta de atenção";"Colisão traseira";"Sem Vítimas";"Pleno dia";"Decrescente";"Ceu Claro";"Dupla";"Reta";"Rural";2;0;0;0;2;0;0;2
83478220;"02/07/16";"Sábado";"14:00:00";"SC";101;"334,9";"TUBARAO";"Desobediência à sinalização";"Colisão Transversal";"Com Vítimas Feridas";"Pleno dia";"Decrescente";"Ceu Claro";"Múltipla";"Cruzamento";"Urbano";2;0;1;0;1;0;1;2
83478221;"02/07/16";"Sábado";"11:40:00";"PR";163;"34";"SANTO ANTONIO DO SUDOESTE";"Desobediência à sinalização";"Colisão Transversal";"Com Vítimas Feridas";"Pleno dia";"Crescente";"Ceu Claro";"Simples";"Reta";"Urbano";2;0;1;0;1;0;1;2
83478222;"02/07/16";"Sábado";"16:10:00";"RJ";116;"166";"RIO DE JANEIRO";"Velocidade incompatível";"Saída de Pista";"Sem Vítimas";"Pleno dia";"Crescente";"Sol";"Múltipla";"Reta";"Urbano";1;0;0;0;1;0;0;1
83478223;"30/06/16";"Quinta";"18:10:00";"RS";386;"343,9";"LAJEADO";"Não guardar distância de segurança";"Colisão traseira";"Sem Vítimas";"Plena noite";"Decrescente";"Ceu Claro";"Simples";"Reta";"Urbano";2;0;0;0;2;0;0;2
83478225;"28/06/16";"Terça";"17:45:00";"RN";304;"37";"MOSSORO";"Outras";"Queda de motocicleta / bicicleta / veículo";"Com Vítimas Feridas";"Plena noite";"Crescente";"Ceu Claro";"Dupla";"Reta";"Urbano";1;0;1;0;0;0;1;1
83478226;"02/07/16";"Sábado";"06:40:00";"BA";242;"311";"LENCOIS";"Dormindo";"Capotamento";"Com Vítimas Feridas";"Amanhecer";"Decrescente";"Chuva";"Simples";"Reta";"Rural";2;0;1;1;0;0;2;1
83478227;"02/07/16";"Sábado";"14:25:00";"MG";116;"411";"GOVERNADOR VALADARES";"Desobediência à sinalização";"Colisão traseira";"Com Vítimas Feridas";"Pleno dia";"Crescente";"Ceu Claro";"Dupla";"Reta";"Urbano";3;0;2;0;1;0;2;2
83478228;"02/07/16";"Sábado";"14:00:00";"SC";280;"95";"CORUPA";"Velocidade incompatível";"Colisão frontal";"Com Vítimas Feridas";"Pleno dia";"Crescente";"Ceu Claro";"Simples";"Curva";"Rural";2;0;0;1;1;0;1;2
83478229;"02/07/16";"Sábado";"15:15:00";"MG";40;"517";"RIBEIRAO DAS NEVES";"Outras";"Queda de motocicleta / bicicleta / veículo";"Com Vítimas Feridas";"Pleno dia";"Crescente";"Ceu Claro";"Dupla";"Reta";"Urbano";1;0;1;0;0;0;1;1
83478230;"02/07/16";"Sábado";"15:02:00";"SP";153;"164,6";"PROMISSAO";"Falta de atenção";"Colisão lateral";"Com Vítimas Feridas";"Pleno dia";"Decrescente";"Sol";"Simples";"Reta";"Rural";4;0;1;0;3;0;1;2
83478231;"02/07/16";"Sábado";"15:40:00";"BA";116;"773,5";"PLANALTO";"Outras";"Colisão traseira";"Sem Vítimas";"Pleno dia";"Crescente";"Ceu Claro";"Dupla";"Reta";"Rural";2;0;0;0;2;0;0;2
83478232;"01/07/16";"Sexta";"04:10:00";"TO";153;"140,9";"ARAGUAINA";"Ingestão de álcool";"Colisão com objeto fixo";"Sem Vítimas";"Plena noite";"Crescente";"Ceu Claro";"Dupla";"Reta";"Urbano";1;0;0;0;1;0;0;1
83478233;"02/07/16";"Sábado";"14:30:00";"RS";116;"234";"ESTANCIA VELHA";"Falta de atenção";"Colisão Transversal";"Com Vítimas Feridas";"Pleno dia";"Crescente";"Sol";"Simples";"Reta";"Urbano";6;0;5;0;1;0;5;2
83478234;"02/07/16";"Sábado";"14:30:00";"MA";135;"128";"MIRANDA DO NORTE";"Falta de atenção";"Colisão lateral";"Com Vítimas Feridas";"Pleno dia";"Decrescente";"Ceu Claro";"Simples";"Reta";"Rural";3;0;1;0;1;1;1;2
83478235;"02/07/16";"Sábado";"09:01:00";"MT";163;"843";"SINOP";"Falta de atenção";"Colisão traseira";"Sem Vítimas";"Pleno dia";"Decrescente";"Ceu Claro";"Simples";"Reta";"Urbano";2;0;0;0;2;0;0;2
83478236;"24/06/16";"Sexta";"21:30:00";"PR";369;"176,6";"ROLANDIA";"Animais na Pista";"Atropelamento de animal";"Com Vítimas Feridas";"Plena noite";"Crescente";"Ceu Claro";"Simples";"Reta";"Urbano";2;0;2;0;0;0;2;1
83478237;"02/07/16";"Sábado";"14:20:00";"GO";60;"94,6";"ANAPOLIS";"Outras";"Colisão lateral";"Sem Vítimas";"Pleno dia";"Crescente";"Sol";"Dupla";"Reta";"Urbano";2;0;0;0;2;0;0;2
83478238;"28/06/16";"Terça";"07:15:00";"MG";262;"521,1";"LUZ";"Desobediência à sinalização";"Colisão Transversal";"Com Vítimas Feridas";"Pleno dia";"Crescente";"Ceu Claro";"Simples";"Cruzamento";"Rural";2;0;1;0;1;0;1;2
83478239;"02/07/16";"Sábado";"17:20:00";"RS";290;"0,5";"OSORIO";"Dormindo";"Saída de Pista";"Com Vítimas Feridas";"Anoitecer";"Decrescente";"Ceu Claro";"Dupla";"Reta";"Urbano";1;0;1;0;0;0;1;1
83478240;"02/07/16";"Sábado";"14:40:00";"RN";101;"83,4";"SAO GONCALO DO AMARANTE";"Não guardar distância de segurança";"Colisão traseira";"Com Vítimas Feridas";"Pleno dia";"Crescente";"Sol";"Dupla";"Reta";"Urbano";3;0;1;1;1;0;2;2
83478241;"02/07/16";"Sábado";"16:30:00";"MG";459;"103";"POUSO ALEGRE";"Velocidade incompatível";"Capotamento";"Sem Vítimas";"Pleno dia";"Crescente";"Sol";"Dupla";"Curva";"Urbano";1;0;0;0;1;0;0;1
83478242;"02/07/16";"Sábado";"08:30:00";"RO";364;"417";"JARU";"Falta de atenção";"Colisão traseira";"Sem Vítimas";"Pleno dia";"Crescente";"Ceu Claro";"Simples";"Reta";"Rural";2;0;0;0;2;0;0;2
83478243;"02/07/16";"Sábado";"07:30:00";"PA";230;"125";"MARABA";"Defeito na via";"Saída de Pista";"Com Vítimas Feridas";"Pleno dia";"Crescente";"Ceu Claro";"Simples";"Reta";"Rural";4;0;1;0;3;0;1;1
83478244;"02/07/16";"Sábado";"13:30:00";"RN";304;"28,8";"MOSSORO";"Outras";"Colisão Transversal";"Sem Vítimas";"Pleno dia";"Decrescente";"Sol";"Simples";"Reta";"Urbano";3;0;0;0;3;0;0;2
83478245;"02/07/16";"Sábado";"15:00:00";"BA";407;"65";"JAGUARARI";"Ultrapassagem indevida";"Queda de motocicleta / bicicleta / veículo";"Sem Vítimas";"Pleno dia";"Crescente";"Nublado";"Simples";"Reta";"Rural";2;0;0;0;2;0;0;2
83478246;"02/07/16";"Sábado";"14:45:00";"BA";101;"288";"LAJE";"Outras";"Saída de Pista";"Sem Vítimas";"Pleno dia";"Crescente";"Chuva";"Simples";"Curva";"Urbano";1;0;0;0;1;0;0;1
83478247;"02/07/16";"Sábado";"09:40:00";"ES";262;"0,5";"CARIACICA";"Não guardar distância de segurança";"Colisão traseira";"Com Vítimas Feridas";"Pleno dia";"Decrescente";"Ceu Claro";"Dupla";"Reta";"Urbano";3;0;1;1;1;0;2;2
83478248;"08/06/16";"Quarta";"18:30:00";"RO";364;"749";"PORTO VELHO";"Falta de atenção";"Saída de Pista";"Sem Vítimas";"Pleno dia";"Decrescente";"Chuva";"Simples";"Curva";"Rural";1;0;0;0;1;0;0;1
83478250;"02/07/16";"Sábado";"15:30:00";"CE";116;"41,6";"HORIZONTE";"Desobediência à sinalização";"Colisão Transversal";"Com Vítimas Feridas";"Pleno dia";"Crescente";"Ceu Claro";"Dupla";"Reta";"Urbano";3;0;3;0;0;0;3;2
83478251;"02/07/16";"Sábado";"15:50:00";"SP";116;"218";"GUARULHOS";"Falta de atenção";"Colisão traseira";"Com Vítimas Feridas";"Pleno dia";"Crescente";"Ceu Claro";"Múltipla";"Reta";"Urbano";4;0;2;0;2;0;2;3
83478252;"02/07/16";"Sábado";"10:10:00";"GO";40;"15";"LUZIANIA";"Falta de atenção";"Colisão traseira";"Com Vítimas Feridas";"Pleno dia";"Crescente";"Sol";"Dupla";"Reta";"Rural";2;0;1;0;1;0;1;2
83478253;"04/06/16";"Sábado";"15:40:00";"PR";369;"156";"LONDRINA";"Outras";"Colisão traseira";"Sem Vítimas";"Pleno dia";"Decrescente";"Chuva";"Dupla";"Reta";"Urbano";2;0;0;0;2;0;0;2