"id";"data_inversa";"dia_semana";"horario";"uf";"br";"km";"municipio";"causa_acidente";"tipo_acidente";"classificacao_acidente";"fase_dia";"sentido_via";"condicao_metereologica";"tipo_pista";"tracado_via";"uso_solo";"pessoas";"mortos";"feridos_leves";"feridos_graves";"ilesos";"ignorados";"feridos";"veiculos"
83478254;"02/07/16";"Sábado";"16:45:00";"DF";60;"1,5";"BRASILIA";"Outras";"Colisão traseira";"Com Vítimas Feridas";"Pleno dia";"Crescente";"Ceu Claro";"Dupla";"Reta";"Urbano";3;0;0;1;2;0;1;3
83478255;"30/06/16";"Quinta";"19:40:00";"MG";146;"463,8";"CABO VERDE";"Ingestão de álcool";"Colisão lateral";"Sem Vítimas";"Plena noite";"Crescente";"Ceu Claro";"Simples";"Curva";"Rural";3;0;0;0;3;0;0;2
83478256;"02/07/16";"Sábado";"16:15:00";"SC";158;"101,9";"CUNHA PORA";"Defeito mecânico em veículo";"Incêndio";"Sem Vítimas";"Pleno dia";"Decrescente";"Ceu Claro";"Simples";"Reta";"Rural";1;0;0;0;1;0;0;1
83478257;"02/07/16";"Sábado";"17:10:00";"SC";101;"127,8";"ITAJAI";"Defeito mecânico em veículo";"Queda de motocicleta / bicicleta / veículo";"Com Vítimas Feridas";"Anoitecer";"Decrescente";"Ceu Claro";"Dupla";"Reta";"Urbano";2;0;2;0;0;0;2;1
83478258;"02/07/16";"Sábado";"16:55:00";"ES";101;"140";"LINHARES";"Falta de atenção";"Colisão lateral";"Com Vítimas Feridas";"Pleno dia";"Crescente";"Nublado";"Múltipla";"Reta";"Urbano";3;0;1;0;2;0;1;3
83478259;"29/06/16";"Quarta";"07:10:00";"ES";101;"1";"SERRA";"Não guardar distância de segurança";"Colisão traseira";"Sem Vítimas";"Pleno dia";"Crescente";"Sol";"Dupla";"Reta";"Urbano";2;0;0;0;2;0;0;2
83478260;"02/07/16";"Sábado";"08:05:00";"MS";267;"124,8";"NOVA ANDRADINA";"Velocidade incompatível";"Tombamento";"Com Vítimas Feridas";"Pleno dia";"Crescente";"Ceu Claro";"Simples";"Curva";"Rural";1;0;1;0;0;0;1;1
83478261;"02/07/16";"Sábado";"10:45:00";"RS";290;"723";"URUGUAIANA";"Desobediência à sinalização";"Colisão Transversal";"Sem Vítimas";"Pleno dia";"Decrescente";"Ceu Claro";"Simples";"Cruzamento";"Urbano";3;0;0;0;3;0;0;2
83478262;"02/07/16";"Sábado";"16:55:00";"SC";101;"205,6";"SAO JOSE";"Falta de atenção";"Colisão lateral";"Com Vítimas Feridas";"Pleno dia";"Decrescente";"Ceu Claro";"Dupla";"Reta";"Urbano";3;0;3;0;0;0;3;2
83478263;"02/07/16";"Sábado";"10:15:00";"BA";116;"697";"JEQUIE";"Velocidade incompatível";"Saída de Pista";"Com Vítimas Feridas";"Pleno dia";"Decrescente";"Nublado";"Simples";"Curva";"Rural";2;0;0;1;1;0;1;1
83478264;"02/07/16";"Sábado";"09:30:00";"PR";277;"600,8";"CASCAVEL";"Outras";"Colisão traseira";"Com Vítimas Feridas";"Pleno dia";"Crescente";"Ceu Claro";"Simples";"Reta";"Rural";3;0;1;0;2;0;1;2
83478265;"02/07/16";"Sábado";"12:50:00";"ES";259;"61";"COLATINA";"Outras";"Colisão lateral";"Com Vítimas Fatais";"Pleno dia";"Decrescente";"Ceu Claro";"Simples";"Reta";"Rural";3;1;0;2;0;0;2;2
83478266;"02/07/16";"Sábado";"18:00:00";"SC";470;"52";"BLUMENAU";"Ingestão de álcool";"Colisão traseira";"Com Vítimas Feridas";"Anoitecer";"Decrescente";"Ceu Claro";"Simples";"Curva";"Urbano";2;0;1;0;1;0;1;2
83478267;"02/07/16";"Sábado";"16:37:00";"ES";101;"292,7";"CARIACICA";"Não guardar distância de segurança";"Colisão traseira";"Sem Vítimas";"Pleno dia";"Crescente";"Ceu Claro";"Dupla";"Reta";"Urbano";2;0;0;0;2;0;0;2
83478268;"02/07/16";"Sábado";"09:30:00";"PR";476;"225";"LAPA";"Outras";"Capotamento";"Com Vítimas Feridas";"Pleno dia";"Crescente";"Ceu Claro";"Simples";"Curva";"Rural";1;0;1;0;0;0;1;1
83478269;"24/06/16";"Sexta";"21:00:00";"RN";226;"11,5";"MACAIBA";"Outras";"Atropelamento de pessoa";"Com Vítimas Feridas";"Plena noite";"Crescente";"Ceu Claro";"Simples";"Reta";"Urbano";2;0;1;1;0;0;2;1
83478270;"02/07/16";"Sábado";"18:20:00";"SP";116;"221";"GUARULHOS";"Não guardar distância de segurança";"Queda de motocicleta / bicicleta / veículo";"Com Vítimas Feridas";"Plena noite";"Crescente";"Nublado";"Múltipla";"Reta";"Urbano";1;0;1;0;0;0;1;1
83478271;"02/07/16";"Sábado";"07:45:00";"MG";40;"42";"PARACATU";"Falta de atenção";"Saída de Pista";"Sem Vítimas";"Amanhecer";"Crescente";"Ceu Claro";"Simples";"Reta";"Urbano";1;0;0;0;1;0;0;1
83478272;"02/07/16";"Sábado";"12:15:00";"SP";116;"169";"JACAREI";"Outras";"Colisão traseira";"Sem Vítimas";"Pleno dia";"Crescente";"Ceu Claro";"Dupla";"Reta";"Rural";2;0;0;0;2;0;0;2
83478273;"02/07/16";"Sábado";"13:15:00";"SC";101;"452";"SAO JOAO DO SUL";"Desobediência à sinalização";"Colisão Transversal";"Com Vítimas Feridas";"Pleno dia";"Decrescente";"Ceu Claro";"Simples";"Cruzamento";"Rural";2;0;1;0;1;0;1;2
83478274;"02/07/16";"Sábado";"09:50:00";"MG";40;"551,7";"NOVA LIMA";"Outras";"Queda de motocicleta / bicicleta / veículo";"Com Vítimas Feridas";"Pleno dia";"Crescente";"Ceu Claro";"Simples";"Reta";"Urbano";1;0;1;0;0;0;1;1
83478275;"02/07/16";"Sábado";"16:00:00";"RO";364;"237,4";"CACOAL";"Falta de atenção";"Colisão lateral";"Com Vítimas Feridas";"Pleno dia";"Crescente";"Ceu Claro";"Simples";"Reta";"Urbano";2;0;1;0;1;0;1;2
83478276;"02/07/16";"Sábado";"10:40:00";"ES";101;"376";"ICONHA";"Ingestão de álcool";"Atropelamento de pessoa";"Com Vítimas Feridas";"Pleno dia";"Decrescente";"Sol";"Simples";"Curva";"Urbano";3;0;3;0;0;0;3;1
83478277;"02/07/16";"Sábado";"18:40:00";"RO";364;"338,5";"JI-PARANA";"Falta de atenção";"Colisão traseira";"Com Vítimas Feridas";"Plena noite";"Decrescente";"Ceu Claro";"Dupla";"Reta";"Urbano";2;0;1;0;0;1;1;2
83478278;"02/07/16";"Sábado";"17:00:00";"PE";232;"13";"JABOATAO DOS GUARARAPES";"Animais na Pista";"Saída de Pista";"Com Vítimas Feridas";"Anoitecer";"Decrescente";"Ceu Claro";"Dupla";"Curva";"Rural";4;0;4;0;0;0;4;1
83478279;"02/07/16";"Sábado";"18:40:00";"ES";101;"265";"SERRA";"Outras";"Atropelamento de pessoa";"Com Vítimas Feridas";"Anoitecer";"Crescente";"Ceu Claro";"Múltipla";"Reta";"Urbano";2;0;0;1;0;1;1;1
83478280;"28/06/16";"Terça";"15:45:00";"RN";405;"1,2";"MOSSORO";"Outras";"Colisão Transversal";"Com Vítimas Feridas";"Pleno dia";"Crescente";"Sol";"Dupla";"Reta";"Urbano";3;0;1;0;2;0;1;2
83478281;"02/07/16";"Sábado";"18:20:00";"PR";277;"35,6";"MORRETES";"Falta de atenção";"Colisão traseira";"Com Vítimas Feridas";"Plena noite";"Decrescente";"Nublado";"Dupla";"Reta";"Rural";3;0;1;0;2;0;1;2
83478282;"02/07/16";"Sábado";"19:20:00";"CE";222;"3,2";"SOBRAL";"Outras";"Queda de motocicleta / bicicleta / veículo";"Com Vítimas Feridas";"Plena noite";"Crescente";"Ceu Claro";"Dupla";"Reta";"Urbano";1;0;0;1;0;0;1;1
83478283;"02/07/16";"Sábado";"04:15:00";"RS";116;"246";"SAO LEOPOLDO";"Velocidade incompatível";"Capotamento";"Ignorado";"Plena noite";"Decrescente";"Ceu Claro";"Dupla";"Reta";"Urbano";1;0;0;0;0;1;0;1
83478284;"02/07/16";"Sábado";"16:45:00";"RN";405;"107,9";"ITAU";"Outras";"Capotamento";"Com Vítimas Feridas";"Pleno dia";"Decrescente";"Sol";"Simples";"Reta";"Rural";1;0;1;0;0;0;1;1
83478285;"02/07/16";"Sábado";"14:15:00";"MA";222;"547";"BOM JESUS DAS SELVAS";"Ingestão de álcool";"Colisão frontal";"Com Vítimas Feridas";"Pleno dia";"Decrescente";"Ceu Claro";"Simples";"Curva";"Rural";2;0;0;1;1;0;1;2
83478286;"02/07/16";"Sábado";"19:00:00";"PR";116;"90,1";"SAO JOSE DOS PINHAIS";"Outras";"Saída de Pista";"Com Vítimas Feridas";"Plena noite";"Decrescente";"Nublado";"Dupla";"Reta";"Urbano";3;0;3;0;0;0;3;1
83478287;"02/07/16";"Sábado";"07:30:00";"PE";232;"114";"BEZERROS";"Outras";"Tombamento";"Sem Vítimas";"Pleno dia";"Crescente";"Nublado";"Dupla";"Curva";"Rural";1;0;0;0;1;0;0;1
83478288;"02/07/16";"Sábado";"20:10:00";"SC";101;"57,4";"ARAQUARI";"Outras";"Saída de Pista";"Com Vítimas Feridas";"Plena noite";"Decrescente";"Ceu Claro";"Dupla";"Curva";"Rural";1;0;1;0;0;0;1;1
83478290;"02/07/16";"Sábado";"17:40:00";"SC";280;"58";"GUARAMIRIM";"Outras";"Queda de motocicleta / bicicleta / veículo";"Com Vítimas Feridas";"Pleno dia";"Crescente";"Ceu Claro";"Dupla";"Reta";"Urbano";1;0;1;0;0;0;1;1
83478291;"02/07/16";"Sábado";"17:10:00";"PR";277;"278,3";"PRUDENTOPOLIS";"Velocidade incompatível";"Queda de motocicleta / bicicleta / veículo";"Com Vítimas Feridas";"Pleno dia";"Crescente";"Ceu Claro";"Simples";"Curva";"Rural";1;0;1;0;0;0;1;1
83478292;"02/07/16";"Sábado";"19:15:00";"SC";280;"72";"JARAGUA DO SUL";"Outras";"Colisão frontal";"Com Vítimas Fatais";"Plena noite";"Decrescente";"Nublado";"Simples";"Reta";"Urbano";3;1;0;0;2;0;0;2
83478293;"28/06/16";"Terça";"05:40:00";"MS";158;"98";"PARANAIBA";"Falta de atenção";"Colisão lateral";"Com Vítimas Feridas";"Amanhecer";"Decrescente";"Ceu Claro";"Simples";"Reta";"Urbano";2;0;0;1;1;0;1;2
83478294;"28/06/16";"Terça";"08:40:00";"SP";116;"204";"ARUJA";"Outras";"Colisão com objeto fixo";"Sem Vítimas";"Pleno dia";"Crescente";"Sol";"Simples";"Reta";"Urbano";1;0;0;0;1;0;0;1
83478295;"02/07/16";"Sábado";"21:00:00";"PB";104;"194";"ALCANTIL";"Defeito mecânico em veículo";"Incêndio";"Ignorado";"Anoitecer";"Crescente";"Nublado";"Simples";"Reta";"Rural";1;0;0;0;0;1;0;1
83478296;"02/07/16";"Sábado";"07:40:00";"PR";277;"592";"CASCAVEL";"Defeito mecânico em veículo";"Colisão lateral";"Com Vítimas Feridas";"Pleno dia";"Crescente";"Ceu Claro";"Simples";"Cruzamento";"Urbano";3;0;1;0;2;0;1;2
83478297;"02/07/16";"Sábado";"19:30:00";"MG";381;"149";"GOVERNADOR VALADARES";"Outras";"Atropelamento de animal";"Com Vítimas Feridas";"Plena noite";"Decrescente";"Nublado";"Simples";"Curva";"Urbano";1;0;1;0;0;0;1;1
83478298;"02/07/16";"Sábado";"18:30:00";"PR";476;"348";"UNIAO DA VITORIA";"Outras";"Saída de Pista";"Sem Vítimas";"Anoitecer";"Crescente";"Nublado";"Simples";"Reta";"Rural";3;0;0;0;2;1;0;2
83478299;"02/07/16";"Sábado";"18:50:00";"RO";364;"340";"JI-PARANA";"Desobediência à sinalização";"Colisão Transversal";"Com Vítimas Feridas";"Anoitecer";"Decrescente";"Ceu Claro";"Dupla";"Reta";"Urbano";4;0;2;0;2;0;2;2
83478300;"02/07/16";"Sábado";"15:50:00";"PR";277;"583";"CASCAVEL";"Outras";"Colisão Transversal";"Sem Vítimas";"Pleno dia";"Crescente";"Ceu Claro";"Simples";"Reta";"Urbano";2;0;0;0;1;1;0;2
83478301;"02/07/16";"Sábado";"19:25:00";"PR";376;"488,2";"PONTA GROSSA";"Falta de atenção";"Atropelamento de pessoa";"Com Vítimas Feridas";"Plena noite";"Decrescente";"Ceu Claro";"Dupla";"Reta";"Urbano";2;0;0;1;1;0;1;1
83478302;"25/06/16";"Sábado";"05:50:00";"GO";40;"10";"LUZIANIA";"Ingestão de álcool";"Capotamento";"Sem Vítimas";"Plena noite";"Crescente";"Ceu Claro";"Dupla";"Reta";"Urbano";1;0;0;0;1;0;0;1
83478304;"02/07/16";"Sábado";"16:15:00";"RN";110;"57,2";"MOSSORO";"Ingestão de álcool";"Saída de Pista";"Com Vítimas Feridas";"Pleno dia";"Decrescente";"Ceu Claro";"Simples";"Reta";"Rural";1;0;0;1;0;0;1;1
83478305;"02/07/16";"Sábado";"15:00:00";"MT";364;"151";"PEDRA PRETA";"Não guardar distância de segurança";"Colisão frontal";"Com Vítimas Feridas";"Pleno dia";"Decrescente";"Ceu Claro";"Simples";"Reta";"Rural";2;0;2;0;0;0;2;2
83478306;"02/07/16";"Sábado";"19:45:00";"PR";277;"497,7";"GUARANIACU";"Ingestão de álcool";"Colisão traseira";"Com Vítimas Feridas";"Plena noite";"Crescente";"Ceu Claro";"Simples";"Reta";"Rural";3;0;1;0;2;0;1;3
83478307;"02/07/16";"Sábado";"19:30:00";"PI";343;"592";"FLORIANO";"Falta de atenção";"Queda de motocicleta / bicicleta / veículo";"Com Vítimas Feridas";"Plena noite";"Decrescente";"Ceu Claro";"Simples";"Reta";"Urbano";1;0;0;1;0;0;1;1
83478308;"02/06/16";"Quinta";"18:15:00";"GO";153;"619,8";"MORRINHOS";"Dormindo";"Saída de Pista";"Com Vítimas Feridas";"Anoitecer";"Decrescente";"Ceu Claro";"Dupla";"Reta";"Rural";1;0;0;1;0;0;1;1
83478309;"02/07/16";"Sábado";"18:50:00";"PR";163;"182";"SANTA TEREZA DO OESTE";"Ultrapassagem indevida";"Colisão frontal";"Com Vítimas Feridas";"Plena noite";"Decrescente";"Ceu Claro";"Simples";"Reta";"Rural";3;0;1;0;2;0;1;3
83478310;"02/07/16";"Sábado";"20:30:00";"SC";282;"586,1";"PINHALZINHO";"Falta de atenção";"Capotamento";"Sem Vítimas";"Plena noite";"Crescente";"Ceu Claro";"Simples";"Reta";"Rural";1;0;0;0;1;0;0;1
83478311;"24/06/16";"Sexta";"10:15:00";"SP";116;"212";"GUARULHOS";"Falta de atenção";"Colisão lateral";"Sem Vítimas";"Pleno dia";"Crescente";"Ceu Claro";"Múltipla";"Reta";"Urbano";2;0;0;0;2;0;0;2
83478312;"02/07/16";"Sábado";"19:50:00";"RS";290;"109";"ELDORADO DO SUL";"Ingestão de álcool";"Saída de Pista";"Sem Vítimas";"Plena noite";"Crescente";"Ceu Claro";"Dupla";"Reta";"Urbano";1;0;0;0;1;0;0;1
83478313;"29/06/16";"Quarta";"19:50:00";"PA";316;"10";"MARITUBA";"Ingestão de álcool";"Colisão lateral";"Com Vítimas Feridas";"Anoitecer";"Decrescente";"Ignorada";"Dupla";"Reta";"Urbano";2;0;1;0;1;0;1;2
83478314;"02/07/16";"Sábado";"19:30:00";"GO";452;"19";"RIO VERDE";"Falta de atenção";"Colisão traseira";"Sem Vítimas";"Plena noite";"Decrescente";"Ceu Claro";"Simples";"Reta";"Rural";2;0;0;0;2;0;0;2
83478315;"02/07/16";"Sábado";"19:30:00";"BA";418;"83";"NOVA VICOSA";"Ingestão de álcool";"Colisão traseira";"Com Vítimas Feridas";"Anoitecer";"Crescente";"Ceu Claro";"Simples";"Reta";"Rural";3;0;1;2;0;0;3;2
83478316;"02/07/16";"Sábado";"21:30:00";"PR";277;"69,8";"SAO JOSE DOS PINHAIS";"Outras";"Colisão com objeto fixo";"Sem Vítimas";"Plena noite";"Crescente";"Nublado";"Dupla";"Reta";"Urbano";1;0;0;0;1;0;0;1
83478317;"02/07/16";"Sábado";"19:10:00";"MG";116;"417,2";"GOVERNADOR VALADARES";"Falta de atenção";"Atropelamento de pessoa";"Com Vítimas Feridas";"Plena noite";"Decrescente";"Nublado";"Simples";"Curva";"Urbano";2;0;1;0;1;0;1;1
83478318;"02/07/16";"Sábado";"21:40:00";"RJ";393;"280";"BARRA DO PIRAI";"Falta de atenção";"Colisão traseira";"Com Vítimas Feridas";"Plena noite";"Crescente";"Ceu Claro";"Simples";"Reta";"Urbano";2;0;1;0;1;0;1;2
83478319;"02/07/16";"Sábado";"08:15:00";"PB";230;"11";"CABEDELO";"Desobediência à sinalização";"Colisão Transversal";"Com Vítimas Feridas";"Pleno dia";"Decrescente";"Ceu Claro";"Dupla";"Cruzamento";"Urbano";2;0;0;1;1;0;1;2
83478320;"02/07/16";"Sábado";"19:50:00";"PE";101;"51,6";"PAULISTA";"Não guardar distância de segurança";"Colisão traseira";"Sem Vítimas";"Plena noite";"Crescente";"Ceu Claro";"Dupla";"Reta";"Rural";3;0;0;0;3;0;0;2
83478321;"02/07/16";"Sábado";"18:25:00";"ES";101;"70";"SAO MATEUS";"Falta de atenção";"Colisão Transversal";"Com Vítimas Feridas";"Plena noite";"Crescente";"Ceu Claro";"Simples";"Reta";"Rural";2;0;2;0;0;0;2;2
83478322;"02/07/16";"Sábado";"21:40:00";"PE";101;"54";"PAULISTA";"Defeito na via";"Queda de motocicleta / bicicleta / veículo";"Com Vítimas Feridas";"Plena noite";"Decrescente";"Chuva";"Dupla";"Reta";"Urbano";1;0;1;0;0;0;1;1
83478323;"02/07/16";"Sábado";"17:00:00";"MG";364;"18";"FRUTAL";"Falta de atenção";"Colisão traseira";"Com Vítimas Feridas";"Pleno dia";"Crescente";"Ceu Claro";"Simples";"Reta";"Rural";2;0;1;0;1;0;1;2
83478324;"02/07/16";"Sábado";"18:30:00";"PR";277;"118,5";"CAMPO LARGO";"Ingestão de álcool";"Atropelamento de pessoa";"Com Vítimas Fatais";"Plena noite";"Decrescente";"Ceu Claro";"Dupla";"Reta";"Urbano";2;1;0;0;1;0;0;1
83478325;"02/07/16";"Sábado";"20:55:00";"CE";116;"3,1";"CAUCAIA";"Ingestão de álcool";"Colisão traseira";"Sem Vítimas";"Plena noite";"Crescente";"Ceu Claro";"Dupla";"Curva";"Urbano";2;0;0;0;2;0;0;2
83478326;"02/07/16";"Sábado";"22:30:00";"PR";116;"125";"FAZENDA RIO GRANDE";"Outras";"Saída de Pista";"Sem Vítimas";"Plena noite";"Decrescente";"Nublado";"Dupla";"Reta";"Urbano";3;0;0;0;3;0;0;1
83478327;"02/07/16";"Sábado";"18:20:00";"TO";153;"388";"RIO DOS BOIS";"Ultrapassagem indevida";"Colisão lateral";"Sem Vítimas";"Anoitecer";"Decrescente";"Ceu Claro";"Simples";"Reta";"Urbano";3;0;0;0;3;0;0;2
83478328;"02/07/16";"Sábado";"14:00:00";"PR";376;"389";"IMBAU";"Velocidade incompatível";"Colisão traseira";"Com Vítimas Feridas";"Pleno dia";"Crescente";"Ceu Claro";"Simples";"Reta";"Rural";2;0;1;0;1;0;1;2
83478329;"02/07/16";"Sábado";"19:00:00";"SC";470;"197,5";"PONTE ALTA";"Falta de atenção";"Tombamento";"Ignorado";"Anoitecer";"Crescente";"Ceu Claro";"Simples";"Reta";"Rural";1;0;0;0;0;1;0;1
83478330;"02/07/16";"Sábado";"07:40:00";"MG";262;"64,6";"MATIPO";"Desobediência à sinalização";"Colisão lateral";"Com Vítimas Feridas";"Amanhecer";"Crescente";"Ceu Claro";"Simples";"Reta";"Rural";2;0;1;0;1;0;1;2
83478331;"02/07/16";"Sábado";"19:00:00";"PA";230;"631";"ALTAMIRA";"Falta de atenção";"Colisão Transversal";"Com Vítimas Feridas";"Plena noite";"Crescente";"Ceu Claro";"Simples";"Reta";"Urbano";4;0;2;0;2;0;2;2
83478332;"02/07/16";"Sábado";"22:55:00";"CE";116;"67,4";"CHOROZINHO";"Dormindo";"Saída de Pista";"Com Vítimas Feridas";"Plena noite";"Crescente";"Ceu Claro";"Simples";"Reta";"Urbano";1;0;1;0;0;0;1;1
83478333;"19/06/16";"Domingo";"15:00:00";"AC";364;"391";"MANOEL URBANO";"Outras";"Colisão lateral";"Sem Vítimas";"Pleno dia";"Decrescente";"Ignorada";"Simples";"Reta";"Rural";3;0;0;0;3;0;0;3
83478334;"02/06/16";"Quinta";"11:00:00";"SC";470;"147,6";"RIO DO SUL";"Falta de atenção";"Colisão lateral";"Sem Vítimas";"Pleno dia";"Crescente";"Sol";"Simples";"Curva";"Urbano";2;0;0;0;2;0;0;2
83478335;"02/07/16";"Sábado";"22:15:00";"SC";470;"79,2";"RODEIO";"Desobediência à sinalização";"Colisão Transversal";"Com Vítimas Feridas";"Plena noite";"Decrescente";"Nublado";"Simples";"Reta";"Urbano";2;0;0;1;0;1;1;2
83478336;"02/07/16";"Sábado";"22:15:00";"ES";262;"167,6";"IBATIBA";"Ingestão de álcool";"Saída de Pista";"Com Vítimas Feridas";"Plena noite";"Crescente";"Ceu Claro";"Simples";"Reta";"Rural";2;0;0;2;0;0;2;1
83478337;"02/07/16";"Sábado";"21:50:00";"PE";232;"18";"MORENO";"Defeito mecânico em veículo";"Incêndio";"Sem Vítimas";"Plena noite";"Crescente";"Nublado";"Dupla";"Reta";"Rural";2;0;0;0;2;0;0;1
83478338;"01/07/16";"Sexta";"05:50:00";"BA";116;"452";"ANTONIO CARDOSO";"Defeito mecânico em veículo";"Colisão com objeto fixo";"Sem Vítimas";"Pleno dia";"Decrescente";"Nublado";"Simples";"Reta";"Rural";1;0;0;0;1;0;0;1
83478340;"02/07/16";"Sábado";"23:30:00";"SC";101;"194,3";"BIGUACU";"Falta de atenção";"Saída de Pista";"Sem Vítimas";"Plena noite";"Decrescente";"Ceu Claro";"Dupla";"Reta";"Urbano";1;0;0;0;1;0;0;1
83478341;"02/07/16";"Sábado";"14:00:00";"BA";242;"262,9";"IBIQUERA";"Velocidade incompatível";"Tombamento";"Com Vítimas Feridas";"Pleno dia";"Decrescente";"Ceu Claro";"Simples";"Curva";"Rural";2;0;2;0;0;0;2;1
83478342;"02/07/16";"Sábado";"23:40:00";"RJ";101;"265";"RIO BONITO";"Outras";"Queda de motocicleta / bicicleta / veículo";"Com Vítimas Feridas";"Plena noite";"Decrescente";"Nublado";"Dupla";"Reta";"Urbano";1;0;1;0;0;0;1;1
83478343;"02/07/16";"Sábado";"23:10:00";"RJ";101;"510";"ANGRA DOS REIS";"Falta de atenção";"Colisão traseira";"Com Vítimas Feridas";"Plena noite";"Crescente";"Ceu Claro";"Simples";"Reta";"Rural";3;0;1;1;1;0;2;2
83478344;"02/07/16";"Sábado";"21:18:00";"RO";364;"661";"PORTO VELHO";"Falta de atenção";"Colisão traseira";"Com Vítimas Feridas";"Plena noite";"Decrescente";"Ceu Claro";"Simples";"Reta";"Rural";2;0;0;1;0;1;1;2
83478345;"02/07/16";"Sábado";"19:00:00";"PI";316;"310,2";"PICOS";"Falta de atenção";"Colisão Transversal";"Com Vítimas Feridas";"Plena noite";"Crescente";"Ceu Claro";"Simples";"Reta";"Urbano";2;0;1;0;1;0;1;2
83478346;"02/07/16";"Sábado";"17:00:00";"BA";101;"868";"TEIXEIRA DE FREITAS";"Outras";"Capotamento";"Com Vítimas Feridas";"Anoitecer";"Decrescente";"Ceu Claro";"Simples";"Reta";"Rural";2;0;1;1;0;0;2;1
83478347;"02/07/16";"Sábado";"23:30:00";"RJ";101;"303";"SAO GONCALO";"Outras";"Colisão com objeto fixo";"Sem Vítimas";"Plena noite";"Decrescente";"Ceu Claro";"Dupla";"Reta";"Urbano";1;0;0;0;1;0;0;1
83478348;"02/07/16";"Sábado";"11:50:00";"RS";290;"709";"URUGUAIANA";"Não guardar distância de segurança";"Colisão traseira";"Sem Vítimas";"Pleno dia";"Crescente";"Ceu Claro";"Simples";"Reta";"Rural";4;0;0;0;4;0;0;2
83478349;"03/07/16";"Domingo";"00:10:00";"AL";101;"101";"PILAR";"Falta de atenção";"Saída de Pista";"Com Vítimas Feridas";"Plena noite";"Decrescente";"Ceu Claro";"Simples";"Curva";"Urbano";2;0;1;0;0;1;1;1
83478350;"02/07/16";"Sábado";"14:00:00";"SE";235;"35,8";"AREIA BRANCA";"Falta de atenção";"Colisão lateral";"Com Vítimas Feridas";"Pleno dia";"Crescente";"Nublado";"Simples";"Reta";"Rural";4;0;3;0;0;1;3;2
83478351;"02/07/16";"Sábado";"11:45:00";"AL";101;"135,1";"SAO MIGUEL DOS CAMPOS";"Defeito mecânico em veículo";"Tombamento";"Sem Vítimas";"Pleno dia";"Crescente";"Nublado";"Simples";"Curva";"Rural";1;0;0;0;1;0;0;1
83478352;"03/07/16";"Domingo";"00:15:00";"MT";364;"203";"RONDONOPOLIS";"Outras";"Atropelamento de pessoa";"Com Vítimas Feridas";"Plena noite";"Decrescente";"Ceu Claro";"Dupla";"Reta";"Urbano";2;0;1;0;0;1;1;1
83478353;"02/06/16";"Quinta";"23:50:00";"SP";153;"76";"BADY BASSITT";"Outras";"Queda de motocicleta / bicicleta / veículo";"Com Vítimas Fatais";"Plena noite";"Crescente";"Ceu Claro";"Simples";"Curva";"Rural";1;1;0;0;0;0;0;1
83478354;"02/07/16";"Sábado";"18:30:00";"SE";101;"93,9";"SAO CRISTOVAO";"Falta de atenção";"Colisão lateral";"Com Vítimas Feridas";"Plena noite";"Decrescente";"Nublado";"Dupla";"Reta";"Urbano";3;0;2;0;1;0;2;2
83478355;"02/07/16";"Sábado";"14:15:00";"SC";101;"382,4";"ICARA";"Outras";"Saída de Pista";"Com Vítimas Feridas";"Pleno dia";"Crescente";"Sol";"Dupla";"Reta";"Rural";1;0;1;0;0;0;1;1
83478356;"02/07/16";"Sábado";"14:45:00";"SP";459;"7,5";"PIQUETE";"Ingestão de álcool";"Colisão com objeto fixo";"Com Vítimas Feridas";"Pleno dia";"Crescente";"Sol";"Simples";"Curva";"Rural";2;0;1;0;0;1;1;2
83478357;"28/06/16";"Terça";"10:30:00";"SC";101;"52";"JOINVILLE";"Outras";"Colisão traseira";"Sem Vítimas";"Pleno dia";"Crescente";"Nublado";"Dupla";"Reta";"Rural";2;0;0;0;2;0;0;2
83478358;"03/07/16";"Domingo";"02:30:00";"BA";324;"7";"FEIRA DE SANTANA";"Ingestão de álcool";"Colisão com objeto fixo";"Com Vítimas Feridas";"Plena noite";"Decrescente";"Ceu Claro";"Dupla";"Reta";"Urbano";2;0;1;0;0;1;1;1
83478359;"03/07/16";"Domingo";"01:00:00";"SC";101;"200";"SAO JOSE";"Ingestão de álcool";"Colisão com objeto fixo";"Sem Vítimas";"Plena noite";"Crescente";"Nublado";"Dupla";"Reta";"Urbano";1;0;0;0;1;0;0;1
83478360;"02/07/16";"Sábado";"21:30:00";"MT";163;"603";"NOVA MUTUM";"Outras";"Saída de Pista";"Sem Vítimas";"Plena noite";"Decrescente";"Ceu Claro";"Simples";"Reta";"Rural";2;0;0;0;2;0;0;1
83478361;"03/07/16";"Domingo";"02:15:00";"MG";381;"930";"ITAPEVA";"Ingestão de álcool";"Capotamento";"Sem Vítimas";"Plena noite";"Decrescente";"Ceu Claro";"Dupla";"Reta";"Rural";1;0;0;0;1;0;0;1
83478362;"02/07/16";"Sábado";"22:50:00";"SP";153;"211";"GUAIMBE";"Velocidade incompatível";"Colisão Transversal";"Com Vítimas Feridas";"Plena noite";"Crescente";"Ceu Claro";"Simples";"Cruzamento";"Rural";2;0;1;0;1;0;1;2