"id";"data_inversa";"dia_semana";"horario";"uf";"br";"km";"municipio";"causa_acidente";"tipo_acidente";"classificacao_acidente";"fase_dia";"sentido_via";"condicao_metereologica";"tipo_pista";"tracado_via";"uso_solo";"pessoas";"mortos";"feridos_leves";"feridos_graves";"ilesos";"ignorados";"feridos";"veiculos"
83478363;"03/07/16";"Domingo";"01:50:00";"PR";277;"56";"SAO JOSE DOS PINHAIS";"Outras";"Saída de Pista";"Sem Vítimas";"Plena noite";"Crescente";"Ceu Claro";"Dupla";"Reta";"Rural";1;0;0;0;1;0;0;1
83478364;"03/07/16";"Domingo";"02:04:00";"RN";101;"84,6";"NATAL";"Outras";"Colisão com objeto fixo";"Com Vítimas Feridas";"Plena noite";"Crescente";"Ceu Claro";"Simples";"Curva";"Urbano";2;0;0;2;0;0;2;1
83478365;"02/07/16";"Sábado";"23:00:00";"MG";153;"44,7";"CANAPOLIS";"Dormindo";"Saída de Pista";"Com Vítimas Feridas";"Plena noite";"Crescente";"Ceu Claro";"Dupla";"Reta";"Rural";1;0;1;0;0;0;1;1
83478366;"02/07/16";"Sábado";"08:15:00";"PR";376;"668,4";"GUARATUBA";"Dormindo";"Saída de Pista";"Sem Vítimas";"Pleno dia";"Crescente";"Ceu Claro";"Dupla";"Curva";"Rural";1;0;0;0;1;0;0;1
83478367;"03/07/16";"Domingo";"02:45:00";"PR";153;"506";"GENERAL CARNEIRO";"Outras";"Incêndio";"Sem Vítimas";"Amanhecer";"Crescente";"Ceu Claro";"Simples";"Reta";"Urbano";1;0;0;0;1;0;0;1
83478368;"24/06/16";"Sexta";"21:50:00";"GO";40;"12";"LUZIANIA";"Outras";"Atropelamento de pessoa";"Com Vítimas Feridas";"Plena noite";"Crescente";"Ceu Claro";"Dupla";"Reta";"Urbano";2;0;1;0;1;0;1;1
83478369;"02/07/16";"Sábado";"19:00:00";"CE";222;"5";"CAUCAIA";"Ingestão de álcool";"Atropelamento de pessoa";"Com Vítimas Feridas";"Plena noite";"Decrescente";"Ceu Claro";"Dupla";"Reta";"Urbano";2;0;0;1;1;0;1;1
83478370;"03/07/16";"Domingo";"04:30:00";"RS";116;"243";"SAO LEOPOLDO";"Ingestão de álcool";"Colisão traseira";"Sem Vítimas";"Plena noite";"Crescente";"Ceu Claro";"Dupla";"Reta";"Urbano";2;0;0;0;2;0;0;2
83478371;"03/07/16";"Domingo";"03:35:00";"SP";153;"61,8";"SAO JOSE DO RIO PRETO";"Ingestão de álcool";"Saída de Pista";"Sem Vítimas";"Plena noite";"Decrescente";"Ceu Claro";"Dupla";"Curva";"Urbano";1;0;0;0;1;0;0;1
83478372;"02/07/16";"Sábado";"19:30:00";"TO";153;"136";"ARAGUAINA";"Desobediência à sinalização";"Colisão frontal";"Com Vítimas Feridas";"Plena noite";"Crescente";"Ceu Claro";"Dupla";"Reta";"Urbano";4;0;0;2;2;0;2;2
83478373;"25/06/16";"Sábado";"00:15:00";"SC";282;"4";"FLORIANOPOLIS";"Falta de atenção";"Colisão lateral";"Sem Vítimas";"Plena noite";"Crescente";"Nublado";"Dupla";"Reta";"Urbano";2;0;0;0;2;0;0;2
83478374;"02/07/16";"Sábado";"21:45:00";"GO";60;"168";"GOIANIA";"Outras";"Queda de motocicleta / bicicleta / veículo";"Com Vítimas Feridas";"Plena noite";"Decrescente";"Ceu Claro";"Simples";"Reta";"Rural";2;0;0;1;1;0;1;1
83478375;"02/07/16";"Sábado";"18:30:00";"PR";476;"139";"CURITIBA";"Outras";"Colisão lateral";"Com Vítimas Feridas";"Anoitecer";"Crescente";"Ceu Claro";"Múltipla";"Reta";"Urbano";6;0;1;0;5;0;1;2
83478376;"28/06/16";"Terça";"18:00:00";"SC";101;"193,5";"BIGUACU";"Ingestão de álcool";"Colisão traseira";"Com Vítimas Feridas";"Plena noite";"Decrescente";"Ceu Claro";"Dupla";"Reta";"Urbano";2;0;1;0;1;0;1;2
83478377;"02/07/16";"Sábado";"18:00:00";"SP";381;"39";"ATIBAIA";"Ingestão de álcool";"Saída de Pista";"Com Vítimas Feridas";"Plena noite";"Crescente";"Nublado";"Dupla";"Reta";"Urbano";2;0;1;0;1;0;1;1
83478378;"03/07/16";"Domingo";"04:00:00";"PR";277;"667,9";"MEDIANEIRA";"Falta de atenção";"Capotamento";"Sem Vítimas";"Plena noite";"Decrescente";"Ceu Claro";"Dupla";"Reta";"Rural";1;0;0;0;1;0;0;1
83478379;"03/07/16";"Domingo";"05:00:00";"PR";277;"454";"LARANJEIRAS DO SUL";"Outras";"Colisão lateral";"Com Vítimas Feridas";"Plena noite";"Crescente";"Ceu Claro";"Simples";"Cruzamento";"Urbano";2;0;1;0;1;0;1;2
83478380;"02/06/16";"Quinta";"19:10:00";"RS";158;"333,3";"SANTA MARIA";"Desobediência à sinalização";"Colisão Transversal";"Sem Vítimas";"Plena noite";"Decrescente";"Ceu Claro";"Simples";"Cruzamento";"Urbano";2;0;0;0;2;0;0;2
83478381;"03/07/16";"Domingo";"03:00:00";"MA";316;"512";"CAXIAS";"Outras";"Colisão com objeto fixo";"Com Vítimas Feridas";"Plena noite";"Crescente";"Ceu Claro";"Simples";"Reta";"Rural";2;0;1;0;1;0;1;1
83478382;"03/07/16";"Domingo";"02:50:00";"GO";153;"576";"PROFESSOR JAMIL";"Ingestão de álcool";"Saída de Pista";"Sem Vítimas";"Plena noite";"Crescente";"Ceu Claro";"Dupla";"Reta";"Rural";1;0;0;0;1;0;0;1
83478383;"03/07/16";"Domingo";"04:40:00";"PR";369;"189";"ARAPONGAS";"Falta de atenção";"Colisão traseira";"Com Vítimas Feridas";"Plena noite";"Crescente";"Ceu Claro";"Dupla";"Reta";"Rural";3;0;2;0;1;0;2;2
83478384;"03/06/16";"Sexta";"03:50:00";"SC";101;"234";"PALHOCA";"Outras";"Saída de Pista";"Com Vítimas Feridas";"Plena noite";"Crescente";"Nevoeiro/neblina";"Dupla";"Reta";"Rural";1;0;0;1;0;0;1;1
83478385;"03/07/16";"Domingo";"03:40:00";"PR";116;"5,5";"QUATRO BARRAS";"Velocidade incompatível";"Colisão com objeto fixo";"Com Vítimas Feridas";"Plena noite";"Decrescente";"Nublado";"Dupla";"Reta";"Urbano";2;0;0;1;0;1;1;1
83478386;"02/07/16";"Sábado";"13:00:00";"RJ";116;"4";"SAPUCAIA";"Outras";"Queda de motocicleta / bicicleta / veículo";"Com Vítimas Feridas";"Pleno dia";"Crescente";"Ceu Claro";"Simples";"Curva";"Urbano";2;0;2;0;0;0;2;1
83478388;"02/07/16";"Sábado";"00:45:00";"PR";116;"141";"MANDIRITUBA";"Velocidade incompatível";"Capotamento";"Sem Vítimas";"Plena noite";"Decrescente";"Ceu Claro";"Dupla";"Curva";"Rural";1;0;0;0;1;0;0;1
83478389;"03/07/16";"Domingo";"03:40:00";"MG";381;"873,7";"ESTIVA";"Velocidade incompatível";"Capotamento";"Sem Vítimas";"Plena noite";"Crescente";"Ceu Claro";"Simples";"Curva";"Rural";1;0;0;0;1;0;0;1
83478390;"03/07/16";"Domingo";"02:30:00";"ES";262;"163,4";"IBATIBA";"Ultrapassagem indevida";"Colisão frontal";"Sem Vítimas";"Plena noite";"Decrescente";"Nevoeiro/neblina";"Simples";"Reta";"Rural";2;0;0;0;2;0;0;2
83478391;"29/06/16";"Quarta";"08:40:00";"ES";101;"266,9";"SERRA";"Outras";"Saída de Pista";"Com Vítimas Feridas";"Pleno dia";"Decrescente";"Ceu Claro";"Dupla";"Reta";"Rural";1;0;1;0;0;0;1;1
83478392;"02/07/16";"Sábado";"22:30:00";"MG";50;"96";"UBERLANDIA";"Dormindo";"Saída de Pista";"Sem Vítimas";"Plena noite";"Decrescente";"Ceu Claro";"Dupla";"Reta";"Rural";1;0;0;0;1;0;0;1
83478393;"02/07/16";"Sábado";"22:00:00";"SP";116;"313";"SAO LOURENCO DA SERRA";"Falta de atenção";"Colisão Transversal";"Com Vítimas Feridas";"Plena noite";"Crescente";"Ceu Claro";"Dupla";"Reta";"Rural";2;0;0;1;0;1;1;2
83478394;"03/07/16";"Domingo";"01:12:00";"GO";50;"279";"CATALAO";"Ingestão de álcool";"Queda de motocicleta / bicicleta / veículo";"Com Vítimas Feridas";"Plena noite";"Crescente";"Ignorada";"Simples";"Reta";"Urbano";1;0;0;1;0;0;1;1
83478395;"25/06/16";"Sábado";"23:00:00";"GO";60;"407,7";"RIO VERDE";"Velocidade incompatível";"Saída de Pista";"Com Vítimas Feridas";"Plena noite";"Decrescente";"Ceu Claro";"Dupla";"Reta";"Rural";1;0;1;0;0;0;1;1
83478396;"02/07/16";"Sábado";"23:30:00";"SC";282;"410,9";"CATANDUVAS";"Outras";"Colisão frontal";"Com Vítimas Feridas";"Plena noite";"Crescente";"Ceu Claro";"Simples";"Curva";"Rural";5;0;5;0;0;0;5;2
83478397;"02/07/16";"Sábado";"20:30:00";"PR";277;"108";"CAMPO LARGO";"Outras";"Colisão traseira";"Sem Vítimas";"Plena noite";"Crescente";"Ceu Claro";"Dupla";"Reta";"Urbano";2;0;0;0;2;0;0;2
83478398;"29/06/16";"Quarta";"18:30:00";"CE";116;"21";"ITAITINGA";"Animais na Pista";"Atropelamento de animal";"Com Vítimas Feridas";"Plena noite";"Crescente";"Ceu Claro";"Dupla";"Reta";"Urbano";1;0;1;0;0;0;1;1
83478399;"03/07/16";"Domingo";"06:24:00";"SP";116;"442";"REGISTRO";"Falta de atenção";"Queda de motocicleta / bicicleta / veículo";"Com Vítimas Feridas";"Amanhecer";"Decrescente";"Chuva";"Dupla";"Reta";"Rural";2;0;2;0;0;0;2;1
83478400;"02/07/16";"Sábado";"16:30:00";"AL";104;"92";"RIO LARGO";"Outras";"Atropelamento de pessoa";"Com Vítimas Feridas";"Pleno dia";"Decrescente";"Chuva";"Dupla";"Reta";"Urbano";2;0;1;0;1;0;1;1
83478401;"02/06/16";"Quinta";"22:00:00";"SC";282;"459,9";"PONTE SERRADA";"Desobediência à sinalização";"Colisão lateral";"Com Vítimas Feridas";"Plena noite";"Crescente";"Ceu Claro";"Simples";"Reta";"Urbano";3;0;1;1;1;0;2;2
83478402;"03/07/16";"Domingo";"04:30:00";"MG";381;"410";"NOVA UNIAO";"Dormindo";"Colisão frontal";"Com Vítimas Feridas";"Plena noite";"Decrescente";"Ceu Claro";"Simples";"Reta";"Rural";6;0;1;5;0;0;6;2
83478403;"02/07/16";"Sábado";"23:00:00";"RR";401;"29";"BONFIM";"Animais na Pista";"Capotamento";"Sem Vítimas";"Plena noite";"Decrescente";"Ceu Claro";"Simples";"Reta";"Rural";1;0;0;0;1;0;0;1
83478404;"03/07/16";"Domingo";"02:40:00";"PB";230;"369,1";"MALTA";"Dormindo";"Tombamento";"Com Vítimas Feridas";"Plena noite";"Decrescente";"Ceu Claro";"Simples";"Reta";"Rural";1;0;1;0;0;0;1;1
83478405;"03/07/16";"Domingo";"06:30:00";"SP";116;"442";"REGISTRO";"Falta de atenção";"Saída de Pista";"Sem Vítimas";"Amanhecer";"Decrescente";"Chuva";"Dupla";"Reta";"Rural";4;0;0;0;4;0;0;1
83478406;"02/07/16";"Sábado";"18:15:00";"RJ";116;"104";"GUAPIMIRIM";"Falta de atenção";"Atropelamento de pessoa";"Com Vítimas Feridas";"Plena noite";"Decrescente";"Ceu Claro";"Dupla";"Reta";"Rural";2;0;0;1;1;0;1;1
83478407;"02/07/16";"Sábado";"18:15:00";"BA";330;"698,5";"JEQUIE";"Velocidade incompatível";"Saída de Pista";"Com Vítimas Feridas";"Plena noite";"Crescente";"Nublado";"Simples";"Curva";"Rural";2;0;1;0;1;0;1;1
83478408;"02/07/16";"Sábado";"17:00:00";"PR";277;"213,5";"TEIXEIRA SOARES";"Falta de atenção";"Queda de motocicleta / bicicleta / veículo";"Com Vítimas Feridas";"Pleno dia";"Decrescente";"Ceu Claro";"Simples";"Reta";"Rural";2;0;2;0;0;0;2;1
83478409;"03/07/16";"Domingo";"07:00:00";"PR";153;"455";"UNIAO DA VITORIA";"Outras";"Capotamento";"Ignorado";"Amanhecer";"Decrescente";"Nublado";"Simples";"Reta";"Rural";1;0;0;0;0;1;0;1
83478410;"03/07/16";"Domingo";"05:00:00";"MG";262;"93";"ABRE CAMPO";"Velocidade incompatível";"Capotamento";"Ignorado";"Plena noite";"Crescente";"Ceu Claro";"Simples";"Curva";"Rural";1;0;0;0;0;1;0;1
83478411;"29/06/16";"Quarta";"17:10:00";"SC";101;"205";"SAO JOSE";"Falta de atenção";"Colisão traseira";"Com Vítimas Feridas";"Pleno dia";"Decrescente";"Nublado";"Dupla";"Reta";"Urbano";3;0;1;0;2;0;1;3
83478412;"29/06/16";"Quarta";"04:30:00";"MG";381;"684,2";"RIBEIRAO VERMELHO";"Velocidade incompatível";"Saída de Pista";"Sem Vítimas";"Plena noite";"Decrescente";"Ceu Claro";"Dupla";"Reta";"Rural";1;0;0;0;1;0;0;1
83478413;"29/06/16";"Quarta";"19:30:00";"PR";116;"106";"SAO JOSE DOS PINHAIS";"Velocidade incompatível";"Colisão traseira";"Com Vítimas Feridas";"Plena noite";"Crescente";"Ceu Claro";"Dupla";"Reta";"Urbano";5;0;2;0;3;0;2;5
83478414;"03/07/16";"Domingo";"04:50:00";"PE";407;"76";"PETROLINA";"Velocidade incompatível";"Saída de Pista";"Com Vítimas Feridas";"Plena noite";"Decrescente";"Nublado";"Simples";"Curva";"Rural";1;0;1;0;0;0;1;1
83478415;"01/07/16";"Sexta";"07:15:00";"PR";476;"138";"CURITIBA";"Falta de atenção";"Colisão traseira";"Com Vítimas Feridas";"Pleno dia";"Crescente";"Ceu Claro";"Dupla";"Reta";"Urbano";3;0;1;0;2;0;1;2
83478416;"03/07/16";"Domingo";"06:40:00";"RS";386;"282,7";"SAO JOSE DO HERVAL";"Outras";"Saída de Pista";"Com Vítimas Feridas";"Amanhecer";"Crescente";"Ceu Claro";"Simples";"Curva";"Rural";1;0;1;0;0;0;1;1
83478417;"29/06/16";"Quarta";"22:00:00";"SC";282;"217";"LAGES";"Falta de atenção";"Colisão lateral";"Com Vítimas Feridas";"Plena noite";"Decrescente";"Ceu Claro";"Simples";"Reta";"Urbano";2;0;1;0;1;0;1;2
83478418;"29/06/16";"Quarta";"17:50:00";"MG";381;"234,5";"SANTANA DO PARAISO";"Velocidade incompatível";"Capotamento";"Com Vítimas Feridas";"Anoitecer";"Crescente";"Ceu Claro";"Simples";"Reta";"Rural";1;0;0;1;0;0;1;1
83478419;"03/07/16";"Domingo";"00:15:00";"MS";262;"416,6";"TERENOS";"Animais na Pista";"Capotamento";"Com Vítimas Feridas";"Plena noite";"Decrescente";"Ceu Claro";"Simples";"Reta";"Rural";2;0;2;0;0;0;2;1
83478420;"03/07/16";"Domingo";"06:00:00";"SP";153;"103,8";"JOSE BONIFACIO";"Outras";"Capotamento";"Sem Vítimas";"Amanhecer";"Crescente";"Ceu Claro";"Simples";"Reta";"Rural";2;0;0;0;1;1;0;1
83478421;"03/07/16";"Domingo";"06:30:00";"RS";290;"92";"PORTO ALEGRE";"Ingestão de álcool";"Colisão com objeto fixo";"Sem Vítimas";"Plena noite";"Decrescente";"Ceu Claro";"Dupla";"Reta";"Urbano";1;0;0;0;1;0;0;1
83478422;"29/06/16";"Quarta";"17:50:00";"BA";324;"623";"SALVADOR";"Velocidade incompatível";"Colisão traseira";"Sem Vítimas";"Anoitecer";"Decrescente";"Chuva";"Simples";"Reta";"Urbano";6;0;0;0;5;1;0;6
83478423;"03/07/16";"Domingo";"07:20:00";"SC";101;"210";"SAO JOSE";"Desobediência à sinalização";"Colisão com objeto fixo";"Ignorado";"Pleno dia";"Crescente";"Nublado";"Múltipla";"Reta";"Urbano";1;0;0;0;0;1;0;1
83478424;"03/07/16";"Domingo";"07:00:00";"RS";116;"154";"CAXIAS DO SUL";"Velocidade incompatível";"Saída de Pista";"Ignorado";"Pleno dia";"Decrescente";"Ceu Claro";"Simples";"Reta";"Urbano";1;0;0;0;0;1;0;1
83478425;"03/07/16";"Domingo";"08:00:00";"PR";277;"335,3";"GUARAPUAVA";"Outras";"Colisão traseira";"Com Vítimas Feridas";"Pleno dia";"Decrescente";"Sol";"Simples";"Reta";"Rural";3;0;2;0;1;0;2;2
83478426;"26/06/16";"Domingo";"11:40:00";"BA";101;"264";"SANTO ANTONIO DE JESUS";"Outras";"Colisão lateral";"Com Vítimas Feridas";"Pleno dia";"Crescente";"Ceu Claro";"Simples";"Curva";"Urbano";3;0;2;0;1;0;2;2
83478427;"03/02/16";"Quarta";"05:00:00";"BA";135;"121";"RIACHAO DAS NEVES";"Desobediência à sinalização";"Colisão lateral";"Sem Vítimas";"Plena noite";"Decrescente";"Ceu Claro";"Simples";"Reta";"Rural";2;0;0;0;1;1;0;2
83478428;"30/06/16";"Quinta";"06:50:00";"TO";153;"485";"PARAISO DO TOCANTINS";"Falta de atenção";"Capotamento";"Com Vítimas Feridas";"Amanhecer";"Decrescente";"Ceu Claro";"Simples";"Reta";"Rural";1;0;1;0;0;0;1;1
83478429;"01/07/16";"Sexta";"21:00:00";"MT";70;"5";"BARRA DO GARCAS";"Falta de atenção";"Queda de motocicleta / bicicleta / veículo";"Com Vítimas Feridas";"Plena noite";"Crescente";"Ceu Claro";"Simples";"Curva";"Urbano";1;0;0;1;0;0;1;1
83478430;"02/07/16";"Sábado";"18:40:00";"MG";135;"369";"MONTES CLAROS";"Outras";"Queda de motocicleta / bicicleta / veículo";"Com Vítimas Feridas";"Plena noite";"Decrescente";"Nublado";"Simples";"Cruzamento";"Urbano";2;0;1;0;1;0;1;1
83478431;"25/06/16";"Sábado";"14:50:00";"MG";40;"692,8";"ALFREDO VASCONCELOS";"Ingestão de álcool";"Colisão traseira";"Sem Vítimas";"Pleno dia";"Crescente";"Ceu Claro";"Dupla";"Reta";"Urbano";2;0;0;0;2;0;0;2
83478432;"03/07/16";"Domingo";"07:00:00";"CE";116;"42";"HORIZONTE";"Outras";"Colisão traseira";"Com Vítimas Feridas";"Pleno dia";"Crescente";"Ceu Claro";"Dupla";"Reta";"Urbano";3;0;1;0;2;0;1;2
83478433;"03/07/16";"Domingo";"07:44:00";"PR";277;"101";"CURITIBA";"Outras";"Capotamento";"Com Vítimas Feridas";"Pleno dia";"Decrescente";"Ceu Claro";"Dupla";"Curva";"Urbano";1;0;1;0;0;0;1;1
83478434;"01/07/16";"Sexta";"00:30:00";"BA";242;"319";"LENCOIS";"Falta de atenção";"Colisão traseira";"Com Vítimas Feridas";"Plena noite";"Decrescente";"Nublado";"Simples";"Reta";"Rural";4;0;2;0;2;0;2;2
83478435;"21/06/16";"Terça";"19:00:00";"SC";470;"70,1";"INDAIAL";"Ingestão de álcool";"Colisão frontal";"Com Vítimas Fatais";"Plena noite";"Crescente";"Ceu Claro";"Simples";"Cruzamento";"Urbano";4;2;1;1;0;0;2;2
83478436;"29/06/16";"Quarta";"00:00:00";"PB";427;"36";"POMBAL";"Falta de atenção";"Colisão traseira";"Com Vítimas Fatais";"Plena noite";"Decrescente";"Ceu Claro";"Simples";"Reta";"Urbano";3;1;0;1;0;1;1;2
83478437;"27/06/16";"Segunda";"08:00:00";"BA";324;"606";"SIMOES FILHO";"Não guardar distância de segurança";"Colisão traseira";"Com Vítimas Feridas";"Pleno dia";"Crescente";"Chuva";"Dupla";"Reta";"Urbano";5;0;2;0;3;0;2;2
83478438;"03/07/16";"Domingo";"10:30:00";"RS";285;"339,3";"LAGOA VERMELHA";"Falta de atenção";"Saída de Pista";"Sem Vítimas";"Pleno dia";"Crescente";"Sol";"Simples";"Reta";"Rural";1;0;0;0;1;0;0;1
83478439;"26/06/16";"Domingo";"02:00:00";"MG";40;"700";"BARBACENA";"Velocidade incompatível";"Saída de Pista";"Sem Vítimas";"Plena noite";"Decrescente";"Ceu Claro";"Dupla";"Reta";"Urbano";2;0;0;0;1;1;0;1
83478440;"19/06/16";"Domingo";"08:40:00";"RJ";40;"78";"PETROPOLIS";"Velocidade incompatível";"Saída de Pista";"Com Vítimas Feridas";"Pleno dia";"Crescente";"Nublado";"Simples";"Curva";"Rural";1;0;0;1;0;0;1;1
83478441;"16/06/16";"Quinta";"06:30:00";"PR";476;"137";"CURITIBA";"Falta de atenção";"Colisão Transversal";"Com Vítimas Feridas";"Pleno dia";"Decrescente";"Ceu Claro";"Dupla";"Cruzamento";"Urbano";2;0;0;1;1;0;1;2
83478442;"28/06/16";"Terça";"23:30:00";"MG";40;"503,7";"ESMERALDAS";"Dormindo";"Saída de Pista";"Com Vítimas Feridas";"Plena noite";"Decrescente";"Ceu Claro";"Dupla";"Reta";"Rural";2;0;1;0;1;0;1;1
83478443;"03/07/16";"Domingo";"09:30:00";"SP";116;"146,6";"SAO JOSE DOS CAMPOS";"Falta de atenção";"Colisão traseira";"Sem Vítimas";"Pleno dia";"Decrescente";"Ceu Claro";"Dupla";"Reta";"Urbano";3;0;0;0;3;0;0;3
83478444;"02/07/16";"Sábado";"21:00:00";"CE";222;"5,6";"CAUCAIA";"Outras";"Colisão com objeto fixo";"Com Vítimas Feridas";"Pleno dia";"Crescente";"Ceu Claro";"Dupla";"Curva";"Urbano";1;0;0;1;0;0;1;1
83478445;"02/07/16";"Sábado";"08:00:00";"SP";101;"50,3";"UBATUBA";"Ingestão de álcool";"Colisão traseira";"Com Vítimas Feridas";"Pleno dia";"Crescente";"Nublado";"Simples";"Reta";"Urbano";2;0;0;1;1;0;1;2
83478446;"30/06/16";"Quinta";"06:40:00";"DF";70;"4";"BRASILIA";"Não guardar distância de segurança";"Colisão lateral";"Com Vítimas Feridas";"Pleno dia";"Decrescente";"Sol";"Dupla";"Reta";"Urbano";2;0;1;0;1;0;1;2
83478447;"29/06/16";"Quarta";"20:15:00";"RJ";101;"517";"ANGRA DOS REIS";"Animais na Pista";"Atropelamento de animal";"Sem Vítimas";"Plena noite";"Crescente";"Ceu Claro";"Simples";"Reta";"Rural";1;0;0;0;1;0;0;1
83478448;"02/07/16";"Sábado";"23:00:00";"SP";116;"107";"TAUBATE";"Animais na Pista";"Queda de motocicleta / bicicleta / veículo";"Com Vítimas Feridas";"Plena noite";"Decrescente";"Ceu Claro";"Dupla";"Reta";"Urbano";1;0;1;0;0;0;1;1
83478450;"26/06/16";"Domingo";"13:40:00";"BA";101;"296";"LAJE";"Outras";"Capotamento";"Sem Vítimas";"Pleno dia";"Crescente";"Chuva";"Simples";"Reta";"Urbano";1;0;0;0;1;0;0;1
83478451;"29/06/16";"Quarta";"12:00:00";"PR";369;"410";"JURANDA";"Outras";"Saída de Pista";"Sem Vítimas";"Pleno dia";"Crescente";"Ceu Claro";"Simples";"Reta";"Rural";1;0;0;0;1;0;0;1
83478452;"03/07/16";"Domingo";"11:20:00";"RS";116;"247,8";"SAO LEOPOLDO";"Desobediência à sinalização";"Colisão Transversal";"Sem Vítimas";"Pleno dia";"Crescente";"Ceu Claro";"Dupla";"Cruzamento";"Urbano";2;0;0;0;2;0;0;2
83478453;"03/07/16";"Domingo";"08:07:00";"MT";364;"452";"VARZEA GRANDE";"Não guardar distância de segurança";"Colisão traseira";"Sem Vítimas";"Pleno dia";"Decrescente";"Sol";"Simples";"Reta";"Rural";2;0;0;0;2;0;0;2
83478454;"03/07/16";"Domingo";"10:00:00";"SC";101;"242,8";"PALHOCA";"Falta de atenção";"Colisão com objeto fixo";"Sem Vítimas";"Pleno dia";"Crescente";"Sol";"Dupla";"Reta";"Rural";1;0;0;0;1;0;0;1
83478455;"03/07/16";"Domingo";"10:20:00";"MG";116;"572,8";"MANHUACU";"Falta de atenção";"Colisão Transversal";"Com Vítimas Feridas";"Pleno dia";"Decrescente";"Ceu Claro";"Simples";"Curva";"Rural";3;0;1;0;2;0;1;2
83478456;"03/07/16";"Domingo";"09:15:00";"SC";101;"220";"PALHOCA";"Defeito mecânico em veículo";"Incêndio";"Sem Vítimas";"Pleno dia";"Crescente";"Ceu Claro";"Simples";"Curva";"Urbano";1;0;0;0;1;0;0;1
83478457;"30/06/16";"Quinta";"07:00:00";"MG";40;"336,5";"FELIXLANDIA";"Velocidade incompatível";"Saída de Pista";"Sem Vítimas";"Pleno dia";"Decrescente";"Ceu Claro";"Simples";"Reta";"Rural";1;0;0;0;1;0;0;1
83478458;"29/06/16";"Quarta";"06:20:00";"SC";163;"77,6";"SAO MIGUEL DOESTE";"Velocidade incompatível";"Saída de Pista";"Com Vítimas Feridas";"Amanhecer";"Crescente";"Ceu Claro";"Simples";"Reta";"Rural";1;0;0;1;0;0;1;1
83478459;"03/07/16";"Domingo";"10:00:00";"SC";282;"37,3";"AGUAS MORNAS";"Velocidade incompatível";"Colisão frontal";"Com Vítimas Feridas";"Pleno dia";"Crescente";"Ceu Claro";"Simples";"Curva";"Rural";3;0;0;3;0;0;3;2
83478460;"03/07/16";"Domingo";"12:00:00";"PR";376;"662";"TIJUCAS DO SUL";"Outras";"Derramamento de Carga";"Sem Vítimas";"Pleno dia";"Decrescente";"Ceu Claro";"Dupla";"Reta";"Rural";1;0;0;0;1;0;0;1
83478461;"03/07/16";"Domingo";"04:20:00";"GO";20;"212,8";"POSSE";"Outras";"Saída de Pista";"Com Vítimas Feridas";"Plena noite";"Crescente";"Ceu Claro";"Simples";"Reta";"Rural";3;0;1;2;0;0;3;1
83478462;"03/07/16";"Domingo";"09:50:00";"BA";324;"513";"FEIRA DE SANTANA";"Falta de atenção";"Colisão Transversal";"Com Vítimas Feridas";"Pleno dia";"Crescente";"Nublado";"Simples";"Reta";"Urbano";2;0;1;0;0;1;1;2
83478463;"29/06/16";"Quarta";"20:50:00";"TO";153;"135";"ARAGUAINA";"Velocidade incompatível";"Colisão traseira";"Com Vítimas Feridas";"Plena noite";"Decrescente";"Ceu Claro";"Simples";"Reta";"Urbano";4;0;3;0;1;0;3;2
83478464;"24/06/16";"Sexta";"21:30:00";"BA";101;"162";"CONCEICAO DO JACUIPE";"Outras";"Colisão lateral";"Sem Vítimas";"Pleno dia";"Crescente";"Ceu Claro";"Simples";"Cruzamento";"Urbano";2;0;0;0;2;0;0;2
83478465;"29/06/16";"Quarta";"07:50:00";"PR";277;"350,5";"GUARAPUAVA";"Outras";"Colisão frontal";"Com Vítimas Fatais";"Pleno dia";"Crescente";"Ceu Claro";"Simples";"Reta";"Urbano";2;1;1;0;0;0;1;2
83478466;"03/07/16";"Domingo";"05:00:00";"BA";110;"133";"CICERO DANTAS";"Outras";"Atropelamento de pessoa";"Com Vítimas Fatais";"Amanhecer";"Crescente";"Ceu Claro";"Simples";"Reta";"Rural";2;1;0;0;0;1;0;1
83478467;"29/06/16";"Quarta";"16:20:00";"PE";232;"101,6";"BEZERROS";"Outras";"Atropelamento de pessoa";"Com Vítimas Fatais";"Pleno dia";"Crescente";"Ceu Claro";"Múltipla";"Reta";"Urbano";2;1;0;0;1;0;0;1
83478468;"03/07/16";"Domingo";"08:30:00";"RS";293;"182";"BAGE";"Defeito mecânico em veículo";"Tombamento";"Sem Vítimas";"Amanhecer";"Decrescente";"Sol";"Dupla";"Cruzamento";"Urbano";1;0;0;0;1;0;0;1
83478469;"03/07/16";"Domingo";"07:40:00";"BA";110;"119,6";"ANTAS";"Ultrapassagem indevida";"Colisão lateral";"Com Vítimas Feridas";"Pleno dia";"Decrescente";"Ceu Claro";"Simples";"Curva";"Rural";7;0;2;0;5;0;2;2
83478470;"03/07/16";"Domingo";"12:43:00";"PE";101;"47";"IGARASSU";"Não guardar distância de segurança";"Colisão lateral";"Com Vítimas Feridas";"Pleno dia";"Decrescente";"Sol";"Múltipla";"Reta";"Urbano";2;0;1;0;1;0;1;2
83478471;"30/06/16";"Quinta";"07:15:00";"ES";101;"84";"SAO MATEUS";"Defeito mecânico em veículo";"Queda de motocicleta / bicicleta / veículo";"Com Vítimas Feridas";"Pleno dia";"Crescente";"Ceu Claro";"Simples";"Reta";"Rural";2;0;2;0;0;0;2;1