"id";"data_inversa";"dia_semana";"horario";"uf";"br";"km";"municipio";"causa_acidente";"tipo_acidente";"classificacao_acidente";"fase_dia";"sentido_via";"condicao_metereologica";"tipo_pista";"tracado_via";"uso_solo";"pessoas";"mortos";"feridos_leves";"feridos_graves";"ilesos";"ignorados";"feridos";"veiculos"
83478583;"03/07/16";"Domingo";"15:30:00";"RS";116;"2";"PORTO ALEGRE";"Outras";"Colisão traseira";"Com Vítimas Feridas";"Pleno dia";"Crescente";"Sol";"Dupla";"Reta";"Urbano";5;0;2;0;3;0;2;3
83478584;"03/07/16";"Domingo";"17:30:00";"MG";50;"202";"DELTA";"Velocidade incompatível";"Colisão traseira";"Com Vítimas Feridas";"Pleno dia";"Crescente";"Ceu Claro";"Dupla";"Reta";"Rural";3;0;1;0;2;0;1;2
83478585;"03/07/16";"Domingo";"16:10:00";"MG";267;"304,5";"CAXAMBU";"Ultrapassagem indevida";"Colisão lateral";"Com Vítimas Feridas";"Pleno dia";"Crescente";"Ceu Claro";"Simples";"Curva";"Urbano";3;0;1;1;0;1;2;2
83478586;"03/06/16";"Sexta";"06:30:00";"RJ";101;"69";"CAMPOS DOS GOYTACAZES";"Outras";"Colisão com objeto fixo";"Sem Vítimas";"Pleno dia";"Decrescente";"Sol";"Simples";"Reta";"Urbano";1;0;0;0;1;0;0;1
83478587;"03/07/16";"Domingo";"19:00:00";"SC";470;"102";"APIUNA";"Ingestão de álcool";"Colisão Transversal";"Sem Vítimas";"Plena noite";"Crescente";"Nublado";"Simples";"Reta";"Urbano";2;0;0;0;2;0;0;2
83478588;"03/07/16";"Domingo";"18:30:00";"RJ";101;"92";"CAMPOS DOS GOYTACAZES";"Outras";"Tombamento";"Com Vítimas Feridas";"Plena noite";"Crescente";"Ceu Claro";"Simples";"Curva";"Rural";1;0;1;0;0;0;1;1
83478589;"03/07/16";"Domingo";"18:15:00";"MG";267;"355,2";"CAMBUQUIRA";"Ultrapassagem indevida";"Colisão frontal";"Com Vítimas Feridas";"Plena noite";"Crescente";"Ceu Claro";"Simples";"Reta";"Rural";3;0;3;0;0;0;3;2
83478591;"01/07/16";"Sexta";"20:40:00";"MT";70;"62";"BARRA DO GARCAS";"Dormindo";"Saída de Pista";"Sem Vítimas";"Plena noite";"Decrescente";"Ceu Claro";"Simples";"Reta";"Rural";1;0;0;0;1;0;0;1
83478592;"03/07/16";"Domingo";"17:00:00";"SP";116;"363,7";"MIRACATU";"Falta de atenção";"Tombamento";"Com Vítimas Feridas";"Pleno dia";"Decrescente";"Sol";"Dupla";"Curva";"Rural";1;0;1;0;0;0;1;1
83478593;"29/06/16";"Quarta";"21:30:00";"RJ";101;"413";"ITAGUAI";"Velocidade incompatível";"Colisão Transversal";"Sem Vítimas";"Plena noite";"Crescente";"Nevoeiro/neblina";"Dupla";"Reta";"Urbano";4;0;0;0;4;0;0;2
83478594;"03/07/16";"Domingo";"16:15:00";"RS";293;"137";"CANDIOTA";"Desobediência à sinalização";"Colisão Transversal";"Com Vítimas Feridas";"Pleno dia";"Decrescente";"Sol";"Simples";"Reta";"Urbano";5;0;2;1;2;0;3;2
83478595;"18/06/16";"Sábado";"04:05:00";"RJ";116;"166";"RIO DE JANEIRO";"Outras";"Colisão com objeto fixo";"Sem Vítimas";"Plena noite";"Crescente";"Nublado";"Múltipla";"Reta";"Urbano";6;0;0;0;6;0;0;2
83478596;"03/07/16";"Domingo";"19:40:00";"SP";116;"207";"GUARULHOS";"Falta de atenção";"Colisão traseira";"Com Vítimas Feridas";"Plena noite";"Crescente";"Ceu Claro";"Dupla";"Reta";"Urbano";4;0;1;0;3;0;1;3
83478597;"03/07/16";"Domingo";"19:10:00";"RJ";101;"407";"ITAGUAI";"Falta de atenção";"Saída de Pista";"Com Vítimas Feridas";"Plena noite";"Decrescente";"Ceu Claro";"Dupla";"Reta";"Urbano";1;0;1;0;0;0;1;1
83478598;"03/07/16";"Domingo";"20:30:00";"MG";381;"493";"BETIM";"Falta de atenção";"Colisão Transversal";"Com Vítimas Feridas";"Plena noite";"Decrescente";"Ceu Claro";"Dupla";"Reta";"Urbano";2;0;1;0;1;0;1;2
83478599;"03/07/16";"Domingo";"19:00:00";"MS";163;"79,5";"ITAQUIRAI";"Outras";"Colisão traseira";"Com Vítimas Feridas";"Anoitecer";"Crescente";"Ceu Claro";"Simples";"Reta";"Rural";2;0;1;0;1;0;1;2
83478600;"03/07/16";"Domingo";"20:30:00";"SP";116;"199";"ARUJA";"Não guardar distância de segurança";"Colisão traseira";"Com Vítimas Feridas";"Plena noite";"Crescente";"Ceu Claro";"Dupla";"Reta";"Urbano";2;0;1;0;0;1;1;2
83478601;"29/06/16";"Quarta";"23:00:00";"MG";381;"691,3";"LAVRAS";"Falta de atenção";"Colisão lateral";"Sem Vítimas";"Plena noite";"Decrescente";"Ceu Claro";"Dupla";"Reta";"Rural";2;0;0;0;2;0;0;2
83478602;"03/07/16";"Domingo";"18:50:00";"PI";316;"313,8";"PICOS";"Falta de atenção";"Colisão traseira";"Com Vítimas Fatais";"Plena noite";"Decrescente";"Ceu Claro";"Múltipla";"Reta";"Urbano";2;1;0;0;1;0;0;2
83478603;"03/07/16";"Domingo";"19:00:00";"BA";324;"407";"NOVA FATIMA";"Outras";"Colisão frontal";"Com Vítimas Feridas";"Anoitecer";"Decrescente";"Ceu Claro";"Simples";"Reta";"Rural";2;0;1;0;1;0;1;2
83478604;"03/07/16";"Domingo";"19:00:00";"PR";376;"174,5";"MARINGA";"Ingestão de álcool";"Colisão traseira";"Com Vítimas Feridas";"Anoitecer";"Crescente";"Ceu Claro";"Dupla";"Reta";"Urbano";10;0;2;0;8;0;2;3
83478605;"03/07/16";"Domingo";"20:35:00";"RN";406;"159";"CEARA-MIRIM";"Falta de atenção";"Colisão Transversal";"Com Vítimas Fatais";"Plena noite";"Decrescente";"Ceu Claro";"Simples";"Reta";"Urbano";2;1;0;1;0;0;1;2
83478606;"03/07/16";"Domingo";"17:15:00";"RS";116;"45,5";"VACARIA";"Velocidade incompatível";"Saída de Pista";"Com Vítimas Feridas";"Pleno dia";"Crescente";"Ceu Claro";"Simples";"Curva";"Rural";2;0;2;0;0;0;2;1
83478607;"03/07/16";"Domingo";"18:50:00";"RS";287;"248";"SANTA MARIA";"Outras";"Colisão traseira";"Sem Vítimas";"Plena noite";"Decrescente";"Ceu Claro";"Simples";"Reta";"Urbano";3;0;0;0;2;1;0;3
83478608;"03/07/16";"Domingo";"17:00:00";"MA";316;"423,9";"PERITORO";"Ingestão de álcool";"Colisão lateral";"Com Vítimas Feridas";"Pleno dia";"Crescente";"Sol";"Simples";"Reta";"Urbano";2;0;0;1;1;0;1;2
83478609;"03/07/16";"Domingo";"16:00:00";"MT";364;"510";"ROSARIO OESTE";"Outras";"Colisão traseira";"Sem Vítimas";"Pleno dia";"Decrescente";"Ceu Claro";"Simples";"Reta";"Rural";2;0;0;0;2;0;0;2
83478610;"03/07/16";"Domingo";"18:00:00";"PR";369;"132,5";"IBIPORA";"Outras";"Capotamento";"Com Vítimas Feridas";"Anoitecer";"Decrescente";"Ceu Claro";"Simples";"Reta";"Rural";2;0;1;1;0;0;2;1
83478611;"03/07/16";"Domingo";"21:00:00";"CE";222;"78";"SAO LUIS DO CURU";"Falta de atenção";"Colisão traseira";"Sem Vítimas";"Plena noite";"Decrescente";"Ceu Claro";"Simples";"Reta";"Rural";2;0;0;0;1;1;0;2
83478612;"03/07/16";"Domingo";"21:50:00";"SC";282;"223,8";"LAGES";"Outras";"Colisão frontal";"Com Vítimas Feridas";"Plena noite";"Crescente";"Ceu Claro";"Simples";"Reta";"Urbano";2;0;0;1;0;1;1;2
83478613;"03/07/16";"Domingo";"18:00:00";"AC";364;"120";"RIO BRANCO";"Desobediência à sinalização";"Colisão Transversal";"Com Vítimas Feridas";"Plena noite";"Crescente";"Ceu Claro";"Dupla";"Reta";"Rural";3;0;0;1;2;0;1;2
83478614;"03/07/16";"Domingo";"18:40:00";"MG";381;"949";"EXTREMA";"Outras";"Atropelamento de pessoa";"Com Vítimas Fatais";"Plena noite";"Crescente";"Ceu Claro";"Dupla";"Reta";"Urbano";2;1;0;0;1;0;0;1
83478615;"03/07/16";"Domingo";"21:20:00";"CE";222;"12,5";"CAUCAIA";"Ingestão de álcool";"Colisão Transversal";"Sem Vítimas";"Plena noite";"Crescente";"Ceu Claro";"Simples";"Reta";"Urbano";2;0;0;0;2;0;0;2
83478617;"03/07/16";"Domingo";"18:00:00";"MG";381;"912,2";"CAMANDUCAIA";"Falta de atenção";"Atropelamento de pessoa";"Com Vítimas Fatais";"Plena noite";"Crescente";"Ceu Claro";"Dupla";"Curva";"Rural";4;1;0;0;3;0;0;1
83478618;"03/07/16";"Domingo";"22:05:00";"ES";101;"70,2";"SAO MATEUS";"Falta de atenção";"Colisão Transversal";"Com Vítimas Feridas";"Plena noite";"Crescente";"Nublado";"Simples";"Reta";"Urbano";2;0;0;1;1;0;1;2
83478619;"03/07/16";"Domingo";"19:00:00";"SC";282;"232,7";"LAGES";"Não guardar distância de segurança";"Colisão traseira";"Com Vítimas Feridas";"Plena noite";"Decrescente";"Ceu Claro";"Simples";"Reta";"Rural";3;0;1;1;1;0;2;2
83478620;"03/07/16";"Domingo";"21:00:00";"PR";277;"117";"CAMPO LARGO";"Ingestão de álcool";"Colisão traseira";"Com Vítimas Feridas";"Plena noite";"Decrescente";"Ceu Claro";"Dupla";"Reta";"Urbano";3;0;1;0;2;0;1;2
83478622;"03/07/16";"Domingo";"21:00:00";"PB";230;"168,5";"CAMPINA GRANDE";"Desobediência à sinalização";"Colisão traseira";"Com Vítimas Fatais";"Plena noite";"Decrescente";"Nublado";"Simples";"Reta";"Rural";6;2;0;1;2;1;1;4
83478623;"03/07/16";"Domingo";"15:00:00";"RS";285;"147";"MUITOS CAPOES";"Falta de atenção";"Saída de Pista";"Sem Vítimas";"Pleno dia";"Crescente";"Sol";"Simples";"Curva";"Rural";2;0;0;0;2;0;0;1
83478624;"03/07/16";"Domingo";"18:45:00";"AC";364;"122";"RIO BRANCO";"Falta de atenção";"Colisão traseira";"Com Vítimas Feridas";"Plena noite";"Decrescente";"Ceu Claro";"Dupla";"Reta";"Urbano";2;0;0;1;1;0;1;2
83478625;"03/07/16";"Domingo";"20:45:00";"SE";235;"107,5";"CARIRA";"Ingestão de álcool";"Colisão frontal";"Ignorado";"Plena noite";"Crescente";"Nublado";"Simples";"Reta";"Rural";2;0;0;0;0;2;0;2
83478626;"03/07/16";"Domingo";"16:30:00";"MG";262;"41";"MANHUACU";"Falta de atenção";"Colisão traseira";"Com Vítimas Feridas";"Pleno dia";"Decrescente";"Sol";"Simples";"Reta";"Rural";3;0;1;0;2;0;1;2
83478627;"03/07/16";"Domingo";"20:30:00";"PR";376;"488";"PONTA GROSSA";"Defeito mecânico em veículo";"Colisão com objeto fixo";"Com Vítimas Feridas";"Plena noite";"Crescente";"Ceu Claro";"Múltipla";"Curva";"Urbano";2;0;1;1;0;0;2;1
83478628;"03/07/16";"Domingo";"21:30:00";"BA";242;"258";"ITABERABA";"Defeito na via";"Saída de Pista";"Sem Vítimas";"Plena noite";"Decrescente";"Nublado";"Simples";"Reta";"Rural";3;0;0;0;3;0;0;1
83478629;"03/07/16";"Domingo";"23:30:00";"SC";282;"412,5";"CATANDUVAS";"Falta de atenção";"Capotamento";"Ignorado";"Plena noite";"Decrescente";"Ceu Claro";"Simples";"Curva";"Rural";1;0;0;0;0;1;0;1
83478630;"03/07/16";"Domingo";"22:30:00";"RS";116;"258";"ESTEIO";"Velocidade incompatível";"Colisão com objeto fixo";"Com Vítimas Feridas";"Plena noite";"Decrescente";"Ceu Claro";"Simples";"Curva";"Urbano";3;0;3;0;0;0;3;1
83478631;"01/07/16";"Sexta";"13:30:00";"MT";163;"838";"SINOP";"Falta de atenção";"Colisão Transversal";"Com Vítimas Feridas";"Pleno dia";"Decrescente";"Sol";"Simples";"Reta";"Urbano";2;0;2;0;0;0;2;2
83478632;"03/07/16";"Domingo";"22:30:00";"RO";319;"59,3";"PORTO VELHO";"Ingestão de álcool";"Danos Eventuais";"Com Vítimas Feridas";"Plena noite";"Crescente";"Ceu Claro";"Dupla";"Reta";"Urbano";2;0;0;1;1;0;1;1
83478633;"29/06/16";"Quarta";"00:05:00";"RN";304;"221,2";"CAICARA DO RIO DO VENTO";"Outras";"Tombamento";"Ignorado";"Plena noite";"Crescente";"Ceu Claro";"Simples";"Reta";"Rural";1;0;0;0;0;1;0;1
83478634;"04/07/16";"Segunda";"01:30:00";"PE";408;"105";"JABOATAO DOS GUARARAPES";"Outras";"Capotamento";"Ignorado";"Plena noite";"Crescente";"Chuva";"Simples";"Curva";"Urbano";1;0;0;0;0;1;0;1
83478635;"03/07/16";"Domingo";"19:00:00";"PA";10;"140";"PARAGOMINAS";"Outras";"Tombamento";"Com Vítimas Feridas";"Anoitecer";"Crescente";"Ceu Claro";"Simples";"Reta";"Rural";1;0;1;0;0;0;1;1
83478636;"03/07/16";"Domingo";"12:30:00";"MA";316;"547";"CAXIAS";"Outras";"Queda de motocicleta / bicicleta / veículo";"Com Vítimas Feridas";"Pleno dia";"Crescente";"Sol";"Simples";"Reta";"Urbano";2;0;1;0;1;0;1;1
83478637;"03/07/16";"Domingo";"15:30:00";"PR";116;"26";"CAMPINA GRANDE DO SUL";"Defeito mecânico em veículo";"Danos Eventuais";"Sem Vítimas";"Pleno dia";"Crescente";"Ceu Claro";"Dupla";"Reta";"Rural";2;0;0;0;2;0;0;2
83478638;"03/07/16";"Domingo";"23:20:00";"SC";282;"30,9";"SANTO AMARO DA IMPERATRIZ";"Falta de atenção";"Saída de Pista";"Com Vítimas Feridas";"Plena noite";"Decrescente";"Nevoeiro/neblina";"Simples";"Curva";"Rural";1;0;1;0;0;0;1;1
83478639;"03/07/16";"Domingo";"23:55:00";"MA";222;"416,5";"SANTA LUZIA";"Falta de atenção";"Colisão traseira";"Sem Vítimas";"Plena noite";"Decrescente";"Ceu Claro";"Simples";"Reta";"Rural";2;0;0;0;1;1;0;2
83478640;"03/07/16";"Domingo";"13:00:00";"CE";116;"238,6";"ALTO SANTO";"Outras";"Saída de Pista";"Com Vítimas Feridas";"Pleno dia";"Crescente";"Ceu Claro";"Simples";"Reta";"Rural";5;0;4;1;0;0;5;1
83478641;"04/07/16";"Segunda";"01:35:00";"RS";116;"258";"ESTEIO";"Ingestão de álcool";"Colisão com objeto fixo";"Com Vítimas Feridas";"Plena noite";"Crescente";"Ceu Claro";"Múltipla";"Reta";"Urbano";2;0;2;0;0;0;2;1
83478643;"04/07/16";"Segunda";"00:15:00";"PE";232;"120";"CARUARU";"Falta de atenção";"Colisão lateral";"Com Vítimas Feridas";"Plena noite";"Decrescente";"Chuva";"Dupla";"Reta";"Rural";2;0;1;0;1;0;1;2
83478644;"03/07/16";"Domingo";"22:25:00";"PR";116;"93";"SAO JOSE DOS PINHAIS";"Ingestão de álcool";"Capotamento";"Sem Vítimas";"Plena noite";"Decrescente";"Ceu Claro";"Dupla";"Reta";"Urbano";1;0;0;0;1;0;0;1
83478645;"03/07/16";"Domingo";"06:00:00";"PB";230;"23";"JOAO PESSOA";"Outras";"Colisão com objeto fixo";"Ignorado";"Amanhecer";"Crescente";"Ceu Claro";"Dupla";"Reta";"Urbano";1;0;0;0;0;1;0;1
83478646;"03/07/16";"Domingo";"16:45:00";"SP";116;"3,6";"QUELUZ";"Outras";"Colisão com objeto fixo";"Sem Vítimas";"Pleno dia";"Decrescente";"Sol";"Dupla";"Curva";"Rural";1;0;0;0;1;0;0;1
83478647;"03/07/16";"Domingo";"16:00:00";"SC";101;"88,8";"BARRA VELHA";"Não guardar distância de segurança";"Colisão traseira";"Com Vítimas Feridas";"Pleno dia";"Crescente";"Nublado";"Simples";"Reta";"Urbano";2;0;1;0;1;0;1;2
83478648;"03/07/16";"Domingo";"20:50:00";"PR";376;"494,8";"PONTA GROSSA";"Falta de atenção";"Colisão lateral";"Com Vítimas Feridas";"Plena noite";"Decrescente";"Ceu Claro";"Dupla";"Reta";"Urbano";3;0;2;0;0;1;2;2
83478649;"04/07/16";"Segunda";"01:40:00";"PB";230;"297";"SANTA LUZIA";"Outras";"Saída de Pista";"Ignorado";"Plena noite";"Decrescente";"Ceu Claro";"Simples";"Curva";"Rural";1;0;0;0;0;1;0;1
83478650;"03/07/16";"Domingo";"20:50:00";"PR";163;"254";"TOLEDO";"Velocidade incompatível";"Saída de Pista";"Sem Vítimas";"Anoitecer";"Decrescente";"Ceu Claro";"Simples";"Curva";"Rural";1;0;0;0;1;0;0;1
83478651;"03/07/16";"Domingo";"23:40:00";"AL";101;"145";"SAO MIGUEL DOS CAMPOS";"Outras";"Capotamento";"Com Vítimas Feridas";"Plena noite";"Decrescente";"Nublado";"Simples";"Reta";"Rural";1;0;1;0;0;0;1;1
83478652;"03/07/16";"Domingo";"06:00:00";"MG";459;"104,5";"POUSO ALEGRE";"Velocidade incompatível";"Saída de Pista";"Com Vítimas Feridas";"Amanhecer";"Crescente";"Ceu Claro";"Dupla";"Curva";"Urbano";3;0;3;0;0;0;3;1
83478653;"03/07/16";"Domingo";"08:00:00";"GO";60;"169,5";"GOIANIA";"Outras";"Tombamento";"Sem Vítimas";"Pleno dia";"Decrescente";"Sol";"Dupla";"Reta";"Rural";1;0;0;0;1;0;0;1
83478654;"04/07/16";"Segunda";"00:00:00";"CE";116;"544";"PENAFORTE";"Animais na Pista";"Atropelamento de animal";"Com Vítimas Fatais";"Plena noite";"Decrescente";"Ceu Claro";"Simples";"Reta";"Rural";1;1;0;0;0;0;0;1
83478655;"04/07/16";"Segunda";"04:03:00";"RS";116;"257";"ESTEIO";"Ingestão de álcool";"Colisão com objeto fixo";"Com Vítimas Feridas";"Plena noite";"Crescente";"Ceu Claro";"Dupla";"Curva";"Urbano";4;0;4;0;0;0;4;1
83478656;"04/07/16";"Segunda";"04:00:00";"CE";20;"313";"CANINDE";"Animais na Pista";"Atropelamento de animal";"Sem Vítimas";"Plena noite";"Crescente";"Ceu Claro";"Simples";"Reta";"Rural";2;0;0;0;2;0;0;1
83478657;"03/07/16";"Domingo";"19:35:00";"PR";116;"2";"CAMPINA GRANDE DO SUL";"Velocidade incompatível";"Tombamento";"Sem Vítimas";"Plena noite";"Decrescente";"Ceu Claro";"Dupla";"Curva";"Rural";1;0;0;0;1;0;0;1
83478658;"03/07/16";"Domingo";"19:50:00";"RS";116;"329";"BARRA DO RIBEIRO";"Outras";"Colisão lateral";"Com Vítimas Feridas";"Plena noite";"Decrescente";"Nublado";"Simples";"Reta";"Rural";2;0;1;0;1;0;1;2
83478659;"22/06/16";"Quarta";"07:45:00";"CE";20;"417";"MARACANAU";"Defeito mecânico em veículo";"Saída de Pista";"Com Vítimas Feridas";"Pleno dia";"Decrescente";"Ceu Claro";"Simples";"Reta";"Urbano";2;0;1;0;1;0;1;1
83478660;"03/07/16";"Domingo";"21:30:00";"GO";153;"579,3";"PROFESSOR JAMIL";"Velocidade incompatível";"Capotamento";"Com Vítimas Feridas";"Plena noite";"Decrescente";"Ceu Claro";"Dupla";"Reta";"Rural";1;0;1;0;0;0;1;1
83478661;"01/07/16";"Sexta";"16:10:00";"MA";135;"34,5";"SAO LUIS";"Não guardar distância de segurança";"Colisão traseira";"Sem Vítimas";"Pleno dia";"Decrescente";"Ceu Claro";"Simples";"Reta";"Rural";4;0;0;0;4;0;0;4
83478662;"03/07/16";"Domingo";"20:30:00";"CE";20;"357";"CARIDADE";"Animais na Pista";"Atropelamento de animal";"Com Vítimas Fatais";"Plena noite";"Decrescente";"Ceu Claro";"Simples";"Reta";"Rural";1;1;0;0;0;0;0;1
83478663;"03/07/16";"Domingo";"20:30:00";"CE";222;"78";"SAO LUIS DO CURU";"Falta de atenção";"Colisão Transversal";"Com Vítimas Feridas";"Plena noite";"Decrescente";"Ceu Claro";"Simples";"Reta";"Rural";3;0;0;2;1;0;2;2
83478665;"03/07/16";"Domingo";"20:45:00";"CE";20;"357";"CARIDADE";"Outras";"Colisão com objeto móvel";"Com Vítimas Feridas";"Plena noite";"Crescente";"Ceu Claro";"Simples";"Reta";"Rural";2;0;1;1;0;0;2;1
83478666;"04/07/16";"Segunda";"04:45:00";"BA";324;"611";"SALVADOR";"Falta de atenção";"Colisão traseira";"Com Vítimas Fatais";"Plena noite";"Crescente";"Nublado";"Dupla";"Reta";"Urbano";2;1;0;0;1;0;0;2
83478667;"29/06/16";"Quarta";"20:20:00";"RJ";116;"165";"RIO DE JANEIRO";"Outras";"Colisão traseira";"Com Vítimas Feridas";"Plena noite";"Crescente";"Ceu Claro";"Múltipla";"Reta";"Urbano";2;0;1;0;1;0;1;2
83478668;"03/07/16";"Domingo";"19:00:00";"SC";470;"87,9";"RODEIO";"Falta de atenção";"Atropelamento de pessoa";"Com Vítimas Feridas";"Plena noite";"Crescente";"Ceu Claro";"Simples";"Reta";"Urbano";3;0;3;0;0;0;3;1
83478669;"03/07/16";"Domingo";"18:30:00";"SP";116;"169,5";"JACAREI";"Outras";"Colisão frontal";"Com Vítimas Fatais";"Plena noite";"Decrescente";"Ceu Claro";"Dupla";"Cruzamento";"Rural";2;1;0;0;1;0;0;2
83478670;"30/06/16";"Quinta";"21:10:00";"GO";153;"499,3";"GOIANIA";"Falta de atenção";"Colisão com objeto fixo";"Sem Vítimas";"Plena noite";"Crescente";"Ceu Claro";"Dupla";"Reta";"Urbano";1;0;0;0;1;0;0;1
83478671;"03/07/16";"Domingo";"14:25:00";"MT";70;"271";"PRIMAVERA DO LESTE";"Falta de atenção";"Colisão frontal";"Com Vítimas Feridas";"Pleno dia";"Decrescente";"Ceu Claro";"Simples";"Reta";"Rural";5;0;5;0;0;0;5;2
83478672;"30/06/16";"Quinta";"17:20:00";"GO";40;"13";"LUZIANIA";"Desobediência à sinalização";"Colisão frontal";"Com Vítimas Feridas";"Plena noite";"Crescente";"Ceu Claro";"Dupla";"Reta";"Urbano";2;0;1;0;1;0;1;2
83478673;"30/06/16";"Quinta";"08:00:00";"RN";101;"130";"SAO JOSE DE MIPIBU";"Falta de atenção";"Colisão lateral";"Com Vítimas Fatais";"Pleno dia";"Decrescente";"Ceu Claro";"Dupla";"Reta";"Rural";4;1;0;2;1;0;2;2
83478675;"04/07/16";"Segunda";"05:59:00";"SP";116;"209,7";"GUARULHOS";"Outras";"Colisão traseira";"Com Vítimas Feridas";"Pleno dia";"Decrescente";"Ceu Claro";"Dupla";"Reta";"Urbano";2;0;1;0;0;1;1;2
83478676;"04/07/16";"Segunda";"06:20:00";"MG";381;"640,3";"SANTO ANTONIO DO AMPARO";"Falta de atenção";"Queda de motocicleta / bicicleta / veículo";"Com Vítimas Feridas";"Amanhecer";"Decrescente";"Nevoeiro/neblina";"Dupla";"Reta";"Rural";1;0;1;0;0;0;1;1
83478677;"11/02/16";"Quinta";"10:00:00";"MG";153;"115,5";"PRATA";"Velocidade incompatível";"Colisão Transversal";"Com Vítimas Fatais";"Pleno dia";"Crescente";"Sol";"Simples";"Curva";"Rural";2;1;0;1;0;0;1;2
83478678;"04/07/16";"Segunda";"07:35:00";"SC";280;"131,6";"RIO NEGRINHO";"Falta de atenção";"Colisão Transversal";"Sem Vítimas";"Pleno dia";"Decrescente";"Ceu Claro";"Simples";"Reta";"Urbano";2;0;0;0;2;0;0;2
83478679;"03/07/16";"Domingo";"15:40:00";"RJ";101;"78";"CAMPOS DOS GOYTACAZES";"Outras";"Colisão Transversal";"Com Vítimas Feridas";"Pleno dia";"Crescente";"Ceu Claro";"Simples";"Reta";"Rural";2;0;1;0;1;0;1;2
83478680;"04/07/16";"Segunda";"06:45:00";"GO";153;"345,2";"JARAGUA";"Dormindo";"Colisão lateral";"Com Vítimas Feridas";"Amanhecer";"Decrescente";"Ceu Claro";"Simples";"Reta";"Rural";4;0;1;0;3;0;1;2
83478681;"17/05/16";"Terça";"08:25:00";"PR";476;"133,1";"CURITIBA";"Desobediência à sinalização";"Colisão Transversal";"Com Vítimas Feridas";"Pleno dia";"Decrescente";"Ceu Claro";"Múltipla";"Reta";"Urbano";2;0;1;0;1;0;1;2
83478682;"30/06/16";"Quinta";"07:00:00";"SC";101;"212";"PALHOCA";"Falta de atenção";"Colisão lateral";"Com Vítimas Feridas";"Plena noite";"Decrescente";"Nublado";"Dupla";"Reta";"Urbano";2;0;1;0;1;0;1;2
83478683;"04/07/16";"Segunda";"05:20:00";"MG";116;"393";"GOVERNADOR VALADARES";"Dormindo";"Saída de Pista";"Com Vítimas Feridas";"Amanhecer";"Crescente";"Ceu Claro";"Simples";"Curva";"Rural";2;0;1;1;0;0;2;1
83478685;"01/07/16";"Sexta";"03:20:00";"ES";101;"426,5";"ATILIO VIVACQUA";"Não guardar distância de segurança";"Saída de Pista";"Sem Vítimas";"Plena noite";"Decrescente";"Nublado";"Simples";"Reta";"Rural";1;0;0;0;1;0;0;1
83478686;"28/06/16";"Terça";"00:15:00";"MG";381;"888,1";"CAMBUI";"Velocidade incompatível";"Saída de Pista";"Sem Vítimas";"Plena noite";"Crescente";"Ceu Claro";"Dupla";"Reta";"Rural";1;0;0;0;1;0;0;1
83478687;"01/07/16";"Sexta";"06:30:00";"RS";153;"556,8";"CACAPAVA DO SUL";"Animais na Pista";"Atropelamento de animal";"Sem Vítimas";"Amanhecer";"Crescente";"Ceu Claro";"Simples";"Reta";"Rural";1;0;0;0;1;0;0;1
83478688;"30/06/16";"Quinta";"19:10:00";"PR";272;"563";"GUAIRA";"Outras";"Colisão Transversal";"Com Vítimas Feridas";"Plena noite";"Decrescente";"Ceu Claro";"Simples";"Reta";"Rural";3;0;2;0;1;0;2;2
83478689;"02/07/16";"Sábado";"23:45:00";"MG";365;"316,2";"SAO GONCALO DO ABAETE";"Desobediência à sinalização";"Colisão frontal";"Com Vítimas Fatais";"Plena noite";"Crescente";"Ceu Claro";"Simples";"Reta";"Rural";2;1;0;0;1;0;0;2
83478690;"04/07/16";"Segunda";"07:12:00";"PR";153;"1";"JACAREZINHO";"Desobediência à sinalização";"Colisão frontal";"Com Vítimas Feridas";"Amanhecer";"Crescente";"Ceu Claro";"Simples";"Cruzamento";"Urbano";2;0;0;1;1;0;1;2
83478691;"01/07/16";"Sexta";"04:00:00";"MT";364;"278";"JACIARA";"Outras";"Colisão traseira";"Com Vítimas Feridas";"Plena noite";"Crescente";"Ceu Claro";"Dupla";"Reta";"Rural";2;0;0;1;1;0;1;2
83478692;"22/06/16";"Quarta";"11:30:00";"MG";381;"924,4";"ITAPEVA";"Velocidade incompatível";"Colisão com objeto fixo";"Sem Vítimas";"Pleno dia";"Decrescente";"Ceu Claro";"Dupla";"Curva";"Rural";1;0;0;0;1;0;0;1
83478693;"01/07/16";"Sexta";"21:00:00";"SP";116;"213,9";"GUARULHOS";"Falta de atenção";"Colisão lateral";"Com Vítimas Feridas";"Plena noite";"Crescente";"Ceu Claro";"Múltipla";"Reta";"Urbano";2;0;1;0;1;0;1;2
83478694;"30/06/16";"Quinta";"23:50:00";"MG";40;"105,9";"LAGOA GRANDE";"Falta de atenção";"Tombamento";"Com Vítimas Feridas";"Plena noite";"Crescente";"Ceu Claro";"Simples";"Reta";"Rural";1;0;1;0;0;0;1;1
83478695;"22/06/16";"Quarta";"11:00:00";"BA";101;"204";"MURITIBA";"Falta de atenção";"Colisão lateral";"Sem Vítimas";"Pleno dia";"Crescente";"Ceu Claro";"Múltipla";"Reta";"Rural";2;0;0;0;2;0;0;2