"id";"data_inversa";"dia_semana";"horario";"uf";"br";"km";"municipio";"causa_acidente";"tipo_acidente";"classificacao_acidente";"fase_dia";"sentido_via";"condicao_metereologica";"tipo_pista";"tracado_via";"uso_solo";"pessoas";"mortos";"feridos_leves";"feridos_graves";"ilesos";"ignorados";"feridos";"veiculos"
83478696;"18/01/16";"Segunda";"16:00:00";"AL";424;"99,7";"SATUBA";"Outras";"Colisão Transversal";"Com Vítimas Fatais";"Pleno dia";"Crescente";"Ignorada";"Simples";"Curva";"Rural";13;1;10;2;0;0;12;2
83478698;"30/06/16";"Quinta";"11:30:00";"PA";10;"355";"SANTA MARIA DO PARA";"Ultrapassagem indevida";"Colisão frontal";"Com Vítimas Feridas";"Pleno dia";"Decrescente";"Ceu Claro";"Simples";"Reta";"Urbano";3;0;0;2;1;0;2;2
83478699;"26/06/16";"Domingo";"20:30:00";"SP";381;"49";"ATIBAIA";"Ingestão de álcool";"Colisão traseira";"Sem Vítimas";"Plena noite";"Crescente";"Ceu Claro";"Dupla";"Reta";"Urbano";3;0;0;0;3;0;0;3
83478700;"02/07/16";"Sábado";"04:00:00";"GO";60;"358";"RIO VERDE";"Ingestão de álcool";"Capotamento";"Com Vítimas Fatais";"Plena noite";"Decrescente";"Ignorada";"Dupla";"Reta";"Rural";1;1;0;0;0;0;0;1
83478701;"01/07/16";"Sexta";"13:30:00";"SP";116;"228";"SAO PAULO";"Não guardar distância de segurança";"Colisão traseira";"Sem Vítimas";"Pleno dia";"Crescente";"Ceu Claro";"Múltipla";"Reta";"Urbano";2;0;0;0;2;0;0;2
83478702;"30/06/16";"Quinta";"20:15:00";"GO";40;"2";"VALPARAISO DE GOIAS";"Ingestão de álcool";"Atropelamento de pessoa";"Com Vítimas Feridas";"Plena noite";"Decrescente";"Ceu Claro";"Dupla";"Reta";"Urbano";2;0;1;0;1;0;1;1
83478703;"30/06/16";"Quinta";"18:30:00";"SP";116;"273";"TABOAO DA SERRA";"Não guardar distância de segurança";"Colisão lateral";"Com Vítimas Feridas";"Anoitecer";"Decrescente";"Nublado";"Dupla";"Reta";"Urbano";3;0;2;0;0;1;2;2
83478704;"25/06/16";"Sábado";"04:20:00";"SC";101;"201";"SAO JOSE";"Falta de atenção";"Colisão traseira";"Sem Vítimas";"Plena noite";"Crescente";"Ceu Claro";"Múltipla";"Reta";"Urbano";2;0;0;0;2;0;0;2
83478705;"23/06/16";"Quinta";"12:45:00";"SP";381;"29";"ATIBAIA";"Não guardar distância de segurança";"Colisão traseira";"Sem Vítimas";"Pleno dia";"Decrescente";"Ceu Claro";"Dupla";"Reta";"Rural";2;0;0;0;2;0;0;2
83478706;"30/06/16";"Quinta";"17:10:00";"MG";40;"509";"RIBEIRAO DAS NEVES";"Não guardar distância de segurança";"Colisão traseira";"Com Vítimas Feridas";"Pleno dia";"Decrescente";"Sol";"Dupla";"Reta";"Urbano";2;0;0;1;1;0;1;2
83478707;"30/06/16";"Quinta";"19:20:00";"GO";153;"504";"GOIANIA";"Não guardar distância de segurança";"Colisão traseira";"Sem Vítimas";"Plena noite";"Decrescente";"Ceu Claro";"Dupla";"Reta";"Urbano";3;0;0;0;3;0;0;3
83478708;"01/07/16";"Sexta";"06:40:00";"RJ";101;"101";"CAMPOS DOS GOYTACAZES";"Ingestão de álcool";"Colisão traseira";"Sem Vítimas";"Pleno dia";"Crescente";"Ceu Claro";"Dupla";"Reta";"Rural";2;0;0;0;2;0;0;2
83478709;"01/07/16";"Sexta";"13:30:00";"MG";40;"689,5";"ALFREDO VASCONCELOS";"Dormindo";"Capotamento";"Com Vítimas Feridas";"Pleno dia";"Decrescente";"Ceu Claro";"Simples";"Reta";"Rural";1;0;1;0;0;0;1;1
83478710;"04/07/16";"Segunda";"09:00:00";"PR";376;"177";"MARINGA";"Falta de atenção";"Colisão lateral";"Sem Vítimas";"Pleno dia";"Crescente";"Sol";"Dupla";"Reta";"Urbano";4;0;0;0;4;0;0;2
83478711;"02/07/16";"Sábado";"19:00:00";"MG";135;"369";"MONTES CLAROS";"Outras";"Queda de motocicleta / bicicleta / veículo";"Com Vítimas Feridas";"Plena noite";"Decrescente";"Ceu Claro";"Dupla";"Reta";"Urbano";2;0;2;0;0;0;2;1
83478712;"30/06/16";"Quinta";"14:30:00";"DF";20;"20";"BRASILIA";"Falta de atenção";"Colisão traseira";"Sem Vítimas";"Pleno dia";"Crescente";"Ceu Claro";"Dupla";"Reta";"Urbano";2;0;0;0;2;0;0;2
83478713;"22/05/16";"Domingo";"18:15:00";"PR";277;"588";"CASCAVEL";"Falta de atenção";"Colisão Transversal";"Com Vítimas Feridas";"Plena noite";"Decrescente";"Ceu Claro";"Simples";"Reta";"Urbano";2;0;2;0;0;0;2;2
83478714;"04/07/16";"Segunda";"08:20:00";"MT";70;"524";"VARZEA GRANDE";"Falta de atenção";"Colisão traseira";"Com Vítimas Feridas";"Pleno dia";"Crescente";"Sol";"Simples";"Reta";"Urbano";5;0;2;0;3;0;2;4
83478715;"30/06/16";"Quinta";"06:30:00";"SC";470;"38";"GASPAR";"Desobediência à sinalização";"Colisão Transversal";"Com Vítimas Feridas";"Pleno dia";"Crescente";"Ignorada";"Simples";"Cruzamento";"Urbano";2;0;0;1;1;0;1;2
83478716;"27/06/16";"Segunda";"05:50:00";"SC";163;"10,9";"GUARUJA DO SUL";"Outras";"Tombamento";"Ignorado";"Amanhecer";"Decrescente";"Ceu Claro";"Simples";"Reta";"Rural";1;0;0;0;0;1;0;1
83478718;"04/07/16";"Segunda";"08:15:00";"RS";116;"446";"CRISTAL";"Outras";"Saída de Pista";"Com Vítimas Feridas";"Pleno dia";"Crescente";"Ceu Claro";"Simples";"Reta";"Urbano";1;0;1;0;0;0;1;1
83478719;"30/06/16";"Quinta";"13:15:00";"GO";153;"490,5";"GOIANIA";"Outras";"Colisão lateral";"Sem Vítimas";"Pleno dia";"Decrescente";"Sol";"Simples";"Cruzamento";"Urbano";2;0;0;0;1;1;0;2
83478720;"04/07/16";"Segunda";"08:30:00";"SC";101;"53,7";"JOINVILLE";"Dormindo";"Colisão com objeto fixo";"Sem Vítimas";"Pleno dia";"Decrescente";"Nublado";"Dupla";"Reta";"Urbano";1;0;0;0;1;0;0;1
83478721;"04/07/16";"Segunda";"07:45:00";"PR";277;"173,9";"PALMEIRA";"Outras";"Capotamento";"Com Vítimas Feridas";"Pleno dia";"Decrescente";"Nevoeiro/neblina";"Simples";"Curva";"Rural";3;0;3;0;0;0;3;1
83478722;"04/07/16";"Segunda";"09:50:00";"SC";101;"56,5";"JOINVILLE";"Outras";"Colisão lateral";"Sem Vítimas";"Pleno dia";"Decrescente";"Nublado";"Dupla";"Reta";"Urbano";2;0;0;0;2;0;0;2
83478725;"04/07/16";"Segunda";"08:15:00";"PR";277;"722,9";"FOZ DO IGUACU";"Falta de atenção";"Colisão traseira";"Com Vítimas Feridas";"Pleno dia";"Decrescente";"Ceu Claro";"Dupla";"Reta";"Urbano";2;0;1;0;1;0;1;2
83478726;"30/06/16";"Quinta";"20:26:00";"RJ";116;"299";"RESENDE";"Outras";"Colisão com objeto fixo";"Sem Vítimas";"Plena noite";"Crescente";"Nublado";"Simples";"Curva";"Urbano";1;0;0;0;1;0;0;1
83478727;"22/05/16";"Domingo";"05:20:00";"MT";364;"464,2";"VARZEA GRANDE";"Falta de atenção";"Colisão com objeto fixo";"Com Vítimas Feridas";"Amanhecer";"Crescente";"Chuva";"Simples";"Reta";"Rural";3;0;1;0;2;0;1;3
83478728;"04/07/16";"Segunda";"07:00:00";"PE";232;"252,8";"ARCOVERDE";"Ultrapassagem indevida";"Colisão frontal";"Com Vítimas Feridas";"Pleno dia";"Decrescente";"Ceu Claro";"Simples";"Reta";"Urbano";2;0;0;1;1;0;1;2
83478729;"04/07/16";"Segunda";"08:50:00";"SP";381;"62";"MAIRIPORA";"Outras";"Queda de motocicleta / bicicleta / veículo";"Sem Vítimas";"Pleno dia";"Crescente";"Sol";"Dupla";"Curva";"Urbano";2;0;0;0;2;0;0;2
83478730;"28/05/16";"Sábado";"15:15:00";"RR";174;"649";"PACARAIMA";"Defeito mecânico em veículo";"Saída de Pista";"Com Vítimas Feridas";"Pleno dia";"Decrescente";"Ceu Claro";"Simples";"Reta";"Rural";2;0;1;0;1;0;1;1
83478731;"04/07/16";"Segunda";"10:30:00";"RS";285;"482,9";"ENTRE IJUIS";"Defeito mecânico em veículo";"Colisão frontal";"Com Vítimas Feridas";"Pleno dia";"Decrescente";"Nublado";"Simples";"Reta";"Rural";3;0;1;0;2;0;1;3
83478732;"04/07/16";"Segunda";"10:45:00";"SC";101;"25,8";"JOINVILLE";"Falta de atenção";"Colisão lateral";"Com Vítimas Feridas";"Pleno dia";"Crescente";"Nublado";"Dupla";"Reta";"Rural";2;0;0;1;1;0;1;2
83478733;"24/06/16";"Sexta";"21:20:00";"PR";116;"150";"MANDIRITUBA";"Outras";"Atropelamento de pessoa";"Com Vítimas Feridas";"Plena noite";"Decrescente";"Nublado";"Simples";"Reta";"Urbano";2;0;0;1;1;0;1;1
83478734;"04/07/16";"Segunda";"10:45:00";"RS";116;"300,5";"GUAIBA";"Defeito mecânico em veículo";"Danos Eventuais";"Sem Vítimas";"Pleno dia";"Decrescente";"Ceu Claro";"Dupla";"Reta";"Urbano";2;0;0;0;2;0;0;2
83478735;"04/07/16";"Segunda";"07:00:00";"MS";163;"482,1";"CAMPO GRANDE";"Desobediência à sinalização";"Colisão traseira";"Sem Vítimas";"Pleno dia";"Crescente";"Ceu Claro";"Simples";"Reta";"Urbano";2;0;0;0;2;0;0;2
83478736;"30/06/16";"Quinta";"10:10:00";"PA";316;"1,5";"ANANINDEUA";"Falta de atenção";"Atropelamento de pessoa";"Com Vítimas Feridas";"Pleno dia";"Decrescente";"Sol";"Dupla";"Reta";"Urbano";2;0;1;0;1;0;1;1
83478737;"04/07/16";"Segunda";"11:40:00";"BA";242;"200";"ITABERABA";"Falta de atenção";"Colisão Transversal";"Com Vítimas Feridas";"Pleno dia";"Decrescente";"Ceu Claro";"Simples";"Reta";"Rural";6;0;2;0;4;0;2;2
83478738;"30/06/16";"Quinta";"16:00:00";"RN";101;"107";"PARNAMIRIM";"Desobediência à sinalização";"Atropelamento de pessoa";"Com Vítimas Feridas";"Pleno dia";"Decrescente";"Ceu Claro";"Dupla";"Cruzamento";"Urbano";2;0;0;1;1;0;1;1
83478739;"24/06/16";"Sexta";"16:10:00";"BA";101;"212";"GOVERNADOR MANGABEIRA";"Outras";"Colisão lateral";"Com Vítimas Feridas";"Pleno dia";"Decrescente";"Ceu Claro";"Simples";"Reta";"Urbano";3;0;2;0;0;1;2;2
83478741;"29/06/16";"Quarta";"20:35:00";"ES";262;"6,6";"CARIACICA";"Falta de atenção";"Colisão lateral";"Com Vítimas Feridas";"Plena noite";"Decrescente";"Nublado";"Múltipla";"Reta";"Urbano";2;0;1;0;1;0;1;2
83478742;"04/07/16";"Segunda";"09:25:00";"AL";316;"267,1";"SATUBA";"Não guardar distância de segurança";"Colisão traseira";"Sem Vítimas";"Pleno dia";"Crescente";"Ceu Claro";"Simples";"Reta";"Rural";4;0;0;0;4;0;0;4
83478743;"02/07/16";"Sábado";"10:30:00";"PR";277;"724,8";"FOZ DO IGUACU";"Falta de atenção";"Colisão traseira";"Com Vítimas Feridas";"Pleno dia";"Decrescente";"Sol";"Dupla";"Reta";"Urbano";3;0;2;0;1;0;2;2
83478744;"04/07/16";"Segunda";"10:05:00";"RS";285;"425,7";"PANAMBI";"Não guardar distância de segurança";"Colisão traseira";"Com Vítimas Feridas";"Pleno dia";"Decrescente";"Ceu Claro";"Simples";"Reta";"Rural";14;0;4;1;9;0;5;6
83478745;"04/07/16";"Segunda";"04:40:00";"RS";470;"269";"SAO JOSE DO SUL";"Velocidade incompatível";"Saída de Pista";"Com Vítimas Feridas";"Plena noite";"Crescente";"Ceu Claro";"Simples";"Curva";"Rural";1;0;1;0;0;0;1;1
83478746;"04/07/16";"Segunda";"07:50:00";"MA";10;"249";"IMPERATRIZ";"Não guardar distância de segurança";"Colisão traseira";"Com Vítimas Feridas";"Amanhecer";"Crescente";"Ceu Claro";"Simples";"Reta";"Urbano";4;0;1;0;3;0;1;4
83478747;"04/07/16";"Segunda";"10:40:00";"GO";60;"135";"GOIANIA";"Defeito mecânico em veículo";"Colisão com objeto fixo";"Com Vítimas Feridas";"Pleno dia";"Crescente";"Ceu Claro";"Dupla";"Reta";"Rural";2;0;1;1;0;0;2;1
83478748;"04/07/16";"Segunda";"11:03:00";"SP";153;"58,8";"SAO JOSE DO RIO PRETO";"Desobediência à sinalização";"Colisão Transversal";"Com Vítimas Feridas";"Pleno dia";"Decrescente";"Sol";"Simples";"Reta";"Urbano";2;0;1;0;1;0;1;2
83478749;"04/07/16";"Segunda";"10:13:00";"RN";304;"305";"PARNAMIRIM";"Outras";"Saída de Pista";"Com Vítimas Feridas";"Pleno dia";"Crescente";"Chuva";"Múltipla";"Reta";"Urbano";5;0;5;0;0;0;5;1
83478750;"30/06/16";"Quinta";"22:50:00";"SC";101;"205";"SAO JOSE";"Falta de atenção";"Colisão traseira";"Sem Vítimas";"Plena noite";"Crescente";"Ceu Claro";"Dupla";"Reta";"Urbano";2;0;0;0;2;0;0;2
83478751;"01/07/16";"Sexta";"00:30:00";"ES";101;"287,6";"CARIACICA";"Dormindo";"Colisão com objeto fixo";"Sem Vítimas";"Plena noite";"Crescente";"Nublado";"Dupla";"Reta";"Urbano";1;0;0;0;1;0;0;1
83478752;"04/07/16";"Segunda";"07:40:00";"ES";101;"269";"SERRA";"Falta de atenção";"Colisão traseira";"Com Vítimas Feridas";"Pleno dia";"Crescente";"Nublado";"Múltipla";"Reta";"Urbano";2;0;1;0;1;0;1;2
83478753;"04/07/16";"Segunda";"12:30:00";"BA";324;"619";"SALVADOR";"Outras";"Colisão traseira";"Com Vítimas Feridas";"Pleno dia";"Crescente";"Ceu Claro";"Dupla";"Reta";"Urbano";3;0;2;0;0;1;2;2
83478754;"04/07/16";"Segunda";"11:00:00";"GO";60;"8";"APARECIDA DE GOIANIA";"Outras";"Colisão traseira";"Sem Vítimas";"Pleno dia";"Decrescente";"Ceu Claro";"Dupla";"Reta";"Urbano";2;0;0;0;2;0;0;2
83478755;"04/07/16";"Segunda";"12:45:00";"PR";376;"178,9";"MARINGA";"Falta de atenção";"Colisão lateral";"Com Vítimas Feridas";"Pleno dia";"Decrescente";"Ceu Claro";"Dupla";"Reta";"Urbano";3;0;1;0;2;0;1;3
83478756;"04/07/16";"Segunda";"07:30:00";"PE";407;"24";"PETROLINA";"Dormindo";"Saída de Pista";"Com Vítimas Fatais";"Pleno dia";"Decrescente";"Ceu Claro";"Simples";"Reta";"Rural";1;1;0;0;0;0;0;1
83478757;"04/07/16";"Segunda";"07:15:00";"BA";101;"910";"IBIRAPUA";"Defeito mecânico em veículo";"Incêndio";"Sem Vítimas";"Pleno dia";"Decrescente";"Ceu Claro";"Simples";"Reta";"Rural";1;0;0;0;1;0;0;1
83478758;"04/07/16";"Segunda";"07:30:00";"RN";101;"103";"PARNAMIRIM";"Não guardar distância de segurança";"Colisão Transversal";"Com Vítimas Feridas";"Pleno dia";"Decrescente";"Ceu Claro";"Dupla";"Reta";"Urbano";2;0;1;0;1;0;1;2
83478759;"04/07/16";"Segunda";"09:30:00";"PB";230;"2";"CABEDELO";"Falta de atenção";"Colisão lateral";"Com Vítimas Feridas";"Pleno dia";"Crescente";"Nublado";"Dupla";"Reta";"Urbano";2;0;1;0;1;0;1;2
83478760;"04/07/16";"Segunda";"10:00:00";"RJ";116;"144";"DUQUE DE CAXIAS";"Outras";"Queda de motocicleta / bicicleta / veículo";"Com Vítimas Feridas";"Pleno dia";"Crescente";"Chuva";"Dupla";"Curva";"Rural";1;0;1;0;0;0;1;1
83478761;"02/07/16";"Sábado";"13:30:00";"DF";251;"36";"BRASILIA";"Falta de atenção";"Colisão lateral";"Com Vítimas Feridas";"Pleno dia";"Crescente";"Ceu Claro";"Dupla";"Reta";"Rural";3;0;0;2;1;0;2;2
83478762;"04/07/16";"Segunda";"13:30:00";"MG";116;"780,5";"LEOPOLDINA";"Outras";"Derramamento de Carga";"Sem Vítimas";"Pleno dia";"Decrescente";"Sol";"Simples";"Curva";"Rural";1;0;0;0;1;0;0;1
83478763;"02/07/16";"Sábado";"19:10:00";"PR";476;"326,9";"PAULA FREITAS";"Falta de atenção";"Colisão traseira";"Com Vítimas Feridas";"Plena noite";"Crescente";"Ceu Claro";"Simples";"Reta";"Rural";3;0;2;0;0;1;2;2
83478764;"04/07/16";"Segunda";"08:20:00";"GO";153;"498,5";"GOIANIA";"Outras";"Queda de motocicleta / bicicleta / veículo";"Com Vítimas Feridas";"Pleno dia";"Crescente";"Sol";"Dupla";"Reta";"Rural";1;0;1;0;0;0;1;1
83478765;"04/07/16";"Segunda";"08:30:00";"GO";153;"357,4";"JARAGUA";"Desobediência à sinalização";"Colisão Transversal";"Sem Vítimas";"Pleno dia";"Crescente";"Ceu Claro";"Simples";"Reta";"Urbano";2;0;0;0;2;0;0;2
83478766;"02/07/16";"Sábado";"18:40:00";"BA";116;"616";"IRAJUBA";"Não guardar distância de segurança";"Colisão traseira";"Sem Vítimas";"Plena noite";"Crescente";"Nublado";"Simples";"Reta";"Rural";3;0;0;0;3;0;0;3
83478767;"12/06/16";"Domingo";"01:00:00";"MG";153;"132";"PRATA";"Outras";"Saída de Pista";"Com Vítimas Feridas";"Plena noite";"Crescente";"Ceu Claro";"Dupla";"Reta";"Rural";1;0;1;0;0;0;1;1
83478768;"04/07/16";"Segunda";"10:40:00";"BA";324;"516,1";"FEIRA DE SANTANA";"Outras";"Colisão Transversal";"Sem Vítimas";"Pleno dia";"Crescente";"Nublado";"Simples";"Reta";"Urbano";2;0;0;0;2;0;0;2
83478769;"04/07/16";"Segunda";"11:00:00";"RJ";116;"167,9";"SAO JOAO DE MERITI";"Não guardar distância de segurança";"Colisão traseira";"Com Vítimas Feridas";"Pleno dia";"Decrescente";"Ceu Claro";"Dupla";"Reta";"Urbano";3;0;0;2;1;0;2;2
83478770;"04/07/16";"Segunda";"13:30:00";"DF";60;"5";"BRASILIA";"Dormindo";"Saída de Pista";"Com Vítimas Feridas";"Pleno dia";"Crescente";"Ignorada";"Dupla";"Reta";"Rural";1;0;1;0;0;0;1;1
83478771;"22/06/16";"Quarta";"19:20:00";"MG";381;"936,4";"EXTREMA";"Velocidade incompatível";"Saída de Pista";"Sem Vítimas";"Plena noite";"Crescente";"Ceu Claro";"Dupla";"Curva";"Rural";1;0;0;0;1;0;0;1
83478772;"04/07/16";"Segunda";"08:30:00";"PE";101;"49";"ABREU E LIMA";"Não guardar distância de segurança";"Colisão traseira";"Sem Vítimas";"Pleno dia";"Crescente";"Sol";"Múltipla";"Reta";"Urbano";2;0;0;0;2;0;0;2
83478773;"04/07/16";"Segunda";"11:10:00";"PE";408;"73,5";"PAUDALHO";"Falta de atenção";"Colisão traseira";"Com Vítimas Feridas";"Pleno dia";"Crescente";"Sol";"Dupla";"Reta";"Urbano";3;0;2;0;1;0;2;2
83478774;"01/07/16";"Sexta";"07:05:00";"MG";356;"266,2";"MURIAE";"Falta de atenção";"Atropelamento de pessoa";"Com Vítimas Feridas";"Anoitecer";"Decrescente";"Ceu Claro";"Simples";"Cruzamento";"Urbano";2;0;1;0;1;0;1;1
83478775;"04/07/16";"Segunda";"10:15:00";"MG";354;"759,4";"ITAMONTE";"Ultrapassagem indevida";"Saída de Pista";"Com Vítimas Fatais";"Pleno dia";"Decrescente";"Ceu Claro";"Simples";"Reta";"Rural";3;1;0;2;0;0;2;1
83478776;"04/07/16";"Segunda";"06:10:00";"CE";222;"3";"SOBRAL";"Falta de atenção";"Atropelamento de pessoa";"Com Vítimas Feridas";"Amanhecer";"Crescente";"Ceu Claro";"Dupla";"Reta";"Urbano";2;0;1;0;0;1;1;1
83478778;"30/06/16";"Quinta";"16:50:00";"MG";40;"739,7";"SANTOS DUMONT";"Defeito mecânico em veículo";"Colisão com objeto fixo";"Com Vítimas Feridas";"Pleno dia";"Crescente";"Chuva";"Simples";"Curva";"Rural";1;0;1;0;0;0;1;1
83478779;"04/07/16";"Segunda";"06:15:00";"RS";386;"158,9";"ALMIRANTE TAMANDARE DO SUL";"Ultrapassagem indevida";"Saída de Pista";"Com Vítimas Feridas";"Amanhecer";"Decrescente";"Ceu Claro";"Simples";"Reta";"Rural";2;0;2;0;0;0;2;1
83478780;"04/07/16";"Segunda";"08:00:00";"MA";135;"0,1";"SAO LUIS";"Defeito na via";"Queda de motocicleta / bicicleta / veículo";"Com Vítimas Feridas";"Pleno dia";"Decrescente";"Ceu Claro";"Dupla";"Reta";"Urbano";1;0;1;0;0;0;1;1
83478781;"04/07/16";"Segunda";"14:45:00";"SP";381;"25,7";"ATIBAIA";"Velocidade incompatível";"Saída de Pista";"Sem Vítimas";"Pleno dia";"Crescente";"Sol";"Dupla";"Reta";"Rural";1;0;0;0;1;0;0;1
83478782;"04/07/16";"Segunda";"13:15:00";"SC";470;"143";"RIO DO SUL";"Falta de atenção";"Colisão lateral";"Sem Vítimas";"Pleno dia";"Crescente";"Sol";"Simples";"Reta";"Urbano";2;0;0;0;2;0;0;2
83478783;"04/07/16";"Segunda";"09:00:00";"PR";476;"125";"CURITIBA";"Outras";"Colisão lateral";"Com Vítimas Feridas";"Pleno dia";"Crescente";"Ceu Claro";"Dupla";"Reta";"Urbano";3;0;1;0;1;1;1;3
83478784;"04/07/16";"Segunda";"14:00:00";"RJ";40;"108";"DUQUE DE CAXIAS";"Outras";"Queda de motocicleta / bicicleta / veículo";"Com Vítimas Feridas";"Pleno dia";"Crescente";"Ceu Claro";"Dupla";"Curva";"Urbano";1;0;1;0;0;0;1;1
83478785;"04/07/16";"Segunda";"08:45:00";"PE";104;"91,9";"AGRESTINA";"Falta de atenção";"Colisão traseira";"Com Vítimas Feridas";"Pleno dia";"Decrescente";"Nublado";"Simples";"Reta";"Rural";3;0;1;0;2;0;1;3
83478786;"04/07/16";"Segunda";"11:00:00";"SC";470;"198";"POUSO REDONDO";"Falta de atenção";"Tombamento";"Sem Vítimas";"Pleno dia";"Decrescente";"Ceu Claro";"Simples";"Reta";"Rural";1;0;0;0;1;0;0;1
83478787;"04/07/16";"Segunda";"14:30:00";"PR";277;"48";"MORRETES";"Falta de atenção";"Saída de Pista";"Sem Vítimas";"Pleno dia";"Crescente";"Ceu Claro";"Dupla";"Reta";"Rural";1;0;0;0;1;0;0;1
83478788;"10/06/16";"Sexta";"11:30:00";"RJ";393;"218";"VASSOURAS";"Falta de atenção";"Colisão Transversal";"Sem Vítimas";"Pleno dia";"Crescente";"Ceu Claro";"Simples";"Reta";"Urbano";2;0;0;0;2;0;0;2
83478790;"04/07/16";"Segunda";"13:30:00";"PR";476;"125";"CURITIBA";"Falta de atenção";"Colisão traseira";"Com Vítimas Feridas";"Pleno dia";"Decrescente";"Sol";"Dupla";"Reta";"Urbano";3;0;1;0;2;0;1;2
83478791;"30/06/16";"Quinta";"18:00:00";"PA";222;"242";"MARABA";"Falta de atenção";"Colisão Transversal";"Sem Vítimas";"Pleno dia";"Decrescente";"Ignorada";"Simples";"Reta";"Rural";2;0;0;0;2;0;0;2
83478792;"30/06/16";"Quinta";"19:30:00";"PA";222;"236";"MARABA";"Ingestão de álcool";"Colisão frontal";"Com Vítimas Feridas";"Plena noite";"Crescente";"Ceu Claro";"Simples";"Reta";"Urbano";2;0;1;0;0;1;1;2
83478793;"04/07/16";"Segunda";"13:20:00";"SP";153;"330,5";"SALTO GRANDE";"Falta de atenção";"Colisão traseira";"Sem Vítimas";"Pleno dia";"Crescente";"Ceu Claro";"Simples";"Reta";"Rural";2;0;0;0;1;1;0;2
83478794;"04/07/16";"Segunda";"15:00:00";"SC";116;"50,5";"PAPANDUVA";"Velocidade incompatível";"Saída de Pista";"Com Vítimas Feridas";"Pleno dia";"Crescente";"Ceu Claro";"Simples";"Reta";"Rural";4;0;2;0;2;0;2;1
83478795;"03/07/16";"Domingo";"22:00:00";"MG";262;"39,8";"MANHUACU";"Falta de atenção";"Colisão Transversal";"Com Vítimas Feridas";"Plena noite";"Crescente";"Ceu Claro";"Simples";"Reta";"Urbano";7;0;6;0;1;0;6;2
83478796;"04/07/16";"Segunda";"14:35:00";"SC";101;"173,3";"TIJUCAS";"Dormindo";"Colisão com objeto fixo";"Com Vítimas Feridas";"Pleno dia";"Decrescente";"Sol";"Dupla";"Reta";"Rural";1;0;0;1;0;0;1;1
83478797;"04/07/16";"Segunda";"14:40:00";"MA";135;"4,6";"SAO LUIS";"Não guardar distância de segurança";"Colisão traseira";"Sem Vítimas";"Pleno dia";"Decrescente";"Nublado";"Simples";"Reta";"Urbano";2;0;0;0;2;0;0;2
83478798;"04/07/16";"Segunda";"15:25:00";"SC";101;"251,9";"PAULO LOPES";"Dormindo";"Colisão traseira";"Com Vítimas Feridas";"Pleno dia";"Crescente";"Ceu Claro";"Dupla";"Curva";"Urbano";3;0;2;0;1;0;2;2
83478799;"04/07/16";"Segunda";"16:00:00";"SC";470;"53";"BLUMENAU";"Desobediência à sinalização";"Colisão Transversal";"Com Vítimas Feridas";"Pleno dia";"Decrescente";"Ceu Claro";"Simples";"Cruzamento";"Urbano";2;0;1;0;1;0;1;2
83478800;"04/07/16";"Segunda";"09:15:00";"MG";116;"94,2";"ITAOBIM";"Outras";"Capotamento";"Sem Vítimas";"Pleno dia";"Decrescente";"Chuva";"Simples";"Curva";"Rural";1;0;0;0;1;0;0;1
83478801;"04/07/16";"Segunda";"16:00:00";"RJ";101;"298";"ITABORAI";"Defeito mecânico em veículo";"Colisão com objeto fixo";"Sem Vítimas";"Pleno dia";"Crescente";"Ceu Claro";"Dupla";"Reta";"Urbano";1;0;0;0;1;0;0;1
83478802;"04/07/16";"Segunda";"16:40:00";"RS";116;"144";"CAXIAS DO SUL";"Não guardar distância de segurança";"Colisão traseira";"Com Vítimas Feridas";"Pleno dia";"Crescente";"Ceu Claro";"Dupla";"Curva";"Urbano";3;0;1;0;2;0;1;3
83478803;"04/07/16";"Segunda";"15:20:00";"PR";376;"170,9";"MARINGA";"Desobediência à sinalização";"Colisão Transversal";"Sem Vítimas";"Pleno dia";"Crescente";"Sol";"Dupla";"Cruzamento";"Urbano";2;0;0;0;2;0;0;2
83478804;"30/06/16";"Quinta";"16:00:00";"SC";101;"249";"PALHOCA";"Falta de atenção";"Colisão com objeto móvel";"Sem Vítimas";"Pleno dia";"Decrescente";"Sol";"Dupla";"Reta";"Urbano";2;0;0;0;2;0;0;2
83478805;"04/07/16";"Segunda";"14:00:00";"PR";369;"88";"CORNELIO PROCOPIO";"Outras";"Colisão traseira";"Sem Vítimas";"Pleno dia";"Crescente";"Ceu Claro";"Dupla";"Reta";"Urbano";2;0;0;0;2;0;0;2
83478806;"04/07/16";"Segunda";"11:08:00";"MG";40;"605,6";"CONGONHAS";"Falta de atenção";"Colisão lateral";"Com Vítimas Feridas";"Pleno dia";"Crescente";"Ceu Claro";"Simples";"Reta";"Rural";4;0;2;0;1;1;2;4
83478807;"04/07/16";"Segunda";"05:00:00";"BA";20;"79";"SAO DOMINGOS";"Outras";"Colisão frontal";"Com Vítimas Feridas";"Amanhecer";"Decrescente";"Ceu Claro";"Simples";"Reta";"Urbano";2;0;2;0;0;0;2;2
83478808;"04/07/16";"Segunda";"15:00:00";"PB";101;"94";"CONDE";"Defeito na via";"Colisão com objeto fixo";"Sem Vítimas";"Pleno dia";"Decrescente";"Chuva";"Dupla";"Curva";"Rural";1;0;0;0;1;0;0;1
83478809;"04/07/16";"Segunda";"16:30:00";"PR";376;"175,7";"MARINGA";"Não guardar distância de segurança";"Colisão traseira";"Com Vítimas Feridas";"Pleno dia";"Decrescente";"Ceu Claro";"Dupla";"Cruzamento";"Urbano";2;0;1;0;1;0;1;2