"id";"data_inversa";"dia_semana";"horario";"uf";"br";"km";"municipio";"causa_acidente";"tipo_acidente";"classificacao_acidente";"fase_dia";"sentido_via";"condicao_metereologica";"tipo_pista";"tracado_via";"uso_solo";"pessoas";"mortos";"feridos_leves";"feridos_graves";"ilesos";"ignorados";"feridos";"veiculos"
83479034;"05/07/16";"Terça";"08:40:00";"RO";364;"751";"PORTO VELHO";"Outras";"Colisão lateral";"Com Vítimas Feridas";"Pleno dia";"Decrescente";"Ceu Claro";"Simples";"Reta";"Rural";8;0;0;5;3;0;5;4
83479035;"05/07/16";"Terça";"14:00:00";"RS";290;"689";"URUGUAIANA";"Falta de atenção";"Saída de Pista";"Sem Vítimas";"Pleno dia";"Decrescente";"Chuva";"Simples";"Curva";"Rural";3;0;0;0;3;0;0;1
83479036;"05/07/16";"Terça";"13:10:00";"SC";116;"142";"SANTA CECILIA";"Falta de atenção";"Colisão Transversal";"Com Vítimas Feridas";"Pleno dia";"Crescente";"Ceu Claro";"Simples";"Reta";"Urbano";2;0;1;0;0;1;1;2
83479037;"02/07/16";"Sábado";"07:40:00";"MG";116;"589,8";"MANHUACU";"Velocidade incompatível";"Queda de motocicleta / bicicleta / veículo";"Com Vítimas Feridas";"Pleno dia";"Crescente";"Nublado";"Simples";"Curva";"Urbano";1;0;1;0;0;0;1;1
83479039;"05/07/16";"Terça";"06:50:00";"RJ";101;"331";"RIO DE JANEIRO";"Outras";"Colisão lateral";"Com Vítimas Feridas";"Pleno dia";"Crescente";"Ceu Claro";"Dupla";"Reta";"Urbano";2;0;1;0;1;0;1;2
83479040;"02/07/16";"Sábado";"03:30:00";"RJ";101;"285";"ITABORAI";"Outras";"Colisão traseira";"Com Vítimas Feridas";"Plena noite";"Crescente";"Ceu Claro";"Dupla";"Reta";"Urbano";3;0;2;0;1;0;2;2
83479041;"27/03/16";"Domingo";"17:55:00";"SC";101;"204";"SAO JOSE";"Outras";"Colisão lateral";"Com Vítimas Feridas";"Anoitecer";"Decrescente";"Nublado";"Dupla";"Reta";"Urbano";2;0;1;0;1;0;1;2
83479042;"05/07/16";"Terça";"13:45:00";"SC";280;"22,5";"ARAQUARI";"Falta de atenção";"Colisão Transversal";"Com Vítimas Feridas";"Pleno dia";"Decrescente";"Ceu Claro";"Simples";"Reta";"Urbano";2;0;1;1;0;0;2;2
83479043;"26/04/16";"Terça";"19:30:00";"CE";20;"415,9";"MARACANAU";"Falta de atenção";"Colisão Transversal";"Com Vítimas Feridas";"Plena noite";"Crescente";"Ceu Claro";"Simples";"Reta";"Urbano";4;0;1;1;2;0;2;2
83479044;"05/07/16";"Terça";"16:50:00";"SE";235;"0";"ARACAJU";"Outras";"Queda de motocicleta / bicicleta / veículo";"Com Vítimas Feridas";"Pleno dia";"Decrescente";"Nublado";"Dupla";"Curva";"Urbano";2;0;1;1;0;0;2;1
83479045;"01/07/16";"Sexta";"13:30:00";"ES";262;"7";"CARIACICA";"Falta de atenção";"Colisão com objeto fixo";"Sem Vítimas";"Pleno dia";"Decrescente";"Ceu Claro";"Múltipla";"Reta";"Urbano";1;0;0;0;1;0;0;1
83479046;"05/04/16";"Terça";"08:30:00";"PR";369;"79,5";"SANTA MARIANA";"Defeito mecânico em veículo";"Incêndio";"Sem Vítimas";"Pleno dia";"Decrescente";"Ceu Claro";"Simples";"Reta";"Rural";3;0;0;0;3;0;0;1
83479048;"05/07/16";"Terça";"13:00:00";"RS";158;"518";"SANTANA DO LIVRAMENTO";"Outras";"Saída de Pista";"Sem Vítimas";"Pleno dia";"Decrescente";"Chuva";"Simples";"Reta";"Rural";1;0;0;0;1;0;0;1
83479049;"05/07/16";"Terça";"16:30:00";"RS";285;"645";"SANTO ANTONIO DAS MISSOES";"Outras";"Saída de Pista";"Sem Vítimas";"Pleno dia";"Crescente";"Chuva";"Simples";"Curva";"Rural";1;0;0;0;1;0;0;1
83479050;"05/07/16";"Terça";"16:35:00";"RS";116;"234,2";"ESTANCIA VELHA";"Falta de atenção";"Colisão lateral";"Com Vítimas Feridas";"Pleno dia";"Crescente";"Nublado";"Dupla";"Reta";"Urbano";2;0;1;0;1;0;1;2
83479051;"08/04/16";"Sexta";"22:08:00";"MG";40;"510,6";"RIBEIRAO DAS NEVES";"Outras";"Atropelamento de animal";"Com Vítimas Feridas";"Plena noite";"Crescente";"Ceu Claro";"Dupla";"Curva";"Urbano";1;0;1;0;0;0;1;1
83479052;"04/07/16";"Segunda";"17:00:00";"SC";101;"204,8";"SAO JOSE";"Ingestão de álcool";"Atropelamento de pessoa";"Com Vítimas Feridas";"Pleno dia";"Crescente";"Ceu Claro";"Múltipla";"Reta";"Urbano";2;0;1;0;1;0;1;1
83479053;"05/07/16";"Terça";"16:23:00";"RS";116;"519,5";"PELOTAS";"Falta de atenção";"Colisão Transversal";"Com Vítimas Feridas";"Pleno dia";"Crescente";"Ceu Claro";"Simples";"Cruzamento";"Urbano";2;0;1;0;1;0;1;2
83479054;"05/07/16";"Terça";"14:35:00";"RO";364;"200,7";"PIMENTA BUENO";"Outras";"Colisão lateral";"Sem Vítimas";"Pleno dia";"Crescente";"Ceu Claro";"Simples";"Reta";"Urbano";4;0;0;0;3;1;0;3
83479055;"03/07/16";"Domingo";"20:00:00";"SP";381;"46";"ATIBAIA";"Não guardar distância de segurança";"Queda de motocicleta / bicicleta / veículo";"Com Vítimas Feridas";"Plena noite";"Crescente";"Ignorada";"Dupla";"Reta";"Rural";3;0;2;0;1;0;2;2
83479056;"05/07/16";"Terça";"14:30:00";"GO";60;"381";"RIO VERDE";"Defeito na via";"Queda de motocicleta / bicicleta / veículo";"Com Vítimas Feridas";"Pleno dia";"Decrescente";"Ceu Claro";"Dupla";"Cruzamento";"Urbano";2;0;2;0;0;0;2;1
83479057;"25/06/16";"Sábado";"00:30:00";"AC";364;"130";"RIO BRANCO";"Falta de atenção";"Saída de Pista";"Com Vítimas Feridas";"Plena noite";"Crescente";"Ceu Claro";"Simples";"Reta";"Urbano";1;0;0;1;0;0;1;1
83479058;"02/07/16";"Sábado";"00:10:00";"RJ";40;"71";"PETROPOLIS";"Velocidade incompatível";"Saída de Pista";"Sem Vítimas";"Plena noite";"Decrescente";"Ceu Claro";"Simples";"Reta";"Rural";2;0;0;0;2;0;0;1
83479059;"05/07/16";"Terça";"15:45:00";"PI";343;"345,5";"TERESINA";"Falta de atenção";"Atropelamento de pessoa";"Com Vítimas Feridas";"Pleno dia";"Crescente";"Sol";"Simples";"Reta";"Urbano";2;0;1;0;1;0;1;1
83479060;"05/07/16";"Terça";"11:00:00";"MA";222;"678";"ACAILANDIA";"Falta de atenção";"Colisão Transversal";"Com Vítimas Feridas";"Pleno dia";"Crescente";"Ceu Claro";"Simples";"Reta";"Urbano";2;0;1;1;0;0;2;2
83479061;"05/07/16";"Terça";"15:50:00";"PE";232;"73";"GRAVATA";"Outras";"Saída de Pista";"Sem Vítimas";"Pleno dia";"Decrescente";"Chuva";"Dupla";"Reta";"Rural";1;0;0;0;1;0;0;1
83479062;"05/07/16";"Terça";"13:00:00";"BA";101;"682,3";"ITAGIMIRIM";"Velocidade incompatível";"Saída de Pista";"Com Vítimas Feridas";"Pleno dia";"Decrescente";"Chuva";"Simples";"Reta";"Rural";6;0;5;1;0;0;6;1
83479063;"03/07/16";"Domingo";"16:00:00";"PI";343;"348,4";"TERESINA";"Falta de atenção";"Colisão traseira";"Sem Vítimas";"Pleno dia";"Crescente";"Ceu Claro";"Dupla";"Reta";"Urbano";2;0;0;0;2;0;0;2
83479064;"05/07/16";"Terça";"16:55:00";"SP";153;"67";"SAO JOSE DO RIO PRETO";"Ultrapassagem indevida";"Colisão lateral";"Sem Vítimas";"Pleno dia";"Decrescente";"Ceu Claro";"Simples";"Curva";"Urbano";2;0;0;0;2;0;0;2
83479065;"05/07/16";"Terça";"16:15:00";"SP";116;"269,7";"TABOAO DA SERRA";"Outras";"Queda de motocicleta / bicicleta / veículo";"Com Vítimas Feridas";"Pleno dia";"Crescente";"Ceu Claro";"Dupla";"Reta";"Urbano";2;0;1;0;1;0;1;2
83479066;"05/07/16";"Terça";"16:00:00";"MG";262;"772,9";"UBERABA";"Defeito mecânico em veículo";"Colisão Transversal";"Com Vítimas Feridas";"Pleno dia";"Decrescente";"Ceu Claro";"Simples";"Reta";"Rural";3;0;2;0;1;0;2;2
83479067;"05/07/16";"Terça";"18:10:00";"RN";406;"151";"CEARA-MIRIM";"Outras";"Colisão frontal";"Com Vítimas Feridas";"Plena noite";"Decrescente";"Ceu Claro";"Simples";"Reta";"Urbano";3;0;1;0;2;0;1;2
83479068;"05/07/16";"Terça";"17:00:00";"MG";381;"479,2";"CONTAGEM";"Não guardar distância de segurança";"Colisão lateral";"Com Vítimas Feridas";"Pleno dia";"Crescente";"Ceu Claro";"Múltipla";"Curva";"Urbano";3;0;1;0;2;0;1;3
83479069;"05/07/16";"Terça";"16:40:00";"CE";20;"417";"MARACANAU";"Falta de atenção";"Colisão Transversal";"Com Vítimas Feridas";"Pleno dia";"Decrescente";"Ceu Claro";"Simples";"Reta";"Urbano";3;0;2;0;1;0;2;2
83479070;"05/07/16";"Terça";"16:15:00";"SP";116;"228";"SAO PAULO";"Falta de atenção";"Colisão traseira";"Sem Vítimas";"Pleno dia";"Decrescente";"Ceu Claro";"Múltipla";"Reta";"Urbano";2;0;0;0;2;0;0;2
83479072;"05/07/16";"Terça";"17:10:00";"PR";277;"279,5";"PRUDENTOPOLIS";"Falta de atenção";"Colisão Transversal";"Com Vítimas Feridas";"Pleno dia";"Crescente";"Ceu Claro";"Simples";"Reta";"Rural";3;0;1;0;2;0;1;2
83479073;"05/07/16";"Terça";"14:20:00";"GO";50;"142,6";"IPAMERI";"Outras";"Saída de Pista";"Sem Vítimas";"Pleno dia";"Decrescente";"Sol";"Simples";"Curva";"Rural";1;0;0;0;1;0;0;1
83479074;"05/07/16";"Terça";"15:30:00";"PR";277;"108,5";"CAMPO LARGO";"Falta de atenção";"Colisão Transversal";"Com Vítimas Fatais";"Pleno dia";"Crescente";"Ceu Claro";"Dupla";"Reta";"Rural";5;2;0;1;2;0;1;3
83479075;"05/07/16";"Terça";"16:45:00";"MG";262;"360,2";"BETIM";"Outras";"Colisão traseira";"Com Vítimas Feridas";"Pleno dia";"Crescente";"Sol";"Dupla";"Reta";"Rural";2;0;1;0;1;0;1;2
83479076;"05/07/16";"Terça";"10:30:00";"BA";116;"384";"SANTA BARBARA";"Outras";"Saída de Pista";"Com Vítimas Feridas";"Pleno dia";"Crescente";"Nublado";"Simples";"Reta";"Rural";2;0;2;0;0;0;2;1
83479077;"05/07/16";"Terça";"16:30:00";"PR";116;"115";"CURITIBA";"Não guardar distância de segurança";"Atropelamento de pessoa";"Com Vítimas Feridas";"Pleno dia";"Crescente";"Ceu Claro";"Dupla";"Reta";"Urbano";2;0;2;0;0;0;2;1
83479078;"05/07/16";"Terça";"15:50:00";"MT";163;"752";"SORRISO";"Falta de atenção";"Colisão lateral";"Sem Vítimas";"Amanhecer";"Decrescente";"Ceu Claro";"Dupla";"Reta";"Urbano";2;0;0;0;2;0;0;2
83479079;"05/07/16";"Terça";"06:50:00";"ES";101;"74,4";"SAO MATEUS";"Outras";"Queda de motocicleta / bicicleta / veículo";"Com Vítimas Feridas";"Pleno dia";"Crescente";"Nevoeiro/neblina";"Simples";"Reta";"Rural";2;0;0;2;0;0;2;1
83479080;"02/02/16";"Terça";"12:30:00";"MG";135;"368,6";"MONTES CLAROS";"Defeito mecânico em veículo";"Tombamento";"Com Vítimas Feridas";"Pleno dia";"Decrescente";"Sol";"Simples";"Reta";"Urbano";1;0;1;0;0;0;1;1
83479082;"05/07/16";"Terça";"14:00:00";"SC";101;"134";"BALNEARIO CAMBORIU";"Desobediência à sinalização";"Colisão Transversal";"Com Vítimas Feridas";"Pleno dia";"Crescente";"Nublado";"Dupla";"Cruzamento";"Urbano";2;0;1;0;1;0;1;2
83479083;"05/07/16";"Terça";"18:40:00";"RS";285;"484,3";"ENTRE IJUIS";"Ultrapassagem indevida";"Colisão lateral";"Com Vítimas Feridas";"Anoitecer";"Decrescente";"Nublado";"Simples";"Reta";"Rural";3;0;1;0;2;0;1;3
83479085;"03/07/16";"Domingo";"12:20:00";"SP";381;"46,2";"ATIBAIA";"Não guardar distância de segurança";"Colisão traseira";"Com Vítimas Feridas";"Pleno dia";"Crescente";"Sol";"Dupla";"Reta";"Rural";4;0;2;0;2;0;2;3
83479086;"05/07/16";"Terça";"15:00:00";"SC";282;"390,9";"JOACABA";"Velocidade incompatível";"Tombamento";"Com Vítimas Feridas";"Pleno dia";"Decrescente";"Ceu Claro";"Simples";"Curva";"Rural";1;0;1;0;0;0;1;1
83479087;"05/07/16";"Terça";"12:10:00";"BA";116;"373";"SANTA BARBARA";"Outras";"Colisão Transversal";"Com Vítimas Feridas";"Pleno dia";"Crescente";"Nublado";"Simples";"Reta";"Rural";2;0;1;0;1;0;1;2
83479088;"05/07/16";"Terça";"19:10:00";"GO";60;"73";"ANAPOLIS";"Outras";"Colisão com objeto móvel";"Sem Vítimas";"Plena noite";"Crescente";"Ceu Claro";"Dupla";"Reta";"Rural";2;0;0;0;2;0;0;1
83479089;"05/07/16";"Terça";"18:20:00";"SC";280;"266,3";"IRINEOPOLIS";"Outras";"Colisão lateral";"Sem Vítimas";"Plena noite";"Decrescente";"Ceu Claro";"Simples";"Reta";"Rural";2;0;0;0;2;0;0;2
83479090;"05/07/16";"Terça";"15:30:00";"BA";110;"125";"CICERO DANTAS";"Defeito na via";"Saída de Pista";"Sem Vítimas";"Pleno dia";"Decrescente";"Chuva";"Simples";"Reta";"Rural";2;0;0;0;2;0;0;1
83479091;"05/07/16";"Terça";"19:00:00";"MS";163;"471";"CAMPO GRANDE";"Defeito mecânico em veículo";"Queda de motocicleta / bicicleta / veículo";"Sem Vítimas";"Plena noite";"Decrescente";"Ceu Claro";"Simples";"Reta";"Rural";1;0;0;0;1;0;0;1
83479092;"05/07/16";"Terça";"18:40:00";"PR";277;"8";"PARANAGUA";"Falta de atenção";"Colisão traseira";"Sem Vítimas";"Plena noite";"Crescente";"Ceu Claro";"Dupla";"Reta";"Urbano";2;0;0;0;2;0;0;2
83479093;"05/07/16";"Terça";"17:30:00";"RO";364;"100";"VILHENA";"Falta de atenção";"Saída de Pista";"Sem Vítimas";"Anoitecer";"Crescente";"Ceu Claro";"Simples";"Curva";"Rural";2;0;0;0;2;0;0;1
83479094;"05/07/16";"Terça";"17:50:00";"PR";369;"106,8";"URAI";"Falta de atenção";"Colisão Transversal";"Sem Vítimas";"Anoitecer";"Decrescente";"Ceu Claro";"Simples";"Cruzamento";"Urbano";2;0;0;0;2;0;0;2
83479095;"05/07/16";"Terça";"12:40:00";"RS";116;"266";"CANOAS";"Outras";"Queda de motocicleta / bicicleta / veículo";"Com Vítimas Feridas";"Pleno dia";"Decrescente";"Ceu Claro";"Simples";"Reta";"Urbano";1;0;1;0;0;0;1;1
83479096;"05/07/16";"Terça";"18:30:00";"RJ";116;"242";"PIRAI";"Não guardar distância de segurança";"Colisão traseira";"Com Vítimas Feridas";"Plena noite";"Crescente";"Ceu Claro";"Múltipla";"Reta";"Rural";4;0;1;0;3;0;1;3
83479097;"05/07/16";"Terça";"15:20:00";"RO";319;"61,5";"PORTO VELHO";"Falta de atenção";"Colisão lateral";"Com Vítimas Feridas";"Pleno dia";"Crescente";"Ceu Claro";"Dupla";"Reta";"Urbano";7;0;2;0;5;0;2;5
83479098;"04/07/16";"Segunda";"23:50:00";"MG";135;"502,2";"BUENOPOLIS";"Animais na Pista";"Atropelamento de animal";"Com Vítimas Feridas";"Plena noite";"Crescente";"Ceu Claro";"Simples";"Reta";"Rural";2;0;1;0;1;0;1;1
83479099;"01/07/16";"Sexta";"20:30:00";"MG";365;"573";"INDIANOPOLIS";"Outras";"Queda de motocicleta / bicicleta / veículo";"Com Vítimas Feridas";"Plena noite";"Crescente";"Ceu Claro";"Simples";"Reta";"Rural";1;0;0;1;0;0;1;1
83479100;"05/07/16";"Terça";"10:30:00";"GO";70;"8";"AGUAS LINDAS DE GOIAS";"Desobediência à sinalização";"Colisão lateral";"Com Vítimas Feridas";"Pleno dia";"Crescente";"Ceu Claro";"Dupla";"Reta";"Urbano";2;0;1;0;0;1;1;2
83479101;"05/07/16";"Terça";"19:00:00";"BA";242;"583";"IBOTIRAMA";"Não guardar distância de segurança";"Colisão lateral";"Com Vítimas Feridas";"Plena noite";"Crescente";"Ceu Claro";"Simples";"Reta";"Rural";5;0;1;1;3;0;2;2
83479102;"05/07/16";"Terça";"19:00:00";"BA";110;"66";"JEREMOABO";"Outras";"Tombamento";"Com Vítimas Feridas";"Plena noite";"Decrescente";"Nublado";"Simples";"Curva";"Rural";1;0;1;0;0;0;1;1
83479103;"05/07/16";"Terça";"19:15:00";"SE";101;"148,2";"ESTANCIA";"Falta de atenção";"Colisão Transversal";"Com Vítimas Feridas";"Plena noite";"Decrescente";"Ceu Claro";"Simples";"Reta";"Rural";2;0;0;2;0;0;2;2
83479104;"05/07/16";"Terça";"16:55:00";"RS";290;"108,5";"ELDORADO DO SUL";"Falta de atenção";"Colisão Transversal";"Com Vítimas Feridas";"Pleno dia";"Decrescente";"Nublado";"Simples";"Reta";"Urbano";2;0;0;1;1;0;1;2
83479105;"05/07/16";"Terça";"15:40:00";"RO";364;"397";"JARU";"Não guardar distância de segurança";"Colisão traseira";"Sem Vítimas";"Pleno dia";"Decrescente";"Ceu Claro";"Simples";"Curva";"Rural";2;0;0;0;2;0;0;2
83479106;"05/07/16";"Terça";"18:40:00";"CE";222;"2,1";"FORTALEZA";"Desobediência à sinalização";"Atropelamento de pessoa";"Com Vítimas Feridas";"Plena noite";"Decrescente";"Ceu Claro";"Múltipla";"Reta";"Urbano";2;0;1;0;1;0;1;1
83479107;"05/07/16";"Terça";"08:00:00";"BA";324;"514,6";"FEIRA DE SANTANA";"Falta de atenção";"Colisão Transversal";"Com Vítimas Feridas";"Pleno dia";"Crescente";"Ceu Claro";"Simples";"Reta";"Urbano";2;0;1;0;1;0;1;2
83479108;"05/07/16";"Terça";"14:00:00";"MT";158;"786";"BARRA DO GARCAS";"Defeito mecânico em veículo";"Incêndio";"Sem Vítimas";"Pleno dia";"Decrescente";"Ceu Claro";"Simples";"Curva";"Rural";1;0;0;0;1;0;0;1
83479109;"05/07/16";"Terça";"19:30:00";"MT";158;"550,5";"AGUA BOA";"Outras";"Tombamento";"Com Vítimas Feridas";"Plena noite";"Crescente";"Ceu Claro";"Simples";"Curva";"Rural";1;0;0;1;0;0;1;1
83479110;"05/07/16";"Terça";"18:10:00";"MG";267;"267,3";"AIURUOCA";"Desobediência à sinalização";"Colisão frontal";"Com Vítimas Fatais";"Anoitecer";"Crescente";"Nublado";"Simples";"Curva";"Rural";3;2;0;0;1;0;0;2
83479111;"05/07/16";"Terça";"18:00:00";"GO";60;"96,8";"ANAPOLIS";"Ultrapassagem indevida";"Colisão com objeto fixo";"Sem Vítimas";"Anoitecer";"Crescente";"Ceu Claro";"Dupla";"Reta";"Urbano";2;0;0;0;2;0;0;2
83479112;"05/07/16";"Terça";"21:30:00";"PI";316;"38,5";"LAGOA DO PIAUI";"Falta de atenção";"Colisão frontal";"Com Vítimas Feridas";"Plena noite";"Decrescente";"Ceu Claro";"Simples";"Reta";"Urbano";2;0;0;1;1;0;1;2
83479113;"20/06/16";"Segunda";"00:15:00";"MA";10;"315";"ACAILANDIA";"Outras";"Saída de Pista";"Com Vítimas Feridas";"Plena noite";"Crescente";"Ignorada";"Simples";"Reta";"Rural";1;0;1;0;0;0;1;1
83479114;"05/07/16";"Terça";"22:10:00";"RS";386;"278";"SAO JOSE DO HERVAL";"Velocidade incompatível";"Derramamento de Carga";"Sem Vítimas";"Plena noite";"Decrescente";"Nublado";"Simples";"Curva";"Rural";1;0;0;0;1;0;0;1
83479115;"18/06/16";"Sábado";"22:00:00";"PB";101;"8,1";"MAMANGUAPE";"Dormindo";"Tombamento";"Sem Vítimas";"Plena noite";"Decrescente";"Nublado";"Dupla";"Reta";"Rural";1;0;0;0;1;0;0;1
83479116;"12/06/16";"Domingo";"02:00:00";"RJ";465;"4";"SEROPEDICA";"Velocidade incompatível";"Capotamento";"Com Vítimas Feridas";"Plena noite";"Decrescente";"Ceu Claro";"Simples";"Reta";"Urbano";2;0;1;0;0;1;1;1
83479117;"05/07/16";"Terça";"07:40:00";"AL";316;"240,9";"ATALAIA";"Desobediência à sinalização";"Colisão com objeto móvel";"Sem Vítimas";"Pleno dia";"Decrescente";"Ceu Claro";"Simples";"Curva";"Urbano";3;0;0;0;2;1;0;3
83479118;"05/07/16";"Terça";"09:30:00";"GO";364;"192";"JATAI";"Desobediência à sinalização";"Colisão Transversal";"Sem Vítimas";"Pleno dia";"Crescente";"Ceu Claro";"Dupla";"Cruzamento";"Urbano";2;0;0;0;2;0;0;2
83479119;"05/07/16";"Terça";"22:25:00";"RS";116;"555,7";"CAPAO DO LEAO";"Outras";"Saída de Pista";"Com Vítimas Feridas";"Plena noite";"Crescente";"Chuva";"Simples";"Curva";"Rural";4;0;1;2;1;0;3;1
83479120;"05/07/16";"Terça";"19:30:00";"MG";40;"233,5";"SAO GONCALO DO ABAETE";"Desobediência à sinalização";"Capotamento";"Com Vítimas Feridas";"Plena noite";"Decrescente";"Nublado";"Simples";"Reta";"Rural";4;0;2;1;1;0;3;2
83479121;"05/07/16";"Terça";"23:20:00";"PR";369;"72,9";"SANTA MARIANA";"Falta de atenção";"Colisão lateral";"Com Vítimas Feridas";"Plena noite";"Decrescente";"Ceu Claro";"Simples";"Reta";"Urbano";2;0;0;1;1;0;1;2
83479122;"24/06/16";"Sexta";"07:00:00";"RJ";116;"199";"QUEIMADOS";"Outras";"Saída de Pista";"Sem Vítimas";"Pleno dia";"Crescente";"Ceu Claro";"Dupla";"Reta";"Rural";1;0;0;0;1;0;0;1
83479123;"05/07/16";"Terça";"23:30:00";"MA";230;"404";"BALSAS";"Não guardar distância de segurança";"Colisão Transversal";"Com Vítimas Feridas";"Plena noite";"Crescente";"Ceu Claro";"Simples";"Reta";"Urbano";4;0;2;0;1;1;2;2
83479124;"06/07/16";"Quarta";"00:30:00";"PB";230;"144";"CAMPINA GRANDE";"Dormindo";"Colisão lateral";"Sem Vítimas";"Plena noite";"Crescente";"Nublado";"Dupla";"Reta";"Urbano";2;0;0;0;2;0;0;2
83479125;"05/07/16";"Terça";"21:40:00";"PR";153;"146";"VENTANIA";"Outras";"Saída de Pista";"Sem Vítimas";"Plena noite";"Decrescente";"Ceu Claro";"Simples";"Reta";"Rural";1;0;0;0;1;0;0;1
83479126;"06/07/16";"Quarta";"00:30:00";"PE";101;"46";"IGARASSU";"Falta de atenção";"Colisão Transversal";"Sem Vítimas";"Plena noite";"Crescente";"Nublado";"Dupla";"Reta";"Urbano";2;0;0;0;2;0;0;2
83479127;"05/07/16";"Terça";"16:50:00";"PR";163;"160";"LINDOESTE";"Outras";"Saída de Pista";"Com Vítimas Feridas";"Pleno dia";"Decrescente";"Ceu Claro";"Simples";"Curva";"Rural";2;0;2;0;0;0;2;1
83479128;"05/07/16";"Terça";"23:00:00";"MG";116;"804,8";"ALEM PARAIBA";"Dormindo";"Saída de Pista";"Sem Vítimas";"Plena noite";"Decrescente";"Nublado";"Simples";"Curva";"Rural";1;0;0;0;1;0;0;1
83479129;"05/07/16";"Terça";"15:26:00";"MT";364;"504";"JANGADA";"Outras";"Colisão traseira";"Sem Vítimas";"Pleno dia";"Decrescente";"Sol";"Simples";"Reta";"Rural";2;0;0;0;2;0;0;2
83479130;"05/07/16";"Terça";"22:05:00";"RS";116;"153";"CAXIAS DO SUL";"Falta de atenção";"Colisão Transversal";"Com Vítimas Feridas";"Plena noite";"Decrescente";"Nublado";"Dupla";"Curva";"Urbano";2;0;1;0;1;0;1;2
83479131;"05/07/16";"Terça";"17:20:00";"AC";364;"138,2";"RIO BRANCO";"Outras";"Colisão Transversal";"Com Vítimas Feridas";"Anoitecer";"Crescente";"Sol";"Simples";"Curva";"Urbano";2;0;1;0;1;0;1;2
83479132;"05/07/16";"Terça";"08:15:00";"PB";230;"23,1";"JOAO PESSOA";"Não guardar distância de segurança";"Colisão traseira";"Sem Vítimas";"Pleno dia";"Crescente";"Sol";"Dupla";"Reta";"Urbano";2;0;0;0;2;0;0;2
83479133;"30/06/16";"Quinta";"09:40:00";"SP";116;"71,3";"APARECIDA";"Outras";"Capotamento";"Com Vítimas Feridas";"Pleno dia";"Decrescente";"Sol";"Dupla";"Reta";"Rural";1;0;1;0;0;0;1;1
83479134;"05/07/16";"Terça";"09:30:00";"MG";381;"477,5";"CONTAGEM";"Outras";"Colisão traseira";"Com Vítimas Feridas";"Pleno dia";"Decrescente";"Ceu Claro";"Dupla";"Reta";"Rural";4;0;1;0;3;0;1;3
83479135;"05/07/16";"Terça";"17:40:00";"RS";287;"233,5";"SANTA MARIA";"Outras";"Colisão lateral";"Sem Vítimas";"Anoitecer";"Crescente";"Nublado";"Simples";"Reta";"Urbano";2;0;0;0;2;0;0;2
83479136;"05/07/16";"Terça";"14:50:00";"MS";158;"58,8";"PARANAIBA";"Ultrapassagem indevida";"Colisão frontal";"Com Vítimas Fatais";"Pleno dia";"Decrescente";"Ceu Claro";"Simples";"Reta";"Rural";3;1;0;0;2;0;0;3
83479137;"05/07/16";"Terça";"06:20:00";"SE";235;"4,8";"NOSSA SENHORA DO SOCORRO";"Defeito na via";"Queda de motocicleta / bicicleta / veículo";"Com Vítimas Feridas";"Pleno dia";"Decrescente";"Chuva";"Dupla";"Curva";"Urbano";1;0;1;0;0;0;1;1
83479138;"05/07/16";"Terça";"17:40:00";"AC";317;"20,5";"PORTO ACRE";"Desobediência à sinalização";"Colisão Transversal";"Com Vítimas Feridas";"Anoitecer";"Crescente";"Ceu Claro";"Simples";"Reta";"Rural";3;0;1;0;2;0;1;2
83479139;"05/07/16";"Terça";"18:25:00";"RS";116;"40,3";"VACARIA";"Desobediência à sinalização";"Colisão Transversal";"Com Vítimas Feridas";"Plena noite";"Crescente";"Nublado";"Simples";"Cruzamento";"Urbano";2;0;1;0;1;0;1;2
83479140;"03/07/16";"Domingo";"23:50:00";"DF";70;"7,8";"BRASILIA";"Velocidade incompatível";"Colisão traseira";"Com Vítimas Feridas";"Plena noite";"Decrescente";"Ceu Claro";"Dupla";"Reta";"Urbano";4;0;2;0;2;0;2;2
83479141;"18/06/16";"Sábado";"21:20:00";"BA";324;"543";"AMELIA RODRIGUES";"Outras";"Colisão traseira";"Com Vítimas Feridas";"Anoitecer";"Decrescente";"Nublado";"Dupla";"Reta";"Urbano";3;0;1;0;1;1;1;2
83479142;"05/07/16";"Terça";"23:45:00";"RS";116;"325";"BARRA DO RIBEIRO";"Ingestão de álcool";"Saída de Pista";"Com Vítimas Feridas";"Plena noite";"Decrescente";"Nublado";"Simples";"Reta";"Rural";1;0;0;1;0;0;1;1
83479143;"05/07/16";"Terça";"23:00:00";"RS";153;"373,3";"CACHOEIRA DO SUL";"Ingestão de álcool";"Saída de Pista";"Sem Vítimas";"Plena noite";"Decrescente";"Chuva";"Simples";"Reta";"Rural";1;0;0;0;1;0;0;1
83479144;"05/07/16";"Terça";"09:35:00";"RS";116;"233";"ESTANCIA VELHA";"Falta de atenção";"Colisão traseira";"Com Vítimas Feridas";"Pleno dia";"Crescente";"Ceu Claro";"Simples";"Reta";"Urbano";2;0;1;0;1;0;1;2
83479145;"05/07/16";"Terça";"12:10:00";"RS";290;"721,4";"URUGUAIANA";"Animais na Pista";"Saída de Pista";"Sem Vítimas";"Pleno dia";"Crescente";"Chuva";"Simples";"Reta";"Urbano";1;0;0;0;1;0;0;1