"id";"data_inversa";"dia_semana";"horario";"uf";"br";"km";"municipio";"causa_acidente";"tipo_acidente";"classificacao_acidente";"fase_dia";"sentido_via";"condicao_metereologica";"tipo_pista";"tracado_via";"uso_solo";"pessoas";"mortos";"feridos_leves";"feridos_graves";"ilesos";"ignorados";"feridos";"veiculos"
83479374;"06/07/16";"Quarta";"18:15:00";"MG";50;"15,5";"ARAGUARI";"Outras";"Colisão Transversal";"Com Vítimas Feridas";"Anoitecer";"Crescente";"Vento";"Dupla";"Reta";"Rural";2;0;0;1;1;0;1;2
83479375;"04/07/16";"Segunda";"09:30:00";"MT";364;"199";"RONDONOPOLIS";"Falta de atenção";"Colisão Transversal";"Sem Vítimas";"Pleno dia";"Decrescente";"Ceu Claro";"Simples";"Reta";"Urbano";2;0;0;0;2;0;0;2
83479376;"03/07/16";"Domingo";"01:10:00";"ES";101;"255,5";"SERRA";"Outras";"Queda de motocicleta / bicicleta / veículo";"Com Vítimas Feridas";"Plena noite";"Crescente";"Ceu Claro";"Simples";"Reta";"Urbano";1;0;1;0;0;0;1;1
83479377;"02/07/16";"Sábado";"02:00:00";"AL";101;"32,4";"JOAQUIM GOMES";"Falta de atenção";"Colisão lateral";"Sem Vítimas";"Plena noite";"Crescente";"Chuva";"Dupla";"Reta";"Rural";2;0;0;0;1;1;0;2
83479378;"06/07/16";"Quarta";"19:20:00";"SC";101;"119";"ITAJAI";"Outras";"Queda de motocicleta / bicicleta / veículo";"Ignorado";"Plena noite";"Decrescente";"Nublado";"Simples";"Reta";"Urbano";1;0;0;0;0;1;0;1
83479379;"06/07/16";"Quarta";"16:30:00";"PE";101;"70";"RECIFE";"Não guardar distância de segurança";"Colisão traseira";"Sem Vítimas";"Pleno dia";"Crescente";"Chuva";"Dupla";"Reta";"Urbano";4;0;0;0;3;1;0;4
83479380;"06/07/16";"Quarta";"18:10:00";"RS";290;"88";"PORTO ALEGRE";"Outras";"Colisão lateral";"Com Vítimas Feridas";"Plena noite";"Decrescente";"Chuva";"Dupla";"Reta";"Urbano";2;0;1;0;1;0;1;2
83479381;"06/07/16";"Quarta";"13:55:00";"SC";470;"158,6";"TROMBUDO CENTRAL";"Falta de atenção";"Saída de Pista";"Com Vítimas Feridas";"Pleno dia";"Decrescente";"Ceu Claro";"Simples";"Reta";"Urbano";1;0;1;0;0;0;1;1
83479382;"06/07/16";"Quarta";"16:35:00";"GO";60;"286";"ACREUNA";"Velocidade incompatível";"Colisão com objeto fixo";"Sem Vítimas";"Pleno dia";"Crescente";"Nublado";"Dupla";"Curva";"Rural";5;0;0;0;5;0;0;2
83479383;"06/07/16";"Quarta";"18:45:00";"MG";50;"51";"ARAGUARI";"Outras";"Queda de motocicleta / bicicleta / veículo";"Com Vítimas Feridas";"Anoitecer";"Crescente";"Ceu Claro";"Dupla";"Reta";"Rural";1;0;0;1;0;0;1;1
83479384;"06/07/16";"Quarta";"17:30:00";"PR";476;"124";"CURITIBA";"Não guardar distância de segurança";"Colisão traseira";"Com Vítimas Feridas";"Pleno dia";"Decrescente";"Nublado";"Simples";"Reta";"Urbano";3;0;1;0;2;0;1;3
83479385;"06/07/16";"Quarta";"12:10:00";"MS";262;"31,9";"TRES LAGOAS";"Outras";"Capotamento";"Com Vítimas Feridas";"Pleno dia";"Decrescente";"Ceu Claro";"Simples";"Reta";"Rural";5;0;1;0;4;0;1;1
83479386;"06/07/16";"Quarta";"16:10:00";"PE";232;"9,1";"JABOATAO DOS GUARARAPES";"Ingestão de álcool";"Atropelamento de pessoa";"Com Vítimas Feridas";"Pleno dia";"Decrescente";"Chuva";"Dupla";"Reta";"Urbano";3;0;1;0;2;0;1;1
83479387;"06/07/16";"Quarta";"19:10:00";"RS";116;"115";"SAO MARCOS";"Falta de atenção";"Colisão lateral";"Sem Vítimas";"Anoitecer";"Crescente";"Ceu Claro";"Simples";"Curva";"Urbano";2;0;0;0;2;0;0;2
83479388;"02/07/16";"Sábado";"21:50:00";"RJ";116;"135";"DUQUE DE CAXIAS";"Outras";"Colisão com objeto fixo";"Sem Vítimas";"Plena noite";"Crescente";"Ceu Claro";"Dupla";"Reta";"Urbano";1;0;0;0;1;0;0;1
83479389;"06/07/16";"Quarta";"19:20:00";"PR";272;"361";"CAMPO MOURAO";"Falta de atenção";"Colisão com bicicleta";"Com Vítimas Feridas";"Plena noite";"Decrescente";"Nublado";"Simples";"Reta";"Urbano";2;0;0;1;1;0;1;2
83479390;"06/07/16";"Quarta";"18:00:00";"MG";116;"322";"ITAMBACURI";"Desobediência à sinalização";"Colisão Transversal";"Sem Vítimas";"Anoitecer";"Decrescente";"Ceu Claro";"Simples";"Reta";"Rural";2;0;0;0;2;0;0;2
83479391;"06/07/16";"Quarta";"09:30:00";"PE";232;"124";"CARUARU";"Outras";"Capotamento";"Com Vítimas Feridas";"Pleno dia";"Crescente";"Ceu Claro";"Dupla";"Reta";"Rural";2;0;1;0;1;0;1;1
83479392;"06/07/16";"Quarta";"19:00:00";"SP";116;"218";"GUARULHOS";"Outras";"Colisão traseira";"Sem Vítimas";"Plena noite";"Decrescente";"Nublado";"Múltipla";"Reta";"Urbano";3;0;0;0;3;0;0;3
83479393;"06/07/16";"Quarta";"13:30:00";"AL";104;"46";"BRANQUINHA";"Falta de atenção";"Colisão frontal";"Com Vítimas Feridas";"Pleno dia";"Crescente";"Sol";"Simples";"Reta";"Urbano";2;0;0;1;1;0;1;2
83479394;"06/07/16";"Quarta";"18:45:00";"RO";364;"11,8";"VILHENA";"Não guardar distância de segurança";"Colisão traseira";"Com Vítimas Feridas";"Pleno dia";"Decrescente";"Ceu Claro";"Dupla";"Reta";"Urbano";2;0;1;0;1;0;1;2
83479395;"03/07/16";"Domingo";"06:20:00";"SP";116;"219";"GUARULHOS";"Outras";"Capotamento";"Com Vítimas Fatais";"Amanhecer";"Decrescente";"Nublado";"Simples";"Curva";"Urbano";4;2;0;2;0;0;2;1
83479396;"06/07/16";"Quarta";"16:40:00";"SC";101;"206";"SAO JOSE";"Outras";"Colisão lateral";"Com Vítimas Feridas";"Anoitecer";"Decrescente";"Ceu Claro";"Dupla";"Reta";"Urbano";3;0;1;0;2;0;1;3
83479397;"06/07/16";"Quarta";"13:30:00";"PR";376;"595,5";"CURITIBA";"Não guardar distância de segurança";"Colisão traseira";"Sem Vítimas";"Pleno dia";"Crescente";"Chuva";"Dupla";"Reta";"Urbano";4;0;0;0;4;0;0;4
83479398;"06/07/16";"Quarta";"17:30:00";"RS";392;"109";"CANGUCU";"Falta de atenção";"Colisão lateral";"Sem Vítimas";"Anoitecer";"Crescente";"Nublado";"Simples";"Reta";"Rural";2;0;0;0;2;0;0;2
83479399;"06/07/16";"Quarta";"18:20:00";"ES";101;"127";"SOORETAMA";"Ingestão de álcool";"Tombamento";"Com Vítimas Feridas";"Plena noite";"Crescente";"Ceu Claro";"Múltipla";"Reta";"Urbano";2;0;1;0;0;1;1;2
83479400;"04/07/16";"Segunda";"16:45:00";"BA";116;"597";"IRAJUBA";"Defeito mecânico em veículo";"Capotamento";"Sem Vítimas";"Pleno dia";"Crescente";"Chuva";"Simples";"Curva";"Rural";1;0;0;0;1;0;0;1
83479401;"06/07/16";"Quarta";"16:50:00";"SC";282;"2";"FLORIANOPOLIS";"Não guardar distância de segurança";"Colisão traseira";"Com Vítimas Feridas";"Pleno dia";"Crescente";"Sol";"Dupla";"Reta";"Urbano";3;0;1;1;1;0;2;3
83479402;"06/07/16";"Quarta";"19:40:00";"SC";101;"208";"SAO JOSE";"Desobediência à sinalização";"Colisão lateral";"Com Vítimas Feridas";"Anoitecer";"Decrescente";"Ceu Claro";"Múltipla";"Cruzamento";"Urbano";2;0;1;0;1;0;1;2
83479403;"06/07/16";"Quarta";"11:20:00";"PE";232;"407,3";"SERRA TALHADA";"Outras";"Queda de motocicleta / bicicleta / veículo";"Com Vítimas Feridas";"Pleno dia";"Crescente";"Ceu Claro";"Simples";"Reta";"Urbano";2;0;1;0;0;1;1;2
83479404;"06/07/16";"Quarta";"17:30:00";"MG";40;"793,1";"JUIZ DE FORA";"Velocidade incompatível";"Colisão com objeto fixo";"Com Vítimas Feridas";"Anoitecer";"Crescente";"Ceu Claro";"Dupla";"Curva";"Urbano";1;0;0;1;0;0;1;1
83479405;"06/07/16";"Quarta";"18:00:00";"SC";282;"3,5";"FLORIANOPOLIS";"Falta de atenção";"Colisão lateral";"Com Vítimas Feridas";"Pleno dia";"Decrescente";"Sol";"Dupla";"Reta";"Urbano";3;0;1;0;2;0;1;3
83479406;"06/07/16";"Quarta";"19:00:00";"CE";222;"1,3";"SOBRAL";"Desobediência à sinalização";"Colisão Transversal";"Com Vítimas Feridas";"Plena noite";"Crescente";"Ceu Claro";"Dupla";"Reta";"Urbano";4;0;2;1;0;1;3;2
83479407;"06/07/16";"Quarta";"19:25:00";"MG";365;"608";"UBERLANDIA";"Falta de atenção";"Queda de motocicleta / bicicleta / veículo";"Com Vítimas Feridas";"Plena noite";"Decrescente";"Ceu Claro";"Dupla";"Reta";"Rural";1;0;1;0;0;0;1;1
83479408;"06/07/16";"Quarta";"20:05:00";"PR";369;"476";"CORBELIA";"Outras";"Capotamento";"Com Vítimas Feridas";"Plena noite";"Decrescente";"Ceu Claro";"Simples";"Reta";"Rural";1;0;0;1;0;0;1;1
83479409;"03/07/16";"Domingo";"00:30:00";"RJ";356;"183";"SAO JOAO DA BARRA";"Ingestão de álcool";"Colisão Transversal";"Com Vítimas Feridas";"Plena noite";"Crescente";"Ceu Claro";"Simples";"Reta";"Rural";3;0;1;1;1;0;2;2
83479410;"06/07/16";"Quarta";"19:05:00";"RO";364;"186,6";"PIMENTA BUENO";"Defeito na via";"Saída de Pista";"Sem Vítimas";"Plena noite";"Crescente";"Ceu Claro";"Dupla";"Reta";"Rural";3;0;0;0;2;1;0;1
83479412;"06/07/16";"Quarta";"13:25:00";"PB";230;"51,5";"SANTA RITA";"Velocidade incompatível";"Saída de Pista";"Com Vítimas Feridas";"Pleno dia";"Decrescente";"Chuva";"Dupla";"Reta";"Rural";1;0;0;1;0;0;1;1
83479413;"02/07/16";"Sábado";"15:40:00";"GO";40;"33";"VALPARAISO DE GOIAS";"Falta de atenção";"Colisão com objeto fixo";"Com Vítimas Feridas";"Pleno dia";"Decrescente";"Ceu Claro";"Dupla";"Curva";"Rural";2;0;1;0;1;0;1;1
83479414;"06/07/16";"Quarta";"20:40:00";"BA";101;"24";"ESPLANADA";"Outras";"Saída de Pista";"Com Vítimas Feridas";"Plena noite";"Crescente";"Ceu Claro";"Simples";"Reta";"Rural";5;0;2;0;3;0;2;1
83479415;"06/07/16";"Quarta";"19:00:00";"MT";364;"189";"RONDONOPOLIS";"Ingestão de álcool";"Colisão lateral";"Com Vítimas Feridas";"Plena noite";"Crescente";"Ceu Claro";"Simples";"Reta";"Rural";6;0;0;2;4;0;2;2
83479416;"06/07/16";"Quarta";"14:00:00";"MS";262;"250,5";"RIBAS DO RIO PARDO";"Defeito mecânico em veículo";"Colisão lateral";"Com Vítimas Feridas";"Pleno dia";"Crescente";"Nublado";"Simples";"Reta";"Rural";2;0;1;0;1;0;1;2
83479417;"06/07/16";"Quarta";"07:05:00";"RS";290;"605";"ALEGRETE";"Animais na Pista";"Atropelamento de animal";"Sem Vítimas";"Plena noite";"Decrescente";"Ceu Claro";"Simples";"Reta";"Rural";3;0;0;0;3;0;0;2
83479418;"02/07/16";"Sábado";"01:15:00";"RJ";465;"16";"SEROPEDICA";"Outras";"Colisão frontal";"Com Vítimas Feridas";"Plena noite";"Crescente";"Ceu Claro";"Simples";"Curva";"Urbano";3;0;2;0;1;0;2;2
83479419;"06/07/16";"Quarta";"15:05:00";"SP";116;"283,9";"EMBU";"Falta de atenção";"Colisão traseira";"Sem Vítimas";"Pleno dia";"Decrescente";"Nublado";"Dupla";"Reta";"Urbano";3;0;0;0;2;1;0;3
83479420;"06/07/16";"Quarta";"19:00:00";"MG";267;"251,9";"CARVALHOS";"Outras";"Saída de Pista";"Sem Vítimas";"Plena noite";"Crescente";"Ceu Claro";"Simples";"Curva";"Rural";2;0;0;0;2;0;0;1
83479422;"06/07/16";"Quarta";"20:40:00";"SC";470;"88,7";"RODEIO";"Outras";"Derramamento de Carga";"Sem Vítimas";"Plena noite";"Decrescente";"Nublado";"Simples";"Curva";"Rural";1;0;0;0;1;0;0;1
83479423;"06/07/16";"Quarta";"19:00:00";"MT";163;"821";"SINOP";"Outras";"Colisão com bicicleta";"Com Vítimas Feridas";"Plena noite";"Crescente";"Ceu Claro";"Simples";"Reta";"Urbano";5;0;0;1;4;0;1;2
83479424;"06/07/16";"Quarta";"14:20:00";"AC";364;"124";"RIO BRANCO";"Falta de atenção";"Colisão frontal";"Com Vítimas Feridas";"Pleno dia";"Crescente";"Chuva";"Dupla";"Reta";"Urbano";3;0;1;0;2;0;1;2
83479425;"06/07/16";"Quarta";"19:50:00";"RJ";40;"116";"DUQUE DE CAXIAS";"Outras";"Capotamento";"Com Vítimas Feridas";"Pleno dia";"Decrescente";"Ceu Claro";"Simples";"Reta";"Urbano";3;0;1;0;2;0;1;1
83479426;"06/07/16";"Quarta";"23:50:00";"SC";280;"127,5";"RIO NEGRINHO";"Falta de atenção";"Colisão traseira";"Com Vítimas Feridas";"Plena noite";"Crescente";"Ceu Claro";"Simples";"Reta";"Urbano";2;0;2;0;0;0;2;2
83479427;"06/07/16";"Quarta";"07:30:00";"DF";40;"7,6";"BRASILIA";"Falta de atenção";"Queda de motocicleta / bicicleta / veículo";"Com Vítimas Feridas";"Pleno dia";"Decrescente";"Ceu Claro";"Simples";"Reta";"Urbano";1;0;1;0;0;0;1;1
83479428;"06/07/16";"Quarta";"19:10:00";"SP";116;"337";"JUQUITIBA";"Falta de atenção";"Colisão com bicicleta";"Com Vítimas Feridas";"Plena noite";"Crescente";"Nublado";"Dupla";"Reta";"Urbano";3;0;0;1;2;0;1;2
83479429;"06/07/16";"Quarta";"11:20:00";"SP";116;"189";"SANTA ISABEL";"Outras";"Colisão traseira";"Com Vítimas Feridas";"Pleno dia";"Decrescente";"Ceu Claro";"Dupla";"Reta";"Rural";3;0;0;2;1;0;2;3
83479430;"06/07/16";"Quarta";"23:00:00";"PE";232;"100,3";"BEZERROS";"Outras";"Tombamento";"Sem Vítimas";"Plena noite";"Decrescente";"Nublado";"Dupla";"Reta";"Urbano";1;0;0;0;1;0;0;1
83479431;"03/07/16";"Domingo";"23:15:00";"PB";230;"24,8";"JOAO PESSOA";"Ingestão de álcool";"Colisão Transversal";"Com Vítimas Feridas";"Plena noite";"Decrescente";"Nublado";"Dupla";"Reta";"Urbano";2;0;1;1;0;0;2;2
83479432;"06/07/16";"Quarta";"20:30:00";"GO";40;"119";"CRISTALINA";"Velocidade incompatível";"Capotamento";"Sem Vítimas";"Plena noite";"Crescente";"Ceu Claro";"Dupla";"Reta";"Rural";1;0;0;0;1;0;0;1
83479433;"06/07/16";"Quarta";"16:15:00";"MT";163;"829";"SINOP";"Falta de atenção";"Colisão lateral";"Sem Vítimas";"Pleno dia";"Crescente";"Sol";"Dupla";"Reta";"Urbano";2;0;0;0;2;0;0;2
83479434;"04/07/16";"Segunda";"19:10:00";"MG";365;"17";"MONTES CLAROS";"Velocidade incompatível";"Saída de Pista";"Com Vítimas Feridas";"Plena noite";"Decrescente";"Chuva";"Simples";"Curva";"Rural";2;0;2;0;0;0;2;1
83479435;"06/07/16";"Quarta";"13:10:00";"CE";116;"3";"FORTALEZA";"Outras";"Colisão traseira";"Sem Vítimas";"Pleno dia";"Crescente";"Ceu Claro";"Múltipla";"Reta";"Urbano";2;0;0;0;1;1;0;2
83479436;"06/07/16";"Quarta";"19:30:00";"PR";277;"1";"PARANAGUA";"Outras";"Saída de Pista";"Com Vítimas Feridas";"Plena noite";"Crescente";"Ceu Claro";"Simples";"Reta";"Urbano";1;0;0;1;0;0;1;1
83479437;"03/07/16";"Domingo";"18:30:00";"MA";10;"243,5";"IMPERATRIZ";"Falta de atenção";"Colisão traseira";"Com Vítimas Feridas";"Plena noite";"Crescente";"Ceu Claro";"Simples";"Reta";"Rural";6;0;0;5;1;0;5;2
83479438;"06/07/16";"Quarta";"18:35:00";"MS";463;"0,7";"DOURADOS";"Falta de atenção";"Atropelamento de pessoa";"Com Vítimas Feridas";"Plena noite";"Crescente";"Ceu Claro";"Simples";"Cruzamento";"Urbano";2;0;2;0;0;0;2;1
83479439;"06/07/16";"Quarta";"19:40:00";"SP";116;"349";"MIRACATU";"Falta de atenção";"Tombamento";"Sem Vítimas";"Plena noite";"Decrescente";"Nublado";"Dupla";"Curva";"Rural";1;0;0;0;1;0;0;1
83479440;"06/07/16";"Quarta";"22:45:00";"RN";101;"125";"SAO JOSE DE MIPIBU";"Falta de atenção";"Colisão Transversal";"Com Vítimas Fatais";"Plena noite";"Crescente";"Ceu Claro";"Múltipla";"Reta";"Rural";2;1;0;0;0;1;0;2
83479441;"06/07/16";"Quarta";"09:30:00";"CE";116;"16,4";"EUSEBIO";"Falta de atenção";"Colisão lateral";"Sem Vítimas";"Pleno dia";"Decrescente";"Ceu Claro";"Dupla";"Reta";"Rural";2;0;0;0;2;0;0;2
83479442;"06/07/16";"Quarta";"06:30:00";"PI";135;"463";"MONTE ALEGRE DO PIAUI";"Dormindo";"Saída de Pista";"Com Vítimas Feridas";"Amanhecer";"Crescente";"Ignorada";"Simples";"Curva";"Rural";2;0;1;1;0;0;2;1
83479443;"06/07/16";"Quarta";"22:10:00";"MG";381;"679";"PERDOES";"Outras";"Colisão com objeto fixo";"Com Vítimas Feridas";"Plena noite";"Crescente";"Nublado";"Múltipla";"Cruzamento";"Urbano";1;0;1;0;0;0;1;1
83479444;"07/07/16";"Quinta";"05:00:00";"PR";277;"583";"CASCAVEL";"Outras";"Tombamento";"Sem Vítimas";"Plena noite";"Crescente";"Nublado";"Simples";"Reta";"Urbano";1;0;0;0;1;0;0;1
83479445;"07/07/16";"Quinta";"02:38:00";"PR";277;"673";"MEDIANEIRA";"Falta de atenção";"Saída de Pista";"Sem Vítimas";"Plena noite";"Crescente";"Ceu Claro";"Dupla";"Reta";"Urbano";2;0;0;0;2;0;0;1
83479446;"06/07/16";"Quarta";"22:00:00";"SC";101;"320";"PESCARIA BRAVA";"Outras";"Derramamento de Carga";"Sem Vítimas";"Plena noite";"Decrescente";"Ceu Claro";"Dupla";"Curva";"Urbano";1;0;0;0;1;0;0;1
83479447;"06/07/16";"Quarta";"18:20:00";"CE";116;"9";"FORTALEZA";"Outras";"Colisão com bicicleta";"Com Vítimas Feridas";"Plena noite";"Crescente";"Ceu Claro";"Dupla";"Reta";"Rural";2;0;1;0;1;0;1;2
83479448;"06/07/16";"Quarta";"11:00:00";"BA";101;"184";"SAO GONCALO DOS CAMPOS";"Outras";"Saída de Pista";"Com Vítimas Feridas";"Pleno dia";"Crescente";"Ceu Claro";"Simples";"Reta";"Rural";5;0;5;0;0;0;5;1
83479449;"06/07/16";"Quarta";"15:45:00";"CE";116;"3";"FORTALEZA";"Desobediência à sinalização";"Colisão lateral";"Sem Vítimas";"Pleno dia";"Crescente";"Ceu Claro";"Dupla";"Curva";"Urbano";2;0;0;0;2;0;0;2
83479450;"02/07/16";"Sábado";"07:30:00";"TO";153;"131";"ARAGUAINA";"Falta de atenção";"Saída de Pista";"Com Vítimas Feridas";"Amanhecer";"Decrescente";"Ceu Claro";"Simples";"Curva";"Urbano";1;0;1;0;0;0;1;1
83479451;"07/07/16";"Quinta";"03:50:00";"AL";101;"192";"JUNQUEIRO";"Falta de atenção";"Colisão frontal";"Sem Vítimas";"Plena noite";"Decrescente";"Ceu Claro";"Simples";"Curva";"Rural";2;0;0;0;2;0;0;2
83479452;"06/07/16";"Quarta";"19:40:00";"RS";392;"351,8";"SANTA MARIA";"Falta de atenção";"Colisão Transversal";"Com Vítimas Feridas";"Plena noite";"Decrescente";"Nublado";"Simples";"Cruzamento";"Urbano";2;0;1;0;1;0;1;2
83479453;"05/07/16";"Terça";"18:20:00";"PB";230;"28";"JOAO PESSOA";"Falta de atenção";"Queda de motocicleta / bicicleta / veículo";"Com Vítimas Feridas";"Anoitecer";"Decrescente";"Nublado";"Simples";"Curva";"Urbano";1;0;1;0;0;0;1;1
83479454;"07/07/16";"Quinta";"05:40:00";"ES";101;"414,5";"ITAPEMIRIM";"Falta de atenção";"Colisão lateral";"Sem Vítimas";"Amanhecer";"Decrescente";"Ceu Claro";"Simples";"Curva";"Rural";2;0;0;0;2;0;0;2
83479455;"07/07/16";"Quinta";"04:50:00";"MG";381;"850";"POUSO ALEGRE";"Outras";"Queda de motocicleta / bicicleta / veículo";"Ignorado";"Plena noite";"Decrescente";"Ceu Claro";"Dupla";"Curva";"Urbano";1;0;0;0;0;1;0;1
83479456;"07/07/16";"Quinta";"00:15:00";"MG";381;"940,7";"EXTREMA";"Velocidade incompatível";"Tombamento";"Com Vítimas Feridas";"Plena noite";"Decrescente";"Ceu Claro";"Dupla";"Curva";"Urbano";1;0;1;0;0;0;1;1
83479457;"07/07/16";"Quinta";"04:50:00";"RJ";116;"299";"RESENDE";"Outras";"Capotamento";"Com Vítimas Feridas";"Amanhecer";"Decrescente";"Nublado";"Dupla";"Reta";"Urbano";1;0;1;0;0;0;1;1
83479458;"06/07/16";"Quarta";"18:20:00";"MG";40;"565,3";"NOVA LIMA";"Outras";"Atropelamento de pessoa";"Com Vítimas Feridas";"Plena noite";"Crescente";"Ceu Claro";"Simples";"Reta";"Rural";2;0;0;1;0;1;1;1
83479459;"03/07/16";"Domingo";"00:40:00";"RN";304;"34,9";"MOSSORO";"Falta de atenção";"Queda de motocicleta / bicicleta / veículo";"Com Vítimas Feridas";"Plena noite";"Decrescente";"Ignorada";"Dupla";"Reta";"Urbano";1;0;1;0;0;0;1;1
83479460;"06/07/16";"Quarta";"14:00:00";"PR";376;"593";"CURITIBA";"Falta de atenção";"Colisão traseira";"Com Vítimas Feridas";"Pleno dia";"Crescente";"Chuva";"Dupla";"Reta";"Urbano";3;0;1;0;2;0;1;3
83479461;"02/07/16";"Sábado";"11:40:00";"RJ";40;"81";"PETROPOLIS";"Outras";"Colisão lateral";"Sem Vítimas";"Pleno dia";"Decrescente";"Ceu Claro";"Dupla";"Reta";"Urbano";4;0;0;0;4;0;0;2
83479462;"07/06/16";"Terça";"04:00:00";"BA";101;"935";"MUCURI";"Animais na Pista";"Atropelamento de animal";"Sem Vítimas";"Plena noite";"Decrescente";"Nevoeiro/neblina";"Simples";"Reta";"Urbano";1;0;0;0;1;0;0;1
83479463;"06/07/16";"Quarta";"19:20:00";"BA";116;"407";"FEIRA DE SANTANA";"Falta de atenção";"Colisão Transversal";"Com Vítimas Fatais";"Plena noite";"Crescente";"Ceu Claro";"Simples";"Reta";"Rural";2;1;0;0;1;0;0;2
83479464;"07/07/16";"Quinta";"04:15:00";"MG";381;"578";"CARMOPOLIS DE MINAS";"Outras";"Saída de Pista";"Sem Vítimas";"Plena noite";"Decrescente";"Ceu Claro";"Dupla";"Reta";"Rural";1;0;0;0;1;0;0;1
83479465;"06/07/16";"Quarta";"13:00:00";"PR";376;"665,5";"GUARATUBA";"Outras";"Saída de Pista";"Sem Vítimas";"Pleno dia";"Decrescente";"Chuva";"Múltipla";"Curva";"Rural";1;0;0;0;1;0;0;1
83479466;"07/07/16";"Quinta";"04:30:00";"MG";40;"457,5";"SETE LAGOAS";"Outras";"Colisão traseira";"Com Vítimas Feridas";"Amanhecer";"Decrescente";"Ceu Claro";"Dupla";"Reta";"Rural";2;0;0;1;1;0;1;2
83479467;"06/07/16";"Quarta";"05:40:00";"PB";101;"79";"SANTA RITA";"Animais na Pista";"Atropelamento de animal";"Com Vítimas Feridas";"Amanhecer";"Decrescente";"Ceu Claro";"Dupla";"Reta";"Rural";1;0;0;1;0;0;1;1
83479468;"07/07/16";"Quinta";"02:10:00";"RJ";101;"253";"RIO BONITO";"Ingestão de álcool";"Colisão Transversal";"Com Vítimas Feridas";"Plena noite";"Decrescente";"Ceu Claro";"Simples";"Curva";"Rural";4;0;1;0;3;0;1;2
83479469;"05/07/16";"Terça";"19:50:00";"PB";230;"4,4";"CABEDELO";"Desobediência à sinalização";"Colisão lateral";"Com Vítimas Feridas";"Pleno dia";"Crescente";"Sol";"Dupla";"Reta";"Urbano";2;0;0;1;1;0;1;2
83479470;"07/07/16";"Quinta";"06:25:00";"SC";470;"128,2";"LONTRAS";"Falta de atenção";"Colisão Transversal";"Com Vítimas Feridas";"Amanhecer";"Crescente";"Ceu Claro";"Simples";"Reta";"Urbano";2;0;1;0;1;0;1;2
83479471;"31/05/16";"Terça";"18:05:00";"SP";116;"336,5";"JUQUITIBA";"Outras";"Colisão traseira";"Com Vítimas Fatais";"Plena noite";"Crescente";"Ceu Claro";"Dupla";"Reta";"Urbano";2;1;0;0;1;0;0;2
83479472;"06/07/16";"Quarta";"09:00:00";"PE";232;"8,4";"RECIFE";"Outras";"Queda de motocicleta / bicicleta / veículo";"Com Vítimas Feridas";"Pleno dia";"Decrescente";"Ceu Claro";"Simples";"Reta";"Urbano";3;0;2;1;0;0;3;3
83479473;"20/06/16";"Segunda";"23:00:00";"RJ";40;"94";"DUQUE DE CAXIAS";"Velocidade incompatível";"Colisão com objeto fixo";"Com Vítimas Feridas";"Plena noite";"Crescente";"Nublado";"Dupla";"Curva";"Rural";1;0;1;0;0;0;1;1
83479474;"06/07/16";"Quarta";"18:30:00";"PE";104;"73";"CARUARU";"Não guardar distância de segurança";"Colisão traseira";"Sem Vítimas";"Anoitecer";"Decrescente";"Ceu Claro";"Simples";"Reta";"Rural";3;0;0;0;1;2;0;3
83479475;"07/07/16";"Quinta";"04:34:00";"RS";386;"38,9";"FREDERICO WESTPHALEN";"Falta de atenção";"Colisão Transversal";"Com Vítimas Fatais";"Plena noite";"Decrescente";"Nevoeiro/neblina";"Simples";"Curva";"Rural";4;1;1;0;2;0;1;2
83479476;"02/07/16";"Sábado";"05:50:00";"DF";70;"19,8";"BRASILIA";"Velocidade incompatível";"Saída de Pista";"Ignorado";"Amanhecer";"Crescente";"Ceu Claro";"Dupla";"Curva";"Rural";1;0;0;0;0;1;0;1
83479477;"06/07/16";"Quarta";"22:00:00";"SP";116;"393";"MIRACATU";"Velocidade incompatível";"Colisão traseira";"Sem Vítimas";"Plena noite";"Decrescente";"Nublado";"Dupla";"Reta";"Rural";2;0;0;0;2;0;0;2
83479478;"06/07/16";"Quarta";"22:10:00";"RJ";101;"419";"MANGARATIBA";"Outras";"Colisão traseira";"Com Vítimas Feridas";"Plena noite";"Crescente";"Ceu Claro";"Simples";"Reta";"Rural";3;0;1;0;2;0;1;2
83479479;"03/07/16";"Domingo";"20:30:00";"PR";376;"183";"SARANDI";"Ingestão de álcool";"Colisão lateral";"Com Vítimas Feridas";"Plena noite";"Decrescente";"Ceu Claro";"Dupla";"Reta";"Urbano";2;0;1;0;1;0;1;2
83479480;"06/07/16";"Quarta";"17:30:00";"RJ";116;"142";"DUQUE DE CAXIAS";"Falta de atenção";"Colisão com bicicleta";"Com Vítimas Feridas";"Pleno dia";"Decrescente";"Ceu Claro";"Simples";"Reta";"Rural";2;0;1;0;1;0;1;2
83479481;"04/07/16";"Segunda";"05:30:00";"SC";101;"192,4";"BIGUACU";"Outras";"Tombamento";"Com Vítimas Feridas";"Amanhecer";"Decrescente";"Ceu Claro";"Dupla";"Curva";"Urbano";1;0;1;0;0;0;1;1
83479482;"03/07/16";"Domingo";"19:40:00";"ES";259;"45";"COLATINA";"Outras";"Colisão traseira";"Com Vítimas Feridas";"Plena noite";"Crescente";"Ceu Claro";"Simples";"Cruzamento";"Urbano";3;0;1;1;1;0;2;2