"id";"data_inversa";"dia_semana";"horario";"uf";"br";"km";"municipio";"causa_acidente";"tipo_acidente";"classificacao_acidente";"fase_dia";"sentido_via";"condicao_metereologica";"tipo_pista";"tracado_via";"uso_solo";"pessoas";"mortos";"feridos_leves";"feridos_graves";"ilesos";"ignorados";"feridos";"veiculos"
83479593;"07/07/16";"Quinta";"18:00:00";"BA";242;"575";"IBOTIRAMA";"Ultrapassagem indevida";"Tombamento";"Sem Vítimas";"Anoitecer";"Decrescente";"Ceu Claro";"Simples";"Reta";"Rural";1;0;0;0;1;0;0;1
83479594;"07/07/16";"Quinta";"16:00:00";"MT";163;"664";"LUCAS DO RIO VERDE";"Falta de atenção";"Colisão traseira";"Sem Vítimas";"Pleno dia";"Crescente";"Ceu Claro";"Dupla";"Reta";"Rural";2;0;0;0;2;0;0;2
83479595;"07/07/16";"Quinta";"15:00:00";"MG";381;"495,7";"BETIM";"Desobediência à sinalização";"Colisão lateral";"Sem Vítimas";"Pleno dia";"Decrescente";"Ceu Claro";"Dupla";"Reta";"Urbano";3;0;0;0;3;0;0;3
83479596;"07/07/16";"Quinta";"18:30:00";"PR";277;"583";"CASCAVEL";"Desobediência à sinalização";"Colisão Transversal";"Com Vítimas Feridas";"Plena noite";"Decrescente";"Ceu Claro";"Simples";"Cruzamento";"Rural";3;0;1;0;2;0;1;2
83479597;"07/07/16";"Quinta";"16:10:00";"PB";101;"17";"MAMANGUAPE";"Falta de atenção";"Colisão traseira";"Sem Vítimas";"Pleno dia";"Decrescente";"Sol";"Dupla";"Reta";"Rural";2;0;0;0;2;0;0;2
83479598;"07/07/16";"Quinta";"08:00:00";"RS";101;"43,7";"TERRA DE AREIA";"Velocidade incompatível";"Tombamento";"Com Vítimas Feridas";"Pleno dia";"Decrescente";"Ceu Claro";"Simples";"Curva";"Rural";1;0;1;0;0;0;1;1
83479599;"07/07/16";"Quinta";"11:00:00";"BA";242;"247";"RUY BARBOSA";"Defeito mecânico em veículo";"Tombamento";"Sem Vítimas";"Pleno dia";"Decrescente";"Ceu Claro";"Simples";"Reta";"Rural";1;0;0;0;1;0;0;1
83479600;"07/07/16";"Quinta";"19:10:00";"PR";277;"84";"CURITIBA";"Não guardar distância de segurança";"Colisão traseira";"Sem Vítimas";"Plena noite";"Decrescente";"Nublado";"Dupla";"Reta";"Urbano";3;0;0;0;3;0;0;3
83479601;"07/07/16";"Quinta";"19:50:00";"RS";287;"237,8";"SANTA MARIA";"Animais na Pista";"Atropelamento de animal";"Com Vítimas Feridas";"Plena noite";"Decrescente";"Ceu Claro";"Simples";"Reta";"Urbano";1;0;1;0;0;0;1;1
83479602;"03/07/16";"Domingo";"17:20:00";"GO";60;"169,6";"GOIANIA";"Outras";"Saída de Pista";"Com Vítimas Feridas";"Pleno dia";"Decrescente";"Sol";"Dupla";"Reta";"Urbano";6;0;1;1;4;0;2;2
83479603;"07/07/16";"Quinta";"18:40:00";"BA";101;"910";"NOVA VICOSA";"Outras";"Saída de Pista";"Sem Vítimas";"Plena noite";"Decrescente";"Ceu Claro";"Simples";"Curva";"Rural";1;0;0;0;1;0;0;1
83479604;"07/07/16";"Quinta";"16:40:00";"PI";343;"11";"PARNAIBA";"Ingestão de álcool";"Colisão Transversal";"Com Vítimas Feridas";"Pleno dia";"Crescente";"Ceu Claro";"Simples";"Reta";"Urbano";2;0;1;0;1;0;1;2
83479606;"03/07/16";"Domingo";"10:00:00";"MG";381;"450";"SABARA";"Não guardar distância de segurança";"Colisão traseira";"Com Vítimas Feridas";"Plena noite";"Crescente";"Ceu Claro";"Simples";"Reta";"Rural";2;0;1;0;1;0;1;2
83479607;"04/07/16";"Segunda";"23:45:00";"MG";40;"700,6";"BARBACENA";"Falta de atenção";"Colisão lateral";"Com Vítimas Feridas";"Plena noite";"Decrescente";"Ceu Claro";"Dupla";"Reta";"Urbano";3;0;1;1;0;1;2;2
83479608;"07/07/16";"Quinta";"14:40:00";"ES";101;"127";"SOORETAMA";"Outras";"Saída de Pista";"Com Vítimas Feridas";"Pleno dia";"Crescente";"Sol";"Simples";"Reta";"Urbano";1;0;0;1;0;0;1;1
83479609;"07/07/16";"Quinta";"16:40:00";"ES";101;"149,3";"LINHARES";"Desobediência à sinalização";"Colisão Transversal";"Com Vítimas Feridas";"Pleno dia";"Crescente";"Ceu Claro";"Dupla";"Reta";"Urbano";3;0;1;1;1;0;2;2
83479610;"07/07/16";"Quinta";"09:15:00";"MA";10;"344";"ACAILANDIA";"Velocidade incompatível";"Tombamento";"Com Vítimas Feridas";"Pleno dia";"Decrescente";"Ceu Claro";"Simples";"Reta";"Urbano";2;0;1;1;0;0;2;1
83479611;"07/07/16";"Quinta";"18:30:00";"ES";101;"125";"SOORETAMA";"Falta de atenção";"Colisão lateral";"Com Vítimas Feridas";"Plena noite";"Decrescente";"Nublado";"Múltipla";"Reta";"Urbano";2;0;0;1;1;0;1;2
83479612;"07/07/16";"Quinta";"20:20:00";"PE";101;"78";"JABOATAO DOS GUARARAPES";"Falta de atenção";"Colisão Transversal";"Com Vítimas Feridas";"Plena noite";"Decrescente";"Ceu Claro";"Dupla";"Cruzamento";"Urbano";2;0;1;0;1;0;1;2
83479613;"07/07/16";"Quinta";"09:50:00";"SP";116;"145,3";"SAO JOSE DOS CAMPOS";"Não guardar distância de segurança";"Colisão traseira";"Com Vítimas Feridas";"Pleno dia";"Crescente";"Ceu Claro";"Múltipla";"Reta";"Urbano";3;0;1;0;2;0;1;2
83479614;"07/07/16";"Quinta";"10:30:00";"RN";110;"49";"MOSSORO";"Falta de atenção";"Colisão Transversal";"Com Vítimas Feridas";"Pleno dia";"Crescente";"Ceu Claro";"Dupla";"Cruzamento";"Urbano";2;0;1;0;1;0;1;2
83479616;"03/07/16";"Domingo";"20:20:00";"MT";70;"647,1";"CACERES";"Outras";"Capotamento";"Com Vítimas Feridas";"Plena noite";"Decrescente";"Ceu Claro";"Simples";"Reta";"Rural";2;0;0;1;1;0;1;1
83479617;"07/07/16";"Quinta";"15:10:00";"CE";222;"12";"CAUCAIA";"Outras";"Atropelamento de pessoa";"Com Vítimas Feridas";"Pleno dia";"Decrescente";"Ceu Claro";"Simples";"Reta";"Urbano";2;0;0;1;1;0;1;1
83479618;"07/07/16";"Quinta";"17:00:00";"PR";163;"275";"QUATRO PONTES";"Desobediência à sinalização";"Colisão frontal";"Com Vítimas Feridas";"Pleno dia";"Crescente";"Ceu Claro";"Simples";"Reta";"Rural";2;0;2;0;0;0;2;2
83479619;"07/07/16";"Quinta";"11:00:00";"RS";392;"194,1";"SANTANA DA BOA VISTA";"Defeito mecânico em veículo";"Derramamento de Carga";"Sem Vítimas";"Pleno dia";"Decrescente";"Sol";"Simples";"Curva";"Rural";1;0;0;0;1;0;0;1
83479620;"07/07/16";"Quinta";"19:10:00";"PR";376;"404,6";"TIBAGI";"Outras";"Colisão traseira";"Sem Vítimas";"Plena noite";"Crescente";"Ceu Claro";"Simples";"Curva";"Rural";2;0;0;0;2;0;0;2
83479622;"07/07/16";"Quinta";"15:00:00";"SC";116;"303";"CAPAO ALTO";"Falta de atenção";"Colisão lateral";"Sem Vítimas";"Pleno dia";"Decrescente";"Ceu Claro";"Simples";"Reta";"Rural";2;0;0;0;2;0;0;2
83479623;"07/07/16";"Quinta";"20:30:00";"RS";285;"248";"CARAZINHO";"Ingestão de álcool";"Saída de Pista";"Com Vítimas Feridas";"Plena noite";"Decrescente";"Ceu Claro";"Simples";"Reta";"Rural";1;0;1;0;0;0;1;1
83479624;"07/07/16";"Quinta";"19:24:00";"RS";290;"584,4";"ALEGRETE";"Animais na Pista";"Atropelamento de animal";"Sem Vítimas";"Plena noite";"Decrescente";"Ceu Claro";"Simples";"Reta";"Urbano";1;0;0;0;1;0;0;1
83479625;"29/01/16";"Sexta";"15:00:00";"MG";262;"607,5";"CAMPOS ALTOS";"Velocidade incompatível";"Colisão frontal";"Com Vítimas Fatais";"Pleno dia";"Decrescente";"Chuva";"Simples";"Curva";"Rural";2;1;1;0;0;0;1;2
83479626;"04/07/16";"Segunda";"07:00:00";"MG";381;"742";"TRES CORACOES";"Falta de atenção";"Capotamento";"Com Vítimas Feridas";"Pleno dia";"Decrescente";"Nevoeiro/neblina";"Dupla";"Curva";"Rural";1;0;1;0;0;0;1;1
83479627;"07/07/16";"Quinta";"19:00:00";"SC";101;"432,5";"SOMBRIO";"Outras";"Colisão com bicicleta";"Com Vítimas Fatais";"Plena noite";"Decrescente";"Nublado";"Dupla";"Reta";"Urbano";2;1;0;0;1;0;0;2
83479628;"07/07/16";"Quinta";"18:30:00";"RS";471;"148,6";"SANTA CRUZ DO SUL";"Falta de atenção";"Colisão Transversal";"Com Vítimas Feridas";"Plena noite";"Crescente";"Ceu Claro";"Simples";"Reta";"Urbano";3;0;1;1;1;0;2;2
83479629;"07/07/16";"Quinta";"18:20:00";"RN";304;"32,5";"MOSSORO";"Falta de atenção";"Colisão Transversal";"Com Vítimas Feridas";"Plena noite";"Decrescente";"Ceu Claro";"Dupla";"Curva";"Urbano";2;0;1;0;1;0;1;2
83479630;"07/07/16";"Quinta";"16:20:00";"GO";60;"112";"GOIANAPOLIS";"Falta de atenção";"Atropelamento de pessoa";"Com Vítimas Feridas";"Pleno dia";"Crescente";"Ceu Claro";"Dupla";"Reta";"Rural";2;0;0;1;1;0;1;1
83479631;"07/07/16";"Quinta";"17:10:00";"BA";324;"365,9";"CAPIM GROSSO";"Falta de atenção";"Colisão frontal";"Com Vítimas Fatais";"Anoitecer";"Decrescente";"Ceu Claro";"Simples";"Reta";"Urbano";2;1;0;0;1;0;0;2
83479632;"07/07/16";"Quinta";"18:30:00";"PR";277;"727,4";"FOZ DO IGUACU";"Falta de atenção";"Colisão traseira";"Sem Vítimas";"Plena noite";"Decrescente";"Ceu Claro";"Dupla";"Reta";"Urbano";5;0;0;0;3;2;0;4
83479633;"07/07/16";"Quinta";"18:00:00";"AC";364;"130";"RIO BRANCO";"Outras";"Colisão com bicicleta";"Com Vítimas Feridas";"Plena noite";"Crescente";"Ceu Claro";"Dupla";"Reta";"Urbano";2;0;0;1;1;0;1;2
83479634;"07/07/16";"Quinta";"15:00:00";"MG";262;"119";"RIO CASCA";"Ingestão de álcool";"Colisão com objeto fixo";"Com Vítimas Feridas";"Pleno dia";"Crescente";"Ceu Claro";"Simples";"Reta";"Urbano";3;0;1;0;1;1;1;2
83479635;"09/06/16";"Quinta";"22:18:00";"SP";116;"219,6";"GUARULHOS";"Outras";"Colisão traseira";"Com Vítimas Feridas";"Plena noite";"Decrescente";"Ceu Claro";"Múltipla";"Reta";"Urbano";2;0;1;0;0;1;1;2
83479636;"07/07/16";"Quinta";"19:15:00";"SC";470;"150,7";"AGRONOMICA";"Falta de atenção";"Colisão frontal";"Com Vítimas Fatais";"Plena noite";"Decrescente";"Ceu Claro";"Simples";"Reta";"Rural";2;1;0;0;1;0;0;2
83479637;"07/07/16";"Quinta";"19:00:00";"MS";267;"513";"JARDIM";"Animais na Pista";"Saída de Pista";"Sem Vítimas";"Plena noite";"Decrescente";"Ceu Claro";"Simples";"Reta";"Rural";1;0;0;0;1;0;0;1
83479639;"07/07/16";"Quinta";"14:00:00";"MA";135;"9,4";"SAO LUIS";"Não guardar distância de segurança";"Colisão lateral";"Sem Vítimas";"Pleno dia";"Decrescente";"Sol";"Dupla";"Reta";"Urbano";2;0;0;0;2;0;0;2
83479640;"07/07/16";"Quinta";"17:45:00";"PR";373;"400,5";"CANDOI";"Ingestão de álcool";"Colisão lateral";"Com Vítimas Feridas";"Anoitecer";"Crescente";"Ceu Claro";"Simples";"Reta";"Urbano";2;0;1;0;1;0;1;2
83479642;"03/07/16";"Domingo";"15:00:00";"MG";262;"15,8";"MARTINS SOARES";"Velocidade incompatível";"Tombamento";"Com Vítimas Feridas";"Pleno dia";"Decrescente";"Sol";"Simples";"Curva";"Rural";3;0;2;1;0;0;3;1
83479643;"07/07/16";"Quinta";"20:40:00";"BA";116;"933,1";"ENCRUZILHADA";"Outras";"Saída de Pista";"Com Vítimas Feridas";"Plena noite";"Decrescente";"Ceu Claro";"Simples";"Reta";"Rural";1;0;1;0;0;0;1;1
83479644;"07/07/16";"Quinta";"17:30:00";"PR";476;"329,9";"PAULA FREITAS";"Outras";"Colisão lateral";"Com Vítimas Feridas";"Pleno dia";"Decrescente";"Ceu Claro";"Simples";"Reta";"Rural";3;0;1;0;2;0;1;2
83479645;"07/07/16";"Quinta";"11:30:00";"MG";381;"378";"SAO GONCALO DO RIO ABAIXO";"Não guardar distância de segurança";"Colisão traseira";"Com Vítimas Feridas";"Pleno dia";"Crescente";"Ceu Claro";"Simples";"Curva";"Rural";2;0;1;0;1;0;1;2
83479646;"07/07/16";"Quinta";"15:00:00";"MT";364;"118";"PEDRA PRETA";"Dormindo";"Saída de Pista";"Com Vítimas Feridas";"Pleno dia";"Decrescente";"Sol";"Simples";"Reta";"Rural";1;0;1;0;0;0;1;1
83479647;"07/07/16";"Quinta";"17:30:00";"MG";50;"177,8";"UBERABA";"Outras";"Queda de motocicleta / bicicleta / veículo";"Com Vítimas Feridas";"Anoitecer";"Crescente";"Ceu Claro";"Dupla";"Cruzamento";"Urbano";1;0;1;0;0;0;1;1
83479648;"07/07/16";"Quinta";"20:00:00";"PA";222;"243,3";"MARABA";"Falta de atenção";"Colisão frontal";"Com Vítimas Feridas";"Plena noite";"Decrescente";"Ignorada";"Dupla";"Reta";"Urbano";4;0;3;0;1;0;3;3
83479649;"02/07/16";"Sábado";"15:00:00";"ES";101;"292";"CARIACICA";"Não guardar distância de segurança";"Colisão traseira";"Com Vítimas Feridas";"Pleno dia";"Crescente";"Sol";"Dupla";"Reta";"Urbano";2;0;0;1;1;0;1;2
83479650;"07/07/16";"Quinta";"17:10:00";"MG";116;"570,7";"MANHUACU";"Velocidade incompatível";"Colisão frontal";"Com Vítimas Fatais";"Pleno dia";"Decrescente";"Ceu Claro";"Simples";"Curva";"Rural";4;2;0;1;1;0;1;3
83479651;"07/07/16";"Quinta";"20:30:00";"RJ";116;"35";"SAPUCAIA";"Velocidade incompatível";"Saída de Pista";"Com Vítimas Feridas";"Plena noite";"Crescente";"Ceu Claro";"Simples";"Curva";"Rural";2;0;1;0;1;0;1;1
83479652;"07/07/16";"Quinta";"15:55:00";"DF";70;"9";"BRASILIA";"Falta de atenção";"Colisão lateral";"Com Vítimas Feridas";"Pleno dia";"Decrescente";"Ceu Claro";"Dupla";"Reta";"Urbano";4;0;2;0;2;0;2;2
83479653;"07/07/16";"Quinta";"09:05:00";"RO";364;"494";"ARIQUEMES";"Falta de atenção";"Colisão traseira";"Com Vítimas Feridas";"Pleno dia";"Decrescente";"Sol";"Simples";"Reta";"Rural";4;0;0;1;2;1;1;2
83479654;"07/07/16";"Quinta";"18:30:00";"GO";153;"499";"GOIANIA";"Não guardar distância de segurança";"Colisão traseira";"Com Vítimas Feridas";"Plena noite";"Crescente";"Ceu Claro";"Dupla";"Reta";"Urbano";2;0;0;1;1;0;1;2
83479655;"07/07/16";"Quinta";"18:00:00";"PB";412;"76,5";"SERRA BRANCA";"Falta de atenção";"Colisão Transversal";"Com Vítimas Feridas";"Anoitecer";"Crescente";"Nublado";"Simples";"Curva";"Rural";3;0;2;1;0;0;3;2
83479656;"07/07/16";"Quinta";"18:45:00";"MG";262;"620";"IBIA";"Velocidade incompatível";"Capotamento";"Com Vítimas Feridas";"Anoitecer";"Crescente";"Ceu Claro";"Simples";"Reta";"Rural";1;0;1;0;0;0;1;1
83479657;"07/07/16";"Quinta";"18:30:00";"CE";116;"159,3";"RUSSAS";"Falta de atenção";"Queda de motocicleta / bicicleta / veículo";"Com Vítimas Feridas";"Plena noite";"Crescente";"Vento";"Simples";"Reta";"Urbano";1;0;0;1;0;0;1;1
83479658;"07/07/16";"Quinta";"18:10:00";"DF";251;"36";"BRASILIA";"Defeito na via";"Saída de Pista";"Com Vítimas Feridas";"Anoitecer";"Crescente";"Ceu Claro";"Simples";"Reta";"Rural";1;0;1;0;0;0;1;1
83479659;"29/06/16";"Quarta";"16:00:00";"RJ";101;"317";"SAO GONCALO";"Outras";"Colisão lateral";"Com Vítimas Feridas";"Pleno dia";"Crescente";"Ceu Claro";"Dupla";"Reta";"Urbano";3;0;2;0;1;0;2;2
83479660;"25/06/16";"Sábado";"21:15:00";"RJ";101;"261";"RIO BONITO";"Outras";"Colisão lateral";"Sem Vítimas";"Plena noite";"Crescente";"Ignorada";"Dupla";"Reta";"Rural";2;0;0;0;2;0;0;2
83479661;"07/07/16";"Quinta";"18:50:00";"MT";163;"577";"NOVA MUTUM";"Outras";"Queda de motocicleta / bicicleta / veículo";"Com Vítimas Feridas";"Anoitecer";"Decrescente";"Ceu Claro";"Simples";"Reta";"Rural";2;0;0;2;0;0;2;1
83479662;"07/07/16";"Quinta";"17:30:00";"MT";174;"274,5";"PONTES E LACERDA";"Ultrapassagem indevida";"Colisão frontal";"Com Vítimas Fatais";"Anoitecer";"Crescente";"Ceu Claro";"Simples";"Reta";"Rural";2;1;1;0;0;0;1;2
83479663;"07/07/16";"Quinta";"22:00:00";"MS";163;"320";"RIO BRILHANTE";"Animais na Pista";"Atropelamento de animal";"Sem Vítimas";"Plena noite";"Crescente";"Ceu Claro";"Simples";"Reta";"Rural";2;0;0;0;2;0;0;2
83479664;"07/07/16";"Quinta";"22:00:00";"SC";116;"140";"SANTA CECILIA";"Ingestão de álcool";"Saída de Pista";"Sem Vítimas";"Plena noite";"Crescente";"Ceu Claro";"Simples";"Reta";"Urbano";1;0;0;0;1;0;0;1
83479665;"07/07/16";"Quinta";"17:05:00";"PR";277;"726,5";"FOZ DO IGUACU";"Velocidade incompatível";"Tombamento";"Com Vítimas Feridas";"Pleno dia";"Crescente";"Ceu Claro";"Dupla";"Cruzamento";"Urbano";1;0;1;0;0;0;1;1
83479667;"07/07/16";"Quinta";"12:00:00";"AC";364;"125";"RIO BRANCO";"Desobediência à sinalização";"Atropelamento de pessoa";"Com Vítimas Feridas";"Pleno dia";"Crescente";"Sol";"Dupla";"Curva";"Rural";3;0;1;0;2;0;1;1
83479668;"29/06/16";"Quarta";"16:10:00";"RJ";101;"317";"SAO GONCALO";"Outras";"Colisão lateral";"Com Vítimas Feridas";"Pleno dia";"Crescente";"Ceu Claro";"Dupla";"Reta";"Urbano";3;0;2;0;1;0;2;2
83479669;"07/07/16";"Quinta";"19:20:00";"AC";364;"122";"RIO BRANCO";"Falta de atenção";"Colisão Transversal";"Com Vítimas Feridas";"Plena noite";"Decrescente";"Ceu Claro";"Dupla";"Reta";"Urbano";2;0;1;0;1;0;1;2
83479670;"07/07/16";"Quinta";"22:00:00";"GO";153;"424,9";"ANAPOLIS";"Não guardar distância de segurança";"Colisão traseira";"Com Vítimas Feridas";"Plena noite";"Crescente";"Ceu Claro";"Dupla";"Reta";"Rural";3;0;1;0;1;1;1;3
83479671;"07/07/16";"Quinta";"18:35:00";"SC";101;"150,7";"ITAPEMA";"Falta de atenção";"Colisão traseira";"Com Vítimas Feridas";"Anoitecer";"Crescente";"Ceu Claro";"Dupla";"Reta";"Urbano";2;0;1;0;1;0;1;2
83479672;"07/07/16";"Quinta";"20:00:00";"PE";423;"128";"SALOA";"Ingestão de álcool";"Colisão lateral";"Com Vítimas Feridas";"Plena noite";"Decrescente";"Nublado";"Simples";"Reta";"Rural";2;0;0;1;1;0;1;2
83479673;"07/07/16";"Quinta";"23:35:00";"SC";101;"150";"ITAPEMA";"Velocidade incompatível";"Colisão traseira";"Com Vítimas Feridas";"Plena noite";"Crescente";"Ceu Claro";"Dupla";"Reta";"Urbano";2;0;1;0;1;0;1;2
83479674;"07/07/16";"Quinta";"19:00:00";"RJ";40;"69";"PETROPOLIS";"Dormindo";"Saída de Pista";"Sem Vítimas";"Plena noite";"Decrescente";"Ceu Claro";"Simples";"Curva";"Urbano";1;0;0;0;1;0;0;1
83479675;"07/07/16";"Quinta";"19:15:00";"SC";101;"161,5";"TIJUCAS";"Desobediência à sinalização";"Colisão frontal";"Com Vítimas Feridas";"Plena noite";"Decrescente";"Ceu Claro";"Simples";"Cruzamento";"Urbano";2;0;0;1;1;0;1;2
83479676;"07/07/16";"Quinta";"12:30:00";"SC";101;"135";"BALNEARIO CAMBORIU";"Outras";"Danos Eventuais";"Com Vítimas Feridas";"Pleno dia";"Crescente";"Ceu Claro";"Simples";"Reta";"Urbano";2;0;1;0;1;0;1;1
83479677;"07/07/16";"Quinta";"18:00:00";"MS";267;"84,5";"BATAGUASSU";"Animais na Pista";"Atropelamento de animal";"Com Vítimas Feridas";"Plena noite";"Decrescente";"Ceu Claro";"Simples";"Reta";"Rural";3;0;1;0;2;0;1;2
83479678;"07/07/16";"Quinta";"17:50:00";"ES";101;"264";"SERRA";"Falta de atenção";"Colisão traseira";"Com Vítimas Feridas";"Anoitecer";"Crescente";"Ceu Claro";"Múltipla";"Reta";"Urbano";3;0;1;1;1;0;2;3
83479679;"08/07/16";"Sexta";"00:06:00";"MG";40;"559";"NOVA LIMA";"Outras";"Queda de motocicleta / bicicleta / veículo";"Com Vítimas Feridas";"Plena noite";"Decrescente";"Ceu Claro";"Dupla";"Reta";"Urbano";1;0;0;1;0;0;1;1
83479680;"03/07/16";"Domingo";"11:30:00";"PR";277;"274,2";"PRUDENTOPOLIS";"Outras";"Capotamento";"Com Vítimas Feridas";"Pleno dia";"Decrescente";"Ceu Claro";"Simples";"Reta";"Rural";5;0;3;0;2;0;3;2
83479681;"07/07/16";"Quinta";"17:00:00";"RN";226;"1,8";"NATAL";"Falta de atenção";"Colisão Transversal";"Com Vítimas Feridas";"Pleno dia";"Crescente";"Ceu Claro";"Simples";"Reta";"Urbano";3;0;0;2;1;0;2;2
83479682;"07/07/16";"Quinta";"22:30:00";"PR";163;"187,9";"SANTA TEREZA DO OESTE";"Outras";"Saída de Pista";"Com Vítimas Feridas";"Plena noite";"Crescente";"Ceu Claro";"Simples";"Curva";"Rural";2;0;2;0;0;0;2;1
83479683;"07/07/16";"Quinta";"23:50:00";"SC";282;"1,9";"FLORIANOPOLIS";"Velocidade incompatível";"Colisão traseira";"Com Vítimas Fatais";"Plena noite";"Decrescente";"Ceu Claro";"Dupla";"Reta";"Urbano";2;1;1;0;0;0;1;2
83479684;"07/07/16";"Quinta";"21:30:00";"MT";70;"136";"BARRA DO GARCAS";"Outras";"Saída de Pista";"Com Vítimas Feridas";"Plena noite";"Decrescente";"Ceu Claro";"Simples";"Reta";"Rural";2;0;2;0;0;0;2;1
83479685;"07/07/16";"Quinta";"20:30:00";"RR";432;"199";"CANTA";"Falta de atenção";"Colisão frontal";"Com Vítimas Feridas";"Plena noite";"Decrescente";"Ceu Claro";"Simples";"Reta";"Rural";2;0;0;1;1;0;1;2
83479686;"08/07/16";"Sexta";"00:15:00";"GO";153;"587";"PROFESSOR JAMIL";"Outras";"Saída de Pista";"Sem Vítimas";"Plena noite";"Decrescente";"Ceu Claro";"Dupla";"Curva";"Rural";1;0;0;0;1;0;0;1
83479687;"07/07/16";"Quinta";"07:00:00";"PR";277;"74";"CURITIBA";"Não guardar distância de segurança";"Colisão traseira";"Com Vítimas Feridas";"Pleno dia";"Crescente";"Ceu Claro";"Dupla";"Reta";"Rural";3;0;1;0;2;0;1;2
83479688;"07/07/16";"Quinta";"14:30:00";"PR";369;"161,2";"CAMBE";"Falta de atenção";"Colisão traseira";"Sem Vítimas";"Pleno dia";"Decrescente";"Ceu Claro";"Dupla";"Reta";"Urbano";2;0;0;0;2;0;0;2
83479689;"07/07/16";"Quinta";"22:00:00";"MT";163;"786";"VERA";"Outras";"Colisão lateral";"Com Vítimas Feridas";"Plena noite";"Decrescente";"Ceu Claro";"Simples";"Reta";"Rural";2;0;1;0;1;0;1;2
83479690;"07/07/16";"Quinta";"12:50:00";"ES";262;"47";"MARECHAL FLORIANO";"Falta de atenção";"Colisão lateral";"Com Vítimas Feridas";"Pleno dia";"Crescente";"Sol";"Simples";"Reta";"Urbano";3;0;1;1;1;0;2;2
83479691;"08/07/16";"Sexta";"01:40:00";"PB";230;"137,5";"CAMPINA GRANDE";"Dormindo";"Saída de Pista";"Sem Vítimas";"Plena noite";"Crescente";"Ceu Claro";"Dupla";"Curva";"Rural";1;0;0;0;1;0;0;1
83479692;"08/07/16";"Sexta";"01:00:00";"SC";280;"29,1";"ARAQUARI";"Defeito mecânico em veículo";"Colisão com objeto fixo";"Com Vítimas Feridas";"Plena noite";"Decrescente";"Ceu Claro";"Simples";"Reta";"Urbano";2;0;2;0;0;0;2;1
83479693;"07/07/16";"Quinta";"17:30:00";"PE";232;"80,9";"GRAVATA";"Falta de atenção";"Colisão lateral";"Sem Vítimas";"Plena noite";"Decrescente";"Ceu Claro";"Múltipla";"Reta";"Urbano";2;0;0;0;2;0;0;2
83479694;"07/07/16";"Quinta";"17:20:00";"PE";408;"93,5";"SAO LOURENCO DA MATA";"Outras";"Colisão com objeto fixo";"Sem Vítimas";"Anoitecer";"Decrescente";"Ceu Claro";"Dupla";"Reta";"Rural";1;0;0;0;1;0;0;1
83479695;"07/07/16";"Quinta";"12:05:00";"RS";116;"399,9";"CAMAQUA";"Falta de atenção";"Colisão Transversal";"Com Vítimas Feridas";"Pleno dia";"Crescente";"Sol";"Simples";"Cruzamento";"Urbano";2;0;1;0;1;0;1;2
83479696;"20/05/16";"Sexta";"15:20:00";"PE";232;"121,3";"CARUARU";"Outras";"Colisão com objeto fixo";"Sem Vítimas";"Pleno dia";"Crescente";"Ceu Claro";"Dupla";"Reta";"Rural";1;0;0;0;1;0;0;1
83479697;"08/07/16";"Sexta";"01:05:00";"RS";392;"7,2";"RIO GRANDE";"Ingestão de álcool";"Colisão traseira";"Sem Vítimas";"Plena noite";"Decrescente";"Ceu Claro";"Simples";"Reta";"Urbano";2;0;0;0;1;1;0;2
83479698;"04/07/16";"Segunda";"00:30:00";"SP";116;"269,6";"TABOAO DA SERRA";"Desobediência à sinalização";"Colisão Transversal";"Com Vítimas Feridas";"Plena noite";"Crescente";"Ceu Claro";"Dupla";"Reta";"Urbano";3;0;2;0;1;0;2;2
83479699;"08/07/16";"Sexta";"03:20:00";"GO";50;"271,5";"CATALAO";"Dormindo";"Saída de Pista";"Com Vítimas Feridas";"Plena noite";"Crescente";"Ceu Claro";"Simples";"Reta";"Rural";4;0;4;0;0;0;4;1
83479700;"07/07/16";"Quinta";"20:45:00";"GO";60;"187,1";"GUAPO";"Falta de atenção";"Colisão lateral";"Com Vítimas Feridas";"Plena noite";"Decrescente";"Ceu Claro";"Dupla";"Reta";"Urbano";2;0;1;0;1;0;1;2
83479701;"04/07/16";"Segunda";"00:20:00";"MG";116;"777,1";"LEOPOLDINA";"Velocidade incompatível";"Tombamento";"Com Vítimas Feridas";"Plena noite";"Crescente";"Ceu Claro";"Simples";"Curva";"Rural";2;0;1;1;0;0;2;1
83479702;"07/07/16";"Quinta";"08:30:00";"BA";116;"840,9";"VITORIA DA CONQUISTA";"Falta de atenção";"Saída de Pista";"Com Vítimas Feridas";"Pleno dia";"Crescente";"Ceu Claro";"Simples";"Reta";"Rural";1;0;1;0;0;0;1;1
83479703;"07/07/16";"Quinta";"11:00:00";"BA";101;"668,4";"ITAPEBI";"Velocidade incompatível";"Saída de Pista";"Com Vítimas Fatais";"Pleno dia";"Decrescente";"Ceu Claro";"Simples";"Curva";"Rural";5;1;1;1;2;0;2;1
83479704;"08/07/16";"Sexta";"01:30:00";"RS";158;"241,2";"TUPANCIRETA";"Dormindo";"Colisão traseira";"Sem Vítimas";"Plena noite";"Decrescente";"Ceu Claro";"Simples";"Reta";"Rural";4;0;0;0;4;0;0;2