"id";"data_inversa";"dia_semana";"horario";"uf";"br";"km";"municipio";"causa_acidente";"tipo_acidente";"classificacao_acidente";"fase_dia";"sentido_via";"condicao_metereologica";"tipo_pista";"tracado_via";"uso_solo";"pessoas";"mortos";"feridos_leves";"feridos_graves";"ilesos";"ignorados";"feridos";"veiculos"
83480043;"08/07/16";"Sexta";"16:30:00";"RS";386;"396,9";"TRIUNFO";"Velocidade incompatível";"Colisão com objeto fixo";"Com Vítimas Feridas";"Pleno dia";"Crescente";"Ceu Claro";"Dupla";"Reta";"Rural";1;0;1;0;0;0;1;1
83480044;"09/07/16";"Sábado";"08:20:00";"PR";376;"249,9";"APUCARANA";"Falta de atenção";"Colisão traseira";"Com Vítimas Feridas";"Pleno dia";"Decrescente";"Ceu Claro";"Simples";"Reta";"Rural";5;0;4;1;0;0;5;2
83480045;"09/07/16";"Sábado";"08:00:00";"MG";50;"180";"UBERABA";"Outras";"Colisão traseira";"Com Vítimas Feridas";"Pleno dia";"Decrescente";"Ceu Claro";"Simples";"Reta";"Urbano";4;0;1;0;3;0;1;4
83480046;"04/07/16";"Segunda";"18:00:00";"RS";392;"118";"CANGUCU";"Outras";"Colisão Transversal";"Sem Vítimas";"Anoitecer";"Crescente";"Ceu Claro";"Simples";"Reta";"Urbano";2;0;0;0;2;0;0;2
83480047;"05/07/16";"Terça";"21:10:00";"MG";381;"487,5";"BETIM";"Outras";"Colisão lateral";"Com Vítimas Feridas";"Plena noite";"Crescente";"Ceu Claro";"Múltipla";"Curva";"Urbano";3;0;1;0;2;0;1;2
83480048;"08/07/16";"Sexta";"11:08:00";"MT";163;"667";"LUCAS DO RIO VERDE";"Não guardar distância de segurança";"Colisão traseira";"Sem Vítimas";"Pleno dia";"Crescente";"Ceu Claro";"Simples";"Reta";"Rural";2;0;0;0;2;0;0;2
83480049;"09/07/16";"Sábado";"07:15:00";"DF";20;"52";"BRASILIA";"Ingestão de álcool";"Saída de Pista";"Com Vítimas Feridas";"Pleno dia";"Crescente";"Ceu Claro";"Dupla";"Reta";"Rural";4;0;4;0;0;0;4;1
83480050;"09/07/16";"Sábado";"01:15:00";"SP";116;"59";"GUARATINGUETA";"Outras";"Capotamento";"Com Vítimas Feridas";"Plena noite";"Crescente";"Ceu Claro";"Simples";"Reta";"Urbano";1;0;0;1;0;0;1;1
83480051;"20/05/16";"Sexta";"00:01:00";"SP";116;"216";"GUARULHOS";"Falta de atenção";"Colisão lateral";"Sem Vítimas";"Plena noite";"Decrescente";"Nublado";"Múltipla";"Reta";"Urbano";2;0;0;0;2;0;0;2
83480052;"05/07/16";"Terça";"08:30:00";"SP";116;"222";"GUARULHOS";"Falta de atenção";"Colisão traseira";"Com Vítimas Feridas";"Plena noite";"Decrescente";"Ceu Claro";"Múltipla";"Reta";"Urbano";2;0;0;1;1;0;1;2
83480053;"12/06/16";"Domingo";"04:30:00";"CE";20;"271,9";"CANINDE";"Outras";"Atropelamento de pessoa";"Com Vítimas Fatais";"Plena noite";"Crescente";"Ceu Claro";"Simples";"Reta";"Rural";2;1;0;0;0;1;0;1
83480054;"09/07/16";"Sábado";"08:20:00";"RS";392;"267,2";"CACAPAVA DO SUL";"Velocidade incompatível";"Saída de Pista";"Sem Vítimas";"Pleno dia";"Crescente";"Chuva";"Simples";"Reta";"Rural";1;0;0;0;1;0;0;1
83480055;"05/07/16";"Terça";"19:15:00";"DF";20;"16";"BRASILIA";"Outras";"Colisão traseira";"Com Vítimas Feridas";"Plena noite";"Crescente";"Ceu Claro";"Dupla";"Reta";"Urbano";3;0;0;2;0;1;2;3
83480056;"09/07/16";"Sábado";"09:15:00";"SC";280;"169,2";"MAFRA";"Velocidade incompatível";"Queda de motocicleta / bicicleta / veículo";"Com Vítimas Feridas";"Pleno dia";"Crescente";"Sol";"Simples";"Curva";"Urbano";1;0;1;0;0;0;1;1
83480057;"09/07/16";"Sábado";"09:10:00";"PR";116;"130";"FAZENDA RIO GRANDE";"Outras";"Saída de Pista";"Sem Vítimas";"Pleno dia";"Crescente";"Ceu Claro";"Dupla";"Reta";"Urbano";1;0;0;0;1;0;0;1
83480058;"09/07/16";"Sábado";"08:25:00";"MA";316;"610";"TIMON";"Falta de atenção";"Colisão traseira";"Sem Vítimas";"Pleno dia";"Crescente";"Ceu Claro";"Dupla";"Reta";"Urbano";5;0;0;0;5;0;0;2
83480059;"03/07/16";"Domingo";"18:50:00";"CE";116;"86";"BEBERIBE";"Falta de atenção";"Colisão traseira";"Com Vítimas Feridas";"Plena noite";"Decrescente";"Ceu Claro";"Simples";"Reta";"Rural";2;0;1;0;1;0;1;2
83480060;"09/07/16";"Sábado";"09:30:00";"RJ";101;"144";"MACAE";"Falta de atenção";"Queda de motocicleta / bicicleta / veículo";"Com Vítimas Feridas";"Pleno dia";"Crescente";"Ceu Claro";"Dupla";"Curva";"Rural";1;0;1;0;0;0;1;1
83480061;"09/07/16";"Sábado";"08:30:00";"PR";277;"7,5";"PARANAGUA";"Ingestão de álcool";"Colisão lateral";"Sem Vítimas";"Pleno dia";"Crescente";"Ceu Claro";"Dupla";"Reta";"Urbano";2;0;0;0;2;0;0;2
83480062;"09/07/16";"Sábado";"10:20:00";"SP";116;"112";"TAUBATE";"Não guardar distância de segurança";"Colisão traseira";"Com Vítimas Feridas";"Pleno dia";"Decrescente";"Ceu Claro";"Dupla";"Reta";"Urbano";5;0;2;0;3;0;2;2
83480063;"09/07/16";"Sábado";"09:30:00";"RS";386;"411,5";"TRIUNFO";"Outras";"Colisão frontal";"Sem Vítimas";"Pleno dia";"Crescente";"Chuva";"Simples";"Reta";"Rural";2;0;0;0;2;0;0;2
83480064;"09/07/16";"Sábado";"06:20:00";"MG";381;"741";"TRES CORACOES";"Velocidade incompatível";"Saída de Pista";"Sem Vítimas";"Amanhecer";"Decrescente";"Ceu Claro";"Dupla";"Curva";"Rural";1;0;0;0;1;0;0;1
83480065;"09/07/16";"Sábado";"06:00:00";"PE";428;"184";"PETROLINA";"Ingestão de álcool";"Colisão Transversal";"Com Vítimas Feridas";"Pleno dia";"Decrescente";"Ceu Claro";"Simples";"Reta";"Rural";2;0;0;1;1;0;1;2
83480066;"01/07/16";"Sexta";"20:05:00";"PR";376;"117,8";"ALTO PARANA";"Outras";"Saída de Pista";"Ignorado";"Plena noite";"Crescente";"Ignorada";"Simples";"Reta";"Rural";1;0;0;0;0;1;0;1
83480067;"17/06/16";"Sexta";"19:00:00";"PB";104;"66";"ALGODAO DE JANDAIRA";"Outras";"Capotamento";"Com Vítimas Feridas";"Plena noite";"Decrescente";"Ceu Claro";"Simples";"Curva";"Rural";1;0;0;1;0;0;1;1
83480068;"09/07/16";"Sábado";"07:30:00";"RJ";116;"57,8";"TERESOPOLIS";"Outras";"Colisão frontal";"Com Vítimas Feridas";"Pleno dia";"Crescente";"Nublado";"Simples";"Reta";"Urbano";5;0;3;0;2;0;3;3
83480069;"09/07/16";"Sábado";"07:00:00";"PR";277;"75";"SAO JOSE DOS PINHAIS";"Outras";"Saída de Pista";"Ignorado";"Pleno dia";"Crescente";"Nublado";"Dupla";"Reta";"Rural";2;0;0;0;0;2;0;2
83480070;"21/05/16";"Sábado";"14:00:00";"MG";116;"390";"GOVERNADOR VALADARES";"Outras";"Queda de motocicleta / bicicleta / veículo";"Com Vítimas Feridas";"Pleno dia";"Crescente";"Ceu Claro";"Simples";"Reta";"Rural";1;0;1;0;0;0;1;1
83480072;"06/07/16";"Quarta";"07:20:00";"SP";116;"210";"GUARULHOS";"Não guardar distância de segurança";"Colisão traseira";"Sem Vítimas";"Pleno dia";"Crescente";"Sol";"Dupla";"Reta";"Urbano";2;0;0;0;2;0;0;2
83480073;"09/07/16";"Sábado";"10:20:00";"PR";376;"170,8";"MARINGA";"Desobediência à sinalização";"Colisão Transversal";"Com Vítimas Feridas";"Pleno dia";"Decrescente";"Sol";"Dupla";"Cruzamento";"Urbano";2;0;1;0;1;0;1;2
83480074;"01/07/16";"Sexta";"18:00:00";"SC";470;"68";"INDAIAL";"Não guardar distância de segurança";"Colisão traseira";"Com Vítimas Feridas";"Anoitecer";"Decrescente";"Ceu Claro";"Simples";"Reta";"Rural";3;0;2;0;1;0;2;3
83480075;"09/07/16";"Sábado";"09:10:00";"RS";116;"2";"VACARIA";"Defeito mecânico em veículo";"Saída de Pista";"Com Vítimas Feridas";"Pleno dia";"Decrescente";"Nublado";"Simples";"Curva";"Rural";1;0;1;0;0;0;1;1
83480076;"05/07/16";"Terça";"21:00:00";"SP";116;"361";"MIRACATU";"Outras";"Queda de motocicleta / bicicleta / veículo";"Com Vítimas Feridas";"Plena noite";"Crescente";"Nublado";"Simples";"Curva";"Urbano";1;0;1;0;0;0;1;1
83480077;"09/07/16";"Sábado";"09:15:00";"MG";50;"45,7";"ARAGUARI";"Defeito mecânico em veículo";"Capotamento";"Com Vítimas Feridas";"Pleno dia";"Crescente";"Ceu Claro";"Dupla";"Reta";"Rural";1;0;0;1;0;0;1;1
83480078;"09/07/16";"Sábado";"05:50:00";"BA";116;"16,8";"ABARE";"Não guardar distância de segurança";"Colisão traseira";"Sem Vítimas";"Amanhecer";"Decrescente";"Ceu Claro";"Simples";"Reta";"Rural";3;0;0;0;3;0;0;3
83480079;"09/07/16";"Sábado";"10:15:00";"SC";101;"188,7";"BIGUACU";"Desobediência à sinalização";"Colisão traseira";"Com Vítimas Feridas";"Pleno dia";"Crescente";"Ceu Claro";"Dupla";"Reta";"Urbano";3;0;1;0;2;0;1;2
83480080;"09/07/16";"Sábado";"09:00:00";"PI";316;"0,6";"TERESINA";"Outras";"Colisão traseira";"Com Vítimas Feridas";"Pleno dia";"Decrescente";"Ceu Claro";"Simples";"Reta";"Urbano";3;0;2;0;1;0;2;2
83480081;"09/07/16";"Sábado";"09:30:00";"ES";262;"166,7";"IBATIBA";"Falta de atenção";"Colisão Transversal";"Com Vítimas Feridas";"Pleno dia";"Decrescente";"Nublado";"Simples";"Cruzamento";"Rural";2;0;1;0;1;0;1;2
83480082;"06/07/16";"Quarta";"05:30:00";"PI";404;"45";"PEDRO II";"Dormindo";"Capotamento";"Sem Vítimas";"Amanhecer";"Crescente";"Ceu Claro";"Simples";"Curva";"Rural";1;0;0;0;1;0;0;1
83480083;"09/07/16";"Sábado";"06:35:00";"MG";153;"101,9";"PRATA";"Dormindo";"Colisão frontal";"Com Vítimas Fatais";"Amanhecer";"Crescente";"Ceu Claro";"Simples";"Reta";"Rural";5;1;0;3;1;0;3;2
83480084;"08/07/16";"Sexta";"08:00:00";"SP";116;"139";"SAO JOSE DOS CAMPOS";"Não guardar distância de segurança";"Colisão traseira";"Sem Vítimas";"Pleno dia";"Crescente";"Sol";"Dupla";"Curva";"Urbano";2;0;0;0;2;0;0;2
83480085;"09/07/16";"Sábado";"12:50:00";"PR";469;"2";"FOZ DO IGUACU";"Falta de atenção";"Colisão Transversal";"Com Vítimas Feridas";"Pleno dia";"Crescente";"Nublado";"Simples";"Cruzamento";"Urbano";3;0;2;0;0;1;2;2
83480087;"09/07/16";"Sábado";"05:40:00";"MG";135;"602,9";"CURVELO";"Desobediência à sinalização";"Colisão lateral";"Sem Vítimas";"Amanhecer";"Crescente";"Ceu Claro";"Simples";"Reta";"Rural";2;0;0;0;2;0;0;2
83480088;"07/07/16";"Quinta";"08:10:00";"MG";381;"337";"NOVA ERA";"Ultrapassagem indevida";"Colisão frontal";"Com Vítimas Feridas";"Pleno dia";"Crescente";"Ceu Claro";"Simples";"Curva";"Rural";3;0;1;0;2;0;1;3
83480089;"27/05/16";"Sexta";"07:00:00";"ES";262;"61,1";"MARECHAL FLORIANO";"Não guardar distância de segurança";"Colisão traseira";"Com Vítimas Feridas";"Pleno dia";"Decrescente";"Ceu Claro";"Simples";"Curva";"Rural";2;0;0;1;1;0;1;2
83480090;"09/07/16";"Sábado";"09:40:00";"PA";155;"297,8";"MARABA";"Falta de atenção";"Colisão Transversal";"Com Vítimas Feridas";"Pleno dia";"Crescente";"Sol";"Simples";"Reta";"Rural";2;0;1;0;1;0;1;2
83480091;"08/07/16";"Sexta";"21:00:00";"AC";317;"145";"CAPIXABA";"Outras";"Colisão lateral";"Sem Vítimas";"Plena noite";"Crescente";"Ceu Claro";"Dupla";"Reta";"Rural";2;0;0;0;2;0;0;2
83480092;"09/07/16";"Sábado";"11:00:00";"MT";70;"1,8";"BARRA DO GARCAS";"Ultrapassagem indevida";"Colisão lateral";"Com Vítimas Feridas";"Pleno dia";"Decrescente";"Ceu Claro";"Simples";"Reta";"Urbano";3;0;1;0;2;0;1;2
83480093;"09/07/16";"Sábado";"12:00:00";"CE";222;"0,7";"SOBRAL";"Outras";"Queda de motocicleta / bicicleta / veículo";"Com Vítimas Feridas";"Pleno dia";"Decrescente";"Chuva";"Dupla";"Reta";"Urbano";1;0;0;1;0;0;1;1
83480094;"09/07/16";"Sábado";"11:45:00";"RN";101;"129";"SAO JOSE DE MIPIBU";"Defeito na via";"Queda de motocicleta / bicicleta / veículo";"Com Vítimas Feridas";"Pleno dia";"Decrescente";"Ceu Claro";"Dupla";"Reta";"Rural";2;0;2;0;0;0;2;1
83480095;"09/07/16";"Sábado";"09:36:00";"MG";50;"1,5";"UBERLANDIA";"Outras";"Derramamento de Carga";"Sem Vítimas";"Pleno dia";"Crescente";"Ceu Claro";"Dupla";"Reta";"Rural";1;0;0;0;1;0;0;1
83480096;"08/07/16";"Sexta";"10:00:00";"SP";116;"133,6";"SAO JOSE DOS CAMPOS";"Não guardar distância de segurança";"Colisão traseira";"Com Vítimas Feridas";"Pleno dia";"Crescente";"Sol";"Dupla";"Reta";"Urbano";2;0;1;0;1;0;1;2
83480097;"09/07/16";"Sábado";"06:40:00";"PA";316;"53";"CASTANHAL";"Falta de atenção";"Colisão Transversal";"Com Vítimas Feridas";"Pleno dia";"Crescente";"Ceu Claro";"Dupla";"Reta";"Rural";2;0;1;0;1;0;1;2
83480098;"09/07/16";"Sábado";"12:15:00";"RS";386;"224,9";"SOLEDADE";"Velocidade incompatível";"Saída de Pista";"Sem Vítimas";"Pleno dia";"Decrescente";"Chuva";"Simples";"Reta";"Rural";2;0;0;0;1;1;0;2
83480099;"09/07/16";"Sábado";"08:35:00";"GO";153;"185";"CAMPINORTE";"Não guardar distância de segurança";"Colisão traseira";"Sem Vítimas";"Pleno dia";"Crescente";"Ceu Claro";"Simples";"Reta";"Rural";2;0;0;0;2;0;0;2
83480100;"09/05/16";"Segunda";"09:00:00";"SP";116;"121,1";"TAUBATE";"Velocidade incompatível";"Colisão traseira";"Com Vítimas Feridas";"Pleno dia";"Decrescente";"Ceu Claro";"Dupla";"Reta";"Rural";5;0;1;2;2;0;3;4
83480101;"09/07/16";"Sábado";"09:10:00";"MG";116;"771,7";"LEOPOLDINA";"Velocidade incompatível";"Tombamento";"Com Vítimas Feridas";"Pleno dia";"Decrescente";"Nublado";"Simples";"Curva";"Rural";2;0;1;0;1;0;1;1
83480102;"09/07/16";"Sábado";"06:10:00";"RN";304;"173,7";"ANGICOS";"Dormindo";"Colisão frontal";"Com Vítimas Feridas";"Pleno dia";"Decrescente";"Ceu Claro";"Simples";"Reta";"Rural";3;0;0;2;1;0;2;2
83480104;"08/07/16";"Sexta";"00:20:00";"RO";319;"61,5";"PORTO VELHO";"Ingestão de álcool";"Colisão frontal";"Com Vítimas Feridas";"Plena noite";"Crescente";"Ceu Claro";"Dupla";"Cruzamento";"Urbano";4;0;2;1;1;0;3;3
83480105;"09/07/16";"Sábado";"07:30:00";"RS";471;"161,2";"RIO PARDO";"Ingestão de álcool";"Colisão lateral";"Sem Vítimas";"Pleno dia";"Decrescente";"Chuva";"Simples";"Curva";"Rural";2;0;0;0;2;0;0;2
83480106;"09/07/16";"Sábado";"06:30:00";"SP";116;"142,7";"SAO JOSE DOS CAMPOS";"Falta de atenção";"Colisão traseira";"Com Vítimas Feridas";"Amanhecer";"Crescente";"Nevoeiro/neblina";"Dupla";"Reta";"Urbano";2;0;1;0;1;0;1;2
83480107;"08/07/16";"Sexta";"20:30:00";"RN";304;"133,9";"ANGICOS";"Ingestão de álcool";"Colisão frontal";"Sem Vítimas";"Plena noite";"Decrescente";"Ceu Claro";"Simples";"Reta";"Rural";2;0;0;0;1;1;0;2
83480108;"09/07/16";"Sábado";"11:20:00";"MG";381;"698,3";"LAVRAS";"Defeito mecânico em veículo";"Queda de motocicleta / bicicleta / veículo";"Com Vítimas Feridas";"Pleno dia";"Crescente";"Ceu Claro";"Dupla";"Curva";"Rural";2;0;2;0;0;0;2;1
83480109;"09/07/16";"Sábado";"11:35:00";"MT";70;"0";"PONTAL DO ARAGUAIA";"Falta de atenção";"Colisão traseira";"Sem Vítimas";"Pleno dia";"Decrescente";"Ceu Claro";"Simples";"Reta";"Urbano";2;0;0;0;2;0;0;2
83480110;"31/05/16";"Terça";"06:30:00";"RJ";40;"93";"PETROPOLIS";"Outras";"Capotamento";"Com Vítimas Feridas";"Pleno dia";"Crescente";"Nublado";"Dupla";"Curva";"Urbano";3;0;2;0;1;0;2;1
83480111;"07/07/16";"Quinta";"09:40:00";"PR";369;"202,1";"APUCARANA";"Falta de atenção";"Atropelamento de pessoa";"Com Vítimas Feridas";"Pleno dia";"Decrescente";"Ceu Claro";"Múltipla";"Reta";"Urbano";3;0;3;0;0;0;3;1
83480112;"08/07/16";"Sexta";"15:00:00";"RJ";101;"439,2";"MANGARATIBA";"Não guardar distância de segurança";"Colisão traseira";"Com Vítimas Feridas";"Pleno dia";"Crescente";"Ceu Claro";"Simples";"Curva";"Urbano";3;0;2;0;1;0;2;2
83480113;"09/07/16";"Sábado";"08:30:00";"PI";316;"0,4";"TERESINA";"Ingestão de álcool";"Colisão lateral";"Sem Vítimas";"Pleno dia";"Decrescente";"Ceu Claro";"Simples";"Reta";"Urbano";2;0;0;0;2;0;0;2
83480114;"05/07/16";"Terça";"19:50:00";"MG";262;"41,8";"MANHUACU";"Falta de atenção";"Tombamento";"Com Vítimas Feridas";"Plena noite";"Crescente";"Ceu Claro";"Simples";"Curva";"Rural";1;0;1;0;0;0;1;1
83480115;"09/07/16";"Sábado";"12:50:00";"SC";470;"94,4";"APIUNA";"Falta de atenção";"Colisão traseira";"Sem Vítimas";"Pleno dia";"Decrescente";"Sol";"Simples";"Reta";"Rural";2;0;0;0;2;0;0;2
83480116;"08/07/16";"Sexta";"03:40:00";"MG";365;"684,5";"MONTE ALEGRE DE MINAS";"Outras";"Colisão lateral";"Com Vítimas Fatais";"Plena noite";"Crescente";"Ceu Claro";"Dupla";"Reta";"Rural";2;1;0;0;0;1;0;2
83480117;"09/07/16";"Sábado";"13:10:00";"SC";101;"20";"JOINVILLE";"Velocidade incompatível";"Saída de Pista";"Com Vítimas Feridas";"Pleno dia";"Decrescente";"Sol";"Simples";"Reta";"Urbano";8;0;6;2;0;0;8;1
83480118;"09/07/16";"Sábado";"11:30:00";"MG";364;"10";"FRUTAL";"Defeito mecânico em veículo";"Queda de motocicleta / bicicleta / veículo";"Com Vítimas Feridas";"Pleno dia";"Decrescente";"Ceu Claro";"Simples";"Reta";"Rural";2;0;1;0;0;1;1;1
83480119;"09/07/16";"Sábado";"10:00:00";"PE";104;"70";"CARUARU";"Falta de atenção";"Atropelamento de pessoa";"Com Vítimas Feridas";"Pleno dia";"Crescente";"Ceu Claro";"Dupla";"Curva";"Rural";2;0;1;0;1;0;1;1
83480120;"09/07/16";"Sábado";"13:00:00";"PE";104;"62,8";"CARUARU";"Falta de atenção";"Colisão traseira";"Sem Vítimas";"Pleno dia";"Crescente";"Ceu Claro";"Simples";"Reta";"Urbano";2;0;0;0;2;0;0;2
83480121;"09/07/16";"Sábado";"14:15:00";"SC";101;"123,7";"ITAJAI";"Desobediência à sinalização";"Colisão Transversal";"Sem Vítimas";"Pleno dia";"Decrescente";"Nublado";"Simples";"Cruzamento";"Urbano";2;0;0;0;2;0;0;2
83480122;"09/07/16";"Sábado";"08:00:00";"PR";163;"192";"SANTA TEREZA DO OESTE";"Outras";"Queda de motocicleta / bicicleta / veículo";"Com Vítimas Feridas";"Pleno dia";"Decrescente";"Ceu Claro";"Simples";"Curva";"Rural";1;0;0;1;0;0;1;1
83480123;"09/07/16";"Sábado";"13:10:00";"GO";60;"197";"GUAPO";"Defeito mecânico em veículo";"Queda de motocicleta / bicicleta / veículo";"Com Vítimas Feridas";"Pleno dia";"Crescente";"Ceu Claro";"Dupla";"Reta";"Rural";1;0;1;0;0;0;1;1
83480124;"09/04/16";"Sábado";"11:20:00";"MG";262;"458,4";"NOVA SERRANA";"Falta de atenção";"Colisão lateral";"Com Vítimas Feridas";"Pleno dia";"Crescente";"Sol";"Simples";"Reta";"Rural";3;0;1;0;2;0;1;2
83480126;"09/07/16";"Sábado";"12:20:00";"PR";376;"269";"MARILANDIA DO SUL";"Defeito mecânico em veículo";"Danos Eventuais";"Sem Vítimas";"Pleno dia";"Decrescente";"Ceu Claro";"Simples";"Reta";"Rural";1;0;0;0;1;0;0;1
83480127;"09/07/16";"Sábado";"13:50:00";"AL";104;"35";"UNIAO DOS PALMARES";"Falta de atenção";"Saída de Pista";"Com Vítimas Feridas";"Pleno dia";"Decrescente";"Nublado";"Simples";"Reta";"Urbano";2;0;1;0;1;0;1;2
83480128;"09/07/16";"Sábado";"09:30:00";"SC";282;"218";"LAGES";"Não guardar distância de segurança";"Colisão lateral";"Com Vítimas Feridas";"Pleno dia";"Decrescente";"Nublado";"Simples";"Curva";"Urbano";2;0;1;0;1;0;1;2
83480129;"09/07/16";"Sábado";"06:50:00";"MT";364;"264";"SAO PEDRO DA CIPA";"Outras";"Saída de Pista";"Com Vítimas Feridas";"Pleno dia";"Crescente";"Ignorada";"Simples";"Reta";"Urbano";1;0;1;0;0;0;1;1
83480130;"09/07/16";"Sábado";"12:50:00";"PR";277;"729";"FOZ DO IGUACU";"Falta de atenção";"Colisão lateral";"Sem Vítimas";"Pleno dia";"Crescente";"Sol";"Dupla";"Reta";"Urbano";3;0;0;0;3;0;0;2
83480131;"09/07/16";"Sábado";"10:30:00";"MG";153;"227,5";"FRONTEIRA";"Outras";"Colisão traseira";"Sem Vítimas";"Pleno dia";"Decrescente";"Ceu Claro";"Simples";"Reta";"Rural";3;0;0;0;3;0;0;2
83480132;"09/07/16";"Sábado";"15:00:00";"MG";116;"530,6";"CARATINGA";"Desobediência à sinalização";"Colisão Transversal";"Com Vítimas Feridas";"Pleno dia";"Decrescente";"Sol";"Simples";"Cruzamento";"Urbano";3;0;1;0;2;0;1;2
83480133;"09/07/16";"Sábado";"10:10:00";"MG";116;"51,9";"PEDRA AZUL";"Dormindo";"Colisão lateral";"Sem Vítimas";"Pleno dia";"Crescente";"Nublado";"Simples";"Curva";"Rural";2;0;0;0;2;0;0;2
83480134;"06/07/16";"Quarta";"04:30:00";"MG";381;"540";"ITATIAIUCU";"Velocidade incompatível";"Colisão traseira";"Sem Vítimas";"Plena noite";"Decrescente";"Ignorada";"Dupla";"Reta";"Rural";2;0;0;0;2;0;0;2
83480135;"08/07/16";"Sexta";"19:15:00";"BA";101;"409";"GANDU";"Outras";"Capotamento";"Sem Vítimas";"Plena noite";"Crescente";"Nublado";"Simples";"Reta";"Rural";2;0;0;0;2;0;0;1
83480136;"09/07/16";"Sábado";"12:30:00";"BA";116;"820";"VITORIA DA CONQUISTA";"Falta de atenção";"Colisão Transversal";"Com Vítimas Feridas";"Pleno dia";"Crescente";"Nublado";"Simples";"Reta";"Urbano";3;0;1;0;2;0;1;2
83480137;"09/07/16";"Sábado";"16:00:00";"ES";101;"352,8";"ANCHIETA";"Defeito mecânico em veículo";"Queda de motocicleta / bicicleta / veículo";"Com Vítimas Feridas";"Pleno dia";"Decrescente";"Ceu Claro";"Simples";"Reta";"Rural";1;0;1;0;0;0;1;1
83480138;"09/07/16";"Sábado";"14:50:00";"CE";116;"492";"MILAGRES";"Falta de atenção";"Colisão lateral";"Sem Vítimas";"Pleno dia";"Decrescente";"Ceu Claro";"Simples";"Reta";"Rural";3;0;0;0;3;0;0;2
83480139;"09/07/16";"Sábado";"12:00:00";"BA";101;"225,1";"CRUZ DAS ALMAS";"Falta de atenção";"Colisão frontal";"Com Vítimas Feridas";"Pleno dia";"Decrescente";"Chuva";"Simples";"Reta";"Rural";2;0;0;1;1;0;1;2
83480140;"08/07/16";"Sexta";"19:15:00";"MG";135;"625,7";"CURVELO";"Outras";"Colisão traseira";"Com Vítimas Feridas";"Plena noite";"Decrescente";"Ceu Claro";"Simples";"Curva";"Rural";3;0;1;0;1;1;1;2
83480141;"09/07/16";"Sábado";"07:00:00";"MG";135;"602,9";"CORINTO";"Defeito mecânico em veículo";"Colisão traseira";"Com Vítimas Feridas";"Pleno dia";"Decrescente";"Ceu Claro";"Simples";"Reta";"Rural";9;0;6;0;2;1;6;3
83480142;"09/07/16";"Sábado";"16:20:00";"SP";116;"487,6";"JACUPIRANGA";"Outras";"Colisão traseira";"Sem Vítimas";"Pleno dia";"Decrescente";"Ceu Claro";"Dupla";"Reta";"Rural";2;0;0;0;1;1;0;2
83480143;"09/07/16";"Sábado";"10:45:00";"MG";262;"612,4";"IBIA";"Outras";"Tombamento";"Com Vítimas Feridas";"Pleno dia";"Crescente";"Ceu Claro";"Simples";"Curva";"Rural";1;0;0;1;0;0;1;1
83480144;"09/07/16";"Sábado";"05:40:00";"RS";290;"405,8";"SANTA MARGARIDA DO SUL";"Outras";"Colisão frontal";"Com Vítimas Fatais";"Plena noite";"Decrescente";"Chuva";"Simples";"Reta";"Rural";2;1;0;1;0;0;1;2
83480145;"09/07/16";"Sábado";"15:55:00";"RJ";116;"138";"DUQUE DE CAXIAS";"Não guardar distância de segurança";"Tombamento";"Sem Vítimas";"Pleno dia";"Decrescente";"Ceu Claro";"Dupla";"Reta";"Rural";2;0;0;0;2;0;0;2
83480146;"08/07/16";"Sexta";"23:35:00";"MS";262;"431,5";"DOIS IRMAOS DO BURITI";"Outras";"Colisão com objeto fixo";"Com Vítimas Fatais";"Plena noite";"Decrescente";"Ceu Claro";"Simples";"Reta";"Rural";3;2;0;0;1;0;0;2
83480147;"09/07/16";"Sábado";"15:00:00";"RS";153;"55,6";"ERECHIM";"Velocidade incompatível";"Saída de Pista";"Sem Vítimas";"Pleno dia";"Crescente";"Chuva";"Simples";"Reta";"Rural";1;0;0;0;1;0;0;1
83480148;"09/07/16";"Sábado";"08:00:00";"PR";476;"130";"CURITIBA";"Falta de atenção";"Colisão Transversal";"Com Vítimas Feridas";"Pleno dia";"Crescente";"Ceu Claro";"Múltipla";"Curva";"Urbano";4;0;1;0;3;0;1;2
83480149;"09/07/16";"Sábado";"15:40:00";"PE";232;"381,3";"FLORES";"Outras";"Capotamento";"Ignorado";"Pleno dia";"Crescente";"Sol";"Simples";"Curva";"Rural";1;0;0;0;0;1;0;1
83480150;"09/07/16";"Sábado";"14:00:00";"MG";40;"569";"NOVA LIMA";"Outras";"Danos Eventuais";"Ignorado";"Pleno dia";"Crescente";"Ceu Claro";"Simples";"Curva";"Rural";1;0;0;0;0;1;0;1
83480151;"09/07/16";"Sábado";"07:40:00";"CE";116;"22";"ITAITINGA";"Não guardar distância de segurança";"Colisão traseira";"Com Vítimas Feridas";"Pleno dia";"Decrescente";"Sol";"Dupla";"Curva";"Rural";5;0;1;0;4;0;1;5
83480152;"09/07/16";"Sábado";"11:50:00";"AC";364;"133";"RIO BRANCO";"Outras";"Atropelamento de pessoa";"Com Vítimas Feridas";"Pleno dia";"Decrescente";"Ceu Claro";"Dupla";"Reta";"Urbano";2;0;2;0;0;0;2;1