"id";"data_inversa";"dia_semana";"horario";"uf";"br";"km";"municipio";"causa_acidente";"tipo_acidente";"classificacao_acidente";"fase_dia";"sentido_via";"condicao_metereologica";"tipo_pista";"tracado_via";"uso_solo";"pessoas";"mortos";"feridos_leves";"feridos_graves";"ilesos";"ignorados";"feridos";"veiculos"
83480153;"05/07/16";"Terça";"22:30:00";"MG";262;"43,5";"MANHUACU";"Animais na Pista";"Atropelamento de animal";"Com Vítimas Feridas";"Pleno dia";"Crescente";"Nublado";"Simples";"Curva";"Rural";1;0;1;0;0;0;1;1
83480154;"09/07/16";"Sábado";"12:15:00";"MG";381;"621,6";"OLIVEIRA";"Velocidade incompatível";"Saída de Pista";"Com Vítimas Feridas";"Pleno dia";"Decrescente";"Ceu Claro";"Dupla";"Reta";"Rural";1;0;1;0;0;0;1;1
83480155;"01/07/16";"Sexta";"06:30:00";"ES";101;"264";"SERRA";"Outras";"Queda de motocicleta / bicicleta / veículo";"Com Vítimas Feridas";"Amanhecer";"Decrescente";"Ceu Claro";"Dupla";"Reta";"Urbano";2;0;0;2;0;0;2;1
83480156;"09/07/16";"Sábado";"16:28:00";"RS";153;"44,4";"ERECHIM";"Defeito mecânico em veículo";"Derramamento de Carga";"Sem Vítimas";"Pleno dia";"Crescente";"Chuva";"Simples";"Cruzamento";"Urbano";1;0;0;0;1;0;0;1
83480157;"09/07/16";"Sábado";"11:30:00";"RS";468;"96,7";"TRES PASSOS";"Velocidade incompatível";"Saída de Pista";"Com Vítimas Feridas";"Pleno dia";"Decrescente";"Chuva";"Simples";"Reta";"Rural";3;0;3;0;0;0;3;1
83480158;"05/07/16";"Terça";"16:00:00";"MG";365;"694";"MONTE ALEGRE DE MINAS";"Falta de atenção";"Colisão traseira";"Com Vítimas Feridas";"Pleno dia";"Decrescente";"Ceu Claro";"Dupla";"Reta";"Rural";3;0;2;0;1;0;2;2
83480159;"09/07/16";"Sábado";"12:10:00";"RS";386;"385,5";"TRIUNFO";"Falta de atenção";"Colisão lateral";"Com Vítimas Feridas";"Pleno dia";"Crescente";"Chuva";"Simples";"Reta";"Urbano";3;0;2;0;1;0;2;2
83480160;"09/07/16";"Sábado";"14:30:00";"MG";381;"930,7";"SAO SEBASTIAO DA BELA VISTA";"Dormindo";"Saída de Pista";"Com Vítimas Feridas";"Pleno dia";"Crescente";"Ceu Claro";"Dupla";"Reta";"Rural";1;0;1;0;0;0;1;1
83480161;"09/07/16";"Sábado";"16:00:00";"MG";381;"492,7";"BETIM";"Outras";"Colisão traseira";"Com Vítimas Feridas";"Pleno dia";"Decrescente";"Sol";"Dupla";"Reta";"Urbano";4;0;2;0;2;0;2;2
83480162;"08/07/16";"Sexta";"04:40:00";"BA";242;"395";"SEABRA";"Dormindo";"Capotamento";"Com Vítimas Feridas";"Amanhecer";"Decrescente";"Ceu Claro";"Simples";"Curva";"Rural";2;0;2;0;0;0;2;1
83480163;"09/07/16";"Sábado";"16:00:00";"GO";60;"196,6";"GUAPO";"Defeito mecânico em veículo";"Tombamento";"Sem Vítimas";"Pleno dia";"Decrescente";"Sol";"Dupla";"Reta";"Rural";1;0;0;0;1;0;0;1
83480164;"09/07/16";"Sábado";"10:20:00";"SP";101;"47,2";"UBATUBA";"Falta de atenção";"Colisão com bicicleta";"Com Vítimas Feridas";"Pleno dia";"Crescente";"Ceu Claro";"Simples";"Curva";"Urbano";2;0;1;1;0;0;2;2
83480165;"09/07/16";"Sábado";"07:40:00";"PR";369;"28";"CAMBARA";"Defeito mecânico em veículo";"Saída de Pista";"Com Vítimas Feridas";"Pleno dia";"Crescente";"Ceu Claro";"Simples";"Reta";"Rural";1;0;1;0;0;0;1;1
83480166;"09/07/16";"Sábado";"12:00:00";"MG";40;"553";"NOVA LIMA";"Outras";"Colisão com objeto fixo";"Com Vítimas Feridas";"Pleno dia";"Decrescente";"Ceu Claro";"Dupla";"Curva";"Urbano";2;0;1;0;1;0;1;1
83480167;"09/07/16";"Sábado";"16:10:00";"MG";381;"496";"BETIM";"Desobediência à sinalização";"Colisão Transversal";"Com Vítimas Feridas";"Pleno dia";"Crescente";"Ceu Claro";"Dupla";"Reta";"Urbano";2;0;0;1;1;0;1;2
83480168;"09/07/16";"Sábado";"08:30:00";"SP";116;"119";"TAUBATE";"Velocidade incompatível";"Colisão traseira";"Com Vítimas Feridas";"Pleno dia";"Decrescente";"Sol";"Dupla";"Reta";"Rural";3;0;1;0;2;0;1;2
83480169;"09/07/16";"Sábado";"16:20:00";"RJ";116;"178";"NOVA IGUACU";"Outras";"Atropelamento de pessoa";"Com Vítimas Feridas";"Pleno dia";"Decrescente";"Ceu Claro";"Simples";"Reta";"Urbano";2;0;1;0;1;0;1;1
83480170;"09/07/16";"Sábado";"15:45:00";"SC";101;"111,5";"NAVEGANTES";"Outras";"Queda de motocicleta / bicicleta / veículo";"Com Vítimas Feridas";"Pleno dia";"Crescente";"Ceu Claro";"Simples";"Curva";"Urbano";1;0;0;1;0;0;1;1
83480171;"09/07/16";"Sábado";"17:35:00";"PE";101;"49,5";"ABREU E LIMA";"Outras";"Colisão traseira";"Com Vítimas Feridas";"Anoitecer";"Decrescente";"Ceu Claro";"Múltipla";"Reta";"Urbano";4;0;0;1;3;0;1;2
83480172;"06/07/16";"Quarta";"07:15:00";"SP";116;"143,8";"SAO JOSE DOS CAMPOS";"Falta de atenção";"Colisão traseira";"Sem Vítimas";"Pleno dia";"Decrescente";"Ceu Claro";"Dupla";"Reta";"Rural";2;0;0;0;2;0;0;2
83480173;"23/05/16";"Segunda";"02:30:00";"RJ";40;"80";"PETROPOLIS";"Desobediência à sinalização";"Tombamento";"Com Vítimas Feridas";"Plena noite";"Crescente";"Nublado";"Simples";"Curva";"Urbano";1;0;1;0;0;0;1;1
83480174;"09/07/16";"Sábado";"15:00:00";"GO";50;"245,8";"CATALAO";"Não guardar distância de segurança";"Capotamento";"Com Vítimas Feridas";"Pleno dia";"Decrescente";"Ceu Claro";"Simples";"Reta";"Urbano";9;0;3;0;6;0;3;2
83480175;"09/07/16";"Sábado";"18:00:00";"RS";285;"457,6";"IJUI";"Ingestão de álcool";"Colisão Transversal";"Com Vítimas Feridas";"Anoitecer";"Decrescente";"Nublado";"Simples";"Cruzamento";"Urbano";2;0;1;0;1;0;1;2
83480176;"29/06/16";"Quarta";"06:45:00";"DF";40;"4";"BRASILIA";"Outras";"Atropelamento de pessoa";"Com Vítimas Feridas";"Amanhecer";"Decrescente";"Ceu Claro";"Dupla";"Reta";"Urbano";2;0;0;1;0;1;1;1
83480177;"09/07/16";"Sábado";"14:30:00";"MT";163;"561,7";"NOVA MUTUM";"Falta de atenção";"Tombamento";"Sem Vítimas";"Pleno dia";"Decrescente";"Ceu Claro";"Simples";"Reta";"Rural";1;0;0;0;1;0;0;1
83480178;"09/07/16";"Sábado";"16:10:00";"SP";116;"472,3";"JACUPIRANGA";"Outras";"Queda de motocicleta / bicicleta / veículo";"Com Vítimas Feridas";"Pleno dia";"Decrescente";"Ceu Claro";"Dupla";"Reta";"Rural";2;0;1;1;0;0;2;1
83480179;"09/07/16";"Sábado";"12:20:00";"MG";267;"255";"SERITINGA";"Velocidade incompatível";"Capotamento";"Com Vítimas Feridas";"Pleno dia";"Decrescente";"Ceu Claro";"Simples";"Curva";"Rural";1;0;0;1;0;0;1;1
83480180;"09/07/16";"Sábado";"17:00:00";"MT";163;"44,7";"ITIQUIRA";"Falta de atenção";"Colisão com objeto fixo";"Sem Vítimas";"Pleno dia";"Decrescente";"Ceu Claro";"Dupla";"Reta";"Rural";1;0;0;0;1;0;0;1
83480181;"09/07/16";"Sábado";"17:00:00";"PE";232;"417";"SERRA TALHADA";"Ultrapassagem indevida";"Queda de motocicleta / bicicleta / veículo";"Com Vítimas Feridas";"Pleno dia";"Decrescente";"Sol";"Simples";"Reta";"Rural";2;0;0;1;1;0;1;2
83480182;"09/07/16";"Sábado";"16:45:00";"MS";267;"480,9";"JARDIM";"Desobediência à sinalização";"Colisão Transversal";"Sem Vítimas";"Pleno dia";"Crescente";"Ceu Claro";"Simples";"Reta";"Urbano";2;0;0;0;2;0;0;2
83480183;"09/07/16";"Sábado";"17:30:00";"RJ";101;"459,1";"ANGRA DOS REIS";"Outras";"Colisão traseira";"Com Vítimas Feridas";"Pleno dia";"Crescente";"Sol";"Simples";"Reta";"Urbano";5;0;4;0;1;0;4;2
83480184;"09/07/16";"Sábado";"18:10:00";"CE";116;"64,7";"CHOROZINHO";"Desobediência à sinalização";"Colisão Transversal";"Sem Vítimas";"Plena noite";"Decrescente";"Nublado";"Simples";"Cruzamento";"Urbano";2;0;0;0;1;1;0;2
83480185;"01/07/16";"Sexta";"17:50:00";"BA";324;"525";"FEIRA DE SANTANA";"Outras";"Queda de motocicleta / bicicleta / veículo";"Com Vítimas Feridas";"Anoitecer";"Crescente";"Chuva";"Dupla";"Reta";"Urbano";1;0;1;0;0;0;1;1
83480186;"09/07/16";"Sábado";"17:00:00";"SC";470;"287,7";"BRUNOPOLIS";"Falta de atenção";"Saída de Pista";"Sem Vítimas";"Anoitecer";"Crescente";"Nublado";"Simples";"Curva";"Rural";1;0;0;0;1;0;0;1
83480187;"09/07/16";"Sábado";"16:45:00";"RJ";101;"486";"ANGRA DOS REIS";"Desobediência à sinalização";"Colisão Transversal";"Com Vítimas Feridas";"Anoitecer";"Crescente";"Ceu Claro";"Simples";"Reta";"Urbano";2;0;1;0;0;1;1;2
83480188;"09/07/16";"Sábado";"15:50:00";"SC";116;"68";"MONTE CASTELO";"Outras";"Colisão com objeto fixo";"Com Vítimas Feridas";"Pleno dia";"Decrescente";"Ceu Claro";"Simples";"Reta";"Rural";1;0;0;1;0;0;1;1
83480189;"05/07/16";"Terça";"11:50:00";"BA";367;"82,5";"EUNAPOLIS";"Falta de atenção";"Colisão Transversal";"Com Vítimas Feridas";"Pleno dia";"Decrescente";"Nublado";"Simples";"Cruzamento";"Urbano";2;0;1;0;1;0;1;2
83480190;"09/07/16";"Sábado";"16:20:00";"MG";381;"637,3";"SANTO ANTONIO DO AMPARO";"Defeito mecânico em veículo";"Saída de Pista";"Sem Vítimas";"Pleno dia";"Crescente";"Sol";"Dupla";"Reta";"Rural";1;0;0;0;1;0;0;1
83480191;"09/07/16";"Sábado";"17:40:00";"RS";290;"175,7";"BUTIA";"Falta de atenção";"Colisão Transversal";"Sem Vítimas";"Anoitecer";"Crescente";"Nublado";"Simples";"Cruzamento";"Urbano";2;0;0;0;2;0;0;2
83480192;"09/07/16";"Sábado";"17:30:00";"MS";163;"265";"DOURADOS";"Falta de atenção";"Colisão com bicicleta";"Com Vítimas Feridas";"Anoitecer";"Decrescente";"Ceu Claro";"Dupla";"Cruzamento";"Urbano";2;0;0;1;1;0;1;2
83480193;"09/07/16";"Sábado";"14:30:00";"GO";153;"538";"HIDROLANDIA";"Outras";"Capotamento";"Com Vítimas Feridas";"Pleno dia";"Crescente";"Sol";"Dupla";"Reta";"Rural";3;0;1;2;0;0;3;1
83480194;"09/07/16";"Sábado";"17:55:00";"PR";277;"73";"SAO JOSE DOS PINHAIS";"Velocidade incompatível";"Capotamento";"Com Vítimas Feridas";"Plena noite";"Crescente";"Ceu Claro";"Dupla";"Reta";"Rural";2;0;1;1;0;0;2;1
83480195;"09/07/16";"Sábado";"18:30:00";"SC";470;"112,7";"IBIRAMA";"Ingestão de álcool";"Colisão Transversal";"Com Vítimas Feridas";"Plena noite";"Decrescente";"Ceu Claro";"Simples";"Curva";"Rural";3;0;1;0;2;0;1;2
83480196;"09/07/16";"Sábado";"18:50:00";"RS";116;"258";"ESTEIO";"Velocidade incompatível";"Colisão com objeto fixo";"Sem Vítimas";"Plena noite";"Crescente";"Chuva";"Simples";"Curva";"Urbano";1;0;0;0;1;0;0;1
83480197;"06/07/16";"Quarta";"14:10:00";"CE";116;"27,2";"ITAITINGA";"Falta de atenção";"Colisão traseira";"Com Vítimas Feridas";"Pleno dia";"Crescente";"Nublado";"Dupla";"Curva";"Rural";6;0;1;0;5;0;1;2
83480198;"09/07/16";"Sábado";"13:55:00";"BA";324;"620";"SALVADOR";"Falta de atenção";"Colisão traseira";"Com Vítimas Feridas";"Pleno dia";"Decrescente";"Chuva";"Dupla";"Reta";"Rural";3;0;2;0;0;1;2;2
83480199;"09/07/16";"Sábado";"14:40:00";"PE";408;"0";"PAUDALHO";"Outras";"Colisão lateral";"Com Vítimas Feridas";"Pleno dia";"Crescente";"Sol";"Dupla";"Reta";"Rural";2;0;0;1;1;0;1;2
83480200;"08/07/16";"Sexta";"23:30:00";"AC";317;"266,1";"EPITACIOLANDIA";"Defeito na via";"Colisão frontal";"Sem Vítimas";"Plena noite";"Crescente";"Ignorada";"Simples";"Curva";"Rural";4;0;0;0;4;0;0;2
83480201;"09/07/16";"Sábado";"13:30:00";"RS";468;"87,4";"BOM PROGRESSO";"Outras";"Saída de Pista";"Com Vítimas Feridas";"Pleno dia";"Crescente";"Chuva";"Simples";"Curva";"Rural";1;0;1;0;0;0;1;1
83480202;"09/07/16";"Sábado";"18:00:00";"PR";369;"174,4";"ROLANDIA";"Falta de atenção";"Colisão traseira";"Com Vítimas Feridas";"Anoitecer";"Crescente";"Ceu Claro";"Simples";"Reta";"Urbano";3;0;2;0;1;0;2;2
83480203;"09/07/16";"Sábado";"15:30:00";"MG";381;"481,2";"CONTAGEM";"Ultrapassagem indevida";"Colisão traseira";"Com Vítimas Feridas";"Pleno dia";"Decrescente";"Ceu Claro";"Múltipla";"Reta";"Urbano";2;0;0;1;1;0;1;2
83480204;"09/07/16";"Sábado";"17:40:00";"CE";304;"53,2";"ARACATI";"Não guardar distância de segurança";"Colisão traseira";"Sem Vítimas";"Pleno dia";"Crescente";"Ceu Claro";"Simples";"Reta";"Rural";2;0;0;0;1;1;0;2
83480205;"09/07/16";"Sábado";"17:00:00";"SC";280;"96";"CORUPA";"Ingestão de álcool";"Colisão Transversal";"Sem Vítimas";"Pleno dia";"Crescente";"Ceu Claro";"Simples";"Curva";"Rural";2;0;0;0;1;1;0;2
83480206;"06/07/16";"Quarta";"11:10:00";"SE";101;"32,5";"CAPELA";"Defeito na via";"Colisão com objeto fixo";"Sem Vítimas";"Pleno dia";"Decrescente";"Sol";"Dupla";"Curva";"Rural";4;0;0;0;4;0;0;1
83480207;"09/07/16";"Sábado";"19:25:00";"RN";226;"149";"CURRAIS NOVOS";"Animais na Pista";"Atropelamento de animal";"Com Vítimas Feridas";"Plena noite";"Crescente";"Ceu Claro";"Simples";"Reta";"Rural";1;0;0;1;0;0;1;1
83480208;"09/07/16";"Sábado";"16:15:00";"PR";376;"389,1";"IMBAU";"Ultrapassagem indevida";"Colisão Transversal";"Com Vítimas Fatais";"Pleno dia";"Crescente";"Ceu Claro";"Simples";"Reta";"Rural";4;2;0;0;1;1;0;3
83480209;"09/07/16";"Sábado";"19:10:00";"ES";101;"18";"PEDRO CANARIO";"Velocidade incompatível";"Queda de motocicleta / bicicleta / veículo";"Com Vítimas Feridas";"Plena noite";"Decrescente";"Ceu Claro";"Simples";"Curva";"Urbano";1;0;1;0;0;0;1;1
83480210;"09/07/16";"Sábado";"09:15:00";"BA";101;"693";"EUNAPOLIS";"Ingestão de álcool";"Atropelamento de pessoa";"Com Vítimas Feridas";"Pleno dia";"Decrescente";"Ceu Claro";"Simples";"Reta";"Rural";2;0;0;1;0;1;1;1
83480211;"07/07/16";"Quinta";"18:30:00";"MG";365;"91,6";"JEQUITAI";"Outras";"Colisão lateral";"Com Vítimas Fatais";"Plena noite";"Decrescente";"Ceu Claro";"Simples";"Reta";"Rural";2;1;1;0;0;0;1;2
83480212;"05/07/16";"Terça";"18:00:00";"PR";476;"134";"CURITIBA";"Falta de atenção";"Colisão traseira";"Com Vítimas Feridas";"Pleno dia";"Crescente";"Ceu Claro";"Múltipla";"Reta";"Urbano";2;0;1;0;1;0;1;2
83480213;"09/07/16";"Sábado";"16:00:00";"SP";116;"227";"GUARULHOS";"Ingestão de álcool";"Colisão com objeto fixo";"Sem Vítimas";"Pleno dia";"Crescente";"Ceu Claro";"Dupla";"Reta";"Urbano";1;0;0;0;1;0;0;1
83480214;"09/07/16";"Sábado";"13:40:00";"MG";262;"449,9";"NOVA SERRANA";"Falta de atenção";"Colisão traseira";"Sem Vítimas";"Pleno dia";"Crescente";"Ceu Claro";"Simples";"Reta";"Rural";4;0;0;0;4;0;0;2
83480215;"09/07/16";"Sábado";"17:05:00";"MG";40;"498,2";"ESMERALDAS";"Outras";"Capotamento";"Com Vítimas Feridas";"Pleno dia";"Decrescente";"Ceu Claro";"Dupla";"Curva";"Rural";1;0;1;0;0;0;1;1
83480216;"09/07/16";"Sábado";"17:35:00";"RO";364;"244,2";"PIMENTA BUENO";"Falta de atenção";"Colisão lateral";"Sem Vítimas";"Pleno dia";"Crescente";"Sol";"Simples";"Reta";"Rural";4;0;0;0;4;0;0;2
83480217;"09/07/16";"Sábado";"19:20:00";"SP";381;"19";"BRAGANCA PAULISTA";"Falta de atenção";"Saída de Pista";"Com Vítimas Feridas";"Anoitecer";"Crescente";"Ceu Claro";"Dupla";"Reta";"Rural";1;0;1;0;0;0;1;1
83480218;"09/07/16";"Sábado";"19:00:00";"BA";324;"542";"AMELIA RODRIGUES";"Falta de atenção";"Colisão lateral";"Sem Vítimas";"Plena noite";"Decrescente";"Nublado";"Dupla";"Reta";"Rural";2;0;0;0;2;0;0;2
83480219;"09/07/16";"Sábado";"18:00:00";"PR";163;"37";"SANTO ANTONIO DO SUDOESTE";"Ultrapassagem indevida";"Colisão Transversal";"Sem Vítimas";"Anoitecer";"Crescente";"Ceu Claro";"Simples";"Reta";"Rural";2;0;0;0;1;1;0;2
83480220;"09/07/16";"Sábado";"21:00:00";"RS";285;"457,6";"IJUI";"Ingestão de álcool";"Colisão Transversal";"Sem Vítimas";"Plena noite";"Decrescente";"Ceu Claro";"Simples";"Cruzamento";"Urbano";2;0;0;0;2;0;0;2
83480221;"01/07/16";"Sexta";"16:20:00";"MG";135;"580";"CORINTO";"Falta de atenção";"Colisão lateral";"Com Vítimas Feridas";"Pleno dia";"Crescente";"Ceu Claro";"Simples";"Cruzamento";"Urbano";9;0;1;1;7;0;2;2
83480222;"09/07/16";"Sábado";"19:20:00";"SC";282;"22";"SANTO AMARO DA IMPERATRIZ";"Ingestão de álcool";"Colisão frontal";"Sem Vítimas";"Plena noite";"Decrescente";"Nublado";"Simples";"Cruzamento";"Urbano";2;0;0;0;2;0;0;2
83480223;"09/07/16";"Sábado";"17:20:00";"MG";40;"252,1";"SAO GONCALO DO ABAETE";"Animais na Pista";"Capotamento";"Com Vítimas Feridas";"Anoitecer";"Crescente";"Nublado";"Simples";"Curva";"Rural";2;0;0;2;0;0;2;1
83480224;"05/07/16";"Terça";"22:40:00";"PR";277;"43";"MORRETES";"Velocidade incompatível";"Queda de motocicleta / bicicleta / veículo";"Com Vítimas Feridas";"Plena noite";"Decrescente";"Ceu Claro";"Dupla";"Reta";"Rural";3;0;1;0;0;2;1;2
83480225;"09/07/16";"Sábado";"20:00:00";"SC";101;"337";"TUBARAO";"Falta de atenção";"Colisão traseira";"Sem Vítimas";"Plena noite";"Crescente";"Ceu Claro";"Simples";"Reta";"Urbano";2;0;0;0;2;0;0;2
83480226;"09/07/16";"Sábado";"18:25:00";"PR";369;"227,2";"JANDAIA DO SUL";"Desobediência à sinalização";"Colisão Transversal";"Com Vítimas Feridas";"Plena noite";"Crescente";"Ceu Claro";"Simples";"Cruzamento";"Urbano";2;0;1;0;1;0;1;2
83480227;"09/07/16";"Sábado";"14:30:00";"RS";285;"144,8";"MUITOS CAPOES";"Outras";"Saída de Pista";"Com Vítimas Feridas";"Pleno dia";"Decrescente";"Chuva";"Simples";"Reta";"Rural";2;0;2;0;0;0;2;1
83480228;"08/07/16";"Sexta";"04:10:00";"PR";476;"121";"COLOMBO";"Ingestão de álcool";"Colisão com objeto fixo";"Com Vítimas Feridas";"Plena noite";"Decrescente";"Ceu Claro";"Dupla";"Reta";"Urbano";1;0;1;0;0;0;1;1
83480229;"09/07/16";"Sábado";"20:40:00";"RJ";101;"318";"SAO GONCALO";"Outras";"Colisão traseira";"Sem Vítimas";"Plena noite";"Crescente";"Ceu Claro";"Dupla";"Reta";"Urbano";2;0;0;0;2;0;0;2
83480230;"09/07/16";"Sábado";"21:00:00";"GO";50;"238,3";"CATALAO";"Velocidade incompatível";"Saída de Pista";"Com Vítimas Feridas";"Plena noite";"Crescente";"Ceu Claro";"Simples";"Curva";"Rural";4;0;3;0;1;0;3;1
83480231;"09/07/16";"Sábado";"19:00:00";"GO";70;"24";"AGUAS LINDAS DE GOIAS";"Falta de atenção";"Colisão traseira";"Com Vítimas Feridas";"Plena noite";"Decrescente";"Ceu Claro";"Dupla";"Reta";"Rural";5;0;2;0;3;0;2;2
83480232;"09/07/16";"Sábado";"11:50:00";"SC";101;"148";"ITAPEMA";"Ingestão de álcool";"Atropelamento de pessoa";"Com Vítimas Feridas";"Pleno dia";"Crescente";"Ceu Claro";"Dupla";"Reta";"Urbano";3;0;0;1;1;1;1;2
83480233;"09/07/16";"Sábado";"15:20:00";"GO";40;"11,8";"LUZIANIA";"Outras";"Queda de motocicleta / bicicleta / veículo";"Com Vítimas Feridas";"Pleno dia";"Decrescente";"Ceu Claro";"Dupla";"Reta";"Urbano";3;0;1;1;1;0;2;2
83480234;"05/07/16";"Terça";"08:00:00";"RO";364;"542";"ALTO PARAISO";"Defeito mecânico em veículo";"Colisão Transversal";"Com Vítimas Feridas";"Pleno dia";"Crescente";"Ceu Claro";"Simples";"Cruzamento";"Rural";4;0;1;0;3;0;1;2
83480235;"05/07/16";"Terça";"07:10:00";"PE";104;"118";"PANELAS";"Outras";"Saída de Pista";"Com Vítimas Fatais";"Amanhecer";"Decrescente";"Ignorada";"Simples";"Curva";"Rural";1;1;0;0;0;0;0;1
83480236;"09/07/16";"Sábado";"21:40:00";"PA";163;"998";"SANTAREM";"Falta de atenção";"Colisão Transversal";"Com Vítimas Feridas";"Plena noite";"Crescente";"Ceu Claro";"Simples";"Reta";"Urbano";2;0;0;1;1;0;1;2
83480237;"02/07/16";"Sábado";"07:00:00";"SP";116;"115";"TAUBATE";"Outras";"Capotamento";"Com Vítimas Feridas";"Amanhecer";"Crescente";"Nublado";"Dupla";"Reta";"Urbano";1;0;1;0;0;0;1;1
83480238;"09/07/16";"Sábado";"15:20:00";"GO";40;"11,8";"LUZIANIA";"Outras";"Queda de motocicleta / bicicleta / veículo";"Com Vítimas Feridas";"Pleno dia";"Decrescente";"Ceu Claro";"Dupla";"Reta";"Urbano";2;0;1;0;1;0;1;2
83480239;"09/07/16";"Sábado";"17:00:00";"PR";476;"94,5";"BOCAIUVA DO SUL";"Falta de atenção";"Colisão Transversal";"Com Vítimas Feridas";"Anoitecer";"Crescente";"Nublado";"Simples";"Reta";"Urbano";2;0;1;0;1;0;1;2
83480240;"09/07/16";"Sábado";"16:15:00";"PR";116;"113";"CURITIBA";"Falta de atenção";"Saída de Pista";"Com Vítimas Feridas";"Pleno dia";"Decrescente";"Sol";"Dupla";"Reta";"Urbano";1;0;0;1;0;0;1;1
83480241;"09/07/16";"Sábado";"19:50:00";"PR";277;"649,7";"MATELANDIA";"Outras";"Colisão Transversal";"Com Vítimas Feridas";"Plena noite";"Decrescente";"Ceu Claro";"Simples";"Reta";"Rural";3;0;2;0;0;1;2;2
83480243;"09/07/16";"Sábado";"22:20:00";"SC";470;"105,6";"APIUNA";"Velocidade incompatível";"Capotamento";"Sem Vítimas";"Plena noite";"Decrescente";"Nublado";"Simples";"Cruzamento";"Urbano";1;0;0;0;1;0;0;1
83480245;"09/07/16";"Sábado";"18:20:00";"MG";459;"96,8";"POUSO ALEGRE";"Ultrapassagem indevida";"Colisão lateral";"Com Vítimas Feridas";"Anoitecer";"Crescente";"Nublado";"Simples";"Reta";"Rural";2;0;1;0;1;0;1;2
83480246;"09/07/16";"Sábado";"20:35:00";"PR";376;"276,2";"MARILANDIA DO SUL";"Outras";"Colisão lateral";"Com Vítimas Fatais";"Plena noite";"Decrescente";"Ceu Claro";"Simples";"Reta";"Rural";2;1;0;0;1;0;0;2
83480247;"09/07/16";"Sábado";"11:07:00";"SP";116;"138,5";"SAO JOSE DOS CAMPOS";"Outras";"Colisão traseira";"Sem Vítimas";"Pleno dia";"Decrescente";"Sol";"Dupla";"Reta";"Urbano";2;0;0;0;2;0;0;2
83480248;"09/07/16";"Sábado";"20:20:00";"MG";267;"39";"ARGIRITA";"Velocidade incompatível";"Capotamento";"Com Vítimas Feridas";"Plena noite";"Decrescente";"Ceu Claro";"Simples";"Reta";"Rural";1;0;1;0;0;0;1;1
83480249;"09/07/16";"Sábado";"22:00:00";"RJ";101;"507";"ANGRA DOS REIS";"Não guardar distância de segurança";"Colisão frontal";"Com Vítimas Feridas";"Plena noite";"Crescente";"Nublado";"Simples";"Reta";"Urbano";4;0;3;0;1;0;3;2
83480250;"09/07/16";"Sábado";"21:15:00";"RS";293;"13";"CAPAO DO LEAO";"Desobediência à sinalização";"Colisão traseira";"Sem Vítimas";"Plena noite";"Crescente";"Chuva";"Simples";"Reta";"Urbano";2;0;0;0;2;0;0;2
83480251;"09/07/16";"Sábado";"22:00:00";"SC";163;"67,8";"SAO MIGUEL DOESTE";"Ingestão de álcool";"Saída de Pista";"Com Vítimas Feridas";"Plena noite";"Crescente";"Ceu Claro";"Dupla";"Reta";"Urbano";3;0;2;0;1;0;2;1
83480252;"09/07/16";"Sábado";"19:00:00";"PI";343;"469,6";"SAO GONCALO DO PIAUI";"Desobediência à sinalização";"Colisão Transversal";"Com Vítimas Fatais";"Plena noite";"Crescente";"Ceu Claro";"Simples";"Reta";"Rural";2;1;0;0;0;1;0;2
83480253;"09/07/16";"Sábado";"22:46:00";"MS";163;"278,8";"DOURADOS";"Outras";"Queda de motocicleta / bicicleta / veículo";"Com Vítimas Feridas";"Plena noite";"Decrescente";"Ignorada";"Dupla";"Cruzamento";"Rural";1;0;0;1;0;0;1;1
83480254;"09/07/16";"Sábado";"13:40:00";"GO";40;"0";"VALPARAISO DE GOIAS";"Outras";"Colisão traseira";"Sem Vítimas";"Pleno dia";"Crescente";"Ceu Claro";"Dupla";"Reta";"Urbano";3;0;0;0;3;0;0;3
83480255;"09/07/16";"Sábado";"23:00:00";"MA";135;"2,2";"SAO LUIS";"Outras";"Queda de motocicleta / bicicleta / veículo";"Com Vítimas Feridas";"Plena noite";"Decrescente";"Ceu Claro";"Dupla";"Reta";"Urbano";1;0;1;0;0;0;1;1
83480256;"09/07/16";"Sábado";"23:30:00";"PR";277;"115";"CAMPO LARGO";"Outras";"Saída de Pista";"Sem Vítimas";"Plena noite";"Crescente";"Ceu Claro";"Dupla";"Reta";"Rural";1;0;0;0;1;0;0;1
83480257;"10/07/16";"Domingo";"00:01:00";"PR";277;"82";"CURITIBA";"Falta de atenção";"Saída de Pista";"Ignorado";"Plena noite";"Decrescente";"Ceu Claro";"Dupla";"Reta";"Urbano";1;0;0;0;0;1;0;1
83480258;"09/07/16";"Sábado";"23:24:00";"MA";230;"402";"BALSAS";"Falta de atenção";"Colisão traseira";"Com Vítimas Feridas";"Plena noite";"Decrescente";"Ceu Claro";"Simples";"Reta";"Urbano";2;0;1;0;1;0;1;2
83480259;"06/07/16";"Quarta";"17:30:00";"MS";158;"198,4";"SELVIRIA";"Falta de atenção";"Colisão traseira";"Com Vítimas Feridas";"Plena noite";"Crescente";"Ceu Claro";"Dupla";"Reta";"Urbano";2;0;1;0;0;1;1;2
83480260;"09/07/16";"Sábado";"23:15:00";"PR";476;"117";"COLOMBO";"Falta de atenção";"Colisão Transversal";"Com Vítimas Feridas";"Plena noite";"Decrescente";"Nublado";"Dupla";"Reta";"Urbano";2;0;1;0;1;0;1;2