"id";"data_inversa";"dia_semana";"horario";"uf";"br";"km";"municipio";"causa_acidente";"tipo_acidente";"classificacao_acidente";"fase_dia";"sentido_via";"condicao_metereologica";"tipo_pista";"tracado_via";"uso_solo";"pessoas";"mortos";"feridos_leves";"feridos_graves";"ilesos";"ignorados";"feridos";"veiculos"
83480261;"09/07/16";"Sábado";"22:00:00";"MS";262;"485";"ANASTACIO";"Ingestão de álcool";"Colisão com objeto fixo";"Com Vítimas Feridas";"Plena noite";"Crescente";"Ceu Claro";"Simples";"Reta";"Urbano";1;0;1;0;0;0;1;1
83480262;"10/07/16";"Domingo";"00:30:00";"PA";10;"218";"IPIXUNA DO PARA";"Dormindo";"Saída de Pista";"Sem Vítimas";"Plena noite";"Decrescente";"Ceu Claro";"Simples";"Curva";"Rural";1;0;0;0;1;0;0;1
83480263;"09/07/16";"Sábado";"14:10:00";"MT";70;"58";"BARRA DO GARCAS";"Falta de atenção";"Tombamento";"Com Vítimas Feridas";"Pleno dia";"Crescente";"Ceu Claro";"Simples";"Curva";"Rural";1;0;1;0;0;0;1;1
83480264;"09/07/16";"Sábado";"23:00:00";"PA";316;"32";"SANTA ISABEL DO PARA";"Velocidade incompatível";"Capotamento";"Com Vítimas Feridas";"Plena noite";"Crescente";"Ceu Claro";"Dupla";"Curva";"Rural";4;0;2;2;0;0;4;1
83480265;"10/07/16";"Domingo";"00:30:00";"MA";230;"403";"BALSAS";"Falta de atenção";"Colisão traseira";"Com Vítimas Feridas";"Plena noite";"Decrescente";"Ceu Claro";"Simples";"Curva";"Urbano";2;0;0;1;0;1;1;2
83480266;"09/07/16";"Sábado";"18:00:00";"PB";230;"14,4";"CABEDELO";"Não guardar distância de segurança";"Colisão lateral";"Com Vítimas Feridas";"Plena noite";"Crescente";"Ceu Claro";"Dupla";"Reta";"Urbano";2;0;1;0;1;0;1;2
83480267;"09/07/16";"Sábado";"20:00:00";"ES";101;"236,6";"FUNDAO";"Velocidade incompatível";"Capotamento";"Sem Vítimas";"Plena noite";"Crescente";"Ignorada";"Simples";"Curva";"Urbano";1;0;0;0;1;0;0;1
83480268;"10/07/16";"Domingo";"01:40:00";"ES";101;"435,3";"MIMOSO DO SUL";"Falta de atenção";"Queda de motocicleta / bicicleta / veículo";"Com Vítimas Feridas";"Plena noite";"Crescente";"Ceu Claro";"Simples";"Reta";"Rural";1;0;1;0;0;0;1;1
83480269;"09/07/16";"Sábado";"23:30:00";"RS";386;"366,2";"FAZENDA VILANOVA";"Outras";"Saída de Pista";"Com Vítimas Feridas";"Plena noite";"Decrescente";"Nevoeiro/neblina";"Dupla";"Cruzamento";"Urbano";3;0;3;0;0;0;3;1
83480270;"10/07/16";"Domingo";"01:00:00";"PR";163;"92";"CAPANEMA";"Velocidade incompatível";"Capotamento";"Com Vítimas Feridas";"Plena noite";"Crescente";"Ceu Claro";"Simples";"Reta";"Rural";4;0;0;1;3;0;1;1
83480271;"09/07/16";"Sábado";"23:40:00";"AP";210;"0";"MACAPA";"Não guardar distância de segurança";"Colisão traseira";"Sem Vítimas";"Plena noite";"Decrescente";"Ceu Claro";"Dupla";"Reta";"Urbano";2;0;0;0;2;0;0;2
83480272;"09/07/16";"Sábado";"19:40:00";"MA";222;"675";"ACAILANDIA";"Desobediência à sinalização";"Colisão Transversal";"Com Vítimas Feridas";"Plena noite";"Crescente";"Nublado";"Simples";"Reta";"Urbano";2;0;1;0;1;0;1;2
83480273;"09/07/16";"Sábado";"22:30:00";"MT";163;"787";"VERA";"Outras";"Colisão Transversal";"Com Vítimas Fatais";"Plena noite";"Crescente";"Ceu Claro";"Simples";"Reta";"Rural";4;1;0;0;3;0;0;2
83480274;"10/07/16";"Domingo";"01:40:00";"PR";153;"353,2";"REBOUCAS";"Dormindo";"Saída de Pista";"Com Vítimas Feridas";"Plena noite";"Crescente";"Ceu Claro";"Simples";"Reta";"Rural";3;0;2;1;0;0;3;1
83480276;"10/07/16";"Domingo";"03:00:00";"CE";222;"17,3";"CAUCAIA";"Ingestão de álcool";"Queda de motocicleta / bicicleta / veículo";"Com Vítimas Feridas";"Plena noite";"Crescente";"Ceu Claro";"Simples";"Reta";"Urbano";2;0;0;1;0;1;1;1
83480277;"09/07/16";"Sábado";"21:25:00";"MS";262;"558";"MIRANDA";"Ingestão de álcool";"Queda de motocicleta / bicicleta / veículo";"Com Vítimas Feridas";"Plena noite";"Decrescente";"Ceu Claro";"Simples";"Reta";"Urbano";1;0;1;0;0;0;1;1
83480278;"09/07/16";"Sábado";"21:45:00";"MT";163;"833";"SINOP";"Falta de atenção";"Queda de motocicleta / bicicleta / veículo";"Com Vítimas Feridas";"Plena noite";"Decrescente";"Ceu Claro";"Simples";"Cruzamento";"Urbano";1;0;1;0;0;0;1;1
83480279;"09/07/16";"Sábado";"18:55:00";"RS";285;"121,8";"VACARIA";"Falta de atenção";"Colisão traseira";"Sem Vítimas";"Plena noite";"Crescente";"Chuva";"Simples";"Cruzamento";"Urbano";2;0;0;0;2;0;0;2
83480280;"09/07/16";"Sábado";"19:00:00";"MA";10;"178,8";"CAMPESTRE DO MARANHAO";"Outras";"Colisão com bicicleta";"Com Vítimas Fatais";"Plena noite";"Crescente";"Ceu Claro";"Simples";"Reta";"Urbano";2;1;0;0;1;0;0;2
83480281;"10/07/16";"Domingo";"03:30:00";"PR";116;"67";"QUATRO BARRAS";"Falta de atenção";"Atropelamento de pessoa";"Com Vítimas Feridas";"Plena noite";"Decrescente";"Nublado";"Dupla";"Curva";"Rural";2;0;0;1;0;1;1;1
83480283;"09/07/16";"Sábado";"21:30:00";"MS";463;"1,9";"DOURADOS";"Outras";"Atropelamento de pessoa";"Com Vítimas Feridas";"Plena noite";"Decrescente";"Ceu Claro";"Simples";"Reta";"Urbano";2;0;0;1;1;0;1;1
83480284;"09/07/16";"Sábado";"18:15:00";"MT";174;"35";"CACERES";"Ingestão de álcool";"Colisão traseira";"Com Vítimas Feridas";"Plena noite";"Decrescente";"Ceu Claro";"Simples";"Reta";"Rural";3;0;1;1;1;0;2;2
83480285;"10/07/16";"Domingo";"00:50:00";"PR";376;"492,9";"PONTA GROSSA";"Velocidade incompatível";"Colisão com objeto fixo";"Sem Vítimas";"Plena noite";"Decrescente";"Ceu Claro";"Dupla";"Curva";"Urbano";1;0;0;0;1;0;0;1
83480286;"10/07/16";"Domingo";"04:00:00";"RS";116;"156,7";"CAXIAS DO SUL";"Velocidade incompatível";"Saída de Pista";"Com Vítimas Feridas";"Plena noite";"Crescente";"Nublado";"Simples";"Curva";"Rural";3;0;0;3;0;0;3;1
83480287;"09/07/16";"Sábado";"19:30:00";"MS";267;"127";"BATAGUASSU";"Falta de atenção";"Colisão traseira";"Sem Vítimas";"Plena noite";"Decrescente";"Ceu Claro";"Dupla";"Reta";"Rural";2;0;0;0;2;0;0;2
83480288;"10/07/16";"Domingo";"04:44:00";"PB";230;"32,2";"BAYEUX";"Outras";"Saída de Pista";"Sem Vítimas";"Plena noite";"Decrescente";"Ceu Claro";"Dupla";"Reta";"Urbano";1;0;0;0;1;0;0;1
83480289;"10/07/16";"Domingo";"04:30:00";"PI";316;"1";"TERESINA";"Outras";"Queda de motocicleta / bicicleta / veículo";"Com Vítimas Fatais";"Amanhecer";"Decrescente";"Ceu Claro";"Simples";"Reta";"Urbano";2;1;0;0;0;1;0;1
83480290;"10/07/16";"Domingo";"03:10:00";"PR";277;"714";"SANTA TEREZINHA DE ITAIPU";"Ingestão de álcool";"Capotamento";"Com Vítimas Feridas";"Plena noite";"Crescente";"Nublado";"Dupla";"Reta";"Rural";4;0;3;1;0;0;4;1
83480291;"09/07/16";"Sábado";"18:20:00";"MG";135;"451,2";"BOCAIUVA";"Velocidade incompatível";"Saída de Pista";"Com Vítimas Feridas";"Anoitecer";"Decrescente";"Ceu Claro";"Simples";"Reta";"Rural";2;0;0;2;0;0;2;1
83480292;"09/07/16";"Sábado";"18:00:00";"MS";262;"250,7";"RIBAS DO RIO PARDO";"Outras";"Colisão frontal";"Com Vítimas Fatais";"Plena noite";"Crescente";"Ceu Claro";"Simples";"Reta";"Rural";2;1;0;0;1;0;0;2
83480293;"09/07/16";"Sábado";"21:10:00";"MG";262;"35";"MANHUACU";"Falta de atenção";"Colisão lateral";"Com Vítimas Feridas";"Plena noite";"Crescente";"Ceu Claro";"Simples";"Reta";"Urbano";2;0;1;0;1;0;1;2
83480294;"10/07/16";"Domingo";"02:40:00";"SC";470;"94,4";"APIUNA";"Velocidade incompatível";"Saída de Pista";"Com Vítimas Feridas";"Plena noite";"Decrescente";"Ceu Claro";"Simples";"Reta";"Urbano";2;0;2;0;0;0;2;1
83480295;"09/07/16";"Sábado";"09:40:00";"RS";472;"568";"URUGUAIANA";"Falta de atenção";"Tombamento";"Sem Vítimas";"Pleno dia";"Crescente";"Ceu Claro";"Simples";"Reta";"Rural";1;0;0;0;1;0;0;1
83480296;"09/07/16";"Sábado";"20:50:00";"BA";367;"26,5";"PORTO SEGURO";"Falta de atenção";"Colisão Transversal";"Com Vítimas Feridas";"Plena noite";"Crescente";"Ceu Claro";"Simples";"Curva";"Urbano";3;0;2;0;1;0;2;2
83480297;"10/07/16";"Domingo";"04:10:00";"MS";163;"446,4";"CAMPO GRANDE";"Dormindo";"Saída de Pista";"Sem Vítimas";"Plena noite";"Decrescente";"Ceu Claro";"Simples";"Reta";"Rural";1;0;0;0;1;0;0;1
83480298;"10/07/16";"Domingo";"04:15:00";"PB";230;"44,1";"SANTA RITA";"Velocidade incompatível";"Capotamento";"Com Vítimas Feridas";"Plena noite";"Decrescente";"Nublado";"Dupla";"Reta";"Rural";3;0;3;0;0;0;3;1
83480299;"10/07/16";"Domingo";"05:00:00";"MG";381;"830,7";"SAO SEBASTIAO DA BELA VISTA";"Falta de atenção";"Capotamento";"Sem Vítimas";"Amanhecer";"Decrescente";"Nublado";"Dupla";"Reta";"Rural";1;0;0;0;1;0;0;1
83480300;"09/07/16";"Sábado";"23:25:00";"PR";376;"458,6";"TIBAGI";"Outras";"Atropelamento de pessoa";"Com Vítimas Feridas";"Plena noite";"Crescente";"Nublado";"Simples";"Reta";"Rural";2;0;1;0;1;0;1;1
83480301;"10/07/16";"Domingo";"01:00:00";"MG";381;"502";"BETIM";"Falta de atenção";"Colisão frontal";"Com Vítimas Feridas";"Plena noite";"Crescente";"Ceu Claro";"Dupla";"Reta";"Urbano";2;0;0;1;1;0;1;2
83480302;"10/07/16";"Domingo";"05:00:00";"MG";381;"912,6";"CAMANDUCAIA";"Velocidade incompatível";"Queda de motocicleta / bicicleta / veículo";"Com Vítimas Feridas";"Plena noite";"Decrescente";"Ceu Claro";"Dupla";"Reta";"Rural";1;0;1;0;0;0;1;1
83480303;"10/07/16";"Domingo";"02:15:00";"RS";116;"267";"CANOAS";"Ingestão de álcool";"Tombamento";"Com Vítimas Feridas";"Plena noite";"Decrescente";"Ceu Claro";"Múltipla";"Reta";"Urbano";1;0;0;1;0;0;1;1
83480304;"10/07/16";"Domingo";"04:50:00";"PR";376;"292,5";"MAUA DA SERRA";"Outras";"Saída de Pista";"Com Vítimas Feridas";"Plena noite";"Decrescente";"Ceu Claro";"Simples";"Curva";"Rural";2;0;1;1;0;0;2;1
83480305;"08/07/16";"Sexta";"10:50:00";"MG";50;"186";"UBERABA";"Falta de atenção";"Derramamento de Carga";"Sem Vítimas";"Pleno dia";"Decrescente";"Ceu Claro";"Dupla";"Reta";"Rural";1;0;0;0;1;0;0;1
83480306;"09/07/16";"Sábado";"22:30:00";"AC";364;"135";"RIO BRANCO";"Ingestão de álcool";"Colisão traseira";"Com Vítimas Feridas";"Plena noite";"Crescente";"Ceu Claro";"Múltipla";"Reta";"Urbano";4;0;2;0;2;0;2;3
83480307;"09/07/16";"Sábado";"22:20:00";"SC";101;"106,9";"PENHA";"Outras";"Colisão com objeto fixo";"Com Vítimas Feridas";"Plena noite";"Crescente";"Nublado";"Dupla";"Curva";"Rural";2;0;0;1;1;0;1;2
83480308;"10/07/16";"Domingo";"04:30:00";"PR";116;"110";"SAO JOSE DOS PINHAIS";"Outras";"Saída de Pista";"Sem Vítimas";"Plena noite";"Decrescente";"Nublado";"Dupla";"Reta";"Urbano";1;0;0;0;1;0;0;1
83480309;"06/07/16";"Quarta";"10:30:00";"CE";116;"7,9";"FORTALEZA";"Falta de atenção";"Colisão lateral";"Sem Vítimas";"Pleno dia";"Decrescente";"Ceu Claro";"Dupla";"Reta";"Urbano";5;0;0;0;5;0;0;2
83480310;"10/07/16";"Domingo";"05:45:00";"SC";470;"240";"SAO CRISTOVAO DO SUL";"Falta de atenção";"Colisão lateral";"Sem Vítimas";"Amanhecer";"Decrescente";"Nublado";"Simples";"Reta";"Rural";5;0;0;0;4;1;0;2
83480311;"10/07/16";"Domingo";"04:50:00";"RS";116;"247";"SAO LEOPOLDO";"Ingestão de álcool";"Colisão lateral";"Sem Vítimas";"Plena noite";"Decrescente";"Nevoeiro/neblina";"Simples";"Reta";"Rural";2;0;0;0;2;0;0;2
83480312;"09/07/16";"Sábado";"19:50:00";"MG";40;"621,3";"CONSELHEIRO LAFAIETE";"Falta de atenção";"Capotamento";"Sem Vítimas";"Plena noite";"Crescente";"Ceu Claro";"Simples";"Reta";"Urbano";1;0;0;0;1;0;0;1
83480313;"10/07/16";"Domingo";"05:35:00";"RS";386;"217,8";"TIO HUGO";"Ingestão de álcool";"Colisão traseira";"Sem Vítimas";"Plena noite";"Crescente";"Nublado";"Simples";"Reta";"Rural";3;0;0;0;2;1;0;2
83480314;"09/07/16";"Sábado";"22:20:00";"BA";116;"417";"FEIRA DE SANTANA";"Outras";"Colisão traseira";"Com Vítimas Feridas";"Plena noite";"Crescente";"Ceu Claro";"Simples";"Reta";"Urbano";2;0;1;0;0;1;1;2
83480315;"28/06/16";"Terça";"08:30:00";"PE";101;"71";"RECIFE";"Velocidade incompatível";"Tombamento";"Sem Vítimas";"Pleno dia";"Decrescente";"Sol";"Simples";"Curva";"Urbano";1;0;0;0;1;0;0;1
83480316;"09/07/16";"Sábado";"07:30:00";"PR";158;"207";"CAMPO MOURAO";"Defeito mecânico em veículo";"Queda de motocicleta / bicicleta / veículo";"Com Vítimas Feridas";"Amanhecer";"Crescente";"Ceu Claro";"Simples";"Curva";"Rural";2;0;0;1;1;0;1;1
83480317;"10/07/16";"Domingo";"00:30:00";"MT";163;"581,7";"NOVA MUTUM";"Ingestão de álcool";"Colisão lateral";"Sem Vítimas";"Plena noite";"Decrescente";"Ceu Claro";"Simples";"Reta";"Rural";4;0;0;0;4;0;0;4
83480318;"10/07/16";"Domingo";"05:30:00";"MT";364;"345";"SANTO ANTONIO DO LEVERGER";"Defeito mecânico em veículo";"Tombamento";"Sem Vítimas";"Amanhecer";"Decrescente";"Ceu Claro";"Simples";"Curva";"Rural";1;0;0;0;1;0;0;1
83480319;"07/07/16";"Quinta";"07:00:00";"SP";116;"109";"TAUBATE";"Falta de atenção";"Queda de motocicleta / bicicleta / veículo";"Com Vítimas Feridas";"Pleno dia";"Crescente";"Ceu Claro";"Dupla";"Reta";"Urbano";1;0;1;0;0;0;1;1
83480320;"09/07/16";"Sábado";"05:00:00";"RS";116;"523";"PELOTAS";"Dormindo";"Colisão com objeto fixo";"Sem Vítimas";"Plena noite";"Crescente";"Nevoeiro/neblina";"Simples";"Reta";"Urbano";1;0;0;0;1;0;0;1
83480321;"10/07/16";"Domingo";"00:50:00";"RJ";101;"477";"ANGRA DOS REIS";"Ingestão de álcool";"Colisão frontal";"Com Vítimas Feridas";"Plena noite";"Crescente";"Ceu Claro";"Simples";"Reta";"Urbano";3;0;1;0;2;0;1;2
83480322;"10/07/16";"Domingo";"06:45:00";"PR";116;"122";"FAZENDA RIO GRANDE";"Velocidade incompatível";"Saída de Pista";"Sem Vítimas";"Amanhecer";"Crescente";"Sol";"Dupla";"Reta";"Urbano";1;0;0;0;1;0;0;1
83480323;"06/07/16";"Quarta";"15:10:00";"PR";376;"665";"GUARATUBA";"Velocidade incompatível";"Saída de Pista";"Com Vítimas Feridas";"Pleno dia";"Decrescente";"Nublado";"Dupla";"Curva";"Rural";3;0;1;0;2;0;1;2
83480324;"06/07/16";"Quarta";"21:40:00";"BA";324;"588";"CANDEIAS";"Outras";"Capotamento";"Sem Vítimas";"Plena noite";"Crescente";"Ceu Claro";"Dupla";"Reta";"Rural";1;0;0;0;1;0;0;1
83480325;"07/07/16";"Quinta";"07:00:00";"BA";101;"742,5";"ITABELA";"Falta de atenção";"Colisão traseira";"Com Vítimas Feridas";"Amanhecer";"Decrescente";"Nevoeiro/neblina";"Simples";"Curva";"Rural";2;0;1;0;1;0;1;2
83480326;"06/07/16";"Quarta";"09:45:00";"MG";381;"741,5";"TRES CORACOES";"Ingestão de álcool";"Saída de Pista";"Sem Vítimas";"Pleno dia";"Crescente";"Sol";"Dupla";"Reta";"Rural";1;0;0;0;1;0;0;1
83480327;"09/07/16";"Sábado";"10:45:00";"MT";364;"9";"ALTO ARAGUAIA";"Outras";"Tombamento";"Com Vítimas Feridas";"Pleno dia";"Crescente";"Ceu Claro";"Simples";"Reta";"Rural";1;0;1;0;0;0;1;1
83480328;"09/07/16";"Sábado";"05:40:00";"MG";116;"761,6";"LEOPOLDINA";"Falta de atenção";"Colisão traseira";"Sem Vítimas";"Amanhecer";"Decrescente";"Nublado";"Simples";"Reta";"Rural";2;0;0;0;2;0;0;2
83480329;"10/07/16";"Domingo";"03:45:00";"SC";470;"303,4";"CAMPOS NOVOS";"Velocidade incompatível";"Colisão frontal";"Com Vítimas Fatais";"Plena noite";"Crescente";"Ceu Claro";"Simples";"Curva";"Rural";45;4;7;1;33;0;8;3
83480330;"07/07/16";"Quinta";"00:10:00";"PR";476;"353,1";"UNIAO DA VITORIA";"Dormindo";"Colisão com objeto fixo";"Com Vítimas Feridas";"Plena noite";"Decrescente";"Ceu Claro";"Simples";"Reta";"Rural";1;0;1;0;0;0;1;1
83480332;"08/07/16";"Sexta";"22:10:00";"MG";381;"796,3";"SAO GONCALO DO SAPUCAI";"Outras";"Atropelamento de pessoa";"Com Vítimas Feridas";"Plena noite";"Decrescente";"Ignorada";"Dupla";"Reta";"Rural";2;0;0;1;1;0;1;1
83480333;"10/07/16";"Domingo";"00:15:00";"BA";135;"193";"BARREIRAS";"Outras";"Colisão com objeto fixo";"Com Vítimas Feridas";"Plena noite";"Crescente";"Ceu Claro";"Simples";"Reta";"Rural";2;0;1;0;0;1;1;2
83480334;"09/07/16";"Sábado";"16:30:00";"TO";226;"42";"DARCINOPOLIS";"Defeito mecânico em veículo";"Capotamento";"Com Vítimas Feridas";"Pleno dia";"Decrescente";"Ceu Claro";"Simples";"Reta";"Rural";1;0;1;0;0;0;1;1
83480335;"10/07/16";"Domingo";"02:10:00";"BA";242;"206";"ITABERABA";"Ingestão de álcool";"Saída de Pista";"Com Vítimas Feridas";"Plena noite";"Decrescente";"Nublado";"Simples";"Reta";"Rural";1;0;0;1;0;0;1;1
83480336;"06/07/16";"Quarta";"10:00:00";"MG";116;"543,3";"SANTA RITA DE MINAS";"Falta de atenção";"Colisão Transversal";"Com Vítimas Feridas";"Pleno dia";"Crescente";"Nublado";"Simples";"Reta";"Rural";2;0;1;0;1;0;1;2
83480337;"06/07/16";"Quarta";"22:45:00";"PR";272;"552";"TERRA ROXA";"Outras";"Saída de Pista";"Com Vítimas Feridas";"Pleno dia";"Decrescente";"Ceu Claro";"Simples";"Curva";"Rural";1;0;1;0;0;0;1;1
83480338;"07/07/16";"Quinta";"19:45:00";"CE";116;"373,6";"ICO";"Animais na Pista";"Atropelamento de animal";"Sem Vítimas";"Plena noite";"Decrescente";"Ceu Claro";"Simples";"Reta";"Rural";1;0;0;0;1;0;0;1
83480339;"06/07/16";"Quarta";"17:00:00";"PR";376;"661,5";"TIJUCAS DO SUL";"Defeito mecânico em veículo";"Colisão traseira";"Sem Vítimas";"Pleno dia";"Crescente";"Nublado";"Dupla";"Reta";"Rural";2;0;0;0;1;1;0;2
83480340;"07/07/16";"Quinta";"04:50:00";"SC";101;"139,6";"BALNEARIO CAMBORIU";"Ingestão de álcool";"Saída de Pista";"Com Vítimas Feridas";"Plena noite";"Crescente";"Ceu Claro";"Simples";"Reta";"Rural";1;0;1;0;0;0;1;1
83480341;"23/05/16";"Segunda";"11:30:00";"PE";101;"29";"IGARASSU";"Defeito mecânico em veículo";"Danos Eventuais";"Com Vítimas Feridas";"Pleno dia";"Decrescente";"Ceu Claro";"Dupla";"Curva";"Rural";2;0;1;0;0;1;1;1
83480342;"04/07/16";"Segunda";"08:30:00";"GO";153;"305,1";"RIALMA";"Outras";"Colisão frontal";"Sem Vítimas";"Pleno dia";"Decrescente";"Ceu Claro";"Simples";"Reta";"Rural";2;0;0;0;2;0;0;2
83480343;"10/07/16";"Domingo";"06:00:00";"SP";116;"420";"JUQUIA";"Ingestão de álcool";"Capotamento";"Com Vítimas Feridas";"Amanhecer";"Decrescente";"Nublado";"Dupla";"Reta";"Rural";1;0;1;0;0;0;1;1
83480344;"06/07/16";"Quarta";"18:00:00";"MG";381;"497";"BETIM";"Outras";"Colisão com objeto móvel";"Com Vítimas Feridas";"Plena noite";"Decrescente";"Ceu Claro";"Dupla";"Reta";"Urbano";2;0;1;1;0;0;2;1
83480345;"10/07/16";"Domingo";"07:30:00";"GO";60;"55,5";"ABADIANIA";"Outras";"Capotamento";"Com Vítimas Feridas";"Pleno dia";"Crescente";"Nublado";"Dupla";"Curva";"Rural";1;0;1;0;0;0;1;1
83480346;"03/07/16";"Domingo";"01:40:00";"BA";324;"594";"CANDEIAS";"Animais na Pista";"Atropelamento de animal";"Com Vítimas Feridas";"Plena noite";"Crescente";"Ceu Claro";"Dupla";"Reta";"Rural";6;0;3;0;2;1;3;4
83480347;"13/06/16";"Segunda";"02:30:00";"PE";101;"29";"ITAPISSUMA";"Outras";"Capotamento";"Com Vítimas Feridas";"Plena noite";"Crescente";"Nublado";"Dupla";"Curva";"Rural";1;0;1;0;0;0;1;1
83480348;"10/07/16";"Domingo";"09:00:00";"PR";376;"81,5";"PARANAVAI";"Falta de atenção";"Colisão lateral";"Com Vítimas Feridas";"Pleno dia";"Decrescente";"Ceu Claro";"Simples";"Reta";"Rural";2;0;1;0;1;0;1;2
83480349;"10/07/16";"Domingo";"07:10:00";"BA";116;"448,8";"FEIRA DE SANTANA";"Outras";"Colisão com objeto fixo";"Sem Vítimas";"Pleno dia";"Crescente";"Chuva";"Dupla";"Reta";"Rural";1;0;0;0;1;0;0;1
83480350;"25/06/16";"Sábado";"16:10:00";"PE";232;"73,7";"GRAVATA";"Não guardar distância de segurança";"Colisão traseira";"Com Vítimas Feridas";"Pleno dia";"Decrescente";"Ceu Claro";"Dupla";"Reta";"Rural";4;0;1;0;3;0;1;3
83480351;"07/07/16";"Quinta";"04:30:00";"PR";116;"130";"FAZENDA RIO GRANDE";"Velocidade incompatível";"Colisão traseira";"Sem Vítimas";"Plena noite";"Decrescente";"Ceu Claro";"Dupla";"Reta";"Rural";2;0;0;0;2;0;0;2
83480352;"10/07/16";"Domingo";"03:30:00";"AM";230;"618";"HUMAITA";"Outras";"Atropelamento de pessoa";"Com Vítimas Fatais";"Plena noite";"Decrescente";"Ceu Claro";"Simples";"Reta";"Rural";3;1;0;0;2;0;0;1
83480353;"10/07/16";"Domingo";"07:00:00";"BA";116;"438,8";"FEIRA DE SANTANA";"Outras";"Colisão com objeto fixo";"Sem Vítimas";"Pleno dia";"Crescente";"Chuva";"Dupla";"Curva";"Rural";1;0;0;0;1;0;0;1
83480354;"09/07/16";"Sábado";"20:00:00";"BA";116;"824";"VITORIA DA CONQUISTA";"Ingestão de álcool";"Colisão lateral";"Sem Vítimas";"Plena noite";"Decrescente";"Nublado";"Dupla";"Reta";"Urbano";2;0;0;0;2;0;0;2
83480355;"03/07/16";"Domingo";"06:35:00";"SP";116;"79";"ROSEIRA";"Outras";"Capotamento";"Com Vítimas Feridas";"Amanhecer";"Decrescente";"Ceu Claro";"Dupla";"Reta";"Rural";2;0;2;0;0;0;2;1
83480356;"31/05/16";"Terça";"07:10:00";"RJ";116;"43";"TERESOPOLIS";"Outras";"Saída de Pista";"Com Vítimas Feridas";"Amanhecer";"Crescente";"Chuva";"Simples";"Curva";"Rural";1;0;1;0;0;0;1;1
83480357;"06/07/16";"Quarta";"18:00:00";"MG";354;"705,3";"CAXAMBU";"Falta de atenção";"Colisão Transversal";"Com Vítimas Feridas";"Plena noite";"Decrescente";"Nublado";"Simples";"Cruzamento";"Urbano";2;0;0;1;1;0;1;2
83480358;"08/07/16";"Sexta";"17:20:00";"PI";316;"151,3";"ELESBAO VELOSO";"Falta de atenção";"Colisão lateral";"Com Vítimas Feridas";"Pleno dia";"Crescente";"Ceu Claro";"Simples";"Curva";"Rural";4;0;2;1;0;1;3;2
83480359;"10/07/16";"Domingo";"09:50:00";"PR";277;"462,4";"LARANJEIRAS DO SUL";"Ultrapassagem indevida";"Saída de Pista";"Com Vítimas Feridas";"Pleno dia";"Crescente";"Ceu Claro";"Simples";"Reta";"Rural";1;0;1;0;0;0;1;1
83480360;"10/07/16";"Domingo";"10:25:00";"DF";20;"56";"BRASILIA";"Falta de atenção";"Saída de Pista";"Com Vítimas Feridas";"Pleno dia";"Crescente";"Sol";"Dupla";"Reta";"Urbano";1;0;1;0;0;0;1;1
83480361;"10/07/16";"Domingo";"09:00:00";"PE";232;"449";"SAO JOSE DO BELMONTE";"Desobediência à sinalização";"Colisão lateral";"Com Vítimas Feridas";"Pleno dia";"Decrescente";"Sol";"Simples";"Reta";"Rural";2;0;0;1;1;0;1;2
83480362;"10/07/16";"Domingo";"10:30:00";"SC";101;"63";"ARAQUARI";"Dormindo";"Colisão com objeto fixo";"Com Vítimas Feridas";"Pleno dia";"Decrescente";"Sol";"Dupla";"Curva";"Rural";1;0;1;0;0;0;1;1
83480363;"09/07/16";"Sábado";"21:30:00";"MT";364;"6";"ALTO GARCAS";"Animais na Pista";"Atropelamento de animal";"Sem Vítimas";"Plena noite";"Crescente";"Ceu Claro";"Simples";"Reta";"Rural";1;0;0;0;1;0;0;1
83480364;"10/07/16";"Domingo";"08:30:00";"DF";20;"9";"BRASILIA";"Falta de atenção";"Colisão traseira";"Com Vítimas Feridas";"Pleno dia";"Decrescente";"Ceu Claro";"Dupla";"Reta";"Urbano";2;0;1;0;1;0;1;2
83480365;"09/06/16";"Quinta";"07:00:00";"PR";476;"143,8";"CURITIBA";"Desobediência à sinalização";"Colisão traseira";"Com Vítimas Feridas";"Pleno dia";"Decrescente";"Ceu Claro";"Dupla";"Curva";"Urbano";2;0;1;0;1;0;1;2
83480366;"09/07/16";"Sábado";"08:30:00";"AM";319;"238";"CAREIRO";"Outras";"Saída de Pista";"Com Vítimas Feridas";"Amanhecer";"Decrescente";"Ceu Claro";"Simples";"Reta";"Rural";9;0;5;4;0;0;9;1
83480367;"05/07/16";"Terça";"19:20:00";"ES";101;"445";"MIMOSO DO SUL";"Falta de atenção";"Colisão lateral";"Com Vítimas Feridas";"Plena noite";"Decrescente";"Ceu Claro";"Simples";"Reta";"Rural";2;0;0;1;1;0;1;2
83480368;"10/07/16";"Domingo";"09:45:00";"MG";153;"43";"CANAPOLIS";"Falta de atenção";"Colisão lateral";"Com Vítimas Feridas";"Pleno dia";"Decrescente";"Ceu Claro";"Dupla";"Curva";"Rural";8;0;3;0;5;0;3;2
83480370;"10/07/16";"Domingo";"11:10:00";"MG";381;"746";"TRES CORACOES";"Velocidade incompatível";"Colisão com objeto fixo";"Com Vítimas Feridas";"Pleno dia";"Decrescente";"Ceu Claro";"Dupla";"Curva";"Rural";5;0;3;0;2;0;3;1