"id";"data_inversa";"dia_semana";"horario";"uf";"br";"km";"municipio";"causa_acidente";"tipo_acidente";"classificacao_acidente";"fase_dia";"sentido_via";"condicao_metereologica";"tipo_pista";"tracado_via";"uso_solo";"pessoas";"mortos";"feridos_leves";"feridos_graves";"ilesos";"ignorados";"feridos";"veiculos"
83480371;"10/07/16";"Domingo";"11:20:00";"RO";319;"62";"PORTO VELHO";"Defeito na via";"Saída de Pista";"Sem Vítimas";"Pleno dia";"Crescente";"Ceu Claro";"Dupla";"Reta";"Urbano";1;0;0;0;1;0;0;1
83480372;"03/07/16";"Domingo";"19:50:00";"CE";222;"12";"CAUCAIA";"Desobediência à sinalização";"Colisão Transversal";"Com Vítimas Feridas";"Plena noite";"Decrescente";"Ceu Claro";"Simples";"Reta";"Urbano";2;0;0;1;1;0;1;2
83480373;"10/07/16";"Domingo";"10:30:00";"PE";101;"88";"CABO DE SANTO AGOSTINHO";"Defeito na via";"Capotamento";"Sem Vítimas";"Pleno dia";"Decrescente";"Chuva";"Dupla";"Reta";"Urbano";1;0;0;0;1;0;0;1
83480374;"10/07/16";"Domingo";"10:55:00";"SC";101;"213";"PALHOCA";"Outras";"Colisão traseira";"Com Vítimas Feridas";"Pleno dia";"Decrescente";"Ceu Claro";"Múltipla";"Reta";"Urbano";2;0;0;1;0;1;1;2
83480375;"06/07/16";"Quarta";"16:50:00";"SP";116;"99";"PINDAMONHANGABA";"Defeito na via";"Queda de motocicleta / bicicleta / veículo";"Com Vítimas Feridas";"Pleno dia";"Decrescente";"Nublado";"Dupla";"Curva";"Rural";1;0;1;0;0;0;1;1
83480376;"10/07/16";"Domingo";"10:00:00";"MG";262;"376";"JUATUBA";"Defeito mecânico em veículo";"Queda de motocicleta / bicicleta / veículo";"Com Vítimas Feridas";"Pleno dia";"Crescente";"Ceu Claro";"Simples";"Reta";"Urbano";2;0;2;0;0;0;2;1
83480377;"08/07/16";"Sexta";"04:00:00";"BA";101;"930";"MUCURI";"Outras";"Incêndio";"Sem Vítimas";"Amanhecer";"Crescente";"Nevoeiro/neblina";"Simples";"Reta";"Rural";1;0;0;0;1;0;0;1
83480378;"08/07/16";"Sexta";"00:50:00";"MG";365;"484,8";"PATROCINIO";"Defeito mecânico em veículo";"Incêndio";"Sem Vítimas";"Plena noite";"Decrescente";"Ceu Claro";"Simples";"Reta";"Rural";1;0;0;0;1;0;0;1
83480379;"10/07/16";"Domingo";"11:15:00";"PR";476;"124";"CURITIBA";"Outras";"Queda de motocicleta / bicicleta / veículo";"Com Vítimas Feridas";"Pleno dia";"Crescente";"Ceu Claro";"Dupla";"Reta";"Urbano";1;0;1;0;0;0;1;1
83480380;"10/07/16";"Domingo";"07:45:00";"SC";101;"257,2";"PAULO LOPES";"Dormindo";"Colisão traseira";"Com Vítimas Feridas";"Pleno dia";"Decrescente";"Ceu Claro";"Dupla";"Reta";"Urbano";2;0;1;0;1;0;1;2
83480381;"06/07/16";"Quarta";"22:55:00";"GO";60;"2,4";"APARECIDA DE GOIANIA";"Falta de atenção";"Colisão Transversal";"Com Vítimas Feridas";"Plena noite";"Crescente";"Ceu Claro";"Simples";"Curva";"Urbano";3;0;1;0;2;0;1;2
83480382;"10/07/16";"Domingo";"07:20:00";"PE";101;"69";"RECIFE";"Outras";"Saída de Pista";"Com Vítimas Feridas";"Pleno dia";"Decrescente";"Nublado";"Dupla";"Curva";"Urbano";1;0;1;0;0;0;1;1
83480383;"10/07/16";"Domingo";"12:30:00";"BA";101;"730,9";"EUNAPOLIS";"Falta de atenção";"Colisão lateral";"Com Vítimas Feridas";"Pleno dia";"Crescente";"Ceu Claro";"Simples";"Reta";"Rural";4;0;2;0;2;0;2;2
83480384;"10/07/16";"Domingo";"10:35:00";"TO";153;"662";"GURUPI";"Falta de atenção";"Colisão Transversal";"Com Vítimas Feridas";"Pleno dia";"Crescente";"Sol";"Simples";"Reta";"Rural";5;0;2;1;2;0;3;2
83480385;"10/07/16";"Domingo";"10:40:00";"CE";304;"4,4";"BEBERIBE";"Falta de atenção";"Saída de Pista";"Sem Vítimas";"Pleno dia";"Crescente";"Ceu Claro";"Simples";"Reta";"Rural";1;0;0;0;1;0;0;1
83480386;"07/07/16";"Quinta";"22:50:00";"MG";381;"903,1";"CAMBUI";"Velocidade incompatível";"Colisão lateral";"Com Vítimas Feridas";"Plena noite";"Decrescente";"Ceu Claro";"Dupla";"Curva";"Rural";4;0;0;3;1;0;3;2
83480388;"10/07/16";"Domingo";"04:30:00";"MG";40;"186,9";"JOAO PINHEIRO";"Não guardar distância de segurança";"Colisão traseira";"Sem Vítimas";"Amanhecer";"Crescente";"Nublado";"Simples";"Reta";"Rural";2;0;0;0;2;0;0;2
83480389;"10/07/16";"Domingo";"12:20:00";"MG";381;"925";"ITAPEVA";"Velocidade incompatível";"Colisão com objeto fixo";"Com Vítimas Fatais";"Pleno dia";"Crescente";"Ceu Claro";"Simples";"Curva";"Rural";1;1;0;0;0;0;0;1
83480390;"10/07/16";"Domingo";"12:30:00";"MT";70;"752";"CACERES";"Falta de atenção";"Queda de motocicleta / bicicleta / veículo";"Com Vítimas Feridas";"Pleno dia";"Decrescente";"Ceu Claro";"Simples";"Reta";"Rural";1;0;0;1;0;0;1;1
83480391;"10/07/16";"Domingo";"11:00:00";"TO";153;"266";"BRASILANDIA DO TOCANTINS";"Defeito mecânico em veículo";"Incêndio";"Sem Vítimas";"Pleno dia";"Decrescente";"Ceu Claro";"Simples";"Reta";"Rural";1;0;0;0;1;0;0;1
83480392;"08/07/16";"Sexta";"21:10:00";"MG";40;"527";"CONTAGEM";"Ingestão de álcool";"Queda de motocicleta / bicicleta / veículo";"Com Vítimas Feridas";"Plena noite";"Decrescente";"Ceu Claro";"Dupla";"Reta";"Urbano";1;0;0;1;0;0;1;1
83480393;"10/07/16";"Domingo";"11:50:00";"PI";316;"4,4";"TERESINA";"Outras";"Saída de Pista";"Com Vítimas Feridas";"Pleno dia";"Decrescente";"Ceu Claro";"Dupla";"Reta";"Urbano";4;0;3;1;0;0;4;1
83480394;"10/07/16";"Domingo";"09:15:00";"MS";163;"287,3";"DOURADINA";"Falta de atenção";"Colisão lateral";"Com Vítimas Feridas";"Pleno dia";"Decrescente";"Sol";"Simples";"Reta";"Rural";2;0;1;0;1;0;1;2
83480395;"07/07/16";"Quinta";"05:40:00";"RJ";356;"6";"ITAPERUNA";"Outras";"Saída de Pista";"Com Vítimas Feridas";"Pleno dia";"Crescente";"Nublado";"Simples";"Reta";"Rural";2;0;2;0;0;0;2;1
83480396;"10/07/16";"Domingo";"12:00:00";"PR";116;"167";"QUITANDINHA";"Falta de atenção";"Colisão Transversal";"Com Vítimas Feridas";"Pleno dia";"Crescente";"Ceu Claro";"Simples";"Reta";"Rural";2;0;1;0;1;0;1;2
83480397;"10/07/16";"Domingo";"12:20:00";"PI";343;"345,1";"TERESINA";"Desobediência à sinalização";"Colisão Transversal";"Com Vítimas Feridas";"Pleno dia";"Crescente";"Ceu Claro";"Simples";"Reta";"Urbano";2;0;0;1;1;0;1;2
83480398;"10/07/16";"Domingo";"07:45:00";"GO";60;"177,9";"ABADIA DE GOIAS";"Falta de atenção";"Queda de motocicleta / bicicleta / veículo";"Com Vítimas Feridas";"Pleno dia";"Crescente";"Ceu Claro";"Dupla";"Reta";"Rural";1;0;1;0;0;0;1;1
83480399;"10/07/16";"Domingo";"11:00:00";"PI";343;"155,3";"BRASILEIRA";"Falta de atenção";"Colisão Transversal";"Com Vítimas Feridas";"Pleno dia";"Crescente";"Ceu Claro";"Simples";"Reta";"Rural";2;0;0;1;1;0;1;2
83480400;"06/07/16";"Quarta";"21:00:00";"PI";343;"212,2";"CAPITAO DE CAMPOS";"Falta de atenção";"Colisão traseira";"Sem Vítimas";"Plena noite";"Crescente";"Ceu Claro";"Simples";"Reta";"Urbano";2;0;0;0;2;0;0;2
83480401;"10/07/16";"Domingo";"14:20:00";"SP";116;"524";"BARRA DO TURVO";"Outras";"Saída de Pista";"Sem Vítimas";"Pleno dia";"Decrescente";"Ceu Claro";"Dupla";"Curva";"Rural";1;0;0;0;1;0;0;1
83480402;"10/07/16";"Domingo";"07:00:00";"PR";277;"725,5";"FOZ DO IGUACU";"Desobediência à sinalização";"Colisão Transversal";"Com Vítimas Feridas";"Pleno dia";"Decrescente";"Nublado";"Dupla";"Cruzamento";"Urbano";2;0;0;1;1;0;1;2
83480404;"10/07/16";"Domingo";"13:50:00";"PE";316;"318,1";"FLORESTA";"Falta de atenção";"Colisão traseira";"Com Vítimas Feridas";"Pleno dia";"Crescente";"Ceu Claro";"Simples";"Reta";"Rural";2;0;0;1;1;0;1;2
83480405;"10/07/16";"Domingo";"12:00:00";"RJ";116;"100";"GUAPIMIRIM";"Defeito mecânico em veículo";"Saída de Pista";"Com Vítimas Feridas";"Pleno dia";"Crescente";"Sol";"Simples";"Curva";"Urbano";1;0;0;1;0;0;1;1
83480407;"06/07/16";"Quarta";"11:30:00";"RJ";116;"137";"DUQUE DE CAXIAS";"Falta de atenção";"Colisão com bicicleta";"Com Vítimas Feridas";"Pleno dia";"Decrescente";"Ceu Claro";"Dupla";"Reta";"Urbano";3;0;0;1;2;0;1;3
83480408;"08/07/16";"Sexta";"17:30:00";"BA";324;"537";"CONCEICAO DO JACUIPE";"Falta de atenção";"Colisão traseira";"Com Vítimas Feridas";"Plena noite";"Decrescente";"Ceu Claro";"Dupla";"Reta";"Urbano";5;0;1;1;2;1;2;3
83480409;"10/07/16";"Domingo";"14:00:00";"SC";101;"209";"SAO JOSE";"Falta de atenção";"Colisão lateral";"Com Vítimas Feridas";"Pleno dia";"Decrescente";"Ceu Claro";"Dupla";"Reta";"Urbano";2;0;1;0;0;1;1;2
83480410;"10/07/16";"Domingo";"11:15:00";"SC";282;"567,5";"NOVA ERECHIM";"Desobediência à sinalização";"Colisão Transversal";"Com Vítimas Feridas";"Pleno dia";"Crescente";"Ceu Claro";"Simples";"Cruzamento";"Urbano";3;0;2;0;1;0;2;2
83480411;"10/07/16";"Domingo";"13:20:00";"GO";60;"26";"ALEXANIA";"Falta de atenção";"Colisão traseira";"Com Vítimas Feridas";"Pleno dia";"Decrescente";"Ceu Claro";"Dupla";"Reta";"Rural";4;0;1;0;3;0;1;2
83480413;"09/07/16";"Sábado";"19:00:00";"GO";153;"223";"URUACU";"Outras";"Saída de Pista";"Com Vítimas Feridas";"Plena noite";"Crescente";"Ceu Claro";"Simples";"Curva";"Rural";2;0;1;1;0;0;2;1
83480414;"07/07/16";"Quinta";"12:30:00";"AL";316;"86";"SANTANA DO IPANEMA";"Não guardar distância de segurança";"Colisão traseira";"Sem Vítimas";"Pleno dia";"Decrescente";"Ceu Claro";"Simples";"Reta";"Urbano";2;0;0;0;2;0;0;2
83480415;"07/07/16";"Quinta";"03:30:00";"MG";381;"848,8";"POUSO ALEGRE";"Dormindo";"Saída de Pista";"Sem Vítimas";"Plena noite";"Crescente";"Ceu Claro";"Dupla";"Curva";"Rural";1;0;0;0;1;0;0;1
83480416;"09/07/16";"Sábado";"15:00:00";"PA";153;"39";"SAO DOMINGOS DO ARAGUAIA";"Ingestão de álcool";"Capotamento";"Com Vítimas Feridas";"Pleno dia";"Crescente";"Ceu Claro";"Simples";"Reta";"Rural";5;0;5;0;0;0;5;1
83480417;"10/07/16";"Domingo";"15:40:00";"PR";369;"462";"UBIRATA";"Falta de atenção";"Saída de Pista";"Sem Vítimas";"Pleno dia";"Crescente";"Ceu Claro";"Simples";"Reta";"Rural";1;0;0;0;1;0;0;1
83480418;"10/07/16";"Domingo";"10:20:00";"SC";158;"107,6";"CUNHA PORA";"Defeito na via";"Colisão traseira";"Com Vítimas Feridas";"Pleno dia";"Crescente";"Sol";"Simples";"Reta";"Rural";2;0;1;0;1;0;1;2
83480419;"10/07/16";"Domingo";"15:20:00";"RJ";393;"207";"VASSOURAS";"Falta de atenção";"Tombamento";"Sem Vítimas";"Pleno dia";"Decrescente";"Sol";"Simples";"Reta";"Rural";1;0;0;0;1;0;0;1
83480420;"10/07/16";"Domingo";"14:40:00";"SP";116;"86,5";"PINDAMONHANGABA";"Falta de atenção";"Colisão traseira";"Com Vítimas Feridas";"Pleno dia";"Crescente";"Ceu Claro";"Dupla";"Reta";"Rural";3;0;2;0;1;0;2;2
83480421;"10/07/16";"Domingo";"15:30:00";"ES";101;"291,2";"CARIACICA";"Falta de atenção";"Colisão com objeto fixo";"Com Vítimas Feridas";"Pleno dia";"Crescente";"Sol";"Dupla";"Curva";"Urbano";1;0;1;0;0;0;1;1
83480422;"10/07/16";"Domingo";"12:00:00";"SP";116;"405,3";"MIRACATU";"Falta de atenção";"Colisão traseira";"Com Vítimas Feridas";"Pleno dia";"Decrescente";"Sol";"Dupla";"Reta";"Rural";3;0;1;1;1;0;2;2
83480423;"10/07/16";"Domingo";"14:00:00";"MA";316;"588";"CAXIAS";"Defeito mecânico em veículo";"Saída de Pista";"Com Vítimas Feridas";"Pleno dia";"Crescente";"Ceu Claro";"Simples";"Reta";"Rural";2;0;0;1;1;0;1;1
83480424;"10/07/16";"Domingo";"15:30:00";"SP";153;"62";"SAO JOSE DO RIO PRETO";"Falta de atenção";"Colisão traseira";"Sem Vítimas";"Pleno dia";"Crescente";"Ceu Claro";"Dupla";"Reta";"Urbano";3;0;0;0;3;0;0;3
83480425;"10/07/16";"Domingo";"12:20:00";"GO";153;"437";"ANAPOLIS";"Ingestão de álcool";"Colisão traseira";"Com Vítimas Feridas";"Pleno dia";"Crescente";"Ceu Claro";"Dupla";"Reta";"Urbano";4;0;2;0;2;0;2;2
83480426;"10/07/16";"Domingo";"13:30:00";"PE";232;"181";"BELO JARDIM";"Outras";"Colisão lateral";"Sem Vítimas";"Pleno dia";"Crescente";"Ceu Claro";"Simples";"Reta";"Rural";2;0;0;0;2;0;0;2
83480427;"10/07/16";"Domingo";"14:00:00";"MG";459;"69,5";"SENADOR JOSE BENTO";"Falta de atenção";"Colisão Transversal";"Com Vítimas Feridas";"Pleno dia";"Decrescente";"Sol";"Simples";"Cruzamento";"Rural";3;0;1;0;2;0;1;2
83480428;"10/07/16";"Domingo";"15:30:00";"SC";470;"67";"INDAIAL";"Não guardar distância de segurança";"Colisão traseira";"Com Vítimas Feridas";"Pleno dia";"Decrescente";"Nublado";"Simples";"Reta";"Urbano";6;0;1;0;5;0;1;5
83480429;"06/07/16";"Quarta";"07:17:00";"MG";365;"445";"GUIMARANIA";"Outras";"Capotamento";"Com Vítimas Feridas";"Amanhecer";"Crescente";"Ceu Claro";"Simples";"Reta";"Rural";1;0;1;0;0;0;1;1
83480430;"10/07/16";"Domingo";"15:30:00";"PR";467;"117";"CASCAVEL";"Ingestão de álcool";"Colisão traseira";"Sem Vítimas";"Pleno dia";"Crescente";"Ceu Claro";"Dupla";"Curva";"Rural";5;0;0;0;5;0;0;5
83480431;"10/07/16";"Domingo";"14:45:00";"RJ";101;"188";"RIO DAS OSTRAS";"Dormindo";"Saída de Pista";"Com Vítimas Feridas";"Pleno dia";"Crescente";"Ceu Claro";"Simples";"Reta";"Rural";1;0;1;0;0;0;1;1
83480432;"08/07/16";"Sexta";"03:10:00";"MA";10;"250";"IMPERATRIZ";"Falta de atenção";"Colisão traseira";"Com Vítimas Feridas";"Plena noite";"Crescente";"Ceu Claro";"Simples";"Reta";"Urbano";3;0;1;0;1;1;1;2
83480433;"10/07/16";"Domingo";"08:00:00";"MT";163;"1028";"PEIXOTO DE AZEVEDO";"Ingestão de álcool";"Colisão traseira";"Sem Vítimas";"Pleno dia";"Decrescente";"Ceu Claro";"Simples";"Reta";"Urbano";3;0;0;0;3;0;0;2
83480434;"10/07/16";"Domingo";"13:00:00";"RS";290;"220,1";"PANTANO GRANDE";"Ingestão de álcool";"Colisão traseira";"Sem Vítimas";"Pleno dia";"Decrescente";"Sol";"Simples";"Reta";"Rural";2;0;0;0;2;0;0;2
83480435;"10/07/16";"Domingo";"14:40:00";"SC";470;"117";"IBIRAMA";"Falta de atenção";"Colisão traseira";"Com Vítimas Feridas";"Pleno dia";"Decrescente";"Sol";"Simples";"Reta";"Urbano";3;0;2;0;1;0;2;2
83480436;"09/07/16";"Sábado";"10:20:00";"PI";135;"580,4";"CORRENTE";"Velocidade incompatível";"Capotamento";"Com Vítimas Feridas";"Pleno dia";"Decrescente";"Ceu Claro";"Simples";"Reta";"Rural";2;0;1;0;1;0;1;1
83480437;"09/07/16";"Sábado";"20:30:00";"RO";364;"310";"PRESIDENTE MEDICI";"Desobediência à sinalização";"Colisão frontal";"Com Vítimas Fatais";"Anoitecer";"Decrescente";"Ceu Claro";"Simples";"Reta";"Rural";2;1;0;0;1;0;0;2
83480438;"10/07/16";"Domingo";"15:50:00";"SC";101;"209";"SAO JOSE";"Falta de atenção";"Colisão traseira";"Com Vítimas Feridas";"Pleno dia";"Crescente";"Ceu Claro";"Simples";"Reta";"Urbano";3;0;2;0;1;0;2;2
83480439;"10/07/16";"Domingo";"15:20:00";"CE";116;"86,5";"CHOROZINHO";"Outras";"Saída de Pista";"Sem Vítimas";"Pleno dia";"Decrescente";"Ceu Claro";"Simples";"Reta";"Rural";3;0;0;0;3;0;0;1
83480440;"06/07/16";"Quarta";"10:30:00";"PI";316;"310,9";"PICOS";"Não guardar distância de segurança";"Colisão traseira";"Com Vítimas Feridas";"Pleno dia";"Decrescente";"Sol";"Simples";"Reta";"Urbano";2;0;0;1;1;0;1;2
83480441;"10/07/16";"Domingo";"16:40:00";"PA";316;"65";"CASTANHAL";"Falta de atenção";"Colisão traseira";"Com Vítimas Feridas";"Pleno dia";"Decrescente";"Chuva";"Dupla";"Reta";"Urbano";4;0;2;0;2;0;2;2
83480442;"06/07/16";"Quarta";"16:00:00";"SP";116;"87";"PINDAMONHANGABA";"Ingestão de álcool";"Colisão traseira";"Sem Vítimas";"Pleno dia";"Crescente";"Ceu Claro";"Múltipla";"Reta";"Urbano";2;0;0;0;2;0;0;2
83480443;"10/07/16";"Domingo";"10:24:00";"RS";116;"37,9";"VACARIA";"Desobediência à sinalização";"Colisão Transversal";"Sem Vítimas";"Pleno dia";"Decrescente";"Ceu Claro";"Simples";"Reta";"Urbano";2;0;0;0;2;0;0;2
83480444;"08/07/16";"Sexta";"18:20:00";"PR";476;"141,5";"CURITIBA";"Velocidade incompatível";"Colisão traseira";"Sem Vítimas";"Plena noite";"Crescente";"Ceu Claro";"Dupla";"Reta";"Urbano";4;0;0;0;4;0;0;3
83480445;"10/07/16";"Domingo";"07:15:00";"MG";267;"176";"OLARIA";"Ultrapassagem indevida";"Colisão lateral";"Sem Vítimas";"Amanhecer";"Crescente";"Nevoeiro/neblina";"Simples";"Curva";"Rural";2;0;0;0;2;0;0;2
83480446;"08/07/16";"Sexta";"23:20:00";"PR";476;"136,6";"CURITIBA";"Velocidade incompatível";"Colisão com objeto fixo";"Ignorado";"Plena noite";"Crescente";"Ceu Claro";"Múltipla";"Curva";"Urbano";1;0;0;0;0;1;0;1
83480447;"10/07/16";"Domingo";"16:20:00";"PE";424;"48";"VENTUROSA";"Outras";"Queda de motocicleta / bicicleta / veículo";"Com Vítimas Feridas";"Pleno dia";"Decrescente";"Ceu Claro";"Simples";"Curva";"Rural";2;0;1;1;0;0;2;1
83480448;"10/07/16";"Domingo";"14:50:00";"MS";163;"548,9";"BANDEIRANTES";"Falta de atenção";"Colisão traseira";"Sem Vítimas";"Pleno dia";"Decrescente";"Ceu Claro";"Simples";"Reta";"Urbano";5;0;0;0;5;0;0;2
83480449;"10/07/16";"Domingo";"17:00:00";"SP";116;"137,2";"SAO JOSE DOS CAMPOS";"Falta de atenção";"Colisão lateral";"Com Vítimas Feridas";"Pleno dia";"Crescente";"Ceu Claro";"Dupla";"Reta";"Rural";3;0;1;0;2;0;1;2
83480450;"10/07/16";"Domingo";"17:00:00";"MG";381;"448";"SABARA";"Falta de atenção";"Colisão traseira";"Sem Vítimas";"Pleno dia";"Crescente";"Ceu Claro";"Simples";"Reta";"Urbano";2;0;0;0;2;0;0;2
83480451;"10/07/16";"Domingo";"16:00:00";"PR";376;"422";"TIBAGI";"Defeito mecânico em veículo";"Colisão com objeto móvel";"Com Vítimas Feridas";"Pleno dia";"Crescente";"Sol";"Simples";"Reta";"Rural";6;0;2;2;2;0;4;2
83480452;"10/07/16";"Domingo";"16:15:00";"MT";364;"368";"SANTO ANTONIO DO LEVERGER";"Outras";"Colisão lateral";"Sem Vítimas";"Pleno dia";"Decrescente";"Sol";"Simples";"Reta";"Rural";2;0;0;0;2;0;0;2
83480453;"10/07/16";"Domingo";"13:50:00";"SC";116;"54,4";"PAPANDUVA";"Outras";"Colisão traseira";"Com Vítimas Feridas";"Pleno dia";"Decrescente";"Ceu Claro";"Simples";"Reta";"Rural";2;0;1;0;1;0;1;2
83480454;"10/07/16";"Domingo";"14:30:00";"AL";316;"128,2";"CACIMBINHAS";"Ingestão de álcool";"Colisão traseira";"Sem Vítimas";"Pleno dia";"Crescente";"Ceu Claro";"Simples";"Reta";"Rural";2;0;0;0;2;0;0;2
83480455;"10/07/16";"Domingo";"04:30:00";"SP";116;"171,5";"JACAREI";"Falta de atenção";"Saída de Pista";"Sem Vítimas";"Plena noite";"Decrescente";"Ceu Claro";"Dupla";"Reta";"Urbano";1;0;0;0;1;0;0;1
83480456;"10/07/16";"Domingo";"18:00:00";"PR";376;"159";"MANDAGUACU";"Não guardar distância de segurança";"Colisão traseira";"Com Vítimas Feridas";"Anoitecer";"Decrescente";"Ceu Claro";"Dupla";"Reta";"Urbano";2;0;1;0;1;0;1;2
83480457;"08/07/16";"Sexta";"11:15:00";"MS";262;"711";"CORUMBA";"Defeito na via";"Saída de Pista";"Com Vítimas Feridas";"Pleno dia";"Decrescente";"Ceu Claro";"Simples";"Curva";"Rural";6;0;6;0;0;0;6;2
83480458;"10/07/16";"Domingo";"16:45:00";"SP";116;"423";"JUQUIA";"Ingestão de álcool";"Colisão com bicicleta";"Com Vítimas Feridas";"Pleno dia";"Crescente";"Nublado";"Dupla";"Reta";"Rural";2;0;2;0;0;0;2;2
83480459;"10/07/16";"Domingo";"17:40:00";"PR";476;"276,5";"SAO MATEUS DO SUL";"Velocidade incompatível";"Colisão Transversal";"Com Vítimas Feridas";"Pleno dia";"Decrescente";"Ceu Claro";"Simples";"Reta";"Urbano";2;0;1;0;1;0;1;2
83480460;"10/07/16";"Domingo";"13:30:00";"MG";381;"534";"ITATIAIUCU";"Outras";"Colisão traseira";"Sem Vítimas";"Pleno dia";"Decrescente";"Ceu Claro";"Dupla";"Reta";"Rural";2;0;0;0;2;0;0;2
83480461;"10/07/16";"Domingo";"18:00:00";"SC";282;"548,7";"CHAPECO";"Ultrapassagem indevida";"Colisão frontal";"Com Vítimas Fatais";"Anoitecer";"Crescente";"Sol";"Simples";"Reta";"Rural";2;1;0;0;1;0;0;2
83480462;"09/07/16";"Sábado";"17:00:00";"TO";153;"371";"FORTALEZA DO TABOCAO";"Defeito mecânico em veículo";"Saída de Pista";"Sem Vítimas";"Pleno dia";"Crescente";"Ceu Claro";"Simples";"Reta";"Rural";1;0;0;0;1;0;0;1
83480463;"10/07/16";"Domingo";"18:45:00";"SC";280;"56";"GUARAMIRIM";"Falta de atenção";"Colisão lateral";"Com Vítimas Feridas";"Plena noite";"Crescente";"Nublado";"Simples";"Reta";"Urbano";2;0;1;0;1;0;1;2
83480464;"10/07/16";"Domingo";"12:45:00";"GO";70;"7,6";"AGUAS LINDAS DE GOIAS";"Outras";"Colisão com objeto fixo";"Com Vítimas Feridas";"Pleno dia";"Crescente";"Ceu Claro";"Dupla";"Reta";"Urbano";2;0;1;1;0;0;2;1
83480465;"10/07/16";"Domingo";"18:00:00";"MG";116;"703,3";"MURIAE";"Desobediência à sinalização";"Colisão Transversal";"Sem Vítimas";"Plena noite";"Crescente";"Ceu Claro";"Simples";"Reta";"Urbano";2;0;0;0;2;0;0;2
83480466;"10/07/16";"Domingo";"11:40:00";"MT";163;"833";"SINOP";"Falta de atenção";"Colisão lateral";"Com Vítimas Feridas";"Pleno dia";"Crescente";"Ceu Claro";"Simples";"Curva";"Urbano";3;0;1;1;0;1;2;2
83480467;"10/07/16";"Domingo";"18:00:00";"GO";60;"59,1";"ABADIANIA";"Falta de atenção";"Saída de Pista";"Com Vítimas Feridas";"Anoitecer";"Crescente";"Ceu Claro";"Dupla";"Reta";"Rural";1;0;1;0;0;0;1;1
83480468;"10/07/16";"Domingo";"18:00:00";"GO";60;"38,5";"ALEXANIA";"Desobediência à sinalização";"Colisão traseira";"Sem Vítimas";"Anoitecer";"Decrescente";"Ceu Claro";"Dupla";"Curva";"Rural";2;0;0;0;2;0;0;2
83480469;"10/07/16";"Domingo";"19:00:00";"PR";277;"723,8";"FOZ DO IGUACU";"Ingestão de álcool";"Atropelamento de pessoa";"Com Vítimas Feridas";"Plena noite";"Decrescente";"Ceu Claro";"Dupla";"Reta";"Urbano";2;0;0;1;0;1;1;1
83480470;"10/07/16";"Domingo";"17:20:00";"SP";116;"207";"GUARULHOS";"Velocidade incompatível";"Colisão traseira";"Com Vítimas Feridas";"Pleno dia";"Crescente";"Ceu Claro";"Dupla";"Reta";"Urbano";4;0;1;0;2;1;1;3
83480471;"10/07/16";"Domingo";"20:05:00";"RS";290;"92";"PORTO ALEGRE";"Ingestão de álcool";"Saída de Pista";"Sem Vítimas";"Plena noite";"Decrescente";"Ceu Claro";"Dupla";"Curva";"Urbano";1;0;0;0;1;0;0;1
83480472;"10/07/16";"Domingo";"18:05:00";"RJ";101;"271,9";"RIO BONITO";"Outras";"Queda de motocicleta / bicicleta / veículo";"Com Vítimas Feridas";"Plena noite";"Crescente";"Ceu Claro";"Dupla";"Reta";"Urbano";2;0;1;0;1;0;1;1
83480473;"10/07/16";"Domingo";"18:20:00";"PE";232;"80";"GRAVATA";"Falta de atenção";"Colisão lateral";"Sem Vítimas";"Plena noite";"Crescente";"Ceu Claro";"Múltipla";"Reta";"Urbano";2;0;0;0;2;0;0;2
83480474;"10/07/16";"Domingo";"16:50:00";"MT";364;"405";"CUIABA";"Não guardar distância de segurança";"Colisão traseira";"Com Vítimas Feridas";"Pleno dia";"Decrescente";"Ceu Claro";"Dupla";"Reta";"Urbano";3;0;1;0;2;0;1;2
83480475;"10/07/16";"Domingo";"18:55:00";"ES";101;"65";"SAO MATEUS";"Falta de atenção";"Colisão com bicicleta";"Com Vítimas Feridas";"Plena noite";"Decrescente";"Ceu Claro";"Dupla";"Reta";"Urbano";3;0;0;3;0;0;3;2
83480476;"10/07/16";"Domingo";"16:08:00";"RJ";40;"22";"TRES RIOS";"Defeito mecânico em veículo";"Incêndio";"Sem Vítimas";"Pleno dia";"Crescente";"Ceu Claro";"Simples";"Curva";"Urbano";1;0;0;0;1;0;0;1
83480477;"10/07/16";"Domingo";"20:30:00";"MG";365;"635";"UBERLANDIA";"Falta de atenção";"Queda de motocicleta / bicicleta / veículo";"Sem Vítimas";"Plena noite";"Decrescente";"Nublado";"Dupla";"Reta";"Rural";1;0;0;0;1;0;0;1
83480478;"10/07/16";"Domingo";"18:40:00";"CE";222;"204";"FORQUILHA";"Outras";"Atropelamento de animal";"Sem Vítimas";"Plena noite";"Crescente";"Ceu Claro";"Simples";"Reta";"Rural";1;0;0;0;1;0;0;1
83480480;"10/07/16";"Domingo";"07:40:00";"ES";101;"310,8";"VILA VELHA";"Ingestão de álcool";"Colisão com objeto fixo";"Com Vítimas Fatais";"Pleno dia";"Decrescente";"Ceu Claro";"Simples";"Reta";"Rural";5;3;0;2;0;0;2;1
83480481;"10/07/16";"Domingo";"19:00:00";"PR";277;"588";"CASCAVEL";"Falta de atenção";"Colisão lateral";"Com Vítimas Feridas";"Plena noite";"Crescente";"Ceu Claro";"Simples";"Reta";"Rural";2;0;1;0;1;0;1;2