"id";"data_inversa";"dia_semana";"horario";"uf";"br";"km";"municipio";"causa_acidente";"tipo_acidente";"classificacao_acidente";"fase_dia";"sentido_via";"condicao_metereologica";"tipo_pista";"tracado_via";"uso_solo";"pessoas";"mortos";"feridos_leves";"feridos_graves";"ilesos";"ignorados";"feridos";"veiculos"
83480482;"10/07/16";"Domingo";"19:00:00";"BA";324;"547";"AMELIA RODRIGUES";"Defeito mecânico em veículo";"Colisão traseira";"Com Vítimas Feridas";"Plena noite";"Crescente";"Nublado";"Dupla";"Reta";"Rural";5;0;1;0;4;0;1;4
83480483;"10/07/16";"Domingo";"20:05:00";"SC";101;"21,6";"JOINVILLE";"Ingestão de álcool";"Colisão lateral";"Com Vítimas Feridas";"Plena noite";"Crescente";"Ceu Claro";"Dupla";"Reta";"Urbano";2;0;1;0;0;1;1;2
83480484;"10/07/16";"Domingo";"19:00:00";"SC";282;"431,9";"VARGEM BONITA";"Velocidade incompatível";"Saída de Pista";"Com Vítimas Feridas";"Plena noite";"Crescente";"Ceu Claro";"Simples";"Reta";"Rural";1;0;0;1;0;0;1;1
83480485;"10/07/16";"Domingo";"14:30:00";"CE";20;"402";"CAUCAIA";"Não guardar distância de segurança";"Colisão traseira";"Sem Vítimas";"Pleno dia";"Crescente";"Ceu Claro";"Simples";"Reta";"Urbano";2;0;0;0;2;0;0;2
83480486;"04/07/16";"Segunda";"16:50:00";"BA";101;"209";"GOVERNADOR MANGABEIRA";"Falta de atenção";"Atropelamento de pessoa";"Com Vítimas Feridas";"Pleno dia";"Decrescente";"Ceu Claro";"Dupla";"Reta";"Urbano";3;0;1;0;1;1;1;2
83480487;"10/07/16";"Domingo";"20:30:00";"PR";116;"94";"SAO JOSE DOS PINHAIS";"Ingestão de álcool";"Capotamento";"Sem Vítimas";"Plena noite";"Decrescente";"Ceu Claro";"Dupla";"Reta";"Rural";2;0;0;0;2;0;0;2
83480488;"10/07/16";"Domingo";"18:00:00";"RS";287;"343,7";"SAO VICENTE DO SUL";"Velocidade incompatível";"Saída de Pista";"Sem Vítimas";"Anoitecer";"Decrescente";"Nublado";"Simples";"Reta";"Rural";1;0;0;0;1;0;0;1
83480489;"10/07/16";"Domingo";"11:20:00";"TO";153;"482";"PARAISO DO TOCANTINS";"Outras";"Queda de motocicleta / bicicleta / veículo";"Com Vítimas Feridas";"Pleno dia";"Decrescente";"Ceu Claro";"Simples";"Curva";"Rural";3;0;0;1;2;0;1;3
83480490;"02/07/16";"Sábado";"10:40:00";"SP";381;"15";"BRAGANCA PAULISTA";"Falta de atenção";"Saída de Pista";"Sem Vítimas";"Pleno dia";"Decrescente";"Ceu Claro";"Dupla";"Reta";"Rural";1;0;0;0;1;0;0;1
83480491;"10/07/16";"Domingo";"19:35:00";"SP";116;"207";"GUARULHOS";"Falta de atenção";"Colisão traseira";"Com Vítimas Feridas";"Plena noite";"Crescente";"Ceu Claro";"Dupla";"Reta";"Urbano";4;0;2;0;2;0;2;3
83480492;"10/07/16";"Domingo";"18:15:00";"PB";361;"4";"PATOS";"Falta de atenção";"Queda de motocicleta / bicicleta / veículo";"Com Vítimas Feridas";"Pleno dia";"Crescente";"Ceu Claro";"Simples";"Reta";"Urbano";1;0;0;1;0;0;1;1
83480493;"10/07/16";"Domingo";"17:15:00";"SP";381;"47,5";"ATIBAIA";"Falta de atenção";"Colisão lateral";"Com Vítimas Feridas";"Pleno dia";"Crescente";"Nublado";"Dupla";"Reta";"Rural";3;0;1;0;2;0;1;2
83480494;"10/07/16";"Domingo";"14:30:00";"RS";470;"157";"NOVA PRATA";"Velocidade incompatível";"Capotamento";"Com Vítimas Fatais";"Pleno dia";"Crescente";"Ceu Claro";"Simples";"Curva";"Rural";1;1;0;0;0;0;0;1
83480495;"10/07/16";"Domingo";"21:48:00";"MG";381;"918,4";"CAMANDUCAIA";"Velocidade incompatível";"Capotamento";"Sem Vítimas";"Plena noite";"Crescente";"Ceu Claro";"Simples";"Reta";"Rural";1;0;0;0;1;0;0;1
83480496;"10/07/16";"Domingo";"21:40:00";"RS";386;"434";"NOVA SANTA RITA";"Não guardar distância de segurança";"Colisão lateral";"Sem Vítimas";"Plena noite";"Crescente";"Nublado";"Dupla";"Reta";"Urbano";2;0;0;0;2;0;0;2
83480497;"10/07/16";"Domingo";"18:00:00";"RJ";116;"237";"PIRAI";"Desobediência à sinalização";"Colisão lateral";"Com Vítimas Feridas";"Plena noite";"Decrescente";"Ceu Claro";"Simples";"Cruzamento";"Urbano";2;0;1;0;1;0;1;2
83480498;"06/07/16";"Quarta";"17:00:00";"RJ";356;"7";"ITAPERUNA";"Ultrapassagem indevida";"Colisão lateral";"Com Vítimas Feridas";"Pleno dia";"Crescente";"Ceu Claro";"Simples";"Reta";"Rural";4;0;0;1;3;0;1;2
83480499;"10/07/16";"Domingo";"20:20:00";"SC";101;"116,8";"ITAJAI";"Outras";"Queda de motocicleta / bicicleta / veículo";"Com Vítimas Feridas";"Plena noite";"Crescente";"Ceu Claro";"Simples";"Reta";"Urbano";1;0;1;0;0;0;1;1
83480500;"10/07/16";"Domingo";"19:30:00";"MS";163;"471";"CAMPO GRANDE";"Falta de atenção";"Colisão traseira";"Com Vítimas Feridas";"Plena noite";"Crescente";"Ceu Claro";"Simples";"Reta";"Rural";3;0;2;0;1;0;2;2
83480502;"03/07/16";"Domingo";"02:30:00";"SP";381;"39";"ATIBAIA";"Falta de atenção";"Saída de Pista";"Com Vítimas Feridas";"Plena noite";"Decrescente";"Ceu Claro";"Dupla";"Reta";"Urbano";3;0;3;0;0;0;3;1
83480503;"10/07/16";"Domingo";"14:40:00";"PB";230;"85";"GURINHEM";"Ingestão de álcool";"Queda de motocicleta / bicicleta / veículo";"Com Vítimas Feridas";"Pleno dia";"Crescente";"Ceu Claro";"Dupla";"Reta";"Rural";1;0;0;1;0;0;1;1
83480504;"10/07/16";"Domingo";"13:15:00";"RO";364;"375";"OURO PRETO DO OESTE";"Ingestão de álcool";"Saída de Pista";"Com Vítimas Feridas";"Pleno dia";"Decrescente";"Sol";"Simples";"Reta";"Rural";1;0;1;0;0;0;1;1
83480505;"10/07/16";"Domingo";"18:11:00";"RO";319;"63,8";"PORTO VELHO";"Falta de atenção";"Colisão traseira";"Com Vítimas Feridas";"Anoitecer";"Crescente";"Ceu Claro";"Dupla";"Reta";"Urbano";2;0;1;0;0;1;1;2
83480507;"10/07/16";"Domingo";"17:30:00";"MG";365;"410";"PATOS DE MINAS";"Outras";"Colisão com objeto fixo";"Com Vítimas Fatais";"Anoitecer";"Crescente";"Ceu Claro";"Simples";"Reta";"Rural";1;1;0;0;0;0;0;1
83480508;"10/07/16";"Domingo";"12:45:00";"PR";116;"111";"CURITIBA";"Outras";"Saída de Pista";"Sem Vítimas";"Pleno dia";"Crescente";"Ceu Claro";"Dupla";"Reta";"Urbano";1;0;0;0;1;0;0;1
83480509;"10/07/16";"Domingo";"19:40:00";"PR";369;"95";"CORNELIO PROCOPIO";"Outras";"Queda de motocicleta / bicicleta / veículo";"Com Vítimas Feridas";"Plena noite";"Decrescente";"Ceu Claro";"Simples";"Curva";"Rural";2;0;2;0;0;0;2;1
83480510;"10/07/16";"Domingo";"15:40:00";"MG";354;"715,8";"CAXAMBU";"Outras";"Colisão frontal";"Com Vítimas Feridas";"Pleno dia";"Decrescente";"Sol";"Simples";"Curva";"Rural";4;0;2;1;1;0;3;2
83480511;"08/07/16";"Sexta";"19:00:00";"MG";365;"613";"UBERLANDIA";"Velocidade incompatível";"Colisão frontal";"Com Vítimas Feridas";"Plena noite";"Crescente";"Ceu Claro";"Simples";"Reta";"Urbano";2;0;0;1;1;0;1;2
83480512;"10/07/16";"Domingo";"21:40:00";"SC";101;"403,5";"MARACAJA";"Falta de atenção";"Capotamento";"Sem Vítimas";"Plena noite";"Decrescente";"Ceu Claro";"Dupla";"Reta";"Urbano";1;0;0;0;1;0;0;1
83480513;"10/07/16";"Domingo";"18:50:00";"MS";262;"368";"TERENOS";"Ingestão de álcool";"Colisão traseira";"Sem Vítimas";"Plena noite";"Decrescente";"Ceu Claro";"Simples";"Reta";"Rural";4;0;0;0;4;0;0;2
83480514;"10/07/16";"Domingo";"19:50:00";"RS";472;"575";"URUGUAIANA";"Desobediência à sinalização";"Colisão traseira";"Sem Vítimas";"Anoitecer";"Crescente";"Ceu Claro";"Simples";"Cruzamento";"Urbano";3;0;0;0;3;0;0;2
83480515;"10/07/16";"Domingo";"17:00:00";"PR";277;"8";"PARANAGUA";"Outras";"Saída de Pista";"Sem Vítimas";"Pleno dia";"Decrescente";"Sol";"Dupla";"Reta";"Rural";2;0;0;0;2;0;0;1
83480516;"10/07/16";"Domingo";"22:50:00";"SC";470;"74,2";"INDAIAL";"Outras";"Colisão Transversal";"Sem Vítimas";"Plena noite";"Crescente";"Ceu Claro";"Simples";"Reta";"Urbano";2;0;0;0;2;0;0;2
83480517;"09/07/16";"Sábado";"15:30:00";"MT";364;"341";"SANTO ANTONIO DO LEVERGER";"Não guardar distância de segurança";"Colisão traseira";"Sem Vítimas";"Pleno dia";"Decrescente";"Ceu Claro";"Simples";"Reta";"Rural";2;0;0;0;1;1;0;2
83480518;"10/07/16";"Domingo";"17:02:00";"RN";406;"103,8";"JOAO CAMARA";"Outras";"Colisão Transversal";"Com Vítimas Fatais";"Pleno dia";"Crescente";"Ceu Claro";"Simples";"Reta";"Urbano";3;1;0;1;0;1;1;2
83480519;"08/07/16";"Sexta";"21:00:00";"GO";20;"189";"POSSE";"Defeito mecânico em veículo";"Incêndio";"Sem Vítimas";"Plena noite";"Decrescente";"Ceu Claro";"Simples";"Reta";"Rural";1;0;0;0;1;0;0;1
83480520;"04/07/16";"Segunda";"07:45:00";"GO";153;"621";"MORRINHOS";"Dormindo";"Capotamento";"Sem Vítimas";"Pleno dia";"Crescente";"Ceu Claro";"Dupla";"Reta";"Rural";1;0;0;0;1;0;0;1
83480521;"10/07/16";"Domingo";"22:30:00";"RJ";101;"503";"ANGRA DOS REIS";"Falta de atenção";"Colisão Transversal";"Com Vítimas Feridas";"Plena noite";"Crescente";"Ceu Claro";"Simples";"Reta";"Rural";2;0;1;0;1;0;1;2
83480522;"10/07/16";"Domingo";"18:30:00";"MS";262;"6,3";"TRES LAGOAS";"Falta de atenção";"Colisão traseira";"Com Vítimas Feridas";"Plena noite";"Decrescente";"Ceu Claro";"Dupla";"Reta";"Urbano";2;0;1;0;1;0;1;2
83480523;"10/07/16";"Domingo";"21:30:00";"PR";376;"346,5";"ORTIGUEIRA";"Falta de atenção";"Tombamento";"Com Vítimas Feridas";"Plena noite";"Decrescente";"Ceu Claro";"Simples";"Curva";"Rural";1;0;0;1;0;0;1;1
83480524;"10/07/16";"Domingo";"21:40:00";"BA";242;"188";"ITABERABA";"Falta de atenção";"Colisão com objeto fixo";"Com Vítimas Feridas";"Plena noite";"Crescente";"Ignorada";"Simples";"Reta";"Rural";1;0;1;0;0;0;1;1
83480525;"10/07/16";"Domingo";"18:00:00";"RJ";116;"187";"QUEIMADOS";"Outras";"Capotamento";"Com Vítimas Feridas";"Plena noite";"Crescente";"Ceu Claro";"Dupla";"Reta";"Rural";2;0;2;0;0;0;2;1
83480526;"10/07/16";"Domingo";"20:50:00";"SP";116;"444,9";"REGISTRO";"Ingestão de álcool";"Colisão traseira";"Sem Vítimas";"Plena noite";"Decrescente";"Nublado";"Dupla";"Reta";"Urbano";2;0;0;0;2;0;0;2
83480527;"10/07/16";"Domingo";"14:40:00";"PR";369;"132";"IBIPORA";"Ingestão de álcool";"Colisão traseira";"Com Vítimas Feridas";"Pleno dia";"Crescente";"Ceu Claro";"Dupla";"Curva";"Urbano";4;0;1;0;3;0;1;2
83480528;"10/07/16";"Domingo";"17:00:00";"SP";116;"269";"TABOAO DA SERRA";"Outras";"Atropelamento de pessoa";"Com Vítimas Feridas";"Anoitecer";"Decrescente";"Chuva";"Dupla";"Reta";"Urbano";2;0;1;0;0;1;1;1
83480529;"10/07/16";"Domingo";"23:00:00";"PR";277;"326,7";"GUARAPUAVA";"Outras";"Saída de Pista";"Com Vítimas Feridas";"Plena noite";"Crescente";"Ceu Claro";"Simples";"Reta";"Rural";2;0;1;0;0;1;1;1
83480530;"10/07/16";"Domingo";"19:30:00";"PI";407;"432";"GEMINIANO";"Outras";"Saída de Pista";"Com Vítimas Feridas";"Plena noite";"Decrescente";"Ceu Claro";"Simples";"Reta";"Rural";2;0;2;0;0;0;2;1
83480531;"10/07/16";"Domingo";"22:35:00";"PE";232;"407,4";"SERRA TALHADA";"Animais na Pista";"Atropelamento de animal";"Com Vítimas Fatais";"Plena noite";"Decrescente";"Ceu Claro";"Simples";"Reta";"Urbano";1;1;0;0;0;0;0;1
83480532;"10/07/16";"Domingo";"18:40:00";"MT";163;"593";"NOVA MUTUM";"Defeito mecânico em veículo";"Queda de motocicleta / bicicleta / veículo";"Com Vítimas Feridas";"Plena noite";"Crescente";"Ceu Claro";"Simples";"Reta";"Urbano";1;0;0;1;0;0;1;1
83480533;"10/07/16";"Domingo";"16:40:00";"GO";40;"15";"LUZIANIA";"Ingestão de álcool";"Colisão com bicicleta";"Com Vítimas Feridas";"Pleno dia";"Crescente";"Ceu Claro";"Dupla";"Reta";"Rural";2;0;1;0;1;0;1;2
83480534;"11/07/16";"Segunda";"00:05:00";"PR";277;"660,2";"MATELANDIA";"Velocidade incompatível";"Capotamento";"Com Vítimas Feridas";"Plena noite";"Decrescente";"Ceu Claro";"Simples";"Curva";"Rural";3;0;1;0;2;0;1;2
83480535;"11/07/16";"Segunda";"00:30:00";"SP";116;"107";"TAUBATE";"Outras";"Colisão com objeto fixo";"Sem Vítimas";"Plena noite";"Decrescente";"Ceu Claro";"Dupla";"Reta";"Urbano";2;0;0;0;2;0;0;1
83480536;"11/07/16";"Segunda";"00:30:00";"SC";101;"73";"ARAQUARI";"Outras";"Queda de motocicleta / bicicleta / veículo";"Com Vítimas Feridas";"Plena noite";"Decrescente";"Ceu Claro";"Dupla";"Reta";"Rural";4;0;1;0;3;0;1;2
83480537;"10/07/16";"Domingo";"20:10:00";"BA";415;"59";"ITABUNA";"Falta de atenção";"Queda de motocicleta / bicicleta / veículo";"Com Vítimas Feridas";"Plena noite";"Decrescente";"Ceu Claro";"Simples";"Curva";"Rural";1;0;1;0;0;0;1;1
83480538;"10/07/16";"Domingo";"15:20:00";"PR";376;"587";"CURITIBA";"Velocidade incompatível";"Saída de Pista";"Com Vítimas Feridas";"Pleno dia";"Decrescente";"Ceu Claro";"Dupla";"Curva";"Urbano";1;0;1;0;0;0;1;1
83480539;"10/07/16";"Domingo";"10:35:00";"GO";153;"636";"MORRINHOS";"Outras";"Saída de Pista";"Sem Vítimas";"Pleno dia";"Decrescente";"Ceu Claro";"Dupla";"Reta";"Rural";5;0;0;0;5;0;0;1
83480540;"10/07/16";"Domingo";"18:30:00";"AC";364;"154,2";"BUJARI";"Falta de atenção";"Atropelamento de pessoa";"Com Vítimas Feridas";"Anoitecer";"Crescente";"Ceu Claro";"Simples";"Reta";"Rural";2;0;0;1;1;0;1;1
83480541;"11/07/16";"Segunda";"01:00:00";"SC";282;"586,9";"SAUDADES";"Defeito mecânico em veículo";"Capotamento";"Sem Vítimas";"Plena noite";"Crescente";"Ceu Claro";"Simples";"Reta";"Rural";2;0;0;0;2;0;0;1
83480542;"10/07/16";"Domingo";"18:30:00";"SP";459;"10";"PIQUETE";"Defeito mecânico em veículo";"Capotamento";"Com Vítimas Feridas";"Plena noite";"Crescente";"Ceu Claro";"Simples";"Reta";"Rural";2;0;1;0;1;0;1;1
83480543;"10/07/16";"Domingo";"17:50:00";"MT";163;"859";"SINOP";"Falta de atenção";"Saída de Pista";"Com Vítimas Fatais";"Anoitecer";"Decrescente";"Ceu Claro";"Simples";"Reta";"Rural";2;1;1;0;0;0;1;1
83480544;"10/07/16";"Domingo";"20:15:00";"SC";101;"272,8";"IMBITUBA";"Ingestão de álcool";"Colisão frontal";"Com Vítimas Feridas";"Plena noite";"Decrescente";"Ceu Claro";"Simples";"Curva";"Urbano";2;0;1;0;1;0;1;2
83480545;"10/07/16";"Domingo";"13:30:00";"BA";324;"584";"CANDEIAS";"Outras";"Queda de motocicleta / bicicleta / veículo";"Com Vítimas Feridas";"Pleno dia";"Crescente";"Nublado";"Dupla";"Reta";"Rural";2;0;1;0;0;1;1;2
83480546;"10/06/16";"Sexta";"23:15:00";"RO";174;"17";"VILHENA";"Ingestão de álcool";"Saída de Pista";"Com Vítimas Feridas";"Plena noite";"Crescente";"Ceu Claro";"Dupla";"Reta";"Urbano";2;0;1;0;1;0;1;1
83480547;"10/07/16";"Domingo";"20:10:00";"BA";407;"100";"JAGUARARI";"Outras";"Colisão Transversal";"Com Vítimas Feridas";"Plena noite";"Crescente";"Nublado";"Simples";"Reta";"Rural";7;0;7;0;0;0;7;2
83480548;"10/07/16";"Domingo";"15:30:00";"MG";381;"490,5";"BETIM";"Falta de atenção";"Queda de motocicleta / bicicleta / veículo";"Com Vítimas Feridas";"Pleno dia";"Decrescente";"Ceu Claro";"Dupla";"Reta";"Urbano";2;0;2;0;0;0;2;1
83480549;"10/07/16";"Domingo";"13:15:00";"PE";101;"67";"RECIFE";"Não guardar distância de segurança";"Colisão traseira";"Sem Vítimas";"Pleno dia";"Decrescente";"Ceu Claro";"Dupla";"Reta";"Urbano";3;0;0;0;3;0;0;3
83480550;"11/07/16";"Segunda";"01:00:00";"MG";153;"213";"FRUTAL";"Velocidade incompatível";"Saída de Pista";"Com Vítimas Feridas";"Plena noite";"Decrescente";"Ceu Claro";"Simples";"Curva";"Rural";2;0;2;0;0;0;2;1
83480551;"10/07/16";"Domingo";"08:40:00";"MG";116;"313,3";"ITAMBACURI";"Falta de atenção";"Colisão lateral";"Com Vítimas Feridas";"Pleno dia";"Crescente";"Ceu Claro";"Simples";"Reta";"Rural";4;0;1;0;3;0;1;2
83480552;"10/07/16";"Domingo";"19:00:00";"PE";232;"133";"CARUARU";"Não guardar distância de segurança";"Colisão traseira";"Com Vítimas Feridas";"Plena noite";"Decrescente";"Ceu Claro";"Dupla";"Reta";"Rural";5;0;3;0;2;0;3;3
83480553;"10/07/16";"Domingo";"11:30:00";"SP";381;"58";"MAIRIPORA";"Outras";"Colisão traseira";"Com Vítimas Feridas";"Pleno dia";"Crescente";"Nublado";"Dupla";"Reta";"Rural";2;0;1;0;1;0;1;2
83480554;"10/07/16";"Domingo";"20:05:00";"PB";230;"84,3";"CALDAS BRANDAO";"Velocidade incompatível";"Colisão traseira";"Sem Vítimas";"Plena noite";"Crescente";"Ceu Claro";"Dupla";"Reta";"Rural";2;0;0;0;2;0;0;2
83480555;"10/07/16";"Domingo";"18:20:00";"PR";116;"109";"CURITIBA";"Falta de atenção";"Saída de Pista";"Com Vítimas Feridas";"Plena noite";"Crescente";"Ceu Claro";"Múltipla";"Reta";"Rural";2;0;2;0;0;0;2;1
83480556;"10/07/16";"Domingo";"22:20:00";"BA";116;"843";"VITORIA DA CONQUISTA";"Falta de atenção";"Colisão frontal";"Com Vítimas Fatais";"Plena noite";"Decrescente";"Ceu Claro";"Simples";"Reta";"Rural";3;1;1;1;0;0;2;2
83480557;"10/07/16";"Domingo";"17:45:00";"MG";381;"734,5";"CARMO DA CACHOEIRA";"Desobediência à sinalização";"Colisão traseira";"Com Vítimas Feridas";"Anoitecer";"Decrescente";"Ignorada";"Dupla";"Reta";"Rural";4;0;2;0;2;0;2;2
83480558;"10/07/16";"Domingo";"19:50:00";"GO";50;"265";"CATALAO";"Falta de atenção";"Colisão lateral";"Sem Vítimas";"Plena noite";"Decrescente";"Ceu Claro";"Simples";"Reta";"Rural";6;0;0;0;6;0;0;2
83480560;"10/07/16";"Domingo";"23:35:00";"AL";316;"247";"ATALAIA";"Dormindo";"Colisão Transversal";"Sem Vítimas";"Plena noite";"Crescente";"Ignorada";"Simples";"Reta";"Rural";2;0;0;0;2;0;0;2
83480561;"10/07/16";"Domingo";"23:50:00";"MG";153;"128";"PRATA";"Ingestão de álcool";"Colisão lateral";"Com Vítimas Feridas";"Plena noite";"Decrescente";"Ceu Claro";"Simples";"Reta";"Rural";3;0;2;0;1;0;2;2
83480563;"11/07/16";"Segunda";"00:05:00";"RS";470;"192";"VERANOPOLIS";"Outras";"Capotamento";"Sem Vítimas";"Plena noite";"Crescente";"Chuva";"Simples";"Reta";"Rural";3;0;0;0;3;0;0;1
83480564;"10/07/16";"Domingo";"15:45:00";"GO";414;"282";"VILA PROPICIO";"Falta de atenção";"Colisão lateral";"Sem Vítimas";"Pleno dia";"Decrescente";"Sol";"Simples";"Curva";"Rural";5;0;0;0;3;2;0;2
83480565;"11/07/16";"Segunda";"01:50:00";"AL";101;"131,1";"SAO MIGUEL DOS CAMPOS";"Outras";"Colisão Transversal";"Com Vítimas Feridas";"Plena noite";"Crescente";"Chuva";"Simples";"Curva";"Urbano";3;0;2;0;1;0;2;2
83480566;"11/07/16";"Segunda";"04:00:00";"MG";381;"511";"IGARAPE";"Falta de atenção";"Colisão com objeto fixo";"Com Vítimas Feridas";"Plena noite";"Crescente";"Ceu Claro";"Simples";"Reta";"Urbano";3;0;1;0;2;0;1;1
83480567;"07/07/16";"Quinta";"15:50:00";"SP";116;"64,4";"GUARATINGUETA";"Defeito mecânico em veículo";"Derramamento de Carga";"Sem Vítimas";"Pleno dia";"Decrescente";"Ceu Claro";"Dupla";"Reta";"Urbano";1;0;0;0;1;0;0;1
83480568;"11/07/16";"Segunda";"03:30:00";"SP";116;"67,5";"APARECIDA";"Outras";"Colisão com objeto fixo";"Com Vítimas Feridas";"Plena noite";"Decrescente";"Ceu Claro";"Dupla";"Reta";"Rural";1;0;1;0;0;0;1;1
83480569;"10/07/16";"Domingo";"20:30:00";"SE";101;"91";"NOSSA SENHORA DO SOCORRO";"Falta de atenção";"Colisão traseira";"Com Vítimas Feridas";"Plena noite";"Crescente";"Chuva";"Dupla";"Reta";"Rural";4;0;3;0;1;0;3;2
83480571;"10/07/16";"Domingo";"14:30:00";"MA";222;"297";"VITORIA DO MEARIM";"Outras";"Saída de Pista";"Com Vítimas Feridas";"Pleno dia";"Crescente";"Chuva";"Simples";"Reta";"Rural";2;0;1;1;0;0;2;1
83480573;"10/07/16";"Domingo";"18:30:00";"SC";101;"410,5";"ARARANGUA";"Outras";"Colisão com objeto fixo";"Com Vítimas Feridas";"Plena noite";"Decrescente";"Nublado";"Simples";"Cruzamento";"Urbano";1;0;1;0;0;0;1;1
83480574;"10/07/16";"Domingo";"23:35:00";"BA";101;"808,9";"ITAMARAJU";"Outras";"Colisão Transversal";"Com Vítimas Feridas";"Plena noite";"Crescente";"Ceu Claro";"Simples";"Reta";"Urbano";2;0;1;0;1;0;1;2
83480575;"10/07/16";"Domingo";"21:15:00";"SC";101;"278,8";"IMBITUBA";"Ingestão de álcool";"Colisão lateral";"Com Vítimas Feridas";"Plena noite";"Crescente";"Ignorada";"Simples";"Reta";"Rural";3;0;1;1;1;0;2;2
83480576;"10/07/16";"Domingo";"22:00:00";"SC";470;"178";"POUSO REDONDO";"Falta de atenção";"Tombamento";"Sem Vítimas";"Plena noite";"Crescente";"Nevoeiro/neblina";"Simples";"Reta";"Urbano";1;0;0;0;1;0;0;1
83480577;"10/07/16";"Domingo";"18:40:00";"MG";267;"297,5";"BAEPENDI";"Outras";"Atropelamento de pessoa";"Com Vítimas Fatais";"Plena noite";"Decrescente";"Ceu Claro";"Simples";"Reta";"Rural";5;1;0;0;4;0;0;1
83480578;"10/07/16";"Domingo";"22:50:00";"MT";364;"364";"SANTO ANTONIO DO LEVERGER";"Animais na Pista";"Atropelamento de animal";"Sem Vítimas";"Plena noite";"Crescente";"Ceu Claro";"Simples";"Reta";"Rural";1;0;0;0;1;0;0;1
83480579;"11/07/16";"Segunda";"04:00:00";"SP";116;"516";"CAJATI";"Falta de atenção";"Colisão traseira";"Sem Vítimas";"Plena noite";"Crescente";"Ceu Claro";"Dupla";"Reta";"Rural";2;0;0;0;2;0;0;2
83480580;"10/07/16";"Domingo";"20:20:00";"RJ";116;"292,8";"PORTO REAL";"Falta de atenção";"Colisão com objeto fixo";"Sem Vítimas";"Plena noite";"Decrescente";"Ceu Claro";"Dupla";"Reta";"Rural";1;0;0;0;1;0;0;1
83480581;"10/07/16";"Domingo";"21:15:00";"MG";40;"799,1";"JUIZ DE FORA";"Velocidade incompatível";"Saída de Pista";"Sem Vítimas";"Plena noite";"Crescente";"Ceu Claro";"Dupla";"Cruzamento";"Urbano";1;0;0;0;1;0;0;1
83480582;"11/07/16";"Segunda";"06:50:00";"RS";386;"428";"NOVA SANTA RITA";"Falta de atenção";"Colisão lateral";"Sem Vítimas";"Plena noite";"Decrescente";"Chuva";"Dupla";"Reta";"Rural";2;0;0;0;2;0;0;2
83480583;"11/07/16";"Segunda";"00:15:00";"MG";262;"13";"MARTINS SOARES";"Dormindo";"Saída de Pista";"Com Vítimas Feridas";"Plena noite";"Decrescente";"Ceu Claro";"Simples";"Reta";"Rural";1;0;1;0;0;0;1;1
83480584;"11/07/16";"Segunda";"07:00:00";"RS";386;"339";"LAJEADO";"Falta de atenção";"Colisão Transversal";"Sem Vítimas";"Amanhecer";"Crescente";"Chuva";"Simples";"Reta";"Rural";2;0;0;0;2;0;0;2
83480585;"10/07/16";"Domingo";"18:30:00";"RO";364;"1064";"PORTO VELHO";"Defeito na via";"Colisão frontal";"Com Vítimas Fatais";"Plena noite";"Crescente";"Ceu Claro";"Simples";"Reta";"Rural";5;1;0;0;3;1;0;2
83480586;"11/07/16";"Segunda";"06:30:00";"PR";116;"102";"SAO JOSE DOS PINHAIS";"Falta de atenção";"Colisão com objeto fixo";"Com Vítimas Feridas";"Amanhecer";"Crescente";"Ceu Claro";"Dupla";"Reta";"Urbano";3;0;1;2;0;0;3;1
83480587;"02/07/16";"Sábado";"07:40:00";"MG";365;"461";"PATROCINIO";"Outras";"Colisão traseira";"Com Vítimas Feridas";"Pleno dia";"Decrescente";"Ceu Claro";"Simples";"Cruzamento";"Rural";3;0;1;0;2;0;1;2
83480588;"10/07/16";"Domingo";"18:40:00";"AC";364;"134";"RIO BRANCO";"Falta de atenção";"Colisão Transversal";"Com Vítimas Feridas";"Anoitecer";"Decrescente";"Ceu Claro";"Dupla";"Reta";"Urbano";3;0;2;0;1;0;2;2
83480590;"08/07/16";"Sexta";"05:00:00";"RJ";101;"293";"ITABORAI";"Outras";"Tombamento";"Com Vítimas Feridas";"Amanhecer";"Crescente";"Ceu Claro";"Dupla";"Curva";"Urbano";3;0;3;0;0;0;3;1
83480591;"11/07/16";"Segunda";"07:35:00";"MG";381;"888,3";"CAMBUI";"Falta de atenção";"Saída de Pista";"Sem Vítimas";"Amanhecer";"Crescente";"Ceu Claro";"Simples";"Reta";"Rural";1;0;0;0;1;0;0;1
83480592;"11/07/16";"Segunda";"07:05:00";"PR";116;"141,5";"MANDIRITUBA";"Falta de atenção";"Colisão Transversal";"Com Vítimas Feridas";"Amanhecer";"Crescente";"Ceu Claro";"Dupla";"Curva";"Urbano";2;0;1;0;1;0;1;2
83480593;"08/07/16";"Sexta";"05:45:00";"PR";376;"600";"CURITIBA";"Velocidade incompatível";"Colisão com objeto fixo";"Com Vítimas Feridas";"Plena noite";"Crescente";"Ceu Claro";"Dupla";"Curva";"Urbano";2;0;1;1;0;0;2;1