"id";"data_inversa";"dia_semana";"horario";"uf";"br";"km";"municipio";"causa_acidente";"tipo_acidente";"classificacao_acidente";"fase_dia";"sentido_via";"condicao_metereologica";"tipo_pista";"tracado_via";"uso_solo";"pessoas";"mortos";"feridos_leves";"feridos_graves";"ilesos";"ignorados";"feridos";"veiculos"
83480717;"11/07/16";"Segunda";"14:30:00";"SP";153;"214,8";"GUAIMBE";"Outras";"Colisão traseira";"Sem Vítimas";"Pleno dia";"Decrescente";"Ceu Claro";"Simples";"Reta";"Rural";2;0;0;0;2;0;0;2
83480718;"11/07/16";"Segunda";"13:50:00";"SC";101;"123,5";"NAVEGANTES";"Falta de atenção";"Colisão lateral";"Sem Vítimas";"Pleno dia";"Crescente";"Sol";"Dupla";"Reta";"Urbano";2;0;0;0;2;0;0;2
83480719;"07/07/16";"Quinta";"21:40:00";"DF";80;"29";"BRASILIA";"Falta de atenção";"Capotamento";"Ignorado";"Plena noite";"Decrescente";"Ceu Claro";"Simples";"Curva";"Rural";1;0;0;0;0;1;0;1
83480720;"09/07/16";"Sábado";"04:00:00";"SP";381;"57";"MAIRIPORA";"Velocidade incompatível";"Colisão traseira";"Com Vítimas Feridas";"Plena noite";"Decrescente";"Nublado";"Dupla";"Curva";"Rural";4;0;3;0;1;0;3;2
83480721;"11/07/16";"Segunda";"16:20:00";"PA";316;"8,5";"ANANINDEUA";"Falta de atenção";"Colisão lateral";"Com Vítimas Feridas";"Pleno dia";"Crescente";"Nublado";"Dupla";"Reta";"Urbano";2;0;1;0;1;0;1;2
83480722;"11/07/16";"Segunda";"11:56:00";"SP";116;"219,8";"GUARULHOS";"Falta de atenção";"Colisão lateral";"Com Vítimas Feridas";"Pleno dia";"Decrescente";"Sol";"Múltipla";"Reta";"Urbano";2;0;1;0;1;0;1;2
83480723;"11/07/16";"Segunda";"11:30:00";"PR";277;"99,5";"CURITIBA";"Outras";"Incêndio";"Sem Vítimas";"Pleno dia";"Decrescente";"Ceu Claro";"Dupla";"Reta";"Urbano";1;0;0;0;1;0;0;1
83480724;"11/07/16";"Segunda";"09:35:00";"CE";222;"149";"IRAUCUBA";"Animais na Pista";"Colisão traseira";"Sem Vítimas";"Pleno dia";"Crescente";"Ceu Claro";"Simples";"Reta";"Urbano";2;0;0;0;2;0;0;2
83480725;"11/07/16";"Segunda";"11:00:00";"MT";163;"79,8";"ITIQUIRA";"Outras";"Tombamento";"Com Vítimas Feridas";"Pleno dia";"Decrescente";"Ceu Claro";"Dupla";"Reta";"Rural";2;0;2;0;0;0;2;1
83480726;"10/07/16";"Domingo";"06:30:00";"PR";487;"159";"ARARUNA";"Outras";"Colisão frontal";"Com Vítimas Fatais";"Amanhecer";"Crescente";"Ceu Claro";"Simples";"Reta";"Rural";3;1;2;0;0;0;2;2
83480727;"11/07/16";"Segunda";"14:10:00";"RJ";116;"305";"RESENDE";"Outras";"Colisão traseira";"Sem Vítimas";"Pleno dia";"Crescente";"Ceu Claro";"Simples";"Reta";"Urbano";4;0;0;0;4;0;0;2
83480728;"24/06/16";"Sexta";"00:30:00";"PE";424;"90,2";"GARANHUNS";"Outras";"Atropelamento de pessoa";"Com Vítimas Fatais";"Plena noite";"Crescente";"Ceu Claro";"Simples";"Curva";"Urbano";3;1;0;1;0;1;1;1
83480729;"07/07/16";"Quinta";"08:40:00";"MG";40;"496";"SETE LAGOAS";"Falta de atenção";"Colisão lateral";"Com Vítimas Feridas";"Pleno dia";"Crescente";"Sol";"Dupla";"Curva";"Rural";2;0;1;0;1;0;1;2
83480731;"11/07/16";"Segunda";"15:30:00";"PE";316;"328,5";"FLORESTA";"Animais na Pista";"Capotamento";"Com Vítimas Feridas";"Pleno dia";"Crescente";"Sol";"Simples";"Reta";"Rural";2;0;2;0;0;0;2;1
83480732;"11/07/16";"Segunda";"07:30:00";"PR";373;"435";"CHOPINZINHO";"Falta de atenção";"Tombamento";"Sem Vítimas";"Pleno dia";"Crescente";"Ceu Claro";"Simples";"Reta";"Rural";1;0;0;0;1;0;0;1
83480733;"11/07/16";"Segunda";"17:15:00";"BA";116;"422";"FEIRA DE SANTANA";"Desobediência à sinalização";"Colisão Transversal";"Sem Vítimas";"Anoitecer";"Decrescente";"Ceu Claro";"Simples";"Reta";"Urbano";2;0;0;0;1;1;0;2
83480734;"11/07/16";"Segunda";"09:30:00";"BA";135;"192";"BARREIRAS";"Defeito mecânico em veículo";"Saída de Pista";"Com Vítimas Feridas";"Pleno dia";"Crescente";"Ceu Claro";"Simples";"Reta";"Rural";1;0;1;0;0;0;1;1
83480735;"11/07/16";"Segunda";"05:00:00";"MA";135;"287,5";"SANTO ANTONIO DOS LOPES";"Dormindo";"Colisão frontal";"Com Vítimas Fatais";"Amanhecer";"Crescente";"Ceu Claro";"Simples";"Reta";"Rural";2;1;1;0;0;0;1;2
83480736;"08/07/16";"Sexta";"12:00:00";"CE";402;"298";"UMIRIM";"Outras";"Saída de Pista";"Sem Vítimas";"Pleno dia";"Decrescente";"Ceu Claro";"Simples";"Reta";"Rural";5;0;0;0;1;4;0;1
83480737;"11/07/16";"Segunda";"10:50:00";"RJ";116;"76";"TERESOPOLIS";"Falta de atenção";"Colisão Transversal";"Com Vítimas Fatais";"Pleno dia";"Decrescente";"Ceu Claro";"Simples";"Reta";"Urbano";3;1;0;1;1;0;1;2
83480738;"11/07/16";"Segunda";"15:00:00";"RS";116;"390,7";"CAMAQUA";"Ultrapassagem indevida";"Colisão frontal";"Com Vítimas Feridas";"Pleno dia";"Crescente";"Chuva";"Simples";"Reta";"Urbano";4;0;3;0;1;0;3;2
83480739;"11/07/16";"Segunda";"08:30:00";"PA";153;"50";"SAO DOMINGOS DO ARAGUAIA";"Outras";"Colisão frontal";"Com Vítimas Fatais";"Pleno dia";"Crescente";"Ceu Claro";"Simples";"Curva";"Rural";4;1;0;0;3;0;0;2
83480740;"10/07/16";"Domingo";"10:05:00";"AP";210;"6";"MACAPA";"Falta de atenção";"Tombamento";"Com Vítimas Feridas";"Pleno dia";"Crescente";"Ceu Claro";"Dupla";"Curva";"Urbano";1;0;1;0;0;0;1;1
83480741;"03/07/16";"Domingo";"16:00:00";"RJ";393;"251";"BARRA DO PIRAI";"Outras";"Atropelamento de pessoa";"Com Vítimas Feridas";"Pleno dia";"Decrescente";"Ceu Claro";"Dupla";"Curva";"Urbano";2;0;0;1;1;0;1;1
83480742;"07/07/16";"Quinta";"15:30:00";"RJ";40;"124";"DUQUE DE CAXIAS";"Outras";"Colisão lateral";"Com Vítimas Feridas";"Pleno dia";"Crescente";"Ceu Claro";"Dupla";"Reta";"Urbano";2;0;1;0;0;1;1;2
83480743;"11/07/16";"Segunda";"09:40:00";"RS";293;"181";"BAGE";"Outras";"Saída de Pista";"Com Vítimas Feridas";"Pleno dia";"Decrescente";"Chuva";"Simples";"Reta";"Rural";3;0;2;0;1;0;2;1
83480744;"09/07/16";"Sábado";"00:30:00";"PE";232;"374,6";"FLORES";"Velocidade incompatível";"Saída de Pista";"Sem Vítimas";"Plena noite";"Decrescente";"Ceu Claro";"Simples";"Curva";"Rural";2;0;0;0;2;0;0;1
83480745;"11/07/16";"Segunda";"16:30:00";"SC";101;"303,7";"LAGUNA";"Falta de atenção";"Capotamento";"Com Vítimas Feridas";"Pleno dia";"Decrescente";"Nublado";"Dupla";"Reta";"Rural";1;0;1;0;0;0;1;1
83480746;"11/07/16";"Segunda";"17:30:00";"RJ";393;"164";"TRES RIOS";"Falta de atenção";"Colisão lateral";"Com Vítimas Feridas";"Anoitecer";"Decrescente";"Ceu Claro";"Simples";"Curva";"Rural";4;0;2;0;2;0;2;2
83480747;"11/07/16";"Segunda";"16:30:00";"GO";153;"522,5";"HIDROLANDIA";"Outras";"Saída de Pista";"Com Vítimas Feridas";"Pleno dia";"Decrescente";"Ceu Claro";"Dupla";"Reta";"Rural";5;0;1;0;4;0;1;1
83480748;"11/07/16";"Segunda";"17:50:00";"SC";101;"85,1";"BARRA VELHA";"Falta de atenção";"Colisão Transversal";"Com Vítimas Feridas";"Anoitecer";"Crescente";"Nublado";"Dupla";"Reta";"Rural";2;0;1;0;1;0;1;2
83480749;"11/07/16";"Segunda";"13:00:00";"PI";343;"253,9";"CAMPO MAIOR";"Falta de atenção";"Colisão lateral";"Com Vítimas Feridas";"Pleno dia";"Decrescente";"Ceu Claro";"Simples";"Reta";"Rural";4;0;1;2;1;0;3;2
83480751;"11/07/16";"Segunda";"13:45:00";"PR";476;"133,2";"CURITIBA";"Falta de atenção";"Colisão traseira";"Com Vítimas Feridas";"Pleno dia";"Decrescente";"Ceu Claro";"Múltipla";"Reta";"Urbano";2;0;1;0;1;0;1;2
83480752;"04/07/16";"Segunda";"16:00:00";"RJ";116;"169";"SAO JOAO DE MERITI";"Desobediência à sinalização";"Queda de motocicleta / bicicleta / veículo";"Com Vítimas Feridas";"Pleno dia";"Crescente";"Ceu Claro";"Múltipla";"Reta";"Urbano";1;0;1;0;0;0;1;1
83480753;"08/07/16";"Sexta";"03:40:00";"DF";70;"7";"BRASILIA";"Outras";"Colisão com objeto fixo";"Ignorado";"Amanhecer";"Decrescente";"Ceu Claro";"Dupla";"Reta";"Urbano";1;0;0;0;0;1;0;1
83480754;"05/06/16";"Domingo";"11:50:00";"MG";262;"388,4";"FLORESTAL";"Falta de atenção";"Colisão Transversal";"Com Vítimas Fatais";"Pleno dia";"Crescente";"Ceu Claro";"Dupla";"Reta";"Urbano";3;2;0;0;1;0;0;2
83480755;"10/07/16";"Domingo";"04:30:00";"BA";324;"392,6";"GAVIAO";"Ingestão de álcool";"Atropelamento de pessoa";"Com Vítimas Fatais";"Amanhecer";"Crescente";"Nublado";"Simples";"Reta";"Rural";6;1;1;0;4;0;1;2
83480756;"11/07/16";"Segunda";"15:00:00";"MS";267;"481,5";"JARDIM";"Animais na Pista";"Atropelamento de animal";"Com Vítimas Feridas";"Pleno dia";"Decrescente";"Ceu Claro";"Simples";"Reta";"Urbano";1;0;1;0;0;0;1;1
83480757;"11/07/16";"Segunda";"17:15:00";"SC";101;"402,2";"MARACAJA";"Falta de atenção";"Saída de Pista";"Sem Vítimas";"Anoitecer";"Decrescente";"Chuva";"Dupla";"Reta";"Urbano";1;0;0;0;1;0;0;1
83480758;"09/07/16";"Sábado";"19:00:00";"SP";381;"83";"SAO PAULO";"Defeito mecânico em veículo";"Queda de motocicleta / bicicleta / veículo";"Com Vítimas Feridas";"Plena noite";"Decrescente";"Nublado";"Múltipla";"Reta";"Urbano";2;0;2;0;0;0;2;1
83480759;"11/07/16";"Segunda";"14:15:00";"GO";60;"378,9";"RIO VERDE";"Dormindo";"Saída de Pista";"Com Vítimas Feridas";"Pleno dia";"Crescente";"Sol";"Dupla";"Reta";"Rural";2;0;1;0;1;0;1;1
83480760;"11/07/16";"Segunda";"15:30:00";"MT";364;"255";"JUSCIMEIRA";"Não guardar distância de segurança";"Colisão traseira";"Sem Vítimas";"Pleno dia";"Decrescente";"Sol";"Simples";"Reta";"Rural";3;0;0;0;3;0;0;3
83480761;"11/07/16";"Segunda";"18:30:00";"PE";316;"85";"OURICURI";"Outras";"Capotamento";"Sem Vítimas";"Amanhecer";"Crescente";"Ceu Claro";"Simples";"Reta";"Rural";2;0;0;0;1;1;0;2
83480762;"11/07/16";"Segunda";"15:00:00";"RJ";116;"166";"RIO DE JANEIRO";"Falta de atenção";"Colisão traseira";"Com Vítimas Feridas";"Pleno dia";"Crescente";"Ceu Claro";"Múltipla";"Reta";"Urbano";2;0;1;0;1;0;1;2
83480763;"11/07/16";"Segunda";"16:30:00";"MA";135;"6,2";"SAO LUIS";"Outras";"Colisão traseira";"Sem Vítimas";"Pleno dia";"Decrescente";"Ceu Claro";"Dupla";"Reta";"Urbano";2;0;0;0;2;0;0;2
83480764;"07/07/16";"Quinta";"07:41:00";"SP";116;"141";"SAO JOSE DOS CAMPOS";"Falta de atenção";"Colisão traseira";"Com Vítimas Feridas";"Pleno dia";"Crescente";"Ceu Claro";"Dupla";"Reta";"Urbano";4;0;1;0;2;1;1;4
83480765;"09/07/16";"Sábado";"20:00:00";"RJ";356;"60";"ITALVA";"Velocidade incompatível";"Colisão frontal";"Com Vítimas Feridas";"Plena noite";"Decrescente";"Ceu Claro";"Simples";"Reta";"Rural";7;0;2;4;1;0;6;2
83480766;"11/07/16";"Segunda";"13:30:00";"BA";110;"371";"CATU";"Falta de atenção";"Colisão Transversal";"Com Vítimas Fatais";"Pleno dia";"Crescente";"Ceu Claro";"Simples";"Cruzamento";"Rural";2;1;0;0;0;1;0;2
83480767;"11/07/16";"Segunda";"14:15:00";"PB";230;"466,1";"SOUSA";"Falta de atenção";"Colisão Transversal";"Sem Vítimas";"Pleno dia";"Decrescente";"Ceu Claro";"Simples";"Reta";"Rural";5;0;0;0;5;0;0;2
83480768;"11/07/16";"Segunda";"14:30:00";"RS";293;"87,2";"PIRATINI";"Velocidade incompatível";"Saída de Pista";"Sem Vítimas";"Pleno dia";"Crescente";"Chuva";"Simples";"Reta";"Rural";1;0;0;0;1;0;0;1
83480769;"10/07/16";"Domingo";"21:00:00";"CE";116;"190,5";"LIMOEIRO DO NORTE";"Outras";"Saída de Pista";"Sem Vítimas";"Plena noite";"Decrescente";"Vento";"Simples";"Curva";"Rural";1;0;0;0;1;0;0;1
83480770;"11/07/16";"Segunda";"18:10:00";"BA";116;"674,3";"JEQUIE";"Falta de atenção";"Queda de motocicleta / bicicleta / veículo";"Com Vítimas Feridas";"Anoitecer";"Decrescente";"Nublado";"Simples";"Reta";"Urbano";2;0;1;0;0;1;1;1
83480771;"08/07/16";"Sexta";"14:00:00";"MG";40;"579,5";"ITABIRITO";"Falta de atenção";"Colisão lateral";"Com Vítimas Feridas";"Pleno dia";"Crescente";"Ceu Claro";"Dupla";"Curva";"Rural";2;0;1;0;1;0;1;2
83480772;"11/07/16";"Segunda";"17:45:00";"PR";277;"580,8";"CASCAVEL";"Outras";"Colisão traseira";"Com Vítimas Feridas";"Pleno dia";"Crescente";"Sol";"Simples";"Reta";"Urbano";2;0;1;0;1;0;1;2
83480773;"11/07/16";"Segunda";"13:30:00";"DF";70;"5";"BRASILIA";"Outras";"Colisão com objeto fixo";"Com Vítimas Feridas";"Pleno dia";"Crescente";"Ceu Claro";"Dupla";"Reta";"Urbano";1;0;1;0;0;0;1;1
83480774;"11/07/16";"Segunda";"18:20:00";"RS";287;"409";"SANTIAGO";"Falta de atenção";"Colisão lateral";"Sem Vítimas";"Anoitecer";"Decrescente";"Chuva";"Simples";"Cruzamento";"Rural";2;0;0;0;2;0;0;2
83480775;"11/07/16";"Segunda";"15:30:00";"RS";293;"61,5";"PIRATINI";"Falta de atenção";"Saída de Pista";"Sem Vítimas";"Pleno dia";"Decrescente";"Chuva";"Simples";"Reta";"Rural";1;0;0;0;1;0;0;1
83480776;"11/07/16";"Segunda";"18:30:00";"PR";373;"177,8";"PONTA GROSSA";"Falta de atenção";"Atropelamento de pessoa";"Com Vítimas Feridas";"Plena noite";"Decrescente";"Ceu Claro";"Simples";"Reta";"Urbano";2;0;1;0;1;0;1;1
83480777;"09/07/16";"Sábado";"04:45:00";"ES";262;"4,8";"CARIACICA";"Outras";"Incêndio";"Sem Vítimas";"Plena noite";"Decrescente";"Ceu Claro";"Dupla";"Reta";"Urbano";1;0;0;0;1;0;0;1
83480778;"11/07/16";"Segunda";"14:15:00";"MG";50;"29,1";"ARAGUARI";"Velocidade incompatível";"Queda de motocicleta / bicicleta / veículo";"Com Vítimas Feridas";"Pleno dia";"Decrescente";"Ceu Claro";"Dupla";"Curva";"Rural";2;0;1;1;0;0;2;1
83480779;"11/07/16";"Segunda";"13:48:00";"MG";381;"513";"BETIM";"Falta de atenção";"Colisão traseira";"Com Vítimas Feridas";"Pleno dia";"Decrescente";"Ceu Claro";"Simples";"Reta";"Urbano";6;0;2;0;3;1;2;4
83480780;"11/07/16";"Segunda";"17:00:00";"PR";116;"12";"CAMPINA GRANDE DO SUL";"Não guardar distância de segurança";"Saída de Pista";"Com Vítimas Feridas";"Pleno dia";"Crescente";"Ceu Claro";"Dupla";"Curva";"Rural";4;0;2;0;2;0;2;2
83480782;"08/07/16";"Sexta";"05:00:00";"SP";116;"336,8";"JUQUITIBA";"Dormindo";"Saída de Pista";"Com Vítimas Feridas";"Plena noite";"Crescente";"Ceu Claro";"Dupla";"Reta";"Urbano";1;0;1;0;0;0;1;1
83480783;"11/07/16";"Segunda";"14:10:00";"PE";232;"5,5";"RECIFE";"Não guardar distância de segurança";"Colisão traseira";"Sem Vítimas";"Pleno dia";"Decrescente";"Ceu Claro";"Dupla";"Reta";"Urbano";7;0;0;0;4;3;0;7
83480784;"08/06/16";"Quarta";"07:00:00";"PR";277;"682,9";"SAO MIGUEL DO IGUACU";"Falta de atenção";"Capotamento";"Sem Vítimas";"Pleno dia";"Crescente";"Ceu Claro";"Dupla";"Reta";"Urbano";2;0;0;0;2;0;0;1
83480785;"11/07/16";"Segunda";"18:03:00";"PR";277;"10";"PARANAGUA";"Defeito mecânico em veículo";"Saída de Pista";"Sem Vítimas";"Anoitecer";"Crescente";"Nublado";"Simples";"Curva";"Rural";1;0;0;0;1;0;0;1
83480786;"11/07/16";"Segunda";"11:33:00";"ES";101;"153,6";"LINHARES";"Outras";"Colisão traseira";"Com Vítimas Feridas";"Pleno dia";"Decrescente";"Ceu Claro";"Simples";"Reta";"Rural";3;0;2;0;1;0;2;2
83480787;"11/07/16";"Segunda";"19:15:00";"GO";153;"640,7";"MORRINHOS";"Defeito mecânico em veículo";"Saída de Pista";"Sem Vítimas";"Plena noite";"Decrescente";"Ceu Claro";"Dupla";"Reta";"Rural";1;0;0;0;1;0;0;1
83480788;"11/07/16";"Segunda";"19:00:00";"RJ";101;"76,8";"CAMPOS DOS GOYTACAZES";"Outras";"Colisão lateral";"Com Vítimas Feridas";"Plena noite";"Decrescente";"Ceu Claro";"Simples";"Reta";"Rural";2;0;1;0;0;1;1;2
83480789;"11/07/16";"Segunda";"19:40:00";"SC";101;"29";"JOINVILLE";"Falta de atenção";"Capotamento";"Com Vítimas Feridas";"Plena noite";"Crescente";"Ceu Claro";"Dupla";"Reta";"Urbano";2;0;1;0;1;0;1;2
83480790;"11/07/16";"Segunda";"10:50:00";"RO";364;"236,4";"CACOAL";"Falta de atenção";"Colisão traseira";"Sem Vítimas";"Pleno dia";"Decrescente";"Sol";"Simples";"Reta";"Urbano";2;0;0;0;2;0;0;2
83480791;"11/07/16";"Segunda";"16:40:00";"BA";367;"27";"PORTO SEGURO";"Não guardar distância de segurança";"Colisão traseira";"Sem Vítimas";"Pleno dia";"Decrescente";"Ceu Claro";"Simples";"Reta";"Urbano";3;0;0;0;3;0;0;3
83480792;"11/07/16";"Segunda";"18:20:00";"AL";101;"146";"JEQUIA DA PRAIA";"Outras";"Saída de Pista";"Sem Vítimas";"Plena noite";"Decrescente";"Nublado";"Simples";"Reta";"Rural";1;0;0;0;1;0;0;1
83480793;"11/07/16";"Segunda";"18:00:00";"RS";285;"123,6";"VACARIA";"Falta de atenção";"Colisão com bicicleta";"Com Vítimas Feridas";"Plena noite";"Crescente";"Nublado";"Simples";"Reta";"Urbano";2;0;1;0;1;0;1;2
83480794;"11/07/16";"Segunda";"17:30:00";"MT";70;"523";"VARZEA GRANDE";"Falta de atenção";"Queda de motocicleta / bicicleta / veículo";"Com Vítimas Feridas";"Anoitecer";"Decrescente";"Ceu Claro";"Simples";"Reta";"Rural";2;0;1;0;1;0;1;1
83480795;"09/07/16";"Sábado";"09:30:00";"MT";163;"780";"SORRISO";"Outras";"Saída de Pista";"Com Vítimas Feridas";"Pleno dia";"Crescente";"Ceu Claro";"Simples";"Reta";"Rural";5;0;4;1;0;0;5;1
83480796;"07/07/16";"Quinta";"11:45:00";"MG";381;"450";"SABARA";"Não guardar distância de segurança";"Colisão traseira";"Com Vítimas Feridas";"Pleno dia";"Decrescente";"Ceu Claro";"Simples";"Reta";"Rural";2;0;0;1;1;0;1;2
83480797;"09/07/16";"Sábado";"18:40:00";"RN";101;"85";"NATAL";"Ingestão de álcool";"Colisão com bicicleta";"Com Vítimas Feridas";"Plena noite";"Decrescente";"Ceu Claro";"Dupla";"Curva";"Urbano";2;0;1;0;1;0;1;2
83480798;"11/07/16";"Segunda";"17:10:00";"RS";116;"147,4";"CAXIAS DO SUL";"Desobediência à sinalização";"Colisão Transversal";"Com Vítimas Feridas";"Anoitecer";"Crescente";"Nublado";"Dupla";"Reta";"Urbano";2;0;1;0;1;0;1;2
83480799;"11/07/16";"Segunda";"07:00:00";"BA";324;"546";"AMELIA RODRIGUES";"Outras";"Colisão lateral";"Sem Vítimas";"Pleno dia";"Decrescente";"Ceu Claro";"Dupla";"Reta";"Urbano";2;0;0;0;2;0;0;2
83480800;"11/07/16";"Segunda";"16:20:00";"PR";163;"248,3";"TOLEDO";"Falta de atenção";"Colisão frontal";"Com Vítimas Fatais";"Pleno dia";"Crescente";"Ceu Claro";"Simples";"Reta";"Urbano";2;1;0;0;1;0;0;2
83480802;"11/07/16";"Segunda";"19:36:00";"MG";262;"485,6";"BOM DESPACHO";"Outras";"Queda de motocicleta / bicicleta / veículo";"Com Vítimas Feridas";"Plena noite";"Crescente";"Ceu Claro";"Simples";"Reta";"Rural";1;0;0;1;0;0;1;1
83480803;"11/07/16";"Segunda";"10:15:00";"TO";153;"331";"GUARAI";"Desobediência à sinalização";"Colisão Transversal";"Com Vítimas Feridas";"Pleno dia";"Decrescente";"Ceu Claro";"Simples";"Reta";"Urbano";4;0;2;0;2;0;2;2
83480804;"11/07/16";"Segunda";"14:25:00";"SC";101;"131";"BALNEARIO CAMBORIU";"Falta de atenção";"Colisão traseira";"Com Vítimas Feridas";"Pleno dia";"Crescente";"Ceu Claro";"Dupla";"Reta";"Urbano";3;0;1;0;2;0;1;2
83480805;"06/07/16";"Quarta";"21:40:00";"BA";116;"499,5";"SANTA TERESINHA";"Dormindo";"Tombamento";"Sem Vítimas";"Plena noite";"Decrescente";"Ceu Claro";"Simples";"Reta";"Rural";1;0;0;0;1;0;0;1
83480806;"11/07/16";"Segunda";"18:40:00";"PR";277;"708";"SANTA TEREZINHA DE ITAIPU";"Defeito mecânico em veículo";"Colisão Transversal";"Com Vítimas Feridas";"Plena noite";"Decrescente";"Ceu Claro";"Dupla";"Reta";"Urbano";3;0;2;1;0;0;3;2
83480807;"11/07/16";"Segunda";"08:00:00";"MT";70;"510";"CUIABA";"Falta de atenção";"Colisão traseira";"Sem Vítimas";"Pleno dia";"Crescente";"Ceu Claro";"Simples";"Curva";"Rural";4;0;0;0;4;0;0;4
83480808;"11/07/16";"Segunda";"14:00:00";"MT";70;"504";"CUIABA";"Falta de atenção";"Saída de Pista";"Sem Vítimas";"Pleno dia";"Decrescente";"Ceu Claro";"Simples";"Curva";"Urbano";1;0;0;0;1;0;0;1
83480809;"11/07/16";"Segunda";"16:30:00";"PR";369;"164,8";"CAMBE";"Não guardar distância de segurança";"Colisão traseira";"Com Vítimas Feridas";"Pleno dia";"Decrescente";"Sol";"Dupla";"Reta";"Urbano";5;0;1;0;4;0;1;4
83480810;"11/07/16";"Segunda";"20:15:00";"MG";262;"132,7";"RIO CASCA";"Desobediência à sinalização";"Colisão traseira";"Com Vítimas Feridas";"Plena noite";"Decrescente";"Ceu Claro";"Simples";"Reta";"Rural";6;0;2;0;4;0;2;2
83480811;"11/07/16";"Segunda";"12:10:00";"GO";40;"4";"VALPARAISO DE GOIAS";"Desobediência à sinalização";"Atropelamento de pessoa";"Com Vítimas Feridas";"Pleno dia";"Decrescente";"Ceu Claro";"Dupla";"Curva";"Urbano";3;0;1;1;0;1;2;1
83480812;"11/07/16";"Segunda";"17:00:00";"SC";101;"215,5";"PALHOCA";"Outras";"Queda de motocicleta / bicicleta / veículo";"Com Vítimas Feridas";"Pleno dia";"Crescente";"Ceu Claro";"Simples";"Cruzamento";"Urbano";1;0;1;0;0;0;1;1
83480813;"11/07/16";"Segunda";"19:00:00";"SP";153;"18,1";"NOVA GRANADA";"Falta de atenção";"Colisão Transversal";"Sem Vítimas";"Plena noite";"Decrescente";"Ceu Claro";"Simples";"Reta";"Rural";2;0;0;0;2;0;0;2
83480815;"05/07/16";"Terça";"12:00:00";"RJ";116;"144";"DUQUE DE CAXIAS";"Defeito na via";"Queda de motocicleta / bicicleta / veículo";"Com Vítimas Feridas";"Pleno dia";"Crescente";"Sol";"Dupla";"Curva";"Urbano";1;0;1;0;0;0;1;1
83480816;"07/07/16";"Quinta";"21:40:00";"GO";40;"13";"LUZIANIA";"Ingestão de álcool";"Atropelamento de pessoa";"Sem Vítimas";"Plena noite";"Crescente";"Ceu Claro";"Dupla";"Reta";"Urbano";2;0;0;0;1;1;0;1
83480817;"11/07/16";"Segunda";"18:00:00";"MS";262;"448,7";"DOIS IRMAOS DO BURITI";"Dormindo";"Colisão lateral";"Sem Vítimas";"Plena noite";"Crescente";"Ceu Claro";"Simples";"Reta";"Rural";2;0;0;0;2;0;0;2
83480818;"11/07/16";"Segunda";"11:30:00";"RO";364;"237,3";"CACOAL";"Desobediência à sinalização";"Colisão Transversal";"Sem Vítimas";"Pleno dia";"Crescente";"Sol";"Simples";"Reta";"Urbano";2;0;0;0;2;0;0;2
83480820;"10/07/16";"Domingo";"00:35:00";"GO";20;"187,1";"SIMOLANDIA";"Dormindo";"Saída de Pista";"Com Vítimas Feridas";"Plena noite";"Crescente";"Ceu Claro";"Simples";"Reta";"Rural";1;0;1;0;0;0;1;1
83480821;"11/07/16";"Segunda";"09:50:00";"MT";158;"751";"BARRA DO GARCAS";"Velocidade incompatível";"Saída de Pista";"Com Vítimas Feridas";"Pleno dia";"Decrescente";"Sol";"Simples";"Reta";"Rural";5;0;1;0;3;1;1;2
83480822;"11/07/16";"Segunda";"15:10:00";"RO";364;"13,2";"VILHENA";"Outras";"Colisão Transversal";"Com Vítimas Feridas";"Pleno dia";"Crescente";"Ceu Claro";"Dupla";"Cruzamento";"Urbano";2;0;0;1;1;0;1;2
83480823;"11/07/16";"Segunda";"17:20:00";"MS";158;"345";"BRASILANDIA";"Falta de atenção";"Saída de Pista";"Com Vítimas Feridas";"Anoitecer";"Crescente";"Ceu Claro";"Simples";"Reta";"Rural";1;0;1;0;0;0;1;1
83480824;"27/06/16";"Segunda";"22:30:00";"RS";116;"92";"CAMPESTRE DA SERRA";"Velocidade incompatível";"Saída de Pista";"Sem Vítimas";"Plena noite";"Crescente";"Nevoeiro/neblina";"Simples";"Curva";"Rural";1;0;0;0;1;0;0;1
83480825;"11/07/16";"Segunda";"14:00:00";"RJ";116;"163";"RIO DE JANEIRO";"Falta de atenção";"Colisão lateral";"Sem Vítimas";"Pleno dia";"Crescente";"Ceu Claro";"Dupla";"Reta";"Urbano";3;0;0;0;3;0;0;2
83480826;"11/07/16";"Segunda";"22:30:00";"SC";282;"22,5";"PALHOCA";"Falta de atenção";"Colisão Transversal";"Sem Vítimas";"Plena noite";"Decrescente";"Nublado";"Simples";"Reta";"Urbano";4;0;0;0;4;0;0;4
83480827;"11/07/16";"Segunda";"21:30:00";"PE";104;"42,5";"CARUARU";"Dormindo";"Capotamento";"Sem Vítimas";"Plena noite";"Crescente";"Nublado";"Dupla";"Reta";"Rural";1;0;0;0;1;0;0;1
83480828;"11/07/16";"Segunda";"20:31:00";"SP";116;"552,6";"BARRA DO TURVO";"Desobediência à sinalização";"Colisão com bicicleta";"Com Vítimas Fatais";"Plena noite";"Crescente";"Ceu Claro";"Dupla";"Reta";"Rural";2;1;0;0;1;0;0;2
83480829;"02/07/16";"Sábado";"07:00:00";"RS";116;"487,7";"PELOTAS";"Outras";"Saída de Pista";"Sem Vítimas";"Amanhecer";"Crescente";"Ceu Claro";"Simples";"Reta";"Rural";1;0;0;0;1;0;0;1