"id";"data_inversa";"dia_semana";"horario";"uf";"br";"km";"municipio";"causa_acidente";"tipo_acidente";"classificacao_acidente";"fase_dia";"sentido_via";"condicao_metereologica";"tipo_pista";"tracado_via";"uso_solo";"pessoas";"mortos";"feridos_leves";"feridos_graves";"ilesos";"ignorados";"feridos";"veiculos"
83481058;"12/07/16";"Terça";"10:30:00";"ES";101;"267";"SERRA";"Outras";"Atropelamento de pessoa";"Com Vítimas Feridas";"Pleno dia";"Crescente";"Ceu Claro";"Múltipla";"Reta";"Urbano";2;0;0;2;0;0;2;1
83481059;"12/07/16";"Terça";"16:40:00";"PR";158;"525";"PATO BRANCO";"Falta de atenção";"Colisão frontal";"Com Vítimas Feridas";"Pleno dia";"Crescente";"Nublado";"Simples";"Reta";"Urbano";2;0;0;1;1;0;1;2
83481061;"12/07/16";"Terça";"16:37:00";"MG";40;"547,5";"NOVA LIMA";"Falta de atenção";"Colisão traseira";"Sem Vítimas";"Pleno dia";"Crescente";"Ceu Claro";"Dupla";"Reta";"Urbano";2;0;0;0;2;0;0;2
83481062;"12/07/16";"Terça";"18:50:00";"MG";40;"617,5";"CONGONHAS";"Desobediência à sinalização";"Colisão Transversal";"Com Vítimas Feridas";"Plena noite";"Crescente";"Ceu Claro";"Simples";"Reta";"Rural";2;0;1;0;1;0;1;2
83481063;"12/07/16";"Terça";"13:07:00";"RO";364;"344,7";"JI-PARANA";"Desobediência à sinalização";"Colisão Transversal";"Com Vítimas Feridas";"Pleno dia";"Decrescente";"Sol";"Dupla";"Reta";"Urbano";6;0;1;0;5;0;1;2
83481065;"31/05/16";"Terça";"05:40:00";"RJ";40;"2";"COMENDADOR LEVY GASPARIAN";"Outras";"Derramamento de Carga";"Sem Vítimas";"Amanhecer";"Decrescente";"Chuva";"Dupla";"Reta";"Rural";1;0;0;0;1;0;0;1
83481066;"12/07/16";"Terça";"19:00:00";"ES";101;"268,6";"SERRA";"Desobediência à sinalização";"Colisão com bicicleta";"Com Vítimas Feridas";"Anoitecer";"Decrescente";"Ignorada";"Múltipla";"Reta";"Urbano";2;0;0;2;0;0;2;2
83481068;"09/07/16";"Sábado";"03:45:00";"SP";116;"223";"GUARULHOS";"Outras";"Capotamento";"Sem Vítimas";"Plena noite";"Decrescente";"Ceu Claro";"Múltipla";"Reta";"Urbano";1;0;0;0;1;0;0;1
83481069;"12/07/16";"Terça";"16:20:00";"TO";153;"483,5";"PARAISO DO TOCANTINS";"Ultrapassagem indevida";"Colisão frontal";"Com Vítimas Fatais";"Pleno dia";"Crescente";"Ceu Claro";"Simples";"Reta";"Rural";2;1;0;0;1;0;0;2
83481070;"08/07/16";"Sexta";"18:00:00";"MA";135;"120,9";"MIRANDA DO NORTE";"Outras";"Colisão lateral";"Com Vítimas Feridas";"Anoitecer";"Decrescente";"Ceu Claro";"Simples";"Reta";"Rural";4;0;1;2;1;0;3;2
83481071;"12/07/16";"Terça";"17:40:00";"BA";101;"716,5";"EUNAPOLIS";"Falta de atenção";"Atropelamento de pessoa";"Com Vítimas Feridas";"Anoitecer";"Crescente";"Ceu Claro";"Simples";"Reta";"Urbano";2;0;1;0;1;0;1;1
83481072;"23/06/16";"Quinta";"04:45:00";"SP";116;"212";"GUARULHOS";"Falta de atenção";"Colisão traseira";"Com Vítimas Feridas";"Plena noite";"Decrescente";"Ceu Claro";"Múltipla";"Reta";"Urbano";2;0;1;0;1;0;1;2
83481073;"12/07/16";"Terça";"17:30:00";"TO";242;"323,3";"PEIXE";"Falta de atenção";"Saída de Pista";"Com Vítimas Feridas";"Pleno dia";"Crescente";"Sol";"Simples";"Reta";"Rural";2;0;1;1;0;0;2;1
83481074;"12/07/16";"Terça";"18:20:00";"GO";60;"425";"RIO VERDE";"Velocidade incompatível";"Colisão traseira";"Com Vítimas Feridas";"Anoitecer";"Decrescente";"Ceu Claro";"Dupla";"Reta";"Rural";4;0;1;0;3;0;1;2
83481075;"12/07/16";"Terça";"06:00:00";"PI";316;"7,4";"TERESINA";"Animais na Pista";"Colisão frontal";"Com Vítimas Feridas";"Amanhecer";"Crescente";"Ceu Claro";"Simples";"Reta";"Urbano";3;0;0;2;1;0;2;3
83481076;"12/07/16";"Terça";"18:05:00";"PR";277;"724";"FOZ DO IGUACU";"Outras";"Colisão traseira";"Sem Vítimas";"Plena noite";"Decrescente";"Chuva";"Dupla";"Reta";"Urbano";2;0;0;0;2;0;0;2
83481077;"04/07/16";"Segunda";"17:30:00";"SC";101;"216";"PALHOCA";"Outras";"Queda de motocicleta / bicicleta / veículo";"Com Vítimas Feridas";"Pleno dia";"Crescente";"Ceu Claro";"Dupla";"Reta";"Urbano";1;0;1;0;0;0;1;1
83481078;"12/07/16";"Terça";"18:30:00";"MT";70;"265";"PRIMAVERA DO LESTE";"Outras";"Queda de motocicleta / bicicleta / veículo";"Com Vítimas Feridas";"Plena noite";"Crescente";"Ceu Claro";"Simples";"Reta";"Urbano";1;0;1;0;0;0;1;1
83481079;"12/07/16";"Terça";"19:30:00";"BA";116;"586";"BREJOES";"Defeito mecânico em veículo";"Tombamento";"Sem Vítimas";"Plena noite";"Crescente";"Ignorada";"Simples";"Curva";"Rural";1;0;0;0;1;0;0;1
83481080;"12/07/16";"Terça";"19:10:00";"PA";316;"24";"BENEVIDES";"Defeito na via";"Colisão lateral";"Com Vítimas Feridas";"Plena noite";"Decrescente";"Chuva";"Dupla";"Reta";"Rural";2;0;0;1;1;0;1;2
83481081;"12/07/16";"Terça";"16:30:00";"RJ";495;"26";"PETROPOLIS";"Desobediência à sinalização";"Colisão lateral";"Com Vítimas Feridas";"Pleno dia";"Crescente";"Sol";"Simples";"Reta";"Urbano";3;0;1;0;2;0;1;2
83481083;"12/07/16";"Terça";"20:05:00";"RN";101;"102";"PARNAMIRIM";"Falta de atenção";"Colisão traseira";"Com Vítimas Feridas";"Plena noite";"Crescente";"Ceu Claro";"Múltipla";"Reta";"Urbano";3;0;1;0;2;0;1;2
83481084;"12/07/16";"Terça";"20:20:00";"PE";428;"48";"OROCO";"Outras";"Colisão traseira";"Sem Vítimas";"Plena noite";"Crescente";"Ignorada";"Simples";"Reta";"Urbano";2;0;0;0;2;0;0;2
83481085;"12/07/16";"Terça";"20:30:00";"SP";116;"562";"BARRA DO TURVO";"Velocidade incompatível";"Saída de Pista";"Sem Vítimas";"Plena noite";"Crescente";"Chuva";"Dupla";"Reta";"Rural";1;0;0;0;1;0;0;1
83481086;"11/07/16";"Segunda";"13:30:00";"SP";381;"89";"GUARULHOS";"Defeito na via";"Colisão com objeto fixo";"Com Vítimas Feridas";"Pleno dia";"Crescente";"Sol";"Dupla";"Reta";"Urbano";3;0;1;0;1;1;1;2
83481087;"12/07/16";"Terça";"15:35:00";"SP";153;"65,8";"SAO JOSE DO RIO PRETO";"Falta de atenção";"Colisão traseira";"Com Vítimas Feridas";"Pleno dia";"Crescente";"Sol";"Simples";"Reta";"Urbano";4;0;1;0;3;0;1;4
83481088;"12/07/16";"Terça";"20:25:00";"PR";376;"600";"CURITIBA";"Velocidade incompatível";"Saída de Pista";"Sem Vítimas";"Plena noite";"Decrescente";"Chuva";"Dupla";"Curva";"Urbano";1;0;0;0;1;0;0;1
83481089;"12/07/16";"Terça";"11:00:00";"MT";174;"563,9";"COMODORO";"Velocidade incompatível";"Colisão traseira";"Sem Vítimas";"Pleno dia";"Crescente";"Ceu Claro";"Simples";"Reta";"Rural";2;0;0;0;2;0;0;2
83481090;"12/07/16";"Terça";"20:45:00";"RJ";101;"437";"MANGARATIBA";"Outras";"Queda de motocicleta / bicicleta / veículo";"Com Vítimas Feridas";"Plena noite";"Decrescente";"Nublado";"Simples";"Curva";"Rural";2;0;0;2;0;0;2;1
83481091;"12/07/16";"Terça";"15:10:00";"PI";343;"346,2";"TERESINA";"Outras";"Colisão Transversal";"Com Vítimas Feridas";"Pleno dia";"Crescente";"Ceu Claro";"Simples";"Reta";"Urbano";3;0;0;1;0;2;1;2
83481092;"12/07/16";"Terça";"22:20:00";"GO";40;"5,9";"VALPARAISO DE GOIAS";"Ingestão de álcool";"Capotamento";"Com Vítimas Feridas";"Plena noite";"Crescente";"Ceu Claro";"Dupla";"Reta";"Rural";2;0;1;0;1;0;1;1
83481093;"12/07/16";"Terça";"21:45:00";"PR";369;"139";"IBIPORA";"Falta de atenção";"Colisão lateral";"Com Vítimas Feridas";"Plena noite";"Decrescente";"Ceu Claro";"Simples";"Reta";"Urbano";2;0;1;0;1;0;1;2
83481094;"12/07/16";"Terça";"23:45:00";"RS";116;"613";"JAGUARAO";"Animais na Pista";"Atropelamento de animal";"Sem Vítimas";"Plena noite";"Crescente";"Ceu Claro";"Simples";"Reta";"Urbano";1;0;0;0;1;0;0;1
83481095;"12/07/16";"Terça";"11:30:00";"MT";163;"610";"NOVA MUTUM";"Defeito mecânico em veículo";"Colisão traseira";"Com Vítimas Fatais";"Pleno dia";"Decrescente";"Ceu Claro";"Simples";"Reta";"Rural";2;1;0;0;1;0;0;2
83481096;"12/07/16";"Terça";"12:30:00";"RO";364;"281";"PRESIDENTE MEDICI";"Defeito na via";"Saída de Pista";"Sem Vítimas";"Pleno dia";"Crescente";"Ceu Claro";"Simples";"Reta";"Rural";1;0;0;0;1;0;0;1
83481097;"12/07/16";"Terça";"17:43:00";"MS";262;"368,5";"TERENOS";"Ultrapassagem indevida";"Colisão frontal";"Com Vítimas Feridas";"Anoitecer";"Crescente";"Ceu Claro";"Simples";"Reta";"Rural";5;0;2;0;3;0;2;4
83481098;"10/07/16";"Domingo";"05:40:00";"RJ";493;"24";"MAGE";"Velocidade incompatível";"Colisão frontal";"Com Vítimas Fatais";"Plena noite";"Crescente";"Nevoeiro/neblina";"Simples";"Reta";"Rural";2;1;0;0;1;0;0;2
83481099;"12/07/16";"Terça";"17:00:00";"PR";277;"65";"SAO JOSE DOS PINHAIS";"Outras";"Saída de Pista";"Sem Vítimas";"Anoitecer";"Crescente";"Chuva";"Dupla";"Reta";"Rural";1;0;0;0;1;0;0;1
83481100;"12/07/16";"Terça";"22:45:00";"SC";101;"207,3";"SAO JOSE";"Falta de atenção";"Colisão lateral";"Com Vítimas Feridas";"Plena noite";"Crescente";"Ceu Claro";"Múltipla";"Curva";"Urbano";3;0;1;0;2;0;1;2
83481101;"12/07/16";"Terça";"21:30:00";"RS";116;"302";"GUAIBA";"Desobediência à sinalização";"Saída de Pista";"Sem Vítimas";"Plena noite";"Decrescente";"Ceu Claro";"Dupla";"Reta";"Urbano";1;0;0;0;1;0;0;1
83481102;"12/07/16";"Terça";"16:30:00";"PR";277;"252,8";"IRATI";"Outras";"Colisão com objeto fixo";"Sem Vítimas";"Pleno dia";"Decrescente";"Chuva";"Simples";"Reta";"Rural";1;0;0;0;1;0;0;1
83481103;"12/07/16";"Terça";"10:30:00";"SC";480;"124,6";"CHAPECO";"Ingestão de álcool";"Capotamento";"Com Vítimas Feridas";"Plena noite";"Crescente";"Nublado";"Simples";"Cruzamento";"Rural";2;0;2;0;0;0;2;1
83481104;"12/07/16";"Terça";"08:00:00";"BA";324;"622";"SALVADOR";"Não guardar distância de segurança";"Colisão lateral";"Com Vítimas Feridas";"Pleno dia";"Crescente";"Ceu Claro";"Dupla";"Reta";"Urbano";3;0;1;0;2;0;1;2
83481105;"12/07/16";"Terça";"20:05:00";"TO";153;"563,7";"FATIMA";"Outras";"Colisão Transversal";"Com Vítimas Fatais";"Plena noite";"Decrescente";"Ceu Claro";"Simples";"Reta";"Rural";2;1;0;0;1;0;0;2
83481106;"12/07/16";"Terça";"19:50:00";"PR";116;"24";"CAMPINA GRANDE DO SUL";"Velocidade incompatível";"Saída de Pista";"Sem Vítimas";"Plena noite";"Decrescente";"Chuva";"Dupla";"Curva";"Rural";1;0;0;0;1;0;0;1
83481107;"12/07/16";"Terça";"22:45:00";"SC";470;"127";"LONTRAS";"Defeito mecânico em veículo";"Colisão frontal";"Sem Vítimas";"Plena noite";"Crescente";"Nublado";"Simples";"Reta";"Rural";2;0;0;0;2;0;0;2
83481108;"13/07/16";"Quarta";"01:00:00";"MA";10;"256";"IMPERATRIZ";"Desobediência à sinalização";"Colisão lateral";"Sem Vítimas";"Plena noite";"Decrescente";"Ceu Claro";"Simples";"Reta";"Urbano";2;0;0;0;1;1;0;2
83481109;"12/07/16";"Terça";"15:40:00";"ES";101;"147,9";"LINHARES";"Falta de atenção";"Colisão lateral";"Com Vítimas Feridas";"Pleno dia";"Decrescente";"Ceu Claro";"Múltipla";"Cruzamento";"Urbano";2;0;1;0;1;0;1;2
83481110;"12/07/16";"Terça";"19:30:00";"PR";376;"4,5";"SAO JOSE DOS PINHAIS";"Falta de atenção";"Colisão Transversal";"Com Vítimas Feridas";"Plena noite";"Crescente";"Chuva";"Dupla";"Reta";"Urbano";2;0;0;1;1;0;1;2
83481111;"13/07/16";"Quarta";"01:30:00";"BA";101;"884";"TEIXEIRA DE FREITAS";"Animais na Pista";"Atropelamento de animal";"Sem Vítimas";"Plena noite";"Crescente";"Nublado";"Simples";"Reta";"Rural";1;0;0;0;1;0;0;1
83481112;"13/07/16";"Quarta";"02:00:00";"SC";101;"249";"PAULO LOPES";"Outras";"Incêndio";"Ignorado";"Plena noite";"Crescente";"Ceu Claro";"Dupla";"Reta";"Rural";1;0;0;0;0;1;0;1
83481113;"12/07/16";"Terça";"22:00:00";"BA";324;"622";"SALVADOR";"Defeito mecânico em veículo";"Incêndio";"Sem Vítimas";"Plena noite";"Crescente";"Ceu Claro";"Múltipla";"Reta";"Rural";1;0;0;0;1;0;0;1
83481114;"12/07/16";"Terça";"23:30:00";"RO";364;"514";"ARIQUEMES";"Ingestão de álcool";"Colisão lateral";"Sem Vítimas";"Plena noite";"Decrescente";"Ceu Claro";"Simples";"Reta";"Urbano";2;0;0;0;2;0;0;2
83481115;"12/07/16";"Terça";"13:30:00";"MG";116;"273";"TEOFILO OTONI";"Falta de atenção";"Colisão Transversal";"Com Vítimas Feridas";"Pleno dia";"Decrescente";"Sol";"Simples";"Reta";"Urbano";2;0;1;0;1;0;1;2
83481116;"13/07/16";"Quarta";"03:30:00";"PR";277;"4,8";"PARANAGUA";"Falta de atenção";"Saída de Pista";"Sem Vítimas";"Plena noite";"Decrescente";"Chuva";"Dupla";"Cruzamento";"Urbano";1;0;0;0;1;0;0;1
83481117;"12/07/16";"Terça";"15:00:00";"AL";101;"15";"NOVO LINO";"Outras";"Saída de Pista";"Sem Vítimas";"Pleno dia";"Decrescente";"Chuva";"Dupla";"Curva";"Rural";1;0;0;0;1;0;0;1
83481119;"12/07/16";"Terça";"23:30:00";"BA";116;"10,3";"VITORIA DA CONQUISTA";"Animais na Pista";"Atropelamento de animal";"Com Vítimas Feridas";"Plena noite";"Decrescente";"Ceu Claro";"Simples";"Reta";"Urbano";1;0;0;1;0;0;1;1
83481120;"12/07/16";"Terça";"07:40:00";"PB";230;"308";"SAO MAMEDE";"Não guardar distância de segurança";"Queda de motocicleta / bicicleta / veículo";"Com Vítimas Feridas";"Pleno dia";"Decrescente";"Sol";"Simples";"Reta";"Rural";2;0;1;0;1;0;1;2
83481121;"12/07/16";"Terça";"22:45:00";"BA";101;"491";"ITAJUIPE";"Desobediência à sinalização";"Colisão Transversal";"Sem Vítimas";"Plena noite";"Decrescente";"Ceu Claro";"Simples";"Cruzamento";"Rural";2;0;0;0;2;0;0;2
83481122;"08/07/16";"Sexta";"22:30:00";"SP";116;"217";"GUARULHOS";"Ingestão de álcool";"Colisão com objeto fixo";"Sem Vítimas";"Plena noite";"Decrescente";"Ceu Claro";"Múltipla";"Curva";"Urbano";1;0;0;0;1;0;0;1
83481123;"12/07/16";"Terça";"18:25:00";"AL";101;"211,1";"SAO SEBASTIAO";"Defeito na via";"Saída de Pista";"Com Vítimas Feridas";"Plena noite";"Decrescente";"Ceu Claro";"Dupla";"Reta";"Rural";1;0;1;0;0;0;1;1
83481124;"12/07/16";"Terça";"19:30:00";"BA";110;"371";"CATU";"Outras";"Colisão Transversal";"Com Vítimas Feridas";"Plena noite";"Crescente";"Ceu Claro";"Simples";"Cruzamento";"Rural";2;0;0;1;1;0;1;2
83481125;"13/07/16";"Quarta";"00:30:00";"PR";277;"690,4";"SAO MIGUEL DO IGUACU";"Falta de atenção";"Colisão Transversal";"Com Vítimas Feridas";"Plena noite";"Crescente";"Chuva";"Dupla";"Reta";"Rural";3;0;1;1;1;0;2;2
83481126;"09/07/16";"Sábado";"05:25:00";"MG";40;"43";"PARACATU";"Desobediência à sinalização";"Queda de motocicleta / bicicleta / veículo";"Com Vítimas Feridas";"Plena noite";"Decrescente";"Ceu Claro";"Simples";"Reta";"Urbano";2;0;1;0;1;0;1;2
83481127;"09/07/16";"Sábado";"03:00:00";"SP";116;"88,7";"PINDAMONHANGABA";"Animais na Pista";"Atropelamento de animal";"Sem Vítimas";"Plena noite";"Crescente";"Ceu Claro";"Dupla";"Reta";"Rural";3;0;0;0;3;0;0;2
83481128;"10/07/16";"Domingo";"03:55:00";"RS";290;"142,5";"ELDORADO DO SUL";"Animais na Pista";"Atropelamento de animal";"Sem Vítimas";"Plena noite";"Crescente";"Nevoeiro/neblina";"Simples";"Reta";"Rural";2;0;0;0;2;0;0;1
83481129;"12/07/16";"Terça";"18:00:00";"PE";424;"38,3";"VENTUROSA";"Outras";"Colisão lateral";"Com Vítimas Fatais";"Plena noite";"Decrescente";"Nublado";"Simples";"Reta";"Rural";2;1;0;0;0;1;0;2
83481130;"10/07/16";"Domingo";"02:00:00";"RJ";101;"318";"SAO GONCALO";"Outras";"Incêndio";"Ignorado";"Plena noite";"Crescente";"Ceu Claro";"Dupla";"Reta";"Rural";1;0;0;0;0;1;0;1
83481131;"13/07/16";"Quarta";"06:15:00";"SC";116;"5,4";"MAFRA";"Falta de atenção";"Colisão com bicicleta";"Com Vítimas Feridas";"Amanhecer";"Decrescente";"Nevoeiro/neblina";"Simples";"Reta";"Urbano";2;0;1;0;1;0;1;2
83481132;"13/07/16";"Quarta";"01:30:00";"TO";226;"70";"WANDERLANDIA";"Dormindo";"Tombamento";"Com Vítimas Feridas";"Plena noite";"Crescente";"Ceu Claro";"Simples";"Reta";"Urbano";1;0;1;0;0;0;1;1
83481133;"11/07/16";"Segunda";"18:00:00";"BA";116;"463,5";"SANTO ESTEVAO";"Outras";"Atropelamento de pessoa";"Com Vítimas Feridas";"Plena noite";"Crescente";"Ceu Claro";"Dupla";"Reta";"Rural";2;0;1;0;0;1;1;1
83481134;"12/07/16";"Terça";"15:10:00";"BA";20;"203";"LUIS EDUARDO MAGALHAES";"Ingestão de álcool";"Colisão frontal";"Com Vítimas Fatais";"Pleno dia";"Crescente";"Sol";"Simples";"Reta";"Rural";2;1;0;0;1;0;0;2
83481135;"12/07/16";"Terça";"23:00:00";"PR";116;"27";"CAMPINA GRANDE DO SUL";"Outras";"Colisão traseira";"Com Vítimas Feridas";"Plena noite";"Decrescente";"Chuva";"Dupla";"Reta";"Rural";4;0;0;1;3;0;1;2
83481136;"27/06/16";"Segunda";"18:30:00";"PR";476;"133";"CURITIBA";"Falta de atenção";"Atropelamento de pessoa";"Com Vítimas Feridas";"Anoitecer";"Crescente";"Ignorada";"Dupla";"Reta";"Urbano";2;0;2;0;0;0;2;1
83481137;"10/07/16";"Domingo";"00:25:00";"SC";470;"2,6";"NAVEGANTES";"Velocidade incompatível";"Colisão traseira";"Sem Vítimas";"Plena noite";"Decrescente";"Nublado";"Simples";"Reta";"Urbano";2;0;0;0;1;1;0;2
83481138;"01/07/16";"Sexta";"09:10:00";"ES";101;"271";"SERRA";"Velocidade incompatível";"Colisão com objeto fixo";"Sem Vítimas";"Pleno dia";"Crescente";"Sol";"Múltipla";"Curva";"Urbano";1;0;0;0;1;0;0;1
83481139;"13/07/16";"Quarta";"06:00:00";"PB";230;"153,4";"CAMPINA GRANDE";"Velocidade incompatível";"Saída de Pista";"Sem Vítimas";"Amanhecer";"Decrescente";"Chuva";"Dupla";"Curva";"Rural";1;0;0;0;1;0;0;1
83481140;"09/07/16";"Sábado";"13:30:00";"MG";40;"428";"PARAOPEBA";"Outras";"Colisão com objeto fixo";"Com Vítimas Feridas";"Pleno dia";"Decrescente";"Ceu Claro";"Dupla";"Reta";"Rural";1;0;0;1;0;0;1;1
83481141;"12/07/16";"Terça";"19:40:00";"RJ";40;"105";"DUQUE DE CAXIAS";"Ingestão de álcool";"Colisão com bicicleta";"Sem Vítimas";"Plena noite";"Decrescente";"Ceu Claro";"Simples";"Reta";"Urbano";2;0;0;0;2;0;0;2
83481142;"12/07/16";"Terça";"12:00:00";"MG";381;"267,4";"TIMOTEO";"Falta de atenção";"Colisão Transversal";"Com Vítimas Feridas";"Pleno dia";"Decrescente";"Ceu Claro";"Simples";"Reta";"Rural";2;0;0;1;1;0;1;2
83481143;"09/07/16";"Sábado";"15:20:00";"GO";40;"11,8";"VALPARAISO DE GOIAS";"Defeito mecânico em veículo";"Tombamento";"Com Vítimas Feridas";"Pleno dia";"Decrescente";"Ceu Claro";"Dupla";"Reta";"Urbano";9;0;2;6;1;0;8;2
83481144;"06/07/16";"Quarta";"23:45:00";"CE";222;"298";"TIANGUA";"Outras";"Tombamento";"Sem Vítimas";"Plena noite";"Decrescente";"Chuva";"Simples";"Curva";"Rural";1;0;0;0;1;0;0;1
83481145;"09/05/16";"Segunda";"10:20:00";"MG";356;"266,4";"MURIAE";"Falta de atenção";"Colisão Transversal";"Sem Vítimas";"Pleno dia";"Decrescente";"Ceu Claro";"Simples";"Reta";"Urbano";2;0;0;0;2;0;0;2
83481146;"10/04/16";"Domingo";"08:50:00";"CE";20;"422";"MARACANAU";"Falta de atenção";"Atropelamento de pessoa";"Com Vítimas Feridas";"Pleno dia";"Crescente";"Ceu Claro";"Simples";"Reta";"Urbano";2;0;0;1;1;0;1;1
83481147;"05/07/16";"Terça";"11:00:00";"MG";459;"42,7";"SANTA RITA DE CALDAS";"Outras";"Danos Eventuais";"Com Vítimas Feridas";"Pleno dia";"Crescente";"Ceu Claro";"Simples";"Cruzamento";"Rural";2;0;0;1;1;0;1;1
83481148;"11/07/16";"Segunda";"22:40:00";"MT";174;"423";"COMODORO";"Falta de atenção";"Colisão Transversal";"Com Vítimas Feridas";"Plena noite";"Decrescente";"Ceu Claro";"Simples";"Reta";"Urbano";2;0;0;1;1;0;1;2
83481149;"09/07/16";"Sábado";"19:40:00";"MG";116;"173,9";"PADRE PARAISO";"Outras";"Colisão lateral";"Com Vítimas Feridas";"Plena noite";"Crescente";"Ceu Claro";"Simples";"Curva";"Rural";3;0;1;1;1;0;2;3
83481150;"09/07/16";"Sábado";"06:50:00";"ES";101;"226";"IBIRACU";"Outras";"Capotamento";"Com Vítimas Feridas";"Pleno dia";"Crescente";"Sol";"Simples";"Reta";"Rural";1;0;1;0;0;0;1;1
83481151;"09/07/16";"Sábado";"16:00:00";"SC";470;"60";"BLUMENAU";"Velocidade incompatível";"Colisão traseira";"Sem Vítimas";"Pleno dia";"Decrescente";"Ceu Claro";"Simples";"Reta";"Urbano";3;0;0;0;3;0;0;3
83481152;"13/07/16";"Quarta";"06:37:00";"MG";381;"516,7";"IGARAPE";"Velocidade incompatível";"Saída de Pista";"Sem Vítimas";"Pleno dia";"Decrescente";"Ceu Claro";"Dupla";"Curva";"Rural";1;0;0;0;1;0;0;1
83481153;"05/07/16";"Terça";"18:20:00";"SC";101;"275,5";"IMBITUBA";"Ingestão de álcool";"Atropelamento de pessoa";"Com Vítimas Fatais";"Plena noite";"Decrescente";"Nublado";"Dupla";"Reta";"Urbano";2;1;0;0;0;1;0;1
83481154;"13/07/16";"Quarta";"05:45:00";"MG";459;"91,9";"CONGONHAL";"Falta de atenção";"Colisão traseira";"Com Vítimas Feridas";"Amanhecer";"Crescente";"Ceu Claro";"Dupla";"Reta";"Rural";2;0;1;0;1;0;1;2
83481155;"02/05/16";"Segunda";"15:00:00";"SP";116;"204";"GUARULHOS";"Defeito mecânico em veículo";"Colisão traseira";"Sem Vítimas";"Pleno dia";"Crescente";"Sol";"Dupla";"Reta";"Urbano";4;0;0;0;3;1;0;4
83481156;"09/07/16";"Sábado";"22:20:00";"MS";163;"309";"RIO BRILHANTE";"Ingestão de álcool";"Saída de Pista";"Sem Vítimas";"Plena noite";"Crescente";"Ceu Claro";"Simples";"Reta";"Rural";1;0;0;0;1;0;0;1
83481157;"13/07/16";"Quarta";"07:30:00";"PR";376;"616";"SAO JOSE DOS PINHAIS";"Velocidade incompatível";"Saída de Pista";"Sem Vítimas";"Pleno dia";"Decrescente";"Chuva";"Dupla";"Reta";"Rural";1;0;0;0;1;0;0;1
83481158;"09/07/16";"Sábado";"19:40:00";"MG";116;"765,3";"LEOPOLDINA";"Falta de atenção";"Colisão traseira";"Sem Vítimas";"Plena noite";"Decrescente";"Nublado";"Simples";"Curva";"Urbano";3;0;0;0;3;0;0;2
83481159;"13/07/16";"Quarta";"07:05:00";"MS";163;"481";"CAMPO GRANDE";"Falta de atenção";"Saída de Pista";"Sem Vítimas";"Pleno dia";"Crescente";"Ceu Claro";"Simples";"Reta";"Urbano";1;0;0;0;1;0;0;1
83481160;"11/07/16";"Segunda";"17:00:00";"PI";135;"514,2";"GILBUES";"Defeito mecânico em veículo";"Saída de Pista";"Com Vítimas Feridas";"Pleno dia";"Decrescente";"Ceu Claro";"Simples";"Reta";"Rural";3;0;2;1;0;0;3;1
83481161;"13/07/16";"Quarta";"08:40:00";"PR";277;"128";"BALSA NOVA";"Desobediência à sinalização";"Saída de Pista";"Sem Vítimas";"Pleno dia";"Decrescente";"Chuva";"Simples";"Curva";"Rural";1;0;0;0;1;0;0;1
83481162;"10/07/16";"Domingo";"01:20:00";"SP";116;"54,5";"LORENA";"Falta de atenção";"Colisão traseira";"Com Vítimas Fatais";"Plena noite";"Decrescente";"Ceu Claro";"Dupla";"Reta";"Rural";3;1;1;0;1;0;1;3
83481163;"08/07/16";"Sexta";"21:00:00";"MG";116;"609";"SAO JOAO DO MANHUACU";"Falta de atenção";"Colisão Transversal";"Com Vítimas Feridas";"Plena noite";"Crescente";"Nublado";"Simples";"Reta";"Urbano";2;0;0;1;1;0;1;2
83481164;"07/07/16";"Quinta";"21:30:00";"PR";277;"663";"MEDIANEIRA";"Não guardar distância de segurança";"Colisão lateral";"Com Vítimas Feridas";"Plena noite";"Decrescente";"Ceu Claro";"Dupla";"Reta";"Rural";3;0;1;0;2;0;1;3
83481165;"13/07/16";"Quarta";"08:20:00";"PR";277;"114";"BALSA NOVA";"Falta de atenção";"Queda de motocicleta / bicicleta / veículo";"Sem Vítimas";"Pleno dia";"Crescente";"Chuva";"Dupla";"Reta";"Rural";2;0;0;0;2;0;0;2
83481166;"01/01/16";"Sexta";"05:10:00";"BA";407;"5";"JUAZEIRO";"Falta de atenção";"Colisão frontal";"Com Vítimas Feridas";"Amanhecer";"Decrescente";"Ceu Claro";"Simples";"Reta";"Urbano";4;0;0;1;3;0;1;2
83481167;"09/07/16";"Sábado";"21:50:00";"SP";116;"218,5";"GUARULHOS";"Ingestão de álcool";"Colisão com objeto fixo";"Com Vítimas Feridas";"Plena noite";"Crescente";"Ceu Claro";"Múltipla";"Reta";"Urbano";1;0;1;0;0;0;1;1
83481168;"10/07/16";"Domingo";"02:10:00";"SC";101;"277";"IMBITUBA";"Dormindo";"Saída de Pista";"Com Vítimas Feridas";"Plena noite";"Decrescente";"Nublado";"Dupla";"Reta";"Urbano";1;0;0;1;0;0;1;1