"id";"data_inversa";"dia_semana";"horario";"uf";"br";"km";"municipio";"causa_acidente";"tipo_acidente";"classificacao_acidente";"fase_dia";"sentido_via";"condicao_metereologica";"tipo_pista";"tracado_via";"uso_solo";"pessoas";"mortos";"feridos_leves";"feridos_graves";"ilesos";"ignorados";"feridos";"veiculos"
83481287;"13/07/16";"Quarta";"13:30:00";"SP";116;"567,7";"BARRA DO TURVO";"Velocidade incompatível";"Colisão com objeto fixo";"Com Vítimas Feridas";"Pleno dia";"Decrescente";"Chuva";"Dupla";"Curva";"Rural";1;0;1;0;0;0;1;1
83481288;"13/07/16";"Quarta";"17:20:00";"CE";20;"432,4";"EUSEBIO";"Desobediência à sinalização";"Colisão Transversal";"Com Vítimas Feridas";"Anoitecer";"Crescente";"Ceu Claro";"Simples";"Reta";"Urbano";3;0;2;0;1;0;2;2
83481289;"13/07/16";"Quarta";"17:10:00";"AL";316;"243,5";"ATALAIA";"Falta de atenção";"Colisão Transversal";"Com Vítimas Feridas";"Pleno dia";"Crescente";"Sol";"Simples";"Curva";"Urbano";3;0;1;2;0;0;3;2
83481290;"13/07/16";"Quarta";"18:20:00";"ES";101;"147,2";"LINHARES";"Não guardar distância de segurança";"Colisão Transversal";"Com Vítimas Feridas";"Plena noite";"Decrescente";"Ceu Claro";"Múltipla";"Reta";"Urbano";2;0;1;0;1;0;1;2
83481291;"13/07/16";"Quarta";"17:05:00";"PR";369;"148";"LONDRINA";"Falta de atenção";"Queda de motocicleta / bicicleta / veículo";"Com Vítimas Feridas";"Pleno dia";"Decrescente";"Ceu Claro";"Dupla";"Reta";"Urbano";3;0;1;1;1;0;2;2
83481292;"13/07/16";"Quarta";"14:40:00";"MA";222;"675";"ACAILANDIA";"Falta de atenção";"Colisão Transversal";"Com Vítimas Feridas";"Pleno dia";"Crescente";"Ceu Claro";"Simples";"Reta";"Urbano";3;0;1;1;1;0;2;2
83481293;"13/07/16";"Quarta";"18:00:00";"PB";104;"86,5";"REMIGIO";"Ingestão de álcool";"Atropelamento de pessoa";"Com Vítimas Feridas";"Anoitecer";"Crescente";"Chuva";"Simples";"Reta";"Urbano";2;0;1;0;0;1;1;1
83481294;"10/07/16";"Domingo";"23:55:00";"RN";304;"46,1";"MOSSORO";"Desobediência à sinalização";"Colisão frontal";"Com Vítimas Fatais";"Plena noite";"Decrescente";"Ceu Claro";"Dupla";"Reta";"Urbano";4;2;0;0;2;0;0;2
83481295;"10/07/16";"Domingo";"05:27:00";"MA";222;"665";"ACAILANDIA";"Animais na Pista";"Atropelamento de animal";"Com Vítimas Feridas";"Plena noite";"Decrescente";"Nublado";"Simples";"Reta";"Urbano";2;0;2;0;0;0;2;1
83481296;"13/07/16";"Quarta";"14:00:00";"MG";116;"782,1";"LEOPOLDINA";"Velocidade incompatível";"Tombamento";"Com Vítimas Feridas";"Pleno dia";"Decrescente";"Sol";"Simples";"Curva";"Rural";1;0;1;0;0;0;1;1
83481297;"25/04/16";"Segunda";"06:30:00";"GO";40;"2";"VALPARAISO DE GOIAS";"Outras";"Queda de motocicleta / bicicleta / veículo";"Com Vítimas Feridas";"Pleno dia";"Decrescente";"Ceu Claro";"Dupla";"Reta";"Urbano";2;0;1;0;1;0;1;2
83481298;"13/07/16";"Quarta";"18:55:00";"PR";116;"129";"FAZENDA RIO GRANDE";"Falta de atenção";"Colisão traseira";"Sem Vítimas";"Plena noite";"Decrescente";"Chuva";"Dupla";"Reta";"Urbano";2;0;0;0;2;0;0;2
83481299;"13/07/16";"Quarta";"15:45:00";"CE";116;"60,4";"CHOROZINHO";"Ultrapassagem indevida";"Colisão frontal";"Com Vítimas Feridas";"Pleno dia";"Crescente";"Nublado";"Simples";"Reta";"Rural";5;0;2;0;3;0;2;2
83481300;"13/07/16";"Quarta";"18:20:00";"PE";104;"31";"TORITAMA";"Outras";"Colisão frontal";"Com Vítimas Feridas";"Plena noite";"Decrescente";"Ceu Claro";"Simples";"Reta";"Urbano";3;0;1;1;1;0;2;2
83481301;"13/07/16";"Quarta";"19:00:00";"PE";408;"100";"SAO LOURENCO DA MATA";"Falta de atenção";"Saída de Pista";"Sem Vítimas";"Plena noite";"Decrescente";"Nublado";"Dupla";"Reta";"Rural";1;0;0;0;1;0;0;1
83481302;"05/07/16";"Terça";"11:50:00";"CE";116;"3";"FORTALEZA";"Falta de atenção";"Colisão lateral";"Sem Vítimas";"Pleno dia";"Crescente";"Ceu Claro";"Dupla";"Reta";"Urbano";2;0;0;0;2;0;0;2
83481303;"09/07/16";"Sábado";"11:20:00";"RN";304;"269";"SAO PEDRO";"Velocidade incompatível";"Capotamento";"Com Vítimas Feridas";"Pleno dia";"Crescente";"Sol";"Simples";"Curva";"Rural";3;0;2;0;1;0;2;1
83481304;"13/07/16";"Quarta";"09:15:00";"MG";40;"656,4";"CRISTIANO OTONI";"Velocidade incompatível";"Capotamento";"Com Vítimas Feridas";"Pleno dia";"Decrescente";"Sol";"Simples";"Curva";"Rural";1;0;0;1;0;0;1;1
83481305;"13/07/16";"Quarta";"16:00:00";"PR";163;"142,5";"CAPITAO LEONIDAS MARQUES";"Velocidade incompatível";"Tombamento";"Com Vítimas Feridas";"Pleno dia";"Decrescente";"Ceu Claro";"Múltipla";"Curva";"Rural";1;0;1;0;0;0;1;1
83481306;"13/07/16";"Quarta";"13:30:00";"RS";116;"246";"SAO LEOPOLDO";"Falta de atenção";"Colisão traseira";"Com Vítimas Feridas";"Pleno dia";"Crescente";"Ceu Claro";"Dupla";"Reta";"Urbano";2;0;1;0;0;1;1;2
83481307;"07/07/16";"Quinta";"20:50:00";"GO";40;"19,5";"LUZIANIA";"Outras";"Colisão Transversal";"Com Vítimas Feridas";"Plena noite";"Decrescente";"Ceu Claro";"Dupla";"Reta";"Urbano";3;0;2;0;1;0;2;2
83481308;"09/07/16";"Sábado";"07:40:00";"MG";40;"473,7";"SETE LAGOAS";"Velocidade incompatível";"Saída de Pista";"Com Vítimas Feridas";"Amanhecer";"Crescente";"Sol";"Múltipla";"Curva";"Urbano";3;0;1;0;2;0;1;1
83481309;"13/07/16";"Quarta";"17:10:00";"PE";101;"59";"RECIFE";"Defeito na via";"Colisão lateral";"Com Vítimas Feridas";"Pleno dia";"Crescente";"Nublado";"Dupla";"Reta";"Rural";2;0;1;0;1;0;1;2
83481311;"13/07/16";"Quarta";"20:00:00";"CE";116;"19";"EUSEBIO";"Defeito na via";"Queda de motocicleta / bicicleta / veículo";"Com Vítimas Feridas";"Plena noite";"Decrescente";"Ignorada";"Dupla";"Curva";"Rural";2;0;2;0;0;0;2;1
83481312;"10/07/16";"Domingo";"08:40:00";"TO";153;"79";"WANDERLANDIA";"Velocidade incompatível";"Colisão traseira";"Com Vítimas Fatais";"Pleno dia";"Crescente";"Sol";"Simples";"Reta";"Rural";5;1;1;2;1;0;3;2
83481313;"13/07/16";"Quarta";"11:45:00";"PE";232;"462,2";"MIRANDIBA";"Animais na Pista";"Colisão lateral";"Sem Vítimas";"Pleno dia";"Decrescente";"Sol";"Simples";"Reta";"Rural";4;0;0;0;4;0;0;2
83481314;"13/07/16";"Quarta";"17:00:00";"GO";40;"1";"VALPARAISO DE GOIAS";"Falta de atenção";"Atropelamento de pessoa";"Com Vítimas Feridas";"Pleno dia";"Crescente";"Sol";"Dupla";"Reta";"Urbano";2;0;1;0;1;0;1;1
83481315;"09/07/16";"Sábado";"18:50:00";"MG";381;"830,5";"SAO SEBASTIAO DA BELA VISTA";"Falta de atenção";"Atropelamento de pessoa";"Com Vítimas Fatais";"Plena noite";"Decrescente";"Ceu Claro";"Dupla";"Reta";"Rural";2;1;0;0;1;0;0;1
83481316;"10/07/16";"Domingo";"01:00:00";"SP";116;"199,5";"ARUJA";"Ingestão de álcool";"Colisão com objeto fixo";"Com Vítimas Feridas";"Plena noite";"Crescente";"Nublado";"Dupla";"Reta";"Urbano";1;0;1;0;0;0;1;1
83481317;"13/07/16";"Quarta";"18:40:00";"SC";101;"413,2";"ARARANGUA";"Falta de atenção";"Colisão Transversal";"Com Vítimas Feridas";"Plena noite";"Crescente";"Nublado";"Simples";"Cruzamento";"Urbano";2;0;1;0;1;0;1;2
83481318;"13/07/16";"Quarta";"16:40:00";"MG";365;"320";"SAO GONCALO DO ABAETE";"Defeito mecânico em veículo";"Saída de Pista";"Com Vítimas Feridas";"Pleno dia";"Crescente";"Ceu Claro";"Simples";"Reta";"Rural";4;0;3;0;1;0;3;1
83481319;"13/07/16";"Quarta";"10:00:00";"MT";163;"577";"NOVA MUTUM";"Falta de atenção";"Colisão traseira";"Sem Vítimas";"Pleno dia";"Crescente";"Ceu Claro";"Simples";"Reta";"Rural";3;0;0;0;3;0;0;2
83481320;"13/07/16";"Quarta";"15:20:00";"SC";101;"48";"JOINVILLE";"Falta de atenção";"Colisão traseira";"Com Vítimas Feridas";"Pleno dia";"Decrescente";"Nublado";"Dupla";"Reta";"Urbano";2;0;1;0;1;0;1;2
83481321;"13/07/16";"Quarta";"07:40:00";"PE";101;"100";"CABO DE SANTO AGOSTINHO";"Dormindo";"Capotamento";"Sem Vítimas";"Pleno dia";"Decrescente";"Chuva";"Dupla";"Curva";"Rural";1;0;0;0;1;0;0;1
83481322;"13/06/16";"Segunda";"20:50:00";"GO";414;"440";"ANAPOLIS";"Outras";"Queda de motocicleta / bicicleta / veículo";"Com Vítimas Feridas";"Plena noite";"Crescente";"Ceu Claro";"Simples";"Curva";"Urbano";2;0;1;1;0;0;2;1
83481324;"13/07/16";"Quarta";"19:15:00";"DF";20;"34";"BRASILIA";"Defeito na via";"Queda de motocicleta / bicicleta / veículo";"Com Vítimas Feridas";"Plena noite";"Decrescente";"Ceu Claro";"Dupla";"Reta";"Rural";1;0;1;0;0;0;1;1
83481325;"13/07/16";"Quarta";"19:45:00";"RS";386;"198";"VICTOR GRAEFF";"Falta de atenção";"Saída de Pista";"Sem Vítimas";"Plena noite";"Decrescente";"Granizo";"Simples";"Reta";"Rural";1;0;0;0;1;0;0;1
83481327;"13/07/16";"Quarta";"16:55:00";"DF";70;"19,3";"BRASILIA";"Ingestão de álcool";"Queda de motocicleta / bicicleta / veículo";"Com Vítimas Feridas";"Pleno dia";"Crescente";"Ceu Claro";"Dupla";"Curva";"Rural";1;0;0;1;0;0;1;1
83481328;"13/07/16";"Quarta";"20:45:00";"SC";280;"58,8";"GUARAMIRIM";"Falta de atenção";"Colisão lateral";"Com Vítimas Feridas";"Plena noite";"Decrescente";"Chuva";"Simples";"Reta";"Urbano";2;0;1;0;1;0;1;2
83481329;"13/07/16";"Quarta";"09:40:00";"SP";153;"65,7";"SAO JOSE DO RIO PRETO";"Falta de atenção";"Colisão traseira";"Com Vítimas Feridas";"Pleno dia";"Crescente";"Sol";"Simples";"Reta";"Urbano";4;0;1;0;3;0;1;3
83481330;"13/07/16";"Quarta";"10:30:00";"PR";373;"455";"CHOPINZINHO";"Velocidade incompatível";"Saída de Pista";"Com Vítimas Feridas";"Pleno dia";"Crescente";"Chuva";"Simples";"Curva";"Rural";4;0;3;0;1;0;3;1
83481331;"13/07/16";"Quarta";"18:35:00";"PR";369;"39,4";"ANDIRA";"Falta de atenção";"Capotamento";"Com Vítimas Feridas";"Anoitecer";"Decrescente";"Ceu Claro";"Simples";"Curva";"Rural";2;0;2;0;0;0;2;1
83481332;"09/07/16";"Sábado";"19:40:00";"RJ";40;"123";"DUQUE DE CAXIAS";"Outras";"Colisão Transversal";"Com Vítimas Feridas";"Plena noite";"Crescente";"Ceu Claro";"Múltipla";"Reta";"Urbano";4;0;2;1;1;0;3;2
83481333;"13/07/16";"Quarta";"19:50:00";"GO";40;"96,9";"CRISTALINA";"Outras";"Colisão lateral";"Com Vítimas Feridas";"Plena noite";"Crescente";"Ceu Claro";"Simples";"Reta";"Urbano";2;0;1;0;1;0;1;2
83481334;"16/06/16";"Quinta";"17:30:00";"MA";222;"295";"VITORIA DO MEARIM";"Não guardar distância de segurança";"Colisão traseira";"Sem Vítimas";"Pleno dia";"Decrescente";"Ceu Claro";"Simples";"Reta";"Urbano";4;0;0;0;4;0;0;2
83481335;"13/07/16";"Quarta";"19:40:00";"SC";116;"76,4";"MONTE CASTELO";"Outras";"Colisão frontal";"Com Vítimas Feridas";"Plena noite";"Decrescente";"Chuva";"Simples";"Reta";"Rural";2;0;1;0;1;0;1;2
83481336;"13/07/16";"Quarta";"15:00:00";"RO";364;"544";"ALTO PARAISO";"Ultrapassagem indevida";"Saída de Pista";"Com Vítimas Feridas";"Pleno dia";"Decrescente";"Ceu Claro";"Simples";"Curva";"Rural";1;0;1;0;0;0;1;1
83481337;"13/07/16";"Quarta";"21:30:00";"SP";116;"212,8";"GUARULHOS";"Velocidade incompatível";"Queda de motocicleta / bicicleta / veículo";"Com Vítimas Feridas";"Plena noite";"Crescente";"Ceu Claro";"Múltipla";"Reta";"Urbano";1;0;1;0;0;0;1;1
83481338;"13/07/16";"Quarta";"21:50:00";"SC";153;"40,2";"VARGEM BONITA";"Falta de atenção";"Colisão traseira";"Com Vítimas Feridas";"Plena noite";"Crescente";"Chuva";"Simples";"Reta";"Rural";3;0;2;0;1;0;2;2
83481339;"13/07/16";"Quarta";"22:05:00";"RS";386;"346,1";"LAJEADO";"Ingestão de álcool";"Atropelamento de pessoa";"Com Vítimas Fatais";"Plena noite";"Crescente";"Chuva";"Dupla";"Reta";"Urbano";3;1;1;0;1;0;1;1
83481340;"13/07/16";"Quarta";"05:40:00";"BA";101;"831,9";"ITAMARAJU";"Outras";"Atropelamento de pessoa";"Com Vítimas Fatais";"Amanhecer";"Crescente";"Ceu Claro";"Simples";"Curva";"Rural";2;1;0;0;0;1;0;1
83481341;"13/07/16";"Quarta";"15:40:00";"PI";343;"1,2";"TERESINA";"Outras";"Colisão Transversal";"Com Vítimas Feridas";"Pleno dia";"Decrescente";"Ceu Claro";"Múltipla";"Reta";"Urbano";2;0;1;0;1;0;1;2
83481342;"13/07/16";"Quarta";"18:00:00";"GO";50;"198,6";"CATALAO";"Ultrapassagem indevida";"Colisão lateral";"Com Vítimas Feridas";"Anoitecer";"Crescente";"Ceu Claro";"Simples";"Reta";"Rural";14;0;6;3;2;3;9;2
83481343;"09/07/16";"Sábado";"19:40:00";"MG";459;"96,8";"POUSO ALEGRE";"Falta de atenção";"Colisão traseira";"Ignorado";"Plena noite";"Crescente";"Ceu Claro";"Simples";"Reta";"Rural";2;0;0;0;0;2;0;2
83481344;"13/07/16";"Quarta";"09:00:00";"MG";262;"691,1";"ARAXA";"Outras";"Saída de Pista";"Sem Vítimas";"Pleno dia";"Crescente";"Sol";"Simples";"Curva";"Rural";1;0;0;0;1;0;0;1
83481345;"13/07/16";"Quarta";"22:00:00";"SC";101;"96";"BARRA VELHA";"Ingestão de álcool";"Colisão lateral";"Sem Vítimas";"Plena noite";"Decrescente";"Chuva";"Dupla";"Reta";"Rural";2;0;0;0;2;0;0;2
83481346;"13/07/16";"Quarta";"19:50:00";"SE";101;"176";"SANTA LUZIA DO ITANHY";"Outras";"Colisão frontal";"Com Vítimas Feridas";"Plena noite";"Decrescente";"Ignorada";"Simples";"Reta";"Rural";3;0;0;2;0;1;2;2
83481347;"09/07/16";"Sábado";"15:30:00";"MG";40;"358,1";"FELIXLANDIA";"Falta de atenção";"Colisão Transversal";"Com Vítimas Feridas";"Pleno dia";"Decrescente";"Ceu Claro";"Simples";"Reta";"Rural";5;0;3;0;2;0;3;2
83481348;"13/07/16";"Quarta";"17:40:00";"RS";386;"112";"CONSTANTINA";"Falta de atenção";"Colisão Transversal";"Com Vítimas Feridas";"Anoitecer";"Crescente";"Chuva";"Simples";"Cruzamento";"Rural";2;0;1;0;1;0;1;2
83481349;"13/07/16";"Quarta";"11:30:00";"MT";163;"609";"NOVA MUTUM";"Falta de atenção";"Saída de Pista";"Sem Vítimas";"Pleno dia";"Decrescente";"Ceu Claro";"Simples";"Reta";"Rural";1;0;0;0;1;0;0;1
83481350;"13/07/16";"Quarta";"21:30:00";"RS";101;"17,9";"TRES CACHOEIRAS";"Falta de atenção";"Colisão lateral";"Com Vítimas Feridas";"Plena noite";"Decrescente";"Chuva";"Dupla";"Curva";"Urbano";2;0;1;0;1;0;1;2
83481351;"13/07/16";"Quarta";"23:25:00";"SC";101;"282,1";"IMBITUBA";"Velocidade incompatível";"Saída de Pista";"Com Vítimas Feridas";"Plena noite";"Decrescente";"Chuva";"Simples";"Reta";"Urbano";1;0;1;0;0;0;1;1
83481352;"13/07/16";"Quarta";"23:00:00";"RS";470;"339";"TRIUNFO";"Desobediência à sinalização";"Colisão Transversal";"Com Vítimas Feridas";"Plena noite";"Crescente";"Nublado";"Simples";"Reta";"Urbano";3;0;3;0;0;0;3;2
83481353;"13/07/16";"Quarta";"19:45:00";"PA";316;"23";"BENEVIDES";"Falta de atenção";"Colisão com bicicleta";"Com Vítimas Feridas";"Plena noite";"Crescente";"Ceu Claro";"Dupla";"Reta";"Rural";2;0;1;0;1;0;1;2
83481354;"13/07/16";"Quarta";"21:35:00";"MG";50;"74";"UBERLANDIA";"Falta de atenção";"Capotamento";"Sem Vítimas";"Plena noite";"Decrescente";"Ceu Claro";"Dupla";"Reta";"Urbano";1;0;0;0;1;0;0;1
83481355;"13/07/16";"Quarta";"12:20:00";"BA";324;"604";"SIMOES FILHO";"Falta de atenção";"Colisão lateral";"Sem Vítimas";"Pleno dia";"Decrescente";"Sol";"Dupla";"Reta";"Rural";3;0;0;0;3;0;0;2
83481356;"09/07/16";"Sábado";"16:10:00";"RR";174;"506";"BOA VISTA";"Desobediência à sinalização";"Colisão Transversal";"Sem Vítimas";"Pleno dia";"Crescente";"Ceu Claro";"Dupla";"Reta";"Urbano";2;0;0;0;2;0;0;2
83481357;"13/07/16";"Quarta";"22:10:00";"RS";116;"40,3";"VACARIA";"Outras";"Colisão Transversal";"Sem Vítimas";"Plena noite";"Crescente";"Chuva";"Simples";"Cruzamento";"Urbano";2;0;0;0;2;0;0;2
83481358;"13/07/16";"Quarta";"22:55:00";"MS";163;"223,1";"CAARAPO";"Outras";"Colisão traseira";"Sem Vítimas";"Plena noite";"Decrescente";"Ignorada";"Simples";"Reta";"Rural";3;0;0;0;1;2;0;2
83481359;"14/07/16";"Quinta";"01:00:00";"SC";101;"129";"BALNEARIO CAMBORIU";"Velocidade incompatível";"Colisão com objeto fixo";"Sem Vítimas";"Plena noite";"Decrescente";"Chuva";"Dupla";"Curva";"Urbano";1;0;0;0;1;0;0;1
83481360;"10/07/16";"Domingo";"01:40:00";"SC";101;"133,1";"BALNEARIO CAMBORIU";"Outras";"Queda de motocicleta / bicicleta / veículo";"Com Vítimas Feridas";"Plena noite";"Crescente";"Ignorada";"Dupla";"Reta";"Urbano";1;0;1;0;0;0;1;1
83481361;"09/07/16";"Sábado";"17:30:00";"SC";101;"132,5";"BALNEARIO CAMBORIU";"Defeito mecânico em veículo";"Queda de motocicleta / bicicleta / veículo";"Com Vítimas Feridas";"Pleno dia";"Crescente";"Sol";"Dupla";"Reta";"Urbano";4;0;2;0;2;0;2;3
83481362;"13/07/16";"Quarta";"23:45:00";"PR";277;"327,2";"GUARAPUAVA";"Dormindo";"Saída de Pista";"Sem Vítimas";"Plena noite";"Crescente";"Ceu Claro";"Simples";"Curva";"Rural";1;0;0;0;1;0;0;1
83481364;"13/07/16";"Quarta";"15:30:00";"BA";324;"527";"FEIRA DE SANTANA";"Não guardar distância de segurança";"Colisão traseira";"Sem Vítimas";"Pleno dia";"Crescente";"Nublado";"Dupla";"Reta";"Rural";2;0;0;0;2;0;0;2
83481365;"13/07/16";"Quarta";"20:25:00";"MG";381;"496,5";"BETIM";"Falta de atenção";"Queda de motocicleta / bicicleta / veículo";"Com Vítimas Feridas";"Plena noite";"Crescente";"Ceu Claro";"Dupla";"Reta";"Urbano";1;0;1;0;0;0;1;1
83481366;"13/07/16";"Quarta";"11:00:00";"SP";153;"200";"GETULINA";"Outras";"Colisão lateral";"Com Vítimas Feridas";"Pleno dia";"Crescente";"Ceu Claro";"Simples";"Reta";"Rural";3;0;1;1;1;0;2;2
83481367;"13/07/16";"Quarta";"21:15:00";"PR";277;"267,2";"IRATI";"Velocidade incompatível";"Colisão com objeto fixo";"Com Vítimas Fatais";"Plena noite";"Decrescente";"Nublado";"Simples";"Curva";"Rural";4;1;0;3;0;0;3;1
83481368;"14/07/16";"Quinta";"02:00:00";"GO";153;"665";"GOIATUBA";"Animais na Pista";"Atropelamento de animal";"Sem Vítimas";"Plena noite";"Crescente";"Ceu Claro";"Dupla";"Reta";"Rural";1;0;0;0;1;0;0;1
83481369;"13/07/16";"Quarta";"23:52:00";"GO";414;"294";"VILA PROPICIO";"Animais na Pista";"Atropelamento de animal";"Com Vítimas Feridas";"Plena noite";"Decrescente";"Ceu Claro";"Simples";"Reta";"Rural";5;0;1;0;4;0;1;1
83481370;"13/07/16";"Quarta";"11:20:00";"MA";10;"322";"ACAILANDIA";"Ultrapassagem indevida";"Colisão lateral";"Com Vítimas Feridas";"Pleno dia";"Decrescente";"Ceu Claro";"Simples";"Reta";"Urbano";3;0;0;2;1;0;2;2
83481371;"10/07/16";"Domingo";"02:45:00";"PI";343;"345,4";"TERESINA";"Falta de atenção";"Colisão com objeto fixo";"Com Vítimas Feridas";"Plena noite";"Crescente";"Ceu Claro";"Dupla";"Reta";"Urbano";4;0;3;0;0;1;3;1
83481372;"13/07/16";"Quarta";"22:05:00";"MG";381;"529";"BRUMADINHO";"Dormindo";"Colisão com objeto fixo";"Com Vítimas Feridas";"Plena noite";"Decrescente";"Ceu Claro";"Dupla";"Curva";"Rural";1;0;1;0;0;0;1;1
83481373;"13/07/16";"Quarta";"19:10:00";"PR";163;"24";"SANTO ANTONIO DO SUDOESTE";"Outras";"Saída de Pista";"Com Vítimas Feridas";"Plena noite";"Crescente";"Chuva";"Simples";"Curva";"Rural";2;0;1;0;1;0;1;2
83481374;"14/07/16";"Quinta";"01:30:00";"MG";153;"148,9";"CAMPO FLORIDO";"Animais na Pista";"Atropelamento de animal";"Sem Vítimas";"Plena noite";"Crescente";"Ceu Claro";"Simples";"Reta";"Rural";1;0;0;0;1;0;0;1
83481375;"13/07/16";"Quarta";"18:01:00";"PB";104;"87";"REMIGIO";"Ingestão de álcool";"Colisão lateral";"Sem Vítimas";"Anoitecer";"Decrescente";"Chuva";"Simples";"Reta";"Urbano";2;0;0;0;2;0;0;2
83481376;"14/07/16";"Quinta";"03:20:00";"SP";116;"115,5";"TAUBATE";"Dormindo";"Colisão traseira";"Com Vítimas Feridas";"Plena noite";"Crescente";"Ceu Claro";"Dupla";"Reta";"Urbano";2;0;1;0;1;0;1;2
83481377;"13/07/16";"Quarta";"23:20:00";"SC";101;"21";"JOINVILLE";"Falta de atenção";"Saída de Pista";"Sem Vítimas";"Plena noite";"Crescente";"Nublado";"Dupla";"Curva";"Rural";1;0;0;0;1;0;0;1
83481378;"14/07/16";"Quinta";"03:50:00";"SC";101;"77";"ARAQUARI";"Outras";"Colisão traseira";"Sem Vítimas";"Plena noite";"Decrescente";"Chuva";"Dupla";"Curva";"Rural";2;0;0;0;2;0;0;2
83481379;"13/07/16";"Quarta";"23:55:00";"RJ";101;"295";"ITABORAI";"Outras";"Capotamento";"Com Vítimas Feridas";"Plena noite";"Crescente";"Ceu Claro";"Dupla";"Reta";"Urbano";1;0;1;0;0;0;1;1
83481380;"14/07/16";"Quinta";"03:15:00";"SC";282;"52";"RANCHO QUEIMADO";"Velocidade incompatível";"Tombamento";"Sem Vítimas";"Plena noite";"Decrescente";"Chuva";"Simples";"Curva";"Rural";1;0;0;0;1;0;0;1
83481381;"13/07/16";"Quarta";"18:35:00";"ES";101;"377";"ICONHA";"Falta de atenção";"Colisão Transversal";"Com Vítimas Feridas";"Plena noite";"Decrescente";"Ceu Claro";"Simples";"Reta";"Urbano";2;0;0;1;1;0;1;2
83481382;"13/07/16";"Quarta";"17:30:00";"MG";381;"147";"GOVERNADOR VALADARES";"Falta de atenção";"Atropelamento de pessoa";"Com Vítimas Feridas";"Pleno dia";"Crescente";"Ceu Claro";"Simples";"Reta";"Urbano";2;0;2;0;0;0;2;1
83481383;"13/07/16";"Quarta";"14:00:00";"PE";101;"85";"JABOATAO DOS GUARARAPES";"Falta de atenção";"Colisão frontal";"Com Vítimas Feridas";"Pleno dia";"Crescente";"Sol";"Simples";"Reta";"Urbano";2;0;1;0;1;0;1;2
83481384;"14/07/16";"Quinta";"05:20:00";"SC";101;"255";"PAULO LOPES";"Defeito na via";"Saída de Pista";"Sem Vítimas";"Plena noite";"Decrescente";"Chuva";"Dupla";"Curva";"Rural";1;0;0;0;1;0;0;1
83481385;"13/07/16";"Quarta";"16:30:00";"BA";116;"7,1";"VITORIA DA CONQUISTA";"Falta de atenção";"Atropelamento de pessoa";"Com Vítimas Feridas";"Pleno dia";"Crescente";"Sol";"Simples";"Reta";"Urbano";2;0;1;0;1;0;1;1
83481386;"11/07/16";"Segunda";"00:10:00";"PB";101;"22";"JOAO PESSOA";"Velocidade incompatível";"Colisão com objeto fixo";"Ignorado";"Plena noite";"Decrescente";"Ceu Claro";"Dupla";"Reta";"Urbano";1;0;0;0;0;1;0;1
83481387;"07/07/16";"Quinta";"07:00:00";"PB";230;"1,8";"CABEDELO";"Não guardar distância de segurança";"Colisão traseira";"Sem Vítimas";"Pleno dia";"Decrescente";"Sol";"Simples";"Reta";"Urbano";2;0;0;0;2;0;0;2
83481389;"11/07/16";"Segunda";"06:05:00";"RS";116;"298,3";"GUAIBA";"Dormindo";"Saída de Pista";"Sem Vítimas";"Amanhecer";"Crescente";"Chuva";"Dupla";"Reta";"Urbano";1;0;0;0;1;0;0;1
83481391;"14/07/16";"Quinta";"06:20:00";"RS";290;"91";"PORTO ALEGRE";"Falta de atenção";"Colisão com objeto móvel";"Com Vítimas Feridas";"Amanhecer";"Decrescente";"Nublado";"Simples";"Reta";"Rural";2;0;1;0;1;0;1;2
83481392;"14/07/16";"Quinta";"06:00:00";"PR";476;"174,5";"CONTENDA";"Outras";"Queda de motocicleta / bicicleta / veículo";"Com Vítimas Feridas";"Amanhecer";"Decrescente";"Nublado";"Simples";"Reta";"Rural";1;0;1;0;0;0;1;1
83481393;"13/07/16";"Quarta";"19:40:00";"MS";262;"323,9";"CAMPO GRANDE";"Desobediência à sinalização";"Colisão Transversal";"Com Vítimas Feridas";"Plena noite";"Decrescente";"Ceu Claro";"Simples";"Reta";"Urbano";3;0;2;0;1;0;2;2
83481394;"13/07/16";"Quarta";"18:20:00";"CE";222;"301,6";"TIANGUA";"Falta de atenção";"Queda de motocicleta / bicicleta / veículo";"Com Vítimas Feridas";"Plena noite";"Decrescente";"Ceu Claro";"Simples";"Curva";"Rural";2;0;1;1;0;0;2;1
83481395;"14/07/16";"Quinta";"01:15:00";"MG";381;"835,2";"SAO SEBASTIAO DA BELA VISTA";"Outras";"Incêndio";"Ignorado";"Plena noite";"Decrescente";"Ceu Claro";"Dupla";"Reta";"Rural";1;0;0;0;0;1;0;1
83481396;"14/07/16";"Quinta";"07:00:00";"RS";285;"297,5";"PASSO FUNDO";"Falta de atenção";"Colisão frontal";"Sem Vítimas";"Amanhecer";"Decrescente";"Chuva";"Simples";"Reta";"Urbano";5;0;0;0;4;1;0;3
83481397;"14/07/16";"Quinta";"05:40:00";"RS";116;"2";"PORTO ALEGRE";"Ingestão de álcool";"Colisão com objeto fixo";"Com Vítimas Feridas";"Plena noite";"Decrescente";"Chuva";"Múltipla";"Reta";"Urbano";7;0;1;4;2;0;5;1