"id";"data_inversa";"dia_semana";"horario";"uf";"br";"km";"municipio";"causa_acidente";"tipo_acidente";"classificacao_acidente";"fase_dia";"sentido_via";"condicao_metereologica";"tipo_pista";"tracado_via";"uso_solo";"pessoas";"mortos";"feridos_leves";"feridos_graves";"ilesos";"ignorados";"feridos";"veiculos"
83481515;"14/07/16";"Quinta";"11:00:00";"RS";386;"292,2";"POUSO NOVO";"Velocidade incompatível";"Colisão frontal";"Com Vítimas Feridas";"Pleno dia";"Decrescente";"Chuva";"Simples";"Curva";"Rural";2;0;1;0;1;0;1;2
83481516;"10/07/16";"Domingo";"16:00:00";"MG";40;"343";"FELIXLANDIA";"Animais na Pista";"Queda de motocicleta / bicicleta / veículo";"Com Vítimas Feridas";"Pleno dia";"Crescente";"Ceu Claro";"Simples";"Reta";"Rural";1;0;1;0;0;0;1;1
83481517;"06/07/16";"Quarta";"19:00:00";"SC";101;"213,2";"PALHOCA";"Falta de atenção";"Colisão lateral";"Sem Vítimas";"Plena noite";"Crescente";"Ceu Claro";"Múltipla";"Reta";"Urbano";2;0;0;0;2;0;0;2
83481518;"14/07/16";"Quinta";"09:40:00";"ES";101;"297,8";"VIANA";"Falta de atenção";"Colisão Transversal";"Com Vítimas Feridas";"Pleno dia";"Decrescente";"Ceu Claro";"Dupla";"Reta";"Urbano";2;0;2;0;0;0;2;2
83481519;"14/07/16";"Quinta";"13:10:00";"RS";448;"18";"CANOAS";"Defeito mecânico em veículo";"Colisão com objeto fixo";"Sem Vítimas";"Pleno dia";"Decrescente";"Chuva";"Dupla";"Reta";"Urbano";1;0;0;0;1;0;0;1
83481520;"10/07/16";"Domingo";"19:40:00";"RJ";393;"282";"VOLTA REDONDA";"Outras";"Colisão traseira";"Sem Vítimas";"Plena noite";"Crescente";"Nublado";"Simples";"Reta";"Urbano";3;0;0;0;2;1;0;3
83481521;"10/07/16";"Domingo";"20:19:00";"MG";381;"504";"BETIM";"Ingestão de álcool";"Colisão frontal";"Com Vítimas Feridas";"Plena noite";"Crescente";"Ceu Claro";"Dupla";"Reta";"Urbano";2;0;0;1;1;0;1;2
83481522;"14/07/16";"Quinta";"14:55:00";"SP";116;"379,2";"MIRACATU";"Velocidade incompatível";"Colisão com objeto fixo";"Sem Vítimas";"Pleno dia";"Crescente";"Ceu Claro";"Dupla";"Reta";"Rural";1;0;0;0;1;0;0;1
83481523;"10/07/16";"Domingo";"14:30:00";"RJ";116;"61";"TERESOPOLIS";"Defeito mecânico em veículo";"Saída de Pista";"Com Vítimas Fatais";"Pleno dia";"Decrescente";"Ceu Claro";"Simples";"Curva";"Urbano";2;2;0;0;0;0;0;1
83481524;"14/07/16";"Quinta";"10:00:00";"RO";364;"818";"PORTO VELHO";"Dormindo";"Saída de Pista";"Sem Vítimas";"Pleno dia";"Decrescente";"Ceu Claro";"Simples";"Curva";"Rural";1;0;0;0;1;0;0;1
83481525;"14/07/16";"Quinta";"14:15:00";"ES";393;"0,1";"CACHOEIRO DE ITAPEMIRIM";"Não guardar distância de segurança";"Colisão traseira";"Com Vítimas Feridas";"Pleno dia";"Decrescente";"Ceu Claro";"Simples";"Reta";"Urbano";3;0;0;1;2;0;1;2
83481526;"14/07/16";"Quinta";"16:05:00";"RJ";101;"300";"SAO GONCALO";"Outras";"Colisão lateral";"Sem Vítimas";"Pleno dia";"Crescente";"Ceu Claro";"Dupla";"Reta";"Urbano";2;0;0;0;2;0;0;2
83481527;"14/07/16";"Quinta";"08:00:00";"RO";319;"63,1";"PORTO VELHO";"Velocidade incompatível";"Colisão traseira";"Com Vítimas Fatais";"Pleno dia";"Decrescente";"Ceu Claro";"Dupla";"Reta";"Urbano";3;1;0;0;1;1;0;3
83481528;"14/07/16";"Quinta";"12:30:00";"PB";110;"57,9";"SAO JOSE DE ESPINHARAS";"Defeito mecânico em veículo";"Saída de Pista";"Sem Vítimas";"Pleno dia";"Decrescente";"Ceu Claro";"Simples";"Reta";"Rural";1;0;0;0;1;0;0;1
83481529;"14/07/16";"Quinta";"08:50:00";"GO";153;"442";"ANAPOLIS";"Falta de atenção";"Colisão traseira";"Sem Vítimas";"Pleno dia";"Decrescente";"Sol";"Dupla";"Reta";"Urbano";2;0;0;0;2;0;0;2
83481530;"11/07/16";"Segunda";"05:50:00";"RJ";393;"270";"BARRA DO PIRAI";"Defeito mecânico em veículo";"Incêndio";"Sem Vítimas";"Pleno dia";"Decrescente";"Nublado";"Simples";"Reta";"Rural";1;0;0;0;1;0;0;1
83481531;"14/07/16";"Quinta";"13:40:00";"GO";153;"500";"GOIANIA";"Defeito mecânico em veículo";"Queda de motocicleta / bicicleta / veículo";"Com Vítimas Feridas";"Pleno dia";"Decrescente";"Sol";"Dupla";"Reta";"Urbano";2;0;2;0;0;0;2;1
83481532;"14/07/16";"Quinta";"13:45:00";"SC";101;"197";"BIGUACU";"Falta de atenção";"Colisão traseira";"Com Vítimas Feridas";"Pleno dia";"Crescente";"Nublado";"Múltipla";"Reta";"Urbano";3;0;3;0;0;0;3;2
83481533;"14/07/16";"Quinta";"12:55:00";"RS";386;"291,8";"POUSO NOVO";"Falta de atenção";"Colisão traseira";"Com Vítimas Feridas";"Pleno dia";"Crescente";"Chuva";"Simples";"Reta";"Rural";4;0;1;0;3;0;1;3
83481534;"10/07/16";"Domingo";"14:00:00";"SC";101;"184";"BIGUACU";"Falta de atenção";"Colisão com objeto fixo";"Com Vítimas Feridas";"Pleno dia";"Crescente";"Ceu Claro";"Dupla";"Reta";"Urbano";1;0;1;0;0;0;1;1
83481535;"10/07/16";"Domingo";"19:50:00";"PR";158;"392";"LARANJEIRAS DO SUL";"Defeito mecânico em veículo";"Incêndio";"Sem Vítimas";"Plena noite";"Crescente";"Ceu Claro";"Simples";"Reta";"Rural";1;0;0;0;1;0;0;1
83481536;"10/07/16";"Domingo";"00:35:00";"ES";101;"146,7";"LINHARES";"Ingestão de álcool";"Colisão lateral";"Com Vítimas Feridas";"Pleno dia";"Crescente";"Nublado";"Múltipla";"Reta";"Urbano";3;0;2;0;1;0;2;2
83481537;"12/07/16";"Terça";"22:10:00";"MA";135;"291,1";"DOM PEDRO";"Outras";"Atropelamento de pessoa";"Com Vítimas Fatais";"Plena noite";"Decrescente";"Ceu Claro";"Simples";"Reta";"Rural";2;1;0;0;1;0;0;1
83481538;"14/07/16";"Quinta";"14:00:00";"BA";324;"607";"SIMOES FILHO";"Falta de atenção";"Colisão lateral";"Sem Vítimas";"Pleno dia";"Decrescente";"Sol";"Dupla";"Reta";"Rural";2;0;0;0;2;0;0;2
83481539;"14/07/16";"Quinta";"12:30:00";"SC";280;"73";"JARAGUA DO SUL";"Defeito mecânico em veículo";"Saída de Pista";"Sem Vítimas";"Pleno dia";"Decrescente";"Nublado";"Dupla";"Curva";"Rural";1;0;0;0;1;0;0;1
83481540;"09/07/16";"Sábado";"21:00:00";"MS";267;"212";"NOVA ALVORADA DO SUL";"Outras";"Colisão frontal";"Com Vítimas Fatais";"Plena noite";"Decrescente";"Ceu Claro";"Simples";"Reta";"Rural";3;2;0;1;0;0;1;2
83481541;"14/07/16";"Quinta";"11:40:00";"MT";364;"270,5";"JACIARA";"Falta de atenção";"Colisão lateral";"Com Vítimas Feridas";"Pleno dia";"Decrescente";"Ceu Claro";"Dupla";"Reta";"Urbano";3;0;2;0;1;0;2;2
83481542;"13/07/16";"Quarta";"12:50:00";"RN";110;"8,3";"AREIA BRANCA";"Falta de atenção";"Colisão Transversal";"Com Vítimas Feridas";"Pleno dia";"Crescente";"Ceu Claro";"Simples";"Reta";"Rural";5;0;2;1;2;0;3;2
83481543;"14/07/16";"Quinta";"16:35:00";"SC";101;"216";"PALHOCA";"Velocidade incompatível";"Colisão Transversal";"Sem Vítimas";"Pleno dia";"Crescente";"Chuva";"Simples";"Reta";"Urbano";2;0;0;0;2;0;0;2
83481544;"29/04/16";"Sexta";"13:03:00";"MG";381;"337,5";"NOVA ERA";"Velocidade incompatível";"Saída de Pista";"Sem Vítimas";"Pleno dia";"Crescente";"Chuva";"Simples";"Curva";"Rural";1;0;0;0;1;0;0;1
83481545;"14/06/16";"Terça";"06:30:00";"RJ";101;"256";"RIO BONITO";"Outras";"Colisão lateral";"Sem Vítimas";"Amanhecer";"Decrescente";"Ceu Claro";"Simples";"Reta";"Rural";2;0;0;0;1;1;0;2
83481546;"10/07/16";"Domingo";"08:00:00";"RJ";40;"112";"DUQUE DE CAXIAS";"Falta de atenção";"Tombamento";"Com Vítimas Feridas";"Amanhecer";"Decrescente";"Ceu Claro";"Múltipla";"Reta";"Urbano";1;0;0;1;0;0;1;1
83481547;"10/07/16";"Domingo";"18:05:00";"SC";470;"91,6";"ASCURRA";"Falta de atenção";"Colisão Transversal";"Com Vítimas Feridas";"Plena noite";"Crescente";"Ceu Claro";"Simples";"Reta";"Urbano";3;0;1;0;2;0;1;2
83481548;"14/07/16";"Quinta";"11:45:00";"GO";40;"22";"LUZIANIA";"Outras";"Colisão com objeto fixo";"Ignorado";"Pleno dia";"Decrescente";"Ceu Claro";"Dupla";"Reta";"Urbano";1;0;0;0;0;1;0;1
83481549;"10/07/16";"Domingo";"16:00:00";"GO";153;"527,5";"HIDROLANDIA";"Velocidade incompatível";"Colisão traseira";"Sem Vítimas";"Pleno dia";"Decrescente";"Sol";"Dupla";"Curva";"Rural";2;0;0;0;2;0;0;2
83481550;"14/07/16";"Quinta";"16:00:00";"SC";470;"214,4";"SAO CRISTOVAO DO SUL";"Velocidade incompatível";"Saída de Pista";"Com Vítimas Feridas";"Pleno dia";"Crescente";"Chuva";"Simples";"Reta";"Rural";2;0;0;1;1;0;1;1
83481551;"14/07/16";"Quinta";"17:15:00";"RS";116;"145,7";"CAXIAS DO SUL";"Velocidade incompatível";"Colisão com objeto fixo";"Sem Vítimas";"Pleno dia";"Crescente";"Chuva";"Dupla";"Reta";"Urbano";1;0;0;0;1;0;0;1
83481552;"14/07/16";"Quinta";"15:30:00";"SP";116;"230";"SAO PAULO";"Ultrapassagem indevida";"Colisão lateral";"Com Vítimas Feridas";"Pleno dia";"Decrescente";"Sol";"Dupla";"Reta";"Urbano";2;0;1;0;1;0;1;2
83481553;"14/07/16";"Quinta";"15:40:00";"PR";376;"164";"MARINGA";"Outras";"Saída de Pista";"Com Vítimas Feridas";"Pleno dia";"Decrescente";"Sol";"Dupla";"Reta";"Rural";5;0;4;1;0;0;5;1
83481554;"14/07/16";"Quinta";"09:10:00";"RS";386;"357,2";"ESTRELA";"Velocidade incompatível";"Colisão frontal";"Com Vítimas Feridas";"Pleno dia";"Crescente";"Chuva";"Simples";"Reta";"Urbano";2;0;2;0;0;0;2;2
83481555;"12/07/16";"Terça";"03:29:00";"RJ";116;"329,8";"RESENDE";"Outras";"Colisão com objeto fixo";"Sem Vítimas";"Plena noite";"Crescente";"Ceu Claro";"Dupla";"Reta";"Rural";1;0;0;0;1;0;0;1
83481556;"10/07/16";"Domingo";"15:50:00";"AM";319;"582";"HUMAITA";"Outras";"Saída de Pista";"Com Vítimas Feridas";"Pleno dia";"Crescente";"Sol";"Simples";"Reta";"Rural";1;0;0;1;0;0;1;1
83481557;"14/07/16";"Quinta";"18:30:00";"SC";101;"232,2";"PALHOCA";"Outras";"Saída de Pista";"Com Vítimas Feridas";"Plena noite";"Decrescente";"Chuva";"Dupla";"Curva";"Rural";1;0;1;0;0;0;1;1
83481558;"14/07/16";"Quinta";"18:35:00";"RS";290;"73";"GRAVATAI";"Não guardar distância de segurança";"Colisão traseira";"Com Vítimas Feridas";"Plena noite";"Crescente";"Chuva";"Dupla";"Reta";"Rural";2;0;1;0;0;1;1;2
83481559;"14/07/16";"Quinta";"10:00:00";"AL";101;"47,4";"FLEXEIRAS";"Não guardar distância de segurança";"Colisão traseira";"Sem Vítimas";"Pleno dia";"Decrescente";"Ceu Claro";"Simples";"Reta";"Rural";2;0;0;0;2;0;0;2
83481560;"14/07/16";"Quinta";"18:00:00";"SC";101;"198";"BIGUACU";"Outras";"Colisão Transversal";"Com Vítimas Feridas";"Plena noite";"Decrescente";"Chuva";"Dupla";"Reta";"Urbano";2;0;1;0;1;0;1;2
83481561;"14/07/16";"Quinta";"17:00:00";"GO";50;"280,6";"CATALAO";"Falta de atenção";"Colisão lateral";"Com Vítimas Feridas";"Pleno dia";"Crescente";"Ignorada";"Simples";"Reta";"Rural";4;0;2;0;2;0;2;2
83481562;"14/07/16";"Quinta";"18:50:00";"SE";235;"51";"ITABAIANA";"Falta de atenção";"Colisão lateral";"Sem Vítimas";"Plena noite";"Crescente";"Ceu Claro";"Múltipla";"Cruzamento";"Urbano";2;0;0;0;2;0;0;2
83481564;"14/07/16";"Quinta";"18:00:00";"PR";476;"133";"CURITIBA";"Falta de atenção";"Colisão traseira";"Com Vítimas Feridas";"Plena noite";"Decrescente";"Ceu Claro";"Múltipla";"Cruzamento";"Urbano";2;0;1;0;1;0;1;2
83481565;"14/07/16";"Quinta";"16:00:00";"PE";116;"40,5";"SALGUEIRO";"Ultrapassagem indevida";"Colisão frontal";"Com Vítimas Feridas";"Pleno dia";"Crescente";"Sol";"Simples";"Reta";"Rural";4;0;3;0;1;0;3;2
83481566;"14/07/16";"Quinta";"11:50:00";"SC";282;"633";"DESCANSO";"Defeito na via";"Saída de Pista";"Sem Vítimas";"Pleno dia";"Decrescente";"Nublado";"Simples";"Curva";"Rural";1;0;0;0;1;0;0;1
83481567;"14/07/16";"Quinta";"17:15:00";"SC";282;"2";"FLORIANOPOLIS";"Não guardar distância de segurança";"Colisão traseira";"Com Vítimas Feridas";"Anoitecer";"Crescente";"Chuva";"Dupla";"Reta";"Urbano";2;0;1;0;1;0;1;2
83481568;"11/07/16";"Segunda";"11:50:00";"MG";40;"504";"ESMERALDAS";"Defeito mecânico em veículo";"Saída de Pista";"Com Vítimas Feridas";"Pleno dia";"Decrescente";"Sol";"Dupla";"Reta";"Urbano";2;0;0;1;1;0;1;1
83481569;"14/07/16";"Quinta";"18:55:00";"BA";116;"765,5";"POCOES";"Outras";"Capotamento";"Com Vítimas Feridas";"Anoitecer";"Decrescente";"Ceu Claro";"Simples";"Reta";"Rural";1;0;1;0;0;0;1;1
83481570;"14/07/16";"Quinta";"12:20:00";"SC";282;"48,3";"AGUAS MORNAS";"Velocidade incompatível";"Capotamento";"Sem Vítimas";"Pleno dia";"Crescente";"Chuva";"Simples";"Curva";"Rural";1;0;0;0;1;0;0;1
83481571;"14/07/16";"Quinta";"14:20:00";"SC";282;"106,3";"ALFREDO WAGNER";"Ingestão de álcool";"Colisão lateral";"Com Vítimas Feridas";"Pleno dia";"Decrescente";"Chuva";"Simples";"Curva";"Rural";2;0;1;0;1;0;1;2
83481572;"14/07/16";"Quinta";"18:30:00";"SC";158;"117";"CUNHA PORA";"Não guardar distância de segurança";"Colisão traseira";"Sem Vítimas";"Plena noite";"Decrescente";"Chuva";"Simples";"Reta";"Rural";2;0;0;0;2;0;0;2
83481573;"14/07/16";"Quinta";"14:10:00";"MT";163;"641,3";"NOVA MUTUM";"Falta de atenção";"Saída de Pista";"Com Vítimas Feridas";"Pleno dia";"Decrescente";"Sol";"Simples";"Reta";"Rural";1;0;1;0;0;0;1;1
83481574;"14/07/16";"Quinta";"13:00:00";"PE";101;"72";"RECIFE";"Não guardar distância de segurança";"Queda de motocicleta / bicicleta / veículo";"Com Vítimas Feridas";"Pleno dia";"Crescente";"Ceu Claro";"Dupla";"Curva";"Urbano";3;0;2;0;0;1;2;2
83481575;"14/07/16";"Quinta";"09:00:00";"SE";235;"54";"ITABAIANA";"Não guardar distância de segurança";"Colisão traseira";"Com Vítimas Feridas";"Pleno dia";"Crescente";"Ceu Claro";"Simples";"Reta";"Rural";2;0;1;0;0;1;1;2
83481576;"14/07/16";"Quinta";"18:30:00";"GO";153;"496";"GOIANIA";"Outras";"Atropelamento de pessoa";"Com Vítimas Feridas";"Anoitecer";"Decrescente";"Ceu Claro";"Dupla";"Reta";"Urbano";2;0;0;1;0;1;1;1
83481577;"14/07/16";"Quinta";"15:30:00";"MT";364;"459";"VARZEA GRANDE";"Não guardar distância de segurança";"Colisão Transversal";"Sem Vítimas";"Pleno dia";"Decrescente";"Sol";"Simples";"Reta";"Rural";6;0;0;0;6;0;0;2
83481578;"14/07/16";"Quinta";"10:50:00";"RS";285;"208,5";"LAGOA VERMELHA";"Falta de atenção";"Colisão Transversal";"Com Vítimas Feridas";"Pleno dia";"Crescente";"Chuva";"Simples";"Reta";"Rural";2;0;1;0;1;0;1;2
83481579;"10/07/16";"Domingo";"16:30:00";"TO";153;"362";"FORTALEZA DO TABOCAO";"Ultrapassagem indevida";"Capotamento";"Sem Vítimas";"Pleno dia";"Decrescente";"Sol";"Simples";"Reta";"Urbano";4;0;0;0;4;0;0;1
83481580;"14/07/16";"Quinta";"16:30:00";"MG";365;"602";"UBERLANDIA";"Não guardar distância de segurança";"Colisão traseira";"Sem Vítimas";"Pleno dia";"Decrescente";"Ceu Claro";"Simples";"Reta";"Rural";3;0;0;0;3;0;0;3
83481581;"14/07/16";"Quinta";"16:15:00";"PR";116;"77";"QUATRO BARRAS";"Outras";"Tombamento";"Sem Vítimas";"Pleno dia";"Crescente";"Sol";"Dupla";"Reta";"Rural";1;0;0;0;1;0;0;1
83481582;"14/07/16";"Quinta";"06:30:00";"BA";324;"621";"SALVADOR";"Outras";"Colisão com objeto fixo";"Com Vítimas Feridas";"Pleno dia";"Crescente";"Sol";"Dupla";"Curva";"Urbano";1;0;1;0;0;0;1;1
83481583;"14/07/16";"Quinta";"14:40:00";"BA";116;"167";"EUCLIDES DA CUNHA";"Velocidade incompatível";"Saída de Pista";"Com Vítimas Fatais";"Pleno dia";"Decrescente";"Ceu Claro";"Simples";"Reta";"Rural";1;1;0;0;0;0;0;1
83481584;"14/07/16";"Quinta";"18:20:00";"RJ";101;"404";"ITAGUAI";"Outras";"Colisão traseira";"Com Vítimas Feridas";"Plena noite";"Crescente";"Nublado";"Dupla";"Reta";"Urbano";3;0;1;0;1;1;1;3
83481585;"14/07/16";"Quinta";"12:00:00";"RS";116;"47,2";"VACARIA";"Velocidade incompatível";"Saída de Pista";"Sem Vítimas";"Pleno dia";"Decrescente";"Chuva";"Simples";"Curva";"Rural";1;0;0;0;1;0;0;1
83481586;"14/07/16";"Quinta";"16:40:00";"MT";174;"247,5";"FIGUEIROPOLIS DOESTE";"Outras";"Incêndio";"Sem Vítimas";"Pleno dia";"Decrescente";"Sol";"Simples";"Reta";"Rural";1;0;0;0;1;0;0;1
83481587;"14/07/16";"Quinta";"19:00:00";"MT";70;"17,8";"BARRA DO GARCAS";"Defeito na via";"Tombamento";"Com Vítimas Feridas";"Plena noite";"Decrescente";"Ceu Claro";"Simples";"Reta";"Rural";2;0;2;0;0;0;2;1
83481588;"14/07/16";"Quinta";"18:30:00";"SC";470;"249";"CURITIBANOS";"Falta de atenção";"Colisão Transversal";"Com Vítimas Feridas";"Plena noite";"Crescente";"Chuva";"Simples";"Cruzamento";"Urbano";3;0;2;0;1;0;2;2
83481589;"10/07/16";"Domingo";"15:10:00";"RJ";116;"77";"TERESOPOLIS";"Velocidade incompatível";"Atropelamento de pessoa";"Com Vítimas Feridas";"Pleno dia";"Crescente";"Ceu Claro";"Simples";"Reta";"Urbano";2;0;0;1;1;0;1;1
83481590;"14/07/16";"Quinta";"12:10:00";"PE";232;"183,6";"BELO JARDIM";"Outras";"Colisão lateral";"Com Vítimas Feridas";"Pleno dia";"Decrescente";"Ceu Claro";"Simples";"Curva";"Rural";2;0;1;0;0;1;1;2
83481591;"10/07/16";"Domingo";"16:20:00";"SP";116;"204";"ARUJA";"Outras";"Colisão traseira";"Com Vítimas Feridas";"Pleno dia";"Decrescente";"Nublado";"Simples";"Reta";"Urbano";2;0;1;0;1;0;1;2
83481592;"14/07/16";"Quinta";"19:30:00";"RS";116;"234";"NOVO HAMBURGO";"Ingestão de álcool";"Colisão traseira";"Com Vítimas Feridas";"Plena noite";"Decrescente";"Chuva";"Simples";"Cruzamento";"Urbano";4;0;1;0;3;0;1;3
83481593;"14/07/16";"Quinta";"18:05:00";"GO";40;"11";"LUZIANIA";"Outras";"Colisão Transversal";"Com Vítimas Feridas";"Anoitecer";"Crescente";"Ceu Claro";"Dupla";"Reta";"Urbano";5;0;3;0;2;0;3;2
83481594;"14/07/16";"Quinta";"18:20:00";"MG";262;"35";"MANHUACU";"Falta de atenção";"Colisão com bicicleta";"Com Vítimas Feridas";"Plena noite";"Crescente";"Ceu Claro";"Simples";"Reta";"Urbano";2;0;1;0;1;0;1;2
83481595;"14/07/16";"Quinta";"08:30:00";"RS";386;"258,9";"FONTOURA XAVIER";"Outras";"Saída de Pista";"Sem Vítimas";"Pleno dia";"Decrescente";"Chuva";"Simples";"Curva";"Rural";1;0;0;0;1;0;0;1
83481596;"14/07/16";"Quinta";"19:00:00";"RS";116;"524,2";"PELOTAS";"Outras";"Saída de Pista";"Sem Vítimas";"Plena noite";"Decrescente";"Nevoeiro/neblina";"Dupla";"Reta";"Urbano";1;0;0;0;1;0;0;1
83481597;"14/07/16";"Quinta";"18:15:00";"SP";116;"273";"TABOAO DA SERRA";"Não guardar distância de segurança";"Colisão traseira";"Com Vítimas Feridas";"Anoitecer";"Decrescente";"Ceu Claro";"Dupla";"Reta";"Urbano";2;0;1;0;1;0;1;2
83481598;"14/07/16";"Quinta";"15:15:00";"MT";163;"747";"SORRISO";"Falta de atenção";"Colisão Transversal";"Com Vítimas Feridas";"Pleno dia";"Crescente";"Ceu Claro";"Dupla";"Reta";"Rural";2;0;0;1;0;1;1;2
83481599;"14/07/16";"Quinta";"18:20:00";"CE";116;"61,8";"CHOROZINHO";"Animais na Pista";"Atropelamento de animal";"Sem Vítimas";"Plena noite";"Decrescente";"Ceu Claro";"Simples";"Reta";"Rural";1;0;0;0;1;0;0;1
83481600;"14/07/16";"Quinta";"11:25:00";"GO";414;"372";"COCALZINHO DE GOIAS";"Falta de atenção";"Colisão traseira";"Com Vítimas Feridas";"Pleno dia";"Decrescente";"Ceu Claro";"Dupla";"Reta";"Urbano";2;0;1;0;1;0;1;2
83481601;"14/07/16";"Quinta";"21:30:00";"ES";262;"114";"VENDA NOVA DO IMIGRANTE";"Ingestão de álcool";"Colisão traseira";"Sem Vítimas";"Plena noite";"Crescente";"Ceu Claro";"Simples";"Curva";"Urbano";2;0;0;0;2;0;0;2
83481602;"14/07/16";"Quinta";"18:40:00";"SC";470;"105,6";"APIUNA";"Velocidade incompatível";"Colisão frontal";"Com Vítimas Fatais";"Plena noite";"Crescente";"Chuva";"Simples";"Curva";"Rural";3;1;1;0;1;0;1;3
83481603;"14/07/16";"Quinta";"20:10:00";"PR";376;"230,5";"APUCARANA";"Animais na Pista";"Atropelamento de animal";"Com Vítimas Fatais";"Plena noite";"Decrescente";"Vento";"Dupla";"Reta";"Rural";1;1;0;0;0;0;0;1
83481604;"14/07/16";"Quinta";"18:30:00";"RS";392;"352,8";"SANTA MARIA";"Falta de atenção";"Atropelamento de pessoa";"Com Vítimas Feridas";"Plena noite";"Crescente";"Nublado";"Simples";"Reta";"Urbano";2;0;0;1;1;0;1;1
83481605;"09/07/16";"Sábado";"19:30:00";"CE";116;"35";"HORIZONTE";"Defeito mecânico em veículo";"Colisão Transversal";"Sem Vítimas";"Plena noite";"Decrescente";"Ceu Claro";"Dupla";"Reta";"Rural";2;0;0;0;2;0;0;2
83481606;"14/07/16";"Quinta";"12:30:00";"RS";386;"391";"TRIUNFO";"Ultrapassagem indevida";"Saída de Pista";"Sem Vítimas";"Pleno dia";"Crescente";"Chuva";"Dupla";"Curva";"Rural";1;0;0;0;1;0;0;1
83481607;"10/07/16";"Domingo";"07:05:00";"AP";156;"249,5";"MACAPA";"Outras";"Saída de Pista";"Sem Vítimas";"Pleno dia";"Crescente";"Chuva";"Simples";"Curva";"Rural";5;0;0;0;4;1;0;1
83481608;"14/07/16";"Quinta";"20:44:00";"RN";101;"80";"SAO GONCALO DO AMARANTE";"Ingestão de álcool";"Colisão lateral";"Sem Vítimas";"Plena noite";"Crescente";"Ceu Claro";"Dupla";"Curva";"Urbano";2;0;0;0;2;0;0;2
83481609;"14/07/16";"Quinta";"16:00:00";"MG";381;"672,5";"PERDOES";"Outras";"Colisão lateral";"Com Vítimas Feridas";"Pleno dia";"Crescente";"Sol";"Dupla";"Curva";"Rural";6;0;5;0;1;0;5;2
83481610;"14/07/16";"Quinta";"19:00:00";"RS";448;"1";"SAPUCAIA DO SUL";"Falta de atenção";"Colisão traseira";"Com Vítimas Feridas";"Plena noite";"Decrescente";"Ceu Claro";"Dupla";"Reta";"Urbano";2;0;1;0;1;0;1;2
83481611;"11/07/16";"Segunda";"00:55:00";"MT";364;"272,5";"JACIARA";"Ingestão de álcool";"Queda de motocicleta / bicicleta / veículo";"Com Vítimas Feridas";"Plena noite";"Decrescente";"Ceu Claro";"Dupla";"Curva";"Urbano";1;0;1;0;0;0;1;1
83481612;"14/07/16";"Quinta";"21:20:00";"PR";116;"14,4";"QUATRO BARRAS";"Defeito mecânico em veículo";"Incêndio";"Sem Vítimas";"Plena noite";"Crescente";"Nublado";"Dupla";"Reta";"Rural";1;0;0;0;1;0;0;1
83481613;"14/07/16";"Quinta";"20:25:00";"SC";282;"554,3";"NOVA ITABERABA";"Defeito na via";"Colisão com objeto fixo";"Sem Vítimas";"Plena noite";"Decrescente";"Chuva";"Simples";"Cruzamento";"Rural";1;0;0;0;1;0;0;1
83481614;"10/07/16";"Domingo";"02:45:00";"SC";282;"174,4";"BOCAINA DO SUL";"Velocidade incompatível";"Colisão lateral";"Com Vítimas Feridas";"Plena noite";"Crescente";"Nevoeiro/neblina";"Simples";"Curva";"Rural";2;0;1;0;1;0;1;2
83481615;"14/07/16";"Quinta";"17:30:00";"PR";369;"194,6";"ARAPONGAS";"Dormindo";"Capotamento";"Com Vítimas Feridas";"Anoitecer";"Decrescente";"Ceu Claro";"Dupla";"Reta";"Urbano";2;0;0;2;0;0;2;1
83481616;"14/07/16";"Quinta";"21:40:00";"PE";116;"51,6";"SALGUEIRO";"Animais na Pista";"Atropelamento de animal";"Sem Vítimas";"Plena noite";"Decrescente";"Ceu Claro";"Simples";"Reta";"Rural";1;0;0;0;1;0;0;1
83481617;"14/07/16";"Quinta";"22:20:00";"GO";60;"166,1";"GOIANIA";"Falta de atenção";"Colisão lateral";"Com Vítimas Feridas";"Plena noite";"Decrescente";"Ceu Claro";"Dupla";"Reta";"Urbano";2;0;1;0;0;1;1;2
83481618;"14/07/16";"Quinta";"19:30:00";"RS";386;"30";"FREDERICO WESTPHALEN";"Velocidade incompatível";"Saída de Pista";"Com Vítimas Fatais";"Plena noite";"Decrescente";"Chuva";"Simples";"Reta";"Urbano";3;1;2;0;0;0;2;1
83481619;"14/07/16";"Quinta";"16:30:00";"MG";135;"543";"AUGUSTO DE LIMA";"Defeito mecânico em veículo";"Colisão Transversal";"Com Vítimas Feridas";"Pleno dia";"Decrescente";"Ceu Claro";"Simples";"Reta";"Rural";2;0;1;0;1;0;1;2
83481620;"14/07/16";"Quinta";"21:20:00";"SC";280;"111,7";"SAO BENTO DO SUL";"Desobediência à sinalização";"Colisão Transversal";"Sem Vítimas";"Plena noite";"Crescente";"Nevoeiro/neblina";"Simples";"Cruzamento";"Rural";2;0;0;0;2;0;0;2
83481622;"14/07/16";"Quinta";"07:50:00";"RS";116;"157";"CAXIAS DO SUL";"Falta de atenção";"Colisão lateral";"Sem Vítimas";"Pleno dia";"Crescente";"Chuva";"Simples";"Reta";"Urbano";3;0;0;0;3;0;0;3
83481623;"14/07/16";"Quinta";"20:20:00";"RS";116;"342,7";"BARRA DO RIBEIRO";"Velocidade incompatível";"Saída de Pista";"Sem Vítimas";"Plena noite";"Decrescente";"Nevoeiro/neblina";"Simples";"Curva";"Rural";1;0;0;0;1;0;0;1