"id";"data_inversa";"dia_semana";"horario";"uf";"br";"km";"municipio";"causa_acidente";"tipo_acidente";"classificacao_acidente";"fase_dia";"sentido_via";"condicao_metereologica";"tipo_pista";"tracado_via";"uso_solo";"pessoas";"mortos";"feridos_leves";"feridos_graves";"ilesos";"ignorados";"feridos";"veiculos"
83481624;"14/07/16";"Quinta";"18:30:00";"PI";135;"388";"BOM JESUS";"Outras";"Tombamento";"Sem Vítimas";"Plena noite";"Decrescente";"Ceu Claro";"Simples";"Reta";"Rural";1;0;0;0;1;0;0;1
83481625;"14/07/16";"Quinta";"20:30:00";"GO";153;"307,1";"RIALMA";"Não guardar distância de segurança";"Colisão lateral";"Com Vítimas Feridas";"Plena noite";"Crescente";"Ceu Claro";"Simples";"Reta";"Rural";3;0;1;0;2;0;1;2
83481626;"14/07/16";"Quinta";"22:00:00";"PR";476;"169,9";"CONTENDA";"Ingestão de álcool";"Capotamento";"Sem Vítimas";"Plena noite";"Crescente";"Ceu Claro";"Simples";"Curva";"Rural";1;0;0;0;1;0;0;1
83481627;"14/07/16";"Quinta";"20:10:00";"PR";277;"593";"CASCAVEL";"Falta de atenção";"Colisão frontal";"Com Vítimas Feridas";"Plena noite";"Crescente";"Ceu Claro";"Simples";"Reta";"Urbano";5;0;1;0;4;0;1;2
83481628;"14/07/16";"Quinta";"16:36:00";"PR";277;"591,5";"CASCAVEL";"Outras";"Colisão frontal";"Com Vítimas Feridas";"Pleno dia";"Decrescente";"Ceu Claro";"Simples";"Reta";"Urbano";2;0;1;0;1;0;1;2
83481629;"14/07/16";"Quinta";"15:00:00";"SE";101;"155,9";"ESTANCIA";"Defeito mecânico em veículo";"Tombamento";"Sem Vítimas";"Pleno dia";"Decrescente";"Nublado";"Simples";"Reta";"Rural";1;0;0;0;1;0;0;1
83481630;"14/07/16";"Quinta";"16:30:00";"BA";116;"444";"ANTONIO CARDOSO";"Defeito na via";"Tombamento";"Sem Vítimas";"Pleno dia";"Crescente";"Sol";"Dupla";"Reta";"Rural";1;0;0;0;1;0;0;1
83481631;"14/07/16";"Quinta";"18:55:00";"GO";414;"404,8";"ABADIANIA";"Animais na Pista";"Atropelamento de animal";"Sem Vítimas";"Plena noite";"Crescente";"Ceu Claro";"Simples";"Curva";"Rural";2;0;0;0;2;0;0;2
83481632;"14/07/16";"Quinta";"06:20:00";"PB";230;"29";"JOAO PESSOA";"Animais na Pista";"Atropelamento de animal";"Com Vítimas Feridas";"Pleno dia";"Decrescente";"Sol";"Dupla";"Reta";"Urbano";1;0;1;0;0;0;1;1
83481633;"14/07/16";"Quinta";"20:00:00";"MG";40;"424,3";"CURVELO";"Outras";"Capotamento";"Com Vítimas Feridas";"Plena noite";"Crescente";"Ceu Claro";"Dupla";"Reta";"Rural";1;0;1;0;0;0;1;1
83481634;"14/07/16";"Quinta";"23:50:00";"PR";376;"529,2";"PONTA GROSSA";"Falta de atenção";"Atropelamento de pessoa";"Com Vítimas Fatais";"Plena noite";"Crescente";"Ceu Claro";"Dupla";"Reta";"Rural";2;1;0;0;1;0;0;1
83481635;"14/07/16";"Quinta";"20:30:00";"BA";116;"470";"SANTO ESTEVAO";"Outras";"Tombamento";"Sem Vítimas";"Plena noite";"Decrescente";"Ceu Claro";"Dupla";"Reta";"Rural";1;0;0;0;1;0;0;1
83481636;"14/07/16";"Quinta";"18:35:00";"SP";153;"90,2";"JACI";"Falta de atenção";"Colisão lateral";"Com Vítimas Fatais";"Plena noite";"Crescente";"Ceu Claro";"Simples";"Reta";"Rural";4;1;0;1;2;0;1;3
83481637;"15/07/16";"Sexta";"01:00:00";"RO";364;"604";"PORTO VELHO";"Falta de atenção";"Saída de Pista";"Sem Vítimas";"Plena noite";"Decrescente";"Ceu Claro";"Simples";"Reta";"Rural";4;0;0;0;4;0;0;1
83481638;"15/07/16";"Sexta";"01:10:00";"GO";60;"171,9";"ABADIA DE GOIAS";"Dormindo";"Saída de Pista";"Sem Vítimas";"Plena noite";"Crescente";"Ignorada";"Dupla";"Reta";"Urbano";1;0;0;0;1;0;0;1
83481639;"14/07/16";"Quinta";"22:50:00";"GO";153;"607,9";"MORRINHOS";"Dormindo";"Tombamento";"Sem Vítimas";"Plena noite";"Crescente";"Ceu Claro";"Dupla";"Reta";"Rural";2;0;0;0;2;0;0;1
83481640;"12/07/16";"Terça";"21:15:00";"PR";376;"366,4";"ORTIGUEIRA";"Outras";"Colisão frontal";"Com Vítimas Fatais";"Plena noite";"Crescente";"Ceu Claro";"Simples";"Reta";"Rural";5;3;0;1;1;0;1;3
83481641;"10/07/16";"Domingo";"20:30:00";"MG";135;"404";"BOCAIUVA";"Defeito mecânico em veículo";"Colisão com objeto fixo";"Com Vítimas Feridas";"Plena noite";"Decrescente";"Nublado";"Simples";"Curva";"Rural";2;0;1;0;1;0;1;2
83481642;"11/07/16";"Segunda";"11:00:00";"PE";424;"86";"GARANHUNS";"Outras";"Queda de motocicleta / bicicleta / veículo";"Com Vítimas Feridas";"Pleno dia";"Crescente";"Chuva";"Simples";"Curva";"Rural";1;0;1;0;0;0;1;1
83481643;"14/07/16";"Quinta";"18:10:00";"SC";101;"192";"BIGUACU";"Falta de atenção";"Colisão com objeto fixo";"Sem Vítimas";"Anoitecer";"Crescente";"Chuva";"Dupla";"Curva";"Urbano";1;0;0;0;1;0;0;1
83481644;"14/07/16";"Quinta";"13:15:00";"MG";40;"436";"PARAOPEBA";"Outras";"Atropelamento de pessoa";"Com Vítimas Feridas";"Pleno dia";"Decrescente";"Ceu Claro";"Dupla";"Reta";"Rural";2;0;0;1;1;0;1;1
83481645;"14/07/16";"Quinta";"17:30:00";"PR";476;"80";"BOCAIUVA DO SUL";"Velocidade incompatível";"Colisão Transversal";"Com Vítimas Feridas";"Pleno dia";"Crescente";"Ceu Claro";"Simples";"Curva";"Rural";3;0;0;2;1;0;2;2
83481646;"15/07/16";"Sexta";"01:30:00";"PE";101;"176";"JOAQUIM NABUCO";"Dormindo";"Saída de Pista";"Ignorado";"Plena noite";"Crescente";"Nublado";"Dupla";"Curva";"Rural";1;0;0;0;0;1;0;1
83481647;"14/07/16";"Quinta";"17:30:00";"GO";153;"128,3";"ESTRELA DO NORTE";"Não guardar distância de segurança";"Colisão traseira";"Sem Vítimas";"Pleno dia";"Crescente";"Ceu Claro";"Simples";"Reta";"Rural";3;0;0;0;2;1;0;3
83481648;"14/07/16";"Quinta";"19:30:00";"SC";282;"5,5";"SAO JOSE";"Outras";"Atropelamento de pessoa";"Sem Vítimas";"Plena noite";"Crescente";"Chuva";"Dupla";"Reta";"Urbano";2;0;0;0;1;1;0;1
83481649;"15/07/16";"Sexta";"04:30:00";"MG";267;"8,8";"LEOPOLDINA";"Animais na Pista";"Atropelamento de animal";"Sem Vítimas";"Plena noite";"Crescente";"Ceu Claro";"Simples";"Reta";"Rural";1;0;0;0;1;0;0;1
83481650;"14/07/16";"Quinta";"20:45:00";"ES";101;"233";"FUNDAO";"Ultrapassagem indevida";"Colisão lateral";"Com Vítimas Feridas";"Plena noite";"Crescente";"Ceu Claro";"Simples";"Curva";"Urbano";4;0;2;0;2;0;2;2
83481651;"14/07/16";"Quinta";"11:40:00";"RJ";116;"75";"TERESOPOLIS";"Outras";"Atropelamento de pessoa";"Com Vítimas Feridas";"Pleno dia";"Crescente";"Ceu Claro";"Simples";"Reta";"Urbano";2;0;0;1;0;1;1;1
83481652;"15/07/16";"Sexta";"04:00:00";"MT";70;"2,6";"BARRA DO GARCAS";"Falta de atenção";"Capotamento";"Com Vítimas Feridas";"Plena noite";"Decrescente";"Ceu Claro";"Dupla";"Reta";"Urbano";1;0;1;0;0;0;1;1
83481653;"15/07/16";"Sexta";"00:25:00";"PB";230;"25";"JOAO PESSOA";"Outras";"Colisão com objeto fixo";"Com Vítimas Feridas";"Plena noite";"Crescente";"Nublado";"Dupla";"Reta";"Urbano";1;0;1;0;0;0;1;1
83481654;"14/07/16";"Quinta";"19:15:00";"RO";174;"15,5";"VILHENA";"Falta de atenção";"Colisão com bicicleta";"Com Vítimas Feridas";"Plena noite";"Decrescente";"Ceu Claro";"Simples";"Reta";"Rural";3;0;1;1;1;0;2;2
83481655;"10/07/16";"Domingo";"22:30:00";"MG";251;"474,2";"FRANCISCO SA";"Velocidade incompatível";"Tombamento";"Com Vítimas Feridas";"Plena noite";"Crescente";"Nublado";"Simples";"Curva";"Rural";1;0;1;0;0;0;1;1
83481656;"14/07/16";"Quinta";"13:00:00";"RJ";116;"38";"TERESOPOLIS";"Outras";"Queda de motocicleta / bicicleta / veículo";"Com Vítimas Feridas";"Pleno dia";"Decrescente";"Ceu Claro";"Simples";"Reta";"Urbano";1;0;0;1;0;0;1;1
83481657;"15/07/16";"Sexta";"04:50:00";"SP";153;"64,2";"SAO JOSE DO RIO PRETO";"Outras";"Colisão lateral";"Com Vítimas Feridas";"Plena noite";"Decrescente";"Ceu Claro";"Dupla";"Reta";"Urbano";3;0;1;0;2;0;1;2
83481658;"14/07/16";"Quinta";"20:30:00";"RO";319;"62,3";"PORTO VELHO";"Defeito na via";"Queda de motocicleta / bicicleta / veículo";"Com Vítimas Feridas";"Plena noite";"Crescente";"Ceu Claro";"Dupla";"Reta";"Urbano";1;0;1;0;0;0;1;1
83481659;"14/07/16";"Quinta";"23:30:00";"ES";101;"222,4";"IBIRACU";"Outras";"Saída de Pista";"Com Vítimas Feridas";"Anoitecer";"Crescente";"Ceu Claro";"Simples";"Curva";"Urbano";1;0;0;1;0;0;1;1
83481660;"10/07/16";"Domingo";"23:15:00";"SC";282;"108";"ALFREDO WAGNER";"Outras";"Saída de Pista";"Com Vítimas Feridas";"Plena noite";"Crescente";"Ceu Claro";"Simples";"Curva";"Rural";2;0;1;0;1;0;1;1
83481661;"15/07/16";"Sexta";"04:20:00";"MG";146;"516,4";"POCOS DE CALDAS";"Dormindo";"Saída de Pista";"Sem Vítimas";"Plena noite";"Crescente";"Ceu Claro";"Simples";"Reta";"Rural";1;0;0;0;1;0;0;1
83481662;"15/07/16";"Sexta";"04:05:00";"RO";364;"14";"VILHENA";"Outras";"Queda de motocicleta / bicicleta / veículo";"Com Vítimas Feridas";"Plena noite";"Crescente";"Ceu Claro";"Dupla";"Reta";"Urbano";1;0;0;1;0;0;1;1
83481663;"08/07/16";"Sexta";"23:40:00";"MG";40;"529";"CONTAGEM";"Outras";"Colisão lateral";"Com Vítimas Feridas";"Plena noite";"Crescente";"Ignorada";"Dupla";"Reta";"Urbano";2;0;0;1;1;0;1;2
83481665;"15/07/16";"Sexta";"05:30:00";"BA";418;"88";"NOVA VICOSA";"Falta de atenção";"Colisão lateral";"Com Vítimas Feridas";"Amanhecer";"Decrescente";"Ceu Claro";"Simples";"Reta";"Urbano";2;0;0;1;1;0;1;2
83481666;"15/07/16";"Sexta";"06:00:00";"RS";290;"448,8";"SAO GABRIEL";"Outras";"Saída de Pista";"Com Vítimas Feridas";"Plena noite";"Crescente";"Nevoeiro/neblina";"Simples";"Curva";"Rural";1;0;1;0;0;0;1;1
83481667;"14/07/16";"Quinta";"21:00:00";"RJ";116;"171";"SAO JOAO DE MERITI";"Outras";"Colisão com objeto fixo";"Com Vítimas Feridas";"Plena noite";"Crescente";"Ceu Claro";"Múltipla";"Curva";"Urbano";1;0;1;0;0;0;1;1
83481668;"28/06/16";"Terça";"23:00:00";"MG";365;"687";"MONTE ALEGRE DE MINAS";"Ingestão de álcool";"Tombamento";"Com Vítimas Feridas";"Plena noite";"Decrescente";"Ceu Claro";"Dupla";"Reta";"Rural";1;0;0;1;0;0;1;1
83481669;"15/07/16";"Sexta";"04:35:00";"RS";392;"655,2";"CERRO LARGO";"Ingestão de álcool";"Colisão frontal";"Com Vítimas Feridas";"Plena noite";"Decrescente";"Nublado";"Simples";"Reta";"Rural";3;0;3;0;0;0;3;2
83481670;"15/07/16";"Sexta";"05:00:00";"RJ";101;"290";"ITABORAI";"Outras";"Colisão traseira";"Sem Vítimas";"Plena noite";"Crescente";"Nublado";"Dupla";"Reta";"Rural";2;0;0;0;2;0;0;2
83481671;"12/07/16";"Terça";"00:15:00";"MG";135;"618,5";"CURVELO";"Outras";"Saída de Pista";"Com Vítimas Feridas";"Plena noite";"Crescente";"Ceu Claro";"Simples";"Reta";"Urbano";1;0;0;1;0;0;1;1
83481672;"02/07/16";"Sábado";"15:00:00";"RJ";116;"226";"PIRAI";"Outras";"Colisão com objeto fixo";"Com Vítimas Feridas";"Pleno dia";"Decrescente";"Ceu Claro";"Dupla";"Curva";"Urbano";1;0;1;0;0;0;1;1
83481673;"15/07/16";"Sexta";"07:00:00";"SC";101;"107";"PENHA";"Defeito mecânico em veículo";"Colisão traseira";"Com Vítimas Feridas";"Amanhecer";"Decrescente";"Nevoeiro/neblina";"Dupla";"Reta";"Rural";2;0;1;0;1;0;1;2
83481675;"15/07/16";"Sexta";"01:00:00";"AC";364;"59";"ACRELANDIA";"Defeito mecânico em veículo";"Incêndio";"Com Vítimas Feridas";"Plena noite";"Decrescente";"Ignorada";"Simples";"Reta";"Rural";1;0;1;0;0;0;1;1
83481676;"15/07/16";"Sexta";"05:20:00";"RS";153;"543,3";"CACAPAVA DO SUL";"Velocidade incompatível";"Saída de Pista";"Sem Vítimas";"Plena noite";"Decrescente";"Nevoeiro/neblina";"Simples";"Curva";"Rural";1;0;0;0;1;0;0;1
83481677;"12/07/16";"Terça";"07:45:00";"RS";472;"578";"URUGUAIANA";"Desobediência à sinalização";"Colisão traseira";"Sem Vítimas";"Pleno dia";"Decrescente";"Nublado";"Simples";"Reta";"Urbano";4;0;0;0;4;0;0;3
83481678;"07/07/16";"Quinta";"14:00:00";"BA";324;"570";"SAO SEBASTIAO DO PASSE";"Defeito mecânico em veículo";"Saída de Pista";"Sem Vítimas";"Pleno dia";"Decrescente";"Nublado";"Dupla";"Reta";"Rural";1;0;0;0;1;0;0;1
83481679;"11/07/16";"Segunda";"07:30:00";"GO";40;"4";"VALPARAISO DE GOIAS";"Outras";"Queda de motocicleta / bicicleta / veículo";"Com Vítimas Feridas";"Pleno dia";"Crescente";"Ceu Claro";"Dupla";"Reta";"Urbano";1;0;1;0;0;0;1;1
83481681;"12/07/16";"Terça";"06:26:00";"PE";424;"124,9";"CORRENTES";"Velocidade incompatível";"Tombamento";"Sem Vítimas";"Pleno dia";"Crescente";"Ceu Claro";"Simples";"Curva";"Rural";1;0;0;0;1;0;0;1
83481682;"14/06/16";"Terça";"07:00:00";"MG";381;"550";"ITATIAIUCU";"Dormindo";"Saída de Pista";"Sem Vítimas";"Amanhecer";"Decrescente";"Ceu Claro";"Dupla";"Curva";"Rural";1;0;0;0;1;0;0;1
83481683;"11/07/16";"Segunda";"21:00:00";"SC";116;"239";"LAGES";"Falta de atenção";"Saída de Pista";"Com Vítimas Feridas";"Plena noite";"Crescente";"Nublado";"Simples";"Curva";"Rural";3;0;3;0;0;0;3;1
83481684;"11/07/16";"Segunda";"14:30:00";"MG";251;"372,9";"GRAO MOGOL";"Defeito mecânico em veículo";"Colisão com objeto fixo";"Com Vítimas Feridas";"Pleno dia";"Decrescente";"Ceu Claro";"Simples";"Reta";"Rural";1;0;1;0;0;0;1;1
83481685;"14/07/16";"Quinta";"12:15:00";"RJ";393;"286";"VOLTA REDONDA";"Outras";"Colisão com objeto fixo";"Com Vítimas Feridas";"Pleno dia";"Decrescente";"Sol";"Simples";"Reta";"Urbano";2;0;1;0;1;0;1;1
83481686;"15/07/16";"Sexta";"07:00:00";"PI";343;"345,1";"TERESINA";"Outras";"Colisão Transversal";"Com Vítimas Feridas";"Pleno dia";"Crescente";"Sol";"Simples";"Reta";"Urbano";4;0;2;0;2;0;2;2
83481687;"15/07/16";"Sexta";"06:45:00";"BA";242;"843";"BARREIRAS";"Não guardar distância de segurança";"Colisão traseira";"Com Vítimas Feridas";"Amanhecer";"Crescente";"Ceu Claro";"Simples";"Reta";"Rural";3;0;1;0;2;0;1;2
83481688;"11/07/16";"Segunda";"22:20:00";"MG";381;"811";"CAREACU";"Falta de atenção";"Saída de Pista";"Sem Vítimas";"Pleno dia";"Decrescente";"Ignorada";"Dupla";"Reta";"Rural";1;0;0;0;1;0;0;1
83481689;"08/07/16";"Sexta";"03:30:00";"MG";381;"201";"NAQUE";"Animais na Pista";"Atropelamento de animal";"Sem Vítimas";"Plena noite";"Decrescente";"Ceu Claro";"Simples";"Curva";"Rural";1;0;0;0;1;0;0;1
83481690;"13/07/16";"Quarta";"23:30:00";"GO";60;"113,9";"GOIANAPOLIS";"Outras";"Saída de Pista";"Sem Vítimas";"Plena noite";"Crescente";"Ceu Claro";"Dupla";"Reta";"Rural";1;0;0;0;1;0;0;1
83481691;"15/07/16";"Sexta";"08:10:00";"SP";116;"158,8";"JACAREI";"Falta de atenção";"Colisão traseira";"Com Vítimas Feridas";"Pleno dia";"Decrescente";"Ceu Claro";"Dupla";"Reta";"Urbano";4;0;1;0;2;1;1;3
83481692;"09/07/16";"Sábado";"11:00:00";"RR";401;"36";"CANTA";"Falta de atenção";"Colisão Transversal";"Com Vítimas Feridas";"Pleno dia";"Crescente";"Ceu Claro";"Simples";"Reta";"Rural";7;0;1;0;5;1;1;2
83481693;"13/07/16";"Quarta";"17:50:00";"SP";153;"39,7";"ONDA VERDE";"Falta de atenção";"Colisão Transversal";"Com Vítimas Feridas";"Anoitecer";"Crescente";"Ceu Claro";"Simples";"Cruzamento";"Rural";4;0;1;0;3;0;1;2
83481694;"15/07/16";"Sexta";"08:00:00";"GO";153;"503,6";"GOIANIA";"Falta de atenção";"Colisão traseira";"Com Vítimas Feridas";"Pleno dia";"Decrescente";"Ceu Claro";"Dupla";"Reta";"Rural";3;0;1;0;2;0;1;2
83481695;"12/07/16";"Terça";"08:15:00";"PR";369;"152,7";"LONDRINA";"Outras";"Colisão traseira";"Com Vítimas Feridas";"Pleno dia";"Decrescente";"Ceu Claro";"Dupla";"Cruzamento";"Urbano";2;0;1;0;0;1;1;2
83481696;"29/06/16";"Quarta";"05:20:00";"PI";343;"344,5";"TERESINA";"Outras";"Queda de motocicleta / bicicleta / veículo";"Com Vítimas Feridas";"Amanhecer";"Crescente";"Ceu Claro";"Simples";"Reta";"Urbano";2;0;0;1;1;0;1;2
83481697;"30/06/16";"Quinta";"03:00:00";"RJ";116;"285,3";"BARRA MANSA";"Defeito mecânico em veículo";"Danos Eventuais";"Sem Vítimas";"Plena noite";"Decrescente";"Ceu Claro";"Dupla";"Curva";"Rural";1;0;0;0;1;0;0;1
83481699;"15/07/16";"Sexta";"07:00:00";"SP";381;"13,3";"BRAGANCA PAULISTA";"Outras";"Colisão lateral";"Com Vítimas Feridas";"Pleno dia";"Decrescente";"Ceu Claro";"Dupla";"Reta";"Rural";3;0;1;0;1;1;1;2
83481700;"16/05/16";"Segunda";"15:12:00";"SP";116;"168,2";"JACAREI";"Outras";"Colisão traseira";"Com Vítimas Feridas";"Pleno dia";"Decrescente";"Nublado";"Dupla";"Reta";"Rural";2;0;0;1;1;0;1;2
83481701;"10/06/16";"Sexta";"09:00:00";"PR";376;"674";"GUARATUBA";"Velocidade incompatível";"Colisão traseira";"Sem Vítimas";"Pleno dia";"Crescente";"Ceu Claro";"Dupla";"Reta";"Rural";2;0;0;0;2;0;0;2
83481703;"15/07/16";"Sexta";"08:00:00";"PR";277;"31";"MORRETES";"Velocidade incompatível";"Capotamento";"Sem Vítimas";"Pleno dia";"Decrescente";"Nublado";"Dupla";"Reta";"Rural";1;0;0;0;1;0;0;1
83481704;"15/07/16";"Sexta";"09:10:00";"RJ";40;"11,8";"COMENDADOR LEVY GASPARIAN";"Velocidade incompatível";"Tombamento";"Sem Vítimas";"Pleno dia";"Decrescente";"Ceu Claro";"Dupla";"Reta";"Rural";1;0;0;0;1;0;0;1
83481705;"13/02/16";"Sábado";"20:45:00";"MG";381;"490,3";"BETIM";"Outras";"Atropelamento de pessoa";"Com Vítimas Fatais";"Plena noite";"Crescente";"Ceu Claro";"Dupla";"Curva";"Urbano";2;1;0;0;1;0;0;1
83481706;"11/07/16";"Segunda";"19:00:00";"SP";116;"127";"CACAPAVA";"Outras";"Colisão com objeto fixo";"Sem Vítimas";"Plena noite";"Decrescente";"Ceu Claro";"Dupla";"Reta";"Urbano";1;0;0;0;1;0;0;1
83481708;"15/07/16";"Sexta";"05:40:00";"MG";116;"104,8";"ITAOBIM";"Velocidade incompatível";"Colisão com objeto fixo";"Com Vítimas Fatais";"Amanhecer";"Decrescente";"Ceu Claro";"Simples";"Curva";"Rural";1;1;0;0;0;0;0;1
83481709;"15/07/16";"Sexta";"07:47:00";"PR";277;"585,4";"CASCAVEL";"Falta de atenção";"Colisão Transversal";"Com Vítimas Feridas";"Pleno dia";"Crescente";"Ceu Claro";"Simples";"Reta";"Urbano";2;0;0;1;1;0;1;2
83481712;"14/07/16";"Quinta";"19:20:00";"CE";222;"4,2";"CAUCAIA";"Velocidade incompatível";"Colisão traseira";"Com Vítimas Feridas";"Plena noite";"Crescente";"Ceu Claro";"Dupla";"Reta";"Urbano";2;0;0;1;1;0;1;2
83481713;"08/07/16";"Sexta";"01:20:00";"BA";324;"586,7";"CANDEIAS";"Animais na Pista";"Atropelamento de animal";"Com Vítimas Feridas";"Plena noite";"Crescente";"Nublado";"Dupla";"Reta";"Rural";2;0;1;0;1;0;1;1
83481714;"15/07/16";"Sexta";"07:45:00";"SP";153;"71,5";"SAO JOSE DO RIO PRETO";"Falta de atenção";"Tombamento";"Com Vítimas Feridas";"Pleno dia";"Decrescente";"Sol";"Simples";"Cruzamento";"Urbano";2;0;0;1;1;0;1;2
83481715;"12/07/16";"Terça";"00:03:00";"RJ";116;"270";"BARRA MANSA";"Outras";"Capotamento";"Com Vítimas Feridas";"Plena noite";"Crescente";"Ceu Claro";"Simples";"Reta";"Urbano";1;0;1;0;0;0;1;1
83481716;"14/07/16";"Quinta";"21:00:00";"ES";101;"299,5";"VIANA";"Falta de atenção";"Colisão lateral";"Com Vítimas Feridas";"Plena noite";"Decrescente";"Ceu Claro";"Múltipla";"Curva";"Urbano";2;0;1;0;1;0;1;2
83481718;"11/07/16";"Segunda";"20:30:00";"RJ";116;"166,9";"NOVA IGUACU";"Outras";"Colisão traseira";"Com Vítimas Feridas";"Anoitecer";"Decrescente";"Ceu Claro";"Dupla";"Reta";"Urbano";2;0;0;1;1;0;1;2
83481719;"12/07/16";"Terça";"08:30:00";"RJ";40;"3,5";"COMENDADOR LEVY GASPARIAN";"Velocidade incompatível";"Saída de Pista";"Com Vítimas Feridas";"Pleno dia";"Decrescente";"Ceu Claro";"Dupla";"Reta";"Rural";1;0;0;1;0;0;1;1
83481720;"15/07/16";"Sexta";"08:01:00";"ES";101;"365";"ANCHIETA";"Não guardar distância de segurança";"Colisão traseira";"Com Vítimas Feridas";"Amanhecer";"Decrescente";"Ceu Claro";"Simples";"Reta";"Rural";5;0;1;0;3;1;1;4
83481721;"15/07/16";"Sexta";"09:25:00";"MG";381;"884,5";"ESTIVA";"Falta de atenção";"Colisão lateral";"Com Vítimas Feridas";"Pleno dia";"Decrescente";"Sol";"Dupla";"Reta";"Rural";2;0;1;0;1;0;1;2
83481722;"15/07/16";"Sexta";"10:10:00";"MA";10;"262,7";"IMPERATRIZ";"Falta de atenção";"Colisão Transversal";"Com Vítimas Feridas";"Pleno dia";"Decrescente";"Sol";"Simples";"Reta";"Urbano";2;0;1;0;1;0;1;2
83481723;"15/07/16";"Sexta";"11:05:00";"SC";101;"39";"JOINVILLE";"Falta de atenção";"Colisão lateral";"Sem Vítimas";"Pleno dia";"Crescente";"Nublado";"Dupla";"Reta";"Urbano";2;0;0;0;2;0;0;2
83481724;"15/07/16";"Sexta";"08:30:00";"RJ";40;"102";"DUQUE DE CAXIAS";"Outras";"Colisão traseira";"Com Vítimas Feridas";"Pleno dia";"Decrescente";"Sol";"Dupla";"Reta";"Urbano";5;0;2;0;3;0;2;2
83481725;"14/07/16";"Quinta";"06:20:00";"RJ";101;"524";"ANGRA DOS REIS";"Outras";"Tombamento";"Sem Vítimas";"Amanhecer";"Crescente";"Ceu Claro";"Simples";"Curva";"Urbano";1;0;0;0;1;0;0;1
83481726;"15/07/16";"Sexta";"08:20:00";"SC";101;"208,6";"BIGUACU";"Falta de atenção";"Colisão Transversal";"Com Vítimas Feridas";"Pleno dia";"Decrescente";"Nublado";"Múltipla";"Cruzamento";"Urbano";2;0;1;0;1;0;1;2
83481728;"15/07/16";"Sexta";"06:45:00";"RO";364;"193,8";"PIMENTA BUENO";"Outras";"Queda de motocicleta / bicicleta / veículo";"Com Vítimas Feridas";"Amanhecer";"Crescente";"Nublado";"Simples";"Reta";"Rural";1;0;1;0;0;0;1;1
83481729;"15/07/16";"Sexta";"10:10:00";"MG";116;"410,5";"GOVERNADOR VALADARES";"Falta de atenção";"Colisão traseira";"Com Vítimas Feridas";"Pleno dia";"Crescente";"Ceu Claro";"Dupla";"Reta";"Urbano";2;0;1;0;1;0;1;2
83481730;"12/07/16";"Terça";"00:30:00";"RJ";116;"293";"PORTO REAL";"Outras";"Colisão frontal";"Sem Vítimas";"Plena noite";"Decrescente";"Ceu Claro";"Simples";"Reta";"Rural";2;0;0;0;2;0;0;2
83481731;"15/07/16";"Sexta";"08:30:00";"MG";381;"479,9";"CONTAGEM";"Não guardar distância de segurança";"Colisão lateral";"Com Vítimas Feridas";"Pleno dia";"Crescente";"Sol";"Dupla";"Reta";"Urbano";2;0;1;0;1;0;1;2
83481732;"15/07/16";"Sexta";"06:00:00";"PR";476;"250,8";"ANTONIO OLINTO";"Defeito mecânico em veículo";"Colisão frontal";"Com Vítimas Fatais";"Amanhecer";"Decrescente";"Nublado";"Simples";"Curva";"Rural";5;1;2;0;2;0;2;2
83481733;"15/07/16";"Sexta";"08:40:00";"GO";153;"510";"APARECIDA DE GOIANIA";"Falta de atenção";"Colisão lateral";"Sem Vítimas";"Pleno dia";"Crescente";"Ceu Claro";"Múltipla";"Cruzamento";"Urbano";2;0;0;0;2;0;0;2
83481734;"15/07/16";"Sexta";"12:15:00";"PA";163;"1001";"SANTAREM";"Falta de atenção";"Colisão Transversal";"Com Vítimas Feridas";"Pleno dia";"Crescente";"Sol";"Dupla";"Reta";"Urbano";2;0;1;0;1;0;1;2
83481735;"15/07/16";"Sexta";"08:30:00";"RJ";116;"221";"PIRAI";"Outras";"Incêndio";"Sem Vítimas";"Pleno dia";"Crescente";"Sol";"Simples";"Reta";"Rural";1;0;0;0;1;0;0;1
83481736;"15/07/16";"Sexta";"08:50:00";"SC";282;"589,3";"SAUDADES";"Defeito mecânico em veículo";"Saída de Pista";"Ignorado";"Pleno dia";"Crescente";"Chuva";"Simples";"Curva";"Rural";1;0;0;0;0;1;0;1
83481737;"15/07/16";"Sexta";"09:20:00";"GO";40;"92,6";"CRISTALINA";"Falta de atenção";"Colisão Transversal";"Com Vítimas Feridas";"Plena noite";"Crescente";"Ceu Claro";"Simples";"Reta";"Rural";3;0;2;0;1;0;2;2
83481738;"12/07/16";"Terça";"07:50:00";"SP";101;"29,4";"UBATUBA";"Ingestão de álcool";"Capotamento";"Com Vítimas Feridas";"Pleno dia";"Decrescente";"Ceu Claro";"Simples";"Reta";"Rural";2;0;1;0;1;0;1;1
83481739;"07/07/16";"Quinta";"07:40:00";"CE";116;"6";"FORTALEZA";"Outras";"Colisão traseira";"Com Vítimas Feridas";"Pleno dia";"Crescente";"Sol";"Múltipla";"Reta";"Urbano";2;0;0;1;1;0;1;2
83481740;"15/07/16";"Sexta";"08:10:00";"PI";316;"303";"PICOS";"Falta de atenção";"Colisão lateral";"Com Vítimas Feridas";"Pleno dia";"Crescente";"Ceu Claro";"Simples";"Reta";"Rural";4;0;1;0;3;0;1;2