"id";"data_inversa";"dia_semana";"horario";"uf";"br";"km";"municipio";"causa_acidente";"tipo_acidente";"classificacao_acidente";"fase_dia";"sentido_via";"condicao_metereologica";"tipo_pista";"tracado_via";"uso_solo";"pessoas";"mortos";"feridos_leves";"feridos_graves";"ilesos";"ignorados";"feridos";"veiculos"
83482408;"14/07/16";"Quinta";"06:15:00";"SP";116;"217";"GUARULHOS";"Velocidade incompatível";"Colisão traseira";"Sem Vítimas";"Amanhecer";"Decrescente";"Ceu Claro";"Múltipla";"Reta";"Urbano";2;0;0;0;2;0;0;2
83482409;"17/07/16";"Domingo";"14:10:00";"PR";376;"112,2";"PARANAVAI";"Falta de atenção";"Colisão Transversal";"Com Vítimas Feridas";"Pleno dia";"Decrescente";"Ceu Claro";"Simples";"Cruzamento";"Rural";2;0;1;0;1;0;1;2
83482410;"17/07/16";"Domingo";"15:45:00";"MG";40;"602,8";"CONGONHAS";"Desobediência à sinalização";"Colisão Transversal";"Com Vítimas Feridas";"Pleno dia";"Crescente";"Sol";"Simples";"Curva";"Urbano";3;0;1;1;1;0;2;2
83482411;"09/07/16";"Sábado";"16:10:00";"DF";60;"17";"BRASILIA";"Ingestão de álcool";"Colisão traseira";"Sem Vítimas";"Pleno dia";"Decrescente";"Ceu Claro";"Dupla";"Reta";"Rural";2;0;0;0;2;0;0;2
83482414;"16/07/16";"Sábado";"05:00:00";"RN";304;"43,7";"MOSSORO";"Outras";"Queda de motocicleta / bicicleta / veículo";"Com Vítimas Fatais";"Amanhecer";"Decrescente";"Ceu Claro";"Dupla";"Reta";"Rural";1;1;0;0;0;0;0;1
83482415;"17/07/16";"Domingo";"13:35:00";"PR";376;"351,8";"ORTIGUEIRA";"Não guardar distância de segurança";"Colisão traseira";"Com Vítimas Feridas";"Pleno dia";"Crescente";"Ceu Claro";"Simples";"Reta";"Urbano";3;0;1;0;2;0;1;2
83482416;"17/07/16";"Domingo";"13:00:00";"MG";116;"520,4";"CARATINGA";"Falta de atenção";"Colisão lateral";"Com Vítimas Feridas";"Pleno dia";"Decrescente";"Ceu Claro";"Simples";"Curva";"Rural";3;0;2;0;0;1;2;2
83482417;"15/07/16";"Sexta";"22:30:00";"RJ";116;"332,8";"RESENDE";"Outras";"Colisão traseira";"Com Vítimas Feridas";"Plena noite";"Decrescente";"Ceu Claro";"Dupla";"Reta";"Rural";2;0;1;0;1;0;1;2
83482418;"17/07/16";"Domingo";"15:50:00";"PR";277;"581";"CASCAVEL";"Falta de atenção";"Colisão traseira";"Sem Vítimas";"Pleno dia";"Crescente";"Ceu Claro";"Simples";"Reta";"Rural";3;0;0;0;3;0;0;3
83482420;"17/07/16";"Domingo";"12:35:00";"PR";116;"27";"CAMPINA GRANDE DO SUL";"Falta de atenção";"Tombamento";"Sem Vítimas";"Pleno dia";"Decrescente";"Sol";"Dupla";"Curva";"Rural";1;0;0;0;1;0;0;1
83482421;"17/07/16";"Domingo";"16:45:00";"RJ";101;"491,5";"ANGRA DOS REIS";"Outras";"Queda de motocicleta / bicicleta / veículo";"Com Vítimas Feridas";"Pleno dia";"Crescente";"Nublado";"Simples";"Curva";"Urbano";1;0;0;1;0;0;1;1
83482422;"17/07/16";"Domingo";"07:00:00";"TO";153;"770,2";"ALVORADA";"Defeito mecânico em veículo";"Capotamento";"Com Vítimas Feridas";"Amanhecer";"Decrescente";"Ceu Claro";"Simples";"Curva";"Rural";2;0;1;1;0;0;2;1
83482423;"17/07/16";"Domingo";"14:00:00";"RS";116;"154";"CAXIAS DO SUL";"Ingestão de álcool";"Colisão traseira";"Com Vítimas Feridas";"Pleno dia";"Crescente";"Ceu Claro";"Simples";"Reta";"Urbano";3;0;1;0;2;0;1;2
83482424;"13/07/16";"Quarta";"13:55:00";"RS";386;"385,5";"TABAI";"Falta de atenção";"Colisão lateral";"Sem Vítimas";"Pleno dia";"Crescente";"Ceu Claro";"Dupla";"Reta";"Urbano";2;0;0;0;2;0;0;2
83482425;"16/07/16";"Sábado";"07:35:00";"MT";163;"831";"SINOP";"Falta de atenção";"Colisão com bicicleta";"Com Vítimas Feridas";"Pleno dia";"Crescente";"Ceu Claro";"Dupla";"Curva";"Urbano";2;0;1;0;0;1;1;2
83482426;"12/07/16";"Terça";"07:45:00";"SC";101;"214";"PALHOCA";"Falta de atenção";"Colisão traseira";"Com Vítimas Feridas";"Pleno dia";"Decrescente";"Ceu Claro";"Dupla";"Reta";"Urbano";2;0;1;0;1;0;1;2
83482427;"17/07/16";"Domingo";"15:30:00";"MG";262;"161,5";"SAO DOMINGOS DO PRATA";"Dormindo";"Saída de Pista";"Com Vítimas Feridas";"Pleno dia";"Crescente";"Ceu Claro";"Simples";"Reta";"Rural";1;0;1;0;0;0;1;1
83482428;"17/07/16";"Domingo";"11:20:00";"PR";376;"245,2";"APUCARANA";"Não guardar distância de segurança";"Colisão traseira";"Com Vítimas Feridas";"Pleno dia";"Decrescente";"Ceu Claro";"Simples";"Reta";"Rural";3;0;2;0;0;1;2;2
83482429;"17/07/16";"Domingo";"15:00:00";"SC";101;"119,7";"ITAJAI";"Não guardar distância de segurança";"Colisão traseira";"Com Vítimas Feridas";"Pleno dia";"Crescente";"Nublado";"Simples";"Reta";"Urbano";4;0;1;1;2;0;2;4
83482430;"17/07/16";"Domingo";"16:40:00";"ES";262;"24";"VIANA";"Outras";"Queda de motocicleta / bicicleta / veículo";"Com Vítimas Feridas";"Pleno dia";"Decrescente";"Ceu Claro";"Dupla";"Curva";"Rural";1;0;0;1;0;0;1;1
83482431;"17/07/16";"Domingo";"08:30:00";"BA";242;"658";"MUQUEM DO SAO FRANCISCO";"Velocidade incompatível";"Colisão traseira";"Com Vítimas Fatais";"Pleno dia";"Decrescente";"Ceu Claro";"Dupla";"Curva";"Rural";9;1;4;1;2;1;5;4
83482432;"17/07/16";"Domingo";"17:50:00";"RS";287;"409";"SANTIAGO";"Ingestão de álcool";"Colisão Transversal";"Sem Vítimas";"Pleno dia";"Decrescente";"Ceu Claro";"Simples";"Cruzamento";"Rural";2;0;0;0;2;0;0;2
83482433;"17/07/16";"Domingo";"15:00:00";"MG";50;"73";"UBERLANDIA";"Defeito mecânico em veículo";"Colisão traseira";"Sem Vítimas";"Pleno dia";"Decrescente";"Ceu Claro";"Dupla";"Reta";"Urbano";4;0;0;0;3;1;0;4
83482434;"17/07/16";"Domingo";"16:50:00";"PR";277;"679,5";"MEDIANEIRA";"Falta de atenção";"Capotamento";"Com Vítimas Feridas";"Pleno dia";"Decrescente";"Ceu Claro";"Dupla";"Reta";"Rural";2;0;1;0;1;0;1;1
83482435;"17/07/16";"Domingo";"14:40:00";"SC";101;"294,3";"IMBITUBA";"Ingestão de álcool";"Saída de Pista";"Sem Vítimas";"Pleno dia";"Crescente";"Ceu Claro";"Múltipla";"Reta";"Urbano";2;0;0;0;2;0;0;1
83482436;"09/07/16";"Sábado";"17:00:00";"RJ";393;"126";"SAPUCAIA";"Outras";"Queda de motocicleta / bicicleta / veículo";"Com Vítimas Feridas";"Pleno dia";"Crescente";"Ceu Claro";"Simples";"Curva";"Rural";2;0;1;1;0;0;2;1
83482437;"17/07/16";"Domingo";"15:45:00";"SC";282;"493,9";"XANXERE";"Não guardar distância de segurança";"Colisão traseira";"Sem Vítimas";"Pleno dia";"Decrescente";"Sol";"Simples";"Reta";"Rural";3;0;0;0;3;0;0;3
83482438;"17/07/16";"Domingo";"14:30:00";"PR";277;"581";"CASCAVEL";"Falta de atenção";"Colisão traseira";"Sem Vítimas";"Pleno dia";"Crescente";"Ceu Claro";"Simples";"Reta";"Urbano";2;0;0;0;2;0;0;2
83482439;"17/07/16";"Domingo";"16:50:00";"SC";282;"90,8";"ALFREDO WAGNER";"Velocidade incompatível";"Saída de Pista";"Sem Vítimas";"Pleno dia";"Decrescente";"Ceu Claro";"Simples";"Curva";"Rural";1;0;0;0;1;0;0;1
83482440;"17/07/16";"Domingo";"16:30:00";"RN";304;"284";"MACAIBA";"Ingestão de álcool";"Colisão lateral";"Com Vítimas Feridas";"Pleno dia";"Decrescente";"Sol";"Simples";"Curva";"Rural";2;0;1;0;1;0;1;2
83482441;"17/07/16";"Domingo";"17:25:00";"PR";376;"183";"SARANDI";"Não guardar distância de segurança";"Colisão traseira";"Com Vítimas Feridas";"Pleno dia";"Decrescente";"Ceu Claro";"Dupla";"Reta";"Urbano";3;0;1;0;2;0;1;2
83482442;"17/07/16";"Domingo";"17:30:00";"SC";101;"79,3";"ARAQUARI";"Falta de atenção";"Colisão traseira";"Com Vítimas Feridas";"Pleno dia";"Decrescente";"Ceu Claro";"Múltipla";"Reta";"Rural";3;0;1;0;2;0;1;2
83482443;"17/07/16";"Domingo";"17:30:00";"RS";386;"387";"TRIUNFO";"Falta de atenção";"Colisão lateral";"Sem Vítimas";"Pleno dia";"Crescente";"Ceu Claro";"Dupla";"Reta";"Urbano";2;0;0;0;2;0;0;2
83482444;"17/07/16";"Domingo";"10:25:00";"RO";364;"37,7";"VILHENA";"Defeito mecânico em veículo";"Queda de motocicleta / bicicleta / veículo";"Com Vítimas Feridas";"Pleno dia";"Decrescente";"Ceu Claro";"Simples";"Reta";"Rural";1;0;1;0;0;0;1;1
83482446;"17/07/16";"Domingo";"13:10:00";"MG";381;"367";"SAO GONCALO DO RIO ABAIXO";"Velocidade incompatível";"Capotamento";"Com Vítimas Fatais";"Pleno dia";"Crescente";"Sol";"Simples";"Curva";"Rural";3;1;2;0;0;0;2;1
83482447;"11/07/16";"Segunda";"14:00:00";"MG";381;"426";"CAETE";"Outras";"Tombamento";"Sem Vítimas";"Pleno dia";"Decrescente";"Ceu Claro";"Simples";"Curva";"Rural";1;0;0;0;1;0;0;1
83482448;"17/07/16";"Domingo";"15:00:00";"SC";101;"119,7";"ITAJAI";"Falta de atenção";"Colisão traseira";"Com Vítimas Feridas";"Pleno dia";"Crescente";"Sol";"Dupla";"Reta";"Urbano";5;0;1;0;4;0;1;5
83482449;"17/07/16";"Domingo";"08:00:00";"PR";376;"339";"ORTIGUEIRA";"Outras";"Tombamento";"Sem Vítimas";"Pleno dia";"Crescente";"Sol";"Simples";"Curva";"Rural";1;0;0;0;1;0;0;1
83482450;"14/07/16";"Quinta";"18:30:00";"RJ";116;"84";"TERESOPOLIS";"Outras";"Colisão lateral";"Com Vítimas Feridas";"Plena noite";"Crescente";"Ceu Claro";"Simples";"Reta";"Urbano";2;0;1;0;1;0;1;2
83482451;"17/07/16";"Domingo";"17:35:00";"SC";101;"276";"IMBITUBA";"Velocidade incompatível";"Capotamento";"Com Vítimas Feridas";"Anoitecer";"Decrescente";"Sol";"Dupla";"Reta";"Urbano";1;0;1;0;0;0;1;1
83482452;"14/07/16";"Quinta";"12:00:00";"RN";304;"97";"MOSSORO";"Defeito mecânico em veículo";"Saída de Pista";"Com Vítimas Feridas";"Pleno dia";"Crescente";"Ceu Claro";"Simples";"Reta";"Rural";2;0;2;0;0;0;2;1
83482453;"17/07/16";"Domingo";"16:20:00";"MG";381;"488,9";"BETIM";"Outras";"Atropelamento de pessoa";"Com Vítimas Fatais";"Pleno dia";"Crescente";"Sol";"Dupla";"Reta";"Urbano";2;1;0;0;1;0;0;1
83482454;"17/07/16";"Domingo";"18:15:00";"RS";116;"236";"NOVO HAMBURGO";"Ingestão de álcool";"Colisão traseira";"Sem Vítimas";"Plena noite";"Decrescente";"Ceu Claro";"Múltipla";"Cruzamento";"Urbano";2;0;0;0;2;0;0;2
83482455;"17/07/16";"Domingo";"18:00:00";"BA";116;"793";"PLANALTO";"Ingestão de álcool";"Atropelamento de pessoa";"Com Vítimas Feridas";"Anoitecer";"Decrescente";"Ceu Claro";"Simples";"Reta";"Rural";2;0;1;0;1;0;1;1
83482456;"17/07/16";"Domingo";"16:40:00";"SC";101;"79";"ARAQUARI";"Falta de atenção";"Colisão traseira";"Sem Vítimas";"Amanhecer";"Crescente";"Ceu Claro";"Múltipla";"Reta";"Rural";3;0;0;0;3;0;0;3
83482457;"16/07/16";"Sábado";"05:30:00";"ES";101;"126,8";"SOORETAMA";"Ingestão de álcool";"Colisão traseira";"Sem Vítimas";"Amanhecer";"Decrescente";"Sol";"Simples";"Reta";"Urbano";2;0;0;0;2;0;0;2
83482458;"17/07/16";"Domingo";"15:30:00";"BA";116;"572";"NOVA ITARANA";"Outras";"Saída de Pista";"Com Vítimas Fatais";"Pleno dia";"Decrescente";"Ceu Claro";"Simples";"Curva";"Rural";1;1;0;0;0;0;0;1
83482459;"03/07/16";"Domingo";"23:00:00";"MT";364;"341";"SANTO ANTONIO DO LEVERGER";"Falta de atenção";"Tombamento";"Sem Vítimas";"Plena noite";"Decrescente";"Ceu Claro";"Simples";"Reta";"Rural";1;0;0;0;1;0;0;1
83482461;"17/07/16";"Domingo";"15:15:00";"MG";262;"572";"CORREGO DANTA";"Outras";"Incêndio";"Sem Vítimas";"Pleno dia";"Crescente";"Ceu Claro";"Simples";"Reta";"Rural";1;0;0;0;1;0;0;1
83482462;"17/07/16";"Domingo";"17:15:00";"BA";101;"835";"TEIXEIRA DE FREITAS";"Outras";"Saída de Pista";"Sem Vítimas";"Anoitecer";"Crescente";"Ceu Claro";"Simples";"Curva";"Rural";4;0;0;0;4;0;0;1
83482463;"17/07/16";"Domingo";"16:00:00";"RS";290;"130,4";"ELDORADO DO SUL";"Falta de atenção";"Colisão Transversal";"Com Vítimas Feridas";"Pleno dia";"Crescente";"Sol";"Simples";"Cruzamento";"Rural";5;0;1;0;4;0;1;2
83482464;"17/07/16";"Domingo";"13:40:00";"SP";116;"86,4";"PINDAMONHANGABA";"Falta de atenção";"Colisão traseira";"Com Vítimas Feridas";"Pleno dia";"Crescente";"Ceu Claro";"Dupla";"Reta";"Urbano";8;0;2;0;6;0;2;3
83482465;"15/07/16";"Sexta";"08:00:00";"MS";163;"800,3";"PEDRO GOMES";"Outras";"Saída de Pista";"Ignorado";"Amanhecer";"Crescente";"Ceu Claro";"Simples";"Reta";"Rural";1;0;0;0;0;1;0;1
83482466;"14/07/16";"Quinta";"19:30:00";"GO";20;"242,2";"GUARANI DE GOIAS";"Outras";"Queda de motocicleta / bicicleta / veículo";"Com Vítimas Fatais";"Plena noite";"Decrescente";"Ceu Claro";"Simples";"Reta";"Rural";4;1;0;0;2;1;0;4
83482467;"17/07/16";"Domingo";"18:15:00";"MT";364;"202";"RONDONOPOLIS";"Falta de atenção";"Colisão lateral";"Com Vítimas Feridas";"Anoitecer";"Decrescente";"Ceu Claro";"Dupla";"Reta";"Urbano";2;0;1;0;0;1;1;2
83482468;"17/07/16";"Domingo";"17:20:00";"MS";163;"257,8";"DOURADOS";"Outras";"Atropelamento de pessoa";"Com Vítimas Fatais";"Anoitecer";"Decrescente";"Ceu Claro";"Dupla";"Reta";"Rural";2;1;0;0;1;0;0;1
83482469;"09/03/16";"Quarta";"16:00:00";"SE";101;"132,9";"ESTANCIA";"Velocidade incompatível";"Colisão traseira";"Com Vítimas Feridas";"Pleno dia";"Crescente";"Ceu Claro";"Dupla";"Reta";"Rural";3;0;1;0;1;1;1;2
83482470;"17/07/16";"Domingo";"12:40:00";"GO";60;"162";"GOIANIA";"Falta de atenção";"Colisão Transversal";"Com Vítimas Feridas";"Pleno dia";"Decrescente";"Ceu Claro";"Simples";"Reta";"Urbano";2;0;1;0;1;0;1;2
83482471;"17/07/16";"Domingo";"18:10:00";"PR";476;"229,8";"LAPA";"Desobediência à sinalização";"Colisão Transversal";"Com Vítimas Feridas";"Anoitecer";"Crescente";"Ceu Claro";"Simples";"Reta";"Rural";2;0;1;0;0;1;1;2
83482472;"15/07/16";"Sexta";"05:10:00";"MG";251;"250,9";"CURRAL DE DENTRO";"Dormindo";"Tombamento";"Sem Vítimas";"Amanhecer";"Crescente";"Ceu Claro";"Simples";"Curva";"Rural";1;0;0;0;1;0;0;1
83482473;"17/07/16";"Domingo";"16:00:00";"PR";369;"412,6";"JURANDA";"Outras";"Queda de motocicleta / bicicleta / veículo";"Com Vítimas Feridas";"Pleno dia";"Crescente";"Ceu Claro";"Simples";"Reta";"Rural";2;0;1;0;0;1;1;2
83482474;"17/07/16";"Domingo";"17:00:00";"BA";116;"672";"JEQUIE";"Falta de atenção";"Colisão lateral";"Com Vítimas Feridas";"Pleno dia";"Decrescente";"Sol";"Simples";"Reta";"Urbano";4;0;2;0;2;0;2;2
83482475;"17/07/16";"Domingo";"18:00:00";"SC";470;"175,2";"POUSO REDONDO";"Falta de atenção";"Atropelamento de pessoa";"Com Vítimas Feridas";"Plena noite";"Crescente";"Ceu Claro";"Simples";"Reta";"Urbano";2;0;1;0;1;0;1;1
83482476;"17/07/16";"Domingo";"14:30:00";"PE";232;"43,5";"VITORIA DE SANTO ANTAO";"Defeito mecânico em veículo";"Colisão lateral";"Com Vítimas Feridas";"Pleno dia";"Decrescente";"Ceu Claro";"Simples";"Reta";"Rural";4;0;2;0;2;0;2;2
83482477;"17/07/16";"Domingo";"17:10:00";"GO";60;"5,2";"GOIANIA";"Ingestão de álcool";"Colisão traseira";"Sem Vítimas";"Pleno dia";"Crescente";"Sol";"Dupla";"Cruzamento";"Urbano";3;0;0;0;3;0;0;3
83482479;"17/07/16";"Domingo";"16:20:00";"SP";116;"505,1";"CAJATI";"Falta de atenção";"Queda de motocicleta / bicicleta / veículo";"Com Vítimas Feridas";"Pleno dia";"Crescente";"Sol";"Simples";"Curva";"Rural";1;0;1;0;0;0;1;1
83482480;"17/07/16";"Domingo";"19:50:00";"PR";153;"339";"IRATI";"Outras";"Queda de motocicleta / bicicleta / veículo";"Com Vítimas Feridas";"Plena noite";"Crescente";"Ceu Claro";"Simples";"Reta";"Urbano";1;0;0;1;0;0;1;1
83482481;"17/07/16";"Domingo";"18:20:00";"RS";116;"259";"CANOAS";"Outras";"Colisão lateral";"Com Vítimas Feridas";"Anoitecer";"Crescente";"Ceu Claro";"Dupla";"Curva";"Urbano";2;0;1;0;0;1;1;2
83482482;"17/07/16";"Domingo";"20:30:00";"GO";153;"521";"HIDROLANDIA";"Dormindo";"Saída de Pista";"Sem Vítimas";"Plena noite";"Crescente";"Ceu Claro";"Dupla";"Reta";"Rural";1;0;0;0;1;0;0;1
83482483;"17/07/16";"Domingo";"20:35:00";"DF";20;"23";"BRASILIA";"Falta de atenção";"Colisão traseira";"Com Vítimas Feridas";"Plena noite";"Crescente";"Ceu Claro";"Dupla";"Reta";"Rural";3;0;3;0;0;0;3;2
83482484;"17/07/16";"Domingo";"15:50:00";"PR";277;"657,1";"MATELANDIA";"Ingestão de álcool";"Colisão traseira";"Sem Vítimas";"Pleno dia";"Crescente";"Ceu Claro";"Simples";"Curva";"Rural";2;0;0;0;2;0;0;2
83482485;"17/07/16";"Domingo";"19:00:00";"MT";174;"11";"PONTES E LACERDA";"Falta de atenção";"Atropelamento de pessoa";"Com Vítimas Feridas";"Plena noite";"Decrescente";"Ceu Claro";"Simples";"Reta";"Rural";3;0;3;0;0;0;3;1
83482486;"17/07/16";"Domingo";"01:31:00";"RO";319;"57";"PORTO VELHO";"Desobediência à sinalização";"Colisão lateral";"Com Vítimas Feridas";"Plena noite";"Decrescente";"Ceu Claro";"Simples";"Reta";"Urbano";3;0;1;0;0;2;1;2
83482487;"17/07/16";"Domingo";"20:15:00";"RJ";116;"78";"TERESOPOLIS";"Outras";"Atropelamento de pessoa";"Com Vítimas Feridas";"Plena noite";"Crescente";"Ceu Claro";"Simples";"Reta";"Urbano";2;0;1;0;1;0;1;1
83482488;"15/07/16";"Sexta";"16:30:00";"SP";116;"328";"JUQUITIBA";"Outras";"Colisão traseira";"Com Vítimas Feridas";"Pleno dia";"Decrescente";"Ceu Claro";"Dupla";"Curva";"Rural";2;0;0;1;1;0;1;2
83482490;"17/07/16";"Domingo";"16:45:00";"SC";101;"114,4";"ITAJAI";"Outras";"Capotamento";"Ignorado";"Pleno dia";"Crescente";"Ceu Claro";"Dupla";"Reta";"Urbano";1;0;0;0;0;1;0;1
83482491;"17/07/16";"Domingo";"19:25:00";"RN";405;"4";"MOSSORO";"Ingestão de álcool";"Colisão Transversal";"Com Vítimas Feridas";"Plena noite";"Decrescente";"Ceu Claro";"Simples";"Reta";"Urbano";2;0;0;1;1;0;1;2
83482492;"17/07/16";"Domingo";"16:20:00";"SP";381;"16,9";"BRAGANCA PAULISTA";"Não guardar distância de segurança";"Colisão traseira";"Com Vítimas Fatais";"Pleno dia";"Crescente";"Ceu Claro";"Dupla";"Reta";"Rural";3;1;0;0;2;0;0;3
83482493;"17/07/16";"Domingo";"18:44:00";"MG";40;"509";"RIBEIRAO DAS NEVES";"Outras";"Atropelamento de pessoa";"Com Vítimas Feridas";"Plena noite";"Crescente";"Ignorada";"Dupla";"Reta";"Urbano";2;0;1;0;0;1;1;1
83482494;"17/07/16";"Domingo";"18:20:00";"RS";116;"110,7";"SAO MARCOS";"Outras";"Colisão traseira";"Com Vítimas Feridas";"Plena noite";"Crescente";"Nublado";"Simples";"Reta";"Rural";4;0;1;1;2;0;2;2
83482495;"17/07/16";"Domingo";"19:30:00";"PE";316;"322,5";"FLORESTA";"Animais na Pista";"Atropelamento de animal";"Sem Vítimas";"Plena noite";"Decrescente";"Ceu Claro";"Simples";"Reta";"Rural";1;0;0;0;1;0;0;1
83482496;"17/07/16";"Domingo";"19:22:00";"PR";376;"639";"TIJUCAS DO SUL";"Outras";"Atropelamento de pessoa";"Com Vítimas Fatais";"Plena noite";"Decrescente";"Ceu Claro";"Dupla";"Reta";"Urbano";3;1;0;0;2;0;0;1
83482497;"17/07/16";"Domingo";"14:00:00";"PR";153;"499,5";"GENERAL CARNEIRO";"Ultrapassagem indevida";"Colisão frontal";"Com Vítimas Feridas";"Pleno dia";"Crescente";"Sol";"Simples";"Reta";"Rural";2;0;0;1;1;0;1;2
83482499;"17/07/16";"Domingo";"19:00:00";"PR";369;"114";"URAI";"Outras";"Atropelamento de pessoa";"Com Vítimas Feridas";"Anoitecer";"Crescente";"Ceu Claro";"Simples";"Curva";"Rural";2;0;1;0;0;1;1;1
83482500;"17/07/16";"Domingo";"15:30:00";"PB";230;"423,8";"POMBAL";"Outras";"Saída de Pista";"Com Vítimas Feridas";"Pleno dia";"Crescente";"Ceu Claro";"Simples";"Reta";"Rural";1;0;0;1;0;0;1;1
83482501;"17/07/16";"Domingo";"20:10:00";"SC";116;"212,8";"PONTE ALTA";"Ingestão de álcool";"Capotamento";"Com Vítimas Feridas";"Plena noite";"Decrescente";"Ceu Claro";"Simples";"Reta";"Rural";2;0;2;0;0;0;2;1
83482502;"17/07/16";"Domingo";"18:00:00";"SC";153;"17,7";"AGUA DOCE";"Ultrapassagem indevida";"Colisão frontal";"Com Vítimas Feridas";"Plena noite";"Decrescente";"Ceu Claro";"Simples";"Curva";"Rural";4;0;2;0;2;0;2;2
83482503;"16/07/16";"Sábado";"04:15:00";"GO";60;"163,5";"GOIANIA";"Ingestão de álcool";"Colisão com objeto móvel";"Com Vítimas Feridas";"Plena noite";"Crescente";"Ceu Claro";"Dupla";"Reta";"Urbano";3;0;0;2;1;0;2;2
83482504;"17/07/16";"Domingo";"19:40:00";"SC";101;"210";"SAO JOSE";"Falta de atenção";"Colisão traseira";"Com Vítimas Feridas";"Plena noite";"Decrescente";"Ceu Claro";"Dupla";"Reta";"Urbano";2;0;1;0;1;0;1;2
83482505;"15/07/16";"Sexta";"21:20:00";"SP";116;"325";"JUQUITIBA";"Defeito mecânico em veículo";"Tombamento";"Sem Vítimas";"Plena noite";"Crescente";"Ceu Claro";"Dupla";"Reta";"Rural";1;0;0;0;1;0;0;1
83482506;"17/07/16";"Domingo";"18:50:00";"PR";277;"329,6";"GUARAPUAVA";"Ingestão de álcool";"Atropelamento de pessoa";"Com Vítimas Feridas";"Plena noite";"Decrescente";"Ceu Claro";"Simples";"Reta";"Rural";3;0;0;1;2;0;1;2
83482508;"17/07/16";"Domingo";"18:30:00";"PR";369;"500";"CORBELIA";"Falta de atenção";"Colisão lateral";"Sem Vítimas";"Anoitecer";"Decrescente";"Ceu Claro";"Simples";"Reta";"Urbano";3;0;0;0;3;0;0;2
83482509;"17/07/16";"Domingo";"20:20:00";"MG";116;"480,7";"DOM CAVATI";"Falta de atenção";"Colisão lateral";"Com Vítimas Feridas";"Plena noite";"Decrescente";"Ceu Claro";"Simples";"Cruzamento";"Urbano";3;0;1;1;1;0;2;2
83482510;"17/07/16";"Domingo";"00:30:00";"RN";405;"173";"RIACHO DE SANTANA";"Outras";"Colisão frontal";"Sem Vítimas";"Plena noite";"Crescente";"Ceu Claro";"Simples";"Reta";"Rural";2;0;0;0;1;1;0;2
83482511;"17/07/16";"Domingo";"20:30:00";"RJ";101;"71";"CAMPOS DOS GOYTACAZES";"Outras";"Colisão traseira";"Com Vítimas Feridas";"Plena noite";"Decrescente";"Ignorada";"Simples";"Reta";"Urbano";3;0;2;0;0;1;2;2
83482513;"17/07/16";"Domingo";"18:00:00";"PE";316;"34";"ARARIPINA";"Outras";"Colisão com objeto móvel";"Com Vítimas Feridas";"Anoitecer";"Decrescente";"Ceu Claro";"Simples";"Reta";"Rural";1;0;0;1;0;0;1;1
83482514;"15/07/16";"Sexta";"20:00:00";"PA";230;"628";"ALTAMIRA";"Falta de atenção";"Danos Eventuais";"Com Vítimas Feridas";"Plena noite";"Crescente";"Ceu Claro";"Simples";"Curva";"Rural";1;0;0;1;0;0;1;1
83482515;"17/07/16";"Domingo";"19:20:00";"PE";424;"62,5";"CAETES";"Outras";"Colisão traseira";"Com Vítimas Fatais";"Plena noite";"Crescente";"Nevoeiro/neblina";"Simples";"Reta";"Rural";2;1;0;0;0;1;0;2
83482516;"17/07/16";"Domingo";"14:30:00";"PR";476;"348";"UNIAO DA VITORIA";"Ingestão de álcool";"Colisão lateral";"Sem Vítimas";"Pleno dia";"Crescente";"Ceu Claro";"Simples";"Reta";"Rural";3;0;0;0;3;0;0;2
83482518;"17/07/16";"Domingo";"18:00:00";"PE";232;"73";"GRAVATA";"Falta de atenção";"Colisão com objeto fixo";"Com Vítimas Fatais";"Plena noite";"Decrescente";"Ceu Claro";"Simples";"Reta";"Urbano";4;1;0;2;0;1;2;2
83482519;"17/07/16";"Domingo";"15:00:00";"BA";407;"130";"SENHOR DO BONFIM";"Não guardar distância de segurança";"Colisão traseira";"Com Vítimas Feridas";"Pleno dia";"Decrescente";"Ceu Claro";"Simples";"Reta";"Rural";3;0;0;1;2;0;1;2
83482520;"17/07/16";"Domingo";"21:40:00";"PR";277;"594";"CASCAVEL";"Desobediência à sinalização";"Colisão Transversal";"Com Vítimas Feridas";"Plena noite";"Crescente";"Ceu Claro";"Simples";"Cruzamento";"Rural";3;0;1;0;2;0;1;2
83482522;"17/07/16";"Domingo";"22:30:00";"RN";304;"302,3";"MACAIBA";"Dormindo";"Colisão traseira";"Com Vítimas Feridas";"Plena noite";"Decrescente";"Ceu Claro";"Dupla";"Reta";"Rural";3;0;0;3;0;0;3;2
83482523;"17/07/16";"Domingo";"23:00:00";"PE";316;"317";"FLORESTA";"Animais na Pista";"Atropelamento de animal";"Com Vítimas Feridas";"Plena noite";"Crescente";"Ceu Claro";"Simples";"Reta";"Rural";1;0;1;0;0;0;1;1
83482524;"17/07/16";"Domingo";"22:00:00";"MG";381;"917,5";"CAMANDUCAIA";"Velocidade incompatível";"Queda de motocicleta / bicicleta / veículo";"Com Vítimas Feridas";"Plena noite";"Crescente";"Ceu Claro";"Dupla";"Curva";"Rural";1;0;1;0;0;0;1;1
83482525;"08/07/16";"Sexta";"22:20:00";"PR";476;"123,5";"CURITIBA";"Ingestão de álcool";"Colisão lateral";"Sem Vítimas";"Plena noite";"Decrescente";"Ceu Claro";"Dupla";"Reta";"Urbano";2;0;0;0;2;0;0;2