"id";"data_inversa";"dia_semana";"horario";"uf";"br";"km";"municipio";"causa_acidente";"tipo_acidente";"classificacao_acidente";"fase_dia";"sentido_via";"condicao_metereologica";"tipo_pista";"tracado_via";"uso_solo";"pessoas";"mortos";"feridos_leves";"feridos_graves";"ilesos";"ignorados";"feridos";"veiculos"
83482526;"17/07/16";"Domingo";"20:10:00";"RS";290;"245,6";"CACHOEIRA DO SUL";"Animais na Pista";"Atropelamento de animal";"Sem Vítimas";"Plena noite";"Crescente";"Ignorada";"Simples";"Reta";"Rural";2;0;0;0;2;0;0;1
83482527;"17/07/16";"Domingo";"18:45:00";"MG";267;"360,2";"CAMPANHA";"Velocidade incompatível";"Colisão Transversal";"Com Vítimas Fatais";"Plena noite";"Crescente";"Nublado";"Simples";"Curva";"Rural";3;1;0;0;2;0;0;2
83482528;"14/07/16";"Quinta";"04:15:00";"ES";101;"263,9";"SERRA";"Falta de atenção";"Colisão lateral";"Com Vítimas Feridas";"Plena noite";"Crescente";"Ceu Claro";"Dupla";"Cruzamento";"Urbano";2;0;1;0;1;0;1;2
83482530;"17/07/16";"Domingo";"16:15:00";"BA";135;"129";"RIACHAO DAS NEVES";"Ultrapassagem indevida";"Colisão lateral";"Com Vítimas Feridas";"Pleno dia";"Crescente";"Sol";"Simples";"Curva";"Rural";6;0;5;0;1;0;5;3
83482531;"17/07/16";"Domingo";"17:30:00";"RS";285;"646";"SAO BORJA";"Outras";"Saída de Pista";"Sem Vítimas";"Pleno dia";"Crescente";"Ceu Claro";"Simples";"Reta";"Rural";1;0;0;0;1;0;0;1
83482532;"17/07/16";"Domingo";"21:20:00";"RS";290;"371,4";"VILA NOVA DO SUL";"Ingestão de álcool";"Atropelamento de pessoa";"Com Vítimas Feridas";"Plena noite";"Crescente";"Nublado";"Simples";"Reta";"Urbano";2;0;0;1;1;0;1;1
83482533;"17/07/16";"Domingo";"16:20:00";"SC";101;"150";"ITAPEMA";"Velocidade incompatível";"Capotamento";"Com Vítimas Feridas";"Pleno dia";"Decrescente";"Ceu Claro";"Simples";"Reta";"Urbano";3;0;3;0;0;0;3;1
83482534;"17/07/16";"Domingo";"13:30:00";"RN";304;"177,7";"ANGICOS";"Outras";"Colisão lateral";"Sem Vítimas";"Pleno dia";"Decrescente";"Ceu Claro";"Simples";"Reta";"Rural";3;0;0;0;3;0;0;3
83482535;"17/07/16";"Domingo";"22:30:00";"PR";376;"635,3";"SAO JOSE DOS PINHAIS";"Falta de atenção";"Colisão com objeto fixo";"Ignorado";"Plena noite";"Decrescente";"Ceu Claro";"Dupla";"Reta";"Rural";1;0;0;0;0;1;0;1
83482536;"17/07/16";"Domingo";"21:00:00";"ES";262;"5,5";"CARIACICA";"Ingestão de álcool";"Colisão traseira";"Sem Vítimas";"Plena noite";"Decrescente";"Ceu Claro";"Múltipla";"Cruzamento";"Urbano";2;0;0;0;2;0;0;2
83482538;"17/07/16";"Domingo";"22:00:00";"MA";230;"2";"BARAO DE GRAJAU";"Ingestão de álcool";"Colisão traseira";"Com Vítimas Feridas";"Plena noite";"Decrescente";"Ceu Claro";"Simples";"Reta";"Urbano";3;0;2;0;1;0;2;2
83482539;"08/06/16";"Quarta";"13:20:00";"MS";262;"67,8";"TRES LAGOAS";"Outras";"Saída de Pista";"Com Vítimas Feridas";"Pleno dia";"Decrescente";"Sol";"Simples";"Reta";"Rural";1;0;1;0;0;0;1;1
83482540;"17/07/16";"Domingo";"20:05:00";"MS";163;"165";"JUTI";"Dormindo";"Colisão frontal";"Com Vítimas Feridas";"Plena noite";"Crescente";"Ceu Claro";"Simples";"Reta";"Rural";2;0;1;1;0;0;2;2
83482541;"17/07/16";"Domingo";"16:40:00";"MG";116;"301,2";"ITAMBACURI";"Ingestão de álcool";"Colisão Transversal";"Com Vítimas Feridas";"Pleno dia";"Crescente";"Ceu Claro";"Simples";"Curva";"Rural";3;0;1;1;1;0;2;2
83482542;"17/07/16";"Domingo";"18:50:00";"MT";70;"361";"CAMPO VERDE";"Velocidade incompatível";"Colisão frontal";"Com Vítimas Fatais";"Plena noite";"Crescente";"Ceu Claro";"Simples";"Reta";"Rural";4;1;0;0;3;0;0;2
83482543;"10/07/16";"Domingo";"23:45:00";"RJ";101;"76";"CAMPOS DOS GOYTACAZES";"Outras";"Atropelamento de pessoa";"Com Vítimas Feridas";"Plena noite";"Decrescente";"Ceu Claro";"Simples";"Reta";"Rural";2;0;1;0;1;0;1;1
83482544;"17/07/16";"Domingo";"21:30:00";"SC";101;"94,9";"BARRA VELHA";"Outras";"Atropelamento de pessoa";"Com Vítimas Fatais";"Plena noite";"Crescente";"Ceu Claro";"Dupla";"Reta";"Rural";2;1;0;0;1;0;0;1
83482545;"17/06/16";"Sexta";"16:50:00";"PR";373;"223,5";"IMBITUVA";"Falta de atenção";"Colisão Transversal";"Com Vítimas Feridas";"Pleno dia";"Decrescente";"Sol";"Simples";"Cruzamento";"Rural";5;0;3;0;2;0;3;2
83482546;"13/07/16";"Quarta";"16:30:00";"RO";319;"64";"PORTO VELHO";"Não guardar distância de segurança";"Colisão traseira";"Com Vítimas Feridas";"Pleno dia";"Crescente";"Ceu Claro";"Dupla";"Reta";"Urbano";2;0;1;0;0;1;1;2
83482547;"17/07/16";"Domingo";"19:00:00";"AL";104;"89,9";"RIO LARGO";"Ingestão de álcool";"Colisão traseira";"Com Vítimas Feridas";"Plena noite";"Crescente";"Ceu Claro";"Dupla";"Reta";"Urbano";6;0;6;0;0;0;6;2
83482548;"07/07/16";"Quinta";"23:30:00";"MG";153;"33";"CENTRALINA";"Outras";"Tombamento";"Com Vítimas Feridas";"Plena noite";"Decrescente";"Ceu Claro";"Dupla";"Reta";"Rural";1;0;1;0;0;0;1;1
83482549;"17/07/16";"Domingo";"23:40:00";"PR";476;"231";"LAPA";"Outras";"Colisão traseira";"Com Vítimas Fatais";"Plena noite";"Decrescente";"Ceu Claro";"Simples";"Reta";"Rural";2;1;0;0;1;0;0;2
83482550;"17/07/16";"Domingo";"17:30:00";"MG";381;"499";"BETIM";"Velocidade incompatível";"Colisão com objeto fixo";"Sem Vítimas";"Pleno dia";"Crescente";"Ceu Claro";"Dupla";"Reta";"Urbano";1;0;0;0;1;0;0;1
83482551;"17/07/16";"Domingo";"18:00:00";"MG";262;"365,2";"JUATUBA";"Falta de atenção";"Colisão lateral";"Com Vítimas Feridas";"Plena noite";"Decrescente";"Ceu Claro";"Dupla";"Reta";"Rural";2;0;1;0;1;0;1;2
83482552;"18/07/16";"Segunda";"02:00:00";"MG";116;"274";"TEOFILO OTONI";"Velocidade incompatível";"Queda de motocicleta / bicicleta / veículo";"Com Vítimas Feridas";"Plena noite";"Decrescente";"Ceu Claro";"Simples";"Reta";"Urbano";2;0;1;1;0;0;2;1
83482553;"13/07/16";"Quarta";"16:20:00";"MG";116;"134,2";"PONTO DOS VOLANTES";"Outras";"Colisão traseira";"Com Vítimas Fatais";"Pleno dia";"Crescente";"Ceu Claro";"Simples";"Curva";"Rural";5;2;1;1;1;0;2;3
83482554;"17/07/16";"Domingo";"23:00:00";"SP";381;"33";"ATIBAIA";"Falta de atenção";"Colisão traseira";"Com Vítimas Feridas";"Plena noite";"Crescente";"Ceu Claro";"Dupla";"Reta";"Urbano";3;0;1;1;1;0;2;2
83482555;"17/07/16";"Domingo";"15:15:00";"MG";40;"503";"ESMERALDAS";"Falta de atenção";"Colisão lateral";"Com Vítimas Feridas";"Pleno dia";"Crescente";"Ceu Claro";"Dupla";"Reta";"Rural";6;0;1;0;5;0;1;2
83482556;"18/07/16";"Segunda";"02:00:00";"MS";158;"97";"PARANAIBA";"Animais na Pista";"Atropelamento de animal";"Com Vítimas Feridas";"Plena noite";"Decrescente";"Ceu Claro";"Dupla";"Reta";"Urbano";1;0;1;0;0;0;1;1
83482557;"13/07/16";"Quarta";"20:29:00";"DF";40;"5,7";"BRASILIA";"Ingestão de álcool";"Colisão traseira";"Sem Vítimas";"Plena noite";"Crescente";"Ceu Claro";"Dupla";"Reta";"Urbano";2;0;0;0;2;0;0;2
83482558;"18/07/16";"Segunda";"01:30:00";"RN";304;"186";"LAJES";"Animais na Pista";"Atropelamento de animal";"Com Vítimas Feridas";"Plena noite";"Crescente";"Ceu Claro";"Simples";"Reta";"Rural";1;0;1;0;0;0;1;1
83482559;"17/07/16";"Domingo";"19:30:00";"RN";304;"285,6";"MACAIBA";"Outras";"Colisão frontal";"Com Vítimas Fatais";"Plena noite";"Decrescente";"Ceu Claro";"Simples";"Reta";"Rural";2;1;0;0;1;0;0;2
83482560;"17/07/16";"Domingo";"13:50:00";"GO";40;"12,5";"LUZIANIA";"Outras";"Colisão traseira";"Com Vítimas Feridas";"Pleno dia";"Crescente";"Ceu Claro";"Dupla";"Reta";"Urbano";2;0;1;0;1;0;1;2
83482561;"17/07/16";"Domingo";"16:20:00";"MG";40;"475";"SETE LAGOAS";"Velocidade incompatível";"Saída de Pista";"Sem Vítimas";"Pleno dia";"Decrescente";"Ceu Claro";"Dupla";"Reta";"Rural";1;0;0;0;1;0;0;1
83482562;"18/07/16";"Segunda";"06:00:00";"RJ";40;"78";"PETROPOLIS";"Velocidade incompatível";"Colisão com objeto fixo";"Com Vítimas Feridas";"Amanhecer";"Crescente";"Nublado";"Simples";"Curva";"Urbano";3;0;2;0;1;0;2;1
83482563;"17/07/16";"Domingo";"21:15:00";"SP";153;"7,5";"ICEM";"Falta de atenção";"Capotamento";"Com Vítimas Feridas";"Plena noite";"Crescente";"Ceu Claro";"Simples";"Reta";"Rural";1;0;1;0;0;0;1;1
83482564;"18/07/16";"Segunda";"00:05:00";"SC";470;"177,9";"POUSO REDONDO";"Falta de atenção";"Colisão traseira";"Com Vítimas Feridas";"Plena noite";"Decrescente";"Ceu Claro";"Simples";"Reta";"Urbano";3;0;2;0;1;0;2;2
83482565;"18/07/16";"Segunda";"00:50:00";"SP";116;"283,5";"EMBU";"Outras";"Tombamento";"Sem Vítimas";"Plena noite";"Decrescente";"Nublado";"Dupla";"Reta";"Urbano";1;0;0;0;1;0;0;1
83482566;"17/07/16";"Domingo";"15:00:00";"SP";101;"47,2";"UBATUBA";"Dormindo";"Colisão frontal";"Sem Vítimas";"Pleno dia";"Crescente";"Ceu Claro";"Simples";"Reta";"Urbano";4;0;0;0;4;0;0;3
83482567;"17/07/16";"Domingo";"18:35:00";"MG";262;"71,4";"MATIPO";"Falta de atenção";"Atropelamento de pessoa";"Com Vítimas Feridas";"Plena noite";"Crescente";"Ceu Claro";"Simples";"Reta";"Rural";2;0;1;0;0;1;1;1
83482568;"17/07/16";"Domingo";"19:00:00";"CE";20;"198";"BOA VIAGEM";"Falta de atenção";"Queda de motocicleta / bicicleta / veículo";"Com Vítimas Feridas";"Plena noite";"Crescente";"Ceu Claro";"Simples";"Reta";"Rural";1;0;1;0;0;0;1;1
83482569;"17/07/16";"Domingo";"21:40:00";"MG";262;"369";"JUATUBA";"Velocidade incompatível";"Queda de motocicleta / bicicleta / veículo";"Com Vítimas Feridas";"Plena noite";"Decrescente";"Ceu Claro";"Simples";"Curva";"Urbano";1;0;1;0;0;0;1;1
83482570;"18/07/16";"Segunda";"06:00:00";"RS";290;"481";"ROSARIO DO SUL";"Animais na Pista";"Atropelamento de animal";"Sem Vítimas";"Plena noite";"Decrescente";"Ceu Claro";"Simples";"Reta";"Urbano";3;0;0;0;3;0;0;1
83482571;"18/07/16";"Segunda";"01:40:00";"MT";364;"558";"NOBRES";"Animais na Pista";"Atropelamento de animal";"Sem Vítimas";"Plena noite";"Crescente";"Ceu Claro";"Dupla";"Reta";"Rural";1;0;0;0;1;0;0;1
83482572;"17/07/16";"Domingo";"23:00:00";"RJ";40;"87";"PETROPOLIS";"Velocidade incompatível";"Capotamento";"Sem Vítimas";"Plena noite";"Crescente";"Chuva";"Dupla";"Curva";"Rural";2;0;0;0;2;0;0;1
83482573;"14/07/16";"Quinta";"18:00:00";"MG";153;"121";"PRATA";"Ultrapassagem indevida";"Tombamento";"Com Vítimas Feridas";"Plena noite";"Crescente";"Ceu Claro";"Simples";"Curva";"Rural";1;0;1;0;0;0;1;1
83482574;"28/03/16";"Segunda";"11:40:00";"SP";116;"229";"SAO PAULO";"Outras";"Colisão traseira";"Com Vítimas Fatais";"Pleno dia";"Crescente";"Sol";"Múltipla";"Reta";"Urbano";4;1;1;0;2;0;1;4
83482575;"18/07/16";"Segunda";"00:40:00";"MG";381;"807";"CAREACU";"Dormindo";"Colisão traseira";"Com Vítimas Feridas";"Plena noite";"Decrescente";"Ceu Claro";"Dupla";"Reta";"Rural";2;0;0;1;1;0;1;2
83482576;"17/07/16";"Domingo";"15:30:00";"PE";101;"99";"CABO DE SANTO AGOSTINHO";"Falta de atenção";"Queda de motocicleta / bicicleta / veículo";"Com Vítimas Feridas";"Pleno dia";"Crescente";"Sol";"Dupla";"Cruzamento";"Urbano";2;0;2;0;0;0;2;1
83482577;"16/07/16";"Sábado";"17:30:00";"SP";116;"138,5";"SAO JOSE DOS CAMPOS";"Outras";"Colisão com objeto fixo";"Com Vítimas Fatais";"Anoitecer";"Decrescente";"Ceu Claro";"Dupla";"Reta";"Urbano";2;1;0;1;0;0;1;1
83482579;"17/07/16";"Domingo";"05:40:00";"PR";476;"140,3";"CURITIBA";"Ingestão de álcool";"Colisão traseira";"Sem Vítimas";"Plena noite";"Decrescente";"Ceu Claro";"Múltipla";"Reta";"Urbano";2;0;0;0;2;0;0;2
83482580;"09/07/16";"Sábado";"23:30:00";"MG";135;"603";"CORINTO";"Outras";"Saída de Pista";"Com Vítimas Fatais";"Plena noite";"Crescente";"Ceu Claro";"Simples";"Reta";"Rural";2;1;0;0;1;0;0;1
83482581;"18/07/16";"Segunda";"04:20:00";"PR";116;"84";"PIRAQUARA";"Dormindo";"Saída de Pista";"Com Vítimas Feridas";"Plena noite";"Crescente";"Ceu Claro";"Dupla";"Curva";"Rural";2;0;2;0;0;0;2;1
83482582;"17/07/16";"Domingo";"15:30:00";"MG";40;"739,6";"SANTOS DUMONT";"Outras";"Colisão com objeto fixo";"Sem Vítimas";"Pleno dia";"Decrescente";"Ceu Claro";"Simples";"Curva";"Rural";2;0;0;0;2;0;0;1
83482583;"18/07/16";"Segunda";"05:30:00";"BA";242;"189";"SEABRA";"Falta de atenção";"Colisão lateral";"Com Vítimas Feridas";"Amanhecer";"Decrescente";"Ceu Claro";"Simples";"Reta";"Rural";2;0;1;0;1;0;1;2
83482584;"17/07/16";"Domingo";"16:30:00";"CE";20;"215";"BOA VIAGEM";"Defeito na via";"Saída de Pista";"Com Vítimas Feridas";"Pleno dia";"Decrescente";"Ceu Claro";"Simples";"Reta";"Rural";5;0;4;1;0;0;5;1
83482585;"12/07/16";"Terça";"18:00:00";"PR";376;"503,9";"PONTA GROSSA";"Outras";"Tombamento";"Sem Vítimas";"Anoitecer";"Crescente";"Granizo";"Dupla";"Reta";"Urbano";1;0;0;0;1;0;0;1
83482586;"17/07/16";"Domingo";"00:19:00";"PB";230;"22,6";"JOAO PESSOA";"Falta de atenção";"Capotamento";"Com Vítimas Feridas";"Plena noite";"Decrescente";"Ceu Claro";"Dupla";"Reta";"Urbano";2;0;1;0;1;0;1;1
83482587;"14/07/16";"Quinta";"16:40:00";"SP";116;"76";"ROSEIRA";"Defeito mecânico em veículo";"Queda de motocicleta / bicicleta / veículo";"Com Vítimas Feridas";"Pleno dia";"Crescente";"Ceu Claro";"Dupla";"Curva";"Rural";2;0;2;0;0;0;2;1
83482589;"17/07/16";"Domingo";"06:20:00";"AM";174;"1133";"PRESIDENTE FIGUEIREDO";"Dormindo";"Tombamento";"Com Vítimas Fatais";"Amanhecer";"Crescente";"Nublado";"Simples";"Reta";"Rural";1;1;0;0;0;0;0;1
83482592;"13/07/16";"Quarta";"03:30:00";"PR";376;"492,8";"PONTA GROSSA";"Outras";"Saída de Pista";"Sem Vítimas";"Plena noite";"Decrescente";"Chuva";"Dupla";"Curva";"Urbano";1;0;0;0;1;0;0;1
83482593;"24/06/16";"Sexta";"18:30:00";"BA";116;"603";"IRAJUBA";"Dormindo";"Colisão frontal";"Com Vítimas Fatais";"Plena noite";"Crescente";"Ceu Claro";"Simples";"Reta";"Rural";2;1;1;0;0;0;1;2
83482594;"16/07/16";"Sábado";"19:30:00";"MG";365;"350";"VARJAO DE MINAS";"Animais na Pista";"Atropelamento de animal";"Com Vítimas Feridas";"Plena noite";"Crescente";"Ceu Claro";"Simples";"Curva";"Rural";3;0;2;0;1;0;2;1
83482595;"17/07/16";"Domingo";"20:50:00";"RJ";40;"118,8";"DUQUE DE CAXIAS";"Outras";"Colisão traseira";"Com Vítimas Feridas";"Plena noite";"Crescente";"Nublado";"Múltipla";"Reta";"Urbano";5;0;4;0;1;0;4;2
83482596;"14/07/16";"Quinta";"19:40:00";"MG";116;"530";"CARATINGA";"Falta de atenção";"Colisão Transversal";"Sem Vítimas";"Plena noite";"Crescente";"Nublado";"Simples";"Reta";"Urbano";2;0;0;0;2;0;0;2
83482597;"17/07/16";"Domingo";"04:35:00";"BA";101;"683";"ITAGIMIRIM";"Outras";"Atropelamento de animal";"Sem Vítimas";"Plena noite";"Decrescente";"Nublado";"Simples";"Reta";"Rural";1;0;0;0;1;0;0;1
83482598;"18/07/16";"Segunda";"07:30:00";"MG";365;"649";"UBERLANDIA";"Dormindo";"Saída de Pista";"Sem Vítimas";"Pleno dia";"Decrescente";"Ceu Claro";"Dupla";"Reta";"Rural";1;0;0;0;1;0;0;1
83482599;"14/07/16";"Quinta";"13:00:00";"GO";60;"130";"GOIANIA";"Outras";"Colisão traseira";"Sem Vítimas";"Pleno dia";"Decrescente";"Ceu Claro";"Simples";"Reta";"Rural";2;0;0;0;2;0;0;2
83482600;"15/07/16";"Sexta";"15:20:00";"MG";381;"358";"JOAO MONLEVADE";"Não guardar distância de segurança";"Colisão traseira";"Sem Vítimas";"Pleno dia";"Decrescente";"Sol";"Simples";"Cruzamento";"Urbano";2;0;0;0;2;0;0;2
83482601;"11/07/16";"Segunda";"23:20:00";"MG";365;"475";"PATROCINIO";"Outras";"Tombamento";"Com Vítimas Feridas";"Plena noite";"Decrescente";"Ceu Claro";"Simples";"Reta";"Urbano";1;0;1;0;0;0;1;1
83482602;"14/07/16";"Quinta";"07:30:00";"MG";40;"515";"RIBEIRAO DAS NEVES";"Não guardar distância de segurança";"Queda de motocicleta / bicicleta / veículo";"Com Vítimas Feridas";"Pleno dia";"Crescente";"Ceu Claro";"Dupla";"Reta";"Urbano";3;0;2;0;1;0;2;2
83482603;"15/07/16";"Sexta";"23:40:00";"MG";381;"764";"CAMPANHA";"Falta de atenção";"Saída de Pista";"Sem Vítimas";"Plena noite";"Decrescente";"Ignorada";"Dupla";"Reta";"Rural";1;0;0;0;1;0;0;1
83482604;"18/07/16";"Segunda";"01:10:00";"PR";476;"231";"LAPA";"Falta de atenção";"Colisão traseira";"Com Vítimas Feridas";"Plena noite";"Decrescente";"Ceu Claro";"Simples";"Reta";"Rural";2;0;0;1;1;0;1;2
83482605;"14/07/16";"Quinta";"21:30:00";"SC";101;"308,1";"LAGUNA";"Outras";"Colisão frontal";"Sem Vítimas";"Plena noite";"Crescente";"Chuva";"Dupla";"Reta";"Rural";2;0;0;0;2;0;0;2
83482606;"14/07/16";"Quinta";"23:00:00";"PE";101;"83";"JABOATAO DOS GUARARAPES";"Defeito na via";"Capotamento";"Sem Vítimas";"Plena noite";"Crescente";"Nublado";"Múltipla";"Curva";"Urbano";2;0;0;0;2;0;0;1
83482607;"18/07/16";"Segunda";"08:15:00";"MG";153;"52";"MONTE ALEGRE DE MINAS";"Falta de atenção";"Colisão traseira";"Com Vítimas Feridas";"Pleno dia";"Decrescente";"Ceu Claro";"Dupla";"Curva";"Rural";2;0;1;0;1;0;1;2
83482608;"18/07/16";"Segunda";"08:00:00";"PR";277;"105,5";"CAMPO LARGO";"Não guardar distância de segurança";"Colisão traseira";"Sem Vítimas";"Pleno dia";"Decrescente";"Ceu Claro";"Dupla";"Curva";"Urbano";2;0;0;0;2;0;0;2
83482609;"10/07/16";"Domingo";"22:30:00";"DF";40;"2";"BRASILIA";"Ingestão de álcool";"Saída de Pista";"Sem Vítimas";"Plena noite";"Decrescente";"Ceu Claro";"Dupla";"Reta";"Urbano";2;0;0;0;2;0;0;2
83482610;"17/07/16";"Domingo";"15:30:00";"MS";262;"192,4";"RIBAS DO RIO PARDO";"Outras";"Saída de Pista";"Com Vítimas Feridas";"Pleno dia";"Crescente";"Ceu Claro";"Simples";"Reta";"Rural";4;0;2;0;2;0;2;2
83482611;"16/07/16";"Sábado";"04:00:00";"MG";40;"583";"ITABIRITO";"Outras";"Colisão com objeto fixo";"Sem Vítimas";"Plena noite";"Crescente";"Ceu Claro";"Simples";"Curva";"Rural";1;0;0;0;1;0;0;1
83482612;"18/07/16";"Segunda";"07:00:00";"RJ";116;"167";"SAO JOAO DE MERITI";"Outras";"Colisão lateral";"Com Vítimas Feridas";"Pleno dia";"Crescente";"Ceu Claro";"Múltipla";"Reta";"Urbano";3;0;2;0;1;0;2;2
83482614;"18/07/16";"Segunda";"08:05:00";"SC";101;"211";"PALHOCA";"Desobediência à sinalização";"Atropelamento de pessoa";"Com Vítimas Feridas";"Pleno dia";"Crescente";"Ceu Claro";"Dupla";"Reta";"Urbano";2;0;0;1;1;0;1;1
83482615;"12/07/16";"Terça";"07:15:00";"SP";116;"195";"ARUJA";"Defeito mecânico em veículo";"Capotamento";"Sem Vítimas";"Amanhecer";"Crescente";"Ceu Claro";"Dupla";"Reta";"Rural";1;0;0;0;1;0;0;1
83482616;"14/07/16";"Quinta";"17:40:00";"MG";381;"938,5";"EXTREMA";"Velocidade incompatível";"Saída de Pista";"Sem Vítimas";"Pleno dia";"Crescente";"Ceu Claro";"Dupla";"Curva";"Rural";1;0;0;0;1;0;0;1
83482617;"18/07/16";"Segunda";"07:50:00";"PR";376;"625,4";"SAO JOSE DOS PINHAIS";"Outras";"Colisão com objeto fixo";"Com Vítimas Feridas";"Pleno dia";"Decrescente";"Sol";"Dupla";"Reta";"Urbano";1;0;1;0;0;0;1;1
83482619;"18/07/16";"Segunda";"09:20:00";"SC";282;"506";"XANXERE";"Falta de atenção";"Colisão lateral";"Sem Vítimas";"Pleno dia";"Crescente";"Sol";"Simples";"Curva";"Rural";2;0;0;0;2;0;0;2
83482621;"18/07/16";"Segunda";"08:40:00";"GO";60;"136";"GOIANIA";"Falta de atenção";"Colisão Transversal";"Com Vítimas Feridas";"Pleno dia";"Decrescente";"Ceu Claro";"Dupla";"Cruzamento";"Urbano";2;0;2;0;0;0;2;2
83482622;"18/07/16";"Segunda";"09:00:00";"SP";116;"106";"TAUBATE";"Outras";"Queda de motocicleta / bicicleta / veículo";"Com Vítimas Feridas";"Pleno dia";"Crescente";"Ceu Claro";"Dupla";"Reta";"Urbano";2;0;2;0;0;0;2;1
83482623;"18/07/16";"Segunda";"10:00:00";"SC";282;"57";"RANCHO QUEIMADO";"Velocidade incompatível";"Colisão frontal";"Com Vítimas Feridas";"Pleno dia";"Decrescente";"Sol";"Simples";"Curva";"Rural";4;0;2;0;2;0;2;2
83482624;"17/07/16";"Domingo";"01:00:00";"PI";343;"598";"FLORIANO";"Falta de atenção";"Queda de motocicleta / bicicleta / veículo";"Com Vítimas Feridas";"Plena noite";"Decrescente";"Ceu Claro";"Simples";"Curva";"Urbano";2;0;1;1;0;0;2;1
83482625;"18/07/16";"Segunda";"07:55:00";"MA";10;"248";"IMPERATRIZ";"Não guardar distância de segurança";"Colisão traseira";"Com Vítimas Feridas";"Pleno dia";"Crescente";"Ceu Claro";"Simples";"Reta";"Urbano";2;0;0;1;1;0;1;2
83482626;"18/07/16";"Segunda";"10:30:00";"PR";116;"102";"SAO JOSE DOS PINHAIS";"Não guardar distância de segurança";"Colisão traseira";"Sem Vítimas";"Pleno dia";"Decrescente";"Sol";"Dupla";"Reta";"Rural";2;0;0;0;2;0;0;2
83482627;"13/07/16";"Quarta";"07:20:00";"RS";116;"153,7";"CAXIAS DO SUL";"Falta de atenção";"Colisão Transversal";"Com Vítimas Feridas";"Amanhecer";"Crescente";"Ceu Claro";"Simples";"Cruzamento";"Urbano";2;0;1;0;1;0;1;2
83482628;"18/07/16";"Segunda";"09:35:00";"SC";101;"152";"ITAPEMA";"Não guardar distância de segurança";"Colisão traseira";"Sem Vítimas";"Pleno dia";"Decrescente";"Ceu Claro";"Dupla";"Reta";"Urbano";2;0;0;0;2;0;0;2
83482629;"18/07/16";"Segunda";"10:25:00";"PR";277;"633";"CEU AZUL";"Falta de atenção";"Colisão lateral";"Sem Vítimas";"Plena noite";"Decrescente";"Ceu Claro";"Simples";"Reta";"Rural";2;0;0;0;2;0;0;2
83482630;"18/07/16";"Segunda";"07:25:00";"MG";135;"380,2";"MONTES CLAROS";"Falta de atenção";"Colisão lateral";"Com Vítimas Feridas";"Pleno dia";"Crescente";"Sol";"Simples";"Reta";"Rural";3;0;0;1;2;0;1;3
83482631;"17/07/16";"Domingo";"04:00:00";"MS";158;"244,1";"TRES LAGOAS";"Dormindo";"Saída de Pista";"Sem Vítimas";"Plena noite";"Decrescente";"Ceu Claro";"Simples";"Reta";"Rural";1;0;0;0;1;0;0;1
83482632;"20/05/16";"Sexta";"06:45:00";"PE";232;"123";"CARUARU";"Falta de atenção";"Colisão traseira";"Com Vítimas Fatais";"Pleno dia";"Crescente";"Ceu Claro";"Dupla";"Reta";"Rural";4;1;1;1;1;0;2;2
83482633;"18/07/16";"Segunda";"08:30:00";"PB";230;"22,9";"JOAO PESSOA";"Não guardar distância de segurança";"Colisão traseira";"Com Vítimas Feridas";"Pleno dia";"Decrescente";"Sol";"Dupla";"Reta";"Urbano";2;0;1;0;1;0;1;2
83482634;"18/07/16";"Segunda";"08:20:00";"BA";116;"817,9";"VITORIA DA CONQUISTA";"Falta de atenção";"Colisão Transversal";"Com Vítimas Feridas";"Pleno dia";"Decrescente";"Ceu Claro";"Simples";"Reta";"Urbano";2;0;1;0;1;0;1;2
83482635;"15/07/16";"Sexta";"04:30:00";"PA";308;"209";"BRAGANCA";"Defeito mecânico em veículo";"Colisão traseira";"Com Vítimas Feridas";"Plena noite";"Decrescente";"Ignorada";"Simples";"Reta";"Rural";2;0;0;1;0;1;1;2
83482636;"18/07/16";"Segunda";"07:30:00";"MG";50;"99";"UBERLANDIA";"Outras";"Capotamento";"Com Vítimas Feridas";"Amanhecer";"Decrescente";"Ceu Claro";"Dupla";"Reta";"Rural";1;0;0;1;0;0;1;1
83482637;"18/07/16";"Segunda";"10:15:00";"RS";386;"380,5";"TABAI";"Não guardar distância de segurança";"Saída de Pista";"Sem Vítimas";"Pleno dia";"Decrescente";"Ceu Claro";"Dupla";"Reta";"Rural";1;0;0;0;1;0;0;1
83482638;"10/07/16";"Domingo";"15:00:00";"SP";381;"0,5";"VARGEM";"Falta de atenção";"Colisão traseira";"Sem Vítimas";"Pleno dia";"Crescente";"Sol";"Dupla";"Reta";"Rural";2;0;0;0;2;0;0;2
83482639;"18/07/16";"Segunda";"08:00:00";"MS";163;"483,8";"CAMPO GRANDE";"Falta de atenção";"Colisão Transversal";"Sem Vítimas";"Pleno dia";"Decrescente";"Ceu Claro";"Simples";"Curva";"Urbano";2;0;0;0;2;0;0;2
83482640;"14/07/16";"Quinta";"23:00:00";"SC";101;"250,1";"PAULO LOPES";"Outras";"Saída de Pista";"Ignorado";"Plena noite";"Decrescente";"Chuva";"Dupla";"Reta";"Rural";1;0;0;0;0;1;0;1