"id";"data_inversa";"dia_semana";"horario";"uf";"br";"km";"municipio";"causa_acidente";"tipo_acidente";"classificacao_acidente";"fase_dia";"sentido_via";"condicao_metereologica";"tipo_pista";"tracado_via";"uso_solo";"pessoas";"mortos";"feridos_leves";"feridos_graves";"ilesos";"ignorados";"feridos";"veiculos"
83482641;"17/07/16";"Domingo";"07:30:00";"BA";324;"534";"FEIRA DE SANTANA";"Outras";"Colisão com objeto fixo";"Sem Vítimas";"Pleno dia";"Crescente";"Ceu Claro";"Dupla";"Reta";"Rural";1;0;0;0;1;0;0;1
83482642;"15/07/16";"Sexta";"11:50:00";"SP";116;"228";"SAO PAULO";"Ultrapassagem indevida";"Colisão traseira";"Com Vítimas Feridas";"Pleno dia";"Crescente";"Ceu Claro";"Múltipla";"Reta";"Urbano";2;0;0;1;1;0;1;2
83482643;"18/07/16";"Segunda";"06:50:00";"BA";116;"419";"FEIRA DE SANTANA";"Não guardar distância de segurança";"Colisão traseira";"Sem Vítimas";"Pleno dia";"Crescente";"Ceu Claro";"Dupla";"Reta";"Urbano";3;0;0;0;2;1;0;3
83482644;"12/07/16";"Terça";"17:00:00";"MG";365;"483";"PATROCINIO";"Falta de atenção";"Colisão traseira";"Sem Vítimas";"Pleno dia";"Decrescente";"Sol";"Simples";"Curva";"Rural";2;0;0;0;2;0;0;2
83482645;"14/07/16";"Quinta";"18:20:00";"CE";20;"216";"BOA VIAGEM";"Animais na Pista";"Atropelamento de animal";"Sem Vítimas";"Plena noite";"Decrescente";"Ceu Claro";"Simples";"Reta";"Rural";1;0;0;0;1;0;0;1
83482646;"14/07/16";"Quinta";"22:00:00";"RO";364;"337";"JI-PARANA";"Falta de atenção";"Colisão traseira";"Sem Vítimas";"Plena noite";"Decrescente";"Ceu Claro";"Simples";"Reta";"Rural";4;0;0;0;3;1;0;2
83482647;"14/07/16";"Quinta";"23:40:00";"ES";262;"40,7";"DOMINGOS MARTINS";"Defeito mecânico em veículo";"Tombamento";"Com Vítimas Feridas";"Plena noite";"Decrescente";"Ceu Claro";"Simples";"Reta";"Rural";1;0;1;0;0;0;1;1
83482648;"18/07/16";"Segunda";"10:40:00";"GO";40;"23";"LUZIANIA";"Falta de atenção";"Colisão Transversal";"Sem Vítimas";"Pleno dia";"Decrescente";"Sol";"Dupla";"Reta";"Urbano";2;0;0;0;2;0;0;2
83482649;"13/07/16";"Quarta";"08:45:00";"BA";116;"433";"FEIRA DE SANTANA";"Falta de atenção";"Colisão lateral";"Sem Vítimas";"Pleno dia";"Crescente";"Ceu Claro";"Dupla";"Reta";"Rural";2;0;0;0;2;0;0;2
83482650;"18/07/16";"Segunda";"12:10:00";"SC";101;"38,5";"JOINVILLE";"Desobediência à sinalização";"Colisão Transversal";"Com Vítimas Feridas";"Pleno dia";"Crescente";"Ceu Claro";"Dupla";"Cruzamento";"Urbano";2;0;1;0;1;0;1;2
83482651;"18/07/16";"Segunda";"09:00:00";"RS";285;"337,5";"CARAZINHO";"Desobediência à sinalização";"Colisão Transversal";"Sem Vítimas";"Pleno dia";"Decrescente";"Ceu Claro";"Simples";"Cruzamento";"Urbano";4;0;0;0;4;0;0;2
83482652;"18/07/16";"Segunda";"11:50:00";"PR";277;"0,8";"PARANAGUA";"Falta de atenção";"Colisão lateral";"Com Vítimas Feridas";"Pleno dia";"Decrescente";"Sol";"Simples";"Reta";"Urbano";2;0;0;1;1;0;1;2
83482653;"18/07/16";"Segunda";"07:50:00";"PR";277;"590,1";"CASCAVEL";"Falta de atenção";"Colisão com bicicleta";"Com Vítimas Fatais";"Amanhecer";"Crescente";"Ceu Claro";"Simples";"Reta";"Urbano";2;1;0;0;1;0;0;2
83482654;"18/07/16";"Segunda";"11:00:00";"MG";251;"516";"MONTES CLAROS";"Não guardar distância de segurança";"Colisão traseira";"Sem Vítimas";"Pleno dia";"Crescente";"Ceu Claro";"Simples";"Reta";"Rural";3;0;0;0;3;0;0;3
83482655;"13/02/16";"Sábado";"16:00:00";"GO";153;"511,2";"APARECIDA DE GOIANIA";"Falta de atenção";"Colisão traseira";"Com Vítimas Feridas";"Pleno dia";"Crescente";"Chuva";"Múltipla";"Reta";"Urbano";3;0;1;0;2;0;1;2
83482656;"14/07/16";"Quinta";"18:40:00";"PR";158;"523,5";"PATO BRANCO";"Falta de atenção";"Colisão Transversal";"Com Vítimas Feridas";"Plena noite";"Crescente";"Ceu Claro";"Simples";"Reta";"Urbano";2;0;1;0;1;0;1;2
83482657;"14/07/16";"Quinta";"23:00:00";"ES";262;"4,6";"CARIACICA";"Desobediência à sinalização";"Colisão Transversal";"Sem Vítimas";"Plena noite";"Crescente";"Ceu Claro";"Múltipla";"Cruzamento";"Urbano";4;0;0;0;2;2;0;2
83482658;"18/07/16";"Segunda";"06:40:00";"PB";361;"48";"CATINGUEIRA";"Não guardar distância de segurança";"Colisão traseira";"Sem Vítimas";"Pleno dia";"Decrescente";"Ceu Claro";"Simples";"Reta";"Rural";2;0;0;0;2;0;0;2
83482659;"15/07/16";"Sexta";"06:20:00";"PR";376;"601,7";"CURITIBA";"Falta de atenção";"Atropelamento de pessoa";"Com Vítimas Feridas";"Amanhecer";"Crescente";"Ceu Claro";"Dupla";"Reta";"Urbano";2;0;2;0;0;0;2;1
83482660;"18/07/16";"Segunda";"08:40:00";"SC";470;"56,7";"BLUMENAU";"Falta de atenção";"Colisão lateral";"Com Vítimas Feridas";"Pleno dia";"Crescente";"Sol";"Simples";"Reta";"Urbano";2;0;1;0;1;0;1;2
83482661;"16/07/16";"Sábado";"23:30:00";"PI";135;"571,1";"CORRENTE";"Velocidade incompatível";"Colisão traseira";"Com Vítimas Feridas";"Plena noite";"Decrescente";"Ceu Claro";"Simples";"Reta";"Rural";8;0;5;0;2;1;5;2
83482662;"18/07/16";"Segunda";"10:15:00";"MS";158;"301,2";"TRES LAGOAS";"Falta de atenção";"Colisão lateral";"Com Vítimas Feridas";"Pleno dia";"Decrescente";"Sol";"Dupla";"Reta";"Rural";2;0;1;0;1;0;1;2
83482663;"18/07/16";"Segunda";"10:20:00";"PA";316;"61";"CASTANHAL";"Falta de atenção";"Colisão traseira";"Com Vítimas Feridas";"Pleno dia";"Crescente";"Ceu Claro";"Dupla";"Reta";"Urbano";3;0;2;0;1;0;2;2
83482664;"18/07/16";"Segunda";"12:45:00";"SP";116;"76,7";"ROSEIRA";"Outras";"Colisão traseira";"Sem Vítimas";"Pleno dia";"Decrescente";"Ceu Claro";"Dupla";"Curva";"Rural";2;0;0;0;2;0;0;2
83482665;"18/07/16";"Segunda";"10:00:00";"MG";116;"489,4";"INHAPIM";"Não guardar distância de segurança";"Colisão traseira";"Sem Vítimas";"Pleno dia";"Crescente";"Sol";"Simples";"Reta";"Rural";3;0;0;0;3;0;0;3
83482666;"15/07/16";"Sexta";"12:30:00";"TO";153;"492,5";"PARAISO DO TOCANTINS";"Falta de atenção";"Colisão lateral";"Sem Vítimas";"Pleno dia";"Decrescente";"Sol";"Simples";"Reta";"Urbano";5;0;0;0;5;0;0;2
83482667;"17/07/16";"Domingo";"21:20:00";"PE";316;"276";"BELEM DE SAO FRANCISCO";"Animais na Pista";"Atropelamento de animal";"Sem Vítimas";"Plena noite";"Decrescente";"Ceu Claro";"Simples";"Reta";"Rural";1;0;0;0;1;0;0;1
83482668;"15/07/16";"Sexta";"19:30:00";"TO";153;"498";"PARAISO DO TOCANTINS";"Outras";"Atropelamento de pessoa";"Com Vítimas Fatais";"Plena noite";"Crescente";"Ceu Claro";"Simples";"Reta";"Rural";2;2;0;0;0;0;0;1
83482669;"14/07/16";"Quinta";"21:00:00";"RJ";40;"39";"AREAL";"Falta de atenção";"Queda de motocicleta / bicicleta / veículo";"Com Vítimas Feridas";"Plena noite";"Decrescente";"Ceu Claro";"Dupla";"Curva";"Rural";1;0;0;1;0;0;1;1
83482671;"18/07/16";"Segunda";"08:40:00";"SC";101;"368";"MORRO DA FUMACA";"Defeito mecânico em veículo";"Incêndio";"Sem Vítimas";"Pleno dia";"Crescente";"Ceu Claro";"Dupla";"Reta";"Rural";1;0;0;0;1;0;0;1
83482672;"18/07/16";"Segunda";"07:10:00";"ES";101;"266,2";"SERRA";"Falta de atenção";"Colisão traseira";"Com Vítimas Feridas";"Pleno dia";"Crescente";"Ceu Claro";"Dupla";"Reta";"Urbano";5;0;0;2;3;0;2;3
83482673;"18/07/16";"Segunda";"07:00:00";"ES";259;"45,6";"COLATINA";"Outras";"Queda de motocicleta / bicicleta / veículo";"Com Vítimas Feridas";"Pleno dia";"Decrescente";"Nublado";"Simples";"Curva";"Urbano";1;0;0;1;0;0;1;1
83482674;"18/07/16";"Segunda";"11:35:00";"RS";116;"320";"BARRA DO RIBEIRO";"Falta de atenção";"Colisão Transversal";"Com Vítimas Feridas";"Pleno dia";"Decrescente";"Nublado";"Simples";"Reta";"Urbano";5;0;3;0;2;0;3;2
83482675;"16/07/16";"Sábado";"23:00:00";"MS";163;"356,1";"NOVA ALVORADA DO SUL";"Ingestão de álcool";"Saída de Pista";"Sem Vítimas";"Plena noite";"Crescente";"Ceu Claro";"Simples";"Reta";"Rural";1;0;0;0;1;0;0;1
83482676;"18/07/16";"Segunda";"09:15:00";"RO";319;"63";"PORTO VELHO";"Falta de atenção";"Colisão lateral";"Sem Vítimas";"Pleno dia";"Decrescente";"Sol";"Dupla";"Reta";"Urbano";2;0;0;0;1;1;0;2
83482677;"14/07/16";"Quinta";"16:00:00";"SP";381;"58,7";"MAIRIPORA";"Não guardar distância de segurança";"Colisão traseira";"Sem Vítimas";"Pleno dia";"Crescente";"Ceu Claro";"Dupla";"Reta";"Rural";2;0;0;0;2;0;0;2
83482679;"01/06/16";"Quarta";"18:00:00";"PB";361;"6";"PATOS";"Ingestão de álcool";"Colisão frontal";"Com Vítimas Feridas";"Plena noite";"Decrescente";"Ceu Claro";"Simples";"Reta";"Urbano";3;0;0;3;0;0;3;2
83482680;"15/07/16";"Sexta";"00:05:00";"SP";381;"59,9";"MAIRIPORA";"Falta de atenção";"Colisão lateral";"Sem Vítimas";"Plena noite";"Decrescente";"Nublado";"Dupla";"Reta";"Rural";3;0;0;0;3;0;0;3
83482681;"13/07/16";"Quarta";"18:00:00";"PR";116;"12,5";"COLOMBO";"Falta de atenção";"Colisão lateral";"Sem Vítimas";"Plena noite";"Crescente";"Chuva";"Simples";"Curva";"Urbano";3;0;0;0;3;0;0;2
83482682;"18/07/16";"Segunda";"08:30:00";"MT";174;"71";"GLORIA DOESTE";"Não guardar distância de segurança";"Colisão traseira";"Sem Vítimas";"Pleno dia";"Crescente";"Ceu Claro";"Simples";"Reta";"Rural";2;0;0;0;2;0;0;2
83482683;"18/07/16";"Segunda";"10:00:00";"SP";116;"396";"MIRACATU";"Defeito mecânico em veículo";"Colisão com objeto fixo";"Com Vítimas Feridas";"Pleno dia";"Decrescente";"Nublado";"Dupla";"Reta";"Urbano";2;0;1;1;0;0;2;1
83482684;"14/07/16";"Quinta";"18:30:00";"SP";381;"87";"SAO PAULO";"Falta de atenção";"Atropelamento de pessoa";"Com Vítimas Feridas";"Plena noite";"Crescente";"Ceu Claro";"Múltipla";"Reta";"Urbano";2;0;0;1;1;0;1;1
83482685;"07/05/16";"Sábado";"09:00:00";"MS";262;"489";"ANASTACIO";"Velocidade incompatível";"Tombamento";"Sem Vítimas";"Pleno dia";"Crescente";"Ceu Claro";"Simples";"Curva";"Urbano";1;0;0;0;1;0;0;1
83482686;"10/07/16";"Domingo";"08:30:00";"PE";428;"95";"SANTA MARIA DA BOA VISTA";"Ingestão de álcool";"Colisão Transversal";"Com Vítimas Feridas";"Pleno dia";"Decrescente";"Sol";"Simples";"Reta";"Rural";2;0;0;1;1;0;1;2
83482687;"18/07/16";"Segunda";"09:30:00";"PA";308;"194";"BRAGANCA";"Não guardar distância de segurança";"Colisão traseira";"Sem Vítimas";"Pleno dia";"Crescente";"Ceu Claro";"Simples";"Reta";"Urbano";2;0;0;0;2;0;0;2
83482688;"18/07/16";"Segunda";"09:00:00";"CE";116;"2,7";"FORTALEZA";"Falta de atenção";"Colisão traseira";"Sem Vítimas";"Pleno dia";"Decrescente";"Sol";"Múltipla";"Reta";"Urbano";5;0;0;0;5;0;0;3
83482689;"09/01/16";"Sábado";"07:00:00";"RS";101;"16,7";"SANTO ANTONIO DA PATRULHA";"Dormindo";"Saída de Pista";"Sem Vítimas";"Pleno dia";"Crescente";"Nublado";"Dupla";"Reta";"Rural";1;0;0;0;1;0;0;1
83482690;"12/07/16";"Terça";"22:00:00";"MA";230;"2";"BARAO DE GRAJAU";"Falta de atenção";"Colisão Transversal";"Com Vítimas Feridas";"Plena noite";"Decrescente";"Ceu Claro";"Simples";"Reta";"Urbano";3;0;1;1;0;1;2;2
83482691;"18/07/16";"Segunda";"07:20:00";"DF";20;"21";"BRASILIA";"Falta de atenção";"Colisão lateral";"Sem Vítimas";"Amanhecer";"Decrescente";"Ceu Claro";"Dupla";"Reta";"Urbano";3;0;0;0;3;0;0;2
83482692;"18/07/16";"Segunda";"13:40:00";"MG";251;"506,5";"FRANCISCO SA";"Falta de atenção";"Colisão traseira";"Sem Vítimas";"Pleno dia";"Decrescente";"Sol";"Simples";"Reta";"Urbano";2;0;0;0;2;0;0;2
83482693;"18/07/16";"Segunda";"15:35:00";"SP";116;"65";"GUARATINGUETA";"Outras";"Colisão com objeto fixo";"Sem Vítimas";"Pleno dia";"Crescente";"Sol";"Dupla";"Curva";"Urbano";1;0;0;0;1;0;0;1
83482694;"18/07/16";"Segunda";"15:15:00";"SC";282;"500,5";"XANXERE";"Falta de atenção";"Colisão lateral";"Sem Vítimas";"Pleno dia";"Decrescente";"Nublado";"Dupla";"Reta";"Urbano";2;0;0;0;2;0;0;2
83482695;"17/07/16";"Domingo";"03:50:00";"CE";116;"517,8";"BREJO SANTO";"Ingestão de álcool";"Tombamento";"Com Vítimas Feridas";"Plena noite";"Decrescente";"Ceu Claro";"Simples";"Reta";"Rural";3;0;2;0;1;0;2;2
83482696;"18/07/16";"Segunda";"15:45:00";"SC";282;"2";"FLORIANOPOLIS";"Ingestão de álcool";"Colisão com bicicleta";"Com Vítimas Feridas";"Pleno dia";"Decrescente";"Ceu Claro";"Dupla";"Reta";"Urbano";2;0;0;1;1;0;1;2
83482697;"16/07/16";"Sábado";"22:40:00";"GO";40;"0,1";"VALPARAISO DE GOIAS";"Falta de atenção";"Colisão traseira";"Com Vítimas Fatais";"Plena noite";"Crescente";"Ceu Claro";"Dupla";"Reta";"Urbano";3;1;0;0;2;0;0;2
83482698;"18/07/16";"Segunda";"15:00:00";"PR";277;"727";"FOZ DO IGUACU";"Falta de atenção";"Queda de motocicleta / bicicleta / veículo";"Com Vítimas Feridas";"Pleno dia";"Crescente";"Sol";"Dupla";"Curva";"Urbano";1;0;1;0;0;0;1;1
83482699;"18/07/16";"Segunda";"13:20:00";"MG";381;"723,5";"CARMO DA CACHOEIRA";"Falta de atenção";"Colisão traseira";"Com Vítimas Feridas";"Pleno dia";"Crescente";"Sol";"Dupla";"Reta";"Rural";3;0;1;0;2;0;1;3
83482700;"10/07/16";"Domingo";"11:50:00";"MT";364;"351";"SANTO ANTONIO DO LEVERGER";"Defeito mecânico em veículo";"Colisão traseira";"Com Vítimas Fatais";"Pleno dia";"Crescente";"Ceu Claro";"Simples";"Curva";"Rural";3;1;1;0;1;0;1;2
83482701;"18/07/16";"Segunda";"10:45:00";"PB";412;"70";"SERRA BRANCA";"Ultrapassagem indevida";"Queda de motocicleta / bicicleta / veículo";"Com Vítimas Feridas";"Pleno dia";"Decrescente";"Sol";"Simples";"Reta";"Rural";3;0;1;1;1;0;2;2
83482702;"18/07/16";"Segunda";"16:10:00";"BA";101;"498,2";"ITABUNA";"Ultrapassagem indevida";"Capotamento";"Sem Vítimas";"Pleno dia";"Decrescente";"Sol";"Simples";"Reta";"Rural";2;0;0;0;2;0;0;1
83482703;"18/07/16";"Segunda";"15:30:00";"BA";116;"784,5";"PLANALTO";"Outras";"Saída de Pista";"Sem Vítimas";"Pleno dia";"Crescente";"Sol";"Simples";"Curva";"Rural";1;0;0;0;1;0;0;1
83482704;"17/07/16";"Domingo";"01:20:00";"BA";110;"20";"PAULO AFONSO";"Ingestão de álcool";"Colisão lateral";"Sem Vítimas";"Plena noite";"Crescente";"Ceu Claro";"Simples";"Reta";"Rural";2;0;0;0;1;1;0;2
83482705;"18/07/16";"Segunda";"11:45:00";"AL";101;"68";"MESSIAS";"Falta de atenção";"Colisão traseira";"Sem Vítimas";"Pleno dia";"Decrescente";"Ceu Claro";"Simples";"Curva";"Rural";4;0;0;0;4;0;0;4
83482706;"18/07/16";"Segunda";"16:00:00";"RJ";40;"115";"DUQUE DE CAXIAS";"Falta de atenção";"Colisão traseira";"Com Vítimas Feridas";"Amanhecer";"Decrescente";"Ceu Claro";"Dupla";"Reta";"Urbano";3;0;2;0;1;0;2;2
83482707;"18/07/16";"Segunda";"11:40:00";"MG";381;"151,8";"GOVERNADOR VALADARES";"Falta de atenção";"Colisão Transversal";"Com Vítimas Feridas";"Pleno dia";"Decrescente";"Nublado";"Simples";"Reta";"Rural";6;0;3;0;3;0;3;2
83482709;"14/07/16";"Quinta";"21:00:00";"MG";153;"98";"PRATA";"Desobediência à sinalização";"Colisão traseira";"Com Vítimas Feridas";"Plena noite";"Decrescente";"Ceu Claro";"Simples";"Reta";"Rural";2;0;1;0;1;0;1;2
83482710;"18/07/16";"Segunda";"15:40:00";"GO";153;"525";"HIDROLANDIA";"Falta de atenção";"Colisão traseira";"Com Vítimas Feridas";"Pleno dia";"Decrescente";"Sol";"Dupla";"Reta";"Rural";3;0;1;0;2;0;1;2
83482711;"18/07/16";"Segunda";"17:15:00";"MG";381;"923";"CAMANDUCAIA";"Falta de atenção";"Colisão lateral";"Sem Vítimas";"Pleno dia";"Decrescente";"Ceu Claro";"Simples";"Curva";"Urbano";2;0;0;0;2;0;0;2
83482712;"18/07/16";"Segunda";"08:30:00";"MT";163;"636";"NOVA MUTUM";"Não guardar distância de segurança";"Colisão traseira";"Sem Vítimas";"Pleno dia";"Decrescente";"Ceu Claro";"Simples";"Reta";"Rural";6;0;0;0;6;0;0;2
83482713;"15/07/16";"Sexta";"22:00:00";"GO";40;"9,3";"LUZIANIA";"Ingestão de álcool";"Colisão lateral";"Com Vítimas Feridas";"Plena noite";"Crescente";"Ceu Claro";"Dupla";"Reta";"Urbano";2;0;0;1;1;0;1;2
83482714;"18/07/16";"Segunda";"15:45:00";"RS";116;"414";"CAMAQUA";"Falta de atenção";"Saída de Pista";"Com Vítimas Feridas";"Pleno dia";"Crescente";"Ceu Claro";"Simples";"Reta";"Rural";1;0;1;0;0;0;1;1
83482715;"02/07/16";"Sábado";"10:20:00";"RJ";101;"319";"SAO GONCALO";"Falta de atenção";"Colisão lateral";"Com Vítimas Feridas";"Pleno dia";"Crescente";"Ceu Claro";"Dupla";"Reta";"Urbano";2;0;1;0;1;0;1;2
83482716;"18/07/16";"Segunda";"10:15:00";"SC";101;"241,4";"PALHOCA";"Falta de atenção";"Colisão lateral";"Sem Vítimas";"Pleno dia";"Crescente";"Ceu Claro";"Dupla";"Reta";"Rural";2;0;0;0;2;0;0;2
83482717;"18/07/16";"Segunda";"07:45:00";"PR";376;"600,9";"CURITIBA";"Falta de atenção";"Colisão lateral";"Com Vítimas Feridas";"Pleno dia";"Decrescente";"Ceu Claro";"Dupla";"Curva";"Urbano";2;0;1;0;1;0;1;2
83482718;"18/07/16";"Segunda";"14:00:00";"TO";230;"30";"NAZARE";"Dormindo";"Colisão traseira";"Ignorado";"Pleno dia";"Crescente";"Ceu Claro";"Simples";"Reta";"Rural";3;0;0;0;0;3;0;2
83482719;"18/07/16";"Segunda";"12:15:00";"PE";232;"240";"ARCOVERDE";"Ingestão de álcool";"Colisão frontal";"Com Vítimas Fatais";"Pleno dia";"Decrescente";"Sol";"Simples";"Reta";"Rural";4;1;1;0;2;0;1;3
83482721;"18/07/16";"Segunda";"13:20:00";"CE";222;"243,9";"SOBRAL";"Falta de atenção";"Colisão Transversal";"Com Vítimas Feridas";"Pleno dia";"Decrescente";"Sol";"Simples";"Reta";"Rural";5;0;2;1;2;0;3;2
83482722;"16/07/16";"Sábado";"16:17:00";"PR";163;"351";"GUAIRA";"Não guardar distância de segurança";"Colisão traseira";"Sem Vítimas";"Pleno dia";"Decrescente";"Ceu Claro";"Simples";"Reta";"Rural";12;0;0;0;12;0;0;4
83482723;"18/07/16";"Segunda";"16:20:00";"MG";135;"426,2";"ENGENHEIRO NAVARRO";"Velocidade incompatível";"Queda de motocicleta / bicicleta / veículo";"Com Vítimas Feridas";"Pleno dia";"Decrescente";"Ceu Claro";"Simples";"Reta";"Rural";2;0;2;0;0;0;2;1
83482724;"18/07/16";"Segunda";"14:00:00";"SC";280;"168,2";"MAFRA";"Falta de atenção";"Colisão Transversal";"Sem Vítimas";"Pleno dia";"Decrescente";"Ceu Claro";"Simples";"Reta";"Urbano";2;0;0;0;1;1;0;2
83482725;"18/07/16";"Segunda";"14:40:00";"MS";463;"1,4";"DOURADOS";"Outras";"Queda de motocicleta / bicicleta / veículo";"Com Vítimas Feridas";"Pleno dia";"Decrescente";"Nublado";"Simples";"Reta";"Urbano";1;0;1;0;0;0;1;1
83482726;"18/07/16";"Segunda";"16:55:00";"AL";316;"85";"SANTANA DO IPANEMA";"Falta de atenção";"Colisão traseira";"Com Vítimas Feridas";"Pleno dia";"Crescente";"Sol";"Dupla";"Reta";"Urbano";2;0;1;0;1;0;1;2
83482727;"18/07/16";"Segunda";"17:00:00";"PE";101;"86";"CABO DE SANTO AGOSTINHO";"Outras";"Colisão Transversal";"Com Vítimas Feridas";"Anoitecer";"Decrescente";"Ceu Claro";"Dupla";"Reta";"Urbano";2;0;2;0;0;0;2;2
83482728;"16/07/16";"Sábado";"22:30:00";"BA";116;"816";"VITORIA DA CONQUISTA";"Ingestão de álcool";"Colisão lateral";"Sem Vítimas";"Plena noite";"Decrescente";"Ceu Claro";"Simples";"Reta";"Rural";3;0;0;0;3;0;0;3
83482729;"17/07/16";"Domingo";"10:20:00";"AC";317;"213";"XAPURI";"Outras";"Atropelamento de animal";"Sem Vítimas";"Pleno dia";"Decrescente";"Sol";"Simples";"Reta";"Rural";2;0;0;0;2;0;0;1
83482730;"18/07/16";"Segunda";"16:00:00";"SC";470;"67";"INDAIAL";"Falta de atenção";"Colisão traseira";"Com Vítimas Feridas";"Pleno dia";"Decrescente";"Sol";"Simples";"Reta";"Urbano";4;0;3;0;1;0;3;3
83482731;"18/07/16";"Segunda";"10:15:00";"PR";376;"384";"IMBAU";"Velocidade incompatível";"Capotamento";"Sem Vítimas";"Pleno dia";"Crescente";"Ceu Claro";"Simples";"Curva";"Rural";1;0;0;0;1;0;0;1
83482732;"18/07/16";"Segunda";"17:00:00";"RS";116;"231";"IVOTI";"Falta de atenção";"Colisão traseira";"Com Vítimas Feridas";"Pleno dia";"Crescente";"Sol";"Simples";"Cruzamento";"Urbano";2;0;1;0;1;0;1;2
83482733;"18/07/16";"Segunda";"06:30:00";"MG";262;"512";"LUZ";"Falta de atenção";"Saída de Pista";"Com Vítimas Feridas";"Pleno dia";"Crescente";"Ceu Claro";"Simples";"Reta";"Rural";5;0;5;0;0;0;5;1
83482734;"18/07/16";"Segunda";"17:30:00";"RJ";40;"113";"DUQUE DE CAXIAS";"Falta de atenção";"Colisão traseira";"Sem Vítimas";"Anoitecer";"Decrescente";"Ceu Claro";"Múltipla";"Reta";"Urbano";4;0;0;0;4;0;0;4
83482735;"18/07/16";"Segunda";"10:30:00";"GO";158;"190";"CAIAPONIA";"Defeito mecânico em veículo";"Saída de Pista";"Com Vítimas Feridas";"Pleno dia";"Crescente";"Ceu Claro";"Simples";"Reta";"Rural";3;0;0;1;2;0;1;1
83482736;"14/07/16";"Quinta";"22:00:00";"PE";104;"23,1";"TAQUARITINGA DO NORTE";"Ingestão de álcool";"Colisão frontal";"Com Vítimas Fatais";"Plena noite";"Crescente";"Ceu Claro";"Simples";"Reta";"Rural";3;1;0;1;1;0;1;2
83482737;"18/07/16";"Segunda";"18:00:00";"PR";376;"4,1";"APUCARANA";"Desobediência à sinalização";"Colisão Transversal";"Com Vítimas Feridas";"Anoitecer";"Decrescente";"Ceu Claro";"Simples";"Reta";"Urbano";2;0;1;0;1;0;1;2
83482738;"18/07/16";"Segunda";"17:15:00";"SC";282;"532,9";"CHAPECO";"Desobediência à sinalização";"Colisão Transversal";"Com Vítimas Fatais";"Pleno dia";"Decrescente";"Nublado";"Simples";"Cruzamento";"Urbano";2;1;0;0;1;0;0;2
83482739;"18/07/16";"Segunda";"17:32:00";"PA";230;"118";"MARABA";"Falta de atenção";"Colisão lateral";"Sem Vítimas";"Pleno dia";"Decrescente";"Ceu Claro";"Dupla";"Reta";"Urbano";3;0;0;0;3;0;0;2
83482740;"18/07/16";"Segunda";"18:30:00";"PE";424;"80,5";"GARANHUNS";"Outras";"Capotamento";"Com Vítimas Feridas";"Plena noite";"Crescente";"Ceu Claro";"Simples";"Reta";"Rural";1;0;0;1;0;0;1;1
83482741;"18/07/16";"Segunda";"16:45:00";"SC";158;"142,9";"PALMITOS";"Falta de atenção";"Colisão Transversal";"Com Vítimas Feridas";"Pleno dia";"Crescente";"Nublado";"Simples";"Curva";"Rural";2;0;1;0;1;0;1;2
83482742;"18/07/16";"Segunda";"14:30:00";"SC";163;"65,3";"SAO MIGUEL DOESTE";"Desobediência à sinalização";"Colisão lateral";"Sem Vítimas";"Pleno dia";"Crescente";"Nublado";"Dupla";"Reta";"Urbano";2;0;0;0;2;0;0;2
83482743;"18/07/16";"Segunda";"17:30:00";"CE";20;"404";"CAUCAIA";"Falta de atenção";"Colisão Transversal";"Sem Vítimas";"Pleno dia";"Crescente";"Ceu Claro";"Simples";"Cruzamento";"Urbano";2;0;0;0;2;0;0;2
83482744;"18/07/16";"Segunda";"17:15:00";"MG";267;"98";"JUIZ DE FORA";"Falta de atenção";"Colisão Transversal";"Sem Vítimas";"Anoitecer";"Decrescente";"Ceu Claro";"Simples";"Curva";"Urbano";2;0;0;0;2;0;0;2
83482745;"18/07/16";"Segunda";"16:20:00";"SC";163;"68,7";"SAO MIGUEL DOESTE";"Falta de atenção";"Colisão Transversal";"Com Vítimas Feridas";"Pleno dia";"Crescente";"Nublado";"Dupla";"Cruzamento";"Urbano";2;0;0;1;1;0;1;2
83482746;"18/07/16";"Segunda";"19:10:00";"MG";116;"416,8";"GOVERNADOR VALADARES";"Falta de atenção";"Colisão Transversal";"Com Vítimas Feridas";"Plena noite";"Crescente";"Nublado";"Simples";"Cruzamento";"Urbano";3;0;2;0;1;0;2;2
83482747;"18/07/16";"Segunda";"18:30:00";"PR";476;"124";"CURITIBA";"Não guardar distância de segurança";"Colisão traseira";"Com Vítimas Feridas";"Pleno dia";"Decrescente";"Ceu Claro";"Dupla";"Reta";"Urbano";2;0;1;0;1;0;1;2
83482748;"18/07/16";"Segunda";"18:20:00";"MG";364;"31,3";"FRUTAL";"Falta de atenção";"Queda de motocicleta / bicicleta / veículo";"Com Vítimas Feridas";"Plena noite";"Crescente";"Ceu Claro";"Simples";"Reta";"Urbano";1;0;1;0;0;0;1;1
83482749;"18/07/16";"Segunda";"17:40:00";"PR";376;"183,3";"SARANDI";"Outras";"Colisão lateral";"Com Vítimas Feridas";"Anoitecer";"Crescente";"Ceu Claro";"Dupla";"Reta";"Urbano";2;0;1;0;1;0;1;2
83482750;"18/07/16";"Segunda";"17:40:00";"MS";163;"260,8";"DOURADOS";"Outras";"Atropelamento de pessoa";"Com Vítimas Feridas";"Plena noite";"Crescente";"Ceu Claro";"Dupla";"Reta";"Urbano";2;0;0;1;1;0;1;1