"id";"data_inversa";"dia_semana";"horario";"uf";"br";"km";"municipio";"causa_acidente";"tipo_acidente";"classificacao_acidente";"fase_dia";"sentido_via";"condicao_metereologica";"tipo_pista";"tracado_via";"uso_solo";"pessoas";"mortos";"feridos_leves";"feridos_graves";"ilesos";"ignorados";"feridos";"veiculos"
83482861;"15/07/16";"Sexta";"21:00:00";"PR";277;"18";"PARANAGUA";"Animais na Pista";"Saída de Pista";"Com Vítimas Feridas";"Plena noite";"Decrescente";"Chuva";"Dupla";"Reta";"Rural";4;0;2;0;2;0;2;1
83482862;"19/07/16";"Terça";"09:00:00";"MG";262;"185";"SAO DOMINGOS DO PRATA";"Outras";"Atropelamento de animal";"Sem Vítimas";"Pleno dia";"Crescente";"Ceu Claro";"Simples";"Reta";"Urbano";1;0;0;0;1;0;0;1
83482863;"19/07/16";"Terça";"04:30:00";"SP";153;"10,2";"ICEM";"Animais na Pista";"Saída de Pista";"Sem Vítimas";"Plena noite";"Decrescente";"Ceu Claro";"Simples";"Reta";"Rural";1;0;0;0;1;0;0;1
83482864;"15/07/16";"Sexta";"14:40:00";"RJ";116;"332";"RESENDE";"Outras";"Tombamento";"Com Vítimas Feridas";"Pleno dia";"Decrescente";"Ceu Claro";"Dupla";"Reta";"Urbano";2;0;2;0;0;0;2;1
83482865;"16/07/16";"Sábado";"05:30:00";"SP";116;"91";"PINDAMONHANGABA";"Ingestão de álcool";"Colisão traseira";"Com Vítimas Feridas";"Amanhecer";"Crescente";"Ceu Claro";"Dupla";"Reta";"Urbano";2;0;1;0;1;0;1;2
83482866;"15/07/16";"Sexta";"17:30:00";"SC";101;"46,8";"JOINVILLE";"Falta de atenção";"Colisão traseira";"Com Vítimas Feridas";"Pleno dia";"Crescente";"Ceu Claro";"Dupla";"Reta";"Urbano";3;0;1;1;1;0;2;2
83482868;"16/07/16";"Sábado";"07:45:00";"RJ";116;"107";"GUAPIMIRIM";"Falta de atenção";"Colisão lateral";"Com Vítimas Feridas";"Pleno dia";"Crescente";"Ceu Claro";"Dupla";"Reta";"Rural";3;0;0;2;1;0;2;2
83482869;"16/07/16";"Sábado";"02:15:00";"SC";101;"85,9";"BARRA VELHA";"Desobediência à sinalização";"Colisão frontal";"Com Vítimas Feridas";"Plena noite";"Crescente";"Chuva";"Dupla";"Reta";"Urbano";2;0;2;0;0;0;2;2
83482870;"17/06/16";"Sexta";"00:30:00";"RJ";393;"246";"BARRA DO PIRAI";"Falta de atenção";"Capotamento";"Com Vítimas Feridas";"Plena noite";"Decrescente";"Ceu Claro";"Simples";"Reta";"Rural";1;0;1;0;0;0;1;1
83482871;"17/07/16";"Domingo";"16:25:00";"MG";262;"162,8";"SAO DOMINGOS DO PRATA";"Falta de atenção";"Saída de Pista";"Sem Vítimas";"Pleno dia";"Crescente";"Ceu Claro";"Simples";"Reta";"Rural";2;0;0;0;2;0;0;1
83482872;"17/07/16";"Domingo";"07:40:00";"PR";277;"585";"CASCAVEL";"Outras";"Colisão traseira";"Com Vítimas Feridas";"Pleno dia";"Decrescente";"Ceu Claro";"Simples";"Reta";"Rural";2;0;1;0;1;0;1;2
83482873;"16/07/16";"Sábado";"02:30:00";"MG";116;"672,4";"MIRADOURO";"Dormindo";"Colisão lateral";"Sem Vítimas";"Plena noite";"Decrescente";"Nublado";"Simples";"Curva";"Urbano";2;0;0;0;2;0;0;2
83482874;"11/07/16";"Segunda";"12:00:00";"RJ";101;"530";"PARATI";"Desobediência à sinalização";"Colisão lateral";"Com Vítimas Feridas";"Pleno dia";"Decrescente";"Ceu Claro";"Simples";"Curva";"Rural";3;0;2;0;1;0;2;2
83482875;"19/07/16";"Terça";"09:30:00";"RJ";101;"481";"ANGRA DOS REIS";"Outras";"Colisão lateral";"Sem Vítimas";"Pleno dia";"Decrescente";"Nublado";"Simples";"Curva";"Urbano";2;0;0;0;2;0;0;2
83482876;"19/07/16";"Terça";"09:45:00";"RS";285;"301";"PASSO FUNDO";"Falta de atenção";"Colisão lateral";"Sem Vítimas";"Pleno dia";"Decrescente";"Ceu Claro";"Simples";"Reta";"Urbano";2;0;0;0;2;0;0;2
83482877;"19/07/16";"Terça";"10:10:00";"PE";116;"26,7";"SALGUEIRO";"Falta de atenção";"Colisão Transversal";"Sem Vítimas";"Pleno dia";"Decrescente";"Ceu Claro";"Simples";"Cruzamento";"Urbano";2;0;0;0;2;0;0;2
83482878;"15/07/16";"Sexta";"11:40:00";"RO";364;"635";"CANDEIAS DO JAMARI";"Outras";"Saída de Pista";"Sem Vítimas";"Pleno dia";"Crescente";"Sol";"Simples";"Reta";"Rural";1;0;0;0;1;0;0;1
83482879;"16/07/16";"Sábado";"18:50:00";"BA";116;"753";"POCOES";"Ingestão de álcool";"Colisão traseira";"Sem Vítimas";"Plena noite";"Crescente";"Nublado";"Simples";"Reta";"Rural";2;0;0;0;2;0;0;2
83482880;"19/07/16";"Terça";"08:55:00";"PR";277;"130";"BALSA NOVA";"Velocidade incompatível";"Tombamento";"Com Vítimas Feridas";"Pleno dia";"Decrescente";"Nublado";"Dupla";"Curva";"Urbano";2;0;1;0;1;0;1;1
83482881;"16/07/16";"Sábado";"09:00:00";"BA";116;"864";"VITORIA DA CONQUISTA";"Falta de atenção";"Capotamento";"Sem Vítimas";"Pleno dia";"Crescente";"Sol";"Simples";"Reta";"Rural";2;0;0;0;2;0;0;1
83482882;"15/07/16";"Sexta";"19:05:00";"SP";101;"44,3";"UBATUBA";"Animais na Pista";"Atropelamento de animal";"Com Vítimas Feridas";"Plena noite";"Decrescente";"Ceu Claro";"Simples";"Reta";"Urbano";1;0;1;0;0;0;1;1
83482883;"19/07/16";"Terça";"09:00:00";"BA";407;"147";"SENHOR DO BONFIM";"Falta de atenção";"Colisão Transversal";"Com Vítimas Feridas";"Pleno dia";"Decrescente";"Sol";"Simples";"Reta";"Rural";7;0;2;1;3;1;3;2
83482884;"18/07/16";"Segunda";"05:00:00";"SP";116;"84,8";"PINDAMONHANGABA";"Outras";"Atropelamento de pessoa";"Com Vítimas Fatais";"Plena noite";"Decrescente";"Ceu Claro";"Dupla";"Reta";"Rural";2;1;0;0;1;0;0;1
83482885;"19/07/16";"Terça";"08:10:00";"MG";381;"833,2";"SAO SEBASTIAO DA BELA VISTA";"Velocidade incompatível";"Saída de Pista";"Sem Vítimas";"Pleno dia";"Crescente";"Sol";"Dupla";"Reta";"Rural";2;0;0;0;2;0;0;1
83482886;"19/07/16";"Terça";"09:30:00";"TO";153;"651";"GURUPI";"Outras";"Colisão traseira";"Sem Vítimas";"Pleno dia";"Crescente";"Sol";"Simples";"Reta";"Rural";4;0;0;0;4;0;0;2
83482887;"18/07/16";"Segunda";"10:00:00";"MG";381;"322,7";"NOVA ERA";"Falta de atenção";"Danos Eventuais";"Sem Vítimas";"Pleno dia";"Decrescente";"Ceu Claro";"Simples";"Reta";"Rural";1;0;0;0;1;0;0;1
83482888;"11/07/16";"Segunda";"10:00:00";"PA";316;"63";"CASTANHAL";"Falta de atenção";"Colisão traseira";"Com Vítimas Feridas";"Pleno dia";"Decrescente";"Ceu Claro";"Dupla";"Reta";"Urbano";2;0;1;0;1;0;1;2
83482889;"19/07/16";"Terça";"08:30:00";"PR";376;"640";"TIJUCAS DO SUL";"Dormindo";"Colisão traseira";"Sem Vítimas";"Pleno dia";"Crescente";"Nublado";"Dupla";"Reta";"Rural";2;0;0;0;2;0;0;2
83482890;"18/07/16";"Segunda";"23:40:00";"ES";262;"64";"MARECHAL FLORIANO";"Velocidade incompatível";"Saída de Pista";"Com Vítimas Feridas";"Plena noite";"Crescente";"Nublado";"Simples";"Reta";"Rural";2;0;1;1;0;0;2;1
83482891;"19/07/16";"Terça";"09:05:00";"TO";153;"159,1";"ARAGUAINA";"Falta de atenção";"Colisão traseira";"Sem Vítimas";"Pleno dia";"Decrescente";"Sol";"Simples";"Reta";"Rural";2;0;0;0;2;0;0;2
83482892;"19/07/16";"Terça";"04:30:00";"RS";287;"318,5";"SAO VICENTE DO SUL";"Dormindo";"Saída de Pista";"Sem Vítimas";"Plena noite";"Crescente";"Ceu Claro";"Simples";"Reta";"Rural";1;0;0;0;1;0;0;1
83482893;"15/07/16";"Sexta";"18:55:00";"MG";116;"363,5";"FREI INOCENCIO";"Velocidade incompatível";"Colisão frontal";"Com Vítimas Feridas";"Anoitecer";"Decrescente";"Nublado";"Simples";"Reta";"Rural";4;0;1;1;2;0;2;3
83482894;"09/07/16";"Sábado";"16:00:00";"SC";280;"28,7";"ARAQUARI";"Falta de atenção";"Colisão Transversal";"Com Vítimas Feridas";"Pleno dia";"Crescente";"Ceu Claro";"Simples";"Cruzamento";"Urbano";2;0;1;0;1;0;1;2
83482895;"19/07/16";"Terça";"08:30:00";"PR";373;"183,7";"PONTA GROSSA";"Falta de atenção";"Tombamento";"Sem Vítimas";"Pleno dia";"Crescente";"Ceu Claro";"Simples";"Curva";"Urbano";1;0;0;0;1;0;0;1
83482896;"15/07/16";"Sexta";"19:25:00";"PA";316;"64,4";"CASTANHAL";"Não guardar distância de segurança";"Colisão traseira";"Com Vítimas Feridas";"Plena noite";"Decrescente";"Ceu Claro";"Dupla";"Reta";"Urbano";3;0;1;0;1;1;1;3
83482897;"19/07/16";"Terça";"10:30:00";"SC";480;"128,6";"CHAPECO";"Falta de atenção";"Colisão com bicicleta";"Com Vítimas Feridas";"Pleno dia";"Crescente";"Ceu Claro";"Múltipla";"Reta";"Urbano";2;0;1;0;1;0;1;2
83482898;"15/07/16";"Sexta";"15:10:00";"CE";116;"172,7";"RUSSAS";"Outras";"Tombamento";"Com Vítimas Feridas";"Pleno dia";"Crescente";"Ceu Claro";"Simples";"Curva";"Rural";1;0;1;0;0;0;1;1
83482900;"19/07/16";"Terça";"07:20:00";"RN";406;"141,3";"CEARA-MIRIM";"Falta de atenção";"Capotamento";"Sem Vítimas";"Pleno dia";"Decrescente";"Sol";"Simples";"Reta";"Rural";1;0;0;0;1;0;0;1
83482901;"16/07/16";"Sábado";"06:15:00";"RN";101;"83";"NATAL";"Outras";"Queda de motocicleta / bicicleta / veículo";"Com Vítimas Fatais";"Pleno dia";"Decrescente";"Ceu Claro";"Dupla";"Reta";"Urbano";1;1;0;0;0;0;0;1
83482902;"19/07/16";"Terça";"09:00:00";"MS";163;"680,8";"RIO VERDE DE MATO GROSSO";"Desobediência à sinalização";"Colisão Transversal";"Sem Vítimas";"Pleno dia";"Decrescente";"Sol";"Simples";"Reta";"Urbano";9;0;0;0;9;0;0;2
83482903;"15/07/16";"Sexta";"16:05:00";"SP";116;"307,9";"SAO LOURENCO DA SERRA";"Outras";"Capotamento";"Sem Vítimas";"Pleno dia";"Crescente";"Ceu Claro";"Dupla";"Reta";"Rural";1;0;0;0;1;0;0;1
83482904;"19/07/16";"Terça";"09:15:00";"CE";222;"1";"FORTALEZA";"Não guardar distância de segurança";"Colisão traseira";"Sem Vítimas";"Pleno dia";"Decrescente";"Ceu Claro";"Dupla";"Reta";"Urbano";3;0;0;0;3;0;0;3
83482905;"19/07/16";"Terça";"07:40:00";"SC";101;"329";"CAPIVARI DE BAIXO";"Outras";"Colisão traseira";"Com Vítimas Feridas";"Pleno dia";"Crescente";"Ceu Claro";"Dupla";"Reta";"Rural";2;0;1;0;1;0;1;2
83482906;"19/07/16";"Terça";"07:30:00";"SP";153;"62,1";"SAO JOSE DO RIO PRETO";"Falta de atenção";"Colisão traseira";"Com Vítimas Feridas";"Pleno dia";"Crescente";"Nublado";"Dupla";"Reta";"Urbano";3;0;1;0;2;0;1;2
83482908;"19/07/16";"Terça";"08:10:00";"RO";364;"556";"ALTO PARAISO";"Falta de atenção";"Saída de Pista";"Com Vítimas Feridas";"Pleno dia";"Decrescente";"Sol";"Simples";"Reta";"Rural";1;0;1;0;0;0;1;1
83482909;"19/07/16";"Terça";"09:35:00";"RO";319;"59,5";"PORTO VELHO";"Falta de atenção";"Colisão traseira";"Com Vítimas Feridas";"Pleno dia";"Decrescente";"Sol";"Dupla";"Reta";"Urbano";2;0;1;0;1;0;1;2
83482910;"15/07/16";"Sexta";"06:45:00";"BA";324;"622";"SALVADOR";"Velocidade incompatível";"Colisão traseira";"Com Vítimas Feridas";"Pleno dia";"Crescente";"Sol";"Múltipla";"Reta";"Urbano";4;0;1;0;2;1;1;3
83482911;"19/07/16";"Terça";"10:00:00";"PI";343;"455";"SAO PEDRO DO PIAUI";"Animais na Pista";"Tombamento";"Com Vítimas Feridas";"Pleno dia";"Decrescente";"Ceu Claro";"Simples";"Reta";"Rural";1;0;1;0;0;0;1;1
83482912;"15/07/16";"Sexta";"18:10:00";"SP";116;"119,7";"CACAPAVA";"Falta de atenção";"Colisão traseira";"Com Vítimas Feridas";"Anoitecer";"Crescente";"Ceu Claro";"Dupla";"Reta";"Urbano";2;0;2;0;0;0;2;2
83482913;"16/07/16";"Sábado";"04:50:00";"MS";163;"259,9";"DOURADOS";"Outras";"Queda de motocicleta / bicicleta / veículo";"Com Vítimas Feridas";"Plena noite";"Crescente";"Chuva";"Dupla";"Reta";"Urbano";3;0;0;1;2;0;1;2
83482914;"19/07/16";"Terça";"08:15:00";"MG";251;"504,8";"FRANCISCO SA";"Outras";"Saída de Pista";"Com Vítimas Feridas";"Pleno dia";"Decrescente";"Ceu Claro";"Simples";"Reta";"Rural";3;0;3;0;0;0;3;1
83482916;"19/07/16";"Terça";"12:20:00";"PR";158;"404,8";"LARANJEIRAS DO SUL";"Ultrapassagem indevida";"Colisão lateral";"Com Vítimas Feridas";"Pleno dia";"Crescente";"Sol";"Simples";"Reta";"Rural";2;0;1;0;1;0;1;2
83482917;"19/07/16";"Terça";"08:35:00";"RN";406;"154";"CEARA-MIRIM";"Não guardar distância de segurança";"Colisão traseira";"Sem Vítimas";"Pleno dia";"Decrescente";"Sol";"Simples";"Reta";"Rural";2;0;0;0;1;1;0;2
83482918;"15/07/16";"Sexta";"18:35:00";"SC";282;"196,4";"LAGES";"Outras";"Saída de Pista";"Sem Vítimas";"Anoitecer";"Crescente";"Granizo";"Simples";"Reta";"Rural";1;0;0;0;1;0;0;1
83482919;"19/07/16";"Terça";"11:30:00";"MG";381;"752";"TRES CORACOES";"Falta de atenção";"Saída de Pista";"Sem Vítimas";"Pleno dia";"Crescente";"Sol";"Dupla";"Reta";"Urbano";1;0;0;0;1;0;0;1
83482920;"16/07/16";"Sábado";"06:00:00";"RO";364;"705";"PORTO VELHO";"Outras";"Colisão com objeto fixo";"Com Vítimas Fatais";"Amanhecer";"Decrescente";"Ceu Claro";"Dupla";"Curva";"Urbano";1;1;0;0;0;0;0;1
83482921;"19/07/16";"Terça";"11:00:00";"MG";146;"465,1";"CABO VERDE";"Não guardar distância de segurança";"Colisão traseira";"Com Vítimas Feridas";"Pleno dia";"Crescente";"Ceu Claro";"Simples";"Reta";"Rural";2;0;1;0;1;0;1;2
83482922;"19/07/16";"Terça";"12:20:00";"GO";153;"230";"SAO LUIZ DO NORTE";"Ultrapassagem indevida";"Saída de Pista";"Sem Vítimas";"Pleno dia";"Decrescente";"Ceu Claro";"Simples";"Reta";"Rural";1;0;0;0;1;0;0;1
83482923;"19/07/16";"Terça";"11:45:00";"TO";153;"681,4";"CARIRI DO TOCANTINS";"Falta de atenção";"Saída de Pista";"Com Vítimas Feridas";"Pleno dia";"Decrescente";"Sol";"Simples";"Reta";"Rural";4;0;2;2;0;0;4;1
83482924;"19/07/16";"Terça";"10:50:00";"PR";163;"277";"QUATRO PONTES";"Velocidade incompatível";"Tombamento";"Sem Vítimas";"Pleno dia";"Crescente";"Sol";"Simples";"Reta";"Rural";1;0;0;0;1;0;0;1
83482925;"11/07/16";"Segunda";"07:30:00";"MG";262;"420,1";"PARA DE MINAS";"Outras";"Capotamento";"Com Vítimas Feridas";"Pleno dia";"Decrescente";"Sol";"Dupla";"Reta";"Rural";1;0;0;1;0;0;1;1
83482926;"19/07/16";"Terça";"11:10:00";"PR";369;"164";"CAMBE";"Outras";"Capotamento";"Com Vítimas Feridas";"Pleno dia";"Crescente";"Sol";"Dupla";"Reta";"Rural";1;0;1;0;0;0;1;1
83482927;"17/07/16";"Domingo";"05:45:00";"MG";116;"40,8";"PEDRA AZUL";"Animais na Pista";"Atropelamento de animal";"Sem Vítimas";"Amanhecer";"Decrescente";"Nublado";"Simples";"Reta";"Rural";1;0;0;0;1;0;0;1
83482928;"19/07/16";"Terça";"13:40:00";"PR";277;"110";"CAMPO LARGO";"Outras";"Colisão traseira";"Com Vítimas Feridas";"Pleno dia";"Decrescente";"Ceu Claro";"Dupla";"Reta";"Rural";2;0;1;0;1;0;1;2
83482929;"19/07/16";"Terça";"13:15:00";"GO";153;"598";"MORRINHOS";"Dormindo";"Saída de Pista";"Com Vítimas Feridas";"Pleno dia";"Crescente";"Ceu Claro";"Dupla";"Reta";"Rural";1;0;1;0;0;0;1;1
83482930;"19/07/16";"Terça";"10:50:00";"ES";101;"301,3";"VIANA";"Falta de atenção";"Colisão traseira";"Com Vítimas Feridas";"Pleno dia";"Decrescente";"Nublado";"Dupla";"Cruzamento";"Urbano";2;0;1;0;1;0;1;2
83482931;"07/07/16";"Quinta";"17:10:00";"AP";210;"7";"MACAPA";"Falta de atenção";"Colisão com objeto fixo";"Com Vítimas Feridas";"Pleno dia";"Crescente";"Ceu Claro";"Dupla";"Reta";"Urbano";2;0;2;0;0;0;2;1
83482932;"19/07/16";"Terça";"10:15:00";"MG";50;"97";"UBERLANDIA";"Dormindo";"Saída de Pista";"Com Vítimas Feridas";"Pleno dia";"Crescente";"Ceu Claro";"Dupla";"Reta";"Rural";1;0;1;0;0;0;1;1
83482933;"18/07/16";"Segunda";"22:10:00";"SP";116;"219";"GUARULHOS";"Outras";"Colisão traseira";"Sem Vítimas";"Plena noite";"Decrescente";"Ceu Claro";"Múltipla";"Reta";"Urbano";4;0;0;0;2;2;0;4
83482934;"19/07/16";"Terça";"11:20:00";"RS";116;"474,2";"SAO LOURENCO DO SUL";"Defeito na via";"Tombamento";"Com Vítimas Feridas";"Pleno dia";"Decrescente";"Ceu Claro";"Simples";"Reta";"Urbano";1;0;1;0;0;0;1;1
83482935;"19/07/16";"Terça";"15:10:00";"MG";381;"761,7";"CAMPANHA";"Dormindo";"Saída de Pista";"Sem Vítimas";"Pleno dia";"Decrescente";"Sol";"Dupla";"Reta";"Rural";1;0;0;0;1;0;0;1
83482936;"19/07/16";"Terça";"13:30:00";"RJ";101;"327";"NITEROI";"Falta de atenção";"Colisão traseira";"Com Vítimas Feridas";"Pleno dia";"Decrescente";"Ceu Claro";"Dupla";"Reta";"Urbano";2;0;1;0;1;0;1;2
83482937;"19/07/16";"Terça";"13:15:00";"RJ";101;"272";"TANGUA";"Defeito mecânico em veículo";"Saída de Pista";"Sem Vítimas";"Pleno dia";"Decrescente";"Ceu Claro";"Dupla";"Reta";"Rural";2;0;0;0;1;1;0;2
83482938;"19/07/16";"Terça";"12:24:00";"TO";153;"375";"RIO DOS BOIS";"Defeito na via";"Saída de Pista";"Sem Vítimas";"Pleno dia";"Crescente";"Sol";"Simples";"Reta";"Rural";1;0;0;0;1;0;0;1
83482939;"16/07/16";"Sábado";"07:30:00";"DF";70;"18";"BRASILIA";"Outras";"Capotamento";"Sem Vítimas";"Pleno dia";"Decrescente";"Ceu Claro";"Dupla";"Reta";"Rural";1;0;0;0;1;0;0;1
83482940;"19/07/16";"Terça";"16:20:00";"MG";116;"525,5";"CARATINGA";"Falta de atenção";"Colisão traseira";"Sem Vítimas";"Pleno dia";"Crescente";"Nublado";"Simples";"Reta";"Urbano";2;0;0;0;2;0;0;2
83482941;"19/07/16";"Terça";"10:20:00";"GO";50;"107,5";"CRISTALINA";"Outras";"Colisão com bicicleta";"Com Vítimas Feridas";"Pleno dia";"Decrescente";"Ceu Claro";"Dupla";"Reta";"Rural";2;0;1;0;1;0;1;2
83482942;"19/07/16";"Terça";"15:00:00";"GO";153;"510";"APARECIDA DE GOIANIA";"Outras";"Queda de motocicleta / bicicleta / veículo";"Com Vítimas Feridas";"Pleno dia";"Decrescente";"Ceu Claro";"Múltipla";"Reta";"Urbano";1;0;0;1;0;0;1;1
83482943;"19/07/16";"Terça";"12:00:00";"SC";101;"204,9";"SAO JOSE";"Falta de atenção";"Queda de motocicleta / bicicleta / veículo";"Com Vítimas Feridas";"Pleno dia";"Crescente";"Ceu Claro";"Dupla";"Reta";"Urbano";2;0;0;1;1;0;1;1
83482945;"19/07/16";"Terça";"14:00:00";"MG";50;"174,9";"UBERABA";"Velocidade incompatível";"Capotamento";"Sem Vítimas";"Pleno dia";"Decrescente";"Sol";"Dupla";"Curva";"Urbano";3;0;0;0;3;0;0;2
83482946;"19/07/16";"Terça";"12:40:00";"PR";376;"183";"SARANDI";"Desobediência à sinalização";"Colisão Transversal";"Com Vítimas Feridas";"Pleno dia";"Crescente";"Ceu Claro";"Dupla";"Cruzamento";"Urbano";3;0;2;0;1;0;2;2
83482947;"19/07/16";"Terça";"14:48:00";"SC";282;"0,5";"FLORIANOPOLIS";"Falta de atenção";"Colisão traseira";"Com Vítimas Feridas";"Pleno dia";"Decrescente";"Ceu Claro";"Dupla";"Reta";"Urbano";3;0;2;0;0;1;2;2
83482948;"19/07/16";"Terça";"15:30:00";"SP";116;"285";"ITAPECERICA DA SERRA";"Falta de atenção";"Queda de motocicleta / bicicleta / veículo";"Com Vítimas Feridas";"Pleno dia";"Decrescente";"Ceu Claro";"Simples";"Curva";"Rural";3;0;2;0;1;0;2;1
83482949;"03/07/16";"Domingo";"18:30:00";"DF";40;"5,3";"BRASILIA";"Outras";"Queda de motocicleta / bicicleta / veículo";"Com Vítimas Feridas";"Anoitecer";"Decrescente";"Ceu Claro";"Dupla";"Reta";"Urbano";2;0;1;1;0;0;2;1
83482950;"19/07/16";"Terça";"17:00:00";"AL";316;"83,5";"SANTANA DO IPANEMA";"Falta de atenção";"Colisão traseira";"Com Vítimas Feridas";"Pleno dia";"Decrescente";"Sol";"Dupla";"Reta";"Urbano";2;0;1;0;1;0;1;2
83482951;"19/07/16";"Terça";"14:50:00";"SC";282;"337";"CAMPOS NOVOS";"Falta de atenção";"Colisão Transversal";"Com Vítimas Feridas";"Pleno dia";"Crescente";"Ceu Claro";"Simples";"Reta";"Rural";3;0;2;0;1;0;2;2
83482952;"19/07/16";"Terça";"10:20:00";"PR";376;"629,1";"SAO JOSE DOS PINHAIS";"Velocidade incompatível";"Colisão traseira";"Com Vítimas Feridas";"Pleno dia";"Crescente";"Ceu Claro";"Múltipla";"Reta";"Rural";2;0;0;1;1;0;1;2
83482953;"19/07/16";"Terça";"17:00:00";"RS";386;"46";"SEBERI";"Falta de atenção";"Colisão Transversal";"Sem Vítimas";"Pleno dia";"Crescente";"Nublado";"Simples";"Curva";"Rural";2;0;0;0;2;0;0;2
83482954;"18/07/16";"Segunda";"20:45:00";"GO";153;"361";"JARAGUA";"Desobediência à sinalização";"Tombamento";"Sem Vítimas";"Plena noite";"Decrescente";"Ceu Claro";"Dupla";"Reta";"Rural";1;0;0;0;1;0;0;1
83482955;"18/07/16";"Segunda";"04:40:00";"BA";242;"869";"BARREIRAS";"Velocidade incompatível";"Colisão frontal";"Com Vítimas Fatais";"Amanhecer";"Decrescente";"Ceu Claro";"Simples";"Reta";"Urbano";2;1;1;0;0;0;1;2
83482956;"19/07/16";"Terça";"15:30:00";"GO";153;"505,2";"APARECIDA DE GOIANIA";"Falta de atenção";"Colisão traseira";"Com Vítimas Feridas";"Pleno dia";"Crescente";"Ceu Claro";"Dupla";"Reta";"Urbano";2;0;0;1;1;0;1;2
83482958;"19/07/16";"Terça";"15:45:00";"PR";277;"723,8";"FOZ DO IGUACU";"Ingestão de álcool";"Colisão Transversal";"Sem Vítimas";"Pleno dia";"Crescente";"Sol";"Dupla";"Reta";"Urbano";4;0;0;0;4;0;0;4
83482959;"16/07/16";"Sábado";"03:40:00";"RJ";40;"124";"DUQUE DE CAXIAS";"Outras";"Atropelamento de pessoa";"Com Vítimas Feridas";"Plena noite";"Crescente";"Ignorada";"Múltipla";"Reta";"Urbano";2;0;0;1;0;1;1;1
83482960;"11/07/16";"Segunda";"18:50:00";"PR";369;"143";"LONDRINA";"Não guardar distância de segurança";"Colisão traseira";"Com Vítimas Feridas";"Plena noite";"Crescente";"Ceu Claro";"Dupla";"Reta";"Rural";5;0;3;0;1;1;3;3
83482961;"16/07/16";"Sábado";"10:22:00";"MT";163;"750";"SORRISO";"Outras";"Colisão traseira";"Com Vítimas Feridas";"Pleno dia";"Crescente";"Sol";"Dupla";"Reta";"Urbano";2;0;1;0;1;0;1;2
83482962;"19/07/16";"Terça";"12:15:00";"SP";116;"415";"JUQUIA";"Outras";"Atropelamento de pessoa";"Com Vítimas Fatais";"Pleno dia";"Crescente";"Ceu Claro";"Dupla";"Reta";"Rural";2;1;0;0;1;0;0;1
83482963;"16/07/16";"Sábado";"03:10:00";"AP";210;"1,5";"MACAPA";"Ingestão de álcool";"Tombamento";"Com Vítimas Feridas";"Plena noite";"Decrescente";"Ceu Claro";"Simples";"Reta";"Urbano";1;0;1;0;0;0;1;1
83482964;"15/07/16";"Sexta";"08:10:00";"ES";101;"264";"SERRA";"Falta de atenção";"Colisão lateral";"Com Vítimas Feridas";"Pleno dia";"Crescente";"Sol";"Dupla";"Reta";"Urbano";3;0;2;0;1;0;2;2
83482965;"19/07/16";"Terça";"09:40:00";"GO";153;"559,2";"PROFESSOR JAMIL";"Velocidade incompatível";"Capotamento";"Sem Vítimas";"Pleno dia";"Decrescente";"Ceu Claro";"Dupla";"Reta";"Rural";1;0;0;0;1;0;0;1
83482966;"03/07/16";"Domingo";"19:20:00";"GO";40;"8";"LUZIANIA";"Outras";"Atropelamento de pessoa";"Com Vítimas Feridas";"Plena noite";"Crescente";"Ceu Claro";"Dupla";"Reta";"Urbano";2;0;0;1;0;1;1;1
83482968;"19/07/16";"Terça";"13:00:00";"MT";364;"293";"JACIARA";"Falta de atenção";"Colisão traseira";"Sem Vítimas";"Pleno dia";"Decrescente";"Ceu Claro";"Simples";"Reta";"Rural";19;0;0;0;19;0;0;4
83482969;"16/07/16";"Sábado";"01:00:00";"SP";116;"276,1";"EMBU";"Outras";"Queda de motocicleta / bicicleta / veículo";"Com Vítimas Feridas";"Plena noite";"Crescente";"Ceu Claro";"Dupla";"Reta";"Urbano";2;0;1;1;0;0;2;1
83482970;"19/07/16";"Terça";"13:00:00";"MT";163;"721,6";"SORRISO";"Falta de atenção";"Colisão traseira";"Sem Vítimas";"Pleno dia";"Crescente";"Ceu Claro";"Simples";"Reta";"Rural";2;0;0;0;2;0;0;2
83482971;"16/07/16";"Sábado";"22:00:00";"MG";116;"417";"GOVERNADOR VALADARES";"Animais na Pista";"Atropelamento de animal";"Com Vítimas Feridas";"Plena noite";"Crescente";"Nublado";"Simples";"Reta";"Urbano";2;0;2;0;0;0;2;1
83482972;"19/07/16";"Terça";"14:15:00";"RS";116;"246";"SAO LEOPOLDO";"Falta de atenção";"Colisão traseira";"Com Vítimas Feridas";"Pleno dia";"Decrescente";"Sol";"Dupla";"Reta";"Urbano";5;0;1;0;4;0;1;5
83482973;"19/07/16";"Terça";"13:30:00";"PE";407;"129";"PETROLINA";"Falta de atenção";"Colisão lateral";"Com Vítimas Feridas";"Pleno dia";"Decrescente";"Sol";"Dupla";"Reta";"Urbano";2;0;1;1;0;0;2;2
83482974;"15/07/16";"Sexta";"08:40:00";"ES";101;"2,5";"VITORIA";"Outras";"Colisão traseira";"Com Vítimas Feridas";"Pleno dia";"Crescente";"Ceu Claro";"Dupla";"Reta";"Urbano";2;0;1;0;1;0;1;2
83482975;"19/07/16";"Terça";"17:30:00";"RS";158;"329,4";"SANTA MARIA";"Falta de atenção";"Colisão lateral";"Sem Vítimas";"Anoitecer";"Crescente";"Ceu Claro";"Simples";"Reta";"Urbano";2;0;0;0;2;0;0;2