"id";"data_inversa";"dia_semana";"horario";"uf";"br";"km";"municipio";"causa_acidente";"tipo_acidente";"classificacao_acidente";"fase_dia";"sentido_via";"condicao_metereologica";"tipo_pista";"tracado_via";"uso_solo";"pessoas";"mortos";"feridos_leves";"feridos_graves";"ilesos";"ignorados";"feridos";"veiculos"
83483086;"16/07/16";"Sábado";"19:50:00";"RN";226;"4,2";"NATAL";"Outras";"Colisão Transversal";"Com Vítimas Feridas";"Plena noite";"Decrescente";"Ceu Claro";"Simples";"Reta";"Urbano";2;0;1;0;0;1;1;2
83483087;"16/07/16";"Sábado";"22:30:00";"GO";60;"119,5";"TEREZOPOLIS DE GOIAS";"Outras";"Colisão com objeto fixo";"Com Vítimas Feridas";"Plena noite";"Crescente";"Vento";"Dupla";"Reta";"Rural";2;0;1;0;1;0;1;2
83483089;"01/05/16";"Domingo";"20:20:00";"SE";101;"89";"NOSSA SENHORA DO SOCORRO";"Outras";"Tombamento";"Com Vítimas Fatais";"Plena noite";"Decrescente";"Ceu Claro";"Dupla";"Reta";"Rural";2;1;0;1;0;0;1;1
83483090;"16/07/16";"Sábado";"22:50:00";"SE";101;"82";"LARANJEIRAS";"Animais na Pista";"Atropelamento de animal";"Sem Vítimas";"Plena noite";"Decrescente";"Nublado";"Dupla";"Reta";"Rural";1;0;0;0;1;0;0;1
83483091;"20/07/16";"Quarta";"05:30:00";"GO";60;"95,8";"ANAPOLIS";"Outras";"Colisão traseira";"Com Vítimas Feridas";"Amanhecer";"Crescente";"Ceu Claro";"Dupla";"Reta";"Urbano";2;0;1;1;0;0;2;2
83483092;"20/07/16";"Quarta";"05:05:00";"MG";267;"80";"JUIZ DE FORA";"Ultrapassagem indevida";"Colisão frontal";"Com Vítimas Feridas";"Amanhecer";"Crescente";"Nublado";"Simples";"Reta";"Rural";2;0;1;0;1;0;1;2
83483093;"16/01/16";"Sábado";"01:50:00";"SE";101;"149,9";"ESTANCIA";"Falta de atenção";"Colisão Transversal";"Com Vítimas Feridas";"Plena noite";"Decrescente";"Nublado";"Simples";"Reta";"Urbano";3;0;1;1;1;0;2;2
83483094;"15/07/16";"Sexta";"13:30:00";"PI";316;"16";"TERESINA";"Outras";"Danos Eventuais";"Com Vítimas Feridas";"Pleno dia";"Crescente";"Sol";"Simples";"Reta";"Rural";2;0;0;1;1;0;1;2
83483095;"17/07/16";"Domingo";"19:10:00";"MG";262;"439,9";"NOVA SERRANA";"Ingestão de álcool";"Saída de Pista";"Com Vítimas Feridas";"Plena noite";"Crescente";"Ceu Claro";"Dupla";"Reta";"Urbano";3;0;2;0;1;0;2;1
83483096;"17/07/16";"Domingo";"00:10:00";"SP";381;"78";"SAO PAULO";"Outras";"Atropelamento de pessoa";"Com Vítimas Fatais";"Plena noite";"Crescente";"Ignorada";"Dupla";"Curva";"Rural";2;1;0;0;0;1;0;1
83483097;"13/07/16";"Quarta";"05:15:00";"MG";459;"92";"CONGONHAL";"Outras";"Colisão frontal";"Com Vítimas Fatais";"Amanhecer";"Decrescente";"Ceu Claro";"Simples";"Curva";"Rural";28;1;19;8;0;0;27;2
83483098;"17/07/16";"Domingo";"03:32:00";"RO";319;"62";"PORTO VELHO";"Desobediência à sinalização";"Colisão lateral";"Sem Vítimas";"Plena noite";"Crescente";"Ceu Claro";"Múltipla";"Reta";"Urbano";2;0;0;0;2;0;0;2
83483099;"20/07/16";"Quarta";"06:30:00";"RJ";40;"105";"DUQUE DE CAXIAS";"Falta de atenção";"Atropelamento de pessoa";"Com Vítimas Feridas";"Pleno dia";"Crescente";"Nublado";"Múltipla";"Reta";"Urbano";2;0;1;0;1;0;1;1
83483100;"16/07/16";"Sábado";"18:30:00";"MG";365;"142";"VARZEA DA PALMA";"Outras";"Colisão com bicicleta";"Com Vítimas Feridas";"Plena noite";"Decrescente";"Ceu Claro";"Simples";"Reta";"Rural";2;0;0;1;1;0;1;2
83483101;"17/07/16";"Domingo";"23:55:00";"AL";101;"123,4";"SAO MIGUEL DOS CAMPOS";"Ultrapassagem indevida";"Colisão frontal";"Com Vítimas Fatais";"Plena noite";"Decrescente";"Ceu Claro";"Simples";"Reta";"Rural";2;1;0;0;0;1;0;2
83483102;"17/07/16";"Domingo";"05:40:00";"MG";381;"879,8";"ESTIVA";"Dormindo";"Tombamento";"Com Vítimas Feridas";"Amanhecer";"Crescente";"Ceu Claro";"Dupla";"Reta";"Rural";7;0;1;0;0;6;1;7
83483103;"16/07/16";"Sábado";"21:40:00";"MG";381;"421,9";"CAETE";"Falta de atenção";"Colisão traseira";"Com Vítimas Feridas";"Plena noite";"Crescente";"Ceu Claro";"Simples";"Curva";"Rural";3;0;2;0;1;0;2;2
83483104;"20/07/16";"Quarta";"08:10:00";"PR";153;"30";"SANTO ANTONIO DA PLATINA";"Falta de atenção";"Saída de Pista";"Com Vítimas Feridas";"Pleno dia";"Crescente";"Ceu Claro";"Simples";"Reta";"Rural";1;0;1;0;0;0;1;1
83483105;"15/07/16";"Sexta";"18:30:00";"MG";40;"509,8";"RIBEIRAO DAS NEVES";"Velocidade incompatível";"Saída de Pista";"Com Vítimas Feridas";"Plena noite";"Crescente";"Ceu Claro";"Dupla";"Reta";"Urbano";1;0;0;1;0;0;1;1
83483106;"17/07/16";"Domingo";"01:30:00";"SP";116;"283";"EMBU";"Ingestão de álcool";"Colisão traseira";"Com Vítimas Feridas";"Plena noite";"Crescente";"Nublado";"Dupla";"Reta";"Urbano";5;0;4;0;1;0;4;2
83483107;"16/07/16";"Sábado";"21:30:00";"MG";116;"585,7";"MANHUACU";"Velocidade incompatível";"Atropelamento de pessoa";"Com Vítimas Feridas";"Plena noite";"Decrescente";"Ceu Claro";"Simples";"Curva";"Rural";7;0;1;1;5;0;2;3
83483108;"17/07/16";"Domingo";"07:00:00";"RS";116;"480,8";"SAO LOURENCO DO SUL";"Falta de atenção";"Colisão traseira";"Sem Vítimas";"Pleno dia";"Crescente";"Ceu Claro";"Simples";"Reta";"Rural";2;0;0;0;2;0;0;2
83483109;"20/07/16";"Quarta";"07:45:00";"PR";277;"596,8";"CASCAVEL";"Falta de atenção";"Colisão traseira";"Sem Vítimas";"Pleno dia";"Crescente";"Ceu Claro";"Múltipla";"Reta";"Urbano";3;0;0;0;1;2;0;2
83483110;"15/07/16";"Sexta";"15:40:00";"SP";116;"166";"JACAREI";"Não guardar distância de segurança";"Colisão traseira";"Sem Vítimas";"Pleno dia";"Crescente";"Sol";"Dupla";"Reta";"Rural";2;0;0;0;2;0;0;2
83483111;"20/07/16";"Quarta";"07:30:00";"MS";163;"478,8";"CAMPO GRANDE";"Falta de atenção";"Queda de motocicleta / bicicleta / veículo";"Com Vítimas Feridas";"Pleno dia";"Crescente";"Ceu Claro";"Simples";"Reta";"Urbano";2;0;1;0;1;0;1;1
83483112;"17/07/16";"Domingo";"00:45:00";"RR";174;"519";"BOA VISTA";"Falta de atenção";"Capotamento";"Com Vítimas Feridas";"Plena noite";"Decrescente";"Ceu Claro";"Simples";"Reta";"Rural";2;0;2;0;0;0;2;1
83483113;"10/06/16";"Sexta";"23:20:00";"DF";20;"19";"BRASILIA";"Ingestão de álcool";"Colisão lateral";"Com Vítimas Feridas";"Plena noite";"Crescente";"Ceu Claro";"Dupla";"Reta";"Urbano";4;0;3;0;1;0;3;2
83483115;"06/06/16";"Segunda";"00:15:00";"MA";135;"48";"BACABEIRA";"Falta de atenção";"Colisão traseira";"Sem Vítimas";"Plena noite";"Decrescente";"Ceu Claro";"Dupla";"Reta";"Rural";2;0;0;0;1;1;0;2
83483116;"17/07/16";"Domingo";"01:30:00";"MG";116;"128";"ITAOBIM";"Velocidade incompatível";"Queda de motocicleta / bicicleta / veículo";"Com Vítimas Feridas";"Plena noite";"Decrescente";"Ceu Claro";"Simples";"Curva";"Rural";2;0;1;0;1;0;1;1
83483117;"17/07/16";"Domingo";"04:50:00";"MG";381;"752,6";"TRES CORACOES";"Ingestão de álcool";"Saída de Pista";"Ignorado";"Plena noite";"Decrescente";"Ceu Claro";"Dupla";"Curva";"Rural";1;0;0;0;0;1;0;1
83483118;"17/07/16";"Domingo";"04:00:00";"MG";381;"672";"PERDOES";"Ingestão de álcool";"Saída de Pista";"Sem Vítimas";"Plena noite";"Crescente";"Ceu Claro";"Dupla";"Curva";"Rural";1;0;0;0;1;0;0;1
83483119;"20/07/16";"Quarta";"08:15:00";"PR";277;"596";"CASCAVEL";"Falta de atenção";"Colisão traseira";"Sem Vítimas";"Pleno dia";"Crescente";"Ceu Claro";"Dupla";"Reta";"Urbano";4;0;0;0;4;0;0;4
83483120;"15/07/16";"Sexta";"13:20:00";"ES";262;"2,5";"CARIACICA";"Falta de atenção";"Colisão lateral";"Sem Vítimas";"Pleno dia";"Crescente";"Sol";"Dupla";"Curva";"Urbano";3;0;0;0;3;0;0;3
83483121;"17/07/16";"Domingo";"00:15:00";"DF";70;"16";"BRASILIA";"Ingestão de álcool";"Colisão com objeto fixo";"Com Vítimas Fatais";"Plena noite";"Decrescente";"Ceu Claro";"Simples";"Reta";"Urbano";4;1;2;0;1;0;2;2
83483122;"17/07/16";"Domingo";"23:10:00";"DF";70;"5";"BRASILIA";"Ingestão de álcool";"Capotamento";"Com Vítimas Feridas";"Plena noite";"Crescente";"Ceu Claro";"Dupla";"Reta";"Urbano";1;0;0;1;0;0;1;1
83483123;"16/07/16";"Sábado";"19:10:00";"MG";262;"508,9";"LUZ";"Velocidade incompatível";"Colisão frontal";"Com Vítimas Fatais";"Plena noite";"Decrescente";"Ceu Claro";"Simples";"Curva";"Rural";8;2;2;1;3;0;3;5
83483124;"20/07/16";"Quarta";"08:20:00";"SC";282;"502,9";"XANXERE";"Outras";"Atropelamento de pessoa";"Com Vítimas Feridas";"Pleno dia";"Crescente";"Nevoeiro/neblina";"Dupla";"Reta";"Urbano";2;0;1;0;1;0;1;1
83483125;"20/07/16";"Quarta";"07:40:00";"PR";116;"115";"CURITIBA";"Falta de atenção";"Colisão traseira";"Com Vítimas Feridas";"Pleno dia";"Crescente";"Nublado";"Dupla";"Reta";"Urbano";4;0;2;0;2;0;2;3
83483126;"19/07/16";"Terça";"05:50:00";"PA";316;"93";"SANTA MARIA DO PARA";"Dormindo";"Colisão Transversal";"Com Vítimas Feridas";"Amanhecer";"Crescente";"Ceu Claro";"Simples";"Reta";"Rural";4;0;1;0;3;0;1;4
83483127;"19/07/16";"Terça";"06:45:00";"CE";304;"51,5";"ARACATI";"Falta de atenção";"Colisão Transversal";"Com Vítimas Feridas";"Amanhecer";"Decrescente";"Ceu Claro";"Simples";"Curva";"Rural";2;0;0;1;1;0;1;2
83483128;"20/07/16";"Quarta";"08:30:00";"PR";158;"495";"CORONEL VIVIDA";"Defeito mecânico em veículo";"Colisão Transversal";"Sem Vítimas";"Pleno dia";"Decrescente";"Ceu Claro";"Simples";"Curva";"Rural";3;0;0;0;3;0;0;3
83483131;"20/07/16";"Quarta";"07:10:00";"RS";101;"37,5";"TRES FORQUILHAS";"Dormindo";"Saída de Pista";"Com Vítimas Feridas";"Pleno dia";"Decrescente";"Ceu Claro";"Dupla";"Curva";"Rural";1;0;1;0;0;0;1;1
83483132;"17/07/16";"Domingo";"02:30:00";"MG";116;"134,5";"PONTO DOS VOLANTES";"Velocidade incompatível";"Tombamento";"Sem Vítimas";"Plena noite";"Crescente";"Ceu Claro";"Simples";"Curva";"Rural";1;0;0;0;1;0;0;1
83483133;"20/07/16";"Quarta";"09:30:00";"RN";101;"108,6";"PARNAMIRIM";"Defeito na via";"Queda de motocicleta / bicicleta / veículo";"Com Vítimas Feridas";"Pleno dia";"Crescente";"Ceu Claro";"Dupla";"Curva";"Urbano";2;0;2;0;0;0;2;1
83483134;"20/07/16";"Quarta";"06:20:00";"MG";116;"96";"MEDINA";"Outras";"Colisão frontal";"Com Vítimas Fatais";"Pleno dia";"Crescente";"Nublado";"Simples";"Reta";"Rural";2;1;0;0;1;0;0;2
83483135;"20/07/16";"Quarta";"08:45:00";"PE";101;"59";"PAULISTA";"Outras";"Colisão lateral";"Sem Vítimas";"Pleno dia";"Crescente";"Chuva";"Dupla";"Reta";"Urbano";2;0;0;0;2;0;0;2
83483137;"16/07/16";"Sábado";"16:00:00";"SP";381;"60";"MAIRIPORA";"Falta de atenção";"Colisão frontal";"Sem Vítimas";"Pleno dia";"Crescente";"Ceu Claro";"Dupla";"Curva";"Rural";2;0;0;0;2;0;0;2
83483138;"16/07/16";"Sábado";"21:00:00";"MS";163;"478,8";"CAMPO GRANDE";"Ingestão de álcool";"Colisão lateral";"Sem Vítimas";"Plena noite";"Crescente";"Ceu Claro";"Simples";"Reta";"Urbano";2;0;0;0;2;0;0;2
83483139;"20/07/16";"Quarta";"05:50:00";"MS";163;"827";"SONORA";"Defeito mecânico em veículo";"Colisão com objeto fixo";"Com Vítimas Feridas";"Amanhecer";"Decrescente";"Ceu Claro";"Dupla";"Reta";"Rural";5;0;0;2;3;0;2;1
83483140;"20/07/16";"Quarta";"00:30:00";"RJ";354;"24";"RESENDE";"Outras";"Saída de Pista";"Sem Vítimas";"Plena noite";"Crescente";"Nublado";"Dupla";"Curva";"Rural";1;0;0;0;1;0;0;1
83483142;"16/07/16";"Sábado";"17:40:00";"PA";316;"14";"MARITUBA";"Ingestão de álcool";"Atropelamento de pessoa";"Com Vítimas Feridas";"Anoitecer";"Decrescente";"Ceu Claro";"Dupla";"Reta";"Urbano";2;0;0;1;1;0;1;1
83483143;"26/05/16";"Quinta";"11:20:00";"TO";153;"566";"FATIMA";"Velocidade incompatível";"Colisão frontal";"Com Vítimas Feridas";"Pleno dia";"Decrescente";"Sol";"Simples";"Reta";"Rural";4;0;2;2;0;0;4;2
83483144;"16/07/16";"Sábado";"14:35:00";"DF";20;"11,1";"BRASILIA";"Falta de atenção";"Colisão lateral";"Com Vítimas Feridas";"Pleno dia";"Decrescente";"Ceu Claro";"Dupla";"Reta";"Urbano";2;0;1;1;0;0;2;2
83483145;"17/07/16";"Domingo";"07:50:00";"SP";116;"348,7";"MIRACATU";"Falta de atenção";"Saída de Pista";"Sem Vítimas";"Pleno dia";"Decrescente";"Sol";"Dupla";"Curva";"Rural";1;0;0;0;1;0;0;1
83483146;"17/07/16";"Domingo";"06:20:00";"SC";101;"206";"SAO JOSE";"Outras";"Colisão com objeto fixo";"Ignorado";"Amanhecer";"Decrescente";"Ceu Claro";"Múltipla";"Reta";"Urbano";1;0;0;0;0;1;0;1
83483147;"16/07/16";"Sábado";"15:50:00";"MS";262;"343";"CAMPO GRANDE";"Ingestão de álcool";"Colisão lateral";"Sem Vítimas";"Pleno dia";"Crescente";"Sol";"Simples";"Reta";"Rural";2;0;0;0;2;0;0;2
83483148;"18/07/16";"Segunda";"09:30:00";"PA";230;"119";"MARABA";"Falta de atenção";"Colisão traseira";"Com Vítimas Feridas";"Pleno dia";"Decrescente";"Ceu Claro";"Dupla";"Reta";"Urbano";2;0;1;0;1;0;1;2
83483149;"20/07/16";"Quarta";"07:55:00";"SC";163;"95";"SAO JOSE DO CEDRO";"Outras";"Colisão lateral";"Sem Vítimas";"Amanhecer";"Decrescente";"Nevoeiro/neblina";"Simples";"Reta";"Rural";2;0;0;0;2;0;0;2
83483150;"15/07/16";"Sexta";"07:40:00";"BA";324;"532";"FEIRA DE SANTANA";"Velocidade incompatível";"Capotamento";"Ignorado";"Pleno dia";"Decrescente";"Ceu Claro";"Dupla";"Reta";"Rural";1;0;0;0;0;1;0;1
83483151;"20/07/16";"Quarta";"08:40:00";"SC";101;"210";"SAO JOSE";"Desobediência à sinalização";"Colisão Transversal";"Com Vítimas Feridas";"Pleno dia";"Decrescente";"Ceu Claro";"Múltipla";"Reta";"Urbano";2;0;0;1;1;0;1;2
83483152;"20/07/16";"Quarta";"09:40:00";"MS";262;"145";"AGUA CLARA";"Defeito mecânico em veículo";"Colisão traseira";"Com Vítimas Feridas";"Pleno dia";"Decrescente";"Sol";"Simples";"Reta";"Rural";5;0;1;0;4;0;1;2
83483153;"20/07/16";"Quarta";"10:30:00";"RJ";116;"138";"DUQUE DE CAXIAS";"Falta de atenção";"Colisão traseira";"Sem Vítimas";"Pleno dia";"Decrescente";"Nublado";"Dupla";"Reta";"Urbano";2;0;0;0;2;0;0;2
83483154;"19/07/16";"Terça";"08:40:00";"AM";319;"729,4";"HUMAITA";"Outras";"Colisão com objeto fixo";"Com Vítimas Feridas";"Pleno dia";"Crescente";"Sol";"Simples";"Reta";"Rural";1;0;1;0;0;0;1;1
83483155;"20/07/16";"Quarta";"10:00:00";"SC";282;"501";"XANXERE";"Falta de atenção";"Colisão lateral";"Sem Vítimas";"Pleno dia";"Crescente";"Nublado";"Dupla";"Cruzamento";"Urbano";2;0;0;0;2;0;0;2
83483156;"17/07/16";"Domingo";"03:20:00";"MG";381;"711,9";"CARMO DA CACHOEIRA";"Dormindo";"Colisão com objeto fixo";"Sem Vítimas";"Plena noite";"Crescente";"Nublado";"Dupla";"Reta";"Rural";1;0;0;0;1;0;0;1
83483157;"20/07/16";"Quarta";"10:40:00";"RS";290;"215";"PANTANO GRANDE";"Falta de atenção";"Colisão Transversal";"Com Vítimas Feridas";"Pleno dia";"Decrescente";"Ceu Claro";"Simples";"Reta";"Urbano";2;0;1;0;1;0;1;2
83483158;"20/07/16";"Quarta";"12:25:00";"RS";386;"343,2";"LAJEADO";"Falta de atenção";"Colisão Transversal";"Sem Vítimas";"Pleno dia";"Decrescente";"Ceu Claro";"Simples";"Reta";"Urbano";2;0;0;0;2;0;0;2
83483159;"16/07/16";"Sábado";"19:30:00";"RJ";116;"139";"DUQUE DE CAXIAS";"Outras";"Colisão traseira";"Com Vítimas Feridas";"Pleno dia";"Crescente";"Nublado";"Dupla";"Reta";"Rural";6;0;5;0;1;0;5;2
83483160;"25/05/16";"Quarta";"19:20:00";"RJ";40;"113";"DUQUE DE CAXIAS";"Outras";"Colisão traseira";"Sem Vítimas";"Plena noite";"Decrescente";"Nublado";"Múltipla";"Reta";"Urbano";5;0;0;0;4;1;0;5
83483161;"20/07/16";"Quarta";"09:00:00";"MG";381;"719,5";"CARMO DA CACHOEIRA";"Dormindo";"Capotamento";"Com Vítimas Feridas";"Pleno dia";"Crescente";"Ceu Claro";"Dupla";"Reta";"Rural";1;0;0;1;0;0;1;1
83483162;"20/07/16";"Quarta";"08:30:00";"SE";101;"109,6";"SAO CRISTOVAO";"Outras";"Saída de Pista";"Sem Vítimas";"Pleno dia";"Crescente";"Chuva";"Dupla";"Curva";"Rural";1;0;0;0;1;0;0;1
83483163;"20/07/16";"Quarta";"10:35:00";"MG";381;"901";"CAMBUI";"Falta de atenção";"Colisão com objeto móvel";"Sem Vítimas";"Pleno dia";"Decrescente";"Sol";"Dupla";"Reta";"Urbano";1;0;0;0;1;0;0;1
83483164;"20/07/16";"Quarta";"11:00:00";"MA";316;"568";"CAXIAS";"Falta de atenção";"Capotamento";"Ignorado";"Pleno dia";"Decrescente";"Ceu Claro";"Simples";"Reta";"Rural";2;0;0;0;0;2;0;1
83483165;"17/07/16";"Domingo";"05:20:00";"BA";242;"262,8";"LAJEDINHO";"Velocidade incompatível";"Colisão com objeto fixo";"Com Vítimas Feridas";"Amanhecer";"Decrescente";"Ceu Claro";"Simples";"Curva";"Rural";3;0;3;0;0;0;3;1
83483166;"20/07/16";"Quarta";"10:25:00";"SP";153;"58,8";"SAO JOSE DO RIO PRETO";"Falta de atenção";"Colisão Transversal";"Com Vítimas Feridas";"Pleno dia";"Decrescente";"Sol";"Simples";"Cruzamento";"Urbano";2;0;1;0;1;0;1;2
83483167;"20/07/16";"Quarta";"08:40:00";"MG";116;"527";"CARATINGA";"Falta de atenção";"Colisão Transversal";"Com Vítimas Feridas";"Pleno dia";"Decrescente";"Nublado";"Simples";"Cruzamento";"Urbano";2;0;1;0;1;0;1;2
83483168;"17/07/16";"Domingo";"07:30:00";"CE";116;"184";"RUSSAS";"Dormindo";"Saída de Pista";"Com Vítimas Feridas";"Pleno dia";"Decrescente";"Ceu Claro";"Simples";"Reta";"Rural";1;0;1;0;0;0;1;1
83483169;"20/07/16";"Quarta";"11:45:00";"RS";116;"511";"PELOTAS";"Outras";"Colisão traseira";"Sem Vítimas";"Pleno dia";"Crescente";"Ceu Claro";"Simples";"Reta";"Rural";2;0;0;0;2;0;0;2
83483170;"17/07/16";"Domingo";"03:00:00";"ES";101;"274,4";"SERRA";"Velocidade incompatível";"Saída de Pista";"Com Vítimas Fatais";"Plena noite";"Crescente";"Nublado";"Dupla";"Curva";"Urbano";3;1;0;2;0;0;2;1
83483171;"20/07/16";"Quarta";"08:30:00";"GO";60;"315,1";"ACREUNA";"Outras";"Saída de Pista";"Com Vítimas Feridas";"Pleno dia";"Decrescente";"Sol";"Dupla";"Curva";"Rural";1;0;1;0;0;0;1;1
83483172;"16/07/16";"Sábado";"20:20:00";"PR";163;"251";"TOLEDO";"Velocidade incompatível";"Saída de Pista";"Com Vítimas Feridas";"Plena noite";"Decrescente";"Ceu Claro";"Simples";"Reta";"Rural";1;0;1;0;0;0;1;1
83483173;"20/07/16";"Quarta";"07:15:00";"RS";290;"96,7";"PORTO ALEGRE";"Ingestão de álcool";"Tombamento";"Sem Vítimas";"Pleno dia";"Crescente";"Ceu Claro";"Dupla";"Reta";"Urbano";1;0;0;0;1;0;0;1
83483174;"12/06/16";"Domingo";"23:50:00";"PR";277;"587,5";"CASCAVEL";"Outras";"Colisão traseira";"Sem Vítimas";"Plena noite";"Decrescente";"Ignorada";"Simples";"Reta";"Urbano";2;0;0;0;2;0;0;2
83483176;"20/07/16";"Quarta";"07:42:00";"RS";290;"707";"URUGUAIANA";"Defeito mecânico em veículo";"Saída de Pista";"Com Vítimas Feridas";"Pleno dia";"Decrescente";"Ceu Claro";"Simples";"Reta";"Rural";2;0;2;0;0;0;2;1
83483177;"16/07/16";"Sábado";"10:40:00";"PA";316;"53";"CASTANHAL";"Falta de atenção";"Colisão lateral";"Sem Vítimas";"Pleno dia";"Crescente";"Sol";"Dupla";"Reta";"Urbano";2;0;0;0;2;0;0;2
83483178;"17/07/16";"Domingo";"02:15:00";"MS";158;"93,7";"PARANAIBA";"Ingestão de álcool";"Saída de Pista";"Com Vítimas Feridas";"Plena noite";"Decrescente";"Ceu Claro";"Dupla";"Reta";"Rural";2;0;1;1;0;0;2;1
83483179;"20/07/16";"Quarta";"09:15:00";"SP";116;"269";"TABOAO DA SERRA";"Falta de atenção";"Colisão traseira";"Com Vítimas Feridas";"Pleno dia";"Decrescente";"Sol";"Dupla";"Reta";"Urbano";4;0;1;0;3;0;1;3
83483180;"19/07/16";"Terça";"02:30:00";"GO";414;"227";"NIQUELANDIA";"Dormindo";"Saída de Pista";"Com Vítimas Feridas";"Plena noite";"Decrescente";"Ceu Claro";"Simples";"Reta";"Urbano";1;0;1;0;0;0;1;1
83483181;"20/07/16";"Quarta";"11:50:00";"MG";40;"527";"CONTAGEM";"Falta de atenção";"Colisão traseira";"Com Vítimas Feridas";"Pleno dia";"Decrescente";"Sol";"Dupla";"Reta";"Urbano";2;0;1;0;1;0;1;2
83483182;"17/06/16";"Sexta";"00:05:00";"SP";116;"169";"JACAREI";"Ingestão de álcool";"Colisão traseira";"Sem Vítimas";"Plena noite";"Decrescente";"Ceu Claro";"Dupla";"Reta";"Rural";2;0;0;0;2;0;0;2
83483183;"20/07/16";"Quarta";"14:15:00";"ES";101;"254";"SERRA";"Defeito mecânico em veículo";"Colisão com objeto fixo";"Sem Vítimas";"Pleno dia";"Decrescente";"Nublado";"Simples";"Curva";"Urbano";1;0;0;0;1;0;0;1
83483186;"20/07/16";"Quarta";"13:30:00";"MG";153;"172,9";"COMENDADOR GOMES";"Não guardar distância de segurança";"Colisão traseira";"Com Vítimas Feridas";"Pleno dia";"Crescente";"Ceu Claro";"Simples";"Reta";"Rural";2;0;1;0;1;0;1;2
83483187;"18/07/16";"Segunda";"06:15:00";"MS";163;"470,5";"CAMPO GRANDE";"Falta de atenção";"Colisão traseira";"Com Vítimas Feridas";"Pleno dia";"Crescente";"Ceu Claro";"Simples";"Curva";"Rural";2;0;1;0;1;0;1;2
83483188;"20/07/16";"Quarta";"09:50:00";"RJ";116;"269";"BARRA MANSA";"Outras";"Colisão traseira";"Com Vítimas Feridas";"Pleno dia";"Crescente";"Ceu Claro";"Simples";"Curva";"Rural";15;0;5;5;5;0;10;6
83483189;"16/07/16";"Sábado";"06:15:00";"BA";324;"551";"AMELIA RODRIGUES";"Falta de atenção";"Colisão lateral";"Com Vítimas Feridas";"Pleno dia";"Crescente";"Ceu Claro";"Múltipla";"Reta";"Urbano";3;0;2;0;1;0;2;2
83483190;"20/07/16";"Quarta";"09:40:00";"SC";101;"193";"BIGUACU";"Falta de atenção";"Colisão lateral";"Com Vítimas Feridas";"Pleno dia";"Decrescente";"Ceu Claro";"Dupla";"Curva";"Urbano";4;0;2;0;2;0;2;2
83483191;"20/07/16";"Quarta";"08:00:00";"MT";70;"583,4";"NOSSA SENHORA DO LIVRAMENTO";"Outras";"Colisão lateral";"Com Vítimas Feridas";"Amanhecer";"Decrescente";"Sol";"Simples";"Curva";"Rural";2;0;1;0;1;0;1;2
83483192;"20/07/16";"Quarta";"12:20:00";"BA";116;"705,9";"MANOEL VITORINO";"Velocidade incompatível";"Saída de Pista";"Sem Vítimas";"Pleno dia";"Crescente";"Nublado";"Simples";"Curva";"Rural";1;0;0;0;1;0;0;1
83483193;"08/07/16";"Sexta";"19:00:00";"GO";40;"12,9";"LUZIANIA";"Falta de atenção";"Colisão lateral";"Com Vítimas Feridas";"Plena noite";"Crescente";"Ceu Claro";"Dupla";"Reta";"Urbano";3;0;1;0;1;1;1;3
83483194;"20/07/16";"Quarta";"10:40:00";"MG";116;"565,8";"MANHUACU";"Velocidade incompatível";"Capotamento";"Com Vítimas Feridas";"Pleno dia";"Decrescente";"Nublado";"Simples";"Curva";"Rural";6;0;3;3;0;0;6;1
83483195;"20/07/16";"Quarta";"14:45:00";"PR";116;"85";"PIRAQUARA";"Falta de atenção";"Colisão traseira";"Com Vítimas Feridas";"Pleno dia";"Decrescente";"Ceu Claro";"Dupla";"Reta";"Rural";2;0;1;0;1;0;1;2
83483196;"08/07/16";"Sexta";"17:40:00";"CE";116;"37";"HORIZONTE";"Desobediência à sinalização";"Colisão Transversal";"Sem Vítimas";"Anoitecer";"Crescente";"Ceu Claro";"Dupla";"Reta";"Urbano";2;0;0;0;2;0;0;2
83483197;"17/07/16";"Domingo";"03:55:00";"SC";101;"233";"PALHOCA";"Outras";"Derramamento de Carga";"Sem Vítimas";"Amanhecer";"Crescente";"Ignorada";"Dupla";"Reta";"Rural";1;0;0;0;1;0;0;1
83483198;"20/07/16";"Quarta";"14:20:00";"SC";116;"218";"CORREIA PINTO";"Desobediência à sinalização";"Colisão Transversal";"Com Vítimas Feridas";"Pleno dia";"Decrescente";"Sol";"Simples";"Cruzamento";"Urbano";2;0;1;0;1;0;1;2
83483199;"16/07/16";"Sábado";"04:00:00";"AL";101;"218,3";"PORTO REAL DO COLEGIO";"Dormindo";"Tombamento";"Com Vítimas Feridas";"Plena noite";"Decrescente";"Vento";"Dupla";"Curva";"Rural";8;0;8;0;0;0;8;1
83483200;"20/07/16";"Quarta";"13:30:00";"SC";470;"236";"SAO CRISTOVAO DO SUL";"Não guardar distância de segurança";"Colisão traseira";"Sem Vítimas";"Pleno dia";"Crescente";"Ceu Claro";"Simples";"Reta";"Rural";2;0;0;0;2;0;0;2
83483201;"20/07/16";"Quarta";"13:10:00";"RJ";493;"1";"ITABORAI";"Falta de atenção";"Colisão traseira";"Sem Vítimas";"Pleno dia";"Crescente";"Nublado";"Simples";"Reta";"Urbano";3;0;0;0;2;1;0;3