"id";"data_inversa";"dia_semana";"horario";"uf";"br";"km";"municipio";"causa_acidente";"tipo_acidente";"classificacao_acidente";"fase_dia";"sentido_via";"condicao_metereologica";"tipo_pista";"tracado_via";"uso_solo";"pessoas";"mortos";"feridos_leves";"feridos_graves";"ilesos";"ignorados";"feridos";"veiculos"
83483312;"20/07/16";"Quarta";"20:00:00";"MG";40;"458,7";"CAETANOPOLIS";"Falta de atenção";"Colisão traseira";"Com Vítimas Fatais";"Plena noite";"Crescente";"Ceu Claro";"Dupla";"Reta";"Rural";2;1;0;0;1;0;0;2
83483313;"20/07/16";"Quarta";"19:15:00";"SP";153;"276,1";"OCAUCU";"Ultrapassagem indevida";"Colisão frontal";"Com Vítimas Feridas";"Plena noite";"Decrescente";"Ceu Claro";"Simples";"Reta";"Rural";3;0;0;3;0;0;3;2
83483314;"20/07/16";"Quarta";"15:15:00";"MG";381;"627";"OLIVEIRA";"Dormindo";"Tombamento";"Com Vítimas Feridas";"Pleno dia";"Crescente";"Ceu Claro";"Dupla";"Curva";"Rural";5;0;5;0;0;0;5;1
83483315;"20/07/16";"Quarta";"15:00:00";"CE";116;"7,1";"FORTALEZA";"Falta de atenção";"Colisão lateral";"Com Vítimas Feridas";"Pleno dia";"Decrescente";"Sol";"Simples";"Curva";"Urbano";2;0;1;0;1;0;1;2
83483316;"20/07/16";"Quarta";"18:00:00";"CE";116;"512,4";"BREJO SANTO";"Outras";"Colisão com bicicleta";"Com Vítimas Feridas";"Anoitecer";"Crescente";"Ceu Claro";"Simples";"Reta";"Rural";2;0;0;1;0;1;1;2
83483317;"16/07/16";"Sábado";"22:15:00";"RJ";101;"243";"SILVA JARDIM";"Outras";"Queda de motocicleta / bicicleta / veículo";"Com Vítimas Feridas";"Plena noite";"Decrescente";"Ceu Claro";"Simples";"Reta";"Rural";1;0;1;0;0;0;1;1
83483318;"20/07/16";"Quarta";"19:00:00";"RS";293;"117";"PINHEIRO MACHADO";"Ingestão de álcool";"Colisão frontal";"Sem Vítimas";"Anoitecer";"Crescente";"Nublado";"Simples";"Reta";"Rural";4;0;0;0;3;1;0;4
83483319;"20/07/16";"Quarta";"22:30:00";"SP";116;"508,9";"CAJATI";"Falta de atenção";"Tombamento";"Sem Vítimas";"Plena noite";"Crescente";"Nublado";"Simples";"Curva";"Rural";1;0;0;0;1;0;0;1
83483320;"20/07/16";"Quarta";"17:19:00";"MT";163;"841";"SINOP";"Falta de atenção";"Tombamento";"Sem Vítimas";"Pleno dia";"Decrescente";"Ceu Claro";"Simples";"Reta";"Urbano";1;0;0;0;1;0;0;1
83483321;"20/07/16";"Quarta";"18:35:00";"MT";163;"780";"SORRISO";"Outras";"Colisão traseira";"Sem Vítimas";"Plena noite";"Decrescente";"Ceu Claro";"Simples";"Reta";"Rural";7;0;0;0;7;0;0;4
83483322;"20/07/16";"Quarta";"15:05:00";"RO";364;"501";"ARIQUEMES";"Outras";"Danos Eventuais";"Sem Vítimas";"Pleno dia";"Crescente";"Sol";"Simples";"Reta";"Rural";1;0;0;0;1;0;0;1
83483323;"21/07/16";"Quinta";"00:50:00";"RS";290;"214,3";"PANTANO GRANDE";"Outras";"Colisão com objeto fixo";"Com Vítimas Feridas";"Plena noite";"Decrescente";"Ceu Claro";"Simples";"Reta";"Urbano";1;0;1;0;0;0;1;1
83483324;"20/07/16";"Quarta";"19:40:00";"CE";222;"122";"ITAPAGE";"Falta de atenção";"Colisão Transversal";"Com Vítimas Feridas";"Plena noite";"Decrescente";"Ceu Claro";"Simples";"Reta";"Urbano";5;0;0;1;4;0;1;2
83483325;"20/07/16";"Quarta";"21:00:00";"SC";470;"124";"IBIRAMA";"Velocidade incompatível";"Colisão traseira";"Sem Vítimas";"Plena noite";"Crescente";"Nublado";"Simples";"Reta";"Rural";2;0;0;0;2;0;0;2
83483326;"20/07/16";"Quarta";"23:25:00";"PE";232;"427,5";"SERRA TALHADA";"Outras";"Derramamento de Carga";"Sem Vítimas";"Plena noite";"Crescente";"Ceu Claro";"Simples";"Reta";"Rural";1;0;0;0;1;0;0;1
83483327;"21/07/16";"Quinta";"00:40:00";"PR";277;"722,3";"FOZ DO IGUACU";"Outras";"Queda de motocicleta / bicicleta / veículo";"Com Vítimas Feridas";"Plena noite";"Crescente";"Ceu Claro";"Dupla";"Cruzamento";"Urbano";1;0;1;0;0;0;1;1
83483328;"20/07/16";"Quarta";"19:00:00";"PB";230;"26,2";"JOAO PESSOA";"Falta de atenção";"Colisão lateral";"Com Vítimas Feridas";"Plena noite";"Decrescente";"Ignorada";"Dupla";"Reta";"Urbano";2;0;0;1;1;0;1;2
83483329;"20/07/16";"Quarta";"21:20:00";"PI";343;"628";"FLORIANO";"Animais na Pista";"Atropelamento de animal";"Com Vítimas Feridas";"Plena noite";"Crescente";"Ceu Claro";"Simples";"Reta";"Rural";1;0;1;0;0;0;1;1
83483330;"20/07/16";"Quarta";"19:00:00";"RS";392;"152";"CANGUCU";"Outras";"Saída de Pista";"Sem Vítimas";"Plena noite";"Decrescente";"Ceu Claro";"Simples";"Reta";"Rural";3;0;0;0;3;0;0;2
83483331;"20/07/16";"Quarta";"18:45:00";"PA";316;"12";"MARITUBA";"Ingestão de álcool";"Atropelamento de pessoa";"Com Vítimas Feridas";"Plena noite";"Decrescente";"Ceu Claro";"Dupla";"Reta";"Urbano";2;0;1;0;1;0;1;1
83483332;"20/07/16";"Quarta";"14:15:00";"RS";472;"534,8";"URUGUAIANA";"Defeito mecânico em veículo";"Incêndio";"Sem Vítimas";"Pleno dia";"Decrescente";"Ceu Claro";"Simples";"Reta";"Rural";1;0;0;0;1;0;0;1
83483334;"20/07/16";"Quarta";"13:30:00";"PR";277;"347,7";"GUARAPUAVA";"Não guardar distância de segurança";"Colisão Transversal";"Com Vítimas Feridas";"Pleno dia";"Crescente";"Ceu Claro";"Simples";"Reta";"Urbano";3;0;2;0;1;0;2;2
83483335;"20/07/16";"Quarta";"20:00:00";"MS";262;"216";"RIBAS DO RIO PARDO";"Animais na Pista";"Atropelamento de animal";"Sem Vítimas";"Plena noite";"Crescente";"Ignorada";"Simples";"Reta";"Rural";2;0;0;0;2;0;0;1
83483336;"12/07/16";"Terça";"12:15:00";"SP";116;"210";"GUARULHOS";"Não guardar distância de segurança";"Queda de motocicleta / bicicleta / veículo";"Com Vítimas Feridas";"Pleno dia";"Crescente";"Sol";"Múltipla";"Reta";"Urbano";2;0;1;0;1;0;1;2
83483338;"20/07/16";"Quarta";"15:20:00";"SC";101;"370,9";"ICARA";"Desobediência à sinalização";"Colisão Transversal";"Com Vítimas Feridas";"Pleno dia";"Decrescente";"Sol";"Dupla";"Reta";"Rural";2;0;0;1;1;0;1;2
83483339;"20/07/16";"Quarta";"16:40:00";"MA";316;"258";"SANTA INES";"Animais na Pista";"Atropelamento de animal";"Sem Vítimas";"Pleno dia";"Decrescente";"Sol";"Simples";"Reta";"Rural";1;0;0;0;1;0;0;1
83483340;"08/07/16";"Sexta";"23:20:00";"PE";101;"47";"IGARASSU";"Falta de atenção";"Colisão Transversal";"Sem Vítimas";"Plena noite";"Crescente";"Vento";"Dupla";"Reta";"Urbano";2;0;0;0;1;1;0;2
83483341;"20/07/16";"Quarta";"07:40:00";"PR";369;"187,2";"ARAPONGAS";"Falta de atenção";"Colisão com bicicleta";"Com Vítimas Feridas";"Pleno dia";"Crescente";"Ceu Claro";"Simples";"Reta";"Urbano";2;0;0;1;0;1;1;2
83483342;"20/07/16";"Quarta";"22:10:00";"SC";470;"87,4";"RODEIO";"Outras";"Colisão frontal";"Com Vítimas Feridas";"Plena noite";"Crescente";"Ceu Claro";"Simples";"Curva";"Urbano";2;0;0;1;1;0;1;2
83483343;"20/07/16";"Quarta";"22:30:00";"PR";153;"335";"REBOUCAS";"Outras";"Colisão lateral";"Sem Vítimas";"Plena noite";"Crescente";"Nevoeiro/neblina";"Simples";"Curva";"Rural";2;0;0;0;1;1;0;2
83483344;"20/07/16";"Quarta";"23:15:00";"RS";158;"264,5";"JULIO DE CASTILHOS";"Ingestão de álcool";"Colisão lateral";"Sem Vítimas";"Plena noite";"Crescente";"Ceu Claro";"Simples";"Reta";"Rural";2;0;0;0;2;0;0;2
83483345;"21/07/16";"Quinta";"03:50:00";"RJ";116;"131";"MAGE";"Outras";"Capotamento";"Com Vítimas Feridas";"Plena noite";"Crescente";"Nublado";"Simples";"Reta";"Rural";2;0;1;0;1;0;1;1
83483346;"21/07/16";"Quinta";"05:30:00";"PE";101;"77";"RECIFE";"Outras";"Colisão traseira";"Com Vítimas Feridas";"Pleno dia";"Crescente";"Nublado";"Dupla";"Curva";"Urbano";2;0;0;1;1;0;1;2
83483347;"11/02/16";"Quinta";"05:00:00";"GO";60;"303";"ACREUNA";"Outras";"Colisão traseira";"Sem Vítimas";"Amanhecer";"Decrescente";"Ceu Claro";"Dupla";"Reta";"Urbano";2;0;0;0;1;1;0;2
83483348;"17/07/16";"Domingo";"18:00:00";"MG";381;"503,3";"BETIM";"Falta de atenção";"Colisão lateral";"Com Vítimas Feridas";"Anoitecer";"Decrescente";"Ceu Claro";"Dupla";"Reta";"Urbano";4;0;2;0;2;0;2;3
83483349;"21/07/16";"Quinta";"01:20:00";"SP";116;"325";"JUQUITIBA";"Outras";"Colisão lateral";"Com Vítimas Feridas";"Plena noite";"Decrescente";"Nublado";"Dupla";"Reta";"Rural";2;0;1;0;1;0;1;2
83483350;"12/07/16";"Terça";"22:20:00";"RJ";101;"66";"CAMPOS DOS GOYTACAZES";"Desobediência à sinalização";"Colisão Transversal";"Com Vítimas Feridas";"Plena noite";"Crescente";"Ignorada";"Simples";"Reta";"Urbano";2;0;1;0;1;0;1;2
83483351;"17/07/16";"Domingo";"23:15:00";"RS";116;"291,9";"ELDORADO DO SUL";"Outras";"Saída de Pista";"Ignorado";"Plena noite";"Decrescente";"Nublado";"Dupla";"Reta";"Rural";1;0;0;0;0;1;0;1
83483352;"21/07/16";"Quinta";"05:40:00";"RS";285;"249,4";"CIRIACO";"Falta de atenção";"Saída de Pista";"Com Vítimas Feridas";"Plena noite";"Decrescente";"Ceu Claro";"Simples";"Curva";"Rural";4;0;1;0;3;0;1;1
83483353;"11/07/16";"Segunda";"09:20:00";"RN";226;"175,6";"CURRAIS NOVOS";"Outras";"Atropelamento de pessoa";"Com Vítimas Fatais";"Pleno dia";"Crescente";"Ceu Claro";"Dupla";"Cruzamento";"Urbano";2;1;0;0;1;0;0;1
83483354;"17/07/16";"Domingo";"19:00:00";"MG";267;"121,1";"JUIZ DE FORA";"Outras";"Colisão frontal";"Com Vítimas Feridas";"Plena noite";"Crescente";"Ignorada";"Simples";"Curva";"Urbano";3;0;0;3;0;0;3;2
83483355;"21/07/16";"Quinta";"07:00:00";"PB";230;"329";"PATOS";"Falta de atenção";"Capotamento";"Sem Vítimas";"Pleno dia";"Decrescente";"Ceu Claro";"Simples";"Reta";"Rural";2;0;0;0;2;0;0;1
83483356;"21/07/16";"Quinta";"05:45:00";"BA";110;"362";"CATU";"Outras";"Queda de motocicleta / bicicleta / veículo";"Com Vítimas Feridas";"Pleno dia";"Crescente";"Nublado";"Simples";"Reta";"Rural";1;0;1;0;0;0;1;1
83483357;"17/07/16";"Domingo";"17:50:00";"PR";116;"69,9";"CAMPINA GRANDE DO SUL";"Dormindo";"Colisão traseira";"Sem Vítimas";"Anoitecer";"Crescente";"Nublado";"Dupla";"Reta";"Rural";2;0;0;0;2;0;0;2
83483358;"21/07/16";"Quinta";"06:50:00";"MG";381;"667,8";"PERDOES";"Velocidade incompatível";"Queda de motocicleta / bicicleta / veículo";"Com Vítimas Feridas";"Pleno dia";"Crescente";"Nublado";"Dupla";"Curva";"Urbano";1;0;1;0;0;0;1;1
83483359;"09/07/16";"Sábado";"17:00:00";"RJ";101;"144";"MACAE";"Falta de atenção";"Colisão com objeto móvel";"Com Vítimas Feridas";"Anoitecer";"Decrescente";"Ceu Claro";"Dupla";"Reta";"Rural";3;0;2;0;1;0;2;1
83483360;"17/07/16";"Domingo";"16:15:00";"MG";365;"613,5";"UBERLANDIA";"Falta de atenção";"Colisão frontal";"Com Vítimas Feridas";"Pleno dia";"Decrescente";"Ceu Claro";"Simples";"Reta";"Urbano";2;0;0;1;1;0;1;2
83483361;"20/07/16";"Quarta";"02:40:00";"MG";135;"464";"BOCAIUVA";"Dormindo";"Colisão lateral";"Sem Vítimas";"Plena noite";"Decrescente";"Ceu Claro";"Simples";"Reta";"Rural";2;0;0;0;2;0;0;2
83483363;"13/07/16";"Quarta";"21:00:00";"PA";10;"323";"SAO MIGUEL DO GUAMA";"Outras";"Colisão frontal";"Sem Vítimas";"Pleno dia";"Crescente";"Ceu Claro";"Simples";"Curva";"Urbano";2;0;0;0;1;1;0;2
83483365;"21/07/16";"Quinta";"07:40:00";"DF";20;"46";"BRASILIA";"Defeito mecânico em veículo";"Capotamento";"Com Vítimas Feridas";"Pleno dia";"Decrescente";"Ceu Claro";"Dupla";"Reta";"Rural";1;0;1;0;0;0;1;1
83483366;"17/07/16";"Domingo";"15:30:00";"MG";251;"350,6";"PADRE CARVALHO";"Ultrapassagem indevida";"Colisão lateral";"Com Vítimas Feridas";"Pleno dia";"Decrescente";"Ceu Claro";"Simples";"Reta";"Rural";5;0;3;0;2;0;3;3
83483367;"01/07/16";"Sexta";"16:30:00";"PR";376;"637";"TIJUCAS DO SUL";"Falta de atenção";"Saída de Pista";"Sem Vítimas";"Pleno dia";"Crescente";"Nublado";"Dupla";"Curva";"Rural";2;0;0;0;2;0;0;2
83483368;"18/07/16";"Segunda";"07:15:00";"SC";282;"340";"CAMPOS NOVOS";"Defeito na via";"Colisão frontal";"Com Vítimas Feridas";"Pleno dia";"Decrescente";"Ceu Claro";"Simples";"Cruzamento";"Urbano";2;0;0;1;1;0;1;2
83483369;"11/07/16";"Segunda";"19:40:00";"SC";282;"92";"ALFREDO WAGNER";"Velocidade incompatível";"Saída de Pista";"Com Vítimas Feridas";"Plena noite";"Decrescente";"Nublado";"Simples";"Reta";"Rural";1;0;1;0;0;0;1;1
83483370;"17/07/16";"Domingo";"13:15:00";"MG";381;"846,5";"SAO SEBASTIAO DA BELA VISTA";"Falta de atenção";"Colisão lateral";"Sem Vítimas";"Pleno dia";"Crescente";"Sol";"Dupla";"Reta";"Rural";2;0;0;0;2;0;0;2
83483371;"19/07/16";"Terça";"12:55:00";"SP";116;"364";"MIRACATU";"Velocidade incompatível";"Tombamento";"Sem Vítimas";"Pleno dia";"Crescente";"Sol";"Dupla";"Curva";"Rural";2;0;0;0;2;0;0;2
83483372;"12/07/16";"Terça";"15:08:00";"AP";156;"367";"FERREIRA GOMES";"Falta de atenção";"Colisão com objeto fixo";"Com Vítimas Feridas";"Pleno dia";"Decrescente";"Ceu Claro";"Simples";"Reta";"Rural";3;0;2;1;0;0;3;1
83483373;"17/07/16";"Domingo";"13:36:00";"RJ";393;"151";"SAPUCAIA";"Outras";"Tombamento";"Sem Vítimas";"Pleno dia";"Crescente";"Ceu Claro";"Simples";"Curva";"Urbano";1;0;0;0;1;0;0;1
83483374;"09/07/16";"Sábado";"10:35:00";"RJ";493;"3";"ITABORAI";"Falta de atenção";"Colisão traseira";"Sem Vítimas";"Pleno dia";"Crescente";"Sol";"Simples";"Reta";"Urbano";2;0;0;0;2;0;0;2
83483375;"17/07/16";"Domingo";"18:45:00";"DF";70;"5,5";"BRASILIA";"Defeito na via";"Capotamento";"Com Vítimas Feridas";"Anoitecer";"Decrescente";"Ceu Claro";"Dupla";"Reta";"Urbano";5;0;0;4;0;1;4;1
83483376;"21/07/16";"Quinta";"09:10:00";"MG";381;"760";"TRES CORACOES";"Velocidade incompatível";"Tombamento";"Com Vítimas Feridas";"Pleno dia";"Decrescente";"Nublado";"Dupla";"Reta";"Rural";2;0;1;0;1;0;1;1
83483377;"30/05/16";"Segunda";"13:56:00";"PR";277;"431,9";"VIRMOND";"Outras";"Saída de Pista";"Com Vítimas Feridas";"Pleno dia";"Decrescente";"Chuva";"Simples";"Reta";"Rural";2;0;1;0;1;0;1;2
83483378;"21/07/16";"Quinta";"07:40:00";"MG";40;"712";"BARBACENA";"Velocidade incompatível";"Colisão com objeto fixo";"Sem Vítimas";"Pleno dia";"Crescente";"Nublado";"Dupla";"Curva";"Rural";3;0;0;0;3;0;0;1
83483379;"07/01/16";"Quinta";"13:00:00";"RS";116;"265";"CANOAS";"Falta de atenção";"Colisão traseira";"Com Vítimas Feridas";"Pleno dia";"Crescente";"Ceu Claro";"Dupla";"Reta";"Urbano";3;0;1;1;1;0;2;2
83483380;"21/07/16";"Quinta";"09:40:00";"RS";116;"152";"CAXIAS DO SUL";"Não guardar distância de segurança";"Colisão traseira";"Com Vítimas Feridas";"Pleno dia";"Decrescente";"Ceu Claro";"Simples";"Reta";"Urbano";2;0;1;0;1;0;1;2
83483382;"17/07/16";"Domingo";"19:00:00";"RO";364;"632";"CANDEIAS DO JAMARI";"Outras";"Colisão frontal";"Com Vítimas Feridas";"Anoitecer";"Crescente";"Ceu Claro";"Simples";"Reta";"Rural";4;0;1;0;3;0;1;2
83483383;"16/07/16";"Sábado";"22:00:00";"GO";60;"32";"ALEXANIA";"Ingestão de álcool";"Colisão Transversal";"Sem Vítimas";"Plena noite";"Crescente";"Ceu Claro";"Dupla";"Reta";"Urbano";2;0;0;0;2;0;0;2
83483384;"10/07/16";"Domingo";"03:35:00";"PA";316;"16";"BENEVIDES";"Ingestão de álcool";"Colisão traseira";"Com Vítimas Feridas";"Plena noite";"Crescente";"Nublado";"Dupla";"Reta";"Rural";2;0;1;0;1;0;1;2
83483385;"21/07/16";"Quinta";"10:30:00";"BA";116;"777,9";"PLANALTO";"Não guardar distância de segurança";"Colisão traseira";"Sem Vítimas";"Pleno dia";"Crescente";"Ceu Claro";"Simples";"Reta";"Urbano";2;0;0;0;2;0;0;2
83483386;"09/07/16";"Sábado";"06:20:00";"PR";277;"720";"FOZ DO IGUACU";"Animais na Pista";"Atropelamento de animal";"Com Vítimas Feridas";"Plena noite";"Decrescente";"Ceu Claro";"Dupla";"Reta";"Urbano";3;0;1;0;1;1;1;2
83483387;"21/07/16";"Quinta";"10:00:00";"PR";277;"104";"CAMPO LARGO";"Outras";"Queda de motocicleta / bicicleta / veículo";"Com Vítimas Feridas";"Pleno dia";"Crescente";"Nublado";"Dupla";"Reta";"Urbano";1;0;1;0;0;0;1;1
83483388;"17/07/16";"Domingo";"23:00:00";"CE";116;"398,2";"UMARI";"Outras";"Queda de motocicleta / bicicleta / veículo";"Com Vítimas Feridas";"Plena noite";"Decrescente";"Ceu Claro";"Simples";"Reta";"Rural";2;0;0;2;0;0;2;1
83483389;"21/07/16";"Quinta";"07:00:00";"RJ";101;"322";"NITEROI";"Outras";"Colisão lateral";"Com Vítimas Feridas";"Pleno dia";"Crescente";"Ceu Claro";"Dupla";"Reta";"Urbano";3;0;2;0;1;0;2;3
83483390;"06/07/16";"Quarta";"01:00:00";"BA";101;"448";"AURELINO LEAL";"Outras";"Atropelamento de pessoa";"Com Vítimas Feridas";"Plena noite";"Crescente";"Ceu Claro";"Simples";"Curva";"Rural";2;0;0;1;0;1;1;1
83483391;"21/07/16";"Quinta";"09:05:00";"MG";40;"516";"RIBEIRAO DAS NEVES";"Outras";"Saída de Pista";"Com Vítimas Feridas";"Pleno dia";"Decrescente";"Ceu Claro";"Dupla";"Reta";"Urbano";1;0;1;0;0;0;1;1
83483392;"21/07/16";"Quinta";"12:00:00";"SC";101;"207";"SAO JOSE";"Desobediência à sinalização";"Colisão Transversal";"Com Vítimas Feridas";"Pleno dia";"Decrescente";"Ceu Claro";"Múltipla";"Reta";"Urbano";2;0;1;0;1;0;1;2
83483394;"21/07/16";"Quinta";"11:00:00";"PR";158;"407";"LARANJEIRAS DO SUL";"Não guardar distância de segurança";"Colisão traseira";"Com Vítimas Feridas";"Pleno dia";"Crescente";"Sol";"Simples";"Reta";"Rural";4;0;2;0;2;0;2;2
83483395;"20/07/16";"Quarta";"01:35:00";"RO";319;"64";"PORTO VELHO";"Ingestão de álcool";"Colisão Transversal";"Com Vítimas Feridas";"Plena noite";"Decrescente";"Ceu Claro";"Dupla";"Reta";"Urbano";2;0;2;0;0;0;2;2
83483396;"21/07/16";"Quinta";"10:10:00";"CE";222;"0";"SOBRAL";"Falta de atenção";"Colisão com bicicleta";"Sem Vítimas";"Pleno dia";"Crescente";"Sol";"Simples";"Reta";"Urbano";2;0;0;0;2;0;0;2
83483397;"10/07/16";"Domingo";"11:50:00";"RJ";101;"55";"CAMPOS DOS GOYTACAZES";"Falta de atenção";"Colisão traseira";"Com Vítimas Feridas";"Pleno dia";"Crescente";"Ceu Claro";"Simples";"Reta";"Rural";2;0;1;0;1;0;1;2
83483398;"21/07/16";"Quinta";"10:20:00";"RS";287;"351,6";"JAGUARI";"Falta de atenção";"Colisão Transversal";"Sem Vítimas";"Pleno dia";"Decrescente";"Ceu Claro";"Simples";"Curva";"Rural";2;0;0;0;2;0;0;2
83483399;"21/07/16";"Quinta";"13:15:00";"RS";386;"426,5";"MONTENEGRO";"Velocidade incompatível";"Capotamento";"Sem Vítimas";"Pleno dia";"Crescente";"Ceu Claro";"Simples";"Curva";"Rural";1;0;0;0;1;0;0;1
83483400;"19/07/16";"Terça";"02:45:00";"PB";230;"195";"POCINHOS";"Outras";"Capotamento";"Com Vítimas Fatais";"Plena noite";"Decrescente";"Ceu Claro";"Simples";"Reta";"Rural";5;1;3;1;0;0;4;1
83483401;"21/07/16";"Quinta";"09:30:00";"AL";101;"72,5";"MESSIAS";"Não guardar distância de segurança";"Colisão traseira";"Com Vítimas Feridas";"Pleno dia";"Decrescente";"Ceu Claro";"Simples";"Reta";"Rural";2;0;1;0;1;0;1;2
83483402;"18/07/16";"Segunda";"04:55:00";"AL";101;"135";"SAO MIGUEL DOS CAMPOS";"Outras";"Tombamento";"Sem Vítimas";"Amanhecer";"Decrescente";"Nublado";"Simples";"Curva";"Rural";1;0;0;0;1;0;0;1
83483403;"21/07/16";"Quinta";"08:30:00";"PI";135;"390";"BOM JESUS";"Defeito na via";"Saída de Pista";"Com Vítimas Feridas";"Pleno dia";"Decrescente";"Ceu Claro";"Simples";"Reta";"Urbano";1;0;1;0;0;0;1;1
83483404;"16/07/16";"Sábado";"19:00:00";"PI";343;"260,4";"CAMPO MAIOR";"Outras";"Queda de motocicleta / bicicleta / veículo";"Com Vítimas Fatais";"Pleno dia";"Crescente";"Ceu Claro";"Simples";"Reta";"Rural";2;1;0;0;1;0;0;1
83483405;"21/07/16";"Quinta";"08:50:00";"ES";262;"163";"IBATIBA";"Velocidade incompatível";"Queda de motocicleta / bicicleta / veículo";"Com Vítimas Feridas";"Pleno dia";"Decrescente";"Nevoeiro/neblina";"Simples";"Curva";"Rural";1;0;1;0;0;0;1;1
83483406;"21/07/16";"Quinta";"08:40:00";"MG";262;"771";"UBERABA";"Animais na Pista";"Atropelamento de animal";"Sem Vítimas";"Pleno dia";"Crescente";"Ceu Claro";"Simples";"Reta";"Rural";1;0;0;0;1;0;0;1
83483407;"21/07/16";"Quinta";"06:00:00";"MA";10;"198,6";"RIBAMAR FIQUENE";"Ultrapassagem indevida";"Saída de Pista";"Com Vítimas Feridas";"Pleno dia";"Decrescente";"Ceu Claro";"Simples";"Reta";"Rural";1;0;1;0;0;0;1;1
83483408;"21/07/16";"Quinta";"13:00:00";"MG";116;"762,9";"LEOPOLDINA";"Falta de atenção";"Colisão traseira";"Sem Vítimas";"Pleno dia";"Decrescente";"Nublado";"Simples";"Reta";"Urbano";2;0;0;0;2;0;0;2
83483409;"18/07/16";"Segunda";"04:10:00";"MG";262;"791";"UBERABA";"Dormindo";"Saída de Pista";"Com Vítimas Feridas";"Plena noite";"Crescente";"Ceu Claro";"Simples";"Curva";"Rural";1;0;1;0;0;0;1;1
83483410;"21/07/16";"Quinta";"11:30:00";"SC";101;"184,5";"BIGUACU";"Falta de atenção";"Saída de Pista";"Com Vítimas Feridas";"Pleno dia";"Crescente";"Sol";"Dupla";"Reta";"Urbano";2;0;1;0;1;0;1;1
83483411;"21/07/16";"Quinta";"08:30:00";"BA";324;"531";"FEIRA DE SANTANA";"Outras";"Saída de Pista";"Sem Vítimas";"Pleno dia";"Crescente";"Ceu Claro";"Dupla";"Reta";"Rural";1;0;0;0;1;0;0;1
83483412;"21/07/16";"Quinta";"10:00:00";"MG";381;"628,4";"OLIVEIRA";"Falta de atenção";"Capotamento";"Com Vítimas Feridas";"Pleno dia";"Crescente";"Ceu Claro";"Dupla";"Curva";"Rural";3;0;3;0;0;0;3;1
83483413;"18/07/16";"Segunda";"06:30:00";"PR";163;"307";"MERCEDES";"Outras";"Saída de Pista";"Com Vítimas Feridas";"Amanhecer";"Decrescente";"Nevoeiro/neblina";"Simples";"Reta";"Rural";1;0;1;0;0;0;1;1
83483414;"18/07/16";"Segunda";"07:00:00";"SP";116;"150";"SAO JOSE DOS CAMPOS";"Falta de atenção";"Capotamento";"Sem Vítimas";"Pleno dia";"Crescente";"Ceu Claro";"Dupla";"Reta";"Urbano";1;0;0;0;1;0;0;1
83483415;"21/07/16";"Quinta";"11:50:00";"ES";101;"266";"SERRA";"Desobediência à sinalização";"Queda de motocicleta / bicicleta / veículo";"Com Vítimas Feridas";"Pleno dia";"Crescente";"Sol";"Dupla";"Reta";"Urbano";3;0;1;1;1;0;2;2
83483416;"21/07/16";"Quinta";"11:35:00";"GO";153;"500";"GOIANIA";"Não guardar distância de segurança";"Colisão traseira";"Sem Vítimas";"Pleno dia";"Crescente";"Ceu Claro";"Dupla";"Reta";"Urbano";2;0;0;0;2;0;0;2
83483417;"17/07/16";"Domingo";"19:05:00";"SE";101;"74,2";"MARUIM";"Outras";"Saída de Pista";"Ignorado";"Plena noite";"Decrescente";"Ceu Claro";"Simples";"Reta";"Rural";1;0;0;0;0;1;0;1
83483418;"16/07/16";"Sábado";"12:00:00";"PI";316;"361";"CAMPO GRANDE DO PIAUI";"Velocidade incompatível";"Saída de Pista";"Com Vítimas Feridas";"Pleno dia";"Crescente";"Ceu Claro";"Simples";"Reta";"Rural";1;0;0;1;0;0;1;1
83483419;"10/07/16";"Domingo";"11:30:00";"PA";230;"119";"MARABA";"Defeito mecânico em veículo";"Queda de motocicleta / bicicleta / veículo";"Com Vítimas Feridas";"Pleno dia";"Crescente";"Ceu Claro";"Dupla";"Curva";"Urbano";2;0;2;0;0;0;2;1
83483420;"21/07/16";"Quinta";"11:10:00";"SP";153;"61,9";"SAO JOSE DO RIO PRETO";"Falta de atenção";"Colisão traseira";"Sem Vítimas";"Pleno dia";"Decrescente";"Sol";"Dupla";"Reta";"Urbano";5;0;0;0;3;2;0;5
83483421;"20/07/16";"Quarta";"02:50:00";"TO";153;"758";"ALVORADA";"Falta de atenção";"Colisão com objeto fixo";"Com Vítimas Feridas";"Plena noite";"Crescente";"Ceu Claro";"Dupla";"Reta";"Urbano";1;0;1;0;0;0;1;1
83483422;"21/07/16";"Quinta";"11:30:00";"PA";222;"232";"MARABA";"Não guardar distância de segurança";"Colisão traseira";"Sem Vítimas";"Pleno dia";"Decrescente";"Ceu Claro";"Simples";"Reta";"Rural";2;0;0;0;2;0;0;2
83483423;"21/07/16";"Quinta";"07:54:00";"CE";116;"12";"FORTALEZA";"Defeito mecânico em veículo";"Queda de motocicleta / bicicleta / veículo";"Com Vítimas Feridas";"Amanhecer";"Decrescente";"Ceu Claro";"Dupla";"Reta";"Urbano";4;0;3;0;1;0;3;3
83483424;"28/01/16";"Quinta";"19:00:00";"AC";364;"136";"RIO BRANCO";"Desobediência à sinalização";"Colisão Transversal";"Com Vítimas Feridas";"Plena noite";"Crescente";"Ceu Claro";"Dupla";"Reta";"Urbano";2;0;1;0;1;0;1;2