"id";"data_inversa";"dia_semana";"horario";"uf";"br";"km";"municipio";"causa_acidente";"tipo_acidente";"classificacao_acidente";"fase_dia";"sentido_via";"condicao_metereologica";"tipo_pista";"tracado_via";"uso_solo";"pessoas";"mortos";"feridos_leves";"feridos_graves";"ilesos";"ignorados";"feridos";"veiculos"
83483425;"18/07/16";"Segunda";"00:20:00";"RS";392;"5,4";"RIO GRANDE";"Outras";"Saída de Pista";"Sem Vítimas";"Plena noite";"Crescente";"Ceu Claro";"Simples";"Reta";"Urbano";1;0;0;0;1;0;0;1
83483426;"21/07/16";"Quinta";"14:00:00";"ES";101;"298";"VIANA";"Falta de atenção";"Colisão lateral";"Com Vítimas Feridas";"Pleno dia";"Decrescente";"Nublado";"Múltipla";"Reta";"Urbano";2;0;1;0;1;0;1;2
83483427;"21/07/16";"Quinta";"12:40:00";"TO";153;"463";"BARROLANDIA";"Ultrapassagem indevida";"Colisão traseira";"Sem Vítimas";"Pleno dia";"Crescente";"Sol";"Simples";"Reta";"Rural";6;0;0;0;2;4;0;2
83483428;"21/07/16";"Quinta";"11:00:00";"SC";470;"126,1";"IBIRAMA";"Não guardar distância de segurança";"Colisão traseira";"Com Vítimas Feridas";"Pleno dia";"Decrescente";"Sol";"Simples";"Reta";"Rural";3;0;2;0;1;0;2;2
83483429;"21/07/16";"Quinta";"13:20:00";"RJ";116;"85";"TERESOPOLIS";"Não guardar distância de segurança";"Colisão traseira";"Com Vítimas Feridas";"Pleno dia";"Decrescente";"Nublado";"Simples";"Reta";"Urbano";4;0;2;0;2;0;2;2
83483430;"21/07/16";"Quinta";"09:25:00";"SP";153;"52,6";"SAO JOSE DO RIO PRETO";"Outras";"Queda de motocicleta / bicicleta / veículo";"Com Vítimas Feridas";"Pleno dia";"Decrescente";"Ceu Claro";"Simples";"Curva";"Rural";1;0;1;0;0;0;1;1
83483431;"21/07/16";"Quinta";"09:05:00";"SC";101;"338,8";"TUBARAO";"Falta de atenção";"Colisão traseira";"Sem Vítimas";"Pleno dia";"Crescente";"Sol";"Dupla";"Reta";"Urbano";3;0;0;0;3;0;0;3
83483432;"21/07/16";"Quinta";"09:40:00";"GO";153;"538,7";"HIDROLANDIA";"Falta de atenção";"Capotamento";"Com Vítimas Feridas";"Pleno dia";"Decrescente";"Ceu Claro";"Dupla";"Reta";"Rural";1;0;1;0;0;0;1;1
83483433;"21/07/16";"Quinta";"14:20:00";"PE";101;"68";"RECIFE";"Não guardar distância de segurança";"Tombamento";"Com Vítimas Feridas";"Pleno dia";"Decrescente";"Ceu Claro";"Dupla";"Reta";"Urbano";2;0;2;0;0;0;2;1
83483434;"21/07/16";"Quinta";"12:30:00";"RS";285;"528,4";"SAO MIGUEL DAS MISSOES";"Falta de atenção";"Saída de Pista";"Sem Vítimas";"Pleno dia";"Crescente";"Sol";"Dupla";"Curva";"Rural";1;0;0;0;1;0;0;1
83483435;"17/07/16";"Domingo";"21:40:00";"GO";40;"17,2";"LUZIANIA";"Outras";"Queda de motocicleta / bicicleta / veículo";"Com Vítimas Feridas";"Plena noite";"Decrescente";"Ceu Claro";"Dupla";"Reta";"Rural";2;0;1;1;0;0;2;1
83483436;"21/07/16";"Quinta";"12:15:00";"RS";153;"10";"SEVERIANO DE ALMEIDA";"Velocidade incompatível";"Tombamento";"Sem Vítimas";"Pleno dia";"Decrescente";"Nevoeiro/neblina";"Simples";"Curva";"Rural";1;0;0;0;1;0;0;1
83483437;"21/07/16";"Quinta";"14:10:00";"RS";116;"28,8";"VACARIA";"Ingestão de álcool";"Colisão traseira";"Com Vítimas Feridas";"Pleno dia";"Decrescente";"Ceu Claro";"Simples";"Reta";"Rural";3;0;1;0;2;0;1;2
83483438;"16/07/16";"Sábado";"05:00:00";"SC";470;"147";"RIO DO SUL";"Outras";"Saída de Pista";"Sem Vítimas";"Plena noite";"Crescente";"Nevoeiro/neblina";"Simples";"Reta";"Urbano";1;0;0;0;1;0;0;1
83483439;"21/07/16";"Quinta";"11:50:00";"PR";116;"32,5";"CAMPINA GRANDE DO SUL";"Velocidade incompatível";"Tombamento";"Com Vítimas Fatais";"Pleno dia";"Decrescente";"Sol";"Simples";"Curva";"Rural";1;1;0;0;0;0;0;1
83483440;"21/07/16";"Quinta";"15:30:00";"BA";116;"929,5";"ENCRUZILHADA";"Outras";"Colisão traseira";"Sem Vítimas";"Pleno dia";"Crescente";"Sol";"Simples";"Reta";"Rural";2;0;0;0;2;0;0;2
83483441;"21/07/16";"Quinta";"04:00:00";"CE";116;"113,5";"RUSSAS";"Falta de atenção";"Colisão com objeto fixo";"Sem Vítimas";"Plena noite";"Decrescente";"Nublado";"Simples";"Reta";"Rural";1;0;0;0;1;0;0;1
83483442;"21/07/16";"Quinta";"08:10:00";"PE";232;"41";"VITORIA DE SANTO ANTAO";"Outras";"Colisão lateral";"Com Vítimas Feridas";"Pleno dia";"Decrescente";"Sol";"Dupla";"Reta";"Rural";2;0;0;1;1;0;1;2
83483443;"21/07/16";"Quinta";"13:40:00";"MS";163;"430,5";"CAMPO GRANDE";"Falta de atenção";"Colisão traseira";"Com Vítimas Feridas";"Pleno dia";"Decrescente";"Ceu Claro";"Simples";"Reta";"Rural";2;0;1;0;1;0;1;2
83483444;"21/07/16";"Quinta";"11:30:00";"BA";101;"927";"NOVA VICOSA";"Outras";"Saída de Pista";"Com Vítimas Feridas";"Pleno dia";"Crescente";"Ceu Claro";"Simples";"Reta";"Rural";4;0;1;0;3;0;1;1
83483445;"21/07/16";"Quinta";"13:30:00";"PR";376;"281";"MARILANDIA DO SUL";"Outras";"Tombamento";"Com Vítimas Feridas";"Pleno dia";"Decrescente";"Sol";"Simples";"Reta";"Rural";1;0;1;0;0;0;1;1
83483446;"21/07/16";"Quinta";"07:00:00";"PA";155;"263";"MARABA";"Defeito na via";"Saída de Pista";"Sem Vítimas";"Amanhecer";"Decrescente";"Ceu Claro";"Simples";"Reta";"Rural";1;0;0;0;1;0;0;1
83483447;"21/07/16";"Quinta";"14:35:00";"MS";463;"1";"DOURADOS";"Desobediência à sinalização";"Colisão traseira";"Com Vítimas Feridas";"Pleno dia";"Crescente";"Ceu Claro";"Simples";"Reta";"Urbano";2;0;1;0;1;0;1;2
83483448;"21/07/16";"Quinta";"16:00:00";"SC";101;"139";"BALNEARIO CAMBORIU";"Não guardar distância de segurança";"Colisão traseira";"Com Vítimas Feridas";"Pleno dia";"Crescente";"Ceu Claro";"Simples";"Curva";"Rural";4;0;1;0;3;0;1;4
83483449;"21/07/16";"Quinta";"15:40:00";"RN";101;"122,4";"SAO JOSE DE MIPIBU";"Outras";"Colisão Transversal";"Com Vítimas Feridas";"Pleno dia";"Decrescente";"Ceu Claro";"Dupla";"Reta";"Rural";2;0;1;0;0;1;1;2
83483451;"21/07/16";"Quinta";"14:20:00";"GO";153;"444";"ANAPOLIS";"Falta de atenção";"Colisão lateral";"Com Vítimas Feridas";"Pleno dia";"Decrescente";"Sol";"Dupla";"Curva";"Urbano";2;0;1;0;1;0;1;2
83483452;"21/07/16";"Quinta";"16:20:00";"PI";316;"202,5";"VALENCA DO PIAUI";"Outras";"Colisão lateral";"Com Vítimas Feridas";"Pleno dia";"Crescente";"Ceu Claro";"Simples";"Reta";"Rural";6;0;4;0;2;0;4;2
83483454;"09/07/16";"Sábado";"11:40:00";"MA";135;"71";"SANTA RITA";"Outras";"Colisão lateral";"Sem Vítimas";"Pleno dia";"Decrescente";"Sol";"Simples";"Reta";"Rural";3;0;0;0;3;0;0;3
83483455;"21/07/16";"Quinta";"13:09:00";"SC";280;"232,1";"CANOINHAS";"Falta de atenção";"Colisão Transversal";"Com Vítimas Feridas";"Pleno dia";"Crescente";"Ceu Claro";"Simples";"Cruzamento";"Urbano";2;0;0;1;1;0;1;2
83483456;"21/07/16";"Quinta";"15:00:00";"PR";163;"206";"CASCAVEL";"Outras";"Colisão traseira";"Sem Vítimas";"Pleno dia";"Decrescente";"Ceu Claro";"Simples";"Reta";"Rural";2;0;0;0;2;0;0;2
83483457;"21/07/16";"Quinta";"12:00:00";"PR";277;"84";"CURITIBA";"Outras";"Saída de Pista";"Com Vítimas Feridas";"Pleno dia";"Decrescente";"Ceu Claro";"Simples";"Curva";"Urbano";1;0;1;0;0;0;1;1
83483458;"21/07/16";"Quinta";"14:00:00";"PR";476;"124";"CURITIBA";"Não guardar distância de segurança";"Colisão Transversal";"Sem Vítimas";"Pleno dia";"Crescente";"Ceu Claro";"Dupla";"Reta";"Urbano";2;0;0;0;2;0;0;2
83483459;"21/07/16";"Quinta";"15:17:00";"RO";364;"518";"ARIQUEMES";"Defeito na via";"Tombamento";"Sem Vítimas";"Pleno dia";"Crescente";"Ceu Claro";"Simples";"Reta";"Rural";1;0;0;0;1;0;0;1
83483460;"10/07/16";"Domingo";"02:50:00";"ES";101;"264";"SERRA";"Outras";"Tombamento";"Com Vítimas Feridas";"Plena noite";"Decrescente";"Ceu Claro";"Dupla";"Reta";"Urbano";1;0;0;1;0;0;1;1
83483462;"17/07/16";"Domingo";"17:15:00";"SC";280;"54,9";"GUARAMIRIM";"Desobediência à sinalização";"Colisão Transversal";"Com Vítimas Feridas";"Pleno dia";"Crescente";"Ceu Claro";"Simples";"Reta";"Urbano";3;0;1;0;2;0;1;2
83483463;"21/07/16";"Quinta";"17:00:00";"PR";116;"122";"CURITIBA";"Falta de atenção";"Colisão traseira";"Sem Vítimas";"Pleno dia";"Crescente";"Ceu Claro";"Dupla";"Curva";"Urbano";3;0;0;0;3;0;0;3
83483464;"19/07/16";"Terça";"21:20:00";"SC";163;"121,8";"DIONISIO CERQUEIRA";"Defeito na via";"Queda de motocicleta / bicicleta / veículo";"Com Vítimas Feridas";"Plena noite";"Crescente";"Ceu Claro";"Simples";"Reta";"Rural";1;0;0;1;0;0;1;1
83483465;"21/07/16";"Quinta";"17:20:00";"GO";60;"114";"GOIANAPOLIS";"Outras";"Colisão traseira";"Sem Vítimas";"Pleno dia";"Decrescente";"Sol";"Dupla";"Curva";"Rural";2;0;0;0;2;0;0;2
83483466;"18/07/16";"Segunda";"06:30:00";"SP";116;"219";"GUARULHOS";"Não guardar distância de segurança";"Colisão traseira";"Sem Vítimas";"Plena noite";"Decrescente";"Nublado";"Múltipla";"Reta";"Urbano";2;0;0;0;2;0;0;2
83483467;"21/07/16";"Quinta";"17:00:00";"RJ";40;"22,8";"TRES RIOS";"Velocidade incompatível";"Colisão com objeto fixo";"Sem Vítimas";"Pleno dia";"Crescente";"Nublado";"Simples";"Curva";"Urbano";1;0;0;0;1;0;0;1
83483468;"21/07/16";"Quinta";"06:00:00";"SC";280;"4,7";"SAO FRANCISCO DO SUL";"Falta de atenção";"Saída de Pista";"Sem Vítimas";"Amanhecer";"Decrescente";"Ceu Claro";"Simples";"Cruzamento";"Urbano";1;0;0;0;1;0;0;1
83483469;"18/07/16";"Segunda";"08:00:00";"RO";364;"704";"PORTO VELHO";"Falta de atenção";"Colisão traseira";"Sem Vítimas";"Pleno dia";"Crescente";"Ceu Claro";"Dupla";"Reta";"Rural";8;0;0;0;8;0;0;6
83483470;"21/07/16";"Quinta";"07:45:00";"MS";262;"682";"CORUMBA";"Defeito na via";"Saída de Pista";"Sem Vítimas";"Pleno dia";"Crescente";"Ceu Claro";"Simples";"Curva";"Rural";1;0;0;0;1;0;0;1
83483471;"21/07/16";"Quinta";"17:10:00";"SC";280;"126,9";"RIO NEGRINHO";"Falta de atenção";"Colisão Transversal";"Com Vítimas Feridas";"Pleno dia";"Crescente";"Nublado";"Simples";"Reta";"Urbano";2;0;1;0;1;0;1;2
83483472;"21/07/16";"Quinta";"11:30:00";"MG";365;"677,5";"ARAGUARI";"Defeito mecânico em veículo";"Capotamento";"Com Vítimas Feridas";"Pleno dia";"Decrescente";"Ceu Claro";"Dupla";"Reta";"Rural";1;0;0;1;0;0;1;1
83483473;"21/07/16";"Quinta";"14:20:00";"SC";470;"4,2";"NAVEGANTES";"Desobediência à sinalização";"Colisão Transversal";"Com Vítimas Feridas";"Pleno dia";"Crescente";"Nublado";"Simples";"Reta";"Urbano";3;0;1;0;2;0;1;2
83483474;"21/07/16";"Quinta";"17:05:00";"RS";386;"79";"BOA VISTA DAS MISSOES";"Velocidade incompatível";"Atropelamento de pessoa";"Com Vítimas Fatais";"Anoitecer";"Decrescente";"Ceu Claro";"Simples";"Curva";"Rural";2;1;0;0;1;0;0;1
83483475;"21/07/16";"Quinta";"16:15:00";"SC";282;"534,6";"CHAPECO";"Velocidade incompatível";"Colisão com objeto fixo";"Com Vítimas Feridas";"Pleno dia";"Crescente";"Ceu Claro";"Simples";"Curva";"Urbano";2;0;1;1;0;0;2;1
83483476;"17/07/16";"Domingo";"20:00:00";"RJ";393;"211";"VASSOURAS";"Animais na Pista";"Atropelamento de animal";"Com Vítimas Feridas";"Plena noite";"Crescente";"Ceu Claro";"Simples";"Reta";"Rural";3;0;3;0;0;0;3;1
83483477;"17/07/16";"Domingo";"03:50:00";"SC";101;"215";"PALHOCA";"Outras";"Saída de Pista";"Com Vítimas Fatais";"Plena noite";"Decrescente";"Nublado";"Dupla";"Reta";"Urbano";4;3;0;1;0;0;1;1
83483478;"17/07/16";"Domingo";"20:30:00";"GO";70;"23";"COCALZINHO DE GOIAS";"Falta de atenção";"Colisão traseira";"Com Vítimas Fatais";"Plena noite";"Crescente";"Ceu Claro";"Dupla";"Reta";"Rural";3;1;1;0;1;0;1;2
83483479;"21/07/16";"Quinta";"08:30:00";"SC";101;"208";"SAO JOSE";"Não guardar distância de segurança";"Colisão traseira";"Com Vítimas Feridas";"Pleno dia";"Decrescente";"Sol";"Múltipla";"Reta";"Urbano";2;0;2;0;0;0;2;2
83483480;"21/07/16";"Quinta";"17:00:00";"SC";101;"43";"JOINVILLE";"Falta de atenção";"Colisão Transversal";"Sem Vítimas";"Anoitecer";"Crescente";"Nublado";"Simples";"Cruzamento";"Urbano";2;0;0;0;2;0;0;2
83483481;"17/07/16";"Domingo";"20:20:00";"RJ";116;"267,2";"BARRA MANSA";"Outras";"Incêndio";"Sem Vítimas";"Pleno dia";"Decrescente";"Nublado";"Dupla";"Reta";"Rural";1;0;0;0;1;0;0;1
83483482;"21/07/16";"Quinta";"13:55:00";"RS";471;"141,8";"SANTA CRUZ DO SUL";"Falta de atenção";"Colisão traseira";"Com Vítimas Feridas";"Pleno dia";"Decrescente";"Ceu Claro";"Simples";"Cruzamento";"Urbano";3;0;1;0;2;0;1;2
83483483;"21/07/16";"Quinta";"09:45:00";"SP";116;"230";"SAO PAULO";"Não guardar distância de segurança";"Colisão traseira";"Sem Vítimas";"Pleno dia";"Crescente";"Nublado";"Múltipla";"Reta";"Urbano";2;0;0;0;2;0;0;2
83483484;"21/07/16";"Quinta";"15:30:00";"GO";50;"97";"CRISTALINA";"Falta de atenção";"Colisão Transversal";"Com Vítimas Feridas";"Pleno dia";"Decrescente";"Ceu Claro";"Simples";"Cruzamento";"Urbano";3;0;1;0;2;0;1;2
83483486;"21/07/16";"Quinta";"17:15:00";"SP";153;"59,1";"SAO JOSE DO RIO PRETO";"Outras";"Queda de motocicleta / bicicleta / veículo";"Com Vítimas Feridas";"Anoitecer";"Crescente";"Ceu Claro";"Simples";"Reta";"Urbano";1;0;1;0;0;0;1;1
83483487;"19/07/16";"Terça";"16:30:00";"MG";262;"356";"BETIM";"Falta de atenção";"Colisão traseira";"Com Vítimas Feridas";"Pleno dia";"Decrescente";"Ceu Claro";"Dupla";"Curva";"Rural";5;0;1;2;2;0;3;2
83483488;"21/07/16";"Quinta";"11:25:00";"MG";381;"480,2";"CONTAGEM";"Falta de atenção";"Colisão traseira";"Com Vítimas Feridas";"Pleno dia";"Decrescente";"Sol";"Dupla";"Reta";"Urbano";3;0;2;0;1;0;2;2
83483489;"21/07/16";"Quinta";"16:00:00";"PA";316;"60,5";"CASTANHAL";"Desobediência à sinalização";"Colisão com bicicleta";"Com Vítimas Feridas";"Pleno dia";"Decrescente";"Chuva";"Dupla";"Cruzamento";"Urbano";2;0;1;0;1;0;1;2
83483490;"13/07/16";"Quarta";"15:15:00";"MA";135;"138";"MATOES DO NORTE";"Outras";"Incêndio";"Sem Vítimas";"Pleno dia";"Crescente";"Sol";"Simples";"Reta";"Rural";1;0;0;0;1;0;0;1
83483491;"21/07/16";"Quinta";"07:20:00";"SP";116;"225";"GUARULHOS";"Não guardar distância de segurança";"Colisão traseira";"Sem Vítimas";"Pleno dia";"Crescente";"Nublado";"Múltipla";"Reta";"Urbano";2;0;0;0;1;1;0;2
83483492;"21/07/16";"Quinta";"11:40:00";"MT";163;"671";"LUCAS DO RIO VERDE";"Não guardar distância de segurança";"Colisão traseira";"Sem Vítimas";"Pleno dia";"Decrescente";"Ceu Claro";"Simples";"Reta";"Rural";2;0;0;0;2;0;0;2
83483493;"21/07/16";"Quinta";"07:30:00";"SC";158;"110,5";"CUNHA PORA";"Falta de atenção";"Colisão traseira";"Sem Vítimas";"Amanhecer";"Decrescente";"Nevoeiro/neblina";"Simples";"Reta";"Rural";2;0;0;0;2;0;0;2
83483494;"21/07/16";"Quinta";"14:40:00";"SC";163;"98,9";"SAO JOSE DO CEDRO";"Outras";"Saída de Pista";"Com Vítimas Feridas";"Plena noite";"Crescente";"Sol";"Simples";"Reta";"Rural";2;0;1;0;1;0;1;1
83483495;"20/07/16";"Quarta";"12:30:00";"BA";324;"537,5";"CONCEICAO DO JACUIPE";"Outras";"Colisão traseira";"Com Vítimas Feridas";"Pleno dia";"Decrescente";"Ceu Claro";"Dupla";"Reta";"Urbano";2;0;1;0;1;0;1;2
83483496;"07/06/16";"Terça";"22:00:00";"PE";232;"180";"BELO JARDIM";"Outras";"Colisão Transversal";"Com Vítimas Fatais";"Plena noite";"Crescente";"Ceu Claro";"Simples";"Curva";"Urbano";2;1;0;0;1;0;0;2
83483497;"21/07/16";"Quinta";"11:00:00";"MA";135;"14,5";"SAO LUIS";"Falta de atenção";"Colisão Transversal";"Com Vítimas Feridas";"Pleno dia";"Crescente";"Sol";"Dupla";"Reta";"Urbano";3;0;1;0;2;0;1;2
83483498;"21/07/16";"Quinta";"18:00:00";"PI";316;"7,7";"TERESINA";"Não guardar distância de segurança";"Colisão traseira";"Com Vítimas Feridas";"Anoitecer";"Crescente";"Ceu Claro";"Simples";"Reta";"Urbano";3;0;2;0;0;1;2;2
83483499;"21/07/16";"Quinta";"08:10:00";"RS";290;"509";"ROSARIO DO SUL";"Não guardar distância de segurança";"Colisão traseira";"Sem Vítimas";"Pleno dia";"Decrescente";"Sol";"Simples";"Reta";"Rural";10;0;0;0;10;0;0;3
83483501;"21/07/16";"Quinta";"13:00:00";"SC";282;"576";"PINHALZINHO";"Falta de atenção";"Colisão Transversal";"Com Vítimas Feridas";"Pleno dia";"Decrescente";"Sol";"Simples";"Reta";"Urbano";4;0;0;4;0;0;4;2
83483502;"21/07/16";"Quinta";"18:20:00";"ES";101;"65,2";"SAO MATEUS";"Outras";"Queda de motocicleta / bicicleta / veículo";"Com Vítimas Feridas";"Anoitecer";"Decrescente";"Ceu Claro";"Simples";"Curva";"Urbano";2;0;2;0;0;0;2;1
83483503;"21/07/16";"Quinta";"14:20:00";"AC";364;"136,8";"RIO BRANCO";"Falta de atenção";"Colisão traseira";"Com Vítimas Feridas";"Pleno dia";"Decrescente";"Ceu Claro";"Dupla";"Reta";"Urbano";3;0;0;1;2;0;1;2
83483504;"21/07/16";"Quinta";"13:30:00";"SC";116;"300,5";"CAPAO ALTO";"Outras";"Colisão traseira";"Com Vítimas Feridas";"Pleno dia";"Decrescente";"Ceu Claro";"Simples";"Reta";"Rural";7;0;1;1;5;0;2;5
83483505;"21/07/16";"Quinta";"11:30:00";"MG";381;"176";"PERIQUITO";"Outras";"Saída de Pista";"Com Vítimas Feridas";"Pleno dia";"Crescente";"Ceu Claro";"Simples";"Curva";"Rural";1;0;0;1;0;0;1;1
83483506;"21/07/16";"Quinta";"15:00:00";"SE";101;"66,5";"ROSARIO DO CATETE";"Outras";"Saída de Pista";"Sem Vítimas";"Pleno dia";"Crescente";"Ceu Claro";"Simples";"Reta";"Rural";1;0;0;0;1;0;0;1
83483507;"21/07/16";"Quinta";"13:20:00";"BA";242;"129";"RAFAEL JAMBEIRO";"Velocidade incompatível";"Colisão traseira";"Com Vítimas Fatais";"Pleno dia";"Crescente";"Ceu Claro";"Simples";"Reta";"Rural";3;1;1;0;1;0;1;2
83483508;"21/07/16";"Quinta";"17:30:00";"RS";386;"184,2";"SANTO ANTONIO DO PLANALTO";"Outras";"Saída de Pista";"Com Vítimas Feridas";"Pleno dia";"Decrescente";"Ceu Claro";"Simples";"Reta";"Rural";1;0;1;0;0;0;1;1
83483509;"21/07/16";"Quinta";"18:10:00";"RS";116;"256,5";"ESTEIO";"Outras";"Atropelamento de pessoa";"Com Vítimas Feridas";"Plena noite";"Crescente";"Ceu Claro";"Dupla";"Reta";"Urbano";2;0;1;1;0;0;2;1
83483510;"21/07/16";"Quinta";"15:00:00";"MT";364;"562";"NOBRES";"Falta de atenção";"Queda de motocicleta / bicicleta / veículo";"Com Vítimas Feridas";"Pleno dia";"Decrescente";"Ceu Claro";"Dupla";"Reta";"Urbano";1;0;1;0;0;0;1;1
83483511;"21/07/16";"Quinta";"11:00:00";"GO";153;"402";"PIRENOPOLIS";"Não guardar distância de segurança";"Tombamento";"Sem Vítimas";"Pleno dia";"Decrescente";"Sol";"Simples";"Cruzamento";"Rural";1;0;0;0;1;0;0;1
83483512;"21/07/16";"Quinta";"18:50:00";"RS";116;"231,1";"IVOTI";"Falta de atenção";"Colisão com objeto fixo";"Com Vítimas Feridas";"Plena noite";"Decrescente";"Ceu Claro";"Dupla";"Cruzamento";"Urbano";2;0;1;0;1;0;1;2
83483513;"21/07/16";"Quinta";"13:53:00";"RO";429;"42";"PRESIDENTE MEDICI";"Falta de atenção";"Colisão traseira";"Com Vítimas Feridas";"Pleno dia";"Decrescente";"Sol";"Simples";"Reta";"Rural";4;0;0;1;3;0;1;2
83483514;"09/07/16";"Sábado";"05:30:00";"GO";60;"38";"ALEXANIA";"Outras";"Saída de Pista";"Com Vítimas Feridas";"Amanhecer";"Decrescente";"Ceu Claro";"Dupla";"Reta";"Rural";1;0;1;0;0;0;1;1
83483515;"21/07/16";"Quinta";"11:10:00";"MT";163;"666";"LUCAS DO RIO VERDE";"Falta de atenção";"Colisão traseira";"Sem Vítimas";"Pleno dia";"Decrescente";"Ceu Claro";"Simples";"Reta";"Rural";4;0;0;0;4;0;0;4
83483517;"21/07/16";"Quinta";"13:00:00";"RS";290;"117,2";"ELDORADO DO SUL";"Não guardar distância de segurança";"Colisão traseira";"Com Vítimas Feridas";"Pleno dia";"Decrescente";"Ceu Claro";"Simples";"Reta";"Rural";12;0;1;2;8;1;3;9
83483518;"18/04/16";"Segunda";"23:30:00";"SP";116;"217";"GUARULHOS";"Falta de atenção";"Colisão traseira";"Sem Vítimas";"Plena noite";"Decrescente";"Ceu Claro";"Dupla";"Reta";"Urbano";2;0;0;0;2;0;0;2
83483519;"21/07/16";"Quinta";"19:20:00";"RJ";101;"400";"ITAGUAI";"Falta de atenção";"Colisão Transversal";"Com Vítimas Feridas";"Plena noite";"Decrescente";"Nublado";"Dupla";"Reta";"Urbano";3;0;1;0;2;0;1;2
83483520;"21/07/16";"Quinta";"15:10:00";"MT";364;"400,6";"CUIABA";"Desobediência à sinalização";"Colisão lateral";"Com Vítimas Feridas";"Pleno dia";"Crescente";"Ceu Claro";"Simples";"Reta";"Urbano";4;0;0;2;2;0;2;3
83483521;"17/07/16";"Domingo";"23:21:00";"RJ";101;"269";"RIO BONITO";"Outras";"Saída de Pista";"Sem Vítimas";"Plena noite";"Decrescente";"Ceu Claro";"Dupla";"Reta";"Urbano";1;0;0;0;1;0;0;1
83483522;"21/07/16";"Quinta";"19:30:00";"RJ";101;"262";"RIO BONITO";"Outras";"Colisão com objeto fixo";"Sem Vítimas";"Plena noite";"Decrescente";"Chuva";"Simples";"Reta";"Rural";1;0;0;0;1;0;0;1
83483523;"21/07/16";"Quinta";"18:00:00";"RJ";101;"271";"RIO BONITO";"Outras";"Saída de Pista";"Sem Vítimas";"Anoitecer";"Decrescente";"Chuva";"Dupla";"Curva";"Rural";1;0;0;0;1;0;0;1
83483524;"21/07/16";"Quinta";"16:40:00";"RN";101;"149,5";"GOIANINHA";"Falta de atenção";"Colisão Transversal";"Com Vítimas Feridas";"Pleno dia";"Decrescente";"Ceu Claro";"Múltipla";"Reta";"Urbano";3;0;2;0;1;0;2;2
83483525;"21/07/16";"Quinta";"12:00:00";"RS";392;"4";"CAPAO DO LEAO";"Outras";"Colisão traseira";"Com Vítimas Feridas";"Pleno dia";"Decrescente";"Ceu Claro";"Simples";"Reta";"Urbano";2;0;1;0;1;0;1;2
83483526;"21/07/16";"Quinta";"15:30:00";"PR";476;"122,7";"CURITIBA";"Outras";"Colisão lateral";"Sem Vítimas";"Pleno dia";"Crescente";"Ceu Claro";"Múltipla";"Reta";"Urbano";2;0;0;0;2;0;0;2
83483527;"21/07/16";"Quinta";"18:30:00";"PE";116;"61,2";"CABROBO";"Animais na Pista";"Atropelamento de animal";"Sem Vítimas";"Plena noite";"Crescente";"Ceu Claro";"Simples";"Reta";"Rural";2;0;0;0;2;0;0;1
83483528;"14/05/16";"Sábado";"11:45:00";"AC";364;"3";"ACRELANDIA";"Outras";"Queda de motocicleta / bicicleta / veículo";"Com Vítimas Feridas";"Pleno dia";"Crescente";"Ignorada";"Simples";"Reta";"Rural";1;0;0;1;0;0;1;1
83483529;"10/04/16";"Domingo";"20:30:00";"DF";70;"15";"BRASILIA";"Ingestão de álcool";"Colisão Transversal";"Sem Vítimas";"Plena noite";"Decrescente";"Ceu Claro";"Dupla";"Reta";"Urbano";4;0;0;0;4;0;0;3
83483530;"21/07/16";"Quinta";"18:10:00";"PA";163;"1000";"SANTAREM";"Falta de atenção";"Colisão Transversal";"Com Vítimas Feridas";"Anoitecer";"Crescente";"Nublado";"Simples";"Reta";"Urbano";2;0;1;0;0;1;1;2
83483531;"19/07/16";"Terça";"17:00:00";"MT";163;"1046,8";"MATUPA";"Animais na Pista";"Atropelamento de animal";"Com Vítimas Feridas";"Pleno dia";"Crescente";"Ceu Claro";"Simples";"Reta";"Rural";1;0;1;0;0;0;1;1
83483532;"20/07/16";"Quarta";"02:00:00";"PR";476;"43";"ADRIANOPOLIS";"Defeito mecânico em veículo";"Incêndio";"Sem Vítimas";"Plena noite";"Crescente";"Ceu Claro";"Simples";"Reta";"Rural";1;0;0;0;1;0;0;1
83483533;"21/07/16";"Quinta";"18:45:00";"GO";153;"502,2";"GOIANIA";"Defeito mecânico em veículo";"Queda de motocicleta / bicicleta / veículo";"Com Vítimas Feridas";"Plena noite";"Decrescente";"Ceu Claro";"Dupla";"Reta";"Urbano";1;0;1;0;0;0;1;1
83483534;"21/07/16";"Quinta";"08:00:00";"GO";70;"372,8";"MONTES CLAROS DE GOIAS";"Falta de atenção";"Colisão Transversal";"Sem Vítimas";"Pleno dia";"Crescente";"Ceu Claro";"Simples";"Reta";"Urbano";6;0;0;0;6;0;0;2
83483535;"21/07/16";"Quinta";"16:30:00";"AP";156;"250";"MACAPA";"Outras";"Saída de Pista";"Sem Vítimas";"Pleno dia";"Crescente";"Chuva";"Simples";"Curva";"Rural";1;0;0;0;1;0;0;1
83483536;"21/07/16";"Quinta";"15:40:00";"PA";10;"176";"PARAGOMINAS";"Defeito mecânico em veículo";"Colisão lateral";"Sem Vítimas";"Pleno dia";"Decrescente";"Sol";"Simples";"Reta";"Rural";6;0;0;0;6;0;0;2