"id";"data_inversa";"dia_semana";"horario";"uf";"br";"km";"municipio";"causa_acidente";"tipo_acidente";"classificacao_acidente";"fase_dia";"sentido_via";"condicao_metereologica";"tipo_pista";"tracado_via";"uso_solo";"pessoas";"mortos";"feridos_leves";"feridos_graves";"ilesos";"ignorados";"feridos";"veiculos"
83483537;"18/07/16";"Segunda";"00:45:00";"PB";104;"5,3";"CUITE";"Outras";"Atropelamento de pessoa";"Com Vítimas Fatais";"Plena noite";"Decrescente";"Ceu Claro";"Simples";"Reta";"Rural";2;1;0;0;0;1;0;1
83483538;"18/07/16";"Segunda";"00:40:00";"ES";101;"281,7";"SERRA";"Falta de atenção";"Tombamento";"Sem Vítimas";"Plena noite";"Decrescente";"Ceu Claro";"Dupla";"Reta";"Urbano";1;0;0;0;1;0;0;1
83483539;"21/07/16";"Quinta";"08:40:00";"TO";153;"240";"COLINAS DO TOCANTINS";"Outras";"Tombamento";"Com Vítimas Feridas";"Pleno dia";"Crescente";"Ceu Claro";"Múltipla";"Reta";"Urbano";3;0;1;1;1;0;2;1
83483540;"21/07/16";"Quinta";"16:45:00";"MT";163;"827";"SINOP";"Falta de atenção";"Colisão Transversal";"Com Vítimas Feridas";"Anoitecer";"Decrescente";"Ceu Claro";"Dupla";"Curva";"Urbano";3;0;1;0;2;0;1;2
83483541;"21/07/16";"Quinta";"21:00:00";"RJ";101;"261";"RIO BONITO";"Falta de atenção";"Colisão com objeto fixo";"Sem Vítimas";"Plena noite";"Decrescente";"Chuva";"Dupla";"Reta";"Urbano";1;0;0;0;1;0;0;1
83483542;"21/07/16";"Quinta";"19:05:00";"PR";376;"162,6";"MARINGA";"Outras";"Colisão traseira";"Com Vítimas Feridas";"Plena noite";"Decrescente";"Ceu Claro";"Dupla";"Reta";"Rural";3;0;1;1;1;0;2;2
83483543;"21/07/16";"Quinta";"18:26:00";"MG";40;"665";"CARANDAI";"Outras";"Queda de motocicleta / bicicleta / veículo";"Sem Vítimas";"Plena noite";"Crescente";"Ceu Claro";"Simples";"Reta";"Rural";1;0;0;0;1;0;0;1
83483544;"21/07/16";"Quinta";"19:40:00";"PR";476;"287";"SAO MATEUS DO SUL";"Falta de atenção";"Colisão frontal";"Com Vítimas Feridas";"Plena noite";"Decrescente";"Ceu Claro";"Simples";"Reta";"Rural";3;0;3;0;0;0;3;2
83483545;"21/07/16";"Quinta";"18:40:00";"RJ";40;"122,5";"DUQUE DE CAXIAS";"Defeito mecânico em veículo";"Colisão lateral";"Com Vítimas Feridas";"Plena noite";"Crescente";"Nublado";"Múltipla";"Reta";"Urbano";4;0;1;0;3;0;1;3
83483546;"10/07/16";"Domingo";"21:30:00";"BA";407;"123";"SENHOR DO BONFIM";"Falta de atenção";"Colisão traseira";"Com Vítimas Feridas";"Plena noite";"Crescente";"Ceu Claro";"Simples";"Reta";"Rural";2;0;1;0;0;1;1;2
83483547;"21/07/16";"Quinta";"19:20:00";"PR";369;"181";"ARAPONGAS";"Outras";"Colisão Transversal";"Com Vítimas Feridas";"Plena noite";"Crescente";"Ceu Claro";"Dupla";"Reta";"Urbano";2;0;1;0;1;0;1;2
83483548;"21/07/16";"Quinta";"17:05:00";"RJ";101;"276,7";"TANGUA";"Outras";"Colisão traseira";"Com Vítimas Feridas";"Anoitecer";"Crescente";"Chuva";"Dupla";"Cruzamento";"Rural";2;0;1;0;1;0;1;2
83483549;"21/07/16";"Quinta";"16:15:00";"RS";290;"719";"URUGUAIANA";"Outras";"Colisão frontal";"Sem Vítimas";"Pleno dia";"Decrescente";"Ceu Claro";"Simples";"Reta";"Urbano";2;0;0;0;2;0;0;2
83483550;"21/07/16";"Quinta";"12:50:00";"AL";423;"38";"INHAPI";"Defeito mecânico em veículo";"Saída de Pista";"Sem Vítimas";"Pleno dia";"Decrescente";"Sol";"Simples";"Reta";"Rural";1;0;0;0;1;0;0;1
83483551;"21/07/16";"Quinta";"15:15:00";"PR";163;"134";"CAPITAO LEONIDAS MARQUES";"Outras";"Colisão traseira";"Sem Vítimas";"Pleno dia";"Decrescente";"Ceu Claro";"Simples";"Reta";"Rural";2;0;0;0;2;0;0;2
83483552;"21/07/16";"Quinta";"19:50:00";"RJ";116;"166";"RIO DE JANEIRO";"Falta de atenção";"Colisão traseira";"Com Vítimas Feridas";"Anoitecer";"Crescente";"Ceu Claro";"Múltipla";"Reta";"Urbano";3;0;1;0;2;0;1;2
83483553;"21/07/16";"Quinta";"15:15:00";"MG";381;"949,6";"EXTREMA";"Outras";"Atropelamento de pessoa";"Com Vítimas Fatais";"Pleno dia";"Decrescente";"Ceu Claro";"Dupla";"Reta";"Rural";2;1;0;0;1;0;0;1
83483554;"17/07/16";"Domingo";"19:00:00";"PI";343;"292";"CAMPO MAIOR";"Outras";"Colisão traseira";"Sem Vítimas";"Plena noite";"Crescente";"Ignorada";"Simples";"Reta";"Urbano";2;0;0;0;1;1;0;2
83483555;"21/07/16";"Quinta";"17:35:00";"SC";101;"75,2";"ARAQUARI";"Falta de atenção";"Colisão traseira";"Com Vítimas Feridas";"Anoitecer";"Decrescente";"Ceu Claro";"Dupla";"Curva";"Rural";5;0;3;0;2;0;3;3
83483556;"21/07/16";"Quinta";"21:00:00";"SC";101;"193";"BIGUACU";"Outras";"Tombamento";"Com Vítimas Feridas";"Plena noite";"Crescente";"Ceu Claro";"Dupla";"Reta";"Urbano";1;0;1;0;0;0;1;1
83483558;"21/07/16";"Quinta";"20:30:00";"RS";293;"352,9";"SANTANA DO LIVRAMENTO";"Animais na Pista";"Atropelamento de animal";"Sem Vítimas";"Plena noite";"Decrescente";"Ceu Claro";"Simples";"Reta";"Rural";3;0;0;0;3;0;0;1
83483559;"21/07/16";"Quinta";"21:15:00";"RS";386;"273,7";"FONTOURA XAVIER";"Ingestão de álcool";"Saída de Pista";"Sem Vítimas";"Plena noite";"Decrescente";"Ceu Claro";"Simples";"Curva";"Rural";1;0;0;0;1;0;0;1
83483560;"21/07/16";"Quinta";"09:40:00";"PE";232;"196,2";"SANHARO";"Outras";"Colisão frontal";"Sem Vítimas";"Pleno dia";"Crescente";"Sol";"Simples";"Reta";"Urbano";3;0;0;0;3;0;0;3
83483561;"21/07/16";"Quinta";"21:15:00";"PR";277;"12";"PARANAGUA";"Falta de atenção";"Colisão com objeto móvel";"Sem Vítimas";"Plena noite";"Crescente";"Vento";"Dupla";"Reta";"Rural";1;0;0;0;1;0;0;1
83483562;"21/07/16";"Quinta";"20:30:00";"MT";174;"329";"PONTES E LACERDA";"Animais na Pista";"Saída de Pista";"Com Vítimas Feridas";"Plena noite";"Decrescente";"Ceu Claro";"Simples";"Reta";"Rural";1;0;1;0;0;0;1;1
83483563;"21/07/16";"Quinta";"15:35:00";"SC";282;"345";"CAMPOS NOVOS";"Falta de atenção";"Colisão lateral";"Com Vítimas Feridas";"Pleno dia";"Decrescente";"Sol";"Simples";"Reta";"Rural";3;0;1;0;2;0;1;3
83483564;"18/07/16";"Segunda";"00:50:00";"DF";60;"15,7";"BRASILIA";"Dormindo";"Colisão traseira";"Com Vítimas Fatais";"Plena noite";"Decrescente";"Ceu Claro";"Dupla";"Reta";"Rural";3;1;0;1;1;0;1;2
83483565;"21/07/16";"Quinta";"15:00:00";"RO";364;"438";"JARU";"Velocidade incompatível";"Colisão traseira";"Sem Vítimas";"Pleno dia";"Crescente";"Sol";"Simples";"Reta";"Rural";3;0;0;0;3;0;0;2
83483566;"21/07/16";"Quinta";"20:15:00";"RO";364;"337";"JI-PARANA";"Falta de atenção";"Colisão traseira";"Com Vítimas Feridas";"Plena noite";"Crescente";"Ceu Claro";"Simples";"Reta";"Rural";4;0;1;0;3;0;1;2
83483567;"21/07/16";"Quinta";"07:00:00";"ES";101;"264,2";"SERRA";"Desobediência à sinalização";"Colisão Transversal";"Com Vítimas Feridas";"Pleno dia";"Crescente";"Nublado";"Dupla";"Cruzamento";"Urbano";3;0;3;0;0;0;3;3
83483568;"21/07/16";"Quinta";"20:00:00";"CE";116;"507";"BREJO SANTO";"Ultrapassagem indevida";"Colisão frontal";"Com Vítimas Feridas";"Plena noite";"Decrescente";"Ceu Claro";"Simples";"Curva";"Rural";7;0;3;1;3;0;4;2
83483569;"21/07/16";"Quinta";"10:25:00";"RS";153;"36,6";"TRES ARROIOS";"Desobediência à sinalização";"Colisão frontal";"Sem Vítimas";"Plena noite";"Crescente";"Ceu Claro";"Simples";"Curva";"Rural";2;0;0;0;2;0;0;2
83483570;"21/07/16";"Quinta";"21:50:00";"MG";116;"500";"INHAPIM";"Outras";"Capotamento";"Com Vítimas Feridas";"Plena noite";"Crescente";"Ceu Claro";"Simples";"Cruzamento";"Urbano";2;0;2;0;0;0;2;1
83483571;"17/07/16";"Domingo";"14:15:00";"MG";135;"629,9";"CURVELO";"Ultrapassagem indevida";"Colisão lateral";"Com Vítimas Feridas";"Pleno dia";"Crescente";"Ceu Claro";"Simples";"Reta";"Rural";3;0;0;1;2;0;1;2
83483572;"21/07/16";"Quinta";"19:23:00";"RS";290;"600";"ALEGRETE";"Falta de atenção";"Capotamento";"Com Vítimas Feridas";"Plena noite";"Crescente";"Ceu Claro";"Simples";"Reta";"Rural";1;0;1;0;0;0;1;1
83483573;"21/07/16";"Quinta";"09:30:00";"PB";101;"122,8";"CAAPORA";"Velocidade incompatível";"Capotamento";"Sem Vítimas";"Pleno dia";"Crescente";"Nublado";"Dupla";"Curva";"Rural";1;0;0;0;1;0;0;1
83483574;"21/07/16";"Quinta";"23:45:00";"PR";277;"725";"FOZ DO IGUACU";"Falta de atenção";"Colisão Transversal";"Com Vítimas Feridas";"Plena noite";"Decrescente";"Ceu Claro";"Dupla";"Curva";"Urbano";2;0;1;0;1;0;1;2
83483575;"21/07/16";"Quinta";"22:45:00";"RS";285;"555";"SAO LUIZ GONZAGA";"Dormindo";"Colisão lateral";"Sem Vítimas";"Plena noite";"Crescente";"Ceu Claro";"Simples";"Reta";"Rural";2;0;0;0;2;0;0;2
83483576;"21/07/16";"Quinta";"23:10:00";"MS";267;"124,5";"NOVA ANDRADINA";"Ingestão de álcool";"Colisão Transversal";"Sem Vítimas";"Plena noite";"Crescente";"Ceu Claro";"Simples";"Curva";"Urbano";2;0;0;0;2;0;0;2
83483577;"21/07/16";"Quinta";"22:10:00";"RO";364;"703";"PORTO VELHO";"Falta de atenção";"Colisão com objeto fixo";"Com Vítimas Feridas";"Plena noite";"Crescente";"Ceu Claro";"Dupla";"Reta";"Urbano";1;0;1;0;0;0;1;1
83483578;"21/07/16";"Quinta";"19:46:00";"RR";174;"502";"BOA VISTA";"Ingestão de álcool";"Saída de Pista";"Sem Vítimas";"Plena noite";"Decrescente";"Ceu Claro";"Dupla";"Reta";"Urbano";1;0;0;0;1;0;0;1
83483579;"21/07/16";"Quinta";"19:05:00";"PR";277;"584,2";"CASCAVEL";"Falta de atenção";"Atropelamento de pessoa";"Com Vítimas Fatais";"Plena noite";"Decrescente";"Ceu Claro";"Simples";"Reta";"Rural";2;1;0;0;1;0;0;1
83483580;"21/07/16";"Quinta";"19:30:00";"RS";116;"263";"CANOAS";"Falta de atenção";"Colisão traseira";"Sem Vítimas";"Plena noite";"Decrescente";"Ceu Claro";"Simples";"Reta";"Urbano";2;0;0;0;2;0;0;2
83483581;"21/07/16";"Quinta";"18:40:00";"DF";20;"33";"BRASILIA";"Não guardar distância de segurança";"Colisão traseira";"Sem Vítimas";"Plena noite";"Crescente";"Ceu Claro";"Dupla";"Reta";"Rural";2;0;0;0;2;0;0;2
83483582;"22/07/16";"Sexta";"00:50:00";"MA";222;"678";"ACAILANDIA";"Ingestão de álcool";"Colisão traseira";"Sem Vítimas";"Plena noite";"Decrescente";"Ceu Claro";"Simples";"Reta";"Urbano";2;0;0;0;2;0;0;2
83483583;"21/07/16";"Quinta";"21:00:00";"PR";116;"18";"CURITIBA";"Outras";"Colisão traseira";"Com Vítimas Feridas";"Plena noite";"Crescente";"Ceu Claro";"Dupla";"Reta";"Urbano";6;0;1;0;5;0;1;5
83483584;"21/07/16";"Quinta";"22:20:00";"DF";20;"17";"BRASILIA";"Ingestão de álcool";"Colisão traseira";"Sem Vítimas";"Plena noite";"Crescente";"Ceu Claro";"Dupla";"Reta";"Rural";3;0;0;0;3;0;0;3
83483585;"21/07/16";"Quinta";"19:50:00";"RS";116;"269,2";"CANOAS";"Outras";"Colisão com objeto fixo";"Com Vítimas Feridas";"Plena noite";"Decrescente";"Ceu Claro";"Múltipla";"Reta";"Urbano";2;0;0;1;1;0;1;1
83483586;"21/07/16";"Quinta";"17:20:00";"MG";116;"751,5";"LEOPOLDINA";"Falta de atenção";"Colisão Transversal";"Sem Vítimas";"Anoitecer";"Crescente";"Nublado";"Simples";"Reta";"Rural";2;0;0;0;2;0;0;2
83483587;"21/07/16";"Quinta";"23:10:00";"RJ";116;"12,9";"SAPUCAIA";"Defeito mecânico em veículo";"Saída de Pista";"Com Vítimas Feridas";"Plena noite";"Decrescente";"Chuva";"Simples";"Reta";"Rural";2;0;2;0;0;0;2;1
83483588;"21/07/16";"Quinta";"18:30:00";"BA";101;"841";"TEIXEIRA DE FREITAS";"Outras";"Tombamento";"Sem Vítimas";"Plena noite";"Decrescente";"Nublado";"Simples";"Curva";"Rural";1;0;0;0;1;0;0;1
83483589;"21/07/16";"Quinta";"23:55:00";"RS";116;"264";"CANOAS";"Outras";"Colisão com objeto fixo";"Com Vítimas Feridas";"Plena noite";"Crescente";"Ceu Claro";"Simples";"Reta";"Urbano";1;0;1;0;0;0;1;1
83483590;"21/07/16";"Quinta";"18:00:00";"ES";101;"289";"CARIACICA";"Falta de atenção";"Colisão traseira";"Com Vítimas Feridas";"Plena noite";"Crescente";"Chuva";"Dupla";"Cruzamento";"Urbano";2;0;0;1;1;0;1;2
83483591;"22/07/16";"Sexta";"00:30:00";"TO";153;"760";"ALVORADA";"Defeito na via";"Tombamento";"Com Vítimas Feridas";"Plena noite";"Decrescente";"Ceu Claro";"Simples";"Cruzamento";"Urbano";2;0;2;0;0;0;2;1
83483592;"17/07/16";"Domingo";"13:30:00";"PI";343;"1,9";"PARNAIBA";"Falta de atenção";"Colisão traseira";"Com Vítimas Feridas";"Pleno dia";"Decrescente";"Sol";"Simples";"Reta";"Rural";3;0;0;1;2;0;1;2
83483593;"22/07/16";"Sexta";"01:30:00";"SP";459;"19";"PIQUETE";"Defeito mecânico em veículo";"Incêndio";"Sem Vítimas";"Plena noite";"Crescente";"Ceu Claro";"Simples";"Reta";"Rural";1;0;0;0;1;0;0;1
83483594;"22/07/16";"Sexta";"02:40:00";"BA";116;"417";"FEIRA DE SANTANA";"Outras";"Atropelamento de animal";"Com Vítimas Feridas";"Plena noite";"Decrescente";"Ceu Claro";"Simples";"Reta";"Urbano";1;0;1;0;0;0;1;1
83483595;"21/07/16";"Quinta";"21:55:00";"BA";116;"525";"ITATIM";"Ultrapassagem indevida";"Colisão lateral";"Sem Vítimas";"Plena noite";"Decrescente";"Ceu Claro";"Simples";"Reta";"Rural";7;0;0;0;7;0;0;3
83483596;"21/07/16";"Quinta";"13:50:00";"RS";290;"276,2";"CACHOEIRA DO SUL";"Outras";"Colisão com objeto móvel";"Sem Vítimas";"Pleno dia";"Crescente";"Sol";"Simples";"Reta";"Rural";4;0;0;0;4;0;0;1
83483597;"21/07/16";"Quinta";"22:00:00";"BA";418;"110";"NOVA VICOSA";"Animais na Pista";"Atropelamento de animal";"Com Vítimas Feridas";"Plena noite";"Crescente";"Ceu Claro";"Simples";"Reta";"Rural";2;0;2;0;0;0;2;1
83483598;"17/07/16";"Domingo";"20:40:00";"AP";210;"3,7";"MACAPA";"Falta de atenção";"Atropelamento de pessoa";"Com Vítimas Feridas";"Plena noite";"Decrescente";"Ceu Claro";"Dupla";"Reta";"Urbano";2;0;1;1;0;0;2;1
83483599;"21/07/16";"Quinta";"18:10:00";"SP";153;"257,3";"MARILIA";"Outras";"Queda de motocicleta / bicicleta / veículo";"Com Vítimas Feridas";"Anoitecer";"Decrescente";"Nublado";"Dupla";"Reta";"Urbano";1;0;1;0;0;0;1;1
83483600;"21/07/16";"Quinta";"19:30:00";"MG";135;"385,6";"MONTES CLAROS";"Falta de atenção";"Colisão lateral";"Com Vítimas Feridas";"Plena noite";"Crescente";"Ceu Claro";"Simples";"Reta";"Rural";3;0;2;0;1;0;2;2
83483601;"21/07/16";"Quinta";"19:00:00";"GO";50;"234,8";"CATALAO";"Ingestão de álcool";"Colisão lateral";"Com Vítimas Feridas";"Plena noite";"Decrescente";"Ceu Claro";"Simples";"Reta";"Rural";3;0;1;0;2;0;1;3
83483602;"21/07/16";"Quinta";"20:30:00";"RS";153;"385,6";"CACHOEIRA DO SUL";"Velocidade incompatível";"Saída de Pista";"Com Vítimas Feridas";"Plena noite";"Decrescente";"Ignorada";"Simples";"Curva";"Rural";3;0;2;0;1;0;2;1
83483603;"21/07/16";"Quinta";"03:30:00";"MA";222;"331";"IGARAPE DO MEIO";"Falta de atenção";"Colisão traseira";"Sem Vítimas";"Plena noite";"Decrescente";"Nevoeiro/neblina";"Simples";"Reta";"Rural";2;0;0;0;2;0;0;2
83483604;"04/06/16";"Sábado";"06:50:00";"RJ";116;"315,3";"ITATIAIA";"Dormindo";"Saída de Pista";"Com Vítimas Feridas";"Pleno dia";"Decrescente";"Nublado";"Dupla";"Reta";"Rural";4;0;1;3;0;0;4;1
83483605;"22/07/16";"Sexta";"03:00:00";"RJ";40;"71";"PETROPOLIS";"Dormindo";"Saída de Pista";"Sem Vítimas";"Plena noite";"Crescente";"Chuva";"Simples";"Curva";"Urbano";1;0;0;0;1;0;0;1
83483606;"21/07/16";"Quinta";"14:10:00";"SE";101;"150,3";"ESTANCIA";"Falta de atenção";"Colisão lateral";"Sem Vítimas";"Pleno dia";"Decrescente";"Sol";"Simples";"Reta";"Urbano";2;0;0;0;2;0;0;2
83483607;"21/07/16";"Quinta";"17:50:00";"RO";364;"343";"JI-PARANA";"Falta de atenção";"Colisão traseira";"Com Vítimas Feridas";"Pleno dia";"Crescente";"Sol";"Simples";"Reta";"Urbano";2;0;1;0;1;0;1;2
83483608;"21/07/16";"Quinta";"17:00:00";"BA";101;"848";"TEIXEIRA DE FREITAS";"Outras";"Colisão traseira";"Com Vítimas Feridas";"Anoitecer";"Crescente";"Ceu Claro";"Simples";"Reta";"Rural";7;0;1;0;6;0;1;2
83483609;"22/07/16";"Sexta";"05:00:00";"RS";116;"247,5";"SAO LEOPOLDO";"Ingestão de álcool";"Colisão lateral";"Sem Vítimas";"Plena noite";"Decrescente";"Ceu Claro";"Dupla";"Curva";"Urbano";2;0;0;0;2;0;0;2
83483610;"22/07/16";"Sexta";"02:20:00";"SE";101;"150,6";"ESTANCIA";"Falta de atenção";"Queda de motocicleta / bicicleta / veículo";"Com Vítimas Feridas";"Plena noite";"Decrescente";"Ceu Claro";"Simples";"Reta";"Urbano";1;0;1;0;0;0;1;1
83483611;"21/07/16";"Quinta";"23:30:00";"PR";369;"1";"JACAREZINHO";"Outras";"Colisão com objeto fixo";"Sem Vítimas";"Plena noite";"Decrescente";"Ceu Claro";"Múltipla";"Reta";"Urbano";1;0;0;0;1;0;0;1
83483612;"21/07/16";"Quinta";"19:45:00";"PI";343;"12,5";"PARNAIBA";"Desobediência à sinalização";"Colisão Transversal";"Com Vítimas Feridas";"Plena noite";"Decrescente";"Ignorada";"Múltipla";"Cruzamento";"Urbano";2;0;1;1;0;0;2;2
83483613;"22/07/16";"Sexta";"02:45:00";"MG";381;"882,9";"ESTIVA";"Falta de atenção";"Colisão traseira";"Com Vítimas Feridas";"Plena noite";"Crescente";"Ceu Claro";"Dupla";"Reta";"Rural";6;0;4;0;2;0;4;2
83483614;"22/07/16";"Sexta";"03:00:00";"PI";404;"49,4";"PEDRO II";"Ingestão de álcool";"Colisão com objeto fixo";"Com Vítimas Feridas";"Plena noite";"Decrescente";"Ceu Claro";"Simples";"Reta";"Urbano";1;0;0;1;0;0;1;1
83483615;"21/07/16";"Quinta";"09:50:00";"PI";343;"3,4";"TERESINA";"Outras";"Colisão traseira";"Sem Vítimas";"Pleno dia";"Crescente";"Sol";"Múltipla";"Cruzamento";"Urbano";2;0;0;0;2;0;0;2
83483616;"22/07/16";"Sexta";"04:40:00";"MG";381;"779";"CAMPANHA";"Velocidade incompatível";"Saída de Pista";"Sem Vítimas";"Plena noite";"Crescente";"Nevoeiro/neblina";"Dupla";"Curva";"Rural";1;0;0;0;1;0;0;1
83483617;"18/07/16";"Segunda";"08:00:00";"TO";153;"175";"NOVA OLINDA";"Falta de atenção";"Saída de Pista";"Com Vítimas Feridas";"Pleno dia";"Crescente";"Ceu Claro";"Simples";"Reta";"Rural";2;0;2;0;0;0;2;1
83483618;"22/07/16";"Sexta";"04:30:00";"SP";116;"42";"CACHOEIRA PAULISTA";"Dormindo";"Colisão traseira";"Sem Vítimas";"Plena noite";"Crescente";"Ceu Claro";"Dupla";"Reta";"Rural";2;0;0;0;2;0;0;2
83483619;"21/07/16";"Quinta";"19:00:00";"MS";163;"575,3";"BANDEIRANTES";"Falta de atenção";"Colisão Transversal";"Sem Vítimas";"Anoitecer";"Crescente";"Ceu Claro";"Simples";"Cruzamento";"Rural";2;0;0;0;2;0;0;2
83483620;"21/07/16";"Quinta";"22:30:00";"MG";116;"560,4";"MANHUACU";"Outras";"Saída de Pista";"Sem Vítimas";"Plena noite";"Crescente";"Nublado";"Simples";"Curva";"Rural";1;0;0;0;1;0;0;1
83483621;"21/07/16";"Quinta";"19:15:00";"SP";381;"5";"VARGEM";"Falta de atenção";"Colisão traseira";"Sem Vítimas";"Plena noite";"Decrescente";"Ceu Claro";"Dupla";"Reta";"Rural";3;0;0;0;3;0;0;3
83483623;"21/07/16";"Quinta";"17:40:00";"BA";324;"530";"FEIRA DE SANTANA";"Falta de atenção";"Colisão Transversal";"Sem Vítimas";"Anoitecer";"Crescente";"Ceu Claro";"Dupla";"Reta";"Rural";2;0;0;0;2;0;0;2
83483624;"19/07/16";"Terça";"06:20:00";"PR";476;"130";"CURITIBA";"Falta de atenção";"Colisão com objeto fixo";"Com Vítimas Feridas";"Amanhecer";"Crescente";"Ceu Claro";"Dupla";"Curva";"Urbano";1;0;1;0;0;0;1;1
83483625;"22/07/16";"Sexta";"06:45:00";"MG";116;"109,7";"ITAOBIM";"Velocidade incompatível";"Tombamento";"Sem Vítimas";"Pleno dia";"Decrescente";"Nublado";"Simples";"Curva";"Rural";1;0;0;0;1;0;0;1
83483626;"18/07/16";"Segunda";"17:45:00";"PI";316;"308";"PICOS";"Falta de atenção";"Colisão Transversal";"Com Vítimas Feridas";"Anoitecer";"Crescente";"Ceu Claro";"Simples";"Reta";"Urbano";2;0;1;0;0;1;1;2
83483627;"21/07/16";"Quinta";"20:15:00";"PR";373;"445,3";"CHOPINZINHO";"Ultrapassagem indevida";"Colisão frontal";"Com Vítimas Fatais";"Plena noite";"Decrescente";"Ceu Claro";"Simples";"Reta";"Rural";3;1;1;1;0;0;2;2
83483628;"18/07/16";"Segunda";"15:30:00";"SC";280;"27,6";"ARAQUARI";"Falta de atenção";"Colisão Transversal";"Com Vítimas Feridas";"Pleno dia";"Crescente";"Ceu Claro";"Simples";"Reta";"Urbano";4;0;3;1;0;0;4;2
83483629;"20/07/16";"Quarta";"07:30:00";"MA";222;"206,3";"ITAPECURU MIRIM";"Outras";"Colisão lateral";"Com Vítimas Feridas";"Pleno dia";"Crescente";"Ceu Claro";"Simples";"Reta";"Urbano";2;0;0;1;0;1;1;2
83483630;"21/07/16";"Quinta";"18:30:00";"RS";471;"617,5";"SANTA VITORIA DO PALMAR";"Outras";"Saída de Pista";"Sem Vítimas";"Plena noite";"Crescente";"Ceu Claro";"Simples";"Reta";"Rural";1;0;0;0;1;0;0;1
83483631;"20/07/16";"Quarta";"11:30:00";"PI";135;"388,8";"BOM JESUS";"Falta de atenção";"Tombamento";"Com Vítimas Feridas";"Pleno dia";"Decrescente";"Sol";"Simples";"Reta";"Rural";1;0;1;0;0;0;1;1
83483632;"22/07/16";"Sexta";"06:50:00";"RJ";101;"334";"RIO DE JANEIRO";"Outras";"Colisão traseira";"Sem Vítimas";"Pleno dia";"Crescente";"Nublado";"Dupla";"Reta";"Urbano";2;0;0;0;2;0;0;2
83483633;"17/07/16";"Domingo";"15:20:00";"MG";381;"452";"SABARA";"Falta de atenção";"Colisão traseira";"Com Vítimas Feridas";"Pleno dia";"Crescente";"Sol";"Simples";"Reta";"Urbano";3;0;1;0;1;1;1;2
83483635;"09/07/16";"Sábado";"15:45:00";"BA";110;"340";"ALAGOINHAS";"Outras";"Colisão Transversal";"Com Vítimas Feridas";"Pleno dia";"Crescente";"Nublado";"Múltipla";"Curva";"Urbano";2;0;1;0;1;0;1;2
83483636;"18/07/16";"Segunda";"10:30:00";"MG";116;"564";"MANHUACU";"Outras";"Atropelamento de pessoa";"Com Vítimas Feridas";"Pleno dia";"Decrescente";"Ceu Claro";"Simples";"Curva";"Rural";2;0;1;1;0;0;2;1
83483638;"16/07/16";"Sábado";"22:40:00";"AL";316;"260,8";"PILAR";"Ingestão de álcool";"Colisão frontal";"Sem Vítimas";"Plena noite";"Decrescente";"Ceu Claro";"Simples";"Reta";"Rural";9;0;0;0;2;7;0;2
83483639;"18/06/16";"Sábado";"11:30:00";"BA";20;"165";"SAO DESIDERIO";"Defeito mecânico em veículo";"Incêndio";"Sem Vítimas";"Pleno dia";"Decrescente";"Sol";"Simples";"Reta";"Rural";1;0;0;0;1;0;0;1
83483640;"17/07/16";"Domingo";"05:30:00";"MG";153;"209,1";"FRUTAL";"Dormindo";"Colisão frontal";"Com Vítimas Feridas";"Amanhecer";"Crescente";"Ceu Claro";"Simples";"Reta";"Rural";3;0;1;0;2;0;1;2
83483641;"14/07/16";"Quinta";"11:15:00";"BA";101;"192,5";"CONCEICAO DA FEIRA";"Desobediência à sinalização";"Colisão Transversal";"Sem Vítimas";"Pleno dia";"Decrescente";"Ceu Claro";"Dupla";"Cruzamento";"Rural";2;0;0;0;2;0;0;2
83483642;"17/07/16";"Domingo";"21:00:00";"BA";101;"670";"ITAPEBI";"Velocidade incompatível";"Saída de Pista";"Com Vítimas Feridas";"Plena noite";"Decrescente";"Ceu Claro";"Simples";"Curva";"Rural";3;0;3;0;0;0;3;1
83483643;"19/07/16";"Terça";"06:00:00";"RJ";116;"267,6";"BARRA MANSA";"Outras";"Colisão com objeto fixo";"Sem Vítimas";"Amanhecer";"Crescente";"Nublado";"Dupla";"Reta";"Rural";1;0;0;0;1;0;0;1
83483644;"20/07/16";"Quarta";"16:00:00";"PR";163;"288";"MARECHAL CANDIDO RONDON";"Falta de atenção";"Colisão traseira";"Com Vítimas Feridas";"Pleno dia";"Crescente";"Ceu Claro";"Simples";"Reta";"Rural";7;0;1;0;5;1;1;4
83483645;"18/07/16";"Segunda";"06:30:00";"MG";40;"511";"RIBEIRAO DAS NEVES";"Falta de atenção";"Colisão lateral";"Com Vítimas Feridas";"Pleno dia";"Crescente";"Ceu Claro";"Dupla";"Reta";"Urbano";2;0;1;0;1;0;1;2
83483646;"22/07/16";"Sexta";"06:45:00";"RS";116;"269";"CANOAS";"Falta de atenção";"Colisão traseira";"Com Vítimas Feridas";"Pleno dia";"Crescente";"Ceu Claro";"Dupla";"Reta";"Urbano";6;0;1;0;5;0;1;6
83483647;"18/07/16";"Segunda";"11:00:00";"DF";20;"32,9";"BRASILIA";"Outras";"Colisão com objeto fixo";"Com Vítimas Feridas";"Pleno dia";"Crescente";"Ceu Claro";"Dupla";"Reta";"Rural";3;0;1;0;2;0;1;1
83483648;"20/07/16";"Quarta";"08:15:00";"AL";316;"85,7";"SANTANA DO IPANEMA";"Falta de atenção";"Queda de motocicleta / bicicleta / veículo";"Com Vítimas Feridas";"Pleno dia";"Decrescente";"Sol";"Simples";"Reta";"Urbano";2;0;1;0;1;0;1;2