"id";"data_inversa";"dia_semana";"horario";"uf";"br";"km";"municipio";"causa_acidente";"tipo_acidente";"classificacao_acidente";"fase_dia";"sentido_via";"condicao_metereologica";"tipo_pista";"tracado_via";"uso_solo";"pessoas";"mortos";"feridos_leves";"feridos_graves";"ilesos";"ignorados";"feridos";"veiculos"
83483649;"18/07/16";"Segunda";"14:20:00";"RJ";116;"268";"BARRA MANSA";"Outras";"Colisão traseira";"Com Vítimas Feridas";"Pleno dia";"Crescente";"Nublado";"Dupla";"Reta";"Rural";10;0;6;0;4;0;6;4
83483650;"18/07/16";"Segunda";"16:30:00";"GO";60;"34,7";"ALEXANIA";"Outras";"Colisão traseira";"Sem Vítimas";"Pleno dia";"Decrescente";"Ceu Claro";"Dupla";"Reta";"Rural";2;0;0;0;1;1;0;2
83483651;"17/07/16";"Domingo";"20:30:00";"RJ";40;"122";"DUQUE DE CAXIAS";"Outras";"Colisão traseira";"Sem Vítimas";"Pleno dia";"Crescente";"Nublado";"Múltipla";"Reta";"Urbano";3;0;0;0;3;0;0;3
83483652;"18/07/16";"Segunda";"19:10:00";"MG";116;"244,9";"TEOFILO OTONI";"Ingestão de álcool";"Atropelamento de pessoa";"Com Vítimas Feridas";"Plena noite";"Crescente";"Nublado";"Múltipla";"Reta";"Urbano";2;0;1;0;1;0;1;1
83483654;"18/07/16";"Segunda";"08:46:00";"SC";101;"79";"BARRA VELHA";"Falta de atenção";"Colisão lateral";"Sem Vítimas";"Pleno dia";"Crescente";"Ceu Claro";"Múltipla";"Reta";"Urbano";2;0;0;0;2;0;0;2
83483655;"08/01/16";"Sexta";"23:45:00";"SC";101;"195";"BIGUACU";"Falta de atenção";"Capotamento";"Com Vítimas Feridas";"Plena noite";"Crescente";"Ceu Claro";"Dupla";"Reta";"Urbano";2;0;1;0;1;0;1;2
83483656;"22/07/16";"Sexta";"06:40:00";"SC";116;"218,2";"CORREIA PINTO";"Não guardar distância de segurança";"Colisão traseira";"Sem Vítimas";"Amanhecer";"Decrescente";"Nublado";"Simples";"Reta";"Urbano";2;0;0;0;2;0;0;2
83483657;"18/07/16";"Segunda";"09:00:00";"RJ";101;"320";"NITEROI";"Outras";"Saída de Pista";"Com Vítimas Feridas";"Pleno dia";"Crescente";"Ceu Claro";"Dupla";"Reta";"Urbano";2;0;1;0;1;0;1;1
83483658;"18/07/16";"Segunda";"08:30:00";"MG";381;"478,6";"BETIM";"Outras";"Queda de motocicleta / bicicleta / veículo";"Com Vítimas Feridas";"Pleno dia";"Decrescente";"Ceu Claro";"Dupla";"Curva";"Urbano";1;0;1;0;0;0;1;1
83483659;"22/07/16";"Sexta";"07:22:00";"RS";386;"436,8";"NOVA SANTA RITA";"Velocidade incompatível";"Colisão lateral";"Sem Vítimas";"Pleno dia";"Crescente";"Ceu Claro";"Dupla";"Reta";"Urbano";2;0;0;0;2;0;0;2
83483660;"22/07/16";"Sexta";"08:00:00";"PI";343;"336";"TERESINA";"Outras";"Colisão lateral";"Com Vítimas Feridas";"Pleno dia";"Crescente";"Ceu Claro";"Simples";"Reta";"Urbano";2;0;2;0;0;0;2;2
83483661;"22/07/16";"Sexta";"07:50:00";"SC";280;"72,5";"JARAGUA DO SUL";"Outras";"Colisão Transversal";"Com Vítimas Fatais";"Pleno dia";"Crescente";"Ceu Claro";"Simples";"Reta";"Urbano";2;1;1;0;0;0;1;2
83483662;"22/07/16";"Sexta";"07:50:00";"PR";369;"148,8";"LONDRINA";"Não guardar distância de segurança";"Colisão lateral";"Com Vítimas Feridas";"Pleno dia";"Crescente";"Nublado";"Dupla";"Reta";"Urbano";2;0;1;0;1;0;1;2
83483665;"17/07/16";"Domingo";"08:40:00";"MT";174;"555";"COMODORO";"Não guardar distância de segurança";"Colisão traseira";"Com Vítimas Feridas";"Pleno dia";"Decrescente";"Ceu Claro";"Simples";"Reta";"Rural";3;0;2;0;1;0;2;2
83483666;"06/07/16";"Quarta";"15:15:00";"PR";272;"555";"TERRA ROXA";"Velocidade incompatível";"Saída de Pista";"Com Vítimas Feridas";"Pleno dia";"Decrescente";"Ceu Claro";"Simples";"Reta";"Rural";2;0;1;0;0;1;1;2
83483667;"22/07/16";"Sexta";"07:20:00";"RS";287;"240,2";"SANTA MARIA";"Falta de atenção";"Colisão Transversal";"Com Vítimas Feridas";"Pleno dia";"Crescente";"Nevoeiro/neblina";"Simples";"Reta";"Urbano";3;0;2;0;1;0;2;2
83483668;"18/07/16";"Segunda";"15:30:00";"MG";381;"810,5";"CAREACU";"Falta de atenção";"Colisão lateral";"Sem Vítimas";"Pleno dia";"Decrescente";"Ceu Claro";"Dupla";"Curva";"Rural";2;0;0;0;2;0;0;2
83483669;"22/07/16";"Sexta";"05:50:00";"ES";101;"188,3";"ARACRUZ";"Falta de atenção";"Saída de Pista";"Com Vítimas Feridas";"Amanhecer";"Decrescente";"Ceu Claro";"Simples";"Curva";"Rural";3;0;0;1;2;0;1;1
83483670;"18/07/16";"Segunda";"17:40:00";"PR";376;"493,5";"PONTA GROSSA";"Defeito mecânico em veículo";"Colisão traseira";"Sem Vítimas";"Pleno dia";"Decrescente";"Ceu Claro";"Dupla";"Reta";"Urbano";3;0;0;0;3;0;0;3
83483672;"22/07/16";"Sexta";"10:05:00";"GO";153;"689,1";"ITUMBIARA";"Não guardar distância de segurança";"Colisão traseira";"Sem Vítimas";"Pleno dia";"Decrescente";"Ceu Claro";"Dupla";"Reta";"Rural";2;0;0;0;2;0;0;2
83483673;"22/07/16";"Sexta";"06:30:00";"SP";116;"217";"GUARULHOS";"Velocidade incompatível";"Colisão traseira";"Sem Vítimas";"Pleno dia";"Crescente";"Nublado";"Múltipla";"Reta";"Urbano";2;0;0;0;2;0;0;2
83483674;"25/06/16";"Sábado";"07:33:00";"MG";50;"73";"UBERLANDIA";"Falta de atenção";"Queda de motocicleta / bicicleta / veículo";"Com Vítimas Feridas";"Pleno dia";"Crescente";"Ignorada";"Dupla";"Reta";"Urbano";1;0;0;1;0;0;1;1
83483675;"24/06/16";"Sexta";"22:30:00";"AC";364;"154";"BUJARI";"Falta de atenção";"Colisão traseira";"Com Vítimas Feridas";"Plena noite";"Crescente";"Ceu Claro";"Simples";"Reta";"Rural";2;0;1;0;1;0;1;2
83483676;"22/07/16";"Sexta";"07:40:00";"SP";153;"153,9";"PROMISSAO";"Não guardar distância de segurança";"Queda de motocicleta / bicicleta / veículo";"Com Vítimas Feridas";"Pleno dia";"Crescente";"Ceu Claro";"Simples";"Reta";"Rural";2;0;1;0;1;0;1;2
83483677;"21/07/16";"Quinta";"05:00:00";"BA";101;"546";"SAO JOSE DA VITORIA";"Outras";"Colisão com objeto fixo";"Com Vítimas Feridas";"Amanhecer";"Decrescente";"Nevoeiro/neblina";"Simples";"Curva";"Rural";2;0;2;0;0;0;2;1
83483678;"21/07/16";"Quinta";"03:30:00";"SP";153;"87";"MIRASSOL";"Defeito mecânico em veículo";"Tombamento";"Sem Vítimas";"Plena noite";"Decrescente";"Ceu Claro";"Simples";"Reta";"Rural";1;0;0;0;1;0;0;1
83483679;"18/07/16";"Segunda";"07:10:00";"MG";40;"509,7";"RIBEIRAO DAS NEVES";"Não guardar distância de segurança";"Colisão traseira";"Com Vítimas Feridas";"Pleno dia";"Crescente";"Ceu Claro";"Dupla";"Reta";"Urbano";2;0;0;1;1;0;1;2
83483680;"18/07/16";"Segunda";"18:00:00";"PR";277;"580";"CASCAVEL";"Outras";"Colisão traseira";"Com Vítimas Feridas";"Plena noite";"Decrescente";"Ceu Claro";"Simples";"Reta";"Urbano";2;0;1;0;0;1;1;2
83483681;"22/07/16";"Sexta";"10:25:00";"PR";376;"652";"TIJUCAS DO SUL";"Velocidade incompatível";"Capotamento";"Com Vítimas Feridas";"Pleno dia";"Decrescente";"Nublado";"Dupla";"Curva";"Rural";1;0;1;0;0;0;1;1
83483682;"22/07/16";"Sexta";"07:20:00";"PB";230;"25";"JOAO PESSOA";"Falta de atenção";"Colisão traseira";"Com Vítimas Feridas";"Pleno dia";"Decrescente";"Sol";"Dupla";"Cruzamento";"Urbano";2;0;0;1;0;1;1;2
83483683;"22/07/16";"Sexta";"03:00:00";"PB";101;"81";"BAYEUX";"Dormindo";"Saída de Pista";"Sem Vítimas";"Plena noite";"Crescente";"Ceu Claro";"Dupla";"Reta";"Rural";1;0;0;0;1;0;0;1
83483684;"22/07/16";"Sexta";"08:44:00";"RO";364;"703";"PORTO VELHO";"Desobediência à sinalização";"Queda de motocicleta / bicicleta / veículo";"Com Vítimas Feridas";"Pleno dia";"Crescente";"Sol";"Dupla";"Reta";"Urbano";2;0;2;0;0;0;2;1
83483685;"22/07/16";"Sexta";"07:45:00";"PR";277;"594,3";"CASCAVEL";"Falta de atenção";"Colisão lateral";"Com Vítimas Feridas";"Pleno dia";"Crescente";"Ceu Claro";"Simples";"Reta";"Urbano";2;0;1;0;1;0;1;2
83483686;"22/07/16";"Sexta";"08:40:00";"BA";324;"614";"SALVADOR";"Não guardar distância de segurança";"Colisão traseira";"Sem Vítimas";"Pleno dia";"Crescente";"Ceu Claro";"Simples";"Reta";"Rural";2;0;0;0;2;0;0;2
83483687;"10/07/16";"Domingo";"14:00:00";"ES";101;"296,5";"CARIACICA";"Não guardar distância de segurança";"Colisão lateral";"Com Vítimas Feridas";"Pleno dia";"Crescente";"Ceu Claro";"Múltipla";"Reta";"Urbano";2;0;1;0;1;0;1;2
83483689;"22/07/16";"Sexta";"08:45:00";"SC";282;"525";"XAXIM";"Falta de atenção";"Colisão traseira";"Sem Vítimas";"Pleno dia";"Decrescente";"Nevoeiro/neblina";"Simples";"Reta";"Rural";2;0;0;0;2;0;0;2
83483690;"22/07/16";"Sexta";"06:50:00";"PR";376;"102";"PARANAVAI";"Falta de atenção";"Colisão Transversal";"Sem Vítimas";"Amanhecer";"Decrescente";"Ignorada";"Simples";"Cruzamento";"Urbano";2;0;0;0;2;0;0;2
83483692;"22/07/16";"Sexta";"10:00:00";"PR";158;"524";"PATO BRANCO";"Falta de atenção";"Colisão traseira";"Sem Vítimas";"Pleno dia";"Decrescente";"Ceu Claro";"Simples";"Reta";"Urbano";2;0;0;0;2;0;0;2
83483693;"22/07/16";"Sexta";"09:50:00";"MG";40;"531";"BELO HORIZONTE";"Não guardar distância de segurança";"Colisão lateral";"Com Vítimas Feridas";"Pleno dia";"Crescente";"Ceu Claro";"Dupla";"Reta";"Urbano";2;0;1;0;0;1;1;2
83483694;"20/07/16";"Quarta";"01:10:00";"PB";101;"122,5";"CAAPORA";"Falta de atenção";"Capotamento";"Com Vítimas Feridas";"Plena noite";"Crescente";"Chuva";"Dupla";"Curva";"Rural";1;0;1;0;0;0;1;1
83483695;"20/07/16";"Quarta";"09:30:00";"PE";232;"87,2";"GRAVATA";"Dormindo";"Saída de Pista";"Sem Vítimas";"Pleno dia";"Decrescente";"Sol";"Dupla";"Reta";"Rural";1;0;0;0;1;0;0;1
83483696;"22/07/16";"Sexta";"12:40:00";"PA";316;"8,7";"ANANINDEUA";"Não guardar distância de segurança";"Colisão traseira";"Sem Vítimas";"Pleno dia";"Crescente";"Sol";"Dupla";"Reta";"Urbano";3;0;0;0;3;0;0;3
83483697;"22/07/16";"Sexta";"08:15:00";"RS";116;"366,3";"TAPES";"Animais na Pista";"Colisão traseira";"Sem Vítimas";"Pleno dia";"Decrescente";"Nevoeiro/neblina";"Simples";"Reta";"Rural";3;0;0;0;3;0;0;3
83483698;"22/07/16";"Sexta";"12:30:00";"MG";381;"354";"JOAO MONLEVADE";"Não guardar distância de segurança";"Colisão lateral";"Com Vítimas Feridas";"Pleno dia";"Crescente";"Ceu Claro";"Simples";"Reta";"Rural";4;0;1;0;3;0;1;2
83483699;"22/07/16";"Sexta";"13:40:00";"RJ";101;"395";"ITAGUAI";"Outras";"Colisão traseira";"Com Vítimas Feridas";"Pleno dia";"Decrescente";"Nublado";"Dupla";"Cruzamento";"Urbano";3;0;2;0;1;0;2;2
83483700;"22/07/16";"Sexta";"11:30:00";"PR";277;"115";"CAMPO LARGO";"Velocidade incompatível";"Saída de Pista";"Sem Vítimas";"Pleno dia";"Crescente";"Ceu Claro";"Dupla";"Curva";"Urbano";1;0;0;0;1;0;0;1
83483701;"22/07/16";"Sexta";"07:15:00";"SP";153;"71,8";"SAO JOSE DO RIO PRETO";"Outras";"Colisão traseira";"Sem Vítimas";"Plena noite";"Crescente";"Ceu Claro";"Simples";"Reta";"Urbano";2;0;0;0;2;0;0;2
83483702;"22/07/16";"Sexta";"12:00:00";"SP";153;"61";"SAO JOSE DO RIO PRETO";"Não guardar distância de segurança";"Colisão traseira";"Sem Vítimas";"Pleno dia";"Crescente";"Sol";"Dupla";"Reta";"Rural";2;0;0;0;2;0;0;2
83483703;"22/07/16";"Sexta";"12:50:00";"BA";101;"926";"NOVA VICOSA";"Outras";"Colisão traseira";"Sem Vítimas";"Pleno dia";"Decrescente";"Ceu Claro";"Simples";"Reta";"Rural";2;0;0;0;2;0;0;2
83483704;"22/07/16";"Sexta";"13:10:00";"PE";232;"75,2";"GRAVATA";"Defeito mecânico em veículo";"Capotamento";"Com Vítimas Feridas";"Pleno dia";"Crescente";"Ceu Claro";"Dupla";"Reta";"Urbano";1;0;1;0;0;0;1;1
83483706;"22/07/16";"Sexta";"13:00:00";"RJ";40;"109";"DUQUE DE CAXIAS";"Outras";"Colisão traseira";"Com Vítimas Feridas";"Pleno dia";"Decrescente";"Nublado";"Múltipla";"Reta";"Urbano";5;0;2;0;2;1;2;4
83483708;"22/07/16";"Sexta";"14:00:00";"PR";163;"192";"SANTA TEREZA DO OESTE";"Não guardar distância de segurança";"Colisão traseira";"Sem Vítimas";"Pleno dia";"Decrescente";"Ceu Claro";"Simples";"Reta";"Rural";3;0;0;0;3;0;0;3
83483709;"19/07/16";"Terça";"18:00:00";"SP";116;"103";"PINDAMONHANGABA";"Outras";"Capotamento";"Sem Vítimas";"Anoitecer";"Decrescente";"Ceu Claro";"Dupla";"Reta";"Rural";1;0;0;0;1;0;0;1
83483710;"18/07/16";"Segunda";"21:30:00";"SC";101;"257,1";"PAULO LOPES";"Falta de atenção";"Colisão lateral";"Sem Vítimas";"Plena noite";"Crescente";"Ignorada";"Dupla";"Reta";"Urbano";2;0;0;0;2;0;0;2
83483711;"22/07/16";"Sexta";"11:20:00";"MG";40;"794,1";"JUIZ DE FORA";"Velocidade incompatível";"Saída de Pista";"Com Vítimas Feridas";"Pleno dia";"Crescente";"Nublado";"Dupla";"Curva";"Urbano";1;0;1;0;0;0;1;1
83483712;"22/07/16";"Sexta";"10:30:00";"BA";116;"804";"VITORIA DA CONQUISTA";"Desobediência à sinalização";"Colisão lateral";"Sem Vítimas";"Pleno dia";"Decrescente";"Ceu Claro";"Simples";"Reta";"Rural";2;0;0;0;2;0;0;2
83483713;"21/07/16";"Quinta";"07:20:00";"RO";364;"197";"PIMENTA BUENO";"Falta de atenção";"Colisão Transversal";"Com Vítimas Feridas";"Pleno dia";"Decrescente";"Sol";"Simples";"Reta";"Urbano";2;0;1;0;1;0;1;2
83483715;"18/07/16";"Segunda";"17:40:00";"MT";163;"746";"SORRISO";"Velocidade incompatível";"Saída de Pista";"Sem Vítimas";"Anoitecer";"Decrescente";"Ceu Claro";"Dupla";"Curva";"Rural";1;0;0;0;1;0;0;1
83483716;"22/07/16";"Sexta";"09:30:00";"SC";101;"111";"NAVEGANTES";"Outras";"Atropelamento de pessoa";"Com Vítimas Feridas";"Pleno dia";"Crescente";"Sol";"Dupla";"Reta";"Urbano";2;0;0;1;1;0;1;1
83483718;"22/07/16";"Sexta";"14:00:00";"RJ";393;"163";"TRES RIOS";"Falta de atenção";"Colisão com objeto móvel";"Sem Vítimas";"Pleno dia";"Decrescente";"Ceu Claro";"Simples";"Curva";"Rural";1;0;0;0;1;0;0;1
83483719;"22/07/16";"Sexta";"15:20:00";"RS";287;"391,1";"SANTIAGO";"Defeito na via";"Queda de motocicleta / bicicleta / veículo";"Com Vítimas Feridas";"Pleno dia";"Decrescente";"Sol";"Simples";"Reta";"Rural";1;0;0;1;0;0;1;1
83483720;"22/07/16";"Sexta";"12:22:00";"RS";116;"324,9";"BARRA DO RIBEIRO";"Outras";"Saída de Pista";"Sem Vítimas";"Pleno dia";"Decrescente";"Ceu Claro";"Simples";"Reta";"Rural";4;0;0;0;4;0;0;1
83483721;"22/07/16";"Sexta";"05:50:00";"TO";153;"350";"GUARAI";"Ultrapassagem indevida";"Capotamento";"Sem Vítimas";"Amanhecer";"Decrescente";"Ceu Claro";"Simples";"Reta";"Rural";1;0;0;0;1;0;0;1
83483722;"22/07/16";"Sexta";"12:30:00";"MG";135;"397,3";"BOCAIUVA";"Falta de atenção";"Colisão lateral";"Com Vítimas Feridas";"Pleno dia";"Decrescente";"Sol";"Simples";"Reta";"Rural";2;0;1;0;1;0;1;2
83483723;"22/07/16";"Sexta";"14:15:00";"PA";316;"60";"CASTANHAL";"Desobediência à sinalização";"Colisão traseira";"Sem Vítimas";"Pleno dia";"Decrescente";"Ceu Claro";"Dupla";"Reta";"Urbano";3;0;0;0;3;0;0;3
83483724;"17/07/16";"Domingo";"04:00:00";"MG";153;"220";"FRUTAL";"Animais na Pista";"Atropelamento de animal";"Sem Vítimas";"Plena noite";"Decrescente";"Ceu Claro";"Simples";"Reta";"Rural";3;0;0;0;1;2;0;1
83483725;"22/07/16";"Sexta";"10:30:00";"RN";101;"97";"NATAL";"Não guardar distância de segurança";"Colisão traseira";"Com Vítimas Feridas";"Pleno dia";"Decrescente";"Ceu Claro";"Dupla";"Reta";"Urbano";2;0;1;0;1;0;1;2
83483726;"22/07/16";"Sexta";"13:00:00";"PI";316;"313,2";"PICOS";"Falta de atenção";"Colisão traseira";"Com Vítimas Feridas";"Pleno dia";"Crescente";"Sol";"Simples";"Reta";"Urbano";8;0;1;0;7;0;1;4
83483727;"18/07/16";"Segunda";"10:20:00";"PE";407;"126";"PETROLINA";"Não guardar distância de segurança";"Colisão traseira";"Com Vítimas Feridas";"Pleno dia";"Crescente";"Sol";"Simples";"Cruzamento";"Urbano";2;0;1;0;0;1;1;2
83483728;"22/07/16";"Sexta";"14:45:00";"RO";364;"205,9";"PIMENTA BUENO";"Velocidade incompatível";"Saída de Pista";"Sem Vítimas";"Pleno dia";"Decrescente";"Sol";"Simples";"Reta";"Rural";1;0;0;0;1;0;0;1
83483729;"22/07/16";"Sexta";"15:00:00";"MG";381;"272";"JAGUARACU";"Falta de atenção";"Tombamento";"Com Vítimas Feridas";"Pleno dia";"Decrescente";"Sol";"Simples";"Curva";"Rural";2;0;1;0;1;0;1;1
83483730;"22/07/16";"Sexta";"12:51:00";"GO";153;"561,5";"PROFESSOR JAMIL";"Velocidade incompatível";"Saída de Pista";"Com Vítimas Feridas";"Pleno dia";"Decrescente";"Ceu Claro";"Dupla";"Reta";"Rural";1;0;0;1;0;0;1;1
83483731;"22/07/16";"Sexta";"16:00:00";"PA";316;"3";"ANANINDEUA";"Falta de atenção";"Colisão lateral";"Com Vítimas Feridas";"Pleno dia";"Crescente";"Ceu Claro";"Dupla";"Reta";"Urbano";3;0;2;0;1;0;2;2
83483732;"22/07/16";"Sexta";"11:00:00";"MT";163;"119";"RONDONOPOLIS";"Desobediência à sinalização";"Colisão frontal";"Com Vítimas Feridas";"Pleno dia";"Crescente";"Ceu Claro";"Simples";"Reta";"Urbano";2;0;1;0;1;0;1;2
83483733;"22/07/16";"Sexta";"09:30:00";"MA";230;"502";"RIACHAO";"Outras";"Danos Eventuais";"Com Vítimas Feridas";"Pleno dia";"Crescente";"Ceu Claro";"Simples";"Reta";"Rural";1;0;1;0;0;0;1;1
83483734;"22/07/16";"Sexta";"15:35:00";"MG";381;"564,5";"ITAGUARA";"Dormindo";"Saída de Pista";"Com Vítimas Feridas";"Pleno dia";"Crescente";"Ceu Claro";"Dupla";"Reta";"Urbano";5;0;5;0;0;0;5;1
83483735;"22/07/16";"Sexta";"15:40:00";"RN";101;"107";"PARNAMIRIM";"Falta de atenção";"Atropelamento de pessoa";"Com Vítimas Feridas";"Pleno dia";"Crescente";"Ceu Claro";"Dupla";"Reta";"Urbano";2;0;0;1;1;0;1;1
83483736;"18/07/16";"Segunda";"16:20:00";"SE";101;"72";"MARUIM";"Defeito mecânico em veículo";"Incêndio";"Sem Vítimas";"Anoitecer";"Decrescente";"Nublado";"Simples";"Reta";"Rural";1;0;0;0;1;0;0;1
83483737;"22/07/16";"Sexta";"15:45:00";"PR";277;"119";"CAMPO LARGO";"Não guardar distância de segurança";"Colisão traseira";"Sem Vítimas";"Pleno dia";"Decrescente";"Ceu Claro";"Dupla";"Reta";"Urbano";3;0;0;0;3;0;0;3
83483738;"22/07/16";"Sexta";"14:30:00";"BA";116;"745,5";"POCOES";"Outras";"Colisão traseira";"Sem Vítimas";"Pleno dia";"Decrescente";"Ceu Claro";"Simples";"Curva";"Rural";3;0;0;0;3;0;0;3
83483739;"22/07/16";"Sexta";"15:30:00";"ES";101;"380";"ICONHA";"Outras";"Capotamento";"Com Vítimas Feridas";"Pleno dia";"Crescente";"Chuva";"Simples";"Reta";"Rural";1;0;1;0;0;0;1;1
83483740;"21/07/16";"Quinta";"02:20:00";"SP";116;"503,9";"CAJATI";"Falta de atenção";"Colisão traseira";"Com Vítimas Feridas";"Plena noite";"Crescente";"Nublado";"Simples";"Curva";"Rural";2;0;1;0;1;0;1;2
83483741;"22/07/16";"Sexta";"07:40:00";"PI";316;"7,8";"TERESINA";"Falta de atenção";"Colisão Transversal";"Com Vítimas Feridas";"Pleno dia";"Decrescente";"Ceu Claro";"Simples";"Reta";"Urbano";3;0;1;1;1;0;2;2
83483742;"22/07/16";"Sexta";"13:10:00";"MG";50;"112,3";"UBERABA";"Velocidade incompatível";"Saída de Pista";"Com Vítimas Feridas";"Pleno dia";"Crescente";"Ceu Claro";"Dupla";"Reta";"Rural";1;0;1;0;0;0;1;1
83483743;"22/07/16";"Sexta";"14:00:00";"RO";364;"571";"ITAPUÃ DO OESTE";"Outras";"Saída de Pista";"Sem Vítimas";"Pleno dia";"Decrescente";"Ceu Claro";"Simples";"Curva";"Rural";1;0;0;0;1;0;0;1
83483744;"22/07/16";"Sexta";"11:25:00";"ES";259;"17,5";"JOAO NEIVA";"Outras";"Colisão traseira";"Com Vítimas Feridas";"Pleno dia";"Decrescente";"Sol";"Simples";"Reta";"Urbano";2;0;2;0;0;0;2;2
83483745;"22/07/16";"Sexta";"16:20:00";"SC";282;"197";"LAGES";"Defeito na via";"Queda de motocicleta / bicicleta / veículo";"Com Vítimas Feridas";"Pleno dia";"Decrescente";"Ceu Claro";"Simples";"Curva";"Rural";2;0;2;0;0;0;2;1
83483746;"22/07/16";"Sexta";"06:44:00";"SC";282;"217";"LAGES";"Ingestão de álcool";"Saída de Pista";"Ignorado";"Amanhecer";"Crescente";"Ceu Claro";"Simples";"Curva";"Urbano";1;0;0;0;0;1;0;1
83483747;"22/07/16";"Sexta";"16:45:00";"RS";116;"263";"CANOAS";"Falta de atenção";"Colisão traseira";"Sem Vítimas";"Pleno dia";"Decrescente";"Sol";"Múltipla";"Reta";"Urbano";4;0;0;0;4;0;0;4
83483748;"22/07/16";"Sexta";"16:50:00";"GO";153;"591,8";"MORRINHOS";"Outras";"Saída de Pista";"Com Vítimas Feridas";"Pleno dia";"Crescente";"Ceu Claro";"Dupla";"Reta";"Rural";2;0;1;0;1;0;1;1
83483749;"22/07/16";"Sexta";"15:00:00";"RJ";116;"184";"NOVA IGUACU";"Outras";"Atropelamento de pessoa";"Com Vítimas Feridas";"Pleno dia";"Decrescente";"Nublado";"Dupla";"Curva";"Urbano";2;0;1;0;1;0;1;1
83483750;"22/07/16";"Sexta";"18:20:00";"RS";101;"86";"OSORIO";"Falta de atenção";"Capotamento";"Com Vítimas Feridas";"Anoitecer";"Decrescente";"Ceu Claro";"Múltipla";"Curva";"Urbano";4;0;3;0;1;0;3;1
83483751;"19/07/16";"Terça";"06:30:00";"PR";277;"99,9";"CURITIBA";"Velocidade incompatível";"Queda de motocicleta / bicicleta / veículo";"Com Vítimas Feridas";"Amanhecer";"Decrescente";"Ceu Claro";"Dupla";"Reta";"Urbano";1;0;1;0;0;0;1;1
83483752;"22/07/16";"Sexta";"17:00:00";"SC";101;"189";"BIGUACU";"Falta de atenção";"Colisão traseira";"Sem Vítimas";"Pleno dia";"Crescente";"Ceu Claro";"Dupla";"Reta";"Urbano";2;0;0;0;2;0;0;2
83483753;"17/07/16";"Domingo";"16:45:00";"PR";277;"581";"CASCAVEL";"Falta de atenção";"Colisão traseira";"Com Vítimas Feridas";"Pleno dia";"Crescente";"Ceu Claro";"Simples";"Reta";"Urbano";4;0;2;0;2;0;2;3
83483754;"22/07/16";"Sexta";"16:00:00";"RJ";116;"168";"SAO JOAO DE MERITI";"Outras";"Queda de motocicleta / bicicleta / veículo";"Com Vítimas Feridas";"Pleno dia";"Crescente";"Nublado";"Múltipla";"Reta";"Urbano";1;0;1;0;0;0;1;1
83483757;"22/07/16";"Sexta";"15:20:00";"ES";101;"437,9";"MIMOSO DO SUL";"Velocidade incompatível";"Saída de Pista";"Sem Vítimas";"Pleno dia";"Crescente";"Chuva";"Simples";"Curva";"Rural";1;0;0;0;1;0;0;1
83483758;"22/07/16";"Sexta";"17:25:00";"RS";290;"85";"PORTO ALEGRE";"Defeito mecânico em veículo";"Queda de motocicleta / bicicleta / veículo";"Com Vítimas Feridas";"Anoitecer";"Crescente";"Ceu Claro";"Dupla";"Reta";"Urbano";2;0;1;0;1;0;1;1
83483759;"22/07/16";"Sexta";"15:26:00";"MT";364;"210";"RONDONOPOLIS";"Falta de atenção";"Tombamento";"Sem Vítimas";"Pleno dia";"Decrescente";"Ceu Claro";"Dupla";"Curva";"Urbano";1;0;0;0;1;0;0;1
83483760;"19/07/16";"Terça";"15:40:00";"MT";163;"950";"NOVA SANTA HELENA";"Falta de atenção";"Tombamento";"Sem Vítimas";"Pleno dia";"Crescente";"Ceu Claro";"Simples";"Reta";"Rural";1;0;0;0;1;0;0;1
83483761;"22/07/16";"Sexta";"08:15:00";"SC";470;"193,5";"POUSO REDONDO";"Velocidade incompatível";"Colisão frontal";"Com Vítimas Feridas";"Pleno dia";"Crescente";"Chuva";"Simples";"Curva";"Rural";7;0;2;5;0;0;7;2
83483762;"21/07/16";"Quinta";"07:10:00";"RJ";101;"83";"CAMPOS DOS GOYTACAZES";"Outras";"Colisão lateral";"Sem Vítimas";"Pleno dia";"Decrescente";"Ceu Claro";"Simples";"Curva";"Rural";2;0;0;0;2;0;0;2
83483763;"21/07/16";"Quinta";"00:30:00";"SP";116;"511";"CAJATI";"Velocidade incompatível";"Capotamento";"Com Vítimas Feridas";"Plena noite";"Decrescente";"Ignorada";"Simples";"Curva";"Rural";2;0;2;0;0;0;2;1
83483764;"22/07/16";"Sexta";"17:20:00";"MG";381;"318";"NOVA ERA";"Outras";"Queda de motocicleta / bicicleta / veículo";"Com Vítimas Feridas";"Anoitecer";"Crescente";"Nublado";"Simples";"Curva";"Rural";1;0;1;0;0;0;1;1
83483765;"22/07/16";"Sexta";"02:00:00";"MA";230;"69";"SAO JOAO DOS PATOS";"Animais na Pista";"Tombamento";"Sem Vítimas";"Plena noite";"Crescente";"Ignorada";"Simples";"Reta";"Rural";1;0;0;0;1;0;0;1
83483766;"22/07/16";"Sexta";"15:00:00";"GO";153;"593,8";"PIRACANJUBA";"Não guardar distância de segurança";"Colisão lateral";"Sem Vítimas";"Pleno dia";"Decrescente";"Ceu Claro";"Dupla";"Reta";"Rural";2;0;0;0;2;0;0;2
83483767;"22/07/16";"Sexta";"09:40:00";"SP";116;"204";"ARUJA";"Outras";"Colisão com objeto fixo";"Sem Vítimas";"Pleno dia";"Crescente";"Ceu Claro";"Múltipla";"Reta";"Urbano";1;0;0;0;1;0;0;1