"id";"data_inversa";"dia_semana";"horario";"uf";"br";"km";"municipio";"causa_acidente";"tipo_acidente";"classificacao_acidente";"fase_dia";"sentido_via";"condicao_metereologica";"tipo_pista";"tracado_via";"uso_solo";"pessoas";"mortos";"feridos_leves";"feridos_graves";"ilesos";"ignorados";"feridos";"veiculos"
83483768;"22/07/16";"Sexta";"16:00:00";"SC";470;"165,6";"TROMBUDO CENTRAL";"Falta de atenção";"Colisão Transversal";"Com Vítimas Feridas";"Pleno dia";"Decrescente";"Sol";"Simples";"Reta";"Rural";5;0;2;1;2;0;3;2
83483769;"22/07/16";"Sexta";"17:30:00";"PI";343;"20,8";"PARNAIBA";"Velocidade incompatível";"Colisão traseira";"Sem Vítimas";"Pleno dia";"Decrescente";"Ceu Claro";"Simples";"Reta";"Rural";2;0;0;0;2;0;0;2
83483770;"22/07/16";"Sexta";"14:34:00";"RJ";116;"195";"QUEIMADOS";"Outras";"Colisão traseira";"Com Vítimas Feridas";"Pleno dia";"Crescente";"Sol";"Dupla";"Reta";"Rural";2;0;1;0;1;0;1;2
83483771;"14/07/16";"Quinta";"20:45:00";"GO";40;"94,3";"CRISTALINA";"Outras";"Atropelamento de pessoa";"Com Vítimas Feridas";"Plena noite";"Crescente";"Ceu Claro";"Simples";"Reta";"Rural";2;0;1;0;1;0;1;1
83483772;"22/07/16";"Sexta";"15:20:00";"SC";470;"62";"BLUMENAU";"Desobediência à sinalização";"Colisão Transversal";"Com Vítimas Feridas";"Pleno dia";"Crescente";"Sol";"Simples";"Reta";"Urbano";2;0;1;0;1;0;1;2
83483773;"22/07/16";"Sexta";"17:00:00";"SC";101;"129,5";"BALNEARIO CAMBORIU";"Não guardar distância de segurança";"Colisão traseira";"Com Vítimas Feridas";"Pleno dia";"Crescente";"Ceu Claro";"Dupla";"Reta";"Rural";2;0;0;1;1;0;1;2
83483774;"22/07/16";"Sexta";"06:00:00";"MG";262;"827";"UBERABA";"Desobediência à sinalização";"Colisão Transversal";"Com Vítimas Feridas";"Amanhecer";"Decrescente";"Ceu Claro";"Simples";"Cruzamento";"Rural";5;0;3;1;0;1;4;2
83483775;"21/07/16";"Quinta";"09:30:00";"PI";343;"192,4";"PIRIPIRI";"Dormindo";"Tombamento";"Com Vítimas Feridas";"Pleno dia";"Crescente";"Sol";"Simples";"Reta";"Rural";2;0;1;1;0;0;2;1
83483776;"22/07/16";"Sexta";"16:15:00";"PR";277;"539,4";"IBEMA";"Ultrapassagem indevida";"Colisão frontal";"Com Vítimas Fatais";"Pleno dia";"Crescente";"Sol";"Simples";"Reta";"Rural";5;1;3;1;0;0;4;2
83483777;"22/07/16";"Sexta";"15:40:00";"BA";324;"582";"CANDEIAS";"Falta de atenção";"Atropelamento de pessoa";"Com Vítimas Feridas";"Pleno dia";"Decrescente";"Sol";"Dupla";"Reta";"Rural";2;0;0;1;0;1;1;1
83483778;"22/07/16";"Sexta";"17:15:00";"RO";364;"344";"JI-PARANA";"Ultrapassagem indevida";"Colisão lateral";"Com Vítimas Feridas";"Pleno dia";"Decrescente";"Ceu Claro";"Dupla";"Reta";"Urbano";2;0;0;1;1;0;1;2
83483779;"22/07/16";"Sexta";"17:50:00";"RJ";101;"79";"CAMPOS DOS GOYTACAZES";"Falta de atenção";"Colisão traseira";"Com Vítimas Feridas";"Anoitecer";"Crescente";"Ceu Claro";"Simples";"Curva";"Rural";2;0;1;0;1;0;1;2
83483780;"22/07/16";"Sexta";"16:10:00";"MG";40;"632,4";"CONSELHEIRO LAFAIETE";"Desobediência à sinalização";"Colisão Transversal";"Com Vítimas Feridas";"Pleno dia";"Decrescente";"Nublado";"Simples";"Reta";"Rural";6;0;3;0;3;0;3;3
83483781;"22/07/16";"Sexta";"17:30:00";"CE";116;"372";"ICO";"Animais na Pista";"Atropelamento de animal";"Sem Vítimas";"Pleno dia";"Decrescente";"Ceu Claro";"Simples";"Reta";"Rural";1;0;0;0;1;0;0;1
83483782;"22/07/16";"Sexta";"15:07:00";"SC";101;"207,2";"SAO JOSE";"Não guardar distância de segurança";"Colisão traseira";"Com Vítimas Feridas";"Pleno dia";"Crescente";"Ceu Claro";"Múltipla";"Reta";"Urbano";2;0;1;0;1;0;1;2
83483783;"22/07/16";"Sexta";"10:10:00";"SC";470;"5,3";"NAVEGANTES";"Desobediência à sinalização";"Colisão Transversal";"Com Vítimas Feridas";"Pleno dia";"Crescente";"Ceu Claro";"Simples";"Curva";"Urbano";2;0;2;0;0;0;2;2
83483784;"22/07/16";"Sexta";"15:10:00";"RS";116;"210,9";"MORRO REUTER";"Falta de atenção";"Colisão frontal";"Sem Vítimas";"Pleno dia";"Decrescente";"Ceu Claro";"Simples";"Reta";"Urbano";2;0;0;0;2;0;0;2
83483785;"22/07/16";"Sexta";"18:45:00";"RS";285;"301,1";"PASSO FUNDO";"Desobediência à sinalização";"Colisão Transversal";"Sem Vítimas";"Plena noite";"Crescente";"Ceu Claro";"Simples";"Reta";"Urbano";3;0;0;0;3;0;0;2
83483786;"22/07/16";"Sexta";"16:00:00";"PB";230;"74";"SOBRADO";"Falta de atenção";"Colisão Transversal";"Com Vítimas Feridas";"Pleno dia";"Decrescente";"Ceu Claro";"Dupla";"Reta";"Rural";5;0;0;1;4;0;1;2
83483787;"07/05/16";"Sábado";"16:00:00";"MG";116;"536,2";"SANTA RITA DE MINAS";"Outras";"Saída de Pista";"Com Vítimas Feridas";"Pleno dia";"Decrescente";"Ceu Claro";"Simples";"Curva";"Rural";1;0;0;1;0;0;1;1
83483788;"18/07/16";"Segunda";"18:50:00";"DF";80;"5";"BRASILIA";"Ingestão de álcool";"Colisão lateral";"Com Vítimas Feridas";"Plena noite";"Crescente";"Ceu Claro";"Simples";"Reta";"Rural";2;0;0;1;1;0;1;2
83483789;"19/07/16";"Terça";"05:30:00";"RS";285;"403,5";"PANAMBI";"Velocidade incompatível";"Saída de Pista";"Ignorado";"Plena noite";"Decrescente";"Nublado";"Simples";"Curva";"Rural";1;0;0;0;0;1;0;1
83483790;"10/07/16";"Domingo";"10:15:00";"AP";210;"7";"MACAPA";"Outras";"Colisão traseira";"Com Vítimas Feridas";"Pleno dia";"Crescente";"Sol";"Dupla";"Reta";"Rural";5;0;2;0;3;0;2;2
83483791;"20/07/16";"Quarta";"16:55:00";"PR";376;"314";"ORTIGUEIRA";"Velocidade incompatível";"Tombamento";"Com Vítimas Feridas";"Pleno dia";"Crescente";"Ceu Claro";"Simples";"Curva";"Rural";1;0;1;0;0;0;1;1
83483793;"22/07/16";"Sexta";"16:00:00";"SC";101;"259,1";"PAULO LOPES";"Outras";"Colisão lateral";"Sem Vítimas";"Pleno dia";"Decrescente";"Sol";"Dupla";"Reta";"Rural";2;0;0;0;2;0;0;2
83483794;"22/07/16";"Sexta";"17:05:00";"PR";277;"620,6";"CEU AZUL";"Falta de atenção";"Atropelamento de pessoa";"Com Vítimas Feridas";"Pleno dia";"Crescente";"Ceu Claro";"Simples";"Reta";"Rural";2;0;1;0;1;0;1;1
83483796;"22/07/16";"Sexta";"17:00:00";"MT";364;"563,6";"NOBRES";"Outras";"Saída de Pista";"Sem Vítimas";"Pleno dia";"Decrescente";"Ceu Claro";"Dupla";"Curva";"Rural";1;0;0;0;1;0;0;1
83483797;"22/07/16";"Sexta";"18:30:00";"MG";381;"349";"JOAO MONLEVADE";"Velocidade incompatível";"Colisão frontal";"Com Vítimas Feridas";"Plena noite";"Decrescente";"Ceu Claro";"Simples";"Curva";"Rural";4;0;1;0;3;0;1;4
83483798;"22/07/16";"Sexta";"12:00:00";"RS";158;"232,5";"TUPANCIRETA";"Falta de atenção";"Saída de Pista";"Sem Vítimas";"Pleno dia";"Decrescente";"Nevoeiro/neblina";"Simples";"Curva";"Rural";1;0;0;0;1;0;0;1
83483799;"22/07/16";"Sexta";"18:50:00";"RN";226;"40,8";"MACAIBA";"Outras";"Atropelamento de pessoa";"Com Vítimas Feridas";"Plena noite";"Decrescente";"Ceu Claro";"Simples";"Reta";"Rural";3;0;0;1;1;1;1;2
83483800;"22/07/16";"Sexta";"13:30:00";"RN";406;"165,2";"SAO GONCALO DO AMARANTE";"Falta de atenção";"Colisão Transversal";"Com Vítimas Feridas";"Pleno dia";"Decrescente";"Sol";"Simples";"Reta";"Rural";2;0;0;1;1;0;1;2
83483801;"18/07/16";"Segunda";"14:40:00";"RS";158;"172";"PEJUCARA";"Falta de atenção";"Colisão Transversal";"Com Vítimas Feridas";"Pleno dia";"Decrescente";"Ceu Claro";"Simples";"Reta";"Rural";2;0;1;0;1;0;1;2
83483802;"22/07/16";"Sexta";"17:10:00";"MS";163;"221";"CAARAPO";"Outras";"Tombamento";"Sem Vítimas";"Plena noite";"Decrescente";"Ceu Claro";"Simples";"Reta";"Rural";2;0;0;0;2;0;0;1
83483804;"22/07/16";"Sexta";"18:35:00";"MG";116;"689,5";"MURIAE";"Outras";"Saída de Pista";"Com Vítimas Feridas";"Plena noite";"Decrescente";"Ignorada";"Simples";"Curva";"Rural";1;0;1;0;0;0;1;1
83483805;"22/07/16";"Sexta";"16:40:00";"SC";101;"129,5";"BALNEARIO CAMBORIU";"Não guardar distância de segurança";"Colisão traseira";"Com Vítimas Feridas";"Pleno dia";"Crescente";"Ceu Claro";"Dupla";"Reta";"Urbano";2;0;0;1;1;0;1;2
83483806;"22/07/16";"Sexta";"16:30:00";"SE";235;"111,5";"CARIRA";"Outras";"Colisão lateral";"Com Vítimas Feridas";"Pleno dia";"Crescente";"Ceu Claro";"Simples";"Reta";"Rural";4;0;0;4;0;0;4;2
83483807;"22/07/16";"Sexta";"16:50:00";"RJ";101;"260";"RIO BONITO";"Não guardar distância de segurança";"Colisão traseira";"Com Vítimas Feridas";"Pleno dia";"Crescente";"Nublado";"Simples";"Reta";"Rural";3;0;1;0;2;0;1;3
83483808;"22/07/16";"Sexta";"18:40:00";"CE";20;"286";"CANINDE";"Animais na Pista";"Atropelamento de animal";"Sem Vítimas";"Anoitecer";"Crescente";"Ceu Claro";"Simples";"Reta";"Rural";2;0;0;0;2;0;0;1
83483809;"22/07/16";"Sexta";"11:45:00";"RJ";465;"3";"SEROPEDICA";"Desobediência à sinalização";"Colisão lateral";"Com Vítimas Feridas";"Pleno dia";"Decrescente";"Ceu Claro";"Simples";"Reta";"Urbano";2;0;1;0;1;0;1;2
83483810;"22/07/16";"Sexta";"10:00:00";"MG";381;"715";"CARMO DA CACHOEIRA";"Outras";"Capotamento";"Com Vítimas Feridas";"Pleno dia";"Decrescente";"Nublado";"Dupla";"Curva";"Rural";4;0;2;0;2;0;2;1
83483811;"22/07/16";"Sexta";"18:35:00";"PR";376;"213,7";"JANDAIA DO SUL";"Velocidade incompatível";"Saída de Pista";"Com Vítimas Feridas";"Anoitecer";"Crescente";"Ceu Claro";"Dupla";"Curva";"Rural";1;0;1;0;0;0;1;1
83483812;"22/07/16";"Sexta";"09:30:00";"RJ";101;"293";"ITABORAI";"Outras";"Colisão traseira";"Sem Vítimas";"Pleno dia";"Decrescente";"Ceu Claro";"Dupla";"Reta";"Urbano";2;0;0;0;2;0;0;2
83483813;"22/07/16";"Sexta";"17:50:00";"PE";316;"228";"BELEM DE SAO FRANCISCO";"Velocidade incompatível";"Saída de Pista";"Com Vítimas Feridas";"Anoitecer";"Decrescente";"Ceu Claro";"Simples";"Curva";"Rural";2;0;1;0;0;1;1;1
83483814;"22/07/16";"Sexta";"20:20:00";"SC";101;"435,6";"SOMBRIO";"Falta de atenção";"Colisão Transversal";"Sem Vítimas";"Plena noite";"Crescente";"Ceu Claro";"Simples";"Cruzamento";"Urbano";2;0;0;0;2;0;0;2
83483815;"22/07/16";"Sexta";"15:20:00";"SP";116;"210";"GUARULHOS";"Falta de atenção";"Colisão lateral";"Com Vítimas Feridas";"Pleno dia";"Crescente";"Ceu Claro";"Múltipla";"Reta";"Urbano";3;0;1;0;2;0;1;3
83483816;"22/07/16";"Sexta";"11:50:00";"MG";381;"638,5";"SANTO ANTONIO DO AMPARO";"Falta de atenção";"Colisão traseira";"Sem Vítimas";"Pleno dia";"Crescente";"Sol";"Dupla";"Reta";"Rural";2;0;0;0;2;0;0;2
83483817;"22/07/16";"Sexta";"16:00:00";"BA";324;"588";"CANDEIAS";"Outras";"Colisão lateral";"Sem Vítimas";"Pleno dia";"Decrescente";"Ceu Claro";"Simples";"Reta";"Rural";2;0;0;0;1;1;0;2
83483818;"22/07/16";"Sexta";"07:20:00";"MA";226;"412,7";"GRAJAU";"Outras";"Colisão traseira";"Com Vítimas Feridas";"Pleno dia";"Decrescente";"Ceu Claro";"Simples";"Reta";"Rural";2;0;0;1;1;0;1;2
83483819;"22/07/16";"Sexta";"20:40:00";"ES";101;"340,7";"GUARAPARI";"Desobediência à sinalização";"Saída de Pista";"Com Vítimas Feridas";"Plena noite";"Decrescente";"Nublado";"Simples";"Reta";"Rural";2;0;1;0;1;0;1;1
83483820;"22/07/16";"Sexta";"12:10:00";"MT";364;"268";"JACIARA";"Ultrapassagem indevida";"Colisão frontal";"Com Vítimas Fatais";"Pleno dia";"Decrescente";"Ceu Claro";"Simples";"Reta";"Urbano";3;1;0;0;2;0;0;3
83483821;"22/07/16";"Sexta";"20:02:00";"PR";376;"682";"GUARATUBA";"Outras";"Queda de motocicleta / bicicleta / veículo";"Com Vítimas Feridas";"Anoitecer";"Crescente";"Ceu Claro";"Dupla";"Reta";"Rural";1;0;1;0;0;0;1;1
83483822;"22/07/16";"Sexta";"20:23:00";"RS";153;"52";"ERECHIM";"Falta de atenção";"Colisão lateral";"Sem Vítimas";"Plena noite";"Crescente";"Ceu Claro";"Simples";"Reta";"Urbano";2;0;0;0;2;0;0;2
83483823;"22/07/16";"Sexta";"17:45:00";"MG";381;"355";"JOAO MONLEVADE";"Não guardar distância de segurança";"Colisão traseira";"Com Vítimas Feridas";"Pleno dia";"Decrescente";"Ceu Claro";"Simples";"Reta";"Urbano";5;0;1;0;3;1;1;2
83483824;"22/07/16";"Sexta";"17:50:00";"PI";316;"259";"IPIRANGA DO PIAUI";"Falta de atenção";"Colisão Transversal";"Com Vítimas Feridas";"Anoitecer";"Crescente";"Ceu Claro";"Simples";"Reta";"Urbano";2;0;0;1;1;0;1;2
83483825;"19/07/16";"Terça";"16:00:00";"MG";381;"935";"EXTREMA";"Não guardar distância de segurança";"Colisão traseira";"Sem Vítimas";"Pleno dia";"Decrescente";"Ceu Claro";"Simples";"Reta";"Rural";3;0;0;0;3;0;0;3
83483826;"22/07/16";"Sexta";"16:20:00";"PR";467;"109,8";"CASCAVEL";"Falta de atenção";"Colisão traseira";"Com Vítimas Feridas";"Pleno dia";"Decrescente";"Ceu Claro";"Dupla";"Reta";"Urbano";2;0;1;0;1;0;1;2
83483827;"22/07/16";"Sexta";"21:45:00";"PR";277;"454,9";"LARANJEIRAS DO SUL";"Falta de atenção";"Colisão Transversal";"Com Vítimas Feridas";"Plena noite";"Decrescente";"Nevoeiro/neblina";"Simples";"Reta";"Urbano";3;0;1;0;2;0;1;2
83483828;"22/07/16";"Sexta";"16:00:00";"PB";230;"466,2";"SOBRADO";"Falta de atenção";"Saída de Pista";"Com Vítimas Feridas";"Plena noite";"Decrescente";"Ceu Claro";"Simples";"Reta";"Urbano";2;0;1;0;0;1;1;1
83483829;"22/07/16";"Sexta";"14:40:00";"RJ";495;"1";"TERESOPOLIS";"Defeito mecânico em veículo";"Colisão frontal";"Com Vítimas Feridas";"Pleno dia";"Crescente";"Ceu Claro";"Simples";"Curva";"Rural";4;0;3;0;1;0;3;2
83483830;"22/07/16";"Sexta";"20:10:00";"MG";153;"113";"PRATA";"Outras";"Colisão com objeto fixo";"Com Vítimas Feridas";"Plena noite";"Crescente";"Ceu Claro";"Simples";"Reta";"Rural";1;0;1;0;0;0;1;1
83483831;"22/07/16";"Sexta";"21:30:00";"SC";470;"51,6";"BLUMENAU";"Defeito na via";"Queda de motocicleta / bicicleta / veículo";"Com Vítimas Feridas";"Plena noite";"Crescente";"Ceu Claro";"Simples";"Reta";"Urbano";3;0;2;0;0;1;2;2
83483832;"22/07/16";"Sexta";"17:00:00";"PR";163;"6";"BARRACAO";"Falta de atenção";"Colisão Transversal";"Com Vítimas Feridas";"Pleno dia";"Crescente";"Ceu Claro";"Simples";"Reta";"Rural";3;0;1;0;2;0;1;2
83483833;"22/07/16";"Sexta";"18:30:00";"PR";369;"142";"IBIPORA";"Falta de atenção";"Colisão traseira";"Com Vítimas Feridas";"Anoitecer";"Decrescente";"Ceu Claro";"Dupla";"Reta";"Urbano";2;0;1;0;1;0;1;2
83483834;"22/07/16";"Sexta";"14:40:00";"MT";163;"823";"SINOP";"Outras";"Queda de motocicleta / bicicleta / veículo";"Com Vítimas Feridas";"Pleno dia";"Decrescente";"Ceu Claro";"Dupla";"Reta";"Rural";2;0;0;1;1;0;1;1
83483835;"22/07/16";"Sexta";"19:20:00";"SC";470;"1,1";"ILHOTA";"Velocidade incompatível";"Colisão traseira";"Com Vítimas Fatais";"Plena noite";"Decrescente";"Ceu Claro";"Simples";"Reta";"Rural";2;1;0;0;1;0;0;2
83483836;"22/07/16";"Sexta";"19:20:00";"PR";376;"17";"MARINGA";"Outras";"Capotamento";"Com Vítimas Feridas";"Plena noite";"Decrescente";"Ceu Claro";"Dupla";"Reta";"Urbano";1;0;0;1;0;0;1;1
83483837;"22/07/16";"Sexta";"20:15:00";"MG";153;"26";"CENTRALINA";"Falta de atenção";"Colisão traseira";"Com Vítimas Feridas";"Plena noite";"Decrescente";"Ceu Claro";"Dupla";"Reta";"Rural";11;0;2;0;9;0;2;3
83483838;"22/07/16";"Sexta";"11:20:00";"MT";163;"829";"SINOP";"Falta de atenção";"Colisão lateral";"Com Vítimas Feridas";"Pleno dia";"Crescente";"Ceu Claro";"Dupla";"Reta";"Urbano";2;0;1;0;1;0;1;2
83483839;"16/07/16";"Sábado";"22:15:00";"SC";280;"51,4";"GUARAMIRIM";"Outras";"Colisão com objeto fixo";"Com Vítimas Feridas";"Plena noite";"Crescente";"Nublado";"Simples";"Reta";"Rural";1;0;1;0;0;0;1;1
83483840;"22/07/16";"Sexta";"17:45:00";"SP";116;"282";"EMBU";"Outras";"Saída de Pista";"Sem Vítimas";"Anoitecer";"Crescente";"Nublado";"Dupla";"Reta";"Urbano";5;0;0;0;4;1;0;3
83483841;"22/07/16";"Sexta";"06:30:00";"MT";70;"240,5";"POXOREO";"Velocidade incompatível";"Tombamento";"Com Vítimas Feridas";"Amanhecer";"Decrescente";"Ceu Claro";"Simples";"Curva";"Rural";1;0;1;0;0;0;1;1
83483842;"22/07/16";"Sexta";"19:40:00";"PR";376;"309,1";"ORTIGUEIRA";"Defeito mecânico em veículo";"Tombamento";"Sem Vítimas";"Plena noite";"Decrescente";"Ceu Claro";"Simples";"Curva";"Rural";1;0;0;0;1;0;0;1
83483843;"22/07/16";"Sexta";"18:30:00";"GO";80;"14";"PADRE BERNARDO";"Falta de atenção";"Colisão frontal";"Com Vítimas Feridas";"Anoitecer";"Decrescente";"Ceu Claro";"Simples";"Reta";"Rural";2;0;0;1;1;0;1;2
83483844;"22/07/16";"Sexta";"17:00:00";"PR";376;"174,3";"MARINGA";"Outras";"Atropelamento de pessoa";"Com Vítimas Feridas";"Pleno dia";"Crescente";"Ceu Claro";"Dupla";"Reta";"Urbano";2;0;1;0;1;0;1;1
83483847;"22/07/16";"Sexta";"22:40:00";"PE";232;"80,2";"GRAVATA";"Dormindo";"Colisão traseira";"Sem Vítimas";"Plena noite";"Decrescente";"Ceu Claro";"Dupla";"Reta";"Urbano";2;0;0;0;2;0;0;2
83483848;"22/07/16";"Sexta";"21:40:00";"GO";40;"73";"CRISTALINA";"Velocidade incompatível";"Colisão traseira";"Com Vítimas Feridas";"Plena noite";"Decrescente";"Ceu Claro";"Dupla";"Reta";"Urbano";3;0;0;1;2;0;1;2
83483849;"22/07/16";"Sexta";"20:50:00";"MS";163;"426,6";"TERENOS";"Animais na Pista";"Atropelamento de animal";"Sem Vítimas";"Plena noite";"Crescente";"Ceu Claro";"Simples";"Reta";"Rural";1;0;0;0;1;0;0;1
83483850;"21/07/16";"Quinta";"22:30:00";"MA";226;"412,3";"GRAJAU";"Defeito mecânico em veículo";"Colisão traseira";"Com Vítimas Feridas";"Plena noite";"Crescente";"Ceu Claro";"Simples";"Reta";"Rural";2;0;1;0;1;0;1;2
83483851;"22/07/16";"Sexta";"22:20:00";"PE";101;"47";"IGARASSU";"Não guardar distância de segurança";"Colisão traseira";"Sem Vítimas";"Plena noite";"Crescente";"Nublado";"Múltipla";"Reta";"Urbano";2;0;0;0;2;0;0;2
83483852;"22/07/16";"Sexta";"19:15:00";"SC";282;"655";"SAO MIGUEL DOESTE";"Falta de atenção";"Colisão Transversal";"Com Vítimas Feridas";"Plena noite";"Decrescente";"Ceu Claro";"Simples";"Reta";"Rural";2;0;0;1;1;0;1;2
83483854;"22/07/16";"Sexta";"22:30:00";"SC";280;"110,2";"SAO BENTO DO SUL";"Outras";"Queda de motocicleta / bicicleta / veículo";"Com Vítimas Feridas";"Plena noite";"Decrescente";"Nevoeiro/neblina";"Simples";"Curva";"Rural";1;0;1;0;0;0;1;1
83483855;"22/07/16";"Sexta";"11:00:00";"AC";364;"88";"RIO BRANCO";"Falta de atenção";"Saída de Pista";"Ignorado";"Pleno dia";"Crescente";"Sol";"Simples";"Reta";"Rural";1;0;0;0;0;1;0;1
83483856;"22/07/16";"Sexta";"22:45:00";"MT";364;"206";"RONDONOPOLIS";"Outras";"Colisão com objeto fixo";"Com Vítimas Feridas";"Plena noite";"Crescente";"Ceu Claro";"Dupla";"Reta";"Urbano";1;0;1;0;0;0;1;1
83483857;"22/07/16";"Sexta";"15:50:00";"RS";116;"370,9";"TAPES";"Falta de atenção";"Colisão frontal";"Com Vítimas Fatais";"Pleno dia";"Crescente";"Sol";"Simples";"Curva";"Rural";6;1;0;2;3;0;2;2
83483858;"22/07/16";"Sexta";"20:35:00";"RJ";116;"295,1";"PORTO REAL";"Outras";"Saída de Pista";"Com Vítimas Feridas";"Plena noite";"Decrescente";"Nublado";"Dupla";"Reta";"Rural";2;0;2;0;0;0;2;1
83483859;"22/07/16";"Sexta";"13:40:00";"PB";101;"88,1";"JOAO PESSOA";"Defeito na via";"Queda de motocicleta / bicicleta / veículo";"Com Vítimas Feridas";"Pleno dia";"Crescente";"Sol";"Dupla";"Curva";"Urbano";1;0;0;1;0;0;1;1
83483860;"22/07/16";"Sexta";"12:05:00";"SC";116;"139";"SANTA CECILIA";"Falta de atenção";"Colisão traseira";"Sem Vítimas";"Pleno dia";"Crescente";"Sol";"Simples";"Reta";"Urbano";2;0;0;0;2;0;0;2
83483862;"22/07/16";"Sexta";"19:15:00";"PR";476;"136,5";"CURITIBA";"Não guardar distância de segurança";"Colisão traseira";"Sem Vítimas";"Plena noite";"Crescente";"Nublado";"Múltipla";"Reta";"Urbano";2;0;0;0;2;0;0;2
83483863;"22/07/16";"Sexta";"19:25:00";"SC";280;"100,4";"SAO BENTO DO SUL";"Desobediência à sinalização";"Colisão frontal";"Com Vítimas Feridas";"Plena noite";"Decrescente";"Nevoeiro/neblina";"Simples";"Curva";"Rural";6;0;4;2;0;0;6;2
83483864;"22/07/16";"Sexta";"15:00:00";"PI";20;"374";"MONSENHOR HIPOLITO";"Outras";"Colisão com objeto fixo";"Sem Vítimas";"Pleno dia";"Crescente";"Ceu Claro";"Simples";"Reta";"Rural";4;0;0;0;4;0;0;2
83483865;"22/07/16";"Sexta";"23:50:00";"ES";101;"1,5";"SERRA";"Falta de atenção";"Capotamento";"Ignorado";"Plena noite";"Decrescente";"Ceu Claro";"Dupla";"Reta";"Urbano";1;0;0;0;0;1;0;1
83483866;"22/07/16";"Sexta";"19:50:00";"SP";116;"278,5";"EMBU";"Falta de atenção";"Colisão traseira";"Sem Vítimas";"Plena noite";"Crescente";"Ceu Claro";"Dupla";"Reta";"Urbano";3;0;0;0;3;0;0;3
83483867;"22/07/16";"Sexta";"16:00:00";"MT";70;"732";"CACERES";"Ingestão de álcool";"Colisão Transversal";"Sem Vítimas";"Pleno dia";"Crescente";"Ceu Claro";"Simples";"Reta";"Urbano";2;0;0;0;2;0;0;2
83483868;"22/07/16";"Sexta";"20:00:00";"MA";230;"518";"CAROLINA";"Outras";"Atropelamento de animal";"Com Vítimas Feridas";"Plena noite";"Decrescente";"Ceu Claro";"Simples";"Reta";"Rural";2;0;1;0;1;0;1;1
83483869;"18/07/16";"Segunda";"18:50:00";"RJ";101;"90";"CAMPOS DOS GOYTACAZES";"Falta de atenção";"Colisão traseira";"Com Vítimas Feridas";"Plena noite";"Crescente";"Ceu Claro";"Simples";"Reta";"Rural";8;0;3;2;3;0;5;4
83483870;"22/07/16";"Sexta";"23:30:00";"MG";153;"77";"MONTE ALEGRE DE MINAS";"Falta de atenção";"Colisão traseira";"Sem Vítimas";"Plena noite";"Crescente";"Ceu Claro";"Simples";"Reta";"Rural";3;0;0;0;3;0;0;2
83483871;"23/07/16";"Sábado";"00:35:00";"DF";80;"20";"BRASILIA";"Velocidade incompatível";"Colisão traseira";"Com Vítimas Feridas";"Plena noite";"Crescente";"Ceu Claro";"Simples";"Reta";"Urbano";2;0;1;0;1;0;1;2
83483872;"22/07/16";"Sexta";"18:10:00";"MT";364;"436";"VARZEA GRANDE";"Falta de atenção";"Saída de Pista";"Com Vítimas Feridas";"Anoitecer";"Decrescente";"Ceu Claro";"Simples";"Reta";"Rural";3;0;2;0;1;0;2;1
83483873;"18/07/16";"Segunda";"20:20:00";"SC";280;"58,6";"GUARAMIRIM";"Outras";"Colisão traseira";"Com Vítimas Feridas";"Plena noite";"Decrescente";"Ignorada";"Simples";"Reta";"Urbano";2;0;1;0;1;0;1;2
83483874;"22/07/16";"Sexta";"21:00:00";"RS";470;"152,7";"NOVA PRATA";"Ingestão de álcool";"Colisão lateral";"Sem Vítimas";"Plena noite";"Decrescente";"Ceu Claro";"Simples";"Reta";"Rural";2;0;0;0;2;0;0;2
83483875;"22/07/16";"Sexta";"15:50:00";"MG";381;"483,9";"BETIM";"Outras";"Colisão traseira";"Com Vítimas Feridas";"Pleno dia";"Decrescente";"Sol";"Dupla";"Reta";"Urbano";2;0;1;0;1;0;1;2
83483876;"22/07/16";"Sexta";"23:10:00";"RN";304;"3,3";"MOSSORO";"Outras";"Atropelamento de animal";"Com Vítimas Feridas";"Plena noite";"Decrescente";"Ceu Claro";"Simples";"Reta";"Rural";1;0;1;0;0;0;1;1
83483877;"22/07/16";"Sexta";"13:00:00";"BA";20;"181";"LUIS EDUARDO MAGALHAES";"Outras";"Colisão frontal";"Com Vítimas Fatais";"Pleno dia";"Decrescente";"Ceu Claro";"Simples";"Reta";"Rural";2;1;0;0;1;0;0;2
83483878;"22/07/16";"Sexta";"21:00:00";"BA";116;"651,8";"JEQUIE";"Outras";"Saída de Pista";"Sem Vítimas";"Plena noite";"Decrescente";"Nublado";"Simples";"Curva";"Rural";1;0;0;0;1;0;0;1
83483880;"22/07/16";"Sexta";"11:30:00";"BA";116;"428";"FEIRA DE SANTANA";"Outras";"Queda de motocicleta / bicicleta / veículo";"Com Vítimas Feridas";"Pleno dia";"Decrescente";"Ceu Claro";"Dupla";"Curva";"Urbano";2;0;2;0;0;0;2;1
83483881;"22/07/16";"Sexta";"21:30:00";"ES";262;"1,4";"CARIACICA";"Desobediência à sinalização";"Atropelamento de pessoa";"Com Vítimas Feridas";"Plena noite";"Decrescente";"Ceu Claro";"Dupla";"Reta";"Urbano";3;0;1;1;0;1;2;1
83483882;"23/07/16";"Sábado";"03:35:00";"SP";116;"324";"JUQUITIBA";"Defeito mecânico em veículo";"Incêndio";"Ignorado";"Plena noite";"Decrescente";"Ceu Claro";"Dupla";"Reta";"Rural";1;0;0;0;0;1;0;1