"id";"data_inversa";"dia_semana";"horario";"uf";"br";"km";"municipio";"causa_acidente";"tipo_acidente";"classificacao_acidente";"fase_dia";"sentido_via";"condicao_metereologica";"tipo_pista";"tracado_via";"uso_solo";"pessoas";"mortos";"feridos_leves";"feridos_graves";"ilesos";"ignorados";"feridos";"veiculos"
83484105;"23/07/16";"Sábado";"19:10:00";"MS";262;"371,7";"TERENOS";"Outras";"Atropelamento de pessoa";"Com Vítimas Feridas";"Plena noite";"Decrescente";"Ceu Claro";"Simples";"Curva";"Rural";3;0;0;1;2;0;1;1
83484106;"23/07/16";"Sábado";"19:10:00";"MG";262;"376,3";"JUATUBA";"Ingestão de álcool";"Atropelamento de pessoa";"Com Vítimas Feridas";"Plena noite";"Decrescente";"Ceu Claro";"Simples";"Reta";"Rural";3;0;0;1;2;0;1;1
83484107;"23/07/16";"Sábado";"14:00:00";"RS";392;"279";"CACAPAVA DO SUL";"Defeito na via";"Saída de Pista";"Com Vítimas Feridas";"Pleno dia";"Crescente";"Ceu Claro";"Simples";"Reta";"Rural";4;0;3;0;1;0;3;1
83484108;"23/07/16";"Sábado";"16:30:00";"TO";153;"240";"COLINAS DO TOCANTINS";"Velocidade incompatível";"Saída de Pista";"Sem Vítimas";"Pleno dia";"Decrescente";"Ceu Claro";"Simples";"Reta";"Urbano";1;0;0;0;1;0;0;1
83484109;"19/07/16";"Terça";"23:10:00";"SP";116;"126";"CACAPAVA";"Falta de atenção";"Colisão traseira";"Com Vítimas Feridas";"Plena noite";"Decrescente";"Ceu Claro";"Simples";"Reta";"Urbano";20;0;19;0;1;0;19;2
83484110;"23/07/16";"Sábado";"20:55:00";"GO";50;"287,5";"CATALAO";"Animais na Pista";"Colisão com objeto fixo";"Sem Vítimas";"Plena noite";"Decrescente";"Ceu Claro";"Simples";"Curva";"Rural";1;0;0;0;1;0;0;1
83484111;"23/07/16";"Sábado";"09:45:00";"ES";262;"24,3";"VIANA";"Desobediência à sinalização";"Colisão Transversal";"Com Vítimas Feridas";"Pleno dia";"Crescente";"Chuva";"Simples";"Reta";"Rural";3;0;0;1;2;0;1;2
83484112;"23/07/16";"Sábado";"21:42:00";"PA";163;"999";"SANTAREM";"Não guardar distância de segurança";"Colisão traseira";"Com Vítimas Feridas";"Plena noite";"Crescente";"Ceu Claro";"Simples";"Curva";"Urbano";3;0;3;0;0;0;3;2
83484113;"15/07/16";"Sexta";"18:10:00";"PR";376;"3,7";"APUCARANA";"Desobediência à sinalização";"Colisão Transversal";"Com Vítimas Feridas";"Plena noite";"Crescente";"Ceu Claro";"Simples";"Cruzamento";"Urbano";2;0;1;0;1;0;1;2
83484114;"23/07/16";"Sábado";"17:00:00";"SC";470;"118";"IBIRAMA";"Falta de atenção";"Colisão traseira";"Sem Vítimas";"Plena noite";"Decrescente";"Ceu Claro";"Simples";"Reta";"Urbano";2;0;0;0;2;0;0;2
83484115;"23/07/16";"Sábado";"18:50:00";"DF";80;"13";"BRASILIA";"Ingestão de álcool";"Colisão frontal";"Com Vítimas Feridas";"Plena noite";"Decrescente";"Ceu Claro";"Simples";"Reta";"Urbano";5;0;3;1;0;1;4;2
83484116;"23/07/16";"Sábado";"18:40:00";"DF";20;"16";"BRASILIA";"Ingestão de álcool";"Colisão traseira";"Sem Vítimas";"Plena noite";"Decrescente";"Ceu Claro";"Dupla";"Reta";"Rural";3;0;0;0;3;0;0;2
83484117;"23/07/16";"Sábado";"18:04:00";"RN";304;"48";"MOSSORO";"Outras";"Colisão frontal";"Sem Vítimas";"Plena noite";"Decrescente";"Ceu Claro";"Simples";"Reta";"Urbano";2;0;0;0;1;1;0;2
83484118;"23/07/16";"Sábado";"16:30:00";"RO";364;"343";"JI-PARANA";"Ingestão de álcool";"Colisão traseira";"Sem Vítimas";"Pleno dia";"Crescente";"Ceu Claro";"Múltipla";"Cruzamento";"Urbano";4;0;0;0;4;0;0;3
83484119;"23/07/16";"Sábado";"21:00:00";"MG";153;"3";"ARAPORA";"Outras";"Queda de motocicleta / bicicleta / veículo";"Com Vítimas Feridas";"Plena noite";"Crescente";"Ceu Claro";"Simples";"Reta";"Rural";1;0;0;1;0;0;1;1
83484120;"23/07/16";"Sábado";"20:00:00";"PR";469;"12,7";"FOZ DO IGUACU";"Falta de atenção";"Colisão Transversal";"Com Vítimas Feridas";"Plena noite";"Crescente";"Ceu Claro";"Simples";"Reta";"Urbano";2;0;1;0;1;0;1;2
83484121;"23/07/16";"Sábado";"19:00:00";"MG";40;"648";"CRISTIANO OTONI";"Falta de atenção";"Colisão traseira";"Com Vítimas Feridas";"Plena noite";"Decrescente";"Ceu Claro";"Simples";"Reta";"Rural";5;0;0;1;4;0;1;2
83484122;"23/07/16";"Sábado";"10:00:00";"GO";20;"200";"ALVORADA DO NORTE";"Outras";"Saída de Pista";"Com Vítimas Feridas";"Pleno dia";"Crescente";"Ceu Claro";"Simples";"Curva";"Rural";4;0;1;0;3;0;1;1
83484123;"23/07/16";"Sábado";"18:35:00";"PR";153;"49,8";"SANTO ANTONIO DA PLATINA";"Outras";"Colisão frontal";"Com Vítimas Fatais";"Plena noite";"Decrescente";"Nublado";"Simples";"Reta";"Rural";3;2;0;0;1;0;0;2
83484124;"23/07/16";"Sábado";"17:30:00";"SC";470;"106,5";"APIUNA";"Outras";"Saída de Pista";"Com Vítimas Feridas";"Pleno dia";"Crescente";"Ceu Claro";"Simples";"Reta";"Urbano";1;0;0;1;0;0;1;1
83484126;"05/03/16";"Sábado";"10:30:00";"ES";101;"264";"SERRA";"Outras";"Colisão traseira";"Com Vítimas Feridas";"Pleno dia";"Decrescente";"Ceu Claro";"Dupla";"Reta";"Urbano";2;0;1;0;1;0;1;2
83484127;"23/07/16";"Sábado";"20:30:00";"SP";116;"227";"GUARULHOS";"Defeito mecânico em veículo";"Colisão traseira";"Com Vítimas Feridas";"Plena noite";"Decrescente";"Ceu Claro";"Múltipla";"Reta";"Urbano";2;0;1;0;0;1;1;2
83484128;"23/07/16";"Sábado";"20:40:00";"SC";101;"220,1";"PALHOCA";"Não guardar distância de segurança";"Colisão traseira";"Sem Vítimas";"Plena noite";"Crescente";"Ceu Claro";"Dupla";"Reta";"Urbano";2;0;0;0;2;0;0;2
83484129;"23/07/16";"Sábado";"19:40:00";"PR";469;"12,7";"FOZ DO IGUACU";"Desobediência à sinalização";"Colisão Transversal";"Sem Vítimas";"Plena noite";"Crescente";"Ceu Claro";"Dupla";"Cruzamento";"Urbano";2;0;0;0;2;0;0;2
83484130;"23/07/16";"Sábado";"07:20:00";"PR";376;"223";"APUCARANA";"Outras";"Saída de Pista";"Com Vítimas Feridas";"Pleno dia";"Decrescente";"Ceu Claro";"Dupla";"Cruzamento";"Urbano";1;0;1;0;0;0;1;1
83484131;"23/07/16";"Sábado";"16:30:00";"SC";470;"125,3";"IBIRAMA";"Ultrapassagem indevida";"Colisão Transversal";"Com Vítimas Feridas";"Pleno dia";"Decrescente";"Ceu Claro";"Simples";"Reta";"Urbano";3;0;1;1;1;0;2;2
83484132;"23/07/16";"Sábado";"22:00:00";"SC";116;"105";"MONTE CASTELO";"Velocidade incompatível";"Tombamento";"Sem Vítimas";"Plena noite";"Decrescente";"Ceu Claro";"Simples";"Curva";"Rural";1;0;0;0;1;0;0;1
83484133;"23/07/16";"Sábado";"23:00:00";"RJ";116;"180";"NOVA IGUACU";"Velocidade incompatível";"Colisão com objeto fixo";"Sem Vítimas";"Plena noite";"Decrescente";"Ceu Claro";"Dupla";"Reta";"Urbano";1;0;0;0;1;0;0;1
83484134;"23/07/16";"Sábado";"20:00:00";"AC";317;"183";"CAPIXABA";"Animais na Pista";"Atropelamento de animal";"Com Vítimas Feridas";"Plena noite";"Crescente";"Ceu Claro";"Dupla";"Reta";"Rural";3;0;2;0;1;0;2;1
83484135;"23/07/16";"Sábado";"20:30:00";"SP";381;"10";"VARGEM";"Outras";"Colisão com objeto fixo";"Sem Vítimas";"Plena noite";"Crescente";"Ceu Claro";"Dupla";"Curva";"Rural";1;0;0;0;1;0;0;1
83484136;"24/07/16";"Domingo";"00:10:00";"RS";101;"65,6";"MAQUINE";"Dormindo";"Capotamento";"Com Vítimas Fatais";"Plena noite";"Decrescente";"Ceu Claro";"Dupla";"Reta";"Rural";2;1;1;0;0;0;1;1
83484137;"23/07/16";"Sábado";"22:15:00";"SC";101;"189";"BIGUACU";"Falta de atenção";"Saída de Pista";"Com Vítimas Feridas";"Plena noite";"Decrescente";"Vento";"Dupla";"Reta";"Urbano";1;0;1;0;0;0;1;1
83484138;"23/07/16";"Sábado";"23:00:00";"ES";101;"410,4";"ITAPEMIRIM";"Falta de atenção";"Colisão lateral";"Com Vítimas Feridas";"Plena noite";"Crescente";"Nublado";"Simples";"Reta";"Rural";2;0;0;1;0;1;1;2
83484140;"23/07/16";"Sábado";"07:35:00";"MT";174;"41,5";"CACERES";"Outras";"Saída de Pista";"Sem Vítimas";"Pleno dia";"Decrescente";"Sol";"Simples";"Reta";"Rural";1;0;0;0;1;0;0;1
83484141;"24/07/16";"Domingo";"00:20:00";"PR";277;"658";"MATELANDIA";"Falta de atenção";"Colisão com bicicleta";"Com Vítimas Feridas";"Plena noite";"Crescente";"Ceu Claro";"Simples";"Cruzamento";"Urbano";2;0;1;0;1;0;1;2
83484142;"23/07/16";"Sábado";"23:30:00";"RS";116;"38";"VACARIA";"Ingestão de álcool";"Saída de Pista";"Com Vítimas Feridas";"Plena noite";"Crescente";"Ceu Claro";"Simples";"Reta";"Urbano";1;0;1;0;0;0;1;1
83484143;"23/07/16";"Sábado";"20:50:00";"MG";354;"734,5";"POUSO ALTO";"Ingestão de álcool";"Saída de Pista";"Sem Vítimas";"Plena noite";"Crescente";"Ceu Claro";"Simples";"Curva";"Urbano";1;0;0;0;1;0;0;1
83484144;"23/07/16";"Sábado";"16:40:00";"RN";226;"173,8";"CURRAIS NOVOS";"Outras";"Colisão lateral";"Com Vítimas Feridas";"Plena noite";"Decrescente";"Ceu Claro";"Simples";"Reta";"Urbano";2;0;1;0;1;0;1;2
83484145;"23/07/16";"Sábado";"22:15:00";"SC";101;"180";"BIGUACU";"Falta de atenção";"Saída de Pista";"Com Vítimas Feridas";"Plena noite";"Decrescente";"Nublado";"Dupla";"Reta";"Urbano";1;0;1;0;0;0;1;1
83484146;"24/07/16";"Domingo";"01:15:00";"RN";110;"47,6";"MOSSORO";"Outras";"Colisão Transversal";"Com Vítimas Feridas";"Plena noite";"Crescente";"Ceu Claro";"Simples";"Reta";"Rural";3;0;0;2;1;0;2;2
83484147;"23/07/16";"Sábado";"21:50:00";"SC";158;"134,2";"PALMITOS";"Falta de atenção";"Saída de Pista";"Com Vítimas Feridas";"Plena noite";"Crescente";"Ceu Claro";"Simples";"Curva";"Rural";1;0;1;0;0;0;1;1
83484148;"24/07/16";"Domingo";"02:20:00";"PR";116;"98";"SAO JOSE DOS PINHAIS";"Outras";"Queda de motocicleta / bicicleta / veículo";"Com Vítimas Feridas";"Plena noite";"Decrescente";"Nevoeiro/neblina";"Dupla";"Reta";"Rural";1;0;1;0;0;0;1;1
83484149;"24/07/16";"Domingo";"00:05:00";"RS";116;"147,2";"CAXIAS DO SUL";"Outras";"Colisão com objeto fixo";"Com Vítimas Feridas";"Plena noite";"Decrescente";"Ceu Claro";"Dupla";"Reta";"Urbano";2;0;1;0;1;0;1;1
83484150;"23/06/16";"Quinta";"23:30:00";"RS";386;"278";"SAO JOSE DO HERVAL";"Outras";"Colisão traseira";"Sem Vítimas";"Plena noite";"Decrescente";"Ceu Claro";"Simples";"Reta";"Rural";2;0;0;0;2;0;0;2
83484151;"23/07/16";"Sábado";"23:20:00";"RS";116;"244,5";"SAO LEOPOLDO";"Outras";"Atropelamento de pessoa";"Com Vítimas Fatais";"Plena noite";"Decrescente";"Ceu Claro";"Dupla";"Reta";"Urbano";3;1;0;0;2;0;0;1
83484152;"13/03/16";"Domingo";"21:00:00";"PE";232;"5";"RECIFE";"Outras";"Queda de motocicleta / bicicleta / veículo";"Com Vítimas Feridas";"Plena noite";"Crescente";"Ceu Claro";"Simples";"Curva";"Urbano";3;0;0;1;0;2;1;1
83484153;"24/07/16";"Domingo";"01:50:00";"PR";277;"398";"CANDOI";"Outras";"Saída de Pista";"Com Vítimas Feridas";"Plena noite";"Crescente";"Ceu Claro";"Simples";"Reta";"Rural";1;0;1;0;0;0;1;1
83484154;"24/07/16";"Domingo";"00:05:00";"GO";60;"4";"SANTO ANTONIO DO DESCOBERTO";"Outras";"Saída de Pista";"Ignorado";"Plena noite";"Decrescente";"Ceu Claro";"Dupla";"Reta";"Rural";1;0;0;0;0;1;0;1
83484155;"23/07/16";"Sábado";"21:00:00";"GO";60;"6,1";"APARECIDA DE GOIANIA";"Outras";"Colisão lateral";"Com Vítimas Feridas";"Plena noite";"Crescente";"Ceu Claro";"Dupla";"Reta";"Urbano";2;0;0;1;1;0;1;2
83484156;"24/07/16";"Domingo";"01:56:00";"PR";376;"594";"CURITIBA";"Desobediência à sinalização";"Colisão traseira";"Sem Vítimas";"Plena noite";"Crescente";"Ceu Claro";"Dupla";"Reta";"Rural";2;0;0;0;2;0;0;2
83484157;"23/07/16";"Sábado";"22:00:00";"MT";70;"541,6";"NOSSA SENHORA DO LIVRAMENTO";"Ingestão de álcool";"Colisão frontal";"Com Vítimas Feridas";"Plena noite";"Crescente";"Ceu Claro";"Simples";"Reta";"Rural";2;0;1;0;1;0;1;2
83484159;"24/07/16";"Domingo";"03:00:00";"RS";472;"152,3";"SANTA ROSA";"Falta de atenção";"Colisão frontal";"Com Vítimas Feridas";"Plena noite";"Decrescente";"Ceu Claro";"Simples";"Reta";"Rural";2;0;0;1;1;0;1;2
83484160;"24/07/16";"Domingo";"03:00:00";"PR";277;"712,6";"SANTA TEREZINHA DE ITAIPU";"Velocidade incompatível";"Capotamento";"Com Vítimas Feridas";"Plena noite";"Crescente";"Ceu Claro";"Dupla";"Reta";"Rural";5;0;1;3;1;0;4;2
83484162;"23/07/16";"Sábado";"19:14:00";"AL";316;"143";"PALMEIRA DOS INDIOS";"Falta de atenção";"Queda de motocicleta / bicicleta / veículo";"Com Vítimas Feridas";"Plena noite";"Decrescente";"Ceu Claro";"Simples";"Reta";"Rural";2;0;2;0;0;0;2;1
83484163;"23/07/16";"Sábado";"21:30:00";"CE";116;"178,4";"RUSSAS";"Animais na Pista";"Atropelamento de animal";"Sem Vítimas";"Anoitecer";"Decrescente";"Ceu Claro";"Simples";"Reta";"Rural";3;0;0;0;3;0;0;1
83484164;"24/07/16";"Domingo";"04:10:00";"SC";101;"201,8";"SAO JOSE";"Outras";"Tombamento";"Com Vítimas Feridas";"Plena noite";"Crescente";"Nublado";"Dupla";"Reta";"Urbano";2;0;0;1;1;0;1;2
83484165;"24/07/16";"Domingo";"03:45:00";"RS";116;"264";"CANOAS";"Outras";"Colisão traseira";"Com Vítimas Feridas";"Amanhecer";"Crescente";"Ceu Claro";"Dupla";"Reta";"Urbano";2;0;1;0;1;0;1;2
83484166;"23/07/16";"Sábado";"19:30:00";"GO";60;"92,2";"ANAPOLIS";"Falta de atenção";"Colisão Transversal";"Com Vítimas Fatais";"Plena noite";"Decrescente";"Ceu Claro";"Dupla";"Reta";"Urbano";2;1;1;0;0;0;1;2
83484167;"24/07/16";"Domingo";"00:45:00";"PB";101;"101,8";"ALHANDRA";"Outras";"Saída de Pista";"Com Vítimas Fatais";"Plena noite";"Crescente";"Nublado";"Dupla";"Curva";"Rural";5;2;1;2;0;0;3;1
83484168;"09/06/16";"Quinta";"11:35:00";"SC";101;"40,6";"JOINVILLE";"Velocidade incompatível";"Colisão traseira";"Sem Vítimas";"Pleno dia";"Crescente";"Ceu Claro";"Múltipla";"Reta";"Urbano";4;0;0;0;4;0;0;4
83484169;"23/07/16";"Sábado";"17:50:00";"MG";251;"420";"GRAO MOGOL";"Falta de atenção";"Colisão lateral";"Sem Vítimas";"Plena noite";"Crescente";"Ceu Claro";"Simples";"Reta";"Rural";2;0;0;0;2;0;0;2
83484171;"23/07/16";"Sábado";"16:15:00";"MT";364;"267,7";"JACIARA";"Falta de atenção";"Tombamento";"Com Vítimas Feridas";"Pleno dia";"Decrescente";"Ceu Claro";"Simples";"Reta";"Rural";1;0;1;0;0;0;1;1
83484172;"24/07/16";"Domingo";"03:00:00";"RJ";40;"91";"PETROPOLIS";"Dormindo";"Saída de Pista";"Com Vítimas Feridas";"Plena noite";"Crescente";"Ceu Claro";"Simples";"Curva";"Rural";1;0;1;0;0;0;1;1
83484173;"24/07/16";"Domingo";"03:15:00";"SC";282;"488,8";"FAXINAL DOS GUEDES";"Desobediência à sinalização";"Colisão lateral";"Sem Vítimas";"Plena noite";"Crescente";"Ceu Claro";"Simples";"Reta";"Rural";2;0;0;0;2;0;0;2
83484174;"23/07/16";"Sábado";"16:30:00";"ES";101;"143";"LINHARES";"Falta de atenção";"Colisão lateral";"Sem Vítimas";"Pleno dia";"Decrescente";"Ceu Claro";"Dupla";"Curva";"Rural";2;0;0;0;2;0;0;2
83484175;"23/07/16";"Sábado";"07:30:00";"PI";316;"90";"BARRO DURO";"Outras";"Tombamento";"Com Vítimas Feridas";"Pleno dia";"Crescente";"Ceu Claro";"Simples";"Curva";"Rural";3;0;3;0;0;0;3;1
83484176;"24/07/16";"Domingo";"02:14:00";"PR";369;"93";"CORNELIO PROCOPIO";"Outras";"Queda de motocicleta / bicicleta / veículo";"Com Vítimas Feridas";"Plena noite";"Crescente";"Ceu Claro";"Simples";"Curva";"Rural";1;0;0;1;0;0;1;1
83484177;"19/07/16";"Terça";"17:15:00";"BA";415;"19";"ILHEUS";"Falta de atenção";"Colisão traseira";"Sem Vítimas";"Pleno dia";"Decrescente";"Chuva";"Simples";"Reta";"Rural";3;0;0;0;3;0;0;3
83484178;"23/07/16";"Sábado";"21:50:00";"MG";251;"507";"FRANCISCO SA";"Ingestão de álcool";"Queda de motocicleta / bicicleta / veículo";"Com Vítimas Feridas";"Plena noite";"Crescente";"Ceu Claro";"Simples";"Reta";"Rural";1;0;1;0;0;0;1;1
83484179;"23/07/16";"Sábado";"20:45:00";"RS";386;"386";"BARAO DO TRIUNFO";"Animais na Pista";"Atropelamento de animal";"Sem Vítimas";"Plena noite";"Crescente";"Ceu Claro";"Dupla";"Reta";"Urbano";3;0;0;0;3;0;0;1
83484180;"24/07/16";"Domingo";"04:40:00";"PI";343;"8";"PARNAIBA";"Ingestão de álcool";"Queda de motocicleta / bicicleta / veículo";"Com Vítimas Feridas";"Amanhecer";"Crescente";"Ceu Claro";"Dupla";"Reta";"Urbano";1;0;1;0;0;0;1;1
83484181;"24/07/16";"Domingo";"04:00:00";"SC";480;"125,1";"CHAPECO";"Ingestão de álcool";"Capotamento";"Com Vítimas Feridas";"Plena noite";"Decrescente";"Ceu Claro";"Dupla";"Reta";"Urbano";2;0;1;0;0;1;1;1
83484182;"24/07/16";"Domingo";"04:40:00";"DF";60;"12";"BRASILIA";"Outras";"Saída de Pista";"Com Vítimas Feridas";"Plena noite";"Decrescente";"Ceu Claro";"Dupla";"Reta";"Rural";1;0;1;0;0;0;1;1
83484183;"23/07/16";"Sábado";"21:14:00";"DF";20;"24";"BRASILIA";"Falta de atenção";"Colisão lateral";"Com Vítimas Feridas";"Plena noite";"Crescente";"Ceu Claro";"Dupla";"Reta";"Urbano";5;0;3;0;2;0;3;2
83484184;"24/07/16";"Domingo";"04:40:00";"PR";369;"94,6";"CORNELIO PROCOPIO";"Dormindo";"Saída de Pista";"Com Vítimas Feridas";"Plena noite";"Decrescente";"Ceu Claro";"Simples";"Curva";"Rural";1;0;1;0;0;0;1;1
83484185;"24/07/16";"Domingo";"04:50:00";"RJ";393;"172,2";"TRES RIOS";"Dormindo";"Colisão lateral";"Com Vítimas Feridas";"Plena noite";"Crescente";"Ignorada";"Simples";"Curva";"Rural";4;0;3;0;1;0;3;2
83484186;"24/07/16";"Domingo";"03:50:00";"CE";116;"125,6";"RUSSAS";"Defeito mecânico em veículo";"Capotamento";"Sem Vítimas";"Plena noite";"Decrescente";"Vento";"Simples";"Reta";"Rural";1;0;0;0;1;0;0;1
83484187;"24/07/16";"Domingo";"05:20:00";"RS";386;"361,9";"BOM RETIRO DO SUL";"Velocidade incompatível";"Saída de Pista";"Sem Vítimas";"Plena noite";"Crescente";"Ceu Claro";"Simples";"Curva";"Urbano";1;0;0;0;1;0;0;1
83484188;"24/07/16";"Domingo";"03:10:00";"MG";116;"12,5";"AGUAS VERMELHAS";"Outras";"Capotamento";"Com Vítimas Feridas";"Plena noite";"Crescente";"Ignorada";"Simples";"Reta";"Rural";1;0;1;0;0;0;1;1
83484189;"24/07/16";"Domingo";"05:00:00";"PR";476;"124,8";"CURITIBA";"Ingestão de álcool";"Colisão traseira";"Com Vítimas Feridas";"Plena noite";"Decrescente";"Nevoeiro/neblina";"Múltipla";"Reta";"Urbano";2;0;1;0;0;1;1;2
83484190;"23/07/16";"Sábado";"13:40:00";"MG";116;"414";"GOVERNADOR VALADARES";"Falta de atenção";"Colisão Transversal";"Com Vítimas Feridas";"Pleno dia";"Crescente";"Ceu Claro";"Simples";"Cruzamento";"Urbano";2;0;1;0;1;0;1;2
83484191;"20/07/16";"Quarta";"10:30:00";"PR";369;"141";"IBIPORA";"Falta de atenção";"Colisão traseira";"Sem Vítimas";"Pleno dia";"Decrescente";"Ceu Claro";"Dupla";"Cruzamento";"Urbano";2;0;0;0;2;0;0;2
83484192;"23/07/16";"Sábado";"07:30:00";"BA";101;"557";"ARATACA";"Outras";"Saída de Pista";"Sem Vítimas";"Pleno dia";"Crescente";"Chuva";"Simples";"Curva";"Rural";1;0;0;0;1;0;0;1
83484193;"23/07/16";"Sábado";"07:35:00";"BA";101;"557";"ARATACA";"Outras";"Colisão com objeto fixo";"Sem Vítimas";"Pleno dia";"Crescente";"Chuva";"Simples";"Curva";"Rural";1;0;0;0;1;0;0;1
83484194;"20/07/16";"Quarta";"21:30:00";"MG";365;"464";"PATROCINIO";"Animais na Pista";"Atropelamento de animal";"Com Vítimas Fatais";"Plena noite";"Decrescente";"Ceu Claro";"Simples";"Reta";"Rural";2;2;0;0;0;0;0;1
83484195;"24/07/16";"Domingo";"05:00:00";"MT";174;"273";"PONTES E LACERDA";"Falta de atenção";"Saída de Pista";"Com Vítimas Feridas";"Plena noite";"Crescente";"Ceu Claro";"Simples";"Reta";"Rural";1;0;1;0;0;0;1;1
83484196;"24/07/16";"Domingo";"05:30:00";"MG";40;"730,6";"SANTOS DUMONT";"Velocidade incompatível";"Capotamento";"Com Vítimas Feridas";"Anoitecer";"Decrescente";"Nublado";"Dupla";"Curva";"Rural";2;0;0;1;1;0;1;1
83484197;"24/07/16";"Domingo";"05:15:00";"MG";381;"490,5";"BETIM";"Dormindo";"Colisão com objeto fixo";"Sem Vítimas";"Plena noite";"Decrescente";"Ceu Claro";"Simples";"Reta";"Urbano";1;0;0;0;1;0;0;1
83484198;"24/07/16";"Domingo";"04:15:00";"SE";235;"54,5";"ITABAIANA";"Ingestão de álcool";"Queda de motocicleta / bicicleta / veículo";"Com Vítimas Feridas";"Plena noite";"Decrescente";"Nublado";"Simples";"Reta";"Urbano";1;0;1;0;0;0;1;1
83484199;"23/07/16";"Sábado";"12:00:00";"MG";381;"395";"BOM JESUS DO AMPARO";"Outras";"Colisão Transversal";"Com Vítimas Feridas";"Pleno dia";"Crescente";"Ceu Claro";"Simples";"Reta";"Rural";2;0;2;0;0;0;2;2
83484200;"24/07/16";"Domingo";"00:00:00";"PE";232;"255";"ARCOVERDE";"Animais na Pista";"Atropelamento de animal";"Com Vítimas Feridas";"Plena noite";"Decrescente";"Nublado";"Simples";"Reta";"Rural";1;0;0;1;0;0;1;1
83484201;"15/07/16";"Sexta";"17:10:00";"BA";324;"7";"FEIRA DE SANTANA";"Falta de atenção";"Colisão traseira";"Com Vítimas Feridas";"Pleno dia";"Decrescente";"Ceu Claro";"Simples";"Reta";"Urbano";3;0;0;2;0;1;2;2
83484202;"24/07/16";"Domingo";"01:20:00";"GO";60;"373,8";"RIO VERDE";"Outras";"Saída de Pista";"Com Vítimas Feridas";"Plena noite";"Crescente";"Ceu Claro";"Dupla";"Reta";"Rural";1;0;1;0;0;0;1;1
83484203;"21/07/16";"Quinta";"14:45:00";"PR";158;"523";"PATO BRANCO";"Outras";"Saída de Pista";"Sem Vítimas";"Pleno dia";"Crescente";"Ceu Claro";"Simples";"Reta";"Urbano";2;0;0;0;2;0;0;1
83484204;"20/07/16";"Quarta";"23:30:00";"SP";116;"122,2";"CACAPAVA";"Outras";"Capotamento";"Ignorado";"Plena noite";"Decrescente";"Ceu Claro";"Dupla";"Reta";"Urbano";1;0;0;0;0;1;0;1
83484205;"20/07/16";"Quarta";"08:00:00";"MA";230;"1";"BARAO DE GRAJAU";"Ingestão de álcool";"Colisão frontal";"Sem Vítimas";"Pleno dia";"Crescente";"Ceu Claro";"Simples";"Reta";"Urbano";2;0;0;0;2;0;0;2
83484206;"24/07/16";"Domingo";"05:20:00";"RJ";116;"171";"SAO JOAO DE MERITI";"Outras";"Atropelamento de animal";"Com Vítimas Feridas";"Amanhecer";"Decrescente";"Ceu Claro";"Múltipla";"Reta";"Urbano";1;0;1;0;0;0;1;1
83484207;"24/07/16";"Domingo";"04:50:00";"PI";316;"5,7";"TERESINA";"Dormindo";"Colisão com objeto fixo";"Com Vítimas Feridas";"Plena noite";"Crescente";"Ceu Claro";"Múltipla";"Reta";"Urbano";2;0;2;0;0;0;2;2
83484208;"20/07/16";"Quarta";"13:10:00";"BA";116;"390";"SANTA BARBARA";"Outras";"Colisão lateral";"Com Vítimas Fatais";"Pleno dia";"Crescente";"Ceu Claro";"Simples";"Reta";"Urbano";3;1;0;1;1;0;1;2
83484210;"24/07/16";"Domingo";"04:00:00";"SP";381;"49,2";"ATIBAIA";"Falta de atenção";"Colisão traseira";"Com Vítimas Feridas";"Plena noite";"Decrescente";"Ceu Claro";"Dupla";"Reta";"Rural";3;0;1;0;1;1;1;2
83484211;"20/07/16";"Quarta";"19:10:00";"MG";381;"513";"IGARAPE";"Falta de atenção";"Colisão lateral";"Com Vítimas Feridas";"Plena noite";"Decrescente";"Ceu Claro";"Dupla";"Reta";"Urbano";2;0;1;0;1;0;1;2
83484212;"20/07/16";"Quarta";"22:45:00";"SC";101;"451,5";"SAO JOAO DO SUL";"Outras";"Colisão traseira";"Sem Vítimas";"Plena noite";"Crescente";"Ceu Claro";"Dupla";"Reta";"Rural";2;0;0;0;2;0;0;2
83484213;"17/07/16";"Domingo";"01:00:00";"MG";262;"842,8";"UBERABA";"Ingestão de álcool";"Saída de Pista";"Sem Vítimas";"Plena noite";"Decrescente";"Ceu Claro";"Dupla";"Reta";"Rural";1;0;0;0;1;0;0;1
83484214;"24/07/16";"Domingo";"03:00:00";"RJ";116;"246";"PIRAI";"Outras";"Colisão lateral";"Sem Vítimas";"Plena noite";"Crescente";"Ceu Claro";"Dupla";"Curva";"Rural";2;0;0;0;1;1;0;2
83484215;"23/07/16";"Sábado";"01:30:00";"MT";70;"63";"BARRA DO GARCAS";"Velocidade incompatível";"Capotamento";"Com Vítimas Feridas";"Plena noite";"Decrescente";"Ceu Claro";"Simples";"Reta";"Rural";1;0;1;0;0;0;1;1
83484216;"20/07/16";"Quarta";"22:01:00";"RO";319;"61,5";"PORTO VELHO";"Desobediência à sinalização";"Colisão Transversal";"Com Vítimas Feridas";"Plena noite";"Decrescente";"Ceu Claro";"Múltipla";"Cruzamento";"Urbano";2;0;2;0;0;0;2;2