"id";"data_inversa";"dia_semana";"horario";"uf";"br";"km";"municipio";"causa_acidente";"tipo_acidente";"classificacao_acidente";"fase_dia";"sentido_via";"condicao_metereologica";"tipo_pista";"tracado_via";"uso_solo";"pessoas";"mortos";"feridos_leves";"feridos_graves";"ilesos";"ignorados";"feridos";"veiculos"
83484327;"22/07/16";"Sexta";"06:50:00";"MG";365;"523";"MONTE CARMELO";"Falta de atenção";"Colisão Transversal";"Com Vítimas Fatais";"Pleno dia";"Crescente";"Ceu Claro";"Simples";"Reta";"Urbano";3;1;0;0;2;0;0;3
83484328;"24/07/16";"Domingo";"07:00:00";"CE";222;"13";"CAUCAIA";"Outras";"Saída de Pista";"Com Vítimas Feridas";"Pleno dia";"Crescente";"Ceu Claro";"Simples";"Reta";"Urbano";2;0;2;0;0;0;2;1
83484330;"21/07/16";"Quinta";"04:00:00";"SP";116;"199";"ARUJA";"Outras";"Saída de Pista";"Ignorado";"Plena noite";"Decrescente";"Ceu Claro";"Simples";"Curva";"Urbano";1;0;0;0;0;1;0;1
83484331;"20/07/16";"Quarta";"14:35:00";"SP";116;"1";"GUARULHOS";"Falta de atenção";"Colisão lateral";"Com Vítimas Feridas";"Pleno dia";"Crescente";"Ceu Claro";"Múltipla";"Curva";"Urbano";3;0;1;0;1;1;1;3
83484332;"24/07/16";"Domingo";"10:20:00";"SP";116;"340";"MIRACATU";"Defeito mecânico em veículo";"Queda de motocicleta / bicicleta / veículo";"Com Vítimas Feridas";"Pleno dia";"Crescente";"Sol";"Dupla";"Reta";"Rural";1;0;1;0;0;0;1;1
83484333;"23/07/16";"Sábado";"01:02:00";"MG";262;"399";"PARA DE MINAS";"Outras";"Capotamento";"Com Vítimas Fatais";"Plena noite";"Crescente";"Ceu Claro";"Dupla";"Reta";"Urbano";1;1;0;0;0;0;0;1
83484334;"24/07/16";"Domingo";"16:40:00";"RS";116;"292,1";"ELDORADO DO SUL";"Outras";"Colisão Transversal";"Sem Vítimas";"Pleno dia";"Decrescente";"Ceu Claro";"Dupla";"Reta";"Rural";3;0;0;0;3;0;0;2
83484335;"21/07/16";"Quinta";"23:40:00";"PR";277;"599,7";"CASCAVEL";"Animais na Pista";"Atropelamento de animal";"Com Vítimas Feridas";"Plena noite";"Crescente";"Nublado";"Dupla";"Reta";"Rural";2;0;2;0;0;0;2;1
83484337;"24/07/16";"Domingo";"14:30:00";"PR";277;"361";"GUARAPUAVA";"Outras";"Saída de Pista";"Sem Vítimas";"Pleno dia";"Decrescente";"Ceu Claro";"Simples";"Reta";"Rural";1;0;0;0;1;0;0;1
83484338;"23/07/16";"Sábado";"07:30:00";"PA";316;"92";"SAO FRANCISCO DO PARA";"Falta de atenção";"Colisão frontal";"Com Vítimas Feridas";"Pleno dia";"Crescente";"Ceu Claro";"Dupla";"Reta";"Rural";2;0;1;1;0;0;2;2
83484339;"24/07/16";"Domingo";"18:20:00";"RS";386;"341";"LAJEADO";"Não guardar distância de segurança";"Colisão traseira";"Sem Vítimas";"Anoitecer";"Crescente";"Ceu Claro";"Simples";"Reta";"Rural";3;0;0;0;3;0;0;3
83484340;"24/07/16";"Domingo";"16:00:00";"SC";101;"136,9";"BALNEARIO CAMBORIU";"Falta de atenção";"Colisão lateral";"Com Vítimas Feridas";"Pleno dia";"Decrescente";"Sol";"Dupla";"Reta";"Urbano";2;0;1;0;1;0;1;2
83484341;"24/07/16";"Domingo";"14:40:00";"RO";364;"441";"JARU";"Falta de atenção";"Colisão lateral";"Com Vítimas Feridas";"Pleno dia";"Decrescente";"Ceu Claro";"Simples";"Reta";"Rural";6;0;2;0;4;0;2;2
83484342;"24/07/16";"Domingo";"16:00:00";"SP";116;"219";"GUARULHOS";"Falta de atenção";"Colisão lateral";"Sem Vítimas";"Pleno dia";"Crescente";"Ceu Claro";"Múltipla";"Reta";"Urbano";2;0;0;0;2;0;0;2
83484343;"24/07/16";"Domingo";"16:20:00";"MG";135;"473";"MONTES CLAROS";"Velocidade incompatível";"Saída de Pista";"Com Vítimas Feridas";"Pleno dia";"Decrescente";"Sol";"Simples";"Curva";"Rural";2;0;2;0;0;0;2;1
83484344;"24/07/16";"Domingo";"16:50:00";"BA";407;"133,6";"SENHOR DO BONFIM";"Outras";"Queda de motocicleta / bicicleta / veículo";"Com Vítimas Feridas";"Pleno dia";"Decrescente";"Ceu Claro";"Simples";"Reta";"Rural";1;0;0;1;0;0;1;1
83484345;"24/07/16";"Domingo";"11:10:00";"MG";381;"778,1";"CAMPANHA";"Falta de atenção";"Tombamento";"Sem Vítimas";"Pleno dia";"Decrescente";"Ceu Claro";"Dupla";"Reta";"Rural";1;0;0;0;1;0;0;1
83484347;"24/07/16";"Domingo";"14:30:00";"MT";163;"84";"RONDONOPOLIS";"Falta de atenção";"Colisão traseira";"Com Vítimas Feridas";"Pleno dia";"Crescente";"Sol";"Dupla";"Reta";"Rural";3;0;1;1;1;0;2;2
83484348;"24/07/16";"Domingo";"12:10:00";"MG";381;"788,9";"CAMPANHA";"Outras";"Saída de Pista";"Com Vítimas Feridas";"Pleno dia";"Crescente";"Ceu Claro";"Dupla";"Reta";"Rural";2;0;2;0;0;0;2;1
83484349;"24/07/16";"Domingo";"12:00:00";"RO";364;"50";"VILHENA";"Outras";"Colisão traseira";"Sem Vítimas";"Pleno dia";"Decrescente";"Ceu Claro";"Simples";"Reta";"Rural";4;0;0;0;4;0;0;4
83484350;"24/07/16";"Domingo";"18:40:00";"PR";277;"583,5";"CASCAVEL";"Não guardar distância de segurança";"Colisão traseira";"Com Vítimas Feridas";"Anoitecer";"Crescente";"Ceu Claro";"Simples";"Reta";"Urbano";5;0;1;0;4;0;1;4
83484352;"24/07/16";"Domingo";"17:10:00";"MG";146;"511,9";"POCOS DE CALDAS";"Ultrapassagem indevida";"Saída de Pista";"Com Vítimas Feridas";"Anoitecer";"Crescente";"Ceu Claro";"Simples";"Reta";"Rural";1;0;1;0;0;0;1;1
83484353;"24/07/16";"Domingo";"04:46:00";"RS";116;"397,9";"CAMAQUA";"Ingestão de álcool";"Colisão com objeto fixo";"Sem Vítimas";"Plena noite";"Crescente";"Ceu Claro";"Simples";"Cruzamento";"Urbano";1;0;0;0;1;0;0;1
83484354;"24/07/16";"Domingo";"15:30:00";"SP";116;"133,5";"CACAPAVA";"Não guardar distância de segurança";"Colisão traseira";"Sem Vítimas";"Pleno dia";"Crescente";"Ceu Claro";"Dupla";"Reta";"Rural";3;0;0;0;3;0;0;3
83484355;"24/07/16";"Domingo";"18:10:00";"GO";153;"510,5";"APARECIDA DE GOIANIA";"Outras";"Queda de motocicleta / bicicleta / veículo";"Com Vítimas Feridas";"Anoitecer";"Decrescente";"Ceu Claro";"Dupla";"Reta";"Urbano";2;0;2;0;0;0;2;1
83484356;"24/07/16";"Domingo";"16:50:00";"PA";316;"19";"BENEVIDES";"Falta de atenção";"Colisão traseira";"Com Vítimas Feridas";"Pleno dia";"Decrescente";"Ceu Claro";"Dupla";"Reta";"Rural";2;0;1;0;1;0;1;2
83484357;"24/07/16";"Domingo";"17:30:00";"SC";470;"68";"INDAIAL";"Falta de atenção";"Colisão Transversal";"Com Vítimas Feridas";"Pleno dia";"Decrescente";"Nublado";"Simples";"Reta";"Urbano";2;0;1;0;1;0;1;2
83484358;"24/07/16";"Domingo";"15:30:00";"BA";116;"563,5";"BREJOES";"Outras";"Saída de Pista";"Sem Vítimas";"Pleno dia";"Decrescente";"Ceu Claro";"Simples";"Reta";"Rural";1;0;0;0;1;0;0;1
83484359;"24/07/16";"Domingo";"16:00:00";"MG";365;"402";"PATOS DE MINAS";"Falta de atenção";"Saída de Pista";"Com Vítimas Feridas";"Pleno dia";"Crescente";"Ceu Claro";"Simples";"Curva";"Rural";2;0;2;0;0;0;2;1
83484360;"16/07/16";"Sábado";"15:45:00";"PE";232;"187";"BELO JARDIM";"Dormindo";"Colisão Transversal";"Com Vítimas Fatais";"Pleno dia";"Decrescente";"Ceu Claro";"Simples";"Reta";"Rural";5;1;0;3;1;0;3;2
83484361;"08/07/16";"Sexta";"13:40:00";"SC";101;"122,8";"ITAJAI";"Outras";"Colisão traseira";"Com Vítimas Feridas";"Pleno dia";"Decrescente";"Nublado";"Dupla";"Reta";"Urbano";2;0;0;1;1;0;1;2
83484362;"20/07/16";"Quarta";"19:30:00";"RJ";101;"164";"MACAE";"Outras";"Colisão frontal";"Com Vítimas Fatais";"Plena noite";"Crescente";"Ceu Claro";"Simples";"Reta";"Rural";5;1;1;0;3;0;1;5
83484363;"24/07/16";"Domingo";"17:05:00";"PE";408;"100";"SAO LOURENCO DA MATA";"Falta de atenção";"Colisão Transversal";"Com Vítimas Feridas";"Anoitecer";"Decrescente";"Chuva";"Dupla";"Curva";"Urbano";2;0;1;1;0;0;2;2
83484364;"24/07/16";"Domingo";"17:35:00";"MG";40;"510,4";"RIBEIRAO DAS NEVES";"Falta de atenção";"Saída de Pista";"Com Vítimas Feridas";"Pleno dia";"Crescente";"Ceu Claro";"Dupla";"Reta";"Urbano";2;0;1;1;0;0;2;1
83484365;"24/07/16";"Domingo";"13:20:00";"RS";392;"61,1";"PELOTAS";"Outras";"Tombamento";"Com Vítimas Feridas";"Pleno dia";"Crescente";"Ceu Claro";"Simples";"Curva";"Rural";2;0;2;0;0;0;2;1
83484366;"24/07/16";"Domingo";"17:30:00";"MG";40;"510,5";"RIBEIRAO DAS NEVES";"Velocidade incompatível";"Saída de Pista";"Com Vítimas Feridas";"Pleno dia";"Crescente";"Sol";"Dupla";"Reta";"Urbano";5;0;0;3;2;0;3;1
83484367;"24/07/16";"Domingo";"15:00:00";"SP";116;"133,6";"CACAPAVA";"Falta de atenção";"Colisão traseira";"Sem Vítimas";"Pleno dia";"Crescente";"Sol";"Dupla";"Reta";"Urbano";3;0;0;0;1;2;0;3
83484368;"24/07/16";"Domingo";"15:15:00";"MG";40;"598,1";"OURO PRETO";"Não guardar distância de segurança";"Colisão traseira";"Com Vítimas Feridas";"Pleno dia";"Decrescente";"Sol";"Simples";"Curva";"Rural";8;0;1;0;7;0;1;2
83484369;"24/07/16";"Domingo";"17:00:00";"RS";116;"242";"SAO LEOPOLDO";"Velocidade incompatível";"Colisão traseira";"Com Vítimas Feridas";"Pleno dia";"Crescente";"Sol";"Múltipla";"Reta";"Urbano";5;0;2;0;3;0;2;3
83484370;"24/07/16";"Domingo";"16:00:00";"PA";308;"207";"BRAGANCA";"Outras";"Queda de motocicleta / bicicleta / veículo";"Com Vítimas Feridas";"Pleno dia";"Decrescente";"Ceu Claro";"Simples";"Curva";"Rural";1;0;1;0;0;0;1;1
83484371;"24/07/16";"Domingo";"16:15:00";"SC";101;"212";"PALHOCA";"Falta de atenção";"Colisão traseira";"Sem Vítimas";"Pleno dia";"Decrescente";"Sol";"Dupla";"Reta";"Urbano";3;0;0;0;3;0;0;3
83484372;"24/07/16";"Domingo";"18:20:00";"PR";153;"37,7";"SANTO ANTONIO DA PLATINA";"Ultrapassagem indevida";"Colisão lateral";"Com Vítimas Feridas";"Plena noite";"Decrescente";"Ceu Claro";"Simples";"Curva";"Rural";2;0;1;0;0;1;1;2
83484373;"24/07/16";"Domingo";"15:00:00";"RJ";465;"21";"NOVA IGUACU";"Outras";"Atropelamento de pessoa";"Com Vítimas Feridas";"Pleno dia";"Decrescente";"Ceu Claro";"Simples";"Reta";"Urbano";2;0;0;1;1;0;1;1
83484374;"17/07/16";"Domingo";"05:50:00";"MT";364;"296";"JACIARA";"Defeito na via";"Saída de Pista";"Sem Vítimas";"Anoitecer";"Decrescente";"Ceu Claro";"Simples";"Curva";"Rural";1;0;0;0;1;0;0;1
83484375;"24/07/16";"Domingo";"17:00:00";"SC";470;"9";"NAVEGANTES";"Falta de atenção";"Colisão traseira";"Sem Vítimas";"Pleno dia";"Crescente";"Nublado";"Simples";"Reta";"Urbano";3;0;0;0;3;0;0;3
83484376;"24/07/16";"Domingo";"16:00:00";"ES";101;"153";"LINHARES";"Ingestão de álcool";"Colisão traseira";"Com Vítimas Feridas";"Pleno dia";"Decrescente";"Nublado";"Simples";"Reta";"Rural";4;0;1;0;3;0;1;3
83484377;"24/07/16";"Domingo";"18:10:00";"PE";408;"94";"SAO LOURENCO DA MATA";"Outras";"Colisão lateral";"Com Vítimas Feridas";"Plena noite";"Decrescente";"Ceu Claro";"Dupla";"Reta";"Rural";2;0;0;1;1;0;1;2
83484378;"24/07/16";"Domingo";"15:30:00";"RS";116;"244,4";"SAO LEOPOLDO";"Falta de atenção";"Colisão traseira";"Sem Vítimas";"Pleno dia";"Crescente";"Ceu Claro";"Múltipla";"Reta";"Urbano";3;0;0;0;3;0;0;3
83484379;"24/07/16";"Domingo";"18:30:00";"MG";40;"618,2";"CONGONHAS";"Velocidade incompatível";"Saída de Pista";"Sem Vítimas";"Plena noite";"Decrescente";"Ceu Claro";"Simples";"Curva";"Rural";1;0;0;0;1;0;0;1
83484380;"24/07/16";"Domingo";"00:30:00";"PR";116;"147";"MANDIRITUBA";"Outras";"Colisão lateral";"Sem Vítimas";"Pleno dia";"Crescente";"Nublado";"Simples";"Reta";"Rural";2;0;0;0;1;1;0;2
83484381;"24/07/16";"Domingo";"14:20:00";"SP";116;"210";"GUARULHOS";"Falta de atenção";"Colisão lateral";"Sem Vítimas";"Pleno dia";"Crescente";"Sol";"Múltipla";"Reta";"Urbano";2;0;0;0;2;0;0;2
83484382;"24/07/16";"Domingo";"19:20:00";"RJ";101;"571,5";"PARATI";"Falta de atenção";"Colisão Transversal";"Com Vítimas Feridas";"Plena noite";"Decrescente";"Ceu Claro";"Simples";"Reta";"Urbano";7;0;1;2;4;0;3;2
83484383;"16/07/16";"Sábado";"06:50:00";"AP";156;"203,7";"MACAPA";"Falta de atenção";"Tombamento";"Com Vítimas Feridas";"Pleno dia";"Crescente";"Sol";"Simples";"Reta";"Rural";5;0;2;2;1;0;4;1
83484384;"24/07/16";"Domingo";"16:50:00";"MG";40;"614,6";"CONGONHAS";"Falta de atenção";"Colisão Transversal";"Com Vítimas Fatais";"Pleno dia";"Decrescente";"Ceu Claro";"Simples";"Reta";"Rural";5;1;2;0;2;0;2;3
83484385;"24/07/16";"Domingo";"18:45:00";"MA";10;"248";"IMPERATRIZ";"Outras";"Colisão frontal";"Com Vítimas Feridas";"Anoitecer";"Crescente";"Ceu Claro";"Simples";"Reta";"Urbano";2;0;1;0;1;0;1;2
83484386;"24/07/16";"Domingo";"17:30:00";"PA";230;"630";"ALTAMIRA";"Falta de atenção";"Atropelamento de pessoa";"Com Vítimas Feridas";"Pleno dia";"Crescente";"Ceu Claro";"Simples";"Cruzamento";"Urbano";2;0;1;0;1;0;1;1
83484387;"24/07/16";"Domingo";"18:30:00";"PR";369;"42,2";"ANDIRA";"Outras";"Colisão traseira";"Sem Vítimas";"Plena noite";"Crescente";"Ceu Claro";"Simples";"Reta";"Rural";2;0;0;0;1;1;0;2
83484388;"24/07/16";"Domingo";"19:05:00";"SC";280;"197,2";"MAFRA";"Falta de atenção";"Queda de motocicleta / bicicleta / veículo";"Com Vítimas Feridas";"Plena noite";"Crescente";"Ceu Claro";"Simples";"Curva";"Rural";1;0;1;0;0;0;1;1
83484389;"24/07/16";"Domingo";"06:15:00";"MG";381;"892,4";"CAMBUI";"Falta de atenção";"Colisão traseira";"Com Vítimas Feridas";"Plena noite";"Crescente";"Ceu Claro";"Dupla";"Reta";"Rural";3;0;1;0;2;0;1;2
83484390;"13/07/16";"Quarta";"01:15:00";"BA";101;"731,5";"ITABELA";"Falta de atenção";"Saída de Pista";"Sem Vítimas";"Plena noite";"Crescente";"Ignorada";"Simples";"Curva";"Rural";1;0;0;0;1;0;0;1
83484391;"24/07/16";"Domingo";"19:30:00";"SC";470;"153";"AGRONOMICA";"Ingestão de álcool";"Colisão Transversal";"Com Vítimas Feridas";"Plena noite";"Crescente";"Ceu Claro";"Simples";"Curva";"Rural";5;0;2;0;2;1;2;2
83484392;"24/07/16";"Domingo";"19:55:00";"DF";70;"6";"BRASILIA";"Outras";"Colisão lateral";"Com Vítimas Feridas";"Plena noite";"Crescente";"Ceu Claro";"Simples";"Reta";"Urbano";6;0;5;0;1;0;5;2
83484393;"24/07/16";"Domingo";"18:20:00";"RS";116;"216,2";"MORRO REUTER";"Falta de atenção";"Atropelamento de pessoa";"Com Vítimas Feridas";"Anoitecer";"Crescente";"Ceu Claro";"Simples";"Reta";"Urbano";2;0;0;1;1;0;1;1
83484394;"24/07/16";"Domingo";"19:30:00";"GO";364;"164,5";"JATAI";"Outras";"Saída de Pista";"Com Vítimas Feridas";"Plena noite";"Crescente";"Ceu Claro";"Simples";"Curva";"Rural";1;0;0;1;0;0;1;1
83484396;"24/07/16";"Domingo";"19:35:00";"TO";153;"144";"ARAGUAINA";"Ingestão de álcool";"Atropelamento de pessoa";"Com Vítimas Feridas";"Plena noite";"Decrescente";"Ceu Claro";"Dupla";"Reta";"Urbano";3;0;2;1;0;0;3;1
83484397;"24/07/16";"Domingo";"17:00:00";"SC";470;"10,5";"NAVEGANTES";"Outras";"Colisão lateral";"Com Vítimas Feridas";"Pleno dia";"Decrescente";"Nublado";"Simples";"Reta";"Urbano";3;0;0;2;1;0;2;2
83484398;"24/07/16";"Domingo";"16:00:00";"MG";116;"640";"DIVINO";"Falta de atenção";"Colisão traseira";"Com Vítimas Feridas";"Pleno dia";"Crescente";"Ceu Claro";"Simples";"Reta";"Rural";3;0;2;0;1;0;2;2
83484399;"24/07/16";"Domingo";"19:35:00";"DF";70;"16,7";"BRASILIA";"Falta de atenção";"Capotamento";"Sem Vítimas";"Plena noite";"Decrescente";"Ceu Claro";"Dupla";"Reta";"Rural";3;0;0;0;3;0;0;2
83484400;"24/07/16";"Domingo";"17:30:00";"TO";153;"650,6";"GURUPI";"Outras";"Saída de Pista";"Com Vítimas Feridas";"Pleno dia";"Crescente";"Ceu Claro";"Simples";"Reta";"Rural";2;0;1;1;0;0;2;1
83484401;"24/07/16";"Domingo";"21:00:00";"MG";365;"0";"MONTES CLAROS";"Velocidade incompatível";"Saída de Pista";"Sem Vítimas";"Plena noite";"Decrescente";"Ceu Claro";"Simples";"Reta";"Urbano";1;0;0;0;1;0;0;1
83484402;"24/07/16";"Domingo";"16:30:00";"MG";267;"304,2";"CAXAMBU";"Falta de atenção";"Colisão Transversal";"Sem Vítimas";"Pleno dia";"Crescente";"Sol";"Simples";"Curva";"Urbano";6;0;0;0;6;0;0;2
83484403;"24/07/16";"Domingo";"18:00:00";"BA";101;"945";"MUCURI";"Outras";"Queda de motocicleta / bicicleta / veículo";"Com Vítimas Feridas";"Anoitecer";"Crescente";"Nublado";"Simples";"Reta";"Rural";2;0;1;0;1;0;1;1
83484404;"24/07/16";"Domingo";"16:30:00";"RS";116;"226,5";"DOIS IRMAOS";"Outras";"Colisão Transversal";"Com Vítimas Feridas";"Pleno dia";"Crescente";"Ceu Claro";"Simples";"Reta";"Urbano";3;0;1;1;1;0;2;2
83484405;"26/05/16";"Quinta";"23:00:00";"AL";423;"37,5";"INHAPI";"Animais na Pista";"Atropelamento de animal";"Com Vítimas Feridas";"Plena noite";"Crescente";"Ceu Claro";"Simples";"Reta";"Rural";14;0;3;11;0;0;14;1
83484406;"24/07/16";"Domingo";"19:29:00";"SP";116;"206";"GUARULHOS";"Não guardar distância de segurança";"Colisão traseira";"Sem Vítimas";"Pleno dia";"Crescente";"Sol";"Dupla";"Reta";"Urbano";2;0;0;0;2;0;0;2
83484407;"24/07/16";"Domingo";"21:50:00";"PE";316;"79,2";"OURICURI";"Outras";"Saída de Pista";"Com Vítimas Feridas";"Plena noite";"Decrescente";"Ceu Claro";"Simples";"Reta";"Rural";1;0;0;1;0;0;1;1
83484408;"24/07/16";"Domingo";"21:00:00";"SC";280;"118";"SAO BENTO DO SUL";"Ingestão de álcool";"Capotamento";"Sem Vítimas";"Plena noite";"Crescente";"Ceu Claro";"Simples";"Curva";"Rural";1;0;0;0;1;0;0;1
83484409;"24/07/16";"Domingo";"20:30:00";"RS";158;"193,8";"CRUZ ALTA";"Velocidade incompatível";"Tombamento";"Com Vítimas Feridas";"Plena noite";"Crescente";"Ceu Claro";"Simples";"Cruzamento";"Rural";1;0;1;0;0;0;1;1
83484411;"24/07/16";"Domingo";"17:50:00";"SC";101;"146,6";"ITAPEMA";"Não guardar distância de segurança";"Colisão Transversal";"Com Vítimas Feridas";"Pleno dia";"Decrescente";"Ceu Claro";"Múltipla";"Reta";"Urbano";4;0;2;0;2;0;2;3
83484412;"24/07/16";"Domingo";"19:30:00";"SC";280;"37";"ARAQUARI";"Falta de atenção";"Colisão Transversal";"Com Vítimas Feridas";"Plena noite";"Decrescente";"Ceu Claro";"Simples";"Reta";"Rural";2;0;1;0;1;0;1;2
83484413;"24/07/16";"Domingo";"18:40:00";"RS";116;"189";"NOVA PETROPOLIS";"Velocidade incompatível";"Saída de Pista";"Com Vítimas Feridas";"Plena noite";"Crescente";"Ceu Claro";"Simples";"Reta";"Rural";1;0;0;1;0;0;1;1
83484414;"24/07/16";"Domingo";"19:29:00";"PE";407;"40";"PETROLINA";"Não guardar distância de segurança";"Colisão traseira";"Com Vítimas Feridas";"Plena noite";"Crescente";"Ceu Claro";"Dupla";"Reta";"Rural";2;0;1;0;0;1;1;2
83484415;"23/07/16";"Sábado";"03:35:00";"SC";101;"209";"SAO JOSE";"Ingestão de álcool";"Colisão traseira";"Com Vítimas Feridas";"Plena noite";"Crescente";"Ignorada";"Dupla";"Reta";"Urbano";3;0;1;0;2;0;1;2
83484416;"24/07/16";"Domingo";"12:00:00";"RS";472;"132,2";"TRES DE MAIO";"Velocidade incompatível";"Tombamento";"Sem Vítimas";"Pleno dia";"Crescente";"Sol";"Simples";"Reta";"Urbano";2;0;0;0;2;0;0;1
83484417;"24/07/16";"Domingo";"22:05:00";"PR";376;"174,4";"MARINGA";"Ingestão de álcool";"Colisão Transversal";"Com Vítimas Feridas";"Plena noite";"Decrescente";"Ceu Claro";"Dupla";"Cruzamento";"Urbano";2;0;1;0;1;0;1;2
83484418;"22/07/16";"Sexta";"17:52:00";"SC";101;"97,6";"PICARRAS";"Defeito mecânico em veículo";"Tombamento";"Com Vítimas Feridas";"Pleno dia";"Decrescente";"Sol";"Dupla";"Reta";"Urbano";1;0;1;0;0;0;1;1
83484419;"20/07/16";"Quarta";"18:15:00";"AL";316;"255,1";"PILAR";"Desobediência à sinalização";"Colisão frontal";"Com Vítimas Feridas";"Plena noite";"Crescente";"Nublado";"Simples";"Reta";"Urbano";3;0;0;2;0;1;2;2
83484420;"24/07/16";"Domingo";"22:20:00";"GO";60;"167";"GOIANIA";"Ingestão de álcool";"Colisão lateral";"Sem Vítimas";"Plena noite";"Crescente";"Ceu Claro";"Dupla";"Reta";"Urbano";2;0;0;0;2;0;0;2
83484421;"24/07/16";"Domingo";"18:25:00";"RO";364;"384,2";"OURO PRETO DO OESTE";"Ingestão de álcool";"Colisão Transversal";"Com Vítimas Feridas";"Plena noite";"Crescente";"Ceu Claro";"Simples";"Cruzamento";"Urbano";2;0;1;0;0;1;1;2
83484422;"24/07/16";"Domingo";"21:50:00";"PR";153;"1,8";"JACAREZINHO";"Outras";"Atropelamento de pessoa";"Com Vítimas Feridas";"Plena noite";"Crescente";"Ceu Claro";"Simples";"Reta";"Rural";3;0;0;2;1;0;2;1
83484423;"24/07/16";"Domingo";"21:10:00";"SC";282;"260,5";"SAO JOSE DO CERRITO";"Velocidade incompatível";"Colisão Transversal";"Com Vítimas Feridas";"Plena noite";"Crescente";"Ceu Claro";"Simples";"Reta";"Rural";2;0;0;1;1;0;1;2
83484424;"16/07/16";"Sábado";"13:40:00";"SC";470;"11";"NAVEGANTES";"Falta de atenção";"Colisão Transversal";"Com Vítimas Feridas";"Pleno dia";"Crescente";"Nublado";"Simples";"Reta";"Rural";2;0;1;0;1;0;1;2
83484425;"24/07/16";"Domingo";"21:40:00";"RS";116;"346,5";"BARRA DO RIBEIRO";"Outras";"Saída de Pista";"Sem Vítimas";"Plena noite";"Decrescente";"Nublado";"Simples";"Reta";"Rural";1;0;0;0;1;0;0;1
83484426;"24/07/16";"Domingo";"23:10:00";"PI";316;"17,2";"TERESINA";"Falta de atenção";"Colisão traseira";"Com Vítimas Feridas";"Plena noite";"Crescente";"Ceu Claro";"Simples";"Reta";"Rural";5;0;2;2;1;0;4;2
83484427;"24/07/16";"Domingo";"10:50:00";"PB";101;"34";"MAMANGUAPE";"Defeito mecânico em veículo";"Saída de Pista";"Sem Vítimas";"Pleno dia";"Crescente";"Ceu Claro";"Dupla";"Reta";"Rural";1;0;0;0;1;0;0;1
83484428;"24/07/16";"Domingo";"22:00:00";"BA";324;"1,9";"FEIRA DE SANTANA";"Falta de atenção";"Colisão frontal";"Com Vítimas Feridas";"Plena noite";"Decrescente";"Ceu Claro";"Dupla";"Reta";"Urbano";3;0;1;1;1;0;2;2
83484429;"24/07/16";"Domingo";"16:30:00";"TO";153;"343";"GUARAI";"Defeito mecânico em veículo";"Saída de Pista";"Sem Vítimas";"Pleno dia";"Decrescente";"Sol";"Simples";"Reta";"Rural";1;0;0;0;1;0;0;1
83484430;"24/07/16";"Domingo";"22:40:00";"MT";70;"732,8";"CACERES";"Ingestão de álcool";"Saída de Pista";"Com Vítimas Feridas";"Plena noite";"Decrescente";"Ceu Claro";"Simples";"Reta";"Urbano";4;0;4;0;0;0;4;1
83484431;"24/07/16";"Domingo";"20:50:00";"RJ";40;"80";"PETROPOLIS";"Outras";"Tombamento";"Com Vítimas Feridas";"Pleno dia";"Crescente";"Ceu Claro";"Simples";"Curva";"Urbano";1;0;0;1;0;0;1;1
83484432;"25/07/16";"Segunda";"00:10:00";"SP";116;"513";"CAJATI";"Defeito mecânico em veículo";"Tombamento";"Sem Vítimas";"Plena noite";"Decrescente";"Nublado";"Dupla";"Curva";"Rural";2;0;0;0;2;0;0;1
83484433;"24/07/16";"Domingo";"21:00:00";"PA";316;"19";"BENEVIDES";"Ingestão de álcool";"Colisão traseira";"Com Vítimas Feridas";"Anoitecer";"Decrescente";"Nublado";"Dupla";"Reta";"Urbano";3;0;1;0;2;0;1;2
83484434;"17/07/16";"Domingo";"06:50:00";"PA";316;"48";"SANTA ISABEL DO PARA";"Falta de atenção";"Colisão lateral";"Com Vítimas Feridas";"Amanhecer";"Decrescente";"Ceu Claro";"Dupla";"Reta";"Urbano";2;0;1;0;1;0;1;2
83484435;"24/07/16";"Domingo";"18:20:00";"BA";242;"808";"BARREIRAS";"Ultrapassagem indevida";"Colisão lateral";"Sem Vítimas";"Anoitecer";"Crescente";"Ceu Claro";"Simples";"Reta";"Rural";3;0;0;0;2;1;0;2
83484436;"17/07/16";"Domingo";"17:55:00";"PB";230;"24,6";"JOAO PESSOA";"Outras";"Tombamento";"Com Vítimas Feridas";"Anoitecer";"Decrescente";"Ceu Claro";"Dupla";"Curva";"Urbano";1;0;0;1;0;0;1;1
83484437;"24/07/16";"Domingo";"18:00:00";"MG";364;"11,5";"FRUTAL";"Ingestão de álcool";"Saída de Pista";"Com Vítimas Fatais";"Plena noite";"Crescente";"Ceu Claro";"Simples";"Curva";"Rural";2;1;1;0;0;0;1;1
83484438;"24/07/16";"Domingo";"18:15:00";"SC";101;"217";"PALHOCA";"Falta de atenção";"Colisão traseira";"Sem Vítimas";"Anoitecer";"Decrescente";"Ceu Claro";"Múltipla";"Reta";"Urbano";3;0;0;0;3;0;0;3
83484439;"24/07/16";"Domingo";"17:30:00";"SC";282;"22";"SANTO AMARO DA IMPERATRIZ";"Falta de atenção";"Colisão Transversal";"Com Vítimas Feridas";"Pleno dia";"Crescente";"Ceu Claro";"Simples";"Cruzamento";"Urbano";4;0;3;0;1;0;3;2