"id";"data_inversa";"dia_semana";"horario";"uf";"br";"km";"municipio";"causa_acidente";"tipo_acidente";"classificacao_acidente";"fase_dia";"sentido_via";"condicao_metereologica";"tipo_pista";"tracado_via";"uso_solo";"pessoas";"mortos";"feridos_leves";"feridos_graves";"ilesos";"ignorados";"feridos";"veiculos"
83484440;"24/07/16";"Domingo";"14:40:00";"AL";316;"251,3";"PILAR";"Falta de atenção";"Colisão Transversal";"Com Vítimas Feridas";"Pleno dia";"Crescente";"Sol";"Simples";"Reta";"Rural";2;0;1;0;1;0;1;2
83484441;"24/07/16";"Domingo";"23:30:00";"RS";285;"480";"CORONEL BARROS";"Outras";"Colisão com objeto móvel";"Sem Vítimas";"Plena noite";"Decrescente";"Ceu Claro";"Simples";"Curva";"Rural";1;0;0;0;1;0;0;1
83484443;"25/07/16";"Segunda";"00:30:00";"MG";135;"410";"BOCAIUVA";"Outras";"Queda de motocicleta / bicicleta / veículo";"Com Vítimas Feridas";"Plena noite";"Decrescente";"Nevoeiro/neblina";"Simples";"Reta";"Urbano";1;0;1;0;0;0;1;1
83484444;"24/07/16";"Domingo";"21:40:00";"PR";116;"17";"COLOMBO";"Outras";"Colisão com objeto fixo";"Com Vítimas Feridas";"Plena noite";"Crescente";"Ceu Claro";"Dupla";"Reta";"Urbano";2;0;1;0;1;0;1;2
83484445;"25/07/16";"Segunda";"01:40:00";"RO";364;"605";"CANDEIAS DO JAMARI";"Outras";"Colisão frontal";"Com Vítimas Feridas";"Plena noite";"Crescente";"Ceu Claro";"Simples";"Reta";"Rural";3;0;0;1;2;0;1;3
83484446;"24/07/16";"Domingo";"23:10:00";"MS";262;"6";"TRES LAGOAS";"Desobediência à sinalização";"Colisão lateral";"Com Vítimas Feridas";"Plena noite";"Crescente";"Nublado";"Dupla";"Reta";"Urbano";4;0;1;1;2;0;2;2
83484447;"25/07/16";"Segunda";"04:00:00";"SC";101;"28,3";"JOINVILLE";"Outras";"Saída de Pista";"Sem Vítimas";"Plena noite";"Crescente";"Ceu Claro";"Dupla";"Reta";"Urbano";1;0;0;0;1;0;0;1
83484448;"24/07/16";"Domingo";"17:10:00";"GO";40;"10";"LUZIANIA";"Desobediência à sinalização";"Colisão traseira";"Com Vítimas Feridas";"Pleno dia";"Crescente";"Ceu Claro";"Dupla";"Reta";"Urbano";2;0;1;0;1;0;1;2
83484449;"24/07/16";"Domingo";"21:55:00";"MA";10;"342";"ITINGA DO MARANHAO";"Ultrapassagem indevida";"Colisão frontal";"Com Vítimas Fatais";"Plena noite";"Crescente";"Ceu Claro";"Simples";"Reta";"Rural";3;2;0;0;1;0;0;2
83484450;"24/07/16";"Domingo";"19:45:00";"PR";376;"548";"PALMEIRA";"Falta de atenção";"Colisão lateral";"Com Vítimas Feridas";"Plena noite";"Crescente";"Ceu Claro";"Dupla";"Reta";"Rural";5;0;2;0;3;0;2;2
83484451;"24/07/16";"Domingo";"11:30:00";"PA";230;"133";"MARABA";"Velocidade incompatível";"Colisão frontal";"Sem Vítimas";"Pleno dia";"Decrescente";"Ceu Claro";"Simples";"Reta";"Rural";2;0;0;0;2;0;0;2
83484452;"25/07/16";"Segunda";"03:40:00";"ES";101;"422";"ATILIO VIVACQUA";"Defeito mecânico em veículo";"Saída de Pista";"Sem Vítimas";"Plena noite";"Decrescente";"Ceu Claro";"Simples";"Reta";"Rural";1;0;0;0;1;0;0;1
83484453;"22/07/16";"Sexta";"18:20:00";"ES";259;"26,3";"COLATINA";"Velocidade incompatível";"Derramamento de Carga";"Sem Vítimas";"Plena noite";"Decrescente";"Ceu Claro";"Simples";"Curva";"Rural";1;0;0;0;1;0;0;1
83484454;"24/07/16";"Domingo";"19:00:00";"MG";40;"504,5";"ESMERALDAS";"Não guardar distância de segurança";"Colisão traseira";"Sem Vítimas";"Anoitecer";"Crescente";"Ceu Claro";"Dupla";"Reta";"Urbano";4;0;0;0;4;0;0;4
83484455;"25/07/16";"Segunda";"04:00:00";"RS";470;"215";"BENTO GONCALVES";"Velocidade incompatível";"Saída de Pista";"Ignorado";"Plena noite";"Crescente";"Ceu Claro";"Simples";"Curva";"Urbano";1;0;0;0;0;1;0;1
83484456;"24/07/16";"Domingo";"08:20:00";"MG";381;"374,9";"SAO GONCALO DO RIO ABAIXO";"Outras";"Colisão frontal";"Sem Vítimas";"Pleno dia";"Decrescente";"Ceu Claro";"Simples";"Curva";"Rural";3;0;0;0;2;1;0;3
83484457;"20/07/16";"Quarta";"12:30:00";"SP";116;"89,9";"PINDAMONHANGABA";"Falta de atenção";"Colisão lateral";"Sem Vítimas";"Pleno dia";"Decrescente";"Ceu Claro";"Dupla";"Reta";"Rural";2;0;0;0;1;1;0;2
83484458;"24/07/16";"Domingo";"16:00:00";"RJ";116;"207,5";"SEROPEDICA";"Desobediência à sinalização";"Atropelamento de pessoa";"Com Vítimas Feridas";"Pleno dia";"Crescente";"Ceu Claro";"Dupla";"Reta";"Urbano";2;0;0;1;1;0;1;1
83484459;"15/06/16";"Quarta";"04:00:00";"SE";101;"93";"NOSSA SENHORA DO SOCORRO";"Dormindo";"Tombamento";"Sem Vítimas";"Amanhecer";"Decrescente";"Ceu Claro";"Dupla";"Reta";"Urbano";1;0;0;0;1;0;0;1
83484460;"25/07/16";"Segunda";"01:45:00";"PE";110;"101,8";"SERTANIA";"Outras";"Atropelamento de pessoa";"Com Vítimas Fatais";"Plena noite";"Decrescente";"Ceu Claro";"Simples";"Reta";"Rural";2;1;0;0;0;1;0;1
83484461;"24/07/16";"Domingo";"15:00:00";"SC";101;"269,1";"IMBITUBA";"Falta de atenção";"Colisão lateral";"Com Vítimas Feridas";"Pleno dia";"Decrescente";"Sol";"Dupla";"Reta";"Rural";2;0;1;0;0;1;1;2
83484462;"24/07/16";"Domingo";"17:30:00";"SC";101;"281,4";"IMBITUBA";"Outras";"Saída de Pista";"Sem Vítimas";"Pleno dia";"Decrescente";"Sol";"Dupla";"Reta";"Rural";1;0;0;0;1;0;0;1
83484463;"25/07/16";"Segunda";"05:40:00";"SC";101;"391";"CRICIUMA";"Velocidade incompatível";"Capotamento";"Sem Vítimas";"Amanhecer";"Decrescente";"Nevoeiro/neblina";"Dupla";"Reta";"Urbano";1;0;0;0;1;0;0;1
83484464;"24/07/16";"Domingo";"19:20:00";"PR";369;"44,6";"BANDEIRANTES";"Outras";"Colisão frontal";"Com Vítimas Feridas";"Plena noite";"Crescente";"Ceu Claro";"Simples";"Curva";"Rural";3;0;0;1;2;0;1;3
83484465;"19/07/16";"Terça";"21:40:00";"MG";40;"514";"RIBEIRAO DAS NEVES";"Outras";"Capotamento";"Sem Vítimas";"Plena noite";"Decrescente";"Ignorada";"Dupla";"Reta";"Urbano";1;0;0;0;1;0;0;1
83484466;"24/07/16";"Domingo";"22:35:00";"MG";135;"511,7";"BUENOPOLIS";"Ingestão de álcool";"Colisão Transversal";"Com Vítimas Feridas";"Plena noite";"Decrescente";"Ceu Claro";"Simples";"Reta";"Urbano";6;0;5;0;1;0;5;2
83484467;"23/07/16";"Sábado";"19:50:00";"PB";230;"13,9";"CABEDELO";"Falta de atenção";"Colisão lateral";"Com Vítimas Feridas";"Anoitecer";"Decrescente";"Ceu Claro";"Dupla";"Reta";"Urbano";2;0;1;0;1;0;1;2
83484468;"24/07/16";"Domingo";"19:30:00";"PR";476;"254";"SAO MATEUS DO SUL";"Ingestão de álcool";"Capotamento";"Com Vítimas Feridas";"Plena noite";"Decrescente";"Ceu Claro";"Simples";"Reta";"Urbano";2;0;2;0;0;0;2;1
83484469;"24/07/16";"Domingo";"20:20:00";"MG";365;"598";"INDIANOPOLIS";"Falta de atenção";"Saída de Pista";"Sem Vítimas";"Plena noite";"Decrescente";"Ceu Claro";"Simples";"Reta";"Rural";1;0;0;0;1;0;0;1
83484470;"24/07/16";"Domingo";"23:45:00";"RS";290;"721";"URUGUAIANA";"Outras";"Capotamento";"Com Vítimas Feridas";"Plena noite";"Decrescente";"Ceu Claro";"Dupla";"Curva";"Urbano";1;0;1;0;0;0;1;1
83484472;"19/07/16";"Terça";"13:00:00";"MG";40;"532";"BELO HORIZONTE";"Outras";"Colisão com objeto móvel";"Sem Vítimas";"Pleno dia";"Decrescente";"Ceu Claro";"Dupla";"Reta";"Urbano";1;0;0;0;1;0;0;1
83484473;"21/07/16";"Quinta";"11:00:00";"PE";101;"97";"CABO DE SANTO AGOSTINHO";"Velocidade incompatível";"Capotamento";"Com Vítimas Feridas";"Pleno dia";"Decrescente";"Ceu Claro";"Dupla";"Reta";"Urbano";1;0;1;0;0;0;1;1
83484474;"22/07/16";"Sexta";"05:30:00";"RN";101;"97,8";"NATAL";"Outras";"Colisão lateral";"Com Vítimas Feridas";"Pleno dia";"Crescente";"Ceu Claro";"Dupla";"Reta";"Urbano";3;0;2;1;0;0;3;2
83484475;"17/07/16";"Domingo";"17:50:00";"ES";259;"0,4";"JOAO NEIVA";"Não guardar distância de segurança";"Colisão traseira";"Sem Vítimas";"Plena noite";"Decrescente";"Nublado";"Simples";"Reta";"Rural";2;0;0;0;1;1;0;2
83484476;"22/07/16";"Sexta";"20:00:00";"ES";262;"104";"VENDA NOVA DO IMIGRANTE";"Falta de atenção";"Colisão com bicicleta";"Com Vítimas Feridas";"Plena noite";"Decrescente";"Nublado";"Simples";"Cruzamento";"Urbano";2;0;1;0;1;0;1;2
83484477;"23/07/16";"Sábado";"10:15:00";"SP";381;"53";"ATIBAIA";"Falta de atenção";"Colisão traseira";"Com Vítimas Feridas";"Pleno dia";"Decrescente";"Sol";"Dupla";"Reta";"Rural";2;0;1;0;1;0;1;2
83484478;"24/07/16";"Domingo";"19:10:00";"RO";364;"295";"PRESIDENTE MEDICI";"Defeito mecânico em veículo";"Incêndio";"Sem Vítimas";"Plena noite";"Crescente";"Ceu Claro";"Simples";"Reta";"Rural";5;0;0;0;5;0;0;1
83484479;"12/07/16";"Terça";"22:35:00";"PR";153;"452,6";"UNIAO DA VITORIA";"Não guardar distância de segurança";"Colisão frontal";"Com Vítimas Feridas";"Plena noite";"Crescente";"Chuva";"Simples";"Reta";"Urbano";3;0;1;0;2;0;1;3
83484480;"24/07/16";"Domingo";"17:40:00";"BA";242;"598";"MUQUEM DO SAO FRANCISCO";"Outras";"Colisão traseira";"Sem Vítimas";"Anoitecer";"Decrescente";"Ceu Claro";"Simples";"Reta";"Rural";3;0;0;0;3;0;0;3
83484481;"02/07/16";"Sábado";"04:30:00";"MG";135;"564,4";"CORINTO";"Outras";"Saída de Pista";"Com Vítimas Feridas";"Plena noite";"Decrescente";"Ceu Claro";"Simples";"Reta";"Rural";3;0;3;0;0;0;3;1
83484482;"22/07/16";"Sexta";"03:00:00";"BA";116;"436";"TANQUINHO";"Falta de atenção";"Saída de Pista";"Sem Vítimas";"Plena noite";"Crescente";"Ceu Claro";"Dupla";"Reta";"Rural";1;0;0;0;1;0;0;1
83484483;"23/07/16";"Sábado";"19:30:00";"PA";316;"61";"CASTANHAL";"Ingestão de álcool";"Colisão traseira";"Com Vítimas Feridas";"Plena noite";"Crescente";"Ceu Claro";"Dupla";"Reta";"Urbano";2;0;1;0;1;0;1;2
83484484;"21/07/16";"Quinta";"23:00:00";"MG";381;"438,9";"SABARA";"Outras";"Colisão frontal";"Com Vítimas Feridas";"Plena noite";"Crescente";"Ceu Claro";"Dupla";"Curva";"Urbano";8;0;4;4;0;0;8;2
83484485;"21/07/16";"Quinta";"20:10:00";"DF";40;"5,8";"BRASILIA";"Outras";"Queda de motocicleta / bicicleta / veículo";"Com Vítimas Feridas";"Plena noite";"Crescente";"Ceu Claro";"Dupla";"Curva";"Urbano";1;0;1;0;0;0;1;1
83484486;"21/07/16";"Quinta";"17:15:00";"PR";280;"275";"MARMELEIRO";"Falta de atenção";"Colisão Transversal";"Com Vítimas Feridas";"Pleno dia";"Crescente";"Nublado";"Simples";"Curva";"Rural";2;0;0;1;1;0;1;2
83484487;"21/07/16";"Quinta";"23:50:00";"MG";50;"93,9";"UBERLANDIA";"Dormindo";"Colisão traseira";"Com Vítimas Feridas";"Plena noite";"Decrescente";"Ceu Claro";"Dupla";"Reta";"Rural";3;0;1;2;0;0;3;2
83484489;"25/07/16";"Segunda";"00:20:00";"BA";324;"356";"CAPIM GROSSO";"Outras";"Colisão traseira";"Com Vítimas Feridas";"Plena noite";"Decrescente";"Nublado";"Simples";"Reta";"Urbano";3;0;0;1;2;0;1;2
83484490;"21/07/16";"Quinta";"20:40:00";"PR";116;"60";"CAMPINA GRANDE DO SUL";"Velocidade incompatível";"Capotamento";"Com Vítimas Feridas";"Plena noite";"Decrescente";"Nublado";"Dupla";"Reta";"Rural";4;0;2;0;1;1;2;1
83484491;"18/07/16";"Segunda";"05:30:00";"PI";343;"72,3";"BURITI DOS LOPES";"Velocidade incompatível";"Colisão lateral";"Com Vítimas Fatais";"Amanhecer";"Crescente";"Ceu Claro";"Simples";"Reta";"Rural";3;1;1;0;1;0;1;2
83484492;"13/07/16";"Quarta";"22:30:00";"MG";381;"384";"SAO GONCALO DO RIO ABAIXO";"Outras";"Tombamento";"Com Vítimas Feridas";"Plena noite";"Decrescente";"Ceu Claro";"Simples";"Reta";"Rural";1;0;1;0;0;0;1;1
83484493;"21/07/16";"Quinta";"19:25:00";"RS";392;"47,1";"RIO GRANDE";"Ingestão de álcool";"Saída de Pista";"Sem Vítimas";"Plena noite";"Decrescente";"Ceu Claro";"Dupla";"Reta";"Rural";1;0;0;0;1;0;0;1
83484494;"25/07/16";"Segunda";"07:20:00";"RS";116;"248";"SAO LEOPOLDO";"Não guardar distância de segurança";"Colisão traseira";"Sem Vítimas";"Pleno dia";"Decrescente";"Ceu Claro";"Dupla";"Reta";"Urbano";2;0;0;0;1;1;0;2
83484495;"25/07/16";"Segunda";"08:00:00";"SC";280;"164,8";"MAFRA";"Falta de atenção";"Colisão Transversal";"Com Vítimas Feridas";"Pleno dia";"Decrescente";"Nevoeiro/neblina";"Simples";"Reta";"Rural";4;0;2;0;2;0;2;3
83484496;"22/07/16";"Sexta";"10:00:00";"MA";10;"254";"IMPERATRIZ";"Falta de atenção";"Colisão lateral";"Com Vítimas Feridas";"Amanhecer";"Crescente";"Ceu Claro";"Simples";"Reta";"Urbano";2;0;2;0;0;0;2;2
83484497;"21/07/16";"Quinta";"19:30:00";"MG";40;"435,6";"PARAOPEBA";"Falta de atenção";"Atropelamento de pessoa";"Com Vítimas Feridas";"Plena noite";"Decrescente";"Ceu Claro";"Dupla";"Reta";"Rural";2;0;1;0;1;0;1;1
83484498;"25/07/16";"Segunda";"08:10:00";"RS";153;"48,9";"ERECHIM";"Não guardar distância de segurança";"Colisão traseira";"Sem Vítimas";"Pleno dia";"Decrescente";"Sol";"Dupla";"Cruzamento";"Urbano";3;0;0;0;3;0;0;3
83484499;"10/07/16";"Domingo";"07:35:00";"MG";262;"22,1";"REDUTO";"Outras";"Capotamento";"Com Vítimas Feridas";"Amanhecer";"Crescente";"Nublado";"Simples";"Curva";"Rural";2;0;2;0;0;0;2;1
83484500;"25/07/16";"Segunda";"07:50:00";"SC";101;"209";"SAO JOSE";"Outras";"Colisão traseira";"Com Vítimas Feridas";"Pleno dia";"Decrescente";"Ceu Claro";"Múltipla";"Reta";"Urbano";3;0;2;0;1;0;2;3
83484501;"25/07/16";"Segunda";"06:50:00";"CE";222;"204,7";"SOBRAL";"Velocidade incompatível";"Tombamento";"Sem Vítimas";"Amanhecer";"Decrescente";"Ceu Claro";"Simples";"Curva";"Rural";1;0;0;0;1;0;0;1
83484502;"17/07/16";"Domingo";"18:05:00";"MG";381;"147";"GOVERNADOR VALADARES";"Ingestão de álcool";"Atropelamento de pessoa";"Com Vítimas Feridas";"Plena noite";"Decrescente";"Ceu Claro";"Simples";"Reta";"Urbano";2;0;0;1;1;0;1;1
83484503;"25/07/16";"Segunda";"07:50:00";"PE";316;"308";"FLORESTA";"Dormindo";"Saída de Pista";"Com Vítimas Feridas";"Pleno dia";"Crescente";"Nublado";"Simples";"Reta";"Rural";3;0;2;0;1;0;2;1
83484504;"24/07/16";"Domingo";"15:40:00";"RJ";40;"107";"DUQUE DE CAXIAS";"Defeito mecânico em veículo";"Incêndio";"Sem Vítimas";"Pleno dia";"Decrescente";"Sol";"Múltipla";"Reta";"Urbano";1;0;0;0;1;0;0;1
83484505;"25/07/16";"Segunda";"08:40:00";"GO";153;"511";"APARECIDA DE GOIANIA";"Defeito mecânico em veículo";"Queda de motocicleta / bicicleta / veículo";"Com Vítimas Feridas";"Pleno dia";"Decrescente";"Ceu Claro";"Múltipla";"Reta";"Urbano";1;0;1;0;0;0;1;1
83484506;"17/07/16";"Domingo";"03:20:00";"SE";101;"1,5";"PROPRIA";"Ingestão de álcool";"Atropelamento de animal";"Com Vítimas Fatais";"Amanhecer";"Crescente";"Ceu Claro";"Simples";"Reta";"Urbano";1;1;0;0;0;0;0;1
83484507;"21/07/16";"Quinta";"18:00:00";"RS";392;"0,9";"RIO GRANDE";"Outras";"Saída de Pista";"Com Vítimas Feridas";"Plena noite";"Decrescente";"Ceu Claro";"Simples";"Reta";"Urbano";1;0;1;0;0;0;1;1
83484508;"05/07/16";"Terça";"10:00:00";"SC";280;"20";"ARAQUARI";"Falta de atenção";"Colisão lateral";"Sem Vítimas";"Pleno dia";"Decrescente";"Ceu Claro";"Simples";"Reta";"Rural";3;0;0;0;3;0;0;3
83484509;"25/07/16";"Segunda";"06:50:00";"PB";434;"0,6";"UIRAUNA";"Falta de atenção";"Colisão traseira";"Com Vítimas Fatais";"Amanhecer";"Crescente";"Ceu Claro";"Simples";"Reta";"Rural";3;1;0;1;0;1;1;2
83484510;"03/07/16";"Domingo";"22:40:00";"AL";101;"77";"RIO LARGO";"Falta de atenção";"Colisão traseira";"Com Vítimas Feridas";"Plena noite";"Decrescente";"Chuva";"Simples";"Reta";"Rural";2;0;0;1;1;0;1;2
83484512;"25/07/16";"Segunda";"07:20:00";"RS";116;"248";"SAO LEOPOLDO";"Não guardar distância de segurança";"Colisão traseira";"Com Vítimas Feridas";"Pleno dia";"Crescente";"Nublado";"Múltipla";"Reta";"Urbano";3;0;1;0;2;0;1;3
83484513;"21/07/16";"Quinta";"23:20:00";"PI";316;"6";"TERESINA";"Outras";"Queda de motocicleta / bicicleta / veículo";"Com Vítimas Feridas";"Plena noite";"Crescente";"Ceu Claro";"Múltipla";"Reta";"Urbano";1;0;0;1;0;0;1;1
83484514;"21/07/16";"Quinta";"21:15:00";"RS";392;"5,4";"RIO GRANDE";"Outras";"Saída de Pista";"Com Vítimas Feridas";"Plena noite";"Crescente";"Ceu Claro";"Simples";"Curva";"Urbano";1;0;1;0;0;0;1;1
83484515;"25/07/16";"Segunda";"03:30:00";"MG";262;"797,2";"UBERABA";"Animais na Pista";"Atropelamento de animal";"Sem Vítimas";"Plena noite";"Decrescente";"Ceu Claro";"Simples";"Reta";"Rural";1;0;0;0;1;0;0;1
83484516;"22/07/16";"Sexta";"00:01:00";"PR";467;"102";"CASCAVEL";"Outras";"Saída de Pista";"Sem Vítimas";"Plena noite";"Crescente";"Ceu Claro";"Dupla";"Reta";"Rural";1;0;0;0;1;0;0;1
83484518;"22/07/16";"Sexta";"02:45:00";"RO";364;"425";"JARU";"Ingestão de álcool";"Queda de motocicleta / bicicleta / veículo";"Com Vítimas Feridas";"Plena noite";"Decrescente";"Ceu Claro";"Simples";"Reta";"Urbano";1;0;1;0;0;0;1;1
83484519;"17/07/16";"Domingo";"16:50:00";"MG";116;"408";"GOVERNADOR VALADARES";"Ingestão de álcool";"Colisão traseira";"Sem Vítimas";"Pleno dia";"Crescente";"Ceu Claro";"Simples";"Reta";"Urbano";2;0;0;0;2;0;0;2
83484520;"25/07/16";"Segunda";"08:30:00";"GO";153;"588,4";"PIRACANJUBA";"Dormindo";"Saída de Pista";"Com Vítimas Feridas";"Pleno dia";"Decrescente";"Ceu Claro";"Dupla";"Curva";"Rural";4;0;1;0;3;0;1;1
83484521;"01/06/16";"Quarta";"22:50:00";"PA";316;"18";"BENEVIDES";"Velocidade incompatível";"Colisão Transversal";"Com Vítimas Feridas";"Plena noite";"Decrescente";"Ignorada";"Dupla";"Reta";"Urbano";2;0;0;1;1;0;1;2
83484522;"25/07/16";"Segunda";"10:35:00";"PR";277;"7,5";"PARANAGUA";"Falta de atenção";"Queda de motocicleta / bicicleta / veículo";"Com Vítimas Feridas";"Pleno dia";"Crescente";"Sol";"Dupla";"Reta";"Rural";2;0;1;0;1;0;1;2
83484523;"23/07/16";"Sábado";"21:10:00";"ES";101;"166";"LINHARES";"Não guardar distância de segurança";"Colisão traseira";"Com Vítimas Feridas";"Plena noite";"Crescente";"Ceu Claro";"Dupla";"Reta";"Urbano";2;0;0;1;1;0;1;2
83484524;"25/07/16";"Segunda";"10:35:00";"RS";386;"345,2";"LAJEADO";"Falta de atenção";"Colisão lateral";"Sem Vítimas";"Pleno dia";"Decrescente";"Nublado";"Dupla";"Reta";"Urbano";2;0;0;0;2;0;0;2
83484525;"24/07/16";"Domingo";"05:00:00";"PR";277;"588,2";"CASCAVEL";"Outras";"Capotamento";"Com Vítimas Fatais";"Plena noite";"Decrescente";"Ceu Claro";"Simples";"Reta";"Rural";1;1;0;0;0;0;0;1
83484526;"25/07/16";"Segunda";"06:30:00";"BA";101;"846";"TEIXEIRA DE FREITAS";"Outras";"Saída de Pista";"Com Vítimas Feridas";"Amanhecer";"Decrescente";"Ceu Claro";"Simples";"Reta";"Rural";1;0;1;0;0;0;1;1
83484527;"25/07/16";"Segunda";"10:50:00";"PR";376;"203,6";"MANDAGUARI";"Outras";"Incêndio";"Sem Vítimas";"Pleno dia";"Decrescente";"Sol";"Dupla";"Reta";"Rural";1;0;0;0;1;0;0;1
83484528;"23/07/16";"Sábado";"05:30:00";"PR";158;"504,2";"PATO BRANCO";"Outras";"Saída de Pista";"Com Vítimas Feridas";"Amanhecer";"Decrescente";"Nevoeiro/neblina";"Simples";"Curva";"Rural";2;0;1;0;1;0;1;1
83484529;"25/07/16";"Segunda";"09:00:00";"PR";376;"183";"SARANDI";"Desobediência à sinalização";"Colisão Transversal";"Com Vítimas Feridas";"Pleno dia";"Decrescente";"Sol";"Dupla";"Cruzamento";"Urbano";2;0;1;0;1;0;1;2
83484530;"25/07/16";"Segunda";"10:20:00";"MS";163;"603,4";"SAO GABRIEL DO OESTE";"Não guardar distância de segurança";"Colisão com objeto fixo";"Sem Vítimas";"Pleno dia";"Decrescente";"Ceu Claro";"Dupla";"Reta";"Rural";1;0;0;0;1;0;0;1
83484531;"25/07/16";"Segunda";"11:15:00";"SC";280;"227,9";"TRES BARRAS";"Falta de atenção";"Capotamento";"Com Vítimas Feridas";"Pleno dia";"Crescente";"Ceu Claro";"Simples";"Reta";"Rural";1;0;0;1;0;0;1;1
83484532;"25/07/16";"Segunda";"10:50:00";"PE";101;"51,1";"ABREU E LIMA";"Falta de atenção";"Colisão Transversal";"Sem Vítimas";"Pleno dia";"Crescente";"Nublado";"Múltipla";"Reta";"Urbano";4;0;0;0;4;0;0;2
83484533;"17/07/16";"Domingo";"23:15:00";"PE";104;"30";"CARUARU";"Ingestão de álcool";"Colisão Transversal";"Com Vítimas Feridas";"Plena noite";"Decrescente";"Ceu Claro";"Simples";"Curva";"Urbano";3;0;1;1;1;0;2;2
83484534;"25/07/16";"Segunda";"07:12:00";"PR";277;"83";"CURITIBA";"Não guardar distância de segurança";"Colisão lateral";"Com Vítimas Feridas";"Pleno dia";"Crescente";"Ceu Claro";"Dupla";"Reta";"Urbano";2;0;1;0;0;1;1;2
83484535;"25/07/16";"Segunda";"08:40:00";"MA";230;"404";"BALSAS";"Desobediência à sinalização";"Colisão Transversal";"Com Vítimas Feridas";"Pleno dia";"Decrescente";"Sol";"Múltipla";"Cruzamento";"Urbano";2;0;1;0;1;0;1;2
83484537;"21/07/16";"Quinta";"13:50:00";"ES";101;"268,5";"SERRA";"Desobediência à sinalização";"Atropelamento de pessoa";"Com Vítimas Fatais";"Pleno dia";"Crescente";"Ceu Claro";"Dupla";"Reta";"Urbano";2;1;0;0;1;0;0;1
83484538;"25/07/16";"Segunda";"06:40:00";"MG";381;"794";"SAO GONCALO DO SAPUCAI";"Velocidade incompatível";"Saída de Pista";"Com Vítimas Feridas";"Pleno dia";"Crescente";"Ceu Claro";"Dupla";"Curva";"Urbano";1;0;0;1;0;0;1;1
83484539;"21/07/16";"Quinta";"10:35:00";"SP";116;"212";"GUARULHOS";"Defeito mecânico em veículo";"Colisão com objeto fixo";"Com Vítimas Feridas";"Pleno dia";"Crescente";"Nublado";"Múltipla";"Reta";"Urbano";2;0;0;2;0;0;2;1
83484540;"25/07/16";"Segunda";"06:00:00";"MT";163;"880";"CLAUDIA";"Defeito mecânico em veículo";"Capotamento";"Com Vítimas Feridas";"Pleno dia";"Decrescente";"Ceu Claro";"Simples";"Reta";"Rural";2;0;2;0;0;0;2;1
83484541;"25/07/16";"Segunda";"12:30:00";"BA";101;"505";"ITABUNA";"Não guardar distância de segurança";"Colisão traseira";"Com Vítimas Feridas";"Pleno dia";"Decrescente";"Ceu Claro";"Simples";"Reta";"Rural";3;0;1;0;2;0;1;3
83484542;"24/07/16";"Domingo";"18:20:00";"PE";423;"68,4";"JUPI";"Outras";"Atropelamento de pessoa";"Com Vítimas Fatais";"Plena noite";"Decrescente";"Ceu Claro";"Simples";"Reta";"Rural";2;1;0;0;0;1;0;1
83484544;"10/07/16";"Domingo";"14:45:00";"MA";222;"296";"VITORIA DO MEARIM";"Defeito na via";"Colisão Transversal";"Com Vítimas Fatais";"Pleno dia";"Crescente";"Chuva";"Simples";"Reta";"Rural";4;1;0;1;2;0;1;3
83484545;"24/06/16";"Sexta";"03:00:00";"PR";476;"126";"CURITIBA";"Defeito na via";"Colisão com objeto fixo";"Com Vítimas Feridas";"Plena noite";"Crescente";"Ceu Claro";"Dupla";"Curva";"Urbano";1;0;0;1;0;0;1;1
83484546;"25/07/16";"Segunda";"04:00:00";"SC";282;"275";"SAO JOSE DO CERRITO";"Defeito mecânico em veículo";"Incêndio";"Sem Vítimas";"Plena noite";"Decrescente";"Nublado";"Simples";"Curva";"Rural";1;0;0;0;1;0;0;1
83484547;"25/07/16";"Segunda";"07:40:00";"SC";101;"200,3";"SAO JOSE";"Não guardar distância de segurança";"Colisão traseira";"Com Vítimas Feridas";"Pleno dia";"Crescente";"Sol";"Múltipla";"Curva";"Urbano";4;0;1;0;3;0;1;2
83484548;"25/07/16";"Segunda";"11:15:00";"RO";319;"64,1";"PORTO VELHO";"Desobediência à sinalização";"Colisão Transversal";"Com Vítimas Feridas";"Pleno dia";"Decrescente";"Sol";"Dupla";"Reta";"Urbano";2;0;1;0;1;0;1;2
83484549;"21/07/16";"Quinta";"17:00:00";"PA";316;"6";"ANANINDEUA";"Ingestão de álcool";"Colisão lateral";"Sem Vítimas";"Pleno dia";"Decrescente";"Ignorada";"Dupla";"Reta";"Urbano";2;0;0;0;2;0;0;2
83484551;"25/07/16";"Segunda";"13:30:00";"RS";290;"24,3";"SANTO ANTONIO DA PATRULHA";"Falta de atenção";"Colisão Transversal";"Sem Vítimas";"Pleno dia";"Decrescente";"Ceu Claro";"Múltipla";"Reta";"Urbano";4;0;0;0;4;0;0;2
83484552;"17/07/16";"Domingo";"00:30:00";"CE";222;"5,6";"CAUCAIA";"Outras";"Queda de motocicleta / bicicleta / veículo";"Com Vítimas Feridas";"Plena noite";"Crescente";"Ceu Claro";"Múltipla";"Reta";"Urbano";2;0;2;0;0;0;2;1
83484553;"23/07/16";"Sábado";"01:17:00";"MT";364;"452";"VARZEA GRANDE";"Não guardar distância de segurança";"Colisão traseira";"Com Vítimas Feridas";"Plena noite";"Crescente";"Ceu Claro";"Simples";"Reta";"Rural";3;0;1;1;1;0;2;2