"id";"data_inversa";"dia_semana";"horario";"uf";"br";"km";"municipio";"causa_acidente";"tipo_acidente";"classificacao_acidente";"fase_dia";"sentido_via";"condicao_metereologica";"tipo_pista";"tracado_via";"uso_solo";"pessoas";"mortos";"feridos_leves";"feridos_graves";"ilesos";"ignorados";"feridos";"veiculos"
83484769;"22/07/16";"Sexta";"21:20:00";"PR";376;"181";"MARINGA";"Outras";"Colisão lateral";"Com Vítimas Feridas";"Plena noite";"Decrescente";"Ceu Claro";"Dupla";"Reta";"Urbano";2;0;1;0;0;1;1;2
83484770;"22/07/16";"Sexta";"15:10:00";"MG";135;"530,4";"AUGUSTO DE LIMA";"Ultrapassagem indevida";"Saída de Pista";"Com Vítimas Feridas";"Pleno dia";"Crescente";"Ceu Claro";"Simples";"Reta";"Rural";4;0;3;0;1;0;3;2
83484771;"14/07/16";"Quinta";"17:50:00";"SC";470;"3";"NAVEGANTES";"Outras";"Colisão frontal";"Com Vítimas Feridas";"Anoitecer";"Decrescente";"Ceu Claro";"Simples";"Reta";"Urbano";3;0;0;2;1;0;2;2
83484772;"22/07/16";"Sexta";"14:00:00";"MG";40;"532";"BELO HORIZONTE";"Falta de atenção";"Colisão traseira";"Com Vítimas Feridas";"Plena noite";"Crescente";"Ceu Claro";"Dupla";"Reta";"Urbano";5;0;2;0;2;1;2;4
83484773;"25/07/16";"Segunda";"23:40:00";"MG";116;"57,4";"MEDINA";"Outras";"Tombamento";"Sem Vítimas";"Plena noite";"Decrescente";"Chuva";"Simples";"Reta";"Rural";1;0;0;0;1;0;0;1
83484774;"23/07/16";"Sábado";"06:30:00";"MG";354;"740";"POUSO ALTO";"Falta de atenção";"Colisão frontal";"Sem Vítimas";"Pleno dia";"Crescente";"Ceu Claro";"Simples";"Curva";"Rural";2;0;0;0;2;0;0;2
83484776;"22/07/16";"Sexta";"06:17:00";"MG";262;"382";"JUATUBA";"Outras";"Colisão com objeto fixo";"Com Vítimas Feridas";"Pleno dia";"Crescente";"Ceu Claro";"Dupla";"Curva";"Urbano";5;0;5;0;0;0;5;1
83484777;"22/07/16";"Sexta";"17:15:00";"RS";116;"114";"SAO MARCOS";"Falta de atenção";"Colisão Transversal";"Com Vítimas Feridas";"Pleno dia";"Crescente";"Ceu Claro";"Simples";"Reta";"Urbano";2;0;0;1;1;0;1;2
83484779;"23/07/16";"Sábado";"04:30:00";"MG";381;"508";"SAO JOAQUIM DE BICAS";"Outras";"Incêndio";"Sem Vítimas";"Amanhecer";"Decrescente";"Nublado";"Múltipla";"Reta";"Urbano";13;0;0;0;2;11;0;12
83484780;"25/07/16";"Segunda";"18:00:00";"MT";163;"1034";"MATUPA";"Ultrapassagem indevida";"Colisão lateral";"Com Vítimas Feridas";"Anoitecer";"Crescente";"Ceu Claro";"Simples";"Reta";"Rural";4;0;1;0;3;0;1;2
83484781;"25/07/16";"Segunda";"02:10:00";"SC";282;"593";"SAUDADES";"Ingestão de álcool";"Saída de Pista";"Com Vítimas Feridas";"Plena noite";"Crescente";"Nevoeiro/neblina";"Simples";"Curva";"Rural";3;0;3;0;0;0;3;1
83484782;"25/07/16";"Segunda";"06:10:00";"MG";262;"676";"ARAXA";"Defeito mecânico em veículo";"Incêndio";"Sem Vítimas";"Amanhecer";"Crescente";"Ceu Claro";"Simples";"Reta";"Rural";1;0;0;0;1;0;0;1
83484783;"22/07/16";"Sexta";"12:00:00";"PR";163;"142,6";"CAPITAO LEONIDAS MARQUES";"Velocidade incompatível";"Tombamento";"Sem Vítimas";"Pleno dia";"Decrescente";"Sol";"Simples";"Curva";"Rural";1;0;0;0;1;0;0;1
83484784;"23/07/16";"Sábado";"04:15:00";"RJ";116;"315,9";"ITATIAIA";"Ingestão de álcool";"Colisão com objeto móvel";"Com Vítimas Feridas";"Plena noite";"Crescente";"Ceu Claro";"Dupla";"Reta";"Rural";1;0;1;0;0;0;1;1
83484785;"19/07/16";"Terça";"18:20:00";"SC";101;"216,5";"PALHOCA";"Outras";"Colisão Transversal";"Com Vítimas Feridas";"Anoitecer";"Crescente";"Ceu Claro";"Múltipla";"Cruzamento";"Urbano";2;0;0;1;1;0;1;2
83484786;"25/07/16";"Segunda";"16:00:00";"MT";163;"1033";"MATUPA";"Falta de atenção";"Saída de Pista";"Ignorado";"Pleno dia";"Decrescente";"Sol";"Simples";"Reta";"Urbano";1;0;0;0;0;1;0;1
83484787;"25/05/16";"Quarta";"06:50:00";"PR";277;"520";"GUARANIACU";"Outras";"Capotamento";"Com Vítimas Feridas";"Pleno dia";"Crescente";"Ceu Claro";"Simples";"Reta";"Rural";2;0;2;0;0;0;2;1
83484788;"22/07/16";"Sexta";"10:15:00";"MG";116;"493,8";"INHAPIM";"Não guardar distância de segurança";"Colisão traseira";"Sem Vítimas";"Pleno dia";"Decrescente";"Nublado";"Simples";"Reta";"Rural";4;0;0;0;4;0;0;4
83484789;"25/07/16";"Segunda";"23:00:00";"RJ";40;"105";"DUQUE DE CAXIAS";"Falta de atenção";"Colisão frontal";"Com Vítimas Feridas";"Pleno dia";"Decrescente";"Ceu Claro";"Dupla";"Reta";"Urbano";3;0;2;0;0;1;2;2
83484790;"26/07/16";"Terça";"06:30:00";"SC";101;"220";"PALHOCA";"Defeito mecânico em veículo";"Colisão com objeto fixo";"Sem Vítimas";"Pleno dia";"Crescente";"Ceu Claro";"Dupla";"Reta";"Urbano";1;0;0;0;1;0;0;1
83484791;"22/07/16";"Sexta";"22:45:00";"MG";40;"665,5";"CARANDAI";"Falta de atenção";"Colisão traseira";"Com Vítimas Feridas";"Plena noite";"Decrescente";"Ceu Claro";"Simples";"Reta";"Urbano";2;0;1;0;1;0;1;2
83484792;"26/07/16";"Terça";"08:15:00";"PA";163;"1001";"SANTAREM";"Animais na Pista";"Atropelamento de animal";"Com Vítimas Feridas";"Pleno dia";"Decrescente";"Ceu Claro";"Dupla";"Reta";"Urbano";1;0;1;0;0;0;1;1
83484793;"07/07/16";"Quinta";"18:30:00";"MS";163;"399";"NOVA ALVORADA DO SUL";"Falta de atenção";"Colisão traseira";"Sem Vítimas";"Plena noite";"Crescente";"Ceu Claro";"Simples";"Reta";"Rural";2;0;0;0;2;0;0;2
83484794;"24/07/16";"Domingo";"18:00:00";"PR";376;"169,6";"MARINGA";"Falta de atenção";"Colisão traseira";"Com Vítimas Feridas";"Anoitecer";"Decrescente";"Ceu Claro";"Dupla";"Reta";"Rural";3;0;0;2;1;0;2;2
83484795;"23/07/16";"Sábado";"04:13:00";"TO";153;"248";"COLINAS DO TOCANTINS";"Dormindo";"Colisão lateral";"Com Vítimas Feridas";"Plena noite";"Decrescente";"Ignorada";"Simples";"Reta";"Rural";2;0;1;0;1;0;1;2
83484796;"26/07/16";"Terça";"05:30:00";"PA";316;"52,4";"CASTANHAL";"Outras";"Tombamento";"Com Vítimas Feridas";"Amanhecer";"Decrescente";"Ceu Claro";"Dupla";"Reta";"Rural";1;0;1;0;0;0;1;1
83484797;"26/07/16";"Terça";"08:20:00";"SC";101;"20,9";"JOINVILLE";"Velocidade incompatível";"Tombamento";"Com Vítimas Feridas";"Pleno dia";"Decrescente";"Nublado";"Dupla";"Curva";"Rural";1;0;1;0;0;0;1;1
83484799;"22/07/16";"Sexta";"20:15:00";"SP";381;"32";"ATIBAIA";"Outras";"Capotamento";"Com Vítimas Feridas";"Plena noite";"Decrescente";"Nublado";"Dupla";"Reta";"Rural";1;0;1;0;0;0;1;1
83484800;"26/07/16";"Terça";"09:00:00";"ES";101;"149";"LINHARES";"Outras";"Colisão traseira";"Com Vítimas Feridas";"Pleno dia";"Crescente";"Ceu Claro";"Simples";"Reta";"Urbano";4;0;1;0;2;1;1;3
83484801;"23/07/16";"Sábado";"02:25:00";"MS";163;"333";"RIO BRILHANTE";"Dormindo";"Saída de Pista";"Com Vítimas Feridas";"Plena noite";"Crescente";"Ceu Claro";"Simples";"Curva";"Rural";1;0;1;0;0;0;1;1
83484802;"23/07/16";"Sábado";"06:00:00";"MT";364;"21,7";"ALTO ARAGUAIA";"Outras";"Saída de Pista";"Sem Vítimas";"Amanhecer";"Decrescente";"Ceu Claro";"Simples";"Reta";"Rural";1;0;0;0;1;0;0;1
83484804;"20/06/16";"Segunda";"21:30:00";"MG";40;"523";"CONTAGEM";"Velocidade incompatível";"Saída de Pista";"Com Vítimas Fatais";"Plena noite";"Decrescente";"Ceu Claro";"Dupla";"Reta";"Urbano";5;1;0;2;2;0;2;2
83484805;"26/07/16";"Terça";"09:15:00";"PR";467;"92";"CASCAVEL";"Outras";"Tombamento";"Com Vítimas Feridas";"Pleno dia";"Decrescente";"Ceu Claro";"Dupla";"Curva";"Rural";2;0;1;0;1;0;1;1
83484806;"26/07/16";"Terça";"07:30:00";"RO";364;"699";"PORTO VELHO";"Não guardar distância de segurança";"Colisão lateral";"Com Vítimas Feridas";"Pleno dia";"Decrescente";"Ceu Claro";"Dupla";"Reta";"Rural";2;0;1;0;1;0;1;2
83484808;"26/07/16";"Terça";"10:15:00";"SP";116;"118,5";"TAUBATE";"Falta de atenção";"Colisão traseira";"Com Vítimas Feridas";"Pleno dia";"Crescente";"Ceu Claro";"Dupla";"Reta";"Rural";2;0;1;0;1;0;1;2
83484809;"26/07/16";"Terça";"07:00:00";"PB";230;"33";"BAYEUX";"Não guardar distância de segurança";"Colisão traseira";"Com Vítimas Feridas";"Pleno dia";"Decrescente";"Sol";"Dupla";"Reta";"Urbano";3;0;2;0;1;0;2;2
83484811;"22/07/16";"Sexta";"22:45:00";"RJ";116;"205";"SEROPEDICA";"Outras";"Saída de Pista";"Sem Vítimas";"Plena noite";"Crescente";"Nublado";"Simples";"Curva";"Urbano";1;0;0;0;1;0;0;1
83484812;"26/07/16";"Terça";"10:30:00";"MG";381;"357";"JOAO MONLEVADE";"Falta de atenção";"Colisão lateral";"Sem Vítimas";"Pleno dia";"Decrescente";"Ceu Claro";"Simples";"Cruzamento";"Urbano";2;0;0;0;2;0;0;2
83484813;"26/07/16";"Terça";"07:10:00";"RJ";101;"323";"NITEROI";"Falta de atenção";"Colisão traseira";"Com Vítimas Feridas";"Pleno dia";"Crescente";"Ceu Claro";"Múltipla";"Reta";"Urbano";3;0;1;0;2;0;1;3
83484814;"23/07/16";"Sábado";"22:06:00";"MG";381;"490";"BETIM";"Não guardar distância de segurança";"Colisão lateral";"Com Vítimas Feridas";"Plena noite";"Crescente";"Ceu Claro";"Dupla";"Reta";"Urbano";4;0;2;0;2;0;2;2
83484815;"29/04/16";"Sexta";"08:20:00";"GO";153;"187,2";"CAMPINORTE";"Defeito mecânico em veículo";"Queda de motocicleta / bicicleta / veículo";"Com Vítimas Feridas";"Pleno dia";"Crescente";"Ceu Claro";"Simples";"Reta";"Rural";2;0;2;0;0;0;2;1
83484816;"19/07/16";"Terça";"10:30:00";"PE";101;"69";"RECIFE";"Outras";"Danos Eventuais";"Ignorado";"Pleno dia";"Crescente";"Sol";"Dupla";"Reta";"Urbano";1;0;0;0;0;1;0;1
83484818;"23/07/16";"Sábado";"00:55:00";"RJ";465;"6";"SEROPEDICA";"Falta de atenção";"Colisão traseira";"Com Vítimas Feridas";"Plena noite";"Crescente";"Ceu Claro";"Dupla";"Reta";"Rural";7;0;4;1;2;0;5;3
83484819;"26/07/16";"Terça";"08:30:00";"SP";116;"223";"GUARULHOS";"Não guardar distância de segurança";"Colisão lateral";"Com Vítimas Feridas";"Pleno dia";"Crescente";"Ceu Claro";"Múltipla";"Reta";"Urbano";2;0;0;1;1;0;1;2
83484820;"26/07/16";"Terça";"09:50:00";"PR";277;"218";"TEIXEIRA SOARES";"Falta de atenção";"Colisão com objeto fixo";"Com Vítimas Feridas";"Pleno dia";"Crescente";"Sol";"Simples";"Reta";"Rural";4;0;3;1;0;0;4;1
83484821;"22/07/16";"Sexta";"07:30:00";"MG";116;"241,9";"TEOFILO OTONI";"Outras";"Saída de Pista";"Sem Vítimas";"Pleno dia";"Decrescente";"Nublado";"Simples";"Curva";"Rural";1;0;0;0;1;0;0;1
83484822;"26/07/16";"Terça";"11:25:00";"RS";386;"351,9";"ESTRELA";"Velocidade incompatível";"Saída de Pista";"Com Vítimas Feridas";"Pleno dia";"Decrescente";"Chuva";"Simples";"Curva";"Urbano";1;0;0;1;0;0;1;1
83484823;"13/07/16";"Quarta";"07:30:00";"AP";156;"800";"OIAPOQUE";"Não guardar distância de segurança";"Colisão traseira";"Com Vítimas Feridas";"Pleno dia";"Decrescente";"Sol";"Simples";"Reta";"Urbano";3;0;2;0;1;0;2;2
83484824;"26/07/16";"Terça";"09:20:00";"BA";116;"823";"VITORIA DA CONQUISTA";"Desobediência à sinalização";"Colisão Transversal";"Com Vítimas Feridas";"Pleno dia";"Decrescente";"Nublado";"Múltipla";"Reta";"Urbano";2;0;1;0;1;0;1;2
83484826;"22/07/16";"Sexta";"22:10:00";"RJ";116;"183";"NOVA IGUACU";"Outras";"Atropelamento de pessoa";"Com Vítimas Feridas";"Plena noite";"Crescente";"Ceu Claro";"Dupla";"Reta";"Urbano";2;0;1;0;1;0;1;1
83484827;"26/07/16";"Terça";"08:50:00";"PR";376;"182,6";"SARANDI";"Outras";"Colisão Transversal";"Com Vítimas Feridas";"Pleno dia";"Decrescente";"Ceu Claro";"Dupla";"Cruzamento";"Urbano";2;0;1;0;1;0;1;2
83484828;"23/07/16";"Sábado";"18:55:00";"MG";381;"489";"BETIM";"Não guardar distância de segurança";"Colisão com objeto fixo";"Com Vítimas Feridas";"Plena noite";"Decrescente";"Ceu Claro";"Dupla";"Curva";"Urbano";3;0;1;0;1;1;1;2
83484829;"26/07/16";"Terça";"09:00:00";"SC";470;"152,6";"AGRONOMICA";"Falta de atenção";"Colisão lateral";"Sem Vítimas";"Pleno dia";"Decrescente";"Nublado";"Simples";"Reta";"Rural";2;0;0;0;2;0;0;2
83484830;"26/07/16";"Terça";"11:00:00";"RJ";393;"167,7";"TRES RIOS";"Desobediência à sinalização";"Colisão lateral";"Sem Vítimas";"Pleno dia";"Crescente";"Sol";"Simples";"Reta";"Urbano";2;0;0;0;2;0;0;2
83484831;"22/07/16";"Sexta";"23:30:00";"PA";222;"245";"MARABA";"Falta de atenção";"Colisão Transversal";"Sem Vítimas";"Plena noite";"Decrescente";"Ceu Claro";"Simples";"Curva";"Urbano";2;0;0;0;2;0;0;2
83484832;"26/07/16";"Terça";"11:10:00";"SC";282;"527,2";"CORDILHEIRA ALTA";"Velocidade incompatível";"Saída de Pista";"Sem Vítimas";"Pleno dia";"Decrescente";"Chuva";"Simples";"Curva";"Rural";1;0;0;0;1;0;0;1
83484833;"23/07/16";"Sábado";"05:20:00";"RJ";465;"7";"SEROPEDICA";"Velocidade incompatível";"Colisão traseira";"Com Vítimas Feridas";"Amanhecer";"Crescente";"Ceu Claro";"Simples";"Reta";"Urbano";2;0;0;1;1;0;1;2
83484834;"24/07/16";"Domingo";"21:45:00";"MG";262;"380,3";"JUATUBA";"Defeito mecânico em veículo";"Colisão com objeto fixo";"Com Vítimas Fatais";"Plena noite";"Decrescente";"Ceu Claro";"Dupla";"Curva";"Rural";2;1;1;0;0;0;1;1
83484835;"24/07/16";"Domingo";"12:40:00";"PI";135;"353";"BOM JESUS";"Ingestão de álcool";"Colisão Transversal";"Sem Vítimas";"Pleno dia";"Crescente";"";"Simples";"Reta";"Urbano";2;0;0;0;2;0;0;2
83484836;"24/07/16";"Domingo";"13:00:00";"PA";230;"306";"NOVO REPARTIMENTO";"Falta de atenção";"Colisão frontal";"Com Vítimas Fatais";"Pleno dia";"Decrescente";"Ceu Claro";"Simples";"Reta";"Rural";5;1;2;0;2;0;2;2
83484837;"26/07/16";"Terça";"12:50:00";"SC";282;"503,5";"XANXERE";"Velocidade incompatível";"Colisão traseira";"Sem Vítimas";"Pleno dia";"Decrescente";"Chuva";"Múltipla";"Reta";"Urbano";3;0;0;0;3;0;0;2
83484838;"22/07/16";"Sexta";"08:15:00";"PI";343;"336";"TERESINA";"Falta de atenção";"Colisão traseira";"Com Vítimas Feridas";"Pleno dia";"Crescente";"Ceu Claro";"Simples";"Reta";"Urbano";2;0;1;0;1;0;1;2
83484839;"26/07/16";"Terça";"13:10:00";"GO";153;"686";"ITUMBIARA";"Falta de atenção";"Colisão traseira";"Sem Vítimas";"Pleno dia";"Crescente";"Sol";"Múltipla";"Reta";"Rural";2;0;0;0;2;0;0;2
83484840;"26/07/16";"Terça";"11:35:00";"RS";386;"393,3";"TRIUNFO";"Falta de atenção";"Colisão traseira";"Com Vítimas Feridas";"Pleno dia";"Crescente";"Chuva";"Dupla";"Reta";"Rural";2;0;1;0;1;0;1;2
83484841;"26/07/16";"Terça";"13:15:00";"RS";290;"123,5";"ELDORADO DO SUL";"Velocidade incompatível";"Saída de Pista";"Sem Vítimas";"Pleno dia";"Crescente";"Chuva";"Simples";"Reta";"Rural";1;0;0;0;1;0;0;1
83484842;"26/07/16";"Terça";"13:15:00";"SE";235;"49";"ITABAIANA";"Desobediência à sinalização";"Colisão frontal";"Com Vítimas Feridas";"Pleno dia";"Crescente";"Chuva";"Simples";"Reta";"Urbano";2;0;0;2;0;0;2;2
83484843;"26/07/16";"Terça";"11:15:00";"RS";116;"257";"ESTEIO";"Falta de atenção";"Colisão lateral";"Com Vítimas Feridas";"Pleno dia";"Crescente";"Nublado";"Dupla";"Cruzamento";"Urbano";3;0;1;0;2;0;1;2
83484844;"26/07/16";"Terça";"13:15:00";"PA";316;"3";"ANANINDEUA";"Outras";"Colisão lateral";"Com Vítimas Feridas";"Pleno dia";"Crescente";"Sol";"Dupla";"Reta";"Urbano";2;0;0;1;1;0;1;2
83484845;"18/07/16";"Segunda";"16:50:00";"SE";235;"6";"NOSSA SENHORA DO SOCORRO";"Velocidade incompatível";"Colisão traseira";"Com Vítimas Feridas";"Pleno dia";"Decrescente";"Ceu Claro";"Dupla";"Reta";"Urbano";3;0;2;0;1;0;2;2
83484846;"26/07/16";"Terça";"10:30:00";"BA";116;"652,7";"JEQUIE";"Dormindo";"Capotamento";"Com Vítimas Feridas";"Pleno dia";"Decrescente";"Ceu Claro";"Simples";"Reta";"Rural";5;0;1;0;4;0;1;2
83484847;"26/07/16";"Terça";"10:45:00";"SP";116;"302,5";"SAO LOURENCO DA SERRA";"Não guardar distância de segurança";"Colisão traseira";"Com Vítimas Feridas";"Pleno dia";"Crescente";"Ceu Claro";"Dupla";"Reta";"Rural";2;0;1;0;1;0;1;2
83484848;"25/07/16";"Segunda";"09:00:00";"BA";324;"612";"SALVADOR";"Falta de atenção";"Colisão traseira";"Com Vítimas Feridas";"Pleno dia";"Crescente";"Chuva";"Simples";"Reta";"Urbano";7;0;1;0;6;0;1;3
83484849;"26/07/16";"Terça";"07:20:00";"DF";60;"4,6";"BRASILIA";"Falta de atenção";"Colisão traseira";"Sem Vítimas";"Pleno dia";"Decrescente";"Ceu Claro";"Dupla";"Reta";"Rural";2;0;0;0;1;1;0;2
83484850;"26/07/16";"Terça";"11:40:00";"BA";116;"405,9";"FEIRA DE SANTANA";"Falta de atenção";"Colisão Transversal";"Com Vítimas Feridas";"Pleno dia";"Decrescente";"Ceu Claro";"Simples";"Reta";"Rural";2;0;0;1;1;0;1;2
83484851;"22/07/16";"Sexta";"13:30:00";"GO";153;"134";"ESTRELA DO NORTE";"Dormindo";"Saída de Pista";"Com Vítimas Feridas";"Pleno dia";"Decrescente";"Ceu Claro";"Simples";"Reta";"Rural";2;0;0;1;1;0;1;1
83484852;"26/07/16";"Terça";"11:00:00";"BA";101;"723";"EUNAPOLIS";"Falta de atenção";"Saída de Pista";"Com Vítimas Feridas";"Pleno dia";"Crescente";"Ceu Claro";"Simples";"Reta";"Rural";1;0;0;1;0;0;1;1
83484853;"26/07/16";"Terça";"13:30:00";"RN";427;"115";"TIMBAUBA DOS BATISTAS";"Falta de atenção";"Colisão traseira";"Com Vítimas Feridas";"Pleno dia";"Decrescente";"Ceu Claro";"Simples";"Reta";"Rural";3;0;1;0;2;0;1;2
83484854;"26/07/16";"Terça";"08:10:00";"PR";376;"601";"CURITIBA";"Falta de atenção";"Colisão lateral";"Com Vítimas Feridas";"Pleno dia";"Decrescente";"Ceu Claro";"Dupla";"Cruzamento";"Urbano";3;0;2;0;1;0;2;2
83484855;"26/07/16";"Terça";"11:50:00";"MT";364;"585,6";"DIAMANTINO";"Outras";"Colisão com objeto fixo";"Sem Vítimas";"Pleno dia";"Decrescente";"Sol";"Dupla";"Curva";"Rural";1;0;0;0;1;0;0;1
83484857;"06/06/16";"Segunda";"19:45:00";"DF";20;"45,9";"BRASILIA";"Outras";"Colisão traseira";"Sem Vítimas";"Plena noite";"Crescente";"Ceu Claro";"Dupla";"Reta";"Rural";2;0;0;0;2;0;0;2
83484859;"26/07/16";"Terça";"14:10:00";"PR";369;"133";"IBIPORA";"Falta de atenção";"Saída de Pista";"Com Vítimas Feridas";"Pleno dia";"Decrescente";"Ceu Claro";"Dupla";"Reta";"Urbano";1;0;1;0;0;0;1;1
83484860;"26/07/16";"Terça";"09:15:00";"DF";20;"2";"BRASILIA";"Falta de atenção";"Colisão Transversal";"Sem Vítimas";"Pleno dia";"Decrescente";"Ceu Claro";"Múltipla";"Reta";"Urbano";2;0;0;0;2;0;0;2
83484861;"25/07/16";"Segunda";"07:30:00";"SP";116;"269";"TABOAO DA SERRA";"Falta de atenção";"Colisão traseira";"Com Vítimas Feridas";"Pleno dia";"Decrescente";"Sol";"Dupla";"Reta";"Urbano";5;0;1;0;4;0;1;3
83484862;"23/07/16";"Sábado";"16:40:00";"SC";282;"23,7";"PALHOCA";"Falta de atenção";"Colisão Transversal";"Com Vítimas Feridas";"Pleno dia";"Crescente";"Ceu Claro";"Dupla";"Cruzamento";"Rural";3;0;1;0;2;0;1;2
83484863;"26/07/16";"Terça";"13:30:00";"MS";267;"477,8";"GUIA LOPES DA LAGUNA";"Ingestão de álcool";"Queda de motocicleta / bicicleta / veículo";"Com Vítimas Feridas";"Pleno dia";"Crescente";"Ceu Claro";"Simples";"Curva";"Urbano";1;0;1;0;0;0;1;1
83484864;"23/07/16";"Sábado";"06:50:00";"SC";470;"32";"GASPAR";"Outras";"Capotamento";"Com Vítimas Feridas";"Amanhecer";"Decrescente";"Ceu Claro";"Simples";"Reta";"Urbano";2;0;0;1;1;0;1;1
83484865;"26/07/16";"Terça";"10:30:00";"RJ";393;"134";"SAPUCAIA";"Falta de atenção";"Colisão traseira";"Sem Vítimas";"Pleno dia";"Decrescente";"Sol";"Simples";"Reta";"Urbano";2;0;0;0;2;0;0;2
83484866;"22/07/16";"Sexta";"22:15:00";"RJ";393;"169";"TRES RIOS";"Velocidade incompatível";"Colisão com objeto fixo";"Com Vítimas Feridas";"Plena noite";"Crescente";"Ceu Claro";"Simples";"Curva";"Rural";1;0;1;0;0;0;1;1
83484867;"24/07/16";"Domingo";"04:20:00";"SC";101;"292";"IMBITUBA";"Outras";"Colisão frontal";"Com Vítimas Feridas";"Plena noite";"Decrescente";"Nublado";"Dupla";"Cruzamento";"Rural";2;0;0;1;1;0;1;2
83484868;"22/07/16";"Sexta";"04:50:00";"GO";20;"95";"VILA BOA";"Falta de atenção";"Colisão frontal";"Sem Vítimas";"Plena noite";"Crescente";"Ceu Claro";"Simples";"Reta";"Rural";2;0;0;0;2;0;0;2
83484869;"26/07/16";"Terça";"12:30:00";"BA";407;"38";"JUAZEIRO";"Outras";"Colisão frontal";"Com Vítimas Feridas";"Pleno dia";"Crescente";"Ceu Claro";"Simples";"Reta";"Rural";8;0;7;0;1;0;7;2
83484870;"26/07/16";"Terça";"09:30:00";"MS";163;"524,1";"JARAGUARI";"Falta de atenção";"Atropelamento de pessoa";"Com Vítimas Fatais";"Pleno dia";"Crescente";"Sol";"Simples";"Reta";"Rural";2;1;0;0;1;0;0;1
83484871;"26/07/16";"Terça";"13:15:00";"RO";364;"198,9";"PIMENTA BUENO";"Outras";"Queda de motocicleta / bicicleta / veículo";"Com Vítimas Feridas";"Pleno dia";"Decrescente";"Sol";"Simples";"Reta";"Urbano";2;0;1;0;1;0;1;2
83484872;"22/07/16";"Sexta";"23:30:00";"MG";381;"681";"PERDOES";"Ingestão de álcool";"Capotamento";"Sem Vítimas";"Plena noite";"Crescente";"Nublado";"Dupla";"Curva";"Rural";2;0;0;0;2;0;0;2
83484873;"24/07/16";"Domingo";"21:00:00";"RJ";40;"119";"DUQUE DE CAXIAS";"Falta de atenção";"Colisão traseira";"Sem Vítimas";"Plena noite";"Crescente";"Ceu Claro";"Múltipla";"Reta";"Urbano";2;0;0;0;2;0;0;2
83484874;"26/07/16";"Terça";"13:30:00";"MS";158;"127";"APARECIDA DO TABOADO";"Defeito mecânico em veículo";"Queda de motocicleta / bicicleta / veículo";"Com Vítimas Feridas";"Pleno dia";"Decrescente";"Sol";"Simples";"Reta";"Rural";1;0;0;1;0;0;1;1
83484875;"26/07/16";"Terça";"13:30:00";"RS";386;"172";"CARAZINHO";"Não guardar distância de segurança";"Colisão traseira";"Sem Vítimas";"Pleno dia";"Crescente";"Chuva";"Simples";"Reta";"Urbano";3;0;0;0;3;0;0;3
83484876;"21/07/16";"Quinta";"14:10:00";"MG";267;"47,2";"MARIPA DE MINAS";"Falta de atenção";"Colisão traseira";"Com Vítimas Feridas";"Pleno dia";"Decrescente";"Nublado";"Simples";"Reta";"Urbano";2;0;1;0;1;0;1;2
83484878;"26/07/16";"Terça";"13:00:00";"RJ";101;"66";"CAMPOS DOS GOYTACAZES";"Falta de atenção";"Colisão lateral";"Sem Vítimas";"Pleno dia";"Decrescente";"Ceu Claro";"Simples";"Curva";"Urbano";2;0;0;0;1;1;0;2
83484880;"26/07/16";"Terça";"16:20:00";"MG";381;"605";"OLIVEIRA";"Outras";"Tombamento";"Com Vítimas Feridas";"Pleno dia";"Crescente";"Ceu Claro";"Dupla";"Curva";"Rural";1;0;1;0;0;0;1;1
83484881;"26/07/16";"Terça";"13:00:00";"PR";376;"184";"SARANDI";"Outras";"Queda de motocicleta / bicicleta / veículo";"Com Vítimas Feridas";"Pleno dia";"Decrescente";"Sol";"Simples";"Reta";"Urbano";1;0;1;0;0;0;1;1
83484882;"26/07/16";"Terça";"11:50:00";"BA";324;"605";"SIMOES FILHO";"Não guardar distância de segurança";"Colisão traseira";"Sem Vítimas";"Pleno dia";"Decrescente";"Sol";"Múltipla";"Reta";"Urbano";4;0;0;0;3;1;0;4
83484883;"26/07/16";"Terça";"10:20:00";"ES";101;"264";"SERRA";"Outras";"Colisão lateral";"Com Vítimas Feridas";"Pleno dia";"Decrescente";"Ceu Claro";"Simples";"Reta";"Urbano";3;0;1;1;1;0;2;2
83484884;"22/07/16";"Sexta";"11:30:00";"MG";135;"651";"CURVELO";"Outras";"Colisão lateral";"Sem Vítimas";"Pleno dia";"Decrescente";"Ceu Claro";"Simples";"Reta";"Rural";2;0;0;0;2;0;0;2
83484885;"26/07/16";"Terça";"14:40:00";"SC";101;"355";"SANGAO";"Dormindo";"Tombamento";"Sem Vítimas";"Pleno dia";"Decrescente";"Nublado";"Dupla";"Reta";"Rural";1;0;0;0;1;0;0;1
83484886;"26/07/16";"Terça";"07:30:00";"MT";364;"471";"JANGADA";"Falta de atenção";"Colisão frontal";"Com Vítimas Fatais";"Pleno dia";"Crescente";"Ceu Claro";"Simples";"Curva";"Rural";2;1;1;0;0;0;1;2
83484887;"26/07/16";"Terça";"10:30:00";"ES";101;"270,5";"SERRA";"Falta de atenção";"Colisão traseira";"Com Vítimas Feridas";"Pleno dia";"Decrescente";"Ceu Claro";"Dupla";"Reta";"Urbano";2;0;0;1;1;0;1;2
83484888;"26/07/16";"Terça";"13:50:00";"RS";290;"203,7";"RIO PARDO";"Falta de atenção";"Colisão lateral";"Com Vítimas Feridas";"Pleno dia";"Decrescente";"Chuva";"Simples";"Reta";"Rural";2;0;1;0;1;0;1;2