"id";"data_inversa";"dia_semana";"horario";"uf";"br";"km";"municipio";"causa_acidente";"tipo_acidente";"classificacao_acidente";"fase_dia";"sentido_via";"condicao_metereologica";"tipo_pista";"tracado_via";"uso_solo";"pessoas";"mortos";"feridos_leves";"feridos_graves";"ilesos";"ignorados";"feridos";"veiculos"
83484889;"22/07/16";"Sexta";"16:30:00";"TO";153;"370";"FORTALEZA DO TABOCAO";"Outras";"Capotamento";"Com Vítimas Feridas";"Pleno dia";"Decrescente";"Ceu Claro";"Simples";"Reta";"Rural";4;0;3;0;1;0;3;1
83484890;"26/07/16";"Terça";"10:30:00";"SC";280;"49";"GUARAMIRIM";"Outras";"Saída de Pista";"Com Vítimas Feridas";"Pleno dia";"Decrescente";"Sol";"Simples";"Reta";"Rural";1;0;1;0;0;0;1;1
83484891;"26/07/16";"Terça";"10:40:00";"CE";116;"7";"FORTALEZA";"Outras";"Derramamento de Carga";"Com Vítimas Feridas";"Pleno dia";"Crescente";"Ceu Claro";"Dupla";"Reta";"Rural";2;0;1;0;0;1;1;2
83484892;"24/07/16";"Domingo";"05:25:00";"SC";101;"215,1";"PALHOCA";"Dormindo";"Saída de Pista";"Com Vítimas Feridas";"Plena noite";"Decrescente";"Ceu Claro";"Múltipla";"Reta";"Urbano";1;0;0;1;0;0;1;1
83484893;"26/07/16";"Terça";"14:20:00";"PE";101;"50";"ABREU E LIMA";"Falta de atenção";"Colisão lateral";"Com Vítimas Feridas";"Pleno dia";"Crescente";"Ceu Claro";"Múltipla";"Reta";"Urbano";3;0;2;0;1;0;2;2
83484894;"23/07/16";"Sábado";"09:30:00";"MG";40;"465";"SETE LAGOAS";"Falta de atenção";"Queda de motocicleta / bicicleta / veículo";"Com Vítimas Feridas";"Pleno dia";"Decrescente";"Ceu Claro";"Dupla";"Curva";"Rural";1;0;0;1;0;0;1;1
83484895;"26/07/16";"Terça";"14:20:00";"RN";226;"84,8";"TANGARA";"Desobediência à sinalização";"Colisão frontal";"Com Vítimas Feridas";"Pleno dia";"Crescente";"Ceu Claro";"Simples";"Reta";"Urbano";2;0;0;1;1;0;1;2
83484896;"26/07/16";"Terça";"10:30:00";"RS";158;"386,7";"SANTA MARIA";"Outras";"Saída de Pista";"Sem Vítimas";"Pleno dia";"Crescente";"Chuva";"Simples";"Curva";"Rural";1;0;0;0;1;0;0;1
83484897;"26/07/16";"Terça";"14:30:00";"BA";101;"205";"GOVERNADOR MANGABEIRA";"Outras";"Capotamento";"Sem Vítimas";"Pleno dia";"Crescente";"Ceu Claro";"Simples";"Reta";"Rural";1;0;0;0;1;0;0;1
83484898;"26/07/16";"Terça";"17:37:00";"RJ";116;"132";"MAGE";"Outras";"Colisão com bicicleta";"Com Vítimas Feridas";"Anoitecer";"Crescente";"Ceu Claro";"Dupla";"Curva";"Urbano";2;0;1;0;1;0;1;2
83484899;"26/07/16";"Terça";"10:10:00";"CE";116;"56,5";"PACAJUS";"Falta de atenção";"Colisão lateral";"Com Vítimas Feridas";"Pleno dia";"Decrescente";"Ceu Claro";"Simples";"Reta";"Rural";3;0;2;0;1;0;2;2
83484900;"26/07/16";"Terça";"09:30:00";"MG";40;"320";"TRES MARIAS";"Falta de atenção";"Saída de Pista";"Sem Vítimas";"Pleno dia";"Crescente";"Sol";"Simples";"Curva";"Rural";2;0;0;0;2;0;0;1
83484901;"26/07/16";"Terça";"09:00:00";"GO";364;"341,5";"PORTELANDIA";"Falta de atenção";"Colisão Transversal";"Com Vítimas Feridas";"Pleno dia";"Crescente";"Ceu Claro";"Simples";"Reta";"Rural";4;0;2;1;0;1;3;2
83484902;"26/07/16";"Terça";"18:15:00";"SC";280;"55";"GUARAMIRIM";"Falta de atenção";"Colisão traseira";"Sem Vítimas";"Anoitecer";"Crescente";"Ceu Claro";"Simples";"Reta";"Urbano";3;0;0;0;3;0;0;3
83484903;"22/07/16";"Sexta";"12:30:00";"MG";365;"341";"VARJAO DE MINAS";"Outras";"Colisão Transversal";"Com Vítimas Fatais";"Pleno dia";"Decrescente";"Ceu Claro";"Simples";"Curva";"Rural";3;1;1;0;0;1;1;3
83484904;"26/07/16";"Terça";"14:50:00";"PR";376;"136,7";"NOVA ESPERANCA";"Velocidade incompatível";"Colisão traseira";"Com Vítimas Feridas";"Pleno dia";"Crescente";"Ceu Claro";"Simples";"Reta";"Rural";4;0;1;2;1;0;3;3
83484905;"22/07/16";"Sexta";"09:50:00";"ES";101;"445";"MIMOSO DO SUL";"Dormindo";"Saída de Pista";"Com Vítimas Feridas";"Pleno dia";"Crescente";"Sol";"Simples";"Reta";"Rural";1;0;0;1;0;0;1;1
83484906;"26/07/16";"Terça";"15:50:00";"MT";163;"516,5";"DIAMANTINO";"Ultrapassagem indevida";"Colisão frontal";"Sem Vítimas";"Pleno dia";"Crescente";"Sol";"Simples";"Reta";"Rural";3;0;0;0;3;0;0;3
83484907;"26/07/16";"Terça";"12:45:00";"SC";101;"223,5";"PALHOCA";"Defeito mecânico em veículo";"Queda de motocicleta / bicicleta / veículo";"Com Vítimas Feridas";"Pleno dia";"Decrescente";"Ceu Claro";"Dupla";"Reta";"Rural";2;0;1;0;1;0;1;1
83484908;"23/07/16";"Sábado";"17:50:00";"MG";40;"413,6";"CURVELO";"Falta de atenção";"Colisão Transversal";"Com Vítimas Feridas";"Anoitecer";"Decrescente";"Ceu Claro";"Simples";"Reta";"Rural";2;0;1;0;1;0;1;2
83484909;"26/07/16";"Terça";"11:30:00";"CE";116;"6";"FORTALEZA";"Falta de atenção";"Colisão Transversal";"Sem Vítimas";"Pleno dia";"Decrescente";"Ceu Claro";"Dupla";"Reta";"Urbano";2;0;0;0;2;0;0;2
83484910;"23/07/16";"Sábado";"23:50:00";"RS";293;"62,4";"PIRATINI";"Velocidade incompatível";"Saída de Pista";"Sem Vítimas";"Plena noite";"Decrescente";"Nublado";"Simples";"Cruzamento";"Rural";1;0;0;0;1;0;0;1
83484911;"26/07/16";"Terça";"12:30:00";"RJ";465;"4";"SEROPEDICA";"Ultrapassagem indevida";"Colisão Transversal";"Com Vítimas Feridas";"Pleno dia";"Decrescente";"Ceu Claro";"Simples";"Reta";"Urbano";2;0;1;0;1;0;1;2
83484913;"26/07/16";"Terça";"13:30:00";"PB";230;"53";"CRUZ DO ESPIRITO SANTO";"Velocidade incompatível";"Saída de Pista";"Com Vítimas Feridas";"Pleno dia";"Decrescente";"Ceu Claro";"Dupla";"Reta";"Rural";4;0;2;2;0;0;4;1
83484914;"26/07/16";"Terça";"14:00:00";"RS";153;"493";"CACAPAVA DO SUL";"Defeito mecânico em veículo";"Saída de Pista";"Com Vítimas Feridas";"Pleno dia";"Decrescente";"Nublado";"Simples";"Reta";"Rural";1;0;1;0;0;0;1;1
83484915;"22/07/16";"Sexta";"20:54:00";"SP";101;"47,8";"UBATUBA";"Ingestão de álcool";"Colisão traseira";"Sem Vítimas";"Plena noite";"Crescente";"Ceu Claro";"Simples";"Reta";"Urbano";5;0;0;0;5;0;0;2
83484916;"27/06/16";"Segunda";"14:40:00";"RS";386;"396,5";"TRIUNFO";"Falta de atenção";"Saída de Pista";"Sem Vítimas";"Pleno dia";"Crescente";"Nublado";"Dupla";"Reta";"Rural";1;0;0;0;1;0;0;1
83484917;"25/07/16";"Segunda";"20:00:00";"BA";110;"404";"SAO SEBASTIAO DO PASSE";"Outras";"Saída de Pista";"Ignorado";"Plena noite";"Crescente";"Ceu Claro";"Simples";"Reta";"Rural";1;0;0;0;0;1;0;1
83484918;"22/07/16";"Sexta";"10:30:00";"SP";116;"223";"GUARULHOS";"Falta de atenção";"Colisão lateral";"Com Vítimas Feridas";"Pleno dia";"Crescente";"Nublado";"Simples";"Reta";"Urbano";2;0;1;0;1;0;1;2
83484919;"26/07/16";"Terça";"14:30:00";"SC";101;"300";"LAGUNA";"Falta de atenção";"Colisão traseira";"Sem Vítimas";"Pleno dia";"Decrescente";"Nublado";"Dupla";"Reta";"Rural";2;0;0;0;2;0;0;2
83484920;"19/06/16";"Domingo";"20:00:00";"PR";272;"539,5";"TERRA ROXA";"Velocidade incompatível";"Saída de Pista";"Com Vítimas Fatais";"Plena noite";"Decrescente";"Nevoeiro/neblina";"Simples";"Reta";"Rural";1;1;0;0;0;0;0;1
83484921;"26/07/16";"Terça";"16:45:00";"SC";282;"521,5";"XAXIM";"Velocidade incompatível";"Colisão frontal";"Com Vítimas Feridas";"Pleno dia";"Crescente";"Chuva";"Simples";"Curva";"Urbano";6;0;1;0;5;0;1;5
83484922;"26/07/16";"Terça";"15:10:00";"MG";40;"433";"PARAOPEBA";"Desobediência à sinalização";"Colisão lateral";"Sem Vítimas";"Pleno dia";"Crescente";"Sol";"Dupla";"Reta";"Rural";2;0;0;0;2;0;0;2
83484923;"26/07/16";"Terça";"10:40:00";"MG";153;"46,5";"MONTE ALEGRE DE MINAS";"Velocidade incompatível";"Tombamento";"Sem Vítimas";"Pleno dia";"Decrescente";"Vento";"Dupla";"Curva";"Rural";1;0;0;0;1;0;0;1
83484924;"26/07/16";"Terça";"15:12:00";"MS";163;"385,5";"NOVA ALVORADA DO SUL";"Falta de atenção";"Colisão traseira";"Sem Vítimas";"Pleno dia";"Decrescente";"Ceu Claro";"Simples";"Reta";"Rural";4;0;0;0;4;0;0;2
83484925;"26/07/16";"Terça";"17:45:00";"RN";101;"113,3";"SAO JOSE DE MIPIBU";"Falta de atenção";"Colisão com bicicleta";"Com Vítimas Feridas";"Plena noite";"Crescente";"Ceu Claro";"Dupla";"Cruzamento";"Rural";2;0;0;1;0;1;1;2
83484926;"22/07/16";"Sexta";"19:05:00";"GO";40;"5";"VALPARAISO DE GOIAS";"Falta de atenção";"Colisão traseira";"Com Vítimas Feridas";"Plena noite";"Crescente";"Ceu Claro";"Dupla";"Reta";"Urbano";3;0;1;0;2;0;1;2
83484927;"26/07/16";"Terça";"18:15:00";"PR";376;"208";"MANDAGUARI";"Ultrapassagem indevida";"Colisão lateral";"Com Vítimas Feridas";"Anoitecer";"Crescente";"Nublado";"Simples";"Reta";"Urbano";3;0;2;0;1;0;2;2
83484928;"26/07/16";"Terça";"18:15:00";"PR";277;"725,3";"FOZ DO IGUACU";"Falta de atenção";"Colisão Transversal";"Com Vítimas Feridas";"Anoitecer";"Crescente";"Ceu Claro";"Dupla";"Cruzamento";"Urbano";2;0;1;0;1;0;1;2
83484929;"26/07/16";"Terça";"18:30:00";"SC";282;"2,1";"FLORIANOPOLIS";"Não guardar distância de segurança";"Colisão lateral";"Com Vítimas Feridas";"Pleno dia";"Crescente";"Ceu Claro";"Dupla";"Reta";"Urbano";2;0;1;0;1;0;1;2
83484930;"26/07/16";"Terça";"15:00:00";"MG";40;"628";"CONSELHEIRO LAFAIETE";"Não guardar distância de segurança";"Colisão traseira";"Com Vítimas Feridas";"Pleno dia";"Crescente";"Ceu Claro";"Simples";"Reta";"Urbano";3;0;1;0;2;0;1;3
83484931;"26/07/16";"Terça";"17:30:00";"MG";365;"629";"UBERLANDIA";"Falta de atenção";"Colisão traseira";"Com Vítimas Feridas";"Pleno dia";"Decrescente";"Sol";"Dupla";"Reta";"Urbano";2;0;0;1;1;0;1;2
83484932;"26/07/16";"Terça";"17:25:00";"SC";116;"217,3";"CORREIA PINTO";"Falta de atenção";"Colisão Transversal";"Com Vítimas Feridas";"Anoitecer";"Crescente";"Chuva";"Simples";"Cruzamento";"Urbano";3;0;1;0;2;0;1;2
83484933;"26/07/16";"Terça";"12:40:00";"RS";386;"401,5";"TRIUNFO";"Velocidade incompatível";"Colisão com objeto fixo";"Sem Vítimas";"Pleno dia";"Decrescente";"Chuva";"Dupla";"Curva";"Rural";1;0;0;0;1;0;0;1
83484934;"26/07/16";"Terça";"14:15:00";"PR";376;"145,3";"PRESIDENTE CASTELO BRANCO";"Dormindo";"Colisão com objeto fixo";"Com Vítimas Feridas";"Pleno dia";"Crescente";"Sol";"Simples";"Cruzamento";"Urbano";3;0;1;1;1;0;2;1
83484935;"26/07/16";"Terça";"19:00:00";"BA";101;"817,2";"ITAMARAJU";"Outras";"Tombamento";"Com Vítimas Feridas";"Plena noite";"Decrescente";"Nublado";"Simples";"Curva";"Rural";3;0;1;0;2;0;1;1
83484936;"23/07/16";"Sábado";"08:50:00";"MG";116;"252,2";"TEOFILO OTONI";"Velocidade incompatível";"Saída de Pista";"Com Vítimas Feridas";"Pleno dia";"Decrescente";"Chuva";"Simples";"Curva";"Rural";1;0;1;0;0;0;1;1
83484937;"26/07/16";"Terça";"08:35:00";"SP";116;"210";"GUARULHOS";"Não guardar distância de segurança";"Colisão lateral";"Com Vítimas Feridas";"Pleno dia";"Crescente";"Ceu Claro";"Múltipla";"Reta";"Urbano";2;0;1;0;0;1;1;2
83484938;"26/07/16";"Terça";"15:19:00";"RN";101;"84,6";"NATAL";"Outras";"Colisão traseira";"Sem Vítimas";"Pleno dia";"Decrescente";"Ceu Claro";"Dupla";"Reta";"Rural";3;0;0;0;3;0;0;3
83484939;"26/07/16";"Terça";"17:50:00";"BA";116;"819,3";"VITORIA DA CONQUISTA";"Falta de atenção";"Colisão Transversal";"Com Vítimas Fatais";"Anoitecer";"Decrescente";"Nublado";"Simples";"Curva";"Rural";4;1;0;1;2;0;1;2
83484940;"22/07/16";"Sexta";"11:30:00";"RJ";101;"120";"CAMPOS DOS GOYTACAZES";"Falta de atenção";"Colisão Transversal";"Com Vítimas Feridas";"Pleno dia";"Crescente";"Ceu Claro";"Simples";"Reta";"Rural";4;0;2;0;2;0;2;3
83484941;"26/07/16";"Terça";"16:10:00";"RO";364;"23,6";"VILHENA";"Falta de atenção";"Colisão lateral";"Com Vítimas Feridas";"Pleno dia";"Decrescente";"Ceu Claro";"Simples";"Reta";"Rural";3;0;2;0;1;0;2;2
83484942;"26/07/16";"Terça";"07:30:00";"MG";381;"940,1";"EXTREMA";"Outras";"Capotamento";"Com Vítimas Feridas";"Pleno dia";"Crescente";"Ceu Claro";"Dupla";"Curva";"Rural";1;0;0;1;0;0;1;1
83484943;"26/07/16";"Terça";"17:20:00";"GO";60;"220";"CEZARINA";"Dormindo";"Saída de Pista";"Com Vítimas Feridas";"Pleno dia";"Decrescente";"Ceu Claro";"Dupla";"Curva";"Rural";2;0;2;0;0;0;2;1
83484944;"26/07/16";"Terça";"18:20:00";"RS";116;"370,3";"TAPES";"Falta de atenção";"Colisão frontal";"Sem Vítimas";"Anoitecer";"Crescente";"Vento";"Simples";"Curva";"Rural";2;0;0;0;1;1;0;2
83484945;"22/07/16";"Sexta";"09:35:00";"SP";116;"145,4";"SAO JOSE DOS CAMPOS";"Não guardar distância de segurança";"Colisão traseira";"Com Vítimas Feridas";"Pleno dia";"Crescente";"Nublado";"Dupla";"Reta";"Urbano";3;0;2;0;1;0;2;2
83484946;"26/07/16";"Terça";"14:30:00";"RS";470;"187,8";"VERANOPOLIS";"Velocidade incompatível";"Saída de Pista";"Sem Vítimas";"Pleno dia";"Decrescente";"Nublado";"Simples";"Curva";"Rural";2;0;0;0;2;0;0;1
83484947;"19/07/16";"Terça";"18:30:00";"BA";324;"524";"FEIRA DE SANTANA";"Outras";"Colisão com objeto fixo";"Sem Vítimas";"Plena noite";"Decrescente";"Ceu Claro";"Dupla";"Reta";"Rural";1;0;0;0;1;0;0;1
83484948;"26/07/16";"Terça";"19:00:00";"PI";316;"1,8";"TERESINA";"Não guardar distância de segurança";"Colisão lateral";"Sem Vítimas";"Plena noite";"Decrescente";"Ceu Claro";"Múltipla";"Cruzamento";"Urbano";2;0;0;0;2;0;0;2
83484949;"26/07/16";"Terça";"18:35:00";"SC";101;"128,5";"BALNEARIO CAMBORIU";"Falta de atenção";"Queda de motocicleta / bicicleta / veículo";"Com Vítimas Feridas";"Plena noite";"Decrescente";"Ceu Claro";"Dupla";"Curva";"Rural";1;0;0;1;0;0;1;1
83484950;"26/07/16";"Terça";"18:20:00";"MG";381;"748";"TRES CORACOES";"Não guardar distância de segurança";"Saída de Pista";"Sem Vítimas";"Plena noite";"Decrescente";"Ceu Claro";"Dupla";"Reta";"Rural";1;0;0;0;1;0;0;1
83484951;"26/07/16";"Terça";"18:00:00";"PR";467;"87";"CASCAVEL";"Velocidade incompatível";"Capotamento";"Com Vítimas Feridas";"Plena noite";"Crescente";"Ceu Claro";"Dupla";"Reta";"Rural";1;0;1;0;0;0;1;1
83484952;"26/07/16";"Terça";"20:30:00";"RJ";393;"291";"VOLTA REDONDA";"Falta de atenção";"Capotamento";"Com Vítimas Feridas";"Plena noite";"Crescente";"Ceu Claro";"Dupla";"Reta";"Urbano";2;0;2;0;0;0;2;1
83484953;"22/07/16";"Sexta";"21:10:00";"GO";70;"0,9";"AGUAS LINDAS DE GOIAS";"Ingestão de álcool";"Colisão traseira";"Com Vítimas Feridas";"Plena noite";"Decrescente";"Ceu Claro";"Dupla";"Reta";"Urbano";2;0;0;1;1;0;1;2
83484954;"23/07/16";"Sábado";"15:30:00";"MG";40;"507";"RIBEIRAO DAS NEVES";"Falta de atenção";"Colisão lateral";"Sem Vítimas";"Pleno dia";"Crescente";"Ceu Claro";"Dupla";"Reta";"Rural";2;0;0;0;2;0;0;2
83484955;"22/07/16";"Sexta";"18:50:00";"MG";135;"618";"CURVELO";"Outras";"Saída de Pista";"Com Vítimas Feridas";"Plena noite";"Decrescente";"Ceu Claro";"Simples";"Reta";"Rural";3;0;2;0;1;0;2;1
83484956;"26/07/16";"Terça";"19:00:00";"SC";282;"188,8";"BOCAINA DO SUL";"Velocidade incompatível";"Saída de Pista";"Com Vítimas Fatais";"Plena noite";"Decrescente";"Chuva";"Simples";"Reta";"Rural";1;1;0;0;0;0;0;1
83484957;"26/07/16";"Terça";"18:35:00";"MA";10;"246,5";"IMPERATRIZ";"Falta de atenção";"Colisão frontal";"Com Vítimas Feridas";"Plena noite";"Crescente";"Ceu Claro";"Simples";"Reta";"Urbano";2;0;1;0;0;1;1;2
83484958;"26/07/16";"Terça";"20:00:00";"SC";101;"38,4";"JOINVILLE";"Falta de atenção";"Colisão Transversal";"Com Vítimas Feridas";"Plena noite";"Crescente";"Nublado";"Dupla";"Cruzamento";"Urbano";3;0;2;0;1;0;2;2
83484959;"26/07/16";"Terça";"07:30:00";"SC";282;"84,7";"ALFREDO WAGNER";"Velocidade incompatível";"Capotamento";"Com Vítimas Feridas";"Pleno dia";"Crescente";"Sol";"Simples";"Curva";"Urbano";1;0;1;0;0;0;1;1
83484960;"26/07/16";"Terça";"17:45:00";"MG";365;"595";"INDIANOPOLIS";"Falta de atenção";"Colisão Transversal";"Com Vítimas Feridas";"Anoitecer";"Decrescente";"Ceu Claro";"Simples";"Reta";"Rural";4;0;1;0;3;0;1;3
83484961;"26/07/16";"Terça";"18:50:00";"PE";316;"343";"FLORESTA";"Animais na Pista";"Saída de Pista";"Com Vítimas Feridas";"Amanhecer";"Decrescente";"Ceu Claro";"Simples";"Reta";"Rural";2;0;0;2;0;0;2;1
83484962;"26/07/16";"Terça";"19:30:00";"SC";101;"36,3";"JOINVILLE";"Defeito mecânico em veículo";"Saída de Pista";"Sem Vítimas";"Plena noite";"Crescente";"Nublado";"Dupla";"Reta";"Urbano";1;0;0;0;1;0;0;1
83484964;"26/07/16";"Terça";"12:10:00";"BA";116;"503,2";"SANTA TERESINHA";"Outras";"Saída de Pista";"Sem Vítimas";"Pleno dia";"Crescente";"Chuva";"Simples";"Reta";"Rural";1;0;0;0;1;0;0;1
83484965;"26/07/16";"Terça";"08:30:00";"SE";101;"183";"UMBAUBA";"Defeito na via";"Tombamento";"Sem Vítimas";"Pleno dia";"Decrescente";"Sol";"Simples";"Reta";"Rural";1;0;0;0;1;0;0;1
83484966;"26/07/16";"Terça";"18:30:00";"RJ";101;"406";"ITAGUAI";"Outras";"Colisão traseira";"Com Vítimas Feridas";"Plena noite";"Crescente";"Ceu Claro";"Dupla";"Reta";"Urbano";2;0;2;0;0;0;2;2
83484969;"26/07/16";"Terça";"18:00:00";"MG";354;"767,9";"ITAMONTE";"Velocidade incompatível";"Colisão Transversal";"Com Vítimas Feridas";"Plena noite";"Decrescente";"Ceu Claro";"Simples";"Curva";"Rural";2;0;1;0;1;0;1;2
83484970;"26/07/16";"Terça";"17:00:00";"ES";101;"135";"LINHARES";"Falta de atenção";"Colisão Transversal";"Com Vítimas Feridas";"Anoitecer";"Decrescente";"Ceu Claro";"Simples";"Reta";"Rural";6;0;1;0;5;0;1;2
83484971;"26/07/16";"Terça";"19:50:00";"ES";101;"435,9";"MIMOSO DO SUL";"Ultrapassagem indevida";"Colisão frontal";"Com Vítimas Fatais";"Plena noite";"Decrescente";"Ceu Claro";"Simples";"Curva";"Rural";3;1;0;1;1;0;1;3
83484972;"26/07/16";"Terça";"10:30:00";"SP";116;"206";"ARUJA";"Outras";"Colisão traseira";"Com Vítimas Feridas";"Pleno dia";"Crescente";"Ceu Claro";"Múltipla";"Reta";"Urbano";4;0;1;0;3;0;1;4
83484973;"22/07/16";"Sexta";"19:00:00";"RJ";101;"486";"ANGRA DOS REIS";"Falta de atenção";"Colisão Transversal";"Com Vítimas Feridas";"Plena noite";"Crescente";"Ceu Claro";"Simples";"Reta";"Urbano";3;0;2;0;1;0;2;2
83484974;"26/07/16";"Terça";"20:50:00";"CE";116;"4";"FORTALEZA";"Ingestão de álcool";"Atropelamento de pessoa";"Com Vítimas Feridas";"Plena noite";"Crescente";"Ceu Claro";"Múltipla";"Reta";"Urbano";3;0;0;1;2;0;1;1
83484975;"26/07/16";"Terça";"17:10:00";"SC";280;"52,3";"GUARAMIRIM";"Falta de atenção";"Colisão Transversal";"Com Vítimas Feridas";"Pleno dia";"Crescente";"Ceu Claro";"Simples";"Reta";"Urbano";3;0;3;0;0;0;3;2
83484976;"26/07/16";"Terça";"15:45:00";"PR";476;"130,7";"CURITIBA";"Não guardar distância de segurança";"Colisão traseira";"Com Vítimas Feridas";"Pleno dia";"Decrescente";"Sol";"Múltipla";"Reta";"Urbano";3;0;1;0;2;0;1;3
83484977;"26/07/16";"Terça";"19:50:00";"PR";376;"632";"SAO JOSE DOS PINHAIS";"Ingestão de álcool";"Colisão traseira";"Sem Vítimas";"Plena noite";"Crescente";"Nublado";"Dupla";"Reta";"Urbano";3;0;0;0;3;0;0;3
83484978;"26/07/16";"Terça";"22:00:00";"PA";230;"120";"MARABA";"Falta de atenção";"Colisão traseira";"Com Vítimas Feridas";"Plena noite";"Crescente";"Ceu Claro";"Simples";"Reta";"Urbano";2;0;0;1;1;0;1;2
83484979;"26/07/16";"Terça";"11:00:00";"MG";116;"276,8";"TEOFILO OTONI";"Não guardar distância de segurança";"Colisão traseira";"Sem Vítimas";"Pleno dia";"Crescente";"Nublado";"Múltipla";"Reta";"Urbano";3;0;0;0;3;0;0;3
83484980;"26/07/16";"Terça";"14:50:00";"PR";277;"385";"CANDOI";"Falta de atenção";"Colisão Transversal";"Com Vítimas Feridas";"Pleno dia";"Crescente";"Chuva";"Simples";"Reta";"Rural";4;0;3;1;0;0;4;2
83484981;"26/07/16";"Terça";"20:30:00";"MG";251;"440";"GRAO MOGOL";"Velocidade incompatível";"Colisão com objeto móvel";"Sem Vítimas";"Plena noite";"Crescente";"Ceu Claro";"Simples";"Reta";"Rural";1;0;0;0;1;0;0;1
83484982;"26/07/16";"Terça";"21:30:00";"RS";392;"74";"PELOTAS";"Falta de atenção";"Colisão Transversal";"Com Vítimas Feridas";"Plena noite";"Decrescente";"Ceu Claro";"Simples";"Reta";"Urbano";2;0;1;0;1;0;1;2
83484984;"26/07/16";"Terça";"21:10:00";"MT";70;"265";"PRIMAVERA DO LESTE";"Animais na Pista";"Saída de Pista";"Sem Vítimas";"Plena noite";"Decrescente";"Ceu Claro";"Simples";"Reta";"Rural";1;0;0;0;1;0;0;1
83484985;"26/07/16";"Terça";"19:30:00";"PR";376;"499,5";"PONTA GROSSA";"Outras";"Atropelamento de pessoa";"Com Vítimas Fatais";"Plena noite";"Decrescente";"Ceu Claro";"Dupla";"Reta";"Urbano";2;1;0;0;0;1;0;1
83484986;"26/07/16";"Terça";"23:40:00";"MT";70;"520";"VARZEA GRANDE";"Falta de atenção";"Colisão traseira";"Com Vítimas Feridas";"Plena noite";"Decrescente";"Ceu Claro";"Simples";"Reta";"Urbano";4;0;4;0;0;0;4;2
83484987;"25/07/16";"Segunda";"01:00:00";"MS";163;"2";"MUNDO NOVO";"Ingestão de álcool";"Saída de Pista";"Sem Vítimas";"Plena noite";"Decrescente";"Ceu Claro";"Simples";"Reta";"Rural";1;0;0;0;1;0;0;1
83484988;"03/07/16";"Domingo";"06:00:00";"MG";50;"72";"UBERLANDIA";"Defeito mecânico em veículo";"Colisão traseira";"Com Vítimas Feridas";"Amanhecer";"Decrescente";"Ceu Claro";"Dupla";"Reta";"Urbano";2;0;0;1;0;1;1;2
83484989;"26/07/16";"Terça";"16:30:00";"AC";364;"94";"RIO BRANCO";"Falta de atenção";"Colisão traseira";"Com Vítimas Feridas";"Pleno dia";"Crescente";"Ceu Claro";"Simples";"Reta";"Rural";4;0;1;1;2;0;2;2
83484990;"26/07/16";"Terça";"16:57:00";"SC";280;"10";"SAO FRANCISCO DO SUL";"Falta de atenção";"Colisão com bicicleta";"Com Vítimas Feridas";"Pleno dia";"Decrescente";"Ceu Claro";"Simples";"Cruzamento";"Urbano";2;0;0;1;1;0;1;2
83484991;"26/07/16";"Terça";"17:40:00";"PB";101;"52";"SANTA RITA";"Defeito mecânico em veículo";"Tombamento";"Sem Vítimas";"Anoitecer";"Decrescente";"Ceu Claro";"Dupla";"Reta";"Rural";1;0;0;0;1;0;0;1
83484992;"27/07/16";"Quarta";"00:30:00";"SC";101;"57,5";"ARAQUARI";"Outras";"Derramamento de Carga";"Sem Vítimas";"Plena noite";"Decrescente";"Ceu Claro";"Dupla";"Curva";"Rural";1;0;0;0;1;0;0;1
83484993;"26/07/16";"Terça";"23:30:00";"MS";163;"253,8";"DOURADOS";"Outras";"Queda de motocicleta / bicicleta / veículo";"Com Vítimas Feridas";"Plena noite";"Crescente";"Nublado";"Dupla";"Cruzamento";"Urbano";1;0;0;1;0;0;1;1
83484994;"22/07/16";"Sexta";"17:00:00";"RJ";116;"180,5";"NOVA IGUACU";"Outras";"Colisão traseira";"Sem Vítimas";"Pleno dia";"Decrescente";"Nublado";"Dupla";"Reta";"Urbano";3;0;0;0;3;0;0;3
83484995;"26/07/16";"Terça";"14:10:00";"PE";232;"130";"CARUARU";"Outras";"Colisão lateral";"Com Vítimas Feridas";"Pleno dia";"Decrescente";"Ceu Claro";"Dupla";"Reta";"Urbano";3;0;1;0;1;1;1;2
83484996;"26/07/16";"Terça";"22:15:00";"SC";101;"193";"BIGUACU";"Ingestão de álcool";"Colisão lateral";"Sem Vítimas";"Plena noite";"Decrescente";"Nevoeiro/neblina";"Dupla";"Curva";"Urbano";3;0;0;0;3;0;0;2
83484997;"27/07/16";"Quarta";"04:20:00";"RJ";101;"322";"NITEROI";"Dormindo";"Saída de Pista";"Com Vítimas Feridas";"Plena noite";"Crescente";"Ceu Claro";"Dupla";"Reta";"Urbano";2;0;1;0;1;0;1;1
83484998;"26/07/16";"Terça";"13:45:00";"MG";267;"10";"LEOPOLDINA";"Outras";"Saída de Pista";"Sem Vítimas";"Pleno dia";"Crescente";"Ceu Claro";"Simples";"Reta";"Urbano";3;0;0;0;3;0;0;2
83484999;"26/07/16";"Terça";"13:50:00";"MG";262;"390,9";"FLORESTAL";"Dormindo";"Capotamento";"Com Vítimas Feridas";"Pleno dia";"Decrescente";"Ceu Claro";"Dupla";"Reta";"Rural";2;0;2;0;0;0;2;1
83485000;"26/07/16";"Terça";"09:00:00";"MG";381;"333";"NOVA ERA";"Velocidade incompatível";"Tombamento";"Com Vítimas Feridas";"Pleno dia";"Decrescente";"Ceu Claro";"Simples";"Curva";"Rural";1;0;1;0;0;0;1;1