"id";"data_inversa";"dia_semana";"horario";"uf";"br";"km";"municipio";"causa_acidente";"tipo_acidente";"classificacao_acidente";"fase_dia";"sentido_via";"condicao_metereologica";"tipo_pista";"tracado_via";"uso_solo";"pessoas";"mortos";"feridos_leves";"feridos_graves";"ilesos";"ignorados";"feridos";"veiculos"
83485117;"27/07/16";"Quarta";"13:15:00";"PE";101;"122,3";"ESCADA";"Outras";"Colisão lateral";"Sem Vítimas";"Pleno dia";"Decrescente";"Ceu Claro";"Simples";"Reta";"Rural";3;0;0;0;3;0;0;3
83485118;"27/07/16";"Quarta";"14:50:00";"BA";116;"928,9";"ENCRUZILHADA";"Dormindo";"Colisão traseira";"Sem Vítimas";"Pleno dia";"Crescente";"Ceu Claro";"Simples";"Reta";"Rural";2;0;0;0;2;0;0;2
83485119;"27/07/16";"Quarta";"15:05:00";"PR";369;"73,8";"SANTA MARIANA";"Falta de atenção";"Colisão Transversal";"Com Vítimas Feridas";"Pleno dia";"Decrescente";"Ceu Claro";"Simples";"Reta";"Urbano";2;0;1;0;1;0;1;2
83485120;"27/07/16";"Quarta";"11:00:00";"MG";40;"140,7";"JOAO PINHEIRO";"Ultrapassagem indevida";"Saída de Pista";"Sem Vítimas";"Pleno dia";"Crescente";"Ceu Claro";"Simples";"Reta";"Rural";1;0;0;0;1;0;0;1
83485121;"27/07/16";"Quarta";"13:55:00";"BA";367;"83";"EUNAPOLIS";"Falta de atenção";"Colisão Transversal";"Com Vítimas Feridas";"Pleno dia";"Decrescente";"Ceu Claro";"Simples";"Reta";"Urbano";3;0;2;0;1;0;2;2
83485122;"23/07/16";"Sábado";"18:00:00";"RO";364;"427";"JARU";"Falta de atenção";"Colisão traseira";"Sem Vítimas";"Anoitecer";"Decrescente";"Ceu Claro";"Simples";"Curva";"Rural";5;0;0;0;5;0;0;3
83485123;"27/07/16";"Quarta";"14:10:00";"PR";277;"586,5";"CASCAVEL";"Outras";"Colisão frontal";"Com Vítimas Fatais";"Pleno dia";"Decrescente";"Ceu Claro";"Simples";"Cruzamento";"Urbano";3;1;0;0;2;0;0;2
83485124;"27/07/16";"Quarta";"12:30:00";"SP";116;"149";"SAO JOSE DOS CAMPOS";"Não guardar distância de segurança";"Colisão traseira";"Com Vítimas Feridas";"Pleno dia";"Decrescente";"Ceu Claro";"Dupla";"Reta";"Rural";3;0;1;0;2;0;1;2
83485125;"27/07/16";"Quarta";"13:00:00";"GO";153;"657,2";"GOIATUBA";"Falta de atenção";"Colisão lateral";"Sem Vítimas";"Pleno dia";"Crescente";"Ceu Claro";"Dupla";"Reta";"Rural";2;0;0;0;1;1;0;2
83485126;"27/07/16";"Quarta";"12:20:00";"PA";316;"8";"ANANINDEUA";"Não guardar distância de segurança";"Colisão lateral";"Com Vítimas Feridas";"Pleno dia";"Decrescente";"Sol";"Dupla";"Reta";"Urbano";4;0;1;0;1;2;1;2
83485127;"27/07/16";"Quarta";"13:25:00";"SC";101;"207";"SAO JOSE";"Não guardar distância de segurança";"Colisão traseira";"Com Vítimas Feridas";"Pleno dia";"Decrescente";"Ceu Claro";"Dupla";"Curva";"Urbano";2;0;0;1;1;0;1;2
83485128;"22/07/16";"Sexta";"06:20:00";"PB";230;"274,7";"SANTA LUZIA";"Defeito na via";"Tombamento";"Sem Vítimas";"Amanhecer";"Crescente";"Ceu Claro";"Simples";"Curva";"Rural";1;0;0;0;1;0;0;1
83485129;"24/07/16";"Domingo";"18:00:00";"TO";153;"261";"COLINAS DO TOCANTINS";"Ingestão de álcool";"Colisão frontal";"Com Vítimas Fatais";"Anoitecer";"Decrescente";"Ceu Claro";"Simples";"Reta";"Rural";2;1;0;0;1;0;0;2
83485130;"27/07/16";"Quarta";"15:30:00";"SC";101;"203,4";"SAO JOSE";"Falta de atenção";"Colisão lateral";"Com Vítimas Feridas";"Pleno dia";"Decrescente";"Ceu Claro";"Dupla";"Reta";"Urbano";3;0;2;0;1;0;2;2
83485131;"27/07/16";"Quarta";"15:20:00";"RJ";116;"180";"NOVA IGUACU";"Outras";"Colisão traseira";"Com Vítimas Feridas";"Pleno dia";"Crescente";"Ceu Claro";"Dupla";"Reta";"Urbano";2;0;1;0;1;0;1;2
83485132;"26/07/16";"Terça";"05:30:00";"RJ";101;"271";"RIO BONITO";"Outras";"Atropelamento de pessoa";"Com Vítimas Fatais";"Amanhecer";"Crescente";"Nublado";"Dupla";"Curva";"Urbano";2;1;0;0;1;0;0;1
83485133;"06/07/16";"Quarta";"10:45:00";"PE";316;"322";"FLORESTA";"Animais na Pista";"Atropelamento de animal";"Com Vítimas Feridas";"Pleno dia";"Crescente";"Ceu Claro";"Simples";"Reta";"Rural";1;0;1;0;0;0;1;1
83485134;"27/07/16";"Quarta";"15:00:00";"CE";304;"60";"ARACATI";"Animais na Pista";"Colisão traseira";"Sem Vítimas";"Pleno dia";"Decrescente";"Ceu Claro";"Simples";"Reta";"Rural";2;0;0;0;2;0;0;2
83485135;"15/07/16";"Sexta";"17:40:00";"MS";163;"265";"DOURADOS";"Outras";"Queda de motocicleta / bicicleta / veículo";"Com Vítimas Feridas";"Anoitecer";"Crescente";"Nublado";"Dupla";"Cruzamento";"Urbano";2;0;0;1;0;1;1;2
83485136;"11/07/16";"Segunda";"07:14:00";"PR";277;"5";"FOZ DO IGUACU";"Desobediência à sinalização";"Colisão Transversal";"Com Vítimas Feridas";"Amanhecer";"Decrescente";"Ceu Claro";"Dupla";"Cruzamento";"Urbano";2;0;1;0;1;0;1;2
83485137;"27/07/16";"Quarta";"16:40:00";"RS";153;"27,5";"TRES ARROIOS";"Desobediência à sinalização";"Colisão Transversal";"Sem Vítimas";"Pleno dia";"Crescente";"Sol";"Simples";"Curva";"Rural";6;0;0;0;6;0;0;2
83485138;"27/07/16";"Quarta";"13:30:00";"MG";40;"530";"CONTAGEM";"Outras";"Colisão lateral";"Sem Vítimas";"Plena noite";"Decrescente";"Ceu Claro";"Dupla";"Reta";"Urbano";2;0;0;0;2;0;0;2
83485139;"27/07/16";"Quarta";"11:45:00";"MG";381;"942";"EXTREMA";"Não guardar distância de segurança";"Colisão traseira";"Sem Vítimas";"Pleno dia";"Decrescente";"Sol";"Dupla";"Curva";"Rural";2;0;0;0;2;0;0;2
83485140;"27/07/16";"Quarta";"05:00:00";"BA";101;"946";"MUCURI";"Animais na Pista";"Atropelamento de animal";"Sem Vítimas";"Amanhecer";"Crescente";"Ceu Claro";"Simples";"Reta";"Rural";1;0;0;0;1;0;0;1
83485141;"25/07/16";"Segunda";"11:37:00";"RS";116;"264";"CANOAS";"Velocidade incompatível";"Colisão traseira";"Com Vítimas Feridas";"Pleno dia";"Crescente";"Ceu Claro";"Múltipla";"Reta";"Urbano";5;0;2;0;2;1;2;3
83485142;"26/07/16";"Terça";"05:00:00";"MS";163;"151";"JUTI";"Defeito mecânico em veículo";"Tombamento";"Sem Vítimas";"Amanhecer";"Decrescente";"Ceu Claro";"Simples";"Reta";"Rural";1;0;0;0;1;0;0;1
83485143;"27/07/16";"Quarta";"12:00:00";"PR";153;"465,9";"PORTO VITORIA";"Não guardar distância de segurança";"Saída de Pista";"Sem Vítimas";"Pleno dia";"Decrescente";"Ceu Claro";"Simples";"Reta";"Rural";2;0;0;0;1;1;0;2
83485144;"27/07/16";"Quarta";"16:10:00";"PR";153;"472,8";"PORTO VITORIA";"Falta de atenção";"Derramamento de Carga";"Sem Vítimas";"Pleno dia";"Decrescente";"Ceu Claro";"Simples";"Reta";"Rural";1;0;0;0;1;0;0;1
83485145;"27/07/16";"Quarta";"08:00:00";"MG";40;"824,1";"SIMAO PEREIRA";"Outras";"Colisão com objeto fixo";"Com Vítimas Feridas";"Pleno dia";"Decrescente";"Ceu Claro";"Dupla";"Curva";"Rural";1;0;1;0;0;0;1;1
83485146;"27/07/16";"Quarta";"12:55:00";"SC";116;"52";"PAPANDUVA";"Falta de atenção";"Colisão Transversal";"Com Vítimas Feridas";"Pleno dia";"Decrescente";"Ceu Claro";"Simples";"Reta";"Rural";3;0;0;1;2;0;1;2
83485147;"24/07/16";"Domingo";"01:45:00";"SP";116;"269,5";"TABOAO DA SERRA";"Falta de atenção";"Colisão lateral";"Com Vítimas Feridas";"Plena noite";"Decrescente";"Ceu Claro";"Dupla";"Reta";"Urbano";2;0;1;0;1;0;1;2
83485148;"27/07/16";"Quarta";"17:00:00";"RN";101;"84";"NATAL";"Não guardar distância de segurança";"Colisão traseira";"Sem Vítimas";"Pleno dia";"Decrescente";"Sol";"Dupla";"Reta";"Rural";2;0;0;0;2;0;0;2
83485149;"27/07/16";"Quarta";"13:00:00";"SP";116;"5";"QUELUZ";"Falta de atenção";"Colisão Transversal";"Sem Vítimas";"Pleno dia";"Crescente";"Sol";"Simples";"Reta";"Rural";2;0;0;0;2;0;0;2
83485150;"27/07/16";"Quarta";"11:15:00";"RS";290;"174,7";"BUTIA";"Falta de atenção";"Tombamento";"Sem Vítimas";"Pleno dia";"Decrescente";"Ceu Claro";"Simples";"Cruzamento";"Urbano";1;0;0;0;1;0;0;1
83485151;"27/07/16";"Quarta";"15:20:00";"SC";280;"29,3";"ARAQUARI";"Falta de atenção";"Colisão traseira";"Sem Vítimas";"Pleno dia";"Crescente";"Sol";"Simples";"Curva";"Rural";5;0;0;0;5;0;0;5
83485153;"27/07/16";"Quarta";"13:30:00";"SC";101;"151";"ITAPEMA";"Falta de atenção";"Colisão traseira";"Com Vítimas Feridas";"Pleno dia";"Decrescente";"Ceu Claro";"Simples";"Reta";"Urbano";3;0;1;0;2;0;1;3
83485154;"27/07/16";"Quarta";"15:30:00";"AM";174;"1013";"PRESIDENTE FIGUEIREDO";"Falta de atenção";"Colisão traseira";"Sem Vítimas";"Pleno dia";"Crescente";"Chuva";"Simples";"Curva";"Rural";2;0;0;0;2;0;0;2
83485155;"23/07/16";"Sábado";"21:40:00";"ES";101;"266";"SERRA";"Outras";"Colisão lateral";"Com Vítimas Feridas";"Plena noite";"Crescente";"Nublado";"Dupla";"Reta";"Urbano";2;0;0;1;1;0;1;2
83485156;"27/07/16";"Quarta";"16:00:00";"PB";230;"153";"CAMPINA GRANDE";"Defeito mecânico em veículo";"Tombamento";"Sem Vítimas";"Pleno dia";"Crescente";"Ceu Claro";"Simples";"Curva";"Urbano";1;0;0;0;1;0;0;1
83485157;"27/07/16";"Quarta";"16:00:00";"PE";101;"173";"JOAQUIM NABUCO";"Dormindo";"Capotamento";"Com Vítimas Feridas";"Pleno dia";"Crescente";"Nublado";"Dupla";"Reta";"Rural";1;0;1;0;0;0;1;1
83485158;"27/07/16";"Quarta";"08:20:00";"MG";381;"805,2";"SAO GONCALO DO SAPUCAI";"Falta de atenção";"Colisão com objeto fixo";"Sem Vítimas";"Pleno dia";"Decrescente";"Ceu Claro";"Dupla";"Reta";"Rural";1;0;0;0;1;0;0;1
83485159;"27/07/16";"Quarta";"11:00:00";"SC";101;"196,9";"BIGUACU";"Falta de atenção";"Colisão lateral";"Com Vítimas Feridas";"Pleno dia";"Decrescente";"Ceu Claro";"Dupla";"Curva";"Urbano";2;0;1;0;1;0;1;2
83485160;"23/07/16";"Sábado";"19:20:00";"RJ";101;"217";"SILVA JARDIM";"Falta de atenção";"Colisão com objeto fixo";"Sem Vítimas";"Plena noite";"Decrescente";"Ceu Claro";"Simples";"Reta";"Rural";1;0;0;0;1;0;0;1
83485161;"27/07/16";"Quarta";"18:00:00";"PR";277;"645";"CEU AZUL";"Não guardar distância de segurança";"Colisão traseira";"Com Vítimas Feridas";"Anoitecer";"Decrescente";"Ceu Claro";"Simples";"Reta";"Rural";2;0;1;0;1;0;1;2
83485163;"27/07/16";"Quarta";"17:40:00";"SC";282;"532,9";"CHAPECO";"Falta de atenção";"Colisão lateral";"Sem Vítimas";"Anoitecer";"Decrescente";"Ceu Claro";"Dupla";"Reta";"Urbano";5;0;0;0;5;0;0;2
83485164;"27/07/16";"Quarta";"12:10:00";"SE";101;"48,5";"JAPARATUBA";"Outras";"Capotamento";"Com Vítimas Feridas";"Pleno dia";"Crescente";"Sol";"Dupla";"Reta";"Rural";3;0;2;0;1;0;2;1
83485165;"19/07/16";"Terça";"11:50:00";"RJ";101;"277";"TANGUA";"Outras";"Colisão lateral";"Sem Vítimas";"Pleno dia";"Decrescente";"Ceu Claro";"Dupla";"Reta";"Rural";2;0;0;0;2;0;0;2
83485166;"27/07/16";"Quarta";"18:10:00";"SC";282;"2";"FLORIANOPOLIS";"Ultrapassagem indevida";"Colisão lateral";"Com Vítimas Feridas";"Plena noite";"Crescente";"Vento";"Dupla";"Reta";"Urbano";2;0;1;0;0;1;1;2
83485167;"27/07/16";"Quarta";"15:30:00";"SC";470;"268,3";"CURITIBANOS";"Velocidade incompatível";"Saída de Pista";"Com Vítimas Feridas";"Pleno dia";"Decrescente";"Ceu Claro";"Simples";"Curva";"Urbano";1;0;1;0;0;0;1;1
83485168;"27/07/16";"Quarta";"16:50:00";"SC";282;"223,7";"LAGES";"Falta de atenção";"Colisão Transversal";"Com Vítimas Feridas";"Anoitecer";"Decrescente";"Ceu Claro";"Simples";"Reta";"Urbano";2;0;1;0;1;0;1;2
83485169;"27/07/16";"Quarta";"16:40:00";"PE";232;"408,1";"SERRA TALHADA";"Não guardar distância de segurança";"Colisão traseira";"Com Vítimas Feridas";"Pleno dia";"Crescente";"Ceu Claro";"Simples";"Reta";"Urbano";2;0;1;1;0;0;2;2
83485170;"27/07/16";"Quarta";"07:30:00";"MG";251;"508";"FRANCISCO SA";"Falta de atenção";"Colisão traseira";"Sem Vítimas";"Pleno dia";"Decrescente";"Ceu Claro";"Simples";"Curva";"Rural";4;0;0;0;4;0;0;4
83485171;"27/07/16";"Quarta";"16:30:00";"GO";414;"415,7";"ABADIANIA";"Outras";"Colisão com objeto fixo";"Com Vítimas Feridas";"Pleno dia";"Crescente";"Ceu Claro";"Simples";"Curva";"Rural";1;0;1;0;0;0;1;1
83485172;"27/07/16";"Quarta";"16:40:00";"MS";267;"295";"RIO BRILHANTE";"Velocidade incompatível";"Tombamento";"Com Vítimas Feridas";"Pleno dia";"Decrescente";"Ceu Claro";"Simples";"Curva";"Rural";1;0;1;0;0;0;1;1
83485173;"27/07/16";"Quarta";"15:10:00";"SP";116;"564,2";"BARRA DO TURVO";"Defeito mecânico em veículo";"Tombamento";"Com Vítimas Feridas";"Pleno dia";"Crescente";"Sol";"Simples";"Curva";"Rural";1;0;1;0;0;0;1;1
83485174;"27/07/16";"Quarta";"09:00:00";"SP";116;"505";"CAJATI";"Falta de atenção";"Tombamento";"Sem Vítimas";"Pleno dia";"Crescente";"Sol";"Dupla";"Curva";"Rural";1;0;0;0;1;0;0;1
83485175;"27/07/16";"Quarta";"14:45:00";"MT";70;"365";"CAMPO VERDE";"Não guardar distância de segurança";"Colisão traseira";"Sem Vítimas";"Pleno dia";"Crescente";"Ceu Claro";"Simples";"Reta";"Rural";6;0;0;0;6;0;0;3
83485176;"27/07/16";"Quarta";"18:30:00";"RS";116;"153";"CAXIAS DO SUL";"Falta de atenção";"Atropelamento de pessoa";"Com Vítimas Feridas";"Anoitecer";"Crescente";"Nublado";"Dupla";"Reta";"Urbano";3;0;2;0;1;0;2;1
83485177;"26/07/16";"Terça";"19:30:00";"RJ";116;"258";"VOLTA REDONDA";"Falta de atenção";"Colisão Transversal";"Sem Vítimas";"Plena noite";"Crescente";"Nublado";"Dupla";"Curva";"Rural";2;0;0;0;2;0;0;2
83485178;"27/07/16";"Quarta";"13:53:00";"BA";101;"263";"SANTO ANTONIO DE JESUS";"Outras";"Colisão Transversal";"Com Vítimas Feridas";"Pleno dia";"Crescente";"Nublado";"Dupla";"Reta";"Urbano";2;0;1;0;1;0;1;2
83485179;"23/07/16";"Sábado";"12:30:00";"RJ";101;"272";"TANGUA";"Falta de atenção";"Saída de Pista";"Sem Vítimas";"Pleno dia";"Decrescente";"Ceu Claro";"Dupla";"Reta";"Rural";1;0;0;0;1;0;0;1
83485180;"27/07/16";"Quarta";"08:20:00";"SE";101;"48,2";"JAPARATUBA";"Outras";"Saída de Pista";"Com Vítimas Feridas";"Pleno dia";"Crescente";"Chuva";"Dupla";"Reta";"Rural";1;0;1;0;0;0;1;1
83485181;"27/07/16";"Quarta";"16:24:00";"BA";324;"515,6";"FEIRA DE SANTANA";"Desobediência à sinalização";"Colisão Transversal";"Com Vítimas Feridas";"Pleno dia";"Crescente";"Sol";"Dupla";"Reta";"Urbano";3;0;1;0;2;0;1;3
83485182;"25/07/16";"Segunda";"12:00:00";"PR";277;"721";"FOZ DO IGUACU";"Outras";"Colisão lateral";"Sem Vítimas";"Pleno dia";"Decrescente";"Ceu Claro";"Dupla";"Cruzamento";"Urbano";2;0;0;0;2;0;0;2
83485183;"27/07/16";"Quarta";"12:00:00";"RS";290;"147";"ELDORADO DO SUL";"Outras";"Colisão frontal";"Com Vítimas Feridas";"Pleno dia";"Crescente";"Sol";"Simples";"Reta";"Rural";3;0;2;0;1;0;2;2
83485184;"26/07/16";"Terça";"22:45:00";"SP";116;"155";"SAO JOSE DOS CAMPOS";"Outras";"Colisão Transversal";"Sem Vítimas";"Plena noite";"Crescente";"Ceu Claro";"Múltipla";"Reta";"Urbano";2;0;0;0;2;0;0;2
83485185;"24/07/16";"Domingo";"07:15:00";"MG";116;"512";"UBAPORANGA";"Defeito na via";"Queda de motocicleta / bicicleta / veículo";"Com Vítimas Feridas";"Pleno dia";"Crescente";"Ceu Claro";"Simples";"Reta";"Rural";1;0;0;1;0;0;1;1
83485186;"27/07/16";"Quarta";"16:30:00";"PR";369;"56";"BANDEIRANTES";"Falta de atenção";"Colisão traseira";"Com Vítimas Feridas";"Pleno dia";"Crescente";"Ceu Claro";"Simples";"Reta";"Urbano";4;0;2;0;0;2;2;3
83485187;"27/07/16";"Quarta";"18:50:00";"RS";448;"4";"ESTEIO";"Outras";"Queda de motocicleta / bicicleta / veículo";"Com Vítimas Feridas";"Anoitecer";"Decrescente";"Ceu Claro";"Dupla";"Curva";"Rural";1;0;1;0;0;0;1;1
83485189;"27/07/16";"Quarta";"15:20:00";"MG";153;"126";"PRATA";"Não guardar distância de segurança";"Colisão traseira";"Com Vítimas Feridas";"Pleno dia";"Crescente";"Sol";"Simples";"Reta";"Rural";5;0;1;0;4;0;1;4
83485190;"27/07/16";"Quarta";"18:30:00";"BA";101;"727,8";"EUNAPOLIS";"Falta de atenção";"Colisão Transversal";"Com Vítimas Feridas";"Anoitecer";"Decrescente";"Nublado";"Simples";"Reta";"Rural";6;0;2;4;0;0;6;2
83485191;"23/07/16";"Sábado";"18:30:00";"CE";116;"6";"FORTALEZA";"Ingestão de álcool";"Atropelamento de pessoa";"Com Vítimas Feridas";"Plena noite";"Decrescente";"Ceu Claro";"Múltipla";"Reta";"Urbano";2;0;1;0;1;0;1;1
83485192;"07/07/16";"Quinta";"20:00:00";"RO";364;"417";"JARU";"Defeito na via";"Queda de motocicleta / bicicleta / veículo";"Com Vítimas Feridas";"Plena noite";"Decrescente";"Ignorada";"Simples";"Reta";"Rural";2;0;2;0;0;0;2;1
83485193;"27/07/16";"Quarta";"19:50:00";"RN";101;"107";"PARNAMIRIM";"Não guardar distância de segurança";"Colisão lateral";"Com Vítimas Feridas";"Plena noite";"Crescente";"Ceu Claro";"Dupla";"Cruzamento";"Urbano";3;0;1;0;2;0;1;2
83485194;"24/07/16";"Domingo";"18:40:00";"BA";242;"797";"BARREIRAS";"Ingestão de álcool";"Colisão traseira";"Com Vítimas Feridas";"Plena noite";"Decrescente";"Ceu Claro";"Simples";"Reta";"Rural";6;0;2;0;4;0;2;2
83485195;"15/06/16";"Quarta";"17:00:00";"RO";364;"634";"CANDEIAS DO JAMARI";"Outras";"Atropelamento de pessoa";"Com Vítimas Feridas";"Pleno dia";"Decrescente";"Ceu Claro";"Simples";"Reta";"Rural";2;0;1;0;0;1;1;1
83485196;"27/07/16";"Quarta";"17:45:00";"ES";101;"298,5";"VIANA";"Desobediência à sinalização";"Colisão traseira";"Com Vítimas Feridas";"Anoitecer";"Decrescente";"Ceu Claro";"Múltipla";"Reta";"Urbano";2;0;0;1;1;0;1;2
83485197;"27/07/16";"Quarta";"19:00:00";"MG";116;"277,9";"TEOFILO OTONI";"Outras";"Colisão com bicicleta";"Com Vítimas Feridas";"Plena noite";"Crescente";"Nublado";"Simples";"Cruzamento";"Urbano";2;0;1;0;1;0;1;2
83485198;"27/07/16";"Quarta";"20:10:00";"RN";304;"302,2";"MACAIBA";"Ingestão de álcool";"Colisão Transversal";"Sem Vítimas";"Plena noite";"Crescente";"Ceu Claro";"Dupla";"Reta";"Urbano";2;0;0;0;2;0;0;2
83485199;"27/07/16";"Quarta";"20:27:00";"MG";381;"497";"BETIM";"Defeito mecânico em veículo";"Queda de motocicleta / bicicleta / veículo";"Com Vítimas Feridas";"Plena noite";"Decrescente";"Ceu Claro";"Dupla";"Reta";"Rural";1;0;1;0;0;0;1;1
83485200;"27/07/16";"Quarta";"16:00:00";"PB";101;"105,3";"ALHANDRA";"Falta de atenção";"Saída de Pista";"Com Vítimas Fatais";"Pleno dia";"Crescente";"Ceu Claro";"Dupla";"Reta";"Rural";5;1;0;4;0;0;4;1
83485201;"27/07/16";"Quarta";"13:40:00";"MT";158;"447,8";"RIBEIRAO CASCALHEIRA";"Outras";"Colisão frontal";"Com Vítimas Feridas";"Pleno dia";"Crescente";"Ceu Claro";"Simples";"Reta";"Rural";2;0;0;1;1;0;1;2
83485202;"21/06/16";"Terça";"15:25:00";"MT";364;"527";"ROSARIO OESTE";"Outras";"Colisão traseira";"Sem Vítimas";"Pleno dia";"Crescente";"Ceu Claro";"Simples";"Reta";"Rural";3;0;0;0;3;0;0;3
83485204;"24/07/16";"Domingo";"04:00:00";"SC";101;"141";"BALNEARIO CAMBORIU";"Ingestão de álcool";"Capotamento";"Sem Vítimas";"Plena noite";"Crescente";"Nublado";"Simples";"Curva";"Rural";1;0;0;0;1;0;0;1
83485205;"27/07/16";"Quarta";"18:50:00";"PA";316;"11";"MARITUBA";"Ingestão de álcool";"Atropelamento de pessoa";"Com Vítimas Feridas";"Plena noite";"Crescente";"Ceu Claro";"Dupla";"Reta";"Urbano";2;0;0;1;1;0;1;1
83485206;"27/07/16";"Quarta";"16:55:00";"MS";419;"328";"NIOAQUE";"Outras";"Tombamento";"Com Vítimas Feridas";"Pleno dia";"Decrescente";"Sol";"Simples";"Cruzamento";"Rural";1;0;1;0;0;0;1;1
83485207;"23/07/16";"Sábado";"11:30:00";"SP";116;"215";"GUARULHOS";"Outras";"Saída de Pista";"Com Vítimas Feridas";"Pleno dia";"Decrescente";"Sol";"Múltipla";"Reta";"Urbano";1;0;1;0;0;0;1;1
83485209;"27/07/16";"Quarta";"20:00:00";"SC";101;"344";"TUBARAO";"Não guardar distância de segurança";"Colisão traseira";"Com Vítimas Feridas";"Plena noite";"Crescente";"Ceu Claro";"Dupla";"Reta";"Rural";2;0;1;0;1;0;1;2
83485210;"27/07/16";"Quarta";"16:40:00";"MG";381;"851,1";"POUSO ALEGRE";"Defeito mecânico em veículo";"Danos Eventuais";"Sem Vítimas";"Pleno dia";"Decrescente";"Sol";"Dupla";"Curva";"Urbano";1;0;0;0;1;0;0;1
83485211;"27/07/16";"Quarta";"22:20:00";"PR";158;"519";"PATO BRANCO";"Desobediência à sinalização";"Colisão frontal";"Com Vítimas Feridas";"Plena noite";"Crescente";"Ceu Claro";"Simples";"Reta";"Urbano";2;0;1;0;1;0;1;2
83485213;"27/07/16";"Quarta";"17:30:00";"SP";116;"201,7";"ARUJA";"Falta de atenção";"Atropelamento de pessoa";"Com Vítimas Feridas";"Pleno dia";"Decrescente";"Ceu Claro";"Dupla";"Reta";"Urbano";2;0;2;0;0;0;2;1
83485214;"27/07/16";"Quarta";"21:40:00";"SC";282;"322";"CAMPOS NOVOS";"Desobediência à sinalização";"Colisão Transversal";"Com Vítimas Feridas";"Plena noite";"Decrescente";"Ceu Claro";"Simples";"Cruzamento";"Rural";4;0;1;0;3;0;1;2
83485215;"27/07/16";"Quarta";"17:50:00";"RS";470;"178";"VERANOPOLIS";"Falta de atenção";"Colisão frontal";"Com Vítimas Feridas";"Anoitecer";"Crescente";"Ceu Claro";"Simples";"Cruzamento";"Urbano";6;0;3;0;3;0;3;3
83485216;"27/07/16";"Quarta";"18:50:00";"MG";40;"807,3";"MATIAS BARBOSA";"Defeito mecânico em veículo";"Tombamento";"Com Vítimas Feridas";"Plena noite";"Crescente";"Ceu Claro";"Dupla";"Reta";"Rural";2;0;2;0;0;0;2;1
83485217;"19/07/16";"Terça";"18:15:00";"RS";290;"102";"PORTO ALEGRE";"Não guardar distância de segurança";"Atropelamento de pessoa";"Com Vítimas Feridas";"Plena noite";"Decrescente";"Ceu Claro";"Dupla";"Reta";"Urbano";4;0;1;0;3;0;1;3
83485218;"27/07/16";"Quarta";"19:30:00";"SP";116;"212";"GUARULHOS";"Falta de atenção";"Colisão traseira";"Com Vítimas Feridas";"Plena noite";"Decrescente";"Ceu Claro";"Múltipla";"Reta";"Urbano";2;0;1;0;1;0;1;2
83485219;"27/07/16";"Quarta";"19:30:00";"MT";364;"231,2";"RONDONOPOLIS";"Animais na Pista";"Atropelamento de animal";"Sem Vítimas";"Plena noite";"Decrescente";"Ceu Claro";"Simples";"Reta";"Rural";1;0;0;0;1;0;0;1
83485220;"23/07/16";"Sábado";"18:10:00";"PA";316;"54";"CASTANHAL";"Ingestão de álcool";"Colisão Transversal";"Sem Vítimas";"Anoitecer";"Decrescente";"Ceu Claro";"Dupla";"Reta";"Urbano";2;0;0;0;2;0;0;2
83485221;"27/07/16";"Quarta";"17:35:00";"RN";101;"138,7";"ARES";"Não guardar distância de segurança";"Colisão traseira";"Com Vítimas Feridas";"Anoitecer";"Decrescente";"Vento";"Dupla";"Reta";"Rural";2;0;1;0;1;0;1;2
83485222;"27/07/16";"Quarta";"18:30:00";"CE";20;"413";"CAUCAIA";"Falta de atenção";"Colisão com bicicleta";"Com Vítimas Feridas";"Plena noite";"Decrescente";"Ceu Claro";"Dupla";"Reta";"Rural";2;0;0;1;1;0;1;2
83485223;"27/07/16";"Quarta";"16:33:00";"RO";364;"422";"JARU";"Outras";"Colisão Transversal";"Com Vítimas Feridas";"Pleno dia";"Decrescente";"Ceu Claro";"Simples";"Reta";"Urbano";2;0;1;0;1;0;1;2
83485224;"27/07/16";"Quarta";"20:50:00";"MT";163;"67,8";"ITIQUIRA";"Defeito mecânico em veículo";"Saída de Pista";"Sem Vítimas";"Plena noite";"Decrescente";"Ceu Claro";"Dupla";"Reta";"Rural";1;0;0;0;1;0;0;1
83485225;"27/07/16";"Quarta";"23:10:00";"SC";101;"119,6";"ITAJAI";"Outras";"Colisão com objeto fixo";"Com Vítimas Feridas";"Plena noite";"Decrescente";"Nublado";"Múltipla";"Reta";"Urbano";1;0;1;0;0;0;1;1
83485226;"21/07/16";"Quinta";"08:20:00";"CE";402;"284";"TURURU";"Falta de atenção";"Colisão lateral";"Com Vítimas Feridas";"Pleno dia";"Decrescente";"Ceu Claro";"Simples";"Reta";"Rural";2;0;1;0;1;0;1;2
83485227;"27/07/16";"Quarta";"08:55:00";"RO";319;"62";"PORTO VELHO";"Falta de atenção";"Colisão Transversal";"Com Vítimas Feridas";"Pleno dia";"Crescente";"Ceu Claro";"Múltipla";"Reta";"Urbano";2;0;1;0;1;0;1;2
83485228;"27/07/16";"Quarta";"05:30:00";"MT";364;"181,2";"PEDRA PRETA";"Outras";"Queda de motocicleta / bicicleta / veículo";"Com Vítimas Feridas";"Amanhecer";"Decrescente";"Ceu Claro";"Simples";"Curva";"Rural";1;0;1;0;0;0;1;1