"id";"data_inversa";"dia_semana";"horario";"uf";"br";"km";"municipio";"causa_acidente";"tipo_acidente";"classificacao_acidente";"fase_dia";"sentido_via";"condicao_metereologica";"tipo_pista";"tracado_via";"uso_solo";"pessoas";"mortos";"feridos_leves";"feridos_graves";"ilesos";"ignorados";"feridos";"veiculos"
83485461;"28/07/16";"Quinta";"22:30:00";"SC";470;"68";"INDAIAL";"Outras";"Colisão traseira";"Com Vítimas Feridas";"Plena noite";"Decrescente";"Nublado";"Simples";"Cruzamento";"Urbano";3;0;2;0;0;1;2;2
83485462;"28/07/16";"Quinta";"13:00:00";"PR";277;"6,6";"PARANAGUA";"Desobediência à sinalização";"Colisão Transversal";"Com Vítimas Feridas";"Pleno dia";"Crescente";"Nublado";"Múltipla";"Reta";"Urbano";2;0;0;1;1;0;1;2
83485463;"28/07/16";"Quinta";"22:00:00";"BA";407;"113";"JAGUARARI";"Velocidade incompatível";"Colisão traseira";"Com Vítimas Feridas";"Plena noite";"Crescente";"Nublado";"Simples";"Reta";"Rural";3;0;1;1;1;0;2;2
83485465;"24/07/16";"Domingo";"19:30:00";"SP";116;"205";"ARUJA";"Não guardar distância de segurança";"Colisão traseira";"Com Vítimas Feridas";"Plena noite";"Crescente";"Ceu Claro";"Múltipla";"Reta";"Urbano";4;0;1;0;3;0;1;3
83485466;"28/07/16";"Quinta";"19:40:00";"PA";316;"30";"SANTA ISABEL DO PARA";"Falta de atenção";"Colisão lateral";"Com Vítimas Feridas";"Plena noite";"Decrescente";"Ceu Claro";"Dupla";"Reta";"Rural";3;0;0;1;2;0;1;3
83485467;"28/07/16";"Quinta";"20:20:00";"MG";381;"620";"OLIVEIRA";"Outras";"Danos Eventuais";"Sem Vítimas";"Plena noite";"Crescente";"Ignorada";"Dupla";"Curva";"Rural";2;0;0;0;2;0;0;2
83485468;"28/07/16";"Quinta";"09:15:00";"SC";101;"211,7";"PALHOCA";"Falta de atenção";"Queda de motocicleta / bicicleta / veículo";"Com Vítimas Feridas";"Pleno dia";"Crescente";"Sol";"Dupla";"Reta";"Urbano";2;0;1;0;0;1;1;2
83485469;"28/07/16";"Quinta";"21:15:00";"PR";369;"155";"LONDRINA";"Falta de atenção";"Colisão traseira";"Com Vítimas Feridas";"Plena noite";"Crescente";"Nublado";"Dupla";"Reta";"Urbano";3;0;0;1;2;0;1;3
83485470;"28/07/16";"Quinta";"21:00:00";"RJ";40;"85";"PETROPOLIS";"Defeito mecânico em veículo";"Incêndio";"Sem Vítimas";"Plena noite";"Decrescente";"Nevoeiro/neblina";"Simples";"Reta";"Rural";1;0;0;0;1;0;0;1
83485471;"28/07/16";"Quinta";"18:15:00";"RN";304;"301,3";"MACAIBA";"Outras";"Colisão Transversal";"Com Vítimas Feridas";"Plena noite";"Decrescente";"Nublado";"Dupla";"Reta";"Urbano";2;0;0;1;0;1;1;2
83485472;"28/07/16";"Quinta";"22:30:00";"PR";116;"9";"COLOMBO";"Velocidade incompatível";"Colisão com objeto fixo";"Com Vítimas Feridas";"Plena noite";"Decrescente";"Chuva";"Dupla";"Reta";"Urbano";1;0;1;0;0;0;1;1
83485473;"29/07/16";"Sexta";"00:01:00";"RS";116;"150";"CAXIAS DO SUL";"Ingestão de álcool";"Atropelamento de pessoa";"Com Vítimas Feridas";"Plena noite";"Crescente";"Ceu Claro";"Dupla";"Reta";"Urbano";2;0;1;0;0;1;1;1
83485474;"28/07/16";"Quinta";"23:00:00";"PR";376;"165";"MARINGA";"Outras";"Colisão lateral";"Com Vítimas Feridas";"Plena noite";"Crescente";"Ceu Claro";"Dupla";"Reta";"Urbano";2;0;1;0;0;1;1;2
83485475;"28/07/16";"Quinta";"17:30:00";"RO";364;"346";"JI-PARANA";"Falta de atenção";"Colisão traseira";"Com Vítimas Feridas";"Anoitecer";"Decrescente";"Ceu Claro";"Simples";"Reta";"Urbano";3;0;2;0;1;0;2;2
83485476;"28/07/16";"Quinta";"18:30:00";"MT";163;"832";"SINOP";"Desobediência à sinalização";"Colisão Transversal";"Com Vítimas Feridas";"Anoitecer";"Decrescente";"Vento";"Simples";"Reta";"Rural";2;0;2;0;0;0;2;2
83485477;"28/07/16";"Quinta";"20:00:00";"RJ";101;"504,8";"ANGRA DOS REIS";"Desobediência à sinalização";"Colisão frontal";"Com Vítimas Feridas";"Plena noite";"Crescente";"Nublado";"Dupla";"Reta";"Urbano";3;0;0;2;0;1;2;2
83485478;"23/07/16";"Sábado";"11:15:00";"SC";101;"297,2";"IMBITUBA";"Outras";"Colisão traseira";"Com Vítimas Feridas";"Pleno dia";"Decrescente";"Ceu Claro";"Dupla";"Reta";"Rural";4;0;2;0;2;0;2;3
83485479;"18/07/16";"Segunda";"11:10:00";"SC";101;"306";"LAGUNA";"Outras";"Saída de Pista";"Com Vítimas Feridas";"Pleno dia";"Decrescente";"Ceu Claro";"Dupla";"Reta";"Rural";1;0;1;0;0;0;1;1
83485480;"28/07/16";"Quinta";"17:05:00";"MT";163;"550";"DIAMANTINO";"Defeito mecânico em veículo";"Tombamento";"Sem Vítimas";"Pleno dia";"Decrescente";"Ignorada";"Simples";"Reta";"Rural";1;0;0;0;1;0;0;1
83485481;"28/07/16";"Quinta";"19:00:00";"MG";262;"358,7";"BETIM";"Outras";"Saída de Pista";"Sem Vítimas";"Plena noite";"Decrescente";"Ceu Claro";"Dupla";"Curva";"Rural";1;0;0;0;1;0;0;1
83485482;"28/07/16";"Quinta";"23:50:00";"PR";277;"361,8";"GUARAPUAVA";"Defeito mecânico em veículo";"Colisão traseira";"Sem Vítimas";"Plena noite";"Decrescente";"Ceu Claro";"Simples";"Reta";"Rural";2;0;0;0;2;0;0;2
83485483;"28/07/16";"Quinta";"12:00:00";"AL";316;"255";"PILAR";"Outras";"Colisão traseira";"Sem Vítimas";"Pleno dia";"Decrescente";"Chuva";"Simples";"Reta";"Urbano";2;0;0;0;2;0;0;2
83485484;"28/07/16";"Quinta";"23:00:00";"RJ";116;"246,9";"PIRAI";"Outras";"Colisão Transversal";"Sem Vítimas";"Plena noite";"Crescente";"Nublado";"Simples";"Reta";"Rural";2;0;0;0;1;1;0;2
83485485;"28/07/16";"Quinta";"10:00:00";"AL";101;"34";"JOAQUIM GOMES";"Outras";"Capotamento";"Sem Vítimas";"Pleno dia";"Crescente";"Chuva";"Dupla";"Curva";"Rural";1;0;0;0;1;0;0;1
83485486;"28/07/16";"Quinta";"20:40:00";"SP";116;"31,5";"CRUZEIRO";"Ingestão de álcool";"Atropelamento de pessoa";"Com Vítimas Feridas";"Plena noite";"Crescente";"Ceu Claro";"Dupla";"Reta";"Rural";2;0;1;0;0;1;1;1
83485487;"29/07/16";"Sexta";"02:00:00";"PR";277;"4,8";"PARANAGUA";"Outras";"Saída de Pista";"Com Vítimas Feridas";"Plena noite";"Crescente";"Chuva";"Dupla";"Curva";"Urbano";1;0;1;0;0;0;1;1
83485488;"28/07/16";"Quinta";"20:40:00";"MA";135;"9";"SAO LUIS";"Outras";"Colisão lateral";"Sem Vítimas";"Plena noite";"Crescente";"Nublado";"Dupla";"Curva";"Urbano";2;0;0;0;1;1;0;2
83485489;"28/07/16";"Quinta";"12:00:00";"AL";101;"32";"JOAQUIM GOMES";"Outras";"Capotamento";"Com Vítimas Feridas";"Pleno dia";"Decrescente";"Chuva";"Dupla";"Curva";"Rural";3;0;1;2;0;0;3;1
83485490;"28/07/16";"Quinta";"20:50:00";"RS";285;"420,8";"PANAMBI";"Defeito mecânico em veículo";"Saída de Pista";"Com Vítimas Fatais";"Plena noite";"Crescente";"Ceu Claro";"Simples";"Reta";"Rural";3;1;0;2;0;0;2;1
83485491;"28/07/16";"Quinta";"23:30:00";"AL";104;"30";"UNIAO DOS PALMARES";"Outras";"Saída de Pista";"Com Vítimas Feridas";"Plena noite";"Decrescente";"Nublado";"Simples";"Curva";"Rural";1;0;0;1;0;0;1;1
83485492;"24/07/16";"Domingo";"20:15:00";"MG";40;"760,5";"JUIZ DE FORA";"Defeito mecânico em veículo";"Incêndio";"Sem Vítimas";"Plena noite";"Crescente";"Nublado";"Simples";"Reta";"Rural";1;0;0;0;1;0;0;1
83485493;"28/07/16";"Quinta";"11:00:00";"MA";135;"73";"SANTA RITA";"Outras";"Colisão lateral";"Sem Vítimas";"Pleno dia";"Crescente";"Sol";"Simples";"Reta";"Rural";3;0;0;0;1;2;0;3
83485494;"28/07/16";"Quinta";"20:00:00";"PR";376;"391,5";"IMBAU";"Outras";"Colisão lateral";"Sem Vítimas";"Plena noite";"Decrescente";"Ceu Claro";"Simples";"Curva";"Rural";2;0;0;0;2;0;0;2
83485495;"28/07/16";"Quinta";"22:25:00";"RN";304;"112";"ASSU";"Ingestão de álcool";"Colisão frontal";"Com Vítimas Feridas";"Plena noite";"Decrescente";"Ceu Claro";"Simples";"Reta";"Rural";4;0;1;1;2;0;2;2
83485496;"28/07/16";"Quinta";"22:45:00";"PR";369;"140";"IBIPORA";"Falta de atenção";"Atropelamento de pessoa";"Com Vítimas Feridas";"Plena noite";"Decrescente";"Ceu Claro";"Simples";"Reta";"Urbano";2;0;2;0;0;0;2;1
83485497;"23/07/16";"Sábado";"16:40:00";"SP";459;"26";"LORENA";"Outras";"Colisão lateral";"Sem Vítimas";"Pleno dia";"Decrescente";"Sol";"Simples";"Reta";"Rural";2;0;0;0;2;0;0;2
83485498;"23/07/16";"Sábado";"23:50:00";"PR";467;"72,8";"TOLEDO";"Outras";"Saída de Pista";"Com Vítimas Feridas";"Plena noite";"Crescente";"Ceu Claro";"Dupla";"Reta";"Rural";2;0;2;0;0;0;2;1
83485499;"29/07/16";"Sexta";"04:00:00";"RJ";40;"112";"DUQUE DE CAXIAS";"Falta de atenção";"Colisão com objeto fixo";"Ignorado";"Plena noite";"Decrescente";"Chuva";"Múltipla";"Reta";"Urbano";1;0;0;0;0;1;0;1
83485500;"28/07/16";"Quinta";"04:45:00";"SP";116;"208";"GUARULHOS";"Ingestão de álcool";"Colisão com objeto fixo";"Com Vítimas Feridas";"Plena noite";"Crescente";"Ceu Claro";"Múltipla";"Reta";"Urbano";2;0;2;0;0;0;2;1
83485501;"28/07/16";"Quinta";"17:40:00";"BA";324;"524";"FEIRA DE SANTANA";"Outras";"Atropelamento de pessoa";"Com Vítimas Fatais";"Anoitecer";"Decrescente";"Ceu Claro";"Dupla";"Reta";"Urbano";2;1;0;0;1;0;0;1
83485502;"28/07/16";"Quinta";"22:10:00";"ES";447;"13";"VILA VELHA";"Falta de atenção";"Colisão com bicicleta";"Com Vítimas Feridas";"Plena noite";"Crescente";"Ceu Claro";"Simples";"Reta";"Urbano";2;0;0;1;1;0;1;2
83485503;"28/07/16";"Quinta";"21:20:00";"MG";267;"32,1";"ARGIRITA";"Outras";"Capotamento";"Ignorado";"Plena noite";"Decrescente";"Ceu Claro";"Simples";"Reta";"Rural";1;0;0;0;0;1;0;1
83485504;"12/07/16";"Terça";"09:10:00";"PA";316;"10";"ANANINDEUA";"Outras";"Colisão traseira";"Sem Vítimas";"Pleno dia";"Decrescente";"Ignorada";"Simples";"Reta";"Urbano";2;0;0;0;2;0;0;2
83485505;"29/07/16";"Sexta";"03:00:00";"RS";470;"211";"BENTO GONCALVES";"Dormindo";"Tombamento";"Com Vítimas Fatais";"Plena noite";"Crescente";"Ceu Claro";"Simples";"Curva";"Rural";3;1;2;0;0;0;2;1
83485506;"26/06/16";"Domingo";"10:20:00";"BA";101;"162";"CONCEICAO DO JACUIPE";"Outras";"Colisão lateral";"Sem Vítimas";"Pleno dia";"Crescente";"Chuva";"Simples";"Reta";"Rural";2;0;0;0;1;1;0;2
83485507;"28/07/16";"Quinta";"19:45:00";"SC";101;"213";"PALHOCA";"Falta de atenção";"Colisão lateral";"Sem Vítimas";"Plena noite";"Decrescente";"Ceu Claro";"Dupla";"Reta";"Urbano";2;0;0;0;2;0;0;2
83485508;"28/07/16";"Quinta";"18:30:00";"GO";153;"364";"JARAGUA";"Ultrapassagem indevida";"Colisão frontal";"Sem Vítimas";"Plena noite";"Crescente";"Ceu Claro";"Simples";"Reta";"Rural";2;0;0;0;2;0;0;2
83485509;"24/07/16";"Domingo";"20:00:00";"MG";262;"357";"BETIM";"Defeito mecânico em veículo";"Colisão lateral";"Com Vítimas Feridas";"Plena noite";"Crescente";"Ceu Claro";"Dupla";"Reta";"Rural";3;0;2;0;0;1;2;2
83485510;"28/07/16";"Quinta";"15:00:00";"GO";153;"669";"GOIATUBA";"Outras";"Saída de Pista";"Sem Vítimas";"Pleno dia";"Crescente";"Ceu Claro";"Dupla";"Reta";"Rural";1;0;0;0;1;0;0;1
83485511;"29/07/16";"Sexta";"03:10:00";"GO";452;"167,8";"ITUMBIARA";"Falta de atenção";"Tombamento";"Com Vítimas Feridas";"Plena noite";"Crescente";"Ceu Claro";"Simples";"Reta";"Rural";1;0;1;0;0;0;1;1
83485512;"24/07/16";"Domingo";"16:16:00";"SP";116;"126,5";"CACAPAVA";"Não guardar distância de segurança";"Colisão traseira";"Com Vítimas Fatais";"Pleno dia";"Crescente";"Ceu Claro";"Dupla";"Reta";"Urbano";6;1;3;0;2;0;3;3
83485513;"28/07/16";"Quinta";"09:00:00";"BA";110;"359";"CATU";"Falta de atenção";"Colisão Transversal";"Com Vítimas Feridas";"Pleno dia";"Crescente";"Ceu Claro";"Simples";"Curva";"Rural";4;0;2;0;2;0;2;2
83485514;"28/07/16";"Quinta";"16:40:00";"SP";381;"45";"ATIBAIA";"Ingestão de álcool";"Atropelamento de pessoa";"Com Vítimas Feridas";"Pleno dia";"Crescente";"Ceu Claro";"Dupla";"Reta";"Rural";3;0;1;0;2;0;1;1
83485515;"29/07/16";"Sexta";"05:10:00";"RJ";116;"167";"SAO JOAO DE MERITI";"Ingestão de álcool";"Colisão traseira";"Sem Vítimas";"Amanhecer";"Decrescente";"Nublado";"Dupla";"Reta";"Urbano";2;0;0;0;2;0;0;2
83485516;"28/07/16";"Quinta";"12:40:00";"SP";116;"299";"SAO LOURENCO DA SERRA";"Velocidade incompatível";"Capotamento";"Com Vítimas Feridas";"Pleno dia";"Crescente";"Ceu Claro";"Dupla";"Reta";"Rural";1;0;0;1;0;0;1;1
83485517;"25/07/16";"Segunda";"11:50:00";"PB";230;"31,7";"BAYEUX";"Falta de atenção";"Colisão lateral";"Sem Vítimas";"Pleno dia";"Crescente";"Ceu Claro";"Dupla";"Reta";"Urbano";5;0;0;0;5;0;0;3
83485518;"29/07/16";"Sexta";"04:30:00";"SC";470;"33";"GASPAR";"Ingestão de álcool";"Colisão traseira";"Com Vítimas Feridas";"Plena noite";"Crescente";"Nublado";"Simples";"Reta";"Urbano";3;0;1;0;2;0;1;3
83485519;"27/07/16";"Quarta";"05:40:00";"MA";316;"288";"PIO XII";"Falta de atenção";"Colisão lateral";"Sem Vítimas";"Amanhecer";"Decrescente";"Ignorada";"Simples";"Reta";"Rural";2;0;0;0;2;0;0;2
83485520;"28/07/16";"Quinta";"07:30:00";"SC";470;"56,6";"BLUMENAU";"Falta de atenção";"Colisão traseira";"Com Vítimas Feridas";"Pleno dia";"Crescente";"Ceu Claro";"Simples";"Cruzamento";"Urbano";2;0;1;0;1;0;1;2
83485521;"28/07/16";"Quinta";"23:30:00";"RJ";116;"128";"MAGE";"Falta de atenção";"Capotamento";"Com Vítimas Feridas";"Plena noite";"Decrescente";"Nublado";"Dupla";"Curva";"Rural";7;0;7;0;0;0;7;1
83485522;"23/07/16";"Sábado";"11:00:00";"MT";364;"396";"CUIABA";"Falta de atenção";"Colisão Transversal";"Com Vítimas Feridas";"Pleno dia";"Decrescente";"Ceu Claro";"Simples";"Reta";"Urbano";3;0;1;0;2;0;1;2
83485523;"25/07/16";"Segunda";"11:15:00";"PA";316;"17";"MARITUBA";"Outras";"Colisão traseira";"Sem Vítimas";"Pleno dia";"Decrescente";"Ceu Claro";"Dupla";"Reta";"Urbano";2;0;0;0;2;0;0;2
83485524;"26/07/16";"Terça";"05:30:00";"PB";230;"51,5";"SANTA RITA";"Outras";"Saída de Pista";"Com Vítimas Fatais";"Amanhecer";"Crescente";"Ceu Claro";"Dupla";"Reta";"Rural";1;1;0;0;0;0;0;1
83485525;"16/07/16";"Sábado";"08:40:00";"CE";222;"10,7";"CAUCAIA";"Desobediência à sinalização";"Colisão com bicicleta";"Com Vítimas Feridas";"Pleno dia";"Crescente";"Sol";"Simples";"Reta";"Urbano";2;0;1;0;1;0;1;2
83485526;"25/07/16";"Segunda";"22:30:00";"ES";101;"293";"CARIACICA";"Velocidade incompatível";"Colisão traseira";"Com Vítimas Feridas";"Plena noite";"Decrescente";"Ceu Claro";"Múltipla";"Reta";"Urbano";3;0;0;1;2;0;1;3
83485527;"22/06/16";"Quarta";"09:45:00";"PR";153;"0,5";"JACAREZINHO";"Outras";"Colisão traseira";"Com Vítimas Feridas";"Pleno dia";"Decrescente";"Ceu Claro";"Simples";"Reta";"Rural";3;0;1;0;2;0;1;3
83485528;"18/07/16";"Segunda";"04:45:00";"MG";135;"636";"CURVELO";"Defeito mecânico em veículo";"Incêndio";"Sem Vítimas";"Amanhecer";"Decrescente";"Ceu Claro";"Simples";"Curva";"Rural";1;0;0;0;1;0;0;1
83485529;"29/07/16";"Sexta";"07:40:00";"RJ";101;"299";"ITABORAI";"Outras";"Capotamento";"Sem Vítimas";"Pleno dia";"Decrescente";"Nublado";"Dupla";"Reta";"Urbano";1;0;0;0;1;0;0;1
83485530;"29/07/16";"Sexta";"05:00:00";"SP";116;"229";"SAO PAULO";"Não guardar distância de segurança";"Colisão traseira";"Sem Vítimas";"Plena noite";"Crescente";"Ceu Claro";"Múltipla";"Reta";"Urbano";3;0;0;0;3;0;0;3
83485531;"21/07/16";"Quinta";"20:00:00";"ES";101;"230";"FUNDAO";"Velocidade incompatível";"Atropelamento de pessoa";"Com Vítimas Feridas";"Plena noite";"Crescente";"Nublado";"Simples";"Reta";"Urbano";2;0;0;1;1;0;1;1
83485532;"27/07/16";"Quarta";"15:30:00";"PI";135;"370,5";"BOM JESUS";"Defeito na via";"Saída de Pista";"Com Vítimas Feridas";"Pleno dia";"Decrescente";"Ceu Claro";"Simples";"Reta";"Rural";1;0;1;0;0;0;1;1
83485533;"25/07/16";"Segunda";"16:20:00";"RO";364;"699";"PORTO VELHO";"Animais na Pista";"Atropelamento de animal";"Com Vítimas Feridas";"Pleno dia";"Crescente";"Ceu Claro";"Dupla";"Reta";"Rural";1;0;1;0;0;0;1;1
83485534;"26/07/16";"Terça";"02:00:00";"MG";381;"481,2";"CONTAGEM";"Falta de atenção";"Atropelamento de pessoa";"Com Vítimas Fatais";"Plena noite";"Decrescente";"Ceu Claro";"Múltipla";"Curva";"Urbano";2;1;0;0;1;0;0;1
83485535;"27/07/16";"Quarta";"16:20:00";"MA";222;"342";"IGARAPE DO MEIO";"Desobediência à sinalização";"Colisão traseira";"Sem Vítimas";"Pleno dia";"Crescente";"Sol";"Simples";"Reta";"Rural";2;0;0;0;2;0;0;2
83485536;"25/07/16";"Segunda";"23:40:00";"MG";262;"364,1";"JUATUBA";"Outras";"Colisão com objeto fixo";"Com Vítimas Feridas";"Plena noite";"Decrescente";"Ceu Claro";"Dupla";"Reta";"Rural";1;0;1;0;0;0;1;1
83485537;"29/07/16";"Sexta";"08:00:00";"MT";70;"288";"PRIMAVERA DO LESTE";"Falta de atenção";"Colisão traseira";"Sem Vítimas";"Pleno dia";"Crescente";"Ceu Claro";"Simples";"Reta";"Rural";2;0;0;0;2;0;0;2
83485538;"29/07/16";"Sexta";"07:15:00";"PE";101;"65,5";"RECIFE";"Falta de atenção";"Colisão traseira";"Com Vítimas Feridas";"Pleno dia";"Crescente";"Nublado";"Múltipla";"Reta";"Urbano";2;0;0;1;1;0;1;2
83485539;"25/07/16";"Segunda";"11:45:00";"SP";116;"187,2";"SANTA ISABEL";"Outras";"Colisão traseira";"Com Vítimas Feridas";"Pleno dia";"Decrescente";"Ceu Claro";"Dupla";"Curva";"Rural";3;0;2;0;1;0;2;2
83485540;"29/07/16";"Sexta";"07:30:00";"SC";282;"575,7";"PINHALZINHO";"Falta de atenção";"Colisão traseira";"Com Vítimas Feridas";"Pleno dia";"Decrescente";"Ceu Claro";"Simples";"Reta";"Rural";2;0;1;0;1;0;1;2
83485541;"25/06/16";"Sábado";"18:30:00";"MA";316;"155";"NOVA OLINDA DO MARANHAO";"Ingestão de álcool";"Saída de Pista";"Com Vítimas Feridas";"Anoitecer";"Decrescente";"Ceu Claro";"Simples";"Reta";"Urbano";2;0;0;2;0;0;2;1
83485542;"02/07/16";"Sábado";"05:30:00";"RO";364;"424";"JARU";"Outras";"Colisão com objeto fixo";"Ignorado";"Amanhecer";"Crescente";"Ceu Claro";"Simples";"Reta";"Urbano";1;0;0;0;0;1;0;1
83485543;"01/07/16";"Sexta";"17:55:00";"RS";285;"473,2";"CORONEL BARROS";"Ultrapassagem indevida";"Colisão lateral";"Com Vítimas Feridas";"Anoitecer";"Decrescente";"Ceu Claro";"Simples";"Reta";"Rural";4;0;0;2;2;0;2;4
83485544;"26/07/16";"Terça";"07:10:00";"SP";116;"214";"GUARULHOS";"Não guardar distância de segurança";"Colisão lateral";"Com Vítimas Feridas";"Pleno dia";"Crescente";"Sol";"Múltipla";"Reta";"Urbano";2;0;1;0;1;0;1;2
83485545;"29/07/16";"Sexta";"08:20:00";"MG";135;"379,8";"MONTES CLAROS";"Falta de atenção";"Queda de motocicleta / bicicleta / veículo";"Com Vítimas Feridas";"Pleno dia";"Crescente";"Ceu Claro";"Simples";"Reta";"Rural";1;0;1;0;0;0;1;1
83485546;"24/07/16";"Domingo";"02:00:00";"MA";222;"448";"SANTA LUZIA";"Outras";"Tombamento";"Com Vítimas Feridas";"Plena noite";"Crescente";"Nevoeiro/neblina";"Simples";"Reta";"Rural";1;0;0;1;0;0;1;1
83485547;"25/07/16";"Segunda";"12:40:00";"SE";101;"87";"NOSSA SENHORA DO SOCORRO";"Outras";"Colisão lateral";"Sem Vítimas";"Pleno dia";"Decrescente";"Chuva";"Dupla";"Reta";"Rural";2;0;0;0;2;0;0;2
83485548;"29/07/16";"Sexta";"08:45:00";"MG";381;"756";"TRES CORACOES";"Falta de atenção";"Colisão com objeto fixo";"Com Vítimas Feridas";"Pleno dia";"Decrescente";"Ceu Claro";"Dupla";"Reta";"Urbano";1;0;1;0;0;0;1;1
83485549;"25/07/16";"Segunda";"18:30:00";"MG";381;"477";"CONTAGEM";"Outras";"Queda de motocicleta / bicicleta / veículo";"Com Vítimas Feridas";"Plena noite";"Crescente";"Ceu Claro";"Dupla";"Reta";"Urbano";1;0;1;0;0;0;1;1
83485550;"27/07/16";"Quarta";"06:55:00";"CE";304;"51,5";"ARACATI";"Falta de atenção";"Colisão Transversal";"Com Vítimas Feridas";"Amanhecer";"Crescente";"Ceu Claro";"Simples";"Curva";"Rural";5;0;1;0;4;0;1;2
83485551;"26/07/16";"Terça";"06:50:00";"BA";116;"696,2";"JEQUIE";"Outras";"Saída de Pista";"Com Vítimas Feridas";"Pleno dia";"Crescente";"Chuva";"Simples";"Curva";"Rural";3;0;1;0;2;0;1;1
83485553;"08/04/16";"Sexta";"17:55:00";"BA";116;"419";"FEIRA DE SANTANA";"Outras";"Colisão traseira";"Com Vítimas Feridas";"Anoitecer";"Crescente";"Ceu Claro";"Dupla";"Reta";"Urbano";3;0;2;0;0;1;2;2
83485554;"25/07/16";"Segunda";"14:00:00";"SP";116;"229";"SAO PAULO";"Não guardar distância de segurança";"Colisão traseira";"Sem Vítimas";"Pleno dia";"Crescente";"Sol";"Múltipla";"Reta";"Urbano";5;0;0;0;4;1;0;5
83485555;"29/07/16";"Sexta";"07:30:00";"MT";364;"197,3";"RONDONOPOLIS";"Defeito mecânico em veículo";"Saída de Pista";"Sem Vítimas";"Pleno dia";"Decrescente";"Ceu Claro";"Simples";"Reta";"Rural";1;0;0;0;1;0;0;1
83485556;"29/07/16";"Sexta";"06:40:00";"RJ";40;"36,5";"AREAL";"Falta de atenção";"Colisão com objeto fixo";"Sem Vítimas";"Pleno dia";"Decrescente";"Ceu Claro";"Dupla";"Curva";"Rural";1;0;0;0;1;0;0;1
83485558;"24/07/16";"Domingo";"05:30:00";"MG";50;"9";"UBERLANDIA";"Outras";"Colisão com objeto fixo";"Sem Vítimas";"Amanhecer";"Crescente";"Ceu Claro";"Dupla";"Curva";"Rural";1;0;0;0;1;0;0;1
83485559;"25/07/16";"Segunda";"20:40:00";"PR";158;"460,6";"SAUDADE DO IGUACU";"Outras";"Colisão traseira";"Com Vítimas Fatais";"Plena noite";"Decrescente";"Ceu Claro";"Simples";"Curva";"Rural";3;1;1;0;1;0;1;2
83485560;"29/07/16";"Sexta";"09:45:00";"PR";277;"714";"SANTA TEREZINHA DE ITAIPU";"Velocidade incompatível";"Colisão traseira";"Sem Vítimas";"Pleno dia";"Decrescente";"Nublado";"Dupla";"Reta";"Rural";3;0;0;0;3;0;0;2
83485561;"24/07/16";"Domingo";"14:45:00";"MG";381;"426,7";"BELO ORIENTE";"Ultrapassagem indevida";"Colisão lateral";"Com Vítimas Fatais";"Pleno dia";"Decrescente";"Nublado";"Simples";"Reta";"Rural";3;1;1;0;1;0;1;2
83485562;"29/07/16";"Sexta";"07:35:00";"PI";343;"332";"TERESINA";"Defeito mecânico em veículo";"Queda de motocicleta / bicicleta / veículo";"Com Vítimas Feridas";"Pleno dia";"Crescente";"Ceu Claro";"Simples";"Reta";"Rural";2;0;2;0;0;0;2;1
83485563;"25/07/16";"Segunda";"12:40:00";"MG";116;"681,7";"MIRADOURO";"Velocidade incompatível";"Derramamento de Carga";"Sem Vítimas";"Pleno dia";"Decrescente";"Nublado";"Simples";"Curva";"Rural";1;0;0;0;1;0;0;1
83485564;"13/07/16";"Quarta";"23:30:00";"SP";381;"83";"SAO PAULO";"Falta de atenção";"Colisão traseira";"Sem Vítimas";"Plena noite";"Decrescente";"Ceu Claro";"Dupla";"Reta";"Urbano";2;0;0;0;2;0;0;2
83485565;"23/07/16";"Sábado";"12:50:00";"DF";20;"39";"BRASILIA";"Falta de atenção";"Saída de Pista";"Com Vítimas Feridas";"Pleno dia";"Decrescente";"Ceu Claro";"Dupla";"Reta";"Rural";2;0;1;0;1;0;1;1
83485566;"29/07/16";"Sexta";"08:30:00";"SC";101;"3,8";"GARUVA";"Outras";"Saída de Pista";"Com Vítimas Feridas";"Pleno dia";"Decrescente";"Chuva";"Dupla";"Curva";"Rural";4;0;2;2;0;0;4;1
83485567;"29/07/16";"Sexta";"09:15:00";"MG";40;"550";"NOVA LIMA";"Outras";"Queda de motocicleta / bicicleta / veículo";"Com Vítimas Feridas";"Pleno dia";"Decrescente";"Ceu Claro";"Dupla";"Reta";"Urbano";2;0;1;0;1;0;1;2
83485568;"29/07/16";"Sexta";"09:10:00";"SC";101;"1,3";"GARUVA";"Falta de atenção";"Colisão Transversal";"Sem Vítimas";"Pleno dia";"Crescente";"Chuva";"Múltipla";"Reta";"Rural";2;0;0;0;2;0;0;2
83485569;"25/07/16";"Segunda";"16:00:00";"RJ";493;"15";"GUAPIMIRIM";"Falta de atenção";"Colisão traseira";"Com Vítimas Feridas";"Pleno dia";"Crescente";"Nublado";"Simples";"Reta";"Rural";4;0;1;0;3;0;1;4
83485570;"29/07/16";"Sexta";"10:40:00";"SC";282;"50,8";"AGUAS MORNAS";"Outras";"Capotamento";"Com Vítimas Feridas";"Pleno dia";"Crescente";"Nublado";"Simples";"Curva";"Rural";2;0;1;0;1;0;1;1
83485571;"26/07/16";"Terça";"05:30:00";"SP";116;"211";"GUARULHOS";"Não guardar distância de segurança";"Colisão traseira";"Sem Vítimas";"Pleno dia";"Crescente";"Ceu Claro";"Múltipla";"Reta";"Urbano";2;0;0;0;2;0;0;2