"id";"data_inversa";"dia_semana";"horario";"uf";"br";"km";"municipio";"causa_acidente";"tipo_acidente";"classificacao_acidente";"fase_dia";"sentido_via";"condicao_metereologica";"tipo_pista";"tracado_via";"uso_solo";"pessoas";"mortos";"feridos_leves";"feridos_graves";"ilesos";"ignorados";"feridos";"veiculos"
83485572;"25/07/16";"Segunda";"14:30:00";"MG";116;"34";"CACHOEIRA DE PAJEU";"Falta de atenção";"Tombamento";"Sem Vítimas";"Pleno dia";"Decrescente";"Nublado";"Simples";"Reta";"Rural";1;0;0;0;1;0;0;1
83485574;"29/07/16";"Sexta";"08:25:00";"RJ";393;"252";"BARRA DO PIRAI";"Falta de atenção";"Colisão traseira";"Sem Vítimas";"Pleno dia";"Decrescente";"Ceu Claro";"Simples";"Cruzamento";"Urbano";2;0;0;0;2;0;0;2
83485575;"29/07/16";"Sexta";"12:26:00";"RS";285;"292,1";"PASSO FUNDO";"Falta de atenção";"Colisão Transversal";"Com Vítimas Feridas";"Pleno dia";"Crescente";"Ceu Claro";"Dupla";"Cruzamento";"Urbano";2;0;1;0;1;0;1;2
83485576;"29/07/16";"Sexta";"11:10:00";"ES";101;"164";"LINHARES";"Ultrapassagem indevida";"Queda de motocicleta / bicicleta / veículo";"Com Vítimas Feridas";"Pleno dia";"Crescente";"Ceu Claro";"Simples";"Reta";"Rural";1;0;0;1;0;0;1;1
83485577;"29/07/16";"Sexta";"07:40:00";"RN";226;"2";"NATAL";"Desobediência à sinalização";"Colisão Transversal";"Com Vítimas Feridas";"Pleno dia";"Decrescente";"Ceu Claro";"Simples";"Reta";"Urbano";2;0;1;0;1;0;1;2
83485578;"25/07/16";"Segunda";"08:00:00";"RN";101;"95";"NATAL";"Defeito mecânico em veículo";"Queda de motocicleta / bicicleta / veículo";"Com Vítimas Feridas";"Pleno dia";"Crescente";"Ceu Claro";"Múltipla";"Reta";"Urbano";2;0;2;0;0;0;2;1
83485579;"29/07/16";"Sexta";"09:10:00";"BA";116;"16";"VITORIA DA CONQUISTA";"Outras";"Colisão Transversal";"Sem Vítimas";"Pleno dia";"Decrescente";"Nublado";"Simples";"Reta";"Urbano";2;0;0;0;2;0;0;2
83485580;"29/07/16";"Sexta";"09:10:00";"SC";101;"434,8";"SOMBRIO";"Desobediência à sinalização";"Colisão frontal";"Com Vítimas Feridas";"Pleno dia";"Crescente";"Ceu Claro";"Simples";"Cruzamento";"Urbano";2;0;0;1;1;0;1;2
83485581;"29/07/16";"Sexta";"07:35:00";"RS";116;"40,3";"VACARIA";"Falta de atenção";"Colisão traseira";"Sem Vítimas";"Pleno dia";"Crescente";"Ceu Claro";"Simples";"Cruzamento";"Urbano";2;0;0;0;2;0;0;2
83485582;"29/07/16";"Sexta";"09:30:00";"MG";262;"356,4";"BETIM";"Outras";"Saída de Pista";"Com Vítimas Feridas";"Pleno dia";"Crescente";"Nublado";"Dupla";"Reta";"Rural";3;0;3;0;0;0;3;1
83485583;"26/06/16";"Domingo";"07:45:00";"MT";70;"523";"VARZEA GRANDE";"Não guardar distância de segurança";"Colisão traseira";"Sem Vítimas";"Pleno dia";"Crescente";"Ceu Claro";"Simples";"Cruzamento";"Urbano";2;0;0;0;1;1;0;2
83485584;"29/07/16";"Sexta";"13:25:00";"RS";386;"341,3";"LAJEADO";"Falta de atenção";"Colisão Transversal";"Com Vítimas Feridas";"Pleno dia";"Crescente";"Sol";"Simples";"Cruzamento";"Urbano";2;0;1;0;1;0;1;2
83485585;"29/07/16";"Sexta";"11:15:00";"RS";287;"238,1";"SANTA MARIA";"Falta de atenção";"Colisão traseira";"Com Vítimas Feridas";"Pleno dia";"Crescente";"Sol";"Simples";"Reta";"Urbano";4;0;2;1;1;0;3;3
83485586;"24/07/16";"Domingo";"01:20:00";"RS";116;"246,8";"SAO LEOPOLDO";"Ingestão de álcool";"Atropelamento de animal";"Com Vítimas Feridas";"Plena noite";"Crescente";"Ceu Claro";"Dupla";"Curva";"Urbano";2;0;1;1;0;0;2;1
83485587;"28/07/16";"Quinta";"20:30:00";"MG";381;"406,9";"NOVA UNIAO";"Outras";"Colisão frontal";"Com Vítimas Fatais";"Plena noite";"Crescente";"Ceu Claro";"Simples";"Reta";"Rural";2;1;0;0;1;0;0;2
83485588;"26/07/16";"Terça";"06:30:00";"PA";316;"78,5";"CASTANHAL";"Falta de atenção";"Colisão frontal";"Com Vítimas Feridas";"Amanhecer";"Crescente";"Ceu Claro";"Simples";"Curva";"Rural";4;0;1;1;2;0;2;4
83485589;"21/07/16";"Quinta";"16:35:00";"PR";277;"642,5";"CEU AZUL";"Ultrapassagem indevida";"Colisão frontal";"Com Vítimas Feridas";"Pleno dia";"Decrescente";"Ceu Claro";"Simples";"Reta";"Rural";3;0;2;0;1;0;2;3
83485590;"29/07/16";"Sexta";"08:40:00";"SP";116;"94,8";"PINDAMONHANGABA";"Defeito mecânico em veículo";"Saída de Pista";"Com Vítimas Feridas";"Pleno dia";"Crescente";"Nublado";"Dupla";"Reta";"Urbano";1;0;1;0;0;0;1;1
83485591;"27/07/16";"Quarta";"17:30:00";"PR";153;"405";"MALLET";"Não guardar distância de segurança";"Colisão traseira";"Sem Vítimas";"Anoitecer";"Crescente";"Ignorada";"Simples";"Reta";"Rural";2;0;0;0;2;0;0;2
83485593;"29/07/16";"Sexta";"12:35:00";"PR";476;"125";"CURITIBA";"Falta de atenção";"Colisão Transversal";"Com Vítimas Feridas";"Pleno dia";"Decrescente";"Nublado";"Dupla";"Reta";"Urbano";2;0;1;0;1;0;1;2
83485594;"29/07/16";"Sexta";"08:45:00";"PR";476;"124";"CURITIBA";"Não guardar distância de segurança";"Colisão lateral";"Com Vítimas Feridas";"Pleno dia";"Crescente";"Ceu Claro";"Dupla";"Reta";"Urbano";2;0;1;0;1;0;1;2
83485596;"29/07/16";"Sexta";"11:45:00";"RS";285;"122,3";"VACARIA";"Outras";"Atropelamento de pessoa";"Com Vítimas Feridas";"Pleno dia";"Crescente";"Sol";"Simples";"Cruzamento";"Urbano";2;0;0;1;1;0;1;1
83485599;"29/07/16";"Sexta";"11:30:00";"RS";116;"236";"NOVO HAMBURGO";"Falta de atenção";"Atropelamento de pessoa";"Com Vítimas Feridas";"Pleno dia";"Decrescente";"Ceu Claro";"Dupla";"Reta";"Urbano";2;0;2;0;0;0;2;1
83485600;"07/06/16";"Terça";"09:30:00";"ES";101;"301";"VIANA";"Outras";"Colisão traseira";"Com Vítimas Feridas";"Pleno dia";"Crescente";"Ceu Claro";"Dupla";"Reta";"Urbano";4;0;1;1;2;0;2;3
83485601;"23/07/16";"Sábado";"22:00:00";"SC";470;"61";"BLUMENAU";"Ingestão de álcool";"Colisão frontal";"Com Vítimas Feridas";"Plena noite";"Decrescente";"Ceu Claro";"Simples";"Curva";"Urbano";2;0;1;0;0;1;1;2
83485602;"29/07/16";"Sexta";"13:50:00";"MG";40;"611";"CONGONHAS";"Falta de atenção";"Colisão lateral";"Sem Vítimas";"Pleno dia";"Decrescente";"Ceu Claro";"Simples";"Curva";"Rural";2;0;0;0;2;0;0;2
83485603;"26/07/16";"Terça";"06:10:00";"MG";116;"710,8";"MURIAE";"Velocidade incompatível";"Tombamento";"Com Vítimas Feridas";"Amanhecer";"Decrescente";"Nublado";"Múltipla";"Curva";"Rural";1;0;1;0;0;0;1;1
83485604;"09/06/16";"Quinta";"11:10:00";"PR";163;"54";"PEROLA DOESTE";"Ultrapassagem indevida";"Colisão Transversal";"Sem Vítimas";"Pleno dia";"Crescente";"Sol";"Simples";"Curva";"Rural";3;0;0;0;3;0;0;3
83485606;"04/07/16";"Segunda";"09:30:00";"GO";20;"229";"POSSE";"Falta de atenção";"Saída de Pista";"Com Vítimas Fatais";"Pleno dia";"Crescente";"Ceu Claro";"Simples";"Reta";"Rural";2;1;0;1;0;0;1;1
83485607;"29/07/16";"Sexta";"09:50:00";"MT";364;"196,5";"RONDONOPOLIS";"Não guardar distância de segurança";"Colisão traseira";"Sem Vítimas";"Pleno dia";"Crescente";"Ceu Claro";"Simples";"Reta";"Rural";2;0;0;0;2;0;0;2
83485609;"25/07/16";"Segunda";"18:40:00";"ES";101;"327,9";"GUARAPARI";"Falta de atenção";"Colisão com bicicleta";"Com Vítimas Feridas";"Plena noite";"Crescente";"Ceu Claro";"Simples";"Reta";"Rural";2;0;0;1;1;0;1;2
83485610;"29/07/16";"Sexta";"09:50:00";"GO";60;"116,8";"TEREZOPOLIS DE GOIAS";"Defeito mecânico em veículo";"Tombamento";"Sem Vítimas";"Pleno dia";"Crescente";"Ceu Claro";"Dupla";"Reta";"Rural";1;0;0;0;1;0;0;1
83485611;"09/07/16";"Sábado";"11:15:00";"SE";101;"86,7";"NOSSA SENHORA DO SOCORRO";"Falta de atenção";"Colisão lateral";"Com Vítimas Feridas";"Pleno dia";"Crescente";"Ceu Claro";"Dupla";"Reta";"Rural";3;0;1;0;2;0;1;2
83485612;"29/07/16";"Sexta";"15:30:00";"RS";386;"387,8";"TRIUNFO";"Desobediência à sinalização";"Colisão lateral";"Sem Vítimas";"Pleno dia";"Decrescente";"Sol";"Dupla";"Curva";"Urbano";2;0;0;0;2;0;0;2
83485613;"22/07/16";"Sexta";"10:10:00";"GO";40;"42,3";"LUZIANIA";"Ultrapassagem indevida";"Colisão frontal";"Com Vítimas Feridas";"Pleno dia";"Crescente";"Ceu Claro";"Simples";"Curva";"Rural";2;0;1;0;1;0;1;2
83485614;"29/07/16";"Sexta";"14:15:00";"MS";163;"269,3";"DOURADOS";"Outras";"Derramamento de Carga";"Com Vítimas Feridas";"Pleno dia";"Crescente";"Nublado";"Dupla";"Reta";"Rural";3;0;1;0;2;0;1;1
83485615;"29/07/16";"Sexta";"15:00:00";"RS";285;"664";"SAO BORJA";"Outras";"Saída de Pista";"Com Vítimas Feridas";"Pleno dia";"Crescente";"Ceu Claro";"Simples";"Reta";"Rural";2;0;1;0;1;0;1;1
83485616;"29/07/16";"Sexta";"08:20:00";"BA";116;"580";"BREJOES";"Outras";"Tombamento";"Com Vítimas Feridas";"Pleno dia";"Decrescente";"Ceu Claro";"Simples";"Reta";"Rural";1;0;1;0;0;0;1;1
83485617;"29/07/16";"Sexta";"13:00:00";"AC";364;"146";"RIO BRANCO";"Animais na Pista";"Saída de Pista";"Com Vítimas Feridas";"Pleno dia";"Crescente";"Ceu Claro";"Dupla";"Reta";"Rural";1;0;1;0;0;0;1;1
83485618;"29/07/16";"Sexta";"07:15:00";"DF";20;"8,3";"BRASILIA";"Falta de atenção";"Atropelamento de pessoa";"Com Vítimas Feridas";"Pleno dia";"Decrescente";"Ceu Claro";"Dupla";"Reta";"Urbano";4;0;0;1;3;0;1;1
83485619;"29/07/16";"Sexta";"15:30:00";"PR";376;"552";"BALSA NOVA";"Velocidade incompatível";"Tombamento";"Sem Vítimas";"Pleno dia";"Decrescente";"Nublado";"Dupla";"Curva";"Rural";1;0;0;0;1;0;0;1
83485620;"29/07/16";"Sexta";"15:20:00";"RS";386;"21,4";"FREDERICO WESTPHALEN";"Velocidade incompatível";"Colisão frontal";"Com Vítimas Feridas";"Pleno dia";"Decrescente";"Sol";"Simples";"Curva";"Rural";4;0;3;1;0;0;4;2
83485621;"29/07/16";"Sexta";"08:20:00";"SP";116;"226,5";"GUARULHOS";"Falta de atenção";"Colisão lateral";"Com Vítimas Feridas";"Pleno dia";"Crescente";"Nublado";"Múltipla";"Reta";"Urbano";2;0;1;0;1;0;1;2
83485622;"29/07/16";"Sexta";"15:40:00";"RJ";116;"63";"TERESOPOLIS";"Outras";"Saída de Pista";"Com Vítimas Feridas";"Pleno dia";"Crescente";"Ceu Claro";"Simples";"Reta";"Urbano";2;0;1;0;1;0;1;1
83485623;"25/07/16";"Segunda";"14:55:00";"BA";101;"259";"SANTO ANTONIO DE JESUS";"Defeito mecânico em veículo";"Queda de motocicleta / bicicleta / veículo";"Com Vítimas Feridas";"Pleno dia";"Decrescente";"Ceu Claro";"Simples";"Curva";"Urbano";1;0;1;0;0;0;1;1
83485624;"29/07/16";"Sexta";"13:45:00";"SC";101;"341";"TUBARAO";"Falta de atenção";"Colisão traseira";"Com Vítimas Feridas";"Pleno dia";"Decrescente";"Sol";"Dupla";"Reta";"Urbano";4;0;2;0;2;0;2;3
83485625;"29/07/16";"Sexta";"05:40:00";"BA";242;"519";"OLIVEIRA DOS BREJINHOS";"Defeito mecânico em veículo";"Saída de Pista";"Sem Vítimas";"Pleno dia";"Decrescente";"Ceu Claro";"Simples";"Reta";"Rural";1;0;0;0;1;0;0;1
83485626;"29/07/16";"Sexta";"09:15:00";"PA";316;"78,5";"SAO FRANCISCO DO PARA";"Ingestão de álcool";"Colisão lateral";"Com Vítimas Feridas";"Pleno dia";"Decrescente";"Ceu Claro";"Simples";"Reta";"Rural";2;0;0;1;1;0;1;2
83485627;"29/07/16";"Sexta";"14:30:00";"PI";316;"300";"PICOS";"Desobediência à sinalização";"Colisão lateral";"Sem Vítimas";"Pleno dia";"Decrescente";"Ceu Claro";"Simples";"Reta";"Rural";3;0;0;0;3;0;0;2
83485628;"29/07/16";"Sexta";"13:06:00";"MG";50;"17";"ARAGUARI";"Outras";"Saída de Pista";"Com Vítimas Feridas";"Pleno dia";"Decrescente";"Ceu Claro";"Dupla";"Curva";"Urbano";1;0;1;0;0;0;1;1
83485629;"29/07/16";"Sexta";"06:30:00";"PR";373;"284,2";"PRUDENTOPOLIS";"Velocidade incompatível";"Saída de Pista";"Com Vítimas Feridas";"Amanhecer";"Crescente";"Nublado";"Simples";"Curva";"Rural";2;0;1;0;1;0;1;1
83485630;"27/07/16";"Quarta";"07:10:00";"DF";20;"13";"BRASILIA";"Falta de atenção";"Queda de motocicleta / bicicleta / veículo";"Com Vítimas Feridas";"Pleno dia";"Crescente";"Ceu Claro";"Dupla";"Reta";"Rural";1;0;1;0;0;0;1;1
83485631;"29/07/16";"Sexta";"10:50:00";"AC";317;"223";"XAPURI";"Falta de atenção";"Colisão com objeto fixo";"Sem Vítimas";"Pleno dia";"Crescente";"Ceu Claro";"Simples";"Reta";"Rural";2;0;0;0;1;1;0;2
83485632;"29/07/16";"Sexta";"08:05:00";"RS";101;"51,9";"TERRA DE AREIA";"Falta de atenção";"Colisão traseira";"Com Vítimas Feridas";"Amanhecer";"Crescente";"Ceu Claro";"Dupla";"Reta";"Urbano";2;0;0;1;1;0;1;2
83485633;"29/07/16";"Sexta";"16:40:00";"PE";116;"27";"SALGUEIRO";"Falta de atenção";"Colisão lateral";"Com Vítimas Feridas";"Pleno dia";"Decrescente";"Sol";"Simples";"Curva";"Urbano";3;0;1;0;2;0;1;2
83485634;"29/04/16";"Sexta";"15:35:00";"RS";392;"33,9";"RIO GRANDE";"Dormindo";"Saída de Pista";"Sem Vítimas";"Pleno dia";"Decrescente";"Ceu Claro";"Dupla";"Reta";"Rural";1;0;0;0;1;0;0;1
83485636;"29/07/16";"Sexta";"14:25:00";"BA";101;"875";"TEIXEIRA DE FREITAS";"Falta de atenção";"Colisão Transversal";"Com Vítimas Feridas";"Pleno dia";"Crescente";"Nublado";"Dupla";"Reta";"Urbano";4;0;1;0;3;0;1;2
83485637;"13/07/16";"Quarta";"22:40:00";"PE";101;"88";"JABOATAO DOS GUARARAPES";"Outras";"Capotamento";"Com Vítimas Feridas";"Plena noite";"Crescente";"Ignorada";"Dupla";"Reta";"Rural";1;0;1;0;0;0;1;1
83485638;"25/07/16";"Segunda";"14:20:00";"SP";116;"278,1";"EMBU";"Não guardar distância de segurança";"Colisão traseira";"Com Vítimas Feridas";"Pleno dia";"Decrescente";"Ceu Claro";"Dupla";"Reta";"Urbano";2;0;1;0;1;0;1;2
83485639;"29/07/16";"Sexta";"17:15:00";"CE";116;"23,4";"ITAITINGA";"Desobediência à sinalização";"Colisão Transversal";"Sem Vítimas";"Anoitecer";"Decrescente";"Ceu Claro";"Dupla";"Reta";"Urbano";2;0;0;0;2;0;0;2
83485640;"29/07/16";"Sexta";"07:20:00";"SC";101;"201";"SAO JOSE";"Falta de atenção";"Colisão traseira";"Com Vítimas Feridas";"Pleno dia";"Crescente";"Ceu Claro";"Dupla";"Reta";"Urbano";2;0;0;1;1;0;1;2
83485641;"29/07/16";"Sexta";"17:30:00";"MG";381;"413";"GOVERNADOR VALADARES";"Falta de atenção";"Colisão Transversal";"Com Vítimas Feridas";"Pleno dia";"Crescente";"Ceu Claro";"Simples";"Cruzamento";"Urbano";2;0;1;0;1;0;1;2
83485642;"29/07/16";"Sexta";"14:55:00";"PE";101;"44,6";"IGARASSU";"Falta de atenção";"Colisão Transversal";"Com Vítimas Feridas";"Pleno dia";"Crescente";"Nublado";"Múltipla";"Reta";"Urbano";4;0;1;0;3;0;1;2
83485643;"29/07/16";"Sexta";"15:00:00";"MG";50;"49";"ARAGUARI";"Falta de atenção";"Saída de Pista";"Sem Vítimas";"Pleno dia";"Crescente";"Ceu Claro";"Simples";"Curva";"Rural";1;0;0;0;1;0;0;1
83485644;"29/07/16";"Sexta";"14:30:00";"PR";153;"135";"VENTANIA";"Outras";"Queda de motocicleta / bicicleta / veículo";"Com Vítimas Feridas";"Pleno dia";"Crescente";"Ceu Claro";"Simples";"Curva";"Rural";2;0;0;2;0;0;2;1
83485645;"29/07/16";"Sexta";"15:45:00";"ES";262;"151";"IBATIBA";"Defeito mecânico em veículo";"Capotamento";"Com Vítimas Feridas";"Pleno dia";"Crescente";"Nublado";"Simples";"Curva";"Rural";2;0;1;1;0;0;2;1
83485646;"29/07/16";"Sexta";"11:10:00";"BA";110;"370";"CATU";"Defeito mecânico em veículo";"Incêndio";"Sem Vítimas";"Pleno dia";"Crescente";"Ceu Claro";"Simples";"Curva";"Rural";1;0;0;0;1;0;0;1
83485647;"29/07/16";"Sexta";"09:30:00";"PR";376;"459,4";"TIBAGI";"Desobediência à sinalização";"Colisão lateral";"Sem Vítimas";"Pleno dia";"Decrescente";"Nublado";"Simples";"Reta";"Rural";2;0;0;0;2;0;0;2
83485650;"29/07/16";"Sexta";"16:30:00";"RS";285;"337,7";"CARAZINHO";"Desobediência à sinalização";"Colisão Transversal";"Sem Vítimas";"Pleno dia";"Crescente";"Sol";"Simples";"Reta";"Urbano";2;0;0;0;2;0;0;2
83485651;"29/07/16";"Sexta";"15:20:00";"PE";232;"98";"BEZERROS";"Outras";"Colisão traseira";"Com Vítimas Feridas";"Pleno dia";"Decrescente";"Nublado";"Simples";"Reta";"Urbano";2;0;0;1;0;1;1;2
83485652;"27/07/16";"Quarta";"18:10:00";"DF";20;"5";"BRASILIA";"Ingestão de álcool";"Capotamento";"Sem Vítimas";"Anoitecer";"Decrescente";"Ceu Claro";"Dupla";"Reta";"Urbano";1;0;0;0;1;0;0;1
83485653;"29/07/16";"Sexta";"17:00:00";"MA";135;"2";"SAO LUIS";"Falta de atenção";"Colisão lateral";"Sem Vítimas";"Plena noite";"Decrescente";"Ceu Claro";"Dupla";"Reta";"Urbano";3;0;0;0;3;0;0;2
83485654;"29/07/16";"Sexta";"11:36:00";"MT";163;"834";"SINOP";"Falta de atenção";"Colisão Transversal";"Com Vítimas Feridas";"Amanhecer";"Decrescente";"Ceu Claro";"Dupla";"Cruzamento";"Rural";3;0;1;0;2;0;1;3
83485655;"29/07/16";"Sexta";"14:20:00";"PR";277;"371,9";"GUARAPUAVA";"Outras";"Colisão lateral";"Com Vítimas Feridas";"Pleno dia";"Crescente";"Sol";"Simples";"Reta";"Rural";3;0;1;0;2;0;1;2
83485656;"29/07/16";"Sexta";"18:30:00";"RJ";101;"530";"ANGRA DOS REIS";"Ingestão de álcool";"Colisão Transversal";"Com Vítimas Feridas";"Plena noite";"Decrescente";"Nublado";"Simples";"Cruzamento";"Urbano";2;0;0;1;1;0;1;2
83485657;"29/07/16";"Sexta";"15:25:00";"RJ";40;"122,6";"DUQUE DE CAXIAS";"Não guardar distância de segurança";"Colisão traseira";"Com Vítimas Feridas";"Pleno dia";"Crescente";"Nublado";"Múltipla";"Reta";"Urbano";3;0;2;0;1;0;2;2
83485658;"29/07/16";"Sexta";"14:30:00";"RS";472;"128,8";"TRES DE MAIO";"Falta de atenção";"Colisão Transversal";"Com Vítimas Feridas";"Pleno dia";"Decrescente";"Sol";"Simples";"Cruzamento";"Rural";2;0;1;0;1;0;1;2
83485659;"29/07/16";"Sexta";"16:20:00";"MG";262;"29,2";"REDUTO";"Falta de atenção";"Colisão lateral";"Com Vítimas Feridas";"Pleno dia";"Decrescente";"Ceu Claro";"Simples";"Reta";"Rural";2;0;1;0;1;0;1;2
83485660;"29/07/16";"Sexta";"10:05:00";"SE";101;"152";"ESTANCIA";"Falta de atenção";"Colisão traseira";"Com Vítimas Feridas";"Pleno dia";"Crescente";"Nublado";"Simples";"Reta";"Urbano";2;0;1;0;1;0;1;2
83485661;"28/07/16";"Quinta";"04:00:00";"AM";319;"677,5";"HUMAITA";"Animais na Pista";"Queda de motocicleta / bicicleta / veículo";"Com Vítimas Feridas";"Plena noite";"Crescente";"Ceu Claro";"Simples";"Reta";"Rural";1;0;1;0;0;0;1;1
83485662;"29/07/16";"Sexta";"17:30:00";"SC";101;"262";"PAULO LOPES";"Falta de atenção";"Saída de Pista";"Sem Vítimas";"Pleno dia";"Crescente";"Ceu Claro";"Dupla";"Reta";"Urbano";1;0;0;0;1;0;0;1
83485663;"29/07/16";"Sexta";"15:15:00";"MS";262;"5";"TRES LAGOAS";"Outras";"Colisão traseira";"Sem Vítimas";"Pleno dia";"Decrescente";"Ceu Claro";"Dupla";"Reta";"Urbano";4;0;0;0;4;0;0;2
83485664;"29/07/16";"Sexta";"15:30:00";"PE";232;"214,1";"PESQUEIRA";"Desobediência à sinalização";"Colisão frontal";"Com Vítimas Fatais";"Pleno dia";"Crescente";"Nublado";"Simples";"Reta";"Rural";3;1;0;1;0;1;1;2
83485666;"29/07/16";"Sexta";"17:05:00";"PR";277;"119";"CAMPO LARGO";"Velocidade incompatível";"Colisão traseira";"Sem Vítimas";"Anoitecer";"Crescente";"Nublado";"Dupla";"Reta";"Rural";3;0;0;0;3;0;0;2
83485667;"25/07/16";"Segunda";"12:30:00";"MT";364;"404";"CUIABA";"Falta de atenção";"Colisão traseira";"Com Vítimas Feridas";"Pleno dia";"Decrescente";"Ceu Claro";"Dupla";"Reta";"Urbano";3;0;0;2;1;0;2;2
83485668;"29/07/16";"Sexta";"14:30:00";"RS";116;"37";"VACARIA";"Defeito na via";"Queda de motocicleta / bicicleta / veículo";"Com Vítimas Feridas";"Pleno dia";"Crescente";"Ceu Claro";"Simples";"Cruzamento";"Urbano";1;0;1;0;0;0;1;1
83485669;"29/07/16";"Sexta";"14:30:00";"SC";101;"214";"PALHOCA";"Não guardar distância de segurança";"Colisão traseira";"Com Vítimas Feridas";"Pleno dia";"Decrescente";"Nublado";"Dupla";"Reta";"Urbano";3;0;1;0;2;0;1;3
83485670;"29/07/16";"Sexta";"19:05:00";"SC";101;"124,4";"ITAJAI";"Não guardar distância de segurança";"Colisão traseira";"Com Vítimas Feridas";"Plena noite";"Crescente";"Nublado";"Simples";"Reta";"Urbano";5;0;1;0;3;1;1;5
83485671;"29/07/16";"Sexta";"17:15:00";"RN";101;"85,1";"NATAL";"Não guardar distância de segurança";"Colisão traseira";"Com Vítimas Feridas";"Plena noite";"Decrescente";"Ceu Claro";"Dupla";"Reta";"Urbano";2;0;1;0;1;0;1;2
83485672;"29/07/16";"Sexta";"12:50:00";"BA";116;"900,2";"VITORIA DA CONQUISTA";"Outras";"Colisão Transversal";"Com Vítimas Feridas";"Pleno dia";"Crescente";"Nublado";"Simples";"Reta";"Rural";2;0;0;1;1;0;1;2
83485673;"28/07/16";"Quinta";"07:00:00";"SP";116;"347,5";"MIRACATU";"Velocidade incompatível";"Tombamento";"Sem Vítimas";"Pleno dia";"Decrescente";"Ceu Claro";"Dupla";"Curva";"Rural";1;0;0;0;1;0;0;1
83485674;"29/07/16";"Sexta";"18:45:00";"PR";376;"1,5";"SAO JOSE DOS PINHAIS";"Não guardar distância de segurança";"Colisão traseira";"Com Vítimas Feridas";"Anoitecer";"Decrescente";"Nublado";"Dupla";"Reta";"Urbano";3;0;1;0;2;0;1;3
83485675;"29/07/16";"Sexta";"14:00:00";"MA";316;"562,5";"CAXIAS";"Outras";"Colisão lateral";"Com Vítimas Fatais";"Pleno dia";"Decrescente";"Ceu Claro";"Simples";"Reta";"Rural";6;1;2;1;2;0;3;3
83485676;"29/07/16";"Sexta";"18:30:00";"PR";376;"177,3";"MARINGA";"Falta de atenção";"Colisão traseira";"Com Vítimas Feridas";"Anoitecer";"Crescente";"Ceu Claro";"Dupla";"Reta";"Urbano";2;0;1;0;1;0;1;2
83485677;"29/07/16";"Sexta";"16:55:00";"MG";40;"58,6";"PARACATU";"Falta de atenção";"Colisão traseira";"Com Vítimas Feridas";"Pleno dia";"Crescente";"Ceu Claro";"Simples";"Reta";"Rural";24;0;1;0;23;0;1;4
83485678;"29/07/16";"Sexta";"14:30:00";"AM";174;"973";"MANAUS";"Outras";"Saída de Pista";"Sem Vítimas";"Pleno dia";"Crescente";"Ceu Claro";"Simples";"Reta";"Rural";1;0;0;0;1;0;0;1
83485679;"29/07/16";"Sexta";"13:45:00";"PR";116;"191,4";"CAMPO DO TENENTE";"Outras";"Queda de motocicleta / bicicleta / veículo";"Com Vítimas Feridas";"Pleno dia";"Decrescente";"Nublado";"Simples";"Reta";"Urbano";1;0;1;0;0;0;1;1
83485680;"29/07/16";"Sexta";"17:00:00";"MS";163;"270";"DOURADOS";"Falta de atenção";"Queda de motocicleta / bicicleta / veículo";"Com Vítimas Feridas";"Anoitecer";"Crescente";"Nublado";"Dupla";"Cruzamento";"Rural";2;0;1;0;1;0;1;2
83485681;"29/07/16";"Sexta";"14:20:00";"SC";116;"4,5";"MAFRA";"Desobediência à sinalização";"Colisão lateral";"Sem Vítimas";"Pleno dia";"Decrescente";"Nublado";"Simples";"Reta";"Urbano";2;0;0;0;2;0;0;2
83485682;"29/07/16";"Sexta";"09:00:00";"SE";101;"183,8";"UMBAUBA";"Falta de atenção";"Colisão lateral";"Com Vítimas Feridas";"Pleno dia";"Decrescente";"Nublado";"Simples";"Reta";"Urbano";2;0;1;0;1;0;1;2
83485683;"29/07/16";"Sexta";"07:20:00";"ES";262;"29,2";"DOMINGOS MARTINS";"Outras";"Queda de motocicleta / bicicleta / veículo";"Com Vítimas Feridas";"Pleno dia";"Crescente";"Ceu Claro";"Simples";"Curva";"Rural";1;0;0;1;0;0;1;1
83485684;"29/07/16";"Sexta";"14:20:00";"SP";116;"461,9";"PARIQUERA-ACU";"Dormindo";"Capotamento";"Sem Vítimas";"Pleno dia";"Crescente";"Nublado";"Dupla";"Curva";"Rural";2;0;0;0;2;0;0;2
83485685;"29/07/16";"Sexta";"17:00:00";"PR";277;"77";"SAO JOSE DOS PINHAIS";"Ultrapassagem indevida";"Queda de motocicleta / bicicleta / veículo";"Com Vítimas Feridas";"Anoitecer";"Crescente";"Nublado";"Dupla";"Reta";"Urbano";2;0;1;0;0;1;1;1
83485686;"26/07/16";"Terça";"22:05:00";"SP";116;"223";"GUARULHOS";"Outras";"Colisão traseira";"Sem Vítimas";"Plena noite";"Crescente";"Ceu Claro";"Múltipla";"Reta";"Urbano";3;0;0;0;2;1;0;3
83485687;"29/07/16";"Sexta";"19:20:00";"RS";116;"400,2";"CAMAQUA";"Outras";"Colisão com bicicleta";"Com Vítimas Feridas";"Plena noite";"Decrescente";"Ceu Claro";"Simples";"Reta";"Urbano";2;0;0;1;0;1;1;2
83485688;"29/07/16";"Sexta";"18:30:00";"ES";101;"125,9";"SOORETAMA";"Desobediência à sinalização";"Atropelamento de pessoa";"Com Vítimas Feridas";"Plena noite";"Decrescente";"Ceu Claro";"Dupla";"Cruzamento";"Urbano";2;0;1;0;0;1;1;1