"id";"data_inversa";"dia_semana";"horario";"uf";"br";"km";"municipio";"causa_acidente";"tipo_acidente";"classificacao_acidente";"fase_dia";"sentido_via";"condicao_metereologica";"tipo_pista";"tracado_via";"uso_solo";"pessoas";"mortos";"feridos_leves";"feridos_graves";"ilesos";"ignorados";"feridos";"veiculos"
83485689;"29/07/16";"Sexta";"18:35:00";"MG";116;"423";"ALPERCATA";"Falta de atenção";"Colisão traseira";"Com Vítimas Feridas";"Plena noite";"Crescente";"Ceu Claro";"Simples";"Reta";"Rural";2;0;1;0;0;1;1;2
83485691;"29/07/16";"Sexta";"19:20:00";"RN";101;"113";"SAO JOSE DE MIPIBU";"Outras";"Incêndio";"Sem Vítimas";"Plena noite";"Crescente";"Ceu Claro";"Dupla";"Reta";"Rural";1;0;0;0;1;0;0;1
83485692;"29/07/16";"Sexta";"18:10:00";"SC";116;"12,3";"MAFRA";"Falta de atenção";"Colisão Transversal";"Sem Vítimas";"Plena noite";"Decrescente";"Ignorada";"Simples";"Reta";"Rural";3;0;0;0;3;0;0;2
83485693;"29/07/16";"Sexta";"13:20:00";"GO";60;"253";"INDIARA";"Dormindo";"Capotamento";"Sem Vítimas";"Pleno dia";"Decrescente";"Ceu Claro";"Dupla";"Reta";"Rural";1;0;0;0;1;0;0;1
83485694;"29/07/16";"Sexta";"18:40:00";"PE";428;"114";"SANTA MARIA DA BOA VISTA";"Animais na Pista";"Atropelamento de animal";"Com Vítimas Feridas";"Plena noite";"Decrescente";"Ceu Claro";"Simples";"Reta";"Rural";1;0;1;0;0;0;1;1
83485695;"29/07/16";"Sexta";"19:20:00";"RJ";116;"272";"BARRA MANSA";"Outras";"Colisão Transversal";"Com Vítimas Feridas";"Plena noite";"Crescente";"Nublado";"Dupla";"Reta";"Rural";3;0;1;1;0;1;2;2
83485696;"29/07/16";"Sexta";"15:00:00";"RS";116;"526,8";"PELOTAS";"Desobediência à sinalização";"Colisão Transversal";"Sem Vítimas";"Pleno dia";"Decrescente";"Nublado";"Simples";"Cruzamento";"Urbano";4;0;0;0;4;0;0;2
83485697;"29/07/16";"Sexta";"14:45:00";"MG";365;"630";"UBERLANDIA";"Outras";"Queda de motocicleta / bicicleta / veículo";"Com Vítimas Feridas";"Pleno dia";"Decrescente";"Ceu Claro";"Simples";"Curva";"Urbano";1;0;0;1;0;0;1;1
83485698;"29/07/16";"Sexta";"17:40:00";"RS";470;"220";"BENTO GONCALVES";"Falta de atenção";"Colisão Transversal";"Sem Vítimas";"Anoitecer";"Crescente";"Ceu Claro";"Dupla";"Reta";"Urbano";2;0;0;0;2;0;0;2
83485699;"29/07/16";"Sexta";"19:30:00";"PA";316;"3";"ANANINDEUA";"Outras";"Colisão traseira";"Com Vítimas Feridas";"Plena noite";"Decrescente";"Ignorada";"Dupla";"Reta";"Urbano";2;0;1;0;1;0;1;2
83485700;"29/07/16";"Sexta";"19:15:00";"PR";163;"282";"MARECHAL CANDIDO RONDON";"Outras";"Colisão frontal";"Com Vítimas Feridas";"Plena noite";"Crescente";"Nublado";"Simples";"Reta";"Rural";2;0;0;2;0;0;2;2
83485701;"29/07/16";"Sexta";"17:30:00";"RJ";101;"109";"CAMPOS DOS GOYTACAZES";"Outras";"Saída de Pista";"Com Vítimas Feridas";"Anoitecer";"Crescente";"Ceu Claro";"Dupla";"Curva";"Rural";1;0;1;0;0;0;1;1
83485702;"29/07/16";"Sexta";"17:30:00";"RJ";101;"248";"SILVA JARDIM";"Outras";"Saída de Pista";"Com Vítimas Feridas";"Anoitecer";"Decrescente";"Nublado";"Simples";"Curva";"Rural";2;0;1;0;0;1;1;2
83485703;"29/07/16";"Sexta";"14:30:00";"RO";364;"151,7";"PIMENTA BUENO";"Velocidade incompatível";"Colisão lateral";"Sem Vítimas";"Pleno dia";"Crescente";"Ceu Claro";"Simples";"Reta";"Rural";4;0;0;0;4;0;0;2
83485704;"23/06/16";"Quinta";"18:00:00";"MG";381;"500,3";"BETIM";"Falta de atenção";"Colisão traseira";"Sem Vítimas";"Anoitecer";"Decrescente";"Ceu Claro";"Dupla";"Reta";"Rural";3;0;0;0;3;0;0;3
83485705;"29/07/16";"Sexta";"13:30:00";"RN";304;"298";"MACAIBA";"Outras";"Incêndio";"Com Vítimas Feridas";"Pleno dia";"Crescente";"Ceu Claro";"Simples";"Reta";"Rural";1;0;0;1;0;0;1;1
83485706;"29/07/16";"Sexta";"17:30:00";"MS";163;"263,8";"DOURADOS";"Não guardar distância de segurança";"Colisão lateral";"Com Vítimas Feridas";"Plena noite";"Crescente";"Nublado";"Dupla";"Reta";"Urbano";2;0;1;0;1;0;1;2
83485707;"29/07/16";"Sexta";"19:45:00";"RS";470;"213";"BENTO GONCALVES";"Outras";"Colisão Transversal";"Com Vítimas Feridas";"Plena noite";"Decrescente";"Ceu Claro";"Simples";"Reta";"Urbano";2;0;1;0;0;1;1;2
83485708;"25/07/16";"Segunda";"12:15:00";"SC";101;"78,1";"ARAQUARI";"Outras";"Tombamento";"Sem Vítimas";"Pleno dia";"Crescente";"Sol";"Dupla";"Reta";"Rural";1;0;0;0;1;0;0;1
83485709;"29/07/16";"Sexta";"18:30:00";"GO";364;"96,2";"CACHOEIRA ALTA";"Outras";"Saída de Pista";"Com Vítimas Feridas";"Pleno dia";"Decrescente";"Ceu Claro";"Simples";"Reta";"Rural";1;0;1;0;0;0;1;1
83485710;"29/07/16";"Sexta";"19:10:00";"SP";116;"135,5";"SAO JOSE DOS CAMPOS";"Não guardar distância de segurança";"Colisão lateral";"Sem Vítimas";"Plena noite";"Decrescente";"Ceu Claro";"Dupla";"Reta";"Rural";2;0;0;0;2;0;0;2
83485711;"29/07/16";"Sexta";"21:20:00";"RJ";101;"321";"NITEROI";"Outras";"Colisão lateral";"Com Vítimas Feridas";"Plena noite";"Decrescente";"Nublado";"Dupla";"Reta";"Urbano";2;0;1;0;1;0;1;2
83485712;"29/07/16";"Sexta";"20:45:00";"RS";116;"247";"SAO LEOPOLDO";"Não guardar distância de segurança";"Colisão traseira";"Com Vítimas Feridas";"Plena noite";"Decrescente";"Ceu Claro";"Dupla";"Reta";"Urbano";2;0;1;0;1;0;1;2
83485713;"29/07/16";"Sexta";"19:30:00";"MT";163;"33,5";"ITIQUIRA";"Falta de atenção";"Colisão traseira";"Sem Vítimas";"Plena noite";"Decrescente";"Ceu Claro";"Dupla";"Reta";"Rural";3;0;0;0;3;0;0;2
83485714;"29/07/16";"Sexta";"15:55:00";"SC";101;"202";"SAO JOSE";"Não guardar distância de segurança";"Colisão lateral";"Com Vítimas Fatais";"Pleno dia";"Crescente";"Sol";"Dupla";"Curva";"Urbano";3;1;0;0;1;1;0;3
83485715;"29/07/16";"Sexta";"17:00:00";"ES";101;"126";"SOORETAMA";"Desobediência à sinalização";"Atropelamento de pessoa";"Com Vítimas Feridas";"Anoitecer";"Crescente";"Ceu Claro";"Múltipla";"Reta";"Urbano";2;0;0;1;1;0;1;1
83485716;"29/07/16";"Sexta";"11:45:00";"SP";116;"219";"GUARULHOS";"Velocidade incompatível";"Colisão traseira";"Com Vítimas Fatais";"Pleno dia";"Crescente";"Nublado";"Múltipla";"Reta";"Urbano";3;1;0;0;2;0;0;3
83485717;"25/07/16";"Segunda";"11:05:00";"SC";470;"52,8";"BLUMENAU";"Falta de atenção";"Colisão traseira";"Com Vítimas Feridas";"Pleno dia";"Crescente";"Sol";"Simples";"Reta";"Urbano";2;0;1;0;1;0;1;2
83485718;"29/07/16";"Sexta";"19:30:00";"SP";116;"284,8";"ITAPECERICA DA SERRA";"Falta de atenção";"Atropelamento de pessoa";"Sem Vítimas";"Plena noite";"Decrescente";"Nublado";"Simples";"Reta";"Rural";2;0;0;0;1;1;0;1
83485719;"29/07/16";"Sexta";"18:15:00";"PI";316;"221";"VALENCA DO PIAUI";"Falta de atenção";"Colisão Transversal";"Com Vítimas Feridas";"Anoitecer";"Crescente";"Ceu Claro";"Simples";"Reta";"Rural";7;0;7;0;0;0;7;2
83485720;"29/07/16";"Sexta";"20:10:00";"PR";369;"95,9";"CORNELIO PROCOPIO";"Outras";"Colisão com objeto fixo";"Sem Vítimas";"Plena noite";"Decrescente";"Ceu Claro";"Simples";"Curva";"Urbano";1;0;0;0;1;0;0;1
83485721;"29/07/16";"Sexta";"19:05:00";"MG";40;"523,8";"CONTAGEM";"Falta de atenção";"Colisão traseira";"Com Vítimas Feridas";"Plena noite";"Decrescente";"Ceu Claro";"Dupla";"Reta";"Rural";3;0;1;0;2;0;1;2
83485722;"29/07/16";"Sexta";"15:48:00";"MG";381;"726,1";"CARMO DA CACHOEIRA";"Outras";"Saída de Pista";"Com Vítimas Feridas";"Pleno dia";"Decrescente";"Nublado";"Dupla";"Reta";"Rural";2;0;1;0;1;0;1;1
83485723;"25/07/16";"Segunda";"10:00:00";"PA";316;"4";"ANANINDEUA";"Desobediência à sinalização";"Colisão com bicicleta";"Com Vítimas Feridas";"Pleno dia";"Decrescente";"Ceu Claro";"Dupla";"Reta";"Urbano";2;0;1;0;1;0;1;2
83485724;"29/07/16";"Sexta";"22:00:00";"PE";101;"69,5";"RECIFE";"Outras";"Colisão com bicicleta";"Com Vítimas Feridas";"Plena noite";"Decrescente";"Chuva";"Simples";"Reta";"Urbano";2;0;1;0;1;0;1;2
83485725;"29/07/16";"Sexta";"12:40:00";"PR";476;"278";"SAO MATEUS DO SUL";"Defeito mecânico em veículo";"Tombamento";"Sem Vítimas";"Pleno dia";"Decrescente";"Nublado";"Simples";"Curva";"Urbano";1;0;0;0;1;0;0;1
83485726;"29/07/16";"Sexta";"10:40:00";"PR";476;"278";"SAO MATEUS DO SUL";"Falta de atenção";"Colisão Transversal";"Com Vítimas Feridas";"Pleno dia";"Crescente";"Sol";"Simples";"Reta";"Urbano";3;0;1;0;2;0;1;3
83485727;"29/07/16";"Sexta";"20:30:00";"RS";471;"500";"RIO GRANDE";"Animais na Pista";"Atropelamento de animal";"Sem Vítimas";"Plena noite";"Decrescente";"Nublado";"Simples";"Reta";"Rural";2;0;0;0;2;0;0;1
83485728;"29/07/16";"Sexta";"20:50:00";"SC";470;"53,6";"BLUMENAU";"Não guardar distância de segurança";"Colisão lateral";"Sem Vítimas";"Plena noite";"Crescente";"Ceu Claro";"Simples";"Cruzamento";"Urbano";2;0;0;0;2;0;0;2
83485729;"29/07/16";"Sexta";"22:00:00";"RS";386;"170";"CARAZINHO";"Outras";"Saída de Pista";"Com Vítimas Feridas";"Plena noite";"Decrescente";"Ceu Claro";"Simples";"Curva";"Rural";1;0;1;0;0;0;1;1
83485730;"29/07/16";"Sexta";"15:00:00";"GO";20;"64";"FORMOSA";"Outras";"Queda de motocicleta / bicicleta / veículo";"Com Vítimas Feridas";"Pleno dia";"Decrescente";"Ceu Claro";"Simples";"Reta";"Urbano";5;0;4;0;1;0;4;3
83485731;"29/07/16";"Sexta";"20:00:00";"RS";285;"527,6";"SAO MIGUEL DAS MISSOES";"Velocidade incompatível";"Saída de Pista";"Com Vítimas Feridas";"Plena noite";"Crescente";"Ceu Claro";"Simples";"Reta";"Urbano";2;0;1;0;1;0;1;1
83485733;"29/07/16";"Sexta";"21:30:00";"PR";376;"193,7";"MARIALVA";"Outras";"Queda de motocicleta / bicicleta / veículo";"Com Vítimas Feridas";"Plena noite";"Decrescente";"Ceu Claro";"Dupla";"Reta";"Rural";1;0;0;1;0;0;1;1
83485734;"27/07/16";"Quarta";"08:15:00";"DF";20;"13";"BRASILIA";"Falta de atenção";"Queda de motocicleta / bicicleta / veículo";"Com Vítimas Feridas";"Pleno dia";"Crescente";"Ceu Claro";"Dupla";"Reta";"Urbano";2;0;2;0;0;0;2;1
83485736;"29/07/16";"Sexta";"19:10:00";"GO";158;"274";"JATAI";"Falta de atenção";"Colisão lateral";"Com Vítimas Feridas";"Anoitecer";"Decrescente";"Ceu Claro";"Simples";"Reta";"Urbano";2;0;1;0;1;0;1;2
83485737;"29/07/16";"Sexta";"06:40:00";"DF";40;"2";"BRASILIA";"Outras";"Colisão lateral";"Sem Vítimas";"Pleno dia";"Decrescente";"Ceu Claro";"Dupla";"Reta";"Urbano";2;0;0;0;1;1;0;2
83485739;"29/07/16";"Sexta";"17:15:00";"GO";153;"194";"URUACU";"Falta de atenção";"Colisão traseira";"Sem Vítimas";"Pleno dia";"Decrescente";"Sol";"Simples";"Reta";"Rural";2;0;0;0;2;0;0;2
83485740;"29/07/16";"Sexta";"20:00:00";"PI";343;"585";"FLORIANO";"Animais na Pista";"Atropelamento de animal";"Sem Vítimas";"Plena noite";"Crescente";"Ceu Claro";"Simples";"Reta";"Rural";1;0;0;0;1;0;0;1
83485741;"29/07/16";"Sexta";"19:00:00";"PE";407;"80,4";"PETROLINA";"Dormindo";"Saída de Pista";"Com Vítimas Feridas";"Plena noite";"Crescente";"Ceu Claro";"Simples";"Reta";"Rural";1;0;1;0;0;0;1;1
83485742;"29/07/16";"Sexta";"18:40:00";"CE";222;"3,8";"CAUCAIA";"Falta de atenção";"Colisão Transversal";"Com Vítimas Feridas";"Plena noite";"Decrescente";"Ceu Claro";"Múltipla";"Reta";"Urbano";2;0;0;1;1;0;1;2
83485743;"29/07/16";"Sexta";"08:30:00";"BA";242;"371";"OLIVEIRA DOS BREJINHOS";"Velocidade incompatível";"Colisão frontal";"Com Vítimas Fatais";"Pleno dia";"Decrescente";"Ceu Claro";"Simples";"Reta";"Rural";5;1;2;0;1;1;2;3
83485744;"29/07/16";"Sexta";"18:40:00";"MG";40;"704,2";"BARBACENA";"Falta de atenção";"Colisão traseira";"Com Vítimas Feridas";"Plena noite";"Crescente";"Ceu Claro";"Dupla";"Reta";"Rural";3;0;3;0;0;0;3;2
83485746;"21/07/16";"Quinta";"09:50:00";"PI";343;"42,2";"BURITI DOS LOPES";"Outras";"Tombamento";"Sem Vítimas";"Pleno dia";"Decrescente";"Sol";"Simples";"Curva";"Rural";1;0;0;0;1;0;0;1
83485747;"29/07/16";"Sexta";"20:45:00";"RS";285;"624,7";"SANTO ANTONIO DAS MISSOES";"Defeito mecânico em veículo";"Saída de Pista";"Com Vítimas Feridas";"Plena noite";"Decrescente";"Nublado";"Simples";"Reta";"Rural";2;0;2;0;0;0;2;2
83485748;"29/07/16";"Sexta";"23:00:00";"MS";163;"276,3";"DOURADOS";"Falta de atenção";"Queda de motocicleta / bicicleta / veículo";"Com Vítimas Feridas";"Plena noite";"Decrescente";"Ceu Claro";"Dupla";"Reta";"Rural";2;0;1;0;0;1;1;2
83485749;"29/07/16";"Sexta";"21:45:00";"RS";290;"318,9";"CACAPAVA DO SUL";"Velocidade incompatível";"Colisão traseira";"Sem Vítimas";"Plena noite";"Crescente";"Ceu Claro";"Simples";"Reta";"Rural";2;0;0;0;2;0;0;2
83485750;"29/07/16";"Sexta";"14:15:00";"MG";116;"116";"ITAOBIM";"Desobediência à sinalização";"Colisão Transversal";"Com Vítimas Feridas";"Pleno dia";"Crescente";"Sol";"Simples";"Reta";"Urbano";3;0;1;0;2;0;1;2
83485751;"29/07/16";"Sexta";"20:30:00";"CE";222;"4,2";"CAUCAIA";"Ingestão de álcool";"Colisão com bicicleta";"Com Vítimas Feridas";"Plena noite";"Decrescente";"Ceu Claro";"Múltipla";"Reta";"Urbano";2;0;2;0;0;0;2;2
83485752;"29/07/16";"Sexta";"22:20:00";"BA";242;"202";"ITABERABA";"Animais na Pista";"Atropelamento de animal";"Com Vítimas Feridas";"Plena noite";"Decrescente";"Ceu Claro";"Simples";"Reta";"Urbano";1;0;0;1;0;0;1;1
83485753;"29/07/16";"Sexta";"22:30:00";"SC";101;"204";"SAO JOSE";"Outras";"Colisão Transversal";"Com Vítimas Feridas";"Plena noite";"Decrescente";"Vento";"Dupla";"Reta";"Urbano";2;0;1;0;1;0;1;2
83485754;"29/07/16";"Sexta";"23:20:00";"BA";242;"788";"BARREIRAS";"Ingestão de álcool";"Colisão traseira";"Com Vítimas Feridas";"Plena noite";"Decrescente";"Ignorada";"Simples";"Reta";"Rural";2;0;1;0;1;0;1;2
83485755;"30/07/16";"Sábado";"00:50:00";"PR";277;"721,1";"FOZ DO IGUACU";"Outras";"Capotamento";"Sem Vítimas";"Plena noite";"Decrescente";"Ceu Claro";"Dupla";"Reta";"Urbano";1;0;0;0;1;0;0;1
83485756;"25/07/16";"Segunda";"18:00:00";"PE";101;"71";"RECIFE";"Falta de atenção";"Atropelamento de pessoa";"Com Vítimas Feridas";"Plena noite";"Decrescente";"Chuva";"Dupla";"Reta";"Urbano";3;0;3;0;0;0;3;1
83485757;"30/07/16";"Sábado";"00:40:00";"PE";101;"47";"ABREU E LIMA";"Outras";"Colisão Transversal";"Sem Vítimas";"Plena noite";"Decrescente";"Vento";"Múltipla";"Reta";"Urbano";2;0;0;0;2;0;0;2
83485758;"29/07/16";"Sexta";"21:30:00";"MS";163;"485,6";"CAMPO GRANDE";"Falta de atenção";"Colisão traseira";"Com Vítimas Feridas";"Plena noite";"Decrescente";"Ceu Claro";"Simples";"Cruzamento";"Rural";2;0;0;1;1;0;1;2
83485759;"29/07/16";"Sexta";"20:00:00";"BA";101;"535";"SAO JOSE DA VITORIA";"Defeito mecânico em veículo";"Saída de Pista";"Sem Vítimas";"Plena noite";"Decrescente";"Chuva";"Simples";"Curva";"Rural";1;0;0;0;1;0;0;1
83485760;"29/07/16";"Sexta";"22:30:00";"RJ";101;"287";"ITABORAI";"Outras";"Colisão traseira";"Com Vítimas Fatais";"Plena noite";"Crescente";"Nublado";"Dupla";"Reta";"Rural";4;2;0;1;1;0;1;2
83485761;"29/07/16";"Sexta";"06:50:00";"BA";324;"571";"SAO SEBASTIAO DO PASSE";"Defeito mecânico em veículo";"Capotamento";"Com Vítimas Feridas";"Amanhecer";"Crescente";"Nublado";"Dupla";"Reta";"Rural";2;0;1;0;1;0;1;1
83485762;"30/07/16";"Sábado";"01:50:00";"PR";277;"6,8";"PARANAGUA";"Outras";"Colisão com bicicleta";"Com Vítimas Feridas";"Plena noite";"Crescente";"Ceu Claro";"Dupla";"Reta";"Rural";2;0;1;1;0;0;2;2
83485763;"24/07/16";"Domingo";"04:00:00";"SP";116;"217";"GUARULHOS";"Dormindo";"Colisão com objeto fixo";"Com Vítimas Feridas";"Plena noite";"Decrescente";"Nevoeiro/neblina";"Múltipla";"Reta";"Urbano";1;0;1;0;0;0;1;1
83485764;"25/07/16";"Segunda";"10:20:00";"MG";40;"760";"JUIZ DE FORA";"Outras";"Atropelamento de pessoa";"Com Vítimas Feridas";"Pleno dia";"Decrescente";"Ceu Claro";"Simples";"Reta";"Urbano";2;0;1;0;1;0;1;1
83485765;"29/07/16";"Sexta";"23:20:00";"MS";163;"61,8";"ELDORADO";"Velocidade incompatível";"Colisão traseira";"Com Vítimas Feridas";"Plena noite";"Decrescente";"Ceu Claro";"Simples";"Reta";"Rural";2;0;0;1;1;0;1;2
83485766;"29/07/16";"Sexta";"19:40:00";"BA";116;"633,2";"JAGUAQUARA";"Falta de atenção";"Colisão Transversal";"Com Vítimas Feridas";"Plena noite";"Crescente";"Nublado";"Simples";"Cruzamento";"Urbano";3;0;2;0;1;0;2;2
83485767;"30/07/16";"Sábado";"01:00:00";"RN";101;"135,4";"ARES";"Outras";"Capotamento";"Sem Vítimas";"Plena noite";"Crescente";"Chuva";"Dupla";"Curva";"Rural";1;0;0;0;1;0;0;1
83485768;"29/07/16";"Sexta";"20:40:00";"RS";153;"385";"CACHOEIRA DO SUL";"Outras";"Capotamento";"Com Vítimas Feridas";"Plena noite";"Decrescente";"Ceu Claro";"Simples";"Curva";"Rural";1;0;0;1;0;0;1;1
83485769;"26/07/16";"Terça";"13:50:00";"SP";101;"51,5";"UBATUBA";"Falta de atenção";"Tombamento";"Com Vítimas Feridas";"Pleno dia";"Crescente";"Ceu Claro";"Simples";"Cruzamento";"Urbano";1;0;1;0;0;0;1;1
83485770;"30/07/16";"Sábado";"01:50:00";"PR";116;"119";"CURITIBA";"Velocidade incompatível";"Saída de Pista";"Com Vítimas Feridas";"Plena noite";"Crescente";"Nublado";"Dupla";"Curva";"Urbano";3;0;3;0;0;0;3;1
83485771;"30/07/16";"Sábado";"00:10:00";"PR";116;"17";"CAMPINA GRANDE DO SUL";"Velocidade incompatível";"Capotamento";"Sem Vítimas";"Plena noite";"Decrescente";"Nublado";"Dupla";"Curva";"Rural";1;0;0;0;1;0;0;1
83485772;"25/07/16";"Segunda";"23:10:00";"ES";101;"292";"CARIACICA";"Defeito mecânico em veículo";"Queda de motocicleta / bicicleta / veículo";"Com Vítimas Feridas";"Pleno dia";"Decrescente";"Ceu Claro";"Dupla";"Reta";"Urbano";2;0;0;2;0;0;2;1
83485773;"29/07/16";"Sexta";"10:30:00";"MG";40;"730,5";"OLIVEIRA FORTES";"Velocidade incompatível";"Colisão com objeto fixo";"Com Vítimas Feridas";"Pleno dia";"Decrescente";"Nevoeiro/neblina";"Dupla";"Curva";"Urbano";1;0;1;0;0;0;1;1
83485774;"29/07/16";"Sexta";"09:40:00";"MG";381;"497";"BETIM";"Falta de atenção";"Atropelamento de pessoa";"Com Vítimas Feridas";"Pleno dia";"Crescente";"Nublado";"Dupla";"Curva";"Urbano";2;0;1;0;1;0;1;1
83485775;"30/07/16";"Sábado";"00:05:00";"MG";262;"900";"CAMPO FLORIDO";"Outras";"Tombamento";"Com Vítimas Feridas";"Plena noite";"Crescente";"Ceu Claro";"Simples";"Reta";"Rural";1;0;0;1;0;0;1;1
83485776;"30/07/16";"Sábado";"03:00:00";"CE";222;"39";"CAUCAIA";"Animais na Pista";"Atropelamento de animal";"Sem Vítimas";"Plena noite";"Crescente";"Ceu Claro";"Simples";"Reta";"Rural";1;0;0;0;1;0;0;1
83485777;"29/07/16";"Sexta";"22:20:00";"SP";153;"61,5";"SAO JOSE DO RIO PRETO";"Falta de atenção";"Colisão traseira";"Sem Vítimas";"Plena noite";"Decrescente";"Ceu Claro";"Dupla";"Reta";"Urbano";2;0;0;0;2;0;0;2
83485779;"25/07/16";"Segunda";"19:20:00";"RJ";393;"236";"VASSOURAS";"Falta de atenção";"Colisão Transversal";"Com Vítimas Feridas";"Plena noite";"Crescente";"Ceu Claro";"Simples";"Reta";"Urbano";2;0;0;1;1;0;1;2
83485781;"30/07/16";"Sábado";"04:15:00";"SC";101;"124,1";"ITAJAI";"Outras";"Atropelamento de pessoa";"Com Vítimas Feridas";"Plena noite";"Decrescente";"Ceu Claro";"Dupla";"Reta";"Urbano";2;0;0;1;0;1;1;1
83485782;"29/07/16";"Sexta";"22:40:00";"ES";101;"35,8";"CONCEICAO DA BARRA";"Outras";"Saída de Pista";"Sem Vítimas";"Plena noite";"Crescente";"Nublado";"Simples";"Reta";"Rural";1;0;0;0;1;0;0;1
83485783;"29/07/16";"Sexta";"19:00:00";"RN";101;"126";"SAO JOSE DE MIPIBU";"Ingestão de álcool";"Colisão com bicicleta";"Com Vítimas Feridas";"Plena noite";"Decrescente";"Ceu Claro";"Dupla";"Reta";"Rural";2;0;1;0;0;1;1;2
83485784;"29/07/16";"Sexta";"18:45:00";"MG";40;"682,1";"RESSAQUINHA";"Outras";"Atropelamento de pessoa";"Com Vítimas Feridas";"Plena noite";"Crescente";"Ceu Claro";"Simples";"Reta";"Urbano";2;0;1;0;0;1;1;1
83485785;"29/07/16";"Sexta";"22:40:00";"ES";101;"148,3";"LINHARES";"Velocidade incompatível";"Queda de motocicleta / bicicleta / veículo";"Com Vítimas Feridas";"Plena noite";"Crescente";"Nublado";"Múltipla";"Reta";"Urbano";1;0;1;0;0;0;1;1
83485786;"30/07/16";"Sábado";"04:30:00";"RS";386;"246";"SOLEDADE";"Falta de atenção";"Atropelamento de pessoa";"Com Vítimas Fatais";"Plena noite";"Crescente";"Ceu Claro";"Simples";"Reta";"Urbano";2;1;0;0;0;1;0;1
83485787;"30/07/16";"Sábado";"04:45:00";"RJ";40;"52";"PETROPOLIS";"Falta de atenção";"Tombamento";"Sem Vítimas";"Amanhecer";"Crescente";"Nublado";"Simples";"Curva";"Urbano";2;0;0;0;2;0;0;1
83485788;"30/07/16";"Sábado";"00:15:00";"MG";381;"799";"SAO GONCALO DO SAPUCAI";"Velocidade incompatível";"Saída de Pista";"Sem Vítimas";"Plena noite";"Decrescente";"Ceu Claro";"Dupla";"Reta";"Rural";1;0;0;0;1;0;0;1
83485789;"30/07/16";"Sábado";"05:35:00";"PR";376;"182,7";"SARANDI";"Falta de atenção";"Colisão traseira";"Sem Vítimas";"Amanhecer";"Decrescente";"Ceu Claro";"Dupla";"Cruzamento";"Urbano";2;0;0;0;2;0;0;2
83485790;"29/07/16";"Sexta";"21:30:00";"MG";381;"478";"CONTAGEM";"Falta de atenção";"Atropelamento de pessoa";"Com Vítimas Feridas";"Plena noite";"Decrescente";"Ceu Claro";"Múltipla";"Reta";"Urbano";2;0;0;1;0;1;1;1
83485791;"29/07/16";"Sexta";"19:15:00";"PR";116;"17";"ANTONINA";"Defeito na via";"Capotamento";"Sem Vítimas";"Plena noite";"Decrescente";"Chuva";"Dupla";"Curva";"Rural";2;0;0;0;2;0;0;1
83485792;"30/07/16";"Sábado";"00:20:00";"PR";376;"291,7";"MAUA DA SERRA";"Falta de atenção";"Colisão Transversal";"Com Vítimas Feridas";"Plena noite";"Decrescente";"Ceu Claro";"Simples";"Curva";"Urbano";2;0;1;0;1;0;1;2
83485793;"30/07/16";"Sábado";"05:30:00";"PR";163;"155";"SANTA LUCIA";"Falta de atenção";"Saída de Pista";"Com Vítimas Feridas";"Plena noite";"Decrescente";"Ceu Claro";"Simples";"Curva";"Urbano";1;0;1;0;0;0;1;1
83485794;"30/07/16";"Sábado";"06:10:00";"RJ";393;"278";"BARRA DO PIRAI";"Ingestão de álcool";"Colisão com objeto fixo";"Com Vítimas Feridas";"Amanhecer";"Decrescente";"Ceu Claro";"Simples";"Reta";"Urbano";1;0;0;1;0;0;1;1
83485795;"29/07/16";"Sexta";"20:15:00";"MG";381;"281,9";"JAGUARACU";"Falta de atenção";"Colisão lateral";"Sem Vítimas";"Plena noite";"Crescente";"Nublado";"Simples";"Reta";"Rural";2;0;0;0;2;0;0;2
83485796;"30/07/16";"Sábado";"01:50:00";"RS";285;"418,3";"PANAMBI";"Ingestão de álcool";"Colisão frontal";"Com Vítimas Fatais";"Plena noite";"Crescente";"Ceu Claro";"Simples";"Reta";"Urbano";3;1;0;1;1;0;1;2
83485797;"30/07/16";"Sábado";"02:00:00";"RS";392;"683,2";"ROQUE GONZALES";"Outras";"Colisão traseira";"Com Vítimas Feridas";"Plena noite";"Crescente";"Ceu Claro";"Simples";"Reta";"Rural";3;0;0;2;0;1;2;2
83485798;"30/07/16";"Sábado";"04:15:00";"MG";262;"462,1";"ARAUJOS";"Dormindo";"Colisão traseira";"Sem Vítimas";"Plena noite";"Decrescente";"Ceu Claro";"Simples";"Reta";"Rural";2;0;0;0;2;0;0;2
83485800;"29/07/16";"Sexta";"13:55:00";"SP";116;"157,5";"SAO JOSE DOS CAMPOS";"Outras";"Capotamento";"Com Vítimas Feridas";"Pleno dia";"Decrescente";"Ceu Claro";"Dupla";"Reta";"Urbano";3;0;2;0;1;0;2;2
83485801;"30/07/16";"Sábado";"07:00:00";"RJ";40;"21";"TRES RIOS";"Não guardar distância de segurança";"Queda de motocicleta / bicicleta / veículo";"Com Vítimas Feridas";"Pleno dia";"Crescente";"Ceu Claro";"Dupla";"Reta";"Rural";2;0;1;0;1;0;1;2
83485802;"29/07/16";"Sexta";"22:45:00";"MT";364;"273";"JACIARA";"Falta de atenção";"Colisão Transversal";"Com Vítimas Feridas";"Plena noite";"Decrescente";"Ceu Claro";"Dupla";"Reta";"Urbano";3;0;0;2;0;1;2;2