"id";"data_inversa";"dia_semana";"horario";"uf";"br";"km";"municipio";"causa_acidente";"tipo_acidente";"classificacao_acidente";"fase_dia";"sentido_via";"condicao_metereologica";"tipo_pista";"tracado_via";"uso_solo";"pessoas";"mortos";"feridos_leves";"feridos_graves";"ilesos";"ignorados";"feridos";"veiculos"
83485803;"29/07/16";"Sexta";"19:10:00";"SP";116;"278,8";"EMBU";"Ingestão de álcool";"Colisão traseira";"Com Vítimas Feridas";"Plena noite";"Crescente";"Nublado";"Múltipla";"Reta";"Urbano";4;0;1;0;3;0;1;4
83485804;"23/07/16";"Sábado";"04:45:00";"RS";158;"335,3";"SANTA MARIA";"Animais na Pista";"Atropelamento de animal";"Sem Vítimas";"Plena noite";"Crescente";"Nevoeiro/neblina";"Simples";"Reta";"Urbano";1;0;0;0;1;0;0;1
83485805;"27/07/16";"Quarta";"00:30:00";"DF";20;"8";"BRASILIA";"Velocidade incompatível";"Capotamento";"Com Vítimas Feridas";"Plena noite";"Decrescente";"Ceu Claro";"Dupla";"Reta";"Urbano";1;0;1;0;0;0;1;1
83485806;"29/07/16";"Sexta";"12:30:00";"MG";153;"70,1";"MONTE ALEGRE DE MINAS";"Falta de atenção";"Saída de Pista";"Com Vítimas Feridas";"Pleno dia";"Decrescente";"Ceu Claro";"Simples";"Reta";"Rural";2;0;2;0;0;0;2;1
83485807;"28/07/16";"Quinta";"22:40:00";"BA";116;"322";"ARACI";"Animais na Pista";"Atropelamento de animal";"Com Vítimas Feridas";"Plena noite";"Decrescente";"Ceu Claro";"Simples";"Reta";"Rural";8;0;7;0;1;0;7;1
83485808;"30/07/16";"Sábado";"05:10:00";"MS";163;"542,2";"BANDEIRANTES";"Dormindo";"Saída de Pista";"Com Vítimas Feridas";"Amanhecer";"Decrescente";"Ceu Claro";"Simples";"Reta";"Rural";1;0;1;0;0;0;1;1
83485809;"26/07/16";"Terça";"21:40:00";"PR";163;"136,2";"CAPITAO LEONIDAS MARQUES";"Defeito mecânico em veículo";"Saída de Pista";"Com Vítimas Feridas";"Plena noite";"Decrescente";"Ceu Claro";"Simples";"Reta";"Rural";1;0;1;0;0;0;1;1
83485810;"27/07/16";"Quarta";"06:15:00";"SP";116;"136,6";"SAO JOSE DOS CAMPOS";"Outras";"Colisão com objeto fixo";"Sem Vítimas";"Amanhecer";"Crescente";"Ceu Claro";"Dupla";"Reta";"Urbano";1;0;0;0;1;0;0;1
83485811;"30/07/16";"Sábado";"06:50:00";"SE";235;"10";"NOSSA SENHORA DO SOCORRO";"Animais na Pista";"Atropelamento de animal";"Sem Vítimas";"Pleno dia";"Crescente";"Nublado";"Simples";"Reta";"Rural";1;0;0;0;1;0;0;1
83485812;"26/07/16";"Terça";"12:00:00";"MG";40;"557,7";"NOVA LIMA";"Defeito mecânico em veículo";"Saída de Pista";"Sem Vítimas";"Pleno dia";"Crescente";"Ceu Claro";"Dupla";"Curva";"Rural";1;0;0;0;1;0;0;1
83485813;"29/07/16";"Sexta";"17:10:00";"MG";381;"605";"OLIVEIRA";"Velocidade incompatível";"Capotamento";"Sem Vítimas";"Pleno dia";"Crescente";"Ceu Claro";"Dupla";"Curva";"Rural";1;0;0;0;1;0;0;1
83485814;"30/07/16";"Sábado";"06:50:00";"MG";381;"412,9";"NOVA UNIAO";"Falta de atenção";"Colisão Transversal";"Sem Vítimas";"Pleno dia";"Crescente";"Nublado";"Simples";"Reta";"Rural";2;0;0;0;2;0;0;2
83485815;"22/07/16";"Sexta";"15:30:00";"SC";101;"84,2";"BARRA VELHA";"Não guardar distância de segurança";"Colisão traseira";"Sem Vítimas";"Pleno dia";"Decrescente";"Ceu Claro";"Dupla";"Reta";"Urbano";3;0;0;0;3;0;0;3
83485816;"26/07/16";"Terça";"17:30:00";"MG";267;"138,1";"JUIZ DE FORA";"Animais na Pista";"Colisão frontal";"Sem Vítimas";"Anoitecer";"Crescente";"Ceu Claro";"Simples";"Reta";"Urbano";2;0;0;0;2;0;0;2
83485817;"30/07/16";"Sábado";"04:04:00";"RJ";116;"175,2";"NOVA IGUACU";"Outras";"Saída de Pista";"Ignorado";"Plena noite";"Decrescente";"Nublado";"Múltipla";"Reta";"Urbano";1;0;0;0;0;1;0;1
83485818;"28/07/16";"Quinta";"14:30:00";"PR";280;"296,6";"FLOR DA SERRA DO SUL";"Falta de atenção";"Colisão Transversal";"Com Vítimas Feridas";"Pleno dia";"Decrescente";"Sol";"Simples";"Reta";"Rural";3;0;1;0;2;0;1;2
83485819;"30/07/16";"Sábado";"07:50:00";"PR";116;"131";"FAZENDA RIO GRANDE";"Não guardar distância de segurança";"Colisão lateral";"Com Vítimas Feridas";"Pleno dia";"Decrescente";"Ceu Claro";"Dupla";"Reta";"Rural";6;0;4;0;2;0;4;2
83485820;"26/07/16";"Terça";"11:30:00";"MG";40;"633,4";"CONSELHEIRO LAFAIETE";"Falta de atenção";"Colisão traseira";"Com Vítimas Feridas";"Pleno dia";"Crescente";"Ceu Claro";"Simples";"Cruzamento";"Urbano";4;0;2;0;2;0;2;2
83485821;"23/07/16";"Sábado";"06:00:00";"MG";40;"744,9";"SANTOS DUMONT";"Velocidade incompatível";"Saída de Pista";"Sem Vítimas";"Amanhecer";"Decrescente";"Chuva";"Simples";"Reta";"Urbano";4;0;0;0;4;0;0;4
83485822;"28/07/16";"Quinta";"03:40:00";"PI";316;"144,4";"ELESBAO VELOSO";"Dormindo";"Tombamento";"Com Vítimas Feridas";"Plena noite";"Decrescente";"Ceu Claro";"Simples";"Reta";"Rural";1;0;1;0;0;0;1;1
83485823;"26/07/16";"Terça";"17:30:00";"MG";262;"842,8";"CONCEICAO DAS ALAGOAS";"Falta de atenção";"Colisão com objeto fixo";"Sem Vítimas";"Anoitecer";"Crescente";"Ceu Claro";"Dupla";"Reta";"Rural";1;0;0;0;1;0;0;1
83485824;"30/07/16";"Sábado";"05:35:00";"MG";365;"763,1";"ITUIUTABA";"Outras";"Colisão lateral";"Com Vítimas Feridas";"Amanhecer";"Crescente";"Ceu Claro";"Simples";"Reta";"Rural";3;0;1;1;1;0;2;2
83485825;"30/07/16";"Sábado";"04:50:00";"SP";116;"469,7";"JACUPIRANGA";"Ingestão de álcool";"Saída de Pista";"Sem Vítimas";"Plena noite";"Decrescente";"Chuva";"Dupla";"Reta";"Rural";1;0;0;0;1;0;0;1
83485826;"27/07/16";"Quarta";"05:10:00";"RO";364;"201,7";"PIMENTA BUENO";"Animais na Pista";"Atropelamento de animal";"Com Vítimas Fatais";"Plena noite";"Crescente";"Ceu Claro";"Simples";"Reta";"Rural";2;1;0;0;1;0;0;2
83485827;"30/07/16";"Sábado";"08:45:00";"SC";101;"215,5";"PALHOCA";"Desobediência à sinalização";"Colisão Transversal";"Com Vítimas Feridas";"Pleno dia";"Decrescente";"Ceu Claro";"Múltipla";"Reta";"Urbano";3;0;3;0;0;0;3;2
83485828;"30/07/16";"Sábado";"07:10:00";"MT";364;"564";"NOBRES";"Outras";"Capotamento";"Com Vítimas Feridas";"Pleno dia";"Crescente";"Ceu Claro";"Dupla";"Reta";"Rural";1;0;1;0;0;0;1;1
83485829;"28/07/16";"Quinta";"16:50:00";"SP";116;"210";"GUARULHOS";"Velocidade incompatível";"Capotamento";"Sem Vítimas";"Pleno dia";"Crescente";"Ceu Claro";"Dupla";"Reta";"Urbano";1;0;0;0;1;0;0;1
83485830;"26/07/16";"Terça";"18:15:00";"RO";364;"394";"OURO PRETO DO OESTE";"Falta de atenção";"Colisão traseira";"Sem Vítimas";"Plena noite";"Crescente";"Ceu Claro";"Simples";"Reta";"Rural";4;0;0;0;3;1;0;3
83485831;"30/07/16";"Sábado";"09:00:00";"RS";153;"47";"ERECHIM";"Defeito mecânico em veículo";"Colisão com objeto móvel";"Sem Vítimas";"Pleno dia";"Crescente";"Ceu Claro";"Simples";"Reta";"Urbano";2;0;0;0;2;0;0;2
83485832;"30/07/16";"Sábado";"08:10:00";"PR";376;"178";"MARINGA";"Falta de atenção";"Colisão Transversal";"Com Vítimas Feridas";"Pleno dia";"Crescente";"Ceu Claro";"Dupla";"Reta";"Urbano";2;0;1;0;0;1;1;2
83485833;"30/07/16";"Sábado";"06:30:00";"GO";153;"504,6";"APARECIDA DE GOIANIA";"Defeito mecânico em veículo";"Incêndio";"Sem Vítimas";"Amanhecer";"Decrescente";"Ceu Claro";"Dupla";"Reta";"Urbano";2;0;0;0;2;0;0;1
83485834;"30/07/16";"Sábado";"08:30:00";"SP";116;"541";"BARRA DO TURVO";"Falta de atenção";"Colisão com objeto fixo";"Sem Vítimas";"Pleno dia";"Crescente";"Chuva";"Dupla";"Curva";"Rural";3;0;0;0;3;0;0;1
83485836;"28/07/16";"Quinta";"15:15:00";"MG";365;"629";"UBERLANDIA";"Falta de atenção";"Colisão lateral";"Com Vítimas Feridas";"Pleno dia";"Crescente";"Ceu Claro";"Dupla";"Cruzamento";"Urbano";2;0;0;1;1;0;1;2
83485837;"30/07/16";"Sábado";"07:30:00";"ES";101;"342";"GUARAPARI";"Ingestão de álcool";"Saída de Pista";"Com Vítimas Feridas";"Pleno dia";"Decrescente";"Chuva";"Simples";"Reta";"Rural";1;0;1;0;0;0;1;1
83485838;"28/07/16";"Quinta";"02:00:00";"MT";70;"190";"GENERAL CARNEIRO";"Dormindo";"Saída de Pista";"Com Vítimas Feridas";"Pleno dia";"Crescente";"Ceu Claro";"Simples";"Reta";"Urbano";1;0;0;1;0;0;1;1
83485839;"29/07/16";"Sexta";"12:15:00";"MG";251;"477";"FRANCISCO SA";"Falta de atenção";"Colisão traseira";"Sem Vítimas";"Pleno dia";"Crescente";"Ceu Claro";"Simples";"Reta";"Rural";2;0;0;0;2;0;0;2
83485840;"26/07/16";"Terça";"19:10:00";"SC";280;"51,4";"GUARAMIRIM";"Falta de atenção";"Saída de Pista";"Com Vítimas Feridas";"Plena noite";"Crescente";"Ceu Claro";"Simples";"Reta";"Rural";1;0;1;0;0;0;1;1
83485841;"30/07/16";"Sábado";"09:20:00";"ES";101;"431";"ATILIO VIVACQUA";"Dormindo";"Colisão lateral";"Com Vítimas Feridas";"Pleno dia";"Decrescente";"Chuva";"Simples";"Cruzamento";"Rural";6;0;2;2;2;0;4;2
83485842;"30/07/16";"Sábado";"09:40:00";"GO";40;"9";"LUZIANIA";"Falta de atenção";"Capotamento";"Sem Vítimas";"Pleno dia";"Crescente";"Sol";"Dupla";"Reta";"Urbano";1;0;0;0;1;0;0;1
83485843;"30/07/16";"Sábado";"10:00:00";"ES";101;"297";"CARIACICA";"Outras";"Saída de Pista";"Sem Vítimas";"Pleno dia";"Decrescente";"Chuva";"Dupla";"Reta";"Urbano";1;0;0;0;1;0;0;1
83485844;"30/07/16";"Sábado";"09:30:00";"ES";101;"447";"MIMOSO DO SUL";"Defeito na via";"Tombamento";"Com Vítimas Feridas";"Pleno dia";"Decrescente";"Chuva";"Simples";"Curva";"Urbano";2;0;0;2;0;0;2;1
83485845;"30/07/16";"Sábado";"06:50:00";"PI";316;"39";"TERESINA";"Dormindo";"Queda de motocicleta / bicicleta / veículo";"Com Vítimas Feridas";"Pleno dia";"Decrescente";"Ceu Claro";"Simples";"Reta";"Urbano";1;0;1;0;0;0;1;1
83485846;"30/07/16";"Sábado";"10:30:00";"CE";116;"68";"CHOROZINHO";"Falta de atenção";"Colisão traseira";"Sem Vítimas";"Pleno dia";"Crescente";"Ceu Claro";"Simples";"Reta";"Rural";3;0;0;0;3;0;0;3
83485847;"30/07/16";"Sábado";"06:30:00";"SP";116;"549";"BARRA DO TURVO";"Outras";"Colisão com objeto fixo";"Sem Vítimas";"Amanhecer";"Crescente";"Chuva";"Simples";"Curva";"Rural";1;0;0;0;1;0;0;1
83485848;"30/07/16";"Sábado";"10:40:00";"SC";101;"214";"PALHOCA";"Falta de atenção";"Colisão Transversal";"Com Vítimas Feridas";"Pleno dia";"Crescente";"Ceu Claro";"Dupla";"Reta";"Urbano";3;0;2;0;1;0;2;2
83485849;"30/07/16";"Sábado";"10:20:00";"SP";153;"184";"LINS";"Falta de atenção";"Colisão traseira";"Sem Vítimas";"Pleno dia";"Decrescente";"Ceu Claro";"Múltipla";"Reta";"Rural";2;0;0;0;2;0;0;2
83485850;"30/07/16";"Sábado";"11:30:00";"RJ";393;"274";"BARRA DO PIRAI";"Velocidade incompatível";"Colisão lateral";"Sem Vítimas";"Pleno dia";"Decrescente";"Ceu Claro";"Simples";"Curva";"Rural";3;0;0;0;3;0;0;3
83485851;"23/07/16";"Sábado";"02:30:00";"SP";116;"50";"LORENA";"Defeito mecânico em veículo";"Colisão com objeto fixo";"Sem Vítimas";"Plena noite";"Crescente";"Ceu Claro";"Dupla";"Reta";"Rural";1;0;0;0;1;0;0;1
83485852;"30/07/16";"Sábado";"08:30:00";"RN";226;"175,2";"CURRAIS NOVOS";"Outras";"Queda de motocicleta / bicicleta / veículo";"Com Vítimas Feridas";"Pleno dia";"Crescente";"Ceu Claro";"Simples";"Reta";"Urbano";2;0;0;1;1;0;1;2
83485853;"30/07/16";"Sábado";"11:40:00";"PE";101;"51";"ABREU E LIMA";"Falta de atenção";"Colisão Transversal";"Com Vítimas Feridas";"Pleno dia";"Decrescente";"Sol";"Simples";"Reta";"Urbano";3;0;1;1;1;0;2;2
83485854;"30/07/16";"Sábado";"10:30:00";"PR";277;"71";"SAO JOSE DOS PINHAIS";"Outras";"Colisão com objeto fixo";"Com Vítimas Feridas";"Pleno dia";"Decrescente";"Nublado";"Dupla";"Reta";"Urbano";1;0;1;0;0;0;1;1
83485856;"30/07/16";"Sábado";"11:00:00";"ES";101;"284";"CARIACICA";"Velocidade incompatível";"Saída de Pista";"Com Vítimas Feridas";"Pleno dia";"Decrescente";"Chuva";"Dupla";"Reta";"Urbano";1;0;1;0;0;0;1;1
83485857;"30/07/16";"Sábado";"09:00:00";"BA";101;"717,7";"EUNAPOLIS";"Falta de atenção";"Colisão traseira";"Com Vítimas Feridas";"Pleno dia";"Decrescente";"Nublado";"Simples";"Reta";"Urbano";3;0;1;0;2;0;1;2
83485858;"30/07/16";"Sábado";"09:00:00";"MG";267;"345,1";"CAMBUQUIRA";"Ultrapassagem indevida";"Colisão Transversal";"Sem Vítimas";"Pleno dia";"Decrescente";"Sol";"Simples";"Reta";"Rural";5;0;0;0;5;0;0;3
83485860;"30/07/16";"Sábado";"10:10:00";"SC";163;"97,3";"SAO JOSE DO CEDRO";"Falta de atenção";"Colisão lateral";"Sem Vítimas";"Pleno dia";"Crescente";"Ceu Claro";"Simples";"Reta";"Rural";2;0;0;0;2;0;0;2
83485861;"26/07/16";"Terça";"20:30:00";"RO";364;"425";"JARU";"Falta de atenção";"Colisão traseira";"Com Vítimas Feridas";"Plena noite";"Decrescente";"Ceu Claro";"Múltipla";"Reta";"Urbano";3;0;1;0;2;0;1;2
83485862;"26/07/16";"Terça";"07:45:00";"SC";282;"3";"FLORIANOPOLIS";"Outras";"Colisão traseira";"Com Vítimas Feridas";"Pleno dia";"Decrescente";"Ceu Claro";"Dupla";"Reta";"Urbano";2;0;0;1;1;0;1;2
83485863;"30/07/16";"Sábado";"10:07:00";"MT";364;"306";"JACIARA";"Não guardar distância de segurança";"Colisão traseira";"Sem Vítimas";"Pleno dia";"Crescente";"Sol";"Simples";"Reta";"Rural";2;0;0;0;2;0;0;2
83485864;"30/07/16";"Sábado";"04:00:00";"MG";40;"494";"ESMERALDAS";"Outras";"Saída de Pista";"Sem Vítimas";"Plena noite";"Decrescente";"Ceu Claro";"Dupla";"Reta";"Rural";1;0;0;0;1;0;0;1
83485865;"30/07/16";"Sábado";"12:30:00";"PR";116;"134";"MANDIRITUBA";"Falta de atenção";"Colisão traseira";"Sem Vítimas";"Pleno dia";"Crescente";"Sol";"Múltipla";"Reta";"Rural";2;0;0;0;2;0;0;2
83485866;"28/07/16";"Quinta";"21:10:00";"MG";40;"566,8";"NOVA LIMA";"Velocidade incompatível";"Colisão frontal";"Com Vítimas Feridas";"Plena noite";"Crescente";"Ceu Claro";"Simples";"Reta";"Urbano";3;0;0;3;0;0;3;2
83485867;"27/07/16";"Quarta";"06:00:00";"GO";153;"500,5";"GOIANIA";"Velocidade incompatível";"Capotamento";"Ignorado";"Amanhecer";"Decrescente";"Ceu Claro";"Dupla";"Curva";"Urbano";1;0;0;0;0;1;0;1
83485868;"30/07/16";"Sábado";"07:25:00";"MT";364;"274";"JACIARA";"Desobediência à sinalização";"Colisão lateral";"Com Vítimas Feridas";"Amanhecer";"Crescente";"Ceu Claro";"Dupla";"Reta";"Urbano";6;0;5;0;0;1;5;2
83485869;"30/07/16";"Sábado";"10:30:00";"SP";116;"516,7";"CAJATI";"Velocidade incompatível";"Colisão com objeto fixo";"Sem Vítimas";"Pleno dia";"Decrescente";"Nublado";"Simples";"Curva";"Rural";2;0;0;0;2;0;0;1
83485871;"26/07/16";"Terça";"12:10:00";"PR";376;"435";"TIBAGI";"Velocidade incompatível";"Tombamento";"Com Vítimas Feridas";"Pleno dia";"Decrescente";"Ceu Claro";"Simples";"Curva";"Rural";1;0;1;0;0;0;1;1
83485872;"30/07/16";"Sábado";"09:00:00";"BA";110;"390";"SAO SEBASTIAO DO PASSE";"Defeito mecânico em veículo";"Capotamento";"Com Vítimas Feridas";"Pleno dia";"Crescente";"Ceu Claro";"Simples";"Reta";"Rural";2;0;0;2;0;0;2;1
83485873;"30/07/16";"Sábado";"04:00:00";"CE";116;"431,9";"IPAUMIRIM";"Outras";"Saída de Pista";"Sem Vítimas";"Plena noite";"Decrescente";"Ceu Claro";"Simples";"Curva";"Rural";1;0;0;0;1;0;0;1
83485874;"30/07/16";"Sábado";"10:10:00";"PE";101;"49,5";"ABREU E LIMA";"Falta de atenção";"Atropelamento de pessoa";"Com Vítimas Feridas";"Pleno dia";"Crescente";"Sol";"Múltipla";"Curva";"Urbano";2;0;1;0;1;0;1;1
83485875;"30/07/16";"Sábado";"08:15:00";"GO";153;"207";"URUACU";"Defeito mecânico em veículo";"Saída de Pista";"Com Vítimas Feridas";"Pleno dia";"Crescente";"Ceu Claro";"Simples";"Reta";"Rural";2;0;2;0;0;0;2;1
83485876;"20/07/16";"Quarta";"19:30:00";"BA";418;"102";"NOVA VICOSA";"Falta de atenção";"Colisão Transversal";"Sem Vítimas";"Plena noite";"Crescente";"Nublado";"Simples";"Reta";"Rural";6;0;0;0;5;1;0;2
83485878;"30/07/16";"Sábado";"11:30:00";"PB";230;"27,3";"JOAO PESSOA";"Velocidade incompatível";"Colisão traseira";"Sem Vítimas";"Pleno dia";"Decrescente";"Sol";"Dupla";"Reta";"Urbano";5;0;0;0;5;0;0;5
83485879;"30/07/16";"Sábado";"10:30:00";"SC";280;"234,2";"CANOINHAS";"Animais na Pista";"Atropelamento de animal";"Com Vítimas Feridas";"Pleno dia";"Decrescente";"Nublado";"Simples";"Reta";"Urbano";2;0;0;1;1;0;1;1
83485880;"30/07/16";"Sábado";"13:45:00";"ES";101;"143";"LINHARES";"Desobediência à sinalização";"Colisão Transversal";"Com Vítimas Feridas";"Pleno dia";"Crescente";"Chuva";"Múltipla";"Cruzamento";"Urbano";2;0;2;0;0;0;2;2
83485881;"30/07/16";"Sábado";"11:30:00";"MG";381;"499,8";"BETIM";"Não guardar distância de segurança";"Colisão traseira";"Com Vítimas Feridas";"Pleno dia";"Decrescente";"Ceu Claro";"Dupla";"Reta";"Urbano";3;0;1;0;2;0;1;2
83485882;"30/07/16";"Sábado";"14:40:00";"BA";101;"256";"CONCEICAO DO ALMEIDA";"Outras";"Saída de Pista";"Com Vítimas Feridas";"Pleno dia";"Crescente";"Ceu Claro";"Simples";"Curva";"Rural";1;0;1;0;0;0;1;1
83485883;"30/07/16";"Sábado";"05:00:00";"CE";222;"12";"CAUCAIA";"Falta de atenção";"Colisão Transversal";"Sem Vítimas";"Amanhecer";"Crescente";"Ceu Claro";"Simples";"Reta";"Rural";2;0;0;0;2;0;0;2
83485884;"26/07/16";"Terça";"09:00:00";"PA";230;"121";"MARABA";"Falta de atenção";"Colisão Transversal";"Sem Vítimas";"Pleno dia";"Decrescente";"Sol";"Dupla";"Reta";"Urbano";6;0;0;0;6;0;0;2
83485885;"30/07/16";"Sábado";"13:45:00";"PR";376;"674";"GUARATUBA";"Falta de atenção";"Colisão traseira";"Com Vítimas Feridas";"Pleno dia";"Decrescente";"Nublado";"Dupla";"Reta";"Rural";3;0;1;1;1;0;2;2
83485887;"30/07/16";"Sábado";"12:40:00";"MG";116;"597,5";"SAO JOAO DO MANHUACU";"Velocidade incompatível";"Saída de Pista";"Sem Vítimas";"Pleno dia";"Crescente";"Ceu Claro";"Simples";"Curva";"Rural";1;0;0;0;1;0;0;1
83485888;"30/07/16";"Sábado";"13:30:00";"PR";369;"430";"JURANDA";"Outras";"Queda de motocicleta / bicicleta / veículo";"Com Vítimas Feridas";"Pleno dia";"Crescente";"Sol";"Simples";"Reta";"Rural";2;0;2;0;0;0;2;1
83485889;"30/07/16";"Sábado";"10:15:00";"CE";222;"18";"CAUCAIA";"Outras";"Colisão com objeto móvel";"Sem Vítimas";"Pleno dia";"Decrescente";"Ceu Claro";"Simples";"Reta";"Rural";2;0;0;0;2;0;0;2
83485890;"30/07/16";"Sábado";"13:21:00";"MT";70;"29";"BARRA DO GARCAS";"Outras";"Tombamento";"Com Vítimas Feridas";"Pleno dia";"Decrescente";"Ceu Claro";"Simples";"Curva";"Rural";2;0;2;0;0;0;2;1
83485891;"30/07/16";"Sábado";"13:20:00";"PR";277;"130,5";"BALSA NOVA";"Falta de atenção";"Tombamento";"Com Vítimas Feridas";"Pleno dia";"Decrescente";"Ceu Claro";"Dupla";"Curva";"Rural";1;0;1;0;0;0;1;1
83485892;"29/07/16";"Sexta";"03:00:00";"RO";364;"520";"ARIQUEMES";"Falta de atenção";"Colisão Transversal";"Sem Vítimas";"Plena noite";"Crescente";"Ceu Claro";"Simples";"Reta";"Rural";2;0;0;0;2;0;0;2
83485893;"30/07/16";"Sábado";"10:00:00";"PR";277;"596";"CASCAVEL";"Velocidade incompatível";"Saída de Pista";"Ignorado";"Pleno dia";"Decrescente";"Ceu Claro";"Dupla";"Reta";"Rural";1;0;0;0;0;1;0;1
83485894;"30/07/16";"Sábado";"11:25:00";"ES";101;"254";"SERRA";"Não guardar distância de segurança";"Colisão traseira";"Sem Vítimas";"Pleno dia";"Crescente";"Chuva";"Simples";"Reta";"Urbano";3;0;0;0;3;0;0;3
83485895;"30/07/16";"Sábado";"13:30:00";"SC";101;"214";"PALHOCA";"Velocidade incompatível";"Colisão com objeto fixo";"Ignorado";"Pleno dia";"Crescente";"Ceu Claro";"Dupla";"Reta";"Urbano";1;0;0;0;0;1;0;1
83485896;"30/07/16";"Sábado";"13:35:00";"RS";285;"396,5";"SANTA BARBARA DO SUL";"Outras";"Capotamento";"Sem Vítimas";"Pleno dia";"Decrescente";"Ceu Claro";"Simples";"Reta";"Rural";5;0;0;0;5;0;0;2
83485897;"30/07/16";"Sábado";"16:35:00";"RS";285;"281,7";"PASSO FUNDO";"Falta de atenção";"Colisão frontal";"Sem Vítimas";"Pleno dia";"Crescente";"Ceu Claro";"Simples";"Reta";"Rural";8;0;0;0;8;0;0;2
83485898;"30/07/16";"Sábado";"12:15:00";"SE";101;"154,1";"ESTANCIA";"Falta de atenção";"Colisão Transversal";"Com Vítimas Feridas";"Pleno dia";"Crescente";"Ceu Claro";"Simples";"Reta";"Rural";2;0;1;0;1;0;1;2
83485900;"30/07/16";"Sábado";"05:10:00";"GO";60;"5,4";"SANTO ANTONIO DO DESCOBERTO";"Outras";"Saída de Pista";"Com Vítimas Fatais";"Plena noite";"Crescente";"Ceu Claro";"Simples";"Reta";"Rural";2;1;1;0;0;0;1;1
83485901;"22/07/16";"Sexta";"13:45:00";"RJ";493;"2";"ITABORAI";"Falta de atenção";"Colisão traseira";"Com Vítimas Feridas";"Pleno dia";"Decrescente";"Ceu Claro";"Simples";"Reta";"Urbano";3;0;1;0;2;0;1;2
83485902;"30/07/16";"Sábado";"10:40:00";"MT";70;"334,2";"DOM AQUINO";"Falta de atenção";"Colisão frontal";"Com Vítimas Fatais";"Pleno dia";"Decrescente";"Ceu Claro";"Simples";"Reta";"Rural";2;1;1;0;0;0;1;2
83485903;"30/07/16";"Sábado";"12:00:00";"MG";251;"490";"FRANCISCO SA";"Outras";"Queda de motocicleta / bicicleta / veículo";"Com Vítimas Feridas";"Pleno dia";"Decrescente";"Ceu Claro";"Simples";"Reta";"Rural";1;0;1;0;0;0;1;1
83485904;"30/07/16";"Sábado";"15:30:00";"RJ";101;"97";"CAMPOS DOS GOYTACAZES";"Ultrapassagem indevida";"Colisão frontal";"Com Vítimas Feridas";"Pleno dia";"Crescente";"Chuva";"Simples";"Curva";"Urbano";7;0;7;0;0;0;7;2
83485905;"30/07/16";"Sábado";"13:50:00";"RS";116;"261";"CANOAS";"Ingestão de álcool";"Colisão traseira";"Sem Vítimas";"Pleno dia";"Crescente";"Ceu Claro";"Dupla";"Reta";"Urbano";2;0;0;0;2;0;0;2
83485906;"30/07/16";"Sábado";"14:50:00";"MT";364;"201";"RONDONOPOLIS";"Outras";"Queda de motocicleta / bicicleta / veículo";"Com Vítimas Feridas";"Pleno dia";"Decrescente";"Ceu Claro";"Dupla";"Reta";"Rural";1;0;1;0;0;0;1;1
83485907;"30/07/16";"Sábado";"16:25:00";"SE";235;"54";"ITABAIANA";"Desobediência à sinalização";"Colisão Transversal";"Com Vítimas Feridas";"Pleno dia";"Crescente";"Chuva";"Múltipla";"Reta";"Urbano";2;0;0;1;1;0;1;2
83485909;"27/07/16";"Quarta";"19:50:00";"SP";101;"42";"UBATUBA";"Falta de atenção";"Saída de Pista";"Com Vítimas Feridas";"Plena noite";"Crescente";"Nublado";"Simples";"Curva";"Rural";1;0;1;0;0;0;1;1
83485910;"30/07/16";"Sábado";"14:15:00";"SC";158;"103,9";"CUNHA PORA";"Outras";"Colisão com objeto móvel";"Sem Vítimas";"Pleno dia";"Crescente";"Ceu Claro";"Simples";"Curva";"Rural";2;0;0;0;2;0;0;2
83485911;"30/07/16";"Sábado";"15:00:00";"RJ";101;"78";"CAMPOS DOS GOYTACAZES";"Não guardar distância de segurança";"Colisão Transversal";"Sem Vítimas";"Pleno dia";"Decrescente";"Chuva";"Simples";"Reta";"Rural";2;0;0;0;2;0;0;2
83485912;"30/07/16";"Sábado";"13:45:00";"CE";20;"423";"MARACANAU";"Falta de atenção";"Colisão Transversal";"Com Vítimas Feridas";"Pleno dia";"Crescente";"Ceu Claro";"Dupla";"Reta";"Rural";3;0;3;0;0;0;3;2
83485913;"28/07/16";"Quinta";"19:20:00";"MG";262;"57";"MANHUACU";"Desobediência à sinalização";"Colisão com bicicleta";"Com Vítimas Feridas";"Plena noite";"Crescente";"Ceu Claro";"Simples";"Reta";"Rural";2;0;1;0;1;0;1;2
83485914;"30/07/16";"Sábado";"16:20:00";"RS";386;"282";"SAO JOSE DO HERVAL";"Falta de atenção";"Colisão Transversal";"Com Vítimas Feridas";"Pleno dia";"Decrescente";"Ceu Claro";"Simples";"Curva";"Urbano";4;0;3;0;1;0;3;2
83485915;"30/07/16";"Sábado";"15:20:00";"ES";101;"236";"FUNDAO";"Outras";"Saída de Pista";"Com Vítimas Feridas";"Pleno dia";"Decrescente";"Chuva";"Simples";"Curva";"Rural";2;0;1;1;0;0;2;1
83485916;"30/07/16";"Sábado";"15:10:00";"SC";101;"374";"ICARA";"Dormindo";"Saída de Pista";"Com Vítimas Feridas";"Pleno dia";"Crescente";"Ceu Claro";"Dupla";"Reta";"Rural";1;0;1;0;0;0;1;1
83485917;"30/07/16";"Sábado";"16:15:00";"RJ";116;"131";"MAGE";"Falta de atenção";"Colisão traseira";"Com Vítimas Feridas";"Pleno dia";"Crescente";"Ceu Claro";"Dupla";"Reta";"Rural";2;0;1;0;1;0;1;2