"id";"data_inversa";"dia_semana";"horario";"uf";"br";"km";"municipio";"causa_acidente";"tipo_acidente";"classificacao_acidente";"fase_dia";"sentido_via";"condicao_metereologica";"tipo_pista";"tracado_via";"uso_solo";"pessoas";"mortos";"feridos_leves";"feridos_graves";"ilesos";"ignorados";"feridos";"veiculos"
83486030;"30/07/16";"Sábado";"18:20:00";"SP";116;"286";"ITAPECERICA DA SERRA";"Desobediência à sinalização";"Colisão Transversal";"Com Vítimas Feridas";"Plena noite";"Decrescente";"Ceu Claro";"Dupla";"Reta";"Rural";2;0;0;1;0;1;1;2
83486031;"26/07/16";"Terça";"21:05:00";"AP";210;"3";"MACAPA";"Velocidade incompatível";"Queda de motocicleta / bicicleta / veículo";"Com Vítimas Fatais";"Plena noite";"Decrescente";"Ignorada";"Dupla";"Reta";"Urbano";1;1;0;0;0;0;0;1
83486032;"30/07/16";"Sábado";"17:29:00";"PB";101;"70,2";"SANTA RITA";"Ingestão de álcool";"Saída de Pista";"Com Vítimas Feridas";"Anoitecer";"Crescente";"Ceu Claro";"Dupla";"Reta";"Rural";1;0;0;1;0;0;1;1
83486033;"30/07/16";"Sábado";"21:10:00";"PR";116;"92,3";"SAO JOSE DOS PINHAIS";"Velocidade incompatível";"Colisão lateral";"Com Vítimas Fatais";"Plena noite";"Decrescente";"Nevoeiro/neblina";"Dupla";"Reta";"Rural";6;1;2;1;2;0;3;3
83486034;"30/07/16";"Sábado";"22:00:00";"BA";242;"800";"BARREIRAS";"Ingestão de álcool";"Saída de Pista";"Ignorado";"Plena noite";"Crescente";"Ceu Claro";"Dupla";"Curva";"Rural";1;0;0;0;0;1;0;1
83486035;"30/07/16";"Sábado";"19:15:00";"PB";230;"31,5";"BAYEUX";"Não guardar distância de segurança";"Colisão lateral";"Sem Vítimas";"Plena noite";"Crescente";"Ceu Claro";"Dupla";"Reta";"Urbano";2;0;0;0;1;1;0;2
83486036;"30/07/16";"Sábado";"20:40:00";"BA";101;"493,9";"ITAJUIPE";"Outras";"Colisão frontal";"Com Vítimas Feridas";"Plena noite";"Crescente";"Chuva";"Simples";"Curva";"Rural";3;0;0;1;2;0;1;2
83486037;"30/07/16";"Sábado";"09:50:00";"MG";381;"441";"SABARA";"Desobediência à sinalização";"Colisão traseira";"Com Vítimas Feridas";"Pleno dia";"Crescente";"Ceu Claro";"Simples";"Reta";"Urbano";3;0;0;2;1;0;2;2
83486038;"31/07/16";"Domingo";"02:50:00";"MG";40;"433";"PARAOPEBA";"Outras";"Colisão traseira";"Com Vítimas Feridas";"Plena noite";"Decrescente";"Ceu Claro";"Dupla";"Reta";"Rural";5;0;3;0;2;0;3;2
83486040;"30/07/16";"Sábado";"19:30:00";"MG";153;"206";"FRUTAL";"Animais na Pista";"Atropelamento de animal";"Sem Vítimas";"Plena noite";"Crescente";"Ceu Claro";"Simples";"Reta";"Rural";3;0;0;0;3;0;0;1
83486041;"31/07/16";"Domingo";"02:10:00";"SP";116;"460,6";"JUQUIA";"Outras";"Colisão traseira";"Sem Vítimas";"Plena noite";"Crescente";"Ceu Claro";"Dupla";"Reta";"Rural";2;0;0;0;1;1;0;2
83486042;"31/07/16";"Domingo";"00:50:00";"PR";116;"16,4";"COLOMBO";"Outras";"Queda de motocicleta / bicicleta / veículo";"Com Vítimas Fatais";"Plena noite";"Decrescente";"Ceu Claro";"Dupla";"Reta";"Urbano";1;1;0;0;0;0;0;1
83486043;"31/07/16";"Domingo";"04:00:00";"MS";163;"614";"SAO GABRIEL DO OESTE";"Outras";"Atropelamento de pessoa";"Com Vítimas Feridas";"Plena noite";"Decrescente";"Ceu Claro";"Simples";"Reta";"Urbano";4;0;1;0;3;0;1;1
83486044;"31/07/16";"Domingo";"03:42:00";"RO";319;"63";"PORTO VELHO";"Não guardar distância de segurança";"Colisão Transversal";"Com Vítimas Feridas";"Plena noite";"Crescente";"Ceu Claro";"Dupla";"Cruzamento";"Urbano";3;0;2;0;1;0;2;2
83486045;"31/07/16";"Domingo";"02:00:00";"MG";40;"470,2";"SETE LAGOAS";"Dormindo";"Saída de Pista";"Sem Vítimas";"Plena noite";"Crescente";"Ceu Claro";"Dupla";"Reta";"Rural";1;0;0;0;1;0;0;1
83486046;"30/07/16";"Sábado";"19:00:00";"SP";153;"69,7";"SAO JOSE DO RIO PRETO";"Ingestão de álcool";"Colisão frontal";"Com Vítimas Feridas";"Plena noite";"Decrescente";"Nublado";"Simples";"Curva";"Rural";3;0;1;1;1;0;2;2
83486047;"31/07/16";"Domingo";"05:00:00";"GO";70;"1";"AGUAS LINDAS DE GOIAS";"Outras";"Capotamento";"Sem Vítimas";"Amanhecer";"Crescente";"Ceu Claro";"Dupla";"Reta";"Rural";1;0;0;0;1;0;0;1
83486048;"31/07/16";"Domingo";"02:30:00";"MG";267;"11,1";"LEOPOLDINA";"Outras";"Colisão frontal";"Com Vítimas Fatais";"Plena noite";"Decrescente";"Ignorada";"Simples";"Reta";"Rural";7;1;1;5;0;0;6;2
83486049;"31/07/16";"Domingo";"03:30:00";"GO";153;"45";"PORANGATU";"Defeito mecânico em veículo";"Incêndio";"Sem Vítimas";"Plena noite";"Crescente";"Ceu Claro";"Simples";"Curva";"Rural";1;0;0;0;1;0;0;1
83486050;"31/07/16";"Domingo";"01:40:00";"SC";116;"105,5";"MONTE CASTELO";"Velocidade incompatível";"Saída de Pista";"Sem Vítimas";"Plena noite";"Decrescente";"Nevoeiro/neblina";"Simples";"Reta";"Rural";1;0;0;0;1;0;0;1
83486052;"31/07/16";"Domingo";"03:45:00";"GO";40;"4,7";"VALPARAISO DE GOIAS";"Outras";"Colisão traseira";"Sem Vítimas";"Plena noite";"Decrescente";"Ceu Claro";"Dupla";"Reta";"Urbano";2;0;0;0;2;0;0;2
83486053;"26/07/16";"Terça";"06:50:00";"BA";415;"49,1";"ITABUNA";"Falta de atenção";"Colisão lateral";"Com Vítimas Feridas";"Pleno dia";"Decrescente";"Ceu Claro";"Simples";"Reta";"Urbano";2;0;1;0;1;0;1;2
83486054;"30/07/16";"Sábado";"20:10:00";"CE";116;"22";"ITAITINGA";"Animais na Pista";"Atropelamento de animal";"Com Vítimas Feridas";"Plena noite";"Decrescente";"Ceu Claro";"Dupla";"Reta";"Rural";1;0;1;0;0;0;1;1
83486055;"30/07/16";"Sábado";"22:00:00";"PR";158;"406,2";"LARANJEIRAS DO SUL";"Ingestão de álcool";"Colisão frontal";"Com Vítimas Fatais";"Plena noite";"Decrescente";"Ceu Claro";"Simples";"Curva";"Rural";3;2;1;0;0;0;1;2
83486056;"31/07/16";"Domingo";"04:15:00";"RN";110;"46";"MOSSORO";"Ingestão de álcool";"Colisão com objeto fixo";"Com Vítimas Fatais";"Amanhecer";"Decrescente";"Ceu Claro";"Dupla";"Reta";"Urbano";1;1;0;0;0;0;0;1
83486058;"04/07/16";"Segunda";"06:50:00";"SC";470;"58";"BLUMENAU";"Falta de atenção";"Tombamento";"Com Vítimas Feridas";"Amanhecer";"Crescente";"Nublado";"Simples";"Reta";"Urbano";1;0;0;1;0;0;1;1
83486060;"31/07/16";"Domingo";"00:40:00";"PR";116;"13";"COLOMBO";"Velocidade incompatível";"Colisão lateral";"Sem Vítimas";"Plena noite";"Crescente";"Nublado";"Múltipla";"Reta";"Urbano";2;0;0;0;1;1;0;2
83486061;"31/07/16";"Domingo";"05:45:00";"SP";116;"275";"TABOAO DA SERRA";"Falta de atenção";"Colisão com objeto fixo";"Sem Vítimas";"Amanhecer";"Crescente";"Nevoeiro/neblina";"Dupla";"Reta";"Rural";1;0;0;0;1;0;0;1
83486062;"31/07/16";"Domingo";"05:30:00";"BA";116;"692";"JEQUIE";"Ultrapassagem indevida";"Tombamento";"Sem Vítimas";"Amanhecer";"Crescente";"Chuva";"Simples";"Reta";"Rural";1;0;0;0;1;0;0;1
83486063;"31/07/16";"Domingo";"06:00:00";"PE";101;"38";"IGARASSU";"Falta de atenção";"Capotamento";"Ignorado";"Pleno dia";"Crescente";"Nublado";"Dupla";"Curva";"Rural";1;0;0;0;0;1;0;1
83486064;"31/07/16";"Domingo";"00:45:00";"SP";116;"211";"GUARULHOS";"Outras";"Colisão traseira";"Sem Vítimas";"Plena noite";"Crescente";"Nublado";"Simples";"Reta";"Urbano";2;0;0;0;2;0;0;2
83486065;"30/07/16";"Sábado";"20:10:00";"SP";116;"284,5";"EMBU";"Velocidade incompatível";"Capotamento";"Sem Vítimas";"Plena noite";"Crescente";"Ceu Claro";"Simples";"Curva";"Urbano";1;0;0;0;1;0;0;1
83486066;"30/07/16";"Sábado";"19:20:00";"SC";101;"78";"ARAQUARI";"Falta de atenção";"Colisão traseira";"Com Vítimas Feridas";"Plena noite";"Decrescente";"Ceu Claro";"Dupla";"Reta";"Rural";4;0;2;0;2;0;2;2
83486067;"27/07/16";"Quarta";"20:10:00";"MG";40;"460";"SETE LAGOAS";"Outras";"Queda de motocicleta / bicicleta / veículo";"Com Vítimas Feridas";"Plena noite";"Decrescente";"Ceu Claro";"Dupla";"Reta";"Rural";1;0;0;1;0;0;1;1
83486069;"31/07/16";"Domingo";"05:05:00";"PR";116;"195,9";"CAMPO DO TENENTE";"Ingestão de álcool";"Colisão frontal";"Com Vítimas Feridas";"Plena noite";"Decrescente";"Ceu Claro";"Simples";"Reta";"Rural";4;0;1;2;1;0;3;2
83486070;"31/07/16";"Domingo";"05:10:00";"RJ";116;"277";"BARRA MANSA";"Dormindo";"Colisão lateral";"Sem Vítimas";"Amanhecer";"Crescente";"Ceu Claro";"Dupla";"Curva";"Rural";2;0;0;0;2;0;0;2
83486071;"24/07/16";"Domingo";"01:15:00";"RS";158;"316,5";"ITAARA";"Ingestão de álcool";"Tombamento";"Com Vítimas Feridas";"Plena noite";"Crescente";"Ceu Claro";"Simples";"Curva";"Rural";1;0;1;0;0;0;1;1
83486072;"31/07/16";"Domingo";"03:45:00";"PR";376;"358";"ORTIGUEIRA";"Velocidade incompatível";"Saída de Pista";"Com Vítimas Feridas";"Plena noite";"Crescente";"Nevoeiro/neblina";"Simples";"Reta";"Rural";1;0;1;0;0;0;1;1
83486073;"31/07/16";"Domingo";"04:05:00";"SP";116;"395";"MIRACATU";"Desobediência à sinalização";"Atropelamento de pessoa";"Com Vítimas Fatais";"Plena noite";"Crescente";"Nevoeiro/neblina";"Dupla";"Curva";"Urbano";2;1;0;0;1;0;0;1
83486074;"31/07/16";"Domingo";"02:00:00";"RJ";40;"122";"DUQUE DE CAXIAS";"Falta de atenção";"Colisão com objeto fixo";"Sem Vítimas";"Plena noite";"Decrescente";"Ceu Claro";"Dupla";"Reta";"Urbano";2;0;0;0;2;0;0;2
83486075;"31/07/16";"Domingo";"01:10:00";"MS";163;"248";"DOURADOS";"Falta de atenção";"Colisão com objeto fixo";"Com Vítimas Feridas";"Plena noite";"Decrescente";"Ceu Claro";"Simples";"Reta";"Rural";1;0;1;0;0;0;1;1
83486076;"31/07/16";"Domingo";"00:05:00";"GO";364;"270";"MINEIROS";"Falta de atenção";"Colisão frontal";"Com Vítimas Fatais";"Plena noite";"Crescente";"Ceu Claro";"Simples";"Curva";"Rural";2;1;0;0;1;0;0;2
83486078;"30/07/16";"Sábado";"16:05:00";"PR";277;"129";"BALSA NOVA";"Falta de atenção";"Colisão traseira";"Com Vítimas Feridas";"Pleno dia";"Decrescente";"Nublado";"Dupla";"Curva";"Rural";2;0;1;0;0;1;1;2
83486079;"31/07/16";"Domingo";"07:00:00";"RJ";116;"165,9";"RIO DE JANEIRO";"Ingestão de álcool";"Colisão com objeto fixo";"Sem Vítimas";"Pleno dia";"Decrescente";"Nublado";"Múltipla";"Reta";"Urbano";1;0;0;0;1;0;0;1
83486080;"30/07/16";"Sábado";"19:30:00";"RO";364;"245,4";"CACOAL";"Falta de atenção";"Tombamento";"Com Vítimas Feridas";"Plena noite";"Crescente";"Ceu Claro";"Dupla";"Reta";"Urbano";3;0;2;1;0;0;3;1
83486081;"27/07/16";"Quarta";"10:30:00";"PR";376;"598";"CURITIBA";"Velocidade incompatível";"Tombamento";"Com Vítimas Feridas";"Pleno dia";"Decrescente";"Ceu Claro";"Dupla";"Reta";"Urbano";2;0;1;0;1;0;1;1
83486082;"12/07/16";"Terça";"16:30:00";"BA";116;"383";"SANTA BARBARA";"Ultrapassagem indevida";"Capotamento";"Sem Vítimas";"Pleno dia";"Crescente";"Sol";"Simples";"Reta";"Rural";2;0;0;0;1;1;0;2
83486083;"23/07/16";"Sábado";"18:20:00";"GO";414;"427,7";"ABADIANIA";"Outras";"Colisão Transversal";"Com Vítimas Feridas";"Anoitecer";"Decrescente";"Ceu Claro";"Simples";"Reta";"Urbano";3;0;0;2;1;0;2;2
83486084;"31/07/16";"Domingo";"02:20:00";"PR";369;"142,7";"IBIPORA";"Ingestão de álcool";"Colisão Transversal";"Com Vítimas Feridas";"Plena noite";"Crescente";"Ceu Claro";"Simples";"Curva";"Urbano";2;0;1;0;1;0;1;2
83486085;"27/07/16";"Quarta";"19:30:00";"PI";343;"3,3";"PARNAIBA";"Outras";"Colisão lateral";"Com Vítimas Feridas";"Plena noite";"Crescente";"Ignorada";"Simples";"Curva";"Rural";2;0;1;0;1;0;1;2
83486087;"27/07/16";"Quarta";"18:20:00";"PI";402;"39,9";"PARNAIBA";"Ingestão de álcool";"Colisão traseira";"Com Vítimas Feridas";"Anoitecer";"Decrescente";"Ceu Claro";"Simples";"Curva";"Rural";4;0;1;1;2;0;2;2
83486088;"25/06/16";"Sábado";"22:30:00";"SP";381;"36";"ATIBAIA";"Defeito na via";"Queda de motocicleta / bicicleta / veículo";"Com Vítimas Feridas";"Plena noite";"Crescente";"Ceu Claro";"Dupla";"Reta";"Urbano";1;0;1;0;0;0;1;1
83486089;"31/07/16";"Domingo";"07:15:00";"MG";381;"525,5";"BRUMADINHO";"Velocidade incompatível";"Queda de motocicleta / bicicleta / veículo";"Com Vítimas Feridas";"Amanhecer";"Crescente";"Ceu Claro";"Dupla";"Curva";"Rural";1;0;1;0;0;0;1;1
83486090;"31/07/16";"Domingo";"05:00:00";"RJ";116;"132";"MAGE";"Ingestão de álcool";"Colisão com objeto fixo";"Sem Vítimas";"Plena noite";"Decrescente";"Ceu Claro";"Simples";"Curva";"Rural";1;0;0;0;1;0;0;1
83486091;"23/07/16";"Sábado";"08:30:00";"GO";40;"0,5";"VALPARAISO DE GOIAS";"Não guardar distância de segurança";"Colisão traseira";"Com Vítimas Feridas";"Pleno dia";"Decrescente";"Ceu Claro";"Dupla";"Reta";"Urbano";3;0;0;1;1;1;1;3
83486092;"27/07/16";"Quarta";"23:05:00";"MG";153;"15";"CENTRALINA";"Ingestão de álcool";"Saída de Pista";"Sem Vítimas";"Plena noite";"Crescente";"Ceu Claro";"Dupla";"Reta";"Rural";1;0;0;0;1;0;0;1
83486093;"31/07/16";"Domingo";"07:20:00";"BA";324;"583";"CANDEIAS";"Outras";"Capotamento";"Ignorado";"Pleno dia";"Crescente";"Nublado";"Simples";"Reta";"Urbano";1;0;0;0;0;1;0;1
83486094;"30/07/16";"Sábado";"03:15:00";"DF";70;"10";"BRASILIA";"Outras";"Atropelamento de pessoa";"Com Vítimas Fatais";"Plena noite";"Decrescente";"Ceu Claro";"Dupla";"Reta";"Urbano";2;1;0;0;0;1;0;1
83486095;"29/07/16";"Sexta";"14:20:00";"PR";376;"668";"GUARATUBA";"Velocidade incompatível";"Saída de Pista";"Sem Vítimas";"Pleno dia";"Decrescente";"Nevoeiro/neblina";"Dupla";"Curva";"Rural";1;0;0;0;1;0;0;1
83486096;"31/07/16";"Domingo";"08:00:00";"RO";364;"697";"PORTO VELHO";"Outras";"Danos Eventuais";"Sem Vítimas";"Pleno dia";"Decrescente";"Sol";"Dupla";"Reta";"Urbano";3;0;0;0;3;0;0;1
83486098;"28/07/16";"Quinta";"06:15:00";"RS";116;"523";"PELOTAS";"Dormindo";"Capotamento";"Sem Vítimas";"Plena noite";"Crescente";"Ceu Claro";"Simples";"Reta";"Urbano";1;0;0;0;1;0;0;1
83486099;"31/07/16";"Domingo";"08:00:00";"CE";402;"275";"ITAPIPOCA";"Outras";"Capotamento";"Ignorado";"Pleno dia";"Crescente";"Ceu Claro";"Simples";"Reta";"Urbano";1;0;0;0;0;1;0;1
83486100;"28/07/16";"Quinta";"00:30:00";"RJ";101;"565";"PARATI";"Defeito mecânico em veículo";"Colisão traseira";"Sem Vítimas";"Plena noite";"Crescente";"Ceu Claro";"Simples";"Reta";"Rural";2;0;0;0;2;0;0;2
83486101;"27/07/16";"Quarta";"19:53:00";"GO";40;"15";"LUZIANIA";"Falta de atenção";"Colisão Transversal";"Com Vítimas Fatais";"Plena noite";"Decrescente";"Ceu Claro";"Dupla";"Reta";"Urbano";2;1;0;0;1;0;0;2
83486102;"31/07/16";"Domingo";"06:30:00";"MG";262;"709";"ARAXA";"Dormindo";"Capotamento";"Com Vítimas Feridas";"Amanhecer";"Decrescente";"Ceu Claro";"Simples";"Reta";"Rural";2;0;2;0;0;0;2;1
83486103;"30/07/16";"Sábado";"23:50:00";"MG";116;"594,9";"MANHUACU";"Velocidade incompatível";"Saída de Pista";"Com Vítimas Feridas";"Plena noite";"Decrescente";"Nublado";"Simples";"Curva";"Rural";2;0;1;0;0;1;1;1
83486104;"30/07/16";"Sábado";"06:40:00";"RN";427;"100,1";"CAICO";"Desobediência à sinalização";"Colisão Transversal";"Com Vítimas Feridas";"Pleno dia";"Crescente";"Ceu Claro";"Simples";"Cruzamento";"Urbano";2;0;1;0;1;0;1;2
83486107;"17/06/16";"Sexta";"11:55:00";"MG";267;"132,3";"JUIZ DE FORA";"Defeito mecânico em veículo";"Tombamento";"Sem Vítimas";"Pleno dia";"Crescente";"Ceu Claro";"Simples";"Curva";"Rural";1;0;0;0;1;0;0;1
83486108;"23/07/16";"Sábado";"16:00:00";"GO";414;"405,9";"ABADIANIA";"Outras";"Incêndio";"Ignorado";"Pleno dia";"Crescente";"Ceu Claro";"Simples";"Reta";"Rural";1;0;0;0;0;1;0;1
83486110;"31/07/16";"Domingo";"07:20:00";"RJ";101;"190";"CASIMIRO DE ABREU";"Outras";"Capotamento";"Sem Vítimas";"Pleno dia";"Decrescente";"Nublado";"Simples";"Curva";"Urbano";3;0;0;0;3;0;0;1
83486111;"28/07/16";"Quinta";"07:40:00";"SC";280;"127,5";"RIO NEGRINHO";"Falta de atenção";"Colisão Transversal";"Sem Vítimas";"Pleno dia";"Decrescente";"Nublado";"Simples";"Reta";"Urbano";2;0;0;0;2;0;0;2
83486112;"31/07/16";"Domingo";"08:30:00";"MG";381;"342";"BELA VISTA DE MINAS";"Velocidade incompatível";"Capotamento";"Sem Vítimas";"Pleno dia";"Decrescente";"Chuva";"Simples";"Curva";"Rural";1;0;0;0;1;0;0;1
83486113;"31/07/16";"Domingo";"08:30:00";"MG";40;"695,3";"ALFREDO VASCONCELOS";"Velocidade incompatível";"Saída de Pista";"Com Vítimas Feridas";"Pleno dia";"Crescente";"Nevoeiro/neblina";"Simples";"Curva";"Rural";7;0;1;0;6;0;1;3
83486114;"31/07/16";"Domingo";"09:30:00";"MG";381;"503,9";"BETIM";"Não guardar distância de segurança";"Colisão traseira";"Com Vítimas Feridas";"Pleno dia";"Crescente";"Ceu Claro";"Dupla";"Reta";"Urbano";5;0;2;0;3;0;2;2
83486115;"27/07/16";"Quarta";"17:40:00";"RS";392;"16";"RIO GRANDE";"Defeito mecânico em veículo";"Colisão traseira";"Sem Vítimas";"Pleno dia";"Crescente";"Nublado";"Simples";"Reta";"Urbano";2;0;0;0;2;0;0;2
83486116;"31/07/16";"Domingo";"08:40:00";"MS";163;"138,4";"NAVIRAI";"Desobediência à sinalização";"Saída de Pista";"Sem Vítimas";"Pleno dia";"Decrescente";"Sol";"Simples";"Reta";"Rural";3;0;0;0;3;0;0;1
83486117;"28/07/16";"Quinta";"04:00:00";"GO";153;"217";"URUACU";"Falta de atenção";"Colisão frontal";"Com Vítimas Fatais";"Plena noite";"Crescente";"Ceu Claro";"Simples";"Reta";"Rural";42;2;25;2;0;13;27;2
83486118;"31/07/16";"Domingo";"10:30:00";"PR";163;"81";"PLANALTO";"Animais na Pista";"Colisão traseira";"Com Vítimas Feridas";"Pleno dia";"Decrescente";"Ceu Claro";"Simples";"Curva";"Rural";4;0;1;0;3;0;1;2
83486119;"29/07/16";"Sexta";"22:00:00";"PR";369;"164,8";"CAMBE";"Velocidade incompatível";"Saída de Pista";"Com Vítimas Feridas";"Plena noite";"Decrescente";"Ceu Claro";"Dupla";"Reta";"Rural";2;0;1;1;0;0;2;1
83486120;"31/07/16";"Domingo";"07:50:00";"MA";222;"350";"IGARAPE DO MEIO";"Dormindo";"Colisão com objeto fixo";"Com Vítimas Feridas";"Pleno dia";"Decrescente";"Sol";"Simples";"Reta";"Rural";2;0;1;1;0;0;2;1
83486121;"31/07/16";"Domingo";"09:00:00";"MG";381;"360,7";"JOAO MONLEVADE";"Velocidade incompatível";"Colisão lateral";"Com Vítimas Feridas";"Pleno dia";"Decrescente";"Chuva";"Simples";"Reta";"Rural";3;0;1;0;2;0;1;2
83486122;"27/07/16";"Quarta";"10:30:00";"MS";262;"371,5";"TERENOS";"Ultrapassagem indevida";"Colisão lateral";"Sem Vítimas";"Pleno dia";"Decrescente";"Ceu Claro";"Simples";"Curva";"Rural";4;0;0;0;4;0;0;2
83486123;"31/07/16";"Domingo";"09:00:00";"SP";116;"215";"GUARULHOS";"Falta de atenção";"Colisão com objeto fixo";"Com Vítimas Feridas";"Pleno dia";"Decrescente";"Ceu Claro";"Múltipla";"Reta";"Urbano";2;0;1;0;1;0;1;1
83486124;"31/07/16";"Domingo";"11:00:00";"BA";110;"3";"PAULO AFONSO";"Falta de atenção";"Capotamento";"Sem Vítimas";"Pleno dia";"Crescente";"Ceu Claro";"Simples";"Curva";"Rural";2;0;0;0;2;0;0;1
83486125;"31/07/16";"Domingo";"07:30:00";"RS";101;"48,9";"TERRA DE AREIA";"Falta de atenção";"Saída de Pista";"Sem Vítimas";"Pleno dia";"Decrescente";"Sol";"Dupla";"Reta";"Urbano";1;0;0;0;1;0;0;1
83486126;"31/07/16";"Domingo";"10:20:00";"MG";381;"327";"NOVA ERA";"Não guardar distância de segurança";"Colisão traseira";"Com Vítimas Feridas";"Pleno dia";"Crescente";"Nublado";"Simples";"Reta";"Urbano";3;0;1;0;2;0;1;2
83486127;"31/07/16";"Domingo";"07:00:00";"BA";116;"579";"NOVA ITARANA";"Outras";"Saída de Pista";"Sem Vítimas";"Pleno dia";"Decrescente";"Nublado";"Simples";"Curva";"Rural";4;0;0;0;4;0;0;1
83486128;"27/07/16";"Quarta";"16:30:00";"SP";116;"180";"GUARAREMA";"Outras";"Saída de Pista";"Sem Vítimas";"Pleno dia";"Crescente";"Ceu Claro";"Dupla";"Reta";"Rural";1;0;0;0;1;0;0;1
83486129;"28/07/16";"Quinta";"06:20:00";"SP";153;"302,1";"CAMPOS NOVOS PAULISTA";"Ultrapassagem indevida";"Colisão frontal";"Com Vítimas Feridas";"Amanhecer";"Crescente";"Ceu Claro";"Simples";"Reta";"Rural";2;0;0;1;1;0;1;2
83486130;"31/07/16";"Domingo";"05:45:00";"RS";153;"389,4";"CACHOEIRA DO SUL";"Falta de atenção";"Colisão Transversal";"Com Vítimas Feridas";"Plena noite";"Decrescente";"Ceu Claro";"Simples";"Reta";"Rural";2;0;1;0;1;0;1;2
83486131;"31/07/16";"Domingo";"03:00:00";"PA";10;"127";"PARAGOMINAS";"Outras";"Colisão frontal";"Com Vítimas Fatais";"Amanhecer";"Crescente";"Ignorada";"Simples";"Reta";"Rural";3;1;0;1;0;1;1;2
83486133;"28/07/16";"Quinta";"18:40:00";"MG";116;"722,2";"MURIAE";"Falta de atenção";"Colisão traseira";"Sem Vítimas";"Anoitecer";"Decrescente";"Ceu Claro";"Simples";"Curva";"Urbano";2;0;0;0;2;0;0;2
83486134;"31/07/16";"Domingo";"11:45:00";"MA";10;"250,5";"IMPERATRIZ";"Falta de atenção";"Colisão Transversal";"Com Vítimas Feridas";"Pleno dia";"Crescente";"Sol";"Simples";"Reta";"Urbano";2;0;2;0;0;0;2;2
83486135;"27/07/16";"Quarta";"17:10:00";"CE";20;"425";"FORTALEZA";"Desobediência à sinalização";"Colisão Transversal";"Com Vítimas Feridas";"Anoitecer";"Crescente";"Ceu Claro";"Dupla";"Reta";"Urbano";3;0;2;0;0;1;2;3
83486136;"31/07/16";"Domingo";"11:30:00";"SC";470;"56,5";"BLUMENAU";"Falta de atenção";"Colisão Transversal";"Com Vítimas Feridas";"Pleno dia";"Crescente";"Ceu Claro";"Simples";"Cruzamento";"Urbano";3;0;2;0;1;0;2;2
83486137;"31/07/16";"Domingo";"04:00:00";"MG";251;"348";"FRUTA DE LEITE";"Dormindo";"Saída de Pista";"Com Vítimas Feridas";"Plena noite";"Decrescente";"Ceu Claro";"Simples";"Reta";"Rural";1;0;1;0;0;0;1;1
83486138;"18/07/16";"Segunda";"07:45:00";"CE";116;"20,8";"FORTALEZA";"Não guardar distância de segurança";"Colisão traseira";"Com Vítimas Feridas";"Pleno dia";"Decrescente";"Ceu Claro";"Múltipla";"Reta";"Urbano";2;0;1;0;1;0;1;2
83486139;"31/07/16";"Domingo";"10:10:00";"MG";40;"730,7";"OLIVEIRA FORTES";"Velocidade incompatível";"Saída de Pista";"Sem Vítimas";"Pleno dia";"Decrescente";"Nublado";"Dupla";"Curva";"Rural";1;0;0;0;1;0;0;1
83486140;"31/07/16";"Domingo";"11:00:00";"MS";60;"427,5";"SIDROLANDIA";"Outras";"Capotamento";"Com Vítimas Feridas";"Pleno dia";"Decrescente";"Ceu Claro";"Simples";"Reta";"Urbano";2;0;0;1;1;0;1;1
83486141;"31/07/16";"Domingo";"12:10:00";"MG";40;"678,5";"CARANDAI";"Falta de atenção";"Saída de Pista";"Sem Vítimas";"Pleno dia";"Decrescente";"Nublado";"Simples";"Reta";"Rural";2;0;0;0;2;0;0;1
83486142;"31/07/16";"Domingo";"11:00:00";"SP";116;"190";"SANTA ISABEL";"Defeito mecânico em veículo";"Colisão com objeto fixo";"Sem Vítimas";"Pleno dia";"Crescente";"Ceu Claro";"Simples";"Curva";"Rural";1;0;0;0;1;0;0;1
83486143;"31/07/16";"Domingo";"07:50:00";"MG";116;"795,8";"ALEM PARAIBA";"Velocidade incompatível";"Colisão frontal";"Com Vítimas Feridas";"Pleno dia";"Crescente";"Nublado";"Simples";"Curva";"Rural";7;0;5;1;1;0;6;2
83486144;"21/07/16";"Quinta";"07:00:00";"PA";222;"235";"MARABA";"Falta de atenção";"Colisão Transversal";"Com Vítimas Feridas";"Pleno dia";"Crescente";"Ceu Claro";"Simples";"Reta";"Urbano";2;0;1;0;1;0;1;2
83486145;"31/07/16";"Domingo";"09:40:00";"PR";116;"17";"ANTONINA";"Velocidade incompatível";"Saída de Pista";"Com Vítimas Feridas";"Pleno dia";"Crescente";"Nublado";"Simples";"Curva";"Rural";4;0;4;0;0;0;4;1
83486147;"31/07/16";"Domingo";"08:50:00";"PR";116;"14";"CAMPINA GRANDE DO SUL";"Velocidade incompatível";"Capotamento";"Sem Vítimas";"Pleno dia";"Crescente";"Nevoeiro/neblina";"Dupla";"Curva";"Rural";1;0;0;0;1;0;0;1
83486148;"27/07/16";"Quarta";"22:30:00";"PI";343;"207";"PIRIPIRI";"Animais na Pista";"Atropelamento de animal";"Sem Vítimas";"Plena noite";"Crescente";"Ceu Claro";"Simples";"Reta";"Rural";1;0;0;0;1;0;0;1