"id";"data_inversa";"dia_semana";"horario";"uf";"br";"km";"municipio";"causa_acidente";"tipo_acidente";"classificacao_acidente";"fase_dia";"sentido_via";"condicao_metereologica";"tipo_pista";"tracado_via";"uso_solo";"pessoas";"mortos";"feridos_leves";"feridos_graves";"ilesos";"ignorados";"feridos";"veiculos"
83486258;"27/07/16";"Quarta";"19:30:00";"RJ";101;"527";"ANGRA DOS REIS";"Outras";"Capotamento";"Ignorado";"Plena noite";"Crescente";"Nublado";"Simples";"Reta";"Rural";1;0;0;0;0;1;0;1
83486259;"31/07/16";"Domingo";"13:00:00";"PR";373;"255,4";"PRUDENTOPOLIS";"Outras";"Saída de Pista";"Com Vítimas Feridas";"Pleno dia";"Crescente";"Sol";"Simples";"Reta";"Rural";2;0;1;0;1;0;1;1
83486260;"31/07/16";"Domingo";"19:15:00";"SC";101;"148,5";"ITAPEMA";"Ingestão de álcool";"Colisão traseira";"Com Vítimas Feridas";"Plena noite";"Decrescente";"Nublado";"Dupla";"Reta";"Urbano";3;0;1;0;2;0;1;3
83486261;"31/07/16";"Domingo";"19:40:00";"SP";116;"217,2";"GUARULHOS";"Falta de atenção";"Colisão lateral";"Sem Vítimas";"Plena noite";"Decrescente";"Ceu Claro";"Múltipla";"Reta";"Urbano";2;0;0;0;2;0;0;2
83486262;"31/07/16";"Domingo";"17:30:00";"RS";470;"227";"GARIBALDI";"Ingestão de álcool";"Colisão frontal";"Com Vítimas Feridas";"Pleno dia";"Decrescente";"Ceu Claro";"Simples";"Curva";"Rural";4;0;0;1;3;0;1;2
83486263;"31/07/16";"Domingo";"20:30:00";"PE";104;"54";"CARUARU";"Falta de atenção";"Queda de motocicleta / bicicleta / veículo";"Com Vítimas Feridas";"Plena noite";"Decrescente";"Ceu Claro";"Dupla";"Reta";"Rural";1;0;1;0;0;0;1;1
83486264;"31/07/16";"Domingo";"15:30:00";"RS";116;"240,8";"NOVO HAMBURGO";"Ingestão de álcool";"Colisão com objeto fixo";"Sem Vítimas";"Plena noite";"Decrescente";"Ceu Claro";"Dupla";"Cruzamento";"Urbano";1;0;0;0;1;0;0;1
83486265;"31/07/16";"Domingo";"07:00:00";"BA";110;"61,2";"JEREMOABO";"Ultrapassagem indevida";"Colisão frontal";"Com Vítimas Feridas";"Pleno dia";"Crescente";"Ceu Claro";"Simples";"Reta";"Rural";9;0;0;1;8;0;1;3
83486266;"31/07/16";"Domingo";"18:30:00";"RS";116;"166,1";"CAXIAS DO SUL";"Falta de atenção";"Colisão traseira";"Com Vítimas Feridas";"Anoitecer";"Decrescente";"Ceu Claro";"Simples";"Curva";"Rural";3;0;1;0;2;0;1;2
83486267;"31/07/16";"Domingo";"16:00:00";"SP";116;"58";"GUARATINGUETA";"Outras";"Atropelamento de pessoa";"Com Vítimas Feridas";"Pleno dia";"Crescente";"Ceu Claro";"Dupla";"Reta";"Urbano";2;0;1;0;1;0;1;1
83486268;"28/07/16";"Quinta";"07:30:00";"RJ";40;"75";"PETROPOLIS";"Velocidade incompatível";"Saída de Pista";"Sem Vítimas";"Amanhecer";"Crescente";"Chuva";"Simples";"Curva";"Urbano";2;0;0;0;2;0;0;1
83486269;"30/07/16";"Sábado";"07:50:00";"SP";116;"196";"ARUJA";"Outras";"Colisão traseira";"Com Vítimas Feridas";"Pleno dia";"Decrescente";"Ceu Claro";"Múltipla";"Reta";"Urbano";2;0;1;0;1;0;1;2
83486270;"31/07/16";"Domingo";"21:45:00";"RJ";40;"124";"DUQUE DE CAXIAS";"Outras";"Atropelamento de pessoa";"Com Vítimas Feridas";"Plena noite";"Decrescente";"Ceu Claro";"Múltipla";"Reta";"Urbano";2;0;0;1;0;1;1;1
83486271;"31/07/16";"Domingo";"21:50:00";"MG";262;"486,7";"BOM DESPACHO";"Desobediência à sinalização";"Saída de Pista";"Com Vítimas Feridas";"Plena noite";"Decrescente";"Ceu Claro";"Simples";"Reta";"Rural";4;0;4;0;0;0;4;1
83486272;"31/07/16";"Domingo";"17:50:00";"PR";376;"245";"APUCARANA";"Ingestão de álcool";"Colisão traseira";"Com Vítimas Feridas";"Pleno dia";"Decrescente";"Ceu Claro";"Simples";"Reta";"Urbano";3;0;1;0;2;0;1;2
83486273;"31/07/16";"Domingo";"16:30:00";"MG";40;"299,7";"TRES MARIAS";"Velocidade incompatível";"Tombamento";"Com Vítimas Fatais";"Pleno dia";"Decrescente";"Ceu Claro";"Simples";"Curva";"Rural";1;1;0;0;0;0;0;1
83486274;"31/07/16";"Domingo";"21:45:00";"RJ";116;"79";"TERESOPOLIS";"Ingestão de álcool";"Colisão lateral";"Com Vítimas Feridas";"Pleno dia";"Decrescente";"Ceu Claro";"Simples";"Reta";"Urbano";2;0;1;0;0;1;1;2
83486275;"31/05/16";"Terça";"21:45:00";"PR";277;"597,2";"CASCAVEL";"Outras";"Capotamento";"Com Vítimas Feridas";"Plena noite";"Crescente";"Ceu Claro";"Dupla";"Reta";"Urbano";1;0;1;0;0;0;1;1
83486276;"31/07/16";"Domingo";"21:00:00";"PR";116;"18";"COLOMBO";"Ingestão de álcool";"Colisão traseira";"Sem Vítimas";"Plena noite";"Crescente";"Nublado";"Múltipla";"Cruzamento";"Urbano";2;0;0;0;2;0;0;2
83486277;"31/07/16";"Domingo";"20:50:00";"RS";392;"26,5";"RIO GRANDE";"Ingestão de álcool";"Colisão com objeto fixo";"Com Vítimas Feridas";"Plena noite";"Crescente";"Ceu Claro";"Dupla";"Reta";"Urbano";1;0;1;0;0;0;1;1
83486278;"31/07/16";"Domingo";"21:00:00";"BA";110;"42";"SANTA BRIGIDA";"Falta de atenção";"Atropelamento de pessoa";"Com Vítimas Fatais";"Plena noite";"Decrescente";"Ceu Claro";"Simples";"Reta";"Rural";2;1;0;0;0;1;0;1
83486279;"31/07/16";"Domingo";"20:55:00";"SP";116;"445,5";"REGISTRO";"Outras";"Capotamento";"Ignorado";"Plena noite";"Decrescente";"Ceu Claro";"Simples";"Reta";"Urbano";1;0;0;0;0;1;0;1
83486280;"31/07/16";"Domingo";"20:56:00";"MG";381;"516,4";"BETIM";"Defeito mecânico em veículo";"Colisão traseira";"Sem Vítimas";"Plena noite";"Decrescente";"Ceu Claro";"Dupla";"Curva";"Rural";3;0;0;0;3;0;0;2
83486281;"31/07/16";"Domingo";"17:00:00";"AM";174;"904,9";"MANAUS";"Não guardar distância de segurança";"Colisão traseira";"Com Vítimas Feridas";"Pleno dia";"Crescente";"Ceu Claro";"Simples";"Reta";"Rural";5;0;1;0;4;0;1;2
83486282;"31/07/16";"Domingo";"15:45:00";"RS";116;"393";"CAMAQUA";"Outras";"Colisão Transversal";"Com Vítimas Fatais";"Pleno dia";"Crescente";"Sol";"Simples";"Reta";"Urbano";2;1;0;0;1;0;0;2
83486283;"31/07/16";"Domingo";"23:15:00";"SC";470;"129,3";"LONTRAS";"Outras";"Capotamento";"Sem Vítimas";"Plena noite";"Crescente";"Nublado";"Simples";"Curva";"Urbano";1;0;0;0;1;0;0;1
83486284;"31/07/16";"Domingo";"23:05:00";"SC";101;"438,4";"SOMBRIO";"Falta de atenção";"Saída de Pista";"Com Vítimas Feridas";"Plena noite";"Crescente";"Ceu Claro";"Dupla";"Reta";"Urbano";1;0;0;1;0;0;1;1
83486285;"31/07/16";"Domingo";"21:30:00";"PR";153;"55";"SANTO ANTONIO DA PLATINA";"Ingestão de álcool";"Colisão frontal";"Com Vítimas Fatais";"Plena noite";"Decrescente";"Ceu Claro";"Simples";"Reta";"Rural";2;1;0;0;1;0;0;2
83486286;"31/07/16";"Domingo";"18:20:00";"GO";40;"21,2";"LUZIANIA";"Outras";"Colisão com objeto fixo";"Com Vítimas Feridas";"Plena noite";"Decrescente";"Ceu Claro";"Dupla";"Reta";"Urbano";1;0;0;1;0;0;1;1
83486287;"31/07/16";"Domingo";"18:00:00";"MT";70;"518";"VARZEA GRANDE";"Outras";"Colisão frontal";"Com Vítimas Fatais";"Anoitecer";"Decrescente";"Ceu Claro";"Simples";"Reta";"Urbano";2;1;0;0;1;0;0;2
83486288;"31/07/16";"Domingo";"18:00:00";"TO";153;"693,8";"CARIRI DO TOCANTINS";"Falta de atenção";"Colisão traseira";"Com Vítimas Feridas";"Anoitecer";"Decrescente";"Ceu Claro";"Simples";"Reta";"Rural";2;0;0;1;1;0;1;2
83486289;"31/07/16";"Domingo";"19:10:00";"AC";364;"124";"RIO BRANCO";"Falta de atenção";"Colisão com bicicleta";"Com Vítimas Fatais";"Plena noite";"Crescente";"Ceu Claro";"Dupla";"Reta";"Rural";2;1;0;1;0;0;1;2
83486290;"28/07/16";"Quinta";"23:30:00";"RJ";101;"67";"CAMPOS DOS GOYTACAZES";"Defeito mecânico em veículo";"Colisão com objeto fixo";"Sem Vítimas";"Plena noite";"Decrescente";"Ceu Claro";"Simples";"Cruzamento";"Urbano";1;0;0;0;1;0;0;1
83486292;"31/07/16";"Domingo";"22:10:00";"MS";163;"513,4";"JARAGUARI";"Animais na Pista";"Atropelamento de animal";"Sem Vítimas";"Plena noite";"Decrescente";"Ceu Claro";"Dupla";"Reta";"Rural";2;0;0;0;2;0;0;1
83486293;"31/07/16";"Domingo";"22:50:00";"GO";60;"65";"ABADIANIA";"Ingestão de álcool";"Queda de motocicleta / bicicleta / veículo";"Com Vítimas Feridas";"Plena noite";"Decrescente";"Ceu Claro";"Dupla";"Curva";"Rural";1;0;1;0;0;0;1;1
83486294;"01/08/16";"Segunda";"00:20:00";"SC";101;"206,9";"SAO JOSE";"Falta de atenção";"Colisão Transversal";"Com Vítimas Feridas";"Plena noite";"Crescente";"Nublado";"Dupla";"Cruzamento";"Urbano";2;0;0;1;0;1;1;2
83486295;"31/07/16";"Domingo";"11:40:00";"PI";343;"329,6";"TERESINA";"Não guardar distância de segurança";"Colisão traseira";"Com Vítimas Feridas";"Pleno dia";"Crescente";"Ceu Claro";"Simples";"Reta";"Rural";4;0;1;0;2;1;1;3
83486296;"31/07/16";"Domingo";"23:30:00";"RS";158;"327,9";"SANTA MARIA";"Outras";"Saída de Pista";"Ignorado";"Plena noite";"Crescente";"Ceu Claro";"Simples";"Cruzamento";"Urbano";1;0;0;0;0;1;0;1
83486297;"31/07/16";"Domingo";"23:20:00";"PA";316;"105";"SANTA MARIA DO PARA";"Dormindo";"Saída de Pista";"Com Vítimas Feridas";"Plena noite";"Decrescente";"Nublado";"Simples";"Reta";"Rural";2;0;2;0;0;0;2;1
83486298;"31/07/16";"Domingo";"23:30:00";"SC";101;"30";"JOINVILLE";"Velocidade incompatível";"Colisão traseira";"Sem Vítimas";"Plena noite";"Crescente";"Ceu Claro";"Dupla";"Reta";"Urbano";3;0;0;0;3;0;0;3
83486299;"01/08/16";"Segunda";"00:00:00";"RJ";393;"169,5";"TRES RIOS";"Ingestão de álcool";"Saída de Pista";"Com Vítimas Feridas";"Plena noite";"Crescente";"Ceu Claro";"Simples";"Curva";"Rural";4;0;0;1;3;0;1;1
83486300;"31/07/16";"Domingo";"20:30:00";"RN";406;"100";"JOAO CAMARA";"Outras";"Colisão frontal";"Com Vítimas Fatais";"Plena noite";"Crescente";"Ceu Claro";"Simples";"Reta";"Rural";2;1;0;0;1;0;0;2
83486301;"31/07/16";"Domingo";"23:55:00";"MS";262;"6,3";"TRES LAGOAS";"Defeito mecânico em veículo";"Queda de motocicleta / bicicleta / veículo";"Sem Vítimas";"Plena noite";"Decrescente";"Ignorada";"Dupla";"Reta";"Urbano";1;0;0;0;1;0;0;1
83486302;"31/07/16";"Domingo";"19:30:00";"SC";101;"209";"SAO JOSE";"Falta de atenção";"Colisão lateral";"Com Vítimas Feridas";"Plena noite";"Decrescente";"Ceu Claro";"Dupla";"Reta";"Urbano";3;0;2;0;1;0;2;2
83486303;"31/07/16";"Domingo";"21:15:00";"RJ";101;"421";"MANGARATIBA";"Outras";"Colisão Transversal";"Sem Vítimas";"Plena noite";"Decrescente";"Ceu Claro";"Simples";"Curva";"Urbano";6;0;0;0;6;0;0;2
83486304;"31/07/16";"Domingo";"22:10:00";"PR";153;"208,5";"TIBAGI";"Outras";"Colisão Transversal";"Sem Vítimas";"Plena noite";"Decrescente";"Ceu Claro";"Simples";"Reta";"Rural";3;0;0;0;3;0;0;3
83486305;"31/07/16";"Domingo";"13:45:00";"BA";324;"473";"TANQUINHO";"Outras";"Colisão lateral";"Com Vítimas Feridas";"Pleno dia";"Decrescente";"Nublado";"Simples";"Curva";"Rural";3;0;2;0;1;0;2;2
83486306;"31/07/16";"Domingo";"20:20:00";"SE";101;"181,7";"UMBAUBA";"Ingestão de álcool";"Colisão frontal";"Sem Vítimas";"Plena noite";"Crescente";"Chuva";"Simples";"Reta";"Urbano";2;0;0;0;1;1;0;2
83486307;"31/07/16";"Domingo";"19:30:00";"RS";285;"316,8";"PASSO FUNDO";"Falta de atenção";"Colisão frontal";"Com Vítimas Feridas";"Plena noite";"Decrescente";"Ceu Claro";"Simples";"Reta";"Rural";3;0;2;0;1;0;2;2
83486308;"31/07/16";"Domingo";"19:40:00";"RS";386;"409";"TRIUNFO";"Falta de atenção";"Colisão traseira";"Sem Vítimas";"Plena noite";"Crescente";"Ceu Claro";"Simples";"Reta";"Rural";2;0;0;0;2;0;0;2
83486309;"31/07/16";"Domingo";"19:15:00";"PB";230;"25,4";"JOAO PESSOA";"Falta de atenção";"Colisão Transversal";"Com Vítimas Feridas";"Plena noite";"Decrescente";"Nublado";"Dupla";"Reta";"Urbano";2;0;1;0;1;0;1;2
83486310;"31/07/16";"Domingo";"20:40:00";"RO";319;"59,5";"PORTO VELHO";"Ingestão de álcool";"Colisão traseira";"Sem Vítimas";"Plena noite";"Crescente";"Ceu Claro";"Dupla";"Cruzamento";"Urbano";2;0;0;0;2;0;0;2
83486311;"31/07/16";"Domingo";"07:45:00";"RS";386;"409";"TRIUNFO";"Defeito na via";"Colisão traseira";"Sem Vítimas";"Plena noite";"Crescente";"Ceu Claro";"Simples";"Curva";"Rural";3;0;0;0;3;0;0;3
83486312;"31/07/16";"Domingo";"14:00:00";"ES";101;"181,8";"ARACRUZ";"Ingestão de álcool";"Saída de Pista";"Com Vítimas Feridas";"Pleno dia";"Decrescente";"Nublado";"Simples";"Reta";"Rural";2;0;1;0;1;0;1;1
83486313;"01/08/16";"Segunda";"02:00:00";"PB";230;"102,3";"GURINHEM";"Dormindo";"Colisão com objeto fixo";"Sem Vítimas";"Plena noite";"Decrescente";"Nublado";"Dupla";"Reta";"Rural";1;0;0;0;1;0;0;1
83486314;"31/07/16";"Domingo";"22:30:00";"AM";174;"907,6";"MANAUS";"Falta de atenção";"Atropelamento de pessoa";"Ignorado";"Plena noite";"Decrescente";"Chuva";"Simples";"Reta";"Rural";2;0;0;0;0;2;0;1
83486315;"31/07/16";"Domingo";"23:30:00";"MS";163;"703,5";"RIO VERDE DE MATO GROSSO";"Defeito mecânico em veículo";"Incêndio";"Sem Vítimas";"Plena noite";"Decrescente";"Ceu Claro";"Dupla";"Reta";"Rural";1;0;0;0;1;0;0;1
83486316;"01/08/16";"Segunda";"00:30:00";"PR";476;"138";"CURITIBA";"Velocidade incompatível";"Colisão com objeto fixo";"Ignorado";"Plena noite";"Decrescente";"Ceu Claro";"Dupla";"Curva";"Urbano";1;0;0;0;0;1;0;1
83486317;"23/07/16";"Sábado";"16:30:00";"SC";101;"155,1";"TIJUCAS";"Outras";"Queda de motocicleta / bicicleta / veículo";"Com Vítimas Feridas";"Pleno dia";"Crescente";"Nublado";"Dupla";"Reta";"Urbano";1;0;1;0;0;0;1;1
83486318;"31/07/16";"Domingo";"12:20:00";"PR";277;"38";"MORRETES";"Não guardar distância de segurança";"Colisão lateral";"Com Vítimas Feridas";"Pleno dia";"Decrescente";"Sol";"Dupla";"Curva";"Rural";2;0;0;1;1;0;1;2
83486319;"01/08/16";"Segunda";"03:10:00";"SC";282;"528,4";"CORDILHEIRA ALTA";"Dormindo";"Saída de Pista";"Com Vítimas Feridas";"Plena noite";"Crescente";"Ceu Claro";"Simples";"Curva";"Urbano";2;0;0;2;0;0;2;1
83486320;"31/07/16";"Domingo";"20:20:00";"PR";376;"198";"MARIALVA";"Ingestão de álcool";"Saída de Pista";"Sem Vítimas";"Plena noite";"Decrescente";"Ceu Claro";"Dupla";"Reta";"Rural";1;0;0;0;1;0;0;1
83486321;"31/07/16";"Domingo";"17:00:00";"BA";330;"810";"UBATA";"Ingestão de álcool";"Capotamento";"Com Vítimas Feridas";"Anoitecer";"Crescente";"Nublado";"Simples";"Curva";"Rural";1;0;1;0;0;0;1;1
83486322;"31/07/16";"Domingo";"19:35:00";"DF";20;"6";"BRASILIA";"Ingestão de álcool";"Saída de Pista";"Com Vítimas Feridas";"Plena noite";"Decrescente";"Ceu Claro";"Simples";"Reta";"Urbano";5;0;0;2;3;0;2;2
83486323;"31/07/16";"Domingo";"23:40:00";"PR";476;"148";"ARAUCARIA";"Velocidade incompatível";"Capotamento";"Sem Vítimas";"Plena noite";"Decrescente";"Nublado";"Dupla";"Reta";"Urbano";1;0;0;0;1;0;0;1
83486324;"31/07/16";"Domingo";"07:45:00";"ES";101;"271";"SERRA";"Não guardar distância de segurança";"Colisão lateral";"Com Vítimas Feridas";"Pleno dia";"Crescente";"Nublado";"Múltipla";"Curva";"Urbano";2;0;2;0;0;0;2;2
83486325;"31/07/16";"Domingo";"19:00:00";"PB";101;"94,8";"CONDE";"Falta de atenção";"Colisão traseira";"Com Vítimas Feridas";"Plena noite";"Crescente";"Nublado";"Dupla";"Curva";"Rural";3;0;1;0;2;0;1;2
83486326;"31/07/16";"Domingo";"17:00:00";"GO";80;"152";"SANTA RITA DO NOVO DESTINO";"Desobediência à sinalização";"Colisão Transversal";"Sem Vítimas";"Pleno dia";"Crescente";"Ceu Claro";"Dupla";"Cruzamento";"Urbano";2;0;0;0;2;0;0;2
83486327;"29/06/16";"Quarta";"16:20:00";"RS";386;"432";"NOVA SANTA RITA";"Falta de atenção";"Colisão Transversal";"Com Vítimas Feridas";"Plena noite";"Decrescente";"Nublado";"Dupla";"Reta";"Urbano";2;0;1;0;1;0;1;2
83486328;"31/07/16";"Domingo";"21:15:00";"PB";230;"37,9";"SANTA RITA";"Ingestão de álcool";"Colisão com objeto fixo";"Com Vítimas Feridas";"Plena noite";"Crescente";"Ceu Claro";"Dupla";"Reta";"Urbano";3;0;2;0;1;0;2;2
83486329;"31/07/16";"Domingo";"11:10:00";"PI";343;"599,9";"FLORIANO";"Falta de atenção";"Colisão com objeto fixo";"Com Vítimas Feridas";"Pleno dia";"Crescente";"Ceu Claro";"Dupla";"Reta";"Urbano";2;0;0;1;0;1;1;1
83486330;"31/07/16";"Domingo";"19:25:00";"PA";230;"118";"MARABA";"Defeito mecânico em veículo";"Queda de motocicleta / bicicleta / veículo";"Com Vítimas Feridas";"Plena noite";"Decrescente";"Ignorada";"Simples";"Reta";"Urbano";1;0;1;0;0;0;1;1
83486331;"31/07/16";"Domingo";"22:00:00";"ES";262;"104";"VENDA NOVA DO IMIGRANTE";"Ingestão de álcool";"Colisão com bicicleta";"Com Vítimas Feridas";"Plena noite";"Crescente";"Ceu Claro";"Dupla";"Cruzamento";"Urbano";2;0;1;0;0;1;1;2
83486332;"01/08/16";"Segunda";"04:50:00";"RS";116;"152,5";"CAXIAS DO SUL";"Falta de atenção";"Colisão frontal";"Com Vítimas Feridas";"Plena noite";"Crescente";"Ceu Claro";"Simples";"Curva";"Urbano";3;0;2;0;1;0;2;2
83486333;"31/07/16";"Domingo";"09:40:00";"SP";116;"276,5";"EMBU";"Falta de atenção";"Colisão traseira";"Com Vítimas Feridas";"Pleno dia";"Decrescente";"Sol";"Dupla";"Reta";"Urbano";3;0;1;0;2;0;1;2
83486334;"31/07/16";"Domingo";"22:40:00";"MG";40;"635,2";"CONSELHEIRO LAFAIETE";"Falta de atenção";"Saída de Pista";"Com Vítimas Feridas";"Plena noite";"Decrescente";"Ceu Claro";"Simples";"Reta";"Rural";2;0;1;0;1;0;1;1
83486335;"31/07/16";"Domingo";"19:30:00";"GO";153;"424,3";"ANAPOLIS";"Outras";"Incêndio";"Ignorado";"Plena noite";"Crescente";"Ceu Claro";"Dupla";"Reta";"Rural";1;0;0;0;0;1;0;1
83486336;"31/07/16";"Domingo";"17:30:00";"SP";116;"91";"PINDAMONHANGABA";"Outras";"Colisão com objeto fixo";"Com Vítimas Feridas";"Pleno dia";"Crescente";"Ceu Claro";"Dupla";"Reta";"Urbano";2;0;0;1;0;1;1;1
83486337;"26/07/16";"Terça";"12:30:00";"PB";230;"332,3";"PATOS";"Outras";"Colisão frontal";"Com Vítimas Feridas";"Pleno dia";"Decrescente";"Ceu Claro";"Simples";"Reta";"Rural";3;0;0;1;2;0;1;2
83486338;"01/08/16";"Segunda";"00:45:00";"RR";174;"512";"BOA VISTA";"Falta de atenção";"Colisão traseira";"Com Vítimas Feridas";"Plena noite";"Crescente";"Chuva";"Simples";"Reta";"Urbano";3;0;3;0;0;0;3;2
83486339;"01/08/16";"Segunda";"00:10:00";"MG";40;"668,3";"CARANDAI";"Animais na Pista";"Atropelamento de animal";"Com Vítimas Feridas";"Plena noite";"Decrescente";"Ceu Claro";"Simples";"Reta";"Urbano";2;0;2;0;0;0;2;1
83486340;"31/07/16";"Domingo";"18:50:00";"MG";356;"266,5";"MURIAE";"Desobediência à sinalização";"Colisão Transversal";"Com Vítimas Feridas";"Plena noite";"Crescente";"Ceu Claro";"Simples";"Reta";"Urbano";3;0;2;0;1;0;2;2
83486341;"01/08/16";"Segunda";"01:15:00";"MG";381;"493,5";"BETIM";"Ingestão de álcool";"Saída de Pista";"Com Vítimas Feridas";"Plena noite";"Crescente";"Ceu Claro";"Dupla";"Curva";"Urbano";2;0;2;0;0;0;2;1
83486342;"31/07/16";"Domingo";"23:50:00";"PR";272;"384,6";"FAROL";"Falta de atenção";"Colisão traseira";"Com Vítimas Feridas";"Plena noite";"Crescente";"Ceu Claro";"Simples";"Reta";"Rural";2;0;1;0;0;1;1;2
83486343;"31/07/16";"Domingo";"17:00:00";"GO";153;"566,7";"PROFESSOR JAMIL";"Defeito mecânico em veículo";"Tombamento";"Sem Vítimas";"Pleno dia";"Crescente";"Sol";"Dupla";"Reta";"Rural";1;0;0;0;1;0;0;1
83486344;"31/07/16";"Domingo";"17:50:00";"RJ";393;"238";"VASSOURAS";"Outras";"Colisão lateral";"Com Vítimas Feridas";"Anoitecer";"Crescente";"Nublado";"Múltipla";"Curva";"Rural";3;0;2;0;1;0;2;2
83486345;"01/08/16";"Segunda";"00:02:00";"SP";116;"391";"MIRACATU";"Defeito mecânico em veículo";"Saída de Pista";"Sem Vítimas";"Plena noite";"Crescente";"Ceu Claro";"Simples";"Reta";"Rural";1;0;0;0;1;0;0;1
83486347;"31/07/16";"Domingo";"21:00:00";"ES";101;"126";"SOORETAMA";"Falta de atenção";"Queda de motocicleta / bicicleta / veículo";"Com Vítimas Feridas";"Plena noite";"Decrescente";"Nublado";"Simples";"Reta";"Urbano";1;0;1;0;0;0;1;1
83486348;"01/08/16";"Segunda";"02:00:00";"MS";163;"205,9";"DOURADOS";"Dormindo";"Colisão com objeto fixo";"Com Vítimas Fatais";"Plena noite";"Crescente";"Ceu Claro";"Simples";"Reta";"Rural";3;1;0;0;2;0;0;3
83486349;"28/07/16";"Quinta";"10:00:00";"PR";277;"40,6";"MORRETES";"Defeito mecânico em veículo";"Saída de Pista";"Sem Vítimas";"Pleno dia";"Decrescente";"Nublado";"Dupla";"Curva";"Rural";1;0;0;0;1;0;0;1
83486350;"01/08/16";"Segunda";"06:00:00";"SC";116;"4,1";"MAFRA";"Falta de atenção";"Colisão lateral";"Com Vítimas Feridas";"Amanhecer";"Decrescente";"Nevoeiro/neblina";"Simples";"Reta";"Urbano";2;0;0;1;1;0;1;2
83486351;"25/07/16";"Segunda";"04:30:00";"SP";116;"272";"TABOAO DA SERRA";"Velocidade incompatível";"Colisão com objeto fixo";"Com Vítimas Feridas";"Plena noite";"Crescente";"Ceu Claro";"Simples";"Curva";"Urbano";6;0;5;0;1;0;5;1
83486352;"31/07/16";"Domingo";"11:20:00";"MG";262;"578,3";"CORREGO DANTA";"Velocidade incompatível";"Capotamento";"Com Vítimas Feridas";"Pleno dia";"Decrescente";"Sol";"Simples";"Curva";"Rural";1;0;0;1;0;0;1;1
83486353;"28/07/16";"Quinta";"17:40:00";"RJ";101;"295";"ITABORAI";"Falta de atenção";"Atropelamento de pessoa";"Com Vítimas Feridas";"Anoitecer";"Crescente";"Ceu Claro";"Dupla";"Reta";"Urbano";2;0;0;2;0;0;2;1
83486354;"31/07/16";"Domingo";"12:00:00";"BA";324;"602";"SIMOES FILHO";"Falta de atenção";"Colisão com objeto fixo";"Sem Vítimas";"Pleno dia";"Decrescente";"Nublado";"Dupla";"Reta";"Urbano";1;0;0;0;1;0;0;1
83486356;"01/08/16";"Segunda";"06:38:00";"PR";369;"147";"LONDRINA";"Dormindo";"Colisão traseira";"Com Vítimas Feridas";"Amanhecer";"Crescente";"Ceu Claro";"Dupla";"Reta";"Urbano";2;0;1;0;1;0;1;2
83486357;"01/08/16";"Segunda";"06:45:00";"SC";282;"2,9";"FLORIANOPOLIS";"Falta de atenção";"Colisão lateral";"Com Vítimas Feridas";"Pleno dia";"Decrescente";"Sol";"Múltipla";"Curva";"Urbano";3;0;2;0;1;0;2;2
83486358;"01/08/16";"Segunda";"01:30:00";"MT";174;"48,2";"VILA BELA DA SANTISSIMA TRINDADE";"Velocidade incompatível";"Saída de Pista";"Com Vítimas Fatais";"Plena noite";"Crescente";"Ceu Claro";"Simples";"Reta";"Rural";4;1;0;1;0;2;1;1
83486359;"01/08/16";"Segunda";"07:20:00";"RS";116;"264,5";"CANOAS";"Falta de atenção";"Colisão lateral";"Com Vítimas Feridas";"Pleno dia";"Crescente";"Ceu Claro";"Dupla";"Reta";"Urbano";2;0;1;0;1;0;1;2
83486360;"01/08/16";"Segunda";"07:55:00";"SC";470;"52";"BLUMENAU";"Desobediência à sinalização";"Colisão Transversal";"Com Vítimas Feridas";"Pleno dia";"Decrescente";"Ceu Claro";"Simples";"Curva";"Urbano";2;0;1;0;1;0;1;2
83486361;"29/07/16";"Sexta";"07:30:00";"CE";20;"278,4";"CANINDE";"Não guardar distância de segurança";"Colisão traseira";"Com Vítimas Fatais";"Pleno dia";"Crescente";"Ceu Claro";"Simples";"Reta";"Rural";2;1;0;0;1;0;0;2
83486362;"30/07/16";"Sábado";"04:00:00";"SP";381;"32";"ATIBAIA";"Ingestão de álcool";"Colisão traseira";"Com Vítimas Feridas";"Plena noite";"Decrescente";"Ceu Claro";"Dupla";"Reta";"Rural";2;0;1;0;1;0;1;2
83486363;"28/07/16";"Quinta";"18:25:00";"PR";369;"80,2";"SANTA MARIANA";"Falta de atenção";"Colisão Transversal";"Sem Vítimas";"Plena noite";"Decrescente";"Ceu Claro";"Simples";"Reta";"Rural";2;0;0;0;2;0;0;2
83486364;"29/07/16";"Sexta";"05:45:00";"PB";101;"108,5";"ALHANDRA";"Falta de atenção";"Saída de Pista";"Sem Vítimas";"Amanhecer";"Decrescente";"Ceu Claro";"Dupla";"Reta";"Urbano";4;0;0;0;4;0;0;1
83486365;"01/08/16";"Segunda";"01:00:00";"RO";364;"263,2";"CACOAL";"Animais na Pista";"Saída de Pista";"Sem Vítimas";"Plena noite";"Decrescente";"Nublado";"Simples";"Reta";"Rural";1;0;0;0;1;0;0;1
83486366;"31/07/16";"Domingo";"06:00:00";"RS";470;"256";"SALVADOR DO SUL";"Outras";"Saída de Pista";"Sem Vítimas";"Amanhecer";"Crescente";"Ignorada";"Simples";"Reta";"Rural";1;0;0;0;1;0;0;1