"id";"data_inversa";"dia_semana";"horario";"uf";"br";"km";"municipio";"causa_acidente";"tipo_acidente";"classificacao_acidente";"fase_dia";"sentido_via";"condicao_metereologica";"tipo_pista";"tracado_via";"uso_solo";"pessoas";"mortos";"feridos_leves";"feridos_graves";"ilesos";"ignorados";"feridos";"veiculos"
83486481;"01/08/16";"Segunda";"08:00:00";"BA";101;"178";"SAO GONCALO DOS CAMPOS";"Outras";"Saída de Pista";"Sem Vítimas";"Pleno dia";"Crescente";"Nublado";"Simples";"Reta";"Rural";1;0;0;0;1;0;0;1
83486482;"01/08/16";"Segunda";"15:30:00";"MT";163;"43,2";"ITIQUIRA";"Falta de atenção";"Colisão lateral";"Sem Vítimas";"Pleno dia";"Decrescente";"Ceu Claro";"Dupla";"Reta";"Rural";6;0;0;0;6;0;0;2
83486483;"01/08/16";"Segunda";"06:30:00";"CE";222;"4";"CAUCAIA";"Falta de atenção";"Colisão lateral";"Com Vítimas Feridas";"Pleno dia";"Decrescente";"Sol";"Múltipla";"Reta";"Urbano";2;0;1;0;1;0;1;2
83486484;"01/08/16";"Segunda";"14:40:00";"SC";116;"251";"LAGES";"Falta de atenção";"Colisão Transversal";"Com Vítimas Feridas";"Pleno dia";"Decrescente";"Ceu Claro";"Simples";"Reta";"Urbano";3;0;2;0;1;0;2;2
83486485;"01/08/16";"Segunda";"17:20:00";"RS";285;"338,2";"PASSO FUNDO";"Velocidade incompatível";"Saída de Pista";"Sem Vítimas";"Pleno dia";"Crescente";"Chuva";"Simples";"Reta";"Rural";1;0;0;0;1;0;0;1
83486486;"01/08/16";"Segunda";"07:00:00";"RO";364;"668";"PORTO VELHO";"Defeito na via";"Tombamento";"Sem Vítimas";"Amanhecer";"Crescente";"Ceu Claro";"Simples";"Reta";"Rural";1;0;0;0;1;0;0;1
83486487;"28/07/16";"Quinta";"18:30:00";"SC";101;"311,9";"LAGUNA";"Outras";"Colisão com bicicleta";"Com Vítimas Feridas";"Plena noite";"Decrescente";"Ceu Claro";"Simples";"Curva";"Urbano";2;0;1;1;0;0;2;2
83486488;"31/07/16";"Domingo";"20:00:00";"PA";230;"120";"MARABA";"Desobediência à sinalização";"Colisão frontal";"Com Vítimas Feridas";"Plena noite";"Decrescente";"Ceu Claro";"Múltipla";"Reta";"Urbano";2;0;0;1;1;0;1;2
83486489;"01/08/16";"Segunda";"12:40:00";"BA";324;"547";"AMELIA RODRIGUES";"Defeito mecânico em veículo";"Saída de Pista";"Sem Vítimas";"Pleno dia";"Crescente";"Nublado";"Dupla";"Reta";"Rural";1;0;0;0;1;0;0;1
83486490;"29/07/16";"Sexta";"04:45:00";"RS";290;"721";"URUGUAIANA";"Outras";"Saída de Pista";"Com Vítimas Feridas";"Plena noite";"Decrescente";"Ceu Claro";"Simples";"Cruzamento";"Urbano";2;0;1;1;0;0;2;1
83486491;"01/08/16";"Segunda";"14:40:00";"RJ";393;"285";"VOLTA REDONDA";"Outras";"Colisão lateral";"Com Vítimas Feridas";"Pleno dia";"Decrescente";"Ceu Claro";"Simples";"Reta";"Urbano";2;0;1;0;1;0;1;2
83486492;"01/08/16";"Segunda";"18:10:00";"BA";101;"263,5";"SANTO ANTONIO DE JESUS";"Falta de atenção";"Colisão Transversal";"Com Vítimas Feridas";"Pleno dia";"Crescente";"Ceu Claro";"Simples";"Cruzamento";"Urbano";2;0;1;0;1;0;1;2
83486493;"01/08/16";"Segunda";"17:30:00";"SC";282;"3,8";"SAO JOSE";"Falta de atenção";"Colisão lateral";"Com Vítimas Feridas";"Pleno dia";"Crescente";"Ceu Claro";"Dupla";"Reta";"Urbano";3;0;1;1;1;0;2;2
83486494;"01/08/16";"Segunda";"03:40:00";"SP";116;"273";"TABOAO DA SERRA";"Velocidade incompatível";"Colisão com objeto fixo";"Com Vítimas Feridas";"Plena noite";"Crescente";"Ceu Claro";"Dupla";"Reta";"Urbano";1;0;0;1;0;0;1;1
83486495;"01/08/16";"Segunda";"17:10:00";"GO";60;"97";"ANAPOLIS";"Falta de atenção";"Colisão lateral";"Sem Vítimas";"Pleno dia";"Crescente";"Ceu Claro";"Dupla";"Reta";"Urbano";2;0;0;0;2;0;0;2
83486496;"01/08/16";"Segunda";"09:10:00";"MT";174;"270";"PONTES E LACERDA";"Não guardar distância de segurança";"Colisão traseira";"Sem Vítimas";"Pleno dia";"Crescente";"Ceu Claro";"Simples";"Reta";"Rural";10;0;0;0;10;0;0;3
83486497;"01/08/16";"Segunda";"13:15:00";"PR";476;"129";"CURITIBA";"Outras";"Atropelamento de pessoa";"Com Vítimas Fatais";"Pleno dia";"Decrescente";"Ceu Claro";"Múltipla";"Curva";"Urbano";2;1;0;0;1;0;0;1
83486498;"01/08/16";"Segunda";"15:30:00";"MG";40;"524";"CONTAGEM";"Falta de atenção";"Queda de motocicleta / bicicleta / veículo";"Com Vítimas Feridas";"Pleno dia";"Decrescente";"Sol";"Dupla";"Reta";"Urbano";1;0;0;1;0;0;1;1
83486499;"30/07/16";"Sábado";"23:30:00";"PA";230;"114";"MARABA";"Ingestão de álcool";"Colisão frontal";"Com Vítimas Feridas";"Plena noite";"Crescente";"Ceu Claro";"Simples";"Reta";"Urbano";2;0;0;1;1;0;1;2
83486500;"22/06/16";"Quarta";"21:55:00";"SP";153;"39,6";"ONDA VERDE";"Falta de atenção";"Colisão Transversal";"Com Vítimas Feridas";"Plena noite";"Crescente";"Ceu Claro";"Simples";"Curva";"Rural";3;0;1;1;1;0;2;2
83486501;"01/08/16";"Segunda";"17:20:00";"BA";101;"666";"ITAPEBI";"Falta de atenção";"Saída de Pista";"Com Vítimas Feridas";"Anoitecer";"Crescente";"Nublado";"Simples";"Curva";"Rural";1;0;1;0;0;0;1;1
83486502;"01/08/16";"Segunda";"13:30:00";"SP";116;"278,6";"EMBU";"Falta de atenção";"Colisão lateral";"Com Vítimas Feridas";"Pleno dia";"Decrescente";"Sol";"Dupla";"Reta";"Urbano";2;0;0;1;1;0;1;2
83486503;"29/07/16";"Sexta";"04:50:00";"MG";40;"764";"JUIZ DE FORA";"Velocidade incompatível";"Colisão com objeto fixo";"Sem Vítimas";"Plena noite";"Decrescente";"Chuva";"Simples";"Reta";"Rural";1;0;0;0;1;0;0;1
83486504;"01/08/16";"Segunda";"18:25:00";"PE";428;"189,8";"PETROLINA";"Desobediência à sinalização";"Colisão frontal";"Com Vítimas Feridas";"Plena noite";"Decrescente";"Ceu Claro";"Simples";"Curva";"Urbano";2;0;1;0;1;0;1;2
83486505;"20/07/16";"Quarta";"17:20:00";"SC";101;"213";"PALHOCA";"Falta de atenção";"Colisão traseira";"Com Vítimas Feridas";"Pleno dia";"Decrescente";"Ceu Claro";"Dupla";"Reta";"Urbano";2;0;1;0;1;0;1;2
83486506;"01/08/16";"Segunda";"18:15:00";"BA";116;"428";"FEIRA DE SANTANA";"Falta de atenção";"Atropelamento de pessoa";"Com Vítimas Feridas";"Plena noite";"Decrescente";"Nublado";"Dupla";"Reta";"Rural";2;0;1;0;0;1;1;1
83486507;"01/08/16";"Segunda";"14:37:00";"AC";364;"124";"RIO BRANCO";"Falta de atenção";"Colisão lateral";"Com Vítimas Feridas";"Pleno dia";"Decrescente";"Ceu Claro";"Dupla";"Reta";"Urbano";2;0;1;0;1;0;1;2
83486508;"01/08/16";"Segunda";"16:30:00";"RS";290;"130,4";"ELDORADO DO SUL";"Desobediência à sinalização";"Colisão Transversal";"Sem Vítimas";"Pleno dia";"Crescente";"Nublado";"Simples";"Cruzamento";"Rural";2;0;0;0;2;0;0;2
83486510;"01/08/16";"Segunda";"15:00:00";"RS";471;"184,6";"RIO PARDO";"Outras";"Saída de Pista";"Com Vítimas Feridas";"Pleno dia";"Decrescente";"Ceu Claro";"Simples";"Reta";"Rural";6;0;3;0;3;0;3;2
83486511;"01/08/16";"Segunda";"15:15:00";"AC";364;"135";"RIO BRANCO";"Falta de atenção";"Saída de Pista";"Sem Vítimas";"Pleno dia";"Decrescente";"Ceu Claro";"Dupla";"Reta";"Urbano";1;0;0;0;1;0;0;1
83486512;"28/07/16";"Quinta";"18:10:00";"SP";116;"93,5";"PINDAMONHANGABA";"Ingestão de álcool";"Atropelamento de pessoa";"Com Vítimas Feridas";"Plena noite";"Decrescente";"Ceu Claro";"Dupla";"Reta";"Rural";2;0;0;1;1;0;1;1
83486513;"01/08/16";"Segunda";"09:45:00";"BA";110;"57,4";"JEREMOABO";"Falta de atenção";"Tombamento";"Sem Vítimas";"Pleno dia";"Decrescente";"Chuva";"Simples";"Reta";"Rural";1;0;0;0;1;0;0;1
83486514;"30/07/16";"Sábado";"16:30:00";"PR";277;"191";"PALMEIRA";"Ingestão de álcool";"Saída de Pista";"Sem Vítimas";"Pleno dia";"Crescente";"Ceu Claro";"Simples";"Reta";"Rural";1;0;0;0;1;0;0;1
83486515;"01/08/16";"Segunda";"11:00:00";"MS";359;"140";"ALCINOPOLIS";"Velocidade incompatível";"Colisão lateral";"Com Vítimas Feridas";"Plena noite";"Crescente";"Sol";"Simples";"Reta";"Rural";2;0;1;0;1;0;1;2
83486516;"01/08/16";"Segunda";"13:00:00";"PA";230;"97";"SAO DOMINGOS DO ARAGUAIA";"Falta de atenção";"Atropelamento de pessoa";"Com Vítimas Fatais";"Pleno dia";"Crescente";"Sol";"Simples";"Reta";"Rural";3;1;0;0;2;0;0;1
83486517;"01/08/16";"Segunda";"16:15:00";"MG";40;"828,4";"SIMAO PEREIRA";"Outras";"Tombamento";"Sem Vítimas";"Pleno dia";"Decrescente";"Ceu Claro";"Dupla";"Reta";"Urbano";1;0;0;0;1;0;0;1
83486518;"01/08/16";"Segunda";"14:50:00";"PR";369;"490";"CORBELIA";"Falta de atenção";"Colisão Transversal";"Com Vítimas Feridas";"Pleno dia";"Crescente";"Sol";"Simples";"Reta";"Rural";3;0;1;1;1;0;2;2
83486519;"20/07/16";"Quarta";"19:26:00";"SC";101;"213";"PALHOCA";"Falta de atenção";"Colisão Transversal";"Sem Vítimas";"Plena noite";"Decrescente";"Ceu Claro";"Dupla";"Reta";"Urbano";2;0;0;0;2;0;0;2
83486520;"01/08/16";"Segunda";"17:40:00";"PE";232;"51";"VITORIA DE SANTO ANTAO";"Outras";"Atropelamento de animal";"Sem Vítimas";"Anoitecer";"Crescente";"Ceu Claro";"Dupla";"Reta";"Rural";1;0;0;0;1;0;0;1
83486521;"01/08/16";"Segunda";"19:20:00";"ES";101;"377,2";"ICONHA";"Outras";"Colisão lateral";"Sem Vítimas";"Plena noite";"Decrescente";"Ceu Claro";"Simples";"Reta";"Urbano";2;0;0;0;2;0;0;2
83486522;"29/07/16";"Sexta";"07:00:00";"BA";324;"518";"FEIRA DE SANTANA";"Ultrapassagem indevida";"Capotamento";"Com Vítimas Feridas";"Amanhecer";"Crescente";"Ceu Claro";"Simples";"Curva";"Rural";1;0;1;0;0;0;1;1
83486523;"31/07/16";"Domingo";"18:30:00";"MT";163;"789";"VERA";"Ingestão de álcool";"Colisão traseira";"Sem Vítimas";"Plena noite";"Decrescente";"Ceu Claro";"Simples";"Reta";"Rural";2;0;0;0;2;0;0;2
83486524;"01/08/16";"Segunda";"17:40:00";"SC";101;"332,8";"TUBARAO";"Falta de atenção";"Colisão Transversal";"Com Vítimas Feridas";"Anoitecer";"Decrescente";"Nublado";"Simples";"Cruzamento";"Urbano";2;0;1;1;0;0;2;2
83486525;"01/08/16";"Segunda";"07:30:00";"SP";116;"274,3";"TABOAO DA SERRA";"Falta de atenção";"Colisão traseira";"Com Vítimas Feridas";"Pleno dia";"Decrescente";"Sol";"Dupla";"Reta";"Urbano";3;0;1;0;2;0;1;3
83486526;"01/08/16";"Segunda";"19:30:00";"GO";153;"501";"GOIANIA";"Outras";"Tombamento";"Com Vítimas Feridas";"Plena noite";"Crescente";"Ceu Claro";"Dupla";"Reta";"Urbano";2;0;1;0;1;0;1;1
83486527;"01/08/16";"Segunda";"12:40:00";"MG";251;"334,2";"FRUTA DE LEITE";"Velocidade incompatível";"Saída de Pista";"Sem Vítimas";"Pleno dia";"Decrescente";"Ceu Claro";"Simples";"Curva";"Rural";1;0;0;0;1;0;0;1
83486528;"01/08/16";"Segunda";"07:55:00";"SC";101;"336,4";"TUBARAO";"Falta de atenção";"Colisão traseira";"Sem Vítimas";"Pleno dia";"Crescente";"Sol";"Simples";"Reta";"Urbano";3;0;0;0;3;0;0;3
83486529;"01/08/16";"Segunda";"18:45:00";"PR";153;"40,8";"SANTO ANTONIO DA PLATINA";"Desobediência à sinalização";"Colisão lateral";"Com Vítimas Feridas";"Plena noite";"Decrescente";"Ceu Claro";"Simples";"Reta";"Urbano";3;0;1;0;2;0;1;2
83486530;"01/08/16";"Segunda";"18:15:00";"MT";70;"6";"BARRA DO GARCAS";"Defeito mecânico em veículo";"Queda de motocicleta / bicicleta / veículo";"Com Vítimas Feridas";"Plena noite";"Decrescente";"Ceu Claro";"Dupla";"Reta";"Urbano";2;0;2;0;0;0;2;1
83486531;"01/08/16";"Segunda";"18:00:00";"SC";470;"4,5";"NAVEGANTES";"Falta de atenção";"Colisão Transversal";"Com Vítimas Feridas";"Pleno dia";"Decrescente";"Nublado";"Simples";"Reta";"Rural";2;0;1;0;1;0;1;2
83486532;"01/08/16";"Segunda";"19:00:00";"MG";116;"407,8";"GOVERNADOR VALADARES";"Falta de atenção";"Colisão frontal";"Com Vítimas Feridas";"Plena noite";"Decrescente";"Ceu Claro";"Simples";"Reta";"Urbano";2;0;0;1;1;0;1;2
83486533;"29/07/16";"Sexta";"22:30:00";"SC";101;"345,5";"TUBARAO";"Falta de atenção";"Saída de Pista";"Com Vítimas Feridas";"Plena noite";"Decrescente";"Ceu Claro";"Dupla";"Curva";"Rural";1;0;1;0;0;0;1;1
83486534;"01/08/16";"Segunda";"07:10:00";"BA";324;"622";"SALVADOR";"Falta de atenção";"Colisão traseira";"Com Vítimas Feridas";"Pleno dia";"Decrescente";"Nublado";"Múltipla";"Reta";"Urbano";2;0;1;0;1;0;1;2
83486535;"01/08/16";"Segunda";"19:26:00";"GO";50;"281";"CATALAO";"Desobediência à sinalização";"Colisão Transversal";"Sem Vítimas";"Plena noite";"Crescente";"Ceu Claro";"Simples";"Reta";"Urbano";2;0;0;0;2;0;0;2
83486536;"31/07/16";"Domingo";"18:40:00";"MG";381;"501";"BETIM";"Não guardar distância de segurança";"Colisão traseira";"Com Vítimas Feridas";"Plena noite";"Decrescente";"Ceu Claro";"Dupla";"Reta";"Urbano";4;0;1;0;2;1;1;3
83486537;"01/08/16";"Segunda";"16:10:00";"RS";287;"255,1";"SANTA MARIA";"Outras";"Colisão frontal";"Com Vítimas Fatais";"Pleno dia";"Crescente";"Nublado";"Simples";"Reta";"Rural";4;1;0;0;3;0;0;3
83486538;"01/08/16";"Segunda";"14:40:00";"GO";452;"150,6";"GOIATUBA";"Falta de atenção";"Colisão Transversal";"Com Vítimas Feridas";"Pleno dia";"Crescente";"Ceu Claro";"Simples";"Reta";"Rural";2;0;1;0;1;0;1;2
83486539;"01/08/16";"Segunda";"17:20:00";"MG";262;"31,6";"MANHUACU";"Defeito na via";"Queda de motocicleta / bicicleta / veículo";"Com Vítimas Feridas";"Anoitecer";"Decrescente";"Nublado";"Simples";"Curva";"Rural";2;0;2;0;0;0;2;1
83486541;"13/07/16";"Quarta";"12:50:00";"RJ";116;"169";"SAO JOAO DE MERITI";"Outras";"Colisão traseira";"Com Vítimas Feridas";"Pleno dia";"Decrescente";"Ceu Claro";"Dupla";"Reta";"Urbano";3;0;2;0;1;0;2;3
83486542;"01/08/16";"Segunda";"18:45:00";"MT";70;"519";"VARZEA GRANDE";"Ultrapassagem indevida";"Colisão frontal";"Com Vítimas Feridas";"Anoitecer";"Crescente";"Ceu Claro";"Simples";"Reta";"Urbano";3;0;2;1;0;0;3;2
83486543;"01/08/16";"Segunda";"12:30:00";"RJ";101;"176";"MACAE";"Outras";"Tombamento";"Com Vítimas Feridas";"Pleno dia";"Crescente";"Ceu Claro";"Simples";"Reta";"Rural";1;0;1;0;0;0;1;1
83486544;"01/08/16";"Segunda";"14:00:00";"PA";316;"10";"MARITUBA";"Falta de atenção";"Atropelamento de pessoa";"Com Vítimas Feridas";"Pleno dia";"Crescente";"Sol";"Dupla";"Reta";"Urbano";2;0;1;0;1;0;1;1
83486545;"01/08/16";"Segunda";"19:00:00";"SC";282;"383";"JOACABA";"Outras";"Queda de motocicleta / bicicleta / veículo";"Com Vítimas Feridas";"Plena noite";"Decrescente";"Ceu Claro";"Simples";"Curva";"Urbano";2;0;1;0;0;1;1;2
83486546;"01/08/16";"Segunda";"17:30:00";"PR";153;"112";"IBAITI";"Desobediência à sinalização";"Saída de Pista";"Com Vítimas Feridas";"Anoitecer";"Decrescente";"Ceu Claro";"Simples";"Curva";"Rural";2;0;2;0;0;0;2;1
83486547;"25/07/16";"Segunda";"09:10:00";"SC";282;"0,5";"FLORIANOPOLIS";"Falta de atenção";"Colisão traseira";"Com Vítimas Feridas";"Pleno dia";"Crescente";"Sol";"Dupla";"Reta";"Urbano";4;0;0;1;3;0;1;4
83486549;"01/08/16";"Segunda";"19:20:00";"PB";230;"36";"SANTA RITA";"Outras";"Colisão traseira";"Com Vítimas Feridas";"Plena noite";"Decrescente";"Chuva";"Dupla";"Reta";"Urbano";2;0;1;0;0;1;1;2
83486550;"31/07/16";"Domingo";"21:30:00";"MG";381;"516";"IGARAPE";"Velocidade incompatível";"Saída de Pista";"Com Vítimas Feridas";"Plena noite";"Decrescente";"Ceu Claro";"Dupla";"Curva";"Rural";2;0;2;0;0;0;2;1
83486551;"01/08/16";"Segunda";"02:00:00";"MG";116;"222";"CATUJI";"Outras";"Tombamento";"Sem Vítimas";"Plena noite";"Crescente";"Nevoeiro/neblina";"Simples";"Curva";"Rural";1;0;0;0;1;0;0;1
83486552;"01/08/16";"Segunda";"18:45:00";"PI";404;"19,2";"PIRIPIRI";"Ingestão de álcool";"Atropelamento de pessoa";"Com Vítimas Feridas";"Plena noite";"Crescente";"Ceu Claro";"Simples";"Curva";"Rural";3;0;0;3;0;0;3;1
83486553;"29/07/16";"Sexta";"16:20:00";"SP";116;"54";"LORENA";"Falta de atenção";"Colisão lateral";"Com Vítimas Feridas";"Pleno dia";"Crescente";"Nublado";"Dupla";"Reta";"Rural";2;0;1;0;1;0;1;2
83486554;"20/07/16";"Quarta";"17:30:00";"BA";324;"520";"FEIRA DE SANTANA";"Outras";"Colisão traseira";"Sem Vítimas";"Anoitecer";"Decrescente";"Ceu Claro";"Dupla";"Reta";"Urbano";3;0;0;0;3;0;0;3
83486555;"01/08/16";"Segunda";"09:30:00";"SC";101;"412,1";"ARARANGUA";"Outras";"Colisão traseira";"Sem Vítimas";"Pleno dia";"Decrescente";"Sol";"Dupla";"Reta";"Rural";2;0;0;0;2;0;0;2
83486556;"29/07/16";"Sexta";"06:10:00";"DF";20;"13";"BRASILIA";"Falta de atenção";"Capotamento";"Sem Vítimas";"Amanhecer";"Crescente";"Ceu Claro";"Dupla";"Reta";"Rural";1;0;0;0;1;0;0;1
83486557;"01/08/16";"Segunda";"13:00:00";"MA";10;"292";"IMPERATRIZ";"Outras";"Saída de Pista";"Com Vítimas Feridas";"Pleno dia";"Decrescente";"Ceu Claro";"Simples";"Reta";"Rural";1;0;1;0;0;0;1;1
83486558;"28/07/16";"Quinta";"14:45:00";"SC";280;"241,2";"CANOINHAS";"Não guardar distância de segurança";"Colisão traseira";"Com Vítimas Feridas";"Pleno dia";"Crescente";"Ceu Claro";"Simples";"Reta";"Rural";2;0;1;0;0;1;1;2
83486559;"01/08/16";"Segunda";"00:40:00";"MG";262;"368,5";"JUATUBA";"Velocidade incompatível";"Saída de Pista";"Com Vítimas Fatais";"Plena noite";"Crescente";"Ceu Claro";"Dupla";"Reta";"Rural";1;1;0;0;0;0;0;1
83486560;"01/08/16";"Segunda";"12:00:00";"MG";40;"468";"SETE LAGOAS";"Falta de atenção";"Colisão Transversal";"Com Vítimas Feridas";"Pleno dia";"Crescente";"Ceu Claro";"Dupla";"Reta";"Rural";3;0;1;0;2;0;1;2
83486561;"01/08/16";"Segunda";"13:40:00";"MT";158;"556,4";"AGUA BOA";"Outras";"Tombamento";"Sem Vítimas";"Pleno dia";"Decrescente";"Sol";"Simples";"Reta";"Rural";2;0;0;0;2;0;0;1
83486562;"01/08/16";"Segunda";"22:00:00";"PR";277;"726,1";"FOZ DO IGUACU";"Desobediência à sinalização";"Colisão Transversal";"Com Vítimas Feridas";"Plena noite";"Crescente";"Ceu Claro";"Dupla";"Cruzamento";"Urbano";3;0;1;1;0;1;2;2
83486563;"01/08/16";"Segunda";"09:50:00";"SC";280;"240";"CANOINHAS";"Ultrapassagem indevida";"Saída de Pista";"Com Vítimas Feridas";"Pleno dia";"Decrescente";"Ceu Claro";"Simples";"Reta";"Rural";2;0;1;0;1;0;1;1
83486564;"01/08/16";"Segunda";"18:45:00";"RO";364;"337,9";"JI-PARANA";"Falta de atenção";"Colisão Transversal";"Com Vítimas Feridas";"Plena noite";"Decrescente";"Ceu Claro";"Simples";"Reta";"Urbano";2;0;2;0;0;0;2;2
83486565;"01/08/16";"Segunda";"13:00:00";"RJ";116;"129";"MAGE";"Outras";"Queda de motocicleta / bicicleta / veículo";"Com Vítimas Feridas";"Pleno dia";"Crescente";"Ceu Claro";"Dupla";"Reta";"Rural";1;0;1;0;0;0;1;1
83486566;"01/08/16";"Segunda";"16:30:00";"SC";116;"256,5";"CAPAO ALTO";"Defeito mecânico em veículo";"Queda de motocicleta / bicicleta / veículo";"Com Vítimas Feridas";"Pleno dia";"Decrescente";"Ceu Claro";"Simples";"Curva";"Rural";2;0;2;0;0;0;2;1
83486568;"30/07/16";"Sábado";"03:45:00";"SP";116;"68,6";"APARECIDA";"Outras";"Atropelamento de pessoa";"Com Vítimas Fatais";"Plena noite";"Decrescente";"Nublado";"Dupla";"Curva";"Urbano";3;1;0;0;0;2;0;2
83486569;"24/07/16";"Domingo";"17:00:00";"SC";101;"240";"PALHOCA";"Outras";"Capotamento";"Sem Vítimas";"Pleno dia";"Crescente";"Ceu Claro";"Simples";"Curva";"Urbano";1;0;0;0;1;0;0;1
83486570;"29/07/16";"Sexta";"05:30:00";"MG";40;"731,1";"OLIVEIRA FORTES";"Outras";"Colisão com objeto fixo";"Sem Vítimas";"Plena noite";"Crescente";"Nublado";"Dupla";"Reta";"Rural";1;0;0;0;1;0;0;1
83486571;"01/08/16";"Segunda";"14:40:00";"PR";153;"84,5";"CONSELHEIRO MAIRINCK";"Outras";"Saída de Pista";"Com Vítimas Fatais";"Pleno dia";"Crescente";"Sol";"Simples";"Reta";"Rural";4;2;1;1;0;0;2;1
83486572;"01/08/16";"Segunda";"18:45:00";"RN";110;"49,2";"MOSSORO";"Falta de atenção";"Colisão frontal";"Com Vítimas Feridas";"Plena noite";"Crescente";"Ceu Claro";"Dupla";"Reta";"Urbano";2;0;1;0;1;0;1;2
83486573;"27/07/16";"Quarta";"00:20:00";"MG";116;"155,3";"PONTO DOS VOLANTES";"Dormindo";"Saída de Pista";"Com Vítimas Feridas";"Plena noite";"Crescente";"Ceu Claro";"Simples";"Curva";"Rural";3;0;3;0;0;0;3;1
83486574;"01/08/16";"Segunda";"05:30:00";"AL";101;"21";"JOAQUIM GOMES";"Outras";"Saída de Pista";"Com Vítimas Feridas";"Amanhecer";"Decrescente";"Nublado";"Simples";"Curva";"Rural";2;0;2;0;0;0;2;1
83486575;"27/07/16";"Quarta";"19:15:00";"SP";116;"65,5";"GUARATINGUETA";"Outras";"Colisão traseira";"Com Vítimas Feridas";"Plena noite";"Crescente";"Nublado";"Dupla";"Curva";"Rural";3;0;2;0;1;0;2;2
83486576;"01/08/16";"Segunda";"19:00:00";"SP";153;"54,3";"SAO JOSE DO RIO PRETO";"Não guardar distância de segurança";"Colisão traseira";"Com Vítimas Feridas";"Plena noite";"Decrescente";"Ceu Claro";"Simples";"Reta";"Rural";2;0;1;0;0;1;1;2
83486577;"01/08/16";"Segunda";"18:30:00";"MA";135;"240,1";"PERITORO";"Animais na Pista";"Colisão frontal";"Com Vítimas Fatais";"Plena noite";"Crescente";"Ceu Claro";"Simples";"Reta";"Rural";7;1;1;4;1;0;5;2
83486578;"01/08/16";"Segunda";"23:20:00";"PR";376;"168";"MARINGA";"Animais na Pista";"Atropelamento de animal";"Com Vítimas Feridas";"Plena noite";"Decrescente";"Ceu Claro";"Dupla";"Reta";"Rural";1;0;1;0;0;0;1;1
83486579;"28/07/16";"Quinta";"23:50:00";"SC";101;"133";"BALNEARIO CAMBORIU";"Outras";"Tombamento";"Sem Vítimas";"Plena noite";"Crescente";"Ceu Claro";"Dupla";"Reta";"Urbano";1;0;0;0;1;0;0;1
83486580;"01/08/16";"Segunda";"18:00:00";"RJ";101;"318";"SAO GONCALO";"Outras";"Colisão traseira";"Com Vítimas Feridas";"Anoitecer";"Decrescente";"Ignorada";"Dupla";"Reta";"Rural";3;0;1;0;2;0;1;3
83486581;"01/08/16";"Segunda";"22:00:00";"MG";381;"649,2";"SANTO ANTONIO DO AMPARO";"Falta de atenção";"Colisão lateral";"Sem Vítimas";"Plena noite";"Crescente";"Ignorada";"Dupla";"Reta";"Rural";2;0;0;0;2;0;0;2
83486582;"01/08/16";"Segunda";"22:30:00";"RS";293;"97,9";"PINHEIRO MACHADO";"Defeito mecânico em veículo";"Incêndio";"Sem Vítimas";"Plena noite";"Crescente";"Nublado";"Simples";"Reta";"Rural";1;0;0;0;1;0;0;1
83486583;"02/08/16";"Terça";"00:15:00";"RS";290;"80";"GRAVATAI";"Animais na Pista";"Atropelamento de animal";"Com Vítimas Feridas";"Plena noite";"Decrescente";"Nublado";"Múltipla";"Reta";"Rural";2;0;2;0;0;0;2;1
83486585;"01/08/16";"Segunda";"09:00:00";"PA";230;"110";"MARABA";"Falta de atenção";"Tombamento";"Com Vítimas Feridas";"Pleno dia";"Decrescente";"Sol";"Simples";"Reta";"Rural";1;0;1;0;0;0;1;1
83486586;"01/08/16";"Segunda";"14:40:00";"RJ";40;"73";"PETROPOLIS";"Outras";"Tombamento";"Com Vítimas Fatais";"Pleno dia";"Decrescente";"Ceu Claro";"Dupla";"Curva";"Urbano";1;1;0;0;0;0;0;1
83486587;"01/08/16";"Segunda";"19:00:00";"ES";101;"150";"LINHARES";"Ingestão de álcool";"Atropelamento de pessoa";"Com Vítimas Feridas";"Plena noite";"Decrescente";"Nublado";"Simples";"Curva";"Urbano";2;0;0;1;0;1;1;1
83486588;"01/08/16";"Segunda";"23:40:00";"GO";60;"226";"CEZARINA";"Velocidade incompatível";"Saída de Pista";"Com Vítimas Feridas";"Plena noite";"Decrescente";"Ceu Claro";"Dupla";"Reta";"Rural";1;0;0;1;0;0;1;1
83486589;"02/08/16";"Terça";"00:50:00";"SP";116;"459,9";"PARIQUERA-ACU";"Dormindo";"Tombamento";"Sem Vítimas";"Plena noite";"Crescente";"Nublado";"Simples";"Reta";"Rural";1;0;0;0;1;0;0;1
83486590;"01/08/16";"Segunda";"23:40:00";"MS";163;"258";"DOURADOS";"Outras";"Queda de motocicleta / bicicleta / veículo";"Com Vítimas Feridas";"Plena noite";"Decrescente";"Ceu Claro";"Dupla";"Curva";"Urbano";1;0;1;0;0;0;1;1
83486591;"01/08/16";"Segunda";"17:55:00";"RJ";101;"319";"SAO GONCALO";"Outras";"Atropelamento de pessoa";"Com Vítimas Feridas";"Anoitecer";"Decrescente";"Ceu Claro";"Dupla";"Curva";"Urbano";2;0;0;1;1;0;1;1