"id";"data_inversa";"dia_semana";"horario";"uf";"br";"km";"municipio";"causa_acidente";"tipo_acidente";"classificacao_acidente";"fase_dia";"sentido_via";"condicao_metereologica";"tipo_pista";"tracado_via";"uso_solo";"pessoas";"mortos";"feridos_leves";"feridos_graves";"ilesos";"ignorados";"feridos";"veiculos"
83486924;"01/08/16";"Segunda";"21:00:00";"SP";116;"216";"GUARULHOS";"Falta de atenção";"Capotamento";"Com Vítimas Feridas";"Plena noite";"Crescente";"Ceu Claro";"Múltipla";"Reta";"Urbano";1;0;1;0;0;0;1;1
83486925;"03/08/16";"Quarta";"08:30:00";"SC";282;"54,1";"RANCHO QUEIMADO";"Velocidade incompatível";"Saída de Pista";"Com Vítimas Feridas";"Pleno dia";"Decrescente";"Chuva";"Múltipla";"Curva";"Rural";1;0;1;0;0;0;1;1
83486926;"24/06/16";"Sexta";"22:00:00";"PR";277;"4";"FOZ DO IGUACU";"Ingestão de álcool";"Capotamento";"Com Vítimas Feridas";"Pleno dia";"Decrescente";"Ceu Claro";"Dupla";"Reta";"Urbano";2;0;2;0;0;0;2;1
83486927;"01/08/16";"Segunda";"10:30:00";"MG";356;"266,7";"MURIAE";"Ultrapassagem indevida";"Queda de motocicleta / bicicleta / veículo";"Com Vítimas Feridas";"Pleno dia";"Crescente";"Ceu Claro";"Simples";"Reta";"Urbano";1;0;0;1;0;0;1;1
83486928;"31/07/16";"Domingo";"06:20:00";"PR";467;"96,5";"CASCAVEL";"Ingestão de álcool";"Saída de Pista";"Com Vítimas Feridas";"Amanhecer";"Decrescente";"Ceu Claro";"Dupla";"Reta";"Rural";5;0;3;2;0;0;5;1
83486929;"03/08/16";"Quarta";"08:40:00";"SC";101;"17,5";"JOINVILLE";"Velocidade incompatível";"Colisão com objeto fixo";"Sem Vítimas";"Plena noite";"Decrescente";"Chuva";"Dupla";"Reta";"Urbano";1;0;0;0;1;0;0;1
83486930;"01/08/16";"Segunda";"05:30:00";"BA";324;"588,9";"CANDEIAS";"Não guardar distância de segurança";"Colisão traseira";"Com Vítimas Feridas";"Amanhecer";"Crescente";"Nublado";"Dupla";"Reta";"Rural";5;0;2;0;3;0;2;2
83486931;"31/07/16";"Domingo";"00:30:00";"PI";343;"603";"FLORIANO";"Falta de atenção";"Colisão lateral";"Com Vítimas Feridas";"Plena noite";"Crescente";"Ceu Claro";"Simples";"Curva";"Urbano";3;0;1;2;0;0;3;2
83486932;"02/08/16";"Terça";"19:50:00";"PA";10;"46";"ULIANOPOLIS";"Falta de atenção";"Colisão lateral";"Com Vítimas Feridas";"Anoitecer";"Decrescente";"Ceu Claro";"Simples";"Reta";"Rural";2;0;0;1;1;0;1;2
83486934;"02/08/16";"Terça";"19:00:00";"GO";80;"180";"ALTO HORIZONTE";"Ingestão de álcool";"Colisão frontal";"Com Vítimas Fatais";"Anoitecer";"Crescente";"Ceu Claro";"Simples";"Reta";"Rural";3;1;1;1;0;0;2;2
83486935;"30/07/16";"Sábado";"06:45:00";"RJ";101;"236";"SILVA JARDIM";"Outras";"Colisão Transversal";"Sem Vítimas";"Pleno dia";"Crescente";"Ceu Claro";"Simples";"Reta";"Rural";5;0;0;0;5;0;0;2
83486936;"03/08/16";"Quarta";"07:30:00";"MG";40;"532";"BELO HORIZONTE";"Falta de atenção";"Atropelamento de pessoa";"Com Vítimas Feridas";"Pleno dia";"Crescente";"Nublado";"Dupla";"Reta";"Urbano";3;0;2;0;0;1;2;1
83486937;"31/07/16";"Domingo";"21:30:00";"AP";156;"418,1";"TARTARUGALZINHO";"Outras";"Colisão Transversal";"Com Vítimas Fatais";"Plena noite";"Crescente";"Ceu Claro";"Simples";"Curva";"Urbano";2;1;0;0;0;1;0;2
83486938;"31/07/16";"Domingo";"20:35:00";"MG";262;"11,3";"MARTINS SOARES";"Falta de atenção";"Colisão Transversal";"Sem Vítimas";"Plena noite";"Crescente";"Nublado";"Simples";"Reta";"Rural";3;0;0;0;3;0;0;3
83486939;"31/01/16";"Domingo";"00:05:00";"MG";40;"775,4";"JUIZ DE FORA";"Animais na Pista";"Atropelamento de animal";"Sem Vítimas";"Plena noite";"Decrescente";"Ceu Claro";"Dupla";"Reta";"Rural";1;0;0;0;1;0;0;1
83486940;"03/08/16";"Quarta";"08:45:00";"SC";101;"138,6";"BALNEARIO CAMBORIU";"Velocidade incompatível";"Capotamento";"Com Vítimas Feridas";"Pleno dia";"Crescente";"Chuva";"Dupla";"Curva";"Rural";1;0;1;0;0;0;1;1
83486942;"29/07/16";"Sexta";"10:00:00";"PI";343;"42,3";"BURITI DOS LOPES";"Falta de atenção";"Colisão com objeto fixo";"Com Vítimas Feridas";"Pleno dia";"Decrescente";"Sol";"Simples";"Curva";"Rural";1;0;1;0;0;0;1;1
83486943;"30/07/16";"Sábado";"05:50:00";"MT";70;"52,5";"BARRA DO GARCAS";"Outras";"Capotamento";"Sem Vítimas";"Plena noite";"Crescente";"Ceu Claro";"Simples";"Reta";"Rural";2;0;0;0;2;0;0;1
83486944;"31/07/16";"Domingo";"21:10:00";"PA";230;"116";"MARABA";"Desobediência à sinalização";"Colisão frontal";"Com Vítimas Feridas";"Plena noite";"Decrescente";"Ceu Claro";"Múltipla";"Reta";"Urbano";2;0;0;1;1;0;1;2
83486945;"30/07/16";"Sábado";"16:00:00";"RJ";116;"195";"QUEIMADOS";"Falta de atenção";"Colisão lateral";"Sem Vítimas";"Pleno dia";"Crescente";"Ceu Claro";"Múltipla";"Reta";"Urbano";2;0;0;0;2;0;0;2
83486947;"01/08/16";"Segunda";"20:15:00";"GO";153;"384,4";"SAO FRANCISCO DE GOIAS";"Ultrapassagem indevida";"Colisão traseira";"Com Vítimas Feridas";"Plena noite";"Decrescente";"Ceu Claro";"Simples";"Reta";"Rural";6;0;4;0;2;0;4;2
83486948;"02/08/16";"Terça";"13:20:00";"MS";163;"637,5";"SAO GABRIEL DO OESTE";"Defeito mecânico em veículo";"Incêndio";"Sem Vítimas";"Pleno dia";"Decrescente";"Ceu Claro";"Dupla";"Curva";"Rural";1;0;0;0;1;0;0;1
83486950;"30/07/16";"Sábado";"18:00:00";"RJ";40;"25,5";"TRES RIOS";"Falta de atenção";"Colisão com objeto fixo";"Com Vítimas Feridas";"Plena noite";"Decrescente";"Ceu Claro";"Dupla";"Reta";"Rural";3;0;1;0;1;1;1;2
83486951;"30/07/16";"Sábado";"11:50:00";"PB";104;"150,6";"QUEIMADAS";"Falta de atenção";"Queda de motocicleta / bicicleta / veículo";"Com Vítimas Feridas";"Pleno dia";"Decrescente";"Nublado";"Simples";"Reta";"Rural";2;0;0;2;0;0;2;1
83486952;"30/07/16";"Sábado";"17:50:00";"MG";381;"853,8";"POUSO ALEGRE";"Velocidade incompatível";"Colisão traseira";"Com Vítimas Feridas";"Plena noite";"Decrescente";"Ceu Claro";"Dupla";"Reta";"Rural";3;0;1;1;1;0;2;2
83486953;"03/08/16";"Quarta";"09:20:00";"PR";376;"181,5";"MARINGA";"Defeito mecânico em veículo";"Queda de motocicleta / bicicleta / veículo";"Com Vítimas Feridas";"Pleno dia";"Decrescente";"Ceu Claro";"Dupla";"Reta";"Urbano";1;0;1;0;0;0;1;1
83486954;"31/07/16";"Domingo";"05:00:00";"PR";376;"656";"TIJUCAS DO SUL";"Dormindo";"Saída de Pista";"Com Vítimas Feridas";"Plena noite";"Crescente";"Nevoeiro/neblina";"Dupla";"Reta";"Rural";2;0;1;1;0;0;2;1
83486955;"03/08/16";"Quarta";"09:00:00";"SC";470;"196,1";"POUSO REDONDO";"Velocidade incompatível";"Capotamento";"Com Vítimas Feridas";"Pleno dia";"Decrescente";"Nevoeiro/neblina";"Simples";"Curva";"Rural";1;0;0;1;0;0;1;1
83486956;"03/08/16";"Quarta";"09:30:00";"MT";70;"730,6";"CACERES";"Outras";"Queda de motocicleta / bicicleta / veículo";"Com Vítimas Feridas";"Pleno dia";"Crescente";"Ceu Claro";"Simples";"Reta";"Urbano";1;0;0;1;0;0;1;1
83486958;"02/08/16";"Terça";"23:00:00";"PE";408;"100";"SAO LOURENCO DA MATA";"Desobediência à sinalização";"Colisão Transversal";"Com Vítimas Feridas";"Plena noite";"Crescente";"Ceu Claro";"Dupla";"Curva";"Rural";2;0;1;0;1;0;1;2
83486959;"01/08/16";"Segunda";"18:30:00";"BA";101;"817";"ITAMARAJU";"Velocidade incompatível";"Tombamento";"Sem Vítimas";"Plena noite";"Crescente";"Chuva";"Simples";"Curva";"Rural";1;0;0;0;1;0;0;1
83486960;"03/08/16";"Quarta";"10:10:00";"SC";101;"96,9";"PICARRAS";"Defeito mecânico em veículo";"Colisão traseira";"Sem Vítimas";"Pleno dia";"Decrescente";"Nublado";"Dupla";"Reta";"Rural";2;0;0;0;2;0;0;2
83486961;"29/07/16";"Sexta";"21:50:00";"SP";116;"280";"EMBU";"Velocidade incompatível";"Colisão traseira";"Sem Vítimas";"Plena noite";"Crescente";"Ceu Claro";"Dupla";"Reta";"Urbano";2;0;0;0;2;0;0;2
83486962;"03/08/16";"Quarta";"06:45:00";"PR";369;"155";"LONDRINA";"Desobediência à sinalização";"Colisão Transversal";"Com Vítimas Feridas";"Amanhecer";"Crescente";"Ceu Claro";"Dupla";"Reta";"Urbano";2;0;0;1;1;0;1;2
83486963;"03/08/16";"Quarta";"06:30:00";"MG";381;"487";"BETIM";"Outras";"Colisão traseira";"Com Vítimas Feridas";"Pleno dia";"Crescente";"Nublado";"Múltipla";"Reta";"Urbano";6;0;2;2;2;0;4;2
83486964;"03/08/16";"Quarta";"11:37:00";"RJ";356;"65,7";"ITAPERUNA";"Velocidade incompatível";"Colisão frontal";"Com Vítimas Feridas";"Pleno dia";"Crescente";"Ceu Claro";"Simples";"Curva";"Rural";6;0;2;0;4;0;2;2
83486965;"03/08/16";"Quarta";"08:45:00";"GO";50;"173,9";"CAMPO ALEGRE DE GOIAS";"Falta de atenção";"Colisão Transversal";"Com Vítimas Feridas";"Pleno dia";"Decrescente";"Sol";"Simples";"Reta";"Rural";2;0;0;1;1;0;1;2
83486966;"03/08/16";"Quarta";"09:30:00";"PE";232;"195,2";"SANHARO";"Outras";"Tombamento";"Sem Vítimas";"Pleno dia";"Decrescente";"Ceu Claro";"Simples";"Reta";"Urbano";1;0;0;0;1;0;0;1
83486967;"03/08/16";"Quarta";"08:00:00";"RS";285;"408,3";"PANAMBI";"Dormindo";"Saída de Pista";"Com Vítimas Feridas";"Pleno dia";"Crescente";"Ceu Claro";"Simples";"Reta";"Urbano";1;0;1;0;0;0;1;1
83486968;"29/07/16";"Sexta";"18:40:00";"RR";174;"487";"BOA VISTA";"Falta de atenção";"Atropelamento de pessoa";"Com Vítimas Feridas";"Plena noite";"Decrescente";"Ceu Claro";"Simples";"Reta";"Rural";2;0;1;0;0;1;1;1
83486969;"31/07/16";"Domingo";"04:40:00";"PR";116;"147";"MANDIRITUBA";"Outras";"Saída de Pista";"Ignorado";"Plena noite";"Crescente";"Ceu Claro";"Simples";"Reta";"Rural";1;0;0;0;0;1;0;1
83486970;"03/08/16";"Quarta";"09:00:00";"PA";230;"109";"MARABA";"Falta de atenção";"Colisão lateral";"Sem Vítimas";"Pleno dia";"Decrescente";"Sol";"Simples";"Reta";"Urbano";2;0;0;0;2;0;0;2
83486971;"03/08/16";"Quarta";"10:20:00";"SP";116;"298,8";"SAO LOURENCO DA SERRA";"Não guardar distância de segurança";"Colisão traseira";"Sem Vítimas";"Pleno dia";"Decrescente";"Ceu Claro";"Múltipla";"Reta";"Rural";3;0;0;0;3;0;0;3
83486972;"03/08/16";"Quarta";"11:40:00";"RJ";116;"228";"PIRAI";"Outras";"Colisão lateral";"Com Vítimas Feridas";"Pleno dia";"Decrescente";"Chuva";"Dupla";"Curva";"Rural";3;0;1;0;2;0;1;2
83486973;"03/08/16";"Quarta";"11:45:00";"PR";277;"232,3";"IRATI";"Falta de atenção";"Colisão Transversal";"Com Vítimas Feridas";"Pleno dia";"Crescente";"Nublado";"Simples";"Reta";"Urbano";2;0;1;1;0;0;2;2
83486974;"03/08/16";"Quarta";"13:25:00";"RS";386;"382,5";"TABAI";"Dormindo";"Saída de Pista";"Sem Vítimas";"Pleno dia";"Crescente";"Sol";"Dupla";"Reta";"Rural";1;0;0;0;1;0;0;1
83486975;"30/07/16";"Sábado";"22:00:00";"MG";40;"300";"TRES MARIAS";"Velocidade incompatível";"Tombamento";"Sem Vítimas";"Plena noite";"Decrescente";"Ceu Claro";"Simples";"Curva";"Rural";1;0;0;0;1;0;0;1
83486976;"30/07/16";"Sábado";"03:30:00";"SC";101;"330";"TUBARAO";"Ingestão de álcool";"Capotamento";"Com Vítimas Feridas";"Plena noite";"Decrescente";"Ceu Claro";"Dupla";"Reta";"Rural";1;0;1;0;0;0;1;1
83486977;"30/07/16";"Sábado";"23:30:00";"GO";70;"470";"ARAGARCAS";"Outras";"Colisão lateral";"Com Vítimas Feridas";"Plena noite";"Crescente";"Ceu Claro";"Dupla";"Reta";"Urbano";3;0;1;1;1;0;2;2
83486978;"30/07/16";"Sábado";"17:50:00";"SP";116;"145";"SAO JOSE DOS CAMPOS";"Ingestão de álcool";"Colisão traseira";"Sem Vítimas";"Anoitecer";"Crescente";"Ceu Claro";"Dupla";"Reta";"Urbano";2;0;0;0;2;0;0;2
83486979;"31/07/16";"Domingo";"05:30:00";"RJ";40;"38";"AREAL";"Dormindo";"Colisão com objeto fixo";"Com Vítimas Feridas";"Amanhecer";"Crescente";"Ceu Claro";"Dupla";"Curva";"Rural";3;0;1;0;2;0;1;1
83486980;"31/07/16";"Domingo";"20:15:00";"SP";116;"144";"SAO JOSE DOS CAMPOS";"Não guardar distância de segurança";"Saída de Pista";"Com Vítimas Feridas";"Plena noite";"Decrescente";"Ceu Claro";"Dupla";"Reta";"Rural";1;0;1;0;0;0;1;1
83486981;"03/08/16";"Quarta";"08:00:00";"GO";153;"496,9";"GOIANIA";"Outras";"Queda de motocicleta / bicicleta / veículo";"Com Vítimas Feridas";"Pleno dia";"Decrescente";"Ceu Claro";"Dupla";"Reta";"Urbano";1;0;1;0;0;0;1;1
83486982;"03/08/16";"Quarta";"12:00:00";"SC";116;"168,2";"SAO CRISTOVAO DO SUL";"Velocidade incompatível";"Saída de Pista";"Sem Vítimas";"Pleno dia";"Crescente";"Ceu Claro";"Simples";"Curva";"Rural";1;0;0;0;1;0;0;1
83486983;"31/07/16";"Domingo";"18:30:00";"AL";416;"12";"COLONIA LEOPOLDINA";"Outras";"Colisão com objeto fixo";"Com Vítimas Feridas";"Plena noite";"Decrescente";"Nublado";"Simples";"Curva";"Rural";2;0;0;2;0;0;2;1
83486984;"02/08/16";"Terça";"13:10:00";"TO";153;"134,2";"ARAGUAINA";"Falta de atenção";"Saída de Pista";"Sem Vítimas";"Pleno dia";"Decrescente";"Ceu Claro";"Simples";"Reta";"Urbano";1;0;0;0;1;0;0;1
83486985;"03/08/16";"Quarta";"09:15:00";"SE";101;"68,7";"MARUIM";"Não guardar distância de segurança";"Colisão traseira";"Sem Vítimas";"Pleno dia";"Crescente";"Nublado";"Simples";"Reta";"Rural";3;0;0;0;3;0;0;3
83486986;"03/08/16";"Quarta";"07:45:00";"PR";476;"151,1";"ARAUCARIA";"Falta de atenção";"Queda de motocicleta / bicicleta / veículo";"Com Vítimas Fatais";"Pleno dia";"Decrescente";"Nublado";"Dupla";"Reta";"Urbano";2;1;0;0;1;0;0;2
83486987;"03/08/16";"Quarta";"07:10:00";"PE";232;"9";"JABOATAO DOS GUARARAPES";"Outras";"Colisão Transversal";"Com Vítimas Feridas";"Pleno dia";"Decrescente";"Nublado";"Dupla";"Reta";"Urbano";4;0;2;0;1;1;2;2
83486988;"03/08/16";"Quarta";"12:15:00";"MS";163;"253,8";"DOURADOS";"Defeito mecânico em veículo";"Queda de motocicleta / bicicleta / veículo";"Com Vítimas Feridas";"Pleno dia";"Decrescente";"Sol";"Dupla";"Reta";"Urbano";1;0;1;0;0;0;1;1
83486989;"03/08/16";"Quarta";"11:15:00";"SE";101;"8,7";"CEDRO DE SAO JOAO";"Outras";"Derramamento de Carga";"Sem Vítimas";"Pleno dia";"Decrescente";"Chuva";"Simples";"Reta";"Rural";1;0;0;0;1;0;0;1
83486990;"30/07/16";"Sábado";"14:35:00";"PE";104;"15,9";"TAQUARITINGA DO NORTE";"Outras";"Colisão lateral";"Com Vítimas Feridas";"Pleno dia";"Decrescente";"Chuva";"Simples";"Reta";"Rural";3;0;0;1;2;0;1;2
83486991;"03/08/16";"Quarta";"12:30:00";"MG";116;"773,1";"LEOPOLDINA";"Desobediência à sinalização";"Colisão Transversal";"Com Vítimas Feridas";"Pleno dia";"Crescente";"Sol";"Simples";"Reta";"Rural";3;0;2;0;1;0;2;2
83486992;"03/08/16";"Quarta";"14:30:00";"MG";381;"495";"BETIM";"Não guardar distância de segurança";"Colisão traseira";"Sem Vítimas";"Pleno dia";"Crescente";"Ceu Claro";"Dupla";"Reta";"Urbano";2;0;0;0;2;0;0;2
83486993;"03/08/16";"Quarta";"13:40:00";"SC";101;"57,8";"ARAQUARI";"Defeito mecânico em veículo";"Saída de Pista";"Com Vítimas Feridas";"Pleno dia";"Decrescente";"Nublado";"Dupla";"Curva";"Rural";1;0;1;0;0;0;1;1
83486996;"03/08/16";"Quarta";"11:30:00";"MT";70;"728";"CACERES";"Velocidade incompatível";"Colisão traseira";"Com Vítimas Feridas";"Pleno dia";"Crescente";"Ceu Claro";"Simples";"Reta";"Urbano";2;0;0;1;1;0;1;2
83486997;"03/08/16";"Quarta";"14:10:00";"PR";369;"88";"CORNELIO PROCOPIO";"Falta de atenção";"Atropelamento de pessoa";"Com Vítimas Feridas";"Pleno dia";"Decrescente";"Ceu Claro";"Dupla";"Curva";"Urbano";2;0;1;0;0;1;1;1
83486998;"03/08/16";"Quarta";"10:40:00";"MG";135;"403";"BOCAIUVA";"Velocidade incompatível";"Capotamento";"Com Vítimas Feridas";"Pleno dia";"Crescente";"Chuva";"Simples";"Curva";"Rural";5;0;5;0;0;0;5;1
83486999;"03/08/16";"Quarta";"13:55:00";"PE";101;"65";"RECIFE";"Outras";"Colisão traseira";"Com Vítimas Feridas";"Pleno dia";"Decrescente";"Sol";"Múltipla";"Reta";"Urbano";2;0;1;0;1;0;1;2
83487000;"09/05/16";"Segunda";"22:45:00";"ES";262;"191,9";"IUNA";"Desobediência à sinalização";"Colisão frontal";"Com Vítimas Fatais";"Plena noite";"Decrescente";"Ceu Claro";"Simples";"Reta";"Rural";4;1;0;1;2;0;1;3
83487001;"31/07/16";"Domingo";"04:00:00";"MG";50;"40,7";"ARAGUARI";"Dormindo";"Colisão com objeto fixo";"Com Vítimas Feridas";"Plena noite";"Decrescente";"Ceu Claro";"Dupla";"Reta";"Rural";1;0;1;0;0;0;1;1
83487002;"03/08/16";"Quarta";"14:55:00";"SC";282;"513,9";"XAXIM";"Ultrapassagem indevida";"Colisão frontal";"Sem Vítimas";"Pleno dia";"Decrescente";"Sol";"Simples";"Reta";"Rural";2;0;0;0;2;0;0;2
83487003;"31/07/16";"Domingo";"09:45:00";"RS";116;"91,2";"CAMPESTRE DA SERRA";"Velocidade incompatível";"Colisão com objeto fixo";"Sem Vítimas";"Pleno dia";"Crescente";"Ceu Claro";"Simples";"Curva";"Rural";1;0;0;0;1;0;0;1
83487004;"03/08/16";"Quarta";"07:00:00";"MG";381;"937";"EXTREMA";"Velocidade incompatível";"Tombamento";"Com Vítimas Feridas";"Pleno dia";"Crescente";"Ignorada";"Dupla";"Curva";"Rural";3;0;1;2;0;0;3;1
83487005;"03/08/16";"Quarta";"15:02:00";"ES";101;"149";"LINHARES";"Desobediência à sinalização";"Colisão Transversal";"Com Vítimas Feridas";"Pleno dia";"Crescente";"Nublado";"Simples";"Cruzamento";"Urbano";2;0;1;0;1;0;1;2
83487006;"03/08/16";"Quarta";"13:50:00";"PE";316;"110";"BODOCO";"Dormindo";"Capotamento";"Com Vítimas Feridas";"Pleno dia";"Decrescente";"Sol";"Simples";"Reta";"Rural";1;0;1;0;0;0;1;1
83487007;"27/07/16";"Quarta";"10:00:00";"RJ";393;"282";"VOLTA REDONDA";"Falta de atenção";"Colisão traseira";"Com Vítimas Feridas";"Pleno dia";"Crescente";"Ceu Claro";"Simples";"Reta";"Urbano";4;0;1;0;3;0;1;3
83487008;"30/07/16";"Sábado";"20:30:00";"MG";40;"146";"JOAO PINHEIRO";"Falta de atenção";"Colisão traseira";"Com Vítimas Feridas";"Plena noite";"Crescente";"Ceu Claro";"Simples";"Reta";"Rural";4;0;2;0;2;0;2;2
83487009;"03/08/16";"Quarta";"10:30:00";"CE";116;"17";"EUSEBIO";"Desobediência à sinalização";"Colisão traseira";"Com Vítimas Feridas";"Pleno dia";"Crescente";"Ceu Claro";"Dupla";"Reta";"Rural";3;0;0;1;2;0;1;2
83487010;"21/07/16";"Quinta";"17:30:00";"RN";405;"85,4";"APODI";"Outras";"Saída de Pista";"Com Vítimas Fatais";"Pleno dia";"Decrescente";"Sol";"Simples";"Reta";"Rural";2;2;0;0;0;0;0;1
83487011;"20/05/16";"Sexta";"09:00:00";"BA";324;"599";"SIMOES FILHO";"Falta de atenção";"Colisão lateral";"Sem Vítimas";"Pleno dia";"Crescente";"Nublado";"Múltipla";"Reta";"Urbano";2;0;0;0;2;0;0;2
83487012;"26/07/16";"Terça";"10:00:00";"RJ";40;"93";"PETROPOLIS";"Outras";"Saída de Pista";"Com Vítimas Feridas";"Pleno dia";"Decrescente";"Ceu Claro";"Simples";"Curva";"Rural";5;0;4;0;1;0;4;2
83487013;"03/08/16";"Quarta";"09:30:00";"ES";262;"3,8";"CARIACICA";"Outras";"Incêndio";"Sem Vítimas";"Pleno dia";"Decrescente";"Ceu Claro";"Dupla";"Reta";"Urbano";1;0;0;0;1;0;0;1
83487014;"03/08/16";"Quarta";"11:30:00";"MT";364;"464,2";"VARZEA GRANDE";"Falta de atenção";"Colisão traseira";"Com Vítimas Feridas";"Plena noite";"Crescente";"Sol";"Simples";"Reta";"Rural";2;0;1;0;1;0;1;2
83487015;"30/07/16";"Sábado";"18:30:00";"ES";101;"265,2";"SERRA";"Outras";"Colisão lateral";"Sem Vítimas";"Plena noite";"Crescente";"Chuva";"Múltipla";"Reta";"Urbano";2;0;0;0;2;0;0;2
83487016;"01/08/16";"Segunda";"20:40:00";"BA";324;"524";"FEIRA DE SANTANA";"Outras";"Saída de Pista";"Sem Vítimas";"Plena noite";"Decrescente";"Nublado";"Dupla";"Reta";"Urbano";1;0;0;0;1;0;0;1
83487017;"03/08/16";"Quarta";"15:40:00";"MG";40;"517";"RIBEIRAO DAS NEVES";"Outras";"Queda de motocicleta / bicicleta / veículo";"Com Vítimas Feridas";"Pleno dia";"Decrescente";"Nublado";"Dupla";"Reta";"Urbano";1;0;1;0;0;0;1;1
83487018;"03/08/16";"Quarta";"15:38:00";"SC";282;"45,9";"AGUAS MORNAS";"Velocidade incompatível";"Capotamento";"Com Vítimas Feridas";"Pleno dia";"Decrescente";"Chuva";"Simples";"Curva";"Rural";2;0;2;0;0;0;2;1
83487019;"03/08/16";"Quarta";"15:45:00";"PE";232;"283";"SERTANIA";"Dormindo";"Colisão lateral";"Sem Vítimas";"Pleno dia";"Crescente";"Ceu Claro";"Simples";"Reta";"Rural";2;0;0;0;2;0;0;2
83487020;"03/08/16";"Quarta";"12:50:00";"ES";101;"226";"IBIRACU";"Outras";"Colisão com bicicleta";"Com Vítimas Feridas";"Pleno dia";"Crescente";"Nublado";"Simples";"Reta";"Rural";2;0;0;1;1;0;1;2
83487021;"02/08/16";"Terça";"08:00:00";"SP";381;"10";"VARGEM";"Velocidade incompatível";"Colisão traseira";"Com Vítimas Feridas";"Pleno dia";"Decrescente";"Ceu Claro";"Dupla";"Curva";"Urbano";2;0;0;1;1;0;1;2
83487022;"03/08/16";"Quarta";"15:07:00";"RJ";116;"312";"ITATIAIA";"Outras";"Colisão traseira";"Com Vítimas Feridas";"Pleno dia";"Decrescente";"Ceu Claro";"Dupla";"Reta";"Rural";2;0;1;0;1;0;1;2
83487023;"02/08/16";"Terça";"05:00:00";"BA";324;"523";"FEIRA DE SANTANA";"Outras";"Saída de Pista";"Com Vítimas Feridas";"Amanhecer";"Crescente";"Nevoeiro/neblina";"Dupla";"Curva";"Rural";3;0;2;0;1;0;2;1
83487024;"31/07/16";"Domingo";"18:30:00";"AM";174;"887";"MANAUS";"Outras";"Atropelamento de pessoa";"Com Vítimas Feridas";"Anoitecer";"Crescente";"Ceu Claro";"Simples";"Reta";"Urbano";2;0;0;1;0;1;1;1
83487025;"02/08/16";"Terça";"09:30:00";"RS";468;"81,7";"CAMPO NOVO";"Defeito mecânico em veículo";"Saída de Pista";"Sem Vítimas";"Amanhecer";"Crescente";"Nublado";"Simples";"Reta";"Rural";7;0;0;0;7;0;0;1
83487026;"31/07/16";"Domingo";"06:25:00";"SP";116;"423,2";"JUQUIA";"Outras";"Tombamento";"Com Vítimas Feridas";"Amanhecer";"Decrescente";"Nublado";"Dupla";"Reta";"Rural";1;0;1;0;0;0;1;1
83487027;"03/08/16";"Quarta";"10:50:00";"ES";101;"266";"SERRA";"Outras";"Colisão traseira";"Sem Vítimas";"Pleno dia";"Crescente";"Ceu Claro";"Dupla";"Reta";"Urbano";3;0;0;0;3;0;0;3
83487028;"03/08/16";"Quarta";"15:30:00";"MA";135;"32";"SAO LUIS";"Falta de atenção";"Colisão traseira";"Com Vítimas Feridas";"Pleno dia";"Crescente";"Chuva";"Simples";"Reta";"Rural";6;0;1;0;5;0;1;2
83487029;"02/08/16";"Terça";"21:45:00";"MG";381;"711";"NEPOMUCENO";"Falta de atenção";"Colisão traseira";"Sem Vítimas";"Plena noite";"Crescente";"Ignorada";"Dupla";"Curva";"Rural";2;0;0;0;2;0;0;2
83487031;"03/08/16";"Quarta";"16:50:00";"PA";316;"1";"ANANINDEUA";"Não guardar distância de segurança";"Colisão traseira";"Com Vítimas Feridas";"Pleno dia";"Crescente";"Nublado";"Dupla";"Reta";"Urbano";3;0;0;1;2;0;1;3
83487032;"03/08/16";"Quarta";"17:10:00";"SC";101;"221";"BIGUACU";"Falta de atenção";"Queda de motocicleta / bicicleta / veículo";"Com Vítimas Feridas";"Pleno dia";"Crescente";"Nublado";"Simples";"Curva";"Urbano";1;0;1;0;0;0;1;1
83487033;"03/08/16";"Quarta";"14:15:00";"PR";158;"406";"LARANJEIRAS DO SUL";"Ultrapassagem indevida";"Colisão frontal";"Com Vítimas Fatais";"Pleno dia";"Crescente";"Ceu Claro";"Simples";"Curva";"Rural";2;1;1;0;0;0;1;2
83487034;"03/08/16";"Quarta";"11:30:00";"MG";262;"404,2";"PARA DE MINAS";"Dormindo";"Saída de Pista";"Sem Vítimas";"Pleno dia";"Crescente";"Ceu Claro";"Dupla";"Reta";"Rural";1;0;0;0;1;0;0;1
83487035;"08/06/16";"Quarta";"18:30:00";"MG";365;"340";"SAO GONCALO DO ABAETE";"Outras";"Capotamento";"Com Vítimas Feridas";"Anoitecer";"Decrescente";"Ignorada";"Simples";"Reta";"Rural";1;0;0;1;0;0;1;1
83487036;"03/08/16";"Quarta";"15:45:00";"RS";386;"374,2";"PAVERAMA";"Defeito mecânico em veículo";"Incêndio";"Sem Vítimas";"Pleno dia";"Decrescente";"Sol";"Dupla";"Curva";"Rural";1;0;0;0;1;0;0;1
83487037;"03/08/16";"Quarta";"17:20:00";"RS";285;"456,9";"IJUI";"Falta de atenção";"Colisão Transversal";"Sem Vítimas";"Pleno dia";"Decrescente";"Nublado";"Simples";"Cruzamento";"Urbano";2;0;0;0;2;0;0;2