"id";"data_inversa";"dia_semana";"horario";"uf";"br";"km";"municipio";"causa_acidente";"tipo_acidente";"classificacao_acidente";"fase_dia";"sentido_via";"condicao_metereologica";"tipo_pista";"tracado_via";"uso_solo";"pessoas";"mortos";"feridos_leves";"feridos_graves";"ilesos";"ignorados";"feridos";"veiculos"
83487038;"26/07/16";"Terça";"16:30:00";"SC";282;"97";"ALFREDO WAGNER";"Velocidade incompatível";"Saída de Pista";"Com Vítimas Feridas";"Pleno dia";"Decrescente";"Sol";"Simples";"Curva";"Rural";1;0;0;1;0;0;1;1
83487039;"03/08/16";"Quarta";"11:50:00";"RS";116;"36,9";"VACARIA";"Velocidade incompatível";"Colisão traseira";"Com Vítimas Feridas";"Pleno dia";"Crescente";"Nublado";"Simples";"Cruzamento";"Rural";2;0;1;0;1;0;1;2
83487040;"03/08/16";"Quarta";"11:45:00";"RS";471;"149,8";"SANTA CRUZ DO SUL";"Falta de atenção";"Saída de Pista";"Com Vítimas Feridas";"Pleno dia";"Crescente";"Sol";"Simples";"Reta";"Urbano";1;0;0;1;0;0;1;1
83487041;"03/08/16";"Quarta";"16:00:00";"PE";101;"84";"JABOATAO DOS GUARARAPES";"Falta de atenção";"Colisão lateral";"Com Vítimas Feridas";"Pleno dia";"Decrescente";"Sol";"Dupla";"Curva";"Urbano";2;0;1;0;1;0;1;2
83487042;"03/08/16";"Quarta";"13:00:00";"SC";116;"247,8";"LAGES";"Falta de atenção";"Colisão traseira";"Sem Vítimas";"Pleno dia";"Decrescente";"Ceu Claro";"Dupla";"Cruzamento";"Urbano";2;0;0;0;2;0;0;2
83487043;"03/08/16";"Quarta";"17:20:00";"SE";235;"42";"ITABAIANA";"Ingestão de álcool";"Colisão traseira";"Com Vítimas Feridas";"Anoitecer";"Crescente";"Nublado";"Simples";"Reta";"Rural";2;0;0;1;1;0;1;2
83487044;"03/08/16";"Quarta";"16:15:00";"SC";101;"280,3";"IMBITUBA";"Defeito mecânico em veículo";"Queda de motocicleta / bicicleta / veículo";"Com Vítimas Feridas";"Pleno dia";"Decrescente";"Ceu Claro";"Dupla";"Reta";"Rural";1;0;1;0;0;0;1;1
83487045;"03/08/16";"Quarta";"06:15:00";"MT";364;"275,5";"JACIARA";"Falta de atenção";"Colisão traseira";"Sem Vítimas";"Amanhecer";"Decrescente";"Sol";"Simples";"Reta";"Urbano";2;0;0;0;2;0;0;2
83487046;"31/07/16";"Domingo";"05:00:00";"MG";365;"757";"ITUIUTABA";"Falta de atenção";"Colisão com objeto fixo";"Ignorado";"Plena noite";"Crescente";"Nublado";"Simples";"Curva";"Urbano";1;0;0;0;0;1;0;1
83487047;"03/08/16";"Quarta";"17:50:00";"ES";101;"295,6";"CARIACICA";"Velocidade incompatível";"Colisão traseira";"Sem Vítimas";"Anoitecer";"Crescente";"Chuva";"Múltipla";"Reta";"Urbano";2;0;0;0;2;0;0;2
83487048;"03/08/16";"Quarta";"07:00:00";"SP";381;"50";"ATIBAIA";"Outras";"Colisão frontal";"Sem Vítimas";"Pleno dia";"Decrescente";"Ceu Claro";"Dupla";"Reta";"Urbano";2;0;0;0;2;0;0;2
83487049;"03/08/16";"Quarta";"18:20:00";"RS";285;"269,9";"MATO CASTELHANO";"Velocidade incompatível";"Saída de Pista";"Com Vítimas Feridas";"Anoitecer";"Crescente";"Ceu Claro";"Simples";"Reta";"Rural";1;0;0;1;0;0;1;1
83487050;"03/08/16";"Quarta";"16:20:00";"MG";116;"736,8";"LARANJAL";"Falta de atenção";"Colisão Transversal";"Com Vítimas Feridas";"Pleno dia";"Crescente";"Ceu Claro";"Simples";"Reta";"Rural";3;0;0;2;1;0;2;2
83487051;"03/08/16";"Quarta";"09:00:00";"BA";242;"237";"ITABERABA";"Velocidade incompatível";"Colisão frontal";"Com Vítimas Feridas";"Pleno dia";"Crescente";"Chuva";"Dupla";"Curva";"Rural";2;0;1;0;1;0;1;2
83487052;"03/08/16";"Quarta";"14:00:00";"RJ";101;"144";"MACAE";"Outras";"Saída de Pista";"Com Vítimas Feridas";"Pleno dia";"Crescente";"Chuva";"Dupla";"Curva";"Rural";3;0;3;0;0;0;3;1
83487053;"30/07/16";"Sábado";"18:00:00";"GO";153;"540,8";"HIDROLANDIA";"Defeito mecânico em veículo";"Queda de motocicleta / bicicleta / veículo";"Com Vítimas Feridas";"Anoitecer";"Crescente";"Ceu Claro";"Dupla";"Reta";"Rural";2;0;1;1;0;0;2;1
83487054;"03/08/16";"Quarta";"08:10:00";"MT";364;"309";"SANTO ANTONIO DO LEVERGER";"Falta de atenção";"Colisão traseira";"Sem Vítimas";"Pleno dia";"Crescente";"Ceu Claro";"Dupla";"Reta";"Rural";2;0;0;0;2;0;0;2
83487055;"03/08/16";"Quarta";"10:10:00";"BA";116;"420";"FEIRA DE SANTANA";"Desobediência à sinalização";"Colisão lateral";"Com Vítimas Feridas";"Plena noite";"Crescente";"Ceu Claro";"Simples";"Reta";"Urbano";2;0;1;0;1;0;1;2
83487056;"13/03/16";"Domingo";"05:15:00";"MT";163;"833";"SINOP";"Falta de atenção";"Queda de motocicleta / bicicleta / veículo";"Com Vítimas Feridas";"Plena noite";"Decrescente";"Nublado";"Dupla";"Reta";"Urbano";1;0;1;0;0;0;1;1
83487057;"03/08/16";"Quarta";"17:30:00";"SC";282;"485,5";"FAXINAL DOS GUEDES";"Velocidade incompatível";"Tombamento";"Com Vítimas Feridas";"Pleno dia";"Crescente";"Nublado";"Simples";"Cruzamento";"Urbano";2;0;1;0;1;0;1;1
83487058;"03/08/16";"Quarta";"14:30:00";"MG";50;"71";"UBERLANDIA";"Falta de atenção";"Colisão traseira";"Com Vítimas Feridas";"Pleno dia";"Decrescente";"Ceu Claro";"Dupla";"Reta";"Urbano";2;0;1;0;1;0;1;2
83487059;"03/08/16";"Quarta";"14:30:00";"BA";20;"205";"LUIS EDUARDO MAGALHAES";"Não guardar distância de segurança";"Colisão traseira";"Com Vítimas Feridas";"Pleno dia";"Decrescente";"Ceu Claro";"Simples";"Reta";"Urbano";5;0;1;0;4;0;1;2
83487060;"03/08/16";"Quarta";"15:10:00";"MG";116;"497,8";"INHAPIM";"Defeito mecânico em veículo";"Queda de motocicleta / bicicleta / veículo";"Com Vítimas Feridas";"Pleno dia";"Crescente";"Nublado";"Simples";"Reta";"Rural";2;0;2;0;0;0;2;1
83487061;"02/08/16";"Terça";"11:15:00";"SP";381;"49";"ATIBAIA";"Outras";"Incêndio";"Sem Vítimas";"Pleno dia";"Decrescente";"Ceu Claro";"Dupla";"Reta";"Urbano";1;0;0;0;1;0;0;1
83487062;"30/07/16";"Sábado";"08:00:00";"MG";135;"592,9";"CORINTO";"Defeito mecânico em veículo";"Saída de Pista";"Sem Vítimas";"Pleno dia";"Decrescente";"Ceu Claro";"Simples";"Reta";"Rural";1;0;0;0;1;0;0;1
83487063;"03/08/16";"Quarta";"17:55:00";"RN";110;"36,7";"MOSSORO";"Animais na Pista";"Atropelamento de animal";"Com Vítimas Feridas";"Anoitecer";"Crescente";"Ceu Claro";"Simples";"Reta";"Rural";1;0;1;0;0;0;1;1
83487064;"31/07/16";"Domingo";"04:30:00";"MG";116;"176,8";"PADRE PARAISO";"Falta de atenção";"Saída de Pista";"Sem Vítimas";"Amanhecer";"Crescente";"Chuva";"Simples";"Curva";"Rural";1;0;0;0;1;0;0;1
83487065;"03/08/16";"Quarta";"19:25:00";"MA";10;"160,4";"PORTO FRANCO";"Outras";"Saída de Pista";"Sem Vítimas";"Plena noite";"Crescente";"Ceu Claro";"Simples";"Reta";"Rural";1;0;0;0;1;0;0;1
83487066;"03/08/16";"Quarta";"16:00:00";"SC";282;"128,2";"BOM RETIRO";"Falta de atenção";"Colisão Transversal";"Com Vítimas Feridas";"Pleno dia";"Decrescente";"Nublado";"Simples";"Curva";"Urbano";2;0;1;0;1;0;1;2
83487067;"03/08/16";"Quarta";"19:20:00";"SC";163;"70,2";"SAO MIGUEL DOESTE";"Falta de atenção";"Colisão lateral";"Sem Vítimas";"Plena noite";"Decrescente";"Ceu Claro";"Dupla";"Reta";"Urbano";2;0;0;0;2;0;0;2
83487068;"30/07/16";"Sábado";"08:30:00";"TO";153;"271";"COLINAS DO TOCANTINS";"Desobediência à sinalização";"Colisão Transversal";"Sem Vítimas";"Pleno dia";"Crescente";"Sol";"Simples";"Reta";"Rural";4;0;0;0;4;0;0;2
83487069;"03/08/16";"Quarta";"14:00:00";"MG";262;"160";"SAO DOMINGOS DO PRATA";"Velocidade incompatível";"Capotamento";"Sem Vítimas";"Pleno dia";"Decrescente";"Sol";"Simples";"Curva";"Rural";1;0;0;0;1;0;0;1
83487070;"03/08/16";"Quarta";"19:15:00";"PR";376;"176";"MARINGA";"Falta de atenção";"Colisão Transversal";"Com Vítimas Feridas";"Plena noite";"Crescente";"Ceu Claro";"Dupla";"Reta";"Urbano";2;0;0;1;1;0;1;2
83487071;"02/08/16";"Terça";"05:30:00";"BA";101;"152";"CONCEICAO DO JACUIPE";"Defeito na via";"Tombamento";"Com Vítimas Feridas";"Amanhecer";"Decrescente";"Nevoeiro/neblina";"Simples";"Reta";"Rural";1;0;1;0;0;0;1;1
83487072;"30/07/16";"Sábado";"00:15:00";"MT";70;"109";"GENERAL CARNEIRO";"Outras";"Atropelamento de pessoa";"Com Vítimas Feridas";"Plena noite";"Crescente";"Ceu Claro";"Simples";"Reta";"Rural";2;0;0;1;0;1;1;1
83487073;"30/07/16";"Sábado";"07:00:00";"BA";101;"251";"SAPEACU";"Outras";"Colisão lateral";"Com Vítimas Feridas";"Pleno dia";"Decrescente";"Chuva";"Simples";"Reta";"Urbano";3;0;1;0;2;0;1;2
83487074;"03/08/16";"Quarta";"18:30:00";"PE";232;"81,5";"GRAVATA";"Falta de atenção";"Colisão Transversal";"Com Vítimas Feridas";"Plena noite";"Crescente";"Ceu Claro";"Dupla";"Reta";"Urbano";3;0;1;0;2;0;1;2
83487075;"03/08/16";"Quarta";"19:00:00";"SC";101;"410,3";"ARARANGUA";"Falta de atenção";"Colisão Transversal";"Sem Vítimas";"Plena noite";"Crescente";"Chuva";"Simples";"Cruzamento";"Rural";2;0;0;0;2;0;0;2
83487076;"27/07/16";"Quarta";"23:30:00";"MG";40;"660";"CARANDAI";"Falta de atenção";"Colisão traseira";"Sem Vítimas";"Plena noite";"Decrescente";"Ceu Claro";"Simples";"Reta";"Urbano";2;0;0;0;2;0;0;2
83487077;"03/08/16";"Quarta";"19:45:00";"PA";316;"17";"MARITUBA";"Falta de atenção";"Atropelamento de pessoa";"Com Vítimas Feridas";"Plena noite";"Crescente";"Ceu Claro";"Dupla";"Reta";"Urbano";2;0;0;1;1;0;1;1
83487078;"03/08/16";"Quarta";"13:30:00";"RS";116;"243,4";"SAO LEOPOLDO";"Desobediência à sinalização";"Colisão traseira";"Sem Vítimas";"Pleno dia";"Decrescente";"Ceu Claro";"Múltipla";"Cruzamento";"Urbano";2;0;0;0;2;0;0;2
83487079;"31/07/16";"Domingo";"01:00:00";"PR";277;"67";"SAO JOSE DOS PINHAIS";"Outras";"Saída de Pista";"Sem Vítimas";"Plena noite";"Crescente";"Ceu Claro";"Dupla";"Reta";"Urbano";2;0;0;0;1;1;0;2
83487080;"03/08/16";"Quarta";"18:00:00";"PB";101;"116,2";"CAAPORA";"Dormindo";"Colisão com objeto fixo";"Sem Vítimas";"Plena noite";"Decrescente";"Ceu Claro";"Dupla";"Curva";"Rural";1;0;0;0;1;0;0;1
83487081;"31/07/16";"Domingo";"02:50:00";"SP";381;"84,2";"SAO PAULO";"Falta de atenção";"Colisão com objeto fixo";"Com Vítimas Feridas";"Plena noite";"Decrescente";"Nublado";"Dupla";"Reta";"Urbano";2;0;2;0;0;0;2;1
83487082;"30/07/16";"Sábado";"22:40:00";"MG";262;"489";"BOM DESPACHO";"Não guardar distância de segurança";"Saída de Pista";"Com Vítimas Feridas";"Plena noite";"Crescente";"Ceu Claro";"Simples";"Reta";"Rural";2;0;2;0;0;0;2;1
83487083;"24/01/16";"Domingo";"19:45:00";"PB";230;"175";"CAMPINA GRANDE";"Falta de atenção";"Colisão traseira";"Com Vítimas Feridas";"Plena noite";"Decrescente";"Ceu Claro";"Simples";"Reta";"Rural";6;0;2;3;0;1;5;4
83487084;"03/08/16";"Quarta";"11:40:00";"PB";104;"12";"CUITE";"Outras";"Queda de motocicleta / bicicleta / veículo";"Com Vítimas Fatais";"Pleno dia";"Crescente";"Sol";"Simples";"Curva";"Rural";1;1;0;0;0;0;0;1
83487085;"03/08/16";"Quarta";"13:40:00";"PB";104;"50,2";"BARRA DE SANTA ROSA";"Velocidade incompatível";"Capotamento";"Com Vítimas Fatais";"Pleno dia";"Decrescente";"Ceu Claro";"Simples";"Reta";"Rural";3;1;1;0;1;0;1;2
83487086;"03/08/16";"Quarta";"21:10:00";"SC";282;"69,7";"RANCHO QUEIMADO";"Velocidade incompatível";"Saída de Pista";"Com Vítimas Feridas";"Plena noite";"Decrescente";"Chuva";"Simples";"Curva";"Urbano";1;0;1;0;0;0;1;1
83487089;"03/08/16";"Quarta";"18:30:00";"SC";470;"175,3";"POUSO REDONDO";"Ingestão de álcool";"Colisão Transversal";"Com Vítimas Feridas";"Plena noite";"Crescente";"Nublado";"Simples";"Reta";"Urbano";3;0;1;0;2;0;1;2
83487091;"03/08/16";"Quarta";"18:30:00";"PR";376;"304,7";"MAUA DA SERRA";"Velocidade incompatível";"Tombamento";"Com Vítimas Feridas";"Plena noite";"Decrescente";"Ceu Claro";"Dupla";"Curva";"Rural";1;0;0;1;0;0;1;1
83487092;"31/07/16";"Domingo";"20:24:00";"RO";364;"601";"CANDEIAS DO JAMARI";"Outras";"Saída de Pista";"Ignorado";"Plena noite";"Decrescente";"Ceu Claro";"Dupla";"Reta";"Rural";1;0;0;0;0;1;0;1
83487093;"03/08/16";"Quarta";"20:30:00";"ES";101;"263";"SERRA";"Outras";"Colisão lateral";"Sem Vítimas";"Plena noite";"Decrescente";"Chuva";"Dupla";"Reta";"Urbano";2;0;0;0;2;0;0;2
83487094;"03/08/16";"Quarta";"09:40:00";"BA";242;"127";"RAFAEL JAMBEIRO";"Falta de atenção";"Colisão traseira";"Sem Vítimas";"Pleno dia";"Decrescente";"Ceu Claro";"Simples";"Reta";"Rural";2;0;0;0;2;0;0;2
83487095;"03/08/16";"Quarta";"19:00:00";"RO";319;"59";"PORTO VELHO";"Desobediência à sinalização";"Atropelamento de pessoa";"Com Vítimas Feridas";"Plena noite";"Decrescente";"Ceu Claro";"Dupla";"Reta";"Urbano";2;0;1;0;1;0;1;1
83487096;"30/07/16";"Sábado";"00:20:00";"RS";116;"133,4";"CAXIAS DO SUL";"Ingestão de álcool";"Saída de Pista";"Ignorado";"Plena noite";"Decrescente";"Ceu Claro";"Simples";"Reta";"Rural";1;0;0;0;0;1;0;1
83487097;"31/07/16";"Domingo";"03:00:00";"MG";262;"47";"MANHUACU";"Ingestão de álcool";"Queda de motocicleta / bicicleta / veículo";"Com Vítimas Feridas";"Plena noite";"Decrescente";"Chuva";"Simples";"Curva";"Rural";2;0;1;0;0;1;1;1
83487098;"31/07/16";"Domingo";"23:10:00";"GO";40;"5";"VALPARAISO DE GOIAS";"Outras";"Queda de motocicleta / bicicleta / veículo";"Com Vítimas Feridas";"Plena noite";"Crescente";"Ceu Claro";"Dupla";"Reta";"Urbano";3;0;1;1;1;0;2;2
83487099;"31/07/16";"Domingo";"05:15:00";"SP";116;"149";"SAO JOSE DOS CAMPOS";"Ingestão de álcool";"Saída de Pista";"Sem Vítimas";"Plena noite";"Crescente";"Ceu Claro";"Dupla";"Reta";"Urbano";1;0;0;0;1;0;0;1
83487100;"03/08/16";"Quarta";"21:30:00";"BA";116;"781,5";"PLANALTO";"Outras";"Colisão Transversal";"Com Vítimas Feridas";"Plena noite";"Crescente";"Nevoeiro/neblina";"Simples";"Reta";"Rural";2;0;1;0;1;0;1;2
83487101;"28/07/16";"Quinta";"18:45:00";"MG";40;"768";"JUIZ DE FORA";"Desobediência à sinalização";"Colisão Transversal";"Sem Vítimas";"Plena noite";"Crescente";"Nublado";"Simples";"Reta";"Rural";2;0;0;0;2;0;0;2
83487102;"03/08/16";"Quarta";"19:00:00";"SP";153;"63,8";"SAO JOSE DO RIO PRETO";"Outras";"Queda de motocicleta / bicicleta / veículo";"Com Vítimas Feridas";"Anoitecer";"Decrescente";"Ceu Claro";"Dupla";"Curva";"Urbano";1;0;1;0;0;0;1;1
83487103;"03/08/16";"Quarta";"21:40:00";"SC";101;"24";"JOINVILLE";"Falta de atenção";"Colisão lateral";"Sem Vítimas";"Plena noite";"Decrescente";"Chuva";"Dupla";"Reta";"Urbano";3;0;0;0;3;0;0;3
83487104;"03/08/16";"Quarta";"18:15:00";"MT";174;"388";"NOVA LACERDA";"Falta de atenção";"Colisão traseira";"Com Vítimas Feridas";"Plena noite";"Crescente";"Ceu Claro";"Simples";"Reta";"Rural";2;0;2;0;0;0;2;2
83487105;"03/08/16";"Quarta";"23:00:00";"PI";316;"2,3";"TERESINA";"Outras";"Atropelamento de pessoa";"Com Vítimas Feridas";"Plena noite";"Crescente";"Ceu Claro";"Múltipla";"Reta";"Urbano";2;0;1;1;0;0;2;1
83487106;"03/08/16";"Quarta";"19:10:00";"SP";153;"120";"UBARANA";"Outras";"Atropelamento de pessoa";"Com Vítimas Feridas";"Plena noite";"Decrescente";"Ceu Claro";"Simples";"Reta";"Urbano";2;0;0;1;1;0;1;1
83487107;"03/08/16";"Quarta";"19:30:00";"MA";316;"555,5";"CAXIAS";"Falta de atenção";"Atropelamento de pessoa";"Com Vítimas Fatais";"Plena noite";"Crescente";"Ceu Claro";"Simples";"Reta";"Rural";5;1;0;0;4;0;0;1
83487108;"03/08/16";"Quarta";"21:35:00";"PR";153;"335,3";"IRATI";"Falta de atenção";"Colisão Transversal";"Sem Vítimas";"Plena noite";"Crescente";"Nublado";"Simples";"Reta";"Urbano";2;0;0;0;2;0;0;2
83487109;"03/08/16";"Quarta";"17:40:00";"RJ";101;"189";"CASIMIRO DE ABREU";"Outras";"Colisão frontal";"Com Vítimas Fatais";"Pleno dia";"Crescente";"Chuva";"Simples";"Curva";"Rural";16;1;1;9;4;1;10;2
83487110;"03/08/16";"Quarta";"20:15:00";"MG";262;"33,4";"MANHUACU";"Falta de atenção";"Colisão Transversal";"Com Vítimas Feridas";"Plena noite";"Decrescente";"Ceu Claro";"Simples";"Reta";"Rural";2;0;0;1;1;0;1;2
83487112;"03/08/16";"Quarta";"13:20:00";"GO";40;"1";"VALPARAISO DE GOIAS";"Desobediência à sinalização";"Colisão traseira";"Com Vítimas Feridas";"Pleno dia";"Crescente";"Ceu Claro";"Dupla";"Reta";"Urbano";3;0;2;0;1;0;2;2
83487114;"30/07/16";"Sábado";"18:52:00";"GO";50;"102";"CRISTALINA";"Ingestão de álcool";"Colisão traseira";"Com Vítimas Feridas";"Plena noite";"Decrescente";"Ceu Claro";"Dupla";"Reta";"Rural";2;0;1;0;1;0;1;2
83487115;"03/08/16";"Quarta";"10:32:00";"SP";116;"151";"SAO JOSE DOS CAMPOS";"Desobediência à sinalização";"Colisão lateral";"Com Vítimas Feridas";"Pleno dia";"Crescente";"Ceu Claro";"Dupla";"Reta";"Rural";2;0;2;0;0;0;2;2
83487116;"03/08/16";"Quarta";"18:30:00";"MT";364;"135";"PEDRA PRETA";"Defeito mecânico em veículo";"Saída de Pista";"Sem Vítimas";"Plena noite";"Crescente";"Ceu Claro";"Simples";"Curva";"Rural";2;0;0;0;2;0;0;2
83487117;"03/08/16";"Quarta";"23:45:00";"BA";116;"654,7";"JEQUIE";"Outras";"Tombamento";"Sem Vítimas";"Plena noite";"Decrescente";"Nevoeiro/neblina";"Simples";"Reta";"Rural";1;0;0;0;1;0;0;1
83487118;"03/08/16";"Quarta";"10:00:00";"MG";116;"373,9";"FREI INOCENCIO";"Falta de atenção";"Colisão com bicicleta";"Com Vítimas Feridas";"Pleno dia";"Decrescente";"Nublado";"Dupla";"Reta";"Urbano";2;0;0;1;1;0;1;2
83487119;"03/08/16";"Quarta";"16:00:00";"MA";316;"339";"BACABAL";"Falta de atenção";"Colisão lateral";"Sem Vítimas";"Pleno dia";"Crescente";"Ceu Claro";"Simples";"Reta";"Rural";2;0;0;0;2;0;0;2
83487120;"03/08/16";"Quarta";"23:50:00";"PR";376;"542";"PALMEIRA";"Velocidade incompatível";"Colisão traseira";"Ignorado";"Plena noite";"Crescente";"Nublado";"Dupla";"Reta";"Rural";2;0;0;0;0;2;0;2
83487121;"03/08/16";"Quarta";"16:20:00";"MS";262;"232";"RIBAS DO RIO PARDO";"Velocidade incompatível";"Saída de Pista";"Ignorado";"Pleno dia";"Decrescente";"Ceu Claro";"Simples";"Reta";"Rural";1;0;0;0;0;1;0;1
83487122;"31/07/16";"Domingo";"01:55:00";"SP";116;"226";"GUARULHOS";"Outras";"Queda de motocicleta / bicicleta / veículo";"Com Vítimas Feridas";"Plena noite";"Decrescente";"Nublado";"Simples";"Reta";"Urbano";1;0;1;0;0;0;1;1
83487123;"04/08/16";"Quinta";"01:00:00";"SC";101;"218";"PALHOCA";"Dormindo";"Colisão com objeto fixo";"Com Vítimas Feridas";"Plena noite";"Crescente";"Ceu Claro";"Simples";"Cruzamento";"Urbano";1;0;1;0;0;0;1;1
83487124;"03/08/16";"Quarta";"21:20:00";"RS";290;"146";"ELDORADO DO SUL";"Dormindo";"Saída de Pista";"Sem Vítimas";"Plena noite";"Decrescente";"Ceu Claro";"Simples";"Reta";"Rural";1;0;0;0;1;0;0;1
83487125;"03/08/16";"Quarta";"21:30:00";"MS";158;"94";"PARANAIBA";"Outras";"Colisão lateral";"Sem Vítimas";"Plena noite";"Decrescente";"Ceu Claro";"Dupla";"Reta";"Urbano";2;0;0;0;2;0;0;2
83487126;"04/08/16";"Quinta";"00:55:00";"RS";392;"5,4";"RIO GRANDE";"Falta de atenção";"Saída de Pista";"Sem Vítimas";"Plena noite";"Decrescente";"Ceu Claro";"Simples";"Reta";"Urbano";1;0;0;0;1;0;0;1
83487127;"03/08/16";"Quarta";"11:10:00";"CE";116;"506,2";"BREJO SANTO";"Defeito na via";"Tombamento";"Sem Vítimas";"Pleno dia";"Crescente";"Sol";"Simples";"Reta";"Urbano";1;0;0;0;1;0;0;1
83487128;"26/07/16";"Terça";"13:50:00";"PE";104;"63";"CARUARU";"Falta de atenção";"Colisão traseira";"Sem Vítimas";"Pleno dia";"Decrescente";"Ceu Claro";"Simples";"Reta";"Urbano";2;0;0;0;2;0;0;2
83487129;"03/08/16";"Quarta";"18:40:00";"PE";104;"54,6";"CARUARU";"Falta de atenção";"Queda de motocicleta / bicicleta / veículo";"Com Vítimas Feridas";"Plena noite";"Decrescente";"Ceu Claro";"Dupla";"Reta";"Rural";2;0;1;0;0;1;1;1
83487130;"03/08/16";"Quarta";"04:30:00";"AL";101;"0,4";"NOVO LINO";"Falta de atenção";"Colisão Transversal";"Sem Vítimas";"Amanhecer";"Decrescente";"Ignorada";"Simples";"Reta";"Rural";4;0;0;0;4;0;0;4
83487131;"03/08/16";"Quarta";"21:40:00";"BA";101;"717,1";"EUNAPOLIS";"Falta de atenção";"Colisão com bicicleta";"Com Vítimas Feridas";"Plena noite";"Crescente";"Nublado";"Simples";"Reta";"Urbano";2;0;1;0;1;0;1;2
83487132;"03/08/16";"Quarta";"22:20:00";"ES";101;"267";"SERRA";"Falta de atenção";"Colisão traseira";"Com Vítimas Feridas";"Plena noite";"Decrescente";"Chuva";"Simples";"Cruzamento";"Urbano";2;0;1;0;1;0;1;2
83487133;"03/08/16";"Quarta";"20:15:00";"GO";80;"157,1";"SANTA RITA DO NOVO DESTINO";"Outras";"Colisão com bicicleta";"Com Vítimas Fatais";"Plena noite";"Crescente";"Ceu Claro";"Simples";"Reta";"Rural";2;1;0;0;1;0;0;2
83487134;"04/08/16";"Quinta";"03:55:00";"RS";116;"257";"ESTEIO";"Velocidade incompatível";"Tombamento";"Sem Vítimas";"Plena noite";"Decrescente";"Nublado";"Dupla";"Curva";"Urbano";1;0;0;0;1;0;0;1
83487135;"03/08/16";"Quarta";"12:30:00";"AL";101;"107";"PILAR";"Velocidade incompatível";"Tombamento";"Com Vítimas Feridas";"Pleno dia";"Crescente";"Nublado";"Simples";"Curva";"Rural";1;0;1;0;0;0;1;1
83487136;"03/08/16";"Quarta";"22:20:00";"RN";405;"13,6";"MOSSORO";"Animais na Pista";"Atropelamento de animal";"Com Vítimas Fatais";"Plena noite";"Crescente";"Ignorada";"Simples";"Reta";"Rural";2;1;0;0;1;0;0;2
83487137;"04/08/16";"Quinta";"02:10:00";"MT";364;"348,8";"SANTO ANTONIO DO LEVERGER";"Dormindo";"Saída de Pista";"Com Vítimas Feridas";"Plena noite";"Crescente";"Ceu Claro";"Simples";"Curva";"Rural";1;0;1;0;0;0;1;1
83487138;"04/08/16";"Quinta";"04:00:00";"RJ";101;"407";"ITAGUAI";"Desobediência à sinalização";"Colisão traseira";"Com Vítimas Feridas";"Plena noite";"Crescente";"Ceu Claro";"Dupla";"Reta";"Urbano";4;0;3;0;1;0;3;2
83487139;"30/07/16";"Sábado";"08:20:00";"SP";116;"541,5";"BARRA DO TURVO";"Velocidade incompatível";"Colisão com objeto fixo";"Sem Vítimas";"Pleno dia";"Crescente";"Chuva";"Dupla";"Curva";"Rural";1;0;0;0;1;0;0;1
83487140;"30/07/16";"Sábado";"21:30:00";"RJ";116;"166,2";"RIO DE JANEIRO";"Não guardar distância de segurança";"Colisão traseira";"Com Vítimas Feridas";"Plena noite";"Crescente";"Ceu Claro";"Múltipla";"Reta";"Urbano";2;0;0;1;0;1;1;2
83487141;"04/08/16";"Quinta";"05:10:00";"SP";116;"555,6";"BARRA DO TURVO";"Velocidade incompatível";"Capotamento";"Com Vítimas Feridas";"Plena noite";"Crescente";"Chuva";"Simples";"Curva";"Rural";3;0;1;2;0;0;3;1
83487142;"03/08/16";"Quarta";"15:30:00";"AL";101;"188";"JUNQUEIRO";"Falta de atenção";"Colisão traseira";"Sem Vítimas";"Pleno dia";"Decrescente";"Ceu Claro";"Simples";"Reta";"Urbano";2;0;0;0;2;0;0;2
83487143;"03/08/16";"Quarta";"08:30:00";"MG";365;"626";"UBERLANDIA";"Falta de atenção";"Colisão lateral";"Sem Vítimas";"Pleno dia";"Decrescente";"Ceu Claro";"Dupla";"Curva";"Urbano";2;0;0;0;2;0;0;2
83487144;"04/08/16";"Quinta";"04:40:00";"BA";116;"439,7";"FEIRA DE SANTANA";"Defeito mecânico em veículo";"Queda de motocicleta / bicicleta / veículo";"Com Vítimas Feridas";"Amanhecer";"Decrescente";"Nublado";"Dupla";"Reta";"Rural";1;0;1;0;0;0;1;1
83487145;"03/08/16";"Quarta";"21:10:00";"DF";70;"16";"BRASILIA";"Falta de atenção";"Colisão traseira";"Sem Vítimas";"Plena noite";"Crescente";"Ceu Claro";"Dupla";"Reta";"Rural";9;0;0;0;9;0;0;2
83487146;"04/08/16";"Quinta";"06:00:00";"SC";470;"71";"INDAIAL";"Falta de atenção";"Colisão lateral";"Com Vítimas Feridas";"Amanhecer";"Crescente";"Chuva";"Simples";"Cruzamento";"Urbano";2;0;1;0;1;0;1;2
83487147;"04/08/16";"Quinta";"00:40:00";"MG";262;"144,1";"RIO CASCA";"Dormindo";"Capotamento";"Com Vítimas Feridas";"Plena noite";"Crescente";"Ceu Claro";"Simples";"Reta";"Rural";1;0;0;1;0;0;1;1
83487148;"30/07/16";"Sábado";"20:30:00";"MS";262;"755";"CORUMBA";"Ingestão de álcool";"Saída de Pista";"Com Vítimas Feridas";"Plena noite";"Decrescente";"Ceu Claro";"Simples";"Curva";"Rural";1;0;1;0;0;0;1;1