"id";"data_inversa";"dia_semana";"horario";"uf";"br";"km";"municipio";"causa_acidente";"tipo_acidente";"classificacao_acidente";"fase_dia";"sentido_via";"condicao_metereologica";"tipo_pista";"tracado_via";"uso_solo";"pessoas";"mortos";"feridos_leves";"feridos_graves";"ilesos";"ignorados";"feridos";"veiculos"
83487599;"05/08/16";"Sexta";"19:50:00";"RS";287;"247,4";"SANTA MARIA";"Desobediência à sinalização";"Colisão Transversal";"Com Vítimas Feridas";"Plena noite";"Decrescente";"Ceu Claro";"Simples";"Cruzamento";"Urbano";3;0;2;0;1;0;2;2
83487600;"05/08/16";"Sexta";"19:40:00";"PR";376;"144,7";"PRESIDENTE CASTELO BRANCO";"Falta de atenção";"Colisão com objeto fixo";"Com Vítimas Feridas";"Plena noite";"Decrescente";"Ceu Claro";"Dupla";"Reta";"Rural";2;0;1;0;1;0;1;1
83487601;"05/08/16";"Sexta";"21:00:00";"PR";376;"498";"PONTA GROSSA";"Falta de atenção";"Colisão lateral";"Sem Vítimas";"Plena noite";"Crescente";"Ceu Claro";"Dupla";"Reta";"Rural";2;0;0;0;1;1;0;2
83487602;"05/08/16";"Sexta";"17:20:00";"PR";277;"452,8";"LARANJEIRAS DO SUL";"Desobediência à sinalização";"Colisão Transversal";"Sem Vítimas";"Pleno dia";"Crescente";"Ceu Claro";"Simples";"Reta";"Urbano";2;0;0;0;2;0;0;2
83487603;"31/07/16";"Domingo";"06:15:00";"MG";40;"768,3";"JUIZ DE FORA";"Velocidade incompatível";"Capotamento";"Com Vítimas Feridas";"Amanhecer";"Decrescente";"Nublado";"Simples";"Curva";"Rural";2;0;1;0;1;0;1;1
83487604;"05/08/16";"Sexta";"14:05:00";"MS";158;"3,2";"CASSILANDIA";"Desobediência à sinalização";"Colisão lateral";"Com Vítimas Feridas";"Pleno dia";"Decrescente";"Sol";"Simples";"Reta";"Urbano";2;0;1;0;1;0;1;2
83487605;"05/08/16";"Sexta";"20:50:00";"RS";470;"228";"GARIBALDI";"Falta de atenção";"Colisão Transversal";"Sem Vítimas";"Plena noite";"Crescente";"Nublado";"Simples";"Reta";"Rural";3;0;0;0;3;0;0;2
83487606;"05/08/16";"Sexta";"21:00:00";"MT";364;"591";"DIAMANTINO";"Outras";"Saída de Pista";"Com Vítimas Feridas";"Plena noite";"Crescente";"Ceu Claro";"Simples";"Curva";"Rural";1;0;1;0;0;0;1;1
83487607;"05/08/16";"Sexta";"18:20:00";"SC";470;"172,6";"POUSO REDONDO";"Outras";"Colisão Transversal";"Com Vítimas Feridas";"Plena noite";"Crescente";"Ceu Claro";"Simples";"Reta";"Rural";2;0;0;2;0;0;2;2
83487608;"05/08/16";"Sexta";"21:25:00";"RJ";40;"40";"AREAL";"Falta de atenção";"Colisão com objeto fixo";"Sem Vítimas";"Plena noite";"Decrescente";"Ignorada";"Dupla";"Curva";"Rural";1;0;0;0;1;0;0;1
83487609;"05/08/16";"Sexta";"18:50:00";"CE";222;"231";"SOBRAL";"Ingestão de álcool";"Colisão traseira";"Com Vítimas Feridas";"Anoitecer";"Crescente";"Ceu Claro";"Simples";"Reta";"Rural";2;0;1;0;1;0;1;2
83487610;"05/08/16";"Sexta";"20:30:00";"MS";262;"5,8";"TRES LAGOAS";"Não guardar distância de segurança";"Colisão traseira";"Com Vítimas Feridas";"Plena noite";"Decrescente";"Ceu Claro";"Simples";"Reta";"Urbano";3;0;0;1;2;0;1;2
83487611;"05/08/16";"Sexta";"19:30:00";"SP";381;"58,6";"MAIRIPORA";"Defeito mecânico em veículo";"Colisão com objeto fixo";"Sem Vítimas";"Plena noite";"Decrescente";"Ceu Claro";"Dupla";"Reta";"Rural";1;0;0;0;1;0;0;1
83487612;"05/08/16";"Sexta";"19:00:00";"SE";101;"93,7";"NOSSA SENHORA DO SOCORRO";"Velocidade incompatível";"Capotamento";"Com Vítimas Fatais";"Plena noite";"Decrescente";"Nublado";"Dupla";"Curva";"Urbano";1;1;0;0;0;0;0;1
83487613;"05/08/16";"Sexta";"16:50:00";"PI";407;"423,2";"PICOS";"Desobediência à sinalização";"Colisão lateral";"Com Vítimas Feridas";"Pleno dia";"Crescente";"Ceu Claro";"Simples";"Reta";"Urbano";2;0;1;0;1;0;1;2
83487615;"05/08/16";"Sexta";"20:30:00";"PA";316;"8";"ANANINDEUA";"Não guardar distância de segurança";"Colisão traseira";"Com Vítimas Feridas";"Anoitecer";"Crescente";"Ceu Claro";"Dupla";"Reta";"Urbano";2;0;1;0;1;0;1;2
83487616;"05/08/16";"Sexta";"20:30:00";"MG";116;"278";"TEOFILO OTONI";"Outras";"Colisão lateral";"Sem Vítimas";"Plena noite";"Crescente";"Nublado";"Simples";"Cruzamento";"Urbano";2;0;0;0;2;0;0;2
83487617;"05/08/16";"Sexta";"22:40:00";"RS";153;"50,6";"ERECHIM";"Falta de atenção";"Colisão traseira";"Sem Vítimas";"Plena noite";"Crescente";"Ceu Claro";"Simples";"Curva";"Urbano";3;0;0;0;2;1;0;2
83487618;"05/08/16";"Sexta";"18:25:00";"MT";364;"122";"PEDRA PRETA";"Defeito mecânico em veículo";"Colisão traseira";"Sem Vítimas";"Anoitecer";"Crescente";"Ceu Claro";"Simples";"Curva";"Rural";2;0;0;0;2;0;0;2
83487619;"05/08/16";"Sexta";"21:05:00";"SC";470;"122,5";"IBIRAMA";"Desobediência à sinalização";"Colisão lateral";"Sem Vítimas";"Plena noite";"Decrescente";"Ceu Claro";"Simples";"Reta";"Rural";2;0;0;0;2;0;0;2
83487620;"05/08/16";"Sexta";"07:30:00";"RS";290;"77";"GRAVATAI";"Outras";"Colisão com objeto fixo";"Com Vítimas Feridas";"Pleno dia";"Decrescente";"Ceu Claro";"Múltipla";"Reta";"Urbano";1;0;1;0;0;0;1;1
83487621;"05/08/16";"Sexta";"20:35:00";"PE";316;"21,3";"ARARIPINA";"Outras";"Colisão Transversal";"Sem Vítimas";"Plena noite";"Decrescente";"Ceu Claro";"Simples";"Reta";"Urbano";2;0;0;0;2;0;0;2
83487622;"05/08/16";"Sexta";"21:30:00";"PE";232;"199,3";"SANHARO";"Outras";"Colisão frontal";"Sem Vítimas";"Plena noite";"Crescente";"Nublado";"Simples";"Reta";"Rural";2;0;0;0;2;0;0;2
83487623;"05/08/16";"Sexta";"19:50:00";"SC";282;"436,3";"IRANI";"Animais na Pista";"Atropelamento de animal";"Sem Vítimas";"Plena noite";"Decrescente";"Ceu Claro";"Simples";"Reta";"Urbano";2;0;0;0;2;0;0;1
83487624;"05/08/16";"Sexta";"22:15:00";"SC";153;"86,4";"CONCORDIA";"Velocidade incompatível";"Queda de motocicleta / bicicleta / veículo";"Com Vítimas Feridas";"Plena noite";"Decrescente";"Ceu Claro";"Simples";"Curva";"Urbano";1;0;0;1;0;0;1;1
83487625;"05/08/16";"Sexta";"13:15:00";"SC";101;"258,8";"PAULO LOPES";"Falta de atenção";"Colisão lateral";"Sem Vítimas";"Pleno dia";"Crescente";"Sol";"Dupla";"Curva";"Rural";2;0;0;0;2;0;0;2
83487626;"05/08/16";"Sexta";"22:35:00";"MG";262;"652";"IBIA";"Outras";"Saída de Pista";"Com Vítimas Feridas";"Plena noite";"Decrescente";"Nublado";"Simples";"Curva";"Rural";2;0;2;0;0;0;2;1
83487627;"05/08/16";"Sexta";"19:20:00";"CE";116;"499";"BREJO SANTO";"Outras";"Colisão frontal";"Com Vítimas Feridas";"Plena noite";"Decrescente";"Ceu Claro";"Simples";"Reta";"Rural";2;0;0;1;0;1;1;2
83487628;"05/08/16";"Sexta";"19:30:00";"MG";381;"743,1";"TRES CORACOES";"Outras";"Saída de Pista";"Sem Vítimas";"Plena noite";"Decrescente";"Ceu Claro";"Dupla";"Curva";"Rural";5;0;0;0;5;0;0;1
83487629;"05/08/16";"Sexta";"20:00:00";"MG";116;"247";"TEOFILO OTONI";"Animais na Pista";"Atropelamento de animal";"Sem Vítimas";"Plena noite";"Crescente";"Nublado";"Simples";"Curva";"Rural";1;0;0;0;1;0;0;1
83487630;"05/08/16";"Sexta";"20:20:00";"PR";376;"429,9";"TIBAGI";"Falta de atenção";"Atropelamento de pessoa";"Com Vítimas Feridas";"Plena noite";"Decrescente";"Ceu Claro";"Simples";"Reta";"Rural";2;0;0;1;0;1;1;1
83487631;"05/08/16";"Sexta";"22:00:00";"SP";116;"58";"GUARATINGUETA";"Outras";"Atropelamento de pessoa";"Com Vítimas Feridas";"Plena noite";"Decrescente";"Ceu Claro";"Dupla";"Reta";"Urbano";2;0;1;0;0;1;1;1
83487632;"05/08/16";"Sexta";"15:45:00";"PE";232;"13";"RECIFE";"Falta de atenção";"Colisão traseira";"Sem Vítimas";"Pleno dia";"Crescente";"Nublado";"Dupla";"Reta";"Urbano";2;0;0;0;2;0;0;2
83487633;"05/08/16";"Sexta";"21:40:00";"GO";452;"114,5";"BOM JESUS DE GOIAS";"Ultrapassagem indevida";"Colisão lateral";"Com Vítimas Feridas";"Plena noite";"Decrescente";"Ceu Claro";"Simples";"Reta";"Rural";3;0;1;0;2;0;1;2
83487634;"06/08/16";"Sábado";"00:00:00";"PR";277;"128";"BALSA NOVA";"Outras";"Capotamento";"Ignorado";"Plena noite";"Crescente";"Ceu Claro";"Dupla";"Reta";"Rural";1;0;0;0;0;1;0;1
83487635;"31/07/16";"Domingo";"11:00:00";"RJ";101;"73";"CAMPOS DOS GOYTACAZES";"Falta de atenção";"Colisão traseira";"Com Vítimas Feridas";"Pleno dia";"Decrescente";"Ceu Claro";"Simples";"Reta";"Urbano";5;0;2;0;3;0;2;3
83487636;"29/07/16";"Sexta";"18:00:00";"PE";104;"91,8";"AGRESTINA";"Ingestão de álcool";"Colisão traseira";"Com Vítimas Feridas";"Plena noite";"Decrescente";"Ceu Claro";"Simples";"Reta";"Rural";3;0;0;2;0;1;2;2
83487637;"05/08/16";"Sexta";"09:00:00";"MT";70;"213";"GENERAL CARNEIRO";"Falta de atenção";"Tombamento";"Sem Vítimas";"Pleno dia";"Decrescente";"Ceu Claro";"Simples";"Curva";"Rural";1;0;0;0;1;0;0;1
83487638;"05/08/16";"Sexta";"21:00:00";"MT";163;"521";"DIAMANTINO";"Desobediência à sinalização";"Colisão lateral";"Sem Vítimas";"Plena noite";"Crescente";"Ceu Claro";"Simples";"Curva";"Rural";2;0;0;0;2;0;0;2
83487639;"06/08/16";"Sábado";"00:10:00";"RJ";116;"116";"MAGE";"Outras";"Colisão com objeto fixo";"Sem Vítimas";"Plena noite";"Crescente";"Ceu Claro";"Dupla";"Reta";"Rural";1;0;0;0;1;0;0;1
83487640;"05/08/16";"Sexta";"12:22:00";"PR";277;"169,5";"PALMEIRA";"Outras";"Colisão com objeto fixo";"Sem Vítimas";"Pleno dia";"Decrescente";"Ceu Claro";"Simples";"Reta";"Rural";1;0;0;0;1;0;0;1
83487641;"05/08/16";"Sexta";"22:57:00";"PR";376;"632";"SAO JOSE DOS PINHAIS";"Falta de atenção";"Colisão lateral";"Com Vítimas Feridas";"Plena noite";"Crescente";"Nublado";"Dupla";"Reta";"Rural";3;0;0;1;2;0;1;2
83487642;"06/08/16";"Sábado";"01:30:00";"RS";285;"293,3";"PASSO FUNDO";"Velocidade incompatível";"Colisão traseira";"Sem Vítimas";"Plena noite";"Crescente";"Ceu Claro";"Simples";"Curva";"Urbano";2;0;0;0;1;1;0;2
83487643;"05/08/16";"Sexta";"10:15:00";"MG";365;"141,3";"VARZEA DA PALMA";"Falta de atenção";"Colisão traseira";"Com Vítimas Feridas";"Pleno dia";"Crescente";"Sol";"Simples";"Reta";"Rural";2;0;1;0;0;1;1;2
83487644;"06/08/16";"Sábado";"01:55:00";"SC";282;"80";"RANCHO QUEIMADO";"Velocidade incompatível";"Capotamento";"Sem Vítimas";"Plena noite";"Decrescente";"Ceu Claro";"Simples";"Curva";"Rural";1;0;0;0;1;0;0;1
83487645;"05/08/16";"Sexta";"23:20:00";"MG";381;"616,9";"OLIVEIRA";"Defeito mecânico em veículo";"Colisão com objeto fixo";"Sem Vítimas";"Plena noite";"Crescente";"Ceu Claro";"Dupla";"Curva";"Rural";1;0;0;0;1;0;0;1
83487646;"01/08/16";"Segunda";"04:30:00";"RJ";356;"151";"CAMPOS DOS GOYTACAZES";"Outras";"Atropelamento de animal";"Com Vítimas Feridas";"Plena noite";"Crescente";"Nublado";"Simples";"Reta";"Rural";1;0;1;0;0;0;1;1
83487647;"05/08/16";"Sexta";"08:00:00";"MG";116;"264,6";"TEOFILO OTONI";"Falta de atenção";"Saída de Pista";"Com Vítimas Feridas";"Pleno dia";"Decrescente";"Nublado";"Simples";"Curva";"Rural";1;0;1;0;0;0;1;1
83487649;"06/08/16";"Sábado";"02:50:00";"MG";381;"500";"BETIM";"Outras";"Capotamento";"Ignorado";"Plena noite";"Crescente";"Ceu Claro";"Dupla";"Reta";"Urbano";1;0;0;0;0;1;0;1
83487650;"05/08/16";"Sexta";"23:35:00";"AL";104;"34,7";"UNIAO DOS PALMARES";"Outras";"Colisão frontal";"Com Vítimas Fatais";"Plena noite";"Crescente";"Ceu Claro";"Simples";"Reta";"Urbano";3;2;0;0;0;1;0;2
83487651;"05/08/16";"Sexta";"19:30:00";"MG";365;"694,5";"MONTE ALEGRE DE MINAS";"Falta de atenção";"Queda de motocicleta / bicicleta / veículo";"Com Vítimas Feridas";"Plena noite";"Crescente";"Nublado";"Dupla";"Reta";"Urbano";1;0;1;0;0;0;1;1
83487652;"05/08/16";"Sexta";"23:40:00";"MS";262;"417,5";"TERENOS";"Outras";"Capotamento";"Sem Vítimas";"Plena noite";"Decrescente";"Ceu Claro";"Simples";"Reta";"Rural";2;0;0;0;1;1;0;2
83487654;"05/08/16";"Sexta";"18:45:00";"CE";20;"395,8";"CAUCAIA";"Outras";"Colisão Transversal";"Sem Vítimas";"Plena noite";"Crescente";"Ceu Claro";"Simples";"Reta";"Rural";2;0;0;0;1;1;0;2
83487655;"05/08/16";"Sexta";"21:20:00";"PB";230;"41";"SANTA RITA";"Desobediência à sinalização";"Colisão Transversal";"Sem Vítimas";"Plena noite";"Decrescente";"Vento";"Dupla";"Reta";"Rural";2;0;0;0;2;0;0;2
83487656;"05/08/16";"Sexta";"18:30:00";"PR";376;"164";"MARINGA";"Outras";"Queda de motocicleta / bicicleta / veículo";"Com Vítimas Feridas";"Anoitecer";"Decrescente";"Ceu Claro";"Dupla";"Reta";"Rural";1;0;1;0;0;0;1;1
83487657;"05/08/16";"Sexta";"18:25:00";"CE";222;"1,4";"FORTALEZA";"Falta de atenção";"Atropelamento de pessoa";"Com Vítimas Fatais";"Plena noite";"Crescente";"Ceu Claro";"Múltipla";"Reta";"Urbano";2;1;0;0;1;0;0;1
83487658;"05/08/16";"Sexta";"18:30:00";"PI";407;"438";"GEMINIANO";"Falta de atenção";"Colisão Transversal";"Com Vítimas Fatais";"Plena noite";"Decrescente";"Ceu Claro";"Simples";"Reta";"Rural";4;1;0;1;2;0;1;2
83487659;"05/08/16";"Sexta";"18:30:00";"PR";476;"131";"CURITIBA";"Falta de atenção";"Colisão lateral";"Com Vítimas Feridas";"Plena noite";"Decrescente";"Ceu Claro";"Múltipla";"Reta";"Urbano";2;0;1;0;1;0;1;2
83487660;"06/08/16";"Sábado";"03:50:00";"MG";40;"768,4";"JUIZ DE FORA";"Defeito mecânico em veículo";"Incêndio";"Sem Vítimas";"Plena noite";"Crescente";"Nevoeiro/neblina";"Simples";"Curva";"Rural";1;0;0;0;1;0;0;1
83487661;"06/08/16";"Sábado";"03:20:00";"SC";101;"159";"PORTO BELO";"Outras";"Queda de motocicleta / bicicleta / veículo";"Com Vítimas Feridas";"Plena noite";"Decrescente";"Ceu Claro";"Dupla";"Reta";"Rural";2;0;0;1;1;0;1;2
83487662;"06/08/16";"Sábado";"04:00:00";"SC";101;"205,5";"SAO JOSE";"Outras";"Saída de Pista";"Ignorado";"Plena noite";"Crescente";"Ceu Claro";"Múltipla";"Reta";"Urbano";1;0;0;0;0;1;0;1
83487663;"06/08/16";"Sábado";"04:55:00";"SC";470;"59,8";"BLUMENAU";"Ingestão de álcool";"Colisão com objeto fixo";"Com Vítimas Feridas";"Plena noite";"Crescente";"Nublado";"Simples";"Reta";"Urbano";1;0;1;0;0;0;1;1
83487664;"02/08/16";"Terça";"12:00:00";"MG";251;"333,5";"FRUTA DE LEITE";"Velocidade incompatível";"Tombamento";"Com Vítimas Feridas";"Pleno dia";"Decrescente";"Ceu Claro";"Simples";"Curva";"Rural";1;0;1;0;0;0;1;1
83487665;"05/08/16";"Sexta";"23:35:00";"MG";40;"467,6";"SETE LAGOAS";"Outras";"Saída de Pista";"Com Vítimas Feridas";"Plena noite";"Decrescente";"Ceu Claro";"Dupla";"Reta";"Urbano";1;0;1;0;0;0;1;1
83487666;"06/08/16";"Sábado";"02:00:00";"MT";364;"449";"VARZEA GRANDE";"Falta de atenção";"Colisão traseira";"Sem Vítimas";"Plena noite";"Decrescente";"Ceu Claro";"Simples";"Reta";"Rural";3;0;0;0;3;0;0;3
83487667;"06/08/16";"Sábado";"04:20:00";"PR";277;"234";"FERNANDES PINHEIRO";"Falta de atenção";"Queda de motocicleta / bicicleta / veículo";"Com Vítimas Feridas";"Plena noite";"Decrescente";"Ceu Claro";"Simples";"Reta";"Rural";1;0;0;1;0;0;1;1
83487668;"06/08/16";"Sábado";"04:54:00";"SC";101;"87";"BARRA VELHA";"Outras";"Tombamento";"Com Vítimas Feridas";"Plena noite";"Decrescente";"Nublado";"Simples";"Reta";"Urbano";1;0;1;0;0;0;1;1
83487669;"06/08/16";"Sábado";"04:54:00";"SC";101;"98";"PICARRAS";"Outras";"Colisão traseira";"Com Vítimas Feridas";"Plena noite";"Decrescente";"Nublado";"Dupla";"Reta";"Rural";4;0;0;4;0;0;4;2
83487670;"05/08/16";"Sexta";"17:40:00";"SP";381;"44,8";"ATIBAIA";"Defeito mecânico em veículo";"Incêndio";"Sem Vítimas";"Anoitecer";"Decrescente";"Ceu Claro";"Dupla";"Reta";"Rural";1;0;0;0;1;0;0;1
83487671;"05/08/16";"Sexta";"21:00:00";"PR";163;"187";"SANTA TEREZA DO OESTE";"Falta de atenção";"Colisão traseira";"Sem Vítimas";"Plena noite";"Decrescente";"Ceu Claro";"Dupla";"Reta";"Rural";2;0;0;0;2;0;0;2
83487672;"06/08/16";"Sábado";"05:00:00";"SC";470;"11";"NAVEGANTES";"Ingestão de álcool";"Capotamento";"Com Vítimas Feridas";"Plena noite";"Decrescente";"Ceu Claro";"Simples";"Curva";"Urbano";2;0;2;0;0;0;2;1
83487673;"06/08/16";"Sábado";"05:30:00";"PE";232;"5";"RECIFE";"Outras";"Capotamento";"Sem Vítimas";"Amanhecer";"Crescente";"Ceu Claro";"Dupla";"Curva";"Urbano";1;0;0;0;1;0;0;1
83487674;"06/08/16";"Sábado";"04:10:00";"SC";282;"5,7";"SAO JOSE";"Velocidade incompatível";"Colisão com objeto fixo";"Com Vítimas Feridas";"Plena noite";"Crescente";"Nublado";"Múltipla";"Curva";"Urbano";1;0;1;0;0;0;1;1
83487675;"05/08/16";"Sexta";"21:45:00";"SP";381;"42,4";"ATIBAIA";"Falta de atenção";"Colisão traseira";"Sem Vítimas";"Plena noite";"Crescente";"Nublado";"Dupla";"Reta";"Rural";2;0;0;0;2;0;0;2
83487676;"05/08/16";"Sexta";"14:00:00";"PI";230;"308";"FLORIANO";"Ingestão de álcool";"Colisão Transversal";"Com Vítimas Feridas";"Pleno dia";"Decrescente";"Ceu Claro";"Simples";"Reta";"Rural";3;0;0;2;1;0;2;2
83487677;"03/08/16";"Quarta";"19:40:00";"PA";230;"632";"ALTAMIRA";"Falta de atenção";"Colisão traseira";"Sem Vítimas";"Plena noite";"Decrescente";"Nublado";"Simples";"Reta";"Urbano";2;0;0;0;2;0;0;2
83487678;"06/08/16";"Sábado";"04:50:00";"RO";364;"374,5";"OURO PRETO DO OESTE";"Falta de atenção";"Colisão lateral";"Com Vítimas Feridas";"Amanhecer";"Crescente";"Ceu Claro";"Simples";"Reta";"Rural";2;0;0;1;1;0;1;2
83487679;"05/08/16";"Sexta";"12:00:00";"MG";251;"368";"GRAO MOGOL";"Velocidade incompatível";"Saída de Pista";"Com Vítimas Feridas";"Pleno dia";"Decrescente";"Sol";"Simples";"Reta";"Rural";1;0;1;0;0;0;1;1
83487680;"06/08/16";"Sábado";"04:50:00";"RS";470;"169";"VERANOPOLIS";"Velocidade incompatível";"Capotamento";"Com Vítimas Feridas";"Plena noite";"Crescente";"Ceu Claro";"Simples";"Reta";"Rural";1;0;1;0;0;0;1;1
83487681;"06/08/16";"Sábado";"00:15:00";"MG";381;"744,5";"TRES CORACOES";"Falta de atenção";"Saída de Pista";"Com Vítimas Feridas";"Plena noite";"Crescente";"Nublado";"Dupla";"Reta";"Rural";1;0;0;1;0;0;1;1
83487682;"05/08/16";"Sexta";"21:45:00";"MG";40;"727,5";"OLIVEIRA FORTES";"Outras";"Colisão com objeto fixo";"Sem Vítimas";"Plena noite";"Crescente";"Ignorada";"Dupla";"Curva";"Rural";1;0;0;0;1;0;0;1
83487683;"06/08/16";"Sábado";"00:30:00";"PR";116;"151,8";"MANDIRITUBA";"Desobediência à sinalização";"Colisão frontal";"Com Vítimas Feridas";"Plena noite";"Decrescente";"Ceu Claro";"Simples";"Reta";"Rural";2;0;0;1;1;0;1;2
83487684;"06/08/16";"Sábado";"05:00:00";"PI";343;"316,8";"ALTOS";"Não guardar distância de segurança";"Colisão traseira";"Com Vítimas Fatais";"Plena noite";"Decrescente";"Ceu Claro";"Simples";"Reta";"Rural";2;1;0;0;0;1;0;2
83487685;"06/08/16";"Sábado";"02:30:00";"PR";116;"149,3";"MANDIRITUBA";"Outras";"Colisão frontal";"Com Vítimas Fatais";"Plena noite";"Decrescente";"Ceu Claro";"Simples";"Reta";"Rural";5;4;0;1;0;0;1;2
83487686;"02/08/16";"Terça";"05:35:00";"MG";116;"702,8";"MURIAE";"Velocidade incompatível";"Queda de motocicleta / bicicleta / veículo";"Com Vítimas Feridas";"Amanhecer";"Decrescente";"Ceu Claro";"Simples";"Cruzamento";"Urbano";1;0;1;0;0;0;1;1
83487687;"02/08/16";"Terça";"19:15:00";"PI";316;"30";"DEMERVAL LOBAO";"Outras";"Colisão lateral";"Sem Vítimas";"Plena noite";"Crescente";"Ceu Claro";"Simples";"Curva";"Rural";2;0;0;0;2;0;0;2
83487688;"25/07/16";"Segunda";"18:30:00";"ES";101;"0,8";"SERRA";"Não guardar distância de segurança";"Colisão traseira";"Com Vítimas Feridas";"Plena noite";"Decrescente";"Ceu Claro";"Dupla";"Reta";"Urbano";2;0;0;1;1;0;1;2
83487689;"06/08/16";"Sábado";"04:02:00";"PR";116;"21";"CAMPINA GRANDE DO SUL";"Outras";"Tombamento";"Com Vítimas Feridas";"Plena noite";"Crescente";"Nevoeiro/neblina";"Dupla";"Reta";"Rural";30;0;2;0;28;0;2;1
83487690;"06/08/16";"Sábado";"06:00:00";"GO";60;"346,8";"SANTO ANTONIO DA BARRA";"Outras";"Saída de Pista";"Sem Vítimas";"Amanhecer";"Crescente";"Ceu Claro";"Dupla";"Reta";"Rural";1;0;0;0;1;0;0;1
83487691;"06/08/16";"Sábado";"07:30:00";"BA";330;"763";"IPIAU";"Outras";"Tombamento";"Com Vítimas Feridas";"Pleno dia";"Crescente";"Chuva";"Simples";"Reta";"Urbano";1;0;1;0;0;0;1;1
83487692;"03/08/16";"Quarta";"05:00:00";"BA";116;"696,7";"JEQUIE";"Velocidade incompatível";"Capotamento";"Com Vítimas Feridas";"Amanhecer";"Crescente";"Chuva";"Simples";"Curva";"Rural";2;0;0;2;0;0;2;1
83487693;"06/08/16";"Sábado";"06:16:00";"RS";158;"237";"TUPANCIRETA";"Defeito mecânico em veículo";"Saída de Pista";"Sem Vítimas";"Amanhecer";"Crescente";"Nublado";"Simples";"Reta";"Rural";1;0;0;0;1;0;0;1
83487694;"04/08/16";"Quinta";"23:00:00";"PB";230;"503";"CAJAZEIRAS";"Ingestão de álcool";"Colisão lateral";"Com Vítimas Feridas";"Plena noite";"Crescente";"Ceu Claro";"Simples";"Reta";"Rural";2;0;1;1;0;0;2;2
83487695;"06/08/16";"Sábado";"03:30:00";"SC";116;"140,5";"SANTA CECILIA";"Desobediência à sinalização";"Colisão lateral";"Sem Vítimas";"Plena noite";"Crescente";"Ceu Claro";"Simples";"Curva";"Urbano";2;0;0;0;2;0;0;2
83487696;"02/08/16";"Terça";"23:30:00";"MG";381;"905,2";"CAMBUI";"Defeito mecânico em veículo";"Colisão traseira";"Sem Vítimas";"Plena noite";"Decrescente";"Ceu Claro";"Dupla";"Curva";"Rural";2;0;0;0;2;0;0;2
83487697;"02/08/16";"Terça";"07:00:00";"SC";101;"328";"CAPIVARI DE BAIXO";"Falta de atenção";"Colisão com objeto fixo";"Sem Vítimas";"Pleno dia";"Crescente";"Ceu Claro";"Dupla";"Reta";"Rural";2;0;0;0;2;0;0;1
83487698;"03/08/16";"Quarta";"07:10:00";"PR";277;"527,8";"GUARANIACU";"Outras";"Saída de Pista";"Com Vítimas Feridas";"Pleno dia";"Decrescente";"Sol";"Simples";"Curva";"Rural";1;0;1;0;0;0;1;1
83487699;"31/07/16";"Domingo";"06:15:00";"MA";316;"614";"TIMON";"Ingestão de álcool";"Colisão com objeto móvel";"Com Vítimas Feridas";"Amanhecer";"Crescente";"Ignorada";"Simples";"Reta";"Urbano";10;0;3;2;5;0;5;6
83487700;"06/08/16";"Sábado";"06:40:00";"BA";116;"524";"ITATIM";"Velocidade incompatível";"Saída de Pista";"Sem Vítimas";"Pleno dia";"Decrescente";"Nublado";"Simples";"Curva";"Rural";1;0;0;0;1;0;0;1
83487701;"06/08/16";"Sábado";"07:00:00";"SC";282;"206,6";"LAGES";"Falta de atenção";"Colisão traseira";"Com Vítimas Feridas";"Pleno dia";"Crescente";"Ceu Claro";"Simples";"Reta";"Rural";4;0;2;0;2;0;2;2
83487702;"06/08/16";"Sábado";"07:10:00";"RJ";116;"167";"SAO JOAO DE MERITI";"Velocidade incompatível";"Colisão com objeto fixo";"Com Vítimas Feridas";"Amanhecer";"Crescente";"Ceu Claro";"Dupla";"Reta";"Urbano";4;0;4;0;0;0;4;1
83487703;"02/08/16";"Terça";"18:50:00";"MG";135;"664";"CURVELO";"Ultrapassagem indevida";"Colisão lateral";"Com Vítimas Feridas";"Anoitecer";"Decrescente";"Ceu Claro";"Simples";"Reta";"Rural";5;0;3;0;2;0;3;2
83487704;"03/08/16";"Quarta";"22:10:00";"SE";101;"61,7";"ROSARIO DO CATETE";"Defeito mecânico em veículo";"Colisão frontal";"Com Vítimas Feridas";"Plena noite";"Decrescente";"Ceu Claro";"Simples";"Reta";"Rural";2;0;1;0;1;0;1;2
83487705;"05/08/16";"Sexta";"18:30:00";"BA";116;"254";"TUCANO";"Outras";"Colisão traseira";"Sem Vítimas";"Anoitecer";"Decrescente";"Ceu Claro";"Simples";"Reta";"Rural";5;0;0;0;5;0;0;3
83487706;"02/08/16";"Terça";"18:40:00";"SC";101;"336";"TUBARAO";"Falta de atenção";"Colisão traseira";"Sem Vítimas";"Plena noite";"Decrescente";"Ceu Claro";"Dupla";"Reta";"Urbano";4;0;0;0;4;0;0;3
83487707;"06/08/16";"Sábado";"06:30:00";"PR";277;"697,7";"SAO MIGUEL DO IGUACU";"Dormindo";"Saída de Pista";"Com Vítimas Fatais";"Amanhecer";"Crescente";"Ceu Claro";"Dupla";"Reta";"Rural";4;1;2;1;0;0;3;1
83487708;"06/08/16";"Sábado";"07:14:00";"PB";230;"21,4";"JOAO PESSOA";"Outras";"Queda de motocicleta / bicicleta / veículo";"Com Vítimas Feridas";"Pleno dia";"Decrescente";"Ceu Claro";"Dupla";"Reta";"Urbano";1;0;0;1;0;0;1;1