"id";"data_inversa";"dia_semana";"horario";"uf";"br";"km";"municipio";"causa_acidente";"tipo_acidente";"classificacao_acidente";"fase_dia";"sentido_via";"condicao_metereologica";"tipo_pista";"tracado_via";"uso_solo";"pessoas";"mortos";"feridos_leves";"feridos_graves";"ilesos";"ignorados";"feridos";"veiculos"
83487930;"06/08/16";"Sábado";"19:55:00";"MG";40;"280,9";"TRES MARIAS";"Ingestão de álcool";"Saída de Pista";"Com Vítimas Feridas";"Plena noite";"Decrescente";"Ceu Claro";"Simples";"Reta";"Rural";2;0;1;0;1;0;1;1
83487931;"07/08/16";"Domingo";"05:50:00";"PE";110;"102,6";"SERTANIA";"Ingestão de álcool";"Capotamento";"Com Vítimas Fatais";"Amanhecer";"Crescente";"Ceu Claro";"Simples";"Reta";"Rural";1;1;0;0;0;0;0;1
83487932;"04/08/16";"Quinta";"05:20:00";"MG";40;"790,1";"JUIZ DE FORA";"Animais na Pista";"Atropelamento de animal";"Sem Vítimas";"Plena noite";"Decrescente";"Nublado";"Dupla";"Curva";"Rural";5;0;0;0;4;1;0;2
83487933;"31/07/16";"Domingo";"00:15:00";"SP";116;"425,8";"JUQUIA";"Outras";"Capotamento";"Com Vítimas Fatais";"Plena noite";"Crescente";"Nublado";"Dupla";"Reta";"Rural";5;1;3;0;1;0;3;1
83487934;"03/08/16";"Quarta";"14:10:00";"PR";272;"543";"TERRA ROXA";"Falta de atenção";"Tombamento";"Sem Vítimas";"Pleno dia";"Crescente";"Ceu Claro";"Simples";"Curva";"Rural";1;0;0;0;1;0;0;1
83487935;"04/08/16";"Quinta";"06:30:00";"PE";232;"77";"SAIRE";"Outras";"Colisão lateral";"Sem Vítimas";"Amanhecer";"Decrescente";"Ceu Claro";"Dupla";"Reta";"Rural";2;0;0;0;2;0;0;2
83487936;"07/08/16";"Domingo";"04:30:00";"SP";116;"147,5";"SAO JOSE DOS CAMPOS";"Dormindo";"Capotamento";"Sem Vítimas";"Amanhecer";"Crescente";"Ceu Claro";"Dupla";"Reta";"Urbano";1;0;0;0;1;0;0;1
83487937;"03/08/16";"Quarta";"21:15:00";"GO";60;"32";"ALEXANIA";"Falta de atenção";"Colisão Transversal";"Com Vítimas Feridas";"Plena noite";"Crescente";"Ceu Claro";"Dupla";"Reta";"Urbano";2;0;0;1;0;1;1;2
83487938;"07/08/16";"Domingo";"03:00:00";"PI";343;"472,5";"ANGICAL DO PIAUI";"Ingestão de álcool";"Colisão frontal";"Com Vítimas Fatais";"Plena noite";"Decrescente";"Ceu Claro";"Simples";"Reta";"Rural";2;1;0;0;1;0;0;2
83487940;"04/08/16";"Quinta";"05:00:00";"PR";369;"154";"LONDRINA";"Velocidade incompatível";"Colisão traseira";"Com Vítimas Feridas";"Plena noite";"Crescente";"Ceu Claro";"Dupla";"Reta";"Urbano";3;0;0;2;1;0;2;2
83487942;"07/08/16";"Domingo";"05:00:00";"GO";60;"417,8";"RIO VERDE";"Outras";"Incêndio";"Com Vítimas Feridas";"Plena noite";"Crescente";"Ceu Claro";"Dupla";"Reta";"Rural";36;0;1;0;35;0;1;1
83487943;"04/08/16";"Quinta";"06:15:00";"PI";316;"113";"PASSAGEM FRANCA DO PIAUI";"Outras";"Tombamento";"Com Vítimas Feridas";"Pleno dia";"Decrescente";"Ceu Claro";"Simples";"Reta";"Rural";2;0;2;0;0;0;2;1
83487944;"03/08/16";"Quarta";"19:00:00";"PR";153;"334,7";"IRATI";"Velocidade incompatível";"Colisão frontal";"Com Vítimas Feridas";"Plena noite";"Decrescente";"Ceu Claro";"Simples";"Curva";"Urbano";2;0;0;1;1;0;1;2
83487945;"04/08/16";"Quinta";"06:00:00";"DF";20;"10";"BRASILIA";"Velocidade incompatível";"Colisão traseira";"Com Vítimas Feridas";"Amanhecer";"Decrescente";"Ceu Claro";"Dupla";"Reta";"Urbano";3;0;2;0;1;0;2;2
83487946;"07/08/16";"Domingo";"08:20:00";"RS";386;"247,5";"SOLEDADE";"Desobediência à sinalização";"Colisão Transversal";"Com Vítimas Feridas";"Pleno dia";"Crescente";"Nublado";"Simples";"Reta";"Rural";6;0;0;1;5;0;1;2
83487947;"07/08/16";"Domingo";"07:35:00";"SC";282;"35";"AGUAS MORNAS";"Velocidade incompatível";"Saída de Pista";"Com Vítimas Feridas";"Pleno dia";"Decrescente";"Chuva";"Simples";"Curva";"Rural";1;0;1;0;0;0;1;1
83487948;"05/08/16";"Sexta";"11:45:00";"MG";116;"635,8";"DIVINO";"Falta de atenção";"Colisão Transversal";"Com Vítimas Feridas";"Pleno dia";"Decrescente";"Sol";"Simples";"Reta";"Rural";5;0;3;1;1;0;4;2
83487949;"03/08/16";"Quarta";"16:35:00";"GO";153;"509,4";"APARECIDA DE GOIANIA";"Desobediência à sinalização";"Colisão lateral";"Com Vítimas Feridas";"Pleno dia";"Decrescente";"Ceu Claro";"Múltipla";"Cruzamento";"Urbano";2;0;1;0;1;0;1;2
83487950;"07/08/16";"Domingo";"07:40:00";"RN";101;"123,6";"SAO JOSE DE MIPIBU";"Dormindo";"Colisão com objeto fixo";"Com Vítimas Feridas";"Pleno dia";"Crescente";"Ceu Claro";"Múltipla";"Reta";"Urbano";1;0;1;0;0;0;1;1
83487951;"11/07/16";"Segunda";"06:20:00";"SC";101;"326";"CAPIVARI DE BAIXO";"Dormindo";"Colisão traseira";"Com Vítimas Feridas";"Amanhecer";"Crescente";"Nublado";"Dupla";"Curva";"Urbano";2;0;1;0;1;0;1;2
83487952;"04/08/16";"Quinta";"03:30:00";"PR";277;"415";"CANTAGALO";"Falta de atenção";"Tombamento";"Sem Vítimas";"Plena noite";"Crescente";"Ignorada";"Simples";"Reta";"Rural";1;0;0;0;1;0;0;1
83487953;"07/08/16";"Domingo";"08:00:00";"PB";101;"58";"SANTA RITA";"Dormindo";"Queda de motocicleta / bicicleta / veículo";"Com Vítimas Feridas";"Pleno dia";"Crescente";"Sol";"Dupla";"Reta";"Rural";1;0;1;0;0;0;1;1
83487954;"07/08/16";"Domingo";"06:10:00";"PR";376;"345,2";"ORTIGUEIRA";"Outras";"Capotamento";"Com Vítimas Fatais";"Amanhecer";"Decrescente";"Ceu Claro";"Simples";"Curva";"Rural";2;1;0;0;0;1;0;1
83487955;"04/08/16";"Quinta";"19:50:00";"DF";20;"7";"BRASILIA";"Ingestão de álcool";"Colisão lateral";"Sem Vítimas";"Plena noite";"Crescente";"Ceu Claro";"Dupla";"Reta";"Urbano";2;0;0;0;2;0;0;2
83487956;"06/08/16";"Sábado";"18:50:00";"GO";60;"276";"JANDAIA";"Dormindo";"Tombamento";"Com Vítimas Feridas";"Anoitecer";"Crescente";"Ceu Claro";"Dupla";"Reta";"Rural";1;0;1;0;0;0;1;1
83487957;"04/08/16";"Quinta";"19:45:00";"DF";20;"17";"BRASILIA";"Velocidade incompatível";"Saída de Pista";"Com Vítimas Feridas";"Plena noite";"Decrescente";"Ceu Claro";"Dupla";"Reta";"Urbano";1;0;1;0;0;0;1;1
83487958;"03/08/16";"Quarta";"12:30:00";"MG";116;"276";"TEOFILO OTONI";"Falta de atenção";"Colisão Transversal";"Com Vítimas Feridas";"Pleno dia";"Decrescente";"Nublado";"Simples";"Curva";"Urbano";2;0;1;0;1;0;1;2
83487959;"04/08/16";"Quinta";"07:20:00";"RR";174;"501";"BOA VISTA";"Falta de atenção";"Colisão traseira";"Com Vítimas Feridas";"Pleno dia";"Crescente";"Ceu Claro";"Dupla";"Reta";"Urbano";3;0;3;0;0;0;3;2
83487960;"05/08/16";"Sexta";"21:45:00";"CE";116;"378,1";"ICO";"Desobediência à sinalização";"Colisão frontal";"Com Vítimas Fatais";"Plena noite";"Crescente";"Ceu Claro";"Simples";"Curva";"Urbano";2;1;0;0;1;0;0;2
83487961;"03/08/16";"Quarta";"23:20:00";"RN";101;"106,2";"PARNAMIRIM";"Velocidade incompatível";"Colisão traseira";"Com Vítimas Fatais";"Plena noite";"Decrescente";"Ignorada";"Dupla";"Reta";"Urbano";2;1;0;0;0;1;0;2
83487962;"05/08/16";"Sexta";"11:00:00";"BA";101;"913";"NOVA VICOSA";"Outras";"Saída de Pista";"Sem Vítimas";"Pleno dia";"Decrescente";"Ceu Claro";"Simples";"Reta";"Rural";1;0;0;0;1;0;0;1
83487963;"04/07/16";"Segunda";"23:30:00";"DF";20;"7";"BRASILIA";"Ingestão de álcool";"Saída de Pista";"Com Vítimas Feridas";"Plena noite";"Decrescente";"Ceu Claro";"Dupla";"Reta";"Urbano";1;0;1;0;0;0;1;1
83487964;"06/08/16";"Sábado";"11:30:00";"MG";365;"567,5";"INDIANOPOLIS";"Falta de atenção";"Colisão traseira";"Com Vítimas Feridas";"Pleno dia";"Crescente";"Sol";"Simples";"Reta";"Rural";4;0;2;0;2;0;2;2
83487965;"03/08/16";"Quarta";"02:10:00";"PB";101;"75,7";"SANTA RITA";"Velocidade incompatível";"Saída de Pista";"Sem Vítimas";"Plena noite";"Decrescente";"Chuva";"Dupla";"Curva";"Rural";1;0;0;0;1;0;0;1
83487966;"07/08/16";"Domingo";"09:15:00";"SC";101;"49";"JOINVILLE";"Outras";"Saída de Pista";"Com Vítimas Feridas";"Pleno dia";"Decrescente";"Nublado";"Múltipla";"Reta";"Rural";2;0;1;0;1;0;1;1
83487967;"03/08/16";"Quarta";"18:20:00";"PE";101;"44,5";"IGARASSU";"Outras";"Colisão Transversal";"Sem Vítimas";"Plena noite";"Decrescente";"Ceu Claro";"Múltipla";"Reta";"Urbano";2;0;0;0;1;1;0;2
83487968;"23/07/16";"Sábado";"23:25:00";"GO";40;"7,3";"LUZIANIA";"Ingestão de álcool";"Saída de Pista";"Sem Vítimas";"Plena noite";"Decrescente";"Ceu Claro";"Dupla";"Reta";"Urbano";1;0;0;0;1;0;0;1
83487969;"04/08/16";"Quinta";"04:45:00";"RJ";465;"10";"SEROPEDICA";"Outras";"Colisão frontal";"Com Vítimas Feridas";"Plena noite";"Crescente";"Nublado";"Simples";"Reta";"Urbano";2;0;1;1;0;0;2;2
83487970;"03/08/16";"Quarta";"13:50:00";"GO";80;"24";"PADRE BERNARDO";"Outras";"Saída de Pista";"Com Vítimas Feridas";"Pleno dia";"Decrescente";"Sol";"Simples";"Reta";"Rural";1;0;0;1;0;0;1;1
83487971;"07/08/16";"Domingo";"08:30:00";"GO";70;"27";"COCALZINHO DE GOIAS";"Outras";"Colisão Transversal";"Com Vítimas Feridas";"Pleno dia";"Crescente";"Ceu Claro";"Simples";"Reta";"Rural";10;0;4;0;6;0;4;2
83487972;"07/08/16";"Domingo";"07:45:00";"RS";287;"433,6";"UNISTALDA";"Velocidade incompatível";"Colisão traseira";"Sem Vítimas";"Amanhecer";"Crescente";"Nevoeiro/neblina";"Simples";"Reta";"Urbano";3;0;0;0;3;0;0;2
83487973;"03/08/16";"Quarta";"13:00:00";"TO";153;"290";"PRESIDENTE KENNEDY";"Ultrapassagem indevida";"Colisão frontal";"Com Vítimas Fatais";"Pleno dia";"Crescente";"Ceu Claro";"Simples";"Reta";"Rural";4;1;2;1;0;0;3;2
83487974;"01/08/16";"Segunda";"21:40:00";"RJ";101;"320,5";"SAO GONCALO";"Outras";"Colisão traseira";"Sem Vítimas";"Plena noite";"Decrescente";"Nublado";"Dupla";"Reta";"Urbano";7;0;0;0;7;0;0;3
83487975;"07/08/16";"Domingo";"01:15:00";"CE";222;"200,2";"FORQUILHA";"Falta de atenção";"Colisão traseira";"Sem Vítimas";"Plena noite";"Crescente";"Ceu Claro";"Simples";"Reta";"Rural";2;0;0;0;2;0;0;2
83487976;"14/04/16";"Quinta";"06:50:00";"RS";116;"267";"CANOAS";"Falta de atenção";"Colisão traseira";"Sem Vítimas";"Amanhecer";"Crescente";"Sol";"Múltipla";"Reta";"Urbano";2;0;0;0;2;0;0;2
83487977;"07/08/16";"Domingo";"09:50:00";"BA";116;"826";"VITORIA DA CONQUISTA";"Defeito mecânico em veículo";"Colisão traseira";"Sem Vítimas";"Pleno dia";"Crescente";"Ceu Claro";"Múltipla";"Reta";"Urbano";2;0;0;0;2;0;0;2
83487978;"01/08/16";"Segunda";"15:00:00";"SP";116;"74,6";"APARECIDA";"Outras";"Queda de motocicleta / bicicleta / veículo";"Com Vítimas Feridas";"Pleno dia";"Crescente";"Ceu Claro";"Dupla";"Reta";"Rural";3;0;0;1;2;0;1;3
83487979;"07/08/16";"Domingo";"09:20:00";"SP";381;"74,8";"SAO PAULO";"Velocidade incompatível";"Queda de motocicleta / bicicleta / veículo";"Com Vítimas Feridas";"Pleno dia";"Decrescente";"Ceu Claro";"Dupla";"Curva";"Rural";1;0;1;0;0;0;1;1
83487980;"07/08/16";"Domingo";"10:30:00";"ES";101;"296,8";"CARIACICA";"Não guardar distância de segurança";"Colisão lateral";"Com Vítimas Feridas";"Pleno dia";"Crescente";"Ceu Claro";"Dupla";"Curva";"Urbano";2;0;0;1;1;0;1;2
83487981;"04/08/16";"Quinta";"00:20:00";"PE";101;"107";"CABO DE SANTO AGOSTINHO";"Dormindo";"Tombamento";"Com Vítimas Feridas";"Plena noite";"Decrescente";"Nublado";"Dupla";"Reta";"Urbano";1;0;1;0;0;0;1;1
83487982;"04/08/16";"Quinta";"05:30:00";"MG";267;"251,7";"CARVALHOS";"Velocidade incompatível";"Tombamento";"Com Vítimas Feridas";"Amanhecer";"Decrescente";"Ceu Claro";"Simples";"Curva";"Rural";1;0;1;0;0;0;1;1
83487983;"07/08/16";"Domingo";"07:20:00";"SP";116;"434";"REGISTRO";"Outras";"Saída de Pista";"Ignorado";"Amanhecer";"Decrescente";"Nublado";"Dupla";"Reta";"Rural";1;0;0;0;0;1;0;1
83487984;"07/08/16";"Domingo";"11:10:00";"MA";135;"92";"ITAPECURU MIRIM";"Não guardar distância de segurança";"Colisão traseira";"Sem Vítimas";"Pleno dia";"Crescente";"Ceu Claro";"Simples";"Reta";"Rural";2;0;0;0;2;0;0;2
83487985;"07/08/16";"Domingo";"06:50:00";"PR";476;"136,6";"CURITIBA";"Velocidade incompatível";"Colisão traseira";"Sem Vítimas";"Pleno dia";"Crescente";"Nublado";"Múltipla";"Reta";"Urbano";2;0;0;0;1;1;0;2
83487986;"07/08/16";"Domingo";"10:30:00";"MG";40;"209";"JOAO PINHEIRO";"Dormindo";"Saída de Pista";"Com Vítimas Feridas";"Pleno dia";"Crescente";"Ceu Claro";"Simples";"Reta";"Rural";2;0;1;1;0;0;2;1
83487987;"18/07/16";"Segunda";"04:20:00";"SC";101;"159,3";"PORTO BELO";"Outras";"Saída de Pista";"Com Vítimas Feridas";"Plena noite";"Crescente";"Ceu Claro";"Dupla";"Reta";"Urbano";4;0;3;0;1;0;3;1
83487988;"07/08/16";"Domingo";"11:00:00";"CE";222;"0,5";"FORTALEZA";"Outras";"Colisão Transversal";"Com Vítimas Feridas";"Pleno dia";"Crescente";"Ceu Claro";"Dupla";"Reta";"Urbano";2;0;1;0;1;0;1;2
83487989;"06/08/16";"Sábado";"18:20:00";"PR";163;"30";"SANTO ANTONIO DO SUDOESTE";"Outras";"Saída de Pista";"Ignorado";"Anoitecer";"Crescente";"Ceu Claro";"Simples";"Curva";"Rural";1;0;0;0;0;1;0;1
83487990;"07/08/16";"Domingo";"11:40:00";"MG";262;"358";"BETIM";"Defeito mecânico em veículo";"Queda de motocicleta / bicicleta / veículo";"Com Vítimas Feridas";"Pleno dia";"Crescente";"Ceu Claro";"Dupla";"Reta";"Urbano";2;0;2;0;0;0;2;1
83487991;"07/08/16";"Domingo";"11:50:00";"SC";101;"121";"ITAJAI";"Velocidade incompatível";"Saída de Pista";"Com Vítimas Feridas";"Pleno dia";"Decrescente";"Chuva";"Simples";"Reta";"Urbano";1;0;1;0;0;0;1;1
83487992;"07/08/16";"Domingo";"11:50:00";"MG";40;"491";"ESMERALDAS";"Outras";"Queda de motocicleta / bicicleta / veículo";"Com Vítimas Feridas";"Pleno dia";"Decrescente";"Ceu Claro";"Dupla";"Curva";"Rural";2;0;2;0;0;0;2;1
83487993;"07/08/16";"Domingo";"09:00:00";"SC";282;"184";"BOCAINA DO SUL";"Velocidade incompatível";"Saída de Pista";"Sem Vítimas";"Amanhecer";"Decrescente";"Chuva";"Simples";"Curva";"Rural";1;0;0;0;1;0;0;1
83487994;"07/08/16";"Domingo";"09:10:00";"PR";476;"242";"LAPA";"Outras";"Saída de Pista";"Com Vítimas Feridas";"Plena noite";"Crescente";"Chuva";"Simples";"Curva";"Rural";3;0;2;0;1;0;2;1
83487995;"07/08/16";"Domingo";"07:50:00";"MG";381;"947";"EXTREMA";"Ingestão de álcool";"Capotamento";"Sem Vítimas";"Amanhecer";"Decrescente";"Sol";"Simples";"Reta";"Rural";1;0;0;0;1;0;0;1
83487996;"07/08/16";"Domingo";"09:30:00";"SP";116;"87";"PINDAMONHANGABA";"Não guardar distância de segurança";"Colisão traseira";"Com Vítimas Feridas";"Pleno dia";"Decrescente";"Ceu Claro";"Dupla";"Reta";"Rural";4;0;2;0;1;1;2;2
83487997;"07/08/16";"Domingo";"11:20:00";"SC";480;"128,7";"CHAPECO";"Velocidade incompatível";"Colisão com objeto fixo";"Sem Vítimas";"Pleno dia";"Crescente";"Nublado";"Simples";"Curva";"Urbano";1;0;0;0;1;0;0;1
83487998;"07/08/16";"Domingo";"08:10:00";"BA";101;"714";"EUNAPOLIS";"Defeito mecânico em veículo";"Saída de Pista";"Com Vítimas Feridas";"Pleno dia";"Decrescente";"Sol";"Simples";"Reta";"Urbano";3;0;1;0;2;0;1;3
83487999;"07/08/16";"Domingo";"10:30:00";"AM";174;"915";"MANAUS";"Não guardar distância de segurança";"Colisão traseira";"Sem Vítimas";"Pleno dia";"Decrescente";"Ceu Claro";"Simples";"Reta";"Rural";2;0;0;0;1;1;0;2
83488000;"09/04/16";"Sábado";"04:45:00";"SC";101;"144";"ITAPEMA";"Ingestão de álcool";"Colisão traseira";"Sem Vítimas";"Plena noite";"Crescente";"Ignorada";"Dupla";"Reta";"Urbano";2;0;0;0;2;0;0;2
83488001;"07/08/16";"Domingo";"12:05:00";"RS";386;"305,9";"POUSO NOVO";"Velocidade incompatível";"Saída de Pista";"Com Vítimas Feridas";"Pleno dia";"Decrescente";"Ceu Claro";"Simples";"Curva";"Rural";3;0;3;0;0;0;3;1
83488002;"07/08/16";"Domingo";"13:08:00";"AP";210;"6";"MACAPA";"Outras";"Saída de Pista";"Com Vítimas Feridas";"Pleno dia";"Decrescente";"Ceu Claro";"Dupla";"Reta";"Urbano";1;0;1;0;0;0;1;1
83488003;"07/08/16";"Domingo";"13:35:00";"RS";290;"8,4";"OSORIO";"Velocidade incompatível";"Capotamento";"Com Vítimas Feridas";"Pleno dia";"Decrescente";"Ceu Claro";"Múltipla";"Reta";"Rural";3;0;3;0;0;0;3;1
83488004;"30/07/16";"Sábado";"22:20:00";"PR";158;"523,5";"PATO BRANCO";"Outras";"Saída de Pista";"Com Vítimas Feridas";"Plena noite";"Decrescente";"Ceu Claro";"Simples";"Curva";"Urbano";1;0;1;0;0;0;1;1
83488005;"04/08/16";"Quinta";"06:00:00";"PE";232;"228";"PESQUEIRA";"Outras";"Tombamento";"Sem Vítimas";"Amanhecer";"Crescente";"Chuva";"Simples";"Reta";"Rural";1;0;0;0;1;0;0;1
83488006;"04/08/16";"Quinta";"05:00:00";"SP";116;"211";"GUARULHOS";"Outras";"Capotamento";"Com Vítimas Feridas";"Amanhecer";"Crescente";"Nublado";"Simples";"Reta";"Urbano";1;0;1;0;0;0;1;1
83488007;"07/08/16";"Domingo";"12:55:00";"SP";153;"65,3";"SAO JOSE DO RIO PRETO";"Outras";"Queda de motocicleta / bicicleta / veículo";"Sem Vítimas";"Pleno dia";"Decrescente";"Sol";"Simples";"Reta";"Urbano";2;0;0;0;2;0;0;2
83488008;"07/08/16";"Domingo";"09:01:00";"RO";364;"650";"CANDEIAS DO JAMARI";"Velocidade incompatível";"Saída de Pista";"Com Vítimas Feridas";"Pleno dia";"Crescente";"Ceu Claro";"Simples";"Reta";"Rural";2;0;0;1;1;0;1;1
83488009;"05/08/16";"Sexta";"16:00:00";"PR";163;"248";"TOLEDO";"Falta de atenção";"Colisão Transversal";"Com Vítimas Feridas";"Pleno dia";"Crescente";"Ceu Claro";"Simples";"Cruzamento";"Urbano";4;0;3;0;1;0;3;3
83488010;"07/08/16";"Domingo";"10:05:00";"PE";101;"76,5";"RECIFE";"Animais na Pista";"Colisão traseira";"Com Vítimas Feridas";"Pleno dia";"Decrescente";"Sol";"Dupla";"Reta";"Urbano";3;0;2;0;1;0;2;2
83488011;"07/08/16";"Domingo";"13:50:00";"PR";376;"651";"TIJUCAS DO SUL";"Velocidade incompatível";"Colisão com objeto fixo";"Com Vítimas Feridas";"Pleno dia";"Decrescente";"Nublado";"Dupla";"Curva";"Rural";3;0;2;0;1;0;2;1
83488012;"07/08/16";"Domingo";"09:00:00";"PR";158;"501,2";"CORONEL VIVIDA";"Ingestão de álcool";"Saída de Pista";"Sem Vítimas";"Pleno dia";"Crescente";"Ceu Claro";"Simples";"Curva";"Rural";2;0;0;0;2;0;0;1
83488013;"07/08/16";"Domingo";"15:00:00";"RJ";101;"75";"CAMPOS DOS GOYTACAZES";"Velocidade incompatível";"Capotamento";"Com Vítimas Feridas";"Pleno dia";"Decrescente";"Ceu Claro";"Simples";"Cruzamento";"Rural";3;0;1;0;2;0;1;1
83488014;"07/08/16";"Domingo";"10:41:00";"RO";319;"64,6";"PORTO VELHO";"Desobediência à sinalização";"Colisão Transversal";"Com Vítimas Feridas";"Pleno dia";"Decrescente";"Ceu Claro";"Dupla";"Reta";"Urbano";2;0;0;1;1;0;1;2
83488015;"07/08/16";"Domingo";"10:45:00";"PR";163;"74";"PLANALTO";"Outras";"Capotamento";"Com Vítimas Feridas";"Pleno dia";"Crescente";"Ceu Claro";"Simples";"Reta";"Rural";1;0;1;0;0;0;1;1
83488016;"07/08/16";"Domingo";"09:30:00";"PA";230;"133";"MARABA";"Defeito mecânico em veículo";"Saída de Pista";"Com Vítimas Feridas";"Pleno dia";"Crescente";"Ceu Claro";"Simples";"Reta";"Rural";3;0;1;0;2;0;1;1
83488017;"07/08/16";"Domingo";"13:30:00";"PB";230;"315,8";"SAO MAMEDE";"Defeito mecânico em veículo";"Saída de Pista";"Com Vítimas Feridas";"Pleno dia";"Decrescente";"Sol";"Simples";"Reta";"Rural";3;0;1;0;2;0;1;1
83488018;"07/08/16";"Domingo";"14:30:00";"PE";423;"117,2";"PARANATAMA";"Ultrapassagem indevida";"Colisão frontal";"Com Vítimas Feridas";"Pleno dia";"Crescente";"Sol";"Simples";"Reta";"Rural";3;0;1;0;1;1;1;2
83488019;"07/08/16";"Domingo";"14:00:00";"RJ";101;"392";"RIO DE JANEIRO";"Falta de atenção";"Colisão traseira";"Com Vítimas Feridas";"Pleno dia";"Decrescente";"Nublado";"Dupla";"Reta";"Urbano";2;0;0;1;1;0;1;2
83488020;"07/08/16";"Domingo";"14:30:00";"RJ";101;"411,5";"ITAGUAI";"Falta de atenção";"Saída de Pista";"Com Vítimas Feridas";"Pleno dia";"Crescente";"Nublado";"Dupla";"Curva";"Rural";2;0;1;1;0;0;2;1
83488021;"07/08/16";"Domingo";"08:30:00";"SP";116;"229";"SAO PAULO";"Ingestão de álcool";"Atropelamento de pessoa";"Com Vítimas Fatais";"Pleno dia";"Decrescente";"Ceu Claro";"Múltipla";"Reta";"Urbano";2;1;0;0;1;0;0;1
83488022;"07/08/16";"Domingo";"11:35:00";"MG";116;"540,4";"SANTA RITA DE MINAS";"Não guardar distância de segurança";"Colisão traseira";"Com Vítimas Feridas";"Pleno dia";"Decrescente";"Ceu Claro";"Simples";"Curva";"Rural";3;0;1;0;2;0;1;2
83488023;"07/08/16";"Domingo";"12:45:00";"RJ";40;"119";"DUQUE DE CAXIAS";"Outras";"Colisão com objeto fixo";"Com Vítimas Feridas";"Pleno dia";"Crescente";"Nublado";"Múltipla";"Reta";"Urbano";3;0;1;0;1;1;1;2
83488024;"07/08/16";"Domingo";"11:20:00";"MG";262;"439,5";"NOVA SERRANA";"Velocidade incompatível";"Colisão traseira";"Com Vítimas Feridas";"Pleno dia";"Decrescente";"Ceu Claro";"Dupla";"Reta";"Rural";3;0;3;0;0;0;3;2
83488025;"06/08/16";"Sábado";"05:30:00";"PR";116;"211,4";"RIO NEGRO";"Ingestão de álcool";"Saída de Pista";"Com Vítimas Feridas";"Plena noite";"Decrescente";"Nevoeiro/neblina";"Simples";"Curva";"Urbano";1;0;1;0;0;0;1;1
83488026;"05/08/16";"Sexta";"16:00:00";"MG";356;"266,7";"MURIAE";"Outras";"Queda de motocicleta / bicicleta / veículo";"Com Vítimas Feridas";"Pleno dia";"Decrescente";"Ceu Claro";"Simples";"Reta";"Urbano";2;0;1;0;1;0;1;2
83488027;"03/08/16";"Quarta";"21:00:00";"RJ";40;"124";"DUQUE DE CAXIAS";"Falta de atenção";"Colisão com objeto fixo";"Sem Vítimas";"Plena noite";"Decrescente";"Ceu Claro";"Múltipla";"Reta";"Urbano";1;0;0;0;1;0;0;1
83488028;"07/08/16";"Domingo";"02:30:00";"PE";104;"23,9";"TAQUARITINGA DO NORTE";"Outras";"Capotamento";"Com Vítimas Fatais";"Plena noite";"Decrescente";"Ceu Claro";"Simples";"Reta";"Rural";1;1;0;0;0;0;0;1
83488029;"05/08/16";"Sexta";"19:10:00";"RO";364;"382,1";"OURO PRETO DO OESTE";"Ingestão de álcool";"Colisão lateral";"Sem Vítimas";"Plena noite";"Decrescente";"Ceu Claro";"Simples";"Curva";"Rural";7;0;0;0;7;0;0;2
83488030;"16/07/16";"Sábado";"19:15:00";"PI";343;"600";"FLORIANO";"Ingestão de álcool";"Colisão Transversal";"Com Vítimas Feridas";"Plena noite";"Crescente";"Ceu Claro";"Simples";"Curva";"Urbano";2;0;2;0;0;0;2;2
83488031;"07/08/16";"Domingo";"15:40:00";"PE";232;"121";"CARUARU";"Dormindo";"Capotamento";"Com Vítimas Feridas";"Pleno dia";"Crescente";"Ceu Claro";"Dupla";"Reta";"Rural";3;0;3;0;0;0;3;1
83488032;"07/08/16";"Domingo";"08:25:00";"MG";50;"171,8";"UBERABA";"Falta de atenção";"Saída de Pista";"Com Vítimas Feridas";"Pleno dia";"Crescente";"Ceu Claro";"Dupla";"Reta";"Rural";1;0;1;0;0;0;1;1
83488033;"07/08/16";"Domingo";"16:30:00";"MG";153;"199";"FRUTAL";"Outras";"Danos Eventuais";"Sem Vítimas";"Pleno dia";"Crescente";"Ceu Claro";"Simples";"Reta";"Rural";1;0;0;0;1;0;0;1
83488034;"07/08/16";"Domingo";"15:40:00";"RJ";40;"122";"DUQUE DE CAXIAS";"Falta de atenção";"Colisão lateral";"Sem Vítimas";"Pleno dia";"Decrescente";"Sol";"Múltipla";"Reta";"Urbano";2;0;0;0;2;0;0;2
83488035;"04/08/16";"Quinta";"10:30:00";"PI";230;"304";"FLORIANO";"Animais na Pista";"Atropelamento de animal";"Sem Vítimas";"Pleno dia";"Crescente";"Ceu Claro";"Simples";"Reta";"Urbano";1;0;0;0;1;0;0;1
83488036;"07/08/16";"Domingo";"16:40:00";"PR";277;"654,5";"MATELANDIA";"Falta de atenção";"Colisão traseira";"Com Vítimas Feridas";"Pleno dia";"Decrescente";"Ceu Claro";"Simples";"Reta";"Rural";3;0;1;0;2;0;1;2
83488037;"03/08/16";"Quarta";"12:00:00";"AM";230;"588";"HUMAITA";"Defeito na via";"Tombamento";"Com Vítimas Feridas";"Pleno dia";"Decrescente";"Sol";"Simples";"Reta";"Urbano";1;0;1;0;0;0;1;1