"id";"data_inversa";"dia_semana";"horario";"uf";"br";"km";"municipio";"causa_acidente";"tipo_acidente";"classificacao_acidente";"fase_dia";"sentido_via";"condicao_metereologica";"tipo_pista";"tracado_via";"uso_solo";"pessoas";"mortos";"feridos_leves";"feridos_graves";"ilesos";"ignorados";"feridos";"veiculos"
83488149;"07/08/16";"Domingo";"23:51:00";"PR";376;"155,6";"MANDAGUACU";"Ingestão de álcool";"Queda de motocicleta / bicicleta / veículo";"Com Vítimas Feridas";"Plena noite";"Crescente";"Ceu Claro";"Simples";"Reta";"Urbano";1;0;0;1;0;0;1;1
83488150;"07/08/16";"Domingo";"11:40:00";"SP";116;"2553";"BARRA DO TURVO";"Velocidade incompatível";"Saída de Pista";"Sem Vítimas";"Plena noite";"Crescente";"Chuva";"Dupla";"Curva";"Rural";2;0;0;0;2;0;0;1
83488151;"07/08/16";"Domingo";"23:45:00";"RN";101;"103,9";"PARNAMIRIM";"Outras";"Queda de motocicleta / bicicleta / veículo";"Com Vítimas Feridas";"Plena noite";"Crescente";"Nublado";"Dupla";"Reta";"Urbano";2;0;2;0;0;0;2;1
83488152;"07/08/16";"Domingo";"23:40:00";"SC";101;"107,8";"PENHA";"Ingestão de álcool";"Colisão traseira";"Com Vítimas Feridas";"Plena noite";"Decrescente";"Ceu Claro";"Dupla";"Curva";"Rural";4;0;2;0;2;0;2;3
83488153;"07/08/16";"Domingo";"15:30:00";"RO";364;"886";"PORTO VELHO";"Outras";"Saída de Pista";"Com Vítimas Feridas";"Pleno dia";"Crescente";"Sol";"Simples";"Reta";"Rural";4;0;1;0;3;0;1;1
83488154;"07/08/16";"Domingo";"17:05:00";"SP";116;"349,6";"MIRACATU";"Defeito na via";"Queda de motocicleta / bicicleta / veículo";"Com Vítimas Feridas";"Plena noite";"Decrescente";"Nublado";"Simples";"Reta";"Rural";2;0;2;0;0;0;2;1
83488155;"07/08/16";"Domingo";"12:30:00";"PI";343;"261,2";"CAMPO MAIOR";"Falta de atenção";"Colisão lateral";"Sem Vítimas";"Pleno dia";"Crescente";"Ceu Claro";"Simples";"Reta";"Urbano";2;0;0;0;2;0;0;2
83488156;"07/08/16";"Domingo";"17:00:00";"PB";230;"34,6";"BAYEUX";"Não guardar distância de segurança";"Colisão traseira";"Sem Vítimas";"Pleno dia";"Decrescente";"Sol";"Dupla";"Reta";"Urbano";3;0;0;0;3;0;0;3
83488157;"08/08/16";"Segunda";"01:10:00";"RJ";493;"20";"MAGE";"Outras";"Colisão com objeto fixo";"Com Vítimas Feridas";"Plena noite";"Crescente";"Nublado";"Simples";"Reta";"Urbano";2;0;2;0;0;0;2;2
83488158;"07/08/16";"Domingo";"23:00:00";"RS";290;"140,3";"ELDORADO DO SUL";"Outras";"Atropelamento de pessoa";"Com Vítimas Feridas";"Plena noite";"Crescente";"Ceu Claro";"Simples";"Reta";"Urbano";5;0;0;1;4;0;1;1
83488159;"07/08/16";"Domingo";"20:00:00";"PR";376;"594,6";"CURITIBA";"Não guardar distância de segurança";"Saída de Pista";"Com Vítimas Feridas";"Plena noite";"Crescente";"Nublado";"Dupla";"Reta";"Urbano";1;0;1;0;0;0;1;1
83488160;"07/08/16";"Domingo";"22:30:00";"CE";116;"505,5";"BREJO SANTO";"Ingestão de álcool";"Colisão traseira";"Com Vítimas Fatais";"Plena noite";"Decrescente";"Ceu Claro";"Simples";"Reta";"Urbano";2;1;0;0;0;1;0;2
83488161;"07/08/16";"Domingo";"21:38:00";"SC";282;"152";"BOM RETIRO";"Ingestão de álcool";"Colisão lateral";"Com Vítimas Feridas";"Plena noite";"Decrescente";"Ceu Claro";"Simples";"Reta";"Urbano";2;0;0;1;1;0;1;2
83488162;"08/08/16";"Segunda";"01:50:00";"PR";376;"252,5";"CALIFORNIA";"Animais na Pista";"Atropelamento de animal";"Sem Vítimas";"Plena noite";"Decrescente";"Nublado";"Simples";"Reta";"Rural";3;0;0;0;3;0;0;1
83488163;"07/08/16";"Domingo";"21:00:00";"MG";365;"806";"GURINHATA";"Defeito mecânico em veículo";"Derramamento de Carga";"Sem Vítimas";"Plena noite";"Decrescente";"Ceu Claro";"Simples";"Reta";"Rural";1;0;0;0;1;0;0;1
83488164;"07/08/16";"Domingo";"20:15:00";"RS";392;"114,5";"CANGUCU";"Falta de atenção";"Colisão Transversal";"Com Vítimas Fatais";"Plena noite";"Crescente";"Ceu Claro";"Simples";"Reta";"Rural";3;1;1;0;1;0;1;2
83488165;"08/08/16";"Segunda";"02:30:00";"MG";40;"521";"CONTAGEM";"Outras";"Saída de Pista";"Ignorado";"Plena noite";"Crescente";"Ceu Claro";"Dupla";"Reta";"Urbano";1;0;0;0;0;1;0;1
83488166;"08/08/16";"Segunda";"01:35:00";"MS";163;"16,5";"MUNDO NOVO";"Animais na Pista";"Atropelamento de animal";"Sem Vítimas";"Plena noite";"Decrescente";"Chuva";"Simples";"Reta";"Rural";1;0;0;0;1;0;0;1
83488167;"07/08/16";"Domingo";"21:20:00";"RS";116;"297,9";"GUAIBA";"Velocidade incompatível";"Saída de Pista";"Com Vítimas Feridas";"Plena noite";"Decrescente";"Nublado";"Dupla";"Reta";"Rural";1;0;0;1;0;0;1;1
83488168;"07/08/16";"Domingo";"19:40:00";"BA";415;"49";"ITABUNA";"Outras";"Colisão frontal";"Com Vítimas Feridas";"Plena noite";"Decrescente";"Ceu Claro";"Simples";"Reta";"Urbano";2;0;0;1;1;0;1;2
83488170;"08/08/16";"Segunda";"02:30:00";"BA";324;"587";"CANDEIAS";"Outras";"Capotamento";"Ignorado";"Plena noite";"Decrescente";"Ceu Claro";"Dupla";"Reta";"Rural";1;0;0;0;0;1;0;1
83488171;"07/08/16";"Domingo";"16:10:00";"PB";230;"33";"BAYEUX";"Não guardar distância de segurança";"Colisão traseira";"Sem Vítimas";"Pleno dia";"Decrescente";"Ceu Claro";"Dupla";"Reta";"Urbano";5;0;0;0;5;0;0;5
83488172;"07/08/16";"Domingo";"10:20:00";"SP";116;"445";"REGISTRO";"Falta de atenção";"Colisão com objeto fixo";"Sem Vítimas";"Pleno dia";"Crescente";"Nublado";"Simples";"Reta";"Urbano";1;0;0;0;1;0;0;1
83488173;"08/08/16";"Segunda";"01:49:00";"SP";116;"223";"GUARULHOS";"Outras";"Tombamento";"Sem Vítimas";"Plena noite";"Crescente";"Ceu Claro";"Múltipla";"Reta";"Urbano";1;0;0;0;1;0;0;1
83488174;"07/08/16";"Domingo";"15:35:00";"PB";230;"32,7";"BAYEUX";"Ultrapassagem indevida";"Colisão traseira";"Com Vítimas Feridas";"Pleno dia";"Crescente";"Ceu Claro";"Dupla";"Reta";"Urbano";2;0;0;1;1;0;1;2
83488175;"07/08/16";"Domingo";"20:30:00";"AL";104;"86";"RIO LARGO";"Outras";"Colisão lateral";"Com Vítimas Feridas";"Plena noite";"Decrescente";"Ceu Claro";"Dupla";"Reta";"Urbano";2;0;0;1;1;0;1;2
83488176;"07/08/16";"Domingo";"16:40:00";"MG";365;"568,5";"INDIANOPOLIS";"Falta de atenção";"Colisão traseira";"Com Vítimas Feridas";"Pleno dia";"Crescente";"Sol";"Simples";"Reta";"Rural";4;0;1;0;3;0;1;2
83488177;"07/08/16";"Domingo";"07:05:00";"GO";153;"508,9";"APARECIDA DE GOIANIA";"Não guardar distância de segurança";"Colisão lateral";"Com Vítimas Feridas";"Pleno dia";"Crescente";"Sol";"Dupla";"Reta";"Urbano";2;0;0;1;1;0;1;2
83488178;"08/08/16";"Segunda";"01:50:00";"RS";116;"153,3";"CAXIAS DO SUL";"Desobediência à sinalização";"Colisão Transversal";"Sem Vítimas";"Plena noite";"Crescente";"Ceu Claro";"Dupla";"Cruzamento";"Urbano";2;0;0;0;2;0;0;2
83488179;"07/08/16";"Domingo";"19:45:00";"SP";116;"272,9";"TABOAO DA SERRA";"Ingestão de álcool";"Colisão frontal";"Sem Vítimas";"Anoitecer";"Crescente";"Nublado";"Dupla";"Reta";"Urbano";3;0;0;0;3;0;0;2
83488180;"07/08/16";"Domingo";"22:00:00";"SP";116;"477";"JACUPIRANGA";"Outras";"Saída de Pista";"Ignorado";"Plena noite";"Crescente";"Nublado";"Dupla";"Reta";"Rural";1;0;0;0;0;1;0;1
83488181;"08/08/16";"Segunda";"01:10:00";"PR";277;"74";"SAO JOSE DOS PINHAIS";"Falta de atenção";"Colisão com objeto fixo";"Ignorado";"Plena noite";"Crescente";"Chuva";"Dupla";"Reta";"Urbano";1;0;0;0;0;1;0;1
83488182;"07/08/16";"Domingo";"18:30:00";"BA";415;"30";"ILHEUS";"Outras";"Colisão lateral";"Com Vítimas Feridas";"Plena noite";"Crescente";"Ceu Claro";"Simples";"Curva";"Rural";3;0;1;1;1;0;2;2
83488183;"07/08/16";"Domingo";"16:40:00";"AL";423;"100";"DELMIRO GOUVEIA";"Falta de atenção";"Colisão Transversal";"Com Vítimas Feridas";"Pleno dia";"Crescente";"Ceu Claro";"Simples";"Reta";"Rural";5;0;2;2;1;0;4;2
83488185;"07/08/16";"Domingo";"21:30:00";"BA";116;"859";"VITORIA DA CONQUISTA";"Outras";"Colisão lateral";"Com Vítimas Fatais";"Plena noite";"Crescente";"Nublado";"Simples";"Reta";"Rural";2;1;0;0;0;1;0;2
83488186;"07/08/16";"Domingo";"22:45:00";"DF";60;"12,2";"BRASILIA";"Ingestão de álcool";"Tombamento";"Ignorado";"Plena noite";"Decrescente";"Ceu Claro";"Dupla";"Reta";"Rural";1;0;0;0;0;1;0;1
83488187;"07/08/16";"Domingo";"23:40:00";"BA";116;"703";"JEQUIE";"Velocidade incompatível";"Saída de Pista";"Sem Vítimas";"Plena noite";"Decrescente";"Ceu Claro";"Simples";"Reta";"Rural";2;0;0;0;2;0;0;1
83488188;"07/08/16";"Domingo";"07:30:00";"SP";116;"541,5";"BARRA DO TURVO";"Velocidade incompatível";"Colisão com objeto fixo";"Sem Vítimas";"Pleno dia";"Crescente";"Chuva";"Dupla";"Curva";"Rural";1;0;0;0;1;0;0;1
83488189;"07/08/16";"Domingo";"16:30:00";"MG";381;"151,7";"GOVERNADOR VALADARES";"Ultrapassagem indevida";"Colisão frontal";"Com Vítimas Fatais";"Pleno dia";"Decrescente";"Sol";"Simples";"Reta";"Urbano";4;1;1;0;2;0;1;2
83488190;"05/08/16";"Sexta";"17:20:00";"MA";135;"2";"SAO LUIS";"Outras";"Colisão traseira";"Com Vítimas Feridas";"Pleno dia";"Decrescente";"Ceu Claro";"Dupla";"Reta";"Urbano";2;0;1;0;1;0;1;2
83488191;"07/08/16";"Domingo";"20:23:00";"MA";222;"665,9";"ACAILANDIA";"Falta de atenção";"Colisão com bicicleta";"Com Vítimas Feridas";"Plena noite";"Crescente";"Ceu Claro";"Simples";"Reta";"Urbano";2;0;1;1;0;0;2;2
83488192;"08/08/16";"Segunda";"05:35:00";"SC";101;"97,3";"PICARRAS";"Defeito na via";"Saída de Pista";"Sem Vítimas";"Plena noite";"Crescente";"Chuva";"Dupla";"Reta";"Rural";1;0;0;0;1;0;0;1
83488193;"26/07/16";"Terça";"18:30:00";"GO";153;"495,1";"GOIANIA";"Falta de atenção";"Colisão traseira";"Com Vítimas Feridas";"Anoitecer";"Decrescente";"Ceu Claro";"Dupla";"Reta";"Urbano";2;0;1;0;0;1;1;2
83488194;"08/08/16";"Segunda";"05:30:00";"AL";316;"150";"PALMEIRA DOS INDIOS";"Ingestão de álcool";"Colisão traseira";"Com Vítimas Feridas";"Amanhecer";"Crescente";"Ceu Claro";"Simples";"Reta";"Rural";2;0;0;1;1;0;1;2
83488195;"04/08/16";"Quinta";"21:15:00";"SP";116;"227,4";"SAO PAULO";"Defeito mecânico em veículo";"Colisão com objeto móvel";"Com Vítimas Feridas";"Plena noite";"Crescente";"Ceu Claro";"Múltipla";"Reta";"Urbano";2;0;1;0;1;0;1;2
83488196;"08/08/16";"Segunda";"05:10:00";"PR";376;"490,9";"PONTA GROSSA";"Defeito mecânico em veículo";"Colisão com objeto móvel";"Sem Vítimas";"Plena noite";"Crescente";"Nublado";"Dupla";"Reta";"Urbano";3;0;0;0;3;0;0;3
83488197;"07/08/16";"Domingo";"23:10:00";"PR";116;"21";"ANTONINA";"Velocidade incompatível";"Saída de Pista";"Sem Vítimas";"Plena noite";"Decrescente";"Chuva";"Dupla";"Reta";"Rural";1;0;0;0;1;0;0;1
83488198;"07/08/16";"Domingo";"23:15:00";"PR";116;"103";"SAO JOSE DOS PINHAIS";"Falta de atenção";"Colisão Transversal";"Com Vítimas Feridas";"Plena noite";"Decrescente";"Chuva";"Dupla";"Reta";"Urbano";3;0;0;1;1;1;1;2
83488199;"08/08/16";"Segunda";"05:00:00";"SP";116;"221";"GUARULHOS";"Outras";"Colisão com objeto fixo";"Sem Vítimas";"Plena noite";"Crescente";"Nublado";"Dupla";"Reta";"Urbano";1;0;0;0;1;0;0;1
83488200;"07/08/16";"Domingo";"22:20:00";"RJ";101;"220";"SILVA JARDIM";"Outras";"Queda de motocicleta / bicicleta / veículo";"Com Vítimas Feridas";"Plena noite";"Crescente";"Nublado";"Simples";"Reta";"Rural";1;0;0;1;0;0;1;1
83488201;"05/08/16";"Sexta";"05:50:00";"PR";376;"178";"MARINGA";"Não guardar distância de segurança";"Colisão traseira";"Com Vítimas Feridas";"Pleno dia";"Crescente";"Ceu Claro";"Dupla";"Cruzamento";"Urbano";3;0;1;0;1;1;1;2
83488202;"05/08/16";"Sexta";"16:00:00";"MA";10;"320";"ACAILANDIA";"Falta de atenção";"Colisão lateral";"Com Vítimas Feridas";"Pleno dia";"Crescente";"Sol";"Simples";"Reta";"Urbano";2;0;1;0;1;0;1;2
83488203;"05/08/16";"Sexta";"18:30:00";"MG";116;"367,9";"FREI INOCENCIO";"Outras";"Colisão lateral";"Com Vítimas Feridas";"Plena noite";"Crescente";"Nublado";"Simples";"Reta";"Rural";2;0;1;1;0;0;2;2
83488204;"07/08/16";"Domingo";"03:00:00";"SC";282;"326,2";"CAMPOS NOVOS";"Desobediência à sinalização";"Colisão frontal";"Com Vítimas Feridas";"Plena noite";"Decrescente";"Chuva";"Simples";"Reta";"Rural";9;0;5;4;0;0;9;2
83488205;"08/08/16";"Segunda";"07:30:00";"SC";101;"191";"BIGUACU";"Velocidade incompatível";"Colisão com objeto fixo";"Com Vítimas Feridas";"Pleno dia";"Crescente";"Chuva";"Dupla";"Curva";"Urbano";1;0;1;0;0;0;1;1
83488207;"08/08/16";"Segunda";"06:10:00";"CE";116;"92,1";"MORADA NOVA";"Dormindo";"Colisão frontal";"Com Vítimas Feridas";"Pleno dia";"Decrescente";"Ceu Claro";"Simples";"Reta";"Rural";8;0;4;2;2;0;6;4
83488208;"22/07/16";"Sexta";"10:00:00";"SP";116;"222";"GUARULHOS";"Outras";"Colisão lateral";"Sem Vítimas";"Pleno dia";"Crescente";"Ceu Claro";"Múltipla";"Reta";"Urbano";2;0;0;0;2;0;0;2
83488209;"08/08/16";"Segunda";"07:40:00";"RS";116;"269";"CANOAS";"Outras";"Colisão lateral";"Com Vítimas Feridas";"Pleno dia";"Crescente";"Ceu Claro";"Simples";"Reta";"Urbano";4;0;2;0;2;0;2;3
83488210;"08/07/16";"Sexta";"05:50:00";"SC";280;"92";"CORUPA";"Velocidade incompatível";"Tombamento";"Sem Vítimas";"Amanhecer";"Decrescente";"Chuva";"Simples";"Curva";"Rural";1;0;0;0;1;0;0;1
83488211;"29/07/16";"Sexta";"21:30:00";"PR";277;"645,1";"CEU AZUL";"Velocidade incompatível";"Colisão lateral";"Com Vítimas Feridas";"Plena noite";"Crescente";"Ceu Claro";"Simples";"Curva";"Rural";4;0;1;1;2;0;2;2
83488212;"04/08/16";"Quinta";"09:30:00";"SP";381;"86";"SAO PAULO";"Falta de atenção";"Colisão traseira";"Com Vítimas Feridas";"Pleno dia";"Crescente";"Ceu Claro";"Múltipla";"Reta";"Urbano";6;0;1;0;5;0;1;5
83488213;"08/08/16";"Segunda";"07:45:00";"ES";101;"153,3";"LINHARES";"Falta de atenção";"Colisão traseira";"Com Vítimas Feridas";"Pleno dia";"Decrescente";"Sol";"Simples";"Reta";"Rural";2;0;1;0;1;0;1;2
83488214;"08/08/16";"Segunda";"05:45:00";"RS";470;"217";"BENTO GONCALVES";"Velocidade incompatível";"Queda de motocicleta / bicicleta / veículo";"Com Vítimas Feridas";"Plena noite";"Decrescente";"Nublado";"Dupla";"Curva";"Urbano";2;0;2;0;0;0;2;1
83488215;"05/08/16";"Sexta";"00:15:00";"SC";280;"98,5";"SAO BENTO DO SUL";"Dormindo";"Saída de Pista";"Sem Vítimas";"Plena noite";"Decrescente";"Ceu Claro";"Simples";"Curva";"Rural";1;0;0;0;1;0;0;1
83488216;"03/08/16";"Quarta";"16:30:00";"BA";324;"580";"CANDEIAS";"Não guardar distância de segurança";"Colisão traseira";"Com Vítimas Feridas";"Pleno dia";"Decrescente";"Nublado";"Simples";"Reta";"Urbano";4;0;2;0;2;0;2;3
83488217;"05/08/16";"Sexta";"07:25:00";"ES";101;"348";"GUARAPARI";"Outras";"Colisão frontal";"Com Vítimas Feridas";"Pleno dia";"Decrescente";"Nublado";"Simples";"Curva";"Rural";3;0;1;1;1;0;2;2
83488218;"05/08/16";"Sexta";"06:00:00";"PR";153;"467";"PORTO VITORIA";"Falta de atenção";"Saída de Pista";"Com Vítimas Feridas";"Amanhecer";"Crescente";"Nevoeiro/neblina";"Simples";"Curva";"Rural";1;0;1;0;0;0;1;1
83488219;"07/08/16";"Domingo";"19:25:00";"MA";230;"408,1";"BALSAS";"Ingestão de álcool";"Colisão Transversal";"Com Vítimas Feridas";"Plena noite";"Crescente";"Ceu Claro";"Simples";"Reta";"Rural";2;0;0;1;1;0;1;2
83488220;"04/08/16";"Quinta";"22:30:00";"SC";282;"108";"ALFREDO WAGNER";"Ingestão de álcool";"Capotamento";"Ignorado";"Plena noite";"Decrescente";"Nublado";"Simples";"Curva";"Rural";1;0;0;0;0;1;0;1
83488221;"15/05/16";"Domingo";"09:50:00";"BA";116;"533,9";"ITATIM";"Ultrapassagem indevida";"Colisão frontal";"Com Vítimas Fatais";"Pleno dia";"Crescente";"Ceu Claro";"Simples";"Reta";"Rural";2;1;0;0;1;0;0;2
83488222;"15/07/16";"Sexta";"17:00:00";"MG";135;"495,4";"JOAQUIM FELICIO";"Outras";"Saída de Pista";"Sem Vítimas";"Anoitecer";"Decrescente";"Ceu Claro";"Simples";"Curva";"Rural";3;0;0;0;3;0;0;3
83488224;"04/08/16";"Quinta";"17:50:00";"RR";174;"506";"BOA VISTA";"Falta de atenção";"Colisão lateral";"Com Vítimas Feridas";"Anoitecer";"Decrescente";"Ceu Claro";"Simples";"Curva";"Urbano";2;0;1;0;1;0;1;2
83488225;"08/08/16";"Segunda";"07:00:00";"PR";277;"216,2";"TEIXEIRA SOARES";"Outras";"Capotamento";"Com Vítimas Feridas";"Pleno dia";"Decrescente";"Chuva";"Simples";"Reta";"Rural";1;0;1;0;0;0;1;1
83488226;"05/08/16";"Sexta";"01:20:00";"RR";174;"570";"BOA VISTA";"Falta de atenção";"Colisão traseira";"Com Vítimas Feridas";"Plena noite";"Decrescente";"Ceu Claro";"Dupla";"Reta";"Rural";3;0;1;0;2;0;1;2
83488227;"08/08/16";"Segunda";"07:00:00";"MG";40;"475";"SETE LAGOAS";"Falta de atenção";"Colisão lateral";"Sem Vítimas";"Pleno dia";"Crescente";"Sol";"Dupla";"Reta";"Rural";2;0;0;0;2;0;0;2
83488228;"08/08/16";"Segunda";"08:00:00";"BA";116;"24";"VITORIA DA CONQUISTA";"Defeito mecânico em veículo";"Colisão Transversal";"Sem Vítimas";"Pleno dia";"Decrescente";"Ceu Claro";"Simples";"Reta";"Rural";2;0;0;0;2;0;0;2
83488229;"08/08/16";"Segunda";"05:59:00";"MA";230;"24,3";"BARAO DE GRAJAU";"Animais na Pista";"Saída de Pista";"Com Vítimas Feridas";"Amanhecer";"Crescente";"Ceu Claro";"Simples";"Reta";"Rural";2;0;1;1;0;0;2;1
83488230;"08/08/16";"Segunda";"09:40:00";"SC";101;"90";"BARRA VELHA";"Outras";"Colisão traseira";"Sem Vítimas";"Pleno dia";"Crescente";"Chuva";"Múltipla";"Reta";"Rural";2;0;0;0;2;0;0;2
83488231;"08/08/16";"Segunda";"07:30:00";"MG";381;"802,1";"SAO GONCALO DO SAPUCAI";"Falta de atenção";"Colisão com objeto fixo";"Sem Vítimas";"Pleno dia";"Crescente";"Sol";"Dupla";"Reta";"Rural";1;0;0;0;1;0;0;1
83488232;"02/08/16";"Terça";"23:45:00";"GO";40;"18";"LUZIANIA";"Falta de atenção";"Colisão traseira";"Sem Vítimas";"Plena noite";"Decrescente";"Ceu Claro";"Dupla";"Reta";"Rural";2;0;0;0;2;0;0;2
83488233;"13/07/16";"Quarta";"09:05:00";"SC";470;"37";"GASPAR";"Falta de atenção";"Colisão Transversal";"Com Vítimas Feridas";"Pleno dia";"Decrescente";"Nublado";"Simples";"Cruzamento";"Rural";2;0;0;1;1;0;1;2
83488234;"07/08/16";"Domingo";"21:45:00";"MA";230;"1,5";"BARAO DE GRAJAU";"Falta de atenção";"Colisão traseira";"Com Vítimas Feridas";"Plena noite";"Crescente";"Ceu Claro";"Simples";"Reta";"Urbano";2;0;0;1;1;0;1;2
83488235;"03/08/16";"Quarta";"17:50:00";"RN";101;"75";"NATAL";"Não guardar distância de segurança";"Colisão traseira";"Com Vítimas Feridas";"Plena noite";"Decrescente";"Ceu Claro";"Dupla";"Curva";"Rural";2;0;1;0;1;0;1;2
83488236;"08/08/16";"Segunda";"09:30:00";"PE";101;"73";"RECIFE";"Falta de atenção";"Colisão lateral";"Com Vítimas Feridas";"Pleno dia";"Decrescente";"Nublado";"Dupla";"Reta";"Urbano";3;0;2;0;0;1;2;2
83488238;"27/07/16";"Quarta";"18:40:00";"BA";330;"740";"JEQUIE";"Outras";"Queda de motocicleta / bicicleta / veículo";"Com Vítimas Feridas";"Pleno dia";"Decrescente";"Ceu Claro";"Simples";"Curva";"Rural";2;0;2;0;0;0;2;1
83488239;"08/08/16";"Segunda";"09:50:00";"PR";272;"536";"FRANCISCO ALVES";"Outras";"Saída de Pista";"Com Vítimas Feridas";"Pleno dia";"Crescente";"Chuva";"Simples";"Reta";"Rural";1;0;1;0;0;0;1;1
83488240;"04/08/16";"Quinta";"20:10:00";"PR";476;"140";"CURITIBA";"Falta de atenção";"Colisão com objeto fixo";"Com Vítimas Feridas";"Plena noite";"Crescente";"Ceu Claro";"Simples";"Curva";"Urbano";1;0;1;0;0;0;1;1
83488241;"08/08/16";"Segunda";"07:00:00";"AL";104;"91";"RIO LARGO";"Falta de atenção";"Colisão traseira";"Sem Vítimas";"Pleno dia";"Crescente";"Ceu Claro";"Simples";"Reta";"Urbano";2;0;0;0;2;0;0;2
83488242;"08/08/16";"Segunda";"07:30:00";"MS";267;"1530";"GUIA LOPES DA LAGUNA";"Dormindo";"Saída de Pista";"Sem Vítimas";"Pleno dia";"Crescente";"Nublado";"Simples";"Reta";"Rural";1;0;0;0;1;0;0;1
83488243;"31/07/16";"Domingo";"08:20:00";"CE";116;"13,8";"FORTALEZA";"Defeito mecânico em veículo";"Queda de motocicleta / bicicleta / veículo";"Com Vítimas Feridas";"Pleno dia";"Crescente";"Ceu Claro";"Múltipla";"Reta";"Urbano";2;0;1;0;1;0;1;1
83488244;"04/08/16";"Quinta";"18:30:00";"SP";116;"227";"GUARULHOS";"Ultrapassagem indevida";"Colisão lateral";"Com Vítimas Feridas";"Plena noite";"Decrescente";"Ceu Claro";"Múltipla";"Reta";"Urbano";3;0;1;0;2;0;1;3
83488246;"08/08/16";"Segunda";"06:50:00";"PE";232;"125,2";"CARUARU";"Outras";"Queda de motocicleta / bicicleta / veículo";"Com Vítimas Fatais";"Amanhecer";"Crescente";"Ceu Claro";"Dupla";"Reta";"Rural";1;1;0;0;0;0;0;1
83488247;"08/08/16";"Segunda";"06:25:00";"SE";101;"173,2";"SANTA LUZIA DO ITANHY";"Outras";"Colisão traseira";"Com Vítimas Feridas";"Pleno dia";"Decrescente";"Nublado";"Simples";"Curva";"Rural";2;0;0;1;0;1;1;2
83488248;"02/07/16";"Sábado";"10:30:00";"GO";414;"400";"CORUMBA DE GOIAS";"Outras";"Colisão lateral";"Com Vítimas Feridas";"Pleno dia";"Crescente";"Ceu Claro";"Simples";"Reta";"Rural";2;0;0;1;1;0;1;2
83488249;"08/08/16";"Segunda";"08:15:00";"AL";104;"83,8";"RIO LARGO";"Não guardar distância de segurança";"Capotamento";"Com Vítimas Feridas";"Pleno dia";"Crescente";"Sol";"Dupla";"Reta";"Rural";3;0;2;0;0;1;2;2
83488250;"19/06/16";"Domingo";"07:10:00";"BA";415;"47";"ITABUNA";"Falta de atenção";"Colisão Transversal";"Com Vítimas Feridas";"Amanhecer";"Decrescente";"Ceu Claro";"Simples";"Reta";"Urbano";2;0;1;0;1;0;1;2
83488252;"31/07/16";"Domingo";"19:10:00";"MG";40;"771,4";"JUIZ DE FORA";"Velocidade incompatível";"Capotamento";"Com Vítimas Feridas";"Plena noite";"Crescente";"Nublado";"Simples";"Curva";"Rural";2;0;0;1;1;0;1;2
83488253;"08/08/16";"Segunda";"09:00:00";"SC";282;"83";"ALFREDO WAGNER";"Falta de atenção";"Capotamento";"Sem Vítimas";"Pleno dia";"Decrescente";"Chuva";"Simples";"Curva";"Rural";1;0;0;0;1;0;0;1
83488254;"07/08/16";"Domingo";"18:20:00";"RJ";101;"255,7";"RIO BONITO";"Não guardar distância de segurança";"Colisão traseira";"Com Vítimas Feridas";"Anoitecer";"Crescente";"Nublado";"Simples";"Reta";"Rural";16;0;1;0;15;0;1;3
83488255;"08/08/16";"Segunda";"07:30:00";"RS";287;"247,6";"SANTA MARIA";"Desobediência à sinalização";"Colisão Transversal";"Com Vítimas Feridas";"Pleno dia";"Crescente";"Ceu Claro";"Simples";"Reta";"Urbano";2;0;1;0;1;0;1;2
83488256;"08/08/16";"Segunda";"07:40:00";"PE";232;"10";"JABOATAO DOS GUARARAPES";"Outras";"Colisão traseira";"Sem Vítimas";"Pleno dia";"Decrescente";"Ceu Claro";"Múltipla";"Reta";"Urbano";2;0;0;0;2;0;0;2
83488257;"08/08/16";"Segunda";"06:30:00";"MG";262;"437,7";"NOVA SERRANA";"Velocidade incompatível";"Saída de Pista";"Com Vítimas Feridas";"Amanhecer";"Decrescente";"Ceu Claro";"Dupla";"Reta";"Rural";1;0;1;0;0;0;1;1
83488258;"08/08/16";"Segunda";"10:20:00";"PR";277;"129";"BALSA NOVA";"Velocidade incompatível";"Saída de Pista";"Com Vítimas Feridas";"Pleno dia";"Decrescente";"Chuva";"Dupla";"Curva";"Rural";2;0;1;0;1;0;1;1
83488259;"08/08/16";"Segunda";"08:00:00";"PI";222;"49";"BRASILEIRA";"Defeito mecânico em veículo";"Saída de Pista";"Sem Vítimas";"Pleno dia";"Crescente";"Ceu Claro";"Simples";"Reta";"Rural";1;0;0;0;1;0;0;1
83488260;"08/08/16";"Segunda";"07:00:00";"PR";369;"482,4";"CORBELIA";"Não guardar distância de segurança";"Colisão traseira";"Com Vítimas Feridas";"Pleno dia";"Crescente";"Chuva";"Simples";"Reta";"Rural";14;0;8;1;5;0;9;2
83488261;"08/08/16";"Segunda";"10:20:00";"ES";101;"168";"LINHARES";"Falta de atenção";"Colisão Transversal";"Com Vítimas Feridas";"Pleno dia";"Crescente";"Sol";"Simples";"Reta";"Rural";4;0;0;1;3;0;1;2