"id";"data_inversa";"dia_semana";"horario";"uf";"br";"km";"municipio";"causa_acidente";"tipo_acidente";"classificacao_acidente";"fase_dia";"sentido_via";"condicao_metereologica";"tipo_pista";"tracado_via";"uso_solo";"pessoas";"mortos";"feridos_leves";"feridos_graves";"ilesos";"ignorados";"feridos";"veiculos"
83488262;"08/08/16";"Segunda";"06:15:00";"PR";476;"124";"CURITIBA";"Outras";"Atropelamento de pessoa";"Com Vítimas Feridas";"Amanhecer";"Crescente";"Chuva";"Múltipla";"Reta";"Urbano";3;0;0;1;1;1;1;2
83488263;"08/08/16";"Segunda";"11:15:00";"PR";277;"724,1";"FOZ DO IGUACU";"Desobediência à sinalização";"Colisão traseira";"Sem Vítimas";"Pleno dia";"Crescente";"Nublado";"Dupla";"Reta";"Urbano";2;0;0;0;2;0;0;2
83488264;"04/08/16";"Quinta";"21:50:00";"CE";20;"394,8";"CAUCAIA";"Falta de atenção";"Colisão frontal";"Sem Vítimas";"Plena noite";"Decrescente";"Ceu Claro";"Simples";"Reta";"Rural";2;0;0;0;2;0;0;2
83488265;"08/08/16";"Segunda";"05:55:00";"PR";476;"138,2";"CURITIBA";"Velocidade incompatível";"Colisão com objeto fixo";"Com Vítimas Feridas";"Amanhecer";"Decrescente";"Chuva";"Múltipla";"Cruzamento";"Urbano";1;0;0;1;0;0;1;1
83488266;"08/08/16";"Segunda";"10:48:00";"PE";232;"124";"CARUARU";"Outras";"Tombamento";"Sem Vítimas";"Pleno dia";"Decrescente";"Sol";"Dupla";"Reta";"Rural";1;0;0;0;1;0;0;1
83488267;"07/08/16";"Domingo";"03:10:00";"PR";153;"336,4";"IRATI";"Outras";"Colisão frontal";"Com Vítimas Fatais";"Plena noite";"Crescente";"Nublado";"Simples";"Reta";"Urbano";3;1;0;2;0;0;2;2
83488268;"08/08/16";"Segunda";"11:30:00";"RJ";101;"484";"ANGRA DOS REIS";"Ultrapassagem indevida";"Colisão frontal";"Com Vítimas Feridas";"Pleno dia";"Crescente";"Nublado";"Simples";"Curva";"Rural";2;0;2;0;0;0;2;2
83488269;"04/08/16";"Quinta";"11:30:00";"MG";262;"456,3";"NOVA SERRANA";"Outras";"Capotamento";"Com Vítimas Feridas";"Pleno dia";"Decrescente";"Sol";"Simples";"Reta";"Rural";1;0;1;0;0;0;1;1
83488270;"08/08/16";"Segunda";"10:00:00";"RS";293;"2,7";"PELOTAS";"Velocidade incompatível";"Saída de Pista";"Ignorado";"Amanhecer";"Crescente";"Nevoeiro/neblina";"Simples";"Cruzamento";"Urbano";1;0;0;0;0;1;0;1
83488271;"30/07/16";"Sábado";"13:48:00";"GO";364;"215";"JATAI";"Ultrapassagem indevida";"Colisão lateral";"Com Vítimas Feridas";"Pleno dia";"Crescente";"Sol";"Simples";"Reta";"Rural";4;0;1;0;3;0;1;3
83488272;"08/08/16";"Segunda";"12:55:00";"RS";386;"343,9";"LAJEADO";"Desobediência à sinalização";"Colisão Transversal";"Com Vítimas Feridas";"Pleno dia";"Crescente";"Nublado";"Simples";"Reta";"Urbano";2;0;0;1;1;0;1;2
83488273;"06/07/16";"Quarta";"10:20:00";"SP";116;"211";"GUARULHOS";"Falta de atenção";"Colisão traseira";"Sem Vítimas";"Pleno dia";"Crescente";"Ceu Claro";"Múltipla";"Reta";"Urbano";4;0;0;0;4;0;0;4
83488274;"08/08/16";"Segunda";"11:15:00";"PB";101;"89";"JOAO PESSOA";"Desobediência à sinalização";"Atropelamento de pessoa";"Com Vítimas Feridas";"Pleno dia";"Crescente";"Sol";"Dupla";"Reta";"Urbano";2;0;1;0;0;1;1;1
83488275;"31/07/16";"Domingo";"21:45:00";"RJ";101;"318";"SAO GONCALO";"Outras";"Capotamento";"Sem Vítimas";"Plena noite";"Crescente";"Ceu Claro";"Dupla";"Reta";"Urbano";1;0;0;0;1;0;0;1
83488276;"06/08/16";"Sábado";"20:15:00";"BA";110;"9";"PAULO AFONSO";"Outras";"Colisão traseira";"Com Vítimas Feridas";"Plena noite";"Crescente";"Ignorada";"Simples";"Reta";"Rural";3;0;1;1;0;1;2;2
83488277;"04/08/16";"Quinta";"09:00:00";"RJ";101;"310";"SAO GONCALO";"Outras";"Colisão com objeto fixo";"Sem Vítimas";"Pleno dia";"Crescente";"Ceu Claro";"Dupla";"Reta";"Urbano";1;0;0;0;1;0;0;1
83488278;"04/08/16";"Quinta";"19:03:00";"RJ";101;"296";"ITABORAI";"Outras";"Colisão traseira";"Sem Vítimas";"Plena noite";"Decrescente";"Ceu Claro";"Dupla";"Reta";"Urbano";2;0;0;0;2;0;0;2
83488279;"07/08/16";"Domingo";"01:19:00";"RO";319;"64,1";"PORTO VELHO";"Velocidade incompatível";"Colisão traseira";"Sem Vítimas";"Plena noite";"Crescente";"Ceu Claro";"Dupla";"Reta";"Urbano";6;0;0;0;3;3;0;3
83488280;"08/08/16";"Segunda";"07:45:00";"BA";324;"610";"SIMOES FILHO";"Falta de atenção";"Colisão traseira";"Com Vítimas Feridas";"Pleno dia";"Decrescente";"Nublado";"Dupla";"Reta";"Urbano";7;0;2;0;5;0;2;3
83488282;"08/08/16";"Segunda";"10:30:00";"PA";316;"0,5";"BELEM";"Falta de atenção";"Colisão lateral";"Com Vítimas Feridas";"Pleno dia";"Crescente";"Ceu Claro";"Dupla";"Reta";"Urbano";2;0;1;0;1;0;1;2
83488283;"29/07/16";"Sexta";"20:30:00";"CE";116;"249";"ALTO SANTO";"Outras";"Colisão frontal";"Com Vítimas Fatais";"Plena noite";"Crescente";"Ceu Claro";"Simples";"Reta";"Rural";2;1;0;0;1;0;0;2
83488284;"08/08/16";"Segunda";"14:25:00";"RS";386;"137";"SARANDI";"Desobediência à sinalização";"Colisão Transversal";"Sem Vítimas";"Pleno dia";"Crescente";"Ceu Claro";"Simples";"Curva";"Rural";2;0;0;0;2;0;0;2
83488285;"06/08/16";"Sábado";"05:10:00";"PR";163;"264";"TOLEDO";"Ingestão de álcool";"Capotamento";"Com Vítimas Feridas";"Plena noite";"Decrescente";"Ceu Claro";"Simples";"Reta";"Rural";1;0;1;0;0;0;1;1
83488286;"08/08/16";"Segunda";"09:30:00";"PR";376;"660";"TIJUCAS DO SUL";"Velocidade incompatível";"Saída de Pista";"Com Vítimas Feridas";"Pleno dia";"Crescente";"Chuva";"Simples";"Curva";"Rural";2;0;1;0;1;0;1;2
83488287;"08/08/16";"Segunda";"10:50:00";"GO";40;"2,4";"VALPARAISO DE GOIAS";"Outras";"Colisão com objeto fixo";"Sem Vítimas";"Pleno dia";"Crescente";"Ceu Claro";"Dupla";"Reta";"Urbano";1;0;0;0;1;0;0;1
83488288;"08/08/16";"Segunda";"12:30:00";"PR";277;"216";"TEIXEIRA SOARES";"Outras";"Colisão lateral";"Com Vítimas Feridas";"Pleno dia";"Decrescente";"Chuva";"Simples";"Reta";"Rural";3;0;3;0;0;0;3;2
83488289;"08/08/16";"Segunda";"12:45:00";"MT";364;"202,5";"RONDONOPOLIS";"Falta de atenção";"Colisão traseira";"Com Vítimas Feridas";"Pleno dia";"Decrescente";"Ceu Claro";"Simples";"Reta";"Urbano";2;0;1;0;1;0;1;2
83488290;"08/08/16";"Segunda";"14:00:00";"MG";116;"527,2";"CARATINGA";"Falta de atenção";"Colisão Transversal";"Com Vítimas Feridas";"Pleno dia";"Crescente";"Ceu Claro";"Múltipla";"Cruzamento";"Urbano";2;0;0;1;1;0;1;2
83488291;"05/08/16";"Sexta";"01:20:00";"SP";116;"176";"GUARAREMA";"Falta de atenção";"Saída de Pista";"Sem Vítimas";"Plena noite";"Crescente";"Ceu Claro";"Dupla";"Reta";"Rural";1;0;0;0;1;0;0;1
83488292;"08/08/16";"Segunda";"09:15:00";"RS";293;"3,7";"PELOTAS";"Falta de atenção";"Colisão lateral";"Sem Vítimas";"Pleno dia";"Crescente";"Sol";"Simples";"Reta";"Urbano";2;0;0;0;2;0;0;2
83488293;"06/08/16";"Sábado";"10:30:00";"MG";116;"327,1";"CAMPANARIO";"Velocidade incompatível";"Capotamento";"Com Vítimas Feridas";"Pleno dia";"Decrescente";"Ceu Claro";"Simples";"Reta";"Rural";1;0;1;0;0;0;1;1
83488294;"06/08/16";"Sábado";"19:00:00";"MT";163;"694";"SORRISO";"Ingestão de álcool";"Colisão frontal";"Sem Vítimas";"Plena noite";"Decrescente";"Ceu Claro";"Simples";"Reta";"Urbano";4;0;0;0;2;2;0;2
83488295;"08/08/16";"Segunda";"11:50:00";"PR";277;"95";"CURITIBA";"Velocidade incompatível";"Saída de Pista";"Sem Vítimas";"Pleno dia";"Decrescente";"Chuva";"Dupla";"Reta";"Urbano";1;0;0;0;1;0;0;1
83488296;"08/08/16";"Segunda";"09:50:00";"PR";376;"665";"GUARATUBA";"Velocidade incompatível";"Saída de Pista";"Com Vítimas Feridas";"Pleno dia";"Crescente";"Chuva";"Dupla";"Curva";"Rural";2;0;0;1;1;0;1;1
83488297;"08/08/16";"Segunda";"08:40:00";"PR";376;"590";"CURITIBA";"Outras";"Capotamento";"Sem Vítimas";"Pleno dia";"Crescente";"Chuva";"Dupla";"Reta";"Urbano";1;0;0;0;1;0;0;1
83488298;"05/08/16";"Sexta";"18:30:00";"MG";40;"714,4";"BARBACENA";"Desobediência à sinalização";"Colisão Transversal";"Com Vítimas Feridas";"Plena noite";"Decrescente";"Ceu Claro";"Simples";"Curva";"Rural";4;0;3;0;1;0;3;2
83488300;"08/08/16";"Segunda";"10:30:00";"BA";242;"240";"ITABERABA";"Velocidade incompatível";"Tombamento";"Sem Vítimas";"Pleno dia";"Decrescente";"Ceu Claro";"Simples";"Curva";"Rural";1;0;0;0;1;0;0;1
83488301;"03/08/16";"Quarta";"21:20:00";"ES";262;"107";"VENDA NOVA DO IMIGRANTE";"Outras";"Colisão com bicicleta";"Com Vítimas Feridas";"Plena noite";"Crescente";"Nublado";"Simples";"Reta";"Urbano";2;0;1;0;0;1;1;2
83488302;"08/08/16";"Segunda";"12:45:00";"PR";376;"458,8";"PONTA GROSSA";"Defeito mecânico em veículo";"Capotamento";"Sem Vítimas";"Pleno dia";"Crescente";"Chuva";"Simples";"Curva";"Rural";1;0;0;0;1;0;0;1
83488303;"07/08/16";"Domingo";"23:45:00";"MS";262;"460";"DOIS IRMAOS DO BURITI";"Ingestão de álcool";"Saída de Pista";"Com Vítimas Feridas";"Plena noite";"Crescente";"Ceu Claro";"Simples";"Reta";"Rural";1;0;1;0;0;0;1;1
83488304;"08/08/16";"Segunda";"13:30:00";"MG";381;"526";"BRUMADINHO";"Velocidade incompatível";"Tombamento";"Com Vítimas Feridas";"Pleno dia";"Crescente";"Ceu Claro";"Dupla";"Curva";"Rural";1;0;1;0;0;0;1;1
83488305;"08/08/16";"Segunda";"13:45:00";"SC";101;"335,4";"TUBARAO";"Falta de atenção";"Colisão traseira";"Sem Vítimas";"Pleno dia";"Decrescente";"Ceu Claro";"Dupla";"Reta";"Urbano";2;0;0;0;2;0;0;2
83488306;"04/08/16";"Quinta";"14:20:00";"MG";365;"718";"MONTE ALEGRE DE MINAS";"Defeito mecânico em veículo";"Queda de motocicleta / bicicleta / veículo";"Com Vítimas Feridas";"Pleno dia";"Decrescente";"Ceu Claro";"Simples";"Reta";"Rural";1;0;0;1;0;0;1;1
83488307;"08/08/16";"Segunda";"13:30:00";"PR";277;"101,8";"CURITIBA";"Velocidade incompatível";"Saída de Pista";"Sem Vítimas";"Pleno dia";"Decrescente";"Chuva";"Dupla";"Curva";"Urbano";1;0;0;0;1;0;0;1
83488308;"08/08/16";"Segunda";"06:30:00";"RJ";116;"175";"NOVA IGUACU";"Desobediência à sinalização";"Colisão frontal";"Com Vítimas Feridas";"Pleno dia";"Crescente";"Nublado";"Múltipla";"Reta";"Urbano";3;0;1;0;1;1;1;2
83488309;"08/08/16";"Segunda";"10:15:00";"PE";408;"49,7";"NAZARE DA MATA";"Falta de atenção";"Colisão Transversal";"Com Vítimas Feridas";"Pleno dia";"Decrescente";"Ceu Claro";"Simples";"Reta";"Rural";2;0;1;0;1;0;1;2
83488310;"08/08/16";"Segunda";"12:45:00";"SC";470;"88,6";"ASCURRA";"Velocidade incompatível";"Colisão frontal";"Sem Vítimas";"Pleno dia";"Decrescente";"Chuva";"Simples";"Curva";"Urbano";2;0;0;0;2;0;0;2
83488311;"04/08/16";"Quinta";"19:50:00";"DF";20;"17";"BRASILIA";"Velocidade incompatível";"Saída de Pista";"Com Vítimas Feridas";"Plena noite";"Decrescente";"Ceu Claro";"Dupla";"Reta";"Rural";1;0;1;0;0;0;1;1
83488312;"07/08/16";"Domingo";"21:00:00";"MG";365;"191";"BURITIZEIRO";"Velocidade incompatível";"Saída de Pista";"Sem Vítimas";"Plena noite";"Decrescente";"Ceu Claro";"Simples";"Curva";"Rural";4;0;0;0;4;0;0;1
83488313;"08/08/16";"Segunda";"11:00:00";"PA";316;"8";"ANANINDEUA";"Falta de atenção";"Atropelamento de pessoa";"Com Vítimas Feridas";"Pleno dia";"Crescente";"Ceu Claro";"Dupla";"Reta";"Urbano";2;0;1;0;1;0;1;1
83488314;"27/07/16";"Quarta";"08:20:00";"CE";20;"427";"FORTALEZA";"Não guardar distância de segurança";"Colisão lateral";"Com Vítimas Feridas";"Pleno dia";"Crescente";"Ceu Claro";"Dupla";"Reta";"Urbano";2;0;1;0;0;1;1;2
83488315;"07/08/16";"Domingo";"14:30:00";"CE";20;"167";"PEDRA BRANCA";"Defeito na via";"Capotamento";"Com Vítimas Feridas";"Pleno dia";"Crescente";"Ceu Claro";"Simples";"Reta";"Rural";3;0;2;1;0;0;3;1
83488316;"29/07/16";"Sexta";"22:30:00";"RN";101;"113";"PARNAMIRIM";"Outras";"Colisão traseira";"Sem Vítimas";"Plena noite";"Decrescente";"Ceu Claro";"Dupla";"Reta";"Urbano";2;0;0;0;2;0;0;2
83488317;"08/08/16";"Segunda";"14:00:00";"MT";364;"200,5";"RONDONOPOLIS";"Falta de atenção";"Colisão lateral";"Com Vítimas Feridas";"Pleno dia";"Crescente";"Ceu Claro";"Dupla";"Reta";"Urbano";2;0;1;0;1;0;1;2
83488318;"05/08/16";"Sexta";"07:00:00";"BA";410;"20";"RIBEIRA DO POMBAL";"Falta de atenção";"Saída de Pista";"Sem Vítimas";"Pleno dia";"Crescente";"Nublado";"Simples";"Reta";"Rural";1;0;0;0;1;0;0;1
83488319;"08/08/16";"Segunda";"10:15:00";"PR";476;"323";"PAULO FRONTIN";"Defeito mecânico em veículo";"Saída de Pista";"Sem Vítimas";"Pleno dia";"Decrescente";"Chuva";"Simples";"Reta";"Rural";1;0;0;0;1;0;0;1
83488320;"08/08/16";"Segunda";"15:45:00";"RS";386;"356,2";"ESTRELA";"Ultrapassagem indevida";"Colisão frontal";"Com Vítimas Fatais";"Pleno dia";"Crescente";"Nublado";"Simples";"Reta";"Urbano";2;1;0;0;1;0;0;2
83488321;"08/08/16";"Segunda";"09:09:00";"SP";116;"222,8";"GUARULHOS";"Ultrapassagem indevida";"Colisão lateral";"Com Vítimas Feridas";"Pleno dia";"Crescente";"Nublado";"Múltipla";"Reta";"Urbano";2;0;1;0;1;0;1;2
83488322;"19/07/16";"Terça";"23:30:00";"RS";392;"170,7";"PIRATINI";"Dormindo";"Saída de Pista";"Sem Vítimas";"Plena noite";"Decrescente";"Ceu Claro";"Simples";"Reta";"Rural";1;0;0;0;1;0;0;1
83488323;"08/08/16";"Segunda";"13:00:00";"RO";364;"394,6";"JARU";"Outras";"Colisão traseira";"Com Vítimas Feridas";"Pleno dia";"Decrescente";"Ceu Claro";"Simples";"Reta";"Rural";5;0;2;0;3;0;2;3
83488324;"08/08/16";"Segunda";"14:15:00";"GO";60;"209,9";"VARJAO";"Outras";"Tombamento";"Com Vítimas Feridas";"Pleno dia";"Decrescente";"Ceu Claro";"Dupla";"Reta";"Rural";3;0;2;0;1;0;2;1
83488325;"08/08/16";"Segunda";"16:50:00";"PR";116;"22";"ANTONINA";"Outras";"Colisão com objeto fixo";"Sem Vítimas";"Pleno dia";"Crescente";"Chuva";"Dupla";"Reta";"Rural";1;0;0;0;1;0;0;1
83488326;"08/08/16";"Segunda";"15:35:00";"BA";324;"619";"SALVADOR";"Falta de atenção";"Colisão traseira";"Sem Vítimas";"Pleno dia";"Crescente";"Nublado";"Dupla";"Reta";"Urbano";3;0;0;0;3;0;0;2
83488327;"08/08/16";"Segunda";"15:30:00";"SC";282;"4,8";"SAO JOSE";"Não guardar distância de segurança";"Colisão traseira";"Sem Vítimas";"Pleno dia";"Decrescente";"Chuva";"Dupla";"Reta";"Urbano";5;0;0;0;5;0;0;5
83488328;"08/08/16";"Segunda";"13:30:00";"PR";376;"668";"GUARATUBA";"Velocidade incompatível";"Saída de Pista";"Com Vítimas Feridas";"Pleno dia";"Decrescente";"Chuva";"Dupla";"Curva";"Rural";1;0;1;0;0;0;1;1
83488329;"06/08/16";"Sábado";"08:40:00";"MG";365;"567,7";"ESTRELA DO SUL";"Falta de atenção";"Colisão traseira";"Sem Vítimas";"Pleno dia";"Decrescente";"Ceu Claro";"Simples";"Reta";"Rural";2;0;0;0;2;0;0;2
83488330;"08/08/16";"Segunda";"13:20:00";"RO";319;"61";"PORTO VELHO";"Falta de atenção";"Colisão traseira";"Com Vítimas Feridas";"Pleno dia";"Crescente";"Ceu Claro";"Dupla";"Reta";"Urbano";2;0;1;0;1;0;1;2
83488331;"08/08/16";"Segunda";"14:30:00";"PR";277;"104";"CAMPO LARGO";"Outras";"Saída de Pista";"Com Vítimas Feridas";"Pleno dia";"Decrescente";"Chuva";"Dupla";"Curva";"Rural";3;0;1;0;2;0;1;1
83488332;"08/08/16";"Segunda";"16:40:00";"BA";101;"112";"ALAGOINHAS";"Desobediência à sinalização";"Saída de Pista";"Com Vítimas Feridas";"Pleno dia";"Decrescente";"Ceu Claro";"Simples";"Reta";"Urbano";1;0;1;0;0;0;1;1
83488333;"08/08/16";"Segunda";"16:30:00";"SE";235;"43";"ITABAIANA";"Falta de atenção";"Colisão traseira";"Com Vítimas Feridas";"Pleno dia";"Crescente";"Ceu Claro";"Simples";"Reta";"Rural";2;0;0;1;1;0;1;2
83488334;"08/08/16";"Segunda";"15:00:00";"PR";163;"128";"REALEZA";"Defeito na via";"Saída de Pista";"Sem Vítimas";"Pleno dia";"Decrescente";"Nublado";"Simples";"Reta";"Rural";1;0;0;0;1;0;0;1
83488335;"07/08/16";"Domingo";"20:40:00";"SP";116;"148,5";"SAO JOSE DOS CAMPOS";"Ingestão de álcool";"Colisão Transversal";"Sem Vítimas";"Plena noite";"Crescente";"Ceu Claro";"Dupla";"Reta";"Urbano";2;0;0;0;2;0;0;2
83488337;"08/08/16";"Segunda";"14:40:00";"DF";20;"47";"BRASILIA";"Falta de atenção";"Saída de Pista";"Com Vítimas Feridas";"Pleno dia";"Crescente";"Sol";"Dupla";"Reta";"Urbano";1;0;1;0;0;0;1;1
83488338;"09/06/16";"Quinta";"19:15:00";"ES";101;"376";"ICONHA";"Falta de atenção";"Atropelamento de pessoa";"Com Vítimas Fatais";"Plena noite";"Decrescente";"Ignorada";"Simples";"Reta";"Urbano";2;1;1;0;0;0;1;1
83488339;"26/07/16";"Terça";"07:10:00";"ES";101;"147,3";"LINHARES";"Outras";"Colisão com bicicleta";"Com Vítimas Feridas";"Pleno dia";"Decrescente";"Nublado";"Múltipla";"Reta";"Urbano";2;0;1;0;0;1;1;2
83488340;"08/08/16";"Segunda";"16:30:00";"RS";285;"278";"MATO CASTELHANO";"Não guardar distância de segurança";"Colisão traseira";"Sem Vítimas";"Pleno dia";"Decrescente";"Ceu Claro";"Simples";"Reta";"Rural";2;0;0;0;2;0;0;2
83488341;"08/08/16";"Segunda";"17:30:00";"SC";470;"142,3";"RIO DO SUL";"Falta de atenção";"Colisão traseira";"Com Vítimas Feridas";"Anoitecer";"Decrescente";"Chuva";"Múltipla";"Reta";"Urbano";2;0;1;0;1;0;1;2
83488342;"08/08/16";"Segunda";"16:15:00";"RS";116;"257";"ESTEIO";"Outras";"Atropelamento de pessoa";"Com Vítimas Feridas";"Pleno dia";"Decrescente";"Sol";"Dupla";"Reta";"Urbano";2;0;1;0;1;0;1;1
83488343;"05/08/16";"Sexta";"21:35:00";"MG";40;"112,8";"LAGOA GRANDE";"Defeito mecânico em veículo";"Saída de Pista";"Sem Vítimas";"Plena noite";"Crescente";"Ignorada";"Simples";"Reta";"Rural";1;0;0;0;1;0;0;1
83488344;"08/08/16";"Segunda";"16:00:00";"PR";277;"128";"BALSA NOVA";"Velocidade incompatível";"Saída de Pista";"Sem Vítimas";"Pleno dia";"Decrescente";"Chuva";"Dupla";"Curva";"Rural";1;0;0;0;1;0;0;1
83488345;"31/07/16";"Domingo";"10:30:00";"SC";280;"234,3";"CANOINHAS";"Falta de atenção";"Colisão traseira";"Sem Vítimas";"Pleno dia";"Crescente";"Ceu Claro";"Simples";"Reta";"Rural";2;0;0;0;2;0;0;2
83488346;"08/08/16";"Segunda";"13:30:00";"SP";116;"537,7";"BARRA DO TURVO";"Defeito mecânico em veículo";"Colisão com objeto fixo";"Sem Vítimas";"Pleno dia";"Crescente";"Chuva";"Dupla";"Curva";"Rural";2;0;0;0;2;0;0;1
83488347;"08/08/16";"Segunda";"13:30:00";"RN";101;"96,6";"NATAL";"Não guardar distância de segurança";"Colisão lateral";"Sem Vítimas";"Pleno dia";"Decrescente";"Sol";"Dupla";"Curva";"Urbano";2;0;0;0;2;0;0;2
83488348;"08/08/16";"Segunda";"07:15:00";"SC";101;"416";"ARARANGUA";"Falta de atenção";"Colisão frontal";"Com Vítimas Feridas";"Pleno dia";"Crescente";"Ceu Claro";"Simples";"Cruzamento";"Urbano";2;0;2;0;0;0;2;2
83488349;"08/08/16";"Segunda";"15:03:00";"MG";40;"42";"PARACATU";"Falta de atenção";"Colisão traseira";"Sem Vítimas";"Pleno dia";"Crescente";"Ceu Claro";"Simples";"Reta";"Urbano";2;0;0;0;2;0;0;2
83488351;"06/08/16";"Sábado";"04:15:00";"SC";101;"289";"IMBITUBA";"Outras";"Saída de Pista";"Ignorado";"Plena noite";"Decrescente";"Nublado";"Dupla";"Curva";"Rural";1;0;0;0;0;1;0;1
83488352;"08/08/16";"Segunda";"18:10:00";"ES";101;"146,8";"LINHARES";"Desobediência à sinalização";"Atropelamento de pessoa";"Com Vítimas Feridas";"Anoitecer";"Crescente";"Ceu Claro";"Múltipla";"Reta";"Urbano";2;0;1;0;1;0;1;1
83488353;"04/08/16";"Quinta";"18:30:00";"PI";230;"308";"FLORIANO";"Falta de atenção";"Atropelamento de pessoa";"Com Vítimas Feridas";"Anoitecer";"Crescente";"Ceu Claro";"Simples";"Reta";"Urbano";2;0;2;0;0;0;2;1
83488354;"08/08/16";"Segunda";"17:00:00";"RJ";495;"26";"PETROPOLIS";"Falta de atenção";"Colisão Transversal";"Com Vítimas Feridas";"Anoitecer";"Decrescente";"Sol";"Dupla";"Curva";"Urbano";2;0;1;0;1;0;1;2
83488355;"08/08/16";"Segunda";"09:48:00";"SC";282;"582";"PINHALZINHO";"Falta de atenção";"Colisão lateral";"Com Vítimas Feridas";"Pleno dia";"Decrescente";"Ceu Claro";"Simples";"Curva";"Rural";4;0;1;0;2;1;1;2
83488356;"07/08/16";"Domingo";"14:40:00";"SP";116;"398,6";"MIRACATU";"Falta de atenção";"Colisão lateral";"Com Vítimas Feridas";"Pleno dia";"Decrescente";"Nublado";"Dupla";"Reta";"Rural";2;0;1;0;1;0;1;2
83488357;"08/08/16";"Segunda";"16:50:00";"RS";287;"250,7";"SANTA MARIA";"Falta de atenção";"Colisão Transversal";"Com Vítimas Feridas";"Pleno dia";"Decrescente";"Sol";"Simples";"Cruzamento";"Urbano";3;0;1;0;2;0;1;2
83488358;"08/08/16";"Segunda";"17:20:00";"GO";60;"98,5";"ANAPOLIS";"Falta de atenção";"Colisão com bicicleta";"Com Vítimas Feridas";"Pleno dia";"Crescente";"Ceu Claro";"Simples";"Reta";"Urbano";4;0;0;1;3;0;1;2
83488359;"08/08/16";"Segunda";"16:50:00";"PR";376;"650";"TIJUCAS DO SUL";"Velocidade incompatível";"Saída de Pista";"Com Vítimas Feridas";"Pleno dia";"Crescente";"Nublado";"Dupla";"Curva";"Rural";2;0;1;0;1;0;1;1
83488360;"08/08/16";"Segunda";"11:40:00";"MT";364;"48";"ALTO GARCAS";"Falta de atenção";"Saída de Pista";"Sem Vítimas";"Pleno dia";"Crescente";"Sol";"Simples";"Reta";"Rural";1;0;0;0;1;0;0;1
83488361;"06/07/16";"Quarta";"13:15:00";"SP";153;"63,7";"SAO JOSE DO RIO PRETO";"Defeito mecânico em veículo";"Incêndio";"Sem Vítimas";"Pleno dia";"Crescente";"Ceu Claro";"Dupla";"Curva";"Urbano";1;0;0;0;1;0;0;1
83488362;"08/08/16";"Segunda";"11:40:00";"MT";158;"697,7";"BARRA DO GARCAS";"Defeito mecânico em veículo";"Incêndio";"Com Vítimas Feridas";"Pleno dia";"Crescente";"Sol";"Simples";"Reta";"Urbano";3;0;1;0;2;0;1;1
83488363;"05/08/16";"Sexta";"02:30:00";"BA";101;"246";"CONCEICAO DO ALMEIDA";"Outras";"Saída de Pista";"Com Vítimas Feridas";"Plena noite";"Crescente";"Chuva";"Dupla";"Curva";"Rural";2;0;2;0;0;0;2;1
83488364;"08/08/16";"Segunda";"16:50:00";"BA";116;"450";"ANTONIO CARDOSO";"Outras";"Queda de motocicleta / bicicleta / veículo";"Com Vítimas Feridas";"Anoitecer";"Crescente";"Sol";"Simples";"Reta";"Rural";2;0;2;0;0;0;2;1
83488365;"08/08/16";"Segunda";"13:05:00";"ES";262;"56";"MARECHAL FLORIANO";"Velocidade incompatível";"Tombamento";"Com Vítimas Feridas";"Pleno dia";"Crescente";"Nublado";"Simples";"Curva";"Rural";1;0;1;0;0;0;1;1
83488366;"08/08/16";"Segunda";"19:07:00";"MG";381;"500";"BETIM";"Outras";"Queda de motocicleta / bicicleta / veículo";"Com Vítimas Feridas";"Plena noite";"Crescente";"Ceu Claro";"Dupla";"Reta";"Urbano";1;0;1;0;0;0;1;1
83488368;"08/08/16";"Segunda";"14:20:00";"GO";80;"97";"VILA PROPICIO";"Desobediência à sinalização";"Colisão lateral";"Sem Vítimas";"Pleno dia";"Crescente";"Ceu Claro";"Simples";"Reta";"Rural";2;0;0;0;2;0;0;2
83488369;"08/08/16";"Segunda";"17:30:00";"GO";60;"415";"RIO VERDE";"Dormindo";"Capotamento";"Sem Vítimas";"Pleno dia";"Decrescente";"Ceu Claro";"Dupla";"Reta";"Rural";1;0;0;0;1;0;0;1
83488370;"08/08/16";"Segunda";"16:40:00";"BA";101;"743";"ITABELA";"Dormindo";"Capotamento";"Com Vítimas Feridas";"Pleno dia";"Crescente";"Ceu Claro";"Simples";"Curva";"Rural";5;0;3;0;2;0;3;1
83488371;"07/08/16";"Domingo";"04:15:00";"RO";319;"64";"PORTO VELHO";"Ingestão de álcool";"Colisão Transversal";"Com Vítimas Feridas";"Plena noite";"Decrescente";"Ceu Claro";"Dupla";"Cruzamento";"Urbano";3;0;0;2;1;0;2;2
83488372;"08/08/16";"Segunda";"19:40:00";"BA";324;"357,5";"CAPIM GROSSO";"Ingestão de álcool";"Colisão com bicicleta";"Com Vítimas Feridas";"Plena noite";"Crescente";"Ceu Claro";"Simples";"Reta";"Urbano";2;0;2;0;0;0;2;2
83488373;"08/08/16";"Segunda";"15:00:00";"PR";116;"204,9";"RIO NEGRO";"Ingestão de álcool";"Saída de Pista";"Sem Vítimas";"Pleno dia";"Crescente";"Chuva";"Simples";"Curva";"Rural";1;0;0;0;1;0;0;1
83488374;"03/08/16";"Quarta";"16:05:00";"SC";470;"17,2";"ILHOTA";"Falta de atenção";"Colisão lateral";"Com Vítimas Feridas";"Pleno dia";"Crescente";"Nublado";"Simples";"Reta";"Rural";4;0;2;0;2;0;2;2