"id";"data_inversa";"dia_semana";"horario";"uf";"br";"km";"municipio";"causa_acidente";"tipo_acidente";"classificacao_acidente";"fase_dia";"sentido_via";"condicao_metereologica";"tipo_pista";"tracado_via";"uso_solo";"pessoas";"mortos";"feridos_leves";"feridos_graves";"ilesos";"ignorados";"feridos";"veiculos"
83488487;"03/08/16";"Quarta";"14:35:00";"MG";116;"669,8";"MIRADOURO";"Ultrapassagem indevida";"Colisão lateral";"Com Vítimas Fatais";"Pleno dia";"Crescente";"Sol";"Simples";"Curva";"Rural";3;1;0;1;1;0;1;2
83488488;"05/08/16";"Sexta";"20:00:00";"RN";101;"95,8";"NATAL";"Falta de atenção";"Colisão traseira";"Com Vítimas Feridas";"Plena noite";"Decrescente";"Nublado";"Múltipla";"Reta";"Urbano";4;0;2;0;2;0;2;3
83488490;"05/08/16";"Sexta";"11:50:00";"MG";262;"19,3";"REDUTO";"Velocidade incompatível";"Tombamento";"Com Vítimas Feridas";"Pleno dia";"Decrescente";"Ceu Claro";"Simples";"Curva";"Rural";3;0;2;1;0;0;3;2
83488491;"09/08/16";"Terça";"07:45:00";"PR";277;"725,3";"FOZ DO IGUACU";"Velocidade incompatível";"Colisão traseira";"Com Vítimas Feridas";"Pleno dia";"Crescente";"Sol";"Dupla";"Reta";"Urbano";6;0;2;0;4;0;2;3
83488492;"05/08/16";"Sexta";"18:30:00";"PR";476;"128";"CURITIBA";"Outras";"Colisão com objeto móvel";"Com Vítimas Feridas";"Plena noite";"Decrescente";"Ceu Claro";"Múltipla";"Reta";"Urbano";2;0;1;1;0;0;2;2
83488494;"05/08/16";"Sexta";"17:00:00";"MG";381;"532";"ITATIAIUCU";"Falta de atenção";"Colisão traseira";"Sem Vítimas";"Anoitecer";"Decrescente";"Ceu Claro";"Dupla";"Curva";"Rural";2;0;0;0;2;0;0;2
83488496;"09/08/16";"Terça";"06:40:00";"PR";163;"53";"PRANCHITA";"Falta de atenção";"Saída de Pista";"Com Vítimas Feridas";"Amanhecer";"Crescente";"Nublado";"Simples";"Curva";"Rural";1;0;0;1;0;0;1;1
83488497;"09/08/16";"Terça";"09:55:00";"RS";386;"341,3";"LAJEADO";"Falta de atenção";"Colisão Transversal";"Sem Vítimas";"Pleno dia";"Crescente";"Nublado";"Simples";"Reta";"Urbano";2;0;0;0;2;0;0;2
83488498;"06/08/16";"Sábado";"21:00:00";"RJ";101;"51";"CAMPOS DOS GOYTACAZES";"Falta de atenção";"Colisão Transversal";"Com Vítimas Feridas";"Plena noite";"Crescente";"Ceu Claro";"Simples";"Reta";"Rural";3;0;1;0;1;1;1;2
83488499;"05/08/16";"Sexta";"19:00:00";"PB";104;"93";"ESPERANCA";"Velocidade incompatível";"Queda de motocicleta / bicicleta / veículo";"Com Vítimas Feridas";"Plena noite";"Decrescente";"Vento";"Simples";"Reta";"Urbano";1;0;1;0;0;0;1;1
83488500;"04/08/16";"Quinta";"05:10:00";"SC";101;"92,8";"BARRA VELHA";"Falta de atenção";"Colisão traseira";"Com Vítimas Feridas";"Plena noite";"Decrescente";"Nublado";"Dupla";"Reta";"Rural";2;0;1;0;1;0;1;2
83488501;"05/08/16";"Sexta";"18:50:00";"RJ";116;"247";"PIRAI";"Falta de atenção";"Capotamento";"Com Vítimas Feridas";"Plena noite";"Crescente";"Ceu Claro";"Dupla";"Reta";"Rural";2;0;2;0;0;0;2;2
83488502;"09/08/16";"Terça";"09:20:00";"RS";116;"607,8";"ARROIO GRANDE";"Falta de atenção";"Colisão Transversal";"Sem Vítimas";"Pleno dia";"Crescente";"Sol";"Simples";"Reta";"Rural";3;0;0;0;3;0;0;2
83488503;"09/08/16";"Terça";"07:20:00";"PR";153;"17";"JACAREZINHO";"Velocidade incompatível";"Capotamento";"Sem Vítimas";"Pleno dia";"Crescente";"Chuva";"Simples";"Curva";"Urbano";1;0;0;0;1;0;0;1
83488504;"09/08/16";"Terça";"08:25:00";"PR";153;"33,3";"SANTO ANTONIO DA PLATINA";"Velocidade incompatível";"Capotamento";"Com Vítimas Fatais";"Pleno dia";"Crescente";"Chuva";"Simples";"Reta";"Rural";2;1;0;0;1;0;0;2
83488505;"03/06/16";"Sexta";"12:30:00";"PR";277;"592";"CASCAVEL";"Falta de atenção";"Atropelamento de pessoa";"Com Vítimas Feridas";"Pleno dia";"Crescente";"Nublado";"Simples";"Reta";"Urbano";2;0;0;1;1;0;1;1
83488506;"06/08/16";"Sábado";"06:56:00";"GO";20;"106";"FLORES DE GOIAS";"Ultrapassagem indevida";"Colisão frontal";"Com Vítimas Feridas";"Amanhecer";"Decrescente";"Ceu Claro";"Simples";"Reta";"Rural";2;0;1;0;1;0;1;2
83488508;"05/08/16";"Sexta";"12:40:00";"GO";40;"96,8";"CRISTALINA";"Falta de atenção";"Atropelamento de pessoa";"Com Vítimas Feridas";"Pleno dia";"Decrescente";"Ceu Claro";"Simples";"Reta";"Urbano";2;0;0;1;1;0;1;1
83488509;"05/08/16";"Sexta";"18:10:00";"SP";381;"72";"SAO PAULO";"Não guardar distância de segurança";"Colisão traseira";"Sem Vítimas";"Plena noite";"Decrescente";"Ignorada";"Dupla";"Reta";"Rural";2;0;0;0;2;0;0;2
83488510;"08/08/16";"Segunda";"03:40:00";"RN";226;"288,9";"CAMPO GRANDE";"Outras";"Colisão Transversal";"Com Vítimas Fatais";"Plena noite";"Decrescente";"Ignorada";"Simples";"Reta";"Urbano";3;1;1;1;0;0;2;2
83488511;"06/08/16";"Sábado";"07:00:00";"SC";158;"140";"PALMITOS";"Outras";"Tombamento";"Sem Vítimas";"Amanhecer";"Decrescente";"Ceu Claro";"Simples";"Reta";"Rural";1;0;0;0;1;0;0;1
83488512;"09/08/16";"Terça";"09:40:00";"GO";153;"634";"MORRINHOS";"Não guardar distância de segurança";"Colisão lateral";"Com Vítimas Feridas";"Pleno dia";"Crescente";"Ceu Claro";"Dupla";"Reta";"Rural";3;0;1;0;2;0;1;2
83488513;"20/05/16";"Sexta";"04:37:00";"MG";381;"480,3";"CONTAGEM";"Outras";"Colisão traseira";"Com Vítimas Feridas";"Plena noite";"Crescente";"Ceu Claro";"Dupla";"Reta";"Urbano";2;0;0;1;1;0;1;2
83488514;"09/08/16";"Terça";"10:00:00";"SP";381;"59,5";"MAIRIPORA";"Velocidade incompatível";"Capotamento";"Sem Vítimas";"Pleno dia";"Decrescente";"Nublado";"Dupla";"Curva";"Rural";1;0;0;0;1;0;0;1
83488515;"09/08/16";"Terça";"10:00:00";"SP";116;"57,9";"GUARATINGUETA";"Outras";"Colisão traseira";"Sem Vítimas";"Pleno dia";"Crescente";"Sol";"Dupla";"Reta";"Urbano";3;0;0;0;3;0;0;2
83488516;"08/08/16";"Segunda";"00:10:00";"SP";116;"390,3";"MIRACATU";"Defeito mecânico em veículo";"Queda de motocicleta / bicicleta / veículo";"Com Vítimas Feridas";"Plena noite";"Decrescente";"Nublado";"Dupla";"Reta";"Rural";2;0;2;0;0;0;2;1
83488517;"09/08/16";"Terça";"08:00:00";"SE";101;"57";"ROSARIO DO CATETE";"Falta de atenção";"Colisão traseira";"Sem Vítimas";"Pleno dia";"Crescente";"Sol";"Simples";"Reta";"Rural";4;0;0;0;4;0;0;2
83488518;"09/08/16";"Terça";"10:00:00";"PE";101;"71";"RECIFE";"Falta de atenção";"Colisão traseira";"Sem Vítimas";"Pleno dia";"Decrescente";"Ceu Claro";"Dupla";"Reta";"Urbano";3;0;0;0;3;0;0;3
83488519;"09/08/16";"Terça";"07:50:00";"SP";381;"90";"GUARULHOS";"Falta de atenção";"Colisão lateral";"Com Vítimas Feridas";"Pleno dia";"Crescente";"Ceu Claro";"Dupla";"Reta";"Urbano";2;0;1;0;1;0;1;2
83488520;"09/08/16";"Terça";"11:05:00";"SC";282;"3";"FLORIANOPOLIS";"Não guardar distância de segurança";"Colisão traseira";"Com Vítimas Feridas";"Pleno dia";"Decrescente";"Chuva";"Múltipla";"Reta";"Urbano";4;0;1;0;3;0;1;4
83488521;"05/08/16";"Sexta";"15:40:00";"MG";459;"105,7";"POUSO ALEGRE";"Falta de atenção";"Colisão traseira";"Sem Vítimas";"Pleno dia";"Crescente";"Sol";"Dupla";"Reta";"Urbano";4;0;0;0;4;0;0;4
83488522;"04/08/16";"Quinta";"04:30:00";"DF";40;"4,5";"BRASILIA";"Dormindo";"Colisão com objeto fixo";"Com Vítimas Feridas";"Plena noite";"Crescente";"Ceu Claro";"Dupla";"Reta";"Urbano";1;0;1;0;0;0;1;1
83488523;"09/08/16";"Terça";"09:00:00";"PB";230;"501,8";"CAJAZEIRAS";"Falta de atenção";"Colisão Transversal";"Com Vítimas Feridas";"Pleno dia";"Decrescente";"Ceu Claro";"Simples";"Reta";"Urbano";2;0;0;1;1;0;1;2
83488524;"09/08/16";"Terça";"10:45:00";"PR";277;"721";"FOZ DO IGUACU";"Velocidade incompatível";"Saída de Pista";"Sem Vítimas";"Pleno dia";"Decrescente";"Ceu Claro";"Dupla";"Reta";"Urbano";1;0;0;0;1;0;0;1
83488526;"05/08/16";"Sexta";"22:03:00";"SC";280;"58";"GUARAMIRIM";"Desobediência à sinalização";"Colisão traseira";"Com Vítimas Feridas";"Plena noite";"Crescente";"Nublado";"Simples";"Curva";"Urbano";2;0;1;0;1;0;1;2
83488527;"09/08/16";"Terça";"08:50:00";"PR";476;"91";"BOCAIUVA DO SUL";"Falta de atenção";"Tombamento";"Sem Vítimas";"Pleno dia";"Crescente";"Nublado";"Simples";"Curva";"Rural";1;0;0;0;1;0;0;1
83488528;"09/08/16";"Terça";"10:00:00";"MG";381;"494,8";"BETIM";"Defeito mecânico em veículo";"Colisão lateral";"Com Vítimas Feridas";"Pleno dia";"Crescente";"Sol";"Dupla";"Reta";"Urbano";2;0;1;0;1;0;1;2
83488529;"09/08/16";"Terça";"12:00:00";"PR";116;"108";"CURITIBA";"Outras";"Tombamento";"Sem Vítimas";"Pleno dia";"Crescente";"Nublado";"Dupla";"Reta";"Rural";1;0;0;0;1;0;0;1
83488530;"05/08/16";"Sexta";"19:00:00";"PE";101;"103";"CABO DE SANTO AGOSTINHO";"Outras";"Colisão lateral";"Com Vítimas Fatais";"Plena noite";"Decrescente";"Nublado";"Simples";"Curva";"Urbano";2;1;1;0;0;0;1;2
83488531;"09/08/16";"Terça";"08:50:00";"PE";232;"7,8";"RECIFE";"Falta de atenção";"Colisão traseira";"Com Vítimas Feridas";"Pleno dia";"Crescente";"Sol";"Dupla";"Reta";"Urbano";4;0;2;0;2;0;2;3
83488532;"09/08/16";"Terça";"10:00:00";"PR";376;"601";"CURITIBA";"Ultrapassagem indevida";"Colisão lateral";"Com Vítimas Feridas";"Pleno dia";"Decrescente";"Nublado";"Dupla";"Curva";"Urbano";2;0;1;0;1;0;1;2
83488533;"29/07/16";"Sexta";"19:40:00";"GO";60;"97,3";"ANAPOLIS";"Falta de atenção";"Colisão lateral";"Com Vítimas Feridas";"Plena noite";"Crescente";"Ceu Claro";"Dupla";"Reta";"Urbano";2;0;1;0;1;0;1;2
83488534;"05/08/16";"Sexta";"17:40:00";"PA";316;"12";"MARITUBA";"Falta de atenção";"Colisão traseira";"Sem Vítimas";"Anoitecer";"Decrescente";"Ceu Claro";"Dupla";"Reta";"Urbano";2;0;0;0;1;1;0;2
83488535;"05/08/16";"Sexta";"20:40:00";"MG";40;"510";"RIBEIRAO DAS NEVES";"Não guardar distância de segurança";"Colisão traseira";"Sem Vítimas";"Plena noite";"Decrescente";"Ceu Claro";"Dupla";"Reta";"Urbano";3;0;0;0;3;0;0;3
83488536;"20/07/16";"Quarta";"11:00:00";"AM";319;"260";"CAREIRO";"Defeito mecânico em veículo";"Capotamento";"Com Vítimas Feridas";"Pleno dia";"Crescente";"Ceu Claro";"Simples";"Reta";"Rural";4;0;4;0;0;0;4;1
83488537;"09/08/16";"Terça";"11:35:00";"SC";282;"582,8";"PINHALZINHO";"Falta de atenção";"Colisão lateral";"Sem Vítimas";"Pleno dia";"Crescente";"Nublado";"Simples";"Curva";"Rural";2;0;0;0;2;0;0;2
83488539;"09/08/16";"Terça";"13:30:00";"SC";101;"27,2";"JOINVILLE";"Outras";"Colisão com objeto fixo";"Sem Vítimas";"Pleno dia";"Crescente";"Sol";"Múltipla";"Cruzamento";"Rural";2;0;0;0;2;0;0;2
83488540;"09/08/16";"Terça";"12:50:00";"SC";163;"76,7";"SAO MIGUEL DOESTE";"Falta de atenção";"Colisão Transversal";"Com Vítimas Feridas";"Pleno dia";"Crescente";"Sol";"Simples";"Reta";"Rural";2;0;0;1;1;0;1;2
83488541;"09/08/16";"Terça";"08:00:00";"PI";135;"401";"REDENCAO DO GURGUEIA";"Falta de atenção";"Saída de Pista";"Com Vítimas Feridas";"Pleno dia";"Crescente";"Ceu Claro";"Simples";"Reta";"Rural";3;0;1;1;1;0;2;1
83488543;"09/08/16";"Terça";"12:15:00";"PA";163;"998";"SANTAREM";"Falta de atenção";"Colisão Transversal";"Com Vítimas Feridas";"Pleno dia";"Crescente";"Ceu Claro";"Simples";"Cruzamento";"Urbano";2;0;1;0;1;0;1;2
83488544;"09/08/16";"Terça";"08:20:00";"CE";116;"374,1";"ICO";"Falta de atenção";"Colisão Transversal";"Com Vítimas Fatais";"Pleno dia";"Decrescente";"Ceu Claro";"Simples";"Reta";"Rural";2;1;0;0;1;0;0;2
83488545;"01/08/16";"Segunda";"08:00:00";"BA";324;"593";"CANDEIAS";"Outras";"Colisão traseira";"Sem Vítimas";"Pleno dia";"Crescente";"Ceu Claro";"Dupla";"Reta";"Rural";2;0;0;0;2;0;0;2
83488546;"05/08/16";"Sexta";"16:50:00";"DF";20;"47";"BRASILIA";"Falta de atenção";"Saída de Pista";"Sem Vítimas";"Pleno dia";"Decrescente";"Sol";"Simples";"Curva";"Rural";1;0;0;0;1;0;0;1
83488547;"09/08/16";"Terça";"06:00:00";"MG";116;"184,2";"CARAI";"Defeito mecânico em veículo";"Tombamento";"Sem Vítimas";"Pleno dia";"Crescente";"Ceu Claro";"Simples";"Curva";"Rural";1;0;0;0;1;0;0;1
83488548;"09/08/16";"Terça";"07:50:00";"RS";116;"236,5";"NOVO HAMBURGO";"Defeito mecânico em veículo";"Tombamento";"Com Vítimas Feridas";"Pleno dia";"Crescente";"Nublado";"Dupla";"Reta";"Urbano";1;0;1;0;0;0;1;1
83488549;"05/08/16";"Sexta";"14:30:00";"MG";116;"524";"CARATINGA";"Falta de atenção";"Colisão Transversal";"Com Vítimas Feridas";"Pleno dia";"Crescente";"Ceu Claro";"Simples";"Curva";"Urbano";2;0;1;0;1;0;1;2
83488550;"09/08/16";"Terça";"11:30:00";"RN";101;"83,4";"SAO GONCALO DO AMARANTE";"Outras";"Colisão traseira";"Com Vítimas Feridas";"Pleno dia";"Crescente";"Ceu Claro";"Dupla";"Reta";"Urbano";2;0;0;1;1;0;1;2
83488552;"09/08/16";"Terça";"11:40:00";"RO";364;"12,7";"VILHENA";"Falta de atenção";"Colisão lateral";"Com Vítimas Feridas";"Pleno dia";"Crescente";"Ceu Claro";"Dupla";"Reta";"Urbano";2;0;0;1;1;0;1;2
83488553;"09/08/16";"Terça";"12:30:00";"MT";70;"1";"BARRA DO GARCAS";"Falta de atenção";"Colisão frontal";"Com Vítimas Feridas";"Pleno dia";"Crescente";"Ceu Claro";"Simples";"Reta";"Urbano";2;0;1;0;1;0;1;2
83488554;"09/08/16";"Terça";"14:20:00";"MT";163;"594";"NOVA MUTUM";"Velocidade incompatível";"Saída de Pista";"Com Vítimas Feridas";"Amanhecer";"Decrescente";"Ceu Claro";"Dupla";"Reta";"Urbano";2;0;1;0;1;0;1;2
83488555;"09/08/16";"Terça";"11:45:00";"RN";304;"269";"SAO PEDRO";"Falta de atenção";"Colisão lateral";"Com Vítimas Feridas";"Pleno dia";"Crescente";"Ceu Claro";"Simples";"Curva";"Rural";2;0;1;0;1;0;1;2
83488556;"06/08/16";"Sábado";"03:20:00";"PR";369;"507,2";"CASCAVEL";"Dormindo";"Colisão frontal";"Com Vítimas Fatais";"Plena noite";"Decrescente";"Ceu Claro";"Simples";"Reta";"Rural";2;1;1;0;0;0;1;2
83488557;"08/08/16";"Segunda";"19:30:00";"SP";116;"149";"SAO JOSE DOS CAMPOS";"Outras";"Colisão traseira";"Sem Vítimas";"Plena noite";"Decrescente";"Nublado";"Dupla";"Reta";"Rural";2;0;0;0;2;0;0;2
83488558;"09/08/16";"Terça";"10:40:00";"MG";40;"523";"CONTAGEM";"Falta de atenção";"Colisão lateral";"Sem Vítimas";"Pleno dia";"Decrescente";"Sol";"Dupla";"Reta";"Urbano";2;0;0;0;2;0;0;2
83488559;"02/08/16";"Terça";"22:15:00";"BA";20;"173";"SAO DESIDERIO";"Animais na Pista";"Atropelamento de animal";"Sem Vítimas";"Plena noite";"Crescente";"Ceu Claro";"Simples";"Reta";"Rural";1;0;0;0;1;0;0;1
83488560;"09/08/16";"Terça";"12:20:00";"PI";316;"45,8";"LAGOA DO PIAUI";"Falta de atenção";"Saída de Pista";"Com Vítimas Feridas";"Pleno dia";"Crescente";"Sol";"Simples";"Reta";"Rural";1;0;1;0;0;0;1;1
83488561;"09/08/16";"Terça";"12:00:00";"RO";364;"343";"JI-PARANA";"Falta de atenção";"Colisão traseira";"Sem Vítimas";"Pleno dia";"Crescente";"Sol";"Dupla";"Reta";"Urbano";2;0;0;0;2;0;0;2
83488562;"09/08/16";"Terça";"14:30:00";"SC";116;"5,5";"MAFRA";"Falta de atenção";"Colisão Transversal";"Com Vítimas Feridas";"Pleno dia";"Decrescente";"Nublado";"Simples";"Reta";"Urbano";3;0;2;0;1;0;2;2
83488563;"03/08/16";"Quarta";"15:20:00";"CE";20;"414";"MARACANAU";"Falta de atenção";"Colisão traseira";"Com Vítimas Feridas";"Pleno dia";"Decrescente";"Ceu Claro";"Simples";"Reta";"Urbano";3;0;1;0;2;0;1;3
83488564;"07/08/16";"Domingo";"15:10:00";"RJ";393;"102,2";"CARMO";"Outras";"Queda de motocicleta / bicicleta / veículo";"Com Vítimas Feridas";"Pleno dia";"Crescente";"Ceu Claro";"Simples";"Curva";"Rural";3;0;2;0;1;0;2;2
83488565;"07/08/16";"Domingo";"05:00:00";"RO";319;"61";"PORTO VELHO";"Desobediência à sinalização";"Colisão Transversal";"Com Vítimas Feridas";"Amanhecer";"Decrescente";"Ceu Claro";"Dupla";"Reta";"Urbano";3;0;1;1;0;1;2;2
83488566;"07/08/16";"Domingo";"12:20:00";"MG";262;"773";"UBERABA";"Falta de atenção";"Colisão Transversal";"Sem Vítimas";"Pleno dia";"Crescente";"Ceu Claro";"Simples";"Cruzamento";"Rural";2;0;0;0;2;0;0;2
83488567;"07/08/16";"Domingo";"17:10:00";"GO";40;"9";"LUZIANIA";"Outras";"Colisão com bicicleta";"Com Vítimas Fatais";"Pleno dia";"Decrescente";"Ceu Claro";"Dupla";"Reta";"Urbano";2;1;0;0;1;0;0;2
83488568;"25/07/16";"Segunda";"05:15:00";"PI";343;"82";"CARAUBAS DO PIAUI";"Outras";"Colisão traseira";"Sem Vítimas";"Amanhecer";"Crescente";"Ceu Claro";"Simples";"Reta";"Urbano";2;0;0;0;2;0;0;2
83488571;"09/08/16";"Terça";"14:00:00";"SC";101;"192";"BIGUACU";"Animais na Pista";"Atropelamento de animal";"Sem Vítimas";"Pleno dia";"Crescente";"Nublado";"Dupla";"Reta";"Urbano";1;0;0;0;1;0;0;1
83488572;"09/08/16";"Terça";"11:00:00";"SP";116;"567";"BARRA DO TURVO";"Velocidade incompatível";"Tombamento";"Sem Vítimas";"Pleno dia";"Decrescente";"Nublado";"Simples";"Curva";"Rural";1;0;0;0;1;0;0;1
83488573;"09/08/16";"Terça";"10:30:00";"PR";163;"0";"SANTO ANTONIO DO SUDOESTE";"Não guardar distância de segurança";"Saída de Pista";"Com Vítimas Feridas";"Pleno dia";"Crescente";"Sol";"Simples";"Reta";"Rural";2;0;1;1;0;0;2;1
83488575;"09/08/16";"Terça";"10:00:00";"MT";364;"348";"SANTO ANTONIO DO LEVERGER";"Não guardar distância de segurança";"Colisão traseira";"Com Vítimas Feridas";"Pleno dia";"Crescente";"Sol";"Simples";"Reta";"Rural";2;0;0;1;1;0;1;2
83488577;"09/08/16";"Terça";"16:15:00";"RS";116;"389,9";"CAMAQUA";"Falta de atenção";"Colisão Transversal";"Com Vítimas Feridas";"Pleno dia";"Decrescente";"Sol";"Dupla";"Reta";"Urbano";3;0;1;0;2;0;1;2
83488578;"09/08/16";"Terça";"13:00:00";"MT";364;"403";"CUIABA";"Falta de atenção";"Colisão com objeto fixo";"Sem Vítimas";"Pleno dia";"Decrescente";"Ceu Claro";"Dupla";"Reta";"Urbano";1;0;0;0;1;0;0;1
83488579;"09/08/16";"Terça";"14:10:00";"SC";101;"384,1";"ICARA";"Desobediência à sinalização";"Colisão frontal";"Com Vítimas Feridas";"Pleno dia";"Crescente";"Nublado";"Simples";"Reta";"Urbano";5;0;2;2;1;0;4;2
83488580;"09/08/16";"Terça";"14:30:00";"MT";364;"185,8";"PEDRA PRETA";"Não guardar distância de segurança";"Colisão traseira";"Sem Vítimas";"Pleno dia";"Decrescente";"Sol";"Simples";"Reta";"Rural";2;0;0;0;2;0;0;2
83488581;"06/08/16";"Sábado";"05:30:00";"MG";381;"667,1";"PERDOES";"Defeito mecânico em veículo";"Colisão com objeto fixo";"Sem Vítimas";"Amanhecer";"Crescente";"Nublado";"Dupla";"Reta";"Urbano";1;0;0;0;1;0;0;1
83488582;"09/07/16";"Sábado";"11:30:00";"PA";308;"195";"BRAGANCA";"Outras";"Colisão Transversal";"Com Vítimas Feridas";"Pleno dia";"Crescente";"Sol";"Dupla";"Reta";"Urbano";3;0;1;1;1;0;2;2
83488583;"09/08/16";"Terça";"15:10:00";"GO";60;"95";"ANAPOLIS";"Outras";"Colisão traseira";"Com Vítimas Feridas";"Pleno dia";"Decrescente";"Ceu Claro";"Dupla";"Reta";"Urbano";4;0;2;0;2;0;2;2
83488584;"05/08/16";"Sexta";"19:20:00";"MG";381;"743,1";"TRES CORACOES";"Defeito na via";"Saída de Pista";"Sem Vítimas";"Plena noite";"Decrescente";"Nublado";"Dupla";"Cruzamento";"Rural";1;0;0;0;1;0;0;1
83488585;"06/08/16";"Sábado";"05:15:00";"BA";116;"514";"SANTA TERESINHA";"Outras";"Atropelamento de animal";"Sem Vítimas";"Pleno dia";"Crescente";"Ceu Claro";"Simples";"Reta";"Rural";1;0;0;0;1;0;0;1
83488586;"09/08/16";"Terça";"14:45:00";"SC";101;"278";"IMBITUBA";"Outras";"Colisão lateral";"Com Vítimas Feridas";"Pleno dia";"Crescente";"Nublado";"Dupla";"Reta";"Rural";2;0;0;1;1;0;1;2
83488587;"09/08/16";"Terça";"00:30:00";"BA";110;"25";"PAULO AFONSO";"Falta de atenção";"Tombamento";"Com Vítimas Feridas";"Plena noite";"Decrescente";"Ceu Claro";"Simples";"Reta";"Rural";1;0;1;0;0;0;1;1
83488588;"09/08/16";"Terça";"14:00:00";"GO";153;"375";"SAO FRANCISCO DE GOIAS";"Não guardar distância de segurança";"Colisão traseira";"Sem Vítimas";"Pleno dia";"Crescente";"Ceu Claro";"Simples";"Reta";"Rural";2;0;0;0;2;0;0;2
83488589;"09/08/16";"Terça";"12:00:00";"SP";116;"563";"BARRA DO TURVO";"Falta de atenção";"Colisão lateral";"Sem Vítimas";"Pleno dia";"Decrescente";"Nublado";"Dupla";"Reta";"Rural";3;0;0;0;2;1;0;2
83488590;"09/08/16";"Terça";"17:30:00";"MG";381;"492";"BETIM";"Defeito mecânico em veículo";"Queda de motocicleta / bicicleta / veículo";"Com Vítimas Feridas";"Anoitecer";"Decrescente";"Ceu Claro";"Dupla";"Reta";"Urbano";1;0;1;0;0;0;1;1
83488591;"09/08/16";"Terça";"15:30:00";"SC";282;"532,9";"CHAPECO";"Desobediência à sinalização";"Colisão Transversal";"Sem Vítimas";"Pleno dia";"Decrescente";"Sol";"Simples";"Cruzamento";"Urbano";2;0;0;0;2;0;0;2
83488592;"06/08/16";"Sábado";"20:00:00";"BA";324;"521";"FEIRA DE SANTANA";"Outras";"Colisão com objeto fixo";"Ignorado";"Plena noite";"Crescente";"Nublado";"Dupla";"Reta";"Rural";1;0;0;0;0;1;0;1
83488593;"09/08/16";"Terça";"15:20:00";"MS";163;"256,3";"DOURADOS";"Defeito mecânico em veículo";"Derramamento de Carga";"Sem Vítimas";"Pleno dia";"Crescente";"Sol";"Dupla";"Reta";"Urbano";3;0;0;0;3;0;0;2
83488594;"09/08/16";"Terça";"14:15:00";"GO";158;"243,5";"JATAI";"Outras";"Saída de Pista";"Sem Vítimas";"Pleno dia";"Decrescente";"Ceu Claro";"Simples";"Reta";"Rural";1;0;0;0;1;0;0;1
83488595;"06/08/16";"Sábado";"01:30:00";"SC";101;"131";"BALNEARIO CAMBORIU";"Falta de atenção";"Colisão lateral";"Sem Vítimas";"Plena noite";"Decrescente";"Ceu Claro";"Dupla";"Reta";"Urbano";2;0;0;0;2;0;0;2
83488596;"09/08/16";"Terça";"16:30:00";"MG";116;"416";"GOVERNADOR VALADARES";"Velocidade incompatível";"Colisão lateral";"Com Vítimas Feridas";"Pleno dia";"Crescente";"Ceu Claro";"Múltipla";"Cruzamento";"Urbano";2;0;2;0;0;0;2;2
83488598;"07/08/16";"Domingo";"18:30:00";"MG";40;"341,2";"FELIXLANDIA";"Dormindo";"Colisão com objeto fixo";"Com Vítimas Feridas";"Plena noite";"Crescente";"Ceu Claro";"Simples";"Reta";"Rural";1;0;1;0;0;0;1;1
83488599;"08/08/16";"Segunda";"18:30:00";"SP";116;"155,5";"SAO JOSE DOS CAMPOS";"Falta de atenção";"Colisão traseira";"Sem Vítimas";"Plena noite";"Decrescente";"Ceu Claro";"Múltipla";"Reta";"Urbano";2;0;0;0;1;1;0;2
83488600;"09/08/16";"Terça";"15:50:00";"SC";101;"51,6";"JOINVILLE";"Defeito mecânico em veículo";"Tombamento";"Sem Vítimas";"Pleno dia";"Crescente";"Sol";"Dupla";"Reta";"Rural";1;0;0;0;1;0;0;1
83488601;"09/08/16";"Terça";"16:20:00";"MA";222;"209,2";"ITAPECURU MIRIM";"Defeito mecânico em veículo";"Tombamento";"Com Vítimas Feridas";"Pleno dia";"Crescente";"Sol";"Simples";"Reta";"Rural";2;0;2;0;0;0;2;1
83488602;"05/08/16";"Sexta";"13:55:00";"BA";101;"214,5";"MURITIBA";"Não guardar distância de segurança";"Colisão traseira";"Com Vítimas Feridas";"Pleno dia";"Crescente";"Sol";"Simples";"Reta";"Rural";4;0;1;0;3;0;1;4
83488604;"28/07/16";"Quinta";"13:55:00";"SC";280;"48";"ARAQUARI";"Desobediência à sinalização";"Colisão Transversal";"Com Vítimas Feridas";"Pleno dia";"Decrescente";"Ceu Claro";"Simples";"Reta";"Rural";2;0;1;0;1;0;1;2
83488605;"09/08/16";"Terça";"14:35:00";"MG";365;"468,5";"PATROCINIO";"Falta de atenção";"Colisão lateral";"Com Vítimas Feridas";"Pleno dia";"Crescente";"Sol";"Simples";"Reta";"Rural";2;0;1;0;1;0;1;2
83488606;"09/08/16";"Terça";"16:00:00";"PR";376;"177,5";"MARINGA";"Falta de atenção";"Colisão lateral";"Com Vítimas Feridas";"Pleno dia";"Crescente";"Nublado";"Dupla";"Reta";"Urbano";2;0;1;0;1;0;1;2
83488607;"05/08/16";"Sexta";"12:10:00";"CE";20;"377";"CAUCAIA";"Outras";"Queda de motocicleta / bicicleta / veículo";"Com Vítimas Feridas";"Pleno dia";"Decrescente";"Sol";"Simples";"Reta";"Rural";1;0;1;0;0;0;1;1
83488608;"09/08/16";"Terça";"13:00:00";"BA";135;"160";"BARREIRAS";"Defeito na via";"Saída de Pista";"Com Vítimas Feridas";"Pleno dia";"Crescente";"Sol";"Simples";"Reta";"Rural";1;0;1;0;0;0;1;1