"id";"data_inversa";"dia_semana";"horario";"uf";"br";"km";"municipio";"causa_acidente";"tipo_acidente";"classificacao_acidente";"fase_dia";"sentido_via";"condicao_metereologica";"tipo_pista";"tracado_via";"uso_solo";"pessoas";"mortos";"feridos_leves";"feridos_graves";"ilesos";"ignorados";"feridos";"veiculos"
83489055;"11/08/16";"Quinta";"07:25:00";"RN";101;"98,5";"NATAL";"Falta de atenção";"Colisão lateral";"Sem Vítimas";"Pleno dia";"Decrescente";"Ceu Claro";"Dupla";"Reta";"Urbano";3;0;0;0;3;0;0;3
83489056;"03/05/16";"Terça";"13:00:00";"CE";20;"145,8";"TAUA";"Outras";"Capotamento";"Com Vítimas Feridas";"Pleno dia";"Decrescente";"Ceu Claro";"Simples";"Reta";"Rural";7;0;1;6;0;0;7;1
83489058;"11/08/16";"Quinta";"08:00:00";"RS";153;"560,3";"BAGE";"Animais na Pista";"Saída de Pista";"Com Vítimas Feridas";"Amanhecer";"Crescente";"Nevoeiro/neblina";"Simples";"Curva";"Rural";2;0;1;0;1;0;1;1
83489059;"11/08/16";"Quinta";"11:20:00";"PR";116;"103,6";"SAO JOSE DOS PINHAIS";"Desobediência à sinalização";"Colisão lateral";"Sem Vítimas";"Pleno dia";"Decrescente";"Sol";"Simples";"Reta";"Urbano";2;0;0;0;2;0;0;2
83489060;"11/08/16";"Quinta";"09:10:00";"RS";158;"161,6";"PANAMBI";"Dormindo";"Colisão lateral";"Com Vítimas Feridas";"Pleno dia";"Crescente";"Ceu Claro";"Simples";"Reta";"Rural";2;0;1;0;1;0;1;2
83489062;"11/08/16";"Quinta";"09:05:00";"CE";222;"149";"IRAUCUBA";"Falta de atenção";"Colisão Transversal";"Com Vítimas Feridas";"Pleno dia";"Decrescente";"Ceu Claro";"Simples";"Reta";"Urbano";2;0;1;0;1;0;1;2
83489063;"10/08/16";"Quarta";"05:00:00";"GO";60;"468";"JATAI";"Velocidade incompatível";"Saída de Pista";"Ignorado";"Plena noite";"Decrescente";"Ceu Claro";"Dupla";"Reta";"Rural";1;0;0;0;0;1;0;1
83489065;"11/08/16";"Quinta";"07:40:00";"PR";369;"137,3";"IBIPORA";"Outras";"Colisão lateral";"Sem Vítimas";"Pleno dia";"Crescente";"Sol";"Simples";"Reta";"Urbano";3;0;0;0;3;0;0;2
83489067;"01/08/16";"Segunda";"23:30:00";"PR";153;"504,5";"GENERAL CARNEIRO";"Velocidade incompatível";"Colisão com objeto fixo";"Com Vítimas Fatais";"Plena noite";"Decrescente";"Ceu Claro";"Simples";"Curva";"Rural";3;1;0;0;2;0;0;3
83489068;"09/08/16";"Terça";"07:10:00";"SC";282;"549,8";"NOVA ITABERABA";"Outras";"Saída de Pista";"Sem Vítimas";"Pleno dia";"Crescente";"Ceu Claro";"Simples";"Reta";"Rural";1;0;0;0;1;0;0;1
83489069;"11/08/16";"Quinta";"10:00:00";"MG";381;"713,8";"CARMO DA CACHOEIRA";"Outras";"Saída de Pista";"Com Vítimas Feridas";"Pleno dia";"Decrescente";"Sol";"Dupla";"Reta";"Rural";1;0;1;0;0;0;1;1
83489070;"08/08/16";"Segunda";"06:00:00";"PE";104;"102,7";"CUPIRA";"Dormindo";"Colisão traseira";"Sem Vítimas";"Pleno dia";"Decrescente";"Nublado";"Simples";"Reta";"Rural";2;0;0;0;2;0;0;2
83489071;"11/08/16";"Quinta";"13:25:00";"CE";116;"70,9";"CHOROZINHO";"Defeito mecânico em veículo";"Danos Eventuais";"Sem Vítimas";"Pleno dia";"Decrescente";"Ceu Claro";"Dupla";"Reta";"Urbano";2;0;0;0;2;0;0;1
83489073;"11/08/16";"Quinta";"10:15:00";"BA";101;"75";"ENTRE RIOS";"Velocidade incompatível";"Saída de Pista";"Com Vítimas Feridas";"Pleno dia";"Crescente";"Ceu Claro";"Simples";"Reta";"Rural";2;0;1;0;0;1;1;2
83489074;"09/08/16";"Terça";"23:00:00";"PB";230;"353";"PATOS";"Animais na Pista";"Colisão lateral";"Com Vítimas Feridas";"Plena noite";"Crescente";"Ceu Claro";"Simples";"Reta";"Rural";6;0;0;2;4;0;2;2
83489075;"07/08/16";"Domingo";"18:05:00";"ES";101;"254,7";"SERRA";"Outras";"Colisão traseira";"Com Vítimas Feridas";"Plena noite";"Crescente";"Nublado";"Simples";"Reta";"Urbano";6;0;1;0;5;0;1;4
83489076;"06/08/16";"Sábado";"16:20:00";"PR";376;"499,8";"PONTA GROSSA";"Falta de atenção";"Colisão lateral";"Sem Vítimas";"Pleno dia";"Decrescente";"Ignorada";"Dupla";"Reta";"Urbano";2;0;0;0;2;0;0;2
83489077;"07/08/16";"Domingo";"23:40:00";"PR";373;"451,4";"CHOPINZINHO";"Outras";"Colisão frontal";"Com Vítimas Feridas";"Plena noite";"Crescente";"Chuva";"Simples";"Curva";"Rural";6;0;0;2;4;0;2;2
83489078;"11/08/16";"Quinta";"07:10:00";"BA";116;"475";"SANTO ESTEVAO";"Velocidade incompatível";"Capotamento";"Com Vítimas Feridas";"Pleno dia";"Crescente";"Ceu Claro";"Dupla";"Reta";"Rural";2;0;2;0;0;0;2;1
83489079;"07/08/16";"Domingo";"16:35:00";"MG";381;"452";"SABARA";"Velocidade incompatível";"Queda de motocicleta / bicicleta / veículo";"Com Vítimas Feridas";"Pleno dia";"Crescente";"Nublado";"Simples";"Curva";"Rural";1;0;0;1;0;0;1;1
83489080;"11/08/16";"Quinta";"11:15:00";"PR";369;"138,2";"IBIPORA";"Desobediência à sinalização";"Colisão Transversal";"Com Vítimas Feridas";"Pleno dia";"Crescente";"Sol";"Simples";"Curva";"Urbano";2;0;1;0;1;0;1;2
83489081;"11/08/16";"Quinta";"11:55:00";"PR";476;"144,3";"CURITIBA";"Outras";"Colisão frontal";"Com Vítimas Feridas";"Pleno dia";"Crescente";"Ceu Claro";"Dupla";"Reta";"Urbano";3;0;2;0;1;0;2;3
83489082;"07/08/16";"Domingo";"16:30:00";"PB";230;"34,5";"BAYEUX";"Não guardar distância de segurança";"Colisão traseira";"Com Vítimas Feridas";"Pleno dia";"Decrescente";"Ceu Claro";"Dupla";"Reta";"Urbano";10;0;2;0;7;1;2;8
83489083;"07/08/16";"Domingo";"17:50:00";"MG";381;"927,5";"ITAPEVA";"Falta de atenção";"Colisão com bicicleta";"Com Vítimas Feridas";"Anoitecer";"Crescente";"Ceu Claro";"Dupla";"Reta";"Urbano";2;0;0;1;1;0;1;2
83489084;"11/08/16";"Quinta";"07:15:00";"AM";174;"1003";"PRESIDENTE FIGUEIREDO";"Falta de atenção";"Colisão frontal";"Sem Vítimas";"Pleno dia";"Crescente";"Ceu Claro";"Simples";"Reta";"Rural";3;0;0;0;1;2;0;2
83489085;"12/06/16";"Domingo";"20:30:00";"CE";20;"262";"ITATIRA";"Outras";"Atropelamento de pessoa";"Com Vítimas Fatais";"Plena noite";"Crescente";"Ceu Claro";"Simples";"Reta";"Rural";5;1;0;0;4;0;0;1
83489086;"11/08/16";"Quinta";"07:10:00";"PI";316;"312";"PICOS";"Desobediência à sinalização";"Colisão lateral";"Com Vítimas Fatais";"Pleno dia";"Decrescente";"Ceu Claro";"Simples";"Reta";"Urbano";3;1;0;0;2;0;0;3
83489087;"11/08/16";"Quinta";"11:35:00";"PR";476;"129";"CURITIBA";"Falta de atenção";"Colisão com objeto fixo";"Sem Vítimas";"Pleno dia";"Decrescente";"Ceu Claro";"Múltipla";"Reta";"Urbano";1;0;0;0;1;0;0;1
83489088;"09/08/16";"Terça";"23:10:00";"RN";110;"5,9";"AREIA BRANCA";"Animais na Pista";"Atropelamento de animal";"Sem Vítimas";"Plena noite";"Decrescente";"Ignorada";"Simples";"Reta";"Rural";2;0;0;0;2;0;0;1
83489089;"11/08/16";"Quinta";"12:20:00";"ES";101;"270";"SERRA";"Outras";"Queda de motocicleta / bicicleta / veículo";"Com Vítimas Feridas";"Pleno dia";"Crescente";"Nublado";"Simples";"Curva";"Urbano";1;0;1;0;0;0;1;1
83489090;"11/08/16";"Quinta";"08:35:00";"MG";381;"849";"POUSO ALEGRE";"Velocidade incompatível";"Tombamento";"Sem Vítimas";"Amanhecer";"Crescente";"Nublado";"Simples";"Curva";"Urbano";1;0;0;0;1;0;0;1
83489091;"11/08/16";"Quinta";"09:30:00";"PR";476;"126";"CURITIBA";"Falta de atenção";"Colisão traseira";"Com Vítimas Feridas";"Pleno dia";"Crescente";"Ceu Claro";"Dupla";"Reta";"Urbano";2;0;1;0;1;0;1;2
83489092;"11/08/16";"Quinta";"07:39:00";"PE";101;"69,5";"RECIFE";"Outras";"Danos Eventuais";"Ignorado";"Pleno dia";"Crescente";"Ceu Claro";"Dupla";"Reta";"Urbano";1;0;0;0;0;1;0;1
83489093;"11/08/16";"Quinta";"10:30:00";"BA";367;"81";"EUNAPOLIS";"Outras";"Queda de motocicleta / bicicleta / veículo";"Com Vítimas Feridas";"Pleno dia";"Decrescente";"Ceu Claro";"Simples";"Curva";"Rural";1;0;1;0;0;0;1;1
83489094;"11/08/16";"Quinta";"11:15:00";"PR";369;"31,1";"CAMBARA";"Falta de atenção";"Saída de Pista";"Com Vítimas Feridas";"Pleno dia";"Crescente";"Ceu Claro";"Simples";"Reta";"Rural";1;0;0;1;0;0;1;1
83489095;"11/08/16";"Quinta";"11:40:00";"RS";116;"258";"ESTEIO";"Outras";"Tombamento";"Sem Vítimas";"Pleno dia";"Crescente";"Ceu Claro";"Dupla";"Reta";"Urbano";1;0;0;0;1;0;0;1
83489096;"11/08/16";"Quinta";"13:30:00";"SP";116;"283";"EMBU";"Outras";"Saída de Pista";"Sem Vítimas";"Pleno dia";"Decrescente";"Nublado";"Dupla";"Reta";"Urbano";1;0;0;0;1;0;0;1
83489097;"11/08/16";"Quinta";"08:10:00";"GO";40;"4,8";"VALPARAISO DE GOIAS";"Falta de atenção";"Colisão traseira";"Com Vítimas Feridas";"Pleno dia";"Decrescente";"Sol";"Dupla";"Reta";"Urbano";3;0;2;0;1;0;2;2
83489098;"11/08/16";"Quinta";"09:30:00";"PR";153;"460";"PORTO VITORIA";"Defeito mecânico em veículo";"Tombamento";"Com Vítimas Feridas";"Pleno dia";"Decrescente";"Ceu Claro";"Simples";"Curva";"Rural";2;0;2;0;0;0;2;1
83489099;"08/08/16";"Segunda";"05:00:00";"PR";277;"123,2";"CAMPO LARGO";"Outras";"Tombamento";"Sem Vítimas";"Plena noite";"Crescente";"Chuva";"Simples";"Curva";"Rural";1;0;0;0;1;0;0;1
83489100;"11/08/16";"Quinta";"12:05:00";"PE";101;"100,1";"CABO DE SANTO AGOSTINHO";"Ingestão de álcool";"Queda de motocicleta / bicicleta / veículo";"Com Vítimas Feridas";"Pleno dia";"Crescente";"Ceu Claro";"Simples";"Reta";"Urbano";2;0;1;0;1;0;1;1
83489101;"11/08/16";"Quinta";"13:15:00";"SC";101;"122,5";"ITAJAI";"Falta de atenção";"Colisão lateral";"Sem Vítimas";"Pleno dia";"Crescente";"Nublado";"Dupla";"Reta";"Urbano";2;0;0;0;2;0;0;2
83489102;"11/08/16";"Quinta";"14:55:00";"RS";386;"342,8";"LAJEADO";"Falta de atenção";"Colisão Transversal";"Sem Vítimas";"Pleno dia";"Crescente";"Sol";"Simples";"Reta";"Urbano";2;0;0;0;2;0;0;2
83489103;"11/08/16";"Quinta";"10:40:00";"PR";376;"196,5";"MARIALVA";"Falta de atenção";"Colisão traseira";"Com Vítimas Feridas";"Pleno dia";"Crescente";"Ceu Claro";"Dupla";"Reta";"Rural";2;0;1;0;1;0;1;2
83489104;"07/08/16";"Domingo";"00:10:00";"ES";101;"298";"CARIACICA";"Velocidade incompatível";"Colisão com objeto fixo";"Com Vítimas Feridas";"Plena noite";"Crescente";"Ceu Claro";"Dupla";"Reta";"Urbano";1;0;1;0;0;0;1;1
83489105;"03/02/16";"Quarta";"06:00:00";"BA";116;"861";"VITORIA DA CONQUISTA";"Desobediência à sinalização";"Colisão Transversal";"Com Vítimas Fatais";"Amanhecer";"Decrescente";"Ceu Claro";"Simples";"Reta";"Rural";4;2;0;0;2;0;0;2
83489106;"07/08/16";"Domingo";"23:30:00";"MT";364;"272";"JACIARA";"Outras";"Saída de Pista";"Com Vítimas Feridas";"Plena noite";"Decrescente";"Ceu Claro";"Dupla";"Curva";"Urbano";1;0;0;1;0;0;1;1
83489107;"11/08/16";"Quinta";"08:00:00";"PR";163;"142";"CAPITAO LEONIDAS MARQUES";"Defeito na via";"Tombamento";"Sem Vítimas";"Pleno dia";"Decrescente";"Ceu Claro";"Simples";"Curva";"Rural";1;0;0;0;1;0;0;1
83489108;"11/08/16";"Quinta";"11:00:00";"PE";101;"67";"RECIFE";"Outras";"Colisão traseira";"Sem Vítimas";"Pleno dia";"Decrescente";"Ceu Claro";"Dupla";"Reta";"Urbano";3;0;0;0;3;0;0;3
83489109;"07/08/16";"Domingo";"18:20:00";"MG";381;"501";"BETIM";"Não guardar distância de segurança";"Colisão traseira";"Com Vítimas Feridas";"Pleno dia";"Decrescente";"Ceu Claro";"Dupla";"Reta";"Urbano";6;0;1;1;4;0;2;4
83489110;"07/08/16";"Domingo";"18:36:00";"PR";369;"147,2";"LONDRINA";"Não guardar distância de segurança";"Colisão traseira";"Sem Vítimas";"Anoitecer";"Decrescente";"Ceu Claro";"Dupla";"Cruzamento";"Urbano";2;0;0;0;2;0;0;2
83489111;"11/08/16";"Quinta";"09:40:00";"SC";282;"4,8";"SAO JOSE";"Outras";"Colisão traseira";"Com Vítimas Feridas";"Pleno dia";"Decrescente";"Nublado";"Dupla";"Reta";"Urbano";2;0;1;0;1;0;1;2
83489112;"11/08/16";"Quinta";"08:00:00";"MG";40;"632";"CONSELHEIRO LAFAIETE";"Desobediência à sinalização";"Colisão Transversal";"Com Vítimas Feridas";"Pleno dia";"Crescente";"Nublado";"Simples";"Reta";"Urbano";2;0;0;1;1;0;1;2
83489113;"11/08/16";"Quinta";"10:06:00";"RO";319;"57";"PORTO VELHO";"Desobediência à sinalização";"Colisão frontal";"Com Vítimas Feridas";"Pleno dia";"Decrescente";"Sol";"Simples";"Curva";"Urbano";2;0;1;0;1;0;1;2
83489114;"11/08/16";"Quinta";"13:00:00";"PR";116;"108,1";"SAO JOSE DOS PINHAIS";"Velocidade incompatível";"Colisão com objeto fixo";"Sem Vítimas";"Pleno dia";"Crescente";"Sol";"Dupla";"Reta";"Urbano";1;0;0;0;1;0;0;1
83489115;"08/08/16";"Segunda";"13:50:00";"SP";116;"533";"BARRA DO TURVO";"Velocidade incompatível";"Capotamento";"Com Vítimas Feridas";"Pleno dia";"Crescente";"Chuva";"Dupla";"Curva";"Rural";1;0;1;0;0;0;1;1
83489116;"11/08/16";"Quinta";"09:40:00";"RJ";493;"21";"MAGE";"Outras";"Colisão Transversal";"Sem Vítimas";"Pleno dia";"Decrescente";"Sol";"Simples";"Reta";"Urbano";2;0;0;0;2;0;0;2
83489117;"07/03/16";"Segunda";"07:20:00";"BA";324;"518";"FEIRA DE SANTANA";"Outras";"Queda de motocicleta / bicicleta / veículo";"Com Vítimas Feridas";"Pleno dia";"Crescente";"Ceu Claro";"Dupla";"Reta";"Urbano";1;0;1;0;0;0;1;1
83489118;"11/08/16";"Quinta";"14:00:00";"PE";101;"82";"JABOATAO DOS GUARARAPES";"Falta de atenção";"Colisão traseira";"Com Vítimas Feridas";"Pleno dia";"Crescente";"Ceu Claro";"Dupla";"Reta";"Urbano";2;0;1;0;1;0;1;2
83489119;"07/08/16";"Domingo";"16:00:00";"PR";116;"62";"CAMPINA GRANDE DO SUL";"Falta de atenção";"Colisão traseira";"Ignorado";"Pleno dia";"Crescente";"Sol";"Dupla";"Reta";"Rural";2;0;0;0;0;2;0;2
83489120;"06/08/16";"Sábado";"21:15:00";"PI";316;"3,3";"TERESINA";"Ingestão de álcool";"Colisão Transversal";"Com Vítimas Feridas";"Plena noite";"Crescente";"Ceu Claro";"Múltipla";"Cruzamento";"Urbano";2;0;0;1;1;0;1;2
83489121;"09/08/16";"Terça";"20:20:00";"SP";116;"336,2";"JUQUITIBA";"Outras";"Colisão com objeto móvel";"Com Vítimas Feridas";"Plena noite";"Decrescente";"Ceu Claro";"Dupla";"Reta";"Rural";1;0;0;1;0;0;1;1
83489122;"08/08/16";"Segunda";"14:40:00";"SP";116;"538";"BARRA DO TURVO";"Velocidade incompatível";"Colisão com objeto fixo";"Sem Vítimas";"Pleno dia";"Crescente";"Chuva";"Dupla";"Curva";"Rural";2;0;0;0;2;0;0;1
83489123;"11/08/16";"Quinta";"13:00:00";"PB";230;"338";"PATOS";"Desobediência à sinalização";"Colisão Transversal";"Sem Vítimas";"Pleno dia";"Decrescente";"Ceu Claro";"Dupla";"Reta";"Rural";2;0;0;0;2;0;0;2
83489124;"11/08/16";"Quinta";"15:45:00";"GO";60;"42";"ALEXANIA";"Ultrapassagem indevida";"Colisão lateral";"Sem Vítimas";"Pleno dia";"Crescente";"Ceu Claro";"Dupla";"Reta";"Rural";2;0;0;0;2;0;0;2
83489125;"29/07/16";"Sexta";"16:15:00";"MT";70;"516";"VARZEA GRANDE";"Não guardar distância de segurança";"Colisão traseira";"Sem Vítimas";"Pleno dia";"Crescente";"Ceu Claro";"Simples";"Reta";"Urbano";2;0;0;0;2;0;0;2
83489126;"02/08/16";"Terça";"21:00:00";"GO";414;"391,3";"CORUMBA DE GOIAS";"Não guardar distância de segurança";"Colisão traseira";"Com Vítimas Feridas";"Plena noite";"Crescente";"Ceu Claro";"Simples";"Reta";"Urbano";7;0;7;0;0;0;7;2
83489128;"08/08/16";"Segunda";"15:15:00";"SP";116;"522";"CAJATI";"Falta de atenção";"Saída de Pista";"Sem Vítimas";"Pleno dia";"Decrescente";"Chuva";"Simples";"Reta";"Rural";1;0;0;0;1;0;0;1
83489129;"24/07/16";"Domingo";"04:20:00";"PA";230;"628";"ALTAMIRA";"Falta de atenção";"Colisão frontal";"Com Vítimas Feridas";"Plena noite";"Crescente";"Ceu Claro";"Simples";"Reta";"Urbano";4;0;0;2;1;1;2;2
83489130;"11/08/16";"Quinta";"16:00:00";"RS";290;"102,4";"PORTO ALEGRE";"Ingestão de álcool";"Atropelamento de pessoa";"Com Vítimas Feridas";"Pleno dia";"Crescente";"Ceu Claro";"Dupla";"Reta";"Urbano";2;0;1;0;0;1;1;1
83489131;"11/08/16";"Quinta";"11:10:00";"GO";452;"142,9";"ITUMBIARA";"Ultrapassagem indevida";"Colisão lateral";"Com Vítimas Feridas";"Pleno dia";"Decrescente";"Ceu Claro";"Simples";"Reta";"Rural";4;0;3;0;0;1;3;2
83489132;"11/08/16";"Quinta";"15:20:00";"PE";101;"67";"RECIFE";"Outras";"Atropelamento de pessoa";"Com Vítimas Feridas";"Pleno dia";"Crescente";"Ceu Claro";"Dupla";"Reta";"Urbano";2;0;1;0;0;1;1;1
83489133;"11/08/16";"Quinta";"11:30:00";"BA";242;"130";"RAFAEL JAMBEIRO";"Outras";"Queda de motocicleta / bicicleta / veículo";"Com Vítimas Feridas";"Pleno dia";"Decrescente";"Ceu Claro";"Simples";"Reta";"Rural";1;0;1;0;0;0;1;1
83489134;"11/08/16";"Quinta";"08:45:00";"SC";101;"132,7";"BALNEARIO CAMBORIU";"Falta de atenção";"Colisão Transversal";"Com Vítimas Feridas";"Pleno dia";"Crescente";"Ceu Claro";"Dupla";"Reta";"Urbano";2;0;1;0;1;0;1;2
83489135;"11/08/16";"Quinta";"16:10:00";"RJ";101;"318";"SAO GONCALO";"Velocidade incompatível";"Saída de Pista";"Sem Vítimas";"Pleno dia";"Decrescente";"Nublado";"Dupla";"Reta";"Urbano";1;0;0;0;1;0;0;1
83489136;"11/08/16";"Quinta";"09:00:00";"MG";116;"782";"LEOPOLDINA";"Velocidade incompatível";"Tombamento";"Com Vítimas Feridas";"Pleno dia";"Decrescente";"Nublado";"Simples";"Curva";"Rural";1;0;1;0;0;0;1;1
83489137;"11/08/16";"Quinta";"17:00:00";"SC";101;"202";"SAO JOSE";"Não guardar distância de segurança";"Colisão traseira";"Sem Vítimas";"Pleno dia";"Decrescente";"Ceu Claro";"Múltipla";"Reta";"Urbano";2;0;0;0;2;0;0;2
83489138;"11/08/16";"Quinta";"18:10:00";"GO";60;"387";"RIO VERDE";"Falta de atenção";"Colisão traseira";"Com Vítimas Feridas";"Anoitecer";"Decrescente";"Ceu Claro";"Dupla";"Reta";"Urbano";3;0;2;0;1;0;2;2
83489139;"11/08/16";"Quinta";"14:30:00";"SC";282;"3,5";"FLORIANOPOLIS";"Falta de atenção";"Colisão traseira";"Sem Vítimas";"Pleno dia";"Decrescente";"Ceu Claro";"Múltipla";"Reta";"Urbano";3;0;0;0;1;2;0;3
83489140;"07/08/16";"Domingo";"18:30:00";"PR";277;"234,2";"FERNANDES PINHEIRO";"Ingestão de álcool";"Colisão com objeto fixo";"Com Vítimas Fatais";"Plena noite";"Decrescente";"Nublado";"Simples";"Reta";"Rural";2;1;1;0;0;0;1;1
83489141;"11/08/16";"Quinta";"11:56:00";"MS";163;"208";"CAARAPO";"Outras";"Colisão traseira";"Sem Vítimas";"Pleno dia";"Decrescente";"Ceu Claro";"Simples";"Reta";"Urbano";2;0;0;0;2;0;0;2
83489142;"08/08/16";"Segunda";"06:50:00";"SC";470;"107,9";"IBIRAMA";"Velocidade incompatível";"Colisão frontal";"Com Vítimas Feridas";"Amanhecer";"Decrescente";"Chuva";"Simples";"Reta";"Urbano";2;0;1;0;1;0;1;2
83489143;"11/08/16";"Quinta";"17:40:00";"RJ";40;"115";"DUQUE DE CAXIAS";"Defeito mecânico em veículo";"Queda de motocicleta / bicicleta / veículo";"Com Vítimas Feridas";"Anoitecer";"Crescente";"Ceu Claro";"Dupla";"Reta";"Urbano";2;0;2;0;0;0;2;1
83489144;"11/08/16";"Quinta";"12:45:00";"RJ";101;"329";"RIO DE JANEIRO";"Outras";"Colisão traseira";"Com Vítimas Fatais";"Plena noite";"Decrescente";"Sol";"Dupla";"Reta";"Urbano";3;1;1;0;1;0;1;2
83489145;"11/08/16";"Quinta";"17:20:00";"SC";163;"66,2";"SAO MIGUEL DOESTE";"Falta de atenção";"Colisão lateral";"Sem Vítimas";"Plena noite";"Crescente";"Ceu Claro";"Dupla";"Cruzamento";"Rural";4;0;0;0;4;0;0;3
83489146;"11/08/16";"Quinta";"14:35:00";"RS";470;"54,8";"CAPAO BONITO DO SUL";"Defeito mecânico em veículo";"Danos Eventuais";"Sem Vítimas";"Pleno dia";"Crescente";"Ceu Claro";"Simples";"Reta";"Rural";5;0;0;0;5;0;0;2
83489147;"10/08/16";"Quarta";"14:00:00";"MA";222;"465";"SANTA LUZIA";"Outras";"Tombamento";"Com Vítimas Feridas";"Plena noite";"Decrescente";"Ceu Claro";"Simples";"Curva";"Rural";1;0;1;0;0;0;1;1
83489148;"07/08/16";"Domingo";"17:50:00";"RJ";116;"143";"MAGE";"Outras";"Queda de motocicleta / bicicleta / veículo";"Com Vítimas Feridas";"Anoitecer";"Crescente";"Ceu Claro";"Dupla";"Reta";"Urbano";2;0;2;0;0;0;2;1
83489149;"11/08/16";"Quinta";"16:30:00";"BA";116;"709,5";"MANOEL VITORINO";"Outras";"Colisão Transversal";"Com Vítimas Feridas";"Pleno dia";"Decrescente";"Ceu Claro";"Simples";"Reta";"Urbano";2;0;1;0;1;0;1;2
83489150;"11/08/16";"Quinta";"06:15:00";"BA";324;"513";"FEIRA DE SANTANA";"Desobediência à sinalização";"Colisão Transversal";"Com Vítimas Feridas";"Pleno dia";"Decrescente";"Ceu Claro";"Simples";"Reta";"Urbano";2;0;1;0;1;0;1;2
83489151;"11/08/16";"Quinta";"15:20:00";"PR";369;"366,2";"CAMPO MOURAO";"Falta de atenção";"Saída de Pista";"Com Vítimas Feridas";"Pleno dia";"Decrescente";"Sol";"Simples";"Reta";"Rural";1;0;1;0;0;0;1;1
83489152;"11/08/16";"Quinta";"17:10:00";"SC";470;"160";"TROMBUDO CENTRAL";"Falta de atenção";"Colisão Transversal";"Com Vítimas Feridas";"Pleno dia";"Crescente";"Ceu Claro";"Simples";"Cruzamento";"Urbano";2;0;0;1;1;0;1;2
83489153;"14/05/16";"Sábado";"12:15:00";"MT";364;"231";"RONDONOPOLIS";"Outras";"Tombamento";"Com Vítimas Feridas";"Pleno dia";"Crescente";"Sol";"Simples";"Curva";"Rural";24;0;24;0;0;0;24;1
83489154;"11/08/16";"Quinta";"11:00:00";"TO";153;"234,6";"COLINAS DO TOCANTINS";"Ultrapassagem indevida";"Tombamento";"Sem Vítimas";"Pleno dia";"Decrescente";"Sol";"Simples";"Reta";"Rural";1;0;0;0;1;0;0;1
83489155;"10/08/16";"Quarta";"15:45:00";"BA";324;"613";"SALVADOR";"Defeito mecânico em veículo";"Saída de Pista";"Sem Vítimas";"Pleno dia";"Decrescente";"Sol";"Dupla";"Reta";"Urbano";1;0;0;0;1;0;0;1
83489156;"11/08/16";"Quinta";"18:20:00";"MG";116;"775,6";"LEOPOLDINA";"Defeito na via";"Queda de motocicleta / bicicleta / veículo";"Com Vítimas Feridas";"Plena noite";"Crescente";"Ignorada";"Simples";"Reta";"Rural";2;0;2;0;0;0;2;1
83489157;"11/08/16";"Quinta";"15:20:00";"GO";60;"3,6";"GOIANIA";"Falta de atenção";"Colisão lateral";"Sem Vítimas";"Pleno dia";"Crescente";"Ceu Claro";"Dupla";"Cruzamento";"Urbano";2;0;0;0;2;0;0;2
83489158;"11/08/16";"Quinta";"17:00:00";"PE";316;"56";"TRINDADE";"Falta de atenção";"Colisão Transversal";"Com Vítimas Feridas";"Pleno dia";"Crescente";"Ceu Claro";"Simples";"Reta";"Urbano";2;0;0;1;1;0;1;2
83489159;"07/08/16";"Domingo";"19:00:00";"MG";40;"700,5";"BARBACENA";"Outras";"Atropelamento de pessoa";"Com Vítimas Feridas";"Plena noite";"Crescente";"Ceu Claro";"Dupla";"Reta";"Urbano";2;0;0;1;1;0;1;1
83489160;"11/08/16";"Quinta";"17:00:00";"PE";232;"4";"RECIFE";"Não guardar distância de segurança";"Colisão traseira";"Com Vítimas Feridas";"Anoitecer";"Crescente";"Ceu Claro";"Múltipla";"Reta";"Urbano";2;0;1;0;1;0;1;2
83489161;"11/08/16";"Quinta";"15:30:00";"MG";262;"568";"CORREGO DANTA";"Outras";"Danos Eventuais";"Sem Vítimas";"Pleno dia";"Decrescente";"Ceu Claro";"Simples";"Reta";"Rural";1;0;0;0;1;0;0;1
83489162;"11/08/16";"Quinta";"17:30:00";"RS";158;"268,9";"JULIO DE CASTILHOS";"Velocidade incompatível";"Colisão traseira";"Com Vítimas Feridas";"Pleno dia";"Crescente";"Ceu Claro";"Simples";"Reta";"Rural";3;0;1;0;2;0;1;3
83489163;"11/08/16";"Quinta";"18:30:00";"GO";153;"61";"PORANGATU";"Defeito mecânico em veículo";"Tombamento";"Sem Vítimas";"Anoitecer";"Decrescente";"Ceu Claro";"Simples";"Reta";"Rural";1;0;0;0;1;0;0;1
83489164;"11/08/16";"Quinta";"18:30:00";"ES";262;"150";"IBATIBA";"Outras";"Colisão frontal";"Com Vítimas Feridas";"Plena noite";"Decrescente";"Nublado";"Simples";"Reta";"Rural";3;0;0;1;1;1;1;3
83489165;"11/08/16";"Quinta";"19:00:00";"RS";471;"686,9";"CHUI";"Falta de atenção";"Colisão Transversal";"Sem Vítimas";"Plena noite";"Crescente";"Ceu Claro";"Simples";"Reta";"Rural";2;0;0;0;2;0;0;2
83489166;"11/08/16";"Quinta";"16:00:00";"SE";235;"22";"NOSSA SENHORA DO SOCORRO";"Desobediência à sinalização";"Saída de Pista";"Com Vítimas Feridas";"Pleno dia";"Crescente";"Ceu Claro";"Simples";"Reta";"Rural";1;0;1;0;0;0;1;1
83489167;"08/08/16";"Segunda";"18:50:00";"MG";365;"523,4";"MONTE CARMELO";"Falta de atenção";"Colisão Transversal";"Com Vítimas Feridas";"Plena noite";"Crescente";"Ceu Claro";"Simples";"Cruzamento";"Rural";4;0;3;0;1;0;3;2