"id";"data_inversa";"dia_semana";"horario";"uf";"br";"km";"municipio";"causa_acidente";"tipo_acidente";"classificacao_acidente";"fase_dia";"sentido_via";"condicao_metereologica";"tipo_pista";"tracado_via";"uso_solo";"pessoas";"mortos";"feridos_leves";"feridos_graves";"ilesos";"ignorados";"feridos";"veiculos"
83489282;"08/08/16";"Segunda";"13:45:00";"PR";158;"525,7";"PATO BRANCO";"Falta de atenção";"Saída de Pista";"Com Vítimas Feridas";"Pleno dia";"Decrescente";"Ceu Claro";"Simples";"Reta";"Rural";1;0;1;0;0;0;1;1
83489283;"08/08/16";"Segunda";"13:30:00";"SP";116;"561";"BARRA DO TURVO";"Falta de atenção";"Colisão com objeto fixo";"Sem Vítimas";"Pleno dia";"Crescente";"Chuva";"Dupla";"Curva";"Rural";1;0;0;0;1;0;0;1
83489284;"06/08/16";"Sábado";"06:00:00";"RJ";116;"202,5";"SEROPEDICA";"Falta de atenção";"Capotamento";"Com Vítimas Feridas";"Pleno dia";"Crescente";"Ceu Claro";"Dupla";"Reta";"Urbano";2;0;1;0;1;0;1;1
83489285;"11/08/16";"Quinta";"23:30:00";"PA";10;"238";"IPIXUNA DO PARA";"Outras";"Saída de Pista";"Com Vítimas Feridas";"Plena noite";"Crescente";"Ceu Claro";"Simples";"Reta";"Rural";1;0;1;0;0;0;1;1
83489287;"08/08/16";"Segunda";"15:00:00";"SP";116;"560,8";"BARRA DO TURVO";"Falta de atenção";"Colisão com objeto fixo";"Sem Vítimas";"Pleno dia";"Crescente";"Chuva";"Dupla";"Curva";"Rural";1;0;0;0;1;0;0;1
83489288;"09/08/16";"Terça";"23:00:00";"PA";10;"300";"IRITUIA";"Falta de atenção";"Capotamento";"Sem Vítimas";"Plena noite";"Crescente";"Ceu Claro";"Simples";"Reta";"Urbano";2;0;0;0;2;0;0;1
83489289;"09/08/16";"Terça";"03:00:00";"SP";116;"545,5";"BARRA DO TURVO";"Falta de atenção";"Colisão com objeto fixo";"Sem Vítimas";"Plena noite";"Crescente";"Chuva";"Dupla";"Curva";"Rural";2;0;0;0;2;0;0;1
83489290;"09/08/16";"Terça";"06:30:00";"SC";280;"106,4";"SAO BENTO DO SUL";"Falta de atenção";"Colisão Transversal";"Com Vítimas Feridas";"Amanhecer";"Crescente";"Nevoeiro/neblina";"Múltipla";"Curva";"Rural";2;0;1;0;1;0;1;2
83489291;"08/08/16";"Segunda";"14:10:00";"SC";470;"127,6";"LONTRAS";"Falta de atenção";"Colisão Transversal";"Sem Vítimas";"Pleno dia";"Crescente";"Nublado";"Simples";"Reta";"Urbano";2;0;0;0;2;0;0;2
83489292;"09/08/16";"Terça";"04:10:00";"MG";381;"760,1";"TRES CORACOES";"Falta de atenção";"Saída de Pista";"Sem Vítimas";"Plena noite";"Decrescente";"Ignorada";"Dupla";"Reta";"Rural";1;0;0;0;1;0;0;1
83489293;"08/08/16";"Segunda";"10:00:00";"SC";282;"41,8";"AGUAS MORNAS";"Velocidade incompatível";"Capotamento";"Com Vítimas Feridas";"Pleno dia";"Decrescente";"Chuva";"Simples";"Curva";"Urbano";1;0;1;0;0;0;1;1
83489294;"12/08/16";"Sexta";"08:40:00";"PR";476;"140";"CURITIBA";"Desobediência à sinalização";"Atropelamento de pessoa";"Com Vítimas Feridas";"Pleno dia";"Decrescente";"Sol";"Múltipla";"Reta";"Urbano";3;0;2;0;1;0;2;1
83489295;"08/08/16";"Segunda";"18:00:00";"RJ";101;"334";"RIO DE JANEIRO";"Outras";"Atropelamento de pessoa";"Com Vítimas Feridas";"Plena noite";"Decrescente";"Ceu Claro";"Dupla";"Curva";"Urbano";2;0;1;0;1;0;1;1
83489296;"12/08/16";"Sexta";"07:34:00";"PR";277;"118";"CAMPO LARGO";"Falta de atenção";"Colisão lateral";"Com Vítimas Feridas";"Amanhecer";"Decrescente";"Sol";"Simples";"Curva";"Urbano";2;0;1;0;1;0;1;2
83489297;"08/08/16";"Segunda";"08:15:00";"PR";153;"28,2";"JACAREZINHO";"Outras";"Saída de Pista";"Com Vítimas Feridas";"Pleno dia";"Decrescente";"Chuva";"Simples";"Reta";"Rural";1;0;0;1;0;0;1;1
83489298;"11/08/16";"Quinta";"12:23:00";"MA";222;"675";"ACAILANDIA";"Outras";"Colisão traseira";"Com Vítimas Fatais";"Pleno dia";"Decrescente";"Ceu Claro";"Simples";"Reta";"Urbano";2;1;0;1;0;0;1;2
83489300;"08/08/16";"Segunda";"09:45:00";"PR";163;"168";"LINDOESTE";"Desobediência à sinalização";"Colisão Transversal";"Com Vítimas Feridas";"Pleno dia";"Decrescente";"Chuva";"Simples";"Reta";"Urbano";2;0;1;0;1;0;1;2
83489301;"12/08/16";"Sexta";"10:00:00";"MT";70;"5";"BARRA DO GARCAS";"Outras";"Tombamento";"Sem Vítimas";"Pleno dia";"Decrescente";"Ceu Claro";"Simples";"Curva";"Urbano";1;0;0;0;1;0;0;1
83489302;"09/08/16";"Terça";"06:30:00";"PE";423;"122,7";"PARANATAMA";"Falta de atenção";"Colisão lateral";"Com Vítimas Feridas";"Amanhecer";"Crescente";"Sol";"Simples";"Reta";"Rural";2;0;0;1;1;0;1;2
83489303;"08/08/16";"Segunda";"15:30:00";"SC";282;"35";"AGUAS MORNAS";"Velocidade incompatível";"Colisão Transversal";"Com Vítimas Feridas";"Pleno dia";"Crescente";"Chuva";"Simples";"Reta";"Rural";4;0;4;0;0;0;4;2
83489304;"12/08/16";"Sexta";"07:30:00";"AM";174;"904,9";"MANAUS";"Outras";"Colisão lateral";"Com Vítimas Feridas";"Pleno dia";"Crescente";"Ceu Claro";"Simples";"Reta";"Rural";3;0;1;0;2;0;1;2
83489305;"12/08/16";"Sexta";"08:10:00";"CE";222;"37";"CAUCAIA";"Não guardar distância de segurança";"Colisão traseira";"Sem Vítimas";"Pleno dia";"Decrescente";"Nublado";"Simples";"Reta";"Rural";4;0;0;0;4;0;0;4
83489306;"02/08/16";"Terça";"14:00:00";"SC";280;"55";"GUARAMIRIM";"Falta de atenção";"Colisão Transversal";"Com Vítimas Feridas";"Pleno dia";"Crescente";"Ceu Claro";"Simples";"Cruzamento";"Urbano";2;0;1;0;1;0;1;2
83489307;"12/08/16";"Sexta";"08:30:00";"DF";20;"22";"BRASILIA";"Falta de atenção";"Colisão traseira";"Com Vítimas Feridas";"Pleno dia";"Crescente";"Ceu Claro";"Dupla";"Reta";"Urbano";3;0;1;0;2;0;1;2
83489308;"12/08/16";"Sexta";"11:50:00";"RS";386;"33,4";"FREDERICO WESTPHALEN";"Não guardar distância de segurança";"Colisão traseira";"Sem Vítimas";"Pleno dia";"Decrescente";"Ceu Claro";"Simples";"Reta";"Urbano";2;0;0;0;2;0;0;2
83489309;"12/08/16";"Sexta";"09:30:00";"AM";174;"929";"MANAUS";"Defeito mecânico em veículo";"Saída de Pista";"Sem Vítimas";"Pleno dia";"Decrescente";"Ceu Claro";"Simples";"Reta";"Rural";1;0;0;0;1;0;0;1
83489310;"12/08/16";"Sexta";"08:20:00";"SE";101;"6";"CEDRO DE SAO JOAO";"Ultrapassagem indevida";"Colisão frontal";"Com Vítimas Feridas";"Pleno dia";"Decrescente";"Sol";"Simples";"Reta";"Rural";2;0;0;1;1;0;1;2
83489311;"06/08/16";"Sábado";"03:20:00";"SP";381;"83";"SAO PAULO";"Falta de atenção";"Atropelamento de pessoa";"Com Vítimas Feridas";"Plena noite";"Decrescente";"Ignorada";"Dupla";"Reta";"Urbano";2;0;1;0;1;0;1;1
83489312;"11/08/16";"Quinta";"15:45:00";"MG";381;"584";"CARMOPOLIS DE MINAS";"Animais na Pista";"Atropelamento de animal";"Sem Vítimas";"Pleno dia";"Crescente";"Sol";"Dupla";"Reta";"Rural";1;0;0;0;1;0;0;1
83489313;"12/08/16";"Sexta";"07:15:00";"PB";101;"90,1";"JOAO PESSOA";"Não guardar distância de segurança";"Colisão traseira";"Sem Vítimas";"Pleno dia";"Decrescente";"Sol";"Dupla";"Reta";"Urbano";3;0;0;0;3;0;0;3
83489315;"12/08/16";"Sexta";"07:10:00";"RN";101;"109";"PARNAMIRIM";"Falta de atenção";"Colisão traseira";"Com Vítimas Feridas";"Pleno dia";"Decrescente";"Ceu Claro";"Dupla";"Reta";"Rural";2;0;1;0;1;0;1;2
83489316;"12/08/16";"Sexta";"11:40:00";"GO";153;"500";"GOIANIA";"Falta de atenção";"Colisão traseira";"Sem Vítimas";"Pleno dia";"Decrescente";"Ceu Claro";"Dupla";"Reta";"Urbano";2;0;0;0;2;0;0;2
83489317;"12/08/16";"Sexta";"08:21:00";"SC";101;"207";"SAO JOSE";"Falta de atenção";"Colisão lateral";"Sem Vítimas";"Pleno dia";"Crescente";"Ceu Claro";"Dupla";"Reta";"Urbano";4;0;0;0;4;0;0;4
83489318;"08/08/16";"Segunda";"19:40:00";"SP";153;"55,9";"SAO JOSE DO RIO PRETO";"Falta de atenção";"Colisão lateral";"Com Vítimas Feridas";"Plena noite";"Crescente";"Ceu Claro";"Simples";"Cruzamento";"Urbano";2;0;0;1;0;1;1;2
83489319;"12/08/16";"Sexta";"07:30:00";"SP";116;"220,7";"GUARULHOS";"Outras";"Colisão traseira";"Com Vítimas Fatais";"Pleno dia";"Crescente";"Nublado";"Múltipla";"Reta";"Urbano";3;1;0;0;2;0;0;2
83489320;"12/08/16";"Sexta";"12:00:00";"PR";277;"72";"SAO JOSE DOS PINHAIS";"Não guardar distância de segurança";"Colisão traseira";"Com Vítimas Feridas";"Pleno dia";"Decrescente";"Ceu Claro";"Dupla";"Reta";"Urbano";3;0;1;0;2;0;1;2
83489321;"01/08/16";"Segunda";"02:25:00";"SC";101;"214,9";"PALHOCA";"Falta de atenção";"Colisão com objeto fixo";"Sem Vítimas";"Plena noite";"Decrescente";"Nublado";"Dupla";"Reta";"Urbano";1;0;0;0;1;0;0;1
83489322;"12/08/16";"Sexta";"11:00:00";"MA";316;"545,2";"CAXIAS";"Falta de atenção";"Queda de motocicleta / bicicleta / veículo";"Com Vítimas Feridas";"Pleno dia";"Decrescente";"Ceu Claro";"Simples";"Reta";"Rural";1;0;1;0;0;0;1;1
83489323;"02/04/16";"Sábado";"18:40:00";"PR";376;"108,1";"PARANAVAI";"Outras";"Colisão com bicicleta";"Com Vítimas Feridas";"Anoitecer";"Decrescente";"Ignorada";"Simples";"Cruzamento";"Urbano";2;0;0;1;0;1;1;2
83489324;"10/08/16";"Quarta";"13:00:00";"MS";163;"339,8";"RIO BRILHANTE";"Defeito mecânico em veículo";"Incêndio";"Sem Vítimas";"Pleno dia";"Decrescente";"Ceu Claro";"Simples";"Curva";"Rural";1;0;0;0;1;0;0;1
83489325;"07/08/16";"Domingo";"22:30:00";"PR";280;"298";"FLOR DA SERRA DO SUL";"Outras";"Colisão frontal";"Com Vítimas Feridas";"Plena noite";"Decrescente";"Chuva";"Simples";"Reta";"Rural";3;0;2;1;0;0;3;2
83489326;"12/08/16";"Sexta";"08:50:00";"MT";174;"560";"COMODORO";"Defeito na via";"Capotamento";"Com Vítimas Feridas";"Pleno dia";"Crescente";"Ceu Claro";"Simples";"Reta";"Rural";1;0;1;0;0;0;1;1
83489327;"12/08/16";"Sexta";"13:47:00";"PA";163;"998";"SANTAREM";"Outras";"Colisão Transversal";"Com Vítimas Feridas";"Pleno dia";"Crescente";"Sol";"Simples";"Cruzamento";"Urbano";2;0;2;0;0;0;2;2
83489328;"12/08/16";"Sexta";"10:30:00";"TO";153;"343";"GUARAI";"Ultrapassagem indevida";"Danos Eventuais";"Sem Vítimas";"Pleno dia";"Crescente";"Ceu Claro";"Simples";"Reta";"Rural";1;0;0;0;1;0;0;1
83489329;"12/08/16";"Sexta";"09:45:00";"BA";101;"499,3";"ITABUNA";"Falta de atenção";"Colisão Transversal";"Com Vítimas Feridas";"Pleno dia";"Crescente";"Sol";"Simples";"Reta";"Rural";3;0;0;2;1;0;2;2
83489330;"12/08/16";"Sexta";"08:40:00";"RS";386;"119,5";"SARANDI";"Falta de atenção";"Saída de Pista";"Sem Vítimas";"Pleno dia";"Crescente";"Sol";"Simples";"Reta";"Rural";1;0;0;0;1;0;0;1
83489332;"12/08/16";"Sexta";"12:30:00";"PR";163;"162,5";"LINDOESTE";"Animais na Pista";"Capotamento";"Sem Vítimas";"Pleno dia";"Crescente";"Sol";"Simples";"Curva";"Rural";1;0;0;0;1;0;0;1
83489333;"12/08/16";"Sexta";"08:45:00";"RJ";393;"114,3";"SAPUCAIA";"Velocidade incompatível";"Tombamento";"Sem Vítimas";"Pleno dia";"Decrescente";"Sol";"Simples";"Curva";"Rural";1;0;0;0;1;0;0;1
83489335;"12/08/16";"Sexta";"13:40:00";"SC";101;"199,1";"SAO JOSE";"Não guardar distância de segurança";"Colisão traseira";"Com Vítimas Feridas";"Pleno dia";"Crescente";"Sol";"Dupla";"Reta";"Urbano";2;0;0;1;1;0;1;2
83489336;"11/08/16";"Quinta";"23:00:00";"MG";267;"82,8";"JUIZ DE FORA";"Velocidade incompatível";"Colisão com objeto fixo";"Com Vítimas Feridas";"Plena noite";"Crescente";"Nublado";"Simples";"Curva";"Rural";2;0;1;0;1;0;1;1
83489337;"12/08/16";"Sexta";"12:00:00";"BA";116;"421";"FEIRA DE SANTANA";"Falta de atenção";"Colisão traseira";"Com Vítimas Feridas";"Pleno dia";"Crescente";"Sol";"Dupla";"Reta";"Urbano";2;0;1;0;1;0;1;2
83489338;"12/08/16";"Sexta";"07:40:00";"CE";116;"518,4";"JATI";"Dormindo";"Colisão lateral";"Com Vítimas Feridas";"Pleno dia";"Crescente";"Ceu Claro";"Simples";"Reta";"Rural";4;0;3;0;1;0;3;2
83489339;"08/08/16";"Segunda";"07:30:00";"RS";470;"218";"BENTO GONCALVES";"Falta de atenção";"Colisão traseira";"Sem Vítimas";"Amanhecer";"Crescente";"Ceu Claro";"Simples";"Curva";"Urbano";3;0;0;0;3;0;0;3
83489340;"04/08/16";"Quinta";"17:10:00";"BA";407;"2";"JUAZEIRO";"Falta de atenção";"Colisão traseira";"Com Vítimas Feridas";"Pleno dia";"Decrescente";"Ceu Claro";"Simples";"Cruzamento";"Urbano";2;0;1;0;1;0;1;2
83489341;"12/08/16";"Sexta";"11:20:00";"PI";402;"33,4";"PARNAIBA";"Falta de atenção";"Colisão lateral";"Com Vítimas Feridas";"Pleno dia";"Crescente";"Sol";"Simples";"Curva";"Urbano";2;0;0;1;1;0;1;2
83489342;"12/08/16";"Sexta";"10:40:00";"MG";262;"431,2";"NOVA SERRANA";"Velocidade incompatível";"Colisão Transversal";"Com Vítimas Feridas";"Pleno dia";"Decrescente";"Sol";"Dupla";"Curva";"Rural";3;0;1;1;1;0;2;2
83489343;"12/08/16";"Sexta";"09:30:00";"MT";163;"516";"DIAMANTINO";"Outras";"Queda de motocicleta / bicicleta / veículo";"Com Vítimas Feridas";"Pleno dia";"Crescente";"Ceu Claro";"Simples";"Reta";"Rural";1;0;1;0;0;0;1;1
83489344;"10/08/16";"Quarta";"23:30:00";"GO";40;"9,3";"VALPARAISO DE GOIAS";"Outras";"Saída de Pista";"Com Vítimas Feridas";"Plena noite";"Decrescente";"Ceu Claro";"Dupla";"Reta";"Urbano";2;0;1;0;1;0;1;1
83489345;"12/08/16";"Sexta";"02:30:00";"MG";50;"68";"UBERLANDIA";"Outras";"Colisão com objeto fixo";"Ignorado";"Plena noite";"Crescente";"Ceu Claro";"Dupla";"Reta";"Urbano";1;0;0;0;0;1;0;1
83489346;"20/04/16";"Quarta";"18:00:00";"MG";365;"169";"BURITIZEIRO";"Não guardar distância de segurança";"Queda de motocicleta / bicicleta / veículo";"Com Vítimas Feridas";"Anoitecer";"Decrescente";"Ceu Claro";"Simples";"Reta";"Rural";1;0;1;0;0;0;1;1
83489347;"12/08/16";"Sexta";"12:00:00";"MG";135;"418,9";"BOCAIUVA";"Defeito mecânico em veículo";"Queda de motocicleta / bicicleta / veículo";"Com Vítimas Feridas";"Pleno dia";"Decrescente";"Ceu Claro";"Simples";"Reta";"Rural";2;0;2;0;0;0;2;1
83489348;"08/08/16";"Segunda";"19:50:00";"PR";467;"84";"CASCAVEL";"Outras";"Tombamento";"Sem Vítimas";"Plena noite";"Decrescente";"Chuva";"Simples";"Reta";"Urbano";1;0;0;0;1;0;0;1
83489349;"16/07/16";"Sábado";"19:50:00";"SC";101;"124,7";"ITAJAI";"Outras";"Colisão traseira";"Sem Vítimas";"Plena noite";"Crescente";"Nublado";"Dupla";"Reta";"Urbano";2;0;0;0;2;0;0;2
83489350;"12/08/16";"Sexta";"08:30:00";"RO";174;"14,7";"VILHENA";"Falta de atenção";"Colisão Transversal";"Com Vítimas Feridas";"Pleno dia";"Crescente";"Ceu Claro";"Dupla";"Cruzamento";"Urbano";3;0;1;1;1;0;2;2
83489351;"10/08/16";"Quarta";"17:30:00";"MA";10;"294";"CIDELANDIA";"Velocidade incompatível";"Saída de Pista";"Com Vítimas Feridas";"Pleno dia";"Crescente";"Ceu Claro";"Simples";"Reta";"Rural";1;0;1;0;0;0;1;1
83489352;"12/08/16";"Sexta";"06:20:00";"PR";153;"146,7";"VENTANIA";"Outras";"Colisão com objeto fixo";"Sem Vítimas";"Plena noite";"Crescente";"Ceu Claro";"Simples";"Curva";"Rural";3;0;0;0;3;0;0;1
83489353;"12/08/16";"Sexta";"07:55:00";"SP";153;"70,2";"SAO JOSE DO RIO PRETO";"Velocidade incompatível";"Colisão traseira";"Com Vítimas Feridas";"Pleno dia";"Crescente";"Sol";"Simples";"Reta";"Rural";4;0;3;0;1;0;3;2
83489354;"04/08/16";"Quinta";"14:30:00";"SP";116;"4";"GUARULHOS";"Falta de atenção";"Colisão traseira";"Com Vítimas Feridas";"Pleno dia";"Decrescente";"Ceu Claro";"Múltipla";"Reta";"Urbano";2;0;1;0;1;0;1;2
83489355;"06/08/16";"Sábado";"05:30:00";"MS";262;"545,2";"MIRANDA";"Dormindo";"Saída de Pista";"Com Vítimas Feridas";"Plena noite";"Crescente";"Ceu Claro";"Simples";"Reta";"Rural";1;0;1;0;0;0;1;1
83489357;"12/08/16";"Sexta";"13:30:00";"PR";116;"115,3";"CURITIBA";"Velocidade incompatível";"Colisão traseira";"Com Vítimas Feridas";"Pleno dia";"Crescente";"Ceu Claro";"Dupla";"Reta";"Urbano";3;0;2;0;1;0;2;2
83489358;"12/08/16";"Sexta";"14:25:00";"PR";277;"82";"CURITIBA";"Não guardar distância de segurança";"Colisão traseira";"Com Vítimas Feridas";"Pleno dia";"Decrescente";"Sol";"Dupla";"Reta";"Urbano";2;0;0;1;0;1;1;2
83489359;"12/08/16";"Sexta";"14:00:00";"BA";116;"863";"VITORIA DA CONQUISTA";"Outras";"Saída de Pista";"Sem Vítimas";"Pleno dia";"Decrescente";"Ceu Claro";"Simples";"Reta";"Rural";1;0;0;0;1;0;0;1
83489360;"12/08/16";"Sexta";"15:15:00";"TO";153;"636,5";"ALIANCA DO TOCANTINS";"Defeito mecânico em veículo";"Saída de Pista";"Sem Vítimas";"Pleno dia";"Decrescente";"Sol";"Simples";"Reta";"Rural";1;0;0;0;1;0;0;1
83489361;"12/08/16";"Sexta";"07:45:00";"RO";364;"237,5";"CACOAL";"Falta de atenção";"Colisão lateral";"Com Vítimas Feridas";"Pleno dia";"Decrescente";"Sol";"Simples";"Reta";"Urbano";2;0;1;0;1;0;1;2
83489362;"12/08/16";"Sexta";"08:35:00";"PR";376;"594,9";"CURITIBA";"Velocidade incompatível";"Colisão traseira";"Com Vítimas Feridas";"Pleno dia";"Decrescente";"Ceu Claro";"Dupla";"Reta";"Rural";3;0;1;1;1;0;2;2
83489363;"08/08/16";"Segunda";"23:30:00";"SC";101;"191";"BIGUACU";"Outras";"Derramamento de Carga";"Sem Vítimas";"Plena noite";"Crescente";"Ceu Claro";"Dupla";"Curva";"Rural";5;0;0;0;5;0;0;5
83489364;"12/08/16";"Sexta";"15:00:00";"RS";287;"531,5";"SAO BORJA";"Desobediência à sinalização";"Colisão lateral";"Sem Vítimas";"Pleno dia";"Decrescente";"Ceu Claro";"Simples";"Reta";"Rural";2;0;0;0;2;0;0;2
83489365;"12/08/16";"Sexta";"09:10:00";"PR";376;"593,9";"CURITIBA";"Velocidade incompatível";"Colisão traseira";"Sem Vítimas";"Pleno dia";"Crescente";"Ceu Claro";"Dupla";"Reta";"Urbano";5;0;0;0;5;0;0;5
83489366;"12/08/16";"Sexta";"15:15:00";"RJ";40;"115";"DUQUE DE CAXIAS";"Não guardar distância de segurança";"Capotamento";"Com Vítimas Feridas";"Pleno dia";"Decrescente";"Nublado";"Dupla";"Reta";"Urbano";3;0;3;0;0;0;3;1
83489367;"12/08/16";"Sexta";"07:25:00";"SP";153;"62,2";"SAO JOSE DO RIO PRETO";"Não guardar distância de segurança";"Colisão traseira";"Sem Vítimas";"Pleno dia";"Crescente";"Ceu Claro";"Dupla";"Reta";"Urbano";2;0;0;0;2;0;0;2
83489368;"12/08/16";"Sexta";"14:00:00";"SC";163;"106,2";"GUARUJA DO SUL";"Ultrapassagem indevida";"Colisão frontal";"Com Vítimas Feridas";"Pleno dia";"Decrescente";"Ceu Claro";"Simples";"Curva";"Rural";5;0;3;0;2;0;3;4
83489369;"12/08/16";"Sexta";"15:30:00";"GO";60;"46,1";"ALEXANIA";"Outras";"Capotamento";"Sem Vítimas";"Pleno dia";"Decrescente";"Ceu Claro";"Dupla";"Curva";"Rural";1;0;0;0;1;0;0;1
83489370;"12/08/16";"Sexta";"11:30:00";"PA";230;"636";"ALTAMIRA";"Falta de atenção";"Colisão Transversal";"Com Vítimas Feridas";"Pleno dia";"Decrescente";"Sol";"Simples";"Curva";"Urbano";2;0;2;0;0;0;2;2
83489371;"12/08/16";"Sexta";"14:45:00";"SC";101;"79,4";"ARAQUARI";"Defeito mecânico em veículo";"Colisão com objeto fixo";"Sem Vítimas";"Pleno dia";"Crescente";"Sol";"Dupla";"Reta";"Rural";1;0;0;0;1;0;0;1
83489373;"08/08/16";"Segunda";"21:20:00";"RJ";101;"262";"RIO BONITO";"Falta de atenção";"Colisão com objeto fixo";"Sem Vítimas";"Plena noite";"Decrescente";"Ceu Claro";"Dupla";"Curva";"Rural";1;0;0;0;1;0;0;1
83489374;"24/07/16";"Domingo";"17:30:00";"MG";354;"749";"ITANHANDU";"Outras";"Saída de Pista";"Com Vítimas Feridas";"Anoitecer";"Decrescente";"Ignorada";"Simples";"Curva";"Rural";1;0;0;1;0;0;1;1
83489375;"12/08/16";"Sexta";"15:35:00";"RN";101;"102,5";"PARNAMIRIM";"Falta de atenção";"Colisão traseira";"Sem Vítimas";"Pleno dia";"Crescente";"Ceu Claro";"Múltipla";"Reta";"Urbano";3;0;0;0;3;0;0;3
83489377;"12/08/16";"Sexta";"11:40:00";"RJ";116;"97";"GUAPIMIRIM";"Falta de atenção";"Colisão traseira";"Sem Vítimas";"Pleno dia";"Decrescente";"Nublado";"Simples";"Reta";"Rural";2;0;0;0;2;0;0;2
83489378;"12/08/16";"Sexta";"10:40:00";"SP";153;"108,3";"JOSE BONIFACIO";"Falta de atenção";"Colisão Transversal";"Com Vítimas Feridas";"Pleno dia";"Crescente";"Ceu Claro";"Simples";"Reta";"Rural";2;0;1;0;1;0;1;2
83489379;"12/08/16";"Sexta";"14:45:00";"SP";116;"444,4";"REGISTRO";"Falta de atenção";"Colisão com bicicleta";"Com Vítimas Feridas";"Pleno dia";"Decrescente";"Sol";"Simples";"Reta";"Urbano";2;0;1;0;1;0;1;2
83489380;"12/08/16";"Sexta";"14:15:00";"MT";163;"119,5";"RONDONOPOLIS";"Outras";"Colisão Transversal";"Com Vítimas Feridas";"Pleno dia";"Crescente";"Sol";"Simples";"Reta";"Urbano";2;0;1;0;1;0;1;2
83489381;"12/08/16";"Sexta";"15:10:00";"MT";163;"118";"RONDONOPOLIS";"Falta de atenção";"Colisão lateral";"Sem Vítimas";"Pleno dia";"Decrescente";"Ceu Claro";"Simples";"Reta";"Rural";2;0;0;0;2;0;0;2
83489382;"10/08/16";"Quarta";"22:30:00";"MT";70;"556,8";"POCONE";"Ultrapassagem indevida";"Colisão lateral";"Sem Vítimas";"Plena noite";"Decrescente";"Ceu Claro";"Simples";"Reta";"Rural";2;0;0;0;2;0;0;2
83489383;"30/05/16";"Segunda";"04:00:00";"RS";116;"265";"CANOAS";"Ingestão de álcool";"Saída de Pista";"Ignorado";"Plena noite";"Crescente";"Ceu Claro";"Dupla";"Reta";"Urbano";1;0;0;0;0;1;0;1
83489384;"31/07/16";"Domingo";"03:30:00";"SC";116;"182,5";"SAO CRISTOVAO DO SUL";"Falta de atenção";"Saída de Pista";"Sem Vítimas";"Plena noite";"Crescente";"Ceu Claro";"Simples";"Reta";"Rural";1;0;0;0;1;0;0;1
83489385;"12/08/16";"Sexta";"12:00:00";"MG";381;"507,5";"SAO JOAQUIM DE BICAS";"Velocidade incompatível";"Colisão lateral";"Com Vítimas Feridas";"Pleno dia";"Crescente";"Ceu Claro";"Dupla";"Reta";"Urbano";4;0;1;0;3;0;1;2
83489386;"12/08/16";"Sexta";"06:35:00";"RJ";393;"138,5";"SAPUCAIA";"Desobediência à sinalização";"Colisão lateral";"Com Vítimas Feridas";"Amanhecer";"Decrescente";"Ceu Claro";"Simples";"Reta";"Rural";4;0;2;1;1;0;3;2
83489387;"12/08/16";"Sexta";"16:20:00";"SC";470;"180,5";"POUSO REDONDO";"Outras";"Colisão traseira";"Com Vítimas Feridas";"Pleno dia";"Crescente";"Sol";"Simples";"Reta";"Urbano";2;0;1;1;0;0;2;2
83489388;"09/08/16";"Terça";"23:30:00";"PI";316;"15,7";"TERESINA";"Outras";"Saída de Pista";"Com Vítimas Feridas";"Plena noite";"Decrescente";"Ceu Claro";"Simples";"Reta";"Rural";1;0;1;0;0;0;1;1
83489389;"10/08/16";"Quarta";"19:45:00";"MG";116;"267";"TEOFILO OTONI";"Falta de atenção";"Colisão lateral";"Com Vítimas Feridas";"Plena noite";"Crescente";"Ceu Claro";"Dupla";"Reta";"Urbano";2;0;0;1;1;0;1;2
83489390;"12/08/16";"Sexta";"13:50:00";"SC";470;"144,9";"RIO DO SUL";"Desobediência à sinalização";"Colisão lateral";"Com Vítimas Feridas";"Pleno dia";"Decrescente";"Nublado";"Simples";"Reta";"Urbano";2;0;1;0;1;0;1;2
83489391;"12/08/16";"Sexta";"16:10:00";"RS";377;"93,8";"CRUZ ALTA";"Outras";"Saída de Pista";"Sem Vítimas";"Pleno dia";"Crescente";"Sol";"Simples";"Reta";"Urbano";1;0;0;0;1;0;0;1
83489392;"12/08/16";"Sexta";"07:00:00";"BA";116;"446,9";"ANTONIO CARDOSO";"Velocidade incompatível";"Colisão com objeto fixo";"Ignorado";"Pleno dia";"Crescente";"Sol";"Simples";"Curva";"Rural";1;0;0;0;0;1;0;1
83489393;"12/08/16";"Sexta";"16:00:00";"PR";369;"429,5";"JURANDA";"Outras";"Saída de Pista";"Com Vítimas Feridas";"Pleno dia";"Crescente";"Sol";"Simples";"Reta";"Rural";1;0;1;0;0;0;1;1
83489394;"12/08/16";"Sexta";"17:10:00";"MG";40;"546";"NOVA LIMA";"Outras";"Colisão lateral";"Com Vítimas Feridas";"Pleno dia";"Decrescente";"Ceu Claro";"Dupla";"Reta";"Urbano";5;0;4;0;1;0;4;2
83489395;"12/08/16";"Sexta";"16:00:00";"PA";230;"632";"ALTAMIRA";"Falta de atenção";"Colisão Transversal";"Com Vítimas Feridas";"Pleno dia";"Crescente";"Ceu Claro";"Simples";"Reta";"Urbano";2;0;0;1;0;1;1;2
83489396;"12/08/16";"Sexta";"18:00:00";"SE";235;"57";"ITABAIANA";"Falta de atenção";"Atropelamento de pessoa";"Com Vítimas Feridas";"Plena noite";"Decrescente";"Ceu Claro";"Simples";"Reta";"Rural";2;0;0;1;1;0;1;1