"id";"data_inversa";"dia_semana";"horario";"uf";"br";"km";"municipio";"causa_acidente";"tipo_acidente";"classificacao_acidente";"fase_dia";"sentido_via";"condicao_metereologica";"tipo_pista";"tracado_via";"uso_solo";"pessoas";"mortos";"feridos_leves";"feridos_graves";"ilesos";"ignorados";"feridos";"veiculos"
83489511;"12/08/16";"Sexta";"18:20:00";"AL";316;"112";"CACIMBINHAS";"Outras";"Colisão frontal";"Com Vítimas Fatais";"Plena noite";"Crescente";"Ceu Claro";"Simples";"Reta";"Urbano";3;1;0;0;2;0;0;2
83489512;"12/08/16";"Sexta";"09:30:00";"MT";70;"787,1";"CACERES";"Outras";"Tombamento";"Sem Vítimas";"Pleno dia";"Crescente";"Ceu Claro";"Simples";"Reta";"Rural";1;0;0;0;1;0;0;1
83489513;"12/08/16";"Sexta";"21:35:00";"RS";290;"724";"URUGUAIANA";"Animais na Pista";"Atropelamento de animal";"Sem Vítimas";"Plena noite";"Decrescente";"Ceu Claro";"Simples";"Reta";"Urbano";1;0;0;0;1;0;0;1
83489514;"12/08/16";"Sexta";"20:35:00";"PA";316;"12";"MARITUBA";"Outras";"Colisão traseira";"Com Vítimas Feridas";"Plena noite";"Decrescente";"Ceu Claro";"Dupla";"Reta";"Urbano";2;0;0;1;1;0;1;2
83489515;"12/08/16";"Sexta";"20:15:00";"MG";50;"138,2";"UBERABA";"Falta de atenção";"Colisão traseira";"Com Vítimas Feridas";"Plena noite";"Crescente";"Ceu Claro";"Dupla";"Reta";"Rural";2;0;1;0;1;0;1;2
83489516;"12/08/16";"Sexta";"19:00:00";"ES";101;"265,5";"SERRA";"Animais na Pista";"Atropelamento de animal";"Com Vítimas Feridas";"Plena noite";"Decrescente";"Nublado";"Múltipla";"Curva";"Urbano";1;0;0;1;0;0;1;1
83489517;"09/08/16";"Terça";"07:00:00";"PA";316;"64";"CASTANHAL";"Outras";"Colisão frontal";"Com Vítimas Feridas";"Pleno dia";"Decrescente";"Ceu Claro";"Dupla";"Reta";"Urbano";5;0;3;0;1;1;3;3
83489518;"13/08/16";"Sábado";"04:20:00";"RS";290;"7,6";"OSORIO";"Dormindo";"Colisão com objeto fixo";"Sem Vítimas";"Plena noite";"Crescente";"Ceu Claro";"Múltipla";"Curva";"Rural";1;0;0;0;1;0;0;1
83489519;"12/08/16";"Sexta";"23:55:00";"SP";153;"264,4";"MARILIA";"Defeito mecânico em veículo";"Colisão com objeto fixo";"Sem Vítimas";"Plena noite";"Crescente";"Ceu Claro";"Simples";"Curva";"Rural";1;0;0;0;1;0;0;1
83489520;"13/08/16";"Sábado";"04:10:00";"MT";364;"206";"RONDONOPOLIS";"Outras";"Colisão traseira";"Sem Vítimas";"Plena noite";"Crescente";"Ceu Claro";"Dupla";"Reta";"Urbano";2;0;0;0;1;1;0;2
83489521;"12/08/16";"Sexta";"18:40:00";"BA";135;"84";"RIACHAO DAS NEVES";"Outras";"Colisão traseira";"Com Vítimas Feridas";"Plena noite";"Decrescente";"Ceu Claro";"Simples";"Reta";"Rural";3;0;1;1;1;0;2;2
83489522;"12/08/16";"Sexta";"22:30:00";"CE";222;"226,2";"SOBRAL";"Desobediência à sinalização";"Colisão Transversal";"Sem Vítimas";"Plena noite";"Crescente";"Ceu Claro";"Simples";"Reta";"Urbano";2;0;0;0;2;0;0;2
83489523;"12/08/16";"Sexta";"23:55:00";"RS";386;"406";"TRIUNFO";"Outras";"Saída de Pista";"Sem Vítimas";"Plena noite";"Decrescente";"Nevoeiro/neblina";"Dupla";"Curva";"Rural";1;0;0;0;1;0;0;1
83489524;"12/08/16";"Sexta";"17:10:00";"PI";343;"552,9";"FLORIANO";"Falta de atenção";"Colisão Transversal";"Sem Vítimas";"Pleno dia";"Decrescente";"Ceu Claro";"Simples";"Reta";"Rural";2;0;0;0;1;1;0;2
83489525;"12/08/16";"Sexta";"18:20:00";"SP";116;"217,3";"GUARULHOS";"Falta de atenção";"Colisão traseira";"Com Vítimas Feridas";"Anoitecer";"Crescente";"Nublado";"Múltipla";"Reta";"Urbano";2;0;1;0;1;0;1;2
83489526;"13/08/16";"Sábado";"04:20:00";"SC";282;"581,7";"PINHALZINHO";"Ingestão de álcool";"Saída de Pista";"Com Vítimas Feridas";"Plena noite";"Crescente";"Ceu Claro";"Simples";"Reta";"Rural";1;0;1;0;0;0;1;1
83489527;"06/08/16";"Sábado";"16:00:00";"PE";428;"181,8";"PETROLINA";"Falta de atenção";"Colisão lateral";"Com Vítimas Feridas";"Pleno dia";"Decrescente";"Ceu Claro";"Simples";"Reta";"Rural";2;0;1;0;1;0;1;2
83489528;"13/08/16";"Sábado";"03:15:00";"RS";290;"574";"ALEGRETE";"Falta de atenção";"Saída de Pista";"Sem Vítimas";"Plena noite";"Crescente";"Ceu Claro";"Simples";"Reta";"Rural";4;0;0;0;4;0;0;1
83489529;"06/08/16";"Sábado";"04:00:00";"CE";116;"11,9";"FORTALEZA";"Outras";"Saída de Pista";"Sem Vítimas";"Plena noite";"Crescente";"Ceu Claro";"Simples";"Curva";"Urbano";2;0;0;0;1;1;0;1
83489531;"09/08/16";"Terça";"20:45:00";"GO";153;"441";"ANAPOLIS";"Não guardar distância de segurança";"Colisão traseira";"Com Vítimas Feridas";"Plena noite";"Decrescente";"Ceu Claro";"Dupla";"Reta";"Urbano";2;0;0;1;0;1;1;2
83489532;"13/08/16";"Sábado";"04:20:00";"MG";381;"580";"CARMOPOLIS DE MINAS";"Dormindo";"Capotamento";"Sem Vítimas";"Plena noite";"Decrescente";"Ceu Claro";"Dupla";"Reta";"Rural";1;0;0;0;1;0;0;1
83489533;"13/08/16";"Sábado";"00:44:00";"MG";381;"584";"CARMOPOLIS DE MINAS";"Velocidade incompatível";"Capotamento";"Com Vítimas Feridas";"Plena noite";"Crescente";"Ceu Claro";"Dupla";"Reta";"Rural";1;0;1;0;0;0;1;1
83489534;"05/08/16";"Sexta";"20:02:00";"SP";116;"105,9";"TAUBATE";"Outras";"Capotamento";"Com Vítimas Fatais";"Plena noite";"Decrescente";"Ceu Claro";"Dupla";"Reta";"Urbano";4;1;1;1;1;0;2;3
83489536;"06/08/16";"Sábado";"04:40:00";"RN";304;"91";"ASSU";"Ultrapassagem indevida";"Derramamento de Carga";"Sem Vítimas";"Plena noite";"Crescente";"Ignorada";"Simples";"Reta";"Rural";4;0;0;0;4;0;0;3
83489537;"09/08/16";"Terça";"08:30:00";"CE";116;"6";"FORTALEZA";"Outras";"Colisão lateral";"Com Vítimas Feridas";"Pleno dia";"Decrescente";"Ceu Claro";"Múltipla";"Reta";"Urbano";3;0;2;0;0;1;2;2
83489539;"13/08/16";"Sábado";"02:30:00";"RJ";116;"167";"SAO JOAO DE MERITI";"Ingestão de álcool";"Atropelamento de pessoa";"Com Vítimas Fatais";"Plena noite";"Crescente";"Ceu Claro";"Dupla";"Reta";"Urbano";2;1;0;0;0;1;0;1
83489540;"10/08/16";"Quarta";"04:10:00";"RJ";101;"142";"MACAE";"Outras";"Capotamento";"Com Vítimas Feridas";"Plena noite";"Decrescente";"Ceu Claro";"Dupla";"Reta";"Rural";2;0;2;0;0;0;2;1
83489541;"13/08/16";"Sábado";"06:45:00";"RS";116;"247";"SAO LEOPOLDO";"Ingestão de álcool";"Colisão com objeto fixo";"Sem Vítimas";"Amanhecer";"Crescente";"Ceu Claro";"Múltipla";"Curva";"Urbano";1;0;0;0;1;0;0;1
83489542;"13/08/16";"Sábado";"08:15:00";"PR";376;"411,9";"TIBAGI";"Falta de atenção";"Colisão traseira";"Sem Vítimas";"Plena noite";"Decrescente";"Nevoeiro/neblina";"Simples";"Reta";"Rural";2;0;0;0;2;0;0;2
83489543;"09/08/16";"Terça";"18:30:00";"GO";153;"501,1";"GOIANIA";"Falta de atenção";"Colisão traseira";"Sem Vítimas";"Anoitecer";"Crescente";"Ceu Claro";"Dupla";"Curva";"Urbano";4;0;0;0;4;0;0;4
83489544;"13/08/16";"Sábado";"08:20:00";"BA";116;"824,5";"VITORIA DA CONQUISTA";"Falta de atenção";"Colisão Transversal";"Com Vítimas Feridas";"Pleno dia";"Decrescente";"Ceu Claro";"Dupla";"Reta";"Urbano";2;0;1;0;1;0;1;2
83489545;"09/08/16";"Terça";"18:40:00";"CE";116;"65,5";"CHOROZINHO";"Falta de atenção";"Colisão Transversal";"Com Vítimas Feridas";"Plena noite";"Decrescente";"Ceu Claro";"Simples";"Reta";"Urbano";3;0;1;0;2;0;1;2
83489546;"13/08/16";"Sábado";"08:10:00";"BA";116;"817,9";"VITORIA DA CONQUISTA";"Falta de atenção";"Colisão Transversal";"Com Vítimas Feridas";"Pleno dia";"Crescente";"Ceu Claro";"Simples";"Cruzamento";"Urbano";4;0;4;0;0;0;4;2
83489547;"10/08/16";"Quarta";"07:50:00";"RJ";116;"228";"PIRAI";"Velocidade incompatível";"Capotamento";"Sem Vítimas";"Pleno dia";"Decrescente";"Chuva";"Dupla";"Curva";"Urbano";1;0;0;0;1;0;0;1
83489548;"10/08/16";"Quarta";"04:45:00";"SP";116;"84,2";"PINDAMONHANGABA";"Dormindo";"Colisão traseira";"Com Vítimas Feridas";"Plena noite";"Decrescente";"Ceu Claro";"Dupla";"Reta";"Rural";3;0;1;1;1;0;2;2
83489549;"13/08/16";"Sábado";"06:55:00";"RS";392;"330,9";"SANTA MARIA";"Ingestão de álcool";"Saída de Pista";"Com Vítimas Feridas";"Amanhecer";"Decrescente";"Ceu Claro";"Simples";"Reta";"Rural";1;0;1;0;0;0;1;1
83489550;"13/08/16";"Sábado";"07:40:00";"PR";277;"730";"FOZ DO IGUACU";"Falta de atenção";"Colisão frontal";"Sem Vítimas";"Pleno dia";"Crescente";"Sol";"Múltipla";"Reta";"Urbano";2;0;0;0;2;0;0;2
83489551;"13/08/16";"Sábado";"08:50:00";"ES";101;"413";"ITAPEMIRIM";"Falta de atenção";"Colisão Transversal";"Com Vítimas Feridas";"Pleno dia";"Crescente";"Ceu Claro";"Simples";"Curva";"Urbano";2;0;1;0;1;0;1;2
83489552;"09/08/16";"Terça";"21:15:00";"SC";280;"31,1";"ARAQUARI";"Outras";"Colisão traseira";"Com Vítimas Feridas";"Plena noite";"Crescente";"Ceu Claro";"Simples";"Reta";"Urbano";6;0;1;2;3;0;3;2
83489553;"13/08/16";"Sábado";"08:00:00";"RS";285;"431,9";"PANAMBI";"Ultrapassagem indevida";"Colisão com objeto fixo";"Sem Vítimas";"Pleno dia";"Crescente";"Sol";"Simples";"Curva";"Rural";1;0;0;0;1;0;0;1
83489554;"13/08/16";"Sábado";"05:40:00";"MG";381;"496,6";"BETIM";"Falta de atenção";"Atropelamento de pessoa";"Com Vítimas Feridas";"Amanhecer";"Decrescente";"Ceu Claro";"Dupla";"Reta";"Urbano";3;0;2;0;0;1;2;1
83489555;"01/08/16";"Segunda";"17:10:00";"PE";232;"108";"BEZERROS";"Outras";"Capotamento";"Com Vítimas Feridas";"Pleno dia";"Crescente";"Ceu Claro";"Dupla";"Reta";"Rural";3;0;0;3;0;0;3;1
83489556;"13/08/16";"Sábado";"07:20:00";"RJ";101;"320";"NITEROI";"Falta de atenção";"Colisão traseira";"Sem Vítimas";"Pleno dia";"Decrescente";"Sol";"Dupla";"Reta";"Urbano";4;0;0;0;4;0;0;4
83489557;"12/08/16";"Sexta";"05:00:00";"RS";158;"143,6";"CONDOR";"Ingestão de álcool";"Saída de Pista";"Com Vítimas Feridas";"Plena noite";"Decrescente";"Ceu Claro";"Simples";"Curva";"Rural";1;0;1;0;0;0;1;1
83489558;"16/07/16";"Sábado";"21:20:00";"RS";287;"280";"SAO PEDRO DO SUL";"Ingestão de álcool";"Saída de Pista";"Sem Vítimas";"Plena noite";"Crescente";"Nublado";"Simples";"Reta";"Rural";1;0;0;0;1;0;0;1
83489559;"10/08/16";"Quarta";"08:30:00";"RJ";493;"23";"MAGE";"Falta de atenção";"Colisão Transversal";"Com Vítimas Feridas";"Pleno dia";"Crescente";"Nublado";"Simples";"Reta";"Urbano";2;0;1;0;1;0;1;2
83489560;"09/08/16";"Terça";"19:00:00";"CE";304;"47";"ARACATI";"Outras";"Colisão lateral";"Sem Vítimas";"Plena noite";"Decrescente";"Ceu Claro";"Múltipla";"Reta";"Urbano";2;0;0;0;2;0;0;2
83489561;"13/08/16";"Sábado";"09:50:00";"MG";381;"457,5";"BELO HORIZONTE";"Falta de atenção";"Colisão traseira";"Com Vítimas Feridas";"Pleno dia";"Crescente";"Ceu Claro";"Dupla";"Reta";"Urbano";3;0;2;0;1;0;2;2
83489562;"08/08/16";"Segunda";"19:40:00";"SC";101;"204,5";"SAO JOSE";"Falta de atenção";"Colisão Transversal";"Com Vítimas Feridas";"Plena noite";"Crescente";"Ignorada";"Múltipla";"Reta";"Urbano";3;0;1;0;2;0;1;2
83489563;"09/08/16";"Terça";"16:50:00";"SP";116;"271";"TABOAO DA SERRA";"Não guardar distância de segurança";"Colisão lateral";"Sem Vítimas";"Pleno dia";"Decrescente";"Ceu Claro";"Dupla";"Reta";"Urbano";5;0;0;0;5;0;0;2
83489564;"10/08/16";"Quarta";"08:15:00";"RJ";116;"99";"GUAPIMIRIM";"Outras";"Queda de motocicleta / bicicleta / veículo";"Com Vítimas Feridas";"Pleno dia";"Crescente";"Chuva";"Dupla";"Curva";"Rural";1;0;1;0;0;0;1;1
83489565;"13/08/16";"Sábado";"09:40:00";"SP";116;"517,7";"CAJATI";"Dormindo";"Tombamento";"Sem Vítimas";"Pleno dia";"Crescente";"Sol";"Simples";"Curva";"Rural";1;0;0;0;1;0;0;1
83489566;"13/08/16";"Sábado";"09:30:00";"SC";470;"238,1";"SAO CRISTOVAO DO SUL";"Velocidade incompatível";"Colisão frontal";"Com Vítimas Feridas";"Pleno dia";"Decrescente";"Sol";"Simples";"Reta";"Rural";2;0;0;1;1;0;1;2
83489567;"13/08/16";"Sábado";"07:30:00";"MG";365;"501";"PATROCINIO";"Velocidade incompatível";"Capotamento";"Com Vítimas Feridas";"Pleno dia";"Crescente";"Ceu Claro";"Simples";"Reta";"Rural";2;0;2;0;0;0;2;1
83489568;"13/08/16";"Sábado";"08:20:00";"MG";262;"381";"JUATUBA";"Outras";"Queda de motocicleta / bicicleta / veículo";"Com Vítimas Feridas";"Pleno dia";"Crescente";"Ceu Claro";"Dupla";"Reta";"Urbano";1;0;1;0;0;0;1;1
83489569;"13/08/16";"Sábado";"08:50:00";"PR";277;"32";"MORRETES";"Velocidade incompatível";"Tombamento";"Sem Vítimas";"Pleno dia";"Crescente";"Sol";"Dupla";"Curva";"Rural";1;0;0;0;1;0;0;1
83489570;"13/08/16";"Sábado";"06:30:00";"MS";262;"433,4";"DOIS IRMAOS DO BURITI";"Falta de atenção";"Capotamento";"Com Vítimas Feridas";"Amanhecer";"Crescente";"Ceu Claro";"Simples";"Reta";"Rural";3;0;1;0;2;0;1;1
83489571;"06/08/16";"Sábado";"04:00:00";"SP";116;"93,1";"PINDAMONHANGABA";"Ingestão de álcool";"Colisão com objeto fixo";"Com Vítimas Feridas";"Plena noite";"Decrescente";"Ceu Claro";"Dupla";"Reta";"Rural";4;0;3;0;1;0;3;1
83489572;"13/08/16";"Sábado";"09:50:00";"RJ";40;"112";"DUQUE DE CAXIAS";"Ingestão de álcool";"Colisão traseira";"Sem Vítimas";"Pleno dia";"Decrescente";"Ceu Claro";"Múltipla";"Reta";"Urbano";3;0;0;0;3;0;0;3
83489573;"13/08/16";"Sábado";"10:10:00";"RO";364;"347,8";"JI-PARANA";"Falta de atenção";"Colisão lateral";"Com Vítimas Feridas";"Pleno dia";"Decrescente";"Sol";"Simples";"Reta";"Urbano";2;0;1;0;1;0;1;2
83489574;"12/08/16";"Sexta";"08:45:00";"RJ";116;"29";"SAPUCAIA";"Defeito mecânico em veículo";"Tombamento";"Sem Vítimas";"Pleno dia";"Decrescente";"Ceu Claro";"Simples";"Curva";"Rural";1;0;0;0;1;0;0;1
83489575;"13/08/16";"Sábado";"05:30:00";"MA";316;"198,2";"ZE DOCA";"Outras";"Colisão traseira";"Com Vítimas Fatais";"Amanhecer";"Decrescente";"Ignorada";"Simples";"Reta";"Urbano";2;1;0;0;0;1;0;2
83489576;"29/07/16";"Sexta";"06:47:00";"PR";369;"491";"CORBELIA";"Defeito na via";"Queda de motocicleta / bicicleta / veículo";"Com Vítimas Feridas";"Amanhecer";"Decrescente";"Ceu Claro";"Simples";"Reta";"Rural";1;0;1;0;0;0;1;1
83489577;"13/08/16";"Sábado";"08:50:00";"GO";153;"325,2";"RIANAPOLIS";"Defeito mecânico em veículo";"Incêndio";"Sem Vítimas";"Pleno dia";"Crescente";"Sol";"Simples";"Reta";"Rural";1;0;0;0;1;0;0;1
83489578;"10/08/16";"Quarta";"13:50:00";"RJ";116;"72";"TERESOPOLIS";"Outras";"Saída de Pista";"Com Vítimas Feridas";"Pleno dia";"Decrescente";"Ceu Claro";"Simples";"Curva";"Urbano";1;0;1;0;0;0;1;1
83489579;"13/08/16";"Sábado";"08:00:00";"BA";324;"536";"CONCEICAO DO JACUIPE";"Outras";"Colisão lateral";"Sem Vítimas";"Pleno dia";"Crescente";"Nublado";"Dupla";"Reta";"Rural";2;0;0;0;2;0;0;2
83489580;"13/08/16";"Sábado";"09:45:00";"PR";376;"492,8";"PONTA GROSSA";"Falta de atenção";"Colisão lateral";"Sem Vítimas";"Pleno dia";"Decrescente";"Sol";"Dupla";"Curva";"Rural";2;0;0;0;2;0;0;2
83489581;"13/08/16";"Sábado";"10:50:00";"SC";101;"211";"PALHOCA";"Falta de atenção";"Colisão traseira";"Com Vítimas Feridas";"Pleno dia";"Decrescente";"Sol";"Dupla";"Reta";"Urbano";3;0;1;0;2;0;1;2
83489582;"13/08/16";"Sábado";"07:00:00";"RJ";101;"493";"ANGRA DOS REIS";"Não guardar distância de segurança";"Colisão traseira";"Com Vítimas Feridas";"Pleno dia";"Crescente";"Ceu Claro";"Simples";"Curva";"Rural";3;0;1;0;2;0;1;2
83489583;"13/08/16";"Sábado";"09:10:00";"PR";277;"37,5";"MORRETES";"Falta de atenção";"Colisão lateral";"Sem Vítimas";"Pleno dia";"Decrescente";"Sol";"Dupla";"Curva";"Rural";2;0;0;0;2;0;0;2
83489584;"13/08/16";"Sábado";"09:30:00";"MG";50;"174";"UBERABA";"Velocidade incompatível";"Colisão traseira";"Sem Vítimas";"Pleno dia";"Crescente";"Ceu Claro";"Dupla";"Reta";"Urbano";2;0;0;0;2;0;0;2
83489585;"13/08/16";"Sábado";"10:40:00";"MG";116;"481";"DOM CAVATI";"Animais na Pista";"Colisão traseira";"Com Vítimas Feridas";"Pleno dia";"Crescente";"Ceu Claro";"Simples";"Reta";"Rural";2;0;0;1;1;0;1;2
83489586;"06/08/16";"Sábado";"04:30:00";"SC";101;"183";"BIGUACU";"Outras";"Colisão com objeto fixo";"Com Vítimas Fatais";"Plena noite";"Decrescente";"Ceu Claro";"Dupla";"Reta";"Urbano";4;2;0;2;0;0;2;1
83489587;"11/08/16";"Quinta";"23:20:00";"GO";20;"106,3";"FLORES DE GOIAS";"Outras";"Colisão com objeto fixo";"Ignorado";"Plena noite";"Crescente";"Ceu Claro";"Simples";"Reta";"Rural";1;0;0;0;0;1;0;1
83489588;"20/07/16";"Quarta";"07:25:00";"RS";287;"259,5";"SANTA MARIA";"Ultrapassagem indevida";"Colisão lateral";"Com Vítimas Feridas";"Plena noite";"Decrescente";"Ceu Claro";"Simples";"Reta";"Rural";5;0;3;0;2;0;3;3
83489589;"13/08/16";"Sábado";"09:10:00";"RS";285;"291,8";"PASSO FUNDO";"Velocidade incompatível";"Colisão com objeto fixo";"Sem Vítimas";"Pleno dia";"Decrescente";"Sol";"Simples";"Curva";"Urbano";1;0;0;0;1;0;0;1
83489590;"13/08/16";"Sábado";"11:50:00";"SE";235;"1,9";"ARACAJU";"Falta de atenção";"Colisão lateral";"Com Vítimas Feridas";"Pleno dia";"Decrescente";"Ceu Claro";"Dupla";"Reta";"Urbano";2;0;1;0;1;0;1;2
83489591;"13/08/16";"Sábado";"09:20:00";"SP";381;"41,1";"ATIBAIA";"Animais na Pista";"Colisão traseira";"Com Vítimas Feridas";"Pleno dia";"Decrescente";"Sol";"Dupla";"Reta";"Rural";3;0;2;0;1;0;2;2
83489592;"12/08/16";"Sexta";"22:45:00";"SP";381;"83";"SAO PAULO";"Falta de atenção";"Colisão lateral";"Sem Vítimas";"Plena noite";"Decrescente";"Ceu Claro";"Dupla";"Reta";"Urbano";2;0;0;0;2;0;0;2
83489593;"13/08/16";"Sábado";"10:25:00";"MG";40;"765,2";"JUIZ DE FORA";"Velocidade incompatível";"Saída de Pista";"Com Vítimas Feridas";"Pleno dia";"Crescente";"Ceu Claro";"Simples";"Curva";"Rural";2;0;2;0;0;0;2;1
83489594;"09/08/16";"Terça";"07:50:00";"MG";381;"924,5";"CAMANDUCAIA";"Falta de atenção";"Tombamento";"Sem Vítimas";"Pleno dia";"Crescente";"Sol";"Dupla";"Curva";"Rural";1;0;0;0;1;0;0;1
83489595;"13/08/16";"Sábado";"09:00:00";"GO";60;"40,5";"ALEXANIA";"Outras";"Queda de motocicleta / bicicleta / veículo";"Com Vítimas Feridas";"Pleno dia";"Decrescente";"Ceu Claro";"Dupla";"Reta";"Rural";1;0;1;0;0;0;1;1
83489596;"13/08/16";"Sábado";"09:05:00";"SC";163;"68,7";"SAO MIGUEL DOESTE";"Falta de atenção";"Colisão traseira";"Sem Vítimas";"Pleno dia";"Crescente";"Sol";"Dupla";"Reta";"Urbano";2;0;0;0;2;0;0;2
83489597;"11/08/16";"Quinta";"16:30:00";"RS";285;"294,1";"PASSO FUNDO";"Não guardar distância de segurança";"Colisão traseira";"Sem Vítimas";"Pleno dia";"Crescente";"Ceu Claro";"Simples";"Reta";"Rural";2;0;0;0;2;0;0;2
83489598;"10/08/16";"Quarta";"05:20:00";"GO";60;"95";"ANAPOLIS";"Outras";"Tombamento";"Com Vítimas Feridas";"Amanhecer";"Decrescente";"Ceu Claro";"Dupla";"Reta";"Urbano";1;0;1;0;0;0;1;1
83489599;"05/08/16";"Sexta";"12:30:00";"PR";158;"524";"PATO BRANCO";"Falta de atenção";"Atropelamento de pessoa";"Com Vítimas Feridas";"Pleno dia";"Crescente";"Sol";"Dupla";"Cruzamento";"Urbano";2;0;0;2;0;0;2;1
83489600;"09/08/16";"Terça";"23:00:00";"BA";407;"181";"CALDEIRAO GRANDE";"Animais na Pista";"Tombamento";"Sem Vítimas";"Plena noite";"Decrescente";"Ceu Claro";"Simples";"Reta";"Rural";1;0;0;0;1;0;0;1
83489601;"20/07/16";"Quarta";"16:00:00";"SP";116;"220";"GUARULHOS";"Falta de atenção";"Colisão traseira";"Com Vítimas Feridas";"Pleno dia";"Crescente";"Nublado";"Múltipla";"Reta";"Urbano";2;0;1;0;1;0;1;2
83489602;"11/08/16";"Quinta";"22:00:00";"TO";153;"293,5";"PRESIDENTE KENNEDY";"Ingestão de álcool";"Colisão frontal";"Com Vítimas Fatais";"Plena noite";"Crescente";"Ceu Claro";"Simples";"Reta";"Rural";2;1;0;0;1;0;0;2
83489603;"13/08/16";"Sábado";"09:00:00";"RS";101;"58,5";"MAQUINE";"Outras";"Saída de Pista";"Sem Vítimas";"Pleno dia";"Crescente";"Ceu Claro";"Dupla";"Reta";"Rural";2;0;0;0;2;0;0;1
83489604;"13/08/16";"Sábado";"09:00:00";"SC";282;"216";"LAGES";"Falta de atenção";"Colisão traseira";"Sem Vítimas";"Pleno dia";"Crescente";"Nublado";"Simples";"Cruzamento";"Urbano";2;0;0;0;2;0;0;2
83489605;"13/08/16";"Sábado";"13:20:00";"CE";20;"407";"CAUCAIA";"Defeito mecânico em veículo";"Saída de Pista";"Sem Vítimas";"Pleno dia";"Decrescente";"Sol";"Múltipla";"Reta";"Rural";1;0;0;0;1;0;0;1
83489607;"09/08/16";"Terça";"08:30:00";"PA";316;"54";"CASTANHAL";"Falta de atenção";"Colisão traseira";"Sem Vítimas";"Pleno dia";"Decrescente";"Sol";"Dupla";"Reta";"Urbano";2;0;0;0;2;0;0;2
83489608;"13/08/16";"Sábado";"08:45:00";"RS";290;"296,9";"CACAPAVA DO SUL";"Velocidade incompatível";"Colisão com objeto fixo";"Sem Vítimas";"Pleno dia";"Crescente";"Sol";"Simples";"Reta";"Rural";2;0;0;0;2;0;0;2
83489609;"13/08/16";"Sábado";"11:20:00";"ES";262;"37";"DOMINGOS MARTINS";"Falta de atenção";"Colisão lateral";"Com Vítimas Feridas";"Pleno dia";"Crescente";"Ceu Claro";"Simples";"Reta";"Rural";3;0;1;1;0;1;2;2
83489610;"13/08/16";"Sábado";"12:30:00";"SP";116;"187,2";"SANTA ISABEL";"Outras";"Saída de Pista";"Com Vítimas Feridas";"Pleno dia";"Decrescente";"Ceu Claro";"Dupla";"Curva";"Rural";1;0;1;0;0;0;1;1
83489611;"13/08/16";"Sábado";"10:45:00";"PA";230;"121";"MARABA";"Falta de atenção";"Colisão Transversal";"Com Vítimas Feridas";"Pleno dia";"Decrescente";"Sol";"Dupla";"Reta";"Urbano";2;0;0;1;1;0;1;2
83489612;"13/08/16";"Sábado";"12:20:00";"PR";376;"645";"TIJUCAS DO SUL";"Ingestão de álcool";"Colisão lateral";"Sem Vítimas";"Pleno dia";"Crescente";"Ceu Claro";"Dupla";"Reta";"Urbano";2;0;0;0;1;1;0;2
83489613;"13/08/16";"Sábado";"08:45:00";"RS";470;"228";"GARIBALDI";"Falta de atenção";"Colisão Transversal";"Com Vítimas Feridas";"Pleno dia";"Decrescente";"Ceu Claro";"Simples";"Reta";"Urbano";5;0;3;0;2;0;3;3
83489614;"05/08/16";"Sexta";"19:30:00";"ES";101;"288,5";"CARIACICA";"Falta de atenção";"Atropelamento de pessoa";"Com Vítimas Feridas";"Plena noite";"Crescente";"Ceu Claro";"Dupla";"Curva";"Urbano";2;0;0;2;0;0;2;1
83489615;"13/08/16";"Sábado";"13:50:00";"GO";70;"5,9";"AGUAS LINDAS DE GOIAS";"Outras";"Colisão lateral";"Com Vítimas Feridas";"Pleno dia";"Crescente";"Ceu Claro";"Dupla";"Reta";"Rural";2;0;1;0;1;0;1;2
83489616;"13/08/16";"Sábado";"10:45:00";"RS";392;"26,6";"RIO GRANDE";"Falta de atenção";"Colisão traseira";"Sem Vítimas";"Pleno dia";"Decrescente";"Ceu Claro";"Dupla";"Reta";"Urbano";4;0;0;0;4;0;0;3
83489617;"09/08/16";"Terça";"19:45:00";"GO";40;"7";"VALPARAISO DE GOIAS";"Falta de atenção";"Colisão traseira";"Com Vítimas Feridas";"Plena noite";"Decrescente";"Ceu Claro";"Dupla";"Reta";"Urbano";3;0;1;0;1;1;1;2
83489618;"06/08/16";"Sábado";"03:30:00";"SP";116;"146";"SAO JOSE DOS CAMPOS";"Outras";"Queda de motocicleta / bicicleta / veículo";"Com Vítimas Feridas";"Amanhecer";"Crescente";"Ceu Claro";"Dupla";"Reta";"Urbano";2;0;2;0;0;0;2;1
83489619;"10/08/16";"Quarta";"04:40:00";"SP";116;"362";"MIRACATU";"Velocidade incompatível";"Tombamento";"Sem Vítimas";"Plena noite";"Crescente";"Ceu Claro";"Simples";"Curva";"Rural";1;0;0;0;1;0;0;1
83489620;"13/08/16";"Sábado";"06:45:00";"PR";277;"79";"CURITIBA";"Ingestão de álcool";"Colisão traseira";"Com Vítimas Feridas";"Pleno dia";"Decrescente";"Ceu Claro";"Dupla";"Reta";"Rural";2;0;2;0;0;0;2;2
83489621;"09/08/16";"Terça";"18:00:00";"PE";407;"125,5";"PETROLINA";"Outras";"Colisão lateral";"Com Vítimas Feridas";"Anoitecer";"Crescente";"Ceu Claro";"Dupla";"Reta";"Urbano";2;0;1;0;1;0;1;2
83489622;"13/08/16";"Sábado";"13:50:00";"RS";287;"247,7";"SANTA MARIA";"Falta de atenção";"Colisão lateral";"Com Vítimas Feridas";"Pleno dia";"Crescente";"Sol";"Simples";"Reta";"Urbano";4;0;1;0;3;0;1;3