"id";"data_inversa";"dia_semana";"horario";"uf";"br";"km";"municipio";"causa_acidente";"tipo_acidente";"classificacao_acidente";"fase_dia";"sentido_via";"condicao_metereologica";"tipo_pista";"tracado_via";"uso_solo";"pessoas";"mortos";"feridos_leves";"feridos_graves";"ilesos";"ignorados";"feridos";"veiculos"
83489623;"13/08/16";"Sábado";"11:15:00";"BA";407;"126";"SENHOR DO BONFIM";"Não guardar distância de segurança";"Colisão Transversal";"Sem Vítimas";"Pleno dia";"Decrescente";"Ceu Claro";"Simples";"Reta";"Rural";2;0;0;0;2;0;0;2
83489624;"13/08/16";"Sábado";"13:50:00";"PR";277;"72";"SAO JOSE DOS PINHAIS";"Outras";"Saída de Pista";"Com Vítimas Feridas";"Pleno dia";"Decrescente";"Ceu Claro";"Dupla";"Reta";"Urbano";3;0;2;0;1;0;2;1
83489625;"13/08/16";"Sábado";"13:55:00";"PE";232;"146,8";"SAO CAITANO";"Ingestão de álcool";"Colisão Transversal";"Sem Vítimas";"Pleno dia";"Crescente";"Ceu Claro";"Simples";"Reta";"Urbano";2;0;0;0;2;0;0;2
83489627;"06/08/16";"Sábado";"20:35:00";"RS";290;"315,2";"CACAPAVA DO SUL";"Ingestão de álcool";"Saída de Pista";"Sem Vítimas";"Plena noite";"Crescente";"Chuva";"Simples";"Reta";"Rural";1;0;0;0;1;0;0;1
83489628;"10/08/16";"Quarta";"01:45:00";"DF";20;"20";"BRASILIA";"Outras";"Capotamento";"Com Vítimas Feridas";"Plena noite";"Decrescente";"Ceu Claro";"Dupla";"Reta";"Urbano";1;0;0;1;0;0;1;1
83489629;"13/08/16";"Sábado";"13:00:00";"PI";316;"1,8";"TERESINA";"Defeito mecânico em veículo";"Colisão Transversal";"Sem Vítimas";"Pleno dia";"Decrescente";"Ceu Claro";"Dupla";"Cruzamento";"Urbano";2;0;0;0;2;0;0;2
83489630;"13/08/16";"Sábado";"14:30:00";"SC";116;"206,8";"PONTE ALTA";"Outras";"Colisão Transversal";"Com Vítimas Feridas";"Pleno dia";"Decrescente";"Sol";"Simples";"Cruzamento";"Urbano";2;0;0;1;1;0;1;2
83489631;"13/08/16";"Sábado";"11:40:00";"ES";101;"288";"CARIACICA";"Defeito mecânico em veículo";"Queda de motocicleta / bicicleta / veículo";"Com Vítimas Feridas";"Pleno dia";"Crescente";"Ceu Claro";"Dupla";"Reta";"Urbano";2;0;2;0;0;0;2;1
83489632;"13/08/16";"Sábado";"11:00:00";"ES";101;"149";"LINHARES";"Desobediência à sinalização";"Colisão Transversal";"Sem Vítimas";"Pleno dia";"Crescente";"Nublado";"Simples";"Cruzamento";"Urbano";3;0;0;0;2;1;0;3
83489633;"13/08/16";"Sábado";"04:35:00";"AL";104;"56";"MURICI";"Animais na Pista";"Atropelamento de animal";"Sem Vítimas";"Plena noite";"Crescente";"Nublado";"Simples";"Reta";"Rural";1;0;0;0;1;0;0;1
83489634;"09/08/16";"Terça";"21:30:00";"PR";277;"44";"MORRETES";"Velocidade incompatível";"Tombamento";"Com Vítimas Feridas";"Plena noite";"Decrescente";"Ceu Claro";"Dupla";"Curva";"Rural";1;0;1;0;0;0;1;1
83489635;"09/08/16";"Terça";"16:00:00";"CE";116;"24,5";"ITAITINGA";"Não guardar distância de segurança";"Colisão traseira";"Com Vítimas Feridas";"Pleno dia";"Crescente";"Ceu Claro";"Dupla";"Curva";"Urbano";2;0;1;0;1;0;1;2
83489636;"09/08/16";"Terça";"06:20:00";"BA";101;"237";"CONCEICAO DO ALMEIDA";"Dormindo";"Colisão frontal";"Com Vítimas Fatais";"Pleno dia";"Decrescente";"Ceu Claro";"Simples";"Reta";"Rural";3;1;1;1;0;0;2;2
83489637;"13/08/16";"Sábado";"15:40:00";"PR";376;"247";"APUCARANA";"Falta de atenção";"Colisão lateral";"Com Vítimas Feridas";"Pleno dia";"Crescente";"Sol";"Simples";"Curva";"Urbano";2;0;1;0;1;0;1;2
83489638;"13/08/16";"Sábado";"13:00:00";"RS";116;"235,5";"NOVO HAMBURGO";"Falta de atenção";"Colisão lateral";"Com Vítimas Feridas";"Pleno dia";"Decrescente";"Sol";"Múltipla";"Reta";"Urbano";6;0;1;1;4;0;2;2
83489639;"13/08/16";"Sábado";"12:10:00";"BA";110;"302";"INHAMBUPE";"Outras";"Colisão frontal";"Com Vítimas Feridas";"Pleno dia";"Crescente";"Ceu Claro";"Simples";"Reta";"Rural";6;0;6;0;0;0;6;2
83489640;"13/08/16";"Sábado";"15:05:00";"GO";153;"498";"GOIANIA";"Outras";"Colisão lateral";"Com Vítimas Feridas";"Pleno dia";"Decrescente";"Sol";"Dupla";"Reta";"Urbano";5;0;2;0;3;0;2;2
83489641;"13/08/16";"Sábado";"14:25:00";"PR";153;"477";"PORTO VITORIA";"Defeito mecânico em veículo";"Colisão frontal";"Com Vítimas Feridas";"Pleno dia";"Decrescente";"Ceu Claro";"Simples";"Reta";"Rural";4;0;2;0;2;0;2;2
83489642;"13/08/16";"Sábado";"14:45:00";"RN";304;"47";"MOSSORO";"Desobediência à sinalização";"Colisão traseira";"Com Vítimas Feridas";"Pleno dia";"Crescente";"Sol";"Dupla";"Curva";"Urbano";2;0;1;0;1;0;1;2
83489643;"13/08/16";"Sábado";"10:30:00";"RJ";116;"274,7";"BARRA MANSA";"Outras";"Colisão com objeto fixo";"Sem Vítimas";"Pleno dia";"Decrescente";"Ceu Claro";"Simples";"Curva";"Urbano";1;0;0;0;1;0;0;1
83489644;"13/08/16";"Sábado";"12:40:00";"GO";40;"56";"CRISTALINA";"Dormindo";"Saída de Pista";"Com Vítimas Feridas";"Pleno dia";"Decrescente";"Ceu Claro";"Dupla";"Reta";"Rural";4;0;1;3;0;0;4;1
83489645;"13/08/16";"Sábado";"08:30:00";"SC";101;"29,8";"JOINVILLE";"Não guardar distância de segurança";"Colisão traseira";"Com Vítimas Feridas";"Pleno dia";"Crescente";"Ceu Claro";"Dupla";"Reta";"Urbano";3;0;1;0;2;0;1;2
83489646;"13/08/16";"Sábado";"07:45:00";"AC";364;"128";"RIO BRANCO";"Desobediência à sinalização";"Colisão lateral";"Com Vítimas Feridas";"Pleno dia";"Decrescente";"Sol";"Simples";"Reta";"Urbano";2;0;0;1;1;0;1;2
83489647;"13/08/16";"Sábado";"08:00:00";"RS";116;"12,5";"VACARIA";"Velocidade incompatível";"Saída de Pista";"Sem Vítimas";"Pleno dia";"Decrescente";"Nevoeiro/neblina";"Simples";"Reta";"Rural";1;0;0;0;1;0;0;1
83489648;"13/08/16";"Sábado";"11:55:00";"RS";116;"319,8";"BARRA DO RIBEIRO";"Desobediência à sinalização";"Colisão Transversal";"Com Vítimas Fatais";"Pleno dia";"Decrescente";"Sol";"Simples";"Cruzamento";"Rural";3;1;1;1;0;0;2;2
83489649;"13/08/16";"Sábado";"11:50:00";"PE";232;"7,2";"RECIFE";"Outras";"Colisão traseira";"Com Vítimas Feridas";"Pleno dia";"Crescente";"Sol";"Dupla";"Reta";"Urbano";4;0;1;0;3;0;1;4
83489650;"08/08/16";"Segunda";"14:50:00";"MG";116;"414";"GOVERNADOR VALADARES";"Outras";"Queda de motocicleta / bicicleta / veículo";"Com Vítimas Feridas";"Pleno dia";"Crescente";"Ceu Claro";"Simples";"Reta";"Urbano";2;0;2;0;0;0;2;1
83489651;"18/07/16";"Segunda";"16:50:00";"PA";230;"628,6";"ALTAMIRA";"Desobediência à sinalização";"Colisão Transversal";"Sem Vítimas";"Pleno dia";"Decrescente";"Ceu Claro";"Simples";"Reta";"Urbano";2;0;0;0;2;0;0;2
83489652;"13/08/16";"Sábado";"07:00:00";"PR";277;"69";"SAO JOSE DOS PINHAIS";"Falta de atenção";"Capotamento";"Com Vítimas Feridas";"Pleno dia";"Decrescente";"Nublado";"Dupla";"Curva";"Urbano";1;0;1;0;0;0;1;1
83489653;"13/08/16";"Sábado";"08:20:00";"MT";364;"405";"CUIABA";"Outras";"Colisão com bicicleta";"Com Vítimas Fatais";"Pleno dia";"Crescente";"Ceu Claro";"Dupla";"Reta";"Urbano";3;1;0;0;2;0;0;2
83489654;"10/08/16";"Quarta";"14:30:00";"SP";116;"348";"MIRACATU";"Falta de atenção";"Colisão traseira";"Sem Vítimas";"Pleno dia";"Crescente";"Nublado";"Dupla";"Reta";"Rural";2;0;0;0;2;0;0;2
83489655;"13/08/16";"Sábado";"15:15:00";"MG";381;"835,9";"SAO SEBASTIAO DA BELA VISTA";"Falta de atenção";"Saída de Pista";"Com Vítimas Feridas";"Pleno dia";"Decrescente";"Ceu Claro";"Dupla";"Curva";"Rural";1;0;1;0;0;0;1;1
83489656;"10/08/16";"Quarta";"06:00:00";"SP";116;"322";"JUQUITIBA";"Outras";"Tombamento";"Com Vítimas Feridas";"Amanhecer";"Crescente";"Ceu Claro";"Dupla";"Reta";"Rural";2;0;1;0;0;1;1;2
83489657;"10/08/16";"Quarta";"17:20:00";"SC";470;"53,3";"BLUMENAU";"Falta de atenção";"Colisão Transversal";"Com Vítimas Feridas";"Pleno dia";"Crescente";"Ceu Claro";"Simples";"Reta";"Urbano";2;0;1;0;1;0;1;2
83489658;"13/08/16";"Sábado";"12:20:00";"MG";365;"43,5";"CLARO DOS POCOES";"Falta de atenção";"Atropelamento de pessoa";"Com Vítimas Feridas";"Pleno dia";"Crescente";"Ceu Claro";"Simples";"Reta";"Rural";2;0;0;1;1;0;1;1
83489659;"13/08/16";"Sábado";"11:45:00";"SC";280;"55";"GUARAMIRIM";"Falta de atenção";"Colisão traseira";"Sem Vítimas";"Pleno dia";"Crescente";"Ceu Claro";"Simples";"Reta";"Urbano";2;0;0;0;2;0;0;2
83489660;"09/08/16";"Terça";"06:20:00";"MG";365;"439";"PATOS DE MINAS";"Outras";"Colisão Transversal";"Com Vítimas Feridas";"Pleno dia";"Crescente";"Ceu Claro";"Simples";"Reta";"Rural";3;0;1;0;2;0;1;3
83489661;"13/08/16";"Sábado";"16:00:00";"SC";101;"208,4";"SAO JOSE";"Falta de atenção";"Colisão traseira";"Com Vítimas Feridas";"Pleno dia";"Decrescente";"Ceu Claro";"Múltipla";"Reta";"Urbano";5;0;1;0;4;0;1;5
83489662;"13/08/16";"Sábado";"06:50:00";"GO";364;"100,1";"CACHOEIRA ALTA";"Falta de atenção";"Colisão com objeto móvel";"Sem Vítimas";"Pleno dia";"Crescente";"Ceu Claro";"Simples";"Reta";"Rural";1;0;0;0;1;0;0;1
83489663;"13/08/16";"Sábado";"11:20:00";"RS";285;"119,1";"VACARIA";"Falta de atenção";"Colisão traseira";"Com Vítimas Feridas";"Pleno dia";"Decrescente";"Ceu Claro";"Simples";"Reta";"Urbano";6;0;2;0;4;0;2;4
83489664;"09/08/16";"Terça";"17:40:00";"PE";407;"128";"PETROLINA";"Não guardar distância de segurança";"Colisão traseira";"Com Vítimas Feridas";"Anoitecer";"Decrescente";"Ceu Claro";"Simples";"Reta";"Urbano";3;0;1;0;2;0;1;3
83489665;"13/08/16";"Sábado";"16:00:00";"MT";70;"0";"PONTAL DO ARAGUAIA";"Não guardar distância de segurança";"Colisão traseira";"Sem Vítimas";"Pleno dia";"Crescente";"Ceu Claro";"Simples";"Reta";"Urbano";3;0;0;0;3;0;0;3
83489668;"13/08/16";"Sábado";"13:15:00";"ES";262;"62";"MARECHAL FLORIANO";"Outras";"Capotamento";"Com Vítimas Feridas";"Pleno dia";"Decrescente";"Ceu Claro";"Simples";"Curva";"Rural";4;0;3;0;1;0;3;1
83489669;"10/08/16";"Quarta";"07:05:00";"MS";163;"490,5";"CAMPO GRANDE";"Falta de atenção";"Colisão lateral";"Com Vítimas Feridas";"Pleno dia";"Decrescente";"Ceu Claro";"Dupla";"Cruzamento";"Urbano";4;0;2;0;2;0;2;2
83489670;"13/08/16";"Sábado";"15:00:00";"MG";381;"313";"ANTONIO DIAS";"Não guardar distância de segurança";"Colisão traseira";"Com Vítimas Feridas";"Pleno dia";"Crescente";"Ceu Claro";"Simples";"Reta";"Rural";3;0;1;0;2;0;1;2
83489671;"13/08/16";"Sábado";"17:40:00";"RN";101;"107";"NATAL";"Desobediência à sinalização";"Colisão Transversal";"Sem Vítimas";"Anoitecer";"Decrescente";"Ceu Claro";"Dupla";"Cruzamento";"Urbano";2;0;0;0;2;0;0;2
83489672;"09/08/16";"Terça";"20:50:00";"BA";101;"878";"TEIXEIRA DE FREITAS";"Falta de atenção";"Colisão lateral";"Com Vítimas Feridas";"Plena noite";"Crescente";"Ceu Claro";"Simples";"Reta";"Rural";2;0;1;0;1;0;1;2
83489673;"13/08/16";"Sábado";"12:40:00";"MG";40;"522";"CONTAGEM";"Falta de atenção";"Queda de motocicleta / bicicleta / veículo";"Com Vítimas Feridas";"Pleno dia";"Decrescente";"Sol";"Dupla";"Reta";"Urbano";1;0;1;0;0;0;1;1
83489675;"13/08/16";"Sábado";"15:00:00";"MG";40;"510";"RIBEIRAO DAS NEVES";"Não guardar distância de segurança";"Colisão traseira";"Com Vítimas Feridas";"Pleno dia";"Decrescente";"Ceu Claro";"Dupla";"Reta";"Urbano";3;0;2;0;1;0;2;2
83489676;"13/08/16";"Sábado";"17:30:00";"SC";101;"69,1";"ARAQUARI";"Outras";"Saída de Pista";"Sem Vítimas";"Anoitecer";"Crescente";"Ceu Claro";"Múltipla";"Reta";"Rural";1;0;0;0;1;0;0;1
83489677;"13/08/16";"Sábado";"17:10:00";"SP";381;"52";"ATIBAIA";"Falta de atenção";"Queda de motocicleta / bicicleta / veículo";"Com Vítimas Feridas";"Pleno dia";"Decrescente";"Sol";"Dupla";"Curva";"Rural";1;0;1;0;0;0;1;1
83489678;"08/08/16";"Segunda";"17:25:00";"PA";316;"61";"CASTANHAL";"Desobediência à sinalização";"Colisão lateral";"Com Vítimas Feridas";"Pleno dia";"Crescente";"Ceu Claro";"Dupla";"Reta";"Rural";2;0;1;0;1;0;1;2
83489679;"13/08/16";"Sábado";"18:10:00";"GO";153;"617";"MORRINHOS";"Falta de atenção";"Capotamento";"Com Vítimas Feridas";"Anoitecer";"Crescente";"Ceu Claro";"Dupla";"Reta";"Urbano";2;0;2;0;0;0;2;1
83489680;"13/08/16";"Sábado";"16:40:00";"SC";470;"102";"APIUNA";"Ingestão de álcool";"Colisão traseira";"Com Vítimas Feridas";"Pleno dia";"Decrescente";"Sol";"Simples";"Reta";"Urbano";2;0;1;0;1;0;1;2
83489681;"13/08/16";"Sábado";"16:00:00";"PE";101;"77";"RECIFE";"Outras";"Tombamento";"Com Vítimas Feridas";"Pleno dia";"Crescente";"Ceu Claro";"Dupla";"Curva";"Urbano";2;0;1;0;1;0;1;1
83489682;"13/08/16";"Sábado";"18:10:00";"MG";381;"339,7";"BELA VISTA DE MINAS";"Falta de atenção";"Colisão traseira";"Sem Vítimas";"Anoitecer";"Decrescente";"Ceu Claro";"Simples";"Reta";"Urbano";2;0;0;0;2;0;0;2
83489683;"13/08/16";"Sábado";"14:10:00";"SC";101;"258";"GAROPABA";"Velocidade incompatível";"Capotamento";"Com Vítimas Feridas";"Pleno dia";"Crescente";"Ceu Claro";"Dupla";"Reta";"Urbano";2;0;1;0;1;0;1;1
83489684;"13/08/16";"Sábado";"14:50:00";"SC";470;"52";"BLUMENAU";"Não guardar distância de segurança";"Colisão traseira";"Sem Vítimas";"Pleno dia";"Crescente";"Ceu Claro";"Simples";"Reta";"Urbano";3;0;0;0;3;0;0;3
83489685;"13/08/16";"Sábado";"12:45:00";"PR";277;"695,3";"SAO MIGUEL DO IGUACU";"Velocidade incompatível";"Colisão com objeto fixo";"Sem Vítimas";"Pleno dia";"Crescente";"Ceu Claro";"Dupla";"Reta";"Rural";1;0;0;0;1;0;0;1
83489686;"13/08/16";"Sábado";"10:10:00";"SP";116;"313";"SAO LOURENCO DA SERRA";"Outras";"Atropelamento de pessoa";"Com Vítimas Fatais";"Pleno dia";"Crescente";"Ceu Claro";"Dupla";"Reta";"Rural";2;1;0;0;0;1;0;1
83489687;"10/08/16";"Quarta";"07:20:00";"SC";470;"8,4";"NAVEGANTES";"Falta de atenção";"Colisão Transversal";"Com Vítimas Feridas";"Amanhecer";"Decrescente";"Ceu Claro";"Simples";"Reta";"Urbano";2;0;0;1;1;0;1;2
83489688;"13/08/16";"Sábado";"10:20:00";"RO";364;"228";"CACOAL";"Falta de atenção";"Colisão traseira";"Com Vítimas Feridas";"Pleno dia";"Decrescente";"Sol";"Simples";"Reta";"Rural";2;0;1;0;1;0;1;2
83489689;"13/08/16";"Sábado";"17:20:00";"PR";116;"108";"CURITIBA";"Outras";"Incêndio";"Sem Vítimas";"Pleno dia";"Crescente";"Ceu Claro";"Dupla";"Reta";"Rural";1;0;0;0;1;0;0;1
83489690;"13/08/16";"Sábado";"17:43:00";"CE";222;"302";"TIANGUA";"Defeito na via";"Queda de motocicleta / bicicleta / veículo";"Com Vítimas Feridas";"Pleno dia";"Decrescente";"Ceu Claro";"Simples";"Curva";"Rural";1;0;0;1;0;0;1;1
83489691;"13/08/16";"Sábado";"12:00:00";"MT";70;"353";"CAMPO VERDE";"Falta de atenção";"Colisão traseira";"Sem Vítimas";"Pleno dia";"Decrescente";"Sol";"Simples";"Reta";"Rural";2;0;0;0;2;0;0;2
83489692;"13/08/16";"Sábado";"08:00:00";"PE";101;"136";"ESCADA";"Outras";"Tombamento";"Com Vítimas Feridas";"Pleno dia";"Decrescente";"Sol";"Múltipla";"Curva";"Rural";1;0;0;1;0;0;1;1
83489693;"13/08/16";"Sábado";"09:50:00";"SC";282;"169";"BOCAINA DO SUL";"Ultrapassagem indevida";"Colisão frontal";"Com Vítimas Feridas";"Pleno dia";"Crescente";"Ceu Claro";"Simples";"Reta";"Rural";3;0;2;0;1;0;2;3
83489694;"13/08/16";"Sábado";"18:10:00";"RN";405;"1,7";"MOSSORO";"Falta de atenção";"Colisão com bicicleta";"Com Vítimas Feridas";"Anoitecer";"Decrescente";"Ceu Claro";"Dupla";"Reta";"Urbano";2;0;1;1;0;0;2;2
83489695;"13/08/16";"Sábado";"16:00:00";"GO";60;"169";"GOIANIA";"Falta de atenção";"Colisão com objeto fixo";"Sem Vítimas";"Pleno dia";"Crescente";"Sol";"Dupla";"Curva";"Rural";1;0;0;0;1;0;0;1
83489696;"13/08/16";"Sábado";"01:30:00";"SC";101;"330,5";"TUBARAO";"Outras";"Saída de Pista";"Com Vítimas Feridas";"Plena noite";"Decrescente";"Ceu Claro";"Dupla";"Reta";"Rural";1;0;1;0;0;0;1;1
83489697;"13/08/16";"Sábado";"17:47:00";"RS";386;"365";"FAZENDA VILANOVA";"Dormindo";"Saída de Pista";"Sem Vítimas";"Pleno dia";"Crescente";"Ceu Claro";"Dupla";"Reta";"Rural";2;0;0;0;2;0;0;1
83489698;"13/08/16";"Sábado";"17:43:00";"RS";386;"401";"TRIUNFO";"Falta de atenção";"Capotamento";"Com Vítimas Feridas";"Pleno dia";"Decrescente";"Ceu Claro";"Dupla";"Curva";"Rural";3;0;2;1;0;0;3;1
83489699;"13/08/16";"Sábado";"12:00:00";"MT";364;"143";"PEDRA PRETA";"Não guardar distância de segurança";"Colisão traseira";"Sem Vítimas";"Pleno dia";"Crescente";"Sol";"Simples";"Curva";"Rural";3;0;0;0;3;0;0;2
83489700;"10/08/16";"Quarta";"08:45:00";"RJ";101;"523";"ANGRA DOS REIS";"Outras";"Saída de Pista";"Com Vítimas Feridas";"Pleno dia";"Decrescente";"Chuva";"Simples";"Curva";"Rural";2;0;1;0;1;0;1;1
83489701;"13/08/16";"Sábado";"19:20:00";"PE";316;"84,5";"OURICURI";"Animais na Pista";"Atropelamento de animal";"Com Vítimas Feridas";"Plena noite";"Decrescente";"Ceu Claro";"Simples";"Reta";"Urbano";1;0;1;0;0;0;1;1
83489702;"09/08/16";"Terça";"08:10:00";"PR";373;"176,5";"PONTA GROSSA";"Não guardar distância de segurança";"Colisão traseira";"Com Vítimas Feridas";"Pleno dia";"Decrescente";"Nevoeiro/neblina";"Simples";"Reta";"Urbano";5;0;1;0;4;0;1;2
83489703;"13/08/16";"Sábado";"11:40:00";"RN";304;"294,2";"MACAIBA";"Falta de atenção";"Colisão traseira";"Com Vítimas Feridas";"Pleno dia";"Crescente";"Ceu Claro";"Simples";"Reta";"Rural";2;0;1;0;1;0;1;2
83489704;"13/08/16";"Sábado";"14:20:00";"RJ";101;"395";"RIO DE JANEIRO";"Outras";"Colisão Transversal";"Com Vítimas Fatais";"Pleno dia";"Decrescente";"Ceu Claro";"Simples";"Curva";"Rural";2;1;0;0;1;0;0;2
83489707;"13/08/16";"Sábado";"18:30:00";"SC";280;"167";"MAFRA";"Ingestão de álcool";"Queda de motocicleta / bicicleta / veículo";"Com Vítimas Feridas";"Anoitecer";"Decrescente";"Ceu Claro";"Simples";"Curva";"Urbano";1;0;1;0;0;0;1;1
83489708;"13/08/16";"Sábado";"15:15:00";"RS";290;"149,7";"ARROIO DOS RATOS";"Falta de atenção";"Colisão Transversal";"Com Vítimas Feridas";"Pleno dia";"Crescente";"Ceu Claro";"Simples";"Reta";"Rural";2;0;0;1;1;0;1;2
83489709;"13/08/16";"Sábado";"17:00:00";"AC";364;"124";"RIO BRANCO";"Desobediência à sinalização";"Colisão Transversal";"Com Vítimas Feridas";"Anoitecer";"Crescente";"Ceu Claro";"Dupla";"Reta";"Urbano";3;0;2;0;0;1;2;2
83489710;"10/08/16";"Quarta";"04:20:00";"SP";381;"70";"SAO PAULO";"Outras";"Saída de Pista";"Sem Vítimas";"Plena noite";"Decrescente";"Nevoeiro/neblina";"Dupla";"Curva";"Urbano";1;0;0;0;1;0;0;1
83489711;"13/08/16";"Sábado";"17:55:00";"PE";116;"27,3";"SALGUEIRO";"Ingestão de álcool";"Colisão lateral";"Sem Vítimas";"Anoitecer";"Decrescente";"Ignorada";"Simples";"Reta";"Urbano";2;0;0;0;2;0;0;2
83489712;"13/08/16";"Sábado";"18:25:00";"RS";116;"240";"NOVO HAMBURGO";"Ingestão de álcool";"Colisão lateral";"Sem Vítimas";"Plena noite";"Crescente";"Ceu Claro";"Dupla";"Reta";"Urbano";2;0;0;0;2;0;0;2
83489713;"13/08/16";"Sábado";"19:20:00";"SC";101;"213,5";"PALHOCA";"Falta de atenção";"Colisão traseira";"Sem Vítimas";"Plena noite";"Decrescente";"Ceu Claro";"Dupla";"Reta";"Urbano";2;0;0;0;2;0;0;2
83489714;"13/08/16";"Sábado";"18:15:00";"MG";50;"179";"UBERABA";"Não guardar distância de segurança";"Queda de motocicleta / bicicleta / veículo";"Com Vítimas Feridas";"Anoitecer";"Decrescente";"Ceu Claro";"Dupla";"Curva";"Urbano";1;0;1;0;0;0;1;1
83489715;"13/08/16";"Sábado";"18:00:00";"PB";101;"11,3";"MAMANGUAPE";"Outras";"Atropelamento de pessoa";"Com Vítimas Feridas";"Plena noite";"Crescente";"Ceu Claro";"Dupla";"Reta";"Rural";2;0;1;0;0;1;1;1
83489716;"12/08/16";"Sexta";"23:30:00";"MA";135;"383";"SANTO ANTONIO DOS LOPES";"Falta de atenção";"Colisão traseira";"Com Vítimas Feridas";"Plena noite";"Crescente";"Ceu Claro";"Simples";"Reta";"Rural";2;0;0;1;0;1;1;2
83489717;"13/08/16";"Sábado";"12:30:00";"PI";407;"516,5";"PATOS DO PIAUI";"Desobediência à sinalização";"Colisão frontal";"Com Vítimas Feridas";"Pleno dia";"Crescente";"Ceu Claro";"Simples";"Curva";"Rural";4;0;1;0;3;0;1;2
83489718;"09/08/16";"Terça";"15:30:00";"PI";135;"366";"BOM JESUS";"Defeito na via";"Tombamento";"Sem Vítimas";"Pleno dia";"Crescente";"Ceu Claro";"Simples";"Reta";"Rural";1;0;0;0;1;0;0;1
83489719;"13/08/16";"Sábado";"19:00:00";"RJ";101;"319";"SAO GONCALO";"Outras";"Atropelamento de pessoa";"Com Vítimas Feridas";"Plena noite";"Crescente";"Ceu Claro";"Dupla";"Reta";"Urbano";2;0;1;0;1;0;1;1
83489720;"13/08/16";"Sábado";"17:15:00";"PR";163;"251";"TOLEDO";"Falta de atenção";"Colisão Transversal";"Com Vítimas Feridas";"Pleno dia";"Crescente";"Sol";"Simples";"Cruzamento";"Rural";4;0;1;0;3;0;1;2
83489721;"13/08/16";"Sábado";"19:02:00";"MT";158;"785";"BARRA DO GARCAS";"Animais na Pista";"Atropelamento de animal";"Com Vítimas Feridas";"Anoitecer";"Decrescente";"Ceu Claro";"Simples";"Reta";"Urbano";2;0;2;0;0;0;2;1
83489722;"09/08/16";"Terça";"15:15:00";"CE";116;"29,8";"ITAITINGA";"Outras";"Saída de Pista";"Com Vítimas Feridas";"Pleno dia";"Decrescente";"Ceu Claro";"Dupla";"Reta";"Rural";3;0;2;1;0;0;3;1
83489723;"13/08/16";"Sábado";"14:30:00";"MS";163;"58,5";"ELDORADO";"Ultrapassagem indevida";"Saída de Pista";"Sem Vítimas";"Pleno dia";"Decrescente";"Sol";"Simples";"Reta";"Rural";1;0;0;0;1;0;0;1
83489724;"13/08/16";"Sábado";"13:30:00";"MT";364;"350";"SANTO ANTONIO DO LEVERGER";"Defeito mecânico em veículo";"Saída de Pista";"Sem Vítimas";"Pleno dia";"Crescente";"Ceu Claro";"Dupla";"Curva";"Rural";3;0;0;0;3;0;0;1
83489725;"13/08/16";"Sábado";"19:20:00";"SP";116;"109,5";"TAUBATE";"Outras";"Colisão lateral";"Sem Vítimas";"Plena noite";"Crescente";"Ceu Claro";"Dupla";"Reta";"Urbano";2;0;0;0;1;1;0;2
83489726;"13/08/16";"Sábado";"18:00:00";"PR";277;"584";"CASCAVEL";"Falta de atenção";"Queda de motocicleta / bicicleta / veículo";"Com Vítimas Feridas";"Pleno dia";"Crescente";"Ceu Claro";"Simples";"Curva";"Urbano";2;0;1;0;1;0;1;1
83489727;"13/08/16";"Sábado";"16:30:00";"BA";116;"408";"FEIRA DE SANTANA";"Outras";"Colisão traseira";"Com Vítimas Feridas";"Plena noite";"Decrescente";"Ceu Claro";"Simples";"Reta";"Rural";2;0;1;0;0;1;1;2
83489728;"13/08/16";"Sábado";"19:30:00";"MG";381;"357,5";"JOAO MONLEVADE";"Desobediência à sinalização";"Colisão Transversal";"Com Vítimas Feridas";"Pleno dia";"Crescente";"Ceu Claro";"Dupla";"Reta";"Urbano";2;0;1;0;1;0;1;2
83489729;"13/07/16";"Quarta";"19:10:00";"RS";386;"207,5";"TIO HUGO";"Animais na Pista";"Atropelamento de animal";"Sem Vítimas";"Plena noite";"Decrescente";"Ceu Claro";"Simples";"Reta";"Rural";2;0;0;0;2;0;0;2
83489730;"13/08/16";"Sábado";"19:30:00";"PR";369;"149";"LONDRINA";"Ingestão de álcool";"Colisão traseira";"Com Vítimas Feridas";"Plena noite";"Crescente";"Ceu Claro";"Dupla";"Cruzamento";"Urbano";2;0;1;0;1;0;1;2
83489731;"13/08/16";"Sábado";"19:10:00";"RS";285;"487,5";"ENTRE IJUIS";"Outras";"Saída de Pista";"Com Vítimas Feridas";"Plena noite";"Decrescente";"Ceu Claro";"Simples";"Reta";"Rural";3;0;1;0;2;0;1;1
83489732;"13/08/16";"Sábado";"20:50:00";"PE";101;"68,8";"RECIFE";"Outras";"Colisão com objeto fixo";"Sem Vítimas";"Plena noite";"Decrescente";"Ceu Claro";"Dupla";"Reta";"Urbano";2;0;0;0;2;0;0;2
83489733;"13/08/16";"Sábado";"14:00:00";"MS";267;"410,3";"MARACAJU";"Velocidade incompatível";"Saída de Pista";"Com Vítimas Feridas";"Pleno dia";"Crescente";"Ceu Claro";"Simples";"Reta";"Rural";2;0;2;0;0;0;2;1
83489734;"13/08/16";"Sábado";"18:30:00";"MG";116;"723";"MURIAE";"Ingestão de álcool";"Atropelamento de pessoa";"Com Vítimas Feridas";"Anoitecer";"Crescente";"Ceu Claro";"Simples";"Reta";"Rural";2;0;0;1;0;1;1;1