"id";"data_inversa";"dia_semana";"horario";"uf";"br";"km";"municipio";"causa_acidente";"tipo_acidente";"classificacao_acidente";"fase_dia";"sentido_via";"condicao_metereologica";"tipo_pista";"tracado_via";"uso_solo";"pessoas";"mortos";"feridos_leves";"feridos_graves";"ilesos";"ignorados";"feridos";"veiculos"
83489959;"14/08/16";"Domingo";"17:30:00";"SP";116;"332,3";"JUQUITIBA";"Defeito mecânico em veículo";"Capotamento";"Com Vítimas Feridas";"Anoitecer";"Decrescente";"Ceu Claro";"Dupla";"Reta";"Rural";5;0;4;0;1;0;4;1
83489960;"14/08/16";"Domingo";"17:00:00";"PE";232;"9,3";"JABOATAO DOS GUARARAPES";"Outras";"Colisão traseira";"Sem Vítimas";"Pleno dia";"Decrescente";"Ceu Claro";"Simples";"Reta";"Urbano";3;0;0;0;3;0;0;3
83489961;"14/08/16";"Domingo";"17:40:00";"SC";101;"422,1";"ARARANGUA";"Ingestão de álcool";"Colisão traseira";"Com Vítimas Feridas";"Anoitecer";"Decrescente";"Ceu Claro";"Dupla";"Reta";"Rural";3;0;1;0;2;0;1;2
83489962;"14/08/16";"Domingo";"17:30:00";"MG";267;"291,5";"BAEPENDI";"Outras";"Capotamento";"Com Vítimas Feridas";"Pleno dia";"Crescente";"Ceu Claro";"Simples";"Reta";"Rural";3;0;3;0;0;0;3;1
83489963;"12/08/16";"Sexta";"05:45:00";"GO";364;"20";"PARANAIGUARA";"Falta de atenção";"Saída de Pista";"Com Vítimas Feridas";"Plena noite";"Crescente";"Ceu Claro";"Dupla";"Reta";"Rural";1;0;1;0;0;0;1;1
83489964;"14/08/16";"Domingo";"17:30:00";"CE";20;"306,1";"CANINDE";"Ingestão de álcool";"Colisão frontal";"Com Vítimas Feridas";"Anoitecer";"Decrescente";"Ceu Claro";"Simples";"Reta";"Rural";2;0;1;0;1;0;1;2
83489965;"12/08/16";"Sexta";"07:05:00";"MG";381;"886";"ESTIVA";"Velocidade incompatível";"Colisão traseira";"Sem Vítimas";"Pleno dia";"Decrescente";"Ceu Claro";"Dupla";"Reta";"Urbano";3;0;0;0;3;0;0;2
83489966;"02/08/16";"Terça";"13:00:00";"PR";476;"135";"CURITIBA";"Falta de atenção";"Colisão traseira";"Com Vítimas Feridas";"Pleno dia";"Crescente";"Ceu Claro";"Múltipla";"Reta";"Urbano";4;0;1;0;3;0;1;2
83489967;"10/08/16";"Quarta";"16:25:00";"PE";408;"41";"ALIANCA";"Ultrapassagem indevida";"Colisão frontal";"Com Vítimas Fatais";"Pleno dia";"Crescente";"Nublado";"Simples";"Curva";"Rural";3;1;1;0;1;0;1;2
83489968;"14/08/16";"Domingo";"19:00:00";"SC";163;"70,3";"SAO MIGUEL DOESTE";"Ingestão de álcool";"Colisão traseira";"Sem Vítimas";"Plena noite";"Decrescente";"Ceu Claro";"Dupla";"Reta";"Urbano";2;0;0;0;2;0;0;2
83489969;"14/08/16";"Domingo";"19:00:00";"PE";428;"187,7";"PETROLINA";"Falta de atenção";"Atropelamento de pessoa";"Com Vítimas Feridas";"Plena noite";"Decrescente";"Ceu Claro";"Simples";"Reta";"Urbano";2;0;1;0;0;1;1;1
83489970;"14/08/16";"Domingo";"16:45:00";"MS";262;"365,6";"CAMPO GRANDE";"Outras";"Queda de motocicleta / bicicleta / veículo";"Com Vítimas Feridas";"Pleno dia";"Decrescente";"Sol";"Simples";"Reta";"Urbano";1;0;1;0;0;0;1;1
83489971;"12/08/16";"Sexta";"21:50:00";"MS";158;"21";"CASSILANDIA";"Outras";"Saída de Pista";"Com Vítimas Feridas";"Plena noite";"Crescente";"Ceu Claro";"Simples";"Reta";"Rural";1;0;1;0;0;0;1;1
83489972;"07/08/16";"Domingo";"00:08:00";"RJ";40;"48";"PETROPOLIS";"Velocidade incompatível";"Colisão com objeto fixo";"Com Vítimas Feridas";"Plena noite";"Decrescente";"Ceu Claro";"Simples";"Curva";"Urbano";2;0;2;0;0;0;2;1
83489973;"14/08/16";"Domingo";"18:20:00";"PR";476;"297,5";"SAO MATEUS DO SUL";"Ultrapassagem indevida";"Colisão traseira";"Com Vítimas Feridas";"Plena noite";"Crescente";"Nublado";"Simples";"Reta";"Rural";3;0;1;0;2;0;1;2
83489974;"14/08/16";"Domingo";"17:00:00";"RJ";116;"286";"BARRA MANSA";"Não guardar distância de segurança";"Colisão com objeto fixo";"Sem Vítimas";"Anoitecer";"Decrescente";"Ceu Claro";"Dupla";"Curva";"Rural";1;0;0;0;1;0;0;1
83489975;"14/08/16";"Domingo";"19:00:00";"RS";285;"630";"SAO BORJA";"Animais na Pista";"Atropelamento de animal";"Sem Vítimas";"Anoitecer";"Crescente";"Ceu Claro";"Simples";"Reta";"Rural";1;0;0;0;1;0;0;1
83489976;"14/08/16";"Domingo";"14:35:00";"MS";463;"60,2";"PONTA PORA";"Defeito mecânico em veículo";"Capotamento";"Sem Vítimas";"Pleno dia";"Crescente";"Ceu Claro";"Simples";"Reta";"Rural";1;0;0;0;1;0;0;1
83489977;"14/08/16";"Domingo";"19:40:00";"RS";158;"472,1";"ROSARIO DO SUL";"Animais na Pista";"Atropelamento de animal";"Com Vítimas Feridas";"Plena noite";"Crescente";"Ceu Claro";"Simples";"Reta";"Rural";1;0;1;0;0;0;1;1
83489978;"14/08/16";"Domingo";"16:20:00";"BA";324;"472";"TANQUINHO";"Velocidade incompatível";"Colisão lateral";"Sem Vítimas";"Pleno dia";"Crescente";"Sol";"Simples";"Reta";"Rural";2;0;0;0;2;0;0;2
83489979;"14/08/16";"Domingo";"18:00:00";"PI";343;"236";"COCAL DE TELHA";"Falta de atenção";"Colisão Transversal";"Com Vítimas Feridas";"Anoitecer";"Decrescente";"Ceu Claro";"Simples";"Reta";"Rural";2;0;0;1;1;0;1;2
83489980;"14/08/16";"Domingo";"13:00:00";"MG";381;"510";"SAO JOAQUIM DE BICAS";"Falta de atenção";"Colisão lateral";"Com Vítimas Feridas";"Pleno dia";"Crescente";"Sol";"Dupla";"Reta";"Urbano";2;0;1;0;1;0;1;2
83489981;"14/08/16";"Domingo";"14:30:00";"MG";262;"412,9";"LUZ";"Velocidade incompatível";"Colisão traseira";"Com Vítimas Feridas";"Pleno dia";"Crescente";"Sol";"Simples";"Reta";"Rural";7;0;1;0;6;0;1;3
83489982;"14/08/16";"Domingo";"15:40:00";"PI";316;"338";"FRANCISCO SANTOS";"Outras";"Incêndio";"Sem Vítimas";"Pleno dia";"Crescente";"Ceu Claro";"Simples";"Reta";"Rural";5;0;0;0;5;0;0;1
83489983;"14/08/16";"Domingo";"15:00:00";"RN";226;"83,7";"TANGARA";"Desobediência à sinalização";"Colisão lateral";"Com Vítimas Feridas";"Pleno dia";"Decrescente";"Sol";"Simples";"Reta";"Urbano";3;0;1;1;1;0;2;2
83489984;"14/08/16";"Domingo";"17:50:00";"AL";101;"73,8";"MESSIAS";"Falta de atenção";"Colisão traseira";"Sem Vítimas";"Anoitecer";"Crescente";"Ceu Claro";"Simples";"Reta";"Rural";3;0;0;0;3;0;0;3
83489985;"14/08/16";"Domingo";"14:29:00";"RN";226;"1,1";"NATAL";"Falta de atenção";"Colisão Transversal";"Com Vítimas Feridas";"Pleno dia";"Decrescente";"Ceu Claro";"Dupla";"Cruzamento";"Urbano";3;0;2;0;1;0;2;2
83489986;"14/08/16";"Domingo";"18:00:00";"RJ";101;"182";"RIO DAS OSTRAS";"Ultrapassagem indevida";"Capotamento";"Com Vítimas Feridas";"Plena noite";"Crescente";"Ceu Claro";"Simples";"Reta";"Rural";3;0;2;0;1;0;2;1
83489987;"11/08/16";"Quinta";"00:10:00";"MA";316;"422";"PERITORO";"Dormindo";"Colisão Transversal";"Sem Vítimas";"Plena noite";"Crescente";"Ceu Claro";"Simples";"Reta";"Urbano";2;0;0;0;2;0;0;2
83489988;"14/08/16";"Domingo";"16:50:00";"MT";364;"333";"SANTO ANTONIO DO LEVERGER";"Outras";"Colisão com objeto móvel";"Sem Vítimas";"Pleno dia";"Decrescente";"Sol";"Simples";"Reta";"Rural";1;0;0;0;1;0;0;1
83489989;"14/08/16";"Domingo";"12:10:00";"RJ";116;"164";"RIO DE JANEIRO";"Outras";"Colisão traseira";"Com Vítimas Feridas";"Pleno dia";"Crescente";"Ceu Claro";"Múltipla";"Reta";"Urbano";2;0;1;0;1;0;1;2
83489990;"14/08/16";"Domingo";"09:45:00";"PB";230;"28,9";"JOAO PESSOA";"Não guardar distância de segurança";"Colisão traseira";"Com Vítimas Feridas";"Pleno dia";"Crescente";"Ceu Claro";"Dupla";"Reta";"Urbano";6;0;1;0;5;0;1;5
83489991;"14/08/16";"Domingo";"19:00:00";"RS";472;"407,5";"SAO BORJA";"Outras";"Colisão lateral";"Sem Vítimas";"Anoitecer";"Decrescente";"Ceu Claro";"Simples";"Reta";"Rural";2;0;0;0;2;0;0;2
83489992;"14/08/16";"Domingo";"18:20:00";"PR";116;"125";"FAZENDA RIO GRANDE";"Falta de atenção";"Colisão traseira";"Sem Vítimas";"Plena noite";"Decrescente";"Ceu Claro";"Dupla";"Reta";"Urbano";3;0;0;0;3;0;0;3
83489993;"14/08/16";"Domingo";"18:30:00";"MG";40;"511";"RIBEIRAO DAS NEVES";"Não guardar distância de segurança";"Colisão traseira";"Com Vítimas Feridas";"Plena noite";"Crescente";"Ceu Claro";"Dupla";"Reta";"Urbano";3;0;1;1;0;1;2;2
83489994;"14/08/16";"Domingo";"16:40:00";"MS";163;"633";"SAO GABRIEL DO OESTE";"Falta de atenção";"Saída de Pista";"Sem Vítimas";"Pleno dia";"Crescente";"Ceu Claro";"Simples";"Reta";"Rural";1;0;0;0;1;0;0;1
83489995;"14/08/16";"Domingo";"18:50:00";"RS";116;"370,3";"TAPES";"Falta de atenção";"Colisão frontal";"Com Vítimas Feridas";"Anoitecer";"Decrescente";"Ceu Claro";"Simples";"Reta";"Rural";2;0;1;0;1;0;1;2
83489996;"11/08/16";"Quinta";"06:30:00";"SC";101;"104,3";"PICARRAS";"Falta de atenção";"Colisão traseira";"Sem Vítimas";"Amanhecer";"Crescente";"Ceu Claro";"Dupla";"Reta";"Rural";2;0;0;0;2;0;0;2
83489997;"14/08/16";"Domingo";"18:30:00";"RJ";116;"270";"BARRA MANSA";"Desobediência à sinalização";"Colisão frontal";"Com Vítimas Feridas";"Plena noite";"Crescente";"Ceu Claro";"Simples";"Reta";"Urbano";3;0;1;0;2;0;1;2
83489998;"14/08/16";"Domingo";"19:10:00";"RJ";101;"443";"MANGARATIBA";"Outras";"Queda de motocicleta / bicicleta / veículo";"Com Vítimas Feridas";"Plena noite";"Decrescente";"Nublado";"Simples";"Curva";"Urbano";1;0;1;0;0;0;1;1
83489999;"14/08/16";"Domingo";"19:30:00";"SP";116;"271,3";"TABOAO DA SERRA";"Falta de atenção";"Queda de motocicleta / bicicleta / veículo";"Com Vítimas Feridas";"Plena noite";"Decrescente";"Ceu Claro";"Dupla";"Reta";"Urbano";1;0;1;0;0;0;1;1
83490000;"14/08/16";"Domingo";"15:20:00";"MT";70;"54,9";"BARRA DO GARCAS";"Falta de atenção";"Tombamento";"Com Vítimas Feridas";"Pleno dia";"Decrescente";"Ceu Claro";"Simples";"Reta";"Rural";1;0;1;0;0;0;1;1
83490001;"12/08/16";"Sexta";"13:30:00";"PR";277;"593";"CASCAVEL";"Outras";"Capotamento";"Com Vítimas Feridas";"Pleno dia";"Crescente";"Ceu Claro";"Simples";"Reta";"Rural";2;0;1;0;1;0;1;2
83490002;"14/08/16";"Domingo";"19:30:00";"PR";116;"117";"CURITIBA";"Dormindo";"Saída de Pista";"Com Vítimas Feridas";"Plena noite";"Crescente";"Ignorada";"Dupla";"Reta";"Urbano";1;0;1;0;0;0;1;1
83490003;"14/08/16";"Domingo";"19:30:00";"PR";277;"725,4";"FOZ DO IGUACU";"Falta de atenção";"Colisão Transversal";"Com Vítimas Feridas";"Plena noite";"Decrescente";"Ceu Claro";"Dupla";"Cruzamento";"Urbano";4;0;1;0;3;0;1;3
83490004;"14/08/16";"Domingo";"19:40:00";"RJ";101;"315";"SAO GONCALO";"Outras";"Colisão traseira";"Sem Vítimas";"Plena noite";"Decrescente";"Ceu Claro";"Dupla";"Reta";"Urbano";3;0;0;0;3;0;0;3
83490005;"14/08/16";"Domingo";"14:00:00";"ES";101;"216";"IBIRACU";"Outras";"Colisão com objeto fixo";"Com Vítimas Feridas";"Pleno dia";"Crescente";"Ceu Claro";"Dupla";"Reta";"Urbano";1;0;1;0;0;0;1;1
83490006;"14/08/16";"Domingo";"18:00:00";"PI";316;"14,2";"TERESINA";"Falta de atenção";"Colisão frontal";"Com Vítimas Feridas";"Anoitecer";"Crescente";"Ceu Claro";"Simples";"Reta";"Urbano";2;0;1;1;0;0;2;2
83490007;"14/08/16";"Domingo";"11:10:00";"ES";101;"255,5";"SERRA";"Falta de atenção";"Colisão lateral";"Com Vítimas Feridas";"Pleno dia";"Crescente";"Sol";"Simples";"Cruzamento";"Urbano";2;0;1;0;0;1;1;2
83490008;"14/08/16";"Domingo";"20:30:00";"GO";60;"168";"GOIANIA";"Outras";"Colisão com objeto fixo";"Sem Vítimas";"Plena noite";"Crescente";"Ceu Claro";"Dupla";"Reta";"Rural";1;0;0;0;1;0;0;1
83490009;"14/08/16";"Domingo";"20:40:00";"PR";277;"647,3";"CEU AZUL";"Falta de atenção";"Colisão Transversal";"Com Vítimas Feridas";"Plena noite";"Decrescente";"Nublado";"Simples";"Reta";"Rural";3;0;1;0;2;0;1;2
83490010;"14/08/16";"Domingo";"16:45:00";"MG";381;"700,6";"LAVRAS";"Falta de atenção";"Saída de Pista";"Com Vítimas Feridas";"Pleno dia";"Crescente";"Ceu Claro";"Dupla";"Curva";"Rural";2;0;1;0;1;0;1;1
83490011;"14/08/16";"Domingo";"19:15:00";"GO";60;"188";"GUAPO";"Outras";"Atropelamento de pessoa";"Com Vítimas Feridas";"Plena noite";"Decrescente";"Nublado";"Dupla";"Reta";"Urbano";3;0;1;2;0;0;3;1
83490012;"14/08/16";"Domingo";"16:25:00";"GO";153;"635";"MORRINHOS";"Defeito mecânico em veículo";"Saída de Pista";"Com Vítimas Feridas";"Pleno dia";"Decrescente";"Ceu Claro";"Dupla";"Reta";"Rural";3;0;2;1;0;0;3;1
83490013;"14/08/16";"Domingo";"18:00:00";"MG";116;"756,7";"LEOPOLDINA";"Ingestão de álcool";"Colisão frontal";"Com Vítimas Fatais";"Plena noite";"Crescente";"Ceu Claro";"Simples";"Reta";"Rural";2;1;1;0;0;0;1;2
83490014;"14/08/16";"Domingo";"18:50:00";"SC";280;"208,4";"TRES BARRAS";"Ingestão de álcool";"Tombamento";"Sem Vítimas";"Plena noite";"Decrescente";"Ceu Claro";"Simples";"Reta";"Rural";1;0;0;0;1;0;0;1
83490015;"14/08/16";"Domingo";"15:30:00";"PA";10;"239,9";"AURORA DO PARA";"Falta de atenção";"Saída de Pista";"Sem Vítimas";"Pleno dia";"Decrescente";"Ceu Claro";"Simples";"Curva";"Rural";1;0;0;0;1;0;0;1
83490016;"14/08/16";"Domingo";"15:35:00";"MG";262;"408,1";"PARA DE MINAS";"Falta de atenção";"Capotamento";"Com Vítimas Feridas";"Pleno dia";"Decrescente";"Ceu Claro";"Dupla";"Reta";"Rural";5;0;3;1;1;0;4;1
83490017;"14/08/16";"Domingo";"21:00:00";"RS";293;"209";"DOM PEDRITO";"Animais na Pista";"Atropelamento de animal";"Sem Vítimas";"Pleno dia";"Decrescente";"Ceu Claro";"Simples";"Reta";"Rural";1;0;0;0;1;0;0;1
83490018;"14/08/16";"Domingo";"20:20:00";"SC";280;"240";"CANOINHAS";"Ingestão de álcool";"Colisão lateral";"Sem Vítimas";"Plena noite";"Decrescente";"Ceu Claro";"Simples";"Reta";"Rural";2;0;0;0;2;0;0;2
83490019;"14/08/16";"Domingo";"18:00:00";"MS";163;"497";"CAMPO GRANDE";"Falta de atenção";"Queda de motocicleta / bicicleta / veículo";"Com Vítimas Feridas";"Anoitecer";"Decrescente";"Ceu Claro";"Simples";"Reta";"Rural";1;0;1;0;0;0;1;1
83490020;"14/08/16";"Domingo";"16:36:00";"MT";163;"746,8";"SORRISO";"Não guardar distância de segurança";"Saída de Pista";"Ignorado";"Pleno dia";"Decrescente";"Sol";"Simples";"Reta";"Urbano";1;0;0;0;0;1;0;1
83490021;"14/08/16";"Domingo";"19:20:00";"PR";476;"117";"COLOMBO";"Falta de atenção";"Colisão Transversal";"Com Vítimas Feridas";"Plena noite";"Decrescente";"Nublado";"Dupla";"Reta";"Urbano";3;0;1;0;2;0;1;2
83490022;"14/08/16";"Domingo";"18:30:00";"SP";116;"466";"JACUPIRANGA";"Ingestão de álcool";"Colisão traseira";"Sem Vítimas";"Plena noite";"Crescente";"Ceu Claro";"Dupla";"Reta";"Rural";2;0;0;0;2;0;0;2
83490023;"14/08/16";"Domingo";"21:30:00";"RJ";116;"79";"TERESOPOLIS";"Outras";"Colisão traseira";"Com Vítimas Feridas";"Pleno dia";"Crescente";"Nublado";"Simples";"Reta";"Urbano";3;0;2;0;1;0;2;2
83490024;"14/08/16";"Domingo";"22:00:00";"SC";101;"210";"SAO JOSE";"Outras";"Tombamento";"Com Vítimas Feridas";"Plena noite";"Crescente";"Ceu Claro";"Múltipla";"Reta";"Urbano";2;0;2;0;0;0;2;1
83490025;"14/08/16";"Domingo";"19:10:00";"RJ";40;"119,1";"DUQUE DE CAXIAS";"Outras";"Colisão traseira";"Com Vítimas Feridas";"Plena noite";"Crescente";"Ceu Claro";"Múltipla";"Reta";"Urbano";5;0;1;0;4;0;1;3
83490026;"06/08/16";"Sábado";"22:00:00";"MG";116;"65,1";"MEDINA";"Falta de atenção";"Colisão Transversal";"Com Vítimas Feridas";"Plena noite";"Crescente";"Ceu Claro";"Simples";"Reta";"Rural";3;0;2;0;1;0;2;2
83490027;"14/08/16";"Domingo";"05:30:00";"PB";434;"14";"POCO DANTAS";"Ingestão de álcool";"Colisão frontal";"Com Vítimas Feridas";"Amanhecer";"Crescente";"Ceu Claro";"Simples";"Curva";"Rural";2;0;0;1;0;1;1;2
83490028;"14/08/16";"Domingo";"22:00:00";"PR";277;"655,7";"MATELANDIA";"Outras";"Colisão Transversal";"Com Vítimas Feridas";"Plena noite";"Decrescente";"Ceu Claro";"Simples";"Reta";"Urbano";2;0;0;1;0;1;1;2
83490029;"14/08/16";"Domingo";"20:30:00";"PR";369;"202,1";"APUCARANA";"Ingestão de álcool";"Colisão com objeto fixo";"Com Vítimas Feridas";"Plena noite";"Decrescente";"Ceu Claro";"Simples";"Cruzamento";"Urbano";1;0;1;0;0;0;1;1
83490031;"14/08/16";"Domingo";"19:40:00";"GO";60;"273,6";"JANDAIA";"Falta de atenção";"Colisão lateral";"Sem Vítimas";"Plena noite";"Crescente";"Nublado";"Dupla";"Reta";"Rural";3;0;0;0;3;0;0;2
83490032;"14/08/16";"Domingo";"19:30:00";"SP";459;"30,6";"LORENA";"Desobediência à sinalização";"Colisão lateral";"Com Vítimas Feridas";"Anoitecer";"Crescente";"Ceu Claro";"Simples";"Cruzamento";"Urbano";2;0;1;0;1;0;1;2
83490033;"14/08/16";"Domingo";"21:10:00";"PR";277;"97,8";"CURITIBA";"Outras";"Colisão lateral";"Com Vítimas Feridas";"Plena noite";"Crescente";"Ceu Claro";"Dupla";"Reta";"Urbano";3;0;2;0;1;0;2;2
83490034;"14/08/16";"Domingo";"19:30:00";"MS";163;"477,8";"CAMPO GRANDE";"Falta de atenção";"Colisão Transversal";"Com Vítimas Feridas";"Plena noite";"Decrescente";"Ceu Claro";"Simples";"Reta";"Urbano";8;0;1;6;1;0;7;2
83490035;"14/08/16";"Domingo";"23:25:00";"MA";135;"7";"SAO LUIS";"Falta de atenção";"Colisão lateral";"Sem Vítimas";"Plena noite";"Crescente";"Ceu Claro";"Dupla";"Reta";"Urbano";2;0;0;0;1;1;0;2
83490036;"14/08/16";"Domingo";"22:10:00";"TO";153;"133";"ARAGUAINA";"Falta de atenção";"Colisão com objeto fixo";"Com Vítimas Feridas";"Plena noite";"Crescente";"Ceu Claro";"Múltipla";"Reta";"Urbano";1;0;1;0;0;0;1;1
83490037;"14/08/16";"Domingo";"12:00:00";"PA";163;"816";"RUROPOLIS";"Defeito na via";"Tombamento";"Sem Vítimas";"Pleno dia";"Decrescente";"Sol";"Simples";"Reta";"Rural";1;0;0;0;1;0;0;1
83490038;"15/08/16";"Segunda";"00:00:00";"RJ";116;"172,4";"BELFORD ROXO";"Outras";"Colisão com objeto fixo";"Sem Vítimas";"Plena noite";"Decrescente";"Ceu Claro";"Múltipla";"Reta";"Urbano";1;0;0;0;1;0;0;1
83490039;"14/08/16";"Domingo";"22:15:00";"PR";376;"180,4";"MARINGA";"Velocidade incompatível";"Capotamento";"Com Vítimas Feridas";"Plena noite";"Decrescente";"Ceu Claro";"Dupla";"Reta";"Urbano";3;0;2;0;1;0;2;1
83490040;"14/08/16";"Domingo";"19:45:00";"SC";158;"100,5";"CUNHA PORA";"Velocidade incompatível";"Capotamento";"Com Vítimas Feridas";"Plena noite";"Decrescente";"Ceu Claro";"Simples";"Curva";"Rural";4;0;1;1;2;0;2;1
83490041;"14/08/16";"Domingo";"18:15:00";"RS";116;"530";"CAPAO DO LEAO";"Desobediência à sinalização";"Colisão Transversal";"Com Vítimas Feridas";"Anoitecer";"Crescente";"Ceu Claro";"Simples";"Cruzamento";"Urbano";2;0;1;0;1;0;1;2
83490042;"14/08/16";"Domingo";"20:20:00";"RJ";116;"332";"RESENDE";"Outras";"Atropelamento de pessoa";"Com Vítimas Feridas";"Plena noite";"Crescente";"Nublado";"Dupla";"Reta";"Rural";2;0;0;1;0;1;1;1
83490043;"07/08/16";"Domingo";"16:30:00";"RJ";356;"20";"ITAPERUNA";"Velocidade incompatível";"Colisão traseira";"Com Vítimas Feridas";"Pleno dia";"Crescente";"Ceu Claro";"Simples";"Reta";"Rural";7;0;6;0;1;0;6;2
83490044;"06/08/16";"Sábado";"16:50:00";"ES";101;"262,2";"SERRA";"Não guardar distância de segurança";"Colisão traseira";"Com Vítimas Feridas";"Pleno dia";"Decrescente";"Sol";"Dupla";"Cruzamento";"Urbano";2;0;1;0;1;0;1;2
83490045;"14/08/16";"Domingo";"18:30:00";"PR";163;"30";"SANTO ANTONIO DO SUDOESTE";"Outras";"Colisão frontal";"Com Vítimas Feridas";"Anoitecer";"Decrescente";"Nublado";"Simples";"Reta";"Rural";6;0;3;0;3;0;3;2
83490046;"14/08/16";"Domingo";"20:00:00";"MS";158;"76";"PARANAIBA";"Defeito mecânico em veículo";"Incêndio";"Sem Vítimas";"Plena noite";"Crescente";"Ceu Claro";"Simples";"Reta";"Rural";1;0;0;0;1;0;0;1
83490047;"14/08/16";"Domingo";"22:30:00";"MS";163;"261,7";"DOURADOS";"Animais na Pista";"Atropelamento de animal";"Sem Vítimas";"Plena noite";"Crescente";"Ceu Claro";"Dupla";"Reta";"Rural";1;0;0;0;1;0;0;1
83490048;"14/08/16";"Domingo";"18:50:00";"PR";369;"423";"JURANDA";"Outras";"Queda de motocicleta / bicicleta / veículo";"Com Vítimas Feridas";"Plena noite";"Crescente";"Ceu Claro";"Simples";"Reta";"Rural";1;0;0;1;0;0;1;1
83490049;"14/06/16";"Terça";"18:45:00";"MS";262;"6";"TRES LAGOAS";"Desobediência à sinalização";"Colisão Transversal";"Sem Vítimas";"Plena noite";"Crescente";"Ceu Claro";"Dupla";"Reta";"Urbano";3;0;0;0;3;0;0;2
83490050;"14/08/16";"Domingo";"16:30:00";"MG";40;"652,4";"CRISTIANO OTONI";"Falta de atenção";"Colisão Transversal";"Com Vítimas Feridas";"Pleno dia";"Crescente";"Sol";"Simples";"Reta";"Rural";5;0;4;1;0;0;5;2
83490051;"14/08/16";"Domingo";"17:45:00";"AL";316;"114,9";"CACIMBINHAS";"Falta de atenção";"Colisão Transversal";"Com Vítimas Fatais";"Anoitecer";"Crescente";"Ceu Claro";"Simples";"Reta";"Urbano";4;1;0;0;3;0;0;2
83490052;"14/08/16";"Domingo";"19:54:00";"MS";158;"269";"TRES LAGOAS";"Ingestão de álcool";"Colisão traseira";"Sem Vítimas";"Plena noite";"Decrescente";"Ignorada";"Simples";"Reta";"Urbano";4;0;0;0;4;0;0;2
83490053;"14/08/16";"Domingo";"23:30:00";"MS";163;"262,7";"DOURADOS";"Não guardar distância de segurança";"Colisão lateral";"Com Vítimas Feridas";"Plena noite";"Decrescente";"Ignorada";"Dupla";"Reta";"Urbano";5;0;1;0;4;0;1;3
83490054;"11/08/16";"Quinta";"01:05:00";"MS";262;"213,9";"RIBAS DO RIO PARDO";"Defeito mecânico em veículo";"Saída de Pista";"Com Vítimas Feridas";"Plena noite";"Crescente";"Nevoeiro/neblina";"Simples";"Reta";"Rural";2;0;2;0;0;0;2;1
83490055;"14/08/16";"Domingo";"22:15:00";"PR";476;"120";"COLOMBO";"Desobediência à sinalização";"Colisão Transversal";"Com Vítimas Feridas";"Plena noite";"Crescente";"Ceu Claro";"Dupla";"Cruzamento";"Urbano";2;0;2;0;0;0;2;2
83490056;"14/08/16";"Domingo";"23:15:00";"PE";101;"64";"RECIFE";"Falta de atenção";"Colisão traseira";"Sem Vítimas";"Plena noite";"Decrescente";"Chuva";"Dupla";"Reta";"Urbano";5;0;0;0;5;0;0;2
83490057;"12/08/16";"Sexta";"15:15:00";"MG";135;"368,3";"MONTES CLAROS";"Falta de atenção";"Colisão traseira";"Sem Vítimas";"Pleno dia";"Crescente";"Ceu Claro";"Simples";"Cruzamento";"Urbano";2;0;0;0;2;0;0;2
83490058;"14/08/16";"Domingo";"20:40:00";"SC";282;"539,1";"CHAPECO";"Velocidade incompatível";"Capotamento";"Sem Vítimas";"Plena noite";"Decrescente";"Nublado";"Simples";"Curva";"Rural";1;0;0;0;1;0;0;1
83490059;"15/08/16";"Segunda";"01:10:00";"SC";101;"123,3";"ITAJAI";"Outras";"Queda de motocicleta / bicicleta / veículo";"Com Vítimas Feridas";"Plena noite";"Decrescente";"Nublado";"Dupla";"Reta";"Urbano";1;0;1;0;0;0;1;1
83490060;"14/08/16";"Domingo";"17:30:00";"MG";40;"549";"NOVA LIMA";"Não guardar distância de segurança";"Colisão traseira";"Com Vítimas Feridas";"Anoitecer";"Crescente";"Ignorada";"Dupla";"Reta";"Urbano";2;0;1;0;1;0;1;2
83490061;"14/08/16";"Domingo";"19:55:00";"PR";277;"529,9";"GUARANIACU";"Ingestão de álcool";"Atropelamento de pessoa";"Com Vítimas Fatais";"Plena noite";"Decrescente";"Ceu Claro";"Simples";"Reta";"Rural";2;1;1;0;0;0;1;1
83490062;"06/08/16";"Sábado";"18:50:00";"RJ";393;"270";"BARRA DO PIRAI";"Animais na Pista";"Atropelamento de animal";"Sem Vítimas";"Plena noite";"Crescente";"Ceu Claro";"Simples";"Curva";"Rural";1;0;0;0;1;0;0;1
83490063;"14/08/16";"Domingo";"20:00:00";"SC";116;"35,2";"ITAIOPOLIS";"Ingestão de álcool";"Saída de Pista";"Com Vítimas Feridas";"Plena noite";"Crescente";"Ceu Claro";"Simples";"Curva";"Rural";2;0;2;0;0;0;2;1
83490064;"14/08/16";"Domingo";"18:30:00";"GO";158;"213,8";"JATAI";"Outras";"Derramamento de Carga";"Sem Vítimas";"Anoitecer";"Crescente";"Ceu Claro";"Simples";"Curva";"Rural";3;0;0;0;2;1;0;3