"id";"data_inversa";"dia_semana";"horario";"uf";"br";"km";"municipio";"causa_acidente";"tipo_acidente";"classificacao_acidente";"fase_dia";"sentido_via";"condicao_metereologica";"tipo_pista";"tracado_via";"uso_solo";"pessoas";"mortos";"feridos_leves";"feridos_graves";"ilesos";"ignorados";"feridos";"veiculos"
83490066;"14/08/16";"Domingo";"18:40:00";"PB";230;"509";"CAJAZEIRAS";"Falta de atenção";"Colisão traseira";"Com Vítimas Feridas";"Plena noite";"Decrescente";"Ceu Claro";"Simples";"Reta";"Urbano";2;0;0;1;1;0;1;2
83490067;"15/08/16";"Segunda";"01:00:00";"PE";407;"129,2";"PETROLINA";"Outras";"Saída de Pista";"Com Vítimas Fatais";"Plena noite";"Decrescente";"Ceu Claro";"Dupla";"Curva";"Urbano";1;1;0;0;0;0;0;1
83490068;"14/08/16";"Domingo";"20:50:00";"SC";101;"329";"CAPIVARI DE BAIXO";"Ingestão de álcool";"Colisão com objeto fixo";"Sem Vítimas";"Plena noite";"Crescente";"Ceu Claro";"Dupla";"Curva";"Rural";1;0;0;0;1;0;0;1
83490069;"14/08/16";"Domingo";"20:20:00";"SC";158;"134";"CAIBI";"Falta de atenção";"Colisão lateral";"Sem Vítimas";"Plena noite";"Decrescente";"Ceu Claro";"Simples";"Curva";"Rural";2;0;0;0;1;1;0;2
83490070;"15/08/16";"Segunda";"01:05:00";"MG";116;"494";"INHAPIM";"Falta de atenção";"Saída de Pista";"Com Vítimas Feridas";"Plena noite";"Decrescente";"Ceu Claro";"Simples";"Reta";"Rural";5;0;4;0;1;0;4;1
83490072;"15/08/16";"Segunda";"00:40:00";"SC";282;"587,7";"PINHALZINHO";"Velocidade incompatível";"Queda de motocicleta / bicicleta / veículo";"Com Vítimas Fatais";"Plena noite";"Crescente";"Chuva";"Simples";"Reta";"Urbano";3;1;0;0;2;0;0;2
83490073;"14/08/16";"Domingo";"10:00:00";"SC";101;"144";"ITAPEMA";"Ingestão de álcool";"Saída de Pista";"Com Vítimas Feridas";"Pleno dia";"Crescente";"Ceu Claro";"Dupla";"Reta";"Urbano";2;0;2;0;0;0;2;1
83490074;"14/08/16";"Domingo";"18:40:00";"TO";153;"383";"RIO DOS BOIS";"Dormindo";"Capotamento";"Com Vítimas Feridas";"Anoitecer";"Decrescente";"Ceu Claro";"Simples";"Curva";"Rural";1;0;0;1;0;0;1;1
83490075;"14/08/16";"Domingo";"18:20:00";"BA";418;"88";"NOVA VICOSA";"Ingestão de álcool";"Colisão Transversal";"Com Vítimas Feridas";"Anoitecer";"Crescente";"Ceu Claro";"Simples";"Reta";"Urbano";5;0;3;0;2;0;3;3
83490076;"14/08/16";"Domingo";"21:30:00";"BA";116;"410";"FEIRA DE SANTANA";"Ultrapassagem indevida";"Colisão frontal";"Com Vítimas Feridas";"Plena noite";"Decrescente";"Ceu Claro";"Simples";"Reta";"Rural";2;0;0;1;0;1;1;2
83490077;"14/08/16";"Domingo";"21:20:00";"MG";381;"351";"JOAO MONLEVADE";"Velocidade incompatível";"Saída de Pista";"Com Vítimas Feridas";"Plena noite";"Decrescente";"Ceu Claro";"Simples";"Reta";"Rural";4;0;4;0;0;0;4;1
83490078;"14/08/16";"Domingo";"20:20:00";"PR";153;"338,9";"IRATI";"Falta de atenção";"Colisão Transversal";"Com Vítimas Feridas";"Plena noite";"Crescente";"Ceu Claro";"Simples";"Reta";"Urbano";7;0;3;1;3;0;4;2
83490079;"14/08/16";"Domingo";"18:00:00";"SE";101;"185";"UMBAUBA";"Ingestão de álcool";"Colisão frontal";"Com Vítimas Feridas";"Plena noite";"Crescente";"Nublado";"Simples";"Reta";"Urbano";2;0;0;1;0;1;1;2
83490080;"14/08/16";"Domingo";"23:50:00";"PR";376;"3,5";"SAO JOSE DOS PINHAIS";"Não guardar distância de segurança";"Colisão traseira";"Com Vítimas Feridas";"Plena noite";"Decrescente";"Ceu Claro";"Dupla";"Reta";"Urbano";3;0;1;0;2;0;1;2
83490081;"14/08/16";"Domingo";"20:40:00";"MG";116;"234";"TEOFILO OTONI";"Não guardar distância de segurança";"Colisão traseira";"Com Vítimas Feridas";"Plena noite";"Decrescente";"Ceu Claro";"Simples";"Reta";"Rural";3;0;2;0;1;0;2;2
83490082;"15/08/16";"Segunda";"04:30:00";"RJ";101;"296";"ITABORAI";"Outras";"Capotamento";"Com Vítimas Feridas";"Plena noite";"Decrescente";"Ceu Claro";"Dupla";"Curva";"Urbano";1;0;1;0;0;0;1;1
83490083;"15/08/16";"Segunda";"04:05:00";"GO";60;"386";"RIO VERDE";"Dormindo";"Tombamento";"Com Vítimas Feridas";"Plena noite";"Crescente";"Ceu Claro";"Múltipla";"Reta";"Urbano";2;0;2;0;0;0;2;1
83490084;"15/08/16";"Segunda";"04:00:00";"RS";290;"116";"ELDORADO DO SUL";"Ingestão de álcool";"Colisão frontal";"Sem Vítimas";"Plena noite";"Decrescente";"Ceu Claro";"Simples";"Reta";"Rural";5;0;0;0;5;0;0;2
83490085;"07/08/16";"Domingo";"00:30:00";"SC";101;"206";"SAO JOSE";"Falta de atenção";"Colisão traseira";"Com Vítimas Feridas";"Plena noite";"Crescente";"Ceu Claro";"Dupla";"Reta";"Urbano";2;0;1;0;1;0;1;2
83490086;"14/08/16";"Domingo";"12:05:00";"RS";116;"36,9";"VACARIA";"Ingestão de álcool";"Colisão Transversal";"Com Vítimas Feridas";"Pleno dia";"Crescente";"Sol";"Simples";"Cruzamento";"Urbano";2;0;1;1;0;0;2;2
83490087;"14/08/16";"Domingo";"17:20:00";"MG";116;"702,7";"MURIAE";"Ingestão de álcool";"Colisão lateral";"Com Vítimas Feridas";"Pleno dia";"Crescente";"Ceu Claro";"Múltipla";"Curva";"Urbano";2;0;1;0;0;1;1;2
83490088;"14/08/16";"Domingo";"20:40:00";"BA";415;"52";"ITABUNA";"Ultrapassagem indevida";"Colisão frontal";"Com Vítimas Fatais";"Plena noite";"Crescente";"Ceu Claro";"Simples";"Reta";"Urbano";2;2;0;0;0;0;0;2
83490089;"14/08/16";"Domingo";"17:10:00";"PB";230;"36,2";"SANTA RITA";"Não guardar distância de segurança";"Colisão traseira";"Com Vítimas Feridas";"Anoitecer";"Decrescente";"Sol";"Dupla";"Reta";"Urbano";5;0;2;1;2;0;3;2
83490090;"15/08/16";"Segunda";"01:50:00";"PE";316;"234";"BELEM DE SAO FRANCISCO";"Animais na Pista";"Tombamento";"Com Vítimas Feridas";"Plena noite";"Crescente";"Ignorada";"Simples";"Reta";"Rural";1;0;1;0;0;0;1;1
83490091;"14/08/16";"Domingo";"17:45:00";"SP";116;"284,8";"ITAPECERICA DA SERRA";"Desobediência à sinalização";"Colisão frontal";"Com Vítimas Feridas";"Pleno dia";"Decrescente";"Ceu Claro";"Simples";"Reta";"Urbano";3;0;1;0;2;0;1;2
83490092;"15/08/16";"Segunda";"05:50:00";"RS";386;"343,2";"LAJEADO";"Desobediência à sinalização";"Colisão Transversal";"Com Vítimas Feridas";"Plena noite";"Crescente";"Nublado";"Simples";"Reta";"Urbano";3;0;0;1;2;0;1;2
83490093;"15/08/16";"Segunda";"06:20:00";"GO";60;"87,7";"ANAPOLIS";"Falta de atenção";"Saída de Pista";"Sem Vítimas";"Pleno dia";"Decrescente";"Ceu Claro";"Dupla";"Reta";"Rural";1;0;0;0;1;0;0;1
83490094;"15/07/16";"Sexta";"17:15:00";"MG";40;"754";"EWBANK DA CAMARA";"Falta de atenção";"Colisão Transversal";"Sem Vítimas";"Pleno dia";"Decrescente";"Ceu Claro";"Simples";"Curva";"Rural";2;0;0;0;2;0;0;2
83490095;"15/08/16";"Segunda";"04:00:00";"MS";163;"687,8";"RIO VERDE DE MATO GROSSO";"Animais na Pista";"Capotamento";"Sem Vítimas";"Plena noite";"Decrescente";"Ignorada";"Simples";"Reta";"Rural";2;0;0;0;2;0;0;1
83490096;"15/08/16";"Segunda";"03:25:00";"GO";414;"413";"ABADIANIA";"Outras";"Saída de Pista";"Com Vítimas Feridas";"Plena noite";"Crescente";"Ceu Claro";"Simples";"Curva";"Rural";5;0;3;0;2;0;3;1
83490097;"14/08/16";"Domingo";"22:00:00";"MS";60;"218";"CAMAPUA";"Velocidade incompatível";"Colisão lateral";"Sem Vítimas";"Plena noite";"Decrescente";"Ceu Claro";"Simples";"Reta";"Rural";2;0;0;0;2;0;0;2
83490098;"11/08/16";"Quinta";"11:30:00";"SC";101;"206";"SAO JOSE";"Falta de atenção";"Colisão traseira";"Com Vítimas Feridas";"Pleno dia";"Decrescente";"Sol";"Dupla";"Reta";"Urbano";2;0;1;0;1;0;1;2
83490099;"14/08/16";"Domingo";"20:45:00";"MG";40;"631,1";"CONSELHEIRO LAFAIETE";"Falta de atenção";"Colisão Transversal";"Com Vítimas Feridas";"Plena noite";"Decrescente";"Ceu Claro";"Simples";"Reta";"Urbano";2;0;0;1;1;0;1;2
83490100;"15/08/16";"Segunda";"04:35:00";"MG";381;"752";"TRES CORACOES";"Dormindo";"Capotamento";"Com Vítimas Feridas";"Plena noite";"Crescente";"Ceu Claro";"Dupla";"Reta";"Rural";3;0;2;1;0;0;3;1
83490101;"14/08/16";"Domingo";"19:11:00";"MT";163;"605";"NOVA MUTUM";"Outras";"Colisão lateral";"Com Vítimas Fatais";"Plena noite";"Crescente";"Ceu Claro";"Simples";"Reta";"Rural";2;1;0;0;1;0;0;2
83490102;"15/08/16";"Segunda";"06:50:00";"RS";392;"32";"RIO GRANDE";"Outras";"Colisão com objeto móvel";"Com Vítimas Feridas";"Amanhecer";"Decrescente";"Ceu Claro";"Dupla";"Reta";"Rural";1;0;1;0;0;0;1;1
83490103;"15/08/16";"Segunda";"06:05:00";"PI";316;"16";"TERESINA";"Velocidade incompatível";"Colisão traseira";"Com Vítimas Feridas";"Pleno dia";"Decrescente";"Sol";"Simples";"Reta";"Rural";3;0;1;0;2;0;1;3
83490104;"15/08/16";"Segunda";"06:50:00";"SC";282;"15,8";"PALHOCA";"Outras";"Colisão Transversal";"Com Vítimas Feridas";"Amanhecer";"Decrescente";"Nublado";"Simples";"Reta";"Urbano";3;0;1;0;2;0;1;3
83490105;"14/08/16";"Domingo";"17:35:00";"GO";153;"361";"JARAGUA";"Não guardar distância de segurança";"Colisão traseira";"Sem Vítimas";"Pleno dia";"Crescente";"Ceu Claro";"Simples";"Reta";"Rural";3;0;0;0;3;0;0;3
83490106;"14/08/16";"Domingo";"06:30:00";"SP";116;"111";"TAUBATE";"Falta de atenção";"Colisão traseira";"Com Vítimas Feridas";"Amanhecer";"Decrescente";"Ceu Claro";"Dupla";"Reta";"Urbano";4;0;2;0;1;1;2;3
83490107;"09/08/16";"Terça";"20:50:00";"GO";60;"274,4";"JANDAIA";"Outras";"Colisão com objeto fixo";"Com Vítimas Feridas";"Plena noite";"Crescente";"Ceu Claro";"Dupla";"Curva";"Rural";1;0;1;0;0;0;1;1
83490108;"30/07/16";"Sábado";"19:30:00";"BA";116;"860";"VITORIA DA CONQUISTA";"Falta de atenção";"Colisão traseira";"Sem Vítimas";"Plena noite";"Crescente";"Nublado";"Simples";"Reta";"Rural";2;0;0;0;2;0;0;2
83490109;"11/08/16";"Quinta";"17:00:00";"PA";155;"344";"MARABA";"Falta de atenção";"Colisão traseira";"Sem Vítimas";"Pleno dia";"Crescente";"Ceu Claro";"Simples";"Reta";"Urbano";2;0;0;0;2;0;0;2
83490110;"11/08/16";"Quinta";"14:50:00";"PE";101;"68";"RECIFE";"Outras";"Colisão lateral";"Com Vítimas Feridas";"Pleno dia";"Decrescente";"Sol";"Dupla";"Reta";"Urbano";2;0;1;0;1;0;1;2
83490111;"12/08/16";"Sexta";"16:00:00";"PR";277;"658,1";"MATELANDIA";"Falta de atenção";"Colisão lateral";"Sem Vítimas";"Pleno dia";"Crescente";"Ceu Claro";"Simples";"Reta";"Urbano";2;0;0;0;2;0;0;2
83490112;"11/08/16";"Quinta";"19:30:00";"TO";153;"331";"GUARAI";"Desobediência à sinalização";"Colisão Transversal";"Com Vítimas Feridas";"Plena noite";"Decrescente";"Ceu Claro";"Simples";"Cruzamento";"Urbano";2;0;1;0;1;0;1;2
83490113;"12/08/16";"Sexta";"07:10:00";"SC";101;"207";"SAO JOSE";"Não guardar distância de segurança";"Queda de motocicleta / bicicleta / veículo";"Com Vítimas Feridas";"Pleno dia";"Decrescente";"Ceu Claro";"Múltipla";"Reta";"Urbano";1;0;1;0;0;0;1;1
83490114;"15/08/16";"Segunda";"07:00:00";"GO";60;"0,1";"APARECIDA DE GOIANIA";"Falta de atenção";"Colisão lateral";"Sem Vítimas";"Pleno dia";"Crescente";"Ceu Claro";"Dupla";"Reta";"Urbano";2;0;0;0;1;1;0;2
83490115;"12/08/16";"Sexta";"06:45:00";"MG";40;"527";"CONTAGEM";"Defeito mecânico em veículo";"Queda de motocicleta / bicicleta / veículo";"Com Vítimas Feridas";"Amanhecer";"Decrescente";"Ceu Claro";"Dupla";"Reta";"Urbano";1;0;1;0;0;0;1;1
83490116;"15/08/16";"Segunda";"08:20:00";"SP";116;"147";"SAO JOSE DOS CAMPOS";"Falta de atenção";"Colisão lateral";"Com Vítimas Feridas";"Pleno dia";"Crescente";"Ceu Claro";"Dupla";"Reta";"Urbano";2;0;1;0;1;0;1;2
83490117;"12/08/16";"Sexta";"06:00:00";"MG";40;"578";"ITABIRITO";"Outras";"Saída de Pista";"Sem Vítimas";"Amanhecer";"Crescente";"Ceu Claro";"Dupla";"Reta";"Rural";1;0;0;0;1;0;0;1
83490118;"13/08/16";"Sábado";"11:35:00";"BA";324;"584";"CANDEIAS";"Não guardar distância de segurança";"Colisão traseira";"Com Vítimas Feridas";"Pleno dia";"Decrescente";"Ceu Claro";"Dupla";"Reta";"Rural";5;0;1;0;4;0;1;4
83490119;"11/08/16";"Quinta";"18:00:00";"MG";116;"702,8";"MURIAE";"Desobediência à sinalização";"Colisão Transversal";"Sem Vítimas";"Anoitecer";"Decrescente";"Ceu Claro";"Simples";"Cruzamento";"Urbano";2;0;0;0;2;0;0;2
83490120;"09/08/16";"Terça";"07:40:00";"GO";60;"164,4";"GOIANIA";"Falta de atenção";"Colisão Transversal";"Com Vítimas Feridas";"Pleno dia";"Decrescente";"Ceu Claro";"Simples";"Reta";"Urbano";4;0;3;0;1;0;3;2
83490121;"15/08/16";"Segunda";"07:40:00";"PB";230;"34";"BAYEUX";"Não guardar distância de segurança";"Colisão traseira";"Com Vítimas Feridas";"Pleno dia";"Crescente";"Sol";"Dupla";"Reta";"Urbano";2;0;1;0;1;0;1;2
83490122;"11/08/16";"Quinta";"20:30:00";"MG";116;"506,3";"INHAPIM";"Outras";"Atropelamento de pessoa";"Com Vítimas Feridas";"Plena noite";"Crescente";"Nublado";"Simples";"Reta";"Rural";2;0;0;1;1;0;1;1
83490123;"15/08/16";"Segunda";"01:30:00";"MS";262;"698";"CORUMBA";"Dormindo";"Saída de Pista";"Com Vítimas Feridas";"Plena noite";"Crescente";"Ceu Claro";"Simples";"Reta";"Rural";2;0;1;1;0;0;2;1
83490124;"15/08/16";"Segunda";"07:00:00";"RS";153;"44,4";"ERECHIM";"Velocidade incompatível";"Derramamento de Carga";"Sem Vítimas";"Pleno dia";"Crescente";"Chuva";"Dupla";"Cruzamento";"Urbano";1;0;0;0;1;0;0;1
83490126;"13/08/16";"Sábado";"17:20:00";"PR";373;"171,9";"PONTA GROSSA";"Falta de atenção";"Colisão traseira";"Sem Vítimas";"Pleno dia";"Crescente";"Ceu Claro";"Simples";"Curva";"Urbano";2;0;0;0;2;0;0;2
83490127;"15/08/16";"Segunda";"06:00:00";"RS";386;"403,8";"TRIUNFO";"Dormindo";"Saída de Pista";"Sem Vítimas";"Plena noite";"Decrescente";"Ceu Claro";"Dupla";"Curva";"Rural";1;0;0;0;1;0;0;1
83490128;"11/08/16";"Quinta";"22:50:00";"MG";40;"500";"ESMERALDAS";"Velocidade incompatível";"Colisão com objeto fixo";"Sem Vítimas";"Plena noite";"Crescente";"Ceu Claro";"Dupla";"Reta";"Urbano";1;0;0;0;1;0;0;1
83490129;"15/08/16";"Segunda";"07:17:00";"RJ";393;"218";"BARRA DO PIRAI";"Outras";"Saída de Pista";"Com Vítimas Feridas";"Pleno dia";"Crescente";"Ceu Claro";"Simples";"Reta";"Rural";1;0;1;0;0;0;1;1
83490130;"12/08/16";"Sexta";"07:20:00";"SC";280;"53,1";"GUARAMIRIM";"Falta de atenção";"Colisão Transversal";"Com Vítimas Feridas";"Pleno dia";"Crescente";"Sol";"Simples";"Reta";"Urbano";2;0;1;0;1;0;1;2
83490131;"15/08/16";"Segunda";"08:05:00";"PR";277;"726,4";"FOZ DO IGUACU";"Outras";"Queda de motocicleta / bicicleta / veículo";"Com Vítimas Feridas";"Pleno dia";"Crescente";"Chuva";"Dupla";"Cruzamento";"Urbano";1;0;1;0;0;0;1;1
83490132;"11/08/16";"Quinta";"19:30:00";"PR";376;"318,4";"ORTIGUEIRA";"Ultrapassagem indevida";"Colisão frontal";"Com Vítimas Feridas";"Plena noite";"Decrescente";"Ceu Claro";"Simples";"Reta";"Rural";5;0;2;0;3;0;2;4
83490133;"18/04/16";"Segunda";"19:20:00";"RR";174;"505";"BOA VISTA";"Ingestão de álcool";"Atropelamento de pessoa";"Com Vítimas Feridas";"Plena noite";"Crescente";"Ignorada";"Dupla";"Curva";"Urbano";2;0;0;1;1;0;1;1
83490135;"11/08/16";"Quinta";"19:15:00";"PR";272;"531";"FRANCISCO ALVES";"Dormindo";"Colisão frontal";"Com Vítimas Fatais";"Plena noite";"Crescente";"Ceu Claro";"Simples";"Reta";"Rural";2;1;0;0;1;0;0;2
83490136;"15/08/16";"Segunda";"09:00:00";"SC";101;"10";"GARUVA";"Outras";"Queda de motocicleta / bicicleta / veículo";"Com Vítimas Feridas";"Pleno dia";"Decrescente";"Chuva";"Simples";"Reta";"Rural";1;0;1;0;0;0;1;1
83490137;"15/08/16";"Segunda";"07:40:00";"SC";282;"54,9";"RANCHO QUEIMADO";"Velocidade incompatível";"Capotamento";"Sem Vítimas";"Pleno dia";"Decrescente";"Chuva";"Simples";"Curva";"Rural";1;0;0;0;1;0;0;1
83490138;"15/08/16";"Segunda";"05:50:00";"MG";262;"363,6";"JUATUBA";"Outras";"Colisão com objeto fixo";"Sem Vítimas";"Pleno dia";"Decrescente";"Sol";"Dupla";"Curva";"Rural";1;0;0;0;1;0;0;1
83490139;"13/08/16";"Sábado";"17:40:00";"SC";280;"267,2";"IRINEOPOLIS";"Velocidade incompatível";"Capotamento";"Com Vítimas Feridas";"Pleno dia";"Crescente";"Ceu Claro";"Simples";"Curva";"Rural";2;0;2;0;0;0;2;1
83490141;"15/08/16";"Segunda";"07:30:00";"SC";101;"208";"SAO JOSE";"Outras";"Tombamento";"Com Vítimas Feridas";"Pleno dia";"Decrescente";"Nublado";"Dupla";"Curva";"Urbano";1;0;0;1;0;0;1;1
83490142;"07/08/16";"Domingo";"18:10:00";"RJ";116;"284";"BARRA MANSA";"Não guardar distância de segurança";"Colisão traseira";"Com Vítimas Feridas";"Plena noite";"Decrescente";"Nublado";"Dupla";"Reta";"Rural";3;0;2;0;1;0;2;2
83490143;"14/08/16";"Domingo";"14:45:00";"PR";153;"466";"PORTO VITORIA";"Falta de atenção";"Colisão Transversal";"Sem Vítimas";"Pleno dia";"Decrescente";"Ceu Claro";"Simples";"Reta";"Urbano";2;0;0;0;2;0;0;2
83490144;"15/08/16";"Segunda";"07:30:00";"MG";50;"70";"UBERLANDIA";"Falta de atenção";"Colisão traseira";"Sem Vítimas";"Pleno dia";"Decrescente";"Ceu Claro";"Dupla";"Reta";"Urbano";2;0;0;0;2;0;0;2
83490145;"15/08/16";"Segunda";"08:20:00";"BA";101;"875";"TEIXEIRA DE FREITAS";"Falta de atenção";"Colisão Transversal";"Sem Vítimas";"Pleno dia";"Crescente";"Sol";"Dupla";"Reta";"Urbano";3;0;0;0;3;0;0;2
83490146;"14/08/16";"Domingo";"20:50:00";"MT";163;"1063";"GUARANTA DO NORTE";"Falta de atenção";"Saída de Pista";"Com Vítimas Feridas";"Plena noite";"Crescente";"Ceu Claro";"Simples";"Reta";"Rural";1;0;0;1;0;0;1;1
83490147;"12/08/16";"Sexta";"08:30:00";"MA";135;"69,1";"SANTA RITA";"Outras";"Colisão lateral";"Com Vítimas Feridas";"Plena noite";"Crescente";"Ceu Claro";"Simples";"Reta";"Rural";2;0;1;0;1;0;1;2
83490148;"11/08/16";"Quinta";"15:20:00";"SC";101;"109";"PENHA";"Outras";"Capotamento";"Com Vítimas Feridas";"Pleno dia";"Crescente";"Nublado";"Dupla";"Reta";"Urbano";1;0;1;0;0;0;1;1
83490149;"08/08/16";"Segunda";"07:35:00";"BA";324;"531";"FEIRA DE SANTANA";"Ultrapassagem indevida";"Colisão lateral";"Com Vítimas Feridas";"Pleno dia";"Crescente";"Ceu Claro";"Dupla";"Reta";"Rural";2;0;1;0;1;0;1;2
83490150;"25/03/16";"Sexta";"20:45:00";"PR";153;"504,6";"GENERAL CARNEIRO";"Outras";"Colisão frontal";"Com Vítimas Fatais";"Plena noite";"Decrescente";"Chuva";"Simples";"Curva";"Rural";4;1;0;1;2;0;1;3
83490151;"11/08/16";"Quinta";"06:45:00";"MT";364;"463,9";"VARZEA GRANDE";"Outras";"Colisão frontal";"Com Vítimas Fatais";"Pleno dia";"Decrescente";"Ceu Claro";"Simples";"Curva";"Rural";2;1;1;0;0;0;1;2
83490152;"15/08/16";"Segunda";"07:30:00";"PR";116;"26,4";"CAMPINA GRANDE DO SUL";"Outras";"Saída de Pista";"Sem Vítimas";"Pleno dia";"Decrescente";"Chuva";"Dupla";"Curva";"Rural";1;0;0;0;1;0;0;1
83490153;"11/08/16";"Quinta";"22:00:00";"PR";116;"9,4";"COLOMBO";"Outras";"Capotamento";"Sem Vítimas";"Plena noite";"Decrescente";"Ceu Claro";"Dupla";"Reta";"Urbano";1;0;0;0;1;0;0;1
83490154;"15/08/16";"Segunda";"07:40:00";"BA";116;"861";"VITORIA DA CONQUISTA";"Falta de atenção";"Colisão Transversal";"Com Vítimas Feridas";"Pleno dia";"Decrescente";"Ceu Claro";"Simples";"Reta";"Rural";2;0;0;1;1;0;1;2
83490155;"15/08/16";"Segunda";"07:20:00";"MA";10;"250";"IMPERATRIZ";"Desobediência à sinalização";"Colisão Transversal";"Com Vítimas Feridas";"Pleno dia";"Decrescente";"Sol";"Simples";"Reta";"Urbano";2;0;1;0;1;0;1;2
83490156;"15/08/16";"Segunda";"09:30:00";"PR";116;"201,1";"RIO NEGRO";"Outras";"Saída de Pista";"Sem Vítimas";"Pleno dia";"Decrescente";"Chuva";"Simples";"Reta";"Rural";3;0;0;0;3;0;0;1
83490157;"11/08/16";"Quinta";"16:10:00";"SC";470;"22";"ILHOTA";"Falta de atenção";"Colisão frontal";"Com Vítimas Feridas";"Pleno dia";"Decrescente";"Sol";"Simples";"Reta";"Rural";4;0;1;1;2;0;2;4
83490158;"11/08/16";"Quinta";"16:45:00";"MG";381;"152,8";"GOVERNADOR VALADARES";"Outras";"Colisão lateral";"Com Vítimas Feridas";"Pleno dia";"Decrescente";"Ceu Claro";"Simples";"Reta";"Rural";3;0;1;2;0;0;3;2
83490159;"07/08/16";"Domingo";"20:45:00";"RS";158;"366,4";"SANTA MARIA";"Velocidade incompatível";"Saída de Pista";"Com Vítimas Feridas";"Plena noite";"Decrescente";"Ceu Claro";"Simples";"Reta";"Rural";1;0;1;0;0;0;1;1
83490161;"12/08/16";"Sexta";"01:00:00";"AL";101;"137";"SAO MIGUEL DOS CAMPOS";"Outras";"Capotamento";"Com Vítimas Feridas";"Plena noite";"Decrescente";"Ceu Claro";"Simples";"Curva";"Urbano";3;0;1;0;1;1;1;2
83490162;"15/08/16";"Segunda";"08:20:00";"PR";376;"1,3";"SAO JOSE DOS PINHAIS";"Falta de atenção";"Colisão lateral";"Com Vítimas Feridas";"Pleno dia";"Decrescente";"Nublado";"Dupla";"Reta";"Urbano";2;0;1;0;1;0;1;2
83490163;"15/08/16";"Segunda";"08:50:00";"RJ";101;"242";"SILVA JARDIM";"Outras";"Saída de Pista";"Sem Vítimas";"Pleno dia";"Decrescente";"Ceu Claro";"Simples";"Reta";"Rural";1;0;0;0;1;0;0;1
83490165;"12/08/16";"Sexta";"08:10:00";"MG";381;"287,5";"JAGUARACU";"Velocidade incompatível";"Tombamento";"Com Vítimas Feridas";"Pleno dia";"Decrescente";"Ceu Claro";"Simples";"Curva";"Rural";1;0;1;0;0;0;1;1
83490166;"09/08/16";"Terça";"07:30:00";"DF";40;"5";"BRASILIA";"Falta de atenção";"Colisão traseira";"Com Vítimas Feridas";"Pleno dia";"Decrescente";"Ceu Claro";"Dupla";"Reta";"Urbano";2;0;1;0;0;1;1;2
83490167;"15/08/16";"Segunda";"09:40:00";"PR";116;"102,9";"SAO JOSE DOS PINHAIS";"Não guardar distância de segurança";"Colisão traseira";"Com Vítimas Feridas";"Pleno dia";"Decrescente";"Chuva";"Dupla";"Reta";"Urbano";4;0;1;0;3;0;1;4
83490168;"15/08/16";"Segunda";"06:40:00";"PR";369;"486";"CORBELIA";"Outras";"Saída de Pista";"Com Vítimas Feridas";"Amanhecer";"Decrescente";"Chuva";"Simples";"Reta";"Rural";2;0;2;0;0;0;2;1
83490169;"11/08/16";"Quinta";"20:50:00";"RJ";465;"18";"NOVA IGUACU";"Falta de atenção";"Colisão traseira";"Sem Vítimas";"Plena noite";"Decrescente";"Ceu Claro";"Simples";"Reta";"Urbano";2;0;0;0;1;1;0;2
83490171;"15/08/16";"Segunda";"09:00:00";"RS";158;"96,5";"PALMEIRA DAS MISSOES";"Desobediência à sinalização";"Colisão Transversal";"Com Vítimas Feridas";"Pleno dia";"Decrescente";"Chuva";"Simples";"Cruzamento";"Rural";4;0;2;0;2;0;2;2
83490172;"12/08/16";"Sexta";"18:30:00";"AL";101;"28";"JOAQUIM GOMES";"Outras";"Tombamento";"Sem Vítimas";"Plena noite";"Decrescente";"Nublado";"Simples";"Curva";"Rural";1;0;0;0;1;0;0;1
83490173;"14/08/16";"Domingo";"18:00:00";"MG";365;"501";"MONTE CARMELO";"Não guardar distância de segurança";"Colisão traseira";"Com Vítimas Feridas";"Anoitecer";"Decrescente";"Ceu Claro";"Simples";"Reta";"Rural";4;0;3;0;1;0;3;2
83490174;"15/08/16";"Segunda";"09:40:00";"PA";316;"8";"ANANINDEUA";"Falta de atenção";"Colisão lateral";"Com Vítimas Feridas";"Pleno dia";"Decrescente";"Sol";"Dupla";"Reta";"Urbano";2;0;1;0;1;0;1;2
83490175;"15/08/16";"Segunda";"08:30:00";"PR";116;"12";"CAMPINA GRANDE DO SUL";"Outras";"Saída de Pista";"Sem Vítimas";"Pleno dia";"Crescente";"Chuva";"Dupla";"Curva";"Urbano";1;0;0;0;1;0;0;1
83490176;"15/08/16";"Segunda";"10:40:00";"CE";116;"52,2";"CHOROZINHO";"Falta de atenção";"Saída de Pista";"Sem Vítimas";"Pleno dia";"Decrescente";"Ceu Claro";"Dupla";"Reta";"Rural";1;0;0;0;1;0;0;1
83490177;"14/08/16";"Domingo";"05:20:00";"MG";40;"319";"TRES MARIAS";"Falta de atenção";"Capotamento";"Sem Vítimas";"Plena noite";"Decrescente";"Ceu Claro";"Simples";"Reta";"Rural";3;0;0;0;3;0;0;1
83490178;"13/08/16";"Sábado";"20:30:00";"BA";110;"4";"PAULO AFONSO";"Animais na Pista";"Atropelamento de animal";"Com Vítimas Feridas";"Plena noite";"Decrescente";"Ceu Claro";"Simples";"Reta";"Rural";1;0;0;1;0;0;1;1
83490179;"07/08/16";"Domingo";"12:40:00";"PE";232;"410";"SERRA TALHADA";"Desobediência à sinalização";"Colisão Transversal";"Com Vítimas Feridas";"Pleno dia";"Crescente";"Sol";"Simples";"Reta";"Urbano";2;0;2;0;0;0;2;2