"id";"data_inversa";"dia_semana";"horario";"uf";"br";"km";"municipio";"causa_acidente";"tipo_acidente";"classificacao_acidente";"fase_dia";"sentido_via";"condicao_metereologica";"tipo_pista";"tracado_via";"uso_solo";"pessoas";"mortos";"feridos_leves";"feridos_graves";"ilesos";"ignorados";"feridos";"veiculos"
83490295;"12/08/16";"Sexta";"01:30:00";"SP";381;"17";"BRAGANCA PAULISTA";"Dormindo";"Colisão traseira";"Sem Vítimas";"Plena noite";"Crescente";"Ceu Claro";"Dupla";"Reta";"Rural";2;0;0;0;2;0;0;2
83490296;"15/08/16";"Segunda";"15:45:00";"RJ";40;"57";"PETROPOLIS";"Velocidade incompatível";"Colisão traseira";"Com Vítimas Feridas";"Pleno dia";"Decrescente";"Ceu Claro";"Dupla";"Reta";"Urbano";3;0;1;0;2;0;1;2
83490297;"15/08/16";"Segunda";"14:00:00";"MG";116;"185";"CARAI";"Defeito na via";"Colisão traseira";"Com Vítimas Feridas";"Pleno dia";"Decrescente";"Ceu Claro";"Dupla";"Reta";"Rural";4;0;3;0;1;0;3;2
83490298;"15/08/16";"Segunda";"17:15:00";"SC";101;"211,5";"PALHOCA";"Outras";"Colisão com objeto fixo";"Com Vítimas Feridas";"Pleno dia";"Crescente";"Ceu Claro";"Múltipla";"Reta";"Urbano";1;0;1;0;0;0;1;1
83490299;"15/08/16";"Segunda";"17:10:00";"SP";116;"568,4";"BARRA DO TURVO";"Velocidade incompatível";"Colisão com objeto fixo";"Sem Vítimas";"Pleno dia";"Decrescente";"Chuva";"Dupla";"Curva";"Rural";1;0;0;0;1;0;0;1
83490300;"15/08/16";"Segunda";"11:00:00";"SP";381;"83,5";"SAO PAULO";"Dormindo";"Colisão traseira";"Com Vítimas Fatais";"Pleno dia";"Decrescente";"Ceu Claro";"Múltipla";"Reta";"Urbano";6;3;2;0;1;0;2;3
83490301;"15/08/16";"Segunda";"12:50:00";"AL";101;"54,4";"FLEXEIRAS";"Ultrapassagem indevida";"Tombamento";"Com Vítimas Feridas";"Pleno dia";"Crescente";"Sol";"Simples";"Reta";"Rural";1;0;1;0;0;0;1;1
83490302;"11/08/16";"Quinta";"22:00:00";"RJ";116;"180";"NOVA IGUACU";"Outras";"Atropelamento de pessoa";"Sem Vítimas";"Plena noite";"Decrescente";"Nublado";"Dupla";"Reta";"Urbano";2;0;0;0;2;0;0;1
83490303;"15/08/16";"Segunda";"13:00:00";"SC";470;"106,1";"APIUNA";"Velocidade incompatível";"Colisão frontal";"Sem Vítimas";"Pleno dia";"Decrescente";"Chuva";"Simples";"Curva";"Urbano";2;0;0;0;1;1;0;2
83490304;"15/08/16";"Segunda";"17:50:00";"SP";116;"555,1";"BARRA DO TURVO";"Velocidade incompatível";"Colisão com objeto fixo";"Sem Vítimas";"Anoitecer";"Crescente";"Chuva";"Simples";"Curva";"Rural";1;0;0;0;1;0;0;1
83490305;"15/08/16";"Segunda";"10:35:00";"MS";163;"35,6";"ELDORADO";"Não guardar distância de segurança";"Colisão traseira";"Com Vítimas Feridas";"Pleno dia";"Crescente";"Chuva";"Simples";"Reta";"Rural";4;0;1;0;2;1;1;2
83490307;"15/08/16";"Segunda";"19:40:00";"PE";232;"407";"SERRA TALHADA";"Animais na Pista";"Atropelamento de animal";"Sem Vítimas";"Plena noite";"Decrescente";"Ceu Claro";"Simples";"Reta";"Rural";1;0;0;0;1;0;0;1
83490308;"15/08/16";"Segunda";"16:10:00";"PR";277;"730";"FOZ DO IGUACU";"Outras";"Colisão lateral";"Com Vítimas Feridas";"Amanhecer";"Decrescente";"Nublado";"Dupla";"Reta";"Urbano";4;0;1;0;3;0;1;3
83490309;"15/08/16";"Segunda";"15:19:00";"SC";116;"235";"CORREIA PINTO";"Falta de atenção";"Saída de Pista";"Com Vítimas Feridas";"Pleno dia";"Decrescente";"Ceu Claro";"Simples";"Reta";"Rural";3;0;2;0;1;0;2;1
83490310;"15/08/16";"Segunda";"16:30:00";"SC";282;"421";"VARGEM BONITA";"Velocidade incompatível";"Tombamento";"Com Vítimas Feridas";"Pleno dia";"Decrescente";"Nublado";"Simples";"Curva";"Rural";1;0;0;1;0;0;1;1
83490311;"15/08/16";"Segunda";"14:00:00";"PR";376;"312,6";"ORTIGUEIRA";"Velocidade incompatível";"Tombamento";"Com Vítimas Feridas";"Pleno dia";"Decrescente";"Chuva";"Simples";"Curva";"Rural";2;0;2;0;0;0;2;2
83490312;"15/08/16";"Segunda";"18:45:00";"SC";101;"189";"BIGUACU";"Outras";"Atropelamento de pessoa";"Com Vítimas Fatais";"Plena noite";"Crescente";"Ceu Claro";"Dupla";"Reta";"Urbano";3;1;0;0;2;0;0;2
83490313;"15/08/16";"Segunda";"15:40:00";"PR";487;"214,4";"LUIZIANA";"Defeito na via";"Saída de Pista";"Sem Vítimas";"Pleno dia";"Decrescente";"Chuva";"Simples";"Reta";"Rural";1;0;0;0;1;0;0;1
83490314;"15/08/16";"Segunda";"13:30:00";"PI";316;"321";"PICOS";"Defeito mecânico em veículo";"Incêndio";"Sem Vítimas";"Pleno dia";"Crescente";"Ceu Claro";"Simples";"Reta";"Rural";1;0;0;0;1;0;0;1
83490315;"15/08/16";"Segunda";"13:45:00";"RJ";40;"121";"DUQUE DE CAXIAS";"Falta de atenção";"Capotamento";"Com Vítimas Feridas";"Pleno dia";"Crescente";"Sol";"Múltipla";"Reta";"Urbano";2;0;2;0;0;0;2;1
83490316;"15/08/16";"Segunda";"13:50:00";"RN";406;"151,4";"CEARA-MIRIM";"Falta de atenção";"Colisão Transversal";"Com Vítimas Feridas";"Pleno dia";"Crescente";"Sol";"Simples";"Curva";"Urbano";2;0;2;0;0;0;2;2
83490317;"15/08/16";"Segunda";"08:00:00";"ES";259;"99,1";"BAIXO GUANDU";"Desobediência à sinalização";"Colisão Transversal";"Com Vítimas Fatais";"Pleno dia";"Crescente";"Ignorada";"Simples";"Curva";"Urbano";2;1;0;0;1;0;0;2
83490318;"15/08/16";"Segunda";"13:30:00";"MG";40;"351";"FELIXLANDIA";"Outras";"Saída de Pista";"Com Vítimas Feridas";"Pleno dia";"Crescente";"Ceu Claro";"Simples";"Reta";"Rural";1;0;1;0;0;0;1;1
83490319;"15/08/16";"Segunda";"17:59:00";"SP";116;"157";"SAO JOSE DOS CAMPOS";"Ingestão de álcool";"Saída de Pista";"Sem Vítimas";"Anoitecer";"Crescente";"Nublado";"Simples";"Reta";"Urbano";2;0;0;0;2;0;0;2
83490320;"13/08/16";"Sábado";"18:55:00";"PR";467;"79,2";"CASCAVEL";"Velocidade incompatível";"Tombamento";"Sem Vítimas";"Anoitecer";"Decrescente";"Ceu Claro";"Dupla";"Reta";"Rural";1;0;0;0;1;0;0;1
83490321;"15/08/16";"Segunda";"17:00:00";"MA";135;"97,1";"ITAPECURU MIRIM";"Falta de atenção";"Colisão traseira";"Sem Vítimas";"Pleno dia";"Crescente";"Sol";"Simples";"Reta";"Rural";4;0;0;0;4;0;0;4
83490322;"15/08/16";"Segunda";"12:40:00";"SP";116;"156";"SAO JOSE DOS CAMPOS";"Defeito mecânico em veículo";"Danos Eventuais";"Sem Vítimas";"Pleno dia";"Crescente";"Sol";"Dupla";"Reta";"Urbano";4;0;0;0;3;1;0;4
83490323;"11/08/16";"Quinta";"19:30:00";"MG";262;"409";"IGARATINGA";"Defeito mecânico em veículo";"Incêndio";"Sem Vítimas";"Plena noite";"Crescente";"Ceu Claro";"Dupla";"Reta";"Rural";1;0;0;0;1;0;0;1
83490324;"15/08/16";"Segunda";"17:45:00";"PR";116;"29,4";"CAMPINA GRANDE DO SUL";"Velocidade incompatível";"Colisão com objeto fixo";"Sem Vítimas";"Anoitecer";"Decrescente";"Chuva";"Dupla";"Reta";"Rural";1;0;0;0;1;0;0;1
83490325;"15/08/16";"Segunda";"18:45:00";"RS";470;"241";"BARAO";"Velocidade incompatível";"Saída de Pista";"Sem Vítimas";"Plena noite";"Crescente";"Nublado";"Simples";"Curva";"Rural";1;0;0;0;1;0;0;1
83490326;"15/08/16";"Segunda";"16:30:00";"PR";116;"44";"CAMPINA GRANDE DO SUL";"Velocidade incompatível";"Saída de Pista";"Com Vítimas Feridas";"Pleno dia";"Crescente";"Nublado";"Dupla";"Curva";"Rural";1;0;1;0;0;0;1;1
83490327;"15/08/16";"Segunda";"11:40:00";"MT";364;"576";"NOBRES";"Outras";"Tombamento";"Sem Vítimas";"Pleno dia";"Crescente";"Ceu Claro";"Simples";"Reta";"Rural";1;0;0;0;1;0;0;1
83490328;"15/08/16";"Segunda";"12:00:00";"MT";163;"637";"NOVA MUTUM";"Falta de atenção";"Colisão traseira";"Com Vítimas Feridas";"Pleno dia";"Decrescente";"Sol";"Simples";"Reta";"Rural";8;0;2;0;6;0;2;3
83490329;"15/08/16";"Segunda";"16:50:00";"PB";230;"473,4";"SOUSA";"Falta de atenção";"Colisão traseira";"Sem Vítimas";"Pleno dia";"Crescente";"Ceu Claro";"Simples";"Reta";"Rural";2;0;0;0;1;1;0;2
83490330;"15/08/16";"Segunda";"17:50:00";"RN";304;"46";"MOSSORO";"Falta de atenção";"Colisão Transversal";"Com Vítimas Feridas";"Anoitecer";"Decrescente";"Ceu Claro";"Dupla";"Cruzamento";"Urbano";2;0;1;0;1;0;1;2
83490331;"13/08/16";"Sábado";"19:00:00";"PR";467;"79,2";"CASCAVEL";"Não guardar distância de segurança";"Colisão traseira";"Sem Vítimas";"Plena noite";"Decrescente";"Ceu Claro";"Dupla";"Reta";"Rural";3;0;0;0;3;0;0;3
83490332;"15/08/16";"Segunda";"17:00:00";"MA";222;"659";"ACAILANDIA";"Outras";"Capotamento";"Com Vítimas Feridas";"Pleno dia";"Crescente";"Ceu Claro";"Simples";"Curva";"Rural";1;0;1;0;0;0;1;1
83490333;"15/08/16";"Segunda";"19:00:00";"RJ";40;"123";"DUQUE DE CAXIAS";"Outras";"Atropelamento de pessoa";"Com Vítimas Feridas";"Plena noite";"Decrescente";"Nublado";"Simples";"Curva";"Urbano";3;0;2;0;0;1;2;1
83490334;"15/08/16";"Segunda";"17:54:00";"RO";364;"705";"PORTO VELHO";"Defeito na via";"Queda de motocicleta / bicicleta / veículo";"Com Vítimas Feridas";"Pleno dia";"Crescente";"Chuva";"Dupla";"Reta";"Rural";1;0;1;0;0;0;1;1
83490335;"10/08/16";"Quarta";"15:20:00";"PA";10;"51";"DOM ELISEU";"Não guardar distância de segurança";"Colisão lateral";"Sem Vítimas";"Pleno dia";"Crescente";"Ceu Claro";"Simples";"Reta";"Rural";2;0;0;0;2;0;0;2
83490336;"12/08/16";"Sexta";"17:10:00";"MG";381;"356";"JOAO MONLEVADE";"Falta de atenção";"Colisão Transversal";"Com Vítimas Feridas";"Pleno dia";"Crescente";"Ceu Claro";"Simples";"Reta";"Urbano";3;0;0;2;1;0;2;2
83490337;"12/08/16";"Sexta";"06:50:00";"AP";210;"0";"MACAPA";"Falta de atenção";"Colisão Transversal";"Sem Vítimas";"Amanhecer";"Crescente";"Sol";"Dupla";"Reta";"Urbano";4;0;0;0;3;1;0;2
83490338;"15/08/16";"Segunda";"19:30:00";"PR";277;"119";"CURITIBA";"Outras";"Incêndio";"Sem Vítimas";"Plena noite";"Crescente";"Chuva";"Dupla";"Reta";"Urbano";1;0;0;0;1;0;0;1
83490339;"15/08/16";"Segunda";"19:00:00";"RS";116;"267,5";"CANOAS";"Não guardar distância de segurança";"Queda de motocicleta / bicicleta / veículo";"Com Vítimas Feridas";"Plena noite";"Decrescente";"Ceu Claro";"Dupla";"Reta";"Urbano";4;0;2;0;2;0;2;3
83490340;"03/08/16";"Quarta";"18:50:00";"SC";470;"5";"NAVEGANTES";"Desobediência à sinalização";"Colisão traseira";"Com Vítimas Feridas";"Plena noite";"Crescente";"Ceu Claro";"Simples";"Reta";"Rural";2;0;1;0;1;0;1;2
83490341;"15/08/16";"Segunda";"19:00:00";"MG";381;"726,8";"CARMO DA CACHOEIRA";"Velocidade incompatível";"Capotamento";"Sem Vítimas";"Plena noite";"Decrescente";"Chuva";"Dupla";"Curva";"Rural";1;0;0;0;1;0;0;1
83490342;"07/08/16";"Domingo";"16:15:00";"ES";101;"308";"VIANA";"Falta de atenção";"Colisão Transversal";"Com Vítimas Feridas";"Pleno dia";"Crescente";"Chuva";"Simples";"Reta";"Rural";3;0;2;1;0;0;3;2
83490343;"15/08/16";"Segunda";"17:00:00";"MG";381;"876,7";"ESTIVA";"Velocidade incompatível";"Capotamento";"Com Vítimas Feridas";"Pleno dia";"Decrescente";"Chuva";"Dupla";"Curva";"Rural";5;0;2;3;0;0;5;1
83490344;"15/08/16";"Segunda";"16:30:00";"RN";110;"47,2";"MOSSORO";"Falta de atenção";"Saída de Pista";"Com Vítimas Feridas";"Pleno dia";"Decrescente";"Ceu Claro";"Simples";"Reta";"Urbano";1;0;1;0;0;0;1;1
83490345;"15/08/16";"Segunda";"19:30:00";"SC";101;"206,5";"SAO JOSE";"Não guardar distância de segurança";"Colisão traseira";"Com Vítimas Feridas";"Plena noite";"Crescente";"Ceu Claro";"Múltipla";"Reta";"Urbano";2;0;1;0;1;0;1;2
83490346;"14/08/16";"Domingo";"17:50:00";"PA";230;"719";"MEDICILANDIA";"Ingestão de álcool";"Colisão frontal";"Com Vítimas Fatais";"Pleno dia";"Decrescente";"Ceu Claro";"Simples";"Reta";"Rural";3;1;0;0;1;1;0;3
83490348;"15/08/16";"Segunda";"14:00:00";"MT";364;"348";"SANTO ANTONIO DO LEVERGER";"Defeito mecânico em veículo";"Tombamento";"Sem Vítimas";"Pleno dia";"Decrescente";"Sol";"Simples";"Curva";"Rural";1;0;0;0;1;0;0;1
83490349;"15/08/16";"Segunda";"19:06:00";"MG";50;"41";"ARAGUARI";"Velocidade incompatível";"Colisão traseira";"Com Vítimas Feridas";"Plena noite";"Crescente";"Ceu Claro";"Dupla";"Curva";"Rural";10;0;1;2;7;0;3;2
83490350;"15/08/16";"Segunda";"18:15:00";"MT";174;"556";"COMODORO";"Não guardar distância de segurança";"Colisão traseira";"Com Vítimas Feridas";"Anoitecer";"Crescente";"Ceu Claro";"Simples";"Reta";"Rural";3;0;3;0;0;0;3;2
83490351;"15/08/16";"Segunda";"09:45:00";"BA";324;"614";"SALVADOR";"Velocidade incompatível";"Colisão lateral";"Com Vítimas Feridas";"Pleno dia";"Crescente";"Sol";"Dupla";"Reta";"Urbano";2;0;1;0;1;0;1;2
83490352;"15/08/16";"Segunda";"18:00:00";"SC";101;"461,8";"PASSO DE TORRES";"Defeito mecânico em veículo";"Saída de Pista";"Com Vítimas Feridas";"Anoitecer";"Decrescente";"Chuva";"Dupla";"Reta";"Rural";1;0;1;0;0;0;1;1
83490353;"15/08/16";"Segunda";"21:40:00";"RS";101;"11";"MAQUINE";"Outras";"Saída de Pista";"Com Vítimas Feridas";"Plena noite";"Decrescente";"Ceu Claro";"Simples";"Reta";"Rural";1;0;1;0;0;0;1;1
83490354;"15/08/16";"Segunda";"15:00:00";"RR";174;"644";"PACARAIMA";"Outras";"Saída de Pista";"Com Vítimas Feridas";"Pleno dia";"Crescente";"Ceu Claro";"Simples";"Reta";"Rural";3;0;2;0;0;1;2;1
83490355;"15/08/16";"Segunda";"16:30:00";"MG";381;"595";"CARMOPOLIS DE MINAS";"Outras";"Capotamento";"Com Vítimas Feridas";"Pleno dia";"Decrescente";"Ceu Claro";"Dupla";"Curva";"Rural";2;0;2;0;0;0;2;1
83490357;"15/08/16";"Segunda";"18:00:00";"RJ";101;"239";"SILVA JARDIM";"Desobediência à sinalização";"Colisão com objeto fixo";"Com Vítimas Feridas";"Plena noite";"Decrescente";"Nublado";"Dupla";"Reta";"Rural";1;0;0;1;0;0;1;1
83490358;"15/08/16";"Segunda";"17:50:00";"RS";101;"56,7";"TERRA DE AREIA";"Falta de atenção";"Saída de Pista";"Com Vítimas Feridas";"Anoitecer";"Crescente";"Ceu Claro";"Dupla";"Curva";"Urbano";1;0;1;0;0;0;1;1
83490360;"15/08/16";"Segunda";"18:10:00";"MG";381;"925,9";"ITAPEVA";"Velocidade incompatível";"Queda de motocicleta / bicicleta / veículo";"Com Vítimas Feridas";"Anoitecer";"Decrescente";"Chuva";"Dupla";"Curva";"Urbano";1;0;1;0;0;0;1;1
83490361;"15/08/16";"Segunda";"21:30:00";"SP";381;"62";"MAIRIPORA";"Outras";"Capotamento";"Sem Vítimas";"Plena noite";"Crescente";"Chuva";"Dupla";"Curva";"Rural";1;0;0;0;1;0;0;1
83490362;"15/08/16";"Segunda";"11:15:00";"DF";60;"4,4";"BRASILIA";"Falta de atenção";"Colisão lateral";"Com Vítimas Feridas";"Pleno dia";"Decrescente";"Ceu Claro";"Dupla";"Reta";"Urbano";3;0;1;0;2;0;1;3
83490363;"15/08/16";"Segunda";"19:00:00";"MG";381;"908,3";"CAMBUI";"Velocidade incompatível";"Capotamento";"Com Vítimas Feridas";"Plena noite";"Decrescente";"Chuva";"Dupla";"Curva";"Rural";3;0;3;0;0;0;3;1
83490364;"15/08/16";"Segunda";"21:15:00";"MG";381;"378,3";"CONTAGEM";"Desobediência à sinalização";"Colisão traseira";"Com Vítimas Feridas";"Plena noite";"Decrescente";"Ceu Claro";"Dupla";"Reta";"Urbano";6;0;2;0;4;0;2;2
83490365;"15/08/16";"Segunda";"17:00:00";"MS";60;"125,3";"AGUA CLARA";"Velocidade incompatível";"Saída de Pista";"Com Vítimas Feridas";"Anoitecer";"Decrescente";"Ceu Claro";"Simples";"Reta";"Rural";1;0;1;0;0;0;1;1
83490366;"15/08/16";"Segunda";"18:55:00";"RS";386;"387,9";"TRIUNFO";"Não guardar distância de segurança";"Colisão lateral";"Sem Vítimas";"Plena noite";"Decrescente";"Ceu Claro";"Dupla";"Reta";"Urbano";2;0;0;0;2;0;0;2
83490367;"15/08/16";"Segunda";"18:30:00";"MT";163;"526";"DIAMANTINO";"Defeito mecânico em veículo";"Incêndio";"Sem Vítimas";"Anoitecer";"Crescente";"Ceu Claro";"Simples";"Reta";"Rural";1;0;0;0;1;0;0;1
83490368;"16/08/16";"Terça";"03:43:00";"PR";153;"33,2";"SANTO ANTONIO DA PLATINA";"Desobediência à sinalização";"Saída de Pista";"Sem Vítimas";"Plena noite";"Decrescente";"Chuva";"Simples";"Curva";"Rural";1;0;0;0;1;0;0;1
83490369;"13/08/16";"Sábado";"05:30:00";"CE";222;"124";"ITAPAGE";"Falta de atenção";"Saída de Pista";"Com Vítimas Feridas";"Pleno dia";"Decrescente";"Ceu Claro";"Simples";"Reta";"Urbano";1;0;1;0;0;0;1;1
83490370;"16/08/16";"Terça";"08:00:00";"PR";153;"61,4";"GUAPIRAMA";"Outras";"Saída de Pista";"Sem Vítimas";"Pleno dia";"Crescente";"Nublado";"Simples";"Curva";"Rural";3;0;0;0;3;0;0;1
83490371;"26/07/16";"Terça";"08:15:00";"RS";285;"412,8";"PANAMBI";"Velocidade incompatível";"Saída de Pista";"Com Vítimas Fatais";"Pleno dia";"Crescente";"Chuva";"Simples";"Reta";"Rural";4;1;2;1;0;0;3;1
83490372;"04/08/16";"Quinta";"07:30:00";"CE";116;"36";"HORIZONTE";"Não guardar distância de segurança";"Colisão traseira";"Com Vítimas Feridas";"Pleno dia";"Crescente";"Ceu Claro";"Dupla";"Reta";"Urbano";3;0;0;1;2;0;1;3
83490373;"15/08/16";"Segunda";"23:30:00";"MS";60;"27,2";"CHAPADAO DO SUL";"Falta de atenção";"Saída de Pista";"Sem Vítimas";"Plena noite";"Crescente";"Nublado";"Simples";"Curva";"Rural";3;0;0;0;3;0;0;1
83490374;"13/08/16";"Sábado";"06:00:00";"RJ";101;"475";"ANGRA DOS REIS";"Velocidade incompatível";"Colisão com objeto fixo";"Com Vítimas Feridas";"Amanhecer";"Decrescente";"Nublado";"Simples";"Curva";"Rural";2;0;1;0;1;0;1;2
83490375;"12/08/16";"Sexta";"02:20:00";"GO";50;"209,8";"CAMPO ALEGRE DE GOIAS";"Desobediência à sinalização";"Saída de Pista";"Com Vítimas Fatais";"Plena noite";"Decrescente";"Ceu Claro";"Simples";"Cruzamento";"Urbano";3;1;0;2;0;0;2;1
83490376;"16/08/16";"Terça";"08:15:00";"SP";116;"446,1";"REGISTRO";"Outras";"Queda de motocicleta / bicicleta / veículo";"Com Vítimas Feridas";"Pleno dia";"Decrescente";"Nublado";"Dupla";"Reta";"Urbano";1;0;1;0;0;0;1;1
83490377;"10/08/16";"Quarta";"16:30:00";"RJ";356;"27,5";"ITAPERUNA";"Falta de atenção";"Colisão lateral";"Com Vítimas Feridas";"Pleno dia";"Decrescente";"Ceu Claro";"Simples";"Reta";"Rural";2;0;1;0;1;0;1;2
83490378;"13/08/16";"Sábado";"01:50:00";"SC";282;"581,7";"PINHALZINHO";"Ingestão de álcool";"Saída de Pista";"Com Vítimas Feridas";"Plena noite";"Crescente";"Ceu Claro";"Simples";"Cruzamento";"Urbano";2;0;2;0;0;0;2;1
83490379;"15/08/16";"Segunda";"11:00:00";"MT";163;"1115";"GUARANTA DO NORTE";"Defeito mecânico em veículo";"Tombamento";"Com Vítimas Feridas";"Pleno dia";"Decrescente";"Ceu Claro";"Simples";"Curva";"Rural";3;0;1;2;0;0;3;1
83490380;"16/08/16";"Terça";"09:20:00";"RS";287;"247,8";"SANTA MARIA";"Falta de atenção";"Colisão Transversal";"Com Vítimas Feridas";"Pleno dia";"Decrescente";"Sol";"Simples";"Reta";"Urbano";2;0;0;1;0;1;1;2
83490381;"16/08/16";"Terça";"08:20:00";"PA";10;"212";"IPIXUNA DO PARA";"Outras";"Atropelamento de pessoa";"Com Vítimas Fatais";"Pleno dia";"Crescente";"Nublado";"Simples";"Reta";"Urbano";2;1;0;0;1;0;0;1
83490383;"15/08/16";"Segunda";"20:15:00";"RS";290;"659";"URUGUAIANA";"Defeito mecânico em veículo";"Saída de Pista";"Sem Vítimas";"Plena noite";"Decrescente";"Ceu Claro";"Simples";"Reta";"Rural";1;0;0;0;1;0;0;1
83490384;"13/08/16";"Sábado";"03:00:00";"PI";343;"12";"PARNAIBA";"Ingestão de álcool";"Colisão com objeto fixo";"Sem Vítimas";"Plena noite";"Decrescente";"Ignorada";"Dupla";"Reta";"Urbano";1;0;0;0;1;0;0;1
83490385;"15/08/16";"Segunda";"07:30:00";"SP";116;"112";"TAUBATE";"Não guardar distância de segurança";"Colisão traseira";"Com Vítimas Feridas";"Pleno dia";"Crescente";"Sol";"Dupla";"Reta";"Urbano";2;0;1;0;1;0;1;2
83490386;"13/08/16";"Sábado";"06:15:00";"RJ";116;"313,6";"ITATIAIA";"Outras";"Colisão traseira";"Com Vítimas Feridas";"Pleno dia";"Decrescente";"Ceu Claro";"Dupla";"Reta";"Urbano";3;0;2;0;1;0;2;2
83490387;"12/08/16";"Sexta";"18:30:00";"PR";369;"158";"CAMBE";"Não guardar distância de segurança";"Colisão traseira";"Com Vítimas Feridas";"Anoitecer";"Crescente";"Ceu Claro";"Dupla";"Reta";"Urbano";2;0;1;0;1;0;1;2
83490388;"16/08/16";"Terça";"07:35:00";"RS";386;"417,4";"MONTENEGRO";"Não guardar distância de segurança";"Colisão traseira";"Com Vítimas Feridas";"Pleno dia";"Crescente";"Nublado";"Dupla";"Curva";"Urbano";5;0;3;0;2;0;3;2
83490389;"10/08/16";"Quarta";"15:55:00";"MA";135;"173,6";"SAO MATEUS DO MARANHAO";"Defeito mecânico em veículo";"Incêndio";"Sem Vítimas";"Pleno dia";"Decrescente";"Ceu Claro";"Simples";"Reta";"Rural";1;0;0;0;1;0;0;1
83490390;"16/08/16";"Terça";"08:20:00";"MG";381;"439";"SABARA";"Velocidade incompatível";"Colisão lateral";"Com Vítimas Feridas";"Pleno dia";"Decrescente";"Nublado";"Simples";"Curva";"Rural";4;0;2;0;2;0;2;2
83490391;"16/08/16";"Terça";"05:45:00";"RO";364;"470";"ARIQUEMES";"Dormindo";"Saída de Pista";"Sem Vítimas";"Amanhecer";"Decrescente";"Ceu Claro";"Simples";"Reta";"Rural";1;0;0;0;1;0;0;1
83490392;"16/08/16";"Terça";"08:10:00";"MG";381;"440";"SABARA";"Velocidade incompatível";"Colisão Transversal";"Com Vítimas Feridas";"Pleno dia";"Decrescente";"Nublado";"Simples";"Curva";"Rural";2;0;0;1;1;0;1;2
83490393;"14/08/16";"Domingo";"14:55:00";"BA";324;"612";"SALVADOR";"Velocidade incompatível";"Queda de motocicleta / bicicleta / veículo";"Com Vítimas Feridas";"Pleno dia";"Crescente";"Ceu Claro";"Dupla";"Reta";"Rural";1;0;0;1;0;0;1;1
83490394;"11/08/16";"Quinta";"18:30:00";"GO";20;"210";"POSSE";"Outras";"Tombamento";"Com Vítimas Feridas";"Anoitecer";"Decrescente";"Ceu Claro";"Simples";"Reta";"Rural";1;0;1;0;0;0;1;1
83490395;"16/08/16";"Terça";"08:00:00";"ES";101;"2";"VITORIA";"Não guardar distância de segurança";"Colisão traseira";"Com Vítimas Feridas";"Pleno dia";"Crescente";"Ceu Claro";"Dupla";"Reta";"Urbano";2;0;0;1;1;0;1;2
83490396;"15/08/16";"Segunda";"11:40:00";"MG";262;"547";"LUZ";"Velocidade incompatível";"Colisão frontal";"Com Vítimas Feridas";"Plena noite";"Crescente";"Chuva";"Simples";"Curva";"Rural";4;0;3;0;1;0;3;2
83490397;"13/08/16";"Sábado";"00:10:00";"PR";487;"126";"TUNEIRAS DO OESTE";"Outras";"Colisão Transversal";"Com Vítimas Feridas";"Plena noite";"Decrescente";"Ceu Claro";"Simples";"Reta";"Rural";2;0;0;1;1;0;1;2
83490398;"12/08/16";"Sexta";"20:00:00";"PR";158;"207,4";"CAMPO MOURAO";"Velocidade incompatível";"Tombamento";"Sem Vítimas";"Plena noite";"Crescente";"Ceu Claro";"Simples";"Curva";"Rural";1;0;0;0;1;0;0;1
83490399;"16/08/16";"Terça";"09:30:00";"MS";163;"329";"RIO BRILHANTE";"Falta de atenção";"Colisão Transversal";"Sem Vítimas";"Pleno dia";"Crescente";"Ceu Claro";"Simples";"Reta";"Rural";2;0;0;0;2;0;0;2
83490400;"14/08/16";"Domingo";"00:40:00";"PR";373;"265,7";"PRUDENTOPOLIS";"Ingestão de álcool";"Colisão traseira";"Sem Vítimas";"Plena noite";"Crescente";"Ceu Claro";"Simples";"Reta";"Urbano";2;0;0;0;2;0;0;2
83490402;"12/08/16";"Sexta";"20:30:00";"SC";470;"6";"NAVEGANTES";"Outras";"Saída de Pista";"Com Vítimas Feridas";"Plena noite";"Crescente";"Nublado";"Simples";"Reta";"Urbano";2;0;2;0;0;0;2;1
83490403;"16/08/16";"Terça";"07:00:00";"MG";381;"447";"SABARA";"Velocidade incompatível";"Queda de motocicleta / bicicleta / veículo";"Com Vítimas Feridas";"Pleno dia";"Crescente";"Nublado";"Simples";"Curva";"Rural";2;0;1;1;0;0;2;1
83490404;"13/08/16";"Sábado";"00:20:00";"PE";101;"66,5";"RECIFE";"Outras";"Colisão traseira";"Sem Vítimas";"Plena noite";"Decrescente";"Ceu Claro";"Múltipla";"Reta";"Urbano";2;0;0;0;1;1;0;2
83490406;"15/08/16";"Segunda";"22:40:00";"PR";376;"1,1";"SAO JOSE DOS PINHAIS";"Outras";"Colisão traseira";"Com Vítimas Feridas";"Plena noite";"Crescente";"Nublado";"Dupla";"Reta";"Urbano";2;0;1;0;1;0;1;2
83490407;"12/08/16";"Sexta";"23:40:00";"RS";116;"261";"CANOAS";"Ingestão de álcool";"Colisão com objeto fixo";"Com Vítimas Feridas";"Plena noite";"Decrescente";"Ceu Claro";"Múltipla";"Reta";"Urbano";1;0;1;0;0;0;1;1