"id";"data_inversa";"dia_semana";"horario";"uf";"br";"km";"municipio";"causa_acidente";"tipo_acidente";"classificacao_acidente";"fase_dia";"sentido_via";"condicao_metereologica";"tipo_pista";"tracado_via";"uso_solo";"pessoas";"mortos";"feridos_leves";"feridos_graves";"ilesos";"ignorados";"feridos";"veiculos"
83490408;"16/08/16";"Terça";"11:40:00";"SE";101;"116";"ITAPORANGA DAJUDA";"Falta de atenção";"Saída de Pista";"Sem Vítimas";"Pleno dia";"Decrescente";"Ceu Claro";"Dupla";"Curva";"Rural";1;0;0;0;1;0;0;1
83490409;"14/08/16";"Domingo";"19:50:00";"MG";262;"38";"MANHUACU";"Falta de atenção";"Colisão Transversal";"Com Vítimas Feridas";"Plena noite";"Decrescente";"Ceu Claro";"Simples";"Reta";"Rural";3;0;0;1;2;0;1;2
83490410;"12/08/16";"Sexta";"17:58:00";"SC";470;"5,2";"NAVEGANTES";"Desobediência à sinalização";"Colisão frontal";"Com Vítimas Feridas";"Anoitecer";"Decrescente";"Nublado";"Simples";"Reta";"Urbano";2;0;1;0;1;0;1;2
83490411;"16/08/16";"Terça";"09:10:00";"PR";369;"418";"JURANDA";"Falta de atenção";"Colisão lateral";"Com Vítimas Feridas";"Pleno dia";"Crescente";"Sol";"Simples";"Reta";"Rural";2;0;0;1;1;0;1;2
83490412;"16/08/16";"Terça";"10:00:00";"BA";324;"612,8";"SIMOES FILHO";"Velocidade incompatível";"Colisão traseira";"Sem Vítimas";"Pleno dia";"Crescente";"Sol";"Dupla";"Reta";"Rural";5;0;0;0;5;0;0;5
83490413;"12/08/16";"Sexta";"22:20:00";"CE";222;"2";"FORTALEZA";"Outras";"Colisão lateral";"Com Vítimas Feridas";"Plena noite";"Crescente";"Ceu Claro";"Múltipla";"Reta";"Urbano";5;0;3;1;1;0;4;3
83490414;"16/08/16";"Terça";"08:40:00";"MG";40;"462";"SETE LAGOAS";"Outras";"Saída de Pista";"Sem Vítimas";"Pleno dia";"Crescente";"Chuva";"Dupla";"Curva";"Rural";1;0;0;0;1;0;0;1
83490415;"16/08/16";"Terça";"11:00:00";"MG";381;"295";"ANTONIO DIAS";"Velocidade incompatível";"Capotamento";"Sem Vítimas";"Pleno dia";"Decrescente";"Chuva";"Simples";"Curva";"Rural";1;0;0;0;1;0;0;1
83490416;"16/08/16";"Terça";"11:50:00";"PE";428;"186";"PETROLINA";"Desobediência à sinalização";"Colisão Transversal";"Com Vítimas Feridas";"Pleno dia";"Crescente";"Sol";"Simples";"Reta";"Urbano";2;0;1;0;1;0;1;2
83490417;"16/06/16";"Quinta";"15:00:00";"PR";376;"210";"MANDAGUARI";"Outras";"Colisão lateral";"Sem Vítimas";"Pleno dia";"Decrescente";"Ignorada";"Dupla";"Reta";"Rural";2;0;0;0;1;1;0;2
83490418;"13/08/16";"Sábado";"02:50:00";"PR";116;"38,5";"CAMPINA GRANDE DO SUL";"Velocidade incompatível";"Capotamento";"Sem Vítimas";"Plena noite";"Decrescente";"Ignorada";"Simples";"Curva";"Rural";1;0;0;0;1;0;0;1
83490419;"13/08/16";"Sábado";"06:30:00";"MG";262;"586,7";"CAMPOS ALTOS";"Dormindo";"Capotamento";"Com Vítimas Feridas";"Amanhecer";"Crescente";"Ceu Claro";"Simples";"Reta";"Rural";1;0;1;0;0;0;1;1
83490420;"15/08/16";"Segunda";"23:40:00";"PR";277;"725,4";"FOZ DO IGUACU";"Desobediência à sinalização";"Colisão Transversal";"Com Vítimas Feridas";"Plena noite";"Decrescente";"Nublado";"Dupla";"Cruzamento";"Urbano";3;0;2;0;1;0;2;2
83490421;"12/08/16";"Sexta";"23:30:00";"RJ";101;"477";"ANGRA DOS REIS";"Velocidade incompatível";"Capotamento";"Ignorado";"Plena noite";"Crescente";"Nublado";"Simples";"Curva";"Rural";1;0;0;0;0;1;0;1
83490422;"13/08/16";"Sábado";"02:20:00";"SC";101;"134,7";"BALNEARIO CAMBORIU";"Outras";"Saída de Pista";"Sem Vítimas";"Plena noite";"Crescente";"Ceu Claro";"Dupla";"Reta";"Urbano";1;0;0;0;1;0;0;1
83490423;"13/08/16";"Sábado";"00:09:00";"PB";101;"31,2";"MAMANGUAPE";"Dormindo";"Saída de Pista";"Com Vítimas Fatais";"Plena noite";"Crescente";"Ceu Claro";"Dupla";"Reta";"Rural";4;1;2;1;0;0;3;1
83490424;"16/08/16";"Terça";"07:40:00";"GO";60;"390";"RIO VERDE";"Falta de atenção";"Tombamento";"Sem Vítimas";"Amanhecer";"Decrescente";"Ceu Claro";"Dupla";"Reta";"Urbano";1;0;0;0;1;0;0;1
83490425;"16/08/16";"Terça";"09:45:00";"SC";470;"9";"NAVEGANTES";"Não guardar distância de segurança";"Colisão traseira";"Com Vítimas Feridas";"Pleno dia";"Decrescente";"Ceu Claro";"Simples";"Reta";"Rural";2;0;1;0;1;0;1;2
83490426;"16/08/16";"Terça";"09:50:00";"MG";40;"452";"SETE LAGOAS";"Falta de atenção";"Saída de Pista";"Com Vítimas Feridas";"Pleno dia";"Decrescente";"Chuva";"Dupla";"Reta";"Rural";2;0;0;1;1;0;1;1
83490427;"16/08/16";"Terça";"08:00:00";"BA";324;"0,1";"FEIRA DE SANTANA";"Ultrapassagem indevida";"Colisão lateral";"Com Vítimas Feridas";"Pleno dia";"Crescente";"Sol";"Simples";"Curva";"Urbano";3;0;2;0;1;0;2;2
83490428;"16/08/16";"Terça";"07:00:00";"MG";262;"609";"CAMPOS ALTOS";"Velocidade incompatível";"Saída de Pista";"Com Vítimas Feridas";"Amanhecer";"Decrescente";"Chuva";"Simples";"Curva";"Rural";5;0;5;0;0;0;5;1
83490430;"16/08/16";"Terça";"12:25:00";"RS";386;"418,2";"MONTENEGRO";"Falta de atenção";"Saída de Pista";"Sem Vítimas";"Pleno dia";"Decrescente";"Ceu Claro";"Dupla";"Reta";"Rural";1;0;0;0;1;0;0;1
83490432;"14/08/16";"Domingo";"20:45:00";"SP";116;"221";"GUARULHOS";"Não guardar distância de segurança";"Colisão traseira";"Sem Vítimas";"Plena noite";"Crescente";"Ceu Claro";"Múltipla";"Reta";"Urbano";3;0;0;0;3;0;0;3
83490433;"16/08/16";"Terça";"07:50:00";"MG";40;"462,3";"SETE LAGOAS";"Outras";"Saída de Pista";"Com Vítimas Feridas";"Pleno dia";"Crescente";"Chuva";"Dupla";"Curva";"Rural";2;0;2;0;0;0;2;1
83490434;"16/08/16";"Terça";"11:10:00";"PI";316;"5";"TERESINA";"Falta de atenção";"Colisão com objeto fixo";"Com Vítimas Feridas";"Pleno dia";"Decrescente";"Sol";"Múltipla";"Reta";"Urbano";1;0;0;1;0;0;1;1
83490435;"16/08/16";"Terça";"09:20:00";"RS";386;"235";"SOLEDADE";"Defeito mecânico em veículo";"Saída de Pista";"Com Vítimas Feridas";"Pleno dia";"Decrescente";"Sol";"Simples";"Reta";"Rural";2;0;0;2;0;0;2;1
83490436;"16/08/16";"Terça";"03:50:00";"MG";262;"89";"ABRE CAMPO";"Velocidade incompatível";"Capotamento";"Sem Vítimas";"Plena noite";"Crescente";"Chuva";"Simples";"Curva";"Rural";1;0;0;0;1;0;0;1
83490437;"14/08/16";"Domingo";"23:20:00";"PR";369;"391";"MAMBORE";"Outras";"Queda de motocicleta / bicicleta / veículo";"Com Vítimas Feridas";"Plena noite";"Decrescente";"Ceu Claro";"Simples";"Reta";"Rural";1;0;1;0;0;0;1;1
83490438;"08/08/16";"Segunda";"17:45:00";"PI";343;"4,3";"TERESINA";"Outras";"Colisão lateral";"Com Vítimas Feridas";"Pleno dia";"Crescente";"Ceu Claro";"Múltipla";"Cruzamento";"Urbano";2;0;1;0;1;0;1;2
83490440;"08/08/16";"Segunda";"04:30:00";"BA";324;"618";"SALVADOR";"Velocidade incompatível";"Capotamento";"Com Vítimas Feridas";"Amanhecer";"Crescente";"Ceu Claro";"Simples";"Reta";"Urbano";1;0;1;0;0;0;1;1
83490441;"12/08/16";"Sexta";"18:11:00";"BA";324;"558";"AMELIA RODRIGUES";"Outras";"Capotamento";"Com Vítimas Feridas";"Anoitecer";"Decrescente";"Ceu Claro";"Dupla";"Reta";"Rural";5;0;2;0;3;0;2;1
83490442;"12/08/16";"Sexta";"15:50:00";"SP";116;"139";"SAO JOSE DOS CAMPOS";"Não guardar distância de segurança";"Colisão traseira";"Com Vítimas Feridas";"Pleno dia";"Crescente";"Ceu Claro";"Dupla";"Reta";"Urbano";4;0;2;0;2;0;2;2
83490443;"16/08/16";"Terça";"12:35:00";"MG";381;"503,5";"BETIM";"Defeito mecânico em veículo";"Queda de motocicleta / bicicleta / veículo";"Com Vítimas Feridas";"Pleno dia";"Decrescente";"Nublado";"Dupla";"Reta";"Urbano";1;0;1;0;0;0;1;1
83490444;"16/08/16";"Terça";"11:30:00";"MG";381;"479";"CONTAGEM";"Outras";"Capotamento";"Com Vítimas Feridas";"Pleno dia";"Crescente";"Nublado";"Múltipla";"Reta";"Urbano";1;0;1;0;0;0;1;1
83490445;"16/08/16";"Terça";"10:40:00";"MA";402;"1,5";"BACABEIRA";"Falta de atenção";"Colisão Transversal";"Com Vítimas Feridas";"Pleno dia";"Decrescente";"Ceu Claro";"Simples";"Reta";"Rural";5;0;2;2;1;0;4;2
83490446;"16/08/16";"Terça";"08:30:00";"PE";232;"14";"JABOATAO DOS GUARARAPES";"Falta de atenção";"Colisão traseira";"Com Vítimas Fatais";"Pleno dia";"Decrescente";"Ceu Claro";"Dupla";"Reta";"Urbano";5;1;0;1;3;0;1;2
83490447;"16/08/16";"Terça";"08:30:00";"BA";116;"831";"VITORIA DA CONQUISTA";"Falta de atenção";"Queda de motocicleta / bicicleta / veículo";"Com Vítimas Feridas";"Pleno dia";"Decrescente";"Ceu Claro";"Simples";"Reta";"Rural";2;0;1;0;1;0;1;2
83490448;"16/08/16";"Terça";"10:15:00";"ES";101;"293";"CARIACICA";"Velocidade incompatível";"Colisão com objeto fixo";"Sem Vítimas";"Pleno dia";"Crescente";"Nublado";"Dupla";"Cruzamento";"Urbano";1;0;0;0;1;0;0;1
83490449;"16/08/16";"Terça";"09:20:00";"RS";287;"435";"UNISTALDA";"Velocidade incompatível";"Saída de Pista";"Com Vítimas Feridas";"Pleno dia";"Crescente";"Ceu Claro";"Simples";"Reta";"Rural";1;0;1;0;0;0;1;1
83490450;"13/08/16";"Sábado";"10:00:00";"PE";407;"85,2";"PETROLINA";"Ingestão de álcool";"Capotamento";"Com Vítimas Feridas";"Plena noite";"Decrescente";"Ceu Claro";"Simples";"Reta";"Rural";1;0;0;1;0;0;1;1
83490451;"14/08/16";"Domingo";"01:15:00";"RS";290;"105,5";"ELDORADO DO SUL";"Ingestão de álcool";"Colisão traseira";"Com Vítimas Fatais";"Plena noite";"Crescente";"Ceu Claro";"Dupla";"Reta";"Rural";3;1;0;0;2;0;0;2
83490452;"16/08/16";"Terça";"13:05:00";"PR";277;"67";"SAO JOSE DOS PINHAIS";"Outras";"Colisão frontal";"Com Vítimas Feridas";"Pleno dia";"Crescente";"Sol";"Simples";"Reta";"Urbano";3;0;0;1;2;0;1;3
83490453;"12/08/16";"Sexta";"19:20:00";"RJ";40;"109";"DUQUE DE CAXIAS";"Falta de atenção";"Queda de motocicleta / bicicleta / veículo";"Com Vítimas Feridas";"Plena noite";"Decrescente";"Ignorada";"Múltipla";"Reta";"Urbano";1;0;1;0;0;0;1;1
83490454;"16/08/16";"Terça";"11:45:00";"SP";116;"226,5";"GUARULHOS";"Falta de atenção";"Colisão traseira";"Com Vítimas Feridas";"Pleno dia";"Decrescente";"Nublado";"Múltipla";"Reta";"Urbano";3;0;1;0;2;0;1;3
83490455;"16/08/16";"Terça";"10:25:00";"SC";470;"248";"CURITIBANOS";"Falta de atenção";"Colisão frontal";"Com Vítimas Feridas";"Pleno dia";"Crescente";"Ceu Claro";"Simples";"Reta";"Urbano";2;0;1;0;1;0;1;2
83490456;"16/08/16";"Terça";"12:00:00";"ES";101;"285,3";"CARIACICA";"Falta de atenção";"Colisão traseira";"Com Vítimas Feridas";"Pleno dia";"Crescente";"Ceu Claro";"Dupla";"Reta";"Urbano";2;0;1;0;0;1;1;2
83490457;"14/08/16";"Domingo";"17:20:00";"SC";470;"326,6";"CAMPOS NOVOS";"Outras";"Saída de Pista";"Com Vítimas Fatais";"Pleno dia";"Decrescente";"Nublado";"Simples";"Reta";"Rural";5;1;2;1;0;1;3;1
83490458;"12/08/16";"Sexta";"18:25:00";"PR";277;"234,1";"FERNANDES PINHEIRO";"Outras";"Capotamento";"Com Vítimas Feridas";"Anoitecer";"Crescente";"Ceu Claro";"Simples";"Reta";"Rural";2;0;2;0;0;0;2;1
83490459;"12/08/16";"Sexta";"05:15:00";"RS";472;"499,2";"ITAQUI";"Animais na Pista";"Atropelamento de animal";"Sem Vítimas";"Plena noite";"Decrescente";"Ignorada";"Simples";"Reta";"Rural";1;0;0;0;1;0;0;1
83490460;"16/08/16";"Terça";"06:15:00";"MG";40;"493,5";"ESMERALDAS";"Velocidade incompatível";"Colisão com objeto fixo";"Sem Vítimas";"Pleno dia";"Decrescente";"Chuva";"Dupla";"Curva";"Rural";1;0;0;0;1;0;0;1
83490461;"16/08/16";"Terça";"07:15:00";"MT";364;"281,2";"JACIARA";"Ultrapassagem indevida";"Colisão frontal";"Com Vítimas Feridas";"Pleno dia";"Crescente";"Sol";"Simples";"Curva";"Rural";3;0;1;1;1;0;2;3
83490462;"16/08/16";"Terça";"13:00:00";"PR";487;"190";"CAMPO MOURAO";"Falta de atenção";"Colisão traseira";"Sem Vítimas";"Pleno dia";"Decrescente";"Ceu Claro";"Simples";"Curva";"Urbano";2;0;0;0;2;0;0;2
83490463;"16/08/16";"Terça";"08:00:00";"SC";101;"283,8";"IMBITUBA";"Falta de atenção";"Capotamento";"Com Vítimas Feridas";"Pleno dia";"Crescente";"Ceu Claro";"Dupla";"Reta";"Urbano";3;0;0;3;0;0;3;1
83490464;"16/08/16";"Terça";"06:30:00";"SP";116;"0";"QUELUZ";"Falta de atenção";"Colisão lateral";"Com Vítimas Feridas";"Pleno dia";"Crescente";"Ceu Claro";"Dupla";"Reta";"Rural";2;0;1;0;1;0;1;2
83490465;"12/08/16";"Sexta";"15:30:00";"SC";101;"215,9";"PALHOCA";"Defeito mecânico em veículo";"Queda de motocicleta / bicicleta / veículo";"Com Vítimas Feridas";"Pleno dia";"Decrescente";"Ceu Claro";"Dupla";"Reta";"Urbano";1;0;1;0;0;0;1;1
83490466;"16/08/16";"Terça";"11:20:00";"SP";116;"325,5";"JUQUITIBA";"Outras";"Saída de Pista";"Com Vítimas Feridas";"Pleno dia";"Decrescente";"Nublado";"Dupla";"Reta";"Rural";1;0;1;0;0;0;1;1
83490467;"16/08/16";"Terça";"09:40:00";"SC";101;"357,3";"SANGAO";"Não guardar distância de segurança";"Saída de Pista";"Sem Vítimas";"Pleno dia";"Crescente";"Ceu Claro";"Dupla";"Reta";"Urbano";1;0;0;0;1;0;0;1
83490468;"16/08/16";"Terça";"13:45:00";"MG";381;"907,5";"CAMBUI";"Velocidade incompatível";"Colisão com objeto fixo";"Sem Vítimas";"Pleno dia";"Crescente";"Nublado";"Dupla";"Curva";"Rural";1;0;0;0;1;0;0;1
83490469;"16/08/16";"Terça";"09:45:00";"RJ";101;"181,8";"RIO DAS OSTRAS";"Outras";"Saída de Pista";"Com Vítimas Feridas";"Pleno dia";"Crescente";"Ceu Claro";"Simples";"Reta";"Rural";2;0;0;2;0;0;2;1
83490470;"16/08/16";"Terça";"12:00:00";"BA";242;"773";"BARREIRAS";"Falta de atenção";"Capotamento";"Com Vítimas Feridas";"Pleno dia";"Decrescente";"Ceu Claro";"Simples";"Reta";"Rural";2;0;1;0;1;0;1;1
83490471;"16/08/16";"Terça";"13:40:00";"RS";285;"363,8";"COLORADO";"Não guardar distância de segurança";"Colisão traseira";"Sem Vítimas";"Pleno dia";"Crescente";"Ceu Claro";"Simples";"Reta";"Rural";2;0;0;0;2;0;0;2
83490472;"15/08/16";"Segunda";"20:15:00";"RJ";116;"266";"BARRA MANSA";"Outras";"Colisão com objeto fixo";"Sem Vítimas";"Plena noite";"Crescente";"Chuva";"Dupla";"Reta";"Rural";1;0;0;0;1;0;0;1
83490473;"12/08/16";"Sexta";"23:40:00";"PR";373;"478";"CORONEL VIVIDA";"Ingestão de álcool";"Colisão frontal";"Com Vítimas Fatais";"Plena noite";"Crescente";"Ceu Claro";"Simples";"Reta";"Urbano";3;1;0;1;1;0;1;2
83490474;"16/08/16";"Terça";"12:00:00";"SC";116;"70,8";"MONTE CASTELO";"Falta de atenção";"Colisão Transversal";"Com Vítimas Feridas";"Pleno dia";"Crescente";"Sol";"Simples";"Reta";"Rural";3;0;1;0;2;0;1;2
83490475;"04/08/16";"Quinta";"21:30:00";"CE";116;"8";"FORTALEZA";"Não guardar distância de segurança";"Colisão lateral";"Com Vítimas Feridas";"Plena noite";"Crescente";"Ceu Claro";"Múltipla";"Reta";"Urbano";3;0;2;1;0;0;3;2
83490476;"15/08/16";"Segunda";"22:00:00";"MG";365;"624,2";"UBERLANDIA";"Velocidade incompatível";"Colisão com objeto fixo";"Sem Vítimas";"Plena noite";"Crescente";"Chuva";"Múltipla";"Reta";"Urbano";1;0;0;0;1;0;0;1
83490477;"13/08/16";"Sábado";"13:00:00";"MG";262;"632";"IBIA";"Velocidade incompatível";"Saída de Pista";"Com Vítimas Feridas";"Pleno dia";"Crescente";"Sol";"Simples";"Reta";"Rural";4;0;1;0;3;0;1;1
83490478;"23/07/16";"Sábado";"11:20:00";"RN";101;"102";"PARNAMIRIM";"Outras";"Colisão traseira";"Sem Vítimas";"Pleno dia";"Crescente";"Sol";"Dupla";"Reta";"Urbano";2;0;0;0;2;0;0;2
83490479;"13/08/16";"Sábado";"01:30:00";"MG";40;"133,5";"JUIZ DE FORA";"Ingestão de álcool";"Saída de Pista";"Com Vítimas Feridas";"Plena noite";"Crescente";"Nevoeiro/neblina";"Simples";"Curva";"Rural";3;0;3;0;0;0;3;1
83490480;"12/08/16";"Sexta";"19:30:00";"SP";116;"219";"GUARULHOS";"Falta de atenção";"Colisão lateral";"Com Vítimas Feridas";"Plena noite";"Crescente";"Ceu Claro";"Múltipla";"Reta";"Urbano";5;0;3;0;2;0;3;4
83490481;"16/08/16";"Terça";"09:00:00";"MG";381;"431";"SABARA";"Outras";"Colisão Transversal";"Com Vítimas Feridas";"Pleno dia";"Crescente";"Chuva";"Simples";"Curva";"Rural";2;0;0;1;1;0;1;2
83490482;"15/08/16";"Segunda";"16:40:00";"TO";153;"231,8";"COLINAS DO TOCANTINS";"Velocidade incompatível";"Colisão traseira";"Com Vítimas Feridas";"Pleno dia";"Decrescente";"Sol";"Simples";"Reta";"Rural";5;0;3;2;0;0;5;2
83490483;"16/08/16";"Terça";"15:00:00";"PB";230;"11,3";"CABEDELO";"Falta de atenção";"Colisão traseira";"Sem Vítimas";"Pleno dia";"Decrescente";"Sol";"Dupla";"Reta";"Urbano";2;0;0;0;1;1;0;2
83490484;"16/08/16";"Terça";"07:40:00";"PE";232;"8";"RECIFE";"Falta de atenção";"Colisão traseira";"Com Vítimas Feridas";"Pleno dia";"Decrescente";"Ceu Claro";"Dupla";"Reta";"Urbano";2;0;1;0;1;0;1;2
83490485;"16/08/16";"Terça";"12:20:00";"PB";361;"0,8";"PATOS";"Desobediência à sinalização";"Colisão Transversal";"Com Vítimas Feridas";"Pleno dia";"Decrescente";"Sol";"Simples";"Reta";"Urbano";2;0;1;0;0;1;1;2
83490486;"13/08/16";"Sábado";"04:30:00";"DF";40;"5";"BRASILIA";"Velocidade incompatível";"Capotamento";"Com Vítimas Feridas";"Plena noite";"Crescente";"Ceu Claro";"Dupla";"Reta";"Urbano";1;0;1;0;0;0;1;1
83490487;"16/08/16";"Terça";"09:00:00";"BA";101;"911";"NOVA VICOSA";"Outras";"Saída de Pista";"Ignorado";"Pleno dia";"Decrescente";"Ignorada";"Dupla";"Reta";"Rural";1;0;0;0;0;1;0;1
83490488;"16/08/16";"Terça";"13:00:00";"BA";367;"83";"EUNAPOLIS";"Falta de atenção";"Colisão frontal";"Com Vítimas Feridas";"Pleno dia";"Decrescente";"Ceu Claro";"Simples";"Reta";"Urbano";2;0;0;1;1;0;1;2
83490489;"15/07/16";"Sexta";"13:25:00";"MG";50;"23";"CENTRALINA";"Dormindo";"Capotamento";"Com Vítimas Feridas";"Pleno dia";"Decrescente";"Ceu Claro";"Dupla";"Curva";"Rural";4;0;4;0;0;0;4;1
83490490;"15/08/16";"Segunda";"16:50:00";"CE";222;"29";"CAUCAIA";"Não guardar distância de segurança";"Colisão traseira";"Sem Vítimas";"Pleno dia";"Decrescente";"Ceu Claro";"Simples";"Reta";"Rural";2;0;0;0;2;0;0;2
83490491;"12/08/16";"Sexta";"14:30:00";"CE";116;"16";"EUSEBIO";"Não guardar distância de segurança";"Colisão lateral";"Sem Vítimas";"Pleno dia";"Decrescente";"Ceu Claro";"Dupla";"Reta";"Urbano";2;0;0;0;2;0;0;2
83490492;"15/08/16";"Segunda";"05:00:00";"PA";316;"0";"BELEM";"Outras";"Capotamento";"Sem Vítimas";"Amanhecer";"Decrescente";"Ignorada";"Dupla";"Reta";"Urbano";2;0;0;0;1;1;0;1
83490493;"13/08/16";"Sábado";"02:10:00";"PB";230;"20,4";"JOAO PESSOA";"Falta de atenção";"Colisão traseira";"Com Vítimas Feridas";"Plena noite";"Crescente";"Ceu Claro";"Dupla";"Reta";"Urbano";2;0;1;0;1;0;1;2
83490494;"16/08/16";"Terça";"09:40:00";"MG";50;"177,5";"UBERABA";"Falta de atenção";"Colisão traseira";"Com Vítimas Feridas";"Pleno dia";"Decrescente";"Nublado";"Dupla";"Cruzamento";"Urbano";2;0;1;0;1;0;1;2
83490495;"16/08/16";"Terça";"13:45:00";"PR";277;"106";"CAMPO LARGO";"Velocidade incompatível";"Saída de Pista";"Sem Vítimas";"Pleno dia";"Decrescente";"Sol";"Dupla";"Reta";"Urbano";4;0;0;0;4;0;0;2
83490496;"16/08/16";"Terça";"08:00:00";"RJ";101;"297";"SAO GONCALO";"Falta de atenção";"Queda de motocicleta / bicicleta / veículo";"Com Vítimas Feridas";"Pleno dia";"Decrescente";"Ceu Claro";"Dupla";"Reta";"Urbano";1;0;1;0;0;0;1;1
83490497;"16/08/16";"Terça";"07:30:00";"GO";153;"510,2";"APARECIDA DE GOIANIA";"Não guardar distância de segurança";"Colisão traseira";"Sem Vítimas";"Pleno dia";"Decrescente";"Chuva";"Dupla";"Reta";"Urbano";7;0;0;0;7;0;0;3
83490499;"16/08/16";"Terça";"15:05:00";"PR";376;"182";"MARINGA";"Não guardar distância de segurança";"Colisão traseira";"Sem Vítimas";"Pleno dia";"Decrescente";"Ceu Claro";"Simples";"Curva";"Urbano";2;0;0;0;2;0;0;2
83490500;"04/08/16";"Quinta";"18:10:00";"PR";476;"124,3";"CURITIBA";"Não guardar distância de segurança";"Colisão lateral";"Com Vítimas Feridas";"Anoitecer";"Decrescente";"Ceu Claro";"Dupla";"Reta";"Urbano";2;0;1;0;0;1;1;2
83490501;"16/08/16";"Terça";"15:10:00";"PR";487;"214,6";"LUIZIANA";"Velocidade incompatível";"Capotamento";"Com Vítimas Feridas";"Pleno dia";"Decrescente";"Ceu Claro";"Simples";"Reta";"Rural";1;0;1;0;0;0;1;1
83490502;"16/08/16";"Terça";"14:20:00";"PR";376;"140,2";"NOVA ESPERANCA";"Velocidade incompatível";"Colisão traseira";"Sem Vítimas";"Pleno dia";"Crescente";"Ceu Claro";"Dupla";"Reta";"Urbano";3;0;0;0;3;0;0;3
83490503;"16/08/16";"Terça";"02:15:00";"SP";116;"316,9";"JUQUITIBA";"Outras";"Queda de motocicleta / bicicleta / veículo";"Com Vítimas Feridas";"Plena noite";"Crescente";"Nublado";"Dupla";"Reta";"Rural";1;0;1;0;0;0;1;1
83490504;"16/08/16";"Terça";"15:50:00";"GO";60;"104,4";"ANAPOLIS";"Outras";"Saída de Pista";"Sem Vítimas";"Pleno dia";"Crescente";"Chuva";"Dupla";"Reta";"Rural";1;0;0;0;1;0;0;1
83490505;"16/08/16";"Terça";"13:10:00";"PE";101;"133";"ESCADA";"Outras";"Colisão traseira";"Sem Vítimas";"Pleno dia";"Decrescente";"Sol";"Dupla";"Reta";"Rural";2;0;0;0;2;0;0;2
83490506;"16/08/16";"Terça";"15:10:00";"BA";116;"452";"ANTONIO CARDOSO";"Defeito mecânico em veículo";"Colisão lateral";"Sem Vítimas";"Pleno dia";"Crescente";"Ceu Claro";"Simples";"Reta";"Rural";2;0;0;0;2;0;0;2
83490507;"16/08/16";"Terça";"13:10:00";"RJ";40;"120";"DUQUE DE CAXIAS";"Outras";"Colisão com objeto fixo";"Sem Vítimas";"Pleno dia";"Decrescente";"Ceu Claro";"Múltipla";"Reta";"Urbano";1;0;0;0;1;0;0;1
83490508;"15/08/16";"Segunda";"21:00:00";"MG";381;"441";"SABARA";"Falta de atenção";"Colisão lateral";"Sem Vítimas";"Plena noite";"Crescente";"Nublado";"Simples";"Cruzamento";"Rural";2;0;0;0;2;0;0;2
83490509;"15/08/16";"Segunda";"18:30:00";"BA";324;"520";"FEIRA DE SANTANA";"Outras";"Colisão traseira";"Sem Vítimas";"Anoitecer";"Decrescente";"Nublado";"Dupla";"Reta";"Urbano";4;0;0;0;4;0;0;4
83490510;"13/08/16";"Sábado";"23:30:00";"MG";365;"613,8";"UBERLANDIA";"Falta de atenção";"Colisão traseira";"Sem Vítimas";"Plena noite";"Decrescente";"Ceu Claro";"Simples";"Reta";"Urbano";2;0;0;0;2;0;0;2
83490511;"16/08/16";"Terça";"16:50:00";"SP";116;"396";"MIRACATU";"Outras";"Capotamento";"Com Vítimas Feridas";"Pleno dia";"Decrescente";"Sol";"Dupla";"Reta";"Rural";1;0;1;0;0;0;1;1
83490512;"13/08/16";"Sábado";"03:15:00";"PR";277;"98";"CURITIBA";"Velocidade incompatível";"Colisão traseira";"Com Vítimas Feridas";"Plena noite";"Crescente";"Nublado";"Dupla";"Curva";"Urbano";2;0;0;1;1;0;1;2
83490513;"16/08/16";"Terça";"12:20:00";"MG";40;"498,1";"ESMERALDAS";"Falta de atenção";"Queda de motocicleta / bicicleta / veículo";"Com Vítimas Feridas";"Pleno dia";"Decrescente";"Nublado";"Dupla";"Reta";"Rural";1;0;0;1;0;0;1;1
83490514;"10/08/16";"Quarta";"13:30:00";"PA";316;"7";"ANANINDEUA";"Falta de atenção";"Colisão traseira";"Sem Vítimas";"Pleno dia";"Decrescente";"Ceu Claro";"Dupla";"Reta";"Urbano";2;0;0;0;2;0;0;2
83490515;"16/08/16";"Terça";"17:00:00";"PI";343;"320";"ALTOS";"Outras";"Colisão com bicicleta";"Com Vítimas Feridas";"Pleno dia";"Decrescente";"Ceu Claro";"Simples";"Reta";"Rural";4;0;2;1;1;0;3;2
83490516;"13/08/16";"Sábado";"02:30:00";"PR";376;"504,2";"PONTA GROSSA";"Dormindo";"Colisão traseira";"Sem Vítimas";"Plena noite";"Decrescente";"Ceu Claro";"Dupla";"Reta";"Urbano";2;0;0;0;2;0;0;2
83490517;"16/08/16";"Terça";"17:40:00";"RJ";493;"22";"MAGE";"Outras";"Tombamento";"Com Vítimas Feridas";"Anoitecer";"Crescente";"Chuva";"Simples";"Curva";"Rural";1;0;1;0;0;0;1;1
83490518;"16/08/16";"Terça";"16:15:00";"PR";369;"201,5";"APUCARANA";"Falta de atenção";"Colisão traseira";"Sem Vítimas";"Pleno dia";"Decrescente";"Sol";"Simples";"Reta";"Urbano";4;0;0;0;4;0;0;4