"id";"data_inversa";"dia_semana";"horario";"uf";"br";"km";"municipio";"causa_acidente";"tipo_acidente";"classificacao_acidente";"fase_dia";"sentido_via";"condicao_metereologica";"tipo_pista";"tracado_via";"uso_solo";"pessoas";"mortos";"feridos_leves";"feridos_graves";"ilesos";"ignorados";"feridos";"veiculos"
83491305;"19/08/16";"Sexta";"02:30:00";"RS";285;"200,7";"LAGOA VERMELHA";"Ingestão de álcool";"Colisão frontal";"Com Vítimas Fatais";"Plena noite";"Decrescente";"Nublado";"Simples";"Reta";"Urbano";2;1;1;0;0;0;1;2
83491306;"19/08/16";"Sexta";"09:20:00";"PR";153;"54,2";"GUAPIRAMA";"Outras";"Incêndio";"Sem Vítimas";"Pleno dia";"Crescente";"Ceu Claro";"Simples";"Reta";"Rural";1;0;0;0;1;0;0;1
83491307;"15/07/16";"Sexta";"05:40:00";"PR";376;"514";"PONTA GROSSA";"Dormindo";"Colisão traseira";"Com Vítimas Feridas";"Plena noite";"Decrescente";"Ceu Claro";"Dupla";"Reta";"Rural";2;0;1;0;1;0;1;2
83491308;"19/08/16";"Sexta";"07:00:00";"PE";101;"77";"RECIFE";"Não guardar distância de segurança";"Colisão traseira";"Sem Vítimas";"Pleno dia";"Decrescente";"Chuva";"Dupla";"Reta";"Urbano";2;0;0;0;1;1;0;2
83491309;"19/08/16";"Sexta";"06:55:00";"PE";101;"76";"RECIFE";"Não guardar distância de segurança";"Colisão traseira";"Com Vítimas Feridas";"Pleno dia";"Decrescente";"Nublado";"Dupla";"Reta";"Urbano";5;0;1;1;3;0;2;2
83491310;"19/08/16";"Sexta";"07:10:00";"PE";101;"75";"RECIFE";"Não guardar distância de segurança";"Colisão traseira";"Sem Vítimas";"Pleno dia";"Decrescente";"Sol";"Dupla";"Reta";"Urbano";2;0;0;0;2;0;0;2
83491311;"19/08/16";"Sexta";"09:00:00";"MG";262;"195";"JOAO MONLEVADE";"Defeito mecânico em veículo";"Tombamento";"Sem Vítimas";"Pleno dia";"Decrescente";"Nublado";"Simples";"Curva";"Rural";3;0;0;0;3;0;0;1
83491312;"19/08/16";"Sexta";"09:20:00";"PR";476;"119";"CURITIBA";"Defeito mecânico em veículo";"Incêndio";"Sem Vítimas";"Pleno dia";"Decrescente";"Chuva";"Dupla";"Reta";"Rural";1;0;0;0;1;0;0;1
83491313;"15/08/16";"Segunda";"22:00:00";"RJ";101;"274";"SAO GONCALO";"Outras";"Queda de motocicleta / bicicleta / veículo";"Com Vítimas Feridas";"Plena noite";"Crescente";"Chuva";"Dupla";"Reta";"Urbano";1;0;0;1;0;0;1;1
83491314;"15/08/16";"Segunda";"19:00:00";"RS";287;"248,5";"SANTA MARIA";"Não guardar distância de segurança";"Colisão traseira";"Sem Vítimas";"Plena noite";"Decrescente";"Ceu Claro";"Simples";"Reta";"Urbano";4;0;0;0;4;0;0;4
83491315;"19/08/16";"Sexta";"10:00:00";"SC";280;"213,3";"TRES BARRAS";"Falta de atenção";"Colisão lateral";"Sem Vítimas";"Pleno dia";"Decrescente";"Chuva";"Simples";"Reta";"Rural";2;0;0;0;2;0;0;2
83491316;"16/08/16";"Terça";"07:10:00";"MG";135;"660";"CURVELO";"Outras";"Colisão frontal";"Com Vítimas Feridas";"Pleno dia";"Crescente";"Chuva";"Simples";"Curva";"Rural";3;0;2;0;1;0;2;2
83491317;"19/08/16";"Sexta";"10:00:00";"RS";386;"394,8";"TRIUNFO";"Falta de atenção";"Saída de Pista";"Sem Vítimas";"Pleno dia";"Decrescente";"Nublado";"Dupla";"Reta";"Rural";1;0;0;0;1;0;0;1
83491319;"19/08/16";"Sexta";"02:30:00";"BA";101;"389";"GANDU";"Outras";"Saída de Pista";"Sem Vítimas";"Plena noite";"Crescente";"Nublado";"Simples";"Curva";"Rural";1;0;0;0;1;0;0;1
83491320;"19/08/16";"Sexta";"08:30:00";"MS";262;"0,9";"TRES LAGOAS";"Ultrapassagem indevida";"Colisão frontal";"Com Vítimas Feridas";"Pleno dia";"Crescente";"Ceu Claro";"Simples";"Reta";"Urbano";2;0;0;1;1;0;1;2
83491321;"19/08/16";"Sexta";"09:20:00";"PE";232;"111,7";"BEZERROS";"Outras";"Colisão traseira";"Com Vítimas Feridas";"Pleno dia";"Crescente";"Ceu Claro";"Dupla";"Reta";"Rural";2;0;2;0;0;0;2;2
83491322;"19/08/16";"Sexta";"10:10:00";"RS";472;"126";"BOA VISTA DO BURICA";"Velocidade incompatível";"Colisão frontal";"Sem Vítimas";"Pleno dia";"Crescente";"Chuva";"Simples";"Curva";"Rural";2;0;0;0;2;0;0;2
83491323;"13/07/16";"Quarta";"06:45:00";"PR";116;"106,1";"SAO JOSE DOS PINHAIS";"Não guardar distância de segurança";"Colisão traseira";"Com Vítimas Feridas";"Amanhecer";"Crescente";"Chuva";"Dupla";"Reta";"Urbano";4;0;1;0;3;0;1;3
83491324;"15/08/16";"Segunda";"18:40:00";"MG";459;"19,7";"CALDAS";"Ingestão de álcool";"Saída de Pista";"Com Vítimas Feridas";"Plena noite";"Decrescente";"Chuva";"Simples";"Curva";"Rural";3;0;0;3;0;0;3;1
83491325;"19/08/16";"Sexta";"11:10:00";"SC";101;"214";"PALHOCA";"Falta de atenção";"Colisão traseira";"Sem Vítimas";"Pleno dia";"Crescente";"Chuva";"Múltipla";"Reta";"Urbano";4;0;0;0;4;0;0;4
83491326;"19/08/16";"Sexta";"09:40:00";"RS";448;"15";"CANOAS";"Outras";"Colisão traseira";"Sem Vítimas";"Pleno dia";"Crescente";"Ceu Claro";"Dupla";"Reta";"Urbano";2;0;0;0;2;0;0;2
83491327;"10/01/16";"Domingo";"14:20:00";"PR";376;"651";"TIJUCAS DO SUL";"Velocidade incompatível";"Capotamento";"Com Vítimas Feridas";"Pleno dia";"Crescente";"Chuva";"Dupla";"Curva";"Rural";2;0;1;0;1;0;1;1
83491329;"19/08/16";"Sexta";"10:40:00";"SP";116;"230";"SAO PAULO";"Outras";"Colisão traseira";"Com Vítimas Feridas";"Pleno dia";"Crescente";"Nublado";"Simples";"Reta";"Urbano";2;0;1;0;1;0;1;2
83491330;"15/08/16";"Segunda";"19:30:00";"PR";158;"492";"CORONEL VIVIDA";"Falta de atenção";"Colisão Transversal";"Com Vítimas Feridas";"Plena noite";"Decrescente";"Chuva";"Simples";"Reta";"Urbano";2;0;1;0;1;0;1;2
83491331;"19/08/16";"Sexta";"08:14:00";"PR";376;"182,8";"SARANDI";"Não guardar distância de segurança";"Colisão traseira";"Com Vítimas Feridas";"Pleno dia";"Decrescente";"Nublado";"Dupla";"Reta";"Urbano";2;0;1;0;1;0;1;2
83491332;"15/08/16";"Segunda";"18:30:00";"PB";230;"15,2";"JOAO PESSOA";"Não guardar distância de segurança";"Colisão traseira";"Com Vítimas Feridas";"Plena noite";"Decrescente";"Ceu Claro";"Dupla";"Reta";"Urbano";6;0;1;0;5;0;1;6
83491333;"15/08/16";"Segunda";"15:15:00";"PB";230;"78";"RIACHAO DO POCO";"Dormindo";"Capotamento";"Com Vítimas Feridas";"Pleno dia";"Crescente";"Sol";"Dupla";"Reta";"Rural";1;0;0;1;0;0;1;1
83491334;"11/01/16";"Segunda";"10:20:00";"PR";476;"132,4";"CURITIBA";"Desobediência à sinalização";"Colisão Transversal";"Sem Vítimas";"Pleno dia";"Crescente";"Ignorada";"Dupla";"Reta";"Urbano";2;0;0;0;1;1;0;2
83491335;"17/08/16";"Quarta";"09:30:00";"BA";101;"745";"ITABELA";"Falta de atenção";"Atropelamento de pessoa";"Com Vítimas Feridas";"Pleno dia";"Crescente";"Nublado";"Simples";"Reta";"Urbano";3;0;2;0;1;0;2;1
83491336;"07/08/16";"Domingo";"18:30:00";"RN";101;"83,3";"NATAL";"Animais na Pista";"Atropelamento de animal";"Com Vítimas Feridas";"Plena noite";"Decrescente";"Ceu Claro";"Dupla";"Reta";"Urbano";1;0;1;0;0;0;1;1
83491337;"15/08/16";"Segunda";"21:00:00";"MG";50;"169,4";"UBERABA";"Velocidade incompatível";"Colisão com objeto fixo";"Sem Vítimas";"Plena noite";"Crescente";"Chuva";"Simples";"Reta";"Urbano";1;0;0;0;1;0;0;1
83491338;"19/08/16";"Sexta";"12:30:00";"SC";101;"308";"LAGUNA";"Velocidade incompatível";"Colisão com objeto fixo";"Sem Vítimas";"Pleno dia";"Crescente";"Chuva";"Dupla";"Curva";"Rural";1;0;0;0;1;0;0;1
83491339;"15/08/16";"Segunda";"22:30:00";"PR";153;"96,8";"JAPIRA";"Outras";"Colisão com objeto fixo";"Sem Vítimas";"Plena noite";"Crescente";"Nublado";"Simples";"Reta";"Rural";1;0;0;0;1;0;0;1
83491340;"19/08/16";"Sexta";"10:50:00";"PR";277;"36,5";"MORRETES";"Velocidade incompatível";"Colisão com objeto fixo";"Sem Vítimas";"Pleno dia";"Decrescente";"Nevoeiro/neblina";"Dupla";"Reta";"Rural";1;0;0;0;1;0;0;1
83491341;"15/08/16";"Segunda";"07:30:00";"PR";277;"584";"CASCAVEL";"Outras";"Colisão lateral";"Sem Vítimas";"Pleno dia";"Decrescente";"Chuva";"Simples";"Cruzamento";"Urbano";2;0;0;0;2;0;0;2
83491342;"16/08/16";"Terça";"01:15:00";"RJ";393;"110";"SAPUCAIA";"Velocidade incompatível";"Capotamento";"Sem Vítimas";"Plena noite";"Decrescente";"Chuva";"Simples";"Curva";"Rural";2;0;0;0;2;0;0;1
83491343;"19/08/16";"Sexta";"07:50:00";"MS";158;"250,5";"TRES LAGOAS";"Defeito mecânico em veículo";"Colisão traseira";"Sem Vítimas";"Amanhecer";"Crescente";"Sol";"Simples";"Reta";"Rural";4;0;0;0;4;0;0;3
83491344;"19/08/16";"Sexta";"10:00:00";"SC";101;"358";"SANGAO";"Velocidade incompatível";"Capotamento";"Com Vítimas Feridas";"Pleno dia";"Crescente";"Chuva";"Dupla";"Reta";"Rural";1;0;1;0;0;0;1;1
83491345;"15/08/16";"Segunda";"18:30:00";"BA";110;"354";"ALAGOINHAS";"Outras";"Queda de motocicleta / bicicleta / veículo";"Com Vítimas Feridas";"Plena noite";"Decrescente";"Ceu Claro";"Simples";"Reta";"Rural";2;0;2;0;0;0;2;1
83491346;"19/08/16";"Sexta";"12:30:00";"PA";316;"1";"ANANINDEUA";"Falta de atenção";"Colisão lateral";"Sem Vítimas";"Pleno dia";"Decrescente";"Sol";"Dupla";"Reta";"Urbano";2;0;0;0;2;0;0;2
83491347;"19/08/16";"Sexta";"12:30:00";"RJ";393;"281";"VOLTA REDONDA";"Falta de atenção";"Atropelamento de pessoa";"Com Vítimas Feridas";"Pleno dia";"Decrescente";"Sol";"Simples";"Reta";"Urbano";2;0;1;0;1;0;1;1
83491348;"19/08/16";"Sexta";"09:30:00";"MG";116;"809,2";"LEOPOLDINA";"Desobediência à sinalização";"Colisão Transversal";"Sem Vítimas";"Pleno dia";"Crescente";"Ceu Claro";"Simples";"Curva";"Rural";3;0;0;0;3;0;0;2
83491349;"15/08/16";"Segunda";"17:30:00";"ES";101;"244,5";"SERRA";"Desobediência à sinalização";"Colisão lateral";"Com Vítimas Fatais";"Pleno dia";"Decrescente";"Sol";"Simples";"Cruzamento";"Rural";3;1;0;1;1;0;1;2
83491350;"19/08/16";"Sexta";"07:15:00";"DF";40;"5,7";"BRASILIA";"Falta de atenção";"Queda de motocicleta / bicicleta / veículo";"Com Vítimas Feridas";"Pleno dia";"Decrescente";"Ceu Claro";"Dupla";"Reta";"Urbano";1;0;1;0;0;0;1;1
83491351;"13/08/16";"Sábado";"21:15:00";"MG";116;"261,2";"TEOFILO OTONI";"Ingestão de álcool";"Atropelamento de animal";"Com Vítimas Fatais";"Plena noite";"Crescente";"Ceu Claro";"Simples";"Reta";"Rural";3;1;0;0;2;0;0;2
83491352;"19/08/16";"Sexta";"08:00:00";"MG";116;"243,1";"TEOFILO OTONI";"Não guardar distância de segurança";"Colisão traseira";"Sem Vítimas";"Pleno dia";"Decrescente";"Nublado";"Simples";"Curva";"Rural";3;0;0;0;3;0;0;3
83491353;"19/08/16";"Sexta";"13:15:00";"RS";116;"292,1";"ELDORADO DO SUL";"Dormindo";"Saída de Pista";"Sem Vítimas";"Pleno dia";"Decrescente";"Nublado";"Dupla";"Reta";"Rural";1;0;0;0;1;0;0;1
83491354;"15/08/16";"Segunda";"23:30:00";"PR";369;"176,7";"ROLANDIA";"Falta de atenção";"Colisão frontal";"Com Vítimas Feridas";"Plena noite";"Crescente";"Nublado";"Simples";"Reta";"Urbano";4;0;0;1;3;0;1;2
83491355;"19/08/16";"Sexta";"13:30:00";"SC";280;"52,8";"GUARAMIRIM";"Falta de atenção";"Colisão Transversal";"Com Vítimas Feridas";"Pleno dia";"Decrescente";"Chuva";"Simples";"Reta";"Urbano";3;0;1;0;2;0;1;2
83491356;"22/03/16";"Terça";"04:30:00";"CE";20;"300";"CANINDE";"Falta de atenção";"Colisão frontal";"Com Vítimas Feridas";"Amanhecer";"Crescente";"Ignorada";"Simples";"Reta";"Rural";3;0;1;2;0;0;3;2
83491357;"15/08/16";"Segunda";"15:50:00";"RS";287;"258,4";"SANTA MARIA";"Não guardar distância de segurança";"Colisão traseira";"Com Vítimas Feridas";"Pleno dia";"Decrescente";"Sol";"Simples";"Reta";"Rural";2;0;0;1;1;0;1;2
83491358;"19/08/16";"Sexta";"11:35:00";"SC";282;"533";"CHAPECO";"Desobediência à sinalização";"Colisão Transversal";"Sem Vítimas";"Pleno dia";"Crescente";"Chuva";"Simples";"Cruzamento";"Urbano";2;0;0;0;2;0;0;2
83491359;"10/08/16";"Quarta";"09:37:00";"PR";376;"134";"NOVA ESPERANCA";"Outras";"Queda de motocicleta / bicicleta / veículo";"Com Vítimas Feridas";"Pleno dia";"Crescente";"Ignorada";"Simples";"Reta";"Rural";1;0;0;1;0;0;1;1
83491360;"19/08/16";"Sexta";"13:00:00";"SC";282;"1";"FLORIANOPOLIS";"Outras";"Colisão lateral";"Com Vítimas Feridas";"Pleno dia";"Decrescente";"Chuva";"Dupla";"Reta";"Urbano";3;0;1;0;2;0;1;2
83491361;"15/08/16";"Segunda";"21:55:00";"MG";50;"169,9";"UBERABA";"Velocidade incompatível";"Tombamento";"Sem Vítimas";"Plena noite";"Decrescente";"Chuva";"Dupla";"Reta";"Rural";1;0;0;0;1;0;0;1
83491363;"16/08/16";"Terça";"06:00:00";"MG";262;"424";"IGARATINGA";"Dormindo";"Saída de Pista";"Com Vítimas Feridas";"Amanhecer";"Decrescente";"Sol";"Dupla";"Curva";"Rural";1;0;1;0;0;0;1;1
83491364;"19/08/16";"Sexta";"10:30:00";"MT";364;"487";"JANGADA";"Velocidade incompatível";"Colisão traseira";"Com Vítimas Feridas";"Pleno dia";"Decrescente";"Ceu Claro";"Simples";"Reta";"Rural";3;0;1;0;2;0;1;2
83491365;"13/08/16";"Sábado";"22:30:00";"BA";324;"573";"SAO SEBASTIAO DO PASSE";"Dormindo";"Capotamento";"Sem Vítimas";"Plena noite";"Decrescente";"Ceu Claro";"Dupla";"Reta";"Rural";1;0;0;0;1;0;0;1
83491366;"19/08/16";"Sexta";"12:40:00";"SC";101;"155";"PORTO BELO";"Falta de atenção";"Colisão com objeto fixo";"Sem Vítimas";"Pleno dia";"Crescente";"Chuva";"Dupla";"Reta";"Rural";1;0;0;0;1;0;0;1
83491367;"15/08/16";"Segunda";"14:35:00";"BA";101;"26";"ESPLANADA";"Outras";"Tombamento";"Sem Vítimas";"Pleno dia";"Crescente";"Ceu Claro";"Simples";"Reta";"Rural";1;0;0;0;1;0;0;1
83491368;"19/08/16";"Sexta";"11:00:00";"RS";471;"141";"SANTA CRUZ DO SUL";"Falta de atenção";"Colisão Transversal";"Com Vítimas Feridas";"Pleno dia";"Decrescente";"Nublado";"Simples";"Reta";"Urbano";3;0;1;0;2;0;1;3
83491370;"15/08/16";"Segunda";"13:45:00";"RS";290;"120,5";"ELDORADO DO SUL";"Dormindo";"Colisão frontal";"Com Vítimas Fatais";"Pleno dia";"Decrescente";"Nublado";"Simples";"Reta";"Rural";2;1;0;0;1;0;0;2
83491371;"15/08/16";"Segunda";"07:15:00";"SE";101;"92";"NOSSA SENHORA DO SOCORRO";"Outras";"Colisão traseira";"Sem Vítimas";"Pleno dia";"Crescente";"Nublado";"Dupla";"Reta";"Rural";4;0;0;0;4;0;0;4
83491372;"19/08/16";"Sexta";"13:15:00";"SP";116;"351";"MIRACATU";"Falta de atenção";"Colisão Transversal";"Sem Vítimas";"Pleno dia";"Decrescente";"Nublado";"Simples";"Reta";"Rural";2;0;0;0;2;0;0;2
83491373;"19/08/16";"Sexta";"11:00:00";"SC";101;"123";"ITAJAI";"Desobediência à sinalização";"Colisão lateral";"Sem Vítimas";"Pleno dia";"Crescente";"Chuva";"Simples";"Reta";"Urbano";2;0;0;0;2;0;0;2
83491374;"19/08/16";"Sexta";"12:30:00";"RO";174;"14";"VILHENA";"Desobediência à sinalização";"Colisão Transversal";"Com Vítimas Feridas";"Pleno dia";"Crescente";"Sol";"Dupla";"Cruzamento";"Urbano";4;0;2;0;2;0;2;2
83491375;"18/08/16";"Quinta";"09:20:00";"MG";116;"258,8";"TEOFILO OTONI";"Outras";"Saída de Pista";"Com Vítimas Feridas";"Pleno dia";"Decrescente";"Ceu Claro";"Simples";"Curva";"Rural";1;0;1;0;0;0;1;1
83491376;"17/04/16";"Domingo";"12:20:00";"MG";381;"773,7";"CAMPANHA";"Defeito mecânico em veículo";"Tombamento";"Com Vítimas Feridas";"Pleno dia";"Crescente";"Sol";"Dupla";"Reta";"Rural";28;0;27;1;0;0;28;1
83491378;"19/08/16";"Sexta";"11:20:00";"RO";364;"343";"JI-PARANA";"Desobediência à sinalização";"Colisão lateral";"Com Vítimas Feridas";"Pleno dia";"Decrescente";"Ceu Claro";"Dupla";"Reta";"Urbano";2;0;1;0;1;0;1;2
83491379;"19/08/16";"Sexta";"11:00:00";"SC";101;"259";"PAULO LOPES";"Outras";"Saída de Pista";"Com Vítimas Feridas";"Pleno dia";"Crescente";"Chuva";"Dupla";"Curva";"Rural";2;0;2;0;0;0;2;1
83491380;"15/08/16";"Segunda";"16:08:00";"BA";101;"60";"ENTRE RIOS";"Outras";"Colisão traseira";"Com Vítimas Feridas";"Pleno dia";"Crescente";"Ceu Claro";"Simples";"Reta";"Urbano";2;0;1;0;1;0;1;2
83491381;"15/08/16";"Segunda";"19:45:00";"BA";101;"480";"URUCUCA";"Velocidade incompatível";"Saída de Pista";"Com Vítimas Feridas";"Plena noite";"Crescente";"Ceu Claro";"Simples";"Curva";"Rural";2;0;2;0;0;0;2;1
83491382;"16/08/16";"Terça";"05:00:00";"SE";235;"50,9";"ITABAIANA";"Velocidade incompatível";"Atropelamento de pessoa";"Com Vítimas Fatais";"Amanhecer";"Decrescente";"Ceu Claro";"Dupla";"Curva";"Urbano";2;1;1;0;0;0;1;1
83491383;"19/08/16";"Sexta";"14:00:00";"PA";316;"13";"MARITUBA";"Desobediência à sinalização";"Colisão lateral";"Com Vítimas Feridas";"Pleno dia";"Decrescente";"Sol";"Dupla";"Reta";"Urbano";3;0;2;0;1;0;2;2
83491384;"15/08/16";"Segunda";"19:30:00";"MG";459;"65,8";"SENADOR JOSE BENTO";"Velocidade incompatível";"Saída de Pista";"Com Vítimas Feridas";"Pleno dia";"Crescente";"Chuva";"Simples";"Curva";"Rural";1;0;1;0;0;0;1;1
83491385;"17/08/16";"Quarta";"21:30:00";"MG";116;"497";"INHAPIM";"Ingestão de álcool";"Colisão lateral";"Com Vítimas Feridas";"Plena noite";"Crescente";"Ceu Claro";"Simples";"Reta";"Rural";2;0;1;0;1;0;1;2
83491386;"31/07/16";"Domingo";"14:45:00";"RS";468;"59,4";"SANTO AUGUSTO";"Falta de atenção";"Saída de Pista";"Com Vítimas Feridas";"Pleno dia";"Crescente";"Sol";"Simples";"Curva";"Rural";3;0;3;0;0;0;3;1
83491388;"19/08/16";"Sexta";"13:20:00";"PR";373;"209,6";"IPIRANGA";"Outras";"Colisão lateral";"Com Vítimas Feridas";"Pleno dia";"Crescente";"Nublado";"Simples";"Reta";"Rural";2;0;1;0;1;0;1;2
83491389;"15/08/16";"Segunda";"15:20:00";"GO";153;"515";"HIDROLANDIA";"Falta de atenção";"Queda de motocicleta / bicicleta / veículo";"Com Vítimas Feridas";"Pleno dia";"Crescente";"Sol";"Dupla";"Reta";"Urbano";2;0;1;0;1;0;1;1
83491390;"19/08/16";"Sexta";"13:15:00";"SC";101;"113,2";"ITAJAI";"Outras";"Colisão com objeto fixo";"Sem Vítimas";"Pleno dia";"Crescente";"Chuva";"Dupla";"Reta";"Urbano";1;0;0;0;1;0;0;1
83491391;"19/08/16";"Sexta";"11:30:00";"BA";242;"175";"ITABERABA";"Ultrapassagem indevida";"Saída de Pista";"Com Vítimas Feridas";"Pleno dia";"Crescente";"Sol";"Simples";"Reta";"Rural";3;0;1;2;0;0;3;1
83491392;"15/08/16";"Segunda";"16:15:00";"MG";381;"526";"BRUMADINHO";"Velocidade incompatível";"Colisão com objeto fixo";"Com Vítimas Feridas";"Pleno dia";"Crescente";"Sol";"Dupla";"Curva";"Rural";1;0;1;0;0;0;1;1
83491393;"19/08/16";"Sexta";"14:50:00";"ES";101;"412";"ITAPEMIRIM";"Outras";"Tombamento";"Sem Vítimas";"Pleno dia";"Decrescente";"Sol";"Simples";"Curva";"Rural";1;0;0;0;1;0;0;1
83491394;"15/08/16";"Segunda";"22:40:00";"MG";262;"587,4";"CAMPOS ALTOS";"Velocidade incompatível";"Saída de Pista";"Com Vítimas Feridas";"Plena noite";"Crescente";"Chuva";"Simples";"Reta";"Rural";1;0;1;0;0;0;1;1
83491395;"19/08/16";"Sexta";"08:15:00";"PE";101;"112,5";"CABO DE SANTO AGOSTINHO";"Outras";"Capotamento";"Com Vítimas Feridas";"Pleno dia";"Decrescente";"Nublado";"Dupla";"Curva";"Rural";1;0;1;0;0;0;1;1
83491396;"19/08/16";"Sexta";"09:15:00";"MS";163;"531";"JARAGUARI";"Animais na Pista";"Atropelamento de animal";"Sem Vítimas";"Pleno dia";"Crescente";"Ceu Claro";"Simples";"Reta";"Rural";1;0;0;0;1;0;0;1
83491397;"19/08/16";"Sexta";"07:05:00";"MG";381;"494";"BETIM";"Falta de atenção";"Colisão com objeto fixo";"Ignorado";"Pleno dia";"Crescente";"Ceu Claro";"Dupla";"Curva";"Urbano";1;0;0;0;0;1;0;1
83491398;"18/08/16";"Quinta";"12:45:00";"SP";116;"223";"GUARULHOS";"Falta de atenção";"Atropelamento de pessoa";"Com Vítimas Feridas";"Pleno dia";"Decrescente";"Ceu Claro";"Múltipla";"Reta";"Urbano";2;0;1;0;1;0;1;1
83491399;"19/08/16";"Sexta";"13:34:00";"PR";277;"687";"SAO MIGUEL DO IGUACU";"Falta de atenção";"Colisão lateral";"Com Vítimas Feridas";"Pleno dia";"Crescente";"Chuva";"Dupla";"Reta";"Urbano";2;0;1;0;1;0;1;2
83491400;"19/08/16";"Sexta";"12:00:00";"PR";116;"14";"CAMPINA GRANDE DO SUL";"Outras";"Capotamento";"Com Vítimas Feridas";"Pleno dia";"Crescente";"Nevoeiro/neblina";"Dupla";"Curva";"Rural";2;0;1;0;1;0;1;1
83491401;"19/08/16";"Sexta";"15:00:00";"PR";376;"538,4";"PALMEIRA";"Falta de atenção";"Colisão com objeto fixo";"Sem Vítimas";"Pleno dia";"Crescente";"Ceu Claro";"Múltipla";"Reta";"Rural";1;0;0;0;1;0;0;1
83491402;"19/08/16";"Sexta";"12:45:00";"MG";381;"484";"BETIM";"Desobediência à sinalização";"Colisão traseira";"Com Vítimas Feridas";"Pleno dia";"Crescente";"Ceu Claro";"Dupla";"Reta";"Urbano";3;0;1;0;2;0;1;2
83491403;"15/08/16";"Segunda";"23:50:00";"MG";381;"744";"TRES CORACOES";"Dormindo";"Saída de Pista";"Sem Vítimas";"Plena noite";"Crescente";"Ceu Claro";"Dupla";"Curva";"Rural";1;0;0;0;1;0;0;1
83491404;"12/08/16";"Sexta";"14:20:00";"RR";401;"8";"CANTA";"Ultrapassagem indevida";"Colisão lateral";"Com Vítimas Feridas";"Pleno dia";"Decrescente";"Ceu Claro";"Simples";"Reta";"Rural";4;0;1;0;3;0;1;2
83491405;"15/08/16";"Segunda";"18:20:00";"PI";343;"344";"TERESINA";"Falta de atenção";"Colisão traseira";"Com Vítimas Feridas";"Anoitecer";"Decrescente";"Ceu Claro";"Simples";"Reta";"Urbano";3;0;0;1;2;0;1;3
83491406;"19/08/16";"Sexta";"13:30:00";"MT";70;"730";"CACERES";"Falta de atenção";"Colisão frontal";"Com Vítimas Feridas";"Pleno dia";"Decrescente";"Sol";"Simples";"Reta";"Urbano";3;0;1;1;1;0;2;2
83491407;"19/08/16";"Sexta";"11:30:00";"CE";222;"229";"SOBRAL";"Outras";"Queda de motocicleta / bicicleta / veículo";"Com Vítimas Feridas";"Pleno dia";"Crescente";"Ceu Claro";"Simples";"Reta";"Rural";1;0;0;1;0;0;1;1
83491409;"16/08/16";"Terça";"06:50:00";"PI";343;"2,8";"TERESINA";"Desobediência à sinalização";"Colisão lateral";"Com Vítimas Feridas";"Pleno dia";"Decrescente";"Ceu Claro";"Dupla";"Cruzamento";"Urbano";2;0;1;0;1;0;1;2
83491410;"19/08/16";"Sexta";"10:15:00";"MG";381;"481";"BETIM";"Não guardar distância de segurança";"Colisão lateral";"Com Vítimas Feridas";"Pleno dia";"Crescente";"Sol";"Dupla";"Reta";"Urbano";2;0;1;0;1;0;1;2
83491411;"19/08/16";"Sexta";"14:00:00";"PE";101;"178";"PALMARES";"Velocidade incompatível";"Capotamento";"Com Vítimas Feridas";"Pleno dia";"Crescente";"Chuva";"Dupla";"Curva";"Rural";1;0;1;0;0;0;1;1
83491412;"15/08/16";"Segunda";"18:40:00";"MT";174;"94";"GLORIA DOESTE";"Animais na Pista";"Atropelamento de animal";"Sem Vítimas";"Plena noite";"Crescente";"Ceu Claro";"Simples";"Reta";"Rural";1;0;0;0;1;0;0;1
83491413;"18/08/16";"Quinta";"22:00:00";"AC";364;"138";"RIO BRANCO";"Falta de atenção";"Colisão Transversal";"Com Vítimas Feridas";"Plena noite";"Decrescente";"Ceu Claro";"Múltipla";"Reta";"Urbano";2;0;0;2;0;0;2;2
83491414;"17/08/16";"Quarta";"09:00:00";"MA";135;"2";"SAO LUIS";"Falta de atenção";"Colisão traseira";"Sem Vítimas";"Pleno dia";"Crescente";"Ceu Claro";"Dupla";"Reta";"Urbano";3;0;0;0;3;0;0;3
83491415;"19/08/16";"Sexta";"13:40:00";"SC";101;"401,5";"MARACAJA";"Outras";"Colisão com objeto fixo";"Sem Vítimas";"Pleno dia";"Decrescente";"Chuva";"Dupla";"Reta";"Urbano";1;0;0;0;1;0;0;1
83491416;"19/08/16";"Sexta";"17:30:00";"PR";116;"94,9";"SAO JOSE DOS PINHAIS";"Desobediência à sinalização";"Colisão traseira";"Sem Vítimas";"Pleno dia";"Decrescente";"Chuva";"Dupla";"Reta";"Rural";6;0;0;0;6;0;0;2
83491417;"19/08/16";"Sexta";"09:00:00";"MG";40;"185";"JOAO PINHEIRO";"Velocidade incompatível";"Capotamento";"Com Vítimas Feridas";"Pleno dia";"Crescente";"Chuva";"Simples";"Curva";"Rural";2;0;2;0;0;0;2;1
83491418;"19/08/16";"Sexta";"16:16:00";"SC";101;"24";"JOINVILLE";"Falta de atenção";"Colisão Transversal";"Sem Vítimas";"Pleno dia";"Crescente";"Chuva";"Simples";"Cruzamento";"Urbano";2;0;0;0;2;0;0;2
83491419;"17/08/16";"Quarta";"08:35:00";"MA";135;"1";"SAO LUIS";"Outras";"Colisão traseira";"Sem Vítimas";"Pleno dia";"Decrescente";"Ceu Claro";"Múltipla";"Reta";"Urbano";4;0;0;0;4;0;0;3