"id";"data_inversa";"dia_semana";"horario";"uf";"br";"km";"municipio";"causa_acidente";"tipo_acidente";"classificacao_acidente";"fase_dia";"sentido_via";"condicao_metereologica";"tipo_pista";"tracado_via";"uso_solo";"pessoas";"mortos";"feridos_leves";"feridos_graves";"ilesos";"ignorados";"feridos";"veiculos"
83491420;"19/08/16";"Sexta";"17:00:00";"MG";116;"276";"TEOFILO OTONI";"Falta de atenção";"Colisão lateral";"Com Vítimas Feridas";"Pleno dia";"Crescente";"Ceu Claro";"Simples";"Reta";"Urbano";2;0;1;0;1;0;1;2
83491421;"17/08/16";"Quarta";"12:00:00";"SP";381;"8,3";"VARGEM";"Defeito mecânico em veículo";"Colisão com objeto fixo";"Sem Vítimas";"Pleno dia";"Crescente";"Sol";"Dupla";"Reta";"Rural";1;0;0;0;1;0;0;1
83491422;"19/08/16";"Sexta";"16:30:00";"SP";116;"215";"GUARULHOS";"Outras";"Queda de motocicleta / bicicleta / veículo";"Com Vítimas Feridas";"Pleno dia";"Decrescente";"Ceu Claro";"Múltipla";"Reta";"Urbano";1;0;1;0;0;0;1;1
83491423;"19/08/16";"Sexta";"14:30:00";"MS";163;"342";"RIO BRILHANTE";"Não guardar distância de segurança";"Colisão traseira";"Com Vítimas Feridas";"Pleno dia";"Crescente";"Chuva";"Simples";"Reta";"Rural";5;0;1;0;4;0;1;2
83491424;"19/08/16";"Sexta";"14:50:00";"PR";153;"506,6";"GENERAL CARNEIRO";"Falta de atenção";"Colisão com objeto fixo";"Com Vítimas Feridas";"Pleno dia";"Crescente";"Chuva";"Simples";"Reta";"Rural";4;0;1;0;3;0;1;2
83491425;"15/07/16";"Sexta";"11:30:00";"GO";60;"47";"ABADIANIA";"Falta de atenção";"Colisão traseira";"Com Vítimas Feridas";"Pleno dia";"Decrescente";"Ceu Claro";"Dupla";"Curva";"Rural";14;0;9;2;3;0;11;6
83491426;"15/08/16";"Segunda";"18:20:00";"SP";116;"219";"GUARULHOS";"Outras";"Queda de motocicleta / bicicleta / veículo";"Com Vítimas Feridas";"Plena noite";"Crescente";"Chuva";"Múltipla";"Reta";"Urbano";1;0;1;0;0;0;1;1
83491427;"17/08/16";"Quarta";"07:10:00";"MG";267;"309,2";"CAXAMBU";"Falta de atenção";"Colisão Transversal";"Com Vítimas Feridas";"Amanhecer";"Decrescente";"Nevoeiro/neblina";"Simples";"Reta";"Rural";3;0;0;1;2;0;1;2
83491428;"19/08/16";"Sexta";"16:10:00";"MG";116;"782";"LEOPOLDINA";"Velocidade incompatível";"Tombamento";"Sem Vítimas";"Pleno dia";"Crescente";"Ignorada";"Simples";"Curva";"Rural";1;0;0;0;1;0;0;1
83491429;"19/08/16";"Sexta";"15:45:00";"RS";116;"251,3";"SAPUCAIA DO SUL";"Não guardar distância de segurança";"Colisão lateral";"Com Vítimas Feridas";"Pleno dia";"Decrescente";"Nublado";"Múltipla";"Reta";"Urbano";2;0;1;0;0;1;1;2
83491430;"19/08/16";"Sexta";"16:00:00";"PE";101;"93";"CABO DE SANTO AGOSTINHO";"Falta de atenção";"Colisão Transversal";"Com Vítimas Feridas";"Pleno dia";"Decrescente";"Nublado";"Dupla";"Reta";"Urbano";2;0;1;0;1;0;1;2
83491431;"15/08/16";"Segunda";"08:05:00";"GO";60;"46";"ALEXANIA";"Outras";"Saída de Pista";"Sem Vítimas";"Pleno dia";"Crescente";"Ceu Claro";"Dupla";"Curva";"Rural";1;0;0;0;1;0;0;1
83491432;"19/08/16";"Sexta";"13:55:00";"BA";116;"514";"FEIRA DE SANTANA";"Desobediência à sinalização";"Colisão lateral";"Com Vítimas Feridas";"Pleno dia";"Decrescente";"Ceu Claro";"Simples";"Curva";"Urbano";2;0;1;0;1;0;1;2
83491433;"12/08/16";"Sexta";"04:20:00";"PE";101;"122";"ESCADA";"Outras";"Colisão com objeto fixo";"Sem Vítimas";"Plena noite";"Decrescente";"Ceu Claro";"Múltipla";"Reta";"Rural";1;0;0;0;1;0;0;1
83491434;"19/08/16";"Sexta";"07:30:00";"CE";222;"69,6";"SAO GONCALO DO AMARANTE";"Defeito mecânico em veículo";"Colisão traseira";"Com Vítimas Feridas";"Pleno dia";"Crescente";"Sol";"Simples";"Reta";"Rural";3;0;2;0;1;0;2;2
83491435;"19/08/16";"Sexta";"14:45:00";"RS";293;"2,5";"PELOTAS";"Falta de atenção";"Colisão traseira";"Com Vítimas Feridas";"Pleno dia";"Crescente";"Sol";"Simples";"Reta";"Urbano";2;0;1;0;1;0;1;2
83491436;"19/08/16";"Sexta";"15:45:00";"MT";364;"434";"VARZEA GRANDE";"Velocidade incompatível";"Saída de Pista";"Sem Vítimas";"Pleno dia";"Crescente";"Chuva";"Simples";"Reta";"Urbano";1;0;0;0;1;0;0;1
83491437;"16/08/16";"Terça";"09:30:00";"MG";40;"129,8";"JOAO PINHEIRO";"Outras";"Colisão traseira";"Com Vítimas Feridas";"Pleno dia";"Decrescente";"Chuva";"Simples";"Reta";"Rural";6;0;3;0;2;1;3;2
83491438;"19/08/16";"Sexta";"18:40:00";"RS";290;"92";"PORTO ALEGRE";"Falta de atenção";"Colisão traseira";"Sem Vítimas";"Plena noite";"Decrescente";"Chuva";"Dupla";"Reta";"Urbano";3;0;0;0;3;0;0;2
83491439;"19/08/16";"Sexta";"16:40:00";"MA";222;"405";"SANTA LUZIA";"Falta de atenção";"Colisão Transversal";"Com Vítimas Feridas";"Pleno dia";"Crescente";"Ceu Claro";"Simples";"Reta";"Urbano";2;0;0;1;1;0;1;2
83491440;"19/08/16";"Sexta";"17:05:00";"SC";116;"193,9";"PONTE ALTA";"Falta de atenção";"Colisão Transversal";"Sem Vítimas";"Pleno dia";"Crescente";"Chuva";"Simples";"Reta";"Rural";2;0;0;0;2;0;0;2
83491441;"19/08/16";"Sexta";"12:20:00";"MT";364;"164";"PEDRA PRETA";"Falta de atenção";"Tombamento";"Sem Vítimas";"Pleno dia";"Decrescente";"Sol";"Simples";"Reta";"Rural";1;0;0;0;1;0;0;1
83491442;"18/08/16";"Quinta";"16:30:00";"MS";267;"163,2";"NOVA ANDRADINA";"Outras";"Incêndio";"Sem Vítimas";"Pleno dia";"Decrescente";"Ceu Claro";"Simples";"Reta";"Rural";1;0;0;0;1;0;0;1
83491443;"10/08/16";"Quarta";"06:00:00";"GO";60;"77,1";"ANAPOLIS";"Defeito mecânico em veículo";"Colisão traseira";"Com Vítimas Feridas";"Amanhecer";"Decrescente";"Ceu Claro";"Dupla";"Curva";"Rural";2;0;2;0;0;0;2;2
83491444;"15/08/16";"Segunda";"13:00:00";"SP";116;"560,8";"BARRA DO TURVO";"Velocidade incompatível";"Saída de Pista";"Sem Vítimas";"Pleno dia";"Crescente";"Chuva";"Dupla";"Curva";"Rural";1;0;0;0;1;0;0;1
83491445;"18/08/16";"Quinta";"14:20:00";"MT";364;"147";"PEDRA PRETA";"Falta de atenção";"Tombamento";"Com Vítimas Feridas";"Pleno dia";"Decrescente";"Sol";"Simples";"Curva";"Rural";1;0;1;0;0;0;1;1
83491446;"19/08/16";"Sexta";"16:40:00";"PR";376;"230,6";"APUCARANA";"Desobediência à sinalização";"Colisão Transversal";"Sem Vítimas";"Pleno dia";"Decrescente";"Chuva";"Dupla";"Reta";"Rural";2;0;0;0;2;0;0;2
83491447;"16/08/16";"Terça";"06:00:00";"RJ";116;"249";"PIRAI";"Outras";"Tombamento";"Com Vítimas Feridas";"Amanhecer";"Crescente";"Ceu Claro";"Simples";"Reta";"Rural";1;0;1;0;0;0;1;1
83491448;"15/08/16";"Segunda";"20:10:00";"GO";60;"85";"ANAPOLIS";"Falta de atenção";"Colisão lateral";"Sem Vítimas";"Plena noite";"Decrescente";"Ceu Claro";"Dupla";"Reta";"Rural";2;0;0;0;2;0;0;2
83491449;"19/08/16";"Sexta";"18:00:00";"RS";285;"285";"PASSO FUNDO";"Falta de atenção";"Colisão lateral";"Sem Vítimas";"Plena noite";"Crescente";"Nublado";"Simples";"Reta";"Rural";5;0;0;0;5;0;0;2
83491450;"19/08/16";"Sexta";"14:20:00";"SC";470;"153";"AGRONOMICA";"Ingestão de álcool";"Colisão traseira";"Sem Vítimas";"Pleno dia";"Decrescente";"Chuva";"Simples";"Reta";"Rural";2;0;0;0;2;0;0;2
83491451;"18/08/16";"Quinta";"03:30:00";"RN";101;"137";"ARES";"Defeito na via";"Capotamento";"Sem Vítimas";"Amanhecer";"Crescente";"Nublado";"Dupla";"Reta";"Rural";2;0;0;0;2;0;0;1
83491452;"19/08/16";"Sexta";"14:30:00";"SC";282;"461";"PONTE SERRADA";"Ultrapassagem indevida";"Saída de Pista";"Com Vítimas Feridas";"Pleno dia";"Decrescente";"Chuva";"Simples";"Reta";"Rural";3;0;1;0;1;1;1;2
83491453;"19/08/16";"Sexta";"17:45:00";"PR";369;"202,4";"APUCARANA";"Falta de atenção";"Colisão Transversal";"Com Vítimas Feridas";"Pleno dia";"Crescente";"Chuva";"Dupla";"Reta";"Urbano";3;0;2;0;1;0;2;2
83491454;"19/08/16";"Sexta";"14:00:00";"SC";282;"91";"ALFREDO WAGNER";"Velocidade incompatível";"Capotamento";"Sem Vítimas";"Pleno dia";"Crescente";"Chuva";"Simples";"Curva";"Rural";1;0;0;0;1;0;0;1
83491455;"19/08/16";"Sexta";"12:20:00";"TO";153;"429";"MIRACEMA DO TOCANTINS";"Não guardar distância de segurança";"Colisão traseira";"Sem Vítimas";"Pleno dia";"Decrescente";"Sol";"Simples";"Reta";"Rural";5;0;0;0;5;0;0;4
83491456;"19/08/16";"Sexta";"17:40:00";"CE";116;"64,1";"CHOROZINHO";"Desobediência à sinalização";"Colisão Transversal";"Com Vítimas Feridas";"Anoitecer";"Crescente";"Ceu Claro";"Simples";"Cruzamento";"Urbano";4;0;1;2;1;0;3;2
83491457;"19/08/16";"Sexta";"16:05:00";"MS";436;"6,5";"APARECIDA DO TABOADO";"Outras";"Tombamento";"Sem Vítimas";"Pleno dia";"Decrescente";"Ceu Claro";"Simples";"Curva";"Rural";1;0;0;0;1;0;0;1
83491458;"19/08/16";"Sexta";"15:50:00";"MG";262;"435,5";"NOVA SERRANA";"Outras";"Colisão traseira";"Sem Vítimas";"Pleno dia";"Crescente";"Ceu Claro";"Dupla";"Reta";"Urbano";3;0;0;0;3;0;0;3
83491459;"19/08/16";"Sexta";"18:01:00";"RS";116;"362,1";"TAPES";"Velocidade incompatível";"Capotamento";"Com Vítimas Feridas";"Anoitecer";"Decrescente";"Chuva";"Simples";"Reta";"Rural";1;0;1;0;0;0;1;1
83491460;"19/08/16";"Sexta";"18:10:00";"SC";470;"55";"BLUMENAU";"Outras";"Saída de Pista";"Sem Vítimas";"Anoitecer";"Decrescente";"Chuva";"Simples";"Reta";"Urbano";1;0;0;0;1;0;0;1
83491461;"19/08/16";"Sexta";"19:10:00";"SP";116;"445";"REGISTRO";"Falta de atenção";"Colisão com bicicleta";"Com Vítimas Feridas";"Plena noite";"Decrescente";"Chuva";"Múltipla";"Reta";"Urbano";4;0;0;1;3;0;1;2
83491462;"19/08/16";"Sexta";"19:15:00";"PR";116;"92";"CURITIBA";"Outras";"Saída de Pista";"Com Vítimas Feridas";"Anoitecer";"Decrescente";"Chuva";"Dupla";"Reta";"Urbano";1;0;0;1;0;0;1;1
83491463;"19/08/16";"Sexta";"17:00:00";"PR";376;"202";"MANDAGUARI";"Outras";"Saída de Pista";"Sem Vítimas";"Pleno dia";"Crescente";"Chuva";"Simples";"Curva";"Rural";2;0;0;0;2;0;0;1
83491464;"19/08/16";"Sexta";"19:07:00";"RS";158;"249,9";"JULIO DE CASTILHOS";"Falta de atenção";"Saída de Pista";"Sem Vítimas";"Plena noite";"Decrescente";"Chuva";"Simples";"Reta";"Rural";1;0;0;0;1;0;0;1
83491465;"19/08/16";"Sexta";"18:00:00";"ES";101;"0";"SERRA";"Falta de atenção";"Atropelamento de pessoa";"Com Vítimas Feridas";"Plena noite";"Crescente";"Ceu Claro";"Múltipla";"Reta";"Urbano";2;0;1;1;0;0;2;1
83491466;"19/08/16";"Sexta";"17:05:00";"SC";480;"129,5";"CHAPECO";"Velocidade incompatível";"Colisão frontal";"Com Vítimas Feridas";"Pleno dia";"Decrescente";"Chuva";"Simples";"Curva";"Urbano";2;0;0;1;1;0;1;2
83491467;"15/08/16";"Segunda";"09:40:00";"SC";282;"48,6";"AGUAS MORNAS";"Velocidade incompatível";"Colisão frontal";"Com Vítimas Feridas";"Pleno dia";"Decrescente";"Chuva";"Simples";"Curva";"Rural";3;0;3;0;0;0;3;2
83491468;"19/08/16";"Sexta";"14:20:00";"RS";392;"1,8";"RIO GRANDE";"Falta de atenção";"Colisão lateral";"Com Vítimas Feridas";"Pleno dia";"Crescente";"Sol";"Simples";"Reta";"Urbano";2;0;1;0;1;0;1;2
83491469;"19/08/16";"Sexta";"18:15:00";"PR";277;"25,1";"MORRETES";"Velocidade incompatível";"Colisão com objeto fixo";"Sem Vítimas";"Plena noite";"Decrescente";"Chuva";"Dupla";"Reta";"Rural";1;0;0;0;1;0;0;1
83491470;"19/08/16";"Sexta";"19:00:00";"PA";316;"18";"MARITUBA";"Falta de atenção";"Colisão lateral";"Sem Vítimas";"Plena noite";"Decrescente";"Ceu Claro";"Dupla";"Reta";"Rural";3;0;0;0;3;0;0;3
83491471;"19/08/16";"Sexta";"17:30:00";"PE";101;"48,6";"ABREU E LIMA";"Falta de atenção";"Colisão Transversal";"Sem Vítimas";"Anoitecer";"Crescente";"Ceu Claro";"Múltipla";"Reta";"Urbano";2;0;0;0;2;0;0;2
83491472;"19/08/16";"Sexta";"19:00:00";"SC";282;"530,3";"CORDILHEIRA ALTA";"Falta de atenção";"Saída de Pista";"Sem Vítimas";"Plena noite";"Crescente";"Chuva";"Simples";"Reta";"Rural";1;0;0;0;1;0;0;1
83491473;"19/08/16";"Sexta";"19:55:00";"PR";369;"91,6";"CORNELIO PROCOPIO";"Falta de atenção";"Saída de Pista";"Com Vítimas Feridas";"Plena noite";"Crescente";"Chuva";"Simples";"Curva";"Rural";1;0;1;0;0;0;1;1
83491474;"19/08/16";"Sexta";"18:50:00";"SC";282;"531,9";"CORDILHEIRA ALTA";"Defeito na via";"Saída de Pista";"Sem Vítimas";"Plena noite";"Crescente";"Chuva";"Simples";"Curva";"Rural";2;0;0;0;1;1;0;1
83491475;"19/08/16";"Sexta";"16:30:00";"SC";101;"175,4";"TIJUCAS";"Velocidade incompatível";"Capotamento";"Com Vítimas Feridas";"Pleno dia";"Decrescente";"Chuva";"Dupla";"Curva";"Rural";1;0;1;0;0;0;1;1
83491476;"19/08/16";"Sexta";"15:00:00";"SC";282;"528,2";"CORDILHEIRA ALTA";"Velocidade incompatível";"Colisão lateral";"Sem Vítimas";"Pleno dia";"Decrescente";"Chuva";"Simples";"Curva";"Urbano";4;0;0;0;3;1;0;3
83491477;"19/08/16";"Sexta";"19:40:00";"SC";280;"42,9";"GUARAMIRIM";"Outras";"Colisão frontal";"Com Vítimas Feridas";"Plena noite";"Decrescente";"Chuva";"Simples";"Reta";"Urbano";2;0;1;0;1;0;1;2
83491478;"19/08/16";"Sexta";"18:45:00";"PR";277;"687";"SAO MIGUEL DO IGUACU";"Falta de atenção";"Colisão Transversal";"Com Vítimas Feridas";"Anoitecer";"Crescente";"Chuva";"Dupla";"Cruzamento";"Urbano";3;0;1;1;1;0;2;2
83491479;"19/08/16";"Sexta";"16:00:00";"RO";174;"14,5";"VILHENA";"Ingestão de álcool";"Colisão traseira";"Sem Vítimas";"Pleno dia";"Crescente";"Ceu Claro";"Simples";"Reta";"Urbano";2;0;0;0;2;0;0;2
83491480;"19/08/16";"Sexta";"18:00:00";"SC";101;"98";"PICARRAS";"Ingestão de álcool";"Colisão traseira";"Sem Vítimas";"Plena noite";"Crescente";"Chuva";"Dupla";"Reta";"Rural";2;0;0;0;2;0;0;2
83491481;"15/08/16";"Segunda";"19:45:00";"MG";40;"643,1";"CONSELHEIRO LAFAIETE";"Falta de atenção";"Colisão com objeto fixo";"Sem Vítimas";"Plena noite";"Decrescente";"Ceu Claro";"Simples";"Curva";"Rural";1;0;0;0;1;0;0;1
83491482;"19/08/16";"Sexta";"17:30:00";"SP";116;"273";"TABOAO DA SERRA";"Defeito na via";"Queda de motocicleta / bicicleta / veículo";"Com Vítimas Feridas";"Anoitecer";"Crescente";"Nublado";"Dupla";"Reta";"Urbano";1;0;0;1;0;0;1;1
83491483;"19/08/16";"Sexta";"16:00:00";"SC";101;"259";"PAULO LOPES";"Velocidade incompatível";"Colisão com objeto fixo";"Com Vítimas Feridas";"Pleno dia";"Crescente";"Chuva";"Dupla";"Curva";"Urbano";1;0;1;0;0;0;1;1
83491484;"19/08/16";"Sexta";"07:30:00";"MA";10;"257,8";"IMPERATRIZ";"Falta de atenção";"Colisão traseira";"Sem Vítimas";"Pleno dia";"Decrescente";"Ceu Claro";"Simples";"Reta";"Urbano";2;0;0;0;1;1;0;2
83491485;"19/08/16";"Sexta";"05:00:00";"MA";226;"485";"SITIO NOVO";"Animais na Pista";"Saída de Pista";"Com Vítimas Feridas";"Amanhecer";"Crescente";"Ceu Claro";"Simples";"Reta";"Rural";1;0;1;0;0;0;1;1
83491486;"19/08/16";"Sexta";"11:30:00";"MG";381;"613,8";"OLIVEIRA";"Velocidade incompatível";"Capotamento";"Sem Vítimas";"Pleno dia";"Crescente";"Sol";"Dupla";"Curva";"Rural";3;0;0;0;3;0;0;1
83491487;"19/08/16";"Sexta";"08:20:00";"SE";101;"175";"SANTA LUZIA DO ITANHY";"Falta de atenção";"Colisão lateral";"Com Vítimas Feridas";"Pleno dia";"Decrescente";"Sol";"Simples";"Reta";"Rural";3;0;0;2;1;0;2;2
83491488;"15/08/16";"Segunda";"19:10:00";"SP";381;"73,5";"MAIRIPORA";"Velocidade incompatível";"Capotamento";"Sem Vítimas";"Plena noite";"Decrescente";"Chuva";"Dupla";"Curva";"Rural";1;0;0;0;1;0;0;1
83491489;"19/08/16";"Sexta";"18:10:00";"PR";277;"669,8";"MEDIANEIRA";"Velocidade incompatível";"Colisão Transversal";"Com Vítimas Feridas";"Anoitecer";"Decrescente";"Chuva";"Dupla";"Reta";"Urbano";3;0;0;2;1;0;2;2
83491490;"19/08/16";"Sexta";"19:00:00";"RJ";101;"506";"ANGRA DOS REIS";"Falta de atenção";"Colisão com bicicleta";"Com Vítimas Feridas";"Plena noite";"Decrescente";"Nublado";"Simples";"Reta";"Urbano";2;0;1;1;0;0;2;2
83491491;"19/08/16";"Sexta";"21:15:00";"SC";280;"54,9";"GUARAMIRIM";"Falta de atenção";"Colisão Transversal";"Com Vítimas Feridas";"Plena noite";"Decrescente";"Chuva";"Simples";"Reta";"Urbano";2;0;1;0;1;0;1;2
83491492;"19/08/16";"Sexta";"13:00:00";"RO";364;"239";"CACOAL";"Desobediência à sinalização";"Colisão Transversal";"Com Vítimas Feridas";"Pleno dia";"Decrescente";"Sol";"Simples";"Reta";"Urbano";3;0;1;0;2;0;1;2
83491493;"19/08/16";"Sexta";"11:00:00";"MS";163;"484";"CAMPO GRANDE";"Falta de atenção";"Colisão Transversal";"Com Vítimas Feridas";"Pleno dia";"Crescente";"Nublado";"Simples";"Reta";"Rural";3;0;0;2;1;0;2;2
83491494;"19/08/16";"Sexta";"20:40:00";"SC";101;"42";"JOINVILLE";"Falta de atenção";"Queda de motocicleta / bicicleta / veículo";"Com Vítimas Feridas";"Plena noite";"Decrescente";"Chuva";"Dupla";"Reta";"Urbano";1;0;1;0;0;0;1;1
83491495;"11/08/16";"Quinta";"16:00:00";"RR";174;"455";"BOA VISTA";"Falta de atenção";"Colisão lateral";"Com Vítimas Feridas";"Pleno dia";"Decrescente";"Ceu Claro";"Simples";"Reta";"Rural";2;0;1;0;1;0;1;2
83491496;"19/08/16";"Sexta";"06:00:00";"MA";226;"495,5";"SITIO NOVO";"Animais na Pista";"Atropelamento de animal";"Com Vítimas Feridas";"Amanhecer";"Crescente";"Sol";"Simples";"Reta";"Rural";1;0;1;0;0;0;1;1
83491497;"19/08/16";"Sexta";"18:50:00";"SP";116;"108,9";"TAUBATE";"Outras";"Colisão lateral";"Com Vítimas Feridas";"Anoitecer";"Crescente";"Ceu Claro";"Dupla";"Reta";"Urbano";2;0;1;0;1;0;1;2
83491498;"19/08/16";"Sexta";"21:00:00";"PR";376;"466,5";"PONTA GROSSA";"Outras";"Saída de Pista";"Com Vítimas Feridas";"Plena noite";"Crescente";"Chuva";"Dupla";"Reta";"Rural";1;0;1;0;0;0;1;1
83491499;"19/08/16";"Sexta";"18:00:00";"MT";364;"346,7";"CUIABA";"Velocidade incompatível";"Saída de Pista";"Sem Vítimas";"Plena noite";"Crescente";"Chuva";"Dupla";"Curva";"Rural";3;0;0;0;3;0;0;1
83491500;"19/08/16";"Sexta";"19:40:00";"SE";101;"51,2";"CARMOPOLIS";"Velocidade incompatível";"Colisão lateral";"Sem Vítimas";"Plena noite";"Decrescente";"Chuva";"Simples";"Reta";"Rural";2;0;0;0;2;0;0;2
83491501;"19/08/16";"Sexta";"21:30:00";"SC";470;"66,4";"INDAIAL";"Falta de atenção";"Saída de Pista";"Sem Vítimas";"Plena noite";"Crescente";"Chuva";"Simples";"Reta";"Urbano";1;0;0;0;1;0;0;1
83491503;"14/08/16";"Domingo";"15:10:00";"PR";376;"514,1";"PONTA GROSSA";"Velocidade incompatível";"Saída de Pista";"Com Vítimas Feridas";"Pleno dia";"Decrescente";"Ignorada";"Dupla";"Curva";"Rural";1;0;1;0;0;0;1;1
83491504;"19/08/16";"Sexta";"21:00:00";"RS";386;"372";"FAZENDA VILANOVA";"Falta de atenção";"Colisão lateral";"Com Vítimas Feridas";"Plena noite";"Decrescente";"Chuva";"Dupla";"Reta";"Urbano";4;0;1;0;3;0;1;2
83491505;"19/08/16";"Sexta";"20:07:00";"MS";163;"505";"JARAGUARI";"Outras";"Tombamento";"Sem Vítimas";"Plena noite";"Decrescente";"Nublado";"Simples";"Reta";"Rural";1;0;0;0;1;0;0;1
83491506;"19/08/16";"Sexta";"18:00:00";"ES";101;"283";"CARIACICA";"Outras";"Colisão com objeto fixo";"Sem Vítimas";"Pleno dia";"Decrescente";"Ceu Claro";"Dupla";"Reta";"Urbano";1;0;0;0;1;0;0;1
83491507;"19/08/16";"Sexta";"17:40:00";"SP";153;"62";"SAO JOSE DO RIO PRETO";"Não guardar distância de segurança";"Colisão traseira";"Com Vítimas Feridas";"Pleno dia";"Crescente";"Sol";"Dupla";"Reta";"Urbano";4;0;2;0;2;0;2;3
83491508;"19/08/16";"Sexta";"18:30:00";"PR";116;"23,2";"ANTONINA";"Velocidade incompatível";"Colisão com objeto fixo";"Sem Vítimas";"Plena noite";"Decrescente";"Chuva";"Dupla";"Curva";"Rural";1;0;0;0;1;0;0;1
83491509;"19/08/16";"Sexta";"18:00:00";"PR";116;"6";"CAMPINA GRANDE DO SUL";"Outras";"Colisão com objeto fixo";"Sem Vítimas";"Plena noite";"Crescente";"Chuva";"Dupla";"Curva";"Rural";1;0;0;0;1;0;0;1
83491510;"19/08/16";"Sexta";"19:41:00";"PR";376;"217";"JANDAIA DO SUL";"Falta de atenção";"Colisão Transversal";"Com Vítimas Feridas";"Anoitecer";"Decrescente";"Chuva";"Simples";"Reta";"Urbano";2;0;1;1;0;0;2;2
83491511;"19/08/16";"Sexta";"08:15:00";"GO";153;"504";"APARECIDA DE GOIANIA";"Falta de atenção";"Colisão traseira";"Sem Vítimas";"Pleno dia";"Decrescente";"Ceu Claro";"Dupla";"Reta";"Urbano";5;0;0;0;5;0;0;4
83491512;"19/08/16";"Sexta";"17:32:00";"RN";304;"42,5";"MOSSORO";"Ingestão de álcool";"Colisão traseira";"Com Vítimas Feridas";"Pleno dia";"Crescente";"Sol";"Dupla";"Reta";"Urbano";2;0;2;0;0;0;2;2
83491513;"19/08/16";"Sexta";"16:15:00";"SP";116;"216";"GUARULHOS";"Outras";"Colisão traseira";"Sem Vítimas";"Pleno dia";"Decrescente";"Ceu Claro";"Múltipla";"Reta";"Urbano";2;0;0;0;2;0;0;2
83491514;"17/08/16";"Quarta";"17:10:00";"SC";470;"64";"INDAIAL";"Outras";"Atropelamento de pessoa";"Com Vítimas Feridas";"Plena noite";"Crescente";"Nublado";"Simples";"Reta";"Urbano";2;0;0;1;1;0;1;1
83491515;"19/08/16";"Sexta";"15:00:00";"GO";40;"2,3";"VALPARAISO DE GOIAS";"Falta de atenção";"Colisão Transversal";"Com Vítimas Feridas";"Pleno dia";"Crescente";"Ceu Claro";"Dupla";"Reta";"Urbano";3;0;0;2;1;0;2;2
83491516;"19/08/16";"Sexta";"22:26:00";"SC";101;"203";"SAO JOSE";"Desobediência à sinalização";"Colisão Transversal";"Com Vítimas Feridas";"Plena noite";"Crescente";"Chuva";"Múltipla";"Reta";"Urbano";2;0;1;0;1;0;1;2
83491517;"19/08/16";"Sexta";"21:45:00";"RR";174;"500";"BOA VISTA";"Ingestão de álcool";"Colisão com bicicleta";"Com Vítimas Feridas";"Plena noite";"Decrescente";"Ceu Claro";"Dupla";"Reta";"Urbano";3;0;3;0;0;0;3;3
83491518;"19/08/16";"Sexta";"22:05:00";"SC";282;"56,3";"RANCHO QUEIMADO";"Velocidade incompatível";"Capotamento";"Sem Vítimas";"Plena noite";"Crescente";"Chuva";"Simples";"Curva";"Rural";1;0;0;0;1;0;0;1
83491519;"19/08/16";"Sexta";"21:30:00";"ES";262;"3,9";"CARIACICA";"Falta de atenção";"Colisão Transversal";"Com Vítimas Feridas";"Plena noite";"Crescente";"Ceu Claro";"Dupla";"Reta";"Urbano";3;0;1;0;2;0;1;3
83491520;"19/08/16";"Sexta";"19:40:00";"RS";470;"274";"SAO JOSE DO SUL";"Outras";"Colisão lateral";"Com Vítimas Fatais";"Plena noite";"Crescente";"Chuva";"Simples";"Reta";"Rural";2;1;0;0;1;0;0;2
83491521;"19/08/16";"Sexta";"18:00:00";"PR";116;"17";"ANTONINA";"Outras";"Colisão com objeto fixo";"Sem Vítimas";"Plena noite";"Decrescente";"Chuva";"Dupla";"Curva";"Rural";1;0;0;0;1;0;0;1
83491522;"15/08/16";"Segunda";"09:20:00";"SE";101;"150";"ESTANCIA";"Falta de atenção";"Colisão lateral";"Com Vítimas Feridas";"Pleno dia";"Decrescente";"Sol";"Dupla";"Reta";"Urbano";3;0;2;0;1;0;2;2
83491523;"19/08/16";"Sexta";"18:30:00";"MT";70;"676,5";"CACERES";"Outras";"Queda de motocicleta / bicicleta / veículo";"Com Vítimas Fatais";"Plena noite";"Crescente";"Ceu Claro";"Simples";"Curva";"Rural";2;1;0;0;1;0;0;2
83491524;"19/08/16";"Sexta";"14:55:00";"SP";101;"45,1";"UBATUBA";"Falta de atenção";"Colisão Transversal";"Sem Vítimas";"Pleno dia";"Crescente";"Nublado";"Simples";"Reta";"Urbano";2;0;0;0;2;0;0;2
83491525;"15/08/16";"Segunda";"12:35:00";"SC";101;"85,6";"BARRA VELHA";"Falta de atenção";"Colisão traseira";"Com Vítimas Feridas";"Pleno dia";"Crescente";"Chuva";"Dupla";"Reta";"Urbano";3;0;2;0;1;0;2;2
83491526;"19/08/16";"Sexta";"20:00:00";"RO";364;"342";"JI-PARANA";"Ingestão de álcool";"Colisão Transversal";"Sem Vítimas";"Plena noite";"Crescente";"Ceu Claro";"Dupla";"Cruzamento";"Urbano";2;0;0;0;2;0;0;2
83491527;"19/08/16";"Sexta";"22:00:00";"GO";60;"222,4";"CEZARINA";"Outras";"Colisão lateral";"Sem Vítimas";"Plena noite";"Decrescente";"Vento";"Dupla";"Reta";"Rural";2;0;0;0;1;1;0;2
83491529;"19/08/16";"Sexta";"21:10:00";"SP";116;"225";"GUARULHOS";"Outras";"Colisão traseira";"Sem Vítimas";"Plena noite";"Crescente";"Ceu Claro";"Múltipla";"Reta";"Urbano";3;0;0;0;3;0;0;3