"id";"data_inversa";"dia_semana";"horario";"uf";"br";"km";"municipio";"causa_acidente";"tipo_acidente";"classificacao_acidente";"fase_dia";"sentido_via";"condicao_metereologica";"tipo_pista";"tracado_via";"uso_solo";"pessoas";"mortos";"feridos_leves";"feridos_graves";"ilesos";"ignorados";"feridos";"veiculos"
83491530;"19/08/16";"Sexta";"21:45:00";"PR";277;"239,8";"IRATI";"Animais na Pista";"Atropelamento de animal";"Com Vítimas Feridas";"Plena noite";"Crescente";"Chuva";"Simples";"Reta";"Rural";1;0;0;1;0;0;1;1
83491531;"19/08/16";"Sexta";"21:30:00";"SE";101;"97";"SAO CRISTOVAO";"Outras";"Atropelamento de pessoa";"Com Vítimas Feridas";"Plena noite";"Crescente";"Chuva";"Dupla";"Reta";"Rural";2;0;0;1;0;1;1;1
83491532;"19/08/16";"Sexta";"22:00:00";"MG";50;"72";"UBERLANDIA";"Ingestão de álcool";"Atropelamento de pessoa";"Com Vítimas Feridas";"Plena noite";"Crescente";"Ceu Claro";"Dupla";"Reta";"Urbano";2;0;0;1;1;0;1;1
83491533;"19/08/16";"Sexta";"23:00:00";"SC";101;"190";"BIGUACU";"Velocidade incompatível";"Colisão com objeto fixo";"Sem Vítimas";"Plena noite";"Decrescente";"Chuva";"Múltipla";"Reta";"Urbano";1;0;0;0;1;0;0;1
83491534;"19/08/16";"Sexta";"21:50:00";"SP";116;"554";"BARRA DO TURVO";"Velocidade incompatível";"Capotamento";"Com Vítimas Feridas";"Plena noite";"Crescente";"Chuva";"Dupla";"Curva";"Rural";1;0;0;1;0;0;1;1
83491535;"19/08/16";"Sexta";"16:20:00";"SC";116;"184,5";"SAO CRISTOVAO DO SUL";"Não guardar distância de segurança";"Colisão traseira";"Sem Vítimas";"Pleno dia";"Crescente";"Chuva";"Simples";"Cruzamento";"Urbano";2;0;0;0;2;0;0;2
83491536;"19/08/16";"Sexta";"18:30:00";"PR";487;"203,3";"CAMPO MOURAO";"Ultrapassagem indevida";"Colisão frontal";"Com Vítimas Feridas";"Anoitecer";"Decrescente";"Chuva";"Simples";"Reta";"Rural";3;0;0;2;1;0;2;3
83491537;"15/08/16";"Segunda";"07:50:00";"PB";230;"33,5";"BAYEUX";"Ingestão de álcool";"Colisão traseira";"Com Vítimas Feridas";"Amanhecer";"Decrescente";"Ceu Claro";"Dupla";"Curva";"Urbano";3;0;1;0;2;0;1;3
83491538;"19/08/16";"Sexta";"17:55:00";"SC";116;"169,3";"PONTE ALTA DO NORTE";"Outras";"Colisão com objeto fixo";"Sem Vítimas";"Anoitecer";"Decrescente";"Chuva";"Simples";"Reta";"Rural";1;0;0;0;1;0;0;1
83491539;"19/08/16";"Sexta";"14:25:00";"RS";470;"175,6";"VERANOPOLIS";"Falta de atenção";"Colisão Transversal";"Sem Vítimas";"Pleno dia";"Crescente";"Chuva";"Simples";"Curva";"Urbano";2;0;0;0;2;0;0;2
83491540;"14/08/16";"Domingo";"22:50:00";"PE";232;"164";"TACAIMBO";"Ultrapassagem indevida";"Colisão frontal";"Com Vítimas Feridas";"Plena noite";"Decrescente";"Ceu Claro";"Simples";"Reta";"Rural";2;0;0;1;0;1;1;2
83491541;"19/08/16";"Sexta";"20:30:00";"AM";174;"941,1";"MANAUS";"Falta de atenção";"Saída de Pista";"Com Vítimas Feridas";"Plena noite";"Decrescente";"Ceu Claro";"Simples";"Reta";"Rural";1;0;1;0;0;0;1;1
83491542;"19/08/16";"Sexta";"17:20:00";"AC";364;"137";"RIO BRANCO";"Desobediência à sinalização";"Colisão frontal";"Com Vítimas Feridas";"Anoitecer";"Crescente";"Ceu Claro";"Dupla";"Reta";"Urbano";3;0;1;1;1;0;2;3
83491543;"19/08/16";"Sexta";"19:45:00";"SP";116;"231";"SAO PAULO";"Não guardar distância de segurança";"Colisão traseira";"Sem Vítimas";"Plena noite";"Crescente";"Nublado";"Múltipla";"Reta";"Urbano";2;0;0;0;2;0;0;2
83491544;"19/08/16";"Sexta";"20:30:00";"MG";262;"27,2";"REDUTO";"Falta de atenção";"Colisão lateral";"Com Vítimas Fatais";"Plena noite";"Crescente";"Ceu Claro";"Simples";"Reta";"Rural";3;1;1;1;0;0;2;2
83491545;"20/08/16";"Sábado";"00:40:00";"PR";376;"657";"TIJUCAS DO SUL";"Velocidade incompatível";"Capotamento";"Com Vítimas Feridas";"Plena noite";"Decrescente";"Chuva";"Dupla";"Curva";"Rural";4;0;1;0;3;0;1;1
83491546;"19/08/16";"Sexta";"19:00:00";"GO";414;"403,7";"ANAPOLIS";"Outras";"Colisão lateral";"Com Vítimas Feridas";"Plena noite";"Crescente";"Ceu Claro";"Simples";"Curva";"Rural";6;0;5;0;1;0;5;2
83491547;"19/08/16";"Sexta";"18:40:00";"RS";386;"420";"MONTENEGRO";"Outras";"Saída de Pista";"Sem Vítimas";"Anoitecer";"Decrescente";"Ceu Claro";"Dupla";"Reta";"Urbano";1;0;0;0;1;0;0;1
83491548;"20/08/16";"Sábado";"00:23:00";"PR";376;"168";"MARINGA";"Ingestão de álcool";"Saída de Pista";"Sem Vítimas";"Plena noite";"Decrescente";"Chuva";"Dupla";"Reta";"Rural";1;0;0;0;1;0;0;1
83491549;"19/08/16";"Sexta";"19:00:00";"RR";174;"542";"BOA VISTA";"Falta de atenção";"Colisão traseira";"Com Vítimas Feridas";"Plena noite";"Crescente";"Ceu Claro";"Simples";"Reta";"Rural";4;0;0;1;3;0;1;2
83491550;"19/08/16";"Sexta";"20:30:00";"DF";20;"17";"BRASILIA";"Falta de atenção";"Queda de motocicleta / bicicleta / veículo";"Com Vítimas Feridas";"Plena noite";"Decrescente";"Ceu Claro";"Dupla";"Reta";"Urbano";3;0;1;1;0;1;2;3
83491551;"19/08/16";"Sexta";"22:15:00";"SP";116;"449,5";"REGISTRO";"Falta de atenção";"Colisão com objeto móvel";"Sem Vítimas";"Plena noite";"Decrescente";"Nublado";"Dupla";"Reta";"Urbano";2;0;0;0;2;0;0;2
83491552;"16/08/16";"Terça";"03:30:00";"SC";101;"96,1";"PICARRAS";"Outras";"Saída de Pista";"Com Vítimas Feridas";"Plena noite";"Crescente";"Nublado";"Dupla";"Reta";"Rural";1;0;0;1;0;0;1;1
83491553;"19/08/16";"Sexta";"09:30:00";"AM";174;"990";"PRESIDENTE FIGUEIREDO";"Velocidade incompatível";"Tombamento";"Sem Vítimas";"Pleno dia";"Decrescente";"Ceu Claro";"Dupla";"Curva";"Urbano";1;0;0;0;1;0;0;1
83491554;"19/08/16";"Sexta";"10:00:00";"PB";230;"237,4";"JUAZEIRINHO";"Falta de atenção";"Colisão traseira";"Com Vítimas Feridas";"Pleno dia";"Crescente";"Ceu Claro";"Simples";"Reta";"Rural";3;0;1;1;0;1;2;2
83491555;"20/08/16";"Sábado";"01:35:00";"MG";146;"515,4";"POCOS DE CALDAS";"Dormindo";"Saída de Pista";"Sem Vítimas";"Plena noite";"Decrescente";"Ceu Claro";"Simples";"Curva";"Rural";1;0;0;0;1;0;0;1
83491556;"19/08/16";"Sexta";"21:45:00";"SC";101;"335,6";"TUBARAO";"Falta de atenção";"Saída de Pista";"Com Vítimas Feridas";"Plena noite";"Decrescente";"Chuva";"Dupla";"Reta";"Urbano";2;0;1;0;1;0;1;1
83491557;"19/08/16";"Sexta";"19:00:00";"AL";101;"19,6";"JOAQUIM GOMES";"Outras";"Capotamento";"Sem Vítimas";"Plena noite";"Decrescente";"Chuva";"Dupla";"Curva";"Rural";1;0;0;0;1;0;0;1
83491558;"15/08/16";"Segunda";"16:30:00";"MA";135;"24,6";"SAO LUIS";"Não guardar distância de segurança";"Colisão traseira";"Com Vítimas Feridas";"Pleno dia";"Decrescente";"Sol";"Dupla";"Reta";"Rural";6;0;1;0;4;1;1;6
83491560;"19/08/16";"Sexta";"10:40:00";"AL";101;"87,4";"RIO LARGO";"Outras";"Colisão lateral";"Sem Vítimas";"Pleno dia";"Crescente";"Chuva";"Simples";"Curva";"Rural";2;0;0;0;2;0;0;2
83491561;"20/08/16";"Sábado";"01:00:00";"PE";101;"49,4";"ABREU E LIMA";"Outras";"Saída de Pista";"Ignorado";"Plena noite";"Crescente";"Ceu Claro";"Múltipla";"Curva";"Urbano";3;0;0;0;0;3;0;3
83491562;"20/08/16";"Sábado";"00:30:00";"TO";153;"560,1";"FATIMA";"Falta de atenção";"Colisão traseira";"Com Vítimas Feridas";"Plena noite";"Decrescente";"Ceu Claro";"Dupla";"Reta";"Urbano";2;0;0;1;1;0;1;2
83491563;"20/08/16";"Sábado";"02:25:00";"SC";101;"129";"BALNEARIO CAMBORIU";"Falta de atenção";"Colisão com objeto fixo";"Sem Vítimas";"Plena noite";"Decrescente";"Nublado";"Dupla";"Reta";"Urbano";1;0;0;0;1;0;0;1
83491564;"19/08/16";"Sexta";"18:00:00";"PR";277;"162,8";"PALMEIRA";"Outras";"Saída de Pista";"Sem Vítimas";"Plena noite";"Crescente";"Chuva";"Simples";"Curva";"Rural";1;0;0;0;1;0;0;1
83491565;"19/08/16";"Sexta";"19:30:00";"MT";163;"585";"NOVA MUTUM";"Falta de atenção";"Saída de Pista";"Sem Vítimas";"Plena noite";"Decrescente";"Chuva";"Simples";"Reta";"Rural";2;0;0;0;2;0;0;1
83491566;"19/08/16";"Sexta";"23:40:00";"RS";471;"149,8";"SANTA CRUZ DO SUL";"Outras";"Saída de Pista";"Com Vítimas Feridas";"Plena noite";"Decrescente";"Nublado";"Simples";"Reta";"Urbano";3;0;1;0;2;0;1;1
83491567;"16/08/16";"Terça";"06:30:00";"GO";153;"501,2";"GOIANIA";"Falta de atenção";"Colisão traseira";"Sem Vítimas";"Amanhecer";"Decrescente";"Chuva";"Dupla";"Reta";"Urbano";5;0;0;0;5;0;0;5
83491568;"19/08/16";"Sexta";"20:15:00";"AL";101;"73,9";"MESSIAS";"Outras";"Atropelamento de pessoa";"Com Vítimas Feridas";"Plena noite";"Decrescente";"Chuva";"Simples";"Reta";"Urbano";2;0;1;1;0;0;2;1
83491569;"20/08/16";"Sábado";"03:45:00";"RS";116;"254,8";"SAPUCAIA DO SUL";"Animais na Pista";"Atropelamento de animal";"Com Vítimas Feridas";"Plena noite";"Decrescente";"Nublado";"Dupla";"Reta";"Urbano";2;0;1;0;1;0;1;1
83491570;"19/08/16";"Sexta";"16:30:00";"BA";407;"169,6";"FILADELFIA";"Ingestão de álcool";"Colisão Transversal";"Com Vítimas Feridas";"Pleno dia";"Decrescente";"Ceu Claro";"Simples";"Reta";"Rural";2;0;0;1;1;0;1;2
83491571;"19/08/16";"Sexta";"13:30:00";"MT";364;"605";"DIAMANTINO";"Defeito mecânico em veículo";"Tombamento";"Sem Vítimas";"Pleno dia";"Decrescente";"Nublado";"Simples";"Curva";"Rural";1;0;0;0;1;0;0;1
83491572;"20/08/16";"Sábado";"04:15:00";"PR";376;"170,3";"MARINGA";"Falta de atenção";"Colisão com objeto fixo";"Sem Vítimas";"Plena noite";"Decrescente";"Nublado";"Dupla";"Reta";"Urbano";1;0;0;0;1;0;0;1
83491573;"19/08/16";"Sexta";"13:00:00";"MA";316;"361";"SANTA INES";"Outras";"Colisão Transversal";"Sem Vítimas";"Pleno dia";"Crescente";"Ceu Claro";"Simples";"Cruzamento";"Urbano";2;0;0;0;2;0;0;2
83491574;"19/08/16";"Sexta";"12:30:00";"SC";101;"330";"TUBARAO";"Falta de atenção";"Saída de Pista";"Com Vítimas Feridas";"Pleno dia";"Crescente";"Chuva";"Dupla";"Reta";"Rural";1;0;1;0;0;0;1;1
83491575;"17/08/16";"Quarta";"16:00:00";"PI";135;"215";"ELISEU MARTINS";"Defeito na via";"Saída de Pista";"Com Vítimas Fatais";"Pleno dia";"Decrescente";"Ceu Claro";"Simples";"Reta";"Rural";1;1;0;0;0;0;0;1
83491576;"19/08/16";"Sexta";"19:45:00";"SC";101;"242";"PALHOCA";"Animais na Pista";"Atropelamento de animal";"Sem Vítimas";"Plena noite";"Crescente";"Chuva";"Dupla";"Reta";"Urbano";1;0;0;0;1;0;0;1
83491578;"20/08/16";"Sábado";"00:20:00";"SP";116;"417,2";"JUQUIA";"Falta de atenção";"Colisão lateral";"Sem Vítimas";"Plena noite";"Crescente";"Chuva";"Dupla";"Curva";"Rural";2;0;0;0;2;0;0;2
83491579;"20/08/16";"Sábado";"04:00:00";"SC";101;"210";"SAO JOSE";"Ingestão de álcool";"Capotamento";"Com Vítimas Feridas";"Plena noite";"Decrescente";"Nublado";"Múltipla";"Reta";"Urbano";3;0;3;0;0;0;3;1
83491580;"20/08/16";"Sábado";"02:20:00";"MG";459;"98,5";"POUSO ALEGRE";"Ingestão de álcool";"Colisão traseira";"Com Vítimas Feridas";"Plena noite";"Crescente";"Ceu Claro";"Dupla";"Cruzamento";"Rural";2;0;0;1;1;0;1;2
83491581;"19/08/16";"Sexta";"11:30:00";"GO";153;"654";"GOIATUBA";"Defeito mecânico em veículo";"Queda de motocicleta / bicicleta / veículo";"Com Vítimas Feridas";"Pleno dia";"Crescente";"Ceu Claro";"Dupla";"Reta";"Rural";1;0;1;0;0;0;1;1
83491582;"20/08/16";"Sábado";"01:50:00";"SP";116;"514,5";"CAJATI";"Velocidade incompatível";"Tombamento";"Com Vítimas Fatais";"Plena noite";"Decrescente";"Chuva";"Simples";"Curva";"Rural";2;1;0;1;0;0;1;1
83491583;"19/08/16";"Sexta";"15:00:00";"SC";101;"363";"SANGAO";"Outras";"Saída de Pista";"Com Vítimas Feridas";"Pleno dia";"Crescente";"Chuva";"Dupla";"Curva";"Rural";1;0;1;0;0;0;1;1
83491584;"19/08/16";"Sexta";"19:30:00";"PR";116;"28";"CAMPINA GRANDE DO SUL";"Velocidade incompatível";"Capotamento";"Com Vítimas Feridas";"Plena noite";"Decrescente";"Chuva";"Dupla";"Curva";"Rural";4;0;1;0;3;0;1;2
83491585;"19/08/16";"Sexta";"22:00:00";"PA";316;"72";"CASTANHAL";"Animais na Pista";"Saída de Pista";"Com Vítimas Feridas";"Plena noite";"Crescente";"Ignorada";"Simples";"Curva";"Rural";1;0;1;0;0;0;1;1
83491586;"16/08/16";"Terça";"00:40:00";"RS";290;"139";"ELDORADO DO SUL";"Animais na Pista";"Atropelamento de animal";"Sem Vítimas";"Plena noite";"Crescente";"Ceu Claro";"Simples";"Reta";"Rural";1;0;0;0;1;0;0;1
83491587;"20/08/16";"Sábado";"05:10:00";"SC";101;"336,5";"TUBARAO";"Dormindo";"Colisão com objeto fixo";"Sem Vítimas";"Amanhecer";"Crescente";"Nublado";"Dupla";"Cruzamento";"Urbano";1;0;0;0;1;0;0;1
83491588;"19/08/16";"Sexta";"11:30:00";"ES";259;"39,5";"COLATINA";"Outras";"Atropelamento de animal";"Com Vítimas Feridas";"Plena noite";"Decrescente";"Ceu Claro";"Simples";"Reta";"Rural";2;0;2;0;0;0;2;1
83491589;"20/08/16";"Sábado";"02:20:00";"GO";60;"101,3";"ANAPOLIS";"Ingestão de álcool";"Saída de Pista";"Com Vítimas Feridas";"Plena noite";"Crescente";"Ceu Claro";"Dupla";"Reta";"Urbano";1;0;1;0;0;0;1;1
83491590;"20/08/16";"Sábado";"00:50:00";"AL";104;"20,2";"SAO JOSE DA LAJE";"Dormindo";"Saída de Pista";"Com Vítimas Feridas";"Plena noite";"Crescente";"Chuva";"Simples";"Curva";"Rural";1;0;0;1;0;0;1;1
83491591;"19/08/16";"Sexta";"17:20:00";"PR";376;"386,9";"IMBAU";"Falta de atenção";"Colisão Transversal";"Com Vítimas Feridas";"Anoitecer";"Decrescente";"Chuva";"Simples";"Reta";"Urbano";5;0;3;0;2;0;3;3
83491592;"20/08/16";"Sábado";"04:00:00";"PR";116;"4";"CAMPINA GRANDE DO SUL";"Velocidade incompatível";"Capotamento";"Sem Vítimas";"Amanhecer";"Crescente";"Chuva";"Dupla";"Reta";"Rural";1;0;0;0;1;0;0;1
83491593;"05/08/16";"Sexta";"20:30:00";"PE";232;"198";"SANHARO";"Falta de atenção";"Queda de motocicleta / bicicleta / veículo";"Com Vítimas Fatais";"Plena noite";"Crescente";"Ceu Claro";"Simples";"Reta";"Rural";3;1;0;0;2;0;0;2
83491594;"20/08/16";"Sábado";"06:15:00";"MG";146;"514,7";"POCOS DE CALDAS";"Velocidade incompatível";"Saída de Pista";"Sem Vítimas";"Amanhecer";"Crescente";"Chuva";"Simples";"Curva";"Rural";1;0;0;0;1;0;0;1
83491595;"20/08/16";"Sábado";"05:30:00";"MA";10;"151,8";"PORTO FRANCO";"Ingestão de álcool";"Saída de Pista";"Com Vítimas Feridas";"Plena noite";"Crescente";"Ceu Claro";"Simples";"Reta";"Rural";1;0;0;1;0;0;1;1
83491596;"20/08/16";"Sábado";"04:45:00";"RS";472;"591,4";"URUGUAIANA";"Animais na Pista";"Atropelamento de animal";"Com Vítimas Feridas";"Plena noite";"Decrescente";"Ceu Claro";"Simples";"Curva";"Rural";1;0;1;0;0;0;1;1
83491597;"15/08/16";"Segunda";"18:40:00";"CE";222;"32";"CAUCAIA";"Não guardar distância de segurança";"Colisão traseira";"Sem Vítimas";"Plena noite";"Decrescente";"Ceu Claro";"Simples";"Reta";"Rural";4;0;0;0;4;0;0;4
83491598;"20/08/16";"Sábado";"05:00:00";"ES";101;"332";"GUARAPARI";"Não guardar distância de segurança";"Saída de Pista";"Sem Vítimas";"Amanhecer";"Decrescente";"Ceu Claro";"Simples";"Reta";"Rural";1;0;0;0;1;0;0;1
83491600;"15/08/16";"Segunda";"05:45:00";"SC";101;"193,4";"BIGUACU";"Outras";"Atropelamento de pessoa";"Com Vítimas Feridas";"Plena noite";"Decrescente";"Chuva";"Múltipla";"Reta";"Urbano";2;0;0;1;1;0;1;1
83491601;"19/08/16";"Sexta";"20:20:00";"MS";163;"808";"PEDRO GOMES";"Animais na Pista";"Atropelamento de animal";"Com Vítimas Feridas";"Plena noite";"Crescente";"Ceu Claro";"Simples";"Reta";"Rural";1;0;0;1;0;0;1;1
83491603;"20/08/16";"Sábado";"04:30:00";"RS";386;"16,3";"IRAI";"Velocidade incompatível";"Tombamento";"Sem Vítimas";"Plena noite";"Crescente";"Nublado";"Simples";"Curva";"Rural";1;0;0;0;1;0;0;1
83491604;"19/08/16";"Sexta";"22:45:00";"PR";277;"466";"NOVA LARANJEIRAS";"Dormindo";"Saída de Pista";"Sem Vítimas";"Plena noite";"Decrescente";"Chuva";"Simples";"Curva";"Rural";1;0;0;0;1;0;0;1
83491605;"08/08/16";"Segunda";"07:30:00";"BA";324;"481,3";"TANQUINHO";"Outras";"Capotamento";"Com Vítimas Feridas";"Pleno dia";"Crescente";"Sol";"Simples";"Reta";"Rural";16;0;12;1;2;1;13;2
83491606;"16/08/16";"Terça";"02:50:00";"SP";381;"85,5";"SAO PAULO";"Falta de atenção";"Queda de motocicleta / bicicleta / veículo";"Com Vítimas Feridas";"Plena noite";"Crescente";"Ceu Claro";"Dupla";"Reta";"Urbano";1;0;1;0;0;0;1;1
83491607;"20/08/16";"Sábado";"06:50:00";"SC";282;"519,7";"XAXIM";"Velocidade incompatível";"Capotamento";"Com Vítimas Feridas";"Amanhecer";"Crescente";"Chuva";"Simples";"Curva";"Rural";2;0;2;0;0;0;2;1
83491608;"20/08/16";"Sábado";"06:05:00";"ES";262;"28,7";"VIANA";"Velocidade incompatível";"Derramamento de Carga";"Sem Vítimas";"Amanhecer";"Crescente";"Ceu Claro";"Simples";"Curva";"Rural";1;0;0;0;1;0;0;1
83491609;"17/08/16";"Quarta";"02:00:00";"BA";367;"40,3";"PORTO SEGURO";"Falta de atenção";"Saída de Pista";"Sem Vítimas";"Plena noite";"Crescente";"Ceu Claro";"Simples";"Curva";"Rural";1;0;0;0;1;0;0;1
83491610;"17/08/16";"Quarta";"07:00:00";"SP";116;"78,4";"ROSEIRA";"Falta de atenção";"Colisão traseira";"Sem Vítimas";"Pleno dia";"Decrescente";"Sol";"Dupla";"Reta";"Urbano";2;0;0;0;1;1;0;2
83491611;"16/08/16";"Terça";"20:00:00";"ES";101;"245,9";"SERRA";"Outras";"Colisão traseira";"Sem Vítimas";"Plena noite";"Decrescente";"Ignorada";"Simples";"Reta";"Rural";2;0;0;0;2;0;0;2
83491612;"20/08/16";"Sábado";"05:10:00";"SC";282;"441,2";"PONTE SERRADA";"Falta de atenção";"Colisão lateral";"Com Vítimas Feridas";"Plena noite";"Decrescente";"Nublado";"Simples";"Curva";"Rural";2;0;2;0;0;0;2;2
83491613;"16/08/16";"Terça";"18:45:00";"PR";369;"166,6";"CAMBE";"Defeito mecânico em veículo";"Danos Eventuais";"Sem Vítimas";"Plena noite";"Decrescente";"Ceu Claro";"Dupla";"Reta";"Rural";1;0;0;0;1;0;0;1
83491614;"17/08/16";"Quarta";"06:40:00";"BA";324;"624";"SALVADOR";"Não guardar distância de segurança";"Colisão traseira";"Com Vítimas Feridas";"Pleno dia";"Crescente";"Ceu Claro";"Dupla";"Reta";"Urbano";4;0;1;0;3;0;1;3
83491615;"20/08/16";"Sábado";"02:20:00";"PR";116;"42";"CAMPINA GRANDE DO SUL";"Velocidade incompatível";"Capotamento";"Ignorado";"Plena noite";"Decrescente";"Chuva";"Dupla";"Curva";"Rural";1;0;0;0;0;1;0;1
83491617;"17/08/16";"Quarta";"05:15:00";"RS";287;"353";"JAGUARI";"Outras";"Colisão com objeto fixo";"Sem Vítimas";"Plena noite";"Decrescente";"Chuva";"Simples";"Curva";"Rural";1;0;0;0;1;0;0;1
83491618;"17/08/16";"Quarta";"02:00:00";"PR";153;"452";"UNIAO DA VITORIA";"Outras";"Saída de Pista";"Sem Vítimas";"Plena noite";"Decrescente";"Nevoeiro/neblina";"Simples";"Curva";"Rural";1;0;0;0;1;0;0;1
83491619;"18/08/16";"Quinta";"20:40:00";"PI";316;"3,3";"TERESINA";"Falta de atenção";"Colisão Transversal";"Com Vítimas Feridas";"Plena noite";"Decrescente";"Ceu Claro";"Múltipla";"Cruzamento";"Urbano";2;0;1;0;1;0;1;2
83491620;"19/08/16";"Sexta";"11:00:00";"BA";324;"402";"NOVA FATIMA";"Outras";"Colisão lateral";"Sem Vítimas";"Pleno dia";"Decrescente";"Ceu Claro";"Simples";"Reta";"Urbano";2;0;0;0;1;1;0;2
83491621;"16/08/16";"Terça";"15:00:00";"PA";230;"117";"MARABA";"Falta de atenção";"Colisão lateral";"Sem Vítimas";"Pleno dia";"Decrescente";"Ceu Claro";"Simples";"Reta";"Urbano";2;0;0;0;2;0;0;2
83491622;"14/08/16";"Domingo";"20:10:00";"GO";40;"8,2";"LUZIANIA";"Ingestão de álcool";"Colisão lateral";"Sem Vítimas";"Plena noite";"Decrescente";"Ceu Claro";"Dupla";"Reta";"Urbano";2;0;0;0;2;0;0;2
83491623;"12/08/16";"Sexta";"10:30:00";"RJ";101;"283";"ITABORAI";"Falta de atenção";"Saída de Pista";"Sem Vítimas";"Pleno dia";"Decrescente";"Ceu Claro";"Dupla";"Curva";"Rural";1;0;0;0;1;0;0;1
83491624;"18/07/16";"Segunda";"16:20:00";"MT";70;"160";"GENERAL CARNEIRO";"Outras";"Saída de Pista";"Com Vítimas Feridas";"Pleno dia";"Decrescente";"Ceu Claro";"Simples";"Reta";"Rural";3;0;0;1;2;0;1;1
83491625;"20/08/16";"Sábado";"07:30:00";"RS";290;"583";"ALEGRETE";"Ingestão de álcool";"Saída de Pista";"Sem Vítimas";"Amanhecer";"Decrescente";"Ceu Claro";"Simples";"Cruzamento";"Urbano";1;0;0;0;1;0;0;1
83491626;"24/05/16";"Terça";"18:10:00";"MG";116;"417";"GOVERNADOR VALADARES";"Defeito na via";"Queda de motocicleta / bicicleta / veículo";"Com Vítimas Feridas";"Pleno dia";"Crescente";"Ceu Claro";"Dupla";"Reta";"Urbano";1;0;0;1;0;0;1;1
83491627;"20/08/16";"Sábado";"04:00:00";"SP";116;"426";"JUQUIA";"Falta de atenção";"Colisão traseira";"Sem Vítimas";"Amanhecer";"Crescente";"Chuva";"Simples";"Curva";"Rural";2;0;0;0;2;0;0;2
83491628;"15/08/16";"Segunda";"16:15:00";"CE";222;"28";"CAUCAIA";"Outras";"Colisão lateral";"Com Vítimas Feridas";"Pleno dia";"Decrescente";"Ceu Claro";"Simples";"Reta";"Rural";2;0;1;0;1;0;1;2
83491629;"04/08/16";"Quinta";"09:40:00";"MG";40;"730";"OLIVEIRA FORTES";"Velocidade incompatível";"Colisão com objeto fixo";"Sem Vítimas";"Pleno dia";"Decrescente";"Chuva";"Dupla";"Curva";"Rural";1;0;0;0;1;0;0;1
83491630;"19/08/16";"Sexta";"01:10:00";"SP";116;"521";"CAJATI";"Velocidade incompatível";"Derramamento de Carga";"Com Vítimas Feridas";"Plena noite";"Decrescente";"Chuva";"Dupla";"Curva";"Rural";1;0;1;0;0;0;1;1
83491631;"17/08/16";"Quarta";"03:00:00";"PE";424;"15";"PEDRA";"Defeito mecânico em veículo";"Capotamento";"Com Vítimas Feridas";"Plena noite";"Decrescente";"Ceu Claro";"Simples";"Reta";"Rural";2;0;1;0;0;1;1;1
83491632;"20/08/16";"Sábado";"07:30:00";"SC";101;"196";"BIGUACU";"Não guardar distância de segurança";"Colisão lateral";"Sem Vítimas";"Pleno dia";"Crescente";"Ceu Claro";"Dupla";"Reta";"Urbano";2;0;0;0;1;1;0;2
83491633;"16/08/16";"Terça";"21:00:00";"DF";20;"16";"BRASILIA";"Falta de atenção";"Colisão traseira";"Sem Vítimas";"Plena noite";"Decrescente";"Ceu Claro";"Dupla";"Reta";"Rural";2;0;0;0;2;0;0;2
83491634;"20/08/16";"Sábado";"08:00:00";"SC";101;"210,4";"SAO JOSE";"Desobediência à sinalização";"Colisão lateral";"Com Vítimas Feridas";"Pleno dia";"Crescente";"Nublado";"Múltipla";"Reta";"Urbano";2;0;0;1;1;0;1;2
83491635;"16/08/16";"Terça";"18:00:00";"RJ";116;"264";"BARRA MANSA";"Outras";"Colisão com objeto fixo";"Sem Vítimas";"Plena noite";"Decrescente";"Ceu Claro";"Dupla";"Reta";"Urbano";1;0;0;0;1;0;0;1
83491636;"16/08/16";"Terça";"21:45:00";"SP";116;"383,5";"MIRACATU";"Ingestão de álcool";"Colisão traseira";"Com Vítimas Fatais";"Plena noite";"Decrescente";"Ceu Claro";"Dupla";"Reta";"Rural";2;1;1;0;0;0;1;2
83491637;"20/08/16";"Sábado";"07:45:00";"PR";163;"209";"CASCAVEL";"Outras";"Capotamento";"Sem Vítimas";"Pleno dia";"Decrescente";"Chuva";"Simples";"Reta";"Rural";1;0;0;0;1;0;0;1
83491638;"18/08/16";"Quinta";"16:00:00";"MT";163;"580";"NOVA MUTUM";"Defeito na via";"Tombamento";"Sem Vítimas";"Pleno dia";"Decrescente";"Ceu Claro";"Simples";"Reta";"Rural";1;0;0;0;1;0;0;1
83491639;"23/01/16";"Sábado";"18:35:00";"RS";471;"184,7";"RIO PARDO";"Outras";"Saída de Pista";"Com Vítimas Feridas";"Pleno dia";"Crescente";"Sol";"Simples";"Reta";"Rural";1;0;1;0;0;0;1;1
83491640;"20/08/16";"Sábado";"09:20:00";"PR";116;"125";"FAZENDA RIO GRANDE";"Outras";"Saída de Pista";"Com Vítimas Feridas";"Pleno dia";"Decrescente";"Chuva";"Dupla";"Curva";"Urbano";2;0;1;0;0;1;1;2
83491641;"19/08/16";"Sexta";"21:20:00";"ES";262;"109,6";"VENDA NOVA DO IMIGRANTE";"Ingestão de álcool";"Colisão traseira";"Sem Vítimas";"Plena noite";"Crescente";"Ceu Claro";"Simples";"Reta";"Urbano";2;0;0;0;1;1;0;2
83491642;"17/08/16";"Quarta";"08:15:00";"MG";381;"540,8";"ITATIAIUCU";"Falta de atenção";"Colisão lateral";"Sem Vítimas";"Pleno dia";"Crescente";"Ceu Claro";"Dupla";"Curva";"Rural";3;0;0;0;3;0;0;2