"id";"data_inversa";"dia_semana";"horario";"uf";"br";"km";"municipio";"causa_acidente";"tipo_acidente";"classificacao_acidente";"fase_dia";"sentido_via";"condicao_metereologica";"tipo_pista";"tracado_via";"uso_solo";"pessoas";"mortos";"feridos_leves";"feridos_graves";"ilesos";"ignorados";"feridos";"veiculos"
83491643;"16/08/16";"Terça";"15:20:00";"GO";40;"73";"CRISTALINA";"Outras";"Saída de Pista";"Com Vítimas Feridas";"Pleno dia";"Crescente";"Chuva";"Dupla";"Reta";"Rural";1;0;1;0;0;0;1;1
83491644;"13/08/16";"Sábado";"00:10:00";"PE";232;"83";"GRAVATA";"Animais na Pista";"Atropelamento de animal";"Sem Vítimas";"Plena noite";"Decrescente";"Ceu Claro";"Dupla";"Reta";"Rural";1;0;0;0;1;0;0;1
83491645;"18/08/16";"Quinta";"19:40:00";"RN";304;"47,6";"MOSSORO";"Desobediência à sinalização";"Colisão Transversal";"Sem Vítimas";"Plena noite";"Crescente";"Ceu Claro";"Dupla";"Reta";"Urbano";2;0;0;0;2;0;0;2
83491646;"20/08/16";"Sábado";"09:30:00";"ES";101;"340";"GUARAPARI";"Ultrapassagem indevida";"Capotamento";"Com Vítimas Feridas";"Pleno dia";"Crescente";"Ceu Claro";"Simples";"Reta";"Rural";5;0;3;0;2;0;3;1
83491647;"16/08/16";"Terça";"18:20:00";"MA";222;"201,7";"ITAPECURU MIRIM";"Ultrapassagem indevida";"Colisão frontal";"Com Vítimas Fatais";"Plena noite";"Decrescente";"Ceu Claro";"Simples";"Curva";"Rural";3;1;1;1;0;0;2;3
83491648;"17/08/16";"Quarta";"05:50:00";"PE";232;"177,8";"BELO JARDIM";"Desobediência à sinalização";"Colisão frontal";"Com Vítimas Feridas";"Pleno dia";"Decrescente";"Ceu Claro";"Simples";"Reta";"Urbano";2;0;0;1;1;0;1;2
83491649;"20/08/16";"Sábado";"09:30:00";"GO";60;"74,5";"ABADIANIA";"Falta de atenção";"Colisão traseira";"Com Vítimas Feridas";"Pleno dia";"Crescente";"Ceu Claro";"Dupla";"Reta";"Rural";2;0;1;0;1;0;1;2
83491650;"20/08/16";"Sábado";"10:45:00";"RS";386;"423";"MONTENEGRO";"Velocidade incompatível";"Colisão com objeto fixo";"Sem Vítimas";"Pleno dia";"Crescente";"Chuva";"Dupla";"Curva";"Rural";1;0;0;0;1;0;0;1
83491651;"20/08/16";"Sábado";"09:15:00";"SP";488;"5,8";"APARECIDA";"Outras";"Colisão com bicicleta";"Com Vítimas Feridas";"Pleno dia";"Decrescente";"Nublado";"Dupla";"Reta";"Rural";2;0;0;1;1;0;1;2
83491652;"17/08/16";"Quarta";"06:45:00";"MG";381;"733";"CARMO DA CACHOEIRA";"Defeito mecânico em veículo";"Saída de Pista";"Sem Vítimas";"Pleno dia";"Decrescente";"Ceu Claro";"Dupla";"Reta";"Rural";1;0;0;0;1;0;0;1
83491653;"03/07/16";"Domingo";"22:50:00";"BA";116;"736,1";"BOA NOVA";"Dormindo";"Saída de Pista";"Sem Vítimas";"Plena noite";"Decrescente";"Chuva";"Simples";"Reta";"Rural";1;0;0;0;1;0;0;1
83491654;"20/08/16";"Sábado";"09:50:00";"MA";10;"258";"IMPERATRIZ";"Desobediência à sinalização";"Colisão Transversal";"Sem Vítimas";"Pleno dia";"Decrescente";"Ceu Claro";"Simples";"Cruzamento";"Urbano";3;0;0;0;3;0;0;3
83491655;"20/08/16";"Sábado";"11:15:00";"SC";101;"189,5";"BIGUACU";"Velocidade incompatível";"Colisão com objeto fixo";"Com Vítimas Feridas";"Pleno dia";"Decrescente";"Chuva";"Dupla";"Curva";"Urbano";1;0;1;0;0;0;1;1
83491656;"20/08/16";"Sábado";"09:15:00";"MG";267;"278,8";"AIURUOCA";"Falta de atenção";"Capotamento";"Com Vítimas Feridas";"Pleno dia";"Decrescente";"Ceu Claro";"Simples";"Curva";"Rural";1;0;1;0;0;0;1;1
83491657;"20/08/16";"Sábado";"10:10:00";"SC";101;"292,7";"IMBITUBA";"Falta de atenção";"Colisão traseira";"Com Vítimas Feridas";"Pleno dia";"Crescente";"Nublado";"Dupla";"Reta";"Rural";3;0;2;0;1;0;2;2
83491658;"20/08/16";"Sábado";"11:10:00";"SC";101;"273,5";"IMBITUBA";"Defeito mecânico em veículo";"Colisão com objeto móvel";"Sem Vítimas";"Pleno dia";"Decrescente";"Nublado";"Dupla";"Reta";"Urbano";2;0;0;0;2;0;0;2
83491659;"20/08/16";"Sábado";"09:00:00";"PR";116;"104,2";"SAO JOSE DOS PINHAIS";"Outras";"Colisão traseira";"Com Vítimas Feridas";"Pleno dia";"Decrescente";"Chuva";"Dupla";"Reta";"Rural";5;0;1;0;4;0;1;4
83491661;"13/08/16";"Sábado";"19:00:00";"PR";277;"669,2";"MEDIANEIRA";"Ultrapassagem indevida";"Colisão lateral";"Com Vítimas Feridas";"Plena noite";"Crescente";"Ceu Claro";"Dupla";"Reta";"Urbano";4;0;1;0;3;0;1;2
83491662;"20/08/16";"Sábado";"09:40:00";"PE";232;"6,4";"RECIFE";"Não guardar distância de segurança";"Colisão traseira";"Com Vítimas Feridas";"Pleno dia";"Crescente";"Ceu Claro";"Dupla";"Reta";"Urbano";2;0;1;0;1;0;1;2
83491663;"20/08/16";"Sábado";"07:30:00";"SC";280;"185,3";"MAFRA";"Outras";"Capotamento";"Sem Vítimas";"Amanhecer";"Decrescente";"Chuva";"Simples";"Reta";"Rural";1;0;0;0;1;0;0;1
83491664;"20/08/16";"Sábado";"09:30:00";"PB";230;"31,8";"BAYEUX";"Outras";"Queda de motocicleta / bicicleta / veículo";"Com Vítimas Feridas";"Pleno dia";"Decrescente";"Chuva";"Dupla";"Reta";"Urbano";3;0;1;0;2;0;1;3
83491665;"20/08/16";"Sábado";"11:00:00";"PR";158;"0,2";"CAMPO MOURAO";"Ultrapassagem indevida";"Colisão frontal";"Com Vítimas Feridas";"Pleno dia";"Decrescente";"Chuva";"Dupla";"Reta";"Urbano";2;0;0;1;1;0;1;2
83491666;"17/08/16";"Quarta";"06:45:00";"RJ";40;"117";"DUQUE DE CAXIAS";"Velocidade incompatível";"Colisão com objeto fixo";"Sem Vítimas";"Pleno dia";"Decrescente";"Ceu Claro";"Múltipla";"Reta";"Urbano";1;0;0;0;1;0;0;1
83491667;"20/08/16";"Sábado";"12:40:00";"RJ";116;"121";"MAGE";"Outras";"Capotamento";"Sem Vítimas";"Pleno dia";"Crescente";"Nublado";"Dupla";"Reta";"Rural";1;0;0;0;1;0;0;1
83491669;"20/08/16";"Sábado";"10:00:00";"MG";381;"512";"IGARAPE";"Falta de atenção";"Colisão Transversal";"Com Vítimas Feridas";"Pleno dia";"Decrescente";"Ceu Claro";"Simples";"Reta";"Urbano";2;0;1;0;1;0;1;2
83491670;"20/08/16";"Sábado";"09:00:00";"PR";277;"637";"CEU AZUL";"Velocidade incompatível";"Saída de Pista";"Com Vítimas Feridas";"Pleno dia";"Crescente";"Chuva";"Simples";"Curva";"Urbano";2;0;1;0;1;0;1;1
83491671;"20/08/16";"Sábado";"11:00:00";"PR";467;"114,8";"CASCAVEL";"Ingestão de álcool";"Colisão traseira";"Com Vítimas Feridas";"Pleno dia";"Crescente";"Chuva";"Simples";"Reta";"Urbano";3;0;0;1;1;1;1;2
83491672;"20/08/16";"Sábado";"08:00:00";"SP";116;"513";"CAJATI";"Velocidade incompatível";"Capotamento";"Sem Vítimas";"Pleno dia";"Decrescente";"Chuva";"Simples";"Curva";"Rural";1;0;0;0;1;0;0;1
83491673;"20/08/16";"Sábado";"08:00:00";"SP";116;"513";"CAJATI";"Velocidade incompatível";"Saída de Pista";"Sem Vítimas";"Pleno dia";"Decrescente";"Chuva";"Simples";"Curva";"Rural";1;0;0;0;1;0;0;1
83491674;"20/08/16";"Sábado";"12:10:00";"CE";116;"64";"CHOROZINHO";"Desobediência à sinalização";"Colisão Transversal";"Com Vítimas Feridas";"Pleno dia";"Decrescente";"Ceu Claro";"Simples";"Reta";"Urbano";2;0;0;1;1;0;1;2
83491675;"20/08/16";"Sábado";"11:00:00";"SP";116;"557";"BARRA DO TURVO";"Velocidade incompatível";"Capotamento";"Sem Vítimas";"Pleno dia";"Decrescente";"Chuva";"Dupla";"Curva";"Rural";4;0;0;0;4;0;0;1
83491676;"20/08/16";"Sábado";"09:30:00";"RJ";116;"214";"SEROPEDICA";"Falta de atenção";"Saída de Pista";"Com Vítimas Feridas";"Pleno dia";"Decrescente";"Ceu Claro";"Simples";"Curva";"Urbano";1;0;1;0;0;0;1;1
83491677;"20/08/16";"Sábado";"12:05:00";"PE";101;"69,5";"RECIFE";"Ingestão de álcool";"Colisão com bicicleta";"Com Vítimas Feridas";"Pleno dia";"Crescente";"Sol";"Múltipla";"Reta";"Urbano";2;0;1;0;1;0;1;2
83491679;"18/06/16";"Sábado";"12:15:00";"MG";40;"774,2";"JUIZ DE FORA";"Não guardar distância de segurança";"Colisão traseira";"Com Vítimas Feridas";"Pleno dia";"Decrescente";"Ceu Claro";"Dupla";"Reta";"Rural";3;0;2;0;1;0;2;2
83491680;"20/08/16";"Sábado";"09:40:00";"CE";116;"67,1";"CHOROZINHO";"Desobediência à sinalização";"Colisão Transversal";"Com Vítimas Feridas";"Pleno dia";"Crescente";"Ceu Claro";"Simples";"Cruzamento";"Rural";2;0;0;1;1;0;1;2
83491681;"12/08/16";"Sexta";"15:30:00";"PE";101;"47";"IGARASSU";"Não guardar distância de segurança";"Colisão traseira";"Sem Vítimas";"Anoitecer";"Crescente";"Ceu Claro";"Múltipla";"Reta";"Urbano";2;0;0;0;2;0;0;2
83491682;"20/08/16";"Sábado";"10:45:00";"BA";135;"173";"BARREIRAS";"Não guardar distância de segurança";"Colisão traseira";"Sem Vítimas";"Pleno dia";"Decrescente";"Ceu Claro";"Simples";"Reta";"Rural";2;0;0;0;2;0;0;2
83491683;"20/08/16";"Sábado";"12:20:00";"PR";277;"66,1";"SAO JOSE DOS PINHAIS";"Velocidade incompatível";"Saída de Pista";"Sem Vítimas";"Pleno dia";"Decrescente";"Chuva";"Dupla";"Reta";"Urbano";1;0;0;0;1;0;0;1
83491684;"16/08/16";"Terça";"14:20:00";"PR";116;"28";"CAMPINA GRANDE DO SUL";"Velocidade incompatível";"Tombamento";"Sem Vítimas";"Pleno dia";"Decrescente";"Sol";"Dupla";"Curva";"Rural";1;0;0;0;1;0;0;1
83491685;"20/08/16";"Sábado";"08:00:00";"PE";408;"98";"SAO LOURENCO DA MATA";"Outras";"Saída de Pista";"Sem Vítimas";"Pleno dia";"Crescente";"Chuva";"Dupla";"Reta";"Rural";1;0;0;0;1;0;0;1
83491686;"20/08/16";"Sábado";"11:00:00";"AL";101;"112";"PILAR";"Outras";"Colisão lateral";"Sem Vítimas";"Pleno dia";"Crescente";"Nublado";"Simples";"Curva";"Rural";15;0;0;0;14;1;0;2
83491687;"20/08/16";"Sábado";"07:20:00";"SP";153;"107";"JOSE BONIFACIO";"Falta de atenção";"Colisão com bicicleta";"Com Vítimas Feridas";"Pleno dia";"Decrescente";"Chuva";"Simples";"Reta";"Urbano";2;0;1;0;1;0;1;2
83491688;"20/08/16";"Sábado";"13:30:00";"SP";116;"549,1";"BARRA DO TURVO";"Velocidade incompatível";"Saída de Pista";"Sem Vítimas";"Pleno dia";"Crescente";"Chuva";"Simples";"Curva";"Rural";1;0;0;0;1;0;0;1
83491690;"20/08/16";"Sábado";"13:00:00";"MG";381;"873,5";"ESTIVA";"Velocidade incompatível";"Saída de Pista";"Sem Vítimas";"Pleno dia";"Decrescente";"Chuva";"Dupla";"Curva";"Rural";1;0;0;0;1;0;0;1
83491691;"18/08/16";"Quinta";"16:30:00";"BA";324;"594";"CANDEIAS";"Defeito mecânico em veículo";"Incêndio";"Sem Vítimas";"Pleno dia";"Crescente";"Sol";"Dupla";"Curva";"Urbano";1;0;0;0;1;0;0;1
83491692;"20/08/16";"Sábado";"14:30:00";"RS";386;"150,1";"ALMIRANTE TAMANDARE DO SUL";"Velocidade incompatível";"Saída de Pista";"Sem Vítimas";"Pleno dia";"Crescente";"Chuva";"Simples";"Reta";"Rural";1;0;0;0;1;0;0;1
83491693;"20/08/16";"Sábado";"09:20:00";"MG";381;"850";"POUSO ALEGRE";"Velocidade incompatível";"Capotamento";"Sem Vítimas";"Pleno dia";"Crescente";"Chuva";"Simples";"Curva";"Urbano";1;0;0;0;1;0;0;1
83491694;"20/08/16";"Sábado";"12:50:00";"SP";381;"75";"SAO PAULO";"Velocidade incompatível";"Saída de Pista";"Sem Vítimas";"Pleno dia";"Crescente";"Chuva";"Dupla";"Curva";"Rural";1;0;0;0;1;0;0;1
83491696;"20/08/16";"Sábado";"08:00:00";"DF";20;"8";"BRASILIA";"Outras";"Queda de motocicleta / bicicleta / veículo";"Com Vítimas Feridas";"Pleno dia";"Decrescente";"Ceu Claro";"Dupla";"Reta";"Urbano";2;0;1;0;1;0;1;1
83491697;"17/08/16";"Quarta";"03:45:00";"PR";116;"109,5";"CURITIBA";"Outras";"Danos Eventuais";"Com Vítimas Feridas";"Plena noite";"Crescente";"Nevoeiro/neblina";"Dupla";"Reta";"Urbano";1;0;1;0;0;0;1;1
83491698;"20/08/16";"Sábado";"14:30:00";"SC";101;"116";"ITAJAI";"Dormindo";"Colisão traseira";"Com Vítimas Feridas";"Pleno dia";"Crescente";"Chuva";"Múltipla";"Reta";"Rural";2;0;1;0;1;0;1;2
83491699;"16/08/16";"Terça";"19:30:00";"RJ";40;"55";"PETROPOLIS";"Velocidade incompatível";"Saída de Pista";"Sem Vítimas";"Plena noite";"Decrescente";"Chuva";"Dupla";"Curva";"Urbano";2;0;0;0;2;0;0;2
83491700;"20/08/16";"Sábado";"12:45:00";"SC";101;"93,9";"BARRA VELHA";"Outras";"Colisão com objeto fixo";"Sem Vítimas";"Pleno dia";"Decrescente";"Chuva";"Dupla";"Reta";"Rural";1;0;0;0;1;0;0;1
83491701;"17/08/16";"Quarta";"03:10:00";"MG";365;"94,6";"JEQUITAI";"Ingestão de álcool";"Saída de Pista";"Com Vítimas Feridas";"Plena noite";"Decrescente";"Nublado";"Simples";"Reta";"Rural";1;0;1;0;0;0;1;1
83491702;"20/08/16";"Sábado";"11:00:00";"MG";381;"501";"BETIM";"Falta de atenção";"Colisão traseira";"Sem Vítimas";"Pleno dia";"Crescente";"Ceu Claro";"Dupla";"Reta";"Rural";2;0;0;0;2;0;0;2
83491703;"20/08/16";"Sábado";"08:20:00";"PR";277;"199";"PALMEIRA";"Outras";"Capotamento";"Com Vítimas Feridas";"Pleno dia";"Crescente";"Chuva";"Simples";"Curva";"Rural";2;0;1;0;1;0;1;1
83491704;"20/08/16";"Sábado";"13:40:00";"PE";428;"191,8";"PETROLINA";"Falta de atenção";"Colisão lateral";"Com Vítimas Feridas";"Pleno dia";"Crescente";"Ceu Claro";"Simples";"Reta";"Urbano";2;0;0;1;1;0;1;2
83491705;"20/08/16";"Sábado";"11:30:00";"PB";101;"42,3";"MAMANGUAPE";"Defeito na via";"Saída de Pista";"Sem Vítimas";"Pleno dia";"Decrescente";"Chuva";"Dupla";"Curva";"Urbano";1;0;0;0;1;0;0;1
83491706;"20/08/16";"Sábado";"13:15:00";"PR";376;"677";"GUARATUBA";"Velocidade incompatível";"Saída de Pista";"Com Vítimas Feridas";"Pleno dia";"Decrescente";"Chuva";"Dupla";"Curva";"Rural";4;0;1;0;3;0;1;1
83491707;"20/08/16";"Sábado";"14:30:00";"PR";376;"652";"TIJUCAS DO SUL";"Velocidade incompatível";"Saída de Pista";"Com Vítimas Feridas";"Pleno dia";"Crescente";"Chuva";"Dupla";"Curva";"Urbano";3;0;1;0;2;0;1;1
83491708;"20/08/16";"Sábado";"10:30:00";"SP";381;"61";"MAIRIPORA";"Falta de atenção";"Colisão com objeto fixo";"Sem Vítimas";"Pleno dia";"Crescente";"Chuva";"Dupla";"Curva";"Urbano";1;0;0;0;1;0;0;1
83491709;"20/08/16";"Sábado";"13:40:00";"PR";277;"298,3";"PRUDENTOPOLIS";"Falta de atenção";"Saída de Pista";"Com Vítimas Feridas";"Pleno dia";"Crescente";"Chuva";"Dupla";"Reta";"Rural";1;0;1;0;0;0;1;1
83491710;"20/08/16";"Sábado";"12:30:00";"SP";381;"73";"MAIRIPORA";"Outras";"Colisão com objeto fixo";"Com Vítimas Feridas";"Pleno dia";"Crescente";"Chuva";"Dupla";"Reta";"Urbano";1;0;1;0;0;0;1;1
83491711;"20/08/16";"Sábado";"13:30:00";"PR";376;"271,7";"MARILANDIA DO SUL";"Outras";"Saída de Pista";"Sem Vítimas";"Pleno dia";"Decrescente";"Chuva";"Simples";"Curva";"Rural";2;0;0;0;2;0;0;1
83491712;"20/08/16";"Sábado";"14:32:00";"MA";10;"177";"CAMPESTRE DO MARANHAO";"Desobediência à sinalização";"Colisão lateral";"Sem Vítimas";"Pleno dia";"Crescente";"Ceu Claro";"Simples";"Reta";"Urbano";2;0;0;0;2;0;0;2
83491713;"20/08/16";"Sábado";"15:30:00";"SC";282;"506,5";"XANXERE";"Defeito na via";"Saída de Pista";"Sem Vítimas";"Pleno dia";"Decrescente";"Chuva";"Simples";"Curva";"Rural";2;0;0;0;2;0;0;1
83491714;"20/08/16";"Sábado";"13:20:00";"BA";101;"498";"ITABUNA";"Não guardar distância de segurança";"Colisão traseira";"Com Vítimas Feridas";"Pleno dia";"Decrescente";"Ceu Claro";"Simples";"Reta";"Rural";5;0;1;0;4;0;1;4
83491715;"20/08/16";"Sábado";"14:45:00";"SP";116;"109";"TAUBATE";"Outras";"Tombamento";"Com Vítimas Feridas";"Pleno dia";"Decrescente";"Nublado";"Dupla";"Reta";"Urbano";1;0;1;0;0;0;1;1
83491716;"20/08/16";"Sábado";"15:30:00";"MG";40;"452,4";"CAETANOPOLIS";"Falta de atenção";"Colisão lateral";"Com Vítimas Feridas";"Pleno dia";"Crescente";"Sol";"Dupla";"Reta";"Rural";2;0;0;1;1;0;1;2
83491717;"20/08/16";"Sábado";"07:05:00";"MT";70;"520";"VARZEA GRANDE";"Animais na Pista";"Atropelamento de animal";"Com Vítimas Feridas";"Pleno dia";"Decrescente";"Ceu Claro";"Simples";"Reta";"Urbano";1;0;0;1;0;0;1;1
83491718;"20/08/16";"Sábado";"15:30:00";"BA";101;"510";"ITABUNA";"Velocidade incompatível";"Saída de Pista";"Com Vítimas Feridas";"Pleno dia";"Crescente";"Nublado";"Simples";"Curva";"Rural";1;0;0;1;0;0;1;1
83491719;"20/08/16";"Sábado";"08:00:00";"CE";222;"2,9";"FORTALEZA";"Outras";"Colisão Transversal";"Com Vítimas Feridas";"Pleno dia";"Decrescente";"Ceu Claro";"Dupla";"Reta";"Urbano";2;0;0;1;1;0;1;2
83491720;"20/08/16";"Sábado";"12:55:00";"MG";381;"722";"CARMO DA CACHOEIRA";"Velocidade incompatível";"Saída de Pista";"Com Vítimas Feridas";"Pleno dia";"Crescente";"Chuva";"Dupla";"Curva";"Rural";1;0;1;0;0;0;1;1
83491721;"20/08/16";"Sábado";"14:15:00";"PA";230;"636";"ALTAMIRA";"Ingestão de álcool";"Colisão traseira";"Com Vítimas Feridas";"Pleno dia";"Decrescente";"Ceu Claro";"Simples";"Reta";"Rural";3;0;1;1;1;0;2;2
83491722;"16/08/16";"Terça";"05:50:00";"PI";343;"1,8";"TERESINA";"Ingestão de álcool";"Colisão traseira";"Com Vítimas Feridas";"Amanhecer";"Crescente";"Ceu Claro";"Dupla";"Cruzamento";"Urbano";3;0;1;0;2;0;1;3
83491723;"20/08/16";"Sábado";"15:10:00";"ES";262;"166,5";"IBATIBA";"Falta de atenção";"Colisão Transversal";"Com Vítimas Feridas";"Pleno dia";"Crescente";"Sol";"Simples";"Cruzamento";"Rural";2;0;1;1;0;0;2;2
83491724;"20/08/16";"Sábado";"14:30:00";"RS";116;"233";"ESTANCIA VELHA";"Velocidade incompatível";"Saída de Pista";"Sem Vítimas";"Pleno dia";"Crescente";"Chuva";"Simples";"Curva";"Urbano";1;0;0;0;1;0;0;1
83491725;"20/08/16";"Sábado";"15:50:00";"PE";232;"495,3";"VERDEJANTE";"Velocidade incompatível";"Capotamento";"Com Vítimas Feridas";"Pleno dia";"Crescente";"Ceu Claro";"Simples";"Curva";"Rural";2;0;2;0;0;0;2;1
83491726;"19/08/16";"Sexta";"17:20:00";"SP";381;"38";"ATIBAIA";"Velocidade incompatível";"Capotamento";"Com Vítimas Feridas";"Pleno dia";"Crescente";"Ceu Claro";"Dupla";"Reta";"Urbano";3;0;2;0;1;0;2;1
83491727;"20/08/16";"Sábado";"16:42:00";"RJ";116;"238,3";"PIRAI";"Outras";"Colisão com objeto fixo";"Sem Vítimas";"Pleno dia";"Decrescente";"Chuva";"Dupla";"Curva";"Rural";1;0;0;0;1;0;0;1
83491728;"20/08/16";"Sábado";"11:00:00";"RO";364;"53";"VILHENA";"Outras";"Colisão traseira";"Com Vítimas Feridas";"Pleno dia";"Decrescente";"Sol";"Simples";"Reta";"Rural";3;0;2;0;1;0;2;2
83491729;"20/08/16";"Sábado";"16:00:00";"SC";101;"205";"SAO JOSE";"Velocidade incompatível";"Capotamento";"Com Vítimas Feridas";"Pleno dia";"Crescente";"Chuva";"Múltipla";"Reta";"Urbano";2;0;1;0;1;0;1;1
83491730;"20/08/16";"Sábado";"15:27:00";"RJ";116;"248,3";"PIRAI";"Outras";"Colisão com objeto fixo";"Com Vítimas Feridas";"Pleno dia";"Decrescente";"Chuva";"Dupla";"Reta";"Rural";2;0;1;0;1;0;1;1
83491731;"20/08/16";"Sábado";"15:00:00";"BA";242;"572";"IBOTIRAMA";"Defeito mecânico em veículo";"Saída de Pista";"Sem Vítimas";"Pleno dia";"Crescente";"Ceu Claro";"Simples";"Reta";"Rural";1;0;0;0;1;0;0;1
83491732;"20/08/16";"Sábado";"06:00:00";"MG";40;"626";"CONSELHEIRO LAFAIETE";"Ingestão de álcool";"Colisão traseira";"Sem Vítimas";"Amanhecer";"Decrescente";"Nublado";"Simples";"Reta";"Urbano";2;0;0;0;2;0;0;2
83491733;"20/08/16";"Sábado";"16:15:00";"SC";116;"233,1";"CORREIA PINTO";"Falta de atenção";"Colisão com objeto fixo";"Sem Vítimas";"Pleno dia";"Crescente";"Chuva";"Simples";"Reta";"Rural";1;0;0;0;1;0;0;1
83491734;"18/08/16";"Quinta";"07:00:00";"RO";364;"715,5";"PORTO VELHO";"Falta de atenção";"Colisão traseira";"Com Vítimas Feridas";"Pleno dia";"Crescente";"Ceu Claro";"Dupla";"Reta";"Rural";2;0;1;0;1;0;1;2
83491735;"20/08/16";"Sábado";"10:00:00";"MT";364;"454";"VARZEA GRANDE";"Ultrapassagem indevida";"Colisão frontal";"Com Vítimas Feridas";"Pleno dia";"Crescente";"Ceu Claro";"Simples";"Reta";"Urbano";6;0;1;4;1;0;5;3
83491736;"20/08/16";"Sábado";"07:00:00";"SP";381;"34";"ATIBAIA";"Outras";"Capotamento";"Com Vítimas Feridas";"Pleno dia";"Crescente";"Nublado";"Dupla";"Curva";"Rural";1;0;1;0;0;0;1;1
83491737;"20/08/16";"Sábado";"03:40:00";"BA";110;"59,8";"JEREMOABO";"Velocidade incompatível";"Saída de Pista";"Sem Vítimas";"Plena noite";"Crescente";"Chuva";"Simples";"Curva";"Rural";1;0;0;0;1;0;0;1
83491738;"20/08/16";"Sábado";"16:15:00";"PR";369;"91,5";"CORNELIO PROCOPIO";"Velocidade incompatível";"Saída de Pista";"Sem Vítimas";"Pleno dia";"Decrescente";"Nublado";"Simples";"Curva";"Rural";1;0;0;0;1;0;0;1
83491739;"20/08/16";"Sábado";"15:45:00";"BA";110;"359";"CATU";"Ingestão de álcool";"Saída de Pista";"Com Vítimas Feridas";"Pleno dia";"Decrescente";"Ceu Claro";"Simples";"Curva";"Urbano";1;0;1;0;0;0;1;1
83491740;"20/08/16";"Sábado";"14:02:00";"MG";153;"185,9";"FRUTAL";"Desobediência à sinalização";"Saída de Pista";"Com Vítimas Feridas";"Pleno dia";"Crescente";"Ceu Claro";"Simples";"Reta";"Rural";4;0;1;0;3;0;1;2
83491741;"20/08/16";"Sábado";"16:10:00";"SC";101;"121,2";"ITAJAI";"Outras";"Colisão traseira";"Com Vítimas Fatais";"Pleno dia";"Crescente";"Chuva";"Dupla";"Reta";"Rural";3;1;0;1;1;0;1;2
83491742;"20/08/16";"Sábado";"09:15:00";"SP";381;"33,8";"ATIBAIA";"Outras";"Capotamento";"Sem Vítimas";"Pleno dia";"Crescente";"Nublado";"Dupla";"Curva";"Rural";3;0;0;0;3;0;0;3
83491743;"20/08/16";"Sábado";"16:45:00";"DF";70;"19,2";"BRASILIA";"Outras";"Saída de Pista";"Com Vítimas Feridas";"Pleno dia";"Crescente";"Ceu Claro";"Dupla";"Reta";"Urbano";2;0;1;0;1;0;1;1
83491744;"20/08/16";"Sábado";"16:30:00";"PR";376;"317";"ORTIGUEIRA";"Outras";"Colisão lateral";"Sem Vítimas";"Pleno dia";"Crescente";"Chuva";"Simples";"Curva";"Rural";2;0;0;0;2;0;0;2
83491745;"14/06/16";"Terça";"21:40:00";"AL";101;"52,8";"FLEXEIRAS";"Velocidade incompatível";"Capotamento";"Ignorado";"Plena noite";"Crescente";"Nublado";"Simples";"Curva";"Rural";1;0;0;0;0;1;0;1
83491746;"20/08/16";"Sábado";"16:25:00";"RJ";116;"290";"BARRA MANSA";"Outras";"Saída de Pista";"Sem Vítimas";"Pleno dia";"Crescente";"Nublado";"Simples";"Curva";"Rural";1;0;0;0;1;0;0;1
83491747;"20/08/16";"Sábado";"10:00:00";"ES";101;"259,2";"SERRA";"Outras";"Colisão traseira";"Com Vítimas Feridas";"Pleno dia";"Crescente";"Chuva";"Dupla";"Curva";"Urbano";2;0;1;0;1;0;1;2
83491748;"20/08/16";"Sábado";"16:20:00";"RJ";116;"213,6";"SEROPEDICA";"Outras";"Colisão com objeto fixo";"Sem Vítimas";"Pleno dia";"Decrescente";"Chuva";"Dupla";"Curva";"Urbano";1;0;0;0;1;0;0;1
83491749;"20/08/16";"Sábado";"10:30:00";"MG";40;"513";"RIBEIRAO DAS NEVES";"Não guardar distância de segurança";"Colisão traseira";"Com Vítimas Feridas";"Pleno dia";"Decrescente";"Sol";"Dupla";"Reta";"Urbano";2;0;0;1;1;0;1;2
83491750;"20/08/16";"Sábado";"15:00:00";"RO";364;"337,7";"JI-PARANA";"Falta de atenção";"Colisão Transversal";"Com Vítimas Fatais";"Pleno dia";"Crescente";"Sol";"Múltipla";"Reta";"Urbano";2;1;0;0;1;0;0;2
83491751;"20/08/16";"Sábado";"05:45:00";"RS";392;"8,6";"RIO GRANDE";"Falta de atenção";"Saída de Pista";"Sem Vítimas";"Plena noite";"Decrescente";"Nevoeiro/neblina";"Simples";"Reta";"Rural";1;0;0;0;1;0;0;1
83491752;"20/08/16";"Sábado";"14:30:00";"PR";163;"307";"MERCEDES";"Falta de atenção";"Saída de Pista";"Sem Vítimas";"Pleno dia";"Crescente";"Chuva";"Simples";"Curva";"Rural";2;0;0;0;1;1;0;1
83491753;"20/08/16";"Sábado";"14:20:00";"PE";101;"77,3";"RECIFE";"Outras";"Colisão Transversal";"Sem Vítimas";"Pleno dia";"Decrescente";"Ceu Claro";"Dupla";"Reta";"Urbano";2;0;0;0;1;1;0;2
83491754;"20/08/16";"Sábado";"12:40:00";"SC";282;"513,8";"XAXIM";"Dormindo";"Saída de Pista";"Sem Vítimas";"Pleno dia";"Crescente";"Chuva";"Simples";"Curva";"Rural";1;0;0;0;1;0;0;1
83491755;"20/08/16";"Sábado";"06:30:00";"BA";110;"52";"JEREMOABO";"Falta de atenção";"Saída de Pista";"Com Vítimas Feridas";"Amanhecer";"Crescente";"Nublado";"Simples";"Curva";"Rural";4;0;2;0;2;0;2;1
83491756;"19/08/16";"Sexta";"15:40:00";"PE";232;"319";"CUSTODIA";"Defeito mecânico em veículo";"Colisão com objeto móvel";"Com Vítimas Feridas";"Pleno dia";"Crescente";"Ceu Claro";"Simples";"Reta";"Rural";4;0;0;2;2;0;2;2