"id";"data_inversa";"dia_semana";"horario";"uf";"br";"km";"municipio";"causa_acidente";"tipo_acidente";"classificacao_acidente";"fase_dia";"sentido_via";"condicao_metereologica";"tipo_pista";"tracado_via";"uso_solo";"pessoas";"mortos";"feridos_leves";"feridos_graves";"ilesos";"ignorados";"feridos";"veiculos"
83491757;"12/08/16";"Sexta";"12:30:00";"SC";116;"78";"MONTE CASTELO";"Outras";"Saída de Pista";"Com Vítimas Feridas";"Pleno dia";"Crescente";"Ceu Claro";"Simples";"Reta";"Rural";3;0;2;0;1;0;2;1
83491758;"20/08/16";"Sábado";"18:00:00";"PR";277;"129";"BALSA NOVA";"Outras";"Colisão com objeto fixo";"Sem Vítimas";"Plena noite";"Decrescente";"Chuva";"Simples";"Curva";"Urbano";3;0;0;0;3;0;0;1
83491759;"20/08/16";"Sábado";"14:25:00";"RN";101;"96,4";"NATAL";"Defeito mecânico em veículo";"Colisão lateral";"Com Vítimas Feridas";"Pleno dia";"Crescente";"Ceu Claro";"Dupla";"Curva";"Urbano";3;0;1;0;1;1;1;3
83491760;"20/08/16";"Sábado";"14:00:00";"MG";116;"431";"ALPERCATA";"Falta de atenção";"Colisão Transversal";"Com Vítimas Feridas";"Pleno dia";"Crescente";"Ceu Claro";"Simples";"Reta";"Rural";3;0;3;0;0;0;3;2
83491761;"20/08/16";"Sábado";"14:20:00";"BA";116;"638";"JAGUAQUARA";"Outras";"Colisão lateral";"Com Vítimas Fatais";"Pleno dia";"Decrescente";"Ceu Claro";"Simples";"Curva";"Rural";2;1;0;0;1;0;0;2
83491762;"20/08/16";"Sábado";"15:00:00";"MT";364;"468,7";"VARZEA GRANDE";"Falta de atenção";"Colisão traseira";"Sem Vítimas";"Pleno dia";"Decrescente";"Ceu Claro";"Simples";"Reta";"Rural";2;0;0;0;2;0;0;2
83491763;"20/08/16";"Sábado";"14:25:00";"SC";470;"98";"BLUMENAU";"Falta de atenção";"Colisão Transversal";"Com Vítimas Feridas";"Pleno dia";"Decrescente";"Chuva";"Simples";"Reta";"Urbano";3;0;1;1;1;0;2;2
83491764;"20/08/16";"Sábado";"13:30:00";"AL";104;"90";"RIO LARGO";"Defeito mecânico em veículo";"Atropelamento de pessoa";"Com Vítimas Fatais";"Pleno dia";"Decrescente";"Nublado";"Dupla";"Reta";"Urbano";7;1;0;4;2;0;4;1
83491765;"20/08/16";"Sábado";"15:15:00";"SP";116;"479,8";"JACUPIRANGA";"Velocidade incompatível";"Capotamento";"Com Vítimas Feridas";"Pleno dia";"Crescente";"Chuva";"Dupla";"Reta";"Urbano";2;0;1;0;1;0;1;1
83491766;"20/08/16";"Sábado";"10:10:00";"MG";116;"417,2";"GOVERNADOR VALADARES";"Falta de atenção";"Colisão com bicicleta";"Com Vítimas Feridas";"Pleno dia";"Decrescente";"Ceu Claro";"Simples";"Reta";"Urbano";2;0;1;0;1;0;1;2
83491767;"20/08/16";"Sábado";"16:25:00";"RJ";116;"220";"PIRAI";"Outras";"Colisão com objeto fixo";"Sem Vítimas";"Pleno dia";"Crescente";"Chuva";"Simples";"Curva";"Rural";1;0;0;0;1;0;0;1
83491768;"20/08/16";"Sábado";"18:30:00";"RS";285;"292";"PASSO FUNDO";"Não guardar distância de segurança";"Colisão traseira";"Sem Vítimas";"Plena noite";"Crescente";"Chuva";"Múltipla";"Cruzamento";"Urbano";2;0;0;0;2;0;0;2
83491769;"20/08/16";"Sábado";"17:00:00";"SP";116;"559,4";"CAJATI";"Velocidade incompatível";"Capotamento";"Sem Vítimas";"Pleno dia";"Decrescente";"Chuva";"Dupla";"Reta";"Rural";2;0;0;0;2;0;0;1
83491770;"20/08/16";"Sábado";"13:40:00";"MG";381;"789";"SAO GONCALO DO SAPUCAI";"Velocidade incompatível";"Saída de Pista";"Sem Vítimas";"Pleno dia";"Crescente";"Chuva";"Dupla";"Curva";"Rural";1;0;0;0;1;0;0;1
83491771;"20/08/16";"Sábado";"15:30:00";"RR";174;"664";"PACARAIMA";"Falta de atenção";"Saída de Pista";"Com Vítimas Feridas";"Pleno dia";"Decrescente";"Sol";"Simples";"Reta";"Rural";4;0;2;1;0;1;3;1
83491772;"20/08/16";"Sábado";"17:25:00";"SC";101;"209";"SAO JOSE";"Não guardar distância de segurança";"Colisão traseira";"Sem Vítimas";"Pleno dia";"Decrescente";"Chuva";"Dupla";"Reta";"Urbano";3;0;0;0;2;1;0;3
83491773;"20/08/16";"Sábado";"15:40:00";"RR";174;"664";"PACARAIMA";"Outras";"Saída de Pista";"Com Vítimas Feridas";"Pleno dia";"Crescente";"Ceu Claro";"Simples";"Reta";"Rural";1;0;1;0;0;0;1;1
83491774;"28/07/16";"Quinta";"01:15:00";"MS";163;"688,8";"RIO VERDE DE MATO GROSSO";"Defeito mecânico em veículo";"Incêndio";"Sem Vítimas";"Plena noite";"Decrescente";"Ceu Claro";"Simples";"Reta";"Rural";33;0;0;0;33;0;0;1
83491775;"20/08/16";"Sábado";"17:20:00";"RS";470;"329";"TRIUNFO";"Velocidade incompatível";"Saída de Pista";"Com Vítimas Feridas";"Anoitecer";"Crescente";"Chuva";"Simples";"Curva";"Rural";2;0;1;0;1;0;1;1
83491776;"17/08/16";"Quarta";"00:30:00";"MG";116;"415";"GOVERNADOR VALADARES";"Outras";"Queda de motocicleta / bicicleta / veículo";"Com Vítimas Feridas";"Plena noite";"Crescente";"Ceu Claro";"Simples";"Reta";"Urbano";1;0;0;1;0;0;1;1
83491777;"20/08/16";"Sábado";"14:30:00";"RS";470;"267,9";"SAO JOSE DO SUL";"Velocidade incompatível";"Saída de Pista";"Sem Vítimas";"Pleno dia";"Crescente";"Chuva";"Simples";"Curva";"Rural";2;0;0;0;2;0;0;1
83491778;"20/08/16";"Sábado";"15:30:00";"PE";408;"99,7";"SAO LOURENCO DA MATA";"Outras";"Tombamento";"Sem Vítimas";"Pleno dia";"Decrescente";"Ceu Claro";"Dupla";"Reta";"Urbano";1;0;0;0;1;0;0;1
83491779;"20/08/16";"Sábado";"09:00:00";"RS";470;"329";"TRIUNFO";"Velocidade incompatível";"Saída de Pista";"Ignorado";"Pleno dia";"Crescente";"Chuva";"Simples";"Curva";"Rural";1;0;0;0;0;1;0;1
83491780;"17/08/16";"Quarta";"07:28:00";"SC";280;"58";"GUARAMIRIM";"Falta de atenção";"Colisão Transversal";"Com Vítimas Feridas";"Pleno dia";"Decrescente";"Ceu Claro";"Simples";"Reta";"Urbano";2;0;1;0;1;0;1;2
83491781;"20/08/16";"Sábado";"18:10:00";"SC";280;"101,2";"SAO BENTO DO SUL";"Velocidade incompatível";"Colisão frontal";"Com Vítimas Feridas";"Anoitecer";"Decrescente";"Chuva";"Simples";"Curva";"Rural";4;0;1;1;2;0;2;2
83491782;"20/08/16";"Sábado";"14:30:00";"MG";381;"806,2";"SAO GONCALO DO SAPUCAI";"Outras";"Saída de Pista";"Sem Vítimas";"Pleno dia";"Decrescente";"Nublado";"Dupla";"Reta";"Rural";1;0;0;0;1;0;0;1
83491783;"20/08/16";"Sábado";"15:30:00";"RJ";40;"34,4";"AREAL";"Velocidade incompatível";"Tombamento";"Com Vítimas Fatais";"Pleno dia";"Decrescente";"Nublado";"Dupla";"Curva";"Rural";2;1;0;1;0;0;1;1
83491784;"19/08/16";"Sexta";"16:40:00";"CE";222;"314,8";"TIANGUA";"Falta de atenção";"Colisão Transversal";"Com Vítimas Feridas";"Pleno dia";"Crescente";"Ceu Claro";"Simples";"Reta";"Rural";3;0;0;1;2;0;1;2
83491785;"18/08/16";"Quinta";"05:00:00";"AL";104;"8";"SAO JOSE DA LAJE";"Defeito mecânico em veículo";"Saída de Pista";"Com Vítimas Feridas";"Amanhecer";"Crescente";"Ignorada";"Simples";"Curva";"Rural";1;0;1;0;0;0;1;1
83491786;"20/08/16";"Sábado";"18:30:00";"CE";116;"16,6";"EUSEBIO";"Ingestão de álcool";"Atropelamento de pessoa";"Com Vítimas Feridas";"Plena noite";"Crescente";"Ceu Claro";"Simples";"Reta";"Urbano";2;0;2;0;0;0;2;1
83491787;"20/08/16";"Sábado";"17:10:00";"PR";369;"452,3";"UBIRATA";"Velocidade incompatível";"Capotamento";"Com Vítimas Feridas";"Pleno dia";"Decrescente";"Chuva";"Simples";"Reta";"Rural";2;0;2;0;0;0;2;1
83491788;"20/08/16";"Sábado";"13:30:00";"RS";116;"162";"CAXIAS DO SUL";"Outras";"Incêndio";"Sem Vítimas";"Pleno dia";"Crescente";"Chuva";"Simples";"Reta";"Rural";1;0;0;0;1;0;0;1
83491789;"20/08/16";"Sábado";"10:10:00";"SC";280;"187,5";"MAFRA";"Defeito mecânico em veículo";"Saída de Pista";"Sem Vítimas";"Pleno dia";"Decrescente";"Chuva";"Simples";"Reta";"Rural";1;0;0;0;1;0;0;1
83491790;"16/08/16";"Terça";"10:00:00";"ES";101;"1";"SERRA";"Outras";"Incêndio";"Sem Vítimas";"Pleno dia";"Crescente";"Sol";"Dupla";"Reta";"Urbano";2;0;0;0;1;1;0;2
83491791;"20/08/16";"Sábado";"09:30:00";"SC";101;"1,3";"GARUVA";"Velocidade incompatível";"Colisão com objeto fixo";"Sem Vítimas";"Plena noite";"Crescente";"Chuva";"Múltipla";"Reta";"Rural";1;0;0;0;1;0;0;1
83491792;"20/08/16";"Sábado";"18:00:00";"SC";101;"21";"JOINVILLE";"Velocidade incompatível";"Colisão com objeto fixo";"Com Vítimas Fatais";"Plena noite";"Decrescente";"Chuva";"Dupla";"Curva";"Rural";6;4;0;1;1;0;1;2
83491793;"20/08/16";"Sábado";"06:00:00";"RS";290;"331";"CACAPAVA DO SUL";"Velocidade incompatível";"Saída de Pista";"Ignorado";"Amanhecer";"Crescente";"Chuva";"Simples";"Reta";"Rural";1;0;0;0;0;1;0;1
83491794;"20/08/16";"Sábado";"19:15:00";"BA";324;"562";"SAO SEBASTIAO DO PASSE";"Velocidade incompatível";"Capotamento";"Sem Vítimas";"Plena noite";"Decrescente";"Vento";"Dupla";"Reta";"Urbano";1;0;0;0;1;0;0;1
83491795;"20/08/16";"Sábado";"15:50:00";"SE";235;"9";"NOSSA SENHORA DO SOCORRO";"Não guardar distância de segurança";"Colisão traseira";"Com Vítimas Feridas";"Pleno dia";"Crescente";"Nublado";"Simples";"Reta";"Rural";2;0;1;0;0;1;1;2
83491796;"20/08/16";"Sábado";"17:10:00";"GO";40;"77,9";"CRISTALINA";"Ultrapassagem indevida";"Colisão frontal";"Sem Vítimas";"Pleno dia";"Decrescente";"Ceu Claro";"Simples";"Reta";"Rural";2;0;0;0;2;0;0;2
83491797;"14/08/16";"Domingo";"02:30:00";"RN";101;"140";"ARES";"Outras";"Capotamento";"Com Vítimas Feridas";"Plena noite";"Decrescente";"Ceu Claro";"Dupla";"Reta";"Rural";3;0;2;0;1;0;2;1
83491798;"20/08/16";"Sábado";"13:10:00";"AC";364;"140";"RIO BRANCO";"Falta de atenção";"Colisão Transversal";"Com Vítimas Feridas";"Pleno dia";"Crescente";"Ceu Claro";"Dupla";"Reta";"Urbano";3;0;2;0;1;0;2;2
83491799;"20/08/16";"Sábado";"20:30:00";"AL";104;"38";"UNIAO DOS PALMARES";"Falta de atenção";"Queda de motocicleta / bicicleta / veículo";"Com Vítimas Feridas";"Plena noite";"Crescente";"Nublado";"Simples";"Curva";"Rural";1;0;1;0;0;0;1;1
83491800;"20/08/16";"Sábado";"11:00:00";"MG";40;"54";"PARACATU";"Animais na Pista";"Atropelamento de animal";"Sem Vítimas";"Pleno dia";"Crescente";"Ceu Claro";"Simples";"Reta";"Rural";2;0;0;0;2;0;0;1
83491801;"20/08/16";"Sábado";"18:20:00";"PE";116;"19,3";"SALGUEIRO";"Ultrapassagem indevida";"Colisão lateral";"Com Vítimas Fatais";"Plena noite";"Decrescente";"Ceu Claro";"Simples";"Reta";"Rural";2;1;0;0;1;0;0;2
83491802;"16/08/16";"Terça";"19:30:00";"SC";101;"211,9";"PALHOCA";"Não guardar distância de segurança";"Colisão traseira";"Sem Vítimas";"Plena noite";"Crescente";"Nublado";"Simples";"Reta";"Urbano";3;0;0;0;3;0;0;3
83491803;"16/08/16";"Terça";"22:00:00";"ES";262;"67";"MARECHAL FLORIANO";"Falta de atenção";"Colisão Transversal";"Com Vítimas Feridas";"Plena noite";"Decrescente";"Ceu Claro";"Simples";"Reta";"Rural";2;0;1;1;0;0;2;2
83491804;"17/08/16";"Quarta";"16:40:00";"RJ";101;"310,7";"SAO GONCALO";"Outras";"Colisão com objeto fixo";"Sem Vítimas";"Pleno dia";"Decrescente";"Ceu Claro";"Dupla";"Reta";"Urbano";1;0;0;0;1;0;0;1
83491805;"20/08/16";"Sábado";"19:10:00";"PR";376;"641";"TIJUCAS DO SUL";"Velocidade incompatível";"Saída de Pista";"Com Vítimas Feridas";"Plena noite";"Crescente";"Chuva";"Dupla";"Curva";"Rural";1;0;1;0;0;0;1;1
83491806;"12/08/16";"Sexta";"18:10:00";"GO";40;"6,5";"VALPARAISO DE GOIAS";"Falta de atenção";"Atropelamento de pessoa";"Com Vítimas Feridas";"Plena noite";"Decrescente";"Ceu Claro";"Dupla";"Reta";"Urbano";2;0;1;0;1;0;1;1
83491807;"18/08/16";"Quinta";"14:20:00";"SP";116;"385";"MIRACATU";"Outras";"Capotamento";"Sem Vítimas";"Pleno dia";"Crescente";"Chuva";"Dupla";"Reta";"Rural";1;0;0;0;1;0;0;1
83491808;"20/08/16";"Sábado";"19:00:00";"PB";230;"465";"SOUSA";"Desobediência à sinalização";"Colisão Transversal";"Com Vítimas Feridas";"Plena noite";"Crescente";"Ceu Claro";"Simples";"Reta";"Rural";3;0;0;2;1;0;2;2
83491809;"20/08/16";"Sábado";"19:00:00";"BA";242;"805";"BARREIRAS";"Ingestão de álcool";"Colisão com bicicleta";"Com Vítimas Feridas";"Plena noite";"Decrescente";"Ceu Claro";"Simples";"Reta";"Rural";2;0;1;0;0;1;1;2
83491810;"20/08/16";"Sábado";"15:30:00";"RS";116;"113";"SAO MARCOS";"Defeito na via";"Tombamento";"Sem Vítimas";"Anoitecer";"Crescente";"Chuva";"Simples";"Curva";"Urbano";1;0;0;0;1;0;0;1
83491811;"16/08/16";"Terça";"15:00:00";"BA";242;"157";"RAFAEL JAMBEIRO";"Falta de atenção";"Tombamento";"Com Vítimas Feridas";"Pleno dia";"Decrescente";"Ceu Claro";"Simples";"Reta";"Rural";1;0;1;0;0;0;1;1
83491812;"20/08/16";"Sábado";"15:30:00";"RJ";116;"278";"BARRA MANSA";"Outras";"Capotamento";"Ignorado";"Pleno dia";"Decrescente";"Chuva";"Simples";"Reta";"Rural";1;0;0;0;0;1;0;1
83491813;"20/08/16";"Sábado";"19:15:00";"SP";116;"513,5";"CAJATI";"Velocidade incompatível";"Colisão com objeto fixo";"Com Vítimas Feridas";"Plena noite";"Decrescente";"Chuva";"Simples";"Curva";"Rural";1;0;0;1;0;0;1;1
83491814;"20/08/16";"Sábado";"20:00:00";"DF";60;"4,5";"BRASILIA";"Falta de atenção";"Colisão lateral";"Sem Vítimas";"Plena noite";"Decrescente";"Ceu Claro";"Dupla";"Reta";"Rural";2;0;0;0;1;1;0;2
83491815;"20/08/16";"Sábado";"19:40:00";"PE";232;"177,1";"BELO JARDIM";"Falta de atenção";"Colisão traseira";"Com Vítimas Fatais";"Plena noite";"Crescente";"Vento";"Simples";"Reta";"Rural";3;2;0;0;0;1;0;2
83491816;"20/08/16";"Sábado";"18:55:00";"MG";262;"412";"IGARATINGA";"Velocidade incompatível";"Colisão lateral";"Com Vítimas Feridas";"Anoitecer";"Decrescente";"Ceu Claro";"Dupla";"Curva";"Urbano";3;0;0;1;2;0;1;2
83491817;"20/08/16";"Sábado";"11:05:00";"MG";381;"905,4";"CAMBUI";"Falta de atenção";"Colisão traseira";"Sem Vítimas";"Pleno dia";"Decrescente";"Chuva";"Dupla";"Reta";"Rural";2;0;0;0;2;0;0;2
83491818;"20/08/16";"Sábado";"18:45:00";"PB";101;"32";"MAMANGUAPE";"Defeito mecânico em veículo";"Queda de motocicleta / bicicleta / veículo";"Com Vítimas Feridas";"Anoitecer";"Decrescente";"Nublado";"Dupla";"Reta";"Rural";2;0;1;1;0;0;2;1
83491819;"18/08/16";"Quinta";"15:20:00";"SP";116;"397,8";"MIRACATU";"Outras";"Capotamento";"Sem Vítimas";"Pleno dia";"Decrescente";"Chuva";"Dupla";"Reta";"Rural";1;0;0;0;1;0;0;1
83491820;"20/08/16";"Sábado";"11:30:00";"MG";381;"809,3";"CAREACU";"Velocidade incompatível";"Saída de Pista";"Com Vítimas Feridas";"Pleno dia";"Crescente";"Chuva";"Dupla";"Curva";"Rural";4;0;2;0;2;0;2;1
83491821;"20/08/16";"Sábado";"19:30:00";"MG";40;"506";"RIBEIRAO DAS NEVES";"Falta de atenção";"Colisão lateral";"Com Vítimas Feridas";"Anoitecer";"Crescente";"Ceu Claro";"Dupla";"Reta";"Urbano";2;0;0;1;1;0;1;2
83491822;"20/08/16";"Sábado";"19:20:00";"RN";304;"295,5";"MACAIBA";"Falta de atenção";"Colisão Transversal";"Com Vítimas Feridas";"Plena noite";"Decrescente";"Ceu Claro";"Simples";"Reta";"Rural";3;0;1;0;2;0;1;2
83491823;"20/08/16";"Sábado";"20:37:00";"MG";40;"273";"TRES MARIAS";"Outras";"Colisão com objeto fixo";"Ignorado";"Anoitecer";"Crescente";"Ceu Claro";"Simples";"Reta";"Urbano";1;0;0;0;0;1;0;1
83491824;"20/08/16";"Sábado";"20:45:00";"PR";277;"676,5";"MEDIANEIRA";"Outras";"Saída de Pista";"Com Vítimas Feridas";"Plena noite";"Decrescente";"Chuva";"Dupla";"Reta";"Rural";1;0;1;0;0;0;1;1
83491825;"20/08/16";"Sábado";"18:10:00";"MT";163;"103,8";"RONDONOPOLIS";"Falta de atenção";"Colisão traseira";"Com Vítimas Feridas";"Plena noite";"Crescente";"Nublado";"Dupla";"Reta";"Rural";2;0;1;0;1;0;1;2
83491826;"20/08/16";"Sábado";"16:20:00";"MG";40;"566,9";"ITABIRITO";"Falta de atenção";"Colisão Transversal";"Com Vítimas Feridas";"Pleno dia";"Decrescente";"Ceu Claro";"Dupla";"Reta";"Rural";3;0;2;1;0;0;3;2
83491827;"20/08/16";"Sábado";"18:00:00";"SP";116;"226";"GUARULHOS";"Ingestão de álcool";"Colisão traseira";"Sem Vítimas";"Plena noite";"Decrescente";"Nublado";"Múltipla";"Reta";"Urbano";2;0;0;0;2;0;0;2
83491828;"20/08/16";"Sábado";"20:15:00";"PR";369;"136,6";"IBIPORA";"Ingestão de álcool";"Colisão Transversal";"Sem Vítimas";"Plena noite";"Decrescente";"Ceu Claro";"Simples";"Curva";"Urbano";2;0;0;0;1;1;0;2
83491829;"18/08/16";"Quinta";"18:00:00";"SP";116;"405";"MIRACATU";"Não guardar distância de segurança";"Colisão traseira";"Com Vítimas Feridas";"Plena noite";"Crescente";"Nublado";"Dupla";"Reta";"Rural";4;0;3;0;1;0;3;2
83491830;"20/08/16";"Sábado";"18:50:00";"MG";262;"30,6";"REDUTO";"Ingestão de álcool";"Colisão traseira";"Com Vítimas Fatais";"Plena noite";"Decrescente";"Ceu Claro";"Simples";"Reta";"Rural";3;1;0;1;1;0;1;2
83491831;"20/08/16";"Sábado";"20:50:00";"MG";262;"33,3";"MANHUACU";"Animais na Pista";"Atropelamento de animal";"Sem Vítimas";"Plena noite";"Crescente";"Ceu Claro";"Simples";"Reta";"Urbano";1;0;0;0;1;0;0;1
83491832;"20/08/16";"Sábado";"20:15:00";"SC";101;"272";"IMBITUBA";"Defeito na via";"Saída de Pista";"Com Vítimas Feridas";"Plena noite";"Decrescente";"Chuva";"Dupla";"Curva";"Urbano";1;0;1;0;0;0;1;1
83491833;"20/08/16";"Sábado";"12:50:00";"RJ";393;"281";"VOLTA REDONDA";"Outras";"Colisão Transversal";"Com Vítimas Feridas";"Pleno dia";"Crescente";"Ceu Claro";"Simples";"Reta";"Urbano";2;0;1;0;1;0;1;2
83491834;"20/08/16";"Sábado";"18:30:00";"PE";101;"164,5";"GAMELEIRA";"Outras";"Colisão com bicicleta";"Com Vítimas Fatais";"Plena noite";"Crescente";"Ceu Claro";"Simples";"Reta";"Rural";2;1;0;0;0;1;0;2
83491835;"20/08/16";"Sábado";"21:00:00";"RS";101;"48,7";"TERRA DE AREIA";"Dormindo";"Saída de Pista";"Sem Vítimas";"Plena noite";"Crescente";"Chuva";"Dupla";"Reta";"Rural";1;0;0;0;1;0;0;1
83491836;"20/08/16";"Sábado";"15:30:00";"ES";262;"177,5";"IBATIBA";"Falta de atenção";"Saída de Pista";"Com Vítimas Fatais";"Pleno dia";"Decrescente";"Sol";"Simples";"Curva";"Rural";1;1;0;0;0;0;0;1
83491837;"20/08/16";"Sábado";"13:00:00";"MT";163;"825";"SINOP";"Falta de atenção";"Atropelamento de pessoa";"Com Vítimas Feridas";"Pleno dia";"Crescente";"Sol";"Dupla";"Reta";"Urbano";2;0;0;1;1;0;1;1
83491838;"16/08/16";"Terça";"18:30:00";"SC";101;"202";"SAO JOSE";"Outras";"Colisão lateral";"Com Vítimas Feridas";"Plena noite";"Crescente";"Ignorada";"Múltipla";"Reta";"Urbano";2;0;1;0;1;0;1;2
83491839;"20/08/16";"Sábado";"14:20:00";"MG";381;"782";"CAMPANHA";"Velocidade incompatível";"Saída de Pista";"Sem Vítimas";"Pleno dia";"Crescente";"Chuva";"Dupla";"Curva";"Rural";1;0;0;0;1;0;0;1
83491840;"20/08/16";"Sábado";"20:00:00";"BA";116;"789,6";"PLANALTO";"Outras";"Colisão frontal";"Com Vítimas Feridas";"Plena noite";"Crescente";"Ceu Claro";"Simples";"Reta";"Rural";4;0;0;2;1;1;2;2
83491841;"20/08/16";"Sábado";"13:30:00";"SC";282;"46";"AGUAS MORNAS";"Outras";"Capotamento";"Sem Vítimas";"Pleno dia";"Decrescente";"Chuva";"Simples";"Curva";"Rural";1;0;0;0;1;0;0;1
83491842;"20/08/16";"Sábado";"17:50:00";"MG";116;"456,2";"ENGENHEIRO CALDAS";"Outras";"Atropelamento de pessoa";"Com Vítimas Fatais";"Anoitecer";"Decrescente";"Ceu Claro";"Simples";"Reta";"Urbano";2;1;1;0;0;0;1;1
83491843;"20/08/16";"Sábado";"15:49:00";"RJ";116;"228";"PIRAI";"Outras";"Capotamento";"Com Vítimas Feridas";"Pleno dia";"Decrescente";"Chuva";"Dupla";"Reta";"Rural";4;0;4;0;0;0;4;1
83491844;"20/08/16";"Sábado";"18:36:00";"SP";116;"497";"CAJATI";"Falta de atenção";"Atropelamento de pessoa";"Com Vítimas Fatais";"Plena noite";"Decrescente";"Chuva";"Dupla";"Reta";"Urbano";2;1;0;0;0;1;0;1
83491845;"20/08/16";"Sábado";"20:45:00";"MS";163;"507,2";"JARAGUARI";"Velocidade incompatível";"Saída de Pista";"Com Vítimas Feridas";"Plena noite";"Crescente";"Chuva";"Simples";"Curva";"Rural";2;0;2;0;0;0;2;1
83491846;"20/08/16";"Sábado";"19:30:00";"MS";267;"134";"NOVA ANDRADINA";"Defeito na via";"Saída de Pista";"Sem Vítimas";"Plena noite";"Decrescente";"Chuva";"Simples";"Reta";"Rural";4;0;0;0;4;0;0;1
83491847;"20/08/16";"Sábado";"20:20:00";"MT";70;"311";"DOM AQUINO";"Outras";"Capotamento";"Sem Vítimas";"Plena noite";"Crescente";"Nublado";"Simples";"Curva";"Rural";1;0;0;0;1;0;0;1
83491848;"20/08/16";"Sábado";"21:40:00";"RN";304;"33,9";"MOSSORO";"Outras";"Colisão lateral";"Com Vítimas Feridas";"Plena noite";"Crescente";"Nublado";"Dupla";"Reta";"Urbano";4;0;3;0;0;1;3;2
83491849;"20/08/16";"Sábado";"23:20:00";"PA";316;"4";"ANANINDEUA";"Ultrapassagem indevida";"Colisão lateral";"Com Vítimas Feridas";"Plena noite";"Decrescente";"Ceu Claro";"Dupla";"Reta";"Urbano";2;0;1;0;1;0;1;2
83491850;"20/08/16";"Sábado";"21:20:00";"PB";104;"139,4";"QUEIMADAS";"Ingestão de álcool";"Colisão frontal";"Com Vítimas Feridas";"Plena noite";"Crescente";"Ceu Claro";"Simples";"Reta";"Urbano";2;0;0;1;1;0;1;2
83491851;"20/08/16";"Sábado";"20:45:00";"PE";407;"54,4";"PETROLINA";"Outras";"Capotamento";"Com Vítimas Feridas";"Plena noite";"Decrescente";"Ceu Claro";"Simples";"Curva";"Urbano";1;0;0;1;0;0;1;1
83491852;"20/08/16";"Sábado";"16:20:00";"ES";262;"84";"DOMINGOS MARTINS";"Ultrapassagem indevida";"Capotamento";"Com Vítimas Feridas";"Pleno dia";"Crescente";"Ceu Claro";"Simples";"Reta";"Rural";3;0;1;0;2;0;1;2
83491853;"20/08/16";"Sábado";"17:30:00";"MG";354;"754,6";"ITAMONTE";"Velocidade incompatível";"Colisão traseira";"Sem Vítimas";"Pleno dia";"Crescente";"Ceu Claro";"Simples";"Reta";"Urbano";6;0;0;0;5;1;0;5
83491854;"21/08/16";"Domingo";"00:30:00";"RJ";116;"308";"RESENDE";"Outras";"Saída de Pista";"Com Vítimas Feridas";"Plena noite";"Decrescente";"Chuva";"Dupla";"Curva";"Rural";2;0;2;0;0;0;2;1
83491855;"20/08/16";"Sábado";"19:50:00";"PR";277;"5";"PARANAGUA";"Defeito mecânico em veículo";"Danos Eventuais";"Sem Vítimas";"Plena noite";"Decrescente";"Chuva";"Dupla";"Reta";"Urbano";1;0;0;0;1;0;0;1
83491856;"21/08/16";"Domingo";"00:35:00";"MG";381;"874";"POUSO ALEGRE";"Velocidade incompatível";"Capotamento";"Com Vítimas Feridas";"Plena noite";"Crescente";"Chuva";"Dupla";"Curva";"Rural";5;0;3;1;1;0;4;1
83491857;"20/08/16";"Sábado";"16:45:00";"SC";282;"129,8";"BOM RETIRO";"Outras";"Saída de Pista";"Com Vítimas Feridas";"Pleno dia";"Crescente";"Chuva";"Simples";"Reta";"Urbano";1;0;1;0;0;0;1;1
83491858;"20/08/16";"Sábado";"18:15:00";"SC";282;"184,2";"BOCAINA DO SUL";"Velocidade incompatível";"Colisão com objeto fixo";"Com Vítimas Fatais";"Plena noite";"Decrescente";"Chuva";"Simples";"Curva";"Rural";1;1;0;0;0;0;0;1
83491859;"21/08/16";"Domingo";"00:41:00";"PI";316;"5,5";"TERESINA";"Falta de atenção";"Colisão com objeto fixo";"Com Vítimas Feridas";"Plena noite";"Crescente";"Ceu Claro";"Simples";"Reta";"Urbano";1;0;0;1;0;0;1;1
83491860;"20/08/16";"Sábado";"23:00:00";"PB";230;"43";"SANTA RITA";"Falta de atenção";"Colisão traseira";"Com Vítimas Feridas";"Plena noite";"Crescente";"Ceu Claro";"Dupla";"Reta";"Rural";4;0;1;1;2;0;2;3
83491861;"20/08/16";"Sábado";"23:00:00";"PE";232;"511,5";"SALGUEIRO";"Ingestão de álcool";"Colisão Transversal";"Com Vítimas Feridas";"Plena noite";"Decrescente";"Ceu Claro";"Simples";"Reta";"Urbano";3;0;1;1;1;0;2;2
83491862;"20/08/16";"Sábado";"18:15:00";"TO";153;"135";"ARAGUAINA";"Ingestão de álcool";"Colisão traseira";"Com Vítimas Feridas";"Plena noite";"Crescente";"Ceu Claro";"Simples";"Reta";"Urbano";4;0;1;0;3;0;1;2
83491863;"20/06/16";"Segunda";"17:50:00";"PR";116;"23,2";"ANTONINA";"Velocidade incompatível";"Saída de Pista";"Sem Vítimas";"Plena noite";"Decrescente";"Chuva";"Dupla";"Curva";"Rural";4;0;0;0;4;0;0;1