"id";"data_inversa";"dia_semana";"horario";"uf";"br";"km";"municipio";"causa_acidente";"tipo_acidente";"classificacao_acidente";"fase_dia";"sentido_via";"condicao_metereologica";"tipo_pista";"tracado_via";"uso_solo";"pessoas";"mortos";"feridos_leves";"feridos_graves";"ilesos";"ignorados";"feridos";"veiculos"
83491864;"20/08/16";"Sábado";"23:50:00";"SC";101;"204";"SAO JOSE";"Ingestão de álcool";"Colisão lateral";"Sem Vítimas";"Plena noite";"Decrescente";"Nublado";"Múltipla";"Reta";"Urbano";2;0;0;0;2;0;0;2
83491865;"20/08/16";"Sábado";"20:39:00";"SC";282;"531,8";"CORDILHEIRA ALTA";"Ingestão de álcool";"Colisão frontal";"Com Vítimas Fatais";"Plena noite";"Crescente";"Nevoeiro/neblina";"Simples";"Curva";"Rural";2;1;0;0;1;0;0;2
83491866;"21/08/16";"Domingo";"01:35:00";"ES";101;"163";"LINHARES";"Falta de atenção";"Colisão frontal";"Com Vítimas Feridas";"Plena noite";"Decrescente";"Nublado";"Simples";"Curva";"Rural";4;0;1;2;1;0;3;2
83491867;"21/08/16";"Domingo";"00:15:00";"SP";116;"513";"CAJATI";"Velocidade incompatível";"Tombamento";"Sem Vítimas";"Plena noite";"Decrescente";"Chuva";"Simples";"Curva";"Rural";1;0;0;0;1;0;0;1
83491868;"21/08/16";"Domingo";"01:30:00";"ES";101;"239,9";"SERRA";"Dormindo";"Capotamento";"Com Vítimas Feridas";"Plena noite";"Crescente";"Ceu Claro";"Simples";"Reta";"Rural";2;0;0;1;1;0;1;1
83491869;"20/08/16";"Sábado";"16:38:00";"GO";153;"97,5";"PORANGATU";"Ultrapassagem indevida";"Colisão frontal";"Com Vítimas Fatais";"Pleno dia";"Decrescente";"Ceu Claro";"Simples";"Curva";"Rural";4;3;0;0;1;0;0;2
83491870;"13/08/16";"Sábado";"00:00:00";"ES";101;"374";"ICONHA";"Outras";"Saída de Pista";"Sem Vítimas";"Plena noite";"Crescente";"Nublado";"Simples";"Curva";"Rural";1;0;0;0;1;0;0;1
83491871;"20/08/16";"Sábado";"18:40:00";"SC";101;"206";"SAO JOSE";"Outras";"Colisão traseira";"Sem Vítimas";"Plena noite";"Crescente";"Chuva";"Múltipla";"Reta";"Urbano";4;0;0;0;3;1;0;4
83491873;"20/06/16";"Segunda";"20:00:00";"PR";116;"36";"CAMPINA GRANDE DO SUL";"Falta de atenção";"Saída de Pista";"Sem Vítimas";"Plena noite";"Decrescente";"Chuva";"Dupla";"Reta";"Rural";5;0;0;0;5;0;0;1
83491874;"20/08/16";"Sábado";"20:20:00";"BA";116;"745,8";"POCOES";"Outras";"Atropelamento de pessoa";"Com Vítimas Fatais";"Plena noite";"Crescente";"Nublado";"Simples";"Reta";"Rural";2;1;0;0;0;1;0;1
83491875;"20/08/16";"Sábado";"23:30:00";"GO";153;"276,4";"NOVA GLORIA";"Ultrapassagem indevida";"Colisão frontal";"Com Vítimas Fatais";"Plena noite";"Crescente";"Nublado";"Simples";"Reta";"Rural";2;1;0;1;0;0;1;2
83491876;"20/08/16";"Sábado";"22:15:00";"PR";153;"339,6";"IRATI";"Ingestão de álcool";"Colisão lateral";"Sem Vítimas";"Plena noite";"Crescente";"Chuva";"Simples";"Curva";"Urbano";2;0;0;0;2;0;0;2
83491877;"20/08/16";"Sábado";"09:30:00";"SP";381;"51,9";"ATIBAIA";"Outras";"Tombamento";"Sem Vítimas";"Pleno dia";"Crescente";"Chuva";"Dupla";"Curva";"Rural";1;0;0;0;1;0;0;1
83491878;"20/08/16";"Sábado";"20:30:00";"PE";232;"37,1";"VITORIA DE SANTO ANTAO";"Velocidade incompatível";"Capotamento";"Com Vítimas Feridas";"Plena noite";"Crescente";"Ceu Claro";"Dupla";"Reta";"Rural";1;0;1;0;0;0;1;1
83491879;"20/08/16";"Sábado";"07:20:00";"AL";101;"155,3";"JEQUIA DA PRAIA";"Dormindo";"Capotamento";"Sem Vítimas";"Pleno dia";"Decrescente";"Nublado";"Simples";"Curva";"Rural";1;0;0;0;1;0;0;1
83491880;"20/08/16";"Sábado";"23:20:00";"MS";163;"143";"NAVIRAI";"Animais na Pista";"Atropelamento de animal";"Com Vítimas Feridas";"Plena noite";"Decrescente";"Nublado";"Simples";"Reta";"Rural";5;0;2;0;3;0;2;1
83491881;"20/08/16";"Sábado";"18:10:00";"AL";104;"57,5";"MURICI";"Outras";"Atropelamento de pessoa";"Com Vítimas Fatais";"Plena noite";"Decrescente";"Nublado";"Simples";"Reta";"Rural";2;1;0;0;0;1;0;1
83491882;"20/08/16";"Sábado";"19:30:00";"BA";116;"424";"FEIRA DE SANTANA";"Outras";"Queda de motocicleta / bicicleta / veículo";"Com Vítimas Feridas";"Plena noite";"Decrescente";"Ceu Claro";"Simples";"Reta";"Urbano";2;0;2;0;0;0;2;1
83491883;"21/08/16";"Domingo";"01:00:00";"PR";376;"133";"NOVA ESPERANCA";"Ingestão de álcool";"Tombamento";"Com Vítimas Feridas";"Plena noite";"Crescente";"Chuva";"Simples";"Reta";"Rural";5;0;4;0;1;0;4;1
83491884;"20/08/16";"Sábado";"23:50:00";"TO";153;"485,1";"PARAISO DO TOCANTINS";"Dormindo";"Capotamento";"Sem Vítimas";"Plena noite";"Decrescente";"Ceu Claro";"Simples";"Reta";"Rural";1;0;0;0;1;0;0;1
83491885;"20/08/16";"Sábado";"19:20:00";"RN";304;"41,6";"MOSSORO";"Falta de atenção";"Atropelamento de pessoa";"Com Vítimas Fatais";"Plena noite";"Decrescente";"Ceu Claro";"Dupla";"Reta";"Urbano";2;1;0;0;1;0;0;1
83491886;"21/08/16";"Domingo";"01:00:00";"RS";116;"159";"CAXIAS DO SUL";"Ingestão de álcool";"Colisão traseira";"Sem Vítimas";"Plena noite";"Crescente";"Chuva";"Simples";"Reta";"Urbano";2;0;0;0;1;1;0;2
83491887;"21/08/16";"Domingo";"00:10:00";"RN";101;"84,9";"NATAL";"Outras";"Colisão Transversal";"Sem Vítimas";"Plena noite";"Decrescente";"Ceu Claro";"Dupla";"Reta";"Urbano";2;0;0;0;1;1;0;2
83491888;"12/08/16";"Sexta";"18:30:00";"BA";324;"619";"SALVADOR";"Outras";"Colisão com objeto fixo";"Sem Vítimas";"Plena noite";"Crescente";"Ceu Claro";"Múltipla";"Reta";"Urbano";1;0;0;0;1;0;0;1
83491889;"16/08/16";"Terça";"23:20:00";"SP";381;"26";"ATIBAIA";"Outras";"Queda de motocicleta / bicicleta / veículo";"Com Vítimas Feridas";"Plena noite";"Decrescente";"Ignorada";"Dupla";"Reta";"Rural";1;0;1;0;0;0;1;1
83491890;"15/08/16";"Segunda";"17:17:00";"MG";116;"526,6";"CARATINGA";"Falta de atenção";"Colisão Transversal";"Com Vítimas Feridas";"Pleno dia";"Crescente";"Ceu Claro";"Simples";"Reta";"Urbano";3;0;1;0;2;0;1;2
83491891;"20/08/16";"Sábado";"12:34:00";"PR";163;"307";"MERCEDES";"Defeito na via";"Capotamento";"Com Vítimas Feridas";"Pleno dia";"Decrescente";"Chuva";"Simples";"Reta";"Rural";2;0;2;0;0;0;2;1
83491892;"17/08/16";"Quarta";"04:40:00";"PB";230;"61,4";"CRUZ DO ESPIRITO SANTO";"Não guardar distância de segurança";"Colisão traseira";"Sem Vítimas";"Plena noite";"Decrescente";"Ceu Claro";"Dupla";"Reta";"Rural";2;0;0;0;2;0;0;2
83491893;"20/08/16";"Sábado";"16:30:00";"MA";10;"262,4";"IMPERATRIZ";"Falta de atenção";"Colisão Transversal";"Com Vítimas Feridas";"Pleno dia";"Decrescente";"Sol";"Simples";"Reta";"Urbano";2;0;0;1;1;0;1;2
83491894;"12/08/16";"Sexta";"23:30:00";"BA";324;"599";"SIMOES FILHO";"Dormindo";"Colisão com objeto fixo";"Com Vítimas Feridas";"Plena noite";"Decrescente";"Ceu Claro";"Dupla";"Reta";"Rural";2;0;2;0;0;0;2;1
83491895;"20/08/16";"Sábado";"13:48:00";"DF";60;"11";"BRASILIA";"Outras";"Saída de Pista";"Com Vítimas Feridas";"Pleno dia";"Decrescente";"Ceu Claro";"Dupla";"Reta";"Urbano";1;0;1;0;0;0;1;1
83491896;"16/08/16";"Terça";"18:00:00";"BA";101;"258";"SANTO ANTONIO DE JESUS";"Falta de atenção";"Colisão Transversal";"Com Vítimas Feridas";"Plena noite";"Decrescente";"Ceu Claro";"Simples";"Reta";"Rural";3;0;1;0;2;0;1;2
83491897;"21/08/16";"Domingo";"04:10:00";"MG";116;"769,6";"LEOPOLDINA";"Outras";"Colisão com bicicleta";"Com Vítimas Fatais";"Plena noite";"Crescente";"Nublado";"Simples";"Reta";"Urbano";2;1;0;0;1;0;0;2
83491898;"20/08/16";"Sábado";"10:15:00";"PR";116;"82";"PIRAQUARA";"Defeito mecânico em veículo";"Saída de Pista";"Sem Vítimas";"Pleno dia";"Crescente";"Chuva";"Dupla";"Reta";"Rural";1;0;0;0;1;0;0;1
83491899;"20/08/16";"Sábado";"23:30:00";"ES";262;"6";"CARIACICA";"Desobediência à sinalização";"Colisão Transversal";"Com Vítimas Feridas";"Plena noite";"Decrescente";"Nublado";"Múltipla";"Cruzamento";"Urbano";2;0;1;0;1;0;1;2
83491900;"21/08/16";"Domingo";"02:28:00";"PE";101;"43,6";"IGARASSU";"Falta de atenção";"Colisão traseira";"Sem Vítimas";"Plena noite";"Crescente";"Ceu Claro";"Múltipla";"Reta";"Urbano";2;0;0;0;2;0;0;2
83491901;"20/08/16";"Sábado";"22:30:00";"RJ";101;"71";"CAMPOS DOS GOYTACAZES";"Outras";"Colisão Transversal";"Com Vítimas Feridas";"Plena noite";"Crescente";"Ceu Claro";"Simples";"Reta";"Rural";2;0;1;0;1;0;1;2
83491902;"20/08/16";"Sábado";"17:20:00";"BA";116;"777,8";"PLANALTO";"Falta de atenção";"Colisão Transversal";"Com Vítimas Feridas";"Pleno dia";"Decrescente";"Ceu Claro";"Simples";"Cruzamento";"Urbano";4;0;1;0;3;0;1;3
83491903;"21/08/16";"Domingo";"03:00:00";"PR";116;"79,2";"PIRAQUARA";"Falta de atenção";"Danos Eventuais";"Ignorado";"Plena noite";"Decrescente";"Nublado";"Dupla";"Reta";"Rural";1;0;0;0;0;1;0;1
83491904;"21/08/16";"Domingo";"02:30:00";"SC";101;"404";"MARACAJA";"Outras";"Colisão com objeto fixo";"Sem Vítimas";"Plena noite";"Decrescente";"Chuva";"Dupla";"Reta";"Rural";1;0;0;0;1;0;0;1
83491905;"21/08/16";"Domingo";"02:30:00";"SP";116;"319";"JUQUITIBA";"Desobediência à sinalização";"Colisão com objeto fixo";"Sem Vítimas";"Plena noite";"Decrescente";"Chuva";"Dupla";"Reta";"Rural";1;0;0;0;1;0;0;1
83491907;"18/08/16";"Quinta";"21:15:00";"PB";230;"34,3";"BAYEUX";"Não guardar distância de segurança";"Colisão lateral";"Sem Vítimas";"Plena noite";"Decrescente";"Ignorada";"Dupla";"Reta";"Urbano";2;0;0;0;2;0;0;2
83491909;"21/08/16";"Domingo";"03:00:00";"MA";10;"338,8";"ACAILANDIA";"Ultrapassagem indevida";"Colisão frontal";"Com Vítimas Fatais";"Plena noite";"Decrescente";"Ceu Claro";"Simples";"Reta";"Rural";5;3;2;0;0;0;2;2
83491910;"21/08/16";"Domingo";"01:50:00";"GO";20;"14";"FORMOSA";"Outras";"Capotamento";"Com Vítimas Feridas";"Plena noite";"Decrescente";"Ceu Claro";"Simples";"Reta";"Rural";1;0;1;0;0;0;1;1
83491911;"20/08/16";"Sábado";"07:00:00";"MG";356;"269,4";"MURIAE";"Outras";"Saída de Pista";"Ignorado";"Amanhecer";"Decrescente";"Ceu Claro";"Simples";"Reta";"Urbano";1;0;0;0;0;1;0;1
83491912;"20/08/16";"Sábado";"22:30:00";"PR";158;"495";"CORONEL VIVIDA";"Outras";"Capotamento";"Sem Vítimas";"Plena noite";"Crescente";"Chuva";"Simples";"Curva";"Rural";2;0;0;0;1;1;0;2
83491913;"15/08/16";"Segunda";"19:35:00";"RJ";101;"314";"SAO GONCALO";"Outras";"Colisão traseira";"Com Vítimas Feridas";"Plena noite";"Decrescente";"Ceu Claro";"Dupla";"Reta";"Urbano";3;0;2;0;1;0;2;2
83491914;"20/08/16";"Sábado";"09:30:00";"BA";116;"792,2";"VITORIA DA CONQUISTA";"Não guardar distância de segurança";"Colisão traseira";"Sem Vítimas";"Pleno dia";"Crescente";"Ceu Claro";"Simples";"Reta";"Rural";2;0;0;0;2;0;0;2
83491915;"20/08/16";"Sábado";"08:15:00";"MG";116;"702,8";"MURIAE";"Desobediência à sinalização";"Colisão Transversal";"Com Vítimas Feridas";"Pleno dia";"Crescente";"Ceu Claro";"Simples";"Cruzamento";"Urbano";2;0;1;0;1;0;1;2
83491916;"20/08/16";"Sábado";"14:05:00";"MG";116;"431";"ALPERCATA";"Falta de atenção";"Queda de motocicleta / bicicleta / veículo";"Com Vítimas Feridas";"Pleno dia";"Crescente";"Ceu Claro";"Simples";"Reta";"Rural";1;0;1;0;0;0;1;1
83491917;"20/08/16";"Sábado";"10:30:00";"BA";101;"307";"PRESIDENTE TANCREDO NEVES";"Outras";"Saída de Pista";"Com Vítimas Feridas";"Pleno dia";"Crescente";"Ceu Claro";"Simples";"Curva";"Rural";1;0;0;1;0;0;1;1
83491918;"20/08/16";"Sábado";"22:15:00";"RJ";393;"236";"VASSOURAS";"Outras";"Colisão Transversal";"Com Vítimas Feridas";"Plena noite";"Decrescente";"Nublado";"Simples";"Reta";"Urbano";3;0;1;0;2;0;1;2
83491919;"21/08/16";"Domingo";"07:10:00";"RS";392;"353";"SANTA MARIA";"Ingestão de álcool";"Saída de Pista";"Com Vítimas Feridas";"Pleno dia";"Crescente";"Nublado";"Simples";"Cruzamento";"Urbano";2;0;2;0;0;0;2;1
83491921;"20/08/16";"Sábado";"15:00:00";"RJ";40;"105";"DUQUE DE CAXIAS";"Falta de atenção";"Atropelamento de pessoa";"Com Vítimas Feridas";"Pleno dia";"Decrescente";"Ceu Claro";"Múltipla";"Reta";"Urbano";2;0;1;0;1;0;1;1
83491922;"17/08/16";"Quarta";"16:50:00";"BA";324;"576";"SAO SEBASTIAO DO PASSE";"Defeito mecânico em veículo";"Capotamento";"Com Vítimas Feridas";"Pleno dia";"Crescente";"Ceu Claro";"Dupla";"Reta";"Rural";1;0;1;0;0;0;1;1
83491923;"17/08/16";"Quarta";"21:00:00";"CE";222;"10";"CAUCAIA";"Desobediência à sinalização";"Colisão Transversal";"Sem Vítimas";"Pleno dia";"Decrescente";"Ceu Claro";"Simples";"Cruzamento";"Urbano";2;0;0;0;2;0;0;2
83491924;"21/08/16";"Domingo";"07:30:00";"RJ";40;"22";"TRES RIOS";"Velocidade incompatível";"Capotamento";"Sem Vítimas";"Pleno dia";"Crescente";"Chuva";"Dupla";"Curva";"Rural";3;0;0;0;3;0;0;1
83491925;"21/08/16";"Domingo";"03:40:00";"SP";116;"33,8";"CRUZEIRO";"Outras";"Tombamento";"Com Vítimas Feridas";"Plena noite";"Decrescente";"Chuva";"Simples";"Curva";"Rural";1;0;1;0;0;0;1;1
83491926;"21/08/16";"Domingo";"04:30:00";"RJ";40;"55";"PETROPOLIS";"Outras";"Capotamento";"Com Vítimas Feridas";"Plena noite";"Crescente";"Nublado";"Dupla";"Reta";"Rural";1;0;1;0;0;0;1;1
83491927;"21/08/16";"Domingo";"01:30:00";"RJ";116;"183";"NOVA IGUACU";"Velocidade incompatível";"Tombamento";"Ignorado";"Plena noite";"Decrescente";"Chuva";"Dupla";"Reta";"Urbano";1;0;0;0;0;1;0;1
83491928;"20/08/16";"Sábado";"12:50:00";"BA";242;"628,5";"MUQUEM DO SAO FRANCISCO";"Outras";"Capotamento";"Sem Vítimas";"Pleno dia";"Decrescente";"Ceu Claro";"Simples";"Reta";"Rural";1;0;0;0;1;0;0;1
83491929;"21/08/16";"Domingo";"04:10:00";"RJ";393;"239";"VASSOURAS";"Outras";"Saída de Pista";"Com Vítimas Feridas";"Plena noite";"Decrescente";"Chuva";"Simples";"Curva";"Rural";2;0;2;0;0;0;2;1
83491930;"20/08/16";"Sábado";"15:20:00";"BA";407;"186";"PONTO NOVO";"Outras";"Atropelamento de pessoa";"Com Vítimas Feridas";"Pleno dia";"Crescente";"Ceu Claro";"Simples";"Reta";"Rural";2;0;1;0;0;1;1;1
83491931;"18/08/16";"Quinta";"18:30:00";"MG";262;"13,2";"MARTINS SOARES";"Falta de atenção";"Colisão lateral";"Com Vítimas Fatais";"Plena noite";"Crescente";"Ceu Claro";"Simples";"Reta";"Rural";4;1;2;0;1;0;2;2
83491932;"18/08/16";"Quinta";"06:10:00";"BA";116;"689,1";"JEQUIE";"Outras";"Tombamento";"Com Vítimas Feridas";"Pleno dia";"Crescente";"Nublado";"Simples";"Curva";"Rural";1;0;1;0;0;0;1;1
83491933;"17/08/16";"Quarta";"17:00:00";"SC";280;"7";"SAO FRANCISCO DO SUL";"Outras";"Queda de motocicleta / bicicleta / veículo";"Com Vítimas Feridas";"Pleno dia";"Crescente";"Nublado";"Simples";"Reta";"Urbano";1;0;1;0;0;0;1;1
83491934;"21/08/16";"Domingo";"07:00:00";"RJ";116;"175";"NOVA IGUACU";"Velocidade incompatível";"Colisão com objeto fixo";"Sem Vítimas";"Pleno dia";"Decrescente";"Chuva";"Múltipla";"Reta";"Urbano";1;0;0;0;1;0;0;1
83491935;"17/08/16";"Quarta";"20:53:00";"SP";116;"113,5";"TAUBATE";"Não guardar distância de segurança";"Colisão traseira";"Com Vítimas Fatais";"Plena noite";"Decrescente";"Ceu Claro";"Dupla";"Reta";"Urbano";2;1;0;0;0;1;0;2
83491936;"21/08/16";"Domingo";"07:05:00";"MG";262;"358,9";"BETIM";"Ingestão de álcool";"Colisão lateral";"Com Vítimas Feridas";"Pleno dia";"Decrescente";"Nublado";"Dupla";"Reta";"Rural";3;0;2;0;1;0;2;2
83491937;"17/08/16";"Quarta";"20:30:00";"SP";381;"15,8";"BRAGANCA PAULISTA";"Falta de atenção";"Colisão traseira";"Com Vítimas Feridas";"Plena noite";"Crescente";"Ceu Claro";"Dupla";"Reta";"Rural";4;0;1;0;3;0;1;2
83491938;"21/08/16";"Domingo";"05:30:00";"RJ";116;"175";"NOVA IGUACU";"Outras";"Colisão com objeto fixo";"Com Vítimas Feridas";"Pleno dia";"Decrescente";"Chuva";"Múltipla";"Reta";"Urbano";2;0;1;0;1;0;1;1
83491939;"17/08/16";"Quarta";"03:45:00";"SC";116;"11,3";"MAFRA";"Animais na Pista";"Atropelamento de animal";"Com Vítimas Feridas";"Plena noite";"Crescente";"Ceu Claro";"Simples";"Curva";"Rural";1;0;1;0;0;0;1;1
83491940;"21/08/16";"Domingo";"07:05:00";"SC";101;"206,3";"SAO JOSE";"Falta de atenção";"Colisão com objeto fixo";"Com Vítimas Feridas";"Pleno dia";"Crescente";"Chuva";"Múltipla";"Reta";"Urbano";1;0;1;0;0;0;1;1
83491941;"21/08/16";"Domingo";"09:02:00";"SC";101;"96";"PICARRAS";"Defeito na via";"Saída de Pista";"Sem Vítimas";"Amanhecer";"Crescente";"Chuva";"Dupla";"Curva";"Rural";1;0;0;0;1;0;0;1
83491942;"17/08/16";"Quarta";"21:00:00";"PR";376;"1,7";"APUCARANA";"Falta de atenção";"Colisão Transversal";"Com Vítimas Feridas";"Plena noite";"Decrescente";"Ceu Claro";"Simples";"Reta";"Urbano";2;0;2;0;0;0;2;2
83491943;"10/08/16";"Quarta";"01:30:00";"ES";101;"149";"LINHARES";"Ingestão de álcool";"Colisão Transversal";"Sem Vítimas";"Plena noite";"Decrescente";"Ceu Claro";"Simples";"Reta";"Urbano";3;0;0;0;3;0;0;3
83491944;"16/08/16";"Terça";"22:10:00";"PR";376;"598";"CURITIBA";"Não guardar distância de segurança";"Colisão traseira";"Com Vítimas Feridas";"Plena noite";"Crescente";"Nublado";"Dupla";"Reta";"Urbano";3;0;0;2;1;0;2;2
83491945;"21/08/16";"Domingo";"01:10:00";"SP";116;"155";"SAO JOSE DOS CAMPOS";"Outras";"Colisão traseira";"Sem Vítimas";"Plena noite";"Crescente";"Chuva";"Dupla";"Reta";"Urbano";2;0;0;0;2;0;0;2
83491946;"17/08/16";"Quarta";"22:00:00";"MG";116;"522";"CARATINGA";"Falta de atenção";"Colisão lateral";"Com Vítimas Feridas";"Plena noite";"Crescente";"Ceu Claro";"Simples";"Reta";"Urbano";2;0;1;0;1;0;1;2
83491947;"18/08/16";"Quinta";"00:40:00";"RS";392;"133";"CANGUCU";"Outras";"Saída de Pista";"Com Vítimas Feridas";"Plena noite";"Crescente";"Ceu Claro";"Simples";"Reta";"Rural";1;0;1;0;0;0;1;1
83491948;"21/08/16";"Domingo";"03:00:00";"MT";70;"70";"GENERAL CARNEIRO";"Ingestão de álcool";"Saída de Pista";"Com Vítimas Feridas";"Plena noite";"Crescente";"Nublado";"Simples";"Curva";"Rural";4;0;3;1;0;0;4;1
83491949;"17/08/16";"Quarta";"22:45:00";"PR";277;"96";"CURITIBA";"Falta de atenção";"Colisão traseira";"Com Vítimas Feridas";"Plena noite";"Decrescente";"Nublado";"Dupla";"Reta";"Urbano";4;0;1;0;3;0;1;3
83491950;"05/08/16";"Sexta";"08:00:00";"MG";381;"481";"CONTAGEM";"Não guardar distância de segurança";"Queda de motocicleta / bicicleta / veículo";"Com Vítimas Feridas";"Pleno dia";"Decrescente";"Sol";"Simples";"Reta";"Urbano";1;0;1;0;0;0;1;1
83491951;"21/08/16";"Domingo";"07:50:00";"MG";50;"53";"ARAGUARI";"Outras";"Saída de Pista";"Sem Vítimas";"Pleno dia";"Decrescente";"Chuva";"Dupla";"Curva";"Rural";1;0;0;0;1;0;0;1
83491952;"18/08/16";"Quinta";"01:45:00";"SP";116;"87";"PINDAMONHANGABA";"Outras";"Colisão traseira";"Com Vítimas Feridas";"Plena noite";"Decrescente";"Ceu Claro";"Dupla";"Reta";"Urbano";2;0;1;0;1;0;1;2
83491953;"18/08/16";"Quinta";"08:15:00";"RS";470;"221,7";"GARIBALDI";"Falta de atenção";"Colisão Transversal";"Sem Vítimas";"Pleno dia";"Decrescente";"Ceu Claro";"Simples";"Reta";"Rural";2;0;0;0;2;0;0;2
83491954;"19/08/16";"Sexta";"08:30:00";"DF";80;"19";"BRASILIA";"Falta de atenção";"Colisão lateral";"Com Vítimas Feridas";"Pleno dia";"Crescente";"Ceu Claro";"Dupla";"Reta";"Urbano";3;0;2;0;1;0;2;2
83491955;"13/08/16";"Sábado";"13:00:00";"MG";365;"592,8";"UBERLANDIA";"Não guardar distância de segurança";"Colisão traseira";"Com Vítimas Feridas";"Pleno dia";"Decrescente";"Sol";"Simples";"Curva";"Rural";2;0;0;1;1;0;1;2
83491956;"21/08/16";"Domingo";"08:20:00";"SP";116;"555,5";"BARRA DO TURVO";"Velocidade incompatível";"Capotamento";"Sem Vítimas";"Pleno dia";"Crescente";"Chuva";"Dupla";"Curva";"Rural";2;0;0;0;2;0;0;1
83491957;"18/08/16";"Quinta";"06:40:00";"GO";153;"302,5";"RIALMA";"Falta de atenção";"Colisão lateral";"Com Vítimas Feridas";"Pleno dia";"Crescente";"Ceu Claro";"Simples";"Reta";"Urbano";3;0;1;1;1;0;2;2
83491958;"18/08/16";"Quinta";"06:20:00";"RJ";116;"226,8";"PIRAI";"Defeito mecânico em veículo";"Colisão com objeto fixo";"Com Vítimas Feridas";"Pleno dia";"Decrescente";"Nublado";"Simples";"Curva";"Rural";2;0;1;0;1;0;1;1
83491959;"20/08/16";"Sábado";"04:40:00";"SC";282;"411,2";"VARGEM BONITA";"Velocidade incompatível";"Colisão lateral";"Sem Vítimas";"Plena noite";"Decrescente";"Nublado";"Simples";"Curva";"Rural";4;0;0;0;4;0;0;2
83491960;"21/08/16";"Domingo";"07:40:00";"SP";381;"75";"MAIRIPORA";"Velocidade incompatível";"Capotamento";"Com Vítimas Feridas";"Pleno dia";"Decrescente";"Chuva";"Dupla";"Curva";"Rural";3;0;1;0;2;0;1;2
83491961;"13/08/16";"Sábado";"18:30:00";"PR";476;"159";"CURITIBA";"Ingestão de álcool";"Colisão lateral";"Com Vítimas Feridas";"Anoitecer";"Decrescente";"Chuva";"Simples";"Reta";"Rural";2;0;1;0;1;0;1;2
83491962;"21/08/16";"Domingo";"08:50:00";"SC";101;"232,5";"PALHOCA";"Outras";"Tombamento";"Sem Vítimas";"Pleno dia";"Crescente";"Chuva";"Dupla";"Reta";"Urbano";1;0;0;0;1;0;0;1
83491963;"18/08/16";"Quinta";"07:10:00";"DF";70;"5";"BRASILIA";"Falta de atenção";"Colisão traseira";"Com Vítimas Feridas";"Pleno dia";"Decrescente";"Ceu Claro";"Dupla";"Reta";"Urbano";2;0;1;0;1;0;1;2
83491964;"17/08/16";"Quarta";"11:30:00";"BA";324;"613";"SALVADOR";"Outras";"Queda de motocicleta / bicicleta / veículo";"Com Vítimas Feridas";"Pleno dia";"Crescente";"Ceu Claro";"Dupla";"Reta";"Urbano";2;0;1;0;0;1;1;1
83491965;"21/08/16";"Domingo";"07:40:00";"PB";101;"75,8";"SANTA RITA";"Velocidade incompatível";"Queda de motocicleta / bicicleta / veículo";"Com Vítimas Feridas";"Pleno dia";"Decrescente";"Ceu Claro";"Dupla";"Curva";"Rural";1;0;1;0;0;0;1;1
83491966;"21/08/16";"Domingo";"07:50:00";"SP";116;"136";"SAO JOSE DOS CAMPOS";"Velocidade incompatível";"Colisão com objeto fixo";"Sem Vítimas";"Pleno dia";"Crescente";"Chuva";"Dupla";"Reta";"Rural";1;0;0;0;1;0;0;1
83491967;"17/08/16";"Quarta";"23:10:00";"RS";392;"61";"PELOTAS";"Outras";"Saída de Pista";"Sem Vítimas";"Plena noite";"Decrescente";"Ceu Claro";"Simples";"Curva";"Urbano";1;0;0;0;1;0;0;1
83491968;"21/08/16";"Domingo";"09:45:00";"PR";376;"673";"GUARATUBA";"Velocidade incompatível";"Capotamento";"Com Vítimas Feridas";"Pleno dia";"Decrescente";"Chuva";"Simples";"Reta";"Rural";3;0;1;0;2;0;1;1
83491969;"21/08/16";"Domingo";"09:35:00";"RJ";116;"227,9";"PIRAI";"Velocidade incompatível";"Colisão com objeto fixo";"Sem Vítimas";"Pleno dia";"Decrescente";"Chuva";"Dupla";"Curva";"Rural";2;0;0;0;2;0;0;1
83491970;"17/08/16";"Quarta";"18:20:00";"CE";20;"414,8";"MARACANAU";"Não guardar distância de segurança";"Colisão traseira";"Sem Vítimas";"Plena noite";"Decrescente";"Ceu Claro";"Simples";"Reta";"Urbano";4;0;0;0;3;1;0;4
83491971;"18/08/16";"Quinta";"02:20:00";"MG";262;"673,5";"IBIA";"Dormindo";"Saída de Pista";"Sem Vítimas";"Plena noite";"Crescente";"Ceu Claro";"Simples";"Reta";"Rural";1;0;0;0;1;0;0;1
83491972;"20/08/16";"Sábado";"18:00:00";"BA";116;"647";"JAGUAQUARA";"Animais na Pista";"Atropelamento de animal";"Com Vítimas Feridas";"Anoitecer";"Crescente";"Ceu Claro";"Simples";"Reta";"Rural";3;0;3;0;0;0;3;2
83491973;"19/08/16";"Sexta";"18:30:00";"RJ";393;"105,1";"SAPUCAIA";"Falta de atenção";"Colisão traseira";"Sem Vítimas";"Plena noite";"Crescente";"Ceu Claro";"Simples";"Reta";"Rural";2;0;0;0;2;0;0;2
83491974;"17/08/16";"Quarta";"22:50:00";"RJ";116;"224";"PIRAI";"Defeito mecânico em veículo";"Colisão com objeto fixo";"Sem Vítimas";"Plena noite";"Decrescente";"Nublado";"Simples";"Curva";"Rural";1;0;0;0;1;0;0;1