"id";"data_inversa";"dia_semana";"horario";"uf";"br";"km";"municipio";"causa_acidente";"tipo_acidente";"classificacao_acidente";"fase_dia";"sentido_via";"condicao_metereologica";"tipo_pista";"tracado_via";"uso_solo";"pessoas";"mortos";"feridos_leves";"feridos_graves";"ilesos";"ignorados";"feridos";"veiculos"
83492089;"21/08/16";"Domingo";"20:22:00";"PR";116;"7";"CAMPINA GRANDE DO SUL";"Falta de atenção";"Colisão lateral";"Sem Vítimas";"Plena noite";"Decrescente";"Nublado";"Dupla";"Curva";"Rural";2;0;0;0;2;0;0;2
83492090;"21/08/16";"Domingo";"20:20:00";"RS";470;"36,1";"SAO JOSE DO OURO";"Animais na Pista";"Capotamento";"Com Vítimas Feridas";"Plena noite";"Decrescente";"Ceu Claro";"Simples";"Reta";"Rural";5;0;2;0;3;0;2;1
83492091;"20/08/16";"Sábado";"01:00:00";"SC";470;"237,8";"SAO CRISTOVAO DO SUL";"Velocidade incompatível";"Capotamento";"Com Vítimas Feridas";"Plena noite";"Crescente";"Nublado";"Simples";"Reta";"Rural";2;0;2;0;0;0;2;1
83492092;"21/08/16";"Domingo";"15:15:00";"SC";101;"252,7";"PAULO LOPES";"Ingestão de álcool";"Capotamento";"Com Vítimas Feridas";"Pleno dia";"Crescente";"Nublado";"Simples";"Curva";"Urbano";1;0;1;0;0;0;1;1
83492093;"21/08/16";"Domingo";"07:45:00";"MS";262;"65";"TRES LAGOAS";"Velocidade incompatível";"Capotamento";"Com Vítimas Feridas";"Pleno dia";"Crescente";"Nublado";"Simples";"Curva";"Rural";1;0;0;1;0;0;1;1
83492094;"21/08/16";"Domingo";"11:30:00";"MG";40;"706";"BARBACENA";"Outras";"Colisão com objeto fixo";"Com Vítimas Feridas";"Pleno dia";"Decrescente";"Chuva";"Dupla";"Curva";"Rural";2;0;2;0;0;0;2;1
83492095;"21/08/16";"Domingo";"21:00:00";"SC";282;"525,2";"XAXIM";"Ingestão de álcool";"Colisão frontal";"Com Vítimas Feridas";"Plena noite";"Crescente";"Ceu Claro";"Simples";"Curva";"Rural";2;0;0;1;1;0;1;2
83492096;"21/08/16";"Domingo";"17:37:00";"RS";116;"541";"CAPAO DO LEAO";"Falta de atenção";"Colisão com objeto fixo";"Sem Vítimas";"Pleno dia";"Decrescente";"Ceu Claro";"Múltipla";"Reta";"Rural";1;0;0;0;1;0;0;1
83492097;"21/08/16";"Domingo";"19:20:00";"CE";402;"254";"ITAPIPOCA";"Falta de atenção";"Colisão traseira";"Sem Vítimas";"Plena noite";"Decrescente";"Ignorada";"Simples";"Reta";"Rural";2;0;0;0;2;0;0;2
83492098;"21/08/16";"Domingo";"18:31:00";"RS";116;"262";"CANOAS";"Falta de atenção";"Colisão lateral";"Com Vítimas Feridas";"Plena noite";"Crescente";"Ceu Claro";"Dupla";"Reta";"Urbano";2;0;1;0;1;0;1;2
83492099;"21/08/16";"Domingo";"18:45:00";"RS";386;"275,9";"SAO JOSE DO HERVAL";"Falta de atenção";"Atropelamento de pessoa";"Com Vítimas Feridas";"Anoitecer";"Decrescente";"Ceu Claro";"Simples";"Curva";"Rural";2;0;0;1;0;1;1;1
83492100;"16/08/16";"Terça";"15:40:00";"MA";10;"246";"IMPERATRIZ";"Não guardar distância de segurança";"Colisão traseira";"Sem Vítimas";"Pleno dia";"Decrescente";"Sol";"Simples";"Reta";"Urbano";3;0;0;0;3;0;0;3
83492101;"21/08/16";"Domingo";"20:15:00";"PB";230;"153,9";"CAMPINA GRANDE";"Ingestão de álcool";"Colisão traseira";"Com Vítimas Feridas";"Plena noite";"Crescente";"Ceu Claro";"Simples";"Reta";"Urbano";7;0;5;0;1;1;5;2
83492102;"21/08/16";"Domingo";"07:30:00";"SP";381;"61";"MAIRIPORA";"Velocidade incompatível";"Colisão com objeto fixo";"Com Vítimas Feridas";"Pleno dia";"Crescente";"Chuva";"Dupla";"Curva";"Rural";1;0;1;0;0;0;1;1
83492103;"21/08/16";"Domingo";"09:50:00";"MG";381;"369,9";"SAO GONCALO DO RIO ABAIXO";"Defeito mecânico em veículo";"Colisão traseira";"Com Vítimas Feridas";"Pleno dia";"Crescente";"Ceu Claro";"Simples";"Reta";"Rural";3;0;2;0;1;0;2;2
83492104;"21/08/16";"Domingo";"09:50:00";"PA";230;"121,3";"MARABA";"Velocidade incompatível";"Colisão lateral";"Com Vítimas Feridas";"Amanhecer";"Crescente";"Ceu Claro";"Dupla";"Reta";"Urbano";3;0;2;0;1;0;2;2
83492105;"21/08/16";"Domingo";"20:10:00";"PB";230;"16,8";"JOAO PESSOA";"Outras";"Saída de Pista";"Com Vítimas Feridas";"Plena noite";"Crescente";"Ceu Claro";"Dupla";"Reta";"Urbano";1;0;1;0;0;0;1;1
83492106;"21/08/16";"Domingo";"19:30:00";"MS";163;"638,2";"SAO GABRIEL DO OESTE";"Ingestão de álcool";"Colisão Transversal";"Com Vítimas Feridas";"Plena noite";"Crescente";"Ceu Claro";"Dupla";"Reta";"Rural";8;0;1;0;7;0;1;2
83492107;"21/08/16";"Domingo";"10:20:00";"SP";381;"76";"SAO PAULO";"Velocidade incompatível";"Capotamento";"Sem Vítimas";"Pleno dia";"Crescente";"Chuva";"Dupla";"Curva";"Rural";1;0;0;0;1;0;0;1
83492108;"21/08/16";"Domingo";"21:50:00";"PR";116;"122";"CURITIBA";"Outras";"Saída de Pista";"Com Vítimas Feridas";"Plena noite";"Crescente";"Ceu Claro";"Dupla";"Curva";"Urbano";1;0;1;0;0;0;1;1
83492109;"21/08/16";"Domingo";"16:00:00";"MT";364;"584";"DIAMANTINO";"Velocidade incompatível";"Colisão com objeto fixo";"Com Vítimas Feridas";"Pleno dia";"Decrescente";"Nublado";"Dupla";"Curva";"Rural";7;0;3;0;4;0;3;2
83492110;"21/08/16";"Domingo";"21:15:00";"PR";116;"126";"FAZENDA RIO GRANDE";"Ingestão de álcool";"Colisão traseira";"Com Vítimas Feridas";"Plena noite";"Crescente";"Ceu Claro";"Dupla";"Cruzamento";"Urbano";2;0;2;0;0;0;2;2
83492111;"21/08/16";"Domingo";"17:10:00";"MG";381;"654";"SANTO ANTONIO DO AMPARO";"Velocidade incompatível";"Capotamento";"Sem Vítimas";"Pleno dia";"Decrescente";"Nublado";"Dupla";"Curva";"Rural";2;0;0;0;2;0;0;1
83492112;"21/08/16";"Domingo";"19:00:00";"RS";287;"250,3";"SANTA MARIA";"Ingestão de álcool";"Colisão lateral";"Com Vítimas Feridas";"Plena noite";"Crescente";"Ceu Claro";"Simples";"Reta";"Urbano";3;0;1;0;2;0;1;2
83492113;"21/08/16";"Domingo";"14:30:00";"RO";364;"625";"ITAPUÃ DO OESTE";"Defeito mecânico em veículo";"Tombamento";"Sem Vítimas";"Pleno dia";"Decrescente";"Ceu Claro";"Simples";"Reta";"Rural";1;0;0;0;1;0;0;1
83492114;"17/08/16";"Quarta";"20:00:00";"MG";40;"524";"CONTAGEM";"Outras";"Saída de Pista";"Sem Vítimas";"Plena noite";"Decrescente";"Ceu Claro";"Dupla";"Reta";"Urbano";1;0;0;0;1;0;0;1
83492115;"21/08/16";"Domingo";"18:30:00";"MS";419;"289";"NIOAQUE";"Animais na Pista";"Atropelamento de animal";"Com Vítimas Feridas";"Plena noite";"Decrescente";"Ceu Claro";"Simples";"Reta";"Rural";1;0;1;0;0;0;1;1
83492116;"20/08/16";"Sábado";"19:20:00";"RR";174;"502";"BOA VISTA";"Defeito na via";"Capotamento";"Com Vítimas Feridas";"Plena noite";"Crescente";"Ceu Claro";"Dupla";"Reta";"Urbano";1;0;0;1;0;0;1;1
83492117;"21/08/16";"Domingo";"18:15:00";"MG";365;"3";"MONTES CLAROS";"Falta de atenção";"Queda de motocicleta / bicicleta / veículo";"Com Vítimas Feridas";"Anoitecer";"Decrescente";"Ignorada";"Simples";"Reta";"Rural";4;0;0;3;0;1;3;3
83492118;"21/08/16";"Domingo";"22:00:00";"MS";267;"29,8";"BATAGUASSU";"Ingestão de álcool";"Atropelamento de pessoa";"Com Vítimas Feridas";"Plena noite";"Crescente";"Ceu Claro";"Dupla";"Curva";"Urbano";2;0;1;0;1;0;1;1
83492119;"18/08/16";"Quinta";"16:19:00";"PA";10;"54";"DOM ELISEU";"Ingestão de álcool";"Colisão traseira";"Sem Vítimas";"Pleno dia";"Decrescente";"Sol";"Simples";"Reta";"Rural";3;0;0;0;3;0;0;3
83492120;"21/08/16";"Domingo";"20:00:00";"RJ";116;"130";"MAGE";"Falta de atenção";"Colisão traseira";"Com Vítimas Feridas";"Plena noite";"Decrescente";"Chuva";"Dupla";"Reta";"Urbano";3;0;1;0;1;1;1;2
83492121;"18/08/16";"Quinta";"00:45:00";"PA";316;"46";"CASTANHAL";"Animais na Pista";"Atropelamento de animal";"Sem Vítimas";"Plena noite";"Decrescente";"Ceu Claro";"Dupla";"Reta";"Urbano";1;0;0;0;1;0;0;1
83492122;"22/08/16";"Segunda";"00:05:00";"AL";101;"136,5";"SAO MIGUEL DOS CAMPOS";"Outras";"Tombamento";"Com Vítimas Feridas";"Plena noite";"Decrescente";"Ceu Claro";"Simples";"Reta";"Urbano";1;0;1;0;0;0;1;1
83492123;"21/08/16";"Domingo";"17:10:00";"PI";407;"426";"PICOS";"Outras";"Saída de Pista";"Com Vítimas Feridas";"Anoitecer";"Decrescente";"Ceu Claro";"Simples";"Reta";"Rural";1;0;1;0;0;0;1;1
83492124;"22/08/16";"Segunda";"00:15:00";"GO";153;"212";"URUACU";"Ingestão de álcool";"Saída de Pista";"Com Vítimas Feridas";"Plena noite";"Crescente";"Vento";"Dupla";"Reta";"Urbano";1;0;0;1;0;0;1;1
83492125;"21/08/16";"Domingo";"22:27:00";"MT";364;"267,5";"JACIARA";"Outras";"Colisão Transversal";"Com Vítimas Feridas";"Plena noite";"Decrescente";"Ceu Claro";"Simples";"Reta";"Rural";3;0;0;1;2;0;1;2
83492126;"21/08/16";"Domingo";"22:10:00";"RS";285;"282,9";"PASSO FUNDO";"Animais na Pista";"Colisão frontal";"Com Vítimas Fatais";"Plena noite";"Decrescente";"Ceu Claro";"Simples";"Reta";"Rural";4;1;2;1;0;0;3;2
83492127;"21/08/16";"Domingo";"13:00:00";"MT";163;"668";"LUCAS DO RIO VERDE";"Outras";"Queda de motocicleta / bicicleta / veículo";"Com Vítimas Feridas";"Pleno dia";"Crescente";"Nublado";"Simples";"Reta";"Rural";1;0;1;0;0;0;1;1
83492128;"21/08/16";"Domingo";"16:20:00";"PI";135;"256";"ALVORADA DO GURGUEIA";"Outras";"Colisão lateral";"Sem Vítimas";"Anoitecer";"Decrescente";"Ceu Claro";"Simples";"Reta";"Urbano";3;0;0;0;3;0;0;2
83492129;"21/08/16";"Domingo";"22:50:00";"PB";230;"17,3";"JOAO PESSOA";"Velocidade incompatível";"Saída de Pista";"Sem Vítimas";"Plena noite";"Crescente";"Nublado";"Dupla";"Reta";"Urbano";1;0;0;0;1;0;0;1
83492130;"21/08/16";"Domingo";"19:00:00";"PB";405;"29";"SAO JOAO DO RIO DO PEIXE";"Outras";"Queda de motocicleta / bicicleta / veículo";"Com Vítimas Feridas";"Plena noite";"Crescente";"Ceu Claro";"Simples";"Curva";"Rural";1;0;0;1;0;0;1;1
83492131;"21/08/16";"Domingo";"17:50:00";"PB";230;"86,3";"CALDAS BRANDAO";"Outras";"Queda de motocicleta / bicicleta / veículo";"Com Vítimas Feridas";"Anoitecer";"Decrescente";"Ceu Claro";"Dupla";"Reta";"Rural";1;0;0;1;0;0;1;1
83492132;"18/08/16";"Quinta";"00:47:00";"PA";316;"46";"SANTA ISABEL DO PARA";"Animais na Pista";"Atropelamento de animal";"Sem Vítimas";"Plena noite";"Decrescente";"Ceu Claro";"Dupla";"Reta";"Urbano";1;0;0;0;1;0;0;1
83492133;"21/08/16";"Domingo";"19:00:00";"MG";381;"500";"BETIM";"Ingestão de álcool";"Colisão lateral";"Sem Vítimas";"Plena noite";"Decrescente";"Nublado";"Dupla";"Reta";"Rural";2;0;0;0;2;0;0;2
83492134;"21/08/16";"Domingo";"17:25:00";"MG";381;"335";"NOVA ERA";"Falta de atenção";"Colisão Transversal";"Com Vítimas Feridas";"Anoitecer";"Crescente";"Ceu Claro";"Simples";"Reta";"Rural";2;0;1;0;1;0;1;2
83492135;"21/08/16";"Domingo";"19:45:00";"RS";116;"251";"SAO LEOPOLDO";"Animais na Pista";"Atropelamento de animal";"Sem Vítimas";"Plena noite";"Decrescente";"Nublado";"Dupla";"Reta";"Urbano";2;0;0;0;2;0;0;2
83492136;"22/08/16";"Segunda";"00:03:00";"RS";153;"44,4";"ERECHIM";"Desobediência à sinalização";"Colisão Transversal";"Sem Vítimas";"Plena noite";"Decrescente";"Ceu Claro";"Simples";"Cruzamento";"Urbano";3;0;0;0;1;2;0;2
83492137;"21/08/16";"Domingo";"13:00:00";"BA";324;"586";"CANDEIAS";"Falta de atenção";"Saída de Pista";"Com Vítimas Feridas";"Pleno dia";"Crescente";"Ceu Claro";"Dupla";"Reta";"Rural";4;0;4;0;0;0;4;1
83492138;"21/08/16";"Domingo";"14:30:00";"BA";242;"358";"PALMEIRAS";"Velocidade incompatível";"Saída de Pista";"Sem Vítimas";"Pleno dia";"Crescente";"Ceu Claro";"Simples";"Curva";"Rural";1;0;0;0;1;0;0;1
83492139;"21/08/16";"Domingo";"22:00:00";"RJ";40;"68";"PETROPOLIS";"Outras";"Colisão Transversal";"Sem Vítimas";"Plena noite";"Decrescente";"Chuva";"Dupla";"Curva";"Rural";2;0;0;0;2;0;0;2
83492140;"22/08/16";"Segunda";"00:45:00";"GO";364;"125,2";"JATAI";"Defeito mecânico em veículo";"Tombamento";"Com Vítimas Feridas";"Plena noite";"Decrescente";"Vento";"Simples";"Curva";"Rural";1;0;1;0;0;0;1;1
83492141;"21/08/16";"Domingo";"22:20:00";"ES";262;"6,3";"CARIACICA";"Desobediência à sinalização";"Colisão lateral";"Com Vítimas Feridas";"Plena noite";"Decrescente";"Ceu Claro";"Múltipla";"Reta";"Urbano";3;0;2;0;0;1;2;2
83492142;"21/08/16";"Domingo";"23:20:00";"GO";60;"136,5";"GOIANIA";"Ingestão de álcool";"Saída de Pista";"Com Vítimas Feridas";"Plena noite";"Decrescente";"Nublado";"Simples";"Reta";"Urbano";1;0;1;0;0;0;1;1
83492143;"21/08/16";"Domingo";"18:30:00";"MG";251;"508";"FRANCISCO SA";"Velocidade incompatível";"Tombamento";"Sem Vítimas";"Anoitecer";"Decrescente";"Ceu Claro";"Simples";"Reta";"Rural";1;0;0;0;1;0;0;1
83492144;"22/08/16";"Segunda";"01:30:00";"SC";282;"442";"PONTE SERRADA";"Defeito mecânico em veículo";"Incêndio";"Sem Vítimas";"Plena noite";"Decrescente";"Ceu Claro";"Simples";"Reta";"Rural";1;0;0;0;1;0;0;1
83492145;"21/08/16";"Domingo";"23:40:00";"PI";230;"307";"FLORIANO";"Ingestão de álcool";"Saída de Pista";"Com Vítimas Feridas";"Plena noite";"Crescente";"Ceu Claro";"Simples";"Curva";"Rural";1;0;1;0;0;0;1;1
83492146;"21/08/16";"Domingo";"20:00:00";"PI";316;"161";"ELESBAO VELOSO";"Defeito mecânico em veículo";"Saída de Pista";"Sem Vítimas";"Plena noite";"Decrescente";"Ceu Claro";"Simples";"Reta";"Rural";2;0;0;0;2;0;0;1
83492147;"22/08/16";"Segunda";"03:00:00";"RJ";101;"300,6";"SAO GONCALO";"Outras";"Colisão com objeto fixo";"Sem Vítimas";"Plena noite";"Crescente";"Chuva";"Dupla";"Reta";"Urbano";1;0;0;0;1;0;0;1
83492148;"20/08/16";"Sábado";"20:00:00";"MG";116;"295";"TEOFILO OTONI";"Falta de atenção";"Atropelamento de pessoa";"Com Vítimas Feridas";"Pleno dia";"Crescente";"Nublado";"Simples";"Reta";"Rural";2;0;1;0;0;1;1;1
83492149;"21/08/16";"Domingo";"22:15:00";"MS";163;"34";"ELDORADO";"Dormindo";"Saída de Pista";"Sem Vítimas";"Plena noite";"Crescente";"Ceu Claro";"Simples";"Reta";"Urbano";1;0;0;0;1;0;0;1
83492150;"21/08/16";"Domingo";"10:10:00";"RJ";116;"330";"RESENDE";"Outras";"Capotamento";"Sem Vítimas";"Pleno dia";"Decrescente";"Chuva";"Dupla";"Curva";"Urbano";1;0;0;0;1;0;0;1
83492151;"18/08/16";"Quinta";"05:00:00";"MG";381;"636,9";"SANTO ANTONIO DO AMPARO";"Dormindo";"Colisão traseira";"Com Vítimas Feridas";"Plena noite";"Decrescente";"Ceu Claro";"Dupla";"Reta";"Rural";2;0;0;1;1;0;1;2
83492152;"21/08/16";"Domingo";"18:50:00";"SC";101;"206";"SAO JOSE";"Outras";"Colisão Transversal";"Com Vítimas Feridas";"Plena noite";"Decrescente";"Nublado";"Dupla";"Reta";"Urbano";2;0;1;0;1;0;1;2
83492153;"21/08/16";"Domingo";"20:40:00";"PB";101;"91,5";"JOAO PESSOA";"Outras";"Colisão com objeto fixo";"Ignorado";"Plena noite";"Decrescente";"Ceu Claro";"Dupla";"Reta";"Urbano";1;0;0;0;0;1;0;1
83492154;"21/08/16";"Domingo";"22:30:00";"ES";262;"2,6";"CARIACICA";"Falta de atenção";"Colisão traseira";"Com Vítimas Feridas";"Plena noite";"Decrescente";"Nublado";"Dupla";"Reta";"Urbano";2;0;1;0;1;0;1;2
83492155;"22/08/16";"Segunda";"00:10:00";"MS";163;"256,5";"DOURADOS";"Ingestão de álcool";"Saída de Pista";"Sem Vítimas";"Plena noite";"Crescente";"Nublado";"Dupla";"Reta";"Urbano";1;0;0;0;1;0;0;1
83492156;"21/08/16";"Domingo";"12:00:00";"RJ";116;"169";"SAO JOAO DE MERITI";"Não guardar distância de segurança";"Colisão traseira";"Com Vítimas Feridas";"Pleno dia";"Crescente";"Chuva";"Múltipla";"Reta";"Urbano";2;0;1;0;1;0;1;2
83492157;"21/08/16";"Domingo";"21:35:00";"PR";369;"138,4";"IBIPORA";"Animais na Pista";"Atropelamento de animal";"Com Vítimas Feridas";"Plena noite";"Decrescente";"Ceu Claro";"Simples";"Reta";"Urbano";1;0;0;1;0;0;1;1
83492158;"14/08/16";"Domingo";"18:50:00";"AL";101;"149,3";"JEQUIA DA PRAIA";"Outras";"Capotamento";"Com Vítimas Feridas";"Plena noite";"Crescente";"Nublado";"Simples";"Curva";"Rural";3;0;2;0;1;0;2;1
83492159;"21/08/16";"Domingo";"21:05:00";"SC";101;"372";"ICARA";"Ingestão de álcool";"Capotamento";"Sem Vítimas";"Plena noite";"Decrescente";"Nublado";"Simples";"Reta";"Rural";1;0;0;0;1;0;0;1
83492160;"21/08/16";"Domingo";"17:00:00";"PI";316;"15,9";"TERESINA";"Não guardar distância de segurança";"Colisão traseira";"Com Vítimas Feridas";"Pleno dia";"Decrescente";"Ceu Claro";"Simples";"Reta";"Rural";7;0;2;0;4;1;2;5
83492161;"16/08/16";"Terça";"05:40:00";"GO";60;"200,2";"GOIANIA";"Outras";"Saída de Pista";"Sem Vítimas";"Amanhecer";"Decrescente";"Chuva";"Dupla";"Reta";"Rural";1;0;0;0;1;0;0;1
83492162;"21/08/16";"Domingo";"15:35:00";"RS";386;"233,9";"SOLEDADE";"Ultrapassagem indevida";"Colisão frontal";"Sem Vítimas";"Pleno dia";"Decrescente";"Sol";"Dupla";"Reta";"Rural";10;0;0;0;10;0;0;4
83492164;"18/08/16";"Quinta";"12:40:00";"CE";116;"2,1";"FORTALEZA";"Ultrapassagem indevida";"Atropelamento de pessoa";"Com Vítimas Fatais";"Pleno dia";"Decrescente";"Ceu Claro";"Dupla";"Reta";"Urbano";3;1;0;0;2;0;0;2
83492165;"14/08/16";"Domingo";"10:00:00";"CE";20;"429";"FORTALEZA";"Não guardar distância de segurança";"Colisão traseira";"Com Vítimas Feridas";"Pleno dia";"Crescente";"Ceu Claro";"Dupla";"Reta";"Urbano";2;0;0;1;1;0;1;2
83492166;"21/08/16";"Domingo";"22:35:00";"PE";232;"82";"GRAVATA";"Outras";"Atropelamento de pessoa";"Com Vítimas Feridas";"Plena noite";"Decrescente";"Ceu Claro";"Dupla";"Reta";"Urbano";2;0;1;0;0;1;1;1
83492167;"17/08/16";"Quarta";"08:20:00";"PE";101;"54";"PAULISTA";"Outras";"Colisão lateral";"Com Vítimas Feridas";"Pleno dia";"Decrescente";"Sol";"Dupla";"Reta";"Urbano";2;0;1;0;1;0;1;2
83492168;"21/08/16";"Domingo";"11:10:00";"MG";40;"618,7";"CONGONHAS";"Velocidade incompatível";"Queda de motocicleta / bicicleta / veículo";"Com Vítimas Feridas";"Pleno dia";"Decrescente";"Chuva";"Simples";"Reta";"Rural";1;0;1;0;0;0;1;1
83492169;"21/08/16";"Domingo";"23:30:00";"AL";423;"69,1";"AGUA BRANCA";"Falta de atenção";"Colisão Transversal";"Com Vítimas Fatais";"Plena noite";"Decrescente";"Ceu Claro";"Simples";"Reta";"Rural";3;2;0;0;1;0;0;2
83492170;"20/08/16";"Sábado";"04:30:00";"SC";101;"106";"PENHA";"Ultrapassagem indevida";"Colisão com objeto fixo";"Sem Vítimas";"Plena noite";"Crescente";"Chuva";"Dupla";"Reta";"Urbano";1;0;0;0;1;0;0;1
83492171;"21/08/16";"Domingo";"16:00:00";"MT";163;"854";"SINOP";"Não guardar distância de segurança";"Queda de motocicleta / bicicleta / veículo";"Com Vítimas Feridas";"Pleno dia";"Decrescente";"Ceu Claro";"Simples";"Reta";"Urbano";1;0;1;0;0;0;1;1
83492172;"22/08/16";"Segunda";"05:50:00";"AL";104;"49";"BRANQUINHA";"Defeito mecânico em veículo";"Saída de Pista";"Com Vítimas Feridas";"Pleno dia";"Crescente";"Ceu Claro";"Simples";"Reta";"Rural";2;0;1;0;1;0;1;1
83492173;"22/08/16";"Segunda";"02:20:00";"SP";116;"112";"TAUBATE";"Outras";"Capotamento";"Sem Vítimas";"Plena noite";"Crescente";"Chuva";"Dupla";"Reta";"Urbano";1;0;0;0;1;0;0;1
83492174;"21/08/16";"Domingo";"14:15:00";"PB";230;"279,9";"SANTA LUZIA";"Velocidade incompatível";"Queda de motocicleta / bicicleta / veículo";"Com Vítimas Feridas";"Pleno dia";"Decrescente";"Ceu Claro";"Simples";"Curva";"Rural";1;0;0;1;0;0;1;1
83492175;"15/08/16";"Segunda";"22:40:00";"PB";230;"15";"JOAO PESSOA";"Velocidade incompatível";"Colisão traseira";"Com Vítimas Feridas";"Plena noite";"Decrescente";"Ceu Claro";"Dupla";"Reta";"Urbano";3;0;1;0;2;0;1;3
83492176;"22/08/16";"Segunda";"00:00:00";"MG";381;"147,7";"GOVERNADOR VALADARES";"Ultrapassagem indevida";"Colisão frontal";"Com Vítimas Feridas";"Plena noite";"Decrescente";"Ceu Claro";"Simples";"Curva";"Rural";6;0;5;0;1;0;5;2
83492177;"18/08/16";"Quinta";"08:30:00";"GO";153;"201";"URUACU";"Falta de atenção";"Colisão Transversal";"Com Vítimas Feridas";"Pleno dia";"Decrescente";"Sol";"Simples";"Curva";"Urbano";2;0;1;0;1;0;1;2
83492178;"21/08/16";"Domingo";"14:00:00";"MG";381;"938,1";"EXTREMA";"Velocidade incompatível";"Colisão Transversal";"Sem Vítimas";"Pleno dia";"Decrescente";"Chuva";"Dupla";"Reta";"Rural";2;0;0;0;2;0;0;2
83492180;"21/06/16";"Terça";"20:30:00";"MG";40;"817,6";"SIMAO PEREIRA";"Não guardar distância de segurança";"Colisão traseira";"Com Vítimas Feridas";"Plena noite";"Crescente";"Nublado";"Dupla";"Reta";"Rural";4;0;3;0;1;0;3;2
83492181;"14/08/16";"Domingo";"11:30:00";"SC";101;"208";"SAO JOSE";"Falta de atenção";"Colisão Transversal";"Com Vítimas Feridas";"Pleno dia";"Decrescente";"Sol";"Dupla";"Cruzamento";"Urbano";4;0;2;0;2;0;2;2
83492182;"22/08/16";"Segunda";"00:10:00";"SP";116;"67,9";"APARECIDA";"Outras";"Saída de Pista";"Com Vítimas Feridas";"Plena noite";"Decrescente";"Nublado";"Dupla";"Reta";"Urbano";2;0;1;0;1;0;1;1
83492183;"10/08/16";"Quarta";"19:00:00";"BA";116;"9,6";"VITORIA DA CONQUISTA";"Outras";"Colisão Transversal";"Com Vítimas Feridas";"Plena noite";"Decrescente";"Ceu Claro";"Simples";"Reta";"Urbano";2;0;0;1;0;1;1;2
83492184;"14/08/16";"Domingo";"23:00:00";"RS";116;"197,3";"PICADA CAFE";"Desobediência à sinalização";"Colisão Transversal";"Sem Vítimas";"Plena noite";"Crescente";"Ceu Claro";"Simples";"Reta";"Urbano";3;0;0;0;3;0;0;2
83492185;"22/08/16";"Segunda";"06:50:00";"MG";116;"774,8";"LEOPOLDINA";"Velocidade incompatível";"Saída de Pista";"Sem Vítimas";"Amanhecer";"Decrescente";"Nublado";"Simples";"Curva";"Rural";1;0;0;0;1;0;0;1
83492186;"21/08/16";"Domingo";"04:00:00";"ES";101;"289";"CARIACICA";"Ingestão de álcool";"Queda de motocicleta / bicicleta / veículo";"Com Vítimas Feridas";"Plena noite";"Decrescente";"Ceu Claro";"Dupla";"Reta";"Urbano";2;0;2;0;0;0;2;1
83492187;"20/08/16";"Sábado";"22:40:00";"RS";116;"501,4";"PELOTAS";"Falta de atenção";"Colisão lateral";"Sem Vítimas";"Plena noite";"Decrescente";"Nublado";"Simples";"Reta";"Rural";2;0;0;0;2;0;0;2
83492188;"19/08/16";"Sexta";"12:10:00";"CE";116;"7";"FORTALEZA";"Desobediência à sinalização";"Colisão lateral";"Sem Vítimas";"Pleno dia";"Decrescente";"Ceu Claro";"Simples";"Reta";"Urbano";2;0;0;0;1;1;0;2
83492189;"18/08/16";"Quinta";"20:30:00";"MG";116;"648";"FERVEDOURO";"Falta de atenção";"Colisão Transversal";"Com Vítimas Feridas";"Plena noite";"Decrescente";"Nublado";"Simples";"Curva";"Rural";3;0;1;0;1;1;1;2
83492190;"18/08/16";"Quinta";"23:35:00";"RS";116;"34";"VACARIA";"Outras";"Colisão com objeto fixo";"Ignorado";"Plena noite";"Decrescente";"Ceu Claro";"Simples";"Reta";"Urbano";1;0;0;0;0;1;0;1
83492191;"17/08/16";"Quarta";"07:23:00";"MS";163;"481,8";"CAMPO GRANDE";"Falta de atenção";"Queda de motocicleta / bicicleta / veículo";"Com Vítimas Feridas";"Pleno dia";"Decrescente";"Ceu Claro";"Simples";"Reta";"Urbano";1;0;1;0;0;0;1;1
83492193;"22/08/16";"Segunda";"05:40:00";"MG";40;"608";"CONGONHAS";"Dormindo";"Colisão traseira";"Sem Vítimas";"Amanhecer";"Crescente";"Nublado";"Simples";"Reta";"Rural";2;0;0;0;2;0;0;2
83492194;"22/08/16";"Segunda";"06:30:00";"MA";135;"62,1";"BACABEIRA";"Não guardar distância de segurança";"Colisão lateral";"Sem Vítimas";"Amanhecer";"Crescente";"Ceu Claro";"Simples";"Reta";"Rural";2;0;0;0;2;0;0;2
83492195;"15/08/16";"Segunda";"06:20:00";"PR";277;"589";"CASCAVEL";"Desobediência à sinalização";"Colisão Transversal";"Com Vítimas Feridas";"Amanhecer";"Decrescente";"Chuva";"Simples";"Reta";"Urbano";4;0;2;0;2;0;2;2
83492196;"21/08/16";"Domingo";"18:55:00";"MA";230;"543";"CAROLINA";"Outras";"Saída de Pista";"Com Vítimas Feridas";"Anoitecer";"Decrescente";"Ceu Claro";"Simples";"Reta";"Rural";1;0;0;1;0;0;1;1
83492197;"20/08/16";"Sábado";"05:00:00";"GO";60;"37";"ALEXANIA";"Ingestão de álcool";"Colisão traseira";"Sem Vítimas";"Plena noite";"Crescente";"Nublado";"Dupla";"Reta";"Rural";2;0;0;0;1;1;0;2