"id";"data_inversa";"dia_semana";"horario";"uf";"br";"km";"municipio";"causa_acidente";"tipo_acidente";"classificacao_acidente";"fase_dia";"sentido_via";"condicao_metereologica";"tipo_pista";"tracado_via";"uso_solo";"pessoas";"mortos";"feridos_leves";"feridos_graves";"ilesos";"ignorados";"feridos";"veiculos"
83492310;"19/08/16";"Sexta";"05:40:00";"SP";116;"222,3";"GUARULHOS";"Ingestão de álcool";"Colisão com objeto fixo";"Com Vítimas Feridas";"Amanhecer";"Decrescente";"Nublado";"Múltipla";"Reta";"Urbano";2;0;0;2;0;0;2;1
83492311;"22/08/16";"Segunda";"14:15:00";"PA";316;"33";"SANTA ISABEL DO PARA";"Defeito mecânico em veículo";"Colisão com objeto fixo";"Com Vítimas Feridas";"Pleno dia";"Crescente";"Ceu Claro";"Dupla";"Reta";"Urbano";3;0;2;0;1;0;2;1
83492312;"22/08/16";"Segunda";"13:30:00";"MG";116;"815,1";"ALEM PARAIBA";"Falta de atenção";"Colisão traseira";"Com Vítimas Feridas";"Pleno dia";"Crescente";"Ceu Claro";"Simples";"Curva";"Rural";3;0;2;0;1;0;2;2
83492313;"22/08/16";"Segunda";"15:00:00";"PR";376;"178,7";"MARINGA";"Falta de atenção";"Colisão traseira";"Com Vítimas Feridas";"Pleno dia";"Decrescente";"Sol";"Dupla";"Reta";"Urbano";2;0;1;0;1;0;1;2
83492314;"22/08/16";"Segunda";"16:30:00";"MG";381;"778,5";"CAMPANHA";"Velocidade incompatível";"Capotamento";"Sem Vítimas";"Pleno dia";"Decrescente";"Ceu Claro";"Dupla";"Curva";"Urbano";3;0;0;0;3;0;0;1
83492315;"22/08/16";"Segunda";"14:00:00";"RJ";101;"309";"SAO GONCALO";"Outras";"Colisão traseira";"Sem Vítimas";"Pleno dia";"Crescente";"Chuva";"Dupla";"Reta";"Urbano";3;0;0;0;3;0;0;3
83492316;"22/08/16";"Segunda";"16:25:00";"BA";324;"622";"SALVADOR";"Outras";"Colisão com objeto fixo";"Sem Vítimas";"Pleno dia";"Decrescente";"Nublado";"Dupla";"Curva";"Urbano";1;0;0;0;1;0;0;1
83492317;"22/08/16";"Segunda";"10:00:00";"MG";116;"793,9";"ALEM PARAIBA";"Velocidade incompatível";"Saída de Pista";"Com Vítimas Feridas";"Pleno dia";"Decrescente";"Nublado";"Simples";"Curva";"Rural";1;0;1;0;0;0;1;1
83492318;"22/08/16";"Segunda";"14:15:00";"SC";282;"268,5";"SAO JOSE DO CERRITO";"Falta de atenção";"Colisão traseira";"Com Vítimas Feridas";"Pleno dia";"Crescente";"Ceu Claro";"Simples";"Reta";"Rural";3;0;1;0;2;0;1;2
83492319;"22/08/16";"Segunda";"15:40:00";"RN";110;"46,7";"MOSSORO";"Desobediência à sinalização";"Colisão Transversal";"Com Vítimas Feridas";"Pleno dia";"Crescente";"Ceu Claro";"Dupla";"Cruzamento";"Urbano";2;0;1;0;1;0;1;2
83492320;"22/08/16";"Segunda";"10:00:00";"SP";381;"17";"BRAGANCA PAULISTA";"Outras";"Colisão traseira";"Sem Vítimas";"Pleno dia";"Crescente";"Ceu Claro";"Dupla";"Reta";"Urbano";2;0;0;0;2;0;0;2
83492321;"22/08/16";"Segunda";"08:15:00";"SC";282;"217";"LAGES";"Desobediência à sinalização";"Colisão frontal";"Sem Vítimas";"Pleno dia";"Decrescente";"Ceu Claro";"Simples";"Reta";"Urbano";2;0;0;0;2;0;0;2
83492322;"20/08/16";"Sábado";"22:00:00";"MS";158;"3";"CASSILANDIA";"Ingestão de álcool";"Colisão lateral";"Com Vítimas Feridas";"Plena noite";"Crescente";"Nublado";"Simples";"Reta";"Urbano";2;0;1;0;1;0;1;2
83492323;"22/08/16";"Segunda";"14:50:00";"PR";277;"595";"CASCAVEL";"Desobediência à sinalização";"Colisão lateral";"Com Vítimas Fatais";"Pleno dia";"Decrescente";"Sol";"Simples";"Reta";"Urbano";3;1;0;0;1;1;0;2
83492324;"19/08/16";"Sexta";"04:30:00";"SP";381;"88";"SAO PAULO";"Dormindo";"Colisão com objeto fixo";"Com Vítimas Feridas";"Plena noite";"Decrescente";"Ceu Claro";"Dupla";"Reta";"Urbano";1;0;1;0;0;0;1;1
83492325;"03/06/16";"Sexta";"23:50:00";"ES";101;"145,8";"LINHARES";"Outras";"Colisão traseira";"Com Vítimas Feridas";"Plena noite";"Decrescente";"Ignorada";"Múltipla";"Reta";"Urbano";2;0;1;0;0;1;1;2
83492326;"22/08/16";"Segunda";"18:00:00";"PR";277;"139";"BALSA NOVA";"Falta de atenção";"Colisão Transversal";"Sem Vítimas";"Anoitecer";"Crescente";"Ceu Claro";"Dupla";"Reta";"Rural";2;0;0;0;2;0;0;2
83492327;"22/08/16";"Segunda";"17:50:00";"RS";158;"196";"CRUZ ALTA";"Desobediência à sinalização";"Colisão lateral";"Sem Vítimas";"Anoitecer";"Crescente";"Ceu Claro";"Dupla";"Cruzamento";"Urbano";2;0;0;0;2;0;0;2
83492328;"21/08/16";"Domingo";"06:20:00";"SP";116;"157,4";"SAO JOSE DOS CAMPOS";"Falta de atenção";"Colisão traseira";"Sem Vítimas";"Amanhecer";"Crescente";"Nublado";"Múltipla";"Reta";"Urbano";2;0;0;0;1;1;0;2
83492329;"20/08/16";"Sábado";"14:30:00";"MG";381;"922";"CAMANDUCAIA";"Velocidade incompatível";"Saída de Pista";"Sem Vítimas";"Pleno dia";"Decrescente";"Chuva";"Dupla";"Curva";"Rural";2;0;0;0;2;0;0;1
83492330;"22/08/16";"Segunda";"07:00:00";"SP";116;"224,5";"GUARULHOS";"Outras";"Colisão Transversal";"Com Vítimas Feridas";"Amanhecer";"Crescente";"Nublado";"Múltipla";"Reta";"Urbano";4;0;0;1;3;0;1;3
83492331;"22/08/16";"Segunda";"12:20:00";"RS";116;"657,7";"JAGUARAO";"Desobediência à sinalização";"Colisão Transversal";"Com Vítimas Feridas";"Pleno dia";"Crescente";"Ceu Claro";"Simples";"Cruzamento";"Urbano";2;0;1;0;1;0;1;2
83492332;"22/08/16";"Segunda";"13:30:00";"MT";174;"85,6";"GLORIA DOESTE";"Outras";"Tombamento";"Com Vítimas Feridas";"Pleno dia";"Decrescente";"Nublado";"Simples";"Reta";"Rural";1;0;1;0;0;0;1;1
83492333;"22/08/16";"Segunda";"18:00:00";"RJ";116;"320";"ITATIAIA";"Falta de atenção";"Colisão com bicicleta";"Com Vítimas Fatais";"Plena noite";"Crescente";"Nublado";"Múltipla";"Reta";"Urbano";2;1;0;0;1;0;0;2
83492334;"21/08/16";"Domingo";"09:30:00";"GO";414;"413,6";"ABADIANIA";"Ingestão de álcool";"Colisão frontal";"Com Vítimas Feridas";"Pleno dia";"Decrescente";"Ceu Claro";"Simples";"Curva";"Rural";5;0;3;0;2;0;3;2
83492335;"22/08/16";"Segunda";"12:30:00";"MG";381;"491,8";"BETIM";"Outras";"Capotamento";"Com Vítimas Feridas";"Pleno dia";"Crescente";"Nublado";"Múltipla";"Reta";"Rural";1;0;1;0;0;0;1;1
83492336;"22/08/16";"Segunda";"16:45:00";"PR";376;"677";"GUARATUBA";"Falta de atenção";"Colisão lateral";"Sem Vítimas";"Pleno dia";"Decrescente";"Ceu Claro";"Dupla";"Curva";"Rural";2;0;0;0;2;0;0;2
83492337;"22/08/16";"Segunda";"17:15:00";"SC";280;"277,3";"IRINEOPOLIS";"Falta de atenção";"Saída de Pista";"Sem Vítimas";"Pleno dia";"Crescente";"Ceu Claro";"Simples";"Reta";"Rural";1;0;0;0;1;0;0;1
83492338;"22/08/16";"Segunda";"18:15:00";"MG";381;"356,1";"JOAO MONLEVADE";"Animais na Pista";"Atropelamento de animal";"Sem Vítimas";"Plena noite";"Crescente";"Nublado";"Simples";"Reta";"Urbano";1;0;0;0;1;0;0;1
83492339;"22/08/16";"Segunda";"18:00:00";"TO";153;"669";"GURUPI";"Falta de atenção";"Colisão lateral";"Com Vítimas Feridas";"Anoitecer";"Decrescente";"Ceu Claro";"Simples";"Cruzamento";"Urbano";4;0;2;0;2;0;2;2
83492340;"21/08/16";"Domingo";"01:00:00";"SP";116;"154,9";"SAO JOSE DOS CAMPOS";"Outras";"Colisão traseira";"Com Vítimas Feridas";"Plena noite";"Crescente";"Chuva";"Dupla";"Reta";"Rural";2;0;1;0;1;0;1;2
83492341;"22/08/16";"Segunda";"07:30:00";"RS";448;"15";"CANOAS";"Ingestão de álcool";"Atropelamento de pessoa";"Com Vítimas Fatais";"Pleno dia";"Crescente";"Sol";"Simples";"Reta";"Rural";4;1;0;0;3;0;0;2
83492342;"13/08/16";"Sábado";"18:00:00";"RN";406;"164,1";"CEARA-MIRIM";"Outras";"Colisão Transversal";"Com Vítimas Feridas";"Plena noite";"Crescente";"Ceu Claro";"Simples";"Curva";"Rural";2;0;0;1;0;1;1;2
83492343;"20/08/16";"Sábado";"04:30:00";"BA";101;"233";"SAPEACU";"Outras";"Saída de Pista";"Com Vítimas Feridas";"Plena noite";"Decrescente";"Chuva";"Simples";"Reta";"Rural";1;0;1;0;0;0;1;1
83492344;"22/08/16";"Segunda";"17:40:00";"MS";163;"9,8";"MUNDO NOVO";"Outras";"Colisão com objeto fixo";"Sem Vítimas";"Plena noite";"Decrescente";"Sol";"Simples";"Reta";"Rural";1;0;0;0;1;0;0;1
83492345;"13/08/16";"Sábado";"14:00:00";"MG";365;"596,2";"UBERLANDIA";"Defeito mecânico em veículo";"Colisão frontal";"Com Vítimas Feridas";"Pleno dia";"Crescente";"Ceu Claro";"Simples";"Reta";"Rural";3;0;2;0;0;1;2;2
83492346;"22/08/16";"Segunda";"08:30:00";"MG";262;"694,8";"ARAXA";"Falta de atenção";"Colisão frontal";"Com Vítimas Feridas";"Pleno dia";"Decrescente";"Sol";"Simples";"Reta";"Rural";3;0;1;0;2;0;1;2
83492347;"22/08/16";"Segunda";"17:00:00";"BA";324;"625";"SALVADOR";"Falta de atenção";"Colisão traseira";"Com Vítimas Feridas";"Pleno dia";"Decrescente";"Ceu Claro";"Simples";"Reta";"Urbano";4;0;1;0;3;0;1;2
83492348;"22/08/16";"Segunda";"09:00:00";"RJ";101;"74";"CAMPOS DOS GOYTACAZES";"Falta de atenção";"Colisão traseira";"Com Vítimas Feridas";"Pleno dia";"Decrescente";"Ceu Claro";"Simples";"Reta";"Urbano";5;0;3;0;2;0;3;2
83492349;"22/08/16";"Segunda";"08:30:00";"AC";364;"124";"RIO BRANCO";"Falta de atenção";"Colisão com bicicleta";"Com Vítimas Feridas";"Pleno dia";"Decrescente";"Ceu Claro";"Dupla";"Reta";"Urbano";2;0;1;0;1;0;1;2
83492350;"18/08/16";"Quinta";"17:00:00";"RO";319;"62";"PORTO VELHO";"Falta de atenção";"Colisão Transversal";"Com Vítimas Feridas";"Anoitecer";"Crescente";"Ceu Claro";"Múltipla";"Reta";"Urbano";2;0;1;0;1;0;1;2
83492351;"19/08/16";"Sexta";"04:50:00";"SP";116;"141,7";"SAO JOSE DOS CAMPOS";"Ingestão de álcool";"Colisão com objeto fixo";"Com Vítimas Feridas";"Plena noite";"Decrescente";"Ceu Claro";"Dupla";"Reta";"Urbano";3;0;2;0;1;0;2;3
83492352;"22/08/16";"Segunda";"13:30:00";"MS";262;"761,6";"CORUMBA";"Outras";"Saída de Pista";"Com Vítimas Feridas";"Pleno dia";"Decrescente";"Ceu Claro";"Simples";"Reta";"Rural";1;0;1;0;0;0;1;1
83492353;"20/08/16";"Sábado";"06:20:00";"MT";364;"38";"ALTO GARCAS";"Outras";"Saída de Pista";"Sem Vítimas";"Pleno dia";"Crescente";"Chuva";"Simples";"Reta";"Rural";2;0;0;0;2;0;0;2
83492354;"22/08/16";"Segunda";"19:15:00";"RJ";40;"108";"DUQUE DE CAXIAS";"Outras";"Colisão traseira";"Sem Vítimas";"Plena noite";"Crescente";"Chuva";"Múltipla";"Reta";"Urbano";3;0;0;0;3;0;0;3
83492355;"22/08/16";"Segunda";"19:15:00";"PA";155;"313";"MARABA";"Animais na Pista";"Atropelamento de animal";"Sem Vítimas";"Plena noite";"Decrescente";"Ceu Claro";"Simples";"Reta";"Rural";1;0;0;0;1;0;0;1
83492356;"22/08/16";"Segunda";"13:00:00";"RJ";40;"51";"PETROPOLIS";"Velocidade incompatível";"Tombamento";"Com Vítimas Fatais";"Pleno dia";"Crescente";"Sol";"Dupla";"Curva";"Urbano";1;1;0;0;0;0;0;1
83492357;"10/08/16";"Quarta";"16:22:00";"RJ";116;"226,3";"PIRAI";"Outras";"Colisão com objeto fixo";"Sem Vítimas";"Pleno dia";"Crescente";"Nublado";"Simples";"Curva";"Urbano";1;0;0;0;1;0;0;1
83492358;"22/08/16";"Segunda";"19:40:00";"MG";381;"873,5";"ESTIVA";"Velocidade incompatível";"Saída de Pista";"Com Vítimas Feridas";"Plena noite";"Decrescente";"Ignorada";"Dupla";"Curva";"Rural";2;0;2;0;0;0;2;1
83492359;"22/08/16";"Segunda";"08:00:00";"RJ";40;"90";"PETROPOLIS";"Outras";"Colisão com objeto fixo";"Com Vítimas Feridas";"Pleno dia";"Crescente";"Chuva";"Dupla";"Curva";"Rural";1;0;1;0;0;0;1;1
83492360;"22/08/16";"Segunda";"02:30:00";"SP";116;"328";"JUQUITIBA";"Velocidade incompatível";"Colisão traseira";"Com Vítimas Feridas";"Plena noite";"Decrescente";"Nublado";"Dupla";"Reta";"Rural";2;0;0;1;1;0;1;2
83492361;"19/08/16";"Sexta";"20:40:00";"MT";163;"680";"LUCAS DO RIO VERDE";"Falta de atenção";"Colisão lateral";"Sem Vítimas";"Plena noite";"Crescente";"Ceu Claro";"Simples";"Reta";"Rural";2;0;0;0;2;0;0;2
83492362;"22/08/16";"Segunda";"19:00:00";"TO";242;"378,6";"GURUPI";"Animais na Pista";"Atropelamento de animal";"Sem Vítimas";"Plena noite";"Decrescente";"Ceu Claro";"Simples";"Reta";"Rural";1;0;0;0;1;0;0;1
83492363;"22/08/16";"Segunda";"12:40:00";"MG";262;"38,9";"MANHUACU";"Outras";"Queda de motocicleta / bicicleta / veículo";"Com Vítimas Feridas";"Pleno dia";"Decrescente";"Nublado";"Simples";"Reta";"Urbano";1;0;1;0;0;0;1;1
83492364;"22/08/16";"Segunda";"14:40:00";"MT";70;"4";"BARRA DO GARCAS";"Falta de atenção";"Colisão lateral";"Sem Vítimas";"Pleno dia";"Decrescente";"Ceu Claro";"Dupla";"Reta";"Rural";2;0;0;0;2;0;0;2
83492365;"22/08/16";"Segunda";"19:30:00";"GO";50;"280,6";"CATALAO";"Falta de atenção";"Colisão Transversal";"Sem Vítimas";"Plena noite";"Decrescente";"Ceu Claro";"Simples";"Cruzamento";"Urbano";3;0;0;0;3;0;0;2
83492366;"22/08/16";"Segunda";"17:00:00";"BA";101;"896";"TEIXEIRA DE FREITAS";"Outras";"Tombamento";"Com Vítimas Feridas";"Anoitecer";"Decrescente";"Ceu Claro";"Simples";"Curva";"Rural";1;0;1;0;0;0;1;1
83492367;"22/08/16";"Segunda";"09:10:00";"MG";116;"274,1";"TEOFILO OTONI";"Desobediência à sinalização";"Colisão lateral";"Sem Vítimas";"Pleno dia";"Decrescente";"Ceu Claro";"Dupla";"Reta";"Urbano";2;0;0;0;2;0;0;2
83492368;"18/06/16";"Sábado";"17:45:00";"SC";101;"202";"SAO JOSE";"Falta de atenção";"Colisão traseira";"Com Vítimas Feridas";"Anoitecer";"Crescente";"Nublado";"Dupla";"Reta";"Urbano";2;0;1;0;1;0;1;2
83492369;"20/08/16";"Sábado";"21:15:00";"MG";262;"352,5";"BETIM";"Defeito mecânico em veículo";"Colisão Transversal";"Com Vítimas Feridas";"Plena noite";"Decrescente";"Ceu Claro";"Dupla";"Cruzamento";"Rural";4;0;2;0;2;0;2;2
83492370;"22/08/16";"Segunda";"15:15:00";"PE";241;"57,5";"POMBOS";"Outras";"Colisão lateral";"Sem Vítimas";"Pleno dia";"Decrescente";"Sol";"Dupla";"Reta";"Rural";4;0;0;0;3;1;0;4
83492372;"22/08/16";"Segunda";"20:20:00";"MG";116;"413,3";"GOVERNADOR VALADARES";"Desobediência à sinalização";"Colisão Transversal";"Com Vítimas Feridas";"Plena noite";"Decrescente";"Ceu Claro";"Simples";"Cruzamento";"Urbano";2;0;2;0;0;0;2;2
83492373;"20/08/16";"Sábado";"15:30:00";"SP";116;"145";"SAO JOSE DOS CAMPOS";"Não guardar distância de segurança";"Colisão traseira";"Sem Vítimas";"Pleno dia";"Crescente";"Nublado";"Múltipla";"Reta";"Urbano";2;0;0;0;2;0;0;2
83492374;"22/08/16";"Segunda";"19:00:00";"AP";210;"1";"MACAPA";"Falta de atenção";"Colisão com objeto fixo";"Com Vítimas Feridas";"Plena noite";"Crescente";"Ceu Claro";"Dupla";"Reta";"Urbano";2;0;2;0;0;0;2;1
83492375;"22/08/16";"Segunda";"18:40:00";"MG";459;"32,4";"CALDAS";"Animais na Pista";"Atropelamento de animal";"Sem Vítimas";"Plena noite";"Decrescente";"Ceu Claro";"Simples";"Curva";"Rural";1;0;0;0;1;0;0;1
83492376;"22/08/16";"Segunda";"18:20:00";"MS";163;"615,7";"SAO GABRIEL DO OESTE";"Desobediência à sinalização";"Colisão Transversal";"Com Vítimas Feridas";"Plena noite";"Crescente";"Ceu Claro";"Simples";"Reta";"Urbano";3;0;2;0;1;0;2;2
83492377;"22/08/16";"Segunda";"18:45:00";"PE";232;"62";"POMBOS";"Falta de atenção";"Colisão traseira";"Com Vítimas Feridas";"Plena noite";"Decrescente";"Ceu Claro";"Simples";"Reta";"Rural";3;0;2;0;1;0;2;2
83492378;"22/08/16";"Segunda";"14:20:00";"SP";153;"58,8";"SAO JOSE DO RIO PRETO";"Falta de atenção";"Colisão Transversal";"Com Vítimas Feridas";"Pleno dia";"Decrescente";"Sol";"Simples";"Cruzamento";"Urbano";2;0;1;0;1;0;1;2
83492379;"18/08/16";"Quinta";"13:36:00";"MS";163;"484,5";"CAMPO GRANDE";"Falta de atenção";"Colisão Transversal";"Com Vítimas Feridas";"Pleno dia";"Crescente";"Ceu Claro";"Simples";"Reta";"Urbano";4;0;2;0;2;0;2;2
83492380;"22/08/16";"Segunda";"19:00:00";"RJ";101;"254";"RIO BONITO";"Animais na Pista";"Atropelamento de animal";"Com Vítimas Feridas";"Plena noite";"Crescente";"Chuva";"Simples";"Reta";"Urbano";1;0;1;0;0;0;1;1
83492381;"22/08/16";"Segunda";"05:00:00";"AM";319;"170";"CAREIRO";"Dormindo";"Capotamento";"Ignorado";"Amanhecer";"Decrescente";"Ignorada";"Simples";"Reta";"Rural";5;0;0;0;0;5;0;1
83492382;"21/08/16";"Domingo";"00:20:00";"SP";116;"155,1";"SAO JOSE DOS CAMPOS";"Falta de atenção";"Colisão traseira";"Com Vítimas Feridas";"Plena noite";"Crescente";"Chuva";"Dupla";"Reta";"Rural";3;0;1;0;2;0;1;2
83492383;"22/08/16";"Segunda";"21:50:00";"SC";280;"237,2";"CANOINHAS";"Animais na Pista";"Atropelamento de animal";"Sem Vítimas";"Plena noite";"Decrescente";"Ceu Claro";"Simples";"Curva";"Urbano";1;0;0;0;1;0;0;1
83492384;"22/08/16";"Segunda";"22:00:00";"PR";476;"152";"ARAUCARIA";"Falta de atenção";"Colisão com bicicleta";"Sem Vítimas";"Plena noite";"Crescente";"Ceu Claro";"Dupla";"Cruzamento";"Urbano";2;0;0;0;2;0;0;2
83492385;"22/08/16";"Segunda";"13:40:00";"SP";153;"274,3";"OCAUCU";"Velocidade incompatível";"Colisão com objeto fixo";"Com Vítimas Feridas";"Pleno dia";"Decrescente";"Sol";"Simples";"Curva";"Rural";1;0;1;0;0;0;1;1
83492386;"22/08/16";"Segunda";"21:30:00";"PR";277;"111,5";"CAMPO LARGO";"Outras";"Colisão traseira";"Com Vítimas Feridas";"Plena noite";"Crescente";"Ceu Claro";"Dupla";"Reta";"Rural";2;0;0;1;0;1;1;2
83492387;"22/08/16";"Segunda";"11:45:00";"RS";116;"374,9";"TAPES";"Outras";"Colisão frontal";"Com Vítimas Fatais";"Pleno dia";"Decrescente";"Ceu Claro";"Simples";"Reta";"Rural";6;1;0;3;1;1;3;3
83492388;"22/08/16";"Segunda";"16:10:00";"MT";163;"787,9";"VERA";"Falta de atenção";"Colisão traseira";"Com Vítimas Feridas";"Pleno dia";"Decrescente";"Sol";"Simples";"Reta";"Rural";5;0;2;1;2;0;3;2
83492389;"22/08/16";"Segunda";"21:00:00";"PE";101;"70,9";"RECIFE";"Animais na Pista";"Atropelamento de animal";"Com Vítimas Fatais";"Plena noite";"Crescente";"Ceu Claro";"Dupla";"Reta";"Urbano";1;1;0;0;0;0;0;1
83492390;"22/08/16";"Segunda";"19:15:00";"SC";101;"143";"ITAPEMA";"Desobediência à sinalização";"Colisão frontal";"Com Vítimas Feridas";"Plena noite";"Decrescente";"Vento";"Dupla";"Reta";"Urbano";2;0;2;0;0;0;2;2
83492391;"19/08/16";"Sexta";"20:55:00";"SP";116;"225";"GUARULHOS";"Ingestão de álcool";"Capotamento";"Com Vítimas Feridas";"Plena noite";"Decrescente";"Nublado";"Simples";"Reta";"Urbano";2;0;2;0;0;0;2;2
83492392;"22/08/16";"Segunda";"21:20:00";"MA";222;"657";"ACAILANDIA";"Velocidade incompatível";"Tombamento";"Com Vítimas Feridas";"Plena noite";"Crescente";"Ceu Claro";"Simples";"Reta";"Rural";1;0;1;0;0;0;1;1
83492393;"22/08/16";"Segunda";"22:00:00";"MG";381;"711";"CARMO DA CACHOEIRA";"Dormindo";"Saída de Pista";"Com Vítimas Feridas";"Plena noite";"Crescente";"Ceu Claro";"Dupla";"Reta";"Rural";1;0;1;0;0;0;1;1
83492394;"22/08/16";"Segunda";"22:10:00";"MS";262;"620";"MIRANDA";"Dormindo";"Colisão com objeto fixo";"Com Vítimas Feridas";"Plena noite";"Decrescente";"Ceu Claro";"Simples";"Curva";"Rural";4;0;4;0;0;0;4;1
83492395;"22/08/16";"Segunda";"18:50:00";"AL";316;"113,1";"CACIMBINHAS";"Desobediência à sinalização";"Atropelamento de pessoa";"Com Vítimas Fatais";"Plena noite";"Decrescente";"Ceu Claro";"Simples";"Curva";"Rural";3;1;0;0;1;1;0;1
83492396;"22/08/16";"Segunda";"22:45:00";"PR";369;"80,5";"CORNELIO PROCOPIO";"Falta de atenção";"Colisão lateral";"Sem Vítimas";"Plena noite";"Decrescente";"Ceu Claro";"Simples";"Reta";"Rural";3;0;0;0;3;0;0;2
83492397;"22/08/16";"Segunda";"22:00:00";"RS";392;"3";"RIO GRANDE";"Falta de atenção";"Atropelamento de pessoa";"Com Vítimas Feridas";"Plena noite";"Crescente";"Ceu Claro";"Simples";"Reta";"Urbano";2;0;1;0;1;0;1;1
83492398;"22/08/16";"Segunda";"22:28:00";"PR";376;"173,9";"MARINGA";"Desobediência à sinalização";"Colisão Transversal";"Com Vítimas Feridas";"Plena noite";"Crescente";"Ceu Claro";"Dupla";"Cruzamento";"Urbano";2;0;1;0;1;0;1;2
83492399;"22/08/16";"Segunda";"13:10:00";"RO";364;"424";"JARU";"Falta de atenção";"Colisão Transversal";"Com Vítimas Feridas";"Pleno dia";"Crescente";"Ceu Claro";"Simples";"Reta";"Urbano";2;0;1;0;1;0;1;2
83492400;"22/08/16";"Segunda";"10:20:00";"MG";116;"602,6";"SAO JOAO DO MANHUACU";"Falta de atenção";"Saída de Pista";"Com Vítimas Feridas";"Pleno dia";"Crescente";"Nublado";"Simples";"Curva";"Rural";3;0;2;0;1;0;2;1
83492401;"22/08/16";"Segunda";"23:50:00";"SP";116;"443";"REGISTRO";"Outras";"Capotamento";"Sem Vítimas";"Plena noite";"Decrescente";"Ceu Claro";"Dupla";"Reta";"Urbano";1;0;0;0;1;0;0;1
83492402;"22/08/16";"Segunda";"19:50:00";"RR";174;"496";"BOA VISTA";"Ingestão de álcool";"Atropelamento de pessoa";"Com Vítimas Feridas";"Plena noite";"Decrescente";"Ceu Claro";"Dupla";"Reta";"Urbano";2;0;0;1;1;0;1;1
83492403;"23/08/16";"Terça";"01:00:00";"GO";153;"583,1";"PROFESSOR JAMIL";"Animais na Pista";"Atropelamento de animal";"Sem Vítimas";"Plena noite";"Crescente";"Ceu Claro";"Dupla";"Reta";"Rural";1;0;0;0;1;0;0;1
83492404;"22/08/16";"Segunda";"17:15:00";"PB";230;"147,9";"CAMPINA GRANDE";"Não guardar distância de segurança";"Colisão lateral";"Com Vítimas Feridas";"Pleno dia";"Crescente";"Ceu Claro";"Dupla";"Curva";"Urbano";3;0;1;0;2;0;1;2
83492405;"23/08/16";"Terça";"00:40:00";"SP";153;"22";"NOVA GRANADA";"Velocidade incompatível";"Capotamento";"Com Vítimas Feridas";"Plena noite";"Crescente";"Ceu Claro";"Simples";"Reta";"Rural";1;0;1;0;0;0;1;1
83492406;"22/08/16";"Segunda";"09:30:00";"MA";135;"34";"BACABEIRA";"Falta de atenção";"Colisão traseira";"Sem Vítimas";"Amanhecer";"Decrescente";"Ceu Claro";"Simples";"Reta";"Rural";3;0;0;0;3;0;0;3
83492407;"22/08/16";"Segunda";"14:00:00";"MG";365;"164,5";"PIRAPORA";"Falta de atenção";"Colisão lateral";"Com Vítimas Feridas";"Pleno dia";"Crescente";"Ceu Claro";"Simples";"Reta";"Rural";3;0;2;1;0;0;3;2
83492408;"22/08/16";"Segunda";"18:40:00";"PA";230;"578,6";"VITORIA DO XINGU";"Defeito mecânico em veículo";"Tombamento";"Sem Vítimas";"Anoitecer";"Decrescente";"Ceu Claro";"Simples";"Reta";"Urbano";1;0;0;0;1;0;0;1
83492409;"22/08/16";"Segunda";"19:55:00";"SC";101;"444,1";"SANTA ROSA DO SUL";"Outras";"Colisão com bicicleta";"Com Vítimas Feridas";"Plena noite";"Decrescente";"Ceu Claro";"Simples";"Reta";"Urbano";2;0;1;0;1;0;1;2
83492410;"23/08/16";"Terça";"01:00:00";"MG";381;"654,7";"SANTO ANTONIO DO AMPARO";"Dormindo";"Capotamento";"Com Vítimas Feridas";"Plena noite";"Decrescente";"Ignorada";"Dupla";"Reta";"Rural";7;0;2;5;0;0;7;1
83492411;"22/08/16";"Segunda";"17:00:00";"PB";361;"89";"PIANCO";"Outras";"Colisão traseira";"Com Vítimas Fatais";"Pleno dia";"Decrescente";"Ceu Claro";"Simples";"Reta";"Rural";91;1;11;5;7;67;16;3
83492412;"22/08/16";"Segunda";"22:30:00";"SP";116;"24,4";"LAVRINHAS";"Defeito mecânico em veículo";"Colisão com objeto fixo";"Sem Vítimas";"Plena noite";"Crescente";"Ceu Claro";"Dupla";"Reta";"Rural";1;0;0;0;1;0;0;1
83492413;"19/08/16";"Sexta";"07:00:00";"BA";101;"504";"ITABUNA";"Outras";"Colisão com bicicleta";"Com Vítimas Feridas";"Pleno dia";"Crescente";"Sol";"Simples";"Reta";"Rural";2;0;1;0;1;0;1;2
83492414;"22/08/16";"Segunda";"21:00:00";"PI";402;"34";"PARNAIBA";"Outras";"Colisão frontal";"Com Vítimas Feridas";"Plena noite";"Decrescente";"Ignorada";"Simples";"Cruzamento";"Urbano";2;0;1;0;1;0;1;2
83492415;"18/08/16";"Quinta";"23:35:00";"GO";40;"7";"VALPARAISO DE GOIAS";"Desobediência à sinalização";"Colisão Transversal";"Com Vítimas Feridas";"Plena noite";"Crescente";"Ceu Claro";"Dupla";"Reta";"Urbano";2;0;1;0;0;1;1;2
83492416;"22/08/16";"Segunda";"17:10:00";"MG";40;"762,8";"JUIZ DE FORA";"Desobediência à sinalização";"Colisão Transversal";"Com Vítimas Feridas";"Pleno dia";"Crescente";"Nublado";"Simples";"Reta";"Rural";4;0;3;0;1;0;3;2