"id";"data_inversa";"dia_semana";"horario";"uf";"br";"km";"municipio";"causa_acidente";"tipo_acidente";"classificacao_acidente";"fase_dia";"sentido_via";"condicao_metereologica";"tipo_pista";"tracado_via";"uso_solo";"pessoas";"mortos";"feridos_leves";"feridos_graves";"ilesos";"ignorados";"feridos";"veiculos"
83492417;"23/08/16";"Terça";"00:40:00";"GO";153;"583,1";"PROFESSOR JAMIL";"Animais na Pista";"Atropelamento de animal";"Com Vítimas Feridas";"Plena noite";"Decrescente";"Ceu Claro";"Dupla";"Curva";"Rural";2;0;2;0;0;0;2;1
83492418;"22/08/16";"Segunda";"21:30:00";"RS";293;"23";"CAPAO DO LEAO";"Defeito mecânico em veículo";"Queda de motocicleta / bicicleta / veículo";"Com Vítimas Feridas";"Plena noite";"Crescente";"Ceu Claro";"Simples";"Reta";"Rural";2;0;1;0;1;0;1;1
83492419;"22/08/16";"Segunda";"22:00:00";"SP";116;"269,5";"TABOAO DA SERRA";"Falta de atenção";"Colisão lateral";"Com Vítimas Feridas";"Plena noite";"Decrescente";"Nublado";"Dupla";"Reta";"Urbano";2;0;1;0;1;0;1;2
83492420;"22/08/16";"Segunda";"21:00:00";"MG";135;"394,4";"BOCAIUVA";"Velocidade incompatível";"Saída de Pista";"Com Vítimas Feridas";"Plena noite";"Decrescente";"Ceu Claro";"Simples";"Curva";"Rural";1;0;1;0;0;0;1;1
83492421;"22/08/16";"Segunda";"23:15:00";"AL";101;"73,5";"MESSIAS";"Desobediência à sinalização";"Colisão lateral";"Sem Vítimas";"Plena noite";"Decrescente";"Nublado";"Simples";"Curva";"Urbano";2;0;0;0;2;0;0;2
83492422;"22/08/16";"Segunda";"14:40:00";"TO";153;"481";"PARAISO DO TOCANTINS";"Defeito mecânico em veículo";"Capotamento";"Com Vítimas Fatais";"Pleno dia";"Decrescente";"Sol";"Simples";"Reta";"Rural";1;1;0;0;0;0;0;1
83492423;"23/08/16";"Terça";"04:45:00";"PR";158;"206";"CAMPO MOURAO";"Outras";"Capotamento";"Sem Vítimas";"Plena noite";"Crescente";"Ceu Claro";"Simples";"Curva";"Rural";1;0;0;0;1;0;0;1
83492424;"23/08/16";"Terça";"04:00:00";"PR";116;"117,2";"CURITIBA";"Não guardar distância de segurança";"Colisão traseira";"Com Vítimas Feridas";"Plena noite";"Crescente";"Nevoeiro/neblina";"Dupla";"Reta";"Urbano";2;0;1;0;1;0;1;2
83492425;"23/08/16";"Terça";"03:07:00";"PR";277;"116";"CAMPO LARGO";"Falta de atenção";"Atropelamento de pessoa";"Com Vítimas Feridas";"Plena noite";"Crescente";"Nevoeiro/neblina";"Dupla";"Reta";"Rural";2;0;0;1;1;0;1;1
83492426;"15/08/16";"Segunda";"17:00:00";"SC";101;"205,7";"SAO JOSE";"Falta de atenção";"Colisão lateral";"Com Vítimas Feridas";"Pleno dia";"Crescente";"Ceu Claro";"Múltipla";"Reta";"Urbano";3;0;1;0;2;0;1;2
83492427;"22/08/16";"Segunda";"15:40:00";"SC";282;"631,3";"DESCANSO";"Velocidade incompatível";"Colisão frontal";"Com Vítimas Feridas";"Pleno dia";"Crescente";"Ceu Claro";"Simples";"Reta";"Rural";2;0;0;1;1;0;1;2
83492428;"18/08/16";"Quinta";"17:30:00";"MG";365;"191";"BURITIZEIRO";"Velocidade incompatível";"Tombamento";"Com Vítimas Feridas";"Amanhecer";"Decrescente";"Ceu Claro";"Simples";"Curva";"Rural";1;0;1;0;0;0;1;1
83492429;"23/08/16";"Terça";"01:10:00";"PR";277;"591,4";"CASCAVEL";"Outras";"Colisão frontal";"Com Vítimas Fatais";"Plena noite";"Crescente";"Ceu Claro";"Simples";"Curva";"Urbano";3;1;0;0;2;0;0;2
83492430;"23/08/16";"Terça";"06:50:00";"BA";324;"604,9";"SIMOES FILHO";"Outras";"Atropelamento de pessoa";"Com Vítimas Feridas";"Pleno dia";"Decrescente";"Ceu Claro";"Dupla";"Reta";"Rural";2;0;1;0;1;0;1;1
83492431;"15/08/16";"Segunda";"15:50:00";"PI";343;"348,1";"TERESINA";"Falta de atenção";"Atropelamento de pessoa";"Com Vítimas Feridas";"Pleno dia";"Decrescente";"Sol";"Simples";"Reta";"Urbano";2;0;1;1;0;0;2;1
83492432;"02/08/16";"Terça";"13:00:00";"BA";407;"29";"JUAZEIRO";"Outras";"Saída de Pista";"Com Vítimas Feridas";"Pleno dia";"Decrescente";"Sol";"Simples";"Reta";"Rural";4;0;0;4;0;0;4;1
83492433;"23/08/16";"Terça";"05:30:00";"MG";459;"104,1";"POUSO ALEGRE";"Falta de atenção";"Colisão lateral";"Sem Vítimas";"Amanhecer";"Crescente";"Ignorada";"Dupla";"Reta";"Rural";2;0;0;0;2;0;0;2
83492434;"20/08/16";"Sábado";"00:45:00";"ES";101;"215";"IBIRACU";"Outras";"Capotamento";"Sem Vítimas";"Plena noite";"Crescente";"Nublado";"Simples";"Curva";"Urbano";1;0;0;0;1;0;0;1
83492435;"22/08/16";"Segunda";"23:15:00";"MG";251;"507";"FRANCISCO SA";"Velocidade incompatível";"Saída de Pista";"Com Vítimas Feridas";"Plena noite";"Crescente";"Nublado";"Simples";"Curva";"Rural";4;0;2;2;0;0;4;1
83492436;"19/08/16";"Sexta";"16:50:00";"PR";373;"270,4";"PRUDENTOPOLIS";"Outras";"Saída de Pista";"Sem Vítimas";"Plena noite";"Decrescente";"Ignorada";"Simples";"Reta";"Rural";1;0;0;0;1;0;0;1
83492437;"22/08/16";"Segunda";"17:30:00";"PR";369;"207,6";"APUCARANA";"Ingestão de álcool";"Colisão frontal";"Com Vítimas Feridas";"Pleno dia";"Crescente";"Ceu Claro";"Simples";"Reta";"Urbano";2;0;1;0;1;0;1;2
83492439;"22/08/16";"Segunda";"21:20:00";"MT";364;"55,3";"ALTO GARCAS";"Outras";"Tombamento";"Com Vítimas Fatais";"Plena noite";"Decrescente";"Ceu Claro";"Simples";"Curva";"Rural";1;1;0;0;0;0;0;1
83492440;"20/08/16";"Sábado";"02:35:00";"RS";116;"37,2";"VACARIA";"Velocidade incompatível";"Colisão com objeto fixo";"Com Vítimas Feridas";"Plena noite";"Decrescente";"Nublado";"Simples";"Cruzamento";"Urbano";2;0;1;0;0;1;1;1
83492441;"19/08/16";"Sexta";"20:30:00";"BA";242;"833";"BARREIRAS";"Velocidade incompatível";"Capotamento";"Sem Vítimas";"Plena noite";"Crescente";"Ceu Claro";"Simples";"Reta";"Urbano";1;0;0;0;1;0;0;1
83492442;"19/08/16";"Sexta";"17:05:00";"GO";153;"505,5";"APARECIDA DE GOIANIA";"Ingestão de álcool";"Colisão traseira";"Com Vítimas Feridas";"Pleno dia";"Decrescente";"Sol";"Dupla";"Reta";"Urbano";2;0;1;0;1;0;1;2
83492443;"16/08/16";"Terça";"07:20:00";"MG";50;"47";"ARAGUARI";"Falta de atenção";"Saída de Pista";"Sem Vítimas";"Amanhecer";"Decrescente";"Nublado";"Dupla";"Curva";"Rural";2;0;0;0;2;0;0;1
83492444;"19/08/16";"Sexta";"05:30:00";"BA";324;"547";"AMELIA RODRIGUES";"Defeito mecânico em veículo";"Saída de Pista";"Sem Vítimas";"Amanhecer";"Crescente";"Ceu Claro";"Dupla";"Curva";"Urbano";1;0;0;0;1;0;0;1
83492445;"19/08/16";"Sexta";"18:50:00";"MG";116;"509,9";"UBAPORANGA";"Ultrapassagem indevida";"Colisão frontal";"Com Vítimas Fatais";"Plena noite";"Crescente";"Ceu Claro";"Simples";"Curva";"Urbano";2;1;0;0;1;0;0;2
83492446;"17/06/16";"Sexta";"00:40:00";"PR";116;"125";"FAZENDA RIO GRANDE";"Outras";"Colisão traseira";"Sem Vítimas";"Plena noite";"Crescente";"Ignorada";"Dupla";"Reta";"Urbano";2;0;0;0;2;0;0;2
83492447;"19/08/16";"Sexta";"22:00:00";"PI";343;"340";"TERESINA";"Outras";"Colisão frontal";"Com Vítimas Feridas";"Plena noite";"Crescente";"Ceu Claro";"Simples";"Reta";"Urbano";2;0;0;1;1;0;1;2
83492448;"20/08/16";"Sábado";"05:00:00";"PR";277;"666,2";"MEDIANEIRA";"Falta de atenção";"Colisão traseira";"Com Vítimas Feridas";"Plena noite";"Crescente";"Chuva";"Dupla";"Reta";"Rural";3;0;2;0;1;0;2;2
83492449;"19/08/16";"Sexta";"20:30:00";"RS";285;"615,5";"SANTO ANTONIO DAS MISSOES";"Outras";"Saída de Pista";"Com Vítimas Feridas";"Plena noite";"Crescente";"Nublado";"Simples";"Reta";"Rural";1;0;1;0;0;0;1;1
83492450;"22/08/16";"Segunda";"21:50:00";"RJ";116;"130";"MAGE";"Outras";"Colisão com objeto fixo";"Com Vítimas Feridas";"Anoitecer";"Decrescente";"Ceu Claro";"Dupla";"Reta";"Rural";1;0;1;0;0;0;1;1
83492451;"19/08/16";"Sexta";"09:00:00";"ES";101;"457,9";"MIMOSO DO SUL";"Defeito mecânico em veículo";"Saída de Pista";"Sem Vítimas";"Pleno dia";"Crescente";"Sol";"Simples";"Reta";"Rural";1;0;0;0;1;0;0;1
83492452;"23/08/16";"Terça";"07:40:00";"RN";304;"45";"MOSSORO";"Outras";"Derramamento de Carga";"Sem Vítimas";"Pleno dia";"Decrescente";"Ceu Claro";"Simples";"Curva";"Urbano";1;0;0;0;1;0;0;1
83492453;"02/08/16";"Terça";"07:00:00";"MG";116;"609";"SAO JOAO DO MANHUACU";"Defeito mecânico em veículo";"Saída de Pista";"Com Vítimas Feridas";"Amanhecer";"Crescente";"Ceu Claro";"Simples";"Reta";"Rural";2;0;1;1;0;0;2;1
83492454;"19/08/16";"Sexta";"23:40:00";"RS";290;"215,2";"PANTANO GRANDE";"Animais na Pista";"Atropelamento de animal";"Sem Vítimas";"Plena noite";"Crescente";"Nublado";"Simples";"Reta";"Urbano";1;0;0;0;1;0;0;1
83492455;"20/08/16";"Sábado";"04:45:00";"PR";277;"383,2";"CANDOI";"Outras";"Colisão frontal";"Com Vítimas Fatais";"Plena noite";"Decrescente";"Chuva";"Simples";"Curva";"Rural";2;1;0;0;1;0;0;2
83492456;"20/08/16";"Sábado";"00:15:00";"RO";364;"247,1";"CACOAL";"Ingestão de álcool";"Colisão lateral";"Com Vítimas Feridas";"Plena noite";"Crescente";"Ceu Claro";"Simples";"Reta";"Rural";2;0;1;0;1;0;1;2
83492457;"23/08/16";"Terça";"07:50:00";"PB";230;"33";"BAYEUX";"Animais na Pista";"Colisão traseira";"Sem Vítimas";"Pleno dia";"Decrescente";"Sol";"Dupla";"Reta";"Urbano";3;0;0;0;1;2;0;2
83492458;"09/07/16";"Sábado";"15:10:00";"PE";428;"61,5";"SANTA MARIA DA BOA VISTA";"Outras";"Atropelamento de animal";"Com Vítimas Feridas";"Pleno dia";"Decrescente";"Sol";"Simples";"Reta";"Rural";1;0;0;1;0;0;1;1
83492460;"23/08/16";"Terça";"09:00:00";"BA";116;"7";"VITORIA DA CONQUISTA";"Falta de atenção";"Colisão traseira";"Sem Vítimas";"Pleno dia";"Crescente";"Nublado";"Simples";"Reta";"Urbano";2;0;0;0;2;0;0;2
83492461;"23/08/16";"Terça";"06:39:00";"MT";70;"528";"VARZEA GRANDE";"Desobediência à sinalização";"Colisão Transversal";"Sem Vítimas";"Pleno dia";"Crescente";"Ceu Claro";"Simples";"Reta";"Urbano";4;0;0;0;4;0;0;2
83492462;"23/08/16";"Terça";"06:20:00";"ES";262;"1,8";"CARIACICA";"Falta de atenção";"Colisão Transversal";"Sem Vítimas";"Pleno dia";"Decrescente";"Nublado";"Dupla";"Cruzamento";"Urbano";2;0;0;0;2;0;0;2
83492464;"23/08/16";"Terça";"07:45:00";"SC";282;"3,9";"FLORIANOPOLIS";"Não guardar distância de segurança";"Colisão traseira";"Com Vítimas Feridas";"Pleno dia";"Crescente";"Ceu Claro";"Múltipla";"Reta";"Urbano";3;0;1;0;2;0;1;3
83492465;"23/08/16";"Terça";"09:05:00";"GO";158;"272";"JATAI";"Ingestão de álcool";"Colisão lateral";"Com Vítimas Feridas";"Pleno dia";"Decrescente";"Sol";"Simples";"Reta";"Urbano";2;0;0;1;1;0;1;2
83492466;"23/08/16";"Terça";"07:50:00";"SC";101;"209,2";"SAO JOSE";"Falta de atenção";"Colisão lateral";"Com Vítimas Feridas";"Pleno dia";"Decrescente";"Sol";"Múltipla";"Reta";"Urbano";2;0;1;0;1;0;1;2
83492467;"19/08/16";"Sexta";"22:20:00";"MG";40;"552,9";"NOVA LIMA";"Outras";"Colisão traseira";"Sem Vítimas";"Plena noite";"Crescente";"Nublado";"Dupla";"Curva";"Urbano";2;0;0;0;1;1;0;2
83492468;"23/08/16";"Terça";"09:20:00";"SC";101;"137";"BALNEARIO CAMBORIU";"Falta de atenção";"Colisão lateral";"Sem Vítimas";"Amanhecer";"Crescente";"Ceu Claro";"Múltipla";"Reta";"Urbano";2;0;0;0;2;0;0;2
83492469;"20/08/16";"Sábado";"07:35:00";"DF";70;"11";"BRASILIA";"Não guardar distância de segurança";"Colisão traseira";"Com Vítimas Feridas";"Pleno dia";"Decrescente";"Ceu Claro";"Dupla";"Reta";"Urbano";5;0;2;0;3;0;2;4
83492470;"15/08/16";"Segunda";"11:40:00";"SC";116;"131";"SANTA CECILIA";"Velocidade incompatível";"Saída de Pista";"Com Vítimas Feridas";"Pleno dia";"Crescente";"Chuva";"Simples";"Reta";"Rural";2;0;1;0;1;0;1;1
83492471;"17/08/16";"Quarta";"03:00:00";"MT";364;"444,9";"VARZEA GRANDE";"Desobediência à sinalização";"Colisão frontal";"Com Vítimas Fatais";"Plena noite";"Decrescente";"Ceu Claro";"Simples";"Reta";"Rural";3;1;1;0;0;1;1;2
83492472;"23/08/16";"Terça";"07:40:00";"SC";280;"28,6";"ARAQUARI";"Outras";"Saída de Pista";"Com Vítimas Feridas";"Pleno dia";"Crescente";"Ceu Claro";"Simples";"Reta";"Urbano";4;0;2;0;2;0;2;3
83492473;"23/08/16";"Terça";"06:10:00";"MG";381;"829,7";"SAO SEBASTIAO DA BELA VISTA";"Desobediência à sinalização";"Colisão Transversal";"Com Vítimas Feridas";"Amanhecer";"Crescente";"Nevoeiro/neblina";"Dupla";"Reta";"Rural";5;0;1;2;2;0;3;2
83492474;"23/08/16";"Terça";"08:30:00";"PR";277;"105,8";"CAMPO LARGO";"Não guardar distância de segurança";"Colisão traseira";"Sem Vítimas";"Pleno dia";"Decrescente";"Ceu Claro";"Dupla";"Curva";"Urbano";2;0;0;0;2;0;0;2
83492475;"20/08/16";"Sábado";"06:05:00";"GO";153;"507,7";"APARECIDA DE GOIANIA";"Ingestão de álcool";"Colisão com objeto fixo";"Com Vítimas Fatais";"Amanhecer";"Crescente";"Ceu Claro";"Dupla";"Reta";"Urbano";1;1;0;0;0;0;0;1
83492476;"21/08/16";"Domingo";"02:30:00";"PE";104;"64,7";"CARUARU";"Ingestão de álcool";"Colisão Transversal";"Com Vítimas Feridas";"Plena noite";"Crescente";"Ceu Claro";"Dupla";"Cruzamento";"Urbano";2;0;1;0;1;0;1;2
83492477;"20/08/16";"Sábado";"04:30:00";"ES";101;"264";"SERRA";"Desobediência à sinalização";"Colisão Transversal";"Sem Vítimas";"Plena noite";"Decrescente";"Ceu Claro";"Simples";"Cruzamento";"Urbano";2;0;0;0;1;1;0;2
83492478;"23/08/16";"Terça";"05:40:00";"SP";153;"153,9";"PROMISSAO";"Outras";"Colisão Transversal";"Com Vítimas Feridas";"Plena noite";"Crescente";"Ceu Claro";"Simples";"Reta";"Rural";3;0;1;1;1;0;2;2
83492479;"23/08/16";"Terça";"07:50:00";"SC";470;"250,9";"CURITIBANOS";"Falta de atenção";"Colisão traseira";"Sem Vítimas";"Pleno dia";"Decrescente";"Ceu Claro";"Simples";"Cruzamento";"Urbano";2;0;0;0;2;0;0;2
83492480;"09/08/16";"Terça";"12:30:00";"MG";262;"606,5";"CAMPOS ALTOS";"Outras";"Saída de Pista";"Com Vítimas Fatais";"Pleno dia";"Decrescente";"Sol";"Simples";"Reta";"Rural";1;1;0;0;0;0;0;1
83492481;"20/08/16";"Sábado";"08:00:00";"BA";324;"493,8";"FEIRA DE SANTANA";"Dormindo";"Capotamento";"Com Vítimas Feridas";"Pleno dia";"Crescente";"Sol";"Simples";"Reta";"Rural";1;0;1;0;0;0;1;1
83492482;"23/08/16";"Terça";"08:00:00";"MA";222;"673";"ACAILANDIA";"Desobediência à sinalização";"Colisão Transversal";"Com Vítimas Feridas";"Pleno dia";"Decrescente";"Ceu Claro";"Simples";"Reta";"Urbano";2;0;0;1;1;0;1;2
83492483;"19/08/16";"Sexta";"15:00:00";"PR";116;"123";"CURITIBA";"Outras";"Capotamento";"Ignorado";"Pleno dia";"Decrescente";"Chuva";"Dupla";"Reta";"Rural";1;0;0;0;0;1;0;1
83492484;"20/08/16";"Sábado";"05:00:00";"RJ";116;"223";"PIRAI";"Defeito mecânico em veículo";"Colisão traseira";"Sem Vítimas";"Amanhecer";"Decrescente";"Nublado";"Simples";"Curva";"Urbano";3;0;0;0;3;0;0;3
83492485;"16/08/16";"Terça";"01:40:00";"RJ";116;"178";"NOVA IGUACU";"Outras";"Atropelamento de pessoa";"Com Vítimas Fatais";"Plena noite";"Decrescente";"Nublado";"Dupla";"Reta";"Urbano";9;1;1;1;5;1;2;8
83492486;"20/08/16";"Sábado";"03:30:00";"BA";101;"490";"ITAJUIPE";"Outras";"Capotamento";"Sem Vítimas";"Amanhecer";"Crescente";"Nublado";"Simples";"Curva";"Rural";1;0;0;0;1;0;0;1
83492487;"19/08/16";"Sexta";"11:10:00";"BA";101;"814,6";"ITAMARAJU";"Não guardar distância de segurança";"Colisão traseira";"Com Vítimas Feridas";"Pleno dia";"Decrescente";"Ceu Claro";"Simples";"Reta";"Rural";3;0;1;0;2;0;1;2
83492488;"23/08/16";"Terça";"07:45:00";"PR";277;"78,9";"CURITIBA";"Outras";"Colisão lateral";"Com Vítimas Feridas";"Pleno dia";"Crescente";"Ceu Claro";"Dupla";"Reta";"Urbano";2;0;1;0;1;0;1;2
83492489;"11/08/16";"Quinta";"09:30:00";"MG";381;"937";"EXTREMA";"Não guardar distância de segurança";"Queda de motocicleta / bicicleta / veículo";"Com Vítimas Feridas";"Pleno dia";"Crescente";"Ceu Claro";"Simples";"Reta";"Rural";1;0;1;0;0;0;1;1
83492491;"22/08/16";"Segunda";"17:30:00";"MG";40;"478";"SETE LAGOAS";"Defeito na via";"Saída de Pista";"Com Vítimas Feridas";"Anoitecer";"Decrescente";"Ceu Claro";"Dupla";"Reta";"Urbano";1;0;0;1;0;0;1;1
83492492;"23/08/16";"Terça";"07:25:00";"SC";480;"124,4";"CHAPECO";"Falta de atenção";"Colisão Transversal";"Com Vítimas Feridas";"Pleno dia";"Crescente";"Sol";"Simples";"Reta";"Urbano";4;0;1;0;3;0;1;2
83492493;"23/08/16";"Terça";"09:10:00";"RS";285;"115,4";"VACARIA";"Dormindo";"Colisão com bicicleta";"Com Vítimas Feridas";"Pleno dia";"Crescente";"Ceu Claro";"Simples";"Reta";"Rural";2;0;1;0;1;0;1;2
83492494;"23/08/16";"Terça";"10:30:00";"MT";70;"5";"BARRA DO GARCAS";"Falta de atenção";"Colisão Transversal";"Com Vítimas Feridas";"Pleno dia";"Crescente";"Ceu Claro";"Dupla";"Reta";"Urbano";2;0;1;0;1;0;1;2
83492495;"20/08/16";"Sábado";"06:10:00";"MG";381;"896";"CAMBUI";"Velocidade incompatível";"Capotamento";"Com Vítimas Feridas";"Amanhecer";"Decrescente";"Chuva";"Simples";"Curva";"Urbano";2;0;1;0;1;0;1;1
83492496;"23/08/16";"Terça";"10:30:00";"RJ";116;"113";"MAGE";"Velocidade incompatível";"Colisão traseira";"Com Vítimas Feridas";"Pleno dia";"Crescente";"Nublado";"Dupla";"Curva";"Urbano";3;0;1;0;2;0;1;2
83492497;"15/08/16";"Segunda";"11:50:00";"AP";210;"17";"MACAPA";"Falta de atenção";"Colisão frontal";"Com Vítimas Feridas";"Pleno dia";"Crescente";"Sol";"Simples";"Reta";"Rural";3;0;1;0;2;0;1;2
83492498;"20/08/16";"Sábado";"14:15:00";"SC";101;"97,3";"PICARRAS";"Velocidade incompatível";"Capotamento";"Sem Vítimas";"Pleno dia";"Crescente";"Chuva";"Dupla";"Curva";"Rural";1;0;0;0;1;0;0;1
83492499;"13/08/16";"Sábado";"10:50:00";"MS";158;"12";"CASSILANDIA";"Outras";"Tombamento";"Sem Vítimas";"Pleno dia";"Crescente";"Ceu Claro";"Simples";"Reta";"Rural";1;0;0;0;1;0;0;1
83492500;"23/08/16";"Terça";"08:30:00";"MG";40;"726,9";"OLIVEIRA FORTES";"Velocidade incompatível";"Colisão com objeto fixo";"Com Vítimas Feridas";"Pleno dia";"Crescente";"Nublado";"Dupla";"Curva";"Rural";5;0;2;0;3;0;2;1
83492501;"23/08/16";"Terça";"12:00:00";"RS";285;"292,2";"PASSO FUNDO";"Falta de atenção";"Colisão Transversal";"Sem Vítimas";"Pleno dia";"Crescente";"Ceu Claro";"Dupla";"Cruzamento";"Urbano";3;0;0;0;3;0;0;2
83492503;"19/08/16";"Sexta";"07:30:00";"GO";20;"142";"ALVORADA DO NORTE";"Outras";"Saída de Pista";"Com Vítimas Feridas";"Pleno dia";"Crescente";"Ceu Claro";"Simples";"Reta";"Urbano";2;0;2;0;0;0;2;1
83492504;"19/08/16";"Sexta";"13:40:00";"RJ";116;"131";"MAGE";"Falta de atenção";"Colisão traseira";"Sem Vítimas";"Pleno dia";"Crescente";"Ceu Claro";"Dupla";"Reta";"Rural";3;0;0;0;3;0;0;2
83492505;"23/08/16";"Terça";"10:20:00";"PA";230;"110";"MARABA";"Falta de atenção";"Colisão lateral";"Com Vítimas Feridas";"Pleno dia";"Crescente";"Ceu Claro";"Simples";"Cruzamento";"Urbano";2;0;1;0;1;0;1;2
83492506;"15/08/16";"Segunda";"09:00:00";"RS";392;"328";"SANTA MARIA";"Outras";"Colisão lateral";"Sem Vítimas";"Pleno dia";"Crescente";"Ceu Claro";"Simples";"Reta";"Rural";2;0;0;0;2;0;0;2
83492507;"21/08/16";"Domingo";"17:55:00";"MT";163;"725";"SORRISO";"Ingestão de álcool";"Capotamento";"Com Vítimas Feridas";"Anoitecer";"Crescente";"Nublado";"Simples";"Reta";"Rural";1;0;1;0;0;0;1;1
83492508;"23/08/16";"Terça";"11:15:00";"SP";116;"391,7";"MIRACATU";"Falta de atenção";"Saída de Pista";"Com Vítimas Feridas";"Pleno dia";"Decrescente";"Sol";"Dupla";"Curva";"Rural";2;0;2;0;0;0;2;1
83492511;"23/08/16";"Terça";"13:10:00";"SC";280;"52,3";"GUARAMIRIM";"Falta de atenção";"Colisão Transversal";"Com Vítimas Feridas";"Pleno dia";"Crescente";"Ceu Claro";"Simples";"Reta";"Urbano";3;0;2;0;1;0;2;2
83492512;"20/08/16";"Sábado";"00:40:00";"DF";20;"26";"BRASILIA";"Ingestão de álcool";"Colisão frontal";"Com Vítimas Feridas";"Plena noite";"Crescente";"Ceu Claro";"Dupla";"Reta";"Rural";5;0;2;0;3;0;2;2
83492513;"20/08/16";"Sábado";"05:50:00";"BA";20;"201";"LUIS EDUARDO MAGALHAES";"Dormindo";"Colisão frontal";"Com Vítimas Fatais";"Amanhecer";"Decrescente";"Ceu Claro";"Simples";"Reta";"Urbano";7;6;0;0;1;0;0;2
83492514;"23/08/16";"Terça";"11:39:00";"RN";406;"167";"SAO GONCALO DO AMARANTE";"Outras";"Colisão traseira";"Sem Vítimas";"Pleno dia";"Crescente";"Ceu Claro";"Dupla";"Reta";"Urbano";2;0;0;0;2;0;0;2
83492515;"20/08/16";"Sábado";"05:30:00";"MG";116;"595,6";"INHAPIM";"Ultrapassagem indevida";"Colisão frontal";"Com Vítimas Fatais";"Amanhecer";"Crescente";"Nublado";"Simples";"Reta";"Rural";3;2;0;0;1;0;0;2
83492516;"19/08/16";"Sexta";"18:30:00";"SC";101;"203";"SAO JOSE";"Falta de atenção";"Colisão traseira";"Com Vítimas Feridas";"Plena noite";"Crescente";"Chuva";"Dupla";"Reta";"Urbano";2;0;1;0;1;0;1;2
83492517;"20/08/16";"Sábado";"10:30:00";"RS";377;"87,8";"CRUZ ALTA";"Velocidade incompatível";"Saída de Pista";"Com Vítimas Feridas";"Pleno dia";"Decrescente";"Chuva";"Simples";"Reta";"Rural";3;0;3;0;0;0;3;1
83492519;"11/08/16";"Quinta";"10:30:00";"PR";476;"136,4";"CURITIBA";"Outras";"Atropelamento de pessoa";"Com Vítimas Feridas";"Pleno dia";"Crescente";"Sol";"Dupla";"Reta";"Urbano";2;0;0;1;1;0;1;1
83492520;"20/08/16";"Sábado";"02:50:00";"MG";381;"814,5";"CAREACU";"Ingestão de álcool";"Saída de Pista";"Sem Vítimas";"Plena noite";"Decrescente";"Ceu Claro";"Dupla";"Reta";"Rural";1;0;0;0;1;0;0;1
83492521;"23/08/16";"Terça";"13:30:00";"SC";282;"16";"PALHOCA";"Falta de atenção";"Colisão lateral";"Com Vítimas Feridas";"Pleno dia";"Decrescente";"Ceu Claro";"Simples";"Reta";"Urbano";3;0;2;0;1;0;2;2
83492522;"21/08/16";"Domingo";"08:45:00";"MT";163;"645";"LUCAS DO RIO VERDE";"Falta de atenção";"Colisão Transversal";"Com Vítimas Feridas";"Pleno dia";"Crescente";"Chuva";"Simples";"Reta";"Rural";3;0;1;0;2;0;1;2
83492523;"23/08/16";"Terça";"10:55:00";"SC";470;"5,8";"NAVEGANTES";"Falta de atenção";"Colisão traseira";"Com Vítimas Feridas";"Pleno dia";"Crescente";"Ceu Claro";"Simples";"Reta";"Urbano";2;0;1;0;1;0;1;2
83492524;"23/08/16";"Terça";"08:15:00";"PE";101;"66,4";"RECIFE";"Outras";"Atropelamento de pessoa";"Com Vítimas Feridas";"Pleno dia";"Decrescente";"Ceu Claro";"Dupla";"Reta";"Urbano";2;0;1;0;1;0;1;1
83492525;"19/08/16";"Sexta";"14:00:00";"BA";116;"572,3";"NOVA ITARANA";"Outras";"Saída de Pista";"Com Vítimas Feridas";"Pleno dia";"Crescente";"Ceu Claro";"Simples";"Reta";"Rural";1;0;1;0;0;0;1;1
83492526;"20/08/16";"Sábado";"03:40:00";"MG";116;"682,1";"MIRADOURO";"Não guardar distância de segurança";"Colisão traseira";"Com Vítimas Feridas";"Plena noite";"Crescente";"Ceu Claro";"Simples";"Curva";"Rural";3;0;0;1;2;0;1;3
83492527;"21/08/16";"Domingo";"19:15:00";"MG";116;"709,5";"MURIAE";"Velocidade incompatível";"Tombamento";"Sem Vítimas";"Plena noite";"Crescente";"Ceu Claro";"Simples";"Curva";"Rural";1;0;0;0;1;0;0;1
83492528;"23/04/16";"Sábado";"12:47:00";"GO";40;"1,8";"VALPARAISO DE GOIAS";"Não guardar distância de segurança";"Colisão traseira";"Com Vítimas Feridas";"Pleno dia";"Crescente";"Ceu Claro";"Dupla";"Reta";"Urbano";6;0;1;0;5;0;1;5
83492529;"23/08/16";"Terça";"11:45:00";"RS";116;"40,2";"VACARIA";"Desobediência à sinalização";"Colisão Transversal";"Com Vítimas Feridas";"Pleno dia";"Crescente";"Sol";"Simples";"Cruzamento";"Urbano";4;0;2;0;2;0;2;2
83492530;"18/08/16";"Quinta";"15:15:00";"MG";116;"148,7";"PONTO DOS VOLANTES";"Outras";"Saída de Pista";"Com Vítimas Feridas";"Pleno dia";"Decrescente";"Ceu Claro";"Simples";"Curva";"Rural";2;0;1;1;0;0;2;1
83492531;"23/08/16";"Terça";"09:15:00";"PR";376;"650";"TIJUCAS DO SUL";"Outras";"Derramamento de Carga";"Sem Vítimas";"Pleno dia";"Crescente";"Sol";"Dupla";"Curva";"Rural";1;0;0;0;1;0;0;1