"id";"data_inversa";"dia_semana";"horario";"uf";"br";"km";"municipio";"causa_acidente";"tipo_acidente";"classificacao_acidente";"fase_dia";"sentido_via";"condicao_metereologica";"tipo_pista";"tracado_via";"uso_solo";"pessoas";"mortos";"feridos_leves";"feridos_graves";"ilesos";"ignorados";"feridos";"veiculos"
83492532;"23/08/16";"Terça";"12:10:00";"PR";277;"726";"FOZ DO IGUACU";"Falta de atenção";"Colisão traseira";"Sem Vítimas";"Pleno dia";"Crescente";"Sol";"Dupla";"Cruzamento";"Urbano";2;0;0;0;2;0;0;2
83492533;"23/08/16";"Terça";"11:30:00";"GO";153;"505,9";"APARECIDA DE GOIANIA";"Outras";"Queda de motocicleta / bicicleta / veículo";"Com Vítimas Feridas";"Pleno dia";"Crescente";"Ceu Claro";"Dupla";"Reta";"Urbano";2;0;2;0;0;0;2;1
83492534;"20/08/16";"Sábado";"11:00:00";"PB";101;"121,8";"CAAPORA";"Dormindo";"Saída de Pista";"Com Vítimas Feridas";"Pleno dia";"Decrescente";"Ceu Claro";"Dupla";"Curva";"Rural";2;0;2;0;0;0;2;1
83492535;"23/08/16";"Terça";"11:15:00";"PR";476;"142,5";"CURITIBA";"Outras";"Capotamento";"Com Vítimas Feridas";"Pleno dia";"Crescente";"Ceu Claro";"Dupla";"Reta";"Urbano";1;0;1;0;0;0;1;1
83492536;"23/08/16";"Terça";"12:30:00";"DF";20;"3";"BRASILIA";"Falta de atenção";"Capotamento";"Com Vítimas Feridas";"Pleno dia";"Decrescente";"Sol";"Dupla";"Reta";"Urbano";2;0;1;0;1;0;1;1
83492538;"23/08/16";"Terça";"09:15:00";"MG";262;"369,5";"JUATUBA";"Velocidade incompatível";"Capotamento";"Com Vítimas Feridas";"Pleno dia";"Crescente";"Sol";"Dupla";"Curva";"Urbano";1;0;1;0;0;0;1;1
83492539;"23/08/16";"Terça";"11:40:00";"PE";101;"50,6";"ABREU E LIMA";"Falta de atenção";"Atropelamento de pessoa";"Com Vítimas Feridas";"Pleno dia";"Decrescente";"Sol";"Múltipla";"Curva";"Urbano";2;0;0;1;1;0;1;1
83492540;"20/08/16";"Sábado";"01:20:00";"SP";116;"148";"SAO JOSE DOS CAMPOS";"Outras";"Colisão com objeto fixo";"Ignorado";"Plena noite";"Crescente";"Ceu Claro";"Múltipla";"Curva";"Urbano";1;0;0;0;0;1;0;1
83492541;"15/08/16";"Segunda";"20:30:00";"RJ";116;"247";"PIRAI";"Outras";"Colisão traseira";"Sem Vítimas";"Plena noite";"Decrescente";"Chuva";"Simples";"Reta";"Rural";2;0;0;0;2;0;0;2
83492542;"20/08/16";"Sábado";"04:30:00";"SC";101;"48";"JOINVILLE";"Ingestão de álcool";"Saída de Pista";"Sem Vítimas";"Plena noite";"Crescente";"Chuva";"Dupla";"Reta";"Urbano";1;0;0;0;1;0;0;1
83492543;"18/08/16";"Quinta";"22:30:00";"MS";163;"546,9";"BANDEIRANTES";"Animais na Pista";"Atropelamento de animal";"Sem Vítimas";"Plena noite";"Crescente";"Ceu Claro";"Simples";"Curva";"Rural";1;0;0;0;1;0;0;1
83492544;"23/08/16";"Terça";"10:40:00";"AM";174;"926";"MANAUS";"Falta de atenção";"Colisão lateral";"Sem Vítimas";"Pleno dia";"Decrescente";"Nublado";"Simples";"Reta";"Rural";2;0;0;0;1;1;0;2
83492545;"23/08/16";"Terça";"04:40:00";"MT";364;"155";"PEDRA PRETA";"Animais na Pista";"Atropelamento de animal";"Com Vítimas Feridas";"Plena noite";"Decrescente";"Ceu Claro";"Simples";"Reta";"Rural";1;0;1;0;0;0;1;1
83492546;"19/08/16";"Sexta";"09:10:00";"RS";158;"329,4";"SANTA MARIA";"Desobediência à sinalização";"Colisão Transversal";"Com Vítimas Feridas";"Pleno dia";"Crescente";"Ceu Claro";"Simples";"Reta";"Urbano";2;0;2;0;0;0;2;2
83492547;"23/08/16";"Terça";"12:40:00";"PA";230;"631";"ALTAMIRA";"Outras";"Colisão lateral";"Sem Vítimas";"Pleno dia";"Crescente";"Ceu Claro";"Simples";"Reta";"Urbano";2;0;0;0;2;0;0;2
83492548;"23/08/16";"Terça";"11:40:00";"MG";135;"521";"BUENOPOLIS";"Defeito mecânico em veículo";"Saída de Pista";"Com Vítimas Feridas";"Pleno dia";"Crescente";"Sol";"Simples";"Reta";"Rural";2;0;1;1;0;0;2;1
83492549;"23/08/16";"Terça";"07:30:00";"PR";277;"77";"SAO JOSE DOS PINHAIS";"Outras";"Colisão lateral";"Com Vítimas Feridas";"Pleno dia";"Crescente";"Ceu Claro";"Dupla";"Reta";"Rural";3;0;0;1;1;1;1;3
83492550;"23/08/16";"Terça";"12:20:00";"CE";304;"79,8";"ARACATI";"Não guardar distância de segurança";"Colisão traseira";"Com Vítimas Feridas";"Pleno dia";"Crescente";"Ceu Claro";"Simples";"Reta";"Rural";2;0;1;0;1;0;1;2
83492551;"08/08/16";"Segunda";"00:30:00";"RJ";40;"84";"PETROPOLIS";"Velocidade incompatível";"Saída de Pista";"Com Vítimas Feridas";"Plena noite";"Decrescente";"Nublado";"Dupla";"Curva";"Rural";3;0;3;0;0;0;3;1
83492552;"23/08/16";"Terça";"11:00:00";"SC";282;"220";"LAGES";"Falta de atenção";"Colisão Transversal";"Com Vítimas Feridas";"Pleno dia";"Crescente";"Ceu Claro";"Simples";"Reta";"Urbano";2;0;1;0;1;0;1;2
83492553;"23/08/16";"Terça";"09:16:00";"MT";364;"203";"RONDONOPOLIS";"Velocidade incompatível";"Tombamento";"Sem Vítimas";"Pleno dia";"Crescente";"Sol";"Dupla";"Curva";"Urbano";1;0;0;0;1;0;0;1
83492554;"23/08/16";"Terça";"09:00:00";"GO";60;"121,6";"TEREZOPOLIS DE GOIAS";"Falta de atenção";"Saída de Pista";"Com Vítimas Feridas";"Pleno dia";"Crescente";"Sol";"Dupla";"Reta";"Rural";1;0;1;0;0;0;1;1
83492555;"18/08/16";"Quinta";"17:05:00";"PB";230;"81,6";"RIACHAO DO POCO";"Desobediência à sinalização";"Atropelamento de pessoa";"Com Vítimas Fatais";"Pleno dia";"Decrescente";"Sol";"Dupla";"Reta";"Urbano";2;1;1;0;0;0;1;1
83492556;"23/08/16";"Terça";"11:15:00";"SE";101;"62,3";"ROSARIO DO CATETE";"Ultrapassagem indevida";"Colisão lateral";"Com Vítimas Feridas";"Pleno dia";"Crescente";"Ceu Claro";"Simples";"Reta";"Rural";2;0;1;0;1;0;1;2
83492557;"02/08/16";"Terça";"17:40:00";"SC";280;"57";"GUARAMIRIM";"Falta de atenção";"Colisão lateral";"Com Vítimas Feridas";"Pleno dia";"Crescente";"Ceu Claro";"Simples";"Reta";"Urbano";2;0;1;0;1;0;1;2
83492558;"20/08/16";"Sábado";"07:50:00";"PR";376;"657";"TIJUCAS DO SUL";"Velocidade incompatível";"Colisão Transversal";"Com Vítimas Feridas";"Pleno dia";"Decrescente";"Chuva";"Dupla";"Curva";"Rural";4;0;2;0;2;0;2;2
83492559;"23/08/16";"Terça";"13:25:00";"SC";101;"134,5";"BALNEARIO CAMBORIU";"Falta de atenção";"Colisão lateral";"Com Vítimas Feridas";"Pleno dia";"Crescente";"Ceu Claro";"Simples";"Reta";"Urbano";2;0;0;1;1;0;1;2
83492560;"13/08/16";"Sábado";"22:55:00";"GO";40;"1";"VALPARAISO DE GOIAS";"Falta de atenção";"Atropelamento de pessoa";"Com Vítimas Feridas";"Plena noite";"Crescente";"Chuva";"Dupla";"Reta";"Urbano";2;0;0;1;1;0;1;1
83492561;"23/08/16";"Terça";"13:45:00";"ES";101;"265,8";"SERRA";"Outras";"Colisão Transversal";"Com Vítimas Feridas";"Pleno dia";"Crescente";"Nublado";"Simples";"Reta";"Urbano";2;0;0;1;1;0;1;2
83492562;"23/08/16";"Terça";"15:20:00";"MG";381;"511";"SAO JOAQUIM DE BICAS";"Falta de atenção";"Colisão lateral";"Sem Vítimas";"Pleno dia";"Crescente";"Ceu Claro";"Simples";"Curva";"Urbano";4;0;0;0;4;0;0;2
83492563;"20/08/16";"Sábado";"08:00:00";"SP";116;"53";"LORENA";"Outras";"Colisão traseira";"Com Vítimas Feridas";"Pleno dia";"Decrescente";"Nublado";"Dupla";"Reta";"Urbano";2;0;1;0;1;0;1;2
83492564;"23/08/16";"Terça";"11:10:00";"PR";277;"472";"NOVA LARANJEIRAS";"Falta de atenção";"Atropelamento de pessoa";"Com Vítimas Feridas";"Pleno dia";"Decrescente";"Ceu Claro";"Simples";"Curva";"Rural";2;0;0;1;1;0;1;1
83492565;"18/08/16";"Quinta";"15:10:00";"RJ";40;"117";"DUQUE DE CAXIAS";"Outras";"Colisão com objeto fixo";"Sem Vítimas";"Pleno dia";"Decrescente";"Ceu Claro";"Múltipla";"Reta";"Urbano";1;0;0;0;1;0;0;1
83492566;"23/08/16";"Terça";"14:10:00";"RS";290;"95";"PORTO ALEGRE";"Defeito mecânico em veículo";"Colisão com objeto fixo";"Sem Vítimas";"Pleno dia";"Crescente";"Ceu Claro";"Dupla";"Reta";"Urbano";1;0;0;0;1;0;0;1
83492567;"19/08/16";"Sexta";"16:00:00";"BA";101;"506,5";"ITABUNA";"Ultrapassagem indevida";"Colisão lateral";"Com Vítimas Feridas";"Pleno dia";"Decrescente";"Nublado";"Simples";"Reta";"Urbano";2;0;1;0;1;0;1;2
83492568;"23/08/16";"Terça";"14:00:00";"PR";376;"510";"PONTA GROSSA";"Não guardar distância de segurança";"Colisão traseira";"Sem Vítimas";"Pleno dia";"Decrescente";"Ceu Claro";"Dupla";"Reta";"Rural";2;0;0;0;2;0;0;2
83492569;"23/08/16";"Terça";"10:00:00";"SP";116;"146,3";"SAO JOSE DOS CAMPOS";"Falta de atenção";"Atropelamento de pessoa";"Com Vítimas Feridas";"Pleno dia";"Crescente";"Ceu Claro";"Simples";"Reta";"Urbano";2;0;0;1;1;0;1;1
83492571;"23/08/16";"Terça";"10:40:00";"PR";277;"103,6";"CAMPO LARGO";"Não guardar distância de segurança";"Colisão traseira";"Sem Vítimas";"Pleno dia";"Crescente";"Ceu Claro";"Dupla";"Reta";"Urbano";2;0;0;0;2;0;0;2
83492572;"23/08/16";"Terça";"07:50:00";"PR";277;"105,7";"CAMPO LARGO";"Não guardar distância de segurança";"Colisão traseira";"Com Vítimas Feridas";"Pleno dia";"Decrescente";"Nevoeiro/neblina";"Dupla";"Reta";"Urbano";2;0;1;0;1;0;1;2
83492573;"20/08/16";"Sábado";"23:45:00";"AC";317;"199";"XAPURI";"Animais na Pista";"Atropelamento de animal";"Sem Vítimas";"Plena noite";"Decrescente";"Ceu Claro";"Simples";"Reta";"Rural";3;0;0;0;3;0;0;1
83492574;"23/08/16";"Terça";"10:15:00";"BA";101;"355";"WENCESLAU GUIMARAES";"Outras";"Colisão Transversal";"Com Vítimas Feridas";"Pleno dia";"Crescente";"Chuva";"Simples";"Curva";"Urbano";2;0;0;1;1;0;1;2
83492576;"23/08/16";"Terça";"17:00:00";"MG";50;"46,5";"ARAGUARI";"Falta de atenção";"Colisão com objeto fixo";"Sem Vítimas";"Pleno dia";"Crescente";"Ceu Claro";"Dupla";"Curva";"Rural";1;0;0;0;1;0;0;1
83492577;"13/08/16";"Sábado";"11:45:00";"MT";174;"238,1";"PONTES E LACERDA";"Animais na Pista";"Atropelamento de animal";"Com Vítimas Feridas";"Pleno dia";"Crescente";"Sol";"Simples";"Reta";"Rural";3;0;2;0;1;0;2;2
83492578;"23/08/16";"Terça";"12:35:00";"PR";163;"30";"SANTO ANTONIO DO SUDOESTE";"Falta de atenção";"Colisão traseira";"Com Vítimas Feridas";"Pleno dia";"Crescente";"Ceu Claro";"Simples";"Reta";"Rural";4;0;2;0;2;0;2;2
83492579;"19/08/16";"Sexta";"19:30:00";"SC";101;"357";"SANGAO";"Velocidade incompatível";"Saída de Pista";"Com Vítimas Feridas";"Plena noite";"Crescente";"Chuva";"Dupla";"Reta";"Rural";2;0;1;0;1;0;1;1
83492580;"13/08/16";"Sábado";"13:00:00";"GO";40;"10";"VALPARAISO DE GOIAS";"Outras";"Saída de Pista";"Com Vítimas Feridas";"Pleno dia";"Crescente";"Nublado";"Dupla";"Reta";"Urbano";2;0;1;0;1;0;1;1
83492581;"23/08/16";"Terça";"15:35:00";"SC";101;"131";"BALNEARIO CAMBORIU";"Falta de atenção";"Colisão lateral";"Com Vítimas Feridas";"Pleno dia";"Crescente";"Ceu Claro";"Múltipla";"Reta";"Urbano";2;0;1;0;1;0;1;2
83492582;"23/08/16";"Terça";"16:50:00";"RJ";101;"331";"RIO DE JANEIRO";"Outras";"Colisão traseira";"Com Vítimas Feridas";"Pleno dia";"Crescente";"Ceu Claro";"Dupla";"Reta";"Urbano";4;0;1;0;3;0;1;4
83492583;"23/08/16";"Terça";"15:20:00";"PR";376;"182,7";"SARANDI";"Desobediência à sinalização";"Colisão Transversal";"Com Vítimas Feridas";"Pleno dia";"Decrescente";"Ceu Claro";"Dupla";"Reta";"Urbano";2;0;2;0;0;0;2;2
83492584;"23/08/16";"Terça";"13:00:00";"MG";381;"871,5";"POUSO ALEGRE";"Falta de atenção";"Colisão lateral";"Sem Vítimas";"Pleno dia";"Decrescente";"Sol";"Dupla";"Reta";"Rural";2;0;0;0;1;1;0;2
83492585;"13/08/16";"Sábado";"19:45:00";"GO";40;"5";"VALPARAISO DE GOIAS";"Outras";"Colisão com objeto fixo";"Com Vítimas Feridas";"Plena noite";"Crescente";"Nublado";"Dupla";"Reta";"Urbano";1;0;1;0;0;0;1;1
83492586;"30/07/16";"Sábado";"14:00:00";"BA";324;"532";"FEIRA DE SANTANA";"Outras";"Colisão traseira";"Com Vítimas Feridas";"Pleno dia";"Decrescente";"Ignorada";"Dupla";"Reta";"Rural";2;0;1;0;0;1;1;2
83492587;"19/08/16";"Sexta";"22:30:00";"MG";116;"618,2";"ORIZANIA";"Outras";"Colisão frontal";"Com Vítimas Feridas";"Plena noite";"Crescente";"Ceu Claro";"Simples";"Reta";"Rural";3;0;1;1;1;0;2;2
83492588;"23/08/16";"Terça";"07:50:00";"SP";116;"227,6";"GUARULHOS";"Velocidade incompatível";"Queda de motocicleta / bicicleta / veículo";"Com Vítimas Feridas";"Pleno dia";"Crescente";"Ceu Claro";"Múltipla";"Reta";"Urbano";1;0;0;1;0;0;1;1
83492589;"21/08/16";"Domingo";"06:00:00";"ES";262;"163,8";"IBATIBA";"Ingestão de álcool";"Colisão frontal";"Com Vítimas Fatais";"Amanhecer";"Crescente";"Ceu Claro";"Simples";"Curva";"Rural";3;1;1;0;1;0;1;2
83492590;"23/08/16";"Terça";"15:00:00";"RN";226;"228";"FLORANIA";"Falta de atenção";"Colisão lateral";"Com Vítimas Feridas";"Pleno dia";"Crescente";"Ceu Claro";"Simples";"Reta";"Rural";2;0;0;1;1;0;1;2
83492591;"20/08/16";"Sábado";"17:50:00";"BA";324;"517";"FEIRA DE SANTANA";"Falta de atenção";"Colisão traseira";"Sem Vítimas";"Anoitecer";"Decrescente";"Ceu Claro";"Simples";"Reta";"Urbano";2;0;0;0;2;0;0;2
83492592;"23/08/16";"Terça";"14:00:00";"MG";153;"13";"ARAPORA";"Outras";"Capotamento";"Com Vítimas Feridas";"Pleno dia";"Decrescente";"Ceu Claro";"Dupla";"Reta";"Rural";1;0;1;0;0;0;1;1
83492595;"23/08/16";"Terça";"16:45:00";"MG";262;"38,6";"MANHUACU";"Falta de atenção";"Colisão lateral";"Com Vítimas Feridas";"Pleno dia";"Decrescente";"Nublado";"Simples";"Reta";"Urbano";3;0;2;0;0;1;2;2
83492596;"23/08/16";"Terça";"17:00:00";"RS";386;"338,2";"LAJEADO";"Defeito na via";"Tombamento";"Com Vítimas Feridas";"Pleno dia";"Crescente";"Sol";"Simples";"Reta";"Rural";2;0;2;0;0;0;2;1
83492597;"23/08/16";"Terça";"17:15:00";"PE";428;"190,8";"PETROLINA";"Não guardar distância de segurança";"Colisão traseira";"Com Vítimas Feridas";"Pleno dia";"Crescente";"Ceu Claro";"Simples";"Reta";"Urbano";3;0;1;0;2;0;1;3
83492598;"23/08/16";"Terça";"12:10:00";"SP";116;"279";"EMBU";"Falta de atenção";"Colisão lateral";"Sem Vítimas";"Pleno dia";"Crescente";"Ceu Claro";"Dupla";"Reta";"Urbano";2;0;0;0;2;0;0;2
83492599;"23/08/16";"Terça";"17:20:00";"PE";316;"48";"TRINDADE";"Outras";"Incêndio";"Sem Vítimas";"Pleno dia";"Decrescente";"Ceu Claro";"Simples";"Reta";"Rural";1;0;0;0;1;0;0;1
83492600;"23/08/16";"Terça";"15:30:00";"MG";251;"520,9";"MONTES CLAROS";"Não guardar distância de segurança";"Colisão traseira";"Sem Vítimas";"Pleno dia";"Crescente";"Sol";"Simples";"Curva";"Rural";3;0;0;0;3;0;0;2
83492601;"18/08/16";"Quinta";"18:46:00";"SP";116;"218";"GUARULHOS";"Não guardar distância de segurança";"Colisão traseira";"Sem Vítimas";"Plena noite";"Crescente";"Nublado";"Múltipla";"Reta";"Urbano";3;0;0;0;3;0;0;3
83492602;"23/08/16";"Terça";"17:15:00";"CE";20;"432";"EUSEBIO";"Desobediência à sinalização";"Colisão Transversal";"Com Vítimas Feridas";"Plena noite";"Decrescente";"Ceu Claro";"Simples";"Reta";"Urbano";3;0;1;0;2;0;1;2
83492603;"23/08/16";"Terça";"06:30:00";"MG";381;"202,1";"NAQUE";"Velocidade incompatível";"Colisão traseira";"Com Vítimas Feridas";"Amanhecer";"Crescente";"Ceu Claro";"Simples";"Curva";"Urbano";2;0;0;1;1;0;1;2
83492604;"23/08/16";"Terça";"17:28:00";"RS";386;"353,8";"ESTRELA";"Defeito mecânico em veículo";"Colisão frontal";"Com Vítimas Feridas";"Pleno dia";"Crescente";"Ceu Claro";"Simples";"Reta";"Urbano";3;0;3;0;0;0;3;2
83492605;"23/08/16";"Terça";"16:20:00";"PR";277;"331,1";"GUARAPUAVA";"Outras";"Colisão lateral";"Sem Vítimas";"Pleno dia";"Crescente";"Sol";"Simples";"Reta";"Urbano";4;0;0;0;4;0;0;4
83492606;"23/06/16";"Quinta";"14:00:00";"BA";324;"530";"FEIRA DE SANTANA";"Outras";"Tombamento";"Sem Vítimas";"Pleno dia";"Crescente";"Ceu Claro";"Dupla";"Reta";"Rural";1;0;0;0;1;0;0;1
83492607;"23/08/16";"Terça";"09:40:00";"MG";116;"278,4";"TEOFILO OTONI";"Falta de atenção";"Danos Eventuais";"Sem Vítimas";"Pleno dia";"Decrescente";"Nublado";"Simples";"Reta";"Urbano";1;0;0;0;1;0;0;1
83492608;"23/08/16";"Terça";"18:10:00";"ES";101;"146,7";"LINHARES";"Outras";"Colisão Transversal";"Com Vítimas Feridas";"Plena noite";"Decrescente";"Nublado";"Dupla";"Cruzamento";"Urbano";2;0;1;0;1;0;1;2
83492609;"23/08/16";"Terça";"18:20:00";"GO";60;"386,1";"RIO VERDE";"Outras";"Colisão com objeto fixo";"Sem Vítimas";"Anoitecer";"Crescente";"Ceu Claro";"Dupla";"Reta";"Urbano";1;0;0;0;1;0;0;1
83492610;"23/08/16";"Terça";"13:55:00";"TO";153;"161";"ARAGUAINA";"Outras";"Saída de Pista";"Com Vítimas Feridas";"Pleno dia";"Crescente";"Chuva";"Simples";"Reta";"Rural";1;0;0;1;0;0;1;1
83492611;"19/08/16";"Sexta";"20:30:00";"RJ";40;"58";"PETROPOLIS";"Outras";"Atropelamento de pessoa";"Com Vítimas Fatais";"Plena noite";"Decrescente";"Ceu Claro";"Dupla";"Reta";"Rural";2;1;0;0;0;1;0;1
83492612;"23/08/16";"Terça";"15:00:00";"RJ";393;"243";"VASSOURAS";"Velocidade incompatível";"Colisão com objeto fixo";"Com Vítimas Feridas";"Pleno dia";"Crescente";"Ceu Claro";"Simples";"Curva";"Rural";1;0;1;0;0;0;1;1
83492613;"06/07/16";"Quarta";"15:30:00";"RJ";40;"109";"DUQUE DE CAXIAS";"Outras";"Tombamento";"Com Vítimas Feridas";"Pleno dia";"Decrescente";"Ceu Claro";"Múltipla";"Curva";"Urbano";2;0;1;0;1;0;1;2
83492614;"21/08/16";"Domingo";"05:40:00";"GO";364;"302,4";"MINEIROS";"Falta de atenção";"Colisão lateral";"Com Vítimas Feridas";"Amanhecer";"Crescente";"Chuva";"Simples";"Curva";"Rural";2;0;1;0;1;0;1;2
83492615;"23/08/16";"Terça";"18:50:00";"SC";470;"137,5";"RIO DO SUL";"Falta de atenção";"Colisão Transversal";"Sem Vítimas";"Plena noite";"Decrescente";"Ceu Claro";"Simples";"Reta";"Urbano";2;0;0;0;2;0;0;2
83492616;"23/08/16";"Terça";"19:20:00";"RS";386;"244,2";"SOLEDADE";"Animais na Pista";"Atropelamento de animal";"Sem Vítimas";"Plena noite";"Crescente";"Ceu Claro";"Simples";"Reta";"Urbano";1;0;0;0;1;0;0;1
83492617;"23/08/16";"Terça";"14:40:00";"SC";101;"205";"SAO JOSE";"Falta de atenção";"Colisão lateral";"Sem Vítimas";"Pleno dia";"Crescente";"Ceu Claro";"Múltipla";"Reta";"Urbano";2;0;0;0;2;0;0;2
83492618;"23/08/16";"Terça";"18:05:00";"RN";101;"96";"NATAL";"Não guardar distância de segurança";"Colisão traseira";"Sem Vítimas";"Plena noite";"Crescente";"Ceu Claro";"Dupla";"Reta";"Urbano";2;0;0;0;2;0;0;2
83492619;"23/08/16";"Terça";"16:40:00";"SC";101;"148,2";"ITAPEMA";"Falta de atenção";"Colisão lateral";"Com Vítimas Feridas";"Pleno dia";"Decrescente";"Ceu Claro";"Dupla";"Reta";"Urbano";3;0;0;1;2;0;1;2
83492620;"23/08/16";"Terça";"17:10:00";"PE";101;"72";"RECIFE";"Não guardar distância de segurança";"Colisão traseira";"Com Vítimas Feridas";"Anoitecer";"Decrescente";"Nublado";"Dupla";"Reta";"Urbano";2;0;1;0;1;0;1;2
83492621;"15/08/16";"Segunda";"21:30:00";"SP";381;"69,7";"MAIRIPORA";"Falta de atenção";"Capotamento";"Sem Vítimas";"Plena noite";"Decrescente";"Nublado";"Múltipla";"Curva";"Urbano";1;0;0;0;1;0;0;1
83492622;"19/08/16";"Sexta";"19:40:00";"SP";381;"85,4";"SAO PAULO";"Falta de atenção";"Capotamento";"Com Vítimas Feridas";"Plena noite";"Crescente";"Nublado";"Dupla";"Reta";"Urbano";2;0;1;0;1;0;1;2
83492623;"19/08/16";"Sexta";"15:00:00";"RJ";116;"88";"TERESOPOLIS";"Outras";"Colisão com objeto fixo";"Com Vítimas Fatais";"Pleno dia";"Decrescente";"Ceu Claro";"Simples";"Curva";"Urbano";1;1;0;0;0;0;0;1
83492624;"23/08/16";"Terça";"18:30:00";"CE";20;"430";"FORTALEZA";"Animais na Pista";"Atropelamento de animal";"Sem Vítimas";"Plena noite";"Crescente";"Ceu Claro";"Dupla";"Curva";"Urbano";2;0;0;0;2;0;0;1
83492625;"20/08/16";"Sábado";"02:45:00";"MG";40;"787,4";"JUIZ DE FORA";"Velocidade incompatível";"Saída de Pista";"Com Vítimas Fatais";"Plena noite";"Decrescente";"Ceu Claro";"Dupla";"Curva";"Rural";1;1;0;0;0;0;0;1
83492626;"23/08/16";"Terça";"16:45:00";"RJ";40;"48";"PETROPOLIS";"Falta de atenção";"Colisão com objeto fixo";"Sem Vítimas";"Pleno dia";"Decrescente";"Ceu Claro";"Dupla";"Curva";"Rural";2;0;0;0;2;0;0;2
83492627;"22/08/16";"Segunda";"06:15:00";"RS";290;"172,9";"BUTIA";"Velocidade incompatível";"Colisão Transversal";"Com Vítimas Feridas";"Amanhecer";"Decrescente";"Nevoeiro/neblina";"Simples";"Reta";"Rural";3;0;2;0;1;0;2;2
83492628;"23/08/16";"Terça";"07:55:00";"SC";101;"198";"SAO JOSE";"Falta de atenção";"Colisão lateral";"Sem Vítimas";"Pleno dia";"Decrescente";"Sol";"Dupla";"Reta";"Urbano";2;0;0;0;2;0;0;2
83492629;"23/08/16";"Terça";"17:30:00";"SC";470;"193,2";"POUSO REDONDO";"Outras";"Capotamento";"Com Vítimas Feridas";"Pleno dia";"Decrescente";"Ceu Claro";"Simples";"Curva";"Urbano";1;0;1;0;0;0;1;1
83492631;"23/08/16";"Terça";"16:20:00";"PE";101;"45";"IGARASSU";"Não guardar distância de segurança";"Colisão traseira";"Com Vítimas Feridas";"Pleno dia";"Crescente";"Ceu Claro";"Múltipla";"Reta";"Urbano";2;0;1;0;1;0;1;2
83492632;"23/08/16";"Terça";"17:44:00";"SC";101;"134";"BALNEARIO CAMBORIU";"Não guardar distância de segurança";"Colisão traseira";"Com Vítimas Feridas";"Anoitecer";"Decrescente";"Ceu Claro";"Dupla";"Reta";"Urbano";2;0;1;0;1;0;1;2
83492633;"23/08/16";"Terça";"12:00:00";"RS";392;"97,7";"MORRO REDONDO";"Dormindo";"Colisão frontal";"Sem Vítimas";"Pleno dia";"Decrescente";"Sol";"Simples";"Reta";"Urbano";2;0;0;0;2;0;0;2
83492634;"19/08/16";"Sexta";"19:10:00";"RS";287;"328";"SAO VICENTE DO SUL";"Outras";"Saída de Pista";"Sem Vítimas";"Plena noite";"Crescente";"Ceu Claro";"Simples";"Curva";"Rural";1;0;0;0;1;0;0;1
83492635;"23/08/16";"Terça";"18:00:00";"SC";282;"625,2";"IRACEMINHA";"Não guardar distância de segurança";"Colisão traseira";"Sem Vítimas";"Anoitecer";"Crescente";"Ceu Claro";"Simples";"Reta";"Rural";2;0;0;0;2;0;0;2
83492636;"15/08/16";"Segunda";"07:00:00";"SP";381;"90";"SAO PAULO";"Falta de atenção";"Colisão lateral";"Com Vítimas Feridas";"Anoitecer";"Crescente";"Ceu Claro";"Múltipla";"Reta";"Urbano";3;0;1;0;2;0;1;2
83492637;"23/08/16";"Terça";"18:30:00";"MG";262;"801";"UBERABA";"Velocidade incompatível";"Colisão traseira";"Com Vítimas Feridas";"Plena noite";"Decrescente";"Ceu Claro";"Dupla";"Reta";"Urbano";2;0;1;0;1;0;1;2
83492638;"23/08/16";"Terça";"15:40:00";"GO";60;"234";"CEZARINA";"Outras";"Capotamento";"Com Vítimas Feridas";"Pleno dia";"Crescente";"Ceu Claro";"Dupla";"Reta";"Rural";1;0;1;0;0;0;1;1
83492639;"23/08/16";"Terça";"19:00:00";"ES";101;"117";"SOORETAMA";"Outras";"Queda de motocicleta / bicicleta / veículo";"Com Vítimas Feridas";"Plena noite";"Crescente";"Nublado";"Simples";"Reta";"Rural";1;0;0;1;0;0;1;1
83492641;"23/08/16";"Terça";"17:50:00";"PR";153;"32,5";"SANTO ANTONIO DA PLATINA";"Desobediência à sinalização";"Colisão Transversal";"Sem Vítimas";"Pleno dia";"Decrescente";"Ceu Claro";"Simples";"Curva";"Rural";2;0;0;0;2;0;0;2
83492642;"23/08/16";"Terça";"17:30:00";"PR";369;"186";"ARAPONGAS";"Falta de atenção";"Colisão traseira";"Com Vítimas Feridas";"Pleno dia";"Crescente";"Sol";"Simples";"Reta";"Urbano";2;0;1;0;1;0;1;2
83492643;"23/08/16";"Terça";"14:45:00";"SC";101;"204";"SAO JOSE";"Falta de atenção";"Colisão traseira";"Com Vítimas Feridas";"Pleno dia";"Crescente";"Sol";"Múltipla";"Reta";"Urbano";3;0;3;0;0;0;3;2
83492644;"23/08/16";"Terça";"16:30:00";"BA";101;"669,8";"ITAPEBI";"Velocidade incompatível";"Tombamento";"Com Vítimas Fatais";"Pleno dia";"Decrescente";"Chuva";"Simples";"Curva";"Rural";2;1;1;0;0;0;1;1
83492645;"23/08/16";"Terça";"17:00:00";"SC";101;"208,6";"SAO JOSE";"Não guardar distância de segurança";"Colisão traseira";"Sem Vítimas";"Pleno dia";"Decrescente";"Sol";"Dupla";"Reta";"Urbano";3;0;0;0;3;0;0;3