"id";"data_inversa";"dia_semana";"horario";"uf";"br";"km";"municipio";"causa_acidente";"tipo_acidente";"classificacao_acidente";"fase_dia";"sentido_via";"condicao_metereologica";"tipo_pista";"tracado_via";"uso_solo";"pessoas";"mortos";"feridos_leves";"feridos_graves";"ilesos";"ignorados";"feridos";"veiculos"
83492646;"23/08/16";"Terça";"17:05:00";"SC";282;"1";"FLORIANOPOLIS";"Não guardar distância de segurança";"Colisão traseira";"Com Vítimas Feridas";"Pleno dia";"Decrescente";"Sol";"Dupla";"Reta";"Urbano";8;0;1;0;7;0;1;7
83492647;"23/08/16";"Terça";"13:30:00";"AC";364;"205";"SENA MADUREIRA";"Defeito mecânico em veículo";"Saída de Pista";"Com Vítimas Feridas";"Pleno dia";"Crescente";"Sol";"Simples";"Reta";"Rural";2;0;2;0;0;0;2;1
83492648;"19/08/16";"Sexta";"16:25:00";"RJ";116;"200";"SEROPEDICA";"Outras";"Saída de Pista";"Sem Vítimas";"Anoitecer";"Decrescente";"Ceu Claro";"Dupla";"Reta";"Rural";1;0;0;0;1;0;0;1
83492649;"23/08/16";"Terça";"19:00:00";"PB";101;"44";"MAMANGUAPE";"Falta de atenção";"Saída de Pista";"Sem Vítimas";"Plena noite";"Crescente";"Ceu Claro";"Dupla";"Curva";"Rural";1;0;0;0;1;0;0;1
83492650;"23/08/16";"Terça";"19:00:00";"RJ";101;"322";"NITEROI";"Falta de atenção";"Colisão lateral";"Com Vítimas Feridas";"Plena noite";"Crescente";"Ceu Claro";"Múltipla";"Reta";"Urbano";3;0;1;0;2;0;1;2
83492651;"23/08/16";"Terça";"17:30:00";"RO";364;"715";"PORTO VELHO";"Falta de atenção";"Colisão traseira";"Sem Vítimas";"Anoitecer";"Crescente";"Ceu Claro";"Dupla";"Cruzamento";"Urbano";3;0;0;0;3;0;0;2
83492652;"23/08/16";"Terça";"14:30:00";"PA";230;"104";"MARABA";"Não guardar distância de segurança";"Colisão traseira";"Sem Vítimas";"Pleno dia";"Decrescente";"Chuva";"Simples";"Reta";"Rural";4;0;0;0;4;0;0;2
83492653;"23/08/16";"Terça";"07:30:00";"MG";116;"417";"GOVERNADOR VALADARES";"Falta de atenção";"Colisão traseira";"Com Vítimas Feridas";"Amanhecer";"Decrescente";"Nublado";"Simples";"Reta";"Urbano";2;0;1;0;0;1;1;2
83492654;"21/08/16";"Domingo";"04:35:00";"RS";293;"56";"PIRATINI";"Outras";"Saída de Pista";"Com Vítimas Feridas";"Plena noite";"Crescente";"Ceu Claro";"Simples";"Reta";"Rural";4;0;0;3;1;0;3;1
83492655;"23/08/16";"Terça";"14:30:00";"RN";101;"110";"PARNAMIRIM";"Outras";"Colisão lateral";"Com Vítimas Feridas";"Pleno dia";"Crescente";"Ceu Claro";"Dupla";"Reta";"Rural";2;0;0;1;1;0;1;2
83492656;"20/08/16";"Sábado";"14:50:00";"MG";381;"929,3";"ITAPEVA";"Outras";"Capotamento";"Com Vítimas Feridas";"Pleno dia";"Decrescente";"Chuva";"Dupla";"Curva";"Rural";4;0;2;2;0;0;4;1
83492657;"21/08/16";"Domingo";"17:40:00";"ES";101;"330,8";"GUARAPARI";"Falta de atenção";"Atropelamento de pessoa";"Com Vítimas Fatais";"Anoitecer";"Crescente";"Ignorada";"Simples";"Reta";"Rural";4;1;2;1;0;0;3;1
83492658;"23/08/16";"Terça";"19:40:00";"MG";50;"54";"UBERLANDIA";"Outras";"Derramamento de Carga";"Sem Vítimas";"Plena noite";"Crescente";"Ceu Claro";"Dupla";"Curva";"Rural";1;0;0;0;1;0;0;1
83492659;"19/08/16";"Sexta";"17:00:00";"MG";262;"441";"NOVA SERRANA";"Falta de atenção";"Colisão traseira";"Com Vítimas Feridas";"Anoitecer";"Decrescente";"Ceu Claro";"Dupla";"Reta";"Urbano";5;0;3;0;2;0;3;3
83492660;"23/08/16";"Terça";"19:10:00";"SC";280;"7";"SAO FRANCISCO DO SUL";"Outras";"Colisão Transversal";"Sem Vítimas";"Plena noite";"Decrescente";"Ignorada";"Simples";"Reta";"Urbano";2;0;0;0;2;0;0;2
83492661;"23/08/16";"Terça";"18:15:00";"MS";158;"74";"PARANAIBA";"Defeito mecânico em veículo";"Tombamento";"Com Vítimas Feridas";"Anoitecer";"Crescente";"Ceu Claro";"Simples";"Reta";"Rural";1;0;1;0;0;0;1;1
83492662;"23/08/16";"Terça";"17:00:00";"PA";316;"64";"CASTANHAL";"Ingestão de álcool";"Colisão traseira";"Sem Vítimas";"Pleno dia";"Crescente";"Ceu Claro";"Dupla";"Cruzamento";"Urbano";3;0;0;0;3;0;0;3
83492663;"18/08/16";"Quinta";"16:00:00";"AC";364;"125";"RIO BRANCO";"Outras";"Queda de motocicleta / bicicleta / veículo";"Com Vítimas Feridas";"Pleno dia";"Crescente";"Nublado";"Simples";"Cruzamento";"Urbano";3;0;2;0;1;0;2;2
83492664;"23/08/16";"Terça";"08:00:00";"MG";116;"736,1";"LARANJAL";"Falta de atenção";"Colisão com objeto fixo";"Com Vítimas Feridas";"Pleno dia";"Decrescente";"Nublado";"Simples";"Reta";"Urbano";1;0;1;0;0;0;1;1
83492665;"23/08/16";"Terça";"18:20:00";"SP";153;"61,7";"SAO JOSE DO RIO PRETO";"Velocidade incompatível";"Capotamento";"Sem Vítimas";"Anoitecer";"Crescente";"Ceu Claro";"Simples";"Reta";"Urbano";1;0;0;0;1;0;0;1
83492666;"23/08/16";"Terça";"10:30:00";"BA";242;"470";"OLIVEIRA DOS BREJINHOS";"Ultrapassagem indevida";"Colisão frontal";"Com Vítimas Fatais";"Pleno dia";"Crescente";"Sol";"Simples";"Reta";"Rural";5;4;1;0;0;0;1;2
83492667;"23/08/16";"Terça";"18:30:00";"RS";287;"239,6";"SANTA MARIA";"Não guardar distância de segurança";"Colisão traseira";"Com Vítimas Feridas";"Anoitecer";"Crescente";"Ceu Claro";"Simples";"Reta";"Rural";3;0;2;0;1;0;2;3
83492668;"19/06/16";"Domingo";"17:00:00";"SP";116;"564,2";"BARRA DO TURVO";"Velocidade incompatível";"Colisão com objeto fixo";"Com Vítimas Feridas";"Plena noite";"Crescente";"Nublado";"Simples";"Curva";"Rural";2;0;1;0;1;0;1;1
83492669;"23/08/16";"Terça";"20:00:00";"PI";135;"401";"REDENCAO DO GURGUEIA";"Falta de atenção";"Saída de Pista";"Com Vítimas Feridas";"Plena noite";"Decrescente";"Ceu Claro";"Simples";"Reta";"Rural";1;0;1;0;0;0;1;1
83492670;"23/08/16";"Terça";"15:30:00";"GO";153;"673,7";"PANAMA";"Não guardar distância de segurança";"Colisão traseira";"Com Vítimas Feridas";"Pleno dia";"Crescente";"Sol";"Dupla";"Reta";"Rural";2;0;1;0;1;0;1;2
83492671;"19/08/16";"Sexta";"15:40:00";"RJ";465;"13";"SEROPEDICA";"Outras";"Colisão com bicicleta";"Com Vítimas Feridas";"Pleno dia";"Decrescente";"Ceu Claro";"Simples";"Reta";"Urbano";2;0;1;0;1;0;1;2
83492673;"23/08/16";"Terça";"22:30:00";"RJ";116;"169";"SAO JOAO DE MERITI";"Não guardar distância de segurança";"Colisão lateral";"Sem Vítimas";"Plena noite";"Decrescente";"Nublado";"Múltipla";"Reta";"Urbano";3;0;0;0;3;0;0;3
83492674;"20/08/16";"Sábado";"18:10:00";"MT";163;"693";"LUCAS DO RIO VERDE";"Outras";"Derramamento de Carga";"Sem Vítimas";"Plena noite";"Crescente";"Ceu Claro";"Simples";"Reta";"Rural";3;0;0;0;3;0;0;3
83492675;"23/08/16";"Terça";"22:10:00";"SC";480;"126,8";"CHAPECO";"Desobediência à sinalização";"Colisão Transversal";"Com Vítimas Feridas";"Plena noite";"Crescente";"Ceu Claro";"Simples";"Reta";"Urbano";3;0;0;1;2;0;1;2
83492676;"23/08/16";"Terça";"23:20:00";"PE";101;"70";"RECIFE";"Falta de atenção";"Colisão traseira";"Com Vítimas Feridas";"Plena noite";"Decrescente";"Nublado";"Dupla";"Reta";"Urbano";3;0;2;0;1;0;2;2
83492677;"20/08/16";"Sábado";"03:50:00";"SP";116;"211";"GUARULHOS";"Ingestão de álcool";"Colisão lateral";"Sem Vítimas";"Plena noite";"Decrescente";"Ceu Claro";"Múltipla";"Reta";"Urbano";2;0;0;0;2;0;0;2
83492678;"23/08/16";"Terça";"20:40:00";"PR";369;"100,1";"CORNELIO PROCOPIO";"Ingestão de álcool";"Colisão com objeto fixo";"Sem Vítimas";"Plena noite";"Decrescente";"Ceu Claro";"Simples";"Curva";"Rural";2;0;0;0;2;0;0;1
83492679;"23/08/16";"Terça";"13:30:00";"SC";280;"129";"RIO NEGRINHO";"Não guardar distância de segurança";"Colisão traseira";"Com Vítimas Feridas";"Pleno dia";"Crescente";"Ceu Claro";"Simples";"Reta";"Urbano";3;0;2;0;1;0;2;2
83492680;"23/08/16";"Terça";"20:40:00";"MT";163;"110";"RONDONOPOLIS";"Falta de atenção";"Colisão traseira";"Com Vítimas Fatais";"Plena noite";"Crescente";"Ceu Claro";"Dupla";"Reta";"Rural";3;1;0;0;2;0;0;3
83492681;"23/08/16";"Terça";"23:30:00";"PR";272;"547";"TERRA ROXA";"Outras";"Queda de motocicleta / bicicleta / veículo";"Com Vítimas Feridas";"Plena noite";"Decrescente";"Ceu Claro";"Simples";"Reta";"Rural";1;0;1;0;0;0;1;1
83492682;"23/08/16";"Terça";"21:30:00";"MG";381;"488";"BETIM";"Falta de atenção";"Colisão lateral";"Com Vítimas Feridas";"Plena noite";"Decrescente";"Nublado";"Dupla";"Curva";"Urbano";3;0;0;1;1;1;1;2
83492683;"23/08/16";"Terça";"21:50:00";"MS";163;"818";"SONORA";"Dormindo";"Saída de Pista";"Sem Vítimas";"Plena noite";"Crescente";"Ceu Claro";"Dupla";"Reta";"Rural";1;0;0;0;1;0;0;1
83492684;"23/08/16";"Terça";"14:20:00";"PB";101;"120,1";"ALHANDRA";"Falta de atenção";"Colisão lateral";"Sem Vítimas";"Pleno dia";"Decrescente";"Ceu Claro";"Dupla";"Curva";"Rural";2;0;0;0;1;1;0;2
83492685;"23/08/16";"Terça";"18:20:00";"RJ";101;"262";"RIO BONITO";"Outras";"Queda de motocicleta / bicicleta / veículo";"Com Vítimas Fatais";"Plena noite";"Decrescente";"Nublado";"Dupla";"Curva";"Rural";1;1;0;0;0;0;0;1
83492686;"23/08/16";"Terça";"22:30:00";"RR";174;"506";"BOA VISTA";"Falta de atenção";"Colisão lateral";"Com Vítimas Feridas";"Plena noite";"Decrescente";"Ceu Claro";"Dupla";"Cruzamento";"Urbano";3;0;1;0;2;0;1;2
83492687;"23/08/16";"Terça";"15:15:00";"PR";163;"154";"SANTA LUCIA";"Falta de atenção";"Colisão lateral";"Sem Vítimas";"Pleno dia";"Decrescente";"Ceu Claro";"Simples";"Reta";"Rural";2;0;0;0;2;0;0;2
83492688;"19/08/16";"Sexta";"19:05:00";"GO";153;"490,3";"GOIANIA";"Ingestão de álcool";"Colisão traseira";"Sem Vítimas";"Plena noite";"Crescente";"Ceu Claro";"Dupla";"Reta";"Urbano";2;0;0;0;2;0;0;2
83492689;"20/08/16";"Sábado";"09:30:00";"PB";104;"91";"REMIGIO";"Outras";"Saída de Pista";"Com Vítimas Feridas";"Pleno dia";"Crescente";"Nublado";"Simples";"Reta";"Rural";2;0;1;0;1;0;1;1
83492690;"23/08/16";"Terça";"17:00:00";"AL";104;"91,8";"RIO LARGO";"Não guardar distância de segurança";"Colisão traseira";"Com Vítimas Feridas";"Pleno dia";"Crescente";"Nublado";"Dupla";"Reta";"Urbano";2;0;1;0;1;0;1;2
83492691;"23/08/16";"Terça";"21:30:00";"PB";101;"120";"CAAPORA";"Falta de atenção";"Colisão com objeto fixo";"Sem Vítimas";"Plena noite";"Crescente";"Chuva";"Dupla";"Curva";"Rural";1;0;0;0;1;0;0;1
83492692;"23/08/16";"Terça";"08:10:00";"CE";20;"422";"MARACANAU";"Desobediência à sinalização";"Colisão frontal";"Com Vítimas Fatais";"Pleno dia";"Crescente";"Ceu Claro";"Simples";"Reta";"Rural";2;1;0;0;1;0;0;2
83492693;"23/08/16";"Terça";"16:38:00";"PR";476;"176";"CONTENDA";"Velocidade incompatível";"Colisão frontal";"Com Vítimas Fatais";"Pleno dia";"Crescente";"Ceu Claro";"Simples";"Curva";"Rural";3;1;1;1;0;0;2;2
83492694;"23/08/16";"Terça";"18:30:00";"CE";116;"1";"FORTALEZA";"Falta de atenção";"Colisão traseira";"Sem Vítimas";"Plena noite";"Decrescente";"Ceu Claro";"Dupla";"Reta";"Urbano";3;0;0;0;3;0;0;3
83492695;"23/08/16";"Terça";"18:00:00";"PB";230;"464";"SOUSA";"Falta de atenção";"Colisão Transversal";"Com Vítimas Feridas";"Anoitecer";"Decrescente";"Ceu Claro";"Simples";"Cruzamento";"Rural";2;0;2;0;0;0;2;2
83492696;"19/08/16";"Sexta";"19:30:00";"RS";158;"390";"SAO GABRIEL";"Ultrapassagem indevida";"Colisão frontal";"Com Vítimas Feridas";"Plena noite";"Crescente";"Nublado";"Simples";"Reta";"Rural";2;0;1;0;1;0;1;2
83492697;"23/08/16";"Terça";"20:15:00";"PR";376;"525";"PONTA GROSSA";"Falta de atenção";"Colisão traseira";"Sem Vítimas";"Plena noite";"Crescente";"Ceu Claro";"Dupla";"Curva";"Rural";2;0;0;0;2;0;0;2
83492698;"24/08/16";"Quarta";"00:05:00";"MG";381;"784,8";"SAO GONCALO DO SAPUCAI";"Dormindo";"Saída de Pista";"Sem Vítimas";"Plena noite";"Crescente";"Ceu Claro";"Dupla";"Curva";"Rural";1;0;0;0;1;0;0;1
83492699;"08/08/16";"Segunda";"22:00:00";"PB";230;"7,2";"JOAO PESSOA";"Animais na Pista";"Colisão com objeto fixo";"Com Vítimas Feridas";"Plena noite";"Decrescente";"Ceu Claro";"Dupla";"Reta";"Urbano";2;0;0;1;1;0;1;1
83492700;"11/08/16";"Quinta";"17:30:00";"RJ";495;"11";"TERESOPOLIS";"Falta de atenção";"Colisão traseira";"Com Vítimas Feridas";"Anoitecer";"Decrescente";"Ceu Claro";"Dupla";"Reta";"Rural";2;0;1;0;1;0;1;2
83492701;"21/08/16";"Domingo";"06:20:00";"RS";116;"252";"SAPUCAIA DO SUL";"Ingestão de álcool";"Colisão com objeto fixo";"Sem Vítimas";"Plena noite";"Crescente";"Chuva";"Múltipla";"Reta";"Urbano";1;0;0;0;1;0;0;1
83492702;"23/08/16";"Terça";"05:50:00";"RS";116;"320";"BARRA DO RIBEIRO";"Outras";"Colisão frontal";"Sem Vítimas";"Plena noite";"Decrescente";"Ceu Claro";"Simples";"Reta";"Rural";2;0;0;0;2;0;0;2
83492703;"24/08/16";"Quarta";"04:45:00";"MG";381;"852";"POUSO ALEGRE";"Falta de atenção";"Colisão traseira";"Sem Vítimas";"Plena noite";"Crescente";"Nevoeiro/neblina";"Dupla";"Reta";"Rural";2;0;0;0;2;0;0;2
83492704;"24/08/16";"Quarta";"06:00:00";"BA";101;"231";"SAPEACU";"Outras";"Colisão com objeto móvel";"Sem Vítimas";"Amanhecer";"Decrescente";"Nublado";"Simples";"Reta";"Urbano";1;0;0;0;1;0;0;1
83492705;"18/08/16";"Quinta";"07:10:00";"SC";101;"215";"PALHOCA";"Falta de atenção";"Colisão lateral";"Com Vítimas Feridas";"Amanhecer";"Crescente";"Nublado";"Dupla";"Reta";"Urbano";2;0;1;0;1;0;1;2
83492706;"23/08/16";"Terça";"12:00:00";"MG";116;"313";"ITAMBACURI";"Ultrapassagem indevida";"Saída de Pista";"Sem Vítimas";"Pleno dia";"Decrescente";"Ceu Claro";"Simples";"Reta";"Rural";1;0;0;0;1;0;0;1
83492707;"23/08/16";"Terça";"14:00:00";"MG";262;"119";"RIO CASCA";"Ingestão de álcool";"Saída de Pista";"Com Vítimas Feridas";"Pleno dia";"Decrescente";"Nublado";"Simples";"Curva";"Urbano";1;0;1;0;0;0;1;1
83492708;"24/08/16";"Quarta";"01:50:00";"PR";116;"79";"PIRAQUARA";"Dormindo";"Saída de Pista";"Com Vítimas Feridas";"Plena noite";"Decrescente";"Ceu Claro";"Dupla";"Reta";"Rural";1;0;1;0;0;0;1;1
83492709;"23/08/16";"Terça";"14:20:00";"MG";262;"157";"SAO DOMINGOS DO PRATA";"Defeito mecânico em veículo";"Tombamento";"Sem Vítimas";"Pleno dia";"Decrescente";"Nublado";"Simples";"Reta";"Rural";1;0;0;0;1;0;0;1
83492710;"24/08/16";"Quarta";"06:00:00";"MS";267;"211";"NOVA ALVORADA DO SUL";"Animais na Pista";"Atropelamento de animal";"Sem Vítimas";"Amanhecer";"Crescente";"Ceu Claro";"Simples";"Reta";"Rural";1;0;0;0;1;0;0;1
83492711;"21/08/16";"Domingo";"04:05:00";"PR";369;"139,2";"IBIPORA";"Desobediência à sinalização";"Colisão Transversal";"Com Vítimas Feridas";"Plena noite";"Decrescente";"Nublado";"Simples";"Reta";"Urbano";2;0;1;0;1;0;1;2
83492712;"19/08/16";"Sexta";"16:30:00";"RS";290;"141";"ELDORADO DO SUL";"Velocidade incompatível";"Saída de Pista";"Sem Vítimas";"Pleno dia";"Decrescente";"Chuva";"Simples";"Reta";"Rural";4;0;0;0;4;0;0;1
83492713;"21/08/16";"Domingo";"04:15:00";"RS";158;"265,8";"JULIO DE CASTILHOS";"Velocidade incompatível";"Saída de Pista";"Com Vítimas Feridas";"Plena noite";"Decrescente";"Nublado";"Simples";"Reta";"Rural";1;0;0;1;0;0;1;1
83492714;"24/08/16";"Quarta";"00:20:00";"MT";163;"55,8";"ITIQUIRA";"Outras";"Colisão com objeto fixo";"Sem Vítimas";"Plena noite";"Crescente";"Ceu Claro";"Dupla";"Reta";"Rural";1;0;0;0;1;0;0;1
83492715;"23/08/16";"Terça";"23:40:00";"SP";116;"307";"SAO LOURENCO DA SERRA";"Falta de atenção";"Colisão traseira";"Com Vítimas Fatais";"Plena noite";"Crescente";"Nublado";"Dupla";"Reta";"Rural";3;1;1;0;1;0;1;3
83492717;"20/08/16";"Sábado";"16:50:00";"SC";282;"45,4";"AGUAS MORNAS";"Falta de atenção";"Colisão Transversal";"Com Vítimas Feridas";"Pleno dia";"Decrescente";"Chuva";"Simples";"Curva";"Rural";2;0;1;0;1;0;1;2
83492718;"20/08/16";"Sábado";"17:40:00";"BA";101;"779,8";"ITAMARAJU";"Dormindo";"Saída de Pista";"Com Vítimas Feridas";"Anoitecer";"Crescente";"Ceu Claro";"Simples";"Reta";"Rural";5;0;3;0;2;0;3;1
83492719;"20/08/16";"Sábado";"21:00:00";"RS";293;"12,5";"CAPAO DO LEAO";"Outras";"Atropelamento de pessoa";"Com Vítimas Fatais";"Plena noite";"Decrescente";"Chuva";"Simples";"Reta";"Urbano";2;1;0;0;0;1;0;1
83492720;"24/08/16";"Quarta";"01:00:00";"PR";476;"263";"SAO MATEUS DO SUL";"Outras";"Colisão frontal";"Sem Vítimas";"Plena noite";"Decrescente";"Ceu Claro";"Simples";"Reta";"Urbano";2;0;0;0;1;1;0;2
83492721;"24/08/16";"Quarta";"04:00:00";"CE";222;"205";"FORQUILHA";"Velocidade incompatível";"Tombamento";"Sem Vítimas";"Plena noite";"Decrescente";"Ceu Claro";"Simples";"Reta";"Rural";1;0;0;0;1;0;0;1
83492722;"21/08/16";"Domingo";"05:00:00";"RS";448;"22";"PORTO ALEGRE";"Ingestão de álcool";"Colisão com objeto fixo";"Sem Vítimas";"Plena noite";"Decrescente";"Nublado";"Simples";"Curva";"Urbano";1;0;0;0;1;0;0;1
83492723;"20/08/16";"Sábado";"23:05:00";"MG";116;"702,6";"MURIAE";"Falta de atenção";"Colisão lateral";"Com Vítimas Feridas";"Plena noite";"Decrescente";"Nublado";"Simples";"Cruzamento";"Urbano";3;0;2;0;1;0;2;2
83492724;"24/08/16";"Quarta";"03:15:00";"PR";163;"158";"SANTA LUCIA";"Falta de atenção";"Tombamento";"Sem Vítimas";"Plena noite";"Decrescente";"Ceu Claro";"Simples";"Reta";"Rural";1;0;0;0;1;0;0;1
83492725;"07/08/16";"Domingo";"20:10:00";"PR";369;"202,1";"APUCARANA";"Desobediência à sinalização";"Colisão Transversal";"Com Vítimas Feridas";"Plena noite";"Decrescente";"Nublado";"Simples";"Cruzamento";"Urbano";3;0;0;2;1;0;2;2
83492726;"24/08/16";"Quarta";"07:00:00";"BA";324;"516";"FEIRA DE SANTANA";"Outras";"Colisão frontal";"Com Vítimas Feridas";"Pleno dia";"Decrescente";"Ceu Claro";"Simples";"Reta";"Urbano";2;0;1;0;1;0;1;2
83492727;"20/08/16";"Sábado";"15:45:00";"MG";267;"18,4";"LEOPOLDINA";"Falta de atenção";"Colisão Transversal";"Com Vítimas Feridas";"Pleno dia";"Crescente";"Ceu Claro";"Simples";"Reta";"Rural";3;0;0;3;0;0;3;2
83492728;"20/08/16";"Sábado";"21:00:00";"BA";324;"516";"FEIRA DE SANTANA";"Falta de atenção";"Colisão Transversal";"Com Vítimas Feridas";"Plena noite";"Decrescente";"Ceu Claro";"Simples";"Reta";"Urbano";2;0;0;1;1;0;1;2
83492729;"21/08/16";"Domingo";"04:45:00";"PA";230;"637";"ALTAMIRA";"Defeito mecânico em veículo";"Incêndio";"Sem Vítimas";"Plena noite";"Decrescente";"Ceu Claro";"Simples";"Reta";"Urbano";1;0;0;0;1;0;0;1
83492730;"20/08/16";"Sábado";"20:00:00";"PR";376;"234,5";"APUCARANA";"Velocidade incompatível";"Saída de Pista";"Sem Vítimas";"Plena noite";"Decrescente";"Chuva";"Simples";"Reta";"Rural";1;0;0;0;1;0;0;1
83492731;"20/08/16";"Sábado";"19:10:00";"RN";101;"59";"CEARA-MIRIM";"Outras";"Colisão Transversal";"Com Vítimas Feridas";"Plena noite";"Decrescente";"Ceu Claro";"Simples";"Reta";"Rural";5;0;4;0;0;1;4;2
83492732;"24/08/16";"Quarta";"06:45:00";"AL";101;"116";"PILAR";"Falta de atenção";"Derramamento de Carga";"Sem Vítimas";"Amanhecer";"Decrescente";"Nublado";"Simples";"Curva";"Rural";1;0;0;0;1;0;0;1
83492733;"20/08/16";"Sábado";"23:30:00";"MG";251;"416,5";"GRAO MOGOL";"Dormindo";"Saída de Pista";"Com Vítimas Feridas";"Plena noite";"Decrescente";"Ceu Claro";"Simples";"Reta";"Rural";1;0;0;1;0;0;1;1
83492734;"21/08/16";"Domingo";"00:20:00";"GO";40;"11,6";"LUZIANIA";"Outras";"Colisão traseira";"Com Vítimas Feridas";"Plena noite";"Crescente";"Ceu Claro";"Dupla";"Reta";"Urbano";2;0;1;0;1;0;1;2
83492735;"20/08/16";"Sábado";"09:20:00";"MG";381;"934";"EXTREMA";"Velocidade incompatível";"Saída de Pista";"Sem Vítimas";"Pleno dia";"Decrescente";"Chuva";"Dupla";"Curva";"Rural";1;0;0;0;1;0;0;1
83492736;"21/08/16";"Domingo";"22:30:00";"RJ";495;"4";"TERESOPOLIS";"Defeito mecânico em veículo";"Saída de Pista";"Sem Vítimas";"Plena noite";"Crescente";"Nublado";"Simples";"Curva";"Rural";2;0;0;0;2;0;0;1
83492737;"20/08/16";"Sábado";"07:50:00";"MG";116;"538,2";"SANTA RITA DE MINAS";"Ingestão de álcool";"Colisão Transversal";"Com Vítimas Feridas";"Pleno dia";"Decrescente";"Ceu Claro";"Simples";"Reta";"Urbano";2;0;1;1;0;0;2;2
83492738;"20/08/16";"Sábado";"07:30:00";"GO";153;"512";"APARECIDA DE GOIANIA";"Falta de atenção";"Colisão traseira";"Com Vítimas Feridas";"Pleno dia";"Decrescente";"Sol";"Dupla";"Reta";"Urbano";3;0;3;0;0;0;3;2
83492739;"24/08/16";"Quarta";"07:20:00";"PE";104;"65,5";"CARUARU";"Falta de atenção";"Colisão Transversal";"Com Vítimas Feridas";"Pleno dia";"Crescente";"Sol";"Dupla";"Cruzamento";"Urbano";2;0;1;0;0;1;1;2
83492740;"21/08/16";"Domingo";"01:30:00";"DF";40;"5,3";"BRASILIA";"Desobediência à sinalização";"Colisão Transversal";"Com Vítimas Feridas";"Plena noite";"Crescente";"Ceu Claro";"Dupla";"Reta";"Urbano";3;0;2;0;0;1;2;2
83492741;"16/08/16";"Terça";"20:50:00";"SC";470;"143";"RIO DO SUL";"Falta de atenção";"Colisão lateral";"Com Vítimas Feridas";"Plena noite";"Crescente";"Nublado";"Simples";"Reta";"Urbano";2;0;1;0;1;0;1;2
83492742;"24/08/16";"Quarta";"08:20:00";"SP";116;"270";"TABOAO DA SERRA";"Outras";"Danos Eventuais";"Ignorado";"Pleno dia";"Decrescente";"Ceu Claro";"Dupla";"Reta";"Urbano";1;0;0;0;0;1;0;1
83492743;"18/08/16";"Quinta";"18:30:00";"CE";116;"473";"MILAGRES";"Falta de atenção";"Colisão lateral";"Sem Vítimas";"Plena noite";"Crescente";"Ceu Claro";"Simples";"Reta";"Rural";2;0;0;0;1;1;0;2
83492744;"20/08/16";"Sábado";"14:40:00";"ES";101;"146,7";"LINHARES";"Falta de atenção";"Colisão Transversal";"Com Vítimas Feridas";"Pleno dia";"Decrescente";"Nublado";"Múltipla";"Cruzamento";"Urbano";3;0;2;0;1;0;2;2
83492745;"24/08/16";"Quarta";"06:50:00";"MS";163;"435";"CAMPO GRANDE";"Outras";"Saída de Pista";"Sem Vítimas";"Pleno dia";"Crescente";"Ceu Claro";"Simples";"Reta";"Rural";5;0;0;0;5;0;0;1
83492746;"20/08/16";"Sábado";"23:05:00";"PR";116;"18";"ANTONINA";"Outras";"Tombamento";"Sem Vítimas";"Plena noite";"Decrescente";"Chuva";"Dupla";"Curva";"Rural";1;0;0;0;1;0;0;1
83492748;"21/08/16";"Domingo";"00:45:00";"MT";364;"168,7";"PEDRA PRETA";"Outras";"Saída de Pista";"Com Vítimas Feridas";"Plena noite";"Decrescente";"Chuva";"Simples";"Reta";"Rural";2;0;1;0;1;0;1;1
83492749;"24/08/16";"Quarta";"08:20:00";"RJ";101;"521";"ANGRA DOS REIS";"Outras";"Colisão frontal";"Com Vítimas Feridas";"Pleno dia";"Decrescente";"Ceu Claro";"Simples";"Reta";"Rural";2;0;0;1;1;0;1;2
83492750;"20/08/16";"Sábado";"11:00:00";"MG";381;"929,3";"ITAPEVA";"Outras";"Capotamento";"Sem Vítimas";"Pleno dia";"Decrescente";"Chuva";"Dupla";"Curva";"Rural";1;0;0;0;1;0;0;1
83492751;"20/08/16";"Sábado";"12:00:00";"SP";116;"339";"JUQUITIBA";"Velocidade incompatível";"Saída de Pista";"Sem Vítimas";"Pleno dia";"Decrescente";"Chuva";"Múltipla";"Curva";"Rural";3;0;0;0;3;0;0;1
83492752;"16/08/16";"Terça";"21:00:00";"SP";116;"347";"MIRACATU";"Velocidade incompatível";"Tombamento";"Sem Vítimas";"Plena noite";"Crescente";"Nublado";"Dupla";"Reta";"Urbano";1;0;0;0;1;0;0;1
83492755;"20/08/16";"Sábado";"22:20:00";"PR";153;"51,3";"SANTO ANTONIO DA PLATINA";"Desobediência à sinalização";"Colisão traseira";"Sem Vítimas";"Plena noite";"Decrescente";"Chuva";"Simples";"Reta";"Rural";4;0;0;0;3;1;0;4
83492756;"20/08/16";"Sábado";"18:00:00";"SP";116;"119";"TAUBATE";"Outras";"Saída de Pista";"Com Vítimas Feridas";"Anoitecer";"Decrescente";"Nublado";"Dupla";"Reta";"Urbano";1;0;1;0;0;0;1;1
83492757;"24/08/16";"Quarta";"07:30:00";"DF";20;"10";"BRASILIA";"Ingestão de álcool";"Colisão traseira";"Com Vítimas Feridas";"Pleno dia";"Decrescente";"Ceu Claro";"Dupla";"Reta";"Urbano";3;0;2;1;0;0;3;3