"id";"data_inversa";"dia_semana";"horario";"uf";"br";"km";"municipio";"causa_acidente";"tipo_acidente";"classificacao_acidente";"fase_dia";"sentido_via";"condicao_metereologica";"tipo_pista";"tracado_via";"uso_solo";"pessoas";"mortos";"feridos_leves";"feridos_graves";"ilesos";"ignorados";"feridos";"veiculos"
83492868;"24/08/16";"Quarta";"18:50:00";"SC";101;"25";"JOINVILLE";"Outras";"Queda de motocicleta / bicicleta / veículo";"Com Vítimas Feridas";"Plena noite";"Crescente";"Ceu Claro";"Simples";"Cruzamento";"Urbano";2;0;1;0;1;0;1;1
83492869;"24/08/16";"Quarta";"14:45:00";"RN";405;"18,6";"MOSSORO";"Outras";"Saída de Pista";"Com Vítimas Feridas";"Pleno dia";"Decrescente";"Sol";"Simples";"Reta";"Rural";1;0;1;0;0;0;1;1
83492871;"24/08/16";"Quarta";"17:40:00";"MT";70;"281,3";"PRIMAVERA DO LESTE";"Falta de atenção";"Colisão lateral";"Sem Vítimas";"Pleno dia";"Crescente";"Ceu Claro";"Dupla";"Reta";"Urbano";2;0;0;0;2;0;0;2
83492872;"20/08/16";"Sábado";"15:20:00";"RS";470;"214,8";"BENTO GONCALVES";"Ultrapassagem indevida";"Colisão frontal";"Com Vítimas Fatais";"Pleno dia";"Decrescente";"Chuva";"Simples";"Curva";"Urbano";2;1;0;0;1;0;0;2
83492873;"21/08/16";"Domingo";"15:55:00";"MG";381;"711,1";"CARMO DA CACHOEIRA";"Velocidade incompatível";"Colisão com objeto fixo";"Sem Vítimas";"Pleno dia";"Decrescente";"Chuva";"Dupla";"Curva";"Rural";1;0;0;0;1;0;0;1
83492874;"24/08/16";"Quarta";"07:30:00";"SE";235;"27,2";"AREIA BRANCA";"Dormindo";"Colisão lateral";"Com Vítimas Feridas";"Pleno dia";"Decrescente";"Sol";"Simples";"Curva";"Rural";3;0;1;0;2;0;1;3
83492875;"24/08/16";"Quarta";"16:05:00";"PE";423;"66";"LAJEDO";"Falta de atenção";"Capotamento";"Sem Vítimas";"Anoitecer";"Decrescente";"Ceu Claro";"Simples";"Reta";"Rural";2;0;0;0;1;1;0;2
83492876;"24/08/16";"Quarta";"08:00:00";"RS";392;"6,7";"RIO GRANDE";"Não guardar distância de segurança";"Colisão traseira";"Com Vítimas Feridas";"Pleno dia";"Decrescente";"Ceu Claro";"Simples";"Reta";"Urbano";2;0;1;0;1;0;1;2
83492877;"24/08/16";"Quarta";"15:45:00";"GO";40;"149";"CRISTALINA";"Outras";"Saída de Pista";"Sem Vítimas";"Pleno dia";"Decrescente";"Ceu Claro";"Simples";"Reta";"Rural";1;0;0;0;1;0;0;1
83492878;"16/08/16";"Terça";"21:00:00";"SC";282;"211";"LAGES";"Ingestão de álcool";"Saída de Pista";"Sem Vítimas";"Plena noite";"Decrescente";"Ceu Claro";"Simples";"Reta";"Rural";1;0;0;0;1;0;0;1
83492880;"24/08/16";"Quarta";"18:30:00";"RJ";393;"176";"TRES RIOS";"Outras";"Colisão com objeto fixo";"Sem Vítimas";"Plena noite";"Decrescente";"Ceu Claro";"Simples";"Curva";"Rural";1;0;0;0;1;0;0;1
83492881;"24/08/16";"Quarta";"16:30:00";"PR";376;"589";"CURITIBA";"Falta de atenção";"Colisão traseira";"Com Vítimas Feridas";"Pleno dia";"Crescente";"Sol";"Dupla";"Reta";"Rural";2;0;0;1;1;0;1;2
83492882;"24/08/16";"Quarta";"18:20:00";"PI";135;"351";"BOM JESUS";"Outras";"Colisão lateral";"Com Vítimas Feridas";"Anoitecer";"Decrescente";"Ceu Claro";"Simples";"Reta";"Rural";3;0;1;0;2;0;1;3
83492883;"24/08/16";"Quarta";"17:00:00";"SP";116;"444,9";"REGISTRO";"Desobediência à sinalização";"Colisão com bicicleta";"Com Vítimas Feridas";"Pleno dia";"Decrescente";"Ceu Claro";"Dupla";"Reta";"Urbano";2;0;1;0;1;0;1;2
83492884;"21/08/16";"Domingo";"07:10:00";"MG";381;"686,6";"LAVRAS";"Outras";"Saída de Pista";"Sem Vítimas";"Pleno dia";"Crescente";"Chuva";"Dupla";"Curva";"Rural";1;0;0;0;1;0;0;1
83492885;"24/08/16";"Quarta";"09:30:00";"AL";101;"212,1";"SAO SEBASTIAO";"Outras";"Saída de Pista";"Sem Vítimas";"Pleno dia";"Decrescente";"Chuva";"Dupla";"Reta";"Rural";1;0;0;0;1;0;0;1
83492886;"02/03/16";"Quarta";"08:00:00";"MG";50;"69";"UBERLANDIA";"Outras";"Colisão traseira";"Com Vítimas Feridas";"Pleno dia";"Decrescente";"Ceu Claro";"Dupla";"Reta";"Urbano";2;0;1;0;0;1;1;2
83492887;"24/08/16";"Quarta";"18:40:00";"PE";101;"40";"IGARASSU";"Outras";"Atropelamento de pessoa";"Com Vítimas Feridas";"Pleno dia";"Crescente";"Ceu Claro";"Dupla";"Reta";"Urbano";4;0;2;0;2;0;2;1
83492888;"24/08/16";"Quarta";"18:00:00";"SC";101;"209,8";"SAO JOSE";"Falta de atenção";"Colisão lateral";"Com Vítimas Feridas";"Plena noite";"Decrescente";"Ceu Claro";"Dupla";"Reta";"Urbano";2;0;1;0;1;0;1;2
83492890;"24/08/16";"Quarta";"18:00:00";"RJ";40;"123";"DUQUE DE CAXIAS";"Outras";"Queda de motocicleta / bicicleta / veículo";"Com Vítimas Feridas";"Anoitecer";"Crescente";"Ceu Claro";"Múltipla";"Reta";"Urbano";1;0;1;0;0;0;1;1
83492891;"24/08/16";"Quarta";"19:00:00";"PR";277;"725,5";"FOZ DO IGUACU";"Não guardar distância de segurança";"Colisão traseira";"Com Vítimas Feridas";"Anoitecer";"Crescente";"Ceu Claro";"Dupla";"Reta";"Urbano";3;0;3;0;0;0;3;2
83492892;"24/08/16";"Quarta";"18:45:00";"MG";381;"497,8";"BETIM";"Outras";"Colisão com objeto fixo";"Com Vítimas Feridas";"Plena noite";"Crescente";"Ceu Claro";"Dupla";"Reta";"Urbano";3;0;2;0;1;0;2;3
83492893;"24/08/16";"Quarta";"14:00:00";"RS";285;"331,9";"CARAZINHO";"Ingestão de álcool";"Saída de Pista";"Com Vítimas Feridas";"Pleno dia";"Decrescente";"Sol";"Simples";"Curva";"Rural";1;0;1;0;0;0;1;1
83492894;"24/08/16";"Quarta";"19:10:00";"PR";153;"458";"PORTO VITORIA";"Falta de atenção";"Colisão Transversal";"Sem Vítimas";"Plena noite";"Crescente";"Nublado";"Simples";"Reta";"Urbano";2;0;0;0;2;0;0;2
83492895;"22/08/16";"Segunda";"09:00:00";"SP";116;"224";"GUARULHOS";"Não guardar distância de segurança";"Colisão traseira";"Sem Vítimas";"Pleno dia";"Crescente";"Nublado";"Múltipla";"Reta";"Urbano";2;0;0;0;2;0;0;2
83492896;"24/08/16";"Quarta";"19:00:00";"GO";153;"499";"GOIANIA";"Outras";"Queda de motocicleta / bicicleta / veículo";"Com Vítimas Feridas";"Plena noite";"Decrescente";"Ceu Claro";"Múltipla";"Reta";"Urbano";2;0;2;0;0;0;2;1
83492898;"24/08/16";"Quarta";"14:30:00";"MA";316;"23,2";"JUNCO DO MARANHAO";"Outras";"Colisão lateral";"Com Vítimas Feridas";"Pleno dia";"Decrescente";"Ceu Claro";"Simples";"Reta";"Urbano";2;0;0;1;1;0;1;2
83492899;"24/08/16";"Quarta";"17:35:00";"AL";316;"83,3";"SANTANA DO IPANEMA";"Falta de atenção";"Colisão Transversal";"Com Vítimas Feridas";"Anoitecer";"Crescente";"Ceu Claro";"Dupla";"Cruzamento";"Urbano";3;0;1;0;2;0;1;2
83492900;"24/08/16";"Quarta";"16:45:00";"MS";60;"598,3";"JARDIM";"Falta de atenção";"Colisão traseira";"Com Vítimas Feridas";"Pleno dia";"Crescente";"Ceu Claro";"Simples";"Curva";"Urbano";2;0;1;0;1;0;1;2
83492901;"24/08/16";"Quarta";"18:25:00";"GO";414;"439";"ANAPOLIS";"Outras";"Colisão Transversal";"Com Vítimas Feridas";"Anoitecer";"Decrescente";"Ceu Claro";"Simples";"Reta";"Urbano";3;0;2;0;1;0;2;2
83492902;"21/08/16";"Domingo";"02:30:00";"PA";316;"4";"ANANINDEUA";"Ingestão de álcool";"Colisão lateral";"Sem Vítimas";"Plena noite";"Crescente";"Ignorada";"Simples";"Curva";"Urbano";2;0;0;0;2;0;0;2
83492903;"24/08/16";"Quarta";"20:45:00";"MG";50;"166,5";"UBERABA";"Falta de atenção";"Colisão com objeto fixo";"Sem Vítimas";"Anoitecer";"Decrescente";"Ceu Claro";"Dupla";"Reta";"Rural";1;0;0;0;1;0;0;1
83492904;"24/08/16";"Quarta";"19:50:00";"GO";60;"137";"GOIANIA";"Ingestão de álcool";"Queda de motocicleta / bicicleta / veículo";"Com Vítimas Feridas";"Plena noite";"Crescente";"Ceu Claro";"Simples";"Reta";"Urbano";1;0;1;0;0;0;1;1
83492905;"24/08/16";"Quarta";"09:40:00";"MG";40;"165";"JOAO PINHEIRO";"Dormindo";"Tombamento";"Com Vítimas Feridas";"Pleno dia";"Decrescente";"Sol";"Dupla";"Reta";"Rural";2;0;1;1;0;0;2;1
83492906;"15/08/16";"Segunda";"18:47:00";"RJ";101;"61";"CAMPOS DOS GOYTACAZES";"Falta de atenção";"Colisão traseira";"Sem Vítimas";"Plena noite";"Decrescente";"Ceu Claro";"Simples";"Reta";"Urbano";2;0;0;0;2;0;0;2
83492907;"24/08/16";"Quarta";"18:10:00";"BA";324;"1";"SALVADOR";"Não guardar distância de segurança";"Colisão traseira";"Com Vítimas Feridas";"Anoitecer";"Decrescente";"Chuva";"Múltipla";"Curva";"Urbano";3;0;1;0;2;0;1;2
83492908;"24/08/16";"Quarta";"19:40:00";"PR";376;"282";"MARILANDIA DO SUL";"Desobediência à sinalização";"Colisão lateral";"Sem Vítimas";"Plena noite";"Crescente";"Ceu Claro";"Simples";"Reta";"Rural";3;0;0;0;3;0;0;3
83492909;"24/08/16";"Quarta";"16:40:00";"MT";163;"667,3";"LUCAS DO RIO VERDE";"Não guardar distância de segurança";"Colisão lateral";"Com Vítimas Feridas";"Pleno dia";"Crescente";"Sol";"Simples";"Reta";"Rural";2;0;1;0;0;1;1;2
83492910;"16/08/16";"Terça";"10:00:00";"SC";282;"4,6";"SAO JOSE";"Falta de atenção";"Colisão traseira";"Com Vítimas Feridas";"Pleno dia";"Crescente";"Ceu Claro";"Múltipla";"Reta";"Urbano";2;0;1;0;1;0;1;2
83492911;"24/08/16";"Quarta";"20:00:00";"PR";277;"618,6";"CEU AZUL";"Ultrapassagem indevida";"Colisão frontal";"Com Vítimas Feridas";"Plena noite";"Decrescente";"Ceu Claro";"Simples";"Reta";"Rural";4;0;2;0;2;0;2;2
83492912;"24/08/16";"Quarta";"17:30:00";"RJ";356;"20";"ITAPERUNA";"Animais na Pista";"Queda de motocicleta / bicicleta / veículo";"Com Vítimas Feridas";"Anoitecer";"Decrescente";"Ceu Claro";"Simples";"Reta";"Rural";1;0;0;1;0;0;1;1
83492913;"24/08/16";"Quarta";"20:30:00";"PE";101;"70,5";"RECIFE";"Animais na Pista";"Colisão traseira";"Sem Vítimas";"Plena noite";"Decrescente";"Ceu Claro";"Simples";"Curva";"Urbano";2;0;0;0;2;0;0;2
83492914;"24/08/16";"Quarta";"18:50:00";"SC";282;"385";"JOACABA";"Falta de atenção";"Colisão Transversal";"Com Vítimas Feridas";"Plena noite";"Crescente";"Ceu Claro";"Simples";"Curva";"Urbano";2;0;1;0;0;1;1;2
83492915;"24/08/16";"Quarta";"19:10:00";"SC";101;"332,6";"TUBARAO";"Falta de atenção";"Saída de Pista";"Sem Vítimas";"Plena noite";"Crescente";"Ceu Claro";"Dupla";"Reta";"Urbano";1;0;0;0;1;0;0;1
83492916;"24/08/16";"Quarta";"15:00:00";"MS";158;"3";"CASSILANDIA";"Falta de atenção";"Colisão Transversal";"Com Vítimas Feridas";"Pleno dia";"Crescente";"Ceu Claro";"Simples";"Reta";"Urbano";2;0;1;0;1;0;1;2
83492917;"24/08/16";"Quarta";"18:30:00";"SC";282;"384,3";"JOACABA";"Falta de atenção";"Colisão lateral";"Sem Vítimas";"Anoitecer";"Decrescente";"Ceu Claro";"Simples";"Cruzamento";"Urbano";2;0;0;0;2;0;0;2
83492918;"24/08/16";"Quarta";"12:45:00";"PB";230;"8,5";"CABEDELO";"Velocidade incompatível";"Colisão lateral";"Com Vítimas Feridas";"Pleno dia";"Decrescente";"Sol";"Dupla";"Reta";"Urbano";3;0;2;0;1;0;2;2
83492919;"24/08/16";"Quarta";"19:00:00";"PI";343;"30,4";"PARNAIBA";"Outras";"Saída de Pista";"Com Vítimas Feridas";"Plena noite";"Crescente";"Ignorada";"Simples";"Reta";"Rural";2;0;0;1;1;0;1;1
83492920;"24/08/16";"Quarta";"17:40:00";"PR";376;"175";"MARINGA";"Não guardar distância de segurança";"Colisão traseira";"Sem Vítimas";"Anoitecer";"Crescente";"Ceu Claro";"Dupla";"Reta";"Urbano";6;0;0;0;6;0;0;2
83492921;"24/08/16";"Quarta";"18:40:00";"MG";40;"449,9";"CAETANOPOLIS";"Animais na Pista";"Atropelamento de animal";"Com Vítimas Feridas";"Plena noite";"Crescente";"Ceu Claro";"Dupla";"Reta";"Rural";3;0;3;0;0;0;3;1
83492922;"24/08/16";"Quarta";"20:10:00";"CE";116;"63,8";"CHOROZINHO";"Outras";"Saída de Pista";"Sem Vítimas";"Plena noite";"Decrescente";"Ceu Claro";"Dupla";"Reta";"Rural";2;0;0;0;2;0;0;1
83492923;"20/08/16";"Sábado";"17:00:00";"RJ";40;"85";"PETROPOLIS";"Outras";"Saída de Pista";"Com Vítimas Feridas";"Anoitecer";"Crescente";"Nublado";"Simples";"Curva";"Urbano";2;0;2;0;0;0;2;1
83492924;"24/08/16";"Quarta";"12:00:00";"TO";153;"454";"BARROLANDIA";"Falta de atenção";"Colisão frontal";"Com Vítimas Fatais";"Pleno dia";"Decrescente";"Ceu Claro";"Simples";"Reta";"Rural";3;2;0;0;1;0;0;2
83492925;"24/08/16";"Quarta";"12:00:00";"RJ";101;"121";"CAMPOS DOS GOYTACAZES";"Desobediência à sinalização";"Colisão Transversal";"Sem Vítimas";"Pleno dia";"Crescente";"Nublado";"Simples";"Reta";"Rural";2;0;0;0;2;0;0;2
83492926;"24/08/16";"Quarta";"13:00:00";"ES";262;"101,6";"VENDA NOVA DO IMIGRANTE";"Velocidade incompatível";"Saída de Pista";"Com Vítimas Feridas";"Pleno dia";"Crescente";"Sol";"Simples";"Curva";"Rural";1;0;0;1;0;0;1;1
83492927;"25/08/16";"Quinta";"03:30:00";"RJ";393;"171,5";"TRES RIOS";"Ingestão de álcool";"Capotamento";"Com Vítimas Feridas";"Plena noite";"Crescente";"Nublado";"Simples";"Curva";"Urbano";1;0;1;0;0;0;1;1
83492928;"21/08/16";"Domingo";"10:00:00";"PI";135;"258";"ALVORADA DO GURGUEIA";"Defeito na via";"Saída de Pista";"Sem Vítimas";"Pleno dia";"Crescente";"Ceu Claro";"Simples";"Reta";"Rural";1;0;0;0;1;0;0;1
83492929;"25/08/16";"Quinta";"06:30:00";"PE";101;"50";"ABREU E LIMA";"Defeito mecânico em veículo";"Colisão traseira";"Sem Vítimas";"Pleno dia";"Crescente";"Ceu Claro";"Dupla";"Reta";"Urbano";3;0;0;0;3;0;0;3
83492930;"21/08/16";"Domingo";"13:00:00";"RS";392;"125";"CANGUCU";"Falta de atenção";"Colisão Transversal";"Com Vítimas Feridas";"Pleno dia";"Crescente";"Ceu Claro";"Simples";"Reta";"Urbano";3;0;1;1;1;0;2;2
83492931;"21/08/16";"Domingo";"17:40:00";"CE";222;"13,8";"CAUCAIA";"Falta de atenção";"Colisão Transversal";"Sem Vítimas";"Anoitecer";"Decrescente";"Ceu Claro";"Simples";"Reta";"Urbano";2;0;0;0;1;1;0;2
83492932;"25/08/16";"Quinta";"05:00:00";"RS";386;"259,9";"FONTOURA XAVIER";"Defeito mecânico em veículo";"Saída de Pista";"Sem Vítimas";"Pleno dia";"Decrescente";"Ceu Claro";"Simples";"Reta";"Rural";1;0;0;0;1;0;0;1
83492933;"25/08/16";"Quinta";"02:15:00";"PR";369;"51,9";"BANDEIRANTES";"Defeito mecânico em veículo";"Saída de Pista";"Sem Vítimas";"Plena noite";"Crescente";"Ceu Claro";"Simples";"Reta";"Rural";1;0;0;0;1;0;0;1
83492934;"23/08/16";"Terça";"15:10:00";"SP";116;"205";"GUARULHOS";"Outras";"Colisão lateral";"Com Vítimas Feridas";"Pleno dia";"Decrescente";"Nublado";"Dupla";"Reta";"Urbano";5;0;3;2;0;0;5;2
83492935;"21/08/16";"Domingo";"19:00:00";"BA";101;"103";"ALAGOINHAS";"Outras";"Colisão frontal";"Com Vítimas Feridas";"Anoitecer";"Crescente";"Ceu Claro";"Simples";"Reta";"Rural";3;0;0;1;2;0;1;3
83492936;"16/08/16";"Terça";"20:15:00";"SE";101;"66,7";"ROSARIO DO CATETE";"Outras";"Atropelamento de pessoa";"Com Vítimas Fatais";"Plena noite";"Crescente";"Ceu Claro";"Simples";"Reta";"Rural";2;1;0;0;1;0;0;1
83492937;"22/08/16";"Segunda";"06:20:00";"ES";101;"306";"VIANA";"Ultrapassagem indevida";"Colisão frontal";"Com Vítimas Fatais";"Pleno dia";"Decrescente";"Ceu Claro";"Simples";"Reta";"Rural";4;1;1;1;1;0;2;3
83492938;"13/08/16";"Sábado";"19:55:00";"BA";101;"496";"ITABUNA";"Outras";"Colisão com objeto fixo";"Com Vítimas Feridas";"Plena noite";"Decrescente";"Ceu Claro";"Simples";"Reta";"Rural";2;0;1;0;1;0;1;2
83492940;"17/08/16";"Quarta";"19:20:00";"SP";116;"223";"GUARULHOS";"Não guardar distância de segurança";"Colisão traseira";"Com Vítimas Feridas";"Anoitecer";"Decrescente";"Ceu Claro";"Múltipla";"Reta";"Urbano";2;0;1;0;1;0;1;2
83492941;"25/08/16";"Quinta";"07:50:00";"RJ";116;"171";"SAO JOAO DE MERITI";"Outras";"Colisão traseira";"Com Vítimas Feridas";"Pleno dia";"Crescente";"Sol";"Múltipla";"Reta";"Urbano";3;0;2;0;1;0;2;2
83492942;"21/08/16";"Domingo";"15:38:00";"MG";40;"511";"RIBEIRAO DAS NEVES";"Ingestão de álcool";"Colisão lateral";"Sem Vítimas";"Pleno dia";"Crescente";"Sol";"Dupla";"Reta";"Urbano";3;0;0;0;3;0;0;3
83492943;"25/08/16";"Quinta";"07:35:00";"PR";277;"135";"BALSA NOVA";"Falta de atenção";"Colisão traseira";"Sem Vítimas";"Pleno dia";"Decrescente";"Nevoeiro/neblina";"Dupla";"Reta";"Rural";2;0;0;0;2;0;0;2
83492944;"25/08/16";"Quinta";"03:30:00";"MS";267;"177";"NOVA ALVORADA DO SUL";"Animais na Pista";"Saída de Pista";"Sem Vítimas";"Plena noite";"Decrescente";"Ignorada";"Simples";"Reta";"Rural";1;0;0;0;1;0;0;1
83492945;"22/08/16";"Segunda";"07:00:00";"RJ";116;"251";"PIRAI";"Outras";"Saída de Pista";"Com Vítimas Feridas";"Pleno dia";"Decrescente";"Chuva";"Dupla";"Curva";"Urbano";1;0;1;0;0;0;1;1
83492946;"21/08/16";"Domingo";"21:40:00";"RJ";40;"93";"PETROPOLIS";"Outras";"Saída de Pista";"Sem Vítimas";"Plena noite";"Decrescente";"Chuva";"Simples";"Curva";"Urbano";1;0;0;0;1;0;0;1
83492947;"21/08/16";"Domingo";"19:00:00";"GO";40;"27,3";"LUZIANIA";"Ultrapassagem indevida";"Colisão frontal";"Com Vítimas Fatais";"Plena noite";"Crescente";"Ceu Claro";"Simples";"Reta";"Rural";2;1;0;0;1;0;0;2
83492948;"24/08/16";"Quarta";"20:40:00";"BA";242;"358";"PALMEIRAS";"Velocidade incompatível";"Capotamento";"Sem Vítimas";"Plena noite";"Decrescente";"Chuva";"Simples";"Reta";"Rural";1;0;0;0;1;0;0;1
83492949;"20/08/16";"Sábado";"13:30:00";"MT";163;"824";"SINOP";"Falta de atenção";"Colisão lateral";"Sem Vítimas";"Pleno dia";"Crescente";"Ceu Claro";"Dupla";"Reta";"Urbano";2;0;0;0;2;0;0;2
83492950;"25/08/16";"Quinta";"04:30:00";"MG";262;"145,1";"RIO CASCA";"Velocidade incompatível";"Saída de Pista";"Com Vítimas Feridas";"Plena noite";"Crescente";"Nublado";"Simples";"Reta";"Rural";1;0;1;0;0;0;1;1
83492951;"22/08/16";"Segunda";"22:45:00";"PR";277;"115";"CAMPO LARGO";"Velocidade incompatível";"Saída de Pista";"Com Vítimas Feridas";"Plena noite";"Decrescente";"Ceu Claro";"Dupla";"Curva";"Urbano";2;0;0;2;0;0;2;1
83492952;"23/08/16";"Terça";"17:40:00";"PB";104;"115";"LAGOA SECA";"Falta de atenção";"Colisão lateral";"Com Vítimas Feridas";"Plena noite";"Crescente";"Ceu Claro";"Simples";"Reta";"Urbano";2;0;0;1;0;1;1;2
83492954;"25/08/16";"Quinta";"07:30:00";"MG";262;"107,2";"SANTO ANTONIO DO GRAMA";"Velocidade incompatível";"Tombamento";"Com Vítimas Feridas";"Pleno dia";"Crescente";"Nublado";"Simples";"Curva";"Rural";1;0;1;0;0;0;1;1
83492955;"21/08/16";"Domingo";"20:30:00";"PE";101;"44";"IGARASSU";"Falta de atenção";"Colisão traseira";"Sem Vítimas";"Plena noite";"Decrescente";"Ceu Claro";"Múltipla";"Reta";"Urbano";2;0;0;0;2;0;0;2
83492956;"25/08/16";"Quinta";"07:00:00";"RS";285;"199,9";"LAGOA VERMELHA";"Falta de atenção";"Saída de Pista";"Sem Vítimas";"Amanhecer";"Decrescente";"Ceu Claro";"Simples";"Cruzamento";"Urbano";1;0;0;0;1;0;0;1
83492957;"24/08/16";"Quarta";"21:50:00";"MS";60;"488,9";"MARACAJU";"Outras";"Capotamento";"Com Vítimas Feridas";"Plena noite";"Decrescente";"Ceu Claro";"Simples";"Reta";"Rural";2;0;2;0;0;0;2;1
83492958;"25/08/16";"Quinta";"08:50:00";"RS";392;"351,5";"SANTA MARIA";"Falta de atenção";"Colisão Transversal";"Com Vítimas Feridas";"Pleno dia";"Crescente";"Sol";"Simples";"Reta";"Urbano";3;0;2;0;1;0;2;2
83492959;"21/08/16";"Domingo";"21:20:00";"MG";381;"519";"IGARAPE";"Defeito mecânico em veículo";"Capotamento";"Sem Vítimas";"Plena noite";"Decrescente";"Ceu Claro";"Dupla";"Curva";"Urbano";1;0;0;0;1;0;0;1
83492960;"25/08/16";"Quinta";"07:30:00";"GO";153;"508,5";"APARECIDA DE GOIANIA";"Outras";"Colisão traseira";"Sem Vítimas";"Pleno dia";"Decrescente";"Sol";"Dupla";"Curva";"Urbano";2;0;0;0;2;0;0;2
83492961;"25/08/16";"Quinta";"07:30:00";"MG";40;"531,9";"BELO HORIZONTE";"Falta de atenção";"Colisão lateral";"Com Vítimas Feridas";"Pleno dia";"Crescente";"Ceu Claro";"Dupla";"Reta";"Urbano";2;0;0;1;1;0;1;2
83492962;"21/08/16";"Domingo";"23:00:00";"SP";116;"333,5";"JUQUITIBA";"Velocidade incompatível";"Colisão traseira";"Sem Vítimas";"Plena noite";"Crescente";"Chuva";"Dupla";"Reta";"Rural";2;0;0;0;2;0;0;2
83492963;"22/08/16";"Segunda";"04:30:00";"SC";280;"53";"GUARAMIRIM";"Falta de atenção";"Colisão Transversal";"Com Vítimas Feridas";"Plena noite";"Crescente";"Ceu Claro";"Simples";"Reta";"Urbano";2;0;1;0;1;0;1;2
83492964;"24/08/16";"Quarta";"15:46:00";"GO";158;"0";"ARAGARCAS";"Ingestão de álcool";"Colisão Transversal";"Sem Vítimas";"Pleno dia";"Crescente";"Sol";"Dupla";"Cruzamento";"Urbano";3;0;0;0;3;0;0;2
83492965;"25/08/16";"Quinta";"09:00:00";"PR";116;"93";"SAO JOSE DOS PINHAIS";"Velocidade incompatível";"Capotamento";"Sem Vítimas";"Pleno dia";"Decrescente";"Nublado";"Simples";"Curva";"Rural";1;0;0;0;1;0;0;1
83492966;"21/08/16";"Domingo";"22:01:00";"AM";174;"889";"MANAUS";"Não guardar distância de segurança";"Colisão lateral";"Com Vítimas Feridas";"Plena noite";"Decrescente";"Ceu Claro";"Simples";"Reta";"Rural";2;0;1;0;1;0;1;2
83492967;"21/08/16";"Domingo";"12:20:00";"SP";381;"58,7";"MAIRIPORA";"Outras";"Colisão traseira";"Com Vítimas Fatais";"Pleno dia";"Crescente";"Chuva";"Dupla";"Reta";"Rural";3;1;1;0;1;0;1;2
83492968;"24/08/16";"Quarta";"19:30:00";"MT";174;"554";"COMODORO";"Outras";"Saída de Pista";"Sem Vítimas";"Plena noite";"Decrescente";"Ceu Claro";"Simples";"Reta";"Rural";1;0;0;0;1;0;0;1
83492969;"22/08/16";"Segunda";"05:00:00";"TO";153;"389";"RIO DOS BOIS";"Falta de atenção";"Colisão lateral";"Com Vítimas Feridas";"Amanhecer";"Decrescente";"Ceu Claro";"Simples";"Reta";"Urbano";2;0;0;1;1;0;1;2
83492970;"25/08/16";"Quinta";"08:20:00";"SC";470;"162";"TROMBUDO CENTRAL";"Defeito mecânico em veículo";"Colisão lateral";"Com Vítimas Feridas";"Pleno dia";"Decrescente";"Nublado";"Simples";"Curva";"Rural";2;0;0;1;1;0;1;2
83492971;"21/08/16";"Domingo";"14:50:00";"GO";60;"419";"RIO VERDE";"Velocidade incompatível";"Saída de Pista";"Sem Vítimas";"Pleno dia";"Decrescente";"Nublado";"Dupla";"Reta";"Rural";2;0;0;0;2;0;0;1
83492972;"10/08/16";"Quarta";"06:00:00";"SC";282;"5";"SAO JOSE";"Falta de atenção";"Colisão lateral";"Com Vítimas Feridas";"Pleno dia";"Decrescente";"Ceu Claro";"Dupla";"Reta";"Urbano";2;0;0;1;1;0;1;2
83492973;"25/08/16";"Quinta";"07:40:00";"PE";232;"8";"RECIFE";"Outras";"Colisão traseira";"Com Vítimas Feridas";"Pleno dia";"Decrescente";"Sol";"Dupla";"Reta";"Urbano";4;0;1;0;3;0;1;3
83492974;"25/08/16";"Quinta";"07:40:00";"PE";232;"5";"RECIFE";"Falta de atenção";"Colisão traseira";"Sem Vítimas";"Pleno dia";"Crescente";"Sol";"Dupla";"Reta";"Urbano";3;0;0;0;3;0;0;3
83492975;"29/07/16";"Sexta";"17:00:00";"PA";316;"62";"CASTANHAL";"Desobediência à sinalização";"Colisão traseira";"Com Vítimas Feridas";"Pleno dia";"Decrescente";"Nublado";"Dupla";"Reta";"Urbano";6;0;3;0;3;0;3;5
83492976;"24/08/16";"Quarta";"01:00:00";"RS";285;"285";"PASSO FUNDO";"Outras";"Colisão traseira";"Sem Vítimas";"Plena noite";"Decrescente";"Ceu Claro";"Simples";"Reta";"Rural";2;0;0;0;2;0;0;2
83492977;"23/08/16";"Terça";"20:30:00";"MT";364;"481";"JANGADA";"Outras";"Colisão frontal";"Com Vítimas Fatais";"Plena noite";"Crescente";"Ceu Claro";"Simples";"Reta";"Rural";2;1;0;1;0;0;1;2
83492978;"25/08/16";"Quinta";"07:38:00";"GO";153;"505,9";"APARECIDA DE GOIANIA";"Falta de atenção";"Colisão traseira";"Com Vítimas Feridas";"Pleno dia";"Crescente";"Ceu Claro";"Dupla";"Reta";"Urbano";2;0;1;0;1;0;1;2
83492979;"23/08/16";"Terça";"16:35:00";"MG";116;"277,8";"TEOFILO OTONI";"Falta de atenção";"Colisão lateral";"Sem Vítimas";"Pleno dia";"Crescente";"Ceu Claro";"Simples";"Reta";"Urbano";2;0;0;0;2;0;0;2
83492980;"25/08/16";"Quinta";"08:30:00";"SC";282;"5,2";"SAO JOSE";"Falta de atenção";"Colisão lateral";"Com Vítimas Feridas";"Pleno dia";"Decrescente";"Nublado";"Dupla";"Cruzamento";"Urbano";2;0;1;0;1;0;1;2