"id";"data_inversa";"dia_semana";"horario";"uf";"br";"km";"municipio";"causa_acidente";"tipo_acidente";"classificacao_acidente";"fase_dia";"sentido_via";"condicao_metereologica";"tipo_pista";"tracado_via";"uso_solo";"pessoas";"mortos";"feridos_leves";"feridos_graves";"ilesos";"ignorados";"feridos";"veiculos"
83492981;"21/08/16";"Domingo";"20:30:00";"TO";153;"173";"ARAGUAINA";"Não guardar distância de segurança";"Colisão traseira";"Com Vítimas Feridas";"Plena noite";"Decrescente";"Ceu Claro";"Simples";"Reta";"Rural";3;0;2;0;0;1;2;2
83492983;"09/08/16";"Terça";"19:00:00";"MG";365;"81";"JEQUITAI";"Desobediência à sinalização";"Colisão traseira";"Com Vítimas Feridas";"Anoitecer";"Decrescente";"Ceu Claro";"Simples";"Reta";"Rural";3;0;2;0;0;1;2;2
83492984;"24/08/16";"Quarta";"11:20:00";"RJ";116;"297,8";"RESENDE";"Outras";"Colisão com objeto fixo";"Sem Vítimas";"Pleno dia";"Crescente";"Sol";"Dupla";"Reta";"Urbano";1;0;0;0;1;0;0;1
83492985;"10/08/16";"Quarta";"17:40:00";"ES";101;"266,1";"SERRA";"Falta de atenção";"Queda de motocicleta / bicicleta / veículo";"Com Vítimas Feridas";"Anoitecer";"Crescente";"Nublado";"Múltipla";"Reta";"Rural";1;0;1;0;0;0;1;1
83492986;"24/08/16";"Quarta";"20:40:00";"SP";116;"387";"MIRACATU";"Outras";"Colisão com objeto fixo";"Sem Vítimas";"Plena noite";"Decrescente";"Ceu Claro";"Dupla";"Reta";"Rural";1;0;0;0;1;0;0;1
83492987;"24/08/16";"Quarta";"21:10:00";"BA";116;"813";"VITORIA DA CONQUISTA";"Outras";"Colisão frontal";"Com Vítimas Fatais";"Plena noite";"Decrescente";"Nevoeiro/neblina";"Simples";"Reta";"Rural";2;1;0;0;0;1;0;2
83492988;"25/08/16";"Quinta";"07:50:00";"RJ";465;"3";"SEROPEDICA";"Outras";"Colisão Transversal";"Com Vítimas Feridas";"Pleno dia";"Crescente";"Ceu Claro";"Simples";"Reta";"Urbano";2;0;1;0;1;0;1;2
83492989;"24/08/16";"Quarta";"18:30:00";"RS";153;"374,8";"CACHOEIRA DO SUL";"Falta de atenção";"Colisão traseira";"Com Vítimas Feridas";"Plena noite";"Decrescente";"Ceu Claro";"Simples";"Reta";"Rural";9;0;2;0;7;0;2;5
83492990;"21/08/16";"Domingo";"08:10:00";"MG";381;"635,5";"SANTO ANTONIO DO AMPARO";"Velocidade incompatível";"Capotamento";"Com Vítimas Feridas";"Pleno dia";"Crescente";"Chuva";"Dupla";"Curva";"Rural";1;0;1;0;0;0;1;1
83492991;"24/08/16";"Quarta";"23:00:00";"SE";101;"93";"NOSSA SENHORA DO SOCORRO";"Ingestão de álcool";"Queda de motocicleta / bicicleta / veículo";"Com Vítimas Feridas";"Plena noite";"Decrescente";"Chuva";"Dupla";"Reta";"Urbano";1;0;1;0;0;0;1;1
83492992;"23/08/16";"Terça";"18:00:00";"PA";153;"3";"SAO DOMINGOS DO ARAGUAIA";"Ultrapassagem indevida";"Colisão frontal";"Com Vítimas Feridas";"Plena noite";"Crescente";"Ceu Claro";"Simples";"Reta";"Rural";3;0;0;1;2;0;1;2
83492993;"24/08/16";"Quarta";"19:00:00";"RS";470;"11,6";"BARRACAO";"Falta de atenção";"Colisão lateral";"Com Vítimas Feridas";"Plena noite";"Crescente";"Ceu Claro";"Simples";"Cruzamento";"Urbano";2;0;1;0;1;0;1;2
83492994;"25/04/16";"Segunda";"10:30:00";"MG";381;"392";"BARAO DE COCAIS";"Falta de atenção";"Queda de motocicleta / bicicleta / veículo";"Com Vítimas Feridas";"Pleno dia";"Crescente";"Sol";"Simples";"Reta";"Rural";2;0;2;0;0;0;2;1
83492995;"21/08/16";"Domingo";"17:40:00";"MG";381;"617";"OLIVEIRA";"Velocidade incompatível";"Saída de Pista";"Sem Vítimas";"Pleno dia";"Crescente";"Chuva";"Dupla";"Curva";"Rural";1;0;0;0;1;0;0;1
83492996;"25/08/16";"Quinta";"09:20:00";"BA";116;"821";"VITORIA DA CONQUISTA";"Falta de atenção";"Colisão Transversal";"Com Vítimas Feridas";"Pleno dia";"Decrescente";"Ceu Claro";"Múltipla";"Reta";"Urbano";2;0;1;0;1;0;1;2
83492997;"21/08/16";"Domingo";"16:00:00";"MG";381;"654";"SANTO ANTONIO DO AMPARO";"Velocidade incompatível";"Colisão com objeto fixo";"Com Vítimas Feridas";"Pleno dia";"Decrescente";"Chuva";"Dupla";"Curva";"Rural";2;0;0;1;1;0;1;1
83492998;"25/08/16";"Quinta";"11:00:00";"PR";476;"148";"ARAUCARIA";"Falta de atenção";"Colisão com objeto fixo";"Com Vítimas Feridas";"Pleno dia";"Crescente";"Sol";"Dupla";"Reta";"Urbano";1;0;1;0;0;0;1;1
83492999;"21/08/16";"Domingo";"20:30:00";"SC";101;"57";"ARAQUARI";"Velocidade incompatível";"Capotamento";"Com Vítimas Feridas";"Plena noite";"Crescente";"Chuva";"Dupla";"Curva";"Rural";2;0;0;1;1;0;1;2
83493000;"25/08/16";"Quinta";"07:40:00";"RS";290;"112,1";"ELDORADO DO SUL";"Desobediência à sinalização";"Colisão Transversal";"Sem Vítimas";"Pleno dia";"Crescente";"Sol";"Simples";"Reta";"Rural";2;0;0;0;2;0;0;2
83493001;"25/08/16";"Quinta";"09:00:00";"RS";290;"107,1";"ELDORADO DO SUL";"Desobediência à sinalização";"Colisão Transversal";"Com Vítimas Feridas";"Pleno dia";"Crescente";"Ceu Claro";"Dupla";"Cruzamento";"Urbano";2;0;0;1;1;0;1;2
83493002;"10/06/16";"Sexta";"22:40:00";"BA";101;"877";"TEIXEIRA DE FREITAS";"Animais na Pista";"Atropelamento de animal";"Com Vítimas Feridas";"Plena noite";"Crescente";"Nublado";"Simples";"Reta";"Urbano";2;0;0;2;0;0;2;1
83493003;"25/08/16";"Quinta";"07:00:00";"MG";267;"333,1";"CONCEICAO DO RIO VERDE";"Falta de atenção";"Colisão traseira";"Com Vítimas Feridas";"Pleno dia";"Decrescente";"Sol";"Simples";"Reta";"Rural";33;0;1;0;32;0;1;2
83493004;"22/08/16";"Segunda";"03:50:00";"SP";116;"101,4";"PINDAMONHANGABA";"Falta de atenção";"Colisão traseira";"Sem Vítimas";"Plena noite";"Crescente";"Ceu Claro";"Simples";"Reta";"Rural";2;0;0;0;2;0;0;2
83493005;"25/08/16";"Quinta";"12:05:00";"SC";101;"204";"SAO JOSE";"Desobediência à sinalização";"Colisão Transversal";"Com Vítimas Feridas";"Pleno dia";"Decrescente";"Ceu Claro";"Dupla";"Reta";"Urbano";3;0;2;0;1;0;2;2
83493006;"25/08/16";"Quinta";"08:30:00";"RN";304;"232";"RIACHUELO";"Ultrapassagem indevida";"Saída de Pista";"Com Vítimas Feridas";"Pleno dia";"Crescente";"Ceu Claro";"Simples";"Reta";"Rural";2;0;1;0;1;0;1;2
83493007;"25/08/16";"Quinta";"12:35:00";"SP";116;"21,4";"LAVRINHAS";"Outras";"Queda de motocicleta / bicicleta / veículo";"Com Vítimas Feridas";"Pleno dia";"Crescente";"Ceu Claro";"Simples";"Curva";"Rural";1;0;1;0;0;0;1;1
83493008;"25/08/16";"Quinta";"12:00:00";"GO";153;"513,2";"APARECIDA DE GOIANIA";"Outras";"Colisão lateral";"Com Vítimas Feridas";"Pleno dia";"Crescente";"Sol";"Dupla";"Curva";"Urbano";3;0;1;1;1;0;2;3
83493009;"25/08/16";"Quinta";"09:45:00";"ES";262;"149,5";"IBATIBA";"Ingestão de álcool";"Queda de motocicleta / bicicleta / veículo";"Com Vítimas Feridas";"Pleno dia";"Crescente";"Ceu Claro";"Simples";"Curva";"Rural";1;0;0;1;0;0;1;1
83493010;"25/08/16";"Quinta";"08:45:00";"SC";101;"364,9";"SANGAO";"Outras";"Colisão traseira";"Com Vítimas Feridas";"Pleno dia";"Crescente";"Sol";"Dupla";"Reta";"Rural";3;0;1;0;2;0;1;3
83493011;"25/08/16";"Quinta";"08:35:00";"SC";470;"31";"GASPAR";"Defeito na via";"Queda de motocicleta / bicicleta / veículo";"Com Vítimas Feridas";"Pleno dia";"Crescente";"Ceu Claro";"Simples";"Reta";"Urbano";1;0;1;0;0;0;1;1
83493012;"25/08/16";"Quinta";"10:15:00";"MG";262;"486,6";"BOM DESPACHO";"Outras";"Colisão traseira";"Com Vítimas Feridas";"Pleno dia";"Decrescente";"Ceu Claro";"Simples";"Reta";"Rural";2;0;1;0;1;0;1;2
83493013;"25/08/16";"Quinta";"11:40:00";"SP";153;"58,8";"SAO JOSE DO RIO PRETO";"Falta de atenção";"Colisão Transversal";"Com Vítimas Feridas";"Pleno dia";"Crescente";"Sol";"Simples";"Cruzamento";"Urbano";2;0;1;0;1;0;1;2
83493014;"25/08/16";"Quinta";"10:52:00";"SC";282;"635,3";"DESCANSO";"Falta de atenção";"Colisão traseira";"Sem Vítimas";"Pleno dia";"Crescente";"Sol";"Simples";"Reta";"Rural";2;0;0;0;2;0;0;2
83493015;"21/08/16";"Domingo";"18:40:00";"TO";153;"279";"BRASILANDIA DO TOCANTINS";"Dormindo";"Saída de Pista";"Com Vítimas Feridas";"Anoitecer";"Crescente";"Ceu Claro";"Simples";"Reta";"Rural";1;0;0;1;0;0;1;1
83493016;"25/08/16";"Quinta";"11:00:00";"PE";101;"69,4";"RECIFE";"Outras";"Colisão traseira";"Sem Vítimas";"Pleno dia";"Decrescente";"Sol";"Dupla";"Reta";"Urbano";2;0;0;0;2;0;0;2
83493017;"25/08/16";"Quinta";"10:30:00";"PE";232;"11";"RECIFE";"Outras";"Colisão frontal";"Com Vítimas Feridas";"Pleno dia";"Crescente";"Ceu Claro";"Simples";"Curva";"Urbano";2;0;1;0;1;0;1;2
83493018;"21/08/16";"Domingo";"23:00:00";"CE";222;"73";"SAO GONCALO DO AMARANTE";"Outras";"Atropelamento de pessoa";"Com Vítimas Fatais";"Plena noite";"Crescente";"Ceu Claro";"Simples";"Reta";"Rural";2;1;0;0;0;1;0;1
83493019;"24/08/16";"Quarta";"21:30:00";"PR";116;"58,9";"CAMPINA GRANDE DO SUL";"Outras";"Saída de Pista";"Com Vítimas Feridas";"Plena noite";"Crescente";"Vento";"Dupla";"Curva";"Rural";1;0;1;0;0;0;1;1
83493020;"25/08/16";"Quinta";"12:50:00";"PR";277;"51";"SAO JOSE DOS PINHAIS";"Outras";"Saída de Pista";"Sem Vítimas";"Pleno dia";"Crescente";"Ceu Claro";"Dupla";"Curva";"Rural";1;0;0;0;1;0;0;1
83493021;"10/08/16";"Quarta";"02:50:00";"SC";101;"119";"ITAJAI";"Animais na Pista";"Atropelamento de animal";"Sem Vítimas";"Plena noite";"Decrescente";"Nublado";"Dupla";"Reta";"Urbano";1;0;0;0;1;0;0;1
83493022;"25/08/16";"Quinta";"09:10:00";"GO";60;"98";"ANAPOLIS";"Falta de atenção";"Capotamento";"Com Vítimas Feridas";"Pleno dia";"Crescente";"Sol";"Dupla";"Reta";"Urbano";1;0;1;0;0;0;1;1
83493023;"21/08/16";"Domingo";"17:30:00";"MA";222;"382,4";"SANTA INES";"Outras";"Saída de Pista";"Com Vítimas Fatais";"Pleno dia";"Decrescente";"Sol";"Simples";"Reta";"Rural";1;1;0;0;0;0;0;1
83493024;"21/08/16";"Domingo";"13:58:00";"RO";319;"57";"PORTO VELHO";"Outras";"Queda de motocicleta / bicicleta / veículo";"Com Vítimas Feridas";"Pleno dia";"Decrescente";"Chuva";"Simples";"Curva";"Urbano";2;0;2;0;0;0;2;1
83493025;"25/08/16";"Quinta";"10:00:00";"GO";153;"510";"APARECIDA DE GOIANIA";"Falta de atenção";"Colisão lateral";"Sem Vítimas";"Pleno dia";"Crescente";"Ceu Claro";"Dupla";"Cruzamento";"Urbano";2;0;0;0;2;0;0;2
83493026;"21/08/16";"Domingo";"09:00:00";"MG";381;"729,8";"CARMO DA CACHOEIRA";"Velocidade incompatível";"Colisão com objeto fixo";"Sem Vítimas";"Pleno dia";"Crescente";"Chuva";"Dupla";"Curva";"Rural";1;0;0;0;1;0;0;1
83493027;"25/08/16";"Quinta";"09:00:00";"MG";267;"363,2";"CAMPANHA";"Não guardar distância de segurança";"Colisão traseira";"Sem Vítimas";"Pleno dia";"Crescente";"Ceu Claro";"Dupla";"Reta";"Rural";5;0;0;0;4;1;0;4
83493029;"22/08/16";"Segunda";"07:05:00";"PR";272;"395";"FAROL";"Desobediência à sinalização";"Colisão Transversal";"Com Vítimas Feridas";"Amanhecer";"Decrescente";"Ceu Claro";"Simples";"Cruzamento";"Rural";5;0;4;1;0;0;5;2
83493030;"21/08/16";"Domingo";"23:30:00";"MA";226;"563";"PORTO FRANCO";"Falta de atenção";"Colisão Transversal";"Com Vítimas Fatais";"Plena noite";"Crescente";"Ceu Claro";"Simples";"Reta";"Rural";3;1;0;1;0;1;1;2
83493031;"28/07/16";"Quinta";"16:30:00";"RO";364;"540";"ARIQUEMES";"Dormindo";"Colisão lateral";"Sem Vítimas";"Pleno dia";"Decrescente";"Ceu Claro";"Simples";"Reta";"Rural";2;0;0;0;1;1;0;2
83493032;"25/08/16";"Quinta";"12:00:00";"PR";476;"133";"CURITIBA";"Falta de atenção";"Colisão traseira";"Com Vítimas Feridas";"Pleno dia";"Decrescente";"Sol";"Múltipla";"Reta";"Urbano";2;0;1;0;0;1;1;2
83493033;"25/08/16";"Quinta";"05:20:00";"PA";163;"995";"SANTAREM";"Falta de atenção";"Saída de Pista";"Sem Vítimas";"Amanhecer";"Crescente";"Chuva";"Simples";"Reta";"Urbano";18;0;0;0;18;0;0;1
83493034;"09/08/16";"Terça";"16:55:00";"SC";101;"221";"PALHOCA";"Falta de atenção";"Colisão traseira";"Sem Vítimas";"Pleno dia";"Decrescente";"Ceu Claro";"Dupla";"Reta";"Urbano";2;0;0;0;2;0;0;2
83493035;"25/08/16";"Quinta";"08:15:00";"SC";101;"412,1";"ARARANGUA";"Falta de atenção";"Colisão traseira";"Sem Vítimas";"Pleno dia";"Decrescente";"Sol";"Simples";"Cruzamento";"Urbano";2;0;0;0;2;0;0;2
83493036;"22/08/16";"Segunda";"21:30:00";"SC";101;"217,5";"PALHOCA";"Outras";"Colisão lateral";"Com Vítimas Feridas";"Plena noite";"Decrescente";"Ceu Claro";"Dupla";"Reta";"Urbano";2;0;2;0;0;0;2;2
83493037;"25/08/16";"Quinta";"12:40:00";"SP";381;"19,4";"BRAGANCA PAULISTA";"Velocidade incompatível";"Tombamento";"Com Vítimas Feridas";"Pleno dia";"Crescente";"Sol";"Dupla";"Curva";"Rural";1;0;1;0;0;0;1;1
83493038;"25/08/16";"Quinta";"05:45:00";"MS";163;"204,6";"CAARAPO";"Outras";"Tombamento";"Sem Vítimas";"Amanhecer";"Decrescente";"Ceu Claro";"Simples";"Reta";"Rural";1;0;0;0;1;0;0;1
83493039;"24/08/16";"Quarta";"23:40:00";"PR";277;"128";"CURITIBA";"Velocidade incompatível";"Colisão com objeto fixo";"Com Vítimas Feridas";"Pleno dia";"Crescente";"Ceu Claro";"Múltipla";"Reta";"Urbano";2;0;1;0;1;0;1;1
83493040;"14/08/16";"Domingo";"02:00:00";"MG";116;"99,5";"MEDINA";"Outras";"Colisão lateral";"Com Vítimas Feridas";"Plena noite";"Crescente";"Ceu Claro";"Simples";"Curva";"Rural";4;0;2;0;2;0;2;3
83493041;"25/08/16";"Quinta";"12:00:00";"PR";476;"297,1";"SAO MATEUS DO SUL";"Defeito mecânico em veículo";"Colisão traseira";"Sem Vítimas";"Pleno dia";"Decrescente";"Ceu Claro";"Simples";"Reta";"Rural";3;0;0;0;3;0;0;3
83493042;"25/08/16";"Quinta";"10:00:00";"MT";163;"948";"NOVA SANTA HELENA";"Velocidade incompatível";"Saída de Pista";"Com Vítimas Feridas";"Pleno dia";"Crescente";"Nublado";"Simples";"Curva";"Rural";1;0;1;0;0;0;1;1
83493043;"13/08/16";"Sábado";"18:00:00";"GO";452;"189,7";"ITUMBIARA";"Ingestão de álcool";"Colisão traseira";"Sem Vítimas";"Pleno dia";"Crescente";"Ceu Claro";"Simples";"Reta";"Rural";2;0;0;0;1;1;0;2
83493044;"21/08/16";"Domingo";"14:20:00";"MG";381;"671,5";"PERDOES";"Velocidade incompatível";"Colisão com objeto fixo";"Com Vítimas Feridas";"Pleno dia";"Crescente";"Chuva";"Dupla";"Curva";"Rural";2;0;2;0;0;0;2;1
83493045;"25/08/16";"Quinta";"12:50:00";"PR";376;"150";"PRESIDENTE CASTELO BRANCO";"Outras";"Capotamento";"Com Vítimas Feridas";"Pleno dia";"Crescente";"Sol";"Dupla";"Reta";"Rural";3;0;3;0;0;0;3;1
83493046;"21/08/16";"Domingo";"20:15:00";"DF";20;"7";"BRASILIA";"Falta de atenção";"Colisão traseira";"Sem Vítimas";"Plena noite";"Crescente";"Ceu Claro";"Dupla";"Reta";"Urbano";2;0;0;0;2;0;0;2
83493047;"25/08/16";"Quinta";"09:15:00";"RJ";101;"60,3";"CAMPOS DOS GOYTACAZES";"Não guardar distância de segurança";"Colisão traseira";"Com Vítimas Feridas";"Pleno dia";"Decrescente";"Sol";"Simples";"Reta";"Urbano";5;0;1;0;4;0;1;2
83493048;"25/08/16";"Quinta";"15:00:00";"PR";116;"91,7";"PIRAQUARA";"Defeito mecânico em veículo";"Queda de motocicleta / bicicleta / veículo";"Com Vítimas Feridas";"Pleno dia";"Crescente";"Sol";"Dupla";"Reta";"Rural";1;0;0;1;0;0;1;1
83493049;"25/08/16";"Quinta";"10:00:00";"BA";116;"427";"FEIRA DE SANTANA";"Outras";"Tombamento";"Com Vítimas Feridas";"Pleno dia";"Crescente";"Ceu Claro";"Dupla";"Curva";"Rural";1;0;1;0;0;0;1;1
83493050;"25/08/16";"Quinta";"10:30:00";"PA";316;"13";"MARITUBA";"Outras";"Tombamento";"Sem Vítimas";"Pleno dia";"Crescente";"Sol";"Dupla";"Reta";"Urbano";1;0;0;0;1;0;0;1
83493052;"25/08/16";"Quinta";"07:30:00";"MG";116;"17,4";"CACHOEIRA DE PAJEU";"Outras";"Saída de Pista";"Com Vítimas Feridas";"Plena noite";"Decrescente";"Ceu Claro";"Simples";"Reta";"Rural";1;0;1;0;0;0;1;1
83493053;"25/08/16";"Quinta";"10:40:00";"ES";262;"99";"VENDA NOVA DO IMIGRANTE";"Não guardar distância de segurança";"Colisão traseira";"Com Vítimas Feridas";"Pleno dia";"Decrescente";"Ceu Claro";"Simples";"Reta";"Rural";2;0;1;0;1;0;1;2
83493054;"25/08/16";"Quinta";"00:05:00";"SP";116;"229,8";"SAO PAULO";"Outras";"Colisão com objeto fixo";"Sem Vítimas";"Plena noite";"Crescente";"Ceu Claro";"Múltipla";"Reta";"Urbano";1;0;0;0;1;0;0;1
83493055;"25/08/16";"Quinta";"10:50:00";"CE";222;"62,8";"SAO GONCALO DO AMARANTE";"Outras";"Colisão lateral";"Sem Vítimas";"Pleno dia";"Decrescente";"Ceu Claro";"Simples";"Reta";"Urbano";3;0;0;0;3;0;0;3
83493056;"25/08/16";"Quinta";"15:35:00";"SC";116;"2,2";"MAFRA";"Falta de atenção";"Queda de motocicleta / bicicleta / veículo";"Com Vítimas Feridas";"Pleno dia";"Crescente";"Sol";"Simples";"Reta";"Urbano";1;0;1;0;0;0;1;1
83493057;"25/08/16";"Quinta";"13:45:00";"MT";70;"66";"GENERAL CARNEIRO";"Desobediência à sinalização";"Colisão Transversal";"Com Vítimas Feridas";"Pleno dia";"Crescente";"Ceu Claro";"Simples";"Curva";"Urbano";2;0;0;1;1;0;1;2
83493058;"25/08/16";"Quinta";"15:10:00";"CE";222;"221,5";"SOBRAL";"Falta de atenção";"Colisão com objeto fixo";"Sem Vítimas";"Pleno dia";"Decrescente";"Ceu Claro";"Dupla";"Reta";"Urbano";1;0;0;0;1;0;0;1
83493059;"25/08/16";"Quinta";"14:15:00";"RS";116;"257";"ESTEIO";"Não guardar distância de segurança";"Colisão lateral";"Com Vítimas Feridas";"Pleno dia";"Crescente";"Sol";"Múltipla";"Reta";"Urbano";2;0;1;0;1;0;1;2
83493060;"25/08/16";"Quinta";"15:20:00";"PE";101;"42";"IGARASSU";"Defeito na via";"Colisão traseira";"Com Vítimas Feridas";"Pleno dia";"Crescente";"Ceu Claro";"Dupla";"Reta";"Urbano";2;0;1;0;1;0;1;2
83493061;"25/08/16";"Quinta";"14:20:00";"MG";50;"174";"UBERABA";"Outras";"Derramamento de Carga";"Sem Vítimas";"Pleno dia";"Decrescente";"Ceu Claro";"Dupla";"Cruzamento";"Urbano";1;0;0;0;1;0;0;1
83493062;"21/08/16";"Domingo";"17:35:00";"MG";381;"686";"LAVRAS";"Velocidade incompatível";"Colisão com objeto fixo";"Sem Vítimas";"Anoitecer";"Crescente";"Chuva";"Dupla";"Curva";"Rural";1;0;0;0;1;0;0;1
83493063;"25/08/16";"Quinta";"12:12:00";"RO";364;"757";"PORTO VELHO";"Falta de atenção";"Colisão com objeto fixo";"Sem Vítimas";"Pleno dia";"Crescente";"Ceu Claro";"Simples";"Reta";"Rural";1;0;0;0;1;0;0;1
83493064;"25/08/16";"Quinta";"11:40:00";"PI";343;"1,4";"TERESINA";"Falta de atenção";"Colisão traseira";"Com Vítimas Feridas";"Pleno dia";"Crescente";"Ceu Claro";"Múltipla";"Reta";"Urbano";3;0;1;0;2;0;1;2
83493065;"25/08/16";"Quinta";"13:30:00";"GO";158;"273";"JATAI";"Defeito mecânico em veículo";"Colisão com bicicleta";"Com Vítimas Feridas";"Pleno dia";"Decrescente";"Sol";"Simples";"Cruzamento";"Urbano";2;0;1;0;1;0;1;2
83493066;"22/08/16";"Segunda";"23:00:00";"CE";20;"400,7";"CAUCAIA";"Outras";"Colisão frontal";"Sem Vítimas";"Plena noite";"Decrescente";"Ceu Claro";"Simples";"Reta";"Rural";2;0;0;0;2;0;0;2
83493067;"05/08/16";"Sexta";"09:01:00";"AM";174;"959";"MANAUS";"Desobediência à sinalização";"Colisão traseira";"Com Vítimas Feridas";"Pleno dia";"Crescente";"Chuva";"Simples";"Reta";"Rural";3;0;3;0;0;0;3;3
83493068;"02/08/16";"Terça";"18:00:00";"MG";354;"706";"CAXAMBU";"Defeito na via";"Queda de motocicleta / bicicleta / veículo";"Com Vítimas Feridas";"Anoitecer";"Decrescente";"Ceu Claro";"Simples";"Reta";"Rural";1;0;0;1;0;0;1;1
83493069;"25/08/16";"Quinta";"15:10:00";"SP";116;"520";"CAJATI";"Outras";"Colisão com objeto móvel";"Sem Vítimas";"Pleno dia";"Decrescente";"Ceu Claro";"Simples";"Reta";"Rural";1;0;0;0;1;0;0;1
83493070;"25/08/16";"Quinta";"09:40:00";"RN";101;"98";"NATAL";"Falta de atenção";"Colisão traseira";"Com Vítimas Feridas";"Pleno dia";"Decrescente";"Ceu Claro";"Múltipla";"Reta";"Urbano";2;0;0;1;1;0;1;2
83493071;"25/08/16";"Quinta";"07:20:00";"MG";364;"28";"FRUTAL";"Falta de atenção";"Tombamento";"Com Vítimas Feridas";"Pleno dia";"Crescente";"Ceu Claro";"Dupla";"Curva";"Urbano";2;0;2;0;0;0;2;1
83493072;"21/08/16";"Domingo";"15:00:00";"MG";381;"705,5";"LAVRAS";"Outras";"Capotamento";"Sem Vítimas";"Pleno dia";"Crescente";"Chuva";"Dupla";"Curva";"Rural";1;0;0;0;1;0;0;1
83493073;"25/08/16";"Quinta";"16:05:00";"PE";232;"11";"JABOATAO DOS GUARARAPES";"Outras";"Colisão com objeto fixo";"Sem Vítimas";"Pleno dia";"Crescente";"Sol";"Dupla";"Reta";"Urbano";1;0;0;0;1;0;0;1
83493074;"25/08/16";"Quinta";"12:40:00";"BA";116;"908,3";"CANDIDO SALES";"Desobediência à sinalização";"Colisão Transversal";"Sem Vítimas";"Pleno dia";"Crescente";"Sol";"Simples";"Reta";"Urbano";2;0;0;0;2;0;0;2
83493075;"21/08/16";"Domingo";"16:10:00";"MG";381;"711,1";"CARMO DA CACHOEIRA";"Velocidade incompatível";"Colisão com objeto fixo";"Sem Vítimas";"Pleno dia";"Decrescente";"Chuva";"Dupla";"Curva";"Rural";1;0;0;0;1;0;0;1
83493076;"25/08/16";"Quinta";"14:30:00";"PI";316;"53,1";"MONSENHOR GIL";"Falta de atenção";"Saída de Pista";"Com Vítimas Feridas";"Pleno dia";"Decrescente";"Sol";"Simples";"Reta";"Rural";2;0;1;0;1;0;1;2
83493077;"21/08/16";"Domingo";"14:00:00";"MG";116;"274";"TEOFILO OTONI";"Falta de atenção";"Colisão Transversal";"Com Vítimas Feridas";"Pleno dia";"Crescente";"Ceu Claro";"Simples";"Reta";"Urbano";2;0;0;1;1;0;1;2
83493078;"21/08/16";"Domingo";"08:15:00";"MG";381;"907,9";"CAMBUI";"Velocidade incompatível";"Tombamento";"Sem Vítimas";"Pleno dia";"Decrescente";"Chuva";"Dupla";"Curva";"Rural";1;0;0;0;1;0;0;1
83493079;"25/08/16";"Quinta";"16:35:00";"MA";10;"255,5";"IMPERATRIZ";"Não guardar distância de segurança";"Colisão traseira";"Com Vítimas Feridas";"Pleno dia";"Crescente";"Ceu Claro";"Simples";"Reta";"Urbano";2;0;1;0;1;0;1;2
83493080;"25/08/16";"Quinta";"16:00:00";"RS";290;"7,3";"OSORIO";"Defeito mecânico em veículo";"Derramamento de Carga";"Sem Vítimas";"Pleno dia";"Decrescente";"Ceu Claro";"Dupla";"Curva";"Rural";1;0;0;0;1;0;0;1
83493081;"25/08/16";"Quinta";"17:45:00";"SC";101;"27,7";"JOINVILLE";"Falta de atenção";"Colisão Transversal";"Sem Vítimas";"Pleno dia";"Decrescente";"Ceu Claro";"Dupla";"Cruzamento";"Urbano";2;0;0;0;2;0;0;2
83493082;"25/08/16";"Quinta";"07:50:00";"MG";50;"70";"UBERLANDIA";"Não guardar distância de segurança";"Colisão traseira";"Com Vítimas Feridas";"Pleno dia";"Decrescente";"Ceu Claro";"Dupla";"Reta";"Urbano";4;0;1;0;3;0;1;3
83493083;"25/08/16";"Quinta";"15:00:00";"PE";316;"92,6";"OURICURI";"Outras";"Colisão frontal";"Com Vítimas Fatais";"Pleno dia";"Decrescente";"Ceu Claro";"Simples";"Reta";"Rural";2;1;0;0;0;1;0;2
83493084;"25/08/16";"Quinta";"07:50:00";"GO";153;"494";"GOIANIA";"Não guardar distância de segurança";"Colisão traseira";"Sem Vítimas";"Pleno dia";"Crescente";"Sol";"Dupla";"Reta";"Urbano";3;0;0;0;3;0;0;3
83493085;"24/08/16";"Quarta";"14:00:00";"SP";116;"144";"SAO JOSE DOS CAMPOS";"Falta de atenção";"Colisão traseira";"Com Vítimas Feridas";"Pleno dia";"Crescente";"Sol";"Dupla";"Reta";"Urbano";2;0;1;0;0;1;1;2
83493086;"24/08/16";"Quarta";"23:55:00";"PR";369;"77,5";"SANTA MARIANA";"Falta de atenção";"Saída de Pista";"Sem Vítimas";"Plena noite";"Crescente";"Ceu Claro";"Simples";"Reta";"Rural";1;0;0;0;1;0;0;1
83493087;"25/08/16";"Quinta";"13:05:00";"BA";101;"745";"ITABELA";"Falta de atenção";"Colisão frontal";"Com Vítimas Feridas";"Pleno dia";"Crescente";"Ceu Claro";"Simples";"Reta";"Urbano";2;0;1;0;1;0;1;2
83493088;"25/08/16";"Quinta";"09:20:00";"RN";226;"345";"PATU";"Outras";"Atropelamento de pessoa";"Com Vítimas Feridas";"Pleno dia";"Decrescente";"Sol";"Simples";"Reta";"Rural";3;0;3;0;0;0;3;1
83493089;"21/08/16";"Domingo";"21:45:00";"SC";101;"134";"BALNEARIO CAMBORIU";"Falta de atenção";"Colisão com objeto fixo";"Sem Vítimas";"Plena noite";"Decrescente";"Ceu Claro";"Dupla";"Reta";"Urbano";1;0;0;0;1;0;0;1