"id";"data_inversa";"dia_semana";"horario";"uf";"br";"km";"municipio";"causa_acidente";"tipo_acidente";"classificacao_acidente";"fase_dia";"sentido_via";"condicao_metereologica";"tipo_pista";"tracado_via";"uso_solo";"pessoas";"mortos";"feridos_leves";"feridos_graves";"ilesos";"ignorados";"feridos";"veiculos"
83493090;"21/08/16";"Domingo";"15:50:00";"SC";101;"57";"BARRA VELHA";"Velocidade incompatível";"Colisão lateral";"Com Vítimas Feridas";"Pleno dia";"Decrescente";"Nublado";"Dupla";"Curva";"Rural";3;0;2;0;1;0;2;2
83493091;"25/08/16";"Quinta";"16:00:00";"MG";251;"514,2";"MONTES CLAROS";"Desobediência à sinalização";"Colisão traseira";"Sem Vítimas";"Pleno dia";"Decrescente";"Ceu Claro";"Simples";"Reta";"Rural";4;0;0;0;3;1;0;2
83493092;"25/08/16";"Quinta";"18:10:00";"PR";469;"13,5";"FOZ DO IGUACU";"Falta de atenção";"Colisão Transversal";"Com Vítimas Feridas";"Pleno dia";"Decrescente";"Ceu Claro";"Simples";"Reta";"Urbano";2;0;1;0;1;0;1;2
83493093;"25/08/16";"Quinta";"18:10:00";"RS";290;"97";"PORTO ALEGRE";"Falta de atenção";"Colisão lateral";"Sem Vítimas";"Anoitecer";"Decrescente";"Ceu Claro";"Simples";"Curva";"Urbano";2;0;0;0;2;0;0;2
83493094;"25/08/16";"Quinta";"17:50:00";"MG";381;"488";"BETIM";"Falta de atenção";"Colisão traseira";"Com Vítimas Feridas";"Anoitecer";"Crescente";"Ceu Claro";"Dupla";"Reta";"Urbano";2;0;1;0;1;0;1;2
83493095;"25/08/16";"Quinta";"18:10:00";"RS";116;"247";"SAO LEOPOLDO";"Desobediência à sinalização";"Colisão lateral";"Com Vítimas Feridas";"Anoitecer";"Decrescente";"Ceu Claro";"Dupla";"Reta";"Urbano";2;0;1;0;1;0;1;2
83493096;"25/08/16";"Quinta";"18:25:00";"RJ";101;"312,5";"SAO GONCALO";"Falta de atenção";"Atropelamento de pessoa";"Com Vítimas Feridas";"Plena noite";"Crescente";"Ceu Claro";"Múltipla";"Reta";"Urbano";2;0;0;1;1;0;1;1
83493097;"22/08/16";"Segunda";"16:30:00";"MG";262;"547,3";"LUZ";"Velocidade incompatível";"Tombamento";"Com Vítimas Feridas";"Pleno dia";"Decrescente";"Ceu Claro";"Simples";"Curva";"Rural";1;0;1;0;0;0;1;1
83493098;"25/08/16";"Quinta";"13:50:00";"BA";242;"139";"RAFAEL JAMBEIRO";"Falta de atenção";"Colisão frontal";"Sem Vítimas";"Pleno dia";"Decrescente";"Ceu Claro";"Simples";"Reta";"Rural";2;0;0;0;2;0;0;2
83493099;"25/08/16";"Quinta";"17:30:00";"SC";101;"417";"ARARANGUA";"Falta de atenção";"Colisão traseira";"Com Vítimas Feridas";"Pleno dia";"Crescente";"Sol";"Dupla";"Reta";"Urbano";2;0;1;0;1;0;1;2
83493100;"25/08/16";"Quinta";"19:20:00";"RS";153;"47";"ERECHIM";"Falta de atenção";"Colisão Transversal";"Sem Vítimas";"Plena noite";"Decrescente";"Ceu Claro";"Simples";"Cruzamento";"Urbano";2;0;0;0;2;0;0;2
83493101;"22/08/16";"Segunda";"05:50:00";"SP";116;"222";"GUARULHOS";"Falta de atenção";"Colisão traseira";"Sem Vítimas";"Amanhecer";"Decrescente";"Chuva";"Múltipla";"Reta";"Urbano";2;0;0;0;2;0;0;2
83493102;"24/08/16";"Quarta";"18:15:00";"AP";156;"208";"MAZAGAO";"Velocidade incompatível";"Saída de Pista";"Com Vítimas Feridas";"Anoitecer";"Decrescente";"Ceu Claro";"Simples";"Reta";"Rural";2;0;1;0;1;0;1;1
83493103;"25/08/16";"Quinta";"18:50:00";"CE";116;"23,4";"AQUIRAZ";"Animais na Pista";"Atropelamento de animal";"Sem Vítimas";"Plena noite";"Decrescente";"Ceu Claro";"Dupla";"Reta";"Urbano";1;0;0;0;1;0;0;1
83493104;"25/08/16";"Quinta";"16:50:00";"MG";40;"637";"CONSELHEIRO LAFAIETE";"Falta de atenção";"Colisão Transversal";"Com Vítimas Feridas";"Pleno dia";"Crescente";"Sol";"Simples";"Reta";"Rural";3;0;1;0;2;0;1;2
83493105;"21/08/16";"Domingo";"08:40:00";"MG";116;"562,4";"MANHUACU";"Falta de atenção";"Tombamento";"Com Vítimas Feridas";"Pleno dia";"Decrescente";"Ceu Claro";"Simples";"Curva";"Rural";2;0;1;1;0;0;2;2
83493106;"25/08/16";"Quinta";"17:40:00";"MS";163;"260,1";"DOURADOS";"Outras";"Queda de motocicleta / bicicleta / veículo";"Com Vítimas Feridas";"Plena noite";"Crescente";"Nublado";"Simples";"Reta";"Urbano";1;0;1;0;0;0;1;1
83493107;"25/08/16";"Quinta";"15:45:00";"MT";163;"572,5";"NOVA MUTUM";"Ultrapassagem indevida";"Saída de Pista";"Com Vítimas Feridas";"Plena noite";"Decrescente";"Ceu Claro";"Simples";"Reta";"Rural";2;0;2;0;0;0;2;1
83493108;"25/08/16";"Quinta";"16:20:00";"MT";163;"9,8";"ITIQUIRA";"Outras";"Capotamento";"Com Vítimas Feridas";"Pleno dia";"Crescente";"Chuva";"Dupla";"Reta";"Rural";2;0;2;0;0;0;2;1
83493109;"21/08/16";"Domingo";"16:40:00";"MG";381;"728,1";"CARMO DA CACHOEIRA";"Velocidade incompatível";"Capotamento";"Com Vítimas Feridas";"Pleno dia";"Crescente";"Chuva";"Dupla";"Curva";"Rural";2;0;2;0;0;0;2;1
83493110;"25/08/16";"Quinta";"06:50:00";"ES";259;"60";"COLATINA";"Falta de atenção";"Tombamento";"Com Vítimas Feridas";"Pleno dia";"Crescente";"Ceu Claro";"Simples";"Reta";"Rural";1;0;0;1;0;0;1;1
83493111;"25/08/16";"Quinta";"16:30:00";"RJ";356;"75";"ITALVA";"Defeito mecânico em veículo";"Colisão frontal";"Com Vítimas Feridas";"Pleno dia";"Decrescente";"Ceu Claro";"Simples";"Reta";"Urbano";2;0;1;0;1;0;1;2
83493112;"22/08/16";"Segunda";"06:10:00";"MG";381;"456";"BELO HORIZONTE";"Outras";"Tombamento";"Sem Vítimas";"Pleno dia";"Decrescente";"Ceu Claro";"Dupla";"Reta";"Urbano";1;0;0;0;1;0;0;1
83493113;"21/08/16";"Domingo";"19:00:00";"MG";50;"44";"UBERLANDIA";"Falta de atenção";"Saída de Pista";"Sem Vítimas";"Plena noite";"Crescente";"Ceu Claro";"Dupla";"Reta";"Rural";1;0;0;0;1;0;0;1
83493114;"25/08/16";"Quinta";"14:40:00";"SE";101;"38";"CAPELA";"Falta de atenção";"Colisão lateral";"Sem Vítimas";"Pleno dia";"Decrescente";"Nublado";"Múltipla";"Reta";"Rural";2;0;0;0;2;0;0;2
83493115;"25/08/16";"Quinta";"19:00:00";"PR";376;"635";"SAO JOSE DOS PINHAIS";"Outras";"Colisão com objeto fixo";"Com Vítimas Feridas";"Plena noite";"Crescente";"Nublado";"Dupla";"Reta";"Urbano";1;0;0;1;0;0;1;1
83493116;"25/08/16";"Quinta";"12:15:00";"PR";476;"28";"ADRIANOPOLIS";"Falta de atenção";"Tombamento";"Sem Vítimas";"Pleno dia";"Crescente";"Ceu Claro";"Simples";"Curva";"Rural";1;0;0;0;1;0;0;1
83493117;"25/08/16";"Quinta";"19:00:00";"MG";146;"507,9";"POCOS DE CALDAS";"Ingestão de álcool";"Colisão traseira";"Sem Vítimas";"Plena noite";"Crescente";"Ceu Claro";"Simples";"Reta";"Rural";2;0;0;0;2;0;0;2
83493118;"25/08/16";"Quinta";"19:40:00";"PR";376;"182,1";"SARANDI";"Desobediência à sinalização";"Colisão com bicicleta";"Com Vítimas Feridas";"Plena noite";"Decrescente";"Ceu Claro";"Dupla";"Reta";"Urbano";2;0;1;0;0;1;1;2
83493119;"25/08/16";"Quinta";"19:25:00";"SC";101;"133,8";"BALNEARIO CAMBORIU";"Defeito mecânico em veículo";"Tombamento";"Com Vítimas Feridas";"Plena noite";"Decrescente";"Ceu Claro";"Dupla";"Reta";"Urbano";1;0;1;0;0;0;1;1
83493120;"22/08/16";"Segunda";"00:30:00";"CE";222;"1";"SOBRAL";"Ingestão de álcool";"Colisão com bicicleta";"Com Vítimas Feridas";"Plena noite";"Decrescente";"Ceu Claro";"Dupla";"Reta";"Urbano";3;0;0;1;2;0;1;2
83493121;"22/08/16";"Segunda";"05:15:00";"SC";280;"51";"GUARAMIRIM";"Outras";"Queda de motocicleta / bicicleta / veículo";"Com Vítimas Feridas";"Amanhecer";"Crescente";"Nublado";"Simples";"Cruzamento";"Urbano";1;0;1;0;0;0;1;1
83493123;"17/08/16";"Quarta";"11:55:00";"RS";293;"2";"PELOTAS";"Falta de atenção";"Colisão Transversal";"Com Vítimas Feridas";"Pleno dia";"Decrescente";"Ceu Claro";"Simples";"Reta";"Urbano";2;0;1;0;1;0;1;2
83493124;"25/08/16";"Quinta";"07:40:00";"MG";262;"382";"MATEUS LEME";"Outras";"Danos Eventuais";"Com Vítimas Feridas";"Pleno dia";"Decrescente";"Ceu Claro";"Dupla";"Reta";"Rural";1;0;1;0;0;0;1;1
83493125;"25/08/16";"Quinta";"19:15:00";"RS";158;"248,6";"JULIO DE CASTILHOS";"Não guardar distância de segurança";"Colisão traseira";"Com Vítimas Feridas";"Anoitecer";"Decrescente";"Ceu Claro";"Simples";"Reta";"Rural";3;0;1;0;2;0;1;2
83493126;"19/08/16";"Sexta";"20:40:00";"MT";364;"316";"CAMPO VERDE";"Não guardar distância de segurança";"Colisão traseira";"Sem Vítimas";"Plena noite";"Decrescente";"Ignorada";"Simples";"Reta";"Rural";2;0;0;0;2;0;0;2
83493127;"22/08/16";"Segunda";"00:31:00";"RJ";101;"293";"ITABORAI";"Outras";"Derramamento de Carga";"Com Vítimas Feridas";"Plena noite";"Crescente";"Chuva";"Dupla";"Curva";"Urbano";2;0;1;0;1;0;1;1
83493130;"25/08/16";"Quinta";"20:40:00";"PR";376;"644";"TIJUCAS DO SUL";"Velocidade incompatível";"Queda de motocicleta / bicicleta / veículo";"Com Vítimas Feridas";"Plena noite";"Crescente";"Ceu Claro";"Dupla";"Curva";"Urbano";1;0;1;0;0;0;1;1
83493131;"25/08/16";"Quinta";"17:40:00";"MG";50;"54";"ARAGUARI";"Outras";"Colisão com objeto fixo";"Sem Vítimas";"Pleno dia";"Decrescente";"Ceu Claro";"Dupla";"Curva";"Rural";1;0;0;0;1;0;0;1
83493132;"25/08/16";"Quinta";"14:25:00";"SP";153;"261,1";"MARILIA";"Ultrapassagem indevida";"Colisão lateral";"Com Vítimas Feridas";"Pleno dia";"Crescente";"Ceu Claro";"Simples";"Reta";"Rural";3;0;0;1;1;1;1;2
83493133;"25/08/16";"Quinta";"15:50:00";"MS";163;"127";"NAVIRAI";"Velocidade incompatível";"Tombamento";"Com Vítimas Feridas";"Pleno dia";"Decrescente";"Ceu Claro";"Dupla";"Curva";"Rural";1;0;1;0;0;0;1;1
83493134;"24/08/16";"Quarta";"17:50:00";"MG";40;"545";"BELO HORIZONTE";"Defeito mecânico em veículo";"Colisão traseira";"Com Vítimas Feridas";"Anoitecer";"Crescente";"Ceu Claro";"Dupla";"Reta";"Urbano";2;0;1;0;1;0;1;2
83493135;"25/08/16";"Quinta";"18:00:00";"RS";293;"78";"PIRATINI";"Ultrapassagem indevida";"Colisão frontal";"Com Vítimas Feridas";"Anoitecer";"Decrescente";"Ceu Claro";"Dupla";"Reta";"Rural";2;0;2;0;0;0;2;2
83493136;"25/08/16";"Quinta";"16:40:00";"MS";163;"642,8";"SAO GABRIEL DO OESTE";"Defeito mecânico em veículo";"Incêndio";"Sem Vítimas";"Pleno dia";"Decrescente";"Sol";"Dupla";"Reta";"Rural";1;0;0;0;1;0;0;1
83493137;"25/08/16";"Quinta";"16:40:00";"MG";116;"471,4";"TARUMIRIM";"Velocidade incompatível";"Tombamento";"Com Vítimas Feridas";"Pleno dia";"Crescente";"Nublado";"Simples";"Curva";"Rural";1;0;1;0;0;0;1;1
83493138;"25/08/16";"Quinta";"18:40:00";"MS";163;"494";"CAMPO GRANDE";"Defeito mecânico em veículo";"Queda de motocicleta / bicicleta / veículo";"Com Vítimas Feridas";"Anoitecer";"Crescente";"Ceu Claro";"Simples";"Reta";"Rural";1;0;1;0;0;0;1;1
83493139;"25/08/16";"Quinta";"18:30:00";"SP";116;"217";"GUARULHOS";"Falta de atenção";"Colisão traseira";"Com Vítimas Feridas";"Anoitecer";"Crescente";"Ceu Claro";"Múltipla";"Reta";"Urbano";2;0;1;0;0;1;1;2
83493140;"25/08/16";"Quinta";"18:50:00";"MS";163;"124";"NAVIRAI";"Falta de atenção";"Atropelamento de pessoa";"Com Vítimas Feridas";"Plena noite";"Decrescente";"Ceu Claro";"Dupla";"Reta";"Rural";2;0;1;0;1;0;1;1
83493141;"25/08/16";"Quinta";"20:30:00";"SC";101;"208";"SAO JOSE";"Outras";"Colisão traseira";"Com Vítimas Feridas";"Plena noite";"Decrescente";"Nublado";"Dupla";"Reta";"Urbano";3;0;1;0;2;0;1;3
83493142;"25/08/16";"Quinta";"20:25:00";"ES";101;"146,7";"LINHARES";"Outras";"Queda de motocicleta / bicicleta / veículo";"Com Vítimas Feridas";"Plena noite";"Crescente";"Ceu Claro";"Múltipla";"Reta";"Urbano";2;0;1;1;0;0;2;1
83493143;"25/08/16";"Quinta";"20:10:00";"PB";230;"192,3";"POCINHOS";"Outras";"Colisão frontal";"Com Vítimas Feridas";"Plena noite";"Crescente";"Ceu Claro";"Simples";"Reta";"Rural";2;0;1;0;1;0;1;2
83493144;"25/08/16";"Quinta";"22:00:00";"SC";101;"195,1";"BIGUACU";"Falta de atenção";"Colisão traseira";"Com Vítimas Feridas";"Plena noite";"Crescente";"Nublado";"Múltipla";"Cruzamento";"Urbano";2;0;1;0;1;0;1;2
83493145;"25/08/16";"Quinta";"21:58:00";"SC";101;"103";"PICARRAS";"Falta de atenção";"Colisão lateral";"Sem Vítimas";"Plena noite";"Decrescente";"Nublado";"Dupla";"Cruzamento";"Rural";2;0;0;0;2;0;0;2
83493146;"05/08/16";"Sexta";"12:00:00";"SC";282;"16";"PALHOCA";"Falta de atenção";"Colisão traseira";"Sem Vítimas";"Pleno dia";"Decrescente";"Ceu Claro";"Simples";"Reta";"Urbano";2;0;0;0;2;0;0;2
83493147;"25/08/16";"Quinta";"15:45:00";"MS";163;"480,9";"CAMPO GRANDE";"Ingestão de álcool";"Saída de Pista";"Sem Vítimas";"Pleno dia";"Crescente";"Sol";"Simples";"Reta";"Rural";1;0;0;0;1;0;0;1
83493148;"25/08/16";"Quinta";"17:50:00";"PE";101;"70,8";"RECIFE";"Falta de atenção";"Colisão traseira";"Com Vítimas Feridas";"Anoitecer";"Crescente";"Ceu Claro";"Dupla";"Reta";"Urbano";2;0;1;0;1;0;1;2
83493149;"25/08/16";"Quinta";"22:15:00";"RS";287;"241,4";"SANTA MARIA";"Outras";"Queda de motocicleta / bicicleta / veículo";"Com Vítimas Feridas";"Plena noite";"Decrescente";"Ceu Claro";"Dupla";"Cruzamento";"Urbano";1;0;1;0;0;0;1;1
83493150;"25/08/16";"Quinta";"17:30:00";"PB";426;"85,1";"SANTANA DOS GARROTES";"Falta de atenção";"Capotamento";"Com Vítimas Fatais";"Pleno dia";"Crescente";"Sol";"Simples";"Reta";"Rural";2;1;0;1;0;0;1;1
83493151;"25/08/16";"Quinta";"08:40:00";"MG";354;"722,3";"POUSO ALTO";"Velocidade incompatível";"Tombamento";"Sem Vítimas";"Pleno dia";"Decrescente";"Ceu Claro";"Simples";"Curva";"Rural";1;0;0;0;1;0;0;1
83493152;"25/08/16";"Quinta";"20:00:00";"SC";101;"131,7";"BALNEARIO CAMBORIU";"Falta de atenção";"Colisão com objeto fixo";"Sem Vítimas";"Plena noite";"Crescente";"Ceu Claro";"Dupla";"Reta";"Urbano";1;0;0;0;1;0;0;1
83493153;"14/08/16";"Domingo";"18:45:00";"SC";101;"214";"PALHOCA";"Outras";"Colisão lateral";"Com Vítimas Feridas";"Plena noite";"Decrescente";"Ceu Claro";"Dupla";"Reta";"Urbano";2;0;1;0;0;1;1;2
83493154;"25/08/16";"Quinta";"14:30:00";"MA";135;"8";"SAO LUIS";"Defeito mecânico em veículo";"Colisão lateral";"Sem Vítimas";"Pleno dia";"Decrescente";"Ceu Claro";"Dupla";"Reta";"Urbano";4;0;0;0;4;0;0;4
83493155;"21/08/16";"Domingo";"22:00:00";"RN";101;"81,4";"NATAL";"Outras";"Colisão Transversal";"Sem Vítimas";"Plena noite";"Decrescente";"Ceu Claro";"Dupla";"Reta";"Urbano";2;0;0;0;1;1;0;2
83493156;"25/08/16";"Quinta";"11:00:00";"MA";316;"457,9";"CODO";"Outras";"Colisão frontal";"Com Vítimas Fatais";"Pleno dia";"Crescente";"Ceu Claro";"Simples";"Reta";"Rural";4;3;0;0;1;0;0;2
83493157;"25/08/16";"Quinta";"20:40:00";"SC";470;"125";"IBIRAMA";"Outras";"Colisão Transversal";"Sem Vítimas";"Plena noite";"Decrescente";"Ceu Claro";"Simples";"Curva";"Urbano";2;0;0;0;2;0;0;2
83493158;"25/08/16";"Quinta";"18:09:00";"RS";470;"283";"MONTENEGRO";"Desobediência à sinalização";"Colisão frontal";"Com Vítimas Feridas";"Anoitecer";"Crescente";"Ceu Claro";"Simples";"Cruzamento";"Rural";2;0;1;0;1;0;1;2
83493159;"25/08/16";"Quinta";"18:03:00";"MG";50;"183,6";"UBERABA";"Falta de atenção";"Colisão Transversal";"Sem Vítimas";"Anoitecer";"Crescente";"Ceu Claro";"Dupla";"Reta";"Rural";2;0;0;0;2;0;0;2
83493160;"25/08/16";"Quinta";"22:00:00";"GO";60;"94";"ANAPOLIS";"Outras";"Saída de Pista";"Ignorado";"Plena noite";"Decrescente";"Nublado";"Dupla";"Reta";"Urbano";1;0;0;0;0;1;0;1
83493161;"25/08/16";"Quinta";"15:45:00";"RS";116;"252,5";"SAPUCAIA DO SUL";"Defeito mecânico em veículo";"Tombamento";"Com Vítimas Feridas";"Pleno dia";"Crescente";"Ceu Claro";"Dupla";"Reta";"Urbano";2;0;2;0;0;0;2;1
83493162;"17/08/16";"Quarta";"20:00:00";"SP";381;"80,9";"SAO PAULO";"Falta de atenção";"Tombamento";"Com Vítimas Feridas";"Plena noite";"Decrescente";"Nublado";"Dupla";"Reta";"Urbano";3;0;2;0;1;0;2;2
83493163;"25/08/16";"Quinta";"20:40:00";"MG";40;"244";"SAO GONCALO DO ABAETE";"Defeito mecânico em veículo";"Saída de Pista";"Ignorado";"Plena noite";"Crescente";"Nublado";"Simples";"Curva";"Rural";1;0;0;0;0;1;0;1
83493164;"25/08/16";"Quinta";"05:30:00";"PR";163;"247";"TOLEDO";"Falta de atenção";"Tombamento";"Sem Vítimas";"Plena noite";"Decrescente";"Ceu Claro";"Simples";"Reta";"Rural";1;0;0;0;1;0;0;1
83493165;"25/08/16";"Quinta";"17:19:00";"MG";262;"357,9";"BETIM";"Outras";"Colisão frontal";"Com Vítimas Feridas";"Pleno dia";"Decrescente";"Ceu Claro";"Dupla";"Curva";"Rural";2;0;1;1;0;0;2;2
83493166;"25/08/16";"Quinta";"16:24:00";"MT";70;"83";"GENERAL CARNEIRO";"Ultrapassagem indevida";"Colisão Transversal";"Sem Vítimas";"Pleno dia";"Decrescente";"Sol";"Simples";"Reta";"Urbano";2;0;0;0;2;0;0;2
83493167;"25/08/16";"Quinta";"23:30:00";"SP";116;"446,3";"REGISTRO";"Animais na Pista";"Atropelamento de animal";"Sem Vítimas";"Plena noite";"Decrescente";"Ignorada";"Dupla";"Reta";"Urbano";1;0;0;0;1;0;0;1
83493168;"21/08/16";"Domingo";"15:10:00";"MG";381;"671,5";"PERDOES";"Velocidade incompatível";"Colisão com objeto fixo";"Com Vítimas Feridas";"Pleno dia";"Decrescente";"Chuva";"Dupla";"Curva";"Rural";5;0;2;0;3;0;2;4
83493169;"25/08/16";"Quinta";"20:30:00";"SC";101;"291,2";"IMBITUBA";"Falta de atenção";"Atropelamento de pessoa";"Com Vítimas Feridas";"Plena noite";"Crescente";"Ceu Claro";"Múltipla";"Reta";"Urbano";3;0;0;1;2;0;1;1
83493170;"25/08/16";"Quinta";"20:15:00";"SC";282;"505,8";"XANXERE";"Velocidade incompatível";"Tombamento";"Com Vítimas Feridas";"Plena noite";"Decrescente";"Ceu Claro";"Dupla";"Cruzamento";"Urbano";1;0;1;0;0;0;1;1
83493171;"25/08/16";"Quinta";"21:50:00";"RS";285;"323";"PASSO FUNDO";"Ingestão de álcool";"Saída de Pista";"Com Vítimas Feridas";"Plena noite";"Crescente";"Ceu Claro";"Simples";"Curva";"Rural";1;0;1;0;0;0;1;1
83493172;"25/08/16";"Quinta";"20:30:00";"RJ";101;"410";"ITAGUAI";"Desobediência à sinalização";"Atropelamento de pessoa";"Com Vítimas Fatais";"Plena noite";"Decrescente";"Ceu Claro";"Dupla";"Reta";"Urbano";4;1;2;0;1;0;2;2
83493173;"25/08/16";"Quinta";"21:30:00";"RS";285;"199,3";"LAGOA VERMELHA";"Falta de atenção";"Tombamento";"Sem Vítimas";"Plena noite";"Decrescente";"Ceu Claro";"Simples";"Cruzamento";"Urbano";1;0;0;0;1;0;0;1
83493174;"25/08/16";"Quinta";"06:45:00";"PB";230;"5";"CABEDELO";"Outras";"Colisão com bicicleta";"Com Vítimas Feridas";"Pleno dia";"Crescente";"Ceu Claro";"Dupla";"Reta";"Urbano";2;0;2;0;0;0;2;2
83493175;"25/08/16";"Quinta";"16:10:00";"MG";354;"761";"ITAMONTE";"Defeito mecânico em veículo";"Colisão traseira";"Com Vítimas Fatais";"Pleno dia";"Decrescente";"Ceu Claro";"Simples";"Curva";"Rural";9;1;2;2;4;0;4;7
83493176;"26/08/16";"Sexta";"00:15:00";"RS";386;"349,5";"ESTRELA";"Ingestão de álcool";"Capotamento";"Com Vítimas Feridas";"Plena noite";"Crescente";"Ceu Claro";"Dupla";"Reta";"Urbano";2;0;1;0;1;0;1;1
83493177;"25/08/16";"Quinta";"20:37:00";"PR";369;"197,6";"APUCARANA";"Falta de atenção";"Atropelamento de pessoa";"Com Vítimas Feridas";"Plena noite";"Decrescente";"Ceu Claro";"Dupla";"Curva";"Rural";2;0;1;0;1;0;1;1
83493178;"25/08/16";"Quinta";"22:50:00";"SP";116;"458,9";"PARIQUERA-ACU";"Dormindo";"Tombamento";"Sem Vítimas";"Plena noite";"Crescente";"Nublado";"Dupla";"Reta";"Rural";1;0;0;0;1;0;0;1
83493179;"25/08/16";"Quinta";"09:00:00";"PE";232;"37";"GRAVATA";"Outras";"Atropelamento de pessoa";"Com Vítimas Feridas";"Pleno dia";"Decrescente";"Sol";"Dupla";"Reta";"Urbano";2;0;0;1;1;0;1;1
83493180;"25/08/16";"Quinta";"19:30:00";"DF";70;"14";"BRASILIA";"Outras";"Capotamento";"Ignorado";"Plena noite";"Crescente";"Ceu Claro";"Dupla";"Reta";"Urbano";1;0;0;0;0;1;0;1
83493181;"26/08/16";"Sexta";"01:20:00";"MG";365;"160";"PIRAPORA";"Velocidade incompatível";"Tombamento";"Com Vítimas Feridas";"Plena noite";"Crescente";"Ignorada";"Simples";"Curva";"Rural";1;0;1;0;0;0;1;1
83493182;"25/08/16";"Quinta";"17:40:00";"RS";386;"428";"MONTENEGRO";"Outras";"Colisão traseira";"Sem Vítimas";"Pleno dia";"Crescente";"Sol";"Dupla";"Reta";"Rural";3;0;0;0;3;0;0;2
83493183;"26/08/16";"Sexta";"00:40:00";"GO";60;"93";"ANAPOLIS";"Outras";"Atropelamento de pessoa";"Com Vítimas Fatais";"Plena noite";"Decrescente";"Ceu Claro";"Dupla";"Reta";"Urbano";2;1;0;0;0;1;0;1
83493184;"25/08/16";"Quinta";"21:45:00";"MS";262;"94,8";"AGUA CLARA";"Falta de atenção";"Saída de Pista";"Sem Vítimas";"Plena noite";"Crescente";"Ceu Claro";"Simples";"Reta";"Rural";1;0;0;0;1;0;0;1
83493185;"25/08/16";"Quinta";"16:15:00";"MS";158;"1,3";"CASSILANDIA";"Defeito mecânico em veículo";"Colisão com objeto fixo";"Sem Vítimas";"Plena noite";"Decrescente";"Ceu Claro";"Simples";"Reta";"Urbano";1;0;0;0;1;0;0;1
83493186;"25/08/16";"Quinta";"16:40:00";"PB";230;"2";"CABEDELO";"Falta de atenção";"Colisão Transversal";"Com Vítimas Feridas";"Pleno dia";"Decrescente";"Ceu Claro";"Dupla";"Reta";"Urbano";2;0;0;1;1;0;1;2
83493187;"22/08/16";"Segunda";"04:50:00";"RJ";116;"291,9";"PORTO REAL";"Outras";"Colisão traseira";"Com Vítimas Feridas";"Plena noite";"Decrescente";"Ceu Claro";"Dupla";"Reta";"Urbano";4;0;2;0;2;0;2;2
83493188;"25/08/16";"Quinta";"23:20:00";"RO";364;"426,2";"JARU";"Desobediência à sinalização";"Colisão traseira";"Com Vítimas Feridas";"Plena noite";"Decrescente";"Ceu Claro";"Dupla";"Reta";"Urbano";2;0;0;1;1;0;1;2
83493189;"26/08/16";"Sexta";"02:10:00";"PR";277;"249,9";"IRATI";"Falta de atenção";"Saída de Pista";"Sem Vítimas";"Plena noite";"Crescente";"Ceu Claro";"Simples";"Curva";"Rural";1;0;0;0;1;0;0;1
83493190;"25/08/16";"Quinta";"18:15:00";"ES";101;"266,7";"SERRA";"Desobediência à sinalização";"Colisão Transversal";"Com Vítimas Feridas";"Plena noite";"Crescente";"Nublado";"Múltipla";"Reta";"Urbano";2;0;0;2;0;0;2;2
83493191;"25/08/16";"Quinta";"17:40:00";"PR";467;"106,5";"CASCAVEL";"Outras";"Colisão com objeto fixo";"Com Vítimas Feridas";"Pleno dia";"Crescente";"Ceu Claro";"Dupla";"Reta";"Rural";1;0;1;0;0;0;1;1
83493192;"25/08/16";"Quinta";"23:30:00";"PR";467;"100";"CASCAVEL";"Velocidade incompatível";"Saída de Pista";"Sem Vítimas";"Plena noite";"Crescente";"Ceu Claro";"Simples";"Reta";"Rural";1;0;0;0;1;0;0;1
83493193;"25/08/16";"Quinta";"21:50:00";"RJ";116;"255,4";"VOLTA REDONDA";"Outras";"Capotamento";"Com Vítimas Feridas";"Plena noite";"Decrescente";"Nublado";"Simples";"Reta";"Rural";1;0;0;1;0;0;1;1
83493194;"13/08/16";"Sábado";"17:40:00";"CE";116;"59";"PACAJUS";"Ultrapassagem indevida";"Saída de Pista";"Sem Vítimas";"Anoitecer";"Crescente";"Sol";"Simples";"Reta";"Rural";1;0;0;0;1;0;0;1
83493195;"09/08/16";"Terça";"20:50:00";"MT";163;"854";"SINOP";"Falta de atenção";"Colisão lateral";"Sem Vítimas";"Plena noite";"Decrescente";"Ceu Claro";"Simples";"Reta";"Urbano";2;0;0;0;2;0;0;2
83493196;"25/08/16";"Quinta";"22:30:00";"TO";153;"207,9";"NOVA OLINDA";"Velocidade incompatível";"Colisão traseira";"Com Vítimas Feridas";"Plena noite";"Crescente";"Ceu Claro";"Simples";"Reta";"Rural";6;0;1;4;1;0;5;2
83493197;"25/08/16";"Quinta";"21:00:00";"MG";40;"467,9";"SETE LAGOAS";"Dormindo";"Colisão traseira";"Com Vítimas Feridas";"Plena noite";"Crescente";"Ceu Claro";"Dupla";"Reta";"Rural";2;0;1;0;1;0;1;2
83493198;"26/08/16";"Sexta";"01:30:00";"PR";116;"83";"PIRAQUARA";"Outras";"Tombamento";"Sem Vítimas";"Plena noite";"Crescente";"Ceu Claro";"Dupla";"Reta";"Rural";1;0;0;0;1;0;0;1
83493199;"13/08/16";"Sábado";"21:50:00";"GO";153;"695,8";"ITUMBIARA";"Outras";"Colisão com bicicleta";"Com Vítimas Fatais";"Plena noite";"Decrescente";"Ceu Claro";"Dupla";"Reta";"Rural";2;1;0;0;1;0;0;2