"id";"data_inversa";"dia_semana";"horario";"uf";"br";"km";"municipio";"causa_acidente";"tipo_acidente";"classificacao_acidente";"fase_dia";"sentido_via";"condicao_metereologica";"tipo_pista";"tracado_via";"uso_solo";"pessoas";"mortos";"feridos_leves";"feridos_graves";"ilesos";"ignorados";"feridos";"veiculos"
83493200;"25/08/16";"Quinta";"20:20:00";"MG";381;"682,3";"PERDOES";"Outras";"Tombamento";"Com Vítimas Feridas";"Plena noite";"Decrescente";"Ceu Claro";"Dupla";"Curva";"Rural";3;0;2;0;1;0;2;1
83493201;"26/08/16";"Sexta";"02:00:00";"SC";101;"208,5";"SAO JOSE";"Falta de atenção";"Colisão Transversal";"Com Vítimas Feridas";"Plena noite";"Decrescente";"Ceu Claro";"Múltipla";"Reta";"Urbano";4;0;2;0;2;0;2;2
83493202;"26/08/16";"Sexta";"02:30:00";"PB";101;"11,5";"MAMANGUAPE";"Defeito mecânico em veículo";"Saída de Pista";"Sem Vítimas";"Plena noite";"Decrescente";"Ceu Claro";"Dupla";"Reta";"Rural";1;0;0;0;1;0;0;1
83493203;"26/08/16";"Sexta";"00:01:00";"RN";101;"106";"PARNAMIRIM";"Desobediência à sinalização";"Colisão frontal";"Com Vítimas Feridas";"Plena noite";"Decrescente";"Ceu Claro";"Dupla";"Reta";"Urbano";2;0;0;1;0;1;1;2
83493204;"21/08/16";"Domingo";"18:30:00";"ES";101;"294";"CARIACICA";"Outras";"Capotamento";"Sem Vítimas";"Plena noite";"Crescente";"Ceu Claro";"Múltipla";"Reta";"Urbano";1;0;0;0;1;0;0;1
83493205;"21/08/16";"Domingo";"19:00:00";"PE";423;"45,7";"CACHOEIRINHA";"Ultrapassagem indevida";"Colisão frontal";"Com Vítimas Fatais";"Plena noite";"Crescente";"Ceu Claro";"Simples";"Reta";"Rural";4;1;1;1;1;0;2;2
83493206;"26/08/16";"Sexta";"02:30:00";"MG";40;"678,8";"RESSAQUINHA";"Outras";"Colisão lateral";"Com Vítimas Feridas";"Plena noite";"Decrescente";"Ceu Claro";"Simples";"Curva";"Rural";2;0;1;0;1;0;1;2
83493207;"24/08/16";"Quarta";"09:20:00";"SC";101;"340,6";"TUBARAO";"Falta de atenção";"Colisão frontal";"Com Vítimas Feridas";"Pleno dia";"Decrescente";"Ceu Claro";"Simples";"Cruzamento";"Rural";2;0;1;0;1;0;1;2
83493208;"23/08/16";"Terça";"04:15:00";"PA";316;"10";"MARITUBA";"Outras";"Atropelamento de pessoa";"Com Vítimas Fatais";"Plena noite";"Crescente";"Ceu Claro";"Dupla";"Reta";"Urbano";2;1;0;0;0;1;0;1
83493209;"26/08/16";"Sexta";"03:00:00";"SC";470;"232,4";"SAO CRISTOVAO DO SUL";"Velocidade incompatível";"Colisão com objeto fixo";"Com Vítimas Fatais";"Plena noite";"Crescente";"Nevoeiro/neblina";"Simples";"Curva";"Rural";1;1;0;0;0;0;0;1
83493211;"21/08/16";"Domingo";"20:20:00";"SP";116;"76,2";"ROSEIRA";"Outras";"Queda de motocicleta / bicicleta / veículo";"Sem Vítimas";"Plena noite";"Crescente";"Nublado";"Dupla";"Reta";"Rural";2;0;0;0;2;0;0;2
83493213;"26/08/16";"Sexta";"03:00:00";"PR";376;"179,2";"MARINGA";"Ingestão de álcool";"Queda de motocicleta / bicicleta / veículo";"Com Vítimas Feridas";"Plena noite";"Crescente";"Ceu Claro";"Dupla";"Reta";"Urbano";1;0;1;0;0;0;1;1
83493215;"25/08/16";"Quinta";"14:40:00";"RJ";101;"62";"CAMPOS DOS GOYTACAZES";"Falta de atenção";"Colisão traseira";"Sem Vítimas";"Pleno dia";"Decrescente";"Ceu Claro";"Múltipla";"Cruzamento";"Urbano";2;0;0;0;2;0;0;2
83493216;"26/08/16";"Sexta";"04:55:00";"PR";376;"601";"CURITIBA";"Velocidade incompatível";"Queda de motocicleta / bicicleta / veículo";"Com Vítimas Feridas";"Plena noite";"Crescente";"Nevoeiro/neblina";"Dupla";"Reta";"Urbano";1;0;1;0;0;0;1;1
83493217;"25/08/16";"Quinta";"15:00:00";"MG";381;"449";"SABARA";"Outras";"Incêndio";"Sem Vítimas";"Pleno dia";"Crescente";"Ceu Claro";"Simples";"Reta";"Urbano";1;0;0;0;1;0;0;1
83493218;"25/08/16";"Quinta";"17:11:00";"MT";364;"130";"PEDRA PRETA";"Falta de atenção";"Colisão traseira";"Sem Vítimas";"Anoitecer";"Crescente";"Sol";"Simples";"Reta";"Rural";3;0;0;0;3;0;0;2
83493219;"25/08/16";"Quinta";"08:40:00";"MG";116;"523";"CARATINGA";"Outras";"Queda de motocicleta / bicicleta / veículo";"Com Vítimas Feridas";"Pleno dia";"Decrescente";"Ceu Claro";"Simples";"Reta";"Rural";1;0;1;0;0;0;1;1
83493220;"26/08/16";"Sexta";"04:30:00";"MG";50;"74,5";"UBERLANDIA";"Outras";"Capotamento";"Com Vítimas Feridas";"Plena noite";"Crescente";"Ignorada";"Dupla";"Curva";"Urbano";2;0;1;1;0;0;2;1
83493221;"01/07/16";"Sexta";"14:00:00";"PR";277;"75";"CURITIBA";"Não guardar distância de segurança";"Colisão traseira";"Sem Vítimas";"Pleno dia";"Crescente";"Sol";"Dupla";"Reta";"Urbano";3;0;0;0;2;1;0;3
83493222;"26/08/16";"Sexta";"04:40:00";"PR";376;"103,1";"PARANAVAI";"Outras";"Colisão traseira";"Com Vítimas Feridas";"Plena noite";"Crescente";"Ceu Claro";"Simples";"Reta";"Rural";2;0;1;0;1;0;1;2
83493223;"26/08/16";"Sexta";"03:40:00";"SP";116;"387";"MIRACATU";"Falta de atenção";"Colisão traseira";"Sem Vítimas";"Plena noite";"Decrescente";"Ceu Claro";"Dupla";"Reta";"Rural";2;0;0;0;2;0;0;2
83493224;"25/08/16";"Quinta";"22:40:00";"PR";153;"60,5";"GUAPIRAMA";"Falta de atenção";"Colisão traseira";"Com Vítimas Feridas";"Plena noite";"Decrescente";"Ceu Claro";"Simples";"Reta";"Rural";2;0;1;0;1;0;1;2
83493225;"26/08/16";"Sexta";"03:30:00";"PB";230;"128,9";"MASSARANDUBA";"Animais na Pista";"Saída de Pista";"Sem Vítimas";"Amanhecer";"Crescente";"Ceu Claro";"Dupla";"Reta";"Rural";1;0;0;0;1;0;0;1
83493226;"20/08/16";"Sábado";"16:37:00";"SP";116;"56,2";"GUARATINGUETA";"Outras";"Saída de Pista";"Com Vítimas Feridas";"Plena noite";"Crescente";"Ceu Claro";"Dupla";"Reta";"Rural";1;0;0;1;0;0;1;1
83493227;"23/08/16";"Terça";"02:30:00";"MT";70;"181,6";"GENERAL CARNEIRO";"Dormindo";"Saída de Pista";"Com Vítimas Feridas";"Plena noite";"Crescente";"Ceu Claro";"Simples";"Reta";"Rural";1;0;1;0;0;0;1;1
83493228;"26/08/16";"Sexta";"06:10:00";"DF";70;"10";"BRASILIA";"Falta de atenção";"Colisão traseira";"Com Vítimas Feridas";"Amanhecer";"Decrescente";"Ceu Claro";"Dupla";"Reta";"Urbano";3;0;1;0;2;0;1;2
83493229;"24/08/16";"Quarta";"13:20:00";"RJ";356;"20";"ITAPERUNA";"Falta de atenção";"Colisão lateral";"Com Vítimas Feridas";"Pleno dia";"Decrescente";"Ceu Claro";"Simples";"Reta";"Rural";2;0;1;0;1;0;1;2
83493230;"25/08/16";"Quinta";"16:00:00";"RJ";116;"126";"MAGE";"Outras";"Queda de motocicleta / bicicleta / veículo";"Com Vítimas Feridas";"Pleno dia";"Decrescente";"Ceu Claro";"Dupla";"Curva";"Rural";1;0;1;0;0;0;1;1
83493231;"22/08/16";"Segunda";"16:30:00";"MG";50;"170,9";"UBERABA";"Falta de atenção";"Colisão traseira";"Sem Vítimas";"Pleno dia";"Decrescente";"Ceu Claro";"Dupla";"Curva";"Urbano";3;0;0;0;3;0;0;3
83493232;"22/08/16";"Segunda";"08:00:00";"GO";153;"514";"APARECIDA DE GOIANIA";"Falta de atenção";"Colisão Transversal";"Com Vítimas Feridas";"Pleno dia";"Decrescente";"Ceu Claro";"Dupla";"Reta";"Urbano";2;0;0;1;1;0;1;2
83493233;"21/08/16";"Domingo";"19:00:00";"MG";116;"560,7";"MANHUACU";"Falta de atenção";"Capotamento";"Com Vítimas Feridas";"Plena noite";"Crescente";"Ceu Claro";"Simples";"Reta";"Rural";2;0;2;0;0;0;2;1
83493234;"22/08/16";"Segunda";"19:00:00";"TO";153;"138";"ARAGUAINA";"Falta de atenção";"Atropelamento de pessoa";"Com Vítimas Feridas";"Plena noite";"Decrescente";"Ceu Claro";"Múltipla";"Reta";"Urbano";2;0;0;1;1;0;1;1
83493235;"26/08/16";"Sexta";"06:35:00";"MG";262;"364,8";"JUATUBA";"Outras";"Colisão traseira";"Com Vítimas Feridas";"Amanhecer";"Decrescente";"Ceu Claro";"Dupla";"Reta";"Rural";2;0;1;0;1;0;1;2
83493236;"22/08/16";"Segunda";"22:38:00";"PR";163;"248";"TOLEDO";"Não guardar distância de segurança";"Colisão lateral";"Sem Vítimas";"Plena noite";"Crescente";"Ceu Claro";"Simples";"Reta";"Rural";2;0;0;0;1;1;0;2
83493237;"27/06/16";"Segunda";"16:40:00";"BA";116;"889,7";"CANDIDO SALES";"Outras";"Saída de Pista";"Sem Vítimas";"Pleno dia";"Decrescente";"Ceu Claro";"Simples";"Reta";"Rural";1;0;0;0;1;0;0;1
83493238;"26/08/16";"Sexta";"07:05:00";"SC";101;"207";"SAO JOSE";"Desobediência à sinalização";"Colisão Transversal";"Com Vítimas Feridas";"Pleno dia";"Crescente";"Ceu Claro";"Múltipla";"Reta";"Urbano";2;0;1;0;1;0;1;2
83493239;"26/08/16";"Sexta";"08:00:00";"SP";116;"432,2";"REGISTRO";"Falta de atenção";"Tombamento";"Sem Vítimas";"Pleno dia";"Decrescente";"Nublado";"Dupla";"Reta";"Rural";1;0;0;0;1;0;0;1
83493240;"17/07/16";"Domingo";"17:55:00";"AP";210;"9";"MACAPA";"Ingestão de álcool";"Colisão traseira";"Sem Vítimas";"Pleno dia";"Decrescente";"Ceu Claro";"Dupla";"Reta";"Rural";4;0;0;0;4;0;0;4
83493241;"23/08/16";"Terça";"06:00:00";"MG";116;"702,9";"MURIAE";"Desobediência à sinalização";"Colisão lateral";"Com Vítimas Feridas";"Pleno dia";"Decrescente";"Sol";"Simples";"Cruzamento";"Urbano";2;0;1;0;1;0;1;2
83493242;"28/06/16";"Terça";"07:30:00";"RJ";116;"300,2";"RESENDE";"Falta de atenção";"Colisão traseira";"Com Vítimas Feridas";"Amanhecer";"Crescente";"Nevoeiro/neblina";"Dupla";"Reta";"Rural";3;0;2;0;0;1;2;2
83493243;"26/08/16";"Sexta";"05:50:00";"PR";376;"667,7";"GUARATUBA";"Defeito mecânico em veículo";"Tombamento";"Com Vítimas Fatais";"Amanhecer";"Crescente";"Nublado";"Simples";"Curva";"Rural";9;1;4;0;4;0;4;3
83493244;"27/05/16";"Sexta";"22:15:00";"PR";163;"289";"MARECHAL CANDIDO RONDON";"Outras";"Queda de motocicleta / bicicleta / veículo";"Com Vítimas Feridas";"Plena noite";"Decrescente";"Ceu Claro";"Simples";"Reta";"Urbano";1;0;0;1;0;0;1;1
83493245;"24/08/16";"Quarta";"13:30:00";"GO";60;"107,9";"GOIANAPOLIS";"Falta de atenção";"Colisão com objeto fixo";"Com Vítimas Feridas";"Pleno dia";"Decrescente";"Ceu Claro";"Múltipla";"Reta";"Rural";1;0;1;0;0;0;1;1
83493246;"22/08/16";"Segunda";"18:30:00";"MG";116;"702,8";"MURIAE";"Desobediência à sinalização";"Colisão Transversal";"Com Vítimas Feridas";"Anoitecer";"Decrescente";"Ceu Claro";"Simples";"Reta";"Urbano";2;0;1;0;1;0;1;2
83493248;"24/08/16";"Quarta";"23:00:00";"MG";135;"448";"BOCAIUVA";"Velocidade incompatível";"Colisão traseira";"Com Vítimas Feridas";"Plena noite";"Decrescente";"Ceu Claro";"Simples";"Reta";"Rural";3;0;1;1;1;0;2;2
83493249;"26/08/16";"Sexta";"08:45:00";"SC";101;"114,5";"ITAJAI";"Ultrapassagem indevida";"Colisão lateral";"Com Vítimas Feridas";"Pleno dia";"Decrescente";"Nublado";"Dupla";"Reta";"Urbano";2;0;1;0;1;0;1;2
83493250;"12/08/16";"Sexta";"09:20:00";"PR";277;"79";"CURITIBA";"Desobediência à sinalização";"Colisão traseira";"Com Vítimas Feridas";"Pleno dia";"Crescente";"Sol";"Dupla";"Reta";"Urbano";2;0;1;0;1;0;1;2
83493251;"26/08/16";"Sexta";"08:25:00";"PR";369;"201,8";"APUCARANA";"Falta de atenção";"Colisão lateral";"Sem Vítimas";"Pleno dia";"Crescente";"Sol";"Simples";"Reta";"Urbano";2;0;0;0;2;0;0;2
83493252;"02/05/16";"Segunda";"18:00:00";"BA";324;"512";"FEIRA DE SANTANA";"Outras";"Colisão com bicicleta";"Com Vítimas Feridas";"Anoitecer";"Crescente";"Ceu Claro";"Simples";"Reta";"Urbano";2;0;1;1;0;0;2;2
83493253;"26/08/16";"Sexta";"08:15:00";"PR";116;"166,9";"QUITANDINHA";"Falta de atenção";"Colisão Transversal";"Com Vítimas Feridas";"Pleno dia";"Decrescente";"Ceu Claro";"Simples";"Cruzamento";"Urbano";2;0;1;0;1;0;1;2
83493254;"26/08/16";"Sexta";"07:30:00";"PR";277;"83";"CURITIBA";"Falta de atenção";"Colisão traseira";"Com Vítimas Feridas";"Pleno dia";"Crescente";"Sol";"Dupla";"Reta";"Urbano";3;0;1;0;2;0;1;2
83493255;"26/08/16";"Sexta";"07:40:00";"RS";285;"672";"SAO BORJA";"Falta de atenção";"Colisão com bicicleta";"Com Vítimas Fatais";"Pleno dia";"Decrescente";"Ceu Claro";"Simples";"Reta";"Urbano";2;1;0;0;1;0;0;2
83493256;"25/08/16";"Quinta";"06:40:00";"SE";101;"124,3";"ITAPORANGA DAJUDA";"Defeito na via";"Capotamento";"Com Vítimas Feridas";"Pleno dia";"Crescente";"Chuva";"Dupla";"Reta";"Rural";1;0;1;0;0;0;1;1
83493257;"26/08/16";"Sexta";"07:00:00";"RS";470;"222,4";"GARIBALDI";"Não guardar distância de segurança";"Colisão traseira";"Com Vítimas Feridas";"Pleno dia";"Decrescente";"Ceu Claro";"Simples";"Cruzamento";"Urbano";4;0;2;0;2;0;2;4
83493258;"26/08/16";"Sexta";"09:25:00";"PR";277;"726";"FOZ DO IGUACU";"Falta de atenção";"Colisão Transversal";"Com Vítimas Feridas";"Pleno dia";"Crescente";"Sol";"Dupla";"Curva";"Rural";2;0;1;0;1;0;1;2
83493259;"29/05/16";"Domingo";"19:00:00";"PE";104;"140";"QUIPAPA";"Outras";"Atropelamento de pessoa";"Com Vítimas Fatais";"Plena noite";"Crescente";"Chuva";"Simples";"Reta";"Rural";2;1;0;0;0;1;0;1
83493260;"26/08/16";"Sexta";"08:50:00";"RS";285;"336,4";"CARAZINHO";"Falta de atenção";"Colisão Transversal";"Com Vítimas Feridas";"Pleno dia";"Decrescente";"Ceu Claro";"Simples";"Reta";"Urbano";3;0;2;0;1;0;2;2
83493261;"26/08/16";"Sexta";"08:30:00";"SP";116;"542";"JACUPIRANGA";"Outras";"Colisão traseira";"Sem Vítimas";"Pleno dia";"Crescente";"Ignorada";"Dupla";"Reta";"Urbano";2;0;0;0;2;0;0;2
83493262;"26/08/16";"Sexta";"09:10:00";"ES";262;"6,8";"CARIACICA";"Falta de atenção";"Colisão lateral";"Sem Vítimas";"Pleno dia";"Decrescente";"Ceu Claro";"Múltipla";"Reta";"Urbano";2;0;0;0;1;1;0;2
83493263;"12/08/16";"Sexta";"07:30:00";"MG";381;"360";"JOAO MONLEVADE";"Outras";"Colisão frontal";"Com Vítimas Feridas";"Pleno dia";"Crescente";"Sol";"Simples";"Curva";"Rural";3;0;0;1;2;0;1;3
83493264;"19/08/16";"Sexta";"00:30:00";"RJ";101;"218";"SILVA JARDIM";"Ultrapassagem indevida";"Colisão frontal";"Com Vítimas Feridas";"Plena noite";"Crescente";"Ceu Claro";"Simples";"Reta";"Rural";5;0;3;0;2;0;3;3
83493265;"26/08/16";"Sexta";"06:13:00";"MS";262;"291,6";"CAMPO GRANDE";"Outras";"Capotamento";"Com Vítimas Feridas";"Amanhecer";"Decrescente";"Ceu Claro";"Simples";"Reta";"Rural";2;0;1;0;1;0;1;1
83493266;"24/08/16";"Quarta";"09:15:00";"PR";476;"297";"SAO MATEUS DO SUL";"Desobediência à sinalização";"Colisão frontal";"Com Vítimas Feridas";"Plena noite";"Crescente";"Nublado";"Simples";"Reta";"Rural";3;0;1;1;1;0;2;2
83493267;"18/08/16";"Quinta";"08:30:00";"BA";407;"19";"JUAZEIRO";"Outras";"Tombamento";"Com Vítimas Feridas";"Pleno dia";"Crescente";"Sol";"Simples";"Reta";"Rural";1;0;1;0;0;0;1;1
83493268;"26/08/16";"Sexta";"09:30:00";"GO";153;"201,4";"URUACU";"Outras";"Atropelamento de pessoa";"Com Vítimas Feridas";"Pleno dia";"Decrescente";"Ceu Claro";"Simples";"Reta";"Urbano";2;0;0;1;1;0;1;1
83493269;"22/08/16";"Segunda";"23:30:00";"PR";153;"39,7";"SANTO ANTONIO DA PLATINA";"Defeito mecânico em veículo";"Colisão traseira";"Com Vítimas Feridas";"Plena noite";"Crescente";"Ceu Claro";"Simples";"Reta";"Rural";6;0;4;0;2;0;4;2
83493270;"24/08/16";"Quarta";"17:00:00";"DF";70;"8";"BRASILIA";"Falta de atenção";"Colisão lateral";"Com Vítimas Feridas";"Pleno dia";"Crescente";"Ceu Claro";"Dupla";"Reta";"Urbano";2;0;1;0;1;0;1;2
83493271;"26/08/16";"Sexta";"04:00:00";"MT";163;"717";"SORRISO";"Dormindo";"Colisão frontal";"Com Vítimas Fatais";"Plena noite";"Decrescente";"Ceu Claro";"Simples";"Reta";"Rural";2;1;0;0;1;0;0;2
83493272;"21/08/16";"Domingo";"16:30:00";"TO";153;"403";"MIRANORTE";"Falta de atenção";"Colisão lateral";"Com Vítimas Feridas";"Pleno dia";"Decrescente";"Sol";"Simples";"Reta";"Rural";3;0;1;0;2;0;1;2
83493273;"22/08/16";"Segunda";"22:55:00";"PR";369;"147,6";"LONDRINA";"Outras";"Colisão lateral";"Sem Vítimas";"Plena noite";"Decrescente";"Ceu Claro";"Dupla";"Reta";"Urbano";2;0;0;0;1;1;0;2
83493274;"23/08/16";"Terça";"07:00:00";"RJ";393;"175";"TRES RIOS";"Não guardar distância de segurança";"Colisão traseira";"Sem Vítimas";"Pleno dia";"Decrescente";"Nublado";"Simples";"Curva";"Urbano";2;0;0;0;2;0;0;2
83493275;"26/08/16";"Sexta";"09:40:00";"MG";381;"767,2";"CAMPANHA";"Velocidade incompatível";"Saída de Pista";"Com Vítimas Feridas";"Pleno dia";"Crescente";"Ceu Claro";"Dupla";"Curva";"Rural";1;0;1;0;0;0;1;1
83493276;"26/08/16";"Sexta";"07:00:00";"AL";424;"91,5";"SATUBA";"Falta de atenção";"Colisão traseira";"Sem Vítimas";"Pleno dia";"Crescente";"Ceu Claro";"Simples";"Reta";"Rural";4;0;0;0;4;0;0;4
83493277;"22/08/16";"Segunda";"21:00:00";"RJ";116;"269";"BARRA MANSA";"Falta de atenção";"Colisão frontal";"Sem Vítimas";"Plena noite";"Crescente";"Ceu Claro";"Simples";"Curva";"Urbano";2;0;0;0;2;0;0;2
83493279;"25/08/16";"Quinta";"06:10:00";"RN";304;"304,6";"PARNAMIRIM";"Defeito mecânico em veículo";"Saída de Pista";"Sem Vítimas";"Amanhecer";"Crescente";"Ceu Claro";"Dupla";"Reta";"Urbano";2;0;0;0;2;0;0;1
83493280;"26/08/16";"Sexta";"07:40:00";"SP";116;"270,7";"TABOAO DA SERRA";"Falta de atenção";"Colisão traseira";"Com Vítimas Feridas";"Pleno dia";"Decrescente";"Sol";"Dupla";"Reta";"Urbano";3;0;1;0;2;0;1;3
83493281;"26/08/16";"Sexta";"06:50:00";"RO";319;"63,8";"PORTO VELHO";"Desobediência à sinalização";"Colisão Transversal";"Com Vítimas Feridas";"Pleno dia";"Crescente";"Ceu Claro";"Dupla";"Cruzamento";"Urbano";2;0;0;1;1;0;1;2
83493282;"25/08/16";"Quinta";"18:30:00";"BA";101;"221";"CRUZ DAS ALMAS";"Animais na Pista";"Atropelamento de animal";"Sem Vítimas";"Plena noite";"Crescente";"Chuva";"Simples";"Reta";"Urbano";1;0;0;0;1;0;0;1
83493283;"26/08/16";"Sexta";"07:30:00";"SP";459;"1,8";"PIQUETE";"Defeito mecânico em veículo";"Colisão com objeto fixo";"Sem Vítimas";"Pleno dia";"Crescente";"Ceu Claro";"Simples";"Reta";"Rural";1;0;0;0;1;0;0;1
83493284;"25/08/16";"Quinta";"06:30:00";"PE";101;"77";"RECIFE";"Falta de atenção";"Colisão traseira";"Com Vítimas Feridas";"Pleno dia";"Crescente";"Ceu Claro";"Dupla";"Reta";"Urbano";2;0;1;0;0;1;1;2
83493286;"22/08/16";"Segunda";"06:55:00";"SC";280;"128,2";"RIO NEGRINHO";"Desobediência à sinalização";"Colisão com bicicleta";"Com Vítimas Feridas";"Amanhecer";"Decrescente";"Nevoeiro/neblina";"Simples";"Reta";"Urbano";2;0;1;0;1;0;1;2
83493288;"01/07/16";"Sexta";"11:38:00";"RJ";101;"282,8";"ITABORAI";"Outras";"Queda de motocicleta / bicicleta / veículo";"Com Vítimas Feridas";"Pleno dia";"Decrescente";"Ignorada";"Dupla";"Curva";"Rural";1;0;1;0;0;0;1;1
83493289;"25/08/16";"Quinta";"15:00:00";"MT";163;"837";"SINOP";"Falta de atenção";"Colisão Transversal";"Com Vítimas Feridas";"Pleno dia";"Decrescente";"Sol";"Dupla";"Reta";"Urbano";2;0;1;0;1;0;1;2
83493290;"24/08/16";"Quarta";"10:00:00";"AL";101;"179,9";"JUNQUEIRO";"Outras";"Capotamento";"Com Vítimas Feridas";"Pleno dia";"Crescente";"Chuva";"Dupla";"Curva";"Rural";4;0;4;0;0;0;4;1
83493291;"18/08/16";"Quinta";"09:50:00";"PI";343;"3,4";"TERESINA";"Defeito mecânico em veículo";"Colisão Transversal";"Com Vítimas Feridas";"Pleno dia";"Crescente";"Sol";"Múltipla";"Cruzamento";"Urbano";2;0;1;0;1;0;1;2
83493292;"26/08/16";"Sexta";"12:25:00";"SP";116;"179";"GUARAREMA";"Outras";"Saída de Pista";"Sem Vítimas";"Pleno dia";"Crescente";"Sol";"Dupla";"Reta";"Rural";2;0;0;0;2;0;0;2
83493293;"26/08/16";"Sexta";"06:00:00";"PE";407;"11,5";"AFRANIO";"Defeito mecânico em veículo";"Colisão frontal";"Com Vítimas Fatais";"Amanhecer";"Decrescente";"Nublado";"Simples";"Reta";"Urbano";2;1;0;0;1;0;0;2
83493294;"22/08/16";"Segunda";"05:30:00";"MG";262;"38,3";"MANHUACU";"Ingestão de álcool";"Queda de motocicleta / bicicleta / veículo";"Com Vítimas Feridas";"Amanhecer";"Crescente";"Ceu Claro";"Simples";"Reta";"Urbano";1;0;1;0;0;0;1;1
83493295;"26/08/16";"Sexta";"06:00:00";"BA";324;"599";"SIMOES FILHO";"Falta de atenção";"Queda de motocicleta / bicicleta / veículo";"Com Vítimas Feridas";"Amanhecer";"Crescente";"Chuva";"Dupla";"Reta";"Rural";1;0;1;0;0;0;1;1
83493296;"26/08/16";"Sexta";"10:40:00";"PR";376;"117";"ALTO PARANA";"Não guardar distância de segurança";"Saída de Pista";"Sem Vítimas";"Pleno dia";"Decrescente";"Ceu Claro";"Simples";"Reta";"Rural";2;0;0;0;2;0;0;2
83493297;"26/08/16";"Sexta";"10:25:00";"PR";277;"660,9";"MATELANDIA";"Falta de atenção";"Colisão com objeto fixo";"Ignorado";"Pleno dia";"Decrescente";"Ceu Claro";"Dupla";"Reta";"Rural";2;0;0;0;0;2;0;2
83493298;"26/08/16";"Sexta";"11:20:00";"RS";116;"147,5";"CAXIAS DO SUL";"Desobediência à sinalização";"Colisão Transversal";"Sem Vítimas";"Pleno dia";"Crescente";"Ceu Claro";"Dupla";"Cruzamento";"Urbano";2;0;0;0;2;0;0;2
83493299;"22/08/16";"Segunda";"16:45:00";"MT";364;"398";"CUIABA";"Não guardar distância de segurança";"Colisão traseira";"Com Vítimas Feridas";"Pleno dia";"Crescente";"Ceu Claro";"Simples";"Reta";"Urbano";2;0;1;0;1;0;1;2
83493300;"26/08/16";"Sexta";"09:00:00";"PA";316;"9";"MARITUBA";"Falta de atenção";"Atropelamento de pessoa";"Com Vítimas Fatais";"Pleno dia";"Crescente";"Sol";"Dupla";"Reta";"Urbano";2;1;1;0;0;0;1;1
83493301;"26/08/16";"Sexta";"13:20:00";"SC";101;"206,3";"SAO JOSE";"Desobediência à sinalização";"Colisão lateral";"Com Vítimas Feridas";"Pleno dia";"Crescente";"Ceu Claro";"Múltipla";"Reta";"Urbano";2;0;1;0;1;0;1;2
83493302;"19/08/16";"Sexta";"02:00:00";"SP";116;"133,8";"CACAPAVA";"Dormindo";"Saída de Pista";"Com Vítimas Feridas";"Plena noite";"Crescente";"Ceu Claro";"Dupla";"Reta";"Urbano";1;0;0;1;0;0;1;1
83493303;"26/08/16";"Sexta";"13:40:00";"BA";116;"542";"MILAGRES";"Falta de atenção";"Colisão traseira";"Sem Vítimas";"Pleno dia";"Decrescente";"Ceu Claro";"Simples";"Reta";"Rural";3;0;0;0;3;0;0;2
83493304;"26/08/16";"Sexta";"11:00:00";"RS";116;"46,1";"VACARIA";"Falta de atenção";"Saída de Pista";"Sem Vítimas";"Pleno dia";"Crescente";"Ceu Claro";"Simples";"Reta";"Rural";1;0;0;0;1;0;0;1
83493305;"26/08/16";"Sexta";"10:00:00";"SC";101;"105";"PENHA";"Ultrapassagem indevida";"Colisão lateral";"Com Vítimas Feridas";"Pleno dia";"Crescente";"Ceu Claro";"Dupla";"Reta";"Rural";2;0;1;0;1;0;1;2
83493306;"21/03/16";"Segunda";"14:00:00";"MT";70;"381";"CAMPO VERDE";"Falta de atenção";"Colisão Transversal";"Com Vítimas Feridas";"Pleno dia";"Decrescente";"Ceu Claro";"Simples";"Reta";"Urbano";2;0;1;0;1;0;1;2
83493307;"26/08/16";"Sexta";"09:00:00";"SC";470;"47,9";"GASPAR";"Desobediência à sinalização";"Colisão frontal";"Com Vítimas Feridas";"Pleno dia";"Decrescente";"Nublado";"Simples";"Curva";"Rural";2;0;0;1;1;0;1;2
83493308;"22/08/16";"Segunda";"16:30:00";"SP";116;"133,8";"CACAPAVA";"Falta de atenção";"Colisão traseira";"Com Vítimas Feridas";"Pleno dia";"Crescente";"Ceu Claro";"Dupla";"Reta";"Urbano";2;0;0;1;1;0;1;2
83493309;"21/08/16";"Domingo";"08:00:00";"ES";262;"40";"DOMINGOS MARTINS";"Outras";"Colisão Transversal";"Com Vítimas Feridas";"Pleno dia";"Decrescente";"Ceu Claro";"Simples";"Curva";"Rural";2;0;0;1;1;0;1;2
83493310;"13/08/16";"Sábado";"17:15:00";"GO";158;"201,9";"CAIAPONIA";"Dormindo";"Colisão frontal";"Com Vítimas Fatais";"Pleno dia";"Crescente";"Ceu Claro";"Simples";"Reta";"Rural";3;1;0;2;0;0;2;2
83493311;"23/08/16";"Terça";"06:40:00";"MG";40;"511";"RIBEIRAO DAS NEVES";"Outras";"Colisão com objeto móvel";"Sem Vítimas";"Amanhecer";"Crescente";"Ignorada";"Dupla";"Reta";"Urbano";1;0;0;0;1;0;0;1
83493312;"24/08/16";"Quarta";"08:45:00";"MG";459;"98,6";"POUSO ALEGRE";"Falta de atenção";"Colisão com objeto fixo";"Com Vítimas Fatais";"Pleno dia";"Decrescente";"Sol";"Dupla";"Curva";"Urbano";2;1;0;1;0;0;1;1
83493313;"23/08/16";"Terça";"06:30:00";"BA";242;"220,8";"ITABERABA";"Velocidade incompatível";"Colisão frontal";"Com Vítimas Fatais";"Amanhecer";"Crescente";"Chuva";"Simples";"Curva";"Rural";7;3;1;2;1;0;3;3