"id";"data_inversa";"dia_semana";"horario";"uf";"br";"km";"municipio";"causa_acidente";"tipo_acidente";"classificacao_acidente";"fase_dia";"sentido_via";"condicao_metereologica";"tipo_pista";"tracado_via";"uso_solo";"pessoas";"mortos";"feridos_leves";"feridos_graves";"ilesos";"ignorados";"feridos";"veiculos"
83493426;"26/08/16";"Sexta";"15:50:00";"SP";153;"62";"SAO JOSE DO RIO PRETO";"Falta de atenção";"Colisão lateral";"Com Vítimas Feridas";"Pleno dia";"Crescente";"Sol";"Dupla";"Reta";"Urbano";2;0;1;0;1;0;1;2
83493427;"23/08/16";"Terça";"00:30:00";"SP";116;"118,5";"TAUBATE";"Outras";"Colisão traseira";"Sem Vítimas";"Plena noite";"Crescente";"Ceu Claro";"Dupla";"Reta";"Rural";2;0;0;0;1;1;0;2
83493428;"26/08/16";"Sexta";"18:30:00";"MS";262;"504";"ANASTACIO";"Outras";"Queda de motocicleta / bicicleta / veículo";"Com Vítimas Feridas";"Anoitecer";"Crescente";"Ignorada";"Simples";"Reta";"Rural";2;0;2;0;0;0;2;1
83493429;"26/08/16";"Sexta";"16:10:00";"MS";419;"251,4";"ANASTACIO";"Defeito mecânico em veículo";"Queda de motocicleta / bicicleta / veículo";"Com Vítimas Feridas";"Pleno dia";"Crescente";"Ceu Claro";"Simples";"Reta";"Rural";2;0;2;0;0;0;2;1
83493430;"26/08/16";"Sexta";"19:02:00";"PR";376;"0,7";"MARINGA";"Outras";"Colisão com objeto móvel";"Com Vítimas Feridas";"Plena noite";"Crescente";"Ceu Claro";"Dupla";"Reta";"Urbano";2;0;1;0;1;0;1;2
83493432;"26/08/16";"Sexta";"21:00:00";"BA";116;"755,5";"POCOES";"Falta de atenção";"Colisão traseira";"Sem Vítimas";"Plena noite";"Decrescente";"Nublado";"Simples";"Reta";"Urbano";2;0;0;0;2;0;0;2
83493433;"26/08/16";"Sexta";"12:30:00";"MG";262;"727,8";"PERDIZES";"Velocidade incompatível";"Saída de Pista";"Com Vítimas Feridas";"Pleno dia";"Crescente";"Ceu Claro";"Simples";"Curva";"Rural";3;0;1;0;2;0;1;1
83493434;"26/08/16";"Sexta";"18:30:00";"RN";304;"33,5";"MOSSORO";"Outras";"Atropelamento de pessoa";"Com Vítimas Feridas";"Plena noite";"Crescente";"Ceu Claro";"Dupla";"Reta";"Rural";2;0;1;1;0;0;2;1
83493435;"26/08/16";"Sexta";"18:10:00";"SP";116;"227";"SAO PAULO";"Falta de atenção";"Colisão lateral";"Sem Vítimas";"Anoitecer";"Decrescente";"Nublado";"Múltipla";"Reta";"Urbano";2;0;0;0;2;0;0;2
83493436;"29/06/16";"Quarta";"19:20:00";"MG";381;"908,2";"CAMBUI";"Velocidade incompatível";"Tombamento";"Sem Vítimas";"Plena noite";"Decrescente";"Ceu Claro";"Dupla";"Curva";"Rural";1;0;0;0;1;0;0;1
83493437;"23/08/16";"Terça";"05:30:00";"MG";40;"511";"RIBEIRAO DAS NEVES";"Outras";"Colisão com objeto fixo";"Sem Vítimas";"Amanhecer";"Crescente";"Ceu Claro";"Dupla";"Reta";"Urbano";1;0;0;0;1;0;0;1
83493438;"26/08/16";"Sexta";"19:00:00";"SP";116;"53,5";"LORENA";"Outras";"Colisão com objeto fixo";"Com Vítimas Feridas";"Anoitecer";"Crescente";"Ceu Claro";"Dupla";"Reta";"Urbano";1;0;1;0;0;0;1;1
83493439;"26/08/16";"Sexta";"21:30:00";"MG";116;"529,4";"CARATINGA";"Falta de atenção";"Colisão lateral";"Com Vítimas Feridas";"Plena noite";"Decrescente";"Ceu Claro";"Dupla";"Cruzamento";"Urbano";3;0;2;0;1;0;2;2
83493440;"26/08/16";"Sexta";"17:00:00";"GO";153;"564,7";"PROFESSOR JAMIL";"Falta de atenção";"Colisão lateral";"Sem Vítimas";"Pleno dia";"Decrescente";"Ceu Claro";"Dupla";"Curva";"Urbano";3;0;0;0;3;0;0;2
83493441;"25/08/16";"Quinta";"21:15:00";"RS";290;"116,2";"ELDORADO DO SUL";"Outras";"Colisão frontal";"Com Vítimas Fatais";"Plena noite";"Crescente";"Ceu Claro";"Simples";"Reta";"Rural";11;1;2;3;5;0;5;4
83493442;"26/08/16";"Sexta";"08:30:00";"MG";267;"81";"JUIZ DE FORA";"Outras";"Saída de Pista";"Com Vítimas Feridas";"Pleno dia";"Decrescente";"Ignorada";"Simples";"Reta";"Rural";1;0;1;0;0;0;1;1
83493443;"26/08/16";"Sexta";"20:30:00";"SC";470;"98,1";"APIUNA";"Falta de atenção";"Colisão Transversal";"Com Vítimas Feridas";"Plena noite";"Decrescente";"Nublado";"Simples";"Reta";"Urbano";3;0;1;1;1;0;2;2
83493445;"26/08/16";"Sexta";"12:30:00";"MT";364;"202";"RONDONOPOLIS";"Defeito mecânico em veículo";"Tombamento";"Sem Vítimas";"Pleno dia";"Decrescente";"Sol";"Dupla";"Reta";"Urbano";1;0;0;0;1;0;0;1
83493446;"26/08/16";"Sexta";"22:00:00";"CE";222;"2";"SOBRAL";"Outras";"Colisão com bicicleta";"Com Vítimas Feridas";"Plena noite";"Decrescente";"Ceu Claro";"Dupla";"Reta";"Urbano";2;0;0;1;1;0;1;2
83493447;"26/08/16";"Sexta";"19:02:00";"RO";364;"340,2";"JI-PARANA";"Outras";"Queda de motocicleta / bicicleta / veículo";"Com Vítimas Feridas";"Plena noite";"Crescente";"Ceu Claro";"Simples";"Cruzamento";"Urbano";1;0;1;0;0;0;1;1
83493448;"26/08/16";"Sexta";"17:30:00";"MG";262;"446,9";"NOVA SERRANA";"Falta de atenção";"Colisão Transversal";"Com Vítimas Feridas";"Anoitecer";"Crescente";"Ceu Claro";"Simples";"Reta";"Urbano";2;0;0;1;1;0;1;2
83493450;"26/08/16";"Sexta";"16:50:00";"SC";101;"201";"PALHOCA";"Outras";"Colisão com objeto móvel";"Com Vítimas Feridas";"Pleno dia";"Decrescente";"Ceu Claro";"Dupla";"Reta";"Urbano";2;0;1;0;1;0;1;2
83493451;"26/08/16";"Sexta";"21:00:00";"MG";40;"508";"RIBEIRAO DAS NEVES";"Falta de atenção";"Saída de Pista";"Sem Vítimas";"Plena noite";"Decrescente";"Ceu Claro";"Dupla";"Reta";"Rural";1;0;0;0;1;0;0;1
83493452;"26/08/16";"Sexta";"15:15:00";"RO";364;"335";"JI-PARANA";"Falta de atenção";"Colisão lateral";"Com Vítimas Feridas";"Pleno dia";"Decrescente";"Ceu Claro";"Simples";"Reta";"Rural";2;0;1;0;1;0;1;2
83493453;"26/08/16";"Sexta";"21:20:00";"ES";393;"4,6";"CACHOEIRO DE ITAPEMIRIM";"Outras";"Colisão lateral";"Com Vítimas Feridas";"Plena noite";"Crescente";"Ceu Claro";"Simples";"Reta";"Rural";2;0;0;1;0;1;1;2
83493454;"26/08/16";"Sexta";"18:15:00";"RJ";393;"256";"BARRA DO PIRAI";"Outras";"Atropelamento de pessoa";"Com Vítimas Feridas";"Anoitecer";"Crescente";"Ceu Claro";"Simples";"Reta";"Urbano";2;0;0;1;1;0;1;1
83493455;"26/08/16";"Sexta";"14:30:00";"PE";232;"130,8";"CARUARU";"Falta de atenção";"Colisão traseira";"Sem Vítimas";"Pleno dia";"Crescente";"Sol";"Dupla";"Reta";"Urbano";2;0;0;0;2;0;0;2
83493456;"26/08/16";"Sexta";"22:37:00";"RS";153;"48,9";"ERECHIM";"Falta de atenção";"Atropelamento de pessoa";"Com Vítimas Feridas";"Plena noite";"Crescente";"Ceu Claro";"Simples";"Reta";"Urbano";3;0;0;1;2;0;1;1
83493457;"26/08/16";"Sexta";"22:00:00";"BA";101;"251";"CONCEICAO DO ALMEIDA";"Desobediência à sinalização";"Colisão traseira";"Sem Vítimas";"Plena noite";"Decrescente";"Chuva";"Simples";"Reta";"Rural";2;0;0;0;2;0;0;2
83493458;"26/08/16";"Sexta";"22:00:00";"PR";277;"5";"PARANAGUA";"Defeito mecânico em veículo";"Saída de Pista";"Sem Vítimas";"Plena noite";"Crescente";"Ceu Claro";"Dupla";"Reta";"Urbano";1;0;0;0;1;0;0;1
83493459;"26/08/16";"Sexta";"20:45:00";"MG";267;"356,9";"CAMBUQUIRA";"Outras";"Tombamento";"Sem Vítimas";"Plena noite";"Crescente";"Ceu Claro";"Simples";"Reta";"Rural";1;0;0;0;1;0;0;1
83493460;"26/08/16";"Sexta";"23:30:00";"SC";470;"69,5";"INDAIAL";"Ingestão de álcool";"Tombamento";"Com Vítimas Feridas";"Pleno dia";"Decrescente";"Ceu Claro";"Simples";"Reta";"Urbano";2;0;1;1;0;0;2;1
83493461;"21/08/16";"Domingo";"19:50:00";"RJ";101;"65";"CAMPOS DOS GOYTACAZES";"Falta de atenção";"Colisão Transversal";"Com Vítimas Feridas";"Plena noite";"Crescente";"Ceu Claro";"Dupla";"Reta";"Urbano";3;0;1;0;2;0;1;2
83493462;"26/08/16";"Sexta";"17:20:00";"MS";163;"813,5";"PEDRO GOMES";"Velocidade incompatível";"Colisão lateral";"Com Vítimas Feridas";"Anoitecer";"Decrescente";"Sol";"Simples";"Cruzamento";"Rural";2;0;1;0;1;0;1;2
83493463;"19/08/16";"Sexta";"04:50:00";"DF";60;"26,5";"BRASILIA";"Ingestão de álcool";"Capotamento";"Com Vítimas Feridas";"Plena noite";"Crescente";"Ceu Claro";"Dupla";"Reta";"Rural";2;0;1;0;1;0;1;1
83493464;"26/08/16";"Sexta";"19:00:00";"AC";364;"99";"RIO BRANCO";"Falta de atenção";"Saída de Pista";"Com Vítimas Feridas";"Plena noite";"Decrescente";"Ceu Claro";"Simples";"Reta";"Rural";1;0;1;0;0;0;1;1
83493465;"26/08/16";"Sexta";"19:40:00";"RJ";116;"203";"SEROPEDICA";"Velocidade incompatível";"Colisão com objeto fixo";"Sem Vítimas";"Plena noite";"Decrescente";"Ceu Claro";"Dupla";"Reta";"Urbano";1;0;0;0;1;0;0;1
83493466;"26/08/16";"Sexta";"17:30:00";"MS";158;"121";"APARECIDA DO TABOADO";"Ingestão de álcool";"Colisão frontal";"Com Vítimas Feridas";"Anoitecer";"Crescente";"Ceu Claro";"Simples";"Reta";"Rural";6;0;1;2;2;1;3;3
83493467;"26/08/16";"Sexta";"15:50:00";"PR";376;"446";"TIBAGI";"Falta de atenção";"Colisão traseira";"Sem Vítimas";"Pleno dia";"Crescente";"Ceu Claro";"Simples";"Reta";"Rural";3;0;0;0;3;0;0;3
83493468;"26/08/16";"Sexta";"20:00:00";"BA";135;"174";"BARREIRAS";"Falta de atenção";"Colisão Transversal";"Com Vítimas Feridas";"Plena noite";"Crescente";"Ceu Claro";"Simples";"Reta";"Urbano";4;0;3;0;0;1;3;2
83493469;"22/08/16";"Segunda";"07:00:00";"PI";316;"47,8";"LAGOA DO PIAUI";"Outras";"Colisão traseira";"Sem Vítimas";"Pleno dia";"Decrescente";"Sol";"Simples";"Reta";"Urbano";2;0;0;0;2;0;0;2
83493471;"26/08/16";"Sexta";"17:50:00";"GO";60;"8";"SANTO ANTONIO DO DESCOBERTO";"Velocidade incompatível";"Saída de Pista";"Com Vítimas Feridas";"Anoitecer";"Decrescente";"Ceu Claro";"Dupla";"Curva";"Rural";1;0;0;1;0;0;1;1
83493472;"27/08/16";"Sábado";"00:05:00";"MG";365;"638,6";"UBERLANDIA";"Velocidade incompatível";"Capotamento";"Com Vítimas Feridas";"Plena noite";"Crescente";"Ceu Claro";"Dupla";"Curva";"Rural";3;0;3;0;0;0;3;1
83493473;"26/08/16";"Sexta";"16:45:00";"AL";101;"167,3";"CAMPO ALEGRE";"Falta de atenção";"Capotamento";"Sem Vítimas";"Pleno dia";"Decrescente";"Ceu Claro";"Simples";"Curva";"Rural";1;0;0;0;1;0;0;1
83493474;"26/08/16";"Sexta";"18:40:00";"PI";230;"190,8";"OEIRAS";"Falta de atenção";"Colisão lateral";"Com Vítimas Feridas";"Plena noite";"Crescente";"Ignorada";"Simples";"Reta";"Rural";2;0;1;1;0;0;2;2
83493475;"22/08/16";"Segunda";"16:10:00";"DF";60;"7,2";"BRASILIA";"Velocidade incompatível";"Saída de Pista";"Com Vítimas Feridas";"Plena noite";"Crescente";"Ceu Claro";"Dupla";"Reta";"Urbano";5;0;2;0;3;0;2;3
83493476;"27/08/16";"Sábado";"02:00:00";"CE";222;"148";"IRAUCUBA";"Dormindo";"Colisão frontal";"Com Vítimas Feridas";"Plena noite";"Crescente";"Ceu Claro";"Simples";"Reta";"Urbano";2;0;0;1;1;0;1;2
83493477;"22/08/16";"Segunda";"22:00:00";"GO";40;"21,5";"LUZIANIA";"Outras";"Atropelamento de animal";"Ignorado";"Plena noite";"Crescente";"Ceu Claro";"Dupla";"Reta";"Urbano";1;0;0;0;0;1;0;1
83493478;"27/08/16";"Sábado";"01:00:00";"RN";101;"99,4";"NATAL";"Outras";"Capotamento";"Com Vítimas Feridas";"Plena noite";"Crescente";"Ceu Claro";"Dupla";"Reta";"Urbano";1;0;0;1;0;0;1;1
83493479;"26/08/16";"Sexta";"19:00:00";"RS";471;"142,1";"SANTA CRUZ DO SUL";"Falta de atenção";"Colisão Transversal";"Com Vítimas Feridas";"Anoitecer";"Decrescente";"Ceu Claro";"Simples";"Cruzamento";"Urbano";2;0;1;0;1;0;1;2
83493480;"26/08/16";"Sexta";"17:40:00";"MS";267;"414,9";"MARACAJU";"Defeito mecânico em veículo";"Saída de Pista";"Com Vítimas Feridas";"Anoitecer";"Crescente";"Ceu Claro";"Simples";"Curva";"Rural";1;0;1;0;0;0;1;1
83493481;"26/08/16";"Sexta";"17:00:00";"PR";272;"543";"TERRA ROXA";"Não guardar distância de segurança";"Saída de Pista";"Com Vítimas Feridas";"Pleno dia";"Crescente";"Ceu Claro";"Simples";"Reta";"Rural";2;0;2;0;0;0;2;1
83493482;"26/08/16";"Sexta";"14:00:00";"PR";163;"3";"BARRACAO";"Ultrapassagem indevida";"Saída de Pista";"Sem Vítimas";"Pleno dia";"Crescente";"Ceu Claro";"Simples";"Reta";"Rural";2;0;0;0;2;0;0;2
83493483;"26/08/16";"Sexta";"21:00:00";"TO";153;"389";"RIO DOS BOIS";"Outras";"Colisão traseira";"Sem Vítimas";"Plena noite";"Decrescente";"Ignorada";"Simples";"Reta";"Rural";2;0;0;0;2;0;0;2
83493484;"26/08/16";"Sexta";"19:00:00";"CE";20;"417,6";"MARACANAU";"Não guardar distância de segurança";"Colisão traseira";"Sem Vítimas";"Anoitecer";"Crescente";"Ceu Claro";"Simples";"Reta";"Urbano";3;0;0;0;3;0;0;3
83493485;"26/08/16";"Sexta";"18:30:00";"MA";135;"146,1";"MATOES DO NORTE";"Defeito na via";"Capotamento";"Com Vítimas Feridas";"Anoitecer";"Decrescente";"Ceu Claro";"Simples";"Reta";"Rural";2;0;1;1;0;0;2;1
83493486;"26/08/16";"Sexta";"22:00:00";"PR";116;"88";"PIRAQUARA";"Outras";"Colisão traseira";"Com Vítimas Feridas";"Plena noite";"Decrescente";"Nevoeiro/neblina";"Dupla";"Reta";"Rural";5;0;1;0;4;0;1;4
83493487;"26/08/16";"Sexta";"17:00:00";"RS";290;"109";"ELDORADO DO SUL";"Falta de atenção";"Colisão Transversal";"Sem Vítimas";"Pleno dia";"Crescente";"Ceu Claro";"Simples";"Reta";"Urbano";2;0;0;0;2;0;0;2
83493488;"26/08/16";"Sexta";"18:30:00";"SP";153;"36,2";"ONDA VERDE";"Defeito mecânico em veículo";"Colisão traseira";"Com Vítimas Feridas";"Anoitecer";"Decrescente";"Ceu Claro";"Simples";"Curva";"Rural";3;0;1;0;2;0;1;2
83493489;"26/08/16";"Sexta";"16:45:00";"PI";316;"233";"INHUMA";"Falta de atenção";"Colisão traseira";"Sem Vítimas";"Pleno dia";"Decrescente";"Ceu Claro";"Simples";"Reta";"Rural";3;0;0;0;1;2;0;2
83493490;"26/08/16";"Sexta";"10:25:00";"ES";101;"147,8";"LINHARES";"Falta de atenção";"Queda de motocicleta / bicicleta / veículo";"Com Vítimas Feridas";"Pleno dia";"Decrescente";"Sol";"Múltipla";"Reta";"Urbano";1;0;1;0;0;0;1;1
83493491;"27/08/16";"Sábado";"03:00:00";"SC";101;"88";"BARRA VELHA";"Velocidade incompatível";"Colisão com objeto fixo";"Com Vítimas Feridas";"Plena noite";"Crescente";"Nublado";"Dupla";"Reta";"Urbano";2;0;1;1;0;0;2;1
83493492;"26/08/16";"Sexta";"18:00:00";"PI";343;"3";"TERESINA";"Falta de atenção";"Colisão com bicicleta";"Com Vítimas Feridas";"Anoitecer";"Decrescente";"Vento";"Múltipla";"Reta";"Urbano";2;0;0;1;1;0;1;2
83493493;"26/08/16";"Sexta";"13:20:00";"ES";101;"65,8";"SAO MATEUS";"Outras";"Queda de motocicleta / bicicleta / veículo";"Com Vítimas Feridas";"Pleno dia";"Crescente";"Ceu Claro";"Múltipla";"Reta";"Urbano";2;0;2;0;0;0;2;1
83493494;"27/08/16";"Sábado";"04:00:00";"PR";277;"106";"CAMPO LARGO";"Outras";"Capotamento";"Com Vítimas Feridas";"Plena noite";"Decrescente";"Nevoeiro/neblina";"Dupla";"Reta";"Urbano";3;0;2;0;1;0;2;1
83493495;"26/08/16";"Sexta";"18:50:00";"ES";101;"171";"ARACRUZ";"Ingestão de álcool";"Colisão lateral";"Sem Vítimas";"Plena noite";"Decrescente";"Ceu Claro";"Simples";"Reta";"Rural";2;0;0;0;2;0;0;2
83493496;"26/08/16";"Sexta";"08:00:00";"BA";415;"22,3";"ILHEUS";"Outras";"Derramamento de Carga";"Sem Vítimas";"Pleno dia";"Decrescente";"Nublado";"Simples";"Reta";"Rural";2;0;0;0;2;0;0;2
83493497;"27/08/16";"Sábado";"03:30:00";"SC";163;"101,7";"SAO JOSE DO CEDRO";"Ingestão de álcool";"Saída de Pista";"Com Vítimas Fatais";"Plena noite";"Crescente";"Ceu Claro";"Simples";"Reta";"Urbano";1;1;0;0;0;0;0;1
83493498;"27/08/16";"Sábado";"04:40:00";"RS";116;"243,7";"SAO LEOPOLDO";"Ingestão de álcool";"Colisão com objeto fixo";"Com Vítimas Feridas";"Plena noite";"Crescente";"Ceu Claro";"Dupla";"Reta";"Urbano";1;0;1;0;0;0;1;1
83493499;"27/08/16";"Sábado";"04:30:00";"RJ";101;"66,8";"CAMPOS DOS GOYTACAZES";"Outras";"Saída de Pista";"Sem Vítimas";"Plena noite";"Decrescente";"Nublado";"Simples";"Cruzamento";"Urbano";1;0;0;0;1;0;0;1
83493500;"27/08/16";"Sábado";"03:30:00";"MT";364;"401";"CUIABA";"Defeito na via";"Saída de Pista";"Com Vítimas Feridas";"Plena noite";"Decrescente";"Ceu Claro";"Dupla";"Cruzamento";"Urbano";1;0;1;0;0;0;1;1
83493501;"27/08/16";"Sábado";"01:45:00";"MG";50;"102";"UBERLANDIA";"Animais na Pista";"Atropelamento de animal";"Com Vítimas Feridas";"Plena noite";"Decrescente";"Ceu Claro";"Dupla";"Reta";"Rural";2;0;1;0;1;0;1;2
83493502;"27/08/16";"Sábado";"02:40:00";"PA";222;"242";"MARABA";"Falta de atenção";"Colisão frontal";"Com Vítimas Feridas";"Plena noite";"Decrescente";"Ceu Claro";"Simples";"Reta";"Urbano";5;0;1;0;4;0;1;2
83493503;"27/08/16";"Sábado";"04:00:00";"SC";101;"413,7";"ARARANGUA";"Velocidade incompatível";"Colisão com objeto fixo";"Sem Vítimas";"Plena noite";"Decrescente";"Nevoeiro/neblina";"Simples";"Cruzamento";"Urbano";1;0;0;0;1;0;0;1
83493504;"26/08/16";"Sexta";"19:10:00";"PR";369;"519";"CASCAVEL";"Ingestão de álcool";"Queda de motocicleta / bicicleta / veículo";"Sem Vítimas";"Plena noite";"Decrescente";"Ceu Claro";"Simples";"Reta";"Rural";1;0;0;0;1;0;0;1
83493505;"26/08/16";"Sexta";"22:30:00";"RS";116;"451,6";"SAO LOURENCO DO SUL";"Falta de atenção";"Colisão Transversal";"Sem Vítimas";"Plena noite";"Decrescente";"Ceu Claro";"Simples";"Reta";"Rural";3;0;0;0;3;0;0;3
83493506;"26/08/16";"Sexta";"19:00:00";"BA";116;"335,8";"TEOFILANDIA";"Falta de atenção";"Colisão Transversal";"Com Vítimas Feridas";"Plena noite";"Crescente";"Ceu Claro";"Simples";"Reta";"Urbano";2;0;0;1;1;0;1;2
83493507;"27/08/16";"Sábado";"01:00:00";"PA";230;"169";"MARABA";"Ingestão de álcool";"Colisão traseira";"Sem Vítimas";"Plena noite";"Decrescente";"Ceu Claro";"Simples";"Reta";"Rural";2;0;0;0;2;0;0;2
83493508;"26/08/16";"Sexta";"14:40:00";"PR";153;"241,5";"TIBAGI";"Desobediência à sinalização";"Colisão frontal";"Com Vítimas Feridas";"Pleno dia";"Crescente";"Sol";"Simples";"Curva";"Rural";5;0;2;3;0;0;5;2
83493509;"27/08/16";"Sábado";"05:50:00";"GO";158;"270,6";"JATAI";"Falta de atenção";"Saída de Pista";"Sem Vítimas";"Plena noite";"Crescente";"Ceu Claro";"Simples";"Curva";"Urbano";1;0;0;0;1;0;0;1
83493510;"26/08/16";"Sexta";"21:30:00";"SC";101;"202";"SAO JOSE";"Falta de atenção";"Colisão traseira";"Com Vítimas Feridas";"Plena noite";"Decrescente";"Ceu Claro";"Dupla";"Reta";"Urbano";2;0;1;0;1;0;1;2
83493511;"27/08/16";"Sábado";"03:15:00";"RS";472;"124,1";"TRES DE MAIO";"Outras";"Colisão frontal";"Com Vítimas Fatais";"Plena noite";"Crescente";"Ceu Claro";"Simples";"Reta";"Rural";4;1;0;3;0;0;3;2
83493512;"22/08/16";"Segunda";"11:00:00";"BA";324;"537";"CONCEICAO DO JACUIPE";"Outras";"Atropelamento de animal";"Sem Vítimas";"Pleno dia";"Decrescente";"Nublado";"Dupla";"Curva";"Urbano";1;0;0;0;1;0;0;1
83493514;"22/08/16";"Segunda";"17:20:00";"SC";101;"163";"TIJUCAS";"Falta de atenção";"Colisão lateral";"Sem Vítimas";"Pleno dia";"Crescente";"Ceu Claro";"Dupla";"Reta";"Urbano";2;0;0;0;2;0;0;2
83493515;"22/08/16";"Segunda";"18:30:00";"MG";251;"317";"SALINAS";"Falta de atenção";"Colisão Transversal";"Com Vítimas Feridas";"Plena noite";"Decrescente";"Nublado";"Simples";"Curva";"Rural";6;0;3;0;3;0;3;2
83493516;"22/08/16";"Segunda";"22:20:00";"BA";101;"165";"FEIRA DE SANTANA";"Outras";"Colisão traseira";"Com Vítimas Feridas";"Plena noite";"Crescente";"Nublado";"Simples";"Reta";"Urbano";2;0;1;0;0;1;1;2
83493517;"26/08/16";"Sexta";"23:20:00";"RJ";116;"302,6";"RESENDE";"Falta de atenção";"Colisão traseira";"Com Vítimas Feridas";"Plena noite";"Crescente";"Ceu Claro";"Dupla";"Reta";"Rural";4;0;2;1;1;0;3;2
83493518;"22/08/16";"Segunda";"09:00:00";"RJ";40;"39";"AREAL";"Outras";"Tombamento";"Sem Vítimas";"Pleno dia";"Crescente";"Ceu Claro";"Dupla";"Curva";"Rural";1;0;0;0;1;0;0;1
83493519;"26/08/16";"Sexta";"20:20:00";"RJ";116;"299";"RESENDE";"Outras";"Colisão com objeto fixo";"Sem Vítimas";"Plena noite";"Decrescente";"Ceu Claro";"Dupla";"Reta";"Rural";2;0;0;0;1;1;0;2
83493520;"27/08/16";"Sábado";"02:15:00";"SC";101;"113,4";"ITAJAI";"Outras";"Saída de Pista";"Ignorado";"Plena noite";"Decrescente";"Nublado";"Dupla";"Curva";"Urbano";1;0;0;0;0;1;0;1
83493521;"20/08/16";"Sábado";"10:00:00";"PB";230;"161";"CAMPINA GRANDE";"Defeito mecânico em veículo";"Colisão lateral";"Sem Vítimas";"Pleno dia";"Decrescente";"Ceu Claro";"Simples";"Reta";"Urbano";2;0;0;0;2;0;0;2
83493522;"27/08/16";"Sábado";"04:50:00";"RJ";116;"304,7";"RESENDE";"Ingestão de álcool";"Capotamento";"Com Vítimas Feridas";"Plena noite";"Decrescente";"Vento";"Dupla";"Reta";"Urbano";3;0;1;1;0;1;2;1
83493523;"27/08/16";"Sábado";"05:30:00";"RS";158;"229,8";"CRUZ ALTA";"Dormindo";"Saída de Pista";"Com Vítimas Feridas";"Plena noite";"Crescente";"Ceu Claro";"Simples";"Reta";"Rural";2;0;2;0;0;0;2;1
83493524;"27/08/16";"Sábado";"06:00:00";"RJ";101;"313";"SAO GONCALO";"Outras";"Colisão lateral";"Sem Vítimas";"Amanhecer";"Decrescente";"Ceu Claro";"Dupla";"Reta";"Urbano";4;0;0;0;4;0;0;3
83493525;"27/08/16";"Sábado";"02:11:00";"BA";242;"381";"SEABRA";"Ingestão de álcool";"Queda de motocicleta / bicicleta / veículo";"Com Vítimas Feridas";"Plena noite";"Decrescente";"Ignorada";"Simples";"Curva";"Rural";1;0;1;0;0;0;1;1
83493526;"24/08/16";"Quarta";"06:08:00";"MG";40;"530";"CONTAGEM";"Desobediência à sinalização";"Colisão lateral";"Com Vítimas Feridas";"Pleno dia";"Crescente";"Ceu Claro";"Dupla";"Reta";"Urbano";3;0;1;0;2;0;1;2
83493527;"26/08/16";"Sexta";"21:10:00";"MG";381;"586";"CARMOPOLIS DE MINAS";"Outras";"Saída de Pista";"Sem Vítimas";"Plena noite";"Crescente";"Ceu Claro";"Simples";"Curva";"Urbano";1;0;0;0;1;0;0;1
83493528;"27/08/16";"Sábado";"06:10:00";"RS";386;"307,2";"POUSO NOVO";"Velocidade incompatível";"Colisão frontal";"Com Vítimas Fatais";"Plena noite";"Crescente";"Ceu Claro";"Simples";"Reta";"Rural";4;3;1;0;0;0;1;2
83493529;"22/08/16";"Segunda";"22:50:00";"RJ";101;"319";"NITEROI";"Outras";"Atropelamento de pessoa";"Com Vítimas Feridas";"Plena noite";"Crescente";"Ignorada";"Dupla";"Reta";"Rural";2;0;0;1;1;0;1;1
83493530;"23/08/16";"Terça";"17:00:00";"MG";116;"189";"CARAI";"Outras";"Colisão Transversal";"Com Vítimas Feridas";"Pleno dia";"Decrescente";"Ceu Claro";"Simples";"Reta";"Rural";2;0;0;2;0;0;2;2
83493531;"15/08/16";"Segunda";"13:30:00";"SC";470;"12";"NAVEGANTES";"Velocidade incompatível";"Atropelamento de pessoa";"Com Vítimas Feridas";"Pleno dia";"Decrescente";"Chuva";"Simples";"Reta";"Urbano";3;0;2;1;0;0;3;2
83493532;"15/08/16";"Segunda";"13:30:00";"SC";470;"12";"NAVEGANTES";"Velocidade incompatível";"Atropelamento de pessoa";"Com Vítimas Feridas";"Pleno dia";"Decrescente";"Chuva";"Simples";"Reta";"Urbano";3;0;2;1;0;0;3;2
83493533;"27/08/16";"Sábado";"05:50:00";"PR";369;"235,6";"JANDAIA DO SUL";"Outras";"Capotamento";"Com Vítimas Fatais";"Amanhecer";"Crescente";"Ceu Claro";"Simples";"Reta";"Rural";2;1;1;0;0;0;1;1
83493534;"24/08/16";"Quarta";"23:30:00";"MG";116;"283,4";"TEOFILO OTONI";"Velocidade incompatível";"Colisão frontal";"Com Vítimas Fatais";"Plena noite";"Crescente";"Ceu Claro";"Simples";"Curva";"Rural";2;1;0;0;1;0;0;2
83493535;"10/08/16";"Quarta";"18:05:00";"SC";101;"213";"PALHOCA";"Outras";"Colisão traseira";"Com Vítimas Feridas";"Anoitecer";"Crescente";"Ceu Claro";"Dupla";"Reta";"Urbano";3;0;1;1;1;0;2;3
83493536;"27/08/16";"Sábado";"07:00:00";"PR";476;"145,8";"CURITIBA";"Outras";"Colisão traseira";"Com Vítimas Feridas";"Pleno dia";"Decrescente";"Sol";"Dupla";"Reta";"Urbano";4;0;2;0;2;0;2;3
83493537;"21/08/16";"Domingo";"20:20:00";"PR";163;"148";"CAPITAO LEONIDAS MARQUES";"Ingestão de álcool";"Colisão traseira";"Sem Vítimas";"Anoitecer";"Crescente";"Ceu Claro";"Simples";"Reta";"Rural";2;0;0;0;2;0;0;2