"id";"data_inversa";"dia_semana";"horario";"uf";"br";"km";"municipio";"causa_acidente";"tipo_acidente";"classificacao_acidente";"fase_dia";"sentido_via";"condicao_metereologica";"tipo_pista";"tracado_via";"uso_solo";"pessoas";"mortos";"feridos_leves";"feridos_graves";"ilesos";"ignorados";"feridos";"veiculos"
83493538;"26/08/16";"Sexta";"07:20:00";"MA";10;"320";"ACAILANDIA";"Desobediência à sinalização";"Colisão frontal";"Com Vítimas Feridas";"Pleno dia";"Crescente";"Ceu Claro";"Simples";"Reta";"Urbano";3;0;0;1;2;0;1;3
83493539;"23/08/16";"Terça";"15:10:00";"MG";40;"461,5";"SETE LAGOAS";"Ultrapassagem indevida";"Capotamento";"Com Vítimas Feridas";"Pleno dia";"Decrescente";"Ceu Claro";"Dupla";"Reta";"Rural";2;0;0;1;1;0;1;2
83493540;"23/08/16";"Terça";"12:00:00";"PA";230;"632";"ALTAMIRA";"Falta de atenção";"Colisão lateral";"Com Vítimas Feridas";"Pleno dia";"Decrescente";"Ceu Claro";"Simples";"Reta";"Urbano";2;0;1;0;1;0;1;2
83493541;"27/08/16";"Sábado";"07:30:00";"PR";116;"47";"CAMPINA GRANDE DO SUL";"Outras";"Colisão com objeto fixo";"Sem Vítimas";"Pleno dia";"Decrescente";"Nevoeiro/neblina";"Dupla";"Reta";"Urbano";1;0;0;0;1;0;0;1
83493542;"20/08/16";"Sábado";"05:00:00";"MA";135;"39";"SAO LUIS";"Outras";"Capotamento";"Com Vítimas Feridas";"Plena noite";"Decrescente";"Ceu Claro";"Simples";"Curva";"Rural";2;0;1;1;0;0;2;1
83493543;"23/08/16";"Terça";"20:30:00";"SP";116;"311";"SAO LOURENCO DA SERRA";"Velocidade incompatível";"Colisão Transversal";"Sem Vítimas";"Plena noite";"Crescente";"Nublado";"Dupla";"Reta";"Rural";2;0;0;0;2;0;0;2
83493544;"26/08/16";"Sexta";"19:30:00";"SC";282;"216";"LAGES";"Ingestão de álcool";"Colisão com objeto fixo";"Com Vítimas Feridas";"Plena noite";"Crescente";"Ceu Claro";"Simples";"Curva";"Urbano";1;0;1;0;0;0;1;1
83493545;"27/08/16";"Sábado";"07:15:00";"SC";101;"216";"PALHOCA";"Falta de atenção";"Colisão Transversal";"Com Vítimas Feridas";"Pleno dia";"Crescente";"Ceu Claro";"Múltipla";"Cruzamento";"Urbano";2;0;1;0;1;0;1;2
83493546;"24/08/16";"Quarta";"14:15:00";"MT";158;"645";"NOVA XAVANTINA";"Defeito mecânico em veículo";"Saída de Pista";"Sem Vítimas";"Pleno dia";"Crescente";"Ceu Claro";"Simples";"Reta";"Rural";1;0;0;0;1;0;0;1
83493547;"23/08/16";"Terça";"20:40:00";"MG";381;"494,5";"BETIM";"Outras";"Queda de motocicleta / bicicleta / veículo";"Com Vítimas Feridas";"Plena noite";"Crescente";"Ceu Claro";"Dupla";"Reta";"Urbano";2;0;0;1;1;0;1;2
83493548;"26/08/16";"Sexta";"05:20:00";"PR";158;"508";"PATO BRANCO";"Falta de atenção";"Colisão traseira";"Sem Vítimas";"Amanhecer";"Crescente";"Ceu Claro";"Simples";"Reta";"Rural";2;0;0;0;2;0;0;2
83493549;"24/08/16";"Quarta";"05:40:00";"MG";153;"240";"FRUTAL";"Falta de atenção";"Colisão lateral";"Sem Vítimas";"Amanhecer";"Decrescente";"Ceu Claro";"Simples";"Reta";"Rural";3;0;0;0;3;0;0;3
83493550;"27/08/16";"Sábado";"07:10:00";"PB";101;"93,9";"CONDE";"Falta de atenção";"Colisão traseira";"Com Vítimas Feridas";"Pleno dia";"Crescente";"Ceu Claro";"Dupla";"Reta";"Rural";2;0;1;0;1;0;1;2
83493551;"20/08/16";"Sábado";"06:55:00";"SP";116;"142,3";"SAO JOSE DOS CAMPOS";"Outras";"Saída de Pista";"Ignorado";"Amanhecer";"Decrescente";"Ceu Claro";"Dupla";"Reta";"Rural";1;0;0;0;0;1;0;1
83493552;"23/08/16";"Terça";"13:54:00";"MG";381;"510";"IGARAPE";"Não guardar distância de segurança";"Colisão traseira";"Com Vítimas Feridas";"Pleno dia";"Crescente";"Ceu Claro";"Dupla";"Reta";"Urbano";2;0;1;0;1;0;1;2
83493553;"20/08/16";"Sábado";"05:20:00";"MG";116;"529,3";"CARATINGA";"Outras";"Colisão Transversal";"Com Vítimas Feridas";"Amanhecer";"Crescente";"Nublado";"Dupla";"Reta";"Urbano";2;0;1;0;1;0;1;2
83493554;"24/08/16";"Quarta";"04:15:00";"MG";50;"70";"UBERLANDIA";"Outras";"Atropelamento de pessoa";"Com Vítimas Feridas";"Plena noite";"Decrescente";"Ceu Claro";"Dupla";"Reta";"Urbano";2;0;1;0;1;0;1;1
83493555;"27/08/16";"Sábado";"08:40:00";"CE";222;"2,1";"SOBRAL";"Falta de atenção";"Colisão traseira";"Com Vítimas Feridas";"Pleno dia";"Decrescente";"Ceu Claro";"Dupla";"Curva";"Urbano";3;0;1;0;2;0;1;2
83493556;"24/08/16";"Quarta";"03:30:00";"MG";40;"529";"CONTAGEM";"Outras";"Colisão com objeto fixo";"Sem Vítimas";"Plena noite";"Decrescente";"Ceu Claro";"Dupla";"Curva";"Urbano";1;0;0;0;1;0;0;1
83493557;"23/08/16";"Terça";"13:20:00";"RJ";116;"79";"TERESOPOLIS";"Outras";"Colisão traseira";"Com Vítimas Feridas";"Pleno dia";"Crescente";"Nublado";"Simples";"Reta";"Urbano";4;0;1;1;2;0;2;3
83493559;"27/08/16";"Sábado";"06:45:00";"CE";222;"2,1";"SOBRAL";"Ingestão de álcool";"Saída de Pista";"Com Vítimas Feridas";"Pleno dia";"Decrescente";"Ceu Claro";"Dupla";"Curva";"Urbano";1;0;1;0;0;0;1;1
83493560;"27/08/16";"Sábado";"09:20:00";"PE";232;"139,8";"CARUARU";"Outras";"Saída de Pista";"Com Vítimas Feridas";"Pleno dia";"Crescente";"Nublado";"Dupla";"Reta";"Rural";1;0;1;0;0;0;1;1
83493561;"08/08/16";"Segunda";"01:15:00";"PA";316;"136";"PEIXE-BOI";"Outras";"Colisão lateral";"Com Vítimas Fatais";"Plena noite";"Crescente";"Nevoeiro/neblina";"Simples";"Reta";"Rural";8;5;1;1;1;0;2;2
83493562;"23/08/16";"Terça";"06:15:00";"SP";116;"157,9";"JACAREI";"Falta de atenção";"Colisão com objeto fixo";"Sem Vítimas";"Pleno dia";"Crescente";"Ceu Claro";"Dupla";"Reta";"Urbano";1;0;0;0;1;0;0;1
83493563;"19/08/16";"Sexta";"20:00:00";"RN";101;"96,3";"NATAL";"Outras";"Tombamento";"Com Vítimas Feridas";"Plena noite";"Crescente";"Ceu Claro";"Múltipla";"Curva";"Urbano";2;0;2;0;0;0;2;1
83493564;"24/08/16";"Quarta";"06:15:00";"SC";470;"40,9";"GASPAR";"Defeito mecânico em veículo";"Tombamento";"Sem Vítimas";"Amanhecer";"Decrescente";"Ceu Claro";"Simples";"Curva";"Urbano";1;0;0;0;1;0;0;1
83493565;"24/08/16";"Quarta";"06:00:00";"BA";116;"463";"SANTO ESTEVAO";"Não guardar distância de segurança";"Colisão traseira";"Com Vítimas Feridas";"Pleno dia";"Crescente";"Chuva";"Simples";"Reta";"Urbano";2;0;1;0;1;0;1;2
83493566;"27/08/16";"Sábado";"09:10:00";"RS";287;"252,7";"SANTA MARIA";"Dormindo";"Colisão frontal";"Com Vítimas Feridas";"Pleno dia";"Decrescente";"Ceu Claro";"Simples";"Reta";"Rural";2;0;2;0;0;0;2;2
83493567;"23/08/16";"Terça";"18:35:00";"GO";414;"436,1";"ANAPOLIS";"Falta de atenção";"Colisão lateral";"Com Vítimas Feridas";"Plena noite";"Decrescente";"Ceu Claro";"Dupla";"Reta";"Urbano";3;0;2;0;1;0;2;2
83493568;"27/08/16";"Sábado";"09:00:00";"MG";40;"40,5";"PARACATU";"Falta de atenção";"Colisão Transversal";"Sem Vítimas";"Pleno dia";"Decrescente";"Ceu Claro";"Simples";"Reta";"Urbano";2;0;0;0;1;1;0;2
83493569;"31/05/16";"Terça";"16:40:00";"PR";376;"391";"IMBAU";"Falta de atenção";"Colisão com objeto fixo";"Com Vítimas Feridas";"Pleno dia";"Decrescente";"Chuva";"Simples";"Reta";"Rural";2;0;0;1;1;0;1;1
83493570;"24/08/16";"Quarta";"07:00:00";"MS";262;"516,6";"AQUIDAUANA";"Dormindo";"Saída de Pista";"Sem Vítimas";"Amanhecer";"Crescente";"Ceu Claro";"Simples";"Reta";"Rural";1;0;0;0;1;0;0;1
83493571;"27/08/16";"Sábado";"09:30:00";"PR";153;"107,5";"IBAITI";"Falta de atenção";"Atropelamento de pessoa";"Com Vítimas Feridas";"Pleno dia";"Crescente";"Sol";"Simples";"Reta";"Urbano";2;0;1;0;1;0;1;1
83493572;"23/08/16";"Terça";"23:00:00";"BA";101;"198";"CACHOEIRA";"Outras";"Tombamento";"Sem Vítimas";"Plena noite";"Crescente";"Chuva";"Simples";"Reta";"Rural";1;0;0;0;1;0;0;1
83493573;"27/08/16";"Sábado";"07:45:00";"PR";376;"462,3";"PONTA GROSSA";"Dormindo";"Saída de Pista";"Sem Vítimas";"Pleno dia";"Crescente";"Ceu Claro";"Dupla";"Reta";"Rural";1;0;0;0;1;0;0;1
83493574;"27/08/16";"Sábado";"09:00:00";"RS";386;"390,8";"TRIUNFO";"Não guardar distância de segurança";"Colisão traseira";"Sem Vítimas";"Pleno dia";"Decrescente";"Ceu Claro";"Dupla";"Reta";"Urbano";4;0;0;0;4;0;0;4
83493575;"27/08/16";"Sábado";"09:00:00";"GO";60;"28,2";"ALEXANIA";"Outras";"Colisão com objeto fixo";"Sem Vítimas";"Pleno dia";"Decrescente";"Ceu Claro";"Dupla";"Reta";"Urbano";1;0;0;0;1;0;0;1
83493576;"24/08/16";"Quarta";"04:30:00";"BA";324;"537";"CONCEICAO DO JACUIPE";"Outras";"Tombamento";"Com Vítimas Feridas";"Plena noite";"Decrescente";"Chuva";"Dupla";"Curva";"Rural";2;0;2;0;0;0;2;1
83493577;"23/08/16";"Terça";"20:50:00";"SC";470;"160";"TROMBUDO CENTRAL";"Falta de atenção";"Colisão Transversal";"Sem Vítimas";"Plena noite";"Decrescente";"Nublado";"Simples";"Curva";"Urbano";2;0;0;0;1;1;0;2
83493578;"27/08/16";"Sábado";"11:00:00";"SC";101;"38,4";"JOINVILLE";"Falta de atenção";"Colisão com bicicleta";"Com Vítimas Feridas";"Pleno dia";"Crescente";"Sol";"Múltipla";"Cruzamento";"Rural";2;0;1;0;1;0;1;2
83493579;"26/08/16";"Sexta";"05:20:00";"DF";70;"7,4";"BRASILIA";"Velocidade incompatível";"Colisão lateral";"Com Vítimas Feridas";"Amanhecer";"Crescente";"Ceu Claro";"Dupla";"Reta";"Urbano";4;0;0;3;1;0;3;2
83493580;"27/08/16";"Sábado";"11:30:00";"PR";376;"2,2";"SAO JOSE DOS PINHAIS";"Velocidade incompatível";"Colisão com objeto fixo";"Sem Vítimas";"Pleno dia";"Crescente";"Sol";"Dupla";"Curva";"Urbano";1;0;0;0;1;0;0;1
83493581;"24/08/16";"Quarta";"14:00:00";"MG";40;"720,5";"BARBACENA";"Falta de atenção";"Queda de motocicleta / bicicleta / veículo";"Com Vítimas Feridas";"Pleno dia";"Decrescente";"Sol";"Dupla";"Curva";"Urbano";1;0;1;0;0;0;1;1
83493582;"27/08/16";"Sábado";"08:00:00";"ES";101;"293,7";"CARIACICA";"Desobediência à sinalização";"Colisão Transversal";"Com Vítimas Feridas";"Pleno dia";"Crescente";"Chuva";"Múltipla";"Curva";"Urbano";3;0;0;1;2;0;1;2
83493583;"27/08/16";"Sábado";"06:45:00";"PR";376;"8";"MARINGA";"Ingestão de álcool";"Saída de Pista";"Sem Vítimas";"Amanhecer";"Decrescente";"Ceu Claro";"Simples";"Cruzamento";"Rural";1;0;0;0;1;0;0;1
83493584;"24/08/16";"Quarta";"19:20:00";"MS";163;"627,9";"SAO GABRIEL DO OESTE";"Outras";"Saída de Pista";"Com Vítimas Feridas";"Plena noite";"Crescente";"Ceu Claro";"Simples";"Reta";"Rural";3;0;2;0;1;0;2;1
83493585;"24/08/16";"Quarta";"06:45:00";"RS";470;"221";"BENTO GONCALVES";"Falta de atenção";"Colisão traseira";"Sem Vítimas";"Pleno dia";"Decrescente";"Ceu Claro";"Simples";"Reta";"Urbano";3;0;0;0;3;0;0;3
83493586;"27/08/16";"Sábado";"11:50:00";"AL";101;"77";"MESSIAS";"Outras";"Colisão frontal";"Com Vítimas Feridas";"Pleno dia";"Crescente";"Nublado";"Simples";"Reta";"Rural";2;0;0;1;0;1;1;2
83493587;"19/08/16";"Sexta";"19:50:00";"BA";116;"793";"PLANALTO";"Outras";"Queda de motocicleta / bicicleta / veículo";"Com Vítimas Feridas";"Plena noite";"Decrescente";"Ceu Claro";"Simples";"Reta";"Rural";1;0;1;0;0;0;1;1
83493588;"27/08/16";"Sábado";"10:45:00";"RS";158;"112";"PALMEIRA DAS MISSOES";"Outras";"Saída de Pista";"Com Vítimas Feridas";"Pleno dia";"Decrescente";"Ceu Claro";"Simples";"Reta";"Rural";1;0;1;0;0;0;1;1
83493589;"27/08/16";"Sábado";"08:12:00";"SP";116;"93,7";"PINDAMONHANGABA";"Outras";"Atropelamento de pessoa";"Com Vítimas Fatais";"Pleno dia";"Crescente";"Ceu Claro";"Dupla";"Reta";"Rural";2;1;0;0;0;1;0;1
83493590;"23/08/16";"Terça";"22:00:00";"PR";277;"198";"PALMEIRA";"Outras";"Saída de Pista";"Sem Vítimas";"Plena noite";"Decrescente";"Ceu Claro";"Simples";"Reta";"Rural";1;0;0;0;1;0;0;1
83493591;"27/08/16";"Sábado";"12:20:00";"MT";70;"4";"BARRA DO GARCAS";"Não guardar distância de segurança";"Colisão Transversal";"Sem Vítimas";"Pleno dia";"Decrescente";"Ceu Claro";"Simples";"Curva";"Urbano";2;0;0;0;2;0;0;2
83493592;"27/08/16";"Sábado";"10:00:00";"PE";232;"4,7";"RECIFE";"Outras";"Tombamento";"Sem Vítimas";"Pleno dia";"Crescente";"Ceu Claro";"Dupla";"Reta";"Urbano";1;0;0;0;1;0;0;1
83493593;"27/08/16";"Sábado";"07:00:00";"MT";70;"521";"VARZEA GRANDE";"Falta de atenção";"Colisão Transversal";"Com Vítimas Feridas";"Pleno dia";"Decrescente";"Ceu Claro";"Simples";"Cruzamento";"Urbano";2;0;1;1;0;0;2;2
83493594;"26/08/16";"Sexta";"10:00:00";"MT";163;"715,1";"SORRISO";"Falta de atenção";"Colisão traseira";"Sem Vítimas";"Pleno dia";"Crescente";"Ceu Claro";"Simples";"Reta";"Urbano";9;0;0;0;9;0;0;4
83493595;"27/08/16";"Sábado";"10:00:00";"PR";467;"99";"CASCAVEL";"Outras";"Tombamento";"Com Vítimas Feridas";"Pleno dia";"Decrescente";"Sol";"Dupla";"Curva";"Rural";1;0;0;1;0;0;1;1
83493596;"24/08/16";"Quarta";"21:20:00";"BA";116;"10,1";"VITORIA DA CONQUISTA";"Animais na Pista";"Atropelamento de animal";"Com Vítimas Feridas";"Plena noite";"Crescente";"Nublado";"Simples";"Reta";"Urbano";2;0;2;0;0;0;2;1
83493597;"27/08/16";"Sábado";"08:50:00";"RS";290;"724";"URUGUAIANA";"Falta de atenção";"Atropelamento de pessoa";"Sem Vítimas";"Pleno dia";"Crescente";"Ceu Claro";"Simples";"Reta";"Urbano";2;0;0;0;2;0;0;1
83493598;"27/08/16";"Sábado";"13:25:00";"BA";116;"426";"FEIRA DE SANTANA";"Outras";"Capotamento";"Com Vítimas Feridas";"Pleno dia";"Crescente";"Nublado";"Simples";"Reta";"Urbano";1;0;0;1;0;0;1;1
83493599;"27/08/16";"Sábado";"11:00:00";"ES";259;"4,1";"JOAO NEIVA";"Defeito na via";"Queda de motocicleta / bicicleta / veículo";"Com Vítimas Feridas";"Pleno dia";"Crescente";"Sol";"Simples";"Reta";"Rural";1;0;1;0;0;0;1;1
83493600;"23/08/16";"Terça";"22:30:00";"RJ";116;"169";"SAO JOAO DE MERITI";"Falta de atenção";"Colisão traseira";"Sem Vítimas";"Plena noite";"Decrescente";"Nublado";"Múltipla";"Reta";"Urbano";2;0;0;0;2;0;0;2
83493601;"27/08/16";"Sábado";"10:30:00";"BA";242;"343";"PALMEIRAS";"Defeito mecânico em veículo";"Incêndio";"Sem Vítimas";"Pleno dia";"Crescente";"Chuva";"Simples";"Curva";"Rural";1;0;0;0;1;0;0;1
83493603;"27/08/16";"Sábado";"11:55:00";"RN";101;"82,9";"NATAL";"Falta de atenção";"Colisão Transversal";"Sem Vítimas";"Pleno dia";"Decrescente";"Ceu Claro";"Dupla";"Reta";"Urbano";2;0;0;0;2;0;0;2
83493604;"19/08/16";"Sexta";"18:20:00";"RN";101;"102";"PARNAMIRIM";"Outras";"Atropelamento de pessoa";"Com Vítimas Fatais";"Plena noite";"Crescente";"Ceu Claro";"Múltipla";"Reta";"Urbano";2;1;0;0;1;0;0;1
83493606;"24/08/16";"Quarta";"21:35:00";"SE";101;"84,7";"SAO CRISTOVAO";"Outras";"Colisão lateral";"Com Vítimas Feridas";"Pleno dia";"Crescente";"Nublado";"Dupla";"Reta";"Rural";2;0;1;0;0;1;1;2
83493607;"27/08/16";"Sábado";"12:15:00";"DF";20;"8,7";"BRASILIA";"Falta de atenção";"Colisão Transversal";"Com Vítimas Feridas";"Pleno dia";"Decrescente";"Ceu Claro";"Dupla";"Reta";"Urbano";6;0;5;0;1;0;5;2
83493608;"27/08/16";"Sábado";"10:40:00";"RJ";40;"122";"DUQUE DE CAXIAS";"Velocidade incompatível";"Colisão traseira";"Com Vítimas Feridas";"Pleno dia";"Decrescente";"Ceu Claro";"Dupla";"Reta";"Urbano";7;0;3;1;3;0;4;3
83493609;"23/08/16";"Terça";"09:00:00";"MA";316;"273,3";"BELA VISTA DO MARANHAO";"Outras";"Capotamento";"Com Vítimas Feridas";"Pleno dia";"Crescente";"Ceu Claro";"Simples";"Reta";"Rural";1;0;1;0;0;0;1;1
83493610;"27/08/16";"Sábado";"13:33:00";"RN";101;"81,9";"SAO GONCALO DO AMARANTE";"Desobediência à sinalização";"Atropelamento de pessoa";"Com Vítimas Feridas";"Pleno dia";"Crescente";"Ceu Claro";"Dupla";"Reta";"Urbano";3;0;3;0;0;0;3;1
83493611;"23/08/16";"Terça";"17:00:00";"BA";324;"2";"FEIRA DE SANTANA";"Outras";"Queda de motocicleta / bicicleta / veículo";"Com Vítimas Feridas";"Anoitecer";"Decrescente";"Nublado";"Dupla";"Reta";"Urbano";1;0;0;1;0;0;1;1
83493612;"24/08/16";"Quarta";"00:20:00";"CE";222;"17";"CAUCAIA";"Dormindo";"Saída de Pista";"Sem Vítimas";"Plena noite";"Decrescente";"Nublado";"Simples";"Reta";"Urbano";1;0;0;0;1;0;0;1
83493613;"27/08/16";"Sábado";"11:15:00";"PA";316;"35";"SANTA ISABEL DO PARA";"Ultrapassagem indevida";"Colisão lateral";"Com Vítimas Feridas";"Pleno dia";"Crescente";"Sol";"Dupla";"Reta";"Urbano";3;0;2;0;0;1;2;2
83493614;"23/08/16";"Terça";"16:00:00";"GO";40;"7";"VALPARAISO DE GOIAS";"Falta de atenção";"Colisão Transversal";"Com Vítimas Feridas";"Pleno dia";"Crescente";"Sol";"Dupla";"Reta";"Urbano";2;0;1;0;1;0;1;2
83493615;"27/08/16";"Sábado";"12:30:00";"PR";163;"287";"MARECHAL CANDIDO RONDON";"Falta de atenção";"Atropelamento de pessoa";"Com Vítimas Feridas";"Pleno dia";"Decrescente";"Sol";"Dupla";"Reta";"Urbano";2;0;2;0;0;0;2;1
83493616;"27/08/16";"Sábado";"09:40:00";"MT";174;"1";"CACERES";"Falta de atenção";"Colisão traseira";"Com Vítimas Feridas";"Pleno dia";"Decrescente";"Ceu Claro";"Simples";"Reta";"Rural";2;0;0;1;1;0;1;2
83493617;"27/08/16";"Sábado";"08:00:00";"CE";116;"538,9";"PENAFORTE";"Outras";"Saída de Pista";"Com Vítimas Feridas";"Pleno dia";"Decrescente";"Ceu Claro";"Simples";"Reta";"Rural";2;0;1;0;1;0;1;1
83493618;"27/08/16";"Sábado";"13:30:00";"SC";101;"137,2";"BALNEARIO CAMBORIU";"Desobediência à sinalização";"Colisão Transversal";"Com Vítimas Feridas";"Pleno dia";"Crescente";"Ceu Claro";"Dupla";"Cruzamento";"Urbano";2;0;1;0;1;0;1;2
83493619;"27/08/16";"Sábado";"04:30:00";"PI";343;"3,4";"TERESINA";"Outras";"Colisão com objeto fixo";"Ignorado";"Plena noite";"Crescente";"Ceu Claro";"Múltipla";"Cruzamento";"Urbano";1;0;0;0;0;1;0;1
83493620;"27/08/16";"Sábado";"14:30:00";"PI";343;"27";"PARNAIBA";"Outras";"Atropelamento de pessoa";"Com Vítimas Feridas";"Pleno dia";"Crescente";"Ceu Claro";"Simples";"Reta";"Rural";2;0;1;0;1;0;1;1
83493621;"27/08/16";"Sábado";"14:40:00";"RJ";101;"75";"CAMPOS DOS GOYTACAZES";"Não guardar distância de segurança";"Colisão traseira";"Sem Vítimas";"Pleno dia";"Crescente";"Ceu Claro";"Simples";"Reta";"Urbano";2;0;0;0;2;0;0;2
83493622;"27/08/16";"Sábado";"07:30:00";"RN";101;"100,5";"PARNAMIRIM";"Não guardar distância de segurança";"Colisão lateral";"Com Vítimas Feridas";"Pleno dia";"Decrescente";"Sol";"Múltipla";"Reta";"Urbano";2;0;1;0;0;1;1;2
83493623;"27/08/16";"Sábado";"11:25:00";"RO";364;"239";"CACOAL";"Desobediência à sinalização";"Colisão Transversal";"Com Vítimas Feridas";"Pleno dia";"Decrescente";"Ceu Claro";"Simples";"Reta";"Urbano";3;0;1;0;2;0;1;2
83493624;"27/08/16";"Sábado";"07:50:00";"SC";101;"202,3";"SAO JOSE";"Outras";"Colisão traseira";"Com Vítimas Feridas";"Pleno dia";"Decrescente";"Sol";"Dupla";"Reta";"Urbano";3;0;1;1;1;0;2;2
83493625;"20/08/16";"Sábado";"07:00:00";"SC";101;"113";"ITAJAI";"Defeito mecânico em veículo";"Queda de motocicleta / bicicleta / veículo";"Com Vítimas Feridas";"Pleno dia";"Decrescente";"Sol";"Dupla";"Reta";"Urbano";2;0;0;1;1;0;1;1
83493626;"27/08/16";"Sábado";"10:55:00";"MA";10;"252";"IMPERATRIZ";"Não guardar distância de segurança";"Colisão traseira";"Sem Vítimas";"Pleno dia";"Crescente";"Ceu Claro";"Simples";"Cruzamento";"Urbano";2;0;0;0;1;1;0;2
83493627;"27/08/16";"Sábado";"14:35:00";"BA";116;"435,1";"FEIRA DE SANTANA";"Outras";"Colisão com objeto fixo";"Sem Vítimas";"Pleno dia";"Decrescente";"Nublado";"Dupla";"Curva";"Rural";2;0;0;0;2;0;0;1
83493628;"27/08/16";"Sábado";"09:00:00";"DF";40;"8";"BRASILIA";"Outras";"Queda de motocicleta / bicicleta / veículo";"Com Vítimas Feridas";"Pleno dia";"Crescente";"Sol";"Dupla";"Reta";"Urbano";2;0;2;0;0;0;2;1
83493629;"26/08/16";"Sexta";"11:00:00";"RS";290;"579";"ALEGRETE";"Falta de atenção";"Colisão lateral";"Sem Vítimas";"Pleno dia";"Decrescente";"Ceu Claro";"Simples";"Reta";"Urbano";3;0;0;0;3;0;0;2
83493630;"25/08/16";"Quinta";"17:00:00";"ES";101;"67,5";"SAO MATEUS";"Ingestão de álcool";"Colisão traseira";"Com Vítimas Feridas";"Pleno dia";"Crescente";"Ceu Claro";"Múltipla";"Reta";"Urbano";2;0;0;1;1;0;1;2
83493631;"26/08/16";"Sexta";"08:00:00";"BA";110;"400";"SAO SEBASTIAO DO PASSE";"Outras";"Saída de Pista";"Com Vítimas Feridas";"Pleno dia";"Decrescente";"Nublado";"Simples";"Reta";"Rural";2;0;1;0;0;1;1;1
83493632;"27/08/16";"Sábado";"14:30:00";"SP";116;"218";"GUARULHOS";"Outras";"Colisão lateral";"Com Vítimas Feridas";"Pleno dia";"Decrescente";"Ceu Claro";"Múltipla";"Reta";"Urbano";3;0;1;0;2;0;1;2
83493633;"27/08/16";"Sábado";"15:50:00";"SC";101;"33";"JOINVILLE";"Falta de atenção";"Colisão lateral";"Sem Vítimas";"Pleno dia";"Decrescente";"Ceu Claro";"Dupla";"Reta";"Rural";2;0;0;0;2;0;0;2
83493634;"27/08/16";"Sábado";"11:55:00";"SC";282;"5";"SAO JOSE";"Não guardar distância de segurança";"Colisão com bicicleta";"Com Vítimas Feridas";"Pleno dia";"Crescente";"Sol";"Múltipla";"Reta";"Urbano";2;0;1;0;1;0;1;2
83493635;"27/08/16";"Sábado";"15:00:00";"SC";470;"7,6";"NAVEGANTES";"Velocidade incompatível";"Colisão traseira";"Com Vítimas Feridas";"Pleno dia";"Decrescente";"Ceu Claro";"Simples";"Reta";"Urbano";2;0;1;0;1;0;1;2
83493636;"27/08/16";"Sábado";"12:45:00";"SC";282;"3,6";"FLORIANOPOLIS";"Falta de atenção";"Colisão traseira";"Com Vítimas Feridas";"Pleno dia";"Decrescente";"Sol";"Dupla";"Reta";"Urbano";6;0;1;0;5;0;1;5
83493638;"27/08/16";"Sábado";"15:30:00";"MG";381;"708,7";"NEPOMUCENO";"Falta de atenção";"Tombamento";"Sem Vítimas";"Pleno dia";"Crescente";"Sol";"Dupla";"Reta";"Rural";1;0;0;0;1;0;0;1
83493639;"27/08/16";"Sábado";"13:30:00";"PR";373;"249,1";"GUAMIRANGA";"Defeito mecânico em veículo";"Saída de Pista";"Com Vítimas Feridas";"Pleno dia";"Decrescente";"Ceu Claro";"Simples";"Reta";"Rural";2;0;0;2;0;0;2;1
83493640;"27/08/16";"Sábado";"09:20:00";"MG";262;"519,6";"LUZ";"Dormindo";"Saída de Pista";"Com Vítimas Feridas";"Pleno dia";"Crescente";"Ceu Claro";"Simples";"Reta";"Urbano";1;0;1;0;0;0;1;1
83493641;"27/08/16";"Sábado";"07:30:00";"GO";40;"6";"VALPARAISO DE GOIAS";"Outras";"Incêndio";"Ignorado";"Pleno dia";"Decrescente";"Sol";"Dupla";"Reta";"Urbano";1;0;0;0;0;1;0;1
83493642;"27/08/16";"Sábado";"14:20:00";"MG";267;"56,3";"GUARARA";"Falta de atenção";"Colisão Transversal";"Com Vítimas Feridas";"Pleno dia";"Crescente";"Ceu Claro";"Simples";"Reta";"Urbano";2;0;0;1;1;0;1;2
83493643;"27/08/16";"Sábado";"16:30:00";"SC";282;"530";"CORDILHEIRA ALTA";"Falta de atenção";"Colisão Transversal";"Sem Vítimas";"Pleno dia";"Decrescente";"Ceu Claro";"Simples";"Reta";"Rural";2;0;0;0;2;0;0;2
83493644;"27/08/16";"Sábado";"15:00:00";"MG";381;"703,8";"LAVRAS";"Outras";"Colisão lateral";"Com Vítimas Feridas";"Pleno dia";"Crescente";"Sol";"Dupla";"Reta";"Rural";2;0;1;0;1;0;1;2
83493645;"27/08/16";"Sábado";"13:10:00";"MA";10;"253";"IMPERATRIZ";"Desobediência à sinalização";"Colisão lateral";"Com Vítimas Feridas";"Pleno dia";"Decrescente";"Ceu Claro";"Simples";"Reta";"Urbano";2;0;0;1;1;0;1;2
83493646;"27/08/16";"Sábado";"13:45:00";"SC";282;"417,4";"VARGEM BONITA";"Velocidade incompatível";"Colisão frontal";"Com Vítimas Fatais";"Pleno dia";"Crescente";"Ceu Claro";"Simples";"Curva";"Rural";3;1;1;0;1;0;1;3
83493647;"27/08/16";"Sábado";"14:35:00";"SC";282;"530,1";"CORDILHEIRA ALTA";"Velocidade incompatível";"Colisão Transversal";"Com Vítimas Fatais";"Pleno dia";"Decrescente";"Sol";"Simples";"Reta";"Rural";2;1;0;0;1;0;0;2
83493648;"27/08/16";"Sábado";"11:30:00";"BA";101;"170";"FEIRA DE SANTANA";"Falta de atenção";"Colisão Transversal";"Sem Vítimas";"Pleno dia";"Decrescente";"Nublado";"Simples";"Curva";"Urbano";2;0;0;0;2;0;0;2