"id";"data_inversa";"dia_semana";"horario";"uf";"br";"km";"municipio";"causa_acidente";"tipo_acidente";"classificacao_acidente";"fase_dia";"sentido_via";"condicao_metereologica";"tipo_pista";"tracado_via";"uso_solo";"pessoas";"mortos";"feridos_leves";"feridos_graves";"ilesos";"ignorados";"feridos";"veiculos"
83493649;"27/08/16";"Sábado";"13:15:00";"RN";405;"0,5";"MOSSORO";"Falta de atenção";"Colisão Transversal";"Com Vítimas Feridas";"Pleno dia";"Crescente";"Sol";"Simples";"Reta";"Urbano";2;0;1;1;0;0;2;2
83493650;"27/08/16";"Sábado";"16:00:00";"PE";101;"123";"ESCADA";"Falta de atenção";"Capotamento";"Com Vítimas Feridas";"Pleno dia";"Crescente";"Chuva";"Múltipla";"Reta";"Rural";5;0;0;3;2;0;3;1
83493651;"27/08/16";"Sábado";"16:40:00";"BA";101;"855";"TEIXEIRA DE FREITAS";"Outras";"Colisão lateral";"Com Vítimas Feridas";"Pleno dia";"Decrescente";"Ceu Claro";"Simples";"Reta";"Rural";2;0;0;1;1;0;1;2
83493652;"26/08/16";"Sexta";"00:50:00";"PE";104;"84";"AGRESTINA";"Animais na Pista";"Atropelamento de animal";"Com Vítimas Feridas";"Plena noite";"Decrescente";"Ceu Claro";"Simples";"Reta";"Rural";1;0;1;0;0;0;1;1
83493653;"27/08/16";"Sábado";"08:45:00";"BA";116;"834";"VITORIA DA CONQUISTA";"Falta de atenção";"Colisão Transversal";"Sem Vítimas";"Pleno dia";"Decrescente";"Nublado";"Simples";"Reta";"Rural";2;0;0;0;2;0;0;2
83493654;"27/08/16";"Sábado";"16:30:00";"SP";116;"377,4";"MIRACATU";"Defeito mecânico em veículo";"Saída de Pista";"Sem Vítimas";"Pleno dia";"Decrescente";"Sol";"Dupla";"Reta";"Rural";3;0;0;0;3;0;0;1
83493656;"27/08/16";"Sábado";"15:40:00";"SP";116;"493";"CAJATI";"Falta de atenção";"Saída de Pista";"Sem Vítimas";"Pleno dia";"Decrescente";"Sol";"Dupla";"Reta";"Rural";1;0;0;0;1;0;0;1
83493657;"27/08/16";"Sábado";"07:50:00";"SC";470;"174,1";"POUSO REDONDO";"Velocidade incompatível";"Capotamento";"Com Vítimas Feridas";"Pleno dia";"Crescente";"Nublado";"Simples";"Reta";"Urbano";2;0;1;0;1;0;1;1
83493658;"27/08/16";"Sábado";"17:30:00";"SC";101;"1,9";"GARUVA";"Falta de atenção";"Colisão com objeto fixo";"Sem Vítimas";"Pleno dia";"Crescente";"Ceu Claro";"Dupla";"Cruzamento";"Rural";1;0;0;0;1;0;0;1
83493659;"27/08/16";"Sábado";"14:00:00";"MG";40;"494";"ESMERALDAS";"Outras";"Colisão traseira";"Com Vítimas Feridas";"Pleno dia";"Decrescente";"Sol";"Dupla";"Reta";"Rural";2;0;1;0;0;1;1;2
83493660;"27/08/16";"Sábado";"16:40:00";"SC";116;"220,3";"CORREIA PINTO";"Falta de atenção";"Colisão Transversal";"Sem Vítimas";"Pleno dia";"Crescente";"Ceu Claro";"Simples";"Cruzamento";"Urbano";2;0;0;0;2;0;0;2
83493661;"27/08/16";"Sábado";"17:30:00";"SC";470;"56,4";"BLUMENAU";"Falta de atenção";"Colisão Transversal";"Com Vítimas Feridas";"Pleno dia";"Crescente";"Ceu Claro";"Simples";"Cruzamento";"Urbano";3;0;1;0;2;0;1;2
83493662;"20/08/16";"Sábado";"03:50:00";"AP";156;"798";"OIAPOQUE";"Falta de atenção";"Colisão Transversal";"Com Vítimas Fatais";"Plena noite";"Crescente";"Vento";"Simples";"Reta";"Urbano";2;1;0;0;0;1;0;2
83493663;"27/08/16";"Sábado";"18:00:00";"SC";101;"415";"ARARANGUA";"Falta de atenção";"Colisão Transversal";"Com Vítimas Feridas";"Anoitecer";"Decrescente";"Ceu Claro";"Simples";"Cruzamento";"Urbano";3;0;1;0;2;0;1;2
83493664;"27/08/16";"Sábado";"17:30:00";"PR";277;"165";"PALMEIRA";"Outras";"Saída de Pista";"Sem Vítimas";"Pleno dia";"Decrescente";"Sol";"Simples";"Reta";"Rural";1;0;0;0;1;0;0;1
83493665;"27/08/16";"Sábado";"16:27:00";"RJ";101;"473,4";"ANGRA DOS REIS";"Outras";"Colisão Transversal";"Com Vítimas Feridas";"Pleno dia";"Crescente";"Ceu Claro";"Simples";"Reta";"Urbano";2;0;1;0;1;0;1;2
83493666;"27/08/16";"Sábado";"10:10:00";"SC";470;"166,4";"TROMBUDO CENTRAL";"Falta de atenção";"Colisão traseira";"Sem Vítimas";"Pleno dia";"Crescente";"Ceu Claro";"Simples";"Reta";"Urbano";2;0;0;0;2;0;0;2
83493667;"27/08/16";"Sábado";"12:50:00";"ES";262;"6,8";"CARIACICA";"Falta de atenção";"Colisão lateral";"Com Vítimas Feridas";"Pleno dia";"Crescente";"Ceu Claro";"Múltipla";"Reta";"Urbano";2;0;1;0;1;0;1;2
83493668;"24/08/16";"Quarta";"15:55:00";"AL";316;"102";"DOIS RIACHOS";"Falta de atenção";"Colisão frontal";"Com Vítimas Fatais";"Pleno dia";"Crescente";"Ceu Claro";"Simples";"Reta";"Urbano";3;1;0;0;2;0;0;2
83493669;"27/08/16";"Sábado";"13:15:00";"SC";470;"145";"RIO DO SUL";"Falta de atenção";"Colisão Transversal";"Sem Vítimas";"Pleno dia";"Crescente";"Ceu Claro";"Simples";"Reta";"Urbano";2;0;0;0;2;0;0;2
83493670;"27/08/16";"Sábado";"14:30:00";"SC";101;"112";"ITAJAI";"Defeito mecânico em veículo";"Queda de motocicleta / bicicleta / veículo";"Com Vítimas Feridas";"Pleno dia";"Decrescente";"Sol";"Dupla";"Reta";"Urbano";2;0;2;0;0;0;2;1
83493671;"27/08/16";"Sábado";"17:30:00";"ES";101;"68,3";"SAO MATEUS";"Falta de atenção";"Colisão Transversal";"Com Vítimas Feridas";"Anoitecer";"Crescente";"Ceu Claro";"Simples";"Reta";"Urbano";2;0;0;1;1;0;1;2
83493673;"27/08/16";"Sábado";"15:20:00";"AL";316;"241,8";"ATALAIA";"Ingestão de álcool";"Atropelamento de pessoa";"Com Vítimas Feridas";"Pleno dia";"Decrescente";"Ceu Claro";"Simples";"Reta";"Urbano";2;0;0;1;1;0;1;1
83493674;"27/08/16";"Sábado";"16:00:00";"ES";262;"7";"CARIACICA";"Defeito mecânico em veículo";"Queda de motocicleta / bicicleta / veículo";"Com Vítimas Feridas";"Pleno dia";"Decrescente";"Ceu Claro";"Dupla";"Curva";"Urbano";1;0;1;0;0;0;1;1
83493675;"27/08/16";"Sábado";"17:00:00";"PR";376;"232";"APUCARANA";"Outras";"Queda de motocicleta / bicicleta / veículo";"Com Vítimas Feridas";"Pleno dia";"Crescente";"Ceu Claro";"Dupla";"Reta";"Rural";2;0;2;0;0;0;2;1
83493676;"27/08/16";"Sábado";"14:30:00";"SC";470;"127,3";"LONTRAS";"Falta de atenção";"Colisão traseira";"Sem Vítimas";"Pleno dia";"Decrescente";"Ceu Claro";"Simples";"Reta";"Urbano";2;0;0;0;1;1;0;2
83493677;"27/08/16";"Sábado";"16:45:00";"CE";222;"203,7";"FORQUILHA";"Velocidade incompatível";"Tombamento";"Sem Vítimas";"Pleno dia";"Decrescente";"Ceu Claro";"Simples";"Curva";"Rural";1;0;0;0;1;0;0;1
83493678;"08/03/16";"Terça";"14:10:00";"SC";101;"119";"ITAJAI";"Falta de atenção";"Queda de motocicleta / bicicleta / veículo";"Com Vítimas Feridas";"Pleno dia";"Crescente";"Nublado";"Dupla";"Reta";"Urbano";1;0;1;0;0;0;1;1
83493679;"27/08/16";"Sábado";"10:00:00";"DF";60;"6,4";"BRASILIA";"Falta de atenção";"Atropelamento de pessoa";"Com Vítimas Feridas";"Pleno dia";"Crescente";"Ceu Claro";"Dupla";"Reta";"Urbano";2;0;0;1;1;0;1;1
83493680;"27/08/16";"Sábado";"18:00:00";"SC";280;"179,1";"MAFRA";"Velocidade incompatível";"Tombamento";"Sem Vítimas";"Pleno dia";"Decrescente";"Ceu Claro";"Simples";"Curva";"Rural";1;0;0;0;1;0;0;1
83493681;"27/08/16";"Sábado";"14:10:00";"SC";101;"268,8";"IMBITUBA";"Outras";"Colisão frontal";"Com Vítimas Feridas";"Pleno dia";"Crescente";"Ceu Claro";"Simples";"Reta";"Urbano";2;0;1;1;0;0;2;2
83493682;"25/08/16";"Quinta";"06:37:00";"MG";116;"99,5";"MEDINA";"Velocidade incompatível";"Colisão lateral";"Com Vítimas Feridas";"Pleno dia";"Decrescente";"Ceu Claro";"Simples";"Curva";"Rural";4;0;1;1;2;0;2;3
83493683;"27/08/16";"Sábado";"13:30:00";"MG";365;"382";"PATOS DE MINAS";"Falta de atenção";"Tombamento";"Sem Vítimas";"Pleno dia";"Decrescente";"Ceu Claro";"Simples";"Reta";"Rural";1;0;0;0;1;0;0;1
83493684;"27/08/16";"Sábado";"19:10:00";"SC";163;"84,8";"GUARACIABA";"Ingestão de álcool";"Colisão com objeto fixo";"Com Vítimas Feridas";"Plena noite";"Decrescente";"Ceu Claro";"Dupla";"Reta";"Urbano";1;0;1;0;0;0;1;1
83493685;"27/08/16";"Sábado";"18:00:00";"MT";163;"955";"NOVA SANTA HELENA";"Animais na Pista";"Atropelamento de animal";"Sem Vítimas";"Plena noite";"Decrescente";"Ceu Claro";"Simples";"Reta";"Rural";1;0;0;0;1;0;0;1
83493686;"27/08/16";"Sábado";"14:20:00";"PE";232;"127,5";"CARUARU";"Ingestão de álcool";"Colisão Transversal";"Sem Vítimas";"Pleno dia";"Crescente";"Nublado";"Simples";"Reta";"Urbano";3;0;0;0;2;1;0;2
83493687;"27/08/16";"Sábado";"08:15:00";"GO";414;"428";"ANAPOLIS";"Outras";"Atropelamento de pessoa";"Com Vítimas Fatais";"Pleno dia";"Crescente";"Ceu Claro";"Simples";"Reta";"Rural";2;1;0;0;0;1;0;1
83493688;"27/08/16";"Sábado";"16:40:00";"PE";232;"235";"PESQUEIRA";"Outras";"Capotamento";"Ignorado";"Pleno dia";"Crescente";"Chuva";"Simples";"Curva";"Rural";1;0;0;0;0;1;0;1
83493689;"25/08/16";"Quinta";"07:00:00";"MG";153;"30,4";"CENTRALINA";"Outras";"Incêndio";"Sem Vítimas";"Pleno dia";"Crescente";"Ceu Claro";"Dupla";"Reta";"Rural";1;0;0;0;1;0;0;1
83493690;"27/08/16";"Sábado";"15:15:00";"RJ";116;"274";"BARRA MANSA";"Outras";"Colisão traseira";"Sem Vítimas";"Pleno dia";"Decrescente";"Ceu Claro";"Dupla";"Reta";"Rural";4;0;0;0;4;0;0;4
83493691;"27/08/16";"Sábado";"19:00:00";"PE";116;"26,5";"SALGUEIRO";"Outras";"Colisão traseira";"Com Vítimas Feridas";"Plena noite";"Crescente";"Ceu Claro";"Simples";"Reta";"Urbano";2;0;1;0;0;1;1;2
83493692;"26/08/16";"Sexta";"20:30:00";"RS";472;"482";"ITAQUI";"Velocidade incompatível";"Saída de Pista";"Ignorado";"Plena noite";"Crescente";"Ceu Claro";"Simples";"Curva";"Rural";1;0;0;0;0;1;0;1
83493693;"27/08/16";"Sábado";"19:15:00";"RS";386;"70,5";"BOA VISTA DAS MISSOES";"Falta de atenção";"Colisão Transversal";"Sem Vítimas";"Plena noite";"Decrescente";"Ceu Claro";"Simples";"Reta";"Urbano";2;0;0;0;2;0;0;2
83493694;"27/08/16";"Sábado";"15:10:00";"RS";471;"200,3";"PANTANO GRANDE";"Falta de atenção";"Colisão Transversal";"Sem Vítimas";"Pleno dia";"Decrescente";"Sol";"Simples";"Reta";"Rural";2;0;0;0;2;0;0;2
83493695;"27/08/16";"Sábado";"17:40:00";"MG";365;"631,1";"UBERLANDIA";"Outras";"Colisão traseira";"Com Vítimas Feridas";"Pleno dia";"Crescente";"Sol";"Dupla";"Reta";"Rural";2;0;0;1;1;0;1;2
83493696;"27/08/16";"Sábado";"19:00:00";"BA";324;"624";"SALVADOR";"Outras";"Queda de motocicleta / bicicleta / veículo";"Com Vítimas Feridas";"Plena noite";"Decrescente";"Nublado";"Dupla";"Reta";"Urbano";3;0;1;0;1;1;1;2
83493697;"27/08/16";"Sábado";"19:00:00";"BA";324;"612";"SALVADOR";"Outras";"Capotamento";"Com Vítimas Feridas";"Plena noite";"Crescente";"Nublado";"Simples";"Reta";"Urbano";1;0;1;0;0;0;1;1
83493698;"27/08/16";"Sábado";"18:45:00";"MG";262;"126";"RIO CASCA";"Falta de atenção";"Colisão lateral";"Com Vítimas Feridas";"Plena noite";"Crescente";"Ceu Claro";"Simples";"Reta";"Rural";2;0;1;0;1;0;1;2
83493699;"27/08/16";"Sábado";"16:30:00";"RS";116;"232,5";"ESTANCIA VELHA";"Falta de atenção";"Colisão frontal";"Com Vítimas Feridas";"Pleno dia";"Crescente";"Ceu Claro";"Simples";"Reta";"Rural";3;0;1;0;2;0;1;3
83493700;"27/08/16";"Sábado";"18:45:00";"AL";316;"177,1";"BELEM";"Animais na Pista";"Atropelamento de animal";"Com Vítimas Feridas";"Plena noite";"Decrescente";"Chuva";"Simples";"Reta";"Rural";2;0;0;2;0;0;2;1
83493701;"27/08/16";"Sábado";"20:00:00";"RS";116;"239";"NOVO HAMBURGO";"Falta de atenção";"Colisão lateral";"Sem Vítimas";"Plena noite";"Crescente";"Ceu Claro";"Dupla";"Reta";"Urbano";2;0;0;0;2;0;0;2
83493702;"27/08/16";"Sábado";"19:20:00";"GO";153;"535";"HIDROLANDIA";"Falta de atenção";"Saída de Pista";"Sem Vítimas";"Plena noite";"Decrescente";"Ceu Claro";"Dupla";"Reta";"Rural";1;0;0;0;1;0;0;1
83493703;"27/08/16";"Sábado";"20:00:00";"BA";324;"540";"AMELIA RODRIGUES";"Outras";"Queda de motocicleta / bicicleta / veículo";"Com Vítimas Feridas";"Plena noite";"Crescente";"Nublado";"Dupla";"Reta";"Rural";2;0;0;1;0;1;1;1
83493704;"27/08/16";"Sábado";"17:00:00";"BA";116;"28";"ABARE";"Outras";"Tombamento";"Ignorado";"Anoitecer";"Crescente";"Ceu Claro";"Simples";"Reta";"Rural";1;0;0;0;0;1;0;1
83493705;"27/08/16";"Sábado";"14:10:00";"MT";163;"831";"SINOP";"Ingestão de álcool";"Colisão traseira";"Com Vítimas Feridas";"Pleno dia";"Crescente";"Sol";"Dupla";"Reta";"Urbano";2;0;1;0;1;0;1;2
83493706;"27/08/16";"Sábado";"18:40:00";"MA";230;"384";"BALSAS";"Ultrapassagem indevida";"Colisão frontal";"Com Vítimas Feridas";"Plena noite";"Crescente";"Ignorada";"Simples";"Reta";"Rural";2;0;0;1;1;0;1;2
83493707;"27/08/16";"Sábado";"19:00:00";"BA";324;"515";"FEIRA DE SANTANA";"Falta de atenção";"Colisão Transversal";"Com Vítimas Feridas";"Plena noite";"Crescente";"Chuva";"Simples";"Cruzamento";"Urbano";2;0;0;1;1;0;1;2
83493708;"20/08/16";"Sábado";"15:15:00";"CE";402;"297";"UMIRIM";"Ingestão de álcool";"Colisão traseira";"Com Vítimas Feridas";"Pleno dia";"Decrescente";"Ceu Claro";"Simples";"Reta";"Rural";2;0;0;1;1;0;1;2
83493709;"27/08/16";"Sábado";"19:10:00";"PR";376;"625,5";"SAO JOSE DOS PINHAIS";"Desobediência à sinalização";"Colisão lateral";"Com Vítimas Feridas";"Plena noite";"Decrescente";"Nublado";"Simples";"Reta";"Urbano";2;0;0;1;1;0;1;2
83493710;"27/08/16";"Sábado";"18:40:00";"PA";316;"5";"ANANINDEUA";"Falta de atenção";"Colisão traseira";"Com Vítimas Fatais";"Plena noite";"Decrescente";"Nublado";"Dupla";"Reta";"Urbano";4;1;1;0;1;1;1;3
83493711;"27/08/16";"Sábado";"18:30:00";"AC";364;"113";"RIO BRANCO";"Outras";"Queda de motocicleta / bicicleta / veículo";"Com Vítimas Feridas";"Plena noite";"Decrescente";"Ceu Claro";"Dupla";"Reta";"Rural";1;0;0;1;0;0;1;1
83493712;"27/08/16";"Sábado";"18:30:00";"BA";420;"342,2";"JAGUAQUARA";"Falta de atenção";"Colisão frontal";"Com Vítimas Feridas";"Plena noite";"Decrescente";"Chuva";"Dupla";"Reta";"Urbano";3;0;1;0;2;0;1;2
83493713;"27/08/16";"Sábado";"15:40:00";"PE";232;"458";"SALGUEIRO";"Outras";"Colisão frontal";"Com Vítimas Fatais";"Pleno dia";"Crescente";"Ceu Claro";"Simples";"Reta";"Rural";5;3;1;0;0;1;1;2
83493714;"27/08/16";"Sábado";"10:30:00";"MG";365;"495";"PATROCINIO";"Defeito mecânico em veículo";"Colisão Transversal";"Com Vítimas Feridas";"Pleno dia";"Decrescente";"Sol";"Simples";"Curva";"Rural";4;0;4;0;0;0;4;2
83493715;"27/08/16";"Sábado";"16:40:00";"RJ";101;"48";"CAMPOS DOS GOYTACAZES";"Falta de atenção";"Colisão Transversal";"Com Vítimas Feridas";"Pleno dia";"Decrescente";"Ceu Claro";"Simples";"Reta";"Urbano";2;0;0;1;1;0;1;2
83493716;"27/08/16";"Sábado";"15:30:00";"RO";364;"224";"PIMENTA BUENO";"Ingestão de álcool";"Queda de motocicleta / bicicleta / veículo";"Com Vítimas Feridas";"Pleno dia";"Decrescente";"Sol";"Simples";"Reta";"Rural";1;0;1;0;0;0;1;1
83493717;"27/08/16";"Sábado";"16:25:00";"MT";364;"244,5";"JUSCIMEIRA";"Falta de atenção";"Colisão frontal";"Com Vítimas Fatais";"Pleno dia";"Crescente";"Sol";"Simples";"Reta";"Rural";2;1;0;0;1;0;0;2
83493718;"27/08/16";"Sábado";"18:00:00";"CE";222;"113";"ITAPAGE";"Falta de atenção";"Colisão Transversal";"Com Vítimas Feridas";"Anoitecer";"Decrescente";"Ceu Claro";"Simples";"Reta";"Rural";2;0;1;0;1;0;1;2
83493719;"24/08/16";"Quarta";"05:00:00";"MG";251;"449,1";"GRAO MOGOL";"Velocidade incompatível";"Saída de Pista";"Sem Vítimas";"Amanhecer";"Crescente";"Nublado";"Simples";"Curva";"Rural";1;0;0;0;1;0;0;1
83493721;"27/08/16";"Sábado";"21:00:00";"PA";163;"998";"SANTAREM";"Desobediência à sinalização";"Colisão Transversal";"Com Vítimas Feridas";"Plena noite";"Decrescente";"Ceu Claro";"Dupla";"Reta";"Urbano";2;0;1;0;0;1;1;2
83493722;"27/08/16";"Sábado";"19:00:00";"PB";230;"513";"CAJAZEIRAS";"Ingestão de álcool";"Saída de Pista";"Com Vítimas Feridas";"Plena noite";"Crescente";"Ceu Claro";"Simples";"Reta";"Urbano";1;0;1;0;0;0;1;1
83493723;"27/08/16";"Sábado";"15:20:00";"RJ";116;"169";"SAO JOAO DE MERITI";"Outras";"Colisão com objeto fixo";"Sem Vítimas";"Pleno dia";"Decrescente";"Sol";"Múltipla";"Reta";"Urbano";1;0;0;0;1;0;0;1
83493724;"27/08/16";"Sábado";"14:10:00";"PR";476;"198";"LAPA";"Velocidade incompatível";"Colisão frontal";"Com Vítimas Feridas";"Pleno dia";"Crescente";"Sol";"Simples";"Reta";"Urbano";2;0;1;0;1;0;1;2
83493725;"27/08/16";"Sábado";"20:20:00";"ES";262;"5,3";"CARIACICA";"Outras";"Atropelamento de pessoa";"Com Vítimas Feridas";"Plena noite";"Crescente";"Ceu Claro";"Múltipla";"Curva";"Urbano";2;0;0;1;1;0;1;1
83493726;"27/08/16";"Sábado";"16:50:00";"MT";163;"666";"LUCAS DO RIO VERDE";"Defeito mecânico em veículo";"Queda de motocicleta / bicicleta / veículo";"Com Vítimas Feridas";"Pleno dia";"Crescente";"Ceu Claro";"Simples";"Reta";"Rural";2;0;2;0;0;0;2;1
83493727;"27/08/16";"Sábado";"14:00:00";"GO";364;"276";"MINEIROS";"Outras";"Tombamento";"Sem Vítimas";"Pleno dia";"Decrescente";"Ceu Claro";"Simples";"Reta";"Rural";1;0;0;0;1;0;0;1
83493728;"27/08/16";"Sábado";"19:30:00";"SP";381;"88";"GUARULHOS";"Velocidade incompatível";"Colisão traseira";"Com Vítimas Feridas";"Plena noite";"Decrescente";"Ceu Claro";"Múltipla";"Reta";"Urbano";3;0;1;0;1;1;1;2
83493729;"27/08/16";"Sábado";"17:00:00";"ES";101;"232,5";"FUNDAO";"Falta de atenção";"Colisão Transversal";"Com Vítimas Feridas";"Plena noite";"Decrescente";"Ceu Claro";"Simples";"Reta";"Rural";2;0;0;1;1;0;1;2
83493730;"27/08/16";"Sábado";"19:15:00";"PR";476;"223,5";"LAPA";"Ingestão de álcool";"Atropelamento de animal";"Com Vítimas Feridas";"Plena noite";"Crescente";"Nublado";"Simples";"Reta";"Rural";2;0;1;0;1;0;1;1
83493731;"27/08/16";"Sábado";"18:00:00";"MT";364;"435";"VARZEA GRANDE";"Outras";"Colisão Transversal";"Sem Vítimas";"Anoitecer";"Decrescente";"Ceu Claro";"Dupla";"Reta";"Urbano";2;0;0;0;1;1;0;2
83493732;"27/08/16";"Sábado";"19:00:00";"MG";381;"530,8";"ITATIAIUCU";"Velocidade incompatível";"Capotamento";"Com Vítimas Feridas";"Plena noite";"Decrescente";"Ceu Claro";"Dupla";"Curva";"Rural";3;0;1;0;2;0;1;1
83493733;"27/08/16";"Sábado";"20:05:00";"BA";324;"7";"FEIRA DE SANTANA";"Falta de atenção";"Queda de motocicleta / bicicleta / veículo";"Com Vítimas Feridas";"Plena noite";"Crescente";"Chuva";"Dupla";"Curva";"Urbano";1;0;0;1;0;0;1;1
83493734;"27/08/16";"Sábado";"19:50:00";"PR";376;"183,4";"SARANDI";"Falta de atenção";"Colisão com bicicleta";"Com Vítimas Feridas";"Plena noite";"Decrescente";"Ceu Claro";"Dupla";"Reta";"Urbano";2;0;0;1;0;1;1;2
83493735;"27/08/16";"Sábado";"19:05:00";"PR";376;"3";"APUCARANA";"Ingestão de álcool";"Colisão traseira";"Sem Vítimas";"Anoitecer";"Decrescente";"Ceu Claro";"Dupla";"Reta";"Urbano";2;0;0;0;2;0;0;2
83493736;"27/08/16";"Sábado";"16:10:00";"MT";174;"374";"CONQUISTA DOESTE";"Velocidade incompatível";"Saída de Pista";"Com Vítimas Feridas";"Anoitecer";"Crescente";"Chuva";"Simples";"Curva";"Rural";2;0;1;0;1;0;1;1
83493737;"27/08/16";"Sábado";"18:45:00";"SP";116;"217";"GUARULHOS";"Ingestão de álcool";"Colisão traseira";"Com Vítimas Feridas";"Anoitecer";"Crescente";"Ceu Claro";"Múltipla";"Reta";"Urbano";3;0;1;0;2;0;1;2
83493738;"27/08/16";"Sábado";"19:30:00";"PR";116;"18";"CURITIBA";"Velocidade incompatível";"Colisão traseira";"Com Vítimas Feridas";"Plena noite";"Decrescente";"Granizo";"Dupla";"Reta";"Urbano";2;0;1;0;1;0;1;2
83493739;"27/08/16";"Sábado";"19:00:00";"MG";365;"818,5";"SANTA VITORIA";"Falta de atenção";"Capotamento";"Com Vítimas Feridas";"Plena noite";"Decrescente";"Ignorada";"Simples";"Reta";"Rural";1;0;1;0;0;0;1;1
83493740;"27/08/16";"Sábado";"20:30:00";"CE";20;"295";"CANINDE";"Velocidade incompatível";"Atropelamento de pessoa";"Com Vítimas Fatais";"Plena noite";"Crescente";"Ceu Claro";"Simples";"Reta";"Urbano";2;1;0;0;0;1;0;1
83493741;"27/08/16";"Sábado";"19:10:00";"MA";135;"4,4";"SAO LUIS";"Não guardar distância de segurança";"Colisão traseira";"Sem Vítimas";"Plena noite";"Crescente";"Ceu Claro";"Dupla";"Reta";"Urbano";4;0;0;0;4;0;0;4
83493742;"27/08/16";"Sábado";"23:15:00";"SC";101;"124";"ITAJAI";"Outras";"Atropelamento de pessoa";"Com Vítimas Feridas";"Plena noite";"Decrescente";"Ceu Claro";"Dupla";"Reta";"Urbano";2;0;0;1;1;0;1;1
83493743;"27/08/16";"Sábado";"21:30:00";"RS";158;"316,8";"ITAARA";"Ingestão de álcool";"Saída de Pista";"Sem Vítimas";"Plena noite";"Decrescente";"Ceu Claro";"Simples";"Curva";"Rural";1;0;0;0;1;0;0;1
83493744;"27/08/16";"Sábado";"20:15:00";"AL";316;"214,6";"ATALAIA";"Defeito mecânico em veículo";"Saída de Pista";"Sem Vítimas";"Plena noite";"Crescente";"Chuva";"Simples";"Curva";"Rural";1;0;0;0;1;0;0;1
83493745;"27/08/16";"Sábado";"20:30:00";"MG";381;"452,8";"SABARA";"Falta de atenção";"Atropelamento de pessoa";"Com Vítimas Feridas";"Plena noite";"Crescente";"Ceu Claro";"Simples";"Curva";"Urbano";2;0;0;1;1;0;1;1
83493746;"27/08/16";"Sábado";"19:35:00";"RS";285;"568";"SAO LUIZ GONZAGA";"Desobediência à sinalização";"Colisão Transversal";"Com Vítimas Feridas";"Plena noite";"Decrescente";"Ceu Claro";"Simples";"Reta";"Urbano";2;0;1;0;1;0;1;2
83493747;"27/08/16";"Sábado";"17:30:00";"MG";153;"244";"FRONTEIRA";"Ingestão de álcool";"Saída de Pista";"Ignorado";"Pleno dia";"Crescente";"Ceu Claro";"Simples";"Reta";"Urbano";1;0;0;0;0;1;0;1
83493748;"27/08/16";"Sábado";"15:30:00";"RO";364;"398";"OURO PRETO DO OESTE";"Defeito mecânico em veículo";"Saída de Pista";"Com Vítimas Fatais";"Pleno dia";"Decrescente";"Ceu Claro";"Simples";"Reta";"Rural";1;1;0;0;0;0;0;1
83493749;"27/08/16";"Sábado";"19:45:00";"RO";364;"336";"JI-PARANA";"Ingestão de álcool";"Colisão frontal";"Com Vítimas Feridas";"Plena noite";"Decrescente";"Ceu Claro";"Simples";"Reta";"Urbano";3;0;0;1;2;0;1;2
83493750;"27/08/16";"Sábado";"21:40:00";"MG";381;"672,4";"PERDOES";"Ingestão de álcool";"Tombamento";"Sem Vítimas";"Plena noite";"Decrescente";"Ceu Claro";"Dupla";"Curva";"Rural";1;0;0;0;1;0;0;1
83493751;"27/08/16";"Sábado";"22:30:00";"PR";277;"720,4";"FOZ DO IGUACU";"Não guardar distância de segurança";"Colisão traseira";"Com Vítimas Feridas";"Plena noite";"Decrescente";"Ceu Claro";"Dupla";"Reta";"Urbano";3;0;1;0;1;1;1;3
83493752;"27/08/16";"Sábado";"22:10:00";"SP";116;"418,1";"JUQUIA";"Defeito mecânico em veículo";"Incêndio";"Ignorado";"Plena noite";"Decrescente";"Nevoeiro/neblina";"Dupla";"Reta";"Rural";1;0;0;0;0;1;0;1
83493753;"27/08/16";"Sábado";"15:30:00";"GO";50;"201,3";"CAMPO ALEGRE DE GOIAS";"Ultrapassagem indevida";"Colisão frontal";"Com Vítimas Fatais";"Pleno dia";"Crescente";"Ignorada";"Simples";"Reta";"Rural";4;1;1;0;2;0;1;3
83493754;"27/08/16";"Sábado";"21:00:00";"SC";101;"375";"ICARA";"Outras";"Saída de Pista";"Sem Vítimas";"Plena noite";"Crescente";"Ceu Claro";"Dupla";"Curva";"Rural";1;0;0;0;1;0;0;1
83493755;"28/08/16";"Domingo";"00:15:00";"SP";116;"96";"PINDAMONHANGABA";"Outras";"Colisão lateral";"Sem Vítimas";"Plena noite";"Crescente";"Ceu Claro";"Dupla";"Reta";"Urbano";2;0;0;0;2;0;0;2
83493756;"27/08/16";"Sábado";"23:20:00";"GO";40;"66,9";"CRISTALINA";"Outras";"Capotamento";"Com Vítimas Feridas";"Plena noite";"Decrescente";"Ceu Claro";"Simples";"Reta";"Rural";2;0;0;2;0;0;2;1
83493757;"28/08/16";"Domingo";"01:30:00";"RJ";40;"23";"TRES RIOS";"Animais na Pista";"Atropelamento de animal";"Sem Vítimas";"Plena noite";"Decrescente";"Ceu Claro";"Dupla";"Reta";"Rural";1;0;0;0;1;0;0;1
83493758;"27/08/16";"Sábado";"18:30:00";"PB";230;"88,5";"CALDAS BRANDAO";"Outras";"Atropelamento de pessoa";"Com Vítimas Fatais";"Anoitecer";"Crescente";"Ceu Claro";"Dupla";"Reta";"Urbano";2;1;0;0;0;1;0;1