"id";"data_inversa";"dia_semana";"horario";"uf";"br";"km";"municipio";"causa_acidente";"tipo_acidente";"classificacao_acidente";"fase_dia";"sentido_via";"condicao_metereologica";"tipo_pista";"tracado_via";"uso_solo";"pessoas";"mortos";"feridos_leves";"feridos_graves";"ilesos";"ignorados";"feridos";"veiculos"
83493869;"28/08/16";"Domingo";"10:20:00";"MG";381;"497";"BETIM";"Velocidade incompatível";"Colisão traseira";"Com Vítimas Feridas";"Pleno dia";"Crescente";"Ceu Claro";"Dupla";"Reta";"Rural";3;0;3;0;0;0;3;2
83493870;"21/08/16";"Domingo";"04:30:00";"MG";40;"523";"CONTAGEM";"Outras";"Saída de Pista";"Com Vítimas Feridas";"Plena noite";"Crescente";"Ignorada";"Dupla";"Reta";"Urbano";2;0;0;1;1;0;1;1
83493871;"28/08/16";"Domingo";"09:00:00";"RO";364;"276,7";"PRESIDENTE MEDICI";"Velocidade incompatível";"Capotamento";"Com Vítimas Feridas";"Pleno dia";"Decrescente";"Ceu Claro";"Simples";"Reta";"Rural";1;0;1;0;0;0;1;1
83493872;"28/08/16";"Domingo";"10:55:00";"PR";376;"157,5";"MANDAGUACU";"Falta de atenção";"Queda de motocicleta / bicicleta / veículo";"Com Vítimas Feridas";"Pleno dia";"Decrescente";"Ceu Claro";"Simples";"Reta";"Urbano";1;0;1;0;0;0;1;1
83493873;"20/08/16";"Sábado";"08:00:00";"MG";40;"516";"CONTAGEM";"Defeito mecânico em veículo";"Queda de motocicleta / bicicleta / veículo";"Com Vítimas Feridas";"Pleno dia";"Crescente";"Ceu Claro";"Dupla";"Curva";"Urbano";2;0;1;0;1;0;1;1
83493874;"28/08/16";"Domingo";"12:45:00";"MG";381;"447";"SABARA";"Outras";"Colisão lateral";"Com Vítimas Feridas";"Pleno dia";"Decrescente";"Ceu Claro";"Simples";"Reta";"Rural";2;0;1;0;0;1;1;2
83493875;"12/08/16";"Sexta";"21:40:00";"GO";60;"0,3";"SANTO ANTONIO DO DESCOBERTO";"Ingestão de álcool";"Queda de motocicleta / bicicleta / veículo";"Com Vítimas Feridas";"Plena noite";"Decrescente";"Ceu Claro";"Dupla";"Reta";"Rural";2;0;0;2;0;0;2;1
83493876;"28/08/16";"Domingo";"12:15:00";"CE";116;"10,6";"FORTALEZA";"Dormindo";"Colisão com objeto fixo";"Com Vítimas Feridas";"Pleno dia";"Decrescente";"Ceu Claro";"Dupla";"Reta";"Urbano";2;0;1;0;0;1;1;2
83493877;"26/08/16";"Sexta";"15:00:00";"MG";40;"13,5";"PARACATU";"Ultrapassagem indevida";"Saída de Pista";"Com Vítimas Feridas";"Pleno dia";"Crescente";"Ceu Claro";"Simples";"Curva";"Rural";5;0;3;2;0;0;5;1
83493878;"28/08/16";"Domingo";"13:00:00";"MG";356;"268,3";"MURIAE";"Falta de atenção";"Saída de Pista";"Sem Vítimas";"Pleno dia";"Crescente";"Ceu Claro";"Simples";"Reta";"Urbano";1;0;0;0;1;0;0;1
83493879;"28/08/16";"Domingo";"12:20:00";"RJ";101;"457";"ANGRA DOS REIS";"Não guardar distância de segurança";"Colisão Transversal";"Com Vítimas Feridas";"Pleno dia";"Crescente";"Sol";"Simples";"Reta";"Urbano";3;0;1;0;2;0;1;2
83493880;"26/08/16";"Sexta";"16:20:00";"MG";116;"414,9";"GOVERNADOR VALADARES";"Não guardar distância de segurança";"Colisão traseira";"Com Vítimas Feridas";"Pleno dia";"Crescente";"Ceu Claro";"Simples";"Reta";"Urbano";3;0;2;0;1;0;2;3
83493881;"25/08/16";"Quinta";"09:00:00";"RJ";40;"124";"DUQUE DE CAXIAS";"Defeito mecânico em veículo";"Queda de motocicleta / bicicleta / veículo";"Com Vítimas Feridas";"Pleno dia";"Crescente";"Sol";"Múltipla";"Reta";"Urbano";2;0;2;0;0;0;2;1
83493882;"28/08/16";"Domingo";"11:30:00";"PB";361;"23";"SANTA TERESINHA";"Velocidade incompatível";"Colisão com objeto móvel";"Com Vítimas Feridas";"Pleno dia";"Decrescente";"Sol";"Simples";"Reta";"Urbano";2;0;0;1;0;1;1;2
83493883;"28/08/16";"Domingo";"11:55:00";"MT";174;"288";"PONTES E LACERDA";"Falta de atenção";"Colisão traseira";"Sem Vítimas";"Pleno dia";"Decrescente";"Ceu Claro";"Simples";"Reta";"Rural";2;0;0;0;2;0;0;2
83493884;"28/08/16";"Domingo";"08:40:00";"BA";116;"436";"FEIRA DE SANTANA";"Outras";"Saída de Pista";"Com Vítimas Feridas";"Pleno dia";"Crescente";"Ceu Claro";"Dupla";"Curva";"Rural";1;0;1;0;0;0;1;1
83493885;"28/08/16";"Domingo";"12:55:00";"SP";116;"180";"GUARAREMA";"Outras";"Colisão lateral";"Com Vítimas Feridas";"Pleno dia";"Decrescente";"Sol";"Dupla";"Reta";"Rural";3;0;2;0;1;0;2;2
83493887;"28/08/16";"Domingo";"02:00:00";"MG";40;"618,2";"CONGONHAS";"Velocidade incompatível";"Saída de Pista";"Com Vítimas Feridas";"Plena noite";"Decrescente";"Ceu Claro";"Simples";"Reta";"Rural";1;0;1;0;0;0;1;1
83493888;"28/08/16";"Domingo";"05:00:00";"SC";282;"257,3";"SAO JOSE DO CERRITO";"Dormindo";"Saída de Pista";"Com Vítimas Fatais";"Plena noite";"Decrescente";"Ignorada";"Simples";"Curva";"Rural";1;1;0;0;0;0;0;1
83493889;"24/08/16";"Quarta";"08:10:00";"SP";116;"224";"GUARULHOS";"Falta de atenção";"Colisão lateral";"Com Vítimas Feridas";"Pleno dia";"Crescente";"Ceu Claro";"Múltipla";"Reta";"Urbano";2;0;1;0;1;0;1;2
83493890;"28/08/16";"Domingo";"13:00:00";"PR";376;"681";"GUARATUBA";"Falta de atenção";"Colisão lateral";"Com Vítimas Feridas";"Pleno dia";"Decrescente";"Ceu Claro";"Dupla";"Reta";"Rural";3;0;2;0;1;0;2;2
83493891;"24/08/16";"Quarta";"21:55:00";"GO";60;"0,1";"APARECIDA DE GOIANIA";"Outras";"Saída de Pista";"Com Vítimas Feridas";"Plena noite";"Decrescente";"Ceu Claro";"Dupla";"Reta";"Urbano";1;0;1;0;0;0;1;1
83493892;"08/08/16";"Segunda";"10:00:00";"GO";70;"385";"MONTES CLAROS DE GOIAS";"Animais na Pista";"Atropelamento de animal";"Com Vítimas Feridas";"Pleno dia";"Decrescente";"Ceu Claro";"Simples";"Reta";"Rural";5;0;3;2;0;0;5;1
83493893;"26/08/16";"Sexta";"19:30:00";"MG";262;"61,3";"MATIPO";"Ultrapassagem indevida";"Colisão lateral";"Com Vítimas Feridas";"Plena noite";"Decrescente";"Ceu Claro";"Simples";"Reta";"Rural";2;0;0;1;1;0;1;2
83493894;"28/08/16";"Domingo";"11:00:00";"GO";364;"276";"MINEIROS";"Defeito mecânico em veículo";"Colisão frontal";"Sem Vítimas";"Pleno dia";"Decrescente";"Sol";"Simples";"Reta";"Rural";2;0;0;0;2;0;0;2
83493895;"28/08/16";"Domingo";"11:00:00";"GO";364;"276";"MINEIROS";"Falta de atenção";"Colisão traseira";"Sem Vítimas";"Pleno dia";"Decrescente";"Sol";"Simples";"Reta";"Rural";2;0;0;0;2;0;0;2
83493896;"27/08/16";"Sábado";"05:30:00";"MG";40;"664,1";"CARANDAI";"Ingestão de álcool";"Colisão traseira";"Com Vítimas Feridas";"Pleno dia";"Decrescente";"Ceu Claro";"Simples";"Reta";"Rural";7;0;1;0;4;2;1;2
83493897;"28/08/16";"Domingo";"13:15:00";"AL";316;"154";"PALMEIRA DOS INDIOS";"Falta de atenção";"Colisão traseira";"Sem Vítimas";"Pleno dia";"Decrescente";"Nublado";"Simples";"Reta";"Rural";4;0;0;0;4;0;0;2
83493898;"28/08/16";"Domingo";"08:20:00";"PR";369;"156";"LONDRINA";"Não guardar distância de segurança";"Colisão traseira";"Com Vítimas Feridas";"Pleno dia";"Decrescente";"Ceu Claro";"Dupla";"Reta";"Urbano";3;0;2;0;1;0;2;2
83493899;"28/08/16";"Domingo";"12:45:00";"MG";50;"163,7";"UBERABA";"Defeito mecânico em veículo";"Saída de Pista";"Sem Vítimas";"Pleno dia";"Crescente";"Sol";"Dupla";"Reta";"Rural";1;0;0;0;1;0;0;1
83493900;"28/08/16";"Domingo";"14:10:00";"PR";116;"71,1";"CAMPINA GRANDE DO SUL";"Outras";"Colisão lateral";"Sem Vítimas";"Pleno dia";"Decrescente";"Ceu Claro";"Dupla";"Curva";"Rural";2;0;0;0;2;0;0;2
83493901;"28/06/16";"Terça";"09:10:00";"MS";158;"83,5";"PARANAIBA";"Dormindo";"Saída de Pista";"Com Vítimas Feridas";"Pleno dia";"Decrescente";"Ceu Claro";"Simples";"Reta";"Rural";3;0;2;0;1;0;2;1
83493903;"28/08/16";"Domingo";"14:30:00";"RS";392;"51,8";"RIO GRANDE";"Falta de atenção";"Saída de Pista";"Sem Vítimas";"Pleno dia";"Crescente";"Chuva";"Dupla";"Reta";"Rural";1;0;0;0;1;0;0;1
83493904;"25/06/16";"Sábado";"01:00:00";"SP";116;"353,7";"MIRACATU";"Falta de atenção";"Colisão lateral";"Sem Vítimas";"Plena noite";"Decrescente";"Ceu Claro";"Simples";"Reta";"Rural";2;0;0;0;1;1;0;2
83493905;"27/08/16";"Sábado";"18:05:00";"PE";104;"75,1";"CARUARU";"Outras";"Colisão frontal";"Com Vítimas Feridas";"Plena noite";"Crescente";"Chuva";"Simples";"Reta";"Rural";4;0;1;0;3;0;1;3
83493906;"28/08/16";"Domingo";"12:15:00";"ES";262;"1,5";"CARIACICA";"Ingestão de álcool";"Colisão lateral";"Com Vítimas Feridas";"Pleno dia";"Decrescente";"Ceu Claro";"Dupla";"Reta";"Urbano";2;0;1;0;1;0;1;2
83493907;"28/08/16";"Domingo";"14:30:00";"PI";135;"353";"BOM JESUS";"Falta de atenção";"Colisão com objeto fixo";"Sem Vítimas";"Pleno dia";"Crescente";"Ceu Claro";"Simples";"Reta";"Urbano";1;0;0;0;1;0;0;1
83493908;"28/08/16";"Domingo";"12:00:00";"MG";381;"525,5";"BRUMADINHO";"Velocidade incompatível";"Queda de motocicleta / bicicleta / veículo";"Com Vítimas Feridas";"Pleno dia";"Crescente";"Ceu Claro";"Dupla";"Curva";"Rural";1;0;1;0;0;0;1;1
83493909;"24/08/16";"Quarta";"11:00:00";"ES";101;"289";"CARIACICA";"Defeito na via";"Queda de motocicleta / bicicleta / veículo";"Com Vítimas Feridas";"Pleno dia";"Decrescente";"Ceu Claro";"Dupla";"Reta";"Urbano";1;0;1;0;0;0;1;1
83493910;"25/08/16";"Quinta";"06:50:00";"DF";70;"4";"BRASILIA";"Falta de atenção";"Colisão lateral";"Com Vítimas Feridas";"Pleno dia";"Decrescente";"Ceu Claro";"Dupla";"Reta";"Urbano";3;0;1;0;2;0;1;3
83493911;"27/08/16";"Sábado";"17:50:00";"PA";230;"105";"MARABA";"Defeito na via";"Colisão traseira";"Com Vítimas Feridas";"Pleno dia";"Crescente";"Sol";"Simples";"Reta";"Rural";2;0;1;0;1;0;1;2
83493912;"20/08/16";"Sábado";"14:00:00";"ES";101;"269";"SERRA";"Outras";"Tombamento";"Com Vítimas Feridas";"Pleno dia";"Crescente";"Ceu Claro";"Dupla";"Reta";"Urbano";2;0;0;1;0;1;1;2
83493913;"12/08/16";"Sexta";"21:45:00";"PI";343;"181";"PIRIPIRI";"Falta de atenção";"Atropelamento de pessoa";"Com Vítimas Feridas";"Plena noite";"Decrescente";"Ceu Claro";"Simples";"Reta";"Urbano";2;0;1;0;1;0;1;1
83493914;"28/08/16";"Domingo";"09:30:00";"MG";262;"385";"FLORESTAL";"Outras";"Queda de motocicleta / bicicleta / veículo";"Com Vítimas Feridas";"Pleno dia";"Crescente";"Ceu Claro";"Dupla";"Curva";"Rural";1;0;1;0;0;0;1;1
83493915;"28/08/16";"Domingo";"15:15:00";"SC";101;"5,1";"GARUVA";"Falta de atenção";"Queda de motocicleta / bicicleta / veículo";"Com Vítimas Feridas";"Pleno dia";"Decrescente";"Sol";"Dupla";"Curva";"Urbano";2;0;1;0;1;0;1;1
83493916;"24/08/16";"Quarta";"15:50:00";"PA";316;"54";"CASTANHAL";"Falta de atenção";"Colisão com bicicleta";"Com Vítimas Feridas";"Pleno dia";"Decrescente";"Nublado";"Dupla";"Reta";"Rural";2;0;0;1;1;0;1;2
83493917;"25/08/16";"Quinta";"01:10:00";"GO";50;"210,3";"CAMPO ALEGRE DE GOIAS";"Dormindo";"Saída de Pista";"Sem Vítimas";"Plena noite";"Crescente";"Ceu Claro";"Simples";"Reta";"Rural";1;0;0;0;1;0;0;1
83493918;"28/08/16";"Domingo";"14:40:00";"PB";101;"103,1";"ALHANDRA";"Falta de atenção";"Saída de Pista";"Sem Vítimas";"Pleno dia";"Crescente";"Sol";"Dupla";"Reta";"Rural";1;0;0;0;1;0;0;1
83493919;"28/08/16";"Domingo";"12:55:00";"MS";60;"480,4";"DOIS IRMAOS DO BURITI";"Outras";"Queda de motocicleta / bicicleta / veículo";"Com Vítimas Feridas";"Pleno dia";"Decrescente";"Sol";"Simples";"Reta";"Rural";1;0;0;1;0;0;1;1
83493920;"28/08/16";"Domingo";"12:30:00";"RJ";101;"160";"MACAE";"Falta de atenção";"Colisão com objeto fixo";"Sem Vítimas";"Pleno dia";"Decrescente";"Ceu Claro";"Simples";"Reta";"Rural";1;0;0;0;1;0;0;1
83493921;"28/08/16";"Domingo";"07:40:00";"PB";230;"132";"CAMPINA GRANDE";"Velocidade incompatível";"Capotamento";"Com Vítimas Feridas";"Pleno dia";"Decrescente";"Nublado";"Dupla";"Curva";"Rural";1;0;1;0;0;0;1;1
83493922;"28/08/16";"Domingo";"11:45:00";"GO";50;"221,8";"CAMPO ALEGRE DE GOIAS";"Defeito mecânico em veículo";"Colisão lateral";"Sem Vítimas";"Pleno dia";"Decrescente";"Ceu Claro";"Simples";"Reta";"Rural";6;0;0;0;6;0;0;2
83493923;"28/08/16";"Domingo";"13:15:00";"RN";101;"139,2";"ARES";"Outras";"Capotamento";"Com Vítimas Feridas";"Pleno dia";"Decrescente";"Sol";"Dupla";"Reta";"Rural";1;0;1;0;0;0;1;1
83493924;"28/08/16";"Domingo";"11:00:00";"ES";262;"53";"MARECHAL FLORIANO";"Ingestão de álcool";"Queda de motocicleta / bicicleta / veículo";"Com Vítimas Feridas";"Pleno dia";"Crescente";"Sol";"Simples";"Curva";"Rural";1;0;1;0;0;0;1;1
83493925;"28/08/16";"Domingo";"11:20:00";"ES";101;"368";"ANCHIETA";"Ultrapassagem indevida";"Colisão com objeto fixo";"Sem Vítimas";"Pleno dia";"Decrescente";"Ceu Claro";"Simples";"Reta";"Rural";2;0;0;0;2;0;0;2
83493926;"25/08/16";"Quinta";"07:30:00";"PR";376;"617";"SAO JOSE DOS PINHAIS";"Falta de atenção";"Queda de motocicleta / bicicleta / veículo";"Com Vítimas Feridas";"Pleno dia";"Decrescente";"Nublado";"Dupla";"Reta";"Rural";3;0;2;0;1;0;2;2
83493927;"28/08/16";"Domingo";"15:30:00";"MA";135;"92,8";"ITAPECURU MIRIM";"Falta de atenção";"Colisão Transversal";"Com Vítimas Feridas";"Pleno dia";"Decrescente";"Sol";"Simples";"Reta";"Rural";3;0;2;0;1;0;2;2
83493928;"26/08/16";"Sexta";"17:30:00";"CE";116;"12";"FORTALEZA";"Outras";"Colisão lateral";"Com Vítimas Feridas";"Anoitecer";"Crescente";"Ceu Claro";"Simples";"Curva";"Urbano";2;0;0;1;1;0;1;2
83493929;"28/08/16";"Domingo";"14:40:00";"MG";40;"41,6";"PARACATU";"Velocidade incompatível";"Queda de motocicleta / bicicleta / veículo";"Com Vítimas Feridas";"Pleno dia";"Crescente";"Ceu Claro";"Simples";"Cruzamento";"Urbano";2;0;0;2;0;0;2;1
83493930;"28/08/16";"Domingo";"16:30:00";"MA";316;"423,2";"PERITORO";"Desobediência à sinalização";"Colisão Transversal";"Com Vítimas Feridas";"Pleno dia";"Decrescente";"Ceu Claro";"Simples";"Reta";"Urbano";3;0;0;2;1;0;2;2
83493931;"28/08/16";"Domingo";"13:50:00";"MG";381;"623";"OLIVEIRA";"Dormindo";"Saída de Pista";"Com Vítimas Feridas";"Pleno dia";"Decrescente";"Ceu Claro";"Dupla";"Reta";"Rural";1;0;1;0;0;0;1;1
83493932;"28/08/16";"Domingo";"15:30:00";"MG";135;"429,7";"ENGENHEIRO NAVARRO";"Falta de atenção";"Colisão com bicicleta";"Com Vítimas Feridas";"Pleno dia";"Decrescente";"Ceu Claro";"Simples";"Reta";"Rural";2;0;1;0;1;0;1;2
83493933;"04/08/16";"Quinta";"16:00:00";"MA";135;"9";"SAO LUIS";"Defeito mecânico em veículo";"Queda de motocicleta / bicicleta / veículo";"Com Vítimas Feridas";"Pleno dia";"Crescente";"Ceu Claro";"Dupla";"Reta";"Urbano";1;0;1;0;0;0;1;1
83493934;"28/08/16";"Domingo";"16:45:00";"SC";101;"86";"BARRA VELHA";"Falta de atenção";"Colisão traseira";"Sem Vítimas";"Anoitecer";"Decrescente";"Nevoeiro/neblina";"Dupla";"Reta";"Urbano";3;0;0;0;3;0;0;3
83493935;"27/08/16";"Sábado";"03:00:00";"SC";101;"207,9";"SAO JOSE";"Ingestão de álcool";"Capotamento";"Com Vítimas Feridas";"Plena noite";"Crescente";"Ceu Claro";"Dupla";"Curva";"Urbano";2;0;2;0;0;0;2;1
83493936;"28/08/16";"Domingo";"16:50:00";"SC";101;"84";"BARRA VELHA";"Defeito mecânico em veículo";"Queda de motocicleta / bicicleta / veículo";"Com Vítimas Feridas";"Plena noite";"Decrescente";"Nevoeiro/neblina";"Múltipla";"Reta";"Rural";2;0;0;1;1;0;1;1
83493937;"25/08/16";"Quinta";"01:30:00";"GO";40;"6,5";"VALPARAISO DE GOIAS";"Falta de atenção";"Colisão com objeto móvel";"Sem Vítimas";"Plena noite";"Crescente";"Ceu Claro";"Dupla";"Reta";"Urbano";2;0;0;0;2;0;0;1
83493938;"28/08/16";"Domingo";"07:00:00";"RS";470;"267";"SAO JOSE DO SUL";"Velocidade incompatível";"Saída de Pista";"Com Vítimas Feridas";"Pleno dia";"Decrescente";"Ceu Claro";"Simples";"Curva";"Rural";2;0;1;0;1;0;1;1
83493941;"28/08/16";"Domingo";"13:40:00";"RO";364;"319";"PRESIDENTE MEDICI";"Não guardar distância de segurança";"Colisão traseira";"Com Vítimas Feridas";"Pleno dia";"Crescente";"Ceu Claro";"Simples";"Reta";"Urbano";2;0;1;0;1;0;1;2
83493942;"28/08/16";"Domingo";"12:30:00";"MG";262;"615,9";"IBIA";"Dormindo";"Saída de Pista";"Com Vítimas Feridas";"Pleno dia";"Decrescente";"Ceu Claro";"Simples";"Reta";"Rural";1;0;1;0;0;0;1;1
83493943;"28/08/16";"Domingo";"17:50:00";"SC";101;"40";"JOINVILLE";"Falta de atenção";"Colisão lateral";"Com Vítimas Feridas";"Anoitecer";"Decrescente";"Ceu Claro";"Dupla";"Curva";"Urbano";2;0;1;0;1;0;1;2
83493944;"27/08/16";"Sábado";"20:30:00";"MS";262;"771,3";"CORUMBA";"Desobediência à sinalização";"Colisão frontal";"Com Vítimas Fatais";"Plena noite";"Crescente";"Ceu Claro";"Simples";"Curva";"Urbano";2;1;0;0;1;0;0;2
83493945;"28/08/16";"Domingo";"07:45:00";"RS";116;"122";"SAO MARCOS";"Velocidade incompatível";"Tombamento";"Com Vítimas Feridas";"Pleno dia";"Crescente";"Sol";"Simples";"Curva";"Rural";1;0;1;0;0;0;1;1
83493946;"28/08/16";"Domingo";"17:00:00";"SP";381;"60";"MAIRIPORA";"Não guardar distância de segurança";"Colisão traseira";"Com Vítimas Feridas";"Pleno dia";"Crescente";"Ceu Claro";"Dupla";"Reta";"Urbano";7;0;2;2;2;1;4;4
83493947;"28/08/16";"Domingo";"18:00:00";"SC";280;"52";"GUARAMIRIM";"Outras";"Colisão com objeto fixo";"Com Vítimas Feridas";"Anoitecer";"Crescente";"Nublado";"Simples";"Cruzamento";"Rural";3;0;3;0;0;0;3;1
83493948;"28/08/16";"Domingo";"14:00:00";"ES";101;"104,5";"SOORETAMA";"Dormindo";"Saída de Pista";"Com Vítimas Feridas";"Pleno dia";"Decrescente";"Sol";"Simples";"Reta";"Rural";1;0;1;0;0;0;1;1
83493949;"28/08/16";"Domingo";"17:50:00";"PI";316;"198,6";"VALENCA DO PIAUI";"Outras";"Saída de Pista";"Sem Vítimas";"Pleno dia";"Decrescente";"Ceu Claro";"Simples";"Reta";"Rural";1;0;0;0;1;0;0;1
83493951;"25/08/16";"Quinta";"06:40:00";"PR";376;"624";"SAO JOSE DOS PINHAIS";"Dormindo";"Colisão traseira";"Com Vítimas Feridas";"Amanhecer";"Crescente";"Nublado";"Dupla";"Reta";"Rural";2;0;0;1;1;0;1;2
83493952;"28/08/16";"Domingo";"14:20:00";"RJ";40;"0";"COMENDADOR LEVY GASPARIAN";"Velocidade incompatível";"Queda de motocicleta / bicicleta / veículo";"Com Vítimas Fatais";"Pleno dia";"Crescente";"Sol";"Dupla";"Curva";"Rural";1;1;0;0;0;0;0;1
83493953;"28/08/16";"Domingo";"15:10:00";"RS";285;"449,8";"BOZANO";"Velocidade incompatível";"Colisão frontal";"Com Vítimas Fatais";"Pleno dia";"Decrescente";"Chuva";"Simples";"Curva";"Rural";3;1;1;0;1;0;1;2
83493954;"28/08/16";"Domingo";"18:15:00";"RS";392;"241,2";"CACAPAVA DO SUL";"Velocidade incompatível";"Colisão com objeto fixo";"Sem Vítimas";"Anoitecer";"Decrescente";"Chuva";"Simples";"Curva";"Rural";1;0;0;0;1;0;0;1
83493955;"28/08/16";"Domingo";"12:30:00";"RS";285;"659";"SAO BORJA";"Ultrapassagem indevida";"Colisão frontal";"Com Vítimas Feridas";"Pleno dia";"Crescente";"Chuva";"Simples";"Curva";"Rural";2;0;1;0;1;0;1;2
83493956;"24/08/16";"Quarta";"20:30:00";"SC";116;"2";"MAFRA";"Defeito na via";"Danos Eventuais";"Sem Vítimas";"Plena noite";"Crescente";"Ceu Claro";"Simples";"Reta";"Urbano";1;0;0;0;1;0;0;1
83493957;"21/08/16";"Domingo";"17:45:00";"MG";146;"480";"CABO VERDE";"Velocidade incompatível";"Saída de Pista";"Com Vítimas Feridas";"Anoitecer";"Decrescente";"Chuva";"Simples";"Reta";"Rural";1;0;1;0;0;0;1;1
83493958;"28/08/16";"Domingo";"11:50:00";"RS";285;"658";"SAO BORJA";"Velocidade incompatível";"Saída de Pista";"Sem Vítimas";"Pleno dia";"Decrescente";"Chuva";"Simples";"Curva";"Rural";1;0;0;0;1;0;0;1
83493959;"28/08/16";"Domingo";"16:20:00";"RJ";465;"5";"SEROPEDICA";"Falta de atenção";"Colisão com objeto fixo";"Com Vítimas Feridas";"Pleno dia";"Decrescente";"Ceu Claro";"Simples";"Reta";"Urbano";3;0;3;0;0;0;3;1
83493960;"28/08/16";"Domingo";"17:50:00";"MG";40;"273,8";"TRES MARIAS";"Outras";"Colisão lateral";"Sem Vítimas";"Anoitecer";"Decrescente";"Ceu Claro";"Simples";"Reta";"Urbano";3;0;0;0;3;0;0;3
83493961;"28/08/16";"Domingo";"19:15:00";"BA";324;"514";"FEIRA DE SANTANA";"Ultrapassagem indevida";"Colisão Transversal";"Com Vítimas Feridas";"Plena noite";"Decrescente";"Ceu Claro";"Simples";"Reta";"Urbano";2;0;2;0;0;0;2;2
83493962;"05/04/16";"Terça";"16:30:00";"MS";163;"316";"RIO BRILHANTE";"Velocidade incompatível";"Tombamento";"Com Vítimas Feridas";"Pleno dia";"Decrescente";"Ceu Claro";"Simples";"Curva";"Rural";1;0;1;0;0;0;1;1
83493964;"28/07/16";"Quinta";"02:40:00";"RJ";116;"185";"NOVA IGUACU";"Outras";"Colisão lateral";"Sem Vítimas";"Plena noite";"Decrescente";"Nublado";"Múltipla";"Reta";"Urbano";5;0;0;0;5;0;0;3
83493965;"28/08/16";"Domingo";"18:10:00";"RS";116;"563,4";"PEDRO OSORIO";"Desobediência à sinalização";"Colisão Transversal";"Sem Vítimas";"Anoitecer";"Crescente";"Chuva";"Simples";"Cruzamento";"Rural";2;0;0;0;2;0;0;2
83493966;"28/08/16";"Domingo";"16:15:00";"RJ";116;"125";"MAGE";"Outras";"Saída de Pista";"Com Vítimas Feridas";"Pleno dia";"Crescente";"Ceu Claro";"Dupla";"Curva";"Rural";3;0;3;0;0;0;3;1
83493967;"28/08/16";"Domingo";"17:30:00";"MG";135;"395,1";"BOCAIUVA";"Não guardar distância de segurança";"Saída de Pista";"Com Vítimas Feridas";"Pleno dia";"Crescente";"Ceu Claro";"Simples";"Reta";"Rural";2;0;0;2;0;0;2;1
83493968;"28/08/16";"Domingo";"18:20:00";"RS";116;"263";"CANOAS";"Outras";"Colisão Transversal";"Com Vítimas Feridas";"Plena noite";"Decrescente";"Ignorada";"Dupla";"Reta";"Urbano";2;0;1;0;1;0;1;2
83493969;"28/08/16";"Domingo";"14:30:00";"SC";470;"78,7";"INDAIAL";"Outras";"Capotamento";"Com Vítimas Feridas";"Pleno dia";"Decrescente";"Sol";"Simples";"Reta";"Rural";4;0;3;1;0;0;4;1
83493970;"28/08/16";"Domingo";"17:30:00";"SP";116;"467,9";"PARIQUERA-ACU";"Falta de atenção";"Queda de motocicleta / bicicleta / veículo";"Com Vítimas Feridas";"Pleno dia";"Decrescente";"Ceu Claro";"Dupla";"Reta";"Urbano";1;0;1;0;0;0;1;1
83493971;"24/08/16";"Quarta";"21:05:00";"MT";70;"500";"CUIABA";"Falta de atenção";"Colisão traseira";"Com Vítimas Feridas";"Plena noite";"Crescente";"Nublado";"Simples";"Reta";"Rural";2;0;1;0;1;0;1;2
83493972;"28/08/16";"Domingo";"18:00:00";"MS";262;"386";"TERENOS";"Não guardar distância de segurança";"Colisão traseira";"Com Vítimas Feridas";"Anoitecer";"Decrescente";"Ceu Claro";"Simples";"Reta";"Rural";10;0;1;0;9;0;1;5
83493973;"28/08/16";"Domingo";"16:00:00";"MG";50;"160";"UBERABA";"Outras";"Saída de Pista";"Com Vítimas Fatais";"Pleno dia";"Crescente";"Ceu Claro";"Dupla";"Reta";"Rural";5;4;0;1;0;0;1;1
83493974;"21/08/16";"Domingo";"04:00:00";"MA";135;"13,2";"SAO LUIS";"Outras";"Saída de Pista";"Com Vítimas Feridas";"Plena noite";"Crescente";"Ignorada";"Dupla";"Curva";"Urbano";2;0;1;0;0;1;1;1
83493975;"26/08/16";"Sexta";"17:30:00";"PI";135;"356";"BOM JESUS";"Defeito mecânico em veículo";"Tombamento";"Sem Vítimas";"Anoitecer";"Decrescente";"Ceu Claro";"Simples";"Reta";"Rural";1;0;0;0;1;0;0;1
83493976;"15/06/16";"Quarta";"13:30:00";"BA";330;"745,6";"JEQUIE";"Não guardar distância de segurança";"Colisão lateral";"Com Vítimas Feridas";"Pleno dia";"Crescente";"Ceu Claro";"Simples";"Reta";"Rural";2;0;1;0;0;1;1;2
83493978;"28/08/16";"Domingo";"13:50:00";"CE";222;"33,9";"CAUCAIA";"Outras";"Colisão lateral";"Sem Vítimas";"Pleno dia";"Decrescente";"Ceu Claro";"Simples";"Reta";"Rural";2;0;0;0;2;0;0;2
83493979;"28/08/16";"Domingo";"18:00:00";"CE";222;"6";"CAUCAIA";"Outras";"Atropelamento de pessoa";"Com Vítimas Feridas";"Plena noite";"Decrescente";"Ceu Claro";"Simples";"Curva";"Urbano";3;0;0;2;1;0;2;1
83493980;"28/08/16";"Domingo";"15:35:00";"MG";365;"166";"PIRAPORA";"Ultrapassagem indevida";"Colisão lateral";"Com Vítimas Feridas";"Pleno dia";"Decrescente";"Ceu Claro";"Simples";"Reta";"Rural";4;0;2;0;2;0;2;2