"id";"data_inversa";"dia_semana";"horario";"uf";"br";"km";"municipio";"causa_acidente";"tipo_acidente";"classificacao_acidente";"fase_dia";"sentido_via";"condicao_metereologica";"tipo_pista";"tracado_via";"uso_solo";"pessoas";"mortos";"feridos_leves";"feridos_graves";"ilesos";"ignorados";"feridos";"veiculos"
83494094;"28/08/16";"Domingo";"18:25:00";"RN";101;"107,4";"PARNAMIRIM";"Ingestão de álcool";"Colisão Transversal";"Com Vítimas Feridas";"Plena noite";"Crescente";"Ceu Claro";"Dupla";"Reta";"Urbano";2;0;2;0;0;0;2;2
83494095;"28/08/16";"Domingo";"18:30:00";"PR";376;"15";"MARINGA";"Ingestão de álcool";"Saída de Pista";"Com Vítimas Feridas";"Amanhecer";"Decrescente";"Ceu Claro";"Dupla";"Curva";"Urbano";1;0;1;0;0;0;1;1
83494096;"28/08/16";"Domingo";"23:00:00";"PR";277;"726,2";"FOZ DO IGUACU";"Velocidade incompatível";"Colisão frontal";"Com Vítimas Fatais";"Plena noite";"Crescente";"Nublado";"Dupla";"Reta";"Urbano";4;1;2;1;0;0;3;2
83494097;"29/08/16";"Segunda";"02:45:00";"RJ";116;"178";"NOVA IGUACU";"Outras";"Colisão lateral";"Com Vítimas Fatais";"Plena noite";"Decrescente";"Nublado";"Dupla";"Reta";"Urbano";2;1;1;0;0;0;1;2
83494098;"29/08/16";"Segunda";"06:40:00";"MG";50;"36";"ARAGUARI";"Outras";"Queda de motocicleta / bicicleta / veículo";"Com Vítimas Feridas";"Pleno dia";"Decrescente";"Ceu Claro";"Dupla";"Curva";"Urbano";1;0;1;0;0;0;1;1
83494099;"28/08/16";"Domingo";"12:00:00";"MS";262;"237,3";"RIBAS DO RIO PARDO";"Falta de atenção";"Colisão lateral";"Com Vítimas Feridas";"Pleno dia";"Decrescente";"Ceu Claro";"Simples";"Curva";"Urbano";5;0;2;0;3;0;2;2
83494100;"27/08/16";"Sábado";"06:50:00";"BA";101;"693,5";"EUNAPOLIS";"Velocidade incompatível";"Saída de Pista";"Sem Vítimas";"Pleno dia";"Crescente";"Chuva";"Simples";"Curva";"Rural";2;0;0;0;2;0;0;1
83494101;"28/08/16";"Domingo";"15:50:00";"MS";262;"732";"CORUMBA";"Animais na Pista";"Saída de Pista";"Com Vítimas Feridas";"Pleno dia";"Decrescente";"Nublado";"Simples";"Reta";"Rural";2;0;2;0;0;0;2;1
83494102;"25/08/16";"Quinta";"08:50:00";"ES";101;"270";"SERRA";"Outras";"Colisão lateral";"Com Vítimas Feridas";"Pleno dia";"Crescente";"Ceu Claro";"Múltipla";"Reta";"Urbano";2;0;1;0;1;0;1;2
83494103;"28/08/16";"Domingo";"15:55:00";"PR";277;"209,9";"TEIXEIRA SOARES";"Não guardar distância de segurança";"Colisão traseira";"Sem Vítimas";"Pleno dia";"Crescente";"Sol";"Simples";"Reta";"Rural";2;0;0;0;2;0;0;2
83494104;"28/08/16";"Domingo";"19:30:00";"MT";70;"675";"CACERES";"Outras";"Saída de Pista";"Sem Vítimas";"Plena noite";"Crescente";"Chuva";"Simples";"Reta";"Rural";1;0;0;0;1;0;0;1
83494105;"28/08/16";"Domingo";"03:40:00";"SC";116;"132,6";"SANTA CECILIA";"Ingestão de álcool";"Saída de Pista";"Com Vítimas Fatais";"Plena noite";"Decrescente";"Ceu Claro";"Simples";"Reta";"Rural";1;1;0;0;0;0;0;1
83494106;"27/08/16";"Sábado";"06:28:00";"PR";277;"657,4";"MATELANDIA";"Falta de atenção";"Colisão com objeto fixo";"Com Vítimas Feridas";"Amanhecer";"Decrescente";"Ceu Claro";"Simples";"Reta";"Rural";1;0;1;0;0;0;1;1
83494108;"29/07/16";"Sexta";"22:05:00";"GO";364;"196";"JATAI";"Desobediência à sinalização";"Colisão lateral";"Com Vítimas Feridas";"Plena noite";"Crescente";"Ceu Claro";"Dupla";"Reta";"Urbano";2;0;0;1;1;0;1;2
83494109;"28/08/16";"Domingo";"19:30:00";"RS";386;"294";"POUSO NOVO";"Velocidade incompatível";"Colisão frontal";"Com Vítimas Feridas";"Plena noite";"Crescente";"Chuva";"Simples";"Curva";"Rural";2;0;0;1;1;0;1;2
83494110;"26/08/16";"Sexta";"05:10:00";"SC";101;"112,2";"ITAJAI";"Outras";"Colisão com objeto fixo";"Ignorado";"Plena noite";"Decrescente";"Nublado";"Dupla";"Curva";"Urbano";1;0;0;0;0;1;0;1
83494111;"25/08/16";"Quinta";"18:20:00";"GO";60;"72";"ABADIANIA";"Outras";"Capotamento";"Com Vítimas Fatais";"Anoitecer";"Crescente";"Ceu Claro";"Dupla";"Curva";"Rural";1;1;0;0;0;0;0;1
83494112;"29/08/16";"Segunda";"07:45:00";"RS";386;"435";"NOVA SANTA RITA";"Desobediência à sinalização";"Colisão Transversal";"Sem Vítimas";"Pleno dia";"Crescente";"Chuva";"Dupla";"Cruzamento";"Urbano";2;0;0;0;2;0;0;2
83494113;"26/08/16";"Sexta";"22:50:00";"AL";101;"107";"PILAR";"Ingestão de álcool";"Saída de Pista";"Sem Vítimas";"Plena noite";"Decrescente";"Vento";"Simples";"Curva";"Rural";1;0;0;0;1;0;0;1
83494114;"26/08/16";"Sexta";"08:30:00";"RJ";116;"300";"RESENDE";"Outras";"Colisão traseira";"Sem Vítimas";"Pleno dia";"Crescente";"Ceu Claro";"Dupla";"Reta";"Urbano";8;0;0;0;8;0;0;8
83494115;"29/08/16";"Segunda";"07:30:00";"SC";101;"202,3";"SAO JOSE";"Não guardar distância de segurança";"Colisão traseira";"Com Vítimas Feridas";"Pleno dia";"Crescente";"Ceu Claro";"Múltipla";"Reta";"Urbano";2;0;1;0;1;0;1;2
83494116;"23/08/16";"Terça";"14:00:00";"BA";101;"350";"WENCESLAU GUIMARAES";"Outras";"Saída de Pista";"Sem Vítimas";"Pleno dia";"Decrescente";"Chuva";"Simples";"Curva";"Rural";1;0;0;0;1;0;0;1
83494117;"29/08/16";"Segunda";"08:30:00";"GO";452;"1,8";"RIO VERDE";"Falta de atenção";"Queda de motocicleta / bicicleta / veículo";"Com Vítimas Feridas";"Pleno dia";"Crescente";"Ceu Claro";"Dupla";"Reta";"Urbano";1;0;1;0;0;0;1;1
83494118;"29/08/16";"Segunda";"04:10:00";"RS";293;"441";"QUARAI";"Animais na Pista";"Atropelamento de animal";"Sem Vítimas";"Plena noite";"Crescente";"Nevoeiro/neblina";"Simples";"Reta";"Rural";1;0;0;0;1;0;0;1
83494119;"29/08/16";"Segunda";"06:35:00";"SP";116;"53";"LORENA";"Falta de atenção";"Colisão lateral";"Com Vítimas Feridas";"Pleno dia";"Crescente";"Ceu Claro";"Simples";"Curva";"Urbano";2;0;1;0;1;0;1;2
83494121;"28/08/16";"Domingo";"06:47:00";"AP";210;"105";"PORTO GRANDE";"Ingestão de álcool";"Colisão frontal";"Com Vítimas Feridas";"Amanhecer";"Crescente";"Ceu Claro";"Simples";"Reta";"Urbano";2;0;1;0;1;0;1;2
83494122;"27/08/16";"Sábado";"11:18:00";"GO";153;"397,1";"PIRENOPOLIS";"Desobediência à sinalização";"Colisão frontal";"Com Vítimas Feridas";"Pleno dia";"Decrescente";"Ceu Claro";"Simples";"Reta";"Rural";3;0;2;0;1;0;2;2
83494123;"30/07/16";"Sábado";"12:00:00";"PR";116;"154,6";"QUITANDINHA";"Falta de atenção";"Colisão lateral";"Com Vítimas Feridas";"Pleno dia";"Crescente";"Ceu Claro";"Simples";"Reta";"Rural";7;0;6;1;0;0;7;2
83494124;"28/08/16";"Domingo";"08:45:00";"MG";50;"67,3";"UBERLANDIA";"Falta de atenção";"Saída de Pista";"Sem Vítimas";"Pleno dia";"Decrescente";"Ceu Claro";"Dupla";"Reta";"Urbano";1;0;0;0;1;0;0;1
83494125;"29/07/16";"Sexta";"14:30:00";"MT";364;"530,5";"ROSARIO OESTE";"Não guardar distância de segurança";"Colisão traseira";"Sem Vítimas";"Pleno dia";"Decrescente";"Ceu Claro";"Simples";"Reta";"Rural";2;0;0;0;2;0;0;2
83494126;"29/08/16";"Segunda";"08:10:00";"MG";381;"483";"BETIM";"Outras";"Queda de motocicleta / bicicleta / veículo";"Com Vítimas Feridas";"Pleno dia";"Decrescente";"Ceu Claro";"Dupla";"Reta";"Urbano";1;0;1;0;0;0;1;1
83494127;"26/08/16";"Sexta";"07:00:00";"MG";40;"792,7";"JUIZ DE FORA";"Outras";"Colisão com objeto fixo";"Com Vítimas Feridas";"Pleno dia";"Crescente";"Ceu Claro";"Dupla";"Reta";"Urbano";1;0;1;0;0;0;1;1
83494128;"25/08/16";"Quinta";"07:20:00";"MG";116;"471,6";"TARUMIRIM";"Ingestão de álcool";"Colisão Transversal";"Com Vítimas Fatais";"Pleno dia";"Crescente";"Ceu Claro";"Simples";"Reta";"Rural";2;1;0;0;1;0;0;2
83494129;"29/08/16";"Segunda";"06:00:00";"MS";262;"362";"TERENOS";"Outras";"Queda de motocicleta / bicicleta / veículo";"Com Vítimas Feridas";"Amanhecer";"Decrescente";"Chuva";"Simples";"Reta";"Urbano";1;0;1;0;0;0;1;1
83494130;"25/08/16";"Quinta";"22:45:00";"GO";70;"6,5";"AGUAS LINDAS DE GOIAS";"Ingestão de álcool";"Saída de Pista";"Com Vítimas Feridas";"Plena noite";"Crescente";"Ceu Claro";"Dupla";"Reta";"Urbano";2;0;2;0;0;0;2;1
83494131;"26/08/16";"Sexta";"20:00:00";"RJ";356;"97";"CARDOSO MOREIRA";"Falta de atenção";"Colisão lateral";"Sem Vítimas";"Plena noite";"Crescente";"Ceu Claro";"Simples";"Reta";"Rural";2;0;0;0;2;0;0;2
83494133;"23/08/16";"Terça";"09:10:00";"MG";40;"42,9";"PARACATU";"Outras";"Atropelamento de pessoa";"Com Vítimas Feridas";"Pleno dia";"Crescente";"Ceu Claro";"Simples";"Reta";"Urbano";2;0;0;1;1;0;1;1
83494134;"21/08/16";"Domingo";"21:00:00";"RJ";116;"250";"PIRAI";"Velocidade incompatível";"Saída de Pista";"Sem Vítimas";"Plena noite";"Decrescente";"Ceu Claro";"Dupla";"Reta";"Rural";2;0;0;0;2;0;0;1
83494135;"24/08/16";"Quarta";"14:30:00";"MG";381;"313";"ANTONIO DIAS";"Não guardar distância de segurança";"Colisão traseira";"Sem Vítimas";"Pleno dia";"Crescente";"Ceu Claro";"Simples";"Reta";"Rural";2;0;0;0;2;0;0;2
83494136;"26/08/16";"Sexta";"03:30:00";"RJ";116;"105";"GUAPIMIRIM";"Outras";"Colisão com objeto fixo";"Sem Vítimas";"Plena noite";"Decrescente";"Nublado";"Dupla";"Reta";"Urbano";2;0;0;0;2;0;0;2
83494137;"29/08/16";"Segunda";"08:05:00";"MG";40;"517";"RIBEIRAO DAS NEVES";"Não guardar distância de segurança";"Colisão traseira";"Com Vítimas Feridas";"Pleno dia";"Crescente";"Sol";"Dupla";"Reta";"Urbano";3;0;0;1;2;0;1;2
83494139;"26/08/16";"Sexta";"07:40:00";"DF";60;"4,5";"BRASILIA";"Outras";"Colisão traseira";"Com Vítimas Feridas";"Pleno dia";"Decrescente";"Ceu Claro";"Dupla";"Reta";"Urbano";2;0;0;1;1;0;1;2
83494140;"24/08/16";"Quarta";"19:00:00";"MG";40;"525";"CONTAGEM";"Falta de atenção";"Colisão lateral";"Com Vítimas Feridas";"Plena noite";"Crescente";"Ceu Claro";"Dupla";"Reta";"Urbano";5;0;1;0;2;2;1;3
83494141;"29/08/16";"Segunda";"08:50:00";"RS";386;"391";"TRIUNFO";"Outras";"Saída de Pista";"Com Vítimas Feridas";"Pleno dia";"Crescente";"Chuva";"Dupla";"Curva";"Rural";1;0;1;0;0;0;1;1
83494142;"29/08/16";"Segunda";"08:20:00";"RS";285;"611,8";"SANTO ANTONIO DAS MISSOES";"Dormindo";"Saída de Pista";"Sem Vítimas";"Pleno dia";"Crescente";"Nublado";"Simples";"Curva";"Rural";1;0;0;0;1;0;0;1
83494143;"29/08/16";"Segunda";"09:35:00";"PR";376;"2,5";"SAO JOSE DOS PINHAIS";"Falta de atenção";"Colisão traseira";"Com Vítimas Feridas";"Pleno dia";"Crescente";"Sol";"Dupla";"Reta";"Urbano";5;0;1;0;4;0;1;4
83494144;"26/08/16";"Sexta";"06:30:00";"AM";174;"893";"MANAUS";"Falta de atenção";"Colisão traseira";"Com Vítimas Feridas";"Amanhecer";"Crescente";"Ceu Claro";"Simples";"Reta";"Rural";2;0;1;0;1;0;1;2
83494145;"25/08/16";"Quinta";"22:00:00";"MG";365;"625";"UBERLANDIA";"Falta de atenção";"Atropelamento de pessoa";"Com Vítimas Feridas";"Plena noite";"Decrescente";"Ceu Claro";"Dupla";"Reta";"Urbano";2;0;1;1;0;0;2;1
83494146;"29/08/16";"Segunda";"06:30:00";"MT";70;"591";"POCONE";"Outras";"Saída de Pista";"Sem Vítimas";"Amanhecer";"Decrescente";"Chuva";"Simples";"Reta";"Rural";1;0;0;0;1;0;0;1
83494147;"29/08/16";"Segunda";"07:20:00";"PR";277;"105";"CAMPO LARGO";"Velocidade incompatível";"Colisão traseira";"Sem Vítimas";"Amanhecer";"Decrescente";"Sol";"Dupla";"Curva";"Rural";2;0;0;0;2;0;0;2
83494148;"28/08/16";"Domingo";"04:30:00";"SC";282;"391";"JOACABA";"Outras";"Atropelamento de pessoa";"Com Vítimas Fatais";"Plena noite";"Crescente";"Ceu Claro";"Simples";"Reta";"Rural";5;1;1;0;2;1;1;1
83494149;"29/08/16";"Segunda";"07:30:00";"PR";277;"84";"CURITIBA";"Falta de atenção";"Colisão lateral";"Com Vítimas Feridas";"Pleno dia";"Crescente";"Ceu Claro";"Dupla";"Reta";"Urbano";2;0;1;0;1;0;1;2
83494150;"29/08/16";"Segunda";"07:30:00";"MG";381;"456";"BELO HORIZONTE";"Não guardar distância de segurança";"Colisão traseira";"Com Vítimas Feridas";"Pleno dia";"Crescente";"Ceu Claro";"Dupla";"Reta";"Urbano";2;0;1;0;1;0;1;2
83494151;"25/08/16";"Quinta";"18:00:00";"RJ";101;"15";"CAMPOS DOS GOYTACAZES";"Falta de atenção";"Colisão Transversal";"Com Vítimas Fatais";"Plena noite";"Decrescente";"Vento";"Simples";"Curva";"Rural";3;1;0;1;1;0;1;2
83494154;"24/08/16";"Quarta";"06:20:00";"PR";476;"144";"CURITIBA";"Velocidade incompatível";"Saída de Pista";"Sem Vítimas";"Amanhecer";"Decrescente";"Ceu Claro";"Dupla";"Reta";"Urbano";2;0;0;0;2;0;0;2
83494155;"29/08/16";"Segunda";"09:50:00";"SC";470;"59";"BLUMENAU";"Falta de atenção";"Colisão traseira";"Sem Vítimas";"Pleno dia";"Decrescente";"Sol";"Simples";"Reta";"Urbano";2;0;0;0;2;0;0;2
83494156;"26/08/16";"Sexta";"05:10:00";"MG";267;"89,1";"JUIZ DE FORA";"Dormindo";"Colisão com objeto fixo";"Sem Vítimas";"Pleno dia";"Decrescente";"Ceu Claro";"Simples";"Curva";"Urbano";1;0;0;0;1;0;0;1
83494157;"29/08/16";"Segunda";"03:00:00";"MT";70;"577,2";"NOSSA SENHORA DO LIVRAMENTO";"Desobediência à sinalização";"Capotamento";"Sem Vítimas";"Plena noite";"Decrescente";"Chuva";"Simples";"Curva";"Rural";1;0;0;0;1;0;0;1
83494158;"21/08/16";"Domingo";"20:58:00";"RJ";393;"229,8";"VASSOURAS";"Velocidade incompatível";"Capotamento";"Com Vítimas Feridas";"Plena noite";"Crescente";"Ceu Claro";"Simples";"Curva";"Rural";4;0;2;0;2;0;2;1
83494159;"29/08/16";"Segunda";"09:10:00";"RS";386;"435";"NOVA SANTA RITA";"Outras";"Colisão frontal";"Com Vítimas Feridas";"Pleno dia";"Decrescente";"Chuva";"Dupla";"Cruzamento";"Urbano";2;0;1;0;1;0;1;2
83494160;"26/08/16";"Sexta";"01:00:00";"PR";163;"290";"MARECHAL CANDIDO RONDON";"Dormindo";"Saída de Pista";"Sem Vítimas";"Plena noite";"Crescente";"Ceu Claro";"Simples";"Curva";"Rural";1;0;0;0;1;0;0;1
83494161;"29/08/16";"Segunda";"08:00:00";"MG";262;"39,9";"MANHUACU";"Falta de atenção";"Queda de motocicleta / bicicleta / veículo";"Com Vítimas Feridas";"Pleno dia";"Decrescente";"Sol";"Simples";"Reta";"Rural";1;0;1;0;0;0;1;1
83494162;"29/08/16";"Segunda";"07:30:00";"MS";267;"434,3";"GUIA LOPES DA LAGUNA";"Ultrapassagem indevida";"Colisão Transversal";"Com Vítimas Feridas";"Pleno dia";"Crescente";"Nevoeiro/neblina";"Simples";"Reta";"Rural";4;0;1;0;3;0;1;2
83494163;"29/08/16";"Segunda";"10:00:00";"PA";10;"18";"DOM ELISEU";"Falta de atenção";"Colisão lateral";"Com Vítimas Feridas";"Pleno dia";"Decrescente";"Sol";"Simples";"Cruzamento";"Urbano";3;0;1;0;2;0;1;3
83494164;"25/08/16";"Quinta";"21:40:00";"MS";463;"11,2";"DOURADOS";"Outras";"Saída de Pista";"Sem Vítimas";"Plena noite";"Decrescente";"Ceu Claro";"Simples";"Reta";"Rural";1;0;0;0;1;0;0;1
83494165;"17/08/16";"Quarta";"19:00:00";"MG";365;"550";"ROMARIA";"Outras";"Saída de Pista";"Com Vítimas Feridas";"Plena noite";"Crescente";"Ceu Claro";"Simples";"Reta";"Rural";1;0;1;0;0;0;1;1
83494167;"09/01/16";"Sábado";"05:30:00";"CE";20;"408";"CAUCAIA";"Outras";"Atropelamento de pessoa";"Com Vítimas Fatais";"Amanhecer";"Decrescente";"Nublado";"Dupla";"Curva";"Rural";2;1;0;0;0;1;0;1
83494168;"20/08/16";"Sábado";"04:00:00";"RN";101;"110,8";"PARNAMIRIM";"Outras";"Colisão traseira";"Com Vítimas Feridas";"Plena noite";"Decrescente";"Chuva";"Dupla";"Reta";"Rural";3;0;0;2;1;0;2;2
83494170;"29/08/16";"Segunda";"09:00:00";"BA";116;"638,6";"JAGUAQUARA";"Defeito mecânico em veículo";"Capotamento";"Com Vítimas Feridas";"Pleno dia";"Crescente";"Nevoeiro/neblina";"Simples";"Reta";"Rural";1;0;1;0;0;0;1;1
83494171;"22/08/16";"Segunda";"13:30:00";"RN";304;"85";"ASSU";"Falta de atenção";"Colisão Transversal";"Com Vítimas Feridas";"Pleno dia";"Decrescente";"Ceu Claro";"Simples";"Reta";"Urbano";2;0;0;1;0;1;1;2
83494172;"08/05/16";"Domingo";"05:09:00";"PR";376;"179,7";"MARINGA";"Outras";"Colisão traseira";"Com Vítimas Feridas";"Plena noite";"Crescente";"Chuva";"Dupla";"Reta";"Urbano";3;0;0;1;2;0;1;2
83494173;"29/08/16";"Segunda";"10:00:00";"AL";101;"137,5";"SAO MIGUEL DOS CAMPOS";"Outras";"Colisão Transversal";"Sem Vítimas";"Pleno dia";"Crescente";"Ceu Claro";"Simples";"Reta";"Rural";2;0;0;0;2;0;0;2
83494174;"26/08/16";"Sexta";"02:10:00";"MG";381;"634,5";"OLIVEIRA";"Velocidade incompatível";"Tombamento";"Sem Vítimas";"Plena noite";"Decrescente";"Ceu Claro";"Dupla";"Curva";"Rural";1;0;0;0;1;0;0;1
83494175;"29/08/16";"Segunda";"12:10:00";"RS";290;"96,5";"PORTO ALEGRE";"Outras";"Colisão com objeto fixo";"Com Vítimas Feridas";"Pleno dia";"Crescente";"Chuva";"Dupla";"Reta";"Urbano";2;0;1;0;1;0;1;1
83494177;"29/08/16";"Segunda";"09:20:00";"BA";324;"614";"SALVADOR";"Outras";"Colisão traseira";"Com Vítimas Feridas";"Pleno dia";"Crescente";"Nublado";"Dupla";"Reta";"Rural";2;0;2;0;0;0;2;2
83494178;"29/08/16";"Segunda";"07:21:00";"GO";60;"162";"GOIANIA";"Outras";"Colisão traseira";"Com Vítimas Feridas";"Pleno dia";"Decrescente";"Sol";"Dupla";"Reta";"Urbano";2;0;0;1;1;0;1;2
83494179;"21/05/16";"Sábado";"21:25:00";"MG";40;"522";"CONTAGEM";"Outras";"Saída de Pista";"Com Vítimas Feridas";"Plena noite";"Crescente";"Ceu Claro";"Dupla";"Reta";"Urbano";1;0;0;1;0;0;1;1
83494180;"25/08/16";"Quinta";"15:00:00";"MT";163;"833";"SINOP";"Falta de atenção";"Colisão com objeto fixo";"Com Vítimas Feridas";"Pleno dia";"Crescente";"Ceu Claro";"Dupla";"Reta";"Urbano";1;0;1;0;0;0;1;1
83494181;"29/08/16";"Segunda";"12:15:00";"MG";153;"38,2";"CANAPOLIS";"Ultrapassagem indevida";"Colisão lateral";"Sem Vítimas";"Pleno dia";"Crescente";"Ceu Claro";"Dupla";"Reta";"Rural";2;0;0;0;2;0;0;2
83494182;"29/08/16";"Segunda";"11:50:00";"MG";262;"479";"BOM DESPACHO";"Falta de atenção";"Colisão lateral";"Com Vítimas Feridas";"Pleno dia";"Decrescente";"Ceu Claro";"Simples";"Reta";"Urbano";2;0;0;1;1;0;1;2
83494183;"29/08/16";"Segunda";"10:30:00";"GO";414;"369,6";"COCALZINHO DE GOIAS";"Velocidade incompatível";"Saída de Pista";"Sem Vítimas";"Pleno dia";"Crescente";"Ceu Claro";"Simples";"Reta";"Rural";2;0;0;0;2;0;0;2
83494184;"29/08/16";"Segunda";"11:50:00";"RS";101;"46";"TERRA DE AREIA";"Falta de atenção";"Colisão com bicicleta";"Com Vítimas Feridas";"Pleno dia";"Crescente";"Nublado";"Simples";"Cruzamento";"Urbano";3;0;1;0;2;0;1;3
83494185;"29/08/16";"Segunda";"09:30:00";"SP";116;"451";"REGISTRO";"Falta de atenção";"Colisão com objeto fixo";"Com Vítimas Feridas";"Pleno dia";"Decrescente";"Sol";"Dupla";"Reta";"Rural";6;0;2;0;4;0;2;2
83494186;"27/08/16";"Sábado";"12:00:00";"BA";110;"72";"JEREMOABO";"Outras";"Capotamento";"Sem Vítimas";"Pleno dia";"Decrescente";"Ceu Claro";"Simples";"Curva";"Rural";1;0;0;0;1;0;0;1
83494187;"26/08/16";"Sexta";"01:30:00";"RJ";101;"486";"ANGRA DOS REIS";"Outras";"Colisão traseira";"Com Vítimas Feridas";"Plena noite";"Crescente";"Ceu Claro";"Simples";"Reta";"Urbano";2;0;1;0;0;1;1;2
83494188;"29/08/16";"Segunda";"08:00:00";"PA";163;"996";"SANTAREM";"Falta de atenção";"Colisão Transversal";"Com Vítimas Feridas";"Pleno dia";"Decrescente";"Sol";"Simples";"Reta";"Urbano";2;0;1;0;1;0;1;2
83494189;"26/08/16";"Sexta";"02:00:00";"PR";369;"185";"ARAPONGAS";"Velocidade incompatível";"Capotamento";"Sem Vítimas";"Plena noite";"Crescente";"Ceu Claro";"Simples";"Reta";"Urbano";1;0;0;0;1;0;0;1
83494190;"29/08/16";"Segunda";"10:04:00";"MS";163;"549,9";"BANDEIRANTES";"Outras";"Saída de Pista";"Com Vítimas Feridas";"Pleno dia";"Decrescente";"Chuva";"Simples";"Curva";"Rural";2;0;0;2;0;0;2;1
83494191;"29/08/16";"Segunda";"11:10:00";"MG";262;"183";"SAO DOMINGOS DO PRATA";"Velocidade incompatível";"Saída de Pista";"Com Vítimas Feridas";"Pleno dia";"Decrescente";"Sol";"Simples";"Reta";"Rural";1;0;1;0;0;0;1;1
83494192;"29/08/16";"Segunda";"10:20:00";"SC";470;"64";"INDAIAL";"Velocidade incompatível";"Saída de Pista";"Com Vítimas Feridas";"Pleno dia";"Crescente";"Ceu Claro";"Simples";"Curva";"Urbano";1;0;1;0;0;0;1;1
83494193;"29/08/16";"Segunda";"08:00:00";"PI";343;"345,5";"TERESINA";"Outras";"Colisão traseira";"Com Vítimas Feridas";"Pleno dia";"Crescente";"Ceu Claro";"Dupla";"Reta";"Urbano";2;0;0;1;1;0;1;2
83494194;"05/08/16";"Sexta";"19:30:00";"MG";381;"370";"SAO GONCALO DO RIO ABAIXO";"Outras";"Tombamento";"Sem Vítimas";"Plena noite";"Crescente";"Ceu Claro";"Simples";"Curva";"Rural";1;0;0;0;1;0;0;1
83494195;"29/08/16";"Segunda";"12:10:00";"RS";158;"185,5";"PEJUCARA";"Não guardar distância de segurança";"Colisão traseira";"Sem Vítimas";"Pleno dia";"Decrescente";"Chuva";"Simples";"Reta";"Rural";2;0;0;0;2;0;0;2
83494196;"29/08/16";"Segunda";"10:00:00";"BA";116;"378,9";"SANTA BARBARA";"Outras";"Colisão lateral";"Sem Vítimas";"Pleno dia";"Crescente";"Nublado";"Simples";"Curva";"Rural";2;0;0;0;1;1;0;2
83494197;"29/08/16";"Segunda";"07:45:00";"ES";101;"288";"CARIACICA";"Falta de atenção";"Colisão lateral";"Com Vítimas Feridas";"Pleno dia";"Decrescente";"Ceu Claro";"Dupla";"Reta";"Urbano";2;0;1;0;0;1;1;2
83494198;"25/08/16";"Quinta";"14:07:00";"RS";471;"660,1";"SANTA VITORIA DO PALMAR";"Dormindo";"Saída de Pista";"Sem Vítimas";"Pleno dia";"Decrescente";"Sol";"Simples";"Reta";"Rural";1;0;0;0;1;0;0;1
83494199;"25/08/16";"Quinta";"22:20:00";"MG";116;"517,1";"UBAPORANGA";"Ingestão de álcool";"Saída de Pista";"Com Vítimas Feridas";"Plena noite";"Crescente";"Ceu Claro";"Simples";"Curva";"Rural";1;0;1;0;0;0;1;1
83494200;"29/08/16";"Segunda";"12:50:00";"RS";287;"239,4";"SANTA MARIA";"Ingestão de álcool";"Colisão Transversal";"Sem Vítimas";"Pleno dia";"Decrescente";"Chuva";"Simples";"Reta";"Urbano";3;0;0;0;3;0;0;2
83494201;"28/08/16";"Domingo";"11:00:00";"SP";381;"13";"BRAGANCA PAULISTA";"Falta de atenção";"Colisão com objeto fixo";"Com Vítimas Feridas";"Pleno dia";"Decrescente";"Ceu Claro";"Dupla";"Curva";"Rural";3;0;1;0;2;0;1;1
83494202;"26/08/16";"Sexta";"16:12:00";"PR";163;"35";"SANTO ANTONIO DO SUDOESTE";"Velocidade incompatível";"Tombamento";"Com Vítimas Feridas";"Pleno dia";"Crescente";"Ceu Claro";"Simples";"Cruzamento";"Urbano";1;0;0;1;0;0;1;1
83494203;"29/08/16";"Segunda";"12:40:00";"SC";282;"605,9";"MARAVILHA";"Dormindo";"Colisão Transversal";"Com Vítimas Feridas";"Pleno dia";"Crescente";"Chuva";"Simples";"Reta";"Urbano";6;0;6;0;0;0;6;2
83494204;"29/08/16";"Segunda";"08:00:00";"RS";472;"551,1";"URUGUAIANA";"Animais na Pista";"Saída de Pista";"Sem Vítimas";"Amanhecer";"Crescente";"Nublado";"Simples";"Reta";"Rural";1;0;0;0;1;0;0;1
83494205;"29/08/16";"Segunda";"08:50:00";"RS";386;"294,5";"POUSO NOVO";"Velocidade incompatível";"Tombamento";"Com Vítimas Feridas";"Pleno dia";"Decrescente";"Chuva";"Simples";"Curva";"Rural";1;0;0;1;0;0;1;1
83494206;"29/08/16";"Segunda";"09:10:00";"MG";40;"575,9";"ITABIRITO";"Outras";"Saída de Pista";"Com Vítimas Feridas";"Pleno dia";"Decrescente";"Ceu Claro";"Simples";"Reta";"Rural";2;0;1;0;1;0;1;1
83494207;"29/08/16";"Segunda";"12:40:00";"PA";230;"115";"MARABA";"Falta de atenção";"Colisão traseira";"Com Vítimas Feridas";"Pleno dia";"Crescente";"Ceu Claro";"Dupla";"Reta";"Urbano";4;0;1;0;3;0;1;3
83494208;"29/08/16";"Segunda";"11:30:00";"SP";116;"220";"GUARULHOS";"Falta de atenção";"Colisão lateral";"Sem Vítimas";"Pleno dia";"Decrescente";"Ceu Claro";"Múltipla";"Reta";"Urbano";2;0;0;0;2;0;0;2
83494209;"29/08/16";"Segunda";"11:40:00";"PB";104;"176,8";"ALCANTIL";"Não guardar distância de segurança";"Colisão traseira";"Sem Vítimas";"Pleno dia";"Decrescente";"Ceu Claro";"Simples";"Reta";"Rural";2;0;0;0;2;0;0;2
83494210;"27/08/16";"Sábado";"23:20:00";"PR";158;"527";"PATO BRANCO";"Animais na Pista";"Atropelamento de animal";"Ignorado";"Plena noite";"Crescente";"Ceu Claro";"Simples";"Curva";"Urbano";1;0;0;0;0;1;0;1