"id";"data_inversa";"dia_semana";"horario";"uf";"br";"km";"municipio";"causa_acidente";"tipo_acidente";"classificacao_acidente";"fase_dia";"sentido_via";"condicao_metereologica";"tipo_pista";"tracado_via";"uso_solo";"pessoas";"mortos";"feridos_leves";"feridos_graves";"ilesos";"ignorados";"feridos";"veiculos"
83494211;"25/08/16";"Quinta";"18:00:00";"PI";343;"333";"TERESINA";"Falta de atenção";"Colisão Transversal";"Com Vítimas Feridas";"Plena noite";"Crescente";"Ceu Claro";"Simples";"Reta";"Rural";2;0;1;0;1;0;1;2
83494212;"20/01/16";"Quarta";"22:25:00";"PR";369;"147,2";"LONDRINA";"Desobediência à sinalização";"Colisão Transversal";"Com Vítimas Feridas";"Plena noite";"Crescente";"Ceu Claro";"Dupla";"Cruzamento";"Urbano";3;0;0;2;1;0;2;3
83494213;"29/08/16";"Segunda";"13:30:00";"SC";101;"94,5";"BARRA VELHA";"Falta de atenção";"Colisão lateral";"Sem Vítimas";"Pleno dia";"Decrescente";"Ceu Claro";"Dupla";"Reta";"Rural";2;0;0;0;2;0;0;2
83494214;"18/06/16";"Sábado";"05:00:00";"RN";110;"47";"MOSSORO";"Ingestão de álcool";"Atropelamento de animal";"Com Vítimas Feridas";"Pleno dia";"Decrescente";"Ceu Claro";"Simples";"Reta";"Urbano";2;0;1;1;0;0;2;1
83494215;"29/08/16";"Segunda";"10:33:00";"MG";50;"187,5";"UBERABA";"Outras";"Saída de Pista";"Com Vítimas Feridas";"Pleno dia";"Decrescente";"Sol";"Dupla";"Reta";"Rural";1;0;1;0;0;0;1;1
83494216;"22/08/16";"Segunda";"04:16:00";"GO";158;"2";"ARAGARCAS";"Defeito mecânico em veículo";"Incêndio";"Sem Vítimas";"Plena noite";"Decrescente";"Ceu Claro";"Simples";"Reta";"Urbano";29;0;0;0;29;0;0;1
83494218;"25/08/16";"Quinta";"15:40:00";"MS";262;"366";"CAMPO GRANDE";"Não guardar distância de segurança";"Colisão traseira";"Com Vítimas Feridas";"Pleno dia";"Decrescente";"Sol";"Simples";"Cruzamento";"Urbano";3;0;1;0;2;0;1;2
83494219;"29/08/16";"Segunda";"13:45:00";"SC";101;"207";"SAO JOSE";"Falta de atenção";"Colisão lateral";"Com Vítimas Feridas";"Pleno dia";"Decrescente";"Ceu Claro";"Múltipla";"Curva";"Urbano";5;0;1;0;4;0;1;4
83494220;"29/08/16";"Segunda";"10:00:00";"MT";174;"31";"CACERES";"Falta de atenção";"Saída de Pista";"Sem Vítimas";"Pleno dia";"Crescente";"Chuva";"Simples";"Curva";"Rural";1;0;0;0;1;0;0;1
83494222;"29/08/16";"Segunda";"12:50:00";"RS";386;"354,4";"ESTRELA";"Velocidade incompatível";"Saída de Pista";"Sem Vítimas";"Pleno dia";"Crescente";"Chuva";"Simples";"Reta";"Urbano";1;0;0;0;1;0;0;1
83494223;"29/08/16";"Segunda";"11:30:00";"RS";116;"257";"ESTEIO";"Outras";"Colisão com objeto fixo";"Sem Vítimas";"Pleno dia";"Decrescente";"Chuva";"Múltipla";"Reta";"Urbano";1;0;0;0;1;0;0;1
83494224;"24/08/16";"Quarta";"22:40:00";"MG";50;"72";"UBERLANDIA";"Ingestão de álcool";"Colisão lateral";"Com Vítimas Feridas";"Plena noite";"Decrescente";"Nublado";"Dupla";"Reta";"Urbano";2;0;1;0;1;0;1;2
83494225;"29/08/16";"Segunda";"14:20:00";"BA";116;"8,2";"VITORIA DA CONQUISTA";"Falta de atenção";"Colisão lateral";"Sem Vítimas";"Pleno dia";"Crescente";"Nublado";"Simples";"Reta";"Urbano";2;0;0;0;2;0;0;2
83494226;"29/08/16";"Segunda";"08:55:00";"PE";104;"81,3";"AGRESTINA";"Desobediência à sinalização";"Colisão Transversal";"Sem Vítimas";"Pleno dia";"Decrescente";"Chuva";"Simples";"Reta";"Rural";2;0;0;0;2;0;0;2
83494227;"28/08/16";"Domingo";"23:00:00";"MG";365;"157,8";"PIRAPORA";"Ingestão de álcool";"Colisão lateral";"Com Vítimas Feridas";"Plena noite";"Decrescente";"Ceu Claro";"Simples";"Reta";"Rural";6;0;5;1;0;0;6;2
83494228;"26/08/16";"Sexta";"00:30:00";"MG";135;"423";"BOCAIUVA";"Falta de atenção";"Colisão traseira";"Sem Vítimas";"Plena noite";"Decrescente";"Ceu Claro";"Simples";"Reta";"Rural";2;0;0;0;2;0;0;2
83494229;"29/08/16";"Segunda";"09:05:00";"MA";10;"322";"ACAILANDIA";"Falta de atenção";"Colisão com bicicleta";"Com Vítimas Feridas";"Pleno dia";"Crescente";"Nublado";"Simples";"Reta";"Urbano";2;0;0;1;1;0;1;2
83494230;"29/08/16";"Segunda";"09:40:00";"MT";364;"403";"CUIABA";"Não guardar distância de segurança";"Colisão traseira";"Sem Vítimas";"Pleno dia";"Decrescente";"Chuva";"Múltipla";"Reta";"Urbano";2;0;0;0;2;0;0;2
83494231;"29/08/16";"Segunda";"12:20:00";"SP";116;"189,9";"SANTA ISABEL";"Outras";"Queda de motocicleta / bicicleta / veículo";"Com Vítimas Feridas";"Pleno dia";"Decrescente";"Ceu Claro";"Dupla";"Reta";"Urbano";2;0;2;0;0;0;2;1
83494232;"29/08/16";"Segunda";"14:50:00";"PE";101;"96,3";"CABO DE SANTO AGOSTINHO";"Falta de atenção";"Colisão lateral";"Com Vítimas Feridas";"Pleno dia";"Crescente";"Sol";"Dupla";"Reta";"Urbano";2;0;0;1;1;0;1;2
83494233;"21/08/16";"Domingo";"00:35:00";"RN";304;"35";"MOSSORO";"Ingestão de álcool";"Colisão com objeto fixo";"Com Vítimas Feridas";"Plena noite";"Decrescente";"Ceu Claro";"Dupla";"Reta";"Urbano";1;0;0;1;0;0;1;1
83494235;"29/08/16";"Segunda";"14:35:00";"RJ";116;"305,5";"RESENDE";"Outras";"Colisão lateral";"Sem Vítimas";"Pleno dia";"Crescente";"Sol";"Dupla";"Reta";"Urbano";2;0;0;0;2;0;0;2
83494236;"22/08/16";"Segunda";"17:45:00";"MG";40;"499,8";"ESMERALDAS";"Falta de atenção";"Colisão traseira";"Sem Vítimas";"Anoitecer";"Decrescente";"Ceu Claro";"Dupla";"Reta";"Rural";2;0;0;0;2;0;0;2
83494237;"25/08/16";"Quinta";"22:50:00";"RN";304;"37";"MOSSORO";"Ingestão de álcool";"Colisão lateral";"Com Vítimas Feridas";"Plena noite";"Crescente";"Ceu Claro";"Dupla";"Curva";"Urbano";3;0;2;0;1;0;2;2
83494238;"28/08/16";"Domingo";"19:00:00";"MS";262;"402";"TERENOS";"Falta de atenção";"Colisão traseira";"Sem Vítimas";"Plena noite";"Decrescente";"Ceu Claro";"Simples";"Reta";"Rural";7;0;0;0;7;0;0;7
83494239;"19/08/16";"Sexta";"19:05:00";"BA";101;"804";"ITAMARAJU";"Outras";"Colisão lateral";"Com Vítimas Fatais";"Plena noite";"Crescente";"Nublado";"Simples";"Curva";"Rural";2;1;0;0;1;0;0;2
83494240;"25/08/16";"Quinta";"10:45:00";"SC";101;"208,1";"SAO JOSE";"Não guardar distância de segurança";"Colisão lateral";"Com Vítimas Feridas";"Pleno dia";"Decrescente";"Ceu Claro";"Múltipla";"Reta";"Urbano";2;0;1;0;1;0;1;2
83494241;"26/08/16";"Sexta";"03:30:00";"MG";262;"775,9";"UBERABA";"Defeito mecânico em veículo";"Saída de Pista";"Com Vítimas Feridas";"Plena noite";"Crescente";"Ceu Claro";"Simples";"Reta";"Rural";1;0;1;0;0;0;1;1
83494242;"29/08/16";"Segunda";"15:30:00";"MG";381;"494,2";"BETIM";"Falta de atenção";"Capotamento";"Com Vítimas Feridas";"Pleno dia";"Crescente";"Ceu Claro";"Múltipla";"Reta";"Urbano";1;0;1;0;0;0;1;1
83494243;"29/08/16";"Segunda";"12:30:00";"SC";101;"205,2";"SAO JOSE";"Não guardar distância de segurança";"Colisão traseira";"Sem Vítimas";"Plena noite";"Decrescente";"Ceu Claro";"Múltipla";"Reta";"Urbano";3;0;0;0;3;0;0;3
83494244;"29/08/16";"Segunda";"07:30:00";"GO";40;"1,1";"VALPARAISO DE GOIAS";"Falta de atenção";"Atropelamento de pessoa";"Com Vítimas Feridas";"Pleno dia";"Decrescente";"Sol";"Dupla";"Reta";"Urbano";2;0;1;0;1;0;1;1
83494245;"29/08/16";"Segunda";"13:50:00";"SP";153;"158,8";"PROMISSAO";"Outras";"Capotamento";"Com Vítimas Fatais";"Pleno dia";"Crescente";"Sol";"Simples";"Curva";"Rural";4;2;1;1;0;0;2;1
83494246;"29/08/16";"Segunda";"13:00:00";"SC";280;"13";"SAO FRANCISCO DO SUL";"Outras";"Saída de Pista";"Com Vítimas Feridas";"Pleno dia";"Decrescente";"Ceu Claro";"Simples";"Reta";"Rural";1;0;1;0;0;0;1;1
83494247;"29/08/16";"Segunda";"11:30:00";"SC";101;"336,3";"TUBARAO";"Falta de atenção";"Colisão traseira";"Com Vítimas Feridas";"Pleno dia";"Crescente";"Sol";"Simples";"Reta";"Urbano";2;0;1;0;1;0;1;2
83494248;"29/08/16";"Segunda";"11:30:00";"RS";470;"268,6";"SAO JOSE DO SUL";"Velocidade incompatível";"Tombamento";"Sem Vítimas";"Pleno dia";"Crescente";"Chuva";"Simples";"Curva";"Rural";1;0;0;0;1;0;0;1
83494249;"25/08/16";"Quinta";"18:00:00";"CE";116;"9";"FORTALEZA";"Não guardar distância de segurança";"Colisão traseira";"Com Vítimas Feridas";"Plena noite";"Crescente";"Ceu Claro";"Dupla";"Reta";"Urbano";2;0;1;0;1;0;1;2
83494251;"29/08/16";"Segunda";"07:30:00";"PE";101;"73";"RECIFE";"Outras";"Colisão lateral";"Sem Vítimas";"Pleno dia";"Decrescente";"Sol";"Dupla";"Reta";"Urbano";2;0;0;0;2;0;0;2
83494253;"29/08/16";"Segunda";"14:12:00";"MT";163;"519";"DIAMANTINO";"Não guardar distância de segurança";"Colisão traseira";"Sem Vítimas";"Pleno dia";"Crescente";"Nublado";"Simples";"Reta";"Rural";2;0;0;0;2;0;0;2
83494254;"29/08/16";"Segunda";"11:00:00";"AL";416;"10,5";"COLONIA LEOPOLDINA";"Falta de atenção";"Colisão traseira";"Sem Vítimas";"Pleno dia";"Crescente";"Ceu Claro";"Simples";"Reta";"Rural";2;0;0;0;2;0;0;2
83494255;"29/08/16";"Segunda";"13:30:00";"MT";364;"15";"ALTO ARAGUAIA";"Defeito na via";"Tombamento";"Sem Vítimas";"Pleno dia";"Crescente";"Chuva";"Simples";"Reta";"Urbano";1;0;0;0;1;0;0;1
83494256;"29/08/16";"Segunda";"13:30:00";"SP";381;"86";"SAO PAULO";"Outras";"Queda de motocicleta / bicicleta / veículo";"Com Vítimas Feridas";"Pleno dia";"Decrescente";"Sol";"Dupla";"Reta";"Urbano";1;0;1;0;0;0;1;1
83494257;"10/07/16";"Domingo";"10:40:00";"RN";101;"78";"NATAL";"Falta de atenção";"Colisão lateral";"Com Vítimas Feridas";"Pleno dia";"Decrescente";"Sol";"Dupla";"Cruzamento";"Urbano";2;0;0;1;1;0;1;2
83494258;"29/08/16";"Segunda";"09:20:00";"PE";101;"60,2";"RECIFE";"Outras";"Queda de motocicleta / bicicleta / veículo";"Com Vítimas Feridas";"Pleno dia";"Crescente";"Nublado";"Dupla";"Reta";"Urbano";5;0;2;1;2;0;3;3
83494259;"29/08/16";"Segunda";"12:07:00";"MG";381;"597,5";"CARMOPOLIS DE MINAS";"Falta de atenção";"Colisão com objeto fixo";"Sem Vítimas";"Pleno dia";"Decrescente";"Ceu Claro";"Dupla";"Reta";"Rural";1;0;0;0;1;0;0;1
83494260;"29/08/16";"Segunda";"14:40:00";"MG";381;"763";"CAMPANHA";"Falta de atenção";"Colisão com objeto fixo";"Com Vítimas Feridas";"Pleno dia";"Decrescente";"Sol";"Dupla";"Reta";"Rural";1;0;1;0;0;0;1;1
83494261;"29/08/16";"Segunda";"07:00:00";"MG";50;"179";"UBERABA";"Defeito mecânico em veículo";"Saída de Pista";"Sem Vítimas";"Pleno dia";"Crescente";"Ceu Claro";"Dupla";"Reta";"Urbano";1;0;0;0;1;0;0;1
83494262;"29/08/16";"Segunda";"16:30:00";"SP";116;"65";"GUARATINGUETA";"Ultrapassagem indevida";"Colisão lateral";"Sem Vítimas";"Pleno dia";"Crescente";"Ceu Claro";"Dupla";"Reta";"Rural";2;0;0;0;2;0;0;2
83494263;"25/08/16";"Quinta";"20:30:00";"PE";104;"65,7";"CARUARU";"Ingestão de álcool";"Atropelamento de pessoa";"Com Vítimas Feridas";"Plena noite";"Decrescente";"Ceu Claro";"Múltipla";"Reta";"Urbano";4;0;1;0;3;0;1;1
83494264;"29/08/16";"Segunda";"15:15:00";"BA";116;"911";"ENCRUZILHADA";"Ingestão de álcool";"Colisão com objeto fixo";"Com Vítimas Feridas";"Pleno dia";"Decrescente";"Nevoeiro/neblina";"Simples";"Reta";"Urbano";4;0;2;1;1;0;3;2
83494265;"27/08/16";"Sábado";"01:00:00";"GO";153;"490,5";"GOIANIA";"Outras";"Tombamento";"Com Vítimas Feridas";"Plena noite";"Decrescente";"Ceu Claro";"Dupla";"Reta";"Urbano";1;0;1;0;0;0;1;1
83494266;"29/08/16";"Segunda";"08:45:00";"CE";222;"6";"CAUCAIA";"Falta de atenção";"Colisão traseira";"Com Vítimas Feridas";"Pleno dia";"Crescente";"Sol";"Simples";"Curva";"Urbano";3;0;2;0;1;0;2;2
83494267;"29/08/16";"Segunda";"08:30:00";"SP";116;"137";"SAO JOSE DOS CAMPOS";"Outras";"Colisão traseira";"Sem Vítimas";"Pleno dia";"Crescente";"Ceu Claro";"Dupla";"Reta";"Rural";2;0;0;0;2;0;0;2
83494268;"29/08/16";"Segunda";"16:45:00";"PR";376;"181";"MARINGA";"Animais na Pista";"Queda de motocicleta / bicicleta / veículo";"Com Vítimas Feridas";"Pleno dia";"Crescente";"Chuva";"Dupla";"Reta";"Urbano";1;0;1;0;0;0;1;1
83494269;"28/08/16";"Domingo";"01:00:00";"PR";277;"0,5";"PARANAGUA";"Desobediência à sinalização";"Colisão Transversal";"Com Vítimas Feridas";"Plena noite";"Crescente";"Nublado";"Simples";"Reta";"Urbano";2;0;0;1;0;1;1;2
83494270;"28/08/16";"Domingo";"04:30:00";"MT";163;"839";"SINOP";"Ingestão de álcool";"Queda de motocicleta / bicicleta / veículo";"Com Vítimas Feridas";"Amanhecer";"Crescente";"Ceu Claro";"Dupla";"Reta";"Urbano";1;0;1;0;0;0;1;1
83494271;"25/08/16";"Quinta";"20:15:00";"MG";262;"419,8";"PARA DE MINAS";"Outras";"Queda de motocicleta / bicicleta / veículo";"Com Vítimas Feridas";"Plena noite";"Decrescente";"Ceu Claro";"Dupla";"Reta";"Rural";2;0;1;0;1;0;1;1
83494272;"26/08/16";"Sexta";"03:00:00";"SP";116;"133,4";"CACAPAVA";"Outras";"Atropelamento de pessoa";"Com Vítimas Feridas";"Plena noite";"Decrescente";"Ceu Claro";"Dupla";"Reta";"Rural";2;0;0;1;0;1;1;1
83494273;"29/08/16";"Segunda";"13:00:00";"ES";101;"376";"ICONHA";"Falta de atenção";"Colisão com bicicleta";"Com Vítimas Fatais";"Pleno dia";"Decrescente";"Ceu Claro";"Simples";"Curva";"Rural";2;1;0;0;1;0;0;2
83494274;"29/08/16";"Segunda";"17:40:00";"RS";116;"247,5";"SAO LEOPOLDO";"Falta de atenção";"Colisão traseira";"Com Vítimas Feridas";"Amanhecer";"Crescente";"Chuva";"Dupla";"Reta";"Urbano";3;0;2;0;1;0;2;2
83494275;"29/08/16";"Segunda";"12:15:00";"MG";365;"728,6";"MONTE ALEGRE DE MINAS";"Velocidade incompatível";"Colisão lateral";"Com Vítimas Feridas";"Pleno dia";"Crescente";"Chuva";"Simples";"Curva";"Rural";2;0;1;0;1;0;1;2
83494276;"29/08/16";"Segunda";"14:00:00";"MT";364;"474,6";"JANGADA";"Falta de atenção";"Colisão Transversal";"Sem Vítimas";"Pleno dia";"Crescente";"Nublado";"Simples";"Reta";"Rural";2;0;0;0;2;0;0;2
83494277;"29/08/16";"Segunda";"16:30:00";"BA";101;"188";"SAO GONCALO DOS CAMPOS";"Outras";"Colisão traseira";"Sem Vítimas";"Pleno dia";"Decrescente";"Nublado";"Simples";"Reta";"Urbano";3;0;0;0;3;0;0;3
83494278;"25/08/16";"Quinta";"17:20:00";"MG";40;"37,2";"PARACATU";"Animais na Pista";"Atropelamento de animal";"Com Vítimas Feridas";"Pleno dia";"Crescente";"Ceu Claro";"Simples";"Reta";"Rural";2;0;2;0;0;0;2;1
83494279;"28/08/16";"Domingo";"19:00:00";"PI";343;"345,4";"TERESINA";"Não guardar distância de segurança";"Colisão traseira";"Com Vítimas Feridas";"Plena noite";"Decrescente";"Ceu Claro";"Simples";"Reta";"Urbano";2;0;1;0;1;0;1;2
83494280;"29/08/16";"Segunda";"18:05:00";"PR";153;"43,5";"SANTO ANTONIO DA PLATINA";"Outras";"Colisão traseira";"Com Vítimas Feridas";"Anoitecer";"Crescente";"Ceu Claro";"Dupla";"Reta";"Urbano";5;0;1;0;4;0;1;2
83494281;"29/08/16";"Segunda";"15:10:00";"MA";222;"675";"ACAILANDIA";"Ultrapassagem indevida";"Colisão Transversal";"Com Vítimas Feridas";"Pleno dia";"Crescente";"Ceu Claro";"Simples";"Reta";"Urbano";2;0;0;1;1;0;1;2
83494282;"29/08/16";"Segunda";"09:00:00";"SC";101;"206,9";"SAO JOSE";"Falta de atenção";"Colisão traseira";"Com Vítimas Feridas";"Pleno dia";"Crescente";"Nublado";"Múltipla";"Curva";"Urbano";3;0;0;1;2;0;1;3
83494283;"26/08/16";"Sexta";"22:00:00";"ES";101;"358";"ANCHIETA";"Falta de atenção";"Atropelamento de pessoa";"Com Vítimas Feridas";"Plena noite";"Crescente";"Ceu Claro";"Simples";"Reta";"Rural";2;0;0;1;0;1;1;1
83494284;"29/08/16";"Segunda";"16:29:00";"PR";376;"148,7";"PRESIDENTE CASTELO BRANCO";"Outras";"Queda de motocicleta / bicicleta / veículo";"Com Vítimas Feridas";"Pleno dia";"Decrescente";"Chuva";"Dupla";"Reta";"Rural";1;0;1;0;0;0;1;1
83494285;"29/08/16";"Segunda";"18:25:00";"PR";369;"77,7";"SANTA MARIANA";"Falta de atenção";"Queda de motocicleta / bicicleta / veículo";"Com Vítimas Feridas";"Anoitecer";"Decrescente";"Ceu Claro";"Simples";"Reta";"Urbano";2;0;2;0;0;0;2;1
83494286;"29/08/16";"Segunda";"14:30:00";"BA";324;"601";"SIMOES FILHO";"Falta de atenção";"Capotamento";"Com Vítimas Feridas";"Pleno dia";"Crescente";"Ceu Claro";"Dupla";"Reta";"Urbano";2;0;2;0;0;0;2;1
83494287;"02/07/16";"Sábado";"18:45:00";"MG";135;"369";"MONTES CLAROS";"Defeito na via";"Queda de motocicleta / bicicleta / veículo";"Com Vítimas Feridas";"Plena noite";"Decrescente";"Ceu Claro";"Simples";"Reta";"Urbano";1;0;0;1;0;0;1;1
83494288;"29/08/16";"Segunda";"17:50:00";"RN";406;"169";"SAO GONCALO DO AMARANTE";"Falta de atenção";"Colisão Transversal";"Com Vítimas Feridas";"Anoitecer";"Decrescente";"Ceu Claro";"Dupla";"Reta";"Urbano";5;0;4;0;1;0;4;2
83494289;"29/08/16";"Segunda";"17:50:00";"MG";40;"526";"CONTAGEM";"Falta de atenção";"Saída de Pista";"Sem Vítimas";"Pleno dia";"Decrescente";"Sol";"Dupla";"Curva";"Urbano";1;0;0;0;1;0;0;1
83494290;"29/08/16";"Segunda";"18:50:00";"RS";285;"323,9";"CARAZINHO";"Defeito mecânico em veículo";"Colisão traseira";"Sem Vítimas";"Plena noite";"Crescente";"Chuva";"Simples";"Curva";"Rural";2;0;0;0;2;0;0;2
83494291;"29/08/16";"Segunda";"15:20:00";"TO";153;"524";"PUGMIL";"Falta de atenção";"Colisão traseira";"Com Vítimas Feridas";"Pleno dia";"Decrescente";"Ceu Claro";"Simples";"Reta";"Rural";4;0;1;0;3;0;1;2
83494293;"29/08/16";"Segunda";"08:00:00";"RN";226;"411,4";"PAU DOS FERROS";"Falta de atenção";"Colisão traseira";"Com Vítimas Feridas";"Pleno dia";"Decrescente";"Sol";"Simples";"Cruzamento";"Rural";2;0;1;1;0;0;2;2
83494295;"29/08/16";"Segunda";"10:00:00";"AL";101;"20";"JOAQUIM GOMES";"Defeito na via";"Tombamento";"Sem Vítimas";"Pleno dia";"Crescente";"Chuva";"Dupla";"Curva";"Rural";1;0;0;0;1;0;0;1
83494296;"27/08/16";"Sábado";"05:30:00";"MT";163;"1052";"GUARANTA DO NORTE";"Outras";"Colisão traseira";"Com Vítimas Fatais";"Amanhecer";"Decrescente";"Ceu Claro";"Simples";"Reta";"Rural";4;1;0;2;1;0;2;2
83494297;"29/08/16";"Segunda";"16:50:00";"RO";364;"715";"PORTO VELHO";"Falta de atenção";"Colisão lateral";"Com Vítimas Feridas";"Pleno dia";"Crescente";"Nublado";"Dupla";"Reta";"Urbano";2;0;1;0;1;0;1;2
83494298;"29/08/16";"Segunda";"15:00:00";"RS";116;"481,5";"TURUCU";"Falta de atenção";"Colisão Transversal";"Com Vítimas Feridas";"Pleno dia";"Crescente";"Chuva";"Simples";"Reta";"Urbano";2;0;0;1;1;0;1;2
83494299;"29/08/16";"Segunda";"18:30:00";"SC";280;"127";"RIO NEGRINHO";"Falta de atenção";"Colisão Transversal";"Com Vítimas Feridas";"Plena noite";"Crescente";"Nublado";"Simples";"Reta";"Urbano";2;0;1;0;1;0;1;2
83494300;"29/08/16";"Segunda";"18:40:00";"RO";364;"424";"JARU";"Desobediência à sinalização";"Colisão Transversal";"Com Vítimas Feridas";"Plena noite";"Decrescente";"Ceu Claro";"Simples";"Reta";"Urbano";2;0;0;1;1;0;1;2
83494301;"29/08/16";"Segunda";"19:35:00";"SC";116;"4,5";"MAFRA";"Desobediência à sinalização";"Atropelamento de pessoa";"Com Vítimas Feridas";"Plena noite";"Decrescente";"Ceu Claro";"Simples";"Cruzamento";"Urbano";2;0;1;0;1;0;1;1
83494302;"29/08/16";"Segunda";"17:10:00";"BA";116;"815,4";"VITORIA DA CONQUISTA";"Velocidade incompatível";"Tombamento";"Sem Vítimas";"Pleno dia";"Decrescente";"Nevoeiro/neblina";"Simples";"Reta";"Urbano";1;0;0;0;1;0;0;1
83494303;"29/08/16";"Segunda";"15:10:00";"RO";364;"343";"JI-PARANA";"Desobediência à sinalização";"Colisão Transversal";"Com Vítimas Feridas";"Pleno dia";"Crescente";"Ceu Claro";"Múltipla";"Reta";"Urbano";3;0;1;0;2;0;1;2
83494304;"29/08/16";"Segunda";"14:40:00";"MG";356;"274,8";"EUGENOPOLIS";"Defeito mecânico em veículo";"Queda de motocicleta / bicicleta / veículo";"Com Vítimas Feridas";"Pleno dia";"Decrescente";"Sol";"Simples";"Reta";"Rural";2;0;2;0;0;0;2;1
83494305;"29/08/16";"Segunda";"18:00:00";"PE";232;"60,5";"POMBOS";"Outras";"Atropelamento de pessoa";"Com Vítimas Fatais";"Plena noite";"Crescente";"Ceu Claro";"Dupla";"Reta";"Urbano";2;1;0;0;0;1;0;1
83494306;"29/08/16";"Segunda";"19:40:00";"PI";343;"323";"ALTOS";"Falta de atenção";"Colisão Transversal";"Com Vítimas Feridas";"Plena noite";"Decrescente";"Ceu Claro";"Simples";"Curva";"Rural";2;0;1;0;0;1;1;2
83494307;"29/08/16";"Segunda";"17:30:00";"RS";470;"269,6";"SAO JOSE DO SUL";"Velocidade incompatível";"Saída de Pista";"Com Vítimas Feridas";"Anoitecer";"Crescente";"Chuva";"Simples";"Curva";"Rural";2;0;2;0;0;0;2;1
83494308;"29/08/16";"Segunda";"19:30:00";"RS";287;"366,5";"JAGUARI";"Outras";"Saída de Pista";"Sem Vítimas";"Plena noite";"Crescente";"Chuva";"Simples";"Curva";"Rural";3;0;0;0;3;0;0;1
83494309;"11/08/16";"Quinta";"02:30:00";"MT";364;"392";"CUIABA";"Animais na Pista";"Atropelamento de animal";"Sem Vítimas";"Plena noite";"Decrescente";"Nevoeiro/neblina";"Simples";"Reta";"Rural";1;0;0;0;1;0;0;1
83494310;"29/08/16";"Segunda";"07:30:00";"PR";376;"300";"MAUA DA SERRA";"Velocidade incompatível";"Tombamento";"Com Vítimas Feridas";"Pleno dia";"Crescente";"Nublado";"Dupla";"Curva";"Rural";1;0;1;0;0;0;1;1
83494311;"29/08/16";"Segunda";"20:10:00";"ES";101;"125";"SOORETAMA";"Outras";"Queda de motocicleta / bicicleta / veículo";"Com Vítimas Feridas";"Plena noite";"Decrescente";"Ceu Claro";"Simples";"Reta";"Urbano";1;0;1;0;0;0;1;1
83494312;"27/08/16";"Sábado";"06:30:00";"MG";262;"650";"IBIA";"Velocidade incompatível";"Capotamento";"Sem Vítimas";"Pleno dia";"Decrescente";"Ceu Claro";"Simples";"Curva";"Rural";2;0;0;0;2;0;0;1
83494313;"25/08/16";"Quinta";"14:10:00";"MG";116;"413";"GOVERNADOR VALADARES";"Falta de atenção";"Colisão Transversal";"Com Vítimas Feridas";"Pleno dia";"Crescente";"Ceu Claro";"Simples";"Cruzamento";"Urbano";2;0;1;0;1;0;1;2
83494314;"29/08/16";"Segunda";"18:58:00";"MG";40;"424,6";"CURVELO";"Outras";"Saída de Pista";"Sem Vítimas";"Anoitecer";"Crescente";"Ceu Claro";"Dupla";"Reta";"Urbano";1;0;0;0;1;0;0;1
83494315;"29/08/16";"Segunda";"06:50:00";"RJ";116;"225";"PIRAI";"Outras";"Tombamento";"Sem Vítimas";"Amanhecer";"Decrescente";"Ceu Claro";"Simples";"Curva";"Rural";1;0;0;0;1;0;0;1
83494316;"29/08/16";"Segunda";"04:15:00";"SC";470;"70,9";"INDAIAL";"Falta de atenção";"Colisão lateral";"Sem Vítimas";"Pleno dia";"Decrescente";"Nublado";"Simples";"Reta";"Urbano";3;0;0;0;3;0;0;3
83494317;"29/08/16";"Segunda";"09:50:00";"PR";277;"344,1";"GUARAPUAVA";"Falta de atenção";"Colisão traseira";"Com Vítimas Feridas";"Pleno dia";"Decrescente";"Nublado";"Simples";"Reta";"Urbano";2;0;1;0;1;0;1;2
83494318;"29/08/16";"Segunda";"16:00:00";"PR";163;"144";"CAPITAO LEONIDAS MARQUES";"Ultrapassagem indevida";"Colisão lateral";"Com Vítimas Fatais";"Pleno dia";"Crescente";"Chuva";"Dupla";"Curva";"Rural";2;1;0;0;1;0;0;2
83494319;"29/08/16";"Segunda";"16:30:00";"PR";277;"636,7";"CEU AZUL";"Outras";"Atropelamento de pessoa";"Com Vítimas Feridas";"Pleno dia";"Crescente";"Chuva";"Simples";"Reta";"Urbano";2;0;0;1;1;0;1;1
83494320;"29/08/16";"Segunda";"08:10:00";"SC";280;"52";"GUARAMIRIM";"Falta de atenção";"Colisão Transversal";"Com Vítimas Feridas";"Pleno dia";"Decrescente";"Nublado";"Simples";"Reta";"Urbano";2;0;1;0;1;0;1;2
83494321;"29/08/16";"Segunda";"19:55:00";"SC";101;"41,7";"JOINVILLE";"Defeito mecânico em veículo";"Colisão Transversal";"Com Vítimas Feridas";"Plena noite";"Decrescente";"Nublado";"Simples";"Cruzamento";"Urbano";2;0;1;0;1;0;1;2
83494322;"29/08/16";"Segunda";"18:40:00";"PR";116;"135";"MANDIRITUBA";"Falta de atenção";"Colisão Transversal";"Com Vítimas Feridas";"Plena noite";"Crescente";"Ceu Claro";"Simples";"Reta";"Rural";2;0;1;0;1;0;1;2