"id";"data_inversa";"dia_semana";"horario";"uf";"br";"km";"municipio";"causa_acidente";"tipo_acidente";"classificacao_acidente";"fase_dia";"sentido_via";"condicao_metereologica";"tipo_pista";"tracado_via";"uso_solo";"pessoas";"mortos";"feridos_leves";"feridos_graves";"ilesos";"ignorados";"feridos";"veiculos"
83494324;"29/08/16";"Segunda";"12:00:00";"PR";158;"405,3";"LARANJEIRAS DO SUL";"Falta de atenção";"Colisão lateral";"Com Vítimas Fatais";"Pleno dia";"Crescente";"Chuva";"Simples";"Reta";"Urbano";3;1;0;1;1;0;1;2
83494325;"28/08/16";"Domingo";"19:20:00";"RO";364;"608";"CANDEIAS DO JAMARI";"Ingestão de álcool";"Atropelamento de pessoa";"Com Vítimas Feridas";"Plena noite";"Crescente";"Ceu Claro";"Simples";"Reta";"Rural";2;0;1;0;1;0;1;1
83494326;"29/08/16";"Segunda";"12:30:00";"ES";101;"277,4";"SERRA";"Defeito na via";"Queda de motocicleta / bicicleta / veículo";"Com Vítimas Feridas";"Pleno dia";"Decrescente";"Sol";"Dupla";"Reta";"Urbano";1;0;0;1;0;0;1;1
83494327;"29/08/16";"Segunda";"18:20:00";"PR";163;"198";"CASCAVEL";"Falta de atenção";"Colisão Transversal";"Com Vítimas Feridas";"Amanhecer";"Crescente";"Chuva";"Simples";"Reta";"Rural";3;0;0;2;1;0;2;2
83494328;"29/08/16";"Segunda";"06:45:00";"MG";365;"159";"PIRAPORA";"Outras";"Saída de Pista";"Com Vítimas Feridas";"Amanhecer";"Crescente";"Ignorada";"Simples";"Reta";"Rural";3;0;0;2;0;1;2;2
83494329;"29/08/16";"Segunda";"18:40:00";"SC";280;"52,3";"GUARAMIRIM";"Ingestão de álcool";"Colisão lateral";"Com Vítimas Feridas";"Plena noite";"Decrescente";"Nublado";"Simples";"Reta";"Urbano";2;0;1;0;1;0;1;2
83494330;"29/08/16";"Segunda";"20:20:00";"RS";285;"433,4";"PEJUCARA";"Velocidade incompatível";"Saída de Pista";"Sem Vítimas";"Plena noite";"Decrescente";"Chuva";"Simples";"Reta";"Rural";1;0;0;0;1;0;0;1
83494331;"29/08/16";"Segunda";"15:40:00";"RS";287;"248,6";"SANTA MARIA";"Outras";"Danos Eventuais";"Sem Vítimas";"Pleno dia";"Crescente";"Nublado";"Dupla";"Cruzamento";"Urbano";2;0;0;0;2;0;0;1
83494332;"29/08/16";"Segunda";"11:00:00";"DF";70;"19";"BRASILIA";"Falta de atenção";"Colisão lateral";"Sem Vítimas";"Pleno dia";"Crescente";"Ceu Claro";"Dupla";"Reta";"Rural";2;0;0;0;2;0;0;2
83494333;"29/08/16";"Segunda";"17:00:00";"GO";364;"279,6";"MINEIROS";"Outras";"Saída de Pista";"Sem Vítimas";"Pleno dia";"Crescente";"Ceu Claro";"Simples";"Reta";"Rural";1;0;0;0;1;0;0;1
83494334;"29/08/16";"Segunda";"10:15:00";"SC";116;"107,8";"MONTE CASTELO";"Defeito mecânico em veículo";"Saída de Pista";"Sem Vítimas";"Pleno dia";"Decrescente";"Ceu Claro";"Simples";"Curva";"Rural";1;0;0;0;1;0;0;1
83494335;"29/08/16";"Segunda";"16:40:00";"GO";414;"383";"CORUMBA DE GOIAS";"Falta de atenção";"Colisão traseira";"Sem Vítimas";"Pleno dia";"Decrescente";"Ceu Claro";"Simples";"Curva";"Rural";3;0;0;0;3;0;0;3
83494336;"29/08/16";"Segunda";"19:20:00";"BA";101;"495";"ITABUNA";"Velocidade incompatível";"Saída de Pista";"Sem Vítimas";"Plena noite";"Decrescente";"Chuva";"Simples";"Reta";"Rural";1;0;0;0;1;0;0;1
83494337;"29/08/16";"Segunda";"19:30:00";"DF";70;"8";"BRASILIA";"Falta de atenção";"Colisão traseira";"Com Vítimas Feridas";"Plena noite";"Crescente";"Ceu Claro";"Dupla";"Reta";"Rural";6;0;3;0;2;1;3;4
83494338;"29/08/16";"Segunda";"12:25:00";"MG";40;"520";"CONTAGEM";"Velocidade incompatível";"Saída de Pista";"Sem Vítimas";"Pleno dia";"Crescente";"Ceu Claro";"Dupla";"Reta";"Rural";1;0;0;0;1;0;0;1
83494339;"29/08/16";"Segunda";"17:50:00";"RS";472;"132,2";"TRES DE MAIO";"Velocidade incompatível";"Saída de Pista";"Com Vítimas Feridas";"Anoitecer";"Crescente";"Chuva";"Simples";"Cruzamento";"Rural";1;0;1;0;0;0;1;1
83494340;"29/08/16";"Segunda";"19:00:00";"MS";267;"33,3";"BATAGUASSU";"Animais na Pista";"Atropelamento de animal";"Sem Vítimas";"Plena noite";"Decrescente";"Chuva";"Simples";"Reta";"Rural";2;0;0;0;2;0;0;1
83494341;"29/08/16";"Segunda";"22:10:00";"PR";376;"525";"PONTA GROSSA";"Velocidade incompatível";"Colisão traseira";"Com Vítimas Feridas";"Plena noite";"Crescente";"Nublado";"Dupla";"Curva";"Rural";2;0;1;0;1;0;1;2
83494342;"29/08/16";"Segunda";"14:00:00";"PR";163;"161";"LINDOESTE";"Defeito mecânico em veículo";"Tombamento";"Sem Vítimas";"Pleno dia";"Decrescente";"Chuva";"Simples";"Curva";"Rural";1;0;0;0;1;0;0;1
83494343;"29/08/16";"Segunda";"04:30:00";"AL";104;"17";"SAO JOSE DA LAJE";"Outras";"Saída de Pista";"Ignorado";"Amanhecer";"Decrescente";"Ignorada";"Simples";"Reta";"Rural";1;0;0;0;0;1;0;1
83494344;"29/08/16";"Segunda";"19:40:00";"GO";153;"83";"PORANGATU";"Ultrapassagem indevida";"Colisão frontal";"Com Vítimas Feridas";"Plena noite";"Decrescente";"Ceu Claro";"Simples";"Reta";"Rural";2;0;1;1;0;0;2;2
83494345;"26/08/16";"Sexta";"06:10:00";"SC";470;"70";"INDAIAL";"Velocidade incompatível";"Queda de motocicleta / bicicleta / veículo";"Com Vítimas Feridas";"Pleno dia";"Decrescente";"Ceu Claro";"Simples";"Cruzamento";"Urbano";1;0;1;0;0;0;1;1
83494346;"29/08/16";"Segunda";"22:50:00";"RJ";40;"109";"DUQUE DE CAXIAS";"Falta de atenção";"Colisão traseira";"Com Vítimas Feridas";"Plena noite";"Crescente";"Ceu Claro";"Dupla";"Reta";"Urbano";3;0;1;0;2;0;1;2
83494347;"17/08/16";"Quarta";"10:40:00";"MG";40;"504,8";"ESMERALDAS";"Falta de atenção";"Colisão traseira";"Sem Vítimas";"Pleno dia";"Crescente";"Ceu Claro";"Dupla";"Reta";"Rural";2;0;0;0;2;0;0;2
83494348;"29/08/16";"Segunda";"22:30:00";"MG";381;"485,9";"BETIM";"Dormindo";"Colisão com objeto fixo";"Sem Vítimas";"Plena noite";"Crescente";"Ceu Claro";"Múltipla";"Reta";"Urbano";1;0;0;0;1;0;0;1
83494349;"29/08/16";"Segunda";"18:10:00";"BA";116;"536,1";"ITATIM";"Dormindo";"Colisão traseira";"Com Vítimas Feridas";"Plena noite";"Decrescente";"Ceu Claro";"Simples";"Reta";"Rural";4;0;0;1;3;0;1;4
83494350;"29/08/16";"Segunda";"19:30:00";"PR";153;"314,4";"IMBITUVA";"Animais na Pista";"Saída de Pista";"Sem Vítimas";"Plena noite";"Decrescente";"Chuva";"Simples";"Reta";"Rural";1;0;0;0;1;0;0;1
83494351;"29/08/16";"Segunda";"15:00:00";"GO";153;"266";"NOVA GLORIA";"Outras";"Colisão frontal";"Com Vítimas Fatais";"Pleno dia";"Decrescente";"Sol";"Simples";"Reta";"Rural";2;1;1;0;0;0;1;2
83494352;"21/08/16";"Domingo";"08:40:00";"MA";135;"4,9";"SAO LUIS";"Falta de atenção";"Colisão lateral";"Com Vítimas Feridas";"Pleno dia";"Decrescente";"Ceu Claro";"Dupla";"Reta";"Urbano";2;0;1;1;0;0;2;2
83494353;"29/08/16";"Segunda";"08:05:00";"PE";232;"254";"ARCOVERDE";"Outras";"Atropelamento de animal";"Com Vítimas Feridas";"Pleno dia";"Decrescente";"Ceu Claro";"Simples";"Reta";"Urbano";1;0;0;1;0;0;1;1
83494354;"29/08/16";"Segunda";"16:50:00";"MG";381;"486";"BETIM";"Defeito mecânico em veículo";"Queda de motocicleta / bicicleta / veículo";"Com Vítimas Feridas";"Pleno dia";"Decrescente";"Ceu Claro";"Dupla";"Reta";"Urbano";2;0;2;0;0;0;2;1
83494355;"29/08/16";"Segunda";"13:15:00";"RN";101;"152,4";"GOIANINHA";"Outras";"Saída de Pista";"Com Vítimas Feridas";"Pleno dia";"Decrescente";"Ceu Claro";"Dupla";"Reta";"Rural";2;0;2;0;0;0;2;1
83494356;"30/08/16";"Terça";"02:50:00";"PR";153;"34,6";"SANTO ANTONIO DA PLATINA";"Velocidade incompatível";"Saída de Pista";"Com Vítimas Feridas";"Plena noite";"Crescente";"Chuva";"Simples";"Curva";"Rural";1;0;1;0;0;0;1;1
83494357;"29/08/16";"Segunda";"22:00:00";"SP";381;"60";"MAIRIPORA";"Velocidade incompatível";"Colisão traseira";"Com Vítimas Feridas";"Plena noite";"Decrescente";"Nublado";"Dupla";"Reta";"Rural";2;0;1;0;1;0;1;2
83494358;"29/08/16";"Segunda";"17:15:00";"MS";262;"8,3";"TRES LAGOAS";"Ingestão de álcool";"Colisão frontal";"Sem Vítimas";"Anoitecer";"Decrescente";"Nublado";"Simples";"Reta";"Urbano";2;0;0;0;2;0;0;2
83494359;"29/08/16";"Segunda";"22:50:00";"MG";381;"707,1";"NEPOMUCENO";"Animais na Pista";"Atropelamento de animal";"Sem Vítimas";"Plena noite";"Crescente";"Ceu Claro";"Dupla";"Reta";"Rural";1;0;0;0;1;0;0;1
83494360;"26/08/16";"Sexta";"07:15:00";"RJ";116;"176,7";"NOVA IGUACU";"Ingestão de álcool";"Colisão traseira";"Com Vítimas Feridas";"Pleno dia";"Crescente";"Ceu Claro";"Dupla";"Reta";"Urbano";2;0;1;0;1;0;1;2
83494361;"29/08/16";"Segunda";"20:30:00";"MG";116;"242,5";"TEOFILO OTONI";"Ultrapassagem indevida";"Saída de Pista";"Com Vítimas Feridas";"Anoitecer";"Crescente";"Ceu Claro";"Simples";"Curva";"Rural";2;0;1;0;1;0;1;1
83494362;"29/08/16";"Segunda";"22:30:00";"MG";365;"472";"PATROCINIO";"Velocidade incompatível";"Saída de Pista";"Com Vítimas Feridas";"Plena noite";"Decrescente";"Ceu Claro";"Simples";"Reta";"Urbano";1;0;1;0;0;0;1;1
83494363;"30/08/16";"Terça";"02:00:00";"RJ";354;"8,5";"RESENDE";"Outras";"Incêndio";"Com Vítimas Feridas";"Plena noite";"Crescente";"Ceu Claro";"Simples";"Curva";"Rural";1;0;0;1;0;0;1;1
83494364;"30/08/16";"Terça";"01:30:00";"MG";381;"496";"BETIM";"Defeito mecânico em veículo";"Queda de motocicleta / bicicleta / veículo";"Com Vítimas Feridas";"Plena noite";"Crescente";"Ceu Claro";"Dupla";"Reta";"Urbano";1;0;1;0;0;0;1;1
83494365;"29/08/16";"Segunda";"12:15:00";"MG";251;"333,5";"FRUTA DE LEITE";"Velocidade incompatível";"Saída de Pista";"Com Vítimas Feridas";"Pleno dia";"Decrescente";"Ceu Claro";"Simples";"Curva";"Rural";1;0;1;0;0;0;1;1
83494366;"25/08/16";"Quinta";"15:00:00";"SP";116;"110,1";"TAUBATE";"Outras";"Tombamento";"Sem Vítimas";"Pleno dia";"Crescente";"Ceu Claro";"Simples";"Reta";"Urbano";1;0;0;0;1;0;0;1
83494367;"29/08/16";"Segunda";"13:50:00";"MS";163;"654,3";"RIO VERDE DE MATO GROSSO";"Velocidade incompatível";"Saída de Pista";"Sem Vítimas";"Pleno dia";"Decrescente";"Chuva";"Simples";"Curva";"Rural";2;0;0;0;2;0;0;1
83494368;"30/08/16";"Terça";"00:30:00";"BA";116;"812,7";"VITORIA DA CONQUISTA";"Dormindo";"Capotamento";"Com Vítimas Feridas";"Plena noite";"Crescente";"Nevoeiro/neblina";"Simples";"Reta";"Rural";1;0;1;0;0;0;1;1
83494369;"24/08/16";"Quarta";"15:30:00";"SP";381;"54,5";"MAIRIPORA";"Outras";"Queda de motocicleta / bicicleta / veículo";"Com Vítimas Feridas";"Pleno dia";"Decrescente";"Sol";"Dupla";"Reta";"Rural";1;0;0;1;0;0;1;1
83494370;"29/08/16";"Segunda";"21:30:00";"MS";262;"141,5";"AGUA CLARA";"Falta de atenção";"Colisão lateral";"Sem Vítimas";"Plena noite";"Crescente";"Chuva";"Simples";"Reta";"Urbano";2;0;0;0;2;0;0;2
83494371;"27/08/16";"Sábado";"04:10:00";"CE";222;"0,8";"FORTALEZA";"Outras";"Colisão traseira";"Sem Vítimas";"Plena noite";"Crescente";"Ceu Claro";"Múltipla";"Reta";"Urbano";2;0;0;0;2;0;0;2
83494372;"29/08/16";"Segunda";"22:20:00";"PR";277;"94";"CURITIBA";"Falta de atenção";"Colisão traseira";"Com Vítimas Feridas";"Plena noite";"Crescente";"Ceu Claro";"Dupla";"Reta";"Urbano";2;0;1;0;1;0;1;2
83494373;"29/08/16";"Segunda";"10:20:00";"MG";381;"920,8";"CAMANDUCAIA";"Velocidade incompatível";"Tombamento";"Com Vítimas Feridas";"Pleno dia";"Crescente";"Ceu Claro";"Dupla";"Curva";"Rural";1;0;0;1;0;0;1;1
83494374;"29/08/16";"Segunda";"15:20:00";"GO";60;"320,6";"ACREUNA";"Velocidade incompatível";"Saída de Pista";"Com Vítimas Feridas";"Pleno dia";"Crescente";"Chuva";"Dupla";"Reta";"Rural";2;0;2;0;0;0;2;1
83494375;"30/08/16";"Terça";"06:10:00";"RS";293;"168,8";"HULHA NEGRA";"Outras";"Colisão Transversal";"Com Vítimas Feridas";"Amanhecer";"Decrescente";"Chuva";"Simples";"Reta";"Rural";4;0;2;0;1;1;2;2
83494376;"27/08/16";"Sábado";"05:30:00";"ES";101;"233,1";"SERRA";"Não guardar distância de segurança";"Colisão traseira";"Com Vítimas Feridas";"Amanhecer";"Crescente";"Ignorada";"Simples";"Reta";"Rural";2;0;0;1;1;0;1;2
83494377;"26/08/16";"Sexta";"12:00:00";"ES";101;"270";"SERRA";"Outras";"Atropelamento de pessoa";"Com Vítimas Feridas";"Pleno dia";"Decrescente";"Ceu Claro";"Simples";"Reta";"Urbano";2;0;1;0;1;0;1;1
83494378;"28/08/16";"Domingo";"13:00:00";"MG";135;"583";"CORINTO";"Velocidade incompatível";"Saída de Pista";"Com Vítimas Feridas";"Pleno dia";"Crescente";"Ceu Claro";"Simples";"Reta";"Rural";2;0;1;0;1;0;1;1
83494380;"27/08/16";"Sábado";"07:00:00";"MG";50;"39";"ARAGUARI";"Outras";"Colisão com objeto fixo";"Ignorado";"Amanhecer";"Decrescente";"Ceu Claro";"Dupla";"Curva";"Urbano";1;0;0;0;0;1;0;1
83494382;"29/08/16";"Segunda";"21:00:00";"RJ";354;"23";"RESENDE";"Outras";"Colisão com objeto móvel";"Com Vítimas Feridas";"Plena noite";"Crescente";"Nublado";"Simples";"Reta";"Rural";2;0;0;1;1;0;1;2
83494383;"26/08/16";"Sexta";"19:40:00";"PR";376;"4,9";"APUCARANA";"Falta de atenção";"Colisão Transversal";"Com Vítimas Feridas";"Plena noite";"Crescente";"Ignorada";"Dupla";"Curva";"Urbano";3;0;1;0;2;0;1;2
83494384;"27/08/16";"Sábado";"03:25:00";"ES";101;"264,9";"SERRA";"Falta de atenção";"Colisão com bicicleta";"Com Vítimas Fatais";"Plena noite";"Decrescente";"Ceu Claro";"Múltipla";"Curva";"Urbano";2;1;0;0;0;1;0;2
83494385;"29/08/16";"Segunda";"12:30:00";"SP";381;"81,5";"SAO PAULO";"Outras";"Saída de Pista";"Com Vítimas Feridas";"Pleno dia";"Decrescente";"Ceu Claro";"Dupla";"Reta";"Urbano";2;0;2;0;0;0;2;1
83494386;"26/08/16";"Sexta";"12:30:00";"SP";381;"51";"ATIBAIA";"Não guardar distância de segurança";"Colisão lateral";"Com Vítimas Feridas";"Pleno dia";"Decrescente";"Sol";"Dupla";"Reta";"Rural";2;0;1;0;1;0;1;2
83494387;"30/08/16";"Terça";"07:20:00";"SC";470;"7,6";"NAVEGANTES";"Falta de atenção";"Colisão traseira";"Com Vítimas Feridas";"Pleno dia";"Crescente";"Chuva";"Simples";"Reta";"Urbano";3;0;1;0;2;0;1;2
83494388;"30/08/16";"Terça";"07:00:00";"MG";40;"483,5";"SETE LAGOAS";"Outras";"Colisão traseira";"Sem Vítimas";"Pleno dia";"Decrescente";"Ceu Claro";"Dupla";"Reta";"Rural";3;0;0;0;3;0;0;3
83494389;"30/08/16";"Terça";"06:30:00";"SC";101;"209,8";"SAO JOSE";"Não guardar distância de segurança";"Colisão traseira";"Sem Vítimas";"Amanhecer";"Decrescente";"Chuva";"Múltipla";"Reta";"Urbano";3;0;0;0;3;0;0;3
83494390;"26/08/16";"Sexta";"07:40:00";"PR";373;"240,6";"GUAMIRANGA";"Ultrapassagem indevida";"Colisão lateral";"Com Vítimas Feridas";"Pleno dia";"Crescente";"Nevoeiro/neblina";"Simples";"Reta";"Rural";6;0;4;0;2;0;4;3
83494391;"27/08/16";"Sábado";"00:35:00";"PR";376;"262,7";"CALIFORNIA";"Falta de atenção";"Saída de Pista";"Ignorado";"Plena noite";"Decrescente";"Ignorada";"Simples";"Curva";"Rural";1;0;0;0;0;1;0;1
83494392;"30/08/16";"Terça";"07:00:00";"PA";316;"16";"MARITUBA";"Defeito mecânico em veículo";"Danos Eventuais";"Com Vítimas Feridas";"Pleno dia";"Decrescente";"Ceu Claro";"Dupla";"Reta";"Urbano";4;0;2;0;2;0;2;3
83494393;"10/07/16";"Domingo";"04:30:00";"BA";116;"417";"FEIRA DE SANTANA";"Outras";"Colisão lateral";"Com Vítimas Feridas";"Plena noite";"Decrescente";"Chuva";"Simples";"Reta";"Rural";2;0;0;1;0;1;1;2
83494394;"26/08/16";"Sexta";"17:50:00";"ES";101;"323,5";"GUARAPARI";"Falta de atenção";"Atropelamento de pessoa";"Com Vítimas Fatais";"Plena noite";"Crescente";"Ceu Claro";"Simples";"Reta";"Rural";2;1;0;1;0;0;1;1
83494395;"30/08/16";"Terça";"07:30:00";"PR";116;"17,5";"ANTONINA";"Outras";"Saída de Pista";"Com Vítimas Feridas";"Amanhecer";"Crescente";"Nublado";"Dupla";"Reta";"Rural";2;0;0;1;1;0;1;1
83494396;"28/08/16";"Domingo";"14:20:00";"SC";470;"46";"GASPAR";"Não guardar distância de segurança";"Colisão traseira";"Sem Vítimas";"Pleno dia";"Crescente";"Sol";"Simples";"Reta";"Urbano";2;0;0;0;2;0;0;2
83494398;"30/08/16";"Terça";"08:27:00";"SP";116;"53,7";"LORENA";"Outras";"Colisão traseira";"Com Vítimas Feridas";"Pleno dia";"Decrescente";"Sol";"Dupla";"Reta";"Urbano";2;0;1;0;0;1;1;2
83494399;"25/08/16";"Quinta";"16:00:00";"GO";70;"404";"MONTES CLAROS DE GOIAS";"Outras";"Saída de Pista";"Ignorado";"Pleno dia";"Decrescente";"Ceu Claro";"Simples";"Reta";"Rural";1;0;0;0;0;1;0;1
83494400;"26/08/16";"Sexta";"22:20:00";"GO";40;"29,8";"LUZIANIA";"Outras";"Colisão frontal";"Com Vítimas Fatais";"Plena noite";"Decrescente";"Ceu Claro";"Simples";"Reta";"Rural";4;1;0;2;1;0;2;2
83494401;"27/08/16";"Sábado";"23:30:00";"MT";364;"474";"JANGADA";"Defeito na via";"Tombamento";"Sem Vítimas";"Plena noite";"Decrescente";"Chuva";"Simples";"Curva";"Rural";3;0;0;0;3;0;0;1
83494402;"30/08/16";"Terça";"09:20:00";"PR";376;"182,6";"SARANDI";"Desobediência à sinalização";"Colisão Transversal";"Sem Vítimas";"Pleno dia";"Decrescente";"Chuva";"Dupla";"Cruzamento";"Urbano";2;0;0;0;2;0;0;2
83494403;"30/08/16";"Terça";"07:40:00";"BA";101;"237";"CONCEICAO DO ALMEIDA";"Outras";"Colisão lateral";"Com Vítimas Feridas";"Pleno dia";"Decrescente";"Ceu Claro";"Simples";"Reta";"Rural";3;0;1;0;2;0;1;3
83494404;"30/08/16";"Terça";"07:10:00";"DF";20;"19";"BRASILIA";"Falta de atenção";"Colisão traseira";"Com Vítimas Feridas";"Pleno dia";"Decrescente";"Ceu Claro";"Dupla";"Reta";"Rural";3;0;3;0;0;0;3;2
83494405;"27/08/16";"Sábado";"05:00:00";"RJ";116;"267";"BARRA MANSA";"Velocidade incompatível";"Capotamento";"Com Vítimas Feridas";"Amanhecer";"Decrescente";"Ceu Claro";"Dupla";"Curva";"Rural";1;0;1;0;0;0;1;1
83494406;"30/08/16";"Terça";"01:30:00";"RS";290;"459,5";"ROSARIO DO SUL";"Outras";"Tombamento";"Sem Vítimas";"Plena noite";"Crescente";"Chuva";"Simples";"Curva";"Urbano";1;0;0;0;1;0;0;1
83494408;"30/08/16";"Terça";"08:40:00";"SC";101;"48";"JOINVILLE";"Velocidade incompatível";"Saída de Pista";"Sem Vítimas";"Pleno dia";"Decrescente";"Chuva";"Dupla";"Curva";"Rural";1;0;0;0;1;0;0;1
83494411;"28/08/16";"Domingo";"01:30:00";"PR";158;"505,5";"PATO BRANCO";"Velocidade incompatível";"Saída de Pista";"Ignorado";"Plena noite";"Decrescente";"Ceu Claro";"Simples";"Curva";"Rural";1;0;0;0;0;1;0;1
83494412;"30/08/16";"Terça";"10:40:00";"BA";116;"827";"VITORIA DA CONQUISTA";"Não guardar distância de segurança";"Colisão traseira";"Com Vítimas Feridas";"Pleno dia";"Crescente";"Nublado";"Simples";"Reta";"Urbano";4;0;1;0;3;0;1;2
83494413;"30/08/16";"Terça";"10:00:00";"PR";277;"730";"FOZ DO IGUACU";"Falta de atenção";"Colisão traseira";"Sem Vítimas";"Pleno dia";"Crescente";"Chuva";"Simples";"Reta";"Urbano";2;0;0;0;2;0;0;2
83494414;"30/08/16";"Terça";"08:00:00";"PR";277;"128";"BALSA NOVA";"Velocidade incompatível";"Capotamento";"Sem Vítimas";"Pleno dia";"Decrescente";"Chuva";"Dupla";"Curva";"Rural";2;0;0;0;2;0;0;1
83494415;"30/08/16";"Terça";"07:30:00";"ES";101;"295,3";"CARIACICA";"Velocidade incompatível";"Capotamento";"Sem Vítimas";"Pleno dia";"Crescente";"Ceu Claro";"Dupla";"Reta";"Urbano";1;0;0;0;1;0;0;1
83494416;"24/08/16";"Quarta";"17:50:00";"BA";101;"188";"CONCEICAO DA FEIRA";"Falta de atenção";"Colisão traseira";"Sem Vítimas";"Anoitecer";"Crescente";"Chuva";"Simples";"Reta";"Rural";4;0;0;0;4;0;0;4
83494417;"30/08/16";"Terça";"07:00:00";"RJ";101;"269,9";"RIO BONITO";"Velocidade incompatível";"Colisão traseira";"Com Vítimas Feridas";"Pleno dia";"Decrescente";"Sol";"Dupla";"Reta";"Rural";2;0;1;0;1;0;1;2
83494418;"30/08/16";"Terça";"11:25:00";"ES";101;"345";"GUARAPARI";"Dormindo";"Queda de motocicleta / bicicleta / veículo";"Com Vítimas Feridas";"Pleno dia";"Decrescente";"Sol";"Simples";"Reta";"Rural";1;0;1;0;0;0;1;1
83494419;"30/08/16";"Terça";"07:45:00";"MT";364;"329";"SANTO ANTONIO DO LEVERGER";"Falta de atenção";"Colisão traseira";"Sem Vítimas";"Amanhecer";"Decrescente";"Chuva";"Simples";"Reta";"Rural";4;0;0;0;4;0;0;2
83494420;"26/08/16";"Sexta";"20:40:00";"MT";364;"211";"RONDONOPOLIS";"Velocidade incompatível";"Tombamento";"Sem Vítimas";"Plena noite";"Crescente";"Ceu Claro";"Dupla";"Reta";"Rural";1;0;0;0;1;0;0;1
83494421;"30/08/16";"Terça";"09:10:00";"SC";470;"143";"RIO DO SUL";"Não guardar distância de segurança";"Colisão traseira";"Sem Vítimas";"Pleno dia";"Decrescente";"Nublado";"Simples";"Reta";"Urbano";3;0;0;0;3;0;0;3
83494422;"30/08/16";"Terça";"06:30:00";"CE";116;"462,5";"BARRO";"Não guardar distância de segurança";"Colisão traseira";"Com Vítimas Feridas";"Pleno dia";"Decrescente";"Ceu Claro";"Simples";"Reta";"Rural";5;0;2;0;3;0;2;2
83494423;"26/08/16";"Sexta";"21:50:00";"ES";262;"166,3";"IBATIBA";"Falta de atenção";"Colisão Transversal";"Com Vítimas Feridas";"Plena noite";"Crescente";"Ceu Claro";"Simples";"Cruzamento";"Urbano";5;0;3;1;1;0;4;2
83494424;"30/08/16";"Terça";"09:10:00";"RS";116;"54,2";"VACARIA";"Dormindo";"Saída de Pista";"Sem Vítimas";"Pleno dia";"Decrescente";"Nublado";"Simples";"Curva";"Rural";2;0;0;0;2;0;0;1
83494425;"30/08/16";"Terça";"11:00:00";"SP";116;"547,8";"BARRA DO TURVO";"Velocidade incompatível";"Colisão com objeto fixo";"Sem Vítimas";"Pleno dia";"Decrescente";"Chuva";"Dupla";"Curva";"Rural";1;0;0;0;1;0;0;1
83494426;"16/05/16";"Segunda";"14:00:00";"PR";369;"476";"CORBELIA";"Defeito na via";"Saída de Pista";"Sem Vítimas";"Pleno dia";"Crescente";"Ceu Claro";"Simples";"Reta";"Rural";1;0;0;0;1;0;0;1
83494427;"30/08/16";"Terça";"09:45:00";"MS";60;"404";"SIDROLANDIA";"Velocidade incompatível";"Saída de Pista";"Sem Vítimas";"Pleno dia";"Decrescente";"Chuva";"Simples";"Curva";"Rural";1;0;0;0;1;0;0;1
83494429;"30/08/16";"Terça";"12:30:00";"RS";290;"15,9";"SANTO ANTONIO DA PATRULHA";"Dormindo";"Saída de Pista";"Com Vítimas Feridas";"Pleno dia";"Decrescente";"Nublado";"Dupla";"Curva";"Rural";1;0;1;0;0;0;1;1
83494430;"26/08/16";"Sexta";"16:35:00";"SP";116;"155";"SAO JOSE DOS CAMPOS";"Falta de atenção";"Colisão lateral";"Com Vítimas Feridas";"Pleno dia";"Crescente";"Ceu Claro";"Múltipla";"Reta";"Urbano";4;0;2;0;2;0;2;2
83494431;"30/08/16";"Terça";"11:25:00";"PE";101;"68,9";"RECIFE";"Falta de atenção";"Colisão lateral";"Com Vítimas Feridas";"Pleno dia";"Decrescente";"Sol";"Dupla";"Reta";"Urbano";4;0;1;0;3;0;1;2
83494432;"30/08/16";"Terça";"11:35:00";"MG";40;"472";"SETE LAGOAS";"Outras";"Colisão traseira";"Sem Vítimas";"Pleno dia";"Crescente";"Ceu Claro";"Dupla";"Reta";"Rural";2;0;0;0;2;0;0;2
83494433;"30/08/16";"Terça";"12:30:00";"CE";116;"167";"RUSSAS";"Outras";"Queda de motocicleta / bicicleta / veículo";"Com Vítimas Feridas";"Pleno dia";"Crescente";"Ceu Claro";"Simples";"Reta";"Rural";2;0;1;1;0;0;2;1
83494434;"18/08/16";"Quinta";"09:30:00";"MG";50;"15";"UBERLANDIA";"Falta de atenção";"Colisão traseira";"Com Vítimas Feridas";"Pleno dia";"Decrescente";"Ceu Claro";"Dupla";"Reta";"Rural";3;0;0;2;1;0;2;2
83494435;"30/08/16";"Terça";"12:06:00";"PR";116;"208,1";"RIO NEGRO";"Falta de atenção";"Colisão traseira";"Sem Vítimas";"Pleno dia";"Decrescente";"Chuva";"Simples";"Reta";"Urbano";2;0;0;0;2;0;0;2
83494436;"30/08/16";"Terça";"08:50:00";"RS";392;"7,4";"RIO GRANDE";"Falta de atenção";"Colisão lateral";"Com Vítimas Feridas";"Pleno dia";"Decrescente";"Chuva";"Simples";"Reta";"Urbano";3;0;1;0;2;0;1;2
83494437;"30/08/16";"Terça";"09:05:00";"MS";262;"414,8";"TERENOS";"Outras";"Capotamento";"Com Vítimas Feridas";"Pleno dia";"Decrescente";"Chuva";"Simples";"Reta";"Rural";4;0;0;1;3;0;1;1
83494438;"28/08/16";"Domingo";"22:00:00";"BA";101;"329,7";"PRESIDENTE TANCREDO NEVES";"Falta de atenção";"Colisão traseira";"Sem Vítimas";"Plena noite";"Crescente";"Chuva";"Simples";"Reta";"Rural";3;0;0;0;3;0;0;3