"id";"data_inversa";"dia_semana";"horario";"uf";"br";"km";"municipio";"causa_acidente";"tipo_acidente";"classificacao_acidente";"fase_dia";"sentido_via";"condicao_metereologica";"tipo_pista";"tracado_via";"uso_solo";"pessoas";"mortos";"feridos_leves";"feridos_graves";"ilesos";"ignorados";"feridos";"veiculos"
83494439;"30/08/16";"Terça";"10:30:00";"RS";116;"517";"PELOTAS";"Desobediência à sinalização";"Colisão Transversal";"Com Vítimas Feridas";"Pleno dia";"Crescente";"Nevoeiro/neblina";"Simples";"Cruzamento";"Urbano";3;0;1;0;2;0;1;2
83494440;"27/08/16";"Sábado";"02:10:00";"ES";262;"151";"IBATIBA";"Outras";"Queda de motocicleta / bicicleta / veículo";"Com Vítimas Feridas";"Plena noite";"Crescente";"Nublado";"Simples";"Curva";"Rural";1;0;0;1;0;0;1;1
83494441;"30/08/16";"Terça";"11:30:00";"PR";467;"92";"CASCAVEL";"Outras";"Capotamento";"Com Vítimas Feridas";"Pleno dia";"Crescente";"Chuva";"Simples";"Curva";"Rural";2;0;2;0;0;0;2;1
83494442;"30/08/16";"Terça";"11:15:00";"PE";101;"51";"ABREU E LIMA";"Falta de atenção";"Colisão lateral";"Sem Vítimas";"Pleno dia";"Decrescente";"Sol";"Múltipla";"Reta";"Urbano";2;0;0;0;2;0;0;2
83494443;"27/08/16";"Sábado";"23:30:00";"GO";153;"634,4";"MORRINHOS";"Dormindo";"Capotamento";"Sem Vítimas";"Plena noite";"Crescente";"Ceu Claro";"Dupla";"Reta";"Rural";1;0;0;0;1;0;0;1
83494444;"30/08/16";"Terça";"11:10:00";"MG";40;"632,1";"CONSELHEIRO LAFAIETE";"Falta de atenção";"Colisão traseira";"Sem Vítimas";"Pleno dia";"Crescente";"Sol";"Simples";"Cruzamento";"Urbano";2;0;0;0;2;0;0;2
83494445;"10/08/16";"Quarta";"07:00:00";"PR";277;"81";"CURITIBA";"Não guardar distância de segurança";"Colisão traseira";"Com Vítimas Feridas";"Pleno dia";"Crescente";"Ignorada";"Dupla";"Reta";"Urbano";2;0;1;0;1;0;1;2
83494446;"20/06/16";"Segunda";"18:15:00";"PR";277;"446,7";"LARANJEIRAS DO SUL";"Ultrapassagem indevida";"Colisão frontal";"Com Vítimas Feridas";"Plena noite";"Decrescente";"Chuva";"Simples";"Reta";"Rural";5;0;1;2;2;0;3;3
83494448;"30/08/16";"Terça";"11:00:00";"MT";364;"533";"ROSARIO OESTE";"Não guardar distância de segurança";"Colisão traseira";"Com Vítimas Feridas";"Pleno dia";"Decrescente";"Ceu Claro";"Simples";"Reta";"Urbano";3;0;3;0;0;0;3;2
83494449;"30/08/16";"Terça";"11:00:00";"ES";262;"3,9";"CARIACICA";"Desobediência à sinalização";"Colisão lateral";"Com Vítimas Feridas";"Pleno dia";"Decrescente";"Ceu Claro";"Múltipla";"Reta";"Urbano";2;0;1;0;1;0;1;2
83494450;"30/08/16";"Terça";"12:00:00";"SC";280;"79,3";"RIO NEGRINHO";"Não guardar distância de segurança";"Colisão traseira";"Com Vítimas Feridas";"Pleno dia";"Crescente";"Chuva";"Simples";"Reta";"Urbano";3;0;1;1;1;0;2;2
83494451;"30/08/16";"Terça";"14:05:00";"SC";470;"141";"RIO DO SUL";"Falta de atenção";"Colisão lateral";"Com Vítimas Feridas";"Pleno dia";"Decrescente";"Nublado";"Dupla";"Cruzamento";"Urbano";2;0;1;0;1;0;1;2
83494452;"24/07/16";"Domingo";"16:00:00";"CE";222;"247,6";"SOBRAL";"Ultrapassagem indevida";"Capotamento";"Sem Vítimas";"Pleno dia";"Crescente";"Ceu Claro";"Simples";"Reta";"Rural";3;0;0;0;3;0;0;1
83494453;"30/08/16";"Terça";"12:05:00";"SC";470;"59";"BLUMENAU";"Falta de atenção";"Colisão Transversal";"Com Vítimas Feridas";"Pleno dia";"Crescente";"Chuva";"Simples";"Cruzamento";"Urbano";2;0;1;0;1;0;1;2
83494454;"30/08/16";"Terça";"11:10:00";"MG";251;"516";"MONTES CLAROS";"Ultrapassagem indevida";"Colisão Transversal";"Com Vítimas Feridas";"Pleno dia";"Decrescente";"Ceu Claro";"Simples";"Reta";"Rural";3;0;2;0;1;0;2;2
83494455;"30/08/16";"Terça";"09:00:00";"SE";235;"51,6";"ITABAIANA";"Falta de atenção";"Colisão lateral";"Com Vítimas Feridas";"Pleno dia";"Decrescente";"Nublado";"Múltipla";"Reta";"Urbano";2;0;1;0;1;0;1;2
83494456;"30/08/16";"Terça";"11:00:00";"SC";101;"436,8";"SOMBRIO";"Falta de atenção";"Colisão Transversal";"Com Vítimas Feridas";"Pleno dia";"Decrescente";"Nublado";"Simples";"Cruzamento";"Urbano";2;0;1;0;1;0;1;2
83494457;"30/08/16";"Terça";"12:30:00";"RJ";116;"175";"NOVA IGUACU";"Outras";"Colisão traseira";"Com Vítimas Feridas";"Pleno dia";"Decrescente";"Ceu Claro";"Dupla";"Reta";"Urbano";3;0;1;0;2;0;1;3
83494458;"30/08/16";"Terça";"06:30:00";"BA";116;"736";"POCOES";"Outras";"Colisão com objeto fixo";"Sem Vítimas";"Pleno dia";"Crescente";"Nublado";"Simples";"Curva";"Rural";1;0;0;0;1;0;0;1
83494459;"30/08/16";"Terça";"13:30:00";"PR";376;"430,1";"TIBAGI";"Velocidade incompatível";"Saída de Pista";"Com Vítimas Feridas";"Pleno dia";"Crescente";"Chuva";"Simples";"Reta";"Rural";2;0;2;0;0;0;2;1
83494460;"27/08/16";"Sábado";"05:30:00";"RS";285;"377,6";"SALDANHA MARINHO";"Velocidade incompatível";"Saída de Pista";"Com Vítimas Feridas";"Amanhecer";"Decrescente";"Ceu Claro";"Simples";"Curva";"Rural";1;0;1;0;0;0;1;1
83494461;"30/08/16";"Terça";"07:40:00";"PR";158;"499,9";"CORONEL VIVIDA";"Outras";"Colisão frontal";"Sem Vítimas";"Amanhecer";"Crescente";"Chuva";"Simples";"Reta";"Rural";2;0;0;0;2;0;0;2
83494462;"30/08/16";"Terça";"14:30:00";"RS";392;"352,2";"SANTA MARIA";"Falta de atenção";"Colisão traseira";"Com Vítimas Feridas";"Pleno dia";"Decrescente";"Chuva";"Simples";"Reta";"Urbano";3;0;1;0;2;0;1;3
83494463;"23/08/16";"Terça";"18:55:00";"RJ";356;"26";"CAMPOS DOS GOYTACAZES";"Outras";"Colisão Transversal";"Com Vítimas Feridas";"Anoitecer";"Decrescente";"Ceu Claro";"Simples";"Reta";"Rural";2;0;1;0;1;0;1;2
83494464;"25/03/16";"Sexta";"17:40:00";"PB";230;"25,2";"JOAO PESSOA";"Ingestão de álcool";"Colisão Transversal";"Com Vítimas Feridas";"Anoitecer";"Crescente";"Nublado";"Dupla";"Cruzamento";"Rural";3;0;2;0;1;0;2;2
83494465;"30/08/16";"Terça";"13:00:00";"RS";472;"179,9";"SANTO CRISTO";"Velocidade incompatível";"Colisão lateral";"Sem Vítimas";"Pleno dia";"Crescente";"Chuva";"Simples";"Curva";"Rural";2;0;0;0;2;0;0;2
83494466;"30/08/16";"Terça";"09:40:00";"SP";116;"281,2";"EMBU";"Não guardar distância de segurança";"Colisão traseira";"Sem Vítimas";"Pleno dia";"Decrescente";"Ceu Claro";"Dupla";"Curva";"Urbano";2;0;0;0;2;0;0;2
83494467;"30/08/16";"Terça";"08:45:00";"SP";153;"62,5";"SAO JOSE DO RIO PRETO";"Não guardar distância de segurança";"Colisão traseira";"Com Vítimas Feridas";"Pleno dia";"Crescente";"Ceu Claro";"Dupla";"Reta";"Urbano";3;0;1;0;2;0;1;3
83494468;"30/08/16";"Terça";"08:30:00";"MT";364;"348";"SANTO ANTONIO DO LEVERGER";"Falta de atenção";"Saída de Pista";"Sem Vítimas";"Pleno dia";"Crescente";"Chuva";"Dupla";"Curva";"Rural";1;0;0;0;1;0;0;1
83494469;"30/08/16";"Terça";"15:20:00";"SC";470;"124,5";"IBIRAMA";"Velocidade incompatível";"Colisão com objeto fixo";"Sem Vítimas";"Pleno dia";"Crescente";"Chuva";"Simples";"Curva";"Urbano";1;0;0;0;1;0;0;1
83494470;"10/08/16";"Quarta";"18:55:00";"DF";60;"6";"BRASILIA";"Outras";"Atropelamento de pessoa";"Com Vítimas Feridas";"Plena noite";"Crescente";"Ceu Claro";"Dupla";"Reta";"Urbano";2;0;1;0;1;0;1;1
83494471;"26/08/16";"Sexta";"16:15:00";"MG";50;"72";"UBERLANDIA";"Outras";"Colisão traseira";"Sem Vítimas";"Pleno dia";"Crescente";"Ceu Claro";"Dupla";"Reta";"Urbano";4;0;0;0;4;0;0;4
83494472;"30/08/16";"Terça";"15:10:00";"SC";280;"123,5";"SAO BENTO DO SUL";"Ultrapassagem indevida";"Colisão lateral";"Sem Vítimas";"Pleno dia";"Crescente";"Nublado";"Simples";"Reta";"Rural";2;0;0;0;2;0;0;2
83494473;"26/08/16";"Sexta";"23:04:00";"CE";116;"0";"FORTALEZA";"Não guardar distância de segurança";"Colisão traseira";"Com Vítimas Feridas";"Plena noite";"Decrescente";"Ceu Claro";"Dupla";"Reta";"Urbano";2;0;0;1;1;0;1;2
83494474;"30/08/16";"Terça";"09:10:00";"BA";324;"565";"CANDEIAS";"Falta de atenção";"Colisão traseira";"Com Vítimas Fatais";"Pleno dia";"Decrescente";"Nublado";"Dupla";"Reta";"Rural";2;1;0;0;1;0;0;2
83494475;"30/08/16";"Terça";"16:20:00";"RS";386;"375,8";"PAVERAMA";"Falta de atenção";"Saída de Pista";"Sem Vítimas";"Pleno dia";"Decrescente";"Chuva";"Dupla";"Reta";"Rural";1;0;0;0;1;0;0;1
83494476;"30/08/16";"Terça";"15:35:00";"MG";153;"20,9";"CENTRALINA";"Falta de atenção";"Colisão traseira";"Com Vítimas Feridas";"Pleno dia";"Decrescente";"Ceu Claro";"Dupla";"Reta";"Rural";3;0;1;0;2;0;1;2
83494477;"30/08/16";"Terça";"13:00:00";"MG";116;"539";"SANTA RITA DE MINAS";"Outras";"Atropelamento de pessoa";"Com Vítimas Feridas";"Pleno dia";"Decrescente";"Ceu Claro";"Simples";"Reta";"Urbano";3;0;0;1;2;0;1;1
83494478;"27/08/16";"Sábado";"02:30:00";"PB";230;"131,5";"MASSARANDUBA";"Dormindo";"Saída de Pista";"Com Vítimas Fatais";"Plena noite";"Crescente";"Ceu Claro";"Dupla";"Reta";"Rural";1;1;0;0;0;0;0;1
83494479;"26/08/16";"Sexta";"23:20:00";"SP";116;"216";"GUARULHOS";"Não guardar distância de segurança";"Colisão traseira";"Com Vítimas Feridas";"Plena noite";"Crescente";"Ceu Claro";"Múltipla";"Reta";"Urbano";4;0;2;0;2;0;2;2
83494480;"30/08/16";"Terça";"08:33:00";"MT";70;"266";"PRIMAVERA DO LESTE";"Outras";"Saída de Pista";"Sem Vítimas";"Pleno dia";"Crescente";"Nevoeiro/neblina";"Simples";"Reta";"Rural";1;0;0;0;1;0;0;1
83494481;"30/08/16";"Terça";"12:20:00";"MG";40;"770,7";"JUIZ DE FORA";"Desobediência à sinalização";"Colisão Transversal";"Sem Vítimas";"Pleno dia";"Crescente";"Sol";"Simples";"Reta";"Rural";2;0;0;0;2;0;0;2
83494482;"30/08/16";"Terça";"15:30:00";"RJ";40;"0,3";"COMENDADOR LEVY GASPARIAN";"Falta de atenção";"Colisão com objeto fixo";"Com Vítimas Feridas";"Pleno dia";"Crescente";"Ceu Claro";"Dupla";"Curva";"Rural";1;0;1;0;0;0;1;1
83494483;"29/07/16";"Sexta";"14:13:00";"SC";101;"49,1";"JOINVILLE";"Falta de atenção";"Colisão lateral";"Sem Vítimas";"Pleno dia";"Decrescente";"Nublado";"Múltipla";"Reta";"Rural";2;0;0;0;2;0;0;2
83494484;"30/08/16";"Terça";"13:40:00";"MS";262;"364";"CAMPO GRANDE";"Falta de atenção";"Colisão Transversal";"Sem Vítimas";"Pleno dia";"Decrescente";"Chuva";"Simples";"Reta";"Urbano";2;0;0;0;2;0;0;2
83494485;"26/08/16";"Sexta";"07:25:00";"DF";60;"0,3";"BRASILIA";"Velocidade incompatível";"Colisão traseira";"Com Vítimas Feridas";"Pleno dia";"Decrescente";"Ceu Claro";"Dupla";"Reta";"Urbano";3;0;0;1;2;0;1;3
83494486;"30/08/16";"Terça";"13:50:00";"MT";70;"732";"CACERES";"Desobediência à sinalização";"Colisão com bicicleta";"Com Vítimas Feridas";"Pleno dia";"Decrescente";"Nublado";"Simples";"Reta";"Urbano";2;0;0;2;0;0;2;2
83494487;"30/08/16";"Terça";"09:40:00";"BA";101;"108";"ALAGOINHAS";"Outras";"Colisão traseira";"Com Vítimas Feridas";"Pleno dia";"Decrescente";"Ceu Claro";"Simples";"Cruzamento";"Urbano";3;0;1;0;1;1;1;3
83494488;"30/08/16";"Terça";"14:00:00";"PR";272;"406";"JANIOPOLIS";"Outras";"Capotamento";"Com Vítimas Feridas";"Pleno dia";"Crescente";"Chuva";"Simples";"Reta";"Rural";2;0;2;0;0;0;2;1
83494489;"30/08/16";"Terça";"15:10:00";"ES";101;"297,6";"VIANA";"Defeito mecânico em veículo";"Colisão traseira";"Sem Vítimas";"Pleno dia";"Decrescente";"Ceu Claro";"Dupla";"Reta";"Urbano";4;0;0;0;4;0;0;4
83494490;"30/08/16";"Terça";"14:40:00";"MT";364;"208";"RONDONOPOLIS";"Falta de atenção";"Colisão lateral";"Sem Vítimas";"Pleno dia";"Decrescente";"Nublado";"Dupla";"Reta";"Urbano";2;0;0;0;2;0;0;2
83494491;"21/07/16";"Quinta";"18:20:00";"PR";277;"592";"CASCAVEL";"Não guardar distância de segurança";"Colisão traseira";"Com Vítimas Feridas";"Pleno dia";"Decrescente";"Ceu Claro";"Simples";"Reta";"Urbano";2;0;0;1;1;0;1;2
83494492;"30/08/16";"Terça";"16:15:00";"RS";386;"232,8";"SOLEDADE";"Falta de atenção";"Saída de Pista";"Sem Vítimas";"Pleno dia";"Crescente";"Chuva";"Simples";"Reta";"Rural";1;0;0;0;1;0;0;1
83494493;"30/08/16";"Terça";"04:30:00";"MG";267;"338,3";"CAMBUQUIRA";"Dormindo";"Saída de Pista";"Com Vítimas Feridas";"Plena noite";"Crescente";"Ceu Claro";"Simples";"Curva";"Rural";3;0;2;0;1;0;2;1
83494494;"30/08/16";"Terça";"15:20:00";"PR";376;"323,2";"ORTIGUEIRA";"Velocidade incompatível";"Tombamento";"Com Vítimas Feridas";"Pleno dia";"Crescente";"Chuva";"Simples";"Curva";"Rural";1;0;1;0;0;0;1;1
83494495;"23/08/16";"Terça";"07:00:00";"SP";116;"80";"ROSEIRA";"Outras";"Colisão traseira";"Com Vítimas Feridas";"Pleno dia";"Crescente";"Ceu Claro";"Dupla";"Reta";"Urbano";2;0;1;0;1;0;1;2
83494496;"27/08/16";"Sábado";"11:00:00";"PE";101;"184,5";"PALMARES";"Defeito na via";"Colisão com bicicleta";"Com Vítimas Feridas";"Pleno dia";"Crescente";"Nublado";"Dupla";"Curva";"Urbano";3;0;0;1;2;0;1;3
83494497;"30/08/16";"Terça";"08:00:00";"PE";232;"166,4";"TACAIMBO";"Outras";"Saída de Pista";"Com Vítimas Feridas";"Pleno dia";"Crescente";"Sol";"Simples";"Reta";"Rural";4;0;0;1;3;0;1;1
83494498;"26/08/16";"Sexta";"23:50:00";"MG";365;"28,5";"MONTES CLAROS";"Dormindo";"Saída de Pista";"Sem Vítimas";"Plena noite";"Crescente";"Ceu Claro";"Simples";"Reta";"Rural";1;0;0;0;1;0;0;1
83494499;"27/08/16";"Sábado";"23:30:00";"PR";116;"115,2";"CURITIBA";"Outras";"Colisão lateral";"Com Vítimas Feridas";"Plena noite";"Decrescente";"Ceu Claro";"Dupla";"Reta";"Urbano";2;0;1;0;1;0;1;2
83494500;"20/08/16";"Sábado";"12:00:00";"PR";476;"119";"COLOMBO";"Outras";"Colisão com objeto fixo";"Com Vítimas Feridas";"Pleno dia";"Crescente";"Chuva";"Dupla";"Reta";"Urbano";1;0;1;0;0;0;1;1
83494501;"30/08/16";"Terça";"13:55:00";"RS";386;"232";"SOLEDADE";"Velocidade incompatível";"Colisão frontal";"Com Vítimas Fatais";"Pleno dia";"Decrescente";"Chuva";"Simples";"Reta";"Rural";7;1;1;0;5;0;1;5
83494502;"30/08/16";"Terça";"17:30:00";"SC";280;"130,9";"RIO NEGRINHO";"Falta de atenção";"Colisão Transversal";"Sem Vítimas";"Pleno dia";"Decrescente";"Chuva";"Simples";"Reta";"Urbano";2;0;0;0;2;0;0;2
83494503;"30/08/16";"Terça";"17:24:00";"SP";116;"31,3";"CRUZEIRO";"Defeito mecânico em veículo";"Colisão com objeto fixo";"Com Vítimas Feridas";"Pleno dia";"Decrescente";"Ceu Claro";"Múltipla";"Curva";"Rural";2;0;1;0;1;0;1;1
83494504;"30/08/16";"Terça";"16:00:00";"RS";285;"354,4";"CARAZINHO";"Velocidade incompatível";"Saída de Pista";"Sem Vítimas";"Pleno dia";"Crescente";"Chuva";"Simples";"Reta";"Rural";1;0;0;0;1;0;0;1
83494505;"27/08/16";"Sábado";"17:20:00";"SP";101;"43,4";"UBATUBA";"Velocidade incompatível";"Colisão Transversal";"Sem Vítimas";"Anoitecer";"Crescente";"Ceu Claro";"Simples";"Curva";"Urbano";3;0;0;0;2;1;0;2
83494506;"30/08/16";"Terça";"14:40:00";"PE";104;"72";"CARUARU";"Defeito mecânico em veículo";"Saída de Pista";"Sem Vítimas";"Pleno dia";"Decrescente";"Nublado";"Simples";"Reta";"Rural";1;0;0;0;1;0;0;1
83494507;"30/08/16";"Terça";"13:00:00";"RJ";101;"475,4";"ANGRA DOS REIS";"Ultrapassagem indevida";"Colisão frontal";"Com Vítimas Feridas";"Pleno dia";"Decrescente";"Ceu Claro";"Simples";"Curva";"Rural";2;0;0;1;1;0;1;2
83494508;"30/08/16";"Terça";"12:45:00";"RS";116;"252,9";"SAPUCAIA DO SUL";"Velocidade incompatível";"Colisão com objeto fixo";"Com Vítimas Feridas";"Pleno dia";"Decrescente";"Ceu Claro";"Dupla";"Reta";"Urbano";2;0;0;1;1;0;1;1
83494509;"30/08/16";"Terça";"07:15:00";"GO";60;"11,2";"APARECIDA DE GOIANIA";"Outras";"Colisão traseira";"Com Vítimas Feridas";"Pleno dia";"Decrescente";"Ceu Claro";"Dupla";"Reta";"Rural";5;0;1;2;2;0;3;2
83494510;"30/08/16";"Terça";"08:20:00";"PR";476;"124";"CURITIBA";"Não guardar distância de segurança";"Colisão lateral";"Com Vítimas Feridas";"Pleno dia";"Crescente";"Nublado";"Dupla";"Reta";"Urbano";2;0;1;0;1;0;1;2
83494511;"30/08/16";"Terça";"17:25:00";"SC";280;"234,3";"CANOINHAS";"Falta de atenção";"Colisão Transversal";"Com Vítimas Feridas";"Pleno dia";"Decrescente";"Chuva";"Simples";"Cruzamento";"Urbano";6;0;5;0;1;0;5;2
83494512;"27/08/16";"Sábado";"07:00:00";"RJ";116;"277,6";"BARRA MANSA";"Outras";"Colisão Transversal";"Sem Vítimas";"Amanhecer";"Crescente";"Ceu Claro";"Dupla";"Curva";"Urbano";2;0;0;0;2;0;0;2
83494513;"30/08/16";"Terça";"17:10:00";"MG";262;"802";"UBERABA";"Falta de atenção";"Colisão traseira";"Sem Vítimas";"Pleno dia";"Decrescente";"Ceu Claro";"Dupla";"Reta";"Urbano";2;0;0;0;2;0;0;2
83494514;"30/08/16";"Terça";"08:10:00";"AL";101;"53,8";"FLEXEIRAS";"Não guardar distância de segurança";"Colisão lateral";"Sem Vítimas";"Pleno dia";"Crescente";"Nublado";"Simples";"Reta";"Rural";2;0;0;0;2;0;0;2
83494515;"30/08/16";"Terça";"18:20:00";"RS";386;"338,2";"LAJEADO";"Ingestão de álcool";"Colisão lateral";"Com Vítimas Feridas";"Plena noite";"Crescente";"Chuva";"Simples";"Reta";"Urbano";2;0;2;0;0;0;2;2
83494516;"30/08/16";"Terça";"09:10:00";"SC";101;"147";"ITAPEMA";"Ultrapassagem indevida";"Colisão frontal";"Com Vítimas Feridas";"Pleno dia";"Decrescente";"Nublado";"Dupla";"Reta";"Urbano";4;0;1;1;2;0;2;3
83494517;"28/08/16";"Domingo";"06:30:00";"PR";277;"677,9";"MEDIANEIRA";"Falta de atenção";"Saída de Pista";"Sem Vítimas";"Amanhecer";"Crescente";"Sol";"Dupla";"Reta";"Rural";1;0;0;0;1;0;0;1
83494518;"30/08/16";"Terça";"08:10:00";"PR";376;"656,8";"TIJUCAS DO SUL";"Velocidade incompatível";"Capotamento";"Com Vítimas Feridas";"Pleno dia";"Decrescente";"Chuva";"Dupla";"Curva";"Rural";1;0;1;0;0;0;1;1
83494519;"30/08/16";"Terça";"18:00:00";"GO";60;"402";"RIO VERDE";"Outras";"Saída de Pista";"Com Vítimas Feridas";"Anoitecer";"Decrescente";"Nublado";"Dupla";"Reta";"Rural";1;0;1;0;0;0;1;1
83494520;"30/08/16";"Terça";"17:30:00";"SC";101;"292,9";"IMBITUBA";"Falta de atenção";"Colisão com objeto fixo";"Com Vítimas Feridas";"Anoitecer";"Crescente";"Chuva";"Dupla";"Reta";"Rural";3;0;0;3;0;0;3;1
83494521;"26/08/16";"Sexta";"18:30:00";"MT";163;"838";"SINOP";"Falta de atenção";"Colisão lateral";"Com Vítimas Feridas";"Anoitecer";"Decrescente";"Ignorada";"Simples";"Reta";"Urbano";2;0;2;0;0;0;2;2
83494522;"27/08/16";"Sábado";"06:40:00";"MG";135;"417";"BOCAIUVA";"Velocidade incompatível";"Saída de Pista";"Com Vítimas Feridas";"Pleno dia";"Decrescente";"Ceu Claro";"Simples";"Curva";"Rural";1;0;0;1;0;0;1;1
83494523;"27/08/16";"Sábado";"01:20:00";"MG";267;"308,9";"CAXAMBU";"Falta de atenção";"Colisão traseira";"Com Vítimas Feridas";"Plena noite";"Decrescente";"Nublado";"Simples";"Reta";"Rural";5;0;1;0;4;0;1;2
83494524;"30/08/16";"Terça";"17:45:00";"PR";277;"593";"CASCAVEL";"Falta de atenção";"Colisão lateral";"Com Vítimas Feridas";"Pleno dia";"Crescente";"Chuva";"Simples";"Reta";"Rural";4;0;1;0;3;0;1;3
83494525;"30/08/16";"Terça";"17:30:00";"MG";40;"523,8";"CONTAGEM";"Outras";"Saída de Pista";"Sem Vítimas";"Pleno dia";"Decrescente";"Ceu Claro";"Dupla";"Reta";"Urbano";1;0;0;0;1;0;0;1
83494526;"30/08/16";"Terça";"17:15:00";"AP";210;"10";"MACAPA";"Defeito mecânico em veículo";"Saída de Pista";"Sem Vítimas";"Pleno dia";"Decrescente";"Ceu Claro";"Simples";"Reta";"Rural";1;0;0;0;1;0;0;1
83494527;"30/08/16";"Terça";"08:07:00";"SP";116;"271";"TABOAO DA SERRA";"Falta de atenção";"Colisão traseira";"Com Vítimas Feridas";"Pleno dia";"Crescente";"Nublado";"Dupla";"Reta";"Urbano";3;0;1;0;2;0;1;3
83494528;"30/08/16";"Terça";"15:18:00";"PR";277;"105";"CAMPO LARGO";"Outras";"Saída de Pista";"Sem Vítimas";"Pleno dia";"Decrescente";"Chuva";"Dupla";"Curva";"Rural";1;0;0;0;1;0;0;1
83494529;"30/08/16";"Terça";"14:15:00";"MG";267;"309,1";"CAXAMBU";"Falta de atenção";"Colisão Transversal";"Com Vítimas Feridas";"Pleno dia";"Crescente";"Ceu Claro";"Simples";"Reta";"Rural";2;0;1;0;1;0;1;2
83494530;"30/08/16";"Terça";"18:30:00";"MG";40;"526";"CONTAGEM";"Outras";"Atropelamento de pessoa";"Com Vítimas Feridas";"Plena noite";"Decrescente";"Ceu Claro";"Dupla";"Reta";"Urbano";2;0;0;2;0;0;2;1
83494531;"30/08/16";"Terça";"11:40:00";"BA";101;"363,8";"GANDU";"Outras";"Saída de Pista";"Com Vítimas Feridas";"Pleno dia";"Decrescente";"Nublado";"Simples";"Curva";"Rural";1;0;1;0;0;0;1;1
83494532;"30/08/16";"Terça";"18:30:00";"PR";376;"3";"MANDAGUARI";"Falta de atenção";"Colisão Transversal";"Com Vítimas Feridas";"Anoitecer";"Decrescente";"Chuva";"Simples";"Cruzamento";"Urbano";2;0;0;1;1;0;1;2
83494533;"30/08/16";"Terça";"16:15:00";"PR";116;"119";"CURITIBA";"Velocidade incompatível";"Saída de Pista";"Sem Vítimas";"Pleno dia";"Crescente";"Chuva";"Dupla";"Curva";"Rural";1;0;0;0;1;0;0;1
83494534;"30/08/16";"Terça";"15:30:00";"ES";262;"57,9";"DOMINGOS MARTINS";"Não guardar distância de segurança";"Colisão traseira";"Com Vítimas Feridas";"Pleno dia";"Crescente";"Ceu Claro";"Simples";"Curva";"Rural";2;0;1;0;1;0;1;2
83494535;"22/06/16";"Quarta";"07:00:00";"PR";369;"152,7";"LONDRINA";"Desobediência à sinalização";"Colisão Transversal";"Com Vítimas Feridas";"Pleno dia";"Crescente";"Nublado";"Dupla";"Reta";"Urbano";2;0;0;1;1;0;1;2
83494536;"27/08/16";"Sábado";"02:00:00";"SP";116;"40,7";"CACHOEIRA PAULISTA";"Ingestão de álcool";"Colisão traseira";"Com Vítimas Feridas";"Plena noite";"Decrescente";"Ceu Claro";"Dupla";"Reta";"Rural";3;0;2;0;1;0;2;2
83494537;"28/08/16";"Domingo";"05:30:00";"SP";116;"225";"GUARULHOS";"Outras";"Queda de motocicleta / bicicleta / veículo";"Com Vítimas Fatais";"Plena noite";"Crescente";"Ceu Claro";"Múltipla";"Reta";"Urbano";4;1;1;0;0;2;1;3
83494538;"30/08/16";"Terça";"15:40:00";"MG";267;"32,8";"ARGIRITA";"Falta de atenção";"Colisão lateral";"Com Vítimas Feridas";"Pleno dia";"Decrescente";"Sol";"Simples";"Reta";"Rural";2;0;1;0;1;0;1;2
83494539;"30/08/16";"Terça";"17:50:00";"PR";158;"199,8";"PEABIRU";"Ingestão de álcool";"Colisão Transversal";"Sem Vítimas";"Amanhecer";"Decrescente";"Chuva";"Simples";"Reta";"Urbano";2;0;0;0;2;0;0;2
83494540;"30/08/16";"Terça";"19:10:00";"BA";101;"494,8";"ITABUNA";"Velocidade incompatível";"Saída de Pista";"Sem Vítimas";"Plena noite";"Crescente";"Chuva";"Simples";"Curva";"Rural";1;0;0;0;1;0;0;1
83494541;"31/05/16";"Terça";"19:15:00";"RJ";101;"318,9";"SAO GONCALO";"Outras";"Colisão lateral";"Sem Vítimas";"Plena noite";"Decrescente";"Ceu Claro";"Dupla";"Curva";"Urbano";3;0;0;0;3;0;0;3
83494542;"30/08/16";"Terça";"17:10:00";"GO";60;"110";"GOIANAPOLIS";"Defeito mecânico em veículo";"Queda de motocicleta / bicicleta / veículo";"Com Vítimas Feridas";"Anoitecer";"Decrescente";"Ceu Claro";"Dupla";"Reta";"Rural";1;0;1;0;0;0;1;1
83494543;"30/08/16";"Terça";"13:30:00";"MS";163;"104";"ITAQUIRAI";"Outras";"Queda de motocicleta / bicicleta / veículo";"Com Vítimas Feridas";"Plena noite";"Decrescente";"Nublado";"Dupla";"Curva";"Rural";1;0;1;0;0;0;1;1
83494544;"30/08/16";"Terça";"19:10:00";"PR";277;"721,4";"FOZ DO IGUACU";"Outras";"Saída de Pista";"Ignorado";"Plena noite";"Decrescente";"Chuva";"Dupla";"Reta";"Urbano";1;0;0;0;0;1;0;1
83494545;"30/08/16";"Terça";"16:20:00";"MG";153;"145,2";"CAMPO FLORIDO";"Outras";"Saída de Pista";"Com Vítimas Feridas";"Pleno dia";"Decrescente";"Nublado";"Simples";"Reta";"Rural";2;0;1;0;1;0;1;1
83494546;"30/08/16";"Terça";"13:15:00";"CE";222;"233,5";"SOBRAL";"Outras";"Saída de Pista";"Sem Vítimas";"Pleno dia";"Decrescente";"Sol";"Simples";"Reta";"Rural";1;0;0;0;1;0;0;1