"id";"data_inversa";"dia_semana";"horario";"uf";"br";"km";"municipio";"causa_acidente";"tipo_acidente";"classificacao_acidente";"fase_dia";"sentido_via";"condicao_metereologica";"tipo_pista";"tracado_via";"uso_solo";"pessoas";"mortos";"feridos_leves";"feridos_graves";"ilesos";"ignorados";"feridos";"veiculos"
83494547;"30/08/16";"Terça";"12:00:00";"MG";116;"416";"GOVERNADOR VALADARES";"Outras";"Colisão Transversal";"Com Vítimas Feridas";"Plena noite";"Decrescente";"Ceu Claro";"Simples";"Reta";"Urbano";2;0;1;0;1;0;1;2
83494548;"30/08/16";"Terça";"19:20:00";"CE";304;"54,8";"ARACATI";"Ingestão de álcool";"Colisão Transversal";"Com Vítimas Feridas";"Anoitecer";"Crescente";"Ceu Claro";"Simples";"Reta";"Urbano";2;0;0;1;1;0;1;2
83494549;"28/08/16";"Domingo";"04:50:00";"DF";70;"9";"BRASILIA";"Velocidade incompatível";"Colisão traseira";"Com Vítimas Fatais";"Plena noite";"Crescente";"Ceu Claro";"Simples";"Reta";"Urbano";6;1;2;0;1;2;2;3
83494550;"30/08/16";"Terça";"09:50:00";"GO";40;"27,3";"LUZIANIA";"Outras";"Colisão Transversal";"Sem Vítimas";"Pleno dia";"Decrescente";"Ceu Claro";"Simples";"Reta";"Urbano";2;0;0;0;1;1;0;2
83494551;"30/08/16";"Terça";"19:00:00";"MT";70;"727,7";"CACERES";"Animais na Pista";"Atropelamento de animal";"Sem Vítimas";"Plena noite";"Decrescente";"Nevoeiro/neblina";"Simples";"Reta";"Rural";1;0;0;0;1;0;0;1
83494552;"30/08/16";"Terça";"19:40:00";"RJ";40;"118";"DUQUE DE CAXIAS";"Defeito mecânico em veículo";"Colisão com objeto fixo";"Com Vítimas Feridas";"Plena noite";"Decrescente";"Ceu Claro";"Múltipla";"Reta";"Urbano";1;0;1;0;0;0;1;1
83494553;"27/08/16";"Sábado";"06:00:00";"MG";153;"51,3";"CANAPOLIS";"Velocidade incompatível";"Tombamento";"Com Vítimas Feridas";"Amanhecer";"Crescente";"Ceu Claro";"Dupla";"Reta";"Rural";1;0;0;1;0;0;1;1
83494555;"30/08/16";"Terça";"15:30:00";"PR";376;"458,9";"TIBAGI";"Velocidade incompatível";"Saída de Pista";"Sem Vítimas";"Pleno dia";"Decrescente";"Chuva";"Dupla";"Curva";"Rural";1;0;0;0;1;0;0;1
83494556;"30/08/16";"Terça";"20:10:00";"RS";116;"23,1";"VACARIA";"Outras";"Saída de Pista";"Com Vítimas Feridas";"Plena noite";"Crescente";"Chuva";"Simples";"Reta";"Urbano";1;0;1;0;0;0;1;1
83494557;"30/08/16";"Terça";"13:25:00";"PB";230;"29";"JOAO PESSOA";"Falta de atenção";"Colisão traseira";"Com Vítimas Feridas";"Pleno dia";"Decrescente";"Ceu Claro";"Dupla";"Reta";"Urbano";2;0;1;0;1;0;1;2
83494558;"21/08/16";"Domingo";"15:50:00";"GO";153;"584,1";"PIRACANJUBA";"Velocidade incompatível";"Saída de Pista";"Com Vítimas Feridas";"Pleno dia";"Crescente";"Chuva";"Dupla";"Reta";"Rural";2;0;1;0;0;1;1;1
83494559;"08/04/16";"Sexta";"19:30:00";"SP";116;"221";"GUARULHOS";"Não guardar distância de segurança";"Queda de motocicleta / bicicleta / veículo";"Com Vítimas Feridas";"Plena noite";"Crescente";"Ceu Claro";"Múltipla";"Reta";"Urbano";1;0;1;0;0;0;1;1
83494560;"30/08/16";"Terça";"10:00:00";"MG";381;"421,9";"CAETE";"Ingestão de álcool";"Colisão traseira";"Sem Vítimas";"Pleno dia";"Decrescente";"Sol";"Simples";"Reta";"Rural";2;0;0;0;2;0;0;2
83494561;"30/08/16";"Terça";"19:45:00";"ES";101;"265,9";"SERRA";"Desobediência à sinalização";"Colisão com bicicleta";"Com Vítimas Feridas";"Plena noite";"Decrescente";"Nublado";"Múltipla";"Reta";"Urbano";2;0;0;2;0;0;2;2
83494562;"30/08/16";"Terça";"19:00:00";"MG";116;"503";"INHAPIM";"Falta de atenção";"Tombamento";"Sem Vítimas";"Plena noite";"Crescente";"Nublado";"Simples";"Reta";"Rural";1;0;0;0;1;0;0;1
83494563;"30/08/16";"Terça";"19:30:00";"PR";376;"219";"JANDAIA DO SUL";"Outras";"Colisão traseira";"Sem Vítimas";"Plena noite";"Crescente";"Chuva";"Simples";"Curva";"Rural";2;0;0;0;1;1;0;2
83494564;"30/08/16";"Terça";"19:00:00";"RS";153;"50";"ERECHIM";"Animais na Pista";"Atropelamento de animal";"Com Vítimas Feridas";"Plena noite";"Decrescente";"Chuva";"Simples";"Reta";"Urbano";3;0;1;0;2;0;1;3
83494565;"30/08/16";"Terça";"18:40:00";"ES";101;"146";"LINHARES";"Outras";"Queda de motocicleta / bicicleta / veículo";"Com Vítimas Feridas";"Plena noite";"Crescente";"Ceu Claro";"Simples";"Reta";"Urbano";1;0;1;0;0;0;1;1
83494566;"30/08/16";"Terça";"20:25:00";"RJ";40;"119";"DUQUE DE CAXIAS";"Falta de atenção";"Capotamento";"Com Vítimas Feridas";"Plena noite";"Decrescente";"Ceu Claro";"Múltipla";"Reta";"Urbano";1;0;1;0;0;0;1;1
83494567;"29/08/16";"Segunda";"00:00:00";"TO";153;"142";"ARAGUAINA";"Ingestão de álcool";"Saída de Pista";"Com Vítimas Feridas";"Plena noite";"Decrescente";"Ceu Claro";"Simples";"Reta";"Urbano";1;0;1;0;0;0;1;1
83494568;"15/08/16";"Segunda";"07:30:00";"PR";277;"584";"CASCAVEL";"Outras";"Colisão Transversal";"Ignorado";"Pleno dia";"Decrescente";"Ceu Claro";"Simples";"Reta";"Urbano";2;0;0;0;0;2;0;2
83494569;"30/08/16";"Terça";"12:20:00";"MG";381;"581,8";"CARMOPOLIS DE MINAS";"Outras";"Atropelamento de pessoa";"Com Vítimas Fatais";"Pleno dia";"Decrescente";"Ceu Claro";"Dupla";"Reta";"Rural";2;1;0;0;0;1;0;1
83494570;"30/08/16";"Terça";"17:40:00";"MG";459;"98,5";"POUSO ALEGRE";"Velocidade incompatível";"Colisão traseira";"Com Vítimas Feridas";"Anoitecer";"Decrescente";"Ignorada";"Dupla";"Cruzamento";"Urbano";3;0;2;0;1;0;2;2
83494571;"30/08/16";"Terça";"13:10:00";"BA";324;"570";"CANDEIAS";"Não guardar distância de segurança";"Colisão traseira";"Sem Vítimas";"Pleno dia";"Crescente";"Ceu Claro";"Dupla";"Reta";"Rural";2;0;0;0;2;0;0;2
83494572;"15/07/16";"Sexta";"07:35:00";"PA";316;"132";"BONITO";"Não guardar distância de segurança";"Colisão lateral";"Com Vítimas Feridas";"Pleno dia";"Crescente";"Nublado";"Simples";"Reta";"Rural";2;0;0;1;1;0;1;2
83494573;"30/08/16";"Terça";"18:40:00";"SP";116;"203";"ARUJA";"Defeito mecânico em veículo";"Queda de motocicleta / bicicleta / veículo";"Com Vítimas Feridas";"Plena noite";"Decrescente";"Nublado";"Dupla";"Reta";"Urbano";1;0;1;0;0;0;1;1
83494574;"30/08/16";"Terça";"21:00:00";"PR";277;"1";"PARANAGUA";"Ingestão de álcool";"Colisão frontal";"Sem Vítimas";"Plena noite";"Crescente";"Chuva";"Simples";"Reta";"Urbano";2;0;0;0;2;0;0;2
83494575;"22/08/16";"Segunda";"08:40:00";"RJ";116;"193";"QUEIMADOS";"Velocidade incompatível";"Colisão lateral";"Sem Vítimas";"Pleno dia";"Crescente";"Chuva";"Dupla";"Reta";"Urbano";2;0;0;0;2;0;0;2
83494576;"30/08/16";"Terça";"20:00:00";"MG";50;"14";"ARAGUARI";"Velocidade incompatível";"Tombamento";"Sem Vítimas";"Plena noite";"Decrescente";"Ceu Claro";"Dupla";"Reta";"Rural";1;0;0;0;1;0;0;1
83494577;"30/08/16";"Terça";"15:50:00";"MA";135;"90,3";"ITAPECURU MIRIM";"Defeito mecânico em veículo";"Colisão traseira";"Com Vítimas Feridas";"Pleno dia";"Crescente";"Ceu Claro";"Simples";"Reta";"Rural";4;0;2;1;1;0;3;2
83494578;"30/08/16";"Terça";"20:30:00";"MG";116;"272,9";"TEOFILO OTONI";"Animais na Pista";"Atropelamento de animal";"Sem Vítimas";"Plena noite";"Crescente";"Ignorada";"Simples";"Reta";"Rural";1;0;0;0;1;0;0;1
83494579;"30/08/16";"Terça";"20:15:00";"SC";470;"126,1";"IBIRAMA";"Outras";"Colisão traseira";"Com Vítimas Feridas";"Plena noite";"Decrescente";"Chuva";"Simples";"Reta";"Rural";2;0;1;0;1;0;1;2
83494580;"30/08/16";"Terça";"22:24:00";"SC";101;"211,6";"PALHOCA";"Outras";"Colisão traseira";"Com Vítimas Feridas";"Plena noite";"Crescente";"Chuva";"Múltipla";"Reta";"Urbano";4;0;3;0;0;1;3;4
83494581;"30/08/16";"Terça";"18:40:00";"MA";222;"331";"IGARAPE DO MEIO";"Outras";"Colisão frontal";"Com Vítimas Feridas";"Plena noite";"Decrescente";"Ceu Claro";"Simples";"Reta";"Rural";2;0;0;1;0;1;1;2
83494582;"30/08/16";"Terça";"14:00:00";"ES";101;"98,2";"JAGUARE";"Falta de atenção";"Colisão lateral";"Com Vítimas Feridas";"Pleno dia";"Decrescente";"Ceu Claro";"Simples";"Reta";"Rural";2;0;1;0;1;0;1;2
83494583;"30/08/16";"Terça";"16:15:00";"PR";116;"26";"CAMPINA GRANDE DO SUL";"Velocidade incompatível";"Capotamento";"Com Vítimas Feridas";"Pleno dia";"Decrescente";"Chuva";"Dupla";"Curva";"Rural";2;0;1;0;1;0;1;1
83494584;"30/08/16";"Terça";"18:00:00";"PR";116;"17,5";"CURITIBA";"Outras";"Colisão traseira";"Sem Vítimas";"Anoitecer";"Decrescente";"Ignorada";"Dupla";"Reta";"Urbano";7;0;0;0;6;1;0;7
83494585;"30/08/16";"Terça";"18:40:00";"PR";116;"59";"CAMPINA GRANDE DO SUL";"Outras";"Saída de Pista";"Sem Vítimas";"Plena noite";"Crescente";"Chuva";"Dupla";"Reta";"Rural";1;0;0;0;1;0;0;1
83494586;"30/08/16";"Terça";"20:30:00";"RS";386;"294,7";"POUSO NOVO";"Velocidade incompatível";"Saída de Pista";"Sem Vítimas";"Plena noite";"Crescente";"Nublado";"Simples";"Curva";"Rural";1;0;0;0;1;0;0;1
83494587;"30/08/16";"Terça";"21:45:00";"RS";158;"331,2";"SANTA MARIA";"Desobediência à sinalização";"Colisão Transversal";"Sem Vítimas";"Plena noite";"Crescente";"Chuva";"Dupla";"Reta";"Urbano";2;0;0;0;1;1;0;2
83494588;"30/08/16";"Terça";"21:45:00";"ES";101;"147";"LINHARES";"Falta de atenção";"Colisão Transversal";"Com Vítimas Feridas";"Plena noite";"Decrescente";"Ceu Claro";"Simples";"Cruzamento";"Urbano";3;0;2;0;1;0;2;2
83494589;"30/08/16";"Terça";"13:50:00";"PB";230;"19";"JOAO PESSOA";"Velocidade incompatível";"Colisão com objeto fixo";"Sem Vítimas";"Pleno dia";"Decrescente";"Ceu Claro";"Dupla";"Reta";"Urbano";1;0;0;0;1;0;0;1
83494590;"30/08/16";"Terça";"21:15:00";"MG";381;"494";"BETIM";"Outras";"Saída de Pista";"Com Vítimas Feridas";"Plena noite";"Crescente";"Ceu Claro";"Múltipla";"Reta";"Urbano";2;0;2;0;0;0;2;1
83494592;"14/08/16";"Domingo";"22:00:00";"RJ";101;"142";"MACAE";"Dormindo";"Colisão com objeto fixo";"Sem Vítimas";"Plena noite";"Crescente";"Nublado";"Simples";"Reta";"Rural";1;0;0;0;1;0;0;1
83494593;"30/08/16";"Terça";"18:30:00";"RO";364;"194,8";"PIMENTA BUENO";"Animais na Pista";"Atropelamento de animal";"Com Vítimas Feridas";"Plena noite";"Decrescente";"Ceu Claro";"Simples";"Reta";"Rural";1;0;0;1;0;0;1;1
83494594;"30/08/16";"Terça";"19:28:00";"RJ";101;"328";"NITEROI";"Defeito mecânico em veículo";"Colisão traseira";"Com Vítimas Feridas";"Plena noite";"Decrescente";"Ceu Claro";"Dupla";"Reta";"Urbano";2;0;1;1;0;0;2;2
83494595;"30/08/16";"Terça";"21:20:00";"RO";364;"346";"JI-PARANA";"Desobediência à sinalização";"Colisão Transversal";"Com Vítimas Feridas";"Plena noite";"Crescente";"Ceu Claro";"Dupla";"Reta";"Urbano";4;0;2;0;2;0;2;2
83494596;"30/08/16";"Terça";"18:50:00";"PR";476;"357,7";"UNIAO DA VITORIA";"Falta de atenção";"Colisão traseira";"Com Vítimas Feridas";"Plena noite";"Decrescente";"Nublado";"Simples";"Reta";"Urbano";4;0;2;0;2;0;2;2
83494597;"30/08/16";"Terça";"22:00:00";"GO";60;"39,5";"ALEXANIA";"Velocidade incompatível";"Saída de Pista";"Com Vítimas Feridas";"Pleno dia";"Crescente";"Ceu Claro";"Dupla";"Cruzamento";"Rural";4;0;1;3;0;0;4;1
83494598;"30/08/16";"Terça";"18:20:00";"SP";116;"281";"EMBU";"Defeito mecânico em veículo";"Queda de motocicleta / bicicleta / veículo";"Sem Vítimas";"Anoitecer";"Crescente";"Ceu Claro";"Dupla";"Reta";"Urbano";2;0;0;0;2;0;0;2
83494599;"30/08/16";"Terça";"19:35:00";"RO";364;"323";"JI-PARANA";"Falta de atenção";"Colisão frontal";"Com Vítimas Fatais";"Plena noite";"Decrescente";"Ceu Claro";"Simples";"Reta";"Rural";2;1;0;0;1;0;0;2
83494600;"31/08/16";"Quarta";"01:12:00";"RJ";101;"332";"RIO DE JANEIRO";"Outras";"Colisão com objeto fixo";"Com Vítimas Feridas";"Plena noite";"Decrescente";"Nublado";"Dupla";"Curva";"Urbano";1;0;0;1;0;0;1;1
83494601;"30/08/16";"Terça";"22:30:00";"SC";282;"453";"PONTE SERRADA";"Ingestão de álcool";"Colisão frontal";"Sem Vítimas";"Plena noite";"Decrescente";"Chuva";"Simples";"Curva";"Rural";2;0;0;0;2;0;0;2
83494602;"30/08/16";"Terça";"19:20:00";"GO";60;"64,6";"ABADIANIA";"Outras";"Capotamento";"Com Vítimas Feridas";"Plena noite";"Crescente";"Ceu Claro";"Dupla";"Reta";"Rural";1;0;0;1;0;0;1;1
83494603;"31/08/16";"Quarta";"00:45:00";"RS";293;"11,3";"CAPAO DO LEAO";"Outras";"Saída de Pista";"Sem Vítimas";"Plena noite";"Decrescente";"Chuva";"Simples";"Cruzamento";"Rural";1;0;0;0;1;0;0;1
83494604;"30/08/16";"Terça";"18:40:00";"MG";262;"360";"BETIM";"Outras";"Colisão traseira";"Com Vítimas Feridas";"Plena noite";"Crescente";"Nublado";"Dupla";"Reta";"Urbano";2;0;1;0;1;0;1;2
83494605;"30/08/16";"Terça";"23:30:00";"PR";373;"237,8";"GUAMIRANGA";"Velocidade incompatível";"Derramamento de Carga";"Sem Vítimas";"Plena noite";"Crescente";"Chuva";"Simples";"Curva";"Rural";1;0;0;0;1;0;0;1
83494606;"30/08/16";"Terça";"11:20:00";"RS";471;"197,4";"PANTANO GRANDE";"Ingestão de álcool";"Colisão Transversal";"Sem Vítimas";"Pleno dia";"Crescente";"Nublado";"Simples";"Cruzamento";"Urbano";2;0;0;0;2;0;0;2
83494607;"30/08/16";"Terça";"13:30:00";"GO";60;"405";"RIO VERDE";"Velocidade incompatível";"Saída de Pista";"Sem Vítimas";"Pleno dia";"Decrescente";"Ceu Claro";"Dupla";"Reta";"Rural";1;0;0;0;1;0;0;1
83494609;"28/08/16";"Domingo";"19:30:00";"TO";153;"142";"ARAGUAINA";"Outras";"Colisão com objeto fixo";"Com Vítimas Feridas";"Plena noite";"Decrescente";"Ignorada";"Dupla";"Reta";"Rural";2;0;2;0;0;0;2;1
83494610;"30/08/16";"Terça";"14:10:00";"MG";381;"443,4";"SABARA";"Desobediência à sinalização";"Colisão frontal";"Com Vítimas Feridas";"Pleno dia";"Crescente";"Sol";"Simples";"Curva";"Rural";4;0;3;1;0;0;4;3
83494611;"30/08/16";"Terça";"08:35:00";"CE";116;"5,4";"FORTALEZA";"Não guardar distância de segurança";"Colisão traseira";"Sem Vítimas";"Pleno dia";"Decrescente";"Ceu Claro";"Simples";"Reta";"Urbano";2;0;0;0;2;0;0;2
83494612;"31/08/16";"Quarta";"03:15:00";"RJ";40;"115";"DUQUE DE CAXIAS";"Outras";"Colisão com objeto fixo";"Com Vítimas Feridas";"Plena noite";"Decrescente";"Ceu Claro";"Dupla";"Reta";"Urbano";2;0;1;0;1;0;1;1
83494613;"26/08/16";"Sexta";"12:25:00";"PR";277;"729";"FOZ DO IGUACU";"Outras";"Atropelamento de pessoa";"Com Vítimas Feridas";"Pleno dia";"Crescente";"Ceu Claro";"Dupla";"Reta";"Urbano";2;0;1;0;1;0;1;1
83494614;"30/08/16";"Terça";"21:00:00";"PA";316;"66";"CASTANHAL";"Outras";"Colisão traseira";"Com Vítimas Feridas";"Plena noite";"Crescente";"Ceu Claro";"Dupla";"Reta";"Urbano";2;0;0;1;0;1;1;2
83494615;"30/08/16";"Terça";"12:40:00";"PB";230;"28,4";"JOAO PESSOA";"Não guardar distância de segurança";"Colisão traseira";"Com Vítimas Fatais";"Pleno dia";"Decrescente";"Sol";"Dupla";"Curva";"Urbano";4;1;1;0;0;2;1;3
83494616;"28/08/16";"Domingo";"08:30:00";"MG";381;"488";"BETIM";"Outras";"Colisão com objeto fixo";"Com Vítimas Feridas";"Pleno dia";"Crescente";"Ceu Claro";"Dupla";"Reta";"Urbano";1;0;1;0;0;0;1;1
83494617;"28/08/16";"Domingo";"19:30:00";"TO";153;"132";"ARAGUAINA";"Ultrapassagem indevida";"Colisão frontal";"Com Vítimas Fatais";"Plena noite";"Decrescente";"Ceu Claro";"Simples";"Reta";"Urbano";2;1;0;0;1;0;0;2
83494618;"28/08/16";"Domingo";"18:30:00";"MG";381;"490";"BETIM";"Não guardar distância de segurança";"Colisão traseira";"Com Vítimas Feridas";"Plena noite";"Crescente";"Ceu Claro";"Dupla";"Reta";"Urbano";3;0;1;0;1;1;1;2
83494619;"30/08/16";"Terça";"20:00:00";"MG";251;"336,6";"FRUTA DE LEITE";"Ultrapassagem indevida";"Saída de Pista";"Com Vítimas Feridas";"Plena noite";"Crescente";"Ceu Claro";"Simples";"Reta";"Rural";3;0;2;1;0;0;3;1
83494620;"30/08/16";"Terça";"20:20:00";"MG";381;"488,4";"BETIM";"Dormindo";"Colisão com objeto fixo";"Com Vítimas Feridas";"Plena noite";"Crescente";"Ceu Claro";"Dupla";"Reta";"Urbano";2;0;1;0;1;0;1;2
83494621;"31/08/16";"Quarta";"02:00:00";"PR";376;"588,7";"CURITIBA";"Falta de atenção";"Saída de Pista";"Sem Vítimas";"Plena noite";"Crescente";"Chuva";"Dupla";"Reta";"Urbano";2;0;0;0;2;0;0;1
83494622;"30/08/16";"Terça";"19:15:00";"TO";153;"139";"ARAGUAINA";"Velocidade incompatível";"Colisão traseira";"Com Vítimas Feridas";"Plena noite";"Crescente";"Ceu Claro";"Múltipla";"Reta";"Urbano";2;0;1;0;1;0;1;2
83494623;"30/08/16";"Terça";"18:40:00";"SC";282;"532,3";"CHAPECO";"Falta de atenção";"Colisão Transversal";"Com Vítimas Feridas";"Plena noite";"Decrescente";"Ceu Claro";"Simples";"Reta";"Urbano";2;0;1;0;1;0;1;2
83494624;"30/08/16";"Terça";"07:00:00";"ES";262;"0,5";"CARIACICA";"Outras";"Queda de motocicleta / bicicleta / veículo";"Com Vítimas Feridas";"Pleno dia";"Crescente";"Ceu Claro";"Dupla";"Reta";"Urbano";1;0;0;1;0;0;1;1
83494625;"31/08/16";"Quarta";"02:20:00";"SC";280;"56";"GUARAMIRIM";"Falta de atenção";"Tombamento";"Com Vítimas Feridas";"Plena noite";"Crescente";"Chuva";"Simples";"Cruzamento";"Urbano";2;0;2;0;0;0;2;1
83494626;"27/08/16";"Sábado";"06:40:00";"CE";20;"416,5";"MARACANAU";"Ultrapassagem indevida";"Colisão traseira";"Sem Vítimas";"Pleno dia";"Decrescente";"Ceu Claro";"Simples";"Reta";"Urbano";3;0;0;0;3;0;0;3
83494627;"31/08/16";"Quarta";"05:30:00";"SC";116;"107,5";"MONTE CASTELO";"Velocidade incompatível";"Saída de Pista";"Sem Vítimas";"Amanhecer";"Decrescente";"Nublado";"Simples";"Curva";"Urbano";1;0;0;0;1;0;0;1
83494628;"30/08/16";"Terça";"09:30:00";"PR";280;"304";"FLOR DA SERRA DO SUL";"Outras";"Atropelamento de animal";"Sem Vítimas";"Pleno dia";"Crescente";"Nevoeiro/neblina";"Simples";"Reta";"Rural";8;0;0;0;7;1;0;6
83494629;"31/08/16";"Quarta";"01:00:00";"SP";116;"331,5";"JUQUITIBA";"Velocidade incompatível";"Capotamento";"Sem Vítimas";"Plena noite";"Decrescente";"Chuva";"Dupla";"Curva";"Rural";1;0;0;0;1;0;0;1
83494630;"27/08/16";"Sábado";"21:00:00";"SC";101;"180";"BIGUACU";"Ingestão de álcool";"Colisão Transversal";"Sem Vítimas";"Plena noite";"Crescente";"Ceu Claro";"Simples";"Reta";"Urbano";2;0;0;0;2;0;0;2
83494631;"22/08/16";"Segunda";"18:40:00";"BA";330;"815";"UBATA";"Velocidade incompatível";"Saída de Pista";"Sem Vítimas";"Plena noite";"Decrescente";"Chuva";"Simples";"Curva";"Rural";1;0;0;0;1;0;0;1
83494632;"31/08/16";"Quarta";"04:50:00";"PE";232;"65";"GRAVATA";"Outras";"Colisão com objeto fixo";"Sem Vítimas";"Amanhecer";"Decrescente";"Chuva";"Simples";"Curva";"Rural";1;0;0;0;1;0;0;1
83494633;"27/08/16";"Sábado";"11:30:00";"DF";70;"0";"BRASILIA";"Falta de atenção";"Colisão Transversal";"Com Vítimas Feridas";"Pleno dia";"Crescente";"Ceu Claro";"Dupla";"Reta";"Urbano";4;0;3;0;1;0;3;2
83494634;"30/08/16";"Terça";"23:00:00";"MG";40;"701,5";"BARBACENA";"Outras";"Tombamento";"Sem Vítimas";"Plena noite";"Crescente";"Ceu Claro";"Dupla";"Reta";"Rural";1;0;0;0;1;0;0;1
83494635;"30/08/16";"Terça";"22:30:00";"DF";70;"9,8";"BRASILIA";"Ingestão de álcool";"Colisão traseira";"Com Vítimas Feridas";"Plena noite";"Crescente";"Ceu Claro";"Dupla";"Reta";"Urbano";3;0;1;0;2;0;1;3
83494636;"23/08/16";"Terça";"13:00:00";"PE";101;"79";"JABOATAO DOS GUARARAPES";"Outras";"Colisão Transversal";"Ignorado";"Pleno dia";"Crescente";"Ceu Claro";"Dupla";"Reta";"Urbano";2;0;0;0;0;2;0;2
83494637;"31/08/16";"Quarta";"05:00:00";"GO";60;"207,9";"GUAPO";"Dormindo";"Colisão traseira";"Com Vítimas Feridas";"Amanhecer";"Decrescente";"Ceu Claro";"Dupla";"Reta";"Rural";2;0;1;0;1;0;1;2
83494639;"31/08/16";"Quarta";"06:50:00";"PB";230;"136";"CAMPINA GRANDE";"Outras";"Saída de Pista";"Com Vítimas Feridas";"Pleno dia";"Crescente";"Chuva";"Dupla";"Curva";"Rural";2;0;1;0;1;0;1;1
83494640;"27/08/16";"Sábado";"15:00:00";"PI";135;"584";"CORRENTE";"Defeito mecânico em veículo";"Saída de Pista";"Com Vítimas Feridas";"Pleno dia";"Crescente";"Ceu Claro";"Simples";"Reta";"Rural";1;0;1;0;0;0;1;1
83494641;"27/08/16";"Sábado";"10:47:00";"PR";369;"173,5";"ROLANDIA";"Outras";"Colisão lateral";"Com Vítimas Feridas";"Pleno dia";"Crescente";"Ceu Claro";"Simples";"Reta";"Urbano";3;0;1;1;1;0;2;2
83494642;"31/08/16";"Quarta";"02:45:00";"BA";242;"239,5";"BOA VISTA DO TUPIM";"Velocidade incompatível";"Colisão lateral";"Com Vítimas Feridas";"Plena noite";"Crescente";"Nublado";"Simples";"Curva";"Rural";2;0;1;0;1;0;1;2
83494643;"29/08/16";"Segunda";"07:50:00";"SP";116;"137";"SAO JOSE DOS CAMPOS";"Falta de atenção";"Colisão traseira";"Sem Vítimas";"Pleno dia";"Crescente";"Sol";"Dupla";"Reta";"Urbano";3;0;0;0;3;0;0;3
83494644;"27/08/16";"Sábado";"21:00:00";"MG";146;"509";"POCOS DE CALDAS";"Falta de atenção";"Colisão lateral";"Com Vítimas Feridas";"Plena noite";"Crescente";"Ceu Claro";"Simples";"Reta";"Rural";3;0;2;0;0;1;2;2
83494645;"24/07/16";"Domingo";"15:00:00";"SP";116;"135";"SAO JOSE DOS CAMPOS";"Outras";"Tombamento";"Sem Vítimas";"Pleno dia";"Crescente";"Ceu Claro";"Dupla";"Reta";"Rural";1;0;0;0;1;0;0;1
83494647;"28/08/16";"Domingo";"00:10:00";"SP";381;"11";"VARGEM";"Falta de atenção";"Capotamento";"Com Vítimas Feridas";"Plena noite";"Decrescente";"Ceu Claro";"Dupla";"Reta";"Rural";2;0;2;0;0;0;2;1
83494648;"21/08/16";"Domingo";"16:35:00";"BA";324;"549";"AMELIA RODRIGUES";"Outras";"Atropelamento de pessoa";"Com Vítimas Feridas";"Pleno dia";"Crescente";"Ceu Claro";"Dupla";"Reta";"Rural";2;0;1;0;0;1;1;1
83494649;"27/08/16";"Sábado";"21:40:00";"PR";467;"112";"CASCAVEL";"Ingestão de álcool";"Colisão frontal";"Com Vítimas Feridas";"Plena noite";"Crescente";"Ceu Claro";"Simples";"Cruzamento";"Urbano";2;0;1;0;1;0;1;2
83494650;"16/08/16";"Terça";"10:15:00";"AL";104;"91,8";"RIO LARGO";"Outras";"Colisão com objeto fixo";"Sem Vítimas";"Pleno dia";"Crescente";"Ceu Claro";"Dupla";"Reta";"Urbano";2;0;0;0;1;1;0;2
83494651;"28/08/16";"Domingo";"06:30:00";"RS";392;"108";"CANGUCU";"Não guardar distância de segurança";"Colisão traseira";"Sem Vítimas";"Amanhecer";"Crescente";"Chuva";"Simples";"Reta";"Rural";4;0;0;0;3;1;0;2
83494652;"28/08/16";"Domingo";"03:30:00";"RS";290;"287,3";"CACHOEIRA DO SUL";"Outras";"Saída de Pista";"Com Vítimas Feridas";"Plena noite";"Decrescente";"Chuva";"Simples";"Curva";"Rural";2;0;2;0;0;0;2;1
83494653;"27/08/16";"Sábado";"15:50:00";"MG";116;"702,8";"MURIAE";"Desobediência à sinalização";"Colisão traseira";"Com Vítimas Feridas";"Pleno dia";"Decrescente";"Sol";"Simples";"Cruzamento";"Urbano";2;0;1;0;1;0;1;2
83494654;"23/08/16";"Terça";"11:00:00";"PR";376;"676";"GUARATUBA";"Velocidade incompatível";"Saída de Pista";"Sem Vítimas";"Pleno dia";"Crescente";"Ceu Claro";"Dupla";"Curva";"Rural";4;0;0;0;4;0;0;3
83494655;"30/08/16";"Terça";"20:20:00";"MG";381;"271,1";"CORONEL FABRICIANO";"Ingestão de álcool";"Colisão frontal";"Com Vítimas Feridas";"Plena noite";"Crescente";"Ceu Claro";"Simples";"Curva";"Rural";3;0;2;1;0;0;3;2
83494656;"28/08/16";"Domingo";"01:00:00";"MG";116;"415,5";"GOVERNADOR VALADARES";"Ingestão de álcool";"Saída de Pista";"Com Vítimas Feridas";"Plena noite";"Crescente";"Ceu Claro";"Simples";"Reta";"Urbano";1;0;1;0;0;0;1;1
83494657;"28/08/16";"Domingo";"05:00:00";"SP";153;"183,2";"LINS";"Outras";"Tombamento";"Sem Vítimas";"Plena noite";"Decrescente";"Ceu Claro";"Simples";"Reta";"Rural";1;0;0;0;1;0;0;1
83494658;"26/08/16";"Sexta";"07:05:00";"PI";343;"15,2";"PARNAIBA";"Falta de atenção";"Colisão Transversal";"Com Vítimas Feridas";"Pleno dia";"Decrescente";"Sol";"Simples";"Curva";"Urbano";2;0;1;0;1;0;1;2