"id";"data_inversa";"dia_semana";"horario";"uf";"br";"km";"municipio";"causa_acidente";"tipo_acidente";"classificacao_acidente";"fase_dia";"sentido_via";"condicao_metereologica";"tipo_pista";"tracado_via";"uso_solo";"pessoas";"mortos";"feridos_leves";"feridos_graves";"ilesos";"ignorados";"feridos";"veiculos"
83494772;"31/08/16";"Quarta";"06:10:00";"PE";316;"229";"BELEM DE SAO FRANCISCO";"Outras";"Tombamento";"Com Vítimas Feridas";"Pleno dia";"Decrescente";"Ceu Claro";"Simples";"Reta";"Rural";1;0;1;0;0;0;1;1
83494773;"31/08/16";"Quarta";"11:15:00";"PR";116;"43,5";"CAMPINA GRANDE DO SUL";"Outras";"Colisão com objeto fixo";"Sem Vítimas";"Pleno dia";"Crescente";"Ceu Claro";"Dupla";"Curva";"Rural";2;0;0;0;2;0;0;1
83494774;"31/08/16";"Quarta";"16:15:00";"PR";369;"57,7";"BANDEIRANTES";"Não guardar distância de segurança";"Colisão Transversal";"Com Vítimas Feridas";"Pleno dia";"Decrescente";"Ceu Claro";"Simples";"Reta";"Urbano";2;0;1;0;1;0;1;2
83494775;"31/08/16";"Quarta";"16:00:00";"SC";101;"62,7";"ARAQUARI";"Não guardar distância de segurança";"Colisão lateral";"Com Vítimas Feridas";"Pleno dia";"Crescente";"Ceu Claro";"Dupla";"Reta";"Rural";2;0;1;0;1;0;1;2
83494776;"27/08/16";"Sábado";"20:15:00";"MG";381;"501";"BETIM";"Não guardar distância de segurança";"Colisão traseira";"Com Vítimas Feridas";"Plena noite";"Decrescente";"Ceu Claro";"Dupla";"Reta";"Urbano";2;0;1;0;1;0;1;2
83494777;"27/08/16";"Sábado";"08:00:00";"PR";277;"295,8";"PRUDENTOPOLIS";"Defeito na via";"Tombamento";"Sem Vítimas";"Pleno dia";"Decrescente";"Sol";"Simples";"Curva";"Rural";2;0;0;0;2;0;0;2
83494779;"22/08/16";"Segunda";"10:00:00";"MA";135;"25,3";"BACABEIRA";"Não guardar distância de segurança";"Colisão traseira";"Com Vítimas Feridas";"Pleno dia";"Crescente";"Ceu Claro";"Simples";"Curva";"Rural";3;0;1;0;2;0;1;3
83494780;"14/07/16";"Quinta";"19:50:00";"RS";116;"37,8";"VACARIA";"Falta de atenção";"Colisão lateral";"Com Vítimas Feridas";"Plena noite";"Crescente";"Chuva";"Simples";"Cruzamento";"Urbano";4;0;2;0;2;0;2;2
83494783;"27/08/16";"Sábado";"14:30:00";"MG";381;"564";"ITAGUARA";"Outras";"Colisão traseira";"Sem Vítimas";"Pleno dia";"Crescente";"Sol";"Dupla";"Reta";"Urbano";4;0;0;0;4;0;0;3
83494784;"10/07/16";"Domingo";"05:30:00";"BA";101;"817,1";"ITAMARAJU";"Falta de atenção";"Tombamento";"Com Vítimas Feridas";"Amanhecer";"Crescente";"Ceu Claro";"Simples";"Curva";"Rural";1;0;1;0;0;0;1;1
83494785;"31/08/16";"Quarta";"16:30:00";"RS";386;"348,3";"ESTRELA";"Desobediência à sinalização";"Colisão Transversal";"Sem Vítimas";"Pleno dia";"Decrescente";"Ceu Claro";"Dupla";"Reta";"Urbano";2;0;0;0;2;0;0;2
83494787;"31/08/16";"Quarta";"14:00:00";"MG";262;"833,2";"UBERABA";"Velocidade incompatível";"Saída de Pista";"Com Vítimas Feridas";"Pleno dia";"Crescente";"Ceu Claro";"Simples";"Reta";"Rural";1;0;1;0;0;0;1;1
83494788;"27/08/16";"Sábado";"17:10:00";"SC";116;"147,6";"SANTA CECILIA";"Defeito mecânico em veículo";"Saída de Pista";"Sem Vítimas";"Pleno dia";"Crescente";"Nublado";"Simples";"Reta";"Rural";1;0;0;0;1;0;0;1
83494789;"31/08/16";"Quarta";"13:30:00";"PE";101;"51";"ABREU E LIMA";"Outras";"Colisão Transversal";"Sem Vítimas";"Pleno dia";"Decrescente";"Ceu Claro";"Múltipla";"Reta";"Urbano";2;0;0;0;2;0;0;2
83494790;"28/08/16";"Domingo";"05:30:00";"SC";101;"321";"PESCARIA BRAVA";"Velocidade incompatível";"Colisão com objeto fixo";"Com Vítimas Feridas";"Amanhecer";"Decrescente";"Ceu Claro";"Dupla";"Reta";"Rural";1;0;0;1;0;0;1;1
83494791;"31/08/16";"Quarta";"15:05:00";"BA";116;"16";"VITORIA DA CONQUISTA";"Desobediência à sinalização";"Colisão Transversal";"Com Vítimas Feridas";"Pleno dia";"Decrescente";"Ceu Claro";"Simples";"Reta";"Urbano";2;0;1;0;1;0;1;2
83494792;"31/08/16";"Quarta";"15:30:00";"MG";381;"927,7";"ITAPEVA";"Velocidade incompatível";"Saída de Pista";"Sem Vítimas";"Pleno dia";"Decrescente";"Chuva";"Dupla";"Curva";"Urbano";2;0;0;0;2;0;0;2
83494793;"28/08/16";"Domingo";"05:00:00";"RJ";40;"3";"COMENDADOR LEVY GASPARIAN";"Ingestão de álcool";"Capotamento";"Sem Vítimas";"Plena noite";"Crescente";"Ignorada";"Dupla";"Reta";"Rural";2;0;0;0;2;0;0;1
83494794;"31/08/16";"Quarta";"15:40:00";"BA";116;"652,4";"JEQUIE";"Não guardar distância de segurança";"Colisão traseira";"Sem Vítimas";"Pleno dia";"Decrescente";"Sol";"Simples";"Reta";"Rural";2;0;0;0;2;0;0;2
83494795;"31/08/16";"Quarta";"15:42:00";"PR";467;"86,6";"CASCAVEL";"Outras";"Incêndio";"Sem Vítimas";"Pleno dia";"Crescente";"Nublado";"Dupla";"Reta";"Urbano";3;0;0;0;3;0;0;1
83494796;"29/08/16";"Segunda";"09:30:00";"SP";116;"134,5";"SAO JOSE DOS CAMPOS";"Falta de atenção";"Colisão traseira";"Com Vítimas Feridas";"Pleno dia";"Crescente";"Sol";"Dupla";"Reta";"Urbano";3;0;2;0;1;0;2;3
83494798;"27/08/16";"Sábado";"16:50:00";"MG";50;"174,2";"UBERABA";"Falta de atenção";"Colisão com objeto fixo";"Com Vítimas Feridas";"Pleno dia";"Decrescente";"Ceu Claro";"Simples";"Cruzamento";"Urbano";3;0;1;0;2;0;1;1
83494799;"31/08/16";"Quarta";"08:00:00";"MG";356;"266,4";"MURIAE";"Falta de atenção";"Colisão Transversal";"Com Vítimas Feridas";"Pleno dia";"Crescente";"Sol";"Simples";"Reta";"Urbano";2;0;1;0;1;0;1;2
83494800;"31/08/16";"Quarta";"15:55:00";"PA";316;"20,9";"BENEVIDES";"Defeito mecânico em veículo";"Incêndio";"Sem Vítimas";"Pleno dia";"Crescente";"Ceu Claro";"Dupla";"Reta";"Rural";2;0;0;0;2;0;0;1
83494801;"31/08/16";"Quarta";"17:25:00";"ES";101;"142,8";"LINHARES";"Outras";"Queda de motocicleta / bicicleta / veículo";"Com Vítimas Feridas";"Anoitecer";"Crescente";"Nublado";"Dupla";"Reta";"Urbano";2;0;1;0;0;1;1;2
83494802;"31/08/16";"Quarta";"17:10:00";"BA";116;"797,8";"VITORIA DA CONQUISTA";"Outras";"Queda de motocicleta / bicicleta / veículo";"Com Vítimas Feridas";"Pleno dia";"Crescente";"Sol";"Simples";"Reta";"Rural";2;0;2;0;0;0;2;1
83494803;"31/08/16";"Quarta";"14:45:00";"MG";381;"908,5";"CAMBUI";"Velocidade incompatível";"Capotamento";"Com Vítimas Feridas";"Pleno dia";"Crescente";"Chuva";"Dupla";"Curva";"Rural";3;0;1;0;2;0;1;1
83494804;"31/08/16";"Quarta";"17:15:00";"SP";116;"98";"PINDAMONHANGABA";"Não guardar distância de segurança";"Colisão traseira";"Com Vítimas Feridas";"Pleno dia";"Decrescente";"Chuva";"Dupla";"Reta";"Urbano";6;0;4;0;2;0;4;3
83494805;"31/08/16";"Quarta";"18:00:00";"SP";116;"230";"SAO PAULO";"Falta de atenção";"Colisão traseira";"Com Vítimas Feridas";"Anoitecer";"Decrescente";"Ceu Claro";"Dupla";"Reta";"Urbano";2;0;0;1;0;1;1;2
83494806;"31/08/16";"Quarta";"13:30:00";"PR";376;"217";"JANDAIA DO SUL";"Falta de atenção";"Colisão Transversal";"Com Vítimas Feridas";"Pleno dia";"Decrescente";"Ceu Claro";"Simples";"Cruzamento";"Urbano";2;0;1;0;1;0;1;2
83494807;"31/08/16";"Quarta";"17:45:00";"SC";280;"127,1";"RIO NEGRINHO";"Desobediência à sinalização";"Colisão Transversal";"Com Vítimas Feridas";"Anoitecer";"Decrescente";"Ceu Claro";"Simples";"Reta";"Urbano";2;0;1;0;1;0;1;2
83494808;"21/08/16";"Domingo";"04:30:00";"PR";373;"268";"PRUDENTOPOLIS";"Outras";"Atropelamento de pessoa";"Com Vítimas Fatais";"Plena noite";"Crescente";"Nublado";"Simples";"Reta";"Urbano";3;1;1;0;0;1;1;2
83494809;"31/08/16";"Quarta";"15:00:00";"RJ";40;"112";"DUQUE DE CAXIAS";"Não guardar distância de segurança";"Colisão traseira";"Com Vítimas Feridas";"Pleno dia";"Decrescente";"Chuva";"Múltipla";"Reta";"Urbano";3;0;2;0;1;0;2;2
83494810;"31/08/16";"Quarta";"18:30:00";"ES";101;"299";"VIANA";"Defeito mecânico em veículo";"Tombamento";"Com Vítimas Feridas";"Anoitecer";"Decrescente";"Ceu Claro";"Múltipla";"Reta";"Urbano";1;0;0;1;0;0;1;1
83494811;"31/08/16";"Quarta";"17:10:00";"RJ";116;"132";"MAGE";"Outras";"Saída de Pista";"Com Vítimas Feridas";"Anoitecer";"Crescente";"Chuva";"Dupla";"Reta";"Urbano";2;0;1;0;1;0;1;1
83494812;"31/08/16";"Quarta";"15:15:00";"MS";163;"260";"DOURADOS";"Falta de atenção";"Queda de motocicleta / bicicleta / veículo";"Com Vítimas Feridas";"Pleno dia";"Decrescente";"Sol";"Dupla";"Reta";"Rural";1;0;1;0;0;0;1;1
83494813;"31/08/16";"Quarta";"18:15:00";"GO";60;"92";"ANAPOLIS";"Falta de atenção";"Colisão Transversal";"Com Vítimas Feridas";"Anoitecer";"Crescente";"Ceu Claro";"Dupla";"Reta";"Urbano";2;0;1;0;1;0;1;2
83494814;"31/08/16";"Quarta";"15:30:00";"RS";158;"118";"PALMEIRA DAS MISSOES";"Velocidade incompatível";"Saída de Pista";"Com Vítimas Feridas";"Pleno dia";"Crescente";"Chuva";"Simples";"Reta";"Rural";1;0;1;0;0;0;1;1
83494815;"31/08/16";"Quarta";"17:10:00";"SC";470;"69,2";"INDAIAL";"Ultrapassagem indevida";"Colisão lateral";"Com Vítimas Feridas";"Pleno dia";"Crescente";"Ceu Claro";"Simples";"Reta";"Urbano";2;0;1;1;0;0;2;2
83494816;"31/08/16";"Quarta";"08:15:00";"BA";324;"624";"SALVADOR";"Não guardar distância de segurança";"Colisão traseira";"Com Vítimas Feridas";"Pleno dia";"Crescente";"Sol";"Dupla";"Reta";"Urbano";3;0;1;0;2;0;1;3
83494818;"31/08/16";"Quarta";"09:00:00";"RJ";101;"440";"MANGARATIBA";"Outras";"Capotamento";"Sem Vítimas";"Pleno dia";"Crescente";"Ceu Claro";"Simples";"Curva";"Urbano";1;0;0;0;1;0;0;1
83494819;"31/08/16";"Quarta";"15:45:00";"PR";376;"172,8";"MARINGA";"Outras";"Tombamento";"Sem Vítimas";"Pleno dia";"Decrescente";"Ceu Claro";"Dupla";"Curva";"Urbano";2;0;0;0;2;0;0;2
83494820;"31/08/16";"Quarta";"17:00:00";"MG";381;"729,7";"CARMO DA CACHOEIRA";"Velocidade incompatível";"Capotamento";"Sem Vítimas";"Pleno dia";"Crescente";"Ignorada";"Dupla";"Curva";"Rural";1;0;0;0;1;0;0;1
83494821;"27/08/16";"Sábado";"18:35:00";"PI";343;"208";"PIRIPIRI";"Outras";"Colisão com objeto móvel";"Com Vítimas Feridas";"Plena noite";"Crescente";"Ceu Claro";"Simples";"Reta";"Rural";1;0;1;0;0;0;1;1
83494822;"31/08/16";"Quarta";"18:50:00";"GO";153;"504";"APARECIDA DE GOIANIA";"Não guardar distância de segurança";"Colisão traseira";"Com Vítimas Feridas";"Plena noite";"Decrescente";"Nublado";"Múltipla";"Reta";"Urbano";2;0;1;0;1;0;1;2
83494823;"31/08/16";"Quarta";"14:30:00";"PR";277;"73";"SAO JOSE DOS PINHAIS";"Falta de atenção";"Colisão traseira";"Sem Vítimas";"Pleno dia";"Crescente";"Ceu Claro";"Dupla";"Reta";"Urbano";2;0;0;0;2;0;0;2
83494824;"31/08/16";"Quarta";"18:50:00";"PA";316;"0";"BELEM";"Não guardar distância de segurança";"Colisão traseira";"Com Vítimas Feridas";"Anoitecer";"Decrescente";"Ceu Claro";"Dupla";"Reta";"Urbano";3;0;2;0;1;0;2;2
83494825;"25/08/16";"Quinta";"00:05:00";"MA";10;"341";"ACAILANDIA";"Velocidade incompatível";"Colisão traseira";"Sem Vítimas";"Plena noite";"Decrescente";"Ceu Claro";"Simples";"Reta";"Rural";2;0;0;0;2;0;0;2
83494826;"31/08/16";"Quarta";"18:45:00";"SC";101;"202,5";"SAO JOSE";"Falta de atenção";"Colisão traseira";"Com Vítimas Feridas";"Plena noite";"Crescente";"Ceu Claro";"Dupla";"Reta";"Urbano";2;0;0;1;1;0;1;2
83494827;"31/08/16";"Quarta";"18:50:00";"PE";428;"191";"PETROLINA";"Falta de atenção";"Colisão traseira";"Com Vítimas Feridas";"Plena noite";"Decrescente";"Ceu Claro";"Simples";"Reta";"Urbano";2;0;1;0;1;0;1;2
83494828;"31/08/16";"Quarta";"17:50:00";"MG";381;"697,4";"LAVRAS";"Outras";"Saída de Pista";"Com Vítimas Feridas";"Anoitecer";"Crescente";"Chuva";"Dupla";"Reta";"Rural";1;0;1;0;0;0;1;1
83494829;"31/08/16";"Quarta";"18:50:00";"SP";116;"211";"GUARULHOS";"Não guardar distância de segurança";"Colisão traseira";"Sem Vítimas";"Plena noite";"Decrescente";"Nublado";"Dupla";"Reta";"Urbano";2;0;0;0;1;1;0;2
83494830;"31/08/16";"Quarta";"17:45:00";"RO";319;"64,1";"PORTO VELHO";"Falta de atenção";"Colisão traseira";"Com Vítimas Feridas";"Anoitecer";"Crescente";"Chuva";"Dupla";"Reta";"Urbano";3;0;1;0;2;0;1;2
83494831;"31/08/16";"Quarta";"20:15:00";"RJ";101;"210";"CASIMIRO DE ABREU";"Outras";"Tombamento";"Com Vítimas Feridas";"Plena noite";"Crescente";"Chuva";"Simples";"Reta";"Rural";2;0;1;0;1;0;1;1
83494835;"31/08/16";"Quarta";"10:20:00";"RN";226;"385,4";"ANTONIO MARTINS";"Outras";"Colisão traseira";"Com Vítimas Fatais";"Pleno dia";"Decrescente";"Ceu Claro";"Dupla";"Reta";"Rural";3;1;1;0;1;0;1;2
83494836;"31/08/16";"Quarta";"09:40:00";"MG";116;"773";"LEOPOLDINA";"Falta de atenção";"Colisão Transversal";"Sem Vítimas";"Pleno dia";"Decrescente";"Sol";"Simples";"Cruzamento";"Rural";2;0;0;0;2;0;0;2
83494837;"31/08/16";"Quarta";"18:40:00";"PI";316;"313";"PICOS";"Falta de atenção";"Colisão Transversal";"Com Vítimas Feridas";"Plena noite";"Decrescente";"Ceu Claro";"Simples";"Reta";"Urbano";2;0;1;0;1;0;1;2
83494838;"31/08/16";"Quarta";"18:45:00";"MG";381;"908,3";"CAMBUI";"Velocidade incompatível";"Tombamento";"Com Vítimas Feridas";"Plena noite";"Decrescente";"Nublado";"Dupla";"Curva";"Rural";1;0;1;0;0;0;1;1
83494839;"31/08/16";"Quarta";"16:40:00";"MG";365;"26";"MONTES CLAROS";"Velocidade incompatível";"Tombamento";"Com Vítimas Feridas";"Pleno dia";"Crescente";"Chuva";"Simples";"Reta";"Rural";2;0;2;0;0;0;2;1
83494841;"31/08/16";"Quarta";"11:00:00";"MG";365;"828";"SANTA VITORIA";"Outras";"Incêndio";"Sem Vítimas";"Pleno dia";"Decrescente";"Sol";"Simples";"Reta";"Rural";1;0;0;0;1;0;0;1
83494842;"23/08/16";"Terça";"22:00:00";"RS";392;"9,9";"RIO GRANDE";"Desobediência à sinalização";"Colisão Transversal";"Com Vítimas Feridas";"Plena noite";"Decrescente";"Ceu Claro";"Dupla";"Reta";"Rural";2;0;1;0;1;0;1;2
83494843;"31/08/16";"Quarta";"16:45:00";"SP";116;"224";"GUARULHOS";"Outras";"Queda de motocicleta / bicicleta / veículo";"Sem Vítimas";"Pleno dia";"Decrescente";"Chuva";"Múltipla";"Reta";"Urbano";1;0;0;0;1;0;0;1
83494844;"31/08/16";"Quarta";"19:30:00";"MS";262;"381";"TERENOS";"Outras";"Colisão com bicicleta";"Com Vítimas Feridas";"Plena noite";"Crescente";"Ceu Claro";"Simples";"Reta";"Rural";2;0;2;0;0;0;2;2
83494845;"31/08/16";"Quarta";"17:30:00";"PR";376;"489,8";"PONTA GROSSA";"Falta de atenção";"Atropelamento de pessoa";"Com Vítimas Feridas";"Pleno dia";"Decrescente";"Sol";"Dupla";"Reta";"Urbano";4;0;0;1;3;0;1;3
83494846;"31/08/16";"Quarta";"21:30:00";"RJ";101;"573";"PARATI";"Animais na Pista";"Atropelamento de animal";"Sem Vítimas";"Plena noite";"Crescente";"Nublado";"Simples";"Reta";"Urbano";2;0;0;0;2;0;0;1
83494847;"31/08/16";"Quarta";"21:00:00";"MT";70;"22,4";"BARRA DO GARCAS";"Velocidade incompatível";"Saída de Pista";"Sem Vítimas";"Plena noite";"Crescente";"Ceu Claro";"Simples";"Reta";"Urbano";1;0;0;0;1;0;0;1
83494848;"31/08/16";"Quarta";"19:30:00";"MG";40;"615,1";"CONGONHAS";"Falta de atenção";"Saída de Pista";"Sem Vítimas";"Plena noite";"Crescente";"Nublado";"Simples";"Cruzamento";"Rural";1;0;0;0;1;0;0;1
83494849;"31/08/16";"Quarta";"20:55:00";"RN";101;"86";"NATAL";"Outras";"Colisão traseira";"Sem Vítimas";"Plena noite";"Decrescente";"Ceu Claro";"Dupla";"Reta";"Urbano";3;0;0;0;3;0;0;3
83494851;"31/08/16";"Quarta";"14:00:00";"MG";40;"563";"NOVA LIMA";"Velocidade incompatível";"Capotamento";"Sem Vítimas";"Pleno dia";"Crescente";"Chuva";"Dupla";"Curva";"Urbano";1;0;0;0;1;0;0;1
83494852;"31/08/16";"Quarta";"17:15:00";"SC";282;"436";"IRANI";"Falta de atenção";"Capotamento";"Sem Vítimas";"Pleno dia";"Decrescente";"Chuva";"Simples";"Reta";"Rural";1;0;0;0;1;0;0;1
83494853;"21/08/16";"Domingo";"20:00:00";"SC";101;"367";"SANGAO";"Velocidade incompatível";"Saída de Pista";"Sem Vítimas";"Plena noite";"Decrescente";"Nublado";"Dupla";"Reta";"Rural";1;0;0;0;1;0;0;1
83494854;"28/08/16";"Domingo";"07:30:00";"MG";251;"520";"MONTES CLAROS";"Defeito na via";"Queda de motocicleta / bicicleta / veículo";"Com Vítimas Feridas";"Pleno dia";"Decrescente";"Sol";"Simples";"Reta";"Rural";2;0;2;0;0;0;2;1
83494855;"31/08/16";"Quarta";"20:25:00";"RR";174;"502";"BOA VISTA";"Falta de atenção";"Atropelamento de pessoa";"Com Vítimas Feridas";"Plena noite";"Crescente";"Ceu Claro";"Dupla";"Reta";"Rural";4;0;1;0;3;0;1;1
83494856;"31/08/16";"Quarta";"17:40:00";"SC";101;"120";"ITAJAI";"Falta de atenção";"Queda de motocicleta / bicicleta / veículo";"Com Vítimas Feridas";"Amanhecer";"Crescente";"Ceu Claro";"Dupla";"Reta";"Urbano";1;0;1;0;0;0;1;1
83494857;"31/08/16";"Quarta";"19:25:00";"PR";476;"153";"ARAUCARIA";"Ingestão de álcool";"Colisão traseira";"Com Vítimas Feridas";"Plena noite";"Crescente";"Nublado";"Dupla";"Reta";"Urbano";3;0;1;0;2;0;1;2
83494858;"31/08/16";"Quarta";"21:00:00";"PB";230;"161,5";"CAMPINA GRANDE";"Falta de atenção";"Atropelamento de pessoa";"Com Vítimas Fatais";"Plena noite";"Decrescente";"Nublado";"Simples";"Curva";"Rural";2;1;0;0;0;1;0;1
83494859;"31/08/16";"Quarta";"19:40:00";"MG";381;"365";"SAO GONCALO DO RIO ABAIXO";"Velocidade incompatível";"Saída de Pista";"Sem Vítimas";"Plena noite";"Crescente";"Chuva";"Simples";"Curva";"Rural";1;0;0;0;1;0;0;1
83494860;"31/08/16";"Quarta";"19:30:00";"PR";369;"405,7";"MAMBORE";"Falta de atenção";"Colisão lateral";"Com Vítimas Feridas";"Plena noite";"Crescente";"Nublado";"Simples";"Reta";"Rural";2;0;0;1;1;0;1;2
83494861;"31/08/16";"Quarta";"17:00:00";"SC";282;"456,3";"PONTE SERRADA";"Ingestão de álcool";"Capotamento";"Com Vítimas Feridas";"Pleno dia";"Decrescente";"Chuva";"Simples";"Reta";"Urbano";2;0;1;0;1;0;1;1
83494862;"31/08/16";"Quarta";"17:30:00";"MG";365;"15";"MONTES CLAROS";"Velocidade incompatível";"Colisão Transversal";"Com Vítimas Feridas";"Anoitecer";"Crescente";"Chuva";"Simples";"Reta";"Rural";2;0;0;1;1;0;1;2
83494863;"31/08/16";"Quarta";"21:10:00";"MG";40;"506";"ESMERALDAS";"Falta de atenção";"Colisão Transversal";"Com Vítimas Feridas";"Plena noite";"Crescente";"Ceu Claro";"Dupla";"Curva";"Rural";3;0;0;3;0;0;3;2
83494864;"31/08/16";"Quarta";"19:41:00";"PR";153;"10,3";"JACAREZINHO";"Falta de atenção";"Colisão Transversal";"Com Vítimas Feridas";"Plena noite";"Decrescente";"Ceu Claro";"Simples";"Reta";"Rural";3;0;2;0;1;0;2;2
83494865;"31/08/16";"Quarta";"19:50:00";"RS";392;"17,5";"RIO GRANDE";"Ingestão de álcool";"Saída de Pista";"Sem Vítimas";"Plena noite";"Crescente";"Nublado";"Dupla";"Reta";"Urbano";1;0;0;0;1;0;0;1
83494867;"31/08/16";"Quarta";"18:00:00";"MG";40;"700,1";"BARBACENA";"Outras";"Saída de Pista";"Com Vítimas Feridas";"Anoitecer";"Crescente";"Ignorada";"Simples";"Curva";"Urbano";1;0;1;0;0;0;1;1
83494868;"31/08/16";"Quarta";"19:00:00";"MA";135;"46,4";"BACABEIRA";"Outras";"Saída de Pista";"Com Vítimas Feridas";"Plena noite";"Decrescente";"Ceu Claro";"Dupla";"Reta";"Rural";1;0;0;1;0;0;1;1
83494869;"31/08/16";"Quarta";"20:10:00";"SC";101;"155";"PORTO BELO";"Falta de atenção";"Colisão com objeto fixo";"Sem Vítimas";"Plena noite";"Decrescente";"Ceu Claro";"Múltipla";"Reta";"Rural";1;0;0;0;1;0;0;1
83494870;"31/08/16";"Quarta";"19:45:00";"MG";365;"611";"UBERLANDIA";"Ingestão de álcool";"Colisão lateral";"Com Vítimas Feridas";"Plena noite";"Crescente";"Nublado";"Simples";"Reta";"Rural";3;0;2;0;1;0;2;3
83494871;"31/08/16";"Quarta";"12:30:00";"MG";365;"668";"MONTE ALEGRE DE MINAS";"Falta de atenção";"Tombamento";"Com Vítimas Feridas";"Pleno dia";"Decrescente";"Sol";"Dupla";"Curva";"Rural";1;0;0;1;0;0;1;1
83494872;"31/08/16";"Quarta";"15:00:00";"MG";381;"519";"IGARAPE";"Velocidade incompatível";"Capotamento";"Sem Vítimas";"Pleno dia";"Decrescente";"Chuva";"Dupla";"Curva";"Rural";1;0;0;0;1;0;0;1
83494873;"31/08/16";"Quarta";"19:30:00";"MG";116;"340,7";"CAMPANARIO";"Ingestão de álcool";"Queda de motocicleta / bicicleta / veículo";"Com Vítimas Fatais";"Plena noite";"Decrescente";"Nublado";"Simples";"Reta";"Rural";1;1;0;0;0;0;0;1
83494874;"31/08/16";"Quarta";"18:10:00";"MS";163;"435,4";"CAMPO GRANDE";"Outras";"Saída de Pista";"Sem Vítimas";"Plena noite";"Decrescente";"Ceu Claro";"Múltipla";"Reta";"Rural";1;0;0;0;1;0;0;1
83494875;"31/08/16";"Quarta";"19:40:00";"MG";153;"172,3";"COMENDADOR GOMES";"Falta de atenção";"Saída de Pista";"Com Vítimas Feridas";"Plena noite";"Decrescente";"Nublado";"Simples";"Reta";"Rural";2;0;2;0;0;0;2;1
83494876;"31/08/16";"Quarta";"22:55:00";"RS";290;"583";"ALEGRETE";"Falta de atenção";"Colisão traseira";"Sem Vítimas";"Plena noite";"Crescente";"Ceu Claro";"Simples";"Curva";"Urbano";2;0;0;0;2;0;0;2
83494879;"01/09/16";"Quinta";"00:30:00";"SP";381;"68";"MAIRIPORA";"Velocidade incompatível";"Capotamento";"Sem Vítimas";"Plena noite";"Decrescente";"Ceu Claro";"Dupla";"Curva";"Rural";2;0;0;0;2;0;0;2
83494881;"28/08/16";"Domingo";"01:00:00";"GO";40;"18";"LUZIANIA";"Outras";"Colisão traseira";"Com Vítimas Feridas";"Plena noite";"Crescente";"Ceu Claro";"Dupla";"Reta";"Rural";3;0;0;2;1;0;2;2
83494882;"31/08/16";"Quarta";"23:45:00";"MG";381;"923";"CAMANDUCAIA";"Ingestão de álcool";"Saída de Pista";"Sem Vítimas";"Plena noite";"Decrescente";"Nublado";"Dupla";"Reta";"Rural";1;0;0;0;1;0;0;1
83494883;"31/08/16";"Quarta";"16:30:00";"BA";135;"174";"BARREIRAS";"Falta de atenção";"Colisão lateral";"Com Vítimas Feridas";"Pleno dia";"Crescente";"Ceu Claro";"Simples";"Reta";"Urbano";3;0;2;0;1;0;2;2
83494884;"31/08/16";"Quarta";"23:45:00";"PR";369;"165,5";"CAMBE";"Dormindo";"Capotamento";"Com Vítimas Feridas";"Plena noite";"Decrescente";"Ceu Claro";"Dupla";"Reta";"Urbano";1;0;0;1;0;0;1;1
83494885;"31/08/16";"Quarta";"23:00:00";"PA";10;"266";"AURORA DO PARA";"Outras";"Saída de Pista";"Sem Vítimas";"Plena noite";"Crescente";"Ceu Claro";"Simples";"Reta";"Rural";1;0;0;0;1;0;0;1
83494886;"31/08/16";"Quarta";"07:30:00";"CE";116;"11";"FORTALEZA";"Animais na Pista";"Atropelamento de animal";"Com Vítimas Feridas";"Pleno dia";"Decrescente";"Ceu Claro";"Dupla";"Reta";"Urbano";1;0;1;0;0;0;1;1
83494887;"01/09/16";"Quinta";"00:40:00";"PR";476;"139";"CURITIBA";"Desobediência à sinalização";"Colisão lateral";"Com Vítimas Feridas";"Plena noite";"Crescente";"Ceu Claro";"Múltipla";"Cruzamento";"Urbano";2;0;1;0;1;0;1;2
83494888;"01/09/16";"Quinta";"01:00:00";"SC";470;"69,3";"INDAIAL";"Outras";"Saída de Pista";"Com Vítimas Feridas";"Plena noite";"Decrescente";"Ceu Claro";"Simples";"Reta";"Urbano";1;0;1;0;0;0;1;1
83494889;"31/08/16";"Quarta";"19:05:00";"ES";101;"148,7";"LINHARES";"Desobediência à sinalização";"Colisão Transversal";"Com Vítimas Feridas";"Plena noite";"Crescente";"Nublado";"Dupla";"Cruzamento";"Urbano";3;0;2;0;1;0;2;2
83494890;"31/08/16";"Quarta";"13:30:00";"PR";277;"81";"CURITIBA";"Velocidade incompatível";"Capotamento";"Sem Vítimas";"Pleno dia";"Crescente";"Ceu Claro";"Dupla";"Reta";"Urbano";1;0;0;0;1;0;0;1
83494891;"31/08/16";"Quarta";"17:45:00";"BA";242;"734";"CRISTOPOLIS";"Defeito mecânico em veículo";"Colisão com objeto móvel";"Sem Vítimas";"Pleno dia";"Decrescente";"Ceu Claro";"Simples";"Reta";"Urbano";5;0;0;0;5;0;0;2
83494892;"26/08/16";"Sexta";"16:00:00";"CE";116;"120,2";"RUSSAS";"Outras";"Saída de Pista";"Sem Vítimas";"Pleno dia";"Crescente";"Ceu Claro";"Simples";"Reta";"Rural";4;0;0;0;4;0;0;1