"id";"data_inversa";"dia_semana";"horario";"uf";"br";"km";"municipio";"causa_acidente";"tipo_acidente";"classificacao_acidente";"fase_dia";"sentido_via";"condicao_metereologica";"tipo_pista";"tracado_via";"uso_solo";"pessoas";"mortos";"feridos_leves";"feridos_graves";"ilesos";"ignorados";"feridos";"veiculos"
83494893;"31/08/16";"Quarta";"20:10:00";"MG";381;"729,7";"CARMO DA CACHOEIRA";"Velocidade incompatível";"Capotamento";"Com Vítimas Feridas";"Plena noite";"Crescente";"Ignorada";"Dupla";"Curva";"Rural";1;0;1;0;0;0;1;1
83494894;"27/08/16";"Sábado";"16:50:00";"GO";153;"440,5";"ANAPOLIS";"Falta de atenção";"Colisão traseira";"Com Vítimas Fatais";"Pleno dia";"Crescente";"Ceu Claro";"Dupla";"Reta";"Urbano";2;1;0;0;0;1;0;2
83494895;"01/09/16";"Quinta";"00:30:00";"SP";116;"390";"MIRACATU";"Animais na Pista";"Atropelamento de animal";"Sem Vítimas";"Plena noite";"Crescente";"Nevoeiro/neblina";"Dupla";"Reta";"Rural";1;0;0;0;1;0;0;1
83494896;"31/08/16";"Quarta";"22:00:00";"MG";381;"332";"NOVA ERA";"Defeito mecânico em veículo";"Colisão traseira";"Sem Vítimas";"Plena noite";"Decrescente";"Nublado";"Simples";"Reta";"Rural";3;0;0;0;3;0;0;3
83494897;"01/09/16";"Quinta";"01:30:00";"PE";408;"85";"PAUDALHO";"Dormindo";"Capotamento";"Sem Vítimas";"Plena noite";"Decrescente";"Nublado";"Dupla";"Curva";"Urbano";1;0;0;0;1;0;0;1
83494898;"31/08/16";"Quarta";"19:00:00";"RJ";101;"79";"CAMPOS DOS GOYTACAZES";"Falta de atenção";"Colisão Transversal";"Com Vítimas Feridas";"Plena noite";"Decrescente";"Chuva";"Simples";"Reta";"Urbano";4;0;2;1;1;0;3;2
83494899;"31/08/16";"Quarta";"22:50:00";"RS";116;"397,7";"CAMAQUA";"Animais na Pista";"Tombamento";"Com Vítimas Feridas";"Plena noite";"Decrescente";"Nublado";"Simples";"Reta";"Urbano";1;0;1;0;0;0;1;1
83494900;"31/08/16";"Quarta";"18:00:00";"RS";471;"148,8";"SANTA CRUZ DO SUL";"Desobediência à sinalização";"Colisão lateral";"Com Vítimas Feridas";"Anoitecer";"Decrescente";"Ceu Claro";"Simples";"Reta";"Urbano";2;0;1;0;1;0;1;2
83494901;"01/09/16";"Quinta";"03:00:00";"RJ";116;"190";"QUEIMADOS";"Dormindo";"Saída de Pista";"Com Vítimas Feridas";"Plena noite";"Crescente";"Nublado";"Dupla";"Curva";"Urbano";1;0;1;0;0;0;1;1
83494902;"31/08/16";"Quarta";"19:00:00";"RS";392;"297,9";"SAO SEPE";"Outras";"Colisão traseira";"Com Vítimas Fatais";"Plena noite";"Crescente";"Ceu Claro";"Simples";"Cruzamento";"Urbano";2;1;0;0;1;0;0;2
83494903;"31/08/16";"Quarta";"20:40:00";"SE";101;"94";"NOSSA SENHORA DO SOCORRO";"Velocidade incompatível";"Colisão lateral";"Sem Vítimas";"Plena noite";"Decrescente";"Nublado";"Dupla";"Reta";"Rural";3;0;0;0;3;0;0;2
83494904;"31/08/16";"Quarta";"16:00:00";"BA";101;"155";"CONCEICAO DO JACUIPE";"Outras";"Tombamento";"Sem Vítimas";"Pleno dia";"Crescente";"Ceu Claro";"Simples";"Cruzamento";"Rural";1;0;0;0;1;0;0;1
83494905;"31/08/16";"Quarta";"16:00:00";"BA";410;"16";"RIBEIRA DO POMBAL";"Ultrapassagem indevida";"Colisão lateral";"Sem Vítimas";"Pleno dia";"Decrescente";"Ceu Claro";"Simples";"Reta";"Rural";3;0;0;0;3;0;0;3
83494906;"31/08/16";"Quarta";"19:00:00";"MG";381;"662,3";"SANTO ANTONIO DO AMPARO";"Outras";"Saída de Pista";"Sem Vítimas";"Plena noite";"Decrescente";"Nublado";"Dupla";"Reta";"Rural";1;0;0;0;1;0;0;1
83494907;"01/09/16";"Quinta";"00:45:00";"AL";101;"193,8";"SAO SEBASTIAO";"Velocidade incompatível";"Tombamento";"Sem Vítimas";"Plena noite";"Decrescente";"Ceu Claro";"Simples";"Reta";"Urbano";1;0;0;0;1;0;0;1
83494908;"31/08/16";"Quarta";"12:00:00";"AC";364;"137";"RIO BRANCO";"Falta de atenção";"Atropelamento de pessoa";"Com Vítimas Feridas";"Pleno dia";"Decrescente";"Sol";"Dupla";"Reta";"Urbano";2;0;1;0;0;1;1;1
83494909;"01/09/16";"Quinta";"02:20:00";"RJ";40;"113";"DUQUE DE CAXIAS";"Não guardar distância de segurança";"Colisão traseira";"Com Vítimas Feridas";"Plena noite";"Crescente";"Nublado";"Simples";"Reta";"Urbano";2;0;1;0;1;0;1;2
83494910;"29/08/16";"Segunda";"05:30:00";"PB";412;"110,7";"SUME";"Ultrapassagem indevida";"Colisão com bicicleta";"Com Vítimas Fatais";"Amanhecer";"Crescente";"Ceu Claro";"Simples";"Reta";"Rural";2;1;0;0;0;1;0;2
83494913;"01/09/16";"Quinta";"03:10:00";"MG";40;"728";"OLIVEIRA FORTES";"Outras";"Saída de Pista";"Sem Vítimas";"Plena noite";"Crescente";"Chuva";"Dupla";"Curva";"Rural";1;0;0;0;1;0;0;1
83494914;"31/08/16";"Quarta";"19:15:00";"DF";20;"0,6";"BRASILIA";"Falta de atenção";"Colisão lateral";"Com Vítimas Feridas";"Plena noite";"Decrescente";"Ceu Claro";"Dupla";"Reta";"Urbano";2;0;1;0;1;0;1;2
83494915;"01/09/16";"Quinta";"02:00:00";"MS";163;"551,7";"BANDEIRANTES";"Ingestão de álcool";"Queda de motocicleta / bicicleta / veículo";"Com Vítimas Feridas";"Plena noite";"Crescente";"Ignorada";"Simples";"Reta";"Rural";1;0;0;1;0;0;1;1
83494916;"26/08/16";"Sexta";"19:15:00";"CE";116;"164,3";"RUSSAS";"Falta de atenção";"Atropelamento de pessoa";"Com Vítimas Feridas";"Plena noite";"Decrescente";"Ceu Claro";"Simples";"Reta";"Rural";2;0;2;0;0;0;2;1
83494917;"31/08/16";"Quarta";"08:00:00";"MG";50;"77";"UBERLANDIA";"Ingestão de álcool";"Saída de Pista";"Sem Vítimas";"Pleno dia";"Decrescente";"Sol";"Dupla";"Reta";"Urbano";1;0;0;0;1;0;0;1
83494918;"31/08/16";"Quarta";"22:30:00";"DF";70;"19";"BRASILIA";"Outras";"Saída de Pista";"Com Vítimas Feridas";"Plena noite";"Crescente";"Ceu Claro";"Dupla";"Reta";"Rural";1;0;1;0;0;0;1;1
83494919;"31/08/16";"Quarta";"22:00:00";"MG";50;"72";"UBERLANDIA";"Ingestão de álcool";"Colisão com objeto fixo";"Com Vítimas Feridas";"Plena noite";"Crescente";"Ceu Claro";"Dupla";"Reta";"Urbano";1;0;1;0;0;0;1;1
83494920;"31/08/16";"Quarta";"18:35:00";"BA";242;"777";"BARREIRAS";"Falta de atenção";"Capotamento";"Com Vítimas Feridas";"Anoitecer";"Crescente";"Ceu Claro";"Simples";"Reta";"Urbano";1;0;1;0;0;0;1;1
83494921;"31/08/16";"Quarta";"15:25:00";"MG";40;"823,3";"SIMAO PEREIRA";"Velocidade incompatível";"Colisão com objeto fixo";"Sem Vítimas";"Pleno dia";"Crescente";"Chuva";"Dupla";"Curva";"Rural";1;0;0;0;1;0;0;1
83494922;"31/08/16";"Quarta";"20:30:00";"MG";381;"770,2";"CAMPANHA";"Defeito mecânico em veículo";"Saída de Pista";"Sem Vítimas";"Plena noite";"Crescente";"Chuva";"Dupla";"Reta";"Rural";1;0;0;0;1;0;0;1
83494923;"01/09/16";"Quinta";"04:15:00";"PE";101;"102";"CABO DE SANTO AGOSTINHO";"Desobediência à sinalização";"Colisão frontal";"Com Vítimas Fatais";"Plena noite";"Decrescente";"Nublado";"Múltipla";"Curva";"Urbano";2;1;0;0;1;0;0;2
83494924;"01/09/16";"Quinta";"05:45:00";"SC";282;"650,3";"SAO MIGUEL DOESTE";"Falta de atenção";"Saída de Pista";"Com Vítimas Feridas";"Plena noite";"Decrescente";"Nevoeiro/neblina";"Dupla";"Curva";"Urbano";2;0;2;0;0;0;2;1
83494925;"01/09/16";"Quinta";"05:00:00";"MG";381;"344,8";"BELA VISTA DE MINAS";"Velocidade incompatível";"Saída de Pista";"Sem Vítimas";"Plena noite";"Decrescente";"Chuva";"Simples";"Curva";"Rural";1;0;0;0;1;0;0;1
83494926;"01/09/16";"Quinta";"01:30:00";"SP";116;"339";"JUQUITIBA";"Falta de atenção";"Colisão traseira";"Sem Vítimas";"Plena noite";"Crescente";"Ceu Claro";"Dupla";"Reta";"Rural";2;0;0;0;2;0;0;2
83494927;"28/08/16";"Domingo";"19:10:00";"MG";40;"29,8";"PARACATU";"Outras";"Colisão Transversal";"Sem Vítimas";"Plena noite";"Decrescente";"Ceu Claro";"Simples";"Curva";"Rural";2;0;0;0;2;0;0;2
83494929;"27/08/16";"Sábado";"16:45:00";"RJ";356;"100";"CAMPOS DOS GOYTACAZES";"Outras";"Capotamento";"Com Vítimas Feridas";"Pleno dia";"Crescente";"Ceu Claro";"Simples";"Curva";"Rural";1;0;0;1;0;0;1;1
83494930;"31/08/16";"Quarta";"04:15:00";"RS";116;"247,5";"SAO LEOPOLDO";"Velocidade incompatível";"Colisão com objeto fixo";"Sem Vítimas";"Plena noite";"Decrescente";"Nublado";"Dupla";"Curva";"Urbano";2;0;0;0;2;0;0;2
83494932;"01/09/16";"Quinta";"05:20:00";"PR";116;"23";"ANTONINA";"Falta de atenção";"Colisão traseira";"Com Vítimas Feridas";"Amanhecer";"Crescente";"Nublado";"Dupla";"Reta";"Rural";2;0;1;0;1;0;1;2
83494933;"31/08/16";"Quarta";"14:20:00";"PE";104;"1,4";"TAQUARITINGA DO NORTE";"Outras";"Capotamento";"Sem Vítimas";"Pleno dia";"Crescente";"Chuva";"Simples";"Reta";"Rural";1;0;0;0;1;0;0;1
83494934;"01/09/16";"Quinta";"02:30:00";"SP";116;"337";"JUQUITIBA";"Defeito mecânico em veículo";"Danos Eventuais";"Com Vítimas Feridas";"Plena noite";"Crescente";"Nevoeiro/neblina";"Dupla";"Reta";"Urbano";1;0;0;1;0;0;1;1
83494936;"28/08/16";"Domingo";"23:30:00";"RJ";101;"175";"RIO DAS OSTRAS";"Ultrapassagem indevida";"Colisão traseira";"Sem Vítimas";"Plena noite";"Crescente";"Ceu Claro";"Simples";"Reta";"Rural";2;0;0;0;2;0;0;2
83494937;"01/09/16";"Quinta";"06:50:00";"SC";282;"4,8";"SAO JOSE";"Falta de atenção";"Colisão traseira";"Com Vítimas Feridas";"Pleno dia";"Decrescente";"Ceu Claro";"Dupla";"Reta";"Urbano";2;0;0;1;1;0;1;2
83494938;"18/07/16";"Segunda";"09:15:00";"PR";376;"176,1";"MARINGA";"Outras";"Colisão traseira";"Sem Vítimas";"Pleno dia";"Decrescente";"Ignorada";"Dupla";"Reta";"Urbano";2;0;0;0;1;1;0;2
83494939;"01/09/16";"Quinta";"05:20:00";"ES";101;"55,1";"SAO MATEUS";"Não guardar distância de segurança";"Colisão traseira";"Sem Vítimas";"Amanhecer";"Crescente";"Nublado";"Simples";"Reta";"Rural";2;0;0;0;2;0;0;2
83494940;"01/09/16";"Quinta";"07:15:00";"RJ";40;"4";"COMENDADOR LEVY GASPARIAN";"Falta de atenção";"Saída de Pista";"Sem Vítimas";"Amanhecer";"Crescente";"Chuva";"Dupla";"Curva";"Rural";1;0;0;0;1;0;0;1
83494941;"31/08/16";"Quarta";"18:30:00";"PA";222;"119";"RONDON DO PARA";"Velocidade incompatível";"Colisão frontal";"Com Vítimas Feridas";"Anoitecer";"Decrescente";"Ceu Claro";"Simples";"Curva";"Rural";6;0;0;1;5;0;1;2
83494942;"01/09/16";"Quinta";"08:10:00";"MG";116;"776,6";"LEOPOLDINA";"Falta de atenção";"Saída de Pista";"Com Vítimas Feridas";"Pleno dia";"Decrescente";"Nublado";"Simples";"Curva";"Rural";1;0;1;0;0;0;1;1
83494944;"25/08/16";"Quinta";"00:10:00";"PE";232;"184,3";"BELO JARDIM";"Desobediência à sinalização";"Colisão Transversal";"Sem Vítimas";"Plena noite";"Crescente";"Nublado";"Simples";"Reta";"Urbano";2;0;0;0;2;0;0;2
83494945;"29/08/16";"Segunda";"07:40:00";"CE";116;"10";"FORTALEZA";"Não guardar distância de segurança";"Colisão traseira";"Sem Vítimas";"Pleno dia";"Decrescente";"Ceu Claro";"Dupla";"Reta";"Urbano";2;0;0;0;2;0;0;2
83494946;"15/08/16";"Segunda";"10:00:00";"SC";470;"191,7";"POUSO REDONDO";"Falta de atenção";"Colisão traseira";"Sem Vítimas";"Pleno dia";"Decrescente";"Chuva";"Simples";"Reta";"Urbano";2;0;0;0;2;0;0;2
83494947;"29/08/16";"Segunda";"07:50:00";"SP";116;"145";"SAO JOSE DOS CAMPOS";"Não guardar distância de segurança";"Queda de motocicleta / bicicleta / veículo";"Com Vítimas Feridas";"Pleno dia";"Crescente";"Sol";"Dupla";"Reta";"Urbano";1;0;1;0;0;0;1;1
83494948;"28/08/16";"Domingo";"17:40:00";"MG";116;"765";"LEOPOLDINA";"Falta de atenção";"Colisão traseira";"Com Vítimas Feridas";"Anoitecer";"Crescente";"Nublado";"Simples";"Reta";"Urbano";4;0;1;0;3;0;1;3
83494949;"28/08/16";"Domingo";"09:45:00";"PR";476;"118";"COLOMBO";"Falta de atenção";"Colisão lateral";"Com Vítimas Feridas";"Pleno dia";"Crescente";"Ceu Claro";"Múltipla";"Reta";"Urbano";2;0;1;0;1;0;1;2
83494952;"21/08/16";"Domingo";"06:00:00";"RJ";116;"228,5";"PIRAI";"Outras";"Colisão com objeto fixo";"Sem Vítimas";"Amanhecer";"Crescente";"Chuva";"Dupla";"Reta";"Rural";1;0;0;0;1;0;0;1
83494953;"31/08/16";"Quarta";"04:19:00";"RS";116;"249,9";"SAO LEOPOLDO";"Desobediência à sinalização";"Colisão com objeto fixo";"Ignorado";"Plena noite";"Decrescente";"Nublado";"Dupla";"Curva";"Urbano";1;0;0;0;0;1;0;1
83494954;"01/09/16";"Quinta";"06:40:00";"PR";476;"124,7";"CURITIBA";"Falta de atenção";"Colisão Transversal";"Com Vítimas Feridas";"Pleno dia";"Decrescente";"Ceu Claro";"Múltipla";"Reta";"Urbano";2;0;0;1;1;0;1;2
83494955;"29/08/16";"Segunda";"09:20:00";"MG";381;"617";"OLIVEIRA";"Velocidade incompatível";"Saída de Pista";"Com Vítimas Feridas";"Pleno dia";"Crescente";"Sol";"Simples";"Curva";"Urbano";1;0;1;0;0;0;1;1
83494956;"01/09/16";"Quinta";"07:30:00";"PR";476;"124,8";"CURITIBA";"Falta de atenção";"Colisão lateral";"Com Vítimas Feridas";"Pleno dia";"Crescente";"Sol";"Múltipla";"Reta";"Urbano";2;0;1;0;0;1;1;2
83494957;"27/07/16";"Quarta";"11:15:00";"MG";381;"579";"CARMOPOLIS DE MINAS";"Velocidade incompatível";"Colisão traseira";"Sem Vítimas";"Pleno dia";"Crescente";"Ceu Claro";"Dupla";"Curva";"Rural";2;0;0;0;2;0;0;2
83494958;"28/08/16";"Domingo";"23:15:00";"RS";293;"11,3";"CAPAO DO LEAO";"Falta de atenção";"Colisão com objeto fixo";"Sem Vítimas";"Plena noite";"Decrescente";"Chuva";"Simples";"Cruzamento";"Urbano";1;0;0;0;1;0;0;1
83494959;"01/09/16";"Quinta";"07:30:00";"PR";116;"116";"CURITIBA";"Falta de atenção";"Colisão lateral";"Sem Vítimas";"Amanhecer";"Decrescente";"Ceu Claro";"Dupla";"Reta";"Urbano";2;0;0;0;2;0;0;2
83494960;"23/08/16";"Terça";"19:00:00";"SC";101;"210,7";"PALHOCA";"Falta de atenção";"Colisão Transversal";"Sem Vítimas";"Plena noite";"Crescente";"Nublado";"Dupla";"Reta";"Urbano";2;0;0;0;2;0;0;2
83494961;"27/08/16";"Sábado";"04:00:00";"SC";282;"602";"MARAVILHA";"Ingestão de álcool";"Capotamento";"Sem Vítimas";"Plena noite";"Decrescente";"Ceu Claro";"Simples";"Reta";"Rural";3;0;0;0;2;1;0;1
83494962;"24/08/16";"Quarta";"17:20:00";"RS";153;"374,5";"CACHOEIRA DO SUL";"Falta de atenção";"Colisão traseira";"Com Vítimas Feridas";"Anoitecer";"Crescente";"Sol";"Simples";"Reta";"Rural";4;0;1;0;3;0;1;3
83494963;"28/08/16";"Domingo";"15:20:00";"SP";116;"79,5";"ROSEIRA";"Animais na Pista";"Atropelamento de animal";"Com Vítimas Feridas";"Pleno dia";"Decrescente";"Ceu Claro";"Dupla";"Reta";"Urbano";1;0;1;0;0;0;1;1
83494964;"31/08/16";"Quarta";"04:00:00";"TO";153;"784,5";"TALISMA";"Outras";"Incêndio";"Sem Vítimas";"Amanhecer";"Crescente";"Ceu Claro";"Simples";"Reta";"Rural";1;0;0;0;1;0;0;1
83494965;"01/09/16";"Quinta";"08:20:00";"PA";316;"0";"BELEM";"Outras";"Colisão traseira";"Sem Vítimas";"Pleno dia";"Decrescente";"Ceu Claro";"Dupla";"Reta";"Urbano";2;0;0;0;1;1;0;2
83494966;"01/09/16";"Quinta";"08:50:00";"MA";316;"517";"CAXIAS";"Outras";"Tombamento";"Com Vítimas Feridas";"Pleno dia";"Crescente";"Ceu Claro";"Simples";"Reta";"Rural";1;0;1;0;0;0;1;1
83494967;"01/09/16";"Quinta";"06:40:00";"MG";381;"737,5";"TRES CORACOES";"Velocidade incompatível";"Tombamento";"Sem Vítimas";"Pleno dia";"Crescente";"Sol";"Dupla";"Curva";"Urbano";1;0;0;0;1;0;0;1
83494968;"01/09/16";"Quinta";"08:15:00";"RS";287;"447,6";"UNISTALDA";"Outras";"Saída de Pista";"Sem Vítimas";"Pleno dia";"Crescente";"Sol";"Simples";"Curva";"Rural";1;0;0;0;1;0;0;1
83494969;"22/08/16";"Segunda";"14:25:00";"SC";280;"53,2";"GUARAMIRIM";"Falta de atenção";"Colisão lateral";"Com Vítimas Feridas";"Pleno dia";"Decrescente";"Ceu Claro";"Simples";"Cruzamento";"Urbano";2;0;1;0;1;0;1;2
83494970;"26/08/16";"Sexta";"18:30:00";"SC";280;"24,8";"ARAQUARI";"Falta de atenção";"Colisão Transversal";"Com Vítimas Feridas";"Anoitecer";"Decrescente";"Ceu Claro";"Simples";"Cruzamento";"Urbano";2;0;0;1;1;0;1;2
83494971;"28/08/16";"Domingo";"22:35:00";"GO";153;"517,9";"APARECIDA DE GOIANIA";"Velocidade incompatível";"Tombamento";"Ignorado";"Plena noite";"Crescente";"Nublado";"Dupla";"Reta";"Rural";1;0;0;0;0;1;0;1
83494972;"01/09/16";"Quinta";"07:30:00";"RS";285;"336,7";"CARAZINHO";"Outras";"Saída de Pista";"Sem Vítimas";"Amanhecer";"Decrescente";"Nublado";"Simples";"Reta";"Urbano";1;0;0;0;1;0;0;1
83494973;"28/08/16";"Domingo";"22:50:00";"SP";116;"336";"MIRACATU";"Defeito na via";"Saída de Pista";"Sem Vítimas";"Plena noite";"Decrescente";"Nublado";"Dupla";"Reta";"Urbano";1;0;0;0;1;0;0;1
83494974;"01/09/16";"Quinta";"09:00:00";"SC";101;"192,3";"BIGUACU";"Falta de atenção";"Queda de motocicleta / bicicleta / veículo";"Com Vítimas Feridas";"Pleno dia";"Crescente";"Sol";"Simples";"Reta";"Urbano";2;0;0;1;1;0;1;2
83494975;"01/09/16";"Quinta";"09:40:00";"BA";116;"18,5";"VITORIA DA CONQUISTA";"Outras";"Colisão com bicicleta";"Com Vítimas Feridas";"Pleno dia";"Crescente";"Ceu Claro";"Simples";"Curva";"Urbano";2;0;1;0;1;0;1;2
83494976;"01/09/16";"Quinta";"11:45:00";"MG";381;"298,8";"ANTONIO DIAS";"Velocidade incompatível";"Saída de Pista";"Sem Vítimas";"Pleno dia";"Decrescente";"Nublado";"Simples";"Curva";"Rural";1;0;0;0;1;0;0;1
83494977;"24/08/16";"Quarta";"13:30:00";"RS";386;"227";"SOLEDADE";"Outras";"Colisão lateral";"Sem Vítimas";"Pleno dia";"Decrescente";"Ceu Claro";"Simples";"Reta";"Rural";2;0;0;0;2;0;0;2
83494978;"01/09/16";"Quinta";"09:30:00";"MT";364;"304,1";"CAMPO VERDE";"Outras";"Saída de Pista";"Sem Vítimas";"Pleno dia";"Decrescente";"Ceu Claro";"Simples";"Reta";"Rural";1;0;0;0;1;0;0;1
83494979;"31/08/16";"Quarta";"15:30:00";"PR";277;"723";"FOZ DO IGUACU";"Falta de atenção";"Colisão traseira";"Com Vítimas Feridas";"Pleno dia";"Decrescente";"Sol";"Dupla";"Reta";"Urbano";2;0;1;0;0;1;1;2
83494980;"30/08/16";"Terça";"17:45:00";"TO";242;"477,9";"FORMOSO DO ARAGUAIA";"Falta de atenção";"Colisão lateral";"Com Vítimas Feridas";"Pleno dia";"Crescente";"Sol";"Simples";"Reta";"Urbano";2;0;0;1;1;0;1;2
83494982;"01/09/16";"Quinta";"12:15:00";"GO";153;"596";"MORRINHOS";"Outras";"Colisão traseira";"Com Vítimas Feridas";"Pleno dia";"Decrescente";"Ceu Claro";"Dupla";"Reta";"Rural";2;0;1;1;0;0;2;2
83494984;"29/08/16";"Segunda";"07:10:00";"PB";230;"293,2";"SANTA LUZIA";"Falta de atenção";"Colisão Transversal";"Com Vítimas Feridas";"Pleno dia";"Decrescente";"Sol";"Simples";"Reta";"Urbano";2;0;2;0;0;0;2;2
83494985;"29/08/16";"Segunda";"02:00:00";"PR";116;"142";"MANDIRITUBA";"Velocidade incompatível";"Saída de Pista";"Com Vítimas Feridas";"Amanhecer";"Crescente";"Ignorada";"Simples";"Reta";"Rural";2;0;1;0;1;0;1;1
83494986;"28/08/16";"Domingo";"18:40:00";"MG";356;"267,6";"MURIAE";"Falta de atenção";"Colisão Transversal";"Com Vítimas Feridas";"Plena noite";"Decrescente";"Nublado";"Simples";"Cruzamento";"Urbano";3;0;2;0;1;0;2;2
83494987;"01/09/16";"Quinta";"12:00:00";"SC";101;"29,1";"JOINVILLE";"Defeito mecânico em veículo";"Queda de motocicleta / bicicleta / veículo";"Com Vítimas Feridas";"Pleno dia";"Decrescente";"Nublado";"Dupla";"Reta";"Urbano";2;0;2;0;0;0;2;1
83494988;"28/08/16";"Domingo";"23:15:00";"BA";101;"215";"MURITIBA";"Falta de atenção";"Colisão traseira";"Com Vítimas Feridas";"Plena noite";"Crescente";"Vento";"Simples";"Reta";"Urbano";2;0;1;0;0;1;1;2
83494989;"01/09/16";"Quinta";"08:00:00";"RS";290;"90";"PORTO ALEGRE";"Outras";"Queda de motocicleta / bicicleta / veículo";"Com Vítimas Feridas";"Pleno dia";"Decrescente";"Sol";"Dupla";"Reta";"Urbano";2;0;1;0;1;0;1;1
83494990;"01/09/16";"Quinta";"11:05:00";"RS";386;"370";"FAZENDA VILANOVA";"Falta de atenção";"Saída de Pista";"Sem Vítimas";"Pleno dia";"Decrescente";"Nublado";"Dupla";"Curva";"Rural";1;0;0;0;1;0;0;1
83494991;"01/09/16";"Quinta";"07:40:00";"PA";316;"74";"SAO FRANCISCO DO PARA";"Falta de atenção";"Queda de motocicleta / bicicleta / veículo";"Com Vítimas Fatais";"Pleno dia";"Decrescente";"Ceu Claro";"Simples";"Reta";"Rural";2;1;0;0;0;1;0;2
83494992;"01/09/16";"Quinta";"07:55:00";"GO";50;"281,7";"CATALAO";"Outras";"Colisão frontal";"Com Vítimas Fatais";"Pleno dia";"Decrescente";"Sol";"Simples";"Reta";"Urbano";2;1;0;0;1;0;0;2
83494993;"28/08/16";"Domingo";"15:30:00";"MG";116;"135,4";"PONTO DOS VOLANTES";"Ultrapassagem indevida";"Colisão lateral";"Com Vítimas Feridas";"Pleno dia";"Decrescente";"Ceu Claro";"Simples";"Reta";"Rural";2;0;1;0;1;0;1;2
83494994;"30/08/16";"Terça";"21:00:00";"PE";110;"121";"PETROLANDIA";"Falta de atenção";"Saída de Pista";"Sem Vítimas";"Plena noite";"Decrescente";"Ceu Claro";"Simples";"Curva";"Rural";1;0;0;0;1;0;0;1
83494995;"20/08/16";"Sábado";"17:30:00";"ES";101;"386";"RIO NOVO DO SUL";"Velocidade incompatível";"Saída de Pista";"Com Vítimas Feridas";"Plena noite";"Decrescente";"Ceu Claro";"Simples";"Curva";"Rural";1;0;0;1;0;0;1;1
83494996;"01/09/16";"Quinta";"11:00:00";"PE";428;"115,4";"SANTA MARIA DA BOA VISTA";"Ultrapassagem indevida";"Colisão frontal";"Com Vítimas Feridas";"Pleno dia";"Crescente";"Ceu Claro";"Simples";"Reta";"Rural";4;0;0;1;3;0;1;3
83494997;"01/09/16";"Quinta";"11:10:00";"TO";153;"330";"GUARAI";"Falta de atenção";"Colisão Transversal";"Com Vítimas Feridas";"Pleno dia";"Decrescente";"Ceu Claro";"Dupla";"Reta";"Urbano";2;0;0;1;1;0;1;2
83494998;"26/08/16";"Sexta";"20:30:00";"BA";101;"418";"IBIRAPITANGA";"Velocidade incompatível";"Capotamento";"Sem Vítimas";"Plena noite";"Decrescente";"Chuva";"Simples";"Curva";"Rural";2;0;0;0;2;0;0;1
83494999;"01/09/16";"Quinta";"07:00:00";"RJ";101;"224";"SILVA JARDIM";"Outras";"Colisão com objeto fixo";"Com Vítimas Feridas";"Pleno dia";"Crescente";"Chuva";"Simples";"Curva";"Rural";2;0;0;2;0;0;2;1
83495000;"01/09/16";"Quinta";"12:30:00";"BA";324;"516";"FEIRA DE SANTANA";"Falta de atenção";"Colisão Transversal";"Sem Vítimas";"Pleno dia";"Crescente";"Sol";"Simples";"Reta";"Urbano";2;0;0;0;2;0;0;2
83495001;"01/09/16";"Quinta";"06:30:00";"MG";40;"718";"BARBACENA";"Velocidade incompatível";"Capotamento";"Com Vítimas Feridas";"Amanhecer";"Crescente";"Nublado";"Dupla";"Curva";"Rural";2;0;1;0;1;0;1;1
83495002;"01/09/16";"Quinta";"09:40:00";"ES";101;"433,7";"MIMOSO DO SUL";"Velocidade incompatível";"Colisão lateral";"Sem Vítimas";"Pleno dia";"Crescente";"Chuva";"Simples";"Reta";"Rural";2;0;0;0;2;0;0;2
83495003;"05/06/16";"Domingo";"22:30:00";"AL";316;"70";"SANTANA DO IPANEMA";"Desobediência à sinalização";"Colisão frontal";"Com Vítimas Feridas";"Plena noite";"Crescente";"Ceu Claro";"Simples";"Reta";"Rural";3;0;0;3;0;0;3;2
83495004;"01/09/16";"Quinta";"13:20:00";"SC";470;"58";"BLUMENAU";"Desobediência à sinalização";"Colisão Transversal";"Com Vítimas Feridas";"Pleno dia";"Decrescente";"Ceu Claro";"Simples";"Reta";"Urbano";2;0;1;0;1;0;1;2
83495005;"24/08/16";"Quarta";"14:15:00";"PA";222;"198";"BOM JESUS DO TOCANTINS";"Defeito na via";"Colisão lateral";"Com Vítimas Feridas";"Pleno dia";"Crescente";"Sol";"Simples";"Reta";"Rural";2;0;1;0;1;0;1;2
83495006;"30/08/16";"Terça";"15:30:00";"SC";101;"157,8";"PORTO BELO";"Outras";"Colisão com objeto fixo";"Sem Vítimas";"Pleno dia";"Decrescente";"Chuva";"Dupla";"Reta";"Urbano";1;0;0;0;1;0;0;1
83495007;"01/09/16";"Quinta";"01:00:00";"RJ";101;"225";"SILVA JARDIM";"Defeito mecânico em veículo";"Colisão lateral";"Sem Vítimas";"Plena noite";"Crescente";"Chuva";"Simples";"Reta";"Rural";2;0;0;0;2;0;0;2
83495008;"31/08/16";"Quarta";"17:30:00";"CE";222;"2,5";"FORTALEZA";"Não guardar distância de segurança";"Colisão traseira";"Sem Vítimas";"Anoitecer";"Crescente";"Ceu Claro";"Múltipla";"Reta";"Urbano";2;0;0;0;2;0;0;2
83495009;"28/08/16";"Domingo";"21:50:00";"ES";447;"12,7";"VILA VELHA";"Falta de atenção";"Atropelamento de pessoa";"Com Vítimas Fatais";"Plena noite";"Decrescente";"Ceu Claro";"Dupla";"Reta";"Urbano";2;1;0;0;1;0;0;1