"id";"data_inversa";"dia_semana";"horario";"uf";"br";"km";"municipio";"causa_acidente";"tipo_acidente";"classificacao_acidente";"fase_dia";"sentido_via";"condicao_metereologica";"tipo_pista";"tracado_via";"uso_solo";"pessoas";"mortos";"feridos_leves";"feridos_graves";"ilesos";"ignorados";"feridos";"veiculos"
83495010;"01/09/16";"Quinta";"13:25:00";"PR";277;"7";"PARANAGUA";"Falta de atenção";"Colisão lateral";"Com Vítimas Feridas";"Pleno dia";"Decrescente";"Sol";"Simples";"Reta";"Urbano";3;0;2;0;1;0;2;2
83495011;"23/07/16";"Sábado";"17:30:00";"SC";163;"109";"GUARUJA DO SUL";"Ultrapassagem indevida";"Colisão lateral";"Sem Vítimas";"Pleno dia";"Decrescente";"Sol";"Simples";"Curva";"Rural";3;0;0;0;3;0;0;3
83495012;"01/09/16";"Quinta";"11:40:00";"SC";280;"167,5";"MAFRA";"Desobediência à sinalização";"Colisão Transversal";"Sem Vítimas";"Pleno dia";"Crescente";"Ceu Claro";"Simples";"Cruzamento";"Urbano";2;0;0;0;2;0;0;2
83495013;"31/08/16";"Quarta";"08:00:00";"MG";116;"250,7";"TEOFILO OTONI";"Dormindo";"Saída de Pista";"Com Vítimas Fatais";"Pleno dia";"Crescente";"Nublado";"Simples";"Curva";"Rural";4;1;1;2;0;0;3;1
83495014;"30/08/16";"Terça";"07:15:00";"RO";319;"60,2";"PORTO VELHO";"Outras";"Queda de motocicleta / bicicleta / veículo";"Com Vítimas Feridas";"Pleno dia";"Crescente";"Chuva";"Dupla";"Reta";"Urbano";1;0;1;0;0;0;1;1
83495015;"01/09/16";"Quinta";"14:20:00";"SC";101;"202,5";"SAO JOSE";"Falta de atenção";"Colisão traseira";"Com Vítimas Feridas";"Pleno dia";"Crescente";"Ceu Claro";"Dupla";"Reta";"Urbano";2;0;1;0;0;1;1;2
83495016;"01/09/16";"Quinta";"12:40:00";"MS";163;"582";"BANDEIRANTES";"Dormindo";"Saída de Pista";"Sem Vítimas";"Pleno dia";"Decrescente";"Sol";"Dupla";"Reta";"Rural";1;0;0;0;1;0;0;1
83495017;"04/08/16";"Quinta";"20:40:00";"BA";407;"66";"JAGUARARI";"Animais na Pista";"Atropelamento de animal";"Sem Vítimas";"Plena noite";"Decrescente";"Ceu Claro";"Simples";"Reta";"Rural";1;0;0;0;1;0;0;1
83495019;"28/08/16";"Domingo";"20:45:00";"PI";316;"4,9";"TERESINA";"Desobediência à sinalização";"Colisão Transversal";"Sem Vítimas";"Plena noite";"Crescente";"Ceu Claro";"Múltipla";"Cruzamento";"Urbano";2;0;0;0;2;0;0;2
83495020;"01/09/16";"Quinta";"10:30:00";"SC";282;"1,8";"FLORIANOPOLIS";"Falta de atenção";"Colisão lateral";"Com Vítimas Feridas";"Pleno dia";"Crescente";"Ceu Claro";"Dupla";"Reta";"Urbano";2;0;1;0;0;1;1;2
83495021;"28/08/16";"Domingo";"09:20:00";"PI";343;"3,8";"TERESINA";"Falta de atenção";"Colisão traseira";"Com Vítimas Feridas";"Pleno dia";"Crescente";"Ceu Claro";"Múltipla";"Reta";"Urbano";4;0;1;0;2;1;1;3
83495022;"27/08/16";"Sábado";"23:15:00";"SP";116;"219";"GUARULHOS";"Outras";"Colisão traseira";"Sem Vítimas";"Plena noite";"Crescente";"Nublado";"Simples";"Reta";"Urbano";2;0;0;0;2;0;0;2
83495023;"01/09/16";"Quinta";"08:00:00";"RJ";101;"134";"CARAPEBUS";"Falta de atenção";"Colisão com objeto fixo";"Com Vítimas Feridas";"Pleno dia";"Decrescente";"Chuva";"Dupla";"Reta";"Rural";1;0;1;0;0;0;1;1
83495024;"01/09/16";"Quinta";"11:25:00";"PA";316;"8";"ANANINDEUA";"Outras";"Colisão lateral";"Sem Vítimas";"Pleno dia";"Crescente";"Ceu Claro";"Dupla";"Reta";"Urbano";5;0;0;0;5;0;0;3
83495025;"01/09/16";"Quinta";"16:00:00";"MG";262;"587,7";"CAMPOS ALTOS";"Velocidade incompatível";"Saída de Pista";"Com Vítimas Feridas";"Pleno dia";"Crescente";"Chuva";"Simples";"Curva";"Rural";1;0;1;0;0;0;1;1
83495026;"01/09/16";"Quinta";"14:20:00";"RS";290;"144,8";"ELDORADO DO SUL";"Outras";"Colisão traseira";"Com Vítimas Feridas";"Pleno dia";"Decrescente";"Sol";"Simples";"Reta";"Urbano";4;0;1;1;2;0;2;2
83495027;"30/08/16";"Terça";"15:35:00";"MG";116;"596,5";"SAO JOAO DO MANHUACU";"Falta de atenção";"Colisão traseira";"Com Vítimas Feridas";"Pleno dia";"Decrescente";"Ceu Claro";"Simples";"Reta";"Rural";3;0;1;0;2;0;1;2
83495028;"28/08/16";"Domingo";"21:40:00";"ES";262;"38,3";"DOMINGOS MARTINS";"Ultrapassagem indevida";"Colisão lateral";"Sem Vítimas";"Plena noite";"Decrescente";"Nublado";"Simples";"Reta";"Rural";2;0;0;0;2;0;0;2
83495029;"01/09/16";"Quinta";"13:00:00";"PE";407;"130";"PETROLINA";"Não guardar distância de segurança";"Colisão traseira";"Com Vítimas Feridas";"Pleno dia";"Crescente";"Sol";"Dupla";"Reta";"Urbano";2;0;1;0;1;0;1;2
83495030;"24/07/16";"Domingo";"06:30:00";"SC";163;"100";"SAO JOSE DO CEDRO";"Velocidade incompatível";"Colisão lateral";"Com Vítimas Feridas";"Pleno dia";"Decrescente";"Sol";"Simples";"Curva";"Urbano";2;0;1;0;1;0;1;2
83495031;"01/09/16";"Quinta";"14:53:00";"PR";469;"0,6";"FOZ DO IGUACU";"Não guardar distância de segurança";"Colisão traseira";"Sem Vítimas";"Pleno dia";"Decrescente";"Sol";"Simples";"Reta";"Rural";2;0;0;0;2;0;0;2
83495032;"28/08/16";"Domingo";"21:00:00";"SP";116;"178,3";"JACAREI";"Outras";"Queda de motocicleta / bicicleta / veículo";"Com Vítimas Feridas";"Plena noite";"Crescente";"Ceu Claro";"Dupla";"Reta";"Rural";1;0;0;1;0;0;1;1
83495033;"01/09/16";"Quinta";"16:20:00";"RJ";393;"181";"PARAIBA DO SUL";"Outras";"Capotamento";"Com Vítimas Feridas";"Pleno dia";"Decrescente";"Ceu Claro";"Simples";"Reta";"Rural";2;0;1;0;1;0;1;1
83495034;"30/08/16";"Terça";"20:15:00";"MG";50;"23,5";"ARAGUARI";"Falta de atenção";"Colisão traseira";"Sem Vítimas";"Plena noite";"Crescente";"Ceu Claro";"Dupla";"Reta";"Rural";2;0;0;0;2;0;0;2
83495035;"01/09/16";"Quinta";"15:45:00";"MG";116;"697,5";"MURIAE";"Falta de atenção";"Colisão traseira";"Com Vítimas Feridas";"Pleno dia";"Decrescente";"Nublado";"Simples";"Reta";"Rural";2;0;1;0;1;0;1;2
83495036;"01/09/16";"Quinta";"11:50:00";"RJ";101;"87";"CAMPOS DOS GOYTACAZES";"Velocidade incompatível";"Saída de Pista";"Com Vítimas Feridas";"Pleno dia";"Decrescente";"Nublado";"Dupla";"Curva";"Rural";1;0;1;0;0;0;1;1
83495037;"01/09/16";"Quinta";"14:10:00";"MT";364;"349";"SANTO ANTONIO DO LEVERGER";"Velocidade incompatível";"Saída de Pista";"Sem Vítimas";"Pleno dia";"Crescente";"Ceu Claro";"Dupla";"Curva";"Rural";1;0;0;0;1;0;0;1
83495038;"25/07/16";"Segunda";"04:45:00";"PB";412;"4";"BOA VISTA";"Dormindo";"Saída de Pista";"Sem Vítimas";"Amanhecer";"Decrescente";"Ceu Claro";"Simples";"Curva";"Rural";1;0;0;0;1;0;0;1
83495039;"01/09/16";"Quinta";"13:05:00";"SC";101;"130,6";"BALNEARIO CAMBORIU";"Ultrapassagem indevida";"Colisão traseira";"Com Vítimas Feridas";"Pleno dia";"Decrescente";"Sol";"Dupla";"Reta";"Urbano";2;0;1;0;1;0;1;2
83495040;"01/09/16";"Quinta";"11:00:00";"MT";70;"203";"GENERAL CARNEIRO";"Falta de atenção";"Saída de Pista";"Com Vítimas Feridas";"Pleno dia";"Crescente";"Ceu Claro";"Simples";"Reta";"Rural";2;0;1;1;0;0;2;1
83495042;"01/09/16";"Quinta";"14:20:00";"PR";376;"173,3";"MARINGA";"Não guardar distância de segurança";"Colisão Transversal";"Sem Vítimas";"Pleno dia";"Crescente";"Ceu Claro";"Dupla";"Curva";"Urbano";3;0;0;0;3;0;0;3
83495043;"01/09/16";"Quinta";"15:30:00";"PR";376;"587";"CURITIBA";"Falta de atenção";"Colisão traseira";"Sem Vítimas";"Pleno dia";"Decrescente";"Ceu Claro";"Dupla";"Reta";"Rural";4;0;0;0;4;0;0;2
83495044;"28/08/16";"Domingo";"11:30:00";"MG";40;"486";"SETE LAGOAS";"Falta de atenção";"Tombamento";"Sem Vítimas";"Pleno dia";"Decrescente";"Ceu Claro";"Dupla";"Reta";"Rural";1;0;0;0;1;0;0;1
83495045;"04/08/16";"Quinta";"08:00:00";"SP";381;"90";"GUARULHOS";"Outras";"Colisão traseira";"Com Vítimas Feridas";"Pleno dia";"Crescente";"Sol";"Dupla";"Reta";"Urbano";3;0;0;1;1;1;1;3
83495046;"01/09/16";"Quinta";"07:30:00";"PR";376;"161";"MARINGA";"Não guardar distância de segurança";"Colisão traseira";"Com Vítimas Feridas";"Pleno dia";"Crescente";"Ceu Claro";"Dupla";"Reta";"Urbano";2;0;1;0;1;0;1;2
83495047;"29/08/16";"Segunda";"06:30:00";"BA";101;"625";"MASCOTE";"Velocidade incompatível";"Saída de Pista";"Com Vítimas Feridas";"Pleno dia";"Decrescente";"Chuva";"Simples";"Curva";"Rural";4;0;4;0;0;0;4;1
83495049;"01/09/16";"Quinta";"17:00:00";"BA";20;"202";"LUIS EDUARDO MAGALHAES";"Falta de atenção";"Capotamento";"Com Vítimas Feridas";"Pleno dia";"Decrescente";"Nublado";"Simples";"Reta";"Rural";1;0;1;0;0;0;1;1
83495050;"01/09/16";"Quinta";"15:50:00";"PR";376;"175,7";"MARINGA";"Falta de atenção";"Colisão lateral";"Com Vítimas Feridas";"Pleno dia";"Decrescente";"Ceu Claro";"Dupla";"Reta";"Urbano";2;0;1;0;1;0;1;2
83495051;"01/09/16";"Quinta";"08:20:00";"SP";116;"209,8";"GUARULHOS";"Falta de atenção";"Colisão traseira";"Com Vítimas Feridas";"Pleno dia";"Crescente";"Sol";"Dupla";"Reta";"Urbano";3;0;2;0;0;1;2;2
83495052;"27/07/16";"Quarta";"16:30:00";"SC";101;"221,5";"PALHOCA";"Não guardar distância de segurança";"Colisão traseira";"Com Vítimas Feridas";"Pleno dia";"Crescente";"Sol";"Dupla";"Reta";"Rural";2;0;1;0;1;0;1;2
83495053;"01/09/16";"Quinta";"17:45:00";"RS";386;"437";"NOVA SANTA RITA";"Falta de atenção";"Colisão traseira";"Sem Vítimas";"Anoitecer";"Decrescente";"Ceu Claro";"Dupla";"Reta";"Urbano";2;0;0;0;2;0;0;2
83495054;"28/08/16";"Domingo";"20:20:00";"RS";116;"303";"GUAIBA";"Não guardar distância de segurança";"Colisão traseira";"Sem Vítimas";"Plena noite";"Decrescente";"Chuva";"Simples";"Reta";"Rural";6;0;0;0;5;1;0;3
83495055;"01/09/16";"Quinta";"16:00:00";"GO";153;"700,1";"ITUMBIARA";"Outras";"Queda de motocicleta / bicicleta / veículo";"Com Vítimas Feridas";"Pleno dia";"Crescente";"Ceu Claro";"Dupla";"Reta";"Urbano";2;0;2;0;0;0;2;1
83495056;"01/09/16";"Quinta";"18:05:00";"SC";101;"419,4";"ARARANGUA";"Falta de atenção";"Colisão Transversal";"Com Vítimas Feridas";"Pleno dia";"Crescente";"Nublado";"Dupla";"Cruzamento";"Urbano";2;0;1;0;1;0;1;2
83495057;"01/09/16";"Quinta";"07:40:00";"PB";230;"113,9";"INGA";"Dormindo";"Saída de Pista";"Com Vítimas Feridas";"Pleno dia";"Decrescente";"Ceu Claro";"Dupla";"Reta";"Rural";2;0;2;0;0;0;2;1
83495058;"01/09/16";"Quinta";"17:00:00";"PR";116;"40,2";"CAMPINA GRANDE DO SUL";"Velocidade incompatível";"Colisão lateral";"Com Vítimas Feridas";"Pleno dia";"Decrescente";"Ceu Claro";"Dupla";"Curva";"Rural";4;0;2;0;2;0;2;2
83495059;"01/09/16";"Quinta";"15:50:00";"PE";232;"97,5";"BEZERROS";"Dormindo";"Capotamento";"Sem Vítimas";"Pleno dia";"Crescente";"Ceu Claro";"Dupla";"Curva";"Urbano";1;0;0;0;1;0;0;1
83495060;"01/09/16";"Quinta";"16:45:00";"CE";116;"17";"EUSEBIO";"Falta de atenção";"Colisão traseira";"Com Vítimas Feridas";"Pleno dia";"Decrescente";"Ceu Claro";"Dupla";"Reta";"Urbano";2;0;0;1;1;0;1;2
83495061;"01/09/16";"Quinta";"14:30:00";"RO";319;"64";"PORTO VELHO";"Falta de atenção";"Colisão lateral";"Sem Vítimas";"Pleno dia";"Crescente";"Ceu Claro";"Dupla";"Reta";"Urbano";2;0;0;0;2;0;0;2
83495062;"01/09/16";"Quinta";"09:30:00";"SC";101;"157,4";"PORTO BELO";"Outras";"Colisão com objeto móvel";"Sem Vítimas";"Pleno dia";"Crescente";"Sol";"Múltipla";"Reta";"Rural";1;0;0;0;1;0;0;1
83495063;"25/08/16";"Quinta";"09:30:00";"RJ";101;"122";"CAMPOS DOS GOYTACAZES";"Outras";"Tombamento";"Sem Vítimas";"Pleno dia";"Crescente";"Ceu Claro";"Dupla";"Curva";"Rural";1;0;0;0;1;0;0;1
83495064;"01/09/16";"Quinta";"14:30:00";"CE";20;"418";"MARACANAU";"Falta de atenção";"Colisão Transversal";"Com Vítimas Feridas";"Pleno dia";"Crescente";"Ceu Claro";"Simples";"Reta";"Urbano";2;0;1;0;1;0;1;2
83495065;"01/09/16";"Quinta";"17:50:00";"RS";468;"0,3";"PALMEIRA DAS MISSOES";"Ingestão de álcool";"Colisão lateral";"Com Vítimas Feridas";"Anoitecer";"Decrescente";"Ceu Claro";"Simples";"Curva";"Rural";4;0;2;0;2;0;2;2
83495066;"31/08/16";"Quarta";"15:50:00";"AM";174;"890";"MANAUS";"Outras";"Colisão frontal";"Com Vítimas Fatais";"Pleno dia";"Crescente";"Ceu Claro";"Simples";"Reta";"Rural";2;1;1;0;0;0;1;2
83495067;"01/09/16";"Quinta";"18:10:00";"RS";285;"461,8";"IJUI";"Falta de atenção";"Colisão Transversal";"Com Vítimas Feridas";"Anoitecer";"Crescente";"Ceu Claro";"Simples";"Reta";"Urbano";2;0;1;0;1;0;1;2
83495068;"27/08/16";"Sábado";"19:00:00";"BA";324;"403";"NOVA FATIMA";"Animais na Pista";"Atropelamento de animal";"Sem Vítimas";"Plena noite";"Decrescente";"Nublado";"Simples";"Reta";"Rural";1;0;0;0;1;0;0;1
83495069;"28/08/16";"Domingo";"13:55:00";"SP";153;"63,5";"SAO JOSE DO RIO PRETO";"Outras";"Capotamento";"Com Vítimas Feridas";"Pleno dia";"Crescente";"Sol";"Dupla";"Reta";"Urbano";1;0;1;0;0;0;1;1
83495070;"25/08/16";"Quinta";"01:35:00";"GO";40;"6,8";"VALPARAISO DE GOIAS";"Falta de atenção";"Queda de motocicleta / bicicleta / veículo";"Com Vítimas Feridas";"Plena noite";"Crescente";"Ceu Claro";"Dupla";"Reta";"Urbano";2;0;2;0;0;0;2;1
83495071;"01/09/16";"Quinta";"17:00:00";"CE";222;"14,3";"CAUCAIA";"Falta de atenção";"Colisão lateral";"Com Vítimas Feridas";"Pleno dia";"Decrescente";"Ceu Claro";"Simples";"Reta";"Urbano";2;0;1;0;1;0;1;2
83495072;"08/08/16";"Segunda";"09:10:00";"SC";101;"210";"SAO JOSE";"Falta de atenção";"Queda de motocicleta / bicicleta / veículo";"Com Vítimas Feridas";"Pleno dia";"Decrescente";"Chuva";"Dupla";"Reta";"Urbano";2;0;1;0;1;0;1;1
83495073;"01/09/16";"Quinta";"18:30:00";"SC";282;"545,2";"NOVA ITABERABA";"Defeito na via";"Colisão lateral";"Sem Vítimas";"Plena noite";"Decrescente";"Ceu Claro";"Simples";"Reta";"Rural";2;0;0;0;2;0;0;2
83495074;"01/09/16";"Quinta";"17:25:00";"ES";101;"279";"SERRA";"Velocidade incompatível";"Queda de motocicleta / bicicleta / veículo";"Com Vítimas Feridas";"Anoitecer";"Decrescente";"Nublado";"Dupla";"Reta";"Urbano";1;0;1;0;0;0;1;1
83495075;"01/09/16";"Quinta";"15:50:00";"CE";222;"3";"FORTALEZA";"Falta de atenção";"Colisão traseira";"Sem Vítimas";"Pleno dia";"Crescente";"Ceu Claro";"Múltipla";"Reta";"Urbano";2;0;0;0;2;0;0;2
83495076;"30/08/16";"Terça";"22:10:00";"SP";116;"364";"MIRACATU";"Velocidade incompatível";"Tombamento";"Sem Vítimas";"Plena noite";"Crescente";"Chuva";"Dupla";"Curva";"Rural";1;0;0;0;1;0;0;1
83495077;"25/08/16";"Quinta";"05:15:00";"SC";282;"212";"LAGES";"Outras";"Incêndio";"Ignorado";"Plena noite";"Decrescente";"Ceu Claro";"Simples";"Cruzamento";"Urbano";1;0;0;0;0;1;0;1
83495078;"01/09/16";"Quinta";"18:10:00";"RS";285;"516,4";"VITORIA DAS MISSOES";"Outras";"Colisão traseira";"Sem Vítimas";"Anoitecer";"Crescente";"Sol";"Simples";"Reta";"Rural";2;0;0;0;2;0;0;2
83495079;"01/09/16";"Quinta";"04:30:00";"SP";116;"505";"CAJATI";"Falta de atenção";"Tombamento";"Sem Vítimas";"Pleno dia";"Crescente";"Nublado";"Simples";"Reta";"Rural";1;0;0;0;1;0;0;1
83495080;"01/09/16";"Quinta";"07:40:00";"MG";40;"823,2";"SIMAO PEREIRA";"Velocidade incompatível";"Colisão com objeto fixo";"Com Vítimas Fatais";"Pleno dia";"Crescente";"Nublado";"Dupla";"Curva";"Rural";2;2;0;0;0;0;0;1
83495081;"01/09/16";"Quinta";"14:30:00";"BA";116;"764";"POCOES";"Não guardar distância de segurança";"Colisão traseira";"Com Vítimas Feridas";"Pleno dia";"Decrescente";"Ceu Claro";"Simples";"Reta";"Rural";6;0;5;0;1;0;5;2
83495082;"01/09/16";"Quinta";"17:40:00";"MG";381;"423";"CAETE";"Não guardar distância de segurança";"Colisão lateral";"Sem Vítimas";"Anoitecer";"Decrescente";"Sol";"Simples";"Curva";"Rural";2;0;0;0;2;0;0;2
83495083;"01/09/16";"Quinta";"17:30:00";"PE";408;"83";"PAUDALHO";"Falta de atenção";"Colisão traseira";"Sem Vítimas";"Plena noite";"Crescente";"Ceu Claro";"Múltipla";"Reta";"Urbano";2;0;0;0;1;1;0;2
83495084;"01/09/16";"Quinta";"07:30:00";"MT";364;"116";"PEDRA PRETA";"Falta de atenção";"Colisão traseira";"Sem Vítimas";"Pleno dia";"Crescente";"Ceu Claro";"Simples";"Reta";"Rural";2;0;0;0;2;0;0;2
83495085;"01/09/16";"Quinta";"17:30:00";"MG";153;"197";"FRUTAL";"Falta de atenção";"Colisão Transversal";"Sem Vítimas";"Pleno dia";"Crescente";"Ceu Claro";"Simples";"Cruzamento";"Urbano";2;0;0;0;2;0;0;2
83495086;"30/08/16";"Terça";"23:50:00";"SP";116;"400";"MIRACATU";"Falta de atenção";"Tombamento";"Sem Vítimas";"Plena noite";"Crescente";"Chuva";"Dupla";"Reta";"Rural";1;0;0;0;1;0;0;1
83495088;"01/09/16";"Quinta";"18:45:00";"RS";287;"240,9";"SANTA MARIA";"Desobediência à sinalização";"Colisão lateral";"Com Vítimas Feridas";"Plena noite";"Decrescente";"Ceu Claro";"Simples";"Cruzamento";"Urbano";2;0;1;0;0;1;1;2
83495089;"11/07/16";"Segunda";"14:00:00";"SC";101;"209";"SAO JOSE";"Falta de atenção";"Colisão lateral";"Com Vítimas Feridas";"Pleno dia";"Decrescente";"Ceu Claro";"Múltipla";"Reta";"Urbano";2;0;1;0;1;0;1;2
83495090;"01/09/16";"Quinta";"17:40:00";"MG";153;"9";"ARAPORA";"Velocidade incompatível";"Colisão lateral";"Com Vítimas Feridas";"Pleno dia";"Decrescente";"Ceu Claro";"Dupla";"Reta";"Rural";2;0;0;1;1;0;1;2
83495092;"01/09/16";"Quinta";"20:45:00";"RS";116;"236";"NOVO HAMBURGO";"Falta de atenção";"Colisão Transversal";"Com Vítimas Feridas";"Plena noite";"Crescente";"Ceu Claro";"Múltipla";"Cruzamento";"Urbano";2;0;1;0;1;0;1;2
83495093;"01/09/16";"Quinta";"16:20:00";"RS";470;"340";"TRIUNFO";"Falta de atenção";"Colisão Transversal";"Com Vítimas Feridas";"Pleno dia";"Decrescente";"Ceu Claro";"Simples";"Reta";"Rural";3;0;0;2;1;0;2;2
83495094;"01/09/16";"Quinta";"12:40:00";"RO";319;"64";"PORTO VELHO";"Falta de atenção";"Colisão traseira";"Sem Vítimas";"Pleno dia";"Crescente";"Nublado";"Dupla";"Reta";"Urbano";3;0;0;0;3;0;0;2
83495095;"01/09/16";"Quinta";"20:10:00";"MG";40;"558";"NOVA LIMA";"Falta de atenção";"Colisão traseira";"Com Vítimas Feridas";"Plena noite";"Decrescente";"Nublado";"Dupla";"Reta";"Urbano";2;0;1;0;0;1;1;2
83495096;"01/09/16";"Quinta";"21:05:00";"PR";277;"79";"SAO JOSE DOS PINHAIS";"Velocidade incompatível";"Colisão traseira";"Sem Vítimas";"Plena noite";"Decrescente";"Ceu Claro";"Simples";"Reta";"Urbano";2;0;0;0;2;0;0;2
83495097;"01/09/16";"Quinta";"20:20:00";"MS";163;"615,4";"SAO GABRIEL DO OESTE";"Desobediência à sinalização";"Colisão Transversal";"Com Vítimas Feridas";"Plena noite";"Decrescente";"Ceu Claro";"Simples";"Cruzamento";"Urbano";2;0;1;0;1;0;1;2
83495098;"26/08/16";"Sexta";"19:00:00";"MG";135;"396,4";"BOCAIUVA";"Outras";"Incêndio";"Sem Vítimas";"Plena noite";"Decrescente";"Ceu Claro";"Simples";"Reta";"Rural";2;0;0;0;1;1;0;2
83495099;"01/09/16";"Quinta";"18:15:00";"MS";163;"252,5";"DOURADOS";"Outras";"Colisão Transversal";"Com Vítimas Fatais";"Plena noite";"Decrescente";"Ignorada";"Simples";"Reta";"Rural";4;1;0;1;2;0;1;3
83495100;"28/08/16";"Domingo";"20:39:00";"GO";40;"4,7";"VALPARAISO DE GOIAS";"Ingestão de álcool";"Colisão traseira";"Com Vítimas Feridas";"Plena noite";"Decrescente";"Ceu Claro";"Dupla";"Reta";"Urbano";6;0;4;0;2;0;4;2
83495101;"01/09/16";"Quinta";"20:20:00";"CE";116;"152";"RUSSAS";"Defeito mecânico em veículo";"Queda de motocicleta / bicicleta / veículo";"Com Vítimas Feridas";"Plena noite";"Decrescente";"Ceu Claro";"Simples";"Reta";"Rural";1;0;0;1;0;0;1;1
83495102;"01/09/16";"Quinta";"16:00:00";"MS";163;"643";"SAO GABRIEL DO OESTE";"Dormindo";"Saída de Pista";"Sem Vítimas";"Pleno dia";"Crescente";"Sol";"Dupla";"Reta";"Rural";1;0;0;0;1;0;0;1
83495103;"01/09/16";"Quinta";"18:00:00";"RS";293;"250,9";"DOM PEDRITO";"Desobediência à sinalização";"Colisão Transversal";"Sem Vítimas";"Plena noite";"Crescente";"Nublado";"Simples";"Cruzamento";"Urbano";2;0;0;0;2;0;0;2
83495105;"01/09/16";"Quinta";"18:30:00";"MG";116;"508,2";"UBAPORANGA";"Outras";"Colisão lateral";"Com Vítimas Feridas";"Plena noite";"Crescente";"Ceu Claro";"Simples";"Reta";"Rural";3;0;1;0;2;0;1;2
83495107;"24/08/16";"Quarta";"19:00:00";"DF";80;"18";"BRASILIA";"Outras";"Colisão traseira";"Com Vítimas Feridas";"Plena noite";"Decrescente";"Ceu Claro";"Dupla";"Reta";"Urbano";3;0;3;0;0;0;3;2
83495108;"01/09/16";"Quinta";"18:55:00";"PI";343;"348,6";"TERESINA";"Outras";"Colisão Transversal";"Com Vítimas Feridas";"Plena noite";"Crescente";"Ceu Claro";"Simples";"Reta";"Urbano";2;0;2;0;0;0;2;2
83495109;"01/09/16";"Quinta";"19:00:00";"MG";381;"349";"JOAO MONLEVADE";"Falta de atenção";"Tombamento";"Sem Vítimas";"Plena noite";"Decrescente";"Nublado";"Simples";"Curva";"Rural";1;0;0;0;1;0;0;1
83495110;"01/09/16";"Quinta";"11:25:00";"RO";319;"64,1";"PORTO VELHO";"Outras";"Colisão lateral";"Sem Vítimas";"Pleno dia";"Crescente";"Sol";"Dupla";"Reta";"Urbano";2;0;0;0;2;0;0;2
83495111;"01/09/16";"Quinta";"14:20:00";"RO";364;"169,4";"PIMENTA BUENO";"Defeito na via";"Tombamento";"Com Vítimas Feridas";"Pleno dia";"Decrescente";"Sol";"Simples";"Reta";"Rural";1;0;1;0;0;0;1;1
83495112;"01/09/16";"Quinta";"19:50:00";"RJ";101;"505";"ANGRA DOS REIS";"Falta de atenção";"Colisão com bicicleta";"Com Vítimas Feridas";"Plena noite";"Decrescente";"Nublado";"Simples";"Cruzamento";"Urbano";2;0;1;0;1;0;1;2
83495113;"01/09/16";"Quinta";"22:35:00";"PR";277;"454,6";"LARANJEIRAS DO SUL";"Outras";"Queda de motocicleta / bicicleta / veículo";"Com Vítimas Feridas";"Plena noite";"Decrescente";"Ceu Claro";"Simples";"Cruzamento";"Urbano";1;0;1;0;0;0;1;1
83495114;"01/09/16";"Quinta";"19:15:00";"SC";280;"55";"GUARAMIRIM";"Falta de atenção";"Colisão Transversal";"Com Vítimas Feridas";"Pleno dia";"Crescente";"Ignorada";"Simples";"Reta";"Urbano";2;0;0;1;1;0;1;2
83495115;"01/09/16";"Quinta";"23:15:00";"RS";290;"4";"OSORIO";"Outras";"Colisão com objeto móvel";"Sem Vítimas";"Plena noite";"Decrescente";"Nublado";"Múltipla";"Reta";"Rural";1;0;0;0;1;0;0;1
83495117;"01/09/16";"Quinta";"23:40:00";"BA";101;"269";"SANTO ANTONIO DE JESUS";"Defeito mecânico em veículo";"Tombamento";"Sem Vítimas";"Plena noite";"Crescente";"Chuva";"Simples";"Curva";"Rural";1;0;0;0;1;0;0;1
83495118;"01/09/16";"Quinta";"20:15:00";"SC";470;"79";"INDAIAL";"Outras";"Colisão lateral";"Com Vítimas Feridas";"Plena noite";"Crescente";"Nublado";"Simples";"Curva";"Urbano";3;0;2;0;1;0;2;2
83495119;"01/09/16";"Quinta";"22:30:00";"PR";116;"34";"CAMPINA GRANDE DO SUL";"Falta de atenção";"Colisão traseira";"Com Vítimas Feridas";"Plena noite";"Decrescente";"Chuva";"Dupla";"Curva";"Rural";2;0;1;0;1;0;1;2
83495120;"04/08/16";"Quinta";"11:15:00";"RJ";116;"173,2";"NOVA IGUACU";"Outras";"Colisão traseira";"Sem Vítimas";"Pleno dia";"Crescente";"Ceu Claro";"Múltipla";"Reta";"Urbano";2;0;0;0;2;0;0;2
83495121;"28/08/16";"Domingo";"19:30:00";"MA";222;"430";"SANTA LUZIA";"Outras";"Colisão frontal";"Com Vítimas Fatais";"Plena noite";"Decrescente";"Ceu Claro";"Simples";"Reta";"Rural";3;2;0;0;1;0;0;2
83495122;"01/09/16";"Quinta";"19:00:00";"MS";262;"6,8";"TRES LAGOAS";"Ingestão de álcool";"Colisão Transversal";"Com Vítimas Feridas";"Plena noite";"Decrescente";"Ceu Claro";"Dupla";"Reta";"Urbano";2;0;0;1;1;0;1;2
83495123;"01/09/16";"Quinta";"22:30:00";"SP";116;"103";"TAUBATE";"Outras";"Colisão com objeto fixo";"Com Vítimas Feridas";"Plena noite";"Decrescente";"Ceu Claro";"Dupla";"Reta";"Urbano";3;0;2;0;1;0;2;3