"id";"data_inversa";"dia_semana";"horario";"uf";"br";"km";"municipio";"causa_acidente";"tipo_acidente";"classificacao_acidente";"fase_dia";"sentido_via";"condicao_metereologica";"tipo_pista";"tracado_via";"uso_solo";"pessoas";"mortos";"feridos_leves";"feridos_graves";"ilesos";"ignorados";"feridos";"veiculos"
83495124;"01/09/16";"Quinta";"19:00:00";"TO";153;"491";"PARAISO DO TOCANTINS";"Ingestão de álcool";"Colisão lateral";"Com Vítimas Feridas";"Plena noite";"Crescente";"Ceu Claro";"Simples";"Reta";"Rural";2;0;0;1;0;1;1;2
83495125;"01/09/16";"Quinta";"19:20:00";"SP";116;"174,2";"JACAREI";"Outras";"Colisão lateral";"Sem Vítimas";"Plena noite";"Decrescente";"Ceu Claro";"Dupla";"Reta";"Urbano";3;0;0;0;3;0;0;3
83495126;"01/09/16";"Quinta";"20:10:00";"BA";101;"817";"ITAMARAJU";"Outras";"Colisão com objeto fixo";"Com Vítimas Feridas";"Plena noite";"Crescente";"Nublado";"Simples";"Curva";"Rural";1;0;0;1;0;0;1;1
83495127;"02/09/16";"Sexta";"02:02:00";"PR";277;"586";"CASCAVEL";"Velocidade incompatível";"Saída de Pista";"Sem Vítimas";"Plena noite";"Decrescente";"Ceu Claro";"Simples";"Reta";"Urbano";3;0;0;0;3;0;0;1
83495128;"01/06/16";"Quarta";"11:10:00";"MG";40;"454";"CAETANOPOLIS";"Falta de atenção";"Colisão lateral";"Sem Vítimas";"Pleno dia";"Decrescente";"Chuva";"Dupla";"Reta";"Rural";2;0;0;0;1;1;0;2
83495129;"02/09/16";"Sexta";"00:30:00";"ES";101;"329";"GUARAPARI";"Velocidade incompatível";"Saída de Pista";"Com Vítimas Feridas";"Plena noite";"Crescente";"Ceu Claro";"Simples";"Curva";"Rural";1;0;0;1;0;0;1;1
83495130;"02/09/16";"Sexta";"00:30:00";"MS";463;"30,3";"PONTA PORA";"Animais na Pista";"Atropelamento de animal";"Com Vítimas Feridas";"Anoitecer";"Decrescente";"Ceu Claro";"Simples";"Reta";"Rural";1;0;0;1;0;0;1;1
83495131;"01/09/16";"Quinta";"22:15:00";"PB";230;"257";"ASSUNCAO";"Outras";"Saída de Pista";"Sem Vítimas";"Plena noite";"Crescente";"Ceu Claro";"Simples";"Curva";"Urbano";1;0;0;0;1;0;0;1
83495132;"02/09/16";"Sexta";"01:40:00";"RS";158;"325,4";"SANTA MARIA";"Ingestão de álcool";"Tombamento";"Com Vítimas Feridas";"Plena noite";"Crescente";"Ceu Claro";"Simples";"Reta";"Urbano";1;0;1;0;0;0;1;1
83495133;"28/08/16";"Domingo";"03:40:00";"PB";230;"19";"JOAO PESSOA";"Defeito mecânico em veículo";"Colisão com objeto fixo";"Com Vítimas Feridas";"Plena noite";"Crescente";"Ceu Claro";"Dupla";"Curva";"Urbano";2;0;1;0;0;1;1;1
83495134;"01/09/16";"Quinta";"07:20:00";"RN";304;"48";"MOSSORO";"Animais na Pista";"Colisão traseira";"Com Vítimas Feridas";"Pleno dia";"Decrescente";"Ceu Claro";"Simples";"Reta";"Urbano";7;0;1;0;6;0;1;5
83495135;"01/09/16";"Quinta";"21:15:00";"PR";476;"119,1";"COLOMBO";"Falta de atenção";"Colisão Transversal";"Com Vítimas Feridas";"Plena noite";"Decrescente";"Ceu Claro";"Dupla";"Reta";"Urbano";2;0;1;0;1;0;1;2
83495136;"01/09/16";"Quinta";"23:50:00";"PB";230;"445,4";"APARECIDA";"Falta de atenção";"Colisão frontal";"Com Vítimas Fatais";"Plena noite";"Crescente";"Ceu Claro";"Simples";"Reta";"Urbano";3;2;0;0;1;0;0;2
83495137;"01/09/16";"Quinta";"21:20:00";"RS";158;"333,8";"SANTA MARIA";"Falta de atenção";"Colisão traseira";"Com Vítimas Feridas";"Plena noite";"Decrescente";"Ceu Claro";"Simples";"Reta";"Urbano";2;0;1;0;1;0;1;2
83495138;"01/09/16";"Quinta";"17:45:00";"RS";472;"586,7";"URUGUAIANA";"Outras";"Saída de Pista";"Sem Vítimas";"Pleno dia";"Crescente";"Ceu Claro";"Simples";"Reta";"Rural";1;0;0;0;1;0;0;1
83495139;"02/09/16";"Sexta";"01:50:00";"RO";364;"282";"PRESIDENTE MEDICI";"Outras";"Capotamento";"Com Vítimas Feridas";"Plena noite";"Decrescente";"Chuva";"Simples";"Reta";"Rural";1;0;1;0;0;0;1;1
83495140;"01/09/16";"Quinta";"23:30:00";"SP";116;"560,9";"BARRA DO TURVO";"Velocidade incompatível";"Saída de Pista";"Sem Vítimas";"Plena noite";"Crescente";"Chuva";"Dupla";"Curva";"Rural";2;0;0;0;2;0;0;2
83495141;"28/08/16";"Domingo";"13:30:00";"MG";381;"433";"SABARA";"Outras";"Queda de motocicleta / bicicleta / veículo";"Com Vítimas Feridas";"Pleno dia";"Crescente";"Sol";"Simples";"Curva";"Rural";1;0;0;1;0;0;1;1
83495142;"01/09/16";"Quinta";"18:40:00";"MG";381;"558,6";"ITAGUARA";"Velocidade incompatível";"Colisão traseira";"Com Vítimas Feridas";"Plena noite";"Crescente";"Chuva";"Dupla";"Reta";"Urbano";3;0;2;0;1;0;2;2
83495143;"01/09/16";"Quinta";"18:30:00";"MG";381;"449";"SABARA";"Desobediência à sinalização";"Colisão frontal";"Com Vítimas Feridas";"Plena noite";"Crescente";"Ceu Claro";"Simples";"Reta";"Urbano";2;0;1;0;0;1;1;2
83495144;"02/09/16";"Sexta";"00:05:00";"ES";101;"193,8";"ARACRUZ";"Defeito mecânico em veículo";"Incêndio";"Sem Vítimas";"Plena noite";"Crescente";"Nublado";"Simples";"Reta";"Rural";1;0;0;0;1;0;0;1
83495146;"01/09/16";"Quinta";"21:40:00";"SP";153;"275,2";"OCAUCU";"Defeito mecânico em veículo";"Incêndio";"Sem Vítimas";"Plena noite";"Crescente";"Ceu Claro";"Simples";"Curva";"Rural";1;0;0;0;1;0;0;1
83495147;"28/08/16";"Domingo";"21:20:00";"DF";60;"3,5";"BRASILIA";"Ingestão de álcool";"Queda de motocicleta / bicicleta / veículo";"Sem Vítimas";"Plena noite";"Decrescente";"Ceu Claro";"Dupla";"Reta";"Urbano";1;0;0;0;1;0;0;1
83495148;"01/09/16";"Quinta";"09:20:00";"MG";381;"370";"SAO GONCALO DO RIO ABAIXO";"Outras";"Colisão lateral";"Com Vítimas Fatais";"Pleno dia";"Crescente";"Nublado";"Simples";"Curva";"Rural";13;1;9;1;2;0;10;2
83495149;"01/09/16";"Quinta";"18:00:00";"MS";262;"221";"RIBAS DO RIO PARDO";"Defeito mecânico em veículo";"Saída de Pista";"Com Vítimas Feridas";"Plena noite";"Decrescente";"Ceu Claro";"Simples";"Reta";"Rural";2;0;1;0;1;0;1;1
83495150;"02/09/16";"Sexta";"06:15:00";"GO";153;"573,8";"PROFESSOR JAMIL";"Outras";"Capotamento";"Com Vítimas Feridas";"Amanhecer";"Decrescente";"Ceu Claro";"Dupla";"Reta";"Rural";1;0;0;1;0;0;1;1
83495151;"01/09/16";"Quinta";"15:45:00";"PR";277;"457";"LARANJEIRAS DO SUL";"Ingestão de álcool";"Colisão lateral";"Com Vítimas Feridas";"Pleno dia";"Decrescente";"Ceu Claro";"Simples";"Reta";"Rural";2;0;1;0;1;0;1;2
83495152;"02/09/16";"Sexta";"01:00:00";"MG";381;"336";"NOVA ERA";"Dormindo";"Colisão frontal";"Com Vítimas Feridas";"Plena noite";"Crescente";"Nevoeiro/neblina";"Simples";"Reta";"Rural";2;0;1;0;1;0;1;2
83495153;"01/09/16";"Quinta";"20:50:00";"MG";381;"562,8";"ITAGUARA";"Desobediência à sinalização";"Colisão Transversal";"Com Vítimas Feridas";"Plena noite";"Crescente";"Nublado";"Simples";"Cruzamento";"Urbano";4;0;3;0;1;0;3;2
83495154;"31/08/16";"Quarta";"02:45:00";"SC";282;"382";"JOACABA";"Dormindo";"Saída de Pista";"Com Vítimas Feridas";"Plena noite";"Crescente";"Ceu Claro";"Simples";"Curva";"Rural";1;0;1;0;0;0;1;1
83495155;"31/08/16";"Quarta";"20:30:00";"MG";116;"559,4";"MANHUACU";"Falta de atenção";"Colisão lateral";"Com Vítimas Feridas";"Plena noite";"Crescente";"Ceu Claro";"Simples";"Reta";"Rural";2;0;0;1;1;0;1;2
83495156;"01/09/16";"Quinta";"17:00:00";"PR";153;"41,5";"SANTO ANTONIO DA PLATINA";"Falta de atenção";"Colisão Transversal";"Com Vítimas Feridas";"Pleno dia";"Decrescente";"Ceu Claro";"Simples";"Reta";"Urbano";2;0;1;0;1;0;1;2
83495157;"29/08/16";"Segunda";"19:05:00";"RO";364;"342,7";"JI-PARANA";"Outras";"Queda de motocicleta / bicicleta / veículo";"Com Vítimas Feridas";"Plena noite";"Crescente";"Ceu Claro";"Dupla";"Reta";"Urbano";1;0;0;1;0;0;1;1
83495158;"02/08/16";"Terça";"03:40:00";"MG";40;"664,8";"CARANDAI";"Defeito mecânico em veículo";"Incêndio";"Sem Vítimas";"Plena noite";"Decrescente";"Ceu Claro";"Simples";"Reta";"Rural";39;0;0;0;38;1;0;1
83495159;"29/08/16";"Segunda";"23:10:00";"SC";101;"148";"ITAPEMA";"Ingestão de álcool";"Colisão frontal";"Com Vítimas Feridas";"Plena noite";"Decrescente";"Ceu Claro";"Simples";"Reta";"Urbano";2;0;0;1;1;0;1;2
83495160;"16/06/16";"Quinta";"14:00:00";"BA";116;"433";"FEIRA DE SANTANA";"Outras";"Colisão lateral";"Com Vítimas Feridas";"Pleno dia";"Decrescente";"Ignorada";"Dupla";"Reta";"Rural";2;0;0;1;0;1;1;2
83495161;"31/08/16";"Quarta";"09:30:00";"CE";116;"6";"FORTALEZA";"Falta de atenção";"Colisão traseira";"Sem Vítimas";"Pleno dia";"Decrescente";"Ceu Claro";"Múltipla";"Curva";"Urbano";2;0;0;0;2;0;0;2
83495162;"02/09/16";"Sexta";"07:00:00";"SC";280;"130,3";"RIO NEGRINHO";"Falta de atenção";"Colisão lateral";"Sem Vítimas";"Pleno dia";"Crescente";"Nublado";"Simples";"Curva";"Urbano";4;0;0;0;4;0;0;4
83495163;"29/08/16";"Segunda";"22:40:00";"MG";381;"490";"BETIM";"Outras";"Queda de motocicleta / bicicleta / veículo";"Com Vítimas Fatais";"Plena noite";"Decrescente";"Ceu Claro";"Dupla";"Reta";"Urbano";1;1;0;0;0;0;0;1
83495164;"09/08/16";"Terça";"18:30:00";"PR";376;"674";"GUARATUBA";"Velocidade incompatível";"Colisão traseira";"Sem Vítimas";"Plena noite";"Crescente";"Ceu Claro";"Dupla";"Reta";"Rural";2;0;0;0;2;0;0;2
83495165;"29/08/16";"Segunda";"11:30:00";"MG";262;"67,9";"MATIPO";"Velocidade incompatível";"Saída de Pista";"Sem Vítimas";"Pleno dia";"Crescente";"Ceu Claro";"Simples";"Curva";"Rural";1;0;0;0;1;0;0;1
83495166;"01/09/16";"Quinta";"00:30:00";"MT";70;"516";"VARZEA GRANDE";"Ingestão de álcool";"Colisão com objeto fixo";"Sem Vítimas";"Plena noite";"Crescente";"Ceu Claro";"Simples";"Reta";"Urbano";1;0;0;0;1;0;0;1
83495168;"29/08/16";"Segunda";"06:40:00";"CE";116;"26,5";"AQUIRAZ";"Não guardar distância de segurança";"Colisão lateral";"Com Vítimas Feridas";"Pleno dia";"Decrescente";"Ceu Claro";"Dupla";"Curva";"Urbano";3;0;1;1;1;0;2;3
83495169;"01/09/16";"Quinta";"03:40:00";"RJ";40;"125";"RIO DE JANEIRO";"Velocidade incompatível";"Tombamento";"Com Vítimas Feridas";"Plena noite";"Crescente";"Chuva";"Dupla";"Curva";"Urbano";1;0;1;0;0;0;1;1
83495170;"05/02/16";"Sexta";"21:30:00";"PR";116;"103";"SAO JOSE DOS PINHAIS";"Outras";"Colisão frontal";"Com Vítimas Feridas";"Plena noite";"Crescente";"Chuva";"Dupla";"Reta";"Urbano";4;0;0;3;1;0;3;2
83495171;"30/08/16";"Terça";"17:30:00";"ES";262;"190,3";"IUNA";"Ultrapassagem indevida";"Colisão frontal";"Com Vítimas Feridas";"Anoitecer";"Crescente";"Nublado";"Simples";"Reta";"Rural";3;0;0;2;1;0;2;2
83495172;"07/07/16";"Quinta";"16:00:00";"MT";158;"667";"NOVA XAVANTINA";"Outras";"Capotamento";"Com Vítimas Feridas";"Pleno dia";"Crescente";"Ceu Claro";"Simples";"Reta";"Rural";1;0;1;0;0;0;1;1
83495173;"28/08/16";"Domingo";"16:00:00";"GO";60;"95";"ANAPOLIS";"Ingestão de álcool";"Colisão traseira";"Com Vítimas Feridas";"Pleno dia";"Decrescente";"Ceu Claro";"Dupla";"Reta";"Urbano";4;0;0;2;2;0;2;2
83495174;"31/08/16";"Quarta";"19:30:00";"AP";156;"798";"OIAPOQUE";"Ingestão de álcool";"Atropelamento de pessoa";"Com Vítimas Feridas";"Plena noite";"Crescente";"Ceu Claro";"Simples";"Reta";"Urbano";2;0;1;0;1;0;1;1
83495175;"30/08/16";"Terça";"16:20:00";"SP";488;"1,9";"APARECIDA";"Outras";"Colisão traseira";"Com Vítimas Feridas";"Pleno dia";"Crescente";"Nublado";"Dupla";"Reta";"Urbano";2;0;1;0;0;1;1;2
83495176;"02/09/16";"Sexta";"08:30:00";"SC";101;"121,9";"ITAJAI";"Outras";"Atropelamento de pessoa";"Com Vítimas Feridas";"Pleno dia";"Decrescente";"Nublado";"Dupla";"Reta";"Urbano";2;0;0;1;1;0;1;1
83495177;"28/08/16";"Domingo";"17:30:00";"PR";373;"175";"PONTA GROSSA";"Velocidade incompatível";"Tombamento";"Com Vítimas Feridas";"Pleno dia";"Crescente";"Ceu Claro";"Dupla";"Reta";"Urbano";2;0;2;0;0;0;2;1
83495178;"02/09/16";"Sexta";"07:30:00";"MG";381;"481,3";"CONTAGEM";"Falta de atenção";"Colisão traseira";"Com Vítimas Feridas";"Pleno dia";"Crescente";"Ceu Claro";"Dupla";"Reta";"Urbano";4;0;1;0;3;0;1;4
83495179;"29/08/16";"Segunda";"18:20:00";"DF";70;"10";"BRASILIA";"Velocidade incompatível";"Saída de Pista";"Ignorado";"Plena noite";"Decrescente";"Ceu Claro";"Simples";"Reta";"Urbano";1;0;0;0;0;1;0;1
83495180;"02/09/16";"Sexta";"05:30:00";"SC";282;"393,3";"JOACABA";"Ingestão de álcool";"Colisão frontal";"Com Vítimas Feridas";"Plena noite";"Crescente";"Nublado";"Simples";"Reta";"Rural";4;0;2;0;2;0;2;2
83495181;"02/09/16";"Sexta";"08:20:00";"PB";230;"23,3";"JOAO PESSOA";"Falta de atenção";"Colisão traseira";"Com Vítimas Feridas";"Pleno dia";"Decrescente";"Nublado";"Dupla";"Reta";"Urbano";2;0;0;1;1;0;1;2
83495182;"30/08/16";"Terça";"06:50:00";"DF";70;"11";"BRASILIA";"Falta de atenção";"Colisão traseira";"Sem Vítimas";"Amanhecer";"Decrescente";"Ceu Claro";"Dupla";"Reta";"Urbano";4;0;0;0;4;0;0;4
83495183;"01/09/16";"Quinta";"07:10:00";"RR";174;"507";"BOA VISTA";"Ingestão de álcool";"Colisão com objeto fixo";"Com Vítimas Feridas";"Pleno dia";"Decrescente";"Ceu Claro";"Dupla";"Reta";"Urbano";1;0;1;0;0;0;1;1
83495184;"28/08/16";"Domingo";"23:50:00";"SC";101;"312,9";"LAGUNA";"Falta de atenção";"Colisão frontal";"Sem Vítimas";"Plena noite";"Crescente";"Ceu Claro";"Simples";"Reta";"Urbano";2;0;0;0;2;0;0;2
83495185;"02/09/16";"Sexta";"07:30:00";"DF";60;"0,1";"BRASILIA";"Desobediência à sinalização";"Colisão com bicicleta";"Com Vítimas Feridas";"Pleno dia";"Decrescente";"Ceu Claro";"Dupla";"Reta";"Urbano";2;0;1;0;1;0;1;2
83495186;"30/08/16";"Terça";"15:22:00";"RO";364;"669";"CANDEIAS DO JAMARI";"Falta de atenção";"Queda de motocicleta / bicicleta / veículo";"Com Vítimas Feridas";"Pleno dia";"Crescente";"Chuva";"Simples";"Reta";"Rural";3;0;2;0;1;0;2;2
83495187;"30/01/16";"Sábado";"14:00:00";"CE";20;"380";"CAUCAIA";"Outras";"Colisão frontal";"Com Vítimas Fatais";"Pleno dia";"Crescente";"Sol";"Simples";"Reta";"Rural";4;1;1;2;0;0;3;2
83495188;"30/08/16";"Terça";"19:00:00";"GO";20;"182";"SIMOLANDIA";"Falta de atenção";"Colisão traseira";"Com Vítimas Feridas";"Plena noite";"Decrescente";"Ceu Claro";"Simples";"Reta";"Rural";2;0;1;0;1;0;1;2
83495189;"02/09/16";"Sexta";"09:12:00";"PE";232;"401,7";"SERRA TALHADA";"Não guardar distância de segurança";"Colisão traseira";"Com Vítimas Feridas";"Pleno dia";"Crescente";"Sol";"Simples";"Reta";"Rural";4;0;1;1;2;0;2;2
83495190;"30/08/16";"Terça";"02:30:00";"RS";285;"146";"MUITOS CAPOES";"Velocidade incompatível";"Saída de Pista";"Sem Vítimas";"Plena noite";"Decrescente";"Chuva";"Simples";"Curva";"Rural";1;0;0;0;1;0;0;1
83495191;"02/09/16";"Sexta";"07:30:00";"SC";101;"102,2";"PICARRAS";"Animais na Pista";"Saída de Pista";"Com Vítimas Feridas";"Pleno dia";"Decrescente";"Nublado";"Dupla";"Reta";"Urbano";2;0;2;0;0;0;2;1
83495192;"30/08/16";"Terça";"07:10:00";"DF";70;"11";"BRASILIA";"Falta de atenção";"Colisão lateral";"Com Vítimas Feridas";"Pleno dia";"Crescente";"Ceu Claro";"Simples";"Reta";"Urbano";2;0;1;0;1;0;1;2
83495193;"02/09/16";"Sexta";"09:30:00";"PR";116;"1,9";"CAMPINA GRANDE DO SUL";"Outras";"Capotamento";"Com Vítimas Feridas";"Pleno dia";"Decrescente";"Chuva";"Dupla";"Curva";"Rural";2;0;1;1;0;0;2;1
83495194;"28/08/16";"Domingo";"11:30:00";"ES";101;"376";"ICONHA";"Outras";"Tombamento";"Com Vítimas Feridas";"Pleno dia";"Crescente";"Ceu Claro";"Simples";"Curva";"Rural";1;0;0;1;0;0;1;1
83495195;"31/08/16";"Quarta";"23:15:00";"MT";364;"537";"ROSARIO OESTE";"Dormindo";"Colisão lateral";"Sem Vítimas";"Plena noite";"Decrescente";"Ceu Claro";"Simples";"Reta";"Rural";2;0;0;0;2;0;0;2
83495196;"02/09/16";"Sexta";"11:35:00";"PR";376;"651";"TIJUCAS DO SUL";"Velocidade incompatível";"Colisão com objeto fixo";"Sem Vítimas";"Pleno dia";"Decrescente";"Chuva";"Múltipla";"Curva";"Rural";1;0;0;0;1;0;0;1
83495198;"02/09/16";"Sexta";"09:20:00";"SC";116;"98,8";"MONTE CASTELO";"Falta de atenção";"Colisão Transversal";"Sem Vítimas";"Pleno dia";"Crescente";"Nublado";"Simples";"Reta";"Urbano";2;0;0;0;2;0;0;2
83495199;"02/09/16";"Sexta";"11:15:00";"AL";316;"149";"PALMEIRA DOS INDIOS";"Falta de atenção";"Colisão lateral";"Sem Vítimas";"Pleno dia";"Crescente";"Nublado";"Simples";"Cruzamento";"Rural";4;0;0;0;4;0;0;2
83495200;"27/08/16";"Sábado";"18:40:00";"SC";101;"58";"ARAQUARI";"Falta de atenção";"Saída de Pista";"Sem Vítimas";"Anoitecer";"Crescente";"Nublado";"Dupla";"Reta";"Urbano";1;0;0;0;1;0;0;1
83495201;"30/08/16";"Terça";"01:00:00";"ES";101;"288";"CARIACICA";"Velocidade incompatível";"Queda de motocicleta / bicicleta / veículo";"Com Vítimas Feridas";"Plena noite";"Crescente";"Nublado";"Dupla";"Reta";"Urbano";2;0;2;0;0;0;2;1
83495202;"31/08/16";"Quarta";"19:50:00";"RO";364;"515";"ARIQUEMES";"Falta de atenção";"Atropelamento de pessoa";"Com Vítimas Feridas";"Plena noite";"Crescente";"Ceu Claro";"Simples";"Reta";"Rural";2;0;1;0;0;1;1;1
83495203;"28/08/16";"Domingo";"19:15:00";"RJ";101;"321";"NITEROI";"Ingestão de álcool";"Colisão com objeto fixo";"Com Vítimas Feridas";"Plena noite";"Decrescente";"Ceu Claro";"Dupla";"Curva";"Urbano";3;0;3;0;0;0;3;1
83495204;"01/09/16";"Quinta";"19:30:00";"GO";153;"400";"PIRENOPOLIS";"Outras";"Colisão com objeto móvel";"Com Vítimas Feridas";"Plena noite";"Crescente";"Ceu Claro";"Simples";"Reta";"Rural";2;0;1;0;1;0;1;1
83495205;"02/09/16";"Sexta";"08:00:00";"PB";101;"119,4";"CAAPORA";"Falta de atenção";"Saída de Pista";"Sem Vítimas";"Pleno dia";"Decrescente";"Ceu Claro";"Dupla";"Curva";"Rural";1;0;0;0;1;0;0;1
83495206;"02/09/16";"Sexta";"08:20:00";"CE";116;"504";"BREJO SANTO";"Falta de atenção";"Saída de Pista";"Sem Vítimas";"Pleno dia";"Crescente";"Sol";"Simples";"Reta";"Urbano";3;0;0;0;3;0;0;3
83495207;"02/09/16";"Sexta";"10:30:00";"BA";101;"178";"SAO GONCALO DOS CAMPOS";"Outras";"Saída de Pista";"Sem Vítimas";"Pleno dia";"Crescente";"Chuva";"Simples";"Reta";"Rural";2;0;0;0;2;0;0;1
83495208;"02/09/16";"Sexta";"10:40:00";"RN";101;"75,4";"EXTREMOZ";"Outras";"Colisão com objeto fixo";"Com Vítimas Feridas";"Pleno dia";"Crescente";"Sol";"Dupla";"Curva";"Rural";1;0;0;1;0;0;1;1
83495209;"02/09/16";"Sexta";"09:50:00";"RJ";116;"181";"NOVA IGUACU";"Não guardar distância de segurança";"Colisão traseira";"Com Vítimas Feridas";"Pleno dia";"Decrescente";"Ceu Claro";"Dupla";"Reta";"Urbano";2;0;2;0;0;0;2;2
83495210;"02/09/16";"Sexta";"08:30:00";"RN";101;"95";"NATAL";"Não guardar distância de segurança";"Colisão lateral";"Com Vítimas Feridas";"Pleno dia";"Crescente";"Ceu Claro";"Simples";"Reta";"Urbano";3;0;1;0;2;0;1;3
83495212;"02/09/16";"Sexta";"08:25:00";"RN";101;"97";"NATAL";"Não guardar distância de segurança";"Colisão traseira";"Com Vítimas Feridas";"Pleno dia";"Decrescente";"Ceu Claro";"Dupla";"Reta";"Urbano";3;0;1;0;2;0;1;3
83495213;"02/09/16";"Sexta";"11:10:00";"MG";381;"525,5";"BRUMADINHO";"Velocidade incompatível";"Capotamento";"Sem Vítimas";"Pleno dia";"Crescente";"Ceu Claro";"Dupla";"Curva";"Rural";1;0;0;0;1;0;0;1
83495214;"02/09/16";"Sexta";"07:15:00";"AL";101;"133,6";"SAO MIGUEL DOS CAMPOS";"Falta de atenção";"Colisão Transversal";"Com Vítimas Fatais";"Pleno dia";"Decrescente";"Nublado";"Simples";"Reta";"Rural";3;1;0;1;1;0;1;2
83495215;"02/09/16";"Sexta";"12:30:00";"PR";376;"160";"MANDAGUACU";"Outras";"Saída de Pista";"Com Vítimas Feridas";"Pleno dia";"Decrescente";"Sol";"Dupla";"Reta";"Rural";1;0;1;0;0;0;1;1
83495216;"21/08/16";"Domingo";"14:00:00";"PB";101;"94,1";"CONDE";"Defeito mecânico em veículo";"Colisão lateral";"Com Vítimas Feridas";"Pleno dia";"Decrescente";"Nublado";"Dupla";"Reta";"Rural";4;0;3;0;1;0;3;2
83495217;"02/09/16";"Sexta";"03:20:00";"PR";369;"137";"IBIPORA";"Falta de atenção";"Colisão com objeto fixo";"Com Vítimas Feridas";"Plena noite";"Crescente";"Ceu Claro";"Dupla";"Reta";"Urbano";1;0;0;1;0;0;1;1
83495218;"02/09/16";"Sexta";"11:20:00";"MG";381;"685,3";"RIBEIRAO VERMELHO";"Não guardar distância de segurança";"Colisão traseira";"Sem Vítimas";"Pleno dia";"Decrescente";"Ceu Claro";"Dupla";"Curva";"Rural";2;0;0;0;2;0;0;2
83495219;"02/09/16";"Sexta";"07:20:00";"PR";373;"466";"CORONEL VIVIDA";"Velocidade incompatível";"Colisão Transversal";"Com Vítimas Fatais";"Pleno dia";"Crescente";"Ceu Claro";"Simples";"Reta";"Rural";2;1;0;0;1;0;0;2
83495220;"02/09/16";"Sexta";"10:00:00";"PE";101;"176";"AGUA PRETA";"Velocidade incompatível";"Colisão com objeto fixo";"Com Vítimas Feridas";"Pleno dia";"Decrescente";"Ceu Claro";"Dupla";"Curva";"Rural";1;0;1;0;0;0;1;1
83495222;"30/08/16";"Terça";"07:00:00";"SC";280;"55";"GUARAMIRIM";"Desobediência à sinalização";"Colisão Transversal";"Com Vítimas Feridas";"Pleno dia";"Crescente";"Nublado";"Simples";"Reta";"Urbano";2;0;1;0;1;0;1;2
83495223;"02/09/16";"Sexta";"11:30:00";"BA";116;"419";"FEIRA DE SANTANA";"Falta de atenção";"Colisão traseira";"Sem Vítimas";"Pleno dia";"Decrescente";"Nublado";"Dupla";"Reta";"Urbano";2;0;0;0;2;0;0;2
83495224;"02/09/16";"Sexta";"10:45:00";"RS";290;"556";"ALEGRETE";"Outras";"Saída de Pista";"Sem Vítimas";"Pleno dia";"Crescente";"Nublado";"Simples";"Reta";"Rural";1;0;0;0;1;0;0;1
83495225;"29/08/16";"Segunda";"15:30:00";"SP";116;"205";"ARUJA";"Falta de atenção";"Colisão traseira";"Com Vítimas Feridas";"Pleno dia";"Crescente";"Ceu Claro";"Dupla";"Reta";"Urbano";2;0;1;0;1;0;1;2
83495227;"28/08/16";"Domingo";"21:00:00";"PR";373;"176,3";"PONTA GROSSA";"Falta de atenção";"Colisão traseira";"Com Vítimas Feridas";"Plena noite";"Crescente";"Ignorada";"Dupla";"Reta";"Urbano";3;0;2;0;1;0;2;2
83495228;"30/05/16";"Segunda";"00:10:00";"MG";50;"203,9";"DELTA";"Dormindo";"Saída de Pista";"Sem Vítimas";"Plena noite";"Decrescente";"Ceu Claro";"Dupla";"Reta";"Rural";1;0;0;0;1;0;0;1
83495229;"29/08/16";"Segunda";"06:40:00";"MA";135;"8";"SAO LUIS";"Outras";"Colisão Transversal";"Sem Vítimas";"Pleno dia";"Crescente";"Ceu Claro";"Múltipla";"Reta";"Urbano";2;0;0;0;2;0;0;2
83495230;"01/09/16";"Quinta";"19:00:00";"AP";210;"2";"MACAPA";"Falta de atenção";"Atropelamento de pessoa";"Com Vítimas Feridas";"Plena noite";"Crescente";"Chuva";"Simples";"Reta";"Urbano";2;0;1;0;0;1;1;1
83495231;"02/09/16";"Sexta";"09:40:00";"BA";324;"543";"AMELIA RODRIGUES";"Outras";"Colisão traseira";"Sem Vítimas";"Pleno dia";"Decrescente";"Sol";"Dupla";"Reta";"Rural";2;0;0;0;2;0;0;2
83495232;"28/08/16";"Domingo";"19:15:00";"GO";153;"580";"PROFESSOR JAMIL";"Falta de atenção";"Colisão lateral";"Sem Vítimas";"Plena noite";"Crescente";"Ceu Claro";"Dupla";"Curva";"Rural";2;0;0;0;2;0;0;2
83495233;"02/09/16";"Sexta";"11:40:00";"TO";153;"665";"GURUPI";"Falta de atenção";"Colisão lateral";"Com Vítimas Feridas";"Pleno dia";"Crescente";"Sol";"Simples";"Reta";"Rural";2;0;2;0;0;0;2;2
83495234;"01/09/16";"Quinta";"05:30:00";"RS";290;"433,1";"SAO GABRIEL";"Outras";"Colisão frontal";"Com Vítimas Fatais";"Plena noite";"Crescente";"Nevoeiro/neblina";"Simples";"Reta";"Rural";3;1;2;0;0;0;2;2
83495235;"02/09/16";"Sexta";"10:45:00";"DF";40;"2,7";"BRASILIA";"Falta de atenção";"Colisão traseira";"Sem Vítimas";"Pleno dia";"Crescente";"Ceu Claro";"Múltipla";"Reta";"Urbano";2;0;0;0;2;0;0;2
83495236;"02/09/16";"Sexta";"10:30:00";"PE";232;"512";"SALGUEIRO";"Falta de atenção";"Colisão Transversal";"Com Vítimas Feridas";"Pleno dia";"Crescente";"Sol";"Simples";"Curva";"Urbano";3;0;1;1;1;0;2;2
83495237;"02/09/16";"Sexta";"12:00:00";"SC";101;"41,1";"JOINVILLE";"Velocidade incompatível";"Saída de Pista";"Com Vítimas Feridas";"Pleno dia";"Crescente";"Chuva";"Múltipla";"Curva";"Rural";3;0;1;0;1;1;1;2