"id";"data_inversa";"dia_semana";"horario";"uf";"br";"km";"municipio";"causa_acidente";"tipo_acidente";"classificacao_acidente";"fase_dia";"sentido_via";"condicao_metereologica";"tipo_pista";"tracado_via";"uso_solo";"pessoas";"mortos";"feridos_leves";"feridos_graves";"ilesos";"ignorados";"feridos";"veiculos"
83495461;"03/09/16";"Sábado";"07:20:00";"MT";364;"399,3";"CUIABA";"Falta de atenção";"Colisão traseira";"Sem Vítimas";"Amanhecer";"Crescente";"Chuva";"Simples";"Reta";"Urbano";2;0;0;0;2;0;0;2
83495462;"30/08/16";"Terça";"16:30:00";"PR";116;"46";"CAMPINA GRANDE DO SUL";"Velocidade incompatível";"Capotamento";"Sem Vítimas";"Pleno dia";"Decrescente";"Chuva";"Dupla";"Curva";"Rural";1;0;0;0;1;0;0;1
83495463;"03/09/16";"Sábado";"08:30:00";"PA";163;"1001";"SANTAREM";"Não guardar distância de segurança";"Colisão Transversal";"Com Vítimas Feridas";"Pleno dia";"Crescente";"Sol";"Simples";"Reta";"Urbano";2;0;1;0;1;0;1;2
83495464;"31/08/16";"Quarta";"04:20:00";"RS";116;"250";"SAO LEOPOLDO";"Falta de atenção";"Atropelamento de pessoa";"Com Vítimas Feridas";"Plena noite";"Decrescente";"Nublado";"Dupla";"Reta";"Urbano";2;0;0;1;1;0;1;1
83495465;"30/08/16";"Terça";"19:05:00";"BA";407;"223,2";"CAPIM GROSSO";"Animais na Pista";"Atropelamento de animal";"Com Vítimas Feridas";"Plena noite";"Decrescente";"Ceu Claro";"Simples";"Reta";"Rural";2;0;2;0;0;0;2;1
83495466;"30/08/16";"Terça";"18:50:00";"RJ";356;"48";"ITAPERUNA";"Não guardar distância de segurança";"Colisão traseira";"Sem Vítimas";"Plena noite";"Crescente";"Ignorada";"Simples";"Reta";"Rural";3;0;0;0;2;1;0;3
83495467;"01/09/16";"Quinta";"03:30:00";"RJ";116;"272";"BARRA MANSA";"Dormindo";"Colisão traseira";"Com Vítimas Feridas";"Plena noite";"Decrescente";"Nublado";"Dupla";"Reta";"Rural";2;0;0;1;1;0;1;2
83495468;"03/09/16";"Sábado";"01:30:00";"PR";277;"48";"MORRETES";"Animais na Pista";"Atropelamento de animal";"Sem Vítimas";"Plena noite";"Crescente";"Nevoeiro/neblina";"Dupla";"Curva";"Rural";1;0;0;0;1;0;0;1
83495469;"03/09/16";"Sábado";"07:00:00";"SP";116;"565";"BARRA DO TURVO";"Velocidade incompatível";"Colisão com objeto fixo";"Sem Vítimas";"Amanhecer";"Decrescente";"Chuva";"Dupla";"Curva";"Rural";2;0;0;0;2;0;0;1
83495470;"03/09/16";"Sábado";"07:15:00";"TO";153;"775,5";"TALISMA";"Dormindo";"Saída de Pista";"Sem Vítimas";"Pleno dia";"Decrescente";"Ceu Claro";"Simples";"Reta";"Rural";1;0;0;0;1;0;0;1
83495471;"31/08/16";"Quarta";"20:40:00";"SP";116;"379,5";"MIRACATU";"Falta de atenção";"Atropelamento de pessoa";"Com Vítimas Fatais";"Plena noite";"Decrescente";"Nublado";"Dupla";"Reta";"Rural";2;1;0;0;1;0;0;1
83495472;"03/09/16";"Sábado";"08:45:00";"SP";116;"516";"CAJATI";"Falta de atenção";"Tombamento";"Sem Vítimas";"Pleno dia";"Crescente";"Chuva";"Simples";"Reta";"Rural";1;0;0;0;1;0;0;1
83495474;"03/09/16";"Sábado";"11:00:00";"MA";316;"511,3";"CODO";"Outras";"Capotamento";"Sem Vítimas";"Pleno dia";"Crescente";"Sol";"Simples";"Curva";"Rural";1;0;0;0;1;0;0;1
83495475;"03/09/16";"Sábado";"10:30:00";"PR";277;"6";"PARANAGUA";"Outras";"Colisão com objeto fixo";"Com Vítimas Feridas";"Pleno dia";"Crescente";"Chuva";"Dupla";"Reta";"Urbano";2;0;1;0;1;0;1;2
83495476;"03/09/16";"Sábado";"10:55:00";"PR";376;"655,7";"TIJUCAS DO SUL";"Falta de atenção";"Colisão traseira";"Com Vítimas Feridas";"Pleno dia";"Decrescente";"Chuva";"Dupla";"Curva";"Rural";3;0;2;0;0;1;2;2
83495477;"03/09/16";"Sábado";"09:00:00";"RJ";393;"173";"TRES RIOS";"Ingestão de álcool";"Capotamento";"Sem Vítimas";"Pleno dia";"Decrescente";"Ceu Claro";"Simples";"Reta";"Rural";1;0;0;0;1;0;0;1
83495478;"03/09/16";"Sábado";"10:00:00";"SC";101;"396,1";"CRICIUMA";"Falta de atenção";"Colisão traseira";"Com Vítimas Feridas";"Pleno dia";"Crescente";"Ceu Claro";"Dupla";"Reta";"Rural";2;0;1;0;1;0;1;2
83495479;"01/09/16";"Quinta";"11:59:00";"BA";101;"666,2";"ITAPEBI";"Animais na Pista";"Saída de Pista";"Com Vítimas Feridas";"Plena noite";"Decrescente";"Nublado";"Simples";"Curva";"Rural";1;0;1;0;0;0;1;1
83495480;"31/08/16";"Quarta";"21:40:00";"PE";408;"80,7";"PAUDALHO";"Desobediência à sinalização";"Colisão Transversal";"Sem Vítimas";"Plena noite";"Crescente";"Nublado";"Dupla";"Curva";"Rural";2;0;0;0;2;0;0;2
83495481;"02/09/16";"Sexta";"17:40:00";"SP";116;"284,7";"EMBU";"Falta de atenção";"Atropelamento de pessoa";"Com Vítimas Feridas";"Anoitecer";"Decrescente";"Nublado";"Dupla";"Reta";"Urbano";2;0;0;1;1;0;1;1
83495482;"31/08/16";"Quarta";"06:10:00";"SP";116;"1";"GUARULHOS";"Dormindo";"Saída de Pista";"Sem Vítimas";"Amanhecer";"Crescente";"Nublado";"Dupla";"Reta";"Urbano";1;0;0;0;1;0;0;1
83495483;"30/08/16";"Terça";"18:45:00";"SP";116;"225";"GUARULHOS";"Dormindo";"Capotamento";"Sem Vítimas";"Plena noite";"Crescente";"Nublado";"Múltipla";"Reta";"Urbano";2;0;0;0;2;0;0;2
83495484;"03/09/16";"Sábado";"11:00:00";"SC";282;"54";"AGUAS MORNAS";"Falta de atenção";"Saída de Pista";"Sem Vítimas";"Pleno dia";"Decrescente";"Nublado";"Simples";"Curva";"Rural";1;0;0;0;1;0;0;1
83495485;"03/09/16";"Sábado";"10:30:00";"SC";282;"665,6";"PARAISO";"Desobediência à sinalização";"Colisão Transversal";"Sem Vítimas";"Pleno dia";"Decrescente";"Chuva";"Simples";"Reta";"Rural";2;0;0;0;2;0;0;2
83495486;"03/09/16";"Sábado";"13:00:00";"RS";290;"2";"OSORIO";"Velocidade incompatível";"Capotamento";"Com Vítimas Feridas";"Pleno dia";"Decrescente";"Chuva";"Dupla";"Reta";"Rural";1;0;1;0;0;0;1;1
83495487;"03/09/16";"Sábado";"07:00:00";"PB";230;"42";"SANTA RITA";"Falta de atenção";"Colisão com objeto fixo";"Com Vítimas Feridas";"Pleno dia";"Decrescente";"Ceu Claro";"Dupla";"Curva";"Urbano";2;0;2;0;0;0;2;1
83495488;"03/09/16";"Sábado";"06:45:00";"MS";60;"358";"CAMPO GRANDE";"Outras";"Queda de motocicleta / bicicleta / veículo";"Com Vítimas Feridas";"Pleno dia";"Decrescente";"Chuva";"Simples";"Reta";"Rural";1;0;0;1;0;0;1;1
83495489;"03/09/16";"Sábado";"09:00:00";"PR";116;"79";"PIRAQUARA";"Falta de atenção";"Atropelamento de pessoa";"Com Vítimas Fatais";"Pleno dia";"Crescente";"Nublado";"Dupla";"Reta";"Rural";2;1;0;0;1;0;0;1
83495490;"03/09/16";"Sábado";"10:35:00";"MA";316;"255";"PINDARE MIRIM";"Falta de atenção";"Atropelamento de pessoa";"Com Vítimas Fatais";"Pleno dia";"Crescente";"Ceu Claro";"Simples";"Reta";"Urbano";2;1;0;0;1;0;0;1
83495491;"03/09/16";"Sábado";"13:00:00";"MG";40;"616";"CONGONHAS";"Outras";"Colisão com objeto fixo";"Sem Vítimas";"Pleno dia";"Decrescente";"Ceu Claro";"Simples";"Reta";"Rural";1;0;0;0;1;0;0;1
83495492;"03/09/16";"Sábado";"09:20:00";"SC";158;"106,2";"CUNHA PORA";"Outras";"Saída de Pista";"Sem Vítimas";"Pleno dia";"Crescente";"Nublado";"Simples";"Curva";"Rural";1;0;0;0;1;0;0;1
83495493;"01/09/16";"Quinta";"15:00:00";"MG";365;"253";"BURITIZEIRO";"Velocidade incompatível";"Saída de Pista";"Sem Vítimas";"Plena noite";"Crescente";"Chuva";"Simples";"Curva";"Rural";1;0;0;0;1;0;0;1
83495494;"03/09/16";"Sábado";"04:45:00";"BA";324;"584";"CANDEIAS";"Outras";"Saída de Pista";"Sem Vítimas";"Plena noite";"Crescente";"Chuva";"Dupla";"Reta";"Rural";1;0;0;0;1;0;0;1
83495495;"30/08/16";"Terça";"20:08:00";"RS";471;"687,5";"SANTA VITORIA DO PALMAR";"Outras";"Saída de Pista";"Sem Vítimas";"Plena noite";"Decrescente";"Nublado";"Simples";"Reta";"Rural";1;0;0;0;1;0;0;1
83495496;"03/09/16";"Sábado";"13:20:00";"MA";316;"524,8";"CAXIAS";"Ultrapassagem indevida";"Saída de Pista";"Sem Vítimas";"Pleno dia";"Decrescente";"Sol";"Simples";"Reta";"Urbano";3;0;0;0;3;0;0;2
83495497;"03/09/16";"Sábado";"12:30:00";"PR";277;"160";"PORTO AMAZONAS";"Velocidade incompatível";"Capotamento";"Com Vítimas Feridas";"Pleno dia";"Crescente";"Chuva";"Simples";"Reta";"Rural";2;0;1;1;0;0;2;1
83495498;"03/09/16";"Sábado";"13:00:00";"RJ";40;"86";"PETROPOLIS";"Não guardar distância de segurança";"Colisão lateral";"Sem Vítimas";"Pleno dia";"Decrescente";"Ceu Claro";"Simples";"Reta";"Rural";2;0;0;0;2;0;0;2
83495499;"30/08/16";"Terça";"15:15:00";"MG";116;"380,1";"MATHIAS LOBATO";"Velocidade incompatível";"Saída de Pista";"Com Vítimas Feridas";"Pleno dia";"Decrescente";"Ceu Claro";"Simples";"Curva";"Rural";1;0;1;0;0;0;1;1
83495500;"03/09/16";"Sábado";"03:50:00";"PA";230;"627";"ALTAMIRA";"Ingestão de álcool";"Atropelamento de pessoa";"Com Vítimas Feridas";"Plena noite";"Decrescente";"Nublado";"Dupla";"Reta";"Urbano";3;0;3;0;0;0;3;1
83495501;"03/09/16";"Sábado";"13:05:00";"RS";386;"157";"ALMIRANTE TAMANDARE DO SUL";"Velocidade incompatível";"Saída de Pista";"Com Vítimas Feridas";"Pleno dia";"Decrescente";"Chuva";"Simples";"Curva";"Rural";5;0;3;0;2;0;3;1
83495502;"03/09/16";"Sábado";"10:35:00";"BA";324;"592";"CANDEIAS";"Outras";"Capotamento";"Sem Vítimas";"Pleno dia";"Decrescente";"Chuva";"Dupla";"Curva";"Rural";1;0;0;0;1;0;0;1
83495504;"02/09/16";"Sexta";"05:21:00";"MS";262;"463,8";"ANASTACIO";"Animais na Pista";"Saída de Pista";"Com Vítimas Feridas";"Plena noite";"Decrescente";"Ceu Claro";"Simples";"Reta";"Rural";2;0;1;1;0;0;2;1
83495505;"03/09/16";"Sábado";"13:35:00";"RS";392;"61";"PELOTAS";"Falta de atenção";"Colisão frontal";"Com Vítimas Feridas";"Pleno dia";"Crescente";"Chuva";"Simples";"Curva";"Rural";6;0;3;2;1;0;5;2
83495506;"31/08/16";"Quarta";"07:45:00";"MS";163;"527,1";"JARAGUARI";"Falta de atenção";"Colisão traseira";"Sem Vítimas";"Pleno dia";"Decrescente";"Ceu Claro";"Simples";"Reta";"Rural";2;0;0;0;2;0;0;2
83495507;"03/09/16";"Sábado";"10:40:00";"MG";262;"35,2";"MANHUACU";"Outras";"Queda de motocicleta / bicicleta / veículo";"Com Vítimas Feridas";"Pleno dia";"Decrescente";"Nublado";"Simples";"Curva";"Urbano";1;0;1;0;0;0;1;1
83495508;"03/09/16";"Sábado";"12:51:00";"SC";101;"210";"SAO JOSE";"Não guardar distância de segurança";"Colisão traseira";"Com Vítimas Feridas";"Plena noite";"Decrescente";"Nublado";"Dupla";"Reta";"Urbano";2;0;0;1;1;0;1;2
83495509;"02/09/16";"Sexta";"22:30:00";"RS";470;"227,9";"GARIBALDI";"Falta de atenção";"Saída de Pista";"Sem Vítimas";"Plena noite";"Decrescente";"Nevoeiro/neblina";"Simples";"Reta";"Urbano";2;0;0;0;2;0;0;1
83495510;"03/09/16";"Sábado";"08:30:00";"AC";364;"111";"RIO BRANCO";"Falta de atenção";"Colisão lateral";"Com Vítimas Feridas";"Pleno dia";"Crescente";"Ceu Claro";"Simples";"Reta";"Urbano";2;0;1;0;1;0;1;2
83495511;"03/09/16";"Sábado";"05:45:00";"MS";163;"217,1";"CAARAPO";"Ingestão de álcool";"Saída de Pista";"Sem Vítimas";"Amanhecer";"Crescente";"Nublado";"Simples";"Reta";"Urbano";1;0;0;0;1;0;0;1
83495512;"02/09/16";"Sexta";"06:45:00";"BA";242;"368";"SEABRA";"Falta de atenção";"Colisão Transversal";"Com Vítimas Fatais";"Pleno dia";"Crescente";"Ceu Claro";"Simples";"Reta";"Rural";2;1;0;0;1;0;0;2
83495513;"03/09/16";"Sábado";"09:20:00";"MG";381;"746,9";"TRES CORACOES";"Velocidade incompatível";"Derramamento de Carga";"Sem Vítimas";"Pleno dia";"Decrescente";"Ceu Claro";"Dupla";"Curva";"Rural";1;0;0;0;1;0;0;1
83495514;"03/09/16";"Sábado";"14:30:00";"SC";116;"267,7";"CAPAO ALTO";"Falta de atenção";"Colisão Transversal";"Com Vítimas Feridas";"Pleno dia";"Crescente";"Nublado";"Simples";"Cruzamento";"Rural";3;0;1;1;1;0;2;2
83495515;"03/09/16";"Sábado";"15:40:00";"SC";101;"141,6";"BALNEARIO CAMBORIU";"Outras";"Tombamento";"Sem Vítimas";"Pleno dia";"Crescente";"Chuva";"Dupla";"Curva";"Urbano";1;0;0;0;1;0;0;1
83495516;"25/08/16";"Quinta";"11:40:00";"RJ";101;"119";"CAMPOS DOS GOYTACAZES";"Outras";"Colisão com objeto móvel";"Sem Vítimas";"Pleno dia";"Crescente";"Ceu Claro";"Simples";"Reta";"Rural";3;0;0;0;3;0;0;1
83495517;"03/09/16";"Sábado";"13:50:00";"SC";101;"197,4";"BIGUACU";"Falta de atenção";"Colisão traseira";"Com Vítimas Feridas";"Pleno dia";"Crescente";"Chuva";"Múltipla";"Cruzamento";"Urbano";3;0;2;0;1;0;2;2
83495518;"08/02/16";"Segunda";"07:30:00";"BA";101;"529";"BUERAREMA";"Outras";"Saída de Pista";"Com Vítimas Feridas";"Pleno dia";"Crescente";"Sol";"Simples";"Curva";"Rural";6;0;5;1;0;0;6;1
83495519;"03/09/16";"Sábado";"11:50:00";"RS";285;"264";"MATO CASTELHANO";"Falta de atenção";"Colisão Transversal";"Com Vítimas Feridas";"Pleno dia";"Crescente";"Chuva";"Simples";"Reta";"Rural";4;0;1;0;3;0;1;2
83495520;"19/07/16";"Terça";"14:28:00";"MT";163;"111";"RONDONOPOLIS";"Outras";"Queda de motocicleta / bicicleta / veículo";"Com Vítimas Feridas";"Pleno dia";"Crescente";"Ignorada";"Dupla";"Reta";"Urbano";1;0;1;0;0;0;1;1
83495521;"03/09/16";"Sábado";"14:00:00";"SC";101;"175";"BIGUACU";"Falta de atenção";"Queda de motocicleta / bicicleta / veículo";"Com Vítimas Feridas";"Pleno dia";"Decrescente";"Chuva";"Dupla";"Curva";"Rural";1;0;1;0;0;0;1;1
83495522;"01/09/16";"Quinta";"18:10:00";"RS";392;"32";"PELOTAS";"Velocidade incompatível";"Saída de Pista";"Com Vítimas Feridas";"Plena noite";"Crescente";"Ceu Claro";"Dupla";"Curva";"Rural";1;0;0;1;0;0;1;1
83495523;"03/09/16";"Sábado";"15:30:00";"PR";277;"26";"PARANAGUA";"Velocidade incompatível";"Saída de Pista";"Sem Vítimas";"Pleno dia";"Crescente";"Chuva";"Dupla";"Reta";"Rural";1;0;0;0;1;0;0;1
83495524;"03/09/16";"Sábado";"15:08:00";"SC";101;"203";"SAO JOSE";"Não guardar distância de segurança";"Colisão lateral";"Com Vítimas Feridas";"Plena noite";"Crescente";"Nublado";"Dupla";"Curva";"Urbano";2;0;1;0;1;0;1;2
83495525;"03/09/16";"Sábado";"09:55:00";"RN";406;"151";"CEARA-MIRIM";"Outras";"Colisão Transversal";"Com Vítimas Feridas";"Pleno dia";"Decrescente";"Sol";"Simples";"Reta";"Urbano";3;0;0;2;1;0;2;2
83495526;"03/09/16";"Sábado";"07:00:00";"PR";376;"635";"SAO JOSE DOS PINHAIS";"Falta de atenção";"Danos Eventuais";"Com Vítimas Feridas";"Pleno dia";"Crescente";"Ceu Claro";"Dupla";"Reta";"Rural";2;0;1;0;1;0;1;1
83495527;"03/09/16";"Sábado";"16:10:00";"RJ";101;"305";"SAO GONCALO";"Outras";"Capotamento";"Com Vítimas Feridas";"Pleno dia";"Decrescente";"Ceu Claro";"Dupla";"Reta";"Urbano";1;0;1;0;0;0;1;1
83495528;"03/09/16";"Sábado";"11:55:00";"RS";386;"436";"NOVA SANTA RITA";"Ingestão de álcool";"Colisão lateral";"Sem Vítimas";"Pleno dia";"Decrescente";"Chuva";"Dupla";"Reta";"Urbano";2;0;0;0;2;0;0;2
83495529;"03/09/16";"Sábado";"14:15:00";"MA";10;"178";"CAMPESTRE DO MARANHAO";"Outras";"Atropelamento de pessoa";"Com Vítimas Feridas";"Pleno dia";"Decrescente";"Ceu Claro";"Simples";"Reta";"Urbano";2;0;0;1;1;0;1;1
83495530;"03/09/16";"Sábado";"06:45:00";"SP";153;"53,8";"SAO JOSE DO RIO PRETO";"Defeito na via";"Queda de motocicleta / bicicleta / veículo";"Com Vítimas Feridas";"Pleno dia";"Decrescente";"Ceu Claro";"Dupla";"Curva";"Rural";1;0;0;1;0;0;1;1
83495532;"23/08/16";"Terça";"19:50:00";"RN";406;"103,2";"JOAO CAMARA";"Desobediência à sinalização";"Colisão Transversal";"Com Vítimas Feridas";"Plena noite";"Crescente";"Ceu Claro";"Simples";"Reta";"Urbano";3;0;2;0;1;0;2;2
83495533;"03/09/16";"Sábado";"10:20:00";"MG";381;"452,8";"SABARA";"Falta de atenção";"Colisão frontal";"Com Vítimas Feridas";"Pleno dia";"Crescente";"Sol";"Simples";"Curva";"Urbano";3;0;1;0;2;0;1;3
83495534;"03/09/16";"Sábado";"13:20:00";"GO";153;"329";"RIANAPOLIS";"Outras";"Saída de Pista";"Com Vítimas Feridas";"Pleno dia";"Decrescente";"Ceu Claro";"Simples";"Reta";"Rural";3;0;2;1;0;0;3;1
83495535;"03/09/16";"Sábado";"12:10:00";"PE";408;"60";"TRACUNHAEM";"Não guardar distância de segurança";"Colisão traseira";"Com Vítimas Feridas";"Pleno dia";"Decrescente";"Ceu Claro";"Simples";"Reta";"Rural";6;0;1;0;5;0;1;2
83495536;"03/09/16";"Sábado";"16:00:00";"PR";277;"101";"CURITIBA";"Velocidade incompatível";"Saída de Pista";"Sem Vítimas";"Pleno dia";"Decrescente";"Chuva";"Dupla";"Curva";"Rural";5;0;0;0;5;0;0;2
83495538;"31/08/16";"Quarta";"17:30:00";"BA";101;"216";"CRUZ DAS ALMAS";"Falta de atenção";"Colisão lateral";"Com Vítimas Fatais";"Anoitecer";"Crescente";"Nublado";"Simples";"Curva";"Rural";2;1;0;0;1;0;0;2
83495539;"03/09/16";"Sábado";"15:20:00";"PR";277;"101";"CURITIBA";"Velocidade incompatível";"Capotamento";"Com Vítimas Feridas";"Pleno dia";"Decrescente";"Chuva";"Dupla";"Curva";"Rural";3;0;0;3;0;0;3;1
83495540;"03/09/16";"Sábado";"16:00:00";"PR";376;"622";"SAO JOSE DOS PINHAIS";"Velocidade incompatível";"Queda de motocicleta / bicicleta / veículo";"Com Vítimas Feridas";"Pleno dia";"Decrescente";"Chuva";"Simples";"Reta";"Rural";5;0;2;0;3;0;2;4
83495541;"03/09/16";"Sábado";"13:40:00";"CE";222;"68,4";"SAO GONCALO DO AMARANTE";"Defeito mecânico em veículo";"Saída de Pista";"Sem Vítimas";"Pleno dia";"Crescente";"Ceu Claro";"Simples";"Reta";"Rural";1;0;0;0;1;0;0;1
83495542;"03/09/16";"Sábado";"16:20:00";"SC";470;"229,8";"SAO CRISTOVAO DO SUL";"Velocidade incompatível";"Capotamento";"Com Vítimas Feridas";"Pleno dia";"Decrescente";"Chuva";"Simples";"Curva";"Rural";1;0;0;1;0;0;1;1
83495543;"27/08/16";"Sábado";"12:50:00";"RN";406;"170";"SAO GONCALO DO AMARANTE";"Falta de atenção";"Colisão com objeto fixo";"Com Vítimas Feridas";"Pleno dia";"Decrescente";"Sol";"Dupla";"Reta";"Urbano";1;0;0;1;0;0;1;1
83495544;"03/09/16";"Sábado";"15:15:00";"MG";365;"654,5";"UBERLANDIA";"Defeito mecânico em veículo";"Capotamento";"Com Vítimas Feridas";"Pleno dia";"Crescente";"Ceu Claro";"Dupla";"Curva";"Rural";2;0;2;0;0;0;2;1
83495545;"03/09/16";"Sábado";"10:10:00";"AP";210;"5";"MACAPA";"Falta de atenção";"Colisão com bicicleta";"Com Vítimas Feridas";"Pleno dia";"Decrescente";"Ceu Claro";"Dupla";"Reta";"Urbano";2;0;1;0;1;0;1;2
83495546;"30/08/16";"Terça";"08:50:00";"PI";343;"271,4";"CAMPO MAIOR";"Animais na Pista";"Atropelamento de animal";"Sem Vítimas";"Pleno dia";"Crescente";"Sol";"Simples";"Reta";"Rural";1;0;0;0;1;0;0;1
83495548;"03/09/16";"Sábado";"16:40:00";"PR";277;"705,4";"SAO MIGUEL DO IGUACU";"Outras";"Tombamento";"Sem Vítimas";"Pleno dia";"Crescente";"Nublado";"Dupla";"Reta";"Urbano";1;0;0;0;1;0;0;1
83495549;"03/09/16";"Sábado";"15:00:00";"CE";20;"234";"MADALENA";"Outras";"Saída de Pista";"Com Vítimas Feridas";"Pleno dia";"Decrescente";"Ceu Claro";"Simples";"Curva";"Rural";1;0;1;0;0;0;1;1
83495550;"31/08/16";"Quarta";"07:15:00";"PR";369;"182,5";"ARAPONGAS";"Outras";"Colisão com bicicleta";"Com Vítimas Feridas";"Amanhecer";"Crescente";"Nublado";"Dupla";"Reta";"Urbano";2;0;1;0;1;0;1;2
83495551;"03/09/16";"Sábado";"11:20:00";"BA";324;"614";"SALVADOR";"Falta de atenção";"Colisão traseira";"Sem Vítimas";"Pleno dia";"Decrescente";"Ceu Claro";"Dupla";"Reta";"Urbano";2;0;0;0;2;0;0;2
83495552;"03/09/16";"Sábado";"12:45:00";"SC";470;"229,9";"SAO CRISTOVAO DO SUL";"Velocidade incompatível";"Saída de Pista";"Sem Vítimas";"Pleno dia";"Decrescente";"Nublado";"Simples";"Curva";"Rural";1;0;0;0;1;0;0;1
83495553;"30/08/16";"Terça";"14:20:00";"PE";101;"50,9";"ABREU E LIMA";"Ingestão de álcool";"Colisão traseira";"Sem Vítimas";"Pleno dia";"Crescente";"Nublado";"Múltipla";"Reta";"Urbano";4;0;0;0;4;0;0;2
83495554;"03/09/16";"Sábado";"16:40:00";"PR";116;"0,5";"CAMPINA GRANDE DO SUL";"Velocidade incompatível";"Capotamento";"Com Vítimas Feridas";"Pleno dia";"Decrescente";"Chuva";"Dupla";"Curva";"Rural";1;0;1;0;0;0;1;1
83495556;"30/08/16";"Terça";"11:10:00";"SC";101;"79";"ARAQUARI";"Velocidade incompatível";"Colisão com objeto fixo";"Sem Vítimas";"Pleno dia";"Crescente";"Nublado";"Dupla";"Reta";"Rural";1;0;0;0;1;0;0;1
83495557;"07/08/16";"Domingo";"00:15:00";"PR";272;"364";"CAMPO MOURAO";"Outras";"Atropelamento de pessoa";"Com Vítimas Feridas";"Plena noite";"Decrescente";"Ignorada";"Dupla";"Reta";"Urbano";2;0;0;2;0;0;2;1
83495559;"03/09/16";"Sábado";"16:10:00";"SC";101;"232,3";"PALHOCA";"Outras";"Colisão com objeto fixo";"Sem Vítimas";"Pleno dia";"Decrescente";"Chuva";"Dupla";"Curva";"Rural";1;0;0;0;1;0;0;1
83495560;"03/09/16";"Sábado";"15:15:00";"BA";110;"61";"JEREMOABO";"Outras";"Tombamento";"Sem Vítimas";"Pleno dia";"Crescente";"Chuva";"Simples";"Curva";"Rural";1;0;0;0;1;0;0;1
83495561;"27/08/16";"Sábado";"02:20:00";"MG";50;"102";"UBERLANDIA";"Animais na Pista";"Atropelamento de animal";"Com Vítimas Feridas";"Plena noite";"Decrescente";"Ceu Claro";"Dupla";"Reta";"Rural";1;0;1;0;0;0;1;1
83495562;"03/09/16";"Sábado";"10:20:00";"MG";381;"490,2";"BETIM";"Velocidade incompatível";"Colisão com objeto fixo";"Sem Vítimas";"Pleno dia";"Crescente";"Ceu Claro";"Dupla";"Curva";"Urbano";1;0;0;0;1;0;0;1
83495563;"03/09/16";"Sábado";"18:00:00";"SC";101;"187,5";"BIGUACU";"Outras";"Queda de motocicleta / bicicleta / veículo";"Com Vítimas Feridas";"Plena noite";"Decrescente";"Chuva";"Dupla";"Reta";"Urbano";1;0;1;0;0;0;1;1
83495564;"03/09/16";"Sábado";"07:30:00";"GO";20;"25,5";"FORMOSA";"Outras";"Saída de Pista";"Com Vítimas Fatais";"Pleno dia";"Crescente";"Ceu Claro";"Simples";"Reta";"Rural";5;1;3;0;1;0;3;1
83495565;"03/09/16";"Sábado";"17:00:00";"PR";116;"10";"COLOMBO";"Outras";"Saída de Pista";"Com Vítimas Feridas";"Anoitecer";"Crescente";"Chuva";"Dupla";"Reta";"Urbano";1;0;1;0;0;0;1;1
83495566;"03/09/16";"Sábado";"18:10:00";"SP";153;"256,5";"MARILIA";"Outras";"Colisão com objeto fixo";"Com Vítimas Feridas";"Anoitecer";"Decrescente";"Chuva";"Dupla";"Curva";"Urbano";1;0;1;0;0;0;1;1
83495567;"03/09/16";"Sábado";"14:40:00";"GO";60;"46,5";"ALEXANIA";"Velocidade incompatível";"Saída de Pista";"Com Vítimas Feridas";"Pleno dia";"Decrescente";"Ceu Claro";"Dupla";"Reta";"Rural";2;0;2;0;0;0;2;1
83495568;"03/09/16";"Sábado";"16:50:00";"PE";232;"415,6";"SERRA TALHADA";"Ingestão de álcool";"Colisão traseira";"Com Vítimas Feridas";"Pleno dia";"Decrescente";"Ceu Claro";"Simples";"Reta";"Rural";2;0;1;0;1;0;1;2
83495569;"03/09/16";"Sábado";"12:30:00";"BA";242;"752";"BARREIRAS";"Defeito mecânico em veículo";"Saída de Pista";"Com Vítimas Fatais";"Pleno dia";"Crescente";"Ceu Claro";"Simples";"Reta";"Rural";2;1;1;0;0;0;1;1
83495570;"03/09/16";"Sábado";"15:37:00";"SC";470;"23,8";"ILHOTA";"Falta de atenção";"Colisão lateral";"Com Vítimas Feridas";"Pleno dia";"Crescente";"Chuva";"Simples";"Reta";"Rural";4;0;3;0;1;0;3;3
83495571;"03/09/16";"Sábado";"17:30:00";"PR";277;"37,5";"MORRETES";"Falta de atenção";"Saída de Pista";"Com Vítimas Feridas";"Pleno dia";"Decrescente";"Chuva";"Dupla";"Reta";"Rural";1;0;1;0;0;0;1;1
83495573;"03/09/16";"Sábado";"16:45:00";"RS";392;"67";"PELOTAS";"Desobediência à sinalização";"Colisão Transversal";"Com Vítimas Feridas";"Pleno dia";"Crescente";"Chuva";"Simples";"Reta";"Urbano";6;0;4;0;2;0;4;2
83495574;"03/09/16";"Sábado";"17:00:00";"MG";40;"474";"SETE LAGOAS";"Defeito mecânico em veículo";"Colisão com objeto fixo";"Com Vítimas Feridas";"Pleno dia";"Decrescente";"Ceu Claro";"Dupla";"Curva";"Rural";1;0;1;0;0;0;1;1
83495575;"03/09/16";"Sábado";"18:05:00";"RJ";40;"124,1";"DUQUE DE CAXIAS";"Outras";"Colisão com objeto fixo";"Com Vítimas Feridas";"Plena noite";"Crescente";"Nublado";"Múltipla";"Reta";"Urbano";1;0;1;0;0;0;1;1
83495576;"03/09/16";"Sábado";"17:35:00";"SC";101;"6";"GARUVA";"Falta de atenção";"Colisão com objeto fixo";"Sem Vítimas";"Pleno dia";"Crescente";"Chuva";"Dupla";"Curva";"Rural";1;0;0;0;1;0;0;1