"id";"data_inversa";"dia_semana";"horario";"uf";"br";"km";"municipio";"causa_acidente";"tipo_acidente";"classificacao_acidente";"fase_dia";"sentido_via";"condicao_metereologica";"tipo_pista";"tracado_via";"uso_solo";"pessoas";"mortos";"feridos_leves";"feridos_graves";"ilesos";"ignorados";"feridos";"veiculos"
83495577;"03/09/16";"Sábado";"10:20:00";"BA";116;"909,7";"CANDIDO SALES";"Defeito mecânico em veículo";"Colisão lateral";"Com Vítimas Feridas";"Pleno dia";"Decrescente";"Ceu Claro";"Simples";"Reta";"Urbano";4;0;1;0;3;0;1;4
83495578;"30/08/16";"Terça";"15:50:00";"ES";262;"92";"DOMINGOS MARTINS";"Outras";"Tombamento";"Com Vítimas Feridas";"Pleno dia";"Crescente";"Ceu Claro";"Simples";"Curva";"Rural";1;0;1;0;0;0;1;1
83495579;"03/09/16";"Sábado";"13:50:00";"RO";364;"231";"CACOAL";"Defeito mecânico em veículo";"Tombamento";"Com Vítimas Feridas";"Pleno dia";"Crescente";"Nublado";"Simples";"Reta";"Rural";2;0;2;0;0;0;2;1
83495582;"03/09/16";"Sábado";"16:20:00";"MG";40;"632,1";"CONSELHEIRO LAFAIETE";"Desobediência à sinalização";"Colisão Transversal";"Sem Vítimas";"Pleno dia";"Decrescente";"Sol";"Dupla";"Reta";"Urbano";4;0;0;0;1;3;0;2
83495583;"03/09/16";"Sábado";"18:35:00";"RJ";393;"279";"BARRA DO PIRAI";"Falta de atenção";"Colisão Transversal";"Com Vítimas Feridas";"Plena noite";"Crescente";"Ceu Claro";"Simples";"Reta";"Urbano";3;0;1;0;1;1;1;2
83495584;"03/09/16";"Sábado";"17:55:00";"PR";376;"153";"MANDAGUACU";"Falta de atenção";"Colisão traseira";"Com Vítimas Feridas";"Anoitecer";"Crescente";"Chuva";"Simples";"Reta";"Rural";4;0;1;0;3;0;1;3
83495585;"01/09/16";"Quinta";"08:15:00";"SC";101;"374,3";"ICARA";"Falta de atenção";"Colisão traseira";"Com Vítimas Feridas";"Pleno dia";"Crescente";"Ceu Claro";"Dupla";"Reta";"Rural";3;0;1;0;2;0;1;2
83495586;"03/09/16";"Sábado";"10:30:00";"MG";262;"439,7";"BOM DESPACHO";"Ingestão de álcool";"Colisão com objeto fixo";"Sem Vítimas";"Pleno dia";"Decrescente";"Ceu Claro";"Dupla";"Reta";"Rural";2;0;0;0;2;0;0;1
83495587;"03/09/16";"Sábado";"18:50:00";"MG";381;"875,5";"ESTIVA";"Falta de atenção";"Saída de Pista";"Sem Vítimas";"Plena noite";"Decrescente";"Ignorada";"Dupla";"Reta";"Rural";1;0;0;0;1;0;0;1
83495588;"03/09/16";"Sábado";"06:10:00";"BA";116;"739,5";"BOA NOVA";"Outras";"Atropelamento de pessoa";"Com Vítimas Fatais";"Pleno dia";"Decrescente";"Ceu Claro";"Simples";"Reta";"Rural";2;1;0;0;1;0;0;1
83495589;"03/09/16";"Sábado";"17:15:00";"PR";376;"626";"SAO JOSE DOS PINHAIS";"Não guardar distância de segurança";"Colisão traseira";"Com Vítimas Feridas";"Anoitecer";"Decrescente";"Chuva";"Dupla";"Reta";"Rural";3;0;1;0;2;0;1;2
83495590;"03/09/16";"Sábado";"15:00:00";"MG";116;"277,5";"TEOFILO OTONI";"Velocidade incompatível";"Queda de motocicleta / bicicleta / veículo";"Com Vítimas Feridas";"Pleno dia";"Decrescente";"Ceu Claro";"Dupla";"Reta";"Urbano";1;0;0;1;0;0;1;1
83495591;"03/09/16";"Sábado";"19:30:00";"RJ";101;"90";"CAMPOS DOS GOYTACAZES";"Velocidade incompatível";"Saída de Pista";"Com Vítimas Feridas";"Pleno dia";"Crescente";"Ceu Claro";"Simples";"Curva";"Rural";1;0;1;0;0;0;1;1
83495592;"03/09/16";"Sábado";"16:50:00";"SC";282;"532,2";"CHAPECO";"Não guardar distância de segurança";"Colisão traseira";"Sem Vítimas";"Pleno dia";"Crescente";"Chuva";"Dupla";"Reta";"Urbano";2;0;0;0;2;0;0;2
83495593;"03/09/16";"Sábado";"16:50:00";"MS";262;"577";"MIRANDA";"Não guardar distância de segurança";"Saída de Pista";"Com Vítimas Feridas";"Pleno dia";"Decrescente";"Chuva";"Simples";"Reta";"Rural";3;0;1;2;0;0;3;1
83495594;"03/09/16";"Sábado";"19:00:00";"RS";470;"223,1";"GARIBALDI";"Ingestão de álcool";"Colisão frontal";"Com Vítimas Feridas";"Plena noite";"Decrescente";"Chuva";"Simples";"Reta";"Rural";2;0;0;2;0;0;2;2
83495595;"28/08/16";"Domingo";"21:10:00";"GO";40;"9,9";"LUZIANIA";"Outras";"Colisão com objeto fixo";"Ignorado";"Plena noite";"Decrescente";"Ceu Claro";"Dupla";"Reta";"Rural";1;0;0;0;0;1;0;1
83495596;"08/04/16";"Sexta";"19:05:00";"PR";376;"645";"TIJUCAS DO SUL";"Falta de atenção";"Atropelamento de pessoa";"Com Vítimas Feridas";"Plena noite";"Crescente";"Nevoeiro/neblina";"Dupla";"Reta";"Rural";2;0;0;1;0;1;1;1
83495597;"03/09/16";"Sábado";"15:30:00";"RJ";101;"303";"SAO GONCALO";"Outras";"Queda de motocicleta / bicicleta / veículo";"Com Vítimas Feridas";"Pleno dia";"Decrescente";"Ceu Claro";"Simples";"Curva";"Rural";2;0;1;0;1;0;1;1
83495598;"03/09/16";"Sábado";"18:20:00";"PI";316;"9,6";"TERESINA";"Ultrapassagem indevida";"Colisão com bicicleta";"Com Vítimas Feridas";"Plena noite";"Crescente";"Ceu Claro";"Simples";"Reta";"Urbano";2;0;1;0;1;0;1;2
83495599;"03/09/16";"Sábado";"19:00:00";"SC";101;"142,3";"ITAPEMA";"Velocidade incompatível";"Colisão com objeto fixo";"Sem Vítimas";"Plena noite";"Crescente";"Chuva";"Dupla";"Curva";"Urbano";1;0;0;0;1;0;0;1
83495600;"03/09/16";"Sábado";"17:00:00";"SC";101;"133,4";"BALNEARIO CAMBORIU";"Outras";"Colisão Transversal";"Com Vítimas Feridas";"Pleno dia";"Crescente";"Chuva";"Dupla";"Reta";"Urbano";3;0;2;0;1;0;2;3
83495601;"03/09/16";"Sábado";"11:30:00";"MS";267;"422,2";"MARACAJU";"Velocidade incompatível";"Saída de Pista";"Com Vítimas Feridas";"Pleno dia";"Decrescente";"Chuva";"Simples";"Curva";"Rural";2;0;2;0;0;0;2;1
83495602;"03/09/16";"Sábado";"19:30:00";"PR";369;"453,7";"UBIRATA";"Ingestão de álcool";"Saída de Pista";"Com Vítimas Feridas";"Plena noite";"Crescente";"Nublado";"Simples";"Reta";"Rural";1;0;0;1;0;0;1;1
83495603;"03/09/16";"Sábado";"19:00:00";"PE";232;"511";"SALGUEIRO";"Outras";"Colisão Transversal";"Com Vítimas Feridas";"Plena noite";"Crescente";"Ceu Claro";"Simples";"Reta";"Urbano";2;0;1;0;1;0;1;2
83495604;"03/09/16";"Sábado";"13:50:00";"PE";232;"501";"SALGUEIRO";"Falta de atenção";"Colisão frontal";"Com Vítimas Fatais";"Pleno dia";"Decrescente";"Ceu Claro";"Simples";"Curva";"Urbano";3;1;0;0;0;2;0;2
83495605;"03/09/16";"Sábado";"19:00:00";"GO";60;"173,5";"ABADIA DE GOIAS";"Outras";"Capotamento";"Ignorado";"Plena noite";"Crescente";"Ceu Claro";"Dupla";"Reta";"Rural";1;0;0;0;0;1;0;1
83495606;"03/09/16";"Sábado";"20:30:00";"SC";282;"17";"PALHOCA";"Falta de atenção";"Atropelamento de pessoa";"Com Vítimas Feridas";"Plena noite";"Crescente";"Chuva";"Simples";"Reta";"Urbano";2;0;0;1;1;0;1;1
83495607;"03/09/16";"Sábado";"13:50:00";"BA";242;"863";"BARREIRAS";"Outras";"Colisão frontal";"Com Vítimas Fatais";"Pleno dia";"Decrescente";"Ceu Claro";"Simples";"Reta";"Rural";4;1;3;0;0;0;3;2
83495608;"03/09/16";"Sábado";"19:00:00";"SC";282;"589,1";"SAUDADES";"Outras";"Queda de motocicleta / bicicleta / veículo";"Com Vítimas Feridas";"Anoitecer";"Decrescente";"Nublado";"Simples";"Reta";"Rural";2;0;2;0;0;0;2;1
83495609;"03/09/16";"Sábado";"18:20:00";"PI";316;"15";"TERESINA";"Outras";"Colisão lateral";"Com Vítimas Feridas";"Plena noite";"Decrescente";"Ceu Claro";"Simples";"Reta";"Rural";2;0;1;0;1;0;1;2
83495610;"03/09/16";"Sábado";"21:10:00";"SE";235;"26";"LARANJEIRAS";"Ingestão de álcool";"Colisão Transversal";"Sem Vítimas";"Plena noite";"Crescente";"Nublado";"Simples";"Reta";"Rural";2;0;0;0;2;0;0;2
83495611;"03/09/16";"Sábado";"20:20:00";"RS";290;"215";"PANTANO GRANDE";"Falta de atenção";"Colisão Transversal";"Com Vítimas Feridas";"Plena noite";"Crescente";"Chuva";"Simples";"Reta";"Rural";6;0;1;0;5;0;1;2
83495612;"03/09/16";"Sábado";"17:40:00";"MG";381;"700,9";"LAVRAS";"Velocidade incompatível";"Tombamento";"Com Vítimas Feridas";"Anoitecer";"Crescente";"Nublado";"Dupla";"Curva";"Rural";1;0;1;0;0;0;1;1
83495614;"03/09/16";"Sábado";"19:00:00";"PR";369;"154";"LONDRINA";"Falta de atenção";"Colisão traseira";"Com Vítimas Feridas";"Plena noite";"Crescente";"Chuva";"Múltipla";"Reta";"Urbano";5;0;1;0;4;0;1;3
83495615;"01/09/16";"Quinta";"17:40:00";"ES";101;"154,1";"LINHARES";"Não guardar distância de segurança";"Colisão traseira";"Com Vítimas Feridas";"Plena noite";"Decrescente";"Ceu Claro";"Simples";"Reta";"Rural";3;0;2;0;1;0;2;2
83495616;"03/09/16";"Sábado";"20:40:00";"PR";277;"128,5";"BALSA NOVA";"Velocidade incompatível";"Saída de Pista";"Com Vítimas Feridas";"Plena noite";"Decrescente";"Chuva";"Dupla";"Curva";"Rural";1;0;1;0;0;0;1;1
83495617;"03/09/16";"Sábado";"05:00:00";"AP";156;"550";"CALCOENE";"Defeito mecânico em veículo";"Saída de Pista";"Com Vítimas Feridas";"Plena noite";"Decrescente";"Ceu Claro";"Simples";"Reta";"Rural";1;0;1;0;0;0;1;1
83495618;"31/08/16";"Quarta";"09:40:00";"CE";222;"12,5";"CAUCAIA";"Dormindo";"Colisão Transversal";"Com Vítimas Fatais";"Pleno dia";"Decrescente";"Ceu Claro";"Simples";"Reta";"Rural";2;1;0;0;1;0;0;2
83495619;"03/09/16";"Sábado";"18:00:00";"MT";364;"530";"ROSARIO OESTE";"Falta de atenção";"Saída de Pista";"Sem Vítimas";"Anoitecer";"Crescente";"Nublado";"Simples";"Reta";"Rural";1;0;0;0;1;0;0;1
83495620;"03/09/16";"Sábado";"20:40:00";"RJ";393;"274";"BARRA DO PIRAI";"Ingestão de álcool";"Tombamento";"Com Vítimas Feridas";"Plena noite";"Crescente";"Ceu Claro";"Simples";"Curva";"Rural";2;0;2;0;0;0;2;1
83495621;"03/09/16";"Sábado";"06:45:00";"ES";262;"41,5";"VIANA";"Velocidade incompatível";"Queda de motocicleta / bicicleta / veículo";"Com Vítimas Feridas";"Pleno dia";"Decrescente";"Nublado";"Simples";"Curva";"Rural";2;0;1;1;0;0;2;1
83495622;"03/09/16";"Sábado";"16:30:00";"SC";470;"159,6";"TROMBUDO CENTRAL";"Ingestão de álcool";"Colisão frontal";"Com Vítimas Feridas";"Pleno dia";"Crescente";"Chuva";"Simples";"Curva";"Urbano";3;0;3;0;0;0;3;2
83495623;"03/09/16";"Sábado";"11:00:00";"PR";467;"117";"CASCAVEL";"Velocidade incompatível";"Colisão traseira";"Com Vítimas Feridas";"Pleno dia";"Crescente";"Ceu Claro";"Dupla";"Curva";"Urbano";4;0;2;0;2;0;2;3
83495624;"03/09/16";"Sábado";"20:15:00";"SC";101;"135,6";"BALNEARIO CAMBORIU";"Velocidade incompatível";"Saída de Pista";"Com Vítimas Feridas";"Plena noite";"Crescente";"Chuva";"Dupla";"Reta";"Urbano";2;0;1;1;0;0;2;1
83495625;"03/09/16";"Sábado";"19:25:00";"RN";304;"9,1";"MOSSORO";"Outras";"Colisão frontal";"Ignorado";"Plena noite";"Crescente";"Ceu Claro";"Simples";"Reta";"Rural";2;0;0;0;0;2;0;2
83495627;"03/09/16";"Sábado";"22:50:00";"PR";158;"502,9";"PATO BRANCO";"Outras";"Saída de Pista";"Com Vítimas Feridas";"Plena noite";"Decrescente";"Chuva";"Simples";"Reta";"Rural";1;0;0;1;0;0;1;1
83495628;"03/09/16";"Sábado";"19:15:00";"MS";163;"648,2";"SAO GABRIEL DO OESTE";"Ingestão de álcool";"Queda de motocicleta / bicicleta / veículo";"Com Vítimas Feridas";"Plena noite";"Crescente";"Chuva";"Simples";"Reta";"Rural";1;0;1;0;0;0;1;1
83495629;"03/09/16";"Sábado";"12:50:00";"RR";174;"505";"BOA VISTA";"Falta de atenção";"Colisão traseira";"Sem Vítimas";"Pleno dia";"Crescente";"Ceu Claro";"Dupla";"Reta";"Urbano";2;0;0;0;2;0;0;2
83495630;"03/09/16";"Sábado";"22:30:00";"RJ";116;"301";"RESENDE";"Velocidade incompatível";"Capotamento";"Com Vítimas Feridas";"Plena noite";"Decrescente";"Nublado";"Dupla";"Reta";"Rural";1;0;0;1;0;0;1;1
83495631;"03/09/16";"Sábado";"22:20:00";"PE";101;"42,4";"IGARASSU";"Ingestão de álcool";"Colisão traseira";"Sem Vítimas";"Plena noite";"Decrescente";"Vento";"Múltipla";"Reta";"Urbano";2;0;0;0;2;0;0;2
83495632;"03/09/16";"Sábado";"22:40:00";"RN";101;"80,8";"NATAL";"Outras";"Colisão Transversal";"Com Vítimas Feridas";"Plena noite";"Crescente";"Vento";"Dupla";"Cruzamento";"Urbano";2;0;1;0;1;0;1;2
83495633;"03/09/16";"Sábado";"19:20:00";"RS";116;"386";"CAMAQUA";"Falta de atenção";"Colisão traseira";"Com Vítimas Feridas";"Plena noite";"Decrescente";"Chuva";"Simples";"Reta";"Rural";2;0;0;1;1;0;1;2
83495634;"30/08/16";"Terça";"23:20:00";"SC";470;"116";"IBIRAMA";"Defeito na via";"Danos Eventuais";"Sem Vítimas";"Plena noite";"Decrescente";"Nublado";"Simples";"Reta";"Urbano";1;0;0;0;1;0;0;1
83495635;"03/09/16";"Sábado";"23:10:00";"SC";101;"134,7";"BALNEARIO CAMBORIU";"Velocidade incompatível";"Colisão com objeto fixo";"Com Vítimas Feridas";"Plena noite";"Crescente";"Chuva";"Simples";"Reta";"Urbano";1;0;0;1;0;0;1;1
83495637;"03/09/16";"Sábado";"19:55:00";"MT";163;"754";"SORRISO";"Ingestão de álcool";"Colisão Transversal";"Sem Vítimas";"Plena noite";"Crescente";"Ceu Claro";"Múltipla";"Reta";"Rural";2;0;0;0;2;0;0;2
83495638;"03/09/16";"Sábado";"17:00:00";"RR";174;"402,8";"IRACEMA";"Velocidade incompatível";"Colisão frontal";"Com Vítimas Feridas";"Pleno dia";"Decrescente";"Chuva";"Simples";"Curva";"Rural";7;0;1;1;0;5;2;2
83495639;"03/09/16";"Sábado";"14:30:00";"RO";364;"868,4";"PORTO VELHO";"Outras";"Saída de Pista";"Com Vítimas Feridas";"Pleno dia";"Crescente";"Chuva";"Simples";"Reta";"Rural";3;0;1;0;2;0;1;1
83495640;"03/09/16";"Sábado";"16:20:00";"RO";364;"702,5";"PORTO VELHO";"Falta de atenção";"Capotamento";"Com Vítimas Feridas";"Pleno dia";"Crescente";"Sol";"Dupla";"Reta";"Rural";3;0;2;0;1;0;2;1
83495641;"03/09/16";"Sábado";"22:00:00";"PB";361;"22,2";"SANTA TERESINHA";"Falta de atenção";"Colisão frontal";"Com Vítimas Feridas";"Plena noite";"Crescente";"Ceu Claro";"Simples";"Reta";"Urbano";2;0;1;1;0;0;2;2
83495642;"03/09/16";"Sábado";"22:15:00";"SP";116;"444,9";"REGISTRO";"Ingestão de álcool";"Colisão Transversal";"Sem Vítimas";"Plena noite";"Crescente";"Chuva";"Dupla";"Reta";"Urbano";2;0;0;0;2;0;0;2
83495643;"03/09/16";"Sábado";"20:00:00";"SP";153;"324";"SAO PEDRO DO TURVO";"Ingestão de álcool";"Colisão traseira";"Sem Vítimas";"Plena noite";"Crescente";"Chuva";"Simples";"Reta";"Rural";2;0;0;0;2;0;0;2
83495644;"03/09/16";"Sábado";"22:45:00";"SC";101;"444,9";"SANTA ROSA DO SUL";"Velocidade incompatível";"Colisão com objeto fixo";"Sem Vítimas";"Plena noite";"Decrescente";"Chuva";"Simples";"Reta";"Urbano";1;0;0;0;1;0;0;1
83495645;"03/09/16";"Sábado";"19:00:00";"PR";153;"178,7";"VENTANIA";"Falta de atenção";"Colisão frontal";"Com Vítimas Fatais";"Plena noite";"Crescente";"Chuva";"Simples";"Reta";"Rural";3;1;1;0;1;0;1;2
83495646;"04/09/16";"Domingo";"00:27:00";"SC";101;"112,3";"ITAJAI";"Outras";"Colisão com objeto fixo";"Sem Vítimas";"Plena noite";"Crescente";"Chuva";"Simples";"Reta";"Urbano";1;0;0;0;1;0;0;1
83495647;"04/09/16";"Domingo";"00:10:00";"RJ";101;"321";"NITEROI";"Outras";"Queda de motocicleta / bicicleta / veículo";"Com Vítimas Feridas";"Plena noite";"Decrescente";"Ceu Claro";"Dupla";"Curva";"Urbano";1;0;0;1;0;0;1;1
83495648;"03/09/16";"Sábado";"22:20:00";"RS";448;"22";"PORTO ALEGRE";"Velocidade incompatível";"Colisão com objeto fixo";"Com Vítimas Feridas";"Pleno dia";"Decrescente";"Chuva";"Múltipla";"Curva";"Urbano";1;0;1;0;0;0;1;1
83495649;"03/09/16";"Sábado";"23:00:00";"MG";135;"409";"BOCAIUVA";"Ingestão de álcool";"Colisão frontal";"Com Vítimas Fatais";"Plena noite";"Crescente";"Ceu Claro";"Simples";"Reta";"Rural";2;1;0;0;1;0;0;2
83495650;"03/09/16";"Sábado";"18:20:00";"MT";364;"492";"JANGADA";"Desobediência à sinalização";"Colisão Transversal";"Com Vítimas Feridas";"Plena noite";"Crescente";"Nublado";"Simples";"Reta";"Urbano";2;0;1;0;1;0;1;2
83495651;"03/09/16";"Sábado";"19:30:00";"GO";153;"430";"ANAPOLIS";"Velocidade incompatível";"Saída de Pista";"Com Vítimas Feridas";"Plena noite";"Decrescente";"Ceu Claro";"Dupla";"Reta";"Rural";3;0;3;0;0;0;3;1
83495652;"04/09/16";"Domingo";"00:15:00";"RS";377;"76";"CRUZ ALTA";"Velocidade incompatível";"Saída de Pista";"Ignorado";"Pleno dia";"Crescente";"Nublado";"Simples";"Curva";"Urbano";1;0;0;0;0;1;0;1
83495653;"03/09/16";"Sábado";"22:30:00";"PR";376;"168,5";"MARINGA";"Outras";"Capotamento";"Com Vítimas Fatais";"Plena noite";"Crescente";"Chuva";"Dupla";"Reta";"Rural";3;1;0;0;2;0;0;2
83495655;"04/09/16";"Domingo";"00:20:00";"MS";262;"137";"AGUA CLARA";"Falta de atenção";"Capotamento";"Sem Vítimas";"Plena noite";"Crescente";"Chuva";"Simples";"Reta";"Rural";1;0;0;0;1;0;0;1
83495656;"04/09/16";"Domingo";"00:50:00";"RJ";101;"506";"ANGRA DOS REIS";"Ultrapassagem indevida";"Colisão lateral";"Sem Vítimas";"Plena noite";"Crescente";"Nublado";"Simples";"Curva";"Urbano";2;0;0;0;2;0;0;2
83495657;"04/09/16";"Domingo";"00:15:00";"PR";153;"341,1";"IRATI";"Ingestão de álcool";"Colisão com objeto fixo";"Ignorado";"Plena noite";"Decrescente";"Chuva";"Simples";"Reta";"Rural";1;0;0;0;0;1;0;1
83495658;"03/09/16";"Sábado";"15:00:00";"ES";101;"299,9";"VIANA";"Falta de atenção";"Colisão traseira";"Com Vítimas Feridas";"Pleno dia";"Crescente";"Ceu Claro";"Dupla";"Cruzamento";"Urbano";2;0;1;1;0;0;2;2
83495659;"04/09/16";"Domingo";"01:00:00";"PR";376;"174";"MARINGA";"Outras";"Colisão traseira";"Com Vítimas Feridas";"Plena noite";"Decrescente";"Chuva";"Dupla";"Cruzamento";"Urbano";3;0;1;0;2;0;1;2
83495660;"03/09/16";"Sábado";"19:40:00";"RS";116;"491";"PELOTAS";"Velocidade incompatível";"Colisão traseira";"Com Vítimas Feridas";"Plena noite";"Decrescente";"Chuva";"Simples";"Reta";"Rural";3;0;1;0;2;0;1;2
83495661;"04/09/16";"Domingo";"02:30:00";"SC";101;"201";"SAO JOSE";"Falta de atenção";"Saída de Pista";"Com Vítimas Feridas";"Plena noite";"Decrescente";"Chuva";"Dupla";"Reta";"Rural";1;0;1;0;0;0;1;1
83495662;"04/09/16";"Domingo";"00:15:00";"PR";376;"599,4";"CURITIBA";"Outras";"Colisão traseira";"Com Vítimas Feridas";"Plena noite";"Crescente";"Chuva";"Dupla";"Reta";"Urbano";2;0;1;0;0;1;1;2
83495663;"03/09/16";"Sábado";"17:30:00";"RS";386;"371";"FAZENDA VILANOVA";"Falta de atenção";"Tombamento";"Sem Vítimas";"Pleno dia";"Decrescente";"Chuva";"Dupla";"Reta";"Rural";1;0;0;0;1;0;0;1
83495664;"04/09/16";"Domingo";"00:05:00";"PE";408;"68";"PAUDALHO";"Velocidade incompatível";"Colisão com objeto fixo";"Com Vítimas Feridas";"Plena noite";"Crescente";"Nublado";"Dupla";"Curva";"Urbano";5;0;0;1;1;3;1;1
83495665;"03/09/16";"Sábado";"16:25:00";"RS";386;"352,2";"ESTRELA";"Falta de atenção";"Capotamento";"Sem Vítimas";"Pleno dia";"Crescente";"Chuva";"Simples";"Reta";"Rural";1;0;0;0;1;0;0;1
83495666;"03/09/16";"Sábado";"17:20:00";"AL";101;"10,4";"NOVO LINO";"Falta de atenção";"Colisão Transversal";"Com Vítimas Fatais";"Anoitecer";"Crescente";"Nublado";"Dupla";"Reta";"Rural";2;1;0;0;1;0;0;2
83495667;"04/09/16";"Domingo";"02:40:00";"PR";277;"76";"SAO JOSE DOS PINHAIS";"Ingestão de álcool";"Colisão traseira";"Com Vítimas Feridas";"Plena noite";"Decrescente";"Chuva";"Dupla";"Reta";"Urbano";3;0;1;0;2;0;1;2
83495668;"03/09/16";"Sábado";"11:19:00";"AL";424;"104,8";"MARECHAL DEODORO";"Falta de atenção";"Saída de Pista";"Com Vítimas Fatais";"Pleno dia";"Decrescente";"Chuva";"Simples";"Curva";"Rural";1;1;0;0;0;0;0;1
83495669;"30/08/16";"Terça";"09:50:00";"TO";153;"234";"COLINAS DO TOCANTINS";"Defeito mecânico em veículo";"Saída de Pista";"Com Vítimas Fatais";"Pleno dia";"Decrescente";"Sol";"Simples";"Curva";"Rural";1;1;0;0;0;0;0;1
83495670;"03/09/16";"Sábado";"23:50:00";"RS";287;"239,4";"SANTA MARIA";"Ingestão de álcool";"Colisão traseira";"Sem Vítimas";"Plena noite";"Decrescente";"Chuva";"Simples";"Reta";"Urbano";2;0;0;0;2;0;0;2
83495671;"03/09/16";"Sábado";"13:30:00";"MG";262;"361";"BETIM";"Falta de atenção";"Saída de Pista";"Com Vítimas Feridas";"Pleno dia";"Crescente";"Sol";"Dupla";"Curva";"Rural";1;0;0;1;0;0;1;1
83495672;"03/09/16";"Sábado";"11:20:00";"SE";101;"8,5";"CEDRO DE SAO JOAO";"Não guardar distância de segurança";"Colisão traseira";"Sem Vítimas";"Pleno dia";"Decrescente";"Chuva";"Simples";"Reta";"Rural";2;0;0;0;2;0;0;2
83495673;"03/09/16";"Sábado";"18:00:00";"SC";101;"17";"JOINVILLE";"Velocidade incompatível";"Colisão com objeto fixo";"Com Vítimas Feridas";"Plena noite";"Crescente";"Chuva";"Dupla";"Reta";"Urbano";2;0;1;0;1;0;1;1
83495674;"03/09/16";"Sábado";"22:20:00";"GO";153;"436,2";"ANAPOLIS";"Outras";"Colisão com objeto fixo";"Com Vítimas Fatais";"Plena noite";"Crescente";"Ceu Claro";"Dupla";"Curva";"Urbano";1;1;0;0;0;0;0;1
83495675;"02/09/16";"Sexta";"02:30:00";"SP";381;"75";"SAO PAULO";"Outras";"Capotamento";"Com Vítimas Feridas";"Plena noite";"Decrescente";"Ignorada";"Dupla";"Curva";"Rural";2;0;2;0;0;0;2;1
83495676;"03/09/16";"Sábado";"20:25:00";"RS";470;"224";"GARIBALDI";"Não guardar distância de segurança";"Colisão traseira";"Sem Vítimas";"Plena noite";"Decrescente";"Chuva";"Simples";"Curva";"Rural";9;0;0;0;7;2;0;5
83495677;"04/09/16";"Domingo";"02:30:00";"MG";459;"85";"CONGONHAL";"Ingestão de álcool";"Colisão frontal";"Com Vítimas Feridas";"Plena noite";"Crescente";"Ignorada";"Simples";"Reta";"Rural";2;0;1;1;0;0;2;2
83495678;"03/09/16";"Sábado";"16:00:00";"GO";414;"412";"ABADIANIA";"Defeito mecânico em veículo";"Incêndio";"Ignorado";"Pleno dia";"Decrescente";"Ceu Claro";"Simples";"Reta";"Rural";1;0;0;0;0;1;0;1
83495679;"03/09/16";"Sábado";"16:30:00";"BA";116;"221,3";"EUCLIDES DA CUNHA";"Falta de atenção";"Colisão traseira";"Com Vítimas Feridas";"Pleno dia";"Crescente";"Nublado";"Simples";"Reta";"Urbano";2;0;1;0;1;0;1;2
83495680;"04/09/16";"Domingo";"04:30:00";"GO";153;"638";"MORRINHOS";"Dormindo";"Saída de Pista";"Sem Vítimas";"Plena noite";"Decrescente";"Ceu Claro";"Dupla";"Reta";"Rural";1;0;0;0;1;0;0;1
83495681;"03/09/16";"Sábado";"19:00:00";"BA";330;"740,8";"JEQUIE";"Falta de atenção";"Colisão frontal";"Com Vítimas Feridas";"Plena noite";"Decrescente";"Nublado";"Simples";"Reta";"Rural";2;0;0;1;1;0;1;2
83495682;"04/09/16";"Domingo";"05:15:00";"PR";376;"6,7";"MARINGA";"Outras";"Colisão com objeto fixo";"Com Vítimas Feridas";"Plena noite";"Crescente";"Chuva";"Dupla";"Reta";"Urbano";1;0;1;0;0;0;1;1
83495683;"04/09/16";"Domingo";"01:25:00";"RJ";40;"54";"PETROPOLIS";"Dormindo";"Colisão com objeto fixo";"Sem Vítimas";"Plena noite";"Crescente";"Nublado";"Simples";"Reta";"Rural";1;0;0;0;1;0;0;1
83495684;"04/09/16";"Domingo";"06:10:00";"SC";101;"202";"SAO JOSE";"Outras";"Queda de motocicleta / bicicleta / veículo";"Com Vítimas Feridas";"Amanhecer";"Crescente";"Chuva";"Dupla";"Reta";"Urbano";1;0;1;0;0;0;1;1
83495685;"04/09/16";"Domingo";"06:26:00";"PR";116;"137,8";"MANDIRITUBA";"Falta de atenção";"Colisão com objeto fixo";"Sem Vítimas";"Amanhecer";"Decrescente";"Chuva";"Simples";"Curva";"Rural";1;0;0;0;1;0;0;1
83495686;"03/09/16";"Sábado";"19:00:00";"DF";60;"1,9";"BRASILIA";"Falta de atenção";"Atropelamento de pessoa";"Com Vítimas Feridas";"Plena noite";"Crescente";"Ceu Claro";"Dupla";"Reta";"Urbano";2;0;1;0;1;0;1;1
83495687;"03/09/16";"Sábado";"22:20:00";"RJ";101;"267,2";"RIO BONITO";"Defeito mecânico em veículo";"Colisão com objeto fixo";"Com Vítimas Feridas";"Plena noite";"Crescente";"Ceu Claro";"Dupla";"Reta";"Rural";3;0;2;1;0;0;3;2
83495688;"03/09/16";"Sábado";"13:20:00";"BA";116;"357";"SERRINHA";"Falta de atenção";"Colisão traseira";"Sem Vítimas";"Pleno dia";"Decrescente";"Sol";"Simples";"Cruzamento";"Urbano";2;0;0;0;2;0;0;2