"id";"data_inversa";"dia_semana";"horario";"uf";"br";"km";"municipio";"causa_acidente";"tipo_acidente";"classificacao_acidente";"fase_dia";"sentido_via";"condicao_metereologica";"tipo_pista";"tracado_via";"uso_solo";"pessoas";"mortos";"feridos_leves";"feridos_graves";"ilesos";"ignorados";"feridos";"veiculos"
83495689;"04/09/16";"Domingo";"05:40:00";"PR";116;"134";"FAZENDA RIO GRANDE";"Outras";"Saída de Pista";"Ignorado";"Amanhecer";"Crescente";"Chuva";"Simples";"Curva";"Urbano";1;0;0;0;0;1;0;1
83495690;"04/09/16";"Domingo";"06:16:00";"PR";277;"139";"BALSA NOVA";"Dormindo";"Tombamento";"Sem Vítimas";"Amanhecer";"Crescente";"Chuva";"Simples";"Reta";"Rural";1;0;0;0;1;0;0;1
83495691;"31/08/16";"Quarta";"22:30:00";"ES";101;"266,1";"SERRA";"Falta de atenção";"Colisão Transversal";"Com Vítimas Feridas";"Plena noite";"Decrescente";"Ceu Claro";"Dupla";"Reta";"Urbano";3;0;1;0;2;0;1;2
83495692;"03/09/16";"Sábado";"19:30:00";"BA";415;"59";"ITABUNA";"Velocidade incompatível";"Saída de Pista";"Com Vítimas Feridas";"Plena noite";"Decrescente";"Nublado";"Simples";"Curva";"Rural";1;0;1;0;0;0;1;1
83495693;"03/09/16";"Sábado";"18:30:00";"ES";101;"148";"LINHARES";"Não guardar distância de segurança";"Colisão traseira";"Com Vítimas Feridas";"Plena noite";"Decrescente";"Ceu Claro";"Simples";"Cruzamento";"Urbano";3;0;2;0;1;0;2;2
83495694;"04/09/16";"Domingo";"01:00:00";"PR";116;"17,9";"COLOMBO";"Outras";"Saída de Pista";"Ignorado";"Plena noite";"Crescente";"Chuva";"Dupla";"Reta";"Urbano";1;0;0;0;0;1;0;1
83495695;"04/09/16";"Domingo";"06:30:00";"RJ";116;"239";"PIRAI";"Velocidade incompatível";"Colisão com objeto fixo";"Com Vítimas Feridas";"Amanhecer";"Decrescente";"Ceu Claro";"Simples";"Curva";"Rural";1;0;1;0;0;0;1;1
83495696;"03/09/16";"Sábado";"20:25:00";"PR";277;"421,6";"CANTAGALO";"Desobediência à sinalização";"Atropelamento de pessoa";"Com Vítimas Fatais";"Plena noite";"Decrescente";"Nevoeiro/neblina";"Simples";"Curva";"Urbano";2;1;0;0;1;0;0;1
83495697;"01/09/16";"Quinta";"01:20:00";"BA";116;"472,5";"SANTO ESTEVAO";"Velocidade incompatível";"Saída de Pista";"Com Vítimas Feridas";"Plena noite";"Decrescente";"Nublado";"Dupla";"Reta";"Rural";2;0;2;0;0;0;2;1
83495698;"01/09/16";"Quinta";"01:10:00";"RS";290;"141,9";"ELDORADO DO SUL";"Outras";"Colisão frontal";"Com Vítimas Feridas";"Plena noite";"Decrescente";"Nublado";"Simples";"Reta";"Urbano";2;0;1;1;0;0;2;2
83495699;"04/09/16";"Domingo";"06:30:00";"SC";116;"2";"MAFRA";"Ingestão de álcool";"Colisão traseira";"Sem Vítimas";"Amanhecer";"Crescente";"Chuva";"Simples";"Reta";"Urbano";3;0;0;0;3;0;0;2
83495700;"31/08/16";"Quarta";"14:25:00";"PE";232;"10";"JABOATAO DOS GUARARAPES";"Não guardar distância de segurança";"Colisão traseira";"Com Vítimas Feridas";"Pleno dia";"Crescente";"Sol";"Dupla";"Reta";"Urbano";3;0;2;0;1;0;2;2
83495701;"30/08/16";"Terça";"16:30:00";"MG";135;"593,4";"CORINTO";"Não guardar distância de segurança";"Colisão traseira";"Sem Vítimas";"Pleno dia";"Decrescente";"Ceu Claro";"Simples";"Reta";"Rural";2;0;0;0;2;0;0;2
83495702;"01/09/16";"Quinta";"07:00:00";"SC";470;"136,5";"RIO DO SUL";"Falta de atenção";"Colisão traseira";"Sem Vítimas";"Pleno dia";"Crescente";"Nublado";"Simples";"Reta";"Urbano";3;0;0;0;3;0;0;3
83495704;"30/08/16";"Terça";"17:00:00";"MG";135;"594";"CORINTO";"Falta de atenção";"Colisão traseira";"Sem Vítimas";"Pleno dia";"Decrescente";"Ceu Claro";"Simples";"Reta";"Rural";2;0;0;0;2;0;0;2
83495705;"03/09/16";"Sábado";"15:30:00";"SP";381;"82";"SAO PAULO";"Velocidade incompatível";"Capotamento";"Sem Vítimas";"Pleno dia";"Crescente";"Ceu Claro";"Dupla";"Reta";"Urbano";1;0;0;0;1;0;0;1
83495706;"04/09/16";"Domingo";"05:00:00";"RJ";40;"72";"PETROPOLIS";"Velocidade incompatível";"Saída de Pista";"Sem Vítimas";"Plena noite";"Crescente";"Ceu Claro";"Dupla";"Curva";"Urbano";1;0;0;0;1;0;0;1
83495707;"03/09/16";"Sábado";"22:50:00";"RJ";40;"46";"PETROPOLIS";"Outras";"Colisão traseira";"Com Vítimas Feridas";"Plena noite";"Decrescente";"Ceu Claro";"Dupla";"Reta";"Urbano";2;0;1;0;1;0;1;2
83495708;"03/09/16";"Sábado";"20:35:00";"SP";381;"82,9";"SAO PAULO";"Defeito mecânico em veículo";"Colisão com objeto fixo";"Com Vítimas Feridas";"Plena noite";"Crescente";"Ceu Claro";"Dupla";"Reta";"Urbano";1;0;1;0;0;0;1;1
83495709;"04/09/16";"Domingo";"06:50:00";"PR";163;"85";"CAPANEMA";"Dormindo";"Saída de Pista";"Sem Vítimas";"Amanhecer";"Crescente";"Nevoeiro/neblina";"Simples";"Reta";"Rural";1;0;0;0;1;0;0;1
83495710;"31/08/16";"Quarta";"23:10:00";"PR";116;"122";"CURITIBA";"Ingestão de álcool";"Atropelamento de pessoa";"Com Vítimas Feridas";"Plena noite";"Crescente";"Ceu Claro";"Dupla";"Curva";"Rural";2;0;0;1;1;0;1;1
83495711;"03/09/16";"Sábado";"23:35:00";"RS";285;"356,7";"COLORADO";"Falta de atenção";"Tombamento";"Sem Vítimas";"Plena noite";"Decrescente";"Chuva";"Simples";"Curva";"Rural";1;0;0;0;1;0;0;1
83495712;"02/09/16";"Sexta";"19:30:00";"PA";222;"242";"MARABA";"Falta de atenção";"Colisão Transversal";"Com Vítimas Feridas";"Plena noite";"Decrescente";"Ceu Claro";"Simples";"Reta";"Urbano";2;0;1;0;1;0;1;2
83495713;"31/08/16";"Quarta";"18:50:00";"GO";153;"444";"ANAPOLIS";"Falta de atenção";"Colisão traseira";"Sem Vítimas";"Anoitecer";"Decrescente";"Ceu Claro";"Simples";"Reta";"Urbano";3;0;0;0;3;0;0;3
83495714;"03/09/16";"Sábado";"21:50:00";"MG";262;"802";"UBERABA";"Falta de atenção";"Colisão traseira";"Com Vítimas Feridas";"Plena noite";"Decrescente";"Ceu Claro";"Dupla";"Reta";"Urbano";3;0;2;0;1;0;2;2
83495716;"04/09/16";"Domingo";"06:55:00";"SC";101;"233,7";"PALHOCA";"Outras";"Colisão com objeto fixo";"Com Vítimas Feridas";"Pleno dia";"Crescente";"Chuva";"Dupla";"Curva";"Urbano";1;0;1;0;0;0;1;1
83495717;"27/08/16";"Sábado";"18:40:00";"ES";393;"2";"CACHOEIRO DE ITAPEMIRIM";"Ingestão de álcool";"Colisão Transversal";"Com Vítimas Feridas";"Plena noite";"Crescente";"Nublado";"Simples";"Reta";"Urbano";2;0;1;0;1;0;1;2
83495718;"04/09/16";"Domingo";"06:00:00";"GO";50;"263,8";"CATALAO";"Ingestão de álcool";"Saída de Pista";"Com Vítimas Feridas";"Plena noite";"Crescente";"Ignorada";"Simples";"Reta";"Rural";1;0;0;1;0;0;1;1
83495719;"04/09/16";"Domingo";"07:45:00";"PR";116;"37";"CAMPINA GRANDE DO SUL";"Outras";"Colisão traseira";"Com Vítimas Feridas";"Pleno dia";"Crescente";"Chuva";"Dupla";"Reta";"Rural";3;0;1;0;2;0;1;2
83495720;"04/09/16";"Domingo";"07:50:00";"RS";290;"89";"PORTO ALEGRE";"Falta de atenção";"Colisão traseira";"Com Vítimas Feridas";"Pleno dia";"Crescente";"Chuva";"Múltipla";"Reta";"Rural";3;0;1;0;2;0;1;2
83495721;"02/09/16";"Sexta";"21:40:00";"MG";116;"665";"SAO FRANCISCO DO GLORIA";"Velocidade incompatível";"Capotamento";"Sem Vítimas";"Plena noite";"Decrescente";"Ceu Claro";"Simples";"Curva";"Rural";1;0;0;0;1;0;0;1
83495722;"01/09/16";"Quinta";"00:40:00";"RJ";116;"302,7";"RESENDE";"Outras";"Colisão traseira";"Com Vítimas Feridas";"Plena noite";"Decrescente";"Ceu Claro";"Dupla";"Reta";"Rural";4;0;1;1;2;0;2;2
83495723;"23/08/16";"Terça";"22:20:00";"PR";116;"127";"FAZENDA RIO GRANDE";"Velocidade incompatível";"Saída de Pista";"Com Vítimas Feridas";"Plena noite";"Decrescente";"Nublado";"Dupla";"Reta";"Rural";1;0;0;1;0;0;1;1
83495724;"04/09/16";"Domingo";"04:45:00";"RJ";40;"125";"RIO DE JANEIRO";"Dormindo";"Colisão com objeto fixo";"Sem Vítimas";"Plena noite";"Crescente";"Nublado";"Dupla";"Curva";"Urbano";1;0;0;0;1;0;0;1
83495725;"01/09/16";"Quinta";"07:00:00";"RJ";40;"101";"DUQUE DE CAXIAS";"Outras";"Atropelamento de pessoa";"Com Vítimas Feridas";"Amanhecer";"Decrescente";"Ceu Claro";"Simples";"Reta";"Rural";2;0;1;0;0;1;1;1
83495726;"04/09/16";"Domingo";"07:45:00";"TO";153;"668,5";"GURUPI";"Falta de atenção";"Colisão traseira";"Com Vítimas Feridas";"Pleno dia";"Decrescente";"Ceu Claro";"Dupla";"Reta";"Urbano";2;0;0;1;1;0;1;2
83495727;"04/09/16";"Domingo";"07:15:00";"PA";222;"23";"DOM ELISEU";"Falta de atenção";"Colisão traseira";"Com Vítimas Fatais";"Pleno dia";"Decrescente";"Ceu Claro";"Simples";"Reta";"Rural";2;1;0;0;0;1;0;2
83495728;"04/09/16";"Domingo";"08:00:00";"MG";116;"703,8";"MURIAE";"Falta de atenção";"Atropelamento de pessoa";"Com Vítimas Feridas";"Pleno dia";"Crescente";"Ceu Claro";"Simples";"Reta";"Urbano";3;0;1;0;2;0;1;1
83495729;"31/08/16";"Quarta";"07:45:00";"GO";153;"498,7";"GOIANIA";"Falta de atenção";"Colisão traseira";"Com Vítimas Feridas";"Pleno dia";"Crescente";"Ceu Claro";"Dupla";"Reta";"Urbano";3;0;2;0;0;1;2;2
83495730;"04/09/16";"Domingo";"05:30:00";"SC";280;"162,6";"MAFRA";"Outras";"Colisão lateral";"Com Vítimas Feridas";"Plena noite";"Crescente";"Chuva";"Simples";"Curva";"Urbano";3;0;1;1;1;0;2;2
83495731;"02/09/16";"Sexta";"06:40:00";"PR";369;"62,9";"BANDEIRANTES";"Dormindo";"Colisão frontal";"Sem Vítimas";"Amanhecer";"Crescente";"Ceu Claro";"Simples";"Reta";"Rural";2;0;0;0;2;0;0;2
83495732;"31/08/16";"Quarta";"22:20:00";"ES";101;"316";"GUARAPARI";"Velocidade incompatível";"Saída de Pista";"Com Vítimas Feridas";"Plena noite";"Crescente";"Ceu Claro";"Simples";"Curva";"Rural";2;0;2;0;0;0;2;1
83495733;"20/08/16";"Sábado";"05:30:00";"PE";232;"66";"GRAVATA";"Velocidade incompatível";"Saída de Pista";"Sem Vítimas";"Amanhecer";"Crescente";"Ceu Claro";"Simples";"Curva";"Urbano";1;0;0;0;1;0;0;1
83495734;"30/08/16";"Terça";"12:40:00";"MG";381;"323";"NOVA ERA";"Desobediência à sinalização";"Colisão frontal";"Com Vítimas Feridas";"Pleno dia";"Crescente";"Ceu Claro";"Simples";"Curva";"Rural";2;0;1;0;1;0;1;2
83495735;"31/08/16";"Quarta";"19:00:00";"CE";20;"406,2";"CAUCAIA";"Falta de atenção";"Queda de motocicleta / bicicleta / veículo";"Com Vítimas Feridas";"Plena noite";"Decrescente";"Ignorada";"Simples";"Reta";"Urbano";1;0;1;0;0;0;1;1
83495736;"04/09/16";"Domingo";"05:15:00";"RS";472;"181,5";"SANTO CRISTO";"Velocidade incompatível";"Saída de Pista";"Com Vítimas Feridas";"Amanhecer";"Decrescente";"Chuva";"Simples";"Curva";"Rural";3;0;2;0;1;0;2;2
83495737;"01/09/16";"Quinta";"08:30:00";"RJ";40;"25";"TRES RIOS";"Velocidade incompatível";"Tombamento";"Com Vítimas Feridas";"Pleno dia";"Crescente";"Sol";"Dupla";"Curva";"Rural";1;0;1;0;0;0;1;1
83495738;"31/08/16";"Quarta";"00:30:00";"PR";163;"290";"MARECHAL CANDIDO RONDON";"Defeito mecânico em veículo";"Saída de Pista";"Sem Vítimas";"Plena noite";"Crescente";"Ignorada";"Múltipla";"Reta";"Rural";1;0;0;0;1;0;0;1
83495739;"03/09/16";"Sábado";"06:30:00";"MG";116;"701,5";"MURIAE";"Defeito mecânico em veículo";"Colisão frontal";"Com Vítimas Feridas";"Amanhecer";"Decrescente";"Chuva";"Simples";"Cruzamento";"Urbano";2;0;0;1;1;0;1;2
83495740;"03/09/16";"Sábado";"04:45:00";"PB";230;"35,8";"SANTA RITA";"Velocidade incompatível";"Colisão com objeto fixo";"Sem Vítimas";"Plena noite";"Crescente";"Ceu Claro";"Dupla";"Curva";"Urbano";1;0;0;0;1;0;0;1
83495741;"31/08/16";"Quarta";"21:40:00";"BA";324;"614";"SALVADOR";"Velocidade incompatível";"Saída de Pista";"Ignorado";"Plena noite";"Decrescente";"Ceu Claro";"Dupla";"Curva";"Urbano";1;0;0;0;0;1;0;1
83495742;"30/08/16";"Terça";"22:10:00";"MG";381;"395,5";"BOM JESUS DO AMPARO";"Velocidade incompatível";"Tombamento";"Com Vítimas Feridas";"Plena noite";"Decrescente";"Ceu Claro";"Simples";"Reta";"Rural";7;0;1;0;6;0;1;3
83495743;"27/08/16";"Sábado";"13:15:00";"DF";70;"11,6";"BRASILIA";"Falta de atenção";"Colisão Transversal";"Com Vítimas Feridas";"Pleno dia";"Crescente";"Ceu Claro";"Dupla";"Reta";"Urbano";3;0;2;0;1;0;2;2
83495744;"04/09/16";"Domingo";"08:17:00";"PR";277;"654,9";"MATELANDIA";"Velocidade incompatível";"Saída de Pista";"Sem Vítimas";"Pleno dia";"Decrescente";"Nevoeiro/neblina";"Simples";"Curva";"Rural";1;0;0;0;1;0;0;1
83495745;"02/09/16";"Sexta";"21:40:00";"MG";40;"187,5";"PARACATU";"Velocidade incompatível";"Saída de Pista";"Com Vítimas Feridas";"Plena noite";"Decrescente";"Ceu Claro";"Simples";"Reta";"Rural";1;0;1;0;0;0;1;1
83495746;"04/09/16";"Domingo";"09:45:00";"RS";290;"4,9";"OSORIO";"Velocidade incompatível";"Saída de Pista";"Sem Vítimas";"Pleno dia";"Decrescente";"Chuva";"Dupla";"Reta";"Rural";1;0;0;0;1;0;0;1
83495747;"04/09/16";"Domingo";"09:00:00";"BA";324;"624";"SALVADOR";"Outras";"Queda de motocicleta / bicicleta / veículo";"Com Vítimas Feridas";"Pleno dia";"Crescente";"Chuva";"Dupla";"Reta";"Urbano";1;0;1;0;0;0;1;1
83495748;"02/09/16";"Sexta";"06:00:00";"PR";369;"101,3";"URAI";"Animais na Pista";"Atropelamento de animal";"Sem Vítimas";"Amanhecer";"Crescente";"Nublado";"Simples";"Reta";"Rural";1;0;0;0;1;0;0;1
83495749;"04/09/16";"Domingo";"07:00:00";"MG";40;"709";"BARBACENA";"Dormindo";"Saída de Pista";"Com Vítimas Feridas";"Pleno dia";"Crescente";"Ceu Claro";"Dupla";"Reta";"Rural";1;0;1;0;0;0;1;1
83495750;"04/09/16";"Domingo";"10:20:00";"RJ";40;"120";"DUQUE DE CAXIAS";"Outras";"Capotamento";"Com Vítimas Feridas";"Pleno dia";"Decrescente";"Ceu Claro";"Múltipla";"Reta";"Urbano";1;0;1;0;0;0;1;1
83495751;"04/09/16";"Domingo";"10:20:00";"PR";277;"466,7";"LARANJEIRAS DO SUL";"Velocidade incompatível";"Saída de Pista";"Sem Vítimas";"Pleno dia";"Crescente";"Nublado";"Simples";"Curva";"Rural";5;0;0;0;5;0;0;1
83495752;"27/08/16";"Sábado";"09:00:00";"PR";277;"83";"CURITIBA";"Falta de atenção";"Colisão lateral";"Com Vítimas Feridas";"Pleno dia";"Decrescente";"Ceu Claro";"Dupla";"Reta";"Urbano";2;0;1;0;0;1;1;2
83495753;"04/09/16";"Domingo";"09:20:00";"SC";101;"244";"PALHOCA";"Outras";"Colisão com objeto fixo";"Sem Vítimas";"Pleno dia";"Decrescente";"Chuva";"Dupla";"Reta";"Urbano";1;0;0;0;1;0;0;1
83495754;"04/09/16";"Domingo";"05:30:00";"SP";116;"216";"GUARULHOS";"Não guardar distância de segurança";"Colisão traseira";"Com Vítimas Feridas";"Amanhecer";"Crescente";"Ceu Claro";"Múltipla";"Reta";"Urbano";3;0;1;0;2;0;1;3
83495755;"01/09/16";"Quinta";"07:50:00";"MG";381;"341";"BELA VISTA DE MINAS";"Velocidade incompatível";"Saída de Pista";"Com Vítimas Feridas";"Pleno dia";"Crescente";"Chuva";"Simples";"Curva";"Rural";2;0;1;1;0;0;2;1
83495756;"04/09/16";"Domingo";"07:20:00";"ES";262;"36,2";"DOMINGOS MARTINS";"Outras";"Colisão frontal";"Com Vítimas Feridas";"Pleno dia";"Decrescente";"Chuva";"Simples";"Curva";"Rural";3;0;1;0;2;0;1;2
83495757;"04/09/16";"Domingo";"08:00:00";"RS";287;"424,4";"UNISTALDA";"Dormindo";"Saída de Pista";"Sem Vítimas";"Pleno dia";"Crescente";"Chuva";"Simples";"Reta";"Rural";2;0;0;0;2;0;0;1
83495758;"04/09/16";"Domingo";"11:30:00";"PR";277;"51,3";"SAO JOSE DOS PINHAIS";"Velocidade incompatível";"Colisão com objeto fixo";"Sem Vítimas";"Pleno dia";"Decrescente";"Chuva";"Dupla";"Curva";"Rural";1;0;0;0;1;0;0;1
83495759;"04/09/16";"Domingo";"08:40:00";"MG";116;"565,7";"MANHUACU";"Velocidade incompatível";"Saída de Pista";"Com Vítimas Feridas";"Pleno dia";"Decrescente";"Ceu Claro";"Simples";"Curva";"Rural";1;0;1;0;0;0;1;1
83495760;"04/09/16";"Domingo";"10:15:00";"SC";282;"550,9";"CHAPECO";"Não guardar distância de segurança";"Colisão traseira";"Sem Vítimas";"Pleno dia";"Crescente";"Nublado";"Simples";"Reta";"Rural";2;0;0;0;2;0;0;2
83495761;"04/09/16";"Domingo";"10:00:00";"ES";101;"288,5";"CARIACICA";"Outras";"Colisão com objeto fixo";"Sem Vítimas";"Pleno dia";"Crescente";"Chuva";"Dupla";"Curva";"Rural";1;0;0;0;1;0;0;1
83495762;"21/08/16";"Domingo";"04:30:00";"SC";101;"147";"ITAPEMA";"Outras";"Queda de motocicleta / bicicleta / veículo";"Com Vítimas Feridas";"Plena noite";"Decrescente";"Ignorada";"Múltipla";"Reta";"Urbano";1;0;1;0;0;0;1;1
83495763;"04/09/16";"Domingo";"10:00:00";"MT";163;"765";"SORRISO";"Falta de atenção";"Saída de Pista";"Sem Vítimas";"Pleno dia";"Crescente";"Chuva";"Simples";"Reta";"Rural";1;0;0;0;1;0;0;1
83495764;"03/09/16";"Sábado";"06:10:00";"PA";163;"999";"SANTAREM";"Ingestão de álcool";"Colisão lateral";"Com Vítimas Feridas";"Amanhecer";"Decrescente";"Ceu Claro";"Dupla";"Reta";"Urbano";2;0;1;0;1;0;1;2
83495765;"31/08/16";"Quarta";"12:15:00";"SP";381;"73";"SAO PAULO";"Falta de atenção";"Colisão com objeto fixo";"Sem Vítimas";"Pleno dia";"Decrescente";"Chuva";"Dupla";"Curva";"Rural";1;0;0;0;1;0;0;1
83495766;"04/02/16";"Quinta";"11:20:00";"PI";316;"0,4";"TERESINA";"Desobediência à sinalização";"Colisão Transversal";"Com Vítimas Feridas";"Pleno dia";"Decrescente";"Sol";"Simples";"Reta";"Urbano";4;0;2;2;0;0;4;2
83495767;"28/08/16";"Domingo";"21:15:00";"PB";230;"0,9";"CABEDELO";"Falta de atenção";"Colisão frontal";"Com Vítimas Feridas";"Plena noite";"Crescente";"Ignorada";"Simples";"Reta";"Urbano";2;0;1;0;1;0;1;2
83495768;"04/09/16";"Domingo";"07:30:00";"PE";232;"6,2";"RECIFE";"Não guardar distância de segurança";"Colisão traseira";"Sem Vítimas";"Pleno dia";"Crescente";"Ceu Claro";"Dupla";"Reta";"Urbano";3;0;0;0;3;0;0;3
83495769;"01/09/16";"Quinta";"00:30:00";"MG";381;"532";"ITATIAIUCU";"Velocidade incompatível";"Colisão com objeto fixo";"Sem Vítimas";"Plena noite";"Decrescente";"Chuva";"Dupla";"Curva";"Rural";1;0;0;0;1;0;0;1
83495770;"04/09/16";"Domingo";"08:10:00";"GO";364;"315";"MINEIROS";"Outras";"Capotamento";"Sem Vítimas";"Pleno dia";"Crescente";"Chuva";"Simples";"Curva";"Rural";6;0;0;0;6;0;0;2
83495771;"04/09/16";"Domingo";"08:00:00";"MT";163;"832,3";"SINOP";"Falta de atenção";"Queda de motocicleta / bicicleta / veículo";"Com Vítimas Feridas";"Amanhecer";"Crescente";"Nublado";"Dupla";"Cruzamento";"Urbano";1;0;1;0;0;0;1;1
83495772;"27/08/16";"Sábado";"19:15:00";"RN";110;"35";"MOSSORO";"Animais na Pista";"Atropelamento de animal";"Com Vítimas Feridas";"Plena noite";"Decrescente";"Ceu Claro";"Simples";"Reta";"Rural";4;0;3;1;0;0;4;2
83495773;"04/09/16";"Domingo";"11:40:00";"SP";116;"210,6";"GUARULHOS";"Desobediência à sinalização";"Colisão Transversal";"Sem Vítimas";"Pleno dia";"Decrescente";"Nublado";"Dupla";"Reta";"Urbano";2;0;0;0;2;0;0;2
83495774;"31/08/16";"Quarta";"22:45:00";"PI";343;"348";"TERESINA";"Não guardar distância de segurança";"Colisão traseira";"Com Vítimas Feridas";"Plena noite";"Decrescente";"Ceu Claro";"Simples";"Reta";"Urbano";3;0;1;0;1;1;1;3
83495775;"04/09/16";"Domingo";"12:20:00";"RS";386;"392,6";"TRIUNFO";"Outras";"Capotamento";"Sem Vítimas";"Pleno dia";"Crescente";"Chuva";"Dupla";"Curva";"Rural";1;0;0;0;1;0;0;1
83495776;"02/09/16";"Sexta";"21:10:00";"MS";163;"486,6";"CAMPO GRANDE";"Outras";"Colisão Transversal";"Com Vítimas Fatais";"Plena noite";"Decrescente";"Nublado";"Simples";"Reta";"Urbano";6;2;2;1;1;0;3;3
83495777;"31/08/16";"Quarta";"07:00:00";"MG";381;"425";"CAETE";"Defeito mecânico em veículo";"Saída de Pista";"Com Vítimas Feridas";"Pleno dia";"Decrescente";"Ceu Claro";"Simples";"Reta";"Rural";1;0;1;0;0;0;1;1
83495778;"31/08/16";"Quarta";"17:15:00";"MG";116;"530,6";"CARATINGA";"Falta de atenção";"Colisão Transversal";"Com Vítimas Feridas";"Pleno dia";"Crescente";"Nublado";"Simples";"Reta";"Urbano";2;0;2;0;0;0;2;2
83495779;"04/09/16";"Domingo";"05:08:00";"PR";376;"165";"MARINGA";"Dormindo";"Saída de Pista";"Com Vítimas Feridas";"Amanhecer";"Decrescente";"Ceu Claro";"Dupla";"Reta";"Urbano";1;0;0;1;0;0;1;1
83495780;"04/09/16";"Domingo";"13:10:00";"RJ";116;"136";"MAGE";"Outras";"Queda de motocicleta / bicicleta / veículo";"Com Vítimas Feridas";"Pleno dia";"Decrescente";"Ceu Claro";"Dupla";"Reta";"Rural";2;0;2;0;0;0;2;1
83495781;"04/09/16";"Domingo";"12:25:00";"RS";287;"401";"SANTIAGO";"Falta de atenção";"Colisão Transversal";"Sem Vítimas";"Pleno dia";"Crescente";"Ceu Claro";"Simples";"Cruzamento";"Urbano";4;0;0;0;4;0;0;2
83495782;"04/09/16";"Domingo";"13:00:00";"ES";101;"258";"SERRA";"Outras";"Atropelamento de pessoa";"Com Vítimas Feridas";"Pleno dia";"Decrescente";"Ceu Claro";"Simples";"Curva";"Urbano";2;0;0;1;1;0;1;1
83495783;"04/09/16";"Domingo";"09:00:00";"MS";158;"62";"PARANAIBA";"Outras";"Tombamento";"Sem Vítimas";"Pleno dia";"Decrescente";"Chuva";"Simples";"Reta";"Rural";1;0;0;0;1;0;0;1
83495784;"04/09/16";"Domingo";"14:30:00";"SE";101;"96,5";"SAO CRISTOVAO";"Falta de atenção";"Capotamento";"Sem Vítimas";"Pleno dia";"Decrescente";"Sol";"Dupla";"Curva";"Rural";1;0;0;0;1;0;0;1
83495785;"04/09/16";"Domingo";"11:00:00";"SC";470;"191,1";"POUSO REDONDO";"Velocidade incompatível";"Capotamento";"Com Vítimas Feridas";"Pleno dia";"Decrescente";"Chuva";"Simples";"Curva";"Rural";2;0;1;1;0;0;2;1
83495786;"04/09/16";"Domingo";"09:30:00";"SC";280;"101,2";"CORUPA";"Velocidade incompatível";"Colisão frontal";"Com Vítimas Feridas";"Pleno dia";"Crescente";"Chuva";"Simples";"Curva";"Rural";3;0;0;3;0;0;3;2
83495787;"04/09/16";"Domingo";"09:15:00";"ES";101;"445,9";"MIMOSO DO SUL";"Ultrapassagem indevida";"Colisão frontal";"Com Vítimas Fatais";"Pleno dia";"Crescente";"Ceu Claro";"Simples";"Curva";"Rural";2;1;0;0;1;0;0;2
83495788;"02/09/16";"Sexta";"19:30:00";"GO";153;"501";"GOIANIA";"Não guardar distância de segurança";"Colisão traseira";"Sem Vítimas";"Plena noite";"Crescente";"Ceu Claro";"Dupla";"Reta";"Urbano";3;0;0;0;3;0;0;3
83495789;"04/09/16";"Domingo";"12:50:00";"SC";280;"48";"GUARAMIRIM";"Velocidade incompatível";"Saída de Pista";"Com Vítimas Feridas";"Pleno dia";"Crescente";"Chuva";"Simples";"Reta";"Urbano";2;0;2;0;0;0;2;1
83495790;"04/09/16";"Domingo";"13:50:00";"MS";463;"70";"PONTA PORA";"Falta de atenção";"Saída de Pista";"Sem Vítimas";"Pleno dia";"Decrescente";"Ceu Claro";"Simples";"Reta";"Rural";1;0;0;0;1;0;0;1
83495791;"01/09/16";"Quinta";"06:35:00";"DF";20;"6,7";"BRASILIA";"Outras";"Queda de motocicleta / bicicleta / veículo";"Com Vítimas Feridas";"Pleno dia";"Decrescente";"Ceu Claro";"Dupla";"Reta";"Urbano";1;0;1;0;0;0;1;1
83495792;"04/09/16";"Domingo";"08:20:00";"SC";101;"110,2";"NAVEGANTES";"Dormindo";"Saída de Pista";"Com Vítimas Feridas";"Pleno dia";"Crescente";"Chuva";"Dupla";"Curva";"Urbano";4;0;4;0;0;0;4;1
83495793;"04/09/16";"Domingo";"15:20:00";"SC";280;"54,8";"GUARAMIRIM";"Não guardar distância de segurança";"Colisão traseira";"Sem Vítimas";"Pleno dia";"Crescente";"Ceu Claro";"Simples";"Reta";"Urbano";2;0;0;0;2;0;0;2
83495794;"04/09/16";"Domingo";"15:00:00";"RS";386;"401";"TRIUNFO";"Outras";"Saída de Pista";"Sem Vítimas";"Pleno dia";"Decrescente";"Chuva";"Dupla";"Curva";"Rural";1;0;0;0;1;0;0;1
83495795;"01/09/16";"Quinta";"04:00:00";"RJ";116;"288,5";"BARRA MANSA";"Outras";"Incêndio";"Sem Vítimas";"Plena noite";"Crescente";"Ceu Claro";"Dupla";"Reta";"Rural";1;0;0;0;1;0;0;1
83495796;"04/09/16";"Domingo";"13:55:00";"PR";277;"105";"CAMPO LARGO";"Velocidade incompatível";"Capotamento";"Sem Vítimas";"Pleno dia";"Decrescente";"Chuva";"Dupla";"Reta";"Urbano";1;0;0;0;1;0;0;1
83495797;"04/09/16";"Domingo";"09:30:00";"MT";364;"135";"PEDRA PRETA";"Outras";"Tombamento";"Sem Vítimas";"Pleno dia";"Decrescente";"Nublado";"Simples";"Curva";"Rural";1;0;0;0;1;0;0;1