"id";"data_inversa";"dia_semana";"horario";"uf";"br";"km";"municipio";"causa_acidente";"tipo_acidente";"classificacao_acidente";"fase_dia";"sentido_via";"condicao_metereologica";"tipo_pista";"tracado_via";"uso_solo";"pessoas";"mortos";"feridos_leves";"feridos_graves";"ilesos";"ignorados";"feridos";"veiculos"
83496020;"03/09/16";"Sábado";"15:30:00";"PA";155;"73";"RIO MARIA";"Defeito na via";"Tombamento";"Com Vítimas Feridas";"Pleno dia";"Decrescente";"Ceu Claro";"Simples";"Reta";"Rural";2;0;2;0;0;0;2;2
83496021;"01/09/16";"Quinta";"22:30:00";"GO";452;"143,5";"BOM JESUS DE GOIAS";"Velocidade incompatível";"Colisão traseira";"Com Vítimas Feridas";"Plena noite";"Decrescente";"Ceu Claro";"Simples";"Reta";"Rural";2;0;1;0;0;1;1;2
83496022;"05/09/16";"Segunda";"08:00:00";"DF";20;"12";"BRASILIA";"Falta de atenção";"Colisão lateral";"Com Vítimas Feridas";"Pleno dia";"Decrescente";"Ceu Claro";"Dupla";"Reta";"Urbano";3;0;1;0;2;0;1;2
83496023;"22/05/16";"Domingo";"18:30:00";"RJ";116;"316,9";"ITATIAIA";"Falta de atenção";"Colisão traseira";"Com Vítimas Feridas";"Plena noite";"Crescente";"Ceu Claro";"Simples";"Reta";"Rural";3;0;1;0;2;0;1;2
83496024;"02/09/16";"Sexta";"14:50:00";"GO";60;"10,2";"SANTO ANTONIO DO DESCOBERTO";"Outras";"Colisão traseira";"Com Vítimas Feridas";"Pleno dia";"Crescente";"Ceu Claro";"Dupla";"Curva";"Rural";3;0;1;0;2;0;1;2
83496025;"05/09/16";"Segunda";"08:22:00";"SP";116;"423,8";"JUQUIA";"Outras";"Capotamento";"Sem Vítimas";"Pleno dia";"Crescente";"Nublado";"Dupla";"Reta";"Urbano";3;0;0;0;3;0;0;2
83496026;"30/08/16";"Terça";"15:40:00";"DF";60;"0,8";"BRASILIA";"Falta de atenção";"Colisão Transversal";"Sem Vítimas";"Pleno dia";"Crescente";"Ceu Claro";"Dupla";"Reta";"Urbano";2;0;0;0;2;0;0;2
83496027;"28/08/16";"Domingo";"08:10:00";"PR";369;"192";"ARAPONGAS";"Outras";"Saída de Pista";"Ignorado";"Pleno dia";"Decrescente";"Ceu Claro";"Dupla";"Reta";"Urbano";1;0;0;0;0;1;0;1
83496028;"02/09/16";"Sexta";"06:00:00";"PI";316;"3,8";"TERESINA";"Outras";"Colisão com objeto fixo";"Com Vítimas Feridas";"Amanhecer";"Decrescente";"Ceu Claro";"Múltipla";"Reta";"Urbano";1;0;0;1;0;0;1;1
83496029;"05/09/16";"Segunda";"08:00:00";"PE";316;"339,5";"FLORESTA";"Outras";"Colisão frontal";"Com Vítimas Fatais";"Pleno dia";"Crescente";"Ceu Claro";"Simples";"Reta";"Rural";2;1;0;0;1;0;0;2
83496030;"05/09/16";"Segunda";"09:10:00";"RJ";101;"467";"ANGRA DOS REIS";"Defeito mecânico em veículo";"Colisão Transversal";"Com Vítimas Feridas";"Pleno dia";"Crescente";"Nublado";"Simples";"Reta";"Rural";2;0;1;1;0;0;2;2
83496031;"05/09/16";"Segunda";"08:30:00";"PA";316;"125";"BONITO";"Não guardar distância de segurança";"Colisão traseira";"Sem Vítimas";"Pleno dia";"Crescente";"Ceu Claro";"Simples";"Reta";"Rural";2;0;0;0;2;0;0;2
83496032;"05/09/16";"Segunda";"08:10:00";"PE";232;"23,8";"MORENO";"Falta de atenção";"Colisão com objeto fixo";"Sem Vítimas";"Pleno dia";"Crescente";"Ceu Claro";"Dupla";"Reta";"Rural";1;0;0;0;1;0;0;1
83496033;"29/08/16";"Segunda";"05:45:00";"MG";146;"468";"CABO VERDE";"Animais na Pista";"Atropelamento de animal";"Sem Vítimas";"Amanhecer";"Decrescente";"Ceu Claro";"Simples";"Reta";"Rural";1;0;0;0;1;0;0;1
83496034;"05/09/16";"Segunda";"09:55:00";"SP";116;"149";"SAO JOSE DOS CAMPOS";"Defeito mecânico em veículo";"Colisão traseira";"Sem Vítimas";"Pleno dia";"Crescente";"Sol";"Dupla";"Reta";"Urbano";2;0;0;0;2;0;0;2
83496035;"03/09/16";"Sábado";"18:15:00";"MG";262;"801,7";"UBERABA";"Falta de atenção";"Colisão traseira";"Com Vítimas Feridas";"Anoitecer";"Decrescente";"Ceu Claro";"Dupla";"Reta";"Urbano";2;0;1;0;1;0;1;2
83496036;"05/09/16";"Segunda";"10:30:00";"MG";116;"753,8";"LEOPOLDINA";"Falta de atenção";"Colisão lateral";"Com Vítimas Feridas";"Plena noite";"Crescente";"Sol";"Simples";"Curva";"Rural";2;0;0;1;1;0;1;2
83496037;"05/09/16";"Segunda";"11:50:00";"RS";386;"31,1";"FREDERICO WESTPHALEN";"Desobediência à sinalização";"Colisão Transversal";"Sem Vítimas";"Pleno dia";"Crescente";"Nublado";"Simples";"Reta";"Urbano";2;0;0;0;2;0;0;2
83496038;"05/09/16";"Segunda";"08:15:00";"PR";376;"140,3";"NOVA ESPERANCA";"Defeito mecânico em veículo";"Tombamento";"Sem Vítimas";"Pleno dia";"Decrescente";"Nublado";"Dupla";"Reta";"Rural";1;0;0;0;1;0;0;1
83496039;"05/09/16";"Segunda";"10:20:00";"SE";101;"92";"NOSSA SENHORA DO SOCORRO";"Falta de atenção";"Atropelamento de pessoa";"Com Vítimas Feridas";"Pleno dia";"Crescente";"Ceu Claro";"Dupla";"Reta";"Urbano";2;0;1;0;1;0;1;1
83496040;"05/09/16";"Segunda";"08:00:00";"MG";381;"316";"NOVA ERA";"Dormindo";"Colisão frontal";"Com Vítimas Feridas";"Pleno dia";"Crescente";"Ceu Claro";"Simples";"Curva";"Rural";3;0;1;0;2;0;1;2
83496041;"05/09/16";"Segunda";"11:00:00";"SC";163;"79,8";"GUARACIABA";"Animais na Pista";"Atropelamento de animal";"Sem Vítimas";"Pleno dia";"Decrescente";"Nublado";"Simples";"Reta";"Rural";1;0;0;0;1;0;0;1
83496042;"05/09/16";"Segunda";"11:40:00";"ES";101;"425,7";"ATILIO VIVACQUA";"Outras";"Queda de motocicleta / bicicleta / veículo";"Com Vítimas Feridas";"Pleno dia";"Decrescente";"Sol";"Simples";"Reta";"Rural";1;0;1;0;0;0;1;1
83496043;"04/09/16";"Domingo";"12:00:00";"RJ";356;"105";"CARDOSO MOREIRA";"Velocidade incompatível";"Saída de Pista";"Com Vítimas Feridas";"Pleno dia";"Crescente";"Ceu Claro";"Simples";"Curva";"Rural";2;0;1;0;1;0;1;1
83496044;"05/09/16";"Segunda";"10:30:00";"SP";116;"394";"MIRACATU";"Dormindo";"Colisão traseira";"Com Vítimas Feridas";"Pleno dia";"Decrescente";"Nublado";"Dupla";"Reta";"Urbano";3;0;1;0;2;0;1;2
83496045;"01/09/16";"Quinta";"18:50:00";"ES";101;"394";"RIO NOVO DO SUL";"Desobediência à sinalização";"Colisão lateral";"Com Vítimas Feridas";"Pleno dia";"Crescente";"Ceu Claro";"Simples";"Reta";"Urbano";3;0;1;1;1;0;2;2
83496046;"05/09/16";"Segunda";"11:20:00";"RS";386;"379,9";"TABAI";"Defeito mecânico em veículo";"Incêndio";"Sem Vítimas";"Pleno dia";"Decrescente";"Nublado";"Dupla";"Reta";"Rural";1;0;0;0;1;0;0;1
83496047;"01/08/16";"Segunda";"03:30:00";"PA";230;"570";"VITORIA DO XINGU";"Falta de atenção";"Tombamento";"Com Vítimas Feridas";"Plena noite";"Decrescente";"Ceu Claro";"Simples";"Curva";"Urbano";1;0;1;0;0;0;1;1
83496048;"01/09/16";"Quinta";"07:30:00";"SC";101;"214,2";"PALHOCA";"Falta de atenção";"Colisão lateral";"Com Vítimas Feridas";"Pleno dia";"Crescente";"Nublado";"Dupla";"Reta";"Urbano";2;0;1;0;1;0;1;2
83496049;"05/09/16";"Segunda";"08:30:00";"MG";381;"494";"BETIM";"Outras";"Queda de motocicleta / bicicleta / veículo";"Com Vítimas Feridas";"Pleno dia";"Decrescente";"Ceu Claro";"Dupla";"Reta";"Urbano";1;0;1;0;0;0;1;1
83496050;"20/07/16";"Quarta";"07:45:00";"SC";101;"123";"ITAJAI";"Outras";"Colisão Transversal";"Ignorado";"Pleno dia";"Decrescente";"Sol";"Simples";"Cruzamento";"Urbano";2;0;0;0;0;2;0;2
83496051;"02/09/16";"Sexta";"05:10:00";"ES";262;"6,4";"CARIACICA";"Outras";"Colisão lateral";"Com Vítimas Feridas";"Amanhecer";"Decrescente";"Nublado";"Múltipla";"Cruzamento";"Urbano";3;0;2;0;1;0;2;2
83496052;"05/09/16";"Segunda";"10:01:00";"SC";116;"4,5";"MAFRA";"Desobediência à sinalização";"Colisão Transversal";"Com Vítimas Feridas";"Pleno dia";"Decrescente";"Ceu Claro";"Simples";"Cruzamento";"Urbano";2;0;1;0;1;0;1;2
83496053;"05/09/16";"Segunda";"07:30:00";"BA";324;"479";"TANQUINHO";"Animais na Pista";"Atropelamento de animal";"Com Vítimas Feridas";"Pleno dia";"Crescente";"Nublado";"Simples";"Reta";"Rural";1;0;1;0;0;0;1;1
83496055;"04/09/16";"Domingo";"07:10:00";"SP";116;"110,4";"TAUBATE";"Outras";"Colisão traseira";"Com Vítimas Feridas";"Pleno dia";"Decrescente";"Ceu Claro";"Dupla";"Reta";"Urbano";10;0;6;2;2;0;8;4
83496056;"02/09/16";"Sexta";"06:15:00";"GO";70;"2";"AGUAS LINDAS DE GOIAS";"Outras";"Capotamento";"Com Vítimas Feridas";"Amanhecer";"Decrescente";"Ceu Claro";"Dupla";"Curva";"Urbano";2;0;1;1;0;0;2;1
83496057;"05/09/16";"Segunda";"08:45:00";"PB";230;"13";"CABEDELO";"Falta de atenção";"Colisão traseira";"Com Vítimas Feridas";"Pleno dia";"Decrescente";"Nublado";"Dupla";"Reta";"Urbano";2;0;1;0;1;0;1;2
83496058;"02/09/16";"Sexta";"20:40:00";"SP";116;"304";"SAO LOURENCO DA SERRA";"Não guardar distância de segurança";"Queda de motocicleta / bicicleta / veículo";"Com Vítimas Feridas";"Plena noite";"Crescente";"Nublado";"Dupla";"Reta";"Rural";3;0;2;0;0;1;2;2
83496059;"05/09/16";"Segunda";"08:00:00";"RS";377;"78,8";"CRUZ ALTA";"Falta de atenção";"Saída de Pista";"Sem Vítimas";"Pleno dia";"Decrescente";"Chuva";"Simples";"Curva";"Rural";4;0;0;0;4;0;0;1
83496060;"01/09/16";"Quinta";"02:30:00";"MG";381;"496";"BETIM";"Velocidade incompatível";"Capotamento";"Sem Vítimas";"Plena noite";"Decrescente";"Ceu Claro";"Dupla";"Reta";"Urbano";2;0;0;0;2;0;0;1
83496061;"05/09/16";"Segunda";"10:00:00";"RJ";116;"183";"NOVA IGUACU";"Outras";"Atropelamento de pessoa";"Com Vítimas Feridas";"Pleno dia";"Decrescente";"Ceu Claro";"Dupla";"Reta";"Urbano";2;0;0;1;1;0;1;1
83496062;"05/09/16";"Segunda";"08:20:00";"PR";476;"118";"COLOMBO";"Falta de atenção";"Colisão traseira";"Com Vítimas Feridas";"Pleno dia";"Crescente";"Nublado";"Dupla";"Reta";"Urbano";2;0;1;0;1;0;1;2
83496063;"05/09/16";"Segunda";"10:00:00";"PB";230;"24";"JOAO PESSOA";"Velocidade incompatível";"Colisão traseira";"Sem Vítimas";"Pleno dia";"Crescente";"Ceu Claro";"Dupla";"Reta";"Urbano";2;0;0;0;2;0;0;2
83496064;"05/09/16";"Segunda";"11:10:00";"MT";364;"201";"RONDONOPOLIS";"Falta de atenção";"Colisão lateral";"Sem Vítimas";"Pleno dia";"Decrescente";"Nublado";"Dupla";"Curva";"Urbano";2;0;0;0;2;0;0;2
83496065;"05/09/16";"Segunda";"11:45:00";"MG";262;"837";"UBERABA";"Outras";"Queda de motocicleta / bicicleta / veículo";"Com Vítimas Feridas";"Pleno dia";"Decrescente";"Sol";"Simples";"Reta";"Rural";2;0;2;0;0;0;2;1
83496066;"05/09/16";"Segunda";"09:05:00";"MT";364;"261,7";"JUSCIMEIRA";"Falta de atenção";"Tombamento";"Sem Vítimas";"Pleno dia";"Crescente";"Ceu Claro";"Simples";"Curva";"Rural";1;0;0;0;1;0;0;1
83496067;"05/09/16";"Segunda";"11:15:00";"PE";104;"83,1";"AGRESTINA";"Falta de atenção";"Colisão Transversal";"Com Vítimas Feridas";"Pleno dia";"Decrescente";"Ceu Claro";"Simples";"Reta";"Rural";3;0;1;1;1;0;2;2
83496068;"05/09/16";"Segunda";"11:45:00";"SP";116;"515,5";"CAJATI";"Outras";"Capotamento";"Sem Vítimas";"Pleno dia";"Decrescente";"Nublado";"Simples";"Curva";"Rural";2;0;0;0;2;0;0;1
83496069;"05/09/16";"Segunda";"13:45:00";"RJ";40;"112";"DUQUE DE CAXIAS";"Não guardar distância de segurança";"Colisão lateral";"Com Vítimas Feridas";"Pleno dia";"Crescente";"Ceu Claro";"Múltipla";"Reta";"Urbano";4;0;1;0;3;0;1;2
83496070;"05/09/16";"Segunda";"09:30:00";"SP";116;"270";"TABOAO DA SERRA";"Não guardar distância de segurança";"Colisão lateral";"Com Vítimas Feridas";"Pleno dia";"Crescente";"Nublado";"Dupla";"Reta";"Urbano";2;0;1;0;1;0;1;2
83496071;"03/09/16";"Sábado";"18:50:00";"MA";10;"280";"IMPERATRIZ";"Animais na Pista";"Atropelamento de animal";"Com Vítimas Feridas";"Plena noite";"Crescente";"Ceu Claro";"Simples";"Reta";"Rural";1;0;0;1;0;0;1;1
83496072;"24/08/16";"Quarta";"16:30:00";"RS";386;"82,5";"LAJEADO DO BUGRE";"Falta de atenção";"Tombamento";"Com Vítimas Feridas";"Pleno dia";"Crescente";"Sol";"Simples";"Curva";"Rural";1;0;1;0;0;0;1;1
83496073;"21/06/16";"Terça";"17:45:00";"PE";101;"56";"PAULISTA";"Não guardar distância de segurança";"Colisão traseira";"Sem Vítimas";"Anoitecer";"Crescente";"Nublado";"Dupla";"Reta";"Rural";2;0;0;0;2;0;0;2
83496074;"05/09/16";"Segunda";"11:00:00";"PR";116;"116";"CURITIBA";"Falta de atenção";"Colisão Transversal";"Com Vítimas Feridas";"Pleno dia";"Decrescente";"Nublado";"Dupla";"Reta";"Urbano";3;0;1;0;2;0;1;3
83496075;"01/09/16";"Quinta";"13:15:00";"GO";153;"114";"SANTA TEREZA DE GOIAS";"Defeito mecânico em veículo";"Saída de Pista";"Com Vítimas Feridas";"Pleno dia";"Decrescente";"Sol";"Simples";"Reta";"Rural";1;0;1;0;0;0;1;1
83496076;"02/09/16";"Sexta";"06:30:00";"GO";153;"509,2";"APARECIDA DE GOIANIA";"Desobediência à sinalização";"Colisão traseira";"Sem Vítimas";"Pleno dia";"Decrescente";"Sol";"Múltipla";"Reta";"Urbano";3;0;0;0;3;0;0;3
83496077;"05/09/16";"Segunda";"11:50:00";"GO";70;"19";"AGUAS LINDAS DE GOIAS";"Outras";"Colisão lateral";"Com Vítimas Feridas";"Pleno dia";"Decrescente";"Ceu Claro";"Simples";"Reta";"Rural";4;0;2;0;2;0;2;2
83496078;"03/09/16";"Sábado";"04:00:00";"SP";116;"322";"JUQUITIBA";"Não guardar distância de segurança";"Colisão com objeto fixo";"Com Vítimas Feridas";"Plena noite";"Decrescente";"Nublado";"Dupla";"Reta";"Rural";3;0;2;0;1;0;2;1
83496079;"02/09/16";"Sexta";"07:30:00";"MG";365;"628";"UBERLANDIA";"Não guardar distância de segurança";"Colisão lateral";"Com Vítimas Feridas";"Pleno dia";"Decrescente";"Ceu Claro";"Dupla";"Reta";"Urbano";3;0;2;1;0;0;3;2
83496080;"05/09/16";"Segunda";"12:30:00";"MS";163;"447";"CAMPO GRANDE";"Outras";"Colisão frontal";"Sem Vítimas";"Pleno dia";"Decrescente";"Chuva";"Simples";"Reta";"Rural";4;0;0;0;3;1;0;3
83496082;"05/09/16";"Segunda";"11:30:00";"SC";282;"147";"BOM RETIRO";"Animais na Pista";"Atropelamento de animal";"Com Vítimas Feridas";"Pleno dia";"Decrescente";"Nublado";"Simples";"Curva";"Rural";4;0;1;0;3;0;1;2
83496083;"05/09/16";"Segunda";"15:00:00";"RS";386;"422,9";"MONTENEGRO";"Dormindo";"Colisão traseira";"Sem Vítimas";"Pleno dia";"Decrescente";"Chuva";"Dupla";"Reta";"Rural";2;0;0;0;2;0;0;2
83496084;"05/09/16";"Segunda";"13:15:00";"SC";101;"207,3";"SAO JOSE";"Falta de atenção";"Colisão lateral";"Sem Vítimas";"Pleno dia";"Crescente";"Ceu Claro";"Múltipla";"Reta";"Urbano";3;0;0;0;3;0;0;3
83496085;"05/09/16";"Segunda";"12:53:00";"SP";116;"228";"SAO PAULO";"Falta de atenção";"Colisão lateral";"Sem Vítimas";"Pleno dia";"Decrescente";"Nublado";"Simples";"Reta";"Urbano";2;0;0;0;2;0;0;2
83496086;"05/09/16";"Segunda";"13:25:00";"PR";277;"591";"CASCAVEL";"Defeito mecânico em veículo";"Queda de motocicleta / bicicleta / veículo";"Com Vítimas Feridas";"Pleno dia";"Decrescente";"Chuva";"Simples";"Reta";"Urbano";1;0;1;0;0;0;1;1
83496087;"03/09/16";"Sábado";"06:00:00";"ES";101;"342";"GUARAPARI";"Velocidade incompatível";"Capotamento";"Com Vítimas Feridas";"Pleno dia";"Decrescente";"Chuva";"Simples";"Reta";"Rural";1;0;1;0;0;0;1;1
83496088;"05/09/16";"Segunda";"15:00:00";"RS";392;"264";"CACAPAVA DO SUL";"Velocidade incompatível";"Saída de Pista";"Com Vítimas Feridas";"Pleno dia";"Crescente";"Chuva";"Simples";"Curva";"Rural";1;0;1;0;0;0;1;1
83496089;"05/09/16";"Segunda";"07:00:00";"MS";262;"313";"CAMPO GRANDE";"Desobediência à sinalização";"Colisão lateral";"Sem Vítimas";"Pleno dia";"Crescente";"Nublado";"Simples";"Reta";"Rural";3;0;0;0;3;0;0;2
83496090;"02/09/16";"Sexta";"13:00:00";"MG";459;"35,1";"CALDAS";"Velocidade incompatível";"Capotamento";"Com Vítimas Feridas";"Pleno dia";"Decrescente";"Ceu Claro";"Simples";"Curva";"Rural";1;0;1;0;0;0;1;1
83496091;"05/09/16";"Segunda";"12:45:00";"MT";364;"208";"RONDONOPOLIS";"Falta de atenção";"Colisão com objeto fixo";"Sem Vítimas";"Pleno dia";"Decrescente";"Nublado";"Simples";"Reta";"Rural";1;0;0;0;1;0;0;1
83496092;"05/09/16";"Segunda";"14:10:00";"SC";101;"202";"SAO JOSE";"Outras";"Tombamento";"Ignorado";"Pleno dia";"Crescente";"Ceu Claro";"Dupla";"Reta";"Urbano";1;0;0;0;0;1;0;1
83496093;"05/09/16";"Segunda";"14:55:00";"SC";280;"146,3";"MAFRA";"Falta de atenção";"Colisão Transversal";"Com Vítimas Feridas";"Pleno dia";"Decrescente";"Ceu Claro";"Simples";"Reta";"Rural";3;0;1;0;2;0;1;2
83496094;"03/09/16";"Sábado";"21:40:00";"PR";376;"175,2";"MARINGA";"Outras";"Colisão Transversal";"Sem Vítimas";"Plena noite";"Crescente";"Chuva";"Múltipla";"Reta";"Urbano";2;0;0;0;1;1;0;2
83496095;"05/09/16";"Segunda";"09:00:00";"BA";116;"408,7";"FEIRA DE SANTANA";"Não guardar distância de segurança";"Colisão traseira";"Sem Vítimas";"Pleno dia";"Crescente";"Ceu Claro";"Simples";"Reta";"Rural";3;0;0;0;3;0;0;3
83496097;"05/09/16";"Segunda";"12:00:00";"GO";251;"25,5";"CRISTALINA";"Outras";"Colisão Transversal";"Com Vítimas Feridas";"Pleno dia";"Decrescente";"Sol";"Simples";"Curva";"Rural";3;0;1;1;1;0;2;2
83496098;"05/09/16";"Segunda";"07:50:00";"RO";319;"60,9";"PORTO VELHO";"Não guardar distância de segurança";"Colisão lateral";"Com Vítimas Feridas";"Pleno dia";"Decrescente";"Ceu Claro";"Dupla";"Cruzamento";"Urbano";3;0;1;0;2;0;1;2
83496099;"05/09/16";"Segunda";"10:00:00";"PI";343;"4,4";"TERESINA";"Falta de atenção";"Atropelamento de pessoa";"Com Vítimas Feridas";"Pleno dia";"Crescente";"Ceu Claro";"Múltipla";"Reta";"Urbano";2;0;1;0;1;0;1;1
83496100;"05/09/16";"Segunda";"07:50:00";"PE";407;"124,1";"PETROLINA";"Não guardar distância de segurança";"Colisão traseira";"Com Vítimas Feridas";"Pleno dia";"Crescente";"Ceu Claro";"Simples";"Reta";"Urbano";2;0;1;0;1;0;1;2
83496101;"03/09/16";"Sábado";"23:00:00";"PA";153;"82";"SAO DOMINGOS DO ARAGUAIA";"Defeito mecânico em veículo";"Saída de Pista";"Sem Vítimas";"Plena noite";"Decrescente";"Ceu Claro";"Simples";"Reta";"Rural";1;0;0;0;1;0;0;1
83496102;"03/09/16";"Sábado";"01:45:00";"SP";116;"318";"JUQUITIBA";"Velocidade incompatível";"Capotamento";"Sem Vítimas";"Plena noite";"Decrescente";"Chuva";"Dupla";"Curva";"Urbano";1;0;0;0;1;0;0;1
83496103;"02/09/16";"Sexta";"02:30:00";"PR";376;"475,4";"PONTA GROSSA";"Ingestão de álcool";"Saída de Pista";"Com Vítimas Feridas";"Plena noite";"Decrescente";"Ceu Claro";"Dupla";"Curva";"Rural";1;0;1;0;0;0;1;1
83496104;"05/09/16";"Segunda";"04:30:00";"RN";405;"153";"PAU DOS FERROS";"Outras";"Colisão com objeto fixo";"Ignorado";"Plena noite";"Crescente";"Ignorada";"Simples";"Reta";"Rural";1;0;0;0;0;1;0;1
83496105;"03/09/16";"Sábado";"12:00:00";"PA";155;"305,1";"MARABA";"Velocidade incompatível";"Colisão traseira";"Com Vítimas Fatais";"Pleno dia";"Decrescente";"Ceu Claro";"Simples";"Reta";"Urbano";3;1;0;0;1;1;0;2
83496106;"01/09/16";"Quinta";"16:50:00";"GO";40;"7,1";"VALPARAISO DE GOIAS";"Desobediência à sinalização";"Colisão Transversal";"Com Vítimas Feridas";"Pleno dia";"Crescente";"Ceu Claro";"Dupla";"Reta";"Urbano";5;0;1;0;3;1;1;3
83496107;"05/09/16";"Segunda";"15:10:00";"BA";135;"159,5";"RIACHAO DAS NEVES";"Defeito mecânico em veículo";"Saída de Pista";"Com Vítimas Feridas";"Pleno dia";"Decrescente";"Sol";"Simples";"Reta";"Rural";1;0;1;0;0;0;1;1
83496108;"05/09/16";"Segunda";"14:20:00";"PR";376;"175,1";"MARINGA";"Desobediência à sinalização";"Colisão Transversal";"Com Vítimas Feridas";"Pleno dia";"Crescente";"Nublado";"Múltipla";"Reta";"Urbano";2;0;1;0;1;0;1;2
83496109;"05/09/16";"Segunda";"09:00:00";"SP";116;"311";"SAO LOURENCO DA SERRA";"Defeito mecânico em veículo";"Saída de Pista";"Sem Vítimas";"Amanhecer";"Decrescente";"Nublado";"Dupla";"Curva";"Rural";1;0;0;0;1;0;0;1
83496110;"03/09/16";"Sábado";"11:50:00";"RJ";493;"0,5";"ITABORAI";"Ultrapassagem indevida";"Colisão lateral";"Com Vítimas Feridas";"Pleno dia";"Crescente";"Sol";"Simples";"Reta";"Urbano";2;0;1;0;1;0;1;2
83496111;"05/09/16";"Segunda";"10:00:00";"SC";116;"184,4";"SAO CRISTOVAO DO SUL";"Velocidade incompatível";"Tombamento";"Sem Vítimas";"Pleno dia";"Crescente";"Ceu Claro";"Simples";"Cruzamento";"Rural";1;0;0;0;1;0;0;1
83496112;"05/09/16";"Segunda";"13:10:00";"PR";116;"138,8";"MANDIRITUBA";"Velocidade incompatível";"Tombamento";"Com Vítimas Feridas";"Pleno dia";"Crescente";"Nublado";"Dupla";"Curva";"Rural";1;0;1;0;0;0;1;1
83496113;"05/09/16";"Segunda";"06:30:00";"MA";135;"45";"BACABEIRA";"Outras";"Saída de Pista";"Sem Vítimas";"Pleno dia";"Decrescente";"Ceu Claro";"Múltipla";"Reta";"Rural";1;0;0;0;1;0;0;1
83496114;"26/08/16";"Sexta";"22:10:00";"RS";386;"250";"SOLEDADE";"Outras";"Colisão lateral";"Sem Vítimas";"Plena noite";"Crescente";"Ceu Claro";"Dupla";"Reta";"Rural";2;0;0;0;2;0;0;2
83496115;"05/09/16";"Segunda";"07:50:00";"MT";364;"273";"JACIARA";"Outras";"Queda de motocicleta / bicicleta / veículo";"Com Vítimas Feridas";"Pleno dia";"Crescente";"Nublado";"Dupla";"Reta";"Urbano";1;0;1;0;0;0;1;1
83496116;"05/09/16";"Segunda";"07:20:00";"RS";472;"488,6";"ITAQUI";"Falta de atenção";"Colisão lateral";"Com Vítimas Feridas";"Amanhecer";"Decrescente";"Nevoeiro/neblina";"Simples";"Reta";"Rural";4;0;1;0;3;0;1;3
83496117;"05/09/16";"Segunda";"08:30:00";"RS";116;"1,7";"PORTO ALEGRE";"Outras";"Colisão traseira";"Com Vítimas Feridas";"Pleno dia";"Crescente";"Nublado";"Dupla";"Reta";"Urbano";2;0;1;0;1;0;1;2
83496118;"01/09/16";"Quinta";"21:50:00";"GO";40;"7,1";"VALPARAISO DE GOIAS";"Ingestão de álcool";"Colisão Transversal";"Com Vítimas Feridas";"Plena noite";"Crescente";"Ceu Claro";"Dupla";"Reta";"Urbano";3;0;2;1;0;0;3;2
83496119;"29/08/16";"Segunda";"10:00:00";"PB";230;"28";"JOAO PESSOA";"Falta de atenção";"Colisão lateral";"Com Vítimas Feridas";"Pleno dia";"Decrescente";"Ceu Claro";"Simples";"Curva";"Urbano";2;0;1;0;1;0;1;2
83496120;"05/09/16";"Segunda";"17:00:00";"SE";101;"110,5";"SAO CRISTOVAO";"Outras";"Saída de Pista";"Sem Vítimas";"Pleno dia";"Crescente";"Ceu Claro";"Dupla";"Curva";"Rural";1;0;0;0;1;0;0;1
83496122;"05/09/16";"Segunda";"14:00:00";"PR";476;"245";"LAPA";"Defeito mecânico em veículo";"Incêndio";"Sem Vítimas";"Pleno dia";"Decrescente";"Nublado";"Simples";"Reta";"Rural";1;0;0;0;1;0;0;1
83496123;"02/09/16";"Sexta";"06:15:00";"MG";40;"642";"CONSELHEIRO LAFAIETE";"Falta de atenção";"Saída de Pista";"Sem Vítimas";"Amanhecer";"Crescente";"Ceu Claro";"Simples";"Curva";"Rural";1;0;0;0;1;0;0;1
83496124;"05/09/16";"Segunda";"14:40:00";"BA";101;"60";"ENTRE RIOS";"Não guardar distância de segurança";"Colisão traseira";"Com Vítimas Feridas";"Pleno dia";"Crescente";"Nublado";"Simples";"Reta";"Urbano";2;0;1;0;0;1;1;2
83496125;"05/09/16";"Segunda";"12:50:00";"PR";376;"219,5";"JANDAIA DO SUL";"Não guardar distância de segurança";"Colisão lateral";"Com Vítimas Feridas";"Pleno dia";"Decrescente";"Nublado";"Simples";"Reta";"Rural";4;0;2;0;2;0;2;2
83496126;"05/09/16";"Segunda";"12:10:00";"SE";235;"1,5";"NOSSA SENHORA DO SOCORRO";"Outras";"Colisão traseira";"Com Vítimas Feridas";"Pleno dia";"Decrescente";"Nublado";"Dupla";"Reta";"Urbano";2;0;1;0;1;0;1;2
83496127;"05/09/16";"Segunda";"09:30:00";"PE";101;"67";"RECIFE";"Não guardar distância de segurança";"Colisão traseira";"Sem Vítimas";"Pleno dia";"Decrescente";"Ceu Claro";"Simples";"Reta";"Urbano";2;0;0;0;2;0;0;2
83496128;"05/09/16";"Segunda";"16:20:00";"PA";316;"3";"ANANINDEUA";"Não guardar distância de segurança";"Colisão traseira";"Com Vítimas Feridas";"Pleno dia";"Crescente";"Ceu Claro";"Simples";"Reta";"Urbano";3;0;2;0;1;0;2;3
83496129;"05/09/16";"Segunda";"17:12:00";"MG";40;"41,4";"PARACATU";"Falta de atenção";"Colisão Transversal";"Com Vítimas Feridas";"Pleno dia";"Decrescente";"Ceu Claro";"Simples";"Cruzamento";"Urbano";2;0;1;0;1;0;1;2