"id";"data_inversa";"dia_semana";"horario";"uf";"br";"km";"municipio";"causa_acidente";"tipo_acidente";"classificacao_acidente";"fase_dia";"sentido_via";"condicao_metereologica";"tipo_pista";"tracado_via";"uso_solo";"pessoas";"mortos";"feridos_leves";"feridos_graves";"ilesos";"ignorados";"feridos";"veiculos"
83496130;"05/09/16";"Segunda";"16:00:00";"GO";153;"564";"PROFESSOR JAMIL";"Defeito mecânico em veículo";"Incêndio";"Sem Vítimas";"Pleno dia";"Decrescente";"Ceu Claro";"Dupla";"Curva";"Urbano";1;0;0;0;1;0;0;1
83496131;"05/09/16";"Segunda";"13:20:00";"ES";262;"5";"CARIACICA";"Desobediência à sinalização";"Colisão Transversal";"Sem Vítimas";"Pleno dia";"Decrescente";"Ceu Claro";"Dupla";"Reta";"Urbano";2;0;0;0;2;0;0;2
83496132;"05/09/16";"Segunda";"13:26:00";"MS";163;"814";"PEDRO GOMES";"Velocidade incompatível";"Saída de Pista";"Com Vítimas Feridas";"Pleno dia";"Crescente";"Chuva";"Simples";"Reta";"Rural";4;0;3;0;1;0;3;1
83496133;"05/09/16";"Segunda";"17:10:00";"RN";101;"82,7";"SAO GONCALO DO AMARANTE";"Não guardar distância de segurança";"Colisão traseira";"Sem Vítimas";"Pleno dia";"Crescente";"Sol";"Dupla";"Reta";"Urbano";2;0;0;0;2;0;0;2
83496134;"30/08/16";"Terça";"21:30:00";"AP";210;"129";"PORTO GRANDE";"Defeito na via";"Saída de Pista";"Com Vítimas Feridas";"Plena noite";"Crescente";"Ceu Claro";"Simples";"Curva";"Rural";5;0;5;0;0;0;5;1
83496135;"05/09/16";"Segunda";"05:40:00";"BA";116;"353";"SERRINHA";"Outras";"Capotamento";"Sem Vítimas";"Amanhecer";"Decrescente";"Nublado";"Simples";"Curva";"Rural";1;0;0;0;1;0;0;1
83496136;"01/09/16";"Quinta";"09:35:00";"MG";153;"7";"ARAPORA";"Velocidade incompatível";"Capotamento";"Com Vítimas Feridas";"Pleno dia";"Decrescente";"Ceu Claro";"Dupla";"Reta";"Rural";3;0;3;0;0;0;3;1
83496137;"05/09/16";"Segunda";"15:40:00";"RS";470;"175,6";"VERANOPOLIS";"Falta de atenção";"Colisão Transversal";"Com Vítimas Feridas";"Pleno dia";"Decrescente";"Chuva";"Simples";"Cruzamento";"Urbano";2;0;0;1;1;0;1;2
83496138;"05/09/16";"Segunda";"17:35:00";"GO";153;"500,5";"GOIANIA";"Falta de atenção";"Colisão lateral";"Sem Vítimas";"Pleno dia";"Decrescente";"Ceu Claro";"Múltipla";"Reta";"Urbano";2;0;0;0;2;0;0;2
83496139;"05/09/16";"Segunda";"17:20:00";"ES";262;"174";"IBATIBA";"Falta de atenção";"Colisão Transversal";"Com Vítimas Feridas";"Pleno dia";"Crescente";"Ceu Claro";"Simples";"Reta";"Rural";2;0;1;0;1;0;1;2
83496140;"05/09/16";"Segunda";"16:30:00";"RS";293;"161,7";"HULHA NEGRA";"Defeito mecânico em veículo";"Saída de Pista";"Sem Vítimas";"Pleno dia";"Crescente";"Chuva";"Simples";"Reta";"Rural";3;0;0;0;3;0;0;1
83496141;"20/08/16";"Sábado";"14:30:00";"MG";381;"412";"NOVA UNIAO";"Outras";"Tombamento";"Sem Vítimas";"Pleno dia";"Crescente";"Ceu Claro";"Simples";"Curva";"Rural";1;0;0;0;1;0;0;1
83496142;"05/09/16";"Segunda";"10:20:00";"SC";282;"0";"FLORIANOPOLIS";"Falta de atenção";"Colisão lateral";"Sem Vítimas";"Pleno dia";"Decrescente";"Ceu Claro";"Múltipla";"Curva";"Urbano";3;0;0;0;3;0;0;3
83496143;"05/09/16";"Segunda";"06:30:00";"MG";40;"349,9";"FELIXLANDIA";"Outras";"Capotamento";"Com Vítimas Feridas";"Pleno dia";"Decrescente";"Ceu Claro";"Simples";"Reta";"Rural";1;0;0;1;0;0;1;1
83496144;"05/09/16";"Segunda";"16:00:00";"MG";50;"71";"UBERLANDIA";"Outras";"Colisão lateral";"Sem Vítimas";"Pleno dia";"Crescente";"Sol";"Dupla";"Reta";"Urbano";2;0;0;0;2;0;0;2
83496145;"05/09/16";"Segunda";"14:00:00";"SC";116;"47,2";"PAPANDUVA";"Falta de atenção";"Colisão traseira";"Com Vítimas Feridas";"Pleno dia";"Crescente";"Ceu Claro";"Simples";"Reta";"Rural";2;0;1;0;0;1;1;2
83496146;"05/09/16";"Segunda";"15:00:00";"CE";116;"160";"RUSSAS";"Outras";"Queda de motocicleta / bicicleta / veículo";"Com Vítimas Feridas";"Pleno dia";"Decrescente";"Ceu Claro";"Simples";"Curva";"Urbano";1;0;1;0;0;0;1;1
83496147;"03/09/16";"Sábado";"05:45:00";"RS";392;"91";"PELOTAS";"Outras";"Saída de Pista";"Com Vítimas Feridas";"Plena noite";"Decrescente";"Chuva";"Simples";"Reta";"Urbano";1;0;1;0;0;0;1;1
83496148;"03/09/16";"Sábado";"05:30:00";"GO";80;"26";"PADRE BERNARDO";"Dormindo";"Saída de Pista";"Com Vítimas Feridas";"Amanhecer";"Crescente";"Ceu Claro";"Simples";"Reta";"Rural";1;0;0;1;0;0;1;1
83496149;"05/09/16";"Segunda";"17:20:00";"MG";381;"479";"CONTAGEM";"Outras";"Queda de motocicleta / bicicleta / veículo";"Com Vítimas Feridas";"Pleno dia";"Crescente";"Ceu Claro";"Dupla";"Reta";"Urbano";1;0;1;0;0;0;1;1
83496150;"01/09/16";"Quinta";"19:45:00";"PR";376;"464,3";"PONTA GROSSA";"Outras";"Colisão traseira";"Com Vítimas Feridas";"Plena noite";"Crescente";"Ceu Claro";"Dupla";"Reta";"Rural";2;0;1;0;1;0;1;2
83496152;"05/09/16";"Segunda";"16:11:00";"MG";262;"42,5";"MANHUACU";"Outras";"Colisão traseira";"Com Vítimas Feridas";"Pleno dia";"Decrescente";"Sol";"Simples";"Reta";"Rural";2;0;1;0;1;0;1;2
83496153;"03/09/16";"Sábado";"20:15:00";"SP";381;"21";"BRAGANCA PAULISTA";"Velocidade incompatível";"Colisão com objeto fixo";"Ignorado";"Plena noite";"Crescente";"Nublado";"Dupla";"Curva";"Urbano";1;0;0;0;0;1;0;1
83496154;"05/09/16";"Segunda";"15:15:00";"MT";364;"521";"ROSARIO OESTE";"Falta de atenção";"Danos Eventuais";"Sem Vítimas";"Pleno dia";"Crescente";"Nublado";"Simples";"Reta";"Rural";5;0;0;0;5;0;0;2
83496155;"05/09/16";"Segunda";"14:50:00";"PE";232;"408,3";"SERRA TALHADA";"Outras";"Colisão lateral";"Com Vítimas Feridas";"Pleno dia";"Crescente";"Ceu Claro";"Simples";"Reta";"Urbano";2;0;1;0;1;0;1;2
83496156;"05/09/16";"Segunda";"13:30:00";"RJ";116;"168";"SAO JOAO DE MERITI";"Outras";"Colisão lateral";"Com Vítimas Feridas";"Pleno dia";"Crescente";"Ceu Claro";"Dupla";"Reta";"Urbano";3;0;1;0;2;0;1;2
83496157;"05/09/16";"Segunda";"15:35:00";"MG";381;"281";"JAGUARACU";"Velocidade incompatível";"Capotamento";"Sem Vítimas";"Pleno dia";"Decrescente";"Ceu Claro";"Simples";"Reta";"Rural";1;0;0;0;1;0;0;1
83496158;"05/09/16";"Segunda";"17:20:00";"RS";470;"212,8";"BENTO GONCALVES";"Falta de atenção";"Colisão traseira";"Com Vítimas Feridas";"Pleno dia";"Decrescente";"Chuva";"Simples";"Cruzamento";"Urbano";2;0;1;1;0;0;2;2
83496159;"05/09/16";"Segunda";"11:50:00";"RO";364;"341";"JI-PARANA";"Desobediência à sinalização";"Colisão Transversal";"Sem Vítimas";"Pleno dia";"Crescente";"Sol";"Simples";"Reta";"Rural";2;0;0;0;2;0;0;2
83496160;"05/09/16";"Segunda";"18:09:00";"SC";116;"5,5";"MAFRA";"Desobediência à sinalização";"Colisão Transversal";"Sem Vítimas";"Anoitecer";"Decrescente";"Ceu Claro";"Simples";"Cruzamento";"Urbano";2;0;0;0;2;0;0;2
83496161;"05/09/16";"Segunda";"12:40:00";"PE";408;"97";"SAO LOURENCO DA MATA";"Outras";"Colisão traseira";"Com Vítimas Feridas";"Pleno dia";"Decrescente";"Ceu Claro";"Dupla";"Reta";"Rural";11;0;0;9;2;0;9;3
83496162;"31/08/16";"Quarta";"20:50:00";"BA";324;"539";"AMELIA RODRIGUES";"Outras";"Atropelamento de pessoa";"Com Vítimas Fatais";"Plena noite";"Crescente";"Ceu Claro";"Dupla";"Reta";"Rural";2;1;0;0;1;0;0;1
83496163;"04/09/16";"Domingo";"16:00:00";"MT";70;"81";"GENERAL CARNEIRO";"Outras";"Saída de Pista";"Sem Vítimas";"Pleno dia";"Decrescente";"Ceu Claro";"Simples";"Curva";"Urbano";1;0;0;0;1;0;0;1
83496164;"05/09/16";"Segunda";"19:30:00";"RJ";393;"182";"PARAIBA DO SUL";"Falta de atenção";"Colisão traseira";"Sem Vítimas";"Plena noite";"Crescente";"Ceu Claro";"Simples";"Cruzamento";"Urbano";4;0;0;0;4;0;0;4
83496165;"05/09/16";"Segunda";"06:30:00";"RO";364;"740,8";"PORTO VELHO";"Animais na Pista";"Saída de Pista";"Com Vítimas Feridas";"Amanhecer";"Crescente";"Ceu Claro";"Simples";"Curva";"Rural";1;0;1;0;0;0;1;1
83496168;"05/09/16";"Segunda";"09:30:00";"BA";116;"356";"SERRINHA";"Outras";"Atropelamento de pessoa";"Com Vítimas Feridas";"Pleno dia";"Crescente";"Nublado";"Simples";"Reta";"Urbano";2;0;0;1;1;0;1;1
83496169;"05/09/16";"Segunda";"17:40:00";"SC";282;"233,1";"LAGES";"Outras";"Capotamento";"Com Vítimas Feridas";"Anoitecer";"Crescente";"Chuva";"Simples";"Curva";"Rural";1;0;1;0;0;0;1;1
83496170;"02/09/16";"Sexta";"21:20:00";"BA";116;"422";"FEIRA DE SANTANA";"Ingestão de álcool";"Colisão Transversal";"Sem Vítimas";"Plena noite";"Decrescente";"Nublado";"Simples";"Curva";"Urbano";2;0;0;0;2;0;0;2
83496171;"05/09/16";"Segunda";"17:05:00";"PR";369;"177";"ROLANDIA";"Ingestão de álcool";"Colisão Transversal";"Com Vítimas Feridas";"Pleno dia";"Crescente";"Chuva";"Simples";"Reta";"Urbano";2;0;1;0;1;0;1;2
83496172;"01/09/16";"Quinta";"14:50:00";"GO";50;"154,4";"CAMPO ALEGRE DE GOIAS";"Falta de atenção";"Tombamento";"Com Vítimas Feridas";"Pleno dia";"Decrescente";"Sol";"Simples";"Cruzamento";"Rural";1;0;1;0;0;0;1;1
83496173;"05/09/16";"Segunda";"18:30:00";"ES";101;"169";"LINHARES";"Animais na Pista";"Atropelamento de animal";"Com Vítimas Feridas";"Plena noite";"Decrescente";"Ceu Claro";"Simples";"Reta";"Rural";1;0;1;0;0;0;1;1
83496174;"01/09/16";"Quinta";"18:00:00";"ES";101;"267";"SERRA";"Outras";"Colisão Transversal";"Com Vítimas Feridas";"Anoitecer";"Decrescente";"Nublado";"Dupla";"Cruzamento";"Urbano";2;0;0;2;0;0;2;2
83496175;"05/09/16";"Segunda";"19:00:00";"BA";116;"705";"MANOEL VITORINO";"Falta de atenção";"Colisão lateral";"Com Vítimas Feridas";"Plena noite";"Crescente";"Ceu Claro";"Simples";"Reta";"Rural";2;0;0;1;0;1;1;2
83496176;"05/09/16";"Segunda";"20:00:00";"PE";101;"38";"IGARASSU";"Falta de atenção";"Colisão lateral";"Com Vítimas Feridas";"Plena noite";"Crescente";"Ceu Claro";"Dupla";"Reta";"Rural";2;0;1;0;1;0;1;2
83496177;"01/09/16";"Quinta";"16:00:00";"MG";135;"592";"CURVELO";"Velocidade incompatível";"Colisão traseira";"Sem Vítimas";"Pleno dia";"Crescente";"Sol";"Simples";"Reta";"Rural";2;0;0;0;2;0;0;2
83496178;"05/09/16";"Segunda";"21:45:00";"MG";116;"590,6";"MANHUACU";"Outras";"Queda de motocicleta / bicicleta / veículo";"Com Vítimas Feridas";"Plena noite";"Crescente";"Nublado";"Simples";"Reta";"Urbano";2;0;1;0;0;1;1;1
83496179;"05/09/16";"Segunda";"19:45:00";"PR";277;"4";"FOZ DO IGUACU";"Falta de atenção";"Colisão Transversal";"Com Vítimas Feridas";"Plena noite";"Decrescente";"Chuva";"Dupla";"Reta";"Urbano";2;0;0;1;1;0;1;2
83496180;"05/09/16";"Segunda";"21:35:00";"SC";470;"139,9";"RIO DO SUL";"Outras";"Colisão traseira";"Com Vítimas Feridas";"Plena noite";"Crescente";"Chuva";"Simples";"Cruzamento";"Urbano";3;0;0;1;1;1;1;3
83496181;"05/09/16";"Segunda";"20:00:00";"PE";101;"97";"CABO DE SANTO AGOSTINHO";"Falta de atenção";"Colisão lateral";"Com Vítimas Feridas";"Plena noite";"Decrescente";"Nublado";"Dupla";"Reta";"Urbano";2;0;1;0;1;0;1;2
83496182;"05/09/16";"Segunda";"17:30:00";"MG";262;"500,5";"MOEMA";"Animais na Pista";"Atropelamento de animal";"Sem Vítimas";"Anoitecer";"Decrescente";"Ceu Claro";"Simples";"Reta";"Rural";1;0;0;0;1;0;0;1
83496183;"05/09/16";"Segunda";"15:30:00";"PR";373;"455,2";"CHOPINZINHO";"Outras";"Saída de Pista";"Com Vítimas Feridas";"Anoitecer";"Crescente";"Chuva";"Simples";"Curva";"Rural";1;0;1;0;0;0;1;1
83496185;"05/09/16";"Segunda";"09:30:00";"RO";364;"661";"CANDEIAS DO JAMARI";"Defeito mecânico em veículo";"Saída de Pista";"Com Vítimas Feridas";"Pleno dia";"Crescente";"Ceu Claro";"Simples";"Reta";"Rural";2;0;2;0;0;0;2;1
83496186;"04/09/16";"Domingo";"23:50:00";"PR";277;"3";"FOZ DO IGUACU";"Falta de atenção";"Colisão Transversal";"Com Vítimas Feridas";"Plena noite";"Decrescente";"Chuva";"Dupla";"Cruzamento";"Urbano";3;0;1;0;1;1;1;2
83496187;"05/09/16";"Segunda";"21:50:00";"PR";277;"476,9";"NOVA LARANJEIRAS";"Outras";"Atropelamento de pessoa";"Com Vítimas Feridas";"Plena noite";"Decrescente";"Chuva";"Simples";"Reta";"Urbano";2;0;0;1;0;1;1;1
83496188;"05/09/16";"Segunda";"09:45:00";"GO";60;"45,8";"ALEXANIA";"Dormindo";"Saída de Pista";"Com Vítimas Feridas";"Pleno dia";"Decrescente";"Ceu Claro";"Dupla";"Curva";"Urbano";3;0;3;0;0;0;3;1
83496189;"05/09/16";"Segunda";"19:19:00";"SC";470;"175,6";"POUSO REDONDO";"Desobediência à sinalização";"Colisão Transversal";"Com Vítimas Feridas";"Plena noite";"Decrescente";"Chuva";"Simples";"Reta";"Urbano";2;0;1;0;1;0;1;2
83496190;"01/09/16";"Quinta";"20:40:00";"PI";343;"598";"FLORIANO";"Falta de atenção";"Colisão Transversal";"Com Vítimas Feridas";"Plena noite";"Decrescente";"Ceu Claro";"Dupla";"Reta";"Urbano";2;0;0;1;0;1;1;2
83496191;"02/09/16";"Sexta";"18:45:00";"RJ";116;"141";"DUQUE DE CAXIAS";"Outras";"Atropelamento de pessoa";"Com Vítimas Feridas";"Plena noite";"Decrescente";"Ceu Claro";"Dupla";"Reta";"Rural";4;0;1;0;3;0;1;1
83496192;"05/09/16";"Segunda";"16:20:00";"AM";174;"937,8";"MANAUS";"Falta de atenção";"Saída de Pista";"Com Vítimas Feridas";"Pleno dia";"Decrescente";"Nublado";"Simples";"Reta";"Rural";4;0;2;0;2;0;2;1
83496193;"05/09/16";"Segunda";"19:45:00";"SC";280;"24";"ARAQUARI";"Falta de atenção";"Colisão lateral";"Com Vítimas Feridas";"Plena noite";"Decrescente";"Nublado";"Simples";"Reta";"Urbano";2;0;0;1;1;0;1;2
83496194;"01/09/16";"Quinta";"06:00:00";"SP";116;"215";"GUARULHOS";"Outras";"Colisão traseira";"Sem Vítimas";"Amanhecer";"Decrescente";"Ceu Claro";"Múltipla";"Reta";"Urbano";3;0;0;0;2;1;0;3
83496195;"05/09/16";"Segunda";"20:35:00";"PR";116;"63";"CAMPINA GRANDE DO SUL";"Falta de atenção";"Colisão traseira";"Com Vítimas Feridas";"Plena noite";"Crescente";"Chuva";"Dupla";"Reta";"Rural";3;0;1;0;2;0;1;3
83496196;"05/09/16";"Segunda";"20:30:00";"SC";153;"28,3";"AGUA DOCE";"Falta de atenção";"Colisão com objeto fixo";"Sem Vítimas";"Plena noite";"Crescente";"Chuva";"Simples";"Cruzamento";"Rural";1;0;0;0;1;0;0;1
83496197;"03/09/16";"Sábado";"18:42:00";"MG";262;"34,5";"MANHUACU";"Falta de atenção";"Colisão Transversal";"Com Vítimas Feridas";"Plena noite";"Crescente";"Ceu Claro";"Simples";"Cruzamento";"Urbano";2;0;1;0;1;0;1;2
83496198;"05/09/16";"Segunda";"18:05:00";"RO";364;"71,3";"PORTO VELHO";"Defeito na via";"Colisão com objeto fixo";"Com Vítimas Feridas";"Anoitecer";"Crescente";"Ceu Claro";"Dupla";"Curva";"Urbano";1;0;1;0;0;0;1;1
83496199;"31/08/16";"Quarta";"07:15:00";"ES";101;"140";"LINHARES";"Falta de atenção";"Queda de motocicleta / bicicleta / veículo";"Com Vítimas Feridas";"Pleno dia";"Decrescente";"Chuva";"Múltipla";"Reta";"Urbano";1;0;1;0;0;0;1;1
83496200;"05/09/16";"Segunda";"13:50:00";"PR";280;"282,9";"FLOR DA SERRA DO SUL";"Outras";"Saída de Pista";"Sem Vítimas";"Pleno dia";"Crescente";"Chuva";"Simples";"Curva";"Rural";2;0;0;0;2;0;0;1
83496201;"05/09/16";"Segunda";"23:00:00";"SC";101;"180";"BIGUACU";"Falta de atenção";"Colisão com objeto fixo";"Sem Vítimas";"Plena noite";"Crescente";"Chuva";"Múltipla";"Reta";"Urbano";1;0;0;0;1;0;0;1
83496202;"05/09/16";"Segunda";"21:10:00";"RS";386;"342";"LAJEADO";"Outras";"Saída de Pista";"Sem Vítimas";"Plena noite";"Crescente";"Chuva";"Simples";"Reta";"Urbano";1;0;0;0;1;0;0;1
83496203;"02/09/16";"Sexta";"04:50:00";"MG";381;"452";"SABARA";"Velocidade incompatível";"Queda de motocicleta / bicicleta / veículo";"Com Vítimas Feridas";"Plena noite";"Decrescente";"Ceu Claro";"Simples";"Curva";"Urbano";1;0;0;1;0;0;1;1
83496204;"05/09/16";"Segunda";"21:00:00";"RS";392;"72,1";"PELOTAS";"Defeito mecânico em veículo";"Colisão traseira";"Com Vítimas Feridas";"Plena noite";"Decrescente";"Chuva";"Simples";"Reta";"Rural";3;0;0;1;2;0;1;2
83496205;"05/09/16";"Segunda";"18:40:00";"PR";369;"107,8";"URAI";"Outras";"Colisão lateral";"Sem Vítimas";"Anoitecer";"Crescente";"Chuva";"Simples";"Reta";"Rural";2;0;0;0;2;0;0;2
83496206;"06/09/16";"Terça";"00:15:00";"SC";101;"132,2";"BALNEARIO CAMBORIU";"Falta de atenção";"Capotamento";"Com Vítimas Feridas";"Plena noite";"Decrescente";"Chuva";"Dupla";"Reta";"Urbano";1;0;1;0;0;0;1;1
83496207;"05/09/16";"Segunda";"21:15:00";"SC";280;"58";"GUARAMIRIM";"Outras";"Atropelamento de pessoa";"Com Vítimas Feridas";"Plena noite";"Decrescente";"Chuva";"Simples";"Reta";"Urbano";2;0;1;0;1;0;1;1
83496208;"05/09/16";"Segunda";"21:20:00";"RS";116;"39";"VACARIA";"Desobediência à sinalização";"Colisão Transversal";"Com Vítimas Feridas";"Plena noite";"Crescente";"Chuva";"Simples";"Curva";"Urbano";4;0;2;0;2;0;2;2
83496209;"05/09/16";"Segunda";"13:50:00";"ES";101;"269,4";"SERRA";"Desobediência à sinalização";"Colisão Transversal";"Com Vítimas Feridas";"Pleno dia";"Crescente";"Ceu Claro";"Múltipla";"Reta";"Urbano";4;0;1;1;2;0;2;4
83496210;"05/09/16";"Segunda";"22:10:00";"SC";280;"65,9";"GUARAMIRIM";"Desobediência à sinalização";"Colisão Transversal";"Com Vítimas Feridas";"Plena noite";"Decrescente";"Chuva";"Simples";"Cruzamento";"Urbano";2;0;1;0;1;0;1;2
83496211;"05/09/16";"Segunda";"23:30:00";"RO";364;"740";"PORTO VELHO";"Defeito na via";"Queda de motocicleta / bicicleta / veículo";"Com Vítimas Feridas";"Plena noite";"Crescente";"Ceu Claro";"Simples";"Reta";"Rural";1;0;1;0;0;0;1;1
83496212;"06/09/16";"Terça";"01:00:00";"PR";116;"162";"MANDIRITUBA";"Outras";"Saída de Pista";"Com Vítimas Feridas";"Amanhecer";"Crescente";"Chuva";"Simples";"Reta";"Rural";2;0;1;0;1;0;1;1
83496213;"05/09/16";"Segunda";"11:10:00";"PA";316;"61";"CASTANHAL";"Falta de atenção";"Colisão lateral";"Com Vítimas Feridas";"Pleno dia";"Crescente";"Ceu Claro";"Dupla";"Reta";"Urbano";2;0;1;0;1;0;1;2
83496214;"05/09/16";"Segunda";"08:30:00";"MG";381;"414";"NOVA UNIAO";"Falta de atenção";"Tombamento";"Sem Vítimas";"Pleno dia";"Decrescente";"Ceu Claro";"Simples";"Reta";"Rural";1;0;0;0;1;0;0;1
83496215;"06/09/16";"Terça";"00:10:00";"RS";101;"3,7";"TORRES";"Dormindo";"Saída de Pista";"Com Vítimas Feridas";"Plena noite";"Decrescente";"Chuva";"Dupla";"Reta";"Rural";5;0;0;1;4;0;1;1
83496216;"05/09/16";"Segunda";"18:25:00";"PR";476;"128";"CURITIBA";"Defeito na via";"Queda de motocicleta / bicicleta / veículo";"Com Vítimas Feridas";"Pleno dia";"Crescente";"Nublado";"Múltipla";"Reta";"Urbano";1;0;1;0;0;0;1;1
83496217;"05/09/16";"Segunda";"21:50:00";"SC";101;"189,7";"BIGUACU";"Outras";"Capotamento";"Com Vítimas Feridas";"Plena noite";"Crescente";"Chuva";"Dupla";"Curva";"Rural";1;0;1;0;0;0;1;1
83496218;"05/09/16";"Segunda";"22:50:00";"MA";316;"549,8";"CAXIAS";"Falta de atenção";"Saída de Pista";"Com Vítimas Feridas";"Plena noite";"Crescente";"Ceu Claro";"Simples";"Reta";"Urbano";1;0;1;0;0;0;1;1
83496219;"12/08/16";"Sexta";"11:00:00";"MS";158;"2,5";"CASSILANDIA";"Falta de atenção";"Colisão Transversal";"Com Vítimas Feridas";"Pleno dia";"Crescente";"Ignorada";"Simples";"Reta";"Urbano";2;0;1;0;1;0;1;2
83496220;"05/09/16";"Segunda";"04:00:00";"BA";101;"867";"TEIXEIRA DE FREITAS";"Outras";"Saída de Pista";"Ignorado";"Amanhecer";"Crescente";"Ceu Claro";"Simples";"Reta";"Rural";1;0;0;0;0;1;0;1
83496221;"05/09/16";"Segunda";"22:00:00";"PR";116;"26";"CAMPINA GRANDE DO SUL";"Velocidade incompatível";"Colisão com objeto fixo";"Sem Vítimas";"Plena noite";"Decrescente";"Chuva";"Dupla";"Curva";"Rural";1;0;0;0;1;0;0;1
83496222;"05/09/16";"Segunda";"20:00:00";"PE";101;"68";"RECIFE";"Outras";"Colisão com objeto fixo";"Com Vítimas Feridas";"Plena noite";"Crescente";"Ceu Claro";"Dupla";"Reta";"Urbano";3;0;1;0;0;2;1;1
83496223;"05/09/16";"Segunda";"19:54:00";"RN";226;"2,4";"NATAL";"Desobediência à sinalização";"Colisão Transversal";"Com Vítimas Feridas";"Plena noite";"Decrescente";"Ceu Claro";"Dupla";"Reta";"Urbano";2;0;0;1;1;0;1;2
83496224;"05/09/16";"Segunda";"14:55:00";"SE";101;"65,2";"ROSARIO DO CATETE";"Outras";"Saída de Pista";"Sem Vítimas";"Pleno dia";"Crescente";"Nublado";"Simples";"Reta";"Rural";1;0;0;0;1;0;0;1
83496225;"05/09/16";"Segunda";"14:20:00";"PA";163;"1001";"SANTAREM";"Falta de atenção";"Atropelamento de pessoa";"Com Vítimas Feridas";"Pleno dia";"Decrescente";"Ceu Claro";"Dupla";"Reta";"Urbano";2;0;1;0;1;0;1;1
83496226;"06/09/16";"Terça";"04:10:00";"SC";101;"97";"PICARRAS";"Outras";"Saída de Pista";"Ignorado";"Plena noite";"Crescente";"Chuva";"Dupla";"Reta";"Rural";1;0;0;0;0;1;0;1
83496227;"05/09/16";"Segunda";"14:00:00";"BA";101;"877";"TEIXEIRA DE FREITAS";"Falta de atenção";"Colisão lateral";"Sem Vítimas";"Pleno dia";"Decrescente";"Ceu Claro";"Simples";"Reta";"Urbano";2;0;0;0;2;0;0;2
83496228;"05/09/16";"Segunda";"11:25:00";"RO";364;"706";"PORTO VELHO";"Defeito na via";"Tombamento";"Com Vítimas Feridas";"Pleno dia";"Decrescente";"Sol";"Dupla";"Curva";"Urbano";1;0;0;1;0;0;1;1
83496229;"05/09/16";"Segunda";"19:40:00";"PR";116;"22,5";"CAMPINA GRANDE DO SUL";"Velocidade incompatível";"Capotamento";"Sem Vítimas";"Plena noite";"Crescente";"Chuva";"Dupla";"Curva";"Rural";5;0;0;0;5;0;0;1
83496230;"05/09/16";"Segunda";"20:40:00";"ES";101;"264,3";"SERRA";"Desobediência à sinalização";"Colisão Transversal";"Com Vítimas Feridas";"Plena noite";"Crescente";"Ceu Claro";"Dupla";"Cruzamento";"Urbano";3;0;1;1;1;0;2;2
83496231;"06/09/16";"Terça";"01:30:00";"PR";476;"253";"ANTONIO OLINTO";"Outras";"Saída de Pista";"Com Vítimas Feridas";"Plena noite";"Decrescente";"Chuva";"Simples";"Reta";"Urbano";2;0;2;0;0;0;2;1
83496232;"05/09/16";"Segunda";"18:00:00";"BA";110;"400";"SAO SEBASTIAO DO PASSE";"Velocidade incompatível";"Saída de Pista";"Sem Vítimas";"Anoitecer";"Decrescente";"Chuva";"Simples";"Curva";"Rural";1;0;0;0;1;0;0;1
83496233;"05/09/16";"Segunda";"19:45:00";"RS";153;"585";"BAGE";"Outras";"Saída de Pista";"Sem Vítimas";"Plena noite";"Crescente";"Chuva";"Simples";"Curva";"Rural";3;0;0;0;3;0;0;1
83496234;"06/09/16";"Terça";"03:00:00";"MS";158;"74";"PARANAIBA";"Ingestão de álcool";"Saída de Pista";"Com Vítimas Feridas";"Plena noite";"Crescente";"Ceu Claro";"Simples";"Reta";"Rural";1;0;1;0;0;0;1;1
83496235;"01/09/16";"Quinta";"13:00:00";"ES";262;"43";"DOMINGOS MARTINS";"Desobediência à sinalização";"Colisão Transversal";"Com Vítimas Feridas";"Plena noite";"Crescente";"Nublado";"Simples";"Cruzamento";"Rural";2;0;1;0;0;1;1;2
83496236;"02/09/16";"Sexta";"05:00:00";"SP";116;"52,3";"LORENA";"Outras";"Colisão traseira";"Sem Vítimas";"Plena noite";"Crescente";"Nublado";"Dupla";"Reta";"Urbano";2;0;0;0;2;0;0;2
83496237;"06/09/16";"Terça";"04:50:00";"GO";60;"90,2";"ANAPOLIS";"Falta de atenção";"Colisão traseira";"Com Vítimas Feridas";"Plena noite";"Decrescente";"Ceu Claro";"Dupla";"Reta";"Urbano";2;0;1;0;1;0;1;2
83496238;"05/09/16";"Segunda";"18:30:00";"RS";471;"142,8";"SANTA CRUZ DO SUL";"Falta de atenção";"Colisão traseira";"Com Vítimas Feridas";"Plena noite";"Crescente";"Chuva";"Simples";"Reta";"Urbano";2;0;1;0;1;0;1;2
83496239;"05/09/16";"Segunda";"16:00:00";"PB";426;"72,6";"PIANCO";"Ingestão de álcool";"Saída de Pista";"Com Vítimas Fatais";"Pleno dia";"Crescente";"Ceu Claro";"Simples";"Reta";"Rural";1;1;0;0;0;0;0;1
83496240;"28/08/16";"Domingo";"22:10:00";"MG";381;"657";"SANTO ANTONIO DO AMPARO";"Falta de atenção";"Colisão traseira";"Sem Vítimas";"Plena noite";"Crescente";"Ceu Claro";"Dupla";"Reta";"Rural";2;0;0;0;2;0;0;2