"id";"data_inversa";"dia_semana";"horario";"uf";"br";"km";"municipio";"causa_acidente";"tipo_acidente";"classificacao_acidente";"fase_dia";"sentido_via";"condicao_metereologica";"tipo_pista";"tracado_via";"uso_solo";"pessoas";"mortos";"feridos_leves";"feridos_graves";"ilesos";"ignorados";"feridos";"veiculos"
83496466;"06/09/16";"Terça";"18:55:00";"RS";290;"581";"ALEGRETE";"Não guardar distância de segurança";"Colisão traseira";"Sem Vítimas";"Plena noite";"Decrescente";"Nublado";"Simples";"Reta";"Rural";3;0;0;0;3;0;0;3
83496467;"06/09/16";"Terça";"20:20:00";"GO";70;"9";"AGUAS LINDAS DE GOIAS";"Falta de atenção";"Colisão lateral";"Sem Vítimas";"Plena noite";"Decrescente";"Nublado";"Dupla";"Reta";"Urbano";4;0;0;0;4;0;0;2
83496468;"06/09/16";"Terça";"22:00:00";"GO";414;"438,5";"ANAPOLIS";"Velocidade incompatível";"Colisão lateral";"Sem Vítimas";"Plena noite";"Decrescente";"Ceu Claro";"Simples";"Reta";"Rural";2;0;0;0;2;0;0;2
83496469;"06/09/16";"Terça";"17:05:00";"ES";262;"49";"MARECHAL FLORIANO";"Falta de atenção";"Colisão traseira";"Com Vítimas Feridas";"Anoitecer";"Crescente";"Ceu Claro";"Simples";"Reta";"Rural";4;0;1;0;3;0;1;3
83496470;"02/09/16";"Sexta";"19:10:00";"RJ";101;"68,5";"CAMPOS DOS GOYTACAZES";"Falta de atenção";"Colisão traseira";"Com Vítimas Feridas";"Plena noite";"Decrescente";"Nublado";"Simples";"Reta";"Rural";6;0;2;1;3;0;3;4
83496471;"06/09/16";"Terça";"20:30:00";"DF";80;"7";"BRASILIA";"Outras";"Capotamento";"Com Vítimas Feridas";"Plena noite";"Crescente";"Nublado";"Simples";"Reta";"Rural";2;0;1;0;1;0;1;1
83496472;"06/09/16";"Terça";"23:25:00";"PR";476;"142";"CURITIBA";"Outras";"Saída de Pista";"Com Vítimas Feridas";"Plena noite";"Crescente";"Ceu Claro";"Dupla";"Reta";"Urbano";1;0;1;0;0;0;1;1
83496473;"06/09/16";"Terça";"19:40:00";"RO";364;"425,2";"JARU";"Falta de atenção";"Colisão com bicicleta";"Com Vítimas Feridas";"Plena noite";"Decrescente";"Ceu Claro";"Simples";"Reta";"Urbano";2;0;1;0;0;1;1;2
83496474;"06/09/16";"Terça";"23:50:00";"MG";40;"613,5";"CONGONHAS";"Outras";"Atropelamento de pessoa";"Com Vítimas Feridas";"Plena noite";"Decrescente";"Ceu Claro";"Simples";"Reta";"Urbano";2;0;1;0;1;0;1;1
83496475;"07/09/16";"Quarta";"00:10:00";"SP";116;"425,9";"JUQUIA";"Dormindo";"Tombamento";"Sem Vítimas";"Plena noite";"Decrescente";"Nublado";"Dupla";"Curva";"Rural";1;0;0;0;1;0;0;1
83496476;"02/09/16";"Sexta";"12:30:00";"RO";319;"64,6";"PORTO VELHO";"Falta de atenção";"Colisão lateral";"Sem Vítimas";"Pleno dia";"Crescente";"Ceu Claro";"Simples";"Curva";"Urbano";2;0;0;0;1;1;0;2
83496477;"06/09/16";"Terça";"23:50:00";"RS";287;"249,2";"SANTA MARIA";"Ingestão de álcool";"Colisão lateral";"Sem Vítimas";"Plena noite";"Crescente";"Nublado";"Simples";"Reta";"Urbano";2;0;0;0;2;0;0;2
83496478;"06/09/16";"Terça";"17:30:00";"RO";364;"395";"JARU";"Falta de atenção";"Colisão traseira";"Com Vítimas Feridas";"Anoitecer";"Decrescente";"Ceu Claro";"Simples";"Reta";"Rural";9;0;4;0;5;0;4;5
83496479;"06/09/16";"Terça";"18:48:00";"ES";101;"1,9";"SERRA";"Não guardar distância de segurança";"Colisão traseira";"Com Vítimas Feridas";"Plena noite";"Decrescente";"Ceu Claro";"Dupla";"Reta";"Urbano";2;0;1;0;1;0;1;2
83496480;"06/09/16";"Terça";"21:00:00";"PR";277;"719";"FOZ DO IGUACU";"Não guardar distância de segurança";"Saída de Pista";"Sem Vítimas";"Plena noite";"Decrescente";"Ceu Claro";"Dupla";"Reta";"Rural";1;0;0;0;1;0;0;1
83496481;"06/09/16";"Terça";"18:00:00";"PR";277;"0,8";"PARANAGUA";"Outras";"Colisão lateral";"Com Vítimas Feridas";"Anoitecer";"Decrescente";"Ceu Claro";"Simples";"Reta";"Urbano";2;0;1;0;1;0;1;2
83496482;"06/09/16";"Terça";"18:30:00";"PR";277;"5";"FOZ DO IGUACU";"Não guardar distância de segurança";"Colisão traseira";"Com Vítimas Feridas";"Anoitecer";"Decrescente";"Ceu Claro";"Dupla";"Reta";"Urbano";2;0;1;0;1;0;1;2
83496483;"06/09/16";"Terça";"19:30:00";"BA";324;"552";"AMELIA RODRIGUES";"Ingestão de álcool";"Saída de Pista";"Sem Vítimas";"Plena noite";"Crescente";"Ceu Claro";"Simples";"Reta";"Rural";1;0;0;0;1;0;0;1
83496484;"07/06/16";"Terça";"02:30:00";"SC";280;"129,3";"RIO NEGRINHO";"Ingestão de álcool";"Saída de Pista";"Sem Vítimas";"Plena noite";"Crescente";"Nublado";"Simples";"Reta";"Urbano";1;0;0;0;1;0;0;1
83496485;"06/09/16";"Terça";"09:50:00";"PR";277;"234";"FERNANDES PINHEIRO";"Falta de atenção";"Colisão Transversal";"Com Vítimas Feridas";"Pleno dia";"Crescente";"Nublado";"Simples";"Cruzamento";"Rural";2;0;0;1;1;0;1;2
83496486;"06/09/16";"Terça";"15:15:00";"RS";116;"299,9";"GUAIBA";"Velocidade incompatível";"Colisão com objeto fixo";"Com Vítimas Feridas";"Pleno dia";"Decrescente";"Nublado";"Dupla";"Curva";"Urbano";4;0;1;1;2;0;2;1
83496487;"07/09/16";"Quarta";"03:00:00";"PR";277;"75";"SAO JOSE DOS PINHAIS";"Outras";"Atropelamento de animal";"Sem Vítimas";"Plena noite";"Crescente";"Ceu Claro";"Dupla";"Reta";"Rural";1;0;0;0;1;0;0;1
83496488;"02/09/16";"Sexta";"18:00:00";"CE";20;"423,5";"MARACANAU";"Outras";"Colisão traseira";"Sem Vítimas";"Plena noite";"Crescente";"Ceu Claro";"Simples";"Reta";"Rural";2;0;0;0;1;1;0;2
83496489;"07/09/16";"Quarta";"01:50:00";"RS";153;"33,3";"TRES ARROIOS";"Dormindo";"Tombamento";"Sem Vítimas";"Plena noite";"Crescente";"Ceu Claro";"Simples";"Curva";"Rural";1;0;0;0;1;0;0;1
83496490;"06/09/16";"Terça";"21:00:00";"RS";290;"652,3";"URUGUAIANA";"Outras";"Capotamento";"Ignorado";"Plena noite";"Crescente";"Nublado";"Simples";"Reta";"Rural";1;0;0;0;0;1;0;1
83496491;"06/09/16";"Terça";"17:30:00";"MS";163;"151,2";"JUTI";"Falta de atenção";"Saída de Pista";"Sem Vítimas";"Anoitecer";"Decrescente";"Ceu Claro";"Simples";"Reta";"Rural";2;0;0;0;2;0;0;1
83496492;"02/09/16";"Sexta";"20:50:00";"RJ";116;"306";"RESENDE";"Outras";"Colisão com objeto fixo";"Com Vítimas Feridas";"Plena noite";"Crescente";"Ceu Claro";"Dupla";"Reta";"Urbano";2;0;1;0;1;0;1;2
83496493;"06/09/16";"Terça";"13:10:00";"SE";101;"62,8";"ROSARIO DO CATETE";"Falta de atenção";"Colisão frontal";"Com Vítimas Feridas";"Pleno dia";"Crescente";"Nublado";"Simples";"Reta";"Urbano";2;0;1;0;1;0;1;2
83496494;"07/09/16";"Quarta";"01:30:00";"MT";174;"271";"PONTES E LACERDA";"Animais na Pista";"Atropelamento de animal";"Sem Vítimas";"Plena noite";"Decrescente";"Nublado";"Simples";"Reta";"Rural";41;0;0;0;41;0;0;1
83496495;"06/09/16";"Terça";"22:10:00";"RS";290;"344,6";"SAO SEPE";"Defeito mecânico em veículo";"Tombamento";"Sem Vítimas";"Plena noite";"Decrescente";"Chuva";"Simples";"Reta";"Rural";1;0;0;0;1;0;0;1
83496496;"07/09/16";"Quarta";"02:52:00";"GO";40;"16";"LUZIANIA";"Ingestão de álcool";"Saída de Pista";"Com Vítimas Feridas";"Plena noite";"Decrescente";"Ceu Claro";"Dupla";"Reta";"Urbano";2;0;2;0;0;0;2;1
83496497;"06/09/16";"Terça";"19:30:00";"MT";364;"570,6";"NOBRES";"Animais na Pista";"Atropelamento de animal";"Sem Vítimas";"Plena noite";"Decrescente";"Vento";"Dupla";"Reta";"Rural";1;0;0;0;1;0;0;1
83496498;"07/09/16";"Quarta";"04:00:00";"MG";50;"176";"UBERABA";"Outras";"Danos Eventuais";"Sem Vítimas";"Plena noite";"Decrescente";"Ceu Claro";"Dupla";"Reta";"Urbano";2;0;0;0;2;0;0;2
83496499;"06/09/16";"Terça";"09:00:00";"RR";401;"76";"BOA VISTA";"Dormindo";"Saída de Pista";"Com Vítimas Feridas";"Pleno dia";"Decrescente";"Ceu Claro";"Simples";"Reta";"Rural";2;0;2;0;0;0;2;1
83496500;"06/09/16";"Terça";"21:30:00";"SC";470;"42,9";"GASPAR";"Outras";"Saída de Pista";"Sem Vítimas";"Plena noite";"Decrescente";"Ceu Claro";"Simples";"Curva";"Urbano";1;0;0;0;1;0;0;1
83496501;"03/09/16";"Sábado";"06:00:00";"RJ";101;"59";"CAMPOS DOS GOYTACAZES";"Ingestão de álcool";"Colisão Transversal";"Sem Vítimas";"Pleno dia";"Decrescente";"Sol";"Simples";"Cruzamento";"Urbano";4;0;0;0;4;0;0;4
83496502;"07/09/16";"Quarta";"01:40:00";"PR";376;"162";"MARINGA";"Ingestão de álcool";"Capotamento";"Com Vítimas Feridas";"Plena noite";"Crescente";"Nublado";"Dupla";"Reta";"Rural";2;0;1;0;1;0;1;1
83496503;"03/09/16";"Sábado";"20:45:00";"SC";101;"273";"IMBITUBA";"Outras";"Saída de Pista";"Sem Vítimas";"Plena noite";"Decrescente";"Chuva";"Dupla";"Reta";"Urbano";1;0;0;0;1;0;0;1
83496504;"07/09/16";"Quarta";"03:00:00";"PR";376;"160,1";"MARINGA";"Ingestão de álcool";"Colisão com objeto fixo";"Sem Vítimas";"Plena noite";"Decrescente";"Ceu Claro";"Dupla";"Reta";"Rural";1;0;0;0;1;0;0;1
83496505;"04/09/16";"Domingo";"05:15:00";"SC";101;"286,2";"IMBITUBA";"Velocidade incompatível";"Capotamento";"Com Vítimas Fatais";"Plena noite";"Crescente";"Chuva";"Dupla";"Reta";"Rural";3;1;2;0;0;0;2;2
83496506;"07/09/16";"Quarta";"05:30:00";"MG";267;"307,6";"CAXAMBU";"Dormindo";"Colisão com objeto fixo";"Com Vítimas Feridas";"Amanhecer";"Decrescente";"Ceu Claro";"Simples";"Reta";"Rural";1;0;1;0;0;0;1;1
83496507;"06/09/16";"Terça";"20:10:00";"PR";373;"402,3";"CANDOI";"Desobediência à sinalização";"Colisão lateral";"Sem Vítimas";"Plena noite";"Decrescente";"Ceu Claro";"Simples";"Reta";"Urbano";2;0;0;0;1;1;0;2
83496508;"03/09/16";"Sábado";"20:15:00";"PE";423;"33,2";"SAO CAITANO";"Outras";"Saída de Pista";"Com Vítimas Feridas";"Plena noite";"Crescente";"Ceu Claro";"Simples";"Reta";"Rural";1;0;1;0;0;0;1;1
83496509;"06/09/16";"Terça";"16:30:00";"GO";153;"299,5";"RIALMA";"Ultrapassagem indevida";"Colisão lateral";"Com Vítimas Fatais";"Pleno dia";"Crescente";"Ceu Claro";"Simples";"Reta";"Rural";3;1;0;0;2;0;0;3
83496510;"07/09/16";"Quarta";"05:45:00";"SC";101;"121,8";"ITAJAI";"Velocidade incompatível";"Capotamento";"Ignorado";"Amanhecer";"Decrescente";"Ceu Claro";"Dupla";"Reta";"Urbano";1;0;0;0;0;1;0;1
83496511;"06/09/16";"Terça";"06:50:00";"PR";116;"117";"CURITIBA";"Não guardar distância de segurança";"Colisão lateral";"Sem Vítimas";"Pleno dia";"Decrescente";"Sol";"Dupla";"Reta";"Urbano";2;0;0;0;2;0;0;2
83496512;"07/09/16";"Quarta";"06:50:00";"SP";381;"36";"ATIBAIA";"Velocidade incompatível";"Capotamento";"Com Vítimas Feridas";"Amanhecer";"Crescente";"Chuva";"Dupla";"Curva";"Rural";1;0;1;0;0;0;1;1
83496513;"06/09/16";"Terça";"20:40:00";"MG";262;"2";"MARTINS SOARES";"Velocidade incompatível";"Colisão com objeto fixo";"Com Vítimas Feridas";"Plena noite";"Crescente";"Nublado";"Simples";"Curva";"Rural";1;0;0;1;0;0;1;1
83496515;"04/09/16";"Domingo";"23:20:00";"CE";222;"211";"FORQUILHA";"Outras";"Atropelamento de pessoa";"Com Vítimas Fatais";"Plena noite";"Crescente";"Ceu Claro";"Simples";"Curva";"Rural";2;1;0;0;0;1;0;1
83496516;"07/09/16";"Quarta";"06:40:00";"PR";277;"122";"CAMPO LARGO";"Ingestão de álcool";"Colisão traseira";"Com Vítimas Feridas";"Pleno dia";"Crescente";"Ceu Claro";"Dupla";"Reta";"Rural";2;0;1;0;1;0;1;2
83496518;"07/09/16";"Quarta";"06:35:00";"RS";386;"358,4";"ESTRELA";"Falta de atenção";"Colisão traseira";"Sem Vítimas";"Amanhecer";"Decrescente";"Ceu Claro";"Simples";"Cruzamento";"Rural";3;0;0;0;3;0;0;2
83496519;"07/09/16";"Quarta";"05:50:00";"RJ";116;"95";"GUAPIMIRIM";"Defeito mecânico em veículo";"Saída de Pista";"Sem Vítimas";"Amanhecer";"Decrescente";"Ceu Claro";"Dupla";"Curva";"Rural";1;0;0;0;1;0;0;1
83496520;"03/09/16";"Sábado";"21:00:00";"MG";365;"270,3";"JOAO PINHEIRO";"Outras";"Saída de Pista";"Com Vítimas Feridas";"Plena noite";"Crescente";"Ceu Claro";"Simples";"Curva";"Rural";1;0;1;0;0;0;1;1
83496521;"10/08/16";"Quarta";"18:20:00";"SC";101;"212";"PALHOCA";"Falta de atenção";"Colisão traseira";"Com Vítimas Feridas";"Anoitecer";"Crescente";"Ceu Claro";"Múltipla";"Reta";"Urbano";2;0;0;1;1;0;1;2
83496522;"04/09/16";"Domingo";"00:10:00";"GO";153;"511,8";"APARECIDA DE GOIANIA";"Ingestão de álcool";"Colisão frontal";"Com Vítimas Feridas";"Plena noite";"Crescente";"Ceu Claro";"Dupla";"Reta";"Urbano";2;0;2;0;0;0;2;2
83496523;"07/09/16";"Quarta";"05:00:00";"RS";285;"498,4";"ENTRE IJUIS";"Falta de atenção";"Tombamento";"Com Vítimas Feridas";"Plena noite";"Decrescente";"Ceu Claro";"Simples";"Reta";"Rural";1;0;1;0;0;0;1;1
83496524;"04/09/16";"Domingo";"02:45:00";"PR";369;"190";"ARAPONGAS";"Ingestão de álcool";"Saída de Pista";"Com Vítimas Feridas";"Plena noite";"Crescente";"Chuva";"Dupla";"Reta";"Urbano";3;0;2;0;1;0;2;1
83496525;"07/09/16";"Quarta";"02:40:00";"PR";153;"14,3";"JACAREZINHO";"Ingestão de álcool";"Saída de Pista";"Com Vítimas Feridas";"Plena noite";"Decrescente";"Nublado";"Simples";"Reta";"Rural";1;0;1;0;0;0;1;1
83496526;"02/09/16";"Sexta";"05:20:00";"PB";230;"491,5";"CAJAZEIRAS";"Falta de atenção";"Colisão Transversal";"Com Vítimas Feridas";"Pleno dia";"Decrescente";"Ceu Claro";"Simples";"Reta";"Rural";3;0;0;1;2;0;1;2
83496527;"06/09/16";"Terça";"00:05:00";"TO";226;"64,5";"WANDERLANDIA";"Defeito mecânico em veículo";"Incêndio";"Sem Vítimas";"Plena noite";"Crescente";"Ceu Claro";"Simples";"Reta";"Rural";2;0;0;0;2;0;0;2
83496528;"06/09/16";"Terça";"18:30:00";"MT";163;"837";"SINOP";"Falta de atenção";"Colisão Transversal";"Com Vítimas Feridas";"Plena noite";"Crescente";"Ceu Claro";"Simples";"Reta";"Urbano";4;0;2;0;2;0;2;2
83496529;"03/09/16";"Sábado";"11:00:00";"SE";101;"115,7";"ITAPORANGA DAJUDA";"Outras";"Saída de Pista";"Com Vítimas Feridas";"Pleno dia";"Crescente";"Chuva";"Múltipla";"Curva";"Rural";2;0;0;1;1;0;1;1
83496530;"07/09/16";"Quarta";"04:30:00";"MS";163;"477,2";"CAMPO GRANDE";"Ingestão de álcool";"Colisão com objeto fixo";"Sem Vítimas";"Plena noite";"Decrescente";"Ceu Claro";"Simples";"Reta";"Urbano";1;0;0;0;1;0;0;1
83496531;"05/09/16";"Segunda";"07:00:00";"MT";174;"444";"COMODORO";"Defeito mecânico em veículo";"Incêndio";"Sem Vítimas";"Amanhecer";"Decrescente";"Nublado";"Simples";"Reta";"Rural";1;0;0;0;1;0;0;1
83496532;"05/09/16";"Segunda";"02:20:00";"GO";50;"272,6";"CATALAO";"Ingestão de álcool";"Colisão com objeto fixo";"Sem Vítimas";"Plena noite";"Crescente";"Ceu Claro";"Simples";"Reta";"Urbano";1;0;0;0;1;0;0;1
83496533;"03/09/16";"Sábado";"10:00:00";"PE";232;"100";"BEZERROS";"Outras";"Colisão com objeto fixo";"Sem Vítimas";"Pleno dia";"Crescente";"Sol";"Simples";"Reta";"Urbano";1;0;0;0;1;0;0;1
83496534;"04/09/16";"Domingo";"05:30:00";"PR";116;"12";"COLOMBO";"Dormindo";"Colisão lateral";"Sem Vítimas";"Plena noite";"Crescente";"Chuva";"Dupla";"Reta";"Urbano";2;0;0;0;1;1;0;2
83496535;"07/09/16";"Quarta";"06:30:00";"PR";116;"116,9";"CURITIBA";"Outras";"Saída de Pista";"Com Vítimas Feridas";"Pleno dia";"Decrescente";"Ceu Claro";"Dupla";"Curva";"Urbano";1;0;1;0;0;0;1;1
83496536;"03/09/16";"Sábado";"23:30:00";"SC";101;"97,2";"PICARRAS";"Velocidade incompatível";"Saída de Pista";"Sem Vítimas";"Plena noite";"Crescente";"Chuva";"Dupla";"Reta";"Rural";1;0;0;0;1;0;0;1
83496537;"06/09/16";"Terça";"06:15:00";"PR";163;"289,5";"MARECHAL CANDIDO RONDON";"Velocidade incompatível";"Tombamento";"Com Vítimas Feridas";"Amanhecer";"Crescente";"Chuva";"Simples";"Curva";"Rural";1;0;1;0;0;0;1;1
83496538;"07/09/16";"Quarta";"05:50:00";"SP";116;"451,8";"REGISTRO";"Outras";"Queda de motocicleta / bicicleta / veículo";"Com Vítimas Feridas";"Amanhecer";"Decrescente";"Ceu Claro";"Dupla";"Reta";"Rural";1;0;1;0;0;0;1;1
83496539;"03/09/16";"Sábado";"18:40:00";"GO";40;"12,3";"LUZIANIA";"Outras";"Atropelamento de pessoa";"Com Vítimas Feridas";"Plena noite";"Crescente";"Ceu Claro";"Dupla";"Reta";"Urbano";2;0;0;1;1;0;1;1
83496540;"04/09/16";"Domingo";"06:30:00";"SP";116;"109";"TAUBATE";"Ingestão de álcool";"Colisão com objeto fixo";"Sem Vítimas";"Amanhecer";"Decrescente";"Ceu Claro";"Dupla";"Reta";"Urbano";1;0;0;0;1;0;0;1
83496541;"07/09/16";"Quarta";"05:30:00";"PR";163;"12";"BARRACAO";"Falta de atenção";"Saída de Pista";"Com Vítimas Feridas";"Plena noite";"Decrescente";"Chuva";"Simples";"Curva";"Rural";1;0;0;1;0;0;1;1
83496542;"07/09/16";"Quarta";"08:00:00";"PR";116;"102";"SAO JOSE DOS PINHAIS";"Falta de atenção";"Saída de Pista";"Com Vítimas Feridas";"Pleno dia";"Crescente";"Ceu Claro";"Dupla";"Reta";"Urbano";2;0;1;0;1;0;1;2
83496543;"06/09/16";"Terça";"06:30:00";"MG";381;"948";"EXTREMA";"Outras";"Colisão traseira";"Sem Vítimas";"Pleno dia";"Decrescente";"Chuva";"Dupla";"Reta";"Rural";4;0;0;0;4;0;0;2
83496544;"07/09/16";"Quarta";"09:00:00";"SC";470;"65";"INDAIAL";"Falta de atenção";"Queda de motocicleta / bicicleta / veículo";"Com Vítimas Feridas";"Pleno dia";"Crescente";"Ceu Claro";"Simples";"Reta";"Rural";1;0;1;0;0;0;1;1
83496545;"05/09/16";"Segunda";"10:00:00";"ES";101;"301,5";"VIANA";"Velocidade incompatível";"Colisão traseira";"Sem Vítimas";"Pleno dia";"Decrescente";"Ceu Claro";"Dupla";"Reta";"Urbano";2;0;0;0;2;0;0;2
83496546;"03/09/16";"Sábado";"21:30:00";"MA";135;"123,2";"MIRANDA DO NORTE";"Falta de atenção";"Colisão frontal";"Com Vítimas Fatais";"Plena noite";"Decrescente";"Ceu Claro";"Simples";"Curva";"Rural";3;2;0;0;1;0;0;2
83496547;"04/09/16";"Domingo";"02:00:00";"MG";40;"518";"CONTAGEM";"Falta de atenção";"Colisão traseira";"Com Vítimas Feridas";"Plena noite";"Decrescente";"Ceu Claro";"Dupla";"Reta";"Urbano";2;0;0;1;1;0;1;2
83496548;"06/09/16";"Terça";"18:10:00";"GO";153;"500";"GOIANIA";"Não guardar distância de segurança";"Colisão traseira";"Sem Vítimas";"Anoitecer";"Crescente";"Ceu Claro";"Dupla";"Reta";"Urbano";2;0;0;0;2;0;0;2
83496549;"07/09/16";"Quarta";"09:30:00";"RJ";393;"271,9";"BARRA DO PIRAI";"Dormindo";"Saída de Pista";"Sem Vítimas";"Pleno dia";"Crescente";"Ceu Claro";"Simples";"Reta";"Urbano";1;0;0;0;1;0;0;1
83496550;"07/09/16";"Quarta";"06:30:00";"BA";101;"818";"ITAMARAJU";"Outras";"Colisão frontal";"Com Vítimas Feridas";"Pleno dia";"Decrescente";"Chuva";"Simples";"Curva";"Rural";2;0;1;0;1;0;1;2
83496551;"04/09/16";"Domingo";"05:00:00";"CE";222;"163,2";"IRAUCUBA";"Velocidade incompatível";"Queda de motocicleta / bicicleta / veículo";"Com Vítimas Feridas";"Amanhecer";"Crescente";"Ceu Claro";"Simples";"Curva";"Rural";1;0;1;0;0;0;1;1
83496552;"07/07/16";"Quinta";"09:00:00";"MA";316;"506";"CAXIAS";"Defeito mecânico em veículo";"Saída de Pista";"Com Vítimas Feridas";"Pleno dia";"Decrescente";"Ceu Claro";"Simples";"Reta";"Rural";1;0;1;0;0;0;1;1
83496553;"07/09/16";"Quarta";"07:30:00";"RS";285;"241,1";"CIRIACO";"Velocidade incompatível";"Saída de Pista";"Com Vítimas Feridas";"Pleno dia";"Decrescente";"Nublado";"Simples";"Curva";"Rural";1;0;1;0;0;0;1;1
83496554;"07/09/16";"Quarta";"08:10:00";"PE";101;"69";"RECIFE";"Falta de atenção";"Colisão lateral";"Sem Vítimas";"Pleno dia";"Decrescente";"Ceu Claro";"Dupla";"Reta";"Urbano";6;0;0;0;6;0;0;2
83496555;"07/09/16";"Quarta";"04:45:00";"BA";101;"913";"NOVA VICOSA";"Falta de atenção";"Colisão traseira";"Sem Vítimas";"Amanhecer";"Decrescente";"Nevoeiro/neblina";"Simples";"Reta";"Rural";2;0;0;0;2;0;0;2
83496556;"07/09/16";"Quarta";"07:30:00";"RJ";101;"397";"ITAGUAI";"Outras";"Colisão traseira";"Sem Vítimas";"Pleno dia";"Crescente";"Ceu Claro";"Dupla";"Reta";"Rural";4;0;0;0;4;0;0;4
83496557;"04/09/16";"Domingo";"06:20:00";"RO";364;"706";"PORTO VELHO";"Ingestão de álcool";"Colisão com objeto fixo";"Sem Vítimas";"Amanhecer";"Decrescente";"Ceu Claro";"Múltipla";"Curva";"Rural";2;0;0;0;2;0;0;2
83496558;"04/09/16";"Domingo";"05:10:00";"RJ";116;"128";"MAGE";"Falta de atenção";"Saída de Pista";"Com Vítimas Feridas";"Amanhecer";"Decrescente";"Ceu Claro";"Dupla";"Reta";"Rural";4;0;0;4;0;0;4;1
83496559;"03/09/16";"Sábado";"19:00:00";"RJ";101;"29";"CAMPOS DOS GOYTACAZES";"Ultrapassagem indevida";"Colisão frontal";"Com Vítimas Feridas";"Plena noite";"Decrescente";"Ceu Claro";"Simples";"Reta";"Rural";2;0;0;1;0;1;1;2
83496560;"04/09/16";"Domingo";"06:00:00";"MG";50;"22";"ARAGUARI";"Outras";"Saída de Pista";"Sem Vítimas";"Amanhecer";"Crescente";"Ceu Claro";"Dupla";"Cruzamento";"Rural";1;0;0;0;1;0;0;1
83496561;"07/09/16";"Quarta";"08:00:00";"MG";381;"849";"POUSO ALEGRE";"Velocidade incompatível";"Derramamento de Carga";"Sem Vítimas";"Pleno dia";"Decrescente";"Sol";"Dupla";"Curva";"Urbano";1;0;0;0;1;0;0;1
83496562;"04/09/16";"Domingo";"08:40:00";"MG";251;"350";"PADRE CARVALHO";"Outras";"Colisão lateral";"Com Vítimas Feridas";"Pleno dia";"Crescente";"Ceu Claro";"Simples";"Curva";"Rural";5;0;0;1;4;0;1;5
83496563;"07/09/16";"Quarta";"07:00:00";"RO";364;"238,9";"CACOAL";"Desobediência à sinalização";"Colisão Transversal";"Com Vítimas Feridas";"Pleno dia";"Decrescente";"Ceu Claro";"Simples";"Reta";"Urbano";2;0;1;0;1;0;1;2
83496564;"05/09/16";"Segunda";"14:40:00";"ES";101;"295";"CARIACICA";"Falta de atenção";"Saída de Pista";"Com Vítimas Feridas";"Pleno dia";"Decrescente";"Ceu Claro";"Dupla";"Reta";"Urbano";1;0;0;1;0;0;1;1
83496565;"07/09/16";"Quarta";"09:30:00";"RN";101;"84";"SAO GONCALO DO AMARANTE";"Falta de atenção";"Colisão traseira";"Sem Vítimas";"Pleno dia";"Crescente";"Sol";"Dupla";"Reta";"Urbano";2;0;0;0;2;0;0;2
83496566;"04/09/16";"Domingo";"04:10:00";"MG";267;"85,7";"JUIZ DE FORA";"Falta de atenção";"Colisão frontal";"Com Vítimas Feridas";"Plena noite";"Decrescente";"Ceu Claro";"Simples";"Reta";"Rural";2;0;1;0;1;0;1;2
83496567;"07/09/16";"Quarta";"09:10:00";"PB";412;"2,3";"BOA VISTA";"Animais na Pista";"Capotamento";"Com Vítimas Feridas";"Pleno dia";"Decrescente";"Ceu Claro";"Simples";"Reta";"Rural";3;0;3;0;0;0;3;1
83496568;"07/09/16";"Quarta";"07:20:00";"SP";153;"62";"SAO JOSE DO RIO PRETO";"Ingestão de álcool";"Colisão traseira";"Sem Vítimas";"Pleno dia";"Decrescente";"Nublado";"Dupla";"Reta";"Urbano";2;0;0;0;2;0;0;2
83496569;"07/09/16";"Quarta";"08:00:00";"SP";153;"64,7";"SAO JOSE DO RIO PRETO";"Outras";"Queda de motocicleta / bicicleta / veículo";"Com Vítimas Feridas";"Pleno dia";"Crescente";"Nublado";"Dupla";"Reta";"Urbano";1;0;1;0;0;0;1;1
83496570;"07/09/16";"Quarta";"10:30:00";"RJ";101;"206";"CASIMIRO DE ABREU";"Falta de atenção";"Colisão lateral";"Com Vítimas Feridas";"Pleno dia";"Crescente";"Ceu Claro";"Simples";"Reta";"Urbano";2;0;1;0;1;0;1;2
83496571;"07/09/16";"Quarta";"10:00:00";"MG";50;"192,2";"DELTA";"Dormindo";"Saída de Pista";"Com Vítimas Feridas";"Pleno dia";"Decrescente";"Ceu Claro";"Dupla";"Reta";"Rural";1;0;1;0;0;0;1;1
83496572;"04/09/16";"Domingo";"20:10:00";"BA";116;"347,1";"SERRINHA";"Ultrapassagem indevida";"Saída de Pista";"Com Vítimas Feridas";"Plena noite";"Decrescente";"Nublado";"Simples";"Reta";"Rural";4;0;1;0;3;0;1;1
83496573;"07/09/16";"Quarta";"11:10:00";"RJ";101;"306";"SAO GONCALO";"Outras";"Capotamento";"Com Vítimas Feridas";"Pleno dia";"Decrescente";"Ceu Claro";"Dupla";"Reta";"Urbano";5;0;4;0;1;0;4;1
83496574;"07/09/16";"Quarta";"09:00:00";"PR";376;"114,5";"ALTO PARANA";"Outras";"Saída de Pista";"Com Vítimas Feridas";"Pleno dia";"Crescente";"Sol";"Simples";"Reta";"Rural";1;0;1;0;0;0;1;1
83496575;"07/09/16";"Quarta";"11:15:00";"SC";101;"2,1";"GARUVA";"Velocidade incompatível";"Colisão com objeto fixo";"Com Vítimas Fatais";"Pleno dia";"Decrescente";"Ceu Claro";"Dupla";"Curva";"Rural";1;1;0;0;0;0;0;1