"id";"data_inversa";"dia_semana";"horario";"uf";"br";"km";"municipio";"causa_acidente";"tipo_acidente";"classificacao_acidente";"fase_dia";"sentido_via";"condicao_metereologica";"tipo_pista";"tracado_via";"uso_solo";"pessoas";"mortos";"feridos_leves";"feridos_graves";"ilesos";"ignorados";"feridos";"veiculos"
83496576;"07/09/16";"Quarta";"09:15:00";"GO";153;"493";"GOIANIA";"Outras";"Queda de motocicleta / bicicleta / veículo";"Com Vítimas Feridas";"Pleno dia";"Decrescente";"Sol";"Dupla";"Reta";"Urbano";2;0;1;0;1;0;1;1
83496577;"07/09/16";"Quarta";"03:00:00";"PE";408;"104,9";"JABOATAO DOS GUARARAPES";"Outras";"Colisão com objeto fixo";"Ignorado";"Plena noite";"Crescente";"Ceu Claro";"Dupla";"Curva";"Urbano";1;0;0;0;0;1;0;1
83496578;"03/09/16";"Sábado";"13:00:00";"RS";392;"42";"RIO GRANDE";"Não guardar distância de segurança";"Colisão traseira";"Sem Vítimas";"Pleno dia";"Decrescente";"Chuva";"Dupla";"Reta";"Urbano";2;0;0;0;2;0;0;2
83496579;"04/09/16";"Domingo";"04:30:00";"PA";316;"8";"ANANINDEUA";"Ingestão de álcool";"Colisão com bicicleta";"Com Vítimas Fatais";"Amanhecer";"Crescente";"Ceu Claro";"Dupla";"Reta";"Urbano";2;1;0;0;1;0;0;2
83496580;"04/09/16";"Domingo";"00:30:00";"ES";101;"299,2";"VIANA";"Velocidade incompatível";"Colisão com objeto fixo";"Com Vítimas Fatais";"Plena noite";"Decrescente";"Chuva";"Múltipla";"Reta";"Urbano";2;1;0;1;0;0;1;1
83496581;"07/09/16";"Quarta";"09:15:00";"SP";116;"109";"TAUBATE";"Falta de atenção";"Colisão traseira";"Com Vítimas Feridas";"Pleno dia";"Decrescente";"Ceu Claro";"Dupla";"Reta";"Urbano";6;0;1;0;5;0;1;2
83496582;"03/09/16";"Sábado";"17:45:00";"RS";116;"530";"CAPAO DO LEAO";"Desobediência à sinalização";"Colisão Transversal";"Com Vítimas Feridas";"Anoitecer";"Decrescente";"Chuva";"Simples";"Cruzamento";"Rural";2;0;1;0;1;0;1;2
83496585;"07/09/16";"Quarta";"08:50:00";"SP";116;"458";"PARIQUERA-ACU";"Outras";"Queda de motocicleta / bicicleta / veículo";"Com Vítimas Feridas";"Pleno dia";"Crescente";"Ceu Claro";"Dupla";"Curva";"Rural";2;0;1;1;0;0;2;1
83496586;"07/09/16";"Quarta";"08:40:00";"PR";376;"587";"CURITIBA";"Outras";"Queda de motocicleta / bicicleta / veículo";"Com Vítimas Feridas";"Pleno dia";"Crescente";"Sol";"Simples";"Curva";"Urbano";1;0;1;0;0;0;1;1
83496587;"03/09/16";"Sábado";"20:00:00";"SP";116;"312";"SAO LOURENCO DA SERRA";"Outras";"Queda de motocicleta / bicicleta / veículo";"Com Vítimas Feridas";"Plena noite";"Decrescente";"Ceu Claro";"Dupla";"Reta";"Rural";1;0;1;0;0;0;1;1
83496590;"06/09/16";"Terça";"22:00:00";"MS";262;"438,5";"DOIS IRMAOS DO BURITI";"Animais na Pista";"Atropelamento de animal";"Sem Vítimas";"Plena noite";"Crescente";"Nublado";"Simples";"Reta";"Rural";1;0;0;0;1;0;0;1
83496591;"03/09/16";"Sábado";"12:00:00";"PE";232;"148";"SAO CAITANO";"Outras";"Tombamento";"Sem Vítimas";"Pleno dia";"Decrescente";"Ceu Claro";"Dupla";"Curva";"Urbano";1;0;0;0;1;0;0;1
83496592;"03/09/16";"Sábado";"19:50:00";"ES";101;"66";"SAO MATEUS";"Falta de atenção";"Colisão com bicicleta";"Com Vítimas Feridas";"Plena noite";"Decrescente";"Chuva";"Simples";"Curva";"Rural";2;0;0;1;1;0;1;2
83496593;"07/09/16";"Quarta";"11:50:00";"MG";365;"630";"UBERLANDIA";"Não guardar distância de segurança";"Colisão traseira";"Sem Vítimas";"Pleno dia";"Decrescente";"Ceu Claro";"Dupla";"Reta";"Urbano";4;0;0;0;4;0;0;4
83496594;"07/09/16";"Quarta";"06:45:00";"PR";467;"98,2";"CASCAVEL";"Dormindo";"Tombamento";"Sem Vítimas";"Amanhecer";"Decrescente";"Ceu Claro";"Simples";"Reta";"Rural";1;0;0;0;1;0;0;1
83496595;"02/09/16";"Sexta";"18:10:00";"SC";163;"83,4";"GUARACIABA";"Outras";"Colisão lateral";"Sem Vítimas";"Anoitecer";"Decrescente";"Ceu Claro";"Simples";"Reta";"Rural";2;0;0;0;2;0;0;2
83496596;"03/09/16";"Sábado";"14:00:00";"BA";101;"403,5";"IBIRAPITANGA";"Velocidade incompatível";"Tombamento";"Ignorado";"Pleno dia";"Crescente";"Chuva";"Simples";"Curva";"Rural";1;0;0;0;0;1;0;1
83496597;"05/09/16";"Segunda";"16:00:00";"RS";392;"265,3";"CACAPAVA DO SUL";"Velocidade incompatível";"Saída de Pista";"Com Vítimas Feridas";"Pleno dia";"Crescente";"Chuva";"Simples";"Curva";"Rural";3;0;2;0;1;0;2;1
83496598;"03/09/16";"Sábado";"18:25:00";"MG";50;"204,1";"UBERABA";"Velocidade incompatível";"Capotamento";"Com Vítimas Feridas";"Plena noite";"Crescente";"Ceu Claro";"Dupla";"Reta";"Rural";2;0;2;0;0;0;2;1
83496599;"03/09/16";"Sábado";"21:40:00";"SC";470;"11,7";"NAVEGANTES";"Outras";"Colisão frontal";"Com Vítimas Feridas";"Plena noite";"Crescente";"Chuva";"Simples";"Reta";"Urbano";3;0;2;0;0;1;2;2
83496600;"07/09/16";"Quarta";"13:30:00";"SC";101;"27";"JOINVILLE";"Falta de atenção";"Colisão Transversal";"Sem Vítimas";"Pleno dia";"Crescente";"Sol";"Simples";"Cruzamento";"Urbano";2;0;0;0;2;0;0;2
83496601;"04/09/16";"Domingo";"03:45:00";"PR";376;"665,9";"GUARATUBA";"Velocidade incompatível";"Capotamento";"Sem Vítimas";"Plena noite";"Crescente";"Chuva";"Dupla";"Curva";"Rural";1;0;0;0;1;0;0;1
83496602;"07/09/16";"Quarta";"11:40:00";"MG";262;"587,4";"CAMPOS ALTOS";"Defeito mecânico em veículo";"Queda de motocicleta / bicicleta / veículo";"Com Vítimas Feridas";"Pleno dia";"Crescente";"Ceu Claro";"Simples";"Curva";"Rural";2;0;2;0;0;0;2;1
83496603;"07/09/16";"Quarta";"11:30:00";"RS";290;"721";"URUGUAIANA";"Defeito mecânico em veículo";"Incêndio";"Sem Vítimas";"Pleno dia";"Crescente";"Ceu Claro";"Simples";"Reta";"Urbano";1;0;0;0;1;0;0;1
83496604;"07/09/16";"Quarta";"10:10:00";"PB";230;"349,1";"PATOS";"Falta de atenção";"Saída de Pista";"Sem Vítimas";"Pleno dia";"Crescente";"Ceu Claro";"Simples";"Curva";"Rural";2;0;0;0;2;0;0;1
83496605;"04/09/16";"Domingo";"06:00:00";"TO";153;"142";"ARAGUAINA";"Ingestão de álcool";"Saída de Pista";"Sem Vítimas";"Pleno dia";"Crescente";"Sol";"Múltipla";"Reta";"Urbano";1;0;0;0;1;0;0;1
83496606;"07/09/16";"Quarta";"13:30:00";"SC";280;"22,1";"ARAQUARI";"Falta de atenção";"Colisão traseira";"Com Vítimas Feridas";"Pleno dia";"Decrescente";"Ceu Claro";"Simples";"Reta";"Urbano";2;0;0;1;1;0;1;2
83496607;"07/09/16";"Quarta";"12:20:00";"SC";470;"178,9";"POUSO REDONDO";"Velocidade incompatível";"Colisão Transversal";"Com Vítimas Feridas";"Pleno dia";"Crescente";"Ceu Claro";"Simples";"Cruzamento";"Urbano";2;0;1;0;1;0;1;2
83496608;"07/09/16";"Quarta";"08:50:00";"PR";116;"122";"CURITIBA";"Ingestão de álcool";"Capotamento";"Com Vítimas Feridas";"Pleno dia";"Decrescente";"Ceu Claro";"Dupla";"Curva";"Urbano";1;0;1;0;0;0;1;1
83496609;"04/09/16";"Domingo";"05:45:00";"MT";364;"272";"JACIARA";"Outras";"Colisão com objeto fixo";"Ignorado";"Amanhecer";"Decrescente";"Ceu Claro";"Dupla";"Reta";"Urbano";1;0;0;0;0;1;0;1
83496610;"07/09/16";"Quarta";"10:30:00";"RN";101;"107";"PARNAMIRIM";"Outras";"Colisão lateral";"Com Vítimas Feridas";"Pleno dia";"Decrescente";"Ceu Claro";"Dupla";"Reta";"Urbano";4;0;3;0;0;1;3;3
83496611;"07/09/16";"Quarta";"10:45:00";"MG";40;"632,1";"CONSELHEIRO LAFAIETE";"Falta de atenção";"Colisão lateral";"Sem Vítimas";"Pleno dia";"Crescente";"Sol";"Dupla";"Cruzamento";"Urbano";4;0;0;0;4;0;0;2
83496612;"07/09/16";"Quarta";"14:20:00";"PR";369;"201,9";"APUCARANA";"Outras";"Colisão lateral";"Com Vítimas Feridas";"Pleno dia";"Decrescente";"Sol";"Dupla";"Reta";"Urbano";2;0;1;0;0;1;1;2
83496613;"07/09/16";"Quarta";"09:50:00";"MG";381;"328";"NOVA ERA";"Outras";"Colisão frontal";"Com Vítimas Fatais";"Pleno dia";"Crescente";"Sol";"Simples";"Reta";"Rural";2;1;0;0;1;0;0;2
83496614;"07/09/16";"Quarta";"12:15:00";"SP";153;"49,5";"SAO JOSE DO RIO PRETO";"Falta de atenção";"Colisão lateral";"Com Vítimas Feridas";"Pleno dia";"Decrescente";"Sol";"Simples";"Reta";"Rural";3;0;3;0;0;0;3;2
83496615;"07/09/16";"Quarta";"14:50:00";"BA";324;"615";"SALVADOR";"Velocidade incompatível";"Saída de Pista";"Sem Vítimas";"Pleno dia";"Crescente";"Sol";"Dupla";"Reta";"Urbano";3;0;0;0;2;1;0;1
83496616;"04/09/16";"Domingo";"23:00:00";"MG";381;"505,8";"BETIM";"Ingestão de álcool";"Tombamento";"Sem Vítimas";"Plena noite";"Crescente";"Nublado";"Dupla";"Reta";"Urbano";2;0;0;0;2;0;0;2
83496617;"07/09/16";"Quarta";"12:00:00";"AL";316;"257";"PILAR";"Velocidade incompatível";"Colisão com objeto fixo";"Ignorado";"Pleno dia";"Crescente";"Nublado";"Simples";"Reta";"Rural";2;0;0;0;0;2;0;1
83496618;"07/09/16";"Quarta";"15:00:00";"RJ";101;"419";"MANGARATIBA";"Ingestão de álcool";"Colisão traseira";"Sem Vítimas";"Pleno dia";"Decrescente";"Nublado";"Simples";"Curva";"Rural";3;0;0;0;3;0;0;3
83496619;"03/09/16";"Sábado";"11:00:00";"MG";365;"614";"UBERLANDIA";"Outras";"Colisão com objeto fixo";"Sem Vítimas";"Pleno dia";"Decrescente";"Ceu Claro";"Dupla";"Curva";"Urbano";2;0;0;0;2;0;0;2
83496620;"07/09/16";"Quarta";"15:00:00";"MG";381;"525,2";"BRUMADINHO";"Dormindo";"Capotamento";"Sem Vítimas";"Pleno dia";"Crescente";"Ceu Claro";"Dupla";"Curva";"Rural";1;0;0;0;1;0;0;1
83496621;"07/09/16";"Quarta";"13:00:00";"MG";40;"509";"RIBEIRAO DAS NEVES";"Outras";"Colisão lateral";"Com Vítimas Feridas";"Pleno dia";"Decrescente";"Ceu Claro";"Dupla";"Reta";"Urbano";3;0;2;0;0;1;2;2
83496622;"07/09/16";"Quarta";"11:00:00";"SP";101;"25";"UBATUBA";"Ingestão de álcool";"Capotamento";"Sem Vítimas";"Pleno dia";"Decrescente";"Nublado";"Simples";"Curva";"Rural";2;0;0;0;2;0;0;1
83496623;"07/09/16";"Quarta";"08:00:00";"MT";163;"874";"SINOP";"Falta de atenção";"Colisão traseira";"Com Vítimas Fatais";"Amanhecer";"Crescente";"Ceu Claro";"Simples";"Reta";"Rural";3;1;0;0;2;0;0;3
83496624;"07/09/16";"Quarta";"15:30:00";"MG";381;"508";"SAO JOAQUIM DE BICAS";"Defeito mecânico em veículo";"Capotamento";"Sem Vítimas";"Pleno dia";"Decrescente";"Nublado";"Dupla";"Reta";"Urbano";1;0;0;0;1;0;0;1
83496625;"07/09/16";"Quarta";"12:00:00";"RO";319;"61,5";"PORTO VELHO";"Falta de atenção";"Colisão lateral";"Com Vítimas Feridas";"Pleno dia";"Crescente";"Ceu Claro";"Múltipla";"Reta";"Urbano";2;0;1;0;1;0;1;2
83496626;"30/08/16";"Terça";"13:10:00";"CE";222;"311";"TIANGUA";"Falta de atenção";"Colisão Transversal";"Sem Vítimas";"Pleno dia";"Decrescente";"Ceu Claro";"Simples";"Reta";"Urbano";3;0;0;0;2;1;0;2
83496627;"04/09/16";"Domingo";"05:50:00";"SP";153;"58,8";"SAO JOSE DO RIO PRETO";"Falta de atenção";"Colisão Transversal";"Com Vítimas Feridas";"Amanhecer";"Decrescente";"Nublado";"Simples";"Reta";"Urbano";6;0;2;0;4;0;2;2
83496628;"07/09/16";"Quarta";"00:10:00";"CE";222;"56";"SAO GONCALO DO AMARANTE";"Outras";"Capotamento";"Sem Vítimas";"Plena noite";"Crescente";"Ceu Claro";"Simples";"Reta";"Rural";5;0;0;0;5;0;0;1
83496629;"07/09/16";"Quarta";"16:00:00";"SC";101;"51,4";"JOINVILLE";"Defeito mecânico em veículo";"Colisão com objeto fixo";"Sem Vítimas";"Pleno dia";"Decrescente";"Ceu Claro";"Dupla";"Curva";"Rural";1;0;0;0;1;0;0;1
83496630;"07/09/16";"Quarta";"15:15:00";"SC";101;"110,8";"NAVEGANTES";"Defeito mecânico em veículo";"Queda de motocicleta / bicicleta / veículo";"Com Vítimas Feridas";"Pleno dia";"Decrescente";"Nublado";"Dupla";"Reta";"Urbano";2;0;2;0;0;0;2;1
83496632;"07/09/16";"Quarta";"11:15:00";"SC";116;"66";"MONTE CASTELO";"Defeito mecânico em veículo";"Incêndio";"Sem Vítimas";"Pleno dia";"Decrescente";"Sol";"Simples";"Reta";"Rural";1;0;0;0;1;0;0;1
83496633;"07/09/16";"Quarta";"16:20:00";"AL";101;"218";"PORTO REAL DO COLEGIO";"Não guardar distância de segurança";"Colisão lateral";"Sem Vítimas";"Pleno dia";"Decrescente";"Ceu Claro";"Dupla";"Reta";"Rural";2;0;0;0;2;0;0;2
83496634;"07/09/16";"Quarta";"15:30:00";"PR";277;"70";"SAO JOSE DOS PINHAIS";"Outras";"Colisão com objeto fixo";"Com Vítimas Feridas";"Pleno dia";"Decrescente";"Sol";"Dupla";"Reta";"Rural";1;0;0;1;0;0;1;1
83496635;"07/09/16";"Quarta";"16:05:00";"PR";376;"183,7";"SARANDI";"Falta de atenção";"Colisão traseira";"Sem Vítimas";"Pleno dia";"Decrescente";"Sol";"Dupla";"Reta";"Urbano";2;0;0;0;2;0;0;2
83496636;"07/09/16";"Quarta";"06:30:00";"GO";20;"21";"FORMOSA";"Outras";"Capotamento";"Ignorado";"Pleno dia";"Decrescente";"Ceu Claro";"Simples";"Reta";"Rural";1;0;0;0;0;1;0;1
83496638;"07/09/16";"Quarta";"12:00:00";"AM";174;"908";"MANAUS";"Falta de atenção";"Colisão frontal";"Com Vítimas Feridas";"Pleno dia";"Crescente";"Ceu Claro";"Simples";"Curva";"Rural";2;0;0;1;1;0;1;2
83496639;"07/09/16";"Quarta";"16:20:00";"PE";101;"43";"IGARASSU";"Outras";"Tombamento";"Com Vítimas Feridas";"Pleno dia";"Decrescente";"Vento";"Múltipla";"Reta";"Urbano";2;0;2;0;0;0;2;1
83496640;"07/09/16";"Quarta";"10:40:00";"SP";116;"36,6";"CACHOEIRA PAULISTA";"Outras";"Tombamento";"Com Vítimas Feridas";"Pleno dia";"Crescente";"Sol";"Dupla";"Curva";"Rural";1;0;1;0;0;0;1;1
83496641;"04/09/16";"Domingo";"05:45:00";"MG";354;"732,2";"POUSO ALTO";"Falta de atenção";"Saída de Pista";"Com Vítimas Feridas";"Amanhecer";"Crescente";"Ceu Claro";"Simples";"Reta";"Rural";1;0;1;0;0;0;1;1
83496642;"07/09/16";"Quarta";"14:30:00";"PR";277;"654";"MATELANDIA";"Não guardar distância de segurança";"Colisão traseira";"Sem Vítimas";"Pleno dia";"Crescente";"Ceu Claro";"Simples";"Reta";"Rural";2;0;0;0;2;0;0;2
83496646;"07/09/16";"Quarta";"12:00:00";"PA";163;"897";"BELTERRA";"Defeito na via";"Tombamento";"Sem Vítimas";"Pleno dia";"Decrescente";"Nublado";"Simples";"Reta";"Rural";1;0;0;0;1;0;0;1
83496648;"04/09/16";"Domingo";"22:00:00";"BA";324;"619";"SALVADOR";"Ingestão de álcool";"Tombamento";"Sem Vítimas";"Plena noite";"Decrescente";"Ceu Claro";"Dupla";"Reta";"Urbano";1;0;0;0;1;0;0;1
83496649;"07/09/16";"Quarta";"17:30:00";"PA";316;"8";"ANANINDEUA";"Outras";"Colisão lateral";"Com Vítimas Feridas";"Pleno dia";"Decrescente";"Nublado";"Dupla";"Reta";"Urbano";3;0;1;0;1;1;1;3
83496650;"07/09/16";"Quarta";"15:30:00";"MS";60;"423,5";"SIDROLANDIA";"Falta de atenção";"Colisão lateral";"Sem Vítimas";"Pleno dia";"Crescente";"Ceu Claro";"Simples";"Reta";"Urbano";4;0;0;0;4;0;0;2
83496651;"04/09/16";"Domingo";"04:20:00";"MG";381;"499";"BETIM";"Falta de atenção";"Colisão com objeto fixo";"Sem Vítimas";"Plena noite";"Decrescente";"Ceu Claro";"Dupla";"Reta";"Urbano";1;0;0;0;1;0;0;1
83496652;"07/09/16";"Quarta";"11:00:00";"RS";472;"644";"BARRA DO QUARAI";"Defeito mecânico em veículo";"Incêndio";"Sem Vítimas";"Pleno dia";"Crescente";"Ceu Claro";"Simples";"Reta";"Rural";1;0;0;0;1;0;0;1
83496654;"30/01/16";"Sábado";"18:25:00";"SC";282;"529,4";"CORDILHEIRA ALTA";"Velocidade incompatível";"Colisão frontal";"Com Vítimas Fatais";"Pleno dia";"Decrescente";"Chuva";"Simples";"Curva";"Urbano";7;1;0;5;1;0;5;2
83496655;"08/09/16";"Quinta";"02:20:00";"RS";470;"173";"VERANOPOLIS";"Ingestão de álcool";"Saída de Pista";"Com Vítimas Feridas";"Plena noite";"Decrescente";"Nublado";"Simples";"Curva";"Rural";2;0;1;0;1;0;1;1
83496656;"04/09/16";"Domingo";"04:00:00";"PI";343;"311,8";"ALTOS";"Ingestão de álcool";"Saída de Pista";"Com Vítimas Feridas";"Plena noite";"Crescente";"Ceu Claro";"Simples";"Reta";"Rural";1;0;0;1;0;0;1;1
83496657;"07/09/16";"Quarta";"20:50:00";"PR";158;"198";"PEABIRU";"Velocidade incompatível";"Colisão frontal";"Com Vítimas Feridas";"Plena noite";"Decrescente";"Ceu Claro";"Simples";"Reta";"Rural";2;0;0;1;1;0;1;2
83496658;"07/09/16";"Quarta";"20:40:00";"PR";277;"114";"CAMPO LARGO";"Desobediência à sinalização";"Atropelamento de pessoa";"Com Vítimas Feridas";"Plena noite";"Decrescente";"Ceu Claro";"Dupla";"Reta";"Rural";6;0;0;1;5;0;1;1
83496659;"07/09/16";"Quarta";"06:50:00";"RS";290;"90";"PORTO ALEGRE";"Ingestão de álcool";"Saída de Pista";"Sem Vítimas";"Amanhecer";"Decrescente";"Nublado";"Dupla";"Reta";"Urbano";2;0;0;0;2;0;0;1
83496660;"07/09/16";"Quarta";"19:00:00";"AC";364;"102";"RIO BRANCO";"Animais na Pista";"Atropelamento de animal";"Com Vítimas Feridas";"Plena noite";"Decrescente";"Ignorada";"Simples";"Reta";"Rural";1;0;0;1;0;0;1;1
83496661;"08/09/16";"Quinta";"00:01:00";"RJ";101;"321";"NITEROI";"Outras";"Colisão com objeto fixo";"Com Vítimas Feridas";"Plena noite";"Crescente";"Chuva";"Dupla";"Reta";"Urbano";1;0;1;0;0;0;1;1
83496662;"07/09/16";"Quarta";"18:45:00";"PE";423;"18,3";"SAO CAITANO";"Outras";"Queda de motocicleta / bicicleta / veículo";"Com Vítimas Feridas";"Plena noite";"Decrescente";"Ceu Claro";"Simples";"Reta";"Urbano";2;0;1;0;0;1;1;2
83496663;"29/08/16";"Segunda";"00:10:00";"MG";40;"511";"RIBEIRAO DAS NEVES";"Outras";"Queda de motocicleta / bicicleta / veículo";"Com Vítimas Feridas";"Plena noite";"Decrescente";"Ceu Claro";"Simples";"Reta";"Urbano";2;0;2;0;0;0;2;1
83496664;"07/09/16";"Quarta";"17:00:00";"PI";316;"63,6";"MONSENHOR GIL";"Animais na Pista";"Atropelamento de animal";"Com Vítimas Feridas";"Pleno dia";"Decrescente";"Sol";"Simples";"Reta";"Rural";1;0;0;1;0;0;1;1
83496665;"07/09/16";"Quarta";"20:20:00";"BA";101;"909";"IBIRAPUA";"Outras";"Queda de motocicleta / bicicleta / veículo";"Com Vítimas Feridas";"Plena noite";"Crescente";"Nublado";"Simples";"Reta";"Rural";1;0;1;0;0;0;1;1
83496666;"07/09/16";"Quarta";"20:40:00";"RS";153;"42,8";"ERECHIM";"Velocidade incompatível";"Capotamento";"Com Vítimas Feridas";"Plena noite";"Crescente";"Nublado";"Simples";"Curva";"Rural";2;0;1;1;0;0;2;1
83496667;"07/09/16";"Quarta";"18:25:00";"SP";116;"216";"GUARULHOS";"Ingestão de álcool";"Colisão lateral";"Sem Vítimas";"Anoitecer";"Decrescente";"Ceu Claro";"Múltipla";"Reta";"Urbano";2;0;0;0;1;1;0;2
83496668;"07/09/16";"Quarta";"19:50:00";"MG";153;"244,1";"FRONTEIRA";"Outras";"Colisão traseira";"Sem Vítimas";"Plena noite";"Crescente";"Nublado";"Simples";"Reta";"Urbano";2;0;0;0;2;0;0;2
83496669;"07/09/16";"Quarta";"19:30:00";"PI";316;"26,7";"DEMERVAL LOBAO";"Outras";"Atropelamento de animal";"Com Vítimas Feridas";"Plena noite";"Decrescente";"Ceu Claro";"Simples";"Curva";"Rural";1;0;1;0;0;0;1;1
83496670;"26/08/16";"Sexta";"09:20:00";"RJ";116;"237";"PIRAI";"Outras";"Colisão com objeto fixo";"Sem Vítimas";"Pleno dia";"Crescente";"Ceu Claro";"Simples";"Reta";"Rural";2;0;0;0;2;0;0;2
83496671;"08/09/16";"Quinta";"00:01:00";"PI";316;"0,3";"TERESINA";"Ingestão de álcool";"Colisão frontal";"Com Vítimas Feridas";"Plena noite";"Crescente";"Nublado";"Simples";"Reta";"Urbano";2;0;0;1;1;0;1;2
83496672;"07/09/16";"Quarta";"19:31:00";"PI";316;"26,7";"DEMERVAL LOBAO";"Animais na Pista";"Atropelamento de animal";"Com Vítimas Feridas";"Plena noite";"Decrescente";"Sol";"Simples";"Reta";"Rural";1;0;0;1;0;0;1;1
83496673;"07/09/16";"Quarta";"20:50:00";"BA";116;"11,5";"VITORIA DA CONQUISTA";"Outras";"Colisão frontal";"Com Vítimas Feridas";"Plena noite";"Crescente";"Nublado";"Simples";"Reta";"Urbano";2;0;1;0;1;0;1;2
83496674;"07/09/16";"Quarta";"11:00:00";"RN";304;"107,5";"ASSU";"Desobediência à sinalização";"Colisão Transversal";"Com Vítimas Feridas";"Pleno dia";"Crescente";"Ceu Claro";"Simples";"Reta";"Rural";3;0;1;1;1;0;2;2
83496675;"07/09/16";"Quarta";"15:45:00";"MG";381;"837,5";"SAO SEBASTIAO DA BELA VISTA";"Ingestão de álcool";"Saída de Pista";"Sem Vítimas";"Pleno dia";"Crescente";"Ceu Claro";"Dupla";"Curva";"Rural";1;0;0;0;1;0;0;1
83496676;"07/09/16";"Quarta";"16:00:00";"SC";470;"258";"CURITIBANOS";"Falta de atenção";"Saída de Pista";"Sem Vítimas";"Pleno dia";"Decrescente";"Ceu Claro";"Simples";"Reta";"Rural";1;0;0;0;1;0;0;1
83496678;"07/09/16";"Quarta";"18:00:00";"PB";230;"113,9";"INGA";"Dormindo";"Colisão traseira";"Com Vítimas Feridas";"Plena noite";"Crescente";"Ceu Claro";"Dupla";"Reta";"Rural";3;0;1;0;2;0;1;2
83496679;"08/09/16";"Quinta";"05:30:00";"RS";386;"178";"CARAZINHO";"Outras";"Capotamento";"Sem Vítimas";"Amanhecer";"Crescente";"Nublado";"Simples";"Cruzamento";"Urbano";1;0;0;0;1;0;0;1
83496680;"07/09/16";"Quarta";"21:10:00";"MG";153;"188,4";"FRUTAL";"Não guardar distância de segurança";"Colisão traseira";"Com Vítimas Feridas";"Plena noite";"Decrescente";"Ceu Claro";"Simples";"Reta";"Rural";3;0;1;0;2;0;1;2
83496681;"07/09/16";"Quarta";"22:00:00";"SC";282;"525";"XAXIM";"Ingestão de álcool";"Colisão com objeto fixo";"Com Vítimas Feridas";"Plena noite";"Decrescente";"Ceu Claro";"Simples";"Reta";"Rural";1;0;1;0;0;0;1;1
83496682;"08/09/16";"Quinta";"01:25:00";"GO";60;"456,8";"JATAI";"Ingestão de álcool";"Queda de motocicleta / bicicleta / veículo";"Com Vítimas Feridas";"Plena noite";"Decrescente";"Ceu Claro";"Dupla";"Reta";"Rural";1;0;1;0;0;0;1;1
83496683;"07/09/16";"Quarta";"16:30:00";"MG";40;"697,3";"BARBACENA";"Falta de atenção";"Colisão frontal";"Com Vítimas Feridas";"Pleno dia";"Decrescente";"Nublado";"Simples";"Reta";"Rural";2;0;0;1;1;0;1;2
83496684;"07/09/16";"Quarta";"15:56:00";"PR";277;"723";"FOZ DO IGUACU";"Defeito na via";"Colisão Transversal";"Com Vítimas Feridas";"Pleno dia";"Crescente";"Sol";"Dupla";"Reta";"Urbano";4;0;2;0;2;0;2;2
83496685;"08/09/16";"Quinta";"02:30:00";"SC";101;"114,7";"ITAJAI";"Outras";"Saída de Pista";"Com Vítimas Feridas";"Plena noite";"Decrescente";"Nublado";"Dupla";"Curva";"Urbano";1;0;1;0;0;0;1;1
83496686;"07/09/16";"Quarta";"23:30:00";"MG";50;"79";"UBERLANDIA";"Falta de atenção";"Colisão traseira";"Com Vítimas Feridas";"Plena noite";"Crescente";"Ceu Claro";"Dupla";"Reta";"Urbano";2;0;1;0;1;0;1;2
83496687;"03/09/16";"Sábado";"17:15:00";"MG";356;"272,5";"MURIAE";"Defeito mecânico em veículo";"Queda de motocicleta / bicicleta / veículo";"Com Vítimas Feridas";"Pleno dia";"Crescente";"Ceu Claro";"Simples";"Reta";"Rural";2;0;2;0;0;0;2;1
83496688;"07/09/16";"Quarta";"17:20:00";"SE";235;"1,8";"ARACAJU";"Desobediência à sinalização";"Colisão Transversal";"Com Vítimas Feridas";"Anoitecer";"Crescente";"Chuva";"Múltipla";"Reta";"Urbano";3;0;3;0;0;0;3;2
83496689;"07/09/16";"Quarta";"20:00:00";"PR";376;"3,5";"APUCARANA";"Falta de atenção";"Colisão traseira";"Com Vítimas Feridas";"Plena noite";"Crescente";"Ceu Claro";"Dupla";"Cruzamento";"Urbano";4;0;2;0;2;0;2;2
83496690;"09/07/16";"Sábado";"22:10:00";"PR";373;"409";"CANDOI";"Ingestão de álcool";"Colisão frontal";"Com Vítimas Feridas";"Plena noite";"Decrescente";"Ceu Claro";"Simples";"Curva";"Rural";5;0;0;5;0;0;5;2
83496691;"07/09/16";"Quarta";"18:45:00";"MG";251;"476,2";"FRANCISCO SA";"Defeito na via";"Saída de Pista";"Sem Vítimas";"Pleno dia";"Crescente";"Ceu Claro";"Simples";"Reta";"Rural";2;0;0;0;2;0;0;1
83496692;"07/09/16";"Quarta";"19:20:00";"MS";163;"736,4";"COXIM";"Animais na Pista";"Atropelamento de animal";"Com Vítimas Feridas";"Plena noite";"Decrescente";"Ceu Claro";"Simples";"Reta";"Rural";1;0;1;0;0;0;1;1
83496693;"07/09/16";"Quarta";"18:40:00";"PR";476;"279";"SAO MATEUS DO SUL";"Ingestão de álcool";"Colisão traseira";"Sem Vítimas";"Anoitecer";"Decrescente";"Ceu Claro";"Simples";"Reta";"Urbano";3;0;0;0;3;0;0;3
83496694;"05/09/16";"Segunda";"06:00:00";"PB";230;"62,4";"SAO MIGUEL DE TAIPU";"Outras";"Colisão frontal";"Com Vítimas Fatais";"Amanhecer";"Decrescente";"Ceu Claro";"Dupla";"Reta";"Urbano";2;1;1;0;0;0;1;2