"id";"data_inversa";"dia_semana";"horario";"uf";"br";"km";"municipio";"causa_acidente";"tipo_acidente";"classificacao_acidente";"fase_dia";"sentido_via";"condicao_metereologica";"tipo_pista";"tracado_via";"uso_solo";"pessoas";"mortos";"feridos_leves";"feridos_graves";"ilesos";"ignorados";"feridos";"veiculos"
83496810;"08/09/16";"Quinta";"10:00:00";"MG";381;"856,9";"POUSO ALEGRE";"Outras";"Capotamento";"Com Vítimas Feridas";"Pleno dia";"Crescente";"Sol";"Dupla";"Reta";"Rural";2;0;2;0;0;0;2;1
83496811;"03/09/16";"Sábado";"16:00:00";"SC";101;"207";"SAO JOSE";"Outras";"Queda de motocicleta / bicicleta / veículo";"Com Vítimas Feridas";"Pleno dia";"Decrescente";"Chuva";"Dupla";"Reta";"Urbano";1;0;1;0;0;0;1;1
83496812;"06/09/16";"Terça";"04:50:00";"GO";20;"197,9";"POSSE";"Falta de atenção";"Saída de Pista";"Com Vítimas Feridas";"Plena noite";"Decrescente";"Ceu Claro";"Simples";"Reta";"Rural";1;0;1;0;0;0;1;1
83496813;"04/09/16";"Domingo";"17:30:00";"MG";40;"510";"RIBEIRAO DAS NEVES";"Não guardar distância de segurança";"Colisão traseira";"Com Vítimas Feridas";"Pleno dia";"Crescente";"Ceu Claro";"Dupla";"Reta";"Urbano";3;0;1;0;2;0;1;3
83496815;"31/08/16";"Quarta";"10:20:00";"SC";470;"24";"ILHOTA";"Defeito mecânico em veículo";"Colisão com objeto móvel";"Com Vítimas Feridas";"Pleno dia";"Decrescente";"Ceu Claro";"Simples";"Curva";"Urbano";1;0;0;1;0;0;1;1
83496816;"08/09/16";"Quinta";"11:59:00";"GO";153;"496";"GOIANIA";"Não guardar distância de segurança";"Colisão lateral";"Com Vítimas Feridas";"Pleno dia";"Crescente";"Ceu Claro";"Dupla";"Reta";"Urbano";2;0;1;0;1;0;1;2
83496817;"08/09/16";"Quinta";"05:40:00";"MG";365;"492,2";"PATROCINIO";"Ultrapassagem indevida";"Saída de Pista";"Com Vítimas Feridas";"Amanhecer";"Crescente";"Ceu Claro";"Simples";"Curva";"Rural";3;0;1;0;1;1;1;3
83496818;"08/09/16";"Quinta";"12:38:00";"RJ";101;"280";"RIO BONITO";"Outras";"Saída de Pista";"Sem Vítimas";"Pleno dia";"Crescente";"Ceu Claro";"Dupla";"Reta";"Urbano";1;0;0;0;1;0;0;1
83496819;"08/09/16";"Quinta";"07:54:00";"BA";110;"380";"SAO SEBASTIAO DO PASSE";"Falta de atenção";"Tombamento";"Com Vítimas Feridas";"Pleno dia";"Crescente";"Ceu Claro";"Simples";"Reta";"Urbano";3;0;1;0;2;0;1;1
83496820;"07/09/16";"Quarta";"06:30:00";"MS";262;"72";"TRES LAGOAS";"Outras";"Colisão traseira";"Com Vítimas Feridas";"Pleno dia";"Crescente";"Sol";"Simples";"Reta";"Urbano";2;0;1;0;0;1;1;2
83496821;"08/09/16";"Quinta";"12:15:00";"RS";386;"428,4";"NOVA SANTA RITA";"Defeito mecânico em veículo";"Incêndio";"Sem Vítimas";"Pleno dia";"Crescente";"Sol";"Dupla";"Reta";"Rural";1;0;0;0;1;0;0;1
83496822;"28/06/16";"Terça";"18:30:00";"MG";365;"12";"MONTES CLAROS";"Defeito mecânico em veículo";"Queda de motocicleta / bicicleta / veículo";"Com Vítimas Feridas";"Anoitecer";"Crescente";"Ceu Claro";"Simples";"Reta";"Rural";1;0;0;1;0;0;1;1
83496823;"05/09/16";"Segunda";"17:00:00";"AM";174;"961";"PRESIDENTE FIGUEIREDO";"Defeito mecânico em veículo";"Incêndio";"Sem Vítimas";"Pleno dia";"Decrescente";"Sol";"Simples";"Reta";"Rural";2;0;0;0;2;0;0;1
83496824;"03/09/16";"Sábado";"17:00:00";"SC";101;"204";"SAO JOSE";"Outras";"Saída de Pista";"Sem Vítimas";"Pleno dia";"Decrescente";"Chuva";"Dupla";"Reta";"Urbano";1;0;0;0;1;0;0;1
83496826;"05/09/16";"Segunda";"17:30:00";"SC";282;"391,7";"JOACABA";"Velocidade incompatível";"Saída de Pista";"Sem Vítimas";"Anoitecer";"Decrescente";"Chuva";"Simples";"Curva";"Rural";1;0;0;0;1;0;0;1
83496827;"08/09/16";"Quinta";"11:00:00";"SE";101;"19";"SAO FRANCISCO";"Falta de atenção";"Queda de motocicleta / bicicleta / veículo";"Com Vítimas Feridas";"Pleno dia";"Crescente";"Ceu Claro";"Dupla";"Reta";"Rural";1;0;0;1;0;0;1;1
83496828;"08/09/16";"Quinta";"07:50:00";"AC";364;"124";"RIO BRANCO";"Desobediência à sinalização";"Colisão Transversal";"Sem Vítimas";"Pleno dia";"Decrescente";"Ceu Claro";"Dupla";"Reta";"Urbano";2;0;0;0;1;1;0;2
83496829;"08/09/16";"Quinta";"11:30:00";"MG";262;"820,5";"UBERABA";"Falta de atenção";"Colisão Transversal";"Com Vítimas Feridas";"Pleno dia";"Crescente";"Ceu Claro";"Dupla";"Reta";"Rural";14;0;13;0;1;0;13;2
83496830;"08/09/16";"Quinta";"10:15:00";"MS";60;"581,3";"GUIA LOPES DA LAGUNA";"Defeito mecânico em veículo";"Queda de motocicleta / bicicleta / veículo";"Com Vítimas Feridas";"Pleno dia";"Crescente";"Nublado";"Simples";"Reta";"Rural";1;0;1;0;0;0;1;1
83496831;"08/09/16";"Quinta";"08:10:00";"PE";101;"46,5";"IGARASSU";"Falta de atenção";"Atropelamento de pessoa";"Com Vítimas Feridas";"Pleno dia";"Decrescente";"Sol";"Simples";"Reta";"Urbano";3;0;1;1;1;0;2;1
83496832;"08/09/16";"Quinta";"15:20:00";"SC";101;"334,9";"TUBARAO";"Desobediência à sinalização";"Colisão Transversal";"Sem Vítimas";"Pleno dia";"Decrescente";"Ceu Claro";"Dupla";"Cruzamento";"Urbano";2;0;0;0;2;0;0;2
83496833;"08/09/16";"Quinta";"08:20:00";"ES";101;"415,1";"ITAPEMIRIM";"Velocidade incompatível";"Colisão frontal";"Com Vítimas Feridas";"Pleno dia";"Crescente";"Nublado";"Simples";"Curva";"Rural";3;0;1;0;2;0;1;2
83496835;"08/09/16";"Quinta";"13:00:00";"AP";210;"1";"MACAPA";"Ingestão de álcool";"Colisão com bicicleta";"Com Vítimas Feridas";"Pleno dia";"Crescente";"Sol";"Dupla";"Reta";"Urbano";2;0;2;0;0;0;2;2
83496836;"08/09/16";"Quinta";"15:40:00";"RJ";116;"123";"MAGE";"Outras";"Colisão com objeto fixo";"Com Vítimas Feridas";"Pleno dia";"Decrescente";"Nublado";"Dupla";"Curva";"Urbano";1;0;1;0;0;0;1;1
83496837;"08/09/16";"Quinta";"12:32:00";"PE";101;"4";"GOIANA";"Falta de atenção";"Colisão lateral";"Com Vítimas Feridas";"Pleno dia";"Decrescente";"Ceu Claro";"Dupla";"Reta";"Rural";4;0;1;1;2;0;2;2
83496838;"08/09/16";"Quinta";"11:00:00";"BA";101;"261";"SANTO ANTONIO DE JESUS";"Outras";"Colisão lateral";"Sem Vítimas";"Pleno dia";"Crescente";"Ceu Claro";"Simples";"Reta";"Urbano";2;0;0;0;2;0;0;2
83496839;"08/09/16";"Quinta";"15:45:00";"SC";101;"88,5";"BARRA VELHA";"Ultrapassagem indevida";"Colisão lateral";"Com Vítimas Feridas";"Pleno dia";"Crescente";"Ceu Claro";"Dupla";"Reta";"Urbano";2;0;1;0;1;0;1;2
83496840;"08/09/16";"Quinta";"15:50:00";"SC";282;"3,5";"FLORIANOPOLIS";"Não guardar distância de segurança";"Colisão traseira";"Sem Vítimas";"Pleno dia";"Decrescente";"Ceu Claro";"Dupla";"Reta";"Rural";2;0;0;0;2;0;0;2
83496841;"20/08/16";"Sábado";"06:34:00";"SC";280;"11";"SAO FRANCISCO DO SUL";"Defeito na via";"Colisão traseira";"Com Vítimas Feridas";"Amanhecer";"Decrescente";"Ignorada";"Simples";"Reta";"Urbano";3;0;2;0;0;1;2;2
83496842;"08/09/16";"Quinta";"14:10:00";"PA";316;"31";"SANTA ISABEL DO PARA";"Defeito na via";"Capotamento";"Com Vítimas Feridas";"Pleno dia";"Decrescente";"Nublado";"Dupla";"Curva";"Rural";1;0;1;0;0;0;1;1
83496843;"08/09/16";"Quinta";"10:20:00";"MT";364;"349";"SANTO ANTONIO DO LEVERGER";"Defeito mecânico em veículo";"Capotamento";"Com Vítimas Feridas";"Pleno dia";"Crescente";"Ceu Claro";"Dupla";"Curva";"Rural";2;0;1;1;0;0;2;1
83496844;"28/08/16";"Domingo";"23:40:00";"RJ";101;"304";"SAO GONCALO";"Outras";"Colisão com objeto fixo";"Sem Vítimas";"Plena noite";"Crescente";"Ceu Claro";"Dupla";"Reta";"Urbano";1;0;0;0;1;0;0;1
83496845;"08/09/16";"Quinta";"12:40:00";"PR";376;"167,2";"MARINGA";"Defeito mecânico em veículo";"Saída de Pista";"Com Vítimas Fatais";"Pleno dia";"Crescente";"Sol";"Dupla";"Reta";"Rural";1;1;0;0;0;0;0;1
83496846;"04/09/16";"Domingo";"13:00:00";"RJ";116;"75";"TERESOPOLIS";"Outras";"Colisão frontal";"Com Vítimas Fatais";"Pleno dia";"Decrescente";"Ceu Claro";"Simples";"Reta";"Urbano";2;1;0;0;1;0;0;2
83496847;"01/09/16";"Quinta";"06:30:00";"RJ";40;"57";"PETROPOLIS";"Velocidade incompatível";"Colisão com objeto fixo";"Sem Vítimas";"Pleno dia";"Crescente";"Nublado";"Dupla";"Curva";"Rural";1;0;0;0;1;0;0;1
83496848;"07/09/16";"Quarta";"21:45:00";"MG";365;"600,4";"UBERLANDIA";"Dormindo";"Saída de Pista";"Com Vítimas Feridas";"Plena noite";"Decrescente";"Ceu Claro";"Simples";"Reta";"Rural";1;0;0;1;0;0;1;1
83496849;"01/09/16";"Quinta";"12:40:00";"RJ";101;"293";"ITABORAI";"Falta de atenção";"Colisão com objeto fixo";"Com Vítimas Feridas";"Pleno dia";"Decrescente";"Sol";"Dupla";"Reta";"Urbano";1;0;1;0;0;0;1;1
83496850;"04/09/16";"Domingo";"01:00:00";"RN";226;"79";"SERRA CAIADA";"Animais na Pista";"Atropelamento de animal";"Sem Vítimas";"Plena noite";"Decrescente";"Ceu Claro";"Simples";"Reta";"Rural";1;0;0;0;1;0;0;1
83496851;"01/09/16";"Quinta";"18:50:00";"RJ";101;"318";"SAO GONCALO";"Falta de atenção";"Colisão lateral";"Com Vítimas Feridas";"Pleno dia";"Decrescente";"Ceu Claro";"Dupla";"Reta";"Urbano";3;0;2;0;1;0;2;2
83496852;"08/09/16";"Quinta";"16:40:00";"SC";282;"599,6";"CUNHA PORA";"Falta de atenção";"Colisão Transversal";"Com Vítimas Feridas";"Pleno dia";"Crescente";"Sol";"Simples";"Reta";"Rural";2;0;2;0;0;0;2;2
83496853;"08/09/16";"Quinta";"17:55:00";"AP";210;"0,5";"MACAPA";"Falta de atenção";"Colisão com bicicleta";"Com Vítimas Feridas";"Anoitecer";"Decrescente";"Nublado";"Dupla";"Cruzamento";"Urbano";3;0;1;0;2;0;1;2
83496855;"05/09/16";"Segunda";"23:50:00";"GO";60;"51,6";"ABADIANIA";"Dormindo";"Colisão frontal";"Com Vítimas Fatais";"Plena noite";"Decrescente";"Ceu Claro";"Dupla";"Reta";"Rural";6;3;1;2;0;0;3;3
83496856;"07/09/16";"Quarta";"11:20:00";"BA";367;"23,7";"PORTO SEGURO";"Ingestão de álcool";"Colisão Transversal";"Sem Vítimas";"Pleno dia";"Crescente";"Ceu Claro";"Simples";"Reta";"Urbano";2;0;0;0;2;0;0;2
83496857;"06/09/16";"Terça";"06:15:00";"SP";116;"154";"SAO JOSE DOS CAMPOS";"Não guardar distância de segurança";"Colisão traseira";"Sem Vítimas";"Amanhecer";"Crescente";"Chuva";"Múltipla";"Reta";"Urbano";3;0;0;0;3;0;0;3
83496858;"08/09/16";"Quinta";"11:30:00";"PE";232;"123,6";"CARUARU";"Dormindo";"Saída de Pista";"Sem Vítimas";"Pleno dia";"Decrescente";"Ceu Claro";"Dupla";"Curva";"Rural";1;0;0;0;1;0;0;1
83496860;"08/05/16";"Domingo";"17:25:00";"RS";116;"268";"CANOAS";"Outras";"Colisão traseira";"Com Vítimas Feridas";"Pleno dia";"Crescente";"Ceu Claro";"Múltipla";"Reta";"Urbano";2;0;1;0;1;0;1;2
83496861;"08/09/16";"Quinta";"15:50:00";"MT";163;"116";"RONDONOPOLIS";"Não guardar distância de segurança";"Colisão traseira";"Com Vítimas Feridas";"Pleno dia";"Crescente";"Ceu Claro";"Dupla";"Reta";"Rural";3;0;1;0;2;0;1;3
83496862;"05/09/16";"Segunda";"02:40:00";"MG";381;"820";"CAREACU";"Falta de atenção";"Tombamento";"Com Vítimas Feridas";"Plena noite";"Crescente";"Ceu Claro";"Dupla";"Reta";"Rural";2;0;1;0;1;0;1;1
83496863;"08/09/16";"Quinta";"13:25:00";"RS";285;"437,6";"BOZANO";"Não guardar distância de segurança";"Colisão traseira";"Sem Vítimas";"Pleno dia";"Crescente";"Sol";"Simples";"Reta";"Rural";3;0;0;0;3;0;0;3
83496864;"08/09/16";"Quinta";"07:45:00";"PR";376;"170,3";"MARINGA";"Não guardar distância de segurança";"Colisão traseira";"Sem Vítimas";"Amanhecer";"Crescente";"Ceu Claro";"Dupla";"Reta";"Rural";8;0;0;0;8;0;0;7
83496865;"04/09/16";"Domingo";"17:30:00";"MG";40;"510";"RIBEIRAO DAS NEVES";"Outras";"Colisão traseira";"Sem Vítimas";"Pleno dia";"Crescente";"Sol";"Dupla";"Reta";"Rural";3;0;0;0;2;1;0;3
83496866;"08/09/16";"Quinta";"13:30:00";"PR";277;"621,8";"CEU AZUL";"Falta de atenção";"Saída de Pista";"Com Vítimas Feridas";"Pleno dia";"Crescente";"Ceu Claro";"Simples";"Reta";"Rural";4;0;4;0;0;0;4;1
83496867;"03/09/16";"Sábado";"04:20:00";"MS";163;"433,2";"CAMPO GRANDE";"Ultrapassagem indevida";"Colisão com objeto fixo";"Sem Vítimas";"Plena noite";"Crescente";"Ceu Claro";"Simples";"Reta";"Rural";4;0;0;0;4;0;0;1
83496868;"04/09/16";"Domingo";"17:00:00";"SP";381;"85";"SAO PAULO";"Outras";"Atropelamento de pessoa";"Com Vítimas Feridas";"Pleno dia";"Crescente";"Ceu Claro";"Múltipla";"Reta";"Urbano";2;0;1;0;0;1;1;1
83496869;"08/09/16";"Quinta";"19:30:00";"RS";386;"129";"SARANDI";"Falta de atenção";"Colisão Transversal";"Com Vítimas Feridas";"Plena noite";"Decrescente";"Ceu Claro";"Simples";"Reta";"Urbano";2;0;1;0;1;0;1;2
83496870;"08/09/16";"Quinta";"17:00:00";"PA";316;"178";"SANTA LUZIA DO PARA";"Não guardar distância de segurança";"Colisão traseira";"Sem Vítimas";"Pleno dia";"Decrescente";"Ceu Claro";"Simples";"Reta";"Urbano";2;0;0;0;2;0;0;2
83496871;"08/09/16";"Quinta";"15:35:00";"ES";259;"52,3";"COLATINA";"Desobediência à sinalização";"Colisão lateral";"Com Vítimas Feridas";"Pleno dia";"Decrescente";"Ignorada";"Simples";"Curva";"Urbano";3;0;1;0;1;1;1;2
83496872;"07/09/16";"Quarta";"03:30:00";"MG";153;"55";"MONTE ALEGRE DE MINAS";"Velocidade incompatível";"Saída de Pista";"Com Vítimas Feridas";"Plena noite";"Crescente";"Ceu Claro";"Dupla";"Reta";"Rural";1;0;1;0;0;0;1;1
83496874;"07/09/16";"Quarta";"18:40:00";"PR";467;"80";"CASCAVEL";"Falta de atenção";"Capotamento";"Sem Vítimas";"Anoitecer";"Decrescente";"Ceu Claro";"Dupla";"Reta";"Rural";1;0;0;0;1;0;0;1
83496875;"04/09/16";"Domingo";"17:30:00";"SP";381;"73,5";"SAO PAULO";"Dormindo";"Capotamento";"Sem Vítimas";"Pleno dia";"Decrescente";"Ceu Claro";"Múltipla";"Curva";"Urbano";1;0;0;0;1;0;0;1
83496876;"08/09/16";"Quinta";"17:33:00";"PR";376;"183,1";"SARANDI";"Falta de atenção";"Colisão com bicicleta";"Com Vítimas Feridas";"Anoitecer";"Decrescente";"Ceu Claro";"Dupla";"Reta";"Rural";3;0;1;0;2;0;1;2
83496877;"05/09/16";"Segunda";"18:10:00";"BA";324;"619";"SALVADOR";"Falta de atenção";"Colisão com objeto fixo";"Com Vítimas Feridas";"Plena noite";"Decrescente";"Ceu Claro";"Simples";"Reta";"Urbano";3;0;1;0;1;1;1;2
83496878;"08/09/16";"Quinta";"16:30:00";"PR";277;"297,1";"PRUDENTOPOLIS";"Falta de atenção";"Colisão Transversal";"Com Vítimas Feridas";"Pleno dia";"Decrescente";"Ceu Claro";"Simples";"Reta";"Rural";4;0;2;0;2;0;2;2
83496879;"08/09/16";"Quinta";"19:00:00";"RJ";101;"476";"ANGRA DOS REIS";"Falta de atenção";"Atropelamento de pessoa";"Com Vítimas Feridas";"Plena noite";"Decrescente";"Chuva";"Dupla";"Reta";"Urbano";2;0;1;1;0;0;2;1
83496881;"08/09/16";"Quinta";"18:45:00";"PR";277;"592";"CASCAVEL";"Falta de atenção";"Colisão com bicicleta";"Com Vítimas Feridas";"Anoitecer";"Crescente";"Ceu Claro";"Simples";"Reta";"Urbano";3;0;0;1;2;0;1;2
83496882;"08/09/16";"Quinta";"16:40:00";"SC";470;"259,3";"CURITIBANOS";"Não guardar distância de segurança";"Colisão traseira";"Sem Vítimas";"Pleno dia";"Decrescente";"Ceu Claro";"Simples";"Reta";"Rural";2;0;0;0;2;0;0;2
83496883;"08/09/16";"Quinta";"18:00:00";"PE";101;"64,4";"RECIFE";"Ingestão de álcool";"Atropelamento de pessoa";"Com Vítimas Fatais";"Plena noite";"Crescente";"Ceu Claro";"Dupla";"Curva";"Urbano";2;1;0;0;0;1;0;1
83496884;"08/09/16";"Quinta";"18:30:00";"RS";116;"231";"IVOTI";"Falta de atenção";"Colisão Transversal";"Com Vítimas Feridas";"Anoitecer";"Decrescente";"Ceu Claro";"Simples";"Cruzamento";"Urbano";3;0;0;1;2;0;1;2
83496885;"08/09/16";"Quinta";"11:10:00";"RJ";116;"220";"PIRAI";"Outras";"Tombamento";"Com Vítimas Feridas";"Pleno dia";"Crescente";"Nublado";"Simples";"Curva";"Urbano";1;0;0;1;0;0;1;1
83496886;"08/09/16";"Quinta";"12:40:00";"BA";101;"954";"MUCURI";"Falta de atenção";"Colisão traseira";"Com Vítimas Feridas";"Pleno dia";"Crescente";"Ceu Claro";"Simples";"Reta";"Rural";2;0;0;1;1;0;1;2
83496887;"05/09/16";"Segunda";"02:40:00";"SC";101;"318";"LAGUNA";"Velocidade incompatível";"Colisão com objeto fixo";"Sem Vítimas";"Plena noite";"Crescente";"Nublado";"Dupla";"Curva";"Urbano";1;0;0;0;1;0;0;1
83496888;"08/09/16";"Quinta";"19:10:00";"SC";163;"75,4";"SAO MIGUEL DOESTE";"Velocidade incompatível";"Saída de Pista";"Sem Vítimas";"Plena noite";"Decrescente";"Ceu Claro";"Simples";"Reta";"Rural";1;0;0;0;1;0;0;1
83496889;"08/09/16";"Quinta";"07:35:00";"SP";116;"213,5";"GUARULHOS";"Defeito na via";"Colisão lateral";"Sem Vítimas";"Pleno dia";"Crescente";"Ceu Claro";"Múltipla";"Reta";"Urbano";2;0;0;0;2;0;0;2
83496890;"08/09/16";"Quinta";"18:40:00";"PE";232;"59";"POMBOS";"Falta de atenção";"Atropelamento de pessoa";"Com Vítimas Feridas";"Plena noite";"Crescente";"Ceu Claro";"Dupla";"Reta";"Urbano";2;0;1;0;0;1;1;1
83496891;"08/09/16";"Quinta";"19:00:00";"GO";414;"437,3";"ANAPOLIS";"Outras";"Atropelamento de pessoa";"Com Vítimas Feridas";"Plena noite";"Crescente";"Ceu Claro";"Simples";"Reta";"Urbano";3;0;2;1;0;0;3;1
83496892;"08/09/16";"Quinta";"18:45:00";"RO";364;"705";"PORTO VELHO";"Defeito na via";"Queda de motocicleta / bicicleta / veículo";"Com Vítimas Feridas";"Plena noite";"Crescente";"Ceu Claro";"Dupla";"Reta";"Urbano";1;0;1;0;0;0;1;1
83496893;"08/09/16";"Quinta";"16:50:00";"SC";470;"59";"BLUMENAU";"Falta de atenção";"Colisão Transversal";"Com Vítimas Feridas";"Pleno dia";"Crescente";"Ceu Claro";"Simples";"Cruzamento";"Urbano";2;0;1;0;1;0;1;2
83496894;"04/09/16";"Domingo";"20:00:00";"MG";262;"768";"UBERABA";"Falta de atenção";"Tombamento";"Sem Vítimas";"Plena noite";"Crescente";"Ceu Claro";"Simples";"Cruzamento";"Rural";1;0;0;0;1;0;0;1
83496895;"03/09/16";"Sábado";"08:20:00";"CE";116;"49,1";"PACAJUS";"Outras";"Tombamento";"Com Vítimas Feridas";"Pleno dia";"Crescente";"Ceu Claro";"Dupla";"Curva";"Rural";3;0;1;0;2;0;1;1
83496896;"08/09/16";"Quinta";"18:00:00";"BA";418;"104";"NOVA VICOSA";"Animais na Pista";"Atropelamento de animal";"Sem Vítimas";"Anoitecer";"Decrescente";"Ceu Claro";"Simples";"Reta";"Rural";2;0;0;0;2;0;0;1
83496897;"04/09/16";"Domingo";"04:50:00";"SP";116;"58,9";"GUARATINGUETA";"Ingestão de álcool";"Colisão traseira";"Com Vítimas Feridas";"Plena noite";"Crescente";"Nublado";"Dupla";"Reta";"Urbano";4;0;2;0;2;0;2;2
83496898;"08/09/16";"Quinta";"19:40:00";"PR";369;"154,3";"LONDRINA";"Não guardar distância de segurança";"Colisão traseira";"Sem Vítimas";"Plena noite";"Crescente";"Ceu Claro";"Dupla";"Reta";"Urbano";3;0;0;0;3;0;0;3
83496899;"08/09/16";"Quinta";"20:30:00";"RJ";116;"169";"SAO JOAO DE MERITI";"Falta de atenção";"Colisão com objeto fixo";"Sem Vítimas";"Plena noite";"Decrescente";"Ceu Claro";"Múltipla";"Reta";"Urbano";1;0;0;0;1;0;0;1
83496900;"08/09/16";"Quinta";"14:25:00";"RJ";116;"168";"SAO JOAO DE MERITI";"Falta de atenção";"Colisão lateral";"Sem Vítimas";"Pleno dia";"Crescente";"Nublado";"Múltipla";"Reta";"Urbano";2;0;0;0;2;0;0;2
83496901;"08/09/16";"Quinta";"18:00:00";"PE";101;"99";"CABO DE SANTO AGOSTINHO";"Falta de atenção";"Colisão traseira";"Sem Vítimas";"Plena noite";"Crescente";"Ceu Claro";"Dupla";"Reta";"Urbano";2;0;0;0;2;0;0;2
83496902;"08/09/16";"Quinta";"17:00:00";"SC";470;"258,4";"CURITIBANOS";"Falta de atenção";"Colisão traseira";"Com Vítimas Feridas";"Pleno dia";"Decrescente";"Ceu Claro";"Simples";"Reta";"Rural";3;0;1;0;2;0;1;3
83496903;"08/09/16";"Quinta";"18:40:00";"MT";163;"685";"LUCAS DO RIO VERDE";"Falta de atenção";"Colisão Transversal";"Com Vítimas Feridas";"Anoitecer";"Crescente";"Ceu Claro";"Dupla";"Reta";"Rural";3;0;0;2;1;0;2;2
83496904;"08/09/16";"Quinta";"19:55:00";"SC";280;"80,2";"CORUPA";"Falta de atenção";"Queda de motocicleta / bicicleta / veículo";"Com Vítimas Feridas";"Anoitecer";"Crescente";"Ceu Claro";"Simples";"Reta";"Urbano";2;0;1;0;1;0;1;2
83496905;"08/09/16";"Quinta";"14:45:00";"PE";232;"114";"BEZERROS";"Outras";"Capotamento";"Ignorado";"Pleno dia";"Crescente";"Ceu Claro";"Dupla";"Curva";"Rural";1;0;0;0;0;1;0;1
83496906;"08/09/16";"Quinta";"19:00:00";"MG";40;"18";"PARACATU";"Outras";"Saída de Pista";"Sem Vítimas";"Plena noite";"Crescente";"Ceu Claro";"Simples";"Reta";"Rural";2;0;0;0;2;0;0;1
83496907;"08/09/16";"Quinta";"22:25:00";"RS";386;"435,7";"NOVA SANTA RITA";"Falta de atenção";"Saída de Pista";"Sem Vítimas";"Plena noite";"Decrescente";"Ceu Claro";"Dupla";"Curva";"Urbano";1;0;0;0;1;0;0;1
83496908;"08/09/16";"Quinta";"18:58:00";"GO";60;"4,8";"APARECIDA DE GOIANIA";"Falta de atenção";"Colisão lateral";"Com Vítimas Feridas";"Plena noite";"Crescente";"Ceu Claro";"Dupla";"Reta";"Urbano";3;0;1;1;1;0;2;2
83496909;"08/09/16";"Quinta";"15:10:00";"PB";230;"11,5";"CABEDELO";"Não guardar distância de segurança";"Colisão traseira";"Com Vítimas Feridas";"Pleno dia";"Decrescente";"Sol";"Dupla";"Reta";"Urbano";3;0;2;0;1;0;2;3
83496910;"08/09/16";"Quinta";"16:45:00";"ES";101;"380";"ICONHA";"Não guardar distância de segurança";"Colisão traseira";"Com Vítimas Feridas";"Pleno dia";"Crescente";"Nublado";"Simples";"Reta";"Rural";2;0;1;0;1;0;1;2
83496911;"08/09/16";"Quinta";"21:40:00";"MG";116;"602,4";"SAO JOAO DO MANHUACU";"Velocidade incompatível";"Tombamento";"Com Vítimas Feridas";"Plena noite";"Decrescente";"Ceu Claro";"Simples";"Curva";"Rural";1;0;1;0;0;0;1;1
83496912;"08/09/16";"Quinta";"17:57:00";"RJ";101;"322";"NITEROI";"Outras";"Queda de motocicleta / bicicleta / veículo";"Com Vítimas Feridas";"Plena noite";"Decrescente";"Nublado";"Dupla";"Reta";"Urbano";1;0;1;0;0;0;1;1
83496913;"08/09/16";"Quinta";"19:00:00";"RJ";40;"100";"DUQUE DE CAXIAS";"Outras";"Atropelamento de pessoa";"Com Vítimas Feridas";"Plena noite";"Crescente";"Ceu Claro";"Simples";"Reta";"Rural";2;0;1;0;1;0;1;1
83496914;"08/09/16";"Quinta";"15:55:00";"PB";405;"0";"UIRAUNA";"Defeito mecânico em veículo";"Capotamento";"Com Vítimas Feridas";"Pleno dia";"Decrescente";"Ceu Claro";"Simples";"Curva";"Rural";1;0;1;0;0;0;1;1
83496915;"29/08/16";"Segunda";"14:15:00";"SC";101;"358,7";"SANGAO";"Falta de atenção";"Colisão Transversal";"Com Vítimas Feridas";"Pleno dia";"Decrescente";"Ceu Claro";"Simples";"Cruzamento";"Rural";2;0;1;0;1;0;1;2
83496916;"08/09/16";"Quinta";"20:22:00";"MS";163;"480";"CAMPO GRANDE";"Outras";"Atropelamento de pessoa";"Com Vítimas Feridas";"Plena noite";"Decrescente";"Ceu Claro";"Simples";"Reta";"Urbano";2;0;1;1;0;0;2;1
83496917;"08/09/16";"Quinta";"18:30:00";"SC";480;"123,5";"CHAPECO";"Falta de atenção";"Colisão lateral";"Sem Vítimas";"Pleno dia";"Decrescente";"Sol";"Dupla";"Cruzamento";"Urbano";2;0;0;0;2;0;0;2
83496918;"07/09/16";"Quarta";"23:40:00";"RO";364;"603";"CANDEIAS DO JAMARI";"Não guardar distância de segurança";"Colisão traseira";"Sem Vítimas";"Plena noite";"Crescente";"Ceu Claro";"Dupla";"Reta";"Urbano";2;0;0;0;2;0;0;2
83496919;"08/09/16";"Quinta";"22:00:00";"RS";386;"353,7";"ESTRELA";"Defeito mecânico em veículo";"Saída de Pista";"Sem Vítimas";"Plena noite";"Decrescente";"Ceu Claro";"Simples";"Reta";"Urbano";1;0;0;0;1;0;0;1
83496920;"08/09/16";"Quinta";"20:40:00";"GO";153;"313";"RIALMA";"Outras";"Colisão com objeto fixo";"Com Vítimas Feridas";"Plena noite";"Decrescente";"Ceu Claro";"Simples";"Reta";"Rural";1;0;0;1;0;0;1;1
83496921;"08/09/16";"Quinta";"20:45:00";"RS";101;"79";"OSORIO";"Falta de atenção";"Saída de Pista";"Com Vítimas Feridas";"Plena noite";"Crescente";"Ceu Claro";"Dupla";"Reta";"Urbano";2;0;1;0;1;0;1;1