"id";"data_inversa";"dia_semana";"horario";"uf";"br";"km";"municipio";"causa_acidente";"tipo_acidente";"classificacao_acidente";"fase_dia";"sentido_via";"condicao_metereologica";"tipo_pista";"tracado_via";"uso_solo";"pessoas";"mortos";"feridos_leves";"feridos_graves";"ilesos";"ignorados";"feridos";"veiculos"
83496922;"08/09/16";"Quinta";"18:55:00";"SC";282;"560,3";"NOVA ITABERABA";"Falta de atenção";"Colisão lateral";"Sem Vítimas";"Anoitecer";"Crescente";"Ceu Claro";"Simples";"Reta";"Rural";3;0;0;0;3;0;0;3
83496923;"08/09/16";"Quinta";"12:10:00";"RS";287;"248,4";"SANTA MARIA";"Falta de atenção";"Colisão Transversal";"Com Vítimas Feridas";"Pleno dia";"Decrescente";"Sol";"Simples";"Cruzamento";"Urbano";2;0;1;0;1;0;1;2
83496924;"08/09/16";"Quinta";"21:55:00";"SP";116;"426,2";"JUQUIA";"Falta de atenção";"Colisão traseira";"Sem Vítimas";"Plena noite";"Crescente";"Nublado";"Dupla";"Curva";"Rural";2;0;0;0;2;0;0;2
83496925;"08/09/16";"Quinta";"19:30:00";"RS";116;"267";"CANOAS";"Ingestão de álcool";"Colisão traseira";"Com Vítimas Feridas";"Plena noite";"Decrescente";"Nublado";"Múltipla";"Reta";"Urbano";2;0;1;0;1;0;1;2
83496926;"08/09/16";"Quinta";"06:45:00";"SP";116;"221,7";"GUARULHOS";"Falta de atenção";"Colisão lateral";"Com Vítimas Feridas";"Amanhecer";"Crescente";"Ceu Claro";"Múltipla";"Reta";"Urbano";2;0;1;0;1;0;1;2
83496927;"08/09/16";"Quinta";"23:00:00";"PE";232;"407";"SERRA TALHADA";"Ingestão de álcool";"Colisão Transversal";"Com Vítimas Feridas";"Plena noite";"Decrescente";"Ceu Claro";"Simples";"Reta";"Rural";2;0;1;0;1;0;1;2
83496928;"08/09/16";"Quinta";"23:05:00";"CE";116;"68,2";"CHOROZINHO";"Animais na Pista";"Atropelamento de animal";"Sem Vítimas";"Plena noite";"Decrescente";"Ceu Claro";"Simples";"Reta";"Rural";1;0;0;0;1;0;0;1
83496929;"08/09/16";"Quinta";"06:50:00";"SE";235;"4,5";"NOSSA SENHORA DO SOCORRO";"Não guardar distância de segurança";"Colisão traseira";"Com Vítimas Feridas";"Pleno dia";"Decrescente";"Ceu Claro";"Dupla";"Reta";"Rural";3;0;1;1;1;0;2;2
83496930;"08/09/16";"Quinta";"18:35:00";"PR";163;"129,4";"REALEZA";"Falta de atenção";"Atropelamento de pessoa";"Com Vítimas Feridas";"Pleno dia";"Decrescente";"Sol";"Simples";"Reta";"Rural";3;0;0;1;2;0;1;1
83496931;"08/09/16";"Quinta";"22:48:00";"RN";406;"155,9";"CEARA-MIRIM";"Ultrapassagem indevida";"Colisão frontal";"Com Vítimas Feridas";"Plena noite";"Decrescente";"Ceu Claro";"Simples";"Reta";"Rural";2;0;1;0;1;0;1;2
83496932;"08/09/16";"Quinta";"19:20:00";"SP";116;"117,6";"TAUBATE";"Defeito mecânico em veículo";"Colisão traseira";"Sem Vítimas";"Anoitecer";"Decrescente";"Nublado";"Dupla";"Reta";"Rural";3;0;0;0;3;0;0;3
83496933;"08/09/16";"Quinta";"15:40:00";"SP";116;"463,8";"PARIQUERA-ACU";"Outras";"Queda de motocicleta / bicicleta / veículo";"Com Vítimas Feridas";"Pleno dia";"Decrescente";"Sol";"Dupla";"Reta";"Rural";2;0;2;0;0;0;2;1
83496934;"08/09/16";"Quinta";"20:00:00";"SC";101;"89";"BARRA VELHA";"Outras";"Colisão traseira";"Com Vítimas Feridas";"Plena noite";"Decrescente";"Ceu Claro";"Simples";"Reta";"Urbano";3;0;2;0;1;0;2;2
83496935;"08/09/16";"Quinta";"18:40:00";"RS";392;"12";"RIO GRANDE";"Desobediência à sinalização";"Colisão com bicicleta";"Com Vítimas Fatais";"Plena noite";"Decrescente";"Ceu Claro";"Dupla";"Reta";"Urbano";2;1;0;0;1;0;0;2
83496936;"08/09/16";"Quinta";"21:30:00";"PB";101;"89";"JOAO PESSOA";"Ingestão de álcool";"Atropelamento de pessoa";"Com Vítimas Feridas";"Plena noite";"Decrescente";"Ceu Claro";"Dupla";"Reta";"Urbano";2;0;1;1;0;0;2;1
83496937;"08/09/16";"Quinta";"18:00:00";"ES";101;"293";"CARIACICA";"Outras";"Colisão com objeto fixo";"Sem Vítimas";"Plena noite";"Decrescente";"Ceu Claro";"Múltipla";"Cruzamento";"Urbano";1;0;0;0;1;0;0;1
83496938;"08/09/16";"Quinta";"23:00:00";"RN";101;"96,3";"NATAL";"Falta de atenção";"Atropelamento de pessoa";"Com Vítimas Fatais";"Plena noite";"Decrescente";"Ceu Claro";"Dupla";"Reta";"Urbano";2;1;0;0;0;1;0;1
83496939;"08/09/16";"Quinta";"15:30:00";"MG";50;"69";"UBERLANDIA";"Falta de atenção";"Colisão lateral";"Sem Vítimas";"Pleno dia";"Crescente";"Ceu Claro";"Simples";"Cruzamento";"Urbano";2;0;0;0;2;0;0;2
83496942;"04/09/16";"Domingo";"11:30:00";"RN";304;"281";"MACAIBA";"Falta de atenção";"Capotamento";"Sem Vítimas";"Pleno dia";"Crescente";"Ceu Claro";"Simples";"Curva";"Rural";1;0;0;0;1;0;0;1
83496943;"09/09/16";"Sexta";"00:20:00";"SC";101;"126,5";"ITAJAI";"Velocidade incompatível";"Colisão lateral";"Com Vítimas Feridas";"Plena noite";"Crescente";"Ceu Claro";"Dupla";"Reta";"Rural";4;0;3;0;1;0;3;3
83496944;"05/09/16";"Segunda";"04:00:00";"SC";101;"98,5";"PICARRAS";"Animais na Pista";"Atropelamento de animal";"Sem Vítimas";"Plena noite";"Decrescente";"Nublado";"Dupla";"Reta";"Rural";1;0;0;0;1;0;0;1
83496945;"26/08/16";"Sexta";"08:20:00";"PR";376;"495";"PONTA GROSSA";"Outras";"Queda de motocicleta / bicicleta / veículo";"Com Vítimas Feridas";"Pleno dia";"Decrescente";"Ceu Claro";"Dupla";"Curva";"Urbano";1;0;0;1;0;0;1;1
83496946;"08/09/16";"Quinta";"21:40:00";"PI";407;"480";"JAICOS";"Falta de atenção";"Colisão traseira";"Com Vítimas Fatais";"Plena noite";"Decrescente";"Ceu Claro";"Simples";"Reta";"Rural";2;1;0;0;0;1;0;2
83496948;"08/09/16";"Quinta";"04:45:00";"SC";101;"91,5";"BARRA VELHA";"Defeito mecânico em veículo";"Queda de motocicleta / bicicleta / veículo";"Com Vítimas Feridas";"Plena noite";"Decrescente";"Nublado";"Dupla";"Reta";"Rural";2;0;2;0;0;0;2;1
83496949;"09/09/16";"Sexta";"02:30:00";"SC";101;"120";"ITAJAI";"Ingestão de álcool";"Saída de Pista";"Com Vítimas Feridas";"Pleno dia";"Crescente";"Ceu Claro";"Dupla";"Reta";"Urbano";1;0;1;0;0;0;1;1
83496950;"08/09/16";"Quinta";"21:00:00";"PR";277;"31,5";"MORRETES";"Outras";"Tombamento";"Com Vítimas Feridas";"Plena noite";"Decrescente";"Ceu Claro";"Dupla";"Curva";"Rural";1;0;0;1;0;0;1;1
83496951;"08/09/16";"Quinta";"21:10:00";"PR";277;"31,5";"MORRETES";"Outras";"Saída de Pista";"Sem Vítimas";"Plena noite";"Crescente";"Nublado";"Dupla";"Curva";"Rural";1;0;0;0;1;0;0;1
83496952;"08/09/16";"Quinta";"21:12:00";"PR";277;"31,5";"MORRETES";"Outras";"Colisão com objeto móvel";"Sem Vítimas";"Plena noite";"Crescente";"Nublado";"Dupla";"Curva";"Rural";1;0;0;0;1;0;0;1
83496953;"08/09/16";"Quinta";"21:13:00";"PR";277;"32";"MORRETES";"Outras";"Colisão com objeto móvel";"Sem Vítimas";"Plena noite";"Crescente";"Nublado";"Dupla";"Curva";"Rural";1;0;0;0;1;0;0;1
83496954;"08/09/16";"Quinta";"14:30:00";"PR";116;"12,5";"COLOMBO";"Falta de atenção";"Colisão lateral";"Sem Vítimas";"Pleno dia";"Decrescente";"Ceu Claro";"Dupla";"Reta";"Rural";2;0;0;0;2;0;0;2
83496955;"09/09/16";"Sexta";"03:20:00";"SE";101;"109,7";"SAO CRISTOVAO";"Animais na Pista";"Colisão com objeto fixo";"Sem Vítimas";"Plena noite";"Crescente";"Nublado";"Dupla";"Reta";"Rural";1;0;0;0;1;0;0;1
83496956;"08/09/16";"Quinta";"06:30:00";"AC";364;"125";"RIO BRANCO";"Desobediência à sinalização";"Colisão Transversal";"Com Vítimas Feridas";"Pleno dia";"Crescente";"Ceu Claro";"Dupla";"Reta";"Urbano";2;0;2;0;0;0;2;2
83496957;"08/09/16";"Quinta";"18:20:00";"ES";101;"293";"CARIACICA";"Outras";"Queda de motocicleta / bicicleta / veículo";"Com Vítimas Feridas";"Plena noite";"Decrescente";"Ceu Claro";"Múltipla";"Cruzamento";"Urbano";2;0;1;0;1;0;1;1
83496958;"27/08/16";"Sábado";"21:50:00";"PB";230;"62";"CRUZ DO ESPIRITO SANTO";"Falta de atenção";"Saída de Pista";"Com Vítimas Feridas";"Plena noite";"Crescente";"Ceu Claro";"Dupla";"Reta";"Urbano";1;0;1;0;0;0;1;1
83496959;"09/09/16";"Sexta";"04:07:00";"AL";104;"36,6";"UNIAO DOS PALMARES";"Animais na Pista";"Atropelamento de animal";"Sem Vítimas";"Plena noite";"Decrescente";"Ceu Claro";"Simples";"Reta";"Urbano";1;0;0;0;1;0;0;1
83496960;"08/09/16";"Quinta";"07:50:00";"ES";393;"0,5";"CACHOEIRO DE ITAPEMIRIM";"Falta de atenção";"Colisão traseira";"Com Vítimas Feridas";"Pleno dia";"Crescente";"Ceu Claro";"Simples";"Reta";"Urbano";2;0;1;0;0;1;1;2
83496961;"08/09/16";"Quinta";"16:30:00";"TO";153;"111";"WANDERLANDIA";"Falta de atenção";"Saída de Pista";"Sem Vítimas";"Pleno dia";"Crescente";"Chuva";"Simples";"Reta";"Rural";1;0;0;0;1;0;0;1
83496962;"08/09/16";"Quinta";"19:40:00";"MS";158;"335,9";"BRASILANDIA";"Não guardar distância de segurança";"Colisão traseira";"Sem Vítimas";"Plena noite";"Crescente";"Nublado";"Simples";"Reta";"Rural";2;0;0;0;2;0;0;2
83496963;"08/09/16";"Quinta";"12:00:00";"TO";153;"484,7";"PARAISO DO TOCANTINS";"Outras";"Colisão traseira";"Sem Vítimas";"Pleno dia";"Crescente";"Sol";"Simples";"Reta";"Rural";2;0;0;0;2;0;0;2
83496964;"09/09/16";"Sexta";"01:20:00";"GO";60;"10";"SANTO ANTONIO DO DESCOBERTO";"Outras";"Capotamento";"Com Vítimas Feridas";"Plena noite";"Decrescente";"Ceu Claro";"Dupla";"Curva";"Rural";1;0;1;0;0;0;1;1
83496965;"08/09/16";"Quinta";"19:40:00";"ES";101;"270";"SERRA";"Outras";"Atropelamento de pessoa";"Com Vítimas Feridas";"Plena noite";"Decrescente";"Ceu Claro";"Simples";"Reta";"Urbano";2;0;1;0;1;0;1;1
83496966;"31/08/16";"Quarta";"17:50:00";"MG";381;"810,3";"CAREACU";"Outras";"Saída de Pista";"Sem Vítimas";"Anoitecer";"Decrescente";"Chuva";"Dupla";"Reta";"Rural";1;0;0;0;1;0;0;1
83496967;"09/09/16";"Sexta";"03:50:00";"MG";381;"665,9";"PERDOES";"Falta de atenção";"Atropelamento de pessoa";"Com Vítimas Feridas";"Plena noite";"Decrescente";"Ignorada";"Dupla";"Curva";"Rural";2;0;1;0;0;1;1;1
83496968;"08/09/16";"Quinta";"23:40:00";"SC";101;"156,4";"PORTO BELO";"Falta de atenção";"Colisão traseira";"Com Vítimas Feridas";"Plena noite";"Decrescente";"Ceu Claro";"Dupla";"Reta";"Urbano";2;0;1;0;1;0;1;2
83496969;"08/09/16";"Quinta";"20:15:00";"MG";262;"531";"LUZ";"Ultrapassagem indevida";"Colisão frontal";"Com Vítimas Fatais";"Plena noite";"Decrescente";"Nublado";"Simples";"Reta";"Rural";2;1;1;0;0;0;1;2
83496970;"08/09/16";"Quinta";"18:05:00";"RS";472;"577";"URUGUAIANA";"Falta de atenção";"Colisão Transversal";"Com Vítimas Feridas";"Pleno dia";"Decrescente";"Vento";"Simples";"Reta";"Urbano";2;0;2;0;0;0;2;2
83496971;"08/09/16";"Quinta";"20:30:00";"PA";10;"122";"PARAGOMINAS";"Outras";"Queda de motocicleta / bicicleta / veículo";"Com Vítimas Fatais";"Plena noite";"Decrescente";"Ceu Claro";"Simples";"Reta";"Rural";1;1;0;0;0;0;0;1
83496972;"09/09/16";"Sexta";"04:40:00";"SP";116;"388,8";"MIRACATU";"Velocidade incompatível";"Colisão traseira";"Sem Vítimas";"Plena noite";"Decrescente";"Nevoeiro/neblina";"Dupla";"Reta";"Rural";2;0;0;0;2;0;0;2
83496973;"09/09/16";"Sexta";"06:00:00";"BA";101;"707";"EUNAPOLIS";"Defeito mecânico em veículo";"Colisão com objeto móvel";"Sem Vítimas";"Amanhecer";"Decrescente";"Nublado";"Simples";"Reta";"Rural";2;0;0;0;2;0;0;2
83496974;"04/09/16";"Domingo";"10:56:00";"SP";116;"513";"CAJATI";"Falta de atenção";"Tombamento";"Sem Vítimas";"Pleno dia";"Decrescente";"Chuva";"Simples";"Reta";"Rural";1;0;0;0;1;0;0;1
83496975;"09/09/16";"Sexta";"02:40:00";"PR";277;"518,3";"GUARANIACU";"Velocidade incompatível";"Colisão traseira";"Com Vítimas Feridas";"Plena noite";"Decrescente";"Ceu Claro";"Simples";"Cruzamento";"Urbano";2;0;1;0;1;0;1;2
83496976;"08/09/16";"Quinta";"19:10:00";"SC";282;"503,2";"XANXERE";"Falta de atenção";"Colisão com bicicleta";"Com Vítimas Feridas";"Anoitecer";"Crescente";"Ceu Claro";"Simples";"Reta";"Urbano";2;0;1;0;1;0;1;2
83496977;"07/09/16";"Quarta";"06:00:00";"SE";101;"155,5";"ESTANCIA";"Velocidade incompatível";"Colisão com objeto fixo";"Sem Vítimas";"Pleno dia";"Crescente";"Chuva";"Simples";"Curva";"Rural";1;0;0;0;1;0;0;1
83496978;"05/09/16";"Segunda";"19:00:00";"PB";230;"21,6";"JOAO PESSOA";"Falta de atenção";"Colisão lateral";"Com Vítimas Feridas";"Plena noite";"Decrescente";"Ceu Claro";"Dupla";"Reta";"Urbano";2;0;0;1;0;1;1;2
83496979;"07/09/16";"Quarta";"16:30:00";"GO";153;"170,8";"CAMPINORTE";"Outras";"Saída de Pista";"Com Vítimas Fatais";"Pleno dia";"Decrescente";"Ceu Claro";"Simples";"Reta";"Rural";1;1;0;0;0;0;0;1
83496980;"09/09/16";"Sexta";"06:30:00";"BA";415;"30";"ILHEUS";"Velocidade incompatível";"Saída de Pista";"Com Vítimas Feridas";"Pleno dia";"Crescente";"Sol";"Simples";"Reta";"Rural";1;0;1;0;0;0;1;1
83496981;"04/07/16";"Segunda";"04:00:00";"BA";324;"585";"CANDEIAS";"Defeito mecânico em veículo";"Capotamento";"Sem Vítimas";"Plena noite";"Crescente";"Nevoeiro/neblina";"Dupla";"Reta";"Rural";1;0;0;0;1;0;0;1
83496982;"07/09/16";"Quarta";"06:10:00";"SC";101;"203";"SAO JOSE";"Ingestão de álcool";"Colisão com objeto fixo";"Sem Vítimas";"Amanhecer";"Decrescente";"Ceu Claro";"Dupla";"Reta";"Urbano";1;0;0;0;1;0;0;1
83496983;"09/09/16";"Sexta";"07:25:00";"RS";285;"292,5";"PASSO FUNDO";"Falta de atenção";"Colisão Transversal";"Com Vítimas Feridas";"Pleno dia";"Crescente";"Sol";"Dupla";"Reta";"Urbano";3;0;2;0;1;0;2;2
83496984;"28/08/16";"Domingo";"19:30:00";"SC";282;"5";"SAO JOSE";"Falta de atenção";"Tombamento";"Com Vítimas Feridas";"Plena noite";"Crescente";"Ceu Claro";"Dupla";"Reta";"Urbano";2;0;1;0;1;0;1;2
83496985;"05/09/16";"Segunda";"07:50:00";"MA";10;"250,7";"IMPERATRIZ";"Falta de atenção";"Colisão Transversal";"Com Vítimas Feridas";"Pleno dia";"Decrescente";"Ceu Claro";"Simples";"Cruzamento";"Urbano";2;0;1;0;0;1;1;2
83496986;"31/08/16";"Quarta";"20:20:00";"PB";104;"132";"CAMPINA GRANDE";"Animais na Pista";"Atropelamento de animal";"Com Vítimas Feridas";"Plena noite";"Crescente";"Ceu Claro";"Simples";"Reta";"Rural";2;0;1;1;0;0;2;1
83496988;"09/09/16";"Sexta";"00:01:00";"RJ";40;"113";"DUQUE DE CAXIAS";"Outras";"Colisão com objeto fixo";"Sem Vítimas";"Plena noite";"Crescente";"Nublado";"Dupla";"Curva";"Urbano";1;0;0;0;1;0;0;1
83496989;"23/08/16";"Terça";"13:20:00";"RS";470;"215";"BENTO GONCALVES";"Desobediência à sinalização";"Colisão Transversal";"Com Vítimas Feridas";"Pleno dia";"Decrescente";"Ceu Claro";"Simples";"Reta";"Urbano";2;0;1;0;1;0;1;2
83496990;"09/09/16";"Sexta";"06:10:00";"BA";324;"606";"SIMOES FILHO";"Não guardar distância de segurança";"Colisão traseira";"Sem Vítimas";"Pleno dia";"Crescente";"Nublado";"Dupla";"Reta";"Rural";2;0;0;0;2;0;0;2
83496991;"09/09/16";"Sexta";"06:15:00";"MG";381;"541";"ITATIAIUCU";"Não guardar distância de segurança";"Tombamento";"Com Vítimas Feridas";"Pleno dia";"Decrescente";"Sol";"Dupla";"Curva";"Urbano";1;0;1;0;0;0;1;1
83496992;"09/09/16";"Sexta";"04:30:00";"RJ";116;"178";"NOVA IGUACU";"Ingestão de álcool";"Colisão lateral";"Sem Vítimas";"Plena noite";"Decrescente";"Nublado";"Múltipla";"Reta";"Urbano";2;0;0;0;2;0;0;2
83496993;"08/09/16";"Quinta";"17:30:00";"MS";163;"217";"CAARAPO";"Falta de atenção";"Colisão com objeto fixo";"Sem Vítimas";"Anoitecer";"Decrescente";"Ceu Claro";"Simples";"Reta";"Rural";1;0;0;0;1;0;0;1
83496994;"05/09/16";"Segunda";"17:30:00";"DF";20;"18";"BRASILIA";"Falta de atenção";"Atropelamento de pessoa";"Com Vítimas Feridas";"Anoitecer";"Crescente";"Ceu Claro";"Dupla";"Reta";"Rural";2;0;0;1;1;0;1;1
83496995;"07/09/16";"Quarta";"21:20:00";"SC";280;"232,6";"CANOINHAS";"Outras";"Capotamento";"Com Vítimas Feridas";"Anoitecer";"Decrescente";"Ceu Claro";"Simples";"Curva";"Urbano";2;0;0;2;0;0;2;1
83496997;"09/09/16";"Sexta";"08:00:00";"SC";101;"208,1";"SAO JOSE";"Falta de atenção";"Colisão lateral";"Com Vítimas Feridas";"Pleno dia";"Decrescente";"Sol";"Múltipla";"Reta";"Urbano";2;0;1;0;1;0;1;2
83496998;"09/09/16";"Sexta";"05:00:00";"MA";222;"317";"VITORIA DO MEARIM";"Outras";"Tombamento";"Com Vítimas Feridas";"Anoitecer";"Decrescente";"Ceu Claro";"Simples";"Curva";"Rural";1;0;1;0;0;0;1;1
83496999;"09/09/16";"Sexta";"06:50:00";"SC";101;"207,7";"SAO JOSE";"Ingestão de álcool";"Colisão lateral";"Sem Vítimas";"Pleno dia";"Crescente";"Ceu Claro";"Dupla";"Reta";"Urbano";3;0;0;0;3;0;0;3
83497001;"06/09/16";"Terça";"18:30:00";"GO";414;"375,5";"COCALZINHO DE GOIAS";"Outras";"Atropelamento de animal";"Com Vítimas Feridas";"Anoitecer";"Crescente";"Ceu Claro";"Simples";"Reta";"Rural";1;0;1;0;0;0;1;1
83497002;"07/09/16";"Quarta";"19:30:00";"PA";230;"109,8";"MARABA";"Falta de atenção";"Colisão Transversal";"Com Vítimas Feridas";"Plena noite";"Decrescente";"Ceu Claro";"Simples";"Reta";"Urbano";2;0;0;1;1;0;1;2
83497003;"07/09/16";"Quarta";"17:00:00";"MG";50;"172";"UBERABA";"Velocidade incompatível";"Colisão com objeto fixo";"Sem Vítimas";"Pleno dia";"Crescente";"Ceu Claro";"Dupla";"Reta";"Urbano";1;0;0;0;1;0;0;1
83497004;"24/08/16";"Quarta";"22:00:00";"PR";376;"351";"ORTIGUEIRA";"Outras";"Atropelamento de pessoa";"Com Vítimas Fatais";"Plena noite";"Crescente";"Ceu Claro";"Simples";"Reta";"Rural";2;1;0;0;1;0;0;1
83497005;"02/09/16";"Sexta";"03:40:00";"DF";70;"9,5";"BRASILIA";"Ingestão de álcool";"Atropelamento de pessoa";"Com Vítimas Fatais";"Plena noite";"Crescente";"Ceu Claro";"Dupla";"Reta";"Urbano";3;2;1;0;0;0;1;1
83497006;"07/09/16";"Quarta";"16:30:00";"SP";116;"293,8";"ITAPECERICA DA SERRA";"Falta de atenção";"Queda de motocicleta / bicicleta / veículo";"Com Vítimas Feridas";"Pleno dia";"Decrescente";"Ceu Claro";"Dupla";"Reta";"Rural";1;0;1;0;0;0;1;1
83497007;"09/09/16";"Sexta";"07:20:00";"PA";316;"13";"MARITUBA";"Falta de atenção";"Colisão traseira";"Sem Vítimas";"Pleno dia";"Decrescente";"Ceu Claro";"Dupla";"Reta";"Urbano";3;0;0;0;3;0;0;3
83497008;"07/09/16";"Quarta";"05:30:00";"SP";116;"317";"JUQUITIBA";"Dormindo";"Colisão com objeto fixo";"Sem Vítimas";"Amanhecer";"Crescente";"Nublado";"Dupla";"Reta";"Urbano";1;0;0;0;1;0;0;1
83497009;"03/09/16";"Sábado";"21:40:00";"TO";153;"337";"GUARAI";"Ultrapassagem indevida";"Capotamento";"Sem Vítimas";"Plena noite";"Crescente";"Ceu Claro";"Simples";"Reta";"Rural";1;0;0;0;1;0;0;1
83497010;"09/09/16";"Sexta";"07:40:00";"SC";470;"128,5";"LONTRAS";"Falta de atenção";"Colisão Transversal";"Com Vítimas Feridas";"Pleno dia";"Decrescente";"Ceu Claro";"Simples";"Reta";"Urbano";2;0;1;0;1;0;1;2
83497011;"05/09/16";"Segunda";"20:20:00";"RN";304;"119,1";"ITAJA";"Desobediência à sinalização";"Colisão Transversal";"Com Vítimas Fatais";"Plena noite";"Decrescente";"Ceu Claro";"Simples";"Reta";"Rural";2;1;0;0;1;0;0;2
83497012;"09/09/16";"Sexta";"08:40:00";"SP";116;"561,7";"BARRA DO TURVO";"Falta de atenção";"Derramamento de Carga";"Sem Vítimas";"Pleno dia";"Crescente";"Nublado";"Dupla";"Curva";"Rural";1;0;0;0;1;0;0;1
83497013;"16/08/16";"Terça";"06:27:00";"RJ";101;"306";"SAO GONCALO";"Falta de atenção";"Colisão traseira";"Com Vítimas Feridas";"Pleno dia";"Decrescente";"Sol";"Dupla";"Reta";"Urbano";2;0;1;0;1;0;1;2
83497014;"05/09/16";"Segunda";"20:30:00";"SC";101;"207,4";"SAO JOSE";"Falta de atenção";"Atropelamento de pessoa";"Com Vítimas Feridas";"Plena noite";"Crescente";"Ceu Claro";"Dupla";"Reta";"Urbano";2;0;0;1;1;0;1;1
83497015;"09/09/16";"Sexta";"09:25:00";"PE";423;"20,5";"SAO CAITANO";"Defeito mecânico em veículo";"Queda de motocicleta / bicicleta / veículo";"Com Vítimas Feridas";"Pleno dia";"Decrescente";"Sol";"Simples";"Reta";"Rural";2;0;2;0;0;0;2;1
83497016;"08/09/16";"Quinta";"20:03:00";"MT";163;"831";"SINOP";"Outras";"Colisão traseira";"Com Vítimas Feridas";"Plena noite";"Crescente";"Ceu Claro";"Simples";"Reta";"Urbano";2;0;1;0;1;0;1;2
83497017;"08/09/16";"Quinta";"20:01:00";"MT";163;"831";"SINOP";"Falta de atenção";"Queda de motocicleta / bicicleta / veículo";"Com Vítimas Feridas";"Plena noite";"Crescente";"Ceu Claro";"Dupla";"Reta";"Urbano";1;0;1;0;0;0;1;1
83497018;"09/09/16";"Sexta";"08:00:00";"PR";116;"121";"FAZENDA RIO GRANDE";"Outras";"Queda de motocicleta / bicicleta / veículo";"Com Vítimas Feridas";"Pleno dia";"Crescente";"Nublado";"Dupla";"Reta";"Urbano";2;0;1;0;1;0;1;1
83497019;"09/09/16";"Sexta";"05:00:00";"RS";285;"533,1";"SAO LUIZ GONZAGA";"Falta de atenção";"Atropelamento de pessoa";"Com Vítimas Fatais";"Plena noite";"Decrescente";"Ceu Claro";"Simples";"Reta";"Rural";2;1;0;0;1;0;0;1
83497020;"09/09/16";"Sexta";"07:50:00";"PR";476;"141";"CURITIBA";"Falta de atenção";"Colisão traseira";"Com Vítimas Feridas";"Pleno dia";"Decrescente";"Nublado";"Dupla";"Reta";"Urbano";4;0;0;1;3;0;1;3
83497021;"30/05/16";"Segunda";"16:40:00";"RJ";40;"118";"DUQUE DE CAXIAS";"Outras";"Colisão Transversal";"Com Vítimas Feridas";"Pleno dia";"Decrescente";"Ceu Claro";"Múltipla";"Reta";"Urbano";2;0;1;0;1;0;1;2
83497022;"09/09/16";"Sexta";"08:30:00";"SC";101;"180";"BIGUACU";"Falta de atenção";"Colisão traseira";"Com Vítimas Fatais";"Pleno dia";"Decrescente";"Ceu Claro";"Dupla";"Reta";"Urbano";2;1;0;0;1;0;0;2
83497023;"09/09/16";"Sexta";"09:30:00";"GO";153;"620";"MORRINHOS";"Falta de atenção";"Colisão traseira";"Sem Vítimas";"Pleno dia";"Decrescente";"Ceu Claro";"Simples";"Reta";"Rural";2;0;0;0;2;0;0;2
83497024;"09/09/16";"Sexta";"05:30:00";"MT";163;"625,5";"NOVA MUTUM";"Outras";"Colisão frontal";"Com Vítimas Feridas";"Amanhecer";"Decrescente";"Ceu Claro";"Simples";"Reta";"Rural";4;0;1;0;3;0;1;4
83497025;"06/09/16";"Terça";"23:30:00";"TO";153;"311";"GUARAI";"Dormindo";"Colisão frontal";"Com Vítimas Feridas";"Plena noite";"Decrescente";"Ceu Claro";"Simples";"Reta";"Rural";2;0;0;1;1;0;1;2
83497026;"09/09/16";"Sexta";"10:15:00";"RS";386;"177,4";"CARAZINHO";"Falta de atenção";"Colisão Transversal";"Com Vítimas Feridas";"Pleno dia";"Crescente";"Ceu Claro";"Simples";"Curva";"Urbano";3;0;2;0;1;0;2;2
83497027;"09/09/16";"Sexta";"09:10:00";"GO";153;"631";"MORRINHOS";"Defeito mecânico em veículo";"Saída de Pista";"Sem Vítimas";"Pleno dia";"Decrescente";"Ceu Claro";"Dupla";"Reta";"Rural";1;0;0;0;1;0;0;1
83497028;"02/09/16";"Sexta";"10:20:00";"GO";60;"62";"ABADIANIA";"Falta de atenção";"Saída de Pista";"Com Vítimas Feridas";"Pleno dia";"Decrescente";"Ceu Claro";"Dupla";"Curva";"Urbano";1;0;1;0;0;0;1;1
83497029;"09/09/16";"Sexta";"08:40:00";"PE";408;"63";"CARPINA";"Falta de atenção";"Colisão Transversal";"Com Vítimas Feridas";"Pleno dia";"Decrescente";"Sol";"Simples";"Curva";"Urbano";2;0;1;0;1;0;1;2
83497030;"11/07/16";"Segunda";"13:40:00";"MG";381;"855";"POUSO ALEGRE";"Outras";"Colisão traseira";"Com Vítimas Feridas";"Pleno dia";"Crescente";"Ceu Claro";"Dupla";"Reta";"Rural";3;0;1;1;1;0;2;2
83497031;"09/09/16";"Sexta";"04:30:00";"PA";316;"32";"SANTA ISABEL DO PARA";"Outras";"Saída de Pista";"Sem Vítimas";"Amanhecer";"Decrescente";"Ceu Claro";"Dupla";"Reta";"Urbano";2;0;0;0;2;0;0;1
83497032;"06/09/16";"Terça";"10:35:00";"DF";80;"16";"BRASILIA";"Falta de atenção";"Saída de Pista";"Com Vítimas Feridas";"Pleno dia";"Crescente";"Ceu Claro";"Simples";"Reta";"Rural";1;0;1;0;0;0;1;1
83497033;"09/09/16";"Sexta";"09:15:00";"PR";476;"140";"CURITIBA";"Falta de atenção";"Atropelamento de pessoa";"Com Vítimas Feridas";"Pleno dia";"Decrescente";"Ceu Claro";"Simples";"Reta";"Rural";2;0;2;0;0;0;2;1
83497034;"09/09/16";"Sexta";"08:00:00";"PB";104;"170";"BARRA DE SANTANA";"Outras";"Saída de Pista";"Com Vítimas Feridas";"Pleno dia";"Crescente";"Ceu Claro";"Simples";"Curva";"Rural";1;0;1;0;0;0;1;1