"id";"data_inversa";"dia_semana";"horario";"uf";"br";"km";"municipio";"causa_acidente";"tipo_acidente";"classificacao_acidente";"fase_dia";"sentido_via";"condicao_metereologica";"tipo_pista";"tracado_via";"uso_solo";"pessoas";"mortos";"feridos_leves";"feridos_graves";"ilesos";"ignorados";"feridos";"veiculos"
83497148;"09/09/16";"Sexta";"18:15:00";"MG";267;"306";"CAXAMBU";"Outras";"Colisão traseira";"Com Vítimas Feridas";"Anoitecer";"Decrescente";"Ceu Claro";"Simples";"Reta";"Rural";2;0;1;0;0;1;1;2
83497149;"31/08/16";"Quarta";"20:14:00";"ES";101;"347,1";"GUARAPARI";"Ingestão de álcool";"Saída de Pista";"Sem Vítimas";"Plena noite";"Crescente";"Ceu Claro";"Simples";"Reta";"Rural";1;0;0;0;1;0;0;1
83497150;"09/09/16";"Sexta";"18:40:00";"MT";70;"718";"CACERES";"Outras";"Colisão com objeto móvel";"Com Vítimas Feridas";"Plena noite";"Crescente";"Ceu Claro";"Simples";"Curva";"Rural";3;0;2;0;1;0;2;2
83497151;"09/09/16";"Sexta";"20:50:00";"SC";101;"10,8";"GARUVA";"Falta de atenção";"Colisão com objeto móvel";"Sem Vítimas";"Plena noite";"Decrescente";"Ceu Claro";"Dupla";"Reta";"Rural";1;0;0;0;1;0;0;1
83497152;"09/09/16";"Sexta";"10:00:00";"SP";116;"230,6";"SAO PAULO";"Falta de atenção";"Colisão lateral";"Com Vítimas Feridas";"Pleno dia";"Crescente";"Ceu Claro";"Múltipla";"Reta";"Urbano";2;0;1;0;0;1;1;2
83497153;"09/09/16";"Sexta";"19:40:00";"MG";381;"338";"BELA VISTA DE MINAS";"Defeito mecânico em veículo";"Colisão traseira";"Com Vítimas Feridas";"Plena noite";"Decrescente";"Chuva";"Simples";"Curva";"Rural";3;0;1;0;1;1;1;2
83497154;"09/09/16";"Sexta";"18:10:00";"PR";369;"163,1";"CAMBE";"Não guardar distância de segurança";"Colisão traseira";"Sem Vítimas";"Plena noite";"Decrescente";"Ceu Claro";"Dupla";"Reta";"Urbano";2;0;0;0;2;0;0;2
83497155;"09/09/16";"Sexta";"19:10:00";"BA";116;"753,9";"POCOES";"Animais na Pista";"Atropelamento de animal";"Com Vítimas Feridas";"Plena noite";"Crescente";"Ceu Claro";"Simples";"Reta";"Rural";1;0;1;0;0;0;1;1
83497156;"09/09/16";"Sexta";"18:00:00";"PR";163;"32,5";"SANTO ANTONIO DO SUDOESTE";"Falta de atenção";"Colisão Transversal";"Com Vítimas Fatais";"Anoitecer";"Decrescente";"Ceu Claro";"Simples";"Reta";"Urbano";3;1;0;1;1;0;1;2
83497157;"09/09/16";"Sexta";"19:30:00";"MG";381;"345";"BELA VISTA DE MINAS";"Outras";"Colisão lateral";"Sem Vítimas";"Plena noite";"Crescente";"Chuva";"Simples";"Curva";"Urbano";2;0;0;0;2;0;0;2
83497158;"09/09/16";"Sexta";"18:10:00";"GO";60;"105,6";"ANAPOLIS";"Não guardar distância de segurança";"Colisão traseira";"Sem Vítimas";"Anoitecer";"Crescente";"Ceu Claro";"Dupla";"Reta";"Rural";2;0;0;0;2;0;0;2
83497159;"11/04/16";"Segunda";"23:50:00";"RS";285;"158";"MUITOS CAPOES";"Velocidade incompatível";"Saída de Pista";"Com Vítimas Feridas";"Plena noite";"Decrescente";"Chuva";"Simples";"Curva";"Rural";2;0;1;0;1;0;1;1
83497160;"09/09/16";"Sexta";"18:30:00";"PR";369;"164,8";"CAMBE";"Velocidade incompatível";"Colisão traseira";"Sem Vítimas";"Plena noite";"Decrescente";"Ceu Claro";"Dupla";"Reta";"Urbano";4;0;0;0;3;1;0;4
83497161;"09/09/16";"Sexta";"20:20:00";"RS";116;"301";"GUAIBA";"Falta de atenção";"Colisão Transversal";"Com Vítimas Feridas";"Plena noite";"Crescente";"Ceu Claro";"Simples";"Reta";"Urbano";4;0;1;0;3;0;1;2
83497162;"09/09/16";"Sexta";"12:30:00";"MS";267;"606,2";"CARACOL";"Falta de atenção";"Saída de Pista";"Com Vítimas Fatais";"Pleno dia";"Decrescente";"Sol";"Simples";"Reta";"Rural";5;3;2;0;0;0;2;1
83497163;"09/09/16";"Sexta";"20:20:00";"SC";101;"118";"ITAJAI";"Falta de atenção";"Colisão Transversal";"Com Vítimas Feridas";"Plena noite";"Crescente";"Ceu Claro";"Simples";"Reta";"Rural";2;0;0;1;1;0;1;2
83497164;"09/09/16";"Sexta";"20:40:00";"SC";280;"170";"MAFRA";"Não guardar distância de segurança";"Colisão traseira";"Sem Vítimas";"Plena noite";"Crescente";"Ceu Claro";"Simples";"Reta";"Urbano";3;0;0;0;3;0;0;3
83497166;"09/09/16";"Sexta";"13:30:00";"SP";116;"219";"GUARULHOS";"Falta de atenção";"Colisão traseira";"Com Vítimas Feridas";"Pleno dia";"Decrescente";"Ceu Claro";"Múltipla";"Reta";"Urbano";2;0;1;0;1;0;1;2
83497167;"09/09/16";"Sexta";"21:30:00";"PR";158;"520";"PATO BRANCO";"Animais na Pista";"Atropelamento de animal";"Sem Vítimas";"Plena noite";"Decrescente";"Ceu Claro";"Dupla";"Reta";"Urbano";1;0;0;0;1;0;0;1
83497168;"09/09/16";"Sexta";"20:30:00";"RJ";101;"296";"ITABORAI";"Falta de atenção";"Colisão traseira";"Sem Vítimas";"Plena noite";"Decrescente";"Ceu Claro";"Dupla";"Reta";"Urbano";7;0;0;0;7;0;0;7
83497169;"09/09/16";"Sexta";"20:20:00";"RO";364;"739";"PORTO VELHO";"Defeito mecânico em veículo";"Colisão com objeto móvel";"Com Vítimas Feridas";"Plena noite";"Decrescente";"Ceu Claro";"Simples";"Reta";"Rural";2;0;1;0;1;0;1;2
83497170;"09/09/16";"Sexta";"11:55:00";"RS";116;"92,8";"CAMPESTRE DA SERRA";"Falta de atenção";"Capotamento";"Com Vítimas Feridas";"Pleno dia";"Crescente";"Ceu Claro";"Simples";"Curva";"Rural";18;0;16;2;0;0;18;1
83497171;"09/09/16";"Sexta";"17:00:00";"RJ";101;"318";"SAO GONCALO";"Falta de atenção";"Colisão lateral";"Com Vítimas Feridas";"Pleno dia";"Decrescente";"Ceu Claro";"Dupla";"Reta";"Urbano";2;0;1;0;1;0;1;2
83497172;"05/09/16";"Segunda";"08:20:00";"RJ";101;"266";"RIO BONITO";"Falta de atenção";"Colisão com objeto fixo";"Com Vítimas Feridas";"Pleno dia";"Crescente";"Sol";"Dupla";"Reta";"Rural";1;0;1;0;0;0;1;1
83497173;"02/09/16";"Sexta";"18:00:00";"PE";232;"511,5";"SALGUEIRO";"Falta de atenção";"Colisão Transversal";"Com Vítimas Feridas";"Plena noite";"Decrescente";"Ceu Claro";"Simples";"Reta";"Urbano";2;0;1;0;1;0;1;2
83497174;"09/09/16";"Sexta";"15:30:00";"MT";70;"6,2";"BARRA DO GARCAS";"Falta de atenção";"Colisão traseira";"Com Vítimas Feridas";"Pleno dia";"Crescente";"Ceu Claro";"Dupla";"Reta";"Urbano";4;0;1;1;2;0;2;2
83497175;"09/09/16";"Sexta";"20:50:00";"SC";101;"10,8";"GARUVA";"Outras";"Colisão com objeto fixo";"Com Vítimas Feridas";"Plena noite";"Decrescente";"Nublado";"Dupla";"Reta";"Rural";2;0;1;0;1;0;1;1
83497176;"09/09/16";"Sexta";"23:30:00";"SC";280;"50";"GUARAMIRIM";"Outras";"Saída de Pista";"Sem Vítimas";"Plena noite";"Decrescente";"Ignorada";"Simples";"Reta";"Urbano";1;0;0;0;1;0;0;1
83497177;"09/09/16";"Sexta";"21:30:00";"RJ";40;"32,7";"AREAL";"Ingestão de álcool";"Capotamento";"Com Vítimas Feridas";"Plena noite";"Decrescente";"Nublado";"Dupla";"Curva";"Rural";1;0;1;0;0;0;1;1
83497178;"28/08/16";"Domingo";"13:30:00";"RJ";101;"296";"ITABORAI";"Outras";"Colisão com objeto fixo";"Sem Vítimas";"Pleno dia";"Crescente";"Nublado";"Dupla";"Reta";"Urbano";1;0;0;0;1;0;0;1
83497179;"09/09/16";"Sexta";"23:30:00";"MG";40;"737,9";"SANTOS DUMONT";"Velocidade incompatível";"Capotamento";"Sem Vítimas";"Plena noite";"Decrescente";"Ceu Claro";"Dupla";"Curva";"Rural";1;0;0;0;1;0;0;1
83497180;"09/09/16";"Sexta";"17:30:00";"PA";10;"301";"IRITUIA";"Velocidade incompatível";"Colisão traseira";"Com Vítimas Feridas";"Pleno dia";"Crescente";"Ceu Claro";"Simples";"Reta";"Rural";3;0;1;0;2;0;1;2
83497181;"09/09/16";"Sexta";"23:55:00";"SC";101;"194";"BIGUACU";"Falta de atenção";"Colisão com objeto fixo";"Sem Vítimas";"Plena noite";"Crescente";"Ceu Claro";"Dupla";"Reta";"Urbano";2;0;0;0;2;0;0;2
83497182;"09/09/16";"Sexta";"18:00:00";"GO";40;"8";"LUZIANIA";"Ingestão de álcool";"Colisão lateral";"Sem Vítimas";"Anoitecer";"Decrescente";"Ceu Claro";"Dupla";"Reta";"Urbano";2;0;0;0;2;0;0;2
83497183;"09/09/16";"Sexta";"18:30:00";"MG";381;"396,5";"BOM JESUS DO AMPARO";"Outras";"Colisão frontal";"Sem Vítimas";"Anoitecer";"Crescente";"Chuva";"Simples";"Reta";"Rural";4;0;0;0;4;0;0;4
83497184;"09/09/16";"Sexta";"21:30:00";"MT";70;"346";"DOM AQUINO";"Defeito na via";"Queda de motocicleta / bicicleta / veículo";"Com Vítimas Feridas";"Plena noite";"Decrescente";"Ceu Claro";"Simples";"Reta";"Rural";1;0;0;1;0;0;1;1
83497185;"09/09/16";"Sexta";"20:45:00";"RO";364;"312";"PRESIDENTE MEDICI";"Animais na Pista";"Atropelamento de animal";"Sem Vítimas";"Plena noite";"Crescente";"Chuva";"Simples";"Reta";"Rural";2;0;0;0;2;0;0;2
83497186;"09/09/16";"Sexta";"23:20:00";"PB";101;"126";"CAAPORA";"Outras";"Capotamento";"Sem Vítimas";"Plena noite";"Crescente";"Chuva";"Dupla";"Reta";"Rural";1;0;0;0;1;0;0;1
83497187;"09/09/16";"Sexta";"19:30:00";"MT";364;"348";"SANTO ANTONIO DO LEVERGER";"Velocidade incompatível";"Tombamento";"Sem Vítimas";"Plena noite";"Crescente";"Ceu Claro";"Simples";"Curva";"Rural";2;0;0;0;2;0;0;2
83497188;"20/08/16";"Sábado";"18:40:00";"MG";262;"123";"RIO CASCA";"Velocidade incompatível";"Capotamento";"Com Vítimas Feridas";"Anoitecer";"Decrescente";"Ceu Claro";"Simples";"Curva";"Rural";1;0;0;1;0;0;1;1
83497189;"06/09/16";"Terça";"06:25:00";"SC";101;"192";"BIGUACU";"Falta de atenção";"Tombamento";"Sem Vítimas";"Amanhecer";"Decrescente";"Ceu Claro";"Dupla";"Curva";"Urbano";1;0;0;0;1;0;0;1
83497190;"09/09/16";"Sexta";"17:00:00";"MG";262;"368";"JUATUBA";"Não guardar distância de segurança";"Queda de motocicleta / bicicleta / veículo";"Com Vítimas Feridas";"Pleno dia";"Decrescente";"Nublado";"Dupla";"Reta";"Urbano";1;0;0;1;0;0;1;1
83497192;"09/09/16";"Sexta";"17:50:00";"PB";230;"89,1";"GURINHEM";"Desobediência à sinalização";"Colisão Transversal";"Com Vítimas Feridas";"Anoitecer";"Crescente";"Ceu Claro";"Dupla";"Reta";"Urbano";2;0;1;0;0;1;1;2
83497193;"09/09/16";"Sexta";"18:00:00";"AC";364;"134";"RIO BRANCO";"Ultrapassagem indevida";"Colisão traseira";"Sem Vítimas";"Plena noite";"Crescente";"Ceu Claro";"Dupla";"Cruzamento";"Urbano";3;0;0;0;3;0;0;2
83497194;"09/09/16";"Sexta";"20:10:00";"BA";116;"820";"VITORIA DA CONQUISTA";"Ingestão de álcool";"Colisão com bicicleta";"Com Vítimas Feridas";"Plena noite";"Decrescente";"Ceu Claro";"Simples";"Reta";"Urbano";2;0;0;1;0;1;1;2
83497195;"09/09/16";"Sexta";"01:50:00";"RS";468;"107";"TRES PASSOS";"Outras";"Saída de Pista";"Com Vítimas Feridas";"Plena noite";"Crescente";"Ceu Claro";"Simples";"Curva";"Urbano";1;0;1;0;0;0;1;1
83497196;"10/09/16";"Sábado";"01:30:00";"PE";101;"60";"RECIFE";"Outras";"Colisão traseira";"Com Vítimas Feridas";"Plena noite";"Crescente";"Chuva";"Dupla";"Reta";"Urbano";3;0;0;1;1;1;1;2
83497197;"09/09/16";"Sexta";"09:00:00";"BA";330;"771";"IPIAU";"Falta de atenção";"Colisão frontal";"Com Vítimas Feridas";"Pleno dia";"Crescente";"Ceu Claro";"Simples";"Reta";"Rural";3;0;1;0;2;0;1;2
83497198;"10/09/16";"Sábado";"00:30:00";"SC";101;"152,8";"PORTO BELO";"Ingestão de álcool";"Saída de Pista";"Com Vítimas Feridas";"Plena noite";"Decrescente";"Nublado";"Dupla";"Reta";"Urbano";1;0;1;0;0;0;1;1
83497199;"05/09/16";"Segunda";"12:20:00";"ES";101;"288";"CARIACICA";"Falta de atenção";"Colisão traseira";"Com Vítimas Feridas";"Pleno dia";"Decrescente";"Nublado";"Dupla";"Reta";"Urbano";2;0;1;0;1;0;1;2
83497200;"09/09/16";"Sexta";"17:30:00";"PA";316;"18";"BENEVIDES";"Não guardar distância de segurança";"Colisão traseira";"Sem Vítimas";"Pleno dia";"Decrescente";"Chuva";"Dupla";"Reta";"Urbano";4;0;0;0;4;0;0;4
83497201;"09/09/16";"Sexta";"11:39:00";"AL";101;"135";"SAO MIGUEL DOS CAMPOS";"Falta de atenção";"Colisão Transversal";"Com Vítimas Feridas";"Pleno dia";"Crescente";"Ceu Claro";"Simples";"Reta";"Urbano";3;0;1;1;1;0;2;2
83497202;"09/09/16";"Sexta";"20:30:00";"PE";232;"255";"ARCOVERDE";"Falta de atenção";"Colisão Transversal";"Com Vítimas Feridas";"Plena noite";"Crescente";"Ceu Claro";"Simples";"Reta";"Urbano";2;0;0;1;0;1;1;2
83497203;"28/08/16";"Domingo";"20:00:00";"MS";463;"103";"PONTA PORA";"Outras";"Queda de motocicleta / bicicleta / veículo";"Com Vítimas Feridas";"Plena noite";"Decrescente";"Ceu Claro";"Simples";"Reta";"Rural";1;0;0;1;0;0;1;1
83497204;"09/09/16";"Sexta";"10:30:00";"ES";101;"144,9";"LINHARES";"Ingestão de álcool";"Colisão traseira";"Sem Vítimas";"Pleno dia";"Crescente";"Ceu Claro";"Dupla";"Reta";"Urbano";2;0;0;0;2;0;0;2
83497205;"10/09/16";"Sábado";"03:00:00";"PR";376;"183,1";"SARANDI";"Desobediência à sinalização";"Colisão Transversal";"Com Vítimas Feridas";"Plena noite";"Decrescente";"Ceu Claro";"Múltipla";"Cruzamento";"Urbano";3;0;0;1;2;0;1;2
83497206;"10/09/16";"Sábado";"03:20:00";"SC";101;"169";"TIJUCAS";"Ingestão de álcool";"Colisão com objeto fixo";"Sem Vítimas";"Plena noite";"Crescente";"Chuva";"Simples";"Curva";"Urbano";1;0;0;0;1;0;0;1
83497207;"10/09/16";"Sábado";"00:05:00";"PR";476;"122";"CURITIBA";"Falta de atenção";"Colisão Transversal";"Com Vítimas Feridas";"Plena noite";"Crescente";"Ceu Claro";"Simples";"Cruzamento";"Urbano";3;0;0;2;1;0;2;2
83497208;"10/09/16";"Sábado";"03:10:00";"BA";242;"416";"SEABRA";"Dormindo";"Capotamento";"Sem Vítimas";"Plena noite";"Decrescente";"Nublado";"Simples";"Reta";"Rural";1;0;0;0;1;0;0;1
83497209;"09/09/16";"Sexta";"14:30:00";"MG";116;"256,5";"TEOFILO OTONI";"Defeito na via";"Queda de motocicleta / bicicleta / veículo";"Com Vítimas Feridas";"Pleno dia";"Crescente";"Ceu Claro";"Simples";"Reta";"Rural";1;0;1;0;0;0;1;1
83497210;"09/09/16";"Sexta";"23:50:00";"SC";101;"194";"BIGUACU";"Ingestão de álcool";"Colisão com objeto fixo";"Com Vítimas Feridas";"Plena noite";"Crescente";"Ceu Claro";"Dupla";"Curva";"Urbano";2;0;0;1;1;0;1;2
83497212;"09/09/16";"Sexta";"19:15:00";"GO";50;"142,5";"IPAMERI";"Falta de atenção";"Colisão lateral";"Com Vítimas Feridas";"Plena noite";"Crescente";"Ceu Claro";"Simples";"Reta";"Rural";6;0;2;0;4;0;2;2
83497213;"01/09/16";"Quinta";"08:06:00";"PI";343;"1,8";"TERESINA";"Falta de atenção";"Colisão com bicicleta";"Com Vítimas Feridas";"Pleno dia";"Decrescente";"Sol";"Múltipla";"Reta";"Urbano";2;0;1;0;1;0;1;2
83497214;"10/09/16";"Sábado";"04:40:00";"SC";116;"308,6";"CAPAO ALTO";"Velocidade incompatível";"Saída de Pista";"Sem Vítimas";"Plena noite";"Decrescente";"Nublado";"Simples";"Curva";"Rural";1;0;0;0;1;0;0;1
83497215;"09/09/16";"Sexta";"23:10:00";"PR";116;"109,1";"CURITIBA";"Velocidade incompatível";"Colisão traseira";"Com Vítimas Feridas";"Plena noite";"Crescente";"Nevoeiro/neblina";"Dupla";"Reta";"Rural";2;0;0;1;1;0;1;2
83497216;"10/09/16";"Sábado";"02:40:00";"RS";116;"175,2";"NOVA PETROPOLIS";"Velocidade incompatível";"Saída de Pista";"Com Vítimas Fatais";"Plena noite";"Decrescente";"Ceu Claro";"Simples";"Curva";"Rural";2;1;1;0;0;0;1;1
83497218;"09/09/16";"Sexta";"23:08:00";"SP";381;"59";"MAIRIPORA";"Velocidade incompatível";"Capotamento";"Com Vítimas Feridas";"Plena noite";"Decrescente";"Ceu Claro";"Dupla";"Curva";"Urbano";5;0;3;1;1;0;4;2
83497219;"05/09/16";"Segunda";"21:30:00";"PR";376;"496,7";"PONTA GROSSA";"Ingestão de álcool";"Colisão traseira";"Sem Vítimas";"Pleno dia";"Decrescente";"Chuva";"Dupla";"Reta";"Urbano";2;0;0;0;2;0;0;2
83497220;"09/09/16";"Sexta";"07:20:00";"ES";262;"4,2";"CARIACICA";"Falta de atenção";"Colisão traseira";"Com Vítimas Feridas";"Pleno dia";"Decrescente";"Ceu Claro";"Dupla";"Reta";"Urbano";2;0;1;0;1;0;1;2
83497221;"09/09/16";"Sexta";"15:30:00";"MG";50;"113";"UBERABA";"Dormindo";"Saída de Pista";"Sem Vítimas";"Pleno dia";"Decrescente";"Ceu Claro";"Dupla";"Reta";"Rural";1;0;0;0;1;0;0;1
83497222;"09/09/16";"Sexta";"21:00:00";"SP";116;"224";"GUARULHOS";"Falta de atenção";"Colisão lateral";"Sem Vítimas";"Plena noite";"Crescente";"Nublado";"Simples";"Reta";"Urbano";3;0;0;0;3;0;0;3
83497223;"09/09/16";"Sexta";"08:00:00";"ES";447;"13";"VILA VELHA";"Falta de atenção";"Colisão lateral";"Sem Vítimas";"Pleno dia";"Decrescente";"Ceu Claro";"Simples";"Cruzamento";"Urbano";2;0;0;0;2;0;0;2
83497224;"09/09/16";"Sexta";"22:25:00";"BA";324;"512,1";"FEIRA DE SANTANA";"Falta de atenção";"Colisão traseira";"Com Vítimas Feridas";"Plena noite";"Crescente";"Ceu Claro";"Simples";"Reta";"Urbano";3;0;2;0;1;0;2;2
83497225;"10/09/16";"Sábado";"03:00:00";"SC";153;"75,6";"CONCORDIA";"Outras";"Colisão frontal";"Com Vítimas Fatais";"Plena noite";"Crescente";"Ceu Claro";"Simples";"Curva";"Rural";5;2;0;0;3;0;0;2
83497226;"10/09/16";"Sábado";"02:30:00";"PR";369;"491";"CORBELIA";"Outras";"Colisão lateral";"Com Vítimas Fatais";"Plena noite";"Decrescente";"Ceu Claro";"Simples";"Reta";"Urbano";3;1;1;0;1;0;1;2
83497227;"10/09/16";"Sábado";"04:00:00";"RS";116;"121";"SAO MARCOS";"Dormindo";"Colisão com objeto fixo";"Com Vítimas Fatais";"Plena noite";"Crescente";"Ceu Claro";"Simples";"Curva";"Rural";1;1;0;0;0;0;0;1
83497228;"10/09/16";"Sábado";"03:10:00";"MA";10;"152";"PORTO FRANCO";"Ultrapassagem indevida";"Colisão lateral";"Com Vítimas Feridas";"Plena noite";"Decrescente";"Ignorada";"Simples";"Reta";"Rural";4;0;4;0;0;0;4;2
83497229;"09/09/16";"Sexta";"08:49:00";"PI";343;"13,7";"PARNAIBA";"Falta de atenção";"Colisão Transversal";"Com Vítimas Feridas";"Pleno dia";"Decrescente";"Sol";"Dupla";"Reta";"Urbano";3;0;3;0;0;0;3;2
83497230;"09/09/16";"Sexta";"08:45:00";"PE";428;"190,2";"PETROLINA";"Falta de atenção";"Colisão traseira";"Com Vítimas Feridas";"Pleno dia";"Crescente";"Ceu Claro";"Simples";"Reta";"Urbano";3;0;2;0;0;1;2;2
83497231;"10/09/16";"Sábado";"06:10:00";"PA";163;"996";"SANTAREM";"Falta de atenção";"Colisão Transversal";"Com Vítimas Feridas";"Amanhecer";"Decrescente";"Nublado";"Simples";"Reta";"Urbano";3;0;2;0;0;1;2;2
83497232;"09/09/16";"Sexta";"17:50:00";"PE";110;"141";"JATOBA";"Falta de atenção";"Colisão traseira";"Com Vítimas Fatais";"Anoitecer";"Decrescente";"Ignorada";"Simples";"Reta";"Rural";2;1;0;1;0;0;1;2
83497233;"10/09/16";"Sábado";"05:20:00";"SC";470;"72,8";"INDAIAL";"Outras";"Colisão frontal";"Com Vítimas Feridas";"Plena noite";"Decrescente";"Nublado";"Simples";"Reta";"Urbano";2;0;1;0;1;0;1;2
83497234;"07/09/16";"Quarta";"16:30:00";"SC";101;"208,3";"SAO JOSE";"Velocidade incompatível";"Colisão traseira";"Com Vítimas Feridas";"Pleno dia";"Crescente";"Ceu Claro";"Dupla";"Reta";"Urbano";4;0;1;0;3;0;1;4
83497235;"09/09/16";"Sexta";"20:00:00";"SC";153;"86";"CONCORDIA";"Defeito mecânico em veículo";"Incêndio";"Sem Vítimas";"Plena noite";"Crescente";"Ceu Claro";"Simples";"Reta";"Rural";1;0;0;0;1;0;0;1
83497236;"10/09/16";"Sábado";"04:30:00";"RS";470;"158";"NOVA PRATA";"Ingestão de álcool";"Colisão frontal";"Com Vítimas Feridas";"Plena noite";"Crescente";"Ceu Claro";"Simples";"Cruzamento";"Rural";3;0;2;0;0;1;2;2
83497237;"10/09/16";"Sábado";"04:05:00";"SP";116;"111,5";"TAUBATE";"Outras";"Tombamento";"Com Vítimas Feridas";"Plena noite";"Decrescente";"Ceu Claro";"Dupla";"Reta";"Urbano";2;0;2;0;0;0;2;1
83497238;"28/08/16";"Domingo";"15:00:00";"SC";101;"194";"BIGUACU";"Ingestão de álcool";"Colisão traseira";"Com Vítimas Feridas";"Pleno dia";"Decrescente";"Ceu Claro";"Múltipla";"Reta";"Urbano";6;0;2;0;4;0;2;2
83497239;"10/09/16";"Sábado";"06:34:00";"RS";386;"44,8";"SEBERI";"Velocidade incompatível";"Colisão com objeto fixo";"Com Vítimas Feridas";"Pleno dia";"Decrescente";"Sol";"Simples";"Curva";"Rural";1;0;0;1;0;0;1;1
83497240;"08/09/16";"Quinta";"03:45:00";"DF";70;"13,8";"BRASILIA";"Ingestão de álcool";"Saída de Pista";"Com Vítimas Feridas";"Plena noite";"Crescente";"Nublado";"Dupla";"Reta";"Rural";2;0;2;0;0;0;2;1
83497241;"10/09/16";"Sábado";"05:00:00";"SC";470;"24";"ILHOTA";"Falta de atenção";"Queda de motocicleta / bicicleta / veículo";"Ignorado";"Plena noite";"Decrescente";"Ceu Claro";"Simples";"Reta";"Rural";1;0;0;0;0;1;0;1
83497242;"06/09/16";"Terça";"15:15:00";"CE";116;"5,8";"FORTALEZA";"Falta de atenção";"Colisão lateral";"Sem Vítimas";"Pleno dia";"Decrescente";"Ceu Claro";"Múltipla";"Reta";"Urbano";2;0;0;0;2;0;0;2
83497243;"07/09/16";"Quarta";"04:45:00";"SC";101;"215";"PALHOCA";"Ingestão de álcool";"Capotamento";"Com Vítimas Feridas";"Plena noite";"Crescente";"Ceu Claro";"Dupla";"Curva";"Urbano";1;0;1;0;0;0;1;1
83497244;"07/09/16";"Quarta";"06:50:00";"GO";60;"58";"ABADIANIA";"Falta de atenção";"Queda de motocicleta / bicicleta / veículo";"Com Vítimas Feridas";"Pleno dia";"Crescente";"Ceu Claro";"Dupla";"Curva";"Rural";1;0;1;0;0;0;1;1
83497245;"05/09/16";"Segunda";"20:00:00";"PR";153;"491,6";"GENERAL CARNEIRO";"Ingestão de álcool";"Capotamento";"Com Vítimas Feridas";"Plena noite";"Crescente";"Chuva";"Simples";"Reta";"Urbano";1;0;1;0;0;0;1;1
83497246;"08/09/16";"Quinta";"20:30:00";"MT";364;"191";"RONDONOPOLIS";"Ultrapassagem indevida";"Colisão lateral";"Com Vítimas Feridas";"Plena noite";"Crescente";"Ceu Claro";"Simples";"Reta";"Rural";2;0;0;1;1;0;1;2
83497247;"19/04/16";"Terça";"13:00:00";"GO";70;"24,1";"AGUAS LINDAS DE GOIAS";"Falta de atenção";"Colisão traseira";"Com Vítimas Feridas";"Pleno dia";"Crescente";"Nublado";"Dupla";"Reta";"Rural";5;0;0;1;4;0;1;2
83497248;"09/09/16";"Sexta";"22:00:00";"PR";272;"362";"CAMPO MOURAO";"Falta de atenção";"Atropelamento de pessoa";"Com Vítimas Feridas";"Plena noite";"Crescente";"Ceu Claro";"Múltipla";"Reta";"Urbano";2;0;0;2;0;0;2;1
83497249;"10/09/16";"Sábado";"07:50:00";"PE";101;"68";"RECIFE";"Outras";"Colisão traseira";"Com Vítimas Feridas";"Pleno dia";"Crescente";"Chuva";"Dupla";"Reta";"Urbano";2;0;1;0;1;0;1;2
83497251;"10/09/16";"Sábado";"04:55:00";"SC";101;"134";"BALNEARIO CAMBORIU";"Ingestão de álcool";"Colisão com objeto fixo";"Sem Vítimas";"Plena noite";"Crescente";"Ceu Claro";"Simples";"Curva";"Urbano";1;0;0;0;1;0;0;1
83497252;"02/09/16";"Sexta";"19:45:00";"GO";60;"96";"ANAPOLIS";"Falta de atenção";"Saída de Pista";"Com Vítimas Feridas";"Pleno dia";"Crescente";"Ceu Claro";"Dupla";"Reta";"Urbano";1;0;1;0;0;0;1;1
83497253;"06/09/16";"Terça";"16:50:00";"MT";163;"877";"SINOP";"Falta de atenção";"Colisão lateral";"Com Vítimas Feridas";"Pleno dia";"Decrescente";"Ceu Claro";"Simples";"Curva";"Rural";7;0;4;0;2;1;4;3
83497254;"10/09/16";"Sábado";"02:00:00";"RJ";116;"190,9";"QUEIMADOS";"Animais na Pista";"Atropelamento de animal";"Com Vítimas Feridas";"Plena noite";"Crescente";"Nublado";"Dupla";"Curva";"Urbano";2;0;0;1;1;0;1;2
83497255;"10/09/16";"Sábado";"00:30:00";"PE";428;"184,5";"PETROLINA";"Defeito mecânico em veículo";"Colisão frontal";"Com Vítimas Fatais";"Plena noite";"Decrescente";"Ceu Claro";"Simples";"Reta";"Urbano";3;1;0;1;0;1;1;3
83497256;"09/09/16";"Sexta";"02:40:00";"GO";158;"53,8";"BOM JARDIM DE GOIAS";"Defeito mecânico em veículo";"Incêndio";"Sem Vítimas";"Plena noite";"Crescente";"Ceu Claro";"Simples";"Reta";"Rural";1;0;0;0;1;0;0;1
83497257;"09/09/16";"Sexta";"18:40:00";"MG";381;"705,4";"LAVRAS";"Velocidade incompatível";"Saída de Pista";"Sem Vítimas";"Anoitecer";"Crescente";"Ceu Claro";"Dupla";"Curva";"Rural";1;0;0;0;1;0;0;1
83497258;"06/09/16";"Terça";"07:15:00";"MG";153;"109";"PRATA";"Desobediência à sinalização";"Colisão Transversal";"Com Vítimas Feridas";"Pleno dia";"Crescente";"Ceu Claro";"Simples";"Reta";"Urbano";3;0;2;0;1;0;2;2