"id";"data_inversa";"dia_semana";"horario";"uf";"br";"km";"municipio";"causa_acidente";"tipo_acidente";"classificacao_acidente";"fase_dia";"sentido_via";"condicao_metereologica";"tipo_pista";"tracado_via";"uso_solo";"pessoas";"mortos";"feridos_leves";"feridos_graves";"ilesos";"ignorados";"feridos";"veiculos"
83497260;"07/09/16";"Quarta";"21:00:00";"SP";116;"219";"GUARULHOS";"Falta de atenção";"Atropelamento de pessoa";"Com Vítimas Feridas";"Plena noite";"Crescente";"Ceu Claro";"Múltipla";"Reta";"Urbano";2;0;1;0;1;0;1;1
83497261;"07/09/16";"Quarta";"05:15:00";"SC";280;"2";"SAO FRANCISCO DO SUL";"Outras";"Colisão traseira";"Com Vítimas Feridas";"Plena noite";"Decrescente";"Ceu Claro";"Simples";"Reta";"Urbano";2;0;1;0;0;1;1;2
83497262;"07/09/16";"Quarta";"06:20:00";"SP";116;"424,5";"JUQUIA";"Falta de atenção";"Capotamento";"Com Vítimas Feridas";"Anoitecer";"Decrescente";"Nublado";"Dupla";"Reta";"Rural";3;0;1;0;2;0;1;1
83497263;"10/09/16";"Sábado";"05:30:00";"RS";386;"224";"SOLEDADE";"Outras";"Saída de Pista";"Com Vítimas Feridas";"Amanhecer";"Decrescente";"Ceu Claro";"Simples";"Reta";"Rural";3;0;1;1;0;1;2;1
83497264;"06/09/16";"Terça";"15:00:00";"AC";364;"215";"BUJARI";"Falta de atenção";"Capotamento";"Com Vítimas Feridas";"Pleno dia";"Crescente";"Ceu Claro";"Simples";"Reta";"Rural";3;0;3;0;0;0;3;1
83497265;"06/09/16";"Terça";"20:20:00";"GO";153;"633,4";"MORRINHOS";"Velocidade incompatível";"Saída de Pista";"Sem Vítimas";"Plena noite";"Crescente";"Ceu Claro";"Dupla";"Curva";"Rural";1;0;0;0;1;0;0;1
83497266;"10/09/16";"Sábado";"08:35:00";"PR";376;"665";"GUARATUBA";"Velocidade incompatível";"Colisão traseira";"Com Vítimas Feridas";"Pleno dia";"Crescente";"Ceu Claro";"Dupla";"Curva";"Rural";2;0;1;0;1;0;1;2
83497267;"07/09/16";"Quarta";"02:30:00";"SP";116;"119,2";"TAUBATE";"Outras";"Colisão frontal";"Com Vítimas Fatais";"Plena noite";"Crescente";"Nublado";"Dupla";"Reta";"Rural";3;1;0;0;2;0;0;3
83497268;"25/08/16";"Quinta";"18:10:00";"RS";386;"170,9";"CARAZINHO";"Falta de atenção";"Colisão frontal";"Com Vítimas Fatais";"Anoitecer";"Decrescente";"Ceu Claro";"Simples";"Curva";"Rural";3;2;0;0;1;0;0;2
83497269;"09/09/16";"Sexta";"17:40:00";"PE";232;"371";"FLORES";"Outras";"Saída de Pista";"Com Vítimas Feridas";"Anoitecer";"Crescente";"Ceu Claro";"Simples";"Reta";"Rural";1;0;1;0;0;0;1;1
83497270;"10/09/16";"Sábado";"07:15:00";"PR";476;"139,5";"CURITIBA";"Falta de atenção";"Colisão traseira";"Com Vítimas Feridas";"Pleno dia";"Decrescente";"Nublado";"Múltipla";"Reta";"Urbano";2;0;1;0;1;0;1;2
83497271;"10/09/16";"Sábado";"06:30:00";"MT";70;"503";"CUIABA";"Falta de atenção";"Saída de Pista";"Com Vítimas Feridas";"Amanhecer";"Decrescente";"Ceu Claro";"Simples";"Reta";"Rural";1;0;1;0;0;0;1;1
83497272;"27/08/16";"Sábado";"22:00:00";"RS";290;"99";"PORTO ALEGRE";"Outras";"Colisão traseira";"Com Vítimas Feridas";"Plena noite";"Crescente";"Nublado";"Dupla";"Reta";"Urbano";3;0;1;0;1;1;1;2
83497273;"10/09/16";"Sábado";"07:00:00";"PR";369;"138";"IBIPORA";"Falta de atenção";"Atropelamento de pessoa";"Com Vítimas Feridas";"Amanhecer";"Crescente";"Ceu Claro";"Simples";"Cruzamento";"Urbano";2;0;0;1;0;1;1;1
83497274;"10/09/16";"Sábado";"07:30:00";"SC";101;"53";"JOINVILLE";"Falta de atenção";"Colisão lateral";"Sem Vítimas";"Pleno dia";"Crescente";"Ceu Claro";"Dupla";"Reta";"Rural";2;0;0;0;2;0;0;2
83497275;"10/09/16";"Sábado";"08:00:00";"BA";367;"70";"EUNAPOLIS";"Animais na Pista";"Atropelamento de animal";"Ignorado";"Amanhecer";"Crescente";"Ceu Claro";"Simples";"Reta";"Rural";1;0;0;0;0;1;0;1
83497276;"06/09/16";"Terça";"22:00:00";"PE";110;"105,8";"SERTANIA";"Outras";"Capotamento";"Com Vítimas Fatais";"Plena noite";"Crescente";"Ceu Claro";"Simples";"Reta";"Rural";2;1;0;1;0;0;1;1
83497277;"10/09/16";"Sábado";"08:30:00";"PA";316;"2";"ANANINDEUA";"Desobediência à sinalização";"Colisão Transversal";"Sem Vítimas";"Pleno dia";"Crescente";"Sol";"Dupla";"Reta";"Urbano";2;0;0;0;2;0;0;2
83497278;"10/09/16";"Sábado";"06:00:00";"GO";60;"122,9";"GOIANAPOLIS";"Outras";"Saída de Pista";"Com Vítimas Feridas";"Amanhecer";"Crescente";"Ceu Claro";"Dupla";"Reta";"Rural";3;0;2;1;0;0;3;1
83497279;"07/09/16";"Quarta";"06:41:00";"MG";381;"735";"CARMO DA CACHOEIRA";"Velocidade incompatível";"Colisão com objeto fixo";"Sem Vítimas";"Pleno dia";"Decrescente";"Ceu Claro";"Dupla";"Reta";"Rural";1;0;0;0;1;0;0;1
83497280;"07/09/16";"Quarta";"04:00:00";"TO";153;"103";"WANDERLANDIA";"Falta de atenção";"Colisão traseira";"Com Vítimas Feridas";"Plena noite";"Crescente";"Ceu Claro";"Simples";"Reta";"Rural";2;0;1;0;0;1;1;2
83497281;"10/09/16";"Sábado";"09:30:00";"SC";101;"196";"BIGUACU";"Outras";"Queda de motocicleta / bicicleta / veículo";"Com Vítimas Feridas";"Pleno dia";"Crescente";"Ceu Claro";"Dupla";"Reta";"Urbano";1;0;1;0;0;0;1;1
83497282;"09/09/16";"Sexta";"18:30:00";"PE";232;"408,8";"SERRA TALHADA";"Outras";"Atropelamento de pessoa";"Com Vítimas Feridas";"Plena noite";"Decrescente";"Ceu Claro";"Simples";"Reta";"Urbano";2;0;0;2;0;0;2;1
83497283;"06/09/16";"Terça";"08:00:00";"SP";116;"279,8";"EMBU";"Defeito mecânico em veículo";"Colisão traseira";"Sem Vítimas";"Pleno dia";"Decrescente";"Sol";"Dupla";"Reta";"Urbano";2;0;0;0;2;0;0;2
83497284;"10/09/16";"Sábado";"08:10:00";"PE";101;"45";"IGARASSU";"Falta de atenção";"Colisão lateral";"Sem Vítimas";"Pleno dia";"Crescente";"Nublado";"Múltipla";"Reta";"Urbano";2;0;0;0;2;0;0;2
83497285;"02/09/16";"Sexta";"22:55:00";"GO";153;"436";"ANAPOLIS";"Velocidade incompatível";"Capotamento";"Sem Vítimas";"Plena noite";"Crescente";"Ceu Claro";"Dupla";"Curva";"Urbano";1;0;0;0;1;0;0;1
83497286;"10/09/16";"Sábado";"07:00:00";"RN";304;"157";"FERNANDO PEDROZA";"Não guardar distância de segurança";"Colisão traseira";"Com Vítimas Feridas";"Pleno dia";"Decrescente";"Nublado";"Simples";"Reta";"Rural";2;0;0;1;1;0;1;2
83497287;"06/09/16";"Terça";"08:30:00";"MT";163;"609";"NOVA MUTUM";"Não guardar distância de segurança";"Colisão traseira";"Sem Vítimas";"Pleno dia";"Decrescente";"Ceu Claro";"Simples";"Reta";"Urbano";2;0;0;0;2;0;0;2
83497288;"29/08/16";"Segunda";"07:00:00";"PR";476;"124,7";"CURITIBA";"Falta de atenção";"Colisão lateral";"Com Vítimas Feridas";"Pleno dia";"Crescente";"Nublado";"Dupla";"Reta";"Urbano";2;0;1;0;1;0;1;2
83497289;"07/09/16";"Quarta";"05:00:00";"MS";60;"574,2";"NIOAQUE";"Outras";"Saída de Pista";"Sem Vítimas";"Amanhecer";"Crescente";"Ceu Claro";"Simples";"Reta";"Rural";1;0;0;0;1;0;0;1
83497290;"09/09/16";"Sexta";"19:00:00";"MT";163;"978";"TERRA NOVA DO NORTE";"Animais na Pista";"Atropelamento de animal";"Sem Vítimas";"Plena noite";"Decrescente";"Ceu Claro";"Simples";"Reta";"Rural";4;0;0;0;4;0;0;1
83497291;"07/09/16";"Quarta";"06:30:00";"PR";376;"614";"SAO JOSE DOS PINHAIS";"Outras";"Saída de Pista";"Sem Vítimas";"Amanhecer";"Decrescente";"Ceu Claro";"Dupla";"Reta";"Urbano";1;0;0;0;1;0;0;1
83497292;"10/09/16";"Sábado";"07:00:00";"RS";116;"148,5";"CAXIAS DO SUL";"Ingestão de álcool";"Colisão com objeto fixo";"Sem Vítimas";"Pleno dia";"Crescente";"Ceu Claro";"Dupla";"Curva";"Urbano";1;0;0;0;1;0;0;1
83497293;"10/09/16";"Sábado";"08:30:00";"SC";101;"438";"SOMBRIO";"Falta de atenção";"Colisão traseira";"Com Vítimas Feridas";"Pleno dia";"Decrescente";"Nevoeiro/neblina";"Dupla";"Curva";"Urbano";2;0;1;0;1;0;1;2
83497294;"10/09/16";"Sábado";"09:25:00";"MG";381;"484";"BETIM";"Ingestão de álcool";"Colisão lateral";"Sem Vítimas";"Pleno dia";"Decrescente";"Ceu Claro";"Dupla";"Reta";"Urbano";3;0;0;0;3;0;0;3
83497295;"10/09/16";"Sábado";"10:30:00";"SC";101;"55,2";"JOINVILLE";"Defeito mecânico em veículo";"Queda de motocicleta / bicicleta / veículo";"Com Vítimas Feridas";"Pleno dia";"Decrescente";"Nublado";"Dupla";"Reta";"Rural";2;0;2;0;0;0;2;1
83497296;"10/09/16";"Sábado";"02:15:00";"RS";116;"336";"BARRA DO RIBEIRO";"Outras";"Saída de Pista";"Com Vítimas Feridas";"Plena noite";"Crescente";"Nublado";"Simples";"Reta";"Rural";1;0;0;1;0;0;1;1
83497297;"10/09/16";"Sábado";"08:40:00";"RS";153;"30,1";"TRES ARROIOS";"Falta de atenção";"Colisão frontal";"Com Vítimas Feridas";"Pleno dia";"Crescente";"Ceu Claro";"Simples";"Reta";"Rural";3;0;1;2;0;0;3;2
83497298;"07/09/16";"Quarta";"08:30:00";"RJ";116;"125";"MAGE";"Outras";"Tombamento";"Com Vítimas Feridas";"Pleno dia";"Decrescente";"Ceu Claro";"Dupla";"Curva";"Rural";2;0;2;0;0;0;2;1
83497299;"07/09/16";"Quarta";"16:30:00";"RO";364;"467";"ARIQUEMES";"Defeito mecânico em veículo";"Tombamento";"Sem Vítimas";"Pleno dia";"Crescente";"Ceu Claro";"Dupla";"Curva";"Rural";1;0;0;0;1;0;0;1
83497300;"10/09/16";"Sábado";"10:20:00";"RS";386;"388,3";"TRIUNFO";"Falta de atenção";"Capotamento";"Sem Vítimas";"Pleno dia";"Crescente";"Sol";"Dupla";"Curva";"Urbano";2;0;0;0;2;0;0;2
83497301;"07/09/16";"Quarta";"03:00:00";"MG";135;"437,2";"ENGENHEIRO NAVARRO";"Falta de atenção";"Colisão com objeto fixo";"Sem Vítimas";"Plena noite";"Decrescente";"Ceu Claro";"Simples";"Cruzamento";"Rural";1;0;0;0;1;0;0;1
83497302;"10/09/16";"Sábado";"09:15:00";"SP";153;"55";"SAO JOSE DO RIO PRETO";"Falta de atenção";"Colisão Transversal";"Com Vítimas Feridas";"Pleno dia";"Decrescente";"Ceu Claro";"Simples";"Cruzamento";"Rural";2;0;0;1;0;1;1;2
83497303;"07/09/16";"Quarta";"06:10:00";"MG";251;"515";"FRANCISCO SA";"Outras";"Colisão com objeto fixo";"Com Vítimas Feridas";"Amanhecer";"Crescente";"Ceu Claro";"Simples";"Reta";"Rural";1;0;1;0;0;0;1;1
83497304;"10/09/16";"Sábado";"06:30:00";"PB";230;"32";"BAYEUX";"Defeito mecânico em veículo";"Queda de motocicleta / bicicleta / veículo";"Com Vítimas Feridas";"Pleno dia";"Crescente";"Chuva";"Dupla";"Reta";"Urbano";1;0;1;0;0;0;1;1
83497305;"02/09/16";"Sexta";"16:15:00";"MG";381;"677";"PERDOES";"Não guardar distância de segurança";"Colisão lateral";"Sem Vítimas";"Pleno dia";"Decrescente";"Ceu Claro";"Dupla";"Curva";"Rural";2;0;0;0;2;0;0;2
83497306;"10/09/16";"Sábado";"11:45:00";"SC";101;"202,3";"SAO JOSE";"Não guardar distância de segurança";"Colisão traseira";"Com Vítimas Feridas";"Pleno dia";"Decrescente";"Ceu Claro";"Múltipla";"Reta";"Urbano";3;0;3;0;0;0;3;2
83497307;"10/09/16";"Sábado";"10:35:00";"SC";101;"333";"TUBARAO";"Falta de atenção";"Colisão lateral";"Com Vítimas Feridas";"Pleno dia";"Decrescente";"Sol";"Dupla";"Cruzamento";"Urbano";3;0;2;0;1;0;2;2
83497308;"10/09/16";"Sábado";"09:15:00";"MG";381;"448";"SABARA";"Falta de atenção";"Colisão lateral";"Com Vítimas Feridas";"Pleno dia";"Decrescente";"Ceu Claro";"Simples";"Reta";"Urbano";3;0;1;1;1;0;2;2
83497309;"09/09/16";"Sexta";"15:10:00";"CE";222;"25";"CAUCAIA";"Falta de atenção";"Colisão traseira";"Com Vítimas Feridas";"Pleno dia";"Decrescente";"Ceu Claro";"Simples";"Reta";"Rural";2;0;0;1;1;0;1;2
83497311;"10/09/16";"Sábado";"11:30:00";"SC";470;"76";"INDAIAL";"Defeito mecânico em veículo";"Tombamento";"Sem Vítimas";"Pleno dia";"Crescente";"Ceu Claro";"Simples";"Reta";"Rural";1;0;0;0;1;0;0;1
83497312;"10/09/16";"Sábado";"12:30:00";"PR";376;"601";"CURITIBA";"Falta de atenção";"Colisão traseira";"Com Vítimas Feridas";"Pleno dia";"Crescente";"Ceu Claro";"Dupla";"Reta";"Urbano";2;0;0;1;1;0;1;2
83497313;"10/09/16";"Sábado";"12:30:00";"RJ";40;"99";"DUQUE DE CAXIAS";"Outras";"Tombamento";"Com Vítimas Feridas";"Pleno dia";"Decrescente";"Nublado";"Simples";"Curva";"Rural";1;0;0;1;0;0;1;1
83497314;"06/09/16";"Terça";"09:30:00";"PI";343;"7";"PARNAIBA";"Falta de atenção";"Colisão lateral";"Com Vítimas Feridas";"Pleno dia";"Decrescente";"Ceu Claro";"Simples";"Reta";"Urbano";2;0;1;0;1;0;1;2
83497315;"10/09/16";"Sábado";"08:30:00";"MG";40;"633,4";"CONSELHEIRO LAFAIETE";"Defeito mecânico em veículo";"Incêndio";"Sem Vítimas";"Pleno dia";"Crescente";"Ceu Claro";"Simples";"Reta";"Urbano";1;0;0;0;1;0;0;1
83497316;"06/09/16";"Terça";"23:45:00";"DF";70;"15";"BRASILIA";"Dormindo";"Saída de Pista";"Sem Vítimas";"Plena noite";"Crescente";"Ceu Claro";"Simples";"Reta";"Urbano";1;0;0;0;1;0;0;1
83497317;"10/09/16";"Sábado";"10:55:00";"ES";101;"147,1";"LINHARES";"Falta de atenção";"Colisão lateral";"Com Vítimas Feridas";"Pleno dia";"Decrescente";"Ceu Claro";"Simples";"Reta";"Urbano";4;0;2;0;2;0;2;2
83497318;"10/09/16";"Sábado";"12:40:00";"MG";381;"481,5";"CONTAGEM";"Falta de atenção";"Colisão lateral";"Com Vítimas Feridas";"Pleno dia";"Decrescente";"Ceu Claro";"Múltipla";"Curva";"Urbano";5;0;2;0;3;0;2;3
83497319;"10/09/16";"Sábado";"12:50:00";"RJ";101;"321";"NITEROI";"Defeito mecânico em veículo";"Colisão com objeto fixo";"Sem Vítimas";"Pleno dia";"Decrescente";"Nublado";"Dupla";"Curva";"Urbano";1;0;0;0;1;0;0;1
83497320;"10/09/16";"Sábado";"09:30:00";"RJ";101;"571";"PARATI";"Outras";"Queda de motocicleta / bicicleta / veículo";"Com Vítimas Feridas";"Pleno dia";"Crescente";"Nublado";"Simples";"Reta";"Rural";2;0;1;0;1;0;1;1
83497321;"07/09/16";"Quarta";"05:00:00";"MG";50;"86";"UBERLANDIA";"Falta de atenção";"Colisão lateral";"Com Vítimas Feridas";"Plena noite";"Crescente";"Ceu Claro";"Dupla";"Reta";"Urbano";2;0;0;1;0;1;1;2
83497322;"07/09/16";"Quarta";"04:30:00";"DF";20;"6";"BRASILIA";"Outras";"Colisão Transversal";"Com Vítimas Feridas";"Plena noite";"Crescente";"Ceu Claro";"Dupla";"Reta";"Urbano";8;0;6;0;1;1;6;2
83497323;"10/06/16";"Sexta";"11:30:00";"MT";163;"94";"RONDONOPOLIS";"Falta de atenção";"Saída de Pista";"Sem Vítimas";"Pleno dia";"Crescente";"Ceu Claro";"Simples";"Reta";"Rural";1;0;0;0;1;0;0;1
83497324;"10/09/16";"Sábado";"09:40:00";"MG";146;"558";"ANDRADAS";"Animais na Pista";"Saída de Pista";"Com Vítimas Feridas";"Pleno dia";"Decrescente";"Sol";"Simples";"Reta";"Rural";1;0;1;0;0;0;1;1
83497325;"10/09/16";"Sábado";"12:45:00";"RS";116;"244,3";"SAO LEOPOLDO";"Velocidade incompatível";"Colisão com bicicleta";"Com Vítimas Feridas";"Pleno dia";"Crescente";"Sol";"Múltipla";"Reta";"Urbano";2;0;0;1;1;0;1;2
83497326;"10/09/16";"Sábado";"11:20:00";"PB";101;"63,7";"SANTA RITA";"Outras";"Colisão com objeto fixo";"Ignorado";"Pleno dia";"Decrescente";"Chuva";"Dupla";"Curva";"Rural";1;0;0;0;0;1;0;1
83497327;"10/09/16";"Sábado";"09:50:00";"SC";470;"116";"IBIRAMA";"Defeito na via";"Colisão traseira";"Com Vítimas Feridas";"Pleno dia";"Decrescente";"Sol";"Simples";"Reta";"Urbano";3;0;1;0;2;0;1;3
83497328;"06/09/16";"Terça";"22:15:00";"SP";381;"81";"SAO PAULO";"Falta de atenção";"Colisão traseira";"Com Vítimas Feridas";"Plena noite";"Decrescente";"Ceu Claro";"Dupla";"Reta";"Urbano";2;0;1;0;1;0;1;2
83497329;"10/09/16";"Sábado";"08:10:00";"RJ";116;"6";"SAPUCAIA";"Velocidade incompatível";"Saída de Pista";"Com Vítimas Feridas";"Pleno dia";"Decrescente";"Nublado";"Simples";"Curva";"Rural";4;0;4;0;0;0;4;1
83497330;"07/09/16";"Quarta";"06:45:00";"RO";364;"381";"JI-PARANA";"Falta de atenção";"Tombamento";"Com Vítimas Feridas";"Amanhecer";"Crescente";"Ceu Claro";"Simples";"Reta";"Rural";1;0;1;0;0;0;1;1
83497331;"10/09/16";"Sábado";"14:00:00";"DF";70;"15";"BRASILIA";"Defeito mecânico em veículo";"Incêndio";"Sem Vítimas";"Pleno dia";"Decrescente";"Ceu Claro";"Dupla";"Reta";"Rural";1;0;0;0;1;0;0;1
83497332;"10/09/16";"Sábado";"12:50:00";"GO";153;"501";"GOIANIA";"Outras";"Colisão lateral";"Com Vítimas Feridas";"Pleno dia";"Decrescente";"Sol";"Dupla";"Reta";"Urbano";2;0;1;0;1;0;1;2
83497333;"06/09/16";"Terça";"01:45:00";"MG";116;"270,4";"TEOFILO OTONI";"Animais na Pista";"Atropelamento de animal";"Sem Vítimas";"Plena noite";"Crescente";"Ceu Claro";"Simples";"Reta";"Rural";1;0;0;0;1;0;0;1
83497334;"10/09/16";"Sábado";"09:40:00";"SC";101;"424";"ARARANGUA";"Desobediência à sinalização";"Colisão traseira";"Com Vítimas Feridas";"Pleno dia";"Decrescente";"Sol";"Dupla";"Reta";"Urbano";2;0;1;0;1;0;1;2
83497335;"10/09/16";"Sábado";"05:30:00";"MG";116;"737,2";"LARANJAL";"Outras";"Colisão com objeto fixo";"Sem Vítimas";"Amanhecer";"Crescente";"Ceu Claro";"Simples";"Reta";"Urbano";2;0;0;0;2;0;0;2
83497336;"10/09/16";"Sábado";"13:35:00";"PE";232;"266,1";"SERTANIA";"Falta de atenção";"Capotamento";"Com Vítimas Feridas";"Pleno dia";"Crescente";"Ceu Claro";"Simples";"Reta";"Rural";2;0;0;1;1;0;1;2
83497337;"10/09/16";"Sábado";"13:00:00";"SC";470;"91";"ASCURRA";"Falta de atenção";"Colisão traseira";"Com Vítimas Feridas";"Pleno dia";"Crescente";"Sol";"Simples";"Reta";"Urbano";2;0;1;0;1;0;1;2
83497338;"10/09/16";"Sábado";"13:30:00";"PR";116;"14,8";"COLOMBO";"Falta de atenção";"Colisão traseira";"Com Vítimas Feridas";"Pleno dia";"Decrescente";"Ceu Claro";"Dupla";"Reta";"Urbano";2;0;1;0;1;0;1;2
83497339;"10/09/16";"Sábado";"13:15:00";"RS";285;"267,7";"MATO CASTELHANO";"Falta de atenção";"Colisão traseira";"Com Vítimas Feridas";"Pleno dia";"Decrescente";"Ceu Claro";"Simples";"Reta";"Rural";3;0;2;0;1;0;2;2
83497340;"10/09/16";"Sábado";"13:20:00";"PB";230;"32,8";"BAYEUX";"Falta de atenção";"Queda de motocicleta / bicicleta / veículo";"Com Vítimas Feridas";"Pleno dia";"Decrescente";"Nublado";"Dupla";"Reta";"Urbano";3;0;1;1;1;0;2;2
83497341;"02/09/16";"Sexta";"23:20:00";"BA";324;"598";"SIMOES FILHO";"Outras";"Saída de Pista";"Sem Vítimas";"Plena noite";"Crescente";"Chuva";"Dupla";"Reta";"Rural";1;0;0;0;1;0;0;1
83497342;"10/09/16";"Sábado";"01:00:00";"PE";232;"185";"BELO JARDIM";"Animais na Pista";"Saída de Pista";"Sem Vítimas";"Plena noite";"Decrescente";"Ceu Claro";"Simples";"Reta";"Rural";1;0;0;0;1;0;0;1
83497343;"10/09/16";"Sábado";"11:45:00";"RN";101;"125,4";"SAO JOSE DE MIPIBU";"Falta de atenção";"Colisão Transversal";"Com Vítimas Feridas";"Pleno dia";"Crescente";"Chuva";"Dupla";"Cruzamento";"Urbano";2;0;0;1;1;0;1;2
83497344;"10/09/16";"Sábado";"08:35:00";"GO";50;"140,7";"IPAMERI";"Dormindo";"Colisão traseira";"Com Vítimas Feridas";"Pleno dia";"Crescente";"Ceu Claro";"Dupla";"Reta";"Urbano";4;0;1;0;3;0;1;2
83497345;"10/09/16";"Sábado";"06:00:00";"RN";101;"101";"PARNAMIRIM";"Falta de atenção";"Colisão traseira";"Sem Vítimas";"Pleno dia";"Crescente";"Chuva";"Dupla";"Reta";"Urbano";2;0;0;0;2;0;0;2
83497346;"10/09/16";"Sábado";"15:10:00";"RJ";101;"307,8";"SAO GONCALO";"Falta de atenção";"Colisão traseira";"Sem Vítimas";"Pleno dia";"Crescente";"Nublado";"Dupla";"Reta";"Urbano";2;0;0;0;2;0;0;2
83497347;"10/09/16";"Sábado";"15:00:00";"SC";101;"41,3";"JOINVILLE";"Falta de atenção";"Colisão Transversal";"Com Vítimas Feridas";"Pleno dia";"Decrescente";"Sol";"Dupla";"Cruzamento";"Urbano";4;0;3;0;1;0;3;2
83497348;"07/09/16";"Quarta";"16:00:00";"MT";364;"439";"VARZEA GRANDE";"Velocidade incompatível";"Colisão lateral";"Sem Vítimas";"Pleno dia";"Crescente";"Ceu Claro";"Dupla";"Curva";"Rural";2;0;0;0;2;0;0;2
83497349;"07/09/16";"Quarta";"05:40:00";"SE";101;"140";"ESTANCIA";"Dormindo";"Tombamento";"Com Vítimas Feridas";"Amanhecer";"Decrescente";"Chuva";"Dupla";"Reta";"Rural";1;0;1;0;0;0;1;1
83497350;"07/09/16";"Quarta";"05:00:00";"RJ";101;"253";"RIO BONITO";"Falta de atenção";"Colisão frontal";"Com Vítimas Feridas";"Amanhecer";"Decrescente";"Nublado";"Simples";"Reta";"Rural";2;0;1;0;1;0;1;2
83497351;"10/09/16";"Sábado";"13:30:00";"MS";163;"713,8";"RIO VERDE DE MATO GROSSO";"Defeito mecânico em veículo";"Incêndio";"Com Vítimas Feridas";"Pleno dia";"Crescente";"Ceu Claro";"Simples";"Reta";"Rural";2;0;1;0;1;0;1;1
83497352;"24/07/16";"Domingo";"18:36:00";"RO";364;"684";"CANDEIAS DO JAMARI";"Falta de atenção";"Colisão traseira";"Com Vítimas Feridas";"Pleno dia";"Crescente";"Sol";"Simples";"Reta";"Urbano";2;0;1;0;1;0;1;2
83497354;"10/09/16";"Sábado";"15:30:00";"PB";230;"136";"CAMPINA GRANDE";"Velocidade incompatível";"Saída de Pista";"Com Vítimas Feridas";"Pleno dia";"Crescente";"Chuva";"Dupla";"Curva";"Rural";1;0;1;0;0;0;1;1
83497355;"10/09/16";"Sábado";"09:45:00";"RO";364;"613";"CANDEIAS DO JAMARI";"Outras";"Danos Eventuais";"Sem Vítimas";"Pleno dia";"Decrescente";"Sol";"Simples";"Reta";"Rural";2;0;0;0;2;0;0;2
83497356;"06/09/16";"Terça";"21:10:00";"SP";116;"221";"GUARULHOS";"Outras";"Colisão lateral";"Sem Vítimas";"Plena noite";"Crescente";"Ceu Claro";"Múltipla";"Reta";"Urbano";2;0;0;0;2;0;0;2
83497357;"10/09/16";"Sábado";"12:00:00";"MT";163;"803";"SINOP";"Dormindo";"Queda de motocicleta / bicicleta / veículo";"Com Vítimas Feridas";"Pleno dia";"Decrescente";"Ceu Claro";"Simples";"Reta";"Rural";1;0;1;0;0;0;1;1
83497358;"10/09/16";"Sábado";"11:00:00";"PB";101;"73,7";"SANTA RITA";"Velocidade incompatível";"Colisão com objeto fixo";"Sem Vítimas";"Pleno dia";"Decrescente";"Chuva";"Dupla";"Curva";"Rural";1;0;0;0;1;0;0;1
83497359;"10/09/16";"Sábado";"06:30:00";"BA";330;"762";"JITAUNA";"Velocidade incompatível";"Saída de Pista";"Com Vítimas Feridas";"Pleno dia";"Crescente";"Chuva";"Simples";"Curva";"Rural";1;0;1;0;0;0;1;1
83497360;"10/09/16";"Sábado";"10:30:00";"PR";376;"218,5";"JANDAIA DO SUL";"Falta de atenção";"Colisão Transversal";"Sem Vítimas";"Pleno dia";"Crescente";"Ceu Claro";"Simples";"Reta";"Urbano";2;0;0;0;2;0;0;2
83497361;"06/09/16";"Terça";"18:30:00";"ES";259;"63";"COLATINA";"Desobediência à sinalização";"Colisão Transversal";"Com Vítimas Feridas";"Plena noite";"Crescente";"Ceu Claro";"Simples";"Cruzamento";"Urbano";2;0;1;0;1;0;1;2
83497362;"10/09/16";"Sábado";"12:00:00";"PB";230;"29";"JOAO PESSOA";"Não guardar distância de segurança";"Colisão traseira";"Sem Vítimas";"Pleno dia";"Crescente";"Chuva";"Dupla";"Reta";"Urbano";2;0;0;0;2;0;0;2
83497363;"10/09/16";"Sábado";"14:00:00";"SE";101;"33";"CAPELA";"Outras";"Saída de Pista";"Sem Vítimas";"Pleno dia";"Crescente";"Ceu Claro";"Dupla";"Reta";"Rural";1;0;0;0;1;0;0;1
83497364;"07/09/16";"Quarta";"17:40:00";"ES";101;"187";"ARACRUZ";"Outras";"Colisão Transversal";"Com Vítimas Feridas";"Pleno dia";"Crescente";"Ceu Claro";"Simples";"Reta";"Urbano";2;0;0;1;0;1;1;2
83497365;"10/09/16";"Sábado";"11:40:00";"SC";116;"195,9";"PONTE ALTA";"Outras";"Colisão com objeto fixo";"Sem Vítimas";"Pleno dia";"Decrescente";"Sol";"Simples";"Reta";"Rural";2;0;0;0;2;0;0;1
83497366;"10/09/16";"Sábado";"16:20:00";"GO";153;"367,4";"JARAGUA";"Falta de atenção";"Saída de Pista";"Com Vítimas Feridas";"Pleno dia";"Crescente";"Ceu Claro";"Simples";"Reta";"Rural";3;0;2;1;0;0;3;1
83497367;"10/09/16";"Sábado";"14:20:00";"MG";381;"699";"LAVRAS";"Dormindo";"Colisão lateral";"Sem Vítimas";"Pleno dia";"Decrescente";"Ceu Claro";"Dupla";"Reta";"Rural";2;0;0;0;2;0;0;2
83497368;"09/09/16";"Sexta";"16:30:00";"MG";381;"744,1";"TRES CORACOES";"Outras";"Tombamento";"Com Vítimas Feridas";"Pleno dia";"Decrescente";"Ceu Claro";"Dupla";"Curva";"Rural";1;0;0;1;0;0;1;1
83497369;"06/09/16";"Terça";"18:30:00";"PR";376;"257";"CALIFORNIA";"Outras";"Atropelamento de pessoa";"Com Vítimas Feridas";"Anoitecer";"Decrescente";"Ceu Claro";"Simples";"Reta";"Urbano";4;0;1;0;3;0;1;1