"id";"data_inversa";"dia_semana";"horario";"uf";"br";"km";"municipio";"causa_acidente";"tipo_acidente";"classificacao_acidente";"fase_dia";"sentido_via";"condicao_metereologica";"tipo_pista";"tracado_via";"uso_solo";"pessoas";"mortos";"feridos_leves";"feridos_graves";"ilesos";"ignorados";"feridos";"veiculos"
83497477;"10/09/16";"Sábado";"20:30:00";"RN";110;"50";"MOSSORO";"Ingestão de álcool";"Colisão com objeto móvel";"Com Vítimas Feridas";"Plena noite";"Crescente";"Ceu Claro";"Simples";"Reta";"Urbano";2;0;1;0;1;0;1;1
83497478;"10/09/16";"Sábado";"19:50:00";"PR";369;"461,4";"UBIRATA";"Ingestão de álcool";"Colisão frontal";"Com Vítimas Feridas";"Plena noite";"Crescente";"Ceu Claro";"Simples";"Reta";"Rural";2;0;1;1;0;0;2;2
83497479;"10/09/16";"Sábado";"15:30:00";"MT";163;"551,4";"DIAMANTINO";"Ultrapassagem indevida";"Colisão lateral";"Com Vítimas Feridas";"Pleno dia";"Decrescente";"Ignorada";"Simples";"Reta";"Rural";4;0;3;0;1;0;3;2
83497480;"11/09/16";"Domingo";"00:15:00";"RJ";101;"317";"SAO GONCALO";"Falta de atenção";"Saída de Pista";"Sem Vítimas";"Plena noite";"Decrescente";"Ceu Claro";"Dupla";"Reta";"Urbano";1;0;0;0;1;0;0;1
83497481;"10/09/16";"Sábado";"23:10:00";"RS";116;"247";"SAO LEOPOLDO";"Velocidade incompatível";"Colisão Transversal";"Com Vítimas Feridas";"Plena noite";"Crescente";"Ceu Claro";"Múltipla";"Curva";"Urbano";2;0;1;0;1;0;1;2
83497482;"10/09/16";"Sábado";"11:15:00";"RS";290;"142,8";"ELDORADO DO SUL";"Falta de atenção";"Colisão lateral";"Com Vítimas Feridas";"Pleno dia";"Decrescente";"Sol";"Simples";"Reta";"Rural";3;0;0;2;1;0;2;2
83497483;"11/09/16";"Domingo";"00:20:00";"PE";424;"86,1";"GARANHUNS";"Ingestão de álcool";"Colisão frontal";"Com Vítimas Feridas";"Plena noite";"Decrescente";"Chuva";"Simples";"Reta";"Urbano";3;0;0;3;0;0;3;2
83497484;"10/09/16";"Sábado";"19:40:00";"SP";116;"411,3";"REGISTRO";"Outras";"Atropelamento de animal";"Sem Vítimas";"Plena noite";"Decrescente";"Nublado";"Dupla";"Reta";"Rural";1;0;0;0;1;0;0;1
83497485;"06/09/16";"Terça";"19:20:00";"SP";116;"278";"EMBU";"Falta de atenção";"Colisão traseira";"Sem Vítimas";"Plena noite";"Decrescente";"Ceu Claro";"Dupla";"Curva";"Urbano";3;0;0;0;3;0;0;2
83497486;"10/09/16";"Sábado";"17:30:00";"PA";316;"17,8";"MARITUBA";"Falta de atenção";"Colisão lateral";"Sem Vítimas";"Anoitecer";"Crescente";"Nublado";"Dupla";"Reta";"Urbano";2;0;0;0;2;0;0;2
83497487;"10/09/16";"Sábado";"15:40:00";"SC";101;"209";"SAO JOSE";"Não guardar distância de segurança";"Colisão traseira";"Com Vítimas Feridas";"Pleno dia";"Decrescente";"Sol";"Múltipla";"Reta";"Urbano";8;0;0;2;6;0;2;5
83497488;"11/09/16";"Domingo";"00:50:00";"SC";101;"459";"SAO JOAO DO SUL";"Animais na Pista";"Atropelamento de animal";"Sem Vítimas";"Plena noite";"Crescente";"Nevoeiro/neblina";"Dupla";"Reta";"Rural";1;0;0;0;1;0;0;1
83497489;"10/09/16";"Sábado";"15:00:00";"PR";376;"178,8";"ARAPONGAS";"Falta de atenção";"Colisão traseira";"Com Vítimas Feridas";"Pleno dia";"Decrescente";"Ceu Claro";"Simples";"Reta";"Urbano";4;0;1;0;1;2;1;2
83497490;"11/09/16";"Domingo";"01:30:00";"SC";101;"409";"ARARANGUA";"Falta de atenção";"Saída de Pista";"Com Vítimas Feridas";"Plena noite";"Crescente";"Ceu Claro";"Dupla";"Reta";"Urbano";3;0;2;0;1;0;2;1
83497491;"11/09/16";"Domingo";"00:05:00";"RO";364;"240,1";"CACOAL";"Falta de atenção";"Saída de Pista";"Com Vítimas Feridas";"Plena noite";"Crescente";"Nublado";"Simples";"Reta";"Urbano";1;0;1;0;0;0;1;1
83497492;"05/09/16";"Segunda";"15:30:00";"GO";60;"5";"SANTO ANTONIO DO DESCOBERTO";"Outras";"Capotamento";"Sem Vítimas";"Plena noite";"Crescente";"Ceu Claro";"Dupla";"Curva";"Rural";1;0;0;0;1;0;0;1
83497493;"11/09/16";"Domingo";"02:00:00";"SC";282;"22,5";"SANTO AMARO DA IMPERATRIZ";"Desobediência à sinalização";"Colisão lateral";"Com Vítimas Feridas";"Plena noite";"Crescente";"Ceu Claro";"Simples";"Reta";"Urbano";2;0;1;0;1;0;1;2
83497494;"10/09/16";"Sábado";"21:30:00";"PR";376;"522,1";"PONTA GROSSA";"Não guardar distância de segurança";"Tombamento";"Sem Vítimas";"Plena noite";"Decrescente";"Ceu Claro";"Dupla";"Reta";"Rural";4;0;0;0;3;1;0;4
83497495;"14/08/16";"Domingo";"01:30:00";"GO";452;"96,8";"BOM JESUS DE GOIAS";"Outras";"Colisão com objeto fixo";"Com Vítimas Feridas";"Plena noite";"Crescente";"Ceu Claro";"Simples";"Reta";"Rural";1;0;1;0;0;0;1;1
83497496;"11/09/16";"Domingo";"00:45:00";"SC";470;"181,5";"POUSO REDONDO";"Não guardar distância de segurança";"Colisão traseira";"Sem Vítimas";"Plena noite";"Decrescente";"Ceu Claro";"Simples";"Reta";"Urbano";4;0;0;0;4;0;0;2
83497497;"10/09/16";"Sábado";"23:30:00";"PR";476;"118";"COLOMBO";"Outras";"Colisão com objeto fixo";"Sem Vítimas";"Plena noite";"Decrescente";"Ceu Claro";"Dupla";"Reta";"Urbano";1;0;0;0;1;0;0;1
83497498;"11/09/16";"Domingo";"02:00:00";"RS";470;"194,3";"BENTO GONCALVES";"Ingestão de álcool";"Saída de Pista";"Com Vítimas Feridas";"Plena noite";"Decrescente";"Ceu Claro";"Simples";"Curva";"Rural";1;0;1;0;0;0;1;1
83497499;"10/09/16";"Sábado";"16:10:00";"SE";101;"85,6";"NOSSA SENHORA DO SOCORRO";"Defeito mecânico em veículo";"Colisão com objeto móvel";"Com Vítimas Feridas";"Pleno dia";"Decrescente";"Ceu Claro";"Dupla";"Reta";"Rural";2;0;0;1;1;0;1;2
83497500;"11/09/16";"Domingo";"02:40:00";"PR";376;"1,9";"MARINGA";"Outras";"Saída de Pista";"Com Vítimas Fatais";"Plena noite";"Crescente";"Ceu Claro";"Dupla";"Reta";"Urbano";1;1;0;0;0;0;0;1
83497501;"06/09/16";"Terça";"18:30:00";"PE";423;"57";"LAJEDO";"Outras";"Colisão frontal";"Com Vítimas Fatais";"Plena noite";"Crescente";"Ceu Claro";"Simples";"Reta";"Rural";2;1;0;1;0;0;1;2
83497502;"11/09/16";"Domingo";"03:30:00";"SC";101;"208";"SAO JOSE";"Ingestão de álcool";"Colisão com objeto fixo";"Com Vítimas Feridas";"Plena noite";"Crescente";"Ceu Claro";"Simples";"Reta";"Urbano";2;0;1;1;0;0;2;1
83497503;"11/09/16";"Domingo";"02:15:00";"MG";40;"725";"BARBACENA";"Dormindo";"Colisão com objeto fixo";"Sem Vítimas";"Plena noite";"Decrescente";"Nevoeiro/neblina";"Dupla";"Curva";"Rural";1;0;0;0;1;0;0;1
83497504;"10/09/16";"Sábado";"16:30:00";"SC";101;"60";"ARAQUARI";"Falta de atenção";"Colisão lateral";"Com Vítimas Feridas";"Pleno dia";"Crescente";"Nublado";"Dupla";"Reta";"Urbano";3;0;1;0;2;0;1;3
83497505;"10/09/16";"Sábado";"18:40:00";"MG";381;"503";"BETIM";"Ingestão de álcool";"Colisão traseira";"Com Vítimas Feridas";"Plena noite";"Decrescente";"Ceu Claro";"Dupla";"Reta";"Urbano";7;0;3;0;4;0;3;3
83497506;"11/09/16";"Domingo";"01:15:00";"PR";376;"592";"CURITIBA";"Velocidade incompatível";"Saída de Pista";"Com Vítimas Feridas";"Plena noite";"Crescente";"Ceu Claro";"Dupla";"Reta";"Urbano";1;0;0;1;0;0;1;1
83497507;"10/09/16";"Sábado";"23:40:00";"SC";101;"379,5";"ICARA";"Velocidade incompatível";"Colisão traseira";"Com Vítimas Fatais";"Plena noite";"Decrescente";"Ceu Claro";"Dupla";"Reta";"Rural";5;3;1;0;1;0;1;2
83497508;"10/09/16";"Sábado";"22:30:00";"PE";423;"93";"GARANHUNS";"Animais na Pista";"Atropelamento de animal";"Com Vítimas Feridas";"Pleno dia";"Decrescente";"Chuva";"Simples";"Reta";"Urbano";1;0;0;1;0;0;1;1
83497509;"10/09/16";"Sábado";"16:00:00";"MT";163;"531,9";"DIAMANTINO";"Falta de atenção";"Queda de motocicleta / bicicleta / veículo";"Com Vítimas Feridas";"Pleno dia";"Crescente";"Ignorada";"Simples";"Reta";"Rural";1;0;0;1;0;0;1;1
83497510;"11/09/16";"Domingo";"05:00:00";"BA";101;"734";"ITABELA";"Defeito mecânico em veículo";"Saída de Pista";"Com Vítimas Feridas";"Amanhecer";"Crescente";"Chuva";"Simples";"Curva";"Rural";1;0;1;0;0;0;1;1
83497511;"11/09/16";"Domingo";"05:10:00";"SC";101;"341";"TUBARAO";"Ingestão de álcool";"Queda de motocicleta / bicicleta / veículo";"Com Vítimas Feridas";"Amanhecer";"Decrescente";"Ceu Claro";"Dupla";"Reta";"Urbano";1;0;1;0;0;0;1;1
83497512;"11/09/16";"Domingo";"01:10:00";"DF";80;"16,1";"BRASILIA";"Ultrapassagem indevida";"Colisão frontal";"Com Vítimas Fatais";"Plena noite";"Decrescente";"Ceu Claro";"Simples";"Reta";"Rural";3;1;0;0;1;1;0;3
83497513;"10/09/16";"Sábado";"00:30:00";"RO";364;"644";"CANDEIAS DO JAMARI";"Animais na Pista";"Atropelamento de animal";"Sem Vítimas";"Plena noite";"Crescente";"Ceu Claro";"Simples";"Reta";"Rural";1;0;0;0;1;0;0;1
83497514;"11/09/16";"Domingo";"04:20:00";"DF";60;"6";"BRASILIA";"Outras";"Atropelamento de pessoa";"Com Vítimas Feridas";"Plena noite";"Crescente";"Ceu Claro";"Dupla";"Reta";"Urbano";2;0;0;1;1;0;1;1
83497515;"06/09/16";"Terça";"05:10:00";"BA";324;"585";"CANDEIAS";"Outras";"Capotamento";"Com Vítimas Feridas";"Pleno dia";"Crescente";"Ceu Claro";"Dupla";"Reta";"Rural";3;0;2;1;0;0;3;1
83497516;"11/09/16";"Domingo";"05:10:00";"SC";282;"603";"MARAVILHA";"Dormindo";"Saída de Pista";"Com Vítimas Feridas";"Plena noite";"Decrescente";"Ceu Claro";"Simples";"Curva";"Rural";1;0;0;1;0;0;1;1
83497517;"11/09/16";"Domingo";"00:05:00";"PR";369;"59";"BANDEIRANTES";"Animais na Pista";"Atropelamento de animal";"Com Vítimas Feridas";"Plena noite";"Decrescente";"Ceu Claro";"Simples";"Reta";"Rural";5;0;1;0;4;0;1;2
83497518;"11/09/16";"Domingo";"05:25:00";"SP";116;"54,1";"LORENA";"Outras";"Capotamento";"Ignorado";"Pleno dia";"Decrescente";"Nublado";"Dupla";"Reta";"Urbano";1;0;0;0;0;1;0;1
83497519;"03/09/16";"Sábado";"07:10:00";"ES";101;"271,5";"SERRA";"Não guardar distância de segurança";"Colisão traseira";"Sem Vítimas";"Pleno dia";"Decrescente";"Nublado";"Dupla";"Cruzamento";"Urbano";2;0;0;0;1;1;0;2
83497520;"11/09/16";"Domingo";"06:30:00";"PA";308;"155";"CAPANEMA";"Falta de atenção";"Saída de Pista";"Com Vítimas Feridas";"Pleno dia";"Crescente";"Sol";"Simples";"Reta";"Rural";3;0;0;1;2;0;1;1
83497521;"10/09/16";"Sábado";"20:00:00";"PA";163;"998";"SANTAREM";"Ingestão de álcool";"Colisão com bicicleta";"Com Vítimas Feridas";"Plena noite";"Decrescente";"Ceu Claro";"Simples";"Reta";"Urbano";2;0;1;1;0;0;2;2
83497522;"07/09/16";"Quarta";"19:40:00";"DF";251;"33,8";"BRASILIA";"Falta de atenção";"Colisão Transversal";"Com Vítimas Feridas";"Plena noite";"Decrescente";"Ceu Claro";"Simples";"Reta";"Rural";3;0;1;0;2;0;1;2
83497523;"07/09/16";"Quarta";"17:00:00";"MG";262;"371";"JUATUBA";"Defeito mecânico em veículo";"Queda de motocicleta / bicicleta / veículo";"Com Vítimas Feridas";"Pleno dia";"Decrescente";"Ceu Claro";"Dupla";"Reta";"Rural";2;0;2;0;0;0;2;1
83497524;"10/09/16";"Sábado";"20:00:00";"SP";116;"269,1";"TABOAO DA SERRA";"Outras";"Atropelamento de pessoa";"Com Vítimas Feridas";"Plena noite";"Decrescente";"Nublado";"Dupla";"Reta";"Urbano";2;0;1;0;1;0;1;1
83497525;"10/09/16";"Sábado";"23:18:00";"MS";163;"508,5";"JARAGUARI";"Animais na Pista";"Atropelamento de animal";"Sem Vítimas";"Plena noite";"Crescente";"Ceu Claro";"Simples";"Reta";"Rural";2;0;0;0;2;0;0;1
83497526;"11/09/16";"Domingo";"05:20:00";"RS";480;"71,9";"ERECHIM";"Velocidade incompatível";"Colisão com objeto fixo";"Sem Vítimas";"Plena noite";"Decrescente";"Ceu Claro";"Simples";"Reta";"Rural";1;0;0;0;1;0;0;1
83497527;"11/09/16";"Domingo";"04:30:00";"MS";163;"440,8";"CAMPO GRANDE";"Defeito mecânico em veículo";"Colisão com objeto fixo";"Sem Vítimas";"Plena noite";"Decrescente";"Ceu Claro";"Simples";"Reta";"Rural";1;0;0;0;1;0;0;1
83497528;"11/09/16";"Domingo";"06:50:00";"TO";153;"493";"PARAISO DO TOCANTINS";"Falta de atenção";"Colisão Transversal";"Sem Vítimas";"Pleno dia";"Decrescente";"Ceu Claro";"Simples";"Reta";"Urbano";2;0;0;0;1;1;0;2
83497529;"11/09/16";"Domingo";"02:50:00";"SC";280;"232,7";"CANOINHAS";"Velocidade incompatível";"Capotamento";"Sem Vítimas";"Plena noite";"Decrescente";"Nublado";"Simples";"Reta";"Urbano";1;0;0;0;1;0;0;1
83497530;"07/09/16";"Quarta";"21:00:00";"MG";381;"478";"CONTAGEM";"Ingestão de álcool";"Colisão traseira";"Com Vítimas Feridas";"Plena noite";"Crescente";"Ceu Claro";"Múltipla";"Reta";"Urbano";3;0;3;0;0;0;3;2
83497531;"11/09/16";"Domingo";"05:00:00";"MS";163;"615";"SAO GABRIEL DO OESTE";"Defeito mecânico em veículo";"Incêndio";"Ignorado";"Amanhecer";"Crescente";"Ceu Claro";"Simples";"Curva";"Urbano";1;0;0;0;0;1;0;1
83497532;"08/09/16";"Quinta";"19:00:00";"PR";277;"21,5";"MORRETES";"Falta de atenção";"Atropelamento de pessoa";"Com Vítimas Feridas";"Plena noite";"Crescente";"Ceu Claro";"Dupla";"Reta";"Rural";2;0;1;0;1;0;1;1
83497533;"09/09/16";"Sexta";"16:15:00";"ES";101;"277,6";"SERRA";"Defeito mecânico em veículo";"Queda de motocicleta / bicicleta / veículo";"Com Vítimas Feridas";"Pleno dia";"Crescente";"Nublado";"Dupla";"Curva";"Urbano";1;0;1;0;0;0;1;1
83497534;"23/06/16";"Quinta";"19:30:00";"PR";277;"104";"CAMPO LARGO";"Outras";"Colisão lateral";"Sem Vítimas";"Plena noite";"Crescente";"Ceu Claro";"Dupla";"Reta";"Urbano";2;0;0;0;2;0;0;2
83497535;"03/09/16";"Sábado";"19:00:00";"GO";40;"7";"LUZIANIA";"Ingestão de álcool";"Atropelamento de pessoa";"Com Vítimas Feridas";"Plena noite";"Crescente";"Ceu Claro";"Dupla";"Reta";"Urbano";2;0;0;1;0;1;1;1
83497536;"11/09/16";"Domingo";"04:15:00";"RS";116;"300,9";"GUAIBA";"Outras";"Saída de Pista";"Sem Vítimas";"Plena noite";"Crescente";"Ceu Claro";"Simples";"Reta";"Urbano";1;0;0;0;1;0;0;1
83497537;"07/09/16";"Quarta";"09:00:00";"CE";116;"529";"JATI";"Outras";"Tombamento";"Sem Vítimas";"Pleno dia";"Crescente";"Sol";"Simples";"Curva";"Rural";1;0;0;0;1;0;0;1
83497538;"11/09/16";"Domingo";"03:30:00";"MS";163;"676,9";"RIO VERDE DE MATO GROSSO";"Dormindo";"Colisão com objeto fixo";"Com Vítimas Feridas";"Plena noite";"Crescente";"Ceu Claro";"Simples";"Reta";"Rural";2;0;1;1;0;0;2;1
83497539;"04/09/16";"Domingo";"18:30:00";"MG";135;"590,8";"CORINTO";"Outras";"Colisão Transversal";"Com Vítimas Fatais";"Plena noite";"Decrescente";"Ceu Claro";"Simples";"Reta";"Rural";6;5;1;0;0;0;1;2
83497540;"11/09/16";"Domingo";"06:00:00";"AL";101;"193,5";"SAO SEBASTIAO";"Falta de atenção";"Saída de Pista";"Sem Vítimas";"Amanhecer";"Decrescente";"Chuva";"Dupla";"Curva";"Rural";1;0;0;0;1;0;0;1
83497541;"03/09/16";"Sábado";"15:05:00";"PA";316;"65";"CASTANHAL";"Desobediência à sinalização";"Colisão Transversal";"Com Vítimas Feridas";"Pleno dia";"Crescente";"Nublado";"Dupla";"Reta";"Urbano";2;0;1;0;1;0;1;2
83497542;"10/09/16";"Sábado";"19:57:00";"BA";407;"126";"SENHOR DO BONFIM";"Animais na Pista";"Atropelamento de animal";"Com Vítimas Feridas";"Plena noite";"Decrescente";"Nublado";"Simples";"Reta";"Rural";1;0;0;1;0;0;1;1
83497543;"07/09/16";"Quarta";"13:30:00";"MG";365;"34,2";"MONTES CLAROS";"Ingestão de álcool";"Tombamento";"Com Vítimas Feridas";"Pleno dia";"Crescente";"Ceu Claro";"Simples";"Reta";"Rural";1;0;1;0;0;0;1;1
83497544;"08/09/16";"Quinta";"03:12:00";"BA";324;"518";"FEIRA DE SANTANA";"Velocidade incompatível";"Saída de Pista";"Ignorado";"Plena noite";"Decrescente";"Ceu Claro";"Dupla";"Reta";"Urbano";1;0;0;0;0;1;0;1
83497545;"11/09/16";"Domingo";"05:10:00";"PR";476;"128";"CURITIBA";"Velocidade incompatível";"Colisão com bicicleta";"Com Vítimas Fatais";"Plena noite";"Decrescente";"Nublado";"Múltipla";"Curva";"Urbano";2;1;0;0;0;1;0;2
83497546;"07/09/16";"Quarta";"14:00:00";"ES";262;"33";"DOMINGOS MARTINS";"Falta de atenção";"Colisão lateral";"Com Vítimas Feridas";"Pleno dia";"Crescente";"Ceu Claro";"Dupla";"Curva";"Urbano";3;0;1;1;1;0;2;2
83497547;"09/09/16";"Sexta";"17:20:00";"PA";230;"121";"MARABA";"Desobediência à sinalização";"Colisão Transversal";"Com Vítimas Feridas";"Pleno dia";"Decrescente";"Chuva";"Dupla";"Reta";"Urbano";3;0;1;1;1;0;2;2
83497548;"11/09/16";"Domingo";"06:50:00";"RJ";101;"60";"CAMPOS DOS GOYTACAZES";"Desobediência à sinalização";"Colisão Transversal";"Com Vítimas Feridas";"Pleno dia";"Crescente";"Ceu Claro";"Simples";"Reta";"Urbano";2;0;1;0;1;0;1;2
83497549;"10/09/16";"Sábado";"03:30:00";"ES";262;"150,5";"IBATIBA";"Velocidade incompatível";"Saída de Pista";"Com Vítimas Feridas";"Plena noite";"Decrescente";"Nublado";"Simples";"Curva";"Rural";2;0;1;1;0;0;2;1
83497550;"07/09/16";"Quarta";"18:05:00";"TO";153;"136";"ARAGUAINA";"Ingestão de álcool";"Colisão traseira";"Com Vítimas Feridas";"Anoitecer";"Decrescente";"Ceu Claro";"Múltipla";"Reta";"Urbano";4;0;1;1;2;0;2;2
83497551;"07/09/16";"Quarta";"18:20:00";"PR";376;"315,3";"ORTIGUEIRA";"Velocidade incompatível";"Tombamento";"Com Vítimas Feridas";"Pleno dia";"Crescente";"Ceu Claro";"Simples";"Reta";"Rural";1;0;0;1;0;0;1;1
83497552;"11/09/16";"Domingo";"00:43:00";"SP";116;"169";"JACAREI";"Defeito mecânico em veículo";"Colisão com objeto fixo";"Sem Vítimas";"Pleno dia";"Decrescente";"Ceu Claro";"Simples";"Reta";"Rural";1;0;0;0;1;0;0;1
83497553;"10/09/16";"Sábado";"03:25:00";"PR";376;"267";"MARILANDIA DO SUL";"Ingestão de álcool";"Colisão frontal";"Com Vítimas Feridas";"Plena noite";"Crescente";"Ceu Claro";"Simples";"Reta";"Rural";5;0;2;2;1;0;4;2
83497554;"09/09/16";"Sexta";"01:00:00";"MG";116;"340";"ITAMBACURI";"Falta de atenção";"Queda de motocicleta / bicicleta / veículo";"Com Vítimas Feridas";"Plena noite";"Decrescente";"Ceu Claro";"Dupla";"Reta";"Rural";1;0;0;1;0;0;1;1
83497555;"11/09/16";"Domingo";"03:00:00";"MG";40;"41,5";"PARACATU";"Ingestão de álcool";"Colisão com objeto fixo";"Sem Vítimas";"Plena noite";"Crescente";"Ceu Claro";"Simples";"Reta";"Urbano";1;0;0;0;1;0;0;1
83497556;"11/09/16";"Domingo";"06:30:00";"BA";101;"898";"CARAVELAS";"Outras";"Capotamento";"Com Vítimas Feridas";"Amanhecer";"Crescente";"Ceu Claro";"Simples";"Reta";"Rural";4;0;2;0;2;0;2;1
83497557;"03/09/16";"Sábado";"08:20:00";"CE";222;"315";"TIANGUA";"Falta de atenção";"Colisão frontal";"Com Vítimas Feridas";"Pleno dia";"Crescente";"Ceu Claro";"Simples";"Reta";"Urbano";3;0;1;1;1;0;2;2
83497558;"07/09/16";"Quarta";"23:00:00";"CE";116;"453,9";"BARRO";"Animais na Pista";"Colisão com objeto fixo";"Com Vítimas Feridas";"Plena noite";"Crescente";"Ceu Claro";"Simples";"Reta";"Rural";1;0;1;0;0;0;1;1
83497559;"08/09/16";"Quinta";"02:10:00";"DF";40;"0,2";"BRASILIA";"Outras";"Colisão frontal";"Com Vítimas Fatais";"Plena noite";"Decrescente";"Ceu Claro";"Dupla";"Reta";"Urbano";2;2;0;0;0;0;0;2
83497560;"09/09/16";"Sexta";"15:45:00";"AM";230;"610";"HUMAITA";"Falta de atenção";"Colisão Transversal";"Com Vítimas Feridas";"Pleno dia";"Crescente";"Ceu Claro";"Dupla";"Reta";"Urbano";3;0;2;0;1;0;2;2
83497561;"03/09/16";"Sábado";"17:00:00";"SC";101;"232,4";"PALHOCA";"Não guardar distância de segurança";"Colisão traseira";"Sem Vítimas";"Pleno dia";"Decrescente";"Chuva";"Simples";"Reta";"Rural";3;0;0;0;3;0;0;3
83497562;"09/09/16";"Sexta";"10:15:00";"ES";101;"144,9";"LINHARES";"Ingestão de álcool";"Saída de Pista";"Com Vítimas Feridas";"Pleno dia";"Crescente";"Sol";"Múltipla";"Reta";"Urbano";1;0;1;0;0;0;1;1
83497563;"10/09/16";"Sábado";"05:30:00";"SC";282;"218";"LAGES";"Outras";"Colisão com objeto fixo";"Sem Vítimas";"Amanhecer";"Decrescente";"Ignorada";"Simples";"Curva";"Urbano";1;0;0;0;1;0;0;1
83497564;"07/09/16";"Quarta";"01:45:00";"SC";101;"211,8";"PALHOCA";"Outras";"Colisão traseira";"Sem Vítimas";"Plena noite";"Decrescente";"Nublado";"Dupla";"Reta";"Urbano";2;0;0;0;2;0;0;2
83497565;"11/09/16";"Domingo";"08:30:00";"MA";135;"7";"SAO LUIS";"Falta de atenção";"Colisão com bicicleta";"Sem Vítimas";"Pleno dia";"Crescente";"Ceu Claro";"Dupla";"Reta";"Urbano";2;0;0;0;1;1;0;2
83497566;"08/09/16";"Quinta";"03:20:00";"PB";230;"152,5";"CAMPINA GRANDE";"Falta de atenção";"Saída de Pista";"Com Vítimas Feridas";"Plena noite";"Decrescente";"Ceu Claro";"Simples";"Cruzamento";"Urbano";1;0;0;1;0;0;1;1
83497567;"09/09/16";"Sexta";"12:00:00";"TO";230;"74";"LUZINOPOLIS";"Outras";"Saída de Pista";"Com Vítimas Feridas";"Pleno dia";"Crescente";"Ceu Claro";"Simples";"Curva";"Rural";3;0;1;0;1;1;1;1
83497568;"07/09/16";"Quarta";"12:00:00";"RJ";116;"277";"BARRA MANSA";"Outras";"Colisão com objeto fixo";"Com Vítimas Feridas";"Pleno dia";"Decrescente";"Ceu Claro";"Dupla";"Reta";"Urbano";1;0;1;0;0;0;1;1
83497569;"07/09/16";"Quarta";"11:45:00";"AC";364;"123";"RIO BRANCO";"Falta de atenção";"Colisão traseira";"Sem Vítimas";"Pleno dia";"Decrescente";"Sol";"Dupla";"Reta";"Urbano";2;0;0;0;2;0;0;2
83497570;"09/09/16";"Sexta";"17:30:00";"PE";232;"512";"SALGUEIRO";"Outras";"Colisão Transversal";"Com Vítimas Feridas";"Pleno dia";"Crescente";"Ceu Claro";"Simples";"Reta";"Urbano";2;0;1;0;1;0;1;2
83497571;"11/09/16";"Domingo";"07:30:00";"SC";101;"192,5";"BIGUACU";"Falta de atenção";"Colisão lateral";"Com Vítimas Feridas";"Pleno dia";"Decrescente";"Sol";"Dupla";"Reta";"Urbano";6;0;2;0;2;2;2;5
83497572;"07/09/16";"Quarta";"18:25:00";"SC";280;"231,7";"CANOINHAS";"Outras";"Colisão com bicicleta";"Com Vítimas Feridas";"Anoitecer";"Decrescente";"Nublado";"Simples";"Reta";"Urbano";2;0;1;1;0;0;2;2
83497573;"09/09/16";"Sexta";"05:30:00";"MG";381;"362";"SAO GONCALO DO RIO ABAIXO";"Velocidade incompatível";"Colisão frontal";"Com Vítimas Feridas";"Amanhecer";"Decrescente";"Chuva";"Simples";"Curva";"Rural";2;0;1;0;1;0;1;2
83497574;"09/09/16";"Sexta";"16:05:00";"ES";101;"146,8";"LINHARES";"Outras";"Colisão Transversal";"Com Vítimas Feridas";"Pleno dia";"Crescente";"Sol";"Múltipla";"Cruzamento";"Urbano";3;0;2;0;1;0;2;2
83497575;"11/09/16";"Domingo";"00:05:00";"RS";116;"247,3";"SAO LEOPOLDO";"Falta de atenção";"Atropelamento de pessoa";"Com Vítimas Feridas";"Plena noite";"Decrescente";"Ceu Claro";"Múltipla";"Reta";"Urbano";2;0;0;1;1;0;1;1
83497576;"07/09/16";"Quarta";"22:05:00";"GO";60;"38";"ALEXANIA";"Não guardar distância de segurança";"Colisão traseira";"Com Vítimas Feridas";"Plena noite";"Crescente";"Ceu Claro";"Dupla";"Reta";"Rural";2;0;1;0;1;0;1;2
83497577;"11/09/16";"Domingo";"07:50:00";"GO";40;"3,7";"VALPARAISO DE GOIAS";"Outras";"Colisão traseira";"Com Vítimas Feridas";"Pleno dia";"Crescente";"Sol";"Dupla";"Reta";"Urbano";2;0;1;0;1;0;1;2
83497578;"07/09/16";"Quarta";"16:40:00";"MG";381;"446";"SABARA";"Defeito mecânico em veículo";"Queda de motocicleta / bicicleta / veículo";"Com Vítimas Feridas";"Pleno dia";"Crescente";"Sol";"Simples";"Curva";"Rural";2;0;2;0;0;0;2;1
83497579;"26/08/16";"Sexta";"19:10:00";"RN";101;"78,3";"EXTREMOZ";"Falta de atenção";"Colisão traseira";"Com Vítimas Feridas";"Plena noite";"Decrescente";"Ceu Claro";"Dupla";"Reta";"Urbano";2;0;0;1;1;0;1;2
83497580;"07/09/16";"Quarta";"10:00:00";"PA";10;"308";"IRITUIA";"Defeito mecânico em veículo";"Tombamento";"Sem Vítimas";"Pleno dia";"Crescente";"Ceu Claro";"Simples";"Reta";"Rural";1;0;0;0;1;0;0;1
83497581;"07/09/16";"Quarta";"15:30:00";"SC";470;"247";"CURITIBANOS";"Velocidade incompatível";"Capotamento";"Com Vítimas Feridas";"Pleno dia";"Crescente";"Sol";"Simples";"Reta";"Rural";3;0;2;1;0;0;3;1