"id";"data_inversa";"dia_semana";"horario";"uf";"br";"km";"municipio";"causa_acidente";"tipo_acidente";"classificacao_acidente";"fase_dia";"sentido_via";"condicao_metereologica";"tipo_pista";"tracado_via";"uso_solo";"pessoas";"mortos";"feridos_leves";"feridos_graves";"ilesos";"ignorados";"feridos";"veiculos"
83497582;"03/09/16";"Sábado";"18:00:00";"PA";316;"80";"SAO FRANCISCO DO PARA";"Outras";"Colisão lateral";"Com Vítimas Feridas";"Anoitecer";"Decrescente";"Ceu Claro";"Simples";"Reta";"Rural";2;0;0;1;1;0;1;2
83497583;"08/09/16";"Quinta";"06:30:00";"BA";110;"130";"CICERO DANTAS";"Ultrapassagem indevida";"Colisão frontal";"Com Vítimas Fatais";"Pleno dia";"Decrescente";"Nublado";"Simples";"Reta";"Rural";2;1;0;0;0;1;0;2
83497584;"04/09/16";"Domingo";"04:15:00";"SC";101;"219,9";"PALHOCA";"Ingestão de álcool";"Saída de Pista";"Sem Vítimas";"Plena noite";"Crescente";"Chuva";"Múltipla";"Curva";"Rural";1;0;0;0;1;0;0;1
83497585;"07/09/16";"Quarta";"21:30:00";"MG";381;"451,5";"SABARA";"Desobediência à sinalização";"Colisão frontal";"Com Vítimas Feridas";"Plena noite";"Decrescente";"Ignorada";"Simples";"Reta";"Urbano";3;0;2;1;0;0;3;2
83497586;"11/09/16";"Domingo";"09:55:00";"SC";163;"70,6";"SAO MIGUEL DOESTE";"Falta de atenção";"Colisão traseira";"Sem Vítimas";"Pleno dia";"Crescente";"Sol";"Dupla";"Reta";"Urbano";2;0;0;0;2;0;0;2
83497587;"07/09/16";"Quarta";"19:00:00";"BA";101;"253";"CONCEICAO DO ALMEIDA";"Outras";"Colisão lateral";"Sem Vítimas";"Plena noite";"Decrescente";"Ceu Claro";"Simples";"Reta";"Rural";3;0;0;0;3;0;0;3
83497588;"11/09/16";"Domingo";"08:10:00";"MG";116;"527,5";"CARATINGA";"Outras";"Queda de motocicleta / bicicleta / veículo";"Com Vítimas Feridas";"Pleno dia";"Decrescente";"Nublado";"Simples";"Curva";"Urbano";2;0;1;1;0;0;2;1
83497589;"11/09/16";"Domingo";"08:15:00";"PR";376;"175,6";"MARINGA";"Desobediência à sinalização";"Colisão Transversal";"Com Vítimas Feridas";"Pleno dia";"Decrescente";"Ceu Claro";"Dupla";"Reta";"Urbano";2;0;1;0;1;0;1;2
83497590;"11/09/16";"Domingo";"08:50:00";"MT";163;"835";"SINOP";"Outras";"Queda de motocicleta / bicicleta / veículo";"Com Vítimas Feridas";"Pleno dia";"Crescente";"Ceu Claro";"Dupla";"Reta";"Urbano";1;0;1;0;0;0;1;1
83497591;"09/09/16";"Sexta";"21:10:00";"PI";135;"368,7";"BOM JESUS";"Defeito na via";"Capotamento";"Com Vítimas Feridas";"Plena noite";"Decrescente";"Ceu Claro";"Simples";"Reta";"Rural";2;0;1;0;1;0;1;2
83497592;"06/09/16";"Terça";"17:40:00";"PI";316;"179,1";"VALENCA DO PIAUI";"Outras";"Saída de Pista";"Com Vítimas Feridas";"Anoitecer";"Crescente";"Ceu Claro";"Simples";"Reta";"Rural";2;0;2;0;0;0;2;1
83497593;"11/09/16";"Domingo";"09:00:00";"SC";101;"111,4";"NAVEGANTES";"Outras";"Tombamento";"Com Vítimas Feridas";"Pleno dia";"Decrescente";"Sol";"Simples";"Curva";"Urbano";1;0;0;1;0;0;1;1
83497594;"11/09/16";"Domingo";"09:30:00";"DF";20;"34,9";"BRASILIA";"Outras";"Capotamento";"Com Vítimas Feridas";"Pleno dia";"Decrescente";"Ceu Claro";"Dupla";"Reta";"Rural";3;0;3;0;0;0;3;1
83497595;"07/09/16";"Quarta";"17:20:00";"RO";364;"706";"PORTO VELHO";"Outras";"Queda de motocicleta / bicicleta / veículo";"Com Vítimas Feridas";"Pleno dia";"Crescente";"Ceu Claro";"Dupla";"Curva";"Rural";2;0;0;1;1;0;1;1
83497596;"08/09/16";"Quinta";"07:45:00";"SP";116;"379,6";"MIRACATU";"Outras";"Tombamento";"Sem Vítimas";"Pleno dia";"Decrescente";"Chuva";"Dupla";"Reta";"Rural";1;0;0;0;1;0;0;1
83497597;"08/09/16";"Quinta";"07:30:00";"MT";364;"347";"SANTO ANTONIO DO LEVERGER";"Outras";"Colisão traseira";"Sem Vítimas";"Pleno dia";"Crescente";"Ceu Claro";"Dupla";"Curva";"Rural";2;0;0;0;2;0;0;2
83497598;"11/09/16";"Domingo";"06:00:00";"MT";158;"562,8";"AGUA BOA";"Outras";"Colisão traseira";"Com Vítimas Fatais";"Plena noite";"Crescente";"Ceu Claro";"Simples";"Reta";"Urbano";2;1;0;0;0;1;0;2
83497599;"11/09/16";"Domingo";"07:30:00";"TO";153;"250";"COLINAS DO TOCANTINS";"Dormindo";"Saída de Pista";"Sem Vítimas";"Pleno dia";"Decrescente";"Ceu Claro";"Simples";"Reta";"Rural";3;0;0;0;3;0;0;1
83497600;"11/09/16";"Domingo";"10:30:00";"SP";116;"562";"BARRA DO TURVO";"Velocidade incompatível";"Capotamento";"Com Vítimas Feridas";"Pleno dia";"Crescente";"Sol";"Dupla";"Curva";"Urbano";2;0;2;0;0;0;2;1
83497601;"11/09/16";"Domingo";"10:20:00";"SC";101;"209,8";"SAO JOSE";"Falta de atenção";"Colisão traseira";"Com Vítimas Feridas";"Pleno dia";"Crescente";"Sol";"Múltipla";"Reta";"Urbano";3;0;1;0;2;0;1;2
83497602;"07/09/16";"Quarta";"18:00:00";"BA";101;"223";"CRUZ DAS ALMAS";"Outras";"Queda de motocicleta / bicicleta / veículo";"Com Vítimas Feridas";"Plena noite";"Crescente";"Ceu Claro";"Simples";"Reta";"Urbano";1;0;0;1;0;0;1;1
83497603;"07/09/16";"Quarta";"19:30:00";"SP";116;"221";"GUARULHOS";"Ultrapassagem indevida";"Colisão lateral";"Com Vítimas Feridas";"Plena noite";"Crescente";"Nublado";"Múltipla";"Reta";"Urbano";2;0;1;0;1;0;1;2
83497604;"07/09/16";"Quarta";"07:05:00";"RS";392;"65";"PELOTAS";"Desobediência à sinalização";"Colisão Transversal";"Sem Vítimas";"Amanhecer";"Crescente";"Ceu Claro";"Simples";"Cruzamento";"Rural";2;0;0;0;2;0;0;2
83497605;"11/09/16";"Domingo";"09:00:00";"GO";364;"271";"MINEIROS";"Defeito mecânico em veículo";"Tombamento";"Sem Vítimas";"Pleno dia";"Decrescente";"Ceu Claro";"Simples";"Reta";"Rural";1;0;0;0;1;0;0;1
83497606;"11/09/16";"Domingo";"04:50:00";"SC";101;"351,1";"JAGUARUNA";"Falta de atenção";"Saída de Pista";"Sem Vítimas";"Plena noite";"Crescente";"Ceu Claro";"Dupla";"Curva";"Rural";2;0;0;0;2;0;0;1
83497607;"11/09/16";"Domingo";"10:30:00";"PA";316;"72";"CASTANHAL";"Defeito mecânico em veículo";"Saída de Pista";"Com Vítimas Feridas";"Pleno dia";"Crescente";"Ceu Claro";"Simples";"Reta";"Rural";2;0;0;2;0;0;2;1
83497608;"08/09/16";"Quinta";"01:30:00";"RS";285;"85";"MONTE ALEGRE DOS CAMPOS";"Velocidade incompatível";"Saída de Pista";"Com Vítimas Feridas";"Plena noite";"Crescente";"Ceu Claro";"Simples";"Curva";"Rural";4;0;1;1;2;0;2;1
83497609;"10/09/16";"Sábado";"17:45:00";"MT";163;"1114";"GUARANTA DO NORTE";"Outras";"Saída de Pista";"Com Vítimas Feridas";"Anoitecer";"Decrescente";"Nevoeiro/neblina";"Múltipla";"Reta";"Rural";1;0;0;1;0;0;1;1
83497610;"10/09/16";"Sábado";"17:10:00";"PA";222;"54";"DOM ELISEU";"Falta de atenção";"Saída de Pista";"Sem Vítimas";"Pleno dia";"Decrescente";"Ceu Claro";"Simples";"Curva";"Rural";4;0;0;0;4;0;0;1
83497611;"11/09/16";"Domingo";"10:30:00";"GO";364;"271";"MINEIROS";"Defeito mecânico em veículo";"Colisão traseira";"Sem Vítimas";"Pleno dia";"Crescente";"Ceu Claro";"Simples";"Reta";"Rural";2;0;0;0;2;0;0;2
83497612;"11/09/16";"Domingo";"09:00:00";"PR";116;"6";"CAMPINA GRANDE DO SUL";"Outras";"Saída de Pista";"Sem Vítimas";"Pleno dia";"Decrescente";"Nublado";"Dupla";"Reta";"Urbano";1;0;0;0;1;0;0;1
83497613;"08/09/16";"Quinta";"06:05:00";"SP";116;"173,1";"JACAREI";"Animais na Pista";"Atropelamento de animal";"Sem Vítimas";"Amanhecer";"Decrescente";"Ceu Claro";"Dupla";"Reta";"Rural";2;0;0;0;2;0;0;2
83497614;"11/09/16";"Domingo";"10:15:00";"PR";116;"115";"CURITIBA";"Outras";"Colisão lateral";"Sem Vítimas";"Pleno dia";"Crescente";"Sol";"Dupla";"Reta";"Urbano";3;0;0;0;1;2;0;3
83497615;"11/09/16";"Domingo";"12:30:00";"ES";101;"0,2";"SERRA";"Falta de atenção";"Queda de motocicleta / bicicleta / veículo";"Com Vítimas Feridas";"Pleno dia";"Crescente";"Sol";"Dupla";"Curva";"Urbano";1;0;1;0;0;0;1;1
83497616;"11/09/16";"Domingo";"11:30:00";"SC";280;"97,3";"CORUPA";"Velocidade incompatível";"Colisão lateral";"Com Vítimas Feridas";"Pleno dia";"Crescente";"Ceu Claro";"Simples";"Curva";"Rural";2;0;1;0;1;0;1;2
83497617;"05/09/16";"Segunda";"02:45:00";"RN";304;"37,7";"MOSSORO";"Outras";"Queda de motocicleta / bicicleta / veículo";"Com Vítimas Feridas";"Plena noite";"Crescente";"Ceu Claro";"Dupla";"Reta";"Urbano";2;0;1;0;0;1;1;1
83497618;"07/09/16";"Quarta";"12:40:00";"ES";262;"42,4";"MARECHAL FLORIANO";"Desobediência à sinalização";"Colisão frontal";"Com Vítimas Feridas";"Pleno dia";"Crescente";"Ceu Claro";"Simples";"Curva";"Rural";3;0;3;0;0;0;3;2
83497619;"07/09/16";"Quarta";"08:45:00";"MG";40;"751,7";"SANTOS DUMONT";"Outras";"Colisão com objeto fixo";"Com Vítimas Feridas";"Pleno dia";"Decrescente";"Ceu Claro";"Simples";"Curva";"Urbano";1;0;1;0;0;0;1;1
83497620;"11/09/16";"Domingo";"11:40:00";"SC";101;"108";"PENHA";"Não guardar distância de segurança";"Colisão traseira";"Sem Vítimas";"Pleno dia";"Decrescente";"Ceu Claro";"Dupla";"Reta";"Rural";5;0;0;0;5;0;0;5
83497621;"11/09/16";"Domingo";"11:20:00";"RO";174;"45";"VILHENA";"Outras";"Capotamento";"Sem Vítimas";"Pleno dia";"Crescente";"Ceu Claro";"Simples";"Reta";"Rural";2;0;0;0;2;0;0;1
83497622;"11/09/16";"Domingo";"10:15:00";"SC";280;"142";"MAFRA";"Falta de atenção";"Colisão Transversal";"Com Vítimas Feridas";"Pleno dia";"Crescente";"Sol";"Simples";"Curva";"Rural";2;0;1;0;1;0;1;2
83497623;"11/09/16";"Domingo";"12:00:00";"PR";376;"309,9";"ORTIGUEIRA";"Outras";"Queda de motocicleta / bicicleta / veículo";"Com Vítimas Feridas";"Pleno dia";"Crescente";"Sol";"Simples";"Reta";"Rural";1;0;1;0;0;0;1;1
83497624;"11/09/16";"Domingo";"09:00:00";"PI";343;"15,6";"PARNAIBA";"Defeito mecânico em veículo";"Colisão traseira";"Com Vítimas Feridas";"Pleno dia";"Crescente";"Sol";"Simples";"Reta";"Urbano";6;0;1;0;5;0;1;5
83497625;"11/09/16";"Domingo";"09:37:00";"MS";163;"49";"ELDORADO";"Falta de atenção";"Saída de Pista";"Com Vítimas Feridas";"Pleno dia";"Crescente";"Ceu Claro";"Simples";"Reta";"Rural";1;0;1;0;0;0;1;1
83497626;"07/09/16";"Quarta";"18:00:00";"CE";116;"18";"EUSEBIO";"Outras";"Colisão lateral";"Com Vítimas Feridas";"Anoitecer";"Decrescente";"Ceu Claro";"Dupla";"Reta";"Urbano";2;0;1;0;0;1;1;2
83497628;"11/09/16";"Domingo";"13:25:00";"PR";376;"662,1";"TIJUCAS DO SUL";"Ingestão de álcool";"Colisão traseira";"Sem Vítimas";"Pleno dia";"Decrescente";"Sol";"Dupla";"Reta";"Rural";2;0;0;0;2;0;0;2
83497629;"11/09/16";"Domingo";"11:30:00";"BA";330;"706,5";"JEQUIE";"Velocidade incompatível";"Saída de Pista";"Com Vítimas Feridas";"Pleno dia";"Crescente";"Sol";"Simples";"Curva";"Rural";4;0;4;0;0;0;4;1
83497630;"11/09/16";"Domingo";"11:40:00";"RJ";40;"38,2";"AREAL";"Velocidade incompatível";"Queda de motocicleta / bicicleta / veículo";"Com Vítimas Feridas";"Pleno dia";"Decrescente";"Sol";"Dupla";"Curva";"Rural";1;0;0;1;0;0;1;1
83497632;"11/09/16";"Domingo";"14:45:00";"MG";262;"676,8";"ARAXA";"Dormindo";"Saída de Pista";"Com Vítimas Feridas";"Pleno dia";"Crescente";"Sol";"Simples";"Reta";"Rural";1;0;1;0;0;0;1;1
83497633;"08/09/16";"Quinta";"07:00:00";"BA";101;"222";"CRUZ DAS ALMAS";"Outras";"Colisão lateral";"Sem Vítimas";"Pleno dia";"Decrescente";"Ceu Claro";"Simples";"Reta";"Urbano";2;0;0;0;2;0;0;2
83497634;"11/09/16";"Domingo";"14:50:00";"PR";277;"727,9";"FOZ DO IGUACU";"Velocidade incompatível";"Capotamento";"Com Vítimas Feridas";"Pleno dia";"Crescente";"Ceu Claro";"Dupla";"Reta";"Urbano";1;0;1;0;0;0;1;1
83497635;"30/06/16";"Quinta";"13:40:00";"GO";153;"508,2";"APARECIDA DE GOIANIA";"Desobediência à sinalização";"Colisão traseira";"Com Vítimas Feridas";"Pleno dia";"Decrescente";"Sol";"Dupla";"Reta";"Urbano";3;0;0;2;1;0;2;2
83497636;"11/09/16";"Domingo";"08:35:00";"MT";364;"288";"JACIARA";"Ultrapassagem indevida";"Colisão traseira";"Com Vítimas Feridas";"Pleno dia";"Crescente";"Sol";"Simples";"Reta";"Rural";6;0;2;0;4;0;2;4
83497637;"11/09/16";"Domingo";"11:40:00";"ES";101;"23,3";"CONCEICAO DA BARRA";"Defeito mecânico em veículo";"Queda de motocicleta / bicicleta / veículo";"Com Vítimas Feridas";"Pleno dia";"Crescente";"Ceu Claro";"Simples";"Reta";"Rural";2;0;2;0;0;0;2;1
83497638;"06/09/16";"Terça";"19:00:00";"ES";101;"120";"SOORETAMA";"Ultrapassagem indevida";"Colisão frontal";"Com Vítimas Feridas";"Plena noite";"Crescente";"Ceu Claro";"Simples";"Reta";"Rural";4;0;1;0;3;0;1;4
83497639;"11/09/16";"Domingo";"14:30:00";"MA";316;"423";"PERITORO";"Defeito mecânico em veículo";"Danos Eventuais";"Sem Vítimas";"Pleno dia";"Decrescente";"Ceu Claro";"Simples";"Reta";"Urbano";3;0;0;0;3;0;0;3
83497641;"11/09/16";"Domingo";"12:45:00";"BA";116;"720";"MANOEL VITORINO";"Defeito mecânico em veículo";"Saída de Pista";"Com Vítimas Feridas";"Pleno dia";"Decrescente";"Ceu Claro";"Simples";"Reta";"Rural";1;0;1;0;0;0;1;1
83497642;"11/09/16";"Domingo";"15:47:00";"SC";280;"22";"ARAQUARI";"Falta de atenção";"Colisão Transversal";"Com Vítimas Feridas";"Pleno dia";"Decrescente";"Ceu Claro";"Simples";"Reta";"Urbano";3;0;1;1;1;0;2;2
83497643;"11/09/16";"Domingo";"12:00:00";"SP";116;"15";"QUELUZ";"Não guardar distância de segurança";"Colisão traseira";"Com Vítimas Feridas";"Pleno dia";"Crescente";"Sol";"Dupla";"Curva";"Rural";3;0;2;0;1;0;2;2
83497644;"11/09/16";"Domingo";"11:00:00";"RS";392;"691,1";"ROQUE GONZALES";"Defeito mecânico em veículo";"Incêndio";"Sem Vítimas";"Pleno dia";"Crescente";"Sol";"Simples";"Curva";"Rural";1;0;0;0;1;0;0;1
83497645;"11/09/16";"Domingo";"15:10:00";"RS";116;"314,8";"BARRA DO RIBEIRO";"Não guardar distância de segurança";"Colisão traseira";"Com Vítimas Feridas";"Pleno dia";"Decrescente";"Ceu Claro";"Simples";"Reta";"Rural";3;0;1;0;2;0;1;2
83497646;"11/09/16";"Domingo";"16:35:00";"RS";290;"64,5";"GRAVATAI";"Falta de atenção";"Queda de motocicleta / bicicleta / veículo";"Com Vítimas Feridas";"Pleno dia";"Crescente";"Sol";"Dupla";"Reta";"Rural";2;0;2;0;0;0;2;1
83497647;"11/09/16";"Domingo";"14:15:00";"SC";280;"158";"MAFRA";"Não guardar distância de segurança";"Colisão traseira";"Sem Vítimas";"Pleno dia";"Crescente";"Sol";"Simples";"Reta";"Rural";3;0;0;0;3;0;0;3
83497648;"07/09/16";"Quarta";"15:50:00";"MG";381;"907,5";"CAMBUI";"Velocidade incompatível";"Colisão lateral";"Com Vítimas Feridas";"Pleno dia";"Crescente";"Ceu Claro";"Dupla";"Curva";"Rural";2;0;1;0;1;0;1;2
83497649;"11/09/16";"Domingo";"13:15:00";"RO";364;"384";"OURO PRETO DO OESTE";"Falta de atenção";"Colisão lateral";"Com Vítimas Feridas";"Pleno dia";"Crescente";"Sol";"Simples";"Reta";"Urbano";5;0;2;0;3;0;2;2
83497650;"07/09/16";"Quarta";"09:00:00";"MG";267;"123";"JUIZ DE FORA";"Defeito mecânico em veículo";"Incêndio";"Com Vítimas Feridas";"Pleno dia";"Crescente";"Ceu Claro";"Simples";"Reta";"Urbano";1;0;1;0;0;0;1;1
83497651;"07/09/16";"Quarta";"11:00:00";"PI";343;"2,3";"TERESINA";"Não guardar distância de segurança";"Colisão traseira";"Sem Vítimas";"Pleno dia";"Crescente";"Ceu Claro";"Dupla";"Reta";"Urbano";2;0;0;0;2;0;0;2
83497652;"11/09/16";"Domingo";"15:45:00";"SC";116;"245";"LAGES";"Velocidade incompatível";"Colisão com objeto fixo";"Ignorado";"Pleno dia";"Crescente";"Ceu Claro";"Dupla";"Cruzamento";"Urbano";1;0;0;0;0;1;0;1
83497653;"11/09/16";"Domingo";"12:00:00";"CE";116;"458";"BARRO";"Ingestão de álcool";"Colisão frontal";"Com Vítimas Feridas";"Pleno dia";"Decrescente";"Ceu Claro";"Simples";"Curva";"Rural";2;0;1;0;1;0;1;2
83497654;"11/09/16";"Domingo";"17:30:00";"RJ";101;"271";"TANGUA";"Outras";"Capotamento";"Sem Vítimas";"Anoitecer";"Crescente";"Ceu Claro";"Dupla";"Curva";"Rural";1;0;0;0;1;0;0;1
83497655;"07/09/16";"Quarta";"18:48:00";"SC";101;"162,8";"TIJUCAS";"Outras";"Tombamento";"Com Vítimas Feridas";"Anoitecer";"Crescente";"Ceu Claro";"Dupla";"Reta";"Urbano";1;0;0;1;0;0;1;1
83497656;"07/09/16";"Quarta";"23:00:00";"BA";324;"364";"CAPIM GROSSO";"Outras";"Queda de motocicleta / bicicleta / veículo";"Com Vítimas Feridas";"Plena noite";"Crescente";"Nublado";"Simples";"Reta";"Rural";1;0;0;1;0;0;1;1
83497657;"04/09/16";"Domingo";"05:10:00";"RJ";393;"283,7";"VOLTA REDONDA";"Ultrapassagem indevida";"Colisão frontal";"Com Vítimas Fatais";"Plena noite";"Decrescente";"Ceu Claro";"Simples";"Curva";"Urbano";5;1;0;3;1;0;3;3
83497658;"08/09/16";"Quinta";"03:00:00";"MG";40;"515";"RIBEIRAO DAS NEVES";"Dormindo";"Capotamento";"Sem Vítimas";"Plena noite";"Crescente";"Ceu Claro";"Dupla";"Reta";"Urbano";1;0;0;0;1;0;0;1
83497659;"11/09/16";"Domingo";"10:30:00";"SC";282;"207";"LAGES";"Não guardar distância de segurança";"Colisão traseira";"Sem Vítimas";"Pleno dia";"Decrescente";"Sol";"Simples";"Reta";"Rural";2;0;0;0;2;0;0;2
83497660;"11/09/16";"Domingo";"17:15:00";"RS";290;"126,2";"ELDORADO DO SUL";"Não guardar distância de segurança";"Saída de Pista";"Com Vítimas Feridas";"Pleno dia";"Decrescente";"Nublado";"Simples";"Reta";"Rural";1;0;1;0;0;0;1;1
83497661;"11/09/16";"Domingo";"14:30:00";"RS";386;"370,1";"FAZENDA VILANOVA";"Animais na Pista";"Atropelamento de animal";"Com Vítimas Feridas";"Pleno dia";"Crescente";"Ceu Claro";"Dupla";"Curva";"Rural";1;0;1;0;0;0;1;1
83497662;"11/09/16";"Domingo";"15:05:00";"RJ";101;"296,7";"ITABORAI";"Outras";"Colisão com objeto fixo";"Com Vítimas Feridas";"Pleno dia";"Crescente";"Sol";"Simples";"Curva";"Rural";3;0;2;0;0;1;2;1
83497663;"11/09/16";"Domingo";"15:50:00";"MT";364;"208";"RONDONOPOLIS";"Desobediência à sinalização";"Colisão lateral";"Com Vítimas Feridas";"Pleno dia";"Crescente";"Ceu Claro";"Dupla";"Reta";"Urbano";2;0;0;1;1;0;1;2
83497665;"11/09/16";"Domingo";"14:00:00";"RS";116;"449,3";"SAO LOURENCO DO SUL";"Outras";"Saída de Pista";"Sem Vítimas";"Pleno dia";"Crescente";"Nublado";"Simples";"Reta";"Rural";2;0;0;0;2;0;0;1
83497666;"11/09/16";"Domingo";"15:30:00";"RS";153;"11";"SEVERIANO DE ALMEIDA";"Velocidade incompatível";"Colisão lateral";"Com Vítimas Feridas";"Pleno dia";"Crescente";"Ceu Claro";"Múltipla";"Reta";"Rural";3;0;1;0;2;0;1;2
83497667;"11/09/16";"Domingo";"13:30:00";"MT";364;"346";"SANTO ANTONIO DO LEVERGER";"Falta de atenção";"Colisão traseira";"Sem Vítimas";"Pleno dia";"Decrescente";"Ceu Claro";"Simples";"Curva";"Rural";3;0;0;0;3;0;0;2
83497668;"11/09/16";"Domingo";"16:00:00";"SC";101;"233";"PALHOCA";"Falta de atenção";"Colisão traseira";"Sem Vítimas";"Plena noite";"Decrescente";"Ceu Claro";"Dupla";"Reta";"Rural";2;0;0;0;2;0;0;2
83497669;"07/09/16";"Quarta";"17:40:00";"PE";101;"84";"JABOATAO DOS GUARARAPES";"Falta de atenção";"Capotamento";"Com Vítimas Feridas";"Anoitecer";"Decrescente";"Chuva";"Dupla";"Reta";"Urbano";1;0;1;0;0;0;1;1
83497670;"11/09/16";"Domingo";"03:00:00";"RN";101;"146";"GOIANINHA";"Animais na Pista";"Atropelamento de animal";"Ignorado";"Plena noite";"Decrescente";"Chuva";"Dupla";"Reta";"Rural";2;0;0;0;0;2;0;1
83497671;"11/09/16";"Domingo";"16:00:00";"BA";116;"619,4";"JAGUAQUARA";"Falta de atenção";"Saída de Pista";"Sem Vítimas";"Pleno dia";"Crescente";"Sol";"Simples";"Reta";"Rural";1;0;0;0;1;0;0;1
83497672;"11/09/16";"Domingo";"17:00:00";"SC";101;"277,7";"IMBITUBA";"Ingestão de álcool";"Saída de Pista";"Com Vítimas Feridas";"Pleno dia";"Crescente";"Sol";"Dupla";"Reta";"Rural";5;0;4;1;0;0;5;1
83497673;"11/09/16";"Domingo";"16:20:00";"PB";230;"26";"JOAO PESSOA";"Falta de atenção";"Colisão lateral";"Com Vítimas Feridas";"Pleno dia";"Decrescente";"Ceu Claro";"Múltipla";"Reta";"Urbano";3;0;2;0;1;0;2;2
83497675;"11/09/16";"Domingo";"17:45:00";"PA";316;"15";"MARITUBA";"Velocidade incompatível";"Colisão traseira";"Sem Vítimas";"Anoitecer";"Decrescente";"Ceu Claro";"Dupla";"Reta";"Urbano";5;0;0;0;2;3;0;5
83497676;"08/09/16";"Quinta";"06:50:00";"MG";40;"510";"RIBEIRAO DAS NEVES";"Falta de atenção";"Colisão traseira";"Com Vítimas Feridas";"Pleno dia";"Crescente";"Ceu Claro";"Dupla";"Reta";"Urbano";3;0;2;0;1;0;2;2
83497677;"08/09/16";"Quinta";"00:48:00";"PI";343;"348";"TERESINA";"Falta de atenção";"Colisão traseira";"Sem Vítimas";"Plena noite";"Crescente";"Ceu Claro";"Múltipla";"Cruzamento";"Urbano";2;0;0;0;2;0;0;2
83497678;"11/09/16";"Domingo";"09:00:00";"GO";153;"509";"APARECIDA DE GOIANIA";"Outras";"Saída de Pista";"Sem Vítimas";"Pleno dia";"Decrescente";"Ceu Claro";"Dupla";"Reta";"Urbano";1;0;0;0;1;0;0;1
83497679;"07/09/16";"Quarta";"23:30:00";"MG";40;"732";"OLIVEIRA FORTES";"Falta de atenção";"Colisão traseira";"Com Vítimas Feridas";"Plena noite";"Decrescente";"Nublado";"Dupla";"Reta";"Urbano";3;0;0;1;2;0;1;2
83497680;"11/09/16";"Domingo";"17:00:00";"MG";146;"512,2";"POCOS DE CALDAS";"Outras";"Colisão com objeto fixo";"Sem Vítimas";"Pleno dia";"Crescente";"Ceu Claro";"Simples";"Curva";"Rural";1;0;0;0;1;0;0;1
83497681;"11/09/16";"Domingo";"12:20:00";"PB";230;"0,7";"CABEDELO";"Não guardar distância de segurança";"Colisão traseira";"Sem Vítimas";"Pleno dia";"Decrescente";"Sol";"Simples";"Reta";"Urbano";4;0;0;0;4;0;0;3
83497682;"11/09/16";"Domingo";"18:50:00";"PR";277;"726";"FOZ DO IGUACU";"Ingestão de álcool";"Colisão traseira";"Sem Vítimas";"Anoitecer";"Crescente";"Ceu Claro";"Dupla";"Reta";"Urbano";2;0;0;0;2;0;0;2
83497684;"11/09/16";"Domingo";"13:50:00";"RJ";116;"33,7";"SAPUCAIA";"Outras";"Queda de motocicleta / bicicleta / veículo";"Com Vítimas Feridas";"Pleno dia";"Decrescente";"Ceu Claro";"Simples";"Reta";"Rural";1;0;0;1;0;0;1;1
83497685;"11/09/16";"Domingo";"06:20:00";"SE";101;"32";"CAPELA";"Dormindo";"Saída de Pista";"Com Vítimas Feridas";"Amanhecer";"Crescente";"Ceu Claro";"Dupla";"Reta";"Rural";2;0;1;0;1;0;1;1
83497686;"11/09/16";"Domingo";"19:20:00";"CE";20;"309";"CANINDE";"Animais na Pista";"Atropelamento de animal";"Sem Vítimas";"Plena noite";"Crescente";"Ceu Claro";"Simples";"Reta";"Rural";1;0;0;0;1;0;0;1
83497688;"08/09/16";"Quinta";"14:35:00";"SP";116;"25,7";"SILVEIRAS";"Dormindo";"Colisão traseira";"Com Vítimas Fatais";"Pleno dia";"Decrescente";"Sol";"Múltipla";"Reta";"Rural";5;1;3;0;1;0;3;2
83497689;"11/09/16";"Domingo";"10:20:00";"ES";101;"385";"RIO NOVO DO SUL";"Dormindo";"Saída de Pista";"Sem Vítimas";"Pleno dia";"Decrescente";"Ceu Claro";"Simples";"Reta";"Rural";1;0;0;0;1;0;0;1
83497690;"11/09/16";"Domingo";"19:00:00";"RS";386;"361,7";"FAZENDA VILANOVA";"Outras";"Queda de motocicleta / bicicleta / veículo";"Sem Vítimas";"Plena noite";"Crescente";"Ceu Claro";"Simples";"Reta";"Rural";2;0;0;0;2;0;0;1
83497691;"11/09/16";"Domingo";"08:45:00";"MT";364;"19";"ALTO ARAGUAIA";"Falta de atenção";"Colisão traseira";"Sem Vítimas";"Pleno dia";"Decrescente";"Ceu Claro";"Simples";"Reta";"Rural";4;0;0;0;4;0;0;3
83497692;"11/09/16";"Domingo";"12:00:00";"MG";40;"510";"RIBEIRAO DAS NEVES";"Outras";"Saída de Pista";"Com Vítimas Feridas";"Pleno dia";"Crescente";"Ceu Claro";"Dupla";"Reta";"Urbano";1;0;1;0;0;0;1;1
83497693;"11/09/16";"Domingo";"18:10:00";"SP";116;"548,9";"BARRA DO TURVO";"Velocidade incompatível";"Colisão com objeto fixo";"Sem Vítimas";"Anoitecer";"Crescente";"Ceu Claro";"Dupla";"Curva";"Rural";1;0;0;0;1;0;0;1
83497694;"03/09/16";"Sábado";"23:45:00";"RN";304;"219,2";"CAICARA DO RIO DO VENTO";"Ingestão de álcool";"Colisão frontal";"Com Vítimas Fatais";"Plena noite";"Decrescente";"Ceu Claro";"Simples";"Reta";"Rural";2;1;0;0;1;0;0;2
83497695;"11/09/16";"Domingo";"19:30:00";"BA";116;"531";"ITATIM";"Defeito na via";"Saída de Pista";"Com Vítimas Feridas";"Plena noite";"Decrescente";"Ceu Claro";"Simples";"Reta";"Rural";5;0;3;0;1;1;3;2