"id";"data_inversa";"dia_semana";"horario";"uf";"br";"km";"municipio";"causa_acidente";"tipo_acidente";"classificacao_acidente";"fase_dia";"sentido_via";"condicao_metereologica";"tipo_pista";"tracado_via";"uso_solo";"pessoas";"mortos";"feridos_leves";"feridos_graves";"ilesos";"ignorados";"feridos";"veiculos"
83497696;"11/09/16";"Domingo";"19:30:00";"RS";392;"351,5";"SANTA MARIA";"Falta de atenção";"Atropelamento de pessoa";"Com Vítimas Feridas";"Plena noite";"Crescente";"Ceu Claro";"Simples";"Reta";"Urbano";5;0;0;1;4;0;1;1
83497697;"11/09/16";"Domingo";"19:15:00";"PR";116;"115,3";"CURITIBA";"Não guardar distância de segurança";"Colisão traseira";"Sem Vítimas";"Plena noite";"Decrescente";"Ceu Claro";"Dupla";"Reta";"Urbano";5;0;0;0;5;0;0;5
83497698;"08/09/16";"Quinta";"00:15:00";"BA";324;"396";"NOVA FATIMA";"Outras";"Queda de motocicleta / bicicleta / veículo";"Com Vítimas Feridas";"Plena noite";"Decrescente";"Nublado";"Simples";"Reta";"Rural";2;0;1;0;0;1;1;1
83497699;"11/09/16";"Domingo";"14:30:00";"ES";262;"16,9";"VIANA";"Falta de atenção";"Colisão traseira";"Sem Vítimas";"Pleno dia";"Decrescente";"Ceu Claro";"Simples";"Reta";"Urbano";3;0;0;0;3;0;0;3
83497701;"11/09/16";"Domingo";"17:10:00";"MG";459;"103,5";"POUSO ALEGRE";"Velocidade incompatível";"Colisão traseira";"Com Vítimas Feridas";"Anoitecer";"Decrescente";"Ignorada";"Dupla";"Reta";"Rural";4;0;2;0;2;0;2;2
83497702;"11/09/16";"Domingo";"19:30:00";"MG";50;"110,9";"UBERABA";"Velocidade incompatível";"Capotamento";"Com Vítimas Feridas";"Plena noite";"Decrescente";"Ceu Claro";"Dupla";"Reta";"Rural";1;0;1;0;0;0;1;1
83497703;"11/09/16";"Domingo";"18:45:00";"PR";476;"188";"LAPA";"Não guardar distância de segurança";"Colisão traseira";"Com Vítimas Feridas";"Anoitecer";"Decrescente";"Ceu Claro";"Simples";"Reta";"Urbano";5;0;3;0;1;1;3;3
83497704;"11/09/16";"Domingo";"19:00:00";"RS";116;"260";"CANOAS";"Ingestão de álcool";"Queda de motocicleta / bicicleta / veículo";"Com Vítimas Feridas";"Plena noite";"Decrescente";"Ignorada";"Simples";"Reta";"Urbano";1;0;1;0;0;0;1;1
83497705;"11/09/16";"Domingo";"17:20:00";"SC";470;"193,6";"POUSO REDONDO";"Defeito na via";"Colisão lateral";"Com Vítimas Feridas";"Pleno dia";"Decrescente";"Sol";"Simples";"Curva";"Rural";3;0;1;1;1;0;2;2
83497706;"11/09/16";"Domingo";"13:30:00";"MG";40;"739,8";"SANTOS DUMONT";"Velocidade incompatível";"Tombamento";"Com Vítimas Feridas";"Pleno dia";"Crescente";"Ceu Claro";"Simples";"Curva";"Rural";1;0;1;0;0;0;1;1
83497707;"11/09/16";"Domingo";"20:20:00";"PR";467;"113";"CASCAVEL";"Velocidade incompatível";"Saída de Pista";"Com Vítimas Feridas";"Plena noite";"Decrescente";"Ceu Claro";"Dupla";"Curva";"Urbano";1;0;1;0;0;0;1;1
83497708;"11/09/16";"Domingo";"19:10:00";"RS";116;"297,9";"GUAIBA";"Animais na Pista";"Atropelamento de animal";"Sem Vítimas";"Plena noite";"Decrescente";"Nublado";"Múltipla";"Reta";"Rural";1;0;0;0;1;0;0;1
83497709;"11/09/16";"Domingo";"19:00:00";"SP";116;"516";"CAJATI";"Outras";"Saída de Pista";"Sem Vítimas";"Plena noite";"Decrescente";"Nublado";"Simples";"Curva";"Rural";1;0;0;0;1;0;0;1
83497710;"11/09/16";"Domingo";"17:25:00";"GO";60;"59,1";"ABADIANIA";"Velocidade incompatível";"Colisão com objeto fixo";"Com Vítimas Fatais";"Pleno dia";"Decrescente";"Sol";"Dupla";"Curva";"Rural";1;1;0;0;0;0;0;1
83497711;"11/09/16";"Domingo";"14:45:00";"SC";101;"211,5";"PALHOCA";"Falta de atenção";"Colisão traseira";"Com Vítimas Feridas";"Pleno dia";"Decrescente";"Ceu Claro";"Dupla";"Reta";"Urbano";3;0;2;0;1;0;2;2
83497712;"11/09/16";"Domingo";"20:45:00";"SC";116;"286,6";"CAPAO ALTO";"Defeito mecânico em veículo";"Tombamento";"Com Vítimas Feridas";"Plena noite";"Decrescente";"Ceu Claro";"Simples";"Reta";"Rural";2;0;2;0;0;0;2;1
83497714;"11/09/16";"Domingo";"20:40:00";"PE";101;"78,6";"JABOATAO DOS GUARARAPES";"Falta de atenção";"Colisão traseira";"Sem Vítimas";"Plena noite";"Decrescente";"Nublado";"Dupla";"Reta";"Urbano";2;0;0;0;1;1;0;2
83497715;"11/09/16";"Domingo";"07:00:00";"SP";116;"226";"GUARULHOS";"Dormindo";"Colisão com objeto fixo";"Sem Vítimas";"Pleno dia";"Decrescente";"Nublado";"Múltipla";"Reta";"Urbano";1;0;0;0;1;0;0;1
83497716;"11/09/16";"Domingo";"18:19:00";"RR";174;"523";"BOA VISTA";"Desobediência à sinalização";"Colisão frontal";"Com Vítimas Feridas";"Anoitecer";"Crescente";"Ceu Claro";"Simples";"Curva";"Rural";2;0;0;1;1;0;1;2
83497717;"11/09/16";"Domingo";"18:45:00";"PR";163;"147";"SANTA LUCIA";"Falta de atenção";"Colisão lateral";"Com Vítimas Feridas";"Plena noite";"Decrescente";"Ceu Claro";"Simples";"Reta";"Rural";3;0;1;0;2;0;1;3
83497718;"11/09/16";"Domingo";"17:00:00";"SP";153;"22,1";"NOVA GRANADA";"Defeito mecânico em veículo";"Saída de Pista";"Sem Vítimas";"Anoitecer";"Crescente";"Sol";"Simples";"Reta";"Rural";1;0;0;0;1;0;0;1
83497719;"11/09/16";"Domingo";"11:30:00";"AC";364;"129";"RIO BRANCO";"Falta de atenção";"Colisão traseira";"Com Vítimas Feridas";"Pleno dia";"Crescente";"Ceu Claro";"Simples";"Curva";"Urbano";4;0;2;0;2;0;2;2
83497720;"11/09/16";"Domingo";"18:37:00";"GO";153;"497";"GOIANIA";"Falta de atenção";"Colisão lateral";"Com Vítimas Feridas";"Plena noite";"Crescente";"Ceu Claro";"Dupla";"Reta";"Urbano";2;0;1;0;1;0;1;2
83497721;"11/09/16";"Domingo";"18:30:00";"PE";232;"49";"VITORIA DE SANTO ANTAO";"Animais na Pista";"Atropelamento de animal";"Sem Vítimas";"Plena noite";"Crescente";"Nublado";"Simples";"Reta";"Rural";1;0;0;0;1;0;0;1
83497722;"11/09/16";"Domingo";"20:45:00";"RS";386;"426,2";"MONTENEGRO";"Outras";"Tombamento";"Com Vítimas Feridas";"Plena noite";"Crescente";"Ceu Claro";"Simples";"Reta";"Rural";1;0;0;1;0;0;1;1
83497723;"11/09/16";"Domingo";"18:50:00";"SP";153;"95,9";"JACI";"Ingestão de álcool";"Colisão traseira";"Com Vítimas Feridas";"Plena noite";"Decrescente";"Ceu Claro";"Simples";"Cruzamento";"Urbano";2;0;1;0;1;0;1;2
83497724;"11/09/16";"Domingo";"21:15:00";"SC";101;"0";"GARUVA";"Falta de atenção";"Colisão traseira";"Sem Vítimas";"Plena noite";"Crescente";"Nublado";"Dupla";"Curva";"Urbano";2;0;0;0;2;0;0;2
83497725;"11/09/16";"Domingo";"20:30:00";"BA";116;"412";"FEIRA DE SANTANA";"Defeito mecânico em veículo";"Colisão traseira";"Com Vítimas Feridas";"Plena noite";"Decrescente";"Ceu Claro";"Simples";"Cruzamento";"Rural";2;0;2;0;0;0;2;2
83497726;"11/09/16";"Domingo";"16:50:00";"BA";101;"895,5";"CARAVELAS";"Velocidade incompatível";"Colisão frontal";"Com Vítimas Fatais";"Pleno dia";"Crescente";"Ceu Claro";"Simples";"Curva";"Rural";6;1;3;0;2;0;3;2
83497727;"11/09/16";"Domingo";"20:50:00";"DF";70;"9,2";"BRASILIA";"Outras";"Queda de motocicleta / bicicleta / veículo";"Com Vítimas Feridas";"Plena noite";"Crescente";"Ceu Claro";"Dupla";"Curva";"Urbano";2;0;1;0;1;0;1;1
83497728;"11/09/16";"Domingo";"16:40:00";"RJ";116;"220,3";"PIRAI";"Outras";"Tombamento";"Sem Vítimas";"Pleno dia";"Crescente";"Ceu Claro";"Dupla";"Curva";"Urbano";1;0;0;0;1;0;0;1
83497729;"11/09/16";"Domingo";"21:40:00";"RJ";101;"299";"ITABORAI";"Outras";"Colisão com objeto fixo";"Com Vítimas Feridas";"Plena noite";"Decrescente";"Ceu Claro";"Múltipla";"Reta";"Urbano";1;0;1;0;0;0;1;1
83497730;"11/09/16";"Domingo";"04:30:00";"ES";259;"95";"BAIXO GUANDU";"Dormindo";"Saída de Pista";"Com Vítimas Feridas";"Plena noite";"Crescente";"Ceu Claro";"Simples";"Reta";"Urbano";2;0;0;1;1;0;1;1
83497731;"04/09/16";"Domingo";"00:30:00";"PR";467;"100,8";"CASCAVEL";"Falta de atenção";"Saída de Pista";"Com Vítimas Feridas";"Plena noite";"Crescente";"Chuva";"Dupla";"Reta";"Rural";1;0;1;0;0;0;1;1
83497732;"11/09/16";"Domingo";"22:10:00";"BA";101;"875";"TEIXEIRA DE FREITAS";"Ingestão de álcool";"Colisão Transversal";"Sem Vítimas";"Plena noite";"Crescente";"Ceu Claro";"Simples";"Reta";"Urbano";2;0;0;0;2;0;0;2
83497733;"04/09/16";"Domingo";"16:00:00";"MG";116;"123";"ITAOBIM";"Outras";"Tombamento";"Com Vítimas Feridas";"Pleno dia";"Decrescente";"Ceu Claro";"Simples";"Reta";"Rural";2;0;2;0;0;0;2;1
83497734;"11/09/16";"Domingo";"18:10:00";"GO";60;"4,7";"GOIANIA";"Falta de atenção";"Colisão lateral";"Com Vítimas Feridas";"Anoitecer";"Crescente";"Ceu Claro";"Dupla";"Cruzamento";"Urbano";3;0;1;0;2;0;1;2
83497735;"11/09/16";"Domingo";"14:36:00";"MG";40;"518,4";"CONTAGEM";"Velocidade incompatível";"Capotamento";"Sem Vítimas";"Pleno dia";"Crescente";"Ceu Claro";"Dupla";"Reta";"Urbano";1;0;0;0;1;0;0;1
83497736;"11/09/16";"Domingo";"22:50:00";"PR";116;"57";"CAMPINA GRANDE DO SUL";"Outras";"Colisão com objeto fixo";"Sem Vítimas";"Plena noite";"Crescente";"Nublado";"Múltipla";"Reta";"Urbano";1;0;0;0;1;0;0;1
83497737;"11/09/16";"Domingo";"17:00:00";"PR";116;"16";"CAMPINA GRANDE DO SUL";"Outras";"Saída de Pista";"Com Vítimas Feridas";"Pleno dia";"Crescente";"Nublado";"Dupla";"Reta";"Rural";1;0;0;1;0;0;1;1
83497738;"11/09/16";"Domingo";"19:00:00";"MS";262;"382,5";"TERENOS";"Falta de atenção";"Colisão Transversal";"Com Vítimas Feridas";"Plena noite";"Decrescente";"Ceu Claro";"Simples";"Reta";"Urbano";4;0;1;2;1;0;3;2
83497739;"11/09/16";"Domingo";"21:20:00";"PA";163;"978";"SANTAREM";"Outras";"Colisão Transversal";"Com Vítimas Feridas";"Plena noite";"Decrescente";"Ceu Claro";"Simples";"Reta";"Rural";2;0;1;0;1;0;1;2
83497740;"11/09/16";"Domingo";"15:20:00";"MS";158;"15,9";"CASSILANDIA";"Velocidade incompatível";"Capotamento";"Com Vítimas Fatais";"Pleno dia";"Crescente";"Ceu Claro";"Simples";"Reta";"Rural";2;1;0;1;0;0;1;1
83497741;"11/09/16";"Domingo";"21:25:00";"SP";116;"344,2";"MIRACATU";"Outras";"Incêndio";"Sem Vítimas";"Plena noite";"Decrescente";"Ceu Claro";"Simples";"Reta";"Rural";1;0;0;0;1;0;0;1
83497742;"11/09/16";"Domingo";"19:25:00";"PR";116;"208,8";"RIO NEGRO";"Desobediência à sinalização";"Colisão frontal";"Com Vítimas Fatais";"Plena noite";"Decrescente";"Ceu Claro";"Simples";"Reta";"Urbano";2;1;0;0;1;0;0;2
83497743;"11/09/16";"Domingo";"19:40:00";"PR";476;"258";"ANTONIO OLINTO";"Falta de atenção";"Colisão Transversal";"Com Vítimas Feridas";"Plena noite";"Crescente";"Ceu Claro";"Simples";"Reta";"Rural";2;0;2;0;0;0;2;2
83497744;"11/09/16";"Domingo";"19:20:00";"PR";277;"122";"CAMPO LARGO";"Ingestão de álcool";"Colisão traseira";"Com Vítimas Feridas";"Plena noite";"Decrescente";"Ceu Claro";"Dupla";"Reta";"Urbano";3;0;1;0;2;0;1;3
83497745;"11/09/16";"Domingo";"18:05:00";"MS";60;"378,5";"CAMPO GRANDE";"Ingestão de álcool";"Colisão Transversal";"Com Vítimas Feridas";"Plena noite";"Decrescente";"Ceu Claro";"Simples";"Reta";"Rural";8;0;4;0;4;0;4;2
83497746;"11/09/16";"Domingo";"22:30:00";"RJ";40;"113,3";"DUQUE DE CAXIAS";"Velocidade incompatível";"Colisão com objeto fixo";"Com Vítimas Feridas";"Plena noite";"Decrescente";"Ceu Claro";"Múltipla";"Reta";"Urbano";3;0;3;0;0;0;3;1
83497747;"11/09/16";"Domingo";"16:45:00";"GO";153;"124";"ESTRELA DO NORTE";"Ultrapassagem indevida";"Colisão lateral";"Com Vítimas Feridas";"Pleno dia";"Decrescente";"Ceu Claro";"Simples";"Reta";"Rural";3;0;1;0;2;0;1;2
83497748;"11/09/16";"Domingo";"20:15:00";"GO";60;"178";"ABADIA DE GOIAS";"Defeito mecânico em veículo";"Incêndio";"Com Vítimas Feridas";"Plena noite";"Crescente";"Ceu Claro";"Dupla";"Reta";"Rural";22;0;4;0;18;0;4;1
83497749;"11/09/16";"Domingo";"08:10:00";"PR";369;"137,3";"IBIPORA";"Ingestão de álcool";"Colisão com objeto fixo";"Com Vítimas Feridas";"Plena noite";"Crescente";"Ceu Claro";"Simples";"Reta";"Urbano";1;0;0;1;0;0;1;1
83497750;"11/09/16";"Domingo";"22:40:00";"PR";369;"191,3";"ARAPONGAS";"Outras";"Queda de motocicleta / bicicleta / veículo";"Com Vítimas Feridas";"Plena noite";"Decrescente";"Ceu Claro";"Dupla";"Cruzamento";"Urbano";2;0;1;0;0;1;1;2
83497751;"11/09/16";"Domingo";"22:10:00";"PA";316;"1";"ANANINDEUA";"Outras";"Colisão com objeto fixo";"Sem Vítimas";"Plena noite";"Crescente";"Nublado";"Dupla";"Reta";"Urbano";1;0;0;0;1;0;0;1
83497752;"07/09/16";"Quarta";"11:10:00";"MG";267;"123";"JUIZ DE FORA";"Outras";"Colisão traseira";"Com Vítimas Feridas";"Pleno dia";"Crescente";"Ceu Claro";"Simples";"Reta";"Urbano";3;0;0;1;2;0;1;3
83497754;"11/03/16";"Sexta";"06:00:00";"AL";101;"56";"MESSIAS";"Ingestão de álcool";"Saída de Pista";"Sem Vítimas";"Amanhecer";"Crescente";"Ceu Claro";"Simples";"Curva";"Rural";1;0;0;0;1;0;0;1
83497755;"11/09/16";"Domingo";"06:30:00";"PB";101;"99,5";"ALHANDRA";"Outras";"Saída de Pista";"Com Vítimas Feridas";"Pleno dia";"Decrescente";"Chuva";"Dupla";"Reta";"Rural";1;0;1;0;0;0;1;1
83497756;"06/06/16";"Segunda";"17:20:00";"AC";364;"110";"RIO BRANCO";"Outras";"Queda de motocicleta / bicicleta / veículo";"Com Vítimas Feridas";"Anoitecer";"Decrescente";"Ceu Claro";"Dupla";"Reta";"Urbano";2;0;0;1;0;1;1;1
83497757;"12/09/16";"Segunda";"00:15:00";"PR";376;"184";"SARANDI";"Falta de atenção";"Colisão lateral";"Sem Vítimas";"Plena noite";"Decrescente";"Ceu Claro";"Dupla";"Reta";"Urbano";2;0;0;0;1;1;0;2
83497758;"11/09/16";"Domingo";"22:30:00";"MG";365;"276";"MONTES CLAROS";"Falta de atenção";"Queda de motocicleta / bicicleta / veículo";"Com Vítimas Feridas";"Plena noite";"Decrescente";"Ceu Claro";"Dupla";"Cruzamento";"Urbano";1;0;1;0;0;0;1;1
83497759;"11/09/16";"Domingo";"23:45:00";"PB";104;"88";"REMIGIO";"Outras";"Queda de motocicleta / bicicleta / veículo";"Com Vítimas Feridas";"Plena noite";"Crescente";"Nublado";"Simples";"Reta";"Urbano";2;0;2;0;0;0;2;1
83497761;"11/09/16";"Domingo";"18:40:00";"PR";476;"278";"SAO MATEUS DO SUL";"Ingestão de álcool";"Colisão Transversal";"Sem Vítimas";"Plena noite";"Decrescente";"Ceu Claro";"Simples";"Cruzamento";"Urbano";2;0;0;0;2;0;0;2
83497762;"11/09/16";"Domingo";"14:30:00";"SE";101;"196";"CRISTINAPOLIS";"Ingestão de álcool";"Capotamento";"Sem Vítimas";"Pleno dia";"Decrescente";"Ceu Claro";"Simples";"Curva";"Rural";1;0;0;0;1;0;0;1
83497763;"11/09/16";"Domingo";"21:45:00";"AL";316;"155,6";"PALMEIRA DOS INDIOS";"Falta de atenção";"Colisão lateral";"Sem Vítimas";"Plena noite";"Crescente";"Ceu Claro";"Simples";"Reta";"Urbano";2;0;0;0;2;0;0;2
83497764;"12/09/16";"Segunda";"00:20:00";"RS";116;"301";"GUAIBA";"Ultrapassagem indevida";"Colisão frontal";"Sem Vítimas";"Plena noite";"Decrescente";"Nublado";"Simples";"Reta";"Urbano";3;0;0;0;2;1;0;3
83497765;"11/09/16";"Domingo";"15:50:00";"PR";153;"343,4";"IRATI";"Ingestão de álcool";"Saída de Pista";"Com Vítimas Feridas";"Pleno dia";"Crescente";"Sol";"Simples";"Reta";"Rural";1;0;1;0;0;0;1;1
83497766;"11/09/16";"Domingo";"14:40:00";"PB";101;"101,6";"ALHANDRA";"Velocidade incompatível";"Saída de Pista";"Com Vítimas Feridas";"Pleno dia";"Crescente";"Chuva";"Dupla";"Reta";"Rural";4;0;1;1;2;0;2;1
83497767;"11/09/16";"Domingo";"21:26:00";"BA";101;"748,6";"ITABELA";"Velocidade incompatível";"Tombamento";"Sem Vítimas";"Plena noite";"Decrescente";"Nublado";"Simples";"Curva";"Rural";1;0;0;0;1;0;0;1
83497768;"07/09/16";"Quarta";"15:30:00";"CE";116;"17";"EUSEBIO";"Defeito mecânico em veículo";"Queda de motocicleta / bicicleta / veículo";"Com Vítimas Feridas";"Pleno dia";"Decrescente";"Ceu Claro";"Múltipla";"Reta";"Urbano";1;0;1;0;0;0;1;1
83497769;"11/09/16";"Domingo";"23:10:00";"MA";10;"252";"IMPERATRIZ";"Ingestão de álcool";"Saída de Pista";"Com Vítimas Feridas";"Plena noite";"Crescente";"Ceu Claro";"Simples";"Reta";"Urbano";1;0;1;0;0;0;1;1
83497770;"07/09/16";"Quarta";"18:40:00";"SE";101;"92,5";"NOSSA SENHORA DO SOCORRO";"Ingestão de álcool";"Colisão Transversal";"Com Vítimas Feridas";"Plena noite";"Crescente";"Nublado";"Dupla";"Reta";"Urbano";3;0;1;0;2;0;1;2
83497771;"11/09/16";"Domingo";"06:30:00";"MG";262;"397";"PARA DE MINAS";"Dormindo";"Saída de Pista";"Com Vítimas Feridas";"Amanhecer";"Crescente";"Ceu Claro";"Dupla";"Reta";"Rural";1;0;1;0;0;0;1;1
83497772;"12/09/16";"Segunda";"02:15:00";"SC";101;"142,4";"ITAPEMA";"Ingestão de álcool";"Colisão com objeto fixo";"Com Vítimas Feridas";"Plena noite";"Decrescente";"Vento";"Simples";"Reta";"Urbano";1;0;1;0;0;0;1;1
83497773;"12/09/16";"Segunda";"00:15:00";"MG";40;"308,9";"TRES MARIAS";"Ingestão de álcool";"Saída de Pista";"Com Vítimas Feridas";"Plena noite";"Decrescente";"Nublado";"Simples";"Reta";"Rural";1;0;1;0;0;0;1;1
83497774;"12/09/16";"Segunda";"02:00:00";"SP";381;"58";"MAIRIPORA";"Falta de atenção";"Colisão traseira";"Com Vítimas Feridas";"Plena noite";"Crescente";"Ceu Claro";"Dupla";"Reta";"Rural";2;0;1;0;1;0;1;2
83497775;"11/09/16";"Domingo";"17:20:00";"SP";153;"278,8";"OCAUCU";"Velocidade incompatível";"Colisão Transversal";"Com Vítimas Feridas";"Pleno dia";"Decrescente";"Sol";"Simples";"Reta";"Rural";3;0;1;1;1;0;2;2
83497776;"11/09/16";"Domingo";"23:45:00";"MS";60;"390,6";"CAMPO GRANDE";"Outras";"Colisão frontal";"Com Vítimas Feridas";"Plena noite";"Crescente";"Nublado";"Simples";"Reta";"Rural";2;0;0;1;1;0;1;2
83497777;"12/09/16";"Segunda";"02:00:00";"CE";20;"326";"CARIDADE";"Animais na Pista";"Atropelamento de animal";"Com Vítimas Feridas";"Plena noite";"Decrescente";"Ceu Claro";"Simples";"Reta";"Urbano";1;0;1;0;0;0;1;1
83497778;"12/09/16";"Segunda";"00:10:00";"MS";262;"743";"CORUMBA";"Animais na Pista";"Atropelamento de animal";"Sem Vítimas";"Plena noite";"Crescente";"Nublado";"Simples";"Reta";"Rural";2;0;0;0;2;0;0;2
83497779;"12/09/16";"Segunda";"03:00:00";"RS";386;"427";"MONTENEGRO";"Dormindo";"Saída de Pista";"Com Vítimas Feridas";"Plena noite";"Crescente";"Nevoeiro/neblina";"Simples";"Reta";"Rural";2;0;1;0;1;0;1;1
83497780;"12/09/16";"Segunda";"02:45:00";"TO";153;"140,4";"ARAGUAINA";"Ingestão de álcool";"Saída de Pista";"Com Vítimas Feridas";"Plena noite";"Crescente";"Ceu Claro";"Múltipla";"Reta";"Urbano";1;0;0;1;0;0;1;1
83497781;"11/09/16";"Domingo";"11:11:00";"SE";101;"149";"ESTANCIA";"Falta de atenção";"Colisão lateral";"Sem Vítimas";"Pleno dia";"Decrescente";"Ceu Claro";"Simples";"Reta";"Urbano";2;0;0;0;2;0;0;2
83497782;"11/09/16";"Domingo";"17:30:00";"BA";110;"371";"CATU";"Falta de atenção";"Colisão Transversal";"Sem Vítimas";"Anoitecer";"Decrescente";"Ceu Claro";"Simples";"Curva";"Rural";2;0;0;0;2;0;0;2
83497783;"07/09/16";"Quarta";"16:20:00";"CE";116;"26,1";"ITAITINGA";"Outras";"Colisão traseira";"Com Vítimas Feridas";"Pleno dia";"Crescente";"Ceu Claro";"Dupla";"Reta";"Urbano";2;0;1;0;1;0;1;2
83497784;"11/09/16";"Domingo";"16:45:00";"PR";116;"65";"CAMPINA GRANDE DO SUL";"Falta de atenção";"Colisão lateral";"Sem Vítimas";"Pleno dia";"Crescente";"Ceu Claro";"Dupla";"Reta";"Urbano";2;0;0;0;2;0;0;2
83497785;"12/09/16";"Segunda";"01:45:00";"SC";101;"206,5";"SAO JOSE";"Ingestão de álcool";"Capotamento";"Com Vítimas Feridas";"Plena noite";"Decrescente";"Vento";"Dupla";"Reta";"Urbano";2;0;2;0;0;0;2;2
83497786;"12/09/16";"Segunda";"02:20:00";"PR";163;"98,1";"CAPANEMA";"Ingestão de álcool";"Saída de Pista";"Com Vítimas Feridas";"Plena noite";"Crescente";"Ceu Claro";"Simples";"Reta";"Rural";1;0;0;1;0;0;1;1
83497787;"11/09/16";"Domingo";"22:15:00";"AL";316;"187";"TANQUE DARCA";"Falta de atenção";"Saída de Pista";"Com Vítimas Feridas";"Plena noite";"Crescente";"Ceu Claro";"Simples";"Curva";"Rural";1;0;0;1;0;0;1;1
83497788;"11/09/16";"Domingo";"14:15:00";"MG";381;"695,2";"LAVRAS";"Outras";"Queda de motocicleta / bicicleta / veículo";"Com Vítimas Feridas";"Pleno dia";"Crescente";"Sol";"Dupla";"Reta";"Rural";1;0;1;0;0;0;1;1
83497789;"11/09/16";"Domingo";"17:45:00";"SC";470;"150";"RIO DO SUL";"Defeito mecânico em veículo";"Colisão frontal";"Sem Vítimas";"Pleno dia";"Decrescente";"Sol";"Simples";"Reta";"Urbano";2;0;0;0;2;0;0;2
83497790;"11/09/16";"Domingo";"10:30:00";"ES";262;"75";"DOMINGOS MARTINS";"Outras";"Queda de motocicleta / bicicleta / veículo";"Com Vítimas Feridas";"Pleno dia";"Decrescente";"Ceu Claro";"Simples";"Reta";"Rural";1;0;0;1;0;0;1;1
83497791;"07/09/16";"Quarta";"08:00:00";"ES";101;"68";"SAO MATEUS";"Falta de atenção";"Colisão lateral";"Sem Vítimas";"Pleno dia";"Decrescente";"Chuva";"Simples";"Reta";"Urbano";3;0;0;0;3;0;0;3
83497792;"11/07/16";"Segunda";"11:15:00";"BA";116;"460";"SANTO ESTEVAO";"Falta de atenção";"Colisão Transversal";"Sem Vítimas";"Pleno dia";"Decrescente";"Ceu Claro";"Simples";"Curva";"Urbano";2;0;0;0;1;1;0;2
83497793;"11/09/16";"Domingo";"21:30:00";"PE";407;"125,7";"PETROLINA";"Outras";"Queda de motocicleta / bicicleta / veículo";"Com Vítimas Feridas";"Plena noite";"Decrescente";"Ceu Claro";"Dupla";"Reta";"Urbano";2;0;0;1;0;1;1;2
83497794;"11/09/16";"Domingo";"20:00:00";"BA";116;"328";"ARACI";"Velocidade incompatível";"Colisão traseira";"Com Vítimas Feridas";"Plena noite";"Crescente";"Ceu Claro";"Simples";"Reta";"Rural";2;0;0;1;1;0;1;2
83497795;"11/09/16";"Domingo";"23:00:00";"GO";60;"3";"APARECIDA DE GOIANIA";"Outras";"Atropelamento de pessoa";"Com Vítimas Feridas";"Plena noite";"Decrescente";"Ceu Claro";"Dupla";"Reta";"Urbano";2;0;0;1;0;1;1;1
83497796;"08/08/16";"Segunda";"22:40:00";"PA";316;"35";"SANTA ISABEL DO PARA";"Ingestão de álcool";"Colisão Transversal";"Sem Vítimas";"Plena noite";"Crescente";"Nublado";"Dupla";"Reta";"Urbano";2;0;0;0;2;0;0;2
83497797;"12/09/16";"Segunda";"04:50:00";"SP";116;"517,8";"CAJATI";"Velocidade incompatível";"Incêndio";"Com Vítimas Feridas";"Plena noite";"Crescente";"Nublado";"Dupla";"Curva";"Rural";3;0;3;0;0;0;3;1
83497798;"08/09/16";"Quinta";"10:00:00";"CE";116;"32";"AQUIRAZ";"Falta de atenção";"Colisão Transversal";"Sem Vítimas";"Pleno dia";"Decrescente";"Sol";"Dupla";"Curva";"Rural";2;0;0;0;2;0;0;2
83497799;"08/09/16";"Quinta";"18:45:00";"CE";20;"418";"MARACANAU";"Falta de atenção";"Colisão traseira";"Com Vítimas Feridas";"Plena noite";"Crescente";"Ceu Claro";"Simples";"Reta";"Urbano";3;0;1;1;1;0;2;2
83497800;"12/09/16";"Segunda";"05:50:00";"SC";101;"126";"ITAJAI";"Outras";"Colisão traseira";"Com Vítimas Feridas";"Amanhecer";"Decrescente";"Chuva";"Simples";"Reta";"Rural";3;0;1;0;1;1;1;2
83497801;"11/09/16";"Domingo";"21:45:00";"MG";381;"815";"CAREACU";"Dormindo";"Capotamento";"Com Vítimas Feridas";"Plena noite";"Decrescente";"Ceu Claro";"Dupla";"Curva";"Rural";2;0;2;0;0;0;2;1
83497802;"10/09/16";"Sábado";"23:00:00";"SP";153;"26";"NOVA GRANADA";"Ingestão de álcool";"Colisão Transversal";"Com Vítimas Feridas";"Plena noite";"Crescente";"Ceu Claro";"Simples";"Reta";"Rural";6;0;4;0;2;0;4;2
83497803;"18/06/16";"Sábado";"00:30:00";"ES";101;"25";"PINHEIROS";"Falta de atenção";"Colisão Transversal";"Sem Vítimas";"Plena noite";"Crescente";"Ceu Claro";"Simples";"Reta";"Rural";2;0;0;0;1;1;0;2
83497805;"04/09/16";"Domingo";"10:30:00";"MA";316;"212";"GOVERNADOR NEWTON BELLO";"Falta de atenção";"Colisão lateral";"Sem Vítimas";"Pleno dia";"Decrescente";"Ceu Claro";"Simples";"Reta";"Urbano";2;0;0;0;2;0;0;2