"id";"data_inversa";"dia_semana";"horario";"uf";"br";"km";"municipio";"causa_acidente";"tipo_acidente";"classificacao_acidente";"fase_dia";"sentido_via";"condicao_metereologica";"tipo_pista";"tracado_via";"uso_solo";"pessoas";"mortos";"feridos_leves";"feridos_graves";"ilesos";"ignorados";"feridos";"veiculos"
83497806;"12/09/16";"Segunda";"07:00:00";"MG";262;"115";"RIO CASCA";"Animais na Pista";"Capotamento";"Com Vítimas Feridas";"Amanhecer";"Crescente";"Ceu Claro";"Simples";"Curva";"Urbano";1;0;1;0;0;0;1;1
83497807;"12/09/16";"Segunda";"06:30:00";"SC";101;"213,3";"PALHOCA";"Desobediência à sinalização";"Colisão Transversal";"Com Vítimas Feridas";"Amanhecer";"Decrescente";"Nublado";"Dupla";"Reta";"Urbano";2;0;0;1;1;0;1;2
83497808;"11/09/16";"Domingo";"05:00:00";"GO";153;"512";"APARECIDA DE GOIANIA";"Falta de atenção";"Saída de Pista";"Com Vítimas Feridas";"Plena noite";"Crescente";"Ceu Claro";"Dupla";"Reta";"Urbano";4;0;0;1;3;0;1;1
83497809;"10/09/16";"Sábado";"22:22:00";"GO";153;"506,5";"APARECIDA DE GOIANIA";"Falta de atenção";"Colisão lateral";"Com Vítimas Fatais";"Plena noite";"Crescente";"Ceu Claro";"Dupla";"Reta";"Rural";3;1;0;1;0;1;1;2
83497810;"09/09/16";"Sexta";"22:30:00";"SP";381;"89";"GUARULHOS";"Outras";"Queda de motocicleta / bicicleta / veículo";"Com Vítimas Feridas";"Plena noite";"Decrescente";"Ignorada";"Dupla";"Reta";"Urbano";1;0;1;0;0;0;1;1
83497811;"12/09/16";"Segunda";"04:10:00";"MG";116;"716,7";"ALEM PARAIBA";"Ingestão de álcool";"Colisão traseira";"Com Vítimas Feridas";"Plena noite";"Decrescente";"Nublado";"Simples";"Curva";"Urbano";2;0;2;0;0;0;2;2
83497812;"08/09/16";"Quinta";"10:25:00";"PI";316;"293,3";"PICOS";"Falta de atenção";"Colisão Transversal";"Com Vítimas Feridas";"Pleno dia";"Decrescente";"Sol";"Simples";"Cruzamento";"Urbano";2;0;1;1;0;0;2;2
83497813;"08/09/16";"Quinta";"04:30:00";"MG";40;"448";"CAETANOPOLIS";"Dormindo";"Colisão traseira";"Com Vítimas Feridas";"Amanhecer";"Crescente";"Ceu Claro";"Dupla";"Reta";"Rural";3;0;0;1;2;0;1;2
83497814;"09/09/16";"Sexta";"16:50:00";"ES";393;"0";"CACHOEIRO DE ITAPEMIRIM";"Falta de atenção";"Colisão lateral";"Com Vítimas Feridas";"Pleno dia";"Crescente";"Sol";"Simples";"Reta";"Urbano";2;0;1;0;1;0;1;2
83497815;"08/09/16";"Quinta";"21:30:00";"PR";277;"588";"CASCAVEL";"Desobediência à sinalização";"Colisão Transversal";"Com Vítimas Feridas";"Plena noite";"Decrescente";"Ceu Claro";"Simples";"Reta";"Urbano";2;0;0;1;1;0;1;2
83497816;"09/09/16";"Sexta";"01:10:00";"PR";373;"261";"PRUDENTOPOLIS";"Velocidade incompatível";"Colisão frontal";"Com Vítimas Fatais";"Plena noite";"Crescente";"Ceu Claro";"Simples";"Curva";"Rural";2;1;0;0;1;0;0;2
83497817;"12/09/16";"Segunda";"06:45:00";"RS";290;"110,8";"ELDORADO DO SUL";"Velocidade incompatível";"Colisão traseira";"Sem Vítimas";"Amanhecer";"Crescente";"Nevoeiro/neblina";"Dupla";"Reta";"Rural";4;0;0;0;4;0;0;4
83497818;"11/09/16";"Domingo";"18:00:00";"PB";230;"27";"JOAO PESSOA";"Não guardar distância de segurança";"Colisão traseira";"Sem Vítimas";"Plena noite";"Decrescente";"Ceu Claro";"Dupla";"Reta";"Urbano";2;0;0;0;2;0;0;2
83497819;"07/09/16";"Quarta";"19:10:00";"MG";116;"138,1";"PONTO DOS VOLANTES";"Falta de atenção";"Colisão Transversal";"Com Vítimas Feridas";"Plena noite";"Crescente";"Ceu Claro";"Simples";"Curva";"Rural";2;0;0;1;0;1;1;2
83497820;"08/09/16";"Quinta";"16:30:00";"AP";156;"275";"MACAPA";"Falta de atenção";"Saída de Pista";"Com Vítimas Feridas";"Pleno dia";"Decrescente";"Chuva";"Simples";"Reta";"Rural";1;0;1;0;0;0;1;1
83497821;"12/09/16";"Segunda";"06:45:00";"MA";316;"594";"TIMON";"Ultrapassagem indevida";"Colisão Transversal";"Com Vítimas Feridas";"Pleno dia";"Crescente";"Ceu Claro";"Simples";"Reta";"Rural";3;0;1;0;1;1;1;2
83497822;"09/09/16";"Sexta";"20:20:00";"SP";381;"27,4";"ATIBAIA";"Falta de atenção";"Atropelamento de pessoa";"Com Vítimas Fatais";"Plena noite";"Crescente";"Ceu Claro";"Dupla";"Curva";"Rural";2;1;0;0;1;0;0;1
83497823;"09/09/16";"Sexta";"00:05:00";"PR";373;"176,5";"PONTA GROSSA";"Velocidade incompatível";"Colisão Transversal";"Com Vítimas Feridas";"Plena noite";"Decrescente";"Ceu Claro";"Simples";"Reta";"Urbano";2;0;0;1;1;0;1;2
83497824;"12/09/16";"Segunda";"06:30:00";"RJ";101;"324";"NITEROI";"Outras";"Colisão lateral";"Com Vítimas Feridas";"Pleno dia";"Crescente";"Ceu Claro";"Dupla";"Reta";"Urbano";3;0;1;0;2;0;1;2
83497825;"08/09/16";"Quinta";"08:00:00";"PR";369;"468";"CORBELIA";"Falta de atenção";"Colisão traseira";"Com Vítimas Feridas";"Pleno dia";"Decrescente";"Ceu Claro";"Simples";"Reta";"Rural";2;0;0;1;1;0;1;2
83497826;"04/09/16";"Domingo";"06:40:00";"DF";40;"4";"BRASILIA";"Dormindo";"Queda de motocicleta / bicicleta / veículo";"Com Vítimas Feridas";"Pleno dia";"Decrescente";"Ceu Claro";"Dupla";"Reta";"Urbano";1;0;1;0;0;0;1;1
83497828;"11/09/16";"Domingo";"12:40:00";"RJ";116;"96";"GUAPIMIRIM";"Desobediência à sinalização";"Colisão frontal";"Com Vítimas Feridas";"Pleno dia";"Decrescente";"Sol";"Simples";"Curva";"Urbano";4;0;2;0;2;0;2;2
83497829;"25/08/16";"Quinta";"18:00:00";"PE";116;"28";"SALGUEIRO";"Animais na Pista";"Colisão traseira";"Com Vítimas Feridas";"Anoitecer";"Crescente";"Ceu Claro";"Simples";"Reta";"Rural";3;0;2;0;0;1;2;2
83497831;"06/09/16";"Terça";"09:50:00";"CE";222;"16,8";"CAUCAIA";"Falta de atenção";"Colisão lateral";"Sem Vítimas";"Pleno dia";"Crescente";"Ceu Claro";"Simples";"Reta";"Urbano";2;0;0;0;2;0;0;2
83497832;"22/07/16";"Sexta";"15:20:00";"PR";376;"4,8";"APUCARANA";"Outras";"Colisão traseira";"Com Vítimas Feridas";"Pleno dia";"Crescente";"Ignorada";"Simples";"Reta";"Urbano";2;0;0;1;0;1;1;2
83497833;"09/08/16";"Terça";"00:15:00";"PR";277;"454,3";"LARANJEIRAS DO SUL";"Ingestão de álcool";"Saída de Pista";"Sem Vítimas";"Plena noite";"Crescente";"Ceu Claro";"Simples";"Cruzamento";"Urbano";1;0;0;0;1;0;0;1
83497834;"07/09/16";"Quarta";"15:00:00";"PR";376;"495";"PONTA GROSSA";"Desobediência à sinalização";"Colisão lateral";"Com Vítimas Feridas";"Pleno dia";"Decrescente";"Ignorada";"Dupla";"Curva";"Urbano";2;0;1;0;1;0;1;2
83497835;"09/09/16";"Sexta";"03:30:00";"MG";365;"593";"INDIANOPOLIS";"Outras";"Tombamento";"Com Vítimas Feridas";"Plena noite";"Crescente";"Ceu Claro";"Simples";"Curva";"Rural";1;0;1;0;0;0;1;1
83497837;"09/09/16";"Sexta";"09:30:00";"CE";222;"4,9";"CAUCAIA";"Desobediência à sinalização";"Colisão Transversal";"Sem Vítimas";"Pleno dia";"Crescente";"Sol";"Múltipla";"Reta";"Urbano";2;0;0;0;2;0;0;2
83497838;"08/09/16";"Quinta";"13:00:00";"SC";101;"147";"ITAPEMA";"Falta de atenção";"Colisão traseira";"Com Vítimas Feridas";"Pleno dia";"Decrescente";"Ceu Claro";"Simples";"Reta";"Urbano";2;0;1;0;1;0;1;2
83497839;"08/09/16";"Quinta";"02:30:00";"RJ";116;"300,2";"RESENDE";"Outras";"Atropelamento de pessoa";"Com Vítimas Feridas";"Plena noite";"Crescente";"Chuva";"Dupla";"Reta";"Rural";2;0;0;1;1;0;1;1
83497840;"12/09/16";"Segunda";"07:10:00";"CE";116;"2,1";"FORTALEZA";"Falta de atenção";"Colisão lateral";"Sem Vítimas";"Pleno dia";"Decrescente";"Nublado";"Múltipla";"Reta";"Urbano";2;0;0;0;2;0;0;2
83497841;"12/09/16";"Segunda";"07:40:00";"PR";369;"155";"LONDRINA";"Falta de atenção";"Colisão lateral";"Com Vítimas Feridas";"Pleno dia";"Decrescente";"Nublado";"Dupla";"Cruzamento";"Urbano";3;0;2;0;1;0;2;2
83497842;"08/09/16";"Quinta";"21:30:00";"MG";135;"649,6";"CURVELO";"Outras";"Colisão lateral";"Sem Vítimas";"Plena noite";"Crescente";"Ceu Claro";"Simples";"Curva";"Rural";3;0;0;0;1;2;0;3
83497843;"12/08/16";"Sexta";"07:10:00";"PR";116;"122";"CURITIBA";"Falta de atenção";"Colisão traseira";"Com Vítimas Feridas";"Pleno dia";"Decrescente";"Nublado";"Dupla";"Reta";"Urbano";2;0;1;0;1;0;1;2
83497844;"12/09/16";"Segunda";"09:00:00";"MA";10;"247";"IMPERATRIZ";"Falta de atenção";"Colisão traseira";"Com Vítimas Feridas";"Pleno dia";"Decrescente";"Ceu Claro";"Simples";"Reta";"Urbano";2;0;1;0;0;1;1;2
83497845;"08/09/16";"Quinta";"23:25:00";"MG";40;"527";"CONTAGEM";"Falta de atenção";"Atropelamento de pessoa";"Com Vítimas Feridas";"Plena noite";"Crescente";"Nublado";"Dupla";"Reta";"Urbano";2;0;0;2;0;0;2;1
83497846;"12/09/16";"Segunda";"07:40:00";"PR";376;"185";"SARANDI";"Falta de atenção";"Colisão lateral";"Com Vítimas Feridas";"Pleno dia";"Decrescente";"Ceu Claro";"Dupla";"Reta";"Urbano";2;0;0;1;1;0;1;2
83497847;"11/09/16";"Domingo";"06:10:00";"MG";153;"112,9";"PRATA";"Ultrapassagem indevida";"Colisão lateral";"Com Vítimas Feridas";"Amanhecer";"Decrescente";"Ceu Claro";"Simples";"Reta";"Rural";3;0;2;0;1;0;2;2
83497848;"09/09/16";"Sexta";"05:15:00";"RJ";393;"107";"SAPUCAIA";"Defeito mecânico em veículo";"Incêndio";"Sem Vítimas";"Amanhecer";"Decrescente";"Ceu Claro";"Simples";"Reta";"Urbano";1;0;0;0;1;0;0;1
83497849;"11/09/16";"Domingo";"14:50:00";"ES";101;"315,9";"GUARAPARI";"Falta de atenção";"Saída de Pista";"Com Vítimas Feridas";"Pleno dia";"Decrescente";"Ceu Claro";"Múltipla";"Curva";"Rural";3;0;1;2;0;0;3;1
83497850;"05/05/16";"Quinta";"11:14:00";"PR";376;"307,8";"MAUA DA SERRA";"Defeito mecânico em veículo";"Tombamento";"Com Vítimas Feridas";"Pleno dia";"Crescente";"Ceu Claro";"Dupla";"Curva";"Rural";2;0;2;0;0;0;2;2
83497851;"12/09/16";"Segunda";"08:00:00";"MG";354;"711,5";"CAXAMBU";"Velocidade incompatível";"Saída de Pista";"Com Vítimas Feridas";"Pleno dia";"Crescente";"Sol";"Simples";"Curva";"Rural";1;0;0;1;0;0;1;1
83497852;"08/09/16";"Quinta";"21:30:00";"ES";101;"260";"SERRA";"Outras";"Saída de Pista";"Sem Vítimas";"Plena noite";"Crescente";"Ceu Claro";"Dupla";"Reta";"Urbano";1;0;0;0;1;0;0;1
83497853;"26/07/16";"Terça";"04:00:00";"MG";251;"458";"FRANCISCO SA";"Defeito na via";"Saída de Pista";"Com Vítimas Feridas";"Plena noite";"Decrescente";"Ignorada";"Simples";"Reta";"Rural";5;0;5;0;0;0;5;1
83497854;"12/09/16";"Segunda";"07:20:00";"MA";135;"5,5";"SAO LUIS";"Falta de atenção";"Colisão traseira";"Com Vítimas Feridas";"Pleno dia";"Decrescente";"Nublado";"Dupla";"Reta";"Urbano";2;0;0;1;1;0;1;2
83497855;"12/09/16";"Segunda";"08:15:00";"MA";135;"3";"SAO LUIS";"Falta de atenção";"Colisão traseira";"Sem Vítimas";"Pleno dia";"Decrescente";"Nublado";"Dupla";"Reta";"Urbano";2;0;0;0;2;0;0;2
83497856;"12/09/16";"Segunda";"08:20:00";"MG";116;"528,3";"CARATINGA";"Não guardar distância de segurança";"Colisão traseira";"Com Vítimas Feridas";"Pleno dia";"Crescente";"Ceu Claro";"Dupla";"Reta";"Urbano";2;0;1;0;1;0;1;2
83497857;"12/09/16";"Segunda";"02:00:00";"BA";324;"414";"NOVA FATIMA";"Outras";"Capotamento";"Com Vítimas Feridas";"Plena noite";"Decrescente";"Ceu Claro";"Simples";"Reta";"Rural";2;0;2;0;0;0;2;1
83497858;"12/09/16";"Segunda";"06:45:00";"MG";40;"528";"CONTAGEM";"Outras";"Atropelamento de pessoa";"Com Vítimas Feridas";"Pleno dia";"Crescente";"Ceu Claro";"Dupla";"Curva";"Urbano";2;0;1;1;0;0;2;1
83497859;"12/09/16";"Segunda";"09:30:00";"RJ";101;"224";"SILVA JARDIM";"Outras";"Saída de Pista";"Com Vítimas Feridas";"Plena noite";"Crescente";"Ceu Claro";"Simples";"Curva";"Rural";4;0;3;0;1;0;3;1
83497860;"12/09/16";"Segunda";"07:00:00";"RJ";101;"322";"NITEROI";"Falta de atenção";"Colisão lateral";"Sem Vítimas";"Pleno dia";"Crescente";"Ceu Claro";"Dupla";"Curva";"Urbano";2;0;0;0;2;0;0;2
83497862;"11/09/16";"Domingo";"14:20:00";"TO";153;"404,4";"MIRANORTE";"Ultrapassagem indevida";"Saída de Pista";"Com Vítimas Fatais";"Pleno dia";"Decrescente";"Sol";"Simples";"Reta";"Rural";4;1;0;0;0;3;0;1
83497863;"12/09/16";"Segunda";"09:00:00";"MG";262;"96";"ABRE CAMPO";"Desobediência à sinalização";"Colisão Transversal";"Com Vítimas Feridas";"Pleno dia";"Decrescente";"Ceu Claro";"Simples";"Curva";"Urbano";2;0;1;1;0;0;2;2
83497864;"07/09/16";"Quarta";"13:00:00";"GO";60;"388";"RIO VERDE";"Falta de atenção";"Colisão Transversal";"Sem Vítimas";"Pleno dia";"Crescente";"Sol";"Dupla";"Reta";"Urbano";2;0;0;0;2;0;0;2
83497865;"11/09/16";"Domingo";"04:10:00";"RJ";116;"181";"NOVA IGUACU";"Outras";"Colisão traseira";"Com Vítimas Feridas";"Plena noite";"Decrescente";"Ceu Claro";"Dupla";"Reta";"Urbano";3;0;2;0;1;0;2;2
83497866;"08/09/16";"Quinta";"14:25:00";"RS";116;"320";"BARRA DO RIBEIRO";"Velocidade incompatível";"Tombamento";"Sem Vítimas";"Pleno dia";"Decrescente";"Ceu Claro";"Simples";"Curva";"Rural";1;0;0;0;1;0;0;1
83497867;"04/09/16";"Domingo";"10:30:00";"RJ";493;"20";"MAGE";"Falta de atenção";"Colisão lateral";"Com Vítimas Feridas";"Pleno dia";"Decrescente";"Ceu Claro";"Simples";"Reta";"Urbano";2;0;1;0;1;0;1;2
83497868;"12/09/16";"Segunda";"07:10:00";"DF";20;"13,6";"BRASILIA";"Não guardar distância de segurança";"Colisão traseira";"Sem Vítimas";"Pleno dia";"Decrescente";"Ceu Claro";"Dupla";"Reta";"Rural";2;0;0;0;2;0;0;2
83497869;"08/09/16";"Quinta";"19:30:00";"DF";70;"0,5";"BRASILIA";"Outras";"Queda de motocicleta / bicicleta / veículo";"Com Vítimas Feridas";"Plena noite";"Crescente";"Ceu Claro";"Dupla";"Reta";"Urbano";1;0;1;0;0;0;1;1
83497870;"09/09/16";"Sexta";"02:40:00";"PR";153;"104,1";"IBAITI";"Outras";"Queda de motocicleta / bicicleta / veículo";"Com Vítimas Feridas";"Plena noite";"Decrescente";"Ceu Claro";"Simples";"Reta";"Urbano";1;0;0;1;0;0;1;1
83497871;"12/09/16";"Segunda";"07:00:00";"CE";20;"422,2";"MARACANAU";"Falta de atenção";"Atropelamento de pessoa";"Com Vítimas Feridas";"Pleno dia";"Decrescente";"Ceu Claro";"Múltipla";"Reta";"Urbano";2;0;1;1;0;0;2;1
83497872;"12/09/16";"Segunda";"09:15:00";"MA";10;"258";"IMPERATRIZ";"Falta de atenção";"Colisão Transversal";"Com Vítimas Feridas";"Pleno dia";"Crescente";"Ceu Claro";"Simples";"Reta";"Urbano";2;0;1;0;1;0;1;2
83497873;"10/09/16";"Sábado";"21:35:00";"SC";282;"519,7";"XAXIM";"Falta de atenção";"Colisão Transversal";"Com Vítimas Feridas";"Pleno dia";"Decrescente";"Ceu Claro";"Simples";"Reta";"Rural";4;0;1;2;1;0;3;2
83497874;"04/09/16";"Domingo";"12:07:00";"MG";381;"442";"SABARA";"Outras";"Atropelamento de pessoa";"Com Vítimas Feridas";"Pleno dia";"Decrescente";"Ceu Claro";"Simples";"Reta";"Rural";2;0;1;0;1;0;1;1
83497875;"11/09/16";"Domingo";"06:30:00";"MA";316;"583";"CAXIAS";"Dormindo";"Colisão frontal";"Com Vítimas Fatais";"Amanhecer";"Decrescente";"Ceu Claro";"Simples";"Reta";"Rural";2;1;1;0;0;0;1;2
83497876;"05/08/16";"Sexta";"23:30:00";"CE";20;"430";"FORTALEZA";"Outras";"Colisão traseira";"Com Vítimas Feridas";"Plena noite";"Decrescente";"Ceu Claro";"Dupla";"Curva";"Urbano";3;0;2;1;0;0;3;2
83497877;"10/09/16";"Sábado";"19:50:00";"SP";116;"199";"GUARULHOS";"Outras";"Colisão com objeto fixo";"Sem Vítimas";"Plena noite";"Decrescente";"Ceu Claro";"Simples";"Curva";"Urbano";1;0;0;0;1;0;0;1
83497878;"04/09/16";"Domingo";"15:11:00";"BA";110;"170";"RIBEIRA DO POMBAL";"Falta de atenção";"Colisão lateral";"Sem Vítimas";"Pleno dia";"Decrescente";"Ceu Claro";"Simples";"Reta";"Urbano";2;0;0;0;2;0;0;2
83497879;"04/09/16";"Domingo";"17:00:00";"SC";282;"609";"PINHALZINHO";"Defeito na via";"Colisão lateral";"Sem Vítimas";"Pleno dia";"Crescente";"Nublado";"Simples";"Reta";"Urbano";2;0;0;0;1;1;0;2
83497881;"12/09/16";"Segunda";"11:30:00";"RJ";101;"313";"SAO GONCALO";"Defeito mecânico em veículo";"Queda de motocicleta / bicicleta / veículo";"Com Vítimas Feridas";"Pleno dia";"Crescente";"Sol";"Dupla";"Reta";"Urbano";2;0;1;0;1;0;1;1
83497882;"05/09/16";"Segunda";"06:00:00";"PE";104;"39";"CARUARU";"Falta de atenção";"Colisão traseira";"Sem Vítimas";"Pleno dia";"Decrescente";"Nublado";"Dupla";"Reta";"Rural";2;0;0;0;2;0;0;2
83497883;"12/09/16";"Segunda";"10:15:00";"RS";290;"87";"PORTO ALEGRE";"Falta de atenção";"Colisão lateral";"Com Vítimas Feridas";"Pleno dia";"Crescente";"Ceu Claro";"Múltipla";"Reta";"Urbano";2;0;1;0;1;0;1;2
83497884;"04/09/16";"Domingo";"14:05:00";"PR";476;"135";"CURITIBA";"Falta de atenção";"Colisão lateral";"Com Vítimas Feridas";"Pleno dia";"Crescente";"Chuva";"Múltipla";"Reta";"Urbano";4;0;1;0;2;1;1;2
83497885;"12/09/16";"Segunda";"10:42:00";"MG";381;"488,2";"BETIM";"Defeito mecânico em veículo";"Colisão traseira";"Com Vítimas Feridas";"Pleno dia";"Crescente";"Ceu Claro";"Dupla";"Reta";"Urbano";3;0;1;0;2;0;1;2
83497886;"02/05/16";"Segunda";"18:35:00";"RS";392;"123,3";"CANGUCU";"Falta de atenção";"Colisão traseira";"Com Vítimas Feridas";"Plena noite";"Crescente";"Ceu Claro";"Simples";"Reta";"Rural";3;0;2;0;1;0;2;2
83497887;"08/09/16";"Quinta";"23:00:00";"TO";153;"341,8";"GUARAI";"Velocidade incompatível";"Saída de Pista";"Com Vítimas Feridas";"Plena noite";"Crescente";"Ceu Claro";"Simples";"Curva";"Rural";2;0;0;2;0;0;2;1
83497888;"02/09/16";"Sexta";"15:00:00";"PR";153;"139";"VENTANIA";"Outras";"Queda de motocicleta / bicicleta / veículo";"Com Vítimas Feridas";"Pleno dia";"Decrescente";"Ignorada";"Simples";"Curva";"Rural";1;0;0;1;0;0;1;1
83497889;"12/09/16";"Segunda";"12:00:00";"RN";101;"85,5";"NATAL";"Falta de atenção";"Colisão traseira";"Sem Vítimas";"Pleno dia";"Crescente";"Ceu Claro";"Dupla";"Reta";"Urbano";3;0;0;0;3;0;0;3
83497890;"08/09/16";"Quinta";"18:45:00";"RJ";116;"107";"GUAPIMIRIM";"Falta de atenção";"Atropelamento de pessoa";"Com Vítimas Fatais";"Plena noite";"Decrescente";"Ceu Claro";"Dupla";"Reta";"Urbano";2;1;0;0;1;0;0;1
83497891;"12/09/16";"Segunda";"09:30:00";"SP";381;"46,5";"ATIBAIA";"Outras";"Colisão traseira";"Sem Vítimas";"Pleno dia";"Crescente";"Ceu Claro";"Múltipla";"Reta";"Urbano";2;0;0;0;2;0;0;2
83497892;"08/09/16";"Quinta";"23:10:00";"DF";20;"16";"BRASILIA";"Outras";"Incêndio";"Sem Vítimas";"Plena noite";"Decrescente";"Ceu Claro";"Dupla";"Reta";"Urbano";1;0;0;0;1;0;0;1
83497893;"10/09/16";"Sábado";"04:50:00";"MG";381;"768,5";"CAMPANHA";"Dormindo";"Colisão traseira";"Com Vítimas Feridas";"Plena noite";"Decrescente";"Ceu Claro";"Dupla";"Reta";"Rural";4;0;2;1;1;0;3;3
83497894;"08/09/16";"Quinta";"22:35:00";"SP";381;"86";"SAO PAULO";"Falta de atenção";"Colisão traseira";"Com Vítimas Feridas";"Plena noite";"Decrescente";"Nublado";"Múltipla";"Reta";"Urbano";2;0;1;0;1;0;1;2
83497895;"09/09/16";"Sexta";"05:58:00";"RJ";101;"236";"SILVA JARDIM";"Outras";"Colisão lateral";"Com Vítimas Feridas";"Amanhecer";"Crescente";"Ignorada";"Simples";"Reta";"Rural";3;0;2;0;1;0;2;3
83497896;"07/09/16";"Quarta";"17:00:00";"PR";369;"201";"APUCARANA";"Outras";"Colisão com bicicleta";"Com Vítimas Fatais";"Pleno dia";"Decrescente";"Sol";"Simples";"Reta";"Urbano";2;1;0;0;1;0;0;2
83497897;"12/09/16";"Segunda";"08:10:00";"RS";290;"91";"PORTO ALEGRE";"Falta de atenção";"Colisão traseira";"Sem Vítimas";"Amanhecer";"Decrescente";"Ceu Claro";"Múltipla";"Reta";"Rural";3;0;0;0;3;0;0;3
83497898;"08/09/16";"Quinta";"16:10:00";"GO";153;"442";"ANAPOLIS";"Falta de atenção";"Colisão traseira";"Sem Vítimas";"Pleno dia";"Decrescente";"Ceu Claro";"Dupla";"Reta";"Rural";2;0;0;0;2;0;0;2
83497899;"12/09/16";"Segunda";"12:50:00";"BA";101;"263";"SANTO ANTONIO DE JESUS";"Falta de atenção";"Colisão Transversal";"Com Vítimas Feridas";"Pleno dia";"Decrescente";"Ceu Claro";"Simples";"Reta";"Urbano";6;0;1;0;5;0;1;2
83497900;"12/09/16";"Segunda";"08:55:00";"PE";232;"182,3";"BELO JARDIM";"Outras";"Saída de Pista";"Com Vítimas Feridas";"Pleno dia";"Decrescente";"Nublado";"Simples";"Reta";"Rural";2;0;1;1;0;0;2;1
83497901;"12/09/16";"Segunda";"08:40:00";"GO";153;"500,1";"GOIANIA";"Defeito mecânico em veículo";"Colisão lateral";"Sem Vítimas";"Pleno dia";"Crescente";"Ceu Claro";"Dupla";"Reta";"Urbano";2;0;0;0;2;0;0;2
83497902;"12/09/16";"Segunda";"11:30:00";"PB";230;"25";"JOAO PESSOA";"Falta de atenção";"Capotamento";"Com Vítimas Feridas";"Pleno dia";"Crescente";"Sol";"Múltipla";"Curva";"Urbano";3;0;3;0;0;0;3;1
83497903;"31/07/16";"Domingo";"21:45:00";"MG";381;"411,8";"NOVA UNIAO";"Velocidade incompatível";"Colisão frontal";"Com Vítimas Feridas";"Plena noite";"Decrescente";"Ceu Claro";"Simples";"Curva";"Rural";4;0;2;2;0;0;4;2
83497904;"09/09/16";"Sexta";"09:50:00";"GO";60;"434,5";"RIO VERDE";"Velocidade incompatível";"Colisão lateral";"Sem Vítimas";"Pleno dia";"Crescente";"Ceu Claro";"Dupla";"Reta";"Rural";2;0;0;0;2;0;0;2
83497905;"12/09/16";"Segunda";"11:00:00";"PE";101;"83";"JABOATAO DOS GUARARAPES";"Não guardar distância de segurança";"Colisão traseira";"Sem Vítimas";"Pleno dia";"Crescente";"Nublado";"Simples";"Reta";"Urbano";2;0;0;0;2;0;0;2
83497906;"12/09/16";"Segunda";"11:00:00";"PE";232;"81";"GRAVATA";"Outras";"Colisão com objeto fixo";"Com Vítimas Feridas";"Pleno dia";"Crescente";"Sol";"Múltipla";"Reta";"Urbano";1;0;1;0;0;0;1;1
83497907;"12/09/16";"Segunda";"12:20:00";"MG";381;"364";"SAO GONCALO DO RIO ABAIXO";"Velocidade incompatível";"Saída de Pista";"Sem Vítimas";"Pleno dia";"Crescente";"Ceu Claro";"Simples";"Curva";"Rural";1;0;0;0;1;0;0;1
83497908;"12/09/16";"Segunda";"11:20:00";"SP";116;"222";"GUARULHOS";"Defeito mecânico em veículo";"Colisão traseira";"Com Vítimas Feridas";"Pleno dia";"Decrescente";"Sol";"Dupla";"Reta";"Urbano";3;0;1;0;2;0;1;2
83497909;"12/09/16";"Segunda";"11:15:00";"MT";364;"288,4";"JACIARA";"Desobediência à sinalização";"Saída de Pista";"Sem Vítimas";"Pleno dia";"Decrescente";"Sol";"Simples";"Cruzamento";"Rural";2;0;0;0;2;0;0;2
83497910;"09/09/16";"Sexta";"04:20:00";"DF";20;"45";"BRASILIA";"Outras";"Capotamento";"Sem Vítimas";"Plena noite";"Crescente";"Ceu Claro";"Dupla";"Curva";"Rural";2;0;0;0;2;0;0;1
83497911;"08/09/16";"Quinta";"18:22:00";"ES";101;"293";"CARIACICA";"Outras";"Queda de motocicleta / bicicleta / veículo";"Com Vítimas Feridas";"Plena noite";"Crescente";"Ceu Claro";"Simples";"Cruzamento";"Urbano";1;0;1;0;0;0;1;1
83497912;"12/09/16";"Segunda";"11:10:00";"MS";60;"496";"MARACAJU";"Outras";"Queda de motocicleta / bicicleta / veículo";"Com Vítimas Feridas";"Pleno dia";"Decrescente";"Ceu Claro";"Simples";"Reta";"Rural";2;0;0;2;0;0;2;1
83497913;"08/09/16";"Quinta";"17:53:00";"SP";116;"491";"CAJATI";"Falta de atenção";"Queda de motocicleta / bicicleta / veículo";"Com Vítimas Feridas";"Anoitecer";"Decrescente";"Ceu Claro";"Dupla";"Curva";"Rural";2;0;2;0;0;0;2;1
83497914;"08/09/16";"Quinta";"12:30:00";"TO";153;"271";"BRASILANDIA DO TOCANTINS";"Velocidade incompatível";"Saída de Pista";"Com Vítimas Feridas";"Pleno dia";"Crescente";"Chuva";"Simples";"Reta";"Rural";5;0;5;0;0;0;5;1
83497915;"12/09/16";"Segunda";"11:15:00";"RO";364;"237,2";"CACOAL";"Falta de atenção";"Colisão Transversal";"Com Vítimas Feridas";"Pleno dia";"Decrescente";"Ceu Claro";"Simples";"Reta";"Urbano";2;0;2;0;0;0;2;2
83497916;"12/09/16";"Segunda";"12:50:00";"RO";364;"343,9";"JI-PARANA";"Falta de atenção";"Colisão Transversal";"Com Vítimas Feridas";"Pleno dia";"Decrescente";"Sol";"Múltipla";"Cruzamento";"Urbano";2;0;1;0;1;0;1;2
83497917;"29/08/16";"Segunda";"11:50:00";"BA";410;"22";"TUCANO";"Ultrapassagem indevida";"Colisão lateral";"Ignorado";"Pleno dia";"Crescente";"Ceu Claro";"Simples";"Reta";"Rural";2;0;0;0;0;2;0;2