"id";"data_inversa";"dia_semana";"horario";"uf";"br";"km";"municipio";"causa_acidente";"tipo_acidente";"classificacao_acidente";"fase_dia";"sentido_via";"condicao_metereologica";"tipo_pista";"tracado_via";"uso_solo";"pessoas";"mortos";"feridos_leves";"feridos_graves";"ilesos";"ignorados";"feridos";"veiculos"
83498028;"12/09/16";"Segunda";"17:50:00";"MG";40;"449,2";"CAETANOPOLIS";"Defeito mecânico em veículo";"Queda de motocicleta / bicicleta / veículo";"Com Vítimas Feridas";"Plena noite";"Decrescente";"Ceu Claro";"Dupla";"Reta";"Rural";2;0;0;2;0;0;2;1
83498029;"12/09/16";"Segunda";"14:30:00";"PR";163;"23,9";"SANTO ANTONIO DO SUDOESTE";"Falta de atenção";"Colisão lateral";"Sem Vítimas";"Pleno dia";"Crescente";"Ceu Claro";"Simples";"Reta";"Rural";3;0;0;0;3;0;0;2
83498030;"12/09/16";"Segunda";"19:35:00";"PR";277;"595,6";"CASCAVEL";"Não guardar distância de segurança";"Colisão traseira";"Sem Vítimas";"Plena noite";"Crescente";"Ceu Claro";"Dupla";"Reta";"Urbano";2;0;0;0;2;0;0;2
83498031;"12/09/16";"Segunda";"15:10:00";"RS";293;"77";"PIRATINI";"Velocidade incompatível";"Tombamento";"Sem Vítimas";"Pleno dia";"Crescente";"Chuva";"Simples";"Curva";"Rural";1;0;0;0;1;0;0;1
83498032;"12/09/16";"Segunda";"23:50:00";"PR";376;"246";"APUCARANA";"Outras";"Atropelamento de animal";"Com Vítimas Feridas";"Plena noite";"Crescente";"Nublado";"Simples";"Reta";"Urbano";1;0;0;1;0;0;1;1
83498033;"12/09/16";"Segunda";"09:20:00";"PR";277;"115";"CAMPO LARGO";"Velocidade incompatível";"Colisão com objeto fixo";"Sem Vítimas";"Pleno dia";"Crescente";"Ceu Claro";"Simples";"Curva";"Urbano";1;0;0;0;1;0;0;1
83498034;"12/09/16";"Segunda";"13:00:00";"MS";267;"481";"JARDIM";"Falta de atenção";"Colisão lateral";"Com Vítimas Feridas";"Pleno dia";"Decrescente";"Sol";"Simples";"Cruzamento";"Urbano";3;0;2;0;1;0;2;2
83498035;"13/09/16";"Terça";"00:20:00";"SP";116;"18";"LAVRINHAS";"Velocidade incompatível";"Colisão traseira";"Sem Vítimas";"Plena noite";"Decrescente";"Ceu Claro";"Dupla";"Reta";"Rural";2;0;0;0;2;0;0;2
83498036;"12/09/16";"Segunda";"18:30:00";"MS";163;"488";"CAMPO GRANDE";"Defeito mecânico em veículo";"Tombamento";"Sem Vítimas";"Plena noite";"Decrescente";"Ceu Claro";"Simples";"Reta";"Urbano";1;0;0;0;1;0;0;1
83498037;"12/09/16";"Segunda";"22:30:00";"MG";135;"387,4";"MONTES CLAROS";"Animais na Pista";"Atropelamento de animal";"Com Vítimas Feridas";"Plena noite";"Crescente";"Ceu Claro";"Simples";"Reta";"Rural";1;0;0;1;0;0;1;1
83498038;"12/09/16";"Segunda";"22:20:00";"AL";316;"255,5";"PILAR";"Animais na Pista";"Atropelamento de animal";"Com Vítimas Feridas";"Plena noite";"Crescente";"Nublado";"Simples";"Reta";"Urbano";2;0;0;2;0;0;2;1
83498039;"12/09/16";"Segunda";"08:30:00";"ES";262;"29,1";"DOMINGOS MARTINS";"Velocidade incompatível";"Tombamento";"Com Vítimas Feridas";"Pleno dia";"Crescente";"Ceu Claro";"Simples";"Curva";"Rural";1;0;1;0;0;0;1;1
83498040;"12/09/16";"Segunda";"20:30:00";"MG";262;"153";"SAO DOMINGOS DO PRATA";"Defeito mecânico em veículo";"Saída de Pista";"Sem Vítimas";"Plena noite";"Decrescente";"Ceu Claro";"Simples";"Curva";"Rural";1;0;0;0;1;0;0;1
83498041;"12/09/16";"Segunda";"20:00:00";"MA";316;"502";"CAXIAS";"Animais na Pista";"Atropelamento de animal";"Sem Vítimas";"Plena noite";"Decrescente";"Ceu Claro";"Simples";"Reta";"Rural";2;0;0;0;2;0;0;1
83498042;"12/09/16";"Segunda";"19:10:00";"PR";277;"593,9";"CASCAVEL";"Outras";"Colisão traseira";"Com Vítimas Feridas";"Plena noite";"Crescente";"Ceu Claro";"Simples";"Reta";"Urbano";6;0;2;0;4;0;2;5
83498043;"12/09/16";"Segunda";"11:55:00";"SP";101;"48,9";"UBATUBA";"Desobediência à sinalização";"Colisão Transversal";"Com Vítimas Feridas";"Pleno dia";"Crescente";"Ceu Claro";"Simples";"Reta";"Urbano";2;0;1;0;1;0;1;2
83498044;"12/09/16";"Segunda";"11:00:00";"SP";116;"158";"JACAREI";"Outras";"Colisão traseira";"Sem Vítimas";"Pleno dia";"Decrescente";"Sol";"Dupla";"Reta";"Urbano";2;0;0;0;2;0;0;2
83498045;"12/09/16";"Segunda";"13:00:00";"PE";232;"136,1";"CARUARU";"Defeito mecânico em veículo";"Colisão com objeto móvel";"Com Vítimas Feridas";"Pleno dia";"Decrescente";"Ceu Claro";"Dupla";"Reta";"Rural";2;0;0;1;0;1;1;2
83498046;"12/09/16";"Segunda";"07:40:00";"SP";381;"48,2";"ATIBAIA";"Falta de atenção";"Capotamento";"Sem Vítimas";"Pleno dia";"Crescente";"Ceu Claro";"Dupla";"Reta";"Urbano";1;0;0;0;1;0;0;1
83498047;"12/09/16";"Segunda";"22:30:00";"PI";316;"125";"ELESBAO VELOSO";"Animais na Pista";"Atropelamento de animal";"Sem Vítimas";"Plena noite";"Crescente";"Ceu Claro";"Simples";"Reta";"Rural";1;0;0;0;1;0;0;1
83498048;"12/09/16";"Segunda";"12:20:00";"MA";135;"42,8";"BACABEIRA";"Ultrapassagem indevida";"Colisão frontal";"Com Vítimas Feridas";"Pleno dia";"Decrescente";"Sol";"Simples";"Reta";"Rural";5;0;0;4;1;0;4;2
83498049;"12/09/16";"Segunda";"15:30:00";"RJ";116;"277";"BARRA MANSA";"Velocidade incompatível";"Capotamento";"Sem Vítimas";"Pleno dia";"Decrescente";"Ceu Claro";"Dupla";"Reta";"Rural";1;0;0;0;1;0;0;1
83498050;"12/09/16";"Segunda";"07:45:00";"PB";230;"35,3";"SANTA RITA";"Defeito mecânico em veículo";"Queda de motocicleta / bicicleta / veículo";"Com Vítimas Feridas";"Pleno dia";"Decrescente";"Ceu Claro";"Simples";"Curva";"Urbano";1;0;1;0;0;0;1;1
83498051;"12/09/16";"Segunda";"18:40:00";"RJ";116;"258";"VOLTA REDONDA";"Outras";"Queda de motocicleta / bicicleta / veículo";"Com Vítimas Feridas";"Anoitecer";"Decrescente";"Chuva";"Dupla";"Reta";"Rural";2;0;1;0;1;0;1;1
83498052;"12/09/16";"Segunda";"22:50:00";"RS";386;"274";"SAO JOSE DO HERVAL";"Outras";"Colisão traseira";"Sem Vítimas";"Plena noite";"Decrescente";"Ceu Claro";"Simples";"Reta";"Rural";2;0;0;0;2;0;0;2
83498053;"13/09/16";"Terça";"03:00:00";"GO";60;"190";"GUAPO";"Animais na Pista";"Atropelamento de animal";"Sem Vítimas";"Plena noite";"Decrescente";"Ignorada";"Dupla";"Reta";"Urbano";1;0;0;0;1;0;0;1
83498054;"12/09/16";"Segunda";"09:00:00";"PB";101;"66,8";"SANTA RITA";"Dormindo";"Capotamento";"Com Vítimas Feridas";"Pleno dia";"Crescente";"Ceu Claro";"Dupla";"Reta";"Rural";1;0;1;0;0;0;1;1
83498055;"12/09/16";"Segunda";"22:00:00";"SE";101;"91";"NOSSA SENHORA DO SOCORRO";"Animais na Pista";"Atropelamento de animal";"Com Vítimas Feridas";"Plena noite";"Decrescente";"Ceu Claro";"Simples";"Reta";"Rural";1;0;1;0;0;0;1;1
83498056;"12/09/16";"Segunda";"21:55:00";"MG";40;"491,4";"ESMERALDAS";"Velocidade incompatível";"Saída de Pista";"Sem Vítimas";"Plena noite";"Decrescente";"Ceu Claro";"Dupla";"Reta";"Rural";1;0;0;0;1;0;0;1
83498057;"12/09/16";"Segunda";"21:51:00";"SP";116;"442,6";"REGISTRO";"Ingestão de álcool";"Colisão traseira";"Com Vítimas Feridas";"Plena noite";"Crescente";"Nublado";"Dupla";"Reta";"Urbano";4;0;3;0;1;0;3;2
83498058;"06/09/16";"Terça";"03:30:00";"ES";262;"85";"DOMINGOS MARTINS";"Dormindo";"Saída de Pista";"Com Vítimas Feridas";"Plena noite";"Crescente";"Nublado";"Simples";"Reta";"Rural";1;0;1;0;0;0;1;1
83498059;"13/09/16";"Terça";"04:00:00";"ES";101;"136";"LINHARES";"Outras";"Tombamento";"Com Vítimas Feridas";"Plena noite";"Decrescente";"Ceu Claro";"Simples";"Reta";"Rural";3;0;2;0;1;0;2;1
83498060;"12/09/16";"Segunda";"16:15:00";"PR";373;"280";"PRUDENTOPOLIS";"Velocidade incompatível";"Saída de Pista";"Com Vítimas Feridas";"Pleno dia";"Decrescente";"Ceu Claro";"Simples";"Reta";"Rural";2;0;2;0;0;0;2;1
83498061;"13/09/16";"Terça";"03:50:00";"SP";116;"99,3";"PINDAMONHANGABA";"Outras";"Colisão traseira";"Com Vítimas Feridas";"Plena noite";"Crescente";"Ceu Claro";"Dupla";"Reta";"Rural";3;0;2;0;0;1;2;2
83498062;"13/09/16";"Terça";"02:50:00";"MG";262;"907";"CAMPO FLORIDO";"Outras";"Saída de Pista";"Com Vítimas Feridas";"Plena noite";"Crescente";"Ceu Claro";"Dupla";"Curva";"Rural";1;0;1;0;0;0;1;1
83498063;"12/09/16";"Segunda";"22:30:00";"GO";414;"438,6";"ANAPOLIS";"Animais na Pista";"Atropelamento de animal";"Com Vítimas Feridas";"Plena noite";"Decrescente";"Ceu Claro";"Simples";"Reta";"Urbano";2;0;1;1;0;0;2;1
83498064;"12/09/16";"Segunda";"13:00:00";"RJ";101;"90,5";"CAMPOS DOS GOYTACAZES";"Falta de atenção";"Capotamento";"Com Vítimas Fatais";"Pleno dia";"Crescente";"Ceu Claro";"Simples";"Curva";"Rural";2;2;0;0;0;0;0;1
83498065;"12/09/16";"Segunda";"20:30:00";"PE";407;"83,5";"PETROLINA";"Defeito mecânico em veículo";"Tombamento";"Sem Vítimas";"Plena noite";"Crescente";"Ceu Claro";"Simples";"Reta";"Rural";1;0;0;0;1;0;0;1
83498066;"12/09/16";"Segunda";"23:00:00";"PR";116;"109";"SAO JOSE DOS PINHAIS";"Outras";"Colisão Transversal";"Com Vítimas Feridas";"Plena noite";"Decrescente";"Ceu Claro";"Dupla";"Reta";"Rural";3;0;0;1;1;1;1;2
83498067;"13/09/16";"Terça";"05:15:00";"SC";101;"125,8";"ITAJAI";"Animais na Pista";"Atropelamento de animal";"Sem Vítimas";"Plena noite";"Crescente";"Nublado";"Dupla";"Curva";"Rural";1;0;0;0;1;0;0;1
83498068;"12/09/16";"Segunda";"18:45:00";"RS";471;"578,3";"SANTA VITORIA DO PALMAR";"Outras";"Saída de Pista";"Com Vítimas Feridas";"Anoitecer";"Decrescente";"Chuva";"Simples";"Reta";"Rural";2;0;1;0;1;0;1;1
83498069;"12/09/16";"Segunda";"18:45:00";"RJ";116;"278,8";"BARRA MANSA";"Outras";"Colisão com objeto fixo";"Sem Vítimas";"Plena noite";"Crescente";"Chuva";"Dupla";"Curva";"Rural";1;0;0;0;1;0;0;1
83498070;"12/09/16";"Segunda";"20:40:00";"SP";116;"303";"SAO LOURENCO DA SERRA";"Outras";"Colisão traseira";"Sem Vítimas";"Plena noite";"Crescente";"Ceu Claro";"Múltipla";"Reta";"Rural";4;0;0;0;4;0;0;2
83498071;"13/09/16";"Terça";"01:30:00";"MG";116;"252";"TEOFILO OTONI";"Dormindo";"Colisão lateral";"Com Vítimas Fatais";"Plena noite";"Crescente";"Nublado";"Simples";"Curva";"Rural";3;1;0;1;1;0;1;2
83498072;"13/09/16";"Terça";"03:40:00";"MA";10;"157,8";"PORTO FRANCO";"Outras";"Incêndio";"Ignorado";"Plena noite";"Crescente";"Ceu Claro";"Simples";"Reta";"Rural";2;0;0;0;0;2;0;1
83498073;"12/09/16";"Segunda";"08:45:00";"GO";50;"99";"CRISTALINA";"Falta de atenção";"Colisão lateral";"Com Vítimas Feridas";"Pleno dia";"Decrescente";"Ceu Claro";"Simples";"Reta";"Urbano";2;0;1;0;1;0;1;2
83498074;"12/09/16";"Segunda";"22:00:00";"BA";242;"369";"SEABRA";"Outras";"Tombamento";"Com Vítimas Feridas";"Plena noite";"Decrescente";"Ceu Claro";"Simples";"Curva";"Rural";1;0;0;1;0;0;1;1
83498075;"12/09/16";"Segunda";"22:00:00";"AC";364;"147,5";"RIO BRANCO";"Animais na Pista";"Atropelamento de animal";"Sem Vítimas";"Plena noite";"Crescente";"Ceu Claro";"Dupla";"Reta";"Rural";1;0;0;0;1;0;0;1
83498076;"12/09/16";"Segunda";"14:20:00";"MG";381;"528";"BRUMADINHO";"Velocidade incompatível";"Colisão com objeto fixo";"Sem Vítimas";"Pleno dia";"Crescente";"Ceu Claro";"Dupla";"Curva";"Rural";1;0;0;0;1;0;0;1
83498077;"13/09/16";"Terça";"02:00:00";"MG";381;"226";"BELO ORIENTE";"Dormindo";"Saída de Pista";"Com Vítimas Feridas";"Plena noite";"Decrescente";"Ceu Claro";"Simples";"Curva";"Rural";1;0;1;0;0;0;1;1
83498078;"10/09/16";"Sábado";"05:30:00";"PR";116;"115,5";"CURITIBA";"Outras";"Tombamento";"Sem Vítimas";"Amanhecer";"Decrescente";"Ignorada";"Dupla";"Curva";"Urbano";1;0;0;0;1;0;0;1
83498079;"12/09/16";"Segunda";"12:45:00";"MG";40;"206";"JOAO PINHEIRO";"Desobediência à sinalização";"Saída de Pista";"Com Vítimas Feridas";"Pleno dia";"Crescente";"Ceu Claro";"Simples";"Curva";"Rural";6;0;5;1;0;0;6;2
83498080;"13/09/16";"Terça";"04:15:00";"MS";163;"682,5";"RIO VERDE DE MATO GROSSO";"Animais na Pista";"Atropelamento de animal";"Com Vítimas Feridas";"Plena noite";"Decrescente";"Ceu Claro";"Simples";"Reta";"Urbano";1;0;1;0;0;0;1;1
83498081;"13/09/16";"Terça";"06:40:00";"MG";40;"304";"TRES MARIAS";"Defeito mecânico em veículo";"Saída de Pista";"Com Vítimas Feridas";"Amanhecer";"Crescente";"Ceu Claro";"Simples";"Reta";"Rural";1;0;1;0;0;0;1;1
83498082;"05/09/16";"Segunda";"23:10:00";"MG";381;"825,7";"CAREACU";"Dormindo";"Saída de Pista";"Sem Vítimas";"Plena noite";"Decrescente";"Ceu Claro";"Simples";"Reta";"Rural";1;0;0;0;1;0;0;1
83498083;"05/09/16";"Segunda";"22:10:00";"MG";381;"824,1";"CAREACU";"Falta de atenção";"Saída de Pista";"Com Vítimas Feridas";"Pleno dia";"Crescente";"Ignorada";"Dupla";"Reta";"Rural";2;0;2;0;0;0;2;1
83498084;"11/09/16";"Domingo";"03:30:00";"PB";104;"199,3";"ALCANTIL";"Velocidade incompatível";"Colisão lateral";"Com Vítimas Feridas";"Plena noite";"Crescente";"Ceu Claro";"Simples";"Curva";"Rural";10;0;7;2;1;0;9;2
83498085;"13/09/16";"Terça";"08:30:00";"RS";290;"8,1";"OSORIO";"Velocidade incompatível";"Saída de Pista";"Com Vítimas Feridas";"Pleno dia";"Decrescente";"Chuva";"Múltipla";"Reta";"Rural";1;0;1;0;0;0;1;1
83498086;"10/09/16";"Sábado";"20:20:00";"MA";135;"74";"BACABEIRA";"Outras";"Colisão traseira";"Com Vítimas Feridas";"Pleno dia";"Decrescente";"Nublado";"Simples";"Reta";"Rural";5;0;1;0;4;0;1;5
83498087;"10/09/16";"Sábado";"07:29:00";"MG";381;"925";"ITAPEVA";"Outras";"Colisão com objeto fixo";"Sem Vítimas";"Pleno dia";"Crescente";"Ceu Claro";"Dupla";"Curva";"Rural";2;0;0;0;2;0;0;1
83498088;"09/09/16";"Sexta";"13:10:00";"PR";376;"673,3";"GUARATUBA";"Desobediência à sinalização";"Colisão traseira";"Com Vítimas Feridas";"Pleno dia";"Crescente";"Sol";"Simples";"Reta";"Rural";3;0;0;1;2;0;1;3
83498089;"10/09/16";"Sábado";"07:10:00";"SC";282;"512";"XAXIM";"Outras";"Tombamento";"Sem Vítimas";"Amanhecer";"Crescente";"Ceu Claro";"Simples";"Reta";"Rural";2;0;0;0;2;0;0;2
83498090;"13/09/16";"Terça";"08:30:00";"PI";343;"338,3";"TERESINA";"Falta de atenção";"Colisão traseira";"Sem Vítimas";"Pleno dia";"Crescente";"Ceu Claro";"Simples";"Reta";"Rural";2;0;0;0;2;0;0;2
83498091;"10/09/16";"Sábado";"03:15:00";"RR";174;"511";"BOA VISTA";"Não guardar distância de segurança";"Colisão traseira";"Com Vítimas Feridas";"Plena noite";"Decrescente";"Ignorada";"Simples";"Reta";"Rural";3;0;1;0;0;2;1;2
83498092;"13/09/16";"Terça";"07:40:00";"MT";364;"566";"NOBRES";"Falta de atenção";"Saída de Pista";"Sem Vítimas";"Pleno dia";"Crescente";"Ceu Claro";"Dupla";"Curva";"Rural";1;0;0;0;1;0;0;1
83498093;"09/09/16";"Sexta";"16:30:00";"PR";163;"149,9";"SANTA LUCIA";"Outras";"Capotamento";"Sem Vítimas";"Pleno dia";"Crescente";"Ceu Claro";"Simples";"Curva";"Rural";2;0;0;0;2;0;0;2
83498095;"13/09/16";"Terça";"08:15:00";"PA";163;"998";"SANTAREM";"Falta de atenção";"Colisão Transversal";"Com Vítimas Feridas";"Pleno dia";"Decrescente";"Ceu Claro";"Simples";"Reta";"Urbano";2;0;1;0;1;0;1;2
83498097;"13/09/16";"Terça";"07:55:00";"GO";153;"375,5";"SAO FRANCISCO DE GOIAS";"Falta de atenção";"Colisão traseira";"Com Vítimas Feridas";"Pleno dia";"Crescente";"Sol";"Simples";"Reta";"Rural";2;0;0;1;1;0;1;2
83498098;"13/09/16";"Terça";"08:00:00";"RS";285;"240,6";"CIRIACO";"Velocidade incompatível";"Saída de Pista";"Com Vítimas Feridas";"Pleno dia";"Crescente";"Chuva";"Simples";"Reta";"Rural";1;0;1;0;0;0;1;1
83498099;"06/09/16";"Terça";"05:45:00";"PR";376;"303";"MAUA DA SERRA";"Defeito mecânico em veículo";"Tombamento";"Sem Vítimas";"Amanhecer";"Crescente";"Nevoeiro/neblina";"Simples";"Curva";"Rural";1;0;0;0;1;0;0;1
83498100;"09/09/16";"Sexta";"16:40:00";"SP";381;"53,3";"MAIRIPORA";"Animais na Pista";"Colisão traseira";"Sem Vítimas";"Pleno dia";"Crescente";"Nublado";"Dupla";"Reta";"Rural";2;0;0;0;2;0;0;2
83498101;"12/09/16";"Segunda";"19:00:00";"CE";116;"1,4";"FORTALEZA";"Desobediência à sinalização";"Queda de motocicleta / bicicleta / veículo";"Com Vítimas Fatais";"Plena noite";"Decrescente";"Ceu Claro";"Múltipla";"Reta";"Urbano";1;1;0;0;0;0;0;1
83498102;"09/09/16";"Sexta";"22:50:00";"RJ";101;"170";"RIO DAS OSTRAS";"Falta de atenção";"Tombamento";"Sem Vítimas";"Plena noite";"Decrescente";"Chuva";"Simples";"Reta";"Urbano";1;0;0;0;1;0;0;1
83498103;"11/09/16";"Domingo";"19:00:00";"PB";361;"107";"ITAPORANGA";"Ingestão de álcool";"Saída de Pista";"Com Vítimas Feridas";"Plena noite";"Crescente";"Ceu Claro";"Simples";"Curva";"Rural";2;0;2;0;0;0;2;1
83498104;"10/09/16";"Sábado";"04:28:00";"SP";153;"58,5";"SAO JOSE DO RIO PRETO";"Ingestão de álcool";"Colisão traseira";"Com Vítimas Feridas";"Plena noite";"Decrescente";"Ceu Claro";"Simples";"Reta";"Urbano";2;0;0;1;1;0;1;2
83498105;"13/09/16";"Terça";"04:30:00";"MT";163;"791";"VERA";"Outras";"Colisão com objeto móvel";"Com Vítimas Feridas";"Plena noite";"Decrescente";"Ceu Claro";"Simples";"Reta";"Rural";2;0;1;0;1;0;1;1
83498106;"13/09/16";"Terça";"08:15:00";"RS";290;"96";"PORTO ALEGRE";"Outras";"Colisão traseira";"Sem Vítimas";"Pleno dia";"Decrescente";"Chuva";"Simples";"Reta";"Urbano";2;0;0;0;2;0;0;2
83498107;"11/09/16";"Domingo";"04:20:00";"MS";158;"198";"SELVIRIA";"Ingestão de álcool";"Colisão com objeto fixo";"Sem Vítimas";"Amanhecer";"Crescente";"Ceu Claro";"Dupla";"Reta";"Urbano";1;0;0;0;1;0;0;1
83498108;"09/09/16";"Sexta";"20:50:00";"SC";282;"153,5";"BOM RETIRO";"Ingestão de álcool";"Colisão frontal";"Com Vítimas Feridas";"Plena noite";"Decrescente";"Ceu Claro";"Simples";"Reta";"Rural";4;0;3;1;0;0;4;2
83498109;"09/09/16";"Sexta";"23:05:00";"SC";101;"123";"ITAJAI";"Animais na Pista";"Queda de motocicleta / bicicleta / veículo";"Com Vítimas Feridas";"Plena noite";"Crescente";"Ceu Claro";"Múltipla";"Curva";"Rural";1;0;1;0;0;0;1;1
83498110;"05/09/16";"Segunda";"07:30:00";"MG";40;"519";"CONTAGEM";"Outras";"Colisão traseira";"Com Vítimas Feridas";"Pleno dia";"Crescente";"Ceu Claro";"Dupla";"Reta";"Urbano";4;0;1;1;2;0;2;3
83498111;"31/08/16";"Quarta";"15:08:00";"RJ";393;"246";"BARRA DO PIRAI";"Outras";"Capotamento";"Com Vítimas Feridas";"Pleno dia";"Decrescente";"Chuva";"Simples";"Reta";"Rural";2;0;1;0;1;0;1;1
83498112;"06/09/16";"Terça";"02:30:00";"MG";381;"781,8";"CAMPANHA";"Outras";"Saída de Pista";"Com Vítimas Fatais";"Plena noite";"Crescente";"Ignorada";"Dupla";"Reta";"Rural";2;2;0;0;0;0;0;1
83498113;"09/09/16";"Sexta";"21:30:00";"PI";343;"261";"CAMPO MAIOR";"Outras";"Colisão com objeto móvel";"Sem Vítimas";"Plena noite";"Crescente";"Ceu Claro";"Simples";"Reta";"Rural";1;0;0;0;1;0;0;1
83498114;"13/09/16";"Terça";"06:30:00";"SC";470;"218,8";"SAO CRISTOVAO DO SUL";"Velocidade incompatível";"Tombamento";"Com Vítimas Feridas";"Pleno dia";"Crescente";"Nublado";"Simples";"Curva";"Rural";1;0;1;0;0;0;1;1
83498115;"10/09/16";"Sábado";"00:10:00";"GO";60;"373,9";"RIO VERDE";"Dormindo";"Saída de Pista";"Com Vítimas Feridas";"Plena noite";"Crescente";"Ceu Claro";"Dupla";"Reta";"Rural";1;0;1;0;0;0;1;1
83498116;"13/09/16";"Terça";"07:30:00";"SC";470;"4";"NAVEGANTES";"Desobediência à sinalização";"Colisão Transversal";"Com Vítimas Feridas";"Pleno dia";"Decrescente";"Nublado";"Simples";"Reta";"Rural";2;0;0;1;1;0;1;2
83498117;"09/09/16";"Sexta";"16:00:00";"MG";381;"508";"SAO JOAQUIM DE BICAS";"Não guardar distância de segurança";"Colisão traseira";"Com Vítimas Feridas";"Pleno dia";"Crescente";"Ceu Claro";"Dupla";"Reta";"Urbano";4;0;1;0;3;0;1;3
83498118;"13/09/16";"Terça";"07:30:00";"PI";343;"340,2";"TERESINA";"Ultrapassagem indevida";"Colisão lateral";"Com Vítimas Feridas";"Pleno dia";"Decrescente";"Ceu Claro";"Simples";"Reta";"Rural";3;0;0;1;1;1;1;2
83498119;"13/09/16";"Terça";"07:50:00";"SC";282;"3,1";"FLORIANOPOLIS";"Não guardar distância de segurança";"Colisão lateral";"Com Vítimas Feridas";"Pleno dia";"Decrescente";"Nublado";"Dupla";"Reta";"Urbano";2;0;1;0;1;0;1;2
83498120;"07/09/16";"Quarta";"04:30:00";"SP";116;"205,9";"GUARULHOS";"Dormindo";"Capotamento";"Sem Vítimas";"Plena noite";"Decrescente";"Nublado";"Dupla";"Reta";"Urbano";1;0;0;0;1;0;0;1
83498121;"16/05/16";"Segunda";"08:13:00";"GO";153;"501";"GOIANIA";"Outras";"Queda de motocicleta / bicicleta / veículo";"Com Vítimas Feridas";"Pleno dia";"Crescente";"Ceu Claro";"Dupla";"Reta";"Urbano";1;0;1;0;0;0;1;1
83498122;"10/09/16";"Sábado";"07:15:00";"RS";116;"525,5";"PELOTAS";"Velocidade incompatível";"Tombamento";"Sem Vítimas";"Pleno dia";"Crescente";"Nublado";"Simples";"Cruzamento";"Urbano";1;0;0;0;1;0;0;1
83498123;"13/09/16";"Terça";"07:00:00";"PB";101;"90,7";"JOAO PESSOA";"Desobediência à sinalização";"Colisão lateral";"Com Vítimas Feridas";"Pleno dia";"Crescente";"Sol";"Dupla";"Reta";"Urbano";2;0;2;0;0;0;2;2
83498124;"27/07/16";"Quarta";"18:20:00";"PR";277;"4,5";"PARANAGUA";"Falta de atenção";"Colisão traseira";"Com Vítimas Feridas";"Anoitecer";"Crescente";"Ceu Claro";"Dupla";"Reta";"Urbano";2;0;1;0;1;0;1;2
83498126;"25/08/16";"Quinta";"05:20:00";"MG";40;"517";"CONTAGEM";"Outras";"Queda de motocicleta / bicicleta / veículo";"Com Vítimas Feridas";"Amanhecer";"Crescente";"Ceu Claro";"Dupla";"Reta";"Urbano";1;0;0;1;0;0;1;1
83498127;"13/09/16";"Terça";"08:30:00";"PR";277;"106";"CAMPO LARGO";"Defeito mecânico em veículo";"Saída de Pista";"Sem Vítimas";"Pleno dia";"Decrescente";"Ceu Claro";"Dupla";"Reta";"Urbano";1;0;0;0;1;0;0;1
83498128;"13/09/16";"Terça";"11:05:00";"SC";101;"194,3";"BIGUACU";"Falta de atenção";"Colisão com bicicleta";"Com Vítimas Feridas";"Pleno dia";"Decrescente";"Nublado";"Dupla";"Reta";"Urbano";3;0;1;1;1;0;2;2
83498129;"13/09/16";"Terça";"10:45:00";"PR";163;"189";"SANTA TEREZA DO OESTE";"Não guardar distância de segurança";"Colisão traseira";"Com Vítimas Feridas";"Pleno dia";"Decrescente";"Ceu Claro";"Simples";"Reta";"Urbano";3;0;1;0;2;0;1;3
83498130;"06/09/16";"Terça";"04:00:00";"MG";40;"515";"RIBEIRAO DAS NEVES";"Outras";"Colisão com objeto fixo";"Sem Vítimas";"Amanhecer";"Decrescente";"Ignorada";"Dupla";"Reta";"Urbano";1;0;0;0;1;0;0;1
83498131;"13/09/16";"Terça";"11:50:00";"SC";101;"120,8";"ITAJAI";"Falta de atenção";"Colisão traseira";"Sem Vítimas";"Pleno dia";"Crescente";"Sol";"Dupla";"Reta";"Urbano";3;0;0;0;3;0;0;3
83498132;"13/09/16";"Terça";"11:20:00";"SC";101;"122,8";"ITAJAI";"Outras";"Colisão lateral";"Sem Vítimas";"Pleno dia";"Crescente";"Nublado";"Dupla";"Reta";"Rural";2;0;0;0;2;0;0;2
83498133;"13/09/16";"Terça";"11:10:00";"GO";60;"95,1";"ANAPOLIS";"Outras";"Queda de motocicleta / bicicleta / veículo";"Com Vítimas Feridas";"Pleno dia";"Crescente";"Ceu Claro";"Dupla";"Reta";"Urbano";1;0;1;0;0;0;1;1
83498134;"13/09/16";"Terça";"08:50:00";"RO";319;"64,1";"PORTO VELHO";"Não guardar distância de segurança";"Colisão traseira";"Com Vítimas Feridas";"Pleno dia";"Crescente";"Sol";"Dupla";"Cruzamento";"Urbano";3;0;1;0;2;0;1;3
83498135;"10/09/16";"Sábado";"05:45:00";"RS";287;"241,4";"SANTA MARIA";"Ingestão de álcool";"Saída de Pista";"Sem Vítimas";"Plena noite";"Crescente";"Ceu Claro";"Simples";"Reta";"Rural";1;0;0;0;1;0;0;1
83498136;"13/09/16";"Terça";"08:00:00";"RO";319;"63,8";"PORTO VELHO";"Falta de atenção";"Atropelamento de pessoa";"Com Vítimas Feridas";"Pleno dia";"Decrescente";"Ceu Claro";"Dupla";"Curva";"Urbano";2;0;0;1;1;0;1;1
83498137;"09/09/16";"Sexta";"17:00:00";"SE";235;"63";"ITABAIANA";"Velocidade incompatível";"Saída de Pista";"Com Vítimas Feridas";"Anoitecer";"Crescente";"Nublado";"Simples";"Curva";"Rural";1;0;1;0;0;0;1;1