"id";"data_inversa";"dia_semana";"horario";"uf";"br";"km";"municipio";"causa_acidente";"tipo_acidente";"classificacao_acidente";"fase_dia";"sentido_via";"condicao_metereologica";"tipo_pista";"tracado_via";"uso_solo";"pessoas";"mortos";"feridos_leves";"feridos_graves";"ilesos";"ignorados";"feridos";"veiculos"
83498250;"13/09/16";"Terça";"21:45:00";"PR";153;"107";"IBAITI";"Ingestão de álcool";"Queda de motocicleta / bicicleta / veículo";"Com Vítimas Feridas";"Plena noite";"Decrescente";"Ceu Claro";"Simples";"Reta";"Urbano";2;0;1;0;0;1;1;2
83498251;"13/09/16";"Terça";"18:20:00";"MG";381;"526";"BRUMADINHO";"Defeito mecânico em veículo";"Colisão traseira";"Sem Vítimas";"Anoitecer";"Crescente";"Ceu Claro";"Dupla";"Curva";"Rural";2;0;0;0;2;0;0;2
83498252;"13/09/16";"Terça";"20:45:00";"MA";135;"29";"SAO LUIS";"Outras";"Saída de Pista";"Com Vítimas Feridas";"Plena noite";"Crescente";"Ceu Claro";"Simples";"Reta";"Rural";2;0;1;0;0;1;1;2
83498253;"13/09/16";"Terça";"20:15:00";"SC";280;"33";"ARAQUARI";"Outras";"Atropelamento de pessoa";"Com Vítimas Fatais";"Plena noite";"Decrescente";"Ignorada";"Simples";"Reta";"Urbano";3;1;0;0;2;0;0;1
83498254;"13/09/16";"Terça";"15:00:00";"RS";386;"391";"TRIUNFO";"Desobediência à sinalização";"Colisão Transversal";"Com Vítimas Feridas";"Pleno dia";"Decrescente";"Sol";"Dupla";"Cruzamento";"Urbano";4;0;2;0;1;1;2;2
83498255;"28/08/16";"Domingo";"17:00:00";"RJ";116;"278";"BARRA MANSA";"Outras";"Colisão traseira";"Sem Vítimas";"Pleno dia";"Decrescente";"Ceu Claro";"Dupla";"Curva";"Rural";2;0;0;0;1;1;0;2
83498256;"13/09/16";"Terça";"20:20:00";"RO";364;"338";"JI-PARANA";"Animais na Pista";"Atropelamento de animal";"Sem Vítimas";"Plena noite";"Decrescente";"Ceu Claro";"Simples";"Reta";"Rural";1;0;0;0;1;0;0;1
83498257;"13/09/16";"Terça";"19:45:00";"RS";386;"350,7";"ESTRELA";"Velocidade incompatível";"Tombamento";"Com Vítimas Feridas";"Plena noite";"Crescente";"Nublado";"Dupla";"Reta";"Urbano";1;0;1;0;0;0;1;1
83498258;"13/09/16";"Terça";"21:51:00";"BA";101;"716";"EUNAPOLIS";"Falta de atenção";"Colisão frontal";"Com Vítimas Feridas";"Plena noite";"Crescente";"Ceu Claro";"Simples";"Reta";"Urbano";3;0;3;0;0;0;3;2
83498259;"01/09/16";"Quinta";"18:55:00";"SP";116;"145";"SAO JOSE DOS CAMPOS";"Defeito mecânico em veículo";"Colisão com objeto móvel";"Sem Vítimas";"Plena noite";"Decrescente";"Ceu Claro";"Dupla";"Reta";"Urbano";3;0;0;0;3;0;0;3
83498260;"13/09/16";"Terça";"11:10:00";"RS";386;"416,6";"MONTENEGRO";"Desobediência à sinalização";"Colisão Transversal";"Com Vítimas Fatais";"Pleno dia";"Crescente";"Nublado";"Dupla";"Reta";"Rural";4;1;0;2;1;0;2;2
83498262;"13/09/16";"Terça";"19:15:00";"PI";343;"13";"PARNAIBA";"Desobediência à sinalização";"Colisão Transversal";"Com Vítimas Feridas";"Plena noite";"Crescente";"Ceu Claro";"Dupla";"Curva";"Urbano";2;0;1;1;0;0;2;2
83498263;"13/09/16";"Terça";"17:17:00";"MG";381;"486,6";"BETIM";"Outras";"Tombamento";"Sem Vítimas";"Pleno dia";"Crescente";"Ceu Claro";"Simples";"Curva";"Urbano";1;0;0;0;1;0;0;1
83498264;"13/09/16";"Terça";"22:10:00";"MA";10;"268";"IMPERATRIZ";"Animais na Pista";"Atropelamento de animal";"Com Vítimas Feridas";"Plena noite";"Decrescente";"Nublado";"Simples";"Reta";"Rural";2;0;1;0;1;0;1;1
83498265;"13/09/16";"Terça";"22:05:00";"SE";235;"1,5";"ARACAJU";"Falta de atenção";"Colisão traseira";"Com Vítimas Feridas";"Plena noite";"Crescente";"Nublado";"Dupla";"Reta";"Urbano";3;0;2;0;1;0;2;2
83498266;"13/09/16";"Terça";"17:40:00";"RS";116;"263";"CANOAS";"Outras";"Queda de motocicleta / bicicleta / veículo";"Com Vítimas Feridas";"Pleno dia";"Crescente";"Nublado";"Simples";"Reta";"Urbano";1;0;1;0;0;0;1;1
83498267;"13/09/16";"Terça";"20:50:00";"SP";116;"420,4";"JUQUIA";"Falta de atenção";"Colisão traseira";"Sem Vítimas";"Plena noite";"Crescente";"Ceu Claro";"Dupla";"Reta";"Rural";2;0;0;0;2;0;0;2
83498268;"13/09/16";"Terça";"10:30:00";"PR";153;"509,2";"GENERAL CARNEIRO";"Velocidade incompatível";"Tombamento";"Sem Vítimas";"Pleno dia";"Decrescente";"Chuva";"Simples";"Curva";"Rural";1;0;0;0;1;0;0;1
83498269;"13/09/16";"Terça";"11:45:00";"MA";10;"250";"IMPERATRIZ";"Não guardar distância de segurança";"Colisão traseira";"Sem Vítimas";"Anoitecer";"Crescente";"Ceu Claro";"Simples";"Reta";"Urbano";3;0;0;0;3;0;0;3
83498270;"13/09/16";"Terça";"23:40:00";"PR";376;"174,2";"MARINGA";"Falta de atenção";"Colisão lateral";"Com Vítimas Feridas";"Plena noite";"Decrescente";"Nublado";"Múltipla";"Cruzamento";"Urbano";2;0;1;0;1;0;1;2
83498271;"13/09/16";"Terça";"10:30:00";"PR";116;"13";"COLOMBO";"Desobediência à sinalização";"Colisão Transversal";"Sem Vítimas";"Pleno dia";"Crescente";"Ceu Claro";"Dupla";"Reta";"Urbano";3;0;0;0;3;0;0;2
83498272;"13/09/16";"Terça";"16:20:00";"RJ";40;"73";"PETROPOLIS";"Outras";"Colisão com objeto fixo";"Com Vítimas Feridas";"Pleno dia";"Decrescente";"Ceu Claro";"Simples";"Curva";"Rural";1;0;1;0;0;0;1;1
83498273;"09/09/16";"Sexta";"10:30:00";"RJ";101;"236";"SILVA JARDIM";"Falta de atenção";"Colisão lateral";"Com Vítimas Feridas";"Pleno dia";"Crescente";"Ceu Claro";"Dupla";"Reta";"Rural";2;0;1;0;1;0;1;2
83498274;"14/09/16";"Quarta";"01:40:00";"RJ";101;"297";"ITABORAI";"Velocidade incompatível";"Capotamento";"Com Vítimas Feridas";"Plena noite";"Decrescente";"Ceu Claro";"Dupla";"Reta";"Urbano";1;0;1;0;0;0;1;1
83498275;"09/09/16";"Sexta";"09:30:00";"SC";101;"209";"SAO JOSE";"Outras";"Colisão traseira";"Com Vítimas Feridas";"Pleno dia";"Decrescente";"Ceu Claro";"Dupla";"Reta";"Urbano";2;0;1;0;0;1;1;2
83498276;"13/09/16";"Terça";"21:10:00";"SC";101;"369";"ICARA";"Outras";"Colisão traseira";"Com Vítimas Feridas";"Plena noite";"Decrescente";"Ceu Claro";"Dupla";"Reta";"Urbano";3;0;1;0;2;0;1;3
83498277;"13/09/16";"Terça";"18:30:00";"RS";116;"366,6";"SENTINELA DO SUL";"Ultrapassagem indevida";"Colisão lateral";"Sem Vítimas";"Anoitecer";"Crescente";"Ceu Claro";"Simples";"Reta";"Rural";2;0;0;0;2;0;0;2
83498278;"13/09/16";"Terça";"17:30:00";"PR";476;"114";"COLOMBO";"Falta de atenção";"Colisão Transversal";"Com Vítimas Feridas";"Anoitecer";"Decrescente";"Chuva";"Simples";"Reta";"Rural";2;0;1;0;1;0;1;2
83498279;"14/09/16";"Quarta";"01:30:00";"PR";277;"94,8";"CURITIBA";"Outras";"Colisão com objeto fixo";"Sem Vítimas";"Plena noite";"Decrescente";"Ceu Claro";"Dupla";"Reta";"Urbano";1;0;0;0;1;0;0;1
83498280;"10/09/16";"Sábado";"05:30:00";"PA";316;"238";"CACHOEIRA DO PIRIA";"Falta de atenção";"Colisão lateral";"Sem Vítimas";"Amanhecer";"Crescente";"Ceu Claro";"Simples";"Reta";"Rural";2;0;0;0;1;1;0;2
83498281;"13/09/16";"Terça";"08:00:00";"SE";235;"107,8";"CARIRA";"Outras";"Capotamento";"Com Vítimas Feridas";"Pleno dia";"Crescente";"Sol";"Simples";"Reta";"Rural";2;0;1;0;1;0;1;2
83498282;"13/09/16";"Terça";"13:10:00";"MG";116;"268,7";"TEOFILO OTONI";"Desobediência à sinalização";"Colisão lateral";"Com Vítimas Fatais";"Pleno dia";"Decrescente";"Ceu Claro";"Simples";"Curva";"Rural";2;1;0;0;1;0;0;2
83498283;"13/09/16";"Terça";"16:20:00";"MT";364;"496";"JANGADA";"Falta de atenção";"Colisão Transversal";"Com Vítimas Feridas";"Pleno dia";"Decrescente";"Ceu Claro";"Dupla";"Reta";"Urbano";2;0;0;1;1;0;1;2
83498284;"13/09/16";"Terça";"08:30:00";"PA";316;"37";"SANTA ISABEL DO PARA";"Outras";"Colisão com objeto móvel";"Com Vítimas Feridas";"Pleno dia";"Crescente";"Ceu Claro";"Dupla";"Reta";"Urbano";4;0;2;0;1;1;2;4
83498285;"13/09/16";"Terça";"22:45:00";"SC";280;"66";"JARAGUA DO SUL";"Outras";"Saída de Pista";"Com Vítimas Feridas";"Plena noite";"Crescente";"Nublado";"Simples";"Cruzamento";"Urbano";1;0;0;1;0;0;1;1
83498286;"09/09/16";"Sexta";"15:00:00";"SC";280;"17";"SAO FRANCISCO DO SUL";"Ultrapassagem indevida";"Saída de Pista";"Com Vítimas Feridas";"Pleno dia";"Crescente";"Nublado";"Simples";"Curva";"Rural";1;0;1;0;0;0;1;1
83498287;"09/09/16";"Sexta";"13:45:00";"SC";280;"48,1";"GUARAMIRIM";"Desobediência à sinalização";"Colisão Transversal";"Com Vítimas Feridas";"Pleno dia";"Decrescente";"Nublado";"Simples";"Cruzamento";"Rural";2;0;0;1;1;0;1;2
83498288;"13/09/16";"Terça";"17:30:00";"MS";158;"328";"TRES LAGOAS";"Velocidade incompatível";"Colisão traseira";"Com Vítimas Feridas";"Anoitecer";"Crescente";"Ceu Claro";"Simples";"Reta";"Rural";4;0;1;0;3;0;1;2
83498289;"14/09/16";"Quarta";"01:15:00";"SP";116;"505,4";"CAJATI";"Dormindo";"Colisão traseira";"Sem Vítimas";"Plena noite";"Crescente";"Nublado";"Dupla";"Curva";"Rural";2;0;0;0;2;0;0;2
83498290;"13/09/16";"Terça";"16:00:00";"RS";287;"233,7";"SANTA MARIA";"Falta de atenção";"Colisão Transversal";"Com Vítimas Feridas";"Pleno dia";"Crescente";"Ceu Claro";"Simples";"Reta";"Urbano";2;0;1;0;1;0;1;2
83498291;"13/09/16";"Terça";"16:20:00";"SP";381;"75";"SAO PAULO";"Outras";"Derramamento de Carga";"Sem Vítimas";"Pleno dia";"Decrescente";"Ignorada";"Dupla";"Curva";"Rural";1;0;0;0;1;0;0;1
83498292;"13/09/16";"Terça";"15:00:00";"MG";381;"544";"ITATIAIUCU";"Dormindo";"Colisão traseira";"Com Vítimas Feridas";"Pleno dia";"Crescente";"Sol";"Dupla";"Reta";"Urbano";2;0;1;0;1;0;1;2
83498293;"14/09/16";"Quarta";"01:50:00";"SC";101;"215,5";"PALHOCA";"Velocidade incompatível";"Colisão com objeto fixo";"Com Vítimas Feridas";"Plena noite";"Crescente";"Ceu Claro";"Múltipla";"Curva";"Urbano";1;0;0;1;0;0;1;1
83498294;"13/09/16";"Terça";"20:20:00";"PR";277;"75";"SAO JOSE DOS PINHAIS";"Não guardar distância de segurança";"Colisão traseira";"Com Vítimas Feridas";"Plena noite";"Decrescente";"Nublado";"Dupla";"Reta";"Rural";5;0;1;0;4;0;1;4
83498295;"13/09/16";"Terça";"23:05:00";"RN";427;"101,5";"CAICO";"Ingestão de álcool";"Colisão lateral";"Com Vítimas Feridas";"Plena noite";"Crescente";"Ceu Claro";"Simples";"Reta";"Urbano";2;0;1;0;1;0;1;2
83498296;"13/09/16";"Terça";"19:00:00";"SP";116;"221";"GUARULHOS";"Falta de atenção";"Colisão traseira";"Com Vítimas Feridas";"Plena noite";"Decrescente";"Ceu Claro";"Múltipla";"Reta";"Urbano";3;0;1;0;1;1;1;3
83498297;"14/09/16";"Quarta";"00:10:00";"PI";407;"482,3";"JAICOS";"Outras";"Colisão lateral";"Com Vítimas Feridas";"Plena noite";"Decrescente";"Ceu Claro";"Simples";"Reta";"Rural";3;0;1;1;1;0;2;2
83498298;"13/09/16";"Terça";"21:20:00";"MG";262;"478,9";"BOM DESPACHO";"Falta de atenção";"Colisão Transversal";"Com Vítimas Feridas";"Plena noite";"Crescente";"Vento";"Simples";"Reta";"Urbano";2;0;1;0;1;0;1;2
83498299;"14/09/16";"Quarta";"02:00:00";"PR";376;"659";"TIJUCAS DO SUL";"Dormindo";"Colisão traseira";"Com Vítimas Feridas";"Plena noite";"Decrescente";"Ceu Claro";"Simples";"Curva";"Rural";2;0;1;0;1;0;1;2
83498300;"14/09/16";"Quarta";"01:00:00";"RO";364;"696";"PORTO VELHO";"Outras";"Atropelamento de pessoa";"Com Vítimas Fatais";"Plena noite";"Decrescente";"Ceu Claro";"Dupla";"Reta";"Rural";2;1;0;1;0;0;1;1
83498301;"14/09/16";"Quarta";"05:30:00";"RJ";40;"4";"COMENDADOR LEVY GASPARIAN";"Falta de atenção";"Capotamento";"Sem Vítimas";"Amanhecer";"Crescente";"Ceu Claro";"Dupla";"Curva";"Rural";3;0;0;0;3;0;0;1
83498302;"14/09/16";"Quarta";"04:40:00";"MG";40;"51,2";"PARACATU";"Animais na Pista";"Capotamento";"Com Vítimas Feridas";"Plena noite";"Decrescente";"Ceu Claro";"Simples";"Curva";"Rural";1;0;1;0;0;0;1;1
83498303;"10/09/16";"Sábado";"06:40:00";"ES";101;"363,7";"ANCHIETA";"Outras";"Saída de Pista";"Com Vítimas Feridas";"Pleno dia";"Crescente";"Sol";"Simples";"Reta";"Rural";4;0;3;0;1;0;3;1
83498304;"13/09/16";"Terça";"16:30:00";"SP";116;"100,2";"PINDAMONHANGABA";"Defeito na via";"Colisão com objeto fixo";"Com Vítimas Feridas";"Pleno dia";"Decrescente";"Ceu Claro";"Dupla";"Reta";"Rural";4;0;1;0;3;0;1;3
83498305;"11/09/16";"Domingo";"17:00:00";"MG";40;"505,9";"RIBEIRAO DAS NEVES";"Ingestão de álcool";"Colisão traseira";"Com Vítimas Feridas";"Pleno dia";"Crescente";"Ceu Claro";"Dupla";"Reta";"Urbano";4;0;1;0;2;1;1;4
83498306;"06/09/16";"Terça";"18:30:00";"CE";20;"408";"CAUCAIA";"Outras";"Colisão traseira";"Com Vítimas Feridas";"Plena noite";"Decrescente";"Ceu Claro";"Dupla";"Reta";"Urbano";3;0;2;0;1;0;2;2
83498307;"14/09/16";"Quarta";"04:50:00";"PR";369;"17,3";"CAMBARA";"Defeito mecânico em veículo";"Tombamento";"Com Vítimas Feridas";"Plena noite";"Crescente";"Nublado";"Simples";"Reta";"Rural";1;0;1;0;0;0;1;1
83498308;"14/09/16";"Quarta";"05:00:00";"RJ";393;"228";"VASSOURAS";"Outras";"Saída de Pista";"Sem Vítimas";"Plena noite";"Crescente";"Ceu Claro";"Simples";"Reta";"Rural";1;0;0;0;1;0;0;1
83498309;"14/09/16";"Quarta";"07:20:00";"SC";101;"337";"TUBARAO";"Outras";"Tombamento";"Com Vítimas Feridas";"Pleno dia";"Crescente";"Ceu Claro";"Simples";"Reta";"Urbano";2;0;0;1;0;1;1;2
83498310;"10/09/16";"Sábado";"21:00:00";"MG";40;"522,8";"CONTAGEM";"Outras";"Colisão traseira";"Com Vítimas Feridas";"Plena noite";"Decrescente";"Ceu Claro";"Dupla";"Reta";"Rural";3;0;1;0;2;0;1;2
83498311;"11/09/16";"Domingo";"08:25:00";"MG";40;"425,1";"PARAOPEBA";"Outras";"Tombamento";"Sem Vítimas";"Pleno dia";"Decrescente";"Ceu Claro";"Dupla";"Reta";"Rural";1;0;0;0;1;0;0;1
83498312;"10/09/16";"Sábado";"22:20:00";"SP";116;"229";"SAO PAULO";"Não guardar distância de segurança";"Colisão lateral";"Com Vítimas Feridas";"Plena noite";"Decrescente";"Nublado";"Múltipla";"Reta";"Urbano";3;0;2;0;0;1;2;2
83498313;"30/08/16";"Terça";"02:30:00";"PB";116;"3,5";"CACHOEIRA DOS INDIOS";"Dormindo";"Colisão traseira";"Com Vítimas Feridas";"Plena noite";"Crescente";"Ceu Claro";"Simples";"Reta";"Rural";2;0;0;1;1;0;1;2
83498314;"14/09/16";"Quarta";"06:00:00";"MT";364;"303,5";"JACIARA";"Falta de atenção";"Tombamento";"Sem Vítimas";"Amanhecer";"Decrescente";"Ceu Claro";"Simples";"Reta";"Rural";1;0;0;0;1;0;0;1
83498315;"11/09/16";"Domingo";"07:05:00";"SP";116;"214";"GUARULHOS";"Animais na Pista";"Colisão com objeto fixo";"Sem Vítimas";"Amanhecer";"Decrescente";"Ceu Claro";"Múltipla";"Reta";"Urbano";1;0;0;0;1;0;0;1
83498316;"10/09/16";"Sábado";"19:09:00";"GO";364;"303,1";"MINEIROS";"Falta de atenção";"Colisão traseira";"Com Vítimas Feridas";"Anoitecer";"Crescente";"Ceu Claro";"Simples";"Reta";"Rural";2;0;1;0;0;1;1;2
83498317;"10/09/16";"Sábado";"15:30:00";"CE";222;"35,6";"CAUCAIA";"Outras";"Colisão lateral";"Com Vítimas Feridas";"Pleno dia";"Crescente";"Ceu Claro";"Dupla";"Curva";"Urbano";2;0;1;0;1;0;1;2
83498318;"17/02/16";"Quarta";"07:00:00";"PR";369;"412,4";"UBIRATA";"Desobediência à sinalização";"Colisão Transversal";"Com Vítimas Feridas";"Amanhecer";"Crescente";"Ceu Claro";"Simples";"Reta";"Rural";3;0;2;0;0;1;2;2
83498319;"11/09/16";"Domingo";"21:35:00";"MG";381;"824,8";"CAREACU";"Falta de atenção";"Saída de Pista";"Sem Vítimas";"Plena noite";"Crescente";"Ceu Claro";"Dupla";"Reta";"Rural";1;0;0;0;1;0;0;1
83498320;"14/09/16";"Quarta";"06:45:00";"BA";242;"226,5";"ITABERABA";"Outras";"Saída de Pista";"Com Vítimas Feridas";"Amanhecer";"Decrescente";"Nublado";"Simples";"Curva";"Rural";4;0;4;0;0;0;4;1
83498321;"11/09/16";"Domingo";"02:40:00";"PE";232;"119,2";"BEZERROS";"Dormindo";"Capotamento";"Com Vítimas Feridas";"Plena noite";"Crescente";"Nevoeiro/neblina";"Dupla";"Reta";"Rural";1;0;0;1;0;0;1;1
83498322;"14/09/16";"Quarta";"07:15:00";"RS";386;"372";"TAQUARI";"Defeito mecânico em veículo";"Colisão frontal";"Sem Vítimas";"Pleno dia";"Crescente";"Vento";"Dupla";"Curva";"Rural";2;0;0;0;2;0;0;2
83498323;"11/09/16";"Domingo";"00:30:00";"RJ";101;"277";"TANGUA";"Outras";"Colisão traseira";"Com Vítimas Feridas";"Plena noite";"Decrescente";"Ignorada";"Dupla";"Reta";"Rural";3;0;2;0;1;0;2;2
83498324;"10/09/16";"Sábado";"20:35:00";"SP";381;"86";"SAO PAULO";"Falta de atenção";"Capotamento";"Sem Vítimas";"Plena noite";"Crescente";"Ceu Claro";"Múltipla";"Reta";"Urbano";2;0;0;0;2;0;0;2
83498325;"12/09/16";"Segunda";"04:30:00";"BA";324;"607";"SALVADOR";"Outras";"Colisão traseira";"Com Vítimas Feridas";"Plena noite";"Crescente";"Nublado";"Dupla";"Reta";"Rural";3;0;1;1;0;1;2;2
83498326;"10/09/16";"Sábado";"22:40:00";"MA";135;"2,3";"SAO LUIS";"Falta de atenção";"Colisão traseira";"Com Vítimas Feridas";"Plena noite";"Crescente";"Nublado";"Dupla";"Reta";"Urbano";2;0;0;1;1;0;1;2
83498327;"10/09/16";"Sábado";"06:00:00";"RS";392;"350,9";"SANTA MARIA";"Animais na Pista";"Atropelamento de animal";"Com Vítimas Feridas";"Plena noite";"Decrescente";"Nevoeiro/neblina";"Simples";"Reta";"Urbano";1;0;1;0;0;0;1;1
83498328;"29/08/16";"Segunda";"18:15:00";"RS";386;"43,4";"SEBERI";"Velocidade incompatível";"Colisão frontal";"Com Vítimas Fatais";"Anoitecer";"Crescente";"Chuva";"Simples";"Reta";"Rural";3;1;0;1;1;0;1;2
83498329;"11/09/16";"Domingo";"06:00:00";"SC";282;"187";"BOCAINA DO SUL";"Outras";"Colisão frontal";"Sem Vítimas";"Amanhecer";"Crescente";"Nevoeiro/neblina";"Simples";"Curva";"Rural";5;0;0;0;5;0;0;2
83498330;"21/06/16";"Terça";"09:00:00";"PR";158;"521";"PATO BRANCO";"Velocidade incompatível";"Queda de motocicleta / bicicleta / veículo";"Com Vítimas Feridas";"Pleno dia";"Crescente";"Chuva";"Simples";"Reta";"Urbano";1;0;0;1;0;0;1;1
83498331;"12/09/16";"Segunda";"02:40:00";"ES";262;"113,5";"VENDA NOVA DO IMIGRANTE";"Ingestão de álcool";"Queda de motocicleta / bicicleta / veículo";"Com Vítimas Feridas";"Plena noite";"Crescente";"Ceu Claro";"Simples";"Reta";"Urbano";2;0;0;1;0;1;1;1
83498332;"13/09/16";"Terça";"10:40:00";"MS";267;"311";"RIO BRILHANTE";"Defeito mecânico em veículo";"Queda de motocicleta / bicicleta / veículo";"Com Vítimas Feridas";"Pleno dia";"Decrescente";"Ceu Claro";"Simples";"Reta";"Rural";2;0;0;2;0;0;2;1
83498333;"10/09/16";"Sábado";"21:51:00";"RJ";116;"227";"PIRAI";"Outras";"Tombamento";"Sem Vítimas";"Plena noite";"Decrescente";"Ceu Claro";"Dupla";"Curva";"Urbano";1;0;0;0;1;0;0;1
83498334;"14/09/16";"Quarta";"08:00:00";"BA";116;"441";"FEIRA DE SANTANA";"Outras";"Saída de Pista";"Sem Vítimas";"Pleno dia";"Crescente";"Chuva";"Dupla";"Curva";"Rural";1;0;0;0;1;0;0;1
83498335;"03/09/16";"Sábado";"13:30:00";"ES";101;"265,9";"SERRA";"Não guardar distância de segurança";"Colisão traseira";"Com Vítimas Feridas";"Pleno dia";"Crescente";"Sol";"Múltipla";"Reta";"Urbano";2;0;1;0;1;0;1;2
83498336;"14/09/16";"Quarta";"08:10:00";"SC";470;"170";"POUSO REDONDO";"Falta de atenção";"Colisão Transversal";"Com Vítimas Feridas";"Pleno dia";"Decrescente";"Sol";"Simples";"Reta";"Rural";6;0;2;0;4;0;2;2
83498337;"14/09/16";"Quarta";"06:50:00";"MG";267;"368";"CAMPANHA";"Velocidade incompatível";"Colisão traseira";"Com Vítimas Feridas";"Pleno dia";"Decrescente";"Ceu Claro";"Simples";"Reta";"Urbano";2;0;1;0;1;0;1;2
83498338;"03/09/16";"Sábado";"22:25:00";"SC";101;"203,2";"SAO JOSE";"Outras";"Colisão traseira";"Com Vítimas Feridas";"Plena noite";"Decrescente";"Chuva";"Dupla";"Reta";"Urbano";6;0;1;0;5;0;1;6
83498339;"11/09/16";"Domingo";"02:20:00";"PR";277;"594";"CASCAVEL";"Ingestão de álcool";"Capotamento";"Com Vítimas Feridas";"Plena noite";"Crescente";"Ceu Claro";"Simples";"Curva";"Urbano";1;0;1;0;0;0;1;1
83498340;"11/09/16";"Domingo";"02:50:00";"RJ";101;"320";"NITEROI";"Defeito mecânico em veículo";"Incêndio";"Sem Vítimas";"Plena noite";"Crescente";"Ceu Claro";"Dupla";"Reta";"Urbano";1;0;0;0;1;0;0;1
83498341;"14/09/16";"Quarta";"05:50:00";"RO";364;"164";"PIMENTA BUENO";"Defeito mecânico em veículo";"Colisão traseira";"Sem Vítimas";"Amanhecer";"Crescente";"Ceu Claro";"Simples";"Reta";"Rural";4;0;0;0;4;0;0;3
83498342;"14/09/16";"Quarta";"09:50:00";"BA";101;"745,5";"ITABELA";"Outras";"Atropelamento de pessoa";"Com Vítimas Feridas";"Pleno dia";"Crescente";"Sol";"Simples";"Reta";"Urbano";2;0;1;0;0;1;1;1
83498343;"12/08/16";"Sexta";"07:50:00";"MA";135;"3,5";"SAO LUIS";"Falta de atenção";"Colisão lateral";"Com Vítimas Feridas";"Pleno dia";"Decrescente";"Ceu Claro";"Simples";"Reta";"Urbano";2;0;0;1;1;0;1;2
83498344;"13/09/16";"Terça";"04:20:00";"PB";230;"18";"JOAO PESSOA";"Falta de atenção";"Saída de Pista";"Sem Vítimas";"Plena noite";"Crescente";"Ceu Claro";"Dupla";"Reta";"Urbano";1;0;0;0;1;0;0;1
83498345;"11/09/16";"Domingo";"16:15:00";"SC";101;"233,7";"PALHOCA";"Dormindo";"Capotamento";"Sem Vítimas";"Pleno dia";"Crescente";"Ceu Claro";"Dupla";"Curva";"Rural";1;0;0;0;1;0;0;1
83498346;"11/09/16";"Domingo";"03:00:00";"DF";20;"20";"BRASILIA";"Outras";"Colisão com objeto fixo";"Sem Vítimas";"Plena noite";"Decrescente";"Ceu Claro";"Dupla";"Reta";"Urbano";2;0;0;0;1;1;0;1
83498347;"14/09/16";"Quarta";"09:20:00";"MS";262;"25";"TRES LAGOAS";"Outras";"Saída de Pista";"Com Vítimas Feridas";"Pleno dia";"Crescente";"Ceu Claro";"Simples";"Reta";"Rural";1;0;1;0;0;0;1;1
83498348;"14/09/16";"Quarta";"07:35:00";"PB";230;"463,5";"SOUSA";"Falta de atenção";"Colisão lateral";"Com Vítimas Feridas";"Pleno dia";"Crescente";"Ceu Claro";"Simples";"Reta";"Urbano";2;0;0;1;1;0;1;2
83498349;"14/09/16";"Quarta";"08:40:00";"PR";116;"116";"CURITIBA";"Não guardar distância de segurança";"Colisão traseira";"Com Vítimas Feridas";"Pleno dia";"Decrescente";"Ceu Claro";"Dupla";"Reta";"Urbano";5;0;2;0;3;0;2;4
83498350;"14/09/16";"Quarta";"10:45:00";"MG";40;"41,5";"PARACATU";"Falta de atenção";"Colisão Transversal";"Com Vítimas Feridas";"Pleno dia";"Crescente";"Ceu Claro";"Simples";"Reta";"Urbano";4;0;2;0;2;0;2;2
83498351;"14/09/16";"Quarta";"10:30:00";"SC";470;"71";"INDAIAL";"Falta de atenção";"Colisão Transversal";"Com Vítimas Feridas";"Pleno dia";"Crescente";"Ceu Claro";"Simples";"Reta";"Urbano";2;0;2;0;0;0;2;2
83498352;"11/09/16";"Domingo";"06:10:00";"PR";376;"176,2";"MARINGA";"Ingestão de álcool";"Queda de motocicleta / bicicleta / veículo";"Com Vítimas Feridas";"Pleno dia";"Decrescente";"Ceu Claro";"Dupla";"Reta";"Urbano";1;0;1;0;0;0;1;1
83498353;"10/09/16";"Sábado";"18:30:00";"SP";116;"287";"ITAPECERICA DA SERRA";"Desobediência à sinalização";"Atropelamento de pessoa";"Com Vítimas Feridas";"Plena noite";"Crescente";"Ceu Claro";"Dupla";"Reta";"Urbano";4;0;0;1;2;1;1;2
83498354;"14/09/16";"Quarta";"10:15:00";"RS";285;"252,6";"GENTIL";"Defeito mecânico em veículo";"Incêndio";"Sem Vítimas";"Pleno dia";"Decrescente";"Sol";"Simples";"Reta";"Rural";1;0;0;0;1;0;0;1
83498356;"12/06/16";"Domingo";"14:30:00";"SP";116;"474";"JACUPIRANGA";"Outras";"Colisão com objeto fixo";"Sem Vítimas";"Pleno dia";"Decrescente";"Ceu Claro";"Dupla";"Reta";"Rural";2;0;0;0;1;1;0;2
83498357;"10/09/16";"Sábado";"02:00:00";"AC";317;"290,5";"EPITACIOLANDIA";"Dormindo";"Saída de Pista";"Com Vítimas Fatais";"Plena noite";"Crescente";"Ignorada";"Simples";"Reta";"Rural";1;1;0;0;0;0;0;1
83498358;"14/09/16";"Quarta";"10:45:00";"SP";116;"467,1";"REGISTRO";"Falta de atenção";"Colisão traseira";"Sem Vítimas";"Pleno dia";"Decrescente";"Ceu Claro";"Dupla";"Reta";"Urbano";2;0;0;0;2;0;0;2
83498359;"11/09/16";"Domingo";"03:40:00";"GO";153;"508";"APARECIDA DE GOIANIA";"Ingestão de álcool";"Colisão com objeto fixo";"Com Vítimas Feridas";"Plena noite";"Crescente";"Ignorada";"Dupla";"Curva";"Urbano";2;0;2;0;0;0;2;1