"id";"data_inversa";"dia_semana";"horario";"uf";"br";"km";"municipio";"causa_acidente";"tipo_acidente";"classificacao_acidente";"fase_dia";"sentido_via";"condicao_metereologica";"tipo_pista";"tracado_via";"uso_solo";"pessoas";"mortos";"feridos_leves";"feridos_graves";"ilesos";"ignorados";"feridos";"veiculos"
83498360;"14/09/16";"Quarta";"09:42:00";"GO";50;"233,8";"CAMPO ALEGRE DE GOIAS";"Dormindo";"Colisão com objeto fixo";"Sem Vítimas";"Plena noite";"Decrescente";"Ceu Claro";"Simples";"Reta";"Rural";1;0;0;0;1;0;0;1
83498361;"14/09/16";"Quarta";"10:00:00";"MG";381;"529,3";"BRUMADINHO";"Outras";"Tombamento";"Sem Vítimas";"Pleno dia";"Decrescente";"Ceu Claro";"Dupla";"Curva";"Rural";1;0;0;0;1;0;0;1
83498362;"11/09/16";"Domingo";"00:05:00";"MG";40;"524";"CONTAGEM";"Outras";"Capotamento";"Sem Vítimas";"Plena noite";"Decrescente";"Ceu Claro";"Dupla";"Reta";"Urbano";1;0;0;0;1;0;0;1
83498363;"10/09/16";"Sábado";"21:00:00";"MG";381;"721,8";"CARMO DA CACHOEIRA";"Velocidade incompatível";"Tombamento";"Com Vítimas Feridas";"Plena noite";"Decrescente";"Nublado";"Dupla";"Curva";"Rural";1;0;0;1;0;0;1;1
83498364;"14/09/16";"Quarta";"08:30:00";"RS";116;"190,5";"NOVA PETROPOLIS";"Velocidade incompatível";"Colisão traseira";"Sem Vítimas";"Pleno dia";"Crescente";"Vento";"Simples";"Curva";"Rural";2;0;0;0;2;0;0;2
83498365;"10/09/16";"Sábado";"15:15:00";"GO";364;"279,3";"MINEIROS";"Falta de atenção";"Colisão traseira";"Sem Vítimas";"Pleno dia";"Decrescente";"Sol";"Simples";"Reta";"Rural";2;0;0;0;1;1;0;2
83498366;"22/07/16";"Sexta";"23:00:00";"ES";393;"11";"CACHOEIRO DE ITAPEMIRIM";"Velocidade incompatível";"Saída de Pista";"Com Vítimas Fatais";"Plena noite";"Decrescente";"Ceu Claro";"Simples";"Curva";"Rural";2;1;1;0;0;0;1;1
83498367;"11/09/16";"Domingo";"05:30:00";"SP";116;"213,8";"GUARULHOS";"Outras";"Colisão com objeto fixo";"Com Vítimas Feridas";"Amanhecer";"Decrescente";"Ceu Claro";"Dupla";"Reta";"Urbano";3;0;1;0;1;1;1;1
83498368;"14/09/16";"Quarta";"10:10:00";"RS";101;"51,7";"TERRA DE AREIA";"Outras";"Tombamento";"Sem Vítimas";"Pleno dia";"Decrescente";"Ceu Claro";"Dupla";"Reta";"Urbano";1;0;0;0;1;0;0;1
83498369;"10/09/16";"Sábado";"18:00:00";"MG";40;"508";"RIBEIRAO DAS NEVES";"Velocidade incompatível";"Colisão traseira";"Sem Vítimas";"Anoitecer";"Crescente";"Ceu Claro";"Dupla";"Reta";"Urbano";2;0;0;0;2;0;0;2
83498370;"10/09/16";"Sábado";"21:20:00";"MG";135;"370";"MONTES CLAROS";"Falta de atenção";"Queda de motocicleta / bicicleta / veículo";"Com Vítimas Feridas";"Plena noite";"Decrescente";"Ceu Claro";"Dupla";"Cruzamento";"Urbano";1;0;0;1;0;0;1;1
83498371;"11/09/16";"Domingo";"06:15:00";"MG";381;"617";"OLIVEIRA";"Ingestão de álcool";"Colisão com objeto fixo";"Sem Vítimas";"Amanhecer";"Crescente";"Nublado";"Dupla";"Curva";"Rural";1;0;0;0;1;0;0;1
83498372;"14/09/16";"Quarta";"08:00:00";"ES";101;"260,5";"SERRA";"Falta de atenção";"Colisão traseira";"Com Vítimas Feridas";"Pleno dia";"Crescente";"Sol";"Simples";"Curva";"Urbano";2;0;0;1;1;0;1;2
83498373;"14/09/16";"Quarta";"08:30:00";"RS";116;"142,5";"CAXIAS DO SUL";"Desobediência à sinalização";"Colisão Transversal";"Com Vítimas Feridas";"Pleno dia";"Crescente";"Sol";"Dupla";"Curva";"Urbano";2;0;1;0;1;0;1;2
83498374;"14/08/16";"Domingo";"09:00:00";"CE";20;"416";"MARACANAU";"Falta de atenção";"Colisão Transversal";"Sem Vítimas";"Pleno dia";"Crescente";"Ceu Claro";"Simples";"Reta";"Urbano";2;0;0;0;2;0;0;2
83498375;"14/09/16";"Quarta";"08:00:00";"PR";376;"182";"MARINGA";"Falta de atenção";"Colisão com bicicleta";"Com Vítimas Feridas";"Pleno dia";"Crescente";"Ceu Claro";"Dupla";"Curva";"Urbano";2;0;1;0;0;1;1;2
83498376;"14/09/16";"Quarta";"11:50:00";"PR";376;"671";"GUARATUBA";"Velocidade incompatível";"Colisão traseira";"Com Vítimas Feridas";"Pleno dia";"Crescente";"Ceu Claro";"Dupla";"Reta";"Rural";3;0;1;0;2;0;1;3
83498377;"14/09/16";"Quarta";"08:20:00";"MG";262;"423";"IGARATINGA";"Dormindo";"Saída de Pista";"Com Vítimas Feridas";"Pleno dia";"Crescente";"Ceu Claro";"Dupla";"Reta";"Rural";1;0;0;1;0;0;1;1
83498378;"17/08/16";"Quarta";"17:10:00";"PR";476;"131";"CURITIBA";"Outras";"Colisão traseira";"Com Vítimas Feridas";"Pleno dia";"Crescente";"Nublado";"Múltipla";"Reta";"Urbano";2;0;1;0;0;1;1;2
83498379;"10/06/16";"Sexta";"17:33:00";"PR";369;"141";"IBIPORA";"Desobediência à sinalização";"Colisão Transversal";"Com Vítimas Feridas";"Anoitecer";"Crescente";"Ceu Claro";"Simples";"Reta";"Urbano";3;0;1;1;0;1;2;2
83498380;"14/09/16";"Quarta";"09:00:00";"BA";116;"420";"FEIRA DE SANTANA";"Falta de atenção";"Colisão traseira";"Com Vítimas Feridas";"Pleno dia";"Crescente";"Nublado";"Dupla";"Reta";"Urbano";7;0;1;0;6;0;1;6
83498382;"14/09/16";"Quarta";"12:10:00";"AL";316;"83,3";"SANTANA DO IPANEMA";"Falta de atenção";"Colisão lateral";"Com Vítimas Feridas";"Pleno dia";"Decrescente";"Sol";"Simples";"Cruzamento";"Urbano";2;0;1;0;1;0;1;2
83498383;"12/09/16";"Segunda";"05:00:00";"MT";163;"42,1";"ITIQUIRA";"Defeito mecânico em veículo";"Tombamento";"Sem Vítimas";"Plena noite";"Decrescente";"Ceu Claro";"Dupla";"Reta";"Rural";1;0;0;0;1;0;0;1
83498384;"14/09/16";"Quarta";"08:40:00";"BA";101;"115";"ALAGOINHAS";"Outras";"Colisão traseira";"Sem Vítimas";"Pleno dia";"Decrescente";"Nublado";"Simples";"Reta";"Rural";3;0;0;0;3;0;0;3
83498385;"14/09/16";"Quarta";"13:45:00";"RS";480;"72,9";"ERECHIM";"Não guardar distância de segurança";"Colisão traseira";"Sem Vítimas";"Pleno dia";"Crescente";"Ceu Claro";"Simples";"Reta";"Urbano";2;0;0;0;2;0;0;2
83498386;"10/09/16";"Sábado";"19:30:00";"GO";364;"303,1";"MINEIROS";"Falta de atenção";"Colisão Transversal";"Com Vítimas Feridas";"Plena noite";"Crescente";"Ceu Claro";"Simples";"Curva";"Rural";2;0;0;1;0;1;1;2
83498387;"06/09/16";"Terça";"08:25:00";"CE";116;"19";"EUSEBIO";"Falta de atenção";"Colisão traseira";"Com Vítimas Feridas";"Pleno dia";"Decrescente";"Ceu Claro";"Dupla";"Reta";"Urbano";2;0;1;0;1;0;1;2
83498388;"11/09/16";"Domingo";"04:50:00";"RJ";393;"237,5";"VASSOURAS";"Outras";"Colisão frontal";"Com Vítimas Fatais";"Plena noite";"Decrescente";"Nevoeiro/neblina";"Simples";"Reta";"Urbano";2;1;0;0;1;0;0;2
83498390;"10/09/16";"Sábado";"05:30:00";"MG";262;"54,1";"MANHUACU";"Ingestão de álcool";"Saída de Pista";"Sem Vítimas";"Amanhecer";"Crescente";"Nublado";"Simples";"Reta";"Rural";1;0;0;0;1;0;0;1
83498391;"14/09/16";"Quarta";"07:30:00";"RO";364;"706";"PORTO VELHO";"Falta de atenção";"Colisão lateral";"Com Vítimas Feridas";"Pleno dia";"Crescente";"Ceu Claro";"Dupla";"Curva";"Urbano";2;0;1;0;1;0;1;2
83498392;"14/09/16";"Quarta";"09:00:00";"PI";316;"311";"PICOS";"Falta de atenção";"Colisão traseira";"Com Vítimas Feridas";"Pleno dia";"Decrescente";"Ceu Claro";"Dupla";"Reta";"Urbano";3;0;1;0;2;0;1;2
83498393;"10/09/16";"Sábado";"23:00:00";"MG";262;"409";"PARA DE MINAS";"Velocidade incompatível";"Saída de Pista";"Com Vítimas Feridas";"Plena noite";"Crescente";"Ceu Claro";"Dupla";"Reta";"Rural";3;0;3;0;0;0;3;1
83498394;"08/09/16";"Quinta";"16:55:00";"RJ";101;"71";"CAMPOS DOS GOYTACAZES";"Outras";"Queda de motocicleta / bicicleta / veículo";"Com Vítimas Feridas";"Pleno dia";"Crescente";"Vento";"Simples";"Reta";"Urbano";1;0;1;0;0;0;1;1
83498395;"14/09/16";"Quarta";"11:00:00";"RJ";101;"303";"SAO GONCALO";"Outras";"Queda de motocicleta / bicicleta / veículo";"Com Vítimas Feridas";"Pleno dia";"Decrescente";"Ceu Claro";"Dupla";"Reta";"Urbano";1;0;1;0;0;0;1;1
83498396;"14/09/16";"Quarta";"08:50:00";"SP";116;"279,2";"EMBU";"Falta de atenção";"Queda de motocicleta / bicicleta / veículo";"Com Vítimas Feridas";"Pleno dia";"Decrescente";"Nublado";"Dupla";"Reta";"Urbano";1;0;1;0;0;0;1;1
83498397;"14/09/16";"Quarta";"12:40:00";"SC";101;"320";"PESCARIA BRAVA";"Outras";"Tombamento";"Com Vítimas Feridas";"Pleno dia";"Crescente";"Sol";"Dupla";"Reta";"Urbano";3;0;3;0;0;0;3;1
83498398;"14/09/16";"Quarta";"08:50:00";"PR";116;"69";"CAMPINA GRANDE DO SUL";"Velocidade incompatível";"Colisão traseira";"Com Vítimas Feridas";"Pleno dia";"Crescente";"Sol";"Dupla";"Reta";"Rural";5;0;0;1;4;0;1;5
83498399;"14/09/16";"Quarta";"13:00:00";"SC";101;"192,4";"BIGUACU";"Velocidade incompatível";"Tombamento";"Com Vítimas Feridas";"Pleno dia";"Decrescente";"Sol";"Dupla";"Curva";"Urbano";1;0;1;0;0;0;1;1
83498400;"14/08/16";"Domingo";"13:10:00";"SC";282;"337";"CAMPOS NOVOS";"Velocidade incompatível";"Colisão Transversal";"Com Vítimas Feridas";"Pleno dia";"Decrescente";"Ceu Claro";"Simples";"Reta";"Urbano";5;0;3;2;0;0;5;2
83498401;"07/09/16";"Quarta";"03:00:00";"CE";20;"422,3";"MARACANAU";"Outras";"Tombamento";"Sem Vítimas";"Plena noite";"Decrescente";"Ceu Claro";"Simples";"Reta";"Rural";1;0;0;0;1;0;0;1
83498402;"14/09/16";"Quarta";"13:35:00";"PR";376;"658,8";"TIJUCAS DO SUL";"Defeito mecânico em veículo";"Tombamento";"Sem Vítimas";"Pleno dia";"Crescente";"Sol";"Simples";"Reta";"Rural";1;0;0;0;1;0;0;1
83498403;"11/09/16";"Domingo";"18:50:00";"CE";222;"3,1";"FORTALEZA";"Outras";"Colisão lateral";"Sem Vítimas";"Plena noite";"Decrescente";"Ceu Claro";"Múltipla";"Reta";"Urbano";2;0;0;0;2;0;0;2
83498404;"10/09/16";"Sábado";"22:50:00";"SP";116;"271,5";"TABOAO DA SERRA";"Defeito mecânico em veículo";"Queda de motocicleta / bicicleta / veículo";"Com Vítimas Feridas";"Plena noite";"Crescente";"Nublado";"Dupla";"Reta";"Urbano";2;0;2;0;0;0;2;1
83498405;"11/09/16";"Domingo";"05:05:00";"MG";50;"133";"UBERABA";"Dormindo";"Colisão com objeto fixo";"Com Vítimas Feridas";"Plena noite";"Decrescente";"Ceu Claro";"Dupla";"Reta";"Rural";2;0;1;1;0;0;2;1
83498406;"14/09/16";"Quarta";"12:00:00";"SP";116;"149";"SAO JOSE DOS CAMPOS";"Defeito mecânico em veículo";"Derramamento de Carga";"Sem Vítimas";"Pleno dia";"Decrescente";"Ceu Claro";"Múltipla";"Reta";"Urbano";1;0;0;0;1;0;0;1
83498407;"26/08/16";"Sexta";"14:55:00";"MS";163;"473,6";"CAMPO GRANDE";"Outras";"Colisão frontal";"Com Vítimas Fatais";"Pleno dia";"Decrescente";"Ceu Claro";"Simples";"Reta";"Urbano";3;2;0;0;1;0;0;2
83498408;"14/09/16";"Quarta";"14:00:00";"RS";116;"30,1";"VACARIA";"Não guardar distância de segurança";"Colisão traseira";"Sem Vítimas";"Pleno dia";"Decrescente";"Ceu Claro";"Simples";"Reta";"Rural";2;0;0;0;2;0;0;2
83498410;"14/09/16";"Quarta";"15:15:00";"SP";116;"451";"REGISTRO";"Defeito mecânico em veículo";"Queda de motocicleta / bicicleta / veículo";"Com Vítimas Feridas";"Pleno dia";"Crescente";"Ceu Claro";"Dupla";"Reta";"Rural";2;0;2;0;0;0;2;1
83498411;"13/09/16";"Terça";"04:52:00";"SC";101;"159,1";"PORTO BELO";"Outras";"Colisão lateral";"Com Vítimas Feridas";"Plena noite";"Crescente";"Nublado";"Dupla";"Reta";"Urbano";2;0;1;0;1;0;1;2
83498412;"14/09/16";"Quarta";"07:30:00";"RN";101;"104";"PARNAMIRIM";"Não guardar distância de segurança";"Colisão traseira";"Com Vítimas Feridas";"Pleno dia";"Crescente";"Sol";"Dupla";"Reta";"Urbano";2;0;0;1;1;0;1;2
83498413;"14/09/16";"Quarta";"10:50:00";"PR";369;"173,9";"ROLANDIA";"Outras";"Queda de motocicleta / bicicleta / veículo";"Com Vítimas Feridas";"Pleno dia";"Crescente";"Ceu Claro";"Simples";"Reta";"Urbano";1;0;1;0;0;0;1;1
83498414;"14/09/16";"Quarta";"09:30:00";"PR";369;"161,2";"CAMBE";"Falta de atenção";"Colisão traseira";"Sem Vítimas";"Pleno dia";"Crescente";"Ceu Claro";"Dupla";"Reta";"Rural";3;0;0;0;3;0;0;3
83498415;"14/09/16";"Quarta";"04:45:00";"MT";163;"839";"SINOP";"Desobediência à sinalização";"Colisão Transversal";"Com Vítimas Feridas";"Plena noite";"Crescente";"Ceu Claro";"Simples";"Reta";"Urbano";4;0;2;0;1;1;2;2
83498416;"14/09/16";"Quarta";"16:05:00";"PR";376;"651";"TIJUCAS DO SUL";"Não guardar distância de segurança";"Colisão traseira";"Sem Vítimas";"Pleno dia";"Crescente";"Sol";"Dupla";"Reta";"Rural";3;0;0;0;2;1;0;3
83498417;"14/09/16";"Quarta";"15:40:00";"PR";476;"280";"SAO MATEUS DO SUL";"Falta de atenção";"Colisão lateral";"Sem Vítimas";"Pleno dia";"Decrescente";"Ceu Claro";"Simples";"Reta";"Rural";3;0;0;0;3;0;0;2
83498418;"20/01/16";"Quarta";"07:50:00";"RS";287;"241";"SANTA MARIA";"Outras";"Colisão traseira";"Sem Vítimas";"Pleno dia";"Crescente";"Sol";"Dupla";"Curva";"Urbano";2;0;0;0;1;1;0;2
83498419;"14/09/16";"Quarta";"11:30:00";"PR";376;"291,5";"MAUA DA SERRA";"Falta de atenção";"Colisão Transversal";"Com Vítimas Feridas";"Pleno dia";"Decrescente";"Ceu Claro";"Simples";"Cruzamento";"Urbano";2;0;1;0;1;0;1;2
83498420;"14/09/16";"Quarta";"12:10:00";"PA";230;"120,5";"MARABA";"Falta de atenção";"Colisão lateral";"Com Vítimas Feridas";"Pleno dia";"Crescente";"Ceu Claro";"Dupla";"Reta";"Urbano";2;0;1;0;1;0;1;2
83498421;"14/09/16";"Quarta";"12:30:00";"MS";262;"289,3";"CAMPO GRANDE";"Falta de atenção";"Capotamento";"Com Vítimas Feridas";"Pleno dia";"Crescente";"Ceu Claro";"Simples";"Reta";"Rural";1;0;0;1;0;0;1;1
83498422;"14/09/16";"Quarta";"11:20:00";"ES";259;"59,9";"COLATINA";"Outras";"Colisão frontal";"Com Vítimas Feridas";"Pleno dia";"Crescente";"Sol";"Simples";"Curva";"Rural";4;0;0;4;0;0;4;2
83498423;"14/09/16";"Quarta";"16:50:00";"BA";116;"673,5";"JEQUIE";"Falta de atenção";"Queda de motocicleta / bicicleta / veículo";"Com Vítimas Feridas";"Pleno dia";"Crescente";"Sol";"Simples";"Reta";"Rural";1;0;1;0;0;0;1;1
83498424;"13/09/16";"Terça";"23:00:00";"MT";163;"842";"SINOP";"Ingestão de álcool";"Saída de Pista";"Sem Vítimas";"Plena noite";"Decrescente";"Ceu Claro";"Simples";"Reta";"Rural";1;0;0;0;1;0;0;1
83498425;"14/09/16";"Quarta";"12:00:00";"RS";287;"409,3";"SANTIAGO";"Desobediência à sinalização";"Colisão Transversal";"Com Vítimas Feridas";"Pleno dia";"Crescente";"Ceu Claro";"Simples";"Cruzamento";"Rural";2;0;1;1;0;0;2;2
83498426;"11/09/16";"Domingo";"05:15:00";"GO";20;"65,8";"FORMOSA";"Outras";"Colisão Transversal";"Com Vítimas Feridas";"Amanhecer";"Crescente";"Vento";"Simples";"Reta";"Rural";2;0;0;1;0;1;1;2
83498427;"14/09/16";"Quarta";"11:30:00";"MG";116;"366,6";"FREI INOCENCIO";"Falta de atenção";"Colisão Transversal";"Sem Vítimas";"Pleno dia";"Crescente";"Sol";"Simples";"Reta";"Rural";2;0;0;0;2;0;0;2
83498428;"06/09/16";"Terça";"11:50:00";"GO";20;"106";"VILA BOA";"Dormindo";"Colisão traseira";"Com Vítimas Feridas";"Pleno dia";"Crescente";"Ceu Claro";"Simples";"Reta";"Rural";3;0;0;2;1;0;2;2
83498430;"14/09/16";"Quarta";"16:00:00";"MG";365;"419";"PATOS DE MINAS";"Outras";"Colisão traseira";"Sem Vítimas";"Pleno dia";"Decrescente";"Sol";"Simples";"Reta";"Rural";2;0;0;0;2;0;0;2
83498431;"14/09/16";"Quarta";"17:20:00";"SP";116;"18";"LAVRINHAS";"Outras";"Colisão traseira";"Sem Vítimas";"Pleno dia";"Decrescente";"Ceu Claro";"Dupla";"Reta";"Rural";2;0;0;0;1;1;0;2
83498432;"14/09/16";"Quarta";"16:45:00";"PR";376;"646";"TIJUCAS DO SUL";"Falta de atenção";"Capotamento";"Sem Vítimas";"Pleno dia";"Crescente";"Sol";"Dupla";"Reta";"Urbano";1;0;0;0;1;0;0;1
83498433;"10/09/16";"Sábado";"21:45:00";"MG";116;"477,7";"DOM CAVATI";"Ingestão de álcool";"Saída de Pista";"Com Vítimas Feridas";"Pleno dia";"Crescente";"Ceu Claro";"Simples";"Curva";"Rural";4;0;0;4;0;0;4;1
83498434;"14/09/16";"Quarta";"10:50:00";"MS";262;"731,6";"CORUMBA";"Outras";"Saída de Pista";"Sem Vítimas";"Pleno dia";"Crescente";"Sol";"Simples";"Curva";"Rural";1;0;0;0;1;0;0;1
83498435;"14/09/16";"Quarta";"16:40:00";"SP";116;"282,9";"EMBU";"Não guardar distância de segurança";"Colisão lateral";"Com Vítimas Feridas";"Pleno dia";"Crescente";"Ceu Claro";"Dupla";"Reta";"Urbano";3;0;1;0;2;0;1;2
83498436;"11/09/16";"Domingo";"06:00:00";"RS";472;"454,4";"ITAQUI";"Dormindo";"Saída de Pista";"Com Vítimas Feridas";"Amanhecer";"Crescente";"Ceu Claro";"Simples";"Reta";"Rural";2;0;1;1;0;0;2;1
83498437;"14/09/16";"Quarta";"16:00:00";"ES";101;"349";"GUARAPARI";"Falta de atenção";"Colisão lateral";"Com Vítimas Feridas";"Pleno dia";"Decrescente";"Ceu Claro";"Simples";"Curva";"Rural";3;0;1;0;2;0;1;2
83498438;"14/09/16";"Quarta";"17:20:00";"AL";316;"154";"PALMEIRA DOS INDIOS";"Falta de atenção";"Queda de motocicleta / bicicleta / veículo";"Com Vítimas Feridas";"Plena noite";"Decrescente";"Nublado";"Simples";"Curva";"Rural";1;0;0;1;0;0;1;1
83498439;"12/09/16";"Segunda";"04:30:00";"RJ";101;"506";"ANGRA DOS REIS";"Outras";"Saída de Pista";"Com Vítimas Feridas";"Plena noite";"Crescente";"Ceu Claro";"Simples";"Reta";"Urbano";1;0;1;0;0;0;1;1
83498440;"10/09/16";"Sábado";"11:00:00";"MG";116;"527,7";"CARATINGA";"Falta de atenção";"Colisão Transversal";"Sem Vítimas";"Pleno dia";"Crescente";"Ceu Claro";"Dupla";"Cruzamento";"Urbano";2;0;0;0;2;0;0;2
83498441;"10/09/16";"Sábado";"00:25:00";"PE";232;"111,6";"BEZERROS";"Dormindo";"Colisão traseira";"Com Vítimas Feridas";"Plena noite";"Decrescente";"Ceu Claro";"Dupla";"Reta";"Rural";3;0;1;1;1;0;2;2
83498442;"14/09/16";"Quarta";"17:18:00";"RS";285;"457";"IJUI";"Desobediência à sinalização";"Colisão Transversal";"Sem Vítimas";"Pleno dia";"Crescente";"Sol";"Simples";"Reta";"Urbano";2;0;0;0;2;0;0;2
83498443;"14/09/16";"Quarta";"15:30:00";"RN";101;"83";"SAO GONCALO DO AMARANTE";"Desobediência à sinalização";"Atropelamento de pessoa";"Com Vítimas Feridas";"Pleno dia";"Crescente";"Ceu Claro";"Dupla";"Reta";"Urbano";2;0;0;2;0;0;2;1
83498444;"14/09/16";"Quarta";"16:40:00";"MG";381;"477,2";"CONTAGEM";"Falta de atenção";"Colisão traseira";"Com Vítimas Feridas";"Pleno dia";"Decrescente";"Sol";"Dupla";"Reta";"Urbano";3;0;2;0;1;0;2;2
83498445;"14/09/16";"Quarta";"16:10:00";"MG";116;"415";"GOVERNADOR VALADARES";"Falta de atenção";"Colisão traseira";"Com Vítimas Feridas";"Pleno dia";"Decrescente";"Ceu Claro";"Simples";"Reta";"Urbano";2;0;1;0;1;0;1;2
83498446;"14/09/16";"Quarta";"13:16:00";"MT";364;"160";"RONDONOPOLIS";"Falta de atenção";"Saída de Pista";"Com Vítimas Feridas";"Pleno dia";"Crescente";"Ceu Claro";"Simples";"Reta";"Rural";1;0;1;0;0;0;1;1
83498447;"14/09/16";"Quarta";"08:30:00";"MG";381;"648,6";"SANTO ANTONIO DO AMPARO";"Dormindo";"Capotamento";"Com Vítimas Feridas";"Pleno dia";"Crescente";"Ceu Claro";"Dupla";"Reta";"Rural";2;0;1;0;1;0;1;1
83498448;"14/09/16";"Quarta";"15:05:00";"BA";116;"424";"FEIRA DE SANTANA";"Falta de atenção";"Colisão Transversal";"Sem Vítimas";"Pleno dia";"Decrescente";"Ceu Claro";"Simples";"Reta";"Urbano";2;0;0;0;2;0;0;2
83498449;"14/09/16";"Quarta";"16:40:00";"MG";116;"415";"GOVERNADOR VALADARES";"Não guardar distância de segurança";"Colisão traseira";"Sem Vítimas";"Pleno dia";"Decrescente";"Ceu Claro";"Simples";"Reta";"Urbano";3;0;0;0;2;1;0;3
83498450;"14/09/16";"Quarta";"18:00:00";"SC";470;"45";"GASPAR";"Defeito mecânico em veículo";"Colisão lateral";"Com Vítimas Feridas";"Anoitecer";"Decrescente";"Ceu Claro";"Simples";"Reta";"Urbano";4;0;1;0;3;0;1;3
83498451;"14/09/16";"Quarta";"07:30:00";"RS";116;"418,9";"CRISTAL";"Outras";"Saída de Pista";"Sem Vítimas";"Pleno dia";"Crescente";"Nublado";"Simples";"Reta";"Rural";1;0;0;0;1;0;0;1
83498452;"14/09/16";"Quarta";"17:20:00";"PR";277;"72,2";"SAO JOSE DOS PINHAIS";"Falta de atenção";"Saída de Pista";"Sem Vítimas";"Pleno dia";"Crescente";"Nublado";"Dupla";"Reta";"Urbano";1;0;0;0;1;0;0;1
83498453;"11/09/16";"Domingo";"04:00:00";"GO";60;"470";"JATAI";"Dormindo";"Colisão com objeto fixo";"Com Vítimas Feridas";"Plena noite";"Crescente";"Ceu Claro";"Dupla";"Reta";"Rural";1;0;1;0;0;0;1;1
83498454;"14/09/16";"Quarta";"18:30:00";"SC";280;"232";"CANOINHAS";"Falta de atenção";"Colisão Transversal";"Com Vítimas Feridas";"Plena noite";"Crescente";"Ceu Claro";"Simples";"Reta";"Urbano";2;0;1;0;1;0;1;2
83498455;"14/09/16";"Quarta";"12:00:00";"SC";280;"265";"IRINEOPOLIS";"Falta de atenção";"Colisão lateral";"Sem Vítimas";"Pleno dia";"Decrescente";"Sol";"Simples";"Reta";"Rural";2;0;0;0;2;0;0;2
83498456;"14/09/16";"Quarta";"12:30:00";"RS";116;"454,4";"SAO LOURENCO DO SUL";"Falta de atenção";"Colisão traseira";"Com Vítimas Feridas";"Pleno dia";"Crescente";"Nublado";"Simples";"Reta";"Rural";2;0;1;0;1;0;1;2
83498457;"14/09/16";"Quarta";"19:00:00";"PR";277;"1";"FOZ DO IGUACU";"Falta de atenção";"Colisão traseira";"Com Vítimas Feridas";"Anoitecer";"Crescente";"Ceu Claro";"Dupla";"Reta";"Urbano";3;0;1;0;2;0;1;3
83498458;"14/09/16";"Quarta";"16:15:00";"SP";116;"553,2";"BARRA DO TURVO";"Defeito mecânico em veículo";"Incêndio";"Sem Vítimas";"Pleno dia";"Crescente";"Sol";"Dupla";"Reta";"Rural";1;0;0;0;1;0;0;1
83498459;"14/09/16";"Quarta";"07:57:00";"PR";277;"377";"GUARAPUAVA";"Outras";"Capotamento";"Com Vítimas Feridas";"Pleno dia";"Decrescente";"Ceu Claro";"Simples";"Reta";"Rural";2;0;0;1;1;0;1;1
83498460;"14/09/16";"Quarta";"17:00:00";"RO";364;"181,7";"PIMENTA BUENO";"Defeito na via";"Colisão com objeto fixo";"Sem Vítimas";"Pleno dia";"Crescente";"Ceu Claro";"Simples";"Reta";"Rural";2;0;0;0;2;0;0;1
83498461;"14/09/16";"Quarta";"13:30:00";"RJ";393;"104";"SAPUCAIA";"Falta de atenção";"Atropelamento de pessoa";"Com Vítimas Feridas";"Pleno dia";"Crescente";"Sol";"Simples";"Reta";"Urbano";2;0;2;0;0;0;2;1
83498462;"14/09/16";"Quarta";"14:30:00";"BA";101;"397";"IBIRAPITANGA";"Outras";"Derramamento de Carga";"Sem Vítimas";"Pleno dia";"Crescente";"Sol";"Simples";"Reta";"Rural";1;0;0;0;1;0;0;1
83498463;"14/09/16";"Quarta";"18:30:00";"SC";101;"463";"PASSO DE TORRES";"Outras";"Saída de Pista";"Sem Vítimas";"Anoitecer";"Decrescente";"Vento";"Dupla";"Reta";"Rural";1;0;0;0;1;0;0;1
83498464;"11/09/16";"Domingo";"05:00:00";"PE";101;"75";"RECIFE";"Outras";"Saída de Pista";"Sem Vítimas";"Amanhecer";"Decrescente";"Chuva";"Dupla";"Reta";"Urbano";1;0;0;0;1;0;0;1
83498465;"14/09/16";"Quarta";"10:30:00";"MA";10;"125,5";"ESTREITO";"Ultrapassagem indevida";"Colisão Transversal";"Com Vítimas Feridas";"Pleno dia";"Crescente";"Sol";"Simples";"Reta";"Urbano";2;0;1;0;1;0;1;2
83498466;"14/09/16";"Quarta";"19:15:00";"RS";285;"121,8";"VACARIA";"Outras";"Atropelamento de pessoa";"Com Vítimas Feridas";"Plena noite";"Crescente";"Ceu Claro";"Simples";"Cruzamento";"Urbano";2;0;1;0;1;0;1;1
83498467;"14/09/16";"Quarta";"16:30:00";"GO";60;"4,9";"GOIANIA";"Outras";"Tombamento";"Com Vítimas Feridas";"Pleno dia";"Decrescente";"Ceu Claro";"Dupla";"Curva";"Urbano";2;0;2;0;0;0;2;1
83498468;"14/09/16";"Quarta";"14:40:00";"MG";116;"523";"CARATINGA";"Velocidade incompatível";"Queda de motocicleta / bicicleta / veículo";"Com Vítimas Feridas";"Pleno dia";"Decrescente";"Ceu Claro";"Simples";"Reta";"Urbano";2;0;2;0;0;0;2;1
83498469;"14/09/16";"Quarta";"07:20:00";"TO";226;"11";"PALMEIRAS DO TOCANTINS";"Falta de atenção";"Tombamento";"Sem Vítimas";"Pleno dia";"Decrescente";"Ceu Claro";"Simples";"Reta";"Rural";1;0;0;0;1;0;0;1