"id";"data_inversa";"dia_semana";"horario";"uf";"br";"km";"municipio";"causa_acidente";"tipo_acidente";"classificacao_acidente";"fase_dia";"sentido_via";"condicao_metereologica";"tipo_pista";"tracado_via";"uso_solo";"pessoas";"mortos";"feridos_leves";"feridos_graves";"ilesos";"ignorados";"feridos";"veiculos"
83498470;"14/09/16";"Quarta";"18:30:00";"PR";116;"104";"SAO JOSE DOS PINHAIS";"Falta de atenção";"Colisão traseira";"Com Vítimas Feridas";"Anoitecer";"Crescente";"Ceu Claro";"Dupla";"Reta";"Rural";4;0;1;0;3;0;1;4
83498471;"14/09/16";"Quarta";"18:40:00";"RS";116;"243";"SAO LEOPOLDO";"Desobediência à sinalização";"Colisão Transversal";"Com Vítimas Feridas";"Anoitecer";"Decrescente";"Ceu Claro";"Múltipla";"Reta";"Urbano";2;0;1;0;1;0;1;2
83498472;"07/09/16";"Quarta";"04:50:00";"MG";365;"637,5";"UBERLANDIA";"Animais na Pista";"Atropelamento de animal";"Sem Vítimas";"Plena noite";"Decrescente";"Ceu Claro";"Dupla";"Reta";"Rural";1;0;0;0;1;0;0;1
83498473;"14/09/16";"Quarta";"15:37:00";"RO";364;"711";"PORTO VELHO";"Falta de atenção";"Colisão traseira";"Com Vítimas Feridas";"Pleno dia";"Decrescente";"Ceu Claro";"Dupla";"Reta";"Urbano";2;0;0;1;0;1;1;2
83498474;"14/09/16";"Quarta";"17:30:00";"MG";356;"264,4";"MURIAE";"Ultrapassagem indevida";"Colisão Transversal";"Com Vítimas Feridas";"Anoitecer";"Decrescente";"Nublado";"Simples";"Cruzamento";"Urbano";2;0;1;0;1;0;1;2
83498475;"14/09/16";"Quarta";"17:50:00";"PB";101;"79,6";"SANTA RITA";"Velocidade incompatível";"Capotamento";"Com Vítimas Feridas";"Anoitecer";"Crescente";"Ceu Claro";"Dupla";"Reta";"Rural";1;0;1;0;0;0;1;1
83498476;"14/09/16";"Quarta";"11:45:00";"RJ";101;"56";"CAMPOS DOS GOYTACAZES";"Falta de atenção";"Colisão com bicicleta";"Com Vítimas Feridas";"Pleno dia";"Crescente";"Ceu Claro";"Simples";"Reta";"Rural";3;0;1;0;2;0;1;2
83498477;"11/09/16";"Domingo";"21:20:00";"SC";282;"341";"CAMPOS NOVOS";"Falta de atenção";"Colisão com objeto fixo";"Sem Vítimas";"Plena noite";"Decrescente";"Nublado";"Simples";"Reta";"Urbano";1;0;0;0;1;0;0;1
83498478;"14/09/16";"Quarta";"17:34:00";"PR";277;"112";"CAMPO LARGO";"Falta de atenção";"Colisão lateral";"Sem Vítimas";"Anoitecer";"Crescente";"Ceu Claro";"Dupla";"Reta";"Urbano";2;0;0;0;2;0;0;2
83498479;"10/09/16";"Sábado";"23:25:00";"SP";116;"147";"SAO JOSE DOS CAMPOS";"Outras";"Colisão com objeto fixo";"Com Vítimas Feridas";"Plena noite";"Crescente";"Nublado";"Múltipla";"Reta";"Urbano";2;0;1;0;1;0;1;1
83498480;"14/09/16";"Quarta";"06:10:00";"MG";40;"508,4";"RIBEIRAO DAS NEVES";"Não guardar distância de segurança";"Colisão traseira";"Com Vítimas Feridas";"Pleno dia";"Crescente";"Ceu Claro";"Dupla";"Reta";"Urbano";3;0;1;0;2;0;1;2
83498481;"11/09/16";"Domingo";"13:40:00";"SC";470;"276";"BRUNOPOLIS";"Falta de atenção";"Colisão frontal";"Com Vítimas Fatais";"Pleno dia";"Decrescente";"Sol";"Simples";"Curva";"Rural";5;1;3;1;0;0;4;2
83498482;"14/09/16";"Quarta";"14:50:00";"ES";101;"142,1";"LINHARES";"Outras";"Colisão com objeto fixo";"Sem Vítimas";"Pleno dia";"Crescente";"Ceu Claro";"Simples";"Cruzamento";"Urbano";1;0;0;0;1;0;0;1
83498483;"14/08/16";"Domingo";"07:45:00";"MG";116;"783,6";"LEOPOLDINA";"Falta de atenção";"Capotamento";"Com Vítimas Feridas";"Pleno dia";"Decrescente";"Ceu Claro";"Simples";"Curva";"Rural";2;0;1;0;1;0;1;1
83498484;"14/09/16";"Quarta";"14:30:00";"GO";60;"247,8";"INDIARA";"Dormindo";"Colisão traseira";"Com Vítimas Feridas";"Pleno dia";"Crescente";"Sol";"Dupla";"Reta";"Rural";3;0;1;1;1;0;2;2
83498485;"14/09/16";"Quarta";"21:00:00";"AL";316;"83,8";"SANTANA DO IPANEMA";"Falta de atenção";"Atropelamento de pessoa";"Com Vítimas Feridas";"Plena noite";"Crescente";"Ceu Claro";"Dupla";"Reta";"Urbano";2;0;0;1;1;0;1;1
83498486;"14/09/16";"Quarta";"16:30:00";"MG";251;"472,2";"FRANCISCO SA";"Velocidade incompatível";"Capotamento";"Com Vítimas Feridas";"Anoitecer";"Crescente";"Ceu Claro";"Simples";"Reta";"Rural";3;0;3;0;0;0;3;1
83498487;"14/09/16";"Quarta";"19:40:00";"PE";110;"147,1";"IBIMIRIM";"Outras";"Atropelamento de pessoa";"Com Vítimas Fatais";"Plena noite";"Crescente";"Ceu Claro";"Simples";"Reta";"Urbano";2;1;0;0;0;1;0;1
83498488;"14/09/16";"Quarta";"21:00:00";"PE";232;"11";"JABOATAO DOS GUARARAPES";"Falta de atenção";"Colisão traseira";"Com Vítimas Feridas";"Plena noite";"Decrescente";"Ceu Claro";"Dupla";"Reta";"Urbano";2;0;1;0;1;0;1;2
83498489;"14/09/16";"Quarta";"22:30:00";"SC";101;"216,2";"PALHOCA";"Outras";"Queda de motocicleta / bicicleta / veículo";"Com Vítimas Feridas";"Plena noite";"Crescente";"Nublado";"Simples";"Reta";"Urbano";2;0;0;2;0;0;2;1
83498490;"14/09/16";"Quarta";"13:40:00";"RJ";101;"306";"SAO GONCALO";"Outras";"Queda de motocicleta / bicicleta / veículo";"Com Vítimas Feridas";"Pleno dia";"Decrescente";"Ceu Claro";"Dupla";"Reta";"Urbano";1;0;1;0;0;0;1;1
83498491;"14/09/16";"Quarta";"20:55:00";"MT";364;"206";"RONDONOPOLIS";"Falta de atenção";"Queda de motocicleta / bicicleta / veículo";"Com Vítimas Feridas";"Plena noite";"Decrescente";"Ceu Claro";"Dupla";"Reta";"Urbano";1;0;1;0;0;0;1;1
83498492;"10/09/16";"Sábado";"07:00:00";"RJ";356;"112";"CAMPOS DOS GOYTACAZES";"Outras";"Saída de Pista";"Com Vítimas Fatais";"Pleno dia";"Crescente";"Ceu Claro";"Simples";"Curva";"Rural";2;1;0;1;0;0;1;1
83498493;"14/09/16";"Quarta";"11:30:00";"GO";153;"502,7";"GOIANIA";"Falta de atenção";"Colisão lateral";"Com Vítimas Feridas";"Pleno dia";"Crescente";"Sol";"Dupla";"Reta";"Urbano";2;0;0;1;1;0;1;2
83498494;"10/09/16";"Sábado";"08:50:00";"RJ";101;"210";"CASIMIRO DE ABREU";"Outras";"Saída de Pista";"Sem Vítimas";"Pleno dia";"Decrescente";"Sol";"Simples";"Curva";"Rural";1;0;0;0;1;0;0;1
83498495;"29/08/16";"Segunda";"16:00:00";"PB";230;"6,2";"CABEDELO";"Desobediência à sinalização";"Colisão traseira";"Com Vítimas Feridas";"Pleno dia";"Crescente";"Ceu Claro";"Dupla";"Reta";"Urbano";4;0;0;3;1;0;3;2
83498496;"14/09/16";"Quarta";"17:30:00";"MS";262;"284,3";"CAMPO GRANDE";"Outras";"Saída de Pista";"Sem Vítimas";"Anoitecer";"Decrescente";"Ceu Claro";"Simples";"Reta";"Rural";1;0;0;0;1;0;0;1
83498497;"14/09/16";"Quarta";"21:33:00";"PI";343;"3,2";"TERESINA";"Outras";"Colisão Transversal";"Com Vítimas Feridas";"Plena noite";"Crescente";"Ceu Claro";"Múltipla";"Reta";"Urbano";3;0;1;1;1;0;2;2
83498498;"14/09/16";"Quarta";"20:45:00";"PR";369;"41";"ANDIRA";"Velocidade incompatível";"Saída de Pista";"Sem Vítimas";"Plena noite";"Decrescente";"Ceu Claro";"Simples";"Reta";"Rural";1;0;0;0;1;0;0;1
83498499;"10/09/16";"Sábado";"22:45:00";"RJ";101;"86";"CAMPOS DOS GOYTACAZES";"Velocidade incompatível";"Capotamento";"Com Vítimas Feridas";"Plena noite";"Decrescente";"Ceu Claro";"Dupla";"Reta";"Rural";5;0;4;0;0;1;4;1
83498500;"14/09/16";"Quarta";"15:00:00";"AL";416;"9";"COLONIA LEOPOLDINA";"Velocidade incompatível";"Colisão traseira";"Sem Vítimas";"Pleno dia";"Crescente";"Ceu Claro";"Simples";"Reta";"Rural";2;0;0;0;2;0;0;2
83498501;"14/09/16";"Quarta";"21:20:00";"RS";287;"249,2";"SANTA MARIA";"Defeito mecânico em veículo";"Incêndio";"Sem Vítimas";"Plena noite";"Decrescente";"Nublado";"Simples";"Cruzamento";"Urbano";1;0;0;0;1;0;0;1
83498502;"14/09/16";"Quarta";"21:30:00";"PR";376;"498";"PONTA GROSSA";"Ingestão de álcool";"Colisão lateral";"Sem Vítimas";"Plena noite";"Decrescente";"Nublado";"Dupla";"Reta";"Rural";2;0;0;0;2;0;0;2
83498503;"14/09/16";"Quarta";"19:35:00";"GO";153;"647";"MORRINHOS";"Outras";"Capotamento";"Com Vítimas Feridas";"Plena noite";"Crescente";"Ceu Claro";"Dupla";"Reta";"Rural";1;0;1;0;0;0;1;1
83498504;"14/09/16";"Quarta";"16:50:00";"PB";104;"7";"CUITE";"Velocidade incompatível";"Colisão traseira";"Com Vítimas Feridas";"Pleno dia";"Crescente";"Sol";"Simples";"Reta";"Urbano";2;0;2;0;0;0;2;2
83498505;"14/09/16";"Quarta";"20:40:00";"MS";163;"317";"RIO BRILHANTE";"Falta de atenção";"Colisão traseira";"Com Vítimas Feridas";"Plena noite";"Decrescente";"Ceu Claro";"Simples";"Curva";"Rural";3;0;0;1;2;0;1;3
83498506;"14/09/16";"Quarta";"19:00:00";"RN";110;"49,4";"MOSSORO";"Ingestão de álcool";"Atropelamento de pessoa";"Com Vítimas Feridas";"Amanhecer";"Crescente";"Ceu Claro";"Simples";"Reta";"Urbano";2;0;1;0;1;0;1;1
83498507;"14/09/16";"Quarta";"23:30:00";"AL";104;"88";"RIO LARGO";"Ingestão de álcool";"Colisão Transversal";"Sem Vítimas";"Plena noite";"Decrescente";"Ceu Claro";"Dupla";"Reta";"Urbano";4;0;0;0;3;1;0;2
83498508;"14/09/16";"Quarta";"18:10:00";"PA";316;"66";"CASTANHAL";"Falta de atenção";"Colisão traseira";"Sem Vítimas";"Pleno dia";"Crescente";"Chuva";"Dupla";"Reta";"Urbano";2;0;0;0;2;0;0;2
83498509;"28/08/16";"Domingo";"23:55:00";"BA";110;"66,3";"JEREMOABO";"Velocidade incompatível";"Tombamento";"Com Vítimas Feridas";"Plena noite";"Decrescente";"Nublado";"Simples";"Curva";"Rural";1;0;1;0;0;0;1;1
83498510;"15/09/16";"Quinta";"00:20:00";"SP";153;"273,5";"OCAUCU";"Defeito mecânico em veículo";"Colisão com objeto fixo";"Com Vítimas Feridas";"Plena noite";"Decrescente";"Nublado";"Simples";"Curva";"Rural";2;0;2;0;0;0;2;1
83498511;"14/09/16";"Quarta";"23:40:00";"MG";116;"4,3";"DIVISA ALEGRE";"Outras";"Colisão frontal";"Com Vítimas Fatais";"Plena noite";"Crescente";"Ceu Claro";"Simples";"Reta";"Urbano";2;1;0;0;0;1;0;2
83498512;"14/09/16";"Quarta";"23:30:00";"PE";101;"127";"ESCADA";"Falta de atenção";"Colisão lateral";"Sem Vítimas";"Plena noite";"Crescente";"Ceu Claro";"Dupla";"Reta";"Urbano";2;0;0;0;1;1;0;2
83498513;"14/09/16";"Quarta";"23:20:00";"RS";293;"11,3";"CAPAO DO LEAO";"Velocidade incompatível";"Tombamento";"Com Vítimas Feridas";"Plena noite";"Decrescente";"Nublado";"Simples";"Cruzamento";"Rural";1;0;0;1;0;0;1;1
83498514;"14/09/16";"Quarta";"20:00:00";"SP";116;"74";"APARECIDA";"Ingestão de álcool";"Colisão com bicicleta";"Com Vítimas Feridas";"Plena noite";"Crescente";"Ceu Claro";"Dupla";"Reta";"Rural";2;0;0;1;0;1;1;2
83498515;"02/09/16";"Sexta";"15:30:00";"SC";101;"211,1";"PALHOCA";"Falta de atenção";"Colisão traseira";"Com Vítimas Feridas";"Pleno dia";"Crescente";"Ceu Claro";"Dupla";"Reta";"Urbano";2;0;1;0;1;0;1;2
83498516;"14/09/16";"Quarta";"23:40:00";"MT";364;"138,5";"PEDRA PRETA";"Falta de atenção";"Tombamento";"Sem Vítimas";"Plena noite";"Decrescente";"Ceu Claro";"Simples";"Curva";"Rural";1;0;0;0;1;0;0;1
83498517;"14/09/16";"Quarta";"23:40:00";"PE";101;"71,3";"RECIFE";"Outras";"Colisão lateral";"Com Vítimas Feridas";"Anoitecer";"Decrescente";"Ceu Claro";"Dupla";"Reta";"Urbano";2;0;2;0;0;0;2;2
83498518;"14/09/16";"Quarta";"23:00:00";"MS";267;"146,2";"NOVA ANDRADINA";"Animais na Pista";"Atropelamento de animal";"Com Vítimas Feridas";"Plena noite";"Decrescente";"Ceu Claro";"Simples";"Reta";"Rural";4;0;1;0;3;0;1;1
83498519;"15/09/16";"Quinta";"02:40:00";"PR";376;"115";"ALTO PARANA";"Ingestão de álcool";"Colisão traseira";"Sem Vítimas";"Plena noite";"Decrescente";"Ceu Claro";"Simples";"Reta";"Rural";2;0;0;0;1;1;0;2
83498520;"14/09/16";"Quarta";"11:30:00";"MG";40;"546";"NOVA LIMA";"Outras";"Saída de Pista";"Com Vítimas Fatais";"Pleno dia";"Decrescente";"Ceu Claro";"Dupla";"Reta";"Urbano";1;1;0;0;0;0;0;1
83498521;"10/09/16";"Sábado";"18:40:00";"RJ";116;"301,6";"RESENDE";"Outras";"Colisão traseira";"Com Vítimas Feridas";"Plena noite";"Decrescente";"Ceu Claro";"Dupla";"Reta";"Urbano";2;0;0;1;1;0;1;2
83498522;"14/09/16";"Quarta";"17:00:00";"GO";60;"47,5";"ABADIANIA";"Velocidade incompatível";"Colisão traseira";"Sem Vítimas";"Pleno dia";"Crescente";"Ceu Claro";"Dupla";"Reta";"Rural";2;0;0;0;2;0;0;2
83498523;"14/09/16";"Quarta";"19:30:00";"RN";101;"107,2";"PARNAMIRIM";"Falta de atenção";"Atropelamento de pessoa";"Com Vítimas Feridas";"Plena noite";"Crescente";"Ceu Claro";"Dupla";"Reta";"Urbano";2;0;1;1;0;0;2;1
83498524;"15/09/16";"Quinta";"00:20:00";"RJ";101;"315";"SAO GONCALO";"Outras";"Colisão traseira";"Com Vítimas Feridas";"Plena noite";"Decrescente";"Ceu Claro";"Dupla";"Reta";"Urbano";3;0;1;0;2;0;1;2
83498525;"15/09/16";"Quinta";"02:30:00";"CE";116;"446,5";"BARRO";"Animais na Pista";"Atropelamento de animal";"Com Vítimas Feridas";"Plena noite";"Crescente";"Ceu Claro";"Simples";"Reta";"Rural";1;0;0;1;0;0;1;1
83498526;"14/09/16";"Quarta";"13:00:00";"PR";277;"9";"PARANAGUA";"Outras";"Capotamento";"Com Vítimas Feridas";"Pleno dia";"Decrescente";"Sol";"Dupla";"Reta";"Rural";1;0;1;0;0;0;1;1
83498527;"14/09/16";"Quarta";"12:50:00";"GO";50;"205,8";"CAMPO ALEGRE DE GOIAS";"Falta de atenção";"Colisão traseira";"Com Vítimas Feridas";"Pleno dia";"Crescente";"Ceu Claro";"Simples";"Reta";"Rural";2;0;1;0;1;0;1;2
83498528;"15/09/16";"Quinta";"03:05:00";"PI";316;"6,8";"TERESINA";"Outras";"Danos Eventuais";"Ignorado";"Plena noite";"Decrescente";"Ceu Claro";"Simples";"Reta";"Urbano";1;0;0;0;0;1;0;1
83498529;"14/09/16";"Quarta";"21:00:00";"GO";60;"387";"RIO VERDE";"Outras";"Saída de Pista";"Sem Vítimas";"Plena noite";"Decrescente";"Ceu Claro";"Dupla";"Reta";"Urbano";1;0;0;0;1;0;0;1
83498530;"15/09/16";"Quinta";"04:40:00";"SP";116;"93";"PINDAMONHANGABA";"Outras";"Colisão traseira";"Com Vítimas Feridas";"Plena noite";"Decrescente";"Nublado";"Dupla";"Reta";"Rural";2;0;0;1;0;1;1;2
83498531;"14/09/16";"Quarta";"19:30:00";"MG";40;"682";"RESSAQUINHA";"Falta de atenção";"Colisão lateral";"Sem Vítimas";"Plena noite";"Decrescente";"Ignorada";"Simples";"Reta";"Urbano";2;0;0;0;2;0;0;2
83498532;"07/09/16";"Quarta";"22:20:00";"RJ";40;"86";"PETROPOLIS";"Outras";"Atropelamento de pessoa";"Com Vítimas Feridas";"Plena noite";"Decrescente";"Nevoeiro/neblina";"Simples";"Reta";"Rural";2;0;1;0;0;1;1;1
83498533;"14/09/16";"Quarta";"19:20:00";"PR";163;"274";"QUATRO PONTES";"Animais na Pista";"Atropelamento de animal";"Com Vítimas Feridas";"Plena noite";"Decrescente";"Ceu Claro";"Simples";"Reta";"Rural";1;0;1;0;0;0;1;1
83498534;"14/09/16";"Quarta";"23:30:00";"MG";459;"90,1";"CONGONHAL";"Outras";"Tombamento";"Sem Vítimas";"Plena noite";"Crescente";"Ceu Claro";"Simples";"Curva";"Rural";1;0;0;0;1;0;0;1
83498535;"11/09/16";"Domingo";"03:05:00";"TO";153;"691,1";"CARIRI DO TOCANTINS";"Ingestão de álcool";"Colisão lateral";"Com Vítimas Feridas";"Plena noite";"Decrescente";"Ceu Claro";"Simples";"Reta";"Urbano";3;0;2;0;1;0;2;2
83498536;"15/09/16";"Quinta";"05:54:00";"PR";376;"489,5";"PONTA GROSSA";"Dormindo";"Colisão traseira";"Com Vítimas Feridas";"Plena noite";"Decrescente";"Nublado";"Dupla";"Reta";"Urbano";2;0;1;0;1;0;1;2
83498537;"12/09/16";"Segunda";"00:10:00";"GO";40;"6,7";"VALPARAISO DE GOIAS";"Ingestão de álcool";"Capotamento";"Com Vítimas Feridas";"Plena noite";"Decrescente";"Ceu Claro";"Dupla";"Reta";"Urbano";2;0;1;0;1;0;1;1
83498538;"11/09/16";"Domingo";"00:15:00";"MG";459;"79,8";"CONGONHAL";"Animais na Pista";"Atropelamento de animal";"Sem Vítimas";"Plena noite";"Crescente";"Ceu Claro";"Simples";"Reta";"Rural";3;0;0;0;3;0;0;1
83498539;"15/09/16";"Quinta";"07:00:00";"SC";282;"502,5";"XANXERE";"Velocidade incompatível";"Tombamento";"Com Vítimas Feridas";"Pleno dia";"Crescente";"Ceu Claro";"Dupla";"Curva";"Urbano";2;0;0;1;1;0;1;2
83498540;"11/09/16";"Domingo";"10:50:00";"BA";116;"476";"ANTONIO CARDOSO";"Velocidade incompatível";"Colisão traseira";"Sem Vítimas";"Pleno dia";"Decrescente";"Sol";"Dupla";"Reta";"Urbano";2;0;0;0;2;0;0;2
83498541;"09/09/16";"Sexta";"19:00:00";"TO";153;"331";"GUARAI";"Falta de atenção";"Colisão Transversal";"Com Vítimas Feridas";"Anoitecer";"Decrescente";"Ceu Claro";"Simples";"Reta";"Urbano";3;0;2;0;1;0;2;2
83498542;"09/09/16";"Sexta";"21:00:00";"RJ";40;"72";"PETROPOLIS";"Velocidade incompatível";"Capotamento";"Com Vítimas Feridas";"Plena noite";"Decrescente";"Nublado";"Simples";"Curva";"Rural";1;0;1;0;0;0;1;1
83498543;"15/09/16";"Quinta";"01:30:00";"RJ";116;"196";"QUEIMADOS";"Outras";"Colisão lateral";"Com Vítimas Feridas";"Plena noite";"Crescente";"Ceu Claro";"Dupla";"Reta";"Rural";2;0;0;1;1;0;1;2
83498544;"17/07/16";"Domingo";"17:30:00";"RJ";101;"315";"SAO GONCALO";"Outras";"Atropelamento de pessoa";"Com Vítimas Fatais";"Anoitecer";"Decrescente";"Ceu Claro";"Dupla";"Reta";"Urbano";6;2;0;2;1;1;2;2
83498545;"10/09/16";"Sábado";"20:30:00";"MG";116;"707,5";"MURIAE";"Animais na Pista";"Atropelamento de animal";"Sem Vítimas";"Plena noite";"Decrescente";"Nublado";"Simples";"Curva";"Urbano";1;0;0;0;1;0;0;1
83498546;"15/09/16";"Quinta";"06:00:00";"MT";174;"15,9";"CACERES";"Ultrapassagem indevida";"Saída de Pista";"Sem Vítimas";"Amanhecer";"Crescente";"Ceu Claro";"Simples";"Reta";"Rural";1;0;0;0;1;0;0;1
83498547;"11/09/16";"Domingo";"15:45:00";"GO";153;"512";"APARECIDA DE GOIANIA";"Falta de atenção";"Colisão Transversal";"Com Vítimas Feridas";"Pleno dia";"Decrescente";"Ceu Claro";"Simples";"Reta";"Urbano";2;0;1;1;0;0;2;2
83498548;"10/09/16";"Sábado";"23:30:00";"RS";116;"263";"CANOAS";"Outras";"Colisão com objeto fixo";"Com Vítimas Fatais";"Plena noite";"Crescente";"Ceu Claro";"Múltipla";"Reta";"Urbano";5;1;1;0;3;0;1;2
83498549;"02/09/16";"Sexta";"06:00:00";"SP";116;"141";"SAO JOSE DOS CAMPOS";"Outras";"Capotamento";"Com Vítimas Feridas";"Amanhecer";"Crescente";"Ceu Claro";"Simples";"Reta";"Rural";1;0;1;0;0;0;1;1
83498550;"27/06/16";"Segunda";"16:30:00";"BA";101;"739";"ITABELA";"Falta de atenção";"Queda de motocicleta / bicicleta / veículo";"Com Vítimas Feridas";"Pleno dia";"Crescente";"Sol";"Múltipla";"Reta";"Rural";1;0;0;1;0;0;1;1
83498551;"11/09/16";"Domingo";"19:10:00";"RS";392;"2";"RIO GRANDE";"Desobediência à sinalização";"Colisão Transversal";"Sem Vítimas";"Plena noite";"Crescente";"Nublado";"Simples";"Cruzamento";"Rural";2;0;0;0;2;0;0;2
83498552;"11/09/16";"Domingo";"18:00:00";"MG";116;"693";"MURIAE";"Ultrapassagem indevida";"Colisão frontal";"Com Vítimas Fatais";"Anoitecer";"Crescente";"Ceu Claro";"Simples";"Reta";"Urbano";8;2;1;5;0;0;6;2
83498553;"11/09/16";"Domingo";"18:30:00";"SP";116;"128,8";"CACAPAVA";"Não guardar distância de segurança";"Queda de motocicleta / bicicleta / veículo";"Com Vítimas Feridas";"Anoitecer";"Crescente";"Ceu Claro";"Dupla";"Reta";"Urbano";1;0;1;0;0;0;1;1
83498554;"12/09/16";"Segunda";"04:00:00";"MT";364;"140";"PEDRA PRETA";"Animais na Pista";"Atropelamento de animal";"Sem Vítimas";"Plena noite";"Crescente";"Ceu Claro";"Simples";"Reta";"Rural";4;0;0;0;4;0;0;1
83498555;"03/09/16";"Sábado";"18:00:00";"ES";101;"269";"SERRA";"Desobediência à sinalização";"Colisão Transversal";"Com Vítimas Feridas";"Plena noite";"Crescente";"Ceu Claro";"Dupla";"Reta";"Urbano";3;0;1;1;1;0;2;2
83498556;"13/09/16";"Terça";"20:00:00";"MG";135;"636";"CURVELO";"Outras";"Colisão traseira";"Sem Vítimas";"Plena noite";"Decrescente";"Ceu Claro";"Simples";"Reta";"Rural";2;0;0;0;2;0;0;2
83498557;"12/09/16";"Segunda";"05:50:00";"RO";364;"703,9";"PORTO VELHO";"Animais na Pista";"Atropelamento de animal";"Sem Vítimas";"Plena noite";"Crescente";"Ceu Claro";"Dupla";"Reta";"Urbano";1;0;0;0;1;0;0;1
83498558;"15/09/16";"Quinta";"07:40:00";"RJ";116;"125";"MAGE";"Outras";"Saída de Pista";"Sem Vítimas";"Pleno dia";"Decrescente";"Ceu Claro";"Dupla";"Reta";"Rural";2;0;0;0;2;0;0;2
83498559;"12/09/16";"Segunda";"06:30:00";"SP";116;"53,6";"LORENA";"Outras";"Colisão traseira";"Com Vítimas Feridas";"Pleno dia";"Decrescente";"Ceu Claro";"Dupla";"Reta";"Rural";2;0;1;0;0;1;1;2
83498560;"11/09/16";"Domingo";"16:35:00";"MG";116;"680";"MURIAE";"Defeito na via";"Colisão com objeto fixo";"Sem Vítimas";"Pleno dia";"Decrescente";"Sol";"Simples";"Curva";"Rural";1;0;0;0;1;0;0;1
83498561;"11/09/16";"Domingo";"11:40:00";"MS";60;"599,3";"JARDIM";"Falta de atenção";"Colisão Transversal";"Com Vítimas Feridas";"Plena noite";"Crescente";"Ceu Claro";"Simples";"Reta";"Urbano";3;0;1;0;1;1;1;2
83498562;"06/09/16";"Terça";"20:20:00";"ES";101;"147";"LINHARES";"Falta de atenção";"Colisão Transversal";"Com Vítimas Feridas";"Plena noite";"Decrescente";"Ceu Claro";"Múltipla";"Cruzamento";"Urbano";3;0;2;0;1;0;2;2
83498563;"12/09/16";"Segunda";"05:05:00";"RS";290;"173,1";"BUTIA";"Outras";"Saída de Pista";"Com Vítimas Feridas";"Plena noite";"Decrescente";"Ceu Claro";"Simples";"Reta";"Rural";2;0;1;0;1;0;1;1
83498564;"14/09/16";"Quarta";"05:30:00";"BA";135;"156";"RIACHAO DAS NEVES";"Defeito mecânico em veículo";"Colisão com objeto fixo";"Sem Vítimas";"Amanhecer";"Crescente";"Ceu Claro";"Simples";"Reta";"Rural";2;0;0;0;2;0;0;2
83498565;"15/09/16";"Quinta";"08:00:00";"CE";20;"410,7";"CAUCAIA";"Falta de atenção";"Colisão Transversal";"Com Vítimas Feridas";"Pleno dia";"Crescente";"Sol";"Simples";"Reta";"Urbano";2;0;1;0;1;0;1;2
83498566;"07/09/16";"Quarta";"16:00:00";"RJ";116;"262";"BARRA MANSA";"Outras";"Colisão lateral";"Sem Vítimas";"Pleno dia";"Decrescente";"Nublado";"Dupla";"Reta";"Rural";2;0;0;0;2;0;0;2
83498567;"03/09/16";"Sábado";"07:20:00";"MG";251;"301,7";"SALINAS";"Outras";"Colisão traseira";"Com Vítimas Feridas";"Pleno dia";"Crescente";"Ceu Claro";"Simples";"Reta";"Rural";5;0;2;0;3;0;2;3
83498568;"15/09/16";"Quinta";"08:15:00";"PR";277;"111";"CAMPO LARGO";"Velocidade incompatível";"Colisão traseira";"Com Vítimas Feridas";"Pleno dia";"Decrescente";"Sol";"Dupla";"Curva";"Urbano";2;0;1;0;1;0;1;2
83498569;"15/09/16";"Quinta";"00:50:00";"MT";163;"823";"SINOP";"Falta de atenção";"Colisão traseira";"Sem Vítimas";"Plena noite";"Crescente";"Ceu Claro";"Simples";"Reta";"Urbano";2;0;0;0;2;0;0;2
83498571;"15/09/16";"Quinta";"07:15:00";"SC";470;"11";"NAVEGANTES";"Falta de atenção";"Atropelamento de pessoa";"Com Vítimas Feridas";"Pleno dia";"Decrescente";"Ceu Claro";"Simples";"Reta";"Urbano";2;0;2;0;0;0;2;1
83498572;"12/09/16";"Segunda";"08:15:00";"CE";304;"44";"ARACATI";"Outras";"Colisão lateral";"Sem Vítimas";"Pleno dia";"Decrescente";"Ceu Claro";"Simples";"Reta";"Rural";4;0;0;0;4;0;0;2
83498573;"12/09/16";"Segunda";"00:20:00";"PR";376;"323,1";"ORTIGUEIRA";"Velocidade incompatível";"Tombamento";"Sem Vítimas";"Plena noite";"Decrescente";"Ceu Claro";"Simples";"Curva";"Rural";1;0;0;0;1;0;0;1
83498574;"11/09/16";"Domingo";"22:45:00";"MG";381;"929";"ITAPEVA";"Velocidade incompatível";"Tombamento";"Sem Vítimas";"Plena noite";"Crescente";"Ceu Claro";"Dupla";"Curva";"Rural";1;0;0;0;1;0;0;1
83498575;"11/09/16";"Domingo";"21:15:00";"PR";116;"173";"QUITANDINHA";"Ingestão de álcool";"Colisão lateral";"Com Vítimas Feridas";"Plena noite";"Crescente";"Ceu Claro";"Simples";"Reta";"Rural";2;0;1;0;1;0;1;2
83498576;"15/09/16";"Quinta";"07:30:00";"PR";376;"182";"SARANDI";"Outras";"Colisão com objeto fixo";"Com Vítimas Feridas";"Pleno dia";"Crescente";"Ceu Claro";"Dupla";"Reta";"Urbano";1;0;0;1;0;0;1;1
83498577;"03/09/16";"Sábado";"22:00:00";"RN";304;"82,9";"ASSU";"Ingestão de álcool";"Colisão frontal";"Com Vítimas Feridas";"Plena noite";"Crescente";"Ceu Claro";"Simples";"Reta";"Rural";5;0;3;2;0;0;5;2