"id";"data_inversa";"dia_semana";"horario";"uf";"br";"km";"municipio";"causa_acidente";"tipo_acidente";"classificacao_acidente";"fase_dia";"sentido_via";"condicao_metereologica";"tipo_pista";"tracado_via";"uso_solo";"pessoas";"mortos";"feridos_leves";"feridos_graves";"ilesos";"ignorados";"feridos";"veiculos"
83498805;"12/09/16";"Segunda";"03:00:00";"MG";116;"575,9";"MANHUACU";"Dormindo";"Capotamento";"Com Vítimas Feridas";"Amanhecer";"Decrescente";"Ceu Claro";"Simples";"Reta";"Rural";1;0;1;0;0;0;1;1
83498806;"12/09/16";"Segunda";"21:45:00";"GO";153;"495,9";"GOIANIA";"Falta de atenção";"Colisão traseira";"Sem Vítimas";"Plena noite";"Decrescente";"Ceu Claro";"Dupla";"Reta";"Urbano";2;0;0;0;2;0;0;2
83498807;"16/09/16";"Sexta";"05:05:00";"BA";116;"865";"VITORIA DA CONQUISTA";"Dormindo";"Tombamento";"Com Vítimas Feridas";"Plena noite";"Crescente";"Ceu Claro";"Simples";"Reta";"Rural";1;0;1;0;0;0;1;1
83498808;"19/03/16";"Sábado";"15:00:00";"MG";40;"517";"RIBEIRAO DAS NEVES";"Outras";"Colisão lateral";"Com Vítimas Feridas";"Pleno dia";"Decrescente";"Ceu Claro";"Dupla";"Reta";"Urbano";3;0;2;0;1;0;2;2
83498809;"04/09/16";"Domingo";"10:30:00";"SC";101;"110";"NAVEGANTES";"Outras";"Saída de Pista";"Sem Vítimas";"Pleno dia";"Decrescente";"Ceu Claro";"Dupla";"Curva";"Urbano";1;0;0;0;1;0;0;1
83498810;"08/09/16";"Quinta";"14:30:00";"MT";364;"75,4";"ALTO GARCAS";"Falta de atenção";"Tombamento";"Sem Vítimas";"Pleno dia";"Decrescente";"Ceu Claro";"Simples";"Reta";"Rural";1;0;0;0;1;0;0;1
83498811;"16/09/16";"Sexta";"09:30:00";"RS";101;"33,2";"TRES CACHOEIRAS";"Velocidade incompatível";"Saída de Pista";"Sem Vítimas";"Pleno dia";"Crescente";"Ceu Claro";"Dupla";"Reta";"Rural";1;0;0;0;1;0;0;1
83498812;"15/09/16";"Quinta";"10:33:00";"PR";158;"520";"PATO BRANCO";"Velocidade incompatível";"Capotamento";"Com Vítimas Feridas";"Pleno dia";"Decrescente";"Sol";"Simples";"Reta";"Urbano";2;0;1;0;1;0;1;2
83498813;"09/09/16";"Sexta";"19:20:00";"GO";60;"49,9";"ABADIANIA";"Outras";"Capotamento";"Com Vítimas Feridas";"Plena noite";"Crescente";"Ceu Claro";"Dupla";"Reta";"Rural";3;0;2;1;0;0;3;1
83498814;"12/09/16";"Segunda";"11:20:00";"MG";40;"553,8";"NOVA LIMA";"Outras";"Saída de Pista";"Com Vítimas Feridas";"Pleno dia";"Crescente";"Ceu Claro";"Dupla";"Reta";"Urbano";2;0;2;0;0;0;2;1
83498815;"13/08/16";"Sábado";"17:30:00";"PI";343;"2,8";"TERESINA";"Desobediência à sinalização";"Colisão traseira";"Com Vítimas Feridas";"Pleno dia";"Crescente";"Sol";"Dupla";"Cruzamento";"Urbano";2;0;1;0;1;0;1;2
83498816;"16/09/16";"Sexta";"08:40:00";"MG";116;"427,5";"ALPERCATA";"Falta de atenção";"Colisão Transversal";"Com Vítimas Feridas";"Pleno dia";"Crescente";"Nublado";"Simples";"Reta";"Rural";2;0;1;0;1;0;1;2
83498817;"16/09/16";"Sexta";"09:30:00";"RS";386;"373,1";"TAQUARI";"Não guardar distância de segurança";"Colisão traseira";"Sem Vítimas";"Pleno dia";"Crescente";"Sol";"Dupla";"Reta";"Rural";2;0;0;0;2;0;0;2
83498818;"10/09/16";"Sábado";"16:50:00";"SC";101;"63,6";"ARAQUARI";"Velocidade incompatível";"Capotamento";"Com Vítimas Feridas";"Pleno dia";"Crescente";"Ceu Claro";"Dupla";"Curva";"Rural";2;0;0;1;0;1;1;1
83498819;"14/09/16";"Quarta";"18:50:00";"CE";20;"361";"MARANGUAPE";"Ingestão de álcool";"Colisão frontal";"Com Vítimas Feridas";"Plena noite";"Crescente";"Ceu Claro";"Simples";"Reta";"Rural";4;0;2;1;1;0;3;3
83498820;"16/09/16";"Sexta";"08:18:00";"TO";153;"137";"ARAGUAINA";"Outras";"Colisão lateral";"Sem Vítimas";"Pleno dia";"Decrescente";"Sol";"Dupla";"Curva";"Urbano";2;0;0;0;2;0;0;2
83498821;"16/09/16";"Sexta";"09:30:00";"RS";386;"254";"SOLEDADE";"Falta de atenção";"Colisão traseira";"Com Vítimas Feridas";"Pleno dia";"Crescente";"Ceu Claro";"Simples";"Reta";"Rural";8;0;3;1;4;0;4;4
83498822;"09/03/16";"Quarta";"07:30:00";"SC";101;"111";"NAVEGANTES";"Falta de atenção";"Queda de motocicleta / bicicleta / veículo";"Com Vítimas Feridas";"Pleno dia";"Decrescente";"Sol";"Dupla";"Cruzamento";"Urbano";1;0;0;1;0;0;1;1
83498823;"13/09/16";"Terça";"22:00:00";"RJ";356;"134,7";"CAMPOS DOS GOYTACAZES";"Falta de atenção";"Colisão traseira";"Sem Vítimas";"Plena noite";"Crescente";"Ceu Claro";"Simples";"Reta";"Urbano";2;0;0;0;2;0;0;2
83498824;"11/09/16";"Domingo";"16:00:00";"PR";280;"293";"FLOR DA SERRA DO SUL";"Desobediência à sinalização";"Colisão frontal";"Com Vítimas Feridas";"Pleno dia";"Decrescente";"Ceu Claro";"Simples";"Reta";"Urbano";2;0;1;0;0;1;1;2
83498825;"13/09/16";"Terça";"01:00:00";"PA";163;"940";"BELTERRA";"Falta de atenção";"Atropelamento de pessoa";"Com Vítimas Feridas";"Plena noite";"Decrescente";"Ceu Claro";"Simples";"Reta";"Rural";2;0;0;1;0;1;1;1
83498826;"11/09/16";"Domingo";"14:25:00";"MG";40;"475,3";"SETE LAGOAS";"Dormindo";"Colisão traseira";"Com Vítimas Feridas";"Pleno dia";"Decrescente";"Ceu Claro";"Múltipla";"Reta";"Rural";3;0;1;1;1;0;2;2
83498827;"14/09/16";"Quarta";"21:10:00";"MT";364;"446";"VARZEA GRANDE";"Falta de atenção";"Colisão traseira";"Sem Vítimas";"Plena noite";"Decrescente";"Ceu Claro";"Simples";"Reta";"Rural";4;0;0;0;4;0;0;2
83498828;"13/09/16";"Terça";"19:45:00";"SP";488;"0,9";"APARECIDA";"Falta de atenção";"Atropelamento de pessoa";"Com Vítimas Feridas";"Plena noite";"Crescente";"Ceu Claro";"Dupla";"Reta";"Urbano";2;0;2;0;0;0;2;1
83498829;"04/06/16";"Sábado";"23:15:00";"RN";304;"33,4";"MOSSORO";"Outras";"Queda de motocicleta / bicicleta / veículo";"Com Vítimas Feridas";"Plena noite";"Decrescente";"Ceu Claro";"Dupla";"Reta";"Urbano";1;0;1;0;0;0;1;1
83498830;"13/09/16";"Terça";"05:30:00";"DF";20;"20";"BRASILIA";"Outras";"Capotamento";"Com Vítimas Feridas";"Amanhecer";"Decrescente";"Ceu Claro";"Dupla";"Reta";"Urbano";1;0;1;0;0;0;1;1
83498831;"15/09/16";"Quinta";"19:00:00";"PA";230;"120";"MARABA";"Falta de atenção";"Colisão traseira";"Com Vítimas Feridas";"Plena noite";"Crescente";"Ceu Claro";"Dupla";"Reta";"Urbano";3;0;1;1;1;0;2;2
83498832;"16/09/16";"Sexta";"08:00:00";"MG";116;"416";"GOVERNADOR VALADARES";"Outras";"Colisão traseira";"Com Vítimas Feridas";"Pleno dia";"Decrescente";"Ceu Claro";"Simples";"Reta";"Urbano";2;0;0;1;0;1;1;2
83498833;"16/09/16";"Sexta";"08:00:00";"SC";101;"200";"SAO JOSE";"Falta de atenção";"Colisão lateral";"Com Vítimas Feridas";"Pleno dia";"Decrescente";"Nublado";"Dupla";"Reta";"Urbano";2;0;0;1;1;0;1;2
83498834;"16/09/16";"Sexta";"09:20:00";"CE";222;"122";"ITAPAGE";"Falta de atenção";"Colisão frontal";"Com Vítimas Feridas";"Pleno dia";"Decrescente";"Ceu Claro";"Simples";"Reta";"Urbano";3;0;1;1;1;0;2;2
83498835;"11/09/16";"Domingo";"06:40:00";"BA";242;"357";"PALMEIRAS";"Outras";"Saída de Pista";"Com Vítimas Feridas";"Amanhecer";"Decrescente";"Nublado";"Dupla";"Curva";"Rural";2;0;1;0;1;0;1;1
83498836;"16/09/16";"Sexta";"09:00:00";"MS";267;"481,1";"JARDIM";"Outras";"Colisão traseira";"Sem Vítimas";"Pleno dia";"Decrescente";"Ceu Claro";"Simples";"Cruzamento";"Urbano";2;0;0;0;2;0;0;2
83498837;"16/09/16";"Sexta";"07:00:00";"MG";365;"17";"MONTES CLAROS";"Ingestão de álcool";"Tombamento";"Sem Vítimas";"Pleno dia";"Crescente";"Ceu Claro";"Simples";"Reta";"Rural";1;0;0;0;1;0;0;1
83498838;"15/09/16";"Quinta";"00:15:00";"PR";116;"35";"CAMPINA GRANDE DO SUL";"Velocidade incompatível";"Tombamento";"Sem Vítimas";"Plena noite";"Decrescente";"Ceu Claro";"Dupla";"Reta";"Rural";1;0;0;0;1;0;0;1
83498839;"16/09/16";"Sexta";"09:50:00";"RN";427;"0,1";"CURRAIS NOVOS";"Falta de atenção";"Colisão traseira";"Sem Vítimas";"Pleno dia";"Decrescente";"Ceu Claro";"Simples";"Reta";"Urbano";3;0;0;0;3;0;0;3
83498840;"16/09/16";"Sexta";"08:05:00";"PR";277;"726,5";"FOZ DO IGUACU";"Falta de atenção";"Colisão Transversal";"Com Vítimas Feridas";"Pleno dia";"Crescente";"Ceu Claro";"Dupla";"Cruzamento";"Urbano";2;0;1;0;1;0;1;2
83498841;"14/09/16";"Quarta";"15:00:00";"PI";135;"292";"CRISTINO CASTRO";"Defeito na via";"Tombamento";"Sem Vítimas";"Pleno dia";"Crescente";"Sol";"Simples";"Reta";"Rural";1;0;0;0;1;0;0;1
83498842;"16/09/16";"Sexta";"03:30:00";"MG";40;"515";"RIBEIRAO DAS NEVES";"Defeito mecânico em veículo";"Saída de Pista";"Sem Vítimas";"Amanhecer";"Crescente";"Ceu Claro";"Dupla";"Reta";"Rural";1;0;0;0;1;0;0;1
83498843;"16/09/16";"Sexta";"11:05:00";"PB";230;"29,9";"JOAO PESSOA";"Falta de atenção";"Colisão traseira";"Com Vítimas Feridas";"Pleno dia";"Crescente";"Nublado";"Dupla";"Curva";"Urbano";2;0;1;0;0;1;1;2
83498844;"10/09/16";"Sábado";"19:30:00";"SP";153;"24,3";"NOVA GRANADA";"Outras";"Tombamento";"Com Vítimas Feridas";"Plena noite";"Decrescente";"Ceu Claro";"Simples";"Reta";"Rural";1;0;1;0;0;0;1;1
83498845;"16/09/16";"Sexta";"06:20:00";"AL";423;"95";"DELMIRO GOUVEIA";"Dormindo";"Colisão frontal";"Com Vítimas Fatais";"Pleno dia";"Decrescente";"Ceu Claro";"Simples";"Reta";"Rural";2;1;0;0;1;0;0;2
83498846;"16/09/16";"Sexta";"07:45:00";"SP";153;"72";"SAO JOSE DO RIO PRETO";"Não guardar distância de segurança";"Colisão traseira";"Com Vítimas Feridas";"Pleno dia";"Decrescente";"Sol";"Simples";"Reta";"Rural";4;0;2;0;1;1;2;3
83498847;"16/09/16";"Sexta";"07:40:00";"SC";282;"17";"PALHOCA";"Falta de atenção";"Colisão Transversal";"Com Vítimas Feridas";"Pleno dia";"Crescente";"Ceu Claro";"Simples";"Reta";"Urbano";3;0;2;0;1;0;2;2
83498848;"16/09/16";"Sexta";"10:20:00";"MG";116;"592,9";"MANHUACU";"Velocidade incompatível";"Saída de Pista";"Sem Vítimas";"Pleno dia";"Decrescente";"Nublado";"Simples";"Curva";"Rural";1;0;0;0;1;0;0;1
83498849;"16/09/16";"Sexta";"08:00:00";"SC";101;"279,8";"IMBITUBA";"Falta de atenção";"Capotamento";"Com Vítimas Feridas";"Pleno dia";"Crescente";"Ceu Claro";"Dupla";"Reta";"Urbano";4;0;2;2;0;0;4;1
83498850;"27/08/16";"Sábado";"12:45:00";"SE";101;"132";"ESTANCIA";"Velocidade incompatível";"Capotamento";"Sem Vítimas";"Pleno dia";"Decrescente";"Chuva";"Dupla";"Reta";"Rural";1;0;0;0;1;0;0;1
83498851;"16/09/16";"Sexta";"10:00:00";"RS";158;"157,9";"PANAMBI";"Falta de atenção";"Colisão Transversal";"Sem Vítimas";"Pleno dia";"Decrescente";"Sol";"Simples";"Cruzamento";"Urbano";2;0;0;0;2;0;0;2
83498852;"08/09/16";"Quinta";"13:15:00";"RN";406;"103,4";"JOAO CAMARA";"Desobediência à sinalização";"Colisão Transversal";"Com Vítimas Feridas";"Pleno dia";"Crescente";"Sol";"Simples";"Reta";"Urbano";2;0;1;0;1;0;1;2
83498853;"14/09/16";"Quarta";"08:40:00";"BA";324;"618";"SALVADOR";"Outras";"Colisão lateral";"Com Vítimas Feridas";"Pleno dia";"Crescente";"Ceu Claro";"Dupla";"Reta";"Urbano";3;0;1;0;2;0;1;2
83498854;"16/09/16";"Sexta";"10:40:00";"SP";116;"293";"ITAPECERICA DA SERRA";"Outras";"Saída de Pista";"Sem Vítimas";"Pleno dia";"Decrescente";"Nublado";"Dupla";"Reta";"Rural";1;0;0;0;1;0;0;1
83498855;"05/09/16";"Segunda";"05:15:00";"PR";116;"28";"CAMPINA GRANDE DO SUL";"Outras";"Tombamento";"Sem Vítimas";"Amanhecer";"Decrescente";"Nevoeiro/neblina";"Simples";"Curva";"Rural";1;0;0;0;1;0;0;1
83498856;"23/08/16";"Terça";"08:50:00";"SP";116;"272,8";"TABOAO DA SERRA";"Falta de atenção";"Colisão lateral";"Com Vítimas Feridas";"Pleno dia";"Crescente";"Nublado";"Dupla";"Curva";"Urbano";2;0;1;0;1;0;1;2
83498857;"16/09/16";"Sexta";"13:00:00";"RS";158;"322,2";"SANTA MARIA";"Falta de atenção";"Colisão Transversal";"Com Vítimas Feridas";"Pleno dia";"Crescente";"Sol";"Simples";"Cruzamento";"Urbano";2;0;1;0;1;0;1;2
83498859;"14/09/16";"Quarta";"23:50:00";"PE";232;"65,8";"GRAVATA";"Dormindo";"Colisão traseira";"Sem Vítimas";"Plena noite";"Crescente";"Ceu Claro";"Dupla";"Reta";"Rural";2;0;0;0;2;0;0;2
83498860;"13/09/16";"Terça";"07:10:00";"RJ";465;"20";"SEROPEDICA";"Outras";"Atropelamento de pessoa";"Com Vítimas Feridas";"Amanhecer";"Crescente";"Ceu Claro";"Simples";"Reta";"Urbano";2;0;1;0;1;0;1;1
83498861;"15/09/16";"Quinta";"16:00:00";"BA";324;"589,7";"CANDEIAS";"Velocidade incompatível";"Capotamento";"Ignorado";"Pleno dia";"Decrescente";"Sol";"Dupla";"Reta";"Rural";1;0;0;0;0;1;0;1
83498862;"16/09/16";"Sexta";"11:50:00";"MG";116;"529,9";"CARATINGA";"Outras";"Colisão lateral";"Com Vítimas Feridas";"Pleno dia";"Crescente";"Ceu Claro";"Simples";"Reta";"Urbano";2;0;1;0;1;0;1;2
83498863;"11/09/16";"Domingo";"06:10:00";"SP";153;"39,7";"ONDA VERDE";"Ingestão de álcool";"Colisão Transversal";"Com Vítimas Feridas";"Pleno dia";"Decrescente";"Ceu Claro";"Simples";"Reta";"Rural";5;0;4;1;0;0;5;2
83498864;"16/09/16";"Sexta";"07:40:00";"AL";316;"265,5";"SATUBA";"Desobediência à sinalização";"Queda de motocicleta / bicicleta / veículo";"Com Vítimas Feridas";"Pleno dia";"Crescente";"Sol";"Simples";"Curva";"Rural";2;0;2;0;0;0;2;1
83498865;"11/09/16";"Domingo";"19:00:00";"AL";104;"5";"SAO JOSE DA LAJE";"Outras";"Saída de Pista";"Com Vítimas Feridas";"Plena noite";"Decrescente";"Chuva";"Simples";"Curva";"Rural";2;0;1;0;0;1;1;1
83498866;"16/09/16";"Sexta";"10:55:00";"RS";470;"225,6";"GARIBALDI";"Falta de atenção";"Colisão Transversal";"Com Vítimas Feridas";"Pleno dia";"Crescente";"Ceu Claro";"Simples";"Reta";"Urbano";2;0;2;0;0;0;2;2
83498867;"16/09/16";"Sexta";"07:30:00";"PB";230;"504,8";"CAJAZEIRAS";"Falta de atenção";"Colisão Transversal";"Com Vítimas Feridas";"Pleno dia";"Decrescente";"Ceu Claro";"Simples";"Curva";"Urbano";3;0;2;0;1;0;2;2
83498868;"16/09/16";"Sexta";"11:55:00";"SC";480;"124";"CHAPECO";"Desobediência à sinalização";"Colisão Transversal";"Com Vítimas Feridas";"Pleno dia";"Crescente";"Sol";"Simples";"Reta";"Urbano";2;0;1;0;1;0;1;2
83498869;"12/09/16";"Segunda";"17:25:00";"RS";158;"326,1";"SANTA MARIA";"Falta de atenção";"Colisão lateral";"Sem Vítimas";"Anoitecer";"Decrescente";"Ceu Claro";"Dupla";"Cruzamento";"Urbano";2;0;0;0;2;0;0;2
83498870;"13/09/16";"Terça";"00:05:00";"MS";262;"750,7";"CORUMBA";"Animais na Pista";"Atropelamento de animal";"Sem Vítimas";"Plena noite";"Decrescente";"Ceu Claro";"Simples";"Reta";"Rural";2;0;0;0;2;0;0;1
83498871;"13/09/16";"Terça";"08:20:00";"SP";116;"145";"SAO JOSE DOS CAMPOS";"Não guardar distância de segurança";"Colisão lateral";"Com Vítimas Feridas";"Pleno dia";"Crescente";"Ceu Claro";"Dupla";"Reta";"Rural";2;0;1;0;0;1;1;2
83498872;"16/09/16";"Sexta";"10:45:00";"MG";153;"6";"ARAPORA";"Dormindo";"Tombamento";"Sem Vítimas";"Pleno dia";"Decrescente";"Ceu Claro";"Dupla";"Reta";"Rural";1;0;0;0;1;0;0;1
83498873;"14/07/16";"Quinta";"14:30:00";"RN";405;"2,2";"MOSSORO";"Falta de atenção";"Colisão Transversal";"Com Vítimas Feridas";"Pleno dia";"Decrescente";"Sol";"Dupla";"Reta";"Urbano";2;0;0;1;1;0;1;2
83498874;"13/09/16";"Terça";"00:40:00";"RJ";465;"4";"SEROPEDICA";"Ingestão de álcool";"Colisão com bicicleta";"Com Vítimas Feridas";"Plena noite";"Decrescente";"Ceu Claro";"Simples";"Reta";"Urbano";2;0;1;0;1;0;1;2
83498875;"16/09/16";"Sexta";"13:10:00";"GO";40;"10";"LUZIANIA";"Ultrapassagem indevida";"Atropelamento de pessoa";"Com Vítimas Feridas";"Pleno dia";"Crescente";"Sol";"Dupla";"Reta";"Urbano";2;0;1;0;0;1;1;1
83498876;"16/09/16";"Sexta";"14:25:00";"PE";316;"321";"FLORESTA";"Falta de atenção";"Saída de Pista";"Sem Vítimas";"Pleno dia";"Crescente";"Ceu Claro";"Simples";"Reta";"Rural";1;0;0;0;1;0;0;1
83498877;"16/09/16";"Sexta";"07:40:00";"RJ";101;"443";"MANGARATIBA";"Velocidade incompatível";"Colisão frontal";"Com Vítimas Feridas";"Pleno dia";"Crescente";"Chuva";"Simples";"Curva";"Rural";3;0;1;0;2;0;1;2
83498878;"16/09/16";"Sexta";"08:00:00";"MT";70;"514";"VARZEA GRANDE";"Desobediência à sinalização";"Colisão Transversal";"Com Vítimas Feridas";"Pleno dia";"Crescente";"Sol";"Simples";"Reta";"Urbano";2;0;1;0;1;0;1;2
83498879;"16/09/16";"Sexta";"13:45:00";"SC";280;"54,9";"GUARAMIRIM";"Falta de atenção";"Colisão traseira";"Com Vítimas Feridas";"Pleno dia";"Crescente";"Ceu Claro";"Simples";"Reta";"Urbano";2;0;1;0;1;0;1;2
83498880;"31/05/16";"Terça";"09:00:00";"MT";70;"642";"CACERES";"Outras";"Colisão traseira";"Sem Vítimas";"Pleno dia";"Crescente";"Chuva";"Simples";"Curva";"Rural";3;0;0;0;3;0;0;3
83498882;"16/09/16";"Sexta";"12:30:00";"RS";158;"78,7";"BOA VISTA DAS MISSOES";"Velocidade incompatível";"Colisão traseira";"Sem Vítimas";"Pleno dia";"Crescente";"Ceu Claro";"Simples";"Reta";"Rural";2;0;0;0;2;0;0;2
83498883;"11/09/16";"Domingo";"00:50:00";"SP";116;"223";"GUARULHOS";"Não guardar distância de segurança";"Colisão traseira";"Com Vítimas Feridas";"Plena noite";"Decrescente";"Ceu Claro";"Múltipla";"Reta";"Urbano";2;0;1;0;1;0;1;2
83498884;"16/09/16";"Sexta";"13:00:00";"PR";376;"216";"MANDAGUARI";"Defeito mecânico em veículo";"Capotamento";"Com Vítimas Feridas";"Pleno dia";"Decrescente";"Ceu Claro";"Dupla";"Reta";"Urbano";3;0;3;0;0;0;3;1
83498885;"12/09/16";"Segunda";"17:10:00";"PR";376;"644";"TIJUCAS DO SUL";"Falta de atenção";"Colisão Transversal";"Com Vítimas Feridas";"Pleno dia";"Decrescente";"Ceu Claro";"Dupla";"Reta";"Rural";2;0;1;0;1;0;1;2
83498886;"16/09/16";"Sexta";"14:00:00";"SC";153;"99,4";"CONCORDIA";"Falta de atenção";"Colisão Transversal";"Com Vítimas Feridas";"Pleno dia";"Decrescente";"Sol";"Simples";"Reta";"Urbano";2;0;1;0;1;0;1;2
83498887;"16/09/16";"Sexta";"06:20:00";"GO";414;"273";"NOVA GLORIA";"Desobediência à sinalização";"Saída de Pista";"Com Vítimas Feridas";"Amanhecer";"Decrescente";"Ceu Claro";"Simples";"Curva";"Rural";3;0;3;0;0;0;3;1
83498888;"15/09/16";"Quinta";"07:30:00";"SC";101;"151,1";"ITAPEMA";"Desobediência à sinalização";"Colisão Transversal";"Com Vítimas Feridas";"Pleno dia";"Decrescente";"Ceu Claro";"Simples";"Cruzamento";"Urbano";2;0;1;0;1;0;1;2
83498889;"16/09/16";"Sexta";"11:15:00";"MS";163;"611,5";"SAO GABRIEL DO OESTE";"Ingestão de álcool";"Saída de Pista";"Sem Vítimas";"Pleno dia";"Crescente";"Ceu Claro";"Simples";"Reta";"Rural";1;0;0;0;1;0;0;1
83498890;"16/09/16";"Sexta";"06:40:00";"GO";40;"7";"LUZIANIA";"Falta de atenção";"Colisão traseira";"Com Vítimas Feridas";"Pleno dia";"Decrescente";"Ceu Claro";"Dupla";"Reta";"Urbano";2;0;1;0;1;0;1;2
83498891;"16/09/16";"Sexta";"14:00:00";"PR";469;"1,5";"FOZ DO IGUACU";"Falta de atenção";"Colisão Transversal";"Sem Vítimas";"Pleno dia";"Crescente";"Ceu Claro";"Simples";"Reta";"Urbano";2;0;0;0;2;0;0;2
83498892;"15/09/16";"Quinta";"08:05:00";"SP";116;"208";"GUARULHOS";"Velocidade incompatível";"Colisão traseira";"Sem Vítimas";"Pleno dia";"Crescente";"Ceu Claro";"Múltipla";"Reta";"Urbano";2;0;0;0;2;0;0;2
83498893;"16/09/16";"Sexta";"08:05:00";"AP";156;"301";"PORTO GRANDE";"Velocidade incompatível";"Saída de Pista";"Com Vítimas Feridas";"Pleno dia";"Decrescente";"Sol";"Simples";"Curva";"Rural";1;0;1;0;0;0;1;1
83498895;"12/09/16";"Segunda";"21:50:00";"PA";316;"8";"ANANINDEUA";"Falta de atenção";"Atropelamento de pessoa";"Com Vítimas Feridas";"Plena noite";"Crescente";"Ceu Claro";"Dupla";"Reta";"Urbano";2;0;1;0;1;0;1;1
83498896;"16/09/16";"Sexta";"14:10:00";"PA";316;"62";"CASTANHAL";"Outras";"Colisão Transversal";"Com Vítimas Feridas";"Pleno dia";"Decrescente";"Ceu Claro";"Dupla";"Reta";"Urbano";2;0;0;1;1;0;1;2
83498897;"16/09/16";"Sexta";"12:00:00";"SC";470;"56,7";"BLUMENAU";"Outras";"Incêndio";"Sem Vítimas";"Pleno dia";"Decrescente";"Ceu Claro";"Simples";"Reta";"Urbano";1;0;0;0;1;0;0;1
83498898;"16/09/16";"Sexta";"13:30:00";"PA";316;"18";"MARITUBA";"Desobediência à sinalização";"Colisão Transversal";"Com Vítimas Feridas";"Pleno dia";"Decrescente";"Sol";"Dupla";"Reta";"Rural";3;0;2;0;1;0;2;2
83498899;"16/09/16";"Sexta";"08:10:00";"MG";365;"622";"UBERLANDIA";"Outras";"Colisão traseira";"Com Vítimas Feridas";"Pleno dia";"Decrescente";"Ceu Claro";"Dupla";"Reta";"Urbano";3;0;2;0;1;0;2;2
83498900;"16/09/16";"Sexta";"10:30:00";"PA";316;"16";"MARITUBA";"Desobediência à sinalização";"Colisão Transversal";"Sem Vítimas";"Pleno dia";"Crescente";"Sol";"Dupla";"Reta";"Rural";2;0;0;0;2;0;0;2
83498901;"15/09/16";"Quinta";"13:30:00";"SP";116;"208";"GUARULHOS";"Não guardar distância de segurança";"Colisão lateral";"Sem Vítimas";"Pleno dia";"Crescente";"Ceu Claro";"Múltipla";"Reta";"Urbano";2;0;0;0;2;0;0;2
83498902;"16/09/16";"Sexta";"13:30:00";"MG";116;"273,2";"TEOFILO OTONI";"Falta de atenção";"Colisão Transversal";"Com Vítimas Feridas";"Pleno dia";"Decrescente";"Nublado";"Simples";"Reta";"Rural";2;0;1;0;1;0;1;2
83498903;"16/09/16";"Sexta";"16:00:00";"RJ";40;"109";"DUQUE DE CAXIAS";"Falta de atenção";"Colisão lateral";"Sem Vítimas";"Pleno dia";"Decrescente";"Nublado";"Dupla";"Reta";"Urbano";2;0;0;0;2;0;0;2
83498904;"16/09/16";"Sexta";"09:28:00";"GO";364;"29,9";"PARANAIGUARA";"Ultrapassagem indevida";"Colisão lateral";"Com Vítimas Fatais";"Pleno dia";"Crescente";"Ceu Claro";"Simples";"Reta";"Rural";2;1;0;0;1;0;0;2
83498905;"16/09/16";"Sexta";"14:00:00";"SC";470;"3";"NAVEGANTES";"Desobediência à sinalização";"Colisão Transversal";"Com Vítimas Feridas";"Pleno dia";"Decrescente";"Sol";"Simples";"Reta";"Urbano";2;0;1;0;1;0;1;2
83498906;"13/09/16";"Terça";"07:20:00";"GO";153;"667,7";"GOIATUBA";"Outras";"Tombamento";"Com Vítimas Feridas";"Amanhecer";"Crescente";"Ceu Claro";"Dupla";"Curva";"Rural";1;0;1;0;0;0;1;1
83498907;"12/09/16";"Segunda";"01:10:00";"MA";135;"50,6";"BACABEIRA";"Ingestão de álcool";"Colisão frontal";"Com Vítimas Feridas";"Plena noite";"Crescente";"Ceu Claro";"Simples";"Reta";"Urbano";3;0;1;0;2;0;1;2
83498908;"16/09/16";"Sexta";"06:30:00";"SP";116;"210";"GUARULHOS";"Outras";"Colisão com objeto fixo";"Com Vítimas Feridas";"Pleno dia";"Decrescente";"Nublado";"Dupla";"Cruzamento";"Urbano";1;0;1;0;0;0;1;1
83498909;"16/09/16";"Sexta";"14:00:00";"SC";163;"113,7";"GUARUJA DO SUL";"Falta de atenção";"Colisão lateral";"Sem Vítimas";"Pleno dia";"Crescente";"Ceu Claro";"Simples";"Reta";"Rural";5;0;0;0;5;0;0;2
83498910;"16/09/16";"Sexta";"14:15:00";"CE";222;"303";"TIANGUA";"Defeito mecânico em veículo";"Tombamento";"Sem Vítimas";"Pleno dia";"Crescente";"Ceu Claro";"Simples";"Curva";"Rural";1;0;0;0;1;0;0;1
83498911;"16/09/16";"Sexta";"12:15:00";"PR";476;"128";"CURITIBA";"Falta de atenção";"Colisão traseira";"Com Vítimas Feridas";"Pleno dia";"Decrescente";"Ceu Claro";"Dupla";"Curva";"Urbano";4;0;1;0;3;0;1;3
83498912;"12/09/16";"Segunda";"18:20:00";"MG";40;"523";"CONTAGEM";"Defeito mecânico em veículo";"Queda de motocicleta / bicicleta / veículo";"Com Vítimas Feridas";"Anoitecer";"Decrescente";"Ceu Claro";"Dupla";"Curva";"Urbano";2;0;1;1;0;0;2;1
83498913;"16/09/16";"Sexta";"16:30:00";"RS";386;"166,8";"CARAZINHO";"Não guardar distância de segurança";"Colisão traseira";"Sem Vítimas";"Pleno dia";"Decrescente";"Ceu Claro";"Simples";"Reta";"Rural";2;0;0;0;2;0;0;2
83498914;"16/09/16";"Sexta";"15:30:00";"RJ";393;"289";"VOLTA REDONDA";"Falta de atenção";"Atropelamento de pessoa";"Com Vítimas Feridas";"Pleno dia";"Decrescente";"Nublado";"Dupla";"Reta";"Urbano";2;0;2;0;0;0;2;1
83498915;"12/09/16";"Segunda";"07:30:00";"ES";101;"66";"SAO MATEUS";"Falta de atenção";"Colisão traseira";"Com Vítimas Feridas";"Pleno dia";"Crescente";"Ceu Claro";"Simples";"Reta";"Urbano";3;0;1;1;0;1;2;2