"id";"data_inversa";"dia_semana";"horario";"uf";"br";"km";"municipio";"causa_acidente";"tipo_acidente";"classificacao_acidente";"fase_dia";"sentido_via";"condicao_metereologica";"tipo_pista";"tracado_via";"uso_solo";"pessoas";"mortos";"feridos_leves";"feridos_graves";"ilesos";"ignorados";"feridos";"veiculos"
83499027;"16/09/16";"Sexta";"19:30:00";"ES";101;"298,5";"VIANA";"Não guardar distância de segurança";"Colisão traseira";"Com Vítimas Feridas";"Plena noite";"Decrescente";"Ceu Claro";"Múltipla";"Reta";"Urbano";2;0;0;1;1;0;1;2
83499028;"12/09/16";"Segunda";"22:15:00";"SE";101;"131,8";"ESTANCIA";"Falta de atenção";"Colisão com objeto fixo";"Sem Vítimas";"Plena noite";"Crescente";"Ceu Claro";"Dupla";"Reta";"Rural";2;0;0;0;2;0;0;2
83499029;"16/09/16";"Sexta";"20:40:00";"MG";381;"442";"SABARA";"Outras";"Atropelamento de pessoa";"Com Vítimas Fatais";"Plena noite";"Crescente";"Ceu Claro";"Simples";"Reta";"Rural";2;1;0;0;1;0;0;1
83499030;"16/09/16";"Sexta";"14:10:00";"MA";135;"7,6";"SAO LUIS";"Defeito mecânico em veículo";"Colisão Transversal";"Sem Vítimas";"Pleno dia";"Crescente";"Sol";"Dupla";"Reta";"Urbano";2;0;0;0;2;0;0;2
83499031;"16/09/16";"Sexta";"21:00:00";"GO";50;"98,8";"CRISTALINA";"Outras";"Colisão Transversal";"Sem Vítimas";"Plena noite";"Crescente";"Ceu Claro";"Simples";"Reta";"Urbano";2;0;0;0;2;0;0;2
83499032;"17/09/16";"Sábado";"02:20:00";"SC";101;"215";"PALHOCA";"Outras";"Colisão com objeto fixo";"Com Vítimas Fatais";"Plena noite";"Crescente";"Ceu Claro";"Múltipla";"Reta";"Urbano";1;1;0;0;0;0;0;1
83499033;"17/09/16";"Sábado";"02:45:00";"PA";316;"2";"ANANINDEUA";"Ingestão de álcool";"Queda de motocicleta / bicicleta / veículo";"Com Vítimas Feridas";"Plena noite";"Crescente";"Ceu Claro";"Dupla";"Reta";"Urbano";1;0;0;1;0;0;1;1
83499034;"16/09/16";"Sexta";"19:00:00";"BA";110;"240";"OLINDINA";"Outras";"Colisão lateral";"Sem Vítimas";"Plena noite";"Crescente";"Ceu Claro";"Simples";"Reta";"Rural";2;0;0;0;2;0;0;2
83499035;"16/09/16";"Sexta";"20:35:00";"BA";116;"3";"VITORIA DA CONQUISTA";"Falta de atenção";"Queda de motocicleta / bicicleta / veículo";"Com Vítimas Feridas";"Plena noite";"Decrescente";"Ceu Claro";"Simples";"Curva";"Rural";1;0;1;0;0;0;1;1
83499036;"17/09/16";"Sábado";"02:30:00";"SC";101;"219";"PALHOCA";"Outras";"Saída de Pista";"Ignorado";"Plena noite";"Decrescente";"Nublado";"Dupla";"Reta";"Urbano";1;0;0;0;0;1;0;1
83499038;"17/09/16";"Sábado";"02:30:00";"SC";101;"14,3";"GARUVA";"Ingestão de álcool";"Saída de Pista";"Sem Vítimas";"Plena noite";"Decrescente";"Nublado";"Dupla";"Reta";"Rural";1;0;0;0;1;0;0;1
83499039;"16/09/16";"Sexta";"20:45:00";"GO";60;"30,7";"ALEXANIA";"Ingestão de álcool";"Atropelamento de pessoa";"Com Vítimas Fatais";"Plena noite";"Decrescente";"Ceu Claro";"Dupla";"Reta";"Urbano";2;1;0;0;0;1;0;1
83499040;"17/09/16";"Sábado";"02:40:00";"RS";116;"379,6";"CAMAQUA";"Defeito mecânico em veículo";"Colisão traseira";"Sem Vítimas";"Plena noite";"Crescente";"Ceu Claro";"Simples";"Reta";"Rural";2;0;0;0;2;0;0;2
83499042;"16/09/16";"Sexta";"22:20:00";"BA";324;"512";"FEIRA DE SANTANA";"Falta de atenção";"Atropelamento de pessoa";"Com Vítimas Feridas";"Plena noite";"Decrescente";"Ceu Claro";"Simples";"Reta";"Urbano";2;0;0;1;1;0;1;1
83499043;"16/09/16";"Sexta";"19:30:00";"MA";10;"207,5";"IMPERATRIZ";"Dormindo";"Colisão traseira";"Com Vítimas Feridas";"Anoitecer";"Decrescente";"Ceu Claro";"Simples";"Reta";"Rural";4;0;2;0;2;0;2;3
83499044;"16/09/16";"Sexta";"20:30:00";"TO";153;"133";"ARAGUAINA";"Falta de atenção";"Atropelamento de pessoa";"Com Vítimas Fatais";"Plena noite";"Crescente";"Ceu Claro";"Dupla";"Reta";"Urbano";3;1;0;0;2;0;0;1
83499045;"16/09/16";"Sexta";"12:30:00";"MA";10;"255";"IMPERATRIZ";"Desobediência à sinalização";"Colisão lateral";"Com Vítimas Feridas";"Pleno dia";"Crescente";"Ceu Claro";"Simples";"Reta";"Urbano";2;0;1;0;1;0;1;2
83499046;"17/09/16";"Sábado";"01:09:00";"SC";101;"196";"BIGUACU";"Falta de atenção";"Colisão traseira";"Com Vítimas Feridas";"Plena noite";"Decrescente";"Nublado";"Dupla";"Reta";"Urbano";2;0;0;1;1;0;1;2
83499047;"16/09/16";"Sexta";"17:55:00";"AL";316;"246,5";"ATALAIA";"Falta de atenção";"Colisão com bicicleta";"Com Vítimas Feridas";"Anoitecer";"Crescente";"Ceu Claro";"Simples";"Reta";"Rural";2;0;1;0;1;0;1;2
83499048;"17/09/16";"Sábado";"03:50:00";"PR";376;"533";"PALMEIRA";"Outras";"Saída de Pista";"Com Vítimas Feridas";"Plena noite";"Crescente";"Ceu Claro";"Dupla";"Reta";"Rural";1;0;1;0;0;0;1;1
83499049;"16/09/16";"Sexta";"21:10:00";"RS";472;"574";"URUGUAIANA";"Falta de atenção";"Colisão Transversal";"Com Vítimas Feridas";"Plena noite";"Decrescente";"Ceu Claro";"Simples";"Cruzamento";"Urbano";2;0;0;1;1;0;1;2
83499050;"16/09/16";"Sexta";"19:00:00";"PB";405;"32";"SAO JOAO DO RIO DO PEIXE";"Falta de atenção";"Colisão traseira";"Com Vítimas Feridas";"Plena noite";"Crescente";"Ceu Claro";"Simples";"Reta";"Urbano";3;0;3;0;0;0;3;2
83499051;"16/09/16";"Sexta";"21:40:00";"GO";153;"39";"PORANGATU";"Outras";"Capotamento";"Com Vítimas Feridas";"Plena noite";"Decrescente";"Ceu Claro";"Simples";"Reta";"Rural";3;0;2;0;1;0;2;2
83499052;"16/09/16";"Sexta";"22:45:00";"PR";277;"300";"PRUDENTOPOLIS";"Ultrapassagem indevida";"Saída de Pista";"Com Vítimas Feridas";"Plena noite";"Crescente";"Ceu Claro";"Simples";"Reta";"Rural";3;0;2;0;1;0;2;1
83499053;"16/09/16";"Sexta";"22:20:00";"ES";262;"2,6";"CARIACICA";"Não guardar distância de segurança";"Colisão traseira";"Com Vítimas Feridas";"Plena noite";"Decrescente";"Nublado";"Múltipla";"Reta";"Urbano";2;0;1;0;1;0;1;2
83499054;"17/09/16";"Sábado";"04:20:00";"PA";316;"8";"ANANINDEUA";"Dormindo";"Colisão com objeto fixo";"Com Vítimas Feridas";"Amanhecer";"Crescente";"Ceu Claro";"Dupla";"Reta";"Urbano";1;0;0;1;0;0;1;1
83499055;"16/09/16";"Sexta";"18:00:00";"GO";153;"371";"JARAGUA";"Não guardar distância de segurança";"Colisão traseira";"Com Vítimas Feridas";"Pleno dia";"Crescente";"Ceu Claro";"Simples";"Reta";"Rural";3;0;1;0;2;0;1;3
83499056;"20/08/16";"Sábado";"20:20:00";"PR";376;"5";"APUCARANA";"Desobediência à sinalização";"Colisão Transversal";"Com Vítimas Feridas";"Plena noite";"Crescente";"Chuva";"Simples";"Cruzamento";"Urbano";4;0;2;1;1;0;3;2
83499057;"17/09/16";"Sábado";"03:45:00";"RJ";116;"282,7";"BARRA MANSA";"Outras";"Capotamento";"Com Vítimas Feridas";"Plena noite";"Decrescente";"Chuva";"Dupla";"Curva";"Rural";1;0;1;0;0;0;1;1
83499058;"16/09/16";"Sexta";"11:30:00";"MS";163;"210";"CAARAPO";"Falta de atenção";"Saída de Pista";"Sem Vítimas";"Pleno dia";"Crescente";"Sol";"Simples";"Reta";"Urbano";3;0;0;0;3;0;0;2
83499059;"16/09/16";"Sexta";"23:19:00";"RJ";116;"286,9";"BARRA MANSA";"Outras";"Capotamento";"Sem Vítimas";"Plena noite";"Crescente";"Nublado";"Dupla";"Curva";"Urbano";1;0;0;0;1;0;0;1
83499060;"17/09/16";"Sábado";"04:25:00";"MG";116;"710,6";"MURIAE";"Velocidade incompatível";"Tombamento";"Com Vítimas Feridas";"Plena noite";"Decrescente";"Ceu Claro";"Simples";"Curva";"Rural";1;0;0;1;0;0;1;1
83499061;"16/09/16";"Sexta";"20:48:00";"RO";319;"52";"PORTO VELHO";"Outras";"Colisão frontal";"Com Vítimas Feridas";"Plena noite";"Crescente";"Ceu Claro";"Simples";"Reta";"Rural";3;0;0;1;2;0;1;2
83499062;"16/09/16";"Sexta";"01:50:00";"RS";448;"0";"SAPUCAIA DO SUL";"Outras";"Colisão traseira";"Ignorado";"Plena noite";"Decrescente";"Ceu Claro";"Dupla";"Reta";"Urbano";2;0;0;0;0;2;0;2
83499063;"17/09/16";"Sábado";"04:50:00";"SC";101;"9,5";"GARUVA";"Outras";"Saída de Pista";"Com Vítimas Feridas";"Plena noite";"Decrescente";"Ceu Claro";"Dupla";"Reta";"Rural";3;0;0;3;0;0;3;1
83499064;"16/09/16";"Sexta";"07:00:00";"PE";104;"65,5";"CARUARU";"Outras";"Colisão traseira";"Sem Vítimas";"Pleno dia";"Crescente";"Ceu Claro";"Dupla";"Reta";"Urbano";2;0;0;0;1;1;0;2
83499065;"16/09/16";"Sexta";"22:10:00";"MG";381;"875,4";"ESTIVA";"Dormindo";"Colisão traseira";"Com Vítimas Feridas";"Plena noite";"Decrescente";"Chuva";"Simples";"Reta";"Rural";3;0;0;1;2;0;1;2
83499066;"16/09/16";"Sexta";"15:50:00";"ES";259;"45,3";"COLATINA";"Outras";"Colisão traseira";"Sem Vítimas";"Pleno dia";"Crescente";"Ignorada";"Simples";"Cruzamento";"Urbano";2;0;0;0;1;1;0;2
83499067;"12/09/16";"Segunda";"07:20:00";"BA";324;"624";"SALVADOR";"Defeito mecânico em veículo";"Queda de motocicleta / bicicleta / veículo";"Com Vítimas Feridas";"Pleno dia";"Crescente";"Ceu Claro";"Múltipla";"Reta";"Urbano";2;0;2;0;0;0;2;1
83499068;"16/09/16";"Sexta";"09:00:00";"MA";10;"254";"IMPERATRIZ";"Falta de atenção";"Colisão Transversal";"Com Vítimas Feridas";"Pleno dia";"Crescente";"Sol";"Simples";"Cruzamento";"Urbano";2;0;1;0;1;0;1;2
83499069;"15/06/16";"Quarta";"06:40:00";"RN";405;"3";"MOSSORO";"Desobediência à sinalização";"Colisão Transversal";"Com Vítimas Feridas";"Pleno dia";"Decrescente";"Sol";"Simples";"Reta";"Urbano";3;0;1;1;0;1;2;2
83499070;"14/09/16";"Quarta";"14:20:00";"SP";116;"133,3";"CACAPAVA";"Defeito mecânico em veículo";"Colisão com objeto móvel";"Sem Vítimas";"Pleno dia";"Crescente";"Sol";"Dupla";"Reta";"Urbano";2;0;0;0;2;0;0;2
83499071;"16/09/16";"Sexta";"20:30:00";"RS";293;"65,6";"PIRATINI";"Outras";"Atropelamento de animal";"Sem Vítimas";"Plena noite";"Crescente";"Ceu Claro";"Simples";"Reta";"Rural";1;0;0;0;1;0;0;1
83499072;"17/09/16";"Sábado";"00:05:00";"RO";364;"20";"VILHENA";"Ingestão de álcool";"Colisão traseira";"Sem Vítimas";"Plena noite";"Crescente";"Ceu Claro";"Simples";"Reta";"Rural";2;0;0;0;2;0;0;2
83499073;"17/09/16";"Sábado";"04:00:00";"MG";267;"52,5";"MARIPA DE MINAS";"Dormindo";"Incêndio";"Sem Vítimas";"Plena noite";"Decrescente";"Ceu Claro";"Simples";"Curva";"Rural";1;0;0;0;1;0;0;1
83499074;"17/09/16";"Sábado";"05:00:00";"RS";290;"283,1";"CACHOEIRA DO SUL";"Falta de atenção";"Colisão Transversal";"Sem Vítimas";"Plena noite";"Decrescente";"Ceu Claro";"Simples";"Reta";"Rural";2;0;0;0;2;0;0;2
83499075;"13/09/16";"Terça";"10:00:00";"GO";60;"163";"GOIANIA";"Falta de atenção";"Colisão traseira";"Com Vítimas Feridas";"Pleno dia";"Decrescente";"Sol";"Dupla";"Reta";"Urbano";2;0;0;1;1;0;1;2
83499076;"17/09/16";"Sábado";"02:15:00";"MG";381;"589";"CARMOPOLIS DE MINAS";"Velocidade incompatível";"Colisão com objeto fixo";"Com Vítimas Feridas";"Plena noite";"Decrescente";"Ceu Claro";"Simples";"Curva";"Urbano";3;0;2;1;0;0;3;1
83499077;"16/09/16";"Sexta";"19:30:00";"ES";262;"111";"VENDA NOVA DO IMIGRANTE";"Velocidade incompatível";"Colisão frontal";"Com Vítimas Feridas";"Plena noite";"Crescente";"Chuva";"Simples";"Reta";"Rural";2;0;0;1;1;0;1;2
83499078;"17/09/16";"Sábado";"06:30:00";"ES";101;"142,9";"LINHARES";"Outras";"Colisão traseira";"Com Vítimas Feridas";"Amanhecer";"Decrescente";"Ceu Claro";"Múltipla";"Reta";"Urbano";2;0;0;1;0;1;1;2
83499079;"17/09/16";"Sábado";"05:50:00";"RJ";40;"82";"PETROPOLIS";"Outras";"Atropelamento de pessoa";"Com Vítimas Feridas";"Amanhecer";"Crescente";"Nevoeiro/neblina";"Simples";"Curva";"Urbano";2;0;1;0;0;1;1;1
83499080;"17/09/16";"Sábado";"07:25:00";"SC";116;"1,8";"MAFRA";"Falta de atenção";"Colisão traseira";"Com Vítimas Feridas";"Pleno dia";"Crescente";"Nublado";"Simples";"Reta";"Urbano";2;0;0;1;1;0;1;2
83499081;"05/09/16";"Segunda";"15:00:00";"PE";232;"10";"JABOATAO DOS GUARARAPES";"Outras";"Colisão traseira";"Com Vítimas Feridas";"Pleno dia";"Decrescente";"Ceu Claro";"Simples";"Reta";"Urbano";2;0;1;0;1;0;1;2
83499082;"16/09/16";"Sexta";"14:45:00";"RJ";116;"168";"SAO JOAO DE MERITI";"Falta de atenção";"Colisão lateral";"Com Vítimas Feridas";"Pleno dia";"Crescente";"Nublado";"Múltipla";"Reta";"Urbano";3;0;2;0;1;0;2;2
83499083;"16/09/16";"Sexta";"23:00:00";"RJ";40;"122";"DUQUE DE CAXIAS";"Outras";"Atropelamento de pessoa";"Com Vítimas Feridas";"Plena noite";"Decrescente";"Ceu Claro";"Simples";"Reta";"Urbano";2;0;0;2;0;0;2;1
83499084;"17/09/16";"Sábado";"06:30:00";"MS";163;"266,9";"DOURADOS";"Ingestão de álcool";"Colisão com objeto fixo";"Sem Vítimas";"Pleno dia";"Decrescente";"Sol";"Dupla";"Reta";"Urbano";2;0;0;0;2;0;0;1
83499085;"17/09/16";"Sábado";"07:05:00";"SC";101;"1";"GARUVA";"Velocidade incompatível";"Colisão com objeto fixo";"Sem Vítimas";"Pleno dia";"Crescente";"Sol";"Dupla";"Reta";"Rural";2;0;0;0;2;0;0;2
83499086;"17/09/16";"Sábado";"07:45:00";"RS";386;"344,6";"LAJEADO";"Ultrapassagem indevida";"Colisão lateral";"Com Vítimas Feridas";"Pleno dia";"Crescente";"Sol";"Dupla";"Reta";"Urbano";3;0;2;0;0;1;2;2
83499087;"16/09/16";"Sexta";"17:30:00";"SP";116;"224,2";"GUARULHOS";"Falta de atenção";"Colisão lateral";"Com Vítimas Feridas";"Pleno dia";"Decrescente";"Ceu Claro";"Múltipla";"Reta";"Urbano";4;0;2;0;2;0;2;3
83499088;"13/09/16";"Terça";"23:40:00";"SP";381;"33";"ATIBAIA";"Falta de atenção";"Colisão traseira";"Sem Vítimas";"Plena noite";"Crescente";"Ceu Claro";"Dupla";"Reta";"Rural";2;0;0;0;1;1;0;2
83499089;"17/09/16";"Sábado";"06:30:00";"RJ";40;"111";"DUQUE DE CAXIAS";"Outras";"Colisão lateral";"Sem Vítimas";"Pleno dia";"Crescente";"Nublado";"Múltipla";"Reta";"Urbano";3;0;0;0;3;0;0;3
83499090;"13/09/16";"Terça";"11:00:00";"SP";381;"72,9";"SAO PAULO";"Outras";"Capotamento";"Sem Vítimas";"Pleno dia";"Crescente";"Sol";"Dupla";"Curva";"Rural";1;0;0;0;1;0;0;1
83499091;"17/09/16";"Sábado";"05:40:00";"RS";116;"306,8";"GUAIBA";"Ultrapassagem indevida";"Colisão frontal";"Com Vítimas Feridas";"Amanhecer";"Decrescente";"Nublado";"Simples";"Reta";"Rural";4;0;3;0;1;0;3;3
83499092;"13/09/16";"Terça";"22:30:00";"MG";135;"650";"CURVELO";"Animais na Pista";"Atropelamento de animal";"Com Vítimas Feridas";"Plena noite";"Crescente";"Nublado";"Simples";"Reta";"Rural";1;0;1;0;0;0;1;1
83499093;"11/09/16";"Domingo";"11:00:00";"DF";20;"41";"BRASILIA";"Falta de atenção";"Capotamento";"Com Vítimas Feridas";"Pleno dia";"Decrescente";"Ceu Claro";"Dupla";"Reta";"Rural";4;0;3;0;1;0;3;1
83499094;"13/09/16";"Terça";"16:15:00";"PR";376;"599";"CURITIBA";"Não guardar distância de segurança";"Colisão traseira";"Sem Vítimas";"Pleno dia";"Decrescente";"Nublado";"Dupla";"Reta";"Urbano";3;0;0;0;2;1;0;3
83499095;"14/09/16";"Quarta";"08:00:00";"MG";135;"616,3";"CURVELO";"Não guardar distância de segurança";"Colisão traseira";"Sem Vítimas";"Pleno dia";"Decrescente";"Ceu Claro";"Simples";"Reta";"Rural";2;0;0;0;2;0;0;2
83499096;"14/09/16";"Quarta";"19:00:00";"BA";101;"909";"NOVA VICOSA";"Outras";"Colisão frontal";"Com Vítimas Feridas";"Plena noite";"Crescente";"Ceu Claro";"Simples";"Reta";"Rural";2;0;0;1;1;0;1;2
83499097;"14/09/16";"Quarta";"04:40:00";"MG";381;"821,9";"CAREACU";"Dormindo";"Saída de Pista";"Sem Vítimas";"Plena noite";"Decrescente";"Ignorada";"Dupla";"Curva";"Rural";1;0;0;0;1;0;0;1
83499098;"17/09/16";"Sábado";"06:00:00";"SP";116;"187";"SANTA ISABEL";"Falta de atenção";"Colisão traseira";"Com Vítimas Feridas";"Amanhecer";"Decrescente";"Nublado";"Dupla";"Reta";"Rural";3;0;3;0;0;0;3;2
83499099;"15/09/16";"Quinta";"01:00:00";"MG";153;"120";"PRATA";"Falta de atenção";"Colisão traseira";"Sem Vítimas";"Plena noite";"Decrescente";"Ceu Claro";"Simples";"Reta";"Rural";2;0;0;0;2;0;0;2
83499100;"15/09/16";"Quinta";"08:00:00";"GO";70;"1";"AGUAS LINDAS DE GOIAS";"Outras";"Colisão frontal";"Com Vítimas Fatais";"Pleno dia";"Decrescente";"Ceu Claro";"Múltipla";"Curva";"Rural";6;1;0;5;0;0;5;2
83499101;"17/09/16";"Sábado";"04:30:00";"BA";101;"718";"EUNAPOLIS";"Falta de atenção";"Colisão Transversal";"Com Vítimas Fatais";"Plena noite";"Decrescente";"Nublado";"Simples";"Cruzamento";"Urbano";2;1;0;0;0;1;0;2
83499102;"15/09/16";"Quinta";"03:20:00";"MG";365;"695";"MONTE ALEGRE DE MINAS";"Animais na Pista";"Atropelamento de animal";"Sem Vítimas";"Plena noite";"Decrescente";"Ceu Claro";"Dupla";"Reta";"Rural";1;0;0;0;1;0;0;1
83499103;"14/09/16";"Quarta";"05:10:00";"BA";110;"63,2";"JEREMOABO";"Animais na Pista";"Colisão frontal";"Com Vítimas Fatais";"Amanhecer";"Decrescente";"Nublado";"Simples";"Reta";"Rural";2;1;1;0;0;0;1;2
83499104;"17/09/16";"Sábado";"06:50:00";"RS";287;"238,5";"SANTA MARIA";"Outras";"Saída de Pista";"Ignorado";"Amanhecer";"Decrescente";"Nevoeiro/neblina";"Simples";"Reta";"Urbano";1;0;0;0;0;1;0;1
83499105;"17/09/16";"Sábado";"08:00:00";"SP";116;"22,2";"LAVRINHAS";"Outras";"Colisão com objeto fixo";"Sem Vítimas";"Pleno dia";"Crescente";"Sol";"Dupla";"Curva";"Rural";2;0;0;0;2;0;0;1
83499106;"13/09/16";"Terça";"17:30:00";"SP";116;"347";"MIRACATU";"Defeito mecânico em veículo";"Colisão traseira";"Sem Vítimas";"Anoitecer";"Crescente";"Nublado";"Dupla";"Reta";"Rural";2;0;0;0;2;0;0;2
83499107;"06/09/16";"Terça";"13:30:00";"MT";70;"1";"BARRA DO GARCAS";"Falta de atenção";"Danos Eventuais";"Com Vítimas Feridas";"Pleno dia";"Crescente";"Ceu Claro";"Simples";"Reta";"Urbano";1;0;1;0;0;0;1;1
83499108;"17/09/16";"Sábado";"06:00:00";"PE";101;"90";"CABO DE SANTO AGOSTINHO";"Ingestão de álcool";"Saída de Pista";"Com Vítimas Feridas";"Pleno dia";"Crescente";"Ceu Claro";"Simples";"Reta";"Urbano";3;0;0;1;1;1;1;1
83499109;"14/09/16";"Quarta";"05:15:00";"MG";50;"99";"UBERLANDIA";"Dormindo";"Colisão traseira";"Sem Vítimas";"Amanhecer";"Decrescente";"Nublado";"Dupla";"Reta";"Rural";2;0;0;0;2;0;0;2
83499110;"17/09/16";"Sábado";"07:45:00";"PR";376;"174,2";"MARINGA";"Desobediência à sinalização";"Colisão Transversal";"Com Vítimas Feridas";"Pleno dia";"Decrescente";"Nublado";"Dupla";"Cruzamento";"Urbano";2;0;1;0;1;0;1;2
83499111;"17/09/16";"Sábado";"08:15:00";"PR";376;"182";"MARINGA";"Falta de atenção";"Colisão lateral";"Com Vítimas Feridas";"Pleno dia";"Decrescente";"Nublado";"Dupla";"Cruzamento";"Urbano";3;0;2;0;1;0;2;2
83499112;"13/08/16";"Sábado";"18:30:00";"SP";116;"346,5";"MIRACATU";"Velocidade incompatível";"Colisão com objeto fixo";"Sem Vítimas";"Anoitecer";"Crescente";"Nublado";"Dupla";"Curva";"Urbano";1;0;0;0;1;0;0;1
83499113;"17/09/16";"Sábado";"08:40:00";"PR";376;"591,3";"CURITIBA";"Velocidade incompatível";"Saída de Pista";"Ignorado";"Pleno dia";"Crescente";"Ceu Claro";"Dupla";"Reta";"Rural";1;0;0;0;0;1;0;1
83499114;"30/06/16";"Quinta";"15:20:00";"SC";101;"211,5";"SAO JOSE";"Desobediência à sinalização";"Colisão com bicicleta";"Com Vítimas Feridas";"Pleno dia";"Crescente";"Ceu Claro";"Dupla";"Reta";"Urbano";2;0;0;1;1;0;1;2
83499115;"17/09/16";"Sábado";"10:30:00";"SC";282;"512,3";"XAXIM";"Falta de atenção";"Colisão traseira";"Sem Vítimas";"Pleno dia";"Decrescente";"Ceu Claro";"Simples";"Reta";"Rural";2;0;0;0;2;0;0;2
83499116;"16/09/16";"Sexta";"07:40:00";"RJ";116;"168";"SAO JOAO DE MERITI";"Falta de atenção";"Colisão traseira";"Com Vítimas Feridas";"Pleno dia";"Decrescente";"Nublado";"Múltipla";"Reta";"Urbano";3;0;1;0;2;0;1;3
83499117;"17/09/16";"Sábado";"07:00:00";"RJ";393;"199";"PARAIBA DO SUL";"Ultrapassagem indevida";"Colisão Transversal";"Com Vítimas Feridas";"Pleno dia";"Decrescente";"Nublado";"Simples";"Curva";"Rural";4;0;3;0;1;0;3;3
83499119;"17/09/16";"Sábado";"08:30:00";"SC";101;"32,8";"JOINVILLE";"Ingestão de álcool";"Colisão traseira";"Com Vítimas Feridas";"Pleno dia";"Decrescente";"Ceu Claro";"Dupla";"Reta";"Urbano";2;0;1;0;1;0;1;2
83499120;"17/09/16";"Sábado";"08:00:00";"PE";232;"5,8";"RECIFE";"Outras";"Colisão lateral";"Com Vítimas Feridas";"Pleno dia";"Decrescente";"Ceu Claro";"Dupla";"Reta";"Urbano";3;0;3;0;0;0;3;2
83499121;"17/09/16";"Sábado";"07:50:00";"RJ";116;"168";"SAO JOAO DE MERITI";"Falta de atenção";"Colisão lateral";"Com Vítimas Feridas";"Pleno dia";"Decrescente";"Nublado";"Múltipla";"Reta";"Urbano";4;0;1;0;2;1;1;4
83499122;"14/09/16";"Quarta";"07:00:00";"MG";50;"161,1";"UBERABA";"Velocidade incompatível";"Saída de Pista";"Com Vítimas Feridas";"Pleno dia";"Crescente";"Ceu Claro";"Dupla";"Cruzamento";"Rural";1;0;1;0;0;0;1;1
83499123;"17/09/16";"Sábado";"10:15:00";"MG";251;"518";"MONTES CLAROS";"Não guardar distância de segurança";"Queda de motocicleta / bicicleta / veículo";"Com Vítimas Feridas";"Pleno dia";"Crescente";"Ceu Claro";"Simples";"Reta";"Rural";1;0;1;0;0;0;1;1
83499124;"17/09/16";"Sábado";"11:50:00";"SC";470;"52,4";"BLUMENAU";"Outras";"Colisão traseira";"Com Vítimas Feridas";"Pleno dia";"Decrescente";"Nublado";"Simples";"Reta";"Urbano";2;0;1;0;1;0;1;2
83499125;"17/09/16";"Sábado";"10:00:00";"RS";158;"212,6";"CRUZ ALTA";"Defeito mecânico em veículo";"Saída de Pista";"Sem Vítimas";"Pleno dia";"Decrescente";"Sol";"Simples";"Curva";"Rural";1;0;0;0;1;0;0;1
83499126;"17/09/16";"Sábado";"08:50:00";"MG";267;"21,4";"LEOPOLDINA";"Falta de atenção";"Saída de Pista";"Com Vítimas Feridas";"Pleno dia";"Crescente";"Nublado";"Simples";"Curva";"Rural";5;0;4;0;1;0;4;1
83499127;"17/09/16";"Sábado";"11:00:00";"SP";116;"486";"CAJATI";"Falta de atenção";"Tombamento";"Com Vítimas Feridas";"Pleno dia";"Crescente";"Nublado";"Dupla";"Reta";"Rural";2;0;1;0;1;0;1;1
83499128;"17/09/16";"Sábado";"10:50:00";"MT";70;"503";"CUIABA";"Falta de atenção";"Capotamento";"Sem Vítimas";"Pleno dia";"Decrescente";"Ceu Claro";"Simples";"Reta";"Rural";2;0;0;0;2;0;0;2
83499129;"17/09/16";"Sábado";"10:00:00";"MG";153;"59";"MONTE ALEGRE DE MINAS";"Velocidade incompatível";"Colisão traseira";"Com Vítimas Feridas";"Pleno dia";"Decrescente";"Ceu Claro";"Simples";"Reta";"Rural";2;0;2;0;0;0;2;2
83499130;"17/09/16";"Sábado";"08:15:00";"RJ";116;"59,9";"TERESOPOLIS";"Outras";"Colisão com objeto fixo";"Sem Vítimas";"Pleno dia";"Crescente";"Chuva";"Simples";"Curva";"Rural";1;0;0;0;1;0;0;1
83499131;"17/09/16";"Sábado";"10:40:00";"MG";262;"717";"ARAXA";"Outras";"Queda de motocicleta / bicicleta / veículo";"Com Vítimas Feridas";"Pleno dia";"Crescente";"Ceu Claro";"Simples";"Reta";"Rural";1;0;1;0;0;0;1;1
83499132;"17/09/16";"Sábado";"11:14:00";"MG";116;"510,1";"UBAPORANGA";"Dormindo";"Tombamento";"Sem Vítimas";"Pleno dia";"Decrescente";"Ceu Claro";"Simples";"Curva";"Urbano";1;0;0;0;1;0;0;1
83499133;"17/09/16";"Sábado";"08:05:00";"PR";277;"726,5";"FOZ DO IGUACU";"Falta de atenção";"Colisão Transversal";"Com Vítimas Feridas";"Pleno dia";"Decrescente";"Sol";"Dupla";"Cruzamento";"Urbano";3;0;1;0;2;0;1;2
83499134;"11/09/16";"Domingo";"05:00:00";"PB";230;"420";"POMBAL";"Animais na Pista";"Atropelamento de animal";"Com Vítimas Feridas";"Pleno dia";"Decrescente";"Ceu Claro";"Simples";"Reta";"Rural";1;0;1;0;0;0;1;1
83499135;"17/09/16";"Sábado";"08:30:00";"PB";434;"10,2";"POCO DANTAS";"Falta de atenção";"Colisão Transversal";"Com Vítimas Feridas";"Pleno dia";"Decrescente";"Ceu Claro";"Simples";"Reta";"Urbano";2;0;0;1;1;0;1;2
83499136;"17/09/16";"Sábado";"08:45:00";"PR";369;"176,6";"ROLANDIA";"Falta de atenção";"Atropelamento de pessoa";"Com Vítimas Feridas";"Pleno dia";"Crescente";"Ceu Claro";"Simples";"Reta";"Urbano";2;0;1;0;1;0;1;1
83499137;"17/09/16";"Sábado";"10:40:00";"RS";386;"367,9";"FAZENDA VILANOVA";"Desobediência à sinalização";"Colisão Transversal";"Com Vítimas Feridas";"Pleno dia";"Crescente";"Ceu Claro";"Simples";"Reta";"Urbano";3;0;1;0;2;0;1;2