"id";"data_inversa";"dia_semana";"horario";"uf";"br";"km";"municipio";"causa_acidente";"tipo_acidente";"classificacao_acidente";"fase_dia";"sentido_via";"condicao_metereologica";"tipo_pista";"tracado_via";"uso_solo";"pessoas";"mortos";"feridos_leves";"feridos_graves";"ilesos";"ignorados";"feridos";"veiculos"
83499138;"17/09/16";"Sábado";"09:35:00";"PR";163;"161,7";"LINDOESTE";"Outras";"Colisão traseira";"Sem Vítimas";"Pleno dia";"Decrescente";"Sol";"Simples";"Reta";"Rural";2;0;0;0;2;0;0;2
83499139;"17/09/16";"Sábado";"11:00:00";"SC";282;"555,9";"NOVA ITABERABA";"Falta de atenção";"Colisão Transversal";"Com Vítimas Feridas";"Pleno dia";"Crescente";"Ceu Claro";"Simples";"Reta";"Rural";2;0;1;0;1;0;1;2
83499140;"12/09/16";"Segunda";"14:15:00";"ES";262;"4,7";"CARIACICA";"Não guardar distância de segurança";"Colisão traseira";"Com Vítimas Feridas";"Pleno dia";"Crescente";"Ceu Claro";"Dupla";"Reta";"Urbano";3;0;1;0;2;0;1;3
83499141;"17/09/16";"Sábado";"11:00:00";"TO";153;"135";"ARAGUAINA";"Defeito mecânico em veículo";"Saída de Pista";"Com Vítimas Feridas";"Pleno dia";"Crescente";"Nublado";"Dupla";"Reta";"Urbano";3;0;3;0;0;0;3;1
83499142;"17/09/16";"Sábado";"10:30:00";"PE";110;"147,5";"IBIMIRIM";"Outras";"Colisão frontal";"Com Vítimas Fatais";"Pleno dia";"Crescente";"Ceu Claro";"Simples";"Reta";"Urbano";2;1;1;0;0;0;1;2
83499143;"17/09/16";"Sábado";"11:10:00";"TO";153;"677,7";"GURUPI";"Outras";"Colisão frontal";"Com Vítimas Feridas";"Pleno dia";"Decrescente";"Ceu Claro";"Simples";"Reta";"Rural";3;0;1;1;1;0;2;2
83499144;"17/09/16";"Sábado";"12:34:00";"SC";101;"210";"PALHOCA";"Desobediência à sinalização";"Colisão frontal";"Com Vítimas Feridas";"Pleno dia";"Crescente";"Ceu Claro";"Simples";"Reta";"Urbano";3;0;1;0;2;0;1;2
83499145;"17/09/16";"Sábado";"08:00:00";"PR";116;"86";"PIRAQUARA";"Outras";"Tombamento";"Sem Vítimas";"Pleno dia";"Decrescente";"Sol";"Simples";"Curva";"Urbano";1;0;0;0;1;0;0;1
83499146;"17/09/16";"Sábado";"12:35:00";"RS";386;"73,9";"BOA VISTA DAS MISSOES";"Desobediência à sinalização";"Colisão Transversal";"Com Vítimas Feridas";"Pleno dia";"Crescente";"Ceu Claro";"Simples";"Curva";"Rural";10;0;3;1;6;0;4;2
83499147;"14/09/16";"Quarta";"15:00:00";"PB";104;"84,8";"REMIGIO";"Falta de atenção";"Colisão Transversal";"Com Vítimas Feridas";"Pleno dia";"Decrescente";"Sol";"Simples";"Reta";"Rural";3;0;0;2;1;0;2;2
83499148;"17/09/16";"Sábado";"12:00:00";"SC";101;"204,8";"SAO JOSE";"Falta de atenção";"Colisão lateral";"Com Vítimas Feridas";"Pleno dia";"Decrescente";"Ceu Claro";"Dupla";"Reta";"Urbano";2;0;0;1;1;0;1;2
83499149;"17/09/16";"Sábado";"08:40:00";"PR";280;"296,3";"FLOR DA SERRA DO SUL";"Falta de atenção";"Colisão Transversal";"Com Vítimas Feridas";"Amanhecer";"Decrescente";"Ceu Claro";"Simples";"Cruzamento";"Rural";4;0;3;0;1;0;3;2
83499150;"14/09/16";"Quarta";"05:20:00";"BA";324;"531";"FEIRA DE SANTANA";"Falta de atenção";"Saída de Pista";"Sem Vítimas";"Pleno dia";"Decrescente";"Chuva";"Dupla";"Curva";"Rural";1;0;0;0;1;0;0;1
83499151;"17/09/16";"Sábado";"11:45:00";"SC";470;"56,5";"BLUMENAU";"Desobediência à sinalização";"Colisão Transversal";"Com Vítimas Feridas";"Pleno dia";"Crescente";"Sol";"Simples";"Cruzamento";"Urbano";5;0;3;0;0;2;3;5
83499152;"17/09/16";"Sábado";"11:00:00";"MS";163;"481,2";"CAMPO GRANDE";"Defeito mecânico em veículo";"Saída de Pista";"Sem Vítimas";"Pleno dia";"Decrescente";"Sol";"Simples";"Curva";"Urbano";1;0;0;0;1;0;0;1
83499153;"17/09/16";"Sábado";"13:35:00";"MG";116;"525,5";"CARATINGA";"Falta de atenção";"Atropelamento de pessoa";"Com Vítimas Feridas";"Pleno dia";"Decrescente";"Ceu Claro";"Simples";"Curva";"Urbano";3;0;1;0;2;0;1;1
83499154;"17/09/16";"Sábado";"12:00:00";"PR";277;"344,7";"GUARAPUAVA";"Falta de atenção";"Colisão Transversal";"Com Vítimas Feridas";"Pleno dia";"Crescente";"Sol";"Simples";"Reta";"Urbano";3;0;2;0;1;0;2;2
83499155;"17/09/16";"Sábado";"13:20:00";"RS";153;"34,5";"TRES ARROIOS";"Velocidade incompatível";"Colisão frontal";"Com Vítimas Fatais";"Pleno dia";"Crescente";"Ceu Claro";"Simples";"Reta";"Rural";2;1;1;0;0;0;1;2
83499156;"17/09/16";"Sábado";"11:00:00";"RS";386;"301,1";"POUSO NOVO";"Velocidade incompatível";"Colisão traseira";"Sem Vítimas";"Pleno dia";"Decrescente";"Ceu Claro";"Simples";"Curva";"Urbano";2;0;0;0;2;0;0;2
83499157;"13/09/16";"Terça";"08:05:00";"PR";376;"293";"MAUA DA SERRA";"Outras";"Colisão lateral";"Com Vítimas Feridas";"Pleno dia";"Crescente";"Ceu Claro";"Simples";"Reta";"Rural";2;0;0;1;0;1;1;2
83499158;"17/09/16";"Sábado";"12:50:00";"SC";101;"210";"PALHOCA";"Desobediência à sinalização";"Colisão frontal";"Sem Vítimas";"Pleno dia";"Crescente";"Ceu Claro";"Múltipla";"Reta";"Urbano";2;0;0;0;2;0;0;2
83499159;"17/09/16";"Sábado";"08:50:00";"SP";153;"0,5";"SAO JOSE DO RIO PRETO";"Falta de atenção";"Colisão Transversal";"Com Vítimas Feridas";"Pleno dia";"Decrescente";"Sol";"Simples";"Reta";"Rural";2;0;0;1;1;0;1;2
83499160;"14/09/16";"Quarta";"07:30:00";"RS";470;"222,3";"GARIBALDI";"Falta de atenção";"Colisão Transversal";"Com Vítimas Feridas";"Pleno dia";"Decrescente";"Ceu Claro";"Simples";"Cruzamento";"Urbano";2;0;0;1;1;0;1;2
83499161;"13/09/16";"Terça";"17:40:00";"PR";277;"544,1";"CATANDUVAS";"Defeito mecânico em veículo";"Saída de Pista";"Com Vítimas Fatais";"Pleno dia";"Crescente";"Nublado";"Simples";"Reta";"Urbano";5;1;2;1;1;0;3;2
83499162;"17/09/16";"Sábado";"10:50:00";"RJ";116;"240";"PIRAI";"Outras";"Tombamento";"Sem Vítimas";"Pleno dia";"Decrescente";"Ceu Claro";"Dupla";"Curva";"Rural";2;0;0;0;1;1;0;2
83499163;"17/09/16";"Sábado";"08:10:00";"PR";469;"15,1";"FOZ DO IGUACU";"Desobediência à sinalização";"Colisão Transversal";"Com Vítimas Feridas";"Pleno dia";"Decrescente";"Sol";"Simples";"Cruzamento";"Urbano";3;0;0;2;1;0;2;2
83499164;"15/09/16";"Quinta";"22:00:00";"SC";470;"56,5";"BLUMENAU";"Falta de atenção";"Colisão Transversal";"Com Vítimas Feridas";"Plena noite";"Crescente";"Ceu Claro";"Simples";"Cruzamento";"Urbano";2;0;1;0;1;0;1;2
83499165;"17/09/16";"Sábado";"09:10:00";"GO";40;"1,7";"VALPARAISO DE GOIAS";"Falta de atenção";"Colisão traseira";"Com Vítimas Feridas";"Pleno dia";"Decrescente";"Sol";"Dupla";"Reta";"Urbano";4;0;1;0;1;2;1;4
83499166;"17/09/16";"Sábado";"11:54:00";"ES";101;"144,9";"LINHARES";"Falta de atenção";"Colisão com bicicleta";"Sem Vítimas";"Pleno dia";"Decrescente";"Ceu Claro";"Simples";"Reta";"Urbano";2;0;0;0;2;0;0;2
83499167;"13/09/16";"Terça";"16:20:00";"ES";262;"7,2";"CARIACICA";"Outras";"Colisão traseira";"Com Vítimas Feridas";"Pleno dia";"Decrescente";"Sol";"Múltipla";"Cruzamento";"Urbano";2;0;0;1;0;1;1;2
83499168;"17/09/16";"Sábado";"08:30:00";"MG";50;"6";"ARAGUARI";"Outras";"Queda de motocicleta / bicicleta / veículo";"Sem Vítimas";"Pleno dia";"Decrescente";"Sol";"Dupla";"Reta";"Rural";1;0;0;0;1;0;0;1
83499169;"14/09/16";"Quarta";"07:40:00";"PR";476;"123,2";"CURITIBA";"Velocidade incompatível";"Colisão lateral";"Com Vítimas Feridas";"Pleno dia";"Crescente";"Ceu Claro";"Dupla";"Reta";"Urbano";2;0;1;0;1;0;1;2
83499170;"17/09/16";"Sábado";"06:50:00";"PE";232;"33";"MORENO";"Velocidade incompatível";"Capotamento";"Com Vítimas Feridas";"Pleno dia";"Decrescente";"Chuva";"Dupla";"Curva";"Rural";1;0;1;0;0;0;1;1
83499172;"17/09/16";"Sábado";"09:15:00";"RJ";116;"59,9";"TERESOPOLIS";"Velocidade incompatível";"Colisão frontal";"Com Vítimas Feridas";"Pleno dia";"Decrescente";"Nublado";"Simples";"Curva";"Rural";3;0;1;0;2;0;1;2
83499173;"17/09/16";"Sábado";"13:30:00";"GO";60;"44,9";"ALEXANIA";"Outras";"Colisão traseira";"Sem Vítimas";"Pleno dia";"Decrescente";"Ceu Claro";"Dupla";"Reta";"Rural";2;0;0;0;2;0;0;2
83499174;"17/09/16";"Sábado";"14:50:00";"MG";50;"27";"ARAGUARI";"Ultrapassagem indevida";"Colisão lateral";"Sem Vítimas";"Pleno dia";"Crescente";"Sol";"Dupla";"Curva";"Rural";2;0;0;0;1;1;0;2
83499175;"17/09/16";"Sábado";"11:50:00";"BA";116;"583";"NOVA ITARANA";"Falta de atenção";"Colisão lateral";"Com Vítimas Feridas";"Pleno dia";"Decrescente";"Nublado";"Simples";"Curva";"Urbano";3;0;0;1;2;0;1;3
83499176;"17/09/16";"Sábado";"13:30:00";"SP";381;"59";"MAIRIPORA";"Outras";"Colisão lateral";"Com Vítimas Feridas";"Pleno dia";"Decrescente";"Sol";"Dupla";"Reta";"Rural";2;0;1;0;0;1;1;2
83499177;"17/09/16";"Sábado";"15:20:00";"PA";163;"998";"SANTAREM";"Falta de atenção";"Colisão Transversal";"Com Vítimas Feridas";"Pleno dia";"Decrescente";"Ceu Claro";"Simples";"Reta";"Rural";2;0;1;0;1;0;1;2
83499178;"17/09/16";"Sábado";"15:20:00";"RJ";116;"317";"ITATIAIA";"Outras";"Saída de Pista";"Com Vítimas Feridas";"Pleno dia";"Crescente";"Ceu Claro";"Dupla";"Reta";"Urbano";1;0;0;1;0;0;1;1
83499179;"17/09/16";"Sábado";"15:10:00";"MG";50;"133";"UBERABA";"Velocidade incompatível";"Capotamento";"Com Vítimas Feridas";"Pleno dia";"Crescente";"Nublado";"Dupla";"Curva";"Rural";1;0;1;0;0;0;1;1
83499180;"17/09/16";"Sábado";"08:40:00";"MG";354;"732,2";"POUSO ALTO";"Velocidade incompatível";"Colisão frontal";"Com Vítimas Feridas";"Pleno dia";"Crescente";"Ceu Claro";"Simples";"Curva";"Rural";24;0;1;4;19;0;5;2
83499181;"17/09/16";"Sábado";"11:50:00";"PR";277;"307,3";"GUARAPUAVA";"Outras";"Saída de Pista";"Com Vítimas Fatais";"Pleno dia";"Decrescente";"Ceu Claro";"Simples";"Reta";"Rural";1;1;0;0;0;0;0;1
83499182;"17/09/16";"Sábado";"14:40:00";"PR";158;"202";"PEABIRU";"Velocidade incompatível";"Capotamento";"Sem Vítimas";"Pleno dia";"Crescente";"Ceu Claro";"Dupla";"Reta";"Rural";2;0;0;0;2;0;0;1
83499183;"17/09/16";"Sábado";"07:15:00";"RS";392;"126,2";"CANGUCU";"Dormindo";"Saída de Pista";"Sem Vítimas";"Pleno dia";"Decrescente";"Ceu Claro";"Simples";"Reta";"Urbano";1;0;0;0;1;0;0;1
83499184;"17/09/16";"Sábado";"14:00:00";"SC";163;"110,2";"GUARUJA DO SUL";"Velocidade incompatível";"Colisão lateral";"Com Vítimas Feridas";"Pleno dia";"Decrescente";"Sol";"Simples";"Curva";"Urbano";5;0;1;2;2;0;3;3
83499185;"17/09/16";"Sábado";"15:00:00";"PR";369;"479";"CORBELIA";"Outras";"Colisão Transversal";"Com Vítimas Feridas";"Pleno dia";"Decrescente";"Sol";"Simples";"Curva";"Rural";3;0;1;0;2;0;1;2
83499187;"17/09/16";"Sábado";"14:00:00";"GO";60;"323";"ACREUNA";"Velocidade incompatível";"Capotamento";"Com Vítimas Feridas";"Pleno dia";"Crescente";"Ceu Claro";"Dupla";"Reta";"Rural";1;0;0;1;0;0;1;1
83499188;"15/09/16";"Quinta";"17:00:00";"MT";163;"712";"SORRISO";"Falta de atenção";"Colisão traseira";"Com Vítimas Fatais";"Pleno dia";"Decrescente";"Ceu Claro";"Simples";"Reta";"Rural";9;1;5;0;3;0;5;4
83499189;"17/09/16";"Sábado";"10:45:00";"MG";40;"743,7";"SANTOS DUMONT";"Velocidade incompatível";"Derramamento de Carga";"Sem Vítimas";"Pleno dia";"Decrescente";"Ceu Claro";"Simples";"Curva";"Urbano";1;0;0;0;1;0;0;1
83499190;"17/09/16";"Sábado";"15:30:00";"MG";365;"386,5";"PATOS DE MINAS";"Defeito mecânico em veículo";"Saída de Pista";"Sem Vítimas";"Pleno dia";"Crescente";"Chuva";"Simples";"Reta";"Rural";1;0;0;0;1;0;0;1
83499191;"17/09/16";"Sábado";"14:00:00";"MT";364;"242";"JUSCIMEIRA";"Não guardar distância de segurança";"Colisão traseira";"Sem Vítimas";"Pleno dia";"Crescente";"Ceu Claro";"Simples";"Reta";"Urbano";2;0;0;0;2;0;0;2
83499192;"17/09/16";"Sábado";"15:10:00";"MT";364;"198";"RONDONOPOLIS";"Ingestão de álcool";"Colisão traseira";"Sem Vítimas";"Pleno dia";"Crescente";"Ceu Claro";"Simples";"Reta";"Rural";2;0;0;0;2;0;0;2
83499193;"17/09/16";"Sábado";"15:00:00";"RJ";40;"113";"DUQUE DE CAXIAS";"Velocidade incompatível";"Capotamento";"Com Vítimas Feridas";"Plena noite";"Crescente";"Ceu Claro";"Dupla";"Curva";"Urbano";1;0;1;0;0;0;1;1
83499194;"15/09/16";"Quinta";"08:30:00";"PR";163;"287";"MARECHAL CANDIDO RONDON";"Defeito mecânico em veículo";"Tombamento";"Sem Vítimas";"Amanhecer";"Decrescente";"Ceu Claro";"Simples";"Cruzamento";"Rural";2;0;0;0;2;0;0;1
83499196;"17/09/16";"Sábado";"11:00:00";"MG";40;"612,8";"CONGONHAS";"Falta de atenção";"Colisão traseira";"Com Vítimas Feridas";"Pleno dia";"Crescente";"Ceu Claro";"Simples";"Reta";"Urbano";6;0;0;2;4;0;2;3
83499197;"14/09/16";"Quarta";"20:00:00";"PE";101;"71,3";"RECIFE";"Velocidade incompatível";"Saída de Pista";"Com Vítimas Feridas";"Plena noite";"Decrescente";"Ceu Claro";"Dupla";"Reta";"Urbano";2;0;0;1;1;0;1;2
83499198;"17/09/16";"Sábado";"16:45:00";"RN";304;"40,5";"MOSSORO";"Outras";"Saída de Pista";"Com Vítimas Feridas";"Pleno dia";"Decrescente";"Ceu Claro";"Dupla";"Reta";"Rural";1;0;0;1;0;0;1;1
83499199;"17/09/16";"Sábado";"16:30:00";"MG";153;"45";"CANAPOLIS";"Outras";"Tombamento";"Sem Vítimas";"Pleno dia";"Decrescente";"Ceu Claro";"Dupla";"Curva";"Rural";1;0;0;0;1;0;0;1
83499200;"13/09/16";"Terça";"13:00:00";"RJ";40;"88";"PETROPOLIS";"Velocidade incompatível";"Queda de motocicleta / bicicleta / veículo";"Com Vítimas Feridas";"Pleno dia";"Decrescente";"Sol";"Simples";"Curva";"Urbano";1;0;1;0;0;0;1;1
83499201;"17/09/16";"Sábado";"10:20:00";"GO";60;"59,7";"ABADIANIA";"Ingestão de álcool";"Saída de Pista";"Com Vítimas Fatais";"Pleno dia";"Crescente";"Ceu Claro";"Dupla";"Reta";"Urbano";1;1;0;0;0;0;0;1
83499202;"13/09/16";"Terça";"13:40:00";"SC";101;"228,7";"PALHOCA";"Outras";"Tombamento";"Com Vítimas Feridas";"Pleno dia";"Crescente";"Nublado";"Dupla";"Reta";"Urbano";2;0;2;0;0;0;2;1
83499203;"09/09/16";"Sexta";"14:00:00";"GO";40;"4,5";"VALPARAISO DE GOIAS";"Falta de atenção";"Atropelamento de pessoa";"Sem Vítimas";"Pleno dia";"Crescente";"Ceu Claro";"Dupla";"Reta";"Urbano";2;0;0;0;1;1;0;1
83499204;"15/09/16";"Quinta";"12:55:00";"DF";20;"39,8";"BRASILIA";"Dormindo";"Colisão traseira";"Com Vítimas Feridas";"Pleno dia";"Decrescente";"Ceu Claro";"Simples";"Reta";"Rural";2;0;1;0;1;0;1;2
83499205;"17/09/16";"Sábado";"10:25:00";"SE";235;"22";"NOSSA SENHORA DO SOCORRO";"Desobediência à sinalização";"Colisão frontal";"Com Vítimas Fatais";"Pleno dia";"Crescente";"Ceu Claro";"Simples";"Reta";"Rural";9;1;5;2;1;0;7;3
83499206;"09/09/16";"Sexta";"14:45:00";"RJ";116;"182,1";"NOVA IGUACU";"Outras";"Colisão traseira";"Com Vítimas Feridas";"Pleno dia";"Decrescente";"Ceu Claro";"Múltipla";"Reta";"Urbano";9;0;1;0;8;0;1;3
83499207;"17/09/16";"Sábado";"16:15:00";"MG";365;"651,4";"UBERLANDIA";"Falta de atenção";"Capotamento";"Com Vítimas Feridas";"Pleno dia";"Crescente";"Sol";"Dupla";"Curva";"Rural";1;0;1;0;0;0;1;1
83499210;"17/09/16";"Sábado";"16:40:00";"SC";470;"64,2";"INDAIAL";"Ultrapassagem indevida";"Colisão lateral";"Com Vítimas Feridas";"Pleno dia";"Crescente";"Ceu Claro";"Simples";"Reta";"Rural";5;0;3;0;2;0;3;3
83499211;"17/09/16";"Sábado";"13:30:00";"CE";222;"1,5";"SOBRAL";"Animais na Pista";"Tombamento";"Com Vítimas Feridas";"Pleno dia";"Crescente";"Sol";"Dupla";"Reta";"Urbano";1;0;0;1;0;0;1;1
83499212;"17/09/16";"Sábado";"17:45:00";"SC";101;"204";"SAO JOSE";"Outras";"Capotamento";"Sem Vítimas";"Pleno dia";"Crescente";"Ceu Claro";"Simples";"Reta";"Urbano";2;0;0;0;2;0;0;1
83499213;"15/09/16";"Quinta";"01:40:00";"BA";101;"613";"MASCOTE";"Velocidade incompatível";"Tombamento";"Com Vítimas Feridas";"Plena noite";"Crescente";"Ceu Claro";"Simples";"Curva";"Rural";1;0;1;0;0;0;1;1
83499214;"16/09/16";"Sexta";"20:00:00";"SP";116;"118,8";"TAUBATE";"Outras";"Colisão traseira";"Sem Vítimas";"Plena noite";"Decrescente";"Nublado";"Dupla";"Reta";"Urbano";4;0;0;0;3;1;0;3
83499215;"17/09/16";"Sábado";"10:35:00";"PR";163;"288,2";"MARECHAL CANDIDO RONDON";"Velocidade incompatível";"Saída de Pista";"Com Vítimas Feridas";"Pleno dia";"Crescente";"Sol";"Simples";"Curva";"Rural";1;0;1;0;0;0;1;1
83499216;"17/09/16";"Sábado";"19:10:00";"PR";376;"181,7";"MARINGA";"Outras";"Queda de motocicleta / bicicleta / veículo";"Com Vítimas Feridas";"Plena noite";"Crescente";"Ceu Claro";"Dupla";"Reta";"Urbano";2;0;2;0;0;0;2;1
83499217;"17/09/16";"Sábado";"10:25:00";"PE";232;"238,6";"ARCOVERDE";"Ultrapassagem indevida";"Saída de Pista";"Sem Vítimas";"Pleno dia";"Decrescente";"Ceu Claro";"Simples";"Curva";"Rural";3;0;0;0;3;0;0;1
83499218;"17/09/16";"Sábado";"14:30:00";"RJ";116;"122";"MAGE";"Velocidade incompatível";"Tombamento";"Com Vítimas Feridas";"Pleno dia";"Crescente";"Ceu Claro";"Simples";"Curva";"Rural";1;0;1;0;0;0;1;1
83499219;"17/09/16";"Sábado";"13:30:00";"RS";472;"114,8";"BOA VISTA DO BURICA";"Não guardar distância de segurança";"Colisão traseira";"Com Vítimas Feridas";"Pleno dia";"Crescente";"Ceu Claro";"Simples";"Reta";"Rural";2;0;1;0;1;0;1;2
83499220;"01/03/16";"Terça";"20:30:00";"BA";101;"246";"CONCEICAO DO ALMEIDA";"Outras";"Tombamento";"Com Vítimas Feridas";"Plena noite";"Decrescente";"Ceu Claro";"Simples";"Reta";"Rural";2;0;1;0;1;0;1;2
83499222;"17/09/16";"Sábado";"14:00:00";"SP";116;"442,2";"REGISTRO";"Ingestão de álcool";"Colisão traseira";"Sem Vítimas";"Pleno dia";"Crescente";"Nublado";"Dupla";"Reta";"Urbano";2;0;0;0;2;0;0;2
83499223;"29/08/16";"Segunda";"00:50:00";"GO";40;"10,3";"LUZIANIA";"Ingestão de álcool";"Capotamento";"Ignorado";"Plena noite";"Decrescente";"Ceu Claro";"Dupla";"Reta";"Urbano";1;0;0;0;0;1;0;1
83499224;"17/09/16";"Sábado";"19:10:00";"SC";101;"152,9";"ITAPEMA";"Outras";"Atropelamento de pessoa";"Com Vítimas Feridas";"Plena noite";"Decrescente";"Ceu Claro";"Múltipla";"Reta";"Urbano";2;0;1;0;0;1;1;1
83499225;"16/09/16";"Sexta";"04:40:00";"SP";116;"314,4";"JUQUITIBA";"Outras";"Colisão frontal";"Com Vítimas Feridas";"Pleno dia";"Decrescente";"Ceu Claro";"Dupla";"Reta";"Rural";2;0;0;2;0;0;2;2
83499226;"17/09/16";"Sábado";"19:30:00";"RS";470;"228";"GARIBALDI";"Falta de atenção";"Capotamento";"Sem Vítimas";"Plena noite";"Decrescente";"Ceu Claro";"Simples";"Curva";"Rural";1;0;0;0;1;0;0;1
83499227;"17/09/16";"Sábado";"16:50:00";"PR";277;"580";"CASCAVEL";"Falta de atenção";"Colisão Transversal";"Sem Vítimas";"Pleno dia";"Decrescente";"Sol";"Simples";"Reta";"Rural";2;0;0;0;2;0;0;2
83499228;"17/09/16";"Sábado";"10:00:00";"RS";116;"144,3";"CAXIAS DO SUL";"Velocidade incompatível";"Colisão traseira";"Sem Vítimas";"Pleno dia";"Crescente";"Sol";"Simples";"Reta";"Urbano";2;0;0;0;2;0;0;2
83499229;"17/09/16";"Sábado";"17:00:00";"RJ";101;"76,7";"CAMPOS DOS GOYTACAZES";"Ingestão de álcool";"Colisão traseira";"Sem Vítimas";"Pleno dia";"Decrescente";"Ceu Claro";"Simples";"Reta";"Rural";2;0;0;0;2;0;0;2
83499230;"17/09/16";"Sábado";"14:40:00";"MT";364;"17,4";"ALTO ARAGUAIA";"Falta de atenção";"Colisão traseira";"Sem Vítimas";"Pleno dia";"Decrescente";"Ceu Claro";"Simples";"Reta";"Rural";2;0;0;0;2;0;0;2
83499231;"10/09/16";"Sábado";"03:00:00";"SP";116;"142";"SAO JOSE DOS CAMPOS";"Outras";"Colisão com objeto fixo";"Com Vítimas Feridas";"Amanhecer";"Decrescente";"Ceu Claro";"Simples";"Reta";"Rural";3;0;1;1;1;0;2;1
83499232;"06/09/16";"Terça";"02:30:00";"PR";277;"128";"BALSA NOVA";"Velocidade incompatível";"Saída de Pista";"Com Vítimas Feridas";"Plena noite";"Decrescente";"Nublado";"Dupla";"Curva";"Rural";3;0;3;0;0;0;3;1
83499233;"17/09/16";"Sábado";"18:00:00";"SC";116;"217,4";"CORREIA PINTO";"Velocidade incompatível";"Colisão com objeto fixo";"Com Vítimas Feridas";"Pleno dia";"Decrescente";"Ceu Claro";"Simples";"Cruzamento";"Urbano";1;0;0;1;0;0;1;1
83499235;"17/09/16";"Sábado";"08:05:00";"GO";40;"1,5";"VALPARAISO DE GOIAS";"Falta de atenção";"Capotamento";"Com Vítimas Feridas";"Pleno dia";"Decrescente";"Ceu Claro";"Dupla";"Reta";"Urbano";1;0;1;0;0;0;1;1
83499236;"17/09/16";"Sábado";"19:40:00";"PR";277;"722,3";"FOZ DO IGUACU";"Falta de atenção";"Atropelamento de pessoa";"Com Vítimas Feridas";"Plena noite";"Crescente";"Ceu Claro";"Dupla";"Reta";"Urbano";2;0;0;1;1;0;1;1
83499237;"17/09/16";"Sábado";"18:38:00";"BA";101;"723,5";"EUNAPOLIS";"Velocidade incompatível";"Saída de Pista";"Ignorado";"Plena noite";"Crescente";"Ceu Claro";"Simples";"Curva";"Rural";1;0;0;0;0;1;0;1
83499238;"17/09/16";"Sábado";"17:10:00";"SC";101;"133,3";"BALNEARIO CAMBORIU";"Outras";"Colisão com objeto fixo";"Sem Vítimas";"Pleno dia";"Decrescente";"Ceu Claro";"Dupla";"Reta";"Urbano";1;0;0;0;1;0;0;1
83499239;"17/09/16";"Sábado";"19:10:00";"MS";267;"19";"BATAGUASSU";"Desobediência à sinalização";"Colisão lateral";"Com Vítimas Feridas";"Plena noite";"Decrescente";"Ceu Claro";"Simples";"Reta";"Rural";2;0;1;0;0;1;1;2
83499240;"17/09/16";"Sábado";"20:30:00";"SC";101;"422";"ARARANGUA";"Falta de atenção";"Atropelamento de pessoa";"Com Vítimas Feridas";"Plena noite";"Crescente";"Nublado";"Simples";"Reta";"Urbano";2;0;1;0;1;0;1;1
83499241;"17/09/16";"Sábado";"15:30:00";"RJ";40;"119";"DUQUE DE CAXIAS";"Falta de atenção";"Colisão traseira";"Com Vítimas Feridas";"Pleno dia";"Decrescente";"Sol";"Simples";"Reta";"Urbano";2;0;2;0;0;0;2;2
83499242;"17/09/16";"Sábado";"20:23:00";"PR";376;"111,3";"PARANAVAI";"Desobediência à sinalização";"Colisão traseira";"Com Vítimas Feridas";"Plena noite";"Crescente";"Ceu Claro";"Simples";"Reta";"Rural";2;0;1;0;0;1;1;2
83499243;"17/09/16";"Sábado";"20:00:00";"PE";428;"191,1";"PETROLINA";"Outras";"Colisão com objeto fixo";"Com Vítimas Feridas";"Plena noite";"Crescente";"Ceu Claro";"Simples";"Reta";"Urbano";3;0;1;0;2;0;1;2
83499244;"17/09/16";"Sábado";"13:45:00";"SC";101;"379,3";"ICARA";"Outras";"Colisão lateral";"Com Vítimas Feridas";"Pleno dia";"Decrescente";"Ceu Claro";"Dupla";"Reta";"Rural";2;0;1;0;0;1;1;2
83499245;"17/09/16";"Sábado";"20:30:00";"SP";116;"214";"GUARULHOS";"Outras";"Capotamento";"Com Vítimas Feridas";"Plena noite";"Crescente";"Ceu Claro";"Múltipla";"Reta";"Urbano";2;0;1;0;1;0;1;1
83499246;"17/09/16";"Sábado";"19:00:00";"BA";101;"752,2";"ITABELA";"Velocidade incompatível";"Capotamento";"Com Vítimas Feridas";"Plena noite";"Decrescente";"Ceu Claro";"Simples";"Curva";"Rural";1;0;1;0;0;0;1;1
83499247;"17/09/16";"Sábado";"20:00:00";"RS";470;"169";"VILA FLORES";"Outras";"Atropelamento de pessoa";"Com Vítimas Feridas";"Plena noite";"Decrescente";"Ceu Claro";"Simples";"Reta";"Rural";2;0;1;0;1;0;1;1
83499248;"17/09/16";"Sábado";"08:20:00";"SP";116;"34";"CRUZEIRO";"Outras";"Tombamento";"Com Vítimas Feridas";"Pleno dia";"Decrescente";"Ceu Claro";"Simples";"Curva";"Rural";3;0;2;0;1;0;2;1
83499249;"17/09/16";"Sábado";"19:15:00";"PR";487;"212,1";"LUIZIANA";"Outras";"Colisão frontal";"Com Vítimas Fatais";"Plena noite";"Crescente";"Ceu Claro";"Simples";"Reta";"Rural";4;1;0;0;3;0;0;2
83499250;"17/09/16";"Sábado";"19:00:00";"SC";470;"125";"IBIRAMA";"Falta de atenção";"Colisão Transversal";"Com Vítimas Feridas";"Plena noite";"Decrescente";"Ceu Claro";"Simples";"Reta";"Urbano";2;0;1;0;1;0;1;2
83499251;"09/09/16";"Sexta";"14:20:00";"GO";40;"4";"VALPARAISO DE GOIAS";"Outras";"Colisão traseira";"Com Vítimas Feridas";"Pleno dia";"Crescente";"Ceu Claro";"Dupla";"Reta";"Urbano";2;0;1;0;1;0;1;2