"id";"data_inversa";"dia_semana";"horario";"uf";"br";"km";"municipio";"causa_acidente";"tipo_acidente";"classificacao_acidente";"fase_dia";"sentido_via";"condicao_metereologica";"tipo_pista";"tracado_via";"uso_solo";"pessoas";"mortos";"feridos_leves";"feridos_graves";"ilesos";"ignorados";"feridos";"veiculos"
83499478;"18/09/16";"Domingo";"17:15:00";"PI";316;"20";"TERESINA";"Outras";"Saída de Pista";"Com Vítimas Feridas";"Pleno dia";"Decrescente";"Ceu Claro";"Simples";"Reta";"Rural";1;0;1;0;0;0;1;1
83499479;"18/09/16";"Domingo";"14:55:00";"PR";376;"435,6";"TIBAGI";"Velocidade incompatível";"Saída de Pista";"Sem Vítimas";"Pleno dia";"Crescente";"Chuva";"Simples";"Curva";"Rural";1;0;0;0;1;0;0;1
83499480;"18/09/16";"Domingo";"16:35:00";"PR";376;"494,7";"PONTA GROSSA";"Defeito mecânico em veículo";"Queda de motocicleta / bicicleta / veículo";"Com Vítimas Feridas";"Pleno dia";"Decrescente";"Nevoeiro/neblina";"Dupla";"Reta";"Urbano";2;0;1;0;1;0;1;1
83499481;"18/09/16";"Domingo";"14:20:00";"MG";459;"22,6";"CALDAS";"Velocidade incompatível";"Saída de Pista";"Sem Vítimas";"Pleno dia";"Decrescente";"Chuva";"Simples";"Curva";"Rural";3;0;0;0;1;2;0;1
83499482;"18/09/16";"Domingo";"10:30:00";"SC";101;"97,2";"PICARRAS";"Outras";"Colisão lateral";"Sem Vítimas";"Pleno dia";"Crescente";"Chuva";"Dupla";"Curva";"Rural";2;0;0;0;2;0;0;2
83499483;"18/09/16";"Domingo";"14:00:00";"SP";116;"214,9";"GUARULHOS";"Falta de atenção";"Colisão lateral";"Sem Vítimas";"Pleno dia";"Crescente";"Ceu Claro";"Múltipla";"Reta";"Urbano";2;0;0;0;2;0;0;2
83499484;"18/09/16";"Domingo";"17:00:00";"PB";230;"478,4";"MARIZOPOLIS";"Defeito mecânico em veículo";"Tombamento";"Com Vítimas Feridas";"Anoitecer";"Decrescente";"Ceu Claro";"Simples";"Reta";"Rural";2;0;1;0;0;1;1;1
83499485;"18/09/16";"Domingo";"12:00:00";"SC";153;"40,3";"VARGEM BONITA";"Velocidade incompatível";"Saída de Pista";"Com Vítimas Feridas";"Pleno dia";"Decrescente";"Chuva";"Simples";"Reta";"Rural";1;0;1;0;0;0;1;1
83499486;"18/09/16";"Domingo";"11:00:00";"MG";381;"646,4";"SANTO ANTONIO DO AMPARO";"Outras";"Colisão com objeto fixo";"Sem Vítimas";"Pleno dia";"Crescente";"Ceu Claro";"Dupla";"Curva";"Rural";1;0;0;0;1;0;0;1
83499487;"13/09/16";"Terça";"17:40:00";"PR";158;"523";"PATO BRANCO";"Falta de atenção";"Colisão Transversal";"Sem Vítimas";"Anoitecer";"Crescente";"Ceu Claro";"Simples";"Reta";"Urbano";3;0;0;0;3;0;0;3
83499488;"14/09/16";"Quarta";"13:05:00";"SP";116;"207,6";"GUARULHOS";"Não guardar distância de segurança";"Colisão lateral";"Com Vítimas Feridas";"Pleno dia";"Decrescente";"Ceu Claro";"Dupla";"Reta";"Urbano";2;0;1;0;0;1;1;2
83499489;"14/09/16";"Quarta";"08:40:00";"SP";116;"216,9";"GUARULHOS";"Defeito mecânico em veículo";"Colisão com objeto móvel";"Sem Vítimas";"Pleno dia";"Crescente";"Ceu Claro";"Múltipla";"Reta";"Urbano";2;0;0;0;2;0;0;2
83499490;"18/09/16";"Domingo";"15:40:00";"MG";116;"581,6";"MANHUACU";"Velocidade incompatível";"Saída de Pista";"Com Vítimas Feridas";"Pleno dia";"Crescente";"Nublado";"Simples";"Curva";"Rural";1;0;1;0;0;0;1;1
83499491;"18/09/16";"Domingo";"15:55:00";"PR";116;"16";"ANTONINA";"Velocidade incompatível";"Capotamento";"Com Vítimas Feridas";"Pleno dia";"Decrescente";"Ceu Claro";"Dupla";"Curva";"Rural";3;0;2;0;1;0;2;1
83499492;"18/09/16";"Domingo";"16:30:00";"RJ";116;"173";"BELFORD ROXO";"Outras";"Atropelamento de pessoa";"Com Vítimas Feridas";"Pleno dia";"Crescente";"Ceu Claro";"Dupla";"Reta";"Urbano";2;0;0;1;1;0;1;1
83499493;"18/09/16";"Domingo";"16:30:00";"PE";101;"49";"ABREU E LIMA";"Falta de atenção";"Colisão Transversal";"Com Vítimas Feridas";"Plena noite";"Decrescente";"Sol";"Múltipla";"Cruzamento";"Urbano";2;0;1;0;1;0;1;2
83499494;"15/09/16";"Quinta";"21:30:00";"RO";364;"1077";"PORTO VELHO";"Defeito na via";"Tombamento";"Com Vítimas Feridas";"Plena noite";"Crescente";"Chuva";"Simples";"Reta";"Rural";2;0;2;0;0;0;2;1
83499495;"18/09/16";"Domingo";"14:15:00";"SC";470;"193";"POUSO REDONDO";"Desobediência à sinalização";"Colisão frontal";"Sem Vítimas";"Pleno dia";"Crescente";"Chuva";"Simples";"Curva";"Rural";2;0;0;0;2;0;0;2
83499496;"18/09/16";"Domingo";"14:20:00";"SP";116;"464,7";"PARIQUERA-ACU";"Falta de atenção";"Capotamento";"Com Vítimas Feridas";"Pleno dia";"Crescente";"Nublado";"Dupla";"Reta";"Rural";1;0;0;1;0;0;1;1
83499497;"16/09/16";"Sexta";"14:57:00";"RJ";116;"30,4";"SAPUCAIA";"Velocidade incompatível";"Saída de Pista";"Sem Vítimas";"Pleno dia";"Decrescente";"Ceu Claro";"Simples";"Curva";"Rural";1;0;0;0;1;0;0;1
83499498;"18/09/16";"Domingo";"03:30:00";"SC";470;"193,6";"POUSO REDONDO";"Velocidade incompatível";"Capotamento";"Com Vítimas Fatais";"Plena noite";"Crescente";"Nevoeiro/neblina";"Simples";"Curva";"Rural";1;1;0;0;0;0;0;1
83499499;"18/09/16";"Domingo";"15:20:00";"RN";101;"108";"PARNAMIRIM";"Falta de atenção";"Colisão lateral";"Com Vítimas Feridas";"Pleno dia";"Decrescente";"Ceu Claro";"Dupla";"Cruzamento";"Urbano";2;0;1;0;1;0;1;2
83499500;"18/09/16";"Domingo";"09:20:00";"PR";153;"494,4";"GENERAL CARNEIRO";"Velocidade incompatível";"Colisão lateral";"Sem Vítimas";"Pleno dia";"Decrescente";"Chuva";"Simples";"Curva";"Rural";5;0;0;0;5;0;0;3
83499501;"18/09/16";"Domingo";"16:50:00";"PR";376;"474,3";"PONTA GROSSA";"Velocidade incompatível";"Colisão com objeto fixo";"Com Vítimas Feridas";"Pleno dia";"Crescente";"Nublado";"Dupla";"Curva";"Rural";3;0;3;0;0;0;3;1
83499502;"18/09/16";"Domingo";"15:20:00";"RJ";40;"95";"DUQUE DE CAXIAS";"Outras";"Capotamento";"Com Vítimas Feridas";"Pleno dia";"Crescente";"Sol";"Simples";"Curva";"Rural";2;0;1;0;1;0;1;1
83499503;"18/09/16";"Domingo";"15:10:00";"RS";285;"207,2";"LAGOA VERMELHA";"Dormindo";"Colisão lateral";"Sem Vítimas";"Pleno dia";"Crescente";"Nublado";"Simples";"Reta";"Rural";3;0;0;0;3;0;0;2
83499504;"18/09/16";"Domingo";"14:10:00";"PR";277;"32,7";"MORRETES";"Velocidade incompatível";"Saída de Pista";"Sem Vítimas";"Pleno dia";"Decrescente";"Chuva";"Dupla";"Reta";"Rural";1;0;0;0;1;0;0;1
83499505;"18/09/16";"Domingo";"14:45:00";"ES";101;"90,5";"JAGUARE";"Falta de atenção";"Colisão lateral";"Com Vítimas Feridas";"Pleno dia";"Decrescente";"Ceu Claro";"Simples";"Reta";"Rural";2;0;0;2;0;0;2;2
83499506;"18/09/16";"Domingo";"14:00:00";"SC";470;"21";"ILHOTA";"Não guardar distância de segurança";"Colisão traseira";"Com Vítimas Feridas";"Pleno dia";"Crescente";"Nublado";"Simples";"Reta";"Rural";3;0;2;0;1;0;2;2
83499507;"18/09/16";"Domingo";"16:30:00";"SP";116;"347";"MIRACATU";"Velocidade incompatível";"Colisão com objeto fixo";"Com Vítimas Feridas";"Pleno dia";"Decrescente";"Chuva";"Dupla";"Curva";"Rural";1;0;1;0;0;0;1;1
83499508;"18/09/16";"Domingo";"18:45:00";"MG";116;"416,8";"GOVERNADOR VALADARES";"Outras";"Queda de motocicleta / bicicleta / veículo";"Com Vítimas Feridas";"Plena noite";"Crescente";"Nublado";"Simples";"Cruzamento";"Urbano";2;0;1;0;1;0;1;2
83499509;"18/09/16";"Domingo";"15:40:00";"SP";116;"561";"BARRA DO TURVO";"Outras";"Colisão lateral";"Sem Vítimas";"Pleno dia";"Crescente";"Chuva";"Dupla";"Curva";"Rural";3;0;0;0;1;2;0;2
83499510;"18/09/16";"Domingo";"18:20:00";"PB";230;"158";"CAMPINA GRANDE";"Outras";"Queda de motocicleta / bicicleta / veículo";"Com Vítimas Feridas";"Anoitecer";"Crescente";"Ceu Claro";"Simples";"Reta";"Urbano";2;0;1;0;0;1;1;2
83499511;"18/09/16";"Domingo";"09:00:00";"SP";153;"227,7";"MARILIA";"Defeito mecânico em veículo";"Saída de Pista";"Sem Vítimas";"Pleno dia";"Decrescente";"Ceu Claro";"Simples";"Reta";"Rural";1;0;0;0;1;0;0;1
83499512;"18/09/16";"Domingo";"13:20:00";"BA";101;"717";"EUNAPOLIS";"Outras";"Queda de motocicleta / bicicleta / veículo";"Com Vítimas Feridas";"Pleno dia";"Crescente";"Ceu Claro";"Dupla";"Reta";"Urbano";1;0;0;1;0;0;1;1
83499513;"18/09/16";"Domingo";"16:10:00";"SC";280;"99,7";"SAO BENTO DO SUL";"Velocidade incompatível";"Colisão frontal";"Com Vítimas Feridas";"Pleno dia";"Decrescente";"Chuva";"Simples";"Curva";"Rural";9;0;3;4;2;0;7;4
83499514;"18/09/16";"Domingo";"17:20:00";"SC";116;"252,2";"LAGES";"Velocidade incompatível";"Colisão frontal";"Com Vítimas Fatais";"Pleno dia";"Crescente";"Nublado";"Simples";"Curva";"Rural";10;2;3;2;3;0;5;3
83499515;"18/09/16";"Domingo";"15:20:00";"MG";381;"443";"SABARA";"Velocidade incompatível";"Colisão traseira";"Sem Vítimas";"Pleno dia";"Crescente";"Ceu Claro";"Simples";"Reta";"Rural";3;0;0;0;3;0;0;3
83499517;"18/09/16";"Domingo";"17:50:00";"RJ";116;"179,4";"NOVA IGUACU";"Falta de atenção";"Saída de Pista";"Com Vítimas Feridas";"Pleno dia";"Crescente";"Ceu Claro";"Múltipla";"Reta";"Urbano";4;0;2;0;2;0;2;1
83499518;"18/09/16";"Domingo";"18:50:00";"RJ";40;"112";"DUQUE DE CAXIAS";"Outras";"Colisão lateral";"Com Vítimas Feridas";"Anoitecer";"Decrescente";"Nublado";"Múltipla";"Reta";"Urbano";3;0;1;0;2;0;1;2
83499519;"18/09/16";"Domingo";"16:40:00";"RJ";116;"178,6";"NOVA IGUACU";"Não guardar distância de segurança";"Colisão traseira";"Sem Vítimas";"Pleno dia";"Decrescente";"Ceu Claro";"Dupla";"Reta";"Urbano";2;0;0;0;2;0;0;2
83499520;"18/09/16";"Domingo";"17:10:00";"PE";408;"95";"SAO LOURENCO DA MATA";"Outras";"Colisão traseira";"Com Vítimas Feridas";"Anoitecer";"Crescente";"Ceu Claro";"Dupla";"Reta";"Urbano";2;0;1;0;1;0;1;2
83499521;"18/09/16";"Domingo";"16:30:00";"MA";10;"255";"IMPERATRIZ";"Ultrapassagem indevida";"Colisão traseira";"Com Vítimas Feridas";"Pleno dia";"Decrescente";"Sol";"Simples";"Reta";"Urbano";2;0;0;1;1;0;1;2
83499522;"18/09/16";"Domingo";"08:00:00";"DF";20;"16";"BRASILIA";"Outras";"Atropelamento de pessoa";"Com Vítimas Fatais";"Pleno dia";"Crescente";"Ceu Claro";"Dupla";"Reta";"Urbano";2;1;0;0;1;0;0;1
83499523;"18/09/16";"Domingo";"18:00:00";"MG";365;"10";"MONTES CLAROS";"Animais na Pista";"Atropelamento de animal";"Com Vítimas Feridas";"Pleno dia";"Decrescente";"Nublado";"Simples";"Reta";"Rural";2;0;2;0;0;0;2;1
83499524;"18/09/16";"Domingo";"15:30:00";"PR";376;"601,4";"CURITIBA";"Outras";"Queda de motocicleta / bicicleta / veículo";"Com Vítimas Fatais";"Pleno dia";"Decrescente";"Chuva";"Dupla";"Reta";"Urbano";3;1;0;1;1;0;1;2
83499525;"18/09/16";"Domingo";"16:00:00";"PR";116;"119";"CURITIBA";"Falta de atenção";"Saída de Pista";"Com Vítimas Fatais";"Pleno dia";"Crescente";"Nevoeiro/neblina";"Dupla";"Reta";"Urbano";2;1;0;0;1;0;0;1
83499526;"18/09/16";"Domingo";"13:15:00";"MG";381;"446";"SABARA";"Velocidade incompatível";"Colisão lateral";"Com Vítimas Feridas";"Pleno dia";"Decrescente";"Ceu Claro";"Simples";"Curva";"Urbano";2;0;0;1;1;0;1;2
83499527;"18/09/16";"Domingo";"18:00:00";"RN";110;"46,5";"MOSSORO";"Animais na Pista";"Queda de motocicleta / bicicleta / veículo";"Com Vítimas Feridas";"Anoitecer";"Decrescente";"Ceu Claro";"Simples";"Reta";"Urbano";2;0;2;0;0;0;2;1
83499528;"14/09/16";"Quarta";"23:00:00";"BA";116;"539";"MILAGRES";"Animais na Pista";"Atropelamento de animal";"Com Vítimas Feridas";"Plena noite";"Decrescente";"Ceu Claro";"Simples";"Reta";"Rural";1;0;1;0;0;0;1;1
83499529;"18/09/16";"Domingo";"19:00:00";"RS";472;"571";"URUGUAIANA";"Ultrapassagem indevida";"Colisão lateral";"Com Vítimas Feridas";"Anoitecer";"Crescente";"Ceu Claro";"Simples";"Reta";"Urbano";5;0;1;0;4;0;1;2
83499530;"18/09/16";"Domingo";"18:45:00";"MT";70;"5";"BARRA DO GARCAS";"Velocidade incompatível";"Queda de motocicleta / bicicleta / veículo";"Com Vítimas Feridas";"Plena noite";"Crescente";"Ceu Claro";"Dupla";"Reta";"Urbano";1;0;1;0;0;0;1;1
83499531;"18/09/16";"Domingo";"19:45:00";"MG";381;"510";"SAO JOAQUIM DE BICAS";"Outras";"Colisão com objeto fixo";"Com Vítimas Feridas";"Plena noite";"Decrescente";"Ceu Claro";"Dupla";"Reta";"Urbano";3;0;1;0;2;0;1;1
83499532;"18/09/16";"Domingo";"15:11:00";"PE";423;"176";"AGUAS BELAS";"Falta de atenção";"Colisão lateral";"Sem Vítimas";"Pleno dia";"Decrescente";"Ceu Claro";"Simples";"Reta";"Urbano";2;0;0;0;2;0;0;2
83499533;"18/09/16";"Domingo";"16:00:00";"MG";116;"515,5";"UBAPORANGA";"Dormindo";"Tombamento";"Sem Vítimas";"Pleno dia";"Crescente";"Ceu Claro";"Simples";"Reta";"Rural";1;0;0;0;1;0;0;1
83499534;"18/09/16";"Domingo";"18:30:00";"SC";101;"205,9";"SAO JOSE";"Não guardar distância de segurança";"Colisão traseira";"Sem Vítimas";"Plena noite";"Decrescente";"Ceu Claro";"Múltipla";"Reta";"Urbano";3;0;0;0;3;0;0;2
83499535;"18/09/16";"Domingo";"16:00:00";"MG";40;"716";"BARBACENA";"Outras";"Saída de Pista";"Com Vítimas Feridas";"Pleno dia";"Crescente";"Ceu Claro";"Dupla";"Cruzamento";"Rural";3;0;2;0;1;0;2;1
83499536;"18/09/16";"Domingo";"16:30:00";"SC";470;"91";"ASCURRA";"Defeito mecânico em veículo";"Colisão frontal";"Com Vítimas Fatais";"Pleno dia";"Crescente";"Chuva";"Simples";"Reta";"Urbano";10;1;7;2;0;0;9;2
83499537;"18/09/16";"Domingo";"15:00:00";"PR";158;"522";"PATO BRANCO";"Outras";"Saída de Pista";"Sem Vítimas";"Pleno dia";"Crescente";"Chuva";"Simples";"Reta";"Urbano";1;0;0;0;1;0;0;1
83499538;"18/09/16";"Domingo";"11:30:00";"MS";163;"657";"RIO VERDE DE MATO GROSSO";"Falta de atenção";"Saída de Pista";"Sem Vítimas";"Pleno dia";"Crescente";"Ceu Claro";"Simples";"Reta";"Rural";1;0;0;0;1;0;0;1
83499539;"18/09/16";"Domingo";"18:30:00";"CE";20;"430";"FORTALEZA";"Animais na Pista";"Atropelamento de animal";"Sem Vítimas";"Plena noite";"Crescente";"Ceu Claro";"Dupla";"Reta";"Urbano";1;0;0;0;1;0;0;1
83499540;"18/09/16";"Domingo";"18:30:00";"PI";316;"316,1";"PICOS";"Falta de atenção";"Colisão Transversal";"Com Vítimas Feridas";"Plena noite";"Decrescente";"Ceu Claro";"Múltipla";"Reta";"Urbano";2;0;0;1;1;0;1;2
83499541;"18/09/16";"Domingo";"19:50:00";"BA";116;"430";"FEIRA DE SANTANA";"Outras";"Colisão lateral";"Sem Vítimas";"Plena noite";"Decrescente";"Ceu Claro";"Dupla";"Reta";"Rural";2;0;0;0;1;1;0;2
83499542;"18/09/16";"Domingo";"19:30:00";"SC";470;"163,8";"POUSO REDONDO";"Não guardar distância de segurança";"Colisão traseira";"Com Vítimas Feridas";"Plena noite";"Crescente";"Nublado";"Simples";"Reta";"Rural";3;0;1;0;2;0;1;2
83499543;"18/09/16";"Domingo";"18:30:00";"SP";116;"63,2";"GUARATINGUETA";"Outras";"Colisão com objeto fixo";"Com Vítimas Feridas";"Plena noite";"Crescente";"Nublado";"Dupla";"Reta";"Rural";2;0;1;0;1;0;1;1
83499544;"18/09/16";"Domingo";"19:35:00";"SC";116;"140,1";"SANTA CECILIA";"Defeito mecânico em veículo";"Colisão com objeto fixo";"Sem Vítimas";"Plena noite";"Decrescente";"Nublado";"Simples";"Reta";"Urbano";1;0;0;0;1;0;0;1
83499545;"18/09/16";"Domingo";"15:40:00";"MG";40;"310";"FELIXLANDIA";"Falta de atenção";"Colisão Transversal";"Com Vítimas Feridas";"Plena noite";"Decrescente";"Sol";"Simples";"Reta";"Rural";2;0;0;1;0;1;1;2
83499546;"10/09/16";"Sábado";"21:45:00";"RJ";40;"75";"PETROPOLIS";"Outras";"Colisão lateral";"Com Vítimas Feridas";"Plena noite";"Decrescente";"Ceu Claro";"Simples";"Curva";"Rural";3;0;1;0;2;0;1;2
83499547;"18/09/16";"Domingo";"07:25:00";"RS";116;"243,9";"SAO LEOPOLDO";"Ingestão de álcool";"Colisão traseira";"Sem Vítimas";"Pleno dia";"Crescente";"Ceu Claro";"Dupla";"Reta";"Urbano";2;0;0;0;2;0;0;2
83499548;"18/09/16";"Domingo";"20:00:00";"GO";153;"513";"APARECIDA DE GOIANIA";"Ingestão de álcool";"Colisão lateral";"Com Vítimas Feridas";"Plena noite";"Crescente";"Ignorada";"Simples";"Reta";"Urbano";3;0;2;1;0;0;3;2
83499549;"18/09/16";"Domingo";"16:11:00";"SP";153;"58,8";"SAO JOSE DO RIO PRETO";"Falta de atenção";"Colisão Transversal";"Com Vítimas Feridas";"Pleno dia";"Crescente";"Sol";"Simples";"Cruzamento";"Urbano";2;0;1;0;0;1;1;2
83499550;"18/09/16";"Domingo";"19:10:00";"SE";101;"149,7";"ESTANCIA";"Falta de atenção";"Colisão Transversal";"Com Vítimas Feridas";"Plena noite";"Decrescente";"Ceu Claro";"Simples";"Reta";"Urbano";3;0;1;1;1;0;2;2
83499551;"18/09/16";"Domingo";"20:00:00";"PB";230;"208,4";"SOLEDADE";"Defeito mecânico em veículo";"Queda de motocicleta / bicicleta / veículo";"Com Vítimas Feridas";"Plena noite";"Decrescente";"Ceu Claro";"Simples";"Reta";"Rural";2;0;2;0;0;0;2;1
83499552;"13/09/16";"Terça";"14:20:00";"SC";282;"2,8";"FLORIANOPOLIS";"Desobediência à sinalização";"Colisão lateral";"Sem Vítimas";"Pleno dia";"Decrescente";"Sol";"Dupla";"Reta";"Urbano";2;0;0;0;2;0;0;2
83499553;"18/09/16";"Domingo";"14:50:00";"GO";153;"292";"RIALMA";"Outras";"Colisão traseira";"Sem Vítimas";"Pleno dia";"Decrescente";"Ceu Claro";"Simples";"Reta";"Rural";2;0;0;0;2;0;0;2
83499554;"18/09/16";"Domingo";"14:30:00";"PR";116;"8";"CAMPINA GRANDE DO SUL";"Velocidade incompatível";"Capotamento";"Com Vítimas Feridas";"Pleno dia";"Crescente";"Chuva";"Dupla";"Curva";"Rural";1;0;0;1;0;0;1;1
83499555;"18/09/16";"Domingo";"20:30:00";"RJ";40;"109";"DUQUE DE CAXIAS";"Outras";"Capotamento";"Com Vítimas Feridas";"Plena noite";"Decrescente";"Chuva";"Dupla";"Curva";"Urbano";3;0;2;0;1;0;2;1
83499556;"18/09/16";"Domingo";"10:00:00";"AL";110;"12,8";"DELMIRO GOUVEIA";"Falta de atenção";"Colisão Transversal";"Com Vítimas Feridas";"Pleno dia";"Decrescente";"Ceu Claro";"Simples";"Reta";"Rural";8;0;1;0;7;0;1;2
83499557;"18/09/16";"Domingo";"19:03:00";"MG";381;"580";"CARMOPOLIS DE MINAS";"Falta de atenção";"Colisão traseira";"Sem Vítimas";"Plena noite";"Crescente";"Ceu Claro";"Dupla";"Reta";"Rural";2;0;0;0;2;0;0;2
83499558;"18/09/16";"Domingo";"07:50:00";"MG";40;"386,7";"CURVELO";"Outras";"Colisão frontal";"Com Vítimas Feridas";"Pleno dia";"Crescente";"Ceu Claro";"Simples";"Reta";"Rural";2;0;1;1;0;0;2;2
83499559;"18/09/16";"Domingo";"18:40:00";"PR";376;"185,3";"SARANDI";"Animais na Pista";"Atropelamento de animal";"Sem Vítimas";"Plena noite";"Decrescente";"Ceu Claro";"Dupla";"Reta";"Urbano";1;0;0;0;1;0;0;1
83499560;"18/09/16";"Domingo";"19:15:00";"GO";60;"94,5";"ANAPOLIS";"Não guardar distância de segurança";"Colisão traseira";"Sem Vítimas";"Plena noite";"Crescente";"Ceu Claro";"Dupla";"Reta";"Urbano";2;0;0;0;1;1;0;2
83499561;"18/09/16";"Domingo";"13:15:00";"SC";282;"51";"AGUAS MORNAS";"Outras";"Saída de Pista";"Sem Vítimas";"Pleno dia";"Decrescente";"Chuva";"Simples";"Curva";"Urbano";2;0;0;0;1;1;0;2
83499562;"18/09/16";"Domingo";"19:00:00";"BA";116;"27,3";"VITORIA DA CONQUISTA";"Ultrapassagem indevida";"Colisão frontal";"Com Vítimas Feridas";"Plena noite";"Crescente";"Nublado";"Simples";"Reta";"Urbano";3;0;0;1;2;0;1;3
83499563;"18/09/16";"Domingo";"19:40:00";"BA";116;"859,7";"VITORIA DA CONQUISTA";"Ingestão de álcool";"Colisão traseira";"Sem Vítimas";"Plena noite";"Decrescente";"Ceu Claro";"Simples";"Reta";"Rural";2;0;0;0;1;1;0;2
83499564;"17/09/16";"Sábado";"22:40:00";"MT";163;"746";"SORRISO";"Ingestão de álcool";"Colisão com objeto fixo";"Sem Vítimas";"Plena noite";"Decrescente";"Ceu Claro";"Dupla";"Curva";"Rural";1;0;0;0;1;0;0;1
83499565;"18/09/16";"Domingo";"18:30:00";"RJ";116;"132";"MAGE";"Outras";"Atropelamento de pessoa";"Com Vítimas Fatais";"Plena noite";"Crescente";"Nublado";"Dupla";"Reta";"Rural";2;1;0;0;0;1;0;1
83499566;"18/09/16";"Domingo";"20:10:00";"RJ";101;"255";"RIO BONITO";"Outras";"Colisão Transversal";"Com Vítimas Feridas";"Plena noite";"Decrescente";"Ceu Claro";"Simples";"Reta";"Rural";2;0;1;0;0;1;1;2
83499567;"18/09/16";"Domingo";"21:10:00";"RN";304;"39,2";"MOSSORO";"Outras";"Colisão com objeto fixo";"Com Vítimas Feridas";"Plena noite";"Decrescente";"Ceu Claro";"Dupla";"Curva";"Urbano";2;0;1;1;0;0;2;1
83499568;"18/09/16";"Domingo";"14:45:00";"PR";277;"132";"BALSA NOVA";"Outras";"Queda de motocicleta / bicicleta / veículo";"Com Vítimas Feridas";"Pleno dia";"Decrescente";"Chuva";"Dupla";"Curva";"Urbano";1;0;1;0;0;0;1;1
83499569;"18/09/16";"Domingo";"18:20:00";"PE";232;"505,2";"SALGUEIRO";"Ultrapassagem indevida";"Colisão frontal";"Com Vítimas Fatais";"Plena noite";"Decrescente";"Ceu Claro";"Simples";"Reta";"Rural";3;1;0;0;1;1;0;3
83499570;"18/09/16";"Domingo";"18:30:00";"GO";60;"95";"ANAPOLIS";"Falta de atenção";"Colisão traseira";"Com Vítimas Feridas";"Anoitecer";"Crescente";"Nublado";"Dupla";"Reta";"Urbano";3;0;1;0;0;2;1;2
83499571;"18/09/16";"Domingo";"16:30:00";"SP";116;"459";"REGISTRO";"Velocidade incompatível";"Saída de Pista";"Ignorado";"Pleno dia";"Crescente";"Nublado";"Dupla";"Curva";"Rural";1;0;0;0;0;1;0;1
83499572;"18/09/16";"Domingo";"20:10:00";"MS";163;"257";"DOURADOS";"Falta de atenção";"Colisão com bicicleta";"Com Vítimas Fatais";"Plena noite";"Decrescente";"Ceu Claro";"Dupla";"Reta";"Urbano";4;1;0;0;3;0;0;2
83499573;"18/09/16";"Domingo";"18:30:00";"RO";364;"382";"OURO PRETO DO OESTE";"Falta de atenção";"Colisão traseira";"Sem Vítimas";"Anoitecer";"Crescente";"Ceu Claro";"Simples";"Curva";"Rural";3;0;0;0;3;0;0;3
83499574;"18/09/16";"Domingo";"21:00:00";"PR";277;"259";"IRATI";"Velocidade incompatível";"Saída de Pista";"Com Vítimas Feridas";"Plena noite";"Crescente";"Chuva";"Simples";"Curva";"Rural";2;0;1;0;1;0;1;1
83499576;"18/09/16";"Domingo";"21:35:00";"RN";101;"96,9";"NATAL";"Falta de atenção";"Colisão traseira";"Com Vítimas Feridas";"Plena noite";"Crescente";"Ceu Claro";"Dupla";"Reta";"Urbano";2;0;1;0;1;0;1;2
83499577;"18/09/16";"Domingo";"19:35:00";"PE";101;"9";"GOIANA";"Animais na Pista";"Atropelamento de animal";"Com Vítimas Feridas";"Plena noite";"Decrescente";"Ceu Claro";"Dupla";"Reta";"Urbano";2;0;2;0;0;0;2;1
83499578;"18/09/16";"Domingo";"18:15:00";"PB";230;"41";"SANTA RITA";"Falta de atenção";"Colisão traseira";"Com Vítimas Feridas";"Plena noite";"Crescente";"Ceu Claro";"Dupla";"Reta";"Urbano";3;0;0;2;1;0;2;2
83499579;"18/09/16";"Domingo";"19:30:00";"DF";80;"5,3";"BRASILIA";"Falta de atenção";"Colisão Transversal";"Com Vítimas Feridas";"Plena noite";"Crescente";"Ceu Claro";"Simples";"Cruzamento";"Rural";3;0;0;2;1;0;2;3
83499580;"18/09/16";"Domingo";"22:20:00";"PR";116;"59";"CAMPINA GRANDE DO SUL";"Velocidade incompatível";"Colisão com objeto fixo";"Sem Vítimas";"Plena noite";"Crescente";"Chuva";"Simples";"Curva";"Rural";1;0;0;0;1;0;0;1
83499581;"18/09/16";"Domingo";"19:30:00";"MG";365;"606,5";"UBERLANDIA";"Ultrapassagem indevida";"Colisão frontal";"Com Vítimas Feridas";"Plena noite";"Decrescente";"Ceu Claro";"Simples";"Reta";"Urbano";2;0;1;0;1;0;1;2
83499582;"18/09/16";"Domingo";"20:45:00";"SP";116;"136";"SAO JOSE DOS CAMPOS";"Outras";"Colisão traseira";"Com Vítimas Feridas";"Plena noite";"Decrescente";"Chuva";"Dupla";"Reta";"Rural";2;0;1;0;1;0;1;2
83499583;"18/09/16";"Domingo";"19:45:00";"GO";60;"226";"CEZARINA";"Ingestão de álcool";"Queda de motocicleta / bicicleta / veículo";"Com Vítimas Feridas";"Plena noite";"Decrescente";"Ceu Claro";"Dupla";"Reta";"Rural";1;0;1;0;0;0;1;1
83499584;"18/09/16";"Domingo";"19:20:00";"MS";163;"783,6";"PEDRO GOMES";"Falta de atenção";"Colisão com objeto fixo";"Com Vítimas Feridas";"Plena noite";"Decrescente";"Nublado";"Simples";"Reta";"Rural";1;0;1;0;0;0;1;1