"id";"data_inversa";"dia_semana";"horario";"uf";"br";"km";"municipio";"causa_acidente";"tipo_acidente";"classificacao_acidente";"fase_dia";"sentido_via";"condicao_metereologica";"tipo_pista";"tracado_via";"uso_solo";"pessoas";"mortos";"feridos_leves";"feridos_graves";"ilesos";"ignorados";"feridos";"veiculos"
83499807;"19/09/16";"Segunda";"19:00:00";"MG";116;"413,2";"GOVERNADOR VALADARES";"Falta de atenção";"Colisão Transversal";"Com Vítimas Feridas";"Pleno dia";"Crescente";"Ceu Claro";"Simples";"Cruzamento";"Urbano";2;0;1;0;1;0;1;2
83499808;"19/09/16";"Segunda";"18:20:00";"MG";381;"485,6";"BETIM";"Falta de atenção";"Colisão lateral";"Com Vítimas Feridas";"Anoitecer";"Crescente";"Nublado";"Dupla";"Reta";"Urbano";2;0;1;0;1;0;1;2
83499809;"19/09/16";"Segunda";"16:55:00";"MG";262;"34,8";"MANHUACU";"Falta de atenção";"Colisão traseira";"Sem Vítimas";"Pleno dia";"Crescente";"Nublado";"Simples";"Curva";"Urbano";2;0;0;0;2;0;0;2
83499810;"19/09/16";"Segunda";"16:00:00";"MG";262;"30,9";"REDUTO";"Outras";"Danos Eventuais";"Sem Vítimas";"Pleno dia";"Crescente";"Nublado";"Simples";"Reta";"Rural";1;0;0;0;1;0;0;1
83499811;"19/09/16";"Segunda";"19:35:00";"SC";101;"149,1";"ITAPEMA";"Não guardar distância de segurança";"Tombamento";"Com Vítimas Feridas";"Pleno dia";"Crescente";"Vento";"Dupla";"Reta";"Urbano";1;0;0;1;0;0;1;1
83499812;"15/09/16";"Quinta";"21:00:00";"MG";365;"631";"UBERLANDIA";"Outras";"Colisão lateral";"Com Vítimas Feridas";"Plena noite";"Decrescente";"Ceu Claro";"Dupla";"Reta";"Urbano";2;0;0;1;1;0;1;2
83499813;"11/09/16";"Domingo";"16:00:00";"MG";40;"737,6";"SANTOS DUMONT";"Falta de atenção";"Colisão lateral";"Com Vítimas Feridas";"Pleno dia";"Crescente";"Ceu Claro";"Simples";"Curva";"Rural";2;0;0;1;1;0;1;2
83499814;"15/09/16";"Quinta";"13:40:00";"PI";316;"267,2";"IPIRANGA DO PIAUI";"Falta de atenção";"Capotamento";"Com Vítimas Feridas";"Pleno dia";"Crescente";"Ceu Claro";"Simples";"Curva";"Rural";5;0;3;2;0;0;5;1
83499816;"19/09/16";"Segunda";"18:40:00";"MS";267;"32,4";"BATAGUASSU";"Animais na Pista";"Atropelamento de animal";"Sem Vítimas";"Plena noite";"Decrescente";"Nublado";"Simples";"Reta";"Rural";2;0;0;0;2;0;0;1
83499817;"19/09/16";"Segunda";"18:50:00";"GO";153;"508";"APARECIDA DE GOIANIA";"Defeito mecânico em veículo";"Queda de motocicleta / bicicleta / veículo";"Com Vítimas Feridas";"Anoitecer";"Crescente";"Ceu Claro";"Dupla";"Reta";"Urbano";1;0;1;0;0;0;1;1
83499818;"19/09/16";"Segunda";"16:20:00";"RO";364;"177,9";"PIMENTA BUENO";"Outras";"Saída de Pista";"Com Vítimas Feridas";"Pleno dia";"Crescente";"Chuva";"Simples";"Curva";"Rural";2;0;2;0;0;0;2;1
83499819;"19/09/16";"Segunda";"08:30:00";"MS";163;"144";"NAVIRAI";"Falta de atenção";"Tombamento";"Com Vítimas Feridas";"Amanhecer";"Decrescente";"Chuva";"Simples";"Reta";"Rural";1;0;1;0;0;0;1;1
83499820;"19/09/16";"Segunda";"17:40:00";"SE";235;"49,9";"ITABAIANA";"Falta de atenção";"Colisão lateral";"Com Vítimas Feridas";"Anoitecer";"Crescente";"Ceu Claro";"Simples";"Reta";"Urbano";3;0;2;0;1;0;2;2
83499821;"19/09/16";"Segunda";"20:30:00";"RJ";40;"85";"PETROPOLIS";"Velocidade incompatível";"Capotamento";"Com Vítimas Feridas";"Plena noite";"Crescente";"Chuva";"Dupla";"Curva";"Rural";3;0;2;0;1;0;2;1
83499822;"19/09/16";"Segunda";"05:30:00";"MG";267;"68,3";"BICAS";"Desobediência à sinalização";"Colisão frontal";"Com Vítimas Fatais";"Amanhecer";"Decrescente";"Ceu Claro";"Simples";"Curva";"Rural";2;1;0;0;1;0;0;2
83499823;"19/09/16";"Segunda";"05:00:00";"MT";174;"474";"COMODORO";"Animais na Pista";"Atropelamento de animal";"Com Vítimas Feridas";"Amanhecer";"Decrescente";"Chuva";"Simples";"Reta";"Rural";2;0;2;0;0;0;2;1
83499824;"19/09/16";"Segunda";"01:30:00";"PI";316;"7";"TERESINA";"Desobediência à sinalização";"Colisão frontal";"Com Vítimas Feridas";"Plena noite";"Crescente";"Ceu Claro";"Simples";"Reta";"Urbano";2;0;0;1;0;1;1;2
83499825;"13/09/16";"Terça";"01:00:00";"RJ";116;"294";"PORTO REAL";"Outras";"Colisão traseira";"Sem Vítimas";"Plena noite";"Crescente";"Nublado";"Dupla";"Reta";"Rural";3;0;0;0;3;0;0;3
83499826;"18/09/16";"Domingo";"16:50:00";"RO";364;"532";"ALTO PARAISO";"Ingestão de álcool";"Tombamento";"Com Vítimas Feridas";"Pleno dia";"Crescente";"Chuva";"Simples";"Reta";"Rural";1;0;1;0;0;0;1;1
83499827;"19/09/16";"Segunda";"18:00:00";"PB";412;"111,2";"SUME";"Falta de atenção";"Colisão Transversal";"Com Vítimas Fatais";"Plena noite";"Crescente";"Ceu Claro";"Simples";"Reta";"Rural";3;1;0;1;1;0;1;2
83499828;"19/09/16";"Segunda";"22:15:00";"PR";376;"247,6";"APUCARANA";"Ingestão de álcool";"Colisão lateral";"Sem Vítimas";"Plena noite";"Decrescente";"Nevoeiro/neblina";"Simples";"Reta";"Rural";2;0;0;0;2;0;0;2
83499829;"19/09/16";"Segunda";"22:05:00";"RS";287;"247,6";"SANTA MARIA";"Falta de atenção";"Colisão lateral";"Com Vítimas Feridas";"Plena noite";"Crescente";"Ceu Claro";"Simples";"Reta";"Urbano";2;0;1;0;1;0;1;2
83499830;"19/09/16";"Segunda";"22:30:00";"PR";116;"209";"RIO NEGRO";"Ingestão de álcool";"Colisão Transversal";"Sem Vítimas";"Plena noite";"Decrescente";"Ceu Claro";"Simples";"Reta";"Urbano";2;0;0;0;2;0;0;2
83499831;"19/09/16";"Segunda";"14:40:00";"DF";70;"2";"BRASILIA";"Desobediência à sinalização";"Colisão Transversal";"Com Vítimas Feridas";"Pleno dia";"Decrescente";"Ceu Claro";"Simples";"Reta";"Urbano";2;0;1;0;1;0;1;2
83499832;"19/09/16";"Segunda";"19:10:00";"RJ";393;"290";"VOLTA REDONDA";"Desobediência à sinalização";"Colisão Transversal";"Com Vítimas Feridas";"Plena noite";"Decrescente";"Ceu Claro";"Dupla";"Cruzamento";"Urbano";2;0;1;0;1;0;1;2
83499833;"19/09/16";"Segunda";"21:45:00";"SC";470;"242,5";"CURITIBANOS";"Ultrapassagem indevida";"Colisão lateral";"Sem Vítimas";"Plena noite";"Crescente";"Ceu Claro";"Simples";"Reta";"Rural";3;0;0;0;3;0;0;3
83499834;"19/09/16";"Segunda";"20:00:00";"PR";163;"147,5";"CAPITAO LEONIDAS MARQUES";"Outras";"Saída de Pista";"Com Vítimas Fatais";"Anoitecer";"Decrescente";"Ceu Claro";"Simples";"Reta";"Rural";1;1;0;0;0;0;0;1
83499835;"19/09/16";"Segunda";"21:15:00";"RJ";393;"283,9";"VOLTA REDONDA";"Falta de atenção";"Colisão frontal";"Com Vítimas Feridas";"Plena noite";"Crescente";"Ceu Claro";"Simples";"Reta";"Urbano";2;0;0;1;1;0;1;2
83499836;"15/09/16";"Quinta";"19:30:00";"SC";101;"215,7";"PALHOCA";"Outras";"Colisão com objeto fixo";"Com Vítimas Feridas";"Plena noite";"Crescente";"Nublado";"Dupla";"Reta";"Urbano";1;0;1;0;0;0;1;1
83499837;"19/09/16";"Segunda";"22:30:00";"MG";262;"587";"CAMPOS ALTOS";"Velocidade incompatível";"Saída de Pista";"Com Vítimas Feridas";"Plena noite";"Crescente";"Chuva";"Simples";"Curva";"Rural";7;0;4;0;3;0;4;1
83499838;"15/09/16";"Quinta";"18:30:00";"MS";163;"478";"CAMPO GRANDE";"Falta de atenção";"Colisão Transversal";"Com Vítimas Feridas";"Plena noite";"Crescente";"Ceu Claro";"Simples";"Reta";"Urbano";2;0;1;0;1;0;1;2
83499839;"19/09/16";"Segunda";"22:35:00";"PE";428;"189";"PETROLINA";"Desobediência à sinalização";"Colisão Transversal";"Com Vítimas Feridas";"Plena noite";"Decrescente";"Ceu Claro";"Dupla";"Reta";"Urbano";2;0;2;0;0;0;2;2
83499840;"19/09/16";"Segunda";"21:00:00";"GO";153;"439,7";"ANAPOLIS";"Outras";"Capotamento";"Com Vítimas Feridas";"Plena noite";"Crescente";"Chuva";"Dupla";"Curva";"Urbano";1;0;0;1;0;0;1;1
83499841;"19/09/16";"Segunda";"23:20:00";"RJ";101;"311";"SAO GONCALO";"Outras";"Colisão com objeto fixo";"Ignorado";"Plena noite";"Crescente";"Nublado";"Dupla";"Reta";"Urbano";1;0;0;0;0;1;0;1
83499842;"20/09/16";"Terça";"00:02:00";"PR";116;"137";"MANDIRITUBA";"Falta de atenção";"Colisão com objeto fixo";"Sem Vítimas";"Plena noite";"Decrescente";"Ceu Claro";"Dupla";"Reta";"Urbano";1;0;0;0;1;0;0;1
83499843;"19/09/16";"Segunda";"22:30:00";"PR";277;"4";"PARANAGUA";"Não guardar distância de segurança";"Colisão traseira";"Sem Vítimas";"Plena noite";"Crescente";"Chuva";"Dupla";"Reta";"Urbano";2;0;0;0;2;0;0;2
83499844;"15/09/16";"Quinta";"23:15:00";"GO";40;"9";"LUZIANIA";"Outras";"Capotamento";"Com Vítimas Feridas";"Plena noite";"Decrescente";"Ceu Claro";"Dupla";"Reta";"Urbano";1;0;1;0;0;0;1;1
83499845;"19/09/16";"Segunda";"21:25:00";"RS";470;"196";"BENTO GONCALVES";"Ingestão de álcool";"Saída de Pista";"Com Vítimas Feridas";"Plena noite";"Decrescente";"Ceu Claro";"Simples";"Reta";"Rural";2;0;1;1;0;0;2;1
83499846;"20/09/16";"Terça";"00:55:00";"PR";476;"144,7";"CURITIBA";"Animais na Pista";"Queda de motocicleta / bicicleta / veículo";"Com Vítimas Feridas";"Plena noite";"Crescente";"Ceu Claro";"Dupla";"Reta";"Urbano";1;0;1;0;0;0;1;1
83499847;"19/09/16";"Segunda";"19:10:00";"RS";386;"251";"SOLEDADE";"Ingestão de álcool";"Saída de Pista";"Sem Vítimas";"Plena noite";"Decrescente";"Ceu Claro";"Dupla";"Reta";"Rural";1;0;0;0;1;0;0;1
83499848;"19/09/16";"Segunda";"17:45:00";"SP";116;"444,7";"REGISTRO";"Outras";"Colisão lateral";"Com Vítimas Feridas";"Pleno dia";"Crescente";"Nublado";"Múltipla";"Cruzamento";"Urbano";2;0;1;0;1;0;1;2
83499849;"11/09/16";"Domingo";"20:10:00";"ES";101;"0,1";"SERRA";"Desobediência à sinalização";"Colisão Transversal";"Sem Vítimas";"Plena noite";"Crescente";"Ceu Claro";"Dupla";"Cruzamento";"Urbano";2;0;0;0;2;0;0;2
83499850;"20/09/16";"Terça";"02:10:00";"SC";101;"29,7";"JOINVILLE";"Desobediência à sinalização";"Colisão frontal";"Com Vítimas Feridas";"Plena noite";"Crescente";"Ceu Claro";"Dupla";"Reta";"Urbano";2;0;0;1;1;0;1;2
83499851;"20/09/16";"Terça";"01:00:00";"MG";262;"127,2";"RIO CASCA";"Velocidade incompatível";"Saída de Pista";"Com Vítimas Feridas";"Plena noite";"Crescente";"Chuva";"Simples";"Curva";"Rural";1;0;1;0;0;0;1;1
83499852;"17/07/16";"Domingo";"19:00:00";"BA";407;"123";"SENHOR DO BONFIM";"Falta de atenção";"Colisão com bicicleta";"Com Vítimas Fatais";"Plena noite";"Crescente";"Chuva";"Simples";"Reta";"Rural";2;1;0;0;0;1;0;2
83499853;"19/09/16";"Segunda";"22:30:00";"RS";285;"563,5";"SAO LUIZ GONZAGA";"Ingestão de álcool";"Colisão Transversal";"Com Vítimas Feridas";"Plena noite";"Decrescente";"Ceu Claro";"Simples";"Cruzamento";"Urbano";2;0;0;1;1;0;1;2
83499854;"19/09/16";"Segunda";"17:55:00";"GO";153;"438";"ANAPOLIS";"Outras";"Atropelamento de pessoa";"Com Vítimas Feridas";"Anoitecer";"Crescente";"Nublado";"Dupla";"Reta";"Rural";2;0;1;0;1;0;1;1
83499855;"14/09/16";"Quarta";"19:20:00";"CE";116;"84,7";"OCARA";"Outras";"Tombamento";"Sem Vítimas";"Plena noite";"Crescente";"Ceu Claro";"Simples";"Reta";"Rural";1;0;0;0;1;0;0;1
83499856;"19/09/16";"Segunda";"15:30:00";"AL";101;"108";"PILAR";"Falta de atenção";"Saída de Pista";"Sem Vítimas";"Pleno dia";"Crescente";"Ceu Claro";"Simples";"Curva";"Rural";1;0;0;0;1;0;0;1
83499857;"19/09/16";"Segunda";"15:30:00";"PB";101;"88";"JOAO PESSOA";"Não guardar distância de segurança";"Colisão lateral";"Com Vítimas Feridas";"Pleno dia";"Crescente";"Ceu Claro";"Dupla";"Reta";"Urbano";4;0;0;1;2;1;1;3
83499858;"19/09/16";"Segunda";"17:10:00";"MG";381;"479";"CONTAGEM";"Defeito mecânico em veículo";"Queda de motocicleta / bicicleta / veículo";"Com Vítimas Feridas";"Pleno dia";"Decrescente";"Ceu Claro";"Dupla";"Reta";"Urbano";1;0;1;0;0;0;1;1
83499859;"19/09/16";"Segunda";"16:40:00";"CE";20;"427,9";"FORTALEZA";"Outras";"Capotamento";"Com Vítimas Feridas";"Pleno dia";"Decrescente";"Ceu Claro";"Dupla";"Reta";"Rural";1;0;1;0;0;0;1;1
83499861;"17/09/16";"Sábado";"13:15:00";"RS";472;"505,9";"ITAQUI";"Velocidade incompatível";"Colisão traseira";"Sem Vítimas";"Pleno dia";"Crescente";"Ceu Claro";"Simples";"Reta";"Rural";2;0;0;0;2;0;0;2
83499862;"19/09/16";"Segunda";"18:00:00";"AL";101;"134";"SAO MIGUEL DOS CAMPOS";"Falta de atenção";"Colisão Transversal";"Sem Vítimas";"Plena noite";"Decrescente";"Ceu Claro";"Simples";"Cruzamento";"Urbano";2;0;0;0;1;1;0;2
83499863;"19/09/16";"Segunda";"22:35:00";"MG";116;"577,1";"MANHUACU";"Velocidade incompatível";"Capotamento";"Com Vítimas Feridas";"Plena noite";"Crescente";"Chuva";"Simples";"Reta";"Rural";2;0;2;0;0;0;2;1
83499864;"20/09/16";"Terça";"03:10:00";"RS";285;"113,8";"VACARIA";"Velocidade incompatível";"Saída de Pista";"Com Vítimas Feridas";"Plena noite";"Decrescente";"Ceu Claro";"Simples";"Curva";"Rural";2;0;1;1;0;0;2;1
83499865;"19/09/16";"Segunda";"06:30:00";"CE";116;"3";"FORTALEZA";"Outras";"Colisão traseira";"Sem Vítimas";"Pleno dia";"Decrescente";"Ceu Claro";"Dupla";"Curva";"Urbano";2;0;0;0;2;0;0;2
83499866;"20/09/16";"Terça";"01:30:00";"GO";20;"198";"POSSE";"Outras";"Incêndio";"Sem Vítimas";"Plena noite";"Crescente";"Ceu Claro";"Simples";"Reta";"Rural";1;0;0;0;1;0;0;1
83499867;"20/09/16";"Terça";"02:25:00";"ES";101;"423,1";"ATILIO VIVACQUA";"Velocidade incompatível";"Colisão com objeto fixo";"Sem Vítimas";"Plena noite";"Decrescente";"Chuva";"Simples";"Curva";"Rural";1;0;0;0;1;0;0;1
83499868;"19/09/16";"Segunda";"12:50:00";"SC";101;"90";"BARRA VELHA";"Outras";"Colisão Transversal";"Com Vítimas Feridas";"Pleno dia";"Crescente";"Ceu Claro";"Simples";"Reta";"Urbano";2;0;1;0;1;0;1;2
83499870;"20/09/16";"Terça";"02:30:00";"MG";381;"330";"NOVA ERA";"Velocidade incompatível";"Capotamento";"Sem Vítimas";"Plena noite";"Decrescente";"Chuva";"Dupla";"Curva";"Rural";1;0;0;0;1;0;0;1
83499871;"20/09/16";"Terça";"05:10:00";"MG";153;"44";"MONTE ALEGRE DE MINAS";"Dormindo";"Capotamento";"Com Vítimas Feridas";"Plena noite";"Crescente";"Nublado";"Múltipla";"Curva";"Rural";5;0;5;0;0;0;5;1
83499872;"17/09/16";"Sábado";"13:30:00";"SP";381;"70";"MAIRIPORA";"Outras";"Capotamento";"Sem Vítimas";"Pleno dia";"Decrescente";"Ignorada";"Dupla";"Curva";"Rural";1;0;0;0;1;0;0;1
83499873;"20/09/16";"Terça";"04:45:00";"SC";101;"180";"GOVERNADOR CELSO RAMOS";"Falta de atenção";"Colisão traseira";"Com Vítimas Feridas";"Amanhecer";"Decrescente";"Ceu Claro";"Dupla";"Reta";"Urbano";2;0;1;0;0;1;1;2
83499874;"14/09/16";"Quarta";"01:20:00";"BA";324;"589,1";"CANDEIAS";"Outras";"Colisão com objeto fixo";"Com Vítimas Feridas";"Plena noite";"Crescente";"Chuva";"Dupla";"Reta";"Rural";4;0;2;2;0;0;4;1
83499875;"20/09/16";"Terça";"06:10:00";"BA";101;"506";"ITABUNA";"Outras";"Queda de motocicleta / bicicleta / veículo";"Com Vítimas Feridas";"Pleno dia";"Crescente";"Ceu Claro";"Simples";"Reta";"Urbano";1;0;1;0;0;0;1;1
83499876;"15/09/16";"Quinta";"11:30:00";"MG";251;"314";"SALINAS";"Outras";"Queda de motocicleta / bicicleta / veículo";"Com Vítimas Feridas";"Pleno dia";"Crescente";"Sol";"Simples";"Reta";"Rural";1;0;0;1;0;0;1;1
83499877;"15/09/16";"Quinta";"15:00:00";"MG";267;"118,9";"JUIZ DE FORA";"Falta de atenção";"Colisão com bicicleta";"Com Vítimas Feridas";"Pleno dia";"Crescente";"Ceu Claro";"Simples";"Curva";"Urbano";2;0;0;1;1;0;1;2
83499878;"17/09/16";"Sábado";"06:35:00";"MG";40;"787";"JUIZ DE FORA";"Velocidade incompatível";"Saída de Pista";"Com Vítimas Feridas";"Amanhecer";"Decrescente";"Chuva";"Dupla";"Curva";"Rural";2;0;1;0;1;0;1;1
83499879;"13/08/16";"Sábado";"14:40:00";"PE";428;"72";"SANTA MARIA DA BOA VISTA";"Ultrapassagem indevida";"Colisão frontal";"Com Vítimas Feridas";"Pleno dia";"Crescente";"Sol";"Simples";"Reta";"Rural";3;0;2;0;1;0;2;2
83499880;"20/09/16";"Terça";"05:30:00";"MG";262;"96,1";"ABRE CAMPO";"Ingestão de álcool";"Tombamento";"Com Vítimas Feridas";"Amanhecer";"Decrescente";"Nublado";"Simples";"Reta";"Urbano";2;0;2;0;0;0;2;1
83499881;"13/09/16";"Terça";"03:25:00";"ES";101;"267";"SERRA";"Não guardar distância de segurança";"Colisão traseira";"Sem Vítimas";"Plena noite";"Crescente";"Nublado";"Múltipla";"Reta";"Urbano";4;0;0;0;4;0;0;4
83499882;"20/09/16";"Terça";"07:50:00";"MG";116;"703,8";"MURIAE";"Falta de atenção";"Colisão Transversal";"Com Vítimas Feridas";"Pleno dia";"Crescente";"Nublado";"Simples";"Reta";"Urbano";2;0;1;0;1;0;1;2
83499883;"17/09/16";"Sábado";"01:00:00";"BA";367;"66";"PORTO SEGURO";"Dormindo";"Capotamento";"Sem Vítimas";"Plena noite";"Crescente";"Ceu Claro";"Simples";"Reta";"Rural";2;0;0;0;2;0;0;1
83499884;"17/09/16";"Sábado";"05:30:00";"GO";60;"106";"ANAPOLIS";"Defeito mecânico em veículo";"Capotamento";"Com Vítimas Feridas";"Amanhecer";"Crescente";"Ceu Claro";"Dupla";"Reta";"Rural";3;0;1;2;0;0;3;1
83499885;"17/09/16";"Sábado";"18:10:00";"MG";116;"514,7";"UBAPORANGA";"Falta de atenção";"Colisão Transversal";"Com Vítimas Feridas";"Anoitecer";"Decrescente";"Ceu Claro";"Simples";"Curva";"Rural";4;0;2;0;2;0;2;2
83499886;"16/09/16";"Sexta";"16:10:00";"SP";116;"278,8";"SAO LOURENCO DA SERRA";"Não guardar distância de segurança";"Colisão traseira";"Sem Vítimas";"Pleno dia";"Decrescente";"Nublado";"Dupla";"Curva";"Urbano";2;0;0;0;2;0;0;2
83499887;"17/09/16";"Sábado";"04:00:00";"DF";20;"7,3";"BRASILIA";"Outras";"Capotamento";"Ignorado";"Plena noite";"Decrescente";"Ceu Claro";"Dupla";"Reta";"Urbano";1;0;0;0;0;1;0;1
83499888;"20/09/16";"Terça";"08:30:00";"RJ";116;"179";"NOVA IGUACU";"Outras";"Colisão lateral";"Com Vítimas Feridas";"Pleno dia";"Decrescente";"Ceu Claro";"Dupla";"Reta";"Urbano";2;0;1;0;1;0;1;2
83499889;"12/09/16";"Segunda";"11:00:00";"GO";60;"99";"ANAPOLIS";"Falta de atenção";"Colisão traseira";"Sem Vítimas";"Pleno dia";"Crescente";"Ceu Claro";"Dupla";"Reta";"Rural";2;0;0;0;2;0;0;2
83499890;"17/09/16";"Sábado";"02:15:00";"DF";20;"13";"BRASILIA";"Velocidade incompatível";"Capotamento";"Ignorado";"Plena noite";"Crescente";"Ceu Claro";"Dupla";"Reta";"Rural";1;0;0;0;0;1;0;1
83499891;"18/09/16";"Domingo";"00:01:00";"RJ";116;"136";"MAGE";"Outras";"Colisão traseira";"Com Vítimas Feridas";"Plena noite";"Decrescente";"Ceu Claro";"Dupla";"Reta";"Rural";2;0;1;0;1;0;1;2
83499892;"17/09/16";"Sábado";"05:45:00";"RJ";393;"123";"SAPUCAIA";"Velocidade incompatível";"Colisão com objeto fixo";"Sem Vítimas";"Plena noite";"Decrescente";"Chuva";"Simples";"Curva";"Rural";1;0;0;0;1;0;0;1
83499893;"20/09/16";"Terça";"07:30:00";"SP";116;"449,9";"REGISTRO";"Falta de atenção";"Queda de motocicleta / bicicleta / veículo";"Sem Vítimas";"Pleno dia";"Crescente";"Ceu Claro";"Dupla";"Reta";"Urbano";1;0;0;0;1;0;0;1
83499894;"17/09/16";"Sábado";"05:00:00";"MG";40;"823,4";"SIMAO PEREIRA";"Velocidade incompatível";"Colisão com objeto fixo";"Com Vítimas Feridas";"Plena noite";"Crescente";"Chuva";"Dupla";"Curva";"Rural";2;0;1;0;1;0;1;1
83499895;"20/09/16";"Terça";"08:20:00";"PR";376;"95";"PARANAVAI";"Defeito mecânico em veículo";"Incêndio";"Sem Vítimas";"Pleno dia";"Crescente";"Ceu Claro";"Simples";"Reta";"Rural";1;0;0;0;1;0;0;1
83499896;"08/09/16";"Quinta";"23:30:00";"MG";381;"498,2";"BETIM";"Ingestão de álcool";"Capotamento";"Com Vítimas Feridas";"Plena noite";"Decrescente";"Ceu Claro";"Dupla";"Reta";"Rural";4;0;2;1;1;0;3;3
83499897;"08/09/16";"Quinta";"18:00:00";"SC";470;"10";"NAVEGANTES";"Falta de atenção";"Colisão traseira";"Com Vítimas Feridas";"Anoitecer";"Decrescente";"Ceu Claro";"Simples";"Reta";"Urbano";2;0;0;1;1;0;1;2
83499899;"08/09/16";"Quinta";"17:00:00";"RJ";101;"547";"PARATI";"Falta de atenção";"Capotamento";"Sem Vítimas";"Anoitecer";"Crescente";"Chuva";"Simples";"Curva";"Rural";1;0;0;0;1;0;0;1
83499900;"17/09/16";"Sábado";"22:45:00";"RJ";116;"108";"GUAPIMIRIM";"Falta de atenção";"Atropelamento de pessoa";"Com Vítimas Feridas";"Plena noite";"Crescente";"Ceu Claro";"Dupla";"Reta";"Urbano";2;0;1;0;0;1;1;1
83499901;"17/09/16";"Sábado";"04:50:00";"PB";230;"123,5";"RIACHAO DO BACAMARTE";"Dormindo";"Saída de Pista";"Sem Vítimas";"Plena noite";"Crescente";"Ceu Claro";"Dupla";"Reta";"Rural";2;0;0;0;2;0;0;1
83499902;"16/09/16";"Sexta";"21:30:00";"GO";153;"361";"JARAGUA";"Defeito mecânico em veículo";"Atropelamento de pessoa";"Com Vítimas Fatais";"Plena noite";"Decrescente";"Ignorada";"Simples";"Reta";"Rural";2;2;0;0;0;0;0;1
83499903;"17/09/16";"Sábado";"03:30:00";"RJ";116;"279,1";"BARRA MANSA";"Outras";"Capotamento";"Com Vítimas Fatais";"Plena noite";"Decrescente";"Chuva";"Dupla";"Reta";"Rural";2;1;0;0;1;0;0;2
83499904;"20/09/16";"Terça";"05:00:00";"RS";290;"136,1";"RIO PARDO";"Dormindo";"Saída de Pista";"Com Vítimas Feridas";"Plena noite";"Decrescente";"Ceu Claro";"Simples";"Reta";"Rural";1;0;1;0;0;0;1;1
83499905;"16/09/16";"Sexta";"16:30:00";"RJ";116;"245";"PIRAI";"Outras";"Colisão traseira";"Com Vítimas Feridas";"Pleno dia";"Crescente";"Nublado";"Simples";"Reta";"Urbano";3;0;2;0;1;0;2;2
83499906;"16/09/16";"Sexta";"18:50:00";"CE";222;"18,4";"CAUCAIA";"Ingestão de álcool";"Colisão frontal";"Com Vítimas Feridas";"Plena noite";"Decrescente";"Nublado";"Simples";"Reta";"Rural";3;0;0;1;2;0;1;3
83499907;"17/09/16";"Sábado";"19:30:00";"PR";376;"491,9";"PONTA GROSSA";"Outras";"Saída de Pista";"Com Vítimas Feridas";"Plena noite";"Decrescente";"Ceu Claro";"Dupla";"Reta";"Urbano";1;0;0;1;0;0;1;1
83499908;"12/09/16";"Segunda";"18:30:00";"MG";40;"421";"CURVELO";"Falta de atenção";"Saída de Pista";"Com Vítimas Feridas";"Plena noite";"Decrescente";"Ceu Claro";"Simples";"Reta";"Rural";2;0;1;0;1;0;1;1
83499909;"20/09/16";"Terça";"01:25:00";"ES";101;"431,4";"ATILIO VIVACQUA";"Velocidade incompatível";"Tombamento";"Com Vítimas Feridas";"Plena noite";"Crescente";"Chuva";"Simples";"Curva";"Rural";1;0;1;0;0;0;1;1
83499910;"20/09/16";"Terça";"05:50:00";"AL";424;"102";"MARECHAL DEODORO";"Outras";"Colisão Transversal";"Com Vítimas Feridas";"Pleno dia";"Crescente";"Sol";"Simples";"Reta";"Rural";5;0;4;0;1;0;4;2
83499911;"20/09/16";"Terça";"08:30:00";"SC";282;"4";"SAO JOSE";"Não guardar distância de segurança";"Colisão lateral";"Com Vítimas Feridas";"Pleno dia";"Decrescente";"Sol";"Dupla";"Reta";"Urbano";3;0;1;0;2;0;1;3
83499912;"20/09/16";"Terça";"07:45:00";"MG";381;"493";"BETIM";"Outras";"Queda de motocicleta / bicicleta / veículo";"Com Vítimas Feridas";"Pleno dia";"Crescente";"Chuva";"Dupla";"Curva";"Urbano";1;0;1;0;0;0;1;1
83499913;"20/09/16";"Terça";"09:30:00";"MA";10;"281";"IMPERATRIZ";"Desobediência à sinalização";"Colisão Transversal";"Com Vítimas Feridas";"Pleno dia";"Decrescente";"Nublado";"Simples";"Reta";"Rural";3;0;3;0;0;0;3;2
83499914;"16/09/16";"Sexta";"21:30:00";"RJ";101;"284";"ITABORAI";"Outras";"Colisão lateral";"Com Vítimas Feridas";"Plena noite";"Crescente";"Ceu Claro";"Dupla";"Reta";"Urbano";3;0;2;0;1;0;2;2
83499915;"16/09/16";"Sexta";"23:30:00";"MG";381;"735,9";"CARMO DA CACHOEIRA";"Outras";"Queda de motocicleta / bicicleta / veículo";"Com Vítimas Feridas";"Plena noite";"Crescente";"Nublado";"Dupla";"Reta";"Rural";2;0;1;0;1;0;1;1
83499916;"20/09/16";"Terça";"05:15:00";"MG";365;"725,8";"MONTE ALEGRE DE MINAS";"Ultrapassagem indevida";"Colisão frontal";"Com Vítimas Fatais";"Amanhecer";"Crescente";"Nublado";"Simples";"Reta";"Rural";3;1;1;0;1;0;1;2
83499917;"08/02/16";"Segunda";"15:40:00";"SC";282;"1";"FLORIANOPOLIS";"Outras";"Tombamento";"Com Vítimas Feridas";"Pleno dia";"Crescente";"Sol";"Dupla";"Reta";"Urbano";1;0;1;0;0;0;1;1