"id";"data_inversa";"dia_semana";"horario";"uf";"br";"km";"municipio";"causa_acidente";"tipo_acidente";"classificacao_acidente";"fase_dia";"sentido_via";"condicao_metereologica";"tipo_pista";"tracado_via";"uso_solo";"pessoas";"mortos";"feridos_leves";"feridos_graves";"ilesos";"ignorados";"feridos";"veiculos"
83499918;"17/09/16";"Sábado";"02:00:00";"RJ";40;"55";"PETROPOLIS";"Outras";"Colisão com objeto fixo";"Sem Vítimas";"Plena noite";"Crescente";"Nublado";"Dupla";"Curva";"Rural";1;0;0;0;1;0;0;1
83499919;"20/09/16";"Terça";"05:20:00";"BA";101;"949";"MUCURI";"Dormindo";"Saída de Pista";"Com Vítimas Feridas";"Amanhecer";"Decrescente";"Ceu Claro";"Simples";"Reta";"Rural";1;0;0;1;0;0;1;1
83499920;"20/09/16";"Terça";"07:42:00";"MT";163;"709";"LUCAS DO RIO VERDE";"Defeito mecânico em veículo";"Saída de Pista";"Com Vítimas Feridas";"Amanhecer";"Decrescente";"Sol";"Simples";"Reta";"Rural";1;0;1;0;0;0;1;1
83499921;"20/09/16";"Terça";"08:30:00";"MT";163;"706";"LUCAS DO RIO VERDE";"Dormindo";"Saída de Pista";"Sem Vítimas";"Pleno dia";"Decrescente";"Ceu Claro";"Simples";"Reta";"Rural";1;0;0;0;1;0;0;1
83499922;"13/09/16";"Terça";"18:30:00";"BA";324;"561";"SAO SEBASTIAO DO PASSE";"Outras";"Colisão Transversal";"Com Vítimas Fatais";"Plena noite";"Crescente";"Nublado";"Simples";"Reta";"Rural";4;2;2;0;0;0;2;2
83499923;"17/09/16";"Sábado";"04:05:00";"PB";230;"37,9";"SANTA RITA";"Velocidade incompatível";"Colisão traseira";"Com Vítimas Feridas";"Plena noite";"Crescente";"Ceu Claro";"Dupla";"Reta";"Urbano";4;0;1;0;2;1;1;3
83499924;"17/09/16";"Sábado";"04:30:00";"BA";367;"72";"EUNAPOLIS";"Falta de atenção";"Colisão frontal";"Sem Vítimas";"Plena noite";"Crescente";"Ceu Claro";"Simples";"Curva";"Rural";3;0;0;0;3;0;0;2
83499925;"20/09/16";"Terça";"08:05:00";"BA";101;"719,8";"EUNAPOLIS";"Falta de atenção";"Colisão Transversal";"Com Vítimas Feridas";"Pleno dia";"Crescente";"Sol";"Simples";"Reta";"Urbano";3;0;1;0;2;0;1;2
83499926;"17/09/16";"Sábado";"06:00:00";"MG";381;"367";"SAO GONCALO DO RIO ABAIXO";"Ingestão de álcool";"Colisão frontal";"Com Vítimas Fatais";"Amanhecer";"Decrescente";"Ceu Claro";"Simples";"Reta";"Rural";3;1;1;0;1;0;1;2
83499927;"20/09/16";"Terça";"06:40:00";"AL";316;"266,8";"SATUBA";"Falta de atenção";"Colisão Transversal";"Sem Vítimas";"Pleno dia";"Decrescente";"Nublado";"Simples";"Curva";"Rural";2;0;0;0;2;0;0;2
83499928;"17/09/16";"Sábado";"06:10:00";"AL";316;"266,4";"SATUBA";"Falta de atenção";"Colisão com bicicleta";"Com Vítimas Feridas";"Pleno dia";"Crescente";"Ceu Claro";"Simples";"Curva";"Rural";2;0;1;1;0;0;2;2
83499929;"18/09/16";"Domingo";"21:30:00";"BA";101;"183";"SAO GONCALO DOS CAMPOS";"Outras";"Colisão lateral";"Com Vítimas Feridas";"Plena noite";"Decrescente";"Ceu Claro";"Simples";"Reta";"Rural";3;0;2;0;1;0;2;2
83499930;"20/09/16";"Terça";"08:30:00";"RS";158;"378,9";"DILERMANDO DE AGUIAR";"Animais na Pista";"Atropelamento de animal";"Sem Vítimas";"Pleno dia";"Crescente";"Ceu Claro";"Simples";"Curva";"Rural";1;0;0;0;1;0;0;1
83499931;"17/09/16";"Sábado";"19:10:00";"MG";381;"342,3";"BELA VISTA DE MINAS";"Falta de atenção";"Tombamento";"Com Vítimas Feridas";"Plena noite";"Decrescente";"Ceu Claro";"Simples";"Reta";"Urbano";1;0;1;0;0;0;1;1
83499932;"20/09/16";"Terça";"06:15:00";"SC";101;"207";"SAO JOSE";"Falta de atenção";"Queda de motocicleta / bicicleta / veículo";"Com Vítimas Feridas";"Pleno dia";"Crescente";"Ceu Claro";"Múltipla";"Reta";"Urbano";2;0;1;0;1;0;1;2
83499933;"16/09/16";"Sexta";"19:15:00";"RS";116;"320";"ELDORADO DO SUL";"Falta de atenção";"Colisão com objeto fixo";"Sem Vítimas";"Plena noite";"Crescente";"Nublado";"Simples";"Curva";"Rural";2;0;0;0;2;0;0;1
83499934;"16/09/16";"Sexta";"07:15:00";"GO";153;"503,5";"APARECIDA DE GOIANIA";"Não guardar distância de segurança";"Colisão lateral";"Sem Vítimas";"Pleno dia";"Decrescente";"Ceu Claro";"Dupla";"Reta";"Urbano";2;0;0;0;2;0;0;2
83499935;"09/09/16";"Sexta";"03:30:00";"SC";282;"380";"JOACABA";"Falta de atenção";"Capotamento";"Com Vítimas Feridas";"Plena noite";"Crescente";"Nevoeiro/neblina";"Simples";"Curva";"Rural";1;0;1;0;0;0;1;1
83499936;"20/09/16";"Terça";"09:35:00";"MT";364;"386,2";"SANTO ANTONIO DO LEVERGER";"Não guardar distância de segurança";"Colisão traseira";"Sem Vítimas";"Pleno dia";"Crescente";"Ceu Claro";"Simples";"Reta";"Rural";2;0;0;0;2;0;0;2
83499937;"20/09/16";"Terça";"10:45:00";"RN";427;"101,8";"CAICO";"Falta de atenção";"Colisão frontal";"Com Vítimas Feridas";"Pleno dia";"Decrescente";"Ceu Claro";"Simples";"Reta";"Urbano";4;0;0;1;3;0;1;3
83499938;"17/09/16";"Sábado";"06:50:00";"SC";101;"360";"SANGAO";"Velocidade incompatível";"Capotamento";"Com Vítimas Feridas";"Pleno dia";"Decrescente";"Ceu Claro";"Dupla";"Reta";"Rural";6;0;5;1;0;0;6;1
83499939;"16/08/16";"Terça";"06:30:00";"MT";364;"270";"JACIARA";"Outras";"Colisão lateral";"Com Vítimas Feridas";"Pleno dia";"Decrescente";"Ceu Claro";"Simples";"Reta";"Urbano";2;0;0;2;0;0;2;2
83499940;"20/09/16";"Terça";"07:20:00";"RS";285;"568";"SAO LUIZ GONZAGA";"Falta de atenção";"Atropelamento de pessoa";"Com Vítimas Fatais";"Pleno dia";"Decrescente";"Sol";"Simples";"Curva";"Urbano";2;1;0;0;0;1;0;1
83499941;"19/09/16";"Segunda";"18:40:00";"MG";50;"173,2";"UBERABA";"Velocidade incompatível";"Capotamento";"Com Vítimas Feridas";"Anoitecer";"Decrescente";"Chuva";"Dupla";"Reta";"Urbano";1;0;1;0;0;0;1;1
83499942;"20/09/16";"Terça";"12:20:00";"SC";470;"53,2";"BLUMENAU";"Falta de atenção";"Colisão Transversal";"Com Vítimas Feridas";"Pleno dia";"Crescente";"Sol";"Simples";"Cruzamento";"Urbano";2;0;1;0;1;0;1;2
83499944;"16/09/16";"Sexta";"22:20:00";"BA";324;"512";"FEIRA DE SANTANA";"Falta de atenção";"Atropelamento de pessoa";"Com Vítimas Feridas";"Plena noite";"Decrescente";"Ceu Claro";"Múltipla";"Reta";"Urbano";2;0;1;0;1;0;1;1
83499945;"18/09/16";"Domingo";"00:15:00";"SC";101;"134";"BALNEARIO CAMBORIU";"Outras";"Capotamento";"Sem Vítimas";"Plena noite";"Decrescente";"Ignorada";"Múltipla";"Curva";"Urbano";1;0;0;0;1;0;0;1
83499946;"20/09/16";"Terça";"09:00:00";"MG";262;"159";"SANTO ANTONIO DO GRAMA";"Velocidade incompatível";"Saída de Pista";"Com Vítimas Feridas";"Pleno dia";"Decrescente";"Chuva";"Simples";"Curva";"Rural";1;0;1;0;0;0;1;1
83499947;"20/09/16";"Terça";"10:40:00";"SC";280;"12,1";"SAO FRANCISCO DO SUL";"Não guardar distância de segurança";"Colisão traseira";"Com Vítimas Feridas";"Pleno dia";"Decrescente";"Ceu Claro";"Simples";"Reta";"Urbano";2;0;1;0;1;0;1;2
83499948;"16/09/16";"Sexta";"23:00:00";"PI";343;"345,5";"TERESINA";"Desobediência à sinalização";"Colisão Transversal";"Com Vítimas Feridas";"Plena noite";"Crescente";"Ceu Claro";"Simples";"Cruzamento";"Urbano";2;0;1;0;1;0;1;2
83499949;"17/09/16";"Sábado";"05:30:00";"RS";116;"130,5";"CAXIAS DO SUL";"Velocidade incompatível";"Saída de Pista";"Sem Vítimas";"Amanhecer";"Decrescente";"Ceu Claro";"Simples";"Curva";"Rural";2;0;0;0;2;0;0;1
83499950;"17/09/16";"Sábado";"02:40:00";"DF";20;"5";"BRASILIA";"Outras";"Capotamento";"Com Vítimas Feridas";"Plena noite";"Crescente";"Ceu Claro";"Dupla";"Reta";"Urbano";1;0;1;0;0;0;1;1
83499951;"20/09/16";"Terça";"09:00:00";"MG";262;"112,9";"RIO CASCA";"Velocidade incompatível";"Saída de Pista";"Sem Vítimas";"Pleno dia";"Crescente";"Chuva";"Simples";"Curva";"Rural";1;0;0;0;1;0;0;1
83499952;"20/09/16";"Terça";"11:10:00";"RJ";101;"170";"MACAE";"Outras";"Capotamento";"Com Vítimas Feridas";"Pleno dia";"Decrescente";"Chuva";"Simples";"Reta";"Rural";2;0;1;0;1;0;1;1
83499953;"20/09/16";"Terça";"09:50:00";"PR";116;"113";"SAO JOSE DOS PINHAIS";"Outras";"Colisão lateral";"Sem Vítimas";"Pleno dia";"Decrescente";"Ceu Claro";"Dupla";"Reta";"Urbano";2;0;0;0;1;1;0;2
83499954;"06/09/16";"Terça";"18:00:00";"PE";424;"5";"ARCOVERDE";"Animais na Pista";"Atropelamento de animal";"Ignorado";"Plena noite";"Decrescente";"Vento";"Simples";"Reta";"Urbano";1;0;0;0;0;1;0;1
83499955;"12/09/16";"Segunda";"18:50:00";"RN";304;"296,5";"MACAIBA";"Falta de atenção";"Colisão Transversal";"Com Vítimas Feridas";"Plena noite";"Crescente";"Ceu Claro";"Simples";"Reta";"Urbano";2;0;1;0;1;0;1;2
83499956;"08/09/16";"Quinta";"17:20:00";"CE";222;"5,7";"CAUCAIA";"Outras";"Queda de motocicleta / bicicleta / veículo";"Com Vítimas Feridas";"Pleno dia";"Crescente";"Sol";"Dupla";"Curva";"Urbano";1;0;1;0;0;0;1;1
83499957;"11/09/16";"Domingo";"00:10:00";"PB";230;"25";"JOAO PESSOA";"Ingestão de álcool";"Atropelamento de pessoa";"Com Vítimas Feridas";"Pleno dia";"Crescente";"Chuva";"Dupla";"Curva";"Urbano";5;0;2;1;1;1;3;2
83499958;"20/09/16";"Terça";"13:00:00";"RJ";465;"20";"NOVA IGUACU";"Outras";"Atropelamento de pessoa";"Com Vítimas Feridas";"Pleno dia";"Crescente";"Chuva";"Simples";"Reta";"Urbano";2;0;1;0;1;0;1;1
83499959;"08/09/16";"Quinta";"12:50:00";"RJ";116;"310";"ITATIAIA";"Outras";"Queda de motocicleta / bicicleta / veículo";"Com Vítimas Feridas";"Pleno dia";"Crescente";"Sol";"Dupla";"Reta";"Urbano";1;0;1;0;0;0;1;1
83499960;"20/09/16";"Terça";"13:15:00";"PR";376;"177,8";"MARINGA";"Falta de atenção";"Queda de motocicleta / bicicleta / veículo";"Com Vítimas Feridas";"Pleno dia";"Decrescente";"Ceu Claro";"Dupla";"Reta";"Urbano";1;0;1;0;0;0;1;1
83499961;"20/09/16";"Terça";"12:15:00";"SC";116;"104,4";"MONTE CASTELO";"Não guardar distância de segurança";"Colisão traseira";"Sem Vítimas";"Pleno dia";"Decrescente";"Ceu Claro";"Simples";"Curva";"Rural";3;0;0;0;3;0;0;3
83499962;"18/09/16";"Domingo";"21:00:00";"DF";70;"15";"BRASILIA";"Falta de atenção";"Colisão traseira";"Com Vítimas Feridas";"Plena noite";"Crescente";"Nublado";"Dupla";"Reta";"Rural";5;0;0;1;4;0;1;2
83499963;"20/09/16";"Terça";"12:30:00";"ES";101;"294,8";"CARIACICA";"Falta de atenção";"Colisão lateral";"Sem Vítimas";"Pleno dia";"Crescente";"Nublado";"Múltipla";"Curva";"Urbano";2;0;0;0;1;1;0;2
83499964;"17/09/16";"Sábado";"04:35:00";"PR";476;"124";"CURITIBA";"Outras";"Saída de Pista";"Sem Vítimas";"Plena noite";"Crescente";"Ignorada";"Dupla";"Reta";"Urbano";1;0;0;0;1;0;0;1
83499965;"20/09/16";"Terça";"07:20:00";"PB";230;"22,9";"JOAO PESSOA";"Falta de atenção";"Colisão traseira";"Sem Vítimas";"Plena noite";"Decrescente";"Ceu Claro";"Dupla";"Reta";"Urbano";3;0;0;0;2;1;0;3
83499966;"20/09/16";"Terça";"08:49:00";"PA";230;"643";"ALTAMIRA";"Falta de atenção";"Queda de motocicleta / bicicleta / veículo";"Com Vítimas Feridas";"Pleno dia";"Decrescente";"Ceu Claro";"Simples";"Curva";"Rural";2;0;1;1;0;0;2;1
83499967;"19/09/16";"Segunda";"13:45:00";"MG";262;"800,5";"UBERABA";"Outras";"Colisão com objeto fixo";"Sem Vítimas";"Pleno dia";"Decrescente";"Ceu Claro";"Dupla";"Reta";"Urbano";1;0;0;0;1;0;0;1
83499968;"16/09/16";"Sexta";"23:20:00";"MS";463;"105";"PONTA PORA";"Falta de atenção";"Saída de Pista";"Com Vítimas Feridas";"Plena noite";"Crescente";"Ceu Claro";"Simples";"Reta";"Rural";1;0;0;1;0;0;1;1
83499969;"18/09/16";"Domingo";"18:30:00";"BA";101;"850";"TEIXEIRA DE FREITAS";"Velocidade incompatível";"Saída de Pista";"Com Vítimas Feridas";"Plena noite";"Crescente";"Ceu Claro";"Simples";"Reta";"Rural";1;0;1;0;0;0;1;1
83499970;"20/09/16";"Terça";"13:30:00";"PR";116;"93";"SAO JOSE DOS PINHAIS";"Outras";"Saída de Pista";"Sem Vítimas";"Pleno dia";"Crescente";"Ceu Claro";"Dupla";"Reta";"Rural";1;0;0;0;1;0;0;1
83499971;"20/09/16";"Terça";"14:20:00";"RS";101;"76";"OSORIO";"Dormindo";"Saída de Pista";"Com Vítimas Feridas";"Pleno dia";"Decrescente";"Sol";"Dupla";"Curva";"Rural";2;0;2;0;0;0;2;1
83499972;"16/09/16";"Sexta";"14:30:00";"ES";101;"286,9";"CARIACICA";"Defeito mecânico em veículo";"Queda de motocicleta / bicicleta / veículo";"Com Vítimas Feridas";"Pleno dia";"Decrescente";"Ceu Claro";"Dupla";"Reta";"Urbano";2;0;2;0;0;0;2;1
83499973;"18/09/16";"Domingo";"19:15:00";"AL";101;"10,5";"NOVO LINO";"Desobediência à sinalização";"Colisão Transversal";"Com Vítimas Feridas";"Plena noite";"Crescente";"Ceu Claro";"Dupla";"Reta";"Rural";4;0;0;3;1;0;3;2
83499974;"20/09/16";"Terça";"13:15:00";"AL";104;"93";"RIO LARGO";"Falta de atenção";"Colisão lateral";"Sem Vítimas";"Pleno dia";"Crescente";"Ceu Claro";"Dupla";"Reta";"Urbano";2;0;0;0;2;0;0;2
83499975;"20/09/16";"Terça";"09:45:00";"RJ";116;"280,9";"BARRA MANSA";"Outras";"Colisão com objeto fixo";"Sem Vítimas";"Pleno dia";"Crescente";"Chuva";"Dupla";"Reta";"Rural";1;0;0;0;1;0;0;1
83499976;"20/09/16";"Terça";"11:07:00";"PA";230;"119,6";"MARABA";"Defeito mecânico em veículo";"Colisão traseira";"Com Vítimas Feridas";"Pleno dia";"Decrescente";"Sol";"Dupla";"Reta";"Urbano";3;0;1;0;2;0;1;2
83499977;"20/09/16";"Terça";"13:00:00";"PA";316;"175";"SANTA LUZIA DO PARA";"Falta de atenção";"Incêndio";"Sem Vítimas";"Pleno dia";"Decrescente";"Sol";"Simples";"Reta";"Rural";1;0;0;0;1;0;0;1
83499978;"20/09/16";"Terça";"14:00:00";"SC";282;"54,2";"AGUAS MORNAS";"Ultrapassagem indevida";"Colisão lateral";"Com Vítimas Feridas";"Pleno dia";"Crescente";"Ceu Claro";"Simples";"Curva";"Rural";2;0;1;0;1;0;1;2
83499979;"20/09/16";"Terça";"15:00:00";"SC";101;"212";"PALHOCA";"Outras";"Saída de Pista";"Com Vítimas Feridas";"Pleno dia";"Crescente";"Ceu Claro";"Dupla";"Reta";"Urbano";1;0;1;0;0;0;1;1
83499981;"20/09/16";"Terça";"09:20:00";"PA";163;"999";"SANTAREM";"Falta de atenção";"Colisão lateral";"Com Vítimas Feridas";"Pleno dia";"Decrescente";"Ceu Claro";"Dupla";"Reta";"Urbano";2;0;1;0;1;0;1;2
83499982;"19/09/16";"Segunda";"21:30:00";"MT";158;"560,3";"AGUA BOA";"Outras";"Saída de Pista";"Com Vítimas Feridas";"Plena noite";"Crescente";"Ceu Claro";"Simples";"Reta";"Rural";1;0;0;1;0;0;1;1
83499983;"20/09/16";"Terça";"12:20:00";"SC";282;"618";"IRACEMINHA";"Ultrapassagem indevida";"Colisão frontal";"Com Vítimas Feridas";"Pleno dia";"Decrescente";"Ceu Claro";"Simples";"Curva";"Rural";3;0;0;1;2;0;1;3
83499984;"13/09/16";"Terça";"19:30:00";"PB";230;"30,5";"JOAO PESSOA";"Defeito mecânico em veículo";"Incêndio";"Sem Vítimas";"Plena noite";"Crescente";"Ceu Claro";"Dupla";"Reta";"Urbano";1;0;0;0;1;0;0;1
83499985;"20/09/16";"Terça";"08:30:00";"PE";101;"62,7";"RECIFE";"Falta de atenção";"Colisão traseira";"Sem Vítimas";"Pleno dia";"Decrescente";"Ceu Claro";"Dupla";"Curva";"Urbano";3;0;0;0;3;0;0;2
83499986;"20/09/16";"Terça";"13:40:00";"SP";116;"489";"CAJATI";"Falta de atenção";"Colisão traseira";"Com Vítimas Feridas";"Pleno dia";"Crescente";"Ceu Claro";"Simples";"Reta";"Urbano";3;0;1;0;2;0;1;2
83499987;"16/09/16";"Sexta";"16:00:00";"MG";381;"480";"CONTAGEM";"Falta de atenção";"Colisão traseira";"Sem Vítimas";"Pleno dia";"Decrescente";"Sol";"Simples";"Reta";"Urbano";2;0;0;0;1;1;0;2
83499988;"17/09/16";"Sábado";"06:40:00";"GO";70;"0,2";"AGUAS LINDAS DE GOIAS";"Ingestão de álcool";"Capotamento";"Com Vítimas Feridas";"Pleno dia";"Crescente";"Ceu Claro";"Dupla";"Reta";"Urbano";4;0;2;0;2;0;2;1
83499990;"20/09/16";"Terça";"06:40:00";"MS";60;"515,7";"NIOAQUE";"Defeito mecânico em veículo";"Saída de Pista";"Com Vítimas Fatais";"Amanhecer";"Crescente";"Ceu Claro";"Simples";"Curva";"Rural";2;1;0;1;0;0;1;1
83499991;"16/09/16";"Sexta";"11:20:00";"BA";101;"361";"WENCESLAU GUIMARAES";"Falta de atenção";"Colisão Transversal";"Com Vítimas Feridas";"Pleno dia";"Crescente";"Ceu Claro";"Simples";"Curva";"Rural";2;0;1;0;1;0;1;2
83499992;"20/09/16";"Terça";"16:00:00";"RJ";116;"118";"MAGE";"Outras";"Saída de Pista";"Sem Vítimas";"Pleno dia";"Decrescente";"Chuva";"Dupla";"Reta";"Urbano";1;0;0;0;1;0;0;1
83499993;"20/09/16";"Terça";"13:45:00";"SC";153;"59";"IRANI";"Desobediência à sinalização";"Colisão Transversal";"Sem Vítimas";"Pleno dia";"Decrescente";"Sol";"Simples";"Cruzamento";"Rural";2;0;0;0;2;0;0;2
83499994;"20/09/16";"Terça";"14:15:00";"SC";158;"101";"CUNHA PORA";"Falta de atenção";"Tombamento";"Com Vítimas Feridas";"Pleno dia";"Crescente";"Sol";"Simples";"Curva";"Rural";2;0;1;1;0;0;2;1
83499995;"20/09/16";"Terça";"14:47:00";"SP";116;"220,8";"GUARULHOS";"Não guardar distância de segurança";"Colisão traseira";"Com Vítimas Feridas";"Pleno dia";"Decrescente";"Ceu Claro";"Dupla";"Reta";"Urbano";2;0;1;0;1;0;1;2
83499996;"18/09/16";"Domingo";"05:10:00";"RS";392;"281";"SAO SEPE";"Desobediência à sinalização";"Colisão frontal";"Com Vítimas Fatais";"Plena noite";"Crescente";"Ceu Claro";"Simples";"Reta";"Rural";3;2;0;0;1;0;0;2
83499997;"20/09/16";"Terça";"11:30:00";"RN";427;"144,2";"SERRA NEGRA DO NORTE";"Defeito na via";"Saída de Pista";"Com Vítimas Feridas";"Pleno dia";"Decrescente";"Ceu Claro";"Simples";"Reta";"Rural";1;0;1;0;0;0;1;1
83500000;"20/09/16";"Terça";"16:30:00";"MA";135;"7,6";"SAO LUIS";"Falta de atenção";"Colisão lateral";"Com Vítimas Feridas";"Pleno dia";"Decrescente";"Ceu Claro";"Dupla";"Cruzamento";"Urbano";2;0;1;0;1;0;1;2
83500001;"20/09/16";"Terça";"16:20:00";"DF";60;"25";"BRASILIA";"Outras";"Capotamento";"Sem Vítimas";"Pleno dia";"Decrescente";"Chuva";"Dupla";"Curva";"Rural";1;0;0;0;1;0;0;1
83500002;"17/09/16";"Sábado";"00:10:00";"SP";116;"224";"GUARULHOS";"Ingestão de álcool";"Capotamento";"Com Vítimas Fatais";"Plena noite";"Crescente";"Nublado";"Múltipla";"Reta";"Urbano";5;1;1;1;2;0;2;2
83500003;"20/09/16";"Terça";"14:50:00";"MT";163;"526";"DIAMANTINO";"Falta de atenção";"Capotamento";"Com Vítimas Feridas";"Pleno dia";"Crescente";"Ignorada";"Simples";"Reta";"Rural";1;0;1;0;0;0;1;1
83500005;"20/09/16";"Terça";"14:30:00";"MG";116;"781";"LEOPOLDINA";"Defeito mecânico em veículo";"Tombamento";"Sem Vítimas";"Pleno dia";"Decrescente";"Nublado";"Simples";"Curva";"Rural";1;0;0;0;1;0;0;1
83500006;"20/09/16";"Terça";"14:30:00";"PR";277;"122,8";"CAMPO LARGO";"Ultrapassagem indevida";"Colisão lateral";"Sem Vítimas";"Pleno dia";"Crescente";"Ceu Claro";"Simples";"Curva";"Urbano";2;0;0;0;2;0;0;2
83500007;"15/08/16";"Segunda";"16:38:00";"RJ";101;"289";"ITABORAI";"Defeito na via";"Colisão com objeto fixo";"Com Vítimas Feridas";"Pleno dia";"Crescente";"Ceu Claro";"Dupla";"Reta";"Rural";3;0;1;1;1;0;2;1
83500008;"17/09/16";"Sábado";"08:30:00";"PB";101;"78";"SANTA RITA";"Dormindo";"Colisão traseira";"Com Vítimas Feridas";"Pleno dia";"Decrescente";"Sol";"Dupla";"Reta";"Rural";2;0;0;1;1;0;1;2
83500009;"16/09/16";"Sexta";"17:40:00";"GO";60;"359";"RIO VERDE";"Dormindo";"Saída de Pista";"Com Vítimas Feridas";"Pleno dia";"Decrescente";"Ceu Claro";"Dupla";"Reta";"Rural";1;0;1;0;0;0;1;1
83500010;"20/09/16";"Terça";"14:55:00";"RO";364;"343,9";"JI-PARANA";"Desobediência à sinalização";"Colisão lateral";"Com Vítimas Feridas";"Pleno dia";"Decrescente";"Sol";"Dupla";"Reta";"Rural";2;0;1;0;1;0;1;2
83500011;"19/09/16";"Segunda";"19:00:00";"MT";364;"151";"PEDRA PRETA";"Outras";"Atropelamento de pessoa";"Com Vítimas Fatais";"Plena noite";"Crescente";"Ceu Claro";"Simples";"Reta";"Rural";2;1;0;0;1;0;0;1
83500012;"20/09/16";"Terça";"17:20:00";"MG";364;"29,8";"FRUTAL";"Falta de atenção";"Colisão Transversal";"Sem Vítimas";"Pleno dia";"Decrescente";"Ceu Claro";"Simples";"Reta";"Urbano";3;0;0;0;3;0;0;2
83500013;"20/09/16";"Terça";"17:30:00";"RJ";116;"136";"DUQUE DE CAXIAS";"Outras";"Colisão com objeto fixo";"Com Vítimas Feridas";"Amanhecer";"Crescente";"Chuva";"Dupla";"Reta";"Urbano";3;0;1;0;2;0;1;1
83500014;"20/09/16";"Terça";"17:20:00";"PR";277;"637,1";"CEU AZUL";"Não guardar distância de segurança";"Queda de motocicleta / bicicleta / veículo";"Com Vítimas Feridas";"Pleno dia";"Decrescente";"Sol";"Simples";"Reta";"Rural";1;0;0;1;0;0;1;1
83500015;"20/09/16";"Terça";"17:45:00";"SC";282;"4,5";"SAO JOSE";"Falta de atenção";"Colisão lateral";"Com Vítimas Feridas";"Pleno dia";"Crescente";"Ceu Claro";"Dupla";"Reta";"Urbano";2;0;1;0;1;0;1;2
83500016;"20/09/16";"Terça";"12:30:00";"MT";70;"238";"POXOREO";"Falta de atenção";"Colisão traseira";"Com Vítimas Feridas";"Pleno dia";"Crescente";"Ceu Claro";"Simples";"Reta";"Rural";2;0;1;0;1;0;1;2
83500018;"20/09/16";"Terça";"16:00:00";"MT";70;"699";"CACERES";"Defeito mecânico em veículo";"Queda de motocicleta / bicicleta / veículo";"Com Vítimas Feridas";"Pleno dia";"Decrescente";"Nublado";"Simples";"Reta";"Rural";2;0;2;0;0;0;2;1
83500019;"20/09/16";"Terça";"16:10:00";"MG";459;"57,5";"IPUIUNA";"Velocidade incompatível";"Colisão Transversal";"Com Vítimas Feridas";"Pleno dia";"Crescente";"Ceu Claro";"Simples";"Reta";"Urbano";4;0;1;1;2;0;2;2
83500020;"20/09/16";"Terça";"12:00:00";"MG";251;"337,8";"FRUTA DE LEITE";"Defeito mecânico em veículo";"Incêndio";"Sem Vítimas";"Pleno dia";"Crescente";"Sol";"Simples";"Curva";"Urbano";2;0;0;0;2;0;0;1
83500021;"17/09/16";"Sábado";"06:00:00";"GO";153;"505,3";"APARECIDA DE GOIANIA";"Ingestão de álcool";"Saída de Pista";"Com Vítimas Feridas";"Amanhecer";"Crescente";"Ceu Claro";"Dupla";"Reta";"Urbano";1;0;1;0;0;0;1;1
83500022;"20/09/16";"Terça";"18:10:00";"PR";277;"454";"LARANJEIRAS DO SUL";"Outras";"Queda de motocicleta / bicicleta / veículo";"Com Vítimas Feridas";"Plena noite";"Crescente";"Ceu Claro";"Simples";"Curva";"Urbano";1;0;1;0;0;0;1;1
83500023;"20/09/16";"Terça";"11:30:00";"MG";381;"384";"SAO GONCALO DO RIO ABAIXO";"Velocidade incompatível";"Saída de Pista";"Com Vítimas Feridas";"Pleno dia";"Crescente";"Nublado";"Simples";"Curva";"Rural";1;0;0;1;0;0;1;1
83500024;"18/09/16";"Domingo";"05:10:00";"MG";381;"908,2";"CAMBUI";"Falta de atenção";"Colisão com objeto fixo";"Sem Vítimas";"Amanhecer";"Decrescente";"Nublado";"Dupla";"Curva";"Rural";2;0;0;0;1;1;0;2
83500025;"20/09/16";"Terça";"17:32:00";"RO";319;"59,5";"PORTO VELHO";"Falta de atenção";"Colisão lateral";"Com Vítimas Feridas";"Pleno dia";"Crescente";"Nublado";"Dupla";"Reta";"Urbano";2;0;1;0;1;0;1;2
83500026;"20/09/16";"Terça";"17:30:00";"BA";116;"20";"VITORIA DA CONQUISTA";"Falta de atenção";"Colisão Transversal";"Com Vítimas Feridas";"Anoitecer";"Decrescente";"Ceu Claro";"Simples";"Reta";"Urbano";2;0;1;0;1;0;1;2
83500027;"08/09/16";"Quinta";"13:08:00";"AP";210;"1";"MACAPA";"Desobediência à sinalização";"Colisão Transversal";"Com Vítimas Feridas";"Pleno dia";"Crescente";"Ceu Claro";"Simples";"Cruzamento";"Urbano";2;0;1;0;1;0;1;2
83500028;"20/09/16";"Terça";"17:00:00";"PA";316;"16";"MARITUBA";"Falta de atenção";"Colisão traseira";"Com Vítimas Feridas";"Pleno dia";"Decrescente";"Nublado";"Dupla";"Reta";"Urbano";5;0;2;0;3;0;2;3
83500029;"20/09/16";"Terça";"18:00:00";"MG";381;"434";"SABARA";"Outras";"Capotamento";"Sem Vítimas";"Anoitecer";"Crescente";"Chuva";"Simples";"Curva";"Rural";1;0;0;0;1;0;0;1
83500030;"20/09/16";"Terça";"15:55:00";"PA";230;"614";"VITORIA DO XINGU";"Desobediência à sinalização";"Colisão frontal";"Com Vítimas Fatais";"Pleno dia";"Crescente";"Ceu Claro";"Simples";"Reta";"Rural";3;1;0;0;2;0;0;2
83500031;"19/09/16";"Segunda";"17:15:00";"SC";101;"379";"ICARA";"Ingestão de álcool";"Capotamento";"Com Vítimas Feridas";"Pleno dia";"Crescente";"Nublado";"Dupla";"Reta";"Urbano";2;0;1;1;0;0;2;1