"id";"data_inversa";"dia_semana";"horario";"uf";"br";"km";"municipio";"causa_acidente";"tipo_acidente";"classificacao_acidente";"fase_dia";"sentido_via";"condicao_metereologica";"tipo_pista";"tracado_via";"uso_solo";"pessoas";"mortos";"feridos_leves";"feridos_graves";"ilesos";"ignorados";"feridos";"veiculos"
83500141;"20/09/16";"Terça";"21:00:00";"MG";40;"118,9";"LAGOA GRANDE";"Desobediência à sinalização";"Colisão Transversal";"Com Vítimas Feridas";"Plena noite";"Crescente";"Ceu Claro";"Simples";"Reta";"Rural";2;0;0;1;1;0;1;2
83500142;"21/09/16";"Quarta";"04:00:00";"RJ";116;"180";"NOVA IGUACU";"Ingestão de álcool";"Colisão com objeto fixo";"Com Vítimas Feridas";"Plena noite";"Crescente";"Nublado";"Dupla";"Curva";"Urbano";3;0;0;1;2;0;1;2
83500143;"18/09/16";"Domingo";"00:30:00";"MG";262;"52";"MANHUACU";"Velocidade incompatível";"Queda de motocicleta / bicicleta / veículo";"Com Vítimas Feridas";"Plena noite";"Decrescente";"Ceu Claro";"Simples";"Curva";"Urbano";1;0;0;1;0;0;1;1
83500144;"03/06/16";"Sexta";"09:00:00";"SC";280;"66,3";"JARAGUA DO SUL";"Falta de atenção";"Colisão Transversal";"Com Vítimas Feridas";"Pleno dia";"Decrescente";"Ceu Claro";"Simples";"Reta";"Urbano";2;0;1;0;1;0;1;2
83500145;"18/09/16";"Domingo";"02:05:00";"MG";381;"239,9";"SANTANA DO PARAISO";"Defeito mecânico em veículo";"Colisão traseira";"Com Vítimas Feridas";"Plena noite";"Decrescente";"Ceu Claro";"Simples";"Reta";"Rural";2;0;0;1;1;0;1;2
83500146;"21/09/16";"Quarta";"07:38:00";"PR";376;"665";"GUARATUBA";"Velocidade incompatível";"Saída de Pista";"Com Vítimas Feridas";"Pleno dia";"Crescente";"Chuva";"Dupla";"Curva";"Rural";2;0;1;0;1;0;1;1
83500147;"13/09/16";"Terça";"09:30:00";"SC";101;"201,2";"SAO JOSE";"Defeito na via";"Colisão Transversal";"Sem Vítimas";"Pleno dia";"Decrescente";"Nublado";"Dupla";"Reta";"Urbano";2;0;0;0;1;1;0;2
83500148;"17/09/16";"Sábado";"23:25:00";"PB";230;"128,1";"MASSARANDUBA";"Animais na Pista";"Saída de Pista";"Sem Vítimas";"Plena noite";"Crescente";"Ceu Claro";"Dupla";"Reta";"Rural";2;0;0;0;2;0;0;1
83500149;"08/09/16";"Quinta";"18:00:00";"CE";116;"378,5";"ICO";"Outras";"Capotamento";"Sem Vítimas";"Plena noite";"Decrescente";"Ceu Claro";"Simples";"Curva";"Rural";2;0;0;0;2;0;0;1
83500151;"18/09/16";"Domingo";"07:15:00";"SC";282;"207";"LAGES";"Velocidade incompatível";"Colisão com objeto fixo";"Sem Vítimas";"Pleno dia";"Crescente";"Chuva";"Simples";"Cruzamento";"Rural";1;0;0;0;1;0;0;1
83500152;"17/09/16";"Sábado";"22:00:00";"RJ";116;"276";"BARRA MANSA";"Outras";"Queda de motocicleta / bicicleta / veículo";"Com Vítimas Feridas";"Plena noite";"Decrescente";"Nublado";"Simples";"Reta";"Urbano";1;0;1;0;0;0;1;1
83500153;"20/09/16";"Terça";"22:00:00";"MT";158;"486";"CANARANA";"Defeito mecânico em veículo";"Incêndio";"Sem Vítimas";"Plena noite";"Crescente";"Ceu Claro";"Simples";"Reta";"Rural";1;0;0;0;1;0;0;1
83500154;"21/09/16";"Quarta";"08:10:00";"RS";116;"300";"GUAIBA";"Falta de atenção";"Colisão com objeto fixo";"Sem Vítimas";"Pleno dia";"Decrescente";"Sol";"Dupla";"Reta";"Urbano";1;0;0;0;1;0;0;1
83500155;"21/09/16";"Quarta";"07:25:00";"RS";392;"0,5";"RIO GRANDE";"Outras";"Saída de Pista";"Sem Vítimas";"Pleno dia";"Decrescente";"Ceu Claro";"Simples";"Reta";"Urbano";1;0;0;0;1;0;0;1
83500156;"21/09/16";"Quarta";"07:45:00";"RS";290;"89";"PORTO ALEGRE";"Não guardar distância de segurança";"Colisão lateral";"Com Vítimas Feridas";"Pleno dia";"Crescente";"Ceu Claro";"Dupla";"Reta";"Urbano";3;0;1;0;2;0;1;3
83500157;"21/09/16";"Quarta";"01:20:00";"MS";163;"75,9";"ITAQUIRAI";"Ingestão de álcool";"Saída de Pista";"Sem Vítimas";"Plena noite";"Crescente";"Ceu Claro";"Simples";"Reta";"Rural";1;0;0;0;1;0;0;1
83500158;"21/09/16";"Quarta";"08:00:00";"SC";101;"208,6";"SAO JOSE";"Outras";"Tombamento";"Com Vítimas Feridas";"Pleno dia";"Crescente";"Nublado";"Múltipla";"Cruzamento";"Urbano";1;0;0;1;0;0;1;1
83500159;"21/09/16";"Quarta";"06:40:00";"ES";262;"6,9";"CARIACICA";"Desobediência à sinalização";"Colisão Transversal";"Sem Vítimas";"Pleno dia";"Decrescente";"Nublado";"Múltipla";"Cruzamento";"Urbano";2;0;0;0;2;0;0;2
83500160;"17/09/16";"Sábado";"15:55:00";"PR";163;"151,5";"SANTA LUCIA";"Velocidade incompatível";"Colisão traseira";"Sem Vítimas";"Pleno dia";"Decrescente";"Ceu Claro";"Simples";"Reta";"Urbano";3;0;0;0;3;0;0;3
83500161;"19/09/16";"Segunda";"06:50:00";"MT";364;"487";"JANGADA";"Velocidade incompatível";"Saída de Pista";"Sem Vítimas";"Amanhecer";"Crescente";"Chuva";"Dupla";"Reta";"Rural";1;0;0;0;1;0;0;1
83500162;"18/09/16";"Domingo";"20:05:00";"DF";70;"7,2";"BRASILIA";"Outras";"Saída de Pista";"Com Vítimas Feridas";"Plena noite";"Decrescente";"Ceu Claro";"Dupla";"Reta";"Urbano";3;0;2;1;0;0;3;1
83500163;"18/09/16";"Domingo";"07:00:00";"BA";367;"72,9";"EUNAPOLIS";"Outras";"Colisão com objeto fixo";"Sem Vítimas";"Pleno dia";"Decrescente";"Ceu Claro";"Simples";"Curva";"Rural";2;0;0;0;2;0;0;1
83500164;"16/09/16";"Sexta";"17:50:00";"GO";60;"399";"RIO VERDE";"Velocidade incompatível";"Tombamento";"Sem Vítimas";"Pleno dia";"Decrescente";"Ceu Claro";"Dupla";"Curva";"Rural";1;0;0;0;1;0;0;1
83500165;"21/09/16";"Quarta";"07:25:00";"SC";101;"216";"PALHOCA";"Outras";"Colisão lateral";"Com Vítimas Feridas";"Pleno dia";"Decrescente";"Ceu Claro";"Múltipla";"Reta";"Urbano";2;0;2;0;0;0;2;2
83500166;"17/09/16";"Sábado";"19:50:00";"PR";163;"151,3";"SANTA LUCIA";"Desobediência à sinalização";"Colisão Transversal";"Com Vítimas Feridas";"Plena noite";"Decrescente";"Ceu Claro";"Simples";"Reta";"Urbano";2;0;1;0;1;0;1;2
83500167;"17/09/16";"Sábado";"19:00:00";"ES";101;"385";"ICONHA";"Falta de atenção";"Colisão Transversal";"Com Vítimas Feridas";"Plena noite";"Crescente";"Nublado";"Simples";"Reta";"Rural";2;0;0;1;1;0;1;2
83500168;"18/09/16";"Domingo";"07:05:00";"MT";163;"563,8";"NOVA MUTUM";"Ultrapassagem indevida";"Colisão lateral";"Com Vítimas Fatais";"Pleno dia";"Crescente";"Sol";"Simples";"Curva";"Rural";4;1;0;0;3;0;0;2
83500169;"18/09/16";"Domingo";"01:10:00";"RR";174;"547";"BOA VISTA";"Velocidade incompatível";"Saída de Pista";"Com Vítimas Fatais";"Plena noite";"Decrescente";"Ceu Claro";"Simples";"Reta";"Rural";1;1;0;0;0;0;0;1
83500170;"21/09/16";"Quarta";"09:25:00";"SC";280;"52,1";"GUARAMIRIM";"Falta de atenção";"Colisão com bicicleta";"Com Vítimas Feridas";"Pleno dia";"Crescente";"Ceu Claro";"Simples";"Reta";"Urbano";2;0;1;0;1;0;1;2
83500171;"21/09/16";"Quarta";"08:30:00";"SP";116;"430,8";"REGISTRO";"Defeito mecânico em veículo";"Colisão lateral";"Sem Vítimas";"Pleno dia";"Crescente";"Nublado";"Dupla";"Reta";"Rural";5;0;0;0;5;0;0;2
83500172;"20/09/16";"Terça";"22:00:00";"PA";10;"339";"SAO MIGUEL DO GUAMA";"Outras";"Tombamento";"Sem Vítimas";"Plena noite";"Crescente";"Ceu Claro";"Simples";"Reta";"Rural";1;0;0;0;1;0;0;1
83500173;"16/09/16";"Sexta";"20:00:00";"RN";110;"91,1";"UPANEMA";"Animais na Pista";"Atropelamento de animal";"Com Vítimas Feridas";"Plena noite";"Crescente";"Ceu Claro";"Simples";"Reta";"Rural";2;0;1;1;0;0;2;1
83500174;"21/09/16";"Quarta";"03:00:00";"GO";60;"285";"ACREUNA";"Defeito mecânico em veículo";"Colisão traseira";"Sem Vítimas";"Plena noite";"Crescente";"Ceu Claro";"Dupla";"Reta";"Rural";2;0;0;0;2;0;0;2
83500175;"21/09/16";"Quarta";"09:45:00";"SP";116;"564,1";"BARRA DO TURVO";"Velocidade incompatível";"Colisão com objeto fixo";"Sem Vítimas";"Pleno dia";"Crescente";"Chuva";"Simples";"Curva";"Rural";1;0;0;0;1;0;0;1
83500176;"21/09/16";"Quarta";"09:20:00";"PR";376;"592,1";"CURITIBA";"Velocidade incompatível";"Colisão traseira";"Com Vítimas Feridas";"Pleno dia";"Decrescente";"Sol";"Dupla";"Reta";"Urbano";2;0;1;0;1;0;1;2
83500177;"17/09/16";"Sábado";"20:25:00";"PR";153;"41,3";"SANTO ANTONIO DA PLATINA";"Não guardar distância de segurança";"Colisão traseira";"Sem Vítimas";"Plena noite";"Decrescente";"Ceu Claro";"Simples";"Cruzamento";"Urbano";3;0;0;0;2;1;0;2
83500178;"24/07/16";"Domingo";"06:30:00";"SC";101;"292";"IMBITUBA";"Ingestão de álcool";"Colisão traseira";"Sem Vítimas";"Amanhecer";"Crescente";"Nublado";"Múltipla";"Reta";"Rural";2;0;0;0;2;0;0;2
83500179;"09/06/16";"Quinta";"14:50:00";"RN";226;"173,1";"CURRAIS NOVOS";"Não guardar distância de segurança";"Colisão Transversal";"Com Vítimas Feridas";"Pleno dia";"Crescente";"Ceu Claro";"Simples";"Reta";"Urbano";4;0;2;2;0;0;4;2
83500181;"18/09/16";"Domingo";"02:00:00";"MG";381;"487";"BETIM";"Outras";"Capotamento";"Com Vítimas Feridas";"Plena noite";"Decrescente";"Ceu Claro";"Dupla";"Curva";"Urbano";1;0;1;0;0;0;1;1
83500182;"17/09/16";"Sábado";"09:35:00";"RN";304;"297,7";"MACAIBA";"Outras";"Queda de motocicleta / bicicleta / veículo";"Com Vítimas Feridas";"Pleno dia";"Decrescente";"Ceu Claro";"Dupla";"Cruzamento";"Urbano";3;0;1;0;0;2;1;2
83500183;"21/09/16";"Quarta";"08:30:00";"RJ";40;"17";"TRES RIOS";"Defeito mecânico em veículo";"Colisão com objeto fixo";"Com Vítimas Feridas";"Pleno dia";"Crescente";"Ceu Claro";"Dupla";"Curva";"Rural";2;0;1;0;1;0;1;1
83500185;"17/09/16";"Sábado";"21:50:00";"BA";101;"186";"SAO GONCALO DOS CAMPOS";"Animais na Pista";"Atropelamento de animal";"Com Vítimas Feridas";"Plena noite";"Crescente";"Nublado";"Simples";"Reta";"Rural";1;0;1;0;0;0;1;1
83500186;"21/09/16";"Quarta";"07:30:00";"MT";364;"205,4";"RONDONOPOLIS";"Falta de atenção";"Atropelamento de pessoa";"Com Vítimas Feridas";"Pleno dia";"Decrescente";"Sol";"Dupla";"Reta";"Urbano";2;0;1;0;1;0;1;1
83500187;"20/09/16";"Terça";"16:00:00";"PI";343;"41";"BURITI DOS LOPES";"Outras";"Tombamento";"Com Vítimas Feridas";"Pleno dia";"Crescente";"Sol";"Simples";"Curva";"Rural";1;0;1;0;0;0;1;1
83500188;"17/09/16";"Sábado";"20:45:00";"RN";101;"152,1";"GOIANINHA";"Ingestão de álcool";"Colisão frontal";"Com Vítimas Fatais";"Plena noite";"Crescente";"Ceu Claro";"Dupla";"Reta";"Rural";9;1;7;0;1;0;7;3
83500189;"21/09/16";"Quarta";"07:40:00";"MT";163;"119,8";"RONDONOPOLIS";"Falta de atenção";"Colisão Transversal";"Com Vítimas Feridas";"Pleno dia";"Crescente";"Ceu Claro";"Dupla";"Reta";"Urbano";2;0;1;0;1;0;1;2
83500191;"20/09/16";"Terça";"06:36:00";"SC";470;"53,1";"BLUMENAU";"Outras";"Colisão Transversal";"Com Vítimas Feridas";"Pleno dia";"Decrescente";"Sol";"Simples";"Reta";"Urbano";2;0;1;1;0;0;2;2
83500192;"19/09/16";"Segunda";"19:00:00";"MG";50;"190,5";"UBERABA";"Outras";"Colisão com objeto móvel";"Com Vítimas Feridas";"Plena noite";"Crescente";"Chuva";"Dupla";"Reta";"Rural";5;0;1;0;4;0;1;5
83500193;"21/09/16";"Quarta";"09:00:00";"RJ";393;"232";"VASSOURAS";"Outras";"Queda de motocicleta / bicicleta / veículo";"Com Vítimas Feridas";"Pleno dia";"Decrescente";"Ceu Claro";"Simples";"Reta";"Rural";2;0;2;0;0;0;2;1
83500194;"21/09/16";"Quarta";"08:30:00";"MG";381;"478";"CONTAGEM";"Outras";"Colisão traseira";"Com Vítimas Feridas";"Pleno dia";"Decrescente";"Nublado";"Dupla";"Reta";"Urbano";3;0;2;0;1;0;2;2
83500195;"21/09/16";"Quarta";"11:00:00";"SC";101;"203";"SAO JOSE";"Falta de atenção";"Colisão lateral";"Com Vítimas Feridas";"Pleno dia";"Crescente";"Ceu Claro";"Múltipla";"Curva";"Urbano";2;0;0;1;1;0;1;2
83500197;"21/09/16";"Quarta";"10:55:00";"MG";381;"444";"SABARA";"Outras";"Colisão traseira";"Com Vítimas Feridas";"Pleno dia";"Decrescente";"Ceu Claro";"Simples";"Reta";"Urbano";3;0;0;1;2;0;1;2
83500198;"17/09/16";"Sábado";"14:30:00";"MG";116;"751,4";"LEOPOLDINA";"Outras";"Colisão lateral";"Sem Vítimas";"Pleno dia";"Decrescente";"Sol";"Simples";"Reta";"Rural";2;0;0;0;2;0;0;2
83500199;"21/09/16";"Quarta";"11:15:00";"AL";316;"83,3";"SANTANA DO IPANEMA";"Falta de atenção";"Colisão Transversal";"Com Vítimas Feridas";"Pleno dia";"Decrescente";"Ceu Claro";"Simples";"Reta";"Urbano";2;0;1;0;1;0;1;2
83500200;"21/09/16";"Quarta";"08:50:00";"BA";101;"930";"MUCURI";"Falta de atenção";"Saída de Pista";"Com Vítimas Feridas";"Pleno dia";"Decrescente";"Chuva";"Simples";"Reta";"Rural";2;0;1;1;0;0;2;1
83500201;"21/09/16";"Quarta";"10:30:00";"SP";116;"561";"BARRA DO TURVO";"Velocidade incompatível";"Saída de Pista";"Sem Vítimas";"Pleno dia";"Crescente";"Chuva";"Dupla";"Curva";"Rural";1;0;0;0;1;0;0;1
83500202;"21/09/16";"Quarta";"11:30:00";"SP";116;"565";"BARRA DO TURVO";"Velocidade incompatível";"Colisão com objeto fixo";"Sem Vítimas";"Pleno dia";"Crescente";"Chuva";"Simples";"Curva";"Rural";2;0;0;0;2;0;0;1
83500203;"25/08/16";"Quinta";"15:55:00";"AP";210;"1";"MACAPA";"Falta de atenção";"Colisão lateral";"Sem Vítimas";"Pleno dia";"Decrescente";"Ceu Claro";"Dupla";"Reta";"Urbano";3;0;0;0;3;0;0;2
83500204;"18/09/16";"Domingo";"03:10:00";"MG";381;"711";"CARMO DA CACHOEIRA";"Falta de atenção";"Saída de Pista";"Sem Vítimas";"Plena noite";"Crescente";"Nublado";"Dupla";"Reta";"Rural";1;0;0;0;1;0;0;1
83500205;"21/09/16";"Quarta";"09:30:00";"RS";290;"96";"PORTO ALEGRE";"Outras";"Colisão traseira";"Com Vítimas Feridas";"Pleno dia";"Crescente";"Ceu Claro";"Dupla";"Reta";"Urbano";2;0;1;0;1;0;1;2
83500206;"19/09/16";"Segunda";"13:00:00";"MG";365;"656";"UBERLANDIA";"Outras";"Colisão traseira";"Com Vítimas Feridas";"Pleno dia";"Crescente";"Ceu Claro";"Dupla";"Reta";"Rural";6;0;3;2;1;0;5;2
83500207;"21/09/16";"Quarta";"07:10:00";"SP";153;"61";"SAO JOSE DO RIO PRETO";"Outras";"Colisão lateral";"Com Vítimas Feridas";"Pleno dia";"Crescente";"Sol";"Dupla";"Reta";"Urbano";2;0;1;0;1;0;1;2
83500208;"13/09/16";"Terça";"11:00:00";"RJ";116;"276";"BARRA MANSA";"Outras";"Colisão lateral";"Sem Vítimas";"Pleno dia";"Crescente";"Ceu Claro";"Simples";"Reta";"Rural";2;0;0;0;2;0;0;2
83500209;"17/09/16";"Sábado";"08:50:00";"MG";116;"781,1";"LEOPOLDINA";"Outras";"Colisão com objeto fixo";"Sem Vítimas";"Pleno dia";"Decrescente";"Nublado";"Simples";"Curva";"Rural";1;0;0;0;1;0;0;1
83500210;"19/09/16";"Segunda";"09:20:00";"MG";40;"142,9";"JOAO PINHEIRO";"Falta de atenção";"Colisão Transversal";"Com Vítimas Feridas";"Pleno dia";"Crescente";"Sol";"Simples";"Reta";"Urbano";2;0;0;1;1;0;1;2
83500211;"17/09/16";"Sábado";"22:00:00";"PE";232;"99";"BEZERROS";"Falta de atenção";"Atropelamento de animal";"Com Vítimas Feridas";"Plena noite";"Crescente";"Ceu Claro";"Múltipla";"Reta";"Urbano";1;0;0;1;0;0;1;1
83500212;"17/09/16";"Sábado";"23:20:00";"GO";153;"492";"GOIANIA";"Outras";"Queda de motocicleta / bicicleta / veículo";"Com Vítimas Feridas";"Plena noite";"Crescente";"Ceu Claro";"Dupla";"Reta";"Urbano";1;0;0;1;0;0;1;1
83500213;"21/09/16";"Quarta";"10:50:00";"SE";235;"54";"ITABAIANA";"Falta de atenção";"Colisão Transversal";"Sem Vítimas";"Pleno dia";"Crescente";"Sol";"Simples";"Reta";"Rural";2;0;0;0;2;0;0;2
83500214;"08/08/16";"Segunda";"16:00:00";"BA";418;"92";"NOVA VICOSA";"Falta de atenção";"Colisão Transversal";"Com Vítimas Feridas";"Pleno dia";"Decrescente";"Ceu Claro";"Simples";"Reta";"Urbano";2;0;0;1;1;0;1;2
83500215;"21/09/16";"Quarta";"12:30:00";"SE";101;"87,7";"NOSSA SENHORA DO SOCORRO";"Velocidade incompatível";"Colisão com bicicleta";"Com Vítimas Feridas";"Pleno dia";"Decrescente";"Ceu Claro";"Dupla";"Reta";"Rural";2;0;1;0;1;0;1;2
83500216;"17/09/16";"Sábado";"08:40:00";"MG";354;"731,6";"POUSO ALTO";"Dormindo";"Saída de Pista";"Com Vítimas Feridas";"Pleno dia";"Crescente";"Ceu Claro";"Simples";"Curva";"Rural";1;0;1;0;0;0;1;1
83500217;"21/09/16";"Quarta";"10:00:00";"MT";364;"401";"CUIABA";"Ultrapassagem indevida";"Colisão lateral";"Com Vítimas Feridas";"Pleno dia";"Crescente";"Ceu Claro";"Simples";"Reta";"Urbano";2;0;1;0;1;0;1;2
83500218;"18/09/16";"Domingo";"23:30:00";"BA";110;"129";"CICERO DANTAS";"Falta de atenção";"Colisão frontal";"Com Vítimas Fatais";"Plena noite";"Decrescente";"Ceu Claro";"Simples";"Reta";"Rural";6;4;0;1;0;1;1;2
83500219;"21/09/16";"Quarta";"12:15:00";"MG";116;"479,5";"DOM CAVATI";"Velocidade incompatível";"Saída de Pista";"Com Vítimas Feridas";"Pleno dia";"Crescente";"Chuva";"Simples";"Reta";"Urbano";1;0;1;0;0;0;1;1
83500220;"10/09/16";"Sábado";"04:48:00";"RJ";116;"124";"MAGE";"Outras";"Colisão com objeto fixo";"Ignorado";"Amanhecer";"Crescente";"Ignorada";"Dupla";"Reta";"Rural";1;0;0;0;0;1;0;1
83500221;"18/09/16";"Domingo";"01:40:00";"RJ";101;"310";"SAO GONCALO";"Outras";"Colisão traseira";"Com Vítimas Feridas";"Plena noite";"Decrescente";"Ceu Claro";"Dupla";"Reta";"Urbano";2;0;1;0;1;0;1;2
83500222;"21/09/16";"Quarta";"13:20:00";"RS";116;"40,3";"VACARIA";"Desobediência à sinalização";"Colisão Transversal";"Com Vítimas Feridas";"Pleno dia";"Decrescente";"Ceu Claro";"Simples";"Cruzamento";"Urbano";2;0;1;0;1;0;1;2
83500223;"18/09/16";"Domingo";"02:00:00";"MG";50;"35";"ARAGUARI";"Ingestão de álcool";"Saída de Pista";"Com Vítimas Feridas";"Plena noite";"Decrescente";"Nublado";"Dupla";"Reta";"Rural";2;0;1;0;1;0;1;1
83500224;"29/08/16";"Segunda";"08:00:00";"GO";153;"640,5";"MORRINHOS";"Falta de atenção";"Saída de Pista";"Com Vítimas Feridas";"Pleno dia";"Decrescente";"Ceu Claro";"Dupla";"Reta";"Rural";4;0;1;1;2;0;2;1
83500225;"17/09/16";"Sábado";"16:50:00";"PR";476;"298,5";"SAO MATEUS DO SUL";"Falta de atenção";"Colisão Transversal";"Sem Vítimas";"Pleno dia";"Crescente";"Ceu Claro";"Simples";"Reta";"Urbano";2;0;0;0;1;1;0;2
83500226;"21/09/16";"Quarta";"06:00:00";"SC";101;"412,2";"ARARANGUA";"Outras";"Queda de motocicleta / bicicleta / veículo";"Com Vítimas Feridas";"Amanhecer";"Crescente";"Nublado";"Simples";"Cruzamento";"Urbano";1;0;1;0;0;0;1;1
83500227;"21/09/16";"Quarta";"10:00:00";"MG";381;"315";"NOVA ERA";"Velocidade incompatível";"Saída de Pista";"Sem Vítimas";"Pleno dia";"Decrescente";"Chuva";"Simples";"Curva";"Rural";3;0;0;0;3;0;0;2
83500228;"20/09/16";"Terça";"06:50:00";"ES";101;"142,6";"LINHARES";"Ultrapassagem indevida";"Queda de motocicleta / bicicleta / veículo";"Com Vítimas Feridas";"Pleno dia";"Decrescente";"Ceu Claro";"Múltipla";"Reta";"Urbano";2;0;2;0;0;0;2;1
83500229;"21/09/16";"Quarta";"09:00:00";"MG";381;"774";"CAMPANHA";"Não guardar distância de segurança";"Colisão traseira";"Sem Vítimas";"Pleno dia";"Crescente";"Sol";"Dupla";"Curva";"Rural";2;0;0;0;2;0;0;2
83500230;"21/09/16";"Quarta";"07:30:00";"SP";153;"28";"NOVA GRANADA";"Falta de atenção";"Colisão lateral";"Com Vítimas Feridas";"Pleno dia";"Crescente";"Sol";"Simples";"Curva";"Urbano";2;0;1;0;1;0;1;2
83500231;"17/09/16";"Sábado";"17:45:00";"PE";424;"46,6";"VENTUROSA";"Velocidade incompatível";"Capotamento";"Sem Vítimas";"Anoitecer";"Decrescente";"Ceu Claro";"Simples";"Curva";"Rural";1;0;0;0;1;0;0;1
83500232;"19/09/16";"Segunda";"07:50:00";"MT";163;"754";"SORRISO";"Outras";"Saída de Pista";"Com Vítimas Feridas";"Pleno dia";"Decrescente";"Ceu Claro";"Dupla";"Reta";"Rural";1;0;1;0;0;0;1;1
83500233;"18/09/16";"Domingo";"05:30:00";"RR";432;"189";"CANTA";"Defeito na via";"Capotamento";"Com Vítimas Feridas";"Plena noite";"Crescente";"Ignorada";"Simples";"Curva";"Rural";4;0;3;0;1;0;3;1
83500234;"20/09/16";"Terça";"11:00:00";"SP";116;"208";"GUARULHOS";"Desobediência à sinalização";"Colisão lateral";"Sem Vítimas";"Pleno dia";"Crescente";"Nublado";"Múltipla";"Reta";"Urbano";2;0;0;0;2;0;0;2
83500236;"20/09/16";"Terça";"05:30:00";"PB";101;"12,1";"MAMANGUAPE";"Defeito mecânico em veículo";"Tombamento";"Com Vítimas Feridas";"Pleno dia";"Decrescente";"Sol";"Dupla";"Curva";"Urbano";3;0;2;1;0;0;3;1
83500237;"02/09/16";"Sexta";"17:30:00";"AL";104;"61,3";"MURICI";"Não guardar distância de segurança";"Colisão traseira";"Com Vítimas Feridas";"Anoitecer";"Decrescente";"Ceu Claro";"Simples";"Reta";"Rural";2;0;1;0;0;1;1;2
83500238;"14/09/16";"Quarta";"10:00:00";"BA";110;"57,2";"JEREMOABO";"Outras";"Colisão frontal";"Com Vítimas Fatais";"Pleno dia";"Crescente";"Chuva";"Simples";"Curva";"Rural";3;1;0;2;0;0;2;2
83500239;"21/09/16";"Quarta";"10:00:00";"RS";386;"342,6";"LAJEADO";"Outras";"Tombamento";"Com Vítimas Feridas";"Pleno dia";"Decrescente";"Ceu Claro";"Simples";"Curva";"Urbano";1;0;1;0;0;0;1;1
83500240;"21/09/16";"Quarta";"09:30:00";"MG";40;"364,1";"FELIXLANDIA";"Falta de atenção";"Colisão lateral";"Com Vítimas Feridas";"Pleno dia";"Decrescente";"Ceu Claro";"Simples";"Reta";"Rural";2;0;1;0;1;0;1;2
83500241;"17/09/16";"Sábado";"22:00:00";"MG";354;"752,5";"ITAMONTE";"Desobediência à sinalização";"Colisão Transversal";"Com Vítimas Feridas";"Plena noite";"Crescente";"Ceu Claro";"Simples";"Reta";"Urbano";2;0;0;1;0;1;1;2
83500242;"10/04/16";"Domingo";"13:15:00";"PR";476;"193";"LAPA";"Velocidade incompatível";"Derramamento de Carga";"Sem Vítimas";"Pleno dia";"Crescente";"Ceu Claro";"Simples";"Curva";"Rural";1;0;0;0;1;0;0;1
83500243;"21/09/16";"Quarta";"10:25:00";"SC";116;"266";"CAPAO ALTO";"Ultrapassagem indevida";"Colisão frontal";"Com Vítimas Feridas";"Pleno dia";"Decrescente";"Ceu Claro";"Simples";"Curva";"Rural";3;0;1;0;2;0;1;3
83500244;"21/09/16";"Quarta";"08:45:00";"MS";60;"416";"SIDROLANDIA";"Não guardar distância de segurança";"Colisão traseira";"Com Vítimas Feridas";"Pleno dia";"Crescente";"Sol";"Simples";"Reta";"Rural";3;0;2;0;1;0;2;2
83500245;"18/09/16";"Domingo";"04:40:00";"SC";101;"279,9";"IMBITUBA";"Falta de atenção";"Colisão traseira";"Com Vítimas Feridas";"Plena noite";"Crescente";"Nublado";"Dupla";"Reta";"Urbano";3;0;3;0;0;0;3;2
83500246;"21/09/16";"Quarta";"13:00:00";"PR";163;"49";"PRANCHITA";"Falta de atenção";"Saída de Pista";"Sem Vítimas";"Pleno dia";"Decrescente";"Ceu Claro";"Simples";"Reta";"Rural";1;0;0;0;1;0;0;1
83500248;"21/09/16";"Quarta";"09:10:00";"RS";472;"398,3";"SAO BORJA";"Falta de atenção";"Colisão frontal";"Com Vítimas Fatais";"Pleno dia";"Crescente";"Ceu Claro";"Simples";"Reta";"Urbano";2;1;1;0;0;0;1;2
83500249;"21/09/16";"Quarta";"14:50:00";"SP";116;"281";"EMBU";"Defeito mecânico em veículo";"Queda de motocicleta / bicicleta / veículo";"Com Vítimas Feridas";"Pleno dia";"Decrescente";"Ceu Claro";"Dupla";"Curva";"Urbano";1;0;1;0;0;0;1;1
83500250;"18/09/16";"Domingo";"06:15:00";"GO";153;"513";"APARECIDA DE GOIANIA";"Ingestão de álcool";"Colisão com objeto fixo";"Sem Vítimas";"Pleno dia";"Decrescente";"Sol";"Dupla";"Reta";"Urbano";1;0;0;0;1;0;0;1
83500251;"21/09/16";"Quarta";"10:50:00";"MS";262;"481";"ANASTACIO";"Defeito na via";"Queda de motocicleta / bicicleta / veículo";"Com Vítimas Feridas";"Pleno dia";"Crescente";"Ceu Claro";"Simples";"Reta";"Rural";2;0;0;2;0;0;2;1
83500252;"19/09/16";"Segunda";"09:50:00";"BA";324;"558";"AMELIA RODRIGUES";"Outras";"Capotamento";"Com Vítimas Feridas";"Pleno dia";"Decrescente";"Ceu Claro";"Dupla";"Reta";"Rural";2;0;2;0;0;0;2;1
83500253;"19/09/16";"Segunda";"07:20:00";"ES";259;"27,6";"COLATINA";"Defeito mecânico em veículo";"Saída de Pista";"Com Vítimas Feridas";"Pleno dia";"Decrescente";"Sol";"Simples";"Reta";"Rural";2;0;1;0;1;0;1;1