"id";"data_inversa";"dia_semana";"horario";"uf";"br";"km";"municipio";"causa_acidente";"tipo_acidente";"classificacao_acidente";"fase_dia";"sentido_via";"condicao_metereologica";"tipo_pista";"tracado_via";"uso_solo";"pessoas";"mortos";"feridos_leves";"feridos_graves";"ilesos";"ignorados";"feridos";"veiculos"
83500254;"21/09/16";"Quarta";"06:20:00";"MS";463;"28,3";"DOURADOS";"Outras";"Queda de motocicleta / bicicleta / veículo";"Com Vítimas Feridas";"Pleno dia";"Crescente";"Sol";"Simples";"Reta";"Rural";1;0;1;0;0;0;1;1
83500255;"18/09/16";"Domingo";"18:20:00";"SP";116;"295";"ITAPECERICA DA SERRA";"Ingestão de álcool";"Colisão traseira";"Com Vítimas Feridas";"Plena noite";"Decrescente";"Chuva";"Dupla";"Reta";"Urbano";10;0;0;2;8;0;2;4
83500256;"21/09/16";"Quarta";"10:00:00";"RJ";393;"286";"VOLTA REDONDA";"Outras";"Colisão traseira";"Com Vítimas Feridas";"Pleno dia";"Crescente";"Ceu Claro";"Simples";"Reta";"Urbano";2;0;1;0;1;0;1;2
83500257;"17/09/16";"Sábado";"18:00:00";"BA";101;"831";"ITAMARAJU";"Falta de atenção";"Capotamento";"Com Vítimas Fatais";"Plena noite";"Decrescente";"Ceu Claro";"Simples";"Curva";"Rural";1;1;0;0;0;0;0;1
83500258;"21/09/16";"Quarta";"14:30:00";"PA";316;"5";"ANANINDEUA";"Falta de atenção";"Colisão Transversal";"Sem Vítimas";"Pleno dia";"Crescente";"Sol";"Dupla";"Reta";"Urbano";3;0;0;0;3;0;0;2
83500259;"21/09/16";"Quarta";"07:50:00";"RJ";116;"48";"TERESOPOLIS";"Não guardar distância de segurança";"Colisão lateral";"Com Vítimas Feridas";"Amanhecer";"Decrescente";"Ceu Claro";"Simples";"Reta";"Rural";3;0;1;1;0;1;2;3
83500260;"19/09/16";"Segunda";"18:30:00";"ES";259;"88,5";"BAIXO GUANDU";"Falta de atenção";"Queda de motocicleta / bicicleta / veículo";"Com Vítimas Feridas";"Plena noite";"Crescente";"Ceu Claro";"Simples";"Reta";"Rural";1;0;0;1;0;0;1;1
83500261;"21/09/16";"Quarta";"07:53:00";"ES";262;"7";"CARIACICA";"Falta de atenção";"Colisão lateral";"Sem Vítimas";"Pleno dia";"Decrescente";"Nublado";"Dupla";"Reta";"Urbano";2;0;0;0;2;0;0;2
83500262;"17/09/16";"Sábado";"18:50:00";"PR";153;"325";"IRATI";"Outras";"Colisão frontal";"Com Vítimas Feridas";"Plena noite";"Crescente";"Ceu Claro";"Simples";"Curva";"Rural";7;0;7;0;0;0;7;2
83500263;"18/09/16";"Domingo";"01:30:00";"MG";381;"614";"OLIVEIRA";"Velocidade incompatível";"Saída de Pista";"Com Vítimas Feridas";"Plena noite";"Crescente";"Chuva";"Dupla";"Reta";"Urbano";2;0;2;0;0;0;2;1
83500264;"21/09/16";"Quarta";"10:40:00";"PE";104;"35,8";"CARUARU";"Defeito mecânico em veículo";"Capotamento";"Sem Vítimas";"Pleno dia";"Decrescente";"Ceu Claro";"Dupla";"Reta";"Rural";1;0;0;0;1;0;0;1
83500265;"21/09/16";"Quarta";"15:00:00";"PA";10;"221";"IPIXUNA DO PARA";"Defeito mecânico em veículo";"Saída de Pista";"Com Vítimas Feridas";"Pleno dia";"Crescente";"Ceu Claro";"Simples";"Reta";"Urbano";3;0;1;0;0;2;1;1
83500266;"21/09/16";"Quarta";"15:20:00";"AL";316;"148";"PALMEIRA DOS INDIOS";"Falta de atenção";"Colisão Transversal";"Com Vítimas Feridas";"Pleno dia";"Crescente";"Sol";"Simples";"Reta";"Urbano";4;0;1;0;3;0;1;2
83500267;"21/09/16";"Quarta";"16:30:00";"SC";101;"27";"JOINVILLE";"Falta de atenção";"Queda de motocicleta / bicicleta / veículo";"Com Vítimas Feridas";"Pleno dia";"Crescente";"Ceu Claro";"Dupla";"Reta";"Urbano";1;0;1;0;0;0;1;1
83500268;"21/09/16";"Quarta";"15:20:00";"PI";343;"321,9";"ALTOS";"Ultrapassagem indevida";"Colisão com objeto fixo";"Com Vítimas Feridas";"Pleno dia";"Decrescente";"Ceu Claro";"Simples";"Reta";"Rural";2;0;1;0;1;0;1;1
83500269;"13/09/16";"Terça";"15:00:00";"SP";459;"12";"PIQUETE";"Velocidade incompatível";"Tombamento";"Com Vítimas Feridas";"Pleno dia";"Decrescente";"Ceu Claro";"Simples";"Curva";"Rural";1;0;1;0;0;0;1;1
83500270;"21/09/16";"Quarta";"15:20:00";"PA";316;"7";"ANANINDEUA";"Não guardar distância de segurança";"Colisão lateral";"Com Vítimas Feridas";"Pleno dia";"Decrescente";"Sol";"Dupla";"Reta";"Urbano";3;0;2;0;1;0;2;2
83500271;"21/09/16";"Quarta";"10:30:00";"BA";110;"278";"INHAMBUPE";"Outras";"Atropelamento de pessoa";"Ignorado";"Pleno dia";"Crescente";"Ceu Claro";"Simples";"Reta";"Urbano";2;0;0;0;0;2;0;1
83500272;"21/09/16";"Quarta";"12:30:00";"MG";267;"384,7";"MONSENHOR PAULO";"Outras";"Saída de Pista";"Com Vítimas Feridas";"Pleno dia";"Crescente";"Ceu Claro";"Simples";"Reta";"Rural";2;0;0;2;0;0;2;1
83500273;"13/09/16";"Terça";"22:10:00";"PE";232;"169";"TACAIMBO";"Animais na Pista";"Atropelamento de animal";"Sem Vítimas";"Plena noite";"Crescente";"Vento";"Simples";"Reta";"Rural";3;0;0;0;3;0;0;1
83500274;"21/09/16";"Quarta";"17:10:00";"ES";101;"257,1";"SERRA";"Não guardar distância de segurança";"Colisão traseira";"Com Vítimas Feridas";"Pleno dia";"Decrescente";"Nublado";"Simples";"Reta";"Urbano";2;0;0;1;1;0;1;2
83500275;"21/09/16";"Quarta";"16:25:00";"PR";376;"188";"SARANDI";"Outras";"Saída de Pista";"Com Vítimas Feridas";"Pleno dia";"Decrescente";"Ceu Claro";"Dupla";"Reta";"Rural";2;0;1;0;1;0;1;1
83500276;"17/09/16";"Sábado";"17:15:00";"MT";163;"796";"VERA";"Velocidade incompatível";"Tombamento";"Sem Vítimas";"Pleno dia";"Decrescente";"Ceu Claro";"Simples";"Reta";"Rural";3;0;0;0;3;0;0;1
83500277;"21/09/16";"Quarta";"09:25:00";"SC";470;"122,8";"IBIRAMA";"Falta de atenção";"Colisão Transversal";"Com Vítimas Feridas";"Pleno dia";"Crescente";"Ceu Claro";"Simples";"Curva";"Urbano";3;0;2;0;1;0;2;2
83500278;"20/09/16";"Terça";"06:10:00";"PR";163;"143,5";"CAPITAO LEONIDAS MARQUES";"Desobediência à sinalização";"Colisão frontal";"Com Vítimas Fatais";"Amanhecer";"Crescente";"Ceu Claro";"Simples";"Curva";"Urbano";14;1;2;5;6;0;7;3
83500279;"21/09/16";"Quarta";"07:30:00";"MG";116;"639";"DIVINO";"Outras";"Tombamento";"Com Vítimas Feridas";"Pleno dia";"Decrescente";"Chuva";"Simples";"Curva";"Rural";14;0;0;1;2;11;1;12
83500280;"18/09/16";"Domingo";"04:05:00";"MG";381;"641";"SANTO ANTONIO DO AMPARO";"Dormindo";"Saída de Pista";"Com Vítimas Feridas";"Plena noite";"Decrescente";"Chuva";"Dupla";"Reta";"Rural";1;0;1;0;0;0;1;1
83500281;"21/09/16";"Quarta";"14:31:00";"CE";116;"7";"FORTALEZA";"Falta de atenção";"Colisão Transversal";"Com Vítimas Feridas";"Pleno dia";"Decrescente";"Ceu Claro";"Múltipla";"Curva";"Urbano";3;0;1;0;2;0;1;2
83500282;"21/09/16";"Quarta";"12:12:00";"ES";101;"264,4";"SERRA";"Falta de atenção";"Colisão lateral";"Com Vítimas Feridas";"Pleno dia";"Decrescente";"Ceu Claro";"Dupla";"Reta";"Urbano";2;0;1;0;1;0;1;2
83500283;"18/09/16";"Domingo";"09:30:00";"GO";364;"81,5";"CACHOEIRA ALTA";"Outras";"Queda de motocicleta / bicicleta / veículo";"Com Vítimas Feridas";"Pleno dia";"Decrescente";"Ceu Claro";"Simples";"Reta";"Rural";2;0;2;0;0;0;2;1
83500284;"20/07/16";"Quarta";"07:40:00";"SC";470;"27,5";"GASPAR";"Outras";"Saída de Pista";"Com Vítimas Fatais";"Pleno dia";"Crescente";"Nublado";"Simples";"Reta";"Rural";1;1;0;0;0;0;0;1
83500285;"21/09/16";"Quarta";"11:30:00";"CE";20;"226,2";"BOA VIAGEM";"Outras";"Capotamento";"Com Vítimas Feridas";"Pleno dia";"Crescente";"Sol";"Simples";"Reta";"Rural";3;0;1;0;2;0;1;1
83500286;"21/09/16";"Quarta";"16:30:00";"MT";364;"357";"SANTO ANTONIO DO LEVERGER";"Velocidade incompatível";"Colisão lateral";"Sem Vítimas";"Pleno dia";"Crescente";"Ceu Claro";"Simples";"Curva";"Rural";2;0;0;0;2;0;0;2
83500287;"21/09/16";"Quarta";"18:50:00";"RS";285;"292";"PASSO FUNDO";"Desobediência à sinalização";"Colisão Transversal";"Com Vítimas Feridas";"Plena noite";"Crescente";"Ceu Claro";"Dupla";"Reta";"Urbano";2;0;0;1;1;0;1;2
83500288;"17/09/16";"Sábado";"20:00:00";"RN";406;"169";"SAO GONCALO DO AMARANTE";"Defeito mecânico em veículo";"Queda de motocicleta / bicicleta / veículo";"Com Vítimas Feridas";"Plena noite";"Decrescente";"Ceu Claro";"Dupla";"Reta";"Rural";2;0;1;1;0;0;2;1
83500289;"21/09/16";"Quarta";"09:35:00";"RJ";116;"111";"MAGE";"Outras";"Colisão com objeto fixo";"Com Vítimas Feridas";"Pleno dia";"Decrescente";"Nublado";"Dupla";"Reta";"Rural";1;0;1;0;0;0;1;1
83500290;"21/09/16";"Quarta";"17:00:00";"MT";158;"560";"AGUA BOA";"Falta de atenção";"Saída de Pista";"Com Vítimas Feridas";"Pleno dia";"Crescente";"Ceu Claro";"Simples";"Reta";"Rural";1;0;1;0;0;0;1;1
83500291;"21/09/16";"Quarta";"18:30:00";"MG";365;"713";"MONTE ALEGRE DE MINAS";"Defeito mecânico em veículo";"Colisão traseira";"Sem Vítimas";"Anoitecer";"Crescente";"Ceu Claro";"Simples";"Reta";"Rural";2;0;0;0;2;0;0;2
83500293;"21/09/16";"Quarta";"10:30:00";"GO";153;"202";"URUACU";"Falta de atenção";"Colisão Transversal";"Com Vítimas Feridas";"Pleno dia";"Decrescente";"Sol";"Simples";"Reta";"Urbano";2;0;1;0;1;0;1;2
83500294;"21/09/16";"Quarta";"16:00:00";"RS";116;"258";"ESTEIO";"Falta de atenção";"Colisão traseira";"Sem Vítimas";"Pleno dia";"Crescente";"Sol";"Dupla";"Reta";"Urbano";2;0;0;0;2;0;0;2
83500295;"21/09/16";"Quarta";"17:30:00";"RS";293;"2,8";"PELOTAS";"Velocidade incompatível";"Colisão traseira";"Com Vítimas Feridas";"Pleno dia";"Decrescente";"Ceu Claro";"Simples";"Reta";"Urbano";2;0;1;0;1;0;1;2
83500296;"21/09/16";"Quarta";"11:30:00";"PE";408;"72,4";"PAUDALHO";"Outras";"Queda de motocicleta / bicicleta / veículo";"Com Vítimas Feridas";"Pleno dia";"Crescente";"Ceu Claro";"Dupla";"Reta";"Rural";1;0;0;1;0;0;1;1
83500298;"13/09/16";"Terça";"14:10:00";"GO";40;"20,4";"LUZIANIA";"Falta de atenção";"Colisão Transversal";"Com Vítimas Fatais";"Pleno dia";"Crescente";"Ceu Claro";"Dupla";"Reta";"Urbano";2;1;1;0;0;0;1;2
83500299;"21/09/16";"Quarta";"13:20:00";"MG";40;"34,5";"PARACATU";"Outras";"Queda de motocicleta / bicicleta / veículo";"Com Vítimas Feridas";"Pleno dia";"Crescente";"Sol";"Múltipla";"Reta";"Rural";2;0;2;0;0;0;2;2
83500300;"17/09/16";"Sábado";"21:00:00";"RJ";393;"238";"VASSOURAS";"Ingestão de álcool";"Saída de Pista";"Com Vítimas Feridas";"Plena noite";"Crescente";"Ceu Claro";"Dupla";"Curva";"Rural";1;0;1;0;0;0;1;1
83500301;"19/09/16";"Segunda";"17:30:00";"MG";153;"22";"CENTRALINA";"Falta de atenção";"Saída de Pista";"Sem Vítimas";"Pleno dia";"Decrescente";"Ceu Claro";"Dupla";"Reta";"Rural";1;0;0;0;1;0;0;1
83500302;"21/09/16";"Quarta";"18:10:00";"PR";376;"4,2";"MARINGA";"Velocidade incompatível";"Saída de Pista";"Sem Vítimas";"Pleno dia";"Decrescente";"Ceu Claro";"Dupla";"Curva";"Urbano";2;0;0;0;1;1;0;2
83500303;"18/09/16";"Domingo";"04:30:00";"BA";420;"280";"MUTUIPE";"Outras";"Colisão frontal";"Sem Vítimas";"Amanhecer";"Crescente";"Chuva";"Simples";"Curva";"Rural";2;0;0;0;2;0;0;2
83500304;"21/09/16";"Quarta";"17:37:00";"PR";369;"147,1";"LONDRINA";"Falta de atenção";"Colisão traseira";"Sem Vítimas";"Pleno dia";"Crescente";"Ceu Claro";"Dupla";"Reta";"Urbano";2;0;0;0;1;1;0;2
83500305;"21/09/16";"Quarta";"16:40:00";"PE";408;"98";"SAO LOURENCO DA MATA";"Defeito mecânico em veículo";"Queda de motocicleta / bicicleta / veículo";"Com Vítimas Feridas";"Pleno dia";"Crescente";"Ceu Claro";"Dupla";"Reta";"Rural";2;0;2;0;0;0;2;1
83500306;"21/09/16";"Quarta";"18:15:00";"SC";282;"530,5";"CORDILHEIRA ALTA";"Falta de atenção";"Colisão lateral";"Sem Vítimas";"Anoitecer";"Crescente";"Ceu Claro";"Simples";"Reta";"Rural";2;0;0;0;2;0;0;2
83500307;"13/09/16";"Terça";"07:40:00";"MG";40;"529";"CONTAGEM";"Outras";"Colisão Transversal";"Com Vítimas Feridas";"Pleno dia";"Crescente";"Ceu Claro";"Dupla";"Reta";"Urbano";2;0;0;1;1;0;1;2
83500309;"21/09/16";"Quarta";"19:20:00";"SP";116;"448,5";"REGISTRO";"Falta de atenção";"Colisão frontal";"Sem Vítimas";"Plena noite";"Decrescente";"Ceu Claro";"Simples";"Reta";"Urbano";2;0;0;0;2;0;0;2
83500310;"21/09/16";"Quarta";"18:10:00";"BA";116;"814,2";"VITORIA DA CONQUISTA";"Desobediência à sinalização";"Colisão Transversal";"Com Vítimas Feridas";"Pleno dia";"Decrescente";"Ceu Claro";"Simples";"Reta";"Urbano";2;0;0;1;1;0;1;2
83500311;"21/09/16";"Quarta";"12:30:00";"PI";407;"489";"JAICOS";"Falta de atenção";"Capotamento";"Com Vítimas Feridas";"Pleno dia";"Crescente";"Ceu Claro";"Simples";"Reta";"Rural";2;0;0;2;0;0;2;1
83500312;"28/08/16";"Domingo";"07:40:00";"BA";101;"276";"LAJE";"Outras";"Colisão traseira";"Sem Vítimas";"Plena noite";"Decrescente";"Ceu Claro";"Simples";"Reta";"Rural";2;0;0;0;2;0;0;2
83500313;"21/09/16";"Quarta";"09:00:00";"MA";316;"464";"CODO";"Velocidade incompatível";"Tombamento";"Com Vítimas Fatais";"Pleno dia";"Crescente";"Sol";"Simples";"Curva";"Rural";2;1;1;0;0;0;1;1
83500314;"21/09/16";"Quarta";"18:20:00";"PE";101;"26";"IGARASSU";"Dormindo";"Colisão traseira";"Com Vítimas Feridas";"Plena noite";"Crescente";"Ceu Claro";"Dupla";"Reta";"Rural";2;0;1;0;1;0;1;2
83500315;"18/09/16";"Domingo";"04:26:00";"RJ";116;"133";"MAGE";"Ingestão de álcool";"Colisão traseira";"Com Vítimas Feridas";"Plena noite";"Decrescente";"Ceu Claro";"Dupla";"Reta";"Urbano";6;0;4;1;1;0;5;2
83500316;"21/09/16";"Quarta";"18:10:00";"MG";50;"55";"UBERLANDIA";"Velocidade incompatível";"Saída de Pista";"Com Vítimas Feridas";"Anoitecer";"Decrescente";"Ceu Claro";"Dupla";"Curva";"Rural";2;0;0;2;0;0;2;2
83500317;"18/07/16";"Segunda";"04:20:00";"RN";304;"101,5";"ASSU";"Animais na Pista";"Saída de Pista";"Sem Vítimas";"Plena noite";"Crescente";"Ceu Claro";"Simples";"Reta";"Rural";1;0;0;0;1;0;0;1
83500318;"21/09/16";"Quarta";"18:00:00";"PE";104;"29,7";"TORITAMA";"Outras";"Colisão frontal";"Com Vítimas Feridas";"Anoitecer";"Crescente";"Ceu Claro";"Simples";"Curva";"Urbano";2;0;0;1;1;0;1;2
83500319;"12/05/16";"Quinta";"13:50:00";"BA";101;"240";"CONCEICAO DO ALMEIDA";"Outras";"Capotamento";"Sem Vítimas";"Pleno dia";"Crescente";"Ceu Claro";"Dupla";"Reta";"Rural";1;0;0;0;1;0;0;1
83500320;"21/09/16";"Quarta";"18:00:00";"SP";116;"229";"SAO PAULO";"Não guardar distância de segurança";"Colisão lateral";"Sem Vítimas";"Anoitecer";"Decrescente";"Nublado";"Múltipla";"Reta";"Urbano";2;0;0;0;2;0;0;2
83500321;"21/09/16";"Quarta";"19:35:00";"SP";153;"70,3";"SAO JOSE DO RIO PRETO";"Falta de atenção";"Colisão traseira";"Com Vítimas Feridas";"Plena noite";"Crescente";"Ceu Claro";"Simples";"Cruzamento";"Urbano";3;0;1;0;1;1;1;3
83500323;"21/09/16";"Quarta";"18:00:00";"MG";365;"712";"MONTE ALEGRE DE MINAS";"Outras";"Saída de Pista";"Sem Vítimas";"Anoitecer";"Crescente";"Ceu Claro";"Simples";"Reta";"Rural";1;0;0;0;1;0;0;1
83500324;"21/09/16";"Quarta";"16:20:00";"ES";259;"3,1";"JOAO NEIVA";"Outras";"Tombamento";"Com Vítimas Feridas";"Pleno dia";"Crescente";"Nublado";"Simples";"Curva";"Rural";1;0;1;0;0;0;1;1
83500325;"21/09/16";"Quarta";"18:40:00";"MT";70;"522";"VARZEA GRANDE";"Outras";"Colisão Transversal";"Sem Vítimas";"Plena noite";"Decrescente";"Ceu Claro";"Simples";"Reta";"Urbano";2;0;0;0;2;0;0;2
83500326;"21/09/16";"Quarta";"12:30:00";"RS";470;"164";"VILA FLORES";"Outras";"Saída de Pista";"Com Vítimas Feridas";"Pleno dia";"Crescente";"Ceu Claro";"Simples";"Curva";"Rural";1;0;1;0;0;0;1;1
83500327;"21/09/16";"Quarta";"10:10:00";"MG";262;"90,5";"ABRE CAMPO";"Velocidade incompatível";"Colisão traseira";"Sem Vítimas";"Pleno dia";"Decrescente";"Nublado";"Simples";"Curva";"Rural";3;0;0;0;3;0;0;2
83500328;"21/09/16";"Quarta";"18:00:00";"SC";101;"437,7";"SOMBRIO";"Falta de atenção";"Colisão traseira";"Com Vítimas Feridas";"Anoitecer";"Crescente";"Nublado";"Dupla";"Reta";"Urbano";2;0;1;0;1;0;1;2
83500329;"21/09/16";"Quarta";"17:30:00";"RS";287;"281,6";"SAO PEDRO DO SUL";"Falta de atenção";"Colisão traseira";"Com Vítimas Feridas";"Pleno dia";"Crescente";"Sol";"Simples";"Reta";"Urbano";3;0;1;0;2;0;1;2
83500330;"21/09/16";"Quarta";"19:30:00";"MG";267;"303,8";"CAXAMBU";"Outras";"Atropelamento de pessoa";"Com Vítimas Feridas";"Plena noite";"Decrescente";"Ceu Claro";"Simples";"Reta";"Urbano";2;0;1;0;1;0;1;1
83500331;"21/09/16";"Quarta";"17:40:00";"MG";50;"173,5";"UBERABA";"Defeito mecânico em veículo";"Queda de motocicleta / bicicleta / veículo";"Com Vítimas Feridas";"Anoitecer";"Crescente";"Ceu Claro";"Dupla";"Reta";"Urbano";2;0;2;0;0;0;2;1
83500332;"21/09/16";"Quarta";"21:20:00";"SE";101;"85,9";"NOSSA SENHORA DO SOCORRO";"Ingestão de álcool";"Saída de Pista";"Com Vítimas Feridas";"Plena noite";"Crescente";"Ceu Claro";"Dupla";"Reta";"Rural";2;0;1;0;1;0;1;1
83500334;"21/09/16";"Quarta";"20:00:00";"MS";163;"494,9";"CAMPO GRANDE";"Defeito mecânico em veículo";"Queda de motocicleta / bicicleta / veículo";"Com Vítimas Feridas";"Plena noite";"Decrescente";"Ceu Claro";"Dupla";"Reta";"Rural";2;0;2;0;0;0;2;1
83500335;"21/09/16";"Quarta";"10:30:00";"CE";222;"265,8";"COREAU";"Ultrapassagem indevida";"Colisão lateral";"Com Vítimas Feridas";"Pleno dia";"Decrescente";"Ceu Claro";"Simples";"Reta";"Rural";4;0;1;2;1;0;3;3
83500336;"21/09/16";"Quarta";"19:10:00";"SP";381;"15,7";"BRAGANCA PAULISTA";"Falta de atenção";"Colisão traseira";"Com Vítimas Feridas";"Plena noite";"Decrescente";"Nublado";"Dupla";"Reta";"Rural";2;0;1;0;0;1;1;2
83500337;"21/09/16";"Quarta";"18:40:00";"SP";116;"219";"GUARULHOS";"Falta de atenção";"Colisão lateral";"Sem Vítimas";"Plena noite";"Crescente";"Ceu Claro";"Múltipla";"Reta";"Urbano";2;0;0;0;1;1;0;2
83500338;"21/09/16";"Quarta";"18:00:00";"MG";116;"423,1";"ALPERCATA";"Ingestão de álcool";"Atropelamento de pessoa";"Com Vítimas Feridas";"Anoitecer";"Decrescente";"Ceu Claro";"Dupla";"Reta";"Rural";3;0;2;0;1;0;2;2
83500339;"21/09/16";"Quarta";"21:20:00";"RS";287;"240,2";"SANTA MARIA";"Falta de atenção";"Colisão Transversal";"Com Vítimas Feridas";"Plena noite";"Decrescente";"Ceu Claro";"Simples";"Reta";"Urbano";2;0;0;1;1;0;1;2
83500340;"21/09/16";"Quarta";"18:00:00";"RJ";101;"404";"ITAGUAI";"Ingestão de álcool";"Saída de Pista";"Com Vítimas Feridas";"Pleno dia";"Decrescente";"Nublado";"Dupla";"Reta";"Urbano";1;0;1;0;0;0;1;1
83500341;"21/09/16";"Quarta";"21:50:00";"BA";242;"593";"MUQUEM DO SAO FRANCISCO";"Defeito na via";"Saída de Pista";"Com Vítimas Feridas";"Plena noite";"Crescente";"Ceu Claro";"Simples";"Reta";"Rural";1;0;1;0;0;0;1;1
83500342;"21/09/16";"Quarta";"18:30:00";"PR";277;"576";"CASCAVEL";"Não guardar distância de segurança";"Colisão traseira";"Sem Vítimas";"Pleno dia";"Crescente";"Ceu Claro";"Simples";"Reta";"Urbano";2;0;0;0;2;0;0;2
83500343;"21/09/16";"Quarta";"22:00:00";"SC";116;"220,5";"CORREIA PINTO";"Falta de atenção";"Colisão Transversal";"Sem Vítimas";"Plena noite";"Decrescente";"Ceu Claro";"Simples";"Reta";"Urbano";2;0;0;0;2;0;0;2
83500344;"16/09/16";"Sexta";"18:55:00";"MS";262;"317";"CAMPO GRANDE";"Falta de atenção";"Colisão com bicicleta";"Com Vítimas Feridas";"Plena noite";"Crescente";"Ceu Claro";"Dupla";"Reta";"Urbano";2;0;2;0;0;0;2;2
83500345;"21/09/16";"Quarta";"23:00:00";"PR";376;"235";"APUCARANA";"Falta de atenção";"Queda de motocicleta / bicicleta / veículo";"Com Vítimas Feridas";"Plena noite";"Decrescente";"Ceu Claro";"Simples";"Curva";"Rural";1;0;1;0;0;0;1;1
83500346;"21/09/16";"Quarta";"19:30:00";"RS";285;"566,6";"SAO LUIZ GONZAGA";"Não guardar distância de segurança";"Colisão Transversal";"Com Vítimas Feridas";"Plena noite";"Decrescente";"Ceu Claro";"Simples";"Reta";"Urbano";2;0;1;0;1;0;1;2
83500347;"21/09/16";"Quarta";"21:10:00";"PR";376;"156";"MANDAGUACU";"Outras";"Queda de motocicleta / bicicleta / veículo";"Com Vítimas Feridas";"Plena noite";"Crescente";"Ceu Claro";"Simples";"Reta";"Rural";1;0;0;1;0;0;1;1
83500348;"16/09/16";"Sexta";"11:00:00";"DF";40;"7,4";"BRASILIA";"Outras";"Saída de Pista";"Sem Vítimas";"Pleno dia";"Decrescente";"Nublado";"Dupla";"Reta";"Urbano";1;0;0;0;1;0;0;1
83500349;"21/09/16";"Quarta";"07:00:00";"MT";174;"268";"VALE DE SAO DOMINGOS";"Outras";"Saída de Pista";"Sem Vítimas";"Amanhecer";"Crescente";"Ceu Claro";"Simples";"Curva";"Rural";1;0;0;0;1;0;0;1
83500350;"21/09/16";"Quarta";"22:15:00";"BA";101;"716,6";"EUNAPOLIS";"Desobediência à sinalização";"Colisão frontal";"Com Vítimas Feridas";"Plena noite";"Crescente";"Chuva";"Simples";"Reta";"Urbano";3;0;0;3;0;0;3;2
83500351;"21/09/16";"Quarta";"19:00:00";"MT";70;"215";"GENERAL CARNEIRO";"Outras";"Tombamento";"Com Vítimas Feridas";"Plena noite";"Crescente";"Nublado";"Simples";"Reta";"Rural";2;0;2;0;0;0;2;1
83500352;"21/09/16";"Quarta";"16:15:00";"MG";251;"507";"FRANCISCO SA";"Velocidade incompatível";"Capotamento";"Com Vítimas Feridas";"Pleno dia";"Crescente";"Chuva";"Simples";"Reta";"Rural";4;0;1;0;3;0;1;1
83500353;"21/09/16";"Quarta";"16:30:00";"MG";251;"517,3";"MONTES CLAROS";"Velocidade incompatível";"Saída de Pista";"Sem Vítimas";"Pleno dia";"Crescente";"Chuva";"Simples";"Reta";"Rural";1;0;0;0;1;0;0;1
83500354;"21/09/16";"Quarta";"19:40:00";"ES";259;"57,8";"COLATINA";"Outras";"Colisão Transversal";"Com Vítimas Feridas";"Plena noite";"Decrescente";"Nublado";"Simples";"Reta";"Urbano";2;0;0;1;1;0;1;2
83500355;"18/09/16";"Domingo";"21:30:00";"GO";20;"110";"VILA BOA";"Dormindo";"Tombamento";"Com Vítimas Fatais";"Plena noite";"Crescente";"Ceu Claro";"Simples";"Reta";"Rural";1;1;0;0;0;0;0;1
83500356;"21/09/16";"Quarta";"22:00:00";"MA";135;"4";"SAO LUIS";"Falta de atenção";"Colisão traseira";"Com Vítimas Feridas";"Plena noite";"Decrescente";"Ceu Claro";"Dupla";"Reta";"Urbano";4;0;3;1;0;0;4;2
83500357;"21/09/16";"Quarta";"13:40:00";"RS";293;"306";"SANTANA DO LIVRAMENTO";"Falta de atenção";"Tombamento";"Sem Vítimas";"Pleno dia";"Crescente";"Ceu Claro";"Simples";"Cruzamento";"Rural";1;0;0;0;1;0;0;1
83500358;"21/08/16";"Domingo";"20:15:00";"SC";101;"164";"TIJUCAS";"Falta de atenção";"Colisão frontal";"Sem Vítimas";"Plena noite";"Decrescente";"Ceu Claro";"Simples";"Cruzamento";"Urbano";2;0;0;0;2;0;0;2
83500359;"21/09/16";"Quarta";"17:00:00";"SE";101;"92,5";"NOSSA SENHORA DO SOCORRO";"Falta de atenção";"Atropelamento de pessoa";"Com Vítimas Feridas";"Pleno dia";"Decrescente";"Sol";"Dupla";"Reta";"Urbano";2;0;0;1;0;1;1;1
83500360;"18/09/16";"Domingo";"04:40:00";"ES";101;"224,9";"FUNDAO";"Outras";"Capotamento";"Sem Vítimas";"Amanhecer";"Decrescente";"Ceu Claro";"Simples";"Reta";"Rural";1;0;0;0;1;0;0;1
83500361;"21/09/16";"Quarta";"07:10:00";"PB";101;"110,5";"ALHANDRA";"Outras";"Colisão lateral";"Com Vítimas Feridas";"Pleno dia";"Crescente";"Ceu Claro";"Dupla";"Reta";"Urbano";5;0;3;0;1;1;3;2
83500362;"21/09/16";"Quarta";"22:30:00";"CE";116;"143,2";"RUSSAS";"Defeito mecânico em veículo";"Tombamento";"Sem Vítimas";"Plena noite";"Decrescente";"Vento";"Simples";"Reta";"Rural";1;0;0;0;1;0;0;1
83500363;"21/09/16";"Quarta";"09:30:00";"AL";316;"244";"ATALAIA";"Falta de atenção";"Colisão Transversal";"Sem Vítimas";"Pleno dia";"Decrescente";"Sol";"Simples";"Reta";"Urbano";2;0;0;0;2;0;0;2
83500364;"21/09/16";"Quarta";"17:30:00";"PR";277;"119";"CAMPO LARGO";"Falta de atenção";"Colisão Transversal";"Com Vítimas Feridas";"Pleno dia";"Decrescente";"Ceu Claro";"Dupla";"Reta";"Urbano";2;0;1;0;1;0;1;2