"id";"data_inversa";"dia_semana";"horario";"uf";"br";"km";"municipio";"causa_acidente";"tipo_acidente";"classificacao_acidente";"fase_dia";"sentido_via";"condicao_metereologica";"tipo_pista";"tracado_via";"uso_solo";"pessoas";"mortos";"feridos_leves";"feridos_graves";"ilesos";"ignorados";"feridos";"veiculos"
83500587;"22/09/16";"Quinta";"19:30:00";"AC";364;"138";"RIO BRANCO";"Falta de atenção";"Colisão Transversal";"Com Vítimas Feridas";"Plena noite";"Crescente";"Ceu Claro";"Simples";"Reta";"Urbano";2;0;1;0;0;1;1;2
83500588;"22/09/16";"Quinta";"20:30:00";"RS";470;"240";"BARAO";"Falta de atenção";"Saída de Pista";"Com Vítimas Feridas";"Plena noite";"Decrescente";"Ceu Claro";"Simples";"Reta";"Rural";1;0;1;0;0;0;1;1
83500589;"18/09/16";"Domingo";"16:30:00";"RN";101;"84,2";"NATAL";"Não guardar distância de segurança";"Colisão traseira";"Com Vítimas Feridas";"Pleno dia";"Decrescente";"Ceu Claro";"Dupla";"Reta";"Urbano";2;0;0;1;1;0;1;2
83500590;"22/09/16";"Quinta";"19:30:00";"MS";267;"46,2";"BATAGUASSU";"Animais na Pista";"Atropelamento de animal";"Sem Vítimas";"Plena noite";"Decrescente";"Ceu Claro";"Simples";"Reta";"Rural";2;0;0;0;2;0;0;1
83500591;"18/09/16";"Domingo";"19:00:00";"MG";116;"420";"GOVERNADOR VALADARES";"Ingestão de álcool";"Colisão com bicicleta";"Com Vítimas Feridas";"Plena noite";"Crescente";"Ceu Claro";"Simples";"Reta";"Rural";2;0;1;0;1;0;1;2
83500593;"22/09/16";"Quinta";"22:40:00";"SC";282;"522,2";"XAXIM";"Ingestão de álcool";"Capotamento";"Com Vítimas Feridas";"Plena noite";"Crescente";"Ignorada";"Simples";"Curva";"Rural";1;0;1;0;0;0;1;1
83500594;"18/09/16";"Domingo";"14:50:00";"SC";163;"98,6";"SAO JOSE DO CEDRO";"Desobediência à sinalização";"Colisão Transversal";"Sem Vítimas";"Pleno dia";"Decrescente";"Chuva";"Simples";"Reta";"Rural";2;0;0;0;2;0;0;2
83500595;"22/09/16";"Quinta";"19:00:00";"RJ";116;"236,9";"PIRAI";"Outras";"Atropelamento de pessoa";"Com Vítimas Fatais";"Plena noite";"Decrescente";"Ceu Claro";"Dupla";"Curva";"Rural";3;1;0;0;2;0;0;1
83500596;"22/09/16";"Quinta";"16:35:00";"PE";428;"188,7";"PETROLINA";"Outras";"Saída de Pista";"Com Vítimas Feridas";"Pleno dia";"Crescente";"Ceu Claro";"Simples";"Reta";"Urbano";5;0;2;0;2;1;2;3
83500597;"22/09/16";"Quinta";"08:00:00";"SC";101;"211,6";"PALHOCA";"Falta de atenção";"Colisão lateral";"Sem Vítimas";"Pleno dia";"Decrescente";"Ceu Claro";"Simples";"Reta";"Urbano";2;0;0;0;2;0;0;2
83500598;"22/09/16";"Quinta";"13:20:00";"CE";116;"0,5";"FORTALEZA";"Falta de atenção";"Colisão lateral";"Com Vítimas Feridas";"Pleno dia";"Decrescente";"Sol";"Dupla";"Reta";"Urbano";2;0;1;0;1;0;1;2
83500599;"22/09/16";"Quinta";"12:50:00";"PE";428;"188";"PETROLINA";"Falta de atenção";"Colisão Transversal";"Com Vítimas Feridas";"Pleno dia";"Crescente";"Ceu Claro";"Simples";"Reta";"Urbano";2;0;1;0;1;0;1;2
83500600;"22/09/16";"Quinta";"18:30:00";"ES";101;"283";"CARIACICA";"Outras";"Colisão com objeto fixo";"Sem Vítimas";"Plena noite";"Crescente";"Ceu Claro";"Dupla";"Reta";"Urbano";2;0;0;0;2;0;0;2
83500601;"23/09/16";"Sexta";"00:15:00";"SC";101;"125";"ITAJAI";"Falta de atenção";"Queda de motocicleta / bicicleta / veículo";"Com Vítimas Feridas";"Plena noite";"Crescente";"Nublado";"Simples";"Reta";"Urbano";1;0;0;1;0;0;1;1
83500602;"22/09/16";"Quinta";"07:00:00";"SC";101;"210";"SAO JOSE";"Não guardar distância de segurança";"Colisão traseira";"Com Vítimas Feridas";"Pleno dia";"Decrescente";"Ceu Claro";"Dupla";"Reta";"Urbano";2;0;1;0;1;0;1;2
83500603;"22/09/16";"Quinta";"19:00:00";"MG";381;"348";"JOAO MONLEVADE";"Desobediência à sinalização";"Saída de Pista";"Sem Vítimas";"Plena noite";"Decrescente";"Nublado";"Simples";"Cruzamento";"Rural";1;0;0;0;1;0;0;1
83500604;"22/09/16";"Quinta";"23:40:00";"SC";282;"529,4";"CORDILHEIRA ALTA";"Ultrapassagem indevida";"Colisão lateral";"Com Vítimas Feridas";"Plena noite";"Crescente";"Ceu Claro";"Simples";"Curva";"Urbano";5;0;4;0;0;1;4;2
83500605;"19/09/16";"Segunda";"07:15:00";"PR";277;"408";"CANDOI";"Velocidade incompatível";"Capotamento";"Com Vítimas Feridas";"Amanhecer";"Crescente";"Chuva";"Simples";"Curva";"Rural";2;0;1;0;1;0;1;1
83500606;"22/09/16";"Quinta";"21:50:00";"GO";60;"164";"GOIANIA";"Outras";"Colisão com objeto fixo";"Com Vítimas Feridas";"Plena noite";"Crescente";"Chuva";"Dupla";"Reta";"Urbano";1;0;1;0;0;0;1;1
83500607;"22/09/16";"Quinta";"08:50:00";"PR";376;"524,8";"PONTA GROSSA";"Falta de atenção";"Tombamento";"Com Vítimas Fatais";"Pleno dia";"Decrescente";"Ceu Claro";"Dupla";"Curva";"Rural";1;1;0;0;0;0;0;1
83500608;"22/09/16";"Quinta";"19:55:00";"GO";60;"212";"GUAPO";"Outras";"Colisão com objeto fixo";"Com Vítimas Feridas";"Plena noite";"Crescente";"Nublado";"Dupla";"Reta";"Rural";1;0;0;1;0;0;1;1
83500609;"22/09/16";"Quinta";"19:30:00";"SC";101;"34,3";"JOINVILLE";"Defeito mecânico em veículo";"Queda de motocicleta / bicicleta / veículo";"Com Vítimas Feridas";"Anoitecer";"Crescente";"Ceu Claro";"Dupla";"Reta";"Urbano";2;0;1;0;1;0;1;2
83500610;"23/09/16";"Sexta";"00:50:00";"GO";60;"3,8";"APARECIDA DE GOIANIA";"Outras";"Tombamento";"Com Vítimas Feridas";"Plena noite";"Crescente";"Chuva";"Dupla";"Cruzamento";"Urbano";1;0;1;0;0;0;1;1
83500611;"23/09/16";"Sexta";"00:48:00";"PB";230;"31,3";"BAYEUX";"Ingestão de álcool";"Colisão com objeto fixo";"Com Vítimas Feridas";"Plena noite";"Crescente";"Ceu Claro";"Dupla";"Reta";"Urbano";1;0;0;1;0;0;1;1
83500612;"22/09/16";"Quinta";"20:00:00";"GO";40;"7,9";"VALPARAISO DE GOIAS";"Outras";"Colisão traseira";"Com Vítimas Feridas";"Plena noite";"Crescente";"Ceu Claro";"Dupla";"Reta";"Urbano";2;0;0;1;0;1;1;2
83500613;"22/09/16";"Quinta";"21:55:00";"GO";60;"164";"GOIANIA";"Não guardar distância de segurança";"Colisão traseira";"Sem Vítimas";"Plena noite";"Crescente";"Chuva";"Múltipla";"Reta";"Urbano";2;0;0;0;2;0;0;2
83500614;"23/09/16";"Sexta";"01:50:00";"PR";376;"178,4";"MARINGA";"Outras";"Colisão lateral";"Com Vítimas Feridas";"Plena noite";"Decrescente";"Nublado";"Dupla";"Reta";"Urbano";3;0;1;1;1;0;2;2
83500615;"22/09/16";"Quinta";"19:45:00";"PI";343;"599";"FLORIANO";"Desobediência à sinalização";"Colisão Transversal";"Sem Vítimas";"Plena noite";"Crescente";"Ceu Claro";"Simples";"Curva";"Urbano";2;0;0;0;2;0;0;2
83500616;"22/09/16";"Quinta";"17:30:00";"RJ";116;"298";"PORTO REAL";"Outras";"Colisão traseira";"Com Vítimas Feridas";"Pleno dia";"Crescente";"Nublado";"Dupla";"Reta";"Urbano";3;0;2;0;1;0;2;2
83500617;"23/09/16";"Sexta";"02:30:00";"CE";222;"305,2";"TIANGUA";"Ultrapassagem indevida";"Colisão traseira";"Com Vítimas Feridas";"Plena noite";"Crescente";"Nublado";"Simples";"Reta";"Rural";6;0;1;0;5;0;1;2
83500618;"23/09/16";"Sexta";"02:00:00";"PI";343;"188,4";"PIRIPIRI";"Animais na Pista";"Atropelamento de animal";"Com Vítimas Feridas";"Plena noite";"Decrescente";"Ceu Claro";"Simples";"Reta";"Rural";1;0;1;0;0;0;1;1
83500619;"23/09/16";"Sexta";"02:20:00";"PR";376;"471,7";"PONTA GROSSA";"Dormindo";"Saída de Pista";"Sem Vítimas";"Plena noite";"Crescente";"Nublado";"Dupla";"Reta";"Rural";1;0;0;0;1;0;0;1
83500620;"22/09/16";"Quinta";"19:00:00";"BA";330;"806";"IBIRAPITANGA";"Outras";"Atropelamento de pessoa";"Com Vítimas Fatais";"Anoitecer";"Crescente";"Ceu Claro";"Simples";"Reta";"Urbano";2;1;0;0;1;0;0;1
83500621;"23/09/16";"Sexta";"02:30:00";"PR";163;"215";"CASCAVEL";"Dormindo";"Capotamento";"Com Vítimas Feridas";"Plena noite";"Crescente";"Ceu Claro";"Simples";"Curva";"Rural";1;0;1;0;0;0;1;1
83500622;"23/09/16";"Sexta";"01:00:00";"MG";262;"25,6";"REDUTO";"Animais na Pista";"Atropelamento de animal";"Com Vítimas Feridas";"Plena noite";"Crescente";"Nublado";"Simples";"Reta";"Rural";2;0;2;0;0;0;2;1
83500623;"22/09/16";"Quinta";"20:40:00";"PR";376;"381,8";"IMBAU";"Outras";"Colisão traseira";"Com Vítimas Fatais";"Plena noite";"Decrescente";"Ceu Claro";"Simples";"Reta";"Rural";2;1;0;0;1;0;0;2
83500624;"22/09/16";"Quinta";"09:45:00";"PB";230;"46,5";"SANTA RITA";"Falta de atenção";"Colisão traseira";"Com Vítimas Feridas";"Pleno dia";"Decrescente";"Ceu Claro";"Dupla";"Reta";"Rural";3;0;2;0;1;0;2;2
83500625;"18/09/16";"Domingo";"19:30:00";"PA";316;"46";"SANTA ISABEL DO PARA";"Falta de atenção";"Colisão com bicicleta";"Com Vítimas Feridas";"Plena noite";"Crescente";"Ceu Claro";"Dupla";"Reta";"Rural";2;0;1;0;1;0;1;2
83500626;"19/09/16";"Segunda";"18:45:00";"BA";367;"66,7";"PORTO SEGURO";"Desobediência à sinalização";"Colisão frontal";"Com Vítimas Feridas";"Plena noite";"Decrescente";"Ceu Claro";"Simples";"Curva";"Rural";3;0;1;1;1;0;2;2
83500627;"22/09/16";"Quinta";"20:50:00";"MG";381;"481";"CONTAGEM";"Velocidade incompatível";"Colisão traseira";"Com Vítimas Feridas";"Plena noite";"Decrescente";"Ceu Claro";"Dupla";"Reta";"Urbano";3;0;2;0;1;0;2;2
83500628;"22/09/16";"Quinta";"20:29:00";"PR";116;"92";"SAO JOSE DOS PINHAIS";"Outras";"Saída de Pista";"Com Vítimas Feridas";"Plena noite";"Decrescente";"Nublado";"Dupla";"Reta";"Rural";1;0;0;1;0;0;1;1
83500629;"18/09/16";"Domingo";"09:23:00";"MT";174;"458";"COMODORO";"Defeito mecânico em veículo";"Danos Eventuais";"Sem Vítimas";"Plena noite";"Crescente";"Ignorada";"Simples";"Curva";"Rural";1;0;0;0;1;0;0;1
83500631;"23/09/16";"Sexta";"03:40:00";"PE";423;"85,5";"SAO JOAO";"Dormindo";"Saída de Pista";"Com Vítimas Fatais";"Plena noite";"Crescente";"Ceu Claro";"Simples";"Reta";"Rural";1;1;0;0;0;0;0;1
83500632;"22/09/16";"Quinta";"17:55:00";"MG";40;"410,5";"CURVELO";"Falta de atenção";"Colisão lateral";"Com Vítimas Feridas";"Anoitecer";"Decrescente";"Ceu Claro";"Simples";"Reta";"Rural";2;0;1;0;1;0;1;2
83500633;"18/09/16";"Domingo";"17:35:00";"PR";467;"95";"CASCAVEL";"Velocidade incompatível";"Capotamento";"Com Vítimas Feridas";"Pleno dia";"Decrescente";"Chuva";"Dupla";"Reta";"Urbano";1;0;1;0;0;0;1;1
83500634;"23/09/16";"Sexta";"04:40:00";"MG";381;"746,6";"TRES CORACOES";"Dormindo";"Saída de Pista";"Sem Vítimas";"Plena noite";"Decrescente";"Ceu Claro";"Dupla";"Curva";"Rural";1;0;0;0;1;0;0;1
83500635;"18/09/16";"Domingo";"10:30:00";"SP";116;"27,8";"SILVEIRAS";"Outras";"Queda de motocicleta / bicicleta / veículo";"Com Vítimas Feridas";"Pleno dia";"Decrescente";"Sol";"Dupla";"Curva";"Rural";1;0;0;1;0;0;1;1
83500636;"22/09/16";"Quinta";"19:15:00";"MG";381;"524";"BRUMADINHO";"Não guardar distância de segurança";"Colisão lateral";"Sem Vítimas";"Plena noite";"Crescente";"Ceu Claro";"Dupla";"Reta";"Rural";2;0;0;0;2;0;0;2
83500637;"23/09/16";"Sexta";"01:30:00";"MS";262;"324,9";"CAMPO GRANDE";"Outras";"Queda de motocicleta / bicicleta / veículo";"Com Vítimas Feridas";"Plena noite";"Crescente";"Ceu Claro";"Simples";"Reta";"Urbano";1;0;1;0;0;0;1;1
83500638;"21/09/16";"Quarta";"18:10:00";"BA";324;"565";"SAO SEBASTIAO DO PASSE";"Velocidade incompatível";"Capotamento";"Sem Vítimas";"Anoitecer";"Crescente";"Nublado";"Dupla";"Reta";"Rural";1;0;0;0;1;0;0;1
83500639;"23/09/16";"Sexta";"05:30:00";"SC";280;"131,1";"RIO NEGRINHO";"Ingestão de álcool";"Colisão traseira";"Com Vítimas Feridas";"Amanhecer";"Crescente";"Nublado";"Simples";"Reta";"Urbano";2;0;1;0;1;0;1;2
83500640;"23/09/16";"Sexta";"04:40:00";"SP";381;"22";"BRAGANCA PAULISTA";"Ingestão de álcool";"Capotamento";"Com Vítimas Feridas";"Plena noite";"Decrescente";"Ceu Claro";"Dupla";"Reta";"Rural";1;0;1;0;0;0;1;1
83500641;"23/09/16";"Sexta";"02:20:00";"PR";277;"69,1";"SAO JOSE DOS PINHAIS";"Falta de atenção";"Colisão com bicicleta";"Com Vítimas Fatais";"Plena noite";"Crescente";"Ceu Claro";"Dupla";"Reta";"Rural";2;1;0;0;0;1;0;2
83500642;"23/09/16";"Sexta";"00:08:00";"MG";381;"854";"POUSO ALEGRE";"Falta de atenção";"Colisão com objeto móvel";"Com Vítimas Feridas";"Plena noite";"Crescente";"Ceu Claro";"Dupla";"Reta";"Rural";2;0;1;0;1;0;1;2
83500643;"23/09/16";"Sexta";"05:40:00";"PR";116;"11";"CAMPINA GRANDE DO SUL";"Velocidade incompatível";"Saída de Pista";"Sem Vítimas";"Amanhecer";"Crescente";"Nublado";"Dupla";"Curva";"Rural";1;0;0;0;1;0;0;1
83500644;"23/09/16";"Sexta";"04:15:00";"RS";290;"107,5";"ELDORADO DO SUL";"Outras";"Saída de Pista";"Sem Vítimas";"Plena noite";"Crescente";"Nevoeiro/neblina";"Dupla";"Curva";"Urbano";1;0;0;0;1;0;0;1
83500645;"22/09/16";"Quinta";"18:30:00";"SP";116;"213";"GUARULHOS";"Falta de atenção";"Atropelamento de pessoa";"Com Vítimas Feridas";"Anoitecer";"Crescente";"Nublado";"Múltipla";"Reta";"Urbano";2;0;0;1;1;0;1;1
83500646;"18/09/16";"Domingo";"21:25:00";"MG";116;"529,2";"CARATINGA";"Ingestão de álcool";"Atropelamento de pessoa";"Com Vítimas Feridas";"Plena noite";"Decrescente";"Ceu Claro";"Simples";"Reta";"Urbano";3;0;2;0;1;0;2;1
83500647;"22/09/16";"Quinta";"16:10:00";"MG";116;"548";"SANTA BARBARA DO LESTE";"Falta de atenção";"Colisão traseira";"Com Vítimas Feridas";"Pleno dia";"Crescente";"Nublado";"Simples";"Reta";"Rural";2;0;1;0;0;1;1;2
83500648;"07/09/16";"Quarta";"11:10:00";"ES";101;"205,1";"JOAO NEIVA";"Desobediência à sinalização";"Colisão traseira";"Com Vítimas Feridas";"Pleno dia";"Decrescente";"Sol";"Simples";"Reta";"Urbano";2;0;1;0;1;0;1;2
83500649;"22/09/16";"Quinta";"18:40:00";"MT";163;"745";"SORRISO";"Falta de atenção";"Tombamento";"Com Vítimas Feridas";"Plena noite";"Decrescente";"Nublado";"Simples";"Reta";"Rural";1;0;0;1;0;0;1;1
83500650;"23/09/16";"Sexta";"03:40:00";"RJ";101;"190";"CASIMIRO DE ABREU";"Outras";"Saída de Pista";"Sem Vítimas";"Amanhecer";"Decrescente";"Ignorada";"Dupla";"Reta";"Rural";1;0;0;0;1;0;0;1
83500651;"22/09/16";"Quinta";"07:00:00";"RJ";116;"97";"GUAPIMIRIM";"Falta de atenção";"Colisão traseira";"Com Vítimas Feridas";"Pleno dia";"Decrescente";"Nublado";"Simples";"Reta";"Rural";3;0;0;1;1;1;1;2
83500652;"22/09/16";"Quinta";"17:05:00";"BA";330;"739";"JEQUIE";"Não guardar distância de segurança";"Colisão traseira";"Sem Vítimas";"Anoitecer";"Crescente";"Ceu Claro";"Simples";"Reta";"Rural";5;0;0;0;5;0;0;2
83500653;"19/09/16";"Segunda";"22:35:00";"PB";230;"32,2";"BAYEUX";"Outras";"Colisão com objeto fixo";"Com Vítimas Feridas";"Plena noite";"Crescente";"Ceu Claro";"Dupla";"Reta";"Urbano";3;0;0;2;1;0;2;2
83500654;"19/09/16";"Segunda";"06:15:00";"PE";101;"89,9";"CABO DE SANTO AGOSTINHO";"Outras";"Atropelamento de pessoa";"Com Vítimas Fatais";"Pleno dia";"Decrescente";"Ceu Claro";"Dupla";"Reta";"Urbano";2;1;0;0;0;1;0;1
83500655;"21/09/16";"Quarta";"20:30:00";"PA";230;"585";"VITORIA DO XINGU";"Falta de atenção";"Tombamento";"Com Vítimas Feridas";"Plena noite";"Decrescente";"Ceu Claro";"Simples";"Curva";"Rural";1;0;1;0;0;0;1;1
83500656;"22/09/16";"Quinta";"23:30:00";"BA";101;"412";"IBIRAPITANGA";"Outras";"Saída de Pista";"Sem Vítimas";"Plena noite";"Crescente";"Nublado";"Simples";"Reta";"Rural";1;0;0;0;1;0;0;1
83500657;"18/09/16";"Domingo";"10:10:00";"PR";376;"667";"GUARATUBA";"Defeito mecânico em veículo";"Capotamento";"Com Vítimas Feridas";"Pleno dia";"Crescente";"Ceu Claro";"Dupla";"Curva";"Rural";2;0;1;0;1;0;1;2
83500658;"20/09/16";"Terça";"03:40:00";"MA";10;"166";"PORTO FRANCO";"Falta de atenção";"Colisão Transversal";"Com Vítimas Feridas";"Plena noite";"Decrescente";"Ceu Claro";"Simples";"Reta";"Rural";3;0;2;0;1;0;2;2
83500659;"19/09/16";"Segunda";"18:30:00";"MG";262;"793,3";"UBERABA";"Outras";"Colisão traseira";"Ignorado";"Anoitecer";"Crescente";"Ceu Claro";"Simples";"Reta";"Rural";2;0;0;0;0;2;0;2
83500661;"20/09/16";"Terça";"06:50:00";"RJ";116;"302";"RESENDE";"Não guardar distância de segurança";"Colisão traseira";"Com Vítimas Feridas";"Pleno dia";"Crescente";"Nublado";"Dupla";"Reta";"Rural";3;0;1;0;2;0;1;3
83500662;"13/08/16";"Sábado";"10:00:00";"PR";376;"174";"MARINGA";"Outras";"Colisão traseira";"Com Vítimas Feridas";"Pleno dia";"Crescente";"Ceu Claro";"Dupla";"Reta";"Urbano";2;0;1;0;0;1;1;2
83500663;"19/09/16";"Segunda";"18:30:00";"MG";267;"232,4";"LIBERDADE";"Falta de atenção";"Colisão Transversal";"Com Vítimas Feridas";"Plena noite";"Crescente";"Nublado";"Simples";"Reta";"Rural";6;0;1;2;3;0;3;2
83500664;"21/09/16";"Quarta";"22:00:00";"PA";222;"236";"MARABA";"Outras";"Colisão lateral";"Sem Vítimas";"Plena noite";"Decrescente";"Ignorada";"Simples";"Reta";"Urbano";2;0;0;0;2;0;0;2
83500665;"19/09/16";"Segunda";"22:00:00";"MG";135;"635";"CURVELO";"Ultrapassagem indevida";"Saída de Pista";"Com Vítimas Feridas";"Plena noite";"Decrescente";"Ceu Claro";"Simples";"Reta";"Urbano";3;0;1;0;2;0;1;1
83500666;"23/09/16";"Sexta";"07:25:00";"SP";116;"271";"TABOAO DA SERRA";"Desobediência à sinalização";"Colisão traseira";"Com Vítimas Feridas";"Pleno dia";"Decrescente";"Ceu Claro";"Múltipla";"Reta";"Urbano";3;0;2;0;0;1;2;2
83500667;"19/09/16";"Segunda";"15:00:00";"CE";222;"312";"TIANGUA";"Falta de atenção";"Colisão Transversal";"Com Vítimas Feridas";"Pleno dia";"Crescente";"Ceu Claro";"Simples";"Reta";"Urbano";2;0;0;1;1;0;1;2
83500668;"20/09/16";"Terça";"06:30:00";"PR";476;"192,8";"LAPA";"Outras";"Colisão com objeto fixo";"Ignorado";"Pleno dia";"Decrescente";"Ceu Claro";"Simples";"Curva";"Rural";1;0;0;0;0;1;0;1
83500669;"21/09/16";"Quarta";"07:50:00";"TO";153;"140";"ARAGUAINA";"Falta de atenção";"Colisão traseira";"Com Vítimas Feridas";"Pleno dia";"Decrescente";"Sol";"Múltipla";"Cruzamento";"Urbano";3;0;1;0;2;0;1;2
83500670;"23/09/16";"Sexta";"08:00:00";"SP";116;"89,4";"PINDAMONHANGABA";"Outras";"Colisão lateral";"Com Vítimas Feridas";"Pleno dia";"Crescente";"Sol";"Dupla";"Reta";"Rural";2;0;1;0;1;0;1;2
83500671;"23/09/16";"Sexta";"09:00:00";"SC";101;"214";"PALHOCA";"Velocidade incompatível";"Colisão traseira";"Com Vítimas Feridas";"Pleno dia";"Decrescente";"Ceu Claro";"Dupla";"Reta";"Urbano";3;0;1;0;2;0;1;2
83500672;"23/09/16";"Sexta";"07:00:00";"MT";70;"285";"PRIMAVERA DO LESTE";"Ultrapassagem indevida";"Saída de Pista";"Com Vítimas Feridas";"Pleno dia";"Crescente";"Ceu Claro";"Simples";"Reta";"Rural";2;0;2;0;0;0;2;1
83500673;"11/09/16";"Domingo";"18:45:00";"PA";316;"37";"SANTA ISABEL DO PARA";"Outras";"Colisão traseira";"Com Vítimas Feridas";"Anoitecer";"Crescente";"Ceu Claro";"Simples";"Reta";"Rural";3;0;1;1;1;0;2;2
83500674;"19/09/16";"Segunda";"17:30:00";"CE";20;"413,8";"MARACANAU";"Ultrapassagem indevida";"Colisão lateral";"Com Vítimas Feridas";"Anoitecer";"Decrescente";"Ceu Claro";"Simples";"Reta";"Urbano";2;0;1;0;1;0;1;2
83500675;"19/09/16";"Segunda";"19:00:00";"PE";101;"90";"CABO DE SANTO AGOSTINHO";"Outras";"Colisão lateral";"Com Vítimas Feridas";"Plena noite";"Crescente";"Ignorada";"Múltipla";"Reta";"Urbano";2;0;1;0;1;0;1;2
83500676;"23/09/16";"Sexta";"09:00:00";"SC";101;"34";"JOINVILLE";"Velocidade incompatível";"Colisão lateral";"Sem Vítimas";"Pleno dia";"Decrescente";"Nublado";"Dupla";"Reta";"Urbano";2;0;0;0;2;0;0;2
83500677;"20/09/16";"Terça";"07:00:00";"SC";101;"72";"ARAQUARI";"Outras";"Queda de motocicleta / bicicleta / veículo";"Com Vítimas Feridas";"Amanhecer";"Decrescente";"Ceu Claro";"Dupla";"Reta";"Rural";1;0;1;0;0;0;1;1
83500678;"15/09/16";"Quinta";"08:00:00";"PR";476;"126";"CURITIBA";"Falta de atenção";"Queda de motocicleta / bicicleta / veículo";"Com Vítimas Feridas";"Pleno dia";"Crescente";"Ceu Claro";"Dupla";"Reta";"Urbano";1;0;1;0;0;0;1;1
83500679;"23/09/16";"Sexta";"07:50:00";"PR";116;"23,3";"ANTONINA";"Velocidade incompatível";"Tombamento";"Com Vítimas Feridas";"Pleno dia";"Decrescente";"Ceu Claro";"Simples";"Curva";"Rural";1;0;1;0;0;0;1;1
83500680;"23/09/16";"Sexta";"07:50:00";"PE";232;"4";"RECIFE";"Falta de atenção";"Colisão traseira";"Sem Vítimas";"Pleno dia";"Crescente";"Ceu Claro";"Dupla";"Reta";"Urbano";6;0;0;0;6;0;0;3
83500681;"23/09/16";"Sexta";"09:20:00";"PE";232;"8,9";"RECIFE";"Outras";"Colisão lateral";"Com Vítimas Feridas";"Pleno dia";"Decrescente";"Ceu Claro";"Simples";"Reta";"Urbano";2;0;1;0;0;1;1;2
83500682;"21/09/16";"Quarta";"10:15:00";"MG";40;"468,3";"SETE LAGOAS";"Não guardar distância de segurança";"Capotamento";"Sem Vítimas";"Pleno dia";"Crescente";"Ceu Claro";"Dupla";"Reta";"Rural";1;0;0;0;1;0;0;1
83500683;"23/09/16";"Sexta";"07:45:00";"PE";232;"5,8";"RECIFE";"Não guardar distância de segurança";"Colisão traseira";"Sem Vítimas";"Pleno dia";"Crescente";"Nublado";"Dupla";"Reta";"Urbano";2;0;0;0;2;0;0;2
83500684;"17/09/16";"Sábado";"22:00:00";"MA";10;"199";"RIBAMAR FIQUENE";"Ingestão de álcool";"Colisão traseira";"Com Vítimas Fatais";"Plena noite";"Crescente";"Ceu Claro";"Simples";"Reta";"Rural";2;1;0;0;1;0;0;2
83500685;"22/09/16";"Quinta";"14:36:00";"MT";163;"732";"SORRISO";"Falta de atenção";"Colisão traseira";"Sem Vítimas";"Pleno dia";"Decrescente";"Sol";"Simples";"Curva";"Rural";2;0;0;0;2;0;0;2
83500686;"23/09/16";"Sexta";"07:00:00";"AP";210;"1";"MACAPA";"Defeito mecânico em veículo";"Tombamento";"Com Vítimas Feridas";"Pleno dia";"Crescente";"Sol";"Dupla";"Reta";"Urbano";2;0;1;1;0;0;2;1
83500687;"23/06/16";"Quinta";"08:15:00";"SC";470;"187,5";"POUSO REDONDO";"Velocidade incompatível";"Capotamento";"Com Vítimas Feridas";"Pleno dia";"Decrescente";"Sol";"Simples";"Curva";"Rural";1;0;1;0;0;0;1;1
83500688;"20/09/16";"Terça";"06:00:00";"MG";381;"531";"ITATIAIUCU";"Velocidade incompatível";"Capotamento";"Sem Vítimas";"Amanhecer";"Decrescente";"Nublado";"Dupla";"Curva";"Rural";1;0;0;0;1;0;0;1
83500689;"25/04/16";"Segunda";"07:30:00";"PR";476;"132,8";"CURITIBA";"Outras";"Colisão traseira";"Sem Vítimas";"Pleno dia";"Crescente";"Ceu Claro";"Dupla";"Reta";"Urbano";2;0;0;0;1;1;0;2
83500690;"23/09/16";"Sexta";"07:10:00";"ES";101;"296";"CARIACICA";"Animais na Pista";"Queda de motocicleta / bicicleta / veículo";"Com Vítimas Feridas";"Pleno dia";"Crescente";"Ceu Claro";"Múltipla";"Reta";"Urbano";1;0;1;0;0;0;1;1
83500691;"15/09/16";"Quinta";"08:55:00";"CE";20;"421,4";"MARACANAU";"Desobediência à sinalização";"Colisão Transversal";"Sem Vítimas";"Pleno dia";"Decrescente";"Ceu Claro";"Simples";"Reta";"Urbano";2;0;0;0;2;0;0;2
83500692;"21/09/16";"Quarta";"18:40:00";"BA";116;"823,7";"VITORIA DA CONQUISTA";"Desobediência à sinalização";"Colisão Transversal";"Sem Vítimas";"Plena noite";"Crescente";"Ceu Claro";"Dupla";"Reta";"Urbano";2;0;0;0;2;0;0;2
83500693;"20/09/16";"Terça";"08:05:00";"MG";381;"566,5";"ITAGUARA";"Velocidade incompatível";"Colisão com objeto fixo";"Com Vítimas Feridas";"Pleno dia";"Decrescente";"Nublado";"Dupla";"Curva";"Rural";2;0;1;0;1;0;1;1
83500694;"23/09/16";"Sexta";"08:30:00";"PB";230;"16";"JOAO PESSOA";"Defeito mecânico em veículo";"Colisão lateral";"Sem Vítimas";"Pleno dia";"Decrescente";"Ceu Claro";"Dupla";"Reta";"Urbano";2;0;0;0;2;0;0;2
83500695;"18/09/16";"Domingo";"06:00:00";"GO";364;"86,5";"CACHOEIRA ALTA";"Outras";"Colisão frontal";"Com Vítimas Fatais";"Pleno dia";"Decrescente";"Ceu Claro";"Simples";"Reta";"Rural";2;1;0;0;1;0;0;2