"id";"data_inversa";"dia_semana";"horario";"uf";"br";"km";"municipio";"causa_acidente";"tipo_acidente";"classificacao_acidente";"fase_dia";"sentido_via";"condicao_metereologica";"tipo_pista";"tracado_via";"uso_solo";"pessoas";"mortos";"feridos_leves";"feridos_graves";"ilesos";"ignorados";"feridos";"veiculos"
83500696;"23/09/16";"Sexta";"08:45:00";"RN";101;"82";"NATAL";"Falta de atenção";"Colisão Transversal";"Com Vítimas Feridas";"Pleno dia";"Decrescente";"Ceu Claro";"Dupla";"Reta";"Urbano";2;0;1;0;1;0;1;2
83500697;"19/09/16";"Segunda";"14:00:00";"MG";40;"736,9";"SANTOS DUMONT";"Velocidade incompatível";"Colisão com objeto fixo";"Sem Vítimas";"Pleno dia";"Crescente";"Chuva";"Simples";"Reta";"Urbano";1;0;0;0;1;0;0;1
83500698;"23/09/16";"Sexta";"06:55:00";"MS";60;"423,3";"SIDROLANDIA";"Outras";"Colisão lateral";"Sem Vítimas";"Pleno dia";"Decrescente";"Sol";"Simples";"Reta";"Urbano";2;0;0;0;2;0;0;2
83500699;"23/09/16";"Sexta";"10:20:00";"SC";101;"207";"SAO JOSE";"Não guardar distância de segurança";"Colisão traseira";"Com Vítimas Feridas";"Pleno dia";"Crescente";"Ceu Claro";"Múltipla";"Reta";"Urbano";4;0;1;0;3;0;1;3
83500701;"23/09/16";"Sexta";"10:30:00";"RN";427;"97,4";"CAICO";"Não guardar distância de segurança";"Colisão traseira";"Com Vítimas Feridas";"Pleno dia";"Decrescente";"Ceu Claro";"Simples";"Reta";"Urbano";3;0;0;1;2;0;1;3
83500702;"23/09/16";"Sexta";"07:40:00";"RS";287;"240,1";"SANTA MARIA";"Não guardar distância de segurança";"Colisão traseira";"Com Vítimas Feridas";"Pleno dia";"Decrescente";"Ceu Claro";"Simples";"Reta";"Rural";2;0;1;0;1;0;1;2
83500703;"22/09/16";"Quinta";"00:49:00";"RO";319;"58,3";"PORTO VELHO";"Falta de atenção";"Atropelamento de pessoa";"Com Vítimas Feridas";"Plena noite";"Decrescente";"Ceu Claro";"Dupla";"Reta";"Urbano";2;0;2;0;0;0;2;1
83500704;"20/09/16";"Terça";"07:45:00";"BA";242;"258";"BOA VISTA DO TUPIM";"Falta de atenção";"Capotamento";"Com Vítimas Feridas";"Pleno dia";"Crescente";"Nublado";"Simples";"Reta";"Rural";2;0;2;0;0;0;2;2
83500705;"23/09/16";"Sexta";"08:30:00";"RJ";495;"28";"PETROPOLIS";"Outras";"Colisão Transversal";"Com Vítimas Feridas";"Pleno dia";"Decrescente";"Ceu Claro";"Simples";"Reta";"Urbano";2;0;1;0;1;0;1;2
83500706;"23/09/16";"Sexta";"07:00:00";"MT";364;"261";"SAO PEDRO DA CIPA";"Falta de atenção";"Colisão lateral";"Com Vítimas Feridas";"Pleno dia";"Crescente";"Ceu Claro";"Simples";"Curva";"Urbano";2;0;1;0;1;0;1;2
83500707;"23/09/16";"Sexta";"11:00:00";"PR";116;"69";"CAMPINA GRANDE DO SUL";"Outras";"Colisão traseira";"Sem Vítimas";"Pleno dia";"Crescente";"Ceu Claro";"Dupla";"Reta";"Urbano";2;0;0;0;2;0;0;2
83500708;"23/09/16";"Sexta";"12:08:00";"PI";316;"314";"PICOS";"Animais na Pista";"Colisão lateral";"Sem Vítimas";"Pleno dia";"Decrescente";"Ceu Claro";"Simples";"Reta";"Urbano";3;0;0;0;3;0;0;2
83500709;"23/09/16";"Sexta";"10:20:00";"RJ";101;"532";"ANGRA DOS REIS";"Não guardar distância de segurança";"Colisão traseira";"Sem Vítimas";"Pleno dia";"Decrescente";"Sol";"Simples";"Reta";"Urbano";2;0;0;0;2;0;0;2
83500710;"23/09/16";"Sexta";"08:15:00";"PE";407;"128,9";"PETROLINA";"Falta de atenção";"Colisão Transversal";"Com Vítimas Feridas";"Pleno dia";"Decrescente";"Sol";"Simples";"Cruzamento";"Urbano";2;0;0;1;1;0;1;2
83500711;"23/09/16";"Sexta";"10:10:00";"RS";290;"97";"PORTO ALEGRE";"Outras";"Tombamento";"Com Vítimas Feridas";"Pleno dia";"Decrescente";"Ceu Claro";"Simples";"Curva";"Urbano";1;0;1;0;0;0;1;1
83500712;"23/09/16";"Sexta";"06:10:00";"SP";153;"29,8";"NOVA GRANADA";"Outras";"Colisão traseira";"Com Vítimas Feridas";"Amanhecer";"Decrescente";"Ceu Claro";"Simples";"Reta";"Urbano";3;0;1;0;2;0;1;2
83500713;"09/09/16";"Sexta";"23:30:00";"TO";153;"292";"PRESIDENTE KENNEDY";"Velocidade incompatível";"Capotamento";"Com Vítimas Feridas";"Plena noite";"Crescente";"Ignorada";"Simples";"Reta";"Rural";1;0;1;0;0;0;1;1
83500714;"23/09/16";"Sexta";"11:25:00";"ES";101;"346";"GUARAPARI";"Dormindo";"Colisão lateral";"Com Vítimas Feridas";"Pleno dia";"Crescente";"Sol";"Simples";"Reta";"Rural";2;0;1;0;1;0;1;2
83500715;"22/09/16";"Quinta";"21:50:00";"RS";386;"345,7";"LAJEADO";"Outras";"Colisão lateral";"Sem Vítimas";"Plena noite";"Decrescente";"Ceu Claro";"Dupla";"Reta";"Urbano";2;0;0;0;2;0;0;2
83500716;"19/09/16";"Segunda";"09:00:00";"BA";324;"558";"AMELIA RODRIGUES";"Outras";"Capotamento";"Com Vítimas Feridas";"Pleno dia";"Decrescente";"Ceu Claro";"Dupla";"Reta";"Rural";1;0;1;0;0;0;1;1
83500717;"23/09/16";"Sexta";"12:45:00";"MG";116;"702,9";"MURIAE";"Falta de atenção";"Colisão traseira";"Sem Vítimas";"Pleno dia";"Decrescente";"Ceu Claro";"Simples";"Reta";"Urbano";2;0;0;0;2;0;0;2
83500718;"15/09/16";"Quinta";"10:00:00";"SC";101;"31,3";"JOINVILLE";"Falta de atenção";"Colisão lateral";"Com Vítimas Feridas";"Pleno dia";"Crescente";"Ceu Claro";"Dupla";"Reta";"Urbano";2;0;1;0;1;0;1;2
83500719;"18/09/16";"Domingo";"17:00:00";"PB";101;"80,1";"SANTA RITA";"Ingestão de álcool";"Atropelamento de pessoa";"Com Vítimas Feridas";"Anoitecer";"Crescente";"Ceu Claro";"Dupla";"Curva";"Urbano";2;0;0;1;1;0;1;1
83500720;"15/09/16";"Quinta";"07:20:00";"PE";101;"57";"PAULISTA";"Desobediência à sinalização";"Colisão lateral";"Com Vítimas Feridas";"Pleno dia";"Crescente";"Ceu Claro";"Dupla";"Reta";"Rural";2;0;1;0;1;0;1;2
83500721;"19/09/16";"Segunda";"05:05:00";"CE";116;"74,1";"CHOROZINHO";"Animais na Pista";"Atropelamento de animal";"Sem Vítimas";"Amanhecer";"Decrescente";"Ceu Claro";"Simples";"Reta";"Rural";1;0;0;0;1;0;0;1
83500722;"23/09/16";"Sexta";"09:25:00";"MS";163;"484,5";"CAMPO GRANDE";"Falta de atenção";"Colisão traseira";"Sem Vítimas";"Pleno dia";"Decrescente";"Sol";"Simples";"Reta";"Urbano";4;0;0;0;4;0;0;4
83500723;"23/09/16";"Sexta";"06:10:00";"MG";251;"453,3";"GRAO MOGOL";"Ultrapassagem indevida";"Saída de Pista";"Com Vítimas Feridas";"Pleno dia";"Decrescente";"Ceu Claro";"Simples";"Reta";"Rural";1;0;1;0;0;0;1;1
83500724;"23/09/16";"Sexta";"08:30:00";"SC";282;"43,8";"AGUAS MORNAS";"Outras";"Tombamento";"Com Vítimas Fatais";"Pleno dia";"Decrescente";"Ceu Claro";"Simples";"Curva";"Rural";12;2;9;1;0;0;10;1
83500725;"23/09/16";"Sexta";"12:15:00";"BA";101;"246";"CONCEICAO DO ALMEIDA";"Outras";"Saída de Pista";"Sem Vítimas";"Pleno dia";"Crescente";"Chuva";"Simples";"Reta";"Rural";1;0;0;0;1;0;0;1
83500726;"19/09/16";"Segunda";"23:20:00";"ES";101;"300,4";"VIANA";"Falta de atenção";"Capotamento";"Com Vítimas Feridas";"Plena noite";"Decrescente";"Ceu Claro";"Dupla";"Reta";"Urbano";1;0;1;0;0;0;1;1
83500728;"21/09/16";"Quarta";"15:35:00";"PR";163;"142";"CAPITAO LEONIDAS MARQUES";"Velocidade incompatível";"Tombamento";"Sem Vítimas";"Pleno dia";"Decrescente";"Sol";"Simples";"Curva";"Rural";1;0;0;0;1;0;0;1
83500729;"23/09/16";"Sexta";"06:30:00";"MT";364;"176";"RONDONOPOLIS";"Não guardar distância de segurança";"Colisão traseira";"Sem Vítimas";"Pleno dia";"Crescente";"Sol";"Simples";"Reta";"Urbano";2;0;0;0;2;0;0;2
83500730;"23/09/16";"Sexta";"14:40:00";"SC";101;"266,5";"PAULO LOPES";"Defeito mecânico em veículo";"Saída de Pista";"Sem Vítimas";"Pleno dia";"Decrescente";"Sol";"Dupla";"Reta";"Rural";1;0;0;0;1;0;0;1
83500731;"19/09/16";"Segunda";"15:30:00";"ES";262;"5,4";"CARIACICA";"Falta de atenção";"Colisão lateral";"Com Vítimas Feridas";"Pleno dia";"Decrescente";"Ceu Claro";"Múltipla";"Reta";"Urbano";2;0;0;1;1;0;1;2
83500732;"19/09/16";"Segunda";"14:20:00";"MG";116;"414,6";"GOVERNADOR VALADARES";"Ultrapassagem indevida";"Colisão lateral";"Com Vítimas Feridas";"Pleno dia";"Crescente";"Ceu Claro";"Simples";"Reta";"Urbano";2;0;0;1;1;0;1;2
83500733;"23/09/16";"Sexta";"06:15:00";"MG";50;"129,7";"UBERABA";"Dormindo";"Saída de Pista";"Com Vítimas Feridas";"Amanhecer";"Crescente";"Ceu Claro";"Dupla";"Reta";"Rural";2;0;1;0;1;0;1;1
83500734;"23/09/16";"Sexta";"10:45:00";"PR";369;"138,7";"IBIPORA";"Desobediência à sinalização";"Colisão Transversal";"Com Vítimas Feridas";"Pleno dia";"Crescente";"Ceu Claro";"Simples";"Curva";"Urbano";2;0;1;0;1;0;1;2
83500735;"12/09/16";"Segunda";"18:30:00";"MG";262;"439";"NOVA SERRANA";"Ingestão de álcool";"Capotamento";"Ignorado";"Plena noite";"Crescente";"Ceu Claro";"Dupla";"Reta";"Urbano";1;0;0;0;0;1;0;1
83500736;"23/09/16";"Sexta";"12:50:00";"RN";101;"97";"NATAL";"Falta de atenção";"Colisão traseira";"Sem Vítimas";"Pleno dia";"Crescente";"Ceu Claro";"Dupla";"Reta";"Urbano";2;0;0;0;2;0;0;2
83500737;"17/09/16";"Sábado";"15:45:00";"MG";262;"594";"CAMPOS ALTOS";"Velocidade incompatível";"Tombamento";"Sem Vítimas";"Pleno dia";"Decrescente";"Chuva";"Simples";"Reta";"Rural";1;0;0;0;1;0;0;1
83500738;"23/09/16";"Sexta";"13:50:00";"MA";135;"1,8";"SAO LUIS";"Falta de atenção";"Colisão traseira";"Sem Vítimas";"Pleno dia";"Crescente";"Sol";"Dupla";"Reta";"Urbano";2;0;0;0;2;0;0;2
83500739;"23/09/16";"Sexta";"14:55:00";"MT";174;"233";"PORTO ESPERIDIAO";"Velocidade incompatível";"Tombamento";"Sem Vítimas";"Pleno dia";"Decrescente";"Chuva";"Simples";"Reta";"Rural";4;0;0;0;4;0;0;1
83500740;"19/09/16";"Segunda";"13:30:00";"SC";101;"394,3";"CRICIUMA";"Ingestão de álcool";"Colisão traseira";"Sem Vítimas";"Pleno dia";"Crescente";"Nublado";"Dupla";"Reta";"Rural";2;0;0;0;2;0;0;2
83500741;"15/09/16";"Quinta";"09:30:00";"SC";101;"214,4";"PALHOCA";"Não guardar distância de segurança";"Colisão lateral";"Com Vítimas Feridas";"Pleno dia";"Decrescente";"Ceu Claro";"Múltipla";"Reta";"Urbano";2;0;0;1;1;0;1;2
83500742;"23/09/16";"Sexta";"14:30:00";"MG";116;"528,1";"CARATINGA";"Falta de atenção";"Atropelamento de pessoa";"Com Vítimas Feridas";"Pleno dia";"Crescente";"Ceu Claro";"Dupla";"Reta";"Urbano";2;0;2;0;0;0;2;1
83500743;"19/09/16";"Segunda";"20:30:00";"MG";365;"513";"MONTE CARMELO";"Velocidade incompatível";"Colisão traseira";"Sem Vítimas";"Pleno dia";"Decrescente";"Ceu Claro";"Simples";"Reta";"Rural";2;0;0;0;2;0;0;2
83500744;"28/08/16";"Domingo";"21:00:00";"PR";163;"147,8";"CAPITAO LEONIDAS MARQUES";"Falta de atenção";"Colisão traseira";"Sem Vítimas";"Plena noite";"Crescente";"Chuva";"Simples";"Reta";"Rural";2;0;0;0;2;0;0;2
83500745;"23/09/16";"Sexta";"14:30:00";"SP";116;"303";"SAO LOURENCO DA SERRA";"Desobediência à sinalização";"Tombamento";"Sem Vítimas";"Pleno dia";"Crescente";"Sol";"Dupla";"Reta";"Rural";2;0;0;0;1;1;0;2
83500746;"20/09/16";"Terça";"05:40:00";"MG";381;"441";"SABARA";"Dormindo";"Capotamento";"Com Vítimas Feridas";"Amanhecer";"Crescente";"Ignorada";"Simples";"Curva";"Rural";1;0;1;0;0;0;1;1
83500747;"19/09/16";"Segunda";"19:05:00";"ES";101;"265";"SERRA";"Não guardar distância de segurança";"Colisão traseira";"Sem Vítimas";"Plena noite";"Decrescente";"Ceu Claro";"Dupla";"Reta";"Urbano";3;0;0;0;3;0;0;3
83500749;"23/09/16";"Sexta";"14:00:00";"AL";101;"114,2";"PILAR";"Defeito mecânico em veículo";"Tombamento";"Com Vítimas Feridas";"Pleno dia";"Decrescente";"Ceu Claro";"Simples";"Curva";"Rural";1;0;1;0;0;0;1;1
83500750;"16/03/16";"Quarta";"11:00:00";"MG";116;"389";"GOVERNADOR VALADARES";"Animais na Pista";"Atropelamento de animal";"Com Vítimas Feridas";"Pleno dia";"Decrescente";"Ceu Claro";"Simples";"Reta";"Rural";1;0;0;1;0;0;1;1
83500751;"23/09/16";"Sexta";"14:00:00";"MG";381;"757,5";"TRES CORACOES";"Dormindo";"Colisão traseira";"Com Vítimas Feridas";"Pleno dia";"Decrescente";"Sol";"Dupla";"Reta";"Rural";3;0;1;0;1;1;1;2
83500752;"23/09/16";"Sexta";"13:10:00";"SC";470;"131,9";"LONTRAS";"Outras";"Danos Eventuais";"Sem Vítimas";"Pleno dia";"Crescente";"Ceu Claro";"Simples";"Cruzamento";"Rural";1;0;0;0;1;0;0;1
83500753;"23/09/16";"Sexta";"15:00:00";"SC";101;"206";"SAO JOSE";"Falta de atenção";"Colisão lateral";"Com Vítimas Feridas";"Pleno dia";"Crescente";"Sol";"Dupla";"Reta";"Urbano";2;0;1;0;1;0;1;2
83500754;"20/09/16";"Terça";"18:15:00";"PA";230;"98";"MARABA";"Outras";"Colisão traseira";"Sem Vítimas";"Anoitecer";"Crescente";"Ceu Claro";"Simples";"Reta";"Rural";4;0;0;0;4;0;0;2
83500755;"23/09/16";"Sexta";"08:30:00";"MG";251;"511,4";"FRANCISCO SA";"Ultrapassagem indevida";"Colisão frontal";"Com Vítimas Feridas";"Pleno dia";"Crescente";"Ceu Claro";"Simples";"Curva";"Rural";3;0;0;3;0;0;3;2
83500756;"19/09/16";"Segunda";"22:10:00";"MG";116;"411";"GOVERNADOR VALADARES";"Falta de atenção";"Colisão Transversal";"Com Vítimas Feridas";"Plena noite";"Decrescente";"Ceu Claro";"Múltipla";"Reta";"Urbano";2;0;2;0;0;0;2;2
83500757;"19/09/16";"Segunda";"20:50:00";"MG";116;"383";"MATHIAS LOBATO";"Defeito mecânico em veículo";"Incêndio";"Sem Vítimas";"Plena noite";"Crescente";"Ceu Claro";"Simples";"Reta";"Urbano";1;0;0;0;1;0;0;1
83500758;"07/09/16";"Quarta";"09:45:00";"MT";364;"293,4";"JACIARA";"Ultrapassagem indevida";"Colisão lateral";"Com Vítimas Feridas";"Pleno dia";"Crescente";"Sol";"Simples";"Reta";"Rural";5;0;1;1;3;0;2;4
83500759;"23/09/16";"Sexta";"15:50:00";"GO";60;"184,2";"ABADIA DE GOIAS";"Ultrapassagem indevida";"Colisão traseira";"Com Vítimas Feridas";"Pleno dia";"Decrescente";"Ceu Claro";"Dupla";"Reta";"Rural";2;0;1;0;1;0;1;2
83500760;"23/09/16";"Sexta";"16:00:00";"RS";290;"215,3";"PANTANO GRANDE";"Falta de atenção";"Colisão Transversal";"Com Vítimas Feridas";"Pleno dia";"Decrescente";"Ceu Claro";"Simples";"Cruzamento";"Urbano";4;0;3;0;1;0;3;2
83500761;"23/09/16";"Sexta";"16:40:00";"SE";235;"52,5";"ITABAIANA";"Falta de atenção";"Colisão Transversal";"Com Vítimas Feridas";"Pleno dia";"Decrescente";"Ceu Claro";"Simples";"Reta";"Urbano";2;0;1;0;1;0;1;2
83500762;"23/09/16";"Sexta";"12:00:00";"GO";40;"12,3";"LUZIANIA";"Ingestão de álcool";"Capotamento";"Com Vítimas Feridas";"Pleno dia";"Decrescente";"Sol";"Dupla";"Reta";"Urbano";1;0;1;0;0;0;1;1
83500763;"19/09/16";"Segunda";"14:45:00";"ES";101;"2,1";"VITORIA";"Não guardar distância de segurança";"Colisão traseira";"Sem Vítimas";"Pleno dia";"Crescente";"Sol";"Dupla";"Reta";"Urbano";5;0;0;0;5;0;0;5
83500764;"23/09/16";"Sexta";"16:50:00";"SC";470;"52,7";"BLUMENAU";"Outras";"Colisão Transversal";"Com Vítimas Feridas";"Pleno dia";"Crescente";"Sol";"Simples";"Reta";"Urbano";2;0;1;0;1;0;1;2
83500765;"23/09/16";"Sexta";"11:45:00";"GO";60;"107,9";"GOIANAPOLIS";"Desobediência à sinalização";"Colisão frontal";"Com Vítimas Feridas";"Pleno dia";"Decrescente";"Ceu Claro";"Dupla";"Reta";"Rural";3;0;1;0;2;0;1;3
83500766;"08/09/16";"Quinta";"07:30:00";"SP";116;"284,1";"EMBU";"Defeito mecânico em veículo";"Capotamento";"Sem Vítimas";"Plena noite";"Crescente";"Ceu Claro";"Dupla";"Reta";"Urbano";1;0;0;0;1;0;0;1
83500768;"11/09/16";"Domingo";"20:30:00";"SP";116;"142,8";"SAO JOSE DOS CAMPOS";"Defeito mecânico em veículo";"Colisão traseira";"Com Vítimas Fatais";"Plena noite";"Decrescente";"Ceu Claro";"Dupla";"Reta";"Urbano";2;1;0;0;1;0;0;2
83500769;"23/09/16";"Sexta";"11:20:00";"GO";40;"1,9";"VALPARAISO DE GOIAS";"Outras";"Colisão Transversal";"Sem Vítimas";"Pleno dia";"Decrescente";"Nublado";"Dupla";"Reta";"Urbano";2;0;0;0;1;1;0;2
83500770;"23/09/16";"Sexta";"12:00:00";"RJ";101;"51";"CAMPOS DOS GOYTACAZES";"Falta de atenção";"Colisão Transversal";"Com Vítimas Feridas";"Pleno dia";"Decrescente";"Ceu Claro";"Simples";"Reta";"Rural";2;0;1;0;1;0;1;2
83500771;"23/09/16";"Sexta";"13:40:00";"RJ";116;"84";"TERESOPOLIS";"Outras";"Derramamento de Carga";"Sem Vítimas";"Pleno dia";"Decrescente";"Sol";"Simples";"Reta";"Urbano";1;0;0;0;1;0;0;1
83500772;"11/09/16";"Domingo";"15:00:00";"MG";116;"99,2";"MEDINA";"Outras";"Queda de motocicleta / bicicleta / veículo";"Com Vítimas Feridas";"Pleno dia";"Crescente";"Chuva";"Simples";"Curva";"Rural";1;0;0;1;0;0;1;1
83500773;"23/09/16";"Sexta";"16:05:00";"SP";116;"511,9";"CAJATI";"Defeito mecânico em veículo";"Colisão com objeto fixo";"Sem Vítimas";"Pleno dia";"Decrescente";"Nublado";"Simples";"Curva";"Rural";1;0;0;0;1;0;0;1
83500774;"23/09/16";"Sexta";"17:40:00";"RJ";101;"85";"CAMPOS DOS GOYTACAZES";"Outras";"Queda de motocicleta / bicicleta / veículo";"Com Vítimas Feridas";"Anoitecer";"Decrescente";"Ceu Claro";"Simples";"Reta";"Rural";1;0;1;0;0;0;1;1
83500775;"23/09/16";"Sexta";"15:45:00";"PE";232;"50,1";"VITORIA DE SANTO ANTAO";"Velocidade incompatível";"Colisão traseira";"Sem Vítimas";"Pleno dia";"Crescente";"Sol";"Dupla";"Reta";"Rural";2;0;0;0;2;0;0;2
83500776;"23/09/16";"Sexta";"15:00:00";"RJ";40;"96";"DUQUE DE CAXIAS";"Outras";"Tombamento";"Com Vítimas Feridas";"Pleno dia";"Decrescente";"Ceu Claro";"Dupla";"Curva";"Rural";1;0;1;0;0;0;1;1
83500778;"23/09/16";"Sexta";"16:15:00";"RS";392;"693,5";"ROQUE GONZALES";"Velocidade incompatível";"Saída de Pista";"Com Vítimas Feridas";"Pleno dia";"Decrescente";"Sol";"Simples";"Curva";"Rural";1;0;1;0;0;0;1;1
83500779;"23/09/16";"Sexta";"16:30:00";"SP";116;"229,8";"SAO PAULO";"Velocidade incompatível";"Colisão traseira";"Sem Vítimas";"Pleno dia";"Decrescente";"Ceu Claro";"Múltipla";"Reta";"Urbano";3;0;0;0;3;0;0;3
83500780;"23/09/16";"Sexta";"15:20:00";"SC";101;"244,5";"PALHOCA";"Falta de atenção";"Colisão traseira";"Com Vítimas Feridas";"Pleno dia";"Crescente";"Sol";"Dupla";"Reta";"Rural";3;0;1;0;1;1;1;3
83500781;"23/09/16";"Sexta";"14:50:00";"SC";282;"575,5";"PINHALZINHO";"Não guardar distância de segurança";"Colisão traseira";"Com Vítimas Feridas";"Pleno dia";"Crescente";"Ceu Claro";"Simples";"Reta";"Rural";5;0;1;1;3;0;2;4
83500782;"22/09/16";"Quinta";"17:50:00";"RJ";101;"61";"CAMPOS DOS GOYTACAZES";"Falta de atenção";"Colisão Transversal";"Com Vítimas Feridas";"Plena noite";"Crescente";"Ceu Claro";"Simples";"Reta";"Urbano";3;0;1;0;0;2;1;2
83500784;"23/09/16";"Sexta";"16:35:00";"PR";376;"161,4";"MARINGA";"Falta de atenção";"Colisão Transversal";"Sem Vítimas";"Pleno dia";"Decrescente";"Sol";"Dupla";"Reta";"Urbano";2;0;0;0;2;0;0;2
83500785;"23/09/16";"Sexta";"17:07:00";"MG";40;"28,2";"PARACATU";"Outras";"Saída de Pista";"Sem Vítimas";"Pleno dia";"Crescente";"Chuva";"Simples";"Curva";"Rural";1;0;0;0;1;0;0;1
83500787;"23/09/16";"Sexta";"13:10:00";"PB";230;"1";"CABEDELO";"Falta de atenção";"Colisão lateral";"Sem Vítimas";"Pleno dia";"Crescente";"Sol";"Simples";"Reta";"Urbano";2;0;0;0;2;0;0;2
83500788;"23/09/16";"Sexta";"09:15:00";"MG";116;"309,8";"ITAMBACURI";"Velocidade incompatível";"Capotamento";"Com Vítimas Feridas";"Pleno dia";"Crescente";"Ceu Claro";"Simples";"Curva";"Rural";1;0;1;0;0;0;1;1
83500789;"23/09/16";"Sexta";"14:00:00";"GO";153;"522,4";"HIDROLANDIA";"Outras";"Capotamento";"Com Vítimas Feridas";"Pleno dia";"Decrescente";"Sol";"Dupla";"Reta";"Rural";2;0;1;1;0;0;2;1
83500791;"23/09/16";"Sexta";"08:00:00";"MS";163;"684";"BANDEIRANTES";"Desobediência à sinalização";"Colisão Transversal";"Com Vítimas Feridas";"Pleno dia";"Decrescente";"Ceu Claro";"Dupla";"Reta";"Rural";2;0;0;1;0;1;1;2
83500792;"23/09/16";"Sexta";"10:40:00";"MG";262;"100,1";"MARTINS SOARES";"Falta de atenção";"Capotamento";"Com Vítimas Feridas";"Pleno dia";"Crescente";"Sol";"Simples";"Reta";"Rural";5;0;5;0;0;0;5;1
83500793;"05/09/16";"Segunda";"14:25:00";"SC";282;"506,9";"XANXERE";"Falta de atenção";"Colisão traseira";"Sem Vítimas";"Pleno dia";"Decrescente";"Nublado";"Simples";"Reta";"Rural";2;0;0;0;2;0;0;2
83500794;"23/09/16";"Sexta";"14:10:00";"GO";60;"5,5";"APARECIDA DE GOIANIA";"Outras";"Colisão lateral";"Com Vítimas Feridas";"Pleno dia";"Crescente";"Ceu Claro";"Dupla";"Reta";"Urbano";3;0;0;1;2;0;1;2
83500795;"23/09/16";"Sexta";"18:30:00";"RJ";116;"144";"DUQUE DE CAXIAS";"Ingestão de álcool";"Colisão com bicicleta";"Sem Vítimas";"Plena noite";"Decrescente";"Ceu Claro";"Simples";"Reta";"Urbano";2;0;0;0;2;0;0;2
83500796;"06/09/16";"Terça";"04:30:00";"ES";259;"89";"BAIXO GUANDU";"Outras";"Capotamento";"Com Vítimas Feridas";"Plena noite";"Decrescente";"Ceu Claro";"Dupla";"Reta";"Rural";1;0;1;0;0;0;1;1
83500797;"22/09/16";"Quinta";"07:00:00";"RJ";101;"289";"ITABORAI";"Outras";"Colisão lateral";"Sem Vítimas";"Amanhecer";"Crescente";"Ceu Claro";"Dupla";"Reta";"Rural";2;0;0;0;2;0;0;2
83500798;"23/09/16";"Sexta";"17:25:00";"PR";376;"322,2";"ORTIGUEIRA";"Não guardar distância de segurança";"Colisão traseira";"Sem Vítimas";"Pleno dia";"Decrescente";"Sol";"Simples";"Reta";"Rural";7;0;0;0;7;0;0;3
83500800;"23/09/16";"Sexta";"19:20:00";"PE";101;"85";"JABOATAO DOS GUARARAPES";"Ingestão de álcool";"Atropelamento de pessoa";"Com Vítimas Feridas";"Plena noite";"Decrescente";"Ceu Claro";"Simples";"Reta";"Urbano";2;0;0;1;1;0;1;1
83500801;"23/09/16";"Sexta";"01:30:00";"PA";153;"80";"SAO GERALDO DO ARAGUAIA";"Animais na Pista";"Atropelamento de animal";"Com Vítimas Fatais";"Plena noite";"Decrescente";"Ignorada";"Simples";"Reta";"Rural";4;1;2;0;1;0;2;1
83500802;"23/09/16";"Sexta";"18:40:00";"SP";153;"155";"PROMISSAO";"Outras";"Colisão Transversal";"Com Vítimas Feridas";"Plena noite";"Crescente";"Ceu Claro";"Simples";"Reta";"Rural";2;0;1;0;1;0;1;2
83500803;"23/09/16";"Sexta";"15:20:00";"RN";406;"140";"TAIPU";"Ultrapassagem indevida";"Derramamento de Carga";"Sem Vítimas";"Pleno dia";"Decrescente";"Sol";"Simples";"Reta";"Rural";2;0;0;0;2;0;0;2
83500804;"23/09/16";"Sexta";"12:30:00";"BA";116;"304,3";"ARACI";"Defeito mecânico em veículo";"Capotamento";"Com Vítimas Feridas";"Pleno dia";"Decrescente";"Nublado";"Simples";"Reta";"Rural";3;0;3;0;0;0;3;1
83500805;"23/09/16";"Sexta";"08:50:00";"MT";70;"703";"CACERES";"Não guardar distância de segurança";"Atropelamento de pessoa";"Com Vítimas Feridas";"Pleno dia";"Crescente";"Ceu Claro";"Simples";"Reta";"Rural";3;0;1;0;2;0;1;1
83500806;"21/09/16";"Quarta";"18:00:00";"BA";242;"274";"IBIQUERA";"Defeito na via";"Tombamento";"Com Vítimas Feridas";"Plena noite";"Decrescente";"Ceu Claro";"Simples";"Reta";"Rural";1;0;0;1;0;0;1;1
83500807;"23/09/16";"Sexta";"16:50:00";"PE";101;"57,8";"PAULISTA";"Não guardar distância de segurança";"Colisão traseira";"Sem Vítimas";"Pleno dia";"Decrescente";"Ceu Claro";"Múltipla";"Reta";"Rural";4;0;0;0;4;0;0;4
83500808;"23/09/16";"Sexta";"18:20:00";"PR";476;"128";"CURITIBA";"Outras";"Colisão lateral";"Com Vítimas Feridas";"Anoitecer";"Crescente";"Ceu Claro";"Dupla";"Reta";"Urbano";2;0;1;0;1;0;1;2
83500809;"23/09/16";"Sexta";"17:00:00";"SP";116;"226,8";"GUARULHOS";"Falta de atenção";"Colisão traseira";"Com Vítimas Feridas";"Pleno dia";"Crescente";"Ceu Claro";"Múltipla";"Reta";"Urbano";2;0;1;0;1;0;1;2
83500810;"21/09/16";"Quarta";"16:20:00";"RJ";493;"4";"ITABORAI";"Falta de atenção";"Atropelamento de pessoa";"Com Vítimas Feridas";"Pleno dia";"Crescente";"Ceu Claro";"Simples";"Reta";"Rural";2;0;1;1;0;0;2;1
83500811;"23/09/16";"Sexta";"10:00:00";"BA";101;"421,7";"IBIRAPITANGA";"Velocidade incompatível";"Colisão frontal";"Com Vítimas Feridas";"Pleno dia";"Crescente";"Nublado";"Simples";"Curva";"Rural";2;0;1;0;0;1;1;2