"id";"data_inversa";"dia_semana";"horario";"uf";"br";"km";"municipio";"causa_acidente";"tipo_acidente";"classificacao_acidente";"fase_dia";"sentido_via";"condicao_metereologica";"tipo_pista";"tracado_via";"uso_solo";"pessoas";"mortos";"feridos_leves";"feridos_graves";"ilesos";"ignorados";"feridos";"veiculos"
83500812;"23/09/16";"Sexta";"19:15:00";"RN";101;"107,2";"PARNAMIRIM";"Outras";"Atropelamento de pessoa";"Com Vítimas Feridas";"Plena noite";"Crescente";"Ceu Claro";"Dupla";"Reta";"Urbano";3;0;3;0;0;0;3;1
83500813;"23/09/16";"Sexta";"18:55:00";"RS";448;"20";"PORTO ALEGRE";"Outras";"Queda de motocicleta / bicicleta / veículo";"Com Vítimas Feridas";"Anoitecer";"Decrescente";"Ignorada";"Simples";"Reta";"Urbano";1;0;1;0;0;0;1;1
83500814;"23/09/16";"Sexta";"17:22:00";"PR";376;"237";"APUCARANA";"Falta de atenção";"Colisão Transversal";"Com Vítimas Feridas";"Pleno dia";"Decrescente";"Ceu Claro";"Simples";"Cruzamento";"Rural";2;0;1;0;1;0;1;2
83500815;"23/09/16";"Sexta";"17:15:00";"PR";376;"599,7";"CURITIBA";"Outras";"Colisão traseira";"Sem Vítimas";"Pleno dia";"Crescente";"Ceu Claro";"Dupla";"Reta";"Urbano";4;0;0;0;4;0;0;2
83500816;"23/09/16";"Sexta";"19:27:00";"ES";101;"270,2";"SERRA";"Falta de atenção";"Colisão lateral";"Com Vítimas Feridas";"Plena noite";"Decrescente";"Nublado";"Múltipla";"Reta";"Urbano";2;0;0;1;1;0;1;2
83500817;"23/09/16";"Sexta";"19:20:00";"SC";101;"383,7";"ICARA";"Falta de atenção";"Atropelamento de pessoa";"Com Vítimas Fatais";"Plena noite";"Crescente";"Ceu Claro";"Simples";"Reta";"Rural";2;1;0;0;1;0;0;1
83500818;"23/09/16";"Sexta";"18:00:00";"GO";60;"164";"GOIANIA";"Ingestão de álcool";"Colisão com objeto fixo";"Com Vítimas Feridas";"Plena noite";"Crescente";"Ceu Claro";"Dupla";"Reta";"Urbano";1;0;0;1;0;0;1;1
83500819;"23/09/16";"Sexta";"19:00:00";"PR";376;"3";"SAO JOSE DOS PINHAIS";"Não guardar distância de segurança";"Colisão traseira";"Com Vítimas Feridas";"Plena noite";"Crescente";"Nublado";"Dupla";"Reta";"Urbano";2;0;1;0;1;0;1;2
83500820;"23/09/16";"Sexta";"17:00:00";"PR";376;"616";"SAO JOSE DOS PINHAIS";"Desobediência à sinalização";"Colisão Transversal";"Com Vítimas Feridas";"Pleno dia";"Crescente";"Nublado";"Dupla";"Reta";"Urbano";2;0;1;0;0;1;1;2
83500821;"23/09/16";"Sexta";"19:36:00";"AP";210;"0,5";"MACAPA";"Falta de atenção";"Colisão com bicicleta";"Com Vítimas Feridas";"Plena noite";"Decrescente";"Ceu Claro";"Dupla";"Reta";"Urbano";3;0;1;0;2;0;1;2
83500822;"20/09/16";"Terça";"22:15:00";"MT";174;"421";"NOVA LACERDA";"Defeito mecânico em veículo";"Danos Eventuais";"Sem Vítimas";"Plena noite";"Decrescente";"Ceu Claro";"Simples";"Reta";"Rural";1;0;0;0;1;0;0;1
83500823;"23/09/16";"Sexta";"18:30:00";"RJ";393;"280";"BARRA DO PIRAI";"Falta de atenção";"Colisão Transversal";"Sem Vítimas";"Plena noite";"Crescente";"Ceu Claro";"Simples";"Reta";"Urbano";2;0;0;0;2;0;0;2
83500824;"23/09/16";"Sexta";"16:11:00";"PR";277;"592,9";"CASCAVEL";"Outras";"Queda de motocicleta / bicicleta / veículo";"Com Vítimas Feridas";"Pleno dia";"Crescente";"Ceu Claro";"Simples";"Reta";"Urbano";3;0;0;2;1;0;2;2
83500825;"23/09/16";"Sexta";"15:05:00";"SC";470;"72";"INDAIAL";"Falta de atenção";"Colisão traseira";"Com Vítimas Feridas";"Pleno dia";"Decrescente";"Ceu Claro";"Simples";"Reta";"Urbano";2;0;1;0;1;0;1;2
83500826;"23/09/16";"Sexta";"19:10:00";"MG";262;"492,2";"MOEMA";"Velocidade incompatível";"Colisão com objeto fixo";"Sem Vítimas";"Plena noite";"Crescente";"Nublado";"Simples";"Reta";"Rural";1;0;0;0;1;0;0;1
83500827;"22/09/16";"Quinta";"21:00:00";"AC";317;"28";"SENADOR GUIOMARD";"Animais na Pista";"Atropelamento de animal";"Com Vítimas Feridas";"Plena noite";"Crescente";"Ceu Claro";"Simples";"Reta";"Rural";2;0;1;0;0;1;1;1
83500828;"25/07/16";"Segunda";"22:30:00";"MS";158;"1";"CASSILANDIA";"Outras";"Queda de motocicleta / bicicleta / veículo";"Com Vítimas Feridas";"Plena noite";"Decrescente";"Ignorada";"Dupla";"Cruzamento";"Urbano";1;0;0;1;0;0;1;1
83500829;"23/09/16";"Sexta";"18:50:00";"ES";101;"65";"SAO MATEUS";"Falta de atenção";"Colisão Transversal";"Com Vítimas Feridas";"Plena noite";"Crescente";"Ceu Claro";"Múltipla";"Reta";"Urbano";2;0;1;0;1;0;1;2
83500830;"23/09/16";"Sexta";"19:50:00";"DF";70;"7";"BRASILIA";"Falta de atenção";"Colisão traseira";"Com Vítimas Feridas";"Plena noite";"Crescente";"Nublado";"Dupla";"Reta";"Urbano";2;0;1;0;1;0;1;2
83500831;"23/09/16";"Sexta";"18:40:00";"RS";116;"224,3";"DOIS IRMAOS";"Outras";"Tombamento";"Com Vítimas Feridas";"Anoitecer";"Decrescente";"Ceu Claro";"Dupla";"Curva";"Urbano";1;0;1;0;0;0;1;1
83500832;"23/09/16";"Sexta";"18:35:00";"MG";459;"83,4";"CONGONHAL";"Falta de atenção";"Colisão Transversal";"Com Vítimas Feridas";"Anoitecer";"Crescente";"Ignorada";"Simples";"Reta";"Urbano";2;0;1;0;0;1;1;2
83500833;"23/09/16";"Sexta";"20:30:00";"SC";101;"240";"PALHOCA";"Outras";"Capotamento";"Com Vítimas Feridas";"Plena noite";"Decrescente";"Ceu Claro";"Dupla";"Reta";"Rural";1;0;1;0;0;0;1;1
83500834;"23/09/16";"Sexta";"19:20:00";"PR";376;"173,7";"MARINGA";"Ingestão de álcool";"Colisão traseira";"Com Vítimas Feridas";"Plena noite";"Decrescente";"Ceu Claro";"Dupla";"Reta";"Urbano";4;0;1;0;3;0;1;4
83500836;"19/09/16";"Segunda";"18:00:00";"MG";40;"725,1";"BARBACENA";"Falta de atenção";"Atropelamento de pessoa";"Com Vítimas Feridas";"Plena noite";"Crescente";"Ceu Claro";"Dupla";"Reta";"Rural";2;0;0;1;0;1;1;1
83500837;"20/09/16";"Terça";"06:40:00";"RJ";116;"227,9";"PIRAI";"Velocidade incompatível";"Colisão com objeto fixo";"Com Vítimas Feridas";"Amanhecer";"Decrescente";"Chuva";"Dupla";"Curva";"Rural";4;0;1;0;3;0;1;1
83500838;"21/09/16";"Quarta";"23:50:00";"BA";242;"178";"ITABERABA";"Outras";"Incêndio";"Sem Vítimas";"Plena noite";"Decrescente";"Ceu Claro";"Simples";"Reta";"Rural";3;0;0;0;3;0;0;3
83500839;"23/09/16";"Sexta";"20:20:00";"MG";356;"265,1";"MURIAE";"Ultrapassagem indevida";"Colisão frontal";"Com Vítimas Feridas";"Plena noite";"Decrescente";"Ceu Claro";"Simples";"Cruzamento";"Urbano";3;0;0;2;1;0;2;3
83500841;"23/09/16";"Sexta";"19:25:00";"PE";423;"100";"GARANHUNS";"Ingestão de álcool";"Colisão frontal";"Com Vítimas Fatais";"Plena noite";"Crescente";"Ceu Claro";"Simples";"Reta";"Rural";5;4;0;1;0;0;1;2
83500842;"23/09/16";"Sexta";"17:45:00";"MG";50;"77";"UBERLANDIA";"Outras";"Colisão traseira";"Com Vítimas Fatais";"Anoitecer";"Crescente";"Ceu Claro";"Dupla";"Reta";"Urbano";5;1;0;4;0;0;4;2
83500843;"23/09/16";"Sexta";"18:20:00";"RN";405;"61,3";"FELIPE GUERRA";"Outras";"Colisão traseira";"Com Vítimas Fatais";"Plena noite";"Crescente";"Ceu Claro";"Simples";"Reta";"Rural";3;1;1;0;0;1;1;2
83500844;"23/09/16";"Sexta";"19:40:00";"BA";242;"329";"LENCOIS";"Defeito mecânico em veículo";"Incêndio";"Sem Vítimas";"Plena noite";"Decrescente";"Nublado";"Simples";"Curva";"Rural";1;0;0;0;1;0;0;1
83500845;"23/09/16";"Sexta";"19:00:00";"PI";316;"114,6";"PASSAGEM FRANCA DO PIAUI";"Animais na Pista";"Atropelamento de animal";"Sem Vítimas";"Plena noite";"Decrescente";"Ceu Claro";"Simples";"Reta";"Rural";1;0;0;0;1;0;0;1
83500846;"23/09/16";"Sexta";"20:50:00";"RS";116;"413,2";"CRISTAL";"Ultrapassagem indevida";"Colisão frontal";"Sem Vítimas";"Plena noite";"Decrescente";"Ceu Claro";"Simples";"Reta";"Rural";2;0;0;0;2;0;0;2
83500847;"23/09/16";"Sexta";"22:30:00";"SC";282;"499,9";"XANXERE";"Outras";"Saída de Pista";"Sem Vítimas";"Plena noite";"Decrescente";"Ceu Claro";"Dupla";"Cruzamento";"Urbano";2;0;0;0;1;1;0;2
83500848;"23/09/16";"Sexta";"19:15:00";"SC";101;"328";"CAPIVARI DE BAIXO";"Ingestão de álcool";"Colisão traseira";"Com Vítimas Feridas";"Plena noite";"Decrescente";"Ceu Claro";"Simples";"Reta";"Rural";3;0;2;0;1;0;2;2
83500849;"23/09/16";"Sexta";"21:30:00";"MS";267;"481";"JARDIM";"Falta de atenção";"Colisão Transversal";"Com Vítimas Feridas";"Plena noite";"Crescente";"Ceu Claro";"Simples";"Reta";"Urbano";2;0;1;0;1;0;1;2
83500850;"23/09/16";"Sexta";"20:20:00";"RS";158;"306";"ITAARA";"Falta de atenção";"Colisão Transversal";"Com Vítimas Feridas";"Plena noite";"Decrescente";"Ceu Claro";"Simples";"Reta";"Urbano";2;0;2;0;0;0;2;2
83500851;"23/09/16";"Sexta";"21:50:00";"MS";158;"97";"PARANAIBA";"Velocidade incompatível";"Colisão traseira";"Com Vítimas Feridas";"Plena noite";"Crescente";"Ceu Claro";"Dupla";"Reta";"Urbano";2;0;0;1;0;1;1;2
83500852;"23/09/16";"Sexta";"21:20:00";"MG";262;"67";"MATIPO";"Outras";"Queda de motocicleta / bicicleta / veículo";"Com Vítimas Feridas";"Plena noite";"Crescente";"Nublado";"Simples";"Curva";"Rural";1;0;1;0;0;0;1;1
83500853;"23/09/16";"Sexta";"11:30:00";"MG";50;"83";"UBERLANDIA";"Defeito mecânico em veículo";"Capotamento";"Com Vítimas Feridas";"Pleno dia";"Decrescente";"Sol";"Dupla";"Reta";"Rural";2;0;2;0;0;0;2;1
83500854;"23/09/16";"Sexta";"22:30:00";"SC";282;"343";"CAMPOS NOVOS";"Ingestão de álcool";"Capotamento";"Com Vítimas Feridas";"Plena noite";"Decrescente";"Ceu Claro";"Simples";"Reta";"Rural";3;0;1;2;0;0;3;1
83500855;"23/09/16";"Sexta";"19:45:00";"RS";116;"147,4";"CAXIAS DO SUL";"Ingestão de álcool";"Colisão traseira";"Sem Vítimas";"Plena noite";"Crescente";"Ceu Claro";"Dupla";"Reta";"Urbano";2;0;0;0;2;0;0;2
83500856;"23/09/16";"Sexta";"18:35:00";"BA";420;"350,1";"JAGUAQUARA";"Ultrapassagem indevida";"Colisão frontal";"Com Vítimas Feridas";"Anoitecer";"Crescente";"Ceu Claro";"Simples";"Reta";"Rural";2;0;0;1;1;0;1;2
83500857;"23/09/16";"Sexta";"20:40:00";"RS";471;"145,8";"SANTA CRUZ DO SUL";"Velocidade incompatível";"Colisão Transversal";"Com Vítimas Feridas";"Plena noite";"Crescente";"Ceu Claro";"Simples";"Reta";"Urbano";2;0;1;0;1;0;1;2
83500858;"23/09/16";"Sexta";"23:15:00";"PR";116;"104";"SAO JOSE DOS PINHAIS";"Falta de atenção";"Colisão traseira";"Sem Vítimas";"Plena noite";"Decrescente";"Nublado";"Dupla";"Reta";"Urbano";2;0;0;0;2;0;0;2
83500859;"23/09/16";"Sexta";"19:30:00";"PE";104;"56";"CARUARU";"Desobediência à sinalização";"Colisão lateral";"Com Vítimas Feridas";"Plena noite";"Crescente";"Ceu Claro";"Dupla";"Reta";"Rural";2;0;1;0;1;0;1;2
83500860;"23/09/16";"Sexta";"23:00:00";"PE";232;"20,9";"MORENO";"Outras";"Atropelamento de pessoa";"Sem Vítimas";"Plena noite";"Decrescente";"Ceu Claro";"Dupla";"Reta";"Rural";3;0;0;0;2;1;0;1
83500861;"23/09/16";"Sexta";"22:30:00";"MA";10;"248";"IMPERATRIZ";"Desobediência à sinalização";"Colisão Transversal";"Com Vítimas Feridas";"Plena noite";"Decrescente";"Nublado";"Simples";"Reta";"Urbano";2;0;1;0;1;0;1;2
83500862;"24/09/16";"Sábado";"00:55:00";"SC";101;"249,8";"PAULO LOPES";"Dormindo";"Saída de Pista";"Com Vítimas Feridas";"Plena noite";"Decrescente";"Ceu Claro";"Dupla";"Reta";"Rural";1;0;1;0;0;0;1;1
83500863;"20/09/16";"Terça";"14:43:00";"MT";163;"852";"SINOP";"Outras";"Saída de Pista";"Com Vítimas Feridas";"Pleno dia";"Crescente";"Ceu Claro";"Simples";"Reta";"Rural";1;0;1;0;0;0;1;1
83500864;"23/09/16";"Sexta";"22:20:00";"RS";470;"161,5";"NOVA PRATA";"Não guardar distância de segurança";"Colisão Transversal";"Com Vítimas Feridas";"Plena noite";"Decrescente";"Ceu Claro";"Simples";"Reta";"Rural";6;0;0;1;5;0;1;2
83500865;"24/09/16";"Sábado";"01:10:00";"PR";376;"186,9";"MARIALVA";"Outras";"Capotamento";"Sem Vítimas";"Amanhecer";"Crescente";"Ceu Claro";"Dupla";"Reta";"Urbano";1;0;0;0;1;0;0;1
83500866;"23/09/16";"Sexta";"18:50:00";"SC";101;"361";"SANGAO";"Falta de atenção";"Colisão Transversal";"Com Vítimas Feridas";"Plena noite";"Crescente";"Nublado";"Dupla";"Cruzamento";"Rural";2;0;0;1;1;0;1;2
83500867;"23/09/16";"Sexta";"15:10:00";"BA";324;"614";"SALVADOR";"Outras";"Queda de motocicleta / bicicleta / veículo";"Com Vítimas Feridas";"Pleno dia";"Decrescente";"Chuva";"Dupla";"Reta";"Urbano";1;0;1;0;0;0;1;1
83500868;"23/09/16";"Sexta";"23:45:00";"PR";376;"593";"CURITIBA";"Outras";"Capotamento";"Com Vítimas Feridas";"Plena noite";"Crescente";"Ceu Claro";"Dupla";"Reta";"Urbano";1;0;1;0;0;0;1;1
83500869;"23/09/16";"Sexta";"17:40:00";"RO";364;"239,1";"CACOAL";"Falta de atenção";"Colisão Transversal";"Com Vítimas Feridas";"Pleno dia";"Decrescente";"Ceu Claro";"Simples";"Cruzamento";"Urbano";2;0;1;0;1;0;1;2
83500870;"23/09/16";"Sexta";"17:15:00";"GO";40;"71,9";"CRISTALINA";"Outras";"Tombamento";"Com Vítimas Feridas";"Pleno dia";"Decrescente";"Nublado";"Dupla";"Reta";"Rural";1;0;1;0;0;0;1;1
83500871;"23/09/16";"Sexta";"23:10:00";"MT";70;"141";"GENERAL CARNEIRO";"Falta de atenção";"Tombamento";"Sem Vítimas";"Plena noite";"Decrescente";"Ceu Claro";"Simples";"Reta";"Rural";1;0;0;0;1;0;0;1
83500872;"24/09/16";"Sábado";"03:00:00";"RJ";101;"313";"SAO GONCALO";"Outras";"Colisão com objeto fixo";"Com Vítimas Feridas";"Plena noite";"Decrescente";"Ceu Claro";"Dupla";"Reta";"Urbano";1;0;1;0;0;0;1;1
83500873;"11/09/16";"Domingo";"17:20:00";"ES";101;"236,3";"FUNDAO";"Ingestão de álcool";"Saída de Pista";"Com Vítimas Feridas";"Anoitecer";"Decrescente";"Ceu Claro";"Simples";"Reta";"Rural";3;0;2;0;1;0;2;1
83500874;"23/09/16";"Sexta";"20:45:00";"MG";40;"509";"RIBEIRAO DAS NEVES";"Ingestão de álcool";"Saída de Pista";"Sem Vítimas";"Plena noite";"Decrescente";"Ceu Claro";"Dupla";"Reta";"Urbano";1;0;0;0;1;0;0;1
83500875;"24/09/16";"Sábado";"03:00:00";"GO";60;"47,6";"ALEXANIA";"Ingestão de álcool";"Colisão com objeto fixo";"Com Vítimas Feridas";"Plena noite";"Crescente";"Nublado";"Dupla";"Reta";"Rural";3;0;1;2;0;0;3;1
83500876;"24/09/16";"Sábado";"03:00:00";"BA";410;"12";"RIBEIRA DO POMBAL";"Dormindo";"Capotamento";"Sem Vítimas";"Plena noite";"Decrescente";"Nublado";"Simples";"Reta";"Rural";1;0;0;0;1;0;0;1
83500877;"23/09/16";"Sexta";"19:00:00";"PB";412;"87,8";"SUME";"Ingestão de álcool";"Colisão frontal";"Com Vítimas Feridas";"Plena noite";"Crescente";"Ceu Claro";"Simples";"Curva";"Rural";3;0;1;1;1;0;2;2
83500879;"24/09/16";"Sábado";"03:50:00";"PR";116;"90";"PIRAQUARA";"Animais na Pista";"Atropelamento de animal";"Com Vítimas Fatais";"Plena noite";"Crescente";"Ceu Claro";"Simples";"Reta";"Rural";2;1;1;0;0;0;1;1
83500880;"23/09/16";"Sexta";"17:00:00";"RS";158;"545";"SANTANA DO LIVRAMENTO";"Defeito mecânico em veículo";"Queda de motocicleta / bicicleta / veículo";"Com Vítimas Feridas";"Pleno dia";"Crescente";"Sol";"Simples";"Reta";"Rural";2;0;1;0;1;0;1;1
83500881;"23/09/16";"Sexta";"18:30:00";"MS";60;"535,4";"NIOAQUE";"Animais na Pista";"Atropelamento de animal";"Sem Vítimas";"Plena noite";"Crescente";"Ceu Claro";"Simples";"Reta";"Rural";3;0;0;0;3;0;0;1
83500882;"13/09/16";"Terça";"14:15:00";"SC";282;"165,8";"BOCAINA DO SUL";"Outras";"Colisão frontal";"Com Vítimas Fatais";"Pleno dia";"Decrescente";"Nublado";"Simples";"Reta";"Rural";2;1;1;0;0;0;1;2
83500883;"24/09/16";"Sábado";"02:30:00";"SC";101;"206,2";"SAO JOSE";"Ingestão de álcool";"Colisão traseira";"Com Vítimas Feridas";"Pleno dia";"Decrescente";"Ceu Claro";"Múltipla";"Reta";"Urbano";4;0;1;0;3;0;1;2
83500884;"23/09/16";"Sexta";"20:30:00";"BA";101;"169";"FEIRA DE SANTANA";"Falta de atenção";"Colisão traseira";"Sem Vítimas";"Plena noite";"Crescente";"Chuva";"Simples";"Reta";"Rural";2;0;0;0;2;0;0;2
83500885;"24/09/16";"Sábado";"03:30:00";"PR";277;"242,6";"IRATI";"Ingestão de álcool";"Colisão lateral";"Sem Vítimas";"Plena noite";"Crescente";"Ceu Claro";"Simples";"Curva";"Rural";2;0;0;0;1;1;0;2
83500886;"24/09/16";"Sábado";"01:30:00";"MG";40;"499";"ESMERALDAS";"Dormindo";"Saída de Pista";"Sem Vítimas";"Plena noite";"Crescente";"Ceu Claro";"Dupla";"Reta";"Rural";1;0;0;0;1;0;0;1
83500887;"24/09/16";"Sábado";"01:30:00";"PR";376;"186,9";"MARIALVA";"Ingestão de álcool";"Colisão traseira";"Com Vítimas Feridas";"Plena noite";"Crescente";"Ceu Claro";"Dupla";"Reta";"Rural";4;0;3;0;1;0;3;2
83500888;"23/09/16";"Sexta";"22:00:00";"BA";324;"621";"SALVADOR";"Falta de atenção";"Colisão lateral";"Com Vítimas Feridas";"Plena noite";"Decrescente";"Chuva";"Dupla";"Reta";"Rural";2;0;1;0;1;0;1;2
83500889;"23/09/16";"Sexta";"12:00:00";"ES";262;"57";"MARECHAL FLORIANO";"Velocidade incompatível";"Queda de motocicleta / bicicleta / veículo";"Sem Vítimas";"Pleno dia";"Decrescente";"Ceu Claro";"Simples";"Reta";"Rural";2;0;0;0;2;0;0;2
83500890;"23/09/16";"Sexta";"08:30:00";"BA";101;"512";"ITABUNA";"Outras";"Colisão lateral";"Com Vítimas Fatais";"Pleno dia";"Decrescente";"Nublado";"Simples";"Curva";"Rural";2;1;1;0;0;0;1;2
83500891;"24/09/16";"Sábado";"04:00:00";"BA";407;"1";"JUAZEIRO";"Velocidade incompatível";"Colisão traseira";"Com Vítimas Feridas";"Plena noite";"Crescente";"Nublado";"Simples";"Reta";"Urbano";3;0;2;0;1;0;2;2
83500892;"23/09/16";"Sexta";"20:30:00";"MG";40;"648,3";"CRISTIANO OTONI";"Outras";"Capotamento";"Com Vítimas Feridas";"Plena noite";"Decrescente";"Ceu Claro";"Simples";"Reta";"Rural";4;0;4;0;0;0;4;1
83500893;"23/09/16";"Sexta";"21:50:00";"SC";470;"31,3";"GASPAR";"Outras";"Queda de motocicleta / bicicleta / veículo";"Com Vítimas Fatais";"Plena noite";"Crescente";"Ceu Claro";"Simples";"Reta";"Urbano";2;1;0;0;1;0;0;2
83500894;"23/09/16";"Sexta";"18:15:00";"BA";116;"425";"FEIRA DE SANTANA";"Ingestão de álcool";"Colisão traseira";"Com Vítimas Feridas";"Plena noite";"Decrescente";"Nublado";"Simples";"Reta";"Urbano";4;0;1;0;3;0;1;4
83500895;"24/09/16";"Sábado";"04:10:00";"RJ";116;"167";"SAO JOAO DE MERITI";"Velocidade incompatível";"Saída de Pista";"Ignorado";"Plena noite";"Crescente";"Ceu Claro";"Múltipla";"Reta";"Urbano";1;0;0;0;0;1;0;1
83500896;"23/09/16";"Sexta";"11:30:00";"RS";472;"577";"URUGUAIANA";"Não guardar distância de segurança";"Colisão traseira";"Sem Vítimas";"Pleno dia";"Decrescente";"Sol";"Simples";"Reta";"Urbano";2;0;0;0;1;1;0;2
83500897;"24/09/16";"Sábado";"02:15:00";"MG";50;"55";"UBERLANDIA";"Falta de atenção";"Colisão frontal";"Com Vítimas Feridas";"Plena noite";"Crescente";"Chuva";"Dupla";"Reta";"Rural";2;0;2;0;0;0;2;2
83500898;"24/09/16";"Sábado";"00:03:00";"SP";116;"275,8";"EMBU";"Ingestão de álcool";"Atropelamento de pessoa";"Com Vítimas Fatais";"Plena noite";"Crescente";"Nublado";"Dupla";"Reta";"Urbano";2;1;0;0;0;1;0;1
83500899;"24/09/16";"Sábado";"00:15:00";"MT";364;"584,6";"DIAMANTINO";"Outras";"Tombamento";"Com Vítimas Feridas";"Plena noite";"Decrescente";"Ceu Claro";"Dupla";"Reta";"Rural";1;0;1;0;0;0;1;1
83500900;"24/09/16";"Sábado";"03:30:00";"PR";116;"43,3";"CAMPINA GRANDE DO SUL";"Outras";"Tombamento";"Sem Vítimas";"Plena noite";"Crescente";"Ceu Claro";"Simples";"Curva";"Rural";1;0;0;0;1;0;0;1
83500901;"23/09/16";"Sexta";"22:40:00";"DF";60;"1,4";"BRASILIA";"Velocidade incompatível";"Colisão com objeto fixo";"Com Vítimas Fatais";"Plena noite";"Decrescente";"Ceu Claro";"Dupla";"Reta";"Urbano";1;1;0;0;0;0;0;1
83500902;"23/09/16";"Sexta";"18:15:00";"MG";381;"561,2";"ITAGUARA";"Defeito mecânico em veículo";"Tombamento";"Com Vítimas Feridas";"Anoitecer";"Crescente";"Ceu Claro";"Dupla";"Curva";"Rural";2;0;1;1;0;0;2;1
83500903;"23/09/16";"Sexta";"22:40:00";"RS";116;"205,6";"PICADA CAFE";"Ingestão de álcool";"Colisão frontal";"Sem Vítimas";"Plena noite";"Crescente";"Nublado";"Simples";"Reta";"Rural";2;0;0;0;2;0;0;2
83500904;"15/09/16";"Quinta";"20:05:00";"MG";40;"764,9";"JUIZ DE FORA";"Falta de atenção";"Colisão traseira";"Com Vítimas Feridas";"Plena noite";"Decrescente";"Ceu Claro";"Simples";"Reta";"Rural";2;0;1;0;1;0;1;2
83500905;"24/09/16";"Sábado";"04:40:00";"GO";153;"344,7";"JARAGUA";"Dormindo";"Saída de Pista";"Sem Vítimas";"Plena noite";"Crescente";"Ceu Claro";"Simples";"Curva";"Rural";5;0;0;0;5;0;0;1
83500906;"24/09/16";"Sábado";"03:00:00";"PR";476;"208,9";"LAPA";"Outras";"Capotamento";"Com Vítimas Feridas";"Plena noite";"Crescente";"Ceu Claro";"Simples";"Curva";"Rural";1;0;0;1;0;0;1;1
83500907;"24/09/16";"Sábado";"04:30:00";"MG";267;"112,1";"JUIZ DE FORA";"Defeito mecânico em veículo";"Colisão com objeto fixo";"Com Vítimas Feridas";"Plena noite";"Crescente";"Ceu Claro";"Simples";"Reta";"Urbano";2;0;0;2;0;0;2;1
83500908;"18/09/16";"Domingo";"20:20:00";"RS";116;"248";"SAO LEOPOLDO";"Falta de atenção";"Colisão traseira";"Com Vítimas Feridas";"Plena noite";"Decrescente";"Ceu Claro";"Múltipla";"Cruzamento";"Urbano";2;0;1;0;1;0;1;2
83500909;"21/09/16";"Quarta";"01:00:00";"SP";116;"128,3";"CACAPAVA";"Animais na Pista";"Atropelamento de animal";"Com Vítimas Feridas";"Plena noite";"Decrescente";"Nublado";"Dupla";"Reta";"Urbano";2;0;1;0;1;0;1;2
83500910;"21/09/16";"Quarta";"01:50:00";"PB";230;"32";"BAYEUX";"Ingestão de álcool";"Colisão com objeto fixo";"Sem Vítimas";"Plena noite";"Crescente";"Ignorada";"Dupla";"Reta";"Urbano";1;0;0;0;1;0;0;1
83500911;"24/09/16";"Sábado";"06:15:00";"RS";392;"242,7";"CACAPAVA DO SUL";"Dormindo";"Saída de Pista";"Com Vítimas Feridas";"Amanhecer";"Decrescente";"Ceu Claro";"Simples";"Reta";"Rural";1;0;0;1;0;0;1;1
83500912;"21/09/16";"Quarta";"07:15:00";"SP";381;"73,9";"SAO PAULO";"Velocidade incompatível";"Capotamento";"Sem Vítimas";"Pleno dia";"Decrescente";"Chuva";"Dupla";"Curva";"Rural";1;0;0;0;1;0;0;1
83500913;"23/09/16";"Sexta";"19:00:00";"RS";290;"674,5";"URUGUAIANA";"Outras";"Saída de Pista";"Sem Vítimas";"Anoitecer";"Crescente";"Ceu Claro";"Simples";"Reta";"Rural";3;0;0;0;3;0;0;1
83500914;"24/09/16";"Sábado";"04:20:00";"CE";116;"197,5";"LIMOEIRO DO NORTE";"Falta de atenção";"Colisão frontal";"Com Vítimas Feridas";"Plena noite";"Crescente";"Ceu Claro";"Simples";"Reta";"Rural";2;0;0;1;1;0;1;2
83500915;"24/09/16";"Sábado";"04:00:00";"PE";424;"40";"VENTUROSA";"Dormindo";"Tombamento";"Com Vítimas Feridas";"Plena noite";"Decrescente";"Ceu Claro";"Simples";"Reta";"Rural";1;0;1;0;0;0;1;1
83500916;"12/09/16";"Segunda";"19:40:00";"RN";406;"151";"CEARA-MIRIM";"Ingestão de álcool";"Colisão lateral";"Com Vítimas Feridas";"Plena noite";"Crescente";"Ceu Claro";"Simples";"Reta";"Urbano";2;0;1;0;1;0;1;2
83500917;"23/09/16";"Sexta";"21:20:00";"MG";40;"109,8";"LAGOA GRANDE";"Ingestão de álcool";"Colisão frontal";"Com Vítimas Feridas";"Plena noite";"Crescente";"Nublado";"Simples";"Curva";"Rural";3;0;2;1;0;0;3;2
83500919;"24/09/16";"Sábado";"06:00:00";"RS";158;"284,9";"JULIO DE CASTILHOS";"Outras";"Saída de Pista";"Com Vítimas Feridas";"Plena noite";"Decrescente";"Nevoeiro/neblina";"Simples";"Reta";"Rural";1;0;1;0;0;0;1;1
83500920;"20/09/16";"Terça";"08:15:00";"MG";381;"376,2";"SAO GONCALO DO RIO ABAIXO";"Velocidade incompatível";"Saída de Pista";"Com Vítimas Feridas";"Pleno dia";"Decrescente";"Chuva";"Simples";"Curva";"Rural";1;0;1;0;0;0;1;1
83500921;"24/09/16";"Sábado";"06:00:00";"MG";116;"545,6";"SANTA BARBARA DO LESTE";"Velocidade incompatível";"Capotamento";"Com Vítimas Feridas";"Amanhecer";"Crescente";"Nublado";"Simples";"Reta";"Rural";2;0;2;0;0;0;2;1
83500922;"12/09/16";"Segunda";"22:30:00";"RJ";101;"251";"RIO BONITO";"Outras";"Colisão lateral";"Com Vítimas Feridas";"Plena noite";"Crescente";"Ceu Claro";"Simples";"Reta";"Rural";2;0;1;0;1;0;1;2