"id";"data_inversa";"dia_semana";"horario";"uf";"br";"km";"municipio";"causa_acidente";"tipo_acidente";"classificacao_acidente";"fase_dia";"sentido_via";"condicao_metereologica";"tipo_pista";"tracado_via";"uso_solo";"pessoas";"mortos";"feridos_leves";"feridos_graves";"ilesos";"ignorados";"feridos";"veiculos"
83500923;"21/09/16";"Quarta";"08:15:00";"PR";376;"665";"GUARATUBA";"Velocidade incompatível";"Saída de Pista";"Sem Vítimas";"Pleno dia";"Crescente";"Chuva";"Dupla";"Curva";"Rural";1;0;0;0;1;0;0;1
83500924;"21/09/16";"Quarta";"08:30:00";"SP";116;"217,5";"GUARULHOS";"Falta de atenção";"Colisão com objeto fixo";"Sem Vítimas";"Amanhecer";"Crescente";"Nublado";"Simples";"Reta";"Urbano";1;0;0;0;1;0;0;1
83500925;"20/09/16";"Terça";"18:00:00";"MG";354;"753,4";"ITAMONTE";"Ultrapassagem indevida";"Colisão Transversal";"Com Vítimas Feridas";"Anoitecer";"Decrescente";"Ceu Claro";"Simples";"Cruzamento";"Urbano";3;0;1;0;2;0;1;2
83500926;"24/09/16";"Sábado";"08:20:00";"RS";290;"72";"GRAVATAI";"Outras";"Colisão com objeto fixo";"Sem Vítimas";"Pleno dia";"Crescente";"Ceu Claro";"Dupla";"Reta";"Urbano";1;0;0;0;1;0;0;1
83500927;"16/09/16";"Sexta";"11:00:00";"SC";116;"113,6";"SANTA CECILIA";"Falta de atenção";"Colisão Transversal";"Com Vítimas Feridas";"Pleno dia";"Decrescente";"Ceu Claro";"Simples";"Reta";"Rural";2;0;1;0;1;0;1;2
83500928;"22/09/16";"Quinta";"06:10:00";"DF";40;"5,9";"BRASILIA";"Outras";"Colisão frontal";"Com Vítimas Feridas";"Amanhecer";"Decrescente";"Ceu Claro";"Dupla";"Reta";"Urbano";2;0;1;0;1;0;1;2
83500929;"20/09/16";"Terça";"22:30:00";"PR";277;"454";"LARANJEIRAS DO SUL";"Ingestão de álcool";"Colisão frontal";"Com Vítimas Fatais";"Plena noite";"Crescente";"Ceu Claro";"Simples";"Cruzamento";"Urbano";3;1;0;1;1;0;1;2
83500931;"21/09/16";"Quarta";"06:30:00";"MG";381;"336";"NOVA ERA";"Velocidade incompatível";"Colisão frontal";"Com Vítimas Feridas";"Amanhecer";"Decrescente";"Chuva";"Simples";"Curva";"Rural";4;0;3;0;1;0;3;2
83500932;"24/09/16";"Sábado";"06:00:00";"GO";50;"227,9";"CAMPO ALEGRE DE GOIAS";"Falta de atenção";"Colisão frontal";"Com Vítimas Fatais";"Amanhecer";"Crescente";"Ceu Claro";"Simples";"Reta";"Rural";3;2;0;0;1;0;0;2
83500933;"22/09/16";"Quinta";"19:00:00";"MG";262;"830";"UBERABA";"Animais na Pista";"Atropelamento de animal";"Sem Vítimas";"Plena noite";"Decrescente";"Ceu Claro";"Dupla";"Reta";"Rural";3;0;0;0;3;0;0;1
83500934;"27/08/16";"Sábado";"17:30:00";"SP";116;"304,9";"SAO LOURENCO DA SERRA";"Falta de atenção";"Tombamento";"Com Vítimas Feridas";"Anoitecer";"Crescente";"Nublado";"Dupla";"Reta";"Rural";1;0;1;0;0;0;1;1
83500935;"21/09/16";"Quarta";"06:30:00";"MG";116;"756,2";"LEOPOLDINA";"Velocidade incompatível";"Capotamento";"Com Vítimas Feridas";"Pleno dia";"Crescente";"Ceu Claro";"Simples";"Reta";"Rural";5;0;4;0;1;0;4;1
83500936;"21/09/16";"Quarta";"02:30:00";"MG";267;"36,4";"ARGIRITA";"Falta de atenção";"Colisão lateral";"Sem Vítimas";"Plena noite";"Crescente";"Nublado";"Simples";"Reta";"Rural";2;0;0;0;2;0;0;2
83500937;"22/09/16";"Quinta";"19:30:00";"PI";343;"134,8";"PIRACURUCA";"Outras";"Colisão frontal";"Com Vítimas Fatais";"Plena noite";"Decrescente";"Ceu Claro";"Simples";"Reta";"Rural";4;1;0;0;3;0;0;2
83500938;"24/09/16";"Sábado";"07:40:00";"GO";60;"60";"ABADIANIA";"Velocidade incompatível";"Queda de motocicleta / bicicleta / veículo";"Com Vítimas Feridas";"Pleno dia";"Crescente";"Ceu Claro";"Dupla";"Reta";"Urbano";1;0;1;0;0;0;1;1
83500939;"20/09/16";"Terça";"12:10:00";"PR";373;"172,5";"PONTA GROSSA";"Falta de atenção";"Colisão lateral";"Sem Vítimas";"Pleno dia";"Crescente";"Sol";"Dupla";"Reta";"Urbano";2;0;0;0;2;0;0;2
83500940;"24/09/16";"Sábado";"07:50:00";"CE";116;"20,2";"EUSEBIO";"Falta de atenção";"Colisão traseira";"Sem Vítimas";"Pleno dia";"Crescente";"Nublado";"Dupla";"Reta";"Urbano";7;0;0;0;7;0;0;6
83500941;"24/09/16";"Sábado";"00:25:00";"BA";101;"898,4";"CARAVELAS";"Outras";"Colisão Transversal";"Com Vítimas Fatais";"Plena noite";"Crescente";"Nublado";"Simples";"Reta";"Rural";6;4;0;0;2;0;0;2
83500942;"20/09/16";"Terça";"21:15:00";"RJ";116;"101";"GUAPIMIRIM";"Falta de atenção";"Colisão Transversal";"Com Vítimas Feridas";"Plena noite";"Decrescente";"Ceu Claro";"Simples";"Reta";"Urbano";3;0;1;0;2;0;1;2
83500943;"21/09/16";"Quarta";"06:00:00";"MT";364;"38,3";"ALTO GARCAS";"Defeito mecânico em veículo";"Tombamento";"Sem Vítimas";"Pleno dia";"Decrescente";"Ceu Claro";"Simples";"Reta";"Rural";1;0;0;0;1;0;0;1
83500944;"24/09/16";"Sábado";"07:35:00";"MG";262;"458";"NOVA SERRANA";"Falta de atenção";"Saída de Pista";"Com Vítimas Feridas";"Pleno dia";"Crescente";"Ceu Claro";"Simples";"Reta";"Rural";2;0;1;1;0;0;2;1
83500945;"24/09/16";"Sábado";"08:50:00";"RS";290;"573";"ALEGRETE";"Não guardar distância de segurança";"Colisão traseira";"Sem Vítimas";"Pleno dia";"Decrescente";"Ceu Claro";"Simples";"Reta";"Rural";4;0;0;0;4;0;0;2
83500946;"24/09/16";"Sábado";"08:00:00";"PR";369;"142";"IBIPORA";"Não guardar distância de segurança";"Colisão traseira";"Sem Vítimas";"Pleno dia";"Crescente";"Ceu Claro";"Simples";"Reta";"Urbano";2;0;0;0;2;0;0;2
83500947;"24/09/16";"Sábado";"07:00:00";"RO";319;"64,6";"PORTO VELHO";"Ingestão de álcool";"Colisão lateral";"Com Vítimas Fatais";"Pleno dia";"Crescente";"Ceu Claro";"Simples";"Reta";"Rural";3;1;0;1;1;0;1;2
83500948;"20/09/16";"Terça";"21:50:00";"ES";101;"412,5";"ITAPEMIRIM";"Velocidade incompatível";"Colisão frontal";"Com Vítimas Fatais";"Plena noite";"Decrescente";"Chuva";"Simples";"Curva";"Rural";2;1;0;0;1;0;0;2
83500949;"19/03/16";"Sábado";"20:00:00";"MG";251;"322";"SALINAS";"Ultrapassagem indevida";"Colisão lateral";"Com Vítimas Feridas";"Plena noite";"Crescente";"Ignorada";"Simples";"Reta";"Rural";3;0;2;0;0;1;2;2
83500950;"22/09/16";"Quinta";"17:40:00";"GO";80;"70";"PADRE BERNARDO";"Velocidade incompatível";"Colisão frontal";"Sem Vítimas";"Pleno dia";"Crescente";"Chuva";"Simples";"Curva";"Rural";2;0;0;0;2;0;0;2
83500951;"24/09/16";"Sábado";"10:15:00";"PA";316;"17";"MARITUBA";"Falta de atenção";"Colisão Transversal";"Com Vítimas Feridas";"Pleno dia";"Decrescente";"Nublado";"Dupla";"Reta";"Rural";2;0;1;0;1;0;1;2
83500952;"21/09/16";"Quarta";"08:00:00";"MG";381;"314";"NOVA ERA";"Velocidade incompatível";"Colisão Transversal";"Sem Vítimas";"Pleno dia";"Crescente";"Chuva";"Simples";"Curva";"Rural";3;0;0;0;3;0;0;2
83500953;"24/09/16";"Sábado";"07:30:00";"MA";230;"2";"BARAO DE GRAJAU";"Falta de atenção";"Colisão lateral";"Com Vítimas Feridas";"Pleno dia";"Crescente";"Ceu Claro";"Simples";"Reta";"Urbano";3;0;1;0;0;2;1;2
83500954;"23/05/16";"Segunda";"15:33:00";"MG";135;"666,8";"CURVELO";"Outras";"Colisão frontal";"Com Vítimas Fatais";"Pleno dia";"Crescente";"Ceu Claro";"Simples";"Curva";"Rural";3;1;0;0;2;0;0;3
83500955;"24/09/16";"Sábado";"10:10:00";"SC";282;"514,1";"XAXIM";"Ingestão de álcool";"Saída de Pista";"Com Vítimas Feridas";"Pleno dia";"Decrescente";"Sol";"Simples";"Reta";"Rural";3;0;2;0;1;0;2;1
83500956;"24/09/16";"Sábado";"08:20:00";"RS";386;"36,9";"FREDERICO WESTPHALEN";"Não guardar distância de segurança";"Colisão traseira";"Sem Vítimas";"Pleno dia";"Crescente";"Sol";"Simples";"Reta";"Rural";3;0;0;0;3;0;0;3
83500957;"24/09/16";"Sábado";"07:40:00";"SP";116;"565,9";"BARRA DO TURVO";"Velocidade incompatível";"Tombamento";"Sem Vítimas";"Amanhecer";"Crescente";"Chuva";"Dupla";"Curva";"Rural";1;0;0;0;1;0;0;1
83500958;"24/09/16";"Sábado";"09:05:00";"MS";262;"121,3";"AGUA CLARA";"Defeito na via";"Saída de Pista";"Com Vítimas Feridas";"Pleno dia";"Crescente";"Sol";"Simples";"Reta";"Rural";3;0;1;0;2;0;1;1
83500959;"22/09/16";"Quinta";"05:30:00";"PR";376;"657,8";"TIJUCAS DO SUL";"Velocidade incompatível";"Saída de Pista";"Sem Vítimas";"Amanhecer";"Decrescente";"Nublado";"Dupla";"Curva";"Rural";1;0;0;0;1;0;0;1
83500960;"24/09/16";"Sábado";"08:40:00";"PR";116;"68";"QUATRO BARRAS";"Falta de atenção";"Colisão traseira";"Com Vítimas Feridas";"Pleno dia";"Decrescente";"Chuva";"Dupla";"Reta";"Rural";2;0;0;1;1;0;1;2
83500961;"24/09/16";"Sábado";"10:05:00";"ES";262;"137,8";"MUNIZ FREIRE";"Defeito mecânico em veículo";"Saída de Pista";"Com Vítimas Feridas";"Pleno dia";"Crescente";"Nublado";"Simples";"Curva";"Rural";1;0;1;0;0;0;1;1
83500962;"24/09/16";"Sábado";"09:30:00";"MA";10;"248";"IMPERATRIZ";"Falta de atenção";"Colisão Transversal";"Com Vítimas Feridas";"Pleno dia";"Crescente";"Ceu Claro";"Simples";"Reta";"Urbano";2;0;1;0;1;0;1;2
83500963;"24/09/16";"Sábado";"09:20:00";"PE";407;"126";"PETROLINA";"Falta de atenção";"Colisão traseira";"Com Vítimas Feridas";"Pleno dia";"Decrescente";"Ceu Claro";"Simples";"Curva";"Urbano";2;0;1;0;1;0;1;2
83500964;"24/09/16";"Sábado";"10:40:00";"PR";376;"175,7";"MARINGA";"Ingestão de álcool";"Atropelamento de pessoa";"Com Vítimas Feridas";"Pleno dia";"Crescente";"Sol";"Dupla";"Cruzamento";"Urbano";2;0;0;1;1;0;1;1
83500965;"24/09/16";"Sábado";"09:20:00";"BA";101;"884";"TEIXEIRA DE FREITAS";"Falta de atenção";"Capotamento";"Sem Vítimas";"Pleno dia";"Crescente";"Sol";"Simples";"Curva";"Rural";1;0;0;0;1;0;0;1
83500966;"24/09/16";"Sábado";"08:00:00";"CE";116;"5";"FORTALEZA";"Falta de atenção";"Colisão lateral";"Sem Vítimas";"Pleno dia";"Decrescente";"Nublado";"Dupla";"Reta";"Urbano";2;0;0;0;1;1;0;2
83500967;"24/09/16";"Sábado";"11:50:00";"RJ";101;"296";"ITABORAI";"Outras";"Colisão traseira";"Com Vítimas Feridas";"Pleno dia";"Decrescente";"Nublado";"Dupla";"Reta";"Urbano";6;0;2;0;4;0;2;2
83500968;"24/09/16";"Sábado";"04:20:00";"RS";285;"190";"LAGOA VERMELHA";"Outras";"Capotamento";"Ignorado";"Plena noite";"Crescente";"Ceu Claro";"Simples";"Curva";"Rural";1;0;0;0;0;1;0;1
83500969;"20/09/16";"Terça";"18:10:00";"PI";316;"376,2";"VILA NOVA DO PIAUI";"Animais na Pista";"Atropelamento de animal";"Sem Vítimas";"Plena noite";"Decrescente";"Ceu Claro";"Simples";"Reta";"Rural";1;0;0;0;1;0;0;1
83500970;"21/09/16";"Quarta";"18:50:00";"MG";381;"894";"CAMBUI";"Falta de atenção";"Saída de Pista";"Sem Vítimas";"Plena noite";"Decrescente";"Ceu Claro";"Dupla";"Curva";"Rural";1;0;0;0;1;0;0;1
83500971;"23/09/16";"Sexta";"23:50:00";"ES";262;"33";"DOMINGOS MARTINS";"Falta de atenção";"Colisão lateral";"Com Vítimas Feridas";"Plena noite";"Decrescente";"Ceu Claro";"Simples";"Reta";"Rural";2;0;0;1;1;0;1;2
83500972;"20/09/16";"Terça";"08:20:00";"ES";101;"385,8";"RIO NOVO DO SUL";"Velocidade incompatível";"Saída de Pista";"Ignorado";"Pleno dia";"Decrescente";"Sol";"Simples";"Curva";"Rural";1;0;0;0;0;1;0;1
83500973;"24/09/16";"Sábado";"08:40:00";"PR";116;"3";"CAMPINA GRANDE DO SUL";"Velocidade incompatível";"Capotamento";"Sem Vítimas";"Pleno dia";"Decrescente";"Chuva";"Dupla";"Curva";"Rural";1;0;0;0;1;0;0;1
83500974;"24/09/16";"Sábado";"09:15:00";"PE";101;"69";"RECIFE";"Não guardar distância de segurança";"Colisão traseira";"Sem Vítimas";"Pleno dia";"Crescente";"Ceu Claro";"Dupla";"Reta";"Urbano";2;0;0;0;2;0;0;2
83500975;"18/09/16";"Domingo";"23:20:00";"RJ";101;"264";"RIO BONITO";"Outras";"Saída de Pista";"Ignorado";"Plena noite";"Decrescente";"Ignorada";"Dupla";"Reta";"Urbano";1;0;0;0;0;1;0;1
83500976;"19/09/16";"Segunda";"06:25:00";"RS";116;"474,6";"SAO LOURENCO DO SUL";"Dormindo";"Colisão frontal";"Com Vítimas Fatais";"Pleno dia";"Decrescente";"Ceu Claro";"Simples";"Reta";"Rural";2;1;0;0;1;0;0;2
83500977;"24/09/16";"Sábado";"12:00:00";"RS";290;"57,6";"GRAVATAI";"Defeito mecânico em veículo";"Capotamento";"Sem Vítimas";"Pleno dia";"Crescente";"Ceu Claro";"Dupla";"Reta";"Rural";1;0;0;0;1;0;0;1
83500978;"22/09/16";"Quinta";"13:00:00";"SC";282;"202";"LAGES";"Velocidade incompatível";"Colisão traseira";"Com Vítimas Feridas";"Pleno dia";"Decrescente";"Ceu Claro";"Simples";"Reta";"Rural";2;0;1;0;1;0;1;2
83500979;"20/09/16";"Terça";"17:00:00";"SP";116;"219";"GUARULHOS";"Falta de atenção";"Colisão lateral";"Com Vítimas Feridas";"Pleno dia";"Crescente";"Nublado";"Múltipla";"Reta";"Urbano";2;0;1;0;1;0;1;2
83500980;"24/09/16";"Sábado";"12:38:00";"PE";407;"124,5";"PETROLINA";"Outras";"Colisão Transversal";"Sem Vítimas";"Pleno dia";"Decrescente";"Ceu Claro";"Dupla";"Reta";"Urbano";2;0;0;0;2;0;0;2
83500981;"23/09/16";"Sexta";"01:00:00";"AP";156;"783";"OIAPOQUE";"Dormindo";"Saída de Pista";"Com Vítimas Feridas";"Plena noite";"Crescente";"Nevoeiro/neblina";"Simples";"Reta";"Rural";1;0;1;0;0;0;1;1
83500982;"20/09/16";"Terça";"19:45:00";"PR";272;"376";"CAMPO MOURAO";"Animais na Pista";"Atropelamento de animal";"Sem Vítimas";"Plena noite";"Crescente";"Ignorada";"Simples";"Reta";"Rural";3;0;0;0;3;0;0;1
83500983;"24/09/16";"Sábado";"13:00:00";"RS";116;"395,1";"CAMAQUA";"Falta de atenção";"Colisão traseira";"Com Vítimas Feridas";"Pleno dia";"Decrescente";"Ceu Claro";"Simples";"Reta";"Urbano";3;0;0;2;1;0;2;2
83500984;"24/09/16";"Sábado";"09:00:00";"PR";116;"68";"QUATRO BARRAS";"Falta de atenção";"Colisão traseira";"Com Vítimas Feridas";"Pleno dia";"Decrescente";"Ceu Claro";"Dupla";"Reta";"Rural";3;0;1;0;2;0;1;2
83500985;"24/09/16";"Sábado";"11:40:00";"SC";153;"90";"CONCORDIA";"Falta de atenção";"Colisão Transversal";"Com Vítimas Feridas";"Pleno dia";"Decrescente";"Ceu Claro";"Simples";"Reta";"Rural";2;0;1;0;1;0;1;2
83500986;"24/09/16";"Sábado";"09:00:00";"MA";10;"144";"PORTO FRANCO";"Velocidade incompatível";"Saída de Pista";"Sem Vítimas";"Pleno dia";"Decrescente";"Chuva";"Simples";"Reta";"Rural";1;0;0;0;1;0;0;1
83500987;"24/09/16";"Sábado";"12:50:00";"RS";293;"237,2";"DOM PEDRITO";"Falta de atenção";"Saída de Pista";"Sem Vítimas";"Pleno dia";"Crescente";"Ceu Claro";"Simples";"Reta";"Rural";1;0;0;0;1;0;0;1
83500988;"22/09/16";"Quinta";"04:10:00";"PI";316;"274";"DOM EXPEDITO LOPES";"Velocidade incompatível";"Tombamento";"Sem Vítimas";"Amanhecer";"Crescente";"Ignorada";"Simples";"Curva";"Rural";1;0;0;0;1;0;0;1
83500989;"24/09/16";"Sábado";"09:20:00";"PR";467;"117";"CASCAVEL";"Ingestão de álcool";"Colisão traseira";"Com Vítimas Feridas";"Pleno dia";"Crescente";"Sol";"Dupla";"Curva";"Urbano";5;0;4;0;1;0;4;2
83500990;"24/09/16";"Sábado";"13:50:00";"SC";101;"28";"JOINVILLE";"Outras";"Colisão com objeto fixo";"Com Vítimas Feridas";"Pleno dia";"Decrescente";"Nublado";"Dupla";"Reta";"Urbano";1;0;0;1;0;0;1;1
83500991;"24/09/16";"Sábado";"13:30:00";"SE";101;"90";"NOSSA SENHORA DO SOCORRO";"Desobediência à sinalização";"Colisão lateral";"Com Vítimas Feridas";"Pleno dia";"Crescente";"Ceu Claro";"Dupla";"Reta";"Rural";2;0;1;0;1;0;1;2
83500992;"24/09/16";"Sábado";"11:15:00";"GO";153;"592";"MORRINHOS";"Outras";"Saída de Pista";"Com Vítimas Feridas";"Pleno dia";"Crescente";"Ceu Claro";"Dupla";"Reta";"Rural";1;0;1;0;0;0;1;1
83500993;"24/09/16";"Sábado";"12:05:00";"SC";101;"133,2";"BALNEARIO CAMBORIU";"Falta de atenção";"Atropelamento de pessoa";"Com Vítimas Feridas";"Pleno dia";"Crescente";"Nublado";"Múltipla";"Reta";"Urbano";2;0;1;0;1;0;1;1
83500994;"24/09/16";"Sábado";"12:30:00";"SP";116;"142";"SAO JOSE DOS CAMPOS";"Não guardar distância de segurança";"Colisão traseira";"Sem Vítimas";"Pleno dia";"Decrescente";"Nublado";"Dupla";"Reta";"Urbano";5;0;0;0;5;0;0;5
83500995;"24/09/16";"Sábado";"11:00:00";"MG";153;"214,8";"FRUTAL";"Dormindo";"Saída de Pista";"Com Vítimas Feridas";"Pleno dia";"Decrescente";"Ceu Claro";"Simples";"Reta";"Urbano";1;0;0;1;0;0;1;1
83500996;"20/09/16";"Terça";"23:20:00";"RJ";101;"144";"MACAE";"Outras";"Derramamento de Carga";"Sem Vítimas";"Plena noite";"Crescente";"Ceu Claro";"Simples";"Reta";"Rural";1;0;0;0;1;0;0;1
83500997;"16/09/16";"Sexta";"05:30:00";"PB";104;"117,7";"LAGOA SECA";"Outras";"Queda de motocicleta / bicicleta / veículo";"Com Vítimas Feridas";"Pleno dia";"Crescente";"Sol";"Simples";"Reta";"Rural";1;0;1;0;0;0;1;1
83500998;"24/09/16";"Sábado";"11:40:00";"BA";101;"230";"SAPEACU";"Outras";"Capotamento";"Com Vítimas Feridas";"Pleno dia";"Decrescente";"Nublado";"Simples";"Curva";"Rural";4;0;3;0;1;0;3;1
83500999;"24/09/16";"Sábado";"12:00:00";"BA";367;"41";"PORTO SEGURO";"Outras";"Saída de Pista";"Sem Vítimas";"Pleno dia";"Crescente";"Sol";"Simples";"Reta";"Rural";1;0;0;0;1;0;0;1
83501000;"21/09/16";"Quarta";"01:30:00";"MG";267;"188,9";"BOM JARDIM DE MINAS";"Velocidade incompatível";"Colisão com objeto fixo";"Com Vítimas Fatais";"Plena noite";"Crescente";"Ceu Claro";"Simples";"Curva";"Rural";1;1;0;0;0;0;0;1
83501001;"24/09/16";"Sábado";"13:00:00";"ES";101;"396,6";"RIO NOVO DO SUL";"Desobediência à sinalização";"Colisão lateral";"Sem Vítimas";"Pleno dia";"Crescente";"Ceu Claro";"Simples";"Reta";"Rural";6;0;0;0;5;1;0;2
83501002;"24/09/16";"Sábado";"12:30:00";"MG";364;"9,8";"FRUTAL";"Outras";"Saída de Pista";"Sem Vítimas";"Pleno dia";"Decrescente";"Sol";"Simples";"Reta";"Rural";1;0;0;0;1;0;0;1
83501003;"24/09/16";"Sábado";"13:30:00";"MG";116;"799";"ALEM PARAIBA";"Ingestão de álcool";"Saída de Pista";"Com Vítimas Feridas";"Pleno dia";"Decrescente";"Ceu Claro";"Simples";"Reta";"Rural";2;0;2;0;0;0;2;1
83501004;"24/09/16";"Sábado";"15:05:00";"RS";386;"332,4";"MARQUES DE SOUZA";"Defeito mecânico em veículo";"Saída de Pista";"Sem Vítimas";"Pleno dia";"Crescente";"Nublado";"Simples";"Curva";"Rural";1;0;0;0;1;0;0;1
83501005;"24/09/16";"Sábado";"10:00:00";"RJ";101;"200";"CASIMIRO DE ABREU";"Não guardar distância de segurança";"Colisão traseira";"Sem Vítimas";"Pleno dia";"Crescente";"Sol";"Dupla";"Reta";"Rural";3;0;0;0;3;0;0;3
83501006;"22/09/16";"Quinta";"07:35:00";"PR";376;"493,7";"PONTA GROSSA";"Falta de atenção";"Colisão traseira";"Sem Vítimas";"Pleno dia";"Crescente";"Ceu Claro";"Dupla";"Reta";"Urbano";5;0;0;0;5;0;0;5
83501007;"20/09/16";"Terça";"16:00:00";"AP";156;"705";"OIAPOQUE";"Velocidade incompatível";"Saída de Pista";"Sem Vítimas";"Anoitecer";"Decrescente";"Ceu Claro";"Simples";"Reta";"Rural";4;0;0;0;4;0;0;1
83501008;"24/09/16";"Sábado";"11:00:00";"AL";101;"113";"PILAR";"Velocidade incompatível";"Tombamento";"Com Vítimas Feridas";"Pleno dia";"Crescente";"Ceu Claro";"Simples";"Curva";"Rural";1;0;1;0;0;0;1;1
83501009;"24/09/16";"Sábado";"14:40:00";"PE";101;"91";"CABO DE SANTO AGOSTINHO";"Outras";"Colisão Transversal";"Sem Vítimas";"Pleno dia";"Crescente";"Ceu Claro";"Dupla";"Reta";"Rural";2;0;0;0;2;0;0;2
83501011;"24/09/16";"Sábado";"15:50:00";"PR";376;"186";"SARANDI";"Falta de atenção";"Colisão lateral";"Com Vítimas Feridas";"Pleno dia";"Crescente";"Ceu Claro";"Dupla";"Reta";"Rural";2;0;0;1;1;0;1;2
83501012;"22/09/16";"Quinta";"17:40:00";"MG";50;"76";"UBERLANDIA";"Outras";"Colisão com objeto fixo";"Com Vítimas Feridas";"Pleno dia";"Crescente";"Ceu Claro";"Dupla";"Reta";"Urbano";2;0;0;1;1;0;1;2
83501013;"23/09/16";"Sexta";"22:00:00";"PB";230;"370,6";"CONDADO";"Outras";"Saída de Pista";"Sem Vítimas";"Plena noite";"Crescente";"Ceu Claro";"Simples";"Reta";"Rural";1;0;0;0;1;0;0;1
83501014;"24/09/16";"Sábado";"15:00:00";"SC";163;"92,3";"GUARACIABA";"Não guardar distância de segurança";"Colisão traseira";"Sem Vítimas";"Pleno dia";"Decrescente";"Sol";"Simples";"Curva";"Rural";2;0;0;0;2;0;0;2
83501015;"24/09/16";"Sábado";"10:10:00";"PR";369;"230";"JANDAIA DO SUL";"Desobediência à sinalização";"Colisão Transversal";"Com Vítimas Feridas";"Pleno dia";"Crescente";"Sol";"Simples";"Cruzamento";"Urbano";5;0;1;3;1;0;4;2
83501016;"24/09/16";"Sábado";"16:00:00";"RS";101;"11,9";"DOM PEDRO DE ALCANTARA";"Não guardar distância de segurança";"Tombamento";"Com Vítimas Feridas";"Pleno dia";"Crescente";"Nublado";"Dupla";"Reta";"Rural";1;0;1;0;0;0;1;1
83501017;"20/09/16";"Terça";"20:30:00";"RJ";116;"61";"TERESOPOLIS";"Outras";"Colisão frontal";"Com Vítimas Fatais";"Plena noite";"Crescente";"Nublado";"Simples";"Curva";"Rural";3;1;0;1;1;0;1;2
83501018;"24/09/16";"Sábado";"15:20:00";"PR";376;"122";"ALTO PARANA";"Ultrapassagem indevida";"Saída de Pista";"Sem Vítimas";"Pleno dia";"Decrescente";"Ceu Claro";"Simples";"Reta";"Rural";2;0;0;0;1;1;0;2
83501019;"24/09/16";"Sábado";"15:25:00";"MG";381;"521,3";"BRUMADINHO";"Velocidade incompatível";"Saída de Pista";"Com Vítimas Feridas";"Pleno dia";"Decrescente";"Chuva";"Dupla";"Curva";"Rural";3;0;0;1;2;0;1;1
83501020;"24/09/16";"Sábado";"15:50:00";"PR";376;"122";"PARANAVAI";"Outras";"Colisão traseira";"Com Vítimas Feridas";"Pleno dia";"Decrescente";"Ceu Claro";"Simples";"Reta";"Rural";3;0;1;0;1;1;1;3
83501021;"22/09/16";"Quinta";"20:15:00";"MT";70;"402";"CAMPO VERDE";"Velocidade incompatível";"Colisão frontal";"Com Vítimas Fatais";"Plena noite";"Crescente";"Ceu Claro";"Simples";"Reta";"Rural";3;1;1;0;1;0;1;2
83501022;"24/09/16";"Sábado";"15:50:00";"PE";104;"63";"CARUARU";"Outras";"Queda de motocicleta / bicicleta / veículo";"Com Vítimas Feridas";"Pleno dia";"Decrescente";"Ceu Claro";"Dupla";"Reta";"Urbano";1;0;1;0;0;0;1;1
83501023;"24/09/16";"Sábado";"16:00:00";"PB";230;"65";"SAO MIGUEL DE TAIPU";"Não guardar distância de segurança";"Colisão traseira";"Com Vítimas Feridas";"Pleno dia";"Crescente";"Sol";"Dupla";"Reta";"Rural";2;0;1;0;0;1;1;2
83501024;"24/09/16";"Sábado";"11:40:00";"MS";262;"94,9";"TRES LAGOAS";"Defeito mecânico em veículo";"Tombamento";"Sem Vítimas";"Pleno dia";"Crescente";"Sol";"Simples";"Reta";"Rural";1;0;0;0;1;0;0;1
83501025;"24/09/16";"Sábado";"16:10:00";"SC";470;"91,5";"ASCURRA";"Ultrapassagem indevida";"Colisão frontal";"Com Vítimas Feridas";"Pleno dia";"Decrescente";"Ceu Claro";"Simples";"Reta";"Urbano";6;0;3;3;0;0;6;2
83501026;"24/09/16";"Sábado";"16:00:00";"MA";135;"90,7";"ITAPECURU MIRIM";"Animais na Pista";"Atropelamento de animal";"Com Vítimas Feridas";"Pleno dia";"Crescente";"Ceu Claro";"Simples";"Reta";"Urbano";1;0;1;0;0;0;1;1
83501027;"24/09/16";"Sábado";"15:10:00";"SC";470;"95";"APIUNA";"Ingestão de álcool";"Colisão lateral";"Com Vítimas Feridas";"Pleno dia";"Decrescente";"Ceu Claro";"Simples";"Reta";"Urbano";3;0;1;0;2;0;1;2
83501028;"24/09/16";"Sábado";"14:30:00";"MG";135;"608,5";"CURVELO";"Velocidade incompatível";"Saída de Pista";"Com Vítimas Feridas";"Pleno dia";"Crescente";"Nublado";"Simples";"Reta";"Rural";2;0;2;0;0;0;2;1
83501029;"22/09/16";"Quinta";"16:30:00";"PB";230;"466,1";"SOUSA";"Falta de atenção";"Colisão lateral";"Com Vítimas Feridas";"Pleno dia";"Crescente";"Sol";"Simples";"Reta";"Rural";2;0;1;0;1;0;1;2
83501030;"24/09/16";"Sábado";"09:00:00";"MT";364;"357,5";"SANTO ANTONIO DO LEVERGER";"Outras";"Capotamento";"Sem Vítimas";"Pleno dia";"Decrescente";"Nublado";"Dupla";"Reta";"Rural";2;0;0;0;2;0;0;1
83501031;"24/09/16";"Sábado";"12:00:00";"PR";476;"193";"LAPA";"Falta de atenção";"Colisão lateral";"Com Vítimas Feridas";"Pleno dia";"Crescente";"Sol";"Simples";"Curva";"Rural";4;0;3;0;1;0;3;2