"id";"data_inversa";"dia_semana";"horario";"uf";"br";"km";"municipio";"causa_acidente";"tipo_acidente";"classificacao_acidente";"fase_dia";"sentido_via";"condicao_metereologica";"tipo_pista";"tracado_via";"uso_solo";"pessoas";"mortos";"feridos_leves";"feridos_graves";"ilesos";"ignorados";"feridos";"veiculos"
83501145;"20/09/16";"Terça";"18:15:00";"SC";101;"333";"TUBARAO";"Não guardar distância de segurança";"Colisão traseira";"Sem Vítimas";"Plena noite";"Crescente";"Ceu Claro";"Dupla";"Reta";"Urbano";2;0;0;0;2;0;0;2
83501146;"24/09/16";"Sábado";"19:10:00";"PB";230;"12,8";"CABEDELO";"Falta de atenção";"Atropelamento de pessoa";"Com Vítimas Feridas";"Plena noite";"Crescente";"Ceu Claro";"Dupla";"Reta";"Urbano";3;0;2;1;0;0;3;1
83501147;"25/09/16";"Domingo";"02:30:00";"MG";381;"280";"JAGUARACU";"Velocidade incompatível";"Capotamento";"Sem Vítimas";"Plena noite";"Decrescente";"Chuva";"Simples";"Curva";"Rural";3;0;0;0;3;0;0;1
83501148;"24/09/16";"Sábado";"23:00:00";"SP";116;"320";"JUQUITIBA";"Falta de atenção";"Saída de Pista";"Com Vítimas Feridas";"Plena noite";"Crescente";"Nublado";"Dupla";"Curva";"Rural";1;0;1;0;0;0;1;1
83501149;"17/09/16";"Sábado";"05:00:00";"SC";101;"210";"SAO JOSE";"Falta de atenção";"Saída de Pista";"Sem Vítimas";"Plena noite";"Crescente";"Ceu Claro";"Dupla";"Reta";"Urbano";1;0;0;0;1;0;0;1
83501150;"25/09/16";"Domingo";"02:15:00";"RJ";101;"276";"TANGUA";"Outras";"Capotamento";"Com Vítimas Feridas";"Plena noite";"Decrescente";"Chuva";"Dupla";"Reta";"Rural";1;0;1;0;0;0;1;1
83501153;"25/09/16";"Domingo";"03:00:00";"RS";285;"296,4";"PASSO FUNDO";"Ingestão de álcool";"Colisão com objeto fixo";"Sem Vítimas";"Plena noite";"Decrescente";"Ceu Claro";"Simples";"Cruzamento";"Urbano";1;0;0;0;1;0;0;1
83501154;"24/09/16";"Sábado";"19:00:00";"PR";373;"177,5";"PONTA GROSSA";"Ingestão de álcool";"Colisão Transversal";"Com Vítimas Feridas";"Plena noite";"Decrescente";"Ceu Claro";"Simples";"Reta";"Urbano";2;0;1;0;1;0;1;2
83501155;"24/09/16";"Sábado";"19:00:00";"PE";232;"334";"CUSTODIA";"Outras";"Atropelamento de pessoa";"Com Vítimas Fatais";"Plena noite";"Decrescente";"Ceu Claro";"Simples";"Reta";"Urbano";2;1;0;0;0;1;0;1
83501156;"24/09/16";"Sábado";"07:30:00";"AL";101;"14";"NOVO LINO";"Outras";"Tombamento";"Com Vítimas Feridas";"Pleno dia";"Decrescente";"Ceu Claro";"Dupla";"Curva";"Rural";1;0;0;1;0;0;1;1
83501157;"25/09/16";"Domingo";"00:30:00";"BA";407;"121";"SENHOR DO BONFIM";"Ingestão de álcool";"Saída de Pista";"Com Vítimas Feridas";"Plena noite";"Crescente";"Ceu Claro";"Simples";"Reta";"Rural";1;0;1;0;0;0;1;1
83501158;"24/09/16";"Sábado";"15:30:00";"MG";251;"461";"GRAO MOGOL";"Defeito na via";"Colisão com objeto fixo";"Sem Vítimas";"Pleno dia";"Decrescente";"Sol";"Simples";"Reta";"Rural";1;0;0;0;1;0;0;1
83501159;"24/09/16";"Sábado";"23:45:00";"RJ";116;"177,8";"NOVA IGUACU";"Outras";"Atropelamento de pessoa";"Com Vítimas Fatais";"Plena noite";"Crescente";"Chuva";"Dupla";"Reta";"Urbano";2;1;0;0;0;1;0;1
83501160;"25/09/16";"Domingo";"00:40:00";"RS";158;"322";"SANTA MARIA";"Desobediência à sinalização";"Colisão Transversal";"Sem Vítimas";"Plena noite";"Crescente";"Ceu Claro";"Simples";"Cruzamento";"Urbano";2;0;0;0;2;0;0;2
83501161;"24/09/16";"Sábado";"21:10:00";"MG";40;"474,5";"SETE LAGOAS";"Outras";"Saída de Pista";"Com Vítimas Feridas";"Plena noite";"Decrescente";"Chuva";"Dupla";"Reta";"Rural";2;0;1;0;1;0;1;1
83501162;"24/09/16";"Sábado";"20:05:00";"MG";40;"501";"ESMERALDAS";"Outras";"Saída de Pista";"Sem Vítimas";"Plena noite";"Decrescente";"Chuva";"Dupla";"Reta";"Rural";1;0;0;0;1;0;0;1
83501163;"24/09/16";"Sábado";"22:00:00";"SC";470;"186,9";"POUSO REDONDO";"Outras";"Colisão com objeto fixo";"Com Vítimas Feridas";"Plena noite";"Decrescente";"Ceu Claro";"Simples";"Curva";"Urbano";2;0;1;0;0;1;1;2
83501164;"25/09/16";"Domingo";"02:30:00";"MA";316;"590,4";"TIMON";"Dormindo";"Saída de Pista";"Com Vítimas Feridas";"Plena noite";"Decrescente";"Ceu Claro";"Simples";"Reta";"Rural";1;0;1;0;0;0;1;1
83501165;"24/09/16";"Sábado";"14:55:00";"MG";381;"821";"CAREACU";"Falta de atenção";"Saída de Pista";"Com Vítimas Feridas";"Pleno dia";"Crescente";"Ceu Claro";"Dupla";"Reta";"Rural";2;0;1;0;1;0;1;1
83501166;"24/09/16";"Sábado";"17:00:00";"MG";365;"368";"MONTES CLAROS";"Não guardar distância de segurança";"Colisão traseira";"Com Vítimas Feridas";"Pleno dia";"Decrescente";"Ceu Claro";"Simples";"Reta";"Urbano";2;0;1;0;1;0;1;2
83501167;"25/09/16";"Domingo";"05:30:00";"RS";285;"291,1";"PASSO FUNDO";"Velocidade incompatível";"Colisão com objeto fixo";"Sem Vítimas";"Amanhecer";"Decrescente";"Ceu Claro";"Dupla";"Cruzamento";"Urbano";1;0;0;0;1;0;0;1
83501168;"25/09/16";"Domingo";"01:50:00";"GO";20;"178";"ALVORADA DO NORTE";"Outras";"Derramamento de Carga";"Sem Vítimas";"Pleno dia";"Crescente";"Nublado";"Simples";"Reta";"Urbano";1;0;0;0;1;0;0;1
83501169;"24/09/16";"Sábado";"21:30:00";"PR";376;"1";"SAO JOSE DOS PINHAIS";"Desobediência à sinalização";"Colisão Transversal";"Com Vítimas Feridas";"Plena noite";"Decrescente";"Nublado";"Simples";"Reta";"Urbano";4;0;2;0;1;1;2;2
83501170;"25/09/16";"Domingo";"06:32:00";"SC";280;"48";"GUARAMIRIM";"Falta de atenção";"Colisão Transversal";"Sem Vítimas";"Amanhecer";"Decrescente";"Chuva";"Simples";"Cruzamento";"Rural";2;0;0;0;2;0;0;2
83501171;"23/09/16";"Sexta";"18:30:00";"MA";402;"16,7";"ROSARIO";"Outras";"Colisão frontal";"Com Vítimas Feridas";"Plena noite";"Crescente";"Ceu Claro";"Simples";"Curva";"Rural";4;0;3;1;0;0;4;2
83501173;"25/09/16";"Domingo";"01:25:00";"SP";116;"220,8";"GUARULHOS";"Outras";"Colisão com objeto fixo";"Sem Vítimas";"Plena noite";"Decrescente";"Ceu Claro";"Múltipla";"Reta";"Urbano";3;0;0;0;2;1;0;3
83501174;"20/09/16";"Terça";"18:00:00";"RJ";116;"78";"TERESOPOLIS";"Outras";"Colisão Transversal";"Sem Vítimas";"Anoitecer";"Decrescente";"Chuva";"Simples";"Curva";"Urbano";4;0;0;0;2;2;0;4
83501176;"24/09/16";"Sábado";"14:20:00";"MG";365;"81";"JEQUITAI";"Velocidade incompatível";"Saída de Pista";"Com Vítimas Feridas";"Pleno dia";"Decrescente";"Chuva";"Simples";"Curva";"Rural";2;0;1;1;0;0;2;1
83501177;"25/09/16";"Domingo";"05:10:00";"RJ";101;"272";"RIO BONITO";"Outras";"Saída de Pista";"Sem Vítimas";"Plena noite";"Decrescente";"Chuva";"Dupla";"Curva";"Rural";1;0;0;0;1;0;0;1
83501178;"25/09/16";"Domingo";"03:35:00";"PR";476;"275";"SAO MATEUS DO SUL";"Ingestão de álcool";"Colisão com objeto fixo";"Com Vítimas Feridas";"Plena noite";"Crescente";"Chuva";"Simples";"Reta";"Urbano";4;0;2;0;0;2;2;1
83501179;"25/09/16";"Domingo";"04:30:00";"PR";116;"122";"CURITIBA";"Ingestão de álcool";"Colisão traseira";"Com Vítimas Feridas";"Plena noite";"Crescente";"Chuva";"Dupla";"Reta";"Rural";4;0;0;2;2;0;2;2
83501180;"24/09/16";"Sábado";"22:30:00";"MS";163;"621,3";"SAO GABRIEL DO OESTE";"Dormindo";"Tombamento";"Com Vítimas Feridas";"Plena noite";"Decrescente";"Ceu Claro";"Dupla";"Reta";"Rural";1;0;0;1;0;0;1;1
83501181;"25/09/16";"Domingo";"04:30:00";"MT";364;"488";"JANGADA";"Falta de atenção";"Saída de Pista";"Sem Vítimas";"Plena noite";"Decrescente";"Ceu Claro";"Simples";"Reta";"Rural";1;0;0;0;1;0;0;1
83501182;"20/09/16";"Terça";"18:06:00";"DF";70;"0,1";"BRASILIA";"Falta de atenção";"Colisão traseira";"Com Vítimas Feridas";"Plena noite";"Decrescente";"Chuva";"Dupla";"Reta";"Urbano";4;0;2;0;2;0;2;3
83501183;"25/09/16";"Domingo";"01:00:00";"MG";116;"443,5";"ENGENHEIRO CALDAS";"Velocidade incompatível";"Colisão com objeto fixo";"Ignorado";"Plena noite";"Decrescente";"Chuva";"Simples";"Reta";"Rural";1;0;0;0;0;1;0;1
83501184;"25/09/16";"Domingo";"06:40:00";"SC";101;"127";"ITAJAI";"Outras";"Saída de Pista";"Com Vítimas Feridas";"Pleno dia";"Decrescente";"Nublado";"Dupla";"Reta";"Urbano";1;0;1;0;0;0;1;1
83501185;"24/09/16";"Sábado";"22:25:00";"BA";242;"453";"IBITIARA";"Ultrapassagem indevida";"Colisão frontal";"Com Vítimas Fatais";"Plena noite";"Crescente";"Ceu Claro";"Simples";"Reta";"Rural";2;1;0;0;1;0;0;2
83501186;"21/09/16";"Quarta";"07:20:00";"MG";365;"649";"UBERLANDIA";"Outras";"Atropelamento de animal";"Sem Vítimas";"Amanhecer";"Decrescente";"Ceu Claro";"Dupla";"Reta";"Rural";1;0;0;0;1;0;0;1
83501187;"21/09/16";"Quarta";"23:40:00";"CE";222;"8";"CAUCAIA";"Outras";"Colisão traseira";"Com Vítimas Feridas";"Plena noite";"Crescente";"Ceu Claro";"Dupla";"Reta";"Urbano";2;0;0;2;0;0;2;2
83501188;"24/09/16";"Sábado";"20:35:00";"BA";116;"561,5";"BREJOES";"Outras";"Colisão lateral";"Sem Vítimas";"Plena noite";"Decrescente";"Nublado";"Simples";"Reta";"Rural";2;0;0;0;1;1;0;2
83501189;"21/09/16";"Quarta";"14:40:00";"PI";135;"390";"REDENCAO DO GURGUEIA";"Outras";"Saída de Pista";"Sem Vítimas";"Pleno dia";"Decrescente";"Ceu Claro";"Simples";"Reta";"Rural";1;0;0;0;1;0;0;1
83501191;"25/09/16";"Domingo";"01:35:00";"RJ";101;"64";"CAMPOS DOS GOYTACAZES";"Outras";"Atropelamento de pessoa";"Com Vítimas Feridas";"Plena noite";"Decrescente";"Nublado";"Dupla";"Reta";"Urbano";2;0;1;0;0;1;1;1
83501192;"25/09/16";"Domingo";"05:00:00";"SC";101;"172";"TIJUCAS";"Velocidade incompatível";"Colisão lateral";"Com Vítimas Feridas";"Plena noite";"Crescente";"Nublado";"Dupla";"Reta";"Rural";2;0;1;0;1;0;1;2
83501193;"21/09/16";"Quarta";"23:10:00";"BA";324;"612";"SIMOES FILHO";"Outras";"Colisão com objeto fixo";"Sem Vítimas";"Plena noite";"Decrescente";"Nublado";"Dupla";"Reta";"Urbano";2;0;0;0;2;0;0;2
83501194;"22/09/16";"Quinta";"05:45:00";"MG";267;"124,6";"JUIZ DE FORA";"Velocidade incompatível";"Tombamento";"Sem Vítimas";"Amanhecer";"Decrescente";"Ignorada";"Simples";"Curva";"Rural";1;0;0;0;1;0;0;1
83501195;"23/09/16";"Sexta";"17:50:00";"GO";60;"88,2";"ANAPOLIS";"Defeito mecânico em veículo";"Incêndio";"Sem Vítimas";"Anoitecer";"Decrescente";"Nublado";"Dupla";"Reta";"Urbano";3;0;0;0;3;0;0;1
83501196;"17/03/16";"Quinta";"15:15:00";"SC";116;"12,3";"MAFRA";"Falta de atenção";"Colisão Transversal";"Com Vítimas Feridas";"Pleno dia";"Crescente";"Ceu Claro";"Simples";"Cruzamento";"Rural";3;0;2;0;1;0;2;2
83501197;"23/09/16";"Sexta";"23:00:00";"MT";70;"321";"DOM AQUINO";"Falta de atenção";"Atropelamento de animal";"Sem Vítimas";"Plena noite";"Decrescente";"Ignorada";"Simples";"Curva";"Rural";1;0;0;0;1;0;0;1
83501198;"25/09/16";"Domingo";"03:00:00";"PE";316;"316,5";"FLORESTA";"Dormindo";"Queda de motocicleta / bicicleta / veículo";"Com Vítimas Feridas";"Plena noite";"Decrescente";"Ceu Claro";"Simples";"Curva";"Rural";2;0;2;0;0;0;2;1
83501199;"25/09/16";"Domingo";"05:10:00";"RO";319;"62,1";"PORTO VELHO";"Desobediência à sinalização";"Colisão lateral";"Com Vítimas Fatais";"Amanhecer";"Crescente";"Ceu Claro";"Dupla";"Cruzamento";"Urbano";5;1;2;1;0;1;3;2
83501200;"21/09/16";"Quarta";"09:00:00";"SP";381;"75";"SAO PAULO";"Outras";"Capotamento";"Sem Vítimas";"Pleno dia";"Decrescente";"Nublado";"Dupla";"Curva";"Rural";1;0;0;0;1;0;0;1
83501201;"24/09/16";"Sábado";"18:30:00";"BA";324;"400";"NOVA FATIMA";"Outras";"Colisão lateral";"Sem Vítimas";"Plena noite";"Crescente";"Ceu Claro";"Simples";"Curva";"Rural";4;0;0;0;4;0;0;2
83501202;"23/09/16";"Sexta";"22:20:00";"PR";369;"147";"LONDRINA";"Falta de atenção";"Colisão lateral";"Com Vítimas Feridas";"Plena noite";"Decrescente";"Ceu Claro";"Dupla";"Reta";"Urbano";3;0;0;2;1;0;2;2
83501203;"17/09/16";"Sábado";"22:40:00";"PE";232;"169,5";"TACAIMBO";"Velocidade incompatível";"Colisão Transversal";"Sem Vítimas";"Plena noite";"Crescente";"Ceu Claro";"Simples";"Curva";"Rural";2;0;0;0;1;1;0;2
83501204;"25/09/16";"Domingo";"07:10:00";"PR";277;"314,8";"GUARAPUAVA";"Outras";"Saída de Pista";"Com Vítimas Feridas";"Amanhecer";"Crescente";"Nublado";"Simples";"Reta";"Rural";2;0;1;0;0;1;1;1
83501205;"19/09/16";"Segunda";"16:55:00";"MG";116;"524,6";"CARATINGA";"Falta de atenção";"Colisão Transversal";"Com Vítimas Feridas";"Pleno dia";"Crescente";"Nublado";"Dupla";"Curva";"Rural";4;0;3;0;1;0;3;2
83501206;"21/09/16";"Quarta";"16:30:00";"PE";101;"128";"ESCADA";"Defeito na via";"Colisão traseira";"Com Vítimas Feridas";"Anoitecer";"Decrescente";"Nublado";"Dupla";"Reta";"Rural";3;0;0;1;2;0;1;3
83501207;"21/09/16";"Quarta";"16:30:00";"PR";467;"102,2";"CASCAVEL";"Velocidade incompatível";"Tombamento";"Com Vítimas Feridas";"Pleno dia";"Decrescente";"Ceu Claro";"Dupla";"Curva";"Rural";2;0;1;0;1;0;1;2
83501208;"22/09/16";"Quinta";"04:30:00";"MG";40;"302,7";"TRES MARIAS";"Outras";"Incêndio";"Sem Vítimas";"Plena noite";"Crescente";"Ceu Claro";"Simples";"Reta";"Rural";1;0;0;0;1;0;0;1
83501209;"25/09/16";"Domingo";"05:40:00";"MS";163;"14";"MUNDO NOVO";"Ingestão de álcool";"Saída de Pista";"Com Vítimas Feridas";"Amanhecer";"Crescente";"Ceu Claro";"Simples";"Cruzamento";"Rural";1;0;1;0;0;0;1;1
83501210;"21/09/16";"Quarta";"19:20:00";"MG";40;"526";"CONTAGEM";"Não guardar distância de segurança";"Colisão traseira";"Sem Vítimas";"Pleno dia";"Decrescente";"Ceu Claro";"Dupla";"Reta";"Urbano";3;0;0;0;3;0;0;3
83501211;"22/09/16";"Quinta";"06:15:00";"MG";267;"122,3";"JUIZ DE FORA";"Falta de atenção";"Colisão Transversal";"Com Vítimas Feridas";"Amanhecer";"Decrescente";"Nublado";"Simples";"Cruzamento";"Urbano";2;0;1;0;1;0;1;2
83501212;"25/09/16";"Domingo";"06:20:00";"MG";381;"498";"BETIM";"Outras";"Colisão com objeto fixo";"Ignorado";"Amanhecer";"Decrescente";"Nublado";"Dupla";"Curva";"Urbano";1;0;0;0;0;1;0;1
83501213;"25/09/16";"Domingo";"07:00:00";"MG";153;"172,5";"COMENDADOR GOMES";"Falta de atenção";"Saída de Pista";"Sem Vítimas";"Pleno dia";"Decrescente";"Ceu Claro";"Simples";"Curva";"Rural";2;0;0;0;2;0;0;1
83501214;"17/09/16";"Sábado";"07:30:00";"SC";280;"3,8";"SAO FRANCISCO DO SUL";"Desobediência à sinalização";"Colisão Transversal";"Com Vítimas Feridas";"Anoitecer";"Decrescente";"Nublado";"Simples";"Cruzamento";"Urbano";2;0;1;0;1;0;1;2
83501215;"25/09/16";"Domingo";"09:30:00";"SP";116;"541";"BARRA DO TURVO";"Velocidade incompatível";"Colisão com objeto fixo";"Sem Vítimas";"Pleno dia";"Crescente";"Chuva";"Dupla";"Curva";"Rural";2;0;0;0;2;0;0;1
83501216;"25/09/16";"Domingo";"09:00:00";"RJ";116;"221";"PARACAMBI";"Outras";"Colisão com objeto fixo";"Sem Vítimas";"Pleno dia";"Decrescente";"Chuva";"Simples";"Curva";"Urbano";2;0;0;0;1;1;0;2
83501217;"24/09/16";"Sábado";"00:10:00";"BA";242;"778";"BARREIRAS";"Velocidade incompatível";"Colisão lateral";"Sem Vítimas";"Plena noite";"Crescente";"Nublado";"Simples";"Curva";"Rural";3;0;0;0;3;0;0;3
83501218;"25/09/16";"Domingo";"06:40:00";"PR";277;"199,9";"PALMEIRA";"Outras";"Colisão com objeto fixo";"Sem Vítimas";"Amanhecer";"Crescente";"Nublado";"Simples";"Curva";"Rural";1;0;0;0;1;0;0;1
83501219;"22/09/16";"Quinta";"17:30:00";"CE";222;"8,6";"CAUCAIA";"Desobediência à sinalização";"Colisão Transversal";"Sem Vítimas";"Pleno dia";"Decrescente";"Ceu Claro";"Dupla";"Reta";"Urbano";3;0;0;0;3;0;0;2
83501220;"12/08/16";"Sexta";"13:15:00";"SC";158;"133,7";"CAIBI";"Velocidade incompatível";"Capotamento";"Com Vítimas Fatais";"Pleno dia";"Decrescente";"Sol";"Simples";"Reta";"Rural";1;1;0;0;0;0;0;1
83501221;"25/09/16";"Domingo";"08:05:00";"PR";153;"244";"TIBAGI";"Velocidade incompatível";"Tombamento";"Sem Vítimas";"Pleno dia";"Decrescente";"Chuva";"Simples";"Curva";"Rural";1;0;0;0;1;0;0;1
83501222;"21/09/16";"Quarta";"20:00:00";"MT";163;"600";"NOVA MUTUM";"Falta de atenção";"Colisão traseira";"Com Vítimas Feridas";"Plena noite";"Decrescente";"Ceu Claro";"Dupla";"Reta";"Urbano";2;0;0;1;1;0;1;2
83501223;"13/09/16";"Terça";"19:10:00";"CE";116;"14";"FORTALEZA";"Outras";"Queda de motocicleta / bicicleta / veículo";"Com Vítimas Feridas";"Plena noite";"Crescente";"Ceu Claro";"Múltipla";"Reta";"Urbano";2;0;2;0;0;0;2;1
83501224;"25/09/16";"Domingo";"06:30:00";"PR";376;"178,4";"MARINGA";"Desobediência à sinalização";"Colisão Transversal";"Com Vítimas Feridas";"Pleno dia";"Crescente";"Nublado";"Múltipla";"Cruzamento";"Urbano";6;0;3;2;1;0;5;2
83501225;"17/09/16";"Sábado";"13:30:00";"MG";381;"492,7";"BETIM";"Falta de atenção";"Colisão lateral";"Com Vítimas Feridas";"Pleno dia";"Crescente";"Ceu Claro";"Dupla";"Reta";"Urbano";3;0;2;0;1;0;2;2
83501226;"25/09/16";"Domingo";"09:10:00";"RJ";116;"227,1";"PIRAI";"Outras";"Colisão com objeto fixo";"Sem Vítimas";"Pleno dia";"Decrescente";"Chuva";"Simples";"Curva";"Rural";1;0;0;0;1;0;0;1
83501227;"22/09/16";"Quinta";"02:47:00";"RO";364;"713";"PORTO VELHO";"Falta de atenção";"Colisão com objeto fixo";"Ignorado";"Plena noite";"Decrescente";"Ceu Claro";"Dupla";"Reta";"Urbano";1;0;0;0;0;1;0;1
83501228;"22/09/16";"Quinta";"07:10:00";"ES";101;"66,6";"SAO MATEUS";"Outras";"Colisão lateral";"Com Vítimas Feridas";"Pleno dia";"Crescente";"Ceu Claro";"Simples";"Reta";"Urbano";3;0;1;0;2;0;1;2
83501229;"25/09/16";"Domingo";"09:30:00";"SC";280;"213,6";"TRES BARRAS";"Ultrapassagem indevida";"Colisão traseira";"Com Vítimas Feridas";"Pleno dia";"Crescente";"Ceu Claro";"Simples";"Reta";"Rural";2;0;1;0;1;0;1;2
83501230;"25/09/16";"Domingo";"10:00:00";"RJ";40;"92";"PETROPOLIS";"Velocidade incompatível";"Saída de Pista";"Sem Vítimas";"Pleno dia";"Crescente";"Chuva";"Simples";"Curva";"Urbano";2;0;0;0;2;0;0;1
83501231;"24/09/16";"Sábado";"19:00:00";"CE";116;"29";"ITAITINGA";"Desobediência à sinalização";"Colisão lateral";"Com Vítimas Feridas";"Plena noite";"Crescente";"Ceu Claro";"Dupla";"Reta";"Rural";6;0;2;0;3;1;2;2
83501232;"25/09/16";"Domingo";"09:50:00";"MG";146;"544,5";"POCOS DE CALDAS";"Desobediência à sinalização";"Colisão lateral";"Com Vítimas Feridas";"Pleno dia";"Decrescente";"Ceu Claro";"Simples";"Curva";"Rural";2;0;1;0;0;1;1;2
83501233;"25/09/16";"Domingo";"11:45:00";"RJ";116;"282,9";"BARRA MANSA";"Animais na Pista";"Colisão com objeto fixo";"Sem Vítimas";"Pleno dia";"Crescente";"Nublado";"Dupla";"Curva";"Rural";1;0;0;0;1;0;0;1
83501234;"25/09/16";"Domingo";"09:00:00";"PR";277;"60,9";"SAO JOSE DOS PINHAIS";"Falta de atenção";"Capotamento";"Sem Vítimas";"Pleno dia";"Decrescente";"Nublado";"Dupla";"Reta";"Rural";1;0;0;0;1;0;0;1
83501235;"25/09/16";"Domingo";"10:30:00";"PR";116;"125,5";"FAZENDA RIO GRANDE";"Ingestão de álcool";"Colisão traseira";"Com Vítimas Feridas";"Pleno dia";"Decrescente";"Nublado";"Dupla";"Reta";"Urbano";2;0;1;0;1;0;1;2
83501236;"25/09/16";"Domingo";"11:20:00";"SC";282;"490,3";"FAXINAL DOS GUEDES";"Falta de atenção";"Colisão traseira";"Com Vítimas Feridas";"Pleno dia";"Decrescente";"Ceu Claro";"Simples";"Reta";"Urbano";2;0;1;0;1;0;1;2
83501237;"25/09/16";"Domingo";"10:00:00";"MS";158;"110";"PARANAIBA";"Ingestão de álcool";"Colisão traseira";"Com Vítimas Feridas";"Pleno dia";"Crescente";"Ceu Claro";"Simples";"Reta";"Rural";2;0;1;0;1;0;1;2
83501238;"25/09/16";"Domingo";"10:45:00";"CE";222;"3";"CAUCAIA";"Não guardar distância de segurança";"Colisão traseira";"Sem Vítimas";"Pleno dia";"Crescente";"Ceu Claro";"Dupla";"Reta";"Urbano";5;0;0;0;5;0;0;5
83501239;"25/09/16";"Domingo";"09:20:00";"RJ";116;"229,6";"PIRAI";"Outras";"Colisão com objeto fixo";"Sem Vítimas";"Pleno dia";"Decrescente";"Chuva";"Múltipla";"Curva";"Rural";1;0;0;0;1;0;0;1
83501240;"21/09/16";"Quarta";"11:40:00";"PI";135;"341";"SANTA LUZ";"Ultrapassagem indevida";"Colisão frontal";"Sem Vítimas";"Pleno dia";"Decrescente";"Ceu Claro";"Simples";"Curva";"Rural";6;0;0;0;6;0;0;2
83501241;"22/09/16";"Quinta";"06:30:00";"MS";163;"475,7";"CAMPO GRANDE";"Falta de atenção";"Colisão Transversal";"Com Vítimas Feridas";"Pleno dia";"Crescente";"Ceu Claro";"Simples";"Reta";"Urbano";3;0;1;0;2;0;1;2
83501242;"24/09/16";"Sábado";"12:50:00";"RJ";356;"78";"ITAPERUNA";"Falta de atenção";"Colisão lateral";"Com Vítimas Feridas";"Pleno dia";"Decrescente";"Ceu Claro";"Simples";"Reta";"Rural";2;0;1;0;1;0;1;2
83501243;"25/09/16";"Domingo";"11:50:00";"GO";153;"433,2";"ANAPOLIS";"Falta de atenção";"Queda de motocicleta / bicicleta / veículo";"Com Vítimas Feridas";"Pleno dia";"Decrescente";"Ceu Claro";"Dupla";"Reta";"Urbano";3;0;0;2;1;0;2;2
83501244;"21/09/16";"Quarta";"14:00:00";"PR";373;"436";"CHOPINZINHO";"Outras";"Saída de Pista";"Com Vítimas Feridas";"Pleno dia";"Decrescente";"Sol";"Simples";"Reta";"Rural";1;0;1;0;0;0;1;1
83501245;"25/09/16";"Domingo";"04:45:00";"RJ";101;"272";"TANGUA";"Outras";"Atropelamento de pessoa";"Com Vítimas Feridas";"Plena noite";"Decrescente";"Chuva";"Dupla";"Reta";"Rural";2;0;1;1;0;0;2;1
83501246;"22/09/16";"Quinta";"04:30:00";"MS";262;"4,5";"TRES LAGOAS";"Outras";"Queda de motocicleta / bicicleta / veículo";"Com Vítimas Feridas";"Plena noite";"Crescente";"Ceu Claro";"Dupla";"Reta";"Urbano";2;0;1;0;0;1;1;1
83501247;"25/09/16";"Domingo";"12:50:00";"PR";467;"91,3";"CASCAVEL";"Outras";"Queda de motocicleta / bicicleta / veículo";"Sem Vítimas";"Pleno dia";"Crescente";"Ceu Claro";"Dupla";"Curva";"Rural";1;0;0;0;1;0;0;1
83501248;"20/09/16";"Terça";"15:00:00";"ES";101;"51";"SAO MATEUS";"Defeito mecânico em veículo";"Queda de motocicleta / bicicleta / veículo";"Com Vítimas Feridas";"Pleno dia";"Decrescente";"Sol";"Simples";"Reta";"Rural";2;0;2;0;0;0;2;1
83501249;"22/09/16";"Quinta";"18:00:00";"MT";163;"785";"SORRISO";"Velocidade incompatível";"Saída de Pista";"Sem Vítimas";"Anoitecer";"Crescente";"Chuva";"Simples";"Reta";"Rural";1;0;0;0;1;0;0;1
83501250;"13/09/16";"Terça";"17:40:00";"RS";287;"253,1";"SANTA MARIA";"Falta de atenção";"Colisão Transversal";"Com Vítimas Feridas";"Pleno dia";"Decrescente";"Sol";"Simples";"Reta";"Urbano";5;0;5;0;0;0;5;2
83501251;"25/09/16";"Domingo";"13:30:00";"ES";101;"144";"LINHARES";"Desobediência à sinalização";"Colisão Transversal";"Com Vítimas Feridas";"Pleno dia";"Crescente";"Sol";"Dupla";"Cruzamento";"Urbano";2;0;0;1;1;0;1;2
83501252;"25/09/16";"Domingo";"12:30:00";"PR";376;"595,6";"CURITIBA";"Falta de atenção";"Colisão lateral";"Sem Vítimas";"Pleno dia";"Crescente";"Sol";"Dupla";"Reta";"Rural";2;0;0;0;2;0;0;2
83501253;"22/09/16";"Quinta";"05:40:00";"MG";40;"445,7";"PARAOPEBA";"Falta de atenção";"Colisão com objeto fixo";"Com Vítimas Feridas";"Amanhecer";"Decrescente";"Ceu Claro";"Dupla";"Reta";"Rural";1;0;0;1;0;0;1;1
83501254;"25/09/16";"Domingo";"11:30:00";"BA";324;"619";"SALVADOR";"Outras";"Colisão com objeto fixo";"Com Vítimas Feridas";"Pleno dia";"Crescente";"Ceu Claro";"Simples";"Reta";"Urbano";1;0;1;0;0;0;1;1
83501255;"25/09/16";"Domingo";"01:15:00";"MT";163;"956";"NOVA SANTA HELENA";"Falta de atenção";"Atropelamento de pessoa";"Com Vítimas Fatais";"Plena noite";"Crescente";"Ceu Claro";"Simples";"Reta";"Rural";3;1;0;0;2;0;0;1
83501257;"25/09/16";"Domingo";"13:50:00";"RJ";116;"220,2";"PIRAI";"Velocidade incompatível";"Capotamento";"Com Vítimas Feridas";"Pleno dia";"Crescente";"Chuva";"Dupla";"Curva";"Rural";2;0;1;0;1;0;1;1