"id";"data_inversa";"dia_semana";"horario";"uf";"br";"km";"municipio";"causa_acidente";"tipo_acidente";"classificacao_acidente";"fase_dia";"sentido_via";"condicao_metereologica";"tipo_pista";"tracado_via";"uso_solo";"pessoas";"mortos";"feridos_leves";"feridos_graves";"ilesos";"ignorados";"feridos";"veiculos"
83501369;"25/09/16";"Domingo";"15:20:00";"RO";364;"138";"PIMENTA BUENO";"Defeito na via";"Derramamento de Carga";"Sem Vítimas";"Pleno dia";"Decrescente";"Ceu Claro";"Simples";"Reta";"Rural";1;0;0;0;1;0;0;1
83501370;"25/09/16";"Domingo";"18:00:00";"GO";153;"496,7";"GOIANIA";"Outras";"Colisão com objeto fixo";"Com Vítimas Fatais";"Plena noite";"Decrescente";"Ceu Claro";"Dupla";"Reta";"Urbano";1;1;0;0;0;0;0;1
83501371;"25/09/16";"Domingo";"18:50:00";"AM";174;"938,8";"MANAUS";"Outras";"Tombamento";"Com Vítimas Feridas";"Anoitecer";"Crescente";"Ignorada";"Simples";"Reta";"Rural";2;0;1;0;1;0;1;1
83501372;"25/09/16";"Domingo";"19:20:00";"ES";101;"401,6";"ITAPEMIRIM";"Desobediência à sinalização";"Colisão lateral";"Com Vítimas Feridas";"Plena noite";"Crescente";"Chuva";"Simples";"Reta";"Rural";3;0;1;0;2;0;1;3
83501373;"25/09/16";"Domingo";"06:30:00";"RN";101;"41";"CEARA-MIRIM";"Outras";"Capotamento";"Ignorado";"Plena noite";"Decrescente";"Ceu Claro";"Simples";"Curva";"Rural";1;0;0;0;0;1;0;1
83501374;"10/09/16";"Sábado";"23:00:00";"SP";116;"229";"SAO PAULO";"Falta de atenção";"Queda de motocicleta / bicicleta / veículo";"Sem Vítimas";"Plena noite";"Decrescente";"Ceu Claro";"Múltipla";"Reta";"Urbano";1;0;0;0;1;0;0;1
83501375;"25/09/16";"Domingo";"20:45:00";"RJ";116;"225,3";"PIRAI";"Outras";"Colisão com objeto fixo";"Sem Vítimas";"Plena noite";"Decrescente";"Chuva";"Dupla";"Curva";"Rural";1;0;0;0;1;0;0;1
83501376;"25/09/16";"Domingo";"20:00:00";"PB";104;"106,2";"SAO SEBASTIAO DE LAGOA DE ROCA";"Desobediência à sinalização";"Colisão lateral";"Com Vítimas Feridas";"Plena noite";"Crescente";"Ceu Claro";"Simples";"Reta";"Rural";3;0;1;0;2;0;1;2
83501377;"25/09/16";"Domingo";"19:30:00";"PR";116;"116,5";"CURITIBA";"Outras";"Colisão traseira";"Com Vítimas Feridas";"Plena noite";"Crescente";"Ignorada";"Dupla";"Reta";"Urbano";3;0;1;0;2;0;1;2
83501378;"25/09/16";"Domingo";"21:00:00";"RJ";116;"226";"PIRAI";"Outras";"Tombamento";"Sem Vítimas";"Plena noite";"Crescente";"Chuva";"Simples";"Curva";"Rural";1;0;0;0;1;0;0;1
83501379;"25/09/16";"Domingo";"22:00:00";"PR";376;"301";"MAUA DA SERRA";"Falta de atenção";"Colisão com objeto fixo";"Com Vítimas Feridas";"Plena noite";"Decrescente";"Nublado";"Dupla";"Reta";"Rural";1;0;1;0;0;0;1;1
83501380;"25/09/16";"Domingo";"17:30:00";"PR";163;"15,5";"BOM JESUS DO SUL";"Falta de atenção";"Colisão Transversal";"Com Vítimas Feridas";"Pleno dia";"Decrescente";"Ceu Claro";"Simples";"Curva";"Rural";3;0;2;0;1;0;2;2
83501381;"25/09/16";"Domingo";"21:00:00";"BA";324;"614";"SALVADOR";"Ingestão de álcool";"Colisão frontal";"Com Vítimas Feridas";"Plena noite";"Decrescente";"Ceu Claro";"Simples";"Reta";"Urbano";4;0;1;2;1;0;3;2
83501382;"25/09/16";"Domingo";"10:30:00";"PI";343;"47";"BURITI DOS LOPES";"Outras";"Queda de motocicleta / bicicleta / veículo";"Com Vítimas Feridas";"Pleno dia";"Decrescente";"Ceu Claro";"Simples";"Reta";"Urbano";1;0;1;0;0;0;1;1
83501383;"25/09/16";"Domingo";"20:00:00";"AL";104;"49,9";"BRANQUINHA";"Outras";"Saída de Pista";"Sem Vítimas";"Plena noite";"Crescente";"Ceu Claro";"Simples";"Curva";"Rural";1;0;0;0;1;0;0;1
83501384;"25/09/16";"Domingo";"16:40:00";"PR";369;"180";"ARAPONGAS";"Desobediência à sinalização";"Danos Eventuais";"Com Vítimas Feridas";"Pleno dia";"Crescente";"Ceu Claro";"Simples";"Reta";"Urbano";2;0;1;0;1;0;1;2
83501385;"25/09/16";"Domingo";"16:15:00";"PB";361;"4,4";"PATOS";"Ingestão de álcool";"Colisão frontal";"Com Vítimas Feridas";"Pleno dia";"Crescente";"Ceu Claro";"Simples";"Reta";"Urbano";2;0;1;0;1;0;1;2
83501386;"25/09/16";"Domingo";"16:30:00";"SE";101;"195,9";"CRISTINAPOLIS";"Outras";"Colisão com objeto móvel";"Com Vítimas Feridas";"Pleno dia";"Crescente";"Ceu Claro";"Simples";"Curva";"Rural";3;0;1;1;0;1;2;2
83501387;"25/09/16";"Domingo";"15:40:00";"ES";101;"269,5";"SERRA";"Falta de atenção";"Colisão Transversal";"Com Vítimas Feridas";"Pleno dia";"Decrescente";"Nublado";"Múltipla";"Cruzamento";"Urbano";4;0;2;1;1;0;3;2
83501388;"25/09/16";"Domingo";"18:30:00";"ES";262;"30,5";"DOMINGOS MARTINS";"Velocidade incompatível";"Colisão lateral";"Sem Vítimas";"Plena noite";"Crescente";"Chuva";"Simples";"Curva";"Rural";2;0;0;0;2;0;0;2
83501389;"25/09/16";"Domingo";"22:00:00";"SC";282;"28,5";"SANTO AMARO DA IMPERATRIZ";"Desobediência à sinalização";"Colisão Transversal";"Com Vítimas Feridas";"Plena noite";"Crescente";"Ceu Claro";"Simples";"Cruzamento";"Urbano";2;0;1;0;1;0;1;2
83501390;"25/09/16";"Domingo";"17:40:00";"GO";50;"161,3";"CAMPO ALEGRE DE GOIAS";"Falta de atenção";"Colisão traseira";"Sem Vítimas";"Plena noite";"Decrescente";"Nublado";"Simples";"Reta";"Rural";3;0;0;0;3;0;0;2
83501391;"25/09/16";"Domingo";"18:10:00";"MG";40;"31,3";"PARACATU";"Ultrapassagem indevida";"Colisão lateral";"Com Vítimas Feridas";"Anoitecer";"Crescente";"Nublado";"Simples";"Reta";"Rural";6;0;1;0;5;0;1;2
83501392;"25/09/16";"Domingo";"22:00:00";"MG";40;"281";"TRES MARIAS";"Falta de atenção";"Colisão lateral";"Com Vítimas Feridas";"Plena noite";"Crescente";"Nublado";"Simples";"Reta";"Rural";4;0;1;0;3;0;1;2
83501393;"25/09/16";"Domingo";"22:20:00";"BA";116;"569";"BREJOES";"Dormindo";"Tombamento";"Sem Vítimas";"Plena noite";"Decrescente";"Ceu Claro";"Dupla";"Reta";"Rural";1;0;0;0;1;0;0;1
83501394;"25/09/16";"Domingo";"22:45:00";"SC";116;"12,3";"MAFRA";"Defeito mecânico em veículo";"Incêndio";"Sem Vítimas";"Plena noite";"Crescente";"Ceu Claro";"Simples";"Curva";"Rural";1;0;0;0;1;0;0;1
83501395;"25/09/16";"Domingo";"20:30:00";"MS";163;"258";"DOURADOS";"Ingestão de álcool";"Colisão frontal";"Com Vítimas Feridas";"Plena noite";"Crescente";"Ceu Claro";"Dupla";"Curva";"Rural";2;0;0;1;1;0;1;2
83501396;"25/09/16";"Domingo";"21:30:00";"MA";135;"56";"BACABEIRA";"Outras";"Atropelamento de pessoa";"Com Vítimas Fatais";"Plena noite";"Crescente";"Ceu Claro";"Simples";"Reta";"Rural";2;1;0;0;0;1;0;1
83501397;"25/09/16";"Domingo";"20:10:00";"RO";319;"62,1";"PORTO VELHO";"Desobediência à sinalização";"Colisão Transversal";"Com Vítimas Feridas";"Plena noite";"Decrescente";"Ceu Claro";"Dupla";"Cruzamento";"Urbano";4;0;0;1;3;0;1;2
83501398;"25/09/16";"Domingo";"19:40:00";"SC";282;"41";"AGUAS MORNAS";"Ingestão de álcool";"Colisão Transversal";"Sem Vítimas";"Plena noite";"Decrescente";"Ceu Claro";"Simples";"Reta";"Rural";2;0;0;0;2;0;0;2
83501399;"16/09/16";"Sexta";"19:50:00";"SP";116;"221";"GUARULHOS";"Falta de atenção";"Colisão com objeto fixo";"Sem Vítimas";"Plena noite";"Crescente";"Ceu Claro";"Múltipla";"Reta";"Urbano";1;0;0;0;1;0;0;1
83501400;"24/09/16";"Sábado";"20:00:00";"AM";174;"916";"MANAUS";"Dormindo";"Saída de Pista";"Com Vítimas Feridas";"Plena noite";"Decrescente";"Ceu Claro";"Simples";"Reta";"Urbano";2;0;2;0;0;0;2;1
83501401;"25/09/16";"Domingo";"10:00:00";"MG";251;"365";"PADRE CARVALHO";"Defeito na via";"Tombamento";"Sem Vítimas";"Pleno dia";"Decrescente";"Chuva";"Simples";"Reta";"Rural";1;0;0;0;1;0;0;1
83501402;"25/09/16";"Domingo";"18:10:00";"MG";40;"732,5";"SANTOS DUMONT";"Velocidade incompatível";"Saída de Pista";"Com Vítimas Feridas";"Plena noite";"Crescente";"Chuva";"Dupla";"Curva";"Rural";1;0;1;0;0;0;1;1
83501403;"25/09/16";"Domingo";"17:30:00";"MT";364;"581,5";"NOBRES";"Ingestão de álcool";"Colisão lateral";"Com Vítimas Feridas";"Pleno dia";"Crescente";"Ceu Claro";"Simples";"Reta";"Rural";4;0;1;0;3;0;1;2
83501404;"25/09/16";"Domingo";"20:30:00";"MS";262;"324,3";"CAMPO GRANDE";"Outras";"Colisão frontal";"Com Vítimas Feridas";"Plena noite";"Crescente";"Ceu Claro";"Simples";"Reta";"Urbano";2;0;1;0;1;0;1;2
83501405;"25/09/16";"Domingo";"22:30:00";"PR";277;"694,8";"SAO MIGUEL DO IGUACU";"Velocidade incompatível";"Colisão traseira";"Com Vítimas Feridas";"Plena noite";"Crescente";"Ceu Claro";"Dupla";"Reta";"Rural";2;0;1;0;1;0;1;2
83501406;"22/09/16";"Quinta";"08:00:00";"SP";381;"75";"SAO PAULO";"Velocidade incompatível";"Capotamento";"Com Vítimas Feridas";"Pleno dia";"Decrescente";"Nublado";"Dupla";"Curva";"Rural";1;0;1;0;0;0;1;1
83501407;"21/09/16";"Quarta";"19:40:00";"MS";262;"53,5";"TRES LAGOAS";"Outras";"Queda de motocicleta / bicicleta / veículo";"Com Vítimas Feridas";"Plena noite";"Crescente";"Ceu Claro";"Simples";"Reta";"Rural";2;0;1;1;0;0;2;1
83501408;"25/09/16";"Domingo";"19:15:00";"MS";60;"383";"CAMPO GRANDE";"Ingestão de álcool";"Colisão lateral";"Sem Vítimas";"Plena noite";"Crescente";"Ceu Claro";"Simples";"Reta";"Rural";2;0;0;0;2;0;0;2
83501409;"25/09/16";"Domingo";"19:40:00";"SC";101;"382,8";"ICARA";"Dormindo";"Tombamento";"Com Vítimas Feridas";"Plena noite";"Crescente";"Nublado";"Dupla";"Reta";"Urbano";3;0;1;0;2;0;1;2
83501410;"26/09/16";"Segunda";"00:24:00";"PR";376;"147";"PRESIDENTE CASTELO BRANCO";"Animais na Pista";"Atropelamento de animal";"Com Vítimas Feridas";"Plena noite";"Crescente";"Ceu Claro";"Dupla";"Reta";"Rural";2;0;1;0;1;0;1;1
83501411;"25/09/16";"Domingo";"18:15:00";"MS";158;"78";"PARANAIBA";"Falta de atenção";"Colisão lateral";"Sem Vítimas";"Anoitecer";"Decrescente";"Ceu Claro";"Simples";"Reta";"Rural";2;0;0;0;2;0;0;2
83501412;"25/09/16";"Domingo";"07:40:00";"MG";40;"503,2";"ESMERALDAS";"Falta de atenção";"Colisão traseira";"Com Vítimas Fatais";"Plena noite";"Crescente";"Chuva";"Dupla";"Reta";"Rural";7;1;5;0;1;0;5;3
83501413;"25/09/16";"Domingo";"23:30:00";"PR";277;"694,8";"FOZ DO IGUACU";"Outras";"Colisão traseira";"Com Vítimas Feridas";"Plena noite";"Crescente";"Ceu Claro";"Simples";"Reta";"Urbano";2;0;1;0;1;0;1;2
83501414;"25/09/16";"Domingo";"15:50:00";"BA";101;"763,3";"ITABELA";"Falta de atenção";"Capotamento";"Com Vítimas Feridas";"Pleno dia";"Crescente";"Ceu Claro";"Simples";"Reta";"Rural";3;0;3;0;0;0;3;1
83501415;"25/09/16";"Domingo";"20:15:00";"MG";40;"763,7";"JUIZ DE FORA";"Ingestão de álcool";"Atropelamento de pessoa";"Com Vítimas Feridas";"Plena noite";"Crescente";"Chuva";"Simples";"Curva";"Rural";3;0;2;0;1;0;2;2
83501416;"25/09/16";"Domingo";"10:40:00";"MG";365;"37,7";"CLARO DOS POCOES";"Falta de atenção";"Colisão traseira";"Sem Vítimas";"Pleno dia";"Crescente";"Chuva";"Simples";"Curva";"Rural";7;0;0;0;7;0;0;3
83501417;"26/09/16";"Segunda";"01:40:00";"SC";101;"405,7";"ARARANGUA";"Velocidade incompatível";"Capotamento";"Com Vítimas Feridas";"Plena noite";"Decrescente";"Ceu Claro";"Dupla";"Curva";"Rural";2;0;1;0;1;0;1;1
83501418;"25/09/16";"Domingo";"22:10:00";"SC";470;"145,2";"RIO DO SUL";"Falta de atenção";"Colisão com objeto fixo";"Sem Vítimas";"Plena noite";"Decrescente";"Ceu Claro";"Simples";"Curva";"Urbano";1;0;0;0;1;0;0;1
83501419;"26/09/16";"Segunda";"00:30:00";"PR";376;"619";"SAO JOSE DOS PINHAIS";"Ingestão de álcool";"Colisão frontal";"Com Vítimas Feridas";"Plena noite";"Decrescente";"Nublado";"Múltipla";"Reta";"Urbano";5;0;1;0;3;1;1;2
83501420;"25/09/16";"Domingo";"18:30:00";"TO";153;"410";"MIRANORTE";"Outras";"Saída de Pista";"Sem Vítimas";"Plena noite";"Crescente";"Chuva";"Simples";"Curva";"Rural";3;0;0;0;1;2;0;1
83501421;"26/09/16";"Segunda";"01:30:00";"MG";262;"368,3";"JUATUBA";"Velocidade incompatível";"Capotamento";"Sem Vítimas";"Plena noite";"Decrescente";"Chuva";"Dupla";"Reta";"Rural";1;0;0;0;1;0;0;1
83501422;"25/09/16";"Domingo";"14:30:00";"RS";285;"102,1";"MONTE ALEGRE DOS CAMPOS";"Velocidade incompatível";"Saída de Pista";"Com Vítimas Feridas";"Pleno dia";"Crescente";"Ceu Claro";"Simples";"Curva";"Rural";1;0;0;1;0;0;1;1
83501423;"26/09/16";"Segunda";"02:45:00";"SC";116;"177,4";"SAO CRISTOVAO DO SUL";"Velocidade incompatível";"Colisão com objeto fixo";"Com Vítimas Feridas";"Plena noite";"Crescente";"Ceu Claro";"Simples";"Reta";"Rural";2;0;0;2;0;0;2;1
83501424;"25/09/16";"Domingo";"21:00:00";"ES";101;"459,6";"MIMOSO DO SUL";"Velocidade incompatível";"Capotamento";"Com Vítimas Feridas";"Plena noite";"Crescente";"Chuva";"Simples";"Curva";"Rural";1;0;1;0;0;0;1;1
83501425;"25/09/16";"Domingo";"19:30:00";"BA";242;"833";"BARREIRAS";"Dormindo";"Saída de Pista";"Ignorado";"Plena noite";"Crescente";"Chuva";"Dupla";"Reta";"Rural";1;0;0;0;0;1;0;1
83501426;"25/09/16";"Domingo";"18:30:00";"MG";354;"729,6";"POUSO ALTO";"Não guardar distância de segurança";"Colisão traseira";"Com Vítimas Feridas";"Anoitecer";"Decrescente";"Ceu Claro";"Simples";"Curva";"Rural";38;0;1;0;37;0;1;2
83501427;"25/09/16";"Domingo";"16:20:00";"GO";50;"272,3";"CATALAO";"Ultrapassagem indevida";"Colisão lateral";"Sem Vítimas";"Pleno dia";"Crescente";"Ceu Claro";"Simples";"Reta";"Rural";4;0;0;0;3;1;0;2
83501428;"25/09/16";"Domingo";"18:30:00";"PR";467;"71,5";"TOLEDO";"Velocidade incompatível";"Queda de motocicleta / bicicleta / veículo";"Com Vítimas Feridas";"Pleno dia";"Crescente";"Ceu Claro";"Dupla";"Cruzamento";"Urbano";1;0;1;0;0;0;1;1
83501429;"22/09/16";"Quinta";"18:10:00";"MG";251;"474";"FRANCISCO SA";"Velocidade incompatível";"Tombamento";"Com Vítimas Feridas";"Anoitecer";"Crescente";"Nublado";"Simples";"Curva";"Rural";1;0;1;0;0;0;1;1
83501430;"25/09/16";"Domingo";"19:50:00";"RJ";393;"139,6";"SAPUCAIA";"Velocidade incompatível";"Colisão frontal";"Com Vítimas Feridas";"Plena noite";"Decrescente";"Chuva";"Simples";"Curva";"Rural";2;0;1;0;1;0;1;2
83501431;"26/09/16";"Segunda";"03:50:00";"SP";116;"548,5";"BARRA DO TURVO";"Velocidade incompatível";"Capotamento";"Sem Vítimas";"Plena noite";"Decrescente";"Nevoeiro/neblina";"Simples";"Curva";"Rural";4;0;0;0;4;0;0;1
83501432;"25/09/16";"Domingo";"16:00:00";"MG";251;"475";"FRANCISCO SA";"Velocidade incompatível";"Tombamento";"Sem Vítimas";"Pleno dia";"Crescente";"Nublado";"Simples";"Curva";"Rural";1;0;0;0;1;0;0;1
83501433;"25/09/16";"Domingo";"10:30:00";"ES";262;"81,1";"DOMINGOS MARTINS";"Falta de atenção";"Colisão lateral";"Com Vítimas Feridas";"Pleno dia";"Crescente";"Sol";"Simples";"Curva";"Rural";2;0;1;0;1;0;1;2
83501434;"25/09/16";"Domingo";"16:45:00";"BA";110;"385";"SAO SEBASTIAO DO PASSE";"Animais na Pista";"Atropelamento de animal";"Com Vítimas Fatais";"Pleno dia";"Decrescente";"Nublado";"Simples";"Reta";"Rural";2;1;0;0;1;0;0;1
83501435;"25/09/16";"Domingo";"01:00:00";"RO";319;"63,6";"PORTO VELHO";"Outras";"Colisão Transversal";"Com Vítimas Feridas";"Plena noite";"Decrescente";"Nublado";"Dupla";"Cruzamento";"Urbano";2;0;0;1;0;1;1;2
83501436;"26/09/16";"Segunda";"04:00:00";"MG";262;"674";"IBIA";"Falta de atenção";"Atropelamento de pessoa";"Com Vítimas Feridas";"Plena noite";"Decrescente";"Ceu Claro";"Simples";"Curva";"Rural";2;0;1;0;0;1;1;1
83501438;"25/09/16";"Domingo";"16:30:00";"ES";262;"27,8";"VIANA";"Desobediência à sinalização";"Colisão lateral";"Com Vítimas Feridas";"Pleno dia";"Decrescente";"Chuva";"Simples";"Curva";"Rural";4;0;1;1;2;0;2;3
83501439;"25/09/16";"Domingo";"19:30:00";"MG";40;"792";"JUIZ DE FORA";"Velocidade incompatível";"Colisão com objeto fixo";"Sem Vítimas";"Plena noite";"Crescente";"Chuva";"Dupla";"Reta";"Urbano";1;0;0;0;1;0;0;1
83501440;"22/09/16";"Quinta";"09:00:00";"RJ";101;"321";"NITEROI";"Falta de atenção";"Colisão lateral";"Com Vítimas Feridas";"Pleno dia";"Crescente";"Nublado";"Dupla";"Reta";"Urbano";2;0;1;0;1;0;1;2
83501441;"25/09/16";"Domingo";"20:25:00";"PB";230;"82,2";"CALDAS BRANDAO";"Ingestão de álcool";"Colisão frontal";"Sem Vítimas";"Plena noite";"Crescente";"Ceu Claro";"Simples";"Curva";"Rural";2;0;0;0;2;0;0;2
83501442;"26/09/16";"Segunda";"01:20:00";"SP";116;"30";"CRUZEIRO";"Falta de atenção";"Colisão traseira";"Com Vítimas Feridas";"Plena noite";"Decrescente";"Nublado";"Dupla";"Reta";"Rural";2;0;0;1;1;0;1;2
83501443;"25/09/16";"Domingo";"11:00:00";"PR";369;"188";"ARAPONGAS";"Falta de atenção";"Colisão Transversal";"Sem Vítimas";"Pleno dia";"Crescente";"Sol";"Simples";"Cruzamento";"Urbano";2;0;0;0;2;0;0;2
83501444;"25/09/16";"Domingo";"23:20:00";"CE";20;"253,5";"ITATIRA";"Falta de atenção";"Colisão traseira";"Com Vítimas Feridas";"Plena noite";"Decrescente";"Ceu Claro";"Simples";"Cruzamento";"Urbano";2;0;1;0;1;0;1;2
83501445;"26/09/16";"Segunda";"00:25:00";"PR";467;"82,3";"CASCAVEL";"Dormindo";"Capotamento";"Sem Vítimas";"Plena noite";"Crescente";"Ceu Claro";"Dupla";"Reta";"Rural";1;0;0;0;1;0;0;1
83501446;"17/08/16";"Quarta";"22:00:00";"SP";116;"130";"CACAPAVA";"Falta de atenção";"Colisão com objeto fixo";"Sem Vítimas";"Plena noite";"Decrescente";"Ceu Claro";"Simples";"Reta";"Rural";1;0;0;0;1;0;0;1
83501447;"26/09/16";"Segunda";"06:45:00";"SC";470;"54,5";"BLUMENAU";"Falta de atenção";"Atropelamento de pessoa";"Com Vítimas Feridas";"Pleno dia";"Decrescente";"Ceu Claro";"Simples";"Cruzamento";"Urbano";2;0;2;0;0;0;2;1
83501448;"26/09/16";"Segunda";"05:00:00";"SC";470;"329";"CAMPOS NOVOS";"Falta de atenção";"Saída de Pista";"Com Vítimas Feridas";"Amanhecer";"Decrescente";"Nevoeiro/neblina";"Simples";"Cruzamento";"Rural";3;0;0;1;2;0;1;1
83501449;"26/09/16";"Segunda";"04:00:00";"MG";381;"424";"CAETE";"Velocidade incompatível";"Colisão com objeto fixo";"Sem Vítimas";"Plena noite";"Crescente";"Chuva";"Simples";"Curva";"Rural";1;0;0;0;1;0;0;1
83501450;"25/09/16";"Domingo";"15:30:00";"MG";381;"705,3";"LAVRAS";"Velocidade incompatível";"Capotamento";"Sem Vítimas";"Pleno dia";"Crescente";"Chuva";"Dupla";"Curva";"Rural";1;0;0;0;1;0;0;1
83501451;"25/09/16";"Domingo";"18:58:00";"MG";135;"560";"CORINTO";"Ultrapassagem indevida";"Saída de Pista";"Com Vítimas Feridas";"Pleno dia";"Decrescente";"Nublado";"Simples";"Reta";"Rural";1;0;1;0;0;0;1;1
83501452;"26/09/16";"Segunda";"05:08:00";"RJ";101;"236";"SILVA JARDIM";"Outras";"Colisão com objeto fixo";"Sem Vítimas";"Plena noite";"Decrescente";"Chuva";"Simples";"Reta";"Urbano";1;0;0;0;1;0;0;1
83501453;"25/09/16";"Domingo";"23:10:00";"PR";476;"162";"ARAUCARIA";"Ingestão de álcool";"Colisão traseira";"Com Vítimas Feridas";"Plena noite";"Decrescente";"Nublado";"Simples";"Reta";"Rural";3;0;2;0;1;0;2;2
83501454;"25/09/16";"Domingo";"09:50:00";"MG";365;"38";"CLARO DOS POCOES";"Velocidade incompatível";"Tombamento";"Com Vítimas Feridas";"Pleno dia";"Decrescente";"Chuva";"Simples";"Curva";"Rural";1;0;0;1;0;0;1;1
83501455;"25/09/16";"Domingo";"15:40:00";"MG";381;"700,9";"LAVRAS";"Velocidade incompatível";"Capotamento";"Sem Vítimas";"Pleno dia";"Crescente";"Chuva";"Dupla";"Curva";"Rural";1;0;0;0;1;0;0;1
83501456;"23/09/16";"Sexta";"21:20:00";"GO";364;"136";"APARECIDA DO RIO DOCE";"Animais na Pista";"Atropelamento de animal";"Sem Vítimas";"Plena noite";"Crescente";"Ceu Claro";"Simples";"Reta";"Rural";1;0;0;0;1;0;0;1
83501457;"26/09/16";"Segunda";"06:45:00";"RJ";116;"231";"PIRAI";"Outras";"Colisão com objeto fixo";"Sem Vítimas";"Pleno dia";"Crescente";"Nevoeiro/neblina";"Simples";"Curva";"Rural";1;0;0;0;1;0;0;1
83501458;"25/09/16";"Domingo";"18:55:00";"MG";40;"191,3";"JOAO PINHEIRO";"Falta de atenção";"Atropelamento de pessoa";"Com Vítimas Feridas";"Plena noite";"Crescente";"Ceu Claro";"Simples";"Reta";"Urbano";4;0;1;0;3;0;1;1
83501459;"25/09/16";"Domingo";"17:30:00";"RJ";393;"241";"VASSOURAS";"Outras";"Colisão lateral";"Com Vítimas Fatais";"Anoitecer";"Decrescente";"Chuva";"Múltipla";"Curva";"Rural";6;3;1;1;1;0;2;2
83501460;"26/09/16";"Segunda";"06:50:00";"MG";116;"411";"GOVERNADOR VALADARES";"Velocidade incompatível";"Colisão traseira";"Com Vítimas Feridas";"Pleno dia";"Crescente";"Nublado";"Dupla";"Cruzamento";"Urbano";3;0;3;0;0;0;3;2
83501461;"26/09/16";"Segunda";"05:20:00";"RS";471;"148,8";"SANTA CRUZ DO SUL";"Outras";"Tombamento";"Sem Vítimas";"Amanhecer";"Crescente";"Ceu Claro";"Simples";"Cruzamento";"Urbano";1;0;0;0;1;0;0;1
83501462;"18/06/16";"Sábado";"05:20:00";"RJ";101;"304";"SAO GONCALO";"Outras";"Colisão lateral";"Com Vítimas Feridas";"Plena noite";"Crescente";"Nublado";"Dupla";"Reta";"Rural";4;0;1;0;3;0;1;3
83501463;"22/09/16";"Quinta";"20:20:00";"MG";365;"324";"SAO GONCALO DO ABAETE";"Falta de atenção";"Colisão Transversal";"Com Vítimas Feridas";"Plena noite";"Decrescente";"Ceu Claro";"Simples";"Curva";"Rural";4;0;2;0;2;0;2;2
83501464;"18/09/16";"Domingo";"02:30:00";"RJ";101;"282";"ITABORAI";"Outras";"Colisão lateral";"Com Vítimas Feridas";"Plena noite";"Decrescente";"Ceu Claro";"Dupla";"Reta";"Rural";2;0;0;1;1;0;1;2
83501465;"22/09/16";"Quinta";"12:50:00";"MG";267;"319,8";"CONCEICAO DO RIO VERDE";"Outras";"Colisão com bicicleta";"Com Vítimas Feridas";"Pleno dia";"Decrescente";"Sol";"Simples";"Reta";"Rural";3;0;1;0;1;1;1;2
83501466;"22/09/16";"Quinta";"18:10:00";"ES";101;"298,5";"VIANA";"Não guardar distância de segurança";"Colisão traseira";"Sem Vítimas";"Plena noite";"Decrescente";"Nublado";"Múltipla";"Reta";"Urbano";3;0;0;0;3;0;0;3
83501467;"23/09/16";"Sexta";"01:45:00";"RS";290;"39,1";"SANTO ANTONIO DA PATRULHA";"Dormindo";"Saída de Pista";"Com Vítimas Feridas";"Plena noite";"Crescente";"Ceu Claro";"Múltipla";"Reta";"Rural";3;0;2;0;1;0;2;1
83501468;"22/09/16";"Quinta";"18:00:00";"RN";406;"150";"CEARA-MIRIM";"Outras";"Colisão Transversal";"Com Vítimas Feridas";"Plena noite";"Crescente";"Ceu Claro";"Simples";"Reta";"Urbano";3;0;1;1;1;0;2;2
83501469;"24/09/16";"Sábado";"20:15:00";"BA";116;"487";"FEIRA DE SANTANA";"Ultrapassagem indevida";"Colisão lateral";"Com Vítimas Feridas";"Plena noite";"Crescente";"Ceu Claro";"Simples";"Curva";"Rural";2;0;1;0;1;0;1;2
83501470;"25/09/16";"Domingo";"19:00:00";"CE";222;"249";"SOBRAL";"Ingestão de álcool";"Atropelamento de pessoa";"Com Vítimas Feridas";"Plena noite";"Decrescente";"Ceu Claro";"Simples";"Reta";"Urbano";2;0;0;1;1;0;1;1
83501471;"18/09/16";"Domingo";"11:15:00";"MG";40;"772,1";"JUIZ DE FORA";"Velocidade incompatível";"Queda de motocicleta / bicicleta / veículo";"Com Vítimas Feridas";"Pleno dia";"Decrescente";"Sol";"Simples";"Curva";"Rural";2;0;1;1;0;0;2;1
83501473;"26/09/16";"Segunda";"07:05:00";"MG";381;"500,3";"BETIM";"Dormindo";"Saída de Pista";"Sem Vítimas";"Pleno dia";"Crescente";"Nublado";"Simples";"Reta";"Rural";1;0;0;0;1;0;0;1
83501474;"25/09/16";"Domingo";"20:30:00";"MG";381;"563,6";"ITAGUARA";"Velocidade incompatível";"Colisão com objeto fixo";"Sem Vítimas";"Plena noite";"Decrescente";"Chuva";"Dupla";"Curva";"Rural";1;0;0;0;1;0;0;1
83501475;"25/09/16";"Domingo";"17:50:00";"BA";415;"55,5";"ITABUNA";"Ultrapassagem indevida";"Colisão Transversal";"Com Vítimas Feridas";"Anoitecer";"Decrescente";"Nublado";"Simples";"Curva";"Rural";5;0;3;0;2;0;3;4
83501476;"25/09/16";"Domingo";"16:45:00";"SP";381;"61";"MAIRIPORA";"Velocidade incompatível";"Colisão com objeto fixo";"Sem Vítimas";"Pleno dia";"Decrescente";"Chuva";"Dupla";"Curva";"Urbano";1;0;0;0;1;0;0;1