"id";"data_inversa";"dia_semana";"horario";"uf";"br";"km";"municipio";"causa_acidente";"tipo_acidente";"classificacao_acidente";"fase_dia";"sentido_via";"condicao_metereologica";"tipo_pista";"tracado_via";"uso_solo";"pessoas";"mortos";"feridos_leves";"feridos_graves";"ilesos";"ignorados";"feridos";"veiculos"
83501477;"25/09/16";"Domingo";"21:00:00";"MG";40;"123";"JOAO PINHEIRO";"Falta de atenção";"Saída de Pista";"Sem Vítimas";"Plena noite";"Decrescente";"Nublado";"Simples";"Reta";"Rural";1;0;0;0;1;0;0;1
83501478;"19/09/16";"Segunda";"23:10:00";"DF";20;"18";"BRASILIA";"Outras";"Colisão traseira";"Com Vítimas Feridas";"Plena noite";"Decrescente";"Ceu Claro";"Dupla";"Reta";"Urbano";8;0;6;0;2;0;6;2
83501480;"22/04/16";"Sexta";"20:50:00";"RS";386;"433";"NOVA SANTA RITA";"Velocidade incompatível";"Colisão traseira";"Com Vítimas Feridas";"Plena noite";"Crescente";"Chuva";"Dupla";"Reta";"Rural";2;0;0;1;1;0;1;2
83501481;"23/09/16";"Sexta";"10:30:00";"CE";20;"415";"MARACANAU";"Outras";"Tombamento";"Sem Vítimas";"Pleno dia";"Decrescente";"Ceu Claro";"Simples";"Reta";"Urbano";1;0;0;0;1;0;0;1
83501482;"20/09/16";"Terça";"23:00:00";"GO";158;"49";"BOM JARDIM DE GOIAS";"Defeito na via";"Saída de Pista";"Com Vítimas Fatais";"Plena noite";"Decrescente";"Ceu Claro";"Simples";"Reta";"Rural";1;1;0;0;0;0;0;1
83501483;"22/09/16";"Quinta";"19:10:00";"MG";135;"412,5";"BOCAIUVA";"Falta de atenção";"Colisão Transversal";"Com Vítimas Feridas";"Anoitecer";"Decrescente";"Nublado";"Simples";"Reta";"Urbano";4;0;2;0;1;1;2;3
83501484;"26/09/16";"Segunda";"07:40:00";"SP";153;"174,4";"GUAICARA";"Falta de atenção";"Colisão Transversal";"Com Vítimas Feridas";"Pleno dia";"Crescente";"Ceu Claro";"Simples";"Cruzamento";"Rural";2;0;1;0;1;0;1;2
83501485;"26/09/16";"Segunda";"07:00:00";"ES";101;"263";"SERRA";"Outras";"Saída de Pista";"Com Vítimas Feridas";"Pleno dia";"Decrescente";"Ceu Claro";"Dupla";"Reta";"Urbano";1;0;1;0;0;0;1;1
83501486;"25/09/16";"Domingo";"20:30:00";"MG";381;"569";"ITAGUARA";"Velocidade incompatível";"Saída de Pista";"Sem Vítimas";"Plena noite";"Decrescente";"Chuva";"Dupla";"Reta";"Rural";2;0;0;0;2;0;0;2
83501487;"26/09/16";"Segunda";"07:20:00";"PE";101;"68";"RECIFE";"Outras";"Colisão traseira";"Com Vítimas Feridas";"Pleno dia";"Decrescente";"Sol";"Dupla";"Reta";"Urbano";3;0;1;0;2;0;1;3
83501488;"02/06/16";"Quinta";"06:00:00";"GO";60;"338";"SANTO ANTONIO DA BARRA";"Falta de atenção";"Capotamento";"Com Vítimas Feridas";"Amanhecer";"Crescente";"Ceu Claro";"Dupla";"Reta";"Rural";2;0;1;1;0;0;2;1
83501490;"26/09/16";"Segunda";"08:00:00";"PR";277;"52";"SAO JOSE DOS PINHAIS";"Outras";"Colisão traseira";"Com Vítimas Feridas";"Pleno dia";"Crescente";"Nublado";"Múltipla";"Reta";"Rural";4;0;1;0;2;1;1;3
83501491;"25/09/16";"Domingo";"23:10:00";"MS";158;"69";"PARANAIBA";"Velocidade incompatível";"Saída de Pista";"Ignorado";"Plena noite";"Decrescente";"Ceu Claro";"Simples";"Curva";"Rural";1;0;0;0;0;1;0;1
83501492;"26/09/16";"Segunda";"07:30:00";"PR";277;"107,5";"CAMPO LARGO";"Falta de atenção";"Colisão Transversal";"Com Vítimas Feridas";"Amanhecer";"Decrescente";"Nublado";"Dupla";"Reta";"Rural";3;0;0;2;1;0;2;2
83501493;"25/09/16";"Domingo";"06:30:00";"SC";470;"141,6";"RIO DO SUL";"Dormindo";"Saída de Pista";"Sem Vítimas";"Pleno dia";"Crescente";"Sol";"Simples";"Curva";"Urbano";1;0;0;0;1;0;0;1
83501494;"26/09/16";"Segunda";"06:35:00";"ES";262;"26,2";"VIANA";"Velocidade incompatível";"Saída de Pista";"Com Vítimas Feridas";"Amanhecer";"Decrescente";"Chuva";"Simples";"Curva";"Rural";1;0;1;0;0;0;1;1
83501495;"26/09/16";"Segunda";"06:50:00";"RN";101;"66";"EXTREMOZ";"Desobediência à sinalização";"Colisão Transversal";"Com Vítimas Feridas";"Pleno dia";"Decrescente";"Ceu Claro";"Simples";"Reta";"Urbano";3;0;2;0;0;1;2;2
83501496;"22/09/16";"Quinta";"07:50:00";"SC";101;"179,4";"BIGUACU";"Velocidade incompatível";"Colisão traseira";"Com Vítimas Feridas";"Pleno dia";"Crescente";"Ceu Claro";"Múltipla";"Curva";"Urbano";5;0;1;0;4;0;1;2
83501497;"20/09/16";"Terça";"08:30:00";"MG";381;"376";"SAO GONCALO DO RIO ABAIXO";"Velocidade incompatível";"Saída de Pista";"Com Vítimas Feridas";"Pleno dia";"Crescente";"Chuva";"Simples";"Curva";"Rural";4;0;2;1;1;0;3;1
83501498;"23/09/16";"Sexta";"21:30:00";"BA";324;"621";"SALVADOR";"Outras";"Atropelamento de pessoa";"Com Vítimas Fatais";"Plena noite";"Decrescente";"Nublado";"Dupla";"Curva";"Urbano";2;1;0;0;1;0;0;1
83501499;"23/09/16";"Sexta";"18:25:00";"BA";110;"378,5";"CATU";"Falta de atenção";"Capotamento";"Com Vítimas Feridas";"Plena noite";"Crescente";"Chuva";"Simples";"Curva";"Rural";2;0;2;0;0;0;2;1
83501500;"24/09/16";"Sábado";"21:30:00";"ES";101;"225,8";"FUNDAO";"Não guardar distância de segurança";"Colisão traseira";"Com Vítimas Feridas";"Plena noite";"Decrescente";"Ceu Claro";"Simples";"Reta";"Urbano";3;0;3;0;0;0;3;2
83501501;"26/09/16";"Segunda";"07:20:00";"SC";280;"54";"GUARAMIRIM";"Falta de atenção";"Colisão Transversal";"Sem Vítimas";"Pleno dia";"Crescente";"Ceu Claro";"Simples";"Reta";"Urbano";2;0;0;0;2;0;0;2
83501502;"22/09/16";"Quinta";"23:20:00";"MT";364;"270";"JACIARA";"Não guardar distância de segurança";"Colisão traseira";"Com Vítimas Feridas";"Plena noite";"Decrescente";"Ceu Claro";"Dupla";"Reta";"Rural";2;0;0;1;1;0;1;2
83501503;"22/09/16";"Quinta";"09:30:00";"RJ";393;"282";"VOLTA REDONDA";"Outras";"Derramamento de Carga";"Sem Vítimas";"Pleno dia";"Decrescente";"Ceu Claro";"Simples";"Reta";"Urbano";1;0;0;0;1;0;0;1
83501504;"26/09/16";"Segunda";"07:10:00";"MS";163;"479,2";"CAMPO GRANDE";"Falta de atenção";"Colisão Transversal";"Com Vítimas Feridas";"Pleno dia";"Decrescente";"Ceu Claro";"Simples";"Reta";"Urbano";3;0;3;0;0;0;3;2
83501505;"26/09/16";"Segunda";"08:05:00";"RS";285;"457,4";"IJUI";"Falta de atenção";"Colisão lateral";"Sem Vítimas";"Pleno dia";"Decrescente";"Sol";"Simples";"Reta";"Urbano";3;0;0;0;3;0;0;2
83501506;"23/09/16";"Sexta";"08:15:00";"GO";153;"627,9";"MORRINHOS";"Defeito mecânico em veículo";"Capotamento";"Com Vítimas Feridas";"Pleno dia";"Decrescente";"Sol";"Dupla";"Reta";"Rural";2;0;1;0;1;0;1;1
83501507;"26/09/16";"Segunda";"10:15:00";"ES";101;"297";"VIANA";"Falta de atenção";"Colisão traseira";"Com Vítimas Feridas";"Pleno dia";"Crescente";"Nublado";"Dupla";"Reta";"Urbano";2;0;1;0;1;0;1;2
83501508;"10/09/16";"Sábado";"11:10:00";"RJ";393;"280,5";"VOLTA REDONDA";"Ingestão de álcool";"Colisão traseira";"Com Vítimas Feridas";"Plena noite";"Crescente";"Nublado";"Simples";"Reta";"Urbano";3;0;2;0;0;1;2;2
83501509;"23/09/16";"Sexta";"21:20:00";"BA";116;"439";"FEIRA DE SANTANA";"Outras";"Saída de Pista";"Sem Vítimas";"Plena noite";"Crescente";"Nublado";"Dupla";"Curva";"Rural";1;0;0;0;1;0;0;1
83501510;"07/09/16";"Quarta";"08:20:00";"AP";156;"802";"OIAPOQUE";"Falta de atenção";"Colisão Transversal";"Com Vítimas Feridas";"Pleno dia";"Crescente";"Sol";"Simples";"Reta";"Urbano";3;0;2;0;1;0;2;2
83501511;"24/05/16";"Terça";"07:35:00";"PR";116;"115";"CURITIBA";"Não guardar distância de segurança";"Colisão lateral";"Com Vítimas Feridas";"Pleno dia";"Decrescente";"Ceu Claro";"Dupla";"Reta";"Rural";2;0;1;0;1;0;1;2
83501512;"24/01/16";"Domingo";"17:30:00";"MT";163;"513";"DIAMANTINO";"Velocidade incompatível";"Tombamento";"Com Vítimas Feridas";"Anoitecer";"Decrescente";"Ceu Claro";"Simples";"Reta";"Rural";4;0;1;0;3;0;1;4
83501513;"26/09/16";"Segunda";"06:50:00";"PB";230;"30,5";"JOAO PESSOA";"Falta de atenção";"Colisão traseira";"Com Vítimas Feridas";"Pleno dia";"Decrescente";"Sol";"Dupla";"Reta";"Urbano";3;0;0;2;1;0;2;2
83501514;"26/09/16";"Segunda";"08:36:00";"MS";163;"529";"JARAGUARI";"Outras";"Colisão Transversal";"Com Vítimas Feridas";"Pleno dia";"Crescente";"Sol";"Simples";"Reta";"Rural";3;0;0;2;1;0;2;2
83501516;"26/09/16";"Segunda";"09:30:00";"AL";316;"261";"SATUBA";"Ultrapassagem indevida";"Colisão traseira";"Sem Vítimas";"Pleno dia";"Decrescente";"Ceu Claro";"Simples";"Reta";"Rural";4;0;0;0;4;0;0;4
83501517;"26/09/16";"Segunda";"03:10:00";"MG";381;"336";"NOVA ERA";"Velocidade incompatível";"Saída de Pista";"Com Vítimas Feridas";"Plena noite";"Decrescente";"Chuva";"Simples";"Curva";"Rural";2;0;1;0;1;0;1;1
83501518;"22/09/16";"Quinta";"21:40:00";"SC";280;"128";"RIO NEGRINHO";"Falta de atenção";"Queda de motocicleta / bicicleta / veículo";"Com Vítimas Feridas";"Plena noite";"Decrescente";"Nublado";"Simples";"Reta";"Urbano";2;0;1;0;1;0;1;2
83501519;"22/09/16";"Quinta";"16:10:00";"AC";364;"131";"RIO BRANCO";"Falta de atenção";"Colisão lateral";"Com Vítimas Feridas";"Pleno dia";"Decrescente";"Ceu Claro";"Simples";"Curva";"Urbano";4;0;1;0;2;1;1;2
83501520;"26/09/16";"Segunda";"08:30:00";"MT";163;"940";"ITAUBA";"Velocidade incompatível";"Saída de Pista";"Com Vítimas Feridas";"Pleno dia";"Decrescente";"Nublado";"Simples";"Reta";"Rural";1;0;1;0;0;0;1;1
83501521;"26/09/16";"Segunda";"09:40:00";"SC";116;"34,1";"ITAIOPOLIS";"Falta de atenção";"Colisão Transversal";"Com Vítimas Feridas";"Pleno dia";"Crescente";"Nublado";"Simples";"Cruzamento";"Rural";2;0;1;0;1;0;1;2
83501522;"24/09/16";"Sábado";"22:45:00";"MT";364;"236";"JUSCIMEIRA";"Outras";"Saída de Pista";"Com Vítimas Feridas";"Plena noite";"Decrescente";"Nublado";"Simples";"Reta";"Rural";1;0;1;0;0;0;1;1
83501523;"07/09/16";"Quarta";"13:00:00";"GO";20;"20";"FORMOSA";"Defeito mecânico em veículo";"Capotamento";"Sem Vítimas";"Pleno dia";"Decrescente";"Ceu Claro";"Simples";"Reta";"Rural";1;0;0;0;1;0;0;1
83501524;"25/09/16";"Domingo";"03:00:00";"PR";376;"176,1";"MARINGA";"Outras";"Colisão traseira";"Com Vítimas Feridas";"Plena noite";"Crescente";"Nublado";"Dupla";"Reta";"Urbano";3;0;0;2;1;0;2;2
83501525;"26/09/16";"Segunda";"08:00:00";"MG";50;"73";"UBERLANDIA";"Não guardar distância de segurança";"Colisão traseira";"Sem Vítimas";"Pleno dia";"Decrescente";"Ceu Claro";"Dupla";"Reta";"Urbano";2;0;0;0;1;1;0;2
83501526;"26/09/16";"Segunda";"10:10:00";"RO";364;"424,5";"JARU";"Desobediência à sinalização";"Colisão Transversal";"Sem Vítimas";"Pleno dia";"Crescente";"Ceu Claro";"Múltipla";"Reta";"Urbano";2;0;0;0;2;0;0;2
83501527;"23/09/16";"Sexta";"07:30:00";"SP";116;"5";"QUELUZ";"Outras";"Colisão traseira";"Sem Vítimas";"Pleno dia";"Crescente";"Ceu Claro";"Múltipla";"Reta";"Rural";3;0;0;0;2;1;0;2
83501528;"26/09/16";"Segunda";"07:20:00";"BA";324;"607";"SIMOES FILHO";"Não guardar distância de segurança";"Colisão traseira";"Sem Vítimas";"Pleno dia";"Crescente";"Ceu Claro";"Dupla";"Reta";"Urbano";2;0;0;0;1;1;0;2
83501529;"26/09/16";"Segunda";"11:00:00";"PR";116;"117";"CURITIBA";"Outras";"Colisão traseira";"Sem Vítimas";"Plena noite";"Decrescente";"Sol";"Dupla";"Curva";"Urbano";2;0;0;0;1;1;0;2
83501530;"25/02/16";"Quinta";"14:40:00";"PR";376;"5,2";"APUCARANA";"Outras";"Colisão com bicicleta";"Com Vítimas Feridas";"Pleno dia";"Decrescente";"Ignorada";"Dupla";"Reta";"Urbano";2;0;0;1;0;1;1;2
83501531;"23/09/16";"Sexta";"01:10:00";"SE";101;"147,8";"ESTANCIA";"Dormindo";"Colisão com objeto fixo";"Com Vítimas Feridas";"Plena noite";"Crescente";"Ceu Claro";"Dupla";"Curva";"Rural";1;0;1;0;0;0;1;1
83501532;"02/09/16";"Sexta";"16:30:00";"SP";116;"146,7";"SAO JOSE DOS CAMPOS";"Outras";"Colisão traseira";"Sem Vítimas";"Pleno dia";"Decrescente";"Ceu Claro";"Múltipla";"Reta";"Urbano";6;0;0;0;6;0;0;6
83501533;"25/09/16";"Domingo";"02:00:00";"PI";135;"361";"BOM JESUS";"Outras";"Capotamento";"Ignorado";"Plena noite";"Crescente";"Ceu Claro";"Simples";"Reta";"Rural";1;0;0;0;0;1;0;1
83501534;"22/09/16";"Quinta";"08:20:00";"PB";230;"426,8";"POMBAL";"Falta de atenção";"Colisão traseira";"Com Vítimas Fatais";"Pleno dia";"Crescente";"Ceu Claro";"Simples";"Reta";"Rural";2;1;0;0;1;0;0;2
83501535;"22/09/16";"Quinta";"19:30:00";"CE";116;"4,5";"FORTALEZA";"Falta de atenção";"Colisão lateral";"Sem Vítimas";"Plena noite";"Crescente";"Ceu Claro";"Múltipla";"Reta";"Urbano";2;0;0;0;2;0;0;2
83501536;"22/09/16";"Quinta";"04:30:00";"MG";40;"796,9";"JUIZ DE FORA";"Velocidade incompatível";"Colisão traseira";"Com Vítimas Feridas";"Plena noite";"Crescente";"Nevoeiro/neblina";"Dupla";"Curva";"Rural";2;0;1;0;1;0;1;2
83501537;"22/09/16";"Quinta";"00:30:00";"MG";262;"442";"NOVA SERRANA";"Dormindo";"Colisão traseira";"Sem Vítimas";"Pleno dia";"Crescente";"Ceu Claro";"Dupla";"Reta";"Urbano";2;0;0;0;2;0;0;2
83501538;"26/09/16";"Segunda";"09:15:00";"RS";285;"370,9";"SALDANHA MARINHO";"Desobediência à sinalização";"Colisão Transversal";"Sem Vítimas";"Pleno dia";"Crescente";"Sol";"Simples";"Cruzamento";"Urbano";2;0;0;0;2;0;0;2
83501539;"19/09/16";"Segunda";"04:00:00";"PI";316;"82";"LAGOINHA DO PIAUI";"Falta de atenção";"Colisão lateral";"Sem Vítimas";"Amanhecer";"Crescente";"Ceu Claro";"Simples";"Cruzamento";"Urbano";2;0;0;0;2;0;0;2
83501540;"18/09/16";"Domingo";"19:25:00";"ES";262;"5,3";"CARIACICA";"Falta de atenção";"Atropelamento de pessoa";"Com Vítimas Feridas";"Plena noite";"Crescente";"Ceu Claro";"Múltipla";"Curva";"Urbano";2;0;0;1;1;0;1;1
83501541;"24/09/16";"Sábado";"15:00:00";"PI";135;"360";"BOM JESUS";"Falta de atenção";"Capotamento";"Com Vítimas Feridas";"Plena noite";"Crescente";"Ceu Claro";"Simples";"Curva";"Urbano";4;0;1;0;3;0;1;1
83501542;"22/09/16";"Quinta";"19:10:00";"PR";376;"452";"TIBAGI";"Ingestão de álcool";"Colisão frontal";"Com Vítimas Feridas";"Plena noite";"Decrescente";"Ceu Claro";"Simples";"Reta";"Rural";2;0;1;0;1;0;1;2
83501543;"26/09/16";"Segunda";"12:10:00";"PR";153;"46,4";"SANTO ANTONIO DA PLATINA";"Falta de atenção";"Colisão traseira";"Com Vítimas Feridas";"Pleno dia";"Crescente";"Ceu Claro";"Simples";"Reta";"Rural";2;0;1;0;0;1;1;2
83501544;"26/09/16";"Segunda";"10:30:00";"RS";386;"7,7";"IRAI";"Defeito mecânico em veículo";"Saída de Pista";"Sem Vítimas";"Pleno dia";"Decrescente";"Sol";"Simples";"Reta";"Urbano";1;0;0;0;1;0;0;1
83501545;"26/09/16";"Segunda";"08:00:00";"BA";324;"575";"SAO SEBASTIAO DO PASSE";"Outras";"Saída de Pista";"Sem Vítimas";"Pleno dia";"Crescente";"Ceu Claro";"Simples";"Curva";"Rural";2;0;0;0;1;1;0;2
83501546;"25/09/16";"Domingo";"06:10:00";"MG";381;"483";"BETIM";"Outras";"Colisão com objeto fixo";"Com Vítimas Feridas";"Amanhecer";"Crescente";"Ceu Claro";"Múltipla";"Curva";"Urbano";1;0;1;0;0;0;1;1
83501547;"26/09/16";"Segunda";"11:00:00";"TO";153;"151";"ARAGUAINA";"Falta de atenção";"Colisão Transversal";"Com Vítimas Feridas";"Pleno dia";"Crescente";"Nublado";"Simples";"Reta";"Rural";2;0;0;1;1;0;1;2
83501548;"22/09/16";"Quinta";"22:50:00";"SP";116;"349";"MIRACATU";"Defeito mecânico em veículo";"Incêndio";"Sem Vítimas";"Plena noite";"Decrescente";"Ignorada";"Dupla";"Reta";"Rural";1;0;0;0;1;0;0;1
83501550;"26/09/16";"Segunda";"08:00:00";"MG";262;"92";"ABRE CAMPO";"Velocidade incompatível";"Atropelamento de animal";"Com Vítimas Feridas";"Pleno dia";"Crescente";"Nublado";"Simples";"Curva";"Rural";1;0;1;0;0;0;1;1
83501551;"26/09/16";"Segunda";"09:40:00";"RJ";101;"512,9";"ANGRA DOS REIS";"Falta de atenção";"Colisão lateral";"Sem Vítimas";"Pleno dia";"Decrescente";"Ceu Claro";"Simples";"Curva";"Rural";3;0;0;0;3;0;0;2
83501552;"23/09/16";"Sexta";"17:40:00";"BA";101;"205";"MURITIBA";"Outras";"Colisão Transversal";"Com Vítimas Feridas";"Plena noite";"Crescente";"Chuva";"Múltipla";"Reta";"Rural";4;0;3;0;1;0;3;2
83501553;"26/09/16";"Segunda";"12:52:00";"MG";40;"512";"RIBEIRAO DAS NEVES";"Dormindo";"Saída de Pista";"Sem Vítimas";"Pleno dia";"Decrescente";"Nublado";"Dupla";"Reta";"Urbano";2;0;0;0;2;0;0;2
83501554;"14/09/16";"Quarta";"23:00:00";"SE";101;"31";"CAPELA";"Velocidade incompatível";"Saída de Pista";"Sem Vítimas";"Plena noite";"Decrescente";"Nublado";"Dupla";"Curva";"Rural";1;0;0;0;1;0;0;1
83501555;"26/09/16";"Segunda";"11:30:00";"ES";101;"148";"LINHARES";"Falta de atenção";"Colisão Transversal";"Com Vítimas Feridas";"Pleno dia";"Decrescente";"Ceu Claro";"Múltipla";"Reta";"Urbano";2;0;1;0;1;0;1;2
83501556;"22/09/16";"Quinta";"18:10:00";"MT";163;"792";"VERA";"Outras";"Saída de Pista";"Sem Vítimas";"Anoitecer";"Decrescente";"Nublado";"Simples";"Reta";"Rural";1;0;0;0;1;0;0;1
83501557;"26/09/16";"Segunda";"13:30:00";"SC";280;"53";"GUARAMIRIM";"Falta de atenção";"Colisão Transversal";"Com Vítimas Feridas";"Pleno dia";"Decrescente";"Ceu Claro";"Simples";"Cruzamento";"Urbano";2;0;0;1;1;0;1;2
83501558;"26/09/16";"Segunda";"10:30:00";"MT";163;"518";"DIAMANTINO";"Não guardar distância de segurança";"Colisão lateral";"Sem Vítimas";"Pleno dia";"Crescente";"Ceu Claro";"Simples";"Reta";"Rural";2;0;0;0;2;0;0;2
83501559;"26/09/16";"Segunda";"13:00:00";"TO";153;"301";"PRESIDENTE KENNEDY";"Desobediência à sinalização";"Colisão traseira";"Com Vítimas Feridas";"Pleno dia";"Crescente";"Ceu Claro";"Simples";"Reta";"Rural";5;0;3;0;2;0;3;3
83501560;"25/09/16";"Domingo";"23:55:00";"CE";116;"284,9";"JAGUARIBARA";"Outras";"Colisão frontal";"Com Vítimas Fatais";"Plena noite";"Decrescente";"Ceu Claro";"Simples";"Reta";"Rural";2;1;0;0;0;1;0;2
83501561;"24/09/16";"Sábado";"19:30:00";"PI";316;"9";"TERESINA";"Ingestão de álcool";"Saída de Pista";"Com Vítimas Feridas";"Plena noite";"Crescente";"Ceu Claro";"Simples";"Reta";"Urbano";2;0;1;0;0;1;1;2
83501562;"22/09/16";"Quinta";"16:45:00";"MG";381;"163";"GOVERNADOR VALADARES";"Defeito mecânico em veículo";"Queda de motocicleta / bicicleta / veículo";"Com Vítimas Fatais";"Pleno dia";"Crescente";"Ceu Claro";"Simples";"Reta";"Rural";3;2;0;0;1;0;0;2
83501563;"26/09/16";"Segunda";"13:30:00";"SP";153;"73,5";"SAO JOSE DO RIO PRETO";"Velocidade incompatível";"Colisão traseira";"Com Vítimas Feridas";"Pleno dia";"Decrescente";"Sol";"Simples";"Reta";"Rural";3;0;2;0;1;0;2;3
83501564;"26/08/16";"Sexta";"05:00:00";"MG";262;"801";"UBERABA";"Outras";"Derramamento de Carga";"Sem Vítimas";"Amanhecer";"Decrescente";"Ceu Claro";"Dupla";"Reta";"Urbano";1;0;0;0;1;0;0;1
83501565;"22/09/16";"Quinta";"16:00:00";"GO";40;"42,9";"LUZIANIA";"Outras";"Queda de motocicleta / bicicleta / veículo";"Sem Vítimas";"Pleno dia";"Crescente";"Ceu Claro";"Simples";"Curva";"Rural";1;0;0;0;1;0;0;1
83501566;"26/09/16";"Segunda";"14:00:00";"BA";101;"717,7";"EUNAPOLIS";"Falta de atenção";"Colisão lateral";"Com Vítimas Feridas";"Pleno dia";"Decrescente";"Nublado";"Simples";"Reta";"Urbano";2;0;0;1;1;0;1;2
83501567;"26/09/16";"Segunda";"12:00:00";"RN";101;"104";"PARNAMIRIM";"Falta de atenção";"Colisão lateral";"Com Vítimas Feridas";"Pleno dia";"Crescente";"Ceu Claro";"Dupla";"Curva";"Urbano";2;0;1;0;1;0;1;2
83501568;"26/09/16";"Segunda";"07:50:00";"MG";50;"73";"UBERLANDIA";"Falta de atenção";"Colisão lateral";"Com Vítimas Feridas";"Pleno dia";"Decrescente";"Ceu Claro";"Dupla";"Reta";"Urbano";3;0;2;0;0;1;2;2
83501569;"26/09/16";"Segunda";"14:15:00";"PR";277;"30,9";"MORRETES";"Outras";"Colisão com objeto fixo";"Com Vítimas Feridas";"Pleno dia";"Crescente";"Nublado";"Dupla";"Reta";"Rural";1;0;1;0;0;0;1;1
83501570;"23/09/16";"Sexta";"22:45:00";"RO";364;"536";"ARIQUEMES";"Dormindo";"Colisão frontal";"Com Vítimas Fatais";"Plena noite";"Crescente";"Chuva";"Simples";"Reta";"Rural";4;1;0;1;2;0;1;2
83501571;"25/09/16";"Domingo";"20:00:00";"MG";267;"85,7";"JUIZ DE FORA";"Outras";"Saída de Pista";"Sem Vítimas";"Plena noite";"Crescente";"Chuva";"Simples";"Reta";"Urbano";1;0;0;0;1;0;0;1
83501572;"25/09/16";"Domingo";"05:00:00";"SC";470;"137,3";"RIO DO SUL";"Dormindo";"Saída de Pista";"Sem Vítimas";"Pleno dia";"Decrescente";"Sol";"Simples";"Reta";"Urbano";1;0;0;0;1;0;0;1
83501573;"24/09/16";"Sábado";"13:00:00";"BA";135;"172";"BARREIRAS";"Falta de atenção";"Colisão lateral";"Com Vítimas Feridas";"Pleno dia";"Decrescente";"Ceu Claro";"Dupla";"Curva";"Rural";2;0;1;0;1;0;1;2
83501574;"23/09/16";"Sexta";"22:45:00";"SP";381;"71,5";"MAIRIPORA";"Ingestão de álcool";"Colisão com objeto fixo";"Sem Vítimas";"Plena noite";"Decrescente";"Ceu Claro";"Dupla";"Reta";"Urbano";1;0;0;0;1;0;0;1
83501575;"26/09/16";"Segunda";"13:00:00";"MG";262;"376";"BETIM";"Defeito mecânico em veículo";"Colisão com objeto fixo";"Sem Vítimas";"Pleno dia";"Decrescente";"Sol";"Dupla";"Curva";"Urbano";1;0;0;0;1;0;0;1
83501576;"26/09/16";"Segunda";"08:50:00";"SC";116;"245,5";"LAGES";"Desobediência à sinalização";"Colisão Transversal";"Sem Vítimas";"Pleno dia";"Decrescente";"Ceu Claro";"Simples";"Cruzamento";"Urbano";2;0;0;0;2;0;0;2
83501577;"26/09/16";"Segunda";"14:00:00";"RJ";40;"32";"TRES RIOS";"Velocidade incompatível";"Colisão com objeto fixo";"Sem Vítimas";"Pleno dia";"Decrescente";"Nublado";"Dupla";"Curva";"Rural";1;0;0;0;1;0;0;1
83501578;"25/09/16";"Domingo";"17:00:00";"MG";116;"127,9";"ITAOBIM";"Outras";"Colisão lateral";"Com Vítimas Feridas";"Pleno dia";"Decrescente";"Nevoeiro/neblina";"Simples";"Curva";"Rural";4;0;1;0;3;0;1;4
83501579;"26/09/16";"Segunda";"07:00:00";"RS";116;"64,7";"CAMPESTRE DA SERRA";"Desobediência à sinalização";"Colisão lateral";"Sem Vítimas";"Amanhecer";"Crescente";"Ceu Claro";"Simples";"Curva";"Rural";2;0;0;0;2;0;0;2
83501580;"26/09/16";"Segunda";"13:55:00";"GO";60;"232";"CEZARINA";"Outras";"Colisão traseira";"Com Vítimas Feridas";"Pleno dia";"Crescente";"Ceu Claro";"Dupla";"Reta";"Rural";7;0;5;0;2;0;5;2
83501581;"26/09/16";"Segunda";"07:45:00";"SC";282;"2,9";"FLORIANOPOLIS";"Não guardar distância de segurança";"Colisão lateral";"Com Vítimas Feridas";"Pleno dia";"Decrescente";"Sol";"Dupla";"Curva";"Urbano";2;0;1;0;1;0;1;2
83501582;"26/09/16";"Segunda";"05:30:00";"MG";267;"80,9";"JUIZ DE FORA";"Dormindo";"Saída de Pista";"Com Vítimas Feridas";"Amanhecer";"Crescente";"Nevoeiro/neblina";"Simples";"Reta";"Rural";1;0;1;0;0;0;1;1
83501583;"22/09/16";"Quinta";"17:00:00";"PR";153;"333,9";"IRATI";"Falta de atenção";"Colisão traseira";"Com Vítimas Feridas";"Pleno dia";"Crescente";"Ceu Claro";"Simples";"Reta";"Urbano";2;0;0;1;1;0;1;2
83501584;"26/09/16";"Segunda";"05:20:00";"PB";230;"56,7";"CRUZ DO ESPIRITO SANTO";"Dormindo";"Saída de Pista";"Sem Vítimas";"Plena noite";"Crescente";"Ceu Claro";"Dupla";"Reta";"Rural";1;0;0;0;1;0;0;1
83501585;"25/09/16";"Domingo";"22:10:00";"MG";262;"365";"JUATUBA";"Outras";"Colisão com objeto fixo";"Ignorado";"Plena noite";"Decrescente";"Chuva";"Dupla";"Curva";"Urbano";1;0;0;0;0;1;0;1
83501586;"23/09/16";"Sexta";"18:45:00";"PR";277;"116";"CAMPO LARGO";"Falta de atenção";"Colisão Transversal";"Com Vítimas Feridas";"Anoitecer";"Decrescente";"Ceu Claro";"Dupla";"Reta";"Urbano";3;0;0;2;1;0;2;2
83501587;"26/09/16";"Segunda";"15:30:00";"SE";235;"64";"ITABAIANA";"Falta de atenção";"Colisão Transversal";"Com Vítimas Feridas";"Pleno dia";"Decrescente";"Ceu Claro";"Simples";"Reta";"Rural";3;0;2;1;0;0;3;2