"id";"data_inversa";"dia_semana";"horario";"uf";"br";"km";"municipio";"causa_acidente";"tipo_acidente";"classificacao_acidente";"fase_dia";"sentido_via";"condicao_metereologica";"tipo_pista";"tracado_via";"uso_solo";"pessoas";"mortos";"feridos_leves";"feridos_graves";"ilesos";"ignorados";"feridos";"veiculos"
83501588;"26/09/16";"Segunda";"13:00:00";"GO";60;"136";"GOIANIA";"Falta de atenção";"Colisão lateral";"Sem Vítimas";"Pleno dia";"Crescente";"Sol";"Dupla";"Reta";"Urbano";2;0;0;0;2;0;0;2
83501589;"26/09/16";"Segunda";"09:15:00";"PE";101;"11,8";"GOIANA";"Outras";"Saída de Pista";"Com Vítimas Feridas";"Pleno dia";"Decrescente";"Sol";"Dupla";"Reta";"Rural";1;0;1;0;0;0;1;1
83501590;"25/09/16";"Domingo";"15:40:00";"BA";101;"232";"SAPEACU";"Ultrapassagem indevida";"Colisão lateral";"Sem Vítimas";"Pleno dia";"Decrescente";"Sol";"Simples";"Reta";"Urbano";2;0;0;0;1;1;0;2
83501591;"26/09/16";"Segunda";"11:00:00";"PR";369;"139";"IBIPORA";"Falta de atenção";"Colisão Transversal";"Com Vítimas Feridas";"Pleno dia";"Crescente";"Ceu Claro";"Dupla";"Cruzamento";"Urbano";2;0;1;0;1;0;1;2
83501592;"26/09/16";"Segunda";"13:50:00";"MS";463;"1";"DOURADOS";"Desobediência à sinalização";"Colisão Transversal";"Com Vítimas Feridas";"Pleno dia";"Crescente";"Ceu Claro";"Simples";"Reta";"Urbano";4;0;1;0;3;0;1;2
83501593;"26/09/16";"Segunda";"10:30:00";"GO";158;"198";"CAIAPONIA";"Desobediência à sinalização";"Capotamento";"Com Vítimas Fatais";"Pleno dia";"Crescente";"Ceu Claro";"Simples";"Curva";"Rural";2;1;1;0;0;0;1;1
83501594;"19/09/16";"Segunda";"08:30:00";"BA";324;"617";"SALVADOR";"Falta de atenção";"Colisão traseira";"Sem Vítimas";"Pleno dia";"Crescente";"Sol";"Dupla";"Reta";"Urbano";3;0;0;0;3;0;0;3
83501595;"26/09/16";"Segunda";"15:35:00";"MG";356;"264,4";"MURIAE";"Falta de atenção";"Colisão Transversal";"Sem Vítimas";"Pleno dia";"Crescente";"Ceu Claro";"Simples";"Reta";"Urbano";2;0;0;0;2;0;0;2
83501596;"26/09/16";"Segunda";"13:10:00";"PB";230;"290";"SANTA LUZIA";"Ultrapassagem indevida";"Colisão frontal";"Com Vítimas Feridas";"Pleno dia";"Decrescente";"Ceu Claro";"Simples";"Reta";"Urbano";5;0;4;0;0;1;4;2
83501597;"26/09/16";"Segunda";"15:55:00";"MG";262;"124";"RIO CASCA";"Ultrapassagem indevida";"Colisão frontal";"Com Vítimas Feridas";"Pleno dia";"Decrescente";"Nublado";"Simples";"Reta";"Rural";2;0;1;0;1;0;1;2
83501598;"24/09/16";"Sábado";"20:20:00";"SP";381;"88";"GUARULHOS";"Outras";"Queda de motocicleta / bicicleta / veículo";"Com Vítimas Feridas";"Plena noite";"Crescente";"Nublado";"Múltipla";"Reta";"Urbano";1;0;1;0;0;0;1;1
83501599;"26/09/16";"Segunda";"10:00:00";"SC";101;"334,6";"TUBARAO";"Falta de atenção";"Colisão lateral";"Sem Vítimas";"Pleno dia";"Decrescente";"Sol";"Dupla";"Reta";"Urbano";2;0;0;0;2;0;0;2
83501600;"22/09/16";"Quinta";"11:30:00";"MG";381;"383";"SAO GONCALO DO RIO ABAIXO";"Outras";"Colisão frontal";"Com Vítimas Feridas";"Pleno dia";"Crescente";"Ceu Claro";"Simples";"Curva";"Urbano";4;0;0;2;2;0;2;3
83501601;"29/08/16";"Segunda";"20:00:00";"RJ";356;"72";"ITALVA";"Ultrapassagem indevida";"Colisão lateral";"Com Vítimas Feridas";"Plena noite";"Crescente";"Ignorada";"Simples";"Curva";"Urbano";3;0;2;0;1;0;2;2
83501602;"23/09/16";"Sexta";"16:30:00";"MA";135;"7,5";"SAO LUIS";"Não guardar distância de segurança";"Colisão traseira";"Sem Vítimas";"Pleno dia";"Crescente";"Ceu Claro";"Múltipla";"Reta";"Urbano";2;0;0;0;2;0;0;2
83501603;"26/09/16";"Segunda";"14:30:00";"SC";101;"111,3";"NAVEGANTES";"Não guardar distância de segurança";"Colisão traseira";"Sem Vítimas";"Pleno dia";"Decrescente";"Sol";"Dupla";"Reta";"Urbano";4;0;0;0;4;0;0;4
83501604;"26/09/16";"Segunda";"07:35:00";"RS";116;"243";"SAO LEOPOLDO";"Outras";"Colisão traseira";"Com Vítimas Feridas";"Pleno dia";"Crescente";"Ceu Claro";"Dupla";"Reta";"Urbano";2;0;1;0;1;0;1;2
83501605;"26/09/16";"Segunda";"14:45:00";"CE";20;"415,7";"MARACANAU";"Falta de atenção";"Colisão traseira";"Sem Vítimas";"Pleno dia";"Crescente";"Ceu Claro";"Simples";"Reta";"Urbano";2;0;0;0;2;0;0;2
83501606;"26/09/16";"Segunda";"14:10:00";"PR";476;"134";"CURITIBA";"Falta de atenção";"Colisão Transversal";"Com Vítimas Feridas";"Pleno dia";"Decrescente";"Ceu Claro";"Múltipla";"Reta";"Urbano";2;0;1;0;1;0;1;2
83501607;"26/09/16";"Segunda";"17:00:00";"BA";116;"827";"VITORIA DA CONQUISTA";"Falta de atenção";"Colisão Transversal";"Com Vítimas Feridas";"Pleno dia";"Crescente";"Chuva";"Simples";"Reta";"Urbano";4;0;2;0;2;0;2;2
83501608;"26/09/16";"Segunda";"12:50:00";"SC";282;"4,4";"SAO JOSE";"Não guardar distância de segurança";"Colisão traseira";"Com Vítimas Feridas";"Pleno dia";"Decrescente";"Sol";"Dupla";"Reta";"Urbano";3;0;1;0;2;0;1;3
83501609;"26/09/16";"Segunda";"16:00:00";"RS";293;"12";"CAPAO DO LEAO";"Outras";"Colisão Transversal";"Sem Vítimas";"Pleno dia";"Crescente";"Ceu Claro";"Simples";"Reta";"Urbano";3;0;0;0;3;0;0;2
83501610;"26/09/16";"Segunda";"11:00:00";"BA";116;"373";"SERRINHA";"Outras";"Saída de Pista";"Sem Vítimas";"Pleno dia";"Crescente";"Ceu Claro";"Simples";"Reta";"Rural";1;0;0;0;1;0;0;1
83501611;"24/09/16";"Sábado";"18:35:00";"GO";20;"223,7";"ALVORADA DO NORTE";"Falta de atenção";"Colisão Transversal";"Com Vítimas Feridas";"Anoitecer";"Crescente";"Ceu Claro";"Simples";"Reta";"Rural";5;0;4;0;1;0;4;2
83501612;"24/09/16";"Sábado";"21:30:00";"SP";381;"30";"ATIBAIA";"Falta de atenção";"Colisão lateral";"Sem Vítimas";"Plena noite";"Decrescente";"Nublado";"Dupla";"Reta";"Urbano";3;0;0;0;3;0;0;2
83501613;"26/09/16";"Segunda";"02:30:00";"MG";381;"830";"SAO SEBASTIAO DA BELA VISTA";"Dormindo";"Tombamento";"Sem Vítimas";"Plena noite";"Crescente";"Ceu Claro";"Dupla";"Reta";"Rural";1;0;0;0;1;0;0;1
83501614;"22/09/16";"Quinta";"21:55:00";"SP";116;"146,8";"SAO JOSE DOS CAMPOS";"Outras";"Colisão traseira";"Com Vítimas Feridas";"Plena noite";"Crescente";"Nublado";"Múltipla";"Reta";"Urbano";2;0;1;0;1;0;1;2
83501615;"26/09/16";"Segunda";"15:10:00";"PR";376;"307,8";"MAUA DA SERRA";"Velocidade incompatível";"Tombamento";"Sem Vítimas";"Pleno dia";"Crescente";"Sol";"Dupla";"Curva";"Rural";1;0;0;0;1;0;0;1
83501616;"26/09/16";"Segunda";"15:30:00";"MS";262;"132";"AGUA CLARA";"Falta de atenção";"Colisão traseira";"Com Vítimas Feridas";"Pleno dia";"Crescente";"Sol";"Simples";"Reta";"Rural";2;0;1;0;1;0;1;2
83501617;"22/09/16";"Quinta";"16:00:00";"MG";262;"745,8";"PERDIZES";"Não guardar distância de segurança";"Tombamento";"Sem Vítimas";"Pleno dia";"Crescente";"Sol";"Simples";"Curva";"Rural";1;0;0;0;1;0;0;1
83501618;"26/09/16";"Segunda";"15:15:00";"SE";101;"0";"ROSARIO DO CATETE";"Defeito mecânico em veículo";"Saída de Pista";"Com Vítimas Feridas";"Pleno dia";"Decrescente";"Ceu Claro";"Simples";"Reta";"Rural";13;0;13;0;0;0;13;1
83501619;"22/09/16";"Quinta";"07:30:00";"MG";354;"718,1";"POUSO ALTO";"Outras";"Tombamento";"Com Vítimas Feridas";"Pleno dia";"Crescente";"Ceu Claro";"Simples";"Curva";"Rural";1;0;1;0;0;0;1;1
83501620;"26/09/16";"Segunda";"18:00:00";"RJ";101;"297";"ITABORAI";"Falta de atenção";"Saída de Pista";"Sem Vítimas";"Plena noite";"Crescente";"Nublado";"Dupla";"Reta";"Urbano";1;0;0;0;1;0;0;1
83501621;"26/09/16";"Segunda";"14:30:00";"RJ";101;"310";"SAO GONCALO";"Outras";"Queda de motocicleta / bicicleta / veículo";"Com Vítimas Feridas";"Pleno dia";"Decrescente";"Nublado";"Dupla";"Reta";"Urbano";1;0;0;1;0;0;1;1
83501622;"26/09/16";"Segunda";"16:30:00";"PR";376;"302";"MAUA DA SERRA";"Defeito mecânico em veículo";"Colisão com objeto fixo";"Com Vítimas Feridas";"Pleno dia";"Crescente";"Sol";"Dupla";"Curva";"Rural";2;0;1;0;1;0;1;2
83501623;"25/09/16";"Domingo";"06:51:00";"PA";10;"81";"ULIANOPOLIS";"Ingestão de álcool";"Colisão lateral";"Com Vítimas Feridas";"Plena noite";"Crescente";"Ceu Claro";"Simples";"Reta";"Urbano";2;0;2;0;0;0;2;2
83501624;"26/09/16";"Segunda";"17:00:00";"MG";153;"80";"PRATA";"Outras";"Saída de Pista";"Sem Vítimas";"Pleno dia";"Crescente";"Sol";"Simples";"Reta";"Rural";1;0;0;0;1;0;0;1
83501625;"23/09/16";"Sexta";"11:28:00";"BA";324;"560";"AMELIA RODRIGUES";"Falta de atenção";"Colisão traseira";"Com Vítimas Feridas";"Pleno dia";"Crescente";"Nublado";"Dupla";"Reta";"Rural";4;0;1;0;3;0;1;2
83501626;"26/09/16";"Segunda";"16:15:00";"RS";116;"263,5";"CANOAS";"Defeito mecânico em veículo";"Colisão com objeto fixo";"Com Vítimas Feridas";"Pleno dia";"Crescente";"Ceu Claro";"Múltipla";"Reta";"Urbano";1;0;0;1;0;0;1;1
83501627;"26/09/16";"Segunda";"12:20:00";"PR";376;"176";"MARINGA";"Desobediência à sinalização";"Atropelamento de pessoa";"Com Vítimas Feridas";"Pleno dia";"Decrescente";"Sol";"Dupla";"Cruzamento";"Urbano";2;0;1;0;1;0;1;1
83501628;"26/09/16";"Segunda";"09:00:00";"GO";364;"302,6";"MINEIROS";"Defeito mecânico em veículo";"Colisão traseira";"Com Vítimas Feridas";"Pleno dia";"Crescente";"Ceu Claro";"Simples";"Curva";"Rural";2;0;1;0;1;0;1;2
83501629;"26/09/16";"Segunda";"14:10:00";"MT";174;"388";"NOVA LACERDA";"Falta de atenção";"Colisão Transversal";"Com Vítimas Fatais";"Pleno dia";"Crescente";"Sol";"Múltipla";"Reta";"Urbano";2;1;0;0;1;0;0;2
83501630;"26/09/16";"Segunda";"16:30:00";"PE";232;"15";"JABOATAO DOS GUARARAPES";"Falta de atenção";"Atropelamento de pessoa";"Com Vítimas Fatais";"Pleno dia";"Crescente";"Ceu Claro";"Dupla";"Reta";"Urbano";2;1;0;0;1;0;0;1
83501631;"26/09/16";"Segunda";"20:00:00";"RN";101;"97";"NATAL";"Outras";"Colisão lateral";"Sem Vítimas";"Plena noite";"Crescente";"Ceu Claro";"Dupla";"Cruzamento";"Urbano";2;0;0;0;2;0;0;2
83501632;"26/09/16";"Segunda";"18:15:00";"PE";232;"14";"JABOATAO DOS GUARARAPES";"Falta de atenção";"Atropelamento de pessoa";"Com Vítimas Fatais";"Plena noite";"Crescente";"Ceu Claro";"Dupla";"Reta";"Urbano";2;1;1;0;0;0;1;1
83501633;"26/09/16";"Segunda";"18:15:00";"PR";369;"182";"ARAPONGAS";"Falta de atenção";"Colisão Transversal";"Com Vítimas Feridas";"Anoitecer";"Decrescente";"Nublado";"Simples";"Reta";"Urbano";2;0;1;0;1;0;1;2
83501634;"26/09/16";"Segunda";"18:00:00";"PR";369;"509";"CASCAVEL";"Ultrapassagem indevida";"Colisão frontal";"Com Vítimas Feridas";"Pleno dia";"Crescente";"Ceu Claro";"Simples";"Reta";"Rural";4;0;1;1;2;0;2;3
83501635;"26/09/16";"Segunda";"20:35:00";"RJ";101;"409";"ITAGUAI";"Outras";"Incêndio";"Ignorado";"Plena noite";"Decrescente";"Nublado";"Dupla";"Reta";"Urbano";1;0;0;0;0;1;0;1
83501636;"26/09/16";"Segunda";"16:35:00";"MG";262;"574";"CORREGO DANTA";"Velocidade incompatível";"Saída de Pista";"Com Vítimas Feridas";"Pleno dia";"Crescente";"Chuva";"Simples";"Curva";"Rural";2;0;1;0;1;0;1;1
83501637;"26/09/16";"Segunda";"16:15:00";"RS";290;"45,3";"GLORINHA";"Defeito mecânico em veículo";"Capotamento";"Sem Vítimas";"Pleno dia";"Crescente";"Ceu Claro";"Múltipla";"Reta";"Rural";2;0;0;0;2;0;0;1
83501638;"26/09/16";"Segunda";"18:30:00";"GO";70;"0";"AGUAS LINDAS DE GOIAS";"Velocidade incompatível";"Colisão traseira";"Com Vítimas Feridas";"Anoitecer";"Decrescente";"Chuva";"Dupla";"Curva";"Rural";6;0;4;0;2;0;4;2
83501639;"26/09/16";"Segunda";"19:00:00";"RJ";393;"282,9";"VOLTA REDONDA";"Ingestão de álcool";"Colisão traseira";"Com Vítimas Feridas";"Plena noite";"Crescente";"Nublado";"Simples";"Reta";"Urbano";2;0;1;0;1;0;1;2
83501640;"26/09/16";"Segunda";"17:20:00";"PR";116;"36,8";"CAMPINA GRANDE DO SUL";"Defeito mecânico em veículo";"Colisão com objeto móvel";"Com Vítimas Feridas";"Pleno dia";"Crescente";"Sol";"Dupla";"Reta";"Rural";2;0;0;1;1;0;1;1
83501641;"22/09/16";"Quinta";"13:30:00";"GO";60;"446";"JATAI";"Outras";"Capotamento";"Ignorado";"Pleno dia";"Crescente";"Sol";"Dupla";"Reta";"Rural";1;0;0;0;0;1;0;1
83501642;"26/09/16";"Segunda";"20:10:00";"SC";282;"5,4";"SAO JOSE";"Falta de atenção";"Saída de Pista";"Com Vítimas Feridas";"Plena noite";"Decrescente";"Nublado";"Dupla";"Curva";"Urbano";1;0;1;0;0;0;1;1
83501643;"26/09/16";"Segunda";"07:00:00";"SE";235;"6";"NOSSA SENHORA DO SOCORRO";"Velocidade incompatível";"Colisão traseira";"Sem Vítimas";"Pleno dia";"Decrescente";"Ceu Claro";"Dupla";"Reta";"Urbano";11;0;0;0;11;0;0;4
83501644;"26/09/16";"Segunda";"09:45:00";"PR";376;"1,7";"MANDAGUARI";"Desobediência à sinalização";"Colisão lateral";"Sem Vítimas";"Pleno dia";"Crescente";"Sol";"Dupla";"Curva";"Rural";2;0;0;0;2;0;0;2
83501645;"23/09/16";"Sexta";"04:20:00";"BA";116;"648,3";"JAGUAQUARA";"Dormindo";"Colisão lateral";"Com Vítimas Feridas";"Amanhecer";"Decrescente";"Nublado";"Simples";"Reta";"Rural";2;0;2;0;0;0;2;2
83501646;"26/09/16";"Segunda";"14:50:00";"CE";116;"70,5";"CHOROZINHO";"Defeito mecânico em veículo";"Colisão com objeto fixo";"Sem Vítimas";"Pleno dia";"Crescente";"Ceu Claro";"Simples";"Curva";"Urbano";1;0;0;0;1;0;0;1
83501647;"26/09/16";"Segunda";"15:00:00";"PE";407;"23";"AFRANIO";"Velocidade incompatível";"Tombamento";"Com Vítimas Feridas";"Pleno dia";"Decrescente";"Sol";"Simples";"Curva";"Rural";3;0;1;2;0;0;3;1
83501648;"26/09/16";"Segunda";"17:25:00";"RO";364;"964";"PORTO VELHO";"Defeito na via";"Capotamento";"Com Vítimas Fatais";"Anoitecer";"Decrescente";"Nublado";"Simples";"Reta";"Rural";1;1;0;0;0;0;0;1
83501649;"25/09/16";"Domingo";"14:50:00";"MG";40;"522";"CONTAGEM";"Velocidade incompatível";"Capotamento";"Com Vítimas Feridas";"Pleno dia";"Decrescente";"Chuva";"Dupla";"Reta";"Rural";1;0;1;0;0;0;1;1
83501650;"26/09/16";"Segunda";"21:25:00";"SC";282;"16";"PALHOCA";"Velocidade incompatível";"Colisão Transversal";"Com Vítimas Feridas";"Plena noite";"Crescente";"Ceu Claro";"Múltipla";"Cruzamento";"Urbano";2;0;1;1;0;0;2;2
83501651;"26/09/16";"Segunda";"11:30:00";"MG";381;"914,9";"CAMANDUCAIA";"Velocidade incompatível";"Colisão com objeto fixo";"Sem Vítimas";"Pleno dia";"Decrescente";"Ceu Claro";"Dupla";"Curva";"Rural";1;0;0;0;1;0;0;1
83501652;"26/09/16";"Segunda";"19:30:00";"RO";364;"425";"JARU";"Falta de atenção";"Colisão Transversal";"Com Vítimas Feridas";"Plena noite";"Decrescente";"Ceu Claro";"Múltipla";"Reta";"Urbano";3;0;3;0;0;0;3;2
83501653;"02/09/16";"Sexta";"20:22:00";"MA";316;"423";"PERITORO";"Falta de atenção";"Colisão Transversal";"Com Vítimas Feridas";"Plena noite";"Crescente";"Ceu Claro";"Simples";"Cruzamento";"Urbano";2;0;0;1;1;0;1;2
83501654;"26/09/16";"Segunda";"19:00:00";"RJ";101;"61";"CAMPOS DOS GOYTACAZES";"Falta de atenção";"Atropelamento de pessoa";"Com Vítimas Feridas";"Plena noite";"Crescente";"Nublado";"Simples";"Reta";"Urbano";3;0;3;0;0;0;3;1
83501655;"26/09/16";"Segunda";"19:30:00";"SC";282;"576,9";"PINHALZINHO";"Outras";"Colisão frontal";"Com Vítimas Fatais";"Plena noite";"Decrescente";"Ceu Claro";"Simples";"Reta";"Rural";4;1;0;0;3;0;0;2
83501656;"26/09/16";"Segunda";"20:30:00";"PR";158;"501";"CORONEL VIVIDA";"Velocidade incompatível";"Colisão com objeto fixo";"Com Vítimas Feridas";"Plena noite";"Decrescente";"Ceu Claro";"Simples";"Reta";"Rural";1;0;1;0;0;0;1;1
83501657;"23/09/16";"Sexta";"20:30:00";"RJ";116;"125";"MAGE";"Falta de atenção";"Saída de Pista";"Com Vítimas Feridas";"Plena noite";"Crescente";"Ceu Claro";"Dupla";"Curva";"Urbano";1;0;1;0;0;0;1;1
83501658;"26/09/16";"Segunda";"20:10:00";"RJ";101;"322";"NITEROI";"Outras";"Colisão lateral";"Com Vítimas Feridas";"Plena noite";"Decrescente";"Nublado";"Simples";"Reta";"Urbano";2;0;1;0;1;0;1;2
83501659;"26/09/16";"Segunda";"20:50:00";"SC";470;"298";"CAMPOS NOVOS";"Falta de atenção";"Colisão lateral";"Com Vítimas Feridas";"Plena noite";"Decrescente";"Ceu Claro";"Simples";"Reta";"Rural";2;0;1;0;1;0;1;2
83501661;"26/09/16";"Segunda";"19:10:00";"MS";163;"215";"CAARAPO";"Outras";"Tombamento";"Sem Vítimas";"Plena noite";"Decrescente";"Ceu Claro";"Simples";"Reta";"Rural";1;0;0;0;1;0;0;1
83501662;"26/09/16";"Segunda";"19:30:00";"MS";163;"391,3";"NOVA ALVORADA DO SUL";"Animais na Pista";"Atropelamento de animal";"Com Vítimas Feridas";"Plena noite";"Crescente";"Ceu Claro";"Simples";"Reta";"Rural";2;0;1;0;1;0;1;1
83501663;"26/09/16";"Segunda";"22:30:00";"SP";116;"499";"CAJATI";"Falta de atenção";"Derramamento de Carga";"Sem Vítimas";"Plena noite";"Crescente";"Nublado";"Simples";"Reta";"Rural";1;0;0;0;1;0;0;1
83501664;"26/09/16";"Segunda";"19:15:00";"MS";163;"209,6";"CAARAPO";"Desobediência à sinalização";"Colisão Transversal";"Com Vítimas Feridas";"Plena noite";"Crescente";"Nublado";"Simples";"Reta";"Urbano";4;0;1;0;2;1;1;2
83501666;"24/09/16";"Sábado";"03:30:00";"SC";280;"218";"TRES BARRAS";"Ingestão de álcool";"Colisão lateral";"Sem Vítimas";"Plena noite";"Crescente";"Nublado";"Simples";"Reta";"Rural";2;0;0;0;2;0;0;2
83501667;"26/09/16";"Segunda";"20:00:00";"BA";242;"891";"LUIS EDUARDO MAGALHAES";"Falta de atenção";"Tombamento";"Sem Vítimas";"Plena noite";"Decrescente";"Chuva";"Simples";"Reta";"Rural";1;0;0;0;1;0;0;1
83501668;"22/09/16";"Quinta";"08:00:00";"SP";116;"219,8";"GUARULHOS";"Não guardar distância de segurança";"Queda de motocicleta / bicicleta / veículo";"Com Vítimas Feridas";"Pleno dia";"Crescente";"Chuva";"Múltipla";"Reta";"Urbano";1;0;1;0;0;0;1;1
83501669;"25/09/16";"Domingo";"01:20:00";"PR";153;"402";"MALLET";"Falta de atenção";"Saída de Pista";"Com Vítimas Feridas";"Plena noite";"Crescente";"Ceu Claro";"Simples";"Reta";"Rural";1;0;1;0;0;0;1;1
83501670;"26/09/16";"Segunda";"17:50:00";"RN";304;"300";"PARNAMIRIM";"Desobediência à sinalização";"Colisão traseira";"Com Vítimas Feridas";"Anoitecer";"Decrescente";"Ceu Claro";"Dupla";"Curva";"Rural";2;0;1;0;0;1;1;2
83501671;"26/09/16";"Segunda";"17:30:00";"MT";163;"615";"NOVA MUTUM";"Ultrapassagem indevida";"Colisão lateral";"Sem Vítimas";"Anoitecer";"Crescente";"Ignorada";"Simples";"Reta";"Rural";2;0;0;0;2;0;0;2
83501672;"26/09/16";"Segunda";"17:00:00";"MG";262;"546";"LUZ";"Velocidade incompatível";"Saída de Pista";"Com Vítimas Feridas";"Pleno dia";"Crescente";"Chuva";"Simples";"Curva";"Rural";1;0;1;0;0;0;1;1
83501673;"26/09/16";"Segunda";"06:45:00";"PB";230;"35";"BAYEUX";"Não guardar distância de segurança";"Colisão traseira";"Com Vítimas Feridas";"Pleno dia";"Decrescente";"Ceu Claro";"Dupla";"Reta";"Urbano";2;0;1;0;1;0;1;2
83501674;"26/09/16";"Segunda";"21:15:00";"MG";381;"710,9";"CARMO DA CACHOEIRA";"Falta de atenção";"Colisão com objeto fixo";"Com Vítimas Feridas";"Plena noite";"Crescente";"Ceu Claro";"Dupla";"Reta";"Rural";4;0;3;0;1;0;3;1
83501675;"26/09/16";"Segunda";"22:40:00";"RS";287;"234,7";"SANTA MARIA";"Falta de atenção";"Colisão Transversal";"Com Vítimas Feridas";"Plena noite";"Crescente";"Ceu Claro";"Simples";"Reta";"Urbano";2;0;1;0;1;0;1;2
83501676;"26/09/16";"Segunda";"19:20:00";"MT";70;"497,5";"CUIABA";"Desobediência à sinalização";"Colisão Transversal";"Com Vítimas Feridas";"Plena noite";"Crescente";"Ceu Claro";"Simples";"Reta";"Rural";3;0;1;1;1;0;2;2
83501677;"23/09/16";"Sexta";"06:15:00";"DF";40;"2,6";"BRASILIA";"Falta de atenção";"Queda de motocicleta / bicicleta / veículo";"Com Vítimas Feridas";"Amanhecer";"Decrescente";"Ceu Claro";"Dupla";"Reta";"Urbano";2;0;1;0;0;1;1;1
83501678;"26/09/16";"Segunda";"22:25:00";"ES";101;"308";"VIANA";"Falta de atenção";"Queda de motocicleta / bicicleta / veículo";"Com Vítimas Feridas";"Plena noite";"Crescente";"Ceu Claro";"Simples";"Reta";"Rural";1;0;0;1;0;0;1;1
83501679;"26/09/16";"Segunda";"21:30:00";"PR";376;"353,1";"ORTIGUEIRA";"Velocidade incompatível";"Saída de Pista";"Sem Vítimas";"Plena noite";"Decrescente";"Ceu Claro";"Simples";"Reta";"Rural";1;0;0;0;1;0;0;1
83501680;"26/09/16";"Segunda";"18:35:00";"CE";304;"83";"ARACATI";"Animais na Pista";"Atropelamento de animal";"Com Vítimas Feridas";"Plena noite";"Decrescente";"Ceu Claro";"Simples";"Reta";"Rural";1;0;1;0;0;0;1;1
83501681;"26/09/16";"Segunda";"19:10:00";"RO";364;"340,1";"JI-PARANA";"Falta de atenção";"Atropelamento de pessoa";"Com Vítimas Fatais";"Plena noite";"Crescente";"Ceu Claro";"Dupla";"Cruzamento";"Urbano";2;1;0;0;1;0;0;1
83501682;"26/09/16";"Segunda";"22:00:00";"MG";40;"464";"SETE LAGOAS";"Velocidade incompatível";"Capotamento";"Com Vítimas Feridas";"Plena noite";"Decrescente";"Chuva";"Dupla";"Reta";"Urbano";5;0;4;0;1;0;4;2
83501683;"24/09/16";"Sábado";"06:00:00";"SP";381;"25";"BRAGANCA PAULISTA";"Dormindo";"Tombamento";"Sem Vítimas";"Amanhecer";"Crescente";"Ceu Claro";"Dupla";"Reta";"Rural";1;0;0;0;1;0;0;1
83501684;"26/09/16";"Segunda";"17:30:00";"PR";376;"189";"MARIALVA";"Falta de atenção";"Queda de motocicleta / bicicleta / veículo";"Com Vítimas Feridas";"Pleno dia";"Crescente";"Sol";"Dupla";"Reta";"Rural";2;0;1;0;1;0;1;1
83501685;"26/09/16";"Segunda";"13:20:00";"AL";101;"71,7";"MESSIAS";"Falta de atenção";"Colisão Transversal";"Com Vítimas Feridas";"Pleno dia";"Decrescente";"Ceu Claro";"Simples";"Reta";"Urbano";3;0;1;0;2;0;1;2
83501686;"26/09/16";"Segunda";"19:10:00";"RN";304;"38";"MOSSORO";"Outras";"Colisão traseira";"Com Vítimas Feridas";"Plena noite";"Decrescente";"Ceu Claro";"Dupla";"Reta";"Urbano";2;0;0;2;0;0;2;2
83501687;"26/09/16";"Segunda";"18:30:00";"AL";101;"107";"PILAR";"Outras";"Saída de Pista";"Sem Vítimas";"Pleno dia";"Decrescente";"Ceu Claro";"Simples";"Curva";"Rural";2;0;0;0;2;0;0;1
83501688;"26/09/16";"Segunda";"15:05:00";"PE";101;"185";"PALMARES";"Outras";"Colisão lateral";"Com Vítimas Feridas";"Pleno dia";"Crescente";"Sol";"Dupla";"Reta";"Urbano";4;0;3;0;0;1;3;2
83501689;"22/09/16";"Quinta";"12:50:00";"RJ";116;"293";"PORTO REAL";"Outras";"Colisão lateral";"Com Vítimas Feridas";"Pleno dia";"Crescente";"Sol";"Dupla";"Reta";"Urbano";2;0;1;0;1;0;1;2
83501690;"26/09/16";"Segunda";"21:40:00";"BA";116;"650,7";"JEQUIE";"Velocidade incompatível";"Saída de Pista";"Sem Vítimas";"Plena noite";"Crescente";"Chuva";"Simples";"Curva";"Rural";1;0;0;0;1;0;0;1
83501691;"25/09/16";"Domingo";"20:30:00";"PI";316;"25";"TERESINA";"Não guardar distância de segurança";"Colisão traseira";"Sem Vítimas";"Plena noite";"Decrescente";"Ceu Claro";"Simples";"Curva";"Urbano";2;0;0;0;2;0;0;2
83501692;"27/09/16";"Terça";"00:05:00";"MG";116;"813,9";"ALEM PARAIBA";"Ultrapassagem indevida";"Saída de Pista";"Sem Vítimas";"Plena noite";"Decrescente";"Nublado";"Simples";"Reta";"Rural";1;0;0;0;1;0;0;1
83501693;"26/09/16";"Segunda";"16:00:00";"RN";101;"107";"PARNAMIRIM";"Desobediência à sinalização";"Atropelamento de pessoa";"Com Vítimas Feridas";"Pleno dia";"Decrescente";"Ceu Claro";"Dupla";"Reta";"Urbano";2;0;1;0;1;0;1;1
83501694;"22/09/16";"Quinta";"12:50:00";"PA";230;"117";"MARABA";"Defeito mecânico em veículo";"Colisão com objeto fixo";"Sem Vítimas";"Pleno dia";"Crescente";"Sol";"Múltipla";"Reta";"Urbano";1;0;0;0;1;0;0;1
83501695;"26/09/16";"Segunda";"19:15:00";"SP";116;"22,4";"LAVRINHAS";"Falta de atenção";"Tombamento";"Sem Vítimas";"Plena noite";"Crescente";"Nublado";"Múltipla";"Curva";"Rural";1;0;0;0;1;0;0;1