"id";"data_inversa";"dia_semana";"horario";"uf";"br";"km";"municipio";"causa_acidente";"tipo_acidente";"classificacao_acidente";"fase_dia";"sentido_via";"condicao_metereologica";"tipo_pista";"tracado_via";"uso_solo";"pessoas";"mortos";"feridos_leves";"feridos_graves";"ilesos";"ignorados";"feridos";"veiculos"
83501813;"25/09/16";"Domingo";"17:35:00";"PR";163;"151,6";"SANTA LUCIA";"Não guardar distância de segurança";"Colisão traseira";"Sem Vítimas";"Pleno dia";"Decrescente";"Sol";"Simples";"Reta";"Urbano";3;0;0;0;3;0;0;3
83501814;"26/09/16";"Segunda";"07:30:00";"SC";282;"4,3";"SAO JOSE";"Não guardar distância de segurança";"Colisão traseira";"Com Vítimas Feridas";"Pleno dia";"Crescente";"Ceu Claro";"Dupla";"Reta";"Urbano";2;0;2;0;0;0;2;2
83501815;"23/09/16";"Sexta";"20:30:00";"CE";116;"25";"AQUIRAZ";"Falta de atenção";"Atropelamento de pessoa";"Com Vítimas Feridas";"Plena noite";"Decrescente";"Ceu Claro";"Dupla";"Reta";"Urbano";2;0;0;1;0;1;1;1
83501816;"09/07/16";"Sábado";"18:30:00";"RO";364;"5";"VILHENA";"Falta de atenção";"Colisão traseira";"Sem Vítimas";"Anoitecer";"Crescente";"Ceu Claro";"Simples";"Reta";"Rural";2;0;0;0;2;0;0;2
83501817;"23/09/16";"Sexta";"22:05:00";"GO";70;"9";"AGUAS LINDAS DE GOIAS";"Ingestão de álcool";"Colisão traseira";"Com Vítimas Feridas";"Plena noite";"Decrescente";"Nublado";"Dupla";"Reta";"Urbano";2;0;0;1;1;0;1;2
83501819;"05/07/16";"Terça";"13:40:00";"PA";163;"998";"SANTAREM";"Falta de atenção";"Atropelamento de pessoa";"Com Vítimas Feridas";"Pleno dia";"Crescente";"Ceu Claro";"Simples";"Reta";"Urbano";2;0;1;1;0;0;2;1
83501820;"23/09/16";"Sexta";"20:40:00";"ES";262;"1,3";"CARIACICA";"Velocidade incompatível";"Queda de motocicleta / bicicleta / veículo";"Com Vítimas Feridas";"Plena noite";"Crescente";"Ceu Claro";"Dupla";"Reta";"Urbano";1;0;1;0;0;0;1;1
83501821;"24/09/16";"Sábado";"07:15:00";"RJ";101;"61";"CAMPOS DOS GOYTACAZES";"Desobediência à sinalização";"Colisão traseira";"Com Vítimas Feridas";"Pleno dia";"Crescente";"Nublado";"Simples";"Reta";"Urbano";2;0;1;0;1;0;1;2
83501822;"25/09/16";"Domingo";"06:10:00";"MG";365;"648";"UBERLANDIA";"Velocidade incompatível";"Capotamento";"Com Vítimas Feridas";"Amanhecer";"Decrescente";"Ceu Claro";"Dupla";"Reta";"Rural";1;0;1;0;0;0;1;1
83501824;"24/09/16";"Sábado";"07:40:00";"PR";153;"404";"PAULO FRONTIN";"Falta de atenção";"Colisão traseira";"Com Vítimas Feridas";"Amanhecer";"Crescente";"Nevoeiro/neblina";"Simples";"Reta";"Rural";4;0;3;0;1;0;3;2
83501825;"26/09/16";"Segunda";"06:40:00";"GO";153;"299,1";"RIALMA";"Outras";"Colisão lateral";"Sem Vítimas";"Pleno dia";"Decrescente";"Ceu Claro";"Simples";"Curva";"Rural";4;0;0;0;4;0;0;2
83501826;"27/09/16";"Terça";"09:15:00";"MG";116;"781,2";"LEOPOLDINA";"Velocidade incompatível";"Colisão com objeto fixo";"Com Vítimas Feridas";"Pleno dia";"Decrescente";"Nublado";"Simples";"Curva";"Rural";3;0;3;0;0;0;3;1
83501827;"27/09/16";"Terça";"14:00:00";"SC";470;"55,7";"BLUMENAU";"Desobediência à sinalização";"Colisão Transversal";"Com Vítimas Feridas";"Pleno dia";"Crescente";"Ceu Claro";"Simples";"Curva";"Urbano";3;0;2;0;1;0;2;3
83501828;"27/09/16";"Terça";"13:10:00";"TO";153;"639,6";"ALIANCA DO TOCANTINS";"Falta de atenção";"Capotamento";"Sem Vítimas";"Pleno dia";"Decrescente";"Chuva";"Simples";"Reta";"Rural";2;0;0;0;2;0;0;1
83501829;"27/09/16";"Terça";"12:00:00";"SP";116;"294,5";"ITAPECERICA DA SERRA";"Defeito na via";"Queda de motocicleta / bicicleta / veículo";"Com Vítimas Feridas";"Pleno dia";"Crescente";"Sol";"Dupla";"Curva";"Urbano";1;0;1;0;0;0;1;1
83501830;"27/09/16";"Terça";"10:40:00";"SC";101;"201,6";"ITAJAI";"Falta de atenção";"Colisão Transversal";"Com Vítimas Feridas";"Pleno dia";"Decrescente";"Nublado";"Simples";"Cruzamento";"Urbano";2;0;0;1;1;0;1;2
83501831;"27/09/16";"Terça";"13:30:00";"PR";277;"7,7";"PARANAGUA";"Falta de atenção";"Capotamento";"Com Vítimas Feridas";"Pleno dia";"Crescente";"Ceu Claro";"Dupla";"Reta";"Urbano";3;0;1;0;2;0;1;2
83501832;"24/09/16";"Sábado";"01:00:00";"PR";277;"350,4";"GUARAPUAVA";"Outras";"Saída de Pista";"Ignorado";"Plena noite";"Decrescente";"Ceu Claro";"Simples";"Reta";"Urbano";1;0;0;0;0;1;0;1
83501833;"27/09/16";"Terça";"14:40:00";"RS";153;"50,6";"ERECHIM";"Não guardar distância de segurança";"Colisão traseira";"Sem Vítimas";"Pleno dia";"Crescente";"Sol";"Simples";"Reta";"Urbano";2;0;0;0;2;0;0;2
83501834;"27/09/16";"Terça";"10:35:00";"MG";381;"568,5";"ITAGUARA";"Não guardar distância de segurança";"Colisão traseira";"Sem Vítimas";"Pleno dia";"Crescente";"Ceu Claro";"Dupla";"Curva";"Rural";2;0;0;0;2;0;0;2
83501835;"25/09/16";"Domingo";"18:10:00";"PR";163;"156,2";"SANTA LUCIA";"Não guardar distância de segurança";"Colisão traseira";"Sem Vítimas";"Pleno dia";"Decrescente";"Sol";"Simples";"Reta";"Rural";2;0;0;0;2;0;0;2
83501836;"25/09/16";"Domingo";"11:18:00";"PI";343;"498";"AMARANTE";"Falta de atenção";"Saída de Pista";"Sem Vítimas";"Pleno dia";"Crescente";"Ceu Claro";"Simples";"Reta";"Rural";1;0;0;0;1;0;0;1
83501837;"27/09/16";"Terça";"10:40:00";"PE";232;"293,6";"SERTANIA";"Outras";"Capotamento";"Com Vítimas Feridas";"Amanhecer";"Decrescente";"Sol";"Simples";"Reta";"Rural";1;0;1;0;0;0;1;1
83501838;"27/09/16";"Terça";"12:30:00";"MS";163;"614,5";"SAO GABRIEL DO OESTE";"Desobediência à sinalização";"Colisão Transversal";"Sem Vítimas";"Pleno dia";"Crescente";"Ceu Claro";"Simples";"Reta";"Urbano";2;0;0;0;2;0;0;2
83501839;"27/09/16";"Terça";"10:55:00";"PE";101;"49";"ABREU E LIMA";"Falta de atenção";"Atropelamento de pessoa";"Com Vítimas Feridas";"Pleno dia";"Crescente";"Ceu Claro";"Dupla";"Reta";"Urbano";2;0;1;0;1;0;1;1
83501840;"25/09/16";"Domingo";"00:00:00";"BA";20;"177,5";"LUIS EDUARDO MAGALHAES";"Falta de atenção";"Colisão lateral";"Com Vítimas Feridas";"Plena noite";"Crescente";"Ceu Claro";"Simples";"Reta";"Rural";6;0;0;2;4;0;2;2
83501841;"27/09/16";"Terça";"14:40:00";"PE";101;"76";"RECIFE";"Defeito mecânico em veículo";"Colisão traseira";"Sem Vítimas";"Pleno dia";"Crescente";"Sol";"Dupla";"Reta";"Urbano";2;0;0;0;2;0;0;2
83501842;"25/09/16";"Domingo";"22:00:00";"PR";116;"98";"SAO JOSE DOS PINHAIS";"Velocidade incompatível";"Colisão traseira";"Com Vítimas Feridas";"Plena noite";"Decrescente";"Nublado";"Dupla";"Reta";"Rural";5;0;3;0;1;1;3;2
83501843;"27/09/16";"Terça";"07:20:00";"MT";364;"350";"SANTO ANTONIO DO LEVERGER";"Outras";"Saída de Pista";"Com Vítimas Feridas";"Pleno dia";"Crescente";"Ceu Claro";"Dupla";"Curva";"Rural";1;0;1;0;0;0;1;1
83501844;"15/09/16";"Quinta";"18:10:00";"PE";101;"92";"CABO DE SANTO AGOSTINHO";"Defeito na via";"Queda de motocicleta / bicicleta / veículo";"Com Vítimas Feridas";"Plena noite";"Decrescente";"Ignorada";"Dupla";"Reta";"Rural";2;0;1;1;0;0;2;1
83501845;"15/09/16";"Quinta";"17:55:00";"CE";116;"46,1";"PACAJUS";"Outras";"Queda de motocicleta / bicicleta / veículo";"Com Vítimas Feridas";"Anoitecer";"Crescente";"Ceu Claro";"Dupla";"Curva";"Rural";2;0;2;0;0;0;2;1
83501846;"15/09/16";"Quinta";"17:10:00";"PE";101;"129";"ESCADA";"Outras";"Colisão com bicicleta";"Com Vítimas Fatais";"Plena noite";"Decrescente";"Ignorada";"Dupla";"Reta";"Rural";2;1;0;0;1;0;0;2
83501847;"24/09/16";"Sábado";"00:25:00";"MG";262;"375,3";"JUATUBA";"Ingestão de álcool";"Capotamento";"Com Vítimas Feridas";"Plena noite";"Crescente";"Ceu Claro";"Dupla";"Reta";"Rural";2;0;1;0;1;0;1;1
83501848;"27/09/16";"Terça";"11:35:00";"RO";364;"237";"CACOAL";"Desobediência à sinalização";"Colisão Transversal";"Com Vítimas Feridas";"Pleno dia";"Decrescente";"Sol";"Simples";"Reta";"Urbano";3;0;1;0;2;0;1;2
83501849;"27/09/16";"Terça";"08:40:00";"PR";272;"422,9";"GOIO-ERE";"Velocidade incompatível";"Colisão traseira";"Com Vítimas Feridas";"Pleno dia";"Decrescente";"Sol";"Simples";"Reta";"Rural";2;0;0;1;1;0;1;2
83501850;"27/09/16";"Terça";"15:50:00";"BA";367;"84";"EUNAPOLIS";"Falta de atenção";"Colisão Transversal";"Com Vítimas Feridas";"Pleno dia";"Crescente";"Chuva";"Simples";"Reta";"Urbano";3;0;0;2;1;0;2;2
83501851;"27/09/16";"Terça";"14:20:00";"CE";116;"121,9";"RUSSAS";"Outras";"Colisão traseira";"Sem Vítimas";"Pleno dia";"Crescente";"Ceu Claro";"Simples";"Curva";"Rural";2;0;0;0;1;1;0;2
83501852;"27/09/16";"Terça";"15:00:00";"RS";392;"237,4";"CACAPAVA DO SUL";"Falta de atenção";"Colisão traseira";"Sem Vítimas";"Pleno dia";"Crescente";"Ceu Claro";"Simples";"Reta";"Rural";2;0;0;0;2;0;0;2
83501854;"27/09/16";"Terça";"10:15:00";"SC";282;"408,8";"CATANDUVAS";"Velocidade incompatível";"Tombamento";"Com Vítimas Feridas";"Pleno dia";"Crescente";"Sol";"Simples";"Curva";"Rural";1;0;1;0;0;0;1;1
83501855;"27/09/16";"Terça";"13:30:00";"RS";116;"159,3";"CAXIAS DO SUL";"Outras";"Colisão Transversal";"Com Vítimas Feridas";"Pleno dia";"Crescente";"Sol";"Simples";"Reta";"Urbano";2;0;2;0;0;0;2;2
83501856;"27/09/16";"Terça";"11:10:00";"MG";381;"435";"SABARA";"Falta de atenção";"Colisão traseira";"Sem Vítimas";"Pleno dia";"Decrescente";"Sol";"Simples";"Reta";"Rural";4;0;0;0;4;0;0;2
83501857;"19/09/16";"Segunda";"01:20:00";"PE";101;"208";"XEXEU";"Outras";"Capotamento";"Ignorado";"Plena noite";"Crescente";"Ceu Claro";"Simples";"Reta";"Rural";1;0;0;0;0;1;0;1
83501858;"27/09/16";"Terça";"13:05:00";"RO";364;"239,1";"CACOAL";"Falta de atenção";"Colisão lateral";"Com Vítimas Feridas";"Pleno dia";"Crescente";"Nublado";"Simples";"Reta";"Urbano";2;0;1;0;1;0;1;2
83501859;"26/07/16";"Terça";"19:05:00";"RS";470;"276,2";"SAO JOSE DO SUL";"Não guardar distância de segurança";"Colisão traseira";"Com Vítimas Feridas";"Anoitecer";"Crescente";"Chuva";"Simples";"Reta";"Urbano";3;0;1;0;2;0;1;2
83501860;"25/09/16";"Domingo";"03:00:00";"BA";242;"815";"BARREIRAS";"Falta de atenção";"Tombamento";"Sem Vítimas";"Plena noite";"Decrescente";"Chuva";"Simples";"Curva";"Rural";2;0;0;0;2;0;0;1
83501861;"27/09/16";"Terça";"05:30:00";"PE";232;"250,9";"ARCOVERDE";"Outras";"Colisão frontal";"Com Vítimas Feridas";"Pleno dia";"Decrescente";"Ceu Claro";"Simples";"Curva";"Urbano";2;0;0;1;1;0;1;2
83501862;"25/09/16";"Domingo";"18:45:00";"PR";163;"151,8";"SANTA LUCIA";"Não guardar distância de segurança";"Colisão traseira";"Sem Vítimas";"Anoitecer";"Decrescente";"Ceu Claro";"Simples";"Reta";"Urbano";2;0;0;0;2;0;0;2
83501863;"27/09/16";"Terça";"11:23:00";"SC";282;"575,1";"PINHALZINHO";"Falta de atenção";"Colisão Transversal";"Com Vítimas Feridas";"Pleno dia";"Decrescente";"Ceu Claro";"Simples";"Reta";"Rural";3;0;1;0;2;0;1;2
83501864;"27/09/16";"Terça";"14:40:00";"MA";10;"255";"IMPERATRIZ";"Falta de atenção";"Colisão Transversal";"Com Vítimas Feridas";"Pleno dia";"Decrescente";"Sol";"Simples";"Reta";"Urbano";2;0;1;1;0;0;2;2
83501865;"25/09/16";"Domingo";"16:30:00";"GO";153;"80";"PORANGATU";"Falta de atenção";"Colisão lateral";"Sem Vítimas";"Pleno dia";"Crescente";"Chuva";"Simples";"Reta";"Rural";2;0;0;0;2;0;0;2
83501866;"27/09/16";"Terça";"07:15:00";"SP";116;"210";"GUARULHOS";"Desobediência à sinalização";"Colisão traseira";"Com Vítimas Feridas";"Amanhecer";"Crescente";"Ceu Claro";"Múltipla";"Reta";"Urbano";2;0;0;1;1;0;1;2
83501867;"27/09/16";"Terça";"11:30:00";"SC";282;"501";"XANXERE";"Falta de atenção";"Colisão lateral";"Sem Vítimas";"Pleno dia";"Crescente";"Sol";"Dupla";"Cruzamento";"Urbano";2;0;0;0;2;0;0;2
83501868;"27/09/16";"Terça";"15:20:00";"SC";470;"62,7";"BLUMENAU";"Desobediência à sinalização";"Colisão Transversal";"Com Vítimas Feridas";"Pleno dia";"Decrescente";"Sol";"Simples";"Curva";"Urbano";2;0;1;0;1;0;1;2
83501869;"15/05/16";"Domingo";"11:45:00";"BA";101;"264";"SANTO ANTONIO DE JESUS";"Falta de atenção";"Colisão Transversal";"Com Vítimas Feridas";"Pleno dia";"Crescente";"Nublado";"Simples";"Reta";"Urbano";2;0;0;1;1;0;1;2
83501870;"27/09/16";"Terça";"15:40:00";"SC";116;"207";"PONTE ALTA";"Ingestão de álcool";"Colisão Transversal";"Sem Vítimas";"Pleno dia";"Crescente";"Sol";"Simples";"Curva";"Urbano";2;0;0;0;2;0;0;2
83501871;"27/09/16";"Terça";"13:45:00";"SC";101;"332";"CAPIVARI DE BAIXO";"Outras";"Queda de motocicleta / bicicleta / veículo";"Com Vítimas Feridas";"Pleno dia";"Crescente";"Sol";"Dupla";"Curva";"Rural";1;0;1;0;0;0;1;1
83501872;"27/09/16";"Terça";"16:15:00";"SC";470;"8,4";"NAVEGANTES";"Falta de atenção";"Colisão Transversal";"Com Vítimas Feridas";"Pleno dia";"Decrescente";"Nublado";"Simples";"Reta";"Urbano";2;0;1;0;1;0;1;2
83501873;"27/09/16";"Terça";"10:30:00";"PR";369;"387";"MAMBORE";"Falta de atenção";"Colisão Transversal";"Com Vítimas Feridas";"Pleno dia";"Decrescente";"Ceu Claro";"Simples";"Cruzamento";"Rural";3;0;2;0;1;0;2;2
83501874;"27/09/16";"Terça";"14:20:00";"MG";40;"664,1";"CARANDAI";"Outras";"Colisão com objeto fixo";"Sem Vítimas";"Pleno dia";"Crescente";"Sol";"Simples";"Reta";"Rural";1;0;0;0;1;0;0;1
83501875;"25/09/16";"Domingo";"15:00:00";"AM";230;"5";"HUMAITA";"Falta de atenção";"Colisão frontal";"Com Vítimas Feridas";"Pleno dia";"Decrescente";"Sol";"Simples";"Reta";"Urbano";3;0;3;0;0;0;3;2
83501877;"27/09/16";"Terça";"14:15:00";"RS";386;"323,7";"MARQUES DE SOUZA";"Falta de atenção";"Colisão traseira";"Com Vítimas Feridas";"Pleno dia";"Crescente";"Sol";"Simples";"Reta";"Urbano";4;0;0;2;2;0;2;2
83501878;"27/09/16";"Terça";"11:50:00";"SC";101;"312,1";"LAGUNA";"Defeito mecânico em veículo";"Tombamento";"Sem Vítimas";"Pleno dia";"Crescente";"Ceu Claro";"Dupla";"Reta";"Urbano";1;0;0;0;1;0;0;1
83501879;"27/09/16";"Terça";"15:50:00";"PE";408;"101";"SAO LOURENCO DA MATA";"Outras";"Saída de Pista";"Com Vítimas Feridas";"Pleno dia";"Crescente";"Ceu Claro";"Simples";"Reta";"Rural";4;0;1;0;2;1;1;4
83501880;"27/09/16";"Terça";"15:20:00";"PE";408;"81,2";"PAUDALHO";"Outras";"Colisão com objeto fixo";"Com Vítimas Feridas";"Pleno dia";"Crescente";"Sol";"Dupla";"Curva";"Rural";1;0;1;0;0;0;1;1
83501881;"26/09/16";"Segunda";"02:50:00";"PR";277;"722,6";"FOZ DO IGUACU";"Defeito mecânico em veículo";"Colisão traseira";"Sem Vítimas";"Plena noite";"Crescente";"Ceu Claro";"Dupla";"Reta";"Urbano";2;0;0;0;2;0;0;2
83501882;"25/09/16";"Domingo";"21:00:00";"SC";101;"282,3";"IMBITUBA";"Falta de atenção";"Colisão Transversal";"Sem Vítimas";"Plena noite";"Decrescente";"Ceu Claro";"Dupla";"Cruzamento";"Urbano";2;0;0;0;2;0;0;2
83501883;"27/09/16";"Terça";"17:05:00";"RS";116;"263";"CANOAS";"Desobediência à sinalização";"Colisão Transversal";"Sem Vítimas";"Pleno dia";"Decrescente";"Ceu Claro";"Simples";"Cruzamento";"Urbano";2;0;0;0;2;0;0;2
83501884;"27/09/16";"Terça";"15:40:00";"BA";116;"631,7";"JAGUAQUARA";"Falta de atenção";"Colisão Transversal";"Sem Vítimas";"Pleno dia";"Decrescente";"Chuva";"Simples";"Cruzamento";"Urbano";2;0;0;0;2;0;0;2
83501885;"26/09/16";"Segunda";"04:45:00";"MG";40;"117";"LAGOA GRANDE";"Defeito mecânico em veículo";"Incêndio";"Sem Vítimas";"Amanhecer";"Crescente";"Ceu Claro";"Simples";"Reta";"Urbano";1;0;0;0;1;0;0;1
83501886;"27/09/16";"Terça";"14:10:00";"SC";470;"61";"BLUMENAU";"Falta de atenção";"Colisão frontal";"Com Vítimas Feridas";"Pleno dia";"Crescente";"Sol";"Simples";"Reta";"Urbano";3;0;0;1;2;0;1;2
83501887;"27/09/16";"Terça";"17:50:00";"AL";316;"83";"SANTANA DO IPANEMA";"Falta de atenção";"Atropelamento de pessoa";"Com Vítimas Feridas";"Anoitecer";"Crescente";"Ceu Claro";"Dupla";"Reta";"Urbano";2;0;1;0;1;0;1;1
83501888;"27/09/16";"Terça";"12:40:00";"AL";104;"7";"SAO JOSE DA LAJE";"Defeito mecânico em veículo";"Colisão traseira";"Com Vítimas Feridas";"Pleno dia";"Crescente";"Ceu Claro";"Simples";"Curva";"Rural";6;0;5;0;0;1;5;2
83501889;"27/09/16";"Terça";"16:40:00";"PB";104;"120,8";"CAMPINA GRANDE";"Outras";"Colisão traseira";"Com Vítimas Feridas";"Pleno dia";"Crescente";"Sol";"Simples";"Reta";"Urbano";3;0;1;0;2;0;1;3
83501890;"23/09/16";"Sexta";"07:00:00";"PI";343;"3,9";"TERESINA";"Falta de atenção";"Colisão lateral";"Com Vítimas Feridas";"Pleno dia";"Crescente";"Sol";"Múltipla";"Reta";"Urbano";3;0;1;0;2;0;1;2
83501891;"27/09/16";"Terça";"16:00:00";"MT";364;"576,5";"NOBRES";"Outras";"Queda de motocicleta / bicicleta / veículo";"Com Vítimas Feridas";"Pleno dia";"Decrescente";"Ceu Claro";"Dupla";"Reta";"Rural";1;0;0;1;0;0;1;1
83501892;"27/09/16";"Terça";"17:00:00";"RJ";116;"13";"SAPUCAIA";"Outras";"Tombamento";"Sem Vítimas";"Pleno dia";"Crescente";"Nublado";"Simples";"Reta";"Rural";1;0;0;0;1;0;0;1
83501893;"27/06/16";"Segunda";"16:40:00";"PR";369;"150";"LONDRINA";"Defeito mecânico em veículo";"Colisão lateral";"Com Vítimas Feridas";"Pleno dia";"Crescente";"Sol";"Dupla";"Reta";"Urbano";2;0;1;0;1;0;1;2
83501894;"27/09/16";"Terça";"18:20:00";"BA";324;"620";"SALVADOR";"Não guardar distância de segurança";"Colisão traseira";"Com Vítimas Feridas";"Plena noite";"Decrescente";"Ceu Claro";"Múltipla";"Reta";"Urbano";3;0;2;0;1;0;2;2
83501895;"27/09/16";"Terça";"15:40:00";"ES";101;"269,5";"SERRA";"Desobediência à sinalização";"Colisão Transversal";"Sem Vítimas";"Pleno dia";"Decrescente";"Ceu Claro";"Múltipla";"Cruzamento";"Urbano";2;0;0;0;2;0;0;2
83501896;"24/09/16";"Sábado";"21:30:00";"PI";316;"111,4";"PASSAGEM FRANCA DO PIAUI";"Falta de atenção";"Colisão lateral";"Com Vítimas Feridas";"Plena noite";"Decrescente";"Nublado";"Simples";"Reta";"Rural";3;0;0;1;2;0;1;2
83501897;"27/09/16";"Terça";"18:00:00";"RS";158;"86,2";"BOA VISTA DAS MISSOES";"Velocidade incompatível";"Saída de Pista";"Com Vítimas Feridas";"Pleno dia";"Crescente";"Ceu Claro";"Simples";"Curva";"Rural";1;0;1;0;0;0;1;1
83501898;"27/09/16";"Terça";"18:50:00";"RS";386;"148,2";"ALMIRANTE TAMANDARE DO SUL";"Velocidade incompatível";"Tombamento";"Com Vítimas Feridas";"Anoitecer";"Crescente";"Ceu Claro";"Simples";"Curva";"Rural";1;0;1;0;0;0;1;1
83501899;"23/09/16";"Sexta";"08:30:00";"SP";116;"206";"GUARULHOS";"Velocidade incompatível";"Saída de Pista";"Com Vítimas Feridas";"Pleno dia";"Decrescente";"Ceu Claro";"Dupla";"Reta";"Urbano";1;0;1;0;0;0;1;1
83501900;"23/09/16";"Sexta";"11:00:00";"MG";40;"471,2";"SETE LAGOAS";"Desobediência à sinalização";"Capotamento";"Com Vítimas Feridas";"Pleno dia";"Crescente";"Ceu Claro";"Dupla";"Cruzamento";"Rural";4;0;1;0;3;0;1;1
83501901;"27/09/16";"Terça";"18:00:00";"PR";277;"279,6";"PRUDENTOPOLIS";"Falta de atenção";"Colisão Transversal";"Sem Vítimas";"Pleno dia";"Crescente";"Ceu Claro";"Simples";"Reta";"Rural";2;0;0;0;2;0;0;2
83501902;"27/09/16";"Terça";"09:00:00";"SC";101;"249,3";"PAULO LOPES";"Velocidade incompatível";"Capotamento";"Sem Vítimas";"Pleno dia";"Crescente";"Sol";"Dupla";"Curva";"Rural";1;0;0;0;1;0;0;1
83501903;"27/09/16";"Terça";"16:50:00";"SC";282;"120";"BOM RETIRO";"Falta de atenção";"Saída de Pista";"Com Vítimas Feridas";"Pleno dia";"Decrescente";"Ceu Claro";"Simples";"Curva";"Rural";2;0;2;0;0;0;2;1
83501904;"27/09/16";"Terça";"18:26:00";"MT";70;"13";"BARRA DO GARCAS";"Outras";"Capotamento";"Sem Vítimas";"Anoitecer";"Decrescente";"Ceu Claro";"Simples";"Reta";"Rural";2;0;0;0;2;0;0;1
83501905;"27/09/16";"Terça";"15:50:00";"SC";116;"245,5";"LAGES";"Desobediência à sinalização";"Colisão lateral";"Sem Vítimas";"Pleno dia";"Crescente";"Sol";"Simples";"Cruzamento";"Urbano";2;0;0;0;1;1;0;2
83501906;"27/09/16";"Terça";"14:25:00";"SC";282;"417,6";"VARGEM BONITA";"Defeito mecânico em veículo";"Colisão com objeto fixo";"Com Vítimas Feridas";"Pleno dia";"Decrescente";"Sol";"Simples";"Curva";"Rural";2;0;1;0;1;0;1;2
83501907;"27/09/16";"Terça";"17:40:00";"BA";324;"512";"FEIRA DE SANTANA";"Falta de atenção";"Colisão com bicicleta";"Com Vítimas Fatais";"Anoitecer";"Decrescente";"Ceu Claro";"Dupla";"Reta";"Urbano";2;1;0;0;1;0;0;2
83501908;"23/09/16";"Sexta";"08:30:00";"BA";101;"215";"MURITIBA";"Outras";"Tombamento";"Sem Vítimas";"Pleno dia";"Decrescente";"Nublado";"Simples";"Reta";"Rural";1;0;0;0;1;0;0;1
83501909;"27/09/16";"Terça";"16:00:00";"TO";153;"144";"ARAGUAINA";"Falta de atenção";"Colisão traseira";"Com Vítimas Feridas";"Pleno dia";"Crescente";"Chuva";"Simples";"Reta";"Urbano";4;0;0;1;3;0;1;2
83501910;"27/09/16";"Terça";"07:00:00";"MG";365;"628";"UBERLANDIA";"Falta de atenção";"Colisão traseira";"Sem Vítimas";"Pleno dia";"Decrescente";"Ceu Claro";"Múltipla";"Reta";"Urbano";3;0;0;0;3;0;0;3
83501911;"27/09/16";"Terça";"19:30:00";"PR";376;"1";"SAO JOSE DOS PINHAIS";"Falta de atenção";"Colisão Transversal";"Com Vítimas Feridas";"Plena noite";"Crescente";"Ceu Claro";"Simples";"Reta";"Urbano";3;0;1;1;1;0;2;2
83501912;"27/09/16";"Terça";"19:00:00";"RS";158;"389,4";"DILERMANDO DE AGUIAR";"Falta de atenção";"Colisão lateral";"Com Vítimas Feridas";"Anoitecer";"Decrescente";"Ceu Claro";"Simples";"Reta";"Rural";2;0;0;1;1;0;1;2
83501914;"27/09/16";"Terça";"19:30:00";"PR";376;"4,1";"APUCARANA";"Velocidade incompatível";"Colisão Transversal";"Com Vítimas Feridas";"Plena noite";"Crescente";"Ceu Claro";"Dupla";"Cruzamento";"Urbano";2;0;1;0;1;0;1;2
83501915;"27/09/16";"Terça";"14:40:00";"SP";153;"63,9";"SAO JOSE DO RIO PRETO";"Defeito mecânico em veículo";"Incêndio";"Sem Vítimas";"Pleno dia";"Decrescente";"Sol";"Dupla";"Reta";"Urbano";1;0;0;0;1;0;0;1
83501917;"27/09/16";"Terça";"09:00:00";"SP";116;"505";"CAJATI";"Outras";"Tombamento";"Com Vítimas Feridas";"Pleno dia";"Decrescente";"Ceu Claro";"Dupla";"Curva";"Rural";1;0;1;0;0;0;1;1
83501918;"26/09/16";"Segunda";"06:25:00";"RJ";101;"416,5";"MANGARATIBA";"Velocidade incompatível";"Capotamento";"Com Vítimas Feridas";"Amanhecer";"Decrescente";"Chuva";"Simples";"Curva";"Urbano";1;0;1;0;0;0;1;1
83501919;"27/09/16";"Terça";"10:15:00";"GO";60;"215";"VARJAO";"Defeito mecânico em veículo";"Danos Eventuais";"Sem Vítimas";"Pleno dia";"Decrescente";"Sol";"Dupla";"Curva";"Rural";2;0;0;0;2;0;0;2
83501920;"27/09/16";"Terça";"15:50:00";"PA";230;"122,7";"MARABA";"Falta de atenção";"Colisão lateral";"Com Vítimas Feridas";"Pleno dia";"Crescente";"Ceu Claro";"Simples";"Reta";"Urbano";2;0;1;0;1;0;1;2
83501921;"27/09/16";"Terça";"19:40:00";"SC";116;"35,4";"ITAIOPOLIS";"Desobediência à sinalização";"Colisão lateral";"Sem Vítimas";"Plena noite";"Decrescente";"Ceu Claro";"Simples";"Reta";"Rural";3;0;0;0;3;0;0;2
83501922;"27/09/16";"Terça";"19:35:00";"PR";369;"118,5";"JATAIZINHO";"Outras";"Atropelamento de animal";"Com Vítimas Feridas";"Plena noite";"Decrescente";"Ceu Claro";"Simples";"Reta";"Rural";1;0;1;0;0;0;1;1
83501923;"23/09/16";"Sexta";"23:10:00";"DF";70;"5,9";"BRASILIA";"Ingestão de álcool";"Colisão traseira";"Com Vítimas Feridas";"Plena noite";"Crescente";"Nublado";"Simples";"Reta";"Rural";2;0;1;0;1;0;1;2
83501924;"23/09/16";"Sexta";"13:45:00";"SP";116;"70,6";"APARECIDA";"Velocidade incompatível";"Tombamento";"Sem Vítimas";"Pleno dia";"Decrescente";"Sol";"Dupla";"Curva";"Urbano";2;0;0;0;2;0;0;2
83501925;"27/09/16";"Terça";"13:25:00";"MT";70;"3";"BARRA DO GARCAS";"Falta de atenção";"Colisão lateral";"Com Vítimas Feridas";"Pleno dia";"Crescente";"Ceu Claro";"Dupla";"Reta";"Urbano";2;0;0;1;1;0;1;2