"id";"data_inversa";"dia_semana";"horario";"uf";"br";"km";"municipio";"causa_acidente";"tipo_acidente";"classificacao_acidente";"fase_dia";"sentido_via";"condicao_metereologica";"tipo_pista";"tracado_via";"uso_solo";"pessoas";"mortos";"feridos_leves";"feridos_graves";"ilesos";"ignorados";"feridos";"veiculos"
83502044;"28/09/16";"Quarta";"08:12:00";"PR";116;"117";"CURITIBA";"Falta de atenção";"Colisão traseira";"Com Vítimas Feridas";"Pleno dia";"Decrescente";"Ceu Claro";"Dupla";"Reta";"Urbano";2;0;1;0;1;0;1;2
83502045;"28/09/16";"Quarta";"08:03:00";"RN";101;"84,4";"NATAL";"Outras";"Colisão traseira";"Com Vítimas Fatais";"Pleno dia";"Decrescente";"Ceu Claro";"Simples";"Reta";"Urbano";2;1;0;0;1;0;0;2
83502046;"25/09/16";"Domingo";"03:40:00";"PR";376;"176,1";"MARINGA";"Ingestão de álcool";"Colisão lateral";"Sem Vítimas";"Plena noite";"Decrescente";"Nublado";"Dupla";"Cruzamento";"Urbano";4;0;0;0;4;0;0;2
83502047;"28/09/16";"Quarta";"07:30:00";"PR";376;"175,5";"MARINGA";"Falta de atenção";"Colisão traseira";"Com Vítimas Feridas";"Pleno dia";"Decrescente";"Ceu Claro";"Dupla";"Reta";"Urbano";2;0;0;1;1;0;1;2
83502048;"24/09/16";"Sábado";"13:20:00";"PI";343;"3,8";"TERESINA";"Não guardar distância de segurança";"Colisão traseira";"Sem Vítimas";"Pleno dia";"Crescente";"Ceu Claro";"Múltipla";"Cruzamento";"Urbano";4;0;0;0;4;0;0;4
83502049;"25/06/16";"Sábado";"22:40:00";"MG";381;"371";"SAO GONCALO DO RIO ABAIXO";"Velocidade incompatível";"Colisão frontal";"Com Vítimas Feridas";"Plena noite";"Crescente";"Chuva";"Simples";"Curva";"Rural";6;0;4;0;2;0;4;2
83502050;"15/02/16";"Segunda";"10:10:00";"SP";116;"120";"CACAPAVA";"Defeito mecânico em veículo";"Queda de motocicleta / bicicleta / veículo";"Com Vítimas Feridas";"Pleno dia";"Decrescente";"Ceu Claro";"Dupla";"Reta";"Urbano";3;0;1;1;1;0;2;2
83502051;"24/09/16";"Sábado";"18:00:00";"MG";40;"661,1";"CARANDAI";"Velocidade incompatível";"Tombamento";"Sem Vítimas";"Plena noite";"Crescente";"Chuva";"Simples";"Curva";"Rural";1;0;0;0;1;0;0;1
83502052;"28/09/16";"Quarta";"07:30:00";"MG";381;"483,8";"BETIM";"Não guardar distância de segurança";"Colisão traseira";"Sem Vítimas";"Amanhecer";"Crescente";"Ceu Claro";"Dupla";"Reta";"Urbano";2;0;0;0;2;0;0;2
83502053;"24/09/16";"Sábado";"20:20:00";"GO";50;"249,7";"CATALAO";"Falta de atenção";"Saída de Pista";"Sem Vítimas";"Plena noite";"Decrescente";"Ignorada";"Simples";"Reta";"Urbano";1;0;0;0;1;0;0;1
83502054;"28/09/16";"Quarta";"07:30:00";"ES";262;"84,5";"DOMINGOS MARTINS";"Outras";"Capotamento";"Com Vítimas Feridas";"Pleno dia";"Crescente";"Nublado";"Simples";"Reta";"Rural";2;0;1;0;0;1;1;2
83502055;"24/09/16";"Sábado";"20:20:00";"GO";40;"13";"LUZIANIA";"Ingestão de álcool";"Tombamento";"Sem Vítimas";"Plena noite";"Crescente";"Nublado";"Dupla";"Reta";"Urbano";1;0;0;0;1;0;0;1
83502056;"24/09/16";"Sábado";"19:20:00";"PR";277;"0,1";"FOZ DO IGUACU";"Outras";"Colisão com objeto fixo";"Com Vítimas Feridas";"Plena noite";"Decrescente";"Ceu Claro";"Dupla";"Reta";"Urbano";1;0;0;1;0;0;1;1
83502057;"25/09/16";"Domingo";"03:00:00";"MG";251;"459,5";"GRAO MOGOL";"Defeito na via";"Saída de Pista";"Com Vítimas Feridas";"Plena noite";"Decrescente";"Nublado";"Simples";"Reta";"Rural";1;0;1;0;0;0;1;1
83502058;"24/09/16";"Sábado";"15:05:00";"SP";381;"64";"MAIRIPORA";"Outras";"Colisão traseira";"Com Vítimas Feridas";"Pleno dia";"Crescente";"Ceu Claro";"Dupla";"Curva";"Urbano";3;0;2;0;1;0;2;2
83502059;"28/09/16";"Quarta";"09:19:00";"PR";277;"722";"FOZ DO IGUACU";"Velocidade incompatível";"Saída de Pista";"Com Vítimas Feridas";"Pleno dia";"Crescente";"Ceu Claro";"Dupla";"Reta";"Urbano";6;0;2;0;4;0;2;2
83502060;"28/09/16";"Quarta";"08:30:00";"SC";101;"213";"PALHOCA";"Outras";"Colisão lateral";"Com Vítimas Feridas";"Pleno dia";"Decrescente";"Ceu Claro";"Dupla";"Reta";"Urbano";2;0;0;1;1;0;1;2
83502061;"20/09/16";"Terça";"09:30:00";"PE";232;"100";"BEZERROS";"Outras";"Queda de motocicleta / bicicleta / veículo";"Com Vítimas Feridas";"Pleno dia";"Crescente";"Sol";"Múltipla";"Reta";"Urbano";2;0;1;0;1;0;1;2
83502062;"25/09/16";"Domingo";"07:30:00";"SP";116;"153";"SAO JOSE DOS CAMPOS";"Falta de atenção";"Saída de Pista";"Sem Vítimas";"Pleno dia";"Decrescente";"Nublado";"Múltipla";"Reta";"Urbano";1;0;0;0;1;0;0;1
83502063;"24/09/16";"Sábado";"19:54:00";"SP";116;"311";"SAO LOURENCO DA SERRA";"Velocidade incompatível";"Colisão traseira";"Sem Vítimas";"Plena noite";"Crescente";"Nublado";"Dupla";"Reta";"Rural";2;0;0;0;2;0;0;2
83502064;"25/09/16";"Domingo";"02:00:00";"SE";101;"93";"NOSSA SENHORA DO SOCORRO";"Outras";"Capotamento";"Ignorado";"Plena noite";"Decrescente";"Ceu Claro";"Dupla";"Curva";"Urbano";1;0;0;0;0;1;0;1
83502065;"23/09/16";"Sexta";"18:40:00";"SP";116;"150";"SAO JOSE DOS CAMPOS";"Outras";"Colisão traseira";"Com Vítimas Feridas";"Plena noite";"Decrescente";"Ceu Claro";"Dupla";"Reta";"Urbano";3;0;1;0;2;0;1;2
83502066;"28/09/16";"Quarta";"07:25:00";"GO";40;"0,5";"VALPARAISO DE GOIAS";"Falta de atenção";"Queda de motocicleta / bicicleta / veículo";"Com Vítimas Feridas";"Pleno dia";"Decrescente";"Ceu Claro";"Dupla";"Reta";"Urbano";1;0;1;0;0;0;1;1
83502067;"28/09/16";"Quarta";"09:30:00";"SP";116;"269,3";"TABOAO DA SERRA";"Falta de atenção";"Colisão lateral";"Com Vítimas Feridas";"Pleno dia";"Decrescente";"Ceu Claro";"Dupla";"Reta";"Urbano";2;0;1;0;1;0;1;2
83502068;"28/09/16";"Quarta";"07:00:00";"MG";40;"735,2";"SANTOS DUMONT";"Velocidade incompatível";"Saída de Pista";"Sem Vítimas";"Amanhecer";"Crescente";"Chuva";"Simples";"Curva";"Rural";1;0;0;0;1;0;0;1
83502069;"24/09/16";"Sábado";"16:30:00";"GO";20;"65";"FORMOSA";"Defeito mecânico em veículo";"Colisão traseira";"Com Vítimas Fatais";"Pleno dia";"Crescente";"Ceu Claro";"Simples";"Reta";"Urbano";4;1;0;2;1;0;2;2
83502070;"28/09/16";"Quarta";"07:40:00";"MG";40;"717,3";"BARBACENA";"Velocidade incompatível";"Colisão com objeto fixo";"Sem Vítimas";"Amanhecer";"Decrescente";"Nevoeiro/neblina";"Dupla";"Curva";"Rural";1;0;0;0;1;0;0;1
83502071;"25/09/16";"Domingo";"05:25:00";"RJ";116;"103";"GUAPIMIRIM";"Outras";"Atropelamento de pessoa";"Com Vítimas Feridas";"Plena noite";"Decrescente";"Chuva";"Dupla";"Curva";"Urbano";2;0;0;1;1;0;1;1
83502072;"24/09/16";"Sábado";"19:07:00";"PR";369;"137";"IBIPORA";"Ingestão de álcool";"Colisão traseira";"Sem Vítimas";"Plena noite";"Decrescente";"Ceu Claro";"Simples";"Reta";"Urbano";3;0;0;0;3;0;0;2
83502073;"24/09/16";"Sábado";"16:40:00";"MG";40;"455,7";"CAETANOPOLIS";"Falta de atenção";"Capotamento";"Sem Vítimas";"Pleno dia";"Crescente";"Ceu Claro";"Simples";"Reta";"Rural";1;0;0;0;1;0;0;1
83502074;"28/09/16";"Quarta";"00:45:00";"SP";488;"4";"APARECIDA";"Ingestão de álcool";"Colisão com objeto fixo";"Com Vítimas Feridas";"Plena noite";"Decrescente";"Ceu Claro";"Dupla";"Reta";"Urbano";3;0;1;1;1;0;2;2
83502075;"24/09/16";"Sábado";"21:10:00";"MG";40;"449";"CAETANOPOLIS";"Falta de atenção";"Queda de motocicleta / bicicleta / veículo";"Com Vítimas Feridas";"Plena noite";"Decrescente";"Ceu Claro";"Dupla";"Reta";"Rural";2;0;0;1;1;0;1;2
83502076;"27/09/16";"Terça";"05:20:00";"PB";230;"61,8";"CRUZ DO ESPIRITO SANTO";"Outras";"Tombamento";"Com Vítimas Feridas";"Pleno dia";"Crescente";"Nublado";"Dupla";"Reta";"Rural";3;0;0;2;1;0;2;2
83502077;"28/09/16";"Quarta";"10:30:00";"RJ";101;"303";"SAO GONCALO";"Outras";"Tombamento";"Sem Vítimas";"Pleno dia";"Decrescente";"Ceu Claro";"Dupla";"Reta";"Urbano";1;0;0;0;1;0;0;1
83502078;"23/09/16";"Sexta";"10:43:00";"SC";101;"206";"SAO JOSE";"Outras";"Colisão lateral";"Sem Vítimas";"Pleno dia";"Crescente";"Ceu Claro";"Dupla";"Reta";"Urbano";2;0;0;0;2;0;0;2
83502079;"28/09/16";"Quarta";"11:40:00";"SC";101;"29";"JOINVILLE";"Velocidade incompatível";"Colisão traseira";"Com Vítimas Feridas";"Pleno dia";"Crescente";"Sol";"Dupla";"Reta";"Rural";3;0;1;0;2;0;1;3
83502080;"28/09/16";"Quarta";"12:15:00";"RN";304;"35";"MOSSORO";"Falta de atenção";"Colisão Transversal";"Com Vítimas Feridas";"Pleno dia";"Crescente";"Sol";"Dupla";"Curva";"Urbano";2;0;1;0;1;0;1;2
83502081;"20/09/16";"Terça";"17:20:00";"PE";232;"108,7";"BEZERROS";"Falta de atenção";"Colisão traseira";"Com Vítimas Feridas";"Plena noite";"Crescente";"Ceu Claro";"Dupla";"Reta";"Rural";2;0;1;0;1;0;1;2
83502082;"20/09/16";"Terça";"20:30:00";"MG";50;"164,4";"UBERABA";"Animais na Pista";"Atropelamento de animal";"Com Vítimas Feridas";"Plena noite";"Crescente";"Ceu Claro";"Dupla";"Reta";"Rural";1;0;1;0;0;0;1;1
83502083;"24/09/16";"Sábado";"20:30:00";"MG";135;"659,9";"CURVELO";"Velocidade incompatível";"Colisão frontal";"Com Vítimas Feridas";"Plena noite";"Decrescente";"Chuva";"Simples";"Curva";"Rural";5;0;2;0;3;0;2;2
83502084;"21/09/16";"Quarta";"10:30:00";"MA";135;"106,9";"ITAPECURU MIRIM";"Outras";"Saída de Pista";"Sem Vítimas";"Pleno dia";"Crescente";"Ceu Claro";"Simples";"Curva";"Rural";1;0;0;0;1;0;0;1
83502085;"28/09/16";"Quarta";"07:45:00";"RS";116;"136";"CAXIAS DO SUL";"Falta de atenção";"Colisão frontal";"Com Vítimas Feridas";"Pleno dia";"Decrescente";"Ceu Claro";"Simples";"Cruzamento";"Urbano";6;0;5;0;1;0;5;2
83502086;"26/09/16";"Segunda";"06:00:00";"RO";364;"399";"OURO PRETO DO OESTE";"Falta de atenção";"Colisão traseira";"Sem Vítimas";"Amanhecer";"Crescente";"Ceu Claro";"Simples";"Reta";"Rural";3;0;0;0;3;0;0;2
83502087;"28/09/16";"Quarta";"07:40:00";"RS";287;"248,2";"SANTA MARIA";"Não guardar distância de segurança";"Colisão traseira";"Sem Vítimas";"Pleno dia";"Decrescente";"Ceu Claro";"Simples";"Reta";"Urbano";3;0;0;0;3;0;0;3
83502088;"28/09/16";"Quarta";"11:37:00";"PR";277;"124";"BALSA NOVA";"Velocidade incompatível";"Colisão traseira";"Sem Vítimas";"Pleno dia";"Crescente";"Nublado";"Dupla";"Reta";"Rural";3;0;0;0;3;0;0;3
83502089;"28/09/16";"Quarta";"11:40:00";"GO";60;"136";"GOIANIA";"Dormindo";"Saída de Pista";"Sem Vítimas";"Pleno dia";"Crescente";"Sol";"Dupla";"Reta";"Urbano";1;0;0;0;1;0;0;1
83502090;"28/09/16";"Quarta";"07:00:00";"SP";381;"22";"BRAGANCA PAULISTA";"Velocidade incompatível";"Queda de motocicleta / bicicleta / veículo";"Com Vítimas Feridas";"Amanhecer";"Crescente";"Ceu Claro";"Dupla";"Reta";"Rural";1;0;1;0;0;0;1;1
83502091;"25/09/16";"Domingo";"02:00:00";"RJ";116;"177,8";"NOVA IGUACU";"Velocidade incompatível";"Colisão traseira";"Com Vítimas Fatais";"Plena noite";"Crescente";"Chuva";"Múltipla";"Reta";"Urbano";2;1;0;0;1;0;0;2
83502092;"28/09/16";"Quarta";"08:00:00";"GO";40;"5";"VALPARAISO DE GOIAS";"Falta de atenção";"Queda de motocicleta / bicicleta / veículo";"Com Vítimas Feridas";"Pleno dia";"Decrescente";"Ceu Claro";"Dupla";"Reta";"Urbano";2;0;2;0;0;0;2;1
83502093;"28/09/16";"Quarta";"08:20:00";"CE";222;"204";"FORQUILHA";"Velocidade incompatível";"Saída de Pista";"Com Vítimas Feridas";"Pleno dia";"Crescente";"Ceu Claro";"Simples";"Curva";"Rural";1;0;1;0;0;0;1;1
83502094;"26/09/16";"Segunda";"06:30:00";"PR";376;"664,5";"GUARATUBA";"Velocidade incompatível";"Saída de Pista";"Com Vítimas Feridas";"Amanhecer";"Decrescente";"Nublado";"Simples";"Curva";"Rural";2;0;1;0;1;0;1;1
83502095;"28/09/16";"Quarta";"12:15:00";"SP";153;"104,4";"JOSE BONIFACIO";"Falta de atenção";"Colisão Transversal";"Com Vítimas Feridas";"Pleno dia";"Decrescente";"Ceu Claro";"Simples";"Reta";"Rural";2;0;1;0;1;0;1;2
83502096;"21/09/16";"Quarta";"06:00:00";"BA";116;"866";"VITORIA DA CONQUISTA";"Dormindo";"Colisão traseira";"Sem Vítimas";"Pleno dia";"Crescente";"Ceu Claro";"Simples";"Reta";"Rural";2;0;0;0;2;0;0;2
83502097;"24/09/16";"Sábado";"19:00:00";"SP";116;"224";"GUARULHOS";"Não guardar distância de segurança";"Colisão traseira";"Com Vítimas Feridas";"Plena noite";"Crescente";"Ceu Claro";"Múltipla";"Reta";"Urbano";4;0;2;0;2;0;2;3
83502098;"28/09/16";"Quarta";"12:20:00";"MG";40;"656";"CRISTIANO OTONI";"Falta de atenção";"Saída de Pista";"Com Vítimas Feridas";"Pleno dia";"Decrescente";"Sol";"Simples";"Curva";"Rural";1;0;1;0;0;0;1;1
83502099;"28/09/16";"Quarta";"14:20:00";"SC";282;"514,4";"XAXIM";"Velocidade incompatível";"Capotamento";"Com Vítimas Feridas";"Pleno dia";"Crescente";"Sol";"Simples";"Curva";"Rural";1;0;1;0;0;0;1;1
83502100;"26/09/16";"Segunda";"14:00:00";"PR";272;"548";"TERRA ROXA";"Outras";"Colisão Transversal";"Sem Vítimas";"Pleno dia";"Crescente";"Ceu Claro";"Simples";"Cruzamento";"Rural";6;0;0;0;6;0;0;2
83502101;"28/09/16";"Quarta";"07:00:00";"PR";369;"138,7";"IBIPORA";"Desobediência à sinalização";"Colisão Transversal";"Com Vítimas Feridas";"Pleno dia";"Crescente";"Ceu Claro";"Simples";"Reta";"Rural";2;0;0;1;1;0;1;2
83502102;"28/09/16";"Quarta";"09:20:00";"GO";153;"498,8";"GOIANIA";"Desobediência à sinalização";"Colisão traseira";"Com Vítimas Feridas";"Pleno dia";"Decrescente";"Ceu Claro";"Dupla";"Reta";"Urbano";2;0;1;0;1;0;1;2
83502103;"01/07/16";"Sexta";"18:50:00";"RS";116;"147";"CAXIAS DO SUL";"Falta de atenção";"Colisão Transversal";"Com Vítimas Feridas";"Anoitecer";"Crescente";"Ceu Claro";"Simples";"Reta";"Urbano";2;0;1;0;1;0;1;2
83502104;"28/09/16";"Quarta";"06:45:00";"GO";40;"3";"VALPARAISO DE GOIAS";"Outras";"Queda de motocicleta / bicicleta / veículo";"Sem Vítimas";"Pleno dia";"Decrescente";"Sol";"Dupla";"Reta";"Urbano";2;0;0;0;2;0;0;2
83502105;"28/09/16";"Quarta";"12:40:00";"CE";116;"54,2";"CHOROZINHO";"Defeito mecânico em veículo";"Saída de Pista";"Sem Vítimas";"Pleno dia";"Crescente";"Ceu Claro";"Simples";"Reta";"Rural";1;0;0;0;1;0;0;1
83502106;"28/09/16";"Quarta";"11:50:00";"RN";304;"47,5";"MOSSORO";"Defeito mecânico em veículo";"Queda de motocicleta / bicicleta / veículo";"Com Vítimas Feridas";"Pleno dia";"Decrescente";"Sol";"Dupla";"Reta";"Urbano";2;0;2;0;0;0;2;1
83502107;"24/09/16";"Sábado";"22:00:00";"RJ";101;"409";"ITAGUAI";"Outras";"Colisão traseira";"Com Vítimas Feridas";"Plena noite";"Crescente";"Nublado";"Dupla";"Reta";"Urbano";3;0;1;0;1;1;1;2
83502108;"28/09/16";"Quarta";"06:40:00";"MG";153;"1,6";"ARAPORA";"Falta de atenção";"Colisão traseira";"Com Vítimas Feridas";"Amanhecer";"Crescente";"Ceu Claro";"Dupla";"Reta";"Rural";3;0;1;0;2;0;1;2
83502109;"28/09/16";"Quarta";"11:00:00";"PR";369;"481";"CORBELIA";"Falta de atenção";"Capotamento";"Com Vítimas Feridas";"Pleno dia";"Crescente";"Ceu Claro";"Simples";"Curva";"Rural";1;0;1;0;0;0;1;1
83502110;"23/08/16";"Terça";"19:30:00";"ES";262;"135";"BREJETUBA";"Defeito mecânico em veículo";"Incêndio";"Sem Vítimas";"Plena noite";"Decrescente";"Ceu Claro";"Simples";"Curva";"Rural";1;0;0;0;1;0;0;1
83502111;"10/09/16";"Sábado";"17:40:00";"TO";153;"353";"FORTALEZA DO TABOCAO";"Defeito na via";"Saída de Pista";"Com Vítimas Feridas";"Plena noite";"Crescente";"Ceu Claro";"Simples";"Reta";"Rural";1;0;1;0;0;0;1;1
83502112;"28/09/16";"Quarta";"12:35:00";"GO";80;"148";"SANTA RITA DO NOVO DESTINO";"Falta de atenção";"Capotamento";"Com Vítimas Feridas";"Pleno dia";"Crescente";"Ceu Claro";"Simples";"Reta";"Rural";1;0;1;0;0;0;1;1
83502113;"22/09/16";"Quinta";"09:30:00";"BA";418;"81";"NOVA VICOSA";"Outras";"Colisão traseira";"Sem Vítimas";"Pleno dia";"Crescente";"Ceu Claro";"Simples";"Reta";"Rural";2;0;0;0;2;0;0;2
83502114;"26/09/16";"Segunda";"00:50:00";"CE";20;"410";"CAUCAIA";"Falta de atenção";"Capotamento";"Ignorado";"Plena noite";"Crescente";"Ceu Claro";"Dupla";"Reta";"Rural";1;0;0;0;0;1;0;1
83502115;"28/09/16";"Quarta";"13:10:00";"ES";101;"395,9";"RIO NOVO DO SUL";"Outras";"Queda de motocicleta / bicicleta / veículo";"Com Vítimas Feridas";"Pleno dia";"Crescente";"Nublado";"Simples";"Reta";"Rural";2;0;1;0;1;0;1;1
83502116;"28/02/16";"Domingo";"00:05:00";"SC";101;"324";"PESCARIA BRAVA";"Outras";"Atropelamento de pessoa";"Com Vítimas Fatais";"Plena noite";"Crescente";"Ceu Claro";"Dupla";"Reta";"Urbano";2;1;0;0;0;1;0;1
83502117;"28/09/16";"Quarta";"07:25:00";"MG";116;"620,9";"ORIZANIA";"Falta de atenção";"Capotamento";"Com Vítimas Feridas";"Pleno dia";"Crescente";"Ceu Claro";"Simples";"Reta";"Urbano";1;0;0;1;0;0;1;1
83502118;"05/09/16";"Segunda";"20:30:00";"PR";158;"427,2";"RIO BONITO DO IGUACU";"Outras";"Saída de Pista";"Sem Vítimas";"Plena noite";"Decrescente";"Chuva";"Simples";"Curva";"Rural";1;0;0;0;1;0;0;1
83502119;"28/09/16";"Quarta";"15:30:00";"MG";40;"571";"ITABIRITO";"Falta de atenção";"Tombamento";"Sem Vítimas";"Pleno dia";"Crescente";"Ceu Claro";"Simples";"Reta";"Rural";1;0;0;0;1;0;0;1
83502120;"28/09/16";"Quarta";"14:30:00";"PA";316;"114";"SANTA MARIA DAS BARREIRAS";"Falta de atenção";"Colisão traseira";"Sem Vítimas";"Pleno dia";"Decrescente";"Ceu Claro";"Simples";"Reta";"Rural";4;0;0;0;4;0;0;4
83502121;"28/09/16";"Quarta";"12:10:00";"BA";407;"109";"JAGUARARI";"Ultrapassagem indevida";"Colisão frontal";"Com Vítimas Feridas";"Pleno dia";"Crescente";"Sol";"Simples";"Reta";"Rural";3;0;2;1;0;0;3;2
83502122;"28/09/16";"Quarta";"08:35:00";"SC";101;"214";"PALHOCA";"Falta de atenção";"Colisão lateral";"Com Vítimas Feridas";"Pleno dia";"Decrescente";"Ceu Claro";"Múltipla";"Reta";"Urbano";2;0;1;0;1;0;1;2
83502123;"28/09/16";"Quarta";"14:00:00";"PR";376;"178,2";"MARINGA";"Desobediência à sinalização";"Colisão Transversal";"Com Vítimas Feridas";"Pleno dia";"Decrescente";"Ceu Claro";"Dupla";"Cruzamento";"Urbano";2;0;0;1;1;0;1;2
83502124;"28/09/16";"Quarta";"14:00:00";"PR";272;"361,3";"CAMPO MOURAO";"Desobediência à sinalização";"Atropelamento de pessoa";"Com Vítimas Feridas";"Pleno dia";"Crescente";"Ceu Claro";"Simples";"Cruzamento";"Urbano";2;0;0;1;1;0;1;1
83502126;"26/04/16";"Terça";"13:20:00";"RS";158;"561";"SANTANA DO LIVRAMENTO";"Falta de atenção";"Colisão Transversal";"Sem Vítimas";"Pleno dia";"Crescente";"Nublado";"Simples";"Reta";"Urbano";3;0;0;0;3;0;0;3
83502127;"23/09/16";"Sexta";"18:35:00";"RN";405;"62,3";"FELIPE GUERRA";"Falta de atenção";"Colisão frontal";"Sem Vítimas";"Plena noite";"Crescente";"Ceu Claro";"Simples";"Reta";"Rural";2;0;0;0;2;0;0;2
83502128;"28/09/16";"Quarta";"07:50:00";"DF";20;"13";"BRASILIA";"Velocidade incompatível";"Colisão traseira";"Com Vítimas Feridas";"Pleno dia";"Decrescente";"Sol";"Dupla";"Reta";"Urbano";2;0;1;0;1;0;1;2
83502129;"28/09/16";"Quarta";"15:30:00";"RS";158;"256,3";"JULIO DE CASTILHOS";"Dormindo";"Saída de Pista";"Com Vítimas Feridas";"Pleno dia";"Crescente";"Sol";"Simples";"Reta";"Rural";1;0;1;0;0;0;1;1
83502130;"28/09/16";"Quarta";"15:00:00";"SP";116;"228,6";"SAO PAULO";"Não guardar distância de segurança";"Colisão traseira";"Sem Vítimas";"Pleno dia";"Decrescente";"Ceu Claro";"Dupla";"Reta";"Urbano";2;0;0;0;2;0;0;2
83502131;"28/09/16";"Quarta";"17:00:00";"RJ";101;"322";"NITEROI";"Outras";"Colisão com objeto fixo";"Sem Vítimas";"Pleno dia";"Decrescente";"Ceu Claro";"Dupla";"Reta";"Urbano";1;0;0;0;1;0;0;1
83502132;"28/09/16";"Quarta";"13:45:00";"RS";472;"515";"URUGUAIANA";"Defeito mecânico em veículo";"Colisão com objeto fixo";"Sem Vítimas";"Pleno dia";"Decrescente";"Ceu Claro";"Simples";"Reta";"Rural";1;0;0;0;1;0;0;1
83502133;"28/09/16";"Quarta";"17:00:00";"SC";101;"72";"ARAQUARI";"Defeito mecânico em veículo";"Queda de motocicleta / bicicleta / veículo";"Com Vítimas Feridas";"Pleno dia";"Crescente";"Ceu Claro";"Dupla";"Reta";"Urbano";2;0;2;0;0;0;2;1
83502134;"28/09/16";"Quarta";"15:40:00";"MG";381;"750,1";"TRES CORACOES";"Velocidade incompatível";"Tombamento";"Com Vítimas Feridas";"Pleno dia";"Crescente";"Ceu Claro";"Dupla";"Reta";"Rural";3;0;2;0;1;0;2;2
83502135;"28/09/16";"Quarta";"11:30:00";"MT";70;"524";"VARZEA GRANDE";"Desobediência à sinalização";"Colisão Transversal";"Com Vítimas Feridas";"Pleno dia";"Crescente";"Sol";"Simples";"Reta";"Urbano";4;0;0;1;3;0;1;2
83502136;"24/09/16";"Sábado";"18:30:00";"BA";101;"444,8";"UBAITABA";"Ingestão de álcool";"Colisão Transversal";"Sem Vítimas";"Plena noite";"Crescente";"Ceu Claro";"Simples";"Reta";"Urbano";2;0;0;0;2;0;0;2
83502137;"28/09/16";"Quarta";"11:40:00";"MT";70;"518";"VARZEA GRANDE";"Ultrapassagem indevida";"Colisão Transversal";"Com Vítimas Feridas";"Pleno dia";"Crescente";"Sol";"Simples";"Reta";"Urbano";2;0;0;1;1;0;1;2
83502139;"27/09/16";"Terça";"09:15:00";"BA";242;"364";"PALMEIRAS";"Velocidade incompatível";"Capotamento";"Sem Vítimas";"Pleno dia";"Crescente";"Chuva";"Simples";"Curva";"Rural";1;0;0;0;1;0;0;1
83502140;"28/09/16";"Quarta";"12:10:00";"RS";470;"287,4";"MONTENEGRO";"Desobediência à sinalização";"Colisão Transversal";"Com Vítimas Feridas";"Pleno dia";"Decrescente";"Ceu Claro";"Simples";"Curva";"Urbano";3;0;1;0;2;0;1;2
83502141;"28/09/16";"Quarta";"03:45:00";"SP";116;"159,9";"JACAREI";"Outras";"Colisão com objeto móvel";"Sem Vítimas";"Plena noite";"Crescente";"Ceu Claro";"Dupla";"Reta";"Urbano";1;0;0;0;1;0;0;1
83502142;"28/09/16";"Quarta";"15:30:00";"SP";153;"217";"MARILIA";"Falta de atenção";"Colisão Transversal";"Com Vítimas Feridas";"Pleno dia";"Decrescente";"Ceu Claro";"Simples";"Reta";"Rural";2;0;2;0;0;0;2;2
83502143;"28/09/16";"Quarta";"13:00:00";"RS";386;"402,3";"TRIUNFO";"Outras";"Colisão traseira";"Com Vítimas Fatais";"Pleno dia";"Crescente";"Sol";"Simples";"Reta";"Rural";4;1;0;2;1;0;2;2
83502144;"28/09/16";"Quarta";"15:15:00";"RS";293;"348";"SANTANA DO LIVRAMENTO";"Outras";"Saída de Pista";"Com Vítimas Feridas";"Pleno dia";"Crescente";"Ceu Claro";"Simples";"Reta";"Rural";5;0;2;0;3;0;2;1
83502145;"25/09/16";"Domingo";"03:45:00";"MG";381;"805";"SAO GONCALO DO SAPUCAI";"Desobediência à sinalização";"Colisão Transversal";"Com Vítimas Feridas";"Plena noite";"Crescente";"Ceu Claro";"Dupla";"Reta";"Rural";4;0;2;0;1;1;2;2
83502146;"28/09/16";"Quarta";"17:50:00";"SE";101;"102,8";"SAO CRISTOVAO";"Falta de atenção";"Colisão traseira";"Sem Vítimas";"Anoitecer";"Crescente";"Nublado";"Dupla";"Reta";"Rural";2;0;0;0;2;0;0;2
83502147;"27/09/16";"Terça";"12:40:00";"MS";163;"693";"RIO VERDE DE MATO GROSSO";"Falta de atenção";"Colisão com objeto fixo";"Com Vítimas Feridas";"Pleno dia";"Decrescente";"Ceu Claro";"Dupla";"Reta";"Rural";5;0;1;0;4;0;1;3
83502150;"28/09/16";"Quarta";"16:30:00";"MT";70;"28,3";"BARRA DO GARCAS";"Velocidade incompatível";"Tombamento";"Sem Vítimas";"Pleno dia";"Decrescente";"Ceu Claro";"Simples";"Curva";"Rural";1;0;0;0;1;0;0;1
83502151;"28/09/16";"Quarta";"06:00:00";"RJ";101;"55";"CAMPOS DOS GOYTACAZES";"Outras";"Derramamento de Carga";"Sem Vítimas";"Amanhecer";"Crescente";"Nublado";"Simples";"Reta";"Urbano";1;0;0;0;1;0;0;1
83502152;"28/09/16";"Quarta";"15:02:00";"MT";163;"547";"DIAMANTINO";"Falta de atenção";"Tombamento";"Sem Vítimas";"Pleno dia";"Decrescente";"Ceu Claro";"Simples";"Reta";"Rural";1;0;0;0;1;0;0;1
83502153;"24/09/16";"Sábado";"21:00:00";"PR";277;"656";"MATELANDIA";"Defeito na via";"Saída de Pista";"Com Vítimas Feridas";"Plena noite";"Decrescente";"Ceu Claro";"Simples";"Curva";"Urbano";2;0;1;0;1;0;1;1