"id";"data_inversa";"dia_semana";"horario";"uf";"br";"km";"municipio";"causa_acidente";"tipo_acidente";"classificacao_acidente";"fase_dia";"sentido_via";"condicao_metereologica";"tipo_pista";"tracado_via";"uso_solo";"pessoas";"mortos";"feridos_leves";"feridos_graves";"ilesos";"ignorados";"feridos";"veiculos"
83502154;"28/09/16";"Quarta";"12:30:00";"TO";153;"440";"MIRACEMA DO TOCANTINS";"Ingestão de álcool";"Colisão lateral";"Sem Vítimas";"Pleno dia";"Decrescente";"Nublado";"Simples";"Curva";"Rural";2;0;0;0;2;0;0;2
83502156;"28/09/16";"Quarta";"17:55:00";"MG";381;"167,9";"GOVERNADOR VALADARES";"Falta de atenção";"Colisão Transversal";"Com Vítimas Feridas";"Plena noite";"Decrescente";"Ignorada";"Simples";"Reta";"Rural";2;0;1;0;1;0;1;2
83502157;"28/09/16";"Quarta";"09:20:00";"MG";267;"299";"BAEPENDI";"Outras";"Saída de Pista";"Com Vítimas Feridas";"Pleno dia";"Crescente";"Nublado";"Simples";"Curva";"Rural";1;0;0;1;0;0;1;1
83502158;"28/09/16";"Quarta";"17:50:00";"RS";290;"106";"ELDORADO DO SUL";"Falta de atenção";"Colisão traseira";"Sem Vítimas";"Pleno dia";"Decrescente";"Ceu Claro";"Dupla";"Reta";"Rural";3;0;0;0;3;0;0;3
83502159;"28/09/16";"Quarta";"18:00:00";"RS";116;"148";"CAXIAS DO SUL";"Velocidade incompatível";"Saída de Pista";"Sem Vítimas";"Pleno dia";"Decrescente";"Sol";"Dupla";"Curva";"Urbano";1;0;0;0;1;0;0;1
83502160;"23/09/16";"Sexta";"17:00:00";"PR";163;"288,4";"MARECHAL CANDIDO RONDON";"Outras";"Queda de motocicleta / bicicleta / veículo";"Sem Vítimas";"Pleno dia";"Decrescente";"Sol";"Dupla";"Reta";"Urbano";3;0;0;0;3;0;0;2
83502161;"28/09/16";"Quarta";"17:30:00";"PR";369;"143";"LONDRINA";"Não guardar distância de segurança";"Colisão traseira";"Com Vítimas Feridas";"Pleno dia";"Crescente";"Sol";"Simples";"Reta";"Urbano";3;0;0;2;1;0;2;3
83502162;"28/09/16";"Quarta";"18:15:00";"BA";324;"614";"SALVADOR";"Falta de atenção";"Colisão traseira";"Sem Vítimas";"Anoitecer";"Crescente";"Ceu Claro";"Dupla";"Reta";"Urbano";5;0;0;0;5;0;0;5
83502164;"26/09/16";"Segunda";"18:20:00";"BA";324;"545";"AMELIA RODRIGUES";"Outras";"Atropelamento de pessoa";"Com Vítimas Feridas";"Plena noite";"Crescente";"Nublado";"Dupla";"Reta";"Urbano";2;0;0;1;0;1;1;1
83502165;"28/09/16";"Quarta";"18:20:00";"SC";101;"215,5";"PALHOCA";"Outras";"Colisão lateral";"Com Vítimas Feridas";"Anoitecer";"Decrescente";"Ceu Claro";"Dupla";"Reta";"Urbano";2;0;1;0;1;0;1;2
83502166;"24/09/16";"Sábado";"16:30:00";"BA";324;"578";"CANDEIAS";"Falta de atenção";"Colisão traseira";"Sem Vítimas";"Anoitecer";"Decrescente";"Nublado";"Dupla";"Reta";"Rural";2;0;0;0;2;0;0;2
83502167;"23/09/16";"Sexta";"16:40:00";"RJ";393;"281";"VOLTA REDONDA";"Outras";"Colisão com bicicleta";"Com Vítimas Feridas";"Pleno dia";"Crescente";"Ceu Claro";"Simples";"Reta";"Urbano";2;0;0;1;0;1;1;2
83502168;"27/09/16";"Terça";"21:55:00";"PI";316;"245,6";"INHUMA";"Ingestão de álcool";"Saída de Pista";"Sem Vítimas";"Plena noite";"Decrescente";"Ceu Claro";"Simples";"Reta";"Rural";1;0;0;0;1;0;0;1
83502169;"21/09/16";"Quarta";"06:30:00";"DF";60;"3";"BRASILIA";"Não guardar distância de segurança";"Colisão traseira";"Com Vítimas Feridas";"Amanhecer";"Decrescente";"Ceu Claro";"Dupla";"Reta";"Urbano";6;0;2;0;4;0;2;4
83502170;"28/09/16";"Quarta";"18:00:00";"PB";361;"6";"PATOS";"Animais na Pista";"Atropelamento de animal";"Com Vítimas Feridas";"Anoitecer";"Crescente";"Ceu Claro";"Simples";"Reta";"Urbano";2;0;2;0;0;0;2;1
83502171;"28/09/16";"Quarta";"16:40:00";"RJ";393;"215";"VASSOURAS";"Falta de atenção";"Colisão traseira";"Sem Vítimas";"Pleno dia";"Crescente";"Ceu Claro";"Simples";"Reta";"Rural";2;0;0;0;2;0;0;2
83502172;"28/09/16";"Quarta";"19:15:00";"RN";101;"98";"NATAL";"Outras";"Colisão lateral";"Com Vítimas Feridas";"Plena noite";"Decrescente";"Ceu Claro";"Dupla";"Reta";"Urbano";2;0;1;0;1;0;1;2
83502173;"28/09/16";"Quarta";"17:30:00";"MG";40;"510,8";"RIBEIRAO DAS NEVES";"Não guardar distância de segurança";"Colisão traseira";"Sem Vítimas";"Pleno dia";"Crescente";"Ceu Claro";"Dupla";"Reta";"Urbano";2;0;0;0;2;0;0;2
83502174;"28/09/16";"Quarta";"17:30:00";"ES";101;"431,8";"ATILIO VIVACQUA";"Desobediência à sinalização";"Capotamento";"Sem Vítimas";"Pleno dia";"Crescente";"Ceu Claro";"Simples";"Reta";"Rural";2;0;0;0;2;0;0;2
83502175;"28/09/16";"Quarta";"18:15:00";"BA";101;"261";"SANTO ANTONIO DE JESUS";"Falta de atenção";"Colisão Transversal";"Com Vítimas Feridas";"Plena noite";"Crescente";"Nublado";"Simples";"Cruzamento";"Urbano";2;0;1;0;1;0;1;2
83502176;"29/05/16";"Domingo";"16:30:00";"CE";116;"57,6";"PACAJUS";"Ultrapassagem indevida";"Colisão frontal";"Com Vítimas Fatais";"Pleno dia";"Crescente";"Sol";"Simples";"Reta";"Rural";10;3;5;2;0;0;7;2
83502177;"25/09/16";"Domingo";"05:15:00";"MG";381;"544";"ITATIAIUCU";"Velocidade incompatível";"Capotamento";"Com Vítimas Feridas";"Plena noite";"Crescente";"Nevoeiro/neblina";"Dupla";"Curva";"Rural";3;0;3;0;0;0;3;1
83502178;"28/09/16";"Quarta";"14:00:00";"MG";381;"269";"TIMOTEO";"Outras";"Saída de Pista";"Com Vítimas Feridas";"Pleno dia";"Decrescente";"Ceu Claro";"Simples";"Reta";"Rural";2;0;1;0;1;0;1;2
83502179;"28/09/16";"Quarta";"18:45:00";"RS";287;"304";"SAO VICENTE DO SUL";"Outras";"Saída de Pista";"Sem Vítimas";"Anoitecer";"Decrescente";"Ceu Claro";"Simples";"Reta";"Rural";1;0;0;0;1;0;0;1
83502180;"28/09/16";"Quarta";"13:20:00";"BA";242;"820";"BARREIRAS";"Falta de atenção";"Colisão traseira";"Sem Vítimas";"Pleno dia";"Crescente";"Ceu Claro";"Simples";"Reta";"Rural";2;0;0;0;1;1;0;2
83502181;"28/09/16";"Quarta";"18:40:00";"MA";10;"285";"IMPERATRIZ";"Animais na Pista";"Saída de Pista";"Com Vítimas Feridas";"Anoitecer";"Crescente";"Chuva";"Simples";"Reta";"Rural";2;0;2;0;0;0;2;1
83502182;"28/09/16";"Quarta";"20:20:00";"PR";376;"184,2";"MARINGA";"Falta de atenção";"Colisão traseira";"Com Vítimas Feridas";"Plena noite";"Decrescente";"Ceu Claro";"Dupla";"Reta";"Urbano";2;0;1;0;1;0;1;2
83502183;"28/09/16";"Quarta";"17:40:00";"PR";158;"501";"CORONEL VIVIDA";"Falta de atenção";"Colisão traseira";"Com Vítimas Feridas";"Pleno dia";"Decrescente";"Ceu Claro";"Simples";"Reta";"Rural";3;0;0;2;1;0;2;2
83502184;"25/09/16";"Domingo";"04:50:00";"PR";373;"406,9";"CANDOI";"Outras";"Colisão frontal";"Com Vítimas Fatais";"Plena noite";"Decrescente";"Ceu Claro";"Simples";"Curva";"Rural";2;1;0;0;1;0;0;2
83502185;"28/09/16";"Quarta";"11:30:00";"MG";135;"469,3";"JOAQUIM FELICIO";"Outras";"Capotamento";"Com Vítimas Feridas";"Pleno dia";"Crescente";"Sol";"Simples";"Reta";"Rural";3;0;2;1;0;0;3;1
83502186;"23/09/16";"Sexta";"15:00:00";"CE";116;"17";"EUSEBIO";"Desobediência à sinalização";"Colisão frontal";"Com Vítimas Feridas";"Pleno dia";"Crescente";"Ceu Claro";"Dupla";"Reta";"Urbano";2;0;0;1;1;0;1;2
83502187;"23/09/16";"Sexta";"17:40:00";"SP";116;"145,3";"SAO JOSE DOS CAMPOS";"Outras";"Colisão lateral";"Com Vítimas Feridas";"Anoitecer";"Crescente";"Ceu Claro";"Dupla";"Reta";"Urbano";2;0;1;0;1;0;1;2
83502188;"28/09/16";"Quarta";"18:50:00";"MG";50;"41";"ARAGUARI";"Falta de atenção";"Colisão com bicicleta";"Com Vítimas Feridas";"Plena noite";"Crescente";"Vento";"Dupla";"Cruzamento";"Urbano";2;0;1;1;0;0;2;2
83502189;"28/09/16";"Quarta";"20:15:00";"MG";50;"65";"UBERLANDIA";"Falta de atenção";"Colisão traseira";"Com Vítimas Feridas";"Plena noite";"Crescente";"Ceu Claro";"Dupla";"Reta";"Rural";2;0;0;1;1;0;1;2
83502191;"05/07/16";"Terça";"05:40:00";"BA";242;"724";"CRISTOPOLIS";"Falta de atenção";"Colisão lateral";"Com Vítimas Feridas";"Amanhecer";"Decrescente";"Ceu Claro";"Simples";"Reta";"Urbano";2;0;0;1;0;1;1;2
83502192;"28/09/16";"Quarta";"11:45:00";"SC";101;"38,5";"JOINVILLE";"Falta de atenção";"Colisão Transversal";"Sem Vítimas";"Pleno dia";"Decrescente";"Sol";"Dupla";"Cruzamento";"Urbano";2;0;0;0;2;0;0;2
83502193;"28/09/16";"Quarta";"15:30:00";"SC";282;"3,3";"FLORIANOPOLIS";"Ultrapassagem indevida";"Colisão lateral";"Com Vítimas Feridas";"Pleno dia";"Crescente";"Sol";"Dupla";"Curva";"Urbano";3;0;0;1;2;0;1;3
83502194;"28/09/16";"Quarta";"06:30:00";"SC";282;"1";"SAO JOSE";"Ultrapassagem indevida";"Colisão traseira";"Com Vítimas Feridas";"Pleno dia";"Decrescente";"Ceu Claro";"Dupla";"Reta";"Urbano";2;0;1;0;0;1;1;2
83502195;"16/09/16";"Sexta";"09:30:00";"RJ";101;"60";"CAMPOS DOS GOYTACAZES";"Outras";"Colisão com bicicleta";"Com Vítimas Feridas";"Pleno dia";"Decrescente";"Ceu Claro";"Simples";"Reta";"Urbano";2;0;1;0;1;0;1;2
83502196;"28/09/16";"Quarta";"17:40:00";"BA";242;"814";"BARREIRAS";"Defeito mecânico em veículo";"Saída de Pista";"Sem Vítimas";"Anoitecer";"Decrescente";"Ceu Claro";"Simples";"Curva";"Rural";1;0;0;0;1;0;0;1
83502197;"28/09/16";"Quarta";"17:10:00";"SC";280;"117";"SAO BENTO DO SUL";"Falta de atenção";"Colisão Transversal";"Com Vítimas Feridas";"Anoitecer";"Crescente";"Ceu Claro";"Simples";"Reta";"Rural";2;0;1;0;1;0;1;2
83502198;"28/09/16";"Quarta";"21:30:00";"MG";364;"40,4";"FRUTAL";"Falta de atenção";"Saída de Pista";"Sem Vítimas";"Plena noite";"Crescente";"Ceu Claro";"Simples";"Curva";"Rural";1;0;0;0;1;0;0;1
83502199;"28/09/16";"Quarta";"19:35:00";"MG";356;"276,4";"MURIAE";"Outras";"Colisão Transversal";"Com Vítimas Feridas";"Plena noite";"Decrescente";"Nublado";"Simples";"Reta";"Rural";3;0;2;0;1;0;2;2
83502200;"28/09/16";"Quarta";"19:00:00";"MG";153;"227";"FRONTEIRA";"Não guardar distância de segurança";"Colisão traseira";"Sem Vítimas";"Plena noite";"Decrescente";"Ceu Claro";"Simples";"Reta";"Urbano";3;0;0;0;3;0;0;3
83502201;"28/09/16";"Quarta";"19:20:00";"GO";20;"6";"FORMOSA";"Falta de atenção";"Colisão Transversal";"Com Vítimas Feridas";"Plena noite";"Decrescente";"Ceu Claro";"Simples";"Reta";"Urbano";2;0;1;0;1;0;1;2
83502202;"28/09/16";"Quarta";"20:45:00";"PE";101;"185";"PALMARES";"Velocidade incompatível";"Tombamento";"Com Vítimas Feridas";"Plena noite";"Crescente";"Ceu Claro";"Múltipla";"Curva";"Urbano";1;0;1;0;0;0;1;1
83502203;"28/09/16";"Quarta";"20:00:00";"SC";116;"75,3";"MONTE CASTELO";"Outras";"Colisão traseira";"Com Vítimas Feridas";"Plena noite";"Crescente";"Ceu Claro";"Simples";"Curva";"Rural";2;0;0;1;1;0;1;2
83502204;"28/09/16";"Quarta";"21:00:00";"RS";116;"19";"VACARIA";"Velocidade incompatível";"Saída de Pista";"Com Vítimas Feridas";"Plena noite";"Crescente";"Ceu Claro";"Simples";"Curva";"Rural";1;0;1;0;0;0;1;1
83502205;"26/09/16";"Segunda";"07:45:00";"SP";116;"231";"SAO PAULO";"Não guardar distância de segurança";"Colisão lateral";"Com Vítimas Feridas";"Pleno dia";"Crescente";"Ceu Claro";"Simples";"Reta";"Urbano";2;0;1;0;1;0;1;2
83502206;"25/09/16";"Domingo";"20:30:00";"SP";116;"4";"GUARULHOS";"Falta de atenção";"Colisão traseira";"Com Vítimas Feridas";"Plena noite";"Crescente";"Ceu Claro";"Múltipla";"Reta";"Urbano";3;0;2;0;1;0;2;2
83502207;"28/09/16";"Quarta";"22:50:00";"GO";60;"103";"ANAPOLIS";"Velocidade incompatível";"Saída de Pista";"Com Vítimas Feridas";"Plena noite";"Crescente";"Ceu Claro";"Dupla";"Reta";"Rural";1;0;1;0;0;0;1;1
83502208;"25/09/16";"Domingo";"05:18:00";"PE";104;"51,5";"CARUARU";"Ingestão de álcool";"Capotamento";"Com Vítimas Feridas";"Amanhecer";"Crescente";"Ceu Claro";"Dupla";"Reta";"Rural";2;0;2;0;0;0;2;1
83502209;"28/09/16";"Quarta";"20:00:00";"MG";267;"71,3";"BICAS";"Animais na Pista";"Atropelamento de animal";"Sem Vítimas";"Plena noite";"Decrescente";"Ceu Claro";"Simples";"Reta";"Rural";1;0;0;0;1;0;0;1
83502210;"28/09/16";"Quarta";"06:20:00";"CE";116;"11,8";"FORTALEZA";"Não guardar distância de segurança";"Colisão traseira";"Com Vítimas Feridas";"Pleno dia";"Crescente";"Ceu Claro";"Múltipla";"Reta";"Urbano";3;0;1;0;2;0;1;2
83502211;"28/09/16";"Quarta";"22:40:00";"GO";60;"137,2";"GOIANIA";"Defeito mecânico em veículo";"Queda de motocicleta / bicicleta / veículo";"Com Vítimas Feridas";"Plena noite";"Decrescente";"Ceu Claro";"Dupla";"Reta";"Urbano";1;0;1;0;0;0;1;1
83502212;"25/09/16";"Domingo";"05:50:00";"RJ";116;"68";"TERESOPOLIS";"Outras";"Capotamento";"Com Vítimas Feridas";"Amanhecer";"Decrescente";"Ceu Claro";"Simples";"Curva";"Urbano";3;0;2;0;1;0;2;1
83502213;"28/09/16";"Quarta";"22:00:00";"SC";470;"71";"INDAIAL";"Outras";"Colisão traseira";"Com Vítimas Feridas";"Plena noite";"Crescente";"Ceu Claro";"Simples";"Reta";"Urbano";2;0;1;0;1;0;1;2
83502214;"28/09/16";"Quarta";"20:30:00";"RS";287;"367";"JAGUARI";"Outras";"Saída de Pista";"Sem Vítimas";"Plena noite";"Decrescente";"Ceu Claro";"Simples";"Curva";"Rural";1;0;0;0;1;0;0;1
83502215;"28/09/16";"Quarta";"22:25:00";"PR";116;"114";"CURITIBA";"Outras";"Colisão traseira";"Sem Vítimas";"Plena noite";"Decrescente";"Nublado";"Dupla";"Reta";"Rural";2;0;0;0;2;0;0;2
83502217;"28/09/16";"Quarta";"18:40:00";"PE";232;"115,6";"CARUARU";"Outras";"Colisão Transversal";"Com Vítimas Fatais";"Plena noite";"Decrescente";"Ceu Claro";"Dupla";"Reta";"Urbano";3;1;0;1;0;1;1;2
83502218;"28/09/16";"Quarta";"20:18:00";"PE";316;"22";"ARARIPINA";"Dormindo";"Colisão frontal";"Com Vítimas Feridas";"Plena noite";"Crescente";"Nublado";"Simples";"Reta";"Urbano";2;0;1;0;1;0;1;2
83502219;"28/09/16";"Quarta";"00:49:00";"GO";60;"306";"ACREUNA";"Dormindo";"Colisão com objeto fixo";"Com Vítimas Feridas";"Plena noite";"Crescente";"Ceu Claro";"Dupla";"Reta";"Urbano";1;0;1;0;0;0;1;1
83502220;"25/09/16";"Domingo";"06:55:00";"PA";10;"121";"PARAGOMINAS";"Ingestão de álcool";"Colisão frontal";"Com Vítimas Fatais";"Plena noite";"Decrescente";"Ceu Claro";"Simples";"Reta";"Rural";2;1;0;0;1;0;0;2
83502221;"28/09/16";"Quarta";"22:50:00";"PR";158;"414,5";"RIO BONITO DO IGUACU";"Falta de atenção";"Colisão frontal";"Com Vítimas Feridas";"Plena noite";"Crescente";"Ceu Claro";"Simples";"Reta";"Urbano";3;0;1;2;0;0;3;2
83502223;"29/09/16";"Quinta";"01:10:00";"SP";116;"135,8";"SAO JOSE DOS CAMPOS";"Outras";"Colisão com objeto fixo";"Com Vítimas Feridas";"Pleno dia";"Decrescente";"Ceu Claro";"Dupla";"Reta";"Rural";2;0;2;0;0;0;2;1
83502224;"29/09/16";"Quinta";"00:50:00";"RS";392;"7,6";"RIO GRANDE";"Outras";"Colisão com objeto fixo";"Sem Vítimas";"Plena noite";"Crescente";"Ceu Claro";"Simples";"Reta";"Urbano";2;0;0;0;1;1;0;2
83502225;"29/09/16";"Quinta";"01:10:00";"RJ";116;"244,2";"PIRAI";"Outras";"Tombamento";"Sem Vítimas";"Plena noite";"Decrescente";"Ceu Claro";"Dupla";"Reta";"Rural";2;0;0;0;1;1;0;2
83502226;"28/09/16";"Quarta";"20:00:00";"MA";10;"209";"RIBAMAR FIQUENE";"Outras";"Colisão frontal";"Com Vítimas Fatais";"Plena noite";"Decrescente";"Ceu Claro";"Simples";"Reta";"Rural";3;1;1;1;0;0;2;2
83502227;"25/09/16";"Domingo";"04:45:00";"PB";101;"115,9";"CAAPORA";"Ingestão de álcool";"Saída de Pista";"Sem Vítimas";"Amanhecer";"Crescente";"Ceu Claro";"Dupla";"Reta";"Rural";1;0;0;0;1;0;0;1
83502228;"28/09/16";"Quarta";"12:05:00";"RJ";116;"256";"VOLTA REDONDA";"Dormindo";"Colisão lateral";"Com Vítimas Feridas";"Pleno dia";"Crescente";"Ceu Claro";"Dupla";"Reta";"Rural";2;0;1;0;1;0;1;2
83502229;"28/09/16";"Quarta";"17:15:00";"SC";101;"1";"GARUVA";"Falta de atenção";"Colisão com objeto fixo";"Sem Vítimas";"Pleno dia";"Crescente";"Sol";"Simples";"Reta";"Urbano";1;0;0;0;1;0;0;1
83502230;"29/09/16";"Quinta";"01:30:00";"MT";364;"470";"VARZEA GRANDE";"Falta de atenção";"Saída de Pista";"Sem Vítimas";"Plena noite";"Decrescente";"Chuva";"Simples";"Reta";"Rural";1;0;0;0;1;0;0;1
83502231;"29/09/16";"Quinta";"00:10:00";"GO";60;"78,5";"ANAPOLIS";"Ingestão de álcool";"Saída de Pista";"Sem Vítimas";"Plena noite";"Crescente";"Nublado";"Dupla";"Reta";"Rural";1;0;0;0;1;0;0;1
83502232;"28/09/16";"Quarta";"17:50:00";"PR";163;"353";"GUAIRA";"Velocidade incompatível";"Colisão com objeto móvel";"Sem Vítimas";"Pleno dia";"Crescente";"Ceu Claro";"Simples";"Reta";"Rural";2;0;0;0;2;0;0;2
83502233;"28/09/16";"Quarta";"10:00:00";"SC";101;"314";"LAGUNA";"Outras";"Queda de motocicleta / bicicleta / veículo";"Com Vítimas Feridas";"Pleno dia";"Decrescente";"Ceu Claro";"Dupla";"Reta";"Urbano";2;0;1;1;0;0;2;1
83502235;"29/09/16";"Quinta";"02:30:00";"RJ";101;"188";"CASIMIRO DE ABREU";"Outras";"Capotamento";"Sem Vítimas";"Plena noite";"Crescente";"Ceu Claro";"Simples";"Reta";"Rural";1;0;0;0;1;0;0;1
83502236;"28/04/16";"Quinta";"11:30:00";"PI";135;"269";"ALVORADA DO GURGUEIA";"Outras";"Tombamento";"Sem Vítimas";"Pleno dia";"Crescente";"Sol";"Simples";"Curva";"Rural";1;0;0;0;1;0;0;1
83502237;"28/09/16";"Quarta";"17:35:00";"PR";116;"1";"QUATRO BARRAS";"Falta de atenção";"Colisão lateral";"Com Vítimas Feridas";"Anoitecer";"Decrescente";"Sol";"Múltipla";"Reta";"Rural";3;0;0;1;2;0;1;3
83502238;"28/09/16";"Quarta";"17:40:00";"MG";381;"683,5";"PERDOES";"Outras";"Derramamento de Carga";"Sem Vítimas";"Pleno dia";"Decrescente";"Ignorada";"Dupla";"Reta";"Rural";1;0;0;0;1;0;0;1
83502239;"28/09/16";"Quarta";"13:30:00";"SC";101;"350";"TREZE DE MAIO";"Não guardar distância de segurança";"Colisão traseira";"Com Vítimas Feridas";"Pleno dia";"Crescente";"Sol";"Simples";"Reta";"Rural";2;0;1;0;1;0;1;2
83502240;"28/09/16";"Quarta";"21:10:00";"RN";427;"102,2";"CAICO";"Falta de atenção";"Colisão com objeto fixo";"Sem Vítimas";"Plena noite";"Decrescente";"Ceu Claro";"Simples";"Reta";"Urbano";2;0;0;0;2;0;0;2
83502241;"25/09/16";"Domingo";"04:40:00";"SP";381;"83";"SAO PAULO";"Outras";"Colisão lateral";"Com Vítimas Feridas";"Plena noite";"Decrescente";"Ignorada";"Dupla";"Reta";"Rural";3;0;2;0;1;0;2;2
83502243;"29/09/16";"Quinta";"02:00:00";"RJ";116;"107";"SAO JOAO DE MERITI";"Outras";"Colisão lateral";"Sem Vítimas";"Plena noite";"Decrescente";"Ceu Claro";"Dupla";"Reta";"Urbano";2;0;0;0;1;1;0;2
83502244;"28/09/16";"Quarta";"22:45:00";"GO";153;"644,3";"MORRINHOS";"Dormindo";"Danos Eventuais";"Sem Vítimas";"Plena noite";"Decrescente";"Ceu Claro";"Dupla";"Reta";"Rural";1;0;0;0;1;0;0;1
83502245;"29/09/16";"Quinta";"04:12:00";"SP";116;"516";"CAJATI";"Dormindo";"Tombamento";"Sem Vítimas";"Plena noite";"Crescente";"Ceu Claro";"Dupla";"Reta";"Rural";1;0;0;0;1;0;0;1
83502246;"24/09/16";"Sábado";"07:30:00";"SC";101;"185";"BIGUACU";"Ingestão de álcool";"Colisão lateral";"Sem Vítimas";"Pleno dia";"Crescente";"Ceu Claro";"Dupla";"Reta";"Urbano";2;0;0;0;2;0;0;2
83502248;"20/09/16";"Terça";"12:30:00";"PE";232;"77,5";"GRAVATA";"Outras";"Colisão traseira";"Com Vítimas Feridas";"Pleno dia";"Decrescente";"Ceu Claro";"Múltipla";"Reta";"Urbano";2;0;1;0;1;0;1;2
83502249;"28/09/16";"Quarta";"19:30:00";"PE";104;"35,5";"CARUARU";"Animais na Pista";"Atropelamento de animal";"Sem Vítimas";"Plena noite";"Decrescente";"Ceu Claro";"Dupla";"Reta";"Rural";1;0;0;0;1;0;0;1
83502251;"29/09/16";"Quinta";"03:20:00";"MT";364;"82,1";"ALTO GARCAS";"Defeito mecânico em veículo";"Incêndio";"Sem Vítimas";"Plena noite";"Decrescente";"Ceu Claro";"Simples";"Reta";"Rural";1;0;0;0;1;0;0;1
83502252;"29/09/16";"Quinta";"05:40:00";"RS";285;"324";"CARAZINHO";"Falta de atenção";"Tombamento";"Sem Vítimas";"Amanhecer";"Decrescente";"Ceu Claro";"Simples";"Reta";"Rural";1;0;0;0;1;0;0;1
83502253;"24/09/16";"Sábado";"22:30:00";"RJ";101;"86";"CAMPOS DOS GOYTACAZES";"Outras";"Queda de motocicleta / bicicleta / veículo";"Com Vítimas Feridas";"Plena noite";"Crescente";"Ceu Claro";"Simples";"Reta";"Rural";2;0;0;2;0;0;2;1
83502254;"21/09/16";"Quarta";"23:40:00";"PB";230;"152";"CAMPINA GRANDE";"Não guardar distância de segurança";"Colisão traseira";"Com Vítimas Fatais";"Plena noite";"Decrescente";"Ceu Claro";"Simples";"Reta";"Rural";2;1;0;0;1;0;0;2
83502255;"28/09/16";"Quarta";"11:31:00";"PE";407;"3";"PETROLINA";"Desobediência à sinalização";"Colisão lateral";"Com Vítimas Feridas";"Pleno dia";"Decrescente";"Sol";"Simples";"Reta";"Urbano";2;0;1;0;1;0;1;2
83502257;"29/09/16";"Quinta";"05:30:00";"MS";262;"104";"AGUA CLARA";"Dormindo";"Capotamento";"Sem Vítimas";"Amanhecer";"Decrescente";"Ceu Claro";"Simples";"Reta";"Rural";2;0;0;0;2;0;0;1
83502258;"26/09/16";"Segunda";"06:50:00";"PR";116;"71";"QUATRO BARRAS";"Defeito mecânico em veículo";"Tombamento";"Sem Vítimas";"Pleno dia";"Decrescente";"Ceu Claro";"Dupla";"Reta";"Rural";2;0;0;0;2;0;0;2
83502260;"25/09/16";"Domingo";"19:50:00";"ES";101;"215";"IBIRACU";"Ingestão de álcool";"Colisão frontal";"Com Vítimas Feridas";"Pleno dia";"Decrescente";"Ceu Claro";"Simples";"Curva";"Rural";3;0;3;0;0;0;3;2
83502261;"25/09/16";"Domingo";"23:00:00";"PA";316;"3";"ANANINDEUA";"Outras";"Colisão com bicicleta";"Com Vítimas Feridas";"Plena noite";"Crescente";"Ceu Claro";"Simples";"Reta";"Urbano";3;0;1;0;2;0;1;3
83502262;"24/09/16";"Sábado";"20:15:00";"RJ";116;"92";"GUAPIMIRIM";"Outras";"Colisão frontal";"Com Vítimas Fatais";"Plena noite";"Crescente";"Chuva";"Simples";"Curva";"Rural";2;1;0;0;1;0;0;2
83502263;"28/09/16";"Quarta";"23:30:00";"BA";242;"649";"MUQUEM DO SAO FRANCISCO";"Falta de atenção";"Saída de Pista";"Sem Vítimas";"Plena noite";"Decrescente";"Ceu Claro";"Simples";"Reta";"Rural";1;0;0;0;1;0;0;1
83502264;"25/09/16";"Domingo";"20:00:00";"PE";424;"125";"CORRENTES";"Falta de atenção";"Colisão frontal";"Com Vítimas Feridas";"Plena noite";"Crescente";"Ceu Claro";"Simples";"Curva";"Rural";5;0;0;4;0;1;4;2
83502265;"29/09/16";"Quinta";"03:04:00";"RN";304;"240,6";"RIACHUELO";"Outras";"Colisão frontal";"Com Vítimas Fatais";"Plena noite";"Crescente";"Ceu Claro";"Simples";"Curva";"Rural";2;1;0;0;1;0;0;2
83502266;"27/09/16";"Terça";"17:20:00";"MG";365;"492,2";"PATROCINIO";"Falta de atenção";"Colisão Transversal";"Com Vítimas Fatais";"Pleno dia";"Crescente";"Ceu Claro";"Simples";"Curva";"Rural";5;1;2;2;0;0;4;2
83502267;"29/09/16";"Quinta";"04:20:00";"SP";116;"363,8";"MIRACATU";"Velocidade incompatível";"Tombamento";"Com Vítimas Feridas";"Plena noite";"Decrescente";"Nublado";"Dupla";"Curva";"Rural";1;0;1;0;0;0;1;1
83502268;"29/09/16";"Quinta";"07:05:00";"RS";290;"94";"PORTO ALEGRE";"Outras";"Colisão com objeto fixo";"Com Vítimas Feridas";"Pleno dia";"Decrescente";"Nublado";"Dupla";"Curva";"Urbano";6;0;2;0;4;0;2;1
83502269;"28/09/16";"Quarta";"15:30:00";"SP";116;"347,8";"MIRACATU";"Defeito mecânico em veículo";"Colisão traseira";"Com Vítimas Feridas";"Pleno dia";"Crescente";"Ceu Claro";"Dupla";"Curva";"Rural";4;0;1;0;3;0;1;4
83502270;"25/09/16";"Domingo";"23:50:00";"BA";418;"78";"NOVA VICOSA";"Animais na Pista";"Atropelamento de animal";"Com Vítimas Feridas";"Plena noite";"Crescente";"Ceu Claro";"Simples";"Reta";"Rural";1;0;1;0;0;0;1;1
83502273;"28/09/16";"Quarta";"14:30:00";"SP";101;"49,3";"UBATUBA";"Outras";"Colisão lateral";"Sem Vítimas";"Pleno dia";"Decrescente";"Nublado";"Simples";"Reta";"Urbano";4;0;0;0;4;0;0;2
83502274;"26/09/16";"Segunda";"18:10:00";"PB";230;"19,6";"JOAO PESSOA";"Falta de atenção";"Atropelamento de pessoa";"Sem Vítimas";"Plena noite";"Decrescente";"Ceu Claro";"Dupla";"Curva";"Urbano";2;0;0;0;1;1;0;1