"id";"data_inversa";"dia_semana";"horario";"uf";"br";"km";"municipio";"causa_acidente";"tipo_acidente";"classificacao_acidente";"fase_dia";"sentido_via";"condicao_metereologica";"tipo_pista";"tracado_via";"uso_solo";"pessoas";"mortos";"feridos_leves";"feridos_graves";"ilesos";"ignorados";"feridos";"veiculos"
83502275;"25/09/16";"Domingo";"21:00:00";"PA";316;"82";"SAO FRANCISCO DO PARA";"Falta de atenção";"Colisão lateral";"Com Vítimas Feridas";"Plena noite";"Crescente";"Ceu Claro";"Simples";"Reta";"Rural";3;0;0;1;2;0;1;3
83502276;"29/09/16";"Quinta";"07:00:00";"SP";116;"270";"TABOAO DA SERRA";"Falta de atenção";"Colisão lateral";"Com Vítimas Feridas";"Amanhecer";"Decrescente";"Nublado";"Dupla";"Reta";"Urbano";2;0;1;0;1;0;1;2
83502277;"28/09/16";"Quarta";"13:20:00";"MG";40;"632,8";"CONSELHEIRO LAFAIETE";"Animais na Pista";"Capotamento";"Com Vítimas Feridas";"Pleno dia";"Crescente";"Ceu Claro";"Simples";"Curva";"Urbano";1;0;1;0;0;0;1;1
83502278;"26/09/16";"Segunda";"19:15:00";"PI";343;"51,9";"BURITI DOS LOPES";"Falta de atenção";"Colisão lateral";"Com Vítimas Fatais";"Plena noite";"Crescente";"Ceu Claro";"Simples";"Reta";"Rural";4;1;1;0;1;1;1;3
83502279;"23/09/16";"Sexta";"15:32:00";"SC";282;"575,3";"PINHALZINHO";"Falta de atenção";"Colisão traseira";"Sem Vítimas";"Pleno dia";"Crescente";"Ceu Claro";"Simples";"Reta";"Rural";2;0;0;0;2;0;0;2
83502280;"26/09/16";"Segunda";"14:45:00";"MG";40;"520";"CONTAGEM";"Falta de atenção";"Colisão Transversal";"Com Vítimas Feridas";"Pleno dia";"Decrescente";"Ceu Claro";"Dupla";"Reta";"Urbano";2;0;0;1;1;0;1;2
83502281;"29/09/16";"Quinta";"08:00:00";"SC";282;"95,9";"ALFREDO WAGNER";"Falta de atenção";"Capotamento";"Sem Vítimas";"Pleno dia";"Crescente";"Ceu Claro";"Simples";"Reta";"Rural";1;0;0;0;1;0;0;1
83502282;"29/09/16";"Quinta";"07:50:00";"PR";277;"122,5";"CAMPO LARGO";"Outras";"Colisão com objeto fixo";"Com Vítimas Feridas";"Pleno dia";"Decrescente";"Ceu Claro";"Dupla";"Reta";"Rural";2;0;1;0;1;0;1;2
83502283;"29/08/16";"Segunda";"08:40:00";"PA";316;"8";"ANANINDEUA";"Não guardar distância de segurança";"Colisão traseira";"Sem Vítimas";"Pleno dia";"Crescente";"Ceu Claro";"Dupla";"Reta";"Urbano";2;0;0;0;2;0;0;2
83502284;"29/09/16";"Quinta";"07:30:00";"MA";135;"0,5";"SAO LUIS";"Não guardar distância de segurança";"Colisão traseira";"Sem Vítimas";"Amanhecer";"Crescente";"Ceu Claro";"Dupla";"Reta";"Urbano";2;0;0;0;2;0;0;2
83502285;"25/09/16";"Domingo";"16:10:00";"RO";364;"165";"PIMENTA BUENO";"Defeito mecânico em veículo";"Saída de Pista";"Com Vítimas Feridas";"Pleno dia";"Crescente";"Ceu Claro";"Simples";"Reta";"Rural";2;0;2;0;0;0;2;1
83502286;"29/09/16";"Quinta";"07:20:00";"PR";376;"517";"PONTA GROSSA";"Outras";"Colisão traseira";"Com Vítimas Feridas";"Pleno dia";"Decrescente";"Ceu Claro";"Dupla";"Reta";"Rural";2;0;1;0;1;0;1;2
83502287;"25/09/16";"Domingo";"23:00:00";"DF";70;"7";"BRASILIA";"Falta de atenção";"Capotamento";"Com Vítimas Feridas";"Plena noite";"Decrescente";"Ceu Claro";"Dupla";"Reta";"Urbano";1;0;1;0;0;0;1;1
83502289;"27/09/16";"Terça";"20:15:00";"MG";459;"66,5";"SENADOR JOSE BENTO";"Velocidade incompatível";"Tombamento";"Com Vítimas Feridas";"Plena noite";"Crescente";"Ignorada";"Simples";"Curva";"Rural";2;0;1;0;1;0;1;2
83502290;"29/09/16";"Quinta";"08:15:00";"RN";304;"37,1";"MOSSORO";"Falta de atenção";"Colisão traseira";"Com Vítimas Feridas";"Pleno dia";"Decrescente";"Ceu Claro";"Dupla";"Reta";"Urbano";2;0;1;0;1;0;1;2
83502291;"24/09/16";"Sábado";"08:40:00";"MG";381;"405";"BOM JESUS DO AMPARO";"Outras";"Tombamento";"Com Vítimas Feridas";"Pleno dia";"Decrescente";"Ceu Claro";"Simples";"Curva";"Rural";1;0;1;0;0;0;1;1
83502292;"25/08/16";"Quinta";"00:10:00";"RJ";101;"329";"NITEROI";"Falta de atenção";"Capotamento";"Com Vítimas Feridas";"Plena noite";"Decrescente";"Ceu Claro";"Dupla";"Curva";"Urbano";2;0;1;0;1;0;1;1
83502293;"29/09/16";"Quinta";"07:20:00";"SC";480;"130,4";"CHAPECO";"Não guardar distância de segurança";"Colisão traseira";"Com Vítimas Feridas";"Pleno dia";"Decrescente";"Sol";"Simples";"Reta";"Urbano";4;0;1;0;3;0;1;4
83502294;"27/09/16";"Terça";"21:40:00";"TO";226;"5";"PALMEIRAS DO TOCANTINS";"Desobediência à sinalização";"Colisão frontal";"Com Vítimas Fatais";"Plena noite";"Crescente";"Ignorada";"Simples";"Reta";"Rural";2;1;1;0;0;0;1;2
83502295;"25/09/16";"Domingo";"23:00:00";"RO";364;"429";"JARU";"Velocidade incompatível";"Saída de Pista";"Com Vítimas Feridas";"Plena noite";"Decrescente";"Ceu Claro";"Simples";"Curva";"Rural";3;0;2;0;1;0;2;1
83502296;"29/09/16";"Quinta";"08:00:00";"GO";50;"282,7";"CATALAO";"Falta de atenção";"Colisão Transversal";"Sem Vítimas";"Pleno dia";"Crescente";"Ceu Claro";"Simples";"Cruzamento";"Urbano";2;0;0;0;2;0;0;2
83502297;"29/09/16";"Quinta";"08:30:00";"BA";415;"52";"ITABUNA";"Outras";"Colisão frontal";"Com Vítimas Feridas";"Pleno dia";"Decrescente";"Sol";"Simples";"Reta";"Urbano";2;0;1;0;1;0;1;2
83502298;"25/09/16";"Domingo";"00:05:00";"PR";476;"95";"BOCAIUVA DO SUL";"Outras";"Colisão lateral";"Com Vítimas Feridas";"Plena noite";"Crescente";"Ceu Claro";"Simples";"Curva";"Rural";3;0;0;1;1;1;1;2
83502299;"25/08/16";"Quinta";"00:10:00";"RJ";101;"320";"NITEROI";"Outras";"Capotamento";"Com Vítimas Feridas";"Plena noite";"Decrescente";"Ceu Claro";"Múltipla";"Curva";"Urbano";2;0;1;0;1;0;1;1
83502300;"29/09/16";"Quinta";"05:20:00";"CE";116;"400,5";"UMARI";"Animais na Pista";"Atropelamento de animal";"Com Vítimas Feridas";"Amanhecer";"Crescente";"Ceu Claro";"Simples";"Reta";"Rural";2;0;1;1;0;0;2;1
83502301;"29/09/16";"Quinta";"07:25:00";"PB";101;"89,9";"CABEDELO";"Falta de atenção";"Colisão Transversal";"Com Vítimas Feridas";"Pleno dia";"Crescente";"Sol";"Dupla";"Cruzamento";"Urbano";2;0;1;0;1;0;1;2
83502302;"26/09/16";"Segunda";"05:50:00";"MG";381;"579";"CARMOPOLIS DE MINAS";"Dormindo";"Saída de Pista";"Com Vítimas Feridas";"Amanhecer";"Decrescente";"Nublado";"Dupla";"Curva";"Rural";1;0;1;0;0;0;1;1
83502303;"27/08/16";"Sábado";"15:00:00";"GO";153;"540,5";"HIDROLANDIA";"Ingestão de álcool";"Saída de Pista";"Com Vítimas Feridas";"Pleno dia";"Crescente";"Sol";"Dupla";"Reta";"Rural";2;0;0;1;1;0;1;1
83502304;"28/09/16";"Quarta";"21:10:00";"PE";232;"404";"SERRA TALHADA";"Animais na Pista";"Atropelamento de animal";"Sem Vítimas";"Plena noite";"Decrescente";"Ceu Claro";"Simples";"Curva";"Rural";1;0;0;0;1;0;0;1
83502305;"19/09/16";"Segunda";"18:00:00";"ES";101;"2";"SERRA";"Desobediência à sinalização";"Atropelamento de pessoa";"Com Vítimas Feridas";"Anoitecer";"Crescente";"Ceu Claro";"Múltipla";"Reta";"Urbano";2;0;1;1;0;0;2;1
83502306;"22/09/16";"Quinta";"06:30:00";"MG";381;"558,6";"ITAGUARA";"Falta de atenção";"Colisão traseira";"Sem Vítimas";"Pleno dia";"Decrescente";"Ceu Claro";"Dupla";"Reta";"Rural";2;0;0;0;2;0;0;2
83502307;"24/09/16";"Sábado";"22:10:00";"MT";70;"1,2";"BARRA DO GARCAS";"Ingestão de álcool";"Colisão Transversal";"Com Vítimas Feridas";"Plena noite";"Decrescente";"Ceu Claro";"Simples";"Reta";"Urbano";4;0;1;1;2;0;2;2
83502308;"24/09/16";"Sábado";"21:15:00";"PR";476;"124";"CURITIBA";"Desobediência à sinalização";"Colisão Transversal";"Sem Vítimas";"Plena noite";"Decrescente";"Ceu Claro";"Múltipla";"Reta";"Urbano";2;0;0;0;2;0;0;2
83502309;"28/09/16";"Quarta";"04:40:00";"GO";153;"322";"RIANAPOLIS";"Falta de atenção";"Colisão com objeto fixo";"Com Vítimas Feridas";"Plena noite";"Decrescente";"Ceu Claro";"Simples";"Cruzamento";"Rural";1;0;0;1;0;0;1;1
83502310;"25/08/16";"Quinta";"23:10:00";"PR";153;"111";"IBAITI";"Animais na Pista";"Atropelamento de animal";"Com Vítimas Feridas";"Plena noite";"Crescente";"Ceu Claro";"Simples";"Reta";"Urbano";1;0;1;0;0;0;1;1
83502311;"29/09/16";"Quinta";"08:30:00";"PR";116;"115,5";"CURITIBA";"Falta de atenção";"Colisão lateral";"Com Vítimas Feridas";"Pleno dia";"Decrescente";"Ceu Claro";"Dupla";"Reta";"Urbano";3;0;2;0;0;1;2;2
83502312;"25/09/16";"Domingo";"17:00:00";"RJ";40;"92";"PETROPOLIS";"Velocidade incompatível";"Saída de Pista";"Sem Vítimas";"Anoitecer";"Crescente";"Chuva";"Simples";"Curva";"Urbano";2;0;0;0;2;0;0;1
83502313;"27/09/16";"Terça";"07:10:00";"RR";174;"676";"PACARAIMA";"Animais na Pista";"Atropelamento de animal";"Sem Vítimas";"Amanhecer";"Decrescente";"Ceu Claro";"Simples";"Reta";"Urbano";1;0;0;0;1;0;0;1
83502314;"29/09/16";"Quinta";"08:20:00";"PB";230;"15";"CABEDELO";"Velocidade incompatível";"Colisão traseira";"Sem Vítimas";"Pleno dia";"Crescente";"Ceu Claro";"Dupla";"Reta";"Urbano";2;0;0;0;2;0;0;2
83502315;"29/09/16";"Quinta";"11:30:00";"RS";153;"618";"BAGE";"Falta de atenção";"Colisão traseira";"Com Vítimas Feridas";"Pleno dia";"Crescente";"Ceu Claro";"Simples";"Reta";"Rural";4;0;3;1;0;0;4;3
83502316;"26/09/16";"Segunda";"07:45:00";"RJ";40;"122";"DUQUE DE CAXIAS";"Outras";"Colisão lateral";"Com Vítimas Feridas";"Pleno dia";"Decrescente";"Ceu Claro";"Múltipla";"Reta";"Urbano";3;0;1;0;2;0;1;2
83502317;"29/09/16";"Quinta";"07:40:00";"SC";101;"211,9";"PALHOCA";"Falta de atenção";"Colisão traseira";"Com Vítimas Feridas";"Pleno dia";"Decrescente";"Ceu Claro";"Dupla";"Reta";"Urbano";3;0;1;0;2;0;1;2
83502318;"29/09/16";"Quinta";"11:15:00";"RS";285;"538,2";"CAIBATE";"Falta de atenção";"Colisão Transversal";"Com Vítimas Feridas";"Pleno dia";"Decrescente";"Sol";"Simples";"Cruzamento";"Rural";2;0;1;0;1;0;1;2
83502319;"26/09/16";"Segunda";"08:00:00";"RJ";40;"74";"PETROPOLIS";"Velocidade incompatível";"Saída de Pista";"Com Vítimas Feridas";"Amanhecer";"Crescente";"Chuva";"Simples";"Curva";"Urbano";1;0;1;0;0;0;1;1
83502320;"29/09/16";"Quinta";"03:20:00";"SC";101;"298";"IMBITUBA";"Falta de atenção";"Saída de Pista";"Sem Vítimas";"Plena noite";"Decrescente";"Ceu Claro";"Dupla";"Reta";"Urbano";1;0;0;0;1;0;0;1
83502321;"29/09/16";"Quinta";"09:25:00";"PR";369;"164,9";"CAMBE";"Defeito mecânico em veículo";"Queda de motocicleta / bicicleta / veículo";"Com Vítimas Feridas";"Pleno dia";"Crescente";"Sol";"Dupla";"Reta";"Urbano";1;0;0;1;0;0;1;1
83502322;"29/09/16";"Quinta";"09:25:00";"PR";369;"375";"CAMPO MOURAO";"Outras";"Colisão com objeto fixo";"Com Vítimas Feridas";"Pleno dia";"Crescente";"Ceu Claro";"Simples";"Curva";"Rural";2;0;1;0;1;0;1;2
83502323;"29/09/16";"Quinta";"08:14:00";"SC";470;"62";"BLUMENAU";"Falta de atenção";"Colisão traseira";"Sem Vítimas";"Pleno dia";"Decrescente";"Sol";"Simples";"Reta";"Urbano";2;0;0;0;2;0;0;2
83502324;"29/09/16";"Quinta";"07:45:00";"PE";232;"21,5";"MORENO";"Outras";"Capotamento";"Sem Vítimas";"Pleno dia";"Decrescente";"Sol";"Dupla";"Reta";"Urbano";2;0;0;0;2;0;0;1
83502325;"29/09/16";"Quinta";"09:40:00";"GO";60;"4,4";"GOIANIA";"Velocidade incompatível";"Tombamento";"Sem Vítimas";"Pleno dia";"Decrescente";"Sol";"Dupla";"Curva";"Urbano";1;0;0;0;1;0;0;1
83502326;"29/09/16";"Quinta";"09:45:00";"SC";101;"25,8";"JOINVILLE";"Falta de atenção";"Colisão traseira";"Com Vítimas Feridas";"Pleno dia";"Crescente";"Ceu Claro";"Dupla";"Reta";"Urbano";2;0;1;0;1;0;1;2
83502328;"29/09/16";"Quinta";"09:00:00";"MG";262;"460,9";"ARAUJOS";"Não guardar distância de segurança";"Colisão traseira";"Sem Vítimas";"Pleno dia";"Crescente";"Ceu Claro";"Simples";"Reta";"Rural";4;0;0;0;4;0;0;4
83502329;"29/09/16";"Quinta";"10:30:00";"CE";222;"77";"SAO LUIS DO CURU";"Defeito mecânico em veículo";"Colisão frontal";"Com Vítimas Feridas";"Pleno dia";"Decrescente";"Nublado";"Simples";"Reta";"Rural";3;0;0;3;0;0;3;2
83502331;"25/09/16";"Domingo";"15:50:00";"GO";80;"40";"PADRE BERNARDO";"Outras";"Colisão traseira";"Com Vítimas Feridas";"Pleno dia";"Crescente";"Nublado";"Dupla";"Reta";"Rural";3;0;1;0;2;0;1;3
83502332;"25/09/16";"Domingo";"20:40:00";"MG";381;"533";"ITATIAIUCU";"Velocidade incompatível";"Saída de Pista";"Sem Vítimas";"Plena noite";"Decrescente";"Chuva";"Dupla";"Curva";"Rural";1;0;0;0;1;0;0;1
83502333;"26/09/16";"Segunda";"00:10:00";"RJ";40;"116";"DUQUE DE CAXIAS";"Velocidade incompatível";"Colisão com objeto fixo";"Com Vítimas Feridas";"Plena noite";"Decrescente";"Chuva";"Dupla";"Reta";"Urbano";1;0;1;0;0;0;1;1
83502334;"29/09/16";"Quinta";"11:00:00";"BA";101;"714,8";"EUNAPOLIS";"Falta de atenção";"Colisão lateral";"Com Vítimas Feridas";"Pleno dia";"Crescente";"Sol";"Simples";"Reta";"Urbano";2;0;1;0;1;0;1;2
83502335;"29/09/16";"Quinta";"08:15:00";"RJ";101;"309";"SAO GONCALO";"Outras";"Atropelamento de pessoa";"Com Vítimas Feridas";"Pleno dia";"Decrescente";"Ceu Claro";"Dupla";"Reta";"Urbano";2;0;1;0;1;0;1;1
83502336;"23/09/16";"Sexta";"21:00:00";"DF";20;"46";"BRASILIA";"Outras";"Saída de Pista";"Sem Vítimas";"Plena noite";"Crescente";"Chuva";"Dupla";"Reta";"Rural";1;0;0;0;1;0;0;1
83502337;"29/09/16";"Quinta";"13:10:00";"RJ";101;"534";"PARATI";"Falta de atenção";"Colisão traseira";"Sem Vítimas";"Pleno dia";"Crescente";"Ceu Claro";"Simples";"Cruzamento";"Urbano";2;0;0;0;2;0;0;2
83502338;"25/09/16";"Domingo";"16:30:00";"MG";116;"720,1";"MURIAE";"Outras";"Saída de Pista";"Com Vítimas Feridas";"Pleno dia";"Decrescente";"Nublado";"Simples";"Reta";"Rural";1;0;1;0;0;0;1;1
83502339;"22/09/16";"Quinta";"16:00:00";"PR";376;"9";"MARINGA";"Outras";"Colisão com objeto fixo";"Com Vítimas Feridas";"Pleno dia";"Crescente";"Ignorada";"Dupla";"Reta";"Urbano";2;0;0;1;1;0;1;1
83502340;"29/09/16";"Quinta";"10:35:00";"PR";277;"531,2";"GUARANIACU";"Não guardar distância de segurança";"Colisão traseira";"Com Vítimas Feridas";"Pleno dia";"Crescente";"Ceu Claro";"Simples";"Reta";"Rural";2;0;1;0;1;0;1;2
83502341;"29/09/16";"Quinta";"13:00:00";"CE";20;"407";"CAUCAIA";"Dormindo";"Saída de Pista";"Com Vítimas Feridas";"Pleno dia";"Decrescente";"Ceu Claro";"Dupla";"Reta";"Urbano";1;0;1;0;0;0;1;1
83502343;"26/09/16";"Segunda";"02:30:00";"MG";365;"646";"UBERLANDIA";"Falta de atenção";"Tombamento";"Sem Vítimas";"Plena noite";"Decrescente";"Ceu Claro";"Dupla";"Cruzamento";"Rural";1;0;0;0;1;0;0;1
83502344;"29/09/16";"Quinta";"13:20:00";"SC";101;"200";"SAO JOSE";"Falta de atenção";"Colisão lateral";"Com Vítimas Feridas";"Pleno dia";"Crescente";"Ceu Claro";"Dupla";"Reta";"Urbano";3;0;0;1;1;1;1;3
83502345;"29/09/16";"Quinta";"11:00:00";"MG";50;"142";"UBERABA";"Falta de atenção";"Colisão lateral";"Sem Vítimas";"Pleno dia";"Crescente";"Ceu Claro";"Dupla";"Reta";"Rural";2;0;0;0;2;0;0;2
83502346;"29/09/16";"Quinta";"09:30:00";"MG";116;"700,3";"MURIAE";"Desobediência à sinalização";"Colisão lateral";"Com Vítimas Feridas";"Pleno dia";"Decrescente";"Sol";"Simples";"Reta";"Urbano";3;0;1;0;2;0;1;3
83502347;"26/09/16";"Segunda";"02:05:00";"MG";40;"524";"CONTAGEM";"Dormindo";"Saída de Pista";"Com Vítimas Feridas";"Plena noite";"Decrescente";"Chuva";"Dupla";"Reta";"Urbano";1;0;1;0;0;0;1;1
83502348;"29/09/16";"Quinta";"13:55:00";"MG";40;"748,8";"SANTOS DUMONT";"Falta de atenção";"Atropelamento de pessoa";"Com Vítimas Feridas";"Pleno dia";"Decrescente";"Ceu Claro";"Simples";"Reta";"Rural";2;0;0;1;0;1;1;1
83502349;"25/09/16";"Domingo";"10:00:00";"PR";116;"30";"CAMPINA GRANDE DO SUL";"Velocidade incompatível";"Tombamento";"Sem Vítimas";"Pleno dia";"Decrescente";"Nublado";"Dupla";"Curva";"Rural";1;0;0;0;1;0;0;1
83502350;"17/09/16";"Sábado";"18:00:00";"MG";262;"356";"BETIM";"Dormindo";"Capotamento";"Com Vítimas Feridas";"Plena noite";"Crescente";"Ceu Claro";"Dupla";"Reta";"Urbano";2;0;2;0;0;0;2;1
83502352;"28/09/16";"Quarta";"05:50:00";"RS";392;"47,5";"RIO GRANDE";"Defeito mecânico em veículo";"Incêndio";"Sem Vítimas";"Amanhecer";"Decrescente";"Nevoeiro/neblina";"Dupla";"Reta";"Rural";1;0;0;0;1;0;0;1
83502353;"29/09/16";"Quinta";"13:10:00";"BA";116;"845,9";"VITORIA DA CONQUISTA";"Ingestão de álcool";"Colisão com objeto fixo";"Sem Vítimas";"Pleno dia";"Crescente";"Ceu Claro";"Simples";"Reta";"Rural";2;0;0;0;2;0;0;1
83502354;"26/09/16";"Segunda";"07:15:00";"PE";104;"107,6";"CUPIRA";"Falta de atenção";"Colisão traseira";"Com Vítimas Feridas";"Pleno dia";"Decrescente";"Sol";"Simples";"Reta";"Rural";4;0;2;0;2;0;2;2
83502356;"29/09/16";"Quinta";"10:30:00";"PE";232;"120,4";"CARUARU";"Defeito mecânico em veículo";"Saída de Pista";"Com Vítimas Feridas";"Pleno dia";"Crescente";"Nublado";"Dupla";"Reta";"Rural";1;0;1;0;0;0;1;1
83502357;"29/09/16";"Quinta";"11:00:00";"SC";282;"28,3";"SANTO AMARO DA IMPERATRIZ";"Falta de atenção";"Colisão Transversal";"Com Vítimas Feridas";"Pleno dia";"Decrescente";"Ceu Claro";"Simples";"Reta";"Rural";3;0;2;0;1;0;2;2
83502358;"26/09/16";"Segunda";"05:40:00";"MG";116;"470,3";"TARUMIRIM";"Velocidade incompatível";"Saída de Pista";"Com Vítimas Feridas";"Amanhecer";"Crescente";"Nublado";"Simples";"Curva";"Rural";3;0;1;2;0;0;3;1
83502361;"29/09/16";"Quinta";"12:20:00";"MG";381;"600,6";"CARMOPOLIS DE MINAS";"Falta de atenção";"Colisão traseira";"Sem Vítimas";"Pleno dia";"Crescente";"Sol";"Dupla";"Reta";"Rural";3;0;0;0;3;0;0;3
83502362;"25/09/16";"Domingo";"05:20:00";"MG";381;"489";"BETIM";"Outras";"Colisão com objeto fixo";"Sem Vítimas";"Amanhecer";"Decrescente";"Nublado";"Dupla";"Reta";"Urbano";1;0;0;0;1;0;0;1
83502363;"29/09/16";"Quinta";"13:20:00";"SP";116;"150,2";"SAO JOSE DOS CAMPOS";"Falta de atenção";"Colisão lateral";"Com Vítimas Feridas";"Pleno dia";"Crescente";"Sol";"Múltipla";"Reta";"Urbano";2;0;1;0;0;1;1;2
83502364;"29/09/16";"Quinta";"14:15:00";"RO";364;"14,8";"VILHENA";"Falta de atenção";"Colisão com bicicleta";"Com Vítimas Feridas";"Pleno dia";"Decrescente";"Ceu Claro";"Dupla";"Cruzamento";"Urbano";3;0;0;1;2;0;1;2
83502365;"29/09/16";"Quinta";"15:30:00";"RS";386;"320,2";"MARQUES DE SOUZA";"Dormindo";"Saída de Pista";"Com Vítimas Feridas";"Pleno dia";"Decrescente";"Sol";"Simples";"Curva";"Rural";2;0;0;1;1;0;1;1
83502366;"29/09/16";"Quinta";"16:10:00";"SC";282;"0,4";"FLORIANOPOLIS";"Ultrapassagem indevida";"Colisão traseira";"Com Vítimas Feridas";"Pleno dia";"Crescente";"Nublado";"Dupla";"Reta";"Urbano";2;0;1;0;1;0;1;2
83502367;"29/09/16";"Quinta";"13:40:00";"MG";116;"25,3";"CACHOEIRA DE PAJEU";"Falta de atenção";"Colisão Transversal";"Sem Vítimas";"Pleno dia";"Crescente";"Sol";"Simples";"Cruzamento";"Urbano";2;0;0;0;2;0;0;2
83502368;"29/09/16";"Quinta";"08:30:00";"PR";476;"123,6";"CURITIBA";"Falta de atenção";"Colisão traseira";"Com Vítimas Feridas";"Pleno dia";"Decrescente";"Ceu Claro";"Dupla";"Reta";"Urbano";2;0;1;0;1;0;1;2
83502369;"29/09/16";"Quinta";"16:00:00";"PR";376;"655";"TIJUCAS DO SUL";"Outras";"Derramamento de Carga";"Sem Vítimas";"Pleno dia";"Crescente";"Nublado";"Dupla";"Curva";"Rural";1;0;0;0;1;0;0;1
83502370;"29/09/16";"Quinta";"13:50:00";"PR";163;"156,5";"SANTA LUCIA";"Não guardar distância de segurança";"Colisão traseira";"Sem Vítimas";"Pleno dia";"Decrescente";"Sol";"Simples";"Reta";"Rural";6;0;0;0;5;1;0;6
83502371;"09/09/16";"Sexta";"15:40:00";"PI";343;"306,5";"ALTOS";"Falta de atenção";"Colisão Transversal";"Com Vítimas Feridas";"Pleno dia";"Crescente";"Ceu Claro";"Simples";"Cruzamento";"Urbano";2;0;0;1;1;0;1;2
83502372;"23/09/16";"Sexta";"20:00:00";"TO";153;"144";"ARAGUAINA";"Falta de atenção";"Colisão Transversal";"Com Vítimas Feridas";"Plena noite";"Crescente";"Ceu Claro";"Simples";"Reta";"Urbano";6;0;3;0;3;0;3;2
83502374;"29/09/16";"Quinta";"12:40:00";"MG";381;"493,3";"BETIM";"Desobediência à sinalização";"Colisão Transversal";"Sem Vítimas";"Pleno dia";"Crescente";"Ceu Claro";"Dupla";"Cruzamento";"Urbano";2;0;0;0;2;0;0;2
83502375;"29/09/16";"Quinta";"16:45:00";"RJ";465;"20";"NOVA IGUACU";"Outras";"Colisão lateral";"Com Vítimas Feridas";"Pleno dia";"Crescente";"Ceu Claro";"Simples";"Reta";"Urbano";2;0;0;1;0;1;1;2
83502376;"29/09/16";"Quinta";"13:25:00";"RJ";493;"21";"MAGE";"Falta de atenção";"Colisão Transversal";"Com Vítimas Feridas";"Pleno dia";"Decrescente";"Sol";"Simples";"Reta";"Urbano";3;0;1;0;2;0;1;2
83502377;"25/09/16";"Domingo";"16:40:00";"ES";262;"50,3";"MARECHAL FLORIANO";"Outras";"Capotamento";"Sem Vítimas";"Plena noite";"Decrescente";"Chuva";"Simples";"Curva";"Rural";3;0;0;0;3;0;0;1
83502378;"28/09/16";"Quarta";"08:30:00";"AP";210;"8";"MACAPA";"Falta de atenção";"Colisão com bicicleta";"Com Vítimas Feridas";"Pleno dia";"Crescente";"Sol";"Dupla";"Curva";"Rural";2;0;2;0;0;0;2;2
83502379;"29/09/16";"Quinta";"16:20:00";"PR";376;"178,2";"MARINGA";"Outras";"Colisão traseira";"Com Vítimas Feridas";"Pleno dia";"Crescente";"Sol";"Múltipla";"Reta";"Urbano";2;0;1;0;1;0;1;2
83502380;"29/09/16";"Quinta";"11:30:00";"MT";163;"84,5";"RONDONOPOLIS";"Outras";"Capotamento";"Com Vítimas Feridas";"Pleno dia";"Crescente";"Ceu Claro";"Dupla";"Curva";"Urbano";2;0;2;0;0;0;2;1
83502380;"29/09/16";"Quinta";"11:30:00";"MT";163;"84,5";"RONDONOPOLIS";"Outras";"Capotamento";"Com Vítimas Feridas";"Pleno dia";"Crescente";"Ceu Claro";"Dupla";"Reta";"Rural";2;0;2;0;0;0;2;1
83502381;"29/09/16";"Quinta";"16:00:00";"PE";101;"42";"IGARASSU";"Falta de atenção";"Colisão lateral";"Sem Vítimas";"Anoitecer";"Decrescente";"Ceu Claro";"Múltipla";"Reta";"Urbano";2;0;0;0;2;0;0;2
83502382;"29/09/16";"Quinta";"18:20:00";"RJ";40;"21,6";"TRES RIOS";"Falta de atenção";"Colisão lateral";"Sem Vítimas";"Plena noite";"Crescente";"Ignorada";"Dupla";"Reta";"Urbano";2;0;0;0;2;0;0;2
83502383;"29/09/16";"Quinta";"14:35:00";"MT";70;"24";"BARRA DO GARCAS";"Velocidade incompatível";"Tombamento";"Com Vítimas Feridas";"Pleno dia";"Decrescente";"Ceu Claro";"Simples";"Curva";"Rural";1;0;1;0;0;0;1;1
83502384;"29/09/16";"Quinta";"15:45:00";"AL";316;"37,5";"CANAPI";"Defeito na via";"Saída de Pista";"Sem Vítimas";"Pleno dia";"Decrescente";"Ceu Claro";"Simples";"Reta";"Rural";5;0;0;0;5;0;0;1
83502385;"25/09/16";"Domingo";"01:25:00";"MG";116;"180,1";"CARAI";"Ingestão de álcool";"Colisão frontal";"Com Vítimas Fatais";"Plena noite";"Decrescente";"Ceu Claro";"Simples";"Reta";"Rural";11;2;9;0;0;0;9;2
83502387;"29/09/16";"Quinta";"17:30:00";"SC";101;"125";"ITAJAI";"Outras";"Colisão lateral";"Com Vítimas Feridas";"Anoitecer";"Decrescente";"Nublado";"Dupla";"Reta";"Rural";2;0;1;0;1;0;1;2
83502388;"01/06/16";"Quarta";"14:19:00";"MT";364;"262";"JUSCIMEIRA";"Outras";"Atropelamento de pessoa";"Com Vítimas Feridas";"Pleno dia";"Decrescente";"Sol";"Simples";"Reta";"Rural";2;0;0;1;0;1;1;1
83502389;"29/09/16";"Quinta";"15:30:00";"MG";365;"464";"PATROCINIO";"Não guardar distância de segurança";"Colisão traseira";"Sem Vítimas";"Pleno dia";"Decrescente";"Sol";"Simples";"Reta";"Rural";4;0;0;0;3;1;0;4
83502390;"25/09/16";"Domingo";"23:40:00";"MG";365;"52";"CLARO DOS POCOES";"Velocidade incompatível";"Capotamento";"Sem Vítimas";"Plena noite";"Crescente";"Ignorada";"Simples";"Reta";"Rural";1;0;0;0;1;0;0;1