"id";"data_inversa";"dia_semana";"horario";"uf";"br";"km";"municipio";"causa_acidente";"tipo_acidente";"classificacao_acidente";"fase_dia";"sentido_via";"condicao_metereologica";"tipo_pista";"tracado_via";"uso_solo";"pessoas";"mortos";"feridos_leves";"feridos_graves";"ilesos";"ignorados";"feridos";"veiculos"
83502500;"30/09/16";"Sexta";"02:45:00";"MS";163;"171";"JUTI";"Outras";"Saída de Pista";"Ignorado";"Plena noite";"Crescente";"Ceu Claro";"Simples";"Curva";"Urbano";1;0;0;0;0;1;0;1
83502501;"24/09/16";"Sábado";"19:20:00";"ES";101;"299";"VIANA";"Ingestão de álcool";"Atropelamento de pessoa";"Com Vítimas Feridas";"Plena noite";"Crescente";"Nublado";"Múltipla";"Reta";"Urbano";2;0;1;0;0;1;1;1
83502502;"30/09/16";"Sexta";"02:00:00";"MG";365;"529";"MONTE CARMELO";"Dormindo";"Saída de Pista";"Com Vítimas Feridas";"Plena noite";"Decrescente";"Ceu Claro";"Simples";"Reta";"Rural";1;0;1;0;0;0;1;1
83502503;"29/09/16";"Quinta";"10:30:00";"PA";316;"11";"MARITUBA";"Falta de atenção";"Colisão Transversal";"Com Vítimas Feridas";"Pleno dia";"Decrescente";"Sol";"Dupla";"Reta";"Urbano";2;0;1;0;1;0;1;2
83502504;"29/09/16";"Quinta";"11:00:00";"PA";316;"6";"ANANINDEUA";"Falta de atenção";"Colisão Transversal";"Sem Vítimas";"Pleno dia";"Decrescente";"Ceu Claro";"Dupla";"Reta";"Urbano";3;0;0;0;3;0;0;3
83502505;"30/09/16";"Sexta";"03:35:00";"RN";101;"140,2";"ARES";"Outras";"Saída de Pista";"Com Vítimas Feridas";"Plena noite";"Decrescente";"Ignorada";"Dupla";"Reta";"Rural";2;0;2;0;0;0;2;1
83502506;"30/09/16";"Sexta";"04:55:00";"PR";369;"362";"CAMPO MOURAO";"Falta de atenção";"Colisão com bicicleta";"Com Vítimas Feridas";"Plena noite";"Decrescente";"Ceu Claro";"Simples";"Reta";"Rural";2;0;0;1;0;1;1;2
83502507;"30/09/16";"Sexta";"01:00:00";"DF";20;"20";"BRASILIA";"Defeito mecânico em veículo";"Queda de motocicleta / bicicleta / veículo";"Com Vítimas Feridas";"Plena noite";"Crescente";"Ceu Claro";"Dupla";"Reta";"Rural";2;0;2;0;0;0;2;1
83502508;"29/09/16";"Quinta";"21:25:00";"RS";290;"352,5";"SAO SEPE";"Falta de atenção";"Colisão lateral";"Sem Vítimas";"Plena noite";"Crescente";"Ceu Claro";"Simples";"Reta";"Rural";2;0;0;0;1;1;0;2
83502509;"29/09/16";"Quinta";"21:30:00";"SP";116;"330";"JUQUITIBA";"Velocidade incompatível";"Tombamento";"Com Vítimas Feridas";"Plena noite";"Decrescente";"Chuva";"Dupla";"Reta";"Rural";2;0;2;0;0;0;2;1
83502510;"30/09/16";"Sexta";"05:30:00";"SP";116;"518,5";"CAJATI";"Falta de atenção";"Tombamento";"Sem Vítimas";"Amanhecer";"Crescente";"Chuva";"Simples";"Curva";"Rural";1;0;0;0;1;0;0;1
83502511;"29/09/16";"Quinta";"04:30:00";"MG";262;"729,9";"PERDIZES";"Outras";"Saída de Pista";"Sem Vítimas";"Plena noite";"Decrescente";"Ceu Claro";"Simples";"Reta";"Rural";4;0;0;0;4;0;0;1
83502512;"29/09/16";"Quinta";"10:45:00";"MG";50;"104";"UBERABA";"Velocidade incompatível";"Colisão traseira";"Sem Vítimas";"Pleno dia";"Crescente";"Sol";"Dupla";"Reta";"Rural";2;0;0;0;2;0;0;2
83502513;"26/09/16";"Segunda";"13:20:00";"BA";324;"513";"FEIRA DE SANTANA";"Falta de atenção";"Colisão Transversal";"Com Vítimas Feridas";"Pleno dia";"Crescente";"Ceu Claro";"Simples";"Reta";"Urbano";3;0;0;1;2;0;1;2
83502514;"29/09/16";"Quinta";"19:00:00";"PR";272;"376";"CAMPO MOURAO";"Defeito mecânico em veículo";"Incêndio";"Sem Vítimas";"Plena noite";"Decrescente";"Ignorada";"Simples";"Reta";"Rural";1;0;0;0;1;0;0;1
83502515;"30/09/16";"Sexta";"01:30:00";"RJ";116;"281";"BARRA MANSA";"Falta de atenção";"Colisão traseira";"Com Vítimas Feridas";"Plena noite";"Crescente";"Nublado";"Dupla";"Curva";"Urbano";3;0;0;2;1;0;2;2
83502516;"26/09/16";"Segunda";"19:40:00";"MG";365;"478";"PATROCINIO";"Outras";"Colisão lateral";"Com Vítimas Feridas";"Plena noite";"Crescente";"Ceu Claro";"Simples";"Reta";"Rural";2;0;2;0;0;0;2;2
83502517;"30/09/16";"Sexta";"06:40:00";"RS";153;"27,6";"TRES ARROIOS";"Defeito mecânico em veículo";"Saída de Pista";"Com Vítimas Feridas";"Amanhecer";"Decrescente";"Ceu Claro";"Simples";"Curva";"Rural";1;0;1;0;0;0;1;1
83502518;"24/09/16";"Sábado";"13:00:00";"CE";116;"29,2";"ITAITINGA";"Defeito mecânico em veículo";"Queda de motocicleta / bicicleta / veículo";"Com Vítimas Feridas";"Pleno dia";"Decrescente";"Ceu Claro";"Múltipla";"Reta";"Rural";2;0;2;0;0;0;2;1
83502519;"26/09/16";"Segunda";"16:00:00";"PR";467;"93";"CASCAVEL";"Velocidade incompatível";"Capotamento";"Sem Vítimas";"Pleno dia";"Crescente";"Ceu Claro";"Dupla";"Reta";"Rural";2;0;0;0;2;0;0;1
83502520;"30/09/16";"Sexta";"02:50:00";"SP";116;"218,6";"GUARULHOS";"Outras";"Derramamento de Carga";"Sem Vítimas";"Plena noite";"Decrescente";"Ceu Claro";"Múltipla";"Reta";"Urbano";1;0;0;0;1;0;0;1
83502521;"28/09/16";"Quarta";"05:30:00";"MS";163;"36,4";"ELDORADO";"Ultrapassagem indevida";"Colisão traseira";"Sem Vítimas";"Amanhecer";"Decrescente";"Ceu Claro";"Simples";"Reta";"Rural";2;0;0;0;2;0;0;2
83502522;"30/09/16";"Sexta";"07:20:00";"RS";386;"399,1";"TRIUNFO";"Velocidade incompatível";"Colisão lateral";"Sem Vítimas";"Pleno dia";"Crescente";"Ceu Claro";"Dupla";"Reta";"Rural";2;0;0;0;2;0;0;2
83502523;"26/09/16";"Segunda";"14:15:00";"PR";467;"81";"CASCAVEL";"Velocidade incompatível";"Capotamento";"Com Vítimas Feridas";"Pleno dia";"Decrescente";"Sol";"Dupla";"Reta";"Rural";1;0;1;0;0;0;1;1
83502524;"30/09/16";"Sexta";"05:40:00";"ES";101;"267,8";"SERRA";"Desobediência à sinalização";"Colisão Transversal";"Com Vítimas Feridas";"Amanhecer";"Crescente";"Nublado";"Múltipla";"Cruzamento";"Urbano";2;0;0;1;1;0;1;2
83502525;"22/09/16";"Quinta";"21:00:00";"MG";381;"456";"BELO HORIZONTE";"Outras";"Colisão com objeto fixo";"Com Vítimas Feridas";"Plena noite";"Crescente";"Ceu Claro";"Dupla";"Reta";"Urbano";1;0;0;1;0;0;1;1
83502526;"25/09/16";"Domingo";"06:10:00";"PR";376;"651";"TIJUCAS DO SUL";"Outras";"Saída de Pista";"Sem Vítimas";"Amanhecer";"Crescente";"Chuva";"Dupla";"Curva";"Rural";1;0;0;0;1;0;0;1
83502527;"22/09/16";"Quinta";"21:30:00";"PR";376;"631";"SAO JOSE DOS PINHAIS";"Falta de atenção";"Colisão com bicicleta";"Com Vítimas Feridas";"Plena noite";"Crescente";"Nublado";"Dupla";"Reta";"Urbano";2;0;0;1;1;0;1;2
83502528;"29/09/16";"Quinta";"19:30:00";"RJ";393;"265,8";"BARRA DO PIRAI";"Falta de atenção";"Colisão com objeto fixo";"Sem Vítimas";"Plena noite";"Crescente";"Nublado";"Simples";"Curva";"Rural";1;0;0;0;1;0;0;1
83502529;"30/09/16";"Sexta";"07:15:00";"SP";153;"61,3";"SAO JOSE DO RIO PRETO";"Outras";"Queda de motocicleta / bicicleta / veículo";"Com Vítimas Feridas";"Pleno dia";"Crescente";"Ceu Claro";"Dupla";"Reta";"Urbano";1;0;1;0;0;0;1;1
83502530;"27/09/16";"Terça";"13:30:00";"RS";386;"334,8";"MARQUES DE SOUZA";"Dormindo";"Saída de Pista";"Com Vítimas Feridas";"Pleno dia";"Crescente";"Ceu Claro";"Simples";"Reta";"Rural";2;0;0;2;0;0;2;1
83502531;"26/09/16";"Segunda";"19:30:00";"MG";262;"408";"PARA DE MINAS";"Animais na Pista";"Atropelamento de animal";"Com Vítimas Feridas";"Plena noite";"Crescente";"Ceu Claro";"Dupla";"Reta";"Rural";3;0;2;1;0;0;3;1
83502532;"30/09/16";"Sexta";"06:50:00";"RJ";493;"20";"MAGE";"Falta de atenção";"Colisão Transversal";"Com Vítimas Feridas";"Pleno dia";"Decrescente";"Nublado";"Simples";"Reta";"Urbano";2;0;0;1;1;0;1;2
83502533;"22/09/16";"Quinta";"19:00:00";"MG";251;"328";"SALINAS";"Velocidade incompatível";"Tombamento";"Com Vítimas Feridas";"Plena noite";"Crescente";"Ignorada";"Simples";"Curva";"Rural";1;0;1;0;0;0;1;1
83502534;"29/09/16";"Quinta";"16:15:00";"SC";116;"238,9";"LAGES";"Velocidade incompatível";"Tombamento";"Sem Vítimas";"Pleno dia";"Decrescente";"Ceu Claro";"Simples";"Cruzamento";"Urbano";1;0;0;0;1;0;0;1
83502535;"25/09/16";"Domingo";"15:45:00";"ES";262;"63,5";"DOMINGOS MARTINS";"Velocidade incompatível";"Colisão Transversal";"Com Vítimas Feridas";"Pleno dia";"Crescente";"Chuva";"Simples";"Curva";"Rural";7;0;3;3;1;0;6;3
83502536;"30/09/16";"Sexta";"05:40:00";"RJ";116;"244,7";"PIRAI";"Defeito mecânico em veículo";"Colisão com objeto fixo";"Sem Vítimas";"Amanhecer";"Crescente";"Ceu Claro";"Múltipla";"Reta";"Rural";1;0;0;0;1;0;0;1
83502537;"29/08/16";"Segunda";"11:20:00";"PR";376;"391";"IMBAU";"Defeito mecânico em veículo";"Tombamento";"Com Vítimas Feridas";"Pleno dia";"Decrescente";"Nublado";"Simples";"Curva";"Rural";2;0;1;1;0;0;2;1
83502538;"28/09/16";"Quarta";"13:15:00";"SP";116;"152";"SAO JOSE DOS CAMPOS";"Falta de atenção";"Colisão traseira";"Com Vítimas Feridas";"Pleno dia";"Crescente";"Ceu Claro";"Dupla";"Reta";"Rural";3;0;2;0;1;0;2;2
83502540;"27/09/16";"Terça";"04:30:00";"MG";262;"421";"IGARATINGA";"Dormindo";"Colisão traseira";"Com Vítimas Feridas";"Plena noite";"Decrescente";"Ceu Claro";"Simples";"Reta";"Rural";2;0;2;0;0;0;2;2
83502541;"25/09/16";"Domingo";"02:30:00";"ES";101;"331,5";"GUARAPARI";"Outras";"Atropelamento de pessoa";"Com Vítimas Fatais";"Plena noite";"Decrescente";"Chuva";"Simples";"Reta";"Rural";3;1;0;0;0;2;0;2
83502542;"30/09/16";"Sexta";"07:05:00";"RS";116;"265";"CANOAS";"Falta de atenção";"Colisão lateral";"Com Vítimas Feridas";"Pleno dia";"Crescente";"Sol";"Dupla";"Reta";"Urbano";4;0;2;0;2;0;2;2
83502543;"29/04/16";"Sexta";"14:00:00";"MS";163;"416,9";"NOVA ALVORADA DO SUL";"Não guardar distância de segurança";"Colisão traseira";"Sem Vítimas";"Pleno dia";"Crescente";"Nublado";"Simples";"Reta";"Rural";2;0;0;0;2;0;0;2
83502544;"29/09/16";"Quinta";"09:45:00";"MT";163;"1042";"MATUPA";"Não guardar distância de segurança";"Colisão traseira";"Com Vítimas Feridas";"Pleno dia";"Crescente";"Ceu Claro";"Simples";"Reta";"Rural";3;0;1;0;2;0;1;2
83502545;"29/09/16";"Quinta";"07:30:00";"CE";116;"161,3";"RUSSAS";"Falta de atenção";"Colisão Transversal";"Com Vítimas Fatais";"Pleno dia";"Crescente";"Ceu Claro";"Simples";"Curva";"Urbano";3;2;0;0;1;0;0;2
83502546;"27/09/16";"Terça";"06:20:00";"DF";70;"18";"BRASILIA";"Velocidade incompatível";"Colisão traseira";"Com Vítimas Feridas";"Pleno dia";"Decrescente";"Ceu Claro";"Dupla";"Reta";"Rural";3;0;1;0;2;0;1;2
83502547;"30/09/16";"Sexta";"07:05:00";"MA";10;"191,5";"RIBAMAR FIQUENE";"Velocidade incompatível";"Saída de Pista";"Sem Vítimas";"Amanhecer";"Decrescente";"Chuva";"Simples";"Reta";"Rural";2;0;0;0;2;0;0;1
83502548;"22/09/16";"Quinta";"07:50:00";"MT";364;"302";"JACIARA";"Ultrapassagem indevida";"Colisão traseira";"Sem Vítimas";"Pleno dia";"Decrescente";"Ceu Claro";"Simples";"Curva";"Rural";5;0;0;0;5;0;0;3
83502549;"30/09/16";"Sexta";"07:30:00";"RO";364;"696";"PORTO VELHO";"Falta de atenção";"Queda de motocicleta / bicicleta / veículo";"Com Vítimas Feridas";"Pleno dia";"Crescente";"Ceu Claro";"Dupla";"Reta";"Rural";1;0;1;0;0;0;1;1
83502550;"29/09/16";"Quinta";"12:00:00";"SP";116;"147";"SAO JOSE DOS CAMPOS";"Outras";"Colisão traseira";"Sem Vítimas";"Pleno dia";"Decrescente";"Sol";"Dupla";"Reta";"Urbano";2;0;0;0;2;0;0;2
83502551;"27/09/16";"Terça";"07:00:00";"MG";40;"768,3";"JUIZ DE FORA";"Outras";"Colisão lateral";"Sem Vítimas";"Amanhecer";"Decrescente";"Chuva";"Simples";"Curva";"Rural";2;0;0;0;2;0;0;2
83502552;"29/09/16";"Quinta";"16:30:00";"CE";222;"312";"TIANGUA";"Falta de atenção";"Colisão Transversal";"Com Vítimas Feridas";"Pleno dia";"Crescente";"Ceu Claro";"Simples";"Reta";"Urbano";2;0;0;1;1;0;1;2
83502553;"30/09/16";"Sexta";"05:25:00";"RO";364;"211,2";"PIMENTA BUENO";"Defeito na via";"Saída de Pista";"Com Vítimas Feridas";"Amanhecer";"Decrescente";"Nublado";"Simples";"Reta";"Rural";9;0;7;1;1;0;8;1
83502554;"30/09/16";"Sexta";"08:00:00";"RS";116;"395,4";"CAMAQUA";"Desobediência à sinalização";"Colisão traseira";"Com Vítimas Feridas";"Pleno dia";"Crescente";"Ceu Claro";"Simples";"Reta";"Urbano";3;0;1;0;2;0;1;3
83502555;"27/09/16";"Terça";"05:55:00";"MG";381;"743,4";"TRES CORACOES";"Defeito mecânico em veículo";"Saída de Pista";"Sem Vítimas";"Amanhecer";"Decrescente";"Nublado";"Dupla";"Curva";"Rural";1;0;0;0;1;0;0;1
83502556;"25/09/16";"Domingo";"15:30:00";"PE";116;"71";"CABROBO";"Outras";"Saída de Pista";"Sem Vítimas";"Pleno dia";"Decrescente";"Ceu Claro";"Simples";"Reta";"Rural";1;0;0;0;1;0;0;1
83502557;"30/09/16";"Sexta";"07:50:00";"SP";116;"561";"BARRA DO TURVO";"Falta de atenção";"Capotamento";"Sem Vítimas";"Pleno dia";"Crescente";"Chuva";"Dupla";"Curva";"Rural";5;0;0;0;5;0;0;1
83502558;"30/09/16";"Sexta";"10:10:00";"SC";470;"149,5";"AGRONOMICA";"Falta de atenção";"Colisão traseira";"Com Vítimas Feridas";"Pleno dia";"Crescente";"Sol";"Simples";"Cruzamento";"Urbano";2;0;1;0;1;0;1;2
83502559;"30/09/16";"Sexta";"08:10:00";"SC";470;"8,3";"NAVEGANTES";"Outras";"Saída de Pista";"Com Vítimas Feridas";"Pleno dia";"Decrescente";"Nublado";"Simples";"Reta";"Urbano";1;0;1;0;0;0;1;1
83502560;"26/09/16";"Segunda";"17:00:00";"MG";116;"415";"GOVERNADOR VALADARES";"Desobediência à sinalização";"Colisão Transversal";"Com Vítimas Feridas";"Anoitecer";"Crescente";"Ceu Claro";"Múltipla";"Reta";"Urbano";2;0;1;0;1;0;1;2
83502561;"27/09/16";"Terça";"07:10:00";"MG";40;"531";"BELO HORIZONTE";"Não guardar distância de segurança";"Colisão traseira";"Com Vítimas Feridas";"Pleno dia";"Crescente";"Sol";"Dupla";"Reta";"Urbano";2;0;0;1;1;0;1;2
83502562;"23/09/16";"Sexta";"06:30:00";"RJ";393;"228,6";"VASSOURAS";"Outras";"Incêndio";"Sem Vítimas";"Amanhecer";"Crescente";"Ceu Claro";"Simples";"Reta";"Rural";1;0;0;0;1;0;0;1
83502563;"27/09/16";"Terça";"00:30:00";"PI";222;"56,6";"BRASILEIRA";"Animais na Pista";"Saída de Pista";"Com Vítimas Feridas";"Plena noite";"Decrescente";"Ceu Claro";"Simples";"Reta";"Rural";1;0;1;0;0;0;1;1
83502564;"30/09/16";"Sexta";"06:25:00";"SP";116;"541";"BARRA DO TURVO";"Velocidade incompatível";"Colisão com objeto fixo";"Sem Vítimas";"Pleno dia";"Crescente";"Chuva";"Dupla";"Curva";"Rural";1;0;0;0;1;0;0;1
83502565;"26/09/16";"Segunda";"20:55:00";"BA";242;"268";"IBIQUERA";"Dormindo";"Tombamento";"Com Vítimas Feridas";"Plena noite";"Decrescente";"Ceu Claro";"Simples";"Curva";"Rural";1;0;1;0;0;0;1;1
83502566;"30/09/16";"Sexta";"10:20:00";"ES";101;"159,9";"LINHARES";"Falta de atenção";"Colisão Transversal";"Com Vítimas Feridas";"Pleno dia";"Decrescente";"Ceu Claro";"Simples";"Reta";"Urbano";2;0;0;1;1;0;1;2
83502567;"30/09/16";"Sexta";"10:00:00";"SP";116;"362,5";"MIRACATU";"Falta de atenção";"Saída de Pista";"Com Vítimas Feridas";"Pleno dia";"Crescente";"Chuva";"Dupla";"Curva";"Rural";2;0;2;0;0;0;2;1
83502568;"30/09/16";"Sexta";"07:20:00";"MA";10;"290";"CIDELANDIA";"Outras";"Colisão frontal";"Com Vítimas Fatais";"Amanhecer";"Crescente";"Chuva";"Simples";"Curva";"Rural";2;1;0;0;1;0;0;2
83502569;"30/09/16";"Sexta";"09:05:00";"RO";364;"384,7";"OURO PRETO DO OESTE";"Falta de atenção";"Colisão traseira";"Com Vítimas Feridas";"Pleno dia";"Decrescente";"Sol";"Simples";"Reta";"Rural";3;0;1;0;2;0;1;2
83502570;"23/09/16";"Sexta";"04:20:00";"SP";153;"63,9";"SAO JOSE DO RIO PRETO";"Dormindo";"Colisão com objeto fixo";"Com Vítimas Feridas";"Plena noite";"Crescente";"Ceu Claro";"Dupla";"Cruzamento";"Urbano";1;0;1;0;0;0;1;1
83502571;"30/09/16";"Sexta";"09:25:00";"GO";153;"503,4";"GOIANIA";"Falta de atenção";"Colisão lateral";"Com Vítimas Feridas";"Pleno dia";"Crescente";"Sol";"Dupla";"Reta";"Urbano";2;0;1;0;1;0;1;2
83502572;"30/09/16";"Sexta";"10:55:00";"CE";222;"222";"SOBRAL";"Desobediência à sinalização";"Colisão lateral";"Sem Vítimas";"Pleno dia";"Crescente";"Ceu Claro";"Simples";"Cruzamento";"Urbano";5;0;0;0;5;0;0;2
83502573;"30/09/16";"Sexta";"11:20:00";"RS";386;"349,8";"ESTRELA";"Falta de atenção";"Colisão Transversal";"Sem Vítimas";"Pleno dia";"Crescente";"Ceu Claro";"Dupla";"Cruzamento";"Rural";2;0;0;0;2;0;0;2
83502574;"30/09/16";"Sexta";"10:00:00";"AC";364;"124";"RIO BRANCO";"Falta de atenção";"Colisão lateral";"Sem Vítimas";"Pleno dia";"Decrescente";"Ceu Claro";"Dupla";"Reta";"Urbano";2;0;0;0;2;0;0;2
83502575;"30/09/16";"Sexta";"07:10:00";"PB";101;"90,6";"JOAO PESSOA";"Falta de atenção";"Colisão traseira";"Sem Vítimas";"Pleno dia";"Crescente";"Ceu Claro";"Dupla";"Reta";"Urbano";3;0;0;0;3;0;0;3
83502576;"30/09/16";"Sexta";"08:30:00";"SC";116;"184,5";"SAO CRISTOVAO DO SUL";"Velocidade incompatível";"Tombamento";"Com Vítimas Feridas";"Pleno dia";"Crescente";"Nublado";"Simples";"Cruzamento";"Urbano";2;0;1;1;0;0;2;1
83502577;"26/09/16";"Segunda";"19:30:00";"MG";267;"312,5";"CONCEICAO DO RIO VERDE";"Falta de atenção";"Colisão Transversal";"Sem Vítimas";"Plena noite";"Decrescente";"Ceu Claro";"Simples";"Cruzamento";"Rural";3;0;0;0;3;0;0;2
83502578;"24/09/16";"Sábado";"21:30:00";"BA";116;"425";"FEIRA DE SANTANA";"Ingestão de álcool";"Colisão lateral";"Sem Vítimas";"Plena noite";"Crescente";"Ceu Claro";"Simples";"Reta";"Urbano";3;0;0;0;2;1;0;3
83502579;"30/09/16";"Sexta";"12:45:00";"MG";381;"492";"BETIM";"Defeito mecânico em veículo";"Queda de motocicleta / bicicleta / veículo";"Com Vítimas Feridas";"Pleno dia";"Crescente";"Sol";"Dupla";"Reta";"Urbano";1;0;1;0;0;0;1;1
83502580;"30/09/16";"Sexta";"09:00:00";"SC";470;"247,3";"CURITIBANOS";"Não guardar distância de segurança";"Colisão traseira";"Sem Vítimas";"Pleno dia";"Decrescente";"Nublado";"Simples";"Reta";"Urbano";2;0;0;0;2;0;0;2
83502581;"30/09/16";"Sexta";"09:20:00";"SP";116;"404";"MIRACATU";"Outras";"Saída de Pista";"Sem Vítimas";"Pleno dia";"Crescente";"Nublado";"Dupla";"Reta";"Rural";1;0;0;0;1;0;0;1
83502582;"29/09/16";"Quinta";"20:50:00";"RN";304;"201";"LAJES";"Falta de atenção";"Colisão com objeto fixo";"Com Vítimas Feridas";"Plena noite";"Decrescente";"Ceu Claro";"Simples";"Reta";"Rural";1;0;0;1;0;0;1;1
83502583;"30/09/16";"Sexta";"12:20:00";"RS";153;"63";"ERECHIM";"Velocidade incompatível";"Capotamento";"Sem Vítimas";"Pleno dia";"Crescente";"Sol";"Simples";"Reta";"Rural";2;0;0;0;2;0;0;1
83502584;"30/09/16";"Sexta";"09:54:00";"MG";40;"431,4";"PARAOPEBA";"Não guardar distância de segurança";"Colisão traseira";"Sem Vítimas";"Pleno dia";"Decrescente";"Sol";"Dupla";"Reta";"Rural";2;0;0;0;2;0;0;2
83502585;"30/09/16";"Sexta";"09:00:00";"SC";470;"193,5";"POUSO REDONDO";"Desobediência à sinalização";"Colisão frontal";"Sem Vítimas";"Pleno dia";"Crescente";"Chuva";"Simples";"Curva";"Rural";2;0;0;0;2;0;0;2
83502586;"28/09/16";"Quarta";"11:30:00";"AC";364;"126";"RIO BRANCO";"Falta de atenção";"Colisão Transversal";"Sem Vítimas";"Pleno dia";"Decrescente";"Sol";"Dupla";"Reta";"Rural";2;0;0;0;2;0;0;2
83502587;"30/09/16";"Sexta";"07:00:00";"BA";324;"620";"SALVADOR";"Falta de atenção";"Colisão lateral";"Com Vítimas Feridas";"Pleno dia";"Crescente";"Ceu Claro";"Dupla";"Reta";"Urbano";2;0;1;0;1;0;1;2
83502588;"30/09/16";"Sexta";"08:30:00";"MG";40;"517";"RIBEIRAO DAS NEVES";"Falta de atenção";"Colisão Transversal";"Com Vítimas Feridas";"Pleno dia";"Crescente";"Ceu Claro";"Dupla";"Reta";"Urbano";2;0;0;1;1;0;1;2
83502589;"30/09/16";"Sexta";"11:56:00";"GO";50;"102";"CRISTALINA";"Defeito mecânico em veículo";"Saída de Pista";"Com Vítimas Feridas";"Pleno dia";"Decrescente";"Ceu Claro";"Simples";"Reta";"Urbano";3;0;2;0;1;0;2;1
83502590;"30/09/16";"Sexta";"13:40:00";"CE";222;"222";"SOBRAL";"Outras";"Atropelamento de pessoa";"Com Vítimas Feridas";"Pleno dia";"Crescente";"Ceu Claro";"Simples";"Cruzamento";"Urbano";2;0;1;0;0;1;1;1
83502592;"26/09/16";"Segunda";"02:00:00";"PI";316;"4,6";"TERESINA";"Falta de atenção";"Atropelamento de pessoa";"Com Vítimas Fatais";"Plena noite";"Crescente";"Ceu Claro";"Múltipla";"Reta";"Urbano";2;1;0;0;0;1;0;1
83502593;"30/09/16";"Sexta";"07:20:00";"CE";116;"15,9";"FORTALEZA";"Outras";"Colisão lateral";"Com Vítimas Feridas";"Pleno dia";"Decrescente";"Ceu Claro";"Dupla";"Reta";"Urbano";2;0;1;0;1;0;1;2
83502594;"30/09/16";"Sexta";"11:50:00";"PR";376;"176,8";"MARINGA";"Outras";"Colisão lateral";"Com Vítimas Feridas";"Pleno dia";"Crescente";"Sol";"Dupla";"Reta";"Urbano";2;0;1;0;1;0;1;2
83502595;"30/09/16";"Sexta";"11:35:00";"MG";40;"527";"CONTAGEM";"Falta de atenção";"Saída de Pista";"Com Vítimas Feridas";"Pleno dia";"Decrescente";"Sol";"Dupla";"Curva";"Urbano";1;0;0;1;0;0;1;1
83502597;"30/09/16";"Sexta";"11:35:00";"MA";135;"30,5";"BACABEIRA";"Outras";"Colisão com objeto fixo";"Com Vítimas Feridas";"Pleno dia";"Crescente";"Sol";"Simples";"Reta";"Rural";1;0;1;0;0;0;1;1
83502598;"14/09/16";"Quarta";"07:45:00";"ES";101;"265,8";"SERRA";"Velocidade incompatível";"Colisão traseira";"Com Vítimas Feridas";"Pleno dia";"Crescente";"Sol";"Dupla";"Reta";"Urbano";3;0;1;0;2;0;1;3
83502600;"28/09/16";"Quarta";"19:15:00";"PR";163;"126";"REALEZA";"Falta de atenção";"Colisão frontal";"Sem Vítimas";"Anoitecer";"Decrescente";"Ceu Claro";"Simples";"Cruzamento";"Rural";3;0;0;0;3;0;0;2
83502601;"29/09/16";"Quinta";"17:40:00";"RN";304;"183";"ANGICOS";"Animais na Pista";"Atropelamento de animal";"Sem Vítimas";"Anoitecer";"Decrescente";"Ceu Claro";"Simples";"Reta";"Rural";1;0;0;0;1;0;0;1
83502602;"30/09/16";"Sexta";"07:14:00";"PA";316;"31";"SANTA ISABEL DO PARA";"Desobediência à sinalização";"Colisão Transversal";"Com Vítimas Feridas";"Pleno dia";"Crescente";"Nublado";"Dupla";"Reta";"Urbano";2;0;1;0;1;0;1;2
83502603;"30/09/16";"Sexta";"09:10:00";"CE";20;"420,5";"MARACANAU";"Falta de atenção";"Colisão Transversal";"Com Vítimas Feridas";"Pleno dia";"Decrescente";"Sol";"Simples";"Cruzamento";"Urbano";3;0;2;0;1;0;2;2
83502604;"30/09/16";"Sexta";"13:00:00";"PR";376;"666";"GUARATUBA";"Velocidade incompatível";"Colisão com objeto fixo";"Com Vítimas Feridas";"Pleno dia";"Decrescente";"Chuva";"Dupla";"Curva";"Rural";3;0;1;0;2;0;1;1
83502606;"30/09/16";"Sexta";"13:55:00";"RS";158;"324,5";"SANTA MARIA";"Falta de atenção";"Colisão lateral";"Sem Vítimas";"Pleno dia";"Decrescente";"Sol";"Simples";"Reta";"Urbano";3;0;0;0;3;0;0;2
83502607;"30/09/16";"Sexta";"07:30:00";"PA";316;"13";"MARITUBA";"Outras";"Colisão com bicicleta";"Com Vítimas Fatais";"Pleno dia";"Decrescente";"Ceu Claro";"Dupla";"Reta";"Urbano";2;1;0;0;1;0;0;2
83502608;"26/09/16";"Segunda";"23:00:00";"MG";381;"728,6";"CARMO DA CACHOEIRA";"Dormindo";"Capotamento";"Com Vítimas Feridas";"Plena noite";"Crescente";"Nublado";"Dupla";"Curva";"Rural";1;0;1;0;0;0;1;1
83502609;"21/09/16";"Quarta";"16:00:00";"AP";210;"110,5";"PORTO GRANDE";"Falta de atenção";"Colisão Transversal";"Com Vítimas Feridas";"Pleno dia";"Decrescente";"Ceu Claro";"Simples";"Reta";"Urbano";2;0;1;0;1;0;1;2
83502610;"27/09/16";"Terça";"00:15:00";"MG";381;"637,1";"SANTO ANTONIO DO AMPARO";"Outras";"Atropelamento de pessoa";"Com Vítimas Feridas";"Plena noite";"Decrescente";"Ceu Claro";"Dupla";"Curva";"Rural";2;0;1;0;1;0;1;1
83502611;"30/09/16";"Sexta";"07:30:00";"AC";364;"121,9";"RIO BRANCO";"Falta de atenção";"Atropelamento de pessoa";"Com Vítimas Feridas";"Pleno dia";"Crescente";"Ceu Claro";"Dupla";"Reta";"Urbano";3;0;0;1;2;0;1;2