"id";"data_inversa";"dia_semana";"horario";"uf";"br";"km";"municipio";"causa_acidente";"tipo_acidente";"classificacao_acidente";"fase_dia";"sentido_via";"condicao_metereologica";"tipo_pista";"tracado_via";"uso_solo";"pessoas";"mortos";"feridos_leves";"feridos_graves";"ilesos";"ignorados";"feridos";"veiculos"
83502612;"01/05/16";"Domingo";"09:00:00";"PE";104;"66,7";"CARUARU";"Desobediência à sinalização";"Colisão Transversal";"Com Vítimas Feridas";"Pleno dia";"Decrescente";"Ceu Claro";"Simples";"Reta";"Urbano";2;0;0;1;1;0;1;2
83502613;"30/09/16";"Sexta";"11:10:00";"PI";316;"0,5";"TERESINA";"Falta de atenção";"Colisão Transversal";"Com Vítimas Feridas";"Pleno dia";"Decrescente";"Ceu Claro";"Simples";"Reta";"Urbano";2;0;0;1;1;0;1;2
83502614;"24/09/16";"Sábado";"08:30:00";"SP";116;"146,2";"SAO JOSE DOS CAMPOS";"Outras";"Colisão traseira";"Com Vítimas Feridas";"Pleno dia";"Crescente";"Ceu Claro";"Múltipla";"Reta";"Urbano";2;0;1;0;1;0;1;2
83502615;"30/09/16";"Sexta";"11:00:00";"SP";116;"226";"GUARULHOS";"Defeito mecânico em veículo";"Colisão traseira";"Sem Vítimas";"Pleno dia";"Decrescente";"Ceu Claro";"Múltipla";"Reta";"Urbano";2;0;0;0;2;0;0;2
83502616;"25/09/16";"Domingo";"16:40:00";"ES";262;"46";"MARECHAL FLORIANO";"Falta de atenção";"Colisão traseira";"Sem Vítimas";"Pleno dia";"Crescente";"Chuva";"Simples";"Reta";"Urbano";3;0;0;0;3;0;0;3
83502617;"30/09/16";"Sexta";"09:00:00";"RJ";40;"78";"PETROPOLIS";"Velocidade incompatível";"Saída de Pista";"Com Vítimas Feridas";"Pleno dia";"Crescente";"Nevoeiro/neblina";"Simples";"Curva";"Rural";1;0;1;0;0;0;1;1
83502618;"30/09/16";"Sexta";"00:00:00";"BA";101;"241";"CONCEICAO DO ALMEIDA";"Dormindo";"Saída de Pista";"Sem Vítimas";"Plena noite";"Crescente";"Ignorada";"Simples";"Curva";"Rural";1;0;0;0;1;0;0;1
83502619;"29/09/16";"Quinta";"07:10:00";"MG";40;"123,2";"PARACATU";"Dormindo";"Capotamento";"Com Vítimas Feridas";"Pleno dia";"Crescente";"Ceu Claro";"Simples";"Reta";"Rural";2;0;2;0;0;0;2;1
83502620;"30/09/16";"Sexta";"14:30:00";"PR";116;"15,2";"CAMPINA GRANDE DO SUL";"Velocidade incompatível";"Saída de Pista";"Sem Vítimas";"Pleno dia";"Crescente";"Chuva";"Dupla";"Curva";"Rural";1;0;0;0;1;0;0;1
83502621;"30/09/16";"Sexta";"15:35:00";"SC";101;"79";"ARAQUARI";"Falta de atenção";"Colisão com objeto fixo";"Sem Vítimas";"Pleno dia";"Crescente";"Nublado";"Múltipla";"Reta";"Urbano";1;0;0;0;1;0;0;1
83502622;"30/09/16";"Sexta";"14:30:00";"PR";277;"725,9";"FOZ DO IGUACU";"Falta de atenção";"Colisão frontal";"Sem Vítimas";"Pleno dia";"Decrescente";"Nublado";"Simples";"Reta";"Urbano";4;0;0;0;4;0;0;2
83502623;"28/09/16";"Quarta";"14:15:00";"BA";101;"613";"MASCOTE";"Defeito na via";"Tombamento";"Sem Vítimas";"Pleno dia";"Crescente";"Chuva";"Simples";"Curva";"Rural";1;0;0;0;1;0;0;1
83502624;"30/09/16";"Sexta";"14:40:00";"RS";472;"574";"URUGUAIANA";"Falta de atenção";"Colisão Transversal";"Sem Vítimas";"Pleno dia";"Decrescente";"Nublado";"Simples";"Reta";"Urbano";3;0;0;0;3;0;0;2
83502625;"30/09/16";"Sexta";"11:50:00";"PB";230;"1";"CABEDELO";"Desobediência à sinalização";"Colisão lateral";"Sem Vítimas";"Pleno dia";"Crescente";"Ceu Claro";"Simples";"Reta";"Urbano";2;0;0;0;1;1;0;2
83502626;"30/09/16";"Sexta";"09:00:00";"PE";316;"6";"ARARIPINA";"Outras";"Colisão frontal";"Com Vítimas Fatais";"Pleno dia";"Decrescente";"Sol";"Simples";"Reta";"Rural";3;2;0;0;0;1;0;2
83502627;"30/09/16";"Sexta";"14:45:00";"RS";116;"263,2";"CANOAS";"Falta de atenção";"Colisão Transversal";"Com Vítimas Feridas";"Pleno dia";"Decrescente";"Ceu Claro";"Simples";"Reta";"Urbano";2;0;0;1;1;0;1;2
83502628;"30/09/16";"Sexta";"15:20:00";"PR";376;"121";"ALTO PARANA";"Outras";"Capotamento";"Sem Vítimas";"Pleno dia";"Decrescente";"Ceu Claro";"Simples";"Reta";"Rural";4;0;0;0;4;0;0;1
83502629;"21/09/16";"Quarta";"04:30:00";"MG";50;"130,7";"UBERABA";"Dormindo";"Saída de Pista";"Com Vítimas Feridas";"Plena noite";"Decrescente";"Ceu Claro";"Dupla";"Reta";"Rural";1;0;1;0;0;0;1;1
83502630;"27/09/16";"Terça";"08:00:00";"BA";235;"145";"JEREMOABO";"Animais na Pista";"Saída de Pista";"Com Vítimas Feridas";"Pleno dia";"Crescente";"Ceu Claro";"Simples";"Curva";"Rural";1;0;1;0;0;0;1;1
83502631;"30/09/16";"Sexta";"10:45:00";"MG";50;"142,9";"UBERABA";"Outras";"Incêndio";"Sem Vítimas";"Pleno dia";"Decrescente";"Ceu Claro";"Dupla";"Reta";"Rural";2;0;0;0;1;1;0;2
83502632;"30/09/16";"Sexta";"10:00:00";"PE";104;"65,4";"CARUARU";"Falta de atenção";"Colisão lateral";"Com Vítimas Feridas";"Pleno dia";"Decrescente";"Ceu Claro";"Dupla";"Reta";"Urbano";3;0;1;0;2;0;1;2
83502634;"30/09/16";"Sexta";"14:40:00";"RJ";40;"117";"DUQUE DE CAXIAS";"Outras";"Capotamento";"Com Vítimas Feridas";"Pleno dia";"Crescente";"Chuva";"Dupla";"Reta";"Urbano";2;0;2;0;0;0;2;1
83502635;"30/09/16";"Sexta";"15:15:00";"RS";116;"243,6";"SAO LEOPOLDO";"Falta de atenção";"Colisão traseira";"Sem Vítimas";"Pleno dia";"Crescente";"Ceu Claro";"Múltipla";"Reta";"Urbano";2;0;0;0;2;0;0;2
83502636;"19/09/16";"Segunda";"09:00:00";"RJ";116;"274";"BARRA MANSA";"Outras";"Colisão traseira";"Sem Vítimas";"Pleno dia";"Crescente";"Ceu Claro";"Dupla";"Reta";"Rural";2;0;0;0;2;0;0;2
83502637;"30/09/16";"Sexta";"16:36:00";"SC";101;"192";"BIGUACU";"Velocidade incompatível";"Colisão com objeto fixo";"Ignorado";"Pleno dia";"Decrescente";"Nublado";"Dupla";"Curva";"Urbano";1;0;0;0;0;1;0;1
83502638;"30/09/16";"Sexta";"16:20:00";"PB";230;"31";"JOAO PESSOA";"Velocidade incompatível";"Colisão traseira";"Com Vítimas Feridas";"Pleno dia";"Crescente";"Ceu Claro";"Dupla";"Reta";"Urbano";4;0;1;0;3;0;1;4
83502639;"30/09/16";"Sexta";"15:30:00";"ES";101;"396,8";"RIO NOVO DO SUL";"Velocidade incompatível";"Saída de Pista";"Com Vítimas Feridas";"Pleno dia";"Decrescente";"Chuva";"Simples";"Reta";"Rural";2;0;2;0;0;0;2;1
83502640;"30/09/16";"Sexta";"15:40:00";"CE";222;"1,9";"FORTALEZA";"Não guardar distância de segurança";"Colisão lateral";"Com Vítimas Feridas";"Pleno dia";"Decrescente";"Ceu Claro";"Múltipla";"Reta";"Urbano";3;0;2;0;1;0;2;3
83502641;"30/09/16";"Sexta";"11:10:00";"GO";60;"388";"RIO VERDE";"Defeito na via";"Saída de Pista";"Sem Vítimas";"Pleno dia";"Decrescente";"Sol";"Simples";"Cruzamento";"Urbano";1;0;0;0;1;0;0;1
83502642;"30/09/16";"Sexta";"13:00:00";"PR";376;"665";"GUARATUBA";"Velocidade incompatível";"Capotamento";"Com Vítimas Feridas";"Pleno dia";"Crescente";"Nevoeiro/neblina";"Dupla";"Curva";"Rural";1;0;1;0;0;0;1;1
83502644;"26/09/16";"Segunda";"16:05:00";"ES";101;"17,9";"PEDRO CANARIO";"Velocidade incompatível";"Colisão lateral";"Com Vítimas Feridas";"Pleno dia";"Decrescente";"Sol";"Simples";"Curva";"Rural";3;0;0;1;2;0;1;3
83502645;"26/09/16";"Segunda";"17:50:00";"SP";381;"78,7";"SAO PAULO";"Velocidade incompatível";"Tombamento";"Com Vítimas Feridas";"Pleno dia";"Decrescente";"Nublado";"Dupla";"Curva";"Urbano";1;0;1;0;0;0;1;1
83502646;"01/05/16";"Domingo";"23:00:00";"BA";420;"269";"JAGUAQUARA";"Ultrapassagem indevida";"Colisão frontal";"Com Vítimas Fatais";"Plena noite";"Crescente";"Nevoeiro/neblina";"Simples";"Reta";"Rural";2;1;0;0;1;0;0;2
83502647;"30/09/16";"Sexta";"15:30:00";"PR";277;"131";"BALSA NOVA";"Ingestão de álcool";"Saída de Pista";"Sem Vítimas";"Pleno dia";"Crescente";"Nublado";"Múltipla";"Reta";"Rural";1;0;0;0;1;0;0;1
83502648;"30/09/16";"Sexta";"16:23:00";"SP";116;"71,5";"APARECIDA";"Desobediência à sinalização";"Colisão Transversal";"Sem Vítimas";"Pleno dia";"Crescente";"Nublado";"Simples";"Cruzamento";"Urbano";2;0;0;0;2;0;0;2
83502649;"30/09/16";"Sexta";"15:30:00";"MG";356;"267,5";"MURIAE";"Falta de atenção";"Colisão Transversal";"Com Vítimas Feridas";"Pleno dia";"Decrescente";"Nublado";"Simples";"Cruzamento";"Urbano";2;0;1;0;1;0;1;2
83502650;"30/09/16";"Sexta";"09:15:00";"SC";282;"16";"PALHOCA";"Falta de atenção";"Colisão traseira";"Sem Vítimas";"Pleno dia";"Crescente";"Ceu Claro";"Simples";"Reta";"Urbano";3;0;0;0;3;0;0;3
83502651;"30/09/16";"Sexta";"16:00:00";"BA";407;"96";"JAGUARARI";"Dormindo";"Colisão lateral";"Com Vítimas Feridas";"Pleno dia";"Decrescente";"Sol";"Simples";"Reta";"Rural";2;0;1;0;1;0;1;2
83502653;"30/09/16";"Sexta";"16:30:00";"RO";364;"342";"JI-PARANA";"Falta de atenção";"Colisão com bicicleta";"Com Vítimas Feridas";"Pleno dia";"Crescente";"Sol";"Dupla";"Reta";"Urbano";2;0;1;0;1;0;1;2
83502654;"22/09/16";"Quinta";"10:50:00";"MG";40;"143";"JOAO PINHEIRO";"Falta de atenção";"Colisão Transversal";"Com Vítimas Feridas";"Pleno dia";"Crescente";"Sol";"Simples";"Reta";"Urbano";2;0;1;0;1;0;1;2
83502655;"30/09/16";"Sexta";"12:30:00";"CE";222;"314";"TIANGUA";"Falta de atenção";"Colisão Transversal";"Com Vítimas Feridas";"Pleno dia";"Crescente";"Sol";"Simples";"Reta";"Urbano";2;0;1;0;1;0;1;2
83502656;"30/09/16";"Sexta";"14:20:00";"RS";116;"247";"SAO LEOPOLDO";"Desobediência à sinalização";"Colisão traseira";"Com Vítimas Feridas";"Pleno dia";"Decrescente";"Sol";"Múltipla";"Curva";"Urbano";2;0;1;0;1;0;1;2
83502657;"30/09/16";"Sexta";"11:00:00";"MG";381;"913";"CAMANDUCAIA";"Ingestão de álcool";"Colisão lateral";"Sem Vítimas";"Pleno dia";"Decrescente";"Ceu Claro";"Dupla";"Curva";"Rural";2;0;0;0;1;1;0;2
83502658;"30/09/16";"Sexta";"15:20:00";"PR";376;"169,6";"MARINGA";"Falta de atenção";"Colisão traseira";"Com Vítimas Feridas";"Pleno dia";"Decrescente";"Ceu Claro";"Dupla";"Reta";"Rural";2;0;1;0;1;0;1;2
83502659;"30/09/16";"Sexta";"08:00:00";"RS";392;"88,9";"PELOTAS";"Desobediência à sinalização";"Colisão Transversal";"Com Vítimas Feridas";"Pleno dia";"Crescente";"Ceu Claro";"Simples";"Reta";"Rural";2;0;0;1;1;0;1;2
83502660;"30/09/16";"Sexta";"07:14:00";"SP";381;"6";"VARGEM";"Falta de atenção";"Capotamento";"Com Vítimas Feridas";"Pleno dia";"Decrescente";"Ceu Claro";"Múltipla";"Reta";"Rural";1;0;1;0;0;0;1;1
83502661;"27/09/16";"Terça";"12:00:00";"SP";381;"44";"ATIBAIA";"Outras";"Saída de Pista";"Com Vítimas Feridas";"Pleno dia";"Decrescente";"Sol";"Múltipla";"Reta";"Urbano";1;0;1;0;0;0;1;1
83502662;"30/09/16";"Sexta";"12:40:00";"MG";262;"432";"NOVA SERRANA";"Defeito mecânico em veículo";"Queda de motocicleta / bicicleta / veículo";"Com Vítimas Feridas";"Pleno dia";"Decrescente";"Ceu Claro";"Simples";"Curva";"Rural";1;0;1;0;0;0;1;1
83502663;"30/09/16";"Sexta";"14:30:00";"BA";110;"345";"ALAGOINHAS";"Falta de atenção";"Saída de Pista";"Sem Vítimas";"Pleno dia";"Crescente";"Ceu Claro";"Simples";"Curva";"Rural";1;0;0;0;1;0;0;1
83502664;"30/09/16";"Sexta";"18:25:00";"RS";386;"341,4";"LAJEADO";"Desobediência à sinalização";"Colisão frontal";"Com Vítimas Feridas";"Pleno dia";"Decrescente";"Sol";"Simples";"Reta";"Urbano";2;0;0;1;1;0;1;2
83502665;"30/09/16";"Sexta";"17:50:00";"PR";277;"723,9";"FOZ DO IGUACU";"Outras";"Colisão traseira";"Sem Vítimas";"Pleno dia";"Crescente";"Chuva";"Dupla";"Cruzamento";"Urbano";4;0;0;0;4;0;0;2
83502666;"30/09/16";"Sexta";"13:45:00";"MA";10;"256";"IMPERATRIZ";"Outras";"Colisão traseira";"Com Vítimas Feridas";"Pleno dia";"Decrescente";"Nublado";"Simples";"Reta";"Urbano";3;0;0;2;1;0;2;2
83502667;"27/09/16";"Terça";"17:35:00";"SP";381;"40";"ATIBAIA";"Outras";"Colisão com objeto fixo";"Sem Vítimas";"Pleno dia";"Decrescente";"Nublado";"Dupla";"Reta";"Urbano";3;0;0;0;3;0;0;1
83502668;"30/09/16";"Sexta";"13:30:00";"PA";230;"116";"MARABA";"Não guardar distância de segurança";"Colisão traseira";"Sem Vítimas";"Pleno dia";"Decrescente";"Chuva";"Dupla";"Reta";"Urbano";2;0;0;0;2;0;0;2
83502669;"30/09/16";"Sexta";"17:10:00";"GO";60;"210";"CEZARINA";"Outras";"Colisão lateral";"Com Vítimas Feridas";"Pleno dia";"Crescente";"Nublado";"Dupla";"Reta";"Rural";2;0;1;0;1;0;1;2
83502670;"30/09/16";"Sexta";"13:00:00";"BA";324;"590";"CANDEIAS";"Outras";"Colisão lateral";"Sem Vítimas";"Pleno dia";"Decrescente";"Ceu Claro";"Dupla";"Reta";"Rural";2;0;0;0;2;0;0;2
83502671;"30/09/16";"Sexta";"16:30:00";"PI";316;"40";"LAGOA DO PIAUI";"Dormindo";"Colisão traseira";"Com Vítimas Feridas";"Anoitecer";"Decrescente";"Ceu Claro";"Simples";"Reta";"Urbano";3;0;0;1;2;0;1;3
83502672;"30/09/16";"Sexta";"16:00:00";"SC";280;"103";"SAO BENTO DO SUL";"Velocidade incompatível";"Capotamento";"Com Vítimas Feridas";"Pleno dia";"Decrescente";"Nublado";"Simples";"Curva";"Rural";1;0;1;0;0;0;1;1
83502673;"30/09/16";"Sexta";"16:30:00";"SE";235;"35,6";"AREIA BRANCA";"Falta de atenção";"Colisão Transversal";"Sem Vítimas";"Pleno dia";"Decrescente";"Ceu Claro";"Simples";"Curva";"Urbano";2;0;0;0;2;0;0;2
83502674;"30/09/16";"Sexta";"08:30:00";"SC";101;"209,7";"SAO JOSE";"Falta de atenção";"Colisão lateral";"Com Vítimas Feridas";"Plena noite";"Decrescente";"Sol";"Múltipla";"Reta";"Urbano";2;0;1;0;1;0;1;2
83502675;"30/09/16";"Sexta";"16:45:00";"MG";40;"615";"CONGONHAS";"Animais na Pista";"Saída de Pista";"Com Vítimas Feridas";"Pleno dia";"Crescente";"Ceu Claro";"Simples";"Curva";"Rural";1;0;1;0;0;0;1;1
83502676;"27/09/16";"Terça";"06:30:00";"MG";116;"168";"PADRE PARAISO";"Velocidade incompatível";"Saída de Pista";"Com Vítimas Feridas";"Pleno dia";"Crescente";"Chuva";"Simples";"Curva";"Rural";1;0;0;1;0;0;1;1
83502678;"30/09/16";"Sexta";"09:00:00";"MT";364;"192";"PEDRA PRETA";"Outras";"Colisão com objeto móvel";"Com Vítimas Feridas";"Plena noite";"Decrescente";"Sol";"Simples";"Reta";"Urbano";2;0;0;1;1;0;1;2
83502679;"30/09/16";"Sexta";"06:00:00";"PR";277;"726";"FOZ DO IGUACU";"Defeito mecânico em veículo";"Tombamento";"Sem Vítimas";"Amanhecer";"Crescente";"Ceu Claro";"Dupla";"Curva";"Urbano";1;0;0;0;1;0;0;1
83502680;"30/09/16";"Sexta";"17:20:00";"GO";153;"701,6";"ITUMBIARA";"Falta de atenção";"Colisão lateral";"Com Vítimas Feridas";"Pleno dia";"Decrescente";"Ceu Claro";"Dupla";"Reta";"Urbano";2;0;1;0;1;0;1;2
83502681;"30/09/16";"Sexta";"17:05:00";"PR";116;"12";"CAMPINA GRANDE DO SUL";"Velocidade incompatível";"Colisão com objeto fixo";"Sem Vítimas";"Pleno dia";"Crescente";"Chuva";"Dupla";"Curva";"Rural";1;0;0;0;1;0;0;1
83502682;"30/09/16";"Sexta";"10:30:00";"GO";364;"119";"APARECIDA DO RIO DOCE";"Dormindo";"Colisão frontal";"Com Vítimas Feridas";"Pleno dia";"Decrescente";"Ceu Claro";"Simples";"Reta";"Rural";3;0;2;0;1;0;2;2
83502683;"30/09/16";"Sexta";"14:30:00";"PA";10;"317";"SAO DOMINGOS DO CAPIM";"Outras";"Tombamento";"Com Vítimas Feridas";"Pleno dia";"Decrescente";"Ceu Claro";"Simples";"Reta";"Urbano";1;0;1;0;0;0;1;1
83502684;"30/09/16";"Sexta";"02:50:00";"ES";101;"423,5";"ATILIO VIVACQUA";"Defeito mecânico em veículo";"Incêndio";"Sem Vítimas";"Plena noite";"Crescente";"Ceu Claro";"Simples";"Curva";"Rural";1;0;0;0;1;0;0;1
83502685;"30/09/16";"Sexta";"11:45:00";"SC";116;"8,2";"MAFRA";"Desobediência à sinalização";"Colisão Transversal";"Com Vítimas Feridas";"Pleno dia";"Decrescente";"Nublado";"Simples";"Reta";"Urbano";2;0;2;0;0;0;2;2
83502687;"28/09/16";"Quarta";"07:10:00";"RJ";40;"63";"PETROPOLIS";"Outras";"Colisão com objeto fixo";"Com Vítimas Feridas";"Pleno dia";"Crescente";"Nublado";"Simples";"Curva";"Rural";1;0;1;0;0;0;1;1
83502688;"30/09/16";"Sexta";"12:50:00";"MG";381;"313";"ANTONIO DIAS";"Não guardar distância de segurança";"Colisão traseira";"Com Vítimas Feridas";"Pleno dia";"Crescente";"Sol";"Simples";"Reta";"Rural";2;0;1;0;1;0;1;2
83502689;"30/09/16";"Sexta";"17:50:00";"MG";262;"160";"SAO DOMINGOS DO PRATA";"Velocidade incompatível";"Saída de Pista";"Com Vítimas Feridas";"Anoitecer";"Decrescente";"Ceu Claro";"Simples";"Curva";"Rural";2;0;2;0;0;0;2;1
83502690;"30/09/16";"Sexta";"07:45:00";"SC";282;"2";"FLORIANOPOLIS";"Falta de atenção";"Atropelamento de pessoa";"Com Vítimas Feridas";"Pleno dia";"Decrescente";"Nublado";"Dupla";"Reta";"Urbano";2;0;2;0;0;0;2;1
83502691;"30/09/16";"Sexta";"11:10:00";"PR";369;"173,3";"ROLANDIA";"Falta de atenção";"Colisão Transversal";"Com Vítimas Feridas";"Pleno dia";"Crescente";"Ceu Claro";"Simples";"Reta";"Urbano";2;0;1;0;1;0;1;2
83502692;"30/09/16";"Sexta";"18:05:00";"MT";364;"434";"VARZEA GRANDE";"Desobediência à sinalização";"Colisão com bicicleta";"Com Vítimas Feridas";"Anoitecer";"Decrescente";"Ceu Claro";"Simples";"Cruzamento";"Urbano";2;0;1;0;1;0;1;2
83502693;"30/09/16";"Sexta";"07:10:00";"SC";282;"3,3";"FLORIANOPOLIS";"Falta de atenção";"Colisão lateral";"Com Vítimas Feridas";"Pleno dia";"Decrescente";"Sol";"Dupla";"Reta";"Urbano";2;0;0;1;1;0;1;2
83502694;"30/09/16";"Sexta";"08:00:00";"RJ";40;"21,5";"TRES RIOS";"Velocidade incompatível";"Tombamento";"Com Vítimas Feridas";"Pleno dia";"Decrescente";"Nublado";"Simples";"Curva";"Rural";2;0;1;0;1;0;1;1
83502695;"30/09/16";"Sexta";"17:00:00";"MT";158;"527,2";"CANARANA";"Falta de atenção";"Capotamento";"Com Vítimas Feridas";"Pleno dia";"Crescente";"Ceu Claro";"Simples";"Reta";"Rural";1;0;1;0;0;0;1;1
83502696;"30/09/16";"Sexta";"17:30:00";"PR";376;"177,6";"MARINGA";"Desobediência à sinalização";"Colisão traseira";"Com Vítimas Feridas";"Pleno dia";"Crescente";"Nublado";"Dupla";"Reta";"Urbano";2;0;0;1;1;0;1;2
83502697;"30/09/16";"Sexta";"16:50:00";"MG";381;"491,8";"BETIM";"Não guardar distância de segurança";"Colisão traseira";"Com Vítimas Feridas";"Pleno dia";"Decrescente";"Ceu Claro";"Simples";"Reta";"Urbano";5;0;2;0;3;0;2;4
83502698;"30/09/16";"Sexta";"14:45:00";"PE";232;"255";"ARCOVERDE";"Falta de atenção";"Colisão Transversal";"Com Vítimas Feridas";"Pleno dia";"Crescente";"Ceu Claro";"Simples";"Reta";"Urbano";3;0;0;2;1;0;2;2
83502699;"30/09/16";"Sexta";"12:33:00";"SP";116;"544";"BARRA DO TURVO";"Velocidade incompatível";"Tombamento";"Sem Vítimas";"Pleno dia";"Decrescente";"Chuva";"Dupla";"Curva";"Rural";1;0;0;0;1;0;0;1
83502700;"30/09/16";"Sexta";"20:00:00";"RJ";101;"82";"CAMPOS DOS GOYTACAZES";"Outras";"Saída de Pista";"Sem Vítimas";"Plena noite";"Crescente";"Chuva";"Simples";"Curva";"Rural";1;0;0;0;1;0;0;1
83502701;"26/09/16";"Segunda";"15:58:00";"RO";364;"62,8";"PORTO VELHO";"Falta de atenção";"Queda de motocicleta / bicicleta / veículo";"Com Vítimas Feridas";"Pleno dia";"Crescente";"Ceu Claro";"Dupla";"Reta";"Urbano";1;0;1;0;0;0;1;1
83502702;"30/09/16";"Sexta";"15:15:00";"MG";262;"34,9";"MANHUACU";"Falta de atenção";"Colisão traseira";"Sem Vítimas";"Pleno dia";"Decrescente";"Nublado";"Simples";"Reta";"Urbano";2;0;0;0;2;0;0;2
83502703;"27/09/16";"Terça";"18:15:00";"CE";116;"9,3";"FORTALEZA";"Outras";"Queda de motocicleta / bicicleta / veículo";"Com Vítimas Feridas";"Plena noite";"Crescente";"Ceu Claro";"Dupla";"Reta";"Urbano";2;0;1;0;1;0;1;1
83502704;"30/09/16";"Sexta";"11:15:00";"PR";116;"130";"CURITIBA";"Outras";"Atropelamento de pessoa";"Com Vítimas Feridas";"Pleno dia";"Decrescente";"Nublado";"Dupla";"Reta";"Rural";2;0;0;1;1;0;1;1
83502705;"30/09/16";"Sexta";"17:20:00";"MG";262;"34,1";"MANHUACU";"Falta de atenção";"Colisão Transversal";"Com Vítimas Feridas";"Pleno dia";"Crescente";"Nublado";"Simples";"Reta";"Urbano";4;0;3;0;1;0;3;2
83502706;"30/09/16";"Sexta";"18:15:00";"SC";280;"22";"ARAQUARI";"Desobediência à sinalização";"Colisão frontal";"Com Vítimas Feridas";"Anoitecer";"Crescente";"Chuva";"Simples";"Reta";"Urbano";2;0;0;1;1;0;1;2
83502708;"30/09/16";"Sexta";"07:40:00";"MG";251;"227,6";"SANTA CRUZ DE SALINAS";"Outras";"Colisão traseira";"Com Vítimas Feridas";"Pleno dia";"Decrescente";"Ceu Claro";"Simples";"Reta";"Rural";2;0;1;0;1;0;1;2
83502709;"30/09/16";"Sexta";"21:01:00";"PR";277;"125";"BALSA NOVA";"Outras";"Saída de Pista";"Sem Vítimas";"Plena noite";"Decrescente";"Ceu Claro";"Dupla";"Reta";"Urbano";1;0;0;0;1;0;0;1
83502710;"30/09/16";"Sexta";"16:25:00";"ES";262;"54";"MARECHAL FLORIANO";"Falta de atenção";"Queda de motocicleta / bicicleta / veículo";"Com Vítimas Feridas";"Anoitecer";"Decrescente";"Nublado";"Simples";"Reta";"Rural";1;0;1;0;0;0;1;1
83502711;"30/09/16";"Sexta";"08:10:00";"RJ";101;"262";"RIO BONITO";"Outras";"Saída de Pista";"Sem Vítimas";"Pleno dia";"Decrescente";"Ceu Claro";"Dupla";"Curva";"Urbano";1;0;0;0;1;0;0;1
83502712;"26/09/16";"Segunda";"21:00:00";"PE";407;"69";"PETROLINA";"Ingestão de álcool";"Atropelamento de animal";"Com Vítimas Feridas";"Plena noite";"Decrescente";"Ceu Claro";"Simples";"Reta";"Rural";1;0;0;1;0;0;1;1
83502713;"06/09/16";"Terça";"19:15:00";"PR";376;"179,3";"MARINGA";"Outras";"Colisão lateral";"Com Vítimas Feridas";"Plena noite";"Crescente";"Nublado";"Dupla";"Reta";"Urbano";2;0;1;0;1;0;1;2
83502715;"30/09/16";"Sexta";"14:15:00";"SC";470;"155";"AGRONOMICA";"Defeito mecânico em veículo";"Colisão Transversal";"Com Vítimas Feridas";"Pleno dia";"Crescente";"Nublado";"Simples";"Reta";"Urbano";3;0;2;0;1;0;2;2
83502716;"30/09/16";"Sexta";"17:30:00";"MS";267;"527,6";"BELA VISTA";"Falta de atenção";"Colisão Transversal";"Sem Vítimas";"Anoitecer";"Crescente";"Vento";"Simples";"Reta";"Rural";2;0;0;0;1;1;0;2
83502717;"30/09/16";"Sexta";"18:30:00";"BA";101;"934";"MUCURI";"Falta de atenção";"Colisão traseira";"Com Vítimas Feridas";"Anoitecer";"Decrescente";"Ceu Claro";"Simples";"Reta";"Urbano";5;0;1;0;4;0;1;2
83502718;"30/09/16";"Sexta";"17:55:00";"RJ";101;"401";"ITAGUAI";"Velocidade incompatível";"Capotamento";"Ignorado";"Plena noite";"Decrescente";"Chuva";"Dupla";"Reta";"Urbano";1;0;0;0;0;1;0;1
83502719;"30/09/16";"Sexta";"20:30:00";"PR";369;"112";"URAI";"Outras";"Saída de Pista";"Com Vítimas Feridas";"Plena noite";"Decrescente";"Ceu Claro";"Simples";"Reta";"Urbano";1;0;1;0;0;0;1;1
83502720;"30/09/16";"Sexta";"18:40:00";"SP";116;"140,5";"SAO JOSE DOS CAMPOS";"Falta de atenção";"Colisão traseira";"Com Vítimas Feridas";"Plena noite";"Decrescente";"Nublado";"Dupla";"Reta";"Urbano";4;0;1;0;3;0;1;4
83502721;"30/09/16";"Sexta";"20:00:00";"MS";463;"109";"PONTA PORA";"Falta de atenção";"Colisão traseira";"Com Vítimas Feridas";"Plena noite";"Crescente";"Ceu Claro";"Dupla";"Reta";"Urbano";2;0;1;0;1;0;1;2
83502722;"30/09/16";"Sexta";"17:10:00";"GO";251;"29,3";"CRISTALINA";"Falta de atenção";"Colisão traseira";"Com Vítimas Feridas";"Pleno dia";"Crescente";"Ceu Claro";"Simples";"Reta";"Rural";2;0;0;1;1;0;1;2
83502724;"30/09/16";"Sexta";"19:00:00";"PA";222;"18";"DOM ELISEU";"Outras";"Colisão Transversal";"Com Vítimas Feridas";"Plena noite";"Decrescente";"Ceu Claro";"Simples";"Reta";"Urbano";3;0;1;0;1;1;1;2
83502725;"30/09/16";"Sexta";"18:50:00";"RS";287;"248,3";"SANTA MARIA";"Outras";"Colisão com bicicleta";"Com Vítimas Feridas";"Anoitecer";"Decrescente";"Ceu Claro";"Simples";"Reta";"Urbano";2;0;1;0;0;1;1;2
83502726;"30/09/16";"Sexta";"19:15:00";"PR";376;"174,2";"MARINGA";"Ingestão de álcool";"Colisão traseira";"Com Vítimas Feridas";"Plena noite";"Decrescente";"Nublado";"Dupla";"Reta";"Urbano";2;0;1;1;0;0;2;2
83502727;"30/09/16";"Sexta";"17:30:00";"PR";163;"344";"GUAIRA";"Falta de atenção";"Saída de Pista";"Sem Vítimas";"Pleno dia";"Crescente";"Chuva";"Simples";"Reta";"Rural";3;0;0;0;3;0;0;2