"id";"data_inversa";"dia_semana";"horario";"uf";"br";"km";"municipio";"causa_acidente";"tipo_acidente";"classificacao_acidente";"fase_dia";"sentido_via";"condicao_metereologica";"tipo_pista";"tracado_via";"uso_solo";"pessoas";"mortos";"feridos_leves";"feridos_graves";"ilesos";"ignorados";"feridos";"veiculos"
83502728;"26/09/16";"Segunda";"14:20:00";"SC";101;"215,5";"PALHOCA";"Desobediência à sinalização";"Colisão Transversal";"Sem Vítimas";"Pleno dia";"Decrescente";"Ceu Claro";"Simples";"Cruzamento";"Urbano";2;0;0;0;2;0;0;2
83502729;"30/09/16";"Sexta";"09:40:00";"TO";153;"125";"WANDERLANDIA";"Não guardar distância de segurança";"Colisão traseira";"Com Vítimas Feridas";"Pleno dia";"Decrescente";"Chuva";"Simples";"Reta";"Urbano";3;0;1;1;1;0;2;2
83502730;"30/09/16";"Sexta";"20:00:00";"MG";40;"551";"NOVA LIMA";"Falta de atenção";"Colisão traseira";"Sem Vítimas";"Plena noite";"Crescente";"Nublado";"Dupla";"Reta";"Urbano";2;0;0;0;2;0;0;2
83502731;"30/09/16";"Sexta";"14:20:00";"MG";381;"687";"LAVRAS";"Velocidade incompatível";"Derramamento de Carga";"Sem Vítimas";"Pleno dia";"Crescente";"Ceu Claro";"Dupla";"Curva";"Rural";1;0;0;0;1;0;0;1
83502732;"30/09/16";"Sexta";"19:45:00";"RJ";101;"144";"MACAE";"Outras";"Capotamento";"Sem Vítimas";"Plena noite";"Crescente";"Chuva";"Dupla";"Curva";"Rural";1;0;0;0;1;0;0;1
83502733;"30/09/16";"Sexta";"21:37:00";"MG";40;"300";"TRES MARIAS";"Falta de atenção";"Saída de Pista";"Sem Vítimas";"Plena noite";"Crescente";"Chuva";"Simples";"Curva";"Rural";2;0;0;0;2;0;0;1
83502734;"30/09/16";"Sexta";"18:20:00";"RS";386;"229,5";"SOLEDADE";"Não guardar distância de segurança";"Colisão traseira";"Sem Vítimas";"Anoitecer";"Decrescente";"Ceu Claro";"Simples";"Curva";"Rural";2;0;0;0;2;0;0;2
83502735;"18/09/16";"Domingo";"12:00:00";"CE";116;"28,1";"AQUIRAZ";"Velocidade incompatível";"Colisão lateral";"Com Vítimas Feridas";"Pleno dia";"Crescente";"Ceu Claro";"Dupla";"Reta";"Urbano";2;0;0;1;0;1;1;2
83502736;"30/09/16";"Sexta";"22:30:00";"RJ";116;"227";"PIRAI";"Outras";"Colisão com objeto fixo";"Sem Vítimas";"Plena noite";"Decrescente";"Chuva";"Simples";"Curva";"Rural";1;0;0;0;1;0;0;1
83502737;"30/09/16";"Sexta";"20:30:00";"MG";381;"853,1";"SAO SEBASTIAO DA BELA VISTA";"Outras";"Colisão traseira";"Sem Vítimas";"Plena noite";"Decrescente";"Ceu Claro";"Dupla";"Reta";"Rural";3;0;0;0;3;0;0;2
83502738;"30/09/16";"Sexta";"22:20:00";"SC";116;"230,3";"CORREIA PINTO";"Animais na Pista";"Atropelamento de animal";"Sem Vítimas";"Plena noite";"Decrescente";"Nublado";"Simples";"Reta";"Rural";1;0;0;0;1;0;0;1
83502739;"30/09/16";"Sexta";"21:50:00";"SC";470;"93";"ASCURRA";"Ingestão de álcool";"Saída de Pista";"Com Vítimas Feridas";"Plena noite";"Crescente";"Nublado";"Simples";"Reta";"Urbano";1;0;1;0;0;0;1;1
83502740;"30/09/16";"Sexta";"19:45:00";"RO";364;"339";"JI-PARANA";"Falta de atenção";"Atropelamento de pessoa";"Com Vítimas Feridas";"Plena noite";"Crescente";"Ceu Claro";"Múltipla";"Reta";"Urbano";2;0;2;0;0;0;2;1
83502741;"30/09/16";"Sexta";"18:40:00";"ES";101;"268,6";"SERRA";"Falta de atenção";"Colisão lateral";"Com Vítimas Feridas";"Plena noite";"Crescente";"Nublado";"Múltipla";"Reta";"Urbano";3;0;2;0;0;1;2;2
83502742;"30/09/16";"Sexta";"14:30:00";"SC";101;"212";"PALHOCA";"Não guardar distância de segurança";"Colisão lateral";"Com Vítimas Feridas";"Pleno dia";"Decrescente";"Nublado";"Dupla";"Reta";"Urbano";2;0;1;0;1;0;1;2
83502744;"30/09/16";"Sexta";"22:30:00";"PE";101;"4";"RECIFE";"Outras";"Colisão traseira";"Sem Vítimas";"Plena noite";"Crescente";"Ceu Claro";"Dupla";"Reta";"Urbano";5;0;0;0;4;1;0;5
83502745;"30/09/16";"Sexta";"20:00:00";"SC";470;"163,1";"TROMBUDO CENTRAL";"Dormindo";"Colisão traseira";"Com Vítimas Feridas";"Plena noite";"Crescente";"Nublado";"Simples";"Reta";"Rural";3;0;1;0;2;0;1;2
83502746;"30/09/16";"Sexta";"16:30:00";"MT";364;"487";"JANGADA";"Falta de atenção";"Queda de motocicleta / bicicleta / veículo";"Com Vítimas Feridas";"Pleno dia";"Decrescente";"Ceu Claro";"Simples";"Reta";"Rural";1;0;1;0;0;0;1;1
83502747;"30/09/16";"Sexta";"18:30:00";"PE";232;"6,5";"RECIFE";"Outras";"Queda de motocicleta / bicicleta / veículo";"Com Vítimas Fatais";"Plena noite";"Crescente";"Ceu Claro";"Dupla";"Reta";"Urbano";1;1;0;0;0;0;0;1
83502748;"30/09/16";"Sexta";"19:30:00";"CE";20;"258";"MADALENA";"Falta de atenção";"Atropelamento de pessoa";"Com Vítimas Fatais";"Plena noite";"Decrescente";"Ceu Claro";"Simples";"Reta";"Rural";6;1;0;0;5;0;0;1
83502749;"30/09/16";"Sexta";"19:40:00";"RS";290;"116,7";"ELDORADO DO SUL";"Ingestão de álcool";"Colisão frontal";"Com Vítimas Feridas";"Plena noite";"Crescente";"Ceu Claro";"Simples";"Reta";"Rural";11;0;1;3;7;0;4;4
83502750;"30/09/16";"Sexta";"20:30:00";"MT";174;"279";"PONTES E LACERDA";"Outras";"Saída de Pista";"Com Vítimas Feridas";"Plena noite";"Decrescente";"Ceu Claro";"Simples";"Reta";"Urbano";1;0;1;0;0;0;1;1
83502751;"30/09/16";"Sexta";"12:15:00";"MG";40;"558";"NOVA LIMA";"Animais na Pista";"Atropelamento de animal";"Com Vítimas Feridas";"Pleno dia";"Crescente";"Ceu Claro";"Dupla";"Reta";"Urbano";1;0;0;1;0;0;1;1
83502752;"30/09/16";"Sexta";"23:50:00";"RS";116;"243";"SAO LEOPOLDO";"Falta de atenção";"Colisão lateral";"Com Vítimas Feridas";"Plena noite";"Crescente";"Ceu Claro";"Dupla";"Reta";"Urbano";2;0;1;0;1;0;1;2
83502753;"30/09/16";"Sexta";"19:50:00";"SC";101;"388,9";"ICARA";"Defeito mecânico em veículo";"Saída de Pista";"Sem Vítimas";"Plena noite";"Decrescente";"Nublado";"Dupla";"Reta";"Urbano";1;0;0;0;1;0;0;1
83502754;"01/10/16";"Sábado";"00:05:00";"GO";70;"3";"AGUAS LINDAS DE GOIAS";"Outras";"Capotamento";"Com Vítimas Feridas";"Plena noite";"Crescente";"Ceu Claro";"Dupla";"Reta";"Rural";1;0;1;0;0;0;1;1
83502755;"30/09/16";"Sexta";"23:40:00";"SP";116;"220,1";"GUARULHOS";"Outras";"Colisão lateral";"Com Vítimas Feridas";"Plena noite";"Decrescente";"Nublado";"Múltipla";"Reta";"Urbano";2;0;1;0;1;0;1;2
83502756;"30/09/16";"Sexta";"21:15:00";"MT";70;"518";"VARZEA GRANDE";"Falta de atenção";"Colisão traseira";"Sem Vítimas";"Plena noite";"Crescente";"Ceu Claro";"Simples";"Reta";"Urbano";2;0;0;0;1;1;0;2
83502757;"29/09/16";"Quinta";"05:00:00";"BA";116;"500";"ITATIM";"Falta de atenção";"Colisão lateral";"Com Vítimas Feridas";"Amanhecer";"Crescente";"Nublado";"Simples";"Reta";"Rural";2;0;1;0;1;0;1;2
83502759;"30/09/16";"Sexta";"11:15:00";"SE";235;"13,9";"NOSSA SENHORA DO SOCORRO";"Desobediência à sinalização";"Queda de motocicleta / bicicleta / veículo";"Com Vítimas Feridas";"Pleno dia";"Decrescente";"Ceu Claro";"Simples";"Reta";"Rural";1;0;1;0;0;0;1;1
83502760;"06/09/16";"Terça";"18:00:00";"SP";116;"216";"GUARULHOS";"Falta de atenção";"Colisão lateral";"Com Vítimas Feridas";"Anoitecer";"Crescente";"Ignorada";"Múltipla";"Reta";"Urbano";2;0;1;0;1;0;1;2
83502761;"01/10/16";"Sábado";"01:00:00";"SC";101;"213";"PALHOCA";"Outras";"Colisão com objeto fixo";"Ignorado";"Plena noite";"Decrescente";"Ceu Claro";"Dupla";"Reta";"Urbano";1;0;0;0;0;1;0;1
83502762;"30/09/16";"Sexta";"23:45:00";"SC";101;"33,7";"JOINVILLE";"Falta de atenção";"Saída de Pista";"Sem Vítimas";"Plena noite";"Decrescente";"Chuva";"Simples";"Curva";"Rural";1;0;0;0;1;0;0;1
83502763;"01/10/16";"Sábado";"01:00:00";"MG";116;"699";"MURIAE";"Ingestão de álcool";"Colisão Transversal";"Sem Vítimas";"Plena noite";"Crescente";"Chuva";"Simples";"Reta";"Rural";2;0;0;0;2;0;0;2
83502764;"30/09/16";"Sexta";"23:50:00";"MG";40;"717";"BARBACENA";"Velocidade incompatível";"Colisão com objeto fixo";"Sem Vítimas";"Plena noite";"Decrescente";"Chuva";"Dupla";"Reta";"Urbano";1;0;0;0;1;0;0;1
83502765;"30/09/16";"Sexta";"20:00:00";"SP";153;"75";"BADY BASSITT";"Falta de atenção";"Colisão traseira";"Com Vítimas Feridas";"Plena noite";"Crescente";"Ceu Claro";"Dupla";"Cruzamento";"Urbano";3;0;1;0;2;0;1;2
83502766;"30/08/16";"Terça";"23:00:00";"RJ";101;"255";"RIO BONITO";"Outras";"Colisão frontal";"Com Vítimas Feridas";"Plena noite";"Crescente";"Chuva";"Simples";"Reta";"Rural";3;0;0;2;1;0;2;2
83502767;"30/09/16";"Sexta";"06:40:00";"MG";381;"484,5";"BETIM";"Falta de atenção";"Colisão traseira";"Sem Vítimas";"Pleno dia";"Decrescente";"Sol";"Dupla";"Reta";"Urbano";2;0;0;0;2;0;0;2
83502769;"30/09/16";"Sexta";"19:50:00";"BA";101;"487";"ITAJUIPE";"Ultrapassagem indevida";"Colisão frontal";"Sem Vítimas";"Plena noite";"Crescente";"Nublado";"Simples";"Reta";"Rural";2;0;0;0;2;0;0;2
83502770;"01/10/16";"Sábado";"02:02:00";"SC";101;"141,4";"BALNEARIO CAMBORIU";"Outras";"Saída de Pista";"Sem Vítimas";"Plena noite";"Crescente";"Chuva";"Simples";"Curva";"Urbano";1;0;0;0;1;0;0;1
83502771;"30/09/16";"Sexta";"10:00:00";"RJ";116;"184,9";"NOVA IGUACU";"Não guardar distância de segurança";"Colisão traseira";"Com Vítimas Feridas";"Pleno dia";"Decrescente";"Nublado";"Dupla";"Reta";"Urbano";5;0;2;0;3;0;2;3
83502772;"01/10/16";"Sábado";"01:20:00";"PR";116;"113";"CURITIBA";"Outras";"Colisão traseira";"Sem Vítimas";"Plena noite";"Crescente";"Nublado";"Múltipla";"Reta";"Rural";3;0;0;0;3;0;0;2
83502773;"01/10/16";"Sábado";"01:30:00";"RS";290;"104,6";"ELDORADO DO SUL";"Outras";"Colisão traseira";"Sem Vítimas";"Plena noite";"Crescente";"Ceu Claro";"Dupla";"Reta";"Rural";2;0;0;0;2;0;0;2
83502774;"01/10/16";"Sábado";"00:15:00";"MG";267;"35,7";"ARGIRITA";"Velocidade incompatível";"Capotamento";"Com Vítimas Feridas";"Plena noite";"Decrescente";"Chuva";"Simples";"Curva";"Rural";2;0;2;0;0;0;2;1
83502775;"30/09/16";"Sexta";"15:00:00";"MA";135;"33";"SAO LUIS";"Desobediência à sinalização";"Saída de Pista";"Com Vítimas Feridas";"Pleno dia";"Decrescente";"Ceu Claro";"Simples";"Reta";"Rural";1;0;0;1;0;0;1;1
83502776;"01/10/16";"Sábado";"01:40:00";"MG";116;"779,8";"LEOPOLDINA";"Velocidade incompatível";"Saída de Pista";"Com Vítimas Feridas";"Plena noite";"Decrescente";"Chuva";"Simples";"Curva";"Rural";2;0;2;0;0;0;2;1
83502778;"30/09/16";"Sexta";"22:05:00";"RS";116;"540,5";"CAPAO DO LEAO";"Outras";"Capotamento";"Sem Vítimas";"Plena noite";"Crescente";"Nublado";"Simples";"Curva";"Rural";1;0;0;0;1;0;0;1
83502779;"01/10/16";"Sábado";"03:25:00";"RS";392;"352,4";"SANTA MARIA";"Ingestão de álcool";"Queda de motocicleta / bicicleta / veículo";"Com Vítimas Feridas";"Plena noite";"Crescente";"Ceu Claro";"Simples";"Reta";"Urbano";1;0;1;0;0;0;1;1
83502780;"30/09/16";"Sexta";"21:45:00";"BA";324;"543";"AMELIA RODRIGUES";"Dormindo";"Saída de Pista";"Com Vítimas Feridas";"Plena noite";"Decrescente";"Ceu Claro";"Dupla";"Reta";"Rural";3;0;2;0;1;0;2;1
83502781;"30/09/16";"Sexta";"18:25:00";"MS";262;"556";"MIRANDA";"Ingestão de álcool";"Saída de Pista";"Sem Vítimas";"Plena noite";"Decrescente";"Ceu Claro";"Dupla";"Reta";"Urbano";1;0;0;0;1;0;0;1
83502782;"01/10/16";"Sábado";"00:50:00";"PR";376;"183,3";"SARANDI";"Desobediência à sinalização";"Colisão Transversal";"Com Vítimas Feridas";"Plena noite";"Crescente";"Ceu Claro";"Dupla";"Reta";"Urbano";2;0;2;0;0;0;2;2
83502783;"01/10/16";"Sábado";"03:15:00";"RS";158;"188,7";"CRUZ ALTA";"Velocidade incompatível";"Saída de Pista";"Com Vítimas Feridas";"Plena noite";"Crescente";"Ceu Claro";"Simples";"Reta";"Rural";1;0;1;0;0;0;1;1
83502784;"01/10/16";"Sábado";"00:45:00";"SC";470;"148";"RIO DO SUL";"Velocidade incompatível";"Capotamento";"Com Vítimas Feridas";"Plena noite";"Crescente";"Ceu Claro";"Simples";"Curva";"Urbano";1;0;1;0;0;0;1;1
83502785;"30/09/16";"Sexta";"22:40:00";"PR";376;"640";"TIJUCAS DO SUL";"Velocidade incompatível";"Colisão traseira";"Com Vítimas Fatais";"Plena noite";"Decrescente";"Nublado";"Dupla";"Reta";"Rural";2;1;0;0;1;0;0;2
83502786;"30/09/16";"Sexta";"16:00:00";"SP";381;"55";"MAIRIPORA";"Outras";"Queda de motocicleta / bicicleta / veículo";"Com Vítimas Feridas";"Pleno dia";"Crescente";"Ceu Claro";"Dupla";"Reta";"Urbano";2;0;2;0;0;0;2;1
83502787;"30/09/16";"Sexta";"23:45:00";"SP";116;"561";"BARRA DO TURVO";"Velocidade incompatível";"Capotamento";"Sem Vítimas";"Plena noite";"Crescente";"Chuva";"Dupla";"Curva";"Rural";2;0;0;0;2;0;0;1
83502788;"30/09/16";"Sexta";"19:00:00";"DF";20;"17";"BRASILIA";"Outras";"Tombamento";"Com Vítimas Feridas";"Anoitecer";"Decrescente";"Ceu Claro";"Dupla";"Reta";"Urbano";1;0;1;0;0;0;1;1
83502789;"30/09/16";"Sexta";"17:40:00";"RS";116;"251";"SAO LEOPOLDO";"Não guardar distância de segurança";"Colisão traseira";"Com Vítimas Feridas";"Pleno dia";"Decrescente";"Ceu Claro";"Dupla";"Reta";"Urbano";2;0;1;0;1;0;1;2
83502790;"30/09/16";"Sexta";"20:00:00";"BA";330;"754,2";"JITAUNA";"Outras";"Colisão traseira";"Com Vítimas Feridas";"Plena noite";"Crescente";"Ceu Claro";"Simples";"Reta";"Rural";3;0;2;0;1;0;2;2
83502791;"01/10/16";"Sábado";"05:10:00";"RJ";116;"165";"RIO DE JANEIRO";"Dormindo";"Capotamento";"Sem Vítimas";"Plena noite";"Decrescente";"Chuva";"Múltipla";"Reta";"Urbano";1;0;0;0;1;0;0;1
83502792;"30/09/16";"Sexta";"09:00:00";"GO";153;"495";"GOIANIA";"Falta de atenção";"Colisão lateral";"Com Vítimas Feridas";"Pleno dia";"Decrescente";"Sol";"Dupla";"Reta";"Urbano";3;0;1;0;2;0;1;2
83502793;"01/10/16";"Sábado";"00:40:00";"MT";174;"278";"PONTES E LACERDA";"Outras";"Colisão traseira";"Com Vítimas Fatais";"Plena noite";"Crescente";"Ceu Claro";"Simples";"Reta";"Rural";2;1;0;0;0;1;0;2
83502794;"01/10/16";"Sábado";"03:00:00";"RS";386;"183";"CARAZINHO";"Dormindo";"Colisão com objeto fixo";"Sem Vítimas";"Plena noite";"Decrescente";"Ceu Claro";"Simples";"Reta";"Rural";1;0;0;0;1;0;0;1
83502795;"30/09/16";"Sexta";"19:45:00";"BA";101;"89";"ALAGOINHAS";"Outras";"Colisão com bicicleta";"Com Vítimas Fatais";"Plena noite";"Crescente";"Ceu Claro";"Simples";"Reta";"Rural";3;1;0;0;2;0;0;2
83502796;"30/09/16";"Sexta";"18:10:00";"RJ";116;"174";"NOVA IGUACU";"Falta de atenção";"Colisão lateral";"Com Vítimas Feridas";"Pleno dia";"Crescente";"Nublado";"Múltipla";"Reta";"Urbano";2;0;1;0;0;1;1;2
83502798;"30/09/16";"Sexta";"16:50:00";"MG";135;"384";"MONTES CLAROS";"Não guardar distância de segurança";"Colisão traseira";"Sem Vítimas";"Pleno dia";"Decrescente";"Nublado";"Simples";"Reta";"Urbano";2;0;0;0;2;0;0;2
83502799;"30/09/16";"Sexta";"17:30:00";"PI";316;"15,2";"TERESINA";"Não guardar distância de segurança";"Colisão traseira";"Sem Vítimas";"Pleno dia";"Decrescente";"Ceu Claro";"Simples";"Reta";"Rural";2;0;0;0;2;0;0;2
83502800;"01/10/16";"Sábado";"04:50:00";"RS";470;"335";"TRIUNFO";"Outras";"Saída de Pista";"Com Vítimas Feridas";"Plena noite";"Crescente";"Nublado";"Simples";"Reta";"Rural";1;0;1;0;0;0;1;1
83502801;"30/09/16";"Sexta";"15:30:00";"SP";381;"87";"SAO PAULO";"Outras";"Capotamento";"Sem Vítimas";"Plena noite";"Crescente";"Ceu Claro";"Dupla";"Reta";"Urbano";1;0;0;0;1;0;0;1
83502802;"30/09/16";"Sexta";"22:20:00";"MA";10;"244";"GOVERNADOR EDISON LOBAO";"Animais na Pista";"Atropelamento de animal";"Com Vítimas Feridas";"Plena noite";"Crescente";"Nublado";"Simples";"Reta";"Rural";2;0;1;0;1;0;1;2
83502803;"30/09/16";"Sexta";"20:30:00";"ES";101;"458";"MIMOSO DO SUL";"Velocidade incompatível";"Saída de Pista";"Com Vítimas Feridas";"Pleno dia";"Crescente";"Chuva";"Simples";"Curva";"Rural";2;0;2;0;0;0;2;1
83502804;"01/10/16";"Sábado";"04:00:00";"PB";230;"327,5";"QUIXABA";"Outras";"Capotamento";"Sem Vítimas";"Plena noite";"Crescente";"Ceu Claro";"Simples";"Curva";"Rural";1;0;0;0;1;0;0;1
83502805;"01/10/16";"Sábado";"05:00:00";"PE";101;"69";"RECIFE";"Outras";"Saída de Pista";"Sem Vítimas";"Pleno dia";"Decrescente";"Sol";"Dupla";"Reta";"Urbano";1;0;0;0;1;0;0;1
83502806;"01/10/16";"Sábado";"04:30:00";"RS";470;"225";"GARIBALDI";"Falta de atenção";"Saída de Pista";"Com Vítimas Feridas";"Plena noite";"Crescente";"Ceu Claro";"Simples";"Reta";"Urbano";1;0;1;0;0;0;1;1
83502807;"01/10/16";"Sábado";"05:30:00";"PR";476;"168,3";"CONTENDA";"Dormindo";"Saída de Pista";"Com Vítimas Feridas";"Amanhecer";"Crescente";"Nublado";"Simples";"Reta";"Rural";1;0;1;0;0;0;1;1
83502808;"28/09/16";"Quarta";"09:30:00";"GO";60;"450";"JATAI";"Outras";"Capotamento";"Sem Vítimas";"Pleno dia";"Crescente";"Sol";"Dupla";"Reta";"Urbano";2;0;0;0;2;0;0;2
83502809;"01/10/16";"Sábado";"03:30:00";"RJ";116;"303";"RESENDE";"Outras";"Colisão com objeto fixo";"Sem Vítimas";"Plena noite";"Crescente";"Chuva";"Dupla";"Reta";"Urbano";1;0;0;0;1;0;0;1
83502810;"01/10/16";"Sábado";"05:10:00";"SC";101;"150,3";"ITAPEMA";"Falta de atenção";"Colisão com objeto fixo";"Ignorado";"Plena noite";"Decrescente";"Chuva";"Simples";"Reta";"Urbano";1;0;0;0;0;1;0;1
83502811;"01/10/16";"Sábado";"03:20:00";"RO";364;"228,2";"CACOAL";"Animais na Pista";"Saída de Pista";"Com Vítimas Feridas";"Plena noite";"Decrescente";"Ceu Claro";"Simples";"Reta";"Rural";4;0;1;0;3;0;1;1
83502812;"25/09/16";"Domingo";"20:30:00";"SC";282;"1,8";"FLORIANOPOLIS";"Animais na Pista";"Saída de Pista";"Com Vítimas Feridas";"Plena noite";"Decrescente";"Nublado";"Dupla";"Reta";"Urbano";2;0;2;0;0;0;2;1
83502813;"01/10/16";"Sábado";"06:30:00";"SC";101;"117";"ITAJAI";"Desobediência à sinalização";"Colisão Transversal";"Com Vítimas Feridas";"Amanhecer";"Decrescente";"Nublado";"Simples";"Reta";"Urbano";2;0;0;1;1;0;1;2
83502814;"30/09/16";"Sexta";"23:49:00";"MG";262;"863,5";"CAMPO FLORIDO";"Falta de atenção";"Colisão com objeto fixo";"Sem Vítimas";"Plena noite";"Crescente";"Ceu Claro";"Dupla";"Reta";"Rural";1;0;0;0;1;0;0;1
83502815;"30/09/16";"Sexta";"21:00:00";"MG";153;"45";"MONTE ALEGRE DE MINAS";"Ultrapassagem indevida";"Saída de Pista";"Com Vítimas Feridas";"Plena noite";"Decrescente";"Ceu Claro";"Dupla";"Reta";"Rural";2;0;1;0;1;0;1;1
83502816;"29/09/16";"Quinta";"22:00:00";"DF";20;"40";"BRASILIA";"Ingestão de álcool";"Capotamento";"Sem Vítimas";"Plena noite";"Decrescente";"Nublado";"Dupla";"Reta";"Rural";1;0;0;0;1;0;0;1
83502817;"01/10/16";"Sábado";"06:40:00";"PE";101;"18,9";"GOIANA";"Outras";"Saída de Pista";"Com Vítimas Feridas";"Pleno dia";"Decrescente";"Ceu Claro";"Dupla";"Reta";"Rural";1;0;1;0;0;0;1;1
83502818;"01/10/16";"Sábado";"06:30:00";"RJ";116;"240,8";"PIRAI";"Falta de atenção";"Saída de Pista";"Sem Vítimas";"Amanhecer";"Decrescente";"Chuva";"Dupla";"Curva";"Rural";1;0;0;0;1;0;0;1
83502819;"01/10/16";"Sábado";"06:00:00";"SC";470;"30";"GASPAR";"Outras";"Colisão lateral";"Com Vítimas Feridas";"Amanhecer";"Crescente";"Nublado";"Simples";"Reta";"Urbano";2;0;1;0;0;1;1;2
83502820;"01/10/16";"Sábado";"06:00:00";"SP";116;"322,4";"JUQUITIBA";"Velocidade incompatível";"Capotamento";"Sem Vítimas";"Pleno dia";"Decrescente";"Chuva";"Dupla";"Reta";"Rural";1;0;0;0;1;0;0;1
83502821;"01/10/16";"Sábado";"07:30:00";"DF";70;"11,9";"BRASILIA";"Outras";"Saída de Pista";"Ignorado";"Pleno dia";"Crescente";"Nublado";"Dupla";"Reta";"Urbano";1;0;0;0;0;1;0;1
83502822;"27/09/16";"Terça";"18:30:00";"PR";116;"17,5";"CURITIBA";"Velocidade incompatível";"Colisão traseira";"Com Vítimas Feridas";"Plena noite";"Crescente";"Ceu Claro";"Múltipla";"Reta";"Urbano";2;0;1;0;1;0;1;2
83502823;"01/10/16";"Sábado";"06:30:00";"RJ";116;"289";"BARRA MANSA";"Outras";"Saída de Pista";"Sem Vítimas";"Amanhecer";"Decrescente";"Chuva";"Dupla";"Curva";"Urbano";3;0;0;0;2;1;0;1
83502824;"01/10/16";"Sábado";"02:40:00";"PA";10;"192";"IPIXUNA DO PARA";"Outras";"Saída de Pista";"Com Vítimas Feridas";"Plena noite";"Crescente";"Ceu Claro";"Simples";"Reta";"Rural";4;0;4;0;0;0;4;1
83502825;"27/09/16";"Terça";"22:00:00";"SP";381;"89";"GUARULHOS";"Outras";"Capotamento";"Com Vítimas Feridas";"Plena noite";"Decrescente";"Ceu Claro";"Dupla";"Reta";"Urbano";1;0;1;0;0;0;1;1
83502826;"20/09/16";"Terça";"04:30:00";"BA";101;"580";"CAMACAN";"Animais na Pista";"Atropelamento de animal";"Sem Vítimas";"Plena noite";"Crescente";"Ceu Claro";"Simples";"Reta";"Rural";1;0;0;0;1;0;0;1
83502827;"01/10/16";"Sábado";"05:30:00";"MS";163;"124";"NAVIRAI";"Velocidade incompatível";"Derramamento de Carga";"Sem Vítimas";"Amanhecer";"Decrescente";"Sol";"Dupla";"Reta";"Rural";1;0;0;0;1;0;0;1
83502828;"01/10/16";"Sábado";"06:30:00";"RJ";116;"289";"BARRA MANSA";"Outras";"Capotamento";"Sem Vítimas";"Amanhecer";"Decrescente";"Chuva";"Dupla";"Curva";"Urbano";1;0;0;0;1;0;0;1
83502829;"01/10/16";"Sábado";"04:30:00";"SC";280;"80,5";"CORUPA";"Ingestão de álcool";"Colisão frontal";"Com Vítimas Feridas";"Plena noite";"Crescente";"Chuva";"Simples";"Reta";"Urbano";2;0;1;1;0;0;2;2
83502831;"01/10/16";"Sábado";"07:00:00";"BA";324;"621";"SALVADOR";"Defeito mecânico em veículo";"Queda de motocicleta / bicicleta / veículo";"Com Vítimas Feridas";"Pleno dia";"Crescente";"Ceu Claro";"Dupla";"Curva";"Rural";2;0;2;0;0;0;2;1
83502832;"30/09/16";"Sexta";"16:40:00";"MG";40;"768";"JUIZ DE FORA";"Desobediência à sinalização";"Colisão Transversal";"Sem Vítimas";"Pleno dia";"Decrescente";"Nublado";"Simples";"Reta";"Rural";2;0;0;0;2;0;0;2
83502833;"30/09/16";"Sexta";"23:30:00";"PA";10;"290";"MAE DO RIO";"Outras";"Saída de Pista";"Com Vítimas Feridas";"Plena noite";"Decrescente";"Ceu Claro";"Simples";"Reta";"Rural";4;0;4;0;0;0;4;1
83502834;"10/08/16";"Quarta";"18:15:00";"SC";470;"56";"BLUMENAU";"Outras";"Colisão Transversal";"Com Vítimas Feridas";"Plena noite";"Crescente";"Nublado";"Simples";"Reta";"Urbano";2;0;0;1;0;1;1;2
83502835;"27/09/16";"Terça";"19:40:00";"BA";330;"812";"IBIRAPITANGA";"Defeito mecânico em veículo";"Colisão lateral";"Com Vítimas Feridas";"Plena noite";"Crescente";"Ignorada";"Simples";"Reta";"Rural";7;0;6;0;1;0;6;2
83502836;"29/09/16";"Quinta";"14:20:00";"SC";470;"37";"GASPAR";"Falta de atenção";"Colisão Transversal";"Com Vítimas Feridas";"Pleno dia";"Decrescente";"Ceu Claro";"Simples";"Cruzamento";"Urbano";2;0;0;1;1;0;1;2
83502837;"01/10/16";"Sábado";"07:00:00";"SC";101;"287,6";"IMBITUBA";"Outras";"Saída de Pista";"Com Vítimas Fatais";"Amanhecer";"Crescente";"Ceu Claro";"Dupla";"Curva";"Rural";1;1;0;0;0;0;0;1
83502838;"29/09/16";"Quinta";"16:10:00";"SC";101;"326";"CAPIVARI DE BAIXO";"Desobediência à sinalização";"Colisão lateral";"Com Vítimas Feridas";"Pleno dia";"Decrescente";"Ceu Claro";"Simples";"Reta";"Urbano";4;0;2;0;2;0;2;2
83502839;"30/09/16";"Sexta";"03:00:00";"SC";116;"236";"CORREIA PINTO";"Velocidade incompatível";"Colisão lateral";"Sem Vítimas";"Plena noite";"Decrescente";"Vento";"Simples";"Reta";"Rural";2;0;0;0;2;0;0;2
83502840;"01/10/16";"Sábado";"05:00:00";"BA";418;"85,8";"NOVA VICOSA";"Outras";"Saída de Pista";"Com Vítimas Fatais";"Amanhecer";"Crescente";"Nublado";"Simples";"Reta";"Urbano";2;1;0;1;0;0;1;1
83502841;"28/09/16";"Quarta";"06:30:00";"MG";381;"721,9";"CARMO DA CACHOEIRA";"Velocidade incompatível";"Tombamento";"Com Vítimas Feridas";"Pleno dia";"Decrescente";"Ceu Claro";"Dupla";"Curva";"Rural";1;0;1;0;0;0;1;1