"id";"data_inversa";"dia_semana";"horario";"uf";"br";"km";"municipio";"causa_acidente";"tipo_acidente";"classificacao_acidente";"fase_dia";"sentido_via";"condicao_metereologica";"tipo_pista";"tracado_via";"uso_solo";"pessoas";"mortos";"feridos_leves";"feridos_graves";"ilesos";"ignorados";"feridos";"veiculos"
83502843;"01/10/16";"Sábado";"06:00:00";"MT";364;"544";"ROSARIO OESTE";"Desobediência à sinalização";"Colisão Transversal";"Sem Vítimas";"Amanhecer";"Decrescente";"Chuva";"Simples";"Cruzamento";"Urbano";2;0;0;0;2;0;0;2
83502844;"01/10/16";"Sábado";"07:55:00";"RJ";101;"169";"MACAE";"Outras";"Colisão com objeto fixo";"Com Vítimas Feridas";"Pleno dia";"Crescente";"Chuva";"Simples";"Reta";"Rural";1;0;1;0;0;0;1;1
83502845;"28/09/16";"Quarta";"16:00:00";"SP";116;"227";"GUARULHOS";"Outras";"Queda de motocicleta / bicicleta / veículo";"Com Vítimas Feridas";"Pleno dia";"Decrescente";"Ceu Claro";"Múltipla";"Reta";"Urbano";1;0;1;0;0;0;1;1
83502846;"27/09/16";"Terça";"17:30:00";"BA";324;"618";"SALVADOR";"Falta de atenção";"Colisão lateral";"Com Vítimas Feridas";"Pleno dia";"Crescente";"Ceu Claro";"Dupla";"Reta";"Urbano";4;0;2;0;2;0;2;3
83502847;"29/09/16";"Quinta";"18:30:00";"TO";153;"133,5";"ARAGUAINA";"Outras";"Saída de Pista";"Sem Vítimas";"Plena noite";"Decrescente";"Chuva";"Simples";"Reta";"Urbano";2;0;0;0;2;0;0;1
83502848;"19/07/16";"Terça";"13:00:00";"PR";277;"617";"CEU AZUL";"Falta de atenção";"Colisão traseira";"Com Vítimas Feridas";"Pleno dia";"Decrescente";"Sol";"Simples";"Reta";"Rural";5;0;1;1;3;0;2;4
83502849;"01/10/16";"Sábado";"08:10:00";"SC";282;"72";"RANCHO QUEIMADO";"Velocidade incompatível";"Colisão lateral";"Sem Vítimas";"Pleno dia";"Decrescente";"Chuva";"Simples";"Curva";"Rural";4;0;0;0;4;0;0;4
83502850;"01/10/16";"Sábado";"07:00:00";"PR";277;"344,8";"GUARAPUAVA";"Outras";"Atropelamento de pessoa";"Com Vítimas Feridas";"Pleno dia";"Decrescente";"Nublado";"Simples";"Reta";"Urbano";3;0;1;0;2;0;1;1
83502851;"01/10/16";"Sábado";"08:50:00";"RS";285;"292,1";"PASSO FUNDO";"Não guardar distância de segurança";"Colisão traseira";"Sem Vítimas";"Pleno dia";"Crescente";"Ceu Claro";"Simples";"Cruzamento";"Urbano";2;0;0;0;2;0;0;2
83502852;"01/10/16";"Sábado";"08:15:00";"CE";116;"27";"ITAITINGA";"Falta de atenção";"Colisão lateral";"Sem Vítimas";"Pleno dia";"Decrescente";"Chuva";"Dupla";"Reta";"Rural";2;0;0;0;2;0;0;2
83502853;"28/09/16";"Quarta";"06:30:00";"GO";70;"9";"AGUAS LINDAS DE GOIAS";"Falta de atenção";"Atropelamento de pessoa";"Com Vítimas Feridas";"Plena noite";"Decrescente";"Ceu Claro";"Dupla";"Reta";"Urbano";2;0;1;0;1;0;1;1
83502854;"01/10/16";"Sábado";"09:00:00";"RJ";393;"266";"BARRA DO PIRAI";"Outras";"Queda de motocicleta / bicicleta / veículo";"Com Vítimas Feridas";"Pleno dia";"Decrescente";"Chuva";"Simples";"Curva";"Rural";1;0;1;0;0;0;1;1
83502855;"27/09/16";"Terça";"17:00:00";"RO";364;"411";"JARU";"Outras";"Tombamento";"Com Vítimas Feridas";"Pleno dia";"Decrescente";"Ceu Claro";"Simples";"Reta";"Rural";1;0;1;0;0;0;1;1
83502856;"01/10/16";"Sábado";"03:30:00";"RJ";101;"6";"CAMPOS DOS GOYTACAZES";"Velocidade incompatível";"Saída de Pista";"Sem Vítimas";"Plena noite";"Crescente";"Chuva";"Simples";"Curva";"Urbano";1;0;0;0;1;0;0;1
83502858;"01/10/16";"Sábado";"07:30:00";"RS";287;"252,1";"SANTA MARIA";"Outras";"Atropelamento de pessoa";"Com Vítimas Feridas";"Pleno dia";"Decrescente";"Ceu Claro";"Simples";"Reta";"Urbano";3;0;1;0;2;0;1;2
83502860;"01/10/16";"Sábado";"09:00:00";"PR";116;"8";"CAMPINA GRANDE DO SUL";"Outras";"Saída de Pista";"Com Vítimas Feridas";"Pleno dia";"Crescente";"Chuva";"Dupla";"Curva";"Rural";2;0;2;0;0;0;2;1
83502861;"30/09/16";"Sexta";"20:00:00";"RS";293;"89,5";"PIRATINI";"Velocidade incompatível";"Tombamento";"Sem Vítimas";"Plena noite";"Crescente";"Ceu Claro";"Simples";"Curva";"Rural";1;0;0;0;1;0;0;1
83502862;"01/10/16";"Sábado";"09:30:00";"PE";101;"66,4";"RECIFE";"Outras";"Colisão traseira";"Com Vítimas Feridas";"Pleno dia";"Decrescente";"Ceu Claro";"Dupla";"Reta";"Urbano";2;0;1;0;1;0;1;2
83502863;"01/10/16";"Sábado";"05:05:00";"RS";472;"178,5";"SANTA ROSA";"Outras";"Colisão traseira";"Com Vítimas Feridas";"Amanhecer";"Decrescente";"Ceu Claro";"Simples";"Reta";"Rural";3;0;1;0;2;0;1;2
83502864;"30/09/16";"Sexta";"05:30:00";"PR";158;"526";"PATO BRANCO";"Ingestão de álcool";"Saída de Pista";"Sem Vítimas";"Amanhecer";"Decrescente";"Ceu Claro";"Simples";"Reta";"Urbano";1;0;0;0;1;0;0;1
83502865;"27/09/16";"Terça";"09:00:00";"MG";153;"23";"CENTRALINA";"Falta de atenção";"Colisão lateral";"Sem Vítimas";"Pleno dia";"Decrescente";"Ceu Claro";"Dupla";"Reta";"Rural";2;0;0;0;2;0;0;2
83502866;"01/10/16";"Sábado";"07:20:00";"TO";153;"132";"WANDERLANDIA";"Outras";"Saída de Pista";"Com Vítimas Fatais";"Pleno dia";"Decrescente";"Nublado";"Simples";"Reta";"Rural";1;1;0;0;0;0;0;1
83502867;"01/10/16";"Sábado";"10:30:00";"RS";116;"0";"PORTO ALEGRE";"Defeito mecânico em veículo";"Incêndio";"Com Vítimas Feridas";"Pleno dia";"Crescente";"Ceu Claro";"Dupla";"Reta";"Urbano";1;0;1;0;0;0;1;1
83502868;"01/10/16";"Sábado";"10:40:00";"RJ";40;"4,5";"COMENDADOR LEVY GASPARIAN";"Velocidade incompatível";"Capotamento";"Com Vítimas Feridas";"Pleno dia";"Crescente";"Chuva";"Dupla";"Curva";"Rural";1;0;1;0;0;0;1;1
83502869;"29/09/16";"Quinta";"03:40:00";"RS";392;"5,2";"RIO GRANDE";"Ingestão de álcool";"Colisão traseira";"Sem Vítimas";"Plena noite";"Crescente";"Ignorada";"Simples";"Reta";"Rural";2;0;0;0;2;0;0;2
83502870;"01/10/16";"Sábado";"06:40:00";"MA";10;"297,4";"CIDELANDIA";"Defeito mecânico em veículo";"Tombamento";"Sem Vítimas";"Amanhecer";"Decrescente";"Ceu Claro";"Simples";"Reta";"Rural";1;0;0;0;1;0;0;1
83502871;"01/10/16";"Sábado";"04:10:00";"MS";262;"232";"RIBAS DO RIO PARDO";"Dormindo";"Colisão frontal";"Com Vítimas Feridas";"Amanhecer";"Decrescente";"Ceu Claro";"Simples";"Reta";"Rural";2;0;1;0;1;0;1;2
83502872;"01/10/16";"Sábado";"09:25:00";"CE";304;"98,3";"ARACATI";"Não guardar distância de segurança";"Colisão traseira";"Sem Vítimas";"Pleno dia";"Crescente";"Ceu Claro";"Simples";"Reta";"Urbano";5;0;0;0;4;1;0;2
83502873;"16/09/16";"Sexta";"05:30:00";"PR";116;"46,5";"CAMPINA GRANDE DO SUL";"Defeito mecânico em veículo";"Saída de Pista";"Sem Vítimas";"Plena noite";"Crescente";"Nublado";"Dupla";"Reta";"Rural";1;0;0;0;1;0;0;1
83502874;"01/10/16";"Sábado";"05:00:00";"CE";222;"37,3";"CAUCAIA";"Outras";"Colisão frontal";"Sem Vítimas";"Amanhecer";"Crescente";"Ceu Claro";"Simples";"Reta";"Urbano";2;0;0;0;1;1;0;2
83502875;"01/10/16";"Sábado";"12:00:00";"RJ";101;"92";"CAMPOS DOS GOYTACAZES";"Não guardar distância de segurança";"Colisão traseira";"Com Vítimas Feridas";"Pleno dia";"Decrescente";"Nublado";"Simples";"Reta";"Rural";2;0;1;0;1;0;1;2
83502876;"01/10/16";"Sábado";"12:10:00";"SP";116;"550,4";"BARRA DO TURVO";"Velocidade incompatível";"Capotamento";"Com Vítimas Feridas";"Pleno dia";"Decrescente";"Nublado";"Simples";"Curva";"Rural";3;0;1;0;2;0;1;1
83502877;"01/10/16";"Sábado";"07:00:00";"MG";40;"739,7";"SANTOS DUMONT";"Velocidade incompatível";"Colisão com objeto fixo";"Com Vítimas Feridas";"Pleno dia";"Crescente";"Chuva";"Simples";"Curva";"Rural";2;0;2;0;0;0;2;1
83502878;"30/09/16";"Sexta";"06:45:00";"MA";10;"182,1";"CAMPESTRE DO MARANHAO";"Defeito mecânico em veículo";"Incêndio";"Sem Vítimas";"Pleno dia";"Decrescente";"Nublado";"Simples";"Reta";"Rural";1;0;0;0;1;0;0;1
83502879;"29/09/16";"Quinta";"06:20:00";"SP";116;"209,3";"GUARULHOS";"Falta de atenção";"Colisão lateral";"Com Vítimas Feridas";"Amanhecer";"Crescente";"Ceu Claro";"Dupla";"Reta";"Urbano";3;0;1;0;2;0;1;2
83502880;"01/10/16";"Sábado";"07:20:00";"RN";101;"112,5";"SAO JOSE DE MIPIBU";"Desobediência à sinalização";"Colisão Transversal";"Com Vítimas Feridas";"Pleno dia";"Decrescente";"Ceu Claro";"Dupla";"Reta";"Rural";2;0;1;0;1;0;1;2
83502881;"01/10/16";"Sábado";"10:45:00";"RS";386;"73,8";"BOA VISTA DAS MISSOES";"Falta de atenção";"Colisão Transversal";"Com Vítimas Feridas";"Pleno dia";"Crescente";"Sol";"Simples";"Cruzamento";"Urbano";5;0;3;1;1;0;4;2
83502882;"27/09/16";"Terça";"11:00:00";"AP";156;"189";"MAZAGAO";"Defeito na via";"Colisão frontal";"Sem Vítimas";"Pleno dia";"Crescente";"Sol";"Dupla";"Reta";"Rural";2;0;0;0;2;0;0;2
83502883;"01/10/16";"Sábado";"11:45:00";"RJ";493;"19";"MAGE";"Falta de atenção";"Colisão frontal";"Com Vítimas Feridas";"Pleno dia";"Crescente";"Ceu Claro";"Dupla";"Reta";"Urbano";2;0;1;0;1;0;1;2
83502884;"01/10/16";"Sábado";"10:20:00";"SP";116;"199";"ARUJA";"Outras";"Atropelamento de pessoa";"Com Vítimas Feridas";"Pleno dia";"Decrescente";"Ceu Claro";"Múltipla";"Reta";"Rural";4;0;0;1;2;1;1;3
83502885;"22/09/16";"Quinta";"19:20:00";"SP";116;"212";"GUARULHOS";"Outras";"Colisão com objeto fixo";"Sem Vítimas";"Plena noite";"Decrescente";"Nublado";"Múltipla";"Reta";"Urbano";1;0;0;0;1;0;0;1
83502886;"01/10/16";"Sábado";"08:30:00";"MG";40;"717,2";"BARBACENA";"Defeito na via";"Colisão com objeto fixo";"Com Vítimas Feridas";"Pleno dia";"Decrescente";"Chuva";"Dupla";"Curva";"Rural";2;0;1;0;1;0;1;1
83502887;"01/10/16";"Sábado";"09:10:00";"PB";230;"194,3";"SOLEDADE";"Defeito mecânico em veículo";"Queda de motocicleta / bicicleta / veículo";"Com Vítimas Feridas";"Pleno dia";"Crescente";"Ceu Claro";"Simples";"Reta";"Rural";2;0;1;0;1;0;1;1
83502888;"01/10/16";"Sábado";"10:00:00";"MG";116;"225";"CATUJI";"Velocidade incompatível";"Capotamento";"Com Vítimas Feridas";"Pleno dia";"Decrescente";"Chuva";"Simples";"Curva";"Rural";5;0;5;0;0;0;5;1
83502889;"01/10/16";"Sábado";"11:30:00";"RS";392;"27,3";"RIO GRANDE";"Outras";"Saída de Pista";"Com Vítimas Feridas";"Pleno dia";"Decrescente";"Sol";"Dupla";"Reta";"Urbano";2;0;2;0;0;0;2;1
83502891;"01/10/16";"Sábado";"13:15:00";"PA";316;"98";"SANTA MARIA DO PARA";"Outras";"Saída de Pista";"Com Vítimas Feridas";"Pleno dia";"Decrescente";"Ceu Claro";"Simples";"Reta";"Rural";1;0;1;0;0;0;1;1
83502892;"01/10/16";"Sábado";"11:10:00";"RN";427;"0,2";"CURRAIS NOVOS";"Desobediência à sinalização";"Colisão Transversal";"Com Vítimas Feridas";"Pleno dia";"Crescente";"Ceu Claro";"Simples";"Cruzamento";"Urbano";2;0;1;0;1;0;1;2
83502893;"01/10/16";"Sábado";"13:00:00";"MG";381;"481,6";"CONTAGEM";"Falta de atenção";"Colisão lateral";"Com Vítimas Feridas";"Pleno dia";"Crescente";"Nublado";"Dupla";"Reta";"Urbano";3;0;1;0;2;0;1;3
83502894;"01/10/16";"Sábado";"11:10:00";"MG";40;"783,2";"JUIZ DE FORA";"Velocidade incompatível";"Capotamento";"Sem Vítimas";"Pleno dia";"Decrescente";"Chuva";"Dupla";"Curva";"Rural";1;0;0;0;1;0;0;1
83502895;"01/10/16";"Sábado";"09:30:00";"RJ";116;"6";"SAPUCAIA";"Outras";"Saída de Pista";"Com Vítimas Feridas";"Pleno dia";"Decrescente";"Nublado";"Simples";"Curva";"Rural";2;0;2;0;0;0;2;1
83502896;"27/09/16";"Terça";"18:00:00";"BA";116;"7";"VITORIA DA CONQUISTA";"Falta de atenção";"Colisão Transversal";"Com Vítimas Feridas";"Plena noite";"Crescente";"Ceu Claro";"Simples";"Reta";"Urbano";2;0;1;0;0;1;1;2
83502899;"19/09/16";"Segunda";"07:30:00";"CE";402;"297,5";"UMIRIM";"Defeito mecânico em veículo";"Queda de motocicleta / bicicleta / veículo";"Com Vítimas Feridas";"Pleno dia";"Decrescente";"Ceu Claro";"Simples";"Reta";"Rural";1;0;1;0;0;0;1;1
83502900;"01/10/16";"Sábado";"06:30:00";"MS";267;"29";"BATAGUASSU";"Outras";"Atropelamento de pessoa";"Com Vítimas Feridas";"Pleno dia";"Decrescente";"Sol";"Dupla";"Reta";"Urbano";2;0;0;1;1;0;1;1
83502901;"01/10/16";"Sábado";"13:00:00";"MG";262;"382";"MATEUS LEME";"Outras";"Queda de motocicleta / bicicleta / veículo";"Com Vítimas Feridas";"Pleno dia";"Crescente";"Ceu Claro";"Dupla";"Curva";"Rural";2;0;2;0;0;0;2;1
83502902;"01/10/16";"Sábado";"09:10:00";"MG";40;"736,8";"SANTOS DUMONT";"Velocidade incompatível";"Colisão com objeto fixo";"Sem Vítimas";"Pleno dia";"Crescente";"Chuva";"Simples";"Curva";"Rural";2;0;0;0;2;0;0;1
83502903;"01/10/16";"Sábado";"14:40:00";"RS";290;"78";"GRAVATAI";"Falta de atenção";"Colisão Transversal";"Com Vítimas Feridas";"Pleno dia";"Crescente";"Ceu Claro";"Múltipla";"Reta";"Rural";5;0;3;0;2;0;3;2
83502904;"01/10/16";"Sábado";"14:20:00";"BA";101;"674";"ITAPEBI";"Ingestão de álcool";"Colisão lateral";"Com Vítimas Feridas";"Pleno dia";"Decrescente";"Nublado";"Simples";"Reta";"Rural";2;0;1;0;1;0;1;2
83502905;"25/09/16";"Domingo";"00:00:00";"PE";116;"24,1";"SALGUEIRO";"Desobediência à sinalização";"Colisão com objeto móvel";"Com Vítimas Feridas";"Plena noite";"Crescente";"Ceu Claro";"Simples";"Reta";"Rural";3;0;0;1;2;0;1;2
83502906;"01/10/16";"Sábado";"07:00:00";"PI";343;"345";"TERESINA";"Falta de atenção";"Colisão lateral";"Com Vítimas Feridas";"Pleno dia";"Decrescente";"Ceu Claro";"Dupla";"Reta";"Urbano";2;0;0;1;1;0;1;2
83502907;"01/10/16";"Sábado";"15:30:00";"RJ";116;"226";"PIRAI";"Desobediência à sinalização";"Colisão com objeto fixo";"Sem Vítimas";"Pleno dia";"Crescente";"Chuva";"Dupla";"Curva";"Rural";1;0;0;0;1;0;0;1
83502908;"01/10/16";"Sábado";"15:20:00";"PR";277;"133";"BALSA NOVA";"Falta de atenção";"Colisão traseira";"Com Vítimas Feridas";"Pleno dia";"Crescente";"Nublado";"Dupla";"Reta";"Rural";2;0;1;0;1;0;1;2
83502909;"01/10/16";"Sábado";"11:35:00";"MG";40;"823,2";"SIMAO PEREIRA";"Velocidade incompatível";"Saída de Pista";"Sem Vítimas";"Pleno dia";"Crescente";"Nublado";"Dupla";"Curva";"Rural";1;0;0;0;1;0;0;1
83502910;"01/10/16";"Sábado";"06:00:00";"CE";20;"407";"CAUCAIA";"Outras";"Queda de motocicleta / bicicleta / veículo";"Com Vítimas Fatais";"Amanhecer";"Crescente";"Ceu Claro";"Dupla";"Curva";"Urbano";1;1;0;0;0;0;0;1
83502911;"29/09/16";"Quinta";"21:00:00";"RJ";493;"17";"MAGE";"Falta de atenção";"Colisão Transversal";"Com Vítimas Feridas";"Plena noite";"Decrescente";"Nublado";"Simples";"Reta";"Urbano";3;0;0;2;0;1;2;2
83502912;"30/09/16";"Sexta";"05:00:00";"SC";101;"324";"PESCARIA BRAVA";"Falta de atenção";"Colisão com objeto fixo";"Sem Vítimas";"Amanhecer";"Crescente";"Ceu Claro";"Dupla";"Reta";"Urbano";1;0;0;0;1;0;0;1
83502913;"01/10/16";"Sábado";"15:00:00";"PR";277;"430,4";"VIRMOND";"Falta de atenção";"Colisão Transversal";"Com Vítimas Feridas";"Pleno dia";"Crescente";"Ceu Claro";"Simples";"Reta";"Urbano";5;0;1;0;4;0;1;2
83502914;"01/10/16";"Sábado";"15:00:00";"MG";381;"533,4";"ITATIAIUCU";"Velocidade incompatível";"Colisão com objeto fixo";"Sem Vítimas";"Pleno dia";"Crescente";"Chuva";"Dupla";"Curva";"Rural";1;0;0;0;1;0;0;1
83502915;"01/10/16";"Sábado";"14:40:00";"SP";116;"515";"CAJATI";"Velocidade incompatível";"Capotamento";"Com Vítimas Feridas";"Pleno dia";"Decrescente";"Nublado";"Dupla";"Reta";"Rural";2;0;1;0;1;0;1;1
83502916;"01/10/16";"Sábado";"08:20:00";"CE";116;"43";"HORIZONTE";"Desobediência à sinalização";"Colisão lateral";"Sem Vítimas";"Pleno dia";"Decrescente";"Sol";"Dupla";"Reta";"Urbano";2;0;0;0;2;0;0;2
83502917;"01/10/16";"Sábado";"15:40:00";"RJ";116;"230";"PIRAI";"Velocidade incompatível";"Colisão com objeto fixo";"Sem Vítimas";"Pleno dia";"Decrescente";"Chuva";"Dupla";"Reta";"Rural";1;0;0;0;1;0;0;1
83502918;"01/10/16";"Sábado";"14:40:00";"RS";448;"11";"CANOAS";"Defeito mecânico em veículo";"Tombamento";"Com Vítimas Feridas";"Pleno dia";"Crescente";"Ceu Claro";"Dupla";"Reta";"Urbano";2;0;1;0;1;0;1;1
83502920;"01/10/16";"Sábado";"14:15:00";"RJ";116;"106";"GUAPIMIRIM";"Falta de atenção";"Colisão lateral";"Com Vítimas Feridas";"Pleno dia";"Decrescente";"Chuva";"Múltipla";"Reta";"Urbano";2;0;1;0;1;0;1;2
83502921;"01/10/16";"Sábado";"11:35:00";"PR";376;"657,9";"TIJUCAS DO SUL";"Velocidade incompatível";"Capotamento";"Com Vítimas Feridas";"Pleno dia";"Decrescente";"Nevoeiro/neblina";"Dupla";"Curva";"Rural";2;0;1;0;1;0;1;1
83502923;"01/10/16";"Sábado";"15:20:00";"MA";222;"210";"ITAPECURU MIRIM";"Defeito mecânico em veículo";"Capotamento";"Com Vítimas Feridas";"Pleno dia";"Decrescente";"Ceu Claro";"Simples";"Reta";"Rural";1;0;0;1;0;0;1;1
83502924;"01/10/16";"Sábado";"15:20:00";"MS";60;"406,7";"SIDROLANDIA";"Outras";"Queda de motocicleta / bicicleta / veículo";"Com Vítimas Feridas";"Pleno dia";"Crescente";"Sol";"Simples";"Reta";"Rural";1;0;0;1;0;0;1;1
83502925;"01/10/16";"Sábado";"15:30:00";"MT";163;"727";"SORRISO";"Outras";"Colisão com objeto móvel";"Sem Vítimas";"Pleno dia";"Decrescente";"Chuva";"Simples";"Reta";"Rural";2;0;0;0;1;1;0;2
83502926;"01/10/16";"Sábado";"13:10:00";"ES";262;"28,8";"VIANA";"Velocidade incompatível";"Saída de Pista";"Com Vítimas Feridas";"Pleno dia";"Decrescente";"Chuva";"Simples";"Curva";"Rural";1;0;1;0;0;0;1;1
83502928;"01/10/16";"Sábado";"11:15:00";"MG";40;"729,5";"SANTOS DUMONT";"Velocidade incompatível";"Colisão com objeto fixo";"Com Vítimas Feridas";"Pleno dia";"Decrescente";"Nevoeiro/neblina";"Dupla";"Curva";"Rural";2;0;1;0;1;0;1;1
83502929;"01/10/16";"Sábado";"16:30:00";"RJ";101;"283";"CASIMIRO DE ABREU";"Outras";"Saída de Pista";"Sem Vítimas";"Pleno dia";"Decrescente";"Chuva";"Simples";"Reta";"Rural";1;0;0;0;1;0;0;1
83502931;"01/10/16";"Sábado";"00:15:00";"BA";324;"1,9";"FEIRA DE SANTANA";"Outras";"Colisão com objeto fixo";"Ignorado";"Plena noite";"Crescente";"Nublado";"Simples";"Reta";"Urbano";1;0;0;0;0;1;0;1
83502933;"01/10/16";"Sábado";"10:30:00";"RJ";40;"50";"PETROPOLIS";"Falta de atenção";"Tombamento";"Com Vítimas Feridas";"Pleno dia";"Crescente";"Nublado";"Dupla";"Reta";"Urbano";2;0;0;1;1;0;1;2
83502934;"01/10/16";"Sábado";"16:45:00";"GO";60;"4,2";"GOIANIA";"Não guardar distância de segurança";"Colisão traseira";"Sem Vítimas";"Pleno dia";"Decrescente";"Sol";"Dupla";"Reta";"Urbano";2;0;0;0;2;0;0;2
83502936;"01/10/16";"Sábado";"14:50:00";"PE";232;"399,6";"SERRA TALHADA";"Velocidade incompatível";"Colisão Transversal";"Com Vítimas Feridas";"Pleno dia";"Crescente";"Ceu Claro";"Simples";"Curva";"Rural";5;0;1;1;3;0;2;3
83502937;"01/10/16";"Sábado";"13:50:00";"GO";364;"55,1";"CACHOEIRA ALTA";"Falta de atenção";"Colisão Transversal";"Com Vítimas Feridas";"Pleno dia";"Crescente";"Ceu Claro";"Simples";"Cruzamento";"Rural";2;0;1;0;1;0;1;2
83502938;"01/10/16";"Sábado";"11:05:00";"BA";116;"422";"FEIRA DE SANTANA";"Falta de atenção";"Colisão traseira";"Com Vítimas Feridas";"Pleno dia";"Decrescente";"Sol";"Simples";"Reta";"Urbano";2;0;1;0;1;0;1;2
83502939;"01/10/16";"Sábado";"11:35:00";"SC";470;"20,3";"ILHOTA";"Outras";"Saída de Pista";"Com Vítimas Feridas";"Pleno dia";"Decrescente";"Nublado";"Simples";"Reta";"Rural";1;0;1;0;0;0;1;1
83502940;"27/09/16";"Terça";"07:00:00";"CE";116;"7";"FORTALEZA";"Falta de atenção";"Colisão lateral";"Sem Vítimas";"Pleno dia";"Decrescente";"Sol";"Simples";"Curva";"Urbano";2;0;0;0;2;0;0;2
83502942;"01/10/16";"Sábado";"12:00:00";"SC";101;"130,5";"BALNEARIO CAMBORIU";"Falta de atenção";"Queda de motocicleta / bicicleta / veículo";"Com Vítimas Feridas";"Pleno dia";"Crescente";"Sol";"Dupla";"Reta";"Urbano";1;0;1;0;0;0;1;1
83502943;"01/10/16";"Sábado";"13:30:00";"MG";381;"289";"ANTONIO DIAS";"Falta de atenção";"Tombamento";"Sem Vítimas";"Pleno dia";"Decrescente";"Ceu Claro";"Simples";"Curva";"Urbano";1;0;0;0;1;0;0;1
83502944;"01/10/16";"Sábado";"16:40:00";"SC";280;"72,1";"JARAGUA DO SUL";"Outras";"Colisão frontal";"Com Vítimas Feridas";"Pleno dia";"Crescente";"Ceu Claro";"Simples";"Reta";"Urbano";4;0;0;4;0;0;4;2
83502945;"01/10/16";"Sábado";"15:15:00";"RJ";40;"84";"PETROPOLIS";"Velocidade incompatível";"Colisão com objeto fixo";"Com Vítimas Feridas";"Pleno dia";"Decrescente";"Chuva";"Simples";"Curva";"Rural";2;0;1;0;1;0;1;1
83502946;"01/10/16";"Sábado";"17:35:00";"PR";376;"657,9";"TIJUCAS DO SUL";"Velocidade incompatível";"Capotamento";"Com Vítimas Feridas";"Pleno dia";"Decrescente";"Chuva";"Dupla";"Curva";"Rural";2;0;1;0;1;0;1;1
83502947;"28/09/16";"Quarta";"07:00:00";"RJ";493;"21";"MAGE";"Desobediência à sinalização";"Colisão com objeto móvel";"Com Vítimas Feridas";"Pleno dia";"Decrescente";"Sol";"Simples";"Reta";"Urbano";2;0;1;0;1;0;1;2
83502948;"28/09/16";"Quarta";"15:00:00";"RS";392;"56,9";"RIO GRANDE";"Outras";"Saída de Pista";"Sem Vítimas";"Pleno dia";"Crescente";"Ceu Claro";"Dupla";"Reta";"Rural";1;0;0;0;1;0;0;1
83502949;"01/10/16";"Sábado";"16:55:00";"SC";470;"124,5";"IBIRAMA";"Velocidade incompatível";"Colisão frontal";"Sem Vítimas";"Pleno dia";"Crescente";"Nublado";"Simples";"Curva";"Urbano";2;0;0;0;2;0;0;2
83502950;"01/10/16";"Sábado";"17:10:00";"MG";381;"490,4";"BETIM";"Defeito mecânico em veículo";"Atropelamento de pessoa";"Com Vítimas Feridas";"Pleno dia";"Crescente";"Nublado";"Múltipla";"Curva";"Urbano";2;0;1;1;0;0;2;1
83502951;"01/10/16";"Sábado";"17:50:00";"BA";101;"117";"ALAGOINHAS";"Falta de atenção";"Colisão traseira";"Sem Vítimas";"Anoitecer";"Crescente";"Ceu Claro";"Simples";"Reta";"Rural";2;0;0;0;2;0;0;2
83502952;"01/10/16";"Sábado";"11:55:00";"RN";427;"97,1";"CAICO";"Falta de atenção";"Colisão lateral";"Com Vítimas Feridas";"Pleno dia";"Crescente";"Ceu Claro";"Simples";"Curva";"Urbano";3;0;1;0;2;0;1;2
83502953;"01/10/16";"Sábado";"13:30:00";"BA";242;"418";"SEABRA";"Falta de atenção";"Colisão com bicicleta";"Com Vítimas Feridas";"Plena noite";"Decrescente";"Ceu Claro";"Simples";"Reta";"Rural";2;0;0;1;1;0;1;2
83502954;"27/09/16";"Terça";"22:30:00";"SP";116;"146";"SAO JOSE DOS CAMPOS";"Falta de atenção";"Colisão lateral";"Sem Vítimas";"Plena noite";"Decrescente";"Ceu Claro";"Dupla";"Reta";"Urbano";2;0;0;0;2;0;0;2
83502955;"01/10/16";"Sábado";"07:20:00";"MG";381;"421";"CAETE";"Falta de atenção";"Colisão frontal";"Com Vítimas Feridas";"Pleno dia";"Crescente";"Nublado";"Simples";"Curva";"Rural";2;0;1;0;1;0;1;2
83502956;"01/10/16";"Sábado";"14:00:00";"PB";230;"366,3";"MALTA";"Ingestão de álcool";"Colisão Transversal";"Com Vítimas Fatais";"Pleno dia";"Crescente";"Sol";"Simples";"Reta";"Urbano";4;1;0;0;3;0;0;2
83502957;"01/10/16";"Sábado";"06:30:00";"MG";262;"543";"LUZ";"Velocidade incompatível";"Saída de Pista";"Com Vítimas Feridas";"Pleno dia";"Crescente";"Sol";"Simples";"Reta";"Rural";2;0;1;0;1;0;1;1
83502958;"01/10/16";"Sábado";"16:50:00";"MG";40;"527";"CONTAGEM";"Outras";"Saída de Pista";"Com Vítimas Feridas";"Pleno dia";"Crescente";"Nublado";"Simples";"Curva";"Urbano";2;0;2;0;0;0;2;1
83502959;"01/10/16";"Sábado";"10:05:00";"BA";101;"212";"GOVERNADOR MANGABEIRA";"Outras";"Capotamento";"Com Vítimas Feridas";"Pleno dia";"Decrescente";"Nublado";"Simples";"Reta";"Urbano";2;0;2;0;0;0;2;1
83502960;"01/10/16";"Sábado";"18:30:00";"MG";40;"528";"CONTAGEM";"Falta de atenção";"Colisão traseira";"Com Vítimas Feridas";"Plena noite";"Crescente";"Nublado";"Simples";"Reta";"Urbano";2;0;1;1;0;0;2;2
83502962;"01/10/16";"Sábado";"18:50:00";"PA";316;"89";"SAO FRANCISCO DO PARA";"Falta de atenção";"Colisão traseira";"Com Vítimas Feridas";"Plena noite";"Crescente";"Ceu Claro";"Simples";"Reta";"Rural";3;0;2;0;0;1;2;2