"id";"data_inversa";"dia_semana";"horario";"uf";"br";"km";"municipio";"causa_acidente";"tipo_acidente";"classificacao_acidente";"fase_dia";"sentido_via";"condicao_metereologica";"tipo_pista";"tracado_via";"uso_solo";"pessoas";"mortos";"feridos_leves";"feridos_graves";"ilesos";"ignorados";"feridos";"veiculos"
83503483;"02/10/16";"Domingo";"21:10:00";"PR";373;"173,9";"PONTA GROSSA";"Ingestão de álcool";"Colisão lateral";"Com Vítimas Feridas";"Plena noite";"Decrescente";"Nublado";"Dupla";"Curva";"Urbano";2;0;1;0;1;0;1;2
83503484;"02/10/16";"Domingo";"17:30:00";"SC";101;"184";"BIGUACU";"Outras";"Colisão traseira";"Com Vítimas Feridas";"Anoitecer";"Decrescente";"Nublado";"Dupla";"Reta";"Urbano";3;0;1;0;2;0;1;2
83503485;"24/09/16";"Sábado";"18:40:00";"BA";415;"57,9";"ITABUNA";"Falta de atenção";"Colisão lateral";"Com Vítimas Feridas";"Plena noite";"Decrescente";"Nublado";"Simples";"Curva";"Rural";2;0;1;1;0;0;2;2
83503486;"03/10/16";"Segunda";"02:20:00";"GO";364;"292";"MINEIROS";"Falta de atenção";"Colisão lateral";"Com Vítimas Feridas";"Plena noite";"Crescente";"Ceu Claro";"Simples";"Curva";"Rural";2;0;1;0;1;0;1;2
83503487;"02/10/16";"Domingo";"19:10:00";"AL";316;"267";"SATUBA";"Falta de atenção";"Queda de motocicleta / bicicleta / veículo";"Com Vítimas Feridas";"Plena noite";"Crescente";"Ceu Claro";"Simples";"Reta";"Urbano";3;0;0;2;0;1;2;2
83503488;"02/10/16";"Domingo";"15:40:00";"SP";116;"269";"TABOAO DA SERRA";"Não guardar distância de segurança";"Colisão lateral";"Com Vítimas Feridas";"Pleno dia";"Decrescente";"Nublado";"Múltipla";"Reta";"Urbano";3;0;1;1;1;0;2;2
83503490;"02/10/16";"Domingo";"18:30:00";"MG";116;"224,6";"CATUJI";"Ingestão de álcool";"Colisão traseira";"Com Vítimas Fatais";"Anoitecer";"Decrescente";"Chuva";"Simples";"Reta";"Rural";2;1;0;0;1;0;0;2
83503491;"03/10/16";"Segunda";"04:35:00";"AL";101;"133";"SAO MIGUEL DOS CAMPOS";"Outras";"Atropelamento de animal";"Sem Vítimas";"Amanhecer";"Decrescente";"Nublado";"Simples";"Reta";"Urbano";1;0;0;0;1;0;0;1
83503492;"02/10/16";"Domingo";"11:00:00";"MG";381;"330";"NOVA ERA";"Velocidade incompatível";"Capotamento";"Sem Vítimas";"Pleno dia";"Crescente";"Chuva";"Dupla";"Curva";"Rural";1;0;0;0;1;0;0;1
83503493;"02/10/16";"Domingo";"18:00:00";"BA";101;"928";"NOVA VICOSA";"Outras";"Saída de Pista";"Com Vítimas Feridas";"Plena noite";"Decrescente";"Chuva";"Simples";"Reta";"Rural";2;0;2;0;0;0;2;1
83503494;"03/10/16";"Segunda";"05:00:00";"PB";230;"70,4";"SOBRADO";"Outras";"Queda de motocicleta / bicicleta / veículo";"Com Vítimas Feridas";"Amanhecer";"Crescente";"Nublado";"Dupla";"Reta";"Rural";1;0;1;0;0;0;1;1
83503495;"02/10/16";"Domingo";"20:45:00";"MA";135;"69,2";"SANTA RITA";"Ingestão de álcool";"Atropelamento de pessoa";"Com Vítimas Fatais";"Plena noite";"Decrescente";"Ceu Claro";"Simples";"Reta";"Rural";2;1;0;0;1;0;0;1
83503496;"02/10/16";"Domingo";"12:50:00";"RS";448;"22";"PORTO ALEGRE";"Dormindo";"Queda de motocicleta / bicicleta / veículo";"Com Vítimas Fatais";"Pleno dia";"Decrescente";"Sol";"Dupla";"Curva";"Rural";1;1;0;0;0;0;0;1
83503497;"29/09/16";"Quinta";"18:05:00";"CE";20;"410";"CAUCAIA";"Outras";"Saída de Pista";"Sem Vítimas";"Plena noite";"Crescente";"Ceu Claro";"Dupla";"Reta";"Urbano";1;0;0;0;1;0;0;1
83503498;"03/10/16";"Segunda";"01:30:00";"PR";376;"256";"CALIFORNIA";"Outras";"Capotamento";"Ignorado";"Plena noite";"Crescente";"Ceu Claro";"Simples";"Reta";"Rural";1;0;0;0;0;1;0;1
83503499;"02/10/16";"Domingo";"17:30:00";"SP";116;"334";"JUQUITIBA";"Defeito mecânico em veículo";"Colisão lateral";"Com Vítimas Feridas";"Pleno dia";"Decrescente";"Chuva";"Dupla";"Curva";"Rural";2;0;1;0;1;0;1;2
83503500;"03/10/16";"Segunda";"02:50:00";"BA";407;"171";"FILADELFIA";"Animais na Pista";"Atropelamento de animal";"Com Vítimas Feridas";"Amanhecer";"Decrescente";"Ceu Claro";"Simples";"Reta";"Rural";1;0;0;1;0;0;1;1
83503501;"02/10/16";"Domingo";"21:40:00";"PB";230;"157,7";"CAMPINA GRANDE";"Não guardar distância de segurança";"Colisão traseira";"Com Vítimas Feridas";"Plena noite";"Decrescente";"Nublado";"Simples";"Reta";"Urbano";3;0;1;1;1;0;2;2
83503502;"21/09/16";"Quarta";"23:00:00";"RJ";101;"313";"SAO GONCALO";"Outras";"Atropelamento de pessoa";"Com Vítimas Fatais";"Plena noite";"Decrescente";"Chuva";"Dupla";"Reta";"Urbano";3;1;0;0;1;1;0;2
83503503;"28/09/16";"Quarta";"20:10:00";"RJ";101;"89";"CAMPOS DOS GOYTACAZES";"Ingestão de álcool";"Tombamento";"Com Vítimas Feridas";"Plena noite";"Decrescente";"Chuva";"Dupla";"Reta";"Rural";3;0;3;0;0;0;3;1
83503504;"29/09/16";"Quinta";"20:10:00";"RS";392;"300,4";"SAO SEPE";"Outras";"Colisão lateral";"Com Vítimas Feridas";"Plena noite";"Decrescente";"Ceu Claro";"Simples";"Reta";"Rural";2;0;1;0;1;0;1;2
83503505;"30/09/16";"Sexta";"03:00:00";"RS";290;"107";"ELDORADO DO SUL";"Ingestão de álcool";"Saída de Pista";"Com Vítimas Feridas";"Plena noite";"Crescente";"Ceu Claro";"Dupla";"Reta";"Urbano";3;0;1;0;2;0;1;1
83503506;"02/10/16";"Domingo";"17:45:00";"PR";158;"210,7";"CAMPO MOURAO";"Falta de atenção";"Capotamento";"Com Vítimas Feridas";"Pleno dia";"Crescente";"Ceu Claro";"Simples";"Curva";"Rural";2;0;1;0;1;0;1;1
83503507;"03/10/16";"Segunda";"06:50:00";"SC";101;"25";"JOINVILLE";"Velocidade incompatível";"Saída de Pista";"Sem Vítimas";"Amanhecer";"Crescente";"Chuva";"Dupla";"Reta";"Urbano";1;0;0;0;1;0;0;1
83503508;"25/09/16";"Domingo";"07:00:00";"RJ";101;"316";"SAO GONCALO";"Falta de atenção";"Capotamento";"Sem Vítimas";"Pleno dia";"Crescente";"Chuva";"Dupla";"Reta";"Urbano";1;0;0;0;1;0;0;1
83503509;"03/10/16";"Segunda";"06:40:00";"PE";423;"94";"GARANHUNS";"Outras";"Colisão com objeto fixo";"Com Vítimas Feridas";"Pleno dia";"Crescente";"Chuva";"Simples";"Curva";"Urbano";1;0;1;0;0;0;1;1
83503510;"02/10/16";"Domingo";"16:30:00";"MT";70;"684";"CACERES";"Outras";"Saída de Pista";"Com Vítimas Feridas";"Pleno dia";"Decrescente";"Chuva";"Simples";"Curva";"Rural";3;0;3;0;0;0;3;1
83503511;"02/10/16";"Domingo";"11:35:00";"PE";101;"11";"GOIANA";"Defeito mecânico em veículo";"Capotamento";"Sem Vítimas";"Pleno dia";"Decrescente";"Sol";"Dupla";"Reta";"Rural";1;0;0;0;1;0;0;1
83503512;"29/09/16";"Quinta";"10:00:00";"RJ";101;"231,5";"SILVA JARDIM";"Não guardar distância de segurança";"Colisão traseira";"Sem Vítimas";"Pleno dia";"Crescente";"Nublado";"Dupla";"Reta";"Urbano";2;0;0;0;2;0;0;2
83503513;"09/08/16";"Terça";"06:30:00";"PA";230;"580";"VITORIA DO XINGU";"Velocidade incompatível";"Colisão lateral";"Com Vítimas Feridas";"Amanhecer";"Decrescente";"Ceu Claro";"Simples";"Curva";"Rural";2;0;1;0;1;0;1;2
83503514;"30/09/16";"Sexta";"02:40:00";"RN";406;"119";"POCO BRANCO";"Outras";"Colisão frontal";"Com Vítimas Fatais";"Plena noite";"Crescente";"Ceu Claro";"Simples";"Reta";"Rural";3;1;1;0;1;0;1;2
83503516;"29/09/16";"Quinta";"23:00:00";"MG";267;"166,5";"LIMA DUARTE";"Velocidade incompatível";"Tombamento";"Com Vítimas Feridas";"Plena noite";"Crescente";"Nublado";"Simples";"Curva";"Rural";1;0;0;1;0;0;1;1
83503517;"03/10/16";"Segunda";"08:00:00";"RS";290;"103,3";"PORTO ALEGRE";"Falta de atenção";"Colisão lateral";"Com Vítimas Feridas";"Pleno dia";"Decrescente";"Ceu Claro";"Dupla";"Reta";"Urbano";3;0;2;0;1;0;2;2
83503518;"30/09/16";"Sexta";"23:30:00";"PR";116;"114,8";"CURITIBA";"Não guardar distância de segurança";"Queda de motocicleta / bicicleta / veículo";"Com Vítimas Feridas";"Plena noite";"Decrescente";"Nublado";"Dupla";"Cruzamento";"Urbano";1;0;0;1;0;0;1;1
83503519;"21/09/16";"Quarta";"00:20:00";"RS";392;"5,1";"RIO GRANDE";"Falta de atenção";"Colisão lateral";"Com Vítimas Feridas";"Plena noite";"Crescente";"Ceu Claro";"Simples";"Reta";"Rural";4;0;1;0;3;0;1;2
83503529;"03/10/16";"Segunda";"07:40:00";"SC";101;"189,5";"BIGUACU";"Outras";"Saída de Pista";"Sem Vítimas";"Pleno dia";"Crescente";"Chuva";"Dupla";"Curva";"Urbano";1;0;0;0;1;0;0;1
83503530;"03/10/16";"Segunda";"07:10:00";"SC";101;"213";"PALHOCA";"Não guardar distância de segurança";"Colisão traseira";"Com Vítimas Feridas";"Pleno dia";"Decrescente";"Nublado";"Múltipla";"Reta";"Urbano";2;0;1;0;1;0;1;2
83503531;"02/10/16";"Domingo";"15:40:00";"RJ";465;"18";"SEROPEDICA";"Não guardar distância de segurança";"Colisão lateral";"Com Vítimas Feridas";"Pleno dia";"Decrescente";"Chuva";"Simples";"Reta";"Urbano";4;0;1;1;0;2;2;2
83503532;"29/05/16";"Domingo";"22:30:00";"PA";10;"328";"SANTA MARIA DO PARA";"Falta de atenção";"Atropelamento de pessoa";"Com Vítimas Fatais";"Plena noite";"Crescente";"Ceu Claro";"Simples";"Reta";"Rural";2;1;0;0;1;0;0;1
83503533;"02/10/16";"Domingo";"23:00:00";"RJ";40;"118";"DUQUE DE CAXIAS";"Outras";"Colisão com objeto fixo";"Com Vítimas Feridas";"Plena noite";"Crescente";"Ceu Claro";"Múltipla";"Curva";"Urbano";1;0;1;0;0;0;1;1
83503534;"30/09/16";"Sexta";"18:05:00";"RJ";116;"184";"NOVA IGUACU";"Desobediência à sinalização";"Atropelamento de pessoa";"Com Vítimas Fatais";"Plena noite";"Decrescente";"Nublado";"Dupla";"Reta";"Urbano";2;1;0;0;1;0;0;1
83503535;"30/09/16";"Sexta";"20:00:00";"PA";230;"630";"ALTAMIRA";"Ingestão de álcool";"Colisão frontal";"Com Vítimas Feridas";"Plena noite";"Crescente";"Chuva";"Simples";"Reta";"Urbano";2;0;1;0;1;0;1;2
83503536;"01/10/16";"Sábado";"18:55:00";"PR";369;"104";"URAI";"Defeito mecânico em veículo";"Queda de motocicleta / bicicleta / veículo";"Com Vítimas Feridas";"Plena noite";"Decrescente";"Ceu Claro";"Simples";"Reta";"Rural";2;0;1;0;1;0;1;1
83503537;"26/09/16";"Segunda";"04:10:00";"SP";116;"183";"SANTA ISABEL";"Ultrapassagem indevida";"Capotamento";"Sem Vítimas";"Plena noite";"Decrescente";"Ceu Claro";"Dupla";"Reta";"Rural";1;0;0;0;1;0;0;1
83503538;"03/10/16";"Segunda";"07:50:00";"BA";101;"259";"SANTO ANTONIO DE JESUS";"Outras";"Colisão traseira";"Com Vítimas Feridas";"Pleno dia";"Decrescente";"Chuva";"Simples";"Reta";"Urbano";2;0;1;0;1;0;1;2
83503539;"03/10/16";"Segunda";"07:15:00";"SC";101;"44,5";"JOINVILLE";"Falta de atenção";"Colisão Transversal";"Com Vítimas Feridas";"Pleno dia";"Decrescente";"Chuva";"Dupla";"Reta";"Rural";2;0;1;0;1;0;1;2
83503540;"03/10/16";"Segunda";"08:50:00";"SC";101;"264";"GAROPABA";"Velocidade incompatível";"Saída de Pista";"Sem Vítimas";"Pleno dia";"Decrescente";"Chuva";"Dupla";"Cruzamento";"Urbano";1;0;0;0;1;0;0;1
83503541;"30/09/16";"Sexta";"06:25:00";"SP";116;"156";"SAO JOSE DOS CAMPOS";"Falta de atenção";"Queda de motocicleta / bicicleta / veículo";"Com Vítimas Feridas";"Pleno dia";"Decrescente";"Sol";"Dupla";"Reta";"Urbano";1;0;1;0;0;0;1;1
83503543;"01/10/16";"Sábado";"21:00:00";"BA";242;"719";"CRISTOPOLIS";"Ingestão de álcool";"Colisão frontal";"Com Vítimas Fatais";"Plena noite";"Crescente";"Ceu Claro";"Simples";"Reta";"Rural";3;2;1;0;0;0;1;2
83503544;"03/10/16";"Segunda";"08:50:00";"PR";376;"657";"TIJUCAS DO SUL";"Outras";"Saída de Pista";"Com Vítimas Feridas";"Pleno dia";"Decrescente";"Chuva";"Dupla";"Curva";"Rural";2;0;2;0;0;0;2;1
83503545;"16/09/16";"Sexta";"13:00:00";"PE";110;"224";"PETROLANDIA";"Desobediência à sinalização";"Colisão frontal";"Com Vítimas Fatais";"Pleno dia";"Decrescente";"Ceu Claro";"Simples";"Reta";"Rural";5;3;1;1;0;0;2;2
83503546;"29/09/16";"Quinta";"21:50:00";"MG";267;"11,5";"LEOPOLDINA";"Outras";"Capotamento";"Com Vítimas Feridas";"Plena noite";"Decrescente";"Nublado";"Simples";"Curva";"Rural";2;0;1;0;1;0;1;1
83503547;"26/09/16";"Segunda";"06:40:00";"MG";40;"739,5";"SANTOS DUMONT";"Velocidade incompatível";"Colisão frontal";"Sem Vítimas";"Pleno dia";"Decrescente";"Chuva";"Simples";"Curva";"Rural";2;0;0;0;2;0;0;2
83503548;"03/10/16";"Segunda";"08:50:00";"SP";116;"560,5";"BARRA DO TURVO";"Velocidade incompatível";"Colisão com objeto fixo";"Sem Vítimas";"Pleno dia";"Crescente";"Chuva";"Dupla";"Curva";"Rural";1;0;0;0;1;0;0;1
83503549;"17/07/16";"Domingo";"18:30:00";"PE";428;"88,8";"SANTA MARIA DA BOA VISTA";"Outras";"Colisão frontal";"Com Vítimas Fatais";"Anoitecer";"Crescente";"Ceu Claro";"Simples";"Curva";"Rural";4;2;2;0;0;0;2;2
83503550;"03/10/16";"Segunda";"07:20:00";"MS";163;"601";"SAO GABRIEL DO OESTE";"Dormindo";"Saída de Pista";"Sem Vítimas";"Pleno dia";"Crescente";"Ceu Claro";"Simples";"Reta";"Rural";1;0;0;0;1;0;0;1
83503551;"29/09/16";"Quinta";"18:15:00";"MG";381;"217";"BELO ORIENTE";"Animais na Pista";"Saída de Pista";"Sem Vítimas";"Anoitecer";"Decrescente";"Ceu Claro";"Simples";"Reta";"Rural";1;0;0;0;1;0;0;1
83503552;"03/10/16";"Segunda";"07:50:00";"PR";369;"435,2";"CAMPINA DA LAGOA";"Falta de atenção";"Colisão Transversal";"Com Vítimas Feridas";"Pleno dia";"Crescente";"Chuva";"Simples";"Reta";"Rural";2;0;0;1;1;0;1;2
83503554;"03/10/16";"Segunda";"07:00:00";"PR";116;"7";"CAMPINA GRANDE DO SUL";"Velocidade incompatível";"Saída de Pista";"Com Vítimas Feridas";"Amanhecer";"Crescente";"Chuva";"Dupla";"Curva";"Rural";2;0;1;0;1;0;1;1
83503555;"03/10/16";"Segunda";"08:15:00";"RS";116;"526";"PELOTAS";"Não guardar distância de segurança";"Colisão traseira";"Com Vítimas Feridas";"Pleno dia";"Crescente";"Nublado";"Simples";"Reta";"Urbano";3;0;2;0;1;0;2;2
83503556;"30/09/16";"Sexta";"01:06:00";"RJ";101;"314";"SAO GONCALO";"Outras";"Saída de Pista";"Com Vítimas Feridas";"Plena noite";"Decrescente";"Nublado";"Dupla";"Reta";"Urbano";1;0;1;0;0;0;1;1
83503557;"03/10/16";"Segunda";"09:10:00";"SC";101;"205";"SAO JOSE";"Animais na Pista";"Atropelamento de pessoa";"Com Vítimas Feridas";"Pleno dia";"Decrescente";"Chuva";"Dupla";"Reta";"Urbano";3;0;0;2;1;0;2;1
83503558;"30/09/16";"Sexta";"01:00:00";"RJ";116;"181";"NOVA IGUACU";"Outras";"Colisão lateral";"Com Vítimas Feridas";"Plena noite";"Decrescente";"Nublado";"Dupla";"Reta";"Urbano";2;0;1;0;1;0;1;2
83503559;"03/10/16";"Segunda";"08:25:00";"SC";101;"200,2";"SAO JOSE";"Falta de atenção";"Colisão Transversal";"Com Vítimas Feridas";"Pleno dia";"Crescente";"Chuva";"Múltipla";"Cruzamento";"Urbano";2;0;1;0;1;0;1;2
83503560;"02/10/16";"Domingo";"20:50:00";"MT";163;"955";"NOVA SANTA HELENA";"Falta de atenção";"Saída de Pista";"Sem Vítimas";"Plena noite";"Decrescente";"Ceu Claro";"Simples";"Reta";"Urbano";1;0;0;0;1;0;0;1
83503561;"03/10/16";"Segunda";"06:20:00";"MG";381;"511";"IGARAPE";"Não guardar distância de segurança";"Colisão traseira";"Com Vítimas Feridas";"Amanhecer";"Crescente";"Nublado";"Múltipla";"Reta";"Urbano";2;0;1;0;1;0;1;2
83503563;"06/03/16";"Domingo";"00:30:00";"SC";280;"28,8";"ARAQUARI";"Outras";"Atropelamento de pessoa";"Com Vítimas Fatais";"Plena noite";"Decrescente";"Chuva";"Simples";"Reta";"Urbano";3;1;0;0;2;0;0;2
83503564;"02/10/16";"Domingo";"23:00:00";"PA";10;"215";"IPIXUNA DO PARA";"Animais na Pista";"Atropelamento de animal";"Sem Vítimas";"Plena noite";"Decrescente";"Nublado";"Simples";"Reta";"Urbano";4;0;0;0;4;0;0;1
83503565;"30/09/16";"Sexta";"07:30:00";"RJ";101;"102,1";"CAMPOS DOS GOYTACAZES";"Outras";"Saída de Pista";"Sem Vítimas";"Pleno dia";"Decrescente";"Nublado";"Dupla";"Reta";"Rural";1;0;0;0;1;0;0;1
83503566;"02/10/16";"Domingo";"16:30:00";"MT";163;"846";"SINOP";"Outras";"Colisão frontal";"Com Vítimas Feridas";"Pleno dia";"Decrescente";"Ceu Claro";"Simples";"Reta";"Rural";9;0;0;7;2;0;7;4
83503568;"01/10/16";"Sábado";"20:35:00";"AC";364;"99";"RIO BRANCO";"Velocidade incompatível";"Saída de Pista";"Ignorado";"Plena noite";"Decrescente";"Nublado";"Dupla";"Reta";"Rural";1;0;0;0;0;1;0;1
83503571;"03/10/16";"Segunda";"07:45:00";"PR";373;"172";"PONTA GROSSA";"Velocidade incompatível";"Saída de Pista";"Sem Vítimas";"Pleno dia";"Decrescente";"Nublado";"Dupla";"Cruzamento";"Urbano";1;0;0;0;1;0;0;1
83503572;"03/10/16";"Segunda";"07:40:00";"PR";116;"0,7";"CAMPINA GRANDE DO SUL";"Velocidade incompatível";"Saída de Pista";"Com Vítimas Feridas";"Amanhecer";"Crescente";"Chuva";"Dupla";"Curva";"Rural";1;0;1;0;0;0;1;1
83503573;"03/10/16";"Segunda";"09:20:00";"PR";376;"262";"CALIFORNIA";"Falta de atenção";"Saída de Pista";"Sem Vítimas";"Pleno dia";"Decrescente";"Chuva";"Simples";"Curva";"Rural";1;0;0;0;1;0;0;1
83503574;"30/09/16";"Sexta";"15:50:00";"MG";381;"832,8";"SAO SEBASTIAO DA BELA VISTA";"Dormindo";"Saída de Pista";"Sem Vítimas";"Pleno dia";"Decrescente";"Sol";"Dupla";"Reta";"Rural";1;0;0;0;1;0;0;1
83503575;"03/10/16";"Segunda";"08:40:00";"RS";287;"353";"SANTIAGO";"Outras";"Capotamento";"Sem Vítimas";"Pleno dia";"Crescente";"Ceu Claro";"Simples";"Curva";"Rural";1;0;0;0;1;0;0;1
83503576;"10/08/16";"Quarta";"13:15:00";"SC";282;"478,5";"FAXINAL DOS GUEDES";"Falta de atenção";"Colisão frontal";"Com Vítimas Feridas";"Pleno dia";"Crescente";"Ceu Claro";"Simples";"Reta";"Rural";7;0;1;3;3;0;4;5
83503577;"16/07/16";"Sábado";"17:40:00";"RO";364;"696";"PORTO VELHO";"Ingestão de álcool";"Colisão traseira";"Com Vítimas Feridas";"Pleno dia";"Decrescente";"Ceu Claro";"Dupla";"Reta";"Rural";2;0;0;1;1;0;1;2
83503578;"30/09/16";"Sexta";"19:20:00";"AP";210;"96";"PORTO GRANDE";"Falta de atenção";"Colisão lateral";"Com Vítimas Feridas";"Plena noite";"Crescente";"Ceu Claro";"Simples";"Reta";"Rural";5;0;1;0;4;0;1;2
83503579;"09/09/16";"Sexta";"21:00:00";"MT";364;"18";"ALTO ARAGUAIA";"Ultrapassagem indevida";"Colisão Transversal";"Com Vítimas Fatais";"Plena noite";"Decrescente";"Ceu Claro";"Simples";"Curva";"Rural";3;1;2;0;0;0;2;3
83503580;"03/10/16";"Segunda";"09:30:00";"SC";101;"137";"BALNEARIO CAMBORIU";"Falta de atenção";"Colisão traseira";"Sem Vítimas";"Pleno dia";"Crescente";"Chuva";"Dupla";"Reta";"Urbano";3;0;0;0;3;0;0;3
83503581;"03/10/16";"Segunda";"08:30:00";"SC";101;"121,4";"ITAJAI";"Velocidade incompatível";"Colisão traseira";"Com Vítimas Feridas";"Pleno dia";"Decrescente";"Chuva";"Dupla";"Reta";"Urbano";7;0;2;0;5;0;2;7
83503582;"03/10/16";"Segunda";"07:55:00";"PR";116;"14";"CAMPINA GRANDE DO SUL";"Velocidade incompatível";"Saída de Pista";"Com Vítimas Feridas";"Amanhecer";"Crescente";"Chuva";"Dupla";"Curva";"Rural";1;0;1;0;0;0;1;1
83503583;"03/10/16";"Segunda";"10:30:00";"RS";116;"264";"CANOAS";"Outras";"Colisão traseira";"Sem Vítimas";"Pleno dia";"Crescente";"Sol";"Múltipla";"Reta";"Urbano";2;0;0;0;2;0;0;2
83503584;"01/10/16";"Sábado";"10:40:00";"RJ";116;"117";"MAGE";"Velocidade incompatível";"Colisão traseira";"Com Vítimas Feridas";"Pleno dia";"Decrescente";"Nublado";"Dupla";"Reta";"Rural";3;0;1;0;2;0;1;2
83503585;"01/09/16";"Quinta";"09:00:00";"MG";381;"337,5";"NOVA ERA";"Velocidade incompatível";"Colisão frontal";"Com Vítimas Feridas";"Pleno dia";"Crescente";"Chuva";"Simples";"Reta";"Rural";7;0;7;0;0;0;7;2
83503586;"03/10/16";"Segunda";"11:40:00";"RJ";40;"120";"DUQUE DE CAXIAS";"Defeito mecânico em veículo";"Colisão Transversal";"Sem Vítimas";"Pleno dia";"Decrescente";"Ceu Claro";"Múltipla";"Reta";"Urbano";2;0;0;0;2;0;0;2
83503587;"03/10/16";"Segunda";"07:15:00";"RS";290;"335,2";"SAO SEPE";"Dormindo";"Tombamento";"Com Vítimas Feridas";"Amanhecer";"Decrescente";"Ceu Claro";"Simples";"Curva";"Rural";1;0;1;0;0;0;1;1
83503588;"01/10/16";"Sábado";"15:30:00";"AL";101;"34";"JOAQUIM GOMES";"Velocidade incompatível";"Tombamento";"Com Vítimas Feridas";"Pleno dia";"Crescente";"Sol";"Dupla";"Reta";"Rural";1;0;0;1;0;0;1;1
83503589;"03/10/16";"Segunda";"07:00:00";"SP";116;"561";"BARRA DO TURVO";"Velocidade incompatível";"Colisão com objeto fixo";"Com Vítimas Feridas";"Amanhecer";"Crescente";"Chuva";"Dupla";"Curva";"Rural";2;0;0;1;1;0;1;1
83503590;"29/09/16";"Quinta";"22:00:00";"MG";135;"587,4";"CORINTO";"Outras";"Colisão lateral";"Com Vítimas Fatais";"Plena noite";"Decrescente";"Ceu Claro";"Simples";"Reta";"Rural";3;1;0;0;2;0;0;3
83503591;"02/10/16";"Domingo";"04:30:00";"PB";230;"8";"CABEDELO";"Ingestão de álcool";"Colisão traseira";"Com Vítimas Feridas";"Plena noite";"Crescente";"Ceu Claro";"Dupla";"Reta";"Urbano";3;0;0;2;0;1;2;2
83503592;"03/10/16";"Segunda";"09:30:00";"ES";101;"147,9";"LINHARES";"Falta de atenção";"Colisão traseira";"Com Vítimas Feridas";"Pleno dia";"Decrescente";"Nublado";"Múltipla";"Reta";"Urbano";2;0;1;0;1;0;1;2
83503593;"29/09/16";"Quinta";"11:30:00";"MG";116;"208,6";"CATUJI";"Falta de atenção";"Colisão lateral";"Com Vítimas Feridas";"Pleno dia";"Crescente";"Ceu Claro";"Simples";"Reta";"Urbano";4;0;2;0;2;0;2;2
83503594;"30/09/16";"Sexta";"05:20:00";"TO";153;"390";"RIO DOS BOIS";"Dormindo";"Saída de Pista";"Com Vítimas Feridas";"Amanhecer";"Crescente";"Ceu Claro";"Simples";"Reta";"Rural";2;0;1;0;1;0;1;1
83503595;"01/10/16";"Sábado";"04:43:00";"PR";116;"102";"SAO JOSE DOS PINHAIS";"Falta de atenção";"Colisão traseira";"Com Vítimas Feridas";"Plena noite";"Crescente";"Nublado";"Dupla";"Reta";"Rural";2;0;0;1;1;0;1;2
83503596;"03/10/16";"Segunda";"12:40:00";"SC";101;"191";"BIGUACU";"Velocidade incompatível";"Colisão lateral";"Com Vítimas Feridas";"Pleno dia";"Decrescente";"Chuva";"Dupla";"Curva";"Urbano";3;0;1;0;2;0;1;2
83503597;"29/09/16";"Quinta";"11:08:00";"RJ";101;"208";"CASIMIRO DE ABREU";"Outras";"Colisão frontal";"Com Vítimas Feridas";"Pleno dia";"Decrescente";"Nublado";"Simples";"Reta";"Rural";3;0;1;2;0;0;3;2
83503598;"30/09/16";"Sexta";"07:00:00";"RJ";116;"166";"RIO DE JANEIRO";"Outras";"Colisão lateral";"Com Vítimas Feridas";"Amanhecer";"Decrescente";"Nublado";"Dupla";"Reta";"Urbano";4;0;2;0;2;0;2;3
83503775;"03/10/16";"Segunda";"10:20:00";"SC";116;"244,5";"LAGES";"Dormindo";"Saída de Pista";"Sem Vítimas";"Pleno dia";"Decrescente";"Nublado";"Simples";"Reta";"Rural";2;0;0;0;2;0;0;1
83503776;"03/10/16";"Segunda";"08:45:00";"SP";116;"439,8";"REGISTRO";"Velocidade incompatível";"Tombamento";"Com Vítimas Feridas";"Pleno dia";"Crescente";"Nublado";"Dupla";"Curva";"Urbano";2;0;1;0;1;0;1;1
83503777;"03/10/16";"Segunda";"12:50:00";"RJ";40;"31";"AREAL";"Velocidade incompatível";"Tombamento";"Sem Vítimas";"Pleno dia";"Decrescente";"Nublado";"Dupla";"Curva";"Rural";2;0;0;0;2;0;0;1
83503780;"03/10/16";"Segunda";"13:30:00";"SC";101;"191";"BIGUACU";"Velocidade incompatível";"Saída de Pista";"Sem Vítimas";"Pleno dia";"Decrescente";"Chuva";"Dupla";"Curva";"Urbano";1;0;0;0;1;0;0;1
83503782;"01/10/16";"Sábado";"07:40:00";"TO";153;"423";"MIRANORTE";"Velocidade incompatível";"Saída de Pista";"Com Vítimas Feridas";"Pleno dia";"Crescente";"Sol";"Dupla";"Curva";"Urbano";1;0;1;0;0;0;1;1
83503783;"17/08/16";"Quarta";"14:15:00";"TO";153;"657,7";"GURUPI";"Desobediência à sinalização";"Colisão frontal";"Com Vítimas Fatais";"Pleno dia";"Crescente";"Ceu Claro";"Simples";"Reta";"Rural";3;2;0;1;0;0;1;2
83503784;"03/10/16";"Segunda";"13:50:00";"MS";60;"568,1";"NIOAQUE";"Falta de atenção";"Saída de Pista";"Sem Vítimas";"Pleno dia";"Crescente";"Nublado";"Simples";"Reta";"Rural";1;0;0;0;1;0;0;1