"id";"data_inversa";"dia_semana";"horario";"uf";"br";"km";"municipio";"causa_acidente";"tipo_acidente";"classificacao_acidente";"fase_dia";"sentido_via";"condicao_metereologica";"tipo_pista";"tracado_via";"uso_solo";"pessoas";"mortos";"feridos_leves";"feridos_graves";"ilesos";"ignorados";"feridos";"veiculos"
83503785;"03/10/16";"Segunda";"09:23:00";"RO";364;"710";"PORTO VELHO";"Não guardar distância de segurança";"Colisão traseira";"Sem Vítimas";"Pleno dia";"Crescente";"Ceu Claro";"Simples";"Reta";"Urbano";2;0;0;0;2;0;0;2
83503786;"03/10/16";"Segunda";"10:55:00";"PE";407;"122";"PETROLINA";"Falta de atenção";"Atropelamento de pessoa";"Com Vítimas Fatais";"Pleno dia";"Crescente";"Ceu Claro";"Simples";"Reta";"Rural";2;1;0;0;0;1;0;1
83503787;"03/10/16";"Segunda";"13:25:00";"PE";101;"47";"IGARASSU";"Não guardar distância de segurança";"Colisão traseira";"Sem Vítimas";"Pleno dia";"Decrescente";"Ceu Claro";"Dupla";"Reta";"Urbano";3;0;0;0;3;0;0;3
83503788;"03/10/16";"Segunda";"13:45:00";"SC";101;"203,2";"SAO JOSE";"Falta de atenção";"Colisão traseira";"Com Vítimas Feridas";"Pleno dia";"Crescente";"Chuva";"Dupla";"Reta";"Urbano";2;0;0;1;1;0;1;2
83503789;"29/09/16";"Quinta";"12:00:00";"PR";369;"186";"ARAPONGAS";"Outras";"Danos Eventuais";"Sem Vítimas";"Pleno dia";"Crescente";"Sol";"Simples";"Reta";"Urbano";2;0;0;0;2;0;0;2
83503790;"25/09/16";"Domingo";"16:00:00";"PE";101;"82,4";"JABOATAO DOS GUARARAPES";"Outras";"Saída de Pista";"Sem Vítimas";"Anoitecer";"Decrescente";"Ceu Claro";"Dupla";"Reta";"Urbano";2;0;0;0;1;1;0;2
83503791;"03/10/16";"Segunda";"10:30:00";"SC";101;"209";"SAO JOSE";"Falta de atenção";"Tombamento";"Com Vítimas Feridas";"Pleno dia";"Decrescente";"Chuva";"Dupla";"Reta";"Urbano";1;0;0;1;0;0;1;1
83503792;"26/09/16";"Segunda";"06:05:00";"PB";104;"134";"QUEIMADAS";"Não guardar distância de segurança";"Colisão traseira";"Sem Vítimas";"Pleno dia";"Crescente";"Ceu Claro";"Simples";"Reta";"Rural";3;0;0;0;2;1;0;3
83503793;"29/09/16";"Quinta";"07:30:00";"RO";364;"693";"CANDEIAS DO JAMARI";"Defeito na via";"Colisão com objeto fixo";"Com Vítimas Feridas";"Pleno dia";"Crescente";"Sol";"Dupla";"Reta";"Urbano";1;0;0;1;0;0;1;1
83503794;"03/10/16";"Segunda";"10:00:00";"SP";381;"61";"MAIRIPORA";"Outras";"Saída de Pista";"Sem Vítimas";"Pleno dia";"Decrescente";"Nublado";"Dupla";"Curva";"Rural";1;0;0;0;1;0;0;1
83503795;"03/10/16";"Segunda";"12:40:00";"SC";101;"203";"SAO JOSE";"Outras";"Saída de Pista";"Sem Vítimas";"Pleno dia";"Crescente";"Chuva";"Múltipla";"Reta";"Urbano";2;0;0;0;1;1;0;2
83503796;"03/10/16";"Segunda";"08:10:00";"MS";262;"465,6";"DOIS IRMAOS DO BURITI";"Animais na Pista";"Atropelamento de animal";"Sem Vítimas";"Pleno dia";"Crescente";"Nublado";"Simples";"Reta";"Rural";1;0;0;0;1;0;0;1
83503797;"03/10/16";"Segunda";"06:40:00";"TO";153;"731,6";"ALVORADA";"Falta de atenção";"Colisão traseira";"Sem Vítimas";"Pleno dia";"Decrescente";"Nublado";"Simples";"Reta";"Rural";2;0;0;0;2;0;0;2
83503798;"03/10/16";"Segunda";"11:00:00";"PE";232;"31";"MORENO";"Velocidade incompatível";"Saída de Pista";"Sem Vítimas";"Pleno dia";"Decrescente";"Sol";"Dupla";"Curva";"Rural";1;0;0;0;1;0;0;1
83503799;"01/08/16";"Segunda";"08:10:00";"ES";101;"265";"SERRA";"Outras";"Atropelamento de pessoa";"Com Vítimas Feridas";"Pleno dia";"Crescente";"Nublado";"Dupla";"Reta";"Urbano";2;0;0;1;1;0;1;1
83503800;"03/10/16";"Segunda";"13:10:00";"BA";324;"595";"CANDEIAS";"Velocidade incompatível";"Saída de Pista";"Sem Vítimas";"Pleno dia";"Decrescente";"Sol";"Dupla";"Reta";"Rural";1;0;0;0;1;0;0;1
83503802;"03/10/16";"Segunda";"10:40:00";"PE";232;"13";"JABOATAO DOS GUARARAPES";"Outras";"Atropelamento de pessoa";"Com Vítimas Fatais";"Pleno dia";"Crescente";"Ceu Claro";"Dupla";"Reta";"Urbano";2;1;0;0;0;1;0;1
83503803;"29/08/16";"Segunda";"04:40:00";"MS";163;"264,5";"DOURADOS";"Falta de atenção";"Queda de motocicleta / bicicleta / veículo";"Com Vítimas Feridas";"Plena noite";"Crescente";"Chuva";"Dupla";"Curva";"Urbano";2;0;2;0;0;0;2;1
83503805;"03/10/16";"Segunda";"12:30:00";"MS";163;"632,6";"SAO GABRIEL DO OESTE";"Falta de atenção";"Saída de Pista";"Com Vítimas Feridas";"Pleno dia";"Decrescente";"Nublado";"Dupla";"Reta";"Rural";2;0;2;0;0;0;2;1
83503806;"03/10/16";"Segunda";"15:05:00";"RJ";116;"80";"TERESOPOLIS";"Desobediência à sinalização";"Colisão lateral";"Com Vítimas Feridas";"Pleno dia";"Crescente";"Nublado";"Simples";"Curva";"Urbano";2;0;1;0;1;0;1;2
83503807;"03/10/16";"Segunda";"14:18:00";"BA";110;"371";"CATU";"Desobediência à sinalização";"Colisão Transversal";"Com Vítimas Feridas";"Pleno dia";"Crescente";"Ceu Claro";"Simples";"Reta";"Rural";2;0;1;0;1;0;1;2
83503808;"03/10/16";"Segunda";"15:30:00";"PA";155;"324";"MARABA";"Falta de atenção";"Saída de Pista";"Sem Vítimas";"Pleno dia";"Decrescente";"Sol";"Simples";"Curva";"Rural";3;0;0;0;3;0;0;1
83503809;"03/10/16";"Segunda";"14:40:00";"PE";232;"456,9";"SAO JOSE DO BELMONTE";"Ultrapassagem indevida";"Colisão lateral";"Sem Vítimas";"Pleno dia";"Crescente";"Sol";"Simples";"Curva";"Rural";3;0;0;0;3;0;0;3
83503810;"03/10/16";"Segunda";"09:00:00";"PR";476;"107,7";"COLOMBO";"Velocidade incompatível";"Tombamento";"Sem Vítimas";"Pleno dia";"Decrescente";"Chuva";"Simples";"Curva";"Rural";1;0;0;0;1;0;0;1
83503811;"03/10/16";"Segunda";"14:30:00";"RS";471;"690";"CHUI";"Falta de atenção";"Colisão traseira";"Sem Vítimas";"Pleno dia";"Decrescente";"Nublado";"Simples";"Reta";"Urbano";2;0;0;0;2;0;0;2
83503812;"03/10/16";"Segunda";"15:00:00";"SC";101;"175";"BIGUACU";"Falta de atenção";"Tombamento";"Com Vítimas Feridas";"Pleno dia";"Crescente";"Chuva";"Dupla";"Curva";"Rural";2;0;1;1;0;0;2;1
83503813;"03/10/16";"Segunda";"11:00:00";"CE";222;"2";"SOBRAL";"Falta de atenção";"Colisão traseira";"Com Vítimas Feridas";"Pleno dia";"Crescente";"Ceu Claro";"Dupla";"Reta";"Urbano";2;0;1;0;1;0;1;2
83503814;"02/10/16";"Domingo";"22:30:00";"GO";153;"328";"SAO LUIZ DO NORTE";"Falta de atenção";"Colisão Transversal";"Com Vítimas Feridas";"Plena noite";"Crescente";"Nublado";"Simples";"Reta";"Rural";6;0;5;0;1;0;5;2
83503815;"03/10/16";"Segunda";"11:30:00";"RS";290;"61";"GRAVATAI";"Defeito mecânico em veículo";"Colisão lateral";"Com Vítimas Feridas";"Pleno dia";"Crescente";"Ceu Claro";"Múltipla";"Reta";"Rural";2;0;1;0;1;0;1;2
83503816;"03/10/16";"Segunda";"15:00:00";"RJ";116;"215";"SEROPEDICA";"Outras";"Colisão com objeto fixo";"Sem Vítimas";"Pleno dia";"Decrescente";"Chuva";"Dupla";"Curva";"Urbano";1;0;0;0;1;0;0;1
83503817;"03/10/16";"Segunda";"12:50:00";"RS";153;"10";"SEVERIANO DE ALMEIDA";"Velocidade incompatível";"Tombamento";"Com Vítimas Feridas";"Pleno dia";"Decrescente";"Nublado";"Simples";"Curva";"Rural";1;0;1;0;0;0;1;1
83503818;"03/10/16";"Segunda";"15:45:00";"PR";369;"442,2";"UBIRATA";"Outras";"Capotamento";"Com Vítimas Feridas";"Pleno dia";"Decrescente";"Chuva";"Simples";"Curva";"Rural";4;0;4;0;0;0;4;1
83503819;"03/10/16";"Segunda";"14:50:00";"RJ";493;"20";"MAGE";"Falta de atenção";"Colisão Transversal";"Com Vítimas Feridas";"Pleno dia";"Decrescente";"Nublado";"Simples";"Reta";"Urbano";2;0;1;0;1;0;1;2
83503820;"29/09/16";"Quinta";"11:10:00";"MG";40;"398";"CURVELO";"Falta de atenção";"Saída de Pista";"Sem Vítimas";"Pleno dia";"Decrescente";"Ceu Claro";"Simples";"Reta";"Rural";1;0;0;0;1;0;0;1
83503821;"03/10/16";"Segunda";"12:30:00";"MG";381;"907,8";"CAMBUI";"Velocidade incompatível";"Colisão com objeto fixo";"Sem Vítimas";"Pleno dia";"Decrescente";"Chuva";"Dupla";"Curva";"Rural";1;0;0;0;1;0;0;1
83503822;"03/10/16";"Segunda";"12:45:00";"PR";369;"185,2";"ARAPONGAS";"Desobediência à sinalização";"Colisão Transversal";"Sem Vítimas";"Pleno dia";"Decrescente";"Nublado";"Simples";"Reta";"Urbano";4;0;0;0;2;2;0;4
83503823;"03/10/16";"Segunda";"12:30:00";"MG";381;"907";"CAMBUI";"Velocidade incompatível";"Colisão com objeto fixo";"Sem Vítimas";"Pleno dia";"Crescente";"Chuva";"Dupla";"Curva";"Rural";1;0;0;0;1;0;0;1
83503824;"29/06/16";"Quarta";"20:30:00";"PI";135;"65";"JERUMENHA";"Outras";"Colisão Transversal";"Com Vítimas Fatais";"Plena noite";"Crescente";"Ceu Claro";"Simples";"Reta";"Rural";4;1;1;2;0;0;3;2
83503825;"03/10/16";"Segunda";"16:20:00";"PR";277;"595";"CASCAVEL";"Desobediência à sinalização";"Colisão frontal";"Com Vítimas Feridas";"Pleno dia";"Crescente";"Nublado";"Dupla";"Reta";"Urbano";3;0;1;0;2;0;1;2
83503826;"03/10/16";"Segunda";"11:40:00";"MG";381;"925,5";"ITAPEVA";"Outras";"Capotamento";"Com Vítimas Feridas";"Pleno dia";"Decrescente";"Chuva";"Dupla";"Curva";"Rural";2;0;2;0;0;0;2;1
83503827;"03/10/16";"Segunda";"16:45:00";"SP";116;"522";"CAJATI";"Velocidade incompatível";"Colisão com objeto fixo";"Sem Vítimas";"Pleno dia";"Crescente";"Nublado";"Simples";"Curva";"Rural";2;0;0;0;2;0;0;1
83503828;"03/10/16";"Segunda";"12:30:00";"MG";381;"907";"CAMBUI";"Velocidade incompatível";"Saída de Pista";"Sem Vítimas";"Pleno dia";"Crescente";"Chuva";"Dupla";"Curva";"Rural";1;0;0;0;1;0;0;1
83503829;"03/10/16";"Segunda";"15:30:00";"SC";101;"123,4";"ITAJAI";"Outras";"Queda de motocicleta / bicicleta / veículo";"Com Vítimas Feridas";"Pleno dia";"Decrescente";"Nublado";"Dupla";"Reta";"Urbano";2;0;1;0;1;0;1;1
83503830;"03/10/16";"Segunda";"16:40:00";"MG";381;"924,5";"CAMANDUCAIA";"Velocidade incompatível";"Capotamento";"Sem Vítimas";"Pleno dia";"Crescente";"Chuva";"Dupla";"Curva";"Rural";2;0;0;0;2;0;0;2
83503832;"03/10/16";"Segunda";"12:55:00";"SC";101;"191";"BIGUACU";"Outras";"Saída de Pista";"Com Vítimas Feridas";"Pleno dia";"Decrescente";"Chuva";"Dupla";"Curva";"Urbano";2;0;1;0;1;0;1;1
83503833;"03/10/16";"Segunda";"12:30:00";"MG";116;"414";"GOVERNADOR VALADARES";"Falta de atenção";"Colisão traseira";"Com Vítimas Feridas";"Pleno dia";"Decrescente";"Ceu Claro";"Simples";"Cruzamento";"Urbano";3;0;2;0;1;0;2;2
83503834;"03/10/16";"Segunda";"16:42:00";"MG";381;"924,5";"CAMANDUCAIA";"Velocidade incompatível";"Saída de Pista";"Sem Vítimas";"Pleno dia";"Crescente";"Chuva";"Dupla";"Curva";"Rural";1;0;0;0;1;0;0;1
83503835;"29/09/16";"Quinta";"09:00:00";"RJ";101;"324";"NITEROI";"Outras";"Atropelamento de pessoa";"Com Vítimas Feridas";"Pleno dia";"Decrescente";"Ceu Claro";"Dupla";"Reta";"Urbano";2;0;1;0;1;0;1;1
83503836;"29/09/16";"Quinta";"07:50:00";"PI";343;"344";"TERESINA";"Não guardar distância de segurança";"Colisão traseira";"Com Vítimas Feridas";"Pleno dia";"Decrescente";"Ceu Claro";"Simples";"Reta";"Urbano";2;0;1;0;1;0;1;2
83503837;"26/09/16";"Segunda";"20:30:00";"SE";101;"17,3";"SAO FRANCISCO";"Defeito na via";"Tombamento";"Sem Vítimas";"Plena noite";"Crescente";"Ceu Claro";"Simples";"Reta";"Rural";1;0;0;0;1;0;0;1
83503838;"03/10/16";"Segunda";"12:20:00";"MG";381;"747";"TRES CORACOES";"Dormindo";"Saída de Pista";"Sem Vítimas";"Pleno dia";"Decrescente";"Nublado";"Dupla";"Reta";"Rural";3;0;0;0;3;0;0;1
83503839;"03/10/16";"Segunda";"01:20:00";"PR";373;"248,5";"GUAMIRANGA";"Desobediência à sinalização";"Atropelamento de pessoa";"Com Vítimas Fatais";"Plena noite";"Decrescente";"Ceu Claro";"Simples";"Reta";"Rural";2;1;0;0;1;0;0;1
83503840;"01/10/16";"Sábado";"21:00:00";"MS";163;"677,9";"RIO VERDE DE MATO GROSSO";"Velocidade incompatível";"Atropelamento de pessoa";"Com Vítimas Feridas";"Plena noite";"Decrescente";"Ceu Claro";"Simples";"Reta";"Rural";2;0;0;1;1;0;1;1
83503842;"29/09/16";"Quinta";"16:00:00";"GO";70;"7,6";"AGUAS LINDAS DE GOIAS";"Velocidade incompatível";"Saída de Pista";"Com Vítimas Feridas";"Pleno dia";"Decrescente";"Ceu Claro";"Dupla";"Reta";"Urbano";3;0;3;0;0;0;3;1
83503843;"03/10/16";"Segunda";"12:50:00";"MG";381;"447";"SABARA";"Desobediência à sinalização";"Colisão Transversal";"Com Vítimas Feridas";"Pleno dia";"Decrescente";"Sol";"Simples";"Reta";"Rural";2;0;1;0;1;0;1;2
83503844;"02/10/16";"Domingo";"23:20:00";"SP";116;"224";"GUARULHOS";"Ingestão de álcool";"Saída de Pista";"Com Vítimas Feridas";"Plena noite";"Decrescente";"Ceu Claro";"Múltipla";"Reta";"Urbano";3;0;0;1;2;0;1;2
83503845;"03/10/16";"Segunda";"12:45:00";"MG";381;"876,8";"ESTIVA";"Velocidade incompatível";"Saída de Pista";"Com Vítimas Feridas";"Pleno dia";"Decrescente";"Chuva";"Dupla";"Curva";"Rural";2;0;2;0;0;0;2;1
83503846;"03/10/16";"Segunda";"15:00:00";"RJ";101;"439";"MANGARATIBA";"Velocidade incompatível";"Colisão frontal";"Com Vítimas Feridas";"Pleno dia";"Crescente";"Chuva";"Simples";"Curva";"Rural";2;0;0;1;1;0;1;2
83503847;"03/10/16";"Segunda";"08:15:00";"PR";487;"245";"IRETAMA";"Defeito mecânico em veículo";"Colisão lateral";"Com Vítimas Feridas";"Pleno dia";"Crescente";"Chuva";"Simples";"Curva";"Rural";3;0;2;0;1;0;2;2
83503848;"02/10/16";"Domingo";"22:30:00";"MG";135;"484,8";"JOAQUIM FELICIO";"Falta de atenção";"Colisão traseira";"Com Vítimas Feridas";"Plena noite";"Crescente";"Ceu Claro";"Simples";"Reta";"Rural";2;0;1;0;1;0;1;2
83503849;"03/10/16";"Segunda";"17:40:00";"PR";376;"667";"GUARATUBA";"Velocidade incompatível";"Saída de Pista";"Sem Vítimas";"Pleno dia";"Decrescente";"Chuva";"Dupla";"Curva";"Rural";1;0;0;0;1;0;0;1
83503850;"29/09/16";"Quinta";"14:40:00";"RO";364;"719";"PORTO VELHO";"Velocidade incompatível";"Colisão com objeto fixo";"Com Vítimas Feridas";"Pleno dia";"Crescente";"Chuva";"Dupla";"Reta";"Rural";1;0;1;0;0;0;1;1
83503851;"03/10/16";"Segunda";"15:30:00";"MG";381;"792,1";"SAO GONCALO DO SAPUCAI";"Velocidade incompatível";"Saída de Pista";"Sem Vítimas";"Pleno dia";"Crescente";"Chuva";"Dupla";"Curva";"Rural";1;0;0;0;1;0;0;1
83503852;"03/10/16";"Segunda";"06:45:00";"MG";262;"527,5";"LUZ";"Ultrapassagem indevida";"Capotamento";"Com Vítimas Feridas";"Pleno dia";"Crescente";"Nublado";"Simples";"Reta";"Rural";2;0;2;0;0;0;2;1
83503853;"03/10/16";"Segunda";"12:50:00";"BA";324;"545";"AMELIA RODRIGUES";"Falta de atenção";"Colisão traseira";"Sem Vítimas";"Pleno dia";"Crescente";"Nublado";"Dupla";"Reta";"Rural";3;0;0;0;3;0;0;2
83503854;"26/09/16";"Segunda";"23:30:00";"PA";316;"31";"SANTA ISABEL DO PARA";"Falta de atenção";"Saída de Pista";"Com Vítimas Feridas";"Plena noite";"Crescente";"Vento";"Dupla";"Reta";"Rural";3;0;2;0;1;0;2;1
83503855;"03/10/16";"Segunda";"14:32:00";"MA";10;"253";"IMPERATRIZ";"Não guardar distância de segurança";"Colisão traseira";"Sem Vítimas";"Pleno dia";"Crescente";"Ceu Claro";"Simples";"Curva";"Urbano";3;0;0;0;3;0;0;2
83503856;"03/10/16";"Segunda";"17:00:00";"MA";222;"677";"ACAILANDIA";"Não guardar distância de segurança";"Colisão traseira";"Sem Vítimas";"Anoitecer";"Decrescente";"Ceu Claro";"Simples";"Curva";"Urbano";3;0;0;0;3;0;0;3
83503857;"29/09/16";"Quinta";"15:30:00";"RJ";101;"124";"CONCEICAO DE MACABU";"Outras";"Capotamento";"Com Vítimas Feridas";"Pleno dia";"Decrescente";"Nublado";"Dupla";"Reta";"Urbano";1;0;0;1;0;0;1;1
83503858;"03/10/16";"Segunda";"15:00:00";"SC";116;"47,1";"PAPANDUVA";"Defeito mecânico em veículo";"Saída de Pista";"Sem Vítimas";"Pleno dia";"Crescente";"Nublado";"Simples";"Reta";"Rural";1;0;0;0;1;0;0;1
83503859;"03/10/16";"Segunda";"15:30:00";"BA";407;"129";"SENHOR DO BONFIM";"Ingestão de álcool";"Colisão traseira";"Sem Vítimas";"Pleno dia";"Decrescente";"Ceu Claro";"Simples";"Reta";"Urbano";4;0;0;0;3;1;0;2
83503860;"03/10/16";"Segunda";"15:00:00";"PR";376;"396";"IMBAU";"Falta de atenção";"Tombamento";"Com Vítimas Feridas";"Pleno dia";"Crescente";"Chuva";"Simples";"Curva";"Rural";3;0;1;0;2;0;1;1
83503861;"21/08/16";"Domingo";"21:30:00";"PI";343;"262";"CAMPO MAIOR";"Animais na Pista";"Atropelamento de animal";"Com Vítimas Feridas";"Plena noite";"Decrescente";"Ceu Claro";"Simples";"Reta";"Rural";2;0;1;0;1;0;1;1
83503862;"03/10/16";"Segunda";"17:40:00";"SC";470;"141,1";"RIO DO SUL";"Falta de atenção";"Queda de motocicleta / bicicleta / veículo";"Com Vítimas Feridas";"Anoitecer";"Crescente";"Chuva";"Simples";"Cruzamento";"Urbano";1;0;1;0;0;0;1;1
83503864;"30/09/16";"Sexta";"17:30:00";"MA";135;"76";"SANTA RITA";"Ultrapassagem indevida";"Capotamento";"Sem Vítimas";"Anoitecer";"Crescente";"Nublado";"Simples";"Reta";"Rural";1;0;0;0;1;0;0;1
83503865;"03/10/16";"Segunda";"11:30:00";"PA";316;"70";"CASTANHAL";"Falta de atenção";"Colisão traseira";"Sem Vítimas";"Pleno dia";"Crescente";"Sol";"Simples";"Reta";"Rural";2;0;0;0;2;0;0;2
83503866;"25/09/16";"Domingo";"20:30:00";"MA";10;"238";"IMPERATRIZ";"Ingestão de álcool";"Colisão lateral";"Sem Vítimas";"Plena noite";"Decrescente";"Ceu Claro";"Simples";"Reta";"Rural";3;0;0;0;3;0;0;2
83503867;"01/10/16";"Sábado";"22:30:00";"SC";282;"222,2";"LAGES";"Ingestão de álcool";"Saída de Pista";"Com Vítimas Feridas";"Plena noite";"Decrescente";"Nublado";"Simples";"Reta";"Rural";4;0;2;2;0;0;4;1
83503868;"25/09/16";"Domingo";"19:20:00";"RJ";101;"49";"CAMPOS DOS GOYTACAZES";"Falta de atenção";"Colisão Transversal";"Com Vítimas Feridas";"Plena noite";"Decrescente";"Chuva";"Simples";"Reta";"Rural";3;0;3;0;0;0;3;2
83503869;"02/10/16";"Domingo";"20:45:00";"RJ";356;"93,7";"CARDOSO MOREIRA";"Velocidade incompatível";"Saída de Pista";"Com Vítimas Feridas";"Plena noite";"Crescente";"Chuva";"Simples";"Reta";"Rural";2;0;2;0;0;0;2;1
83503870;"25/09/16";"Domingo";"19:26:00";"RJ";393;"202";"PARAIBA DO SUL";"Outras";"Saída de Pista";"Com Vítimas Feridas";"Plena noite";"Crescente";"Chuva";"Simples";"Reta";"Rural";2;0;2;0;0;0;2;1
83503871;"03/10/16";"Segunda";"17:30:00";"SP";116;"102,6";"PINDAMONHANGABA";"Velocidade incompatível";"Tombamento";"Sem Vítimas";"Anoitecer";"Crescente";"Chuva";"Dupla";"Reta";"Urbano";1;0;0;0;1;0;0;1
83503872;"03/10/16";"Segunda";"13:50:00";"SC";282;"551,4";"NOVA ITABERABA";"Outras";"Colisão lateral";"Com Vítimas Feridas";"Pleno dia";"Decrescente";"Nublado";"Simples";"Reta";"Rural";3;0;1;1;1;0;2;2
83503873;"26/09/16";"Segunda";"06:00:00";"SC";470;"139,3";"RIO DO SUL";"Outras";"Colisão com objeto fixo";"Com Vítimas Feridas";"Amanhecer";"Crescente";"Ceu Claro";"Simples";"Reta";"Urbano";1;0;1;0;0;0;1;1
83503874;"29/09/16";"Quinta";"13:00:00";"MG";50;"86";"UBERLANDIA";"Velocidade incompatível";"Colisão Transversal";"Sem Vítimas";"Pleno dia";"Crescente";"Sol";"Dupla";"Reta";"Rural";2;0;0;0;2;0;0;2
83503875;"03/10/16";"Segunda";"16:25:00";"MG";50;"90,6";"UBERLANDIA";"Defeito mecânico em veículo";"Capotamento";"Sem Vítimas";"Pleno dia";"Crescente";"Ceu Claro";"Dupla";"Reta";"Rural";1;0;0;0;1;0;0;1
83503876;"03/10/16";"Segunda";"15:00:00";"SP";153;"257,6";"MARILIA";"Ingestão de álcool";"Queda de motocicleta / bicicleta / veículo";"Com Vítimas Feridas";"Pleno dia";"Decrescente";"Vento";"Dupla";"Reta";"Urbano";1;0;0;1;0;0;1;1
83503877;"03/10/16";"Segunda";"17:30:00";"SP";116;"362";"MIRACATU";"Velocidade incompatível";"Tombamento";"Com Vítimas Feridas";"Pleno dia";"Crescente";"Chuva";"Dupla";"Curva";"Rural";1;0;1;0;0;0;1;1
83503878;"08/08/16";"Segunda";"12:25:00";"SC";101;"201,5";"SAO JOSE";"Outras";"Tombamento";"Com Vítimas Feridas";"Pleno dia";"Crescente";"Chuva";"Dupla";"Reta";"Urbano";1;0;0;1;0;0;1;1
83503879;"29/09/16";"Quinta";"19:45:00";"SP";116;"227";"GUARULHOS";"Outras";"Colisão traseira";"Sem Vítimas";"Plena noite";"Decrescente";"Nublado";"Simples";"Reta";"Urbano";2;0;0;0;2;0;0;2
83503880;"03/10/16";"Segunda";"08:00:00";"MG";40;"26,9";"PARACATU";"Ultrapassagem indevida";"Colisão frontal";"Com Vítimas Feridas";"Pleno dia";"Decrescente";"Ceu Claro";"Simples";"Curva";"Rural";5;0;4;1;0;0;5;2
83503881;"03/10/16";"Segunda";"17:05:00";"SP";116;"27";"SILVEIRAS";"Outras";"Colisão lateral";"Sem Vítimas";"Pleno dia";"Decrescente";"Chuva";"Dupla";"Curva";"Rural";2;0;0;0;2;0;0;2
83503882;"03/10/16";"Segunda";"18:00:00";"GO";60;"363,6";"RIO VERDE";"Outras";"Saída de Pista";"Sem Vítimas";"Anoitecer";"Crescente";"Chuva";"Dupla";"Reta";"Rural";1;0;0;0;1;0;0;1
83503883;"30/09/16";"Sexta";"05:45:00";"RS";290;"88";"PORTO ALEGRE";"Outras";"Colisão traseira";"Sem Vítimas";"Amanhecer";"Decrescente";"Ceu Claro";"Dupla";"Reta";"Urbano";2;0;0;0;2;0;0;2
83503884;"03/10/16";"Segunda";"11:40:00";"SP";116;"230";"SAO PAULO";"Falta de atenção";"Colisão traseira";"Sem Vítimas";"Pleno dia";"Crescente";"Chuva";"Múltipla";"Reta";"Urbano";3;0;0;0;3;0;0;3
83503885;"03/10/16";"Segunda";"09:30:00";"PR";376;"322,2";"ORTIGUEIRA";"Velocidade incompatível";"Colisão Transversal";"Com Vítimas Feridas";"Pleno dia";"Decrescente";"Chuva";"Simples";"Curva";"Rural";2;0;1;0;1;0;1;2
83503886;"27/09/16";"Terça";"18:35:00";"SC";282;"3,2";"SAO JOSE";"Não guardar distância de segurança";"Colisão traseira";"Com Vítimas Feridas";"Plena noite";"Decrescente";"Ceu Claro";"Dupla";"Curva";"Urbano";4;0;2;0;2;0;2;4
83503888;"03/10/16";"Segunda";"16:25:00";"PR";369;"149,5";"LONDRINA";"Não guardar distância de segurança";"Colisão traseira";"Sem Vítimas";"Pleno dia";"Decrescente";"Chuva";"Dupla";"Reta";"Urbano";3;0;0;0;3;0;0;3
83503889;"03/10/16";"Segunda";"17:30:00";"MG";153;"89";"PRATA";"Não guardar distância de segurança";"Colisão traseira";"Com Vítimas Feridas";"Pleno dia";"Decrescente";"Sol";"Simples";"Reta";"Rural";7;0;4;0;3;0;4;3
83503890;"03/10/16";"Segunda";"17:30:00";"PE";104;"27,5";"TORITAMA";"Falta de atenção";"Colisão traseira";"Com Vítimas Feridas";"Anoitecer";"Crescente";"Ceu Claro";"Simples";"Reta";"Rural";2;0;1;0;0;1;1;2
83503891;"03/10/16";"Segunda";"15:30:00";"RJ";116;"286,5";"BARRA MANSA";"Outras";"Colisão com objeto fixo";"Com Vítimas Feridas";"Pleno dia";"Decrescente";"Chuva";"Dupla";"Curva";"Rural";5;0;2;2;1;0;4;2
83503892;"03/10/16";"Segunda";"06:50:00";"MT";163;"61,7";"RONDONOPOLIS";"Falta de atenção";"Capotamento";"Com Vítimas Feridas";"Amanhecer";"Crescente";"Nublado";"Dupla";"Reta";"Rural";1;0;1;0;0;0;1;1
83503893;"19/09/16";"Segunda";"15:00:00";"CE";20;"430";"FORTALEZA";"Outras";"Colisão Transversal";"Sem Vítimas";"Pleno dia";"Crescente";"Ceu Claro";"Múltipla";"Reta";"Urbano";2;0;0;0;2;0;0;2
83503894;"03/10/16";"Segunda";"18:15:00";"RS";158;"313";"ITAARA";"Desobediência à sinalização";"Colisão Transversal";"Com Vítimas Feridas";"Anoitecer";"Decrescente";"Ceu Claro";"Dupla";"Curva";"Urbano";3;0;0;2;1;0;2;2
83503895;"03/10/16";"Segunda";"10:20:00";"SC";116;"33,6";"ITAIOPOLIS";"Falta de atenção";"Saída de Pista";"Sem Vítimas";"Pleno dia";"Crescente";"Ceu Claro";"Simples";"Reta";"Urbano";1;0;0;0;1;0;0;1
83503896;"11/07/16";"Segunda";"21:45:00";"BA";101;"889";"TEIXEIRA DE FREITAS";"Outras";"Colisão Transversal";"Sem Vítimas";"Plena noite";"Crescente";"Ceu Claro";"Simples";"Reta";"Rural";4;0;0;0;4;0;0;2
83503897;"02/10/16";"Domingo";"15:00:00";"RJ";116;"190,6";"QUEIMADOS";"Falta de atenção";"Capotamento";"Com Vítimas Feridas";"Pleno dia";"Decrescente";"Nublado";"Dupla";"Reta";"Rural";4;0;2;0;2;0;2;1
83503898;"03/10/16";"Segunda";"08:00:00";"SC";280;"25,4";"ARAQUARI";"Outras";"Saída de Pista";"Com Vítimas Feridas";"Pleno dia";"Crescente";"Ceu Claro";"Simples";"Reta";"Urbano";2;0;1;0;1;0;1;2