"id";"data_inversa";"dia_semana";"horario";"uf";"br";"km";"municipio";"causa_acidente";"tipo_acidente";"classificacao_acidente";"fase_dia";"sentido_via";"condicao_metereologica";"tipo_pista";"tracado_via";"uso_solo";"pessoas";"mortos";"feridos_leves";"feridos_graves";"ilesos";"ignorados";"feridos";"veiculos"
83503899;"03/10/16";"Segunda";"18:50:00";"RS";285;"585,5";"BOSSOROCA";"Velocidade incompatível";"Saída de Pista";"Sem Vítimas";"Anoitecer";"Decrescente";"Ceu Claro";"Simples";"Curva";"Rural";1;0;0;0;1;0;0;1
83503900;"29/09/16";"Quinta";"14:23:00";"RO";364;"713";"PORTO VELHO";"Falta de atenção";"Colisão lateral";"Sem Vítimas";"Pleno dia";"Crescente";"Sol";"Dupla";"Reta";"Urbano";2;0;0;0;2;0;0;2
83503901;"01/10/16";"Sábado";"23:50:00";"SC";280;"167,8";"MAFRA";"Ingestão de álcool";"Capotamento";"Com Vítimas Feridas";"Plena noite";"Crescente";"Nevoeiro/neblina";"Simples";"Reta";"Urbano";2;0;2;0;0;0;2;1
83503902;"03/10/16";"Segunda";"19:00:00";"RJ";393;"169,8";"TRES RIOS";"Velocidade incompatível";"Colisão com objeto fixo";"Com Vítimas Feridas";"Plena noite";"Crescente";"Chuva";"Simples";"Curva";"Rural";3;0;1;0;2;0;1;1
83503903;"25/09/16";"Domingo";"18:15:00";"PB";104;"134";"QUEIMADAS";"Velocidade incompatível";"Colisão com objeto fixo";"Sem Vítimas";"Anoitecer";"Crescente";"Ceu Claro";"Simples";"Reta";"Rural";2;0;0;0;1;1;0;2
83503904;"03/09/16";"Sábado";"16:20:00";"MG";50;"93";"UBERLANDIA";"Falta de atenção";"Colisão lateral";"Com Vítimas Feridas";"Pleno dia";"Decrescente";"Sol";"Dupla";"Reta";"Rural";3;0;0;1;2;0;1;2
83503905;"03/10/16";"Segunda";"17:45:00";"GO";60;"461";"JATAI";"Outras";"Saída de Pista";"Ignorado";"Pleno dia";"Crescente";"Nublado";"Dupla";"Reta";"Rural";1;0;0;0;0;1;0;1
83503906;"03/10/16";"Segunda";"11:55:00";"RS";116;"253,9";"NOVO HAMBURGO";"Falta de atenção";"Tombamento";"Com Vítimas Feridas";"Pleno dia";"Decrescente";"Ceu Claro";"Dupla";"Reta";"Urbano";1;0;1;0;0;0;1;1
83503907;"03/10/16";"Segunda";"18:15:00";"MG";40;"452";"PARAOPEBA";"Velocidade incompatível";"Queda de motocicleta / bicicleta / veículo";"Com Vítimas Feridas";"Anoitecer";"Decrescente";"Ceu Claro";"Dupla";"Reta";"Urbano";1;0;1;0;0;0;1;1
83503908;"02/10/16";"Domingo";"21:25:00";"RJ";116;"187,7";"NOVA IGUACU";"Outras";"Colisão traseira";"Com Vítimas Fatais";"Plena noite";"Crescente";"Nublado";"Dupla";"Reta";"Rural";9;1;4;3;0;1;7;3
83503909;"03/10/16";"Segunda";"15:15:00";"BA";324;"563";"SAO SEBASTIAO DO PASSE";"Velocidade incompatível";"Capotamento";"Com Vítimas Feridas";"Pleno dia";"Crescente";"Sol";"Dupla";"Reta";"Rural";4;0;2;0;2;0;2;1
83503910;"03/10/16";"Segunda";"13:30:00";"PR";277;"54";"SAO JOSE DOS PINHAIS";"Defeito mecânico em veículo";"Incêndio";"Sem Vítimas";"Pleno dia";"Crescente";"Nevoeiro/neblina";"Dupla";"Reta";"Rural";1;0;0;0;1;0;0;1
83503911;"01/10/16";"Sábado";"18:00:00";"PB";230;"465";"SOUSA";"Falta de atenção";"Atropelamento de pessoa";"Com Vítimas Feridas";"Anoitecer";"Crescente";"Ceu Claro";"Simples";"Reta";"Urbano";2;0;1;1;0;0;2;1
83503912;"03/10/16";"Segunda";"18:55:00";"MG";116;"528";"CARATINGA";"Velocidade incompatível";"Queda de motocicleta / bicicleta / veículo";"Com Vítimas Feridas";"Plena noite";"Decrescente";"Nublado";"Múltipla";"Reta";"Urbano";1;0;0;1;0;0;1;1
83503913;"30/09/16";"Sexta";"17:00:00";"MG";267;"316";"CONCEICAO DO RIO VERDE";"Outras";"Saída de Pista";"Sem Vítimas";"Pleno dia";"Decrescente";"Sol";"Simples";"Curva";"Rural";1;0;0;0;1;0;0;1
83503914;"01/10/16";"Sábado";"19:05:00";"PI";230;"302";"FLORIANO";"Outras";"Queda de motocicleta / bicicleta / veículo";"Ignorado";"Plena noite";"Decrescente";"Ceu Claro";"Simples";"Reta";"Rural";1;0;0;0;0;1;0;1
83503915;"03/10/16";"Segunda";"12:45:00";"PE";110;"243,2";"JATOBA";"Falta de atenção";"Saída de Pista";"Com Vítimas Feridas";"Pleno dia";"Crescente";"Ceu Claro";"Simples";"Curva";"Rural";2;0;1;1;0;0;2;1
83503916;"01/10/16";"Sábado";"00:15:00";"MG";381;"908";"CAMBUI";"Velocidade incompatível";"Colisão com objeto fixo";"Com Vítimas Feridas";"Plena noite";"Decrescente";"Ceu Claro";"Dupla";"Curva";"Rural";1;0;1;0;0;0;1;1
83503917;"03/10/16";"Segunda";"12:35:00";"PR";476;"274";"SAO MATEUS DO SUL";"Falta de atenção";"Saída de Pista";"Sem Vítimas";"Pleno dia";"Crescente";"Nublado";"Simples";"Reta";"Urbano";2;0;0;0;2;0;0;2
83503918;"03/10/16";"Segunda";"20:15:00";"ES";101;"149,2";"LINHARES";"Desobediência à sinalização";"Colisão lateral";"Sem Vítimas";"Plena noite";"Decrescente";"Nublado";"Múltipla";"Cruzamento";"Urbano";2;0;0;0;1;1;0;2
83503919;"03/10/16";"Segunda";"04:50:00";"CE";116;"283,9";"JAGUARIBARA";"Dormindo";"Saída de Pista";"Com Vítimas Feridas";"Amanhecer";"Crescente";"Ignorada";"Simples";"Reta";"Rural";1;0;0;1;0;0;1;1
83503920;"01/10/16";"Sábado";"12:00:00";"CE";222;"2";"SOBRAL";"Ingestão de álcool";"Colisão Transversal";"Com Vítimas Feridas";"Pleno dia";"Decrescente";"Sol";"Dupla";"Reta";"Urbano";2;0;1;0;1;0;1;2
83503921;"03/10/16";"Segunda";"18:50:00";"DF";70;"0,8";"BRASILIA";"Outras";"Colisão lateral";"Com Vítimas Feridas";"Plena noite";"Crescente";"Ceu Claro";"Dupla";"Reta";"Urbano";3;0;0;1;1;1;1;3
83503922;"03/10/16";"Segunda";"18:00:00";"MS";163;"562,7";"BANDEIRANTES";"Ultrapassagem indevida";"Colisão lateral";"Com Vítimas Feridas";"Anoitecer";"Crescente";"Nublado";"Simples";"Reta";"Rural";4;0;3;0;1;0;3;2
83503923;"03/10/16";"Segunda";"18:30:00";"PR";376;"175,7";"MARINGA";"Falta de atenção";"Colisão Transversal";"Com Vítimas Feridas";"Plena noite";"Crescente";"Chuva";"Dupla";"Cruzamento";"Urbano";4;0;1;0;3;0;1;4
83503924;"17/09/16";"Sábado";"23:50:00";"GO";153;"507";"APARECIDA DE GOIANIA";"Ingestão de álcool";"Colisão traseira";"Sem Vítimas";"Plena noite";"Decrescente";"Nublado";"Dupla";"Reta";"Urbano";2;0;0;0;2;0;0;2
83503925;"01/10/16";"Sábado";"03:05:00";"RO";364;"532";"ALTO PARAISO";"Outras";"Colisão frontal";"Com Vítimas Fatais";"Plena noite";"Crescente";"Nublado";"Simples";"Reta";"Rural";2;1;0;0;1;0;0;2
83503926;"03/10/16";"Segunda";"08:00:00";"RS";293;"132,2";"CANDIOTA";"Ingestão de álcool";"Saída de Pista";"Com Vítimas Feridas";"Amanhecer";"Crescente";"Ceu Claro";"Simples";"Reta";"Rural";1;0;1;0;0;0;1;1
83503927;"03/10/16";"Segunda";"20:00:00";"SE";101;"91";"NOSSA SENHORA DO SOCORRO";"Falta de atenção";"Atropelamento de pessoa";"Com Vítimas Feridas";"Plena noite";"Crescente";"Ceu Claro";"Dupla";"Curva";"Urbano";4;0;2;2;0;0;4;1
83503928;"30/09/16";"Sexta";"16:13:00";"MS";262;"367,6";"CAMPO GRANDE";"Falta de atenção";"Colisão lateral";"Com Vítimas Feridas";"Pleno dia";"Decrescente";"Sol";"Simples";"Reta";"Urbano";2;0;0;1;1;0;1;2
83503929;"03/10/16";"Segunda";"13:43:00";"SC";101;"191";"BIGUACU";"Velocidade incompatível";"Saída de Pista";"Sem Vítimas";"Pleno dia";"Decrescente";"Chuva";"Dupla";"Curva";"Urbano";5;0;0;0;5;0;0;3
83503931;"03/10/16";"Segunda";"17:40:00";"MG";40;"697";"BARBACENA";"Falta de atenção";"Colisão Transversal";"Sem Vítimas";"Amanhecer";"Decrescente";"Chuva";"Dupla";"Reta";"Rural";2;0;0;0;2;0;0;2
83503932;"03/10/16";"Segunda";"17:40:00";"PE";232;"11";"RECIFE";"Falta de atenção";"Colisão traseira";"Com Vítimas Feridas";"Plena noite";"Crescente";"Ceu Claro";"Dupla";"Reta";"Urbano";2;0;1;0;1;0;1;2
83503933;"03/10/16";"Segunda";"21:45:00";"ES";101;"259";"SERRA";"Defeito mecânico em veículo";"Colisão traseira";"Com Vítimas Feridas";"Plena noite";"Decrescente";"Chuva";"Dupla";"Curva";"Urbano";2;0;0;1;0;1;1;2
83503934;"03/10/16";"Segunda";"20:30:00";"RS";285;"497";"ENTRE IJUIS";"Falta de atenção";"Saída de Pista";"Com Vítimas Feridas";"Plena noite";"Decrescente";"Ceu Claro";"Simples";"Cruzamento";"Rural";2;0;0;2;0;0;2;1
83503935;"03/10/16";"Segunda";"21:10:00";"RS";285;"297,8";"PASSO FUNDO";"Outras";"Saída de Pista";"Sem Vítimas";"Plena noite";"Decrescente";"Ceu Claro";"Simples";"Reta";"Urbano";1;0;0;0;1;0;0;1
83503936;"03/10/16";"Segunda";"08:00:00";"PR";277;"268,8";"PRUDENTOPOLIS";"Outras";"Colisão com objeto fixo";"Ignorado";"Pleno dia";"Decrescente";"Ceu Claro";"Simples";"Reta";"Rural";1;0;0;0;0;1;0;1
83503937;"03/10/16";"Segunda";"19:40:00";"ES";101;"113";"SOORETAMA";"Outras";"Tombamento";"Sem Vítimas";"Plena noite";"Crescente";"Nublado";"Simples";"Reta";"Rural";2;0;0;0;1;1;0;2
83503938;"03/10/16";"Segunda";"20:30:00";"SP";116;"225";"GUARULHOS";"Falta de atenção";"Colisão lateral";"Com Vítimas Feridas";"Plena noite";"Crescente";"Chuva";"Múltipla";"Reta";"Urbano";7;0;5;0;1;1;5;2
83503939;"29/09/16";"Quinta";"07:20:00";"PI";343;"345";"TERESINA";"Falta de atenção";"Colisão Transversal";"Com Vítimas Feridas";"Pleno dia";"Crescente";"Ceu Claro";"Dupla";"Reta";"Urbano";2;0;1;0;1;0;1;2
83503940;"30/09/16";"Sexta";"21:00:00";"MG";116;"528";"CARATINGA";"Falta de atenção";"Colisão Transversal";"Com Vítimas Feridas";"Plena noite";"Decrescente";"Nublado";"Dupla";"Cruzamento";"Urbano";2;0;1;0;1;0;1;2
83503941;"30/09/16";"Sexta";"05:40:00";"MG";40;"727";"OLIVEIRA FORTES";"Velocidade incompatível";"Colisão com objeto fixo";"Com Vítimas Feridas";"Amanhecer";"Crescente";"Chuva";"Dupla";"Curva";"Rural";2;0;1;0;1;0;1;1
83503942;"03/10/16";"Segunda";"11:10:00";"BA";101;"398";"IBIRAPITANGA";"Velocidade incompatível";"Colisão frontal";"Com Vítimas Feridas";"Pleno dia";"Decrescente";"Chuva";"Simples";"Curva";"Rural";2;0;1;0;1;0;1;2
83503943;"03/10/16";"Segunda";"20:30:00";"MG";262;"381,8";"MATEUS LEME";"Velocidade incompatível";"Capotamento";"Com Vítimas Feridas";"Plena noite";"Crescente";"Chuva";"Dupla";"Curva";"Rural";2;0;1;0;1;0;1;1
83503944;"01/10/16";"Sábado";"15:55:00";"SE";235;"3,5";"NOSSA SENHORA DO SOCORRO";"Outras";"Colisão com bicicleta";"Com Vítimas Feridas";"Pleno dia";"Decrescente";"Ceu Claro";"Dupla";"Reta";"Urbano";4;0;1;0;2;1;1;4
83503945;"03/10/16";"Segunda";"21:15:00";"RS";116;"519,3";"PELOTAS";"Falta de atenção";"Colisão lateral";"Sem Vítimas";"Plena noite";"Crescente";"Nublado";"Simples";"Cruzamento";"Urbano";2;0;0;0;2;0;0;2
83503946;"03/10/16";"Segunda";"19:00:00";"MG";381;"790";"SAO GONCALO DO SAPUCAI";"Dormindo";"Colisão com objeto fixo";"Com Vítimas Feridas";"Plena noite";"Crescente";"Chuva";"Dupla";"Reta";"Rural";3;0;0;1;2;0;1;1
83503947;"03/10/16";"Segunda";"19:40:00";"PR";277;"117";"CAMPO LARGO";"Falta de atenção";"Colisão lateral";"Com Vítimas Feridas";"Plena noite";"Decrescente";"Chuva";"Dupla";"Reta";"Urbano";2;0;1;0;1;0;1;2
83503948;"03/10/16";"Segunda";"22:30:00";"MG";381;"926";"ITAPEVA";"Velocidade incompatível";"Colisão traseira";"Sem Vítimas";"Plena noite";"Crescente";"Chuva";"Dupla";"Curva";"Rural";2;0;0;0;2;0;0;2
83503949;"03/10/16";"Segunda";"16:00:00";"MS";163;"367";"NOVA ALVORADA DO SUL";"Outras";"Tombamento";"Com Vítimas Feridas";"Anoitecer";"Crescente";"Nublado";"Simples";"Reta";"Urbano";1;0;1;0;0;0;1;1
83503950;"03/10/16";"Segunda";"20:20:00";"MG";251;"502,5";"FRANCISCO SA";"Falta de atenção";"Saída de Pista";"Com Vítimas Feridas";"Plena noite";"Crescente";"Ceu Claro";"Simples";"Reta";"Rural";5;0;1;1;2;1;2;1
83503951;"03/10/16";"Segunda";"19:50:00";"MG";381;"867";"POUSO ALEGRE";"Falta de atenção";"Colisão traseira";"Com Vítimas Feridas";"Anoitecer";"Crescente";"Chuva";"Dupla";"Reta";"Rural";3;0;1;0;2;0;1;2
83503952;"03/10/16";"Segunda";"20:40:00";"MG";365;"622,4";"UBERLANDIA";"Velocidade incompatível";"Queda de motocicleta / bicicleta / veículo";"Com Vítimas Feridas";"Plena noite";"Decrescente";"Chuva";"Dupla";"Curva";"Urbano";1;0;1;0;0;0;1;1
83503953;"03/10/16";"Segunda";"21:15:00";"MG";365;"665,8";"MONTE ALEGRE DE MINAS";"Velocidade incompatível";"Saída de Pista";"Com Vítimas Feridas";"Plena noite";"Decrescente";"Chuva";"Dupla";"Curva";"Rural";1;0;1;0;0;0;1;1
83503954;"06/09/16";"Terça";"11:00:00";"PR";163;"318";"GUAIRA";"Velocidade incompatível";"Colisão com objeto fixo";"Sem Vítimas";"Pleno dia";"Decrescente";"Nublado";"Simples";"Reta";"Rural";2;0;0;0;2;0;0;1
83503955;"03/10/16";"Segunda";"16:40:00";"MS";163;"282,5";"DOURADOS";"Desobediência à sinalização";"Colisão Transversal";"Com Vítimas Feridas";"Pleno dia";"Decrescente";"Chuva";"Simples";"Reta";"Rural";5;0;0;4;1;0;4;2
83503956;"03/10/16";"Segunda";"22:45:00";"SP";116;"432,1";"REGISTRO";"Falta de atenção";"Capotamento";"Com Vítimas Feridas";"Plena noite";"Decrescente";"Nublado";"Dupla";"Reta";"Rural";1;0;1;0;0;0;1;1
83503957;"03/10/16";"Segunda";"22:40:00";"SC";101;"119";"ITAJAI";"Defeito mecânico em veículo";"Incêndio";"Sem Vítimas";"Plena noite";"Crescente";"Chuva";"Dupla";"Reta";"Urbano";1;0;0;0;1;0;0;1
83503958;"03/10/16";"Segunda";"16:00:00";"MS";158;"16";"CASSILANDIA";"Falta de atenção";"Saída de Pista";"Com Vítimas Feridas";"Anoitecer";"Crescente";"Chuva";"Simples";"Reta";"Rural";1;0;1;0;0;0;1;1
83503960;"03/10/16";"Segunda";"18:55:00";"PR";277;"115";"CAMPO LARGO";"Outras";"Atropelamento de pessoa";"Com Vítimas Fatais";"Plena noite";"Crescente";"Nublado";"Dupla";"Reta";"Urbano";2;1;0;0;1;0;0;1
83503961;"03/10/16";"Segunda";"20:30:00";"SP";116;"560,5";"BARRA DO TURVO";"Velocidade incompatível";"Colisão com objeto fixo";"Com Vítimas Feridas";"Plena noite";"Crescente";"Chuva";"Dupla";"Curva";"Rural";1;0;1;0;0;0;1;1
83503962;"03/10/16";"Segunda";"20:09:00";"RO";364;"677";"PORTO VELHO";"Velocidade incompatível";"Colisão lateral";"Com Vítimas Feridas";"Plena noite";"Crescente";"Ceu Claro";"Simples";"Reta";"Rural";3;0;0;1;2;0;1;2
83503963;"03/10/16";"Segunda";"17:39:00";"AC";364;"137";"RIO BRANCO";"Falta de atenção";"Saída de Pista";"Com Vítimas Feridas";"Anoitecer";"Decrescente";"Nublado";"Dupla";"Reta";"Urbano";2;0;2;0;0;0;2;1
83503964;"03/10/16";"Segunda";"12:40:00";"CE";116;"371";"ICO";"Ultrapassagem indevida";"Colisão com bicicleta";"Com Vítimas Feridas";"Pleno dia";"Crescente";"Ceu Claro";"Simples";"Reta";"Rural";2;0;1;0;0;1;1;2
83503965;"03/10/16";"Segunda";"14:10:00";"RS";386;"267,8";"FONTOURA XAVIER";"Desobediência à sinalização";"Colisão lateral";"Com Vítimas Feridas";"Pleno dia";"Decrescente";"Ceu Claro";"Simples";"Curva";"Rural";2;0;1;0;1;0;1;2
83503966;"03/10/16";"Segunda";"20:30:00";"MG";381;"905";"CAMBUI";"Velocidade incompatível";"Colisão traseira";"Com Vítimas Feridas";"Plena noite";"Decrescente";"Chuva";"Dupla";"Curva";"Rural";3;0;1;0;2;0;1;2
83503967;"03/10/16";"Segunda";"14:45:00";"PA";316;"9";"ANANINDEUA";"Outras";"Colisão traseira";"Com Vítimas Feridas";"Pleno dia";"Crescente";"Nublado";"Dupla";"Reta";"Urbano";4;0;1;0;2;1;1;3
83503968;"03/10/16";"Segunda";"22:20:00";"MG";381;"933";"EXTREMA";"Velocidade incompatível";"Colisão com objeto fixo";"Com Vítimas Feridas";"Plena noite";"Decrescente";"Chuva";"Dupla";"Curva";"Rural";3;0;2;0;1;0;2;1
83503969;"03/10/16";"Segunda";"20:55:00";"MS";262;"488";"ANASTACIO";"Falta de atenção";"Atropelamento de pessoa";"Com Vítimas Feridas";"Plena noite";"Decrescente";"Nublado";"Simples";"Reta";"Urbano";2;0;1;0;0;1;1;1
83503970;"03/10/16";"Segunda";"23:05:00";"SC";101;"434,4";"SOMBRIO";"Desobediência à sinalização";"Colisão frontal";"Com Vítimas Fatais";"Plena noite";"Crescente";"Chuva";"Dupla";"Reta";"Urbano";2;1;0;0;1;0;0;2
83503971;"03/10/16";"Segunda";"12:20:00";"AP";156;"304,4";"PORTO GRANDE";"Defeito mecânico em veículo";"Saída de Pista";"Com Vítimas Feridas";"Pleno dia";"Decrescente";"Ceu Claro";"Simples";"Reta";"Rural";4;0;2;0;2;0;2;1
83503972;"30/09/16";"Sexta";"04:20:00";"GO";40;"95,5";"CRISTALINA";"Ingestão de álcool";"Colisão traseira";"Sem Vítimas";"Plena noite";"Crescente";"Ceu Claro";"Dupla";"Reta";"Rural";2;0;0;0;2;0;0;2
83503973;"03/10/16";"Segunda";"23:45:00";"GO";153;"522,2";"HIDROLANDIA";"Velocidade incompatível";"Saída de Pista";"Sem Vítimas";"Plena noite";"Crescente";"Chuva";"Múltipla";"Curva";"Urbano";2;0;0;0;2;0;0;1
83503974;"03/10/16";"Segunda";"15:00:00";"GO";60;"97,3";"ANAPOLIS";"Dormindo";"Colisão com objeto fixo";"Sem Vítimas";"Pleno dia";"Decrescente";"Nublado";"Dupla";"Reta";"Urbano";1;0;0;0;1;0;0;1
83503975;"03/10/16";"Segunda";"14:20:00";"SC";101;"411";"ARARANGUA";"Falta de atenção";"Colisão traseira";"Sem Vítimas";"Pleno dia";"Crescente";"Chuva";"Simples";"Cruzamento";"Rural";2;0;0;0;2;0;0;2
83503976;"29/09/16";"Quinta";"20:25:00";"PB";230;"71,5";"SOBRADO";"Velocidade incompatível";"Colisão traseira";"Com Vítimas Fatais";"Plena noite";"Decrescente";"Nevoeiro/neblina";"Dupla";"Reta";"Rural";4;1;0;2;1;0;2;3
83503977;"03/10/16";"Segunda";"22:30:00";"MA";10;"248,8";"IMPERATRIZ";"Falta de atenção";"Colisão Transversal";"Com Vítimas Feridas";"Plena noite";"Decrescente";"Ceu Claro";"Simples";"Reta";"Urbano";4;0;1;0;3;0;1;2
83503978;"03/10/16";"Segunda";"06:10:00";"PR";277;"80";"CURITIBA";"Falta de atenção";"Queda de motocicleta / bicicleta / veículo";"Com Vítimas Feridas";"Pleno dia";"Crescente";"Nublado";"Dupla";"Reta";"Urbano";2;0;1;0;1;0;1;1
83503979;"03/10/16";"Segunda";"11:50:00";"PR";476;"124,7";"CURITIBA";"Não guardar distância de segurança";"Colisão lateral";"Com Vítimas Feridas";"Pleno dia";"Decrescente";"Nublado";"Dupla";"Reta";"Urbano";2;0;1;0;1;0;1;2
83503980;"03/10/16";"Segunda";"20:00:00";"MG";262;"587";"CAMPOS ALTOS";"Velocidade incompatível";"Colisão frontal";"Com Vítimas Fatais";"Plena noite";"Decrescente";"Chuva";"Simples";"Reta";"Rural";3;2;0;0;1;0;0;2
83503981;"29/09/16";"Quinta";"19:00:00";"RJ";393;"285";"VOLTA REDONDA";"Falta de atenção";"Colisão traseira";"Com Vítimas Feridas";"Plena noite";"Crescente";"Ceu Claro";"Simples";"Reta";"Urbano";2;0;1;0;1;0;1;2
83503982;"03/10/16";"Segunda";"08:00:00";"GO";153;"511";"APARECIDA DE GOIANIA";"Falta de atenção";"Colisão traseira";"Sem Vítimas";"Pleno dia";"Crescente";"Ceu Claro";"Dupla";"Reta";"Urbano";3;0;0;0;3;0;0;2
83503983;"01/10/16";"Sábado";"18:45:00";"PI";135;"355,1";"BOM JESUS";"Defeito na via";"Queda de motocicleta / bicicleta / veículo";"Com Vítimas Feridas";"Plena noite";"Crescente";"Ceu Claro";"Simples";"Reta";"Rural";1;0;0;1;0;0;1;1
83503984;"04/10/16";"Terça";"00:15:00";"SC";101;"124,2";"ITAJAI";"Outras";"Saída de Pista";"Sem Vítimas";"Pleno dia";"Crescente";"Nublado";"Dupla";"Reta";"Urbano";1;0;0;0;1;0;0;1
83503985;"25/09/16";"Domingo";"08:00:00";"AP";210;"10";"MACAPA";"Dormindo";"Saída de Pista";"Sem Vítimas";"Pleno dia";"Decrescente";"Ceu Claro";"Simples";"Reta";"Urbano";3;0;0;0;2;1;0;1
83503986;"25/09/16";"Domingo";"20:00:00";"MG";381;"584";"CARMOPOLIS DE MINAS";"Velocidade incompatível";"Saída de Pista";"Sem Vítimas";"Plena noite";"Decrescente";"Chuva";"Dupla";"Reta";"Rural";1;0;0;0;1;0;0;1
83503987;"03/10/16";"Segunda";"20:30:00";"RS";290;"718";"URUGUAIANA";"Outras";"Colisão com objeto móvel";"Sem Vítimas";"Plena noite";"Decrescente";"Ceu Claro";"Simples";"Curva";"Rural";5;0;0;0;5;0;0;4
83503988;"04/10/16";"Terça";"03:18:00";"PR";277;"586";"CASCAVEL";"Ingestão de álcool";"Colisão com objeto fixo";"Ignorado";"Plena noite";"Crescente";"Nublado";"Simples";"Curva";"Rural";1;0;0;0;0;1;0;1
83503989;"29/09/16";"Quinta";"08:00:00";"PA";316;"8";"ANANINDEUA";"Outras";"Colisão traseira";"Com Vítimas Feridas";"Amanhecer";"Decrescente";"Sol";"Dupla";"Reta";"Urbano";3;0;2;0;1;0;2;2
83503990;"20/08/16";"Sábado";"22:45:00";"BA";101;"355";"TEOLANDIA";"Outras";"Colisão frontal";"Ignorado";"Plena noite";"Crescente";"Ceu Claro";"Simples";"Reta";"Rural";2;0;0;0;0;2;0;2
83503991;"04/10/16";"Terça";"00:30:00";"CE";20;"417,2";"MARACANAU";"Outras";"Atropelamento de pessoa";"Com Vítimas Fatais";"Plena noite";"Crescente";"Ceu Claro";"Simples";"Reta";"Urbano";3;1;0;0;1;1;0;2
83503992;"25/09/16";"Domingo";"21:48:00";"MG";381;"531";"ITATIAIUCU";"Velocidade incompatível";"Capotamento";"Sem Vítimas";"Plena noite";"Decrescente";"Chuva";"Dupla";"Curva";"Rural";1;0;0;0;1;0;0;1
83503993;"03/10/16";"Segunda";"21:00:00";"MA";135;"228,5";"PERITORO";"Falta de atenção";"Colisão frontal";"Com Vítimas Feridas";"Plena noite";"Decrescente";"Ceu Claro";"Simples";"Reta";"Rural";2;0;0;1;1;0;1;2
83503994;"22/09/16";"Quinta";"13:30:00";"BA";415;"58";"ITABUNA";"Defeito mecânico em veículo";"Queda de motocicleta / bicicleta / veículo";"Com Vítimas Feridas";"Pleno dia";"Crescente";"Ceu Claro";"Simples";"Curva";"Rural";1;0;1;0;0;0;1;1
83503995;"03/10/16";"Segunda";"19:50:00";"PE";408;"99,8";"SAO LOURENCO DA MATA";"Falta de atenção";"Colisão traseira";"Sem Vítimas";"Plena noite";"Decrescente";"Ceu Claro";"Dupla";"Reta";"Rural";3;0;0;0;3;0;0;3
83503996;"03/10/16";"Segunda";"16:10:00";"AL";104;"63";"MURICI";"Outras";"Saída de Pista";"Sem Vítimas";"Anoitecer";"Crescente";"Ceu Claro";"Simples";"Reta";"Rural";1;0;0;0;1;0;0;1
83503997;"03/10/16";"Segunda";"20:30:00";"MT";70;"579,4";"NOSSA SENHORA DO LIVRAMENTO";"Velocidade incompatível";"Saída de Pista";"Sem Vítimas";"Plena noite";"Decrescente";"Chuva";"Simples";"Curva";"Rural";1;0;0;0;1;0;0;1
83503998;"03/10/16";"Segunda";"22:55:00";"PI";316;"263,1";"IPIRANGA DO PIAUI";"Falta de atenção";"Capotamento";"Com Vítimas Feridas";"Plena noite";"Decrescente";"Ceu Claro";"Simples";"Curva";"Rural";3;0;1;2;0;0;3;1
83504000;"03/10/16";"Segunda";"19:00:00";"BA";101;"514";"ITABUNA";"Defeito mecânico em veículo";"Saída de Pista";"Com Vítimas Feridas";"Plena noite";"Decrescente";"Chuva";"Simples";"Reta";"Rural";2;0;2;0;0;0;2;1
83504001;"03/10/16";"Segunda";"11:00:00";"BA";101;"716,7";"EUNAPOLIS";"Falta de atenção";"Colisão com bicicleta";"Com Vítimas Feridas";"Pleno dia";"Crescente";"Nublado";"Dupla";"Reta";"Urbano";2;0;0;1;0;1;1;2
83504002;"03/10/16";"Segunda";"17:50:00";"PB";230;"28,5";"JOAO PESSOA";"Falta de atenção";"Atropelamento de pessoa";"Com Vítimas Feridas";"Anoitecer";"Decrescente";"Ignorada";"Dupla";"Reta";"Urbano";3;0;1;2;0;0;3;1
83504003;"03/10/16";"Segunda";"15:30:00";"PB";230;"135";"CAMPINA GRANDE";"Outras";"Queda de motocicleta / bicicleta / veículo";"Com Vítimas Feridas";"Pleno dia";"Decrescente";"Ceu Claro";"Simples";"Reta";"Rural";2;0;0;1;1;0;1;1
83504004;"03/10/16";"Segunda";"16:00:00";"MG";381;"604";"OLIVEIRA";"Defeito mecânico em veículo";"Tombamento";"Com Vítimas Feridas";"Pleno dia";"Crescente";"Nublado";"Dupla";"Curva";"Rural";1;0;1;0;0;0;1;1
83504005;"03/10/16";"Segunda";"11:15:00";"SC";280;"58";"GUARAMIRIM";"Outras";"Derramamento de Carga";"Sem Vítimas";"Pleno dia";"Decrescente";"Chuva";"Simples";"Reta";"Urbano";1;0;0;0;1;0;0;1
83504006;"03/10/16";"Segunda";"12:15:00";"SC";280;"35,2";"ARAQUARI";"Outras";"Colisão frontal";"Sem Vítimas";"Pleno dia";"Crescente";"Chuva";"Simples";"Reta";"Urbano";2;0;0;0;2;0;0;2
83504007;"03/10/16";"Segunda";"20:00:00";"AC";364;"127";"RIO BRANCO";"Falta de atenção";"Colisão traseira";"Com Vítimas Feridas";"Plena noite";"Decrescente";"Nublado";"Dupla";"Reta";"Urbano";6;0;1;0;5;0;1;2