"id";"data_inversa";"dia_semana";"horario";"uf";"br";"km";"municipio";"causa_acidente";"tipo_acidente";"classificacao_acidente";"fase_dia";"sentido_via";"condicao_metereologica";"tipo_pista";"tracado_via";"uso_solo";"pessoas";"mortos";"feridos_leves";"feridos_graves";"ilesos";"ignorados";"feridos";"veiculos"
83504008;"03/10/16";"Segunda";"09:45:00";"BA";101;"238";"CONCEICAO DO ALMEIDA";"Falta de atenção";"Saída de Pista";"Com Vítimas Feridas";"Pleno dia";"Crescente";"Nublado";"Simples";"Reta";"Rural";2;0;1;0;1;0;1;1
83504009;"30/09/16";"Sexta";"22:15:00";"RJ";101;"321";"NITEROI";"Velocidade incompatível";"Colisão com objeto fixo";"Sem Vítimas";"Plena noite";"Decrescente";"Nublado";"Dupla";"Curva";"Urbano";1;0;0;0;1;0;0;1
83504010;"04/10/16";"Terça";"05:55:00";"MG";40;"558";"NOVA LIMA";"Velocidade incompatível";"Colisão com objeto fixo";"Com Vítimas Feridas";"Amanhecer";"Crescente";"Chuva";"Dupla";"Curva";"Rural";1;0;1;0;0;0;1;1
83504011;"03/10/16";"Segunda";"19:20:00";"BA";101;"33";"ESPLANADA";"Desobediência à sinalização";"Colisão frontal";"Com Vítimas Feridas";"Plena noite";"Crescente";"Ceu Claro";"Simples";"Reta";"Rural";2;0;1;0;1;0;1;2
83504012;"04/10/16";"Terça";"05:35:00";"PR";376;"233";"APUCARANA";"Defeito mecânico em veículo";"Colisão com objeto fixo";"Sem Vítimas";"Plena noite";"Crescente";"Nublado";"Dupla";"Curva";"Rural";1;0;0;0;1;0;0;1
83504013;"03/10/16";"Segunda";"22:50:00";"PR";376;"656,8";"TIJUCAS DO SUL";"Velocidade incompatível";"Colisão com objeto fixo";"Com Vítimas Feridas";"Plena noite";"Decrescente";"Nublado";"Simples";"Curva";"Rural";2;0;1;0;1;0;1;2
83504014;"04/10/16";"Terça";"05:30:00";"RS";116;"637,3";"JAGUARAO";"Animais na Pista";"Saída de Pista";"Sem Vítimas";"Amanhecer";"Decrescente";"Ceu Claro";"Simples";"Reta";"Rural";3;0;0;0;3;0;0;1
83504015;"04/10/16";"Terça";"05:35:00";"PR";116;"70";"CAMPINA GRANDE DO SUL";"Falta de atenção";"Colisão com objeto fixo";"Sem Vítimas";"Plena noite";"Crescente";"Nublado";"Dupla";"Reta";"Rural";1;0;0;0;1;0;0;1
83504016;"04/10/16";"Terça";"00:51:00";"RJ";101;"210";"CASIMIRO DE ABREU";"Falta de atenção";"Saída de Pista";"Sem Vítimas";"Plena noite";"Crescente";"Chuva";"Dupla";"Reta";"Urbano";1;0;0;0;1;0;0;1
83504017;"03/10/16";"Segunda";"20:00:00";"MT";70;"255";"PRIMAVERA DO LESTE";"Ingestão de álcool";"Queda de motocicleta / bicicleta / veículo";"Com Vítimas Feridas";"Plena noite";"Decrescente";"Ceu Claro";"Simples";"Reta";"Rural";2;0;1;0;0;1;1;1
83504018;"04/10/16";"Terça";"02:45:00";"SP";153;"274";"OCAUCU";"Ingestão de álcool";"Capotamento";"Sem Vítimas";"Plena noite";"Decrescente";"Nublado";"Simples";"Curva";"Rural";1;0;0;0;1;0;0;1
83504019;"03/10/16";"Segunda";"20:30:00";"MG";459;"107,2";"POUSO ALEGRE";"Falta de atenção";"Atropelamento de pessoa";"Com Vítimas Feridas";"Plena noite";"Decrescente";"Chuva";"Simples";"Curva";"Urbano";2;0;0;1;1;0;1;1
83504020;"03/10/16";"Segunda";"11:00:00";"RJ";116;"139";"DUQUE DE CAXIAS";"Falta de atenção";"Atropelamento de pessoa";"Com Vítimas Feridas";"Pleno dia";"Decrescente";"Nublado";"Dupla";"Reta";"Rural";2;0;1;0;1;0;1;1
83504021;"03/10/16";"Segunda";"09:30:00";"PR";153;"408";"MALLET";"Outras";"Colisão traseira";"Sem Vítimas";"Pleno dia";"Decrescente";"Nublado";"Simples";"Reta";"Rural";2;0;0;0;2;0;0;2
83504022;"03/10/16";"Segunda";"19:15:00";"SP";381;"69,9";"MAIRIPORA";"Falta de atenção";"Colisão lateral";"Sem Vítimas";"Pleno dia";"Crescente";"Nublado";"Dupla";"Curva";"Rural";2;0;0;0;2;0;0;2
83504023;"03/10/16";"Segunda";"23:50:00";"SP";116;"228,6";"SAO PAULO";"Falta de atenção";"Colisão traseira";"Sem Vítimas";"Plena noite";"Decrescente";"Chuva";"Múltipla";"Reta";"Urbano";2;0;0;0;1;1;0;2
83504024;"04/10/16";"Terça";"04:15:00";"MG";381;"305,9";"ANTONIO DIAS";"Velocidade incompatível";"Saída de Pista";"Sem Vítimas";"Plena noite";"Crescente";"Chuva";"Simples";"Curva";"Rural";1;0;0;0;1;0;0;1
83504026;"01/10/16";"Sábado";"03:30:00";"PI";343;"268";"CAMPO MAIOR";"Ingestão de álcool";"Colisão frontal";"Com Vítimas Feridas";"Plena noite";"Decrescente";"Ceu Claro";"Simples";"Reta";"Urbano";2;0;0;1;0;1;1;2
83504027;"30/09/16";"Sexta";"19:00:00";"TO";153;"377";"RIO DOS BOIS";"Velocidade incompatível";"Colisão traseira";"Sem Vítimas";"Plena noite";"Decrescente";"Chuva";"Simples";"Reta";"Rural";2;0;0;0;2;0;0;2
83504028;"30/09/16";"Sexta";"19:00:00";"TO";153;"377";"RIO DOS BOIS";"Velocidade incompatível";"Colisão traseira";"Sem Vítimas";"Plena noite";"Decrescente";"Chuva";"Simples";"Reta";"Rural";2;0;0;0;2;0;0;2
83504029;"04/10/16";"Terça";"07:20:00";"PR";376;"666";"GUARATUBA";"Velocidade incompatível";"Saída de Pista";"Sem Vítimas";"Pleno dia";"Decrescente";"Nublado";"Dupla";"Curva";"Rural";1;0;0;0;1;0;0;1
83504030;"30/09/16";"Sexta";"17:00:00";"BA";324;"543";"AMELIA RODRIGUES";"Outras";"Colisão lateral";"Sem Vítimas";"Pleno dia";"Decrescente";"Nublado";"Dupla";"Reta";"Urbano";2;0;0;0;2;0;0;2
83504031;"30/09/16";"Sexta";"03:30:00";"MG";40;"558";"NOVA LIMA";"Dormindo";"Saída de Pista";"Sem Vítimas";"Plena noite";"Crescente";"Ceu Claro";"Dupla";"Reta";"Urbano";1;0;0;0;1;0;0;1
83504032;"30/09/16";"Sexta";"10:00:00";"MG";267;"333";"CONCEICAO DO RIO VERDE";"Falta de atenção";"Colisão traseira";"Sem Vítimas";"Pleno dia";"Crescente";"Ceu Claro";"Dupla";"Curva";"Rural";4;0;0;0;4;0;0;2
83504033;"04/10/16";"Terça";"06:00:00";"PE";232;"356";"FLORES";"Outras";"Tombamento";"Sem Vítimas";"Amanhecer";"Decrescente";"Ceu Claro";"Simples";"Curva";"Rural";1;0;0;0;1;0;0;1
83504034;"21/09/16";"Quarta";"16:00:00";"PE";232;"137";"CARUARU";"Falta de atenção";"Colisão traseira";"Com Vítimas Feridas";"Pleno dia";"Crescente";"Ceu Claro";"Dupla";"Reta";"Rural";2;0;0;1;1;0;1;2
83504035;"04/10/16";"Terça";"06:50:00";"GO";60;"391,1";"RIO VERDE";"Defeito mecânico em veículo";"Incêndio";"Sem Vítimas";"Pleno dia";"Crescente";"Ceu Claro";"Dupla";"Reta";"Rural";1;0;0;0;1;0;0;1
83504036;"03/10/16";"Segunda";"15:30:00";"MA";135;"53";"BACABEIRA";"Falta de atenção";"Colisão traseira";"Sem Vítimas";"Pleno dia";"Decrescente";"Ceu Claro";"Simples";"Reta";"Rural";2;0;0;0;2;0;0;2
83504037;"04/10/16";"Terça";"08:15:00";"RJ";116;"227,9";"PIRAI";"Outras";"Colisão com objeto fixo";"Sem Vítimas";"Pleno dia";"Decrescente";"Chuva";"Múltipla";"Curva";"Rural";1;0;0;0;1;0;0;1
83504039;"30/09/16";"Sexta";"23:05:00";"SC";101;"157,3";"PORTO BELO";"Falta de atenção";"Colisão traseira";"Sem Vítimas";"Plena noite";"Decrescente";"Chuva";"Múltipla";"Reta";"Rural";3;0;0;0;3;0;0;3
83504040;"03/10/16";"Segunda";"04:00:00";"MG";135;"600";"CORINTO";"Outras";"Tombamento";"Com Vítimas Feridas";"Plena noite";"Decrescente";"Ceu Claro";"Simples";"Reta";"Rural";1;0;1;0;0;0;1;1
83504041;"30/09/16";"Sexta";"23:20:00";"RJ";101;"285";"ITABORAI";"Animais na Pista";"Atropelamento de animal";"Com Vítimas Feridas";"Plena noite";"Decrescente";"Ignorada";"Dupla";"Reta";"Rural";5;0;1;0;4;0;1;4
83504042;"01/10/16";"Sábado";"20:00:00";"BA";324;"512";"FEIRA DE SANTANA";"Falta de atenção";"Colisão frontal";"Com Vítimas Feridas";"Plena noite";"Decrescente";"Nublado";"Simples";"Reta";"Urbano";3;0;0;2;1;0;2;2
83504043;"04/10/16";"Terça";"08:10:00";"GO";153;"439,4";"ANAPOLIS";"Velocidade incompatível";"Colisão com objeto fixo";"Com Vítimas Feridas";"Pleno dia";"Decrescente";"Chuva";"Dupla";"Curva";"Urbano";1;0;1;0;0;0;1;1
83504044;"04/10/16";"Terça";"07:30:00";"SC";101;"32,5";"JOINVILLE";"Falta de atenção";"Queda de motocicleta / bicicleta / veículo";"Com Vítimas Feridas";"Pleno dia";"Decrescente";"Nublado";"Dupla";"Reta";"Urbano";1;0;1;0;0;0;1;1
83504045;"30/09/16";"Sexta";"11:30:00";"GO";153;"437";"ANAPOLIS";"Outras";"Colisão com objeto fixo";"Sem Vítimas";"Pleno dia";"Crescente";"Nublado";"Dupla";"Reta";"Urbano";1;0;0;0;1;0;0;1
83504046;"01/10/16";"Sábado";"06:30:00";"MG";262;"632";"IBIA";"Velocidade incompatível";"Tombamento";"Sem Vítimas";"Amanhecer";"Crescente";"Nublado";"Simples";"Reta";"Rural";1;0;0;0;1;0;0;1
83504047;"03/10/16";"Segunda";"05:23:00";"RO";364;"703,9";"PORTO VELHO";"Velocidade incompatível";"Colisão traseira";"Com Vítimas Feridas";"Amanhecer";"Decrescente";"Ceu Claro";"Dupla";"Reta";"Rural";2;0;1;0;1;0;1;2
83504048;"04/10/16";"Terça";"08:20:00";"SC";158;"100";"CUNHA PORA";"Falta de atenção";"Colisão lateral";"Sem Vítimas";"Pleno dia";"Decrescente";"Ceu Claro";"Simples";"Reta";"Rural";2;0;0;0;2;0;0;2
83504049;"30/09/16";"Sexta";"20:40:00";"SC";101;"208";"SAO JOSE";"Ingestão de álcool";"Colisão traseira";"Com Vítimas Feridas";"Plena noite";"Crescente";"Ceu Claro";"Simples";"Reta";"Urbano";3;0;3;0;0;0;3;2
83504050;"30/09/16";"Sexta";"18:30:00";"RJ";116;"222";"PIRAI";"Velocidade incompatível";"Colisão com objeto fixo";"Com Vítimas Feridas";"Anoitecer";"Crescente";"Chuva";"Dupla";"Curva";"Rural";1;0;1;0;0;0;1;1
83504051;"02/10/16";"Domingo";"11:15:00";"SP";488;"1";"APARECIDA";"Falta de atenção";"Colisão traseira";"Com Vítimas Feridas";"Pleno dia";"Crescente";"Sol";"Dupla";"Reta";"Urbano";4;0;2;0;2;0;2;2
83504052;"01/10/16";"Sábado";"05:00:00";"SC";280;"55";"GUARAMIRIM";"Ingestão de álcool";"Colisão frontal";"Sem Vítimas";"Amanhecer";"Crescente";"Chuva";"Simples";"Reta";"Urbano";2;0;0;0;1;1;0;2
83504053;"04/10/16";"Terça";"09:00:00";"PR";277;"254,7";"IRATI";"Falta de atenção";"Colisão Transversal";"Com Vítimas Feridas";"Pleno dia";"Crescente";"Nublado";"Simples";"Reta";"Rural";3;0;2;0;1;0;2;2
83504055;"03/10/16";"Segunda";"08:30:00";"MS";262;"630,3";"MIRANDA";"Animais na Pista";"Atropelamento de animal";"Sem Vítimas";"Pleno dia";"Decrescente";"Nublado";"Dupla";"Reta";"Rural";1;0;0;0;1;0;0;1
83504056;"26/09/16";"Segunda";"14:15:00";"PE";101;"54";"PAULISTA";"Falta de atenção";"Colisão lateral";"Com Vítimas Feridas";"Pleno dia";"Decrescente";"Sol";"Dupla";"Reta";"Urbano";2;0;1;0;1;0;1;2
83504057;"04/10/16";"Terça";"08:50:00";"SC";101;"209";"SAO JOSE";"Falta de atenção";"Colisão traseira";"Sem Vítimas";"Pleno dia";"Decrescente";"Nublado";"Simples";"Reta";"Urbano";2;0;0;0;2;0;0;2
83504058;"06/08/16";"Sábado";"10:10:00";"GO";153;"239";"SAO LUIZ DO NORTE";"Outras";"Saída de Pista";"Com Vítimas Feridas";"Plena noite";"Decrescente";"Ceu Claro";"Simples";"Reta";"Rural";2;0;1;1;0;0;2;1
83504059;"01/10/16";"Sábado";"20:33:00";"MS";163;"548,5";"BANDEIRANTES";"Falta de atenção";"Colisão Transversal";"Com Vítimas Feridas";"Plena noite";"Crescente";"Ceu Claro";"Simples";"Reta";"Urbano";2;0;1;0;1;0;1;2
83504060;"04/10/16";"Terça";"07:11:00";"MG";381;"507,3";"SAO JOAQUIM DE BICAS";"Outras";"Colisão com objeto fixo";"Sem Vítimas";"Pleno dia";"Decrescente";"Chuva";"Múltipla";"Reta";"Urbano";1;0;0;0;1;0;0;1
83504061;"04/10/16";"Terça";"09:40:00";"PR";116;"110";"CURITIBA";"Falta de atenção";"Colisão com objeto fixo";"Sem Vítimas";"Pleno dia";"Crescente";"Nublado";"Dupla";"Curva";"Rural";2;0;0;0;1;1;0;2
83504062;"22/09/16";"Quinta";"09:00:00";"SC";101;"201,1";"SAO JOSE";"Outras";"Colisão lateral";"Com Vítimas Feridas";"Pleno dia";"Crescente";"Nublado";"Múltipla";"Reta";"Urbano";2;0;1;0;1;0;1;2
83504063;"30/09/16";"Sexta";"14:30:00";"MG";381;"889,2";"CAMBUI";"Falta de atenção";"Colisão lateral";"Com Vítimas Feridas";"Pleno dia";"Crescente";"Ceu Claro";"Dupla";"Curva";"Rural";3;0;1;0;2;0;1;2
83504064;"01/10/16";"Sábado";"08:12:00";"RS";290;"96";"PORTO ALEGRE";"Outras";"Colisão lateral";"Com Vítimas Feridas";"Pleno dia";"Decrescente";"Vento";"Dupla";"Curva";"Urbano";3;0;2;0;1;0;2;2
83504065;"03/10/16";"Segunda";"07:20:00";"MG";381;"315";"ANTONIO DIAS";"Velocidade incompatível";"Colisão frontal";"Com Vítimas Feridas";"Amanhecer";"Crescente";"Chuva";"Simples";"Curva";"Rural";2;0;1;0;1;0;1;2
83504066;"04/10/16";"Terça";"08:40:00";"SC";101;"215,5";"PALHOCA";"Falta de atenção";"Colisão traseira";"Sem Vítimas";"Pleno dia";"Crescente";"Nublado";"Dupla";"Reta";"Urbano";2;0;0;0;2;0;0;2
83504067;"04/10/16";"Terça";"08:50:00";"PA";316;"155";"CAPANEMA";"Outras";"Colisão frontal";"Com Vítimas Feridas";"Pleno dia";"Decrescente";"Sol";"Simples";"Reta";"Rural";2;0;0;1;1;0;1;2
83504068;"04/10/16";"Terça";"08:00:00";"RS";116;"656,1";"JAGUARAO";"Outras";"Saída de Pista";"Com Vítimas Feridas";"Pleno dia";"Crescente";"Nublado";"Simples";"Reta";"Urbano";1;0;1;0;0;0;1;1
83504069;"04/10/16";"Terça";"08:30:00";"GO";60;"127,9";"GOIANIA";"Outras";"Colisão frontal";"Com Vítimas Feridas";"Pleno dia";"Crescente";"Chuva";"Dupla";"Reta";"Rural";2;0;0;2;0;0;2;2
83504070;"04/10/16";"Terça";"09:35:00";"MG";116;"595,1";"MANHUACU";"Velocidade incompatível";"Colisão Transversal";"Sem Vítimas";"Pleno dia";"Crescente";"Chuva";"Simples";"Curva";"Rural";2;0;0;0;2;0;0;2
83504071;"01/10/16";"Sábado";"02:30:00";"SP";116;"50,4";"LORENA";"Outras";"Atropelamento de pessoa";"Com Vítimas Fatais";"Plena noite";"Crescente";"Chuva";"Dupla";"Reta";"Rural";2;1;0;0;0;1;0;1
83504072;"01/10/16";"Sábado";"15:00:00";"MG";381;"533,4";"ITATIAIUCU";"Velocidade incompatível";"Saída de Pista";"Sem Vítimas";"Pleno dia";"Crescente";"Chuva";"Dupla";"Curva";"Rural";1;0;0;0;1;0;0;1
83504073;"04/10/16";"Terça";"07:15:00";"GO";153;"509";"APARECIDA DE GOIANIA";"Não guardar distância de segurança";"Colisão traseira";"Sem Vítimas";"Pleno dia";"Decrescente";"Chuva";"Dupla";"Reta";"Urbano";4;0;0;0;4;0;0;2
83504074;"04/10/16";"Terça";"07:40:00";"PR";277;"81";"CURITIBA";"Outras";"Colisão lateral";"Com Vítimas Feridas";"Pleno dia";"Crescente";"Ceu Claro";"Dupla";"Reta";"Urbano";3;0;2;0;1;0;2;2
83504075;"04/10/16";"Terça";"09:10:00";"RJ";116;"229";"PIRAI";"Outras";"Capotamento";"Sem Vítimas";"Pleno dia";"Decrescente";"Chuva";"Dupla";"Curva";"Rural";2;0;0;0;2;0;0;1
83504076;"30/09/16";"Sexta";"15:58:00";"PR";277;"42";"MORRETES";"Outras";"Saída de Pista";"Sem Vítimas";"Pleno dia";"Decrescente";"Nublado";"Dupla";"Curva";"Rural";1;0;0;0;1;0;0;1
83504077;"01/10/16";"Sábado";"02:00:00";"RO";364;"612";"ITAPUÃ DO OESTE";"Outras";"Colisão lateral";"Sem Vítimas";"Plena noite";"Decrescente";"Ceu Claro";"Simples";"Reta";"Rural";3;0;0;0;3;0;0;2
83504078;"04/10/16";"Terça";"05:30:00";"PI";316;"76,3";"OLHO DAGUA DO PIAUI";"Não guardar distância de segurança";"Colisão traseira";"Com Vítimas Feridas";"Amanhecer";"Decrescente";"Ceu Claro";"Simples";"Reta";"Rural";4;0;0;2;2;0;2;2
83504079;"03/10/16";"Segunda";"07:30:00";"PI";222;"66";"PIRIPIRI";"Defeito mecânico em veículo";"Queda de motocicleta / bicicleta / veículo";"Com Vítimas Feridas";"Pleno dia";"Decrescente";"Ceu Claro";"Simples";"Reta";"Rural";2;0;0;1;1;0;1;1
83504080;"03/10/16";"Segunda";"06:00:00";"MS";163;"587";"BANDEIRANTES";"Dormindo";"Saída de Pista";"Com Vítimas Feridas";"Amanhecer";"Decrescente";"Ceu Claro";"Dupla";"Reta";"Rural";1;0;1;0;0;0;1;1
83504081;"01/10/16";"Sábado";"05:30:00";"PR";277;"82,6";"CURITIBA";"Falta de atenção";"Colisão lateral";"Com Vítimas Feridas";"Plena noite";"Decrescente";"Nublado";"Dupla";"Reta";"Urbano";2;0;1;0;0;1;1;2
83504082;"04/10/16";"Terça";"08:00:00";"SC";282;"466";"PONTE SERRADA";"Ultrapassagem indevida";"Colisão Transversal";"Com Vítimas Fatais";"Pleno dia";"Decrescente";"Ceu Claro";"Simples";"Reta";"Rural";3;1;0;0;2;0;0;3
83504083;"30/09/16";"Sexta";"21:40:00";"RS";290;"59,3";"GLORINHA";"Falta de atenção";"Colisão traseira";"Com Vítimas Feridas";"Plena noite";"Decrescente";"Ceu Claro";"Múltipla";"Reta";"Rural";2;0;2;0;0;0;2;2
83504084;"01/10/16";"Sábado";"23:45:00";"RS";116;"268";"CANOAS";"Falta de atenção";"Colisão traseira";"Sem Vítimas";"Plena noite";"Decrescente";"Nublado";"Múltipla";"Reta";"Urbano";2;0;0;0;2;0;0;2
83504085;"04/10/16";"Terça";"09:10:00";"RS";116;"149";"CAXIAS DO SUL";"Falta de atenção";"Atropelamento de pessoa";"Com Vítimas Feridas";"Pleno dia";"Decrescente";"Ceu Claro";"Dupla";"Reta";"Urbano";2;0;1;0;1;0;1;1
83504086;"30/09/16";"Sexta";"20:10:00";"MS";262;"168,5";"AGUA CLARA";"Animais na Pista";"Atropelamento de animal";"Sem Vítimas";"Plena noite";"Decrescente";"Ceu Claro";"Simples";"Reta";"Rural";4;0;0;0;4;0;0;1
83504087;"04/10/16";"Terça";"10:00:00";"PR";277;"686";"SAO MIGUEL DO IGUACU";"Falta de atenção";"Saída de Pista";"Sem Vítimas";"Pleno dia";"Decrescente";"Ceu Claro";"Dupla";"Reta";"Rural";1;0;0;0;1;0;0;1
83504088;"04/10/16";"Terça";"10:00:00";"PR";376;"669";"GUARATUBA";"Velocidade incompatível";"Colisão traseira";"Sem Vítimas";"Pleno dia";"Crescente";"Ceu Claro";"Dupla";"Curva";"Rural";2;0;0;0;2;0;0;2
83504089;"30/09/16";"Sexta";"17:30:00";"GO";60;"43";"ALEXANIA";"Falta de atenção";"Capotamento";"Com Vítimas Feridas";"Pleno dia";"Crescente";"Ceu Claro";"Dupla";"Reta";"Rural";3;0;3;0;0;0;3;1
83504090;"04/10/16";"Terça";"12:00:00";"RJ";116;"165,9";"RIO DE JANEIRO";"Falta de atenção";"Colisão lateral";"Com Vítimas Feridas";"Pleno dia";"Crescente";"Nublado";"Dupla";"Reta";"Urbano";2;0;1;0;0;1;1;2
83504091;"30/09/16";"Sexta";"18:50:00";"PR";158;"199";"PEABIRU";"Outras";"Saída de Pista";"Com Vítimas Feridas";"Plena noite";"Crescente";"Ceu Claro";"Dupla";"Curva";"Urbano";1;0;0;1;0;0;1;1
83504092;"04/10/16";"Terça";"11:25:00";"MG";116;"710,6";"MURIAE";"Velocidade incompatível";"Capotamento";"Com Vítimas Feridas";"Pleno dia";"Decrescente";"Chuva";"Simples";"Curva";"Rural";1;0;1;0;0;0;1;1
83504093;"04/09/16";"Domingo";"09:40:00";"ES";101;"280";"SERRA";"Outras";"Derramamento de Carga";"Sem Vítimas";"Pleno dia";"Crescente";"Chuva";"Dupla";"Curva";"Urbano";1;0;0;0;1;0;0;1
83504094;"04/10/16";"Terça";"10:40:00";"PR";116;"17";"ANTONINA";"Velocidade incompatível";"Saída de Pista";"Sem Vítimas";"Pleno dia";"Decrescente";"Chuva";"Dupla";"Curva";"Rural";1;0;0;0;1;0;0;1
83504095;"04/10/16";"Terça";"12:00:00";"RN";427;"107,9";"CAICO";"Defeito mecânico em veículo";"Colisão com objeto móvel";"Com Vítimas Feridas";"Pleno dia";"Crescente";"Sol";"Simples";"Reta";"Rural";2;0;1;0;1;0;1;2
83504096;"30/09/16";"Sexta";"07:30:00";"MT";163;"801,5";"VERA";"Falta de atenção";"Saída de Pista";"Sem Vítimas";"Pleno dia";"Crescente";"Ceu Claro";"Simples";"Curva";"Rural";1;0;0;0;1;0;0;1
83504097;"02/10/16";"Domingo";"21:00:00";"PR";158;"204";"PEABIRU";"Velocidade incompatível";"Saída de Pista";"Com Vítimas Feridas";"Plena noite";"Decrescente";"Ceu Claro";"Dupla";"Reta";"Rural";1;0;0;1;0;0;1;1
83504098;"01/10/16";"Sábado";"16:00:00";"MG";381;"597,6";"CARMOPOLIS DE MINAS";"Desobediência à sinalização";"Colisão com objeto fixo";"Sem Vítimas";"Pleno dia";"Crescente";"Nublado";"Dupla";"Reta";"Rural";1;0;0;0;1;0;0;1
83504099;"30/09/16";"Sexta";"19:20:00";"ES";101;"64,9";"SAO MATEUS";"Não guardar distância de segurança";"Colisão traseira";"Sem Vítimas";"Plena noite";"Decrescente";"Ceu Claro";"Simples";"Reta";"Urbano";2;0;0;0;2;0;0;2
83504100;"04/10/16";"Terça";"10:40:00";"RS";290;"97";"PORTO ALEGRE";"Falta de atenção";"Colisão traseira";"Com Vítimas Feridas";"Pleno dia";"Crescente";"Ceu Claro";"Dupla";"Reta";"Urbano";3;0;1;0;2;0;1;2
83504101;"04/10/16";"Terça";"11:20:00";"DF";20;"49";"BRASILIA";"Velocidade incompatível";"Capotamento";"Com Vítimas Feridas";"Pleno dia";"Crescente";"Chuva";"Dupla";"Reta";"Urbano";1;0;1;0;0;0;1;1
83504102;"30/09/16";"Sexta";"22:30:00";"MG";116;"423";"ALPERCATA";"Falta de atenção";"Colisão Transversal";"Sem Vítimas";"Plena noite";"Decrescente";"Nublado";"Simples";"Cruzamento";"Rural";2;0;0;0;2;0;0;2
83504103;"01/10/16";"Sábado";"08:00:00";"RJ";116;"240,8";"PIRAI";"Outras";"Colisão com objeto móvel";"Com Vítimas Feridas";"Pleno dia";"Decrescente";"Chuva";"Dupla";"Curva";"Rural";3;0;1;1;1;0;2;2
83504104;"04/10/16";"Terça";"07:30:00";"RJ";101;"265";"RIO BONITO";"Outras";"Saída de Pista";"Sem Vítimas";"Amanhecer";"Decrescente";"Chuva";"Dupla";"Reta";"Urbano";1;0;0;0;1;0;0;1
83504105;"04/10/16";"Terça";"05:45:00";"MG";135;"404";"BOCAIUVA";"Velocidade incompatível";"Capotamento";"Com Vítimas Feridas";"Amanhecer";"Crescente";"Chuva";"Simples";"Curva";"Rural";1;0;1;0;0;0;1;1
83504106;"04/10/16";"Terça";"10:00:00";"RJ";116;"226";"PIRAI";"Outras";"Capotamento";"Sem Vítimas";"Pleno dia";"Crescente";"Chuva";"Dupla";"Curva";"Rural";1;0;0;0;1;0;0;1
83504107;"04/10/16";"Terça";"10:30:00";"MG";381;"526,3";"BRUMADINHO";"Velocidade incompatível";"Capotamento";"Com Vítimas Feridas";"Pleno dia";"Crescente";"Chuva";"Dupla";"Curva";"Rural";1;0;1;0;0;0;1;1
83504108;"04/10/16";"Terça";"13:10:00";"RS";386;"337,5";"LAJEADO";"Desobediência à sinalização";"Colisão traseira";"Sem Vítimas";"Pleno dia";"Decrescente";"Nublado";"Simples";"Reta";"Urbano";2;0;0;0;2;0;0;2
83504109;"04/10/16";"Terça";"12:40:00";"PR";116;"89";"PIRAQUARA";"Defeito mecânico em veículo";"Queda de motocicleta / bicicleta / veículo";"Com Vítimas Feridas";"Pleno dia";"Crescente";"Nublado";"Dupla";"Reta";"Rural";1;0;1;0;0;0;1;1
83504110;"04/10/16";"Terça";"08:37:00";"MG";381;"617";"OLIVEIRA";"Velocidade incompatível";"Saída de Pista";"Com Vítimas Feridas";"Pleno dia";"Crescente";"Chuva";"Dupla";"Curva";"Urbano";2;0;1;0;1;0;1;1
83504111;"01/10/16";"Sábado";"10:20:00";"RJ";116;"279";"BARRA MANSA";"Outras";"Colisão com objeto fixo";"Com Vítimas Feridas";"Pleno dia";"Crescente";"Chuva";"Dupla";"Curva";"Rural";1;0;1;0;0;0;1;1
83504112;"04/10/16";"Terça";"09:25:00";"MG";40;"509";"RIBEIRAO DAS NEVES";"Não guardar distância de segurança";"Colisão traseira";"Com Vítimas Feridas";"Pleno dia";"Crescente";"Nublado";"Dupla";"Reta";"Urbano";3;0;1;0;2;0;1;3
83504113;"02/10/16";"Domingo";"22:45:00";"RN";405;"156,5";"RAFAEL FERNANDES";"Ingestão de álcool";"Atropelamento de pessoa";"Com Vítimas Fatais";"Plena noite";"Decrescente";"Ceu Claro";"Simples";"Reta";"Rural";3;1;0;1;0;1;1;1
83504114;"15/09/16";"Quinta";"11:10:00";"ES";101;"135";"LINHARES";"Desobediência à sinalização";"Colisão traseira";"Sem Vítimas";"Pleno dia";"Decrescente";"Sol";"Simples";"Reta";"Rural";3;0;0;0;3;0;0;3
83504115;"04/10/16";"Terça";"12:00:00";"SC";470;"138";"RIO DO SUL";"Não guardar distância de segurança";"Colisão traseira";"Com Vítimas Feridas";"Pleno dia";"Decrescente";"Sol";"Simples";"Reta";"Urbano";2;0;1;0;1;0;1;2
83504116;"04/10/16";"Terça";"09:00:00";"RS";285;"87,6";"MONTE ALEGRE DOS CAMPOS";"Falta de atenção";"Colisão Transversal";"Sem Vítimas";"Pleno dia";"Decrescente";"Ceu Claro";"Simples";"Reta";"Rural";2;0;0;0;2;0;0;2
83504117;"04/10/16";"Terça";"09:50:00";"RS";471;"167,6";"RIO PARDO";"Ultrapassagem indevida";"Colisão lateral";"Com Vítimas Feridas";"Pleno dia";"Crescente";"Sol";"Simples";"Reta";"Rural";2;0;1;0;1;0;1;2
83504118;"02/10/16";"Domingo";"09:00:00";"SC";282;"197";"LAGES";"Outras";"Saída de Pista";"Com Vítimas Feridas";"Pleno dia";"Decrescente";"Chuva";"Simples";"Reta";"Rural";3;0;2;0;1;0;2;1