"id";"data_inversa";"dia_semana";"horario";"uf";"br";"km";"municipio";"causa_acidente";"tipo_acidente";"classificacao_acidente";"fase_dia";"sentido_via";"condicao_metereologica";"tipo_pista";"tracado_via";"uso_solo";"pessoas";"mortos";"feridos_leves";"feridos_graves";"ilesos";"ignorados";"feridos";"veiculos"
83504119;"28/09/16";"Quarta";"16:00:00";"SC";101;"62";"ARAQUARI";"Defeito mecânico em veículo";"Tombamento";"Com Vítimas Feridas";"Pleno dia";"Decrescente";"Ceu Claro";"Dupla";"Reta";"Rural";2;0;2;0;0;0;2;1
83504120;"02/10/16";"Domingo";"15:49:00";"PA";230;"127";"MARABA";"Falta de atenção";"Colisão Transversal";"Sem Vítimas";"Pleno dia";"Crescente";"Ceu Claro";"Simples";"Reta";"Rural";2;0;0;0;2;0;0;2
83504121;"04/10/16";"Terça";"12:00:00";"PR";277;"726";"FOZ DO IGUACU";"Falta de atenção";"Colisão Transversal";"Com Vítimas Feridas";"Pleno dia";"Decrescente";"Sol";"Dupla";"Curva";"Urbano";2;0;0;1;1;0;1;2
83504122;"04/10/16";"Terça";"08:40:00";"GO";60;"127,9";"GOIANAPOLIS";"Falta de atenção";"Colisão traseira";"Com Vítimas Feridas";"Pleno dia";"Decrescente";"Chuva";"Dupla";"Reta";"Rural";2;0;1;0;1;0;1;2
83504123;"29/09/16";"Quinta";"19:30:00";"RS";392;"37,4";"RIO GRANDE";"Outras";"Colisão com objeto fixo";"Sem Vítimas";"Plena noite";"Decrescente";"Ceu Claro";"Dupla";"Reta";"Rural";2;0;0;0;1;1;0;2
83504124;"04/10/16";"Terça";"10:50:00";"RS";285;"342,6";"CARAZINHO";"Ultrapassagem indevida";"Saída de Pista";"Sem Vítimas";"Pleno dia";"Crescente";"Sol";"Simples";"Reta";"Rural";1;0;0;0;1;0;0;1
83504125;"04/10/16";"Terça";"06:00:00";"RS";285;"87,6";"MONTE ALEGRE DOS CAMPOS";"Animais na Pista";"Saída de Pista";"Sem Vítimas";"Amanhecer";"Crescente";"Ceu Claro";"Simples";"Reta";"Rural";1;0;0;0;1;0;0;1
83504126;"03/10/16";"Segunda";"00:10:00";"BA";242;"391";"SEABRA";"Velocidade incompatível";"Colisão com objeto fixo";"Com Vítimas Fatais";"Plena noite";"Crescente";"Ceu Claro";"Simples";"Reta";"Rural";1;1;0;0;0;0;0;1
83504127;"01/10/16";"Sábado";"05:45:00";"BA";101;"59";"ENTRE RIOS";"Falta de atenção";"Saída de Pista";"Com Vítimas Feridas";"Amanhecer";"Crescente";"Nublado";"Dupla";"Reta";"Rural";1;0;1;0;0;0;1;1
83504128;"26/09/16";"Segunda";"23:25:00";"MG";262;"799,2";"UBERABA";"Velocidade incompatível";"Saída de Pista";"Com Vítimas Feridas";"Plena noite";"Crescente";"Ceu Claro";"Simples";"Reta";"Rural";1;0;1;0;0;0;1;1
83504129;"04/10/16";"Terça";"10:30:00";"MG";381;"732,3";"CARMO DA CACHOEIRA";"Velocidade incompatível";"Capotamento";"Sem Vítimas";"Pleno dia";"Decrescente";"Chuva";"Dupla";"Curva";"Rural";1;0;0;0;1;0;0;1
83504130;"04/10/16";"Terça";"13:00:00";"PR";277;"417";"CANTAGALO";"Outras";"Queda de motocicleta / bicicleta / veículo";"Com Vítimas Feridas";"Pleno dia";"Decrescente";"Ceu Claro";"Múltipla";"Curva";"Rural";1;0;1;0;0;0;1;1
83504131;"04/10/16";"Terça";"04:00:00";"MS";262;"189";"RIBAS DO RIO PARDO";"Defeito mecânico em veículo";"Incêndio";"Sem Vítimas";"Plena noite";"Decrescente";"Nublado";"Simples";"Reta";"Rural";1;0;0;0;1;0;0;1
83504132;"01/10/16";"Sábado";"16:20:00";"MG";381;"533,4";"ITATIAIUCU";"Velocidade incompatível";"Capotamento";"Com Vítimas Feridas";"Pleno dia";"Decrescente";"Chuva";"Dupla";"Curva";"Rural";1;0;1;0;0;0;1;1
83504133;"04/10/16";"Terça";"08:30:00";"MG";116;"305,6";"ITAMBACURI";"Falta de atenção";"Colisão traseira";"Com Vítimas Feridas";"Pleno dia";"Crescente";"Nublado";"Simples";"Reta";"Rural";2;0;1;0;1;0;1;2
83504134;"04/10/16";"Terça";"07:00:00";"SP";153;"61,2";"SAO JOSE DO RIO PRETO";"Falta de atenção";"Colisão traseira";"Com Vítimas Feridas";"Pleno dia";"Crescente";"Ceu Claro";"Dupla";"Reta";"Urbano";2;0;1;0;1;0;1;2
83504135;"04/10/16";"Terça";"09:40:00";"MG";381;"493";"BETIM";"Outras";"Colisão lateral";"Sem Vítimas";"Pleno dia";"Crescente";"Nublado";"Dupla";"Reta";"Urbano";2;0;0;0;1;1;0;2
83504136;"30/09/16";"Sexta";"22:40:00";"GO";153;"613,9";"MORRINHOS";"Velocidade incompatível";"Saída de Pista";"Sem Vítimas";"Plena noite";"Decrescente";"Ceu Claro";"Dupla";"Reta";"Rural";1;0;0;0;1;0;0;1
83504138;"04/10/16";"Terça";"12:00:00";"DF";60;"28";"BRASILIA";"Outras";"Capotamento";"Com Vítimas Feridas";"Pleno dia";"Decrescente";"Chuva";"Dupla";"Curva";"Rural";1;0;1;0;0;0;1;1
83504139;"30/09/16";"Sexta";"18:00:00";"PR";376;"3";"SAO JOSE DOS PINHAIS";"Falta de atenção";"Colisão lateral";"Com Vítimas Feridas";"Plena noite";"Decrescente";"Ceu Claro";"Dupla";"Curva";"Urbano";2;0;0;1;1;0;1;2
83504140;"04/10/16";"Terça";"07:10:00";"MG";381;"159";"GOVERNADOR VALADARES";"Velocidade incompatível";"Saída de Pista";"Com Vítimas Feridas";"Amanhecer";"Decrescente";"Chuva";"Simples";"Curva";"Urbano";1;0;1;0;0;0;1;1
83504141;"27/09/16";"Terça";"19:00:00";"MG";116;"418";"GOVERNADOR VALADARES";"Falta de atenção";"Colisão com bicicleta";"Com Vítimas Feridas";"Plena noite";"Crescente";"Ceu Claro";"Simples";"Reta";"Urbano";2;0;0;2;0;0;2;2
83504142;"25/09/16";"Domingo";"07:30:00";"AL";104;"37";"UNIAO DOS PALMARES";"Outras";"Queda de motocicleta / bicicleta / veículo";"Com Vítimas Feridas";"Pleno dia";"Decrescente";"Nublado";"Simples";"Reta";"Rural";1;0;1;0;0;0;1;1
83504143;"04/10/16";"Terça";"12:10:00";"RS";116;"35,5";"VACARIA";"Defeito mecânico em veículo";"Incêndio";"Sem Vítimas";"Pleno dia";"Crescente";"Ceu Claro";"Simples";"Cruzamento";"Urbano";1;0;0;0;1;0;0;1
83504144;"04/10/16";"Terça";"09:00:00";"MG";381;"726,5";"CARMO DA CACHOEIRA";"Outras";"Capotamento";"Com Vítimas Feridas";"Pleno dia";"Decrescente";"Chuva";"Dupla";"Curva";"Rural";1;0;1;0;0;0;1;1
83504145;"27/06/16";"Segunda";"06:30:00";"CE";116;"37";"HORIZONTE";"Outras";"Colisão lateral";"Sem Vítimas";"Pleno dia";"Decrescente";"Ceu Claro";"Dupla";"Reta";"Urbano";2;0;0;0;2;0;0;2
83504146;"01/10/16";"Sábado";"16:30:00";"MG";381;"533,4";"ITATIAIUCU";"Velocidade incompatível";"Saída de Pista";"Com Vítimas Feridas";"Pleno dia";"Crescente";"Chuva";"Dupla";"Curva";"Rural";1;0;1;0;0;0;1;1
83504147;"01/10/16";"Sábado";"05:15:00";"SC";101;"196,3";"BIGUACU";"Outras";"Colisão com objeto fixo";"Com Vítimas Feridas";"Plena noite";"Decrescente";"Nublado";"Múltipla";"Reta";"Urbano";1;0;0;1;0;0;1;1
83504148;"04/10/16";"Terça";"14:20:00";"SC";282;"64,2";"RANCHO QUEIMADO";"Falta de atenção";"Capotamento";"Sem Vítimas";"Pleno dia";"Decrescente";"Chuva";"Simples";"Curva";"Rural";1;0;0;0;1;0;0;1
83504149;"01/10/16";"Sábado";"13:40:00";"TO";153;"470";"BARROLANDIA";"Desobediência à sinalização";"Saída de Pista";"Com Vítimas Feridas";"Pleno dia";"Decrescente";"Chuva";"Simples";"Reta";"Rural";3;0;1;0;2;0;1;3
83504150;"04/10/16";"Terça";"14:45:00";"PR";277;"727";"FOZ DO IGUACU";"Velocidade incompatível";"Saída de Pista";"Com Vítimas Feridas";"Pleno dia";"Decrescente";"Sol";"Dupla";"Reta";"Urbano";3;0;1;0;2;0;1;1
83504151;"04/10/16";"Terça";"09:05:00";"AM";174;"886";"MANAUS";"Falta de atenção";"Colisão Transversal";"Com Vítimas Feridas";"Pleno dia";"Crescente";"Ceu Claro";"Simples";"Reta";"Rural";3;0;2;0;1;0;2;2
83504152;"27/07/16";"Quarta";"23:00:00";"PB";101;"45";"MAMANGUAPE";"Falta de atenção";"Colisão com objeto fixo";"Com Vítimas Fatais";"Plena noite";"Crescente";"Ceu Claro";"Dupla";"Curva";"Urbano";1;1;0;0;0;0;0;1
83504153;"01/10/16";"Sábado";"04:45:00";"MG";40;"557";"NOVA LIMA";"Outras";"Colisão com objeto fixo";"Sem Vítimas";"Amanhecer";"Decrescente";"Nublado";"Dupla";"Curva";"Urbano";1;0;0;0;1;0;0;1
83504154;"04/10/16";"Terça";"12:30:00";"SC";101;"35,2";"JOINVILLE";"Outras";"Queda de motocicleta / bicicleta / veículo";"Com Vítimas Feridas";"Pleno dia";"Crescente";"Nublado";"Dupla";"Curva";"Rural";2;0;0;1;0;1;1;2
83504155;"29/08/16";"Segunda";"09:40:00";"RO";364;"348";"JI-PARANA";"Outras";"Saída de Pista";"Com Vítimas Feridas";"Pleno dia";"Decrescente";"Ceu Claro";"Dupla";"Reta";"Urbano";1;0;1;0;0;0;1;1
83504156;"01/10/16";"Sábado";"20:00:00";"SP";116;"274";"TABOAO DA SERRA";"Velocidade incompatível";"Colisão com objeto fixo";"Com Vítimas Feridas";"Plena noite";"Decrescente";"Chuva";"Dupla";"Reta";"Urbano";2;0;1;0;0;1;1;1
83504157;"04/10/16";"Terça";"13:00:00";"MG";381;"525,3";"ITATIAIUCU";"Velocidade incompatível";"Capotamento";"Com Vítimas Feridas";"Pleno dia";"Crescente";"Chuva";"Dupla";"Curva";"Rural";1;0;1;0;0;0;1;1
83504158;"02/10/16";"Domingo";"00:20:00";"PR";272;"397,5";"FAROL";"Outras";"Tombamento";"Sem Vítimas";"Plena noite";"Decrescente";"Ceu Claro";"Simples";"Reta";"Rural";1;0;0;0;1;0;0;1
83504159;"04/10/16";"Terça";"14:40:00";"GO";153;"576,4";"PROFESSOR JAMIL";"Dormindo";"Saída de Pista";"Com Vítimas Feridas";"Pleno dia";"Crescente";"Nublado";"Dupla";"Reta";"Rural";1;0;1;0;0;0;1;1
83504160;"08/07/16";"Sexta";"21:00:00";"PR";369;"195,4";"ARAPONGAS";"Falta de atenção";"Colisão com bicicleta";"Com Vítimas Feridas";"Pleno dia";"Crescente";"Ceu Claro";"Dupla";"Reta";"Rural";2;0;0;1;1;0;1;2
83504161;"02/10/16";"Domingo";"17:30:00";"MG";381;"617";"OLIVEIRA";"Desobediência à sinalização";"Colisão frontal";"Com Vítimas Fatais";"Pleno dia";"Crescente";"Ceu Claro";"Dupla";"Reta";"Urbano";3;2;0;0;1;0;0;2
83504162;"04/10/16";"Terça";"12:20:00";"ES";262;"2";"CARIACICA";"Falta de atenção";"Colisão traseira";"Sem Vítimas";"Pleno dia";"Decrescente";"Chuva";"Dupla";"Curva";"Urbano";2;0;0;0;2;0;0;2
83504163;"04/10/16";"Terça";"12:00:00";"RJ";116;"69,3";"TERESOPOLIS";"Outras";"Colisão frontal";"Com Vítimas Feridas";"Pleno dia";"Crescente";"Chuva";"Simples";"Reta";"Urbano";3;0;3;0;0;0;3;2
83504164;"04/10/16";"Terça";"12:30:00";"SP";153;"150,9";"PROMISSAO";"Falta de atenção";"Colisão Transversal";"Com Vítimas Feridas";"Pleno dia";"Crescente";"Nublado";"Simples";"Reta";"Rural";6;0;0;1;5;0;1;2
83504165;"04/10/16";"Terça";"15:50:00";"RS";386;"73,8";"BOA VISTA DAS MISSOES";"Desobediência à sinalização";"Colisão Transversal";"Sem Vítimas";"Pleno dia";"Crescente";"Ceu Claro";"Simples";"Cruzamento";"Rural";2;0;0;0;2;0;0;2
83504166;"04/09/16";"Domingo";"12:15:00";"SC";282;"3";"FLORIANOPOLIS";"Falta de atenção";"Colisão lateral";"Com Vítimas Feridas";"Pleno dia";"Crescente";"Chuva";"Dupla";"Reta";"Urbano";2;0;1;0;1;0;1;2
83504167;"04/10/16";"Terça";"13:15:00";"RS";386;"269,3";"FONTOURA XAVIER";"Falta de atenção";"Colisão Transversal";"Com Vítimas Feridas";"Pleno dia";"Decrescente";"Sol";"Simples";"Reta";"Urbano";4;0;1;1;2;0;2;3
83504168;"04/10/16";"Terça";"15:00:00";"CE";222;"5";"CAUCAIA";"Falta de atenção";"Colisão lateral";"Sem Vítimas";"Pleno dia";"Decrescente";"Sol";"Múltipla";"Reta";"Urbano";2;0;0;0;2;0;0;2
83504170;"15/08/16";"Segunda";"15:40:00";"MT";174;"300";"PONTES E LACERDA";"Falta de atenção";"Colisão lateral";"Com Vítimas Feridas";"Pleno dia";"Crescente";"Ceu Claro";"Simples";"Reta";"Rural";5;0;2;0;3;0;2;2
83504171;"01/10/16";"Sábado";"21:40:00";"SP";116;"293";"ITAPECERICA DA SERRA";"Outras";"Saída de Pista";"Ignorado";"Plena noite";"Decrescente";"Chuva";"Dupla";"Reta";"Rural";1;0;0;0;0;1;0;1
83504172;"03/10/16";"Segunda";"06:40:00";"DF";20;"12";"BRASILIA";"Desobediência à sinalização";"Atropelamento de pessoa";"Com Vítimas Feridas";"Pleno dia";"Decrescente";"Ceu Claro";"Dupla";"Reta";"Urbano";2;0;1;0;1;0;1;1
83504173;"03/10/16";"Segunda";"20:30:00";"MG";262;"429";"SAO GONCALO DO PARA";"Outras";"Capotamento";"Com Vítimas Feridas";"Plena noite";"Crescente";"Chuva";"Dupla";"Curva";"Rural";1;0;1;0;0;0;1;1
83504174;"23/09/16";"Sexta";"23:30:00";"MG";381;"180,3";"GOVERNADOR VALADARES";"Defeito mecânico em veículo";"Incêndio";"Sem Vítimas";"Plena noite";"Crescente";"Ceu Claro";"Simples";"Reta";"Rural";1;0;0;0;1;0;0;1
83504175;"30/09/16";"Sexta";"15:00:00";"PE";101;"53";"ABREU E LIMA";"Falta de atenção";"Colisão lateral";"Com Vítimas Feridas";"Pleno dia";"Crescente";"Sol";"Múltipla";"Curva";"Urbano";2;0;1;0;0;1;1;2
83504176;"04/10/16";"Terça";"15:10:00";"BA";116;"817,9";"VITORIA DA CONQUISTA";"Desobediência à sinalização";"Colisão Transversal";"Com Vítimas Feridas";"Pleno dia";"Decrescente";"Nublado";"Simples";"Reta";"Urbano";3;0;2;0;1;0;2;2
83504177;"04/10/16";"Terça";"12:50:00";"SC";101;"211,8";"PALHOCA";"Desobediência à sinalização";"Colisão Transversal";"Com Vítimas Feridas";"Pleno dia";"Decrescente";"Chuva";"Dupla";"Cruzamento";"Urbano";2;0;1;0;1;0;1;2
83504178;"02/10/16";"Domingo";"00:55:00";"PA";316;"54";"CASTANHAL";"Falta de atenção";"Colisão traseira";"Com Vítimas Feridas";"Plena noite";"Crescente";"Ceu Claro";"Dupla";"Reta";"Urbano";3;0;1;0;2;0;1;2
83504179;"04/10/16";"Terça";"13:40:00";"CE";222;"148,5";"IRAUCUBA";"Falta de atenção";"Colisão Transversal";"Com Vítimas Feridas";"Pleno dia";"Decrescente";"Ceu Claro";"Simples";"Reta";"Urbano";5;0;0;2;3;0;2;2
83504180;"02/10/16";"Domingo";"00:01:00";"SP";116;"269,6";"TABOAO DA SERRA";"Não guardar distância de segurança";"Colisão traseira";"Sem Vítimas";"Plena noite";"Decrescente";"Chuva";"Dupla";"Reta";"Urbano";3;0;0;0;2;1;0;2
83504181;"22/09/16";"Quinta";"18:10:00";"GO";153;"498";"GOIANIA";"Não guardar distância de segurança";"Colisão traseira";"Sem Vítimas";"Anoitecer";"Crescente";"Ceu Claro";"Dupla";"Reta";"Urbano";2;0;0;0;2;0;0;2
83504182;"04/10/16";"Terça";"09:15:00";"MT";163;"868";"SINOP";"Outras";"Capotamento";"Sem Vítimas";"Pleno dia";"Crescente";"Sol";"Simples";"Reta";"Rural";1;0;0;0;1;0;0;1
83504183;"02/10/16";"Domingo";"07:00:00";"CE";116;"17";"EUSEBIO";"Outras";"Colisão com objeto fixo";"Com Vítimas Feridas";"Pleno dia";"Decrescente";"Nublado";"Múltipla";"Reta";"Urbano";1;0;1;0;0;0;1;1
83504184;"04/10/16";"Terça";"15:00:00";"RS";116;"427";"CRISTAL";"Falta de atenção";"Colisão Transversal";"Sem Vítimas";"Pleno dia";"Crescente";"Nublado";"Simples";"Curva";"Urbano";2;0;0;0;2;0;0;2
83504186;"04/10/16";"Terça";"12:30:00";"GO";60;"243,5";"INDIARA";"Dormindo";"Saída de Pista";"Com Vítimas Feridas";"Pleno dia";"Crescente";"Chuva";"Dupla";"Reta";"Rural";1;0;0;1;0;0;1;1
83504187;"04/10/16";"Terça";"14:40:00";"PR";277;"585";"CASCAVEL";"Desobediência à sinalização";"Colisão Transversal";"Com Vítimas Feridas";"Pleno dia";"Crescente";"Sol";"Simples";"Reta";"Urbano";5;0;4;0;1;0;4;2
83504188;"04/10/16";"Terça";"15:30:00";"PB";230;"280,3";"JOAO PESSOA";"Velocidade incompatível";"Queda de motocicleta / bicicleta / veículo";"Com Vítimas Feridas";"Pleno dia";"Crescente";"Ceu Claro";"Simples";"Curva";"Urbano";1;0;1;0;0;0;1;1
83504190;"04/10/16";"Terça";"11:25:00";"MG";381;"361";"JOAO MONLEVADE";"Velocidade incompatível";"Saída de Pista";"Com Vítimas Feridas";"Pleno dia";"Decrescente";"Chuva";"Simples";"Curva";"Urbano";1;0;1;0;0;0;1;1
83504191;"04/10/16";"Terça";"12:50:00";"MG";381;"309";"ANTONIO DIAS";"Velocidade incompatível";"Saída de Pista";"Sem Vítimas";"Pleno dia";"Decrescente";"Chuva";"Simples";"Curva";"Rural";1;0;0;0;1;0;0;1
83504192;"04/10/16";"Terça";"14:30:00";"PE";232;"7";"RECIFE";"Falta de atenção";"Colisão traseira";"Com Vítimas Feridas";"Pleno dia";"Crescente";"Nublado";"Dupla";"Reta";"Rural";2;0;1;0;1;0;1;2
83504193;"05/07/16";"Terça";"23:50:00";"CE";116;"50";"PACAJUS";"Outras";"Atropelamento de animal";"Com Vítimas Fatais";"Plena noite";"Crescente";"Ceu Claro";"Dupla";"Reta";"Urbano";2;1;0;1;0;0;1;1
83504194;"04/10/16";"Terça";"14:20:00";"RS";470;"213,8";"BENTO GONCALVES";"Desobediência à sinalização";"Colisão Transversal";"Com Vítimas Feridas";"Pleno dia";"Crescente";"Ceu Claro";"Simples";"Curva";"Urbano";2;0;1;0;1;0;1;2
83504195;"04/10/16";"Terça";"09:30:00";"ES";101;"257";"SERRA";"Outras";"Colisão traseira";"Com Vítimas Feridas";"Pleno dia";"Crescente";"Nublado";"Dupla";"Reta";"Urbano";2;0;1;0;0;1;1;2
83504196;"04/10/16";"Terça";"13:45:00";"GO";60;"195";"VARJAO";"Outras";"Colisão traseira";"Com Vítimas Feridas";"Pleno dia";"Decrescente";"Nublado";"Dupla";"Reta";"Rural";3;0;2;0;1;0;2;3
83504197;"04/10/16";"Terça";"16:20:00";"PR";277;"654,9";"MATELANDIA";"Velocidade incompatível";"Tombamento";"Sem Vítimas";"Pleno dia";"Decrescente";"Ceu Claro";"Simples";"Curva";"Rural";1;0;0;0;1;0;0;1
83504198;"04/10/16";"Terça";"10:30:00";"GO";20;"193,9";"SIMOLANDIA";"Outras";"Tombamento";"Com Vítimas Feridas";"Pleno dia";"Crescente";"Chuva";"Simples";"Reta";"Rural";1;0;1;0;0;0;1;1
83504199;"04/10/16";"Terça";"09:34:00";"MG";40;"524";"CONTAGEM";"Outras";"Queda de motocicleta / bicicleta / veículo";"Ignorado";"Pleno dia";"Decrescente";"Chuva";"Dupla";"Reta";"Urbano";1;0;0;0;0;1;0;1
83504200;"03/10/16";"Segunda";"01:00:00";"PI";316;"288";"PICOS";"Ingestão de álcool";"Colisão Transversal";"Com Vítimas Feridas";"Plena noite";"Crescente";"Ceu Claro";"Simples";"Reta";"Rural";5;0;5;0;0;0;5;2
83504201;"04/10/16";"Terça";"16:30:00";"MG";40;"462,5";"SETE LAGOAS";"Velocidade incompatível";"Saída de Pista";"Com Vítimas Feridas";"Pleno dia";"Crescente";"Chuva";"Dupla";"Curva";"Rural";4;0;3;1;0;0;4;1
83504202;"04/10/16";"Terça";"10:10:00";"MG";251;"450,5";"GRAO MOGOL";"Outras";"Saída de Pista";"Com Vítimas Feridas";"Pleno dia";"Crescente";"Chuva";"Simples";"Curva";"Rural";3;0;2;0;1;0;2;1
83504203;"03/10/16";"Segunda";"20:55:00";"PE";101;"50";"ABREU E LIMA";"Ultrapassagem indevida";"Colisão lateral";"Com Vítimas Feridas";"Plena noite";"Crescente";"Ceu Claro";"Dupla";"Reta";"Urbano";4;0;0;2;2;0;2;3
83504204;"30/09/16";"Sexta";"23:30:00";"PA";10;"289";"MAE DO RIO";"Animais na Pista";"Tombamento";"Sem Vítimas";"Plena noite";"Decrescente";"Nublado";"Simples";"Reta";"Rural";1;0;0;0;1;0;0;1
83504205;"04/10/16";"Terça";"11:00:00";"PB";230;"27,6";"JOAO PESSOA";"Velocidade incompatível";"Queda de motocicleta / bicicleta / veículo";"Com Vítimas Feridas";"Pleno dia";"Crescente";"Sol";"Dupla";"Reta";"Urbano";2;0;2;0;0;0;2;1
83504206;"04/10/16";"Terça";"15:00:00";"MG";262;"575";"CORREGO DANTA";"Velocidade incompatível";"Colisão frontal";"Com Vítimas Fatais";"Pleno dia";"Decrescente";"Chuva";"Simples";"Curva";"Rural";5;2;1;2;0;0;3;2
83504207;"24/04/16";"Domingo";"11:10:00";"RJ";101;"519";"ANGRA DOS REIS";"Desobediência à sinalização";"Colisão traseira";"Com Vítimas Feridas";"Pleno dia";"Crescente";"Sol";"Simples";"Curva";"Urbano";2;0;1;0;1;0;1;2
83504208;"24/04/16";"Domingo";"11:10:00";"RJ";101;"519";"ANGRA DOS REIS";"Desobediência à sinalização";"Colisão traseira";"Com Vítimas Feridas";"Pleno dia";"Crescente";"Sol";"Simples";"Curva";"Urbano";2;0;1;0;1;0;1;2
83504209;"30/09/16";"Sexta";"19:30:00";"AP";210;"3";"MACAPA";"Ingestão de álcool";"Colisão frontal";"Com Vítimas Feridas";"Plena noite";"Decrescente";"Ceu Claro";"Simples";"Reta";"Urbano";2;0;1;0;0;1;1;2
83504210;"04/10/16";"Terça";"11:33:00";"RO";319;"62";"PORTO VELHO";"Falta de atenção";"Colisão Transversal";"Com Vítimas Feridas";"Pleno dia";"Decrescente";"Ceu Claro";"Dupla";"Cruzamento";"Urbano";2;0;1;0;1;0;1;2
83504211;"04/10/16";"Terça";"07:10:00";"MG";381;"507,6";"SAO JOAQUIM DE BICAS";"Outras";"Colisão com objeto fixo";"Com Vítimas Feridas";"Pleno dia";"Decrescente";"Chuva";"Dupla";"Reta";"Urbano";1;0;1;0;0;0;1;1
83504212;"01/10/16";"Sábado";"04:50:00";"MG";381;"349";"JOAO MONLEVADE";"Velocidade incompatível";"Saída de Pista";"Com Vítimas Feridas";"Plena noite";"Crescente";"Chuva";"Simples";"Curva";"Rural";2;0;2;0;0;0;2;1
83504213;"01/10/16";"Sábado";"22:00:00";"MS";60;"76,4";"AGUA CLARA";"Dormindo";"Colisão frontal";"Com Vítimas Fatais";"Plena noite";"Decrescente";"Ceu Claro";"Simples";"Reta";"Rural";5;2;0;0;3;0;0;2
83504214;"04/10/16";"Terça";"15:00:00";"MT";70;"757";"CACERES";"Falta de atenção";"Colisão traseira";"Sem Vítimas";"Pleno dia";"Decrescente";"Sol";"Simples";"Reta";"Rural";2;0;0;0;2;0;0;2
83504215;"04/10/16";"Terça";"08:40:00";"RS";386;"400";"TRIUNFO";"Outras";"Saída de Pista";"Com Vítimas Feridas";"Pleno dia";"Decrescente";"Ceu Claro";"Simples";"Cruzamento";"Rural";1;0;1;0;0;0;1;1
83504216;"04/10/16";"Terça";"14:50:00";"MG";153;"5";"ARAPORA";"Outras";"Capotamento";"Sem Vítimas";"Pleno dia";"Decrescente";"Chuva";"Dupla";"Reta";"Rural";1;0;0;0;1;0;0;1
83504217;"04/10/16";"Terça";"14:00:00";"PI";316;"1,8";"TERESINA";"Falta de atenção";"Atropelamento de pessoa";"Com Vítimas Feridas";"Pleno dia";"Decrescente";"Ceu Claro";"Dupla";"Cruzamento";"Urbano";2;0;0;1;1;0;1;1
83504218;"04/10/16";"Terça";"16:00:00";"RS";290;"168,8";"BUTIA";"Outras";"Saída de Pista";"Com Vítimas Feridas";"Pleno dia";"Crescente";"Ceu Claro";"Simples";"Reta";"Rural";1;0;1;0;0;0;1;1
83504219;"20/09/16";"Terça";"12:30:00";"SC";280;"18";"SAO FRANCISCO DO SUL";"Ultrapassagem indevida";"Capotamento";"Com Vítimas Feridas";"Pleno dia";"Decrescente";"Nublado";"Simples";"Curva";"Rural";1;0;1;0;0;0;1;1
83504220;"04/10/16";"Terça";"12:30:00";"MG";381;"330";"NOVA ERA";"Velocidade incompatível";"Saída de Pista";"Sem Vítimas";"Pleno dia";"Crescente";"Chuva";"Dupla";"Curva";"Urbano";1;0;0;0;1;0;0;1
83504221;"01/10/16";"Sábado";"22:40:00";"MG";251;"522,4";"MONTES CLAROS";"Ultrapassagem indevida";"Colisão lateral";"Com Vítimas Feridas";"Plena noite";"Decrescente";"Ceu Claro";"Simples";"Reta";"Rural";2;0;0;1;1;0;1;2
83504222;"04/10/16";"Terça";"09:30:00";"MT";364;"267";"JACIARA";"Defeito mecânico em veículo";"Tombamento";"Com Vítimas Feridas";"Pleno dia";"Crescente";"Ceu Claro";"Simples";"Reta";"Rural";1;0;1;0;0;0;1;1
83504223;"04/10/16";"Terça";"14:40:00";"MG";267;"282,7";"AIURUOCA";"Falta de atenção";"Colisão lateral";"Sem Vítimas";"Pleno dia";"Crescente";"Chuva";"Simples";"Reta";"Rural";2;0;0;0;2;0;0;2
83504224;"04/10/16";"Terça";"09:50:00";"GO";60;"48,3";"ABADIANIA";"Outras";"Saída de Pista";"Sem Vítimas";"Pleno dia";"Decrescente";"Chuva";"Dupla";"Reta";"Rural";1;0;0;0;1;0;0;1
83504225;"02/10/16";"Domingo";"09:00:00";"MG";381;"368";"NOVA ERA";"Desobediência à sinalização";"Colisão Transversal";"Com Vítimas Feridas";"Pleno dia";"Decrescente";"Chuva";"Simples";"Reta";"Rural";3;0;1;0;2;0;1;2
83504226;"04/10/16";"Terça";"16:40:00";"SP";116;"331";"JUQUITIBA";"Outras";"Capotamento";"Sem Vítimas";"Pleno dia";"Decrescente";"Chuva";"Dupla";"Reta";"Rural";1;0;0;0;1;0;0;1
83504227;"04/10/16";"Terça";"09:40:00";"RJ";116;"269";"BARRA MANSA";"Outras";"Capotamento";"Sem Vítimas";"Pleno dia";"Decrescente";"Chuva";"Simples";"Curva";"Urbano";1;0;0;0;1;0;0;1
83504228;"01/10/16";"Sábado";"13:40:00";"MG";135;"615";"CURVELO";"Falta de atenção";"Colisão traseira";"Com Vítimas Feridas";"Pleno dia";"Decrescente";"Ceu Claro";"Simples";"Reta";"Rural";4;0;0;2;2;0;2;2
83504229;"04/10/16";"Terça";"15:30:00";"MG";381;"421";"CAETE";"Outras";"Colisão traseira";"Com Vítimas Feridas";"Pleno dia";"Decrescente";"Nublado";"Simples";"Reta";"Rural";4;0;1;0;1;2;1;3
83504230;"04/10/16";"Terça";"11:00:00";"MG";262;"385,9";"MATEUS LEME";"Defeito mecânico em veículo";"Saída de Pista";"Sem Vítimas";"Pleno dia";"Crescente";"Nublado";"Dupla";"Reta";"Rural";1;0;0;0;1;0;0;1