"id";"data_inversa";"dia_semana";"horario";"uf";"br";"km";"municipio";"causa_acidente";"tipo_acidente";"classificacao_acidente";"fase_dia";"sentido_via";"condicao_metereologica";"tipo_pista";"tracado_via";"uso_solo";"pessoas";"mortos";"feridos_leves";"feridos_graves";"ilesos";"ignorados";"feridos";"veiculos"
83504346;"03/10/16";"Segunda";"00:11:00";"RS";116;"235";"NOVO HAMBURGO";"Velocidade incompatível";"Saída de Pista";"Com Vítimas Feridas";"Plena noite";"Crescente";"Nublado";"Simples";"Reta";"Urbano";1;0;1;0;0;0;1;1
83504347;"05/10/16";"Quarta";"10:00:00";"PE";101;"45";"IGARASSU";"Desobediência à sinalização";"Colisão traseira";"Com Vítimas Feridas";"Pleno dia";"Crescente";"Sol";"Dupla";"Reta";"Urbano";2;0;1;0;1;0;1;2
83504348;"05/10/16";"Quarta";"12:30:00";"MG";50;"81";"UBERLANDIA";"Falta de atenção";"Saída de Pista";"Com Vítimas Feridas";"Pleno dia";"Decrescente";"Ceu Claro";"Simples";"Cruzamento";"Urbano";1;0;0;1;0;0;1;1
83504349;"03/10/16";"Segunda";"08:40:00";"PR";376;"660";"TIJUCAS DO SUL";"Outras";"Saída de Pista";"Sem Vítimas";"Pleno dia";"Decrescente";"Chuva";"Dupla";"Curva";"Urbano";1;0;0;0;1;0;0;1
83504350;"02/10/16";"Domingo";"01:15:00";"PI";316;"1,3";"TERESINA";"Desobediência à sinalização";"Colisão Transversal";"Com Vítimas Feridas";"Plena noite";"Decrescente";"Ceu Claro";"Simples";"Cruzamento";"Urbano";2;0;1;0;0;1;1;2
83504351;"05/10/16";"Quarta";"08:15:00";"SC";101;"335";"TUBARAO";"Falta de atenção";"Colisão lateral";"Com Vítimas Feridas";"Pleno dia";"Crescente";"Nublado";"Dupla";"Reta";"Urbano";2;0;1;0;1;0;1;2
83504352;"05/10/16";"Quarta";"06:20:00";"PB";230;"28";"JOAO PESSOA";"Falta de atenção";"Queda de motocicleta / bicicleta / veículo";"Com Vítimas Feridas";"Pleno dia";"Decrescente";"Sol";"Dupla";"Curva";"Urbano";2;0;2;0;0;0;2;1
83504353;"05/10/16";"Quarta";"10:30:00";"BA";242;"798,3";"BARREIRAS";"Velocidade incompatível";"Capotamento";"Sem Vítimas";"Pleno dia";"Decrescente";"Chuva";"Simples";"Reta";"Urbano";1;0;0;0;1;0;0;1
83504354;"05/10/16";"Quarta";"07:46:00";"PA";316;"6";"ANANINDEUA";"Falta de atenção";"Colisão lateral";"Com Vítimas Feridas";"Pleno dia";"Decrescente";"Ceu Claro";"Dupla";"Reta";"Urbano";2;0;1;0;0;1;1;2
83504355;"05/10/16";"Quarta";"13:30:00";"RS";285;"329,5";"CARAZINHO";"Não guardar distância de segurança";"Colisão traseira";"Sem Vítimas";"Pleno dia";"Crescente";"Nublado";"Simples";"Reta";"Rural";4;0;0;0;4;0;0;4
83504356;"29/09/16";"Quinta";"08:45:00";"CE";116;"42";"HORIZONTE";"Defeito mecânico em veículo";"Tombamento";"Sem Vítimas";"Pleno dia";"Crescente";"Ceu Claro";"Dupla";"Reta";"Urbano";1;0;0;0;1;0;0;1
83504357;"01/10/16";"Sábado";"20:30:00";"CE";222;"7,5";"CAUCAIA";"Velocidade incompatível";"Colisão traseira";"Com Vítimas Fatais";"Plena noite";"Crescente";"Ceu Claro";"Dupla";"Reta";"Urbano";3;1;0;0;2;0;0;3
83504358;"03/10/16";"Segunda";"18:50:00";"BA";367;"76";"EUNAPOLIS";"Falta de atenção";"Colisão traseira";"Com Vítimas Feridas";"Plena noite";"Crescente";"Nublado";"Simples";"Reta";"Rural";2;0;1;1;0;0;2;2
83504359;"01/10/16";"Sábado";"21:00:00";"SP";116;"292,1";"ITAPECERICA DA SERRA";"Falta de atenção";"Colisão traseira";"Com Vítimas Feridas";"Plena noite";"Decrescente";"Nublado";"Dupla";"Reta";"Rural";3;0;1;0;0;2;1;3
83504360;"29/09/16";"Quinta";"21:30:00";"MG";40;"448";"CAETANOPOLIS";"Outras";"Incêndio";"Sem Vítimas";"Plena noite";"Decrescente";"Ceu Claro";"Dupla";"Reta";"Rural";1;0;0;0;1;0;0;1
83504361;"27/09/16";"Terça";"02:00:00";"MG";365;"588";"INDIANOPOLIS";"Animais na Pista";"Atropelamento de animal";"Com Vítimas Feridas";"Plena noite";"Crescente";"Ceu Claro";"Simples";"Reta";"Rural";1;0;1;0;0;0;1;1
83504362;"05/10/16";"Quarta";"01:00:00";"DF";70;"11";"BRASILIA";"Outras";"Saída de Pista";"Ignorado";"Plena noite";"Crescente";"Nublado";"Dupla";"Reta";"Urbano";1;0;0;0;0;1;0;1
83504364;"05/10/16";"Quarta";"07:40:00";"PR";369;"161,3";"CAMBE";"Não guardar distância de segurança";"Colisão traseira";"Com Vítimas Feridas";"Pleno dia";"Decrescente";"Ceu Claro";"Dupla";"Reta";"Rural";6;0;1;0;5;0;1;4
83504365;"04/10/16";"Terça";"18:35:00";"MS";163;"500,9";"CAMPO GRANDE";"Outras";"Colisão lateral";"Sem Vítimas";"Plena noite";"Crescente";"Nublado";"Simples";"Reta";"Rural";2;0;0;0;1;1;0;2
83504366;"05/10/16";"Quarta";"13:30:00";"PR";277;"5";"PARANAGUA";"Desobediência à sinalização";"Colisão com objeto fixo";"Com Vítimas Feridas";"Pleno dia";"Decrescente";"Nublado";"Dupla";"Curva";"Urbano";2;0;1;0;1;0;1;2
83504368;"05/10/16";"Quarta";"13:55:00";"SC";101;"198";"BIGUACU";"Outras";"Queda de motocicleta / bicicleta / veículo";"Com Vítimas Feridas";"Pleno dia";"Crescente";"Chuva";"Múltipla";"Reta";"Urbano";1;0;1;0;0;0;1;1
83504369;"28/09/16";"Quarta";"07:40:00";"RJ";101;"259";"RIO BONITO";"Outras";"Colisão Transversal";"Com Vítimas Feridas";"Amanhecer";"Crescente";"Nublado";"Simples";"Reta";"Rural";3;0;0;2;1;0;2;2
83504370;"05/10/16";"Quarta";"14:10:00";"BA";116;"433";"FEIRA DE SANTANA";"Outras";"Saída de Pista";"Sem Vítimas";"Pleno dia";"Decrescente";"Ceu Claro";"Dupla";"Curva";"Rural";1;0;0;0;1;0;0;1
83504371;"30/09/16";"Sexta";"13:30:00";"MG";116;"378";"MATHIAS LOBATO";"Falta de atenção";"Colisão traseira";"Sem Vítimas";"Pleno dia";"Crescente";"Ceu Claro";"Simples";"Reta";"Urbano";2;0;0;0;2;0;0;2
83504372;"05/10/16";"Quarta";"10:40:00";"PR";376;"262,3";"CALIFORNIA";"Velocidade incompatível";"Tombamento";"Com Vítimas Feridas";"Pleno dia";"Decrescente";"Ceu Claro";"Simples";"Curva";"Rural";1;0;1;0;0;0;1;1
83504373;"04/10/16";"Terça";"21:00:00";"SC";470;"54,3";"BLUMENAU";"Outras";"Atropelamento de pessoa";"Com Vítimas Feridas";"Plena noite";"Decrescente";"Nublado";"Simples";"Reta";"Urbano";2;0;0;1;1;0;1;1
83504374;"05/10/16";"Quarta";"12:45:00";"SC";101;"255,1";"PAULO LOPES";"Outras";"Saída de Pista";"Com Vítimas Feridas";"Pleno dia";"Crescente";"Nublado";"Simples";"Reta";"Rural";1;0;0;1;0;0;1;1
83504375;"05/10/16";"Quarta";"08:10:00";"RO";364;"202,8";"PIMENTA BUENO";"Ultrapassagem indevida";"Colisão lateral";"Sem Vítimas";"Pleno dia";"Crescente";"Ceu Claro";"Simples";"Reta";"Rural";5;0;0;0;5;0;0;3
83504376;"05/10/16";"Quarta";"13:50:00";"PI";343;"319,1";"ALTOS";"Outras";"Colisão lateral";"Com Vítimas Feridas";"Pleno dia";"Crescente";"Ceu Claro";"Simples";"Reta";"Rural";2;0;0;1;0;1;1;2
83504377;"01/10/16";"Sábado";"10:30:00";"GO";60;"412";"RIO VERDE";"Dormindo";"Saída de Pista";"Com Vítimas Feridas";"Pleno dia";"Decrescente";"Ceu Claro";"Dupla";"Reta";"Rural";1;0;1;0;0;0;1;1
83504378;"03/10/16";"Segunda";"19:40:00";"CE";116;"409,3";"BAIXIO";"Outras";"Colisão traseira";"Com Vítimas Feridas";"Plena noite";"Crescente";"Ignorada";"Simples";"Reta";"Rural";3;0;0;2;1;0;2;2
83504379;"05/10/16";"Quarta";"05:15:00";"RS";116;"153,3";"CAXIAS DO SUL";"Defeito mecânico em veículo";"Tombamento";"Com Vítimas Feridas";"Amanhecer";"Crescente";"Ceu Claro";"Simples";"Curva";"Urbano";1;0;1;0;0;0;1;1
83504380;"24/08/16";"Quarta";"08:00:00";"RN";101;"95";"NATAL";"Velocidade incompatível";"Colisão traseira";"Sem Vítimas";"Pleno dia";"Decrescente";"Sol";"Dupla";"Reta";"Urbano";7;0;0;0;7;0;0;7
83504382;"05/10/16";"Quarta";"06:30:00";"MG";381;"495";"BETIM";"Defeito mecânico em veículo";"Queda de motocicleta / bicicleta / veículo";"Com Vítimas Feridas";"Pleno dia";"Crescente";"Nublado";"Dupla";"Reta";"Urbano";2;0;2;0;0;0;2;1
83504384;"14/05/16";"Sábado";"10:45:00";"CE";116;"48";"PACAJUS";"Outras";"Saída de Pista";"Sem Vítimas";"Pleno dia";"Decrescente";"Chuva";"Dupla";"Curva";"Rural";2;0;0;0;2;0;0;2
83504385;"02/10/16";"Domingo";"04:00:00";"MG";135;"458";"BOCAIUVA";"Falta de atenção";"Colisão traseira";"Com Vítimas Feridas";"Amanhecer";"Decrescente";"Ceu Claro";"Simples";"Reta";"Rural";29;0;2;1;26;0;3;2
83504386;"05/10/16";"Quarta";"10:30:00";"GO";153;"579,5";"PROFESSOR JAMIL";"Outras";"Capotamento";"Com Vítimas Feridas";"Pleno dia";"Crescente";"Chuva";"Dupla";"Curva";"Rural";1;0;1;0;0;0;1;1
83504387;"05/10/16";"Quarta";"14:10:00";"BA";101;"878";"TEIXEIRA DE FREITAS";"Outras";"Colisão Transversal";"Com Vítimas Feridas";"Pleno dia";"Decrescente";"Nublado";"Simples";"Reta";"Urbano";2;0;0;1;1;0;1;2
83504388;"01/10/16";"Sábado";"18:10:00";"MG";116;"509,2";"UBAPORANGA";"Ingestão de álcool";"Colisão frontal";"Com Vítimas Feridas";"Plena noite";"Crescente";"Nublado";"Simples";"Reta";"Urbano";3;0;1;0;2;0;1;2
83504389;"05/10/16";"Quarta";"09:00:00";"SC";282;"628,9";"IRACEMINHA";"Não guardar distância de segurança";"Colisão traseira";"Com Vítimas Feridas";"Pleno dia";"Decrescente";"Ceu Claro";"Simples";"Curva";"Rural";3;0;1;0;2;0;1;2
83504390;"05/10/16";"Quarta";"07:10:00";"MG";381;"762";"TRES CORACOES";"Dormindo";"Saída de Pista";"Com Vítimas Feridas";"Pleno dia";"Crescente";"Ceu Claro";"Dupla";"Reta";"Rural";1;0;1;0;0;0;1;1
83504391;"01/10/16";"Sábado";"19:50:00";"MA";135;"8";"SAO LUIS";"Desobediência à sinalização";"Colisão Transversal";"Com Vítimas Feridas";"Plena noite";"Crescente";"Ceu Claro";"Dupla";"Reta";"Rural";3;0;1;0;2;0;1;2
83504392;"04/10/16";"Terça";"19:30:00";"MG";262;"174";"SAO DOMINGOS DO PRATA";"Outras";"Colisão com objeto móvel";"Com Vítimas Fatais";"Pleno dia";"Crescente";"Chuva";"Simples";"Reta";"Rural";2;1;0;1;0;0;1;1
83504393;"04/10/16";"Terça";"14:15:00";"BA";101;"500,5";"ITABUNA";"Falta de atenção";"Colisão Transversal";"Com Vítimas Feridas";"Pleno dia";"Decrescente";"Chuva";"Simples";"Reta";"Rural";3;0;1;0;2;0;1;2
83504394;"05/10/16";"Quarta";"15:00:00";"RJ";101;"330,5";"RIO DE JANEIRO";"Outras";"Colisão traseira";"Com Vítimas Feridas";"Pleno dia";"Decrescente";"Ceu Claro";"Dupla";"Reta";"Urbano";3;0;1;0;2;0;1;2
83504395;"03/10/16";"Segunda";"07:30:00";"RJ";116;"165";"RIO DE JANEIRO";"Falta de atenção";"Colisão traseira";"Com Vítimas Feridas";"Pleno dia";"Decrescente";"Nublado";"Múltipla";"Reta";"Urbano";18;0;16;0;2;0;16;2
83504396;"05/10/16";"Quarta";"13:00:00";"GO";153;"441";"ANAPOLIS";"Defeito na via";"Capotamento";"Com Vítimas Feridas";"Pleno dia";"Decrescente";"Chuva";"Dupla";"Curva";"Urbano";1;0;1;0;0;0;1;1
83504397;"03/10/16";"Segunda";"23:40:00";"GO";20;"106";"VILA BOA";"Outras";"Colisão frontal";"Com Vítimas Fatais";"Plena noite";"Crescente";"Nublado";"Simples";"Reta";"Rural";5;1;0;3;1;0;3;2
83504398;"05/10/16";"Quarta";"05:40:00";"MG";262;"393";"PARA DE MINAS";"Defeito mecânico em veículo";"Capotamento";"Com Vítimas Feridas";"Plena noite";"Crescente";"Nublado";"Dupla";"Curva";"Rural";1;0;1;0;0;0;1;1
83504400;"03/05/16";"Terça";"19:40:00";"MG";381;"518";"IGARAPE";"Outras";"Saída de Pista";"Sem Vítimas";"Plena noite";"Decrescente";"Chuva";"Dupla";"Curva";"Rural";1;0;0;0;1;0;0;1
83504401;"04/10/16";"Terça";"22:40:00";"PI";343;"12";"PARNAIBA";"Ingestão de álcool";"Queda de motocicleta / bicicleta / veículo";"Com Vítimas Feridas";"Plena noite";"Crescente";"Ceu Claro";"Dupla";"Reta";"Urbano";1;0;1;0;0;0;1;1
83504402;"01/10/16";"Sábado";"09:50:00";"MG";116;"703,9";"MURIAE";"Defeito mecânico em veículo";"Capotamento";"Com Vítimas Feridas";"Pleno dia";"Crescente";"Ceu Claro";"Simples";"Reta";"Urbano";1;0;1;0;0;0;1;1
83504403;"05/10/16";"Quarta";"09:15:00";"GO";153;"621";"MORRINHOS";"Outras";"Saída de Pista";"Sem Vítimas";"Pleno dia";"Decrescente";"Chuva";"Dupla";"Reta";"Rural";1;0;0;0;1;0;0;1
83504404;"29/09/16";"Quinta";"12:50:00";"PE";232;"410,4";"SERRA TALHADA";"Desobediência à sinalização";"Colisão Transversal";"Com Vítimas Feridas";"Pleno dia";"Decrescente";"Sol";"Simples";"Reta";"Urbano";3;0;2;0;1;0;2;2
83504405;"03/10/16";"Segunda";"17:30:00";"MT";163;"822";"SINOP";"Ingestão de álcool";"Queda de motocicleta / bicicleta / veículo";"Com Vítimas Feridas";"Anoitecer";"Crescente";"Ceu Claro";"Simples";"Reta";"Rural";1;0;0;1;0;0;1;1
83504406;"04/10/16";"Terça";"10:30:00";"MG";381;"343";"BELA VISTA DE MINAS";"Velocidade incompatível";"Saída de Pista";"Sem Vítimas";"Pleno dia";"Decrescente";"Chuva";"Simples";"Curva";"Rural";1;0;0;0;1;0;0;1
83504407;"05/10/16";"Quarta";"10:15:00";"PA";316;"8";"ANANINDEUA";"Não guardar distância de segurança";"Colisão lateral";"Sem Vítimas";"Pleno dia";"Decrescente";"Ceu Claro";"Dupla";"Reta";"Urbano";2;0;0;0;2;0;0;2
83504408;"05/10/16";"Quarta";"13:40:00";"GO";60;"105";"ANAPOLIS";"Outras";"Capotamento";"Sem Vítimas";"Pleno dia";"Crescente";"Chuva";"Dupla";"Curva";"Rural";2;0;0;0;2;0;0;1
83504409;"02/10/16";"Domingo";"15:50:00";"DF";60;"4";"BRASILIA";"Ingestão de álcool";"Colisão Transversal";"Sem Vítimas";"Pleno dia";"Decrescente";"Sol";"Dupla";"Reta";"Urbano";2;0;0;0;2;0;0;2
83504411;"02/10/16";"Domingo";"19:55:00";"MG";356;"265,8";"MURIAE";"Falta de atenção";"Colisão Transversal";"Com Vítimas Feridas";"Plena noite";"Decrescente";"Nublado";"Simples";"Cruzamento";"Urbano";3;0;1;0;2;0;1;2
83504413;"01/10/16";"Sábado";"02:30:00";"SC";116;"87";"MONTE CASTELO";"Outras";"Atropelamento de animal";"Com Vítimas Feridas";"Plena noite";"Crescente";"Nublado";"Simples";"Reta";"Rural";4;0;2;0;2;0;2;2
83504414;"01/10/16";"Sábado";"11:05:00";"ES";101;"257,1";"SERRA";"Não guardar distância de segurança";"Colisão traseira";"Com Vítimas Feridas";"Pleno dia";"Crescente";"Ignorada";"Dupla";"Reta";"Urbano";2;0;1;0;0;1;1;2
83504415;"05/10/16";"Quarta";"14:00:00";"MG";262;"364,1";"JUATUBA";"Outras";"Capotamento";"Sem Vítimas";"Pleno dia";"Decrescente";"Chuva";"Dupla";"Curva";"Rural";1;0;0;0;1;0;0;1
83504417;"05/10/16";"Quarta";"14:30:00";"GO";153;"639";"MORRINHOS";"Dormindo";"Colisão traseira";"Com Vítimas Feridas";"Pleno dia";"Decrescente";"Nublado";"Dupla";"Reta";"Rural";2;0;1;0;1;0;1;2
83504418;"05/10/16";"Quarta";"15:00:00";"SE";101;"183,6";"UMBAUBA";"Dormindo";"Capotamento";"Sem Vítimas";"Pleno dia";"Crescente";"Sol";"Simples";"Reta";"Urbano";2;0;0;0;2;0;0;1
83504419;"01/10/16";"Sábado";"17:30:00";"RJ";393;"141";"SAPUCAIA";"Outras";"Colisão frontal";"Com Vítimas Feridas";"Anoitecer";"Decrescente";"Nublado";"Simples";"Reta";"Urbano";3;0;1;1;1;0;2;2
83504420;"05/10/16";"Quarta";"15:20:00";"RJ";40;"116";"DUQUE DE CAXIAS";"Falta de atenção";"Colisão lateral";"Com Vítimas Feridas";"Pleno dia";"Decrescente";"Nublado";"Dupla";"Reta";"Urbano";2;0;1;0;0;1;1;2
83504421;"05/10/16";"Quarta";"14:20:00";"RO";319;"61,5";"PORTO VELHO";"Falta de atenção";"Colisão Transversal";"Com Vítimas Feridas";"Pleno dia";"Crescente";"Ceu Claro";"Dupla";"Reta";"Urbano";2;0;1;0;1;0;1;2
83504422;"05/10/16";"Quarta";"06:30:00";"RJ";116;"168";"SAO JOAO DE MERITI";"Não guardar distância de segurança";"Colisão traseira";"Com Vítimas Feridas";"Amanhecer";"Decrescente";"Nublado";"Múltipla";"Reta";"Urbano";2;0;1;0;1;0;1;2
83504424;"05/10/16";"Quarta";"13:40:00";"MG";262;"123";"RIO CASCA";"Velocidade incompatível";"Saída de Pista";"Ignorado";"Pleno dia";"Decrescente";"Ceu Claro";"Simples";"Curva";"Rural";1;0;0;0;0;1;0;1
83504425;"05/10/16";"Quarta";"15:25:00";"MT";364;"404";"CUIABA";"Falta de atenção";"Colisão lateral";"Com Vítimas Feridas";"Pleno dia";"Decrescente";"Nublado";"Simples";"Reta";"Urbano";2;0;1;0;1;0;1;2
83504426;"02/10/16";"Domingo";"02:00:00";"SP";116;"201";"ARUJA";"Dormindo";"Colisão traseira";"Com Vítimas Feridas";"Plena noite";"Crescente";"Ceu Claro";"Dupla";"Reta";"Urbano";3;0;1;0;2;0;1;2
83504427;"02/10/16";"Domingo";"02:10:00";"MG";381;"478";"CONTAGEM";"Velocidade incompatível";"Capotamento";"Com Vítimas Feridas";"Plena noite";"Crescente";"Ignorada";"Dupla";"Reta";"Rural";1;0;1;0;0;0;1;1
83504428;"05/10/16";"Quarta";"15:35:00";"MA";10;"257";"IMPERATRIZ";"Desobediência à sinalização";"Colisão Transversal";"Com Vítimas Feridas";"Pleno dia";"Crescente";"Nublado";"Simples";"Reta";"Urbano";2;0;1;0;1;0;1;2
83504429;"05/10/16";"Quarta";"08:55:00";"MG";262;"902,2";"CAMPO FLORIDO";"Animais na Pista";"Atropelamento de animal";"Sem Vítimas";"Pleno dia";"Decrescente";"Ceu Claro";"Simples";"Reta";"Rural";1;0;0;0;1;0;0;1
83504430;"05/10/16";"Quarta";"08:40:00";"GO";70;"3";"AGUAS LINDAS DE GOIAS";"Falta de atenção";"Saída de Pista";"Com Vítimas Feridas";"Pleno dia";"Crescente";"Sol";"Dupla";"Reta";"Urbano";2;0;2;0;0;0;2;1
83504432;"01/10/16";"Sábado";"23:50:00";"SP";116;"269,5";"TABOAO DA SERRA";"Falta de atenção";"Colisão Transversal";"Com Vítimas Feridas";"Plena noite";"Decrescente";"Ceu Claro";"Dupla";"Reta";"Urbano";4;0;3;0;1;0;3;2
83504433;"05/10/16";"Quarta";"15:35:00";"RS";158;"229";"CRUZ ALTA";"Não guardar distância de segurança";"Colisão traseira";"Sem Vítimas";"Pleno dia";"Decrescente";"Chuva";"Simples";"Reta";"Rural";3;0;0;0;3;0;0;3
83504434;"05/10/16";"Quarta";"15:10:00";"PR";376;"161,2";"MARINGA";"Outras";"Queda de motocicleta / bicicleta / veículo";"Com Vítimas Feridas";"Pleno dia";"Crescente";"Nublado";"Dupla";"Reta";"Urbano";1;0;1;0;0;0;1;1
83504435;"05/10/16";"Quarta";"13:00:00";"MT";364;"89,5";"ALTO GARCAS";"Velocidade incompatível";"Capotamento";"Sem Vítimas";"Pleno dia";"Decrescente";"Chuva";"Simples";"Curva";"Rural";2;0;0;0;2;0;0;1
83504437;"04/10/16";"Terça";"08:30:00";"MG";381;"343";"BELA VISTA DE MINAS";"Velocidade incompatível";"Colisão frontal";"Sem Vítimas";"Pleno dia";"Decrescente";"Chuva";"Simples";"Curva";"Rural";2;0;0;0;2;0;0;2
83504438;"03/10/16";"Segunda";"22:20:00";"MG";381;"516,5";"IGARAPE";"Outras";"Saída de Pista";"Sem Vítimas";"Plena noite";"Decrescente";"Chuva";"Dupla";"Curva";"Rural";1;0;0;0;1;0;0;1
83504439;"30/09/16";"Sexta";"22:40:00";"DF";20;"11";"BRASILIA";"Falta de atenção";"Colisão Transversal";"Com Vítimas Feridas";"Plena noite";"Crescente";"Ceu Claro";"Dupla";"Reta";"Urbano";4;0;2;0;2;0;2;2
83504440;"05/10/16";"Quarta";"08:20:00";"SE";235;"11";"NOSSA SENHORA DO SOCORRO";"Não guardar distância de segurança";"Colisão traseira";"Com Vítimas Feridas";"Pleno dia";"Decrescente";"Ceu Claro";"Simples";"Reta";"Rural";4;0;1;0;3;0;1;2
83504441;"05/10/16";"Quarta";"08:50:00";"MG";365;"132";"VARZEA DA PALMA";"Velocidade incompatível";"Saída de Pista";"Com Vítimas Feridas";"Pleno dia";"Crescente";"Chuva";"Simples";"Reta";"Rural";4;0;1;3;0;0;4;1
83504443;"05/10/16";"Quarta";"07:00:00";"RS";158;"322,2";"SANTA MARIA";"Falta de atenção";"Colisão Transversal";"Com Vítimas Feridas";"Amanhecer";"Decrescente";"Ceu Claro";"Simples";"Curva";"Urbano";2;0;1;0;1;0;1;2
83504444;"05/10/16";"Quarta";"09:40:00";"GO";153;"585";"PROFESSOR JAMIL";"Velocidade incompatível";"Saída de Pista";"Com Vítimas Feridas";"Pleno dia";"Crescente";"Chuva";"Dupla";"Curva";"Rural";1;0;1;0;0;0;1;1
83504445;"05/10/16";"Quarta";"07:40:00";"SC";101;"214";"PALHOCA";"Não guardar distância de segurança";"Colisão traseira";"Com Vítimas Feridas";"Pleno dia";"Decrescente";"Nublado";"Dupla";"Reta";"Urbano";3;0;1;0;2;0;1;2
83504446;"05/10/16";"Quarta";"14:00:00";"RO";364;"196,9";"PIMENTA BUENO";"Falta de atenção";"Colisão Transversal";"Com Vítimas Feridas";"Pleno dia";"Crescente";"Nublado";"Simples";"Reta";"Urbano";2;0;1;0;1;0;1;2
83504448;"05/10/16";"Quarta";"14:40:00";"PR";369;"53";"BANDEIRANTES";"Falta de atenção";"Colisão Transversal";"Com Vítimas Feridas";"Pleno dia";"Decrescente";"Sol";"Simples";"Reta";"Rural";2;0;0;1;1;0;1;2
83504449;"05/10/16";"Quarta";"16:00:00";"GO";60;"97";"ANAPOLIS";"Outras";"Colisão traseira";"Sem Vítimas";"Pleno dia";"Decrescente";"Chuva";"Dupla";"Reta";"Urbano";3;0;0;0;3;0;0;3
83504450;"05/10/16";"Quarta";"14:20:00";"MS";158;"38";"PARANAIBA";"Velocidade incompatível";"Saída de Pista";"Com Vítimas Feridas";"Pleno dia";"Decrescente";"Chuva";"Simples";"Curva";"Rural";1;0;0;1;0;0;1;1
83504451;"02/10/16";"Domingo";"06:30:00";"RJ";101;"481";"ANGRA DOS REIS";"Falta de atenção";"Colisão Transversal";"Com Vítimas Feridas";"Amanhecer";"Decrescente";"Ceu Claro";"Dupla";"Reta";"Rural";2;0;0;1;1;0;1;2
83504452;"01/10/16";"Sábado";"19:48:00";"MG";40;"513";"RIBEIRAO DAS NEVES";"Outras";"Colisão lateral";"Com Vítimas Feridas";"Plena noite";"Crescente";"Chuva";"Dupla";"Reta";"Urbano";2;0;1;0;1;0;1;2
83504453;"05/10/16";"Quarta";"12:30:00";"GO";50;"149";"CAMPO ALEGRE DE GOIAS";"Velocidade incompatível";"Saída de Pista";"Sem Vítimas";"Pleno dia";"Decrescente";"Chuva";"Dupla";"Curva";"Rural";1;0;0;0;1;0;0;1
83504454;"05/10/16";"Quarta";"15:00:00";"PE";101;"44";"IGARASSU";"Falta de atenção";"Colisão traseira";"Sem Vítimas";"Pleno dia";"Crescente";"Vento";"Múltipla";"Reta";"Urbano";2;0;0;0;2;0;0;2
83504455;"05/10/16";"Quarta";"09:30:00";"SP";116;"562";"BARRA DO TURVO";"Velocidade incompatível";"Colisão com objeto fixo";"Com Vítimas Feridas";"Pleno dia";"Decrescente";"Chuva";"Dupla";"Curva";"Rural";2;0;1;0;1;0;1;2
83504456;"05/10/16";"Quarta";"16:50:00";"GO";60;"2,8";"GOIANIA";"Outras";"Colisão Transversal";"Sem Vítimas";"Pleno dia";"Crescente";"Chuva";"Dupla";"Curva";"Urbano";2;0;0;0;2;0;0;2
83504457;"23/09/16";"Sexta";"22:00:00";"ES";101;"242";"SERRA";"Outras";"Danos Eventuais";"Sem Vítimas";"Plena noite";"Decrescente";"Ceu Claro";"Múltipla";"Reta";"Rural";1;0;0;0;1;0;0;1
83504458;"05/10/16";"Quarta";"16:00:00";"SC";163;"67,6";"SAO MIGUEL DOESTE";"Desobediência à sinalização";"Colisão Transversal";"Com Vítimas Feridas";"Pleno dia";"Decrescente";"Ceu Claro";"Dupla";"Curva";"Urbano";2;0;0;1;1;0;1;2
83504459;"05/10/16";"Quarta";"14:30:00";"BA";324;"568";"SAO SEBASTIAO DO PASSE";"Outras";"Saída de Pista";"Sem Vítimas";"Pleno dia";"Decrescente";"Nublado";"Dupla";"Reta";"Rural";1;0;0;0;1;0;0;1
83504460;"05/10/16";"Quarta";"16:00:00";"PA";316;"11";"MARITUBA";"Falta de atenção";"Colisão lateral";"Sem Vítimas";"Pleno dia";"Decrescente";"Ceu Claro";"Dupla";"Reta";"Urbano";2;0;0;0;2;0;0;2
83504461;"04/10/16";"Terça";"04:30:00";"MG";381;"810,2";"CAREACU";"Velocidade incompatível";"Saída de Pista";"Sem Vítimas";"Amanhecer";"Decrescente";"Chuva";"Dupla";"Curva";"Rural";2;0;0;0;2;0;0;1
83504462;"03/10/16";"Segunda";"08:00:00";"PB";361;"86,9";"PIANCO";"Ingestão de álcool";"Colisão traseira";"Sem Vítimas";"Pleno dia";"Decrescente";"Sol";"Simples";"Reta";"Rural";2;0;0;0;2;0;0;2
83504463;"01/10/16";"Sábado";"16:00:00";"CE";20;"418,8";"MARACANAU";"Outras";"Colisão traseira";"Com Vítimas Feridas";"Pleno dia";"Decrescente";"Ceu Claro";"Simples";"Reta";"Urbano";3;0;1;0;2;0;1;3
83504467;"05/10/16";"Quarta";"17:30:00";"MG";40;"567";"NOVA LIMA";"Outras";"Saída de Pista";"Com Vítimas Feridas";"Pleno dia";"Decrescente";"Chuva";"Simples";"Reta";"Rural";1;0;1;0;0;0;1;1
83504468;"05/10/16";"Quarta";"12:40:00";"MG";40;"729,8";"OLIVEIRA FORTES";"Defeito mecânico em veículo";"Danos Eventuais";"Com Vítimas Feridas";"Pleno dia";"Crescente";"Ceu Claro";"Dupla";"Reta";"Rural";2;0;0;1;1;0;1;1