"id";"data_inversa";"dia_semana";"horario";"uf";"br";"km";"municipio";"causa_acidente";"tipo_acidente";"classificacao_acidente";"fase_dia";"sentido_via";"condicao_metereologica";"tipo_pista";"tracado_via";"uso_solo";"pessoas";"mortos";"feridos_leves";"feridos_graves";"ilesos";"ignorados";"feridos";"veiculos"
83504469;"05/10/16";"Quarta";"18:50:00";"MG";50;"41";"ARAGUARI";"Falta de atenção";"Colisão traseira";"Sem Vítimas";"Anoitecer";"Decrescente";"Ceu Claro";"Dupla";"Reta";"Urbano";2;0;0;0;2;0;0;2
83504470;"03/10/16";"Segunda";"19:00:00";"SP";381;"75";"SAO PAULO";"Velocidade incompatível";"Capotamento";"Sem Vítimas";"Plena noite";"Decrescente";"Chuva";"Dupla";"Curva";"Rural";1;0;0;0;1;0;0;1
83504471;"05/10/16";"Quarta";"13:20:00";"MG";40;"296";"TRES MARIAS";"Velocidade incompatível";"Colisão traseira";"Com Vítimas Feridas";"Pleno dia";"Decrescente";"Nublado";"Simples";"Reta";"Rural";2;0;1;0;1;0;1;2
83504473;"29/09/16";"Quinta";"15:20:00";"MG";40;"462,5";"SETE LAGOAS";"Defeito mecânico em veículo";"Saída de Pista";"Sem Vítimas";"Pleno dia";"Crescente";"Ceu Claro";"Dupla";"Curva";"Rural";1;0;0;0;1;0;0;1
83504474;"23/09/16";"Sexta";"08:00:00";"RS";158;"325,3";"SANTA MARIA";"Falta de atenção";"Colisão lateral";"Com Vítimas Feridas";"Pleno dia";"Decrescente";"Sol";"Dupla";"Reta";"Urbano";3;0;2;0;1;0;2;2
83504475;"05/10/16";"Quarta";"18:38:00";"MG";50;"41";"ARAGUARI";"Falta de atenção";"Saída de Pista";"Sem Vítimas";"Anoitecer";"Decrescente";"Nublado";"Dupla";"Reta";"Rural";1;0;0;0;1;0;0;1
83504476;"05/10/16";"Quarta";"08:10:00";"SE";101;"119,4";"ITAPORANGA DAJUDA";"Falta de atenção";"Colisão lateral";"Sem Vítimas";"Pleno dia";"Crescente";"Ceu Claro";"Dupla";"Reta";"Rural";3;0;0;0;3;0;0;2
83504477;"05/10/16";"Quarta";"17:30:00";"SP";116;"109,2";"TAUBATE";"Falta de atenção";"Capotamento";"Com Vítimas Feridas";"Pleno dia";"Crescente";"Nublado";"Dupla";"Reta";"Urbano";5;0;1;0;4;0;1;2
83504479;"01/10/16";"Sábado";"19:40:00";"PA";316;"13";"MARITUBA";"Não guardar distância de segurança";"Colisão traseira";"Sem Vítimas";"Plena noite";"Crescente";"Ignorada";"Dupla";"Reta";"Urbano";2;0;0;0;2;0;0;2
83504480;"28/09/16";"Quarta";"15:30:00";"RJ";101;"322";"NITEROI";"Outras";"Queda de motocicleta / bicicleta / veículo";"Sem Vítimas";"Pleno dia";"Decrescente";"Ceu Claro";"Múltipla";"Reta";"Urbano";2;0;0;0;2;0;0;2
83504481;"01/10/16";"Sábado";"11:00:00";"ES";101;"165";"LINHARES";"Ultrapassagem indevida";"Colisão frontal";"Com Vítimas Feridas";"Pleno dia";"Crescente";"Nublado";"Simples";"Reta";"Rural";2;0;0;1;1;0;1;2
83504482;"01/10/16";"Sábado";"19:00:00";"MG";135;"603";"CORINTO";"Outras";"Colisão lateral";"Sem Vítimas";"Plena noite";"Crescente";"Chuva";"Simples";"Curva";"Rural";2;0;0;0;2;0;0;2
83504483;"25/07/16";"Segunda";"13:00:00";"PR";277;"28";"MORRETES";"Falta de atenção";"Queda de motocicleta / bicicleta / veículo";"Com Vítimas Feridas";"Pleno dia";"Crescente";"Sol";"Dupla";"Reta";"Rural";3;0;2;0;1;0;2;2
83504484;"04/10/16";"Terça";"21:40:00";"MG";267;"362";"CAMPANHA";"Ingestão de álcool";"Colisão frontal";"Com Vítimas Fatais";"Plena noite";"Decrescente";"Ceu Claro";"Simples";"Curva";"Urbano";4;2;1;0;1;0;1;3
83504486;"05/10/16";"Quarta";"17:30:00";"PR";467;"106,9";"CASCAVEL";"Dormindo";"Capotamento";"Com Vítimas Feridas";"Pleno dia";"Crescente";"Nublado";"Dupla";"Curva";"Rural";3;0;1;2;0;0;3;1
83504487;"05/10/16";"Quarta";"19:15:00";"MG";381;"544,5";"ITATIAIUCU";"Outras";"Capotamento";"Sem Vítimas";"Plena noite";"Decrescente";"Chuva";"Dupla";"Curva";"Rural";2;0;0;0;2;0;0;1
83504488;"05/10/16";"Quarta";"14:55:00";"MS";163;"4,1";"MUNDO NOVO";"Falta de atenção";"Colisão traseira";"Com Vítimas Feridas";"Pleno dia";"Decrescente";"Ceu Claro";"Simples";"Reta";"Rural";4;0;2;0;2;0;2;2
83504490;"01/10/16";"Sábado";"07:15:00";"MG";153;"6";"ARAPORA";"Velocidade incompatível";"Queda de motocicleta / bicicleta / veículo";"Com Vítimas Feridas";"Pleno dia";"Crescente";"Ceu Claro";"Dupla";"Reta";"Rural";2;0;1;0;1;0;1;1
83504491;"05/10/16";"Quarta";"18:15:00";"SC";280;"27";"ARAQUARI";"Falta de atenção";"Colisão Transversal";"Com Vítimas Feridas";"Anoitecer";"Crescente";"Nublado";"Simples";"Cruzamento";"Urbano";2;0;1;0;1;0;1;2
83504493;"05/10/16";"Quarta";"15:00:00";"MT";158;"467";"CANARANA";"Velocidade incompatível";"Capotamento";"Com Vítimas Fatais";"Pleno dia";"Decrescente";"Ceu Claro";"Simples";"Reta";"Rural";1;1;0;0;0;0;0;1
83504494;"02/10/16";"Domingo";"04:30:00";"MG";365;"17";"MONTES CLAROS";"Velocidade incompatível";"Saída de Pista";"Sem Vítimas";"Amanhecer";"Decrescente";"Chuva";"Simples";"Curva";"Rural";1;0;0;0;1;0;0;1
83504495;"05/10/16";"Quarta";"18:00:00";"RS";290;"360,8";"VILA NOVA DO SUL";"Velocidade incompatível";"Saída de Pista";"Sem Vítimas";"Pleno dia";"Decrescente";"Chuva";"Simples";"Reta";"Rural";1;0;0;0;1;0;0;1
83504496;"05/10/16";"Quarta";"20:00:00";"MG";116;"708,2";"MURIAE";"Falta de atenção";"Saída de Pista";"Com Vítimas Feridas";"Plena noite";"Crescente";"Nublado";"Simples";"Curva";"Rural";2;0;2;0;0;0;2;1
83504497;"05/10/16";"Quarta";"13:20:00";"PR";476;"117";"COLOMBO";"Não guardar distância de segurança";"Colisão traseira";"Com Vítimas Feridas";"Pleno dia";"Decrescente";"Nublado";"Dupla";"Reta";"Urbano";3;0;1;0;1;1;1;2
83504499;"05/10/16";"Quarta";"16:00:00";"PR";116;"114";"CURITIBA";"Não guardar distância de segurança";"Colisão traseira";"Com Vítimas Feridas";"Pleno dia";"Decrescente";"Nublado";"Simples";"Reta";"Rural";4;0;0;1;3;0;1;4
83504500;"29/09/16";"Quinta";"16:30:00";"MG";381;"438";"SABARA";"Ultrapassagem indevida";"Colisão frontal";"Com Vítimas Feridas";"Pleno dia";"Decrescente";"Ceu Claro";"Simples";"Curva";"Rural";3;0;1;0;2;0;1;3
83504501;"04/10/16";"Terça";"21:15:00";"SC";470;"154";"AGRONOMICA";"Falta de atenção";"Colisão frontal";"Com Vítimas Fatais";"Plena noite";"Decrescente";"Ceu Claro";"Simples";"Reta";"Rural";4;1;1;1;1;0;2;2
83504502;"05/10/16";"Quarta";"14:50:00";"RO";364;"13";"VILHENA";"Não guardar distância de segurança";"Colisão lateral";"Com Vítimas Feridas";"Pleno dia";"Decrescente";"Ceu Claro";"Simples";"Reta";"Urbano";2;0;1;0;1;0;1;2
83504503;"05/10/16";"Quarta";"18:44:00";"PR";116;"7";"QUATRO BARRAS";"Velocidade incompatível";"Colisão traseira";"Sem Vítimas";"Anoitecer";"Decrescente";"Nublado";"Dupla";"Reta";"Urbano";3;0;0;0;2;1;0;3
83504504;"05/10/16";"Quarta";"18:10:00";"RS";116;"224,5";"DOIS IRMAOS";"Outras";"Colisão lateral";"Sem Vítimas";"Anoitecer";"Crescente";"Chuva";"Simples";"Reta";"Urbano";2;0;0;0;2;0;0;2
83504506;"05/10/16";"Quarta";"11:20:00";"GO";153;"549,1";"PROFESSOR JAMIL";"Outras";"Saída de Pista";"Com Vítimas Feridas";"Pleno dia";"Decrescente";"Chuva";"Dupla";"Reta";"Rural";1;0;1;0;0;0;1;1
83504507;"05/10/16";"Quarta";"15:00:00";"PR";376;"644,4";"TIJUCAS DO SUL";"Falta de atenção";"Colisão Transversal";"Com Vítimas Feridas";"Pleno dia";"Crescente";"Ceu Claro";"Múltipla";"Cruzamento";"Rural";4;0;1;2;1;0;3;2
83504508;"05/10/16";"Quarta";"18:40:00";"SP";116;"156";"SAO JOSE DOS CAMPOS";"Outras";"Colisão lateral";"Sem Vítimas";"Plena noite";"Decrescente";"Ceu Claro";"Múltipla";"Reta";"Urbano";2;0;0;0;2;0;0;2
83504509;"05/10/16";"Quarta";"13:15:00";"PE";101;"145";"RIBEIRAO";"Outras";"Saída de Pista";"Com Vítimas Feridas";"Pleno dia";"Crescente";"Ceu Claro";"Dupla";"Curva";"Rural";2;0;0;2;0;0;2;1
83504510;"05/10/16";"Quarta";"17:30:00";"MS";262;"40,5";"TRES LAGOAS";"Outras";"Colisão lateral";"Sem Vítimas";"Anoitecer";"Decrescente";"Ceu Claro";"Simples";"Reta";"Rural";2;0;0;0;2;0;0;2
83504512;"01/10/16";"Sábado";"23:30:00";"BA";324;"618";"SALVADOR";"Outras";"Colisão lateral";"Com Vítimas Feridas";"Plena noite";"Crescente";"Ceu Claro";"Dupla";"Reta";"Urbano";2;0;0;1;1;0;1;2
83504513;"03/10/16";"Segunda";"02:00:00";"MG";381;"585";"CARMOPOLIS DE MINAS";"Outras";"Atropelamento de pessoa";"Com Vítimas Fatais";"Plena noite";"Crescente";"Ceu Claro";"Dupla";"Reta";"Rural";2;1;0;0;1;0;0;1
83504514;"05/10/16";"Quarta";"14:40:00";"GO";60;"101";"ANAPOLIS";"Outras";"Colisão traseira";"Sem Vítimas";"Pleno dia";"Decrescente";"Chuva";"Dupla";"Reta";"Urbano";2;0;0;0;2;0;0;2
83504515;"05/10/16";"Quarta";"12:06:00";"SP";116;"548,1";"BARRA DO TURVO";"Outras";"Colisão traseira";"Com Vítimas Fatais";"Pleno dia";"Decrescente";"Nublado";"Dupla";"Reta";"Rural";2;1;0;0;1;0;0;2
83504516;"01/10/16";"Sábado";"17:30:00";"ES";262;"153";"IBATIBA";"Ingestão de álcool";"Colisão lateral";"Sem Vítimas";"Anoitecer";"Decrescente";"Chuva";"Simples";"Reta";"Rural";3;0;0;0;3;0;0;2
83504593;"05/10/16";"Quarta";"16:30:00";"RS";285;"88";"MONTE ALEGRE DOS CAMPOS";"Velocidade incompatível";"Saída de Pista";"Com Vítimas Feridas";"Pleno dia";"Crescente";"Nublado";"Simples";"Curva";"Rural";2;0;1;0;1;0;1;1
83504594;"05/10/16";"Quarta";"20:30:00";"CE";222;"37,6";"CAUCAIA";"Outras";"Colisão lateral";"Com Vítimas Feridas";"Plena noite";"Crescente";"Ceu Claro";"Simples";"Reta";"Urbano";2;0;1;0;0;1;1;2
83504595;"05/10/16";"Quarta";"20:00:00";"GO";153;"671";"ITUMBIARA";"Defeito mecânico em veículo";"Tombamento";"Com Vítimas Feridas";"Plena noite";"Crescente";"Chuva";"Dupla";"Reta";"Rural";1;0;0;1;0;0;1;1
83504596;"05/10/16";"Quarta";"13:00:00";"GO";153;"442,1";"ANAPOLIS";"Defeito na via";"Saída de Pista";"Com Vítimas Feridas";"Pleno dia";"Decrescente";"Chuva";"Dupla";"Reta";"Rural";1;0;0;1;0;0;1;1
83504597;"05/10/16";"Quarta";"16:30:00";"GO";153;"496";"GOIANIA";"Outras";"Colisão com objeto fixo";"Sem Vítimas";"Pleno dia";"Decrescente";"Chuva";"Dupla";"Reta";"Urbano";2;0;0;0;1;1;0;2
83504598;"05/10/16";"Quarta";"11:10:00";"BA";324;"519";"FEIRA DE SANTANA";"Outras";"Danos Eventuais";"Com Vítimas Feridas";"Pleno dia";"Decrescente";"Ceu Claro";"Dupla";"Reta";"Urbano";2;0;1;1;0;0;2;1
83504599;"05/10/16";"Quarta";"19:40:00";"GO";153;"685,2";"ITUMBIARA";"Outras";"Tombamento";"Com Vítimas Feridas";"Plena noite";"Crescente";"Chuva";"Dupla";"Reta";"Rural";1;0;1;0;0;0;1;1
83504600;"05/10/16";"Quarta";"16:00:00";"MG";251;"470,4";"FRANCISCO SA";"Defeito mecânico em veículo";"Colisão traseira";"Com Vítimas Feridas";"Pleno dia";"Decrescente";"Nublado";"Simples";"Curva";"Rural";4;0;1;0;3;0;1;4
83504601;"05/10/16";"Quarta";"20:40:00";"RS";472;"116,9";"BOA VISTA DO BURICA";"Ingestão de álcool";"Colisão lateral";"Sem Vítimas";"Plena noite";"Crescente";"Chuva";"Simples";"Reta";"Rural";3;0;0;0;3;0;0;3
83504602;"05/10/16";"Quarta";"11:10:00";"RJ";101;"91";"CAMPOS DOS GOYTACAZES";"Outras";"Saída de Pista";"Sem Vítimas";"Pleno dia";"Decrescente";"Nublado";"Simples";"Reta";"Rural";1;0;0;0;1;0;0;1
83504603;"05/10/16";"Quarta";"20:30:00";"RN";427;"99,8";"CAICO";"Desobediência à sinalização";"Colisão lateral";"Com Vítimas Feridas";"Plena noite";"Crescente";"Ceu Claro";"Simples";"Reta";"Urbano";3;0;1;0;2;0;1;3
83504604;"05/10/16";"Quarta";"21:10:00";"PR";277;"592";"CASCAVEL";"Desobediência à sinalização";"Colisão Transversal";"Com Vítimas Feridas";"Plena noite";"Decrescente";"Nublado";"Simples";"Cruzamento";"Urbano";2;0;0;1;0;1;1;2
83504605;"05/10/16";"Quarta";"18:00:00";"MS";60;"373,3";"CAMPO GRANDE";"Velocidade incompatível";"Capotamento";"Com Vítimas Feridas";"Anoitecer";"Crescente";"Sol";"Simples";"Curva";"Rural";2;0;2;0;0;0;2;1
83504606;"05/10/16";"Quarta";"23:50:00";"RS";101;"6";"MAQUINE";"Defeito na via";"Capotamento";"Sem Vítimas";"Plena noite";"Decrescente";"Chuva";"Dupla";"Reta";"Rural";1;0;0;0;1;0;0;1
83504607;"05/10/16";"Quarta";"18:30:00";"BA";324;"7";"FEIRA DE SANTANA";"Outras";"Colisão lateral";"Com Vítimas Feridas";"Plena noite";"Crescente";"Ceu Claro";"Dupla";"Reta";"Urbano";3;0;0;2;0;1;2;2
83504608;"06/10/16";"Quinta";"00:20:00";"PR";376;"175,9";"MARINGA";"Falta de atenção";"Colisão lateral";"Com Vítimas Feridas";"Plena noite";"Crescente";"Nublado";"Dupla";"Reta";"Urbano";2;0;1;0;1;0;1;2
83504609;"05/10/16";"Quarta";"23:30:00";"CE";116;"107";"MORADA NOVA";"Dormindo";"Tombamento";"Com Vítimas Feridas";"Plena noite";"Decrescente";"Vento";"Simples";"Reta";"Rural";1;0;0;1;0;0;1;1
83504610;"05/10/16";"Quarta";"19:30:00";"SP";381;"24,5";"BRAGANCA PAULISTA";"Velocidade incompatível";"Queda de motocicleta / bicicleta / veículo";"Com Vítimas Feridas";"Plena noite";"Decrescente";"Ceu Claro";"Dupla";"Reta";"Rural";1;0;1;0;0;0;1;1
83504611;"05/10/16";"Quarta";"10:30:00";"MA";316;"451";"PERITORO";"Ultrapassagem indevida";"Colisão lateral";"Com Vítimas Feridas";"Pleno dia";"Crescente";"Ceu Claro";"Simples";"Reta";"Rural";2;0;1;0;1;0;1;2
83504612;"05/10/16";"Quarta";"16:00:00";"MG";116;"277";"TEOFILO OTONI";"Desobediência à sinalização";"Colisão Transversal";"Com Vítimas Feridas";"Pleno dia";"Decrescente";"Sol";"Dupla";"Reta";"Urbano";2;0;1;0;1;0;1;2
83504613;"05/10/16";"Quarta";"20:20:00";"SP";116;"521";"CAJATI";"Falta de atenção";"Colisão traseira";"Sem Vítimas";"Plena noite";"Crescente";"Nevoeiro/neblina";"Simples";"Reta";"Rural";2;0;0;0;2;0;0;2
83504614;"05/10/16";"Quarta";"21:17:00";"PB";230;"168,2";"CAMPINA GRANDE";"Ingestão de álcool";"Colisão frontal";"Sem Vítimas";"Plena noite";"Decrescente";"Ceu Claro";"Simples";"Reta";"Rural";2;0;0;0;2;0;0;2
83504615;"05/10/16";"Quarta";"18:30:00";"PE";424;"18,1";"PEDRA";"Falta de atenção";"Colisão frontal";"Com Vítimas Feridas";"Plena noite";"Crescente";"Ceu Claro";"Simples";"Reta";"Urbano";2;0;0;1;1;0;1;2
83504616;"05/10/16";"Quarta";"19:00:00";"RO";364;"84";"VILHENA";"Outras";"Saída de Pista";"Com Vítimas Feridas";"Plena noite";"Decrescente";"Chuva";"Simples";"Reta";"Rural";1;0;1;0;0;0;1;1
83504617;"01/10/16";"Sábado";"20:00:00";"MG";381;"414";"NOVA UNIAO";"Outras";"Tombamento";"Sem Vítimas";"Plena noite";"Crescente";"Nublado";"Simples";"Reta";"Rural";1;0;0;0;1;0;0;1
83504618;"05/10/16";"Quarta";"18:15:00";"PR";376;"668";"GUARATUBA";"Defeito mecânico em veículo";"Tombamento";"Sem Vítimas";"Anoitecer";"Crescente";"Chuva";"Dupla";"Curva";"Rural";1;0;0;0;1;0;0;1
83504619;"05/10/16";"Quarta";"17:10:00";"MS";262;"7,5";"TRES LAGOAS";"Não guardar distância de segurança";"Colisão traseira";"Com Vítimas Feridas";"Pleno dia";"Decrescente";"Ceu Claro";"Simples";"Reta";"Urbano";2;0;1;0;1;0;1;2
83504620;"05/10/16";"Quarta";"23:20:00";"GO";153;"134,7";"ESTRELA DO NORTE";"Outras";"Colisão com objeto fixo";"Sem Vítimas";"Plena noite";"Crescente";"Chuva";"Simples";"Reta";"Rural";1;0;0;0;1;0;0;1
83504622;"06/10/16";"Quinta";"04:15:00";"PR";376;"188,7";"MARIALVA";"Outras";"Atropelamento de pessoa";"Com Vítimas Fatais";"Plena noite";"Crescente";"Nublado";"Dupla";"Reta";"Rural";2;1;0;0;1;0;0;1
83504623;"06/10/16";"Quinta";"01:00:00";"PR";158;"517";"PATO BRANCO";"Ingestão de álcool";"Saída de Pista";"Sem Vítimas";"Plena noite";"Crescente";"Nublado";"Simples";"Curva";"Rural";2;0;0;0;2;0;0;1
83504624;"05/10/16";"Quarta";"20:30:00";"PR";369;"148";"LONDRINA";"Falta de atenção";"Colisão traseira";"Com Vítimas Feridas";"Plena noite";"Decrescente";"Nublado";"Dupla";"Cruzamento";"Urbano";6;0;3;1;2;0;4;3
83504625;"05/10/16";"Quarta";"17:10:00";"PR";476;"125";"CURITIBA";"Falta de atenção";"Colisão traseira";"Com Vítimas Feridas";"Anoitecer";"Decrescente";"Nublado";"Dupla";"Cruzamento";"Urbano";2;0;1;0;1;0;1;2
83504626;"27/09/16";"Terça";"11:15:00";"ES";259;"56,8";"COLATINA";"Desobediência à sinalização";"Colisão Transversal";"Com Vítimas Feridas";"Pleno dia";"Crescente";"Sol";"Simples";"Reta";"Urbano";3;0;1;0;2;0;1;2
83504627;"05/10/16";"Quarta";"19:40:00";"MT";163;"583";"NOVA MUTUM";"Defeito na via";"Tombamento";"Com Vítimas Feridas";"Plena noite";"Decrescente";"Chuva";"Simples";"Reta";"Rural";1;0;0;1;0;0;1;1
83504628;"05/10/16";"Quarta";"13:20:00";"ES";262;"7";"CARIACICA";"Falta de atenção";"Colisão lateral";"Com Vítimas Feridas";"Pleno dia";"Decrescente";"Ceu Claro";"Simples";"Reta";"Urbano";2;0;1;0;1;0;1;2
83504629;"06/10/16";"Quinta";"04:30:00";"MG";50;"204,5";"DELTA";"Desobediência à sinalização";"Colisão com objeto fixo";"Sem Vítimas";"Amanhecer";"Crescente";"Ceu Claro";"Dupla";"Reta";"Rural";1;0;0;0;1;0;0;1
83504630;"05/10/16";"Quarta";"10:10:00";"BA";101;"56";"ENTRE RIOS";"Defeito mecânico em veículo";"Queda de motocicleta / bicicleta / veículo";"Com Vítimas Feridas";"Pleno dia";"Crescente";"Ceu Claro";"Simples";"Reta";"Rural";2;0;2;0;0;0;2;1
83504631;"05/10/16";"Quarta";"17:30:00";"MG";116;"86,6";"MEDINA";"Outras";"Saída de Pista";"Sem Vítimas";"Pleno dia";"Decrescente";"Chuva";"Simples";"Reta";"Rural";1;0;0;0;1;0;0;1
83504632;"06/10/16";"Quinta";"03:15:00";"PR";163;"162";"LINDOESTE";"Falta de atenção";"Tombamento";"Sem Vítimas";"Plena noite";"Decrescente";"Chuva";"Simples";"Curva";"Rural";1;0;0;0;1;0;0;1
83504633;"05/10/16";"Quarta";"09:45:00";"RS";116;"121,5";"SAO MARCOS";"Falta de atenção";"Tombamento";"Com Vítimas Feridas";"Pleno dia";"Crescente";"Ceu Claro";"Simples";"Curva";"Rural";1;0;0;1;0;0;1;1
83504634;"05/10/16";"Quarta";"14:00:00";"RJ";116;"310";"ITATIAIA";"Defeito mecânico em veículo";"Colisão Transversal";"Com Vítimas Feridas";"Pleno dia";"Crescente";"Nublado";"Simples";"Curva";"Urbano";4;0;3;1;0;0;4;2
83504635;"03/10/16";"Segunda";"17:40:00";"PB";230;"30,5";"JOAO PESSOA";"Ingestão de álcool";"Atropelamento de pessoa";"Com Vítimas Feridas";"Anoitecer";"Crescente";"Ceu Claro";"Dupla";"Reta";"Urbano";3;0;1;1;0;1;2;1
83504636;"02/10/16";"Domingo";"03:10:00";"MG";116;"551";"SANTA BARBARA DO LESTE";"Ingestão de álcool";"Atropelamento de animal";"Com Vítimas Feridas";"Plena noite";"Crescente";"Nublado";"Simples";"Curva";"Rural";2;0;2;0;0;0;2;1
83504637;"01/10/16";"Sábado";"16:30:00";"MG";116;"123,4";"ITAOBIM";"Velocidade incompatível";"Capotamento";"Com Vítimas Feridas";"Pleno dia";"Crescente";"Ceu Claro";"Simples";"Curva";"Rural";1;0;1;0;0;0;1;1
83504638;"06/10/16";"Quinta";"04:50:00";"RJ";101;"138";"CARAPEBUS";"Outras";"Colisão com objeto fixo";"Sem Vítimas";"Plena noite";"Crescente";"Chuva";"Dupla";"Reta";"Rural";1;0;0;0;1;0;0;1
83504639;"01/10/16";"Sábado";"19:50:00";"MG";116;"178,8";"PADRE PARAISO";"Falta de atenção";"Atropelamento de pessoa";"Com Vítimas Fatais";"Plena noite";"Crescente";"Ceu Claro";"Múltipla";"Reta";"Urbano";2;1;0;0;1;0;0;1
83504640;"05/10/16";"Quarta";"22:00:00";"SC";282;"38,5";"AGUAS MORNAS";"Falta de atenção";"Colisão Transversal";"Sem Vítimas";"Plena noite";"Decrescente";"Chuva";"Simples";"Curva";"Rural";2;0;0;0;2;0;0;2
83504641;"06/10/16";"Quinta";"04:30:00";"RS";386;"289,3";"POUSO NOVO";"Dormindo";"Saída de Pista";"Sem Vítimas";"Plena noite";"Crescente";"Chuva";"Simples";"Curva";"Rural";1;0;0;0;1;0;0;1
83504642;"01/10/16";"Sábado";"18:50:00";"SP";116;"42,3";"CACHOEIRA PAULISTA";"Outras";"Colisão com objeto móvel";"Sem Vítimas";"Plena noite";"Crescente";"Nublado";"Dupla";"Reta";"Rural";4;0;0;0;4;0;0;4
83504643;"01/10/16";"Sábado";"22:20:00";"MG";262;"358";"BETIM";"Velocidade incompatível";"Capotamento";"Com Vítimas Feridas";"Plena noite";"Crescente";"Chuva";"Dupla";"Curva";"Rural";1;0;0;1;0;0;1;1
83504644;"05/10/16";"Quarta";"17:20:00";"MG";116;"488,9";"INHAPIM";"Ultrapassagem indevida";"Colisão lateral";"Com Vítimas Feridas";"Pleno dia";"Decrescente";"Nublado";"Simples";"Curva";"Rural";5;0;1;2;2;0;3;3
83504645;"05/10/16";"Quarta";"06:30:00";"BA";242;"697";"CRISTOPOLIS";"Dormindo";"Saída de Pista";"Sem Vítimas";"Amanhecer";"Crescente";"Ceu Claro";"Simples";"Reta";"Rural";1;0;0;0;1;0;0;1
83504646;"01/10/16";"Sábado";"08:30:00";"SC";101;"163,3";"TIJUCAS";"Animais na Pista";"Atropelamento de animal";"Com Vítimas Feridas";"Pleno dia";"Crescente";"Ceu Claro";"Dupla";"Reta";"Urbano";1;0;1;0;0;0;1;1
83504647;"03/10/16";"Segunda";"08:40:00";"MG";381;"315";"ANTONIO DIAS";"Falta de atenção";"Colisão com objeto fixo";"Sem Vítimas";"Pleno dia";"Crescente";"Chuva";"Simples";"Curva";"Rural";1;0;0;0;1;0;0;1
83504648;"06/10/16";"Quinta";"01:20:00";"PR";469;"15,5";"FOZ DO IGUACU";"Animais na Pista";"Atropelamento de animal";"Sem Vítimas";"Plena noite";"Decrescente";"Ceu Claro";"Simples";"Reta";"Urbano";1;0;0;0;1;0;0;1
83504649;"01/10/16";"Sábado";"10:00:00";"BA";101;"351,3";"WENCESLAU GUIMARAES";"Outras";"Saída de Pista";"Com Vítimas Feridas";"Pleno dia";"Decrescente";"Ceu Claro";"Simples";"Reta";"Rural";1;0;1;0;0;0;1;1
83504651;"03/10/16";"Segunda";"03:15:00";"PR";476;"132";"CURITIBA";"Ingestão de álcool";"Colisão com objeto fixo";"Sem Vítimas";"Plena noite";"Decrescente";"Nublado";"Múltipla";"Reta";"Urbano";1;0;0;0;1;0;0;1
83504653;"06/10/16";"Quinta";"00:20:00";"MS";262;"466";"ANASTACIO";"Ingestão de álcool";"Queda de motocicleta / bicicleta / veículo";"Com Vítimas Feridas";"Plena noite";"Crescente";"Ceu Claro";"Simples";"Reta";"Rural";1;0;1;0;0;0;1;1
83504654;"05/10/16";"Quarta";"20:20:00";"PR";272;"531";"FRANCISCO ALVES";"Não guardar distância de segurança";"Saída de Pista";"Sem Vítimas";"Plena noite";"Decrescente";"Ceu Claro";"Simples";"Reta";"Rural";1;0;0;0;1;0;0;1
83504655;"05/10/16";"Quarta";"18:50:00";"BA";420;"339,3";"JAGUAQUARA";"Velocidade incompatível";"Saída de Pista";"Com Vítimas Feridas";"Plena noite";"Crescente";"Ceu Claro";"Simples";"Curva";"Rural";1;0;1;0;0;0;1;1
83504656;"06/10/16";"Quinta";"02:00:00";"SC";282;"599,2";"CUNHA PORA";"Outras";"Capotamento";"Com Vítimas Fatais";"Plena noite";"Decrescente";"Nublado";"Simples";"Reta";"Rural";1;1;0;0;0;0;0;1
83504657;"05/10/16";"Quarta";"22:30:00";"MS";163;"683,8";"RIO VERDE DE MATO GROSSO";"Velocidade incompatível";"Queda de motocicleta / bicicleta / veículo";"Com Vítimas Feridas";"Plena noite";"Decrescente";"Nublado";"Simples";"Reta";"Rural";2;0;2;0;0;0;2;1
83504659;"06/10/16";"Quinta";"07:45:00";"RS";386;"362,4";"FAZENDA VILANOVA";"Velocidade incompatível";"Saída de Pista";"Sem Vítimas";"Pleno dia";"Crescente";"Chuva";"Dupla";"Curva";"Rural";1;0;0;0;1;0;0;1
83504660;"02/10/16";"Domingo";"15:15:00";"MG";40;"562";"NOVA LIMA";"Outras";"Saída de Pista";"Com Vítimas Feridas";"Pleno dia";"Decrescente";"Ceu Claro";"Dupla";"Curva";"Rural";2;0;1;1;0;0;2;1
83504661;"06/10/16";"Quinta";"02:00:00";"SC";116;"203,3";"PONTE ALTA";"Outras";"Colisão com objeto fixo";"Com Vítimas Feridas";"Plena noite";"Crescente";"Chuva";"Simples";"Curva";"Urbano";2;0;1;0;1;0;1;1
83504662;"01/10/16";"Sábado";"16:50:00";"PB";230;"146";"CAMPINA GRANDE";"Velocidade incompatível";"Queda de motocicleta / bicicleta / veículo";"Com Vítimas Feridas";"Pleno dia";"Crescente";"Ceu Claro";"Dupla";"Reta";"Urbano";1;0;1;0;0;0;1;1
83504663;"02/10/16";"Domingo";"23:00:00";"RO";364;"709";"PORTO VELHO";"Ingestão de álcool";"Atropelamento de pessoa";"Com Vítimas Feridas";"Plena noite";"Decrescente";"Ceu Claro";"Dupla";"Reta";"Urbano";3;0;0;1;2;0;1;1