"id";"data_inversa";"dia_semana";"horario";"uf";"br";"km";"municipio";"causa_acidente";"tipo_acidente";"classificacao_acidente";"fase_dia";"sentido_via";"condicao_metereologica";"tipo_pista";"tracado_via";"uso_solo";"pessoas";"mortos";"feridos_leves";"feridos_graves";"ilesos";"ignorados";"feridos";"veiculos"
83504788;"06/10/16";"Quinta";"17:20:00";"RJ";101;"479";"ANGRA DOS REIS";"Velocidade incompatível";"Colisão frontal";"Com Vítimas Feridas";"Anoitecer";"Decrescente";"Chuva";"Simples";"Curva";"Urbano";5;0;5;0;0;0;5;2
83504789;"02/10/16";"Domingo";"21:40:00";"PI";316;"6";"TERESINA";"Não guardar distância de segurança";"Colisão traseira";"Sem Vítimas";"Plena noite";"Decrescente";"Ceu Claro";"Simples";"Reta";"Urbano";2;0;0;0;2;0;0;2
83504790;"06/10/16";"Quinta";"20:40:00";"MG";381;"505,2";"BETIM";"Outras";"Colisão com objeto fixo";"Com Vítimas Feridas";"Plena noite";"Decrescente";"Nublado";"Dupla";"Reta";"Urbano";2;0;2;0;0;0;2;1
83504791;"06/10/16";"Quinta";"18:50:00";"SC";282;"521,5";"XAXIM";"Velocidade incompatível";"Saída de Pista";"Sem Vítimas";"Plena noite";"Decrescente";"Chuva";"Simples";"Curva";"Urbano";1;0;0;0;1;0;0;1
83504792;"02/10/16";"Domingo";"18:01:00";"PA";222;"180";"BOM JESUS DO TOCANTINS";"Animais na Pista";"Atropelamento de animal";"Ignorado";"Plena noite";"Decrescente";"Ignorada";"Simples";"Reta";"Rural";5;0;0;0;0;5;0;1
83504793;"06/10/16";"Quinta";"15:40:00";"RS";116;"308,6";"GUAIBA";"Ultrapassagem indevida";"Colisão frontal";"Com Vítimas Fatais";"Pleno dia";"Decrescente";"Ceu Claro";"Simples";"Reta";"Rural";8;1;4;1;2;0;5;3
83504794;"06/10/16";"Quinta";"19:45:00";"BA";324;"587,5";"CANDEIAS";"Dormindo";"Colisão lateral";"Com Vítimas Feridas";"Plena noite";"Crescente";"Nublado";"Dupla";"Reta";"Rural";3;0;2;0;1;0;2;2
83504795;"04/10/16";"Terça";"02:30:00";"MG";40;"181";"JOAO PINHEIRO";"Defeito mecânico em veículo";"Saída de Pista";"Sem Vítimas";"Plena noite";"Crescente";"Nublado";"Simples";"Reta";"Rural";1;0;0;0;1;0;0;1
83504796;"06/10/16";"Quinta";"19:15:00";"PR";153;"450,7";"UNIAO DA VITORIA";"Velocidade incompatível";"Atropelamento de pessoa";"Com Vítimas Feridas";"Plena noite";"Decrescente";"Chuva";"Dupla";"Reta";"Urbano";3;0;2;0;0;1;2;1
83504797;"06/10/16";"Quinta";"18:20:00";"SC";282;"516,6";"XAXIM";"Velocidade incompatível";"Colisão lateral";"Sem Vítimas";"Plena noite";"Crescente";"Chuva";"Simples";"Curva";"Rural";2;0;0;0;2;0;0;2
83504798;"06/10/16";"Quinta";"17:30:00";"PA";316;"101";"SANTA MARIA DO PARA";"Não guardar distância de segurança";"Colisão traseira";"Sem Vítimas";"Pleno dia";"Crescente";"Ceu Claro";"Simples";"Reta";"Rural";2;0;0;0;2;0;0;2
83504799;"06/10/16";"Quinta";"10:30:00";"RS";470;"236,8";"CARLOS BARBOSA";"Velocidade incompatível";"Colisão Transversal";"Com Vítimas Feridas";"Pleno dia";"Crescente";"Ceu Claro";"Simples";"Curva";"Urbano";3;0;1;0;2;0;1;2
83504800;"06/10/16";"Quinta";"17:45:00";"PR";369;"71,8";"SANTA MARIANA";"Falta de atenção";"Colisão Transversal";"Com Vítimas Feridas";"Pleno dia";"Crescente";"Ceu Claro";"Simples";"Reta";"Urbano";2;0;0;1;1;0;1;2
83504801;"06/10/16";"Quinta";"17:30:00";"MT";163;"110";"RONDONOPOLIS";"Defeito mecânico em veículo";"Saída de Pista";"Com Vítimas Feridas";"Anoitecer";"Decrescente";"Ceu Claro";"Dupla";"Reta";"Rural";5;0;5;0;0;0;5;1
83504802;"06/10/16";"Quinta";"17:50:00";"MG";116;"420,8";"ALPERCATA";"Ultrapassagem indevida";"Colisão lateral";"Com Vítimas Feridas";"Anoitecer";"Crescente";"Nublado";"Simples";"Reta";"Rural";2;0;1;0;0;1;1;2
83504803;"06/10/16";"Quinta";"16:15:00";"MT";163;"92";"RONDONOPOLIS";"Falta de atenção";"Saída de Pista";"Com Vítimas Feridas";"Pleno dia";"Decrescente";"Ceu Claro";"Dupla";"Reta";"Rural";2;0;2;0;0;0;2;1
83504804;"06/10/16";"Quinta";"12:50:00";"PR";116;"14,5";"CAMPINA GRANDE DO SUL";"Outras";"Capotamento";"Com Vítimas Feridas";"Pleno dia";"Decrescente";"Chuva";"Dupla";"Curva";"Rural";3;0;1;0;2;0;1;1
83504805;"06/10/16";"Quinta";"10:30:00";"BA";242;"825";"BARREIRAS";"Velocidade incompatível";"Colisão frontal";"Com Vítimas Fatais";"Pleno dia";"Crescente";"Chuva";"Simples";"Curva";"Rural";4;1;0;2;1;0;2;2
83504806;"02/10/16";"Domingo";"12:00:00";"MG";381;"328,5";"NOVA ERA";"Velocidade incompatível";"Saída de Pista";"Com Vítimas Feridas";"Pleno dia";"Decrescente";"Chuva";"Dupla";"Curva";"Urbano";4;0;4;0;0;0;4;1
83504807;"06/10/16";"Quinta";"19:50:00";"SP";381;"50";"ATIBAIA";"Falta de atenção";"Colisão traseira";"Com Vítimas Feridas";"Anoitecer";"Decrescente";"Ceu Claro";"Dupla";"Reta";"Urbano";6;0;1;4;1;0;5;4
83504808;"06/10/16";"Quinta";"16:00:00";"RS";470;"217";"BENTO GONCALVES";"Desobediência à sinalização";"Colisão Transversal";"Com Vítimas Feridas";"Pleno dia";"Decrescente";"Nublado";"Simples";"Cruzamento";"Urbano";3;0;2;0;1;0;2;2
83504809;"06/10/16";"Quinta";"17:50:00";"PR";369;"174,9";"ROLANDIA";"Ingestão de álcool";"Atropelamento de pessoa";"Com Vítimas Feridas";"Anoitecer";"Decrescente";"Vento";"Simples";"Reta";"Urbano";2;0;0;1;1;0;1;1
83504810;"06/10/16";"Quinta";"18:40:00";"RR";174;"459,2";"BOA VISTA";"Animais na Pista";"Atropelamento de animal";"Sem Vítimas";"Plena noite";"Decrescente";"Ceu Claro";"Simples";"Reta";"Rural";1;0;0;0;1;0;0;1
83504811;"06/10/16";"Quinta";"10:00:00";"SC";470;"137,3";"RIO DO SUL";"Desobediência à sinalização";"Colisão lateral";"Sem Vítimas";"Pleno dia";"Crescente";"Nublado";"Simples";"Reta";"Urbano";2;0;0;0;2;0;0;2
83504812;"06/10/16";"Quinta";"13:30:00";"MG";381;"671,5";"PERDOES";"Defeito mecânico em veículo";"Capotamento";"Com Vítimas Feridas";"Pleno dia";"Crescente";"Sol";"Dupla";"Curva";"Rural";3;0;2;0;1;0;2;1
83504813;"04/10/16";"Terça";"22:00:00";"RS";471;"489,1";"RIO GRANDE";"Outras";"Atropelamento de pessoa";"Com Vítimas Fatais";"Plena noite";"Crescente";"Ceu Claro";"Simples";"Reta";"Rural";2;1;0;0;0;1;0;1
83504814;"06/10/16";"Quinta";"17:30:00";"RO";364;"706";"PORTO VELHO";"Falta de atenção";"Colisão frontal";"Com Vítimas Feridas";"Anoitecer";"Crescente";"Nublado";"Dupla";"Reta";"Urbano";2;0;0;1;1;0;1;2
83504815;"02/10/16";"Domingo";"21:20:00";"RO";364;"880";"PORTO VELHO";"Falta de atenção";"Saída de Pista";"Com Vítimas Feridas";"Plena noite";"Crescente";"Ceu Claro";"Simples";"Curva";"Rural";1;0;1;0;0;0;1;1
83504816;"06/10/16";"Quinta";"19:00:00";"PA";316;"61";"CASTANHAL";"Desobediência à sinalização";"Colisão frontal";"Sem Vítimas";"Plena noite";"Crescente";"Ceu Claro";"Dupla";"Reta";"Urbano";2;0;0;0;2;0;0;2
83504817;"06/10/16";"Quinta";"11:00:00";"MG";262;"48,9";"MANHUACU";"Velocidade incompatível";"Saída de Pista";"Com Vítimas Feridas";"Pleno dia";"Crescente";"Chuva";"Simples";"Curva";"Rural";1;0;1;0;0;0;1;1
83504818;"06/10/16";"Quinta";"16:35:00";"SP";116;"534,7";"BARRA DO TURVO";"Velocidade incompatível";"Capotamento";"Com Vítimas Feridas";"Pleno dia";"Crescente";"Chuva";"Dupla";"Reta";"Rural";1;0;1;0;0;0;1;1
83504819;"06/10/16";"Quinta";"16:04:00";"PR";277;"656,4";"MATELANDIA";"Não guardar distância de segurança";"Colisão traseira";"Sem Vítimas";"Pleno dia";"Decrescente";"Ceu Claro";"Dupla";"Reta";"Urbano";2;0;0;0;2;0;0;2
83504820;"06/10/16";"Quinta";"14:45:00";"MG";262;"627";"IBIA";"Outras";"Tombamento";"Com Vítimas Feridas";"Pleno dia";"Crescente";"Nublado";"Simples";"Reta";"Rural";1;0;1;0;0;0;1;1
83504821;"06/10/16";"Quinta";"22:00:00";"ES";101;"212,3";"IBIRACU";"Ingestão de álcool";"Saída de Pista";"Com Vítimas Feridas";"Plena noite";"Crescente";"Chuva";"Simples";"Reta";"Urbano";1;0;0;1;0;0;1;1
83504822;"06/10/16";"Quinta";"08:10:00";"SP";116;"222";"GUARULHOS";"Falta de atenção";"Colisão traseira";"Com Vítimas Feridas";"Pleno dia";"Crescente";"Nublado";"Múltipla";"Reta";"Urbano";3;0;1;0;2;0;1;3
83504823;"06/10/16";"Quinta";"15:50:00";"PR";376;"177";"MARINGA";"Falta de atenção";"Colisão com bicicleta";"Com Vítimas Feridas";"Pleno dia";"Crescente";"Ceu Claro";"Múltipla";"Reta";"Urbano";2;0;1;0;1;0;1;2
83504824;"06/10/16";"Quinta";"16:25:00";"SP";116;"209";"GUARULHOS";"Outras";"Saída de Pista";"Sem Vítimas";"Pleno dia";"Crescente";"Ceu Claro";"Múltipla";"Reta";"Urbano";2;0;0;0;2;0;0;1
83504825;"06/10/16";"Quinta";"14:40:00";"MG";262;"37,3";"MANHUACU";"Falta de atenção";"Colisão lateral";"Com Vítimas Feridas";"Pleno dia";"Crescente";"Nublado";"Simples";"Reta";"Urbano";2;0;1;0;0;1;1;2
83504826;"06/10/16";"Quinta";"17:30:00";"MS";163;"658,9";"RIO VERDE DE MATO GROSSO";"Falta de atenção";"Tombamento";"Com Vítimas Feridas";"Anoitecer";"Decrescente";"Ceu Claro";"Simples";"Reta";"Rural";1;0;1;0;0;0;1;1
83504827;"06/10/16";"Quinta";"23:00:00";"SC";163;"73,5";"SAO MIGUEL DOESTE";"Falta de atenção";"Saída de Pista";"Com Vítimas Feridas";"Plena noite";"Decrescente";"Ceu Claro";"Simples";"Reta";"Rural";1;0;1;0;0;0;1;1
83504828;"06/10/16";"Quinta";"22:05:00";"PR";376;"551";"BALSA NOVA";"Outras";"Colisão com objeto fixo";"Sem Vítimas";"Plena noite";"Crescente";"Nublado";"Dupla";"Reta";"Rural";1;0;0;0;1;0;0;1
83504829;"06/10/16";"Quinta";"07:50:00";"PR";277;"136,7";"BALSA NOVA";"Velocidade incompatível";"Saída de Pista";"Sem Vítimas";"Pleno dia";"Crescente";"Chuva";"Dupla";"Curva";"Rural";1;0;0;0;1;0;0;1
83504830;"02/10/16";"Domingo";"13:05:00";"PR";277;"116";"CAMPO LARGO";"Outras";"Queda de motocicleta / bicicleta / veículo";"Com Vítimas Feridas";"Pleno dia";"Crescente";"Ceu Claro";"Dupla";"Reta";"Urbano";1;0;1;0;0;0;1;1
83504831;"03/10/16";"Segunda";"06:30:00";"PR";277;"103,8";"CAMPO LARGO";"Velocidade incompatível";"Colisão com objeto fixo";"Sem Vítimas";"Pleno dia";"Decrescente";"Chuva";"Dupla";"Reta";"Urbano";1;0;0;0;1;0;0;1
83504832;"06/10/16";"Quinta";"16:00:00";"PR";277;"128";"BALSA NOVA";"Velocidade incompatível";"Saída de Pista";"Sem Vítimas";"Pleno dia";"Decrescente";"Chuva";"Simples";"Curva";"Rural";1;0;0;0;1;0;0;1
83504833;"06/10/16";"Quinta";"20:00:00";"SP";116;"158";"JACAREI";"Outras";"Queda de motocicleta / bicicleta / veículo";"Com Vítimas Feridas";"Plena noite";"Decrescente";"Nublado";"Dupla";"Reta";"Urbano";1;0;1;0;0;0;1;1
83504834;"06/10/16";"Quinta";"17:00:00";"PR";277;"726";"FOZ DO IGUACU";"Desobediência à sinalização";"Colisão Transversal";"Sem Vítimas";"Pleno dia";"Crescente";"Sol";"Dupla";"Cruzamento";"Urbano";2;0;0;0;2;0;0;2
83504835;"02/10/16";"Domingo";"16:00:00";"PI";230;"306";"FLORIANO";"Ingestão de álcool";"Colisão Transversal";"Com Vítimas Feridas";"Pleno dia";"Decrescente";"Ceu Claro";"Simples";"Curva";"Urbano";2;0;1;0;1;0;1;2
83504836;"06/10/16";"Quinta";"13:00:00";"AL";316;"267,7";"SATUBA";"Outras";"Colisão frontal";"Com Vítimas Feridas";"Pleno dia";"Crescente";"Sol";"Simples";"Reta";"Rural";2;0;0;2;0;0;2;2
83504837;"06/10/16";"Quinta";"17:30:00";"SE";101;"51";"CARMOPOLIS";"Outras";"Colisão Transversal";"Sem Vítimas";"Anoitecer";"Crescente";"Ceu Claro";"Simples";"Reta";"Rural";3;0;0;0;3;0;0;2
83504838;"06/10/16";"Quinta";"22:45:00";"SC";101;"202";"SAO JOSE";"Ingestão de álcool";"Capotamento";"Com Vítimas Feridas";"Plena noite";"Decrescente";"Nublado";"Dupla";"Curva";"Urbano";4;0;4;0;0;0;4;1
83504839;"06/10/16";"Quinta";"18:10:00";"RS";386;"390,5";"TRIUNFO";"Falta de atenção";"Colisão lateral";"Sem Vítimas";"Anoitecer";"Decrescente";"Nublado";"Simples";"Reta";"Rural";3;0;0;0;3;0;0;2
83504840;"06/10/16";"Quinta";"21:00:00";"SP";381;"51";"ATIBAIA";"Outras";"Colisão traseira";"Sem Vítimas";"Plena noite";"Decrescente";"Ceu Claro";"Dupla";"Reta";"Urbano";3;0;0;0;3;0;0;2
83504841;"06/10/16";"Quinta";"21:20:00";"SP";116;"550,5";"BARRA DO TURVO";"Outras";"Colisão com objeto fixo";"Sem Vítimas";"Plena noite";"Crescente";"Chuva";"Simples";"Curva";"Rural";1;0;0;0;1;0;0;1
83504842;"06/10/16";"Quinta";"16:00:00";"BA";242;"249";"RUY BARBOSA";"Falta de atenção";"Saída de Pista";"Sem Vítimas";"Pleno dia";"Decrescente";"Chuva";"Simples";"Reta";"Rural";5;0;0;0;5;0;0;1
83504843;"06/10/16";"Quinta";"20:15:00";"SP";116;"228";"GUARULHOS";"Ultrapassagem indevida";"Colisão lateral";"Com Vítimas Feridas";"Plena noite";"Decrescente";"Ceu Claro";"Múltipla";"Reta";"Urbano";3;0;2;0;1;0;2;2
83504844;"06/10/16";"Quinta";"23:45:00";"ES";101;"147";"LINHARES";"Outras";"Queda de motocicleta / bicicleta / veículo";"Com Vítimas Feridas";"Plena noite";"Decrescente";"Chuva";"Dupla";"Reta";"Urbano";1;0;1;0;0;0;1;1
83504845;"05/10/16";"Quarta";"20:30:00";"MG";381;"611,7";"OLIVEIRA";"Não guardar distância de segurança";"Colisão traseira";"Sem Vítimas";"Plena noite";"Crescente";"Nublado";"Dupla";"Curva";"Rural";3;0;0;0;3;0;0;3
83504847;"06/10/16";"Quinta";"18:20:00";"MG";116;"702,9";"MURIAE";"Falta de atenção";"Colisão Transversal";"Com Vítimas Feridas";"Plena noite";"Crescente";"Nublado";"Simples";"Curva";"Urbano";2;0;0;1;1;0;1;2
83504848;"06/10/16";"Quinta";"13:10:00";"SP";116;"210";"GUARULHOS";"Outras";"Colisão lateral";"Sem Vítimas";"Pleno dia";"Crescente";"Sol";"Múltipla";"Reta";"Urbano";2;0;0;0;1;1;0;2
83504849;"06/10/16";"Quinta";"07:40:00";"MG";381;"529,3";"BRUMADINHO";"Velocidade incompatível";"Capotamento";"Sem Vítimas";"Pleno dia";"Decrescente";"Chuva";"Dupla";"Curva";"Rural";1;0;0;0;1;0;0;1
83504850;"06/10/16";"Quinta";"08:20:00";"PR";116;"183";"CAMPO DO TENENTE";"Falta de atenção";"Queda de motocicleta / bicicleta / veículo";"Com Vítimas Feridas";"Pleno dia";"Crescente";"Chuva";"Simples";"Curva";"Rural";1;0;0;1;0;0;1;1
83504851;"06/10/16";"Quinta";"17:55:00";"BA";324;"512,5";"FEIRA DE SANTANA";"Ingestão de álcool";"Atropelamento de pessoa";"Com Vítimas Feridas";"Anoitecer";"Crescente";"Nublado";"Simples";"Reta";"Urbano";2;0;1;1;0;0;2;1
83504852;"06/10/16";"Quinta";"06:30:00";"BA";324;"514";"FEIRA DE SANTANA";"Falta de atenção";"Colisão Transversal";"Com Vítimas Feridas";"Pleno dia";"Crescente";"Ceu Claro";"Simples";"Reta";"Urbano";2;0;0;1;0;1;1;2
83504853;"06/10/16";"Quinta";"22:40:00";"PR";376;"161,2";"MARINGA";"Falta de atenção";"Saída de Pista";"Com Vítimas Feridas";"Plena noite";"Decrescente";"Ceu Claro";"Dupla";"Reta";"Rural";1;0;0;1;0;0;1;1
83504854;"06/10/16";"Quinta";"22:30:00";"PE";101;"87";"JABOATAO DOS GUARARAPES";"Desobediência à sinalização";"Colisão frontal";"Com Vítimas Feridas";"Plena noite";"Decrescente";"Ceu Claro";"Simples";"Reta";"Urbano";3;0;1;0;2;0;1;2
83504855;"06/10/16";"Quinta";"20:10:00";"MG";267;"70,7";"BICAS";"Outras";"Colisão lateral";"Com Vítimas Feridas";"Plena noite";"Decrescente";"Nublado";"Simples";"Reta";"Rural";2;0;1;0;1;0;1;2
83504856;"07/10/16";"Sexta";"00:05:00";"PR";369;"84,5";"CORNELIO PROCOPIO";"Desobediência à sinalização";"Colisão lateral";"Com Vítimas Feridas";"Plena noite";"Decrescente";"Ceu Claro";"Simples";"Reta";"Rural";2;0;0;1;1;0;1;2
83504857;"06/10/16";"Quinta";"23:00:00";"RS";116;"149,4";"CAXIAS DO SUL";"Velocidade incompatível";"Saída de Pista";"Com Vítimas Feridas";"Plena noite";"Decrescente";"Nublado";"Dupla";"Curva";"Urbano";2;0;0;2;0;0;2;1
83504858;"06/10/16";"Quinta";"10:10:00";"PR";116;"14";"CAMPINA GRANDE DO SUL";"Outras";"Capotamento";"Sem Vítimas";"Pleno dia";"Decrescente";"Chuva";"Dupla";"Curva";"Rural";1;0;0;0;1;0;0;1
83504859;"07/10/16";"Sexta";"00:50:00";"RS";386;"345,5";"LAJEADO";"Ingestão de álcool";"Saída de Pista";"Sem Vítimas";"Plena noite";"Decrescente";"Nublado";"Dupla";"Reta";"Urbano";1;0;0;0;1;0;0;1
83504860;"06/10/16";"Quinta";"17:40:00";"BA";324;"514";"FEIRA DE SANTANA";"Falta de atenção";"Colisão lateral";"Com Vítimas Feridas";"Anoitecer";"Decrescente";"Ceu Claro";"Simples";"Reta";"Urbano";2;0;1;0;1;0;1;2
83504861;"02/10/16";"Domingo";"19:51:00";"SP";116;"444,1";"REGISTRO";"Ingestão de álcool";"Atropelamento de pessoa";"Com Vítimas Feridas";"Plena noite";"Crescente";"Chuva";"Dupla";"Reta";"Urbano";2;0;0;1;1;0;1;1
83504862;"06/10/16";"Quinta";"23:28:00";"PR";116;"22";"CAMPINA GRANDE DO SUL";"Outras";"Saída de Pista";"Sem Vítimas";"Plena noite";"Crescente";"Nublado";"Dupla";"Curva";"Rural";1;0;0;0;1;0;0;1
83504863;"02/10/16";"Domingo";"15:00:00";"SE";101;"124,3";"ITAPORANGA DAJUDA";"Outras";"Colisão com objeto fixo";"Sem Vítimas";"Pleno dia";"Crescente";"Sol";"Dupla";"Reta";"Rural";1;0;0;0;1;0;0;1
83504864;"06/10/16";"Quinta";"19:15:00";"SP";116;"157";"SAO JOSE DOS CAMPOS";"Falta de atenção";"Colisão traseira";"Sem Vítimas";"Plena noite";"Decrescente";"Chuva";"Múltipla";"Reta";"Rural";3;0;0;0;3;0;0;3
83504865;"30/09/16";"Sexta";"20:30:00";"ES";101;"459,5";"MIMOSO DO SUL";"Velocidade incompatível";"Saída de Pista";"Sem Vítimas";"Plena noite";"Crescente";"Chuva";"Simples";"Curva";"Rural";1;0;0;0;1;0;0;1
83504866;"06/10/16";"Quinta";"06:40:00";"RO";364;"641";"CANDEIAS DO JAMARI";"Outras";"Saída de Pista";"Sem Vítimas";"Amanhecer";"Crescente";"Chuva";"Simples";"Reta";"Rural";3;0;0;0;3;0;0;1
83504867;"06/10/16";"Quinta";"16:10:00";"TO";153;"151";"ARAGUAINA";"Defeito mecânico em veículo";"Tombamento";"Com Vítimas Feridas";"Pleno dia";"Decrescente";"Ceu Claro";"Simples";"Reta";"Rural";1;0;1;0;0;0;1;1
83504868;"07/10/16";"Sexta";"00:05:00";"PR";277;"444,4";"LARANJEIRAS DO SUL";"Outras";"Capotamento";"Com Vítimas Feridas";"Plena noite";"Decrescente";"Nublado";"Múltipla";"Curva";"Rural";1;0;0;1;0;0;1;1
83504869;"07/10/16";"Sexta";"00:15:00";"GO";40;"66,3";"CRISTALINA";"Outras";"Capotamento";"Sem Vítimas";"Plena noite";"Crescente";"Nublado";"Simples";"Reta";"Rural";1;0;0;0;1;0;0;1
83504870;"06/10/16";"Quinta";"17:30:00";"BA";116;"389,2";"SANTA BARBARA";"Falta de atenção";"Colisão frontal";"Com Vítimas Feridas";"Anoitecer";"Decrescente";"Nublado";"Simples";"Reta";"Urbano";2;0;1;1;0;0;2;2
83504871;"06/10/16";"Quinta";"07:30:00";"PI";316;"9";"TERESINA";"Animais na Pista";"Atropelamento de animal";"Com Vítimas Feridas";"Pleno dia";"Decrescente";"Ceu Claro";"Simples";"Reta";"Urbano";2;0;2;0;0;0;2;1
83504872;"07/10/16";"Sexta";"01:45:00";"RS";386;"16";"FREDERICO WESTPHALEN";"Dormindo";"Saída de Pista";"Com Vítimas Fatais";"Plena noite";"Decrescente";"Ceu Claro";"Simples";"Curva";"Rural";1;1;0;0;0;0;0;1
83504873;"06/10/16";"Quinta";"23:20:00";"TO";153;"137";"ARAGUAINA";"Falta de atenção";"Saída de Pista";"Com Vítimas Feridas";"Plena noite";"Crescente";"Ceu Claro";"Dupla";"Reta";"Urbano";1;0;0;1;0;0;1;1
83504874;"06/10/16";"Quinta";"13:10:00";"RS";285;"296";"PASSO FUNDO";"Defeito na via";"Queda de motocicleta / bicicleta / veículo";"Com Vítimas Feridas";"Pleno dia";"Decrescente";"Chuva";"Simples";"Reta";"Urbano";2;0;1;0;1;0;1;1
83504875;"02/10/16";"Domingo";"19:35:00";"BA";116;"280";"TUCANO";"Ultrapassagem indevida";"Colisão frontal";"Com Vítimas Feridas";"Plena noite";"Decrescente";"Ceu Claro";"Simples";"Reta";"Rural";3;0;1;0;1;1;1;3
83504876;"03/10/16";"Segunda";"00:10:00";"CE";116;"6";"FORTALEZA";"Outras";"Atropelamento de pessoa";"Com Vítimas Fatais";"Plena noite";"Decrescente";"Ceu Claro";"Dupla";"Reta";"Urbano";2;1;0;0;1;0;0;1
83504877;"04/10/16";"Terça";"22:15:00";"RS";472;"527,5";"URUGUAIANA";"Ingestão de álcool";"Saída de Pista";"Sem Vítimas";"Plena noite";"Decrescente";"Ceu Claro";"Simples";"Reta";"Rural";1;0;0;0;1;0;0;1
83504878;"06/10/16";"Quinta";"17:30:00";"MT";70;"515";"VARZEA GRANDE";"Outras";"Colisão traseira";"Com Vítimas Feridas";"Anoitecer";"Crescente";"Ceu Claro";"Simples";"Reta";"Urbano";2;0;0;1;1;0;1;2
83504879;"06/10/16";"Quinta";"17:50:00";"PR";467;"90,8";"CASCAVEL";"Outras";"Capotamento";"Com Vítimas Feridas";"Anoitecer";"Crescente";"Ceu Claro";"Dupla";"Curva";"Rural";3;0;2;0;1;0;2;1
83504880;"06/10/16";"Quinta";"17:30:00";"PR";116;"115";"CURITIBA";"Falta de atenção";"Colisão traseira";"Com Vítimas Feridas";"Anoitecer";"Decrescente";"Nublado";"Dupla";"Reta";"Urbano";5;0;1;0;3;1;1;4
83504881;"02/10/16";"Domingo";"07:20:00";"SP";381;"58,8";"MAIRIPORA";"Ingestão de álcool";"Colisão lateral";"Sem Vítimas";"Pleno dia";"Crescente";"Ceu Claro";"Dupla";"Reta";"Urbano";2;0;0;0;2;0;0;2
83504882;"06/10/16";"Quinta";"10:45:00";"SE";101;"39";"CAPELA";"Outras";"Saída de Pista";"Com Vítimas Feridas";"Pleno dia";"Crescente";"Sol";"Dupla";"Reta";"Rural";1;0;0;1;0;0;1;1
83504883;"06/10/16";"Quinta";"23:50:00";"MS";463;"2";"DOURADOS";"Ingestão de álcool";"Colisão lateral";"Sem Vítimas";"Plena noite";"Crescente";"Nublado";"Simples";"Reta";"Urbano";2;0;0;0;2;0;0;2
83504884;"06/10/16";"Quinta";"17:40:00";"MG";135;"410,7";"BOCAIUVA";"Outras";"Colisão com bicicleta";"Com Vítimas Feridas";"Pleno dia";"Decrescente";"Ceu Claro";"Simples";"Reta";"Urbano";2;0;0;1;1;0;1;2
83504885;"05/10/16";"Quarta";"02:00:00";"MA";10;"298";"CIDELANDIA";"Outras";"Colisão lateral";"Com Vítimas Fatais";"Plena noite";"Crescente";"Ceu Claro";"Simples";"Reta";"Rural";3;1;0;0;0;2;0;2
83504886;"01/10/16";"Sábado";"13:15:00";"PR";373;"175,2";"PONTA GROSSA";"Ingestão de álcool";"Saída de Pista";"Com Vítimas Feridas";"Pleno dia";"Crescente";"Ceu Claro";"Dupla";"Reta";"Urbano";1;0;1;0;0;0;1;1
83504887;"06/10/16";"Quinta";"10:30:00";"SC";470;"193,5";"POUSO REDONDO";"Outras";"Colisão frontal";"Com Vítimas Feridas";"Pleno dia";"Decrescente";"Chuva";"Simples";"Curva";"Rural";3;0;1;1;1;0;2;2
83504888;"06/10/16";"Quinta";"07:20:00";"CE";116;"6";"FORTALEZA";"Falta de atenção";"Colisão traseira";"Sem Vítimas";"Pleno dia";"Crescente";"Ceu Claro";"Dupla";"Reta";"Urbano";2;0;0;0;2;0;0;2
83504889;"07/10/16";"Sexta";"02:20:00";"RJ";101;"184";"CASIMIRO DE ABREU";"Outras";"Capotamento";"Com Vítimas Feridas";"Plena noite";"Decrescente";"Nublado";"Simples";"Curva";"Rural";2;0;2;0;0;0;2;1
83504890;"06/10/16";"Quinta";"19:00:00";"RJ";40;"68";"PETROPOLIS";"Outras";"Capotamento";"Com Vítimas Feridas";"Plena noite";"Crescente";"Chuva";"Simples";"Reta";"Rural";1;0;1;0;0;0;1;1
83504891;"06/10/16";"Quinta";"20:00:00";"BA";110;"171";"RIBEIRA DO POMBAL";"Falta de atenção";"Colisão com objeto móvel";"Com Vítimas Feridas";"Plena noite";"Decrescente";"Ceu Claro";"Simples";"Reta";"Urbano";3;0;1;0;1;1;1;2
83504892;"06/10/16";"Quinta";"14:00:00";"RO";364;"76";"VILHENA";"Outras";"Incêndio";"Sem Vítimas";"Pleno dia";"Decrescente";"Ceu Claro";"Simples";"Reta";"Rural";1;0;0;0;1;0;0;1
83504894;"06/10/16";"Quinta";"14:40:00";"RJ";101;"197";"CASIMIRO DE ABREU";"Outras";"Capotamento";"Com Vítimas Feridas";"Pleno dia";"Crescente";"Nublado";"Dupla";"Curva";"Rural";1;0;0;1;0;0;1;1
83504895;"06/10/16";"Quinta";"10:30:00";"PR";476;"97";"BOCAIUVA DO SUL";"Velocidade incompatível";"Tombamento";"Sem Vítimas";"Pleno dia";"Crescente";"Chuva";"Simples";"Curva";"Rural";1;0;0;0;1;0;0;1
83504896;"02/10/16";"Domingo";"17:45:00";"RS";158;"326,3";"SANTA MARIA";"Falta de atenção";"Colisão traseira";"Sem Vítimas";"Pleno dia";"Crescente";"Ceu Claro";"Dupla";"Cruzamento";"Urbano";2;0;0;0;2;0;0;2