"id";"data_inversa";"dia_semana";"horario";"uf";"br";"km";"municipio";"causa_acidente";"tipo_acidente";"classificacao_acidente";"fase_dia";"sentido_via";"condicao_metereologica";"tipo_pista";"tracado_via";"uso_solo";"pessoas";"mortos";"feridos_leves";"feridos_graves";"ilesos";"ignorados";"feridos";"veiculos"
83504897;"06/10/16";"Quinta";"13:30:00";"PR";116;"17";"ANTONINA";"Outras";"Colisão com objeto fixo";"Sem Vítimas";"Pleno dia";"Crescente";"Chuva";"Dupla";"Curva";"Urbano";1;0;0;0;1;0;0;1
83504898;"06/10/16";"Quinta";"06:40:00";"MG";116;"257,8";"TEOFILO OTONI";"Outras";"Saída de Pista";"Sem Vítimas";"Amanhecer";"Crescente";"Chuva";"Simples";"Curva";"Rural";1;0;0;0;1;0;0;1
83504899;"06/10/16";"Quinta";"14:30:00";"MA";10;"279,5";"IMPERATRIZ";"Não guardar distância de segurança";"Colisão traseira";"Sem Vítimas";"Pleno dia";"Decrescente";"Ceu Claro";"Simples";"Reta";"Rural";2;0;0;0;2;0;0;2
83504900;"06/10/16";"Quinta";"13:30:00";"MG";381;"933,3";"EXTREMA";"Velocidade incompatível";"Saída de Pista";"Com Vítimas Feridas";"Pleno dia";"Crescente";"Chuva";"Dupla";"Curva";"Rural";1;0;0;1;0;0;1;1
83504901;"06/10/16";"Quinta";"11:30:00";"MG";116;"719,9";"MURIAE";"Outras";"Capotamento";"Com Vítimas Feridas";"Pleno dia";"Crescente";"Nublado";"Simples";"Reta";"Rural";1;0;1;0;0;0;1;1
83504902;"07/10/16";"Sexta";"00:00:00";"MG";381;"349";"JOAO MONLEVADE";"Velocidade incompatível";"Tombamento";"Sem Vítimas";"Plena noite";"Decrescente";"Nublado";"Simples";"Curva";"Rural";1;0;0;0;1;0;0;1
83504903;"07/10/16";"Sexta";"01:00:00";"PR";476;"119,8";"COLOMBO";"Ingestão de álcool";"Colisão Transversal";"Sem Vítimas";"Plena noite";"Decrescente";"Chuva";"Dupla";"Reta";"Urbano";3;0;0;0;3;0;0;2
83504904;"03/10/16";"Segunda";"00:30:00";"RJ";356;"152";"CAMPOS DOS GOYTACAZES";"Falta de atenção";"Colisão traseira";"Com Vítimas Feridas";"Plena noite";"Crescente";"Nublado";"Simples";"Reta";"Rural";3;0;2;0;1;0;2;2
83504905;"06/10/16";"Quinta";"15:20:00";"SC";101;"333";"TUBARAO";"Desobediência à sinalização";"Colisão traseira";"Sem Vítimas";"Pleno dia";"Crescente";"Chuva";"Simples";"Cruzamento";"Urbano";2;0;0;0;2;0;0;2
83504906;"02/10/16";"Domingo";"16:00:00";"PI";343;"640";"FLORIANO";"Outras";"Capotamento";"Com Vítimas Feridas";"Pleno dia";"Decrescente";"Ceu Claro";"Simples";"Reta";"Rural";5;0;0;2;3;0;2;1
83504907;"06/10/16";"Quinta";"05:30:00";"SC";282;"101";"ALFREDO WAGNER";"Velocidade incompatível";"Saída de Pista";"Com Vítimas Feridas";"Amanhecer";"Decrescente";"Chuva";"Simples";"Curva";"Rural";1;0;1;0;0;0;1;1
83504908;"06/10/16";"Quinta";"07:50:00";"PE";101;"50,3";"ABREU E LIMA";"Não guardar distância de segurança";"Colisão traseira";"Sem Vítimas";"Pleno dia";"Decrescente";"Ceu Claro";"Múltipla";"Reta";"Urbano";4;0;0;0;4;0;0;4
83504909;"07/10/16";"Sexta";"05:30:00";"SP";116;"535,5";"BARRA DO TURVO";"Outras";"Tombamento";"Sem Vítimas";"Amanhecer";"Decrescente";"Chuva";"Dupla";"Reta";"Rural";1;0;0;0;1;0;0;1
83504910;"06/10/16";"Quinta";"08:00:00";"PR";476;"69,9";"TUNAS DO PARANA";"Falta de atenção";"Colisão frontal";"Com Vítimas Feridas";"Pleno dia";"Decrescente";"Chuva";"Simples";"Curva";"Rural";3;0;2;0;1;0;2;2
83504911;"06/10/16";"Quinta";"19:30:00";"BA";110;"88,2";"JEREMOABO";"Outras";"Saída de Pista";"Com Vítimas Feridas";"Plena noite";"Decrescente";"Ceu Claro";"Simples";"Curva";"Rural";1;0;1;0;0;0;1;1
83504912;"01/10/16";"Sábado";"22:00:00";"PB";230;"30";"BAYEUX";"Outras";"Saída de Pista";"Sem Vítimas";"Plena noite";"Decrescente";"Ceu Claro";"Dupla";"Reta";"Urbano";1;0;0;0;1;0;0;1
83504913;"06/10/16";"Quinta";"19:15:00";"SC";101;"121";"ITAJAI";"Ingestão de álcool";"Colisão traseira";"Com Vítimas Feridas";"Plena noite";"Crescente";"Nublado";"Dupla";"Reta";"Urbano";2;0;1;0;1;0;1;2
83504914;"07/10/16";"Sexta";"01:30:00";"GO";414;"435,3";"ANAPOLIS";"Outras";"Colisão com objeto fixo";"Com Vítimas Feridas";"Plena noite";"Decrescente";"Ceu Claro";"Simples";"Curva";"Urbano";2;0;2;0;0;0;2;1
83504915;"05/10/16";"Quarta";"19:10:00";"CE";116;"10";"FORTALEZA";"Falta de atenção";"Atropelamento de pessoa";"Com Vítimas Feridas";"Plena noite";"Crescente";"Ceu Claro";"Dupla";"Reta";"Urbano";3;0;2;1;0;0;3;1
83504916;"06/10/16";"Quinta";"13:50:00";"RN";226;"128,4";"CAMPO REDONDO";"Defeito mecânico em veículo";"Colisão frontal";"Com Vítimas Fatais";"Pleno dia";"Crescente";"Ceu Claro";"Simples";"Reta";"Rural";3;2;1;0;0;0;1;2
83504917;"06/10/16";"Quinta";"17:00:00";"SC";282;"54,3";"RANCHO QUEIMADO";"Velocidade incompatível";"Capotamento";"Sem Vítimas";"Pleno dia";"Crescente";"Chuva";"Simples";"Curva";"Rural";1;0;0;0;1;0;0;1
83504918;"07/10/16";"Sexta";"05:10:00";"PE";232;"185,5";"SANHARO";"Animais na Pista";"Saída de Pista";"Com Vítimas Feridas";"Amanhecer";"Decrescente";"Ceu Claro";"Simples";"Reta";"Rural";2;0;1;0;1;0;1;1
83504919;"02/10/16";"Domingo";"17:30:00";"GO";60;"93";"ANAPOLIS";"Outras";"Colisão traseira";"Sem Vítimas";"Plena noite";"Crescente";"Nublado";"Simples";"Reta";"Urbano";2;0;0;0;1;1;0;2
83504920;"04/10/16";"Terça";"01:10:00";"RS";290;"107,5";"ELDORADO DO SUL";"Ingestão de álcool";"Saída de Pista";"Sem Vítimas";"Plena noite";"Decrescente";"Ceu Claro";"Dupla";"Curva";"Urbano";1;0;0;0;1;0;0;1
83504921;"02/10/16";"Domingo";"12:30:00";"PR";476;"233";"LAPA";"Outras";"Tombamento";"Com Vítimas Feridas";"Pleno dia";"Crescente";"Sol";"Simples";"Curva";"Urbano";1;0;1;0;0;0;1;1
83504922;"04/10/16";"Terça";"16:50:00";"MG";381;"403,6";"BOM JESUS DO AMPARO";"Outras";"Colisão frontal";"Com Vítimas Feridas";"Anoitecer";"Decrescente";"Chuva";"Simples";"Reta";"Rural";4;0;2;0;2;0;2;2
83504923;"06/10/16";"Quinta";"18:40:00";"PE";232;"412,8";"SERRA TALHADA";"Outras";"Colisão com objeto fixo";"Com Vítimas Feridas";"Plena noite";"Decrescente";"Ceu Claro";"Simples";"Reta";"Urbano";1;0;0;1;0;0;1;1
83504924;"06/10/16";"Quinta";"21:00:00";"SP";116;"213";"GUARULHOS";"Falta de atenção";"Colisão traseira";"Sem Vítimas";"Plena noite";"Decrescente";"Ceu Claro";"Múltipla";"Reta";"Urbano";2;0;0;0;2;0;0;2
83504925;"07/10/16";"Sexta";"06:40:00";"SP";116;"450,1";"REGISTRO";"Outras";"Queda de motocicleta / bicicleta / veículo";"Sem Vítimas";"Pleno dia";"Crescente";"Nublado";"Dupla";"Curva";"Urbano";1;0;0;0;1;0;0;1
83504926;"06/10/16";"Quinta";"11:15:00";"MG";116;"703,1";"MURIAE";"Desobediência à sinalização";"Colisão Transversal";"Sem Vítimas";"Pleno dia";"Decrescente";"Nublado";"Simples";"Cruzamento";"Urbano";2;0;0;0;2;0;0;2
83504927;"07/10/16";"Sexta";"04:20:00";"PR";376;"323";"ORTIGUEIRA";"Falta de atenção";"Colisão lateral";"Sem Vítimas";"Plena noite";"Decrescente";"Vento";"Simples";"Curva";"Rural";2;0;0;0;2;0;0;2
83504928;"06/10/16";"Quinta";"11:05:00";"SC";282;"0,9";"FLORIANOPOLIS";"Não guardar distância de segurança";"Colisão traseira";"Com Vítimas Feridas";"Pleno dia";"Crescente";"Chuva";"Dupla";"Reta";"Urbano";4;0;1;0;3;0;1;3
83504929;"06/10/16";"Quinta";"22:05:00";"PE";232;"364";"FLORES";"Defeito na via";"Queda de motocicleta / bicicleta / veículo";"Com Vítimas Fatais";"Plena noite";"Crescente";"Ceu Claro";"Simples";"Reta";"Rural";1;1;0;0;0;0;0;1
83504930;"06/10/16";"Quinta";"15:15:00";"SC";153;"80,9";"IRANI";"Velocidade incompatível";"Colisão frontal";"Com Vítimas Feridas";"Pleno dia";"Crescente";"Chuva";"Simples";"Curva";"Rural";2;0;1;1;0;0;2;2
83504931;"04/10/16";"Terça";"18:00:00";"BA";101;"923";"NOVA VICOSA";"Outras";"Colisão Transversal";"Com Vítimas Feridas";"Plena noite";"Crescente";"Chuva";"Simples";"Reta";"Rural";2;0;1;0;1;0;1;2
83504932;"04/10/16";"Terça";"20:40:00";"MT";364;"462,5";"VARZEA GRANDE";"Ultrapassagem indevida";"Saída de Pista";"Com Vítimas Feridas";"Plena noite";"Decrescente";"Nublado";"Simples";"Curva";"Rural";1;0;1;0;0;0;1;1
83504933;"05/10/16";"Quarta";"22:15:00";"PR";277;"2";"PARANAGUA";"Falta de atenção";"Saída de Pista";"Sem Vítimas";"Plena noite";"Decrescente";"Nublado";"Simples";"Reta";"Urbano";1;0;0;0;1;0;0;1
83504934;"04/10/16";"Terça";"06:30:00";"SP";116;"385";"MIRACATU";"Defeito mecânico em veículo";"Saída de Pista";"Sem Vítimas";"Pleno dia";"Decrescente";"Chuva";"Dupla";"Reta";"Rural";1;0;0;0;1;0;0;1
83504935;"04/10/16";"Terça";"03:00:00";"MG";135;"602";"CORINTO";"Falta de atenção";"Saída de Pista";"Com Vítimas Feridas";"Plena noite";"Crescente";"Chuva";"Simples";"Reta";"Rural";4;0;3;0;1;0;3;1
83504936;"05/10/16";"Quarta";"19:14:00";"RR";174;"505";"BOA VISTA";"Outras";"Colisão lateral";"Com Vítimas Feridas";"Plena noite";"Crescente";"Ceu Claro";"Dupla";"Reta";"Urbano";3;0;2;0;1;0;2;2
83504937;"07/10/16";"Sexta";"07:10:00";"MG";262;"37,1";"MANHUACU";"Falta de atenção";"Colisão lateral";"Com Vítimas Feridas";"Pleno dia";"Decrescente";"Sol";"Simples";"Reta";"Urbano";2;0;1;0;1;0;1;2
83504938;"07/10/16";"Sexta";"07:15:00";"PR";116;"97";"SAO JOSE DOS PINHAIS";"Falta de atenção";"Colisão traseira";"Sem Vítimas";"Pleno dia";"Crescente";"Nublado";"Dupla";"Reta";"Urbano";2;0;0;0;2;0;0;2
83504939;"03/10/16";"Segunda";"16:40:00";"MG";40;"694,7";"ALFREDO VASCONCELOS";"Velocidade incompatível";"Colisão com objeto fixo";"Sem Vítimas";"Pleno dia";"Decrescente";"Chuva";"Simples";"Curva";"Rural";1;0;0;0;1;0;0;1
83504940;"04/10/16";"Terça";"05:30:00";"MG";116;"468,9";"ENGENHEIRO CALDAS";"Outras";"Colisão frontal";"Com Vítimas Fatais";"Amanhecer";"Crescente";"Nublado";"Simples";"Reta";"Rural";2;1;0;0;1;0;0;2
83504941;"04/10/16";"Terça";"03:20:00";"PA";316;"79";"SAO FRANCISCO DO PARA";"Ingestão de álcool";"Colisão frontal";"Com Vítimas Fatais";"Plena noite";"Crescente";"Ceu Claro";"Simples";"Reta";"Rural";4;1;0;1;2;0;1;2
83504942;"07/10/16";"Sexta";"06:30:00";"PR";153;"486,6";"GENERAL CARNEIRO";"Outras";"Tombamento";"Com Vítimas Feridas";"Amanhecer";"Crescente";"Ceu Claro";"Simples";"Curva";"Rural";1;0;1;0;0;0;1;1
83504943;"07/10/16";"Sexta";"07:20:00";"RS";153;"50,7";"ERECHIM";"Não guardar distância de segurança";"Colisão traseira";"Com Vítimas Feridas";"Pleno dia";"Crescente";"Ceu Claro";"Simples";"Reta";"Urbano";2;0;1;0;1;0;1;2
83504944;"29/09/16";"Quinta";"21:00:00";"CE";116;"34,7";"AQUIRAZ";"Outras";"Colisão traseira";"Com Vítimas Fatais";"Plena noite";"Decrescente";"Ceu Claro";"Dupla";"Reta";"Rural";2;1;0;0;1;0;0;2
83504945;"07/10/16";"Sexta";"08:10:00";"RS";153;"45,5";"ERECHIM";"Falta de atenção";"Colisão traseira";"Sem Vítimas";"Pleno dia";"Decrescente";"Ceu Claro";"Múltipla";"Reta";"Rural";4;0;0;0;4;0;0;2
83504946;"07/10/16";"Sexta";"05:00:00";"PR";163;"142";"CAPITAO LEONIDAS MARQUES";"Falta de atenção";"Tombamento";"Com Vítimas Feridas";"Plena noite";"Decrescente";"Ceu Claro";"Simples";"Curva";"Urbano";2;0;1;0;1;0;1;2
83504954;"01/10/16";"Sábado";"21:40:00";"SC";282;"570";"NOVA ERECHIM";"Ingestão de álcool";"Colisão frontal";"Sem Vítimas";"Plena noite";"Crescente";"Ceu Claro";"Simples";"Reta";"Urbano";5;0;0;0;4;1;0;2
83504955;"29/09/16";"Quinta";"18:30:00";"MG";135;"574";"CORINTO";"Outras";"Colisão traseira";"Com Vítimas Feridas";"Anoitecer";"Decrescente";"Nublado";"Simples";"Reta";"Rural";2;0;0;1;0;1;1;2
83504959;"03/10/16";"Segunda";"09:00:00";"RJ";116;"237";"PIRAI";"Outras";"Colisão lateral";"Com Vítimas Feridas";"Pleno dia";"Decrescente";"Nublado";"Dupla";"Reta";"Rural";2;0;1;0;1;0;1;2
83504962;"03/10/16";"Segunda";"17:30:00";"SE";101;"56,2";"ROSARIO DO CATETE";"Outras";"Atropelamento de pessoa";"Com Vítimas Fatais";"Plena noite";"Crescente";"Nublado";"Simples";"Reta";"Urbano";2;1;0;0;1;0;0;1
83504963;"07/10/16";"Sexta";"08:35:00";"SP";116;"168,4";"JACAREI";"Falta de atenção";"Colisão traseira";"Sem Vítimas";"Pleno dia";"Crescente";"Nublado";"Dupla";"Reta";"Rural";2;0;0;0;2;0;0;2
83504965;"03/10/16";"Segunda";"09:10:00";"MG";116;"694";"MURIAE";"Outras";"Saída de Pista";"Com Vítimas Feridas";"Pleno dia";"Crescente";"Nublado";"Simples";"Curva";"Rural";2;0;2;0;0;0;2;1
83504966;"29/09/16";"Quinta";"15:50:00";"MG";381;"678,2";"PERDOES";"Falta de atenção";"Colisão traseira";"Com Vítimas Feridas";"Pleno dia";"Crescente";"Sol";"Dupla";"Reta";"Rural";2;0;0;1;1;0;1;2
83504969;"07/10/16";"Sexta";"08:40:00";"SC";116;"207,4";"PONTE ALTA";"Desobediência à sinalização";"Colisão Transversal";"Com Vítimas Feridas";"Pleno dia";"Crescente";"Nublado";"Simples";"Cruzamento";"Urbano";5;0;5;0;0;0;5;2
83504972;"01/10/16";"Sábado";"09:20:00";"PR";376;"677";"GUARATUBA";"Velocidade incompatível";"Colisão com objeto fixo";"Sem Vítimas";"Pleno dia";"Decrescente";"Chuva";"Dupla";"Curva";"Rural";1;0;0;0;1;0;0;1
83504973;"03/10/16";"Segunda";"16:45:00";"CE";222;"21,8";"CAUCAIA";"Falta de atenção";"Colisão traseira";"Com Vítimas Feridas";"Pleno dia";"Decrescente";"Ceu Claro";"Simples";"Reta";"Rural";5;0;1;0;4;0;1;4
83504974;"07/10/16";"Sexta";"07:00:00";"MG";262;"443,9";"NOVA SERRANA";"Velocidade incompatível";"Saída de Pista";"Com Vítimas Feridas";"Pleno dia";"Crescente";"Ceu Claro";"Dupla";"Reta";"Urbano";1;0;1;0;0;0;1;1
83504975;"07/10/16";"Sexta";"09:40:00";"PE";232;"149,4";"SAO CAITANO";"Ultrapassagem indevida";"Queda de motocicleta / bicicleta / veículo";"Com Vítimas Feridas";"Pleno dia";"Crescente";"Ceu Claro";"Simples";"Reta";"Urbano";2;0;1;0;1;0;1;2
83504976;"02/10/16";"Domingo";"20:30:00";"MG";116;"160,5";"PONTO DOS VOLANTES";"Velocidade incompatível";"Capotamento";"Com Vítimas Feridas";"Plena noite";"Crescente";"Ceu Claro";"Simples";"Curva";"Rural";3;0;3;0;0;0;3;1
83504977;"07/10/16";"Sexta";"09:10:00";"MG";381;"441";"SABARA";"Falta de atenção";"Colisão traseira";"Sem Vítimas";"Pleno dia";"Crescente";"Ceu Claro";"Simples";"Reta";"Rural";6;0;0;0;6;0;0;6
83504978;"05/10/16";"Quarta";"06:50:00";"MG";262;"443,9";"NOVA SERRANA";"Não guardar distância de segurança";"Colisão traseira";"Com Vítimas Feridas";"Pleno dia";"Crescente";"Nublado";"Dupla";"Reta";"Urbano";2;0;2;0;0;0;2;2
83504980;"04/10/16";"Terça";"07:20:00";"AL";316;"83,4";"SANTANA DO IPANEMA";"Não guardar distância de segurança";"Colisão lateral";"Com Vítimas Feridas";"Pleno dia";"Crescente";"Ceu Claro";"Simples";"Reta";"Urbano";2;0;1;0;1;0;1;2
83504981;"07/10/16";"Sexta";"05:55:00";"MT";364;"226,7";"RONDONOPOLIS";"Velocidade incompatível";"Tombamento";"Sem Vítimas";"Amanhecer";"Decrescente";"Ceu Claro";"Dupla";"Reta";"Rural";1;0;0;0;1;0;0;1
83504982;"26/09/16";"Segunda";"06:00:00";"MG";40;"521";"CONTAGEM";"Outras";"Colisão com objeto fixo";"Sem Vítimas";"Plena noite";"Crescente";"Chuva";"Dupla";"Reta";"Urbano";1;0;0;0;1;0;0;1
83504984;"07/10/16";"Sexta";"09:30:00";"PE";101;"50,5";"ABREU E LIMA";"Falta de atenção";"Colisão traseira";"Sem Vítimas";"Pleno dia";"Decrescente";"Sol";"Dupla";"Reta";"Urbano";3;0;0;0;3;0;0;3
83504985;"07/10/16";"Sexta";"09:50:00";"RS";470;"75,4";"LAGOA VERMELHA";"Falta de atenção";"Colisão Transversal";"Sem Vítimas";"Pleno dia";"Crescente";"Nublado";"Simples";"Reta";"Urbano";3;0;0;0;3;0;0;2
83504986;"08/05/16";"Domingo";"04:00:00";"BA";116;"747";"POCOES";"Outras";"Queda de motocicleta / bicicleta / veículo";"Com Vítimas Feridas";"Plena noite";"Decrescente";"Ceu Claro";"Simples";"Curva";"Rural";2;0;1;1;0;0;2;1
83504988;"07/10/16";"Sexta";"07:45:00";"RS";471;"141,8";"SANTA CRUZ DO SUL";"Falta de atenção";"Colisão Transversal";"Com Vítimas Feridas";"Pleno dia";"Crescente";"Ceu Claro";"Simples";"Reta";"Urbano";2;0;1;0;1;0;1;2
83504989;"07/10/16";"Sexta";"10:45:00";"RS";392;"52,4";"RIO GRANDE";"Falta de atenção";"Queda de motocicleta / bicicleta / veículo";"Com Vítimas Feridas";"Pleno dia";"Decrescente";"Ceu Claro";"Múltipla";"Reta";"Rural";1;0;1;0;0;0;1;1
83504990;"07/10/16";"Sexta";"09:25:00";"MS";163;"392,1";"NOVA ALVORADA DO SUL";"Falta de atenção";"Capotamento";"Sem Vítimas";"Pleno dia";"Crescente";"Sol";"Simples";"Reta";"Rural";1;0;0;0;1;0;0;1
83504991;"07/10/16";"Sexta";"10:50:00";"PA";163;"1000";"SANTAREM";"Desobediência à sinalização";"Colisão traseira";"Com Vítimas Feridas";"Pleno dia";"Decrescente";"Ceu Claro";"Dupla";"Reta";"Urbano";2;0;1;0;1;0;1;2
83504993;"05/10/16";"Quarta";"07:50:00";"PR";369;"165,5";"CAMBE";"Não guardar distância de segurança";"Colisão traseira";"Com Vítimas Feridas";"Pleno dia";"Crescente";"Ceu Claro";"Múltipla";"Reta";"Rural";6;0;3;0;3;0;3;3
83504994;"06/10/16";"Quinta";"00:10:00";"TO";153;"179,7";"NOVA OLINDA";"Defeito mecânico em veículo";"Incêndio";"Sem Vítimas";"Plena noite";"Decrescente";"Ceu Claro";"Simples";"Reta";"Rural";1;0;0;0;1;0;0;1
83504995;"07/10/16";"Sexta";"08:40:00";"SP";116;"565,1";"BARRA DO TURVO";"Velocidade incompatível";"Colisão com objeto fixo";"Sem Vítimas";"Pleno dia";"Crescente";"Chuva";"Simples";"Curva";"Rural";2;0;0;0;2;0;0;1
83504996;"06/10/16";"Quinta";"05:30:00";"MG";381;"337";"NOVA ERA";"Velocidade incompatível";"Capotamento";"Sem Vítimas";"Amanhecer";"Crescente";"Chuva";"Simples";"Curva";"Rural";1;0;0;0;1;0;0;1
83504997;"07/10/16";"Sexta";"07:20:00";"PB";230;"21,8";"JOAO PESSOA";"Falta de atenção";"Colisão lateral";"Com Vítimas Feridas";"Pleno dia";"Decrescente";"Ceu Claro";"Dupla";"Reta";"Urbano";3;0;2;0;0;1;2;2
83504998;"07/10/16";"Sexta";"11:00:00";"RS";287;"374,5";"SANTIAGO";"Falta de atenção";"Colisão lateral";"Sem Vítimas";"Pleno dia";"Crescente";"Ceu Claro";"Simples";"Reta";"Rural";2;0;0;0;2;0;0;2
83504999;"07/10/16";"Sexta";"11:59:00";"RJ";101;"322";"NITEROI";"Outras";"Colisão com objeto fixo";"Com Vítimas Feridas";"Pleno dia";"Decrescente";"Ceu Claro";"Simples";"Curva";"Urbano";1;0;1;0;0;0;1;1
83505000;"07/10/16";"Sexta";"09:45:00";"RS";386;"32,6";"FREDERICO WESTPHALEN";"Falta de atenção";"Colisão Transversal";"Com Vítimas Feridas";"Pleno dia";"Decrescente";"Sol";"Simples";"Reta";"Rural";3;0;0;2;1;0;2;2
83505001;"07/10/16";"Sexta";"09:50:00";"CE";116;"91";"MORADA NOVA";"Não guardar distância de segurança";"Colisão traseira";"Sem Vítimas";"Pleno dia";"Decrescente";"Ceu Claro";"Simples";"Reta";"Rural";8;0;0;0;8;0;0;3
83505002;"07/10/16";"Sexta";"12:20:00";"ES";101;"241";"SERRA";"Não guardar distância de segurança";"Colisão traseira";"Com Vítimas Feridas";"Pleno dia";"Crescente";"Nublado";"Simples";"Reta";"Rural";2;0;1;0;1;0;1;2
83505003;"07/10/16";"Sexta";"07:35:00";"SP";153;"59";"SAO JOSE DO RIO PRETO";"Falta de atenção";"Colisão traseira";"Com Vítimas Feridas";"Pleno dia";"Crescente";"Ceu Claro";"Simples";"Reta";"Urbano";2;0;1;0;1;0;1;2
83505004;"07/10/16";"Sexta";"09:20:00";"RO";364;"425";"JARU";"Desobediência à sinalização";"Colisão Transversal";"Com Vítimas Feridas";"Pleno dia";"Decrescente";"Ceu Claro";"Múltipla";"Reta";"Urbano";2;0;1;0;1;0;1;2
83505005;"04/10/16";"Terça";"18:40:00";"MT";163;"605";"NOVA MUTUM";"Falta de atenção";"Colisão frontal";"Com Vítimas Fatais";"Plena noite";"Crescente";"Ceu Claro";"Simples";"Reta";"Rural";6;1;4;0;1;0;4;2
83505006;"06/10/16";"Quinta";"19:00:00";"MG";381;"366";"SAO GONCALO DO RIO ABAIXO";"Outras";"Colisão frontal";"Sem Vítimas";"Anoitecer";"Decrescente";"Nublado";"Simples";"Curva";"Rural";2;0;0;0;2;0;0;2
83505007;"03/10/16";"Segunda";"20:20:00";"MG";262;"587";"CAMPOS ALTOS";"Falta de atenção";"Colisão traseira";"Sem Vítimas";"Plena noite";"Crescente";"Chuva";"Simples";"Reta";"Rural";2;0;0;0;2;0;0;2
83505008;"07/10/16";"Sexta";"03:25:00";"BA";116;"913,5";"ENCRUZILHADA";"Outras";"Capotamento";"Com Vítimas Feridas";"Plena noite";"Crescente";"Nublado";"Simples";"Reta";"Rural";1;0;1;0;0;0;1;1
83505009;"07/10/16";"Sexta";"11:00:00";"PR";376;"514,4";"PONTA GROSSA";"Falta de atenção";"Colisão traseira";"Com Vítimas Feridas";"Pleno dia";"Crescente";"Ceu Claro";"Dupla";"Reta";"Urbano";2;0;1;0;1;0;1;2
83505010;"02/10/16";"Domingo";"10:35:00";"RN";304;"260";"SANTA MARIA";"Dormindo";"Capotamento";"Com Vítimas Feridas";"Pleno dia";"Decrescente";"Sol";"Simples";"Reta";"Rural";3;0;1;0;2;0;1;1
83505011;"07/10/16";"Sexta";"10:15:00";"SC";101;"264,2";"GAROPABA";"Falta de atenção";"Saída de Pista";"Com Vítimas Fatais";"Pleno dia";"Decrescente";"Sol";"Dupla";"Curva";"Rural";5;2;2;1;0;0;3;1
83505012;"06/10/16";"Quinta";"18:50:00";"BA";116;"241";"QUIJINGUE";"Outras";"Tombamento";"Sem Vítimas";"Plena noite";"Decrescente";"Nublado";"Simples";"Reta";"Urbano";1;0;0;0;1;0;0;1
83505013;"07/10/16";"Sexta";"11:25:00";"MG";262;"441,6";"NOVA SERRANA";"Outras";"Capotamento";"Com Vítimas Feridas";"Pleno dia";"Crescente";"Ceu Claro";"Simples";"Reta";"Urbano";1;0;1;0;0;0;1;1
83505014;"04/10/16";"Terça";"22:45:00";"MG";50;"23,9";"ARAGUARI";"Falta de atenção";"Colisão traseira";"Com Vítimas Feridas";"Plena noite";"Crescente";"Chuva";"Dupla";"Reta";"Rural";2;0;0;1;1;0;1;2
83505015;"03/10/16";"Segunda";"12:40:00";"BA";101;"247";"CONCEICAO DO ALMEIDA";"Outras";"Saída de Pista";"Sem Vítimas";"Pleno dia";"Decrescente";"Chuva";"Simples";"Reta";"Rural";1;0;0;0;1;0;0;1
83505016;"07/10/16";"Sexta";"07:55:00";"PB";230;"8,5";"CABEDELO";"Falta de atenção";"Colisão Transversal";"Com Vítimas Feridas";"Pleno dia";"Crescente";"Sol";"Dupla";"Reta";"Urbano";2;0;1;0;1;0;1;2
83505017;"04/10/16";"Terça";"07:25:00";"SP";153;"51,7";"SAO JOSE DO RIO PRETO";"Desobediência à sinalização";"Colisão Transversal";"Sem Vítimas";"Pleno dia";"Decrescente";"Nublado";"Dupla";"Reta";"Urbano";2;0;0;0;2;0;0;2
83505018;"03/10/16";"Segunda";"18:30:00";"GO";50;"273,4";"CATALAO";"Outras";"Colisão traseira";"Sem Vítimas";"Plena noite";"Crescente";"Nublado";"Simples";"Reta";"Urbano";4;0;0;0;4;0;0;2
83505019;"04/10/16";"Terça";"01:00:00";"SC";101;"113";"ITAJAI";"Outras";"Saída de Pista";"Com Vítimas Feridas";"Plena noite";"Decrescente";"Chuva";"Múltipla";"Reta";"Rural";2;0;1;1;0;0;2;1
83505020;"07/10/16";"Sexta";"10:20:00";"MG";381;"788,6";"SAO GONCALO DO SAPUCAI";"Animais na Pista";"Capotamento";"Com Vítimas Feridas";"Pleno dia";"Crescente";"Ceu Claro";"Dupla";"Reta";"Rural";2;0;2;0;0;0;2;1
83505021;"29/09/16";"Quinta";"13:35:00";"RO";364;"718,6";"PORTO VELHO";"Outras";"Saída de Pista";"Ignorado";"Pleno dia";"Decrescente";"Sol";"Dupla";"Reta";"Rural";1;0;0;0;0;1;0;1
83505022;"30/09/16";"Sexta";"19:40:00";"MG";116;"465,7";"ENGENHEIRO CALDAS";"Falta de atenção";"Colisão traseira";"Com Vítimas Feridas";"Plena noite";"Crescente";"Nublado";"Simples";"Reta";"Rural";3;0;2;1;0;0;3;2
83505023;"07/10/16";"Sexta";"09:10:00";"MA";10;"252";"IMPERATRIZ";"Falta de atenção";"Colisão lateral";"Sem Vítimas";"Pleno dia";"Decrescente";"Sol";"Múltipla";"Reta";"Urbano";2;0;0;0;2;0;0;2
83505024;"03/10/16";"Segunda";"20:15:00";"RJ";116;"271";"BARRA MANSA";"Outras";"Colisão com objeto fixo";"Com Vítimas Feridas";"Plena noite";"Decrescente";"Chuva";"Dupla";"Reta";"Urbano";2;0;1;0;1;0;1;2
83505025;"25/09/16";"Domingo";"15:00:00";"SP";381;"55";"MAIRIPORA";"Desobediência à sinalização";"Colisão com objeto móvel";"Com Vítimas Feridas";"Pleno dia";"Crescente";"Chuva";"Dupla";"Reta";"Urbano";2;0;1;0;0;1;1;2