"id";"data_inversa";"dia_semana";"horario";"uf";"br";"km";"municipio";"causa_acidente";"tipo_acidente";"classificacao_acidente";"fase_dia";"sentido_via";"condicao_metereologica";"tipo_pista";"tracado_via";"uso_solo";"pessoas";"mortos";"feridos_leves";"feridos_graves";"ilesos";"ignorados";"feridos";"veiculos"
83505139;"07/10/16";"Sexta";"15:45:00";"PB";230;"184,4";"POCINHOS";"Ultrapassagem indevida";"Colisão traseira";"Com Vítimas Feridas";"Pleno dia";"Crescente";"Sol";"Simples";"Cruzamento";"Rural";7;0;3;0;4;0;3;3
83505140;"05/10/16";"Quarta";"18:45:00";"RN";226;"336,5";"PATU";"Falta de atenção";"Atropelamento de pessoa";"Com Vítimas Feridas";"Anoitecer";"Crescente";"Ceu Claro";"Simples";"Reta";"Rural";3;0;1;1;1;0;2;1
83505141;"07/10/16";"Sexta";"09:10:00";"SP";116;"470,8";"JACUPIRANGA";"Falta de atenção";"Colisão lateral";"Sem Vítimas";"Pleno dia";"Crescente";"Nublado";"Dupla";"Reta";"Rural";2;0;0;0;2;0;0;2
83505142;"07/10/16";"Sexta";"18:50:00";"SC";470;"110,8";"APIUNA";"Outras";"Colisão lateral";"Sem Vítimas";"Plena noite";"Crescente";"Nublado";"Simples";"Reta";"Urbano";2;0;0;0;1;1;0;2
83505143;"02/10/16";"Domingo";"06:25:00";"SC";116;"39,2";"ITAIOPOLIS";"Dormindo";"Colisão frontal";"Com Vítimas Fatais";"Amanhecer";"Crescente";"Nublado";"Simples";"Curva";"Rural";2;1;0;0;1;0;0;2
83505144;"04/10/16";"Terça";"20:50:00";"MG";135;"599";"CORINTO";"Velocidade incompatível";"Colisão lateral";"Com Vítimas Feridas";"Plena noite";"Crescente";"Chuva";"Simples";"Reta";"Rural";3;0;1;1;1;0;2;3
83505145;"07/10/16";"Sexta";"14:40:00";"SC";101;"41,4";"JOINVILLE";"Falta de atenção";"Colisão traseira";"Com Vítimas Feridas";"Pleno dia";"Crescente";"Chuva";"Dupla";"Reta";"Urbano";2;0;1;0;1;0;1;2
83505146;"06/10/16";"Quinta";"21:40:00";"SP";116;"213";"GUARULHOS";"Falta de atenção";"Colisão traseira";"Sem Vítimas";"Plena noite";"Decrescente";"Ceu Claro";"Dupla";"Reta";"Urbano";2;0;0;0;2;0;0;2
83505147;"07/10/16";"Sexta";"16:30:00";"PR";376;"166,2";"MARINGA";"Outras";"Queda de motocicleta / bicicleta / veículo";"Com Vítimas Feridas";"Pleno dia";"Decrescente";"Sol";"Dupla";"Reta";"Rural";2;0;1;0;1;0;1;2
83505148;"07/10/16";"Sexta";"18:50:00";"SC";282;"3,5";"FLORIANOPOLIS";"Outras";"Queda de motocicleta / bicicleta / veículo";"Com Vítimas Feridas";"Plena noite";"Crescente";"Nublado";"Dupla";"Curva";"Urbano";1;0;0;1;0;0;1;1
83505149;"07/10/16";"Sexta";"10:50:00";"RS";285;"465,2";"IJUI";"Velocidade incompatível";"Queda de motocicleta / bicicleta / veículo";"Com Vítimas Feridas";"Pleno dia";"Crescente";"Sol";"Simples";"Reta";"Rural";1;0;0;1;0;0;1;1
83505150;"07/10/16";"Sexta";"14:50:00";"SC";101;"41,4";"JOINVILLE";"Falta de atenção";"Colisão traseira";"Sem Vítimas";"Pleno dia";"Decrescente";"Chuva";"Dupla";"Reta";"Urbano";2;0;0;0;2;0;0;2
83505151;"07/10/16";"Sexta";"18:00:00";"RS";158;"256,9";"JULIO DE CASTILHOS";"Defeito mecânico em veículo";"Saída de Pista";"Sem Vítimas";"Anoitecer";"Decrescente";"Ceu Claro";"Simples";"Reta";"Rural";1;0;0;0;1;0;0;1
83505152;"07/10/16";"Sexta";"17:50:00";"ES";101;"1,5";"SERRA";"Falta de atenção";"Colisão traseira";"Com Vítimas Feridas";"Anoitecer";"Decrescente";"Nublado";"Dupla";"Reta";"Rural";7;0;3;0;3;1;3;4
83505153;"07/10/16";"Sexta";"19:30:00";"PE";316;"316";"FLORESTA";"Animais na Pista";"Capotamento";"Com Vítimas Feridas";"Plena noite";"Crescente";"Ceu Claro";"Simples";"Reta";"Rural";1;0;1;0;0;0;1;1
83505154;"07/10/16";"Sexta";"18:00:00";"MG";365;"622,4";"UBERLANDIA";"Outras";"Colisão lateral";"Sem Vítimas";"Pleno dia";"Crescente";"Ceu Claro";"Dupla";"Reta";"Urbano";2;0;0;0;2;0;0;2
83505155;"07/10/16";"Sexta";"15:00:00";"SC";470;"175,6";"POUSO REDONDO";"Falta de atenção";"Colisão Transversal";"Com Vítimas Feridas";"Pleno dia";"Crescente";"Ceu Claro";"Simples";"Reta";"Urbano";2;0;1;0;1;0;1;2
83505156;"07/10/16";"Sexta";"21:00:00";"SC";101;"202,1";"SAO JOSE";"Falta de atenção";"Colisão com objeto fixo";"Com Vítimas Feridas";"Plena noite";"Crescente";"Ceu Claro";"Dupla";"Reta";"Urbano";2;0;1;0;1;0;1;2
83505157;"04/10/16";"Terça";"18:00:00";"BA";101;"842";"TEIXEIRA DE FREITAS";"Outras";"Colisão lateral";"Com Vítimas Feridas";"Plena noite";"Crescente";"Chuva";"Simples";"Curva";"Rural";3;0;0;2;1;0;2;2
83505158;"05/10/16";"Quarta";"07:15:00";"MG";40;"758,7";"EWBANK DA CAMARA";"Falta de atenção";"Capotamento";"Sem Vítimas";"Pleno dia";"Decrescente";"Nublado";"Simples";"Reta";"Urbano";1;0;0;0;1;0;0;1
83505159;"07/10/16";"Sexta";"19:00:00";"MG";50;"184,4";"UBERABA";"Outras";"Colisão traseira";"Com Vítimas Fatais";"Plena noite";"Crescente";"Ceu Claro";"Dupla";"Reta";"Rural";2;1;0;0;0;1;0;2
83505160;"05/09/16";"Segunda";"18:20:00";"MG";262;"510,6";"LUZ";"Animais na Pista";"Atropelamento de animal";"Com Vítimas Feridas";"Anoitecer";"Crescente";"Ceu Claro";"Simples";"Reta";"Rural";7;0;3;0;4;0;3;1
83505163;"07/10/16";"Sexta";"15:15:00";"SP";116;"443";"REGISTRO";"Outras";"Colisão frontal";"Com Vítimas Fatais";"Pleno dia";"Crescente";"Ceu Claro";"Dupla";"Reta";"Urbano";2;1;0;0;1;0;0;2
83505164;"07/10/16";"Sexta";"16:45:00";"MT";364;"189";"RONDONOPOLIS";"Não guardar distância de segurança";"Colisão traseira";"Sem Vítimas";"Anoitecer";"Decrescente";"Sol";"Simples";"Reta";"Rural";2;0;0;0;2;0;0;2
83505165;"07/10/16";"Sexta";"17:35:00";"RO";364;"196,8";"PIMENTA BUENO";"Desobediência à sinalização";"Colisão Transversal";"Com Vítimas Feridas";"Pleno dia";"Decrescente";"Nublado";"Simples";"Reta";"Urbano";2;0;2;0;0;0;2;2
83505166;"07/10/16";"Sexta";"19:30:00";"SC";116;"306,5";"CAPAO ALTO";"Não guardar distância de segurança";"Colisão traseira";"Ignorado";"Plena noite";"Decrescente";"Nublado";"Simples";"Curva";"Rural";2;0;0;0;0;2;0;2
83505167;"07/10/16";"Sexta";"17:40:00";"ES";101;"441,3";"MIMOSO DO SUL";"Outras";"Queda de motocicleta / bicicleta / veículo";"Com Vítimas Feridas";"Anoitecer";"Decrescente";"Ceu Claro";"Simples";"Reta";"Rural";1;0;1;0;0;0;1;1
83505168;"07/10/16";"Sexta";"19:50:00";"SC";282;"70";"RANCHO QUEIMADO";"Velocidade incompatível";"Colisão frontal";"Sem Vítimas";"Plena noite";"Crescente";"Nevoeiro/neblina";"Simples";"Curva";"Rural";2;0;0;0;2;0;0;2
83505169;"07/10/16";"Sexta";"19:20:00";"PE";101;"83";"JABOATAO DOS GUARARAPES";"Outras";"Atropelamento de pessoa";"Com Vítimas Feridas";"Plena noite";"Crescente";"Nublado";"Simples";"Reta";"Urbano";3;0;2;0;1;0;2;2
83505170;"07/10/16";"Sexta";"20:30:00";"RS";287;"260,5";"SANTA MARIA";"Falta de atenção";"Colisão traseira";"Com Vítimas Feridas";"Plena noite";"Crescente";"Ceu Claro";"Simples";"Reta";"Rural";3;0;1;0;2;0;1;2
83505171;"07/10/16";"Sexta";"21:50:00";"PI";343;"1,4";"TERESINA";"Outras";"Capotamento";"Com Vítimas Feridas";"Plena noite";"Decrescente";"Ceu Claro";"Dupla";"Reta";"Urbano";2;0;2;0;0;0;2;1
83505172;"07/10/16";"Sexta";"21:30:00";"PB";230;"516";"BOM JESUS";"Falta de atenção";"Colisão traseira";"Com Vítimas Feridas";"Plena noite";"Decrescente";"Nublado";"Simples";"Reta";"Rural";2;0;1;0;1;0;1;2
83505173;"07/10/16";"Sexta";"18:20:00";"MT";364;"188";"RONDONOPOLIS";"Ingestão de álcool";"Colisão traseira";"Sem Vítimas";"Plena noite";"Crescente";"Ceu Claro";"Simples";"Reta";"Rural";2;0;0;0;2;0;0;2
83505174;"07/10/16";"Sexta";"22:00:00";"GO";60;"378";"RIO VERDE";"Animais na Pista";"Atropelamento de animal";"Sem Vítimas";"Plena noite";"Decrescente";"Ceu Claro";"Dupla";"Reta";"Rural";1;0;0;0;1;0;0;1
83505175;"07/10/16";"Sexta";"18:30:00";"MG";262;"362";"JUATUBA";"Falta de atenção";"Colisão lateral";"Com Vítimas Feridas";"Plena noite";"Decrescente";"Ceu Claro";"Dupla";"Reta";"Rural";3;0;1;0;2;0;1;2
83505176;"07/10/16";"Sexta";"21:40:00";"PR";376;"178,5";"MARINGA";"Não guardar distância de segurança";"Colisão traseira";"Com Vítimas Feridas";"Plena noite";"Decrescente";"Ceu Claro";"Dupla";"Reta";"Urbano";3;0;2;0;1;0;2;2
83505177;"07/10/16";"Sexta";"20:30:00";"RS";285;"380,9";"SANTA BARBARA DO SUL";"Outras";"Saída de Pista";"Sem Vítimas";"Plena noite";"Decrescente";"Ceu Claro";"Simples";"Curva";"Rural";1;0;0;0;1;0;0;1
83505178;"07/10/16";"Sexta";"22:15:00";"GO";364;"5,1";"SAO SIMAO";"Dormindo";"Saída de Pista";"Com Vítimas Feridas";"Plena noite";"Crescente";"Ceu Claro";"Simples";"Curva";"Rural";1;0;1;0;0;0;1;1
83505179;"06/09/16";"Terça";"19:20:00";"RJ";101;"309";"SAO GONCALO";"Outras";"Colisão traseira";"Sem Vítimas";"Plena noite";"Crescente";"Ceu Claro";"Dupla";"Reta";"Urbano";2;0;0;0;2;0;0;2
83505180;"07/10/16";"Sexta";"22:00:00";"PA";316;"12";"MARITUBA";"Falta de atenção";"Queda de motocicleta / bicicleta / veículo";"Com Vítimas Feridas";"Plena noite";"Crescente";"Ceu Claro";"Dupla";"Reta";"Urbano";2;0;1;0;1;0;1;2
83505181;"07/10/16";"Sexta";"22:45:00";"RS";470;"216";"BENTO GONCALVES";"Falta de atenção";"Colisão Transversal";"Sem Vítimas";"Plena noite";"Decrescente";"Ceu Claro";"Dupla";"Cruzamento";"Urbano";3;0;0;0;3;0;0;2
83505182;"07/10/16";"Sexta";"08:50:00";"BA";116;"417,2";"FEIRA DE SANTANA";"Falta de atenção";"Colisão Transversal";"Sem Vítimas";"Pleno dia";"Crescente";"Ceu Claro";"Simples";"Reta";"Urbano";3;0;0;0;3;0;0;3
83505183;"07/10/16";"Sexta";"22:48:00";"SC";163;"70,3";"SAO MIGUEL DOESTE";"Não guardar distância de segurança";"Colisão lateral";"Sem Vítimas";"Plena noite";"Decrescente";"Ceu Claro";"Dupla";"Reta";"Urbano";2;0;0;0;2;0;0;2
83505184;"07/10/16";"Sexta";"17:30:00";"RO";364;"681";"CANDEIAS DO JAMARI";"Outras";"Colisão frontal";"Com Vítimas Fatais";"Pleno dia";"Decrescente";"Sol";"Simples";"Reta";"Rural";2;1;0;0;1;0;0;2
83505185;"07/10/16";"Sexta";"19:30:00";"RJ";393;"288";"VOLTA REDONDA";"Falta de atenção";"Atropelamento de pessoa";"Com Vítimas Feridas";"Plena noite";"Decrescente";"Nublado";"Simples";"Reta";"Urbano";2;0;1;0;1;0;1;1
83505186;"07/10/16";"Sexta";"21:00:00";"GO";153;"366,5";"JARAGUA";"Desobediência à sinalização";"Colisão frontal";"Com Vítimas Feridas";"Plena noite";"Crescente";"Ceu Claro";"Simples";"Reta";"Rural";3;0;1;0;2;0;1;2
83505187;"21/09/16";"Quarta";"16:45:00";"AP";210;"1";"MACAPA";"Falta de atenção";"Colisão lateral";"Sem Vítimas";"Pleno dia";"Decrescente";"Ceu Claro";"Dupla";"Curva";"Urbano";2;0;0;0;2;0;0;2
83505188;"07/10/16";"Sexta";"20:30:00";"PI";343;"1,6";"TERESINA";"Não guardar distância de segurança";"Colisão traseira";"Com Vítimas Feridas";"Plena noite";"Crescente";"Ceu Claro";"Múltipla";"Reta";"Urbano";2;0;1;0;1;0;1;2
83505189;"05/10/16";"Quarta";"01:40:00";"MT";163;"745";"SORRISO";"Falta de atenção";"Tombamento";"Sem Vítimas";"Plena noite";"Decrescente";"Ceu Claro";"Simples";"Reta";"Rural";1;0;0;0;1;0;0;1
83505190;"07/10/16";"Sexta";"20:40:00";"PR";277;"152,3";"PORTO AMAZONAS";"Defeito mecânico em veículo";"Saída de Pista";"Com Vítimas Fatais";"Plena noite";"Decrescente";"Nublado";"Simples";"Reta";"Rural";1;1;0;0;0;0;0;1
83505192;"07/10/16";"Sexta";"21:50:00";"MG";354;"732,3";"POUSO ALTO";"Velocidade incompatível";"Capotamento";"Com Vítimas Feridas";"Plena noite";"Decrescente";"Ceu Claro";"Simples";"Curva";"Rural";5;0;4;0;1;0;4;1
83505193;"07/10/16";"Sexta";"12:30:00";"MG";381;"933";"EXTREMA";"Velocidade incompatível";"Colisão Transversal";"Sem Vítimas";"Pleno dia";"Crescente";"Sol";"Dupla";"Curva";"Rural";2;0;0;0;2;0;0;2
83505194;"07/10/16";"Sexta";"20:30:00";"SC";280;"56,8";"GUARAMIRIM";"Falta de atenção";"Colisão traseira";"Com Vítimas Feridas";"Plena noite";"Crescente";"Ignorada";"Simples";"Reta";"Urbano";2;0;1;0;1;0;1;2
83505195;"05/10/16";"Quarta";"18:30:00";"RJ";101;"282,6";"TANGUA";"Não guardar distância de segurança";"Colisão lateral";"Com Vítimas Feridas";"Plena noite";"Decrescente";"Ceu Claro";"Dupla";"Reta";"Rural";4;0;1;1;2;0;2;2
83505196;"07/10/16";"Sexta";"18:00:00";"GO";153;"202";"URUACU";"Falta de atenção";"Colisão Transversal";"Sem Vítimas";"Anoitecer";"Decrescente";"Ceu Claro";"Simples";"Reta";"Rural";2;0;0;0;2;0;0;2
83505197;"08/10/16";"Sábado";"00:15:00";"SC";101;"209,7";"SAO JOSE";"Ultrapassagem indevida";"Colisão traseira";"Sem Vítimas";"Plena noite";"Crescente";"Nublado";"Dupla";"Reta";"Urbano";2;0;0;0;2;0;0;2
83505198;"07/10/16";"Sexta";"15:30:00";"MA";10;"296";"CIDELANDIA";"Não guardar distância de segurança";"Colisão traseira";"Sem Vítimas";"Pleno dia";"Decrescente";"Nublado";"Simples";"Reta";"Rural";3;0;0;0;3;0;0;3
83505200;"07/10/16";"Sexta";"23:10:00";"SC";101;"201";"SAO JOSE";"Outras";"Queda de motocicleta / bicicleta / veículo";"Com Vítimas Feridas";"Plena noite";"Crescente";"Ceu Claro";"Dupla";"Reta";"Urbano";2;0;1;0;1;0;1;2
83505201;"07/10/16";"Sexta";"18:35:00";"RN";101;"95,3";"NATAL";"Desobediência à sinalização";"Colisão lateral";"Sem Vítimas";"Plena noite";"Crescente";"Vento";"Múltipla";"Reta";"Urbano";2;0;0;0;2;0;0;2
83505202;"07/10/16";"Sexta";"16:00:00";"MS";60;"674";"BELA VISTA";"Animais na Pista";"Atropelamento de animal";"Sem Vítimas";"Pleno dia";"Crescente";"Ceu Claro";"Simples";"Reta";"Rural";2;0;0;0;2;0;0;1
83505203;"07/10/16";"Sexta";"18:00:00";"PB";101;"28,3";"MAMANGUAPE";"Falta de atenção";"Colisão lateral";"Com Vítimas Feridas";"Plena noite";"Decrescente";"Ceu Claro";"Dupla";"Reta";"Rural";5;0;1;3;1;0;4;2
83505204;"07/10/16";"Sexta";"18:15:00";"AC";364;"137";"RIO BRANCO";"Falta de atenção";"Colisão lateral";"Com Vítimas Feridas";"Anoitecer";"Decrescente";"Ignorada";"Dupla";"Curva";"Urbano";2;0;1;0;1;0;1;2
83505205;"03/10/16";"Segunda";"21:45:00";"ES";262;"6,6";"CARIACICA";"Falta de atenção";"Colisão traseira";"Sem Vítimas";"Plena noite";"Crescente";"Chuva";"Dupla";"Reta";"Urbano";2;0;0;0;2;0;0;2
83505207;"08/10/16";"Sábado";"01:02:00";"SP";116;"215";"GUARULHOS";"Ingestão de álcool";"Colisão com objeto fixo";"Sem Vítimas";"Plena noite";"Crescente";"Nublado";"Dupla";"Reta";"Urbano";1;0;0;0;1;0;0;1
83505208;"08/10/16";"Sábado";"00:15:00";"SP";381;"82,9";"SAO PAULO";"Defeito mecânico em veículo";"Colisão lateral";"Sem Vítimas";"Plena noite";"Decrescente";"Nublado";"Dupla";"Reta";"Urbano";2;0;0;0;2;0;0;2
83505209;"07/10/16";"Sexta";"18:10:00";"MG";381;"449,5";"SABARA";"Falta de atenção";"Colisão traseira";"Sem Vítimas";"Anoitecer";"Crescente";"Ceu Claro";"Simples";"Reta";"Rural";3;0;0;0;3;0;0;3
83505211;"07/10/16";"Sexta";"19:20:00";"SP";116;"145";"SAO JOSE DOS CAMPOS";"Não guardar distância de segurança";"Colisão lateral";"Com Vítimas Fatais";"Plena noite";"Decrescente";"Nublado";"Dupla";"Reta";"Urbano";2;1;0;0;0;1;0;2
83505212;"08/10/16";"Sábado";"02:00:00";"GO";364;"21,3";"PARANAIGUARA";"Defeito na via";"Tombamento";"Sem Vítimas";"Plena noite";"Decrescente";"Ceu Claro";"Simples";"Reta";"Rural";1;0;0;0;1;0;0;1
83505213;"07/10/16";"Sexta";"22:40:00";"SC";101;"41,3";"JOINVILLE";"Falta de atenção";"Colisão Transversal";"Sem Vítimas";"Plena noite";"Decrescente";"Nublado";"Dupla";"Cruzamento";"Urbano";2;0;0;0;1;1;0;2
83505214;"08/10/16";"Sábado";"01:45:00";"SP";116;"150";"SAO JOSE DOS CAMPOS";"Outras";"Queda de motocicleta / bicicleta / veículo";"Com Vítimas Feridas";"Plena noite";"Decrescente";"Nublado";"Dupla";"Reta";"Urbano";1;0;1;0;0;0;1;1
83505215;"07/10/16";"Sexta";"19:30:00";"GO";364;"296,1";"MINEIROS";"Falta de atenção";"Colisão frontal";"Com Vítimas Feridas";"Plena noite";"Crescente";"Ceu Claro";"Simples";"Curva";"Rural";8;0;8;0;0;0;8;2
83505216;"07/10/16";"Sexta";"23:30:00";"PB";230;"289,6";"SANTA LUZIA";"Falta de atenção";"Atropelamento de pessoa";"Com Vítimas Fatais";"Plena noite";"Crescente";"Ceu Claro";"Simples";"Reta";"Rural";3;1;0;0;2;0;0;1
83505218;"07/10/16";"Sexta";"18:00:00";"PR";369;"147,2";"LONDRINA";"Falta de atenção";"Colisão traseira";"Sem Vítimas";"Anoitecer";"Crescente";"Ceu Claro";"Dupla";"Reta";"Urbano";2;0;0;0;2;0;0;2
83505219;"02/10/16";"Domingo";"11:10:00";"GO";60;"40,8";"ABADIANIA";"Desobediência à sinalização";"Colisão Transversal";"Com Vítimas Fatais";"Pleno dia";"Crescente";"Ceu Claro";"Dupla";"Reta";"Rural";2;1;0;1;0;0;1;2
83505220;"07/10/16";"Sexta";"08:05:00";"RS";472;"484";"ITAQUI";"Ultrapassagem indevida";"Colisão frontal";"Com Vítimas Feridas";"Pleno dia";"Crescente";"Ignorada";"Simples";"Reta";"Urbano";4;0;3;1;0;0;4;3
83505221;"08/10/16";"Sábado";"03:00:00";"SC";101;"193,3";"BIGUACU";"Ingestão de álcool";"Colisão lateral";"Com Vítimas Feridas";"Plena noite";"Crescente";"Nublado";"Dupla";"Reta";"Urbano";3;0;2;0;0;1;2;2
83505222;"08/10/16";"Sábado";"02:00:00";"SC";101;"149,2";"ITAPEMA";"Ingestão de álcool";"Saída de Pista";"Sem Vítimas";"Plena noite";"Crescente";"Ceu Claro";"Dupla";"Reta";"Urbano";1;0;0;0;1;0;0;1
83505223;"07/10/16";"Sexta";"21:00:00";"BA";101;"493,9";"ITAJUIPE";"Outras";"Saída de Pista";"Sem Vítimas";"Plena noite";"Decrescente";"Nublado";"Simples";"Curva";"Rural";1;0;0;0;1;0;0;1
83505224;"03/10/16";"Segunda";"13:20:00";"SE";235;"54";"ITABAIANA";"Desobediência à sinalização";"Colisão Transversal";"Com Vítimas Feridas";"Pleno dia";"Crescente";"Ceu Claro";"Simples";"Cruzamento";"Rural";2;0;1;0;1;0;1;2
83505225;"07/10/16";"Sexta";"08:30:00";"SC";280;"36,4";"ARAQUARI";"Outras";"Colisão frontal";"Com Vítimas Feridas";"Pleno dia";"Crescente";"Nublado";"Simples";"Reta";"Urbano";5;0;0;4;0;1;4;2
83505226;"07/10/16";"Sexta";"22:00:00";"BA";101;"484";"URUCUCA";"Outras";"Tombamento";"Sem Vítimas";"Plena noite";"Decrescente";"Nublado";"Simples";"Curva";"Rural";1;0;0;0;1;0;0;1
83505227;"08/10/16";"Sábado";"03:20:00";"SC";101;"376,4";"ICARA";"Dormindo";"Saída de Pista";"Sem Vítimas";"Plena noite";"Crescente";"Ceu Claro";"Dupla";"Reta";"Rural";5;0;0;0;5;0;0;1
83505228;"07/10/16";"Sexta";"21:00:00";"RS";285;"142,8";"MUITOS CAPOES";"Ingestão de álcool";"Colisão lateral";"Com Vítimas Feridas";"Plena noite";"Decrescente";"Ceu Claro";"Simples";"Reta";"Rural";4;0;2;0;2;0;2;2
83505229;"07/10/16";"Sexta";"22:40:00";"BA";242;"575";"IBOTIRAMA";"Dormindo";"Saída de Pista";"Com Vítimas Feridas";"Plena noite";"Crescente";"Ceu Claro";"Simples";"Reta";"Rural";1;0;0;1;0;0;1;1
83505231;"08/10/16";"Sábado";"04:30:00";"RJ";116;"289";"BARRA MANSA";"Outras";"Colisão com objeto fixo";"Sem Vítimas";"Plena noite";"Crescente";"Ceu Claro";"Dupla";"Curva";"Rural";1;0;0;0;1;0;0;1
83505232;"08/10/16";"Sábado";"02:58:00";"RS";377;"69,2";"CRUZ ALTA";"Falta de atenção";"Saída de Pista";"Sem Vítimas";"Plena noite";"Crescente";"Ceu Claro";"Simples";"Curva";"Rural";3;0;0;0;3;0;0;1
83505233;"08/10/16";"Sábado";"02:15:00";"PR";476;"109,2";"COLOMBO";"Velocidade incompatível";"Colisão com objeto fixo";"Com Vítimas Fatais";"Plena noite";"Crescente";"Nublado";"Simples";"Reta";"Urbano";4;1;3;0;0;0;3;1
83505234;"08/10/16";"Sábado";"02:10:00";"PR";369;"147,2";"LONDRINA";"Desobediência à sinalização";"Colisão Transversal";"Com Vítimas Fatais";"Plena noite";"Crescente";"Ceu Claro";"Dupla";"Reta";"Urbano";3;1;0;0;2;0;0;2
83505235;"08/10/16";"Sábado";"04:40:00";"SE";101;"92";"NOSSA SENHORA DO SOCORRO";"Falta de atenção";"Colisão com bicicleta";"Com Vítimas Feridas";"Amanhecer";"Decrescente";"Ignorada";"Dupla";"Reta";"Rural";2;0;0;1;1;0;1;2
83505236;"07/10/16";"Sexta";"20:40:00";"SC";282;"97";"ALFREDO WAGNER";"Outras";"Colisão lateral";"Sem Vítimas";"Plena noite";"Decrescente";"Chuva";"Simples";"Reta";"Rural";2;0;0;0;2;0;0;2
83505237;"08/10/16";"Sábado";"02:10:00";"MG";251;"519,8";"MONTES CLAROS";"Velocidade incompatível";"Saída de Pista";"Com Vítimas Feridas";"Plena noite";"Crescente";"Nublado";"Simples";"Reta";"Rural";1;0;1;0;0;0;1;1
83505238;"08/10/16";"Sábado";"00:30:00";"AL";104;"84";"RIO LARGO";"Ingestão de álcool";"Saída de Pista";"Com Vítimas Feridas";"Plena noite";"Crescente";"Ceu Claro";"Dupla";"Reta";"Rural";1;0;1;0;0;0;1;1
83505239;"07/10/16";"Sexta";"19:20:00";"MG";381;"918";"CAMANDUCAIA";"Falta de atenção";"Capotamento";"Sem Vítimas";"Plena noite";"Crescente";"Ceu Claro";"Dupla";"Curva";"Rural";1;0;0;0;1;0;0;1
83505240;"07/10/16";"Sexta";"19:30:00";"MG";381;"915";"CAMANDUCAIA";"Falta de atenção";"Colisão lateral";"Com Vítimas Feridas";"Plena noite";"Decrescente";"Ceu Claro";"Dupla";"Curva";"Urbano";2;0;1;0;1;0;1;2
83505241;"07/10/16";"Sexta";"22:50:00";"BA";116;"423";"FEIRA DE SANTANA";"Desobediência à sinalização";"Colisão Transversal";"Sem Vítimas";"Plena noite";"Decrescente";"Nublado";"Simples";"Reta";"Urbano";2;0;0;0;2;0;0;2
83505242;"08/10/16";"Sábado";"03:00:00";"BA";407;"170";"PONTO NOVO";"Falta de atenção";"Atropelamento de pessoa";"Com Vítimas Fatais";"Plena noite";"Crescente";"Nublado";"Simples";"Reta";"Rural";2;1;0;0;0;1;0;1
83505243;"07/10/16";"Sexta";"23:30:00";"RS";116;"253,5";"SAPUCAIA DO SUL";"Velocidade incompatível";"Tombamento";"Com Vítimas Feridas";"Plena noite";"Decrescente";"Ceu Claro";"Dupla";"Reta";"Urbano";1;0;0;1;0;0;1;1
83505244;"07/10/16";"Sexta";"19:40:00";"MA";10;"128";"ESTREITO";"Falta de atenção";"Colisão Transversal";"Com Vítimas Feridas";"Plena noite";"Decrescente";"Ceu Claro";"Simples";"Reta";"Urbano";3;0;0;1;2;0;1;2
83505245;"08/10/16";"Sábado";"05:45:00";"RS";290;"86";"PORTO ALEGRE";"Outras";"Saída de Pista";"Com Vítimas Feridas";"Amanhecer";"Decrescente";"Ceu Claro";"Múltipla";"Curva";"Urbano";1;0;1;0;0;0;1;1
83505246;"07/10/16";"Sexta";"14:55:00";"MG";381;"752";"TRES CORACOES";"Velocidade incompatível";"Queda de motocicleta / bicicleta / veículo";"Com Vítimas Feridas";"Pleno dia";"Crescente";"Sol";"Simples";"Curva";"Rural";2;0;2;0;0;0;2;1
83505247;"07/10/16";"Sexta";"15:15:00";"ES";101;"60,2";"SAO MATEUS";"Outras";"Colisão lateral";"Sem Vítimas";"Pleno dia";"Crescente";"Ceu Claro";"Simples";"Reta";"Urbano";2;0;0;0;2;0;0;2
83505248;"07/10/16";"Sexta";"15:30:00";"PA";308;"179";"TRACUATEUA";"Desobediência à sinalização";"Colisão Transversal";"Sem Vítimas";"Pleno dia";"Decrescente";"Ceu Claro";"Simples";"Reta";"Rural";2;0;0;0;2;0;0;2
83505249;"07/10/16";"Sexta";"16:15:00";"MG";262;"38,7";"MANHUACU";"Falta de atenção";"Colisão Transversal";"Com Vítimas Feridas";"Pleno dia";"Crescente";"Ceu Claro";"Simples";"Reta";"Urbano";2;0;1;0;1;0;1;2
83505251;"07/10/16";"Sexta";"19:50:00";"RO";364;"513";"ARIQUEMES";"Falta de atenção";"Colisão Transversal";"Com Vítimas Feridas";"Plena noite";"Crescente";"Ceu Claro";"Múltipla";"Reta";"Urbano";2;0;0;1;1;0;1;2
83505253;"07/10/16";"Sexta";"18:05:00";"RS";470;"225";"GARIBALDI";"Falta de atenção";"Colisão Transversal";"Com Vítimas Feridas";"Anoitecer";"Decrescente";"Ceu Claro";"Simples";"Reta";"Urbano";2;0;1;0;1;0;1;2
83505254;"07/10/16";"Sexta";"16:20:00";"RJ";393;"251,3";"BARRA DO PIRAI";"Outras";"Atropelamento de pessoa";"Com Vítimas Feridas";"Pleno dia";"Crescente";"Ceu Claro";"Simples";"Curva";"Urbano";2;0;1;0;1;0;1;1