"id";"data_inversa";"dia_semana";"horario";"uf";"br";"km";"municipio";"causa_acidente";"tipo_acidente";"classificacao_acidente";"fase_dia";"sentido_via";"condicao_metereologica";"tipo_pista";"tracado_via";"uso_solo";"pessoas";"mortos";"feridos_leves";"feridos_graves";"ilesos";"ignorados";"feridos";"veiculos"
83505255;"07/10/16";"Sexta";"18:30:00";"PE";407;"85";"PETROLINA";"Velocidade incompatível";"Colisão traseira";"Com Vítimas Fatais";"Amanhecer";"Crescente";"Ceu Claro";"Simples";"Reta";"Rural";2;1;0;0;0;1;0;2
83505256;"08/10/16";"Sábado";"06:05:00";"PR";277;"726";"FOZ DO IGUACU";"Velocidade incompatível";"Saída de Pista";"Com Vítimas Feridas";"Amanhecer";"Decrescente";"Ceu Claro";"Dupla";"Reta";"Urbano";4;0;1;0;3;0;1;3
83505257;"07/10/16";"Sexta";"19:20:00";"MG";116;"595,8";"MANHUACU";"Não guardar distância de segurança";"Colisão traseira";"Com Vítimas Feridas";"Plena noite";"Crescente";"Ceu Claro";"Simples";"Curva";"Rural";2;0;2;0;0;0;2;2
83505258;"07/10/16";"Sexta";"22:50:00";"RJ";116;"167";"SAO JOAO DE MERITI";"Velocidade incompatível";"Colisão lateral";"Com Vítimas Fatais";"Plena noite";"Decrescente";"Nublado";"Múltipla";"Reta";"Urbano";2;1;0;0;0;1;0;2
83505259;"07/10/16";"Sexta";"18:45:00";"RJ";101;"75";"CAMPOS DOS GOYTACAZES";"Outras";"Atropelamento de pessoa";"Com Vítimas Feridas";"Plena noite";"Decrescente";"Ceu Claro";"Simples";"Reta";"Urbano";2;0;2;0;0;0;2;1
83505260;"08/10/16";"Sábado";"04:00:00";"SC";470;"237,1";"SAO CRISTOVAO DO SUL";"Outras";"Saída de Pista";"Com Vítimas Feridas";"Plena noite";"Decrescente";"Ceu Claro";"Simples";"Reta";"Rural";1;0;0;1;0;0;1;1
83505261;"08/10/16";"Sábado";"06:30:00";"DF";40;"3";"BRASILIA";"Outras";"Colisão lateral";"Com Vítimas Feridas";"Amanhecer";"Decrescente";"Sol";"Dupla";"Reta";"Urbano";2;0;1;0;0;1;1;2
83505262;"08/10/16";"Sábado";"05:40:00";"BA";324;"543";"AMELIA RODRIGUES";"Velocidade incompatível";"Colisão com objeto fixo";"Sem Vítimas";"Pleno dia";"Decrescente";"Chuva";"Dupla";"Reta";"Urbano";1;0;0;0;1;0;0;1
83505263;"08/10/16";"Sábado";"05:00:00";"SC";470;"205,9";"PONTE ALTA";"Velocidade incompatível";"Colisão com objeto fixo";"Sem Vítimas";"Plena noite";"Decrescente";"Nevoeiro/neblina";"Simples";"Curva";"Rural";1;0;0;0;1;0;0;1
83505264;"08/10/16";"Sábado";"05:25:00";"RJ";101;"102";"CAMPOS DOS GOYTACAZES";"Velocidade incompatível";"Colisão traseira";"Com Vítimas Feridas";"Amanhecer";"Decrescente";"Ceu Claro";"Dupla";"Reta";"Rural";5;0;3;0;2;0;3;2
83505265;"05/10/16";"Quarta";"19:40:00";"MA";10;"248,3";"IMPERATRIZ";"Falta de atenção";"Colisão Transversal";"Com Vítimas Feridas";"Pleno dia";"Decrescente";"Ceu Claro";"Simples";"Reta";"Urbano";2;0;0;1;1;0;1;2
83505266;"04/10/16";"Terça";"22:35:00";"ES";262;"3,8";"CARIACICA";"Desobediência à sinalização";"Colisão lateral";"Com Vítimas Feridas";"Plena noite";"Decrescente";"Nublado";"Dupla";"Reta";"Urbano";2;0;0;1;1;0;1;2
83505267;"07/10/16";"Sexta";"12:30:00";"RJ";40;"105";"DUQUE DE CAXIAS";"Outras";"Atropelamento de pessoa";"Com Vítimas Feridas";"Pleno dia";"Crescente";"Ceu Claro";"Múltipla";"Reta";"Urbano";2;0;1;0;1;0;1;1
83505268;"07/10/16";"Sexta";"16:50:00";"RJ";40;"117";"DUQUE DE CAXIAS";"Falta de atenção";"Colisão com objeto fixo";"Com Vítimas Feridas";"Pleno dia";"Crescente";"Sol";"Múltipla";"Reta";"Urbano";1;0;1;0;0;0;1;1
83505269;"08/10/16";"Sábado";"06:20:00";"BA";101;"162";"CONCEICAO DO JACUIPE";"Falta de atenção";"Colisão Transversal";"Sem Vítimas";"Amanhecer";"Decrescente";"Nublado";"Simples";"Reta";"Rural";2;0;0;0;2;0;0;2
83505270;"04/10/16";"Terça";"22:15:00";"PR";376;"187";"MARIALVA";"Defeito mecânico em veículo";"Colisão Transversal";"Com Vítimas Fatais";"Plena noite";"Crescente";"Nublado";"Dupla";"Reta";"Rural";8;1;4;0;3;0;4;2
83505271;"08/10/16";"Sábado";"03:30:00";"RJ";40;"115";"DUQUE DE CAXIAS";"Dormindo";"Saída de Pista";"Com Vítimas Feridas";"Amanhecer";"Decrescente";"Ceu Claro";"Múltipla";"Reta";"Urbano";5;0;2;0;3;0;2;1
83505272;"08/10/16";"Sábado";"03:30:00";"GO";153;"582";"MORRINHOS";"Dormindo";"Saída de Pista";"Sem Vítimas";"Plena noite";"Crescente";"Ceu Claro";"Dupla";"Curva";"Rural";1;0;0;0;1;0;0;1
83505273;"08/10/16";"Sábado";"07:00:00";"RJ";393;"201,5";"VASSOURAS";"Velocidade incompatível";"Saída de Pista";"Com Vítimas Feridas";"Pleno dia";"Crescente";"Ceu Claro";"Simples";"Curva";"Rural";1;0;1;0;0;0;1;1
83505274;"05/10/16";"Quarta";"06:35:00";"SP";153;"58,8";"SAO JOSE DO RIO PRETO";"Falta de atenção";"Colisão Transversal";"Com Vítimas Feridas";"Pleno dia";"Decrescente";"Nublado";"Simples";"Cruzamento";"Urbano";3;0;2;0;1;0;2;2
83505275;"01/10/16";"Sábado";"17:30:00";"MG";262;"587,5";"CAMPOS ALTOS";"Velocidade incompatível";"Saída de Pista";"Com Vítimas Fatais";"Pleno dia";"Decrescente";"Chuva";"Simples";"Curva";"Rural";2;1;1;0;0;0;1;1
83505276;"08/10/16";"Sábado";"07:25:00";"PE";232;"408";"SERRA TALHADA";"Desobediência à sinalização";"Colisão Transversal";"Com Vítimas Feridas";"Pleno dia";"Decrescente";"Ceu Claro";"Simples";"Reta";"Urbano";2;0;2;0;0;0;2;2
83505277;"05/10/16";"Quarta";"05:20:00";"PR";116;"92";"SAO JOSE DOS PINHAIS";"Falta de atenção";"Colisão traseira";"Sem Vítimas";"Amanhecer";"Decrescente";"Nublado";"Simples";"Curva";"Rural";2;0;0;0;1;1;0;2
83505278;"04/10/16";"Terça";"18:30:00";"RS";392;"66,9";"PELOTAS";"Outras";"Colisão Transversal";"Sem Vítimas";"Plena noite";"Decrescente";"Ceu Claro";"Simples";"Cruzamento";"Urbano";2;0;0;0;2;0;0;2
83505279;"04/10/16";"Terça";"21:20:00";"MS";163;"124,8";"NAVIRAI";"Falta de atenção";"Saída de Pista";"Com Vítimas Feridas";"Plena noite";"Crescente";"Ceu Claro";"Simples";"Curva";"Rural";1;0;1;0;0;0;1;1
83505280;"08/10/16";"Sábado";"04:40:00";"PE";232;"86,5";"GRAVATA";"Outras";"Capotamento";"Com Vítimas Fatais";"Amanhecer";"Crescente";"Ceu Claro";"Dupla";"Curva";"Rural";4;1;1;2;0;0;3;1
83505281;"04/10/16";"Terça";"16:00:00";"GO";153;"501,3";"GOIANIA";"Defeito mecânico em veículo";"Queda de motocicleta / bicicleta / veículo";"Com Vítimas Feridas";"Pleno dia";"Decrescente";"Chuva";"Dupla";"Reta";"Urbano";2;0;2;0;0;0;2;1
83505282;"08/10/16";"Sábado";"07:15:00";"AL";316;"182";"BELEM";"Falta de atenção";"Colisão frontal";"Com Vítimas Feridas";"Pleno dia";"Crescente";"Sol";"Simples";"Curva";"Rural";2;0;0;1;1;0;1;2
83505283;"08/10/16";"Sábado";"04:40:00";"MT";364;"549";"NOBRES";"Dormindo";"Saída de Pista";"Com Vítimas Feridas";"Plena noite";"Crescente";"Ceu Claro";"Dupla";"Reta";"Rural";2;0;0;1;0;1;1;1
83505284;"04/09/16";"Domingo";"10:25:00";"PR";476;"107,9";"BOCAIUVA DO SUL";"Defeito mecânico em veículo";"Colisão frontal";"Sem Vítimas";"Pleno dia";"Crescente";"Sol";"Simples";"Curva";"Rural";2;0;0;0;2;0;0;2
83505285;"08/10/16";"Sábado";"06:45:00";"MT";364;"204,1";"RONDONOPOLIS";"Outras";"Colisão lateral";"Com Vítimas Feridas";"Pleno dia";"Decrescente";"Sol";"Simples";"Reta";"Urbano";3;0;3;0;0;0;3;2
83505286;"05/10/16";"Quarta";"02:30:00";"MG";116;"145";"PONTO DOS VOLANTES";"Defeito mecânico em veículo";"Saída de Pista";"Sem Vítimas";"Plena noite";"Decrescente";"Chuva";"Simples";"Curva";"Rural";1;0;0;0;1;0;0;1
83505287;"04/10/16";"Terça";"21:00:00";"MG";251;"275,3";"SALINAS";"Velocidade incompatível";"Capotamento";"Com Vítimas Feridas";"Plena noite";"Crescente";"Chuva";"Simples";"Curva";"Rural";2;0;2;0;0;0;2;1
83505288;"08/10/16";"Sábado";"06:15:00";"RN";304;"296";"MACAIBA";"Ingestão de álcool";"Colisão traseira";"Sem Vítimas";"Amanhecer";"Crescente";"Ceu Claro";"Simples";"Reta";"Urbano";2;0;0;0;2;0;0;2
83505289;"08/10/16";"Sábado";"08:00:00";"BA";116;"9,8";"VITORIA DA CONQUISTA";"Falta de atenção";"Colisão Transversal";"Com Vítimas Feridas";"Pleno dia";"Crescente";"Nublado";"Simples";"Reta";"Urbano";2;0;1;0;1;0;1;2
83505290;"04/10/16";"Terça";"10:00:00";"MG";381;"430";"SABARA";"Outras";"Capotamento";"Sem Vítimas";"Pleno dia";"Crescente";"Ceu Claro";"Simples";"Curva";"Urbano";1;0;0;0;1;0;0;1
83505291;"04/10/16";"Terça";"21:35:00";"PR";153;"521,9";"GENERAL CARNEIRO";"Falta de atenção";"Colisão Transversal";"Com Vítimas Feridas";"Plena noite";"Crescente";"Ceu Claro";"Simples";"Reta";"Rural";6;0;4;0;2;0;4;2
83505292;"03/10/16";"Segunda";"09:20:00";"MT";364;"118";"PEDRA PRETA";"Ultrapassagem indevida";"Tombamento";"Sem Vítimas";"Pleno dia";"Crescente";"Ceu Claro";"Simples";"Reta";"Rural";1;0;0;0;1;0;0;1
83505293;"08/10/16";"Sábado";"06:40:00";"PB";230;"35,7";"SANTA RITA";"Defeito mecânico em veículo";"Queda de motocicleta / bicicleta / veículo";"Com Vítimas Feridas";"Pleno dia";"Decrescente";"Ceu Claro";"Simples";"Reta";"Rural";1;0;0;1;0;0;1;1
83505294;"03/10/16";"Segunda";"04:00:00";"PR";163;"159,5";"CAPITAO LEONIDAS MARQUES";"Outras";"Tombamento";"Com Vítimas Feridas";"Plena noite";"Crescente";"Chuva";"Simples";"Curva";"Rural";1;0;1;0;0;0;1;1
83505295;"05/10/16";"Quarta";"07:25:00";"PR";476;"154,8";"ARAUCARIA";"Outras";"Queda de motocicleta / bicicleta / veículo";"Com Vítimas Feridas";"Pleno dia";"Decrescente";"Chuva";"Dupla";"Reta";"Urbano";1;0;0;1;0;0;1;1
83505296;"04/10/16";"Terça";"21:20:00";"SC";280;"70";"JARAGUA DO SUL";"Falta de atenção";"Colisão traseira";"Com Vítimas Feridas";"Plena noite";"Decrescente";"Chuva";"Simples";"Reta";"Urbano";3;0;2;0;1;0;2;2
83505297;"08/10/16";"Sábado";"08:25:00";"MS";267;"18";"BATAGUASSU";"Não guardar distância de segurança";"Colisão traseira";"Sem Vítimas";"Pleno dia";"Crescente";"Ceu Claro";"Dupla";"Reta";"Rural";6;0;0;0;6;0;0;2
83505298;"05/10/16";"Quarta";"07:25:00";"PR";369;"523";"CASCAVEL";"Falta de atenção";"Colisão traseira";"Sem Vítimas";"Pleno dia";"Crescente";"Ceu Claro";"Simples";"Reta";"Urbano";2;0;0;0;2;0;0;2
83505299;"01/10/16";"Sábado";"07:04:00";"SP";459;"9";"PIQUETE";"Outras";"Colisão com objeto fixo";"Sem Vítimas";"Amanhecer";"Crescente";"Chuva";"Simples";"Curva";"Rural";1;0;0;0;1;0;0;1
83505300;"05/10/16";"Quarta";"16:30:00";"PR";277;"42,5";"MORRETES";"Falta de atenção";"Colisão traseira";"Com Vítimas Feridas";"Pleno dia";"Crescente";"Nevoeiro/neblina";"Dupla";"Reta";"Rural";3;0;2;0;0;1;2;2
83505301;"05/10/16";"Quarta";"17:00:00";"MG";50;"177,5";"UBERABA";"Defeito mecânico em veículo";"Colisão com objeto fixo";"Sem Vítimas";"Pleno dia";"Crescente";"Ceu Claro";"Dupla";"Reta";"Urbano";1;0;0;0;1;0;0;1
83505302;"05/10/16";"Quarta";"04:45:00";"SP";116;"567,5";"BARRA DO TURVO";"Velocidade incompatível";"Colisão com objeto fixo";"Sem Vítimas";"Plena noite";"Decrescente";"Chuva";"Dupla";"Curva";"Rural";1;0;0;0;1;0;0;1
83505303;"03/10/16";"Segunda";"19:10:00";"GO";50;"98,3";"CRISTALINA";"Outras";"Atropelamento de pessoa";"Com Vítimas Fatais";"Plena noite";"Decrescente";"Nublado";"Simples";"Reta";"Rural";2;1;1;0;0;0;1;1
83505304;"05/10/16";"Quarta";"18:30:00";"PR";476;"135";"CURITIBA";"Velocidade incompatível";"Colisão traseira";"Sem Vítimas";"Anoitecer";"Crescente";"Ceu Claro";"Múltipla";"Reta";"Urbano";3;0;0;0;2;1;0;2
83505305;"08/10/16";"Sábado";"08:10:00";"PI";402;"4,7";"BURITI DOS LOPES";"Falta de atenção";"Colisão lateral";"Com Vítimas Feridas";"Pleno dia";"Decrescente";"Sol";"Simples";"Reta";"Rural";2;0;0;1;1;0;1;2
83505306;"11/09/16";"Domingo";"05:00:00";"SP";116;"444,9";"REGISTRO";"Ingestão de álcool";"Colisão Transversal";"Sem Vítimas";"Pleno dia";"Decrescente";"Nublado";"Múltipla";"Reta";"Urbano";2;0;0;0;2;0;0;2
83505307;"05/10/16";"Quarta";"18:45:00";"GO";153;"498,5";"GOIANIA";"Não guardar distância de segurança";"Colisão com objeto móvel";"Sem Vítimas";"Anoitecer";"Crescente";"Chuva";"Dupla";"Reta";"Urbano";4;0;0;0;4;0;0;4
83505308;"08/10/16";"Sábado";"08:30:00";"RJ";101;"264";"RIO BONITO";"Falta de atenção";"Colisão traseira";"Com Vítimas Feridas";"Pleno dia";"Crescente";"Ceu Claro";"Dupla";"Reta";"Urbano";2;0;1;0;1;0;1;2
83505309;"04/10/16";"Terça";"20:15:00";"MG";381;"701,7";"LAVRAS";"Outras";"Queda de motocicleta / bicicleta / veículo";"Com Vítimas Feridas";"Plena noite";"Crescente";"Nublado";"Dupla";"Curva";"Rural";1;0;1;0;0;0;1;1
83505310;"04/10/16";"Terça";"11:40:00";"MG";40;"749";"SANTOS DUMONT";"Outras";"Saída de Pista";"Sem Vítimas";"Pleno dia";"Decrescente";"Chuva";"Simples";"Curva";"Urbano";1;0;0;0;1;0;0;1
83505311;"04/10/16";"Terça";"14:30:00";"RN";304;"230";"RIACHUELO";"Defeito mecânico em veículo";"Colisão lateral";"Sem Vítimas";"Pleno dia";"Decrescente";"Ceu Claro";"Simples";"Curva";"Rural";2;0;0;0;2;0;0;2
83505312;"08/10/16";"Sábado";"10:00:00";"RJ";101;"308";"SAO GONCALO";"Outras";"Colisão traseira";"Sem Vítimas";"Pleno dia";"Crescente";"Ceu Claro";"Dupla";"Reta";"Urbano";3;0;0;0;2;1;0;3
83505313;"04/10/16";"Terça";"05:23:00";"SP";116;"65";"GUARATINGUETA";"Dormindo";"Colisão com objeto fixo";"Sem Vítimas";"Plena noite";"Crescente";"Nevoeiro/neblina";"Simples";"Reta";"Rural";2;0;0;0;2;0;0;2
83505314;"06/10/16";"Quinta";"07:30:00";"MG";381;"597,7";"CARMOPOLIS DE MINAS";"Defeito mecânico em veículo";"Colisão traseira";"Sem Vítimas";"Pleno dia";"Decrescente";"Ceu Claro";"Múltipla";"Reta";"Rural";3;0;0;0;3;0;0;3
83505315;"27/09/16";"Terça";"13:30:00";"MG";135;"589,4";"CORINTO";"Não guardar distância de segurança";"Colisão traseira";"Sem Vítimas";"Pleno dia";"Decrescente";"Ceu Claro";"Dupla";"Reta";"Rural";8;0;0;0;8;0;0;2
83505316;"04/10/16";"Terça";"19:30:00";"MG";40;"788,9";"JUIZ DE FORA";"Velocidade incompatível";"Colisão com objeto fixo";"Com Vítimas Feridas";"Plena noite";"Decrescente";"Chuva";"Dupla";"Reta";"Rural";1;0;1;0;0;0;1;1
83505317;"08/10/16";"Sábado";"07:30:00";"SC";101;"400,3";"MARACAJA";"Dormindo";"Colisão com objeto fixo";"Com Vítimas Feridas";"Pleno dia";"Decrescente";"Nublado";"Dupla";"Reta";"Urbano";1;0;1;0;0;0;1;1
83505318;"08/10/16";"Sábado";"08:00:00";"PR";277;"723,5";"FOZ DO IGUACU";"Defeito mecânico em veículo";"Queda de motocicleta / bicicleta / veículo";"Com Vítimas Feridas";"Pleno dia";"Crescente";"Ceu Claro";"Dupla";"Reta";"Urbano";4;0;2;0;2;0;2;3
83505319;"04/10/16";"Terça";"17:55:00";"GO";60;"387,2";"RIO VERDE";"Velocidade incompatível";"Colisão traseira";"Com Vítimas Feridas";"Anoitecer";"Decrescente";"Chuva";"Dupla";"Reta";"Urbano";4;0;1;0;3;0;1;4
83505320;"30/09/16";"Sexta";"16:10:00";"CE";222;"90";"UMIRIM";"Falta de atenção";"Colisão Transversal";"Com Vítimas Feridas";"Pleno dia";"Crescente";"Ceu Claro";"Simples";"Curva";"Urbano";3;0;0;2;1;0;2;2
83505321;"04/10/16";"Terça";"19:12:00";"MG";40;"463";"SETE LAGOAS";"Outras";"Tombamento";"Sem Vítimas";"Plena noite";"Crescente";"Chuva";"Dupla";"Curva";"Rural";2;0;0;0;2;0;0;2
83505322;"08/10/16";"Sábado";"03:00:00";"BA";116;"639,9";"JAGUAQUARA";"Velocidade incompatível";"Saída de Pista";"Ignorado";"Plena noite";"Decrescente";"Chuva";"Simples";"Curva";"Rural";1;0;0;0;0;1;0;1
83505323;"03/10/16";"Segunda";"19:41:00";"SP";459;"3";"PIQUETE";"Outras";"Colisão lateral";"Sem Vítimas";"Plena noite";"Crescente";"Nevoeiro/neblina";"Simples";"Curva";"Rural";2;0;0;0;2;0;0;2
83505324;"05/10/16";"Quarta";"22:20:00";"GO";153;"492,9";"GOIANIA";"Ingestão de álcool";"Colisão traseira";"Ignorado";"Plena noite";"Decrescente";"Nublado";"Dupla";"Reta";"Urbano";2;0;0;0;0;2;0;2
83505325;"08/10/16";"Sábado";"10:00:00";"PA";316;"4";"ANANINDEUA";"Não guardar distância de segurança";"Colisão traseira";"Com Vítimas Feridas";"Pleno dia";"Decrescente";"Sol";"Dupla";"Reta";"Urbano";4;0;2;0;2;0;2;3
83505326;"05/10/16";"Quarta";"06:50:00";"BA";116;"672,9";"JEQUIE";"Falta de atenção";"Colisão Transversal";"Com Vítimas Feridas";"Pleno dia";"Decrescente";"Nublado";"Simples";"Reta";"Urbano";2;0;1;0;1;0;1;2
83505327;"08/10/16";"Sábado";"05:50:00";"MS";60;"446";"SIDROLANDIA";"Outras";"Saída de Pista";"Sem Vítimas";"Amanhecer";"Crescente";"Ceu Claro";"Simples";"Reta";"Rural";1;0;0;0;1;0;0;1
83505328;"04/10/16";"Terça";"22:20:00";"MG";364;"10,4";"FRUTAL";"Outras";"Colisão com objeto móvel";"Sem Vítimas";"Plena noite";"Crescente";"Ceu Claro";"Simples";"Reta";"Urbano";1;0;0;0;1;0;0;1
83505329;"08/10/16";"Sábado";"08:05:00";"ES";101;"332,3";"GUARAPARI";"Velocidade incompatível";"Colisão lateral";"Com Vítimas Feridas";"Pleno dia";"Decrescente";"Sol";"Simples";"Reta";"Rural";6;0;0;3;3;0;3;3
83505330;"04/10/16";"Terça";"18:00:00";"RS";116;"121,1";"SAO MARCOS";"Velocidade incompatível";"Capotamento";"Sem Vítimas";"Anoitecer";"Decrescente";"Ceu Claro";"Simples";"Curva";"Rural";1;0;0;0;1;0;0;1
83505331;"04/10/16";"Terça";"07:00:00";"MG";50;"136";"UBERABA";"Velocidade incompatível";"Saída de Pista";"Sem Vítimas";"Pleno dia";"Decrescente";"Nublado";"Dupla";"Reta";"Rural";1;0;0;0;1;0;0;1
83505332;"08/10/16";"Sábado";"10:15:00";"RS";153;"615,5";"HULHA NEGRA";"Falta de atenção";"Colisão traseira";"Sem Vítimas";"Pleno dia";"Crescente";"Ceu Claro";"Simples";"Reta";"Rural";3;0;0;0;3;0;0;3
83505333;"05/10/16";"Quarta";"09:10:00";"GO";153;"591";"PIRACANJUBA";"Outras";"Saída de Pista";"Sem Vítimas";"Pleno dia";"Crescente";"Chuva";"Dupla";"Curva";"Rural";2;0;0;0;2;0;0;1
83505334;"07/10/16";"Sexta";"08:32:00";"PR";277;"4,8";"PARANAGUA";"Desobediência à sinalização";"Colisão Transversal";"Com Vítimas Feridas";"Pleno dia";"Decrescente";"Ceu Claro";"Dupla";"Reta";"Urbano";2;0;0;1;1;0;1;2
83505335;"08/10/16";"Sábado";"10:15:00";"RS";116;"159";"CAXIAS DO SUL";"Outras";"Colisão com objeto fixo";"Sem Vítimas";"Pleno dia";"Crescente";"Nublado";"Simples";"Reta";"Urbano";1;0;0;0;1;0;0;1
83505336;"24/06/16";"Sexta";"13:00:00";"PR";163;"26";"SANTO ANTONIO DO SUDOESTE";"Falta de atenção";"Colisão lateral";"Com Vítimas Feridas";"Pleno dia";"Decrescente";"Ceu Claro";"Simples";"Curva";"Rural";2;0;1;0;1;0;1;2
83505338;"05/10/16";"Quarta";"07:00:00";"PE";232;"62,3";"POMBOS";"Outras";"Colisão lateral";"Sem Vítimas";"Amanhecer";"Decrescente";"Ceu Claro";"Simples";"Reta";"Rural";3;0;0;0;3;0;0;3
83505339;"05/10/16";"Quarta";"04:30:00";"MS";60;"486";"MARACAJU";"Dormindo";"Capotamento";"Com Vítimas Feridas";"Amanhecer";"Crescente";"Nublado";"Simples";"Reta";"Rural";1;0;1;0;0;0;1;1
83505340;"08/10/16";"Sábado";"07:50:00";"MG";40;"719";"BARBACENA";"Não guardar distância de segurança";"Colisão traseira";"Sem Vítimas";"Pleno dia";"Crescente";"Sol";"Dupla";"Reta";"Urbano";2;0;0;0;2;0;0;2
83505341;"08/10/16";"Sábado";"09:30:00";"MT";70;"0";"BARRA DO GARCAS";"Outras";"Colisão traseira";"Com Vítimas Feridas";"Pleno dia";"Decrescente";"Ceu Claro";"Simples";"Reta";"Urbano";2;0;1;0;1;0;1;2
83505342;"08/10/16";"Sábado";"09:00:00";"MT";163;"510";"DIAMANTINO";"Outras";"Saída de Pista";"Com Vítimas Feridas";"Pleno dia";"Crescente";"Ceu Claro";"Simples";"Reta";"Rural";1;0;1;0;0;0;1;1
83505343;"24/07/16";"Domingo";"15:40:00";"MG";40;"556,5";"NOVA LIMA";"Não guardar distância de segurança";"Colisão traseira";"Com Vítimas Feridas";"Pleno dia";"Decrescente";"Sol";"Múltipla";"Reta";"Urbano";5;0;2;0;3;0;2;5
83505344;"05/10/16";"Quarta";"01:30:00";"MS";262;"455";"DOIS IRMAOS DO BURITI";"Animais na Pista";"Capotamento";"Ignorado";"Plena noite";"Decrescente";"Ignorada";"Simples";"Reta";"Rural";1;0;0;0;0;1;0;1
83505345;"08/10/16";"Sábado";"10:10:00";"PA";163;"999";"SANTAREM";"Falta de atenção";"Colisão traseira";"Com Vítimas Feridas";"Pleno dia";"Decrescente";"Sol";"Dupla";"Reta";"Urbano";2;0;1;0;1;0;1;2
83505346;"01/07/16";"Sexta";"20:30:00";"MG";116;"516";"UBAPORANGA";"Outras";"Queda de motocicleta / bicicleta / veículo";"Com Vítimas Feridas";"Plena noite";"Crescente";"Ceu Claro";"Simples";"Reta";"Rural";1;0;1;0;0;0;1;1
83505347;"06/10/16";"Quinta";"15:00:00";"SP";116;"70";"APARECIDA";"Falta de atenção";"Colisão com objeto fixo";"Sem Vítimas";"Pleno dia";"Decrescente";"Chuva";"Dupla";"Reta";"Rural";1;0;0;0;1;0;0;1
83505348;"08/10/16";"Sábado";"07:45:00";"SP";381;"36,3";"ATIBAIA";"Velocidade incompatível";"Colisão traseira";"Com Vítimas Feridas";"Pleno dia";"Decrescente";"Sol";"Dupla";"Curva";"Rural";2;0;1;0;0;1;1;2
83505349;"05/10/16";"Quarta";"02:40:00";"MG";381;"639,7";"SANTO ANTONIO DO AMPARO";"Dormindo";"Colisão lateral";"Sem Vítimas";"Plena noite";"Crescente";"Nublado";"Dupla";"Reta";"Rural";2;0;0;0;2;0;0;2
83505351;"07/10/16";"Sexta";"10:40:00";"MA";10;"252";"IMPERATRIZ";"Outras";"Colisão lateral";"Com Vítimas Feridas";"Pleno dia";"Crescente";"Sol";"Múltipla";"Reta";"Urbano";2;0;1;0;1;0;1;2
83505352;"08/10/16";"Sábado";"11:15:00";"PR";116;"91,6";"PIRAQUARA";"Defeito mecânico em veículo";"Queda de motocicleta / bicicleta / veículo";"Com Vítimas Feridas";"Pleno dia";"Decrescente";"Sol";"Dupla";"Reta";"Rural";2;0;2;0;0;0;2;1
83505353;"08/10/16";"Sábado";"08:20:00";"PR";272;"362";"CAMPO MOURAO";"Não guardar distância de segurança";"Colisão traseira";"Com Vítimas Feridas";"Pleno dia";"Decrescente";"Ceu Claro";"Dupla";"Reta";"Urbano";2;0;1;0;1;0;1;2
83505354;"04/10/16";"Terça";"09:00:00";"RN";101;"98,7";"NATAL";"Falta de atenção";"Atropelamento de pessoa";"Com Vítimas Feridas";"Pleno dia";"Decrescente";"Sol";"Dupla";"Reta";"Urbano";3;0;1;0;2;0;1;2
83505355;"05/10/16";"Quarta";"05:15:00";"SP";116;"212";"GUARULHOS";"Ingestão de álcool";"Atropelamento de pessoa";"Com Vítimas Feridas";"Amanhecer";"Decrescente";"Nublado";"Múltipla";"Reta";"Urbano";2;0;1;0;1;0;1;1
83505356;"30/09/16";"Sexta";"07:40:00";"SP";381;"89,3";"SAO PAULO";"Outras";"Capotamento";"Com Vítimas Feridas";"Pleno dia";"Crescente";"Ceu Claro";"Múltipla";"Reta";"Urbano";2;0;1;0;1;0;1;2
83505357;"06/10/16";"Quinta";"20:00:00";"BA";101;"202";"GOVERNADOR MANGABEIRA";"Não guardar distância de segurança";"Saída de Pista";"Com Vítimas Feridas";"Plena noite";"Decrescente";"Chuva";"Simples";"Reta";"Rural";3;0;3;0;0;0;3;1
83505358;"03/10/16";"Segunda";"15:20:00";"SC";282;"54,2";"RANCHO QUEIMADO";"Velocidade incompatível";"Colisão frontal";"Com Vítimas Feridas";"Pleno dia";"Crescente";"Chuva";"Simples";"Curva";"Rural";4;0;1;0;3;0;1;3
83505359;"30/09/16";"Sexta";"20:20:00";"SP";116;"230,5";"SAO PAULO";"Falta de atenção";"Colisão lateral";"Com Vítimas Feridas";"Plena noite";"Decrescente";"Nublado";"Múltipla";"Reta";"Urbano";2;0;1;0;1;0;1;2
83505360;"05/10/16";"Quarta";"07:35:00";"PR";272;"363";"CAMPO MOURAO";"Falta de atenção";"Atropelamento de pessoa";"Com Vítimas Feridas";"Pleno dia";"Crescente";"Sol";"Múltipla";"Reta";"Urbano";2;0;0;1;1;0;1;1
83505361;"04/10/16";"Terça";"16:38:00";"BA";135;"118";"RIACHAO DAS NEVES";"Falta de atenção";"Tombamento";"Com Vítimas Fatais";"Pleno dia";"Decrescente";"Ceu Claro";"Simples";"Reta";"Rural";1;1;0;0;0;0;0;1
83505362;"04/10/16";"Terça";"16:15:00";"SC";101;"175";"BIGUACU";"Outras";"Saída de Pista";"Com Vítimas Feridas";"Pleno dia";"Decrescente";"Chuva";"Dupla";"Curva";"Rural";2;0;1;0;1;0;1;1
83505363;"03/10/16";"Segunda";"18:15:00";"BA";367;"26,9";"PORTO SEGURO";"Ingestão de álcool";"Colisão frontal";"Com Vítimas Feridas";"Plena noite";"Crescente";"Nublado";"Simples";"Reta";"Urbano";2;0;0;1;1;0;1;2