"id";"data_inversa";"dia_semana";"horario";"uf";"br";"km";"municipio";"causa_acidente";"tipo_acidente";"classificacao_acidente";"fase_dia";"sentido_via";"condicao_metereologica";"tipo_pista";"tracado_via";"uso_solo";"pessoas";"mortos";"feridos_leves";"feridos_graves";"ilesos";"ignorados";"feridos";"veiculos"
83505584;"09/10/16";"Domingo";"00:15:00";"PR";369;"29,5";"CAMBARA";"Ingestão de álcool";"Saída de Pista";"Com Vítimas Feridas";"Plena noite";"Decrescente";"Ceu Claro";"Simples";"Reta";"Rural";1;0;0;1;0;0;1;1
83505585;"04/10/16";"Terça";"09:30:00";"RJ";116;"328,5";"ITATIAIA";"Outras";"Colisão com objeto fixo";"Com Vítimas Feridas";"Pleno dia";"Decrescente";"Chuva";"Dupla";"Curva";"Urbano";2;0;0;1;1;0;1;2
83505586;"08/10/16";"Sábado";"13:10:00";"BA";101;"890,9";"CARAVELAS";"Ingestão de álcool";"Colisão lateral";"Sem Vítimas";"Pleno dia";"Crescente";"Ceu Claro";"Simples";"Reta";"Rural";2;0;0;0;2;0;0;2
83505587;"08/10/16";"Sábado";"22:35:00";"PR";277;"661,5";"MATELANDIA";"Velocidade incompatível";"Colisão traseira";"Com Vítimas Fatais";"Plena noite";"Decrescente";"Ceu Claro";"Dupla";"Reta";"Rural";7;1;1;5;0;0;6;2
83505588;"09/10/16";"Domingo";"02:00:00";"PR";277;"588";"CASCAVEL";"Outras";"Capotamento";"Sem Vítimas";"Plena noite";"Crescente";"Ceu Claro";"Simples";"Reta";"Urbano";1;0;0;0;1;0;0;1
83505589;"08/10/16";"Sábado";"19:50:00";"RS";290;"139";"ELDORADO DO SUL";"Outras";"Colisão frontal";"Com Vítimas Fatais";"Plena noite";"Crescente";"Ceu Claro";"Simples";"Reta";"Rural";4;1;0;0;3;0;0;2
83505590;"08/10/16";"Sábado";"19:45:00";"GO";153;"646,4";"MORRINHOS";"Defeito mecânico em veículo";"Saída de Pista";"Sem Vítimas";"Plena noite";"Crescente";"Ceu Claro";"Dupla";"Reta";"Rural";2;0;0;0;2;0;0;1
83505591;"04/10/16";"Terça";"18:20:00";"CE";222;"4,5";"CAUCAIA";"Defeito mecânico em veículo";"Colisão traseira";"Com Vítimas Feridas";"Plena noite";"Crescente";"Ceu Claro";"Múltipla";"Reta";"Urbano";3;0;1;0;2;0;1;3
83505592;"09/10/16";"Domingo";"03:00:00";"RS";290;"7,5";"OSORIO";"Dormindo";"Saída de Pista";"Sem Vítimas";"Plena noite";"Crescente";"Nublado";"Dupla";"Reta";"Rural";1;0;0;0;1;0;0;1
83505593;"09/10/16";"Domingo";"01:15:00";"RN";304;"20,1";"MOSSORO";"Outras";"Colisão frontal";"Com Vítimas Fatais";"Plena noite";"Decrescente";"Ceu Claro";"Simples";"Reta";"Rural";4;2;0;1;1;0;1;2
83505594;"08/10/16";"Sábado";"17:50:00";"SE";235;"58,4";"ITABAIANA";"Ingestão de álcool";"Colisão Transversal";"Com Vítimas Feridas";"Pleno dia";"Crescente";"Ceu Claro";"Simples";"Reta";"Rural";4;0;3;1;0;0;4;2
83505595;"08/10/16";"Sábado";"19:00:00";"RS";285;"118,3";"VACARIA";"Outras";"Atropelamento de pessoa";"Com Vítimas Feridas";"Plena noite";"Crescente";"Ceu Claro";"Simples";"Reta";"Urbano";2;0;1;0;1;0;1;1
83505596;"08/10/16";"Sábado";"15:00:00";"PR";376;"170";"MARINGA";"Outras";"Queda de motocicleta / bicicleta / veículo";"Com Vítimas Feridas";"Pleno dia";"Decrescente";"Sol";"Dupla";"Reta";"Urbano";1;0;1;0;0;0;1;1
83505597;"09/10/16";"Domingo";"02:10:00";"AL";316;"239";"ATALAIA";"Outras";"Capotamento";"Sem Vítimas";"Plena noite";"Crescente";"Ceu Claro";"Simples";"Curva";"Rural";1;0;0;0;1;0;0;1
83505598;"08/10/16";"Sábado";"18:00:00";"BA";101;"876,6";"TEIXEIRA DE FREITAS";"Outras";"Colisão lateral";"Com Vítimas Feridas";"Plena noite";"Crescente";"Ceu Claro";"Simples";"Reta";"Urbano";2;0;0;1;1;0;1;2
83505599;"08/10/16";"Sábado";"19:00:00";"BA";101;"878,8";"TEIXEIRA DE FREITAS";"Outras";"Colisão com bicicleta";"Com Vítimas Feridas";"Plena noite";"Decrescente";"Ceu Claro";"Simples";"Reta";"Urbano";2;0;0;2;0;0;2;2
83505600;"08/10/16";"Sábado";"16:21:00";"DF";60;"5";"BRASILIA";"Outras";"Colisão traseira";"Ignorado";"Pleno dia";"Decrescente";"Ceu Claro";"Dupla";"Reta";"Urbano";3;0;0;0;0;3;0;2
83505601;"09/10/16";"Domingo";"01:40:00";"PR";476;"144";"CURITIBA";"Outras";"Capotamento";"Com Vítimas Fatais";"Plena noite";"Crescente";"Nublado";"Dupla";"Reta";"Urbano";1;1;0;0;0;0;0;1
83505602;"09/10/16";"Domingo";"03:30:00";"MG";381;"525";"BRUMADINHO";"Defeito mecânico em veículo";"Colisão com objeto fixo";"Sem Vítimas";"Plena noite";"Decrescente";"Ceu Claro";"Dupla";"Reta";"Rural";1;0;0;0;1;0;0;1
83505603;"09/10/16";"Domingo";"00:15:00";"PE";232;"8,6";"RECIFE";"Falta de atenção";"Colisão Transversal";"Com Vítimas Feridas";"Plena noite";"Decrescente";"Ceu Claro";"Dupla";"Reta";"Urbano";2;0;1;1;0;0;2;2
83505604;"09/10/16";"Domingo";"02:55:00";"PR";116;"1";"QUATRO BARRAS";"Falta de atenção";"Colisão traseira";"Com Vítimas Feridas";"Plena noite";"Decrescente";"Nublado";"Dupla";"Reta";"Urbano";3;0;0;1;2;0;1;2
83505605;"08/10/16";"Sábado";"22:42:00";"RJ";101;"312";"SAO GONCALO";"Outras";"Colisão com objeto fixo";"Com Vítimas Feridas";"Plena noite";"Decrescente";"Ceu Claro";"Dupla";"Reta";"Urbano";1;0;1;0;0;0;1;1
83505606;"08/10/16";"Sábado";"19:30:00";"ES";393;"25";"MUQUI";"Ultrapassagem indevida";"Colisão Transversal";"Com Vítimas Feridas";"Plena noite";"Crescente";"Ceu Claro";"Simples";"Reta";"Rural";2;0;1;1;0;0;2;2
83505607;"09/10/16";"Domingo";"03:40:00";"PR";376;"197";"MARIALVA";"Animais na Pista";"Atropelamento de animal";"Com Vítimas Feridas";"Plena noite";"Decrescente";"Ceu Claro";"Dupla";"Reta";"Rural";2;0;1;0;1;0;1;1
83505608;"09/10/16";"Domingo";"00:29:00";"RJ";101;"313";"SAO GONCALO";"Outras";"Colisão com objeto fixo";"Com Vítimas Fatais";"Plena noite";"Decrescente";"Chuva";"Dupla";"Reta";"Urbano";2;1;0;0;0;1;0;1
83505609;"09/10/16";"Domingo";"04:20:00";"ES";101;"339,8";"GUARAPARI";"Dormindo";"Colisão com objeto fixo";"Sem Vítimas";"Plena noite";"Decrescente";"Ceu Claro";"Simples";"Curva";"Rural";1;0;0;0;1;0;0;1
83505610;"09/10/16";"Domingo";"04:20:00";"PR";369;"72,6";"SANTA MARIANA";"Outras";"Capotamento";"Com Vítimas Feridas";"Plena noite";"Decrescente";"Ceu Claro";"Simples";"Reta";"Rural";1;0;1;0;0;0;1;1
83505611;"09/10/16";"Domingo";"04:30:00";"PE";232;"91";"SAIRE";"Outras";"Atropelamento de pessoa";"Com Vítimas Feridas";"Amanhecer";"Decrescente";"Ceu Claro";"Dupla";"Reta";"Rural";2;0;0;1;0;1;1;1
83505612;"21/08/16";"Domingo";"21:30:00";"PR";467;"109,8";"CASCAVEL";"Falta de atenção";"Queda de motocicleta / bicicleta / veículo";"Com Vítimas Feridas";"Plena noite";"Crescente";"Ceu Claro";"Simples";"Reta";"Urbano";1;0;1;0;0;0;1;1
83505613;"08/10/16";"Sábado";"22:50:00";"PR";116;"8";"CAMPINA GRANDE DO SUL";"Falta de atenção";"Tombamento";"Sem Vítimas";"Plena noite";"Crescente";"Nublado";"Múltipla";"Reta";"Rural";1;0;0;0;1;0;0;1
83505614;"08/10/16";"Sábado";"21:00:00";"SC";282;"74";"RANCHO QUEIMADO";"Ingestão de álcool";"Saída de Pista";"Com Vítimas Feridas";"Plena noite";"Decrescente";"Nublado";"Simples";"Reta";"Rural";1;0;1;0;0;0;1;1
83505615;"08/10/16";"Sábado";"20:09:00";"SP";116;"101,4";"PINDAMONHANGABA";"Defeito mecânico em veículo";"Queda de motocicleta / bicicleta / veículo";"Com Vítimas Feridas";"Plena noite";"Decrescente";"Ceu Claro";"Dupla";"Reta";"Rural";3;0;2;0;1;0;2;2
83505616;"08/10/16";"Sábado";"12:50:00";"RS";392;"214,2";"SANTANA DA BOA VISTA";"Defeito mecânico em veículo";"Saída de Pista";"Sem Vítimas";"Pleno dia";"Crescente";"Ceu Claro";"Múltipla";"Curva";"Rural";1;0;0;0;1;0;0;1
83505617;"09/10/16";"Domingo";"03:40:00";"PR";277;"79";"CURITIBA";"Outras";"Capotamento";"Com Vítimas Feridas";"Plena noite";"Decrescente";"Ceu Claro";"Dupla";"Reta";"Urbano";1;0;0;1;0;0;1;1
83505618;"08/10/16";"Sábado";"22:20:00";"BA";101;"366";"GANDU";"Falta de atenção";"Colisão lateral";"Sem Vítimas";"Plena noite";"Crescente";"Ceu Claro";"Simples";"Reta";"Urbano";2;0;0;0;2;0;0;2
83505619;"09/10/16";"Domingo";"04:30:00";"RS";153;"43";"ERECHIM";"Dormindo";"Saída de Pista";"Sem Vítimas";"Plena noite";"Decrescente";"Ceu Claro";"Simples";"Reta";"Urbano";1;0;0;0;1;0;0;1
83505620;"09/10/16";"Domingo";"05:50:00";"RJ";116;"284";"BARRA MANSA";"Outras";"Colisão com objeto fixo";"Com Vítimas Feridas";"Amanhecer";"Crescente";"Ceu Claro";"Dupla";"Curva";"Rural";4;0;4;0;0;0;4;1
83505622;"08/10/16";"Sábado";"15:00:00";"PR";277;"597";"CASCAVEL";"Velocidade incompatível";"Colisão lateral";"Com Vítimas Feridas";"Pleno dia";"Crescente";"Sol";"Dupla";"Reta";"Urbano";3;0;1;0;2;0;1;2
83505623;"09/10/16";"Domingo";"05:55:00";"RJ";116;"166";"RIO DE JANEIRO";"Dormindo";"Capotamento";"Sem Vítimas";"Amanhecer";"Crescente";"Ceu Claro";"Múltipla";"Reta";"Urbano";1;0;0;0;1;0;0;1
83505624;"08/10/16";"Sábado";"09:00:00";"SP";116;"112,8";"TAUBATE";"Outras";"Colisão traseira";"Com Vítimas Feridas";"Pleno dia";"Decrescente";"Ceu Claro";"Dupla";"Reta";"Urbano";9;0;7;0;2;0;7;3
83505625;"08/10/16";"Sábado";"23:55:00";"MG";354;"752";"ITAMONTE";"Ingestão de álcool";"Colisão frontal";"Com Vítimas Feridas";"Plena noite";"Crescente";"Ceu Claro";"Simples";"Reta";"Urbano";5;0;2;2;0;1;4;2
83505626;"09/10/16";"Domingo";"00:30:00";"BA";101;"648,5";"ITAPEBI";"Velocidade incompatível";"Saída de Pista";"Sem Vítimas";"Plena noite";"Crescente";"Nublado";"Simples";"Curva";"Rural";1;0;0;0;1;0;0;1
83505627;"09/10/16";"Domingo";"06:00:00";"RS";293;"155,7";"HULHA NEGRA";"Outras";"Incêndio";"Sem Vítimas";"Amanhecer";"Decrescente";"Ceu Claro";"Simples";"Reta";"Rural";1;0;0;0;1;0;0;1
83505628;"08/10/16";"Sábado";"13:50:00";"SC";282;"532,9";"CHAPECO";"Desobediência à sinalização";"Colisão Transversal";"Sem Vítimas";"Pleno dia";"Decrescente";"Sol";"Simples";"Cruzamento";"Urbano";2;0;0;0;2;0;0;2
83505629;"09/10/16";"Domingo";"04:00:00";"RJ";465;"0";"SEROPEDICA";"Desobediência à sinalização";"Colisão traseira";"Com Vítimas Feridas";"Plena noite";"Decrescente";"Nublado";"Simples";"Reta";"Urbano";3;0;1;0;0;2;1;2
83505630;"09/10/16";"Domingo";"04:50:00";"RS";386;"349,4";"LAJEADO";"Velocidade incompatível";"Saída de Pista";"Com Vítimas Fatais";"Plena noite";"Decrescente";"Ceu Claro";"Dupla";"Reta";"Urbano";1;1;0;0;0;0;0;1
83505631;"09/10/16";"Domingo";"04:50:00";"PE";232;"253,6";"ARCOVERDE";"Outras";"Atropelamento de pessoa";"Com Vítimas Feridas";"Amanhecer";"Decrescente";"Ceu Claro";"Simples";"Reta";"Urbano";2;0;0;1;0;1;1;1
83505632;"09/10/16";"Domingo";"04:45:00";"SC";282;"519";"XAXIM";"Ingestão de álcool";"Saída de Pista";"Com Vítimas Feridas";"Plena noite";"Decrescente";"Ignorada";"Simples";"Cruzamento";"Urbano";2;0;2;0;0;0;2;1
83505633;"08/10/16";"Sábado";"19:10:00";"MG";40;"750,5";"SANTOS DUMONT";"Outras";"Colisão com objeto fixo";"Com Vítimas Feridas";"Plena noite";"Crescente";"Nublado";"Simples";"Curva";"Rural";1;0;1;0;0;0;1;1
83505634;"09/10/16";"Domingo";"05:50:00";"PR";376;"170,2";"MARINGA";"Outras";"Capotamento";"Ignorado";"Amanhecer";"Decrescente";"Ceu Claro";"Dupla";"Reta";"Urbano";1;0;0;0;0;1;0;1
83505635;"09/10/16";"Domingo";"03:30:00";"PR";277;"523";"GUARANIACU";"Falta de atenção";"Saída de Pista";"Com Vítimas Feridas";"Plena noite";"Decrescente";"Ceu Claro";"Simples";"Curva";"Rural";1;0;1;0;0;0;1;1
83505636;"09/10/16";"Domingo";"06:20:00";"SC";158;"103";"CUNHA PORA";"Ingestão de álcool";"Saída de Pista";"Sem Vítimas";"Amanhecer";"Crescente";"Ceu Claro";"Simples";"Curva";"Rural";1;0;0;0;1;0;0;1
83505637;"08/10/16";"Sábado";"17:30:00";"MG";262;"418";"PARA DE MINAS";"Animais na Pista";"Atropelamento de animal";"Com Vítimas Feridas";"Pleno dia";"Decrescente";"Ceu Claro";"Dupla";"Reta";"Rural";1;0;1;0;0;0;1;1
83505638;"08/10/16";"Sábado";"20:55:00";"BA";101;"371";"GANDU";"Outras";"Queda de motocicleta / bicicleta / veículo";"Ignorado";"Plena noite";"Decrescente";"Chuva";"Simples";"Curva";"Rural";1;0;0;0;0;1;0;1
83505639;"09/10/16";"Domingo";"06:40:00";"SC";101;"184";"BIGUACU";"Outras";"Saída de Pista";"Ignorado";"Pleno dia";"Crescente";"Ceu Claro";"Dupla";"Curva";"Urbano";1;0;0;0;0;1;0;1
83505640;"09/10/16";"Domingo";"03:30:00";"MG";50;"39";"ARAGUARI";"Defeito mecânico em veículo";"Colisão com objeto fixo";"Com Vítimas Feridas";"Plena noite";"Decrescente";"Ceu Claro";"Dupla";"Cruzamento";"Urbano";1;0;1;0;0;0;1;1
83505641;"09/10/16";"Domingo";"05:40:00";"RS";290;"105,1";"ELDORADO DO SUL";"Falta de atenção";"Saída de Pista";"Com Vítimas Feridas";"Amanhecer";"Crescente";"Ceu Claro";"Dupla";"Reta";"Rural";2;0;2;0;0;0;2;1
83505642;"08/10/16";"Sábado";"18:10:00";"CE";116;"22,8";"ITAITINGA";"Outras";"Colisão Transversal";"Com Vítimas Feridas";"Plena noite";"Crescente";"Ceu Claro";"Simples";"Reta";"Urbano";3;0;1;1;0;1;2;2
83505643;"05/10/16";"Quarta";"23:50:00";"BA";324;"0,2";"FEIRA DE SANTANA";"Falta de atenção";"Colisão com objeto fixo";"Sem Vítimas";"Plena noite";"Crescente";"Ceu Claro";"Dupla";"Reta";"Urbano";1;0;0;0;1;0;0;1
83505644;"09/10/16";"Domingo";"01:20:00";"PR";476;"161,8";"ARAUCARIA";"Falta de atenção";"Colisão traseira";"Com Vítimas Feridas";"Plena noite";"Decrescente";"Nublado";"Simples";"Reta";"Rural";2;0;0;1;1;0;1;2
83505645;"04/10/16";"Terça";"11:45:00";"MG";381;"300";"ANTONIO DIAS";"Velocidade incompatível";"Saída de Pista";"Com Vítimas Feridas";"Pleno dia";"Crescente";"Chuva";"Simples";"Curva";"Rural";4;0;4;0;0;0;4;1
83505646;"05/10/16";"Quarta";"19:00:00";"MT";70;"278";"PRIMAVERA DO LESTE";"Outras";"Colisão traseira";"Com Vítimas Feridas";"Plena noite";"Crescente";"Chuva";"Simples";"Reta";"Urbano";2;0;1;0;0;1;1;2
83505648;"06/10/16";"Quinta";"02:50:00";"RS";290;"125,5";"ELDORADO DO SUL";"Outras";"Saída de Pista";"Com Vítimas Feridas";"Plena noite";"Crescente";"Chuva";"Simples";"Reta";"Rural";2;0;1;0;1;0;1;1
83505649;"06/10/16";"Quinta";"06:00:00";"BA";101;"895";"CARAVELAS";"Outras";"Saída de Pista";"Ignorado";"Amanhecer";"Decrescente";"Chuva";"Simples";"Curva";"Rural";1;0;0;0;0;1;0;1
83505650;"09/10/16";"Domingo";"07:14:00";"RS";285;"255";"AGUA SANTA";"Dormindo";"Saída de Pista";"Sem Vítimas";"Pleno dia";"Decrescente";"Sol";"Simples";"Reta";"Rural";3;0;0;0;3;0;0;1
83505651;"06/10/16";"Quinta";"05:20:00";"SC";116;"10";"MAFRA";"Velocidade incompatível";"Capotamento";"Com Vítimas Feridas";"Plena noite";"Crescente";"Chuva";"Simples";"Reta";"Rural";2;0;1;0;1;0;1;1
83505652;"09/10/16";"Domingo";"04:00:00";"RJ";40;"31,5";"AREAL";"Ingestão de álcool";"Queda de motocicleta / bicicleta / veículo";"Com Vítimas Feridas";"Plena noite";"Decrescente";"Nublado";"Dupla";"Curva";"Rural";1;0;1;0;0;0;1;1
83505653;"09/10/16";"Domingo";"06:00:00";"SC";153;"72,5";"IRANI";"Dormindo";"Colisão frontal";"Com Vítimas Feridas";"Amanhecer";"Decrescente";"Nevoeiro/neblina";"Simples";"Curva";"Rural";4;0;1;2;1;0;3;2
83505654;"09/10/16";"Domingo";"00:10:00";"PR";153;"20,3";"JACAREZINHO";"Falta de atenção";"Colisão traseira";"Com Vítimas Feridas";"Pleno dia";"Decrescente";"Ceu Claro";"Simples";"Reta";"Rural";3;0;1;1;1;0;2;2
83505655;"08/10/16";"Sábado";"23:26:00";"SP";116;"277,5";"EMBU";"Outras";"Colisão traseira";"Com Vítimas Feridas";"Plena noite";"Crescente";"Nublado";"Dupla";"Reta";"Urbano";6;0;3;0;2;1;3;2
83505656;"08/10/16";"Sábado";"23:00:00";"RS";470;"163,8";"VILA FLORES";"Falta de atenção";"Colisão frontal";"Com Vítimas Feridas";"Plena noite";"Crescente";"Ceu Claro";"Simples";"Curva";"Rural";2;0;1;0;1;0;1;2
83505657;"06/10/16";"Quinta";"06:30:00";"MT";163;"34,7";"ITIQUIRA";"Falta de atenção";"Colisão traseira";"Sem Vítimas";"Pleno dia";"Decrescente";"Ceu Claro";"Dupla";"Reta";"Rural";2;0;0;0;2;0;0;2
83505658;"08/10/16";"Sábado";"19:00:00";"PB";230;"416,8";"POMBAL";"Defeito mecânico em veículo";"Incêndio";"Sem Vítimas";"Plena noite";"Crescente";"Ceu Claro";"Simples";"Reta";"Rural";1;0;0;0;1;0;0;1
83505659;"06/10/16";"Quinta";"12:20:00";"PB";230;"63";"SAO MIGUEL DE TAIPU";"Defeito mecânico em veículo";"Saída de Pista";"Com Vítimas Feridas";"Pleno dia";"Crescente";"Sol";"Dupla";"Reta";"Rural";1;0;1;0;0;0;1;1
83505660;"01/10/16";"Sábado";"11:00:00";"PR";376;"651";"TIJUCAS DO SUL";"Velocidade incompatível";"Saída de Pista";"Com Vítimas Feridas";"Pleno dia";"Crescente";"Chuva";"Dupla";"Curva";"Rural";2;0;1;0;1;0;1;1
83505661;"06/10/16";"Quinta";"07:00:00";"MT";364;"258";"JUSCIMEIRA";"Falta de atenção";"Colisão lateral";"Com Vítimas Feridas";"Pleno dia";"Decrescente";"Nublado";"Simples";"Reta";"Urbano";3;0;1;0;2;0;1;2
83505662;"02/10/16";"Domingo";"06:50:00";"SC";470;"342";"CAMPOS NOVOS";"Falta de atenção";"Colisão com objeto fixo";"Com Vítimas Fatais";"Amanhecer";"Crescente";"Ceu Claro";"Simples";"Curva";"Rural";1;1;0;0;0;0;0;1
83505663;"05/10/16";"Quarta";"22:00:00";"RO";364;"273,8";"CACOAL";"Dormindo";"Colisão com objeto fixo";"Com Vítimas Feridas";"Plena noite";"Decrescente";"Ignorada";"Simples";"Reta";"Rural";1;0;0;1;0;0;1;1
83505664;"05/10/16";"Quarta";"20:30:00";"MG";153;"29,9";"CANAPOLIS";"Outras";"Capotamento";"Com Vítimas Feridas";"Plena noite";"Crescente";"Chuva";"Dupla";"Reta";"Rural";1;0;1;0;0;0;1;1
83505665;"06/10/16";"Quinta";"05:20:00";"MG";267;"315,5";"CONCEICAO DO RIO VERDE";"Ultrapassagem indevida";"Tombamento";"Sem Vítimas";"Amanhecer";"Decrescente";"Ceu Claro";"Simples";"Curva";"Rural";2;0;0;0;2;0;0;2
83505666;"08/10/16";"Sábado";"06:50:00";"PA";230;"141";"MARABA";"Falta de atenção";"Saída de Pista";"Com Vítimas Feridas";"Pleno dia";"Crescente";"Ceu Claro";"Simples";"Reta";"Rural";2;0;0;2;0;0;2;1
83505667;"07/10/16";"Sexta";"07:00:00";"AL";101;"210,9";"SAO SEBASTIAO";"Falta de atenção";"Colisão lateral";"Sem Vítimas";"Pleno dia";"Crescente";"Ceu Claro";"Simples";"Reta";"Rural";2;0;0;0;2;0;0;2
83505668;"07/10/16";"Sexta";"15:40:00";"MG";381;"742";"TRES CORACOES";"Não guardar distância de segurança";"Colisão traseira";"Sem Vítimas";"Pleno dia";"Crescente";"Ceu Claro";"Dupla";"Reta";"Rural";4;0;0;0;4;0;0;2
83505669;"05/10/16";"Quarta";"22:30:00";"MG";40;"775,8";"JUIZ DE FORA";"Ingestão de álcool";"Colisão com objeto fixo";"Sem Vítimas";"Plena noite";"Decrescente";"Ceu Claro";"Dupla";"Reta";"Rural";1;0;0;0;1;0;0;1
83505670;"09/10/16";"Domingo";"07:40:00";"RJ";40;"113";"DUQUE DE CAXIAS";"Falta de atenção";"Queda de motocicleta / bicicleta / veículo";"Com Vítimas Feridas";"Amanhecer";"Decrescente";"Sol";"Múltipla";"Reta";"Urbano";2;0;1;1;0;0;2;1
83505671;"08/10/16";"Sábado";"15:46:00";"MT";364;"70,7";"ALTO GARCAS";"Falta de atenção";"Colisão frontal";"Com Vítimas Feridas";"Pleno dia";"Decrescente";"Ceu Claro";"Simples";"Reta";"Rural";5;0;2;0;3;0;2;5
83505672;"09/10/16";"Domingo";"05:45:00";"CE";20;"406,6";"CAUCAIA";"Ingestão de álcool";"Queda de motocicleta / bicicleta / veículo";"Com Vítimas Feridas";"Amanhecer";"Crescente";"Ceu Claro";"Múltipla";"Curva";"Urbano";1;0;1;0;0;0;1;1
83505673;"06/10/16";"Quinta";"06:40:00";"SC";101;"43,9";"JOINVILLE";"Velocidade incompatível";"Capotamento";"Sem Vítimas";"Amanhecer";"Crescente";"Chuva";"Dupla";"Reta";"Urbano";1;0;0;0;1;0;0;1
83505674;"08/10/16";"Sábado";"22:30:00";"MG";135;"465";"JOAQUIM FELICIO";"Velocidade incompatível";"Tombamento";"Com Vítimas Feridas";"Plena noite";"Crescente";"Ignorada";"Simples";"Reta";"Rural";1;0;1;0;0;0;1;1
83505675;"09/10/16";"Domingo";"09:10:00";"SP";116;"147,4";"SAO JOSE DOS CAMPOS";"Outras";"Colisão traseira";"Com Vítimas Feridas";"Pleno dia";"Crescente";"Ceu Claro";"Dupla";"Reta";"Urbano";4;0;1;0;3;0;1;3
83505676;"09/10/16";"Domingo";"08:40:00";"MT";364;"501";"JANGADA";"Outras";"Atropelamento de pessoa";"Com Vítimas Feridas";"Pleno dia";"Decrescente";"Ceu Claro";"Simples";"Reta";"Rural";2;0;0;1;0;1;1;1
83505677;"07/10/16";"Sexta";"05:03:00";"SP";116;"23,6";"LAVRINHAS";"Defeito mecânico em veículo";"Colisão traseira";"Sem Vítimas";"Amanhecer";"Decrescente";"Ceu Claro";"Dupla";"Curva";"Rural";2;0;0;0;2;0;0;2
83505678;"06/10/16";"Quinta";"06:00:00";"MA";222;"216,8";"ITAPECURU MIRIM";"Defeito mecânico em veículo";"Tombamento";"Com Vítimas Feridas";"Amanhecer";"Crescente";"Chuva";"Simples";"Reta";"Rural";2;0;0;1;1;0;1;1
83505680;"06/10/16";"Quinta";"11:00:00";"MG";262;"612,5";"IBIA";"Outras";"Colisão traseira";"Sem Vítimas";"Pleno dia";"Decrescente";"Sol";"Simples";"Reta";"Rural";2;0;0;0;2;0;0;2
83505681;"05/10/16";"Quarta";"18:00:00";"PE";101;"84,9";"JABOATAO DOS GUARARAPES";"Falta de atenção";"Colisão traseira";"Com Vítimas Feridas";"Plena noite";"Decrescente";"Ceu Claro";"Dupla";"Reta";"Urbano";5;0;0;1;4;0;1;5
83505682;"06/10/16";"Quinta";"00:10:00";"MA";316;"298";"PIO XII";"Ingestão de álcool";"Colisão com objeto fixo";"Com Vítimas Feridas";"Plena noite";"Crescente";"Ceu Claro";"Simples";"Reta";"Urbano";1;0;1;0;0;0;1;1
83505683;"01/10/16";"Sábado";"22:00:00";"RJ";356;"40";"ITAPERUNA";"Falta de atenção";"Colisão frontal";"Com Vítimas Feridas";"Plena noite";"Decrescente";"Nublado";"Simples";"Reta";"Rural";2;0;1;0;1;0;1;2
83505684;"09/10/16";"Domingo";"09:00:00";"SC";282;"52,5";"AGUAS MORNAS";"Outras";"Incêndio";"Sem Vítimas";"Pleno dia";"Crescente";"Ceu Claro";"Simples";"Curva";"Rural";1;0;0;0;1;0;0;1
83505685;"09/10/16";"Domingo";"08:30:00";"SP";116;"270";"TABOAO DA SERRA";"Velocidade incompatível";"Queda de motocicleta / bicicleta / veículo";"Com Vítimas Feridas";"Pleno dia";"Crescente";"Ceu Claro";"Dupla";"Curva";"Urbano";1;0;1;0;0;0;1;1
83505686;"09/10/16";"Domingo";"06:00:00";"GO";60;"244,2";"INDIARA";"Outras";"Colisão com objeto fixo";"Ignorado";"Amanhecer";"Decrescente";"Ceu Claro";"Dupla";"Curva";"Rural";1;0;0;0;0;1;0;1
83505687;"09/10/16";"Domingo";"09:30:00";"PI";316;"6,9";"TERESINA";"Falta de atenção";"Colisão traseira";"Com Vítimas Feridas";"Pleno dia";"Crescente";"Ceu Claro";"Simples";"Reta";"Urbano";3;0;1;0;2;0;1;3
83505688;"09/10/16";"Domingo";"05:20:00";"MG";40;"509";"RIBEIRAO DAS NEVES";"Outras";"Capotamento";"Com Vítimas Feridas";"Amanhecer";"Decrescente";"Ceu Claro";"Dupla";"Reta";"Rural";1;0;1;0;0;0;1;1
83505689;"09/10/16";"Domingo";"09:30:00";"MG";365;"417";"PATOS DE MINAS";"Outras";"Queda de motocicleta / bicicleta / veículo";"Com Vítimas Feridas";"Pleno dia";"Crescente";"Ceu Claro";"Simples";"Reta";"Rural";1;0;1;0;0;0;1;1
83505690;"08/10/16";"Sábado";"19:20:00";"PA";222;"21";"DOM ELISEU";"Outras";"Colisão frontal";"Com Vítimas Fatais";"Plena noite";"Crescente";"Ceu Claro";"Simples";"Reta";"Urbano";2;1;0;0;0;1;0;2
83505691;"06/10/16";"Quinta";"14:00:00";"RJ";495;"28";"PETROPOLIS";"Desobediência à sinalização";"Colisão frontal";"Com Vítimas Feridas";"Pleno dia";"Decrescente";"Ceu Claro";"Simples";"Curva";"Rural";3;0;2;0;1;0;2;2
83505692;"05/10/16";"Quarta";"21:20:00";"SP";116;"380";"MIRACATU";"Dormindo";"Tombamento";"Sem Vítimas";"Plena noite";"Crescente";"Nublado";"Dupla";"Reta";"Rural";1;0;0;0;1;0;0;1
83505693;"09/10/16";"Domingo";"07:00:00";"MT";163;"831";"SINOP";"Falta de atenção";"Colisão com objeto fixo";"Ignorado";"Amanhecer";"Decrescente";"Ceu Claro";"Dupla";"Reta";"Rural";1;0;0;0;0;1;0;1