"id";"data_inversa";"dia_semana";"horario";"uf";"br";"km";"municipio";"causa_acidente";"tipo_acidente";"classificacao_acidente";"fase_dia";"sentido_via";"condicao_metereologica";"tipo_pista";"tracado_via";"uso_solo";"pessoas";"mortos";"feridos_leves";"feridos_graves";"ilesos";"ignorados";"feridos";"veiculos"
83505805;"06/10/16";"Quinta";"08:00:00";"SC";470;"283";"BRUNOPOLIS";"Defeito na via";"Saída de Pista";"Sem Vítimas";"Pleno dia";"Decrescente";"Chuva";"Simples";"Curva";"Rural";1;0;0;0;1;0;0;1
83505806;"03/10/16";"Segunda";"14:50:00";"PR";476;"145";"CURITIBA";"Outras";"Colisão traseira";"Com Vítimas Feridas";"Pleno dia";"Crescente";"Ceu Claro";"Dupla";"Reta";"Urbano";2;0;1;0;1;0;1;2
83505807;"09/10/16";"Domingo";"11:50:00";"SC";101;"212,6";"PALHOCA";"Outras";"Queda de motocicleta / bicicleta / veículo";"Com Vítimas Feridas";"Pleno dia";"Crescente";"Ceu Claro";"Múltipla";"Reta";"Urbano";2;0;2;0;0;0;2;1
83505808;"09/10/16";"Domingo";"02:30:00";"SC";153;"104";"CONCORDIA";"Dormindo";"Saída de Pista";"Ignorado";"Plena noite";"Crescente";"Ceu Claro";"Simples";"Reta";"Rural";1;0;0;0;0;1;0;1
83505809;"09/10/16";"Domingo";"16:05:00";"MG";262;"443";"NOVA SERRANA";"Outras";"Colisão com objeto fixo";"Com Vítimas Feridas";"Pleno dia";"Decrescente";"Ceu Claro";"Dupla";"Curva";"Urbano";1;0;1;0;0;0;1;1
83505810;"09/10/16";"Domingo";"19:00:00";"SC";101;"185";"BIGUACU";"Defeito mecânico em veículo";"Tombamento";"Com Vítimas Feridas";"Plena noite";"Decrescente";"Ceu Claro";"Dupla";"Reta";"Urbano";2;0;2;0;0;0;2;1
83505812;"01/10/16";"Sábado";"09:30:00";"RJ";465;"17";"NOVA IGUACU";"Falta de atenção";"Colisão frontal";"Com Vítimas Feridas";"Pleno dia";"Decrescente";"Ceu Claro";"Simples";"Reta";"Urbano";3;0;1;0;1;1;1;2
83505813;"09/10/16";"Domingo";"06:40:00";"SC";282;"525";"CORDILHEIRA ALTA";"Velocidade incompatível";"Saída de Pista";"Sem Vítimas";"Amanhecer";"Decrescente";"Sol";"Simples";"Curva";"Rural";1;0;0;0;1;0;0;1
83505814;"22/08/16";"Segunda";"16:30:00";"MG";381;"457";"BELO HORIZONTE";"Desobediência à sinalização";"Atropelamento de pessoa";"Com Vítimas Feridas";"Pleno dia";"Decrescente";"Sol";"Dupla";"Reta";"Urbano";2;0;1;0;1;0;1;1
83505815;"09/10/16";"Domingo";"17:30:00";"PR";476;"262";"SAO MATEUS DO SUL";"Outras";"Danos Eventuais";"Com Vítimas Feridas";"Pleno dia";"Crescente";"Sol";"Simples";"Reta";"Rural";2;0;1;0;1;0;1;1
83505816;"06/10/16";"Quinta";"23:30:00";"SP";116;"393";"MIRACATU";"Defeito mecânico em veículo";"Incêndio";"Com Vítimas Fatais";"Plena noite";"Decrescente";"Chuva";"Dupla";"Reta";"Rural";4;1;0;0;2;1;0;4
83505817;"09/10/16";"Domingo";"11:00:00";"RJ";116;"198,3";"SEROPEDICA";"Outras";"Colisão com objeto fixo";"Sem Vítimas";"Pleno dia";"Decrescente";"Ceu Claro";"Simples";"Curva";"Rural";1;0;0;0;1;0;0;1
83505818;"09/10/16";"Domingo";"18:30:00";"RS";287;"234,9";"SANTA MARIA";"Falta de atenção";"Colisão traseira";"Com Vítimas Feridas";"Anoitecer";"Crescente";"Ceu Claro";"Dupla";"Reta";"Urbano";3;0;1;0;2;0;1;2
83505819;"09/10/16";"Domingo";"17:50:00";"PR";116;"119";"CURITIBA";"Não guardar distância de segurança";"Colisão traseira";"Sem Vítimas";"Anoitecer";"Crescente";"Nublado";"Dupla";"Curva";"Urbano";2;0;0;0;2;0;0;2
83505820;"09/10/16";"Domingo";"15:00:00";"MG";381;"358";"JOAO MONLEVADE";"Não guardar distância de segurança";"Colisão traseira";"Sem Vítimas";"Pleno dia";"Crescente";"Ceu Claro";"Simples";"Curva";"Urbano";5;0;0;0;5;0;0;2
83505821;"09/10/16";"Domingo";"19:10:00";"PR";116;"118";"CURITIBA";"Não guardar distância de segurança";"Colisão traseira";"Sem Vítimas";"Plena noite";"Crescente";"Nublado";"Dupla";"Curva";"Urbano";3;0;0;0;3;0;0;3
83505822;"05/10/16";"Quarta";"16:30:00";"BA";116;"818,5";"VITORIA DA CONQUISTA";"Falta de atenção";"Atropelamento de pessoa";"Com Vítimas Feridas";"Plena noite";"Crescente";"Nublado";"Múltipla";"Reta";"Urbano";2;0;1;0;0;1;1;1
83505823;"08/10/16";"Sábado";"23:10:00";"GO";40;"9,2";"LUZIANIA";"Outras";"Colisão com objeto fixo";"Sem Vítimas";"Plena noite";"Crescente";"Ceu Claro";"Dupla";"Reta";"Urbano";1;0;0;0;1;0;0;1
83505824;"09/10/16";"Domingo";"12:00:00";"DF";20;"11";"BRASILIA";"Falta de atenção";"Colisão traseira";"Com Vítimas Feridas";"Pleno dia";"Crescente";"Ceu Claro";"Dupla";"Reta";"Urbano";3;0;1;0;2;0;1;3
83505825;"28/09/16";"Quarta";"01:00:00";"ES";101;"269,7";"SERRA";"Dormindo";"Capotamento";"Com Vítimas Feridas";"Plena noite";"Crescente";"Ceu Claro";"Múltipla";"Reta";"Urbano";2;0;1;0;1;0;1;1
83505827;"09/10/16";"Domingo";"09:30:00";"SP";116;"545";"BARRA DO TURVO";"Outras";"Colisão lateral";"Com Vítimas Feridas";"Pleno dia";"Decrescente";"Chuva";"Dupla";"Curva";"Rural";3;0;2;0;1;0;2;2
83505828;"09/10/16";"Domingo";"15:00:00";"PR";158;"421,1";"RIO BONITO DO IGUACU";"Outras";"Saída de Pista";"Com Vítimas Feridas";"Pleno dia";"Crescente";"Ceu Claro";"Simples";"Reta";"Rural";1;0;0;1;0;0;1;1
83505829;"09/10/16";"Domingo";"10:50:00";"TO";153;"417,6";"MIRANORTE";"Outras";"Queda de motocicleta / bicicleta / veículo";"Com Vítimas Fatais";"Pleno dia";"Crescente";"Nublado";"Simples";"Reta";"Rural";2;1;0;0;1;0;0;1
83505830;"09/10/16";"Domingo";"18:30:00";"MG";50;"16,5";"ARAGUARI";"Outras";"Colisão com objeto fixo";"Com Vítimas Feridas";"Anoitecer";"Crescente";"Ceu Claro";"Dupla";"Reta";"Rural";2;0;2;0;0;0;2;1
83505831;"09/10/16";"Domingo";"19:00:00";"MG";381;"547";"ITATIAIUCU";"Outras";"Colisão com objeto fixo";"Sem Vítimas";"Plena noite";"Decrescente";"Ceu Claro";"Dupla";"Reta";"Rural";1;0;0;0;1;0;0;1
83505832;"09/10/16";"Domingo";"16:40:00";"MG";50;"22";"ARAGUARI";"Outras";"Queda de motocicleta / bicicleta / veículo";"Com Vítimas Feridas";"Pleno dia";"Decrescente";"Sol";"Dupla";"Cruzamento";"Rural";2;0;1;1;0;0;2;1
83505833;"09/10/16";"Domingo";"19:50:00";"RS";158;"469,3";"ROSARIO DO SUL";"Animais na Pista";"Atropelamento de animal";"Com Vítimas Feridas";"Plena noite";"Decrescente";"Ceu Claro";"Simples";"Reta";"Rural";2;0;1;0;1;0;1;1
83505834;"09/10/16";"Domingo";"19:40:00";"SC";101;"29,8";"JOINVILLE";"Falta de atenção";"Colisão lateral";"Sem Vítimas";"Plena noite";"Crescente";"Nublado";"Dupla";"Reta";"Urbano";2;0;0;0;2;0;0;2
83505835;"04/10/16";"Terça";"07:15:00";"GO";70;"1";"AGUAS LINDAS DE GOIAS";"Outras";"Capotamento";"Sem Vítimas";"Pleno dia";"Crescente";"Chuva";"Dupla";"Reta";"Urbano";1;0;0;0;1;0;0;1
83505836;"08/10/16";"Sábado";"05:00:00";"BA";242;"131";"RAFAEL JAMBEIRO";"Não guardar distância de segurança";"Colisão lateral";"Com Vítimas Fatais";"Amanhecer";"Crescente";"Chuva";"Simples";"Reta";"Rural";2;1;0;0;0;1;0;2
83505837;"09/10/16";"Domingo";"19:10:00";"RS";116;"243,5";"SAO LEOPOLDO";"Não guardar distância de segurança";"Colisão traseira";"Com Vítimas Feridas";"Anoitecer";"Crescente";"Ceu Claro";"Múltipla";"Cruzamento";"Urbano";3;0;1;0;2;0;1;2
83505838;"09/10/16";"Domingo";"16:10:00";"RS";158;"176,6";"PEJUCARA";"Não guardar distância de segurança";"Colisão traseira";"Sem Vítimas";"Pleno dia";"Decrescente";"Ceu Claro";"Simples";"Reta";"Rural";2;0;0;0;2;0;0;2
83505839;"05/10/16";"Quarta";"16:00:00";"PE";101;"64,8";"RECIFE";"Outras";"Colisão traseira";"Com Vítimas Feridas";"Pleno dia";"Crescente";"Ceu Claro";"Múltipla";"Reta";"Urbano";2;0;1;0;1;0;1;2
83505840;"09/10/16";"Domingo";"10:40:00";"PR";153;"460,7";"UNIAO DA VITORIA";"Defeito mecânico em veículo";"Saída de Pista";"Sem Vítimas";"Pleno dia";"Decrescente";"Ceu Claro";"Simples";"Reta";"Rural";1;0;0;0;1;0;0;1
83505841;"06/10/16";"Quinta";"06:45:00";"RJ";393;"278";"BARRA DO PIRAI";"Não guardar distância de segurança";"Colisão lateral";"Sem Vítimas";"Pleno dia";"Decrescente";"Ceu Claro";"Simples";"Reta";"Rural";2;0;0;0;2;0;0;2
83505842;"09/10/16";"Domingo";"20:00:00";"GO";153;"197";"URUACU";"Ingestão de álcool";"Colisão Transversal";"Com Vítimas Feridas";"Plena noite";"Decrescente";"Ignorada";"Simples";"Reta";"Rural";3;0;1;0;2;0;1;2
83505843;"09/10/16";"Domingo";"17:35:00";"MG";116;"520,3";"CARATINGA";"Não guardar distância de segurança";"Colisão traseira";"Com Vítimas Feridas";"Anoitecer";"Crescente";"Ceu Claro";"Simples";"Reta";"Rural";3;0;0;1;2;0;1;3
83505844;"09/10/16";"Domingo";"19:10:00";"RS";285;"197,8";"LAGOA VERMELHA";"Ingestão de álcool";"Colisão frontal";"Com Vítimas Feridas";"Plena noite";"Crescente";"Ceu Claro";"Simples";"Curva";"Urbano";4;0;2;2;0;0;4;2
83505845;"09/10/16";"Domingo";"18:00:00";"RS";290;"103,7";"PORTO ALEGRE";"Desobediência à sinalização";"Colisão traseira";"Com Vítimas Feridas";"Pleno dia";"Crescente";"Ceu Claro";"Simples";"Reta";"Urbano";2;0;1;0;1;0;1;2
83505847;"09/10/16";"Domingo";"17:30:00";"MT";70;"11";"BARRA DO GARCAS";"Outras";"Colisão traseira";"Com Vítimas Feridas";"Pleno dia";"Crescente";"Vento";"Simples";"Reta";"Rural";2;0;0;1;1;0;1;2
83505848;"09/10/16";"Domingo";"18:10:00";"BA";116;"643,5";"JAGUAQUARA";"Outras";"Tombamento";"Sem Vítimas";"Plena noite";"Decrescente";"Nublado";"Simples";"Reta";"Rural";1;0;0;0;1;0;0;1
83505849;"09/10/16";"Domingo";"19:50:00";"RJ";101;"423";"MANGARATIBA";"Outras";"Capotamento";"Com Vítimas Feridas";"Plena noite";"Decrescente";"Chuva";"Simples";"Curva";"Urbano";2;0;2;0;0;0;2;1
83505850;"07/10/16";"Sexta";"23:30:00";"MG";262;"713";"ARAXA";"Ingestão de álcool";"Colisão frontal";"Com Vítimas Feridas";"Plena noite";"Decrescente";"Ceu Claro";"Simples";"Reta";"Rural";2;0;1;0;1;0;1;2
83505851;"09/10/16";"Domingo";"19:13:00";"RO";364;"726";"PORTO VELHO";"Outras";"Atropelamento de pessoa";"Com Vítimas Feridas";"Plena noite";"Crescente";"Ceu Claro";"Simples";"Reta";"Rural";2;0;1;1;0;0;2;1
83505852;"09/10/16";"Domingo";"18:00:00";"RS";116;"194,1";"PICADA CAFE";"Velocidade incompatível";"Saída de Pista";"Com Vítimas Feridas";"Pleno dia";"Crescente";"Sol";"Simples";"Curva";"Urbano";3;0;2;0;1;0;2;1
83505853;"09/10/16";"Domingo";"19:00:00";"RJ";116;"226";"PIRAI";"Velocidade incompatível";"Colisão com objeto fixo";"Sem Vítimas";"Plena noite";"Decrescente";"Chuva";"Dupla";"Curva";"Rural";4;0;0;0;1;3;0;1
83505854;"09/10/16";"Domingo";"20:00:00";"MT";174;"25";"PONTES E LACERDA";"Animais na Pista";"Atropelamento de animal";"Com Vítimas Feridas";"Plena noite";"Crescente";"Ceu Claro";"Simples";"Reta";"Rural";1;0;0;1;0;0;1;1
83505855;"06/10/16";"Quinta";"08:30:00";"GO";80;"39";"PADRE BERNARDO";"Dormindo";"Saída de Pista";"Com Vítimas Feridas";"Pleno dia";"Crescente";"Nublado";"Simples";"Reta";"Rural";1;0;1;0;0;0;1;1
83505856;"09/10/16";"Domingo";"18:10:00";"PE";101;"72,5";"RECIFE";"Falta de atenção";"Colisão Transversal";"Com Vítimas Feridas";"Anoitecer";"Decrescente";"Ceu Claro";"Múltipla";"Curva";"Urbano";4;0;2;0;2;0;2;3
83505857;"09/10/16";"Domingo";"19:45:00";"SP";116;"125,2";"CACAPAVA";"Defeito mecânico em veículo";"Colisão com objeto móvel";"Sem Vítimas";"Plena noite";"Decrescente";"Ceu Claro";"Dupla";"Reta";"Urbano";3;0;0;0;3;0;0;3
83505858;"09/10/16";"Domingo";"18:40:00";"SP";116;"186";"SANTA ISABEL";"Falta de atenção";"Colisão traseira";"Com Vítimas Feridas";"Plena noite";"Crescente";"Ceu Claro";"Dupla";"Reta";"Rural";5;0;1;0;4;0;1;4
83505859;"09/10/16";"Domingo";"18:00:00";"MG";262;"77,5";"MATIPO";"Desobediência à sinalização";"Colisão Transversal";"Com Vítimas Feridas";"Anoitecer";"Crescente";"Ceu Claro";"Simples";"Curva";"Rural";8;0;2;0;3;3;2;2
83505860;"09/10/16";"Domingo";"19:15:00";"SC";470;"37,2";"GASPAR";"Animais na Pista";"Queda de motocicleta / bicicleta / veículo";"Com Vítimas Feridas";"Plena noite";"Decrescente";"Nublado";"Simples";"Reta";"Rural";1;0;1;0;0;0;1;1
83505861;"09/10/16";"Domingo";"20:35:00";"PB";230;"31";"BAYEUX";"Ingestão de álcool";"Colisão com objeto fixo";"Sem Vítimas";"Plena noite";"Decrescente";"Ceu Claro";"Dupla";"Reta";"Urbano";1;0;0;0;1;0;0;1
83505862;"05/10/16";"Quarta";"18:30:00";"PR";277;"448,9";"LARANJEIRAS DO SUL";"Velocidade incompatível";"Tombamento";"Sem Vítimas";"Anoitecer";"Decrescente";"Nublado";"Simples";"Curva";"Rural";1;0;0;0;1;0;0;1
83505863;"09/10/16";"Domingo";"18:00:00";"RO";364;"195,8";"PIMENTA BUENO";"Falta de atenção";"Colisão traseira";"Com Vítimas Feridas";"Anoitecer";"Crescente";"Ceu Claro";"Simples";"Curva";"Urbano";3;0;1;0;2;0;1;2
83505864;"09/10/16";"Domingo";"05:15:00";"MT";364;"267,5";"JACIARA";"Não guardar distância de segurança";"Colisão traseira";"Sem Vítimas";"Amanhecer";"Decrescente";"Ceu Claro";"Simples";"Reta";"Rural";2;0;0;0;2;0;0;2
83505865;"09/10/16";"Domingo";"16:10:00";"RJ";393;"291";"VOLTA REDONDA";"Outras";"Colisão lateral";"Sem Vítimas";"Pleno dia";"Crescente";"Ceu Claro";"Dupla";"Reta";"Urbano";2;0;0;0;2;0;0;2
83505866;"09/10/16";"Domingo";"21:05:00";"PR";369;"500";"CORBELIA";"Não guardar distância de segurança";"Colisão traseira";"Com Vítimas Feridas";"Plena noite";"Crescente";"Nublado";"Simples";"Reta";"Urbano";2;0;0;1;1;0;1;2
83505867;"09/10/16";"Domingo";"22:10:00";"RS";386;"340,9";"LAJEADO";"Desobediência à sinalização";"Colisão traseira";"Com Vítimas Feridas";"Plena noite";"Decrescente";"Ceu Claro";"Simples";"Reta";"Urbano";5;0;4;0;1;0;4;2
83505868;"09/10/16";"Domingo";"19:50:00";"GO";364;"235,4";"JATAI";"Falta de atenção";"Saída de Pista";"Com Vítimas Feridas";"Plena noite";"Crescente";"Nublado";"Simples";"Curva";"Rural";4;0;4;0;0;0;4;1
83505869;"09/10/16";"Domingo";"19:15:00";"GO";70;"7";"AGUAS LINDAS DE GOIAS";"Velocidade incompatível";"Capotamento";"Com Vítimas Feridas";"Plena noite";"Decrescente";"Chuva";"Dupla";"Reta";"Urbano";1;0;1;0;0;0;1;1
83505870;"09/10/16";"Domingo";"23:00:00";"RN";226;"3,5";"NATAL";"Desobediência à sinalização";"Colisão Transversal";"Com Vítimas Feridas";"Plena noite";"Decrescente";"Ceu Claro";"Simples";"Curva";"Urbano";2;0;1;0;0;1;1;2
83505871;"09/10/16";"Domingo";"21:30:00";"GO";60;"228";"CEZARINA";"Outras";"Saída de Pista";"Ignorado";"Plena noite";"Decrescente";"Ceu Claro";"Dupla";"Reta";"Rural";1;0;0;0;0;1;0;1
83505872;"09/10/16";"Domingo";"21:30:00";"PR";373;"237,6";"GUAMIRANGA";"Velocidade incompatível";"Saída de Pista";"Com Vítimas Feridas";"Plena noite";"Crescente";"Nublado";"Simples";"Curva";"Rural";1;0;1;0;0;0;1;1
83505873;"09/10/16";"Domingo";"18:00:00";"PR";116;"119";"CURITIBA";"Não guardar distância de segurança";"Colisão traseira";"Com Vítimas Feridas";"Pleno dia";"Decrescente";"Ceu Claro";"Dupla";"Reta";"Urbano";4;0;2;0;2;0;2;3
83505874;"09/10/16";"Domingo";"17:30:00";"SC";282;"231";"LAGES";"Ingestão de álcool";"Saída de Pista";"Com Vítimas Feridas";"Pleno dia";"Decrescente";"Ceu Claro";"Simples";"Curva";"Rural";2;0;1;0;1;0;1;2
83505875;"09/10/16";"Domingo";"22:00:00";"CE";222;"147";"IRAUCUBA";"Falta de atenção";"Queda de motocicleta / bicicleta / veículo";"Com Vítimas Feridas";"Plena noite";"Crescente";"Ceu Claro";"Simples";"Cruzamento";"Urbano";1;0;0;1;0;0;1;1
83505876;"08/10/16";"Sábado";"04:40:00";"SP";116;"221";"GUARULHOS";"Falta de atenção";"Colisão lateral";"Com Vítimas Feridas";"Plena noite";"Crescente";"Ceu Claro";"Múltipla";"Reta";"Urbano";3;0;1;0;1;1;1;2
83505877;"06/10/16";"Quinta";"22:40:00";"RR";174;"501";"BOA VISTA";"Ingestão de álcool";"Colisão traseira";"Sem Vítimas";"Plena noite";"Decrescente";"Ceu Claro";"Dupla";"Reta";"Urbano";2;0;0;0;2;0;0;2
83505878;"27/09/16";"Terça";"10:00:00";"RS";158;"329,8";"SANTA MARIA";"Falta de atenção";"Colisão com bicicleta";"Com Vítimas Feridas";"Pleno dia";"Crescente";"Ceu Claro";"Simples";"Curva";"Urbano";2;0;0;1;1;0;1;2
83505879;"09/10/16";"Domingo";"20:45:00";"RS";293;"15";"CAPAO DO LEAO";"Desobediência à sinalização";"Colisão Transversal";"Com Vítimas Feridas";"Plena noite";"Crescente";"Ceu Claro";"Simples";"Cruzamento";"Urbano";6;0;2;0;4;0;2;2
83505880;"09/10/16";"Domingo";"22:30:00";"PR";376;"625";"SAO JOSE DOS PINHAIS";"Outras";"Saída de Pista";"Ignorado";"Plena noite";"Crescente";"Nublado";"Dupla";"Reta";"Rural";1;0;0;0;0;1;0;1
83505881;"10/10/16";"Segunda";"00:05:00";"PA";163;"987";"SANTAREM";"Falta de atenção";"Colisão lateral";"Com Vítimas Feridas";"Plena noite";"Crescente";"Nublado";"Simples";"Reta";"Rural";3;0;2;0;0;1;2;2
83505882;"09/10/16";"Domingo";"21:53:00";"SP";116;"227";"SAO PAULO";"Ingestão de álcool";"Capotamento";"Sem Vítimas";"Plena noite";"Crescente";"Ceu Claro";"Múltipla";"Reta";"Urbano";1;0;0;0;1;0;0;1
83505883;"09/10/16";"Domingo";"13:40:00";"BA";324;"626";"SALVADOR";"Outras";"Atropelamento de pessoa";"Com Vítimas Feridas";"Pleno dia";"Decrescente";"Sol";"Dupla";"Curva";"Urbano";2;0;1;0;0;1;1;1
83505884;"09/10/16";"Domingo";"22:10:00";"PR";277;"675";"MEDIANEIRA";"Ingestão de álcool";"Colisão traseira";"Com Vítimas Fatais";"Plena noite";"Crescente";"Ceu Claro";"Dupla";"Reta";"Rural";3;1;0;1;1;0;1;2
83505885;"09/10/16";"Domingo";"20:00:00";"CE";116;"494,5";"BREJO SANTO";"Outras";"Atropelamento de pessoa";"Com Vítimas Fatais";"Plena noite";"Decrescente";"Ceu Claro";"Simples";"Reta";"Urbano";2;1;0;0;1;0;0;1
83505886;"09/10/16";"Domingo";"16:30:00";"MT";163;"848";"SINOP";"Velocidade incompatível";"Saída de Pista";"Com Vítimas Feridas";"Pleno dia";"Decrescente";"Ceu Claro";"Simples";"Reta";"Rural";7;0;2;0;5;0;2;1
83505887;"05/10/16";"Quarta";"23:30:00";"MT";163;"748";"SORRISO";"Falta de atenção";"Capotamento";"Sem Vítimas";"Plena noite";"Crescente";"Chuva";"Dupla";"Reta";"Rural";1;0;0;0;1;0;0;1
83505888;"09/10/16";"Domingo";"18:30:00";"PE";101;"78";"JABOATAO DOS GUARARAPES";"Outras";"Colisão Transversal";"Sem Vítimas";"Plena noite";"Decrescente";"Ceu Claro";"Dupla";"Reta";"Urbano";4;0;0;0;3;1;0;2
83505889;"09/10/16";"Domingo";"11:10:00";"MG";251;"475";"FRANCISCO SA";"Velocidade incompatível";"Tombamento";"Com Vítimas Feridas";"Pleno dia";"Crescente";"Ceu Claro";"Simples";"Curva";"Rural";1;0;1;0;0;0;1;1
83505890;"10/10/16";"Segunda";"01:00:00";"RJ";40;"82";"PETROPOLIS";"Outras";"Colisão com objeto fixo";"Sem Vítimas";"Plena noite";"Decrescente";"Chuva";"Simples";"Curva";"Urbano";1;0;0;0;1;0;0;1
83505891;"09/10/16";"Domingo";"21:45:00";"BA";110;"169";"RIBEIRA DO POMBAL";"Defeito mecânico em veículo";"Colisão traseira";"Com Vítimas Feridas";"Plena noite";"Crescente";"Ceu Claro";"Simples";"Reta";"Rural";6;0;1;0;5;0;1;2
83505892;"09/10/16";"Domingo";"23:50:00";"BA";101;"739,9";"ITABELA";"Defeito mecânico em veículo";"Capotamento";"Com Vítimas Feridas";"Plena noite";"Decrescente";"Ceu Claro";"Simples";"Curva";"Rural";1;0;0;1;0;0;1;1
83505893;"04/10/16";"Terça";"18:00:00";"ES";101;"68,3";"SAO MATEUS";"Falta de atenção";"Atropelamento de pessoa";"Com Vítimas Feridas";"Anoitecer";"Decrescente";"Ceu Claro";"Simples";"Reta";"Urbano";2;0;0;1;1;0;1;1
83505894;"09/10/16";"Domingo";"20:20:00";"PE";116;"31";"SALGUEIRO";"Outras";"Tombamento";"Sem Vítimas";"Plena noite";"Decrescente";"Ceu Claro";"Simples";"Curva";"Rural";1;0;0;0;1;0;0;1
83505895;"10/10/16";"Segunda";"00:30:00";"ES";101;"274,9";"SERRA";"Falta de atenção";"Capotamento";"Sem Vítimas";"Plena noite";"Crescente";"Ceu Claro";"Dupla";"Reta";"Urbano";1;0;0;0;1;0;0;1
83505896;"09/10/16";"Domingo";"21:20:00";"BA";101;"176";"FEIRA DE SANTANA";"Ingestão de álcool";"Atropelamento de animal";"Com Vítimas Feridas";"Plena noite";"Decrescente";"Ceu Claro";"Simples";"Reta";"Rural";3;0;2;0;1;0;2;2
83505897;"10/10/16";"Segunda";"00:30:00";"RS";290;"51,9";"GLORINHA";"Dormindo";"Colisão traseira";"Com Vítimas Feridas";"Plena noite";"Crescente";"Ceu Claro";"Dupla";"Reta";"Rural";4;0;3;0;1;0;3;2
83505898;"09/10/16";"Domingo";"23:55:00";"ES";101;"296";"CARIACICA";"Falta de atenção";"Colisão com objeto fixo";"Sem Vítimas";"Plena noite";"Crescente";"Ceu Claro";"Dupla";"Curva";"Urbano";1;0;0;0;1;0;0;1
83505899;"09/10/16";"Domingo";"23:30:00";"MG";262;"369,7";"JUATUBA";"Outras";"Atropelamento de animal";"Sem Vítimas";"Plena noite";"Crescente";"Ceu Claro";"Dupla";"Reta";"Urbano";1;0;0;0;1;0;0;1
83505900;"09/10/16";"Domingo";"18:00:00";"MT";163;"782";"SORRISO";"Outras";"Queda de motocicleta / bicicleta / veículo";"Com Vítimas Feridas";"Anoitecer";"Crescente";"Ceu Claro";"Simples";"Reta";"Rural";2;0;1;0;1;0;1;1
83505901;"09/10/16";"Domingo";"21:20:00";"BA";415;"48,7";"ITABUNA";"Falta de atenção";"Colisão Transversal";"Com Vítimas Feridas";"Plena noite";"Decrescente";"Nublado";"Simples";"Reta";"Urbano";2;0;1;0;1;0;1;2
83505902;"09/10/16";"Domingo";"16:20:00";"PI";343;"596,7";"FLORIANO";"Desobediência à sinalização";"Colisão Transversal";"Com Vítimas Feridas";"Pleno dia";"Crescente";"Ceu Claro";"Dupla";"Reta";"Urbano";2;0;1;1;0;0;2;2
83505903;"09/10/16";"Domingo";"20:30:00";"MG";153;"210";"FRUTAL";"Falta de atenção";"Saída de Pista";"Sem Vítimas";"Plena noite";"Crescente";"Ceu Claro";"Simples";"Reta";"Rural";1;0;0;0;1;0;0;1
83505904;"09/10/16";"Domingo";"19:00:00";"GO";60;"385";"RIO VERDE";"Outras";"Colisão com objeto fixo";"Sem Vítimas";"Anoitecer";"Decrescente";"Ceu Claro";"Dupla";"Reta";"Urbano";1;0;0;0;1;0;0;1
83505905;"09/10/16";"Domingo";"21:40:00";"PR";373;"409,4";"CANDOI";"Ingestão de álcool";"Colisão frontal";"Com Vítimas Fatais";"Plena noite";"Decrescente";"Ceu Claro";"Simples";"Curva";"Rural";4;3;0;0;1;0;0;3
83505906;"09/10/16";"Domingo";"20:00:00";"GO";60;"56,1";"ABADIANIA";"Falta de atenção";"Colisão com objeto fixo";"Com Vítimas Feridas";"Plena noite";"Decrescente";"Ceu Claro";"Dupla";"Curva";"Rural";1;0;1;0;0;0;1;1
83505907;"09/10/16";"Domingo";"17:50:00";"PB";230;"217,6";"SOLEDADE";"Ingestão de álcool";"Capotamento";"Com Vítimas Feridas";"Anoitecer";"Decrescente";"Ceu Claro";"Simples";"Reta";"Rural";2;0;2;0;0;0;2;1
83505908;"09/10/16";"Domingo";"09:30:00";"SP";116;"538";"BARRA DO TURVO";"Outras";"Capotamento";"Sem Vítimas";"Pleno dia";"Crescente";"Chuva";"Dupla";"Curva";"Rural";1;0;0;0;1;0;0;1
83505909;"09/10/16";"Domingo";"21:20:00";"RS";116;"92,7";"CAMPESTRE DA SERRA";"Ingestão de álcool";"Saída de Pista";"Com Vítimas Feridas";"Plena noite";"Crescente";"Ceu Claro";"Simples";"Curva";"Rural";1;0;1;0;0;0;1;1
83505910;"09/10/16";"Domingo";"19:00:00";"RS";470;"156";"VERANOPOLIS";"Falta de atenção";"Colisão Transversal";"Com Vítimas Feridas";"Anoitecer";"Crescente";"Ceu Claro";"Simples";"Reta";"Urbano";4;0;4;0;0;0;4;2
83505911;"10/10/16";"Segunda";"00:30:00";"MG";40;"458,5";"CAETANOPOLIS";"Velocidade incompatível";"Capotamento";"Com Vítimas Feridas";"Plena noite";"Decrescente";"Ceu Claro";"Dupla";"Reta";"Rural";1;0;1;0;0;0;1;1
83505912;"09/10/16";"Domingo";"17:00:00";"MG";365;"49";"CLARO DOS POCOES";"Defeito mecânico em veículo";"Saída de Pista";"Sem Vítimas";"Pleno dia";"Decrescente";"Nublado";"Simples";"Reta";"Rural";1;0;0;0;1;0;0;1
83505913;"09/10/16";"Domingo";"20:00:00";"RS";290;"108,3";"ELDORADO DO SUL";"Outras";"Colisão com bicicleta";"Com Vítimas Feridas";"Plena noite";"Crescente";"Ceu Claro";"Simples";"Reta";"Urbano";2;0;0;1;0;1;1;2