"id";"data_inversa";"dia_semana";"horario";"uf";"br";"km";"municipio";"causa_acidente";"tipo_acidente";"classificacao_acidente";"fase_dia";"sentido_via";"condicao_metereologica";"tipo_pista";"tracado_via";"uso_solo";"pessoas";"mortos";"feridos_leves";"feridos_graves";"ilesos";"ignorados";"feridos";"veiculos"
83506022;"10/10/16";"Segunda";"08:30:00";"MT";364;"539";"ROSARIO OESTE";"Defeito mecânico em veículo";"Saída de Pista";"Sem Vítimas";"Pleno dia";"Crescente";"Ceu Claro";"Simples";"Reta";"Rural";1;0;0;0;1;0;0;1
83506023;"06/10/16";"Quinta";"16:00:00";"BA";116;"581";"BREJOES";"Não guardar distância de segurança";"Tombamento";"Sem Vítimas";"Pleno dia";"Decrescente";"Nublado";"Simples";"Curva";"Rural";2;0;0;0;2;0;0;1
83506024;"08/10/16";"Sábado";"22:00:00";"MG";381;"402,5";"BOM JESUS DO AMPARO";"Defeito mecânico em veículo";"Colisão lateral";"Com Vítimas Fatais";"Plena noite";"Crescente";"Ceu Claro";"Simples";"Curva";"Rural";27;2;0;24;1;0;24;2
83506025;"10/10/16";"Segunda";"11:10:00";"SC";280;"24,8";"ARAQUARI";"Falta de atenção";"Colisão Transversal";"Com Vítimas Feridas";"Pleno dia";"Decrescente";"Ceu Claro";"Simples";"Reta";"Urbano";5;0;1;1;3;0;2;3
83506026;"10/10/16";"Segunda";"12:50:00";"RS";386;"109";"SARANDI";"Falta de atenção";"Tombamento";"Com Vítimas Feridas";"Pleno dia";"Decrescente";"Sol";"Simples";"Curva";"Rural";1;0;1;0;0;0;1;1
83506027;"02/10/16";"Domingo";"10:20:00";"TO";153;"330,3";"GUARAI";"Falta de atenção";"Colisão traseira";"Com Vítimas Feridas";"Pleno dia";"Decrescente";"Ceu Claro";"Dupla";"Reta";"Urbano";3;0;1;1;1;0;2;2
83506028;"10/10/16";"Segunda";"11:00:00";"PR";158;"519,8";"PATO BRANCO";"Velocidade incompatível";"Saída de Pista";"Com Vítimas Feridas";"Pleno dia";"Crescente";"Ceu Claro";"Simples";"Curva";"Urbano";2;0;1;0;1;0;1;2
83506029;"10/10/16";"Segunda";"11:00:00";"MS";262;"5,9";"TRES LAGOAS";"Falta de atenção";"Colisão lateral";"Com Vítimas Feridas";"Pleno dia";"Crescente";"Ceu Claro";"Dupla";"Cruzamento";"Urbano";2;0;0;1;1;0;1;2
83506030;"08/10/16";"Sábado";"06:10:00";"MS";463;"49,9";"PONTA PORA";"Falta de atenção";"Saída de Pista";"Com Vítimas Feridas";"Amanhecer";"Crescente";"Ceu Claro";"Simples";"Reta";"Rural";1;0;1;0;0;0;1;1
83506031;"10/10/16";"Segunda";"12:20:00";"PE";101;"42,3";"IGARASSU";"Falta de atenção";"Colisão lateral";"Com Vítimas Feridas";"Pleno dia";"Decrescente";"Sol";"Múltipla";"Reta";"Urbano";2;0;1;0;1;0;1;2
83506032;"06/10/16";"Quinta";"18:50:00";"PE";104;"37,9";"CARUARU";"Falta de atenção";"Atropelamento de pessoa";"Com Vítimas Fatais";"Plena noite";"Decrescente";"Ceu Claro";"Dupla";"Reta";"Urbano";2;1;0;0;0;1;0;1
83506033;"10/10/16";"Segunda";"08:00:00";"BA";116;"652,3";"JEQUIE";"Falta de atenção";"Colisão Transversal";"Com Vítimas Feridas";"Pleno dia";"Crescente";"Nublado";"Simples";"Reta";"Rural";2;0;0;1;1;0;1;2
83506034;"10/10/16";"Segunda";"07:20:00";"CE";116;"27";"ITAITINGA";"Outras";"Tombamento";"Sem Vítimas";"Pleno dia";"Crescente";"Ceu Claro";"Dupla";"Reta";"Rural";1;0;0;0;1;0;0;1
83506035;"10/10/16";"Segunda";"11:00:00";"MS";163;"499,7";"CAMPO GRANDE";"Desobediência à sinalização";"Capotamento";"Com Vítimas Feridas";"Pleno dia";"Crescente";"Ceu Claro";"Simples";"Curva";"Rural";1;0;1;0;0;0;1;1
83506036;"19/09/16";"Segunda";"20:06:00";"SC";480;"124";"CHAPECO";"Falta de atenção";"Saída de Pista";"Com Vítimas Feridas";"Plena noite";"Crescente";"Nublado";"Dupla";"Reta";"Urbano";1;0;0;1;0;0;1;1
83506037;"06/10/16";"Quinta";"16:30:00";"ES";101;"262,1";"SERRA";"Outras";"Colisão lateral";"Sem Vítimas";"Plena noite";"Crescente";"Ceu Claro";"Dupla";"Reta";"Urbano";2;0;0;0;1;1;0;2
83506038;"07/06/16";"Terça";"06:40:00";"PI";402;"34";"PARNAIBA";"Falta de atenção";"Colisão Transversal";"Com Vítimas Feridas";"Pleno dia";"Crescente";"Ceu Claro";"Simples";"Reta";"Urbano";2;0;0;2;0;0;2;2
83506041;"12/09/16";"Segunda";"16:30:00";"RJ";393;"229,4";"VASSOURAS";"Ultrapassagem indevida";"Colisão lateral";"Sem Vítimas";"Pleno dia";"Crescente";"Ceu Claro";"Simples";"Curva";"Rural";2;0;0;0;2;0;0;2
83506042;"26/05/16";"Quinta";"23:10:00";"MT";364;"176,5";"PEDRA PRETA";"Outras";"Colisão Transversal";"Com Vítimas Feridas";"Plena noite";"Crescente";"Ceu Claro";"Simples";"Reta";"Rural";2;0;1;0;1;0;1;2
83506043;"27/05/16";"Sexta";"10:30:00";"PI";343;"334,9";"TERESINA";"Falta de atenção";"Queda de motocicleta / bicicleta / veículo";"Com Vítimas Feridas";"Pleno dia";"Decrescente";"Sol";"Simples";"Curva";"Rural";2;0;0;2;0;0;2;2
83506044;"05/10/16";"Quarta";"17:15:00";"DF";60;"28";"BRASILIA";"Outras";"Capotamento";"Com Vítimas Fatais";"Pleno dia";"Decrescente";"Chuva";"Dupla";"Curva";"Rural";3;1;0;1;1;0;1;1
83506045;"01/10/16";"Sábado";"07:20:00";"PR";376;"660";"TIJUCAS DO SUL";"Velocidade incompatível";"Saída de Pista";"Com Vítimas Feridas";"Pleno dia";"Decrescente";"Chuva";"Dupla";"Curva";"Rural";1;0;1;0;0;0;1;1
83506046;"08/10/16";"Sábado";"18:20:00";"RJ";393;"283,9";"VOLTA REDONDA";"Falta de atenção";"Atropelamento de pessoa";"Com Vítimas Feridas";"Plena noite";"Crescente";"Nublado";"Simples";"Reta";"Urbano";3;0;0;2;1;0;2;1
83506047;"10/10/16";"Segunda";"13:45:00";"PR";277;"303,5";"PRUDENTOPOLIS";"Falta de atenção";"Tombamento";"Com Vítimas Feridas";"Plena noite";"Crescente";"Ceu Claro";"Simples";"Reta";"Rural";1;0;1;0;0;0;1;1
83506049;"10/10/16";"Segunda";"09:20:00";"MG";459;"84,5";"CONGONHAL";"Desobediência à sinalização";"Colisão Transversal";"Sem Vítimas";"Pleno dia";"Crescente";"Ceu Claro";"Simples";"Reta";"Urbano";2;0;0;0;2;0;0;2
83506050;"29/09/16";"Quinta";"20:00:00";"RJ";101;"271";"ITABORAI";"Animais na Pista";"Tombamento";"Sem Vítimas";"Plena noite";"Crescente";"Ceu Claro";"Dupla";"Reta";"Rural";2;0;0;0;2;0;0;2
83506051;"10/10/16";"Segunda";"14:15:00";"SC";116;"220,8";"CORREIA PINTO";"Não guardar distância de segurança";"Colisão traseira";"Sem Vítimas";"Pleno dia";"Crescente";"Ceu Claro";"Simples";"Reta";"Urbano";2;0;0;0;2;0;0;2
83506052;"10/10/16";"Segunda";"14:10:00";"MA";10;"282";"IMPERATRIZ";"Ultrapassagem indevida";"Colisão lateral";"Sem Vítimas";"Pleno dia";"Crescente";"Sol";"Simples";"Reta";"Rural";2;0;0;0;2;0;0;2
83506053;"31/08/16";"Quarta";"10:40:00";"SP";116;"210";"GUARULHOS";"Falta de atenção";"Colisão lateral";"Sem Vítimas";"Pleno dia";"Crescente";"Chuva";"Simples";"Reta";"Urbano";2;0;0;0;2;0;0;2
83506055;"07/10/16";"Sexta";"12:00:00";"MG";381;"932,5";"EXTREMA";"Velocidade incompatível";"Tombamento";"Com Vítimas Feridas";"Pleno dia";"Decrescente";"Sol";"Dupla";"Curva";"Rural";1;0;0;1;0;0;1;1
83506056;"10/10/16";"Segunda";"14:45:00";"SC";116;"206,4";"PONTE ALTA";"Falta de atenção";"Colisão Transversal";"Sem Vítimas";"Pleno dia";"Decrescente";"Ceu Claro";"Simples";"Reta";"Urbano";2;0;0;0;2;0;0;2
83506057;"06/10/16";"Quinta";"18:30:00";"SP";116;"225";"SAO PAULO";"Falta de atenção";"Colisão traseira";"Com Vítimas Feridas";"Plena noite";"Decrescente";"Nublado";"Múltipla";"Reta";"Urbano";2;0;1;0;1;0;1;2
83506058;"21/03/16";"Segunda";"14:30:00";"MT";364;"350";"SANTO ANTONIO DO LEVERGER";"Falta de atenção";"Colisão traseira";"Sem Vítimas";"Pleno dia";"Crescente";"Sol";"Dupla";"Reta";"Rural";2;0;0;0;2;0;0;2
83506059;"10/10/16";"Segunda";"09:10:00";"ES";101;"279,6";"SERRA";"Falta de atenção";"Colisão Transversal";"Com Vítimas Feridas";"Pleno dia";"Crescente";"Chuva";"Dupla";"Cruzamento";"Urbano";3;0;1;1;1;0;2;2
83506060;"01/10/16";"Sábado";"14:30:00";"MG";40;"508,3";"RIBEIRAO DAS NEVES";"Não guardar distância de segurança";"Tombamento";"Com Vítimas Feridas";"Pleno dia";"Decrescente";"Nublado";"Dupla";"Curva";"Rural";6;0;1;0;5;0;1;2
83506061;"10/10/16";"Segunda";"07:25:00";"SE";101;"54";"CARMOPOLIS";"Falta de atenção";"Colisão Transversal";"Com Vítimas Feridas";"Pleno dia";"Crescente";"Ceu Claro";"Simples";"Reta";"Rural";2;0;1;0;1;0;1;2
83506062;"10/10/16";"Segunda";"14:20:00";"ES";101;"283,5";"CARIACICA";"Velocidade incompatível";"Capotamento";"Com Vítimas Feridas";"Pleno dia";"Decrescente";"Chuva";"Múltipla";"Curva";"Urbano";3;0;3;0;0;0;3;1
83506063;"10/10/16";"Segunda";"11:15:00";"MG";381;"511";"SAO JOAQUIM DE BICAS";"Desobediência à sinalização";"Colisão lateral";"Com Vítimas Feridas";"Pleno dia";"Decrescente";"Ceu Claro";"Simples";"Reta";"Urbano";2;0;0;2;0;0;2;2
83506064;"10/10/16";"Segunda";"15:00:00";"SP";381;"44,5";"ATIBAIA";"Falta de atenção";"Colisão com objeto fixo";"Com Vítimas Feridas";"Pleno dia";"Decrescente";"Ceu Claro";"Dupla";"Reta";"Urbano";2;0;1;1;0;0;2;1
83506065;"07/10/16";"Sexta";"20:15:00";"MT";163;"829";"SINOP";"Falta de atenção";"Colisão Transversal";"Sem Vítimas";"Plena noite";"Crescente";"Ceu Claro";"Dupla";"Cruzamento";"Urbano";2;0;0;0;1;1;0;2
83506066;"07/10/16";"Sexta";"01:20:00";"PE";428;"185";"PETROLINA";"Falta de atenção";"Colisão lateral";"Com Vítimas Feridas";"Plena noite";"Crescente";"Ceu Claro";"Simples";"Reta";"Urbano";2;0;1;0;1;0;1;2
83506067;"08/10/16";"Sábado";"18:40:00";"SP";381;"64,2";"MAIRIPORA";"Defeito mecânico em veículo";"Saída de Pista";"Com Vítimas Feridas";"Anoitecer";"Crescente";"Nublado";"Dupla";"Reta";"Rural";1;0;1;0;0;0;1;1
83506068;"10/10/16";"Segunda";"13:50:00";"RS";158;"2,6";"SANTANA DO LIVRAMENTO";"Defeito mecânico em veículo";"Incêndio";"Sem Vítimas";"Pleno dia";"Decrescente";"Nublado";"Simples";"Curva";"Rural";1;0;0;0;1;0;0;1
83506069;"09/10/16";"Domingo";"05:40:00";"BA";415;"49";"ITABUNA";"Ingestão de álcool";"Colisão frontal";"Com Vítimas Feridas";"Amanhecer";"Decrescente";"Ceu Claro";"Simples";"Reta";"Urbano";2;0;0;1;1;0;1;2
83506070;"10/10/16";"Segunda";"15:10:00";"RS";285;"120,3";"VACARIA";"Desobediência à sinalização";"Colisão Transversal";"Sem Vítimas";"Pleno dia";"Decrescente";"Ceu Claro";"Simples";"Reta";"Urbano";2;0;0;0;2;0;0;2
83506071;"06/10/16";"Quinta";"22:00:00";"BA";116;"20";"VITORIA DA CONQUISTA";"Outras";"Capotamento";"Com Vítimas Feridas";"Plena noite";"Crescente";"Ceu Claro";"Simples";"Reta";"Urbano";2;0;2;0;0;0;2;1
83506072;"10/10/16";"Segunda";"13:10:00";"RS";377;"75,1";"CRUZ ALTA";"Ultrapassagem indevida";"Colisão frontal";"Com Vítimas Fatais";"Pleno dia";"Crescente";"Sol";"Simples";"Reta";"Rural";2;1;0;0;1;0;0;2
83506073;"10/10/16";"Segunda";"16:20:00";"MG";116;"587,3";"MANHUACU";"Falta de atenção";"Colisão traseira";"Com Vítimas Feridas";"Pleno dia";"Crescente";"Ceu Claro";"Simples";"Reta";"Urbano";2;0;1;0;1;0;1;2
83506074;"10/10/16";"Segunda";"17:30:00";"SC";280;"54";"GUARAMIRIM";"Falta de atenção";"Colisão Transversal";"Com Vítimas Feridas";"Pleno dia";"Crescente";"Nublado";"Simples";"Reta";"Rural";2;0;1;0;1;0;1;2
83506075;"10/10/16";"Segunda";"11:05:00";"GO";40;"5";"VALPARAISO DE GOIAS";"Falta de atenção";"Colisão lateral";"Com Vítimas Feridas";"Pleno dia";"Decrescente";"Sol";"Dupla";"Reta";"Urbano";2;0;1;0;1;0;1;2
83506076;"10/10/16";"Segunda";"13:50:00";"RS";287;"235,7";"SANTA MARIA";"Não guardar distância de segurança";"Colisão traseira";"Com Vítimas Feridas";"Pleno dia";"Decrescente";"Nublado";"Simples";"Reta";"Urbano";2;0;1;0;1;0;1;2
83506077;"10/10/16";"Segunda";"10:00:00";"AL";101;"200,3";"SAO SEBASTIAO";"Falta de atenção";"Colisão Transversal";"Com Vítimas Feridas";"Plena noite";"Decrescente";"Sol";"Dupla";"Reta";"Urbano";3;0;0;2;1;0;2;2
83506078;"10/10/16";"Segunda";"16:40:00";"SC";101;"412,9";"ARARANGUA";"Falta de atenção";"Colisão Transversal";"Com Vítimas Feridas";"Pleno dia";"Crescente";"Ceu Claro";"Simples";"Cruzamento";"Urbano";2;0;1;0;1;0;1;2
83506079;"10/10/16";"Segunda";"10:50:00";"SE";235;"2";"ARACAJU";"Velocidade incompatível";"Colisão Transversal";"Com Vítimas Feridas";"Pleno dia";"Crescente";"Ceu Claro";"Dupla";"Reta";"Urbano";2;0;1;0;1;0;1;2
83506080;"10/10/16";"Segunda";"12:20:00";"MG";459;"84";"CONGONHAL";"Falta de atenção";"Colisão Transversal";"Com Vítimas Feridas";"Pleno dia";"Decrescente";"Ceu Claro";"Simples";"Reta";"Urbano";4;0;3;0;1;0;3;3
83506081;"07/10/16";"Sexta";"07:30:00";"GO";452;"151";"BOM JESUS DE GOIAS";"Outras";"Queda de motocicleta / bicicleta / veículo";"Com Vítimas Feridas";"Amanhecer";"Crescente";"Ceu Claro";"Simples";"Reta";"Rural";2;0;2;0;0;0;2;1
83506082;"10/10/16";"Segunda";"13:00:00";"MS";60;"386";"SIDROLANDIA";"Defeito mecânico em veículo";"Saída de Pista";"Com Vítimas Feridas";"Pleno dia";"Crescente";"Ceu Claro";"Simples";"Reta";"Rural";2;0;2;0;0;0;2;1
83506083;"10/10/16";"Segunda";"13:40:00";"ES";101;"51,8";"SAO MATEUS";"Desobediência à sinalização";"Colisão frontal";"Com Vítimas Fatais";"Pleno dia";"Decrescente";"Nublado";"Simples";"Reta";"Rural";6;3;0;3;0;0;3;2
83506084;"10/10/16";"Segunda";"17:25:00";"PR";277;"694";"SAO MIGUEL DO IGUACU";"Defeito mecânico em veículo";"Saída de Pista";"Com Vítimas Feridas";"Pleno dia";"Crescente";"Ceu Claro";"Dupla";"Reta";"Rural";1;0;1;0;0;0;1;1
83506085;"10/10/16";"Segunda";"13:15:00";"RJ";101;"432";"MANGARATIBA";"Velocidade incompatível";"Colisão frontal";"Com Vítimas Feridas";"Pleno dia";"Decrescente";"Chuva";"Simples";"Curva";"Rural";3;0;3;0;0;0;3;2
83506086;"15/08/16";"Segunda";"15:20:00";"SP";116;"220";"GUARULHOS";"Não guardar distância de segurança";"Colisão traseira";"Com Vítimas Feridas";"Pleno dia";"Crescente";"Ceu Claro";"Múltipla";"Reta";"Urbano";2;0;1;0;1;0;1;2
83506088;"07/10/16";"Sexta";"04:40:00";"SP";116;"216";"GUARULHOS";"Dormindo";"Colisão traseira";"Com Vítimas Feridas";"Plena noite";"Decrescente";"Nublado";"Múltipla";"Reta";"Urbano";3;0;1;0;2;0;1;2
83506089;"06/10/16";"Quinta";"09:40:00";"BA";101;"249";"CONCEICAO DO ALMEIDA";"Outras";"Saída de Pista";"Com Vítimas Feridas";"Pleno dia";"Decrescente";"Ceu Claro";"Simples";"Curva";"Urbano";5;0;5;0;0;0;5;1
83506090;"10/10/16";"Segunda";"16:20:00";"ES";101;"405,4";"ITAPEMIRIM";"Outras";"Colisão frontal";"Com Vítimas Feridas";"Pleno dia";"Crescente";"Nublado";"Simples";"Reta";"Rural";2;0;1;0;1;0;1;2
83506091;"10/10/16";"Segunda";"15:00:00";"MG";262;"901,1";"CAMPO FLORIDO";"Outras";"Colisão com objeto fixo";"Com Vítimas Feridas";"Pleno dia";"Crescente";"Ceu Claro";"Simples";"Reta";"Rural";1;0;1;0;0;0;1;1
83506092;"10/10/16";"Segunda";"14:00:00";"RS";470;"340";"TRIUNFO";"Outras";"Saída de Pista";"Com Vítimas Feridas";"Pleno dia";"Crescente";"Ceu Claro";"Simples";"Reta";"Urbano";1;0;0;1;0;0;1;1
83506093;"10/10/16";"Segunda";"17:30:00";"CE";222;"10,3";"CAUCAIA";"Ingestão de álcool";"Atropelamento de pessoa";"Com Vítimas Feridas";"Anoitecer";"Decrescente";"Ceu Claro";"Simples";"Reta";"Urbano";2;0;0;1;0;1;1;1
83506096;"10/10/16";"Segunda";"13:15:00";"PR";369;"196,2";"APUCARANA";"Defeito mecânico em veículo";"Saída de Pista";"Com Vítimas Feridas";"Pleno dia";"Crescente";"Sol";"Dupla";"Reta";"Rural";2;0;0;1;1;0;1;1
83506097;"12/08/16";"Sexta";"05:40:00";"MG";267;"153";"LIMA DUARTE";"Velocidade incompatível";"Saída de Pista";"Com Vítimas Feridas";"Amanhecer";"Decrescente";"Ceu Claro";"Simples";"Reta";"Rural";1;0;0;1;0;0;1;1
83506098;"10/10/16";"Segunda";"15:40:00";"GO";153;"677,9";"PANAMA";"Falta de atenção";"Capotamento";"Com Vítimas Feridas";"Pleno dia";"Decrescente";"Ceu Claro";"Dupla";"Reta";"Rural";2;0;1;0;1;0;1;1
83506099;"10/10/16";"Segunda";"13:00:00";"RS";158;"333,2";"SANTA MARIA";"Desobediência à sinalização";"Colisão traseira";"Com Vítimas Feridas";"Pleno dia";"Decrescente";"Sol";"Simples";"Curva";"Urbano";2;0;1;0;1;0;1;2
83506100;"10/10/16";"Segunda";"06:40:00";"ES";101;"278,5";"SERRA";"Outras";"Tombamento";"Ignorado";"Amanhecer";"Crescente";"Ceu Claro";"Dupla";"Reta";"Rural";1;0;0;0;0;1;0;1
83506101;"10/10/16";"Segunda";"17:00:00";"MG";146;"514";"POCOS DE CALDAS";"Defeito mecânico em veículo";"Incêndio";"Sem Vítimas";"Pleno dia";"Crescente";"Ceu Claro";"Simples";"Curva";"Urbano";2;0;0;0;2;0;0;1
83506102;"10/10/16";"Segunda";"18:10:00";"BA";101;"264";"SANTO ANTONIO DE JESUS";"Outras";"Colisão frontal";"Com Vítimas Feridas";"Plena noite";"Crescente";"Ceu Claro";"Simples";"Reta";"Urbano";2;0;1;0;1;0;1;2
83506103;"06/10/16";"Quinta";"20:55:00";"PE";101;"51";"ABREU E LIMA";"Desobediência à sinalização";"Colisão Transversal";"Com Vítimas Feridas";"Plena noite";"Decrescente";"Ceu Claro";"Múltipla";"Reta";"Urbano";3;0;1;1;1;0;2;2
83506104;"06/10/16";"Quinta";"21:55:00";"SP";101;"51,8";"UBATUBA";"Outras";"Saída de Pista";"Com Vítimas Feridas";"Plena noite";"Decrescente";"Chuva";"Simples";"Curva";"Urbano";3;0;2;0;0;1;2;2
83506105;"10/10/16";"Segunda";"17:50:00";"RS";116;"231";"IVOTI";"Desobediência à sinalização";"Colisão Transversal";"Sem Vítimas";"Pleno dia";"Decrescente";"Ceu Claro";"Simples";"Cruzamento";"Urbano";4;0;0;0;4;0;0;2
83506107;"10/10/16";"Segunda";"09:50:00";"MG";381;"656,5";"SANTO ANTONIO DO AMPARO";"Velocidade incompatível";"Colisão com objeto fixo";"Sem Vítimas";"Pleno dia";"Crescente";"Chuva";"Dupla";"Curva";"Rural";2;0;0;0;2;0;0;1
83506108;"10/10/16";"Segunda";"18:20:00";"RS";116;"144";"CAXIAS DO SUL";"Falta de atenção";"Colisão traseira";"Com Vítimas Feridas";"Pleno dia";"Decrescente";"Nublado";"Dupla";"Curva";"Urbano";2;0;1;0;1;0;1;2
83506109;"10/10/16";"Segunda";"12:30:00";"MT";70;"217";"GENERAL CARNEIRO";"Velocidade incompatível";"Tombamento";"Com Vítimas Feridas";"Pleno dia";"Crescente";"Ceu Claro";"Simples";"Curva";"Rural";1;0;1;0;0;0;1;1
83506110;"10/10/16";"Segunda";"09:45:00";"PE";232;"9,1";"RECIFE";"Não guardar distância de segurança";"Colisão traseira";"Sem Vítimas";"Pleno dia";"Crescente";"Sol";"Dupla";"Reta";"Urbano";2;0;0;0;2;0;0;2
83506112;"10/10/16";"Segunda";"14:15:00";"MG";381;"717";"CARMO DA CACHOEIRA";"Falta de atenção";"Atropelamento de pessoa";"Com Vítimas Feridas";"Pleno dia";"Decrescente";"Ceu Claro";"Dupla";"Curva";"Rural";2;0;0;1;1;0;1;1
83506113;"10/10/16";"Segunda";"10:50:00";"MG";40;"523,9";"CONTAGEM";"Não guardar distância de segurança";"Colisão lateral";"Sem Vítimas";"Pleno dia";"Crescente";"Nublado";"Dupla";"Reta";"Urbano";2;0;0;0;2;0;0;2
83506114;"10/10/16";"Segunda";"15:00:00";"PR";277;"175";"PALMEIRA";"Velocidade incompatível";"Tombamento";"Com Vítimas Feridas";"Pleno dia";"Crescente";"Sol";"Simples";"Reta";"Rural";2;0;1;0;1;0;1;1
83506115;"10/10/16";"Segunda";"18:35:00";"RN";304;"43,8";"MOSSORO";"Defeito na via";"Queda de motocicleta / bicicleta / veículo";"Com Vítimas Feridas";"Plena noite";"Crescente";"Ceu Claro";"Dupla";"Reta";"Rural";1;0;1;0;0;0;1;1
83506116;"10/10/16";"Segunda";"10:30:00";"PE";101;"136,5";"ESCADA";"Não guardar distância de segurança";"Colisão lateral";"Com Vítimas Feridas";"Pleno dia";"Decrescente";"Ceu Claro";"Dupla";"Reta";"Urbano";2;0;1;0;1;0;1;2
83506117;"10/10/16";"Segunda";"14:20:00";"RO";364;"344,5";"JI-PARANA";"Falta de atenção";"Colisão traseira";"Com Vítimas Feridas";"Pleno dia";"Decrescente";"Nublado";"Simples";"Reta";"Urbano";2;0;1;0;1;0;1;2
83506118;"10/10/16";"Segunda";"13:50:00";"MT";163;"680";"LUCAS DO RIO VERDE";"Outras";"Saída de Pista";"Com Vítimas Feridas";"Pleno dia";"Decrescente";"Nublado";"Simples";"Reta";"Rural";4;0;1;0;3;0;1;1
83506119;"10/10/16";"Segunda";"11:30:00";"CE";222;"2,7";"SOBRAL";"Defeito mecânico em veículo";"Colisão traseira";"Com Vítimas Feridas";"Pleno dia";"Decrescente";"Ceu Claro";"Dupla";"Reta";"Urbano";2;0;1;0;1;0;1;2
83506120;"10/10/16";"Segunda";"13:30:00";"PE";408;"102";"JABOATAO DOS GUARARAPES";"Outras";"Colisão traseira";"Sem Vítimas";"Pleno dia";"Crescente";"Ceu Claro";"Dupla";"Reta";"Urbano";3;0;0;0;2;1;0;2
83506121;"10/10/16";"Segunda";"14:20:00";"MG";40;"224";"JOAO PINHEIRO";"Velocidade incompatível";"Tombamento";"Com Vítimas Feridas";"Pleno dia";"Crescente";"Sol";"Simples";"Curva";"Urbano";1;0;1;0;0;0;1;1
83506122;"05/10/16";"Quarta";"00:30:00";"SC";470;"188,9";"POUSO REDONDO";"Velocidade incompatível";"Tombamento";"Com Vítimas Fatais";"Plena noite";"Crescente";"Chuva";"Simples";"Curva";"Rural";2;1;1;0;0;0;1;2
83506123;"10/10/16";"Segunda";"00:30:00";"SC";470;"184,5";"POUSO REDONDO";"Falta de atenção";"Tombamento";"Sem Vítimas";"Plena noite";"Decrescente";"Nublado";"Simples";"Curva";"Rural";1;0;0;0;1;0;0;1
83506125;"10/10/16";"Segunda";"15:15:00";"RS";392;"351,5";"SANTA MARIA";"Falta de atenção";"Colisão Transversal";"Com Vítimas Feridas";"Pleno dia";"Decrescente";"Sol";"Simples";"Reta";"Urbano";3;0;1;0;2;0;1;3
83506126;"10/10/16";"Segunda";"15:40:00";"PE";407;"129,8";"PETROLINA";"Falta de atenção";"Colisão com objeto fixo";"Com Vítimas Feridas";"Pleno dia";"Decrescente";"Ceu Claro";"Simples";"Curva";"Urbano";1;0;0;1;0;0;1;1
83506127;"10/10/16";"Segunda";"19:10:00";"CE";222;"4,2";"FORTALEZA";"Não guardar distância de segurança";"Colisão traseira";"Com Vítimas Feridas";"Plena noite";"Crescente";"Ceu Claro";"Múltipla";"Reta";"Urbano";2;0;1;0;1;0;1;2
83506128;"10/10/16";"Segunda";"08:20:00";"RS";290;"83";"CACHOEIRINHA";"Falta de atenção";"Colisão traseira";"Com Vítimas Feridas";"Pleno dia";"Crescente";"Ceu Claro";"Dupla";"Reta";"Rural";4;0;2;0;2;0;2;2
83506129;"10/10/16";"Segunda";"16:30:00";"RO";364;"146,3";"PIMENTA BUENO";"Defeito mecânico em veículo";"Tombamento";"Sem Vítimas";"Pleno dia";"Decrescente";"Nublado";"Simples";"Reta";"Rural";1;0;0;0;1;0;0;1
83506130;"10/10/16";"Segunda";"17:45:00";"RJ";393;"177";"PARAIBA DO SUL";"Outras";"Colisão frontal";"Com Vítimas Feridas";"Pleno dia";"Crescente";"Nublado";"Simples";"Reta";"Urbano";2;0;0;1;1;0;1;2
83506131;"07/10/16";"Sexta";"04:50:00";"SC";470;"69,9";"INDAIAL";"Desobediência à sinalização";"Colisão Transversal";"Com Vítimas Feridas";"Amanhecer";"Crescente";"Chuva";"Simples";"Reta";"Urbano";2;0;2;0;0;0;2;2
83506132;"10/10/16";"Segunda";"10:00:00";"RJ";101;"447";"MANGARATIBA";"Outras";"Capotamento";"Sem Vítimas";"Pleno dia";"Crescente";"Chuva";"Simples";"Curva";"Urbano";1;0;0;0;1;0;0;1
83506133;"07/10/16";"Sexta";"05:20:00";"SP";116;"282";"EMBU";"Outras";"Atropelamento de pessoa";"Com Vítimas Fatais";"Plena noite";"Decrescente";"Nublado";"Dupla";"Reta";"Urbano";2;1;0;0;0;1;0;1
83506134;"10/10/16";"Segunda";"17:30:00";"MG";267;"31,8";"ARGIRITA";"Velocidade incompatível";"Saída de Pista";"Sem Vítimas";"Pleno dia";"Decrescente";"Chuva";"Simples";"Curva";"Rural";1;0;0;0;1;0;0;1
83506135;"10/10/16";"Segunda";"14:45:00";"RO";364;"762";"PORTO VELHO";"Falta de atenção";"Saída de Pista";"Com Vítimas Feridas";"Pleno dia";"Decrescente";"Ceu Claro";"Simples";"Reta";"Rural";3;0;0;1;0;2;1;1
83506136;"10/10/16";"Segunda";"18:30:00";"PI";404;"14";"PIRIPIRI";"Outras";"Colisão com bicicleta";"Com Vítimas Fatais";"Anoitecer";"Crescente";"Sol";"Simples";"Reta";"Rural";2;1;0;0;0;1;0;2
83506137;"06/10/16";"Quinta";"08:00:00";"MG";50;"36";"ARAGUARI";"Falta de atenção";"Capotamento";"Com Vítimas Feridas";"Pleno dia";"Decrescente";"Sol";"Dupla";"Reta";"Urbano";2;0;1;0;1;0;1;1