"id";"data_inversa";"dia_semana";"horario";"uf";"br";"km";"municipio";"causa_acidente";"tipo_acidente";"classificacao_acidente";"fase_dia";"sentido_via";"condicao_metereologica";"tipo_pista";"tracado_via";"uso_solo";"pessoas";"mortos";"feridos_leves";"feridos_graves";"ilesos";"ignorados";"feridos";"veiculos"
83506138;"10/10/16";"Segunda";"18:30:00";"SC";470;"109";"APIUNA";"Ultrapassagem indevida";"Capotamento";"Sem Vítimas";"Anoitecer";"Crescente";"Ceu Claro";"Simples";"Curva";"Urbano";2;0;0;0;1;1;0;2
83506139;"07/10/16";"Sexta";"03:15:00";"ES";101;"414,2";"ITAPEMIRIM";"Velocidade incompatível";"Tombamento";"Com Vítimas Feridas";"Plena noite";"Crescente";"Nublado";"Simples";"Cruzamento";"Urbano";2;0;0;1;1;0;1;1
83506140;"10/10/16";"Segunda";"16:30:00";"DF";251;"23";"BRASILIA";"Defeito mecânico em veículo";"Colisão traseira";"Com Vítimas Feridas";"Pleno dia";"Crescente";"Ceu Claro";"Simples";"Reta";"Rural";3;0;1;0;2;0;1;2
83506141;"10/10/16";"Segunda";"16:30:00";"RS";116;"262";"CANOAS";"Falta de atenção";"Colisão lateral";"Com Vítimas Feridas";"Pleno dia";"Crescente";"Ceu Claro";"Dupla";"Reta";"Urbano";2;0;0;1;1;0;1;2
83506142;"10/10/16";"Segunda";"12:20:00";"AL";101;"121";"PILAR";"Outras";"Saída de Pista";"Sem Vítimas";"Pleno dia";"Crescente";"Ceu Claro";"Simples";"Reta";"Rural";1;0;0;0;1;0;0;1
83506143;"10/10/16";"Segunda";"09:40:00";"RS";116;"217";"MORRO REUTER";"Falta de atenção";"Colisão traseira";"Com Vítimas Feridas";"Pleno dia";"Decrescente";"Sol";"Simples";"Cruzamento";"Urbano";3;0;1;0;2;0;1;2
83506144;"10/10/16";"Segunda";"18:15:00";"SC";282;"17,7";"PALHOCA";"Outras";"Colisão com bicicleta";"Com Vítimas Feridas";"Anoitecer";"Crescente";"Ceu Claro";"Simples";"Reta";"Urbano";2;0;0;1;1;0;1;2
83506145;"10/10/16";"Segunda";"19:50:00";"MS";163;"353";"NOVA ALVORADA DO SUL";"Falta de atenção";"Saída de Pista";"Sem Vítimas";"Plena noite";"Decrescente";"Ceu Claro";"Simples";"Reta";"Rural";1;0;0;0;1;0;0;1
83506146;"10/10/16";"Segunda";"17:45:00";"SP";116;"476,8";"JACUPIRANGA";"Falta de atenção";"Colisão Transversal";"Com Vítimas Feridas";"Anoitecer";"Crescente";"Nublado";"Dupla";"Reta";"Rural";3;0;0;1;2;0;1;2
83506147;"29/09/16";"Quinta";"15:30:00";"RJ";101;"316";"SAO GONCALO";"Velocidade incompatível";"Colisão lateral";"Sem Vítimas";"Pleno dia";"Crescente";"Ceu Claro";"Dupla";"Reta";"Urbano";2;0;0;0;2;0;0;2
83506148;"08/10/16";"Sábado";"03:40:00";"SP";381;"87,1";"GUARULHOS";"Ingestão de álcool";"Atropelamento de pessoa";"Com Vítimas Feridas";"Plena noite";"Decrescente";"Ceu Claro";"Múltipla";"Reta";"Urbano";2;0;0;1;1;0;1;1
83506149;"06/10/16";"Quinta";"20:30:00";"MG";116;"276,4";"TEOFILO OTONI";"Ingestão de álcool";"Atropelamento de pessoa";"Com Vítimas Feridas";"Plena noite";"Decrescente";"Nublado";"Múltipla";"Reta";"Urbano";2;0;2;0;0;0;2;1
83506150;"10/10/16";"Segunda";"17:30:00";"RJ";116;"276";"BARRA MANSA";"Outras";"Saída de Pista";"Com Vítimas Feridas";"Anoitecer";"Crescente";"Nublado";"Dupla";"Curva";"Rural";1;0;1;0;0;0;1;1
83506151;"07/10/16";"Sexta";"20:30:00";"MG";365;"444";"GUIMARANIA";"Falta de atenção";"Colisão traseira";"Com Vítimas Feridas";"Plena noite";"Decrescente";"Ceu Claro";"Simples";"Curva";"Rural";3;0;1;0;2;0;1;2
83506152;"07/10/16";"Sexta";"07:00:00";"RJ";101;"293";"ITABORAI";"Falta de atenção";"Colisão Transversal";"Com Vítimas Feridas";"Pleno dia";"Crescente";"Ceu Claro";"Dupla";"Reta";"Urbano";2;0;0;1;1;0;1;2
83506153;"10/10/16";"Segunda";"11:50:00";"SE";101;"185";"UMBAUBA";"Ultrapassagem indevida";"Saída de Pista";"Com Vítimas Feridas";"Pleno dia";"Decrescente";"Ceu Claro";"Simples";"Reta";"Rural";1;0;0;1;0;0;1;1
83506154;"03/10/16";"Segunda";"18:48:00";"RO";364;"715";"PORTO VELHO";"Falta de atenção";"Colisão lateral";"Com Vítimas Feridas";"Plena noite";"Decrescente";"Ceu Claro";"Múltipla";"Cruzamento";"Urbano";3;0;1;0;2;0;1;2
83506155;"24/09/16";"Sábado";"16:30:00";"MG";262;"508";"LUZ";"Outras";"Colisão com objeto móvel";"Com Vítimas Feridas";"Pleno dia";"Decrescente";"Chuva";"Simples";"Curva";"Rural";1;0;1;0;0;0;1;1
83506156;"10/10/16";"Segunda";"18:15:00";"SC";101;"415";"ARARANGUA";"Falta de atenção";"Colisão Transversal";"Com Vítimas Feridas";"Plena noite";"Crescente";"Ceu Claro";"Simples";"Cruzamento";"Rural";2;0;1;0;1;0;1;2
83506157;"10/10/16";"Segunda";"17:10:00";"ES";101;"298,9";"VIANA";"Ingestão de álcool";"Colisão Transversal";"Sem Vítimas";"Pleno dia";"Crescente";"Chuva";"Múltipla";"Curva";"Urbano";2;0;0;0;2;0;0;2
83506158;"10/10/16";"Segunda";"21:00:00";"MG";116;"414";"GOVERNADOR VALADARES";"Falta de atenção";"Colisão Transversal";"Com Vítimas Feridas";"Plena noite";"Decrescente";"Nublado";"Simples";"Cruzamento";"Urbano";2;0;1;0;1;0;1;2
83506159;"10/10/16";"Segunda";"17:40:00";"PR";376;"317,3";"ORTIGUEIRA";"Falta de atenção";"Tombamento";"Sem Vítimas";"Pleno dia";"Crescente";"Sol";"Simples";"Curva";"Rural";1;0;0;0;1;0;0;1
83506160;"10/10/16";"Segunda";"18:50:00";"MG";50;"175,2";"UBERABA";"Falta de atenção";"Atropelamento de pessoa";"Com Vítimas Feridas";"Plena noite";"Crescente";"Ceu Claro";"Simples";"Cruzamento";"Urbano";2;0;0;1;1;0;1;1
83506161;"10/10/16";"Segunda";"18:30:00";"RS";392;"2";"RIO GRANDE";"Outras";"Tombamento";"Sem Vítimas";"Anoitecer";"Crescente";"Ceu Claro";"Simples";"Curva";"Urbano";1;0;0;0;1;0;0;1
83506162;"10/10/16";"Segunda";"21:15:00";"MG";262;"30";"REDUTO";"Velocidade incompatível";"Tombamento";"Ignorado";"Plena noite";"Decrescente";"Ceu Claro";"Simples";"Curva";"Rural";1;0;0;0;0;1;0;1
83506164;"10/10/16";"Segunda";"22:00:00";"PR";376;"169";"MARINGA";"Falta de atenção";"Queda de motocicleta / bicicleta / veículo";"Com Vítimas Feridas";"Plena noite";"Crescente";"Ceu Claro";"Dupla";"Reta";"Rural";1;0;1;0;0;0;1;1
83506165;"10/10/16";"Segunda";"21:35:00";"PR";376;"169,1";"MARINGA";"Outras";"Capotamento";"Ignorado";"Plena noite";"Decrescente";"Ceu Claro";"Dupla";"Reta";"Rural";1;0;0;0;0;1;0;1
83506166;"10/10/16";"Segunda";"14:36:00";"MS";163;"475,8";"CAMPO GRANDE";"Desobediência à sinalização";"Colisão lateral";"Com Vítimas Feridas";"Pleno dia";"Decrescente";"Ceu Claro";"Simples";"Reta";"Urbano";2;0;0;1;1;0;1;2
83506168;"10/10/16";"Segunda";"19:00:00";"RN";101;"104,4";"PARNAMIRIM";"Falta de atenção";"Colisão Transversal";"Com Vítimas Feridas";"Plena noite";"Crescente";"Nublado";"Dupla";"Curva";"Urbano";3;0;2;0;0;1;2;2
83506169;"10/10/16";"Segunda";"20:20:00";"SC";101;"119,6";"ITAJAI";"Ingestão de álcool";"Colisão com objeto fixo";"Sem Vítimas";"Plena noite";"Decrescente";"Nublado";"Dupla";"Reta";"Urbano";1;0;0;0;1;0;0;1
83506170;"11/10/16";"Terça";"00:20:00";"RJ";101;"331";"RIO DE JANEIRO";"Outras";"Colisão traseira";"Com Vítimas Feridas";"Plena noite";"Crescente";"Ceu Claro";"Dupla";"Reta";"Urbano";2;0;1;0;1;0;1;2
83506171;"10/10/16";"Segunda";"21:15:00";"PR";158;"207,2";"CAMPO MOURAO";"Falta de atenção";"Colisão traseira";"Com Vítimas Fatais";"Plena noite";"Crescente";"Ceu Claro";"Dupla";"Reta";"Rural";5;3;0;1;1;0;1;2
83506172;"10/10/16";"Segunda";"22:00:00";"RR";174;"506";"BOA VISTA";"Falta de atenção";"Capotamento";"Com Vítimas Feridas";"Plena noite";"Crescente";"Ceu Claro";"Dupla";"Reta";"Urbano";1;0;1;0;0;0;1;1
83506173;"10/10/16";"Segunda";"23:00:00";"MG";40;"141,8";"JOAO PINHEIRO";"Não guardar distância de segurança";"Colisão traseira";"Com Vítimas Feridas";"Plena noite";"Crescente";"Ceu Claro";"Simples";"Reta";"Urbano";2;0;1;0;1;0;1;2
83506174;"10/10/16";"Segunda";"23:50:00";"SP";116;"74,2";"APARECIDA";"Outras";"Atropelamento de pessoa";"Com Vítimas Feridas";"Plena noite";"Crescente";"Nublado";"Dupla";"Reta";"Rural";2;0;0;1;0;1;1;1
83506175;"10/10/16";"Segunda";"20:11:00";"GO";60;"365";"RIO VERDE";"Ingestão de álcool";"Colisão frontal";"Com Vítimas Feridas";"Plena noite";"Crescente";"Ceu Claro";"Dupla";"Reta";"Rural";3;0;1;0;2;0;1;2
83506176;"01/10/16";"Sábado";"18:15:00";"RN";304;"241,6";"RIACHUELO";"Outras";"Saída de Pista";"Com Vítimas Fatais";"Plena noite";"Decrescente";"Ceu Claro";"Simples";"Reta";"Rural";1;1;0;0;0;0;0;1
83506178;"10/10/16";"Segunda";"10:00:00";"MG";116;"358,9";"JAMPRUCA";"Animais na Pista";"Atropelamento de animal";"Com Vítimas Feridas";"Pleno dia";"Crescente";"Ceu Claro";"Simples";"Reta";"Rural";4;0;1;0;3;0;1;1
83506179;"10/10/16";"Segunda";"17:30:00";"PB";230;"23";"JOAO PESSOA";"Não guardar distância de segurança";"Colisão lateral";"Com Vítimas Feridas";"Anoitecer";"Crescente";"Ceu Claro";"Dupla";"Reta";"Urbano";3;0;0;2;1;0;2;2
83506180;"10/10/16";"Segunda";"18:58:00";"TO";153;"495";"PARAISO DO TOCANTINS";"Falta de atenção";"Colisão Transversal";"Com Vítimas Feridas";"Plena noite";"Decrescente";"Nublado";"Simples";"Cruzamento";"Urbano";3;0;0;3;0;0;3;2
83506181;"10/10/16";"Segunda";"21:30:00";"SE";235;"16";"LARANJEIRAS";"Outras";"Capotamento";"Com Vítimas Feridas";"Plena noite";"Decrescente";"Ceu Claro";"Simples";"Curva";"Rural";1;0;1;0;0;0;1;1
83506182;"10/10/16";"Segunda";"11:30:00";"ES";101;"285";"CARIACICA";"Não guardar distância de segurança";"Colisão traseira";"Com Vítimas Feridas";"Pleno dia";"Decrescente";"Chuva";"Dupla";"Reta";"Rural";3;0;1;0;2;0;1;3
83506183;"11/10/16";"Terça";"02:15:00";"MG";381;"595";"CARMOPOLIS DE MINAS";"Falta de atenção";"Colisão frontal";"Com Vítimas Feridas";"Plena noite";"Decrescente";"Ceu Claro";"Dupla";"Reta";"Rural";3;0;0;3;0;0;3;2
83506184;"06/10/16";"Quinta";"17:45:00";"AC";364;"124";"RIO BRANCO";"Falta de atenção";"Colisão traseira";"Sem Vítimas";"Plena noite";"Decrescente";"Ceu Claro";"Dupla";"Reta";"Urbano";6;0;0;0;6;0;0;2
83506185;"10/10/16";"Segunda";"10:40:00";"AL";101;"121";"PILAR";"Outras";"Colisão Transversal";"Com Vítimas Feridas";"Pleno dia";"Decrescente";"Ceu Claro";"Simples";"Curva";"Rural";3;0;1;0;2;0;1;3
83506186;"10/10/16";"Segunda";"22:10:00";"SC";470;"70,9";"INDAIAL";"Falta de atenção";"Colisão lateral";"Com Vítimas Feridas";"Plena noite";"Crescente";"Ceu Claro";"Simples";"Cruzamento";"Urbano";3;0;2;0;1;0;2;2
83506187;"11/10/16";"Terça";"00:05:00";"PR";376;"673";"GUARATUBA";"Velocidade incompatível";"Colisão traseira";"Sem Vítimas";"Plena noite";"Crescente";"Ceu Claro";"Dupla";"Curva";"Rural";2;0;0;0;2;0;0;2
83506188;"10/10/16";"Segunda";"18:00:00";"PI";343;"3";"TERESINA";"Falta de atenção";"Atropelamento de pessoa";"Com Vítimas Feridas";"Anoitecer";"Decrescente";"Ceu Claro";"Dupla";"Reta";"Urbano";2;0;1;0;0;1;1;1
83506189;"10/10/16";"Segunda";"14:30:00";"MT";70;"748,9";"CACERES";"Defeito mecânico em veículo";"Incêndio";"Ignorado";"Pleno dia";"Crescente";"Ceu Claro";"Simples";"Reta";"Rural";1;0;0;0;0;1;0;1
83506190;"11/10/16";"Terça";"03:50:00";"MG";381;"932,5";"EXTREMA";"Animais na Pista";"Atropelamento de animal";"Sem Vítimas";"Plena noite";"Crescente";"Ceu Claro";"Dupla";"Curva";"Rural";1;0;0;0;1;0;0;1
83506191;"10/10/16";"Segunda";"23:00:00";"MG";50;"33";"ARAGUARI";"Animais na Pista";"Atropelamento de animal";"Sem Vítimas";"Plena noite";"Decrescente";"Ceu Claro";"Dupla";"Reta";"Rural";1;0;0;0;1;0;0;1
83506192;"06/10/16";"Quinta";"16:00:00";"SP";116;"340";"MIRACATU";"Falta de atenção";"Colisão com objeto fixo";"Sem Vítimas";"Pleno dia";"Crescente";"Chuva";"Dupla";"Curva";"Rural";1;0;0;0;1;0;0;1
83506194;"10/10/16";"Segunda";"11:47:00";"MG";365;"629";"UBERLANDIA";"Falta de atenção";"Atropelamento de pessoa";"Com Vítimas Feridas";"Pleno dia";"Crescente";"Ceu Claro";"Dupla";"Reta";"Urbano";2;0;0;1;1;0;1;1
83506195;"10/10/16";"Segunda";"19:35:00";"ES";101;"382,8";"RIO NOVO DO SUL";"Falta de atenção";"Colisão traseira";"Com Vítimas Feridas";"Plena noite";"Crescente";"Chuva";"Simples";"Reta";"Rural";2;0;0;1;0;1;1;2
83506196;"10/10/16";"Segunda";"22:30:00";"RS";116;"203,2";"PICADA CAFE";"Velocidade incompatível";"Tombamento";"Com Vítimas Feridas";"Plena noite";"Crescente";"Ceu Claro";"Simples";"Curva";"Rural";2;0;2;0;0;0;2;1
83506197;"10/10/16";"Segunda";"21:30:00";"MG";135;"410";"BOCAIUVA";"Falta de atenção";"Atropelamento de pessoa";"Com Vítimas Feridas";"Plena noite";"Crescente";"Nublado";"Múltipla";"Reta";"Urbano";2;0;0;1;0;1;1;1
83506198;"11/10/16";"Terça";"05:30:00";"AL";101;"218,2";"PORTO REAL DO COLEGIO";"Velocidade incompatível";"Capotamento";"Sem Vítimas";"Pleno dia";"Crescente";"Chuva";"Dupla";"Curva";"Rural";1;0;0;0;1;0;0;1
83506199;"07/10/16";"Sexta";"15:00:00";"PE";232;"8";"RECIFE";"Não guardar distância de segurança";"Colisão traseira";"Sem Vítimas";"Pleno dia";"Decrescente";"Sol";"Dupla";"Reta";"Urbano";3;0;0;0;2;1;0;3
83506200;"10/10/16";"Segunda";"18:15:00";"MG";40;"483";"SETE LAGOAS";"Falta de atenção";"Colisão traseira";"Com Vítimas Feridas";"Anoitecer";"Decrescente";"Ceu Claro";"Dupla";"Curva";"Rural";5;0;2;0;3;0;2;4
83506201;"11/10/16";"Terça";"05:40:00";"MG";381;"758";"TRES CORACOES";"Outras";"Colisão com objeto fixo";"Sem Vítimas";"Amanhecer";"Crescente";"Ceu Claro";"Dupla";"Reta";"Rural";1;0;0;0;1;0;0;1
83506202;"03/10/16";"Segunda";"17:20:00";"PI";343;"93,6";"CARAUBAS DO PIAUI";"Outras";"Colisão Transversal";"Com Vítimas Feridas";"Pleno dia";"Decrescente";"Sol";"Simples";"Reta";"Rural";4;0;3;0;0;1;3;2
83506203;"11/10/16";"Terça";"02:45:00";"MS";163;"551";"BANDEIRANTES";"Falta de atenção";"Tombamento";"Com Vítimas Feridas";"Plena noite";"Crescente";"Ceu Claro";"Simples";"Reta";"Rural";1;0;1;0;0;0;1;1
83506204;"10/10/16";"Segunda";"17:00:00";"ES";101;"174,5";"ARACRUZ";"Falta de atenção";"Colisão Transversal";"Com Vítimas Feridas";"Pleno dia";"Crescente";"Nublado";"Simples";"Cruzamento";"Urbano";2;0;1;0;1;0;1;2
83506205;"10/10/16";"Segunda";"02:00:00";"MA";10;"339,7";"ACAILANDIA";"Dormindo";"Saída de Pista";"Com Vítimas Feridas";"Plena noite";"Crescente";"Ceu Claro";"Simples";"Reta";"Rural";2;0;1;0;0;1;1;2
83506206;"07/10/16";"Sexta";"17:00:00";"PB";230;"31,2";"BAYEUX";"Velocidade incompatível";"Colisão traseira";"Sem Vítimas";"Anoitecer";"Crescente";"Ceu Claro";"Dupla";"Reta";"Urbano";3;0;0;0;3;0;0;3
83506207;"01/10/16";"Sábado";"16:00:00";"GO";70;"12";"AGUAS LINDAS DE GOIAS";"Outras";"Queda de motocicleta / bicicleta / veículo";"Com Vítimas Feridas";"Pleno dia";"Crescente";"Ceu Claro";"Dupla";"Reta";"Urbano";1;0;1;0;0;0;1;1
83506208;"06/10/16";"Quinta";"14:30:00";"RJ";116;"332";"RESENDE";"Outras";"Colisão traseira";"Com Vítimas Feridas";"Pleno dia";"Crescente";"Ceu Claro";"Dupla";"Reta";"Urbano";2;0;1;0;1;0;1;2
83506209;"06/10/16";"Quinta";"23:00:00";"DF";60;"8,1";"BRASILIA";"Velocidade incompatível";"Atropelamento de pessoa";"Com Vítimas Fatais";"Plena noite";"Decrescente";"Ceu Claro";"Dupla";"Reta";"Urbano";2;1;0;0;0;1;0;1
83506210;"10/10/16";"Segunda";"21:30:00";"MG";116;"521,6";"CARATINGA";"Velocidade incompatível";"Colisão traseira";"Com Vítimas Feridas";"Plena noite";"Crescente";"Nublado";"Dupla";"Reta";"Rural";2;0;1;0;1;0;1;2
83506211;"08/10/16";"Sábado";"02:00:00";"CE";20;"419,1";"MARACANAU";"Outras";"Saída de Pista";"Com Vítimas Feridas";"Plena noite";"Crescente";"Ceu Claro";"Simples";"Reta";"Urbano";1;0;0;1;0;0;1;1
83506212;"10/10/16";"Segunda";"21:00:00";"RJ";116;"204";"JAPERI";"Outras";"Colisão com objeto fixo";"Com Vítimas Feridas";"Plena noite";"Decrescente";"Nublado";"Simples";"Reta";"Urbano";6;0;3;0;3;0;3;2
83506213;"10/10/16";"Segunda";"13:48:00";"MT";163;"614";"NOVA MUTUM";"Falta de atenção";"Colisão traseira";"Sem Vítimas";"Pleno dia";"Decrescente";"Sol";"Simples";"Reta";"Rural";3;0;0;0;3;0;0;2
83506214;"11/10/16";"Terça";"05:00:00";"RJ";40;"114";"DUQUE DE CAXIAS";"Defeito mecânico em veículo";"Queda de motocicleta / bicicleta / veículo";"Com Vítimas Feridas";"Amanhecer";"Decrescente";"Nublado";"Dupla";"Reta";"Urbano";2;0;1;1;0;0;2;1
83506215;"11/10/16";"Terça";"06:50:00";"RS";158;"243";"JULIO DE CASTILHOS";"Outras";"Tombamento";"Com Vítimas Feridas";"Pleno dia";"Crescente";"Nublado";"Simples";"Reta";"Rural";1;0;1;0;0;0;1;1
83506216;"07/10/16";"Sexta";"20:30:00";"RN";427;"100,9";"CAICO";"Ultrapassagem indevida";"Colisão lateral";"Com Vítimas Feridas";"Plena noite";"Crescente";"Ceu Claro";"Simples";"Reta";"Urbano";2;0;0;1;1;0;1;2
83506217;"07/10/16";"Sexta";"16:05:00";"SC";101;"212";"PALHOCA";"Falta de atenção";"Colisão traseira";"Sem Vítimas";"Pleno dia";"Crescente";"Nublado";"Dupla";"Reta";"Urbano";2;0;0;0;2;0;0;2
83506218;"09/10/16";"Domingo";"16:00:00";"PI";135;"393";"BOM JESUS";"Outras";"Tombamento";"Sem Vítimas";"Pleno dia";"Decrescente";"Ceu Claro";"Simples";"Reta";"Rural";2;0;0;0;1;1;0;2
83506219;"10/10/16";"Segunda";"06:30:00";"PR";277;"695";"SAO MIGUEL DO IGUACU";"Defeito mecânico em veículo";"Saída de Pista";"Com Vítimas Feridas";"Pleno dia";"Crescente";"Ceu Claro";"Dupla";"Reta";"Rural";1;0;1;0;0;0;1;1
83506220;"10/10/16";"Segunda";"14:20:00";"SP";101;"50,9";"UBATUBA";"Outras";"Colisão com bicicleta";"Com Vítimas Feridas";"Pleno dia";"Decrescente";"Chuva";"Simples";"Reta";"Urbano";2;0;1;0;0;1;1;2
83506221;"03/10/16";"Segunda";"21:55:00";"PA";316;"7";"ANANINDEUA";"Falta de atenção";"Colisão traseira";"Sem Vítimas";"Plena noite";"Crescente";"Ceu Claro";"Dupla";"Reta";"Urbano";3;0;0;0;3;0;0;3
83506222;"07/10/16";"Sexta";"23:30:00";"MG";116;"781,5";"LEOPOLDINA";"Velocidade incompatível";"Colisão frontal";"Com Vítimas Fatais";"Plena noite";"Decrescente";"Nublado";"Simples";"Curva";"Rural";3;1;0;2;0;0;2;2
83506223;"03/10/16";"Segunda";"01:10:00";"PR";277;"104,8";"CAMPO LARGO";"Velocidade incompatível";"Saída de Pista";"Sem Vítimas";"Plena noite";"Decrescente";"Chuva";"Dupla";"Curva";"Urbano";1;0;0;0;1;0;0;1
83506224;"29/09/16";"Quinta";"12:42:00";"RS";116;"580";"PEDRO OSORIO";"Falta de atenção";"Colisão traseira";"Com Vítimas Feridas";"Pleno dia";"Decrescente";"Ceu Claro";"Simples";"Reta";"Rural";2;0;1;0;1;0;1;2
83506225;"04/10/16";"Terça";"14:10:00";"SC";470;"53";"BLUMENAU";"Falta de atenção";"Colisão traseira";"Com Vítimas Feridas";"Pleno dia";"Decrescente";"Nublado";"Simples";"Cruzamento";"Urbano";3;0;1;0;2;0;1;2
83506226;"11/10/16";"Terça";"07:12:00";"MA";135;"5";"SAO LUIS";"Não guardar distância de segurança";"Colisão traseira";"Sem Vítimas";"Pleno dia";"Crescente";"Ceu Claro";"Dupla";"Reta";"Urbano";3;0;0;0;3;0;0;2
83506227;"07/10/16";"Sexta";"22:00:00";"BA";101;"878";"TEIXEIRA DE FREITAS";"Falta de atenção";"Colisão Transversal";"Com Vítimas Feridas";"Plena noite";"Crescente";"Ceu Claro";"Simples";"Reta";"Urbano";3;0;1;2;0;0;3;2
83506228;"08/10/16";"Sábado";"05:30:00";"SC";470;"141,1";"RIO DO SUL";"Falta de atenção";"Queda de motocicleta / bicicleta / veículo";"Com Vítimas Feridas";"Amanhecer";"Crescente";"Ceu Claro";"Simples";"Cruzamento";"Urbano";1;0;1;0;0;0;1;1
83506229;"08/10/16";"Sábado";"00:12:00";"PR";272;"547";"TERRA ROXA";"Velocidade incompatível";"Saída de Pista";"Com Vítimas Feridas";"Plena noite";"Decrescente";"Ceu Claro";"Simples";"Curva";"Rural";1;0;0;1;0;0;1;1
83506230;"26/09/16";"Segunda";"01:00:00";"RN";101;"82";"SAO GONCALO DO AMARANTE";"Falta de atenção";"Colisão com objeto fixo";"Com Vítimas Feridas";"Plena noite";"Crescente";"Ceu Claro";"Simples";"Reta";"Urbano";1;0;0;1;0;0;1;1
83506231;"08/10/16";"Sábado";"06:00:00";"PI";316;"145,5";"ELESBAO VELOSO";"Defeito mecânico em veículo";"Colisão lateral";"Com Vítimas Fatais";"Amanhecer";"Decrescente";"Sol";"Simples";"Reta";"Rural";4;1;3;0;0;0;3;2
83506232;"09/10/16";"Domingo";"21:30:00";"MG";116;"398";"GOVERNADOR VALADARES";"Velocidade incompatível";"Colisão lateral";"Com Vítimas Fatais";"Plena noite";"Decrescente";"Ceu Claro";"Múltipla";"Curva";"Rural";7;4;1;0;2;0;1;5
83506233;"07/10/16";"Sexta";"14:30:00";"RJ";101;"438";"MANGARATIBA";"Outras";"Derramamento de Carga";"Sem Vítimas";"Pleno dia";"Crescente";"Nublado";"Simples";"Reta";"Rural";1;0;0;0;1;0;0;1
83506234;"11/10/16";"Terça";"06:50:00";"DF";70;"16,5";"BRASILIA";"Não guardar distância de segurança";"Colisão lateral";"Com Vítimas Feridas";"Pleno dia";"Decrescente";"Sol";"Dupla";"Reta";"Urbano";3;0;1;0;2;0;1;3
83506235;"08/10/16";"Sábado";"17:00:00";"RS";471;"142,5";"SANTA CRUZ DO SUL";"Desobediência à sinalização";"Saída de Pista";"Sem Vítimas";"Pleno dia";"Crescente";"Sol";"Simples";"Reta";"Urbano";1;0;0;0;1;0;0;1
83506236;"09/10/16";"Domingo";"21:00:00";"PI";407;"519";"JACOBINA DO PIAUI";"Ingestão de álcool";"Colisão frontal";"Com Vítimas Fatais";"Plena noite";"Crescente";"Ceu Claro";"Simples";"Reta";"Rural";2;1;0;0;0;1;0;2
83506237;"22/07/16";"Sexta";"18:45:00";"PR";376;"334,5";"ORTIGUEIRA";"Falta de atenção";"Atropelamento de pessoa";"Com Vítimas Fatais";"Anoitecer";"Decrescente";"Ceu Claro";"Simples";"Reta";"Rural";4;1;1;0;1;1;1;1
83506238;"10/10/16";"Segunda";"22:25:00";"PI";343;"598";"FLORIANO";"Animais na Pista";"Atropelamento de animal";"Com Vítimas Feridas";"Plena noite";"Crescente";"Ceu Claro";"Dupla";"Reta";"Urbano";1;0;1;0;0;0;1;1
83506239;"11/10/16";"Terça";"08:10:00";"RS";285;"565";"SAO LUIZ GONZAGA";"Defeito na via";"Tombamento";"Sem Vítimas";"Pleno dia";"Decrescente";"Sol";"Simples";"Reta";"Urbano";1;0;0;0;1;0;0;1
83506240;"11/10/16";"Terça";"07:20:00";"SC";101;"210";"SAO JOSE";"Outras";"Colisão traseira";"Com Vítimas Feridas";"Pleno dia";"Decrescente";"Nublado";"Dupla";"Reta";"Urbano";3;0;2;0;1;0;2;2
83506242;"10/10/16";"Segunda";"22:00:00";"SP";116;"182";"SANTA ISABEL";"Outras";"Colisão lateral";"Com Vítimas Feridas";"Plena noite";"Crescente";"Ceu Claro";"Dupla";"Reta";"Rural";4;0;1;0;2;1;1;2
83506243;"19/05/16";"Quinta";"09:30:00";"PR";369;"201,8";"APUCARANA";"Falta de atenção";"Colisão traseira";"Com Vítimas Feridas";"Pleno dia";"Decrescente";"Nublado";"Simples";"Reta";"Urbano";3;0;3;0;0;0;3;2
83506244;"09/10/16";"Domingo";"03:40:00";"TO";242;"365,9";"GURUPI";"Outras";"Capotamento";"Sem Vítimas";"Amanhecer";"Crescente";"Ceu Claro";"Simples";"Curva";"Rural";1;0;0;0;1;0;0;1
83506245;"06/10/16";"Quinta";"10:45:00";"PR";369;"370,7";"CAMPO MOURAO";"Ultrapassagem indevida";"Colisão Transversal";"Com Vítimas Feridas";"Plena noite";"Crescente";"Ceu Claro";"Simples";"Curva";"Rural";3;0;2;0;1;0;2;2
83506246;"11/10/16";"Terça";"08:15:00";"ES";101;"166";"LINHARES";"Defeito mecânico em veículo";"Queda de motocicleta / bicicleta / veículo";"Com Vítimas Feridas";"Pleno dia";"Decrescente";"Ceu Claro";"Simples";"Reta";"Urbano";2;0;2;0;0;0;2;1
83506247;"07/10/16";"Sexta";"21:00:00";"PE";104;"135,2";"QUIPAPA";"Animais na Pista";"Atropelamento de animal";"Com Vítimas Fatais";"Plena noite";"Crescente";"Ceu Claro";"Simples";"Curva";"Rural";2;1;0;1;0;0;1;1
83506248;"11/10/16";"Terça";"08:25:00";"RS";116;"243";"SAO LEOPOLDO";"Falta de atenção";"Atropelamento de pessoa";"Com Vítimas Feridas";"Pleno dia";"Decrescente";"Ceu Claro";"Múltipla";"Reta";"Urbano";2;0;2;0;0;0;2;1