"id";"data_inversa";"dia_semana";"horario";"uf";"br";"km";"municipio";"causa_acidente";"tipo_acidente";"classificacao_acidente";"fase_dia";"sentido_via";"condicao_metereologica";"tipo_pista";"tracado_via";"uso_solo";"pessoas";"mortos";"feridos_leves";"feridos_graves";"ilesos";"ignorados";"feridos";"veiculos"
83506250;"08/10/16";"Sábado";"03:50:00";"ES";101;"361";"ANCHIETA";"Outras";"Colisão com objeto fixo";"Sem Vítimas";"Plena noite";"Crescente";"Chuva";"Simples";"Curva";"Rural";1;0;0;0;1;0;0;1
83506251;"11/10/16";"Terça";"08:00:00";"MT";364;"378";"CUIABA";"Defeito na via";"Colisão traseira";"Sem Vítimas";"Pleno dia";"Crescente";"Ceu Claro";"Simples";"Reta";"Rural";3;0;0;0;3;0;0;2
83506252;"10/10/16";"Segunda";"18:50:00";"CE";20;"245";"MADALENA";"Animais na Pista";"Atropelamento de animal";"Sem Vítimas";"Plena noite";"Crescente";"Ceu Claro";"Simples";"Reta";"Rural";1;0;0;0;1;0;0;1
83506254;"10/10/16";"Segunda";"21:20:00";"CE";20;"243";"MADALENA";"Falta de atenção";"Colisão traseira";"Com Vítimas Feridas";"Anoitecer";"Decrescente";"Ceu Claro";"Simples";"Reta";"Rural";3;0;1;1;1;0;2;2
83506257;"11/10/16";"Terça";"08:30:00";"PA";316;"98";"SANTA MARIA DO PARA";"Falta de atenção";"Colisão traseira";"Sem Vítimas";"Pleno dia";"Crescente";"Ceu Claro";"Simples";"Reta";"Rural";4;0;0;0;4;0;0;4
83506258;"09/10/16";"Domingo";"07:00:00";"GO";20;"131";"FLORES DE GOIAS";"Falta de atenção";"Queda de motocicleta / bicicleta / veículo";"Com Vítimas Feridas";"Pleno dia";"Decrescente";"Ceu Claro";"Simples";"Curva";"Rural";2;0;1;0;1;0;1;2
83506259;"11/10/16";"Terça";"06:30:00";"SE";235;"56";"ITABAIANA";"Desobediência à sinalização";"Colisão frontal";"Com Vítimas Feridas";"Pleno dia";"Decrescente";"Ceu Claro";"Simples";"Reta";"Rural";2;0;0;1;1;0;1;2
83506260;"11/10/16";"Terça";"09:30:00";"PE";316;"64,5";"OURICURI";"Defeito mecânico em veículo";"Tombamento";"Sem Vítimas";"Pleno dia";"Crescente";"Ceu Claro";"Simples";"Curva";"Rural";1;0;0;0;1;0;0;1
83506261;"08/10/16";"Sábado";"10:55:00";"SC";470;"66,5";"INDAIAL";"Falta de atenção";"Colisão traseira";"Sem Vítimas";"Pleno dia";"Crescente";"Ceu Claro";"Dupla";"Reta";"Urbano";2;0;0;0;2;0;0;2
83506262;"29/07/16";"Sexta";"15:30:00";"PE";232;"214,1";"PESQUEIRA";"Desobediência à sinalização";"Colisão frontal";"Com Vítimas Fatais";"Pleno dia";"Crescente";"Sol";"Simples";"Reta";"Rural";3;1;0;1;0;1;1;2
83506263;"09/10/16";"Domingo";"06:00:00";"BA";101;"508";"ITABUNA";"Ingestão de álcool";"Colisão traseira";"Sem Vítimas";"Amanhecer";"Crescente";"Nublado";"Simples";"Reta";"Urbano";2;0;0;0;1;1;0;2
83506264;"08/10/16";"Sábado";"16:40:00";"MG";153;"77";"PRATA";"Velocidade incompatível";"Colisão frontal";"Com Vítimas Fatais";"Pleno dia";"Crescente";"Sol";"Simples";"Curva";"Rural";4;3;1;0;0;0;1;2
83506265;"06/10/16";"Quinta";"09:00:00";"PI";135;"354";"BOM JESUS";"Defeito na via";"Tombamento";"Sem Vítimas";"Pleno dia";"Decrescente";"Ceu Claro";"Simples";"Reta";"Urbano";1;0;0;0;1;0;0;1
83506266;"18/04/16";"Segunda";"01:50:00";"PR";487;"10,3";"VILA ALTA";"Defeito mecânico em veículo";"Atropelamento de animal";"Com Vítimas Feridas";"Plena noite";"Decrescente";"Ceu Claro";"Simples";"Curva";"Rural";2;0;2;0;0;0;2;1
83506267;"18/04/16";"Segunda";"01:50:00";"PR";487;"10,3";"VILA ALTA";"Defeito mecânico em veículo";"Atropelamento de animal";"Com Vítimas Feridas";"Plena noite";"Decrescente";"Ceu Claro";"Simples";"Curva";"Rural";2;0;2;0;0;0;2;1
83506268;"18/04/16";"Segunda";"01:50:00";"PR";487;"10,3";"VILA ALTA";"Defeito mecânico em veículo";"Atropelamento de animal";"Com Vítimas Feridas";"Plena noite";"Decrescente";"Ceu Claro";"Simples";"Curva";"Rural";2;0;2;0;0;0;2;1
83506269;"03/10/16";"Segunda";"12:44:00";"MG";381;"529";"BRUMADINHO";"Defeito mecânico em veículo";"Tombamento";"Sem Vítimas";"Pleno dia";"Decrescente";"Ceu Claro";"Dupla";"Curva";"Rural";1;0;0;0;1;0;0;1
83506270;"11/10/16";"Terça";"07:20:00";"SP";381;"55,8";"MAIRIPORA";"Defeito mecânico em veículo";"Colisão traseira";"Com Vítimas Feridas";"Pleno dia";"Crescente";"Ceu Claro";"Dupla";"Reta";"Urbano";2;0;1;0;1;0;1;2
83506271;"11/10/16";"Terça";"07:30:00";"MT";174;"280";"PONTES E LACERDA";"Outras";"Colisão traseira";"Sem Vítimas";"Pleno dia";"Decrescente";"Ceu Claro";"Simples";"Reta";"Rural";2;0;0;0;2;0;0;2
83506272;"10/10/16";"Segunda";"01:30:00";"DF";20;"13";"BRASILIA";"Outras";"Capotamento";"Com Vítimas Feridas";"Plena noite";"Crescente";"Ceu Claro";"Dupla";"Reta";"Rural";4;0;2;1;1;0;3;1
83506273;"10/10/16";"Segunda";"04:40:00";"GO";364;"170,9";"JATAI";"Falta de atenção";"Queda de motocicleta / bicicleta / veículo";"Com Vítimas Feridas";"Plena noite";"Decrescente";"Ceu Claro";"Simples";"Reta";"Rural";1;0;1;0;0;0;1;1
83506274;"11/10/16";"Terça";"09:59:00";"PR";277;"660,1";"MATELANDIA";"Velocidade incompatível";"Saída de Pista";"Com Vítimas Feridas";"Pleno dia";"Crescente";"Chuva";"Dupla";"Curva";"Rural";1;0;1;0;0;0;1;1
83506275;"11/10/16";"Terça";"08:30:00";"MG";262;"56,5";"MANHUACU";"Outras";"Colisão com objeto fixo";"Com Vítimas Feridas";"Pleno dia";"Decrescente";"Sol";"Simples";"Curva";"Rural";1;0;1;0;0;0;1;1
83506276;"08/10/16";"Sábado";"00:20:00";"BA";101;"927";"NOVA VICOSA";"Ingestão de álcool";"Queda de motocicleta / bicicleta / veículo";"Com Vítimas Feridas";"Plena noite";"Crescente";"Ceu Claro";"Simples";"Reta";"Rural";1;0;1;0;0;0;1;1
83506277;"08/10/16";"Sábado";"18:15:00";"GO";153;"563,9";"PROFESSOR JAMIL";"Dormindo";"Saída de Pista";"Sem Vítimas";"Anoitecer";"Decrescente";"Ceu Claro";"Dupla";"Reta";"Rural";1;0;0;0;1;0;0;1
83506278;"09/10/16";"Domingo";"16:00:00";"SC";282;"331";"CAMPOS NOVOS";"Falta de atenção";"Tombamento";"Sem Vítimas";"Pleno dia";"Decrescente";"Ceu Claro";"Simples";"Curva";"Rural";1;0;0;0;1;0;0;1
83506279;"11/10/16";"Terça";"07:30:00";"GO";50;"302,7";"CUMARI";"Ingestão de álcool";"Queda de motocicleta / bicicleta / veículo";"Com Vítimas Feridas";"Pleno dia";"Decrescente";"Ceu Claro";"Simples";"Curva";"Rural";1;0;0;1;0;0;1;1
83506281;"05/10/16";"Quarta";"18:30:00";"PR";116;"4";"CAMPINA GRANDE DO SUL";"Velocidade incompatível";"Saída de Pista";"Sem Vítimas";"Plena noite";"Crescente";"Chuva";"Dupla";"Curva";"Rural";1;0;0;0;1;0;0;1
83506282;"08/10/16";"Sábado";"07:10:00";"PR";277;"657";"MATELANDIA";"Velocidade incompatível";"Capotamento";"Sem Vítimas";"Amanhecer";"Decrescente";"Ceu Claro";"Dupla";"Reta";"Urbano";1;0;0;0;1;0;0;1
83506283;"11/10/16";"Terça";"13:05:00";"SC";282;"5";"FLORIANOPOLIS";"Falta de atenção";"Colisão traseira";"Com Vítimas Feridas";"Pleno dia";"Decrescente";"Ceu Claro";"Dupla";"Reta";"Urbano";2;0;1;0;1;0;1;2
83506284;"08/10/16";"Sábado";"02:50:00";"PR";476;"167";"CONTENDA";"Dormindo";"Saída de Pista";"Com Vítimas Feridas";"Plena noite";"Crescente";"Nublado";"Simples";"Curva";"Rural";1;0;0;1;0;0;1;1
83506285;"10/10/16";"Segunda";"04:15:00";"CE";222;"214,3";"SOBRAL";"Não guardar distância de segurança";"Colisão com bicicleta";"Com Vítimas Fatais";"Amanhecer";"Decrescente";"Ceu Claro";"Simples";"Curva";"Rural";4;1;2;0;1;0;2;2
83506286;"11/10/16";"Terça";"07:35:00";"GO";60;"80,6";"ANAPOLIS";"Outras";"Saída de Pista";"Com Vítimas Feridas";"Pleno dia";"Crescente";"Ceu Claro";"Dupla";"Reta";"Rural";5;0;1;0;4;0;1;1
83506287;"07/10/16";"Sexta";"19:00:00";"CE";20;"364,9";"MARANGUAPE";"Não guardar distância de segurança";"Colisão traseira";"Sem Vítimas";"Plena noite";"Decrescente";"Ceu Claro";"Simples";"Reta";"Rural";4;0;0;0;4;0;0;2
83506288;"11/10/16";"Terça";"11:00:00";"SP";116;"219,8";"GUARULHOS";"Falta de atenção";"Colisão lateral";"Sem Vítimas";"Pleno dia";"Decrescente";"Sol";"Múltipla";"Reta";"Urbano";2;0;0;0;2;0;0;2
83506290;"11/10/16";"Terça";"13:55:00";"RS";285;"296";"PASSO FUNDO";"Falta de atenção";"Saída de Pista";"Com Vítimas Feridas";"Pleno dia";"Decrescente";"Ceu Claro";"Simples";"Reta";"Urbano";1;0;1;0;0;0;1;1
83506291;"11/10/16";"Terça";"11:45:00";"PR";277;"112,5";"CAMPO LARGO";"Defeito mecânico em veículo";"Colisão com objeto fixo";"Com Vítimas Feridas";"Pleno dia";"Decrescente";"Ceu Claro";"Dupla";"Curva";"Urbano";1;0;1;0;0;0;1;1
83506292;"07/10/16";"Sexta";"00:00:00";"MG";381;"268";"CORONEL FABRICIANO";"Outras";"Colisão Transversal";"Com Vítimas Feridas";"Plena noite";"Decrescente";"Ceu Claro";"Simples";"Reta";"Rural";4;0;1;1;2;0;2;3
83506293;"07/10/16";"Sexta";"22:40:00";"CE";116;"498,6";"BREJO SANTO";"Ingestão de álcool";"Atropelamento de animal";"Com Vítimas Fatais";"Plena noite";"Decrescente";"Ceu Claro";"Dupla";"Reta";"Rural";2;1;0;0;0;1;0;1
83506294;"09/10/16";"Domingo";"03:30:00";"RJ";393;"218,6";"VASSOURAS";"Falta de atenção";"Colisão traseira";"Sem Vítimas";"Plena noite";"Crescente";"Ceu Claro";"Simples";"Reta";"Rural";2;0;0;0;2;0;0;2
83506295;"03/10/16";"Segunda";"08:10:00";"PA";230;"114";"MARABA";"Outras";"Colisão lateral";"Com Vítimas Feridas";"Pleno dia";"Crescente";"Ceu Claro";"Dupla";"Reta";"Urbano";2;0;1;0;1;0;1;2
83506296;"26/09/16";"Segunda";"01:00:00";"PA";316;"1,4";"ANANINDEUA";"Ingestão de álcool";"Colisão com objeto fixo";"Com Vítimas Feridas";"Plena noite";"Crescente";"Ceu Claro";"Simples";"Reta";"Urbano";1;0;1;0;0;0;1;1
83506297;"08/10/16";"Sábado";"14:00:00";"RN";226;"67";"SERRA CAIADA";"Velocidade incompatível";"Capotamento";"Ignorado";"Pleno dia";"Crescente";"Ceu Claro";"Simples";"Reta";"Rural";1;0;0;0;0;1;0;1
83506298;"08/10/16";"Sábado";"21:15:00";"RJ";393;"246,7";"BARRA DO PIRAI";"Falta de atenção";"Colisão com bicicleta";"Com Vítimas Fatais";"Plena noite";"Decrescente";"Ceu Claro";"Simples";"Reta";"Rural";2;1;0;0;1;0;0;2
83506299;"03/10/16";"Segunda";"23:30:00";"MG";381;"806,5";"SAO GONCALO DO SAPUCAI";"Falta de atenção";"Saída de Pista";"Sem Vítimas";"Plena noite";"Decrescente";"Chuva";"Dupla";"Curva";"Rural";1;0;0;0;1;0;0;1
83506300;"11/10/16";"Terça";"09:15:00";"MS";163;"496";"CAMPO GRANDE";"Falta de atenção";"Colisão lateral";"Com Vítimas Feridas";"Pleno dia";"Decrescente";"Sol";"Simples";"Reta";"Rural";2;0;1;0;1;0;1;2
83506301;"11/10/16";"Terça";"11:30:00";"RS";285;"302";"PASSO FUNDO";"Não guardar distância de segurança";"Colisão traseira";"Com Vítimas Feridas";"Pleno dia";"Crescente";"Nublado";"Simples";"Reta";"Urbano";7;0;2;0;5;0;2;2
83506302;"11/10/16";"Terça";"10:00:00";"ES";101;"147,9";"LINHARES";"Falta de atenção";"Colisão traseira";"Sem Vítimas";"Pleno dia";"Decrescente";"Nublado";"Simples";"Cruzamento";"Urbano";2;0;0;0;2;0;0;2
83506303;"22/09/16";"Quinta";"09:00:00";"PI";343;"0,2";"TERESINA";"Falta de atenção";"Colisão traseira";"Com Vítimas Feridas";"Pleno dia";"Crescente";"Ceu Claro";"Simples";"Reta";"Urbano";3;0;0;1;2;0;1;2
83506304;"03/10/16";"Segunda";"11:20:00";"RN";304;"295";"MACAIBA";"Defeito mecânico em veículo";"Colisão traseira";"Com Vítimas Feridas";"Pleno dia";"Crescente";"Sol";"Simples";"Reta";"Urbano";4;0;1;0;3;0;1;3
83506305;"11/10/16";"Terça";"07:40:00";"MG";381;"816";"CAREACU";"Falta de atenção";"Saída de Pista";"Com Vítimas Feridas";"Amanhecer";"Decrescente";"Sol";"Dupla";"Curva";"Urbano";2;0;1;0;1;0;1;1
83506306;"11/10/16";"Terça";"13:20:00";"BA";101;"103";"ALAGOINHAS";"Dormindo";"Colisão lateral";"Com Vítimas Feridas";"Pleno dia";"Crescente";"Nublado";"Simples";"Reta";"Urbano";4;0;2;0;2;0;2;2
83506307;"11/10/16";"Terça";"07:40:00";"PR";376;"172";"MARINGA";"Não guardar distância de segurança";"Queda de motocicleta / bicicleta / veículo";"Com Vítimas Feridas";"Pleno dia";"Crescente";"Ceu Claro";"Dupla";"Reta";"Urbano";1;0;1;0;0;0;1;1
83506308;"03/10/16";"Segunda";"18:15:00";"RO";364;"239,2";"CACOAL";"Falta de atenção";"Colisão Transversal";"Com Vítimas Feridas";"Plena noite";"Crescente";"Ceu Claro";"Simples";"Reta";"Urbano";3;0;1;0;2;0;1;2
83506309;"03/10/16";"Segunda";"18:15:00";"RO";364;"239,2";"CACOAL";"Falta de atenção";"Colisão Transversal";"Com Vítimas Feridas";"Plena noite";"Crescente";"Ceu Claro";"Simples";"Reta";"Urbano";3;0;1;0;2;0;1;2
83506311;"07/10/16";"Sexta";"20:40:00";"GO";153;"493,1";"GOIANIA";"Outras";"Colisão traseira";"Com Vítimas Feridas";"Plena noite";"Crescente";"Vento";"Dupla";"Reta";"Urbano";6;0;1;0;5;0;1;6
83506312;"09/10/16";"Domingo";"08:50:00";"PR";376;"253,3";"CALIFORNIA";"Ingestão de álcool";"Colisão frontal";"Com Vítimas Feridas";"Pleno dia";"Decrescente";"Ceu Claro";"Simples";"Reta";"Rural";3;0;1;1;1;0;2;2
83506313;"08/10/16";"Sábado";"06:30:00";"PR";467;"75";"TOLEDO";"Outras";"Colisão com objeto fixo";"Com Vítimas Feridas";"Amanhecer";"Crescente";"Ceu Claro";"Dupla";"Reta";"Rural";2;0;0;2;0;0;2;1
83506314;"08/10/16";"Sábado";"06:00:00";"GO";60;"102";"ANAPOLIS";"Ingestão de álcool";"Saída de Pista";"Com Vítimas Feridas";"Amanhecer";"Crescente";"Ceu Claro";"Dupla";"Reta";"Urbano";1;0;1;0;0;0;1;1
83506315;"06/10/16";"Quinta";"08:30:00";"SC";470;"84,6";"RODEIO";"Outras";"Capotamento";"Com Vítimas Feridas";"Pleno dia";"Crescente";"Chuva";"Simples";"Curva";"Urbano";1;0;1;0;0;0;1;1
83506316;"11/10/16";"Terça";"09:30:00";"SC";101;"130";"BALNEARIO CAMBORIU";"Falta de atenção";"Colisão traseira";"Sem Vítimas";"Pleno dia";"Decrescente";"Sol";"Dupla";"Reta";"Urbano";3;0;0;0;3;0;0;3
83506317;"10/10/16";"Segunda";"07:45:00";"RS";290;"175";"BUTIA";"Falta de atenção";"Colisão Transversal";"Com Vítimas Feridas";"Pleno dia";"Decrescente";"Nublado";"Simples";"Reta";"Urbano";5;0;1;1;3;0;2;2
83506318;"07/10/16";"Sexta";"20:15:00";"GO";153;"494,1";"GOIANIA";"Outras";"Atropelamento de pessoa";"Com Vítimas Feridas";"Plena noite";"Crescente";"Ceu Claro";"Dupla";"Reta";"Urbano";2;0;0;2;0;0;2;1
83506319;"11/10/16";"Terça";"10:30:00";"PA";316;"79";"SAO FRANCISCO DO PARA";"Outras";"Colisão frontal";"Sem Vítimas";"Pleno dia";"Crescente";"Ceu Claro";"Simples";"Reta";"Rural";4;0;0;0;4;0;0;2
83506320;"11/10/16";"Terça";"09:10:00";"MT";364;"567";"NOBRES";"Falta de atenção";"Colisão traseira";"Sem Vítimas";"Pleno dia";"Decrescente";"Ceu Claro";"Dupla";"Reta";"Rural";3;0;0;0;3;0;0;2
83506321;"11/10/16";"Terça";"14:00:00";"SC";470;"141";"RIO DO SUL";"Falta de atenção";"Colisão Transversal";"Sem Vítimas";"Plena noite";"Decrescente";"Nublado";"Simples";"Cruzamento";"Urbano";2;0;0;0;2;0;0;2
83506322;"11/10/16";"Terça";"13:35:00";"SC";116;"246,9";"LAGES";"Outras";"Colisão lateral";"Sem Vítimas";"Pleno dia";"Decrescente";"Ceu Claro";"Simples";"Cruzamento";"Rural";2;0;0;0;2;0;0;2
83506323;"11/10/16";"Terça";"11:10:00";"MG";381;"833,8";"SAO SEBASTIAO DA BELA VISTA";"Falta de atenção";"Colisão traseira";"Com Vítimas Feridas";"Pleno dia";"Crescente";"Ceu Claro";"Dupla";"Reta";"Rural";2;0;0;1;1;0;1;2
83506324;"07/10/16";"Sexta";"13:50:00";"SC";282;"570";"NOVA ERECHIM";"Não guardar distância de segurança";"Colisão traseira";"Sem Vítimas";"Pleno dia";"Crescente";"Sol";"Simples";"Reta";"Rural";3;0;0;0;3;0;0;2
83506325;"11/10/16";"Terça";"13:50:00";"RN";406;"169,1";"SAO GONCALO DO AMARANTE";"Falta de atenção";"Colisão Transversal";"Com Vítimas Feridas";"Pleno dia";"Decrescente";"Ceu Claro";"Dupla";"Reta";"Urbano";2;0;0;1;1;0;1;2
83506326;"11/10/16";"Terça";"11:00:00";"PR";376;"346";"ORTIGUEIRA";"Velocidade incompatível";"Colisão traseira";"Com Vítimas Feridas";"Pleno dia";"Decrescente";"Ceu Claro";"Simples";"Curva";"Rural";4;0;2;0;2;0;2;3
83506327;"11/10/16";"Terça";"07:30:00";"GO";153;"497";"GOIANIA";"Outras";"Queda de motocicleta / bicicleta / veículo";"Com Vítimas Feridas";"Pleno dia";"Crescente";"Ceu Claro";"Dupla";"Reta";"Urbano";1;0;0;1;0;0;1;1
83506328;"10/10/16";"Segunda";"21:30:00";"RR";174;"207";"BOA VISTA";"Ingestão de álcool";"Colisão frontal";"Com Vítimas Feridas";"Plena noite";"Crescente";"Ceu Claro";"Simples";"Reta";"Rural";3;0;0;2;1;0;2;2
83506329;"11/10/16";"Terça";"11:20:00";"RS";471;"194,7";"PANTANO GRANDE";"Falta de atenção";"Colisão Transversal";"Sem Vítimas";"Pleno dia";"Crescente";"Sol";"Dupla";"Cruzamento";"Rural";2;0;0;0;2;0;0;2
83506330;"11/10/16";"Terça";"07:50:00";"MG";50;"170";"UBERABA";"Dormindo";"Colisão traseira";"Com Vítimas Feridas";"Pleno dia";"Crescente";"Ceu Claro";"Dupla";"Reta";"Urbano";3;0;2;0;1;0;2;2
83506331;"11/10/16";"Terça";"13:45:00";"PR";376;"218";"JANDAIA DO SUL";"Outras";"Colisão Transversal";"Com Vítimas Feridas";"Pleno dia";"Decrescente";"Ceu Claro";"Simples";"Curva";"Urbano";2;0;0;1;1;0;1;2
83506332;"11/10/16";"Terça";"10:00:00";"GO";414;"417";"ABADIANIA";"Outras";"Saída de Pista";"Com Vítimas Feridas";"Pleno dia";"Crescente";"Ceu Claro";"Simples";"Reta";"Rural";3;0;3;0;0;0;3;1
83506333;"08/10/16";"Sábado";"09:25:00";"SP";381;"36";"ATIBAIA";"Falta de atenção";"Atropelamento de pessoa";"Com Vítimas Fatais";"Pleno dia";"Crescente";"Ceu Claro";"Dupla";"Curva";"Rural";3;2;0;0;1;0;0;1
83506334;"06/10/16";"Quinta";"10:10:00";"DF";60;"30";"BRASILIA";"Falta de atenção";"Colisão lateral";"Sem Vítimas";"Pleno dia";"Crescente";"Ceu Claro";"Simples";"Reta";"Urbano";2;0;0;0;2;0;0;2
83506335;"07/10/16";"Sexta";"17:40:00";"RN";101;"78";"NATAL";"Outras";"Colisão Transversal";"Com Vítimas Feridas";"Plena noite";"Crescente";"Ceu Claro";"Dupla";"Reta";"Rural";2;0;0;1;1;0;1;2
83506336;"11/10/16";"Terça";"08:55:00";"RJ";101;"290";"ITABORAI";"Outras";"Colisão lateral";"Sem Vítimas";"Pleno dia";"Crescente";"Sol";"Dupla";"Reta";"Rural";3;0;0;0;2;1;0;3
83506337;"11/10/16";"Terça";"13:30:00";"PR";376;"387";"IMBAU";"Falta de atenção";"Capotamento";"Sem Vítimas";"Pleno dia";"Decrescente";"Chuva";"Simples";"Reta";"Rural";1;0;0;0;1;0;0;1
83506338;"10/10/16";"Segunda";"08:00:00";"SP";116;"144";"SAO JOSE DOS CAMPOS";"Outras";"Colisão lateral";"Sem Vítimas";"Pleno dia";"Decrescente";"Ceu Claro";"Dupla";"Reta";"Urbano";2;0;0;0;1;1;0;2
83506339;"03/10/16";"Segunda";"17:00:00";"GO";60;"375,6";"RIO VERDE";"Outras";"Saída de Pista";"Sem Vítimas";"Pleno dia";"Crescente";"Chuva";"Dupla";"Curva";"Rural";1;0;0;0;1;0;0;1
83506340;"11/10/16";"Terça";"11:00:00";"PR";116;"99";"SAO JOSE DOS PINHAIS";"Falta de atenção";"Queda de motocicleta / bicicleta / veículo";"Com Vítimas Feridas";"Pleno dia";"Crescente";"Nublado";"Dupla";"Curva";"Rural";2;0;2;0;0;0;2;1
83506341;"05/10/16";"Quarta";"03:30:00";"SP";116;"216";"GUARULHOS";"Falta de atenção";"Colisão frontal";"Com Vítimas Feridas";"Plena noite";"Crescente";"Nublado";"Múltipla";"Reta";"Urbano";3;0;2;0;0;1;2;2
83506342;"11/10/16";"Terça";"11:20:00";"MA";10;"255,8";"IMPERATRIZ";"Falta de atenção";"Colisão Transversal";"Com Vítimas Feridas";"Pleno dia";"Crescente";"Ceu Claro";"Simples";"Reta";"Urbano";4;0;0;2;2;0;2;3
83506343;"11/10/16";"Terça";"08:50:00";"SC";470;"56,4";"BLUMENAU";"Falta de atenção";"Colisão Transversal";"Com Vítimas Feridas";"Plena noite";"Crescente";"Chuva";"Simples";"Reta";"Urbano";2;0;1;0;1;0;1;2
83506344;"11/10/16";"Terça";"12:30:00";"SC";470;"151,6";"AGRONOMICA";"Falta de atenção";"Atropelamento de pessoa";"Com Vítimas Fatais";"Pleno dia";"Crescente";"Ceu Claro";"Simples";"Reta";"Urbano";2;1;0;0;1;0;0;1
83506345;"11/10/16";"Terça";"10:30:00";"BA";116;"14,1";"VITORIA DA CONQUISTA";"Desobediência à sinalização";"Colisão Transversal";"Sem Vítimas";"Pleno dia";"Crescente";"Nublado";"Simples";"Reta";"Urbano";2;0;0;0;2;0;0;2
83506347;"07/10/16";"Sexta";"13:20:00";"MG";356;"265,7";"MURIAE";"Falta de atenção";"Colisão Transversal";"Com Vítimas Feridas";"Pleno dia";"Crescente";"Ceu Claro";"Simples";"Cruzamento";"Urbano";2;0;1;0;1;0;1;2
83506348;"11/10/16";"Terça";"14:30:00";"BA";101;"718";"EUNAPOLIS";"Outras";"Atropelamento de pessoa";"Com Vítimas Feridas";"Pleno dia";"Crescente";"Nublado";"Simples";"Reta";"Urbano";2;0;0;1;1;0;1;1
83506349;"08/10/16";"Sábado";"23:15:00";"MG";50;"171";"UBERABA";"Não guardar distância de segurança";"Colisão traseira";"Sem Vítimas";"Plena noite";"Crescente";"Ignorada";"Dupla";"Reta";"Urbano";2;0;0;0;2;0;0;2
83506350;"11/10/16";"Terça";"10:30:00";"AL";316;"176";"BELEM";"Falta de atenção";"Colisão lateral";"Sem Vítimas";"Pleno dia";"Decrescente";"Ceu Claro";"Simples";"Reta";"Rural";5;0;0;0;5;0;0;2
83506351;"11/10/16";"Terça";"07:30:00";"RR";174;"503";"BOA VISTA";"Falta de atenção";"Queda de motocicleta / bicicleta / veículo";"Com Vítimas Feridas";"Pleno dia";"Crescente";"Ceu Claro";"Dupla";"Reta";"Urbano";1;0;1;0;0;0;1;1
83506352;"07/10/16";"Sexta";"16:30:00";"GO";60;"72";"ANAPOLIS";"Velocidade incompatível";"Tombamento";"Sem Vítimas";"Pleno dia";"Crescente";"Ceu Claro";"Dupla";"Curva";"Rural";1;0;0;0;1;0;0;1
83506353;"11/10/16";"Terça";"14:20:00";"MG";50;"47";"ARAGUARI";"Velocidade incompatível";"Colisão lateral";"Sem Vítimas";"Pleno dia";"Crescente";"Ceu Claro";"Dupla";"Curva";"Rural";5;0;0;0;5;0;0;5
83506354;"07/10/16";"Sexta";"12:30:00";"ES";101;"298";"VIANA";"Falta de atenção";"Colisão lateral";"Sem Vítimas";"Pleno dia";"Decrescente";"Sol";"Múltipla";"Reta";"Urbano";2;0;0;0;2;0;0;2
83506355;"09/10/16";"Domingo";"19:50:00";"ES";101;"303,1";"VIANA";"Velocidade incompatível";"Queda de motocicleta / bicicleta / veículo";"Com Vítimas Feridas";"Plena noite";"Decrescente";"Nublado";"Dupla";"Curva";"Urbano";1;0;1;0;0;0;1;1
83506356;"11/10/16";"Terça";"16:45:00";"MA";135;"23,5";"SAO LUIS";"Falta de atenção";"Colisão lateral";"Sem Vítimas";"Pleno dia";"Crescente";"Nublado";"Dupla";"Reta";"Urbano";2;0;0;0;2;0;0;2
83506357;"11/10/16";"Terça";"05:00:00";"MG";135;"490,9";"JOAQUIM FELICIO";"Falta de atenção";"Colisão traseira";"Com Vítimas Feridas";"Amanhecer";"Decrescente";"Ignorada";"Simples";"Reta";"Rural";2;0;1;0;1;0;1;2
83506358;"09/10/16";"Domingo";"05:00:00";"MS";262;"90";"TRES LAGOAS";"Dormindo";"Saída de Pista";"Sem Vítimas";"Amanhecer";"Decrescente";"Ceu Claro";"Simples";"Curva";"Rural";1;0;0;0;1;0;0;1
83506359;"11/10/16";"Terça";"08:30:00";"SP";116;"167,1";"JACAREI";"Dormindo";"Colisão com objeto fixo";"Com Vítimas Feridas";"Pleno dia";"Decrescente";"Ceu Claro";"Dupla";"Reta";"Rural";21;0;19;2;0;0;21;1
83506363;"29/09/16";"Quinta";"18:20:00";"BA";101;"136";"TEODORO SAMPAIO";"Velocidade incompatível";"Colisão Transversal";"Com Vítimas Feridas";"Plena noite";"Decrescente";"Chuva";"Simples";"Reta";"Rural";3;0;1;0;2;0;1;3
83506365;"11/10/16";"Terça";"14:30:00";"MS";267;"300";"RIO BRILHANTE";"Defeito mecânico em veículo";"Saída de Pista";"Com Vítimas Feridas";"Pleno dia";"Crescente";"Ceu Claro";"Simples";"Reta";"Rural";4;0;4;0;0;0;4;1
83506366;"11/10/16";"Terça";"17:05:00";"BA";101;"602";"MASCOTE";"Outras";"Saída de Pista";"Com Vítimas Feridas";"Pleno dia";"Decrescente";"Chuva";"Simples";"Reta";"Rural";2;0;1;0;1;0;1;1