"id";"data_inversa";"dia_semana";"horario";"uf";"br";"km";"municipio";"causa_acidente";"tipo_acidente";"classificacao_acidente";"fase_dia";"sentido_via";"condicao_metereologica";"tipo_pista";"tracado_via";"uso_solo";"pessoas";"mortos";"feridos_leves";"feridos_graves";"ilesos";"ignorados";"feridos";"veiculos"
83506367;"11/10/16";"Terça";"16:15:00";"PR";116;"115";"CURITIBA";"Outras";"Queda de motocicleta / bicicleta / veículo";"Com Vítimas Feridas";"Pleno dia";"Decrescente";"Nublado";"Dupla";"Reta";"Urbano";1;0;1;0;0;0;1;1
83506368;"11/10/16";"Terça";"11:40:00";"SC";158;"99";"MARAVILHA";"Velocidade incompatível";"Capotamento";"Com Vítimas Feridas";"Pleno dia";"Decrescente";"Nublado";"Simples";"Curva";"Rural";1;0;1;0;0;0;1;1
83506370;"07/10/16";"Sexta";"07:30:00";"BA";101;"219";"CRUZ DAS ALMAS";"Outras";"Colisão traseira";"Sem Vítimas";"Pleno dia";"Crescente";"Sol";"Simples";"Reta";"Rural";3;0;0;0;3;0;0;3
83506371;"11/10/16";"Terça";"06:55:00";"ES";101;"270";"SERRA";"Outras";"Queda de motocicleta / bicicleta / veículo";"Com Vítimas Feridas";"Pleno dia";"Crescente";"Chuva";"Dupla";"Reta";"Urbano";1;0;1;0;0;0;1;1
83506372;"11/10/16";"Terça";"15:00:00";"MG";40;"531";"BELO HORIZONTE";"Defeito mecânico em veículo";"Queda de motocicleta / bicicleta / veículo";"Com Vítimas Feridas";"Pleno dia";"Crescente";"Ceu Claro";"Dupla";"Curva";"Urbano";2;0;1;1;0;0;2;1
83506374;"11/10/16";"Terça";"12:26:00";"RO";364;"904,3";"PORTO VELHO";"Dormindo";"Saída de Pista";"Sem Vítimas";"Plena noite";"Crescente";"Ceu Claro";"Simples";"Reta";"Rural";1;0;0;0;1;0;0;1
83506375;"11/10/16";"Terça";"12:15:00";"MT";364;"379";"SANTO ANTONIO DO LEVERGER";"Outras";"Colisão traseira";"Sem Vítimas";"Pleno dia";"Decrescente";"Ceu Claro";"Simples";"Reta";"Rural";2;0;0;0;2;0;0;2
83506376;"11/10/16";"Terça";"09:30:00";"PA";316;"23";"BENEVIDES";"Falta de atenção";"Atropelamento de pessoa";"Com Vítimas Feridas";"Pleno dia";"Decrescente";"Sol";"Dupla";"Reta";"Urbano";3;0;0;1;2;0;1;1
83506377;"11/10/16";"Terça";"17:40:00";"SC";101;"203,3";"SAO JOSE";"Falta de atenção";"Colisão lateral";"Com Vítimas Feridas";"Plena noite";"Decrescente";"Nublado";"Dupla";"Reta";"Urbano";3;0;0;1;1;1;1;3
83506378;"11/10/16";"Terça";"16:45:00";"SC";116;"253,7";"LAGES";"Falta de atenção";"Atropelamento de pessoa";"Com Vítimas Feridas";"Pleno dia";"Decrescente";"Sol";"Simples";"Reta";"Rural";2;0;1;1;0;0;2;1
83506379;"11/10/16";"Terça";"17:55:00";"GO";153;"208";"URUACU";"Defeito na via";"Saída de Pista";"Sem Vítimas";"Anoitecer";"Decrescente";"Nublado";"Simples";"Reta";"Rural";1;0;0;0;1;0;0;1
83506380;"07/10/16";"Sexta";"22:30:00";"MG";381;"708";"NEPOMUCENO";"Dormindo";"Saída de Pista";"Sem Vítimas";"Plena noite";"Crescente";"Ceu Claro";"Dupla";"Reta";"Rural";1;0;0;0;1;0;0;1
83506381;"11/10/16";"Terça";"16:00:00";"PE";116;"40";"SALGUEIRO";"Ultrapassagem indevida";"Tombamento";"Sem Vítimas";"Pleno dia";"Decrescente";"Ceu Claro";"Simples";"Reta";"Rural";1;0;0;0;1;0;0;1
83506382;"11/10/16";"Terça";"16:00:00";"MG";116;"233";"TEOFILO OTONI";"Falta de atenção";"Colisão com bicicleta";"Com Vítimas Feridas";"Pleno dia";"Crescente";"Nublado";"Simples";"Reta";"Urbano";5;0;1;0;4;0;1;2
83506383;"11/10/16";"Terça";"15:30:00";"CE";116;"60,2";"CHOROZINHO";"Não guardar distância de segurança";"Colisão traseira";"Sem Vítimas";"Pleno dia";"Crescente";"Ceu Claro";"Simples";"Reta";"Rural";3;0;0;0;3;0;0;3
83506384;"11/10/16";"Terça";"10:40:00";"RJ";356;"174";"SAO JOAO DA BARRA";"Falta de atenção";"Colisão com bicicleta";"Com Vítimas Feridas";"Pleno dia";"Crescente";"Nublado";"Simples";"Curva";"Rural";2;0;0;1;1;0;1;2
83506385;"11/10/16";"Terça";"17:30:00";"RS";158;"563,5";"SANTANA DO LIVRAMENTO";"Falta de atenção";"Atropelamento de pessoa";"Com Vítimas Feridas";"Pleno dia";"Decrescente";"Ceu Claro";"Simples";"Reta";"Urbano";3;0;2;1;0;0;3;1
83506386;"11/10/16";"Terça";"18:00:00";"MT";163;"515";"DIAMANTINO";"Outras";"Colisão lateral";"Sem Vítimas";"Anoitecer";"Crescente";"Nublado";"Simples";"Reta";"Rural";2;0;0;0;2;0;0;2
83506387;"11/10/16";"Terça";"18:45:00";"SC";470;"140";"RIO DO SUL";"Outras";"Colisão Transversal";"Com Vítimas Feridas";"Plena noite";"Crescente";"Nublado";"Simples";"Cruzamento";"Urbano";2;0;1;0;1;0;1;2
83506388;"11/10/16";"Terça";"08:45:00";"SP";116;"147";"SAO JOSE DOS CAMPOS";"Velocidade incompatível";"Colisão traseira";"Com Vítimas Fatais";"Pleno dia";"Crescente";"Sol";"Dupla";"Reta";"Urbano";3;1;0;0;2;0;0;2
83506389;"11/10/16";"Terça";"13:00:00";"GO";364;"179,9";"JATAI";"Velocidade incompatível";"Saída de Pista";"Com Vítimas Feridas";"Pleno dia";"Decrescente";"Chuva";"Simples";"Curva";"Rural";2;0;2;0;0;0;2;1
83506390;"11/10/16";"Terça";"14:50:00";"CE";222;"41,6";"CAUCAIA";"Outras";"Colisão Transversal";"Com Vítimas Feridas";"Pleno dia";"Crescente";"Ceu Claro";"Simples";"Reta";"Rural";4;0;2;1;1;0;3;2
83506391;"10/10/16";"Segunda";"20:00:00";"PR";163;"10";"BARRACAO";"Falta de atenção";"Colisão traseira";"Com Vítimas Fatais";"Plena noite";"Decrescente";"Ceu Claro";"Simples";"Curva";"Rural";2;1;0;0;1;0;0;2
83506392;"04/10/16";"Terça";"06:15:00";"MG";381;"440";"SABARA";"Outras";"Saída de Pista";"Com Vítimas Feridas";"Pleno dia";"Decrescente";"Ceu Claro";"Simples";"Curva";"Rural";1;0;0;1;0;0;1;1
83506393;"11/10/16";"Terça";"10:30:00";"CE";20;"193,6";"BOA VIAGEM";"Defeito na via";"Capotamento";"Sem Vítimas";"Pleno dia";"Crescente";"Sol";"Simples";"Curva";"Rural";3;0;0;0;3;0;0;1
83506394;"11/10/16";"Terça";"17:10:00";"MG";116;"279,9";"TEOFILO OTONI";"Outras";"Queda de motocicleta / bicicleta / veículo";"Com Vítimas Feridas";"Pleno dia";"Decrescente";"Nublado";"Simples";"Reta";"Rural";1;0;1;0;0;0;1;1
83506395;"09/10/16";"Domingo";"08:00:00";"PI";343;"188";"PIRIPIRI";"Desobediência à sinalização";"Colisão Transversal";"Com Vítimas Feridas";"Pleno dia";"Crescente";"Ceu Claro";"Simples";"Curva";"Urbano";2;0;1;0;0;1;1;2
83506396;"11/10/16";"Terça";"09:55:00";"PE";101;"69";"RECIFE";"Falta de atenção";"Colisão lateral";"Com Vítimas Feridas";"Pleno dia";"Decrescente";"Ceu Claro";"Simples";"Reta";"Urbano";2;0;1;0;1;0;1;2
83506397;"11/10/16";"Terça";"15:55:00";"SP";381;"34,5";"ATIBAIA";"Falta de atenção";"Tombamento";"Com Vítimas Feridas";"Pleno dia";"Decrescente";"Sol";"Dupla";"Reta";"Urbano";1;0;1;0;0;0;1;1
83506398;"11/10/16";"Terça";"16:05:00";"GO";158;"186";"CAIAPONIA";"Ultrapassagem indevida";"Saída de Pista";"Com Vítimas Feridas";"Pleno dia";"Crescente";"Chuva";"Simples";"Curva";"Rural";2;0;2;0;0;0;2;1
83506400;"11/10/16";"Terça";"19:00:00";"PA";316;"63";"CASTANHAL";"Desobediência à sinalização";"Colisão traseira";"Com Vítimas Feridas";"Plena noite";"Decrescente";"Chuva";"Dupla";"Reta";"Urbano";2;0;1;0;1;0;1;2
83506401;"11/10/16";"Terça";"16:30:00";"PE";407;"124";"PETROLINA";"Falta de atenção";"Colisão Transversal";"Com Vítimas Feridas";"Pleno dia";"Crescente";"Sol";"Dupla";"Cruzamento";"Urbano";2;0;2;0;0;0;2;2
83506402;"04/10/16";"Terça";"17:30:00";"RJ";101;"60,1";"CAMPOS DOS GOYTACAZES";"Não guardar distância de segurança";"Colisão Transversal";"Sem Vítimas";"Pleno dia";"Decrescente";"Chuva";"Simples";"Reta";"Urbano";2;0;0;0;2;0;0;2
83506403;"06/10/16";"Quinta";"15:50:00";"MT";364;"399";"CUIABA";"Outras";"Colisão lateral";"Sem Vítimas";"Pleno dia";"Decrescente";"Ceu Claro";"Simples";"Reta";"Urbano";3;0;0;0;3;0;0;3
83506405;"11/10/16";"Terça";"17:40:00";"SC";101;"412,4";"ARARANGUA";"Falta de atenção";"Colisão traseira";"Sem Vítimas";"Pleno dia";"Decrescente";"Nublado";"Simples";"Reta";"Urbano";2;0;0;0;2;0;0;2
83506406;"11/10/16";"Terça";"09:30:00";"MG";381;"494,3";"BETIM";"Defeito mecânico em veículo";"Colisão com objeto fixo";"Sem Vítimas";"Pleno dia";"Decrescente";"Ceu Claro";"Dupla";"Reta";"Urbano";1;0;0;0;1;0;0;1
83506407;"11/10/16";"Terça";"16:30:00";"MS";163;"669";"RIO VERDE DE MATO GROSSO";"Dormindo";"Saída de Pista";"Com Vítimas Feridas";"Pleno dia";"Decrescente";"Nublado";"Simples";"Curva";"Rural";1;0;1;0;0;0;1;1
83506408;"07/10/16";"Sexta";"07:00:00";"SC";470;"64,5";"INDAIAL";"Velocidade incompatível";"Capotamento";"Com Vítimas Feridas";"Pleno dia";"Crescente";"Chuva";"Simples";"Curva";"Urbano";2;0;0;1;1;0;1;2
83506409;"11/10/16";"Terça";"16:20:00";"GO";50;"280,6";"CATALAO";"Desobediência à sinalização";"Colisão Transversal";"Com Vítimas Feridas";"Pleno dia";"Crescente";"Ceu Claro";"Simples";"Reta";"Urbano";2;0;1;0;0;1;1;2
83506410;"11/10/16";"Terça";"10:20:00";"ES";262;"19";"VIANA";"Falta de atenção";"Colisão traseira";"Com Vítimas Feridas";"Pleno dia";"Decrescente";"Chuva";"Simples";"Reta";"Urbano";2;0;1;0;1;0;1;2
83506411;"11/10/16";"Terça";"16:30:00";"MG";381;"425";"SABARA";"Falta de atenção";"Colisão traseira";"Sem Vítimas";"Pleno dia";"Decrescente";"Sol";"Simples";"Reta";"Rural";2;0;0;0;2;0;0;2
83506412;"11/10/16";"Terça";"11:20:00";"SC";101;"116";"ITAJAI";"Não guardar distância de segurança";"Colisão traseira";"Sem Vítimas";"Pleno dia";"Decrescente";"Nublado";"Múltipla";"Reta";"Urbano";4;0;0;0;4;0;0;4
83506413;"11/10/16";"Terça";"21:00:00";"PR";376;"665";"GUARATUBA";"Velocidade incompatível";"Capotamento";"Sem Vítimas";"Plena noite";"Decrescente";"Chuva";"Dupla";"Curva";"Rural";3;0;0;0;3;0;0;1
83506414;"11/10/16";"Terça";"18:20:00";"RJ";101;"62";"CAMPOS DOS GOYTACAZES";"Falta de atenção";"Colisão traseira";"Com Vítimas Feridas";"Plena noite";"Decrescente";"Ceu Claro";"Simples";"Reta";"Urbano";4;0;1;0;3;0;1;3
83506415;"11/10/16";"Terça";"19:00:00";"MS";163;"264,8";"DOURADOS";"Outras";"Queda de motocicleta / bicicleta / veículo";"Com Vítimas Feridas";"Plena noite";"Crescente";"Nublado";"Dupla";"Reta";"Rural";1;0;1;0;0;0;1;1
83506417;"11/10/16";"Terça";"20:50:00";"PA";316;"8";"ANANINDEUA";"Falta de atenção";"Colisão lateral";"Com Vítimas Feridas";"Plena noite";"Crescente";"Ceu Claro";"Dupla";"Reta";"Urbano";2;0;1;0;0;1;1;2
83506418;"11/10/16";"Terça";"15:30:00";"RJ";101;"66,7";"CAMPOS DOS GOYTACAZES";"Velocidade incompatível";"Tombamento";"Com Vítimas Feridas";"Pleno dia";"Decrescente";"Nublado";"Dupla";"Curva";"Urbano";3;0;2;0;1;0;2;1
83506419;"11/10/16";"Terça";"20:05:00";"RS";101;"12,7";"DOM PEDRO DE ALCANTARA";"Não guardar distância de segurança";"Colisão traseira";"Com Vítimas Feridas";"Plena noite";"Crescente";"Nublado";"Dupla";"Reta";"Rural";2;0;0;1;1;0;1;2
83506420;"11/10/16";"Terça";"12:00:00";"SC";101;"116,9";"ITAJAI";"Outras";"Colisão traseira";"Com Vítimas Feridas";"Pleno dia";"Crescente";"Nublado";"Múltipla";"Reta";"Urbano";3;0;0;1;2;0;1;3
83506421;"11/10/16";"Terça";"17:00:00";"RJ";101;"304";"SAO GONCALO";"Outras";"Colisão traseira";"Com Vítimas Feridas";"Pleno dia";"Decrescente";"Ceu Claro";"Dupla";"Reta";"Urbano";3;0;1;0;2;0;1;2
83506422;"11/10/16";"Terça";"21:00:00";"PR";116;"47,6";"CAMPINA GRANDE DO SUL";"Falta de atenção";"Colisão lateral";"Com Vítimas Feridas";"Plena noite";"Crescente";"Chuva";"Dupla";"Reta";"Rural";4;0;3;0;1;0;3;2
83506423;"09/10/16";"Domingo";"18:50:00";"PI";316;"6,3";"TERESINA";"Falta de atenção";"Colisão Transversal";"Com Vítimas Feridas";"Plena noite";"Decrescente";"Ceu Claro";"Simples";"Reta";"Urbano";2;0;1;0;1;0;1;2
83506424;"11/10/16";"Terça";"20:20:00";"DF";60;"2";"BRASILIA";"Desobediência à sinalização";"Colisão traseira";"Com Vítimas Feridas";"Plena noite";"Crescente";"Ceu Claro";"Dupla";"Reta";"Urbano";3;0;1;1;0;1;2;2
83506425;"10/10/16";"Segunda";"02:30:00";"PI";343;"0,4";"TERESINA";"Dormindo";"Queda de motocicleta / bicicleta / veículo";"Com Vítimas Feridas";"Plena noite";"Decrescente";"Ceu Claro";"Dupla";"Reta";"Urbano";1;0;0;1;0;0;1;1
83506426;"08/10/16";"Sábado";"02:35:00";"MG";262;"374";"JUATUBA";"Dormindo";"Capotamento";"Com Vítimas Feridas";"Plena noite";"Crescente";"Ceu Claro";"Dupla";"Reta";"Urbano";2;0;1;0;1;0;1;1
83506427;"11/10/16";"Terça";"14:45:00";"MG";146;"567,4";"ANDRADAS";"Velocidade incompatível";"Colisão lateral";"Sem Vítimas";"Pleno dia";"Crescente";"Chuva";"Simples";"Curva";"Rural";2;0;0;0;2;0;0;2
83506428;"11/10/16";"Terça";"17:00:00";"MG";365;"762";"ITUIUTABA";"Outras";"Saída de Pista";"Com Vítimas Feridas";"Anoitecer";"Decrescente";"Sol";"Simples";"Reta";"Rural";2;0;2;0;0;0;2;1
83506429;"11/10/16";"Terça";"19:00:00";"PE";101;"117";"ESCADA";"Falta de atenção";"Colisão traseira";"Com Vítimas Feridas";"Plena noite";"Crescente";"Ceu Claro";"Simples";"Reta";"Rural";2;0;1;0;1;0;1;2
83506430;"03/10/16";"Segunda";"18:05:00";"PB";230;"60,4";"CRUZ DO ESPIRITO SANTO";"Velocidade incompatível";"Colisão traseira";"Com Vítimas Fatais";"Anoitecer";"Crescente";"Ceu Claro";"Dupla";"Reta";"Rural";2;1;0;0;0;1;0;2
83506431;"10/10/16";"Segunda";"08:40:00";"BA";101;"887";"TEIXEIRA DE FREITAS";"Outras";"Queda de motocicleta / bicicleta / veículo";"Com Vítimas Feridas";"Pleno dia";"Decrescente";"Chuva";"Simples";"Reta";"Rural";1;0;1;0;0;0;1;1
83506432;"11/10/16";"Terça";"18:55:00";"SP";153;"64,8";"SAO JOSE DO RIO PRETO";"Falta de atenção";"Queda de motocicleta / bicicleta / veículo";"Com Vítimas Feridas";"Plena noite";"Crescente";"Chuva";"Dupla";"Reta";"Urbano";1;0;1;0;0;0;1;1
83506433;"11/10/16";"Terça";"18:00:00";"MG";262;"776,5";"UBERABA";"Outras";"Colisão frontal";"Com Vítimas Feridas";"Anoitecer";"Decrescente";"Chuva";"Simples";"Reta";"Rural";3;0;1;0;2;0;1;2
83506434;"11/10/16";"Terça";"13:00:00";"MT";163;"684";"LUCAS DO RIO VERDE";"Outras";"Tombamento";"Sem Vítimas";"Pleno dia";"Decrescente";"Ceu Claro";"Simples";"Reta";"Urbano";1;0;0;0;1;0;0;1
83506435;"11/10/16";"Terça";"13:55:00";"PR";163;"188";"SANTA TEREZA DO OESTE";"Falta de atenção";"Colisão lateral";"Com Vítimas Feridas";"Pleno dia";"Decrescente";"Chuva";"Simples";"Curva";"Rural";3;0;1;0;2;0;1;3
83506436;"11/10/16";"Terça";"18:45:00";"SC";101;"206,9";"SAO JOSE";"Outras";"Colisão lateral";"Com Vítimas Feridas";"Plena noite";"Crescente";"Nublado";"Dupla";"Reta";"Urbano";2;0;1;0;1;0;1;2
83506437;"01/10/16";"Sábado";"18:15:00";"PE";104;"101,1";"CUPIRA";"Outras";"Atropelamento de pessoa";"Com Vítimas Fatais";"Plena noite";"Decrescente";"Ceu Claro";"Simples";"Reta";"Rural";2;1;0;0;1;0;0;1
83506438;"11/10/16";"Terça";"19:54:00";"SC";101;"194";"BIGUACU";"Outras";"Colisão lateral";"Com Vítimas Feridas";"Plena noite";"Decrescente";"Nublado";"Dupla";"Reta";"Urbano";2;0;1;0;1;0;1;2
83506439;"11/10/16";"Terça";"18:50:00";"PA";230;"118";"MARABA";"Falta de atenção";"Colisão lateral";"Com Vítimas Feridas";"Plena noite";"Decrescente";"Ceu Claro";"Dupla";"Reta";"Urbano";2;0;1;1;0;0;2;2
83506440;"11/10/16";"Terça";"21:30:00";"SC";470;"124";"IBIRAMA";"Falta de atenção";"Colisão traseira";"Com Vítimas Feridas";"Plena noite";"Decrescente";"Nublado";"Simples";"Reta";"Urbano";2;0;1;0;1;0;1;2
83506441;"11/10/16";"Terça";"23:00:00";"RJ";101;"306";"SAO GONCALO";"Falta de atenção";"Colisão Transversal";"Com Vítimas Feridas";"Plena noite";"Crescente";"Ceu Claro";"Dupla";"Reta";"Urbano";2;0;1;0;1;0;1;2
83506442;"11/10/16";"Terça";"15:50:00";"RS";290;"130,4";"ELDORADO DO SUL";"Falta de atenção";"Colisão Transversal";"Com Vítimas Feridas";"Pleno dia";"Crescente";"Sol";"Simples";"Reta";"Urbano";5;0;2;0;3;0;2;2
83506443;"09/10/16";"Domingo";"11:30:00";"PI";135;"429,7";"REDENCAO DO GURGUEIA";"Defeito na via";"Capotamento";"Com Vítimas Feridas";"Pleno dia";"Decrescente";"Ceu Claro";"Simples";"Reta";"Rural";5;0;3;1;1;0;4;1
83506444;"11/10/16";"Terça";"06:30:00";"PA";316;"5,5";"ANANINDEUA";"Outras";"Colisão lateral";"Com Vítimas Feridas";"Amanhecer";"Crescente";"Ceu Claro";"Dupla";"Reta";"Urbano";3;0;2;0;0;1;2;2
83506445;"11/10/16";"Terça";"22:25:00";"PR";116;"40";"CAMPINA GRANDE DO SUL";"Velocidade incompatível";"Saída de Pista";"Com Vítimas Feridas";"Pleno dia";"Crescente";"Nublado";"Dupla";"Reta";"Rural";2;0;1;0;1;0;1;1
83506446;"11/10/16";"Terça";"19:00:00";"RS";158;"329";"SANTA MARIA";"Falta de atenção";"Colisão traseira";"Sem Vítimas";"Plena noite";"Crescente";"Ceu Claro";"Simples";"Curva";"Urbano";2;0;0;0;2;0;0;2
83506447;"11/10/16";"Terça";"17:15:00";"MG";365;"491,2";"PATROCINIO";"Outras";"Saída de Pista";"Com Vítimas Feridas";"Pleno dia";"Crescente";"Sol";"Simples";"Reta";"Rural";4;0;4;0;0;0;4;1
83506448;"11/10/16";"Terça";"21:45:00";"MS";163;"330,5";"RIO BRILHANTE";"Animais na Pista";"Atropelamento de animal";"Com Vítimas Feridas";"Plena noite";"Decrescente";"Ceu Claro";"Simples";"Reta";"Rural";1;0;1;0;0;0;1;1
83506449;"09/10/16";"Domingo";"17:00:00";"RR";174;"479";"BOA VISTA";"Falta de atenção";"Capotamento";"Com Vítimas Feridas";"Pleno dia";"Decrescente";"Sol";"Simples";"Curva";"Rural";1;0;0;1;0;0;1;1
83506450;"11/10/16";"Terça";"22:40:00";"RJ";101;"537";"PARATI";"Velocidade incompatível";"Capotamento";"Sem Vítimas";"Plena noite";"Decrescente";"Chuva";"Simples";"Curva";"Rural";1;0;0;0;1;0;0;1
83506451;"11/10/16";"Terça";"16:00:00";"RR";401;"1";"BOA VISTA";"Falta de atenção";"Colisão lateral";"Com Vítimas Feridas";"Pleno dia";"Crescente";"Sol";"Dupla";"Cruzamento";"Urbano";3;0;1;1;1;0;2;2
83506452;"11/10/16";"Terça";"21:50:00";"PI";343;"44,2";"LAGOA DO PIAUI";"Animais na Pista";"Atropelamento de animal";"Sem Vítimas";"Plena noite";"Crescente";"Ceu Claro";"Simples";"Reta";"Rural";1;0;0;0;1;0;0;1
83506453;"11/10/16";"Terça";"20:30:00";"PE";101;"67,9";"RECIFE";"Ingestão de álcool";"Saída de Pista";"Sem Vítimas";"Plena noite";"Crescente";"Ceu Claro";"Simples";"Reta";"Urbano";1;0;0;0;1;0;0;1
83506454;"11/10/16";"Terça";"22:00:00";"PR";476;"303";"SAO MATEUS DO SUL";"Ultrapassagem indevida";"Colisão frontal";"Com Vítimas Feridas";"Plena noite";"Crescente";"Nevoeiro/neblina";"Simples";"Reta";"Urbano";4;0;3;0;1;0;3;2
83506455;"11/10/16";"Terça";"13:50:00";"PE";408;"96,6";"SAO LOURENCO DA MATA";"Velocidade incompatível";"Colisão lateral";"Sem Vítimas";"Pleno dia";"Decrescente";"Sol";"Dupla";"Reta";"Rural";2;0;0;0;2;0;0;2
83506456;"11/10/16";"Terça";"19:10:00";"RS";290;"652";"URUGUAIANA";"Velocidade incompatível";"Capotamento";"Sem Vítimas";"Plena noite";"Crescente";"Nublado";"Simples";"Reta";"Rural";1;0;0;0;1;0;0;1
83506457;"11/10/16";"Terça";"21:40:00";"PR";116;"108";"SAO JOSE DOS PINHAIS";"Ingestão de álcool";"Colisão lateral";"Sem Vítimas";"Plena noite";"Crescente";"Nublado";"Dupla";"Reta";"Rural";3;0;0;0;3;0;0;3
83506458;"11/10/16";"Terça";"19:30:00";"SP";153;"99,3";"JOSE BONIFACIO";"Falta de atenção";"Colisão Transversal";"Com Vítimas Feridas";"Plena noite";"Decrescente";"Nublado";"Dupla";"Reta";"Rural";3;0;1;1;1;0;2;2
83506459;"12/10/16";"Quarta";"03:00:00";"SC";101;"334,5";"TUBARAO";"Outras";"Colisão com objeto fixo";"Com Vítimas Feridas";"Plena noite";"Decrescente";"Nublado";"Dupla";"Reta";"Urbano";1;0;1;0;0;0;1;1
83506460;"12/10/16";"Quarta";"00:45:00";"SC";101;"163,7";"TIJUCAS";"Outras";"Colisão frontal";"Com Vítimas Feridas";"Plena noite";"Crescente";"Chuva";"Simples";"Curva";"Urbano";3;0;2;0;1;0;2;2
83506461;"12/10/16";"Quarta";"03:00:00";"PR";376;"147";"PRESIDENTE CASTELO BRANCO";"Ingestão de álcool";"Queda de motocicleta / bicicleta / veículo";"Com Vítimas Feridas";"Plena noite";"Crescente";"Ceu Claro";"Dupla";"Curva";"Rural";1;0;1;0;0;0;1;1
83506462;"07/10/16";"Sexta";"19:20:00";"CE";222;"244,4";"SOBRAL";"Falta de atenção";"Colisão Transversal";"Sem Vítimas";"Plena noite";"Crescente";"Ceu Claro";"Simples";"Reta";"Rural";2;0;0;0;1;1;0;2
83506464;"11/10/16";"Terça";"16:40:00";"RO";364;"522";"ARIQUEMES";"Outras";"Colisão com objeto fixo";"Sem Vítimas";"Pleno dia";"Crescente";"Ceu Claro";"Simples";"Reta";"Rural";2;0;0;0;2;0;0;1
83506465;"28/09/16";"Quarta";"21:30:00";"GO";153;"700";"ITUMBIARA";"Falta de atenção";"Colisão Transversal";"Sem Vítimas";"Plena noite";"Crescente";"Ceu Claro";"Simples";"Reta";"Urbano";2;0;0;0;2;0;0;2
83506466;"07/10/16";"Sexta";"14:30:00";"PR";163;"143,6";"CAPITAO LEONIDAS MARQUES";"Desobediência à sinalização";"Colisão Transversal";"Sem Vítimas";"Pleno dia";"Crescente";"Ceu Claro";"Simples";"Cruzamento";"Rural";2;0;0;0;2;0;0;2
83506467;"11/10/16";"Terça";"09:10:00";"SC";101;"128,1";"BALNEARIO CAMBORIU";"Defeito mecânico em veículo";"Colisão lateral";"Com Vítimas Feridas";"Pleno dia";"Crescente";"Nublado";"Dupla";"Reta";"Rural";2;0;1;0;1;0;1;2
83506468;"11/10/16";"Terça";"23:30:00";"PR";376;"166,5";"MARINGA";"Falta de atenção";"Colisão traseira";"Sem Vítimas";"Plena noite";"Crescente";"Nublado";"Dupla";"Reta";"Rural";2;0;0;0;2;0;0;2
83506469;"03/10/16";"Segunda";"20:20:00";"MG";381;"541";"ITATIAIUCU";"Velocidade incompatível";"Capotamento";"Sem Vítimas";"Plena noite";"Decrescente";"Chuva";"Dupla";"Reta";"Rural";1;0;0;0;1;0;0;1
83506470;"12/10/16";"Quarta";"03:30:00";"SC";101;"19,5";"JOINVILLE";"Falta de atenção";"Colisão traseira";"Sem Vítimas";"Plena noite";"Crescente";"Nublado";"Dupla";"Reta";"Urbano";2;0;0;0;1;1;0;2
83506471;"11/10/16";"Terça";"17:50:00";"SP";381;"30";"ATIBAIA";"Defeito mecânico em veículo";"Colisão com objeto fixo";"Sem Vítimas";"Anoitecer";"Crescente";"Ceu Claro";"Dupla";"Reta";"Rural";1;0;0;0;1;0;0;1
83506472;"12/10/16";"Quarta";"04:30:00";"RS";290;"87";"PORTO ALEGRE";"Ingestão de álcool";"Saída de Pista";"Sem Vítimas";"Amanhecer";"Decrescente";"Nublado";"Simples";"Reta";"Urbano";1;0;0;0;1;0;0;1
83506473;"11/10/16";"Terça";"16:20:00";"BA";407;"150";"FILADELFIA";"Outras";"Colisão traseira";"Com Vítimas Feridas";"Pleno dia";"Crescente";"Sol";"Simples";"Reta";"Rural";2;0;1;0;0;1;1;2
83506474;"12/10/16";"Quarta";"03:15:00";"RS";285;"121,2";"VACARIA";"Ingestão de álcool";"Colisão com objeto fixo";"Ignorado";"Plena noite";"Crescente";"Ceu Claro";"Simples";"Reta";"Urbano";2;0;0;0;0;2;0;1
83506475;"10/10/16";"Segunda";"06:05:00";"GO";40;"10";"VALPARAISO DE GOIAS";"Outras";"Queda de motocicleta / bicicleta / veículo";"Com Vítimas Feridas";"Pleno dia";"Decrescente";"Ceu Claro";"Dupla";"Reta";"Urbano";1;0;1;0;0;0;1;1
83506476;"11/10/16";"Terça";"07:41:00";"SC";101;"44";"JOINVILLE";"Falta de atenção";"Colisão traseira";"Sem Vítimas";"Pleno dia";"Crescente";"Nublado";"Dupla";"Reta";"Urbano";2;0;0;0;1;1;0;2
83506477;"11/10/16";"Terça";"15:30:00";"TO";153;"359";"FORTALEZA DO TABOCAO";"Velocidade incompatível";"Colisão Transversal";"Com Vítimas Fatais";"Pleno dia";"Decrescente";"Ceu Claro";"Simples";"Reta";"Rural";3;1;0;1;1;0;1;2
83506478;"11/10/16";"Terça";"16:30:00";"BA";324;"531";"FEIRA DE SANTANA";"Ultrapassagem indevida";"Colisão lateral";"Com Vítimas Feridas";"Pleno dia";"Crescente";"Nublado";"Dupla";"Reta";"Rural";4;0;1;0;2;1;1;4
83506479;"12/10/16";"Quarta";"02:30:00";"PR";369;"429";"JURANDA";"Ingestão de álcool";"Queda de motocicleta / bicicleta / veículo";"Com Vítimas Feridas";"Plena noite";"Decrescente";"Ceu Claro";"Simples";"Reta";"Rural";1;0;1;0;0;0;1;1