"id";"data_inversa";"dia_semana";"horario";"uf";"br";"km";"municipio";"causa_acidente";"tipo_acidente";"classificacao_acidente";"fase_dia";"sentido_via";"condicao_metereologica";"tipo_pista";"tracado_via";"uso_solo";"pessoas";"mortos";"feridos_leves";"feridos_graves";"ilesos";"ignorados";"feridos";"veiculos"
83506592;"05/10/16";"Quarta";"03:00:00";"SP";381;"75";"SAO PAULO";"Velocidade incompatível";"Capotamento";"Com Vítimas Feridas";"Plena noite";"Decrescente";"Chuva";"Dupla";"Curva";"Urbano";2;0;2;0;0;0;2;1
83506593;"12/10/16";"Quarta";"14:10:00";"MG";381;"527,3";"BRUMADINHO";"Velocidade incompatível";"Colisão com objeto fixo";"Com Vítimas Feridas";"Pleno dia";"Decrescente";"Ceu Claro";"Dupla";"Curva";"Rural";1;0;1;0;0;0;1;1
83506594;"12/10/16";"Quarta";"08:45:00";"MT";364;"474";"JANGADA";"Velocidade incompatível";"Tombamento";"Com Vítimas Feridas";"Pleno dia";"Decrescente";"Chuva";"Simples";"Curva";"Rural";1;0;1;0;0;0;1;1
83506595;"12/10/16";"Quarta";"12:20:00";"BA";324;"7";"FEIRA DE SANTANA";"Velocidade incompatível";"Tombamento";"Com Vítimas Feridas";"Pleno dia";"Crescente";"Chuva";"Simples";"Reta";"Urbano";2;0;0;2;0;0;2;1
83506596;"12/10/16";"Quarta";"14:00:00";"PE";101;"48,2";"ABREU E LIMA";"Falta de atenção";"Colisão traseira";"Sem Vítimas";"Pleno dia";"Crescente";"Ceu Claro";"Múltipla";"Reta";"Urbano";3;0;0;0;3;0;0;3
83506597;"12/10/16";"Quarta";"09:20:00";"MG";40;"491";"ESMERALDAS";"Outras";"Saída de Pista";"Com Vítimas Feridas";"Pleno dia";"Decrescente";"Ceu Claro";"Dupla";"Curva";"Rural";1;0;1;0;0;0;1;1
83506598;"12/10/16";"Quarta";"12:45:00";"PR";116;"112";"CURITIBA";"Falta de atenção";"Saída de Pista";"Com Vítimas Feridas";"Pleno dia";"Crescente";"Ceu Claro";"Dupla";"Reta";"Urbano";2;0;1;0;1;0;1;2
83506599;"12/10/16";"Quarta";"11:50:00";"RS";285;"653,1";"SAO BORJA";"Velocidade incompatível";"Saída de Pista";"Com Vítimas Fatais";"Pleno dia";"Decrescente";"Chuva";"Simples";"Reta";"Rural";2;1;1;0;0;0;1;1
83506600;"12/10/16";"Quarta";"10:40:00";"RJ";101;"529";"ANGRA DOS REIS";"Falta de atenção";"Colisão Transversal";"Com Vítimas Feridas";"Pleno dia";"Decrescente";"Nublado";"Simples";"Cruzamento";"Rural";4;0;3;0;1;0;3;2
83506601;"12/10/16";"Quarta";"13:40:00";"MG";459;"104,4";"POUSO ALEGRE";"Falta de atenção";"Colisão lateral";"Com Vítimas Feridas";"Pleno dia";"Crescente";"Ceu Claro";"Dupla";"Reta";"Rural";3;0;1;1;1;0;2;2
83506603;"12/10/16";"Quarta";"11:50:00";"CE";222;"4,2";"CAUCAIA";"Outras";"Queda de motocicleta / bicicleta / veículo";"Com Vítimas Feridas";"Pleno dia";"Decrescente";"Sol";"Dupla";"Reta";"Urbano";1;0;0;1;0;0;1;1
83506604;"12/10/16";"Quarta";"11:00:00";"MG";381;"839,5";"SAO SEBASTIAO DA BELA VISTA";"Falta de atenção";"Colisão traseira";"Com Vítimas Feridas";"Pleno dia";"Crescente";"Ceu Claro";"Dupla";"Cruzamento";"Rural";4;0;0;2;2;0;2;2
83506605;"09/10/16";"Domingo";"07:15:00";"MS";262;"476,5";"ANASTACIO";"Defeito mecânico em veículo";"Capotamento";"Com Vítimas Feridas";"Pleno dia";"Decrescente";"Ceu Claro";"Simples";"Reta";"Rural";4;0;1;0;3;0;1;1
83506606;"12/10/16";"Quarta";"09:30:00";"PR";153;"22";"JACAREZINHO";"Falta de atenção";"Colisão lateral";"Sem Vítimas";"Pleno dia";"Crescente";"Ceu Claro";"Simples";"Reta";"Rural";2;0;0;0;2;0;0;2
83506607;"12/10/16";"Quarta";"09:00:00";"SC";116;"99,1";"MONTE CASTELO";"Falta de atenção";"Colisão Transversal";"Com Vítimas Feridas";"Pleno dia";"Crescente";"Ceu Claro";"Simples";"Reta";"Rural";3;0;2;0;1;0;2;2
83506608;"12/10/16";"Quarta";"14:15:00";"SC";101;"353,9";"JAGUARUNA";"Falta de atenção";"Colisão lateral";"Com Vítimas Feridas";"Pleno dia";"Crescente";"Nublado";"Dupla";"Reta";"Rural";4;0;2;0;2;0;2;2
83506609;"10/09/16";"Sábado";"20:45:00";"PR";277;"2";"PARANAGUA";"Ingestão de álcool";"Colisão com bicicleta";"Com Vítimas Feridas";"Plena noite";"Crescente";"Ceu Claro";"Dupla";"Reta";"Urbano";2;0;1;1;0;0;2;2
83506610;"12/10/16";"Quarta";"15:10:00";"PR";277;"693";"SAO MIGUEL DO IGUACU";"Falta de atenção";"Saída de Pista";"Sem Vítimas";"Pleno dia";"Crescente";"Chuva";"Dupla";"Reta";"Rural";1;0;0;0;1;0;0;1
83506611;"12/10/16";"Quarta";"14:50:00";"MG";116;"277";"TEOFILO OTONI";"Outras";"Colisão lateral";"Com Vítimas Feridas";"Pleno dia";"Decrescente";"Sol";"Dupla";"Reta";"Urbano";2;0;1;0;1;0;1;2
83506612;"12/10/16";"Quarta";"11:50:00";"PB";230;"413,5";"POMBAL";"Ultrapassagem indevida";"Capotamento";"Com Vítimas Feridas";"Pleno dia";"Decrescente";"Ceu Claro";"Simples";"Reta";"Rural";5;0;4;0;1;0;4;1
83506614;"12/10/16";"Quarta";"14:00:00";"MS";163;"638";"SAO GABRIEL DO OESTE";"Dormindo";"Saída de Pista";"Sem Vítimas";"Pleno dia";"Decrescente";"Ceu Claro";"Dupla";"Reta";"Rural";1;0;0;0;1;0;0;1
83506615;"12/10/16";"Quarta";"15:40:00";"GO";60;"133";"GOIANIA";"Outras";"Tombamento";"Sem Vítimas";"Pleno dia";"Decrescente";"Ceu Claro";"Dupla";"Reta";"Urbano";1;0;0;0;1;0;0;1
83506616;"12/10/16";"Quarta";"11:29:00";"MG";381;"907";"CAMBUI";"Outras";"Queda de motocicleta / bicicleta / veículo";"Com Vítimas Feridas";"Pleno dia";"Crescente";"Sol";"Dupla";"Curva";"Rural";1;0;0;1;0;0;1;1
83506617;"08/10/16";"Sábado";"23:35:00";"AC";364;"162";"RIO BRANCO";"Outras";"Queda de motocicleta / bicicleta / veículo";"Com Vítimas Feridas";"Plena noite";"Decrescente";"Nublado";"Simples";"Reta";"Rural";1;0;1;0;0;0;1;1
83506618;"12/10/16";"Quarta";"13:50:00";"BA";324;"579";"SAO SEBASTIAO DO PASSE";"Defeito mecânico em veículo";"Capotamento";"Com Vítimas Feridas";"Pleno dia";"Crescente";"Chuva";"Dupla";"Curva";"Rural";1;0;1;0;0;0;1;1
83506619;"07/10/16";"Sexta";"10:00:00";"ES";101;"297,5";"CARIACICA";"Falta de atenção";"Colisão lateral";"Sem Vítimas";"Pleno dia";"Decrescente";"Nublado";"Dupla";"Reta";"Urbano";2;0;0;0;2;0;0;2
83506620;"12/10/16";"Quarta";"13:35:00";"MG";381;"495";"BETIM";"Velocidade incompatível";"Capotamento";"Com Vítimas Feridas";"Pleno dia";"Crescente";"Ceu Claro";"Dupla";"Curva";"Rural";2;0;2;0;0;0;2;1
83506621;"08/10/16";"Sábado";"07:30:00";"SP";116;"198";"ARUJA";"Outras";"Atropelamento de pessoa";"Com Vítimas Feridas";"Pleno dia";"Decrescente";"Ceu Claro";"Dupla";"Reta";"Rural";2;0;0;1;1;0;1;1
83506622;"12/10/16";"Quarta";"10:50:00";"SP";116;"514";"CAJATI";"Velocidade incompatível";"Tombamento";"Com Vítimas Feridas";"Pleno dia";"Decrescente";"Nublado";"Múltipla";"Curva";"Urbano";2;0;0;2;0;0;2;1
83506623;"12/10/16";"Quarta";"15:00:00";"PE";316;"59,5";"TRINDADE";"Não guardar distância de segurança";"Colisão traseira";"Com Vítimas Feridas";"Pleno dia";"Crescente";"Ceu Claro";"Simples";"Reta";"Rural";3;0;3;0;0;0;3;2
83506624;"12/10/16";"Quarta";"16:00:00";"PR";116;"59";"CAMPINA GRANDE DO SUL";"Falta de atenção";"Colisão traseira";"Com Vítimas Feridas";"Pleno dia";"Decrescente";"Nublado";"Dupla";"Reta";"Urbano";2;0;1;0;1;0;1;2
83506625;"12/10/16";"Quarta";"14:50:00";"SC";101;"262,4";"GAROPABA";"Outras";"Saída de Pista";"Com Vítimas Feridas";"Pleno dia";"Decrescente";"Ceu Claro";"Dupla";"Curva";"Rural";1;0;1;0;0;0;1;1
83506626;"10/10/16";"Segunda";"06:30:00";"SC";282;"523,1";"XAXIM";"Dormindo";"Saída de Pista";"Com Vítimas Feridas";"Amanhecer";"Crescente";"Ceu Claro";"Simples";"Curva";"Rural";2;0;1;1;0;0;2;1
83506627;"08/10/16";"Sábado";"16:30:00";"PR";373;"398";"CANDOI";"Falta de atenção";"Colisão traseira";"Sem Vítimas";"Pleno dia";"Decrescente";"Nublado";"Simples";"Reta";"Rural";2;0;0;0;2;0;0;2
83506628;"11/10/16";"Terça";"14:45:00";"GO";158;"178";"CAIAPONIA";"Velocidade incompatível";"Colisão lateral";"Com Vítimas Feridas";"Pleno dia";"Decrescente";"Chuva";"Simples";"Curva";"Urbano";2;0;1;0;1;0;1;2
83506629;"12/10/16";"Quarta";"11:40:00";"SC";101;"205";"SAO JOSE";"Outras";"Colisão traseira";"Com Vítimas Feridas";"Pleno dia";"Decrescente";"Nevoeiro/neblina";"Dupla";"Reta";"Urbano";7;0;1;0;5;1;1;6
83506630;"12/10/16";"Quarta";"09:30:00";"RN";406;"169";"SAO GONCALO DO AMARANTE";"Outras";"Capotamento";"Sem Vítimas";"Pleno dia";"Decrescente";"Nublado";"Dupla";"Reta";"Urbano";1;0;0;0;1;0;0;1
83506631;"12/10/16";"Quarta";"14:00:00";"PR";153;"41,5";"SANTO ANTONIO DA PLATINA";"Falta de atenção";"Colisão lateral";"Com Vítimas Feridas";"Pleno dia";"Decrescente";"Ceu Claro";"Simples";"Reta";"Urbano";4;0;0;1;3;0;1;2
83506632;"09/10/16";"Domingo";"20:55:00";"RN";405;"2";"MOSSORO";"Ingestão de álcool";"Colisão Transversal";"Sem Vítimas";"Plena noite";"Decrescente";"Ceu Claro";"Dupla";"Reta";"Urbano";2;0;0;0;2;0;0;2
83506633;"12/10/16";"Quarta";"14:30:00";"CE";222;"8,9";"CAUCAIA";"Outras";"Colisão lateral";"Com Vítimas Feridas";"Pleno dia";"Crescente";"Ceu Claro";"Dupla";"Curva";"Urbano";2;0;0;1;1;0;1;2
83506634;"12/10/16";"Quarta";"16:30:00";"MG";381;"884,2";"ESTIVA";"Velocidade incompatível";"Saída de Pista";"Sem Vítimas";"Pleno dia";"Decrescente";"Chuva";"Dupla";"Reta";"Rural";4;0;0;0;4;0;0;1
83506635;"12/10/16";"Quarta";"17:00:00";"SP";116;"148,3";"SAO JOSE DOS CAMPOS";"Falta de atenção";"Colisão traseira";"Sem Vítimas";"Pleno dia";"Crescente";"Ceu Claro";"Simples";"Reta";"Urbano";3;0;0;0;3;0;0;3
83506636;"12/10/16";"Quarta";"17:30:00";"SC";101;"86";"BARRA VELHA";"Falta de atenção";"Colisão traseira";"Sem Vítimas";"Pleno dia";"Crescente";"Nublado";"Múltipla";"Cruzamento";"Urbano";2;0;0;0;2;0;0;2
83506637;"12/10/16";"Quarta";"10:50:00";"GO";60;"382";"RIO VERDE";"Falta de atenção";"Colisão lateral";"Com Vítimas Feridas";"Pleno dia";"Crescente";"Ceu Claro";"Dupla";"Cruzamento";"Urbano";6;0;1;0;5;0;1;2
83506638;"12/10/16";"Quarta";"17:20:00";"SC";282;"513,8";"XAXIM";"Velocidade incompatível";"Capotamento";"Sem Vítimas";"Pleno dia";"Crescente";"Nublado";"Simples";"Curva";"Rural";1;0;0;0;1;0;0;1
83506639;"12/10/16";"Quarta";"15:15:00";"ES";101;"262";"SERRA";"Velocidade incompatível";"Queda de motocicleta / bicicleta / veículo";"Com Vítimas Feridas";"Pleno dia";"Crescente";"Sol";"Dupla";"Reta";"Urbano";1;0;1;0;0;0;1;1
83506640;"12/10/16";"Quarta";"17:00:00";"MS";267;"232";"NOVA ALVORADA DO SUL";"Defeito mecânico em veículo";"Capotamento";"Sem Vítimas";"Pleno dia";"Crescente";"Ceu Claro";"Simples";"Reta";"Rural";2;0;0;0;2;0;0;1
83506641;"12/10/16";"Quarta";"15:30:00";"MT";174;"32,7";"CACERES";"Falta de atenção";"Colisão com bicicleta";"Com Vítimas Feridas";"Pleno dia";"Crescente";"Nublado";"Simples";"Reta";"Urbano";12;0;1;0;11;0;1;2
83506642;"12/10/16";"Quarta";"17:30:00";"CE";222;"313,3";"TIANGUA";"Outras";"Colisão Transversal";"Sem Vítimas";"Anoitecer";"Crescente";"Ceu Claro";"Simples";"Reta";"Urbano";2;0;0;0;2;0;0;2
83506643;"09/09/16";"Sexta";"04:50:00";"PR";116;"206,2";"RIO NEGRO";"Ingestão de álcool";"Colisão com objeto fixo";"Ignorado";"Plena noite";"Crescente";"Nublado";"Simples";"Reta";"Urbano";1;0;0;0;0;1;0;1
83506644;"12/10/16";"Quarta";"16:15:00";"GO";60;"96,3";"ANAPOLIS";"Desobediência à sinalização";"Colisão Transversal";"Com Vítimas Feridas";"Pleno dia";"Crescente";"Nublado";"Dupla";"Cruzamento";"Urbano";2;0;0;1;1;0;1;2
83506645;"08/10/16";"Sábado";"17:20:00";"RN";304;"74,2";"MOSSORO";"Ingestão de álcool";"Colisão lateral";"Sem Vítimas";"Pleno dia";"Crescente";"Ignorada";"Simples";"Reta";"Rural";2;0;0;0;1;1;0;2
83506646;"12/10/16";"Quarta";"17:30:00";"PR";376;"528,4";"PONTA GROSSA";"Outras";"Queda de motocicleta / bicicleta / veículo";"Com Vítimas Feridas";"Pleno dia";"Crescente";"Chuva";"Dupla";"Reta";"Rural";2;0;2;0;0;0;2;1
83506647;"12/10/16";"Quarta";"15:00:00";"MG";262;"567,3";"CORREGO DANTA";"Defeito mecânico em veículo";"Colisão Transversal";"Com Vítimas Feridas";"Pleno dia";"Decrescente";"Sol";"Simples";"Reta";"Rural";6;0;0;4;2;0;4;3
83506648;"12/10/16";"Quarta";"09:30:00";"MG";40;"244";"SAO GONCALO DO ABAETE";"Defeito na via";"Colisão traseira";"Com Vítimas Feridas";"Pleno dia";"Crescente";"Ceu Claro";"Simples";"Reta";"Rural";7;0;2;0;5;0;2;4
83506649;"12/10/16";"Quarta";"17:40:00";"MG";381;"876";"ESTIVA";"Falta de atenção";"Capotamento";"Sem Vítimas";"Anoitecer";"Decrescente";"Chuva";"Dupla";"Curva";"Rural";1;0;0;0;1;0;0;1
83506650;"08/10/16";"Sábado";"09:05:00";"PR";373;"193,8";"PONTA GROSSA";"Velocidade incompatível";"Colisão Transversal";"Com Vítimas Feridas";"Pleno dia";"Crescente";"Ceu Claro";"Simples";"Reta";"Rural";7;0;4;0;3;0;4;2
83506651;"12/10/16";"Quarta";"17:20:00";"GO";60;"50,9";"ABADIANIA";"Outras";"Capotamento";"Com Vítimas Feridas";"Pleno dia";"Decrescente";"Ceu Claro";"Dupla";"Curva";"Urbano";1;0;1;0;0;0;1;1
83506652;"12/10/16";"Quarta";"06:30:00";"MG";262;"583,3";"CAMPOS ALTOS";"Velocidade incompatível";"Tombamento";"Com Vítimas Feridas";"Pleno dia";"Decrescente";"Nublado";"Simples";"Curva";"Rural";1;0;1;0;0;0;1;1
83506653;"12/10/16";"Quarta";"18:50:00";"RS";285;"325,1";"CARAZINHO";"Ingestão de álcool";"Colisão lateral";"Sem Vítimas";"Plena noite";"Crescente";"Nublado";"Simples";"Reta";"Rural";2;0;0;0;2;0;0;2
83506654;"12/10/16";"Quarta";"17:50:00";"PR";369;"190,8";"ARAPONGAS";"Animais na Pista";"Capotamento";"Com Vítimas Feridas";"Anoitecer";"Crescente";"Ceu Claro";"Dupla";"Reta";"Rural";1;0;0;1;0;0;1;1
83506655;"11/10/16";"Terça";"22:50:00";"CE";116;"365";"ICO";"Animais na Pista";"Atropelamento de animal";"Com Vítimas Feridas";"Plena noite";"Crescente";"Ceu Claro";"Simples";"Curva";"Rural";1;0;0;1;0;0;1;1
83506656;"07/10/16";"Sexta";"11:50:00";"RS";116;"257";"ESTEIO";"Outras";"Tombamento";"Com Vítimas Feridas";"Pleno dia";"Crescente";"Ceu Claro";"Simples";"Cruzamento";"Urbano";1;0;1;0;0;0;1;1
83506657;"12/10/16";"Quarta";"19:18:00";"MG";381;"485,1";"BETIM";"Outras";"Queda de motocicleta / bicicleta / veículo";"Com Vítimas Feridas";"Plena noite";"Decrescente";"Ceu Claro";"Múltipla";"Curva";"Urbano";2;0;1;0;1;0;1;1
83506658;"12/10/16";"Quarta";"16:30:00";"RS";116;"294,4";"GUAIBA";"Outras";"Saída de Pista";"Com Vítimas Fatais";"Pleno dia";"Decrescente";"Ceu Claro";"Dupla";"Reta";"Rural";1;1;0;0;0;0;0;1
83506659;"08/10/16";"Sábado";"20:00:00";"CE";116;"21";"EUSEBIO";"Animais na Pista";"Atropelamento de animal";"Com Vítimas Feridas";"Plena noite";"Decrescente";"Ceu Claro";"Dupla";"Reta";"Urbano";1;0;0;1;0;0;1;1
83506660;"12/10/16";"Quarta";"12:15:00";"PR";277;"190";"PALMEIRA";"Defeito mecânico em veículo";"Saída de Pista";"Sem Vítimas";"Pleno dia";"Crescente";"Sol";"Simples";"Reta";"Urbano";1;0;0;0;1;0;0;1
83506661;"12/10/16";"Quarta";"17:10:00";"MS";163;"44,2";"ELDORADO";"Outras";"Colisão com bicicleta";"Com Vítimas Feridas";"Anoitecer";"Decrescente";"Chuva";"Simples";"Curva";"Rural";2;0;0;1;1;0;1;2
83506662;"12/10/16";"Quarta";"16:30:00";"RJ";116;"231";"PIRAI";"Outras";"Queda de motocicleta / bicicleta / veículo";"Com Vítimas Feridas";"Pleno dia";"Decrescente";"Sol";"Simples";"Curva";"Rural";2;0;2;0;0;0;2;1
83506663;"12/10/16";"Quarta";"17:50:00";"MG";381;"659";"SANTO ANTONIO DO AMPARO";"Velocidade incompatível";"Colisão com objeto fixo";"Sem Vítimas";"Anoitecer";"Decrescente";"Nublado";"Dupla";"Reta";"Rural";1;0;0;0;1;0;0;1
83506664;"12/10/16";"Quarta";"18:00:00";"SC";470;"100,3";"APIUNA";"Outras";"Colisão frontal";"Com Vítimas Feridas";"Anoitecer";"Decrescente";"Nublado";"Simples";"Reta";"Urbano";2;0;1;0;1;0;1;2
83506665;"12/10/16";"Quarta";"14:30:00";"MS";163;"172,5";"JUTI";"Ingestão de álcool";"Colisão traseira";"Sem Vítimas";"Pleno dia";"Crescente";"Ceu Claro";"Simples";"Reta";"Urbano";4;0;0;0;4;0;0;2
83506666;"12/10/16";"Quarta";"19:00:00";"BA";324;"513,5";"FEIRA DE SANTANA";"Falta de atenção";"Colisão Transversal";"Sem Vítimas";"Plena noite";"Decrescente";"Nublado";"Simples";"Curva";"Urbano";2;0;0;0;2;0;0;2
83506667;"12/10/16";"Quarta";"17:30:00";"MG";381;"889";"CAMBUI";"Velocidade incompatível";"Saída de Pista";"Com Vítimas Feridas";"Anoitecer";"Crescente";"Chuva";"Dupla";"Curva";"Rural";3;0;2;0;1;0;2;2
83506668;"12/10/16";"Quarta";"18:10:00";"PI";343;"348,1";"TERESINA";"Falta de atenção";"Atropelamento de pessoa";"Com Vítimas Feridas";"Anoitecer";"Decrescente";"Ceu Claro";"Múltipla";"Reta";"Urbano";2;0;1;1;0;0;2;1
83506669;"12/10/16";"Quarta";"13:40:00";"RS";293;"106,5";"PINHEIRO MACHADO";"Dormindo";"Saída de Pista";"Com Vítimas Feridas";"Pleno dia";"Decrescente";"Ceu Claro";"Simples";"Reta";"Rural";1;0;1;0;0;0;1;1
83506670;"12/10/16";"Quarta";"17:10:00";"SP";101;"25,5";"UBATUBA";"Ingestão de álcool";"Colisão lateral";"Com Vítimas Feridas";"Pleno dia";"Crescente";"Sol";"Simples";"Curva";"Rural";3;0;1;0;2;0;1;2
83506671;"28/09/16";"Quarta";"21:20:00";"DF";80;"17";"BRASILIA";"Velocidade incompatível";"Saída de Pista";"Com Vítimas Feridas";"Plena noite";"Crescente";"Ceu Claro";"Simples";"Reta";"Rural";4;0;2;0;0;2;2;1
83506672;"08/10/16";"Sábado";"07:30:00";"MG";262;"35,1";"MANHUACU";"Ultrapassagem indevida";"Colisão frontal";"Com Vítimas Feridas";"Pleno dia";"Crescente";"Nublado";"Simples";"Reta";"Urbano";3;0;1;0;2;0;1;2
83506673;"12/10/16";"Quarta";"20:00:00";"PR";116;"209";"RIO NEGRO";"Desobediência à sinalização";"Colisão Transversal";"Com Vítimas Feridas";"Plena noite";"Decrescente";"Chuva";"Simples";"Cruzamento";"Urbano";8;0;7;1;0;0;8;2
83506674;"12/10/16";"Quarta";"19:30:00";"PR";376;"422,2";"TIBAGI";"Velocidade incompatível";"Capotamento";"Sem Vítimas";"Plena noite";"Decrescente";"Chuva";"Simples";"Curva";"Rural";1;0;0;0;1;0;0;1
83506675;"12/10/16";"Quarta";"20:10:00";"ES";101;"366,6";"GUARAPARI";"Defeito mecânico em veículo";"Saída de Pista";"Sem Vítimas";"Plena noite";"Crescente";"Ceu Claro";"Simples";"Reta";"Rural";1;0;0;0;1;0;0;1
83506676;"12/10/16";"Quarta";"05:40:00";"MG";135;"639,5";"CURVELO";"Dormindo";"Tombamento";"Sem Vítimas";"Amanhecer";"Decrescente";"Ceu Claro";"Simples";"Reta";"Rural";1;0;0;0;1;0;0;1
83506677;"12/10/16";"Quarta";"06:00:00";"CE";116;"428,2";"IPAUMIRIM";"Velocidade incompatível";"Tombamento";"Com Vítimas Feridas";"Amanhecer";"Decrescente";"Ceu Claro";"Simples";"Curva";"Rural";2;0;2;0;0;0;2;1
83506678;"12/10/16";"Quarta";"19:50:00";"TO";226;"1";"AGUIARNOPOLIS";"Falta de atenção";"Atropelamento de pessoa";"Com Vítimas Feridas";"Plena noite";"Decrescente";"Ceu Claro";"Simples";"Reta";"Urbano";2;0;0;1;0;1;1;1
83506679;"10/10/16";"Segunda";"16:20:00";"DF";60;"13,6";"BRASILIA";"Dormindo";"Colisão com objeto fixo";"Sem Vítimas";"Pleno dia";"Decrescente";"Ceu Claro";"Dupla";"Reta";"Rural";1;0;0;0;1;0;0;1
83506680;"12/10/16";"Quarta";"20:00:00";"BA";324;"526";"FEIRA DE SANTANA";"Outras";"Colisão com objeto fixo";"Ignorado";"Plena noite";"Crescente";"Nublado";"Dupla";"Reta";"Urbano";1;0;0;0;0;1;0;1
83506681;"12/10/16";"Quarta";"18:00:00";"SP";101;"46";"UBATUBA";"Falta de atenção";"Colisão traseira";"Com Vítimas Feridas";"Anoitecer";"Decrescente";"Ceu Claro";"Simples";"Reta";"Urbano";3;0;1;0;2;0;1;2
83506682;"12/10/16";"Quarta";"21:30:00";"SC";101;"289,3";"IMBITUBA";"Velocidade incompatível";"Tombamento";"Sem Vítimas";"Plena noite";"Crescente";"Nublado";"Múltipla";"Curva";"Rural";1;0;0;0;1;0;0;1
83506683;"12/10/16";"Quarta";"20:30:00";"RJ";465;"11";"SEROPEDICA";"Outras";"Atropelamento de pessoa";"Com Vítimas Feridas";"Plena noite";"Decrescente";"Ignorada";"Simples";"Reta";"Urbano";2;0;0;1;1;0;1;1
83506684;"12/10/16";"Quarta";"18:36:00";"RJ";116;"205";"SEROPEDICA";"Outras";"Colisão com objeto fixo";"Com Vítimas Feridas";"Plena noite";"Decrescente";"Nublado";"Dupla";"Reta";"Rural";2;0;0;1;1;0;1;1
83506685;"12/10/16";"Quarta";"20:30:00";"MT";70;"657";"CACERES";"Velocidade incompatível";"Saída de Pista";"Com Vítimas Feridas";"Plena noite";"Crescente";"Ceu Claro";"Simples";"Curva";"Rural";1;0;1;0;0;0;1;1
83506686;"24/09/16";"Sábado";"10:50:00";"DF";60;"3";"BRASILIA";"Outras";"Capotamento";"Com Vítimas Feridas";"Pleno dia";"Crescente";"Ceu Claro";"Dupla";"Reta";"Urbano";1;0;1;0;0;0;1;1
83506687;"12/10/16";"Quarta";"18:50:00";"GO";70;"9";"AGUAS LINDAS DE GOIAS";"Falta de atenção";"Capotamento";"Com Vítimas Feridas";"Plena noite";"Crescente";"Ceu Claro";"Dupla";"Reta";"Urbano";3;0;2;0;1;0;2;1
83506688;"11/10/16";"Terça";"18:45:00";"MT";364;"502";"JANGADA";"Falta de atenção";"Colisão lateral";"Com Vítimas Feridas";"Anoitecer";"Crescente";"Ceu Claro";"Dupla";"Curva";"Rural";4;0;1;0;3;0;1;2
83506690;"24/09/16";"Sábado";"19:40:00";"BA";415;"24";"ILHEUS";"Outras";"Colisão com bicicleta";"Com Vítimas Feridas";"Plena noite";"Crescente";"Ignorada";"Simples";"Reta";"Rural";2;0;1;0;0;1;1;2
83506691;"12/10/16";"Quarta";"16:30:00";"MG";267;"66,1";"BICAS";"Outras";"Saída de Pista";"Com Vítimas Feridas";"Pleno dia";"Decrescente";"Ceu Claro";"Simples";"Reta";"Rural";1;0;1;0;0;0;1;1
83506692;"10/10/16";"Segunda";"16:15:00";"MG";381;"268";"TIMOTEO";"Falta de atenção";"Colisão Transversal";"Com Vítimas Feridas";"Pleno dia";"Decrescente";"Ceu Claro";"Simples";"Reta";"Urbano";3;0;1;0;2;0;1;2
83506693;"12/10/16";"Quarta";"20:40:00";"MG";40;"649,2";"CRISTIANO OTONI";"Animais na Pista";"Atropelamento de animal";"Sem Vítimas";"Plena noite";"Crescente";"Ceu Claro";"Simples";"Reta";"Urbano";1;0;0;0;1;0;0;1
83506694;"12/10/16";"Quarta";"20:45:00";"BA";116;"849";"VITORIA DA CONQUISTA";"Outras";"Capotamento";"Sem Vítimas";"Plena noite";"Crescente";"Nublado";"Simples";"Reta";"Rural";1;0;0;0;1;0;0;1
83506695;"12/10/16";"Quarta";"20:00:00";"PE";101;"7";"GOIANA";"Desobediência à sinalização";"Colisão Transversal";"Com Vítimas Fatais";"Plena noite";"Decrescente";"Nublado";"Dupla";"Reta";"Urbano";2;1;0;0;1;0;0;2
83506696;"11/06/16";"Sábado";"20:40:00";"MG";116;"402";"GOVERNADOR VALADARES";"Outras";"Colisão com bicicleta";"Com Vítimas Feridas";"Plena noite";"Crescente";"Ignorada";"Simples";"Reta";"Rural";2;0;0;1;0;1;1;2
83506697;"12/10/16";"Quarta";"18:30:00";"PR";158;"522";"PATO BRANCO";"Velocidade incompatível";"Colisão frontal";"Com Vítimas Feridas";"Anoitecer";"Crescente";"Chuva";"Simples";"Reta";"Urbano";2;0;0;1;1;0;1;2
83506698;"12/10/16";"Quarta";"22:30:00";"RS";285;"449,8";"BOZANO";"Velocidade incompatível";"Capotamento";"Sem Vítimas";"Plena noite";"Crescente";"Chuva";"Simples";"Curva";"Rural";1;0;0;0;1;0;0;1
83506699;"12/10/16";"Quarta";"17:30:00";"MG";40;"754,9";"EWBANK DA CAMARA";"Velocidade incompatível";"Capotamento";"Sem Vítimas";"Pleno dia";"Crescente";"Ceu Claro";"Simples";"Reta";"Rural";1;0;0;0;1;0;0;1
83506700;"12/10/16";"Quarta";"20:15:00";"PA";316;"240";"CACHOEIRA DO PIRIA";"Outras";"Colisão traseira";"Com Vítimas Feridas";"Plena noite";"Decrescente";"Ceu Claro";"Simples";"Reta";"Rural";3;0;0;3;0;0;3;2
83506701;"12/10/16";"Quarta";"20:30:00";"MG";267;"372,5";"CAMPANHA";"Outras";"Queda de motocicleta / bicicleta / veículo";"Com Vítimas Feridas";"Plena noite";"Crescente";"Nublado";"Simples";"Curva";"Rural";2;0;2;0;0;0;2;1