"id";"data_inversa";"dia_semana";"horario";"uf";"br";"km";"municipio";"causa_acidente";"tipo_acidente";"classificacao_acidente";"fase_dia";"sentido_via";"condicao_metereologica";"tipo_pista";"tracado_via";"uso_solo";"pessoas";"mortos";"feridos_leves";"feridos_graves";"ilesos";"ignorados";"feridos";"veiculos"
83506702;"12/10/16";"Quarta";"17:30:00";"MG";153;"181,6";"FRUTAL";"Outras";"Colisão frontal";"Com Vítimas Fatais";"Pleno dia";"Crescente";"Ceu Claro";"Simples";"Reta";"Rural";2;1;1;0;0;0;1;2
83506703;"12/10/16";"Quarta";"19:00:00";"MS";163;"682";"RIO VERDE DE MATO GROSSO";"Ultrapassagem indevida";"Atropelamento de pessoa";"Com Vítimas Feridas";"Plena noite";"Crescente";"Ceu Claro";"Simples";"Reta";"Urbano";2;0;0;2;0;0;2;1
83506704;"12/10/16";"Quarta";"21:40:00";"SC";470;"32";"GASPAR";"Velocidade incompatível";"Colisão com objeto fixo";"Sem Vítimas";"Plena noite";"Decrescente";"Ceu Claro";"Dupla";"Reta";"Rural";3;0;0;0;3;0;0;1
83506705;"12/10/16";"Quarta";"22:00:00";"SC";470;"224,5";"SAO CRISTOVAO DO SUL";"Velocidade incompatível";"Saída de Pista";"Sem Vítimas";"Plena noite";"Crescente";"Nevoeiro/neblina";"Simples";"Curva";"Rural";1;0;0;0;1;0;0;1
83506706;"12/10/16";"Quarta";"20:30:00";"PR";153;"450,3";"UNIAO DA VITORIA";"Velocidade incompatível";"Saída de Pista";"Com Vítimas Feridas";"Plena noite";"Crescente";"Chuva";"Simples";"Reta";"Urbano";2;0;2;0;0;0;2;1
83506707;"12/10/16";"Quarta";"22:25:00";"CE";222;"221";"SOBRAL";"Não guardar distância de segurança";"Colisão lateral";"Com Vítimas Feridas";"Plena noite";"Decrescente";"Ceu Claro";"Simples";"Reta";"Rural";3;0;1;0;2;0;1;2
83506708;"12/10/16";"Quarta";"21:30:00";"PR";369;"150";"LONDRINA";"Outras";"Colisão lateral";"Com Vítimas Feridas";"Plena noite";"Crescente";"Chuva";"Dupla";"Reta";"Urbano";4;0;1;1;0;2;2;3
83506710;"09/10/16";"Domingo";"01:30:00";"MA";316;"361";"SANTA INES";"Outras";"Colisão frontal";"Com Vítimas Feridas";"Plena noite";"Crescente";"Ceu Claro";"Simples";"Reta";"Rural";2;0;0;1;1;0;1;2
83506711;"12/10/16";"Quarta";"23:00:00";"SC";470;"125";"IBIRAMA";"Velocidade incompatível";"Capotamento";"Com Vítimas Feridas";"Plena noite";"Decrescente";"Chuva";"Simples";"Curva";"Rural";1;0;1;0;0;0;1;1
83506712;"12/10/16";"Quarta";"17:20:00";"MG";146;"465";"CABO VERDE";"Ingestão de álcool";"Colisão frontal";"Com Vítimas Feridas";"Anoitecer";"Decrescente";"Nublado";"Simples";"Curva";"Rural";3;0;2;1;0;0;3;3
83506713;"12/10/16";"Quarta";"21:50:00";"CE";222;"5,2";"CAUCAIA";"Velocidade incompatível";"Colisão traseira";"Com Vítimas Feridas";"Plena noite";"Crescente";"Ceu Claro";"Múltipla";"Reta";"Urbano";4;0;2;0;2;0;2;3
83506714;"12/10/16";"Quarta";"22:30:00";"BA";101;"828";"ITAMARAJU";"Ingestão de álcool";"Saída de Pista";"Com Vítimas Feridas";"Plena noite";"Decrescente";"Ceu Claro";"Simples";"Curva";"Rural";1;0;0;1;0;0;1;1
83506715;"12/10/16";"Quarta";"17:50:00";"PB";230;"40";"SANTA RITA";"Falta de atenção";"Colisão traseira";"Sem Vítimas";"Plena noite";"Crescente";"Nublado";"Dupla";"Reta";"Rural";6;0;0;0;5;1;0;6
83506716;"12/10/16";"Quarta";"21:10:00";"PR";369;"196";"ARAPONGAS";"Outras";"Atropelamento de pessoa";"Com Vítimas Fatais";"Plena noite";"Decrescente";"Chuva";"Dupla";"Reta";"Rural";2;1;0;0;1;0;0;1
83506718;"13/10/16";"Quinta";"00:40:00";"PR";476;"119,3";"COLOMBO";"Falta de atenção";"Atropelamento de pessoa";"Com Vítimas Feridas";"Plena noite";"Crescente";"Chuva";"Múltipla";"Reta";"Urbano";2;0;0;1;0;1;1;1
83506719;"12/10/16";"Quarta";"23:45:00";"PR";277;"69,5";"SAO JOSE DOS PINHAIS";"Outras";"Saída de Pista";"Sem Vítimas";"Pleno dia";"Decrescente";"Chuva";"Dupla";"Reta";"Urbano";3;0;0;0;3;0;0;1
83506720;"13/10/16";"Quinta";"01:00:00";"RJ";40;"123";"DUQUE DE CAXIAS";"Outras";"Colisão lateral";"Sem Vítimas";"Plena noite";"Decrescente";"Ceu Claro";"Dupla";"Reta";"Urbano";2;0;0;0;1;1;0;2
83506721;"12/10/16";"Quarta";"23:45:00";"SC";282;"22,4";"SANTO AMARO DA IMPERATRIZ";"Desobediência à sinalização";"Colisão lateral";"Com Vítimas Feridas";"Plena noite";"Decrescente";"Chuva";"Simples";"Reta";"Urbano";3;0;1;0;2;0;1;2
83506722;"12/10/16";"Quarta";"23:00:00";"PR";277;"4,7";"PARANAGUA";"Outras";"Colisão traseira";"Com Vítimas Feridas";"Plena noite";"Crescente";"Chuva";"Dupla";"Reta";"Urbano";3;0;2;0;1;0;2;2
83506723;"12/10/16";"Quarta";"19:00:00";"SP";381;"39,5";"ATIBAIA";"Falta de atenção";"Colisão lateral";"Com Vítimas Feridas";"Plena noite";"Crescente";"Nublado";"Dupla";"Reta";"Rural";3;0;1;0;2;0;1;2
83506724;"12/10/16";"Quarta";"10:05:00";"PA";316;"8";"ANANINDEUA";"Falta de atenção";"Colisão lateral";"Com Vítimas Feridas";"Pleno dia";"Decrescente";"Sol";"Dupla";"Reta";"Urbano";2;0;1;0;1;0;1;2
83506725;"12/10/16";"Quarta";"22:30:00";"BA";324;"7";"FEIRA DE SANTANA";"Ingestão de álcool";"Colisão com objeto fixo";"Sem Vítimas";"Plena noite";"Crescente";"Nublado";"Dupla";"Reta";"Urbano";1;0;0;0;1;0;0;1
83506726;"12/10/16";"Quarta";"23:30:00";"PR";116;"126";"FAZENDA RIO GRANDE";"Falta de atenção";"Colisão Transversal";"Com Vítimas Feridas";"Plena noite";"Decrescente";"Chuva";"Dupla";"Cruzamento";"Urbano";2;0;1;0;1;0;1;2
83506727;"12/10/16";"Quarta";"21:30:00";"ES";262;"3";"CARIACICA";"Velocidade incompatível";"Colisão traseira";"Sem Vítimas";"Plena noite";"Crescente";"Nublado";"Dupla";"Reta";"Urbano";2;0;0;0;1;1;0;2
83506728;"12/10/16";"Quarta";"18:25:00";"PR";376;"623,4";"SAO JOSE DOS PINHAIS";"Outras";"Queda de motocicleta / bicicleta / veículo";"Com Vítimas Feridas";"Plena noite";"Crescente";"Nublado";"Dupla";"Reta";"Rural";1;0;1;0;0;0;1;1
83506729;"13/10/16";"Quinta";"00:00:00";"SC";470;"24,5";"ILHOTA";"Outras";"Saída de Pista";"Com Vítimas Feridas";"Plena noite";"Decrescente";"Chuva";"Simples";"Reta";"Rural";2;0;0;1;0;1;1;1
83506730;"12/10/16";"Quarta";"19:00:00";"PR";277;"381,3";"CANDOI";"Falta de atenção";"Colisão com objeto fixo";"Com Vítimas Feridas";"Plena noite";"Crescente";"Chuva";"Simples";"Reta";"Rural";2;0;2;0;0;0;2;1
83506731;"12/10/16";"Quarta";"20:30:00";"RO";174;"15";"VILHENA";"Falta de atenção";"Colisão com bicicleta";"Com Vítimas Feridas";"Plena noite";"Crescente";"Nublado";"Simples";"Reta";"Urbano";2;0;2;0;0;0;2;2
83506732;"12/10/16";"Quarta";"10:40:00";"MG";116;"313,9";"ITAMBACURI";"Ultrapassagem indevida";"Tombamento";"Com Vítimas Feridas";"Pleno dia";"Decrescente";"Ceu Claro";"Simples";"Reta";"Rural";5;0;3;2;0;0;5;1
83506733;"12/10/16";"Quarta";"16:30:00";"PR";163;"311";"MERCEDES";"Outras";"Saída de Pista";"Com Vítimas Feridas";"Pleno dia";"Decrescente";"Chuva";"Simples";"Curva";"Rural";2;0;1;0;1;0;1;1
83506734;"12/10/16";"Quarta";"20:05:00";"PR";476;"134";"CURITIBA";"Ingestão de álcool";"Colisão lateral";"Sem Vítimas";"Plena noite";"Crescente";"Ceu Claro";"Múltipla";"Reta";"Urbano";2;0;0;0;2;0;0;2
83506736;"12/10/16";"Quarta";"21:30:00";"RO";364;"1088,8";"PORTO VELHO";"Defeito na via";"Tombamento";"Com Vítimas Feridas";"Plena noite";"Crescente";"Ceu Claro";"Simples";"Reta";"Rural";1;0;1;0;0;0;1;1
83506737;"09/10/16";"Domingo";"19:00:00";"SP";116;"0";"LORENA";"Outras";"Colisão Transversal";"Com Vítimas Feridas";"Plena noite";"Crescente";"Nublado";"Dupla";"Reta";"Rural";4;0;2;0;2;0;2;2
83506738;"12/10/16";"Quarta";"20:00:00";"PR";376;"601";"CURITIBA";"Ingestão de álcool";"Saída de Pista";"Ignorado";"Plena noite";"Decrescente";"Chuva";"Dupla";"Reta";"Urbano";1;0;0;0;0;1;0;1
83506739;"04/10/16";"Terça";"12:30:00";"BA";324;"414";"NOVA FATIMA";"Falta de atenção";"Capotamento";"Sem Vítimas";"Pleno dia";"Decrescente";"Sol";"Simples";"Reta";"Rural";1;0;0;0;1;0;0;1
83506740;"13/10/16";"Quinta";"04:30:00";"RJ";101;"398";"ITAGUAI";"Animais na Pista";"Atropelamento de animal";"Com Vítimas Feridas";"Plena noite";"Decrescente";"Ceu Claro";"Dupla";"Reta";"Urbano";1;0;1;0;0;0;1;1
83506741;"12/10/16";"Quarta";"21:50:00";"SP";116;"48,1";"CANAS";"Ingestão de álcool";"Colisão com objeto fixo";"Sem Vítimas";"Plena noite";"Crescente";"Ceu Claro";"Dupla";"Reta";"Rural";1;0;0;0;1;0;0;1
83506742;"13/10/16";"Quinta";"02:00:00";"RS";285;"440";"BOZANO";"Ingestão de álcool";"Saída de Pista";"Sem Vítimas";"Plena noite";"Decrescente";"Chuva";"Simples";"Curva";"Rural";1;0;0;0;1;0;0;1
83506743;"12/10/16";"Quarta";"07:40:00";"RN";304;"156";"FERNANDO PEDROZA";"Outras";"Capotamento";"Com Vítimas Feridas";"Amanhecer";"Crescente";"Ceu Claro";"Simples";"Reta";"Rural";1;0;1;0;0;0;1;1
83506744;"12/10/16";"Quarta";"21:05:00";"MG";381;"343";"BELA VISTA DE MINAS";"Falta de atenção";"Saída de Pista";"Com Vítimas Feridas";"Plena noite";"Decrescente";"Ceu Claro";"Simples";"Curva";"Rural";1;0;1;0;0;0;1;1
83506745;"13/10/16";"Quinta";"04:25:00";"SC";470;"56,4";"BLUMENAU";"Desobediência à sinalização";"Colisão Transversal";"Sem Vítimas";"Plena noite";"Decrescente";"Chuva";"Simples";"Cruzamento";"Urbano";2;0;0;0;2;0;0;2
83506746;"13/10/16";"Quinta";"04:30:00";"RS";285;"314,4";"PASSO FUNDO";"Velocidade incompatível";"Saída de Pista";"Sem Vítimas";"Plena noite";"Crescente";"Chuva";"Simples";"Curva";"Rural";1;0;0;0;1;0;0;1
83506747;"12/10/16";"Quarta";"18:30:00";"MS";60;"207";"CAMAPUA";"Falta de atenção";"Colisão traseira";"Sem Vítimas";"Plena noite";"Decrescente";"Ceu Claro";"Simples";"Reta";"Rural";2;0;0;0;2;0;0;2
83506748;"12/10/16";"Quarta";"20:35:00";"GO";153;"637,9";"MORRINHOS";"Dormindo";"Saída de Pista";"Com Vítimas Feridas";"Plena noite";"Decrescente";"Ceu Claro";"Dupla";"Reta";"Rural";5;0;4;1;0;0;5;1
83506749;"09/10/16";"Domingo";"00:05:00";"MG";135;"398,1";"BOCAIUVA";"Dormindo";"Colisão lateral";"Sem Vítimas";"Plena noite";"Crescente";"Nublado";"Simples";"Reta";"Rural";2;0;0;0;1;1;0;2
83506750;"12/10/16";"Quarta";"21:20:00";"ES";101;"145";"LINHARES";"Não guardar distância de segurança";"Colisão traseira";"Sem Vítimas";"Plena noite";"Decrescente";"Nublado";"Múltipla";"Reta";"Urbano";2;0;0;0;1;1;0;2
83506751;"12/10/16";"Quarta";"12:00:00";"MT";163;"755";"SORRISO";"Velocidade incompatível";"Saída de Pista";"Sem Vítimas";"Pleno dia";"Decrescente";"Chuva";"Dupla";"Reta";"Rural";1;0;0;0;1;0;0;1
83506752;"12/10/16";"Quarta";"23:30:00";"PR";476;"281";"SAO MATEUS DO SUL";"Outras";"Colisão frontal";"Com Vítimas Feridas";"Plena noite";"Decrescente";"Chuva";"Simples";"Reta";"Urbano";4;0;1;2;0;1;3;2
83506753;"10/10/16";"Segunda";"02:05:00";"PB";230;"18,9";"JOAO PESSOA";"Ingestão de álcool";"Saída de Pista";"Com Vítimas Feridas";"Plena noite";"Decrescente";"Ceu Claro";"Dupla";"Curva";"Urbano";2;0;2;0;0;0;2;1
83506754;"08/10/16";"Sábado";"13:15:00";"PE";232;"133,9";"CARUARU";"Falta de atenção";"Colisão traseira";"Com Vítimas Feridas";"Pleno dia";"Decrescente";"Sol";"Dupla";"Reta";"Urbano";3;0;1;0;2;0;1;3
83506755;"13/10/16";"Quinta";"05:00:00";"SC";101;"10,6";"GARUVA";"Falta de atenção";"Saída de Pista";"Sem Vítimas";"Amanhecer";"Decrescente";"Chuva";"Dupla";"Reta";"Rural";1;0;0;0;1;0;0;1
83506756;"02/10/16";"Domingo";"23:50:00";"SE";101;"152,6";"ESTANCIA";"Ingestão de álcool";"Atropelamento de pessoa";"Com Vítimas Fatais";"Plena noite";"Decrescente";"Chuva";"Simples";"Reta";"Urbano";2;1;0;0;0;1;0;1
83506757;"13/10/16";"Quinta";"04:20:00";"GO";60;"452,9";"JATAI";"Dormindo";"Saída de Pista";"Sem Vítimas";"Plena noite";"Crescente";"Nublado";"Dupla";"Curva";"Rural";1;0;0;0;1;0;0;1
83506758;"13/10/16";"Quinta";"00:30:00";"PR";116;"159";"MANDIRITUBA";"Dormindo";"Saída de Pista";"Com Vítimas Feridas";"Plena noite";"Crescente";"Chuva";"Simples";"Curva";"Rural";2;0;2;0;0;0;2;1
83506760;"05/10/16";"Quarta";"08:00:00";"ES";101;"270";"SERRA";"Outras";"Atropelamento de pessoa";"Com Vítimas Feridas";"Pleno dia";"Crescente";"Nublado";"Dupla";"Reta";"Urbano";4;0;2;0;2;0;2;2
83506761;"12/10/16";"Quarta";"21:10:00";"RJ";116;"270,5";"BARRA MANSA";"Outras";"Atropelamento de animal";"Com Vítimas Feridas";"Plena noite";"Crescente";"Ceu Claro";"Dupla";"Curva";"Urbano";3;0;1;0;2;0;1;1
83506762;"10/10/16";"Segunda";"12:10:00";"CE";20;"432,4";"EUSEBIO";"Não guardar distância de segurança";"Colisão traseira";"Com Vítimas Feridas";"Pleno dia";"Decrescente";"Ceu Claro";"Simples";"Reta";"Urbano";2;0;1;0;1;0;1;2
83506763;"13/10/16";"Quinta";"06:37:00";"PE";232;"71,1";"GRAVATA";"Falta de atenção";"Colisão lateral";"Com Vítimas Feridas";"Amanhecer";"Crescente";"Sol";"Dupla";"Reta";"Rural";2;0;1;0;1;0;1;2
83506764;"08/10/16";"Sábado";"21:30:00";"PR";369;"174,3";"ROLANDIA";"Desobediência à sinalização";"Colisão Transversal";"Com Vítimas Feridas";"Plena noite";"Crescente";"Ceu Claro";"Simples";"Reta";"Urbano";2;0;0;1;1;0;1;2
83506765;"09/10/16";"Domingo";"18:30:00";"CE";222;"10,9";"CAUCAIA";"Não guardar distância de segurança";"Colisão traseira";"Com Vítimas Feridas";"Plena noite";"Decrescente";"Ceu Claro";"Simples";"Reta";"Urbano";3;0;2;1;0;0;3;2
83506766;"12/10/16";"Quarta";"16:30:00";"SC";153;"9,1";"AGUA DOCE";"Velocidade incompatível";"Colisão com objeto fixo";"Sem Vítimas";"Pleno dia";"Crescente";"Chuva";"Simples";"Reta";"Rural";1;0;0;0;1;0;0;1
83506767;"12/10/16";"Quarta";"20:00:00";"RS";116;"404,7";"CAMAQUA";"Dormindo";"Saída de Pista";"Com Vítimas Feridas";"Plena noite";"Crescente";"Nublado";"Simples";"Reta";"Rural";1;0;1;0;0;0;1;1
83506768;"12/10/16";"Quarta";"22:15:00";"MG";381;"436,6";"SABARA";"Outras";"Colisão frontal";"Com Vítimas Fatais";"Plena noite";"Decrescente";"Ceu Claro";"Simples";"Reta";"Rural";2;1;0;0;1;0;0;2
83506769;"12/10/16";"Quarta";"22:20:00";"MG";116;"375";"FREI INOCENCIO";"Falta de atenção";"Atropelamento de pessoa";"Com Vítimas Feridas";"Plena noite";"Decrescente";"Ceu Claro";"Dupla";"Reta";"Urbano";2;0;0;1;0;1;1;1
83506770;"13/10/16";"Quinta";"07:00:00";"SC";101;"197,4";"BIGUACU";"Não guardar distância de segurança";"Colisão traseira";"Com Vítimas Feridas";"Pleno dia";"Crescente";"Chuva";"Dupla";"Reta";"Urbano";2;0;1;0;1;0;1;2
83506771;"10/10/16";"Segunda";"11:20:00";"AL";424;"105,5";"MARECHAL DEODORO";"Falta de atenção";"Colisão Transversal";"Com Vítimas Feridas";"Pleno dia";"Decrescente";"Ceu Claro";"Simples";"Curva";"Rural";2;0;0;1;1;0;1;2
83506772;"09/10/16";"Domingo";"17:30:00";"RN";110;"5";"AREIA BRANCA";"Ingestão de álcool";"Colisão frontal";"Com Vítimas Feridas";"Anoitecer";"Crescente";"Ceu Claro";"Simples";"Reta";"Rural";2;0;0;1;1;0;1;2
83506773;"01/10/16";"Sábado";"18:50:00";"GO";153;"512,1";"APARECIDA DE GOIANIA";"Ingestão de álcool";"Colisão traseira";"Com Vítimas Feridas";"Anoitecer";"Decrescente";"Nublado";"Dupla";"Reta";"Urbano";2;0;0;1;1;0;1;2
83506774;"12/10/16";"Quarta";"19:00:00";"SP";116;"336";"JUQUITIBA";"Ingestão de álcool";"Colisão com objeto fixo";"Com Vítimas Feridas";"Plena noite";"Crescente";"Ignorada";"Dupla";"Curva";"Urbano";6;0;3;0;2;1;3;1
83506775;"18/09/16";"Domingo";"01:40:00";"SP";116;"280";"EMBU";"Velocidade incompatível";"Capotamento";"Sem Vítimas";"Plena noite";"Crescente";"Ceu Claro";"Dupla";"Reta";"Urbano";2;0;0;0;2;0;0;1
83506776;"11/10/16";"Terça";"07:00:00";"BA";116;"532";"ITATIM";"Velocidade incompatível";"Capotamento";"Com Vítimas Feridas";"Pleno dia";"Crescente";"Chuva";"Simples";"Curva";"Rural";3;0;2;0;0;1;2;2
83506777;"13/10/16";"Quinta";"06:05:00";"SP";116;"565,8";"BARRA DO TURVO";"Velocidade incompatível";"Saída de Pista";"Sem Vítimas";"Amanhecer";"Crescente";"Chuva";"Dupla";"Curva";"Rural";3;0;0;0;3;0;0;1
83506778;"08/10/16";"Sábado";"14:30:00";"GO";70;"1";"AGUAS LINDAS DE GOIAS";"Ingestão de álcool";"Colisão traseira";"Com Vítimas Feridas";"Pleno dia";"Decrescente";"Ceu Claro";"Dupla";"Reta";"Urbano";4;0;3;0;1;0;3;2
83506779;"13/10/16";"Quinta";"06:10:00";"SC";280;"71,1";"JARAGUA DO SUL";"Outras";"Saída de Pista";"Ignorado";"Pleno dia";"Decrescente";"Nublado";"Simples";"Reta";"Urbano";1;0;0;0;0;1;0;1
83506780;"13/10/16";"Quinta";"07:10:00";"PE";101;"68,2";"RECIFE";"Não guardar distância de segurança";"Colisão traseira";"Com Vítimas Feridas";"Pleno dia";"Crescente";"Sol";"Dupla";"Reta";"Urbano";2;0;0;1;0;1;1;2
83506781;"09/10/16";"Domingo";"22:20:00";"PR";376;"139";"NOVA ESPERANCA";"Ingestão de álcool";"Saída de Pista";"Com Vítimas Feridas";"Plena noite";"Crescente";"Ceu Claro";"Dupla";"Reta";"Rural";2;0;1;0;1;0;1;1
83506782;"10/10/16";"Segunda";"04:30:00";"MG";40;"458,8";"CAETANOPOLIS";"Dormindo";"Colisão traseira";"Sem Vítimas";"Amanhecer";"Crescente";"Ceu Claro";"Dupla";"Reta";"Rural";2;0;0;0;2;0;0;2
83506783;"09/10/16";"Domingo";"22:50:00";"PR";467;"77,8";"TOLEDO";"Outras";"Saída de Pista";"Sem Vítimas";"Plena noite";"Crescente";"Ceu Claro";"Dupla";"Reta";"Rural";1;0;0;0;1;0;0;1
83506784;"10/10/16";"Segunda";"06:30:00";"MG";381;"925,7";"ITAPEVA";"Velocidade incompatível";"Colisão com objeto fixo";"Sem Vítimas";"Amanhecer";"Decrescente";"Ceu Claro";"Dupla";"Curva";"Rural";1;0;0;0;1;0;0;1
83506785;"16/09/16";"Sexta";"05:50:00";"BA";116;"719";"MANOEL VITORINO";"Outras";"Tombamento";"Sem Vítimas";"Amanhecer";"Decrescente";"Nublado";"Simples";"Curva";"Rural";1;0;0;0;1;0;0;1
83506786;"16/09/16";"Sexta";"05:50:00";"BA";116;"719";"MANOEL VITORINO";"Outras";"Tombamento";"Sem Vítimas";"Amanhecer";"Decrescente";"Nublado";"Simples";"Curva";"Rural";1;0;0;0;1;0;0;1
83506787;"01/10/16";"Sábado";"06:30:00";"BA";415;"48";"ITABUNA";"Dormindo";"Saída de Pista";"Sem Vítimas";"Amanhecer";"Decrescente";"Ceu Claro";"Simples";"Curva";"Urbano";1;0;0;0;1;0;0;1
83506788;"13/10/16";"Quinta";"03:48:00";"MG";381;"526";"BRUMADINHO";"Velocidade incompatível";"Capotamento";"Com Vítimas Feridas";"Plena noite";"Crescente";"Ceu Claro";"Dupla";"Curva";"Rural";1;0;1;0;0;0;1;1
83506789;"13/10/16";"Quinta";"07:20:00";"SC";280;"68,4";"JARAGUA DO SUL";"Outras";"Colisão traseira";"Sem Vítimas";"Pleno dia";"Decrescente";"Chuva";"Simples";"Reta";"Urbano";4;0;0;0;3;1;0;4
83506790;"13/10/16";"Quinta";"08:00:00";"PR";277;"84";"CURITIBA";"Velocidade incompatível";"Colisão com objeto fixo";"Com Vítimas Feridas";"Pleno dia";"Decrescente";"Chuva";"Dupla";"Curva";"Urbano";1;0;1;0;0;0;1;1
83506791;"09/10/16";"Domingo";"23:40:00";"PR";277;"589";"CASCAVEL";"Falta de atenção";"Queda de motocicleta / bicicleta / veículo";"Com Vítimas Feridas";"Plena noite";"Decrescente";"Ceu Claro";"Simples";"Reta";"Urbano";1;0;0;1;0;0;1;1
83506792;"13/10/16";"Quinta";"07:30:00";"RO";364;"16";"VILHENA";"Falta de atenção";"Colisão com bicicleta";"Com Vítimas Feridas";"Pleno dia";"Decrescente";"Ceu Claro";"Dupla";"Reta";"Urbano";3;0;1;0;2;0;1;2
83506793;"13/10/16";"Quinta";"07:16:00";"SC";101;"42,3";"JOINVILLE";"Falta de atenção";"Colisão com objeto fixo";"Com Vítimas Feridas";"Amanhecer";"Decrescente";"Chuva";"Dupla";"Reta";"Urbano";1;0;1;0;0;0;1;1
83506794;"13/10/16";"Quinta";"07:50:00";"SC";101;"3,4";"GARUVA";"Falta de atenção";"Atropelamento de animal";"Sem Vítimas";"Pleno dia";"Decrescente";"Chuva";"Dupla";"Curva";"Urbano";1;0;0;0;1;0;0;1
83506795;"13/10/16";"Quinta";"07:05:00";"SP";116;"290,1";"ITAPECERICA DA SERRA";"Velocidade incompatível";"Saída de Pista";"Com Vítimas Feridas";"Pleno dia";"Decrescente";"Chuva";"Dupla";"Curva";"Rural";1;0;1;0;0;0;1;1
83506796;"01/10/16";"Sábado";"12:50:00";"ES";101;"126,9";"SOORETAMA";"Falta de atenção";"Colisão com bicicleta";"Com Vítimas Feridas";"Pleno dia";"Crescente";"Nublado";"Múltipla";"Reta";"Urbano";2;0;1;0;1;0;1;2
83506797;"09/10/16";"Domingo";"05:20:00";"GO";20;"6";"FORMOSA";"Outras";"Capotamento";"Com Vítimas Feridas";"Amanhecer";"Crescente";"Ceu Claro";"Simples";"Reta";"Urbano";4;0;1;2;1;0;3;1
83506798;"06/10/16";"Quinta";"16:00:00";"PE";316;"85";"OURICURI";"Falta de atenção";"Queda de motocicleta / bicicleta / veículo";"Com Vítimas Feridas";"Pleno dia";"Crescente";"Sol";"Simples";"Reta";"Rural";1;0;1;0;0;0;1;1
83506799;"13/10/16";"Quinta";"08:10:00";"PR";277;"129,4";"BALSA NOVA";"Velocidade incompatível";"Derramamento de Carga";"Sem Vítimas";"Pleno dia";"Decrescente";"Chuva";"Simples";"Curva";"Rural";1;0;0;0;1;0;0;1
83506800;"08/10/16";"Sábado";"05:10:00";"ES";101;"294";"CARIACICA";"Desobediência à sinalização";"Colisão Transversal";"Com Vítimas Feridas";"Amanhecer";"Decrescente";"Ceu Claro";"Dupla";"Reta";"Urbano";2;0;0;1;0;1;1;2
83506801;"13/10/16";"Quinta";"07:42:00";"PR";116;"122";"CURITIBA";"Velocidade incompatível";"Capotamento";"Sem Vítimas";"Pleno dia";"Decrescente";"Chuva";"Dupla";"Curva";"Urbano";1;0;0;0;1;0;0;1
83506802;"07/10/16";"Sexta";"16:40:00";"SP";116;"144,4";"SAO JOSE DOS CAMPOS";"Falta de atenção";"Colisão traseira";"Sem Vítimas";"Pleno dia";"Decrescente";"Ceu Claro";"Dupla";"Reta";"Rural";3;0;0;0;3;0;0;3
83506803;"06/10/16";"Quinta";"02:00:00";"BA";116;"777";"PLANALTO";"Outras";"Saída de Pista";"Com Vítimas Feridas";"Plena noite";"Crescente";"Ceu Claro";"Simples";"Reta";"Urbano";1;0;1;0;0;0;1;1
83506804;"01/10/16";"Sábado";"07:00:00";"MA";135;"172,7";"SAO MATEUS DO MARANHAO";"Defeito mecânico em veículo";"Saída de Pista";"Com Vítimas Fatais";"Plena noite";"Crescente";"Ceu Claro";"Simples";"Curva";"Rural";5;1;1;3;0;0;4;1
83506805;"09/10/16";"Domingo";"17:30:00";"SC";470;"177";"POUSO REDONDO";"Ultrapassagem indevida";"Colisão frontal";"Sem Vítimas";"Pleno dia";"Decrescente";"Nublado";"Simples";"Curva";"Urbano";2;0;0;0;2;0;0;2
83506806;"13/10/16";"Quinta";"07:30:00";"RS";116;"143";"CAXIAS DO SUL";"Falta de atenção";"Colisão Transversal";"Sem Vítimas";"Pleno dia";"Crescente";"Ceu Claro";"Dupla";"Reta";"Urbano";3;0;0;0;3;0;0;3
83506807;"13/10/16";"Quinta";"08:30:00";"PR";116;"128";"FAZENDA RIO GRANDE";"Falta de atenção";"Colisão traseira";"Com Vítimas Feridas";"Pleno dia";"Crescente";"Chuva";"Dupla";"Reta";"Urbano";2;0;1;0;1;0;1;2
83506808;"09/10/16";"Domingo";"17:30:00";"PR";272;"405";"JANIOPOLIS";"Velocidade incompatível";"Colisão traseira";"Com Vítimas Fatais";"Pleno dia";"Decrescente";"Sol";"Simples";"Reta";"Urbano";2;1;0;0;1;0;0;2
83506809;"02/10/16";"Domingo";"01:00:00";"ES";101;"394,1";"RIO NOVO DO SUL";"Velocidade incompatível";"Colisão lateral";"Com Vítimas Feridas";"Plena noite";"Crescente";"Chuva";"Simples";"Reta";"Rural";3;0;1;0;2;0;1;3
83506810;"01/10/16";"Sábado";"19:00:00";"AP";210;"6,5";"MACAPA";"Defeito mecânico em veículo";"Saída de Pista";"Ignorado";"Plena noite";"Decrescente";"Ceu Claro";"Dupla";"Reta";"Urbano";1;0;0;0;0;1;0;1
83506811;"13/10/16";"Quinta";"07:30:00";"PR";476;"342";"PAULA FREITAS";"Falta de atenção";"Colisão Transversal";"Sem Vítimas";"Amanhecer";"Decrescente";"Chuva";"Simples";"Reta";"Urbano";2;0;0;0;2;0;0;2
83506812;"13/10/16";"Quinta";"09:35:00";"SC";101;"189,5";"BIGUACU";"Velocidade incompatível";"Colisão com objeto fixo";"Com Vítimas Feridas";"Pleno dia";"Decrescente";"Chuva";"Dupla";"Reta";"Urbano";1;0;1;0;0;0;1;1