"id";"data_inversa";"dia_semana";"horario";"uf";"br";"km";"municipio";"causa_acidente";"tipo_acidente";"classificacao_acidente";"fase_dia";"sentido_via";"condicao_metereologica";"tipo_pista";"tracado_via";"uso_solo";"pessoas";"mortos";"feridos_leves";"feridos_graves";"ilesos";"ignorados";"feridos";"veiculos"
83506813;"11/10/16";"Terça";"23:10:00";"MG";262;"746,7";"PERDIZES";"Velocidade incompatível";"Colisão lateral";"Com Vítimas Feridas";"Plena noite";"Decrescente";"Nublado";"Simples";"Curva";"Rural";3;0;1;1;1;0;2;2
83506814;"12/10/16";"Quarta";"19:25:00";"SP";116;"216";"GUARULHOS";"Falta de atenção";"Colisão traseira";"Sem Vítimas";"Plena noite";"Crescente";"Nublado";"Múltipla";"Reta";"Urbano";2;0;0;0;2;0;0;2
83506815;"13/10/16";"Quinta";"09:25:00";"PR";116;"92";"SAO JOSE DOS PINHAIS";"Outras";"Queda de motocicleta / bicicleta / veículo";"Com Vítimas Feridas";"Pleno dia";"Decrescente";"Chuva";"Simples";"Curva";"Rural";1;0;1;0;0;0;1;1
83506816;"09/10/16";"Domingo";"19:30:00";"MG";251;"517";"MONTES CLAROS";"Ultrapassagem indevida";"Colisão traseira";"Com Vítimas Feridas";"Anoitecer";"Crescente";"Chuva";"Simples";"Reta";"Rural";5;0;2;0;3;0;2;4
83506818;"13/10/16";"Quinta";"08:59:00";"PR";277;"33,5";"MORRETES";"Falta de atenção";"Colisão com objeto fixo";"Sem Vítimas";"Pleno dia";"Decrescente";"Chuva";"Dupla";"Curva";"Rural";1;0;0;0;1;0;0;1
83506819;"13/10/16";"Quinta";"07:30:00";"PR";163;"157";"SANTA LUCIA";"Defeito mecânico em veículo";"Saída de Pista";"Com Vítimas Feridas";"Pleno dia";"Decrescente";"Chuva";"Simples";"Curva";"Rural";3;0;1;0;2;0;1;3
83506820;"08/10/16";"Sábado";"21:20:00";"MA";135;"3,8";"SAO LUIS";"Ingestão de álcool";"Saída de Pista";"Com Vítimas Feridas";"Plena noite";"Decrescente";"Ignorada";"Dupla";"Reta";"Urbano";1;0;0;1;0;0;1;1
83506822;"13/10/16";"Quinta";"09:00:00";"PR";277;"33";"MORRETES";"Outras";"Colisão com objeto fixo";"Sem Vítimas";"Pleno dia";"Decrescente";"Chuva";"Múltipla";"Curva";"Rural";1;0;0;0;1;0;0;1
83506823;"10/10/16";"Segunda";"01:00:00";"RN";101;"84,4";"SAO GONCALO DO AMARANTE";"Outras";"Colisão com objeto fixo";"Com Vítimas Feridas";"Plena noite";"Crescente";"Ceu Claro";"Dupla";"Reta";"Urbano";3;0;3;0;0;0;3;1
83506825;"12/10/16";"Quarta";"08:00:00";"MS";262;"611";"MIRANDA";"Outras";"Queda de motocicleta / bicicleta / veículo";"Com Vítimas Feridas";"Pleno dia";"Decrescente";"Sol";"Simples";"Reta";"Rural";2;0;0;2;0;0;2;1
83506826;"09/10/16";"Domingo";"19:10:00";"PB";230;"89,8";"GURINHEM";"Falta de atenção";"Colisão traseira";"Sem Vítimas";"Plena noite";"Crescente";"Ceu Claro";"Dupla";"Reta";"Rural";2;0;0;0;1;1;0;2
83506827;"10/10/16";"Segunda";"03:20:00";"MA";222;"141,3";"VARGEM GRANDE";"Animais na Pista";"Atropelamento de animal";"Com Vítimas Feridas";"Amanhecer";"Crescente";"Ceu Claro";"Simples";"Reta";"Rural";3;0;1;1;1;0;2;1
83506828;"02/10/16";"Domingo";"00:50:00";"MG";381;"432";"CAETE";"Ingestão de álcool";"Colisão frontal";"Com Vítimas Feridas";"Plena noite";"Crescente";"Chuva";"Simples";"Curva";"Rural";2;0;1;0;1;0;1;2
83506829;"10/10/16";"Segunda";"22:00:00";"MA";222;"385";"SANTA INES";"Outras";"Colisão lateral";"Com Vítimas Feridas";"Plena noite";"Crescente";"Ceu Claro";"Simples";"Reta";"Urbano";2;0;0;1;0;1;1;2
83506830;"13/10/16";"Quinta";"10:30:00";"RS";153;"52";"ERECHIM";"Não guardar distância de segurança";"Colisão traseira";"Com Vítimas Feridas";"Pleno dia";"Crescente";"Nublado";"Simples";"Cruzamento";"Urbano";6;0;1;0;5;0;1;2
83506831;"09/10/16";"Domingo";"19:10:00";"MG";267;"368,2";"CAMPANHA";"Falta de atenção";"Colisão traseira";"Com Vítimas Feridas";"Plena noite";"Decrescente";"Ceu Claro";"Simples";"Reta";"Urbano";4;0;3;1;0;0;4;2
83506832;"10/10/16";"Segunda";"06:40:00";"MG";40;"492";"ESMERALDAS";"Outras";"Saída de Pista";"Com Vítimas Feridas";"Amanhecer";"Decrescente";"Ceu Claro";"Dupla";"Reta";"Rural";1;0;0;1;0;0;1;1
83506833;"13/10/16";"Quinta";"08:40:00";"SP";116;"449,4";"REGISTRO";"Outras";"Colisão com objeto móvel";"Sem Vítimas";"Pleno dia";"Decrescente";"Chuva";"Dupla";"Reta";"Urbano";2;0;0;0;2;0;0;2
83506834;"09/10/16";"Domingo";"21:30:00";"RJ";393;"141";"SAPUCAIA";"Falta de atenção";"Colisão Transversal";"Com Vítimas Feridas";"Plena noite";"Crescente";"Nublado";"Simples";"Reta";"Urbano";5;0;2;0;3;0;2;2
83506835;"13/10/16";"Quinta";"11:10:00";"SC";101;"195";"BIGUACU";"Outras";"Capotamento";"Sem Vítimas";"Pleno dia";"Decrescente";"Chuva";"Dupla";"Reta";"Urbano";1;0;0;0;1;0;0;1
83506836;"13/10/16";"Quinta";"10:10:00";"PR";376;"315,3";"ORTIGUEIRA";"Outras";"Saída de Pista";"Sem Vítimas";"Pleno dia";"Decrescente";"Chuva";"Simples";"Curva";"Urbano";1;0;0;0;1;0;0;1
83506837;"23/09/16";"Sexta";"16:30:00";"PR";476;"130,6";"CURITIBA";"Falta de atenção";"Colisão traseira";"Com Vítimas Feridas";"Pleno dia";"Decrescente";"Ignorada";"Dupla";"Reta";"Urbano";3;0;1;0;2;0;1;2
83506838;"13/10/16";"Quinta";"09:55:00";"SC";101;"125,9";"ITAJAI";"Outras";"Saída de Pista";"Sem Vítimas";"Pleno dia";"Crescente";"Chuva";"Simples";"Cruzamento";"Urbano";2;0;0;0;1;1;0;2
83506839;"07/10/16";"Sexta";"17:40:00";"SP";116;"144";"SAO JOSE DOS CAMPOS";"Ultrapassagem indevida";"Queda de motocicleta / bicicleta / veículo";"Com Vítimas Feridas";"Anoitecer";"Crescente";"Ceu Claro";"Dupla";"Reta";"Rural";2;0;0;1;1;0;1;2
83506840;"13/10/16";"Quinta";"08:30:00";"PE";232;"332,1";"CUSTODIA";"Falta de atenção";"Colisão lateral";"Com Vítimas Fatais";"Pleno dia";"Crescente";"Ceu Claro";"Simples";"Cruzamento";"Urbano";3;1;0;1;1;0;1;2
83506841;"13/10/16";"Quinta";"08:00:00";"SC";101;"41,3";"JOINVILLE";"Falta de atenção";"Colisão Transversal";"Sem Vítimas";"Pleno dia";"Decrescente";"Chuva";"Dupla";"Reta";"Urbano";2;0;0;0;2;0;0;2
83506842;"13/10/16";"Quinta";"08:30:00";"SC";101;"41,7";"JOINVILLE";"Falta de atenção";"Colisão traseira";"Com Vítimas Feridas";"Pleno dia";"Decrescente";"Chuva";"Dupla";"Reta";"Urbano";5;0;2;0;3;0;2;4
83506843;"13/10/16";"Quinta";"07:10:00";"SP";116;"370";"MIRACATU";"Falta de atenção";"Colisão traseira";"Com Vítimas Feridas";"Pleno dia";"Decrescente";"Chuva";"Múltipla";"Reta";"Rural";3;0;2;0;1;0;2;2
83506844;"03/07/16";"Domingo";"17:50:00";"PR";277;"34";"MORRETES";"Outras";"Colisão com objeto móvel";"Com Vítimas Fatais";"Anoitecer";"Decrescente";"Nevoeiro/neblina";"Dupla";"Curva";"Rural";27;5;10;3;9;0;13;13
83506845;"13/10/16";"Quinta";"08:20:00";"BA";116;"828,2";"VITORIA DA CONQUISTA";"Velocidade incompatível";"Saída de Pista";"Com Vítimas Feridas";"Pleno dia";"Decrescente";"Nublado";"Simples";"Curva";"Urbano";1;0;1;0;0;0;1;1
83506846;"13/10/16";"Quinta";"10:50:00";"SP";153;"192";"GETULINA";"Defeito na via";"Queda de motocicleta / bicicleta / veículo";"Com Vítimas Feridas";"Pleno dia";"Crescente";"Chuva";"Simples";"Reta";"Rural";1;0;1;0;0;0;1;1
83506847;"13/10/16";"Quinta";"11:00:00";"SC";101;"3";"GARUVA";"Falta de atenção";"Tombamento";"Com Vítimas Feridas";"Pleno dia";"Decrescente";"Chuva";"Dupla";"Curva";"Rural";1;0;1;0;0;0;1;1
83506848;"06/10/16";"Quinta";"02:40:00";"SP";116;"361";"MIRACATU";"Velocidade incompatível";"Colisão frontal";"Com Vítimas Fatais";"Plena noite";"Crescente";"Nublado";"Simples";"Curva";"Rural";4;3;0;1;0;0;1;2
83506849;"13/10/16";"Quinta";"12:00:00";"RJ";101;"275";"TANGUA";"Falta de atenção";"Colisão Transversal";"Com Vítimas Feridas";"Pleno dia";"Decrescente";"Ceu Claro";"Dupla";"Reta";"Urbano";2;0;1;0;1;0;1;2
83506850;"13/10/16";"Quinta";"10:54:00";"PR";277;"128";"BALSA NOVA";"Desobediência à sinalização";"Saída de Pista";"Com Vítimas Feridas";"Pleno dia";"Decrescente";"Chuva";"Dupla";"Curva";"Rural";1;0;1;0;0;0;1;1
83506851;"13/10/16";"Quinta";"09:15:00";"RS";158;"86,2";"BOA VISTA DAS MISSOES";"Outras";"Saída de Pista";"Com Vítimas Fatais";"Pleno dia";"Crescente";"Nublado";"Simples";"Curva";"Rural";4;1;3;0;0;0;3;1
83506852;"10/10/16";"Segunda";"18:10:00";"MG";365;"622";"UBERLANDIA";"Defeito mecânico em veículo";"Queda de motocicleta / bicicleta / veículo";"Com Vítimas Feridas";"Anoitecer";"Decrescente";"Ceu Claro";"Dupla";"Reta";"Urbano";2;0;1;1;0;0;2;1
83506853;"13/10/16";"Quinta";"11:10:00";"PR";376;"425,5";"TIBAGI";"Velocidade incompatível";"Saída de Pista";"Com Vítimas Feridas";"Pleno dia";"Crescente";"Chuva";"Simples";"Curva";"Rural";3;0;2;1;0;0;3;1
83506854;"13/10/16";"Quinta";"10:20:00";"SC";101;"210,4";"SAO JOSE";"Defeito mecânico em veículo";"Saída de Pista";"Sem Vítimas";"Pleno dia";"Decrescente";"Chuva";"Múltipla";"Reta";"Urbano";2;0;0;0;2;0;0;1
83506855;"13/10/16";"Quinta";"10:30:00";"SP";116;"555";"BARRA DO TURVO";"Velocidade incompatível";"Tombamento";"Com Vítimas Feridas";"Pleno dia";"Crescente";"Nublado";"Dupla";"Curva";"Rural";1;0;1;0;0;0;1;1
83506856;"13/10/16";"Quinta";"08:30:00";"PR";369;"160,8";"CAMBE";"Não guardar distância de segurança";"Colisão traseira";"Com Vítimas Feridas";"Pleno dia";"Crescente";"Chuva";"Dupla";"Reta";"Rural";5;0;2;0;3;0;2;3
83506857;"13/10/16";"Quinta";"08:30:00";"RS";116;"478";"TURUCU";"Outras";"Saída de Pista";"Com Vítimas Feridas";"Pleno dia";"Crescente";"Chuva";"Simples";"Reta";"Rural";2;0;1;0;1;0;1;1
83506858;"13/10/16";"Quinta";"09:41:00";"RO";319;"62";"PORTO VELHO";"Outras";"Atropelamento de pessoa";"Com Vítimas Feridas";"Pleno dia";"Crescente";"Ceu Claro";"Múltipla";"Reta";"Urbano";2;0;0;1;1;0;1;1
83506859;"13/10/16";"Quinta";"11:25:00";"SC";101;"215,8";"PALHOCA";"Desobediência à sinalização";"Colisão Transversal";"Com Vítimas Feridas";"Pleno dia";"Crescente";"Nublado";"Dupla";"Cruzamento";"Urbano";2;0;1;0;1;0;1;2
83506860;"07/10/16";"Sexta";"18:45:00";"PB";230;"16";"JOAO PESSOA";"Falta de atenção";"Colisão traseira";"Com Vítimas Feridas";"Anoitecer";"Decrescente";"Ceu Claro";"Dupla";"Reta";"Urbano";4;0;1;0;3;0;1;4
83506861;"11/10/16";"Terça";"06:00:00";"SP";116;"340";"JUQUITIBA";"Outras";"Colisão com objeto fixo";"Sem Vítimas";"Amanhecer";"Crescente";"Chuva";"Dupla";"Curva";"Rural";2;0;0;0;2;0;0;1
83506862;"13/10/16";"Quinta";"10:05:00";"PR";277;"106";"CAMPO LARGO";"Velocidade incompatível";"Colisão com objeto fixo";"Sem Vítimas";"Pleno dia";"Decrescente";"Chuva";"Dupla";"Reta";"Rural";1;0;0;0;1;0;0;1
83506863;"01/10/16";"Sábado";"22:30:00";"MG";50;"47,8";"ARAGUARI";"Velocidade incompatível";"Capotamento";"Com Vítimas Feridas";"Plena noite";"Crescente";"Ceu Claro";"Simples";"Curva";"Rural";1;0;1;0;0;0;1;1
83506864;"12/10/16";"Quarta";"17:45:00";"MS";60;"390,1";"SIDROLANDIA";"Não guardar distância de segurança";"Colisão traseira";"Sem Vítimas";"Anoitecer";"Decrescente";"Ceu Claro";"Simples";"Reta";"Rural";2;0;0;0;2;0;0;2
83506865;"13/10/16";"Quinta";"12:32:00";"MG";50;"176,5";"UBERABA";"Outras";"Colisão com objeto fixo";"Sem Vítimas";"Pleno dia";"Crescente";"Ceu Claro";"Dupla";"Reta";"Urbano";2;0;0;0;2;0;0;1
83506866;"11/10/16";"Terça";"04:45:00";"DF";70;"17";"BRASILIA";"Ingestão de álcool";"Saída de Pista";"Com Vítimas Feridas";"Plena noite";"Crescente";"Ceu Claro";"Dupla";"Reta";"Rural";3;0;2;0;1;0;2;1
83506867;"13/10/16";"Quinta";"08:45:00";"TO";153;"685";"CARIRI DO TOCANTINS";"Ultrapassagem indevida";"Colisão frontal";"Com Vítimas Feridas";"Pleno dia";"Decrescente";"Ceu Claro";"Simples";"Reta";"Rural";5;0;0;4;1;0;4;3
83506868;"01/10/16";"Sábado";"15:00:00";"BA";116;"648,9";"JAGUAQUARA";"Falta de atenção";"Colisão traseira";"Sem Vítimas";"Pleno dia";"Crescente";"Sol";"Simples";"Reta";"Rural";2;0;0;0;2;0;0;2
83506869;"27/09/16";"Terça";"19:35:00";"RN";406;"156";"CEARA-MIRIM";"Ultrapassagem indevida";"Colisão frontal";"Com Vítimas Feridas";"Plena noite";"Crescente";"Ceu Claro";"Simples";"Reta";"Rural";2;0;0;2;0;0;2;2
83506870;"13/10/16";"Quinta";"05:30:00";"MS";60;"480,8";"MARACAJU";"Outras";"Saída de Pista";"Com Vítimas Fatais";"Amanhecer";"Decrescente";"Chuva";"Simples";"Curva";"Rural";5;1;3;0;1;0;3;1
83506871;"13/10/16";"Quinta";"12:20:00";"PR";369;"168";"ROLANDIA";"Velocidade incompatível";"Saída de Pista";"Com Vítimas Feridas";"Pleno dia";"Crescente";"Chuva";"Dupla";"Curva";"Rural";1;0;1;0;0;0;1;1
83506872;"13/10/16";"Quinta";"07:00:00";"BA";101;"862";"TEIXEIRA DE FREITAS";"Outras";"Queda de motocicleta / bicicleta / veículo";"Com Vítimas Feridas";"Pleno dia";"Decrescente";"Ceu Claro";"Simples";"Curva";"Rural";1;0;0;1;0;0;1;1
83506873;"13/10/16";"Quinta";"07:20:00";"PI";343;"340,1";"TERESINA";"Outras";"Tombamento";"Sem Vítimas";"Pleno dia";"Decrescente";"Sol";"Simples";"Curva";"Urbano";1;0;0;0;1;0;0;1
83506874;"01/10/16";"Sábado";"17:50:00";"RJ";101;"472";"ANGRA DOS REIS";"Falta de atenção";"Colisão traseira";"Com Vítimas Feridas";"Anoitecer";"Decrescente";"Nevoeiro/neblina";"Simples";"Reta";"Urbano";3;0;1;0;2;0;1;3
83506876;"13/10/16";"Quinta";"09:40:00";"SC";470;"257,5";"CURITIBANOS";"Não guardar distância de segurança";"Colisão traseira";"Com Vítimas Feridas";"Pleno dia";"Decrescente";"Nublado";"Simples";"Reta";"Urbano";2;0;1;0;1;0;1;2
83506877;"13/10/16";"Quinta";"04:48:00";"BA";116;"474,2";"SANTO ESTEVAO";"Outras";"Atropelamento de pessoa";"Com Vítimas Feridas";"Plena noite";"Decrescente";"Ceu Claro";"Dupla";"Reta";"Rural";2;0;0;1;0;1;1;1
83506878;"13/10/16";"Quinta";"07:20:00";"PE";101;"68";"RECIFE";"Falta de atenção";"Colisão traseira";"Com Vítimas Feridas";"Pleno dia";"Crescente";"Ceu Claro";"Dupla";"Reta";"Urbano";3;0;1;0;2;0;1;3
83506879;"13/10/16";"Quinta";"08:30:00";"SC";470;"337";"CAMPOS NOVOS";"Defeito na via";"Saída de Pista";"Sem Vítimas";"Amanhecer";"Decrescente";"Nublado";"Simples";"Curva";"Rural";1;0;0;0;1;0;0;1
83506880;"13/10/16";"Quinta";"08:30:00";"MS";163;"166";"JUTI";"Outras";"Capotamento";"Sem Vítimas";"Amanhecer";"Crescente";"Chuva";"Simples";"Reta";"Rural";2;0;0;0;2;0;0;1
83506882;"13/10/16";"Quinta";"09:25:00";"PI";316;"313";"PICOS";"Falta de atenção";"Colisão Transversal";"Com Vítimas Feridas";"Pleno dia";"Crescente";"Ceu Claro";"Dupla";"Reta";"Urbano";2;0;0;1;1;0;1;2
83506883;"28/07/16";"Quinta";"15:10:00";"SC";101;"119";"ITAJAI";"Outras";"Queda de motocicleta / bicicleta / veículo";"Com Vítimas Feridas";"Pleno dia";"Decrescente";"Sol";"Simples";"Reta";"Urbano";1;0;1;0;0;0;1;1
83506884;"11/10/16";"Terça";"17:30:00";"MG";365;"628";"UBERLANDIA";"Falta de atenção";"Colisão Transversal";"Sem Vítimas";"Anoitecer";"Decrescente";"Nublado";"Dupla";"Curva";"Urbano";2;0;0;0;2;0;0;2
83506885;"13/10/16";"Quinta";"13:40:00";"PR";116;"46";"CAMPINA GRANDE DO SUL";"Velocidade incompatível";"Atropelamento de animal";"Com Vítimas Feridas";"Pleno dia";"Crescente";"Chuva";"Dupla";"Curva";"Rural";5;0;4;0;1;0;4;1
83506886;"09/10/16";"Domingo";"22:45:00";"SP";116;"173,2";"JACAREI";"Outras";"Tombamento";"Com Vítimas Feridas";"Plena noite";"Decrescente";"Ceu Claro";"Dupla";"Reta";"Rural";1;0;0;1;0;0;1;1
83506887;"13/10/16";"Quinta";"11:10:00";"RS";392;"7,8";"RIO GRANDE";"Falta de atenção";"Colisão Transversal";"Com Vítimas Feridas";"Pleno dia";"Decrescente";"Nublado";"Simples";"Reta";"Urbano";2;0;1;0;1;0;1;2
83506888;"01/10/16";"Sábado";"14:30:00";"RN";110;"35";"MOSSORO";"Outras";"Colisão Transversal";"Com Vítimas Fatais";"Pleno dia";"Decrescente";"Ceu Claro";"Simples";"Curva";"Rural";4;1;0;1;2;0;1;2
83506889;"04/07/16";"Segunda";"08:05:00";"BA";101;"158";"CONCEICAO DO JACUIPE";"Outras";"Colisão traseira";"Sem Vítimas";"Pleno dia";"Crescente";"Ceu Claro";"Simples";"Reta";"Rural";3;0;0;0;3;0;0;3
83506890;"13/10/16";"Quinta";"10:45:00";"BA";324;"513,1";"FEIRA DE SANTANA";"Falta de atenção";"Colisão Transversal";"Com Vítimas Feridas";"Pleno dia";"Decrescente";"Ceu Claro";"Simples";"Reta";"Urbano";2;0;1;0;0;1;1;2
83506891;"13/10/16";"Quinta";"13:00:00";"SC";470;"63,7";"BLUMENAU";"Falta de atenção";"Colisão Transversal";"Com Vítimas Feridas";"Pleno dia";"Crescente";"Ceu Claro";"Simples";"Curva";"Urbano";3;0;2;0;1;0;2;2
83506892;"09/10/16";"Domingo";"21:00:00";"MG";251;"475";"FRANCISCO SA";"Velocidade incompatível";"Capotamento";"Com Vítimas Feridas";"Plena noite";"Crescente";"Nublado";"Simples";"Curva";"Rural";1;0;1;0;0;0;1;1
83506898;"13/10/16";"Quinta";"12:00:00";"PE";101;"64,6";"RECIFE";"Outras";"Colisão lateral";"Com Vítimas Feridas";"Pleno dia";"Crescente";"Ceu Claro";"Dupla";"Reta";"Urbano";2;0;1;0;1;0;1;2
83506899;"25/08/16";"Quinta";"05:45:00";"SP";116;"225";"GUARULHOS";"Desobediência à sinalização";"Colisão traseira";"Com Vítimas Feridas";"Pleno dia";"Crescente";"Ceu Claro";"Múltipla";"Reta";"Urbano";4;0;1;0;2;1;1;4
83506900;"13/10/16";"Quinta";"09:50:00";"SP";116;"415,1";"JUQUIA";"Outras";"Tombamento";"Sem Vítimas";"Pleno dia";"Decrescente";"Chuva";"Dupla";"Curva";"Urbano";1;0;0;0;1;0;0;1
83506901;"13/10/16";"Quinta";"09:00:00";"RJ";393;"289";"VOLTA REDONDA";"Falta de atenção";"Tombamento";"Com Vítimas Feridas";"Pleno dia";"Decrescente";"Ceu Claro";"Dupla";"Reta";"Urbano";2;0;1;0;1;0;1;2
83506902;"13/10/16";"Quinta";"13:30:00";"SP";116;"555";"BARRA DO TURVO";"Velocidade incompatível";"Capotamento";"Sem Vítimas";"Pleno dia";"Crescente";"Chuva";"Dupla";"Curva";"Rural";2;0;0;0;2;0;0;1
83506903;"13/10/16";"Quinta";"08:45:00";"MT";163;"1039,5";"MATUPA";"Falta de atenção";"Colisão lateral";"Com Vítimas Feridas";"Pleno dia";"Crescente";"Sol";"Simples";"Curva";"Urbano";2;0;1;0;0;1;1;2
83506904;"11/10/16";"Terça";"20:30:00";"GO";364;"104,2";"APARECIDA DO RIO DOCE";"Defeito mecânico em veículo";"Tombamento";"Sem Vítimas";"Plena noite";"Decrescente";"Ceu Claro";"Simples";"Reta";"Rural";1;0;0;0;1;0;0;1
83506905;"06/10/16";"Quinta";"01:30:00";"BA";242;"355";"PALMEIRAS";"Dormindo";"Saída de Pista";"Com Vítimas Feridas";"Plena noite";"Decrescente";"Chuva";"Simples";"Curva";"Rural";1;0;1;0;0;0;1;1
83506907;"13/10/16";"Quinta";"12:20:00";"PR";116;"0,5";"CAMPINA GRANDE DO SUL";"Falta de atenção";"Colisão com objeto fixo";"Com Vítimas Feridas";"Pleno dia";"Crescente";"Chuva";"Dupla";"Reta";"Rural";2;0;1;0;1;0;1;1
83506908;"13/10/16";"Quinta";"07:40:00";"SC";470;"337";"CAMPOS NOVOS";"Defeito na via";"Saída de Pista";"Com Vítimas Feridas";"Amanhecer";"Decrescente";"Ceu Claro";"Simples";"Reta";"Rural";2;0;2;0;0;0;2;1
83506909;"21/08/16";"Domingo";"13:30:00";"SC";280;"99,8";"SAO BENTO DO SUL";"Ultrapassagem indevida";"Colisão frontal";"Com Vítimas Feridas";"Pleno dia";"Crescente";"Chuva";"Simples";"Curva";"Rural";3;0;3;0;0;0;3;2
83506910;"10/10/16";"Segunda";"00:05:00";"BA";324;"395";"NOVA FATIMA";"Outras";"Saída de Pista";"Com Vítimas Feridas";"Plena noite";"Crescente";"Nublado";"Simples";"Reta";"Rural";2;0;1;0;1;0;1;1
83506911;"13/10/16";"Quinta";"14:00:00";"SP";116;"420";"JUQUIA";"Velocidade incompatível";"Colisão com objeto fixo";"Sem Vítimas";"Pleno dia";"Decrescente";"Chuva";"Dupla";"Curva";"Rural";1;0;0;0;1;0;0;1
83506912;"13/10/16";"Quinta";"13:30:00";"PR";376;"176,8";"MARINGA";"Não guardar distância de segurança";"Colisão traseira";"Com Vítimas Feridas";"Pleno dia";"Decrescente";"Chuva";"Dupla";"Cruzamento";"Urbano";3;0;1;0;2;0;1;2
83506913;"13/10/16";"Quinta";"16:10:00";"RS";285;"298,5";"PASSO FUNDO";"Não guardar distância de segurança";"Colisão traseira";"Com Vítimas Feridas";"Pleno dia";"Decrescente";"Sol";"Simples";"Reta";"Urbano";3;0;2;0;1;0;2;2
83506914;"09/10/16";"Domingo";"17:00:00";"PR";277;"464,9";"LARANJEIRAS DO SUL";"Ingestão de álcool";"Colisão Transversal";"Com Vítimas Feridas";"Pleno dia";"Decrescente";"Nublado";"Simples";"Reta";"Rural";3;0;1;0;2;0;1;2
83506915;"21/08/16";"Domingo";"13:30:00";"SC";280;"99,8";"SAO BENTO DO SUL";"Outras";"Colisão frontal";"Com Vítimas Feridas";"Pleno dia";"Crescente";"Chuva";"Simples";"Curva";"Rural";3;0;3;0;0;0;3;2
83506916;"13/10/16";"Quinta";"12:50:00";"PR";476;"140";"CURITIBA";"Falta de atenção";"Atropelamento de pessoa";"Com Vítimas Feridas";"Pleno dia";"Crescente";"Chuva";"Dupla";"Reta";"Urbano";2;0;1;0;1;0;1;1
83506917;"13/10/16";"Quinta";"14:30:00";"RS";116;"265,3";"CANOAS";"Falta de atenção";"Colisão lateral";"Sem Vítimas";"Pleno dia";"Crescente";"Ceu Claro";"Múltipla";"Reta";"Urbano";3;0;0;0;3;0;0;3
83506918;"13/10/16";"Quinta";"15:30:00";"AL";101;"138";"SAO MIGUEL DOS CAMPOS";"Falta de atenção";"Colisão Transversal";"Com Vítimas Feridas";"Pleno dia";"Crescente";"Chuva";"Simples";"Reta";"Urbano";3;0;0;1;2;0;1;3
83506919;"13/10/16";"Quinta";"10:05:00";"RO";319;"62,1";"PORTO VELHO";"Falta de atenção";"Colisão lateral";"Sem Vítimas";"Pleno dia";"Crescente";"Sol";"Dupla";"Reta";"Urbano";2;0;0;0;2;0;0;2
83506920;"09/10/16";"Domingo";"01:05:00";"SE";101;"74";"MARUIM";"Ultrapassagem indevida";"Colisão frontal";"Com Vítimas Feridas";"Plena noite";"Crescente";"Ceu Claro";"Simples";"Reta";"Rural";3;0;0;2;0;1;2;2
83506921;"08/10/16";"Sábado";"11:50:00";"MG";135;"384,5";"MONTES CLAROS";"Desobediência à sinalização";"Colisão traseira";"Com Vítimas Feridas";"Pleno dia";"Crescente";"Sol";"Simples";"Reta";"Rural";2;0;0;1;1;0;1;2
83506922;"13/10/16";"Quinta";"14:15:00";"GO";60;"96,5";"ANAPOLIS";"Falta de atenção";"Colisão frontal";"Sem Vítimas";"Pleno dia";"Crescente";"Ceu Claro";"Dupla";"Reta";"Urbano";2;0;0;0;1;1;0;2
83506923;"10/10/16";"Segunda";"00:55:00";"TO";153;"151,7";"ARAGUAINA";"Desobediência à sinalização";"Colisão com bicicleta";"Com Vítimas Feridas";"Plena noite";"Crescente";"Ceu Claro";"Simples";"Reta";"Rural";2;0;0;1;0;1;1;2
83506925;"13/10/16";"Quinta";"10:55:00";"PA";316;"82";"SAO FRANCISCO DO PARA";"Não guardar distância de segurança";"Colisão traseira";"Sem Vítimas";"Pleno dia";"Crescente";"Ceu Claro";"Simples";"Reta";"Rural";2;0;0;0;2;0;0;2
83506926;"13/10/16";"Quinta";"09:00:00";"BA";101;"299";"VALENCA";"Outras";"Saída de Pista";"Com Vítimas Feridas";"Pleno dia";"Crescente";"Chuva";"Simples";"Reta";"Rural";1;0;1;0;0;0;1;1
83506927;"10/10/16";"Segunda";"07:08:00";"PR";376;"657";"TIJUCAS DO SUL";"Velocidade incompatível";"Capotamento";"Sem Vítimas";"Pleno dia";"Decrescente";"Chuva";"Dupla";"Curva";"Urbano";2;0;0;0;2;0;0;1
83506928;"11/10/16";"Terça";"20:30:00";"MG";251;"328";"SALINAS";"Velocidade incompatível";"Tombamento";"Com Vítimas Feridas";"Plena noite";"Crescente";"Nublado";"Simples";"Curva";"Rural";1;0;1;0;0;0;1;1
83506929;"10/10/16";"Segunda";"20:40:00";"SP";381;"79";"SAO PAULO";"Falta de atenção";"Incêndio";"Ignorado";"Plena noite";"Decrescente";"Nublado";"Múltipla";"Curva";"Urbano";1;0;0;0;0;1;0;1
83506930;"13/10/16";"Quinta";"17:00:00";"PR";376;"229";"APUCARANA";"Falta de atenção";"Colisão Transversal";"Sem Vítimas";"Pleno dia";"Decrescente";"Chuva";"Simples";"Cruzamento";"Rural";2;0;0;0;2;0;0;2
83506931;"13/10/16";"Quinta";"07:40:00";"PR";277;"213,8";"TEIXEIRA SOARES";"Velocidade incompatível";"Colisão Transversal";"Com Vítimas Fatais";"Pleno dia";"Decrescente";"Chuva";"Simples";"Curva";"Rural";4;2;0;2;0;0;2;2