"id";"data_inversa";"dia_semana";"horario";"uf";"br";"km";"municipio";"causa_acidente";"tipo_acidente";"classificacao_acidente";"fase_dia";"sentido_via";"condicao_metereologica";"tipo_pista";"tracado_via";"uso_solo";"pessoas";"mortos";"feridos_leves";"feridos_graves";"ilesos";"ignorados";"feridos";"veiculos"
83507449;"14/10/16";"Sexta";"18:00:00";"MG";50;"17";"ARAGUARI";"Outras";"Saída de Pista";"Sem Vítimas";"Anoitecer";"Decrescente";"Chuva";"Dupla";"Curva";"Rural";5;0;0;0;5;0;0;1
83507450;"14/10/16";"Sexta";"20:00:00";"SP";116;"547";"BARRA DO TURVO";"Velocidade incompatível";"Capotamento";"Sem Vítimas";"Plena noite";"Crescente";"Chuva";"Simples";"Curva";"Rural";2;0;0;0;2;0;0;1
83507451;"14/10/16";"Sexta";"19:20:00";"RO";319;"57";"PORTO VELHO";"Falta de atenção";"Colisão frontal";"Com Vítimas Fatais";"Plena noite";"Decrescente";"Ceu Claro";"Simples";"Reta";"Rural";3;1;1;1;0;0;2;2
83507452;"14/10/16";"Sexta";"21:00:00";"PA";10;"213";"IPIXUNA DO PARA";"Outras";"Colisão lateral";"Com Vítimas Feridas";"Plena noite";"Crescente";"Nublado";"Simples";"Reta";"Rural";2;0;1;0;1;0;1;2
83507453;"14/10/16";"Sexta";"06:30:00";"CE";116;"8";"FORTALEZA";"Velocidade incompatível";"Queda de motocicleta / bicicleta / veículo";"Com Vítimas Feridas";"Pleno dia";"Decrescente";"Ceu Claro";"Dupla";"Reta";"Urbano";1;0;1;0;0;0;1;1
83507454;"13/10/16";"Quinta";"02:15:00";"SC";101;"379";"ICARA";"Dormindo";"Saída de Pista";"Com Vítimas Feridas";"Plena noite";"Crescente";"Nublado";"Múltipla";"Reta";"Rural";1;0;1;0;0;0;1;1
83507455;"14/10/16";"Sexta";"14:00:00";"CE";116;"40";"HORIZONTE";"Não guardar distância de segurança";"Colisão traseira";"Com Vítimas Feridas";"Pleno dia";"Decrescente";"Ceu Claro";"Múltipla";"Reta";"Rural";2;0;1;0;1;0;1;2
83507457;"14/10/16";"Sexta";"18:25:00";"SE";101;"124";"ITAPORANGA DAJUDA";"Falta de atenção";"Colisão traseira";"Com Vítimas Feridas";"Plena noite";"Decrescente";"Ceu Claro";"Dupla";"Reta";"Rural";2;0;1;0;1;0;1;2
83507458;"14/10/16";"Sexta";"15:00:00";"GO";40;"43";"LUZIANIA";"Falta de atenção";"Colisão traseira";"Com Vítimas Feridas";"Pleno dia";"Crescente";"Ceu Claro";"Simples";"Reta";"Rural";3;0;1;0;2;0;1;2
83507459;"14/10/16";"Sexta";"22:40:00";"CE";222;"3,3";"SOBRAL";"Falta de atenção";"Colisão traseira";"Com Vítimas Feridas";"Plena noite";"Decrescente";"Ceu Claro";"Dupla";"Reta";"Urbano";4;0;1;1;2;0;2;2
83507460;"14/10/16";"Sexta";"17:30:00";"MT";158;"448,9";"RIBEIRAO CASCALHEIRA";"Outras";"Saída de Pista";"Com Vítimas Fatais";"Pleno dia";"Crescente";"Sol";"Simples";"Reta";"Rural";1;1;0;0;0;0;0;1
83507461;"14/10/16";"Sexta";"15:30:00";"CE";222;"4,2";"CAUCAIA";"Defeito mecânico em veículo";"Colisão traseira";"Sem Vítimas";"Pleno dia";"Decrescente";"Ceu Claro";"Múltipla";"Reta";"Urbano";7;0;0;0;7;0;0;7
83507462;"14/10/16";"Sexta";"16:05:00";"PB";230;"20,7";"JOAO PESSOA";"Não guardar distância de segurança";"Colisão traseira";"Com Vítimas Fatais";"Pleno dia";"Crescente";"Ceu Claro";"Dupla";"Reta";"Urbano";2;1;0;0;1;0;0;2
83507463;"14/10/16";"Sexta";"22:40:00";"MA";10;"228";"IMPERATRIZ";"Falta de atenção";"Colisão traseira";"Com Vítimas Feridas";"Plena noite";"Crescente";"Ignorada";"Simples";"Reta";"Urbano";4;0;1;2;1;0;3;3
83507464;"14/10/16";"Sexta";"09:30:00";"GO";153;"528,4";"HIDROLANDIA";"Não guardar distância de segurança";"Colisão lateral";"Com Vítimas Feridas";"Pleno dia";"Crescente";"Sol";"Dupla";"Reta";"Urbano";3;0;2;0;1;0;2;2
83507465;"14/10/16";"Sexta";"21:40:00";"PR";376;"184";"SARANDI";"Falta de atenção";"Colisão com objeto fixo";"Sem Vítimas";"Plena noite";"Crescente";"Nublado";"Dupla";"Cruzamento";"Urbano";1;0;0;0;1;0;0;1
83507466;"14/10/16";"Sexta";"21:30:00";"PA";316;"94";"SANTA MARIA DO PARA";"Defeito mecânico em veículo";"Danos Eventuais";"Sem Vítimas";"Plena noite";"Crescente";"Ceu Claro";"Simples";"Reta";"Rural";3;0;0;0;3;0;0;3
83507467;"14/10/16";"Sexta";"22:40:00";"PR";487;"126,2";"TUNEIRAS DO OESTE";"Velocidade incompatível";"Colisão traseira";"Com Vítimas Feridas";"Plena noite";"Decrescente";"Nublado";"Simples";"Reta";"Rural";5;0;3;1;1;0;4;2
83507468;"06/10/16";"Quinta";"17:15:00";"SC";101;"142,5";"ITAPEMA";"Falta de atenção";"Colisão Transversal";"Com Vítimas Feridas";"Pleno dia";"Crescente";"Sol";"Simples";"Cruzamento";"Urbano";2;0;1;0;1;0;1;2
83507469;"11/10/16";"Terça";"06:05:00";"MG";381;"497";"BETIM";"Outras";"Colisão traseira";"Com Vítimas Feridas";"Amanhecer";"Decrescente";"Sol";"Múltipla";"Reta";"Urbano";2;0;1;0;1;0;1;2
83507470;"15/10/16";"Sábado";"02:00:00";"SP";116;"190,7";"SANTA ISABEL";"Dormindo";"Colisão com objeto fixo";"Sem Vítimas";"Plena noite";"Crescente";"Chuva";"Dupla";"Reta";"Rural";1;0;0;0;1;0;0;1
83507471;"15/10/16";"Sábado";"00:30:00";"MG";153;"28";"CENTRALINA";"Defeito mecânico em veículo";"Saída de Pista";"Sem Vítimas";"Plena noite";"Crescente";"Chuva";"Dupla";"Reta";"Rural";1;0;0;0;1;0;0;1
83507472;"14/10/16";"Sexta";"17:30:00";"CE";222;"56";"SAO GONCALO DO AMARANTE";"Falta de atenção";"Colisão lateral";"Sem Vítimas";"Anoitecer";"Crescente";"Sol";"Simples";"Reta";"Rural";2;0;0;0;1;1;0;2
83507473;"14/10/16";"Sexta";"18:30:00";"MG";116;"113";"MEDINA";"Animais na Pista";"Atropelamento de animal";"Sem Vítimas";"Plena noite";"Crescente";"Nublado";"Simples";"Reta";"Rural";1;0;0;0;1;0;0;1
83507474;"14/10/16";"Sexta";"17:00:00";"MT";70;"121,7";"GENERAL CARNEIRO";"Ingestão de álcool";"Colisão traseira";"Sem Vítimas";"Pleno dia";"Crescente";"Ceu Claro";"Simples";"Reta";"Rural";3;0;0;0;3;0;0;3
83507475;"14/10/16";"Sexta";"07:20:00";"RO";319;"62,1";"PORTO VELHO";"Falta de atenção";"Colisão Transversal";"Com Vítimas Feridas";"Pleno dia";"Crescente";"Ceu Claro";"Dupla";"Cruzamento";"Urbano";2;0;1;0;1;0;1;2
83507476;"15/10/16";"Sábado";"01:25:00";"GO";153;"645,9";"MORRINHOS";"Falta de atenção";"Saída de Pista";"Sem Vítimas";"Plena noite";"Crescente";"Ceu Claro";"Dupla";"Reta";"Rural";1;0;0;0;1;0;0;1
83507478;"15/10/16";"Sábado";"03:55:00";"RS";386;"289";"SAO JOSE DO HERVAL";"Velocidade incompatível";"Saída de Pista";"Com Vítimas Feridas";"Plena noite";"Decrescente";"Ceu Claro";"Dupla";"Curva";"Rural";1;0;1;0;0;0;1;1
83507479;"14/10/16";"Sexta";"19:00:00";"SC";101;"321,9";"PESCARIA BRAVA";"Outras";"Colisão com objeto fixo";"Com Vítimas Feridas";"Plena noite";"Decrescente";"Nublado";"Dupla";"Reta";"Urbano";2;0;0;1;1;0;1;2
83507480;"14/10/16";"Sexta";"18:25:00";"GO";60;"383,7";"RIO VERDE";"Outras";"Colisão com bicicleta";"Com Vítimas Feridas";"Anoitecer";"Decrescente";"Chuva";"Dupla";"Reta";"Urbano";2;0;0;1;0;1;1;2
83507481;"14/10/16";"Sexta";"15:20:00";"PR";116;"5";"CAMPINA GRANDE DO SUL";"Velocidade incompatível";"Capotamento";"Sem Vítimas";"Pleno dia";"Decrescente";"Chuva";"Dupla";"Curva";"Rural";3;0;0;0;3;0;0;1
83507482;"15/10/16";"Sábado";"04:30:00";"PR";369;"157";"LONDRINA";"Ingestão de álcool";"Colisão lateral";"Sem Vítimas";"Amanhecer";"Crescente";"Vento";"Dupla";"Reta";"Urbano";2;0;0;0;2;0;0;2
83507483;"15/10/16";"Sábado";"05:00:00";"RS";290;"58,8";"GRAVATAI";"Velocidade incompatível";"Capotamento";"Com Vítimas Feridas";"Amanhecer";"Crescente";"Ceu Claro";"Dupla";"Reta";"Rural";2;0;2;0;0;0;2;1
83507484;"15/10/16";"Sábado";"03:50:00";"RJ";40;"31,9";"AREAL";"Velocidade incompatível";"Capotamento";"Com Vítimas Feridas";"Plena noite";"Decrescente";"Ceu Claro";"Dupla";"Curva";"Rural";2;0;0;1;1;0;1;2
83507485;"15/10/16";"Sábado";"03:20:00";"ES";101;"130";"LINHARES";"Ingestão de álcool";"Colisão Transversal";"Com Vítimas Fatais";"Plena noite";"Crescente";"Nublado";"Simples";"Reta";"Urbano";3;1;0;1;0;1;1;2
83507486;"14/10/16";"Sexta";"20:00:00";"MG";381;"500,5";"BETIM";"Outras";"Queda de motocicleta / bicicleta / veículo";"Com Vítimas Feridas";"Plena noite";"Decrescente";"Nublado";"Dupla";"Reta";"Urbano";1;0;1;0;0;0;1;1
83507488;"14/10/16";"Sexta";"20:15:00";"PR";476;"141";"CURITIBA";"Outras";"Atropelamento de pessoa";"Com Vítimas Feridas";"Plena noite";"Decrescente";"Nublado";"Dupla";"Reta";"Urbano";2;0;0;1;1;0;1;1
83507489;"15/10/16";"Sábado";"05:30:00";"PR";476;"124";"CURITIBA";"Ingestão de álcool";"Saída de Pista";"Ignorado";"Plena noite";"Decrescente";"Nublado";"Dupla";"Reta";"Urbano";1;0;0;0;0;1;0;1
83507490;"15/10/16";"Sábado";"03:00:00";"BA";330;"791,2";"BARRA DO ROCHA";"Velocidade incompatível";"Colisão com objeto fixo";"Com Vítimas Feridas";"Plena noite";"Decrescente";"Nevoeiro/neblina";"Simples";"Curva";"Rural";1;0;0;1;0;0;1;1
83507491;"14/10/16";"Sexta";"21:20:00";"MG";381;"907";"CAMBUI";"Velocidade incompatível";"Colisão com objeto fixo";"Com Vítimas Feridas";"Plena noite";"Decrescente";"Chuva";"Dupla";"Curva";"Rural";1;0;1;0;0;0;1;1
83507492;"15/10/16";"Sábado";"05:10:00";"SP";116;"494,9";"CAJATI";"Falta de atenção";"Capotamento";"Sem Vítimas";"Amanhecer";"Crescente";"Nublado";"Dupla";"Reta";"Rural";5;0;0;0;4;1;0;2
83507493;"15/10/16";"Sábado";"03:00:00";"BA";415;"21";"ILHEUS";"Ingestão de álcool";"Colisão lateral";"Sem Vítimas";"Plena noite";"Crescente";"Nublado";"Simples";"Curva";"Rural";2;0;0;0;2;0;0;2
83507494;"15/10/16";"Sábado";"04:44:00";"BA";330;"728,7";"JEQUIE";"Velocidade incompatível";"Capotamento";"Com Vítimas Feridas";"Plena noite";"Decrescente";"Ceu Claro";"Simples";"Curva";"Rural";1;0;1;0;0;0;1;1
83507495;"15/10/16";"Sábado";"03:30:00";"MG";50;"62";"UBERLANDIA";"Ingestão de álcool";"Saída de Pista";"Com Vítimas Feridas";"Plena noite";"Crescente";"Ceu Claro";"Dupla";"Reta";"Rural";2;0;1;0;1;0;1;1
83507496;"15/10/16";"Sábado";"00:05:00";"SP";381;"73";"SAO PAULO";"Falta de atenção";"Colisão com objeto fixo";"Com Vítimas Feridas";"Plena noite";"Crescente";"Chuva";"Dupla";"Curva";"Rural";4;0;4;0;0;0;4;1
83507497;"15/10/16";"Sábado";"05:15:00";"PE";104;"32,8";"TORITAMA";"Defeito mecânico em veículo";"Capotamento";"Sem Vítimas";"Amanhecer";"Decrescente";"Ceu Claro";"Dupla";"Reta";"Rural";1;0;0;0;1;0;0;1
83507498;"15/10/16";"Sábado";"00:02:00";"BA";116;"818";"VITORIA DA CONQUISTA";"Desobediência à sinalização";"Colisão Transversal";"Sem Vítimas";"Plena noite";"Crescente";"Nublado";"Simples";"Reta";"Urbano";2;0;0;0;2;0;0;2
83507499;"12/10/16";"Quarta";"04:30:00";"RS";287;"237,5";"SANTA MARIA";"Ingestão de álcool";"Capotamento";"Sem Vítimas";"Plena noite";"Crescente";"Ceu Claro";"Simples";"Cruzamento";"Urbano";1;0;0;0;1;0;0;1
83507500;"14/10/16";"Sexta";"11:15:00";"MG";262;"574";"CORREGO DANTA";"Defeito na via";"Capotamento";"Com Vítimas Feridas";"Pleno dia";"Decrescente";"Chuva";"Simples";"Curva";"Rural";1;0;1;0;0;0;1;1
83507501;"12/10/16";"Quarta";"22:05:00";"GO";153;"514,1";"APARECIDA DE GOIANIA";"Velocidade incompatível";"Colisão lateral";"Sem Vítimas";"Plena noite";"Crescente";"Ceu Claro";"Múltipla";"Reta";"Urbano";2;0;0;0;2;0;0;2
83507502;"15/10/16";"Sábado";"07:10:00";"SC";470;"47";"GASPAR";"Falta de atenção";"Colisão lateral";"Com Vítimas Feridas";"Pleno dia";"Crescente";"Ceu Claro";"Simples";"Reta";"Urbano";2;0;1;0;1;0;1;2
83507503;"13/10/16";"Quinta";"04:00:00";"SP";116;"400";"MIRACATU";"Outras";"Saída de Pista";"Com Vítimas Feridas";"Plena noite";"Decrescente";"Chuva";"Dupla";"Reta";"Rural";2;0;1;0;1;0;1;1
83507504;"14/10/16";"Sexta";"23:25:00";"RS";386;"245,3";"SOLEDADE";"Animais na Pista";"Atropelamento de animal";"Sem Vítimas";"Plena noite";"Crescente";"Ceu Claro";"Simples";"Reta";"Urbano";1;0;0;0;1;0;0;1
83507505;"15/10/16";"Sábado";"04:15:00";"RS";470;"159";"NOVA PRATA";"Velocidade incompatível";"Saída de Pista";"Com Vítimas Feridas";"Plena noite";"Decrescente";"Ceu Claro";"Simples";"Reta";"Rural";3;0;2;0;0;1;2;1
83507506;"11/10/16";"Terça";"18:50:00";"GO";153;"505,4";"APARECIDA DE GOIANIA";"Outras";"Colisão traseira";"Com Vítimas Feridas";"Plena noite";"Crescente";"Ceu Claro";"Dupla";"Reta";"Urbano";5;0;1;0;4;0;1;5
83507507;"15/10/16";"Sábado";"04:30:00";"MG";381;"665,2";"PERDOES";"Dormindo";"Saída de Pista";"Sem Vítimas";"Plena noite";"Decrescente";"Nublado";"Dupla";"Reta";"Rural";2;0;0;0;2;0;0;1
83507508;"15/10/16";"Sábado";"06:15:00";"RJ";101;"64";"CAMPOS DOS GOYTACAZES";"Falta de atenção";"Colisão Transversal";"Com Vítimas Feridas";"Pleno dia";"Crescente";"Ceu Claro";"Simples";"Cruzamento";"Urbano";3;0;1;0;2;0;1;2
83507511;"13/10/16";"Quinta";"10:15:00";"PR";116;"17";"CAMPINA GRANDE DO SUL";"Velocidade incompatível";"Saída de Pista";"Com Vítimas Feridas";"Pleno dia";"Crescente";"Chuva";"Dupla";"Curva";"Rural";3;0;2;0;1;0;2;1
83507512;"12/10/16";"Quarta";"04:00:00";"SE";101;"156,2";"ESTANCIA";"Velocidade incompatível";"Capotamento";"Sem Vítimas";"Amanhecer";"Crescente";"Chuva";"Simples";"Curva";"Rural";1;0;0;0;1;0;0;1
83507513;"15/10/16";"Sábado";"08:05:00";"SC";282;"606,7";"MARAVILHA";"Outras";"Colisão Transversal";"Sem Vítimas";"Pleno dia";"Crescente";"Nublado";"Simples";"Reta";"Rural";3;0;0;0;3;0;0;2
83507514;"15/10/16";"Sábado";"05:45:00";"GO";452;"168,8";"ITUMBIARA";"Animais na Pista";"Atropelamento de animal";"Sem Vítimas";"Amanhecer";"Crescente";"Chuva";"Simples";"Curva";"Urbano";1;0;0;0;1;0;0;1
83507515;"11/10/16";"Terça";"22:05:00";"RS";290;"104";"ELDORADO DO SUL";"Falta de atenção";"Colisão lateral";"Sem Vítimas";"Plena noite";"Decrescente";"Ceu Claro";"Dupla";"Reta";"Urbano";4;0;0;0;4;0;0;3
83507516;"12/10/16";"Quarta";"06:15:00";"RO";319;"62,8";"PORTO VELHO";"Ingestão de álcool";"Colisão Transversal";"Com Vítimas Feridas";"Pleno dia";"Decrescente";"Ceu Claro";"Dupla";"Cruzamento";"Urbano";5;0;4;0;1;0;4;2
83507517;"13/10/16";"Quinta";"17:00:00";"SC";470;"59,5";"BLUMENAU";"Desobediência à sinalização";"Colisão Transversal";"Com Vítimas Feridas";"Pleno dia";"Crescente";"Nublado";"Simples";"Cruzamento";"Urbano";2;0;1;0;1;0;1;2
83507518;"15/10/16";"Sábado";"02:20:00";"MT";163;"691";"LUCAS DO RIO VERDE";"Falta de atenção";"Colisão lateral";"Sem Vítimas";"Plena noite";"Decrescente";"Ceu Claro";"Simples";"Reta";"Rural";2;0;0;0;1;1;0;2
83507519;"15/10/16";"Sábado";"01:50:00";"ES";101;"129";"SOORETAMA";"Outras";"Capotamento";"Ignorado";"Plena noite";"Decrescente";"Ceu Claro";"Simples";"Reta";"Rural";1;0;0;0;0;1;0;1
83507520;"12/10/16";"Quarta";"02:30:00";"MG";135;"453,2";"BOCAIUVA";"Ultrapassagem indevida";"Colisão frontal";"Com Vítimas Fatais";"Plena noite";"Crescente";"Nublado";"Simples";"Reta";"Rural";11;1;8;2;0;0;10;2
83507521;"12/10/16";"Quarta";"04:30:00";"MT";163;"109,3";"RONDONOPOLIS";"Dormindo";"Saída de Pista";"Sem Vítimas";"Plena noite";"Crescente";"Chuva";"Dupla";"Reta";"Rural";2;0;0;0;2;0;0;1
83507522;"03/10/16";"Segunda";"14:40:00";"SP";116;"65,5";"GUARATINGUETA";"Outras";"Capotamento";"Sem Vítimas";"Pleno dia";"Crescente";"Chuva";"Dupla";"Curva";"Rural";1;0;0;0;1;0;0;1
83507523;"15/10/16";"Sábado";"06:50:00";"RS";116;"255,5";"ESTEIO";"Velocidade incompatível";"Colisão lateral";"Com Vítimas Feridas";"Pleno dia";"Decrescente";"Sol";"Múltipla";"Reta";"Urbano";3;0;2;0;1;0;2;2
83507524;"08/10/16";"Sábado";"00:20:00";"SP";116;"68,8";"APARECIDA";"Outras";"Capotamento";"Com Vítimas Fatais";"Plena noite";"Crescente";"Ceu Claro";"Dupla";"Curva";"Urbano";6;1;2;0;3;0;2;2
83507525;"13/10/16";"Quinta";"12:45:00";"PR";116;"6";"CAMPINA GRANDE DO SUL";"Velocidade incompatível";"Capotamento";"Com Vítimas Feridas";"Pleno dia";"Decrescente";"Chuva";"Dupla";"Curva";"Rural";2;0;1;0;1;0;1;1
83507526;"07/10/16";"Sexta";"22:30:00";"MG";40;"730,2";"OLIVEIRA FORTES";"Velocidade incompatível";"Saída de Pista";"Com Vítimas Feridas";"Plena noite";"Decrescente";"Ceu Claro";"Dupla";"Curva";"Rural";3;0;1;0;2;0;1;1
83507527;"14/10/16";"Sexta";"06:30:00";"MG";50;"92";"UBERLANDIA";"Não guardar distância de segurança";"Colisão traseira";"Sem Vítimas";"Amanhecer";"Crescente";"Chuva";"Dupla";"Reta";"Rural";2;0;0;0;2;0;0;2
83507528;"15/10/16";"Sábado";"06:45:00";"SP";153;"63,8";"SAO JOSE DO RIO PRETO";"Outras";"Colisão Transversal";"Com Vítimas Feridas";"Pleno dia";"Crescente";"Nublado";"Dupla";"Reta";"Urbano";3;0;0;1;2;0;1;2
83507529;"13/10/16";"Quinta";"15:06:00";"PI";343;"10,4";"PARNAIBA";"Falta de atenção";"Colisão frontal";"Com Vítimas Feridas";"Pleno dia";"Crescente";"Sol";"Simples";"Reta";"Urbano";3;0;1;1;0;1;2;3
83507530;"07/10/16";"Sexta";"23:00:00";"SP";116;"53";"LORENA";"Falta de atenção";"Colisão lateral";"Com Vítimas Feridas";"Plena noite";"Decrescente";"Ceu Claro";"Simples";"Reta";"Urbano";2;0;1;0;1;0;1;2
83507531;"13/10/16";"Quinta";"15:30:00";"RJ";116;"324";"ITATIAIA";"Outras";"Incêndio";"Sem Vítimas";"Pleno dia";"Decrescente";"Ceu Claro";"Dupla";"Reta";"Rural";1;0;0;0;1;0;0;1
83507532;"13/10/16";"Quinta";"17:30:00";"RS";290;"92";"PORTO ALEGRE";"Falta de atenção";"Colisão lateral";"Sem Vítimas";"Pleno dia";"Crescente";"Ceu Claro";"Dupla";"Reta";"Urbano";4;0;0;0;4;0;0;2
83507533;"11/10/16";"Terça";"16:30:00";"MG";459;"45,1";"SANTA RITA DE CALDAS";"Defeito mecânico em veículo";"Incêndio";"Sem Vítimas";"Pleno dia";"Decrescente";"Chuva";"Simples";"Reta";"Rural";1;0;0;0;1;0;0;1
83507534;"12/10/16";"Quarta";"09:30:00";"RJ";116;"138";"DUQUE DE CAXIAS";"Falta de atenção";"Tombamento";"Com Vítimas Feridas";"Pleno dia";"Crescente";"Ceu Claro";"Dupla";"Reta";"Urbano";2;0;1;0;1;0;1;2
83507535;"07/10/16";"Sexta";"17:30:00";"SC";280;"20";"ARAQUARI";"Falta de atenção";"Colisão traseira";"Com Vítimas Feridas";"Pleno dia";"Crescente";"Ignorada";"Simples";"Reta";"Urbano";2;0;1;0;1;0;1;2
83507536;"15/10/16";"Sábado";"07:42:00";"SP";116;"219,8";"GUARULHOS";"Falta de atenção";"Colisão com objeto fixo";"Com Vítimas Feridas";"Pleno dia";"Crescente";"Nublado";"Múltipla";"Reta";"Urbano";2;0;1;0;0;1;1;2
83507537;"25/08/16";"Quinta";"06:27:00";"PR";476;"140";"CURITIBA";"Falta de atenção";"Queda de motocicleta / bicicleta / veículo";"Com Vítimas Feridas";"Amanhecer";"Decrescente";"Ceu Claro";"Dupla";"Reta";"Urbano";1;0;1;0;0;0;1;1
83507538;"15/10/16";"Sábado";"09:20:00";"SE";101;"103,1";"SAO CRISTOVAO";"Falta de atenção";"Colisão traseira";"Com Vítimas Feridas";"Pleno dia";"Crescente";"Nublado";"Múltipla";"Reta";"Rural";2;0;0;1;0;1;1;2
83507539;"07/10/16";"Sexta";"19:30:00";"PB";230;"21";"JOAO PESSOA";"Falta de atenção";"Colisão traseira";"Sem Vítimas";"Plena noite";"Decrescente";"Nublado";"Dupla";"Reta";"Urbano";2;0;0;0;2;0;0;2
83507540;"15/10/16";"Sábado";"09:00:00";"MG";381;"453,5";"SABARA";"Falta de atenção";"Colisão Transversal";"Com Vítimas Feridas";"Pleno dia";"Decrescente";"Sol";"Simples";"Reta";"Rural";3;0;2;0;1;0;2;2
83507541;"12/10/16";"Quarta";"03:30:00";"PR";153;"27,2";"JACAREZINHO";"Outras";"Saída de Pista";"Sem Vítimas";"Plena noite";"Decrescente";"Ceu Claro";"Simples";"Curva";"Rural";1;0;0;0;1;0;0;1
83507542;"15/10/16";"Sábado";"09:20:00";"PE";101;"53";"PAULISTA";"Outras";"Colisão lateral";"Com Vítimas Feridas";"Pleno dia";"Crescente";"Sol";"Dupla";"Reta";"Urbano";2;0;2;0;0;0;2;2
83507543;"15/10/16";"Sábado";"08:00:00";"MT";364;"469,2";"VARZEA GRANDE";"Outras";"Tombamento";"Com Vítimas Feridas";"Pleno dia";"Decrescente";"Ceu Claro";"Simples";"Reta";"Rural";1;0;1;0;0;0;1;1
83507544;"12/10/16";"Quarta";"05:20:00";"TO";153;"501";"PARAISO DO TOCANTINS";"Ultrapassagem indevida";"Colisão frontal";"Com Vítimas Feridas";"Amanhecer";"Crescente";"Ceu Claro";"Simples";"Reta";"Rural";2;0;1;0;1;0;1;2
83507545;"11/10/16";"Terça";"19:20:00";"SP";116;"99";"PINDAMONHANGABA";"Velocidade incompatível";"Colisão Transversal";"Com Vítimas Feridas";"Plena noite";"Crescente";"Nublado";"Dupla";"Reta";"Rural";2;0;1;0;0;1;1;2
83507546;"15/10/16";"Sábado";"06:15:00";"MT";70;"533,3";"VARZEA GRANDE";"Ingestão de álcool";"Saída de Pista";"Sem Vítimas";"Pleno dia";"Crescente";"Sol";"Simples";"Reta";"Rural";5;0;0;0;5;0;0;1
83507547;"07/10/16";"Sexta";"18:20:00";"RJ";101;"296";"ITABORAI";"Falta de atenção";"Colisão traseira";"Com Vítimas Feridas";"Pleno dia";"Decrescente";"Ceu Claro";"Dupla";"Reta";"Urbano";2;0;1;0;0;1;1;2
83507548;"15/10/16";"Sábado";"10:00:00";"RJ";101;"117";"CAMPOS DOS GOYTACAZES";"Falta de atenção";"Colisão com objeto fixo";"Sem Vítimas";"Pleno dia";"Decrescente";"Ceu Claro";"Dupla";"Reta";"Rural";1;0;0;0;1;0;0;1
83507549;"15/10/16";"Sábado";"10:00:00";"RJ";101;"309";"SAO GONCALO";"Falta de atenção";"Colisão traseira";"Com Vítimas Feridas";"Pleno dia";"Decrescente";"Ceu Claro";"Dupla";"Reta";"Urbano";3;0;2;0;1;0;2;3
83507550;"10/10/16";"Segunda";"19:30:00";"RS";116;"529";"CAPAO DO LEAO";"Outras";"Colisão Transversal";"Sem Vítimas";"Plena noite";"Crescente";"Ceu Claro";"Simples";"Reta";"Urbano";2;0;0;0;1;1;0;2
83507551;"15/10/16";"Sábado";"04:45:00";"RO";364;"569";"ALTO PARAISO";"Outras";"Saída de Pista";"Com Vítimas Feridas";"Plena noite";"Crescente";"Ceu Claro";"Simples";"Curva";"Rural";4;0;3;1;0;0;4;1
83507552;"15/10/16";"Sábado";"10:45:00";"SE";235;"53,9";"ITABAIANA";"Desobediência à sinalização";"Colisão Transversal";"Com Vítimas Feridas";"Pleno dia";"Crescente";"Ceu Claro";"Simples";"Reta";"Rural";2;0;0;1;1;0;1;2
83507553;"07/10/16";"Sexta";"08:30:00";"SP";116;"230";"SAO PAULO";"Falta de atenção";"Colisão lateral";"Com Vítimas Feridas";"Pleno dia";"Crescente";"Ceu Claro";"Múltipla";"Reta";"Urbano";2;0;1;0;1;0;1;2
83507554;"15/10/16";"Sábado";"11:20:00";"SC";280;"54,7";"GUARAMIRIM";"Falta de atenção";"Colisão traseira";"Com Vítimas Feridas";"Pleno dia";"Crescente";"Nublado";"Simples";"Reta";"Urbano";2;0;1;0;1;0;1;2
83507555;"15/10/16";"Sábado";"08:10:00";"SP";381;"24";"BRAGANCA PAULISTA";"Animais na Pista";"Atropelamento de animal";"Sem Vítimas";"Pleno dia";"Crescente";"Ceu Claro";"Dupla";"Reta";"Rural";2;0;0;0;2;0;0;1
83507556;"07/10/16";"Sexta";"18:30:00";"CE";222;"11";"FORTALEZA";"Outras";"Atropelamento de pessoa";"Com Vítimas Feridas";"Plena noite";"Crescente";"Ceu Claro";"Múltipla";"Reta";"Rural";2;0;1;0;1;0;1;1
83507557;"15/10/16";"Sábado";"08:35:00";"PE";232;"63";"POMBOS";"Defeito mecânico em veículo";"Colisão com objeto fixo";"Com Vítimas Feridas";"Pleno dia";"Decrescente";"Ceu Claro";"Dupla";"Curva";"Rural";1;0;1;0;0;0;1;1
83507559;"12/10/16";"Quarta";"06:00:00";"SC";470;"128";"LONTRAS";"Ingestão de álcool";"Saída de Pista";"Com Vítimas Feridas";"Amanhecer";"Crescente";"Ceu Claro";"Simples";"Curva";"Urbano";2;0;1;0;1;0;1;1
83507560;"15/10/16";"Sábado";"10:45:00";"SC";470;"40";"GASPAR";"Outras";"Queda de motocicleta / bicicleta / veículo";"Com Vítimas Feridas";"Pleno dia";"Crescente";"Nublado";"Simples";"Curva";"Urbano";1;0;1;0;0;0;1;1
83507561;"10/10/16";"Segunda";"20:00:00";"MG";40;"650";"CRISTIANO OTONI";"Falta de atenção";"Queda de motocicleta / bicicleta / veículo";"Com Vítimas Feridas";"Plena noite";"Decrescente";"Chuva";"Simples";"Reta";"Urbano";1;0;1;0;0;0;1;1