"id";"data_inversa";"dia_semana";"horario";"uf";"br";"km";"municipio";"causa_acidente";"tipo_acidente";"classificacao_acidente";"fase_dia";"sentido_via";"condicao_metereologica";"tipo_pista";"tracado_via";"uso_solo";"pessoas";"mortos";"feridos_leves";"feridos_graves";"ilesos";"ignorados";"feridos";"veiculos"
83507562;"15/10/16";"Sábado";"05:00:00";"PI";343;"219,7";"CAPITAO DE CAMPOS";"Outras";"Colisão frontal";"Com Vítimas Fatais";"Amanhecer";"Crescente";"Ceu Claro";"Simples";"Reta";"Rural";2;1;1;0;0;0;1;2
83507563;"12/10/16";"Quarta";"06:10:00";"PR";369;"84,5";"CORNELIO PROCOPIO";"Velocidade incompatível";"Capotamento";"Com Vítimas Feridas";"Amanhecer";"Crescente";"Ceu Claro";"Simples";"Curva";"Rural";1;0;1;0;0;0;1;1
83507564;"15/10/16";"Sábado";"02:20:00";"RJ";116;"183";"NOVA IGUACU";"Outras";"Colisão traseira";"Com Vítimas Feridas";"Plena noite";"Crescente";"Nublado";"Dupla";"Reta";"Urbano";2;0;1;0;0;1;1;2
83507565;"15/10/16";"Sábado";"12:45:00";"PR";116;"92,8";"SAO JOSE DOS PINHAIS";"Velocidade incompatível";"Saída de Pista";"Sem Vítimas";"Pleno dia";"Decrescente";"Nublado";"Dupla";"Reta";"Rural";1;0;0;0;1;0;0;1
83507566;"15/10/16";"Sábado";"11:30:00";"RN";304;"39";"MOSSORO";"Ingestão de álcool";"Colisão com objeto fixo";"Com Vítimas Feridas";"Pleno dia";"Crescente";"Sol";"Dupla";"Cruzamento";"Urbano";1;0;1;0;0;0;1;1
83507567;"15/10/16";"Sábado";"07:28:00";"SC";101;"203";"SAO JOSE";"Outras";"Queda de motocicleta / bicicleta / veículo";"Com Vítimas Feridas";"Pleno dia";"Crescente";"Ceu Claro";"Dupla";"Reta";"Urbano";1;0;1;0;0;0;1;1
83507568;"12/10/16";"Quarta";"02:15:00";"BA";116;"584";"NOVA ITARANA";"Falta de atenção";"Saída de Pista";"Com Vítimas Feridas";"Plena noite";"Crescente";"Nublado";"Simples";"Reta";"Rural";2;0;1;0;1;0;1;1
83507569;"15/10/16";"Sábado";"11:35:00";"SC";280;"49,6";"GUARAMIRIM";"Falta de atenção";"Colisão traseira";"Com Vítimas Feridas";"Pleno dia";"Crescente";"Ignorada";"Simples";"Reta";"Urbano";2;0;1;0;1;0;1;2
83507570;"15/10/16";"Sábado";"10:15:00";"PR";163;"78,1";"PLANALTO";"Outras";"Colisão traseira";"Sem Vítimas";"Pleno dia";"Decrescente";"Chuva";"Simples";"Reta";"Rural";4;0;0;0;4;0;0;2
83507571;"11/10/16";"Terça";"15:45:00";"PB";230;"33,2";"BAYEUX";"Falta de atenção";"Colisão traseira";"Com Vítimas Feridas";"Pleno dia";"Decrescente";"Sol";"Dupla";"Reta";"Urbano";2;0;1;0;1;0;1;2
83507572;"15/10/16";"Sábado";"13:35:00";"SC";101;"348,9";"JAGUARUNA";"Defeito mecânico em veículo";"Tombamento";"Com Vítimas Feridas";"Pleno dia";"Crescente";"Nublado";"Dupla";"Reta";"Rural";2;0;2;0;0;0;2;1
83507573;"15/10/16";"Sábado";"07:20:00";"PR";116;"110";"CURITIBA";"Falta de atenção";"Colisão traseira";"Sem Vítimas";"Pleno dia";"Crescente";"Nublado";"Dupla";"Reta";"Rural";2;0;0;0;1;1;0;2
83507574;"15/10/16";"Sábado";"07:00:00";"SC";101;"198,9";"BIGUACU";"Outras";"Colisão com objeto fixo";"Com Vítimas Feridas";"Pleno dia";"Decrescente";"Ceu Claro";"Dupla";"Curva";"Urbano";2;0;1;1;0;0;2;1
83507575;"15/10/16";"Sábado";"08:05:00";"BA";116;"1,9";"ABARE";"Defeito mecânico em veículo";"Incêndio";"Sem Vítimas";"Pleno dia";"Crescente";"Ceu Claro";"Simples";"Reta";"Rural";2;0;0;0;2;0;0;1
83507576;"15/10/16";"Sábado";"10:25:00";"SC";101;"449,8";"SANTA ROSA DO SUL";"Falta de atenção";"Colisão Transversal";"Com Vítimas Feridas";"Pleno dia";"Crescente";"Ceu Claro";"Dupla";"Reta";"Urbano";2;0;0;1;1;0;1;2
83507577;"15/10/16";"Sábado";"07:48:00";"SC";101;"198";"BIGUACU";"Falta de atenção";"Colisão com objeto móvel";"Com Vítimas Feridas";"Pleno dia";"Crescente";"Ceu Claro";"Dupla";"Reta";"Urbano";6;0;3;0;3;0;3;4
83507578;"15/10/16";"Sábado";"12:15:00";"MA";135;"4,9";"SAO LUIS";"Falta de atenção";"Colisão traseira";"Com Vítimas Feridas";"Pleno dia";"Crescente";"Ceu Claro";"Dupla";"Reta";"Urbano";3;0;1;0;2;0;1;2
83507579;"15/10/16";"Sábado";"08:25:00";"SC";101;"203,3";"SAO JOSE";"Outras";"Colisão Transversal";"Com Vítimas Feridas";"Pleno dia";"Decrescente";"Ceu Claro";"Dupla";"Reta";"Urbano";2;0;0;1;1;0;1;2
83507580;"11/10/16";"Terça";"06:40:00";"RO";364;"709";"PORTO VELHO";"Não guardar distância de segurança";"Colisão traseira";"Sem Vítimas";"Pleno dia";"Decrescente";"Ceu Claro";"Simples";"Reta";"Urbano";3;0;0;0;2;1;0;3
83507581;"15/10/16";"Sábado";"10:00:00";"PB";230;"120,7";"INGA";"Falta de atenção";"Saída de Pista";"Com Vítimas Fatais";"Pleno dia";"Crescente";"Ceu Claro";"Dupla";"Reta";"Rural";3;1;2;0;0;0;2;1
83507582;"15/10/16";"Sábado";"13:45:00";"SC";282;"513,7";"XAXIM";"Velocidade incompatível";"Saída de Pista";"Com Vítimas Feridas";"Pleno dia";"Decrescente";"Nublado";"Simples";"Curva";"Rural";1;0;1;0;0;0;1;1
83507583;"12/10/16";"Quarta";"04:50:00";"PB";230;"15,2";"JOAO PESSOA";"Velocidade incompatível";"Capotamento";"Sem Vítimas";"Amanhecer";"Decrescente";"Chuva";"Dupla";"Curva";"Urbano";1;0;0;0;1;0;0;1
83507584;"12/10/16";"Quarta";"05:20:00";"SC";470;"106";"APIUNA";"Outras";"Capotamento";"Sem Vítimas";"Amanhecer";"Decrescente";"Nublado";"Simples";"Curva";"Rural";1;0;0;0;1;0;0;1
83507585;"15/10/16";"Sábado";"12:00:00";"RS";470;"247";"BARAO";"Velocidade incompatível";"Colisão frontal";"Com Vítimas Feridas";"Pleno dia";"Decrescente";"Ceu Claro";"Simples";"Curva";"Rural";2;0;1;0;1;0;1;2
83507586;"15/10/16";"Sábado";"13:40:00";"PE";101;"54";"ABREU E LIMA";"Falta de atenção";"Colisão traseira";"Com Vítimas Feridas";"Pleno dia";"Decrescente";"Ceu Claro";"Múltipla";"Reta";"Urbano";3;0;2;0;0;1;2;2
83507587;"15/10/16";"Sábado";"11:00:00";"RJ";465;"2";"SEROPEDICA";"Desobediência à sinalização";"Colisão Transversal";"Com Vítimas Feridas";"Pleno dia";"Crescente";"Ceu Claro";"Simples";"Reta";"Urbano";2;0;1;0;1;0;1;2
83507588;"15/10/16";"Sábado";"11:20:00";"PR";376;"257";"CALIFORNIA";"Ultrapassagem indevida";"Colisão lateral";"Com Vítimas Fatais";"Pleno dia";"Decrescente";"Nublado";"Simples";"Reta";"Urbano";2;1;0;0;0;1;0;2
83507589;"15/10/16";"Sábado";"14:20:00";"BA";101;"103";"ALAGOINHAS";"Ingestão de álcool";"Colisão lateral";"Com Vítimas Feridas";"Pleno dia";"Decrescente";"Ceu Claro";"Simples";"Reta";"Urbano";2;0;1;0;0;1;1;2
83507590;"15/10/16";"Sábado";"13:10:00";"SC";470;"178,9";"POUSO REDONDO";"Falta de atenção";"Colisão Transversal";"Com Vítimas Feridas";"Pleno dia";"Decrescente";"Ceu Claro";"Simples";"Curva";"Urbano";2;0;1;0;1;0;1;2
83507592;"11/10/16";"Terça";"11:50:00";"RJ";40;"119";"DUQUE DE CAXIAS";"Falta de atenção";"Colisão com objeto fixo";"Com Vítimas Feridas";"Pleno dia";"Decrescente";"Ceu Claro";"Múltipla";"Curva";"Urbano";2;0;2;0;0;0;2;1
83507593;"11/10/16";"Terça";"10:20:00";"SP";116;"140,1";"SAO JOSE DOS CAMPOS";"Falta de atenção";"Colisão traseira";"Sem Vítimas";"Pleno dia";"Decrescente";"Sol";"Dupla";"Reta";"Urbano";3;0;0;0;2;1;0;3
83507594;"08/10/16";"Sábado";"05:30:00";"PR";277;"75";"SAO JOSE DOS PINHAIS";"Ingestão de álcool";"Atropelamento de pessoa";"Com Vítimas Fatais";"Pleno dia";"Decrescente";"Ceu Claro";"Dupla";"Reta";"Urbano";2;1;0;0;0;1;0;1
83507595;"15/10/16";"Sábado";"14:05:00";"PR";369;"87,7";"CORNELIO PROCOPIO";"Ingestão de álcool";"Colisão lateral";"Sem Vítimas";"Pleno dia";"Crescente";"Nublado";"Dupla";"Reta";"Urbano";2;0;0;0;2;0;0;2
83507596;"11/10/16";"Terça";"08:20:00";"PB";230;"33,2";"BAYEUX";"Outras";"Colisão lateral";"Sem Vítimas";"Pleno dia";"Decrescente";"Sol";"Dupla";"Reta";"Urbano";2;0;0;0;2;0;0;2
83507597;"15/10/16";"Sábado";"09:30:00";"CE";116;"6,1";"FORTALEZA";"Falta de atenção";"Colisão Transversal";"Com Vítimas Feridas";"Pleno dia";"Decrescente";"Ceu Claro";"Dupla";"Reta";"Urbano";2;0;1;0;1;0;1;2
83507598;"15/10/16";"Sábado";"11:00:00";"CE";20;"419,7";"MARACANAU";"Falta de atenção";"Colisão Transversal";"Sem Vítimas";"Pleno dia";"Crescente";"Ceu Claro";"Simples";"Reta";"Urbano";2;0;0;0;2;0;0;2
83507599;"15/10/16";"Sábado";"14:20:00";"MG";381;"669,2";"PERDOES";"Outras";"Capotamento";"Com Vítimas Fatais";"Pleno dia";"Decrescente";"Nublado";"Dupla";"Reta";"Rural";1;1;0;0;0;0;0;1
83507600;"15/10/16";"Sábado";"16:00:00";"RJ";101;"195";"CASIMIRO DE ABREU";"Outras";"Saída de Pista";"Com Vítimas Feridas";"Pleno dia";"Decrescente";"Chuva";"Dupla";"Curva";"Rural";1;0;0;1;0;0;1;1
83507601;"15/10/16";"Sábado";"11:20:00";"GO";60;"108,7";"GOIANAPOLIS";"Outras";"Saída de Pista";"Sem Vítimas";"Pleno dia";"Crescente";"Sol";"Dupla";"Reta";"Rural";1;0;0;0;1;0;0;1
83507602;"15/10/16";"Sábado";"14:00:00";"RS";287;"386";"SANTIAGO";"Velocidade incompatível";"Saída de Pista";"Sem Vítimas";"Pleno dia";"Decrescente";"Chuva";"Simples";"Reta";"Rural";1;0;0;0;1;0;0;1
83507603;"11/10/16";"Terça";"20:30:00";"RJ";40;"112";"DUQUE DE CAXIAS";"Velocidade incompatível";"Colisão com objeto fixo";"Com Vítimas Feridas";"Plena noite";"Crescente";"Nublado";"Múltipla";"Reta";"Urbano";4;0;1;0;3;0;1;1
83507604;"15/10/16";"Sábado";"12:00:00";"MA";10;"132";"ESTREITO";"Outras";"Colisão lateral";"Sem Vítimas";"Pleno dia";"Crescente";"Ceu Claro";"Simples";"Reta";"Rural";2;0;0;0;2;0;0;2
83507607;"15/10/16";"Sábado";"16:10:00";"PR";369;"377,6";"CAMPO MOURAO";"Dormindo";"Saída de Pista";"Sem Vítimas";"Pleno dia";"Decrescente";"Ceu Claro";"Dupla";"Reta";"Rural";1;0;0;0;1;0;0;1
83507608;"26/09/16";"Segunda";"11:20:00";"GO";60;"18";"ALEXANIA";"Falta de atenção";"Capotamento";"Com Vítimas Feridas";"Pleno dia";"Crescente";"Sol";"Dupla";"Curva";"Rural";2;0;1;1;0;0;2;1
83507609;"15/10/16";"Sábado";"14:30:00";"GO";153;"495";"GOIANIA";"Defeito mecânico em veículo";"Queda de motocicleta / bicicleta / veículo";"Com Vítimas Feridas";"Pleno dia";"Decrescente";"Ceu Claro";"Múltipla";"Reta";"Urbano";2;0;0;2;0;0;2;1
83507610;"15/10/16";"Sábado";"10:00:00";"MG";381;"722,3";"CARMO DA CACHOEIRA";"Falta de atenção";"Colisão lateral";"Com Vítimas Feridas";"Pleno dia";"Decrescente";"Nublado";"Dupla";"Curva";"Rural";3;0;2;0;0;1;2;2
83507611;"15/10/16";"Sábado";"13:20:00";"MG";116;"534";"SANTA RITA DE MINAS";"Falta de atenção";"Colisão Transversal";"Com Vítimas Feridas";"Pleno dia";"Decrescente";"Ceu Claro";"Simples";"Reta";"Rural";2;0;1;0;1;0;1;2
83507612;"15/10/16";"Sábado";"16:10:00";"RS";290;"130,4";"ELDORADO DO SUL";"Falta de atenção";"Colisão Transversal";"Com Vítimas Feridas";"Pleno dia";"Crescente";"Nublado";"Simples";"Cruzamento";"Rural";6;0;1;0;5;0;1;2
83507613;"15/10/16";"Sábado";"13:00:00";"SC";470;"90,3";"ASCURRA";"Outras";"Colisão com bicicleta";"Com Vítimas Feridas";"Pleno dia";"Crescente";"Nublado";"Simples";"Curva";"Urbano";2;0;1;0;1;0;1;2
83507614;"15/10/16";"Sábado";"16:10:00";"PR";277;"347,4";"GUARAPUAVA";"Ingestão de álcool";"Colisão traseira";"Sem Vítimas";"Pleno dia";"Crescente";"Sol";"Simples";"Reta";"Urbano";2;0;0;0;2;0;0;2
83507615;"12/10/16";"Quarta";"02:00:00";"MS";163;"631,1";"SAO GABRIEL DO OESTE";"Falta de atenção";"Colisão traseira";"Sem Vítimas";"Plena noite";"Decrescente";"Nublado";"Dupla";"Reta";"Rural";2;0;0;0;1;1;0;2
83507616;"14/10/16";"Sexta";"20:50:00";"RS";116;"256,7";"ESTEIO";"Falta de atenção";"Atropelamento de pessoa";"Com Vítimas Fatais";"Plena noite";"Decrescente";"Ceu Claro";"Dupla";"Reta";"Urbano";2;1;0;0;1;0;0;1
83507617;"15/10/16";"Sábado";"15:45:00";"RS";116;"223";"DOIS IRMAOS";"Falta de atenção";"Colisão Transversal";"Sem Vítimas";"Pleno dia";"Decrescente";"Nublado";"Simples";"Reta";"Urbano";2;0;0;0;2;0;0;2
83507618;"15/10/16";"Sábado";"15:25:00";"RS";290;"92";"PORTO ALEGRE";"Outras";"Colisão com objeto fixo";"Com Vítimas Feridas";"Pleno dia";"Decrescente";"Nublado";"Simples";"Curva";"Urbano";1;0;1;0;0;0;1;1
83507619;"15/10/16";"Sábado";"13:00:00";"MG";262;"607";"CAMPOS ALTOS";"Velocidade incompatível";"Saída de Pista";"Com Vítimas Feridas";"Pleno dia";"Decrescente";"Chuva";"Simples";"Curva";"Rural";1;0;0;1;0;0;1;1
83507620;"15/10/16";"Sábado";"11:30:00";"GO";153;"322";"RIANAPOLIS";"Falta de atenção";"Colisão Transversal";"Com Vítimas Feridas";"Pleno dia";"Decrescente";"Ceu Claro";"Simples";"Reta";"Rural";2;0;1;0;1;0;1;2
83507622;"15/10/16";"Sábado";"16:00:00";"RS";116;"256,8";"ESTEIO";"Falta de atenção";"Colisão com objeto fixo";"Sem Vítimas";"Pleno dia";"Decrescente";"Nublado";"Múltipla";"Curva";"Urbano";2;0;0;0;2;0;0;2
83507623;"15/10/16";"Sábado";"15:20:00";"SC";470;"25";"ILHOTA";"Falta de atenção";"Colisão traseira";"Com Vítimas Feridas";"Pleno dia";"Crescente";"Nublado";"Simples";"Reta";"Rural";6;0;1;1;4;0;2;5
83507624;"15/10/16";"Sábado";"16:30:00";"MG";153;"234,9";"FRONTEIRA";"Outras";"Saída de Pista";"Com Vítimas Feridas";"Pleno dia";"Crescente";"Chuva";"Simples";"Reta";"Rural";2;0;2;0;0;0;2;1
83507625;"12/10/16";"Quarta";"22:00:00";"TO";153;"89";"WANDERLANDIA";"Velocidade incompatível";"Saída de Pista";"Ignorado";"Anoitecer";"Crescente";"Ceu Claro";"Simples";"Reta";"Rural";1;0;0;0;0;1;0;1
83507626;"15/10/16";"Sábado";"13:30:00";"ES";101;"303,7";"VIANA";"Outras";"Colisão lateral";"Sem Vítimas";"Pleno dia";"Crescente";"Sol";"Dupla";"Reta";"Urbano";2;0;0;0;2;0;0;2
83507627;"15/10/16";"Sábado";"15:40:00";"SP";116;"145";"SAO JOSE DOS CAMPOS";"Não guardar distância de segurança";"Colisão traseira";"Sem Vítimas";"Pleno dia";"Decrescente";"Sol";"Dupla";"Reta";"Urbano";2;0;0;0;2;0;0;2
83507628;"15/10/16";"Sábado";"14:00:00";"CE";222;"298,8";"TIANGUA";"Defeito mecânico em veículo";"Saída de Pista";"Com Vítimas Feridas";"Pleno dia";"Decrescente";"Sol";"Simples";"Curva";"Rural";1;0;1;0;0;0;1;1
83507629;"15/10/16";"Sábado";"15:40:00";"SP";116;"208";"GUARULHOS";"Não guardar distância de segurança";"Colisão traseira";"Com Vítimas Feridas";"Pleno dia";"Crescente";"Nublado";"Dupla";"Reta";"Urbano";2;0;1;0;1;0;1;2
83507630;"15/10/16";"Sábado";"16:25:00";"MG";381;"908,6";"CAMBUI";"Velocidade incompatível";"Capotamento";"Com Vítimas Fatais";"Pleno dia";"Crescente";"Chuva";"Simples";"Curva";"Rural";2;1;1;0;0;0;1;1
83507631;"15/10/16";"Sábado";"18:00:00";"RJ";116;"221";"PARACAMBI";"Outras";"Colisão com objeto fixo";"Sem Vítimas";"Plena noite";"Decrescente";"Chuva";"Simples";"Curva";"Rural";1;0;0;0;1;0;0;1
83507632;"12/10/16";"Quarta";"08:30:00";"RJ";40;"119";"DUQUE DE CAXIAS";"Ingestão de álcool";"Atropelamento de pessoa";"Com Vítimas Fatais";"Pleno dia";"Decrescente";"Ceu Claro";"Múltipla";"Reta";"Urbano";2;1;0;0;1;0;0;1
83507633;"15/10/16";"Sábado";"13:10:00";"RJ";116;"124";"MAGE";"Falta de atenção";"Queda de motocicleta / bicicleta / veículo";"Com Vítimas Feridas";"Pleno dia";"Decrescente";"Ceu Claro";"Dupla";"Reta";"Rural";3;0;2;0;0;1;2;2
83507634;"15/10/16";"Sábado";"11:40:00";"SP";153;"128,9";"UBARANA";"Outras";"Queda de motocicleta / bicicleta / veículo";"Com Vítimas Feridas";"Pleno dia";"Crescente";"Ceu Claro";"Simples";"Reta";"Rural";2;0;1;0;1;0;1;1
83507635;"15/10/16";"Sábado";"18:00:00";"GO";153;"518";"HIDROLANDIA";"Falta de atenção";"Colisão lateral";"Com Vítimas Feridas";"Anoitecer";"Crescente";"Ignorada";"Dupla";"Reta";"Rural";3;0;0;2;1;0;2;2
83507636;"15/10/16";"Sábado";"15:30:00";"PA";316;"151";"CAPANEMA";"Desobediência à sinalização";"Colisão Transversal";"Com Vítimas Feridas";"Pleno dia";"Decrescente";"Ceu Claro";"Simples";"Cruzamento";"Urbano";3;0;0;2;1;0;2;2
83507637;"15/10/16";"Sábado";"15:50:00";"MT";163;"1013";"TERRA NOVA DO NORTE";"Velocidade incompatível";"Colisão traseira";"Sem Vítimas";"Pleno dia";"Decrescente";"Ceu Claro";"Simples";"Reta";"Rural";2;0;0;0;2;0;0;2
83507638;"15/10/16";"Sábado";"16:00:00";"RJ";116;"226,4";"PIRAI";"Outras";"Capotamento";"Sem Vítimas";"Pleno dia";"Crescente";"Chuva";"Simples";"Curva";"Rural";1;0;0;0;1;0;0;1
83507639;"15/10/16";"Sábado";"18:40:00";"RJ";116;"228,1";"PIRAI";"Outras";"Colisão com objeto fixo";"Sem Vítimas";"Anoitecer";"Crescente";"Chuva";"Múltipla";"Curva";"Rural";1;0;0;0;1;0;0;1
83507640;"15/10/16";"Sábado";"18:00:00";"RS";392;"233,5";"CACAPAVA DO SUL";"Outras";"Saída de Pista";"Sem Vítimas";"Pleno dia";"Decrescente";"Chuva";"Simples";"Curva";"Rural";1;0;0;0;1;0;0;1
83507641;"15/10/16";"Sábado";"12:30:00";"RJ";101;"304";"SAO GONCALO";"Velocidade incompatível";"Queda de motocicleta / bicicleta / veículo";"Com Vítimas Feridas";"Pleno dia";"Crescente";"Ceu Claro";"Dupla";"Reta";"Urbano";1;0;1;0;0;0;1;1
83507642;"15/10/16";"Sábado";"11:10:00";"RS";472;"573";"URUGUAIANA";"Velocidade incompatível";"Capotamento";"Sem Vítimas";"Pleno dia";"Crescente";"Chuva";"Simples";"Curva";"Urbano";2;0;0;0;2;0;0;1
83507643;"15/10/16";"Sábado";"15:40:00";"MG";381;"497";"BETIM";"Defeito mecânico em veículo";"Colisão com objeto fixo";"Sem Vítimas";"Pleno dia";"Crescente";"Ceu Claro";"Dupla";"Reta";"Urbano";1;0;0;0;1;0;0;1
83507644;"15/10/16";"Sábado";"14:20:00";"MG";262;"388";"FLORESTAL";"Velocidade incompatível";"Capotamento";"Sem Vítimas";"Pleno dia";"Crescente";"Chuva";"Dupla";"Curva";"Rural";1;0;0;0;1;0;0;1
83507645;"15/10/16";"Sábado";"18:20:00";"RS";116;"252,5";"SAPUCAIA DO SUL";"Outras";"Tombamento";"Sem Vítimas";"Anoitecer";"Crescente";"Chuva";"Múltipla";"Reta";"Urbano";2;0;0;0;2;0;0;1
83507646;"15/10/16";"Sábado";"16:05:00";"RO";319;"62,8";"PORTO VELHO";"Falta de atenção";"Colisão lateral";"Sem Vítimas";"Pleno dia";"Decrescente";"Ceu Claro";"Dupla";"Reta";"Urbano";2;0;0;0;2;0;0;2
83507647;"15/10/16";"Sábado";"19:10:00";"SC";280;"128,6";"RIO NEGRINHO";"Falta de atenção";"Colisão frontal";"Com Vítimas Feridas";"Plena noite";"Crescente";"Nublado";"Simples";"Reta";"Urbano";3;0;0;2;1;0;2;2
83507648;"15/10/16";"Sábado";"17:30:00";"MG";356;"284,9";"PATROCINIO DO MURIAE";"Defeito na via";"Saída de Pista";"Sem Vítimas";"Anoitecer";"Crescente";"Chuva";"Simples";"Reta";"Rural";1;0;0;0;1;0;0;1
83507649;"15/10/16";"Sábado";"12:15:00";"MG";50;"87,5";"UBERLANDIA";"Outras";"Saída de Pista";"Sem Vítimas";"Pleno dia";"Crescente";"Sol";"Dupla";"Reta";"Rural";2;0;0;0;2;0;0;2
83507650;"03/10/16";"Segunda";"20:00:00";"RJ";116;"267";"BARRA MANSA";"Outras";"Colisão traseira";"Com Vítimas Feridas";"Plena noite";"Crescente";"Chuva";"Dupla";"Curva";"Rural";2;0;1;0;1;0;1;2
83507651;"15/10/16";"Sábado";"15:40:00";"MG";381;"937,5";"EXTREMA";"Velocidade incompatível";"Capotamento";"Ignorado";"Pleno dia";"Crescente";"Chuva";"Dupla";"Curva";"Rural";1;0;0;0;0;1;0;1
83507652;"12/10/16";"Quarta";"07:00:00";"MG";40;"548";"NOVA LIMA";"Outras";"Colisão lateral";"Sem Vítimas";"Pleno dia";"Decrescente";"Nublado";"Dupla";"Curva";"Urbano";2;0;0;0;2;0;0;2
83507653;"15/10/16";"Sábado";"19:20:00";"MA";10;"257";"IMPERATRIZ";"Falta de atenção";"Colisão Transversal";"Com Vítimas Feridas";"Plena noite";"Crescente";"Ceu Claro";"Simples";"Reta";"Urbano";2;0;0;1;1;0;1;2
83507654;"15/10/16";"Sábado";"18:00:00";"PE";101;"44";"IGARASSU";"Outras";"Colisão lateral";"Sem Vítimas";"Plena noite";"Decrescente";"Nublado";"Dupla";"Reta";"Urbano";3;0;0;0;2;1;0;3
83507655;"15/10/16";"Sábado";"18:50:00";"PR";116;"119";"CURITIBA";"Falta de atenção";"Colisão Transversal";"Com Vítimas Feridas";"Plena noite";"Decrescente";"Nublado";"Dupla";"Reta";"Urbano";4;0;2;0;2;0;2;2
83507656;"12/10/16";"Quarta";"16:09:00";"PA";222;"68";"RONDON DO PARA";"Falta de atenção";"Colisão frontal";"Sem Vítimas";"Pleno dia";"Crescente";"Sol";"Simples";"Reta";"Rural";2;0;0;0;1;1;0;2
83507657;"11/10/16";"Terça";"21:20:00";"SP";153;"160,5";"PROMISSAO";"Outras";"Colisão traseira";"Com Vítimas Feridas";"Plena noite";"Decrescente";"Ceu Claro";"Simples";"Reta";"Rural";7;0;5;0;2;0;5;3
83507658;"15/10/16";"Sábado";"19:00:00";"BA";324;"614,2";"SALVADOR";"Outras";"Queda de motocicleta / bicicleta / veículo";"Ignorado";"Plena noite";"Decrescente";"Ceu Claro";"Dupla";"Reta";"Urbano";1;0;0;0;0;1;0;1
83507659;"12/10/16";"Quarta";"09:30:00";"MG";40;"279";"TRES MARIAS";"Falta de atenção";"Colisão Transversal";"Com Vítimas Feridas";"Pleno dia";"Decrescente";"Ceu Claro";"Simples";"Reta";"Urbano";4;0;1;0;3;0;1;3
83507660;"15/10/16";"Sábado";"16:45:00";"MS";267;"398";"MARACAJU";"Falta de atenção";"Saída de Pista";"Com Vítimas Feridas";"Pleno dia";"Decrescente";"Sol";"Simples";"Reta";"Rural";1;0;1;0;0;0;1;1
83507661;"15/10/16";"Sábado";"19:50:00";"GO";70;"2";"AGUAS LINDAS DE GOIAS";"Falta de atenção";"Colisão traseira";"Sem Vítimas";"Plena noite";"Crescente";"Ceu Claro";"Dupla";"Curva";"Urbano";4;0;0;0;3;1;0;2
83507662;"15/10/16";"Sábado";"16:30:00";"PR";277;"425,9";"CANTAGALO";"Outras";"Saída de Pista";"Sem Vítimas";"Pleno dia";"Decrescente";"Nublado";"Simples";"Curva";"Rural";1;0;0;0;1;0;0;1
83507663;"15/10/16";"Sábado";"11:30:00";"PR";277;"118";"CAMPO LARGO";"Falta de atenção";"Colisão Transversal";"Com Vítimas Feridas";"Pleno dia";"Crescente";"Sol";"Simples";"Reta";"Urbano";3;0;1;1;1;0;2;2
83507664;"15/10/16";"Sábado";"17:30:00";"MG";50;"156,6";"UBERABA";"Outras";"Saída de Pista";"Com Vítimas Feridas";"Anoitecer";"Crescente";"Chuva";"Dupla";"Reta";"Rural";1;0;1;0;0;0;1;1
83507665;"15/10/16";"Sábado";"18:30:00";"RJ";101;"416";"MANGARATIBA";"Falta de atenção";"Colisão Transversal";"Com Vítimas Feridas";"Anoitecer";"Crescente";"Chuva";"Simples";"Curva";"Urbano";2;0;1;0;1;0;1;2
83507666;"15/10/16";"Sábado";"14:00:00";"TO";153;"122,1";"WANDERLANDIA";"Falta de atenção";"Saída de Pista";"Sem Vítimas";"Pleno dia";"Crescente";"Sol";"Simples";"Reta";"Rural";1;0;0;0;1;0;0;1
83507667;"15/10/16";"Sábado";"09:50:00";"MG";262;"192";"JOAO MONLEVADE";"Falta de atenção";"Atropelamento de pessoa";"Com Vítimas Feridas";"Pleno dia";"Decrescente";"Ceu Claro";"Simples";"Reta";"Rural";2;0;1;0;0;1;1;1
83507668;"15/10/16";"Sábado";"19:00:00";"PR";376;"647,8";"TIJUCAS DO SUL";"Outras";"Atropelamento de pessoa";"Com Vítimas Fatais";"Plena noite";"Decrescente";"Nublado";"Dupla";"Reta";"Rural";2;1;0;0;0;1;0;1
83507669;"15/10/16";"Sábado";"16:40:00";"MG";146;"470,3";"CABO VERDE";"Defeito mecânico em veículo";"Saída de Pista";"Com Vítimas Feridas";"Pleno dia";"Decrescente";"Ceu Claro";"Simples";"Reta";"Rural";2;0;1;1;0;0;2;1
83507670;"15/10/16";"Sábado";"19:15:00";"SC";470;"190,6";"POUSO REDONDO";"Outras";"Capotamento";"Com Vítimas Feridas";"Plena noite";"Decrescente";"Nublado";"Simples";"Curva";"Urbano";3;0;2;1;0;0;3;1
83507671;"15/10/16";"Sábado";"17:00:00";"MG";50;"165";"UBERABA";"Defeito mecânico em veículo";"Saída de Pista";"Sem Vítimas";"Pleno dia";"Crescente";"Nublado";"Dupla";"Reta";"Rural";1;0;0;0;1;0;0;1
83507672;"15/10/16";"Sábado";"14:50:00";"MG";381;"406";"NOVA UNIAO";"Outras";"Colisão Transversal";"Com Vítimas Feridas";"Pleno dia";"Crescente";"Ceu Claro";"Simples";"Curva";"Rural";3;0;0;1;2;0;1;3
83507673;"15/10/16";"Sábado";"16:40:00";"SC";480;"123,7";"CHAPECO";"Ingestão de álcool";"Colisão com bicicleta";"Com Vítimas Fatais";"Pleno dia";"Decrescente";"Nublado";"Dupla";"Reta";"Urbano";2;1;0;0;1;0;0;2