"id";"data_inversa";"dia_semana";"horario";"uf";"br";"km";"municipio";"causa_acidente";"tipo_acidente";"classificacao_acidente";"fase_dia";"sentido_via";"condicao_metereologica";"tipo_pista";"tracado_via";"uso_solo";"pessoas";"mortos";"feridos_leves";"feridos_graves";"ilesos";"ignorados";"feridos";"veiculos"
83507674;"15/10/16";"Sábado";"19:15:00";"RJ";116;"226";"PIRAI";"Outras";"Atropelamento de pessoa";"Com Vítimas Feridas";"Plena noite";"Crescente";"Chuva";"Simples";"Curva";"Rural";2;0;1;0;1;0;1;1
83507675;"15/10/16";"Sábado";"18:40:00";"MS";163;"311,8";"RIO BRILHANTE";"Falta de atenção";"Atropelamento de pessoa";"Com Vítimas Feridas";"Plena noite";"Crescente";"Ceu Claro";"Simples";"Reta";"Rural";2;0;2;0;0;0;2;1
83507676;"15/10/16";"Sábado";"20:00:00";"PR";277;"115,5";"CAMPO LARGO";"Outras";"Saída de Pista";"Sem Vítimas";"Pleno dia";"Decrescente";"Sol";"Dupla";"Reta";"Rural";1;0;0;0;1;0;0;1
83507677;"15/10/16";"Sábado";"18:50:00";"MG";381;"848,5";"POUSO ALEGRE";"Falta de atenção";"Capotamento";"Com Vítimas Feridas";"Anoitecer";"Crescente";"Chuva";"Dupla";"Reta";"Rural";1;0;1;0;0;0;1;1
83507678;"15/10/16";"Sábado";"10:30:00";"AL";110;"14,5";"DELMIRO GOUVEIA";"Outras";"Incêndio";"Sem Vítimas";"Pleno dia";"Crescente";"Ceu Claro";"Simples";"Curva";"Rural";2;0;0;0;2;0;0;1
83507679;"15/10/16";"Sábado";"19:00:00";"MT";364;"373,8";"SANTO ANTONIO DO LEVERGER";"Falta de atenção";"Colisão lateral";"Com Vítimas Feridas";"Plena noite";"Crescente";"Ceu Claro";"Simples";"Reta";"Rural";3;0;0;2;0;1;2;2
83507680;"15/10/16";"Sábado";"12:40:00";"MG";262;"590";"CAMPOS ALTOS";"Velocidade incompatível";"Colisão frontal";"Com Vítimas Fatais";"Pleno dia";"Decrescente";"Chuva";"Simples";"Curva";"Rural";3;2;1;0;0;0;1;3
83507681;"15/10/16";"Sábado";"13:30:00";"MG";251;"452";"GRAO MOGOL";"Velocidade incompatível";"Saída de Pista";"Com Vítimas Feridas";"Pleno dia";"Decrescente";"Sol";"Simples";"Curva";"Rural";1;0;0;1;0;0;1;1
83507682;"15/10/16";"Sábado";"14:50:00";"SP";153;"280";"OCAUCU";"Falta de atenção";"Colisão lateral";"Sem Vítimas";"Pleno dia";"Crescente";"Sol";"Simples";"Cruzamento";"Rural";2;0;0;0;2;0;0;2
83507683;"15/10/16";"Sábado";"18:30:00";"RS";158;"315,9";"ITAARA";"Ingestão de álcool";"Colisão com objeto fixo";"Com Vítimas Feridas";"Anoitecer";"Crescente";"Chuva";"Simples";"Curva";"Rural";2;0;1;0;1;0;1;1
83507684;"15/10/16";"Sábado";"19:30:00";"PE";101;"101";"CABO DE SANTO AGOSTINHO";"Outras";"Colisão traseira";"Com Vítimas Feridas";"Plena noite";"Decrescente";"Nublado";"Simples";"Reta";"Urbano";2;0;1;0;1;0;1;2
83507685;"15/10/16";"Sábado";"18:00:00";"MG";262;"811";"UBERABA";"Falta de atenção";"Colisão traseira";"Com Vítimas Feridas";"Anoitecer";"Crescente";"Chuva";"Dupla";"Reta";"Urbano";3;0;1;0;2;0;1;3
83507686;"15/10/16";"Sábado";"19:30:00";"MT";364;"396";"CUIABA";"Ingestão de álcool";"Colisão lateral";"Com Vítimas Feridas";"Plena noite";"Crescente";"Ceu Claro";"Simples";"Reta";"Rural";3;0;0;1;2;0;1;2
83507687;"15/10/16";"Sábado";"21:30:00";"BA";101;"523,6";"BUERAREMA";"Ingestão de álcool";"Colisão lateral";"Sem Vítimas";"Plena noite";"Crescente";"Ceu Claro";"Simples";"Curva";"Urbano";3;0;0;0;2;1;0;2
83507688;"15/10/16";"Sábado";"21:50:00";"RJ";40;"17,8";"TRES RIOS";"Outras";"Capotamento";"Sem Vítimas";"Plena noite";"Crescente";"Chuva";"Dupla";"Curva";"Rural";4;0;0;0;4;0;0;1
83507689;"15/10/16";"Sábado";"10:55:00";"GO";60;"35";"ALEXANIA";"Falta de atenção";"Saída de Pista";"Com Vítimas Feridas";"Pleno dia";"Decrescente";"Ceu Claro";"Dupla";"Reta";"Rural";1;0;1;0;0;0;1;1
83507690;"15/10/16";"Sábado";"15:20:00";"MG";381;"908,4";"CAMBUI";"Velocidade incompatível";"Colisão com objeto fixo";"Com Vítimas Feridas";"Pleno dia";"Decrescente";"Chuva";"Dupla";"Curva";"Rural";2;0;1;0;1;0;1;1
83507691;"14/10/16";"Sexta";"00:10:00";"MT";163;"832";"SINOP";"Ingestão de álcool";"Saída de Pista";"Com Vítimas Feridas";"Plena noite";"Crescente";"Ceu Claro";"Dupla";"Curva";"Urbano";2;0;0;1;0;1;1;1
83507692;"15/10/16";"Sábado";"22:00:00";"PE";232;"160,8";"TACAIMBO";"Animais na Pista";"Atropelamento de animal";"Sem Vítimas";"Plena noite";"Decrescente";"Ceu Claro";"Simples";"Reta";"Rural";1;0;0;0;1;0;0;1
83507693;"15/10/16";"Sábado";"20:30:00";"RJ";40;"53";"PETROPOLIS";"Velocidade incompatível";"Saída de Pista";"Com Vítimas Feridas";"Plena noite";"Decrescente";"Chuva";"Simples";"Curva";"Urbano";1;0;1;0;0;0;1;1
83507694;"15/10/16";"Sábado";"21:00:00";"PR";116;"0,5";"CAMPINA GRANDE DO SUL";"Velocidade incompatível";"Capotamento";"Sem Vítimas";"Plena noite";"Crescente";"Chuva";"Dupla";"Curva";"Rural";1;0;0;0;1;0;0;1
83507695;"15/10/16";"Sábado";"20:00:00";"CE";116;"360,7";"ICO";"Falta de atenção";"Colisão traseira";"Com Vítimas Fatais";"Plena noite";"Decrescente";"Ceu Claro";"Simples";"Curva";"Urbano";3;1;0;1;0;1;1;2
83507696;"15/10/16";"Sábado";"14:00:00";"MT";174;"551";"COMODORO";"Outras";"Colisão frontal";"Com Vítimas Fatais";"Pleno dia";"Decrescente";"Ceu Claro";"Simples";"Reta";"Rural";3;2;1;0;0;0;1;2
83507697;"15/10/16";"Sábado";"15:10:00";"PI";316;"309";"PICOS";"Outras";"Colisão lateral";"Com Vítimas Feridas";"Pleno dia";"Crescente";"Ceu Claro";"Simples";"Reta";"Urbano";2;0;0;1;1;0;1;2
83507698;"15/10/16";"Sábado";"20:30:00";"ES";262;"16,1";"VIANA";"Ingestão de álcool";"Colisão traseira";"Com Vítimas Feridas";"Plena noite";"Crescente";"Nublado";"Simples";"Curva";"Urbano";3;0;1;0;2;0;1;2
83507699;"15/10/16";"Sábado";"20:30:00";"MA";316;"610";"TIMON";"Falta de atenção";"Colisão frontal";"Com Vítimas Feridas";"Plena noite";"Crescente";"Ceu Claro";"Simples";"Reta";"Rural";2;0;0;1;1;0;1;2
83507700;"15/10/16";"Sábado";"18:10:00";"MG";251;"522,6";"MONTES CLAROS";"Falta de atenção";"Queda de motocicleta / bicicleta / veículo";"Com Vítimas Feridas";"Pleno dia";"Crescente";"Sol";"Simples";"Reta";"Rural";1;0;1;0;0;0;1;1
83507701;"15/10/16";"Sábado";"16:40:00";"SP";116;"3,6";"QUELUZ";"Outras";"Colisão com objeto fixo";"Com Vítimas Feridas";"Pleno dia";"Crescente";"Nublado";"Dupla";"Reta";"Urbano";1;0;1;0;0;0;1;1
83507702;"15/10/16";"Sábado";"22:15:00";"PR";369;"189,5";"ARAPONGAS";"Desobediência à sinalização";"Colisão traseira";"Com Vítimas Feridas";"Plena noite";"Decrescente";"Ceu Claro";"Dupla";"Reta";"Rural";4;0;0;2;2;0;2;3
83507703;"15/10/16";"Sábado";"19:50:00";"MT";364;"151,8";"PEDRA PRETA";"Ingestão de álcool";"Capotamento";"Com Vítimas Feridas";"Plena noite";"Decrescente";"Ceu Claro";"Simples";"Curva";"Rural";2;0;1;0;1;0;1;1
83507704;"15/10/16";"Sábado";"20:10:00";"RO";319;"58,4";"PORTO VELHO";"Ingestão de álcool";"Colisão com bicicleta";"Com Vítimas Feridas";"Plena noite";"Crescente";"Ceu Claro";"Dupla";"Reta";"Urbano";2;0;2;0;0;0;2;2
83507705;"15/10/16";"Sábado";"21:40:00";"MG";116;"475,9";"TARUMIRIM";"Ingestão de álcool";"Colisão frontal";"Com Vítimas Feridas";"Plena noite";"Decrescente";"Ceu Claro";"Simples";"Reta";"Rural";2;0;1;1;0;0;2;2
83507708;"14/10/16";"Sexta";"20:00:00";"MS";267;"171,7";"NOVA ALVORADA DO SUL";"Falta de atenção";"Colisão traseira";"Com Vítimas Fatais";"Plena noite";"Decrescente";"Ceu Claro";"Simples";"Reta";"Rural";4;1;0;0;3;0;0;2
83507711;"15/10/16";"Sábado";"22:20:00";"SP";381;"50";"ATIBAIA";"Outras";"Colisão traseira";"Com Vítimas Feridas";"Plena noite";"Crescente";"Ceu Claro";"Dupla";"Reta";"Urbano";2;0;1;0;0;1;1;2
83507712;"15/10/16";"Sábado";"20:10:00";"MG";116;"75";"MEDINA";"Outras";"Colisão lateral";"Sem Vítimas";"Plena noite";"Crescente";"Ceu Claro";"Simples";"Reta";"Rural";3;0;0;0;3;0;0;3
83507713;"15/10/16";"Sábado";"23:25:00";"MG";153;"147,8";"CAMPO FLORIDO";"Desobediência à sinalização";"Colisão Transversal";"Com Vítimas Feridas";"Plena noite";"Crescente";"Ceu Claro";"Simples";"Cruzamento";"Rural";2;0;1;0;1;0;1;2
83507714;"15/10/16";"Sábado";"13:30:00";"BA";324;"559";"SAO SEBASTIAO DO PASSE";"Velocidade incompatível";"Colisão traseira";"Com Vítimas Feridas";"Pleno dia";"Crescente";"Sol";"Dupla";"Reta";"Rural";2;0;1;0;1;0;1;2
83507715;"13/10/16";"Quinta";"21:30:00";"AL";101;"114";"PILAR";"Outras";"Tombamento";"Ignorado";"Plena noite";"Decrescente";"Nublado";"Simples";"Curva";"Rural";1;0;0;0;0;1;0;1
83507716;"16/10/16";"Domingo";"03:20:00";"PR";469;"15,9";"FOZ DO IGUACU";"Falta de atenção";"Colisão Transversal";"Com Vítimas Feridas";"Plena noite";"Decrescente";"Ceu Claro";"Simples";"Reta";"Urbano";2;0;1;0;1;0;1;2
83507717;"15/10/16";"Sábado";"17:20:00";"PR";116;"118,9";"CURITIBA";"Outras";"Capotamento";"Com Vítimas Feridas";"Anoitecer";"Crescente";"Ceu Claro";"Dupla";"Curva";"Rural";1;0;1;0;0;0;1;1
83507718;"15/10/16";"Sábado";"21:00:00";"RS";290;"182,9";"MINAS DO LEAO";"Falta de atenção";"Colisão Transversal";"Com Vítimas Feridas";"Plena noite";"Decrescente";"Nublado";"Simples";"Cruzamento";"Urbano";3;0;2;0;1;0;2;3
83507719;"15/10/16";"Sábado";"22:03:00";"MG";381;"698,6";"LAVRAS";"Ingestão de álcool";"Colisão com objeto fixo";"Com Vítimas Feridas";"Plena noite";"Crescente";"Nublado";"Dupla";"Curva";"Rural";2;0;2;0;0;0;2;1
83507720;"16/10/16";"Domingo";"05:15:00";"SC";101;"435,8";"SOMBRIO";"Dormindo";"Colisão com objeto fixo";"Sem Vítimas";"Plena noite";"Decrescente";"Nublado";"Dupla";"Cruzamento";"Urbano";1;0;0;0;1;0;0;1
83507721;"15/10/16";"Sábado";"19:50:00";"AC";364;"133";"RIO BRANCO";"Outras";"Atropelamento de pessoa";"Com Vítimas Feridas";"Plena noite";"Decrescente";"Ceu Claro";"Simples";"Reta";"Urbano";2;0;1;1;0;0;2;1
83507722;"15/10/16";"Sábado";"11:30:00";"CE";116;"193,5";"LIMOEIRO DO NORTE";"Falta de atenção";"Colisão Transversal";"Sem Vítimas";"Pleno dia";"Crescente";"Sol";"Simples";"Cruzamento";"Urbano";2;0;0;0;2;0;0;2
83507723;"15/10/16";"Sábado";"19:30:00";"PE";423;"70,9";"CAETES";"Não guardar distância de segurança";"Colisão traseira";"Com Vítimas Fatais";"Plena noite";"Crescente";"Ceu Claro";"Simples";"Reta";"Rural";2;1;0;0;0;1;0;2
83507724;"15/10/16";"Sábado";"16:00:00";"RS";386;"387";"TRIUNFO";"Velocidade incompatível";"Tombamento";"Com Vítimas Feridas";"Pleno dia";"Decrescente";"Ceu Claro";"Dupla";"Reta";"Urbano";1;0;1;0;0;0;1;1
83507725;"15/10/16";"Sábado";"18:00:00";"PB";412;"6,8";"BOA VISTA";"Outras";"Colisão traseira";"Com Vítimas Fatais";"Plena noite";"Decrescente";"Ceu Claro";"Simples";"Reta";"Rural";3;2;0;0;1;0;0;2
83507726;"16/10/16";"Domingo";"02:50:00";"SP";116;"272";"TABOAO DA SERRA";"Ingestão de álcool";"Capotamento";"Com Vítimas Feridas";"Plena noite";"Decrescente";"Nevoeiro/neblina";"Dupla";"Reta";"Urbano";2;0;2;0;0;0;2;1
83507728;"15/10/16";"Sábado";"23:50:00";"PE";101;"45";"IGARASSU";"Outras";"Colisão com objeto fixo";"Com Vítimas Feridas";"Plena noite";"Crescente";"Ceu Claro";"Múltipla";"Reta";"Urbano";1;0;1;0;0;0;1;1
83507729;"15/10/16";"Sábado";"21:10:00";"BA";324;"511,8";"FEIRA DE SANTANA";"Outras";"Colisão com bicicleta";"Com Vítimas Feridas";"Plena noite";"Crescente";"Ceu Claro";"Simples";"Reta";"Urbano";2;0;0;1;0;1;1;2
83507730;"16/10/16";"Domingo";"01:00:00";"BA";101;"941";"MUCURI";"Outras";"Colisão lateral";"Com Vítimas Feridas";"Plena noite";"Crescente";"Nublado";"Simples";"Reta";"Rural";2;0;1;0;1;0;1;2
83507731;"08/10/16";"Sábado";"20:00:00";"PR";369;"176,8";"ROLANDIA";"Falta de atenção";"Atropelamento de pessoa";"Com Vítimas Feridas";"Plena noite";"Decrescente";"Ceu Claro";"Simples";"Reta";"Urbano";3;0;1;2;0;0;3;1
83507732;"15/10/16";"Sábado";"23:16:00";"PI";343;"598";"FLORIANO";"Falta de atenção";"Colisão com objeto fixo";"Com Vítimas Feridas";"Plena noite";"Crescente";"Ceu Claro";"Dupla";"Cruzamento";"Urbano";1;0;0;1;0;0;1;1
83507733;"16/10/16";"Domingo";"07:00:00";"SC";101;"33,5";"JOINVILLE";"Ingestão de álcool";"Colisão com objeto fixo";"Sem Vítimas";"Amanhecer";"Crescente";"Ceu Claro";"Dupla";"Curva";"Rural";1;0;0;0;1;0;0;1
83507734;"15/10/16";"Sábado";"12:10:00";"GO";60;"106,8";"ANAPOLIS";"Velocidade incompatível";"Tombamento";"Com Vítimas Feridas";"Pleno dia";"Crescente";"Ceu Claro";"Dupla";"Reta";"Rural";3;0;1;1;1;0;2;1
83507735;"16/10/16";"Domingo";"04:20:00";"PR";277;"396";"CANDOI";"Outras";"Atropelamento de pessoa";"Com Vítimas Fatais";"Plena noite";"Crescente";"Ceu Claro";"Simples";"Reta";"Rural";2;1;0;0;1;0;0;1
83507736;"15/10/16";"Sábado";"19:40:00";"PR";476;"184,4";"LAPA";"Ingestão de álcool";"Atropelamento de pessoa";"Com Vítimas Fatais";"Plena noite";"Crescente";"Nublado";"Simples";"Curva";"Rural";3;1;0;0;2;0;0;1
83507737;"15/10/16";"Sábado";"16:05:00";"MG";381;"597";"CARMOPOLIS DE MINAS";"Falta de atenção";"Colisão com objeto fixo";"Sem Vítimas";"Pleno dia";"Decrescente";"Chuva";"Dupla";"Reta";"Rural";1;0;0;0;1;0;0;1
83507738;"16/10/16";"Domingo";"06:30:00";"RJ";101;"297";"ITABORAI";"Dormindo";"Capotamento";"Sem Vítimas";"Amanhecer";"Decrescente";"Ceu Claro";"Dupla";"Reta";"Urbano";1;0;0;0;1;0;0;1
83507739;"13/10/16";"Quinta";"07:20:00";"MG";50;"60";"UBERLANDIA";"Outras";"Queda de motocicleta / bicicleta / veículo";"Com Vítimas Feridas";"Pleno dia";"Decrescente";"Sol";"Dupla";"Curva";"Rural";1;0;1;0;0;0;1;1
83507740;"15/10/16";"Sábado";"20:00:00";"MS";163;"477";"CAMPO GRANDE";"Ingestão de álcool";"Queda de motocicleta / bicicleta / veículo";"Com Vítimas Feridas";"Plena noite";"Decrescente";"Ceu Claro";"Simples";"Reta";"Urbano";2;0;0;1;0;1;1;1
83507741;"13/10/16";"Quinta";"06:30:00";"SC";101;"153";"PORTO BELO";"Outras";"Saída de Pista";"Sem Vítimas";"Amanhecer";"Decrescente";"Nublado";"Dupla";"Reta";"Urbano";1;0;0;0;1;0;0;1
83507742;"12/10/16";"Quarta";"19:10:00";"SE";235;"12";"NOSSA SENHORA DO SOCORRO";"Ingestão de álcool";"Colisão frontal";"Com Vítimas Feridas";"Plena noite";"Crescente";"Nublado";"Simples";"Curva";"Urbano";4;0;1;1;2;0;2;2
83507743;"16/10/16";"Domingo";"07:20:00";"RS";290;"47";"GLORINHA";"Ingestão de álcool";"Saída de Pista";"Sem Vítimas";"Pleno dia";"Crescente";"Nublado";"Dupla";"Reta";"Rural";1;0;0;0;1;0;0;1
83507744;"16/10/16";"Domingo";"05:00:00";"BA";110;"128";"CICERO DANTAS";"Animais na Pista";"Atropelamento de animal";"Sem Vítimas";"Amanhecer";"Decrescente";"Chuva";"Simples";"Reta";"Rural";1;0;0;0;1;0;0;1
83507745;"16/10/16";"Domingo";"03:00:00";"MG";116;"180";"CARAI";"Desobediência à sinalização";"Colisão Transversal";"Com Vítimas Feridas";"Plena noite";"Crescente";"Ceu Claro";"Dupla";"Reta";"Urbano";2;0;1;0;1;0;1;2
83507746;"14/10/16";"Sexta";"20:00:00";"SC";101;"121,5";"ITAJAI";"Não guardar distância de segurança";"Colisão traseira";"Com Vítimas Feridas";"Plena noite";"Decrescente";"Nublado";"Dupla";"Reta";"Urbano";4;0;1;0;3;0;1;3
83507747;"15/10/16";"Sábado";"11:00:00";"MG";40;"44,5";"PARACATU";"Ingestão de álcool";"Colisão lateral";"Sem Vítimas";"Plena noite";"Crescente";"Ignorada";"Simples";"Reta";"Urbano";2;0;0;0;2;0;0;2
83507748;"15/10/16";"Sábado";"14:20:00";"MG";381;"314,9";"ANTONIO DIAS";"Falta de atenção";"Saída de Pista";"Com Vítimas Feridas";"Pleno dia";"Decrescente";"Ceu Claro";"Simples";"Curva";"Rural";3;0;2;1;0;0;3;1
83507749;"12/10/16";"Quarta";"15:20:00";"PB";230;"5,9";"CABEDELO";"Ingestão de álcool";"Colisão lateral";"Com Vítimas Feridas";"Pleno dia";"Crescente";"Sol";"Dupla";"Reta";"Urbano";4;0;1;1;2;0;2;2
83507750;"14/10/16";"Sexta";"20:49:00";"MG";381;"484";"BETIM";"Outras";"Capotamento";"Com Vítimas Feridas";"Plena noite";"Decrescente";"Chuva";"Múltipla";"Curva";"Urbano";4;0;2;0;2;0;2;2
83507752;"13/10/16";"Quinta";"04:30:00";"MG";364;"13,1";"FRUTAL";"Outras";"Colisão traseira";"Sem Vítimas";"Plena noite";"Decrescente";"Ceu Claro";"Simples";"Reta";"Rural";2;0;0;0;2;0;0;2
83507753;"11/10/16";"Terça";"19:05:00";"DF";20;"6";"BRASILIA";"Outras";"Atropelamento de pessoa";"Com Vítimas Feridas";"Plena noite";"Crescente";"Nublado";"Dupla";"Reta";"Urbano";3;0;0;1;2;0;1;2
83507754;"14/10/16";"Sexta";"14:40:00";"PR";467;"82";"CASCAVEL";"Outras";"Saída de Pista";"Com Vítimas Feridas";"Pleno dia";"Decrescente";"Ceu Claro";"Dupla";"Reta";"Rural";2;0;1;0;1;0;1;1
83507756;"14/10/16";"Sexta";"04:30:00";"PE";232;"149,9";"SAO CAITANO";"Desobediência à sinalização";"Colisão frontal";"Com Vítimas Feridas";"Plena noite";"Decrescente";"Ceu Claro";"Simples";"Curva";"Rural";2;0;0;1;0;1;1;2
83507757;"14/10/16";"Sexta";"17:40:00";"PR";376;"616,7";"SAO JOSE DOS PINHAIS";"Falta de atenção";"Colisão Transversal";"Sem Vítimas";"Pleno dia";"Decrescente";"Ceu Claro";"Dupla";"Reta";"Urbano";2;0;0;0;2;0;0;2
83507758;"12/10/16";"Quarta";"23:00:00";"MG";40;"523";"CONTAGEM";"Não guardar distância de segurança";"Colisão lateral";"Com Vítimas Feridas";"Plena noite";"Decrescente";"Ceu Claro";"Dupla";"Reta";"Urbano";2;0;0;1;1;0;1;2
83507759;"08/10/16";"Sábado";"22:40:00";"SC";282;"140,2";"BOM RETIRO";"Ingestão de álcool";"Colisão frontal";"Com Vítimas Fatais";"Plena noite";"Decrescente";"Ceu Claro";"Simples";"Curva";"Rural";2;1;0;0;1;0;0;2
83507760;"14/10/16";"Sexta";"16:30:00";"MG";40;"514";"RIBEIRAO DAS NEVES";"Dormindo";"Saída de Pista";"Sem Vítimas";"Pleno dia";"Decrescente";"Nublado";"Dupla";"Reta";"Urbano";1;0;0;0;1;0;0;1
83507761;"12/10/16";"Quarta";"18:40:00";"PE";101;"50";"ABREU E LIMA";"Falta de atenção";"Atropelamento de pessoa";"Com Vítimas Feridas";"Plena noite";"Decrescente";"Vento";"Múltipla";"Reta";"Urbano";2;0;1;0;1;0;1;1
83507762;"15/10/16";"Sábado";"23:30:00";"RS";116;"650,1";"JAGUARAO";"Animais na Pista";"Atropelamento de animal";"Sem Vítimas";"Plena noite";"Decrescente";"Nevoeiro/neblina";"Simples";"Reta";"Rural";1;0;0;0;1;0;0;1
83507763;"09/10/16";"Domingo";"06:50:00";"RO";319;"64,1";"PORTO VELHO";"Ingestão de álcool";"Colisão lateral";"Sem Vítimas";"Amanhecer";"Crescente";"Ceu Claro";"Dupla";"Reta";"Urbano";5;0;0;0;5;0;0;3
83507764;"15/10/16";"Sábado";"22:10:00";"PE";232;"413,1";"SERRA TALHADA";"Ingestão de álcool";"Colisão frontal";"Com Vítimas Feridas";"Plena noite";"Crescente";"Ceu Claro";"Simples";"Reta";"Urbano";3;0;2;1;0;0;3;2
83507766;"16/10/16";"Domingo";"08:15:00";"SC";470;"194";"POUSO REDONDO";"Velocidade incompatível";"Capotamento";"Com Vítimas Feridas";"Pleno dia";"Decrescente";"Nublado";"Simples";"Curva";"Urbano";2;0;1;1;0;0;2;1
83507767;"16/10/16";"Domingo";"07:20:00";"RS";392;"2,4";"RIO GRANDE";"Outras";"Saída de Pista";"Ignorado";"Amanhecer";"Crescente";"Nublado";"Simples";"Reta";"Urbano";1;0;0;0;0;1;0;1
83507768;"13/10/16";"Quinta";"04:50:00";"MG";262;"496";"MOEMA";"Ultrapassagem indevida";"Colisão com objeto fixo";"Com Vítimas Feridas";"Plena noite";"Crescente";"Ceu Claro";"Simples";"Reta";"Rural";2;0;0;1;1;0;1;2
83507769;"13/10/16";"Quinta";"03:00:00";"RS";285;"123,2";"VACARIA";"Falta de atenção";"Colisão traseira";"Ignorado";"Plena noite";"Decrescente";"Chuva";"Simples";"Reta";"Urbano";2;0;0;0;0;2;0;2
83507770;"16/10/16";"Domingo";"09:10:00";"ES";101;"370,6";"ICONHA";"Desobediência à sinalização";"Colisão Transversal";"Com Vítimas Feridas";"Pleno dia";"Crescente";"Ceu Claro";"Simples";"Reta";"Rural";4;0;4;0;0;0;4;2
83507771;"16/10/16";"Domingo";"10:46:00";"RJ";101;"330";"RIO DE JANEIRO";"Outras";"Colisão traseira";"Com Vítimas Feridas";"Pleno dia";"Crescente";"Ceu Claro";"Dupla";"Reta";"Urbano";2;0;1;0;1;0;1;2
83507772;"14/10/16";"Sexta";"05:30:00";"MG";50;"62";"UBERLANDIA";"Outras";"Capotamento";"Com Vítimas Feridas";"Plena noite";"Crescente";"Chuva";"Dupla";"Reta";"Rural";2;0;2;0;0;0;2;1
83507773;"16/10/16";"Domingo";"08:15:00";"PR";277;"3,5";"PARANAGUA";"Outras";"Colisão traseira";"Com Vítimas Feridas";"Pleno dia";"Crescente";"Nublado";"Dupla";"Reta";"Urbano";3;0;1;0;1;1;1;3
83507774;"12/10/16";"Quarta";"19:05:00";"SP";116;"216";"GUARULHOS";"Outras";"Atropelamento de pessoa";"Com Vítimas Fatais";"Plena noite";"Decrescente";"Ceu Claro";"Dupla";"Reta";"Urbano";2;1;0;0;1;0;0;1
83507775;"14/10/16";"Sexta";"02:30:00";"MG";135;"371";"MONTES CLAROS";"Velocidade incompatível";"Tombamento";"Sem Vítimas";"Plena noite";"Decrescente";"Ceu Claro";"Simples";"Reta";"Rural";1;0;0;0;1;0;0;1
83507776;"16/10/16";"Domingo";"10:50:00";"SP";101;"47,6";"UBATUBA";"Falta de atenção";"Colisão lateral";"Com Vítimas Feridas";"Pleno dia";"Crescente";"Ceu Claro";"Simples";"Reta";"Urbano";4;0;2;0;2;0;2;2
83507777;"16/10/16";"Domingo";"08:55:00";"PE";101;"49,8";"ABREU E LIMA";"Desobediência à sinalização";"Colisão Transversal";"Com Vítimas Feridas";"Pleno dia";"Crescente";"Sol";"Dupla";"Cruzamento";"Urbano";3;0;0;2;1;0;2;2
83507778;"09/10/16";"Domingo";"04:15:00";"RS";101;"10,5";"DOM PEDRO DE ALCANTARA";"Outras";"Saída de Pista";"Com Vítimas Feridas";"Amanhecer";"Decrescente";"Ceu Claro";"Dupla";"Reta";"Urbano";2;0;2;0;0;0;2;1
83507779;"16/10/16";"Domingo";"10:00:00";"MG";459;"11,7";"CALDAS";"Defeito mecânico em veículo";"Tombamento";"Com Vítimas Feridas";"Pleno dia";"Decrescente";"Sol";"Simples";"Curva";"Urbano";2;0;2;0;0;0;2;1
83507780;"15/10/16";"Sábado";"23:40:00";"MS";163;"631,4";"SAO GABRIEL DO OESTE";"Falta de atenção";"Colisão com objeto fixo";"Com Vítimas Feridas";"Plena noite";"Decrescente";"Ceu Claro";"Dupla";"Reta";"Rural";1;0;0;1;0;0;1;1
83507781;"16/10/16";"Domingo";"10:30:00";"RO";364;"475";"ARIQUEMES";"Outras";"Queda de motocicleta / bicicleta / veículo";"Com Vítimas Feridas";"Pleno dia";"Crescente";"Ceu Claro";"Simples";"Reta";"Rural";2;0;2;0;0;0;2;1
83507782;"12/10/16";"Quarta";"05:35:00";"PI";343;"345,5";"TERESINA";"Desobediência à sinalização";"Colisão Transversal";"Com Vítimas Feridas";"Amanhecer";"Decrescente";"Ceu Claro";"Múltipla";"Cruzamento";"Urbano";5;0;3;0;2;0;3;2
83507783;"16/10/16";"Domingo";"10:00:00";"RS";158;"520,1";"SANTANA DO LIVRAMENTO";"Defeito mecânico em veículo";"Saída de Pista";"Sem Vítimas";"Pleno dia";"Crescente";"Chuva";"Simples";"Reta";"Rural";1;0;0;0;1;0;0;1
83507784;"16/10/16";"Domingo";"06:20:00";"RO";364;"438";"JARU";"Velocidade incompatível";"Saída de Pista";"Sem Vítimas";"Pleno dia";"Crescente";"Sol";"Simples";"Reta";"Rural";1;0;0;0;1;0;0;1
83507785;"16/10/16";"Domingo";"11:00:00";"RS";153;"605";"BAGE";"Velocidade incompatível";"Saída de Pista";"Com Vítimas Feridas";"Pleno dia";"Decrescente";"Chuva";"Simples";"Curva";"Rural";4;0;1;0;3;0;1;1
83507786;"16/10/16";"Domingo";"06:30:00";"DF";40;"6,3";"BRASILIA";"Outras";"Colisão lateral";"Com Vítimas Feridas";"Amanhecer";"Decrescente";"Ceu Claro";"Dupla";"Reta";"Rural";2;0;1;0;1;0;1;2
83507787;"16/10/16";"Domingo";"11:40:00";"PE";101;"53,5";"PAULISTA";"Desobediência à sinalização";"Colisão lateral";"Sem Vítimas";"Pleno dia";"Decrescente";"Ceu Claro";"Dupla";"Reta";"Urbano";2;0;0;0;2;0;0;2
83507788;"12/10/16";"Quarta";"10:30:00";"RJ";40;"35";"TRES RIOS";"Defeito mecânico em veículo";"Colisão com objeto fixo";"Sem Vítimas";"Pleno dia";"Decrescente";"Ceu Claro";"Dupla";"Curva";"Rural";1;0;0;0;1;0;0;1