"id";"data_inversa";"dia_semana";"horario";"uf";"br";"km";"municipio";"causa_acidente";"tipo_acidente";"classificacao_acidente";"fase_dia";"sentido_via";"condicao_metereologica";"tipo_pista";"tracado_via";"uso_solo";"pessoas";"mortos";"feridos_leves";"feridos_graves";"ilesos";"ignorados";"feridos";"veiculos"
83508013;"16/10/16";"Domingo";"06:00:00";"SP";116;"211,8";"GUARULHOS";"Falta de atenção";"Tombamento";"Com Vítimas Feridas";"Amanhecer";"Crescente";"Ceu Claro";"Múltipla";"Reta";"Urbano";2;0;1;0;1;0;1;1
83508014;"16/10/16";"Domingo";"19:20:00";"SC";116;"255,5";"CAPAO ALTO";"Falta de atenção";"Colisão traseira";"Sem Vítimas";"Anoitecer";"Decrescente";"Chuva";"Simples";"Reta";"Rural";2;0;0;0;2;0;0;2
83508015;"14/10/16";"Sexta";"03:45:00";"GO";60;"44,7";"ALEXANIA";"Dormindo";"Capotamento";"Com Vítimas Feridas";"Plena noite";"Decrescente";"Ceu Claro";"Dupla";"Reta";"Rural";2;0;0;1;1;0;1;1
83508016;"14/10/16";"Sexta";"08:00:00";"MG";381;"656,4";"SANTO ANTONIO DO AMPARO";"Velocidade incompatível";"Capotamento";"Com Vítimas Feridas";"Pleno dia";"Crescente";"Chuva";"Dupla";"Curva";"Rural";1;0;1;0;0;0;1;1
83508017;"09/10/16";"Domingo";"12:45:00";"BA";101;"389,7";"IBIRAPITANGA";"Outras";"Derramamento de Carga";"Sem Vítimas";"Pleno dia";"Decrescente";"Nublado";"Simples";"Reta";"Rural";2;0;0;0;2;0;0;2
83508018;"17/10/16";"Segunda";"05:00:00";"SP";116;"272,9";"TABOAO DA SERRA";"Velocidade incompatível";"Colisão com objeto fixo";"Ignorado";"Plena noite";"Decrescente";"Nublado";"Dupla";"Curva";"Urbano";1;0;0;0;0;1;0;1
83508020;"15/10/16";"Sábado";"17:20:00";"RN";304;"136,7";"ANGICOS";"Outras";"Saída de Pista";"Sem Vítimas";"Anoitecer";"Crescente";"Sol";"Simples";"Reta";"Rural";1;0;0;0;1;0;0;1
83508022;"23/05/16";"Segunda";"17:22:00";"RS";116;"265";"CANOAS";"Não guardar distância de segurança";"Colisão traseira";"Com Vítimas Feridas";"Pleno dia";"Decrescente";"Ceu Claro";"Dupla";"Reta";"Urbano";3;0;0;1;2;0;1;2
83508023;"14/10/16";"Sexta";"23:30:00";"MT";364;"290";"JACIARA";"Ingestão de álcool";"Capotamento";"Sem Vítimas";"Plena noite";"Decrescente";"Nublado";"Simples";"Reta";"Rural";1;0;0;0;1;0;0;1
83508096;"11/10/16";"Terça";"15:20:00";"GO";153;"360,5";"JARAGUA";"Outras";"Colisão lateral";"Sem Vítimas";"Pleno dia";"Decrescente";"Ceu Claro";"Simples";"Reta";"Urbano";3;0;0;0;3;0;0;3
83508097;"28/09/16";"Quarta";"19:10:00";"MT";70;"585,1";"POCONE";"Ultrapassagem indevida";"Saída de Pista";"Sem Vítimas";"Plena noite";"Decrescente";"Ceu Claro";"Simples";"Reta";"Rural";2;0;0;0;2;0;0;2
83508098;"17/10/16";"Segunda";"10:15:00";"RS";158;"519";"SANTANA DO LIVRAMENTO";"Outras";"Saída de Pista";"Sem Vítimas";"Pleno dia";"Decrescente";"Chuva";"Simples";"Reta";"Rural";3;0;0;0;3;0;0;1
83508099;"17/10/16";"Segunda";"09:00:00";"SP";153;"61,9";"SAO JOSE DO RIO PRETO";"Não guardar distância de segurança";"Colisão traseira";"Com Vítimas Feridas";"Pleno dia";"Crescente";"Sol";"Dupla";"Reta";"Urbano";3;0;1;0;2;0;1;3
83508100;"17/10/16";"Segunda";"12:30:00";"PR";277;"3,5";"PARANAGUA";"Falta de atenção";"Colisão lateral";"Com Vítimas Feridas";"Pleno dia";"Crescente";"Sol";"Dupla";"Reta";"Urbano";2;0;1;0;1;0;1;2
83508101;"17/10/16";"Segunda";"11:45:00";"SC";101;"435,6";"SOMBRIO";"Falta de atenção";"Colisão traseira";"Sem Vítimas";"Pleno dia";"Crescente";"Chuva";"Simples";"Cruzamento";"Urbano";2;0;0;0;2;0;0;2
83508102;"04/10/16";"Terça";"10:30:00";"MG";381;"342";"BELA VISTA DE MINAS";"Velocidade incompatível";"Colisão traseira";"Com Vítimas Feridas";"Pleno dia";"Decrescente";"Chuva";"Simples";"Curva";"Rural";4;0;2;0;2;0;2;2
83508103;"17/10/16";"Segunda";"09:05:00";"SC";282;"396";"JOACABA";"Dormindo";"Colisão lateral";"Sem Vítimas";"Pleno dia";"Crescente";"Ceu Claro";"Simples";"Curva";"Rural";2;0;0;0;2;0;0;2
83508104;"09/09/16";"Sexta";"20:15:00";"PR";376;"196,8";"MARIALVA";"Desobediência à sinalização";"Colisão traseira";"Com Vítimas Feridas";"Plena noite";"Decrescente";"Ceu Claro";"Dupla";"Reta";"Rural";5;0;3;0;2;0;3;2
83508105;"15/10/16";"Sábado";"05:00:00";"MT";364;"401";"CUIABA";"Falta de atenção";"Colisão traseira";"Com Vítimas Feridas";"Amanhecer";"Decrescente";"Ignorada";"Simples";"Reta";"Urbano";5;0;2;0;3;0;2;2
83508106;"17/10/16";"Segunda";"10:15:00";"AL";101;"201";"SAO SEBASTIAO";"Desobediência à sinalização";"Colisão lateral";"Com Vítimas Feridas";"Pleno dia";"Crescente";"Ceu Claro";"Dupla";"Reta";"Urbano";3;0;1;0;2;0;1;2
83508107;"14/10/16";"Sexta";"05:40:00";"RS";116;"262";"CANOAS";"Falta de atenção";"Colisão traseira";"Sem Vítimas";"Amanhecer";"Decrescente";"Ceu Claro";"Simples";"Reta";"Urbano";2;0;0;0;2;0;0;2
83508108;"16/10/16";"Domingo";"02:30:00";"MG";381;"502,1";"BETIM";"Outras";"Saída de Pista";"Com Vítimas Feridas";"Plena noite";"Decrescente";"Ceu Claro";"Dupla";"Curva";"Urbano";4;0;4;0;0;0;4;1
83508109;"17/10/16";"Segunda";"11:10:00";"RS";116;"36,9";"VACARIA";"Desobediência à sinalização";"Colisão Transversal";"Sem Vítimas";"Pleno dia";"Crescente";"Nublado";"Simples";"Cruzamento";"Urbano";3;0;0;0;3;0;0;2
83508110;"17/10/16";"Segunda";"12:30:00";"GO";60;"97";"ANAPOLIS";"Velocidade incompatível";"Colisão traseira";"Sem Vítimas";"Pleno dia";"Decrescente";"Nublado";"Dupla";"Reta";"Urbano";2;0;0;0;2;0;0;2
83508111;"14/10/16";"Sexta";"06:50:00";"SP";116;"284";"EMBU";"Falta de atenção";"Colisão traseira";"Com Vítimas Feridas";"Amanhecer";"Decrescente";"Nublado";"Dupla";"Reta";"Urbano";3;0;1;0;2;0;1;3
83508112;"12/10/16";"Quarta";"22:00:00";"DF";20;"19,2";"BRASILIA";"Outras";"Capotamento";"Sem Vítimas";"Plena noite";"Crescente";"Ceu Claro";"Dupla";"Reta";"Urbano";2;0;0;0;1;1;0;2
83508113;"14/10/16";"Sexta";"03:10:00";"SP";116;"305";"SAO LOURENCO DA SERRA";"Falta de atenção";"Colisão com objeto fixo";"Sem Vítimas";"Plena noite";"Decrescente";"Ceu Claro";"Dupla";"Reta";"Rural";1;0;0;0;1;0;0;1
83508114;"11/09/16";"Domingo";"17:45:00";"SC";101;"94,8";"BARRA VELHA";"Não guardar distância de segurança";"Colisão traseira";"Com Vítimas Feridas";"Anoitecer";"Decrescente";"Ceu Claro";"Dupla";"Reta";"Urbano";4;0;1;0;3;0;1;3
83508115;"13/10/16";"Quinta";"08:30:00";"MG";135;"585";"CORINTO";"Ultrapassagem indevida";"Saída de Pista";"Com Vítimas Feridas";"Pleno dia";"Crescente";"Ceu Claro";"Simples";"Reta";"Rural";3;0;1;0;2;0;1;1
83508116;"13/10/16";"Quinta";"15:45:00";"CE";20;"28";"PARAMBU";"Dormindo";"Colisão lateral";"Sem Vítimas";"Pleno dia";"Decrescente";"Ceu Claro";"Simples";"Reta";"Rural";2;0;0;0;2;0;0;2
83508117;"17/10/16";"Segunda";"13:50:00";"RS";153;"49,2";"ERECHIM";"Falta de atenção";"Atropelamento de pessoa";"Com Vítimas Feridas";"Pleno dia";"Crescente";"Nublado";"Simples";"Reta";"Urbano";3;0;2;0;1;0;2;1
83508118;"17/10/16";"Segunda";"12:35:00";"PR";277;"316,6";"GUARAPUAVA";"Falta de atenção";"Colisão Transversal";"Sem Vítimas";"Pleno dia";"Decrescente";"Sol";"Simples";"Reta";"Rural";2;0;0;0;1;1;0;2
83508119;"13/10/16";"Quinta";"16:30:00";"PR";277;"70,5";"SAO JOSE DOS PINHAIS";"Velocidade incompatível";"Saída de Pista";"Com Vítimas Feridas";"Pleno dia";"Decrescente";"Chuva";"Dupla";"Curva";"Urbano";1;0;1;0;0;0;1;1
83508120;"17/10/16";"Segunda";"12:00:00";"RJ";101;"406";"ITAGUAI";"Outras";"Colisão com objeto fixo";"Com Vítimas Feridas";"Pleno dia";"Decrescente";"Sol";"Dupla";"Reta";"Urbano";2;0;2;0;0;0;2;1
83508121;"16/10/16";"Domingo";"03:15:00";"MG";381;"490,5";"BETIM";"Outras";"Colisão com objeto fixo";"Sem Vítimas";"Plena noite";"Decrescente";"Ceu Claro";"Dupla";"Curva";"Urbano";1;0;0;0;1;0;0;1
83508122;"17/10/16";"Segunda";"11:15:00";"RS";386;"410";"TRIUNFO";"Defeito na via";"Colisão lateral";"Sem Vítimas";"Pleno dia";"Crescente";"Chuva";"Dupla";"Curva";"Urbano";3;0;0;0;3;0;0;3
83508123;"17/10/16";"Segunda";"13:00:00";"RS";293;"11,3";"CAPAO DO LEAO";"Outras";"Saída de Pista";"Sem Vítimas";"Pleno dia";"Decrescente";"Chuva";"Simples";"Cruzamento";"Urbano";1;0;0;0;1;0;0;1
83508124;"14/10/16";"Sexta";"06:20:00";"CE";20;"353";"CARIDADE";"Defeito mecânico em veículo";"Queda de motocicleta / bicicleta / veículo";"Com Vítimas Feridas";"Pleno dia";"Decrescente";"Ceu Claro";"Simples";"Reta";"Rural";2;0;2;0;0;0;2;1
83508125;"17/10/16";"Segunda";"14:15:00";"SP";116;"154";"SAO JOSE DOS CAMPOS";"Não guardar distância de segurança";"Colisão traseira";"Sem Vítimas";"Pleno dia";"Crescente";"Ceu Claro";"Dupla";"Reta";"Urbano";2;0;0;0;1;1;0;2
83508126;"17/10/16";"Segunda";"03:00:00";"CE";222;"118";"ITAPAGE";"Outras";"Atropelamento de pessoa";"Com Vítimas Fatais";"Plena noite";"Crescente";"Ceu Claro";"Simples";"Reta";"Rural";2;1;0;0;0;1;0;1
83508127;"17/10/16";"Segunda";"10:20:00";"PB";101;"94,3";"CONDE";"Falta de atenção";"Saída de Pista";"Sem Vítimas";"Pleno dia";"Crescente";"Ceu Claro";"Dupla";"Reta";"Rural";1;0;0;0;1;0;0;1
83508128;"26/08/16";"Sexta";"06:45:00";"PR";116;"6";"CAMPINA GRANDE DO SUL";"Outras";"Colisão traseira";"Sem Vítimas";"Pleno dia";"Decrescente";"Ignorada";"Dupla";"Curva";"Rural";2;0;0;0;1;1;0;2
83508129;"17/10/16";"Segunda";"11:45:00";"PA";316;"4";"ANANINDEUA";"Falta de atenção";"Atropelamento de pessoa";"Com Vítimas Feridas";"Pleno dia";"Decrescente";"Sol";"Múltipla";"Reta";"Urbano";3;0;2;0;1;0;2;1
83508130;"09/10/16";"Domingo";"21:15:00";"PR";376;"601,6";"CURITIBA";"Outras";"Capotamento";"Sem Vítimas";"Plena noite";"Decrescente";"Ceu Claro";"Dupla";"Reta";"Urbano";1;0;0;0;1;0;0;1
83508131;"14/10/16";"Sexta";"03:00:00";"SP";116;"192";"SANTA ISABEL";"Outras";"Danos Eventuais";"Com Vítimas Feridas";"Plena noite";"Crescente";"Ceu Claro";"Dupla";"Reta";"Rural";2;0;1;0;0;1;1;1
83508132;"17/10/16";"Segunda";"06:30:00";"MT";163;"117";"RONDONOPOLIS";"Falta de atenção";"Colisão lateral";"Com Vítimas Feridas";"Amanhecer";"Decrescente";"Ignorada";"Simples";"Reta";"Rural";3;0;3;0;0;0;3;2
83508133;"16/10/16";"Domingo";"03:00:00";"CE";116;"11,2";"FORTALEZA";"Ingestão de álcool";"Colisão traseira";"Com Vítimas Feridas";"Plena noite";"Crescente";"Ceu Claro";"Dupla";"Reta";"Urbano";3;0;2;0;1;0;2;2
83508134;"04/10/16";"Terça";"14:40:00";"MG";267;"282,7";"AIURUOCA";"Falta de atenção";"Colisão lateral";"Com Vítimas Feridas";"Pleno dia";"Crescente";"Ceu Claro";"Simples";"Reta";"Rural";2;0;1;0;1;0;1;2
83508135;"07/10/16";"Sexta";"02:30:00";"PI";316;"0";"TERESINA";"Outras";"Tombamento";"Ignorado";"Plena noite";"Decrescente";"Ceu Claro";"Simples";"Reta";"Urbano";1;0;0;0;0;1;0;1
83508136;"15/08/16";"Segunda";"05:00:00";"PE";101;"104";"CABO DE SANTO AGOSTINHO";"Outras";"Colisão traseira";"Com Vítimas Feridas";"Amanhecer";"Crescente";"Ceu Claro";"Dupla";"Reta";"Urbano";2;0;0;1;1;0;1;2
83508137;"17/10/16";"Segunda";"14:50:00";"RS";290;"14,7";"SANTO ANTONIO DA PATRULHA";"Outras";"Saída de Pista";"Sem Vítimas";"Pleno dia";"Crescente";"Chuva";"Dupla";"Curva";"Rural";1;0;0;0;1;0;0;1
83508138;"06/09/16";"Terça";"12:50:00";"PR";373;"176,7";"PONTA GROSSA";"Velocidade incompatível";"Colisão Transversal";"Com Vítimas Feridas";"Pleno dia";"Crescente";"Sol";"Simples";"Reta";"Urbano";2;0;1;0;1;0;1;2
83508140;"26/09/16";"Segunda";"12:40:00";"MG";267;"353";"CAMBUQUIRA";"Falta de atenção";"Colisão Transversal";"Com Vítimas Feridas";"Pleno dia";"Decrescente";"Ceu Claro";"Simples";"Cruzamento";"Rural";2;0;2;0;0;0;2;2
83508141;"17/10/16";"Segunda";"02:30:00";"MA";10;"284";"IMPERATRIZ";"Dormindo";"Saída de Pista";"Sem Vítimas";"Plena noite";"Crescente";"Ceu Claro";"Simples";"Reta";"Rural";1;0;0;0;1;0;0;1
83508142;"17/10/16";"Segunda";"11:30:00";"RS";285;"321,3";"PASSO FUNDO";"Falta de atenção";"Colisão frontal";"Sem Vítimas";"Pleno dia";"Crescente";"Nublado";"Simples";"Reta";"Rural";2;0;0;0;2;0;0;2
83508143;"17/10/16";"Segunda";"10:50:00";"MT";364;"270";"JACIARA";"Defeito mecânico em veículo";"Derramamento de Carga";"Sem Vítimas";"Pleno dia";"Decrescente";"Sol";"Dupla";"Reta";"Rural";1;0;0;0;1;0;0;1
83508144;"17/10/16";"Segunda";"13:25:00";"GO";153;"499,2";"GOIANIA";"Outras";"Colisão traseira";"Sem Vítimas";"Pleno dia";"Decrescente";"Ceu Claro";"Dupla";"Reta";"Urbano";2;0;0;0;2;0;0;2
83508145;"17/10/16";"Segunda";"13:30:00";"GO";158;"274";"JATAI";"Desobediência à sinalização";"Colisão Transversal";"Com Vítimas Feridas";"Pleno dia";"Decrescente";"Nublado";"Dupla";"Cruzamento";"Urbano";2;0;0;1;1;0;1;2
83508146;"14/10/16";"Sexta";"07:16:00";"ES";101;"96,1";"JAGUARE";"Outras";"Colisão frontal";"Com Vítimas Feridas";"Pleno dia";"Decrescente";"Chuva";"Simples";"Reta";"Rural";2;0;1;0;1;0;1;2
83508147;"17/10/16";"Segunda";"07:50:00";"MG";381;"484";"BETIM";"Falta de atenção";"Danos Eventuais";"Com Vítimas Feridas";"Pleno dia";"Decrescente";"Sol";"Dupla";"Reta";"Urbano";1;0;1;0;0;0;1;1
83508148;"17/10/16";"Segunda";"06:00:00";"BA";101;"122";"ALAGOINHAS";"Outras";"Capotamento";"Com Vítimas Feridas";"Amanhecer";"Crescente";"Nublado";"Simples";"Curva";"Rural";1;0;1;0;0;0;1;1
83508149;"15/10/16";"Sábado";"21:30:00";"GO";40;"1";"VALPARAISO DE GOIAS";"Falta de atenção";"Atropelamento de pessoa";"Com Vítimas Feridas";"Plena noite";"Decrescente";"Ceu Claro";"Dupla";"Reta";"Urbano";2;0;0;1;1;0;1;1
83508150;"17/10/16";"Segunda";"07:10:00";"GO";153;"507,9";"APARECIDA DE GOIANIA";"Falta de atenção";"Colisão traseira";"Com Vítimas Feridas";"Pleno dia";"Decrescente";"Sol";"Dupla";"Reta";"Urbano";3;0;1;0;2;0;1;3
83508151;"17/10/16";"Segunda";"12:50:00";"PE";407;"129";"PETROLINA";"Desobediência à sinalização";"Colisão lateral";"Sem Vítimas";"Pleno dia";"Decrescente";"Ceu Claro";"Simples";"Curva";"Urbano";2;0;0;0;2;0;0;2
83508152;"17/10/16";"Segunda";"15:20:00";"SP";153;"34";"NOVA GRANADA";"Outras";"Queda de motocicleta / bicicleta / veículo";"Com Vítimas Feridas";"Pleno dia";"Crescente";"Ceu Claro";"Simples";"Reta";"Rural";1;0;1;0;0;0;1;1
83508153;"17/10/16";"Segunda";"13:10:00";"RS";386;"439";"NOVA SANTA RITA";"Outras";"Colisão com objeto fixo";"Com Vítimas Feridas";"Pleno dia";"Crescente";"Chuva";"Dupla";"Reta";"Urbano";3;0;1;2;0;0;3;1
83508154;"17/10/16";"Segunda";"10:20:00";"MG";262;"38,5";"MANHUACU";"Falta de atenção";"Colisão traseira";"Com Vítimas Feridas";"Pleno dia";"Crescente";"Ceu Claro";"Simples";"Reta";"Urbano";4;0;2;0;2;0;2;2
83508155;"01/10/16";"Sábado";"20:10:00";"PE";232;"413,1";"SERRA TALHADA";"Falta de atenção";"Colisão frontal";"Com Vítimas Feridas";"Plena noite";"Crescente";"Ceu Claro";"Simples";"Reta";"Urbano";2;0;1;0;1;0;1;2
83508156;"17/10/16";"Segunda";"09:30:00";"PR";376;"111";"PARANAVAI";"Falta de atenção";"Colisão Transversal";"Com Vítimas Feridas";"Pleno dia";"Crescente";"Ceu Claro";"Simples";"Curva";"Rural";2;0;2;0;0;0;2;2
83508157;"17/10/16";"Segunda";"08:50:00";"MG";40;"343";"FELIXLANDIA";"Defeito mecânico em veículo";"Capotamento";"Com Vítimas Feridas";"Pleno dia";"Crescente";"Ceu Claro";"Simples";"Reta";"Rural";4;0;2;0;2;0;2;1
83508158;"15/10/16";"Sábado";"20:40:00";"PI";343;"469";"SAO GONCALO DO PIAUI";"Falta de atenção";"Colisão Transversal";"Com Vítimas Feridas";"Plena noite";"Decrescente";"Ceu Claro";"Simples";"Reta";"Rural";6;0;4;1;1;0;5;2
83508159;"17/10/16";"Segunda";"08:00:00";"PR";116;"114,8";"CURITIBA";"Falta de atenção";"Colisão traseira";"Sem Vítimas";"Amanhecer";"Crescente";"Ceu Claro";"Dupla";"Reta";"Urbano";4;0;0;0;3;1;0;4
83508160;"17/10/16";"Segunda";"15:05:00";"PR";376;"182";"MARINGA";"Não guardar distância de segurança";"Colisão lateral";"Sem Vítimas";"Pleno dia";"Crescente";"Sol";"Dupla";"Curva";"Urbano";4;0;0;0;4;0;0;3
83508161;"17/10/16";"Segunda";"10:50:00";"MG";116;"773";"LEOPOLDINA";"Falta de atenção";"Colisão Transversal";"Com Vítimas Feridas";"Pleno dia";"Crescente";"Ceu Claro";"Simples";"Reta";"Urbano";4;0;2;0;2;0;2;2
83508162;"17/10/16";"Segunda";"12:30:00";"MG";40;"604";"CONGONHAS";"Defeito mecânico em veículo";"Tombamento";"Com Vítimas Feridas";"Pleno dia";"Crescente";"Sol";"Simples";"Curva";"Rural";1;0;1;0;0;0;1;1
83508163;"17/10/16";"Segunda";"08:20:00";"ES";101;"241,5";"SERRA";"Não guardar distância de segurança";"Colisão traseira";"Sem Vítimas";"Pleno dia";"Crescente";"Ceu Claro";"Simples";"Reta";"Urbano";3;0;0;0;3;0;0;3
83508164;"14/10/16";"Sexta";"03:00:00";"MG";381;"903";"CAMBUI";"Velocidade incompatível";"Colisão com objeto fixo";"Ignorado";"Plena noite";"Decrescente";"Chuva";"Dupla";"Curva";"Rural";1;0;0;0;0;1;0;1
83508165;"17/10/16";"Segunda";"06:30:00";"PR";116;"156,6";"MANDIRITUBA";"Falta de atenção";"Atropelamento de pessoa";"Com Vítimas Fatais";"Pleno dia";"Decrescente";"Ceu Claro";"Simples";"Reta";"Rural";2;1;1;0;0;0;1;1
83508166;"14/10/16";"Sexta";"16:00:00";"TO";153;"385";"RIO DOS BOIS";"Defeito na via";"Tombamento";"Sem Vítimas";"Pleno dia";"Decrescente";"Ceu Claro";"Simples";"Reta";"Rural";1;0;0;0;1;0;0;1
83508167;"14/10/16";"Sexta";"01:40:00";"PR";476;"68";"TUNAS DO PARANA";"Velocidade incompatível";"Tombamento";"Sem Vítimas";"Plena noite";"Crescente";"Chuva";"Simples";"Curva";"Rural";1;0;0;0;1;0;0;1
83508168;"17/10/16";"Segunda";"07:30:00";"SP";153;"89,8";"JACI";"Não guardar distância de segurança";"Colisão traseira";"Sem Vítimas";"Pleno dia";"Decrescente";"Ceu Claro";"Simples";"Reta";"Rural";2;0;0;0;2;0;0;2
83508169;"13/10/16";"Quinta";"18:00:00";"MG";381;"908,4";"CAMBUI";"Velocidade incompatível";"Colisão com objeto fixo";"Sem Vítimas";"Anoitecer";"Decrescente";"Chuva";"Dupla";"Curva";"Rural";1;0;0;0;1;0;0;1
83508170;"01/10/16";"Sábado";"19:40:00";"PR";116;"93,1";"SAO JOSE DOS PINHAIS";"Falta de atenção";"Saída de Pista";"Com Vítimas Feridas";"Anoitecer";"Crescente";"Chuva";"Simples";"Reta";"Rural";1;0;1;0;0;0;1;1
83508171;"17/10/16";"Segunda";"12:30:00";"PE";423;"122,5";"PARANATAMA";"Desobediência à sinalização";"Colisão Transversal";"Com Vítimas Feridas";"Pleno dia";"Crescente";"Ceu Claro";"Simples";"Reta";"Rural";2;0;2;0;0;0;2;2
83508172;"17/10/16";"Segunda";"15:30:00";"RJ";101;"499,5";"ANGRA DOS REIS";"Falta de atenção";"Colisão lateral";"Com Vítimas Feridas";"Pleno dia";"Decrescente";"Ceu Claro";"Simples";"Reta";"Rural";3;0;1;0;2;0;1;2
83508173;"11/10/16";"Terça";"17:40:00";"PB";230;"31,2";"BAYEUX";"Falta de atenção";"Colisão traseira";"Sem Vítimas";"Anoitecer";"Crescente";"Ceu Claro";"Dupla";"Reta";"Urbano";2;0;0;0;2;0;0;2
83508174;"17/10/16";"Segunda";"16:00:00";"SC";470;"41,8";"GASPAR";"Outras";"Atropelamento de pessoa";"Com Vítimas Feridas";"Pleno dia";"Decrescente";"Nublado";"Simples";"Cruzamento";"Rural";2;0;0;1;1;0;1;1
83508175;"17/10/16";"Segunda";"17:00:00";"PR";376;"180,1";"MARINGA";"Outras";"Queda de motocicleta / bicicleta / veículo";"Com Vítimas Feridas";"Pleno dia";"Crescente";"Sol";"Dupla";"Reta";"Urbano";1;0;1;0;0;0;1;1
83508176;"17/01/16";"Domingo";"09:00:00";"MG";40;"688";"RESSAQUINHA";"Falta de atenção";"Colisão com objeto fixo";"Sem Vítimas";"Pleno dia";"Crescente";"Ceu Claro";"Simples";"Reta";"Rural";1;0;0;0;1;0;0;1
83508177;"05/10/16";"Quarta";"06:50:00";"ES";262;"2,7";"CARIACICA";"Defeito mecânico em veículo";"Colisão traseira";"Com Vítimas Feridas";"Pleno dia";"Decrescente";"Ceu Claro";"Dupla";"Reta";"Urbano";5;0;1;0;4;0;1;4
83508178;"17/10/16";"Segunda";"11:20:00";"RS";116;"246,5";"SAO LEOPOLDO";"Falta de atenção";"Colisão traseira";"Com Vítimas Feridas";"Pleno dia";"Decrescente";"Chuva";"Dupla";"Curva";"Urbano";2;0;1;0;1;0;1;2
83508179;"16/10/16";"Domingo";"20:40:00";"BA";242;"660";"MUQUEM DO SAO FRANCISCO";"Defeito mecânico em veículo";"Saída de Pista";"Sem Vítimas";"Anoitecer";"Crescente";"Ceu Claro";"Simples";"Curva";"Rural";1;0;0;0;1;0;0;1
83508180;"10/10/16";"Segunda";"05:30:00";"BA";101;"350,1";"WENCESLAU GUIMARAES";"Velocidade incompatível";"Tombamento";"Com Vítimas Feridas";"Pleno dia";"Decrescente";"Ceu Claro";"Simples";"Curva";"Rural";1;0;0;1;0;0;1;1
83508181;"17/10/16";"Segunda";"14:30:00";"MG";381;"516,3";"IGARAPE";"Outras";"Capotamento";"Com Vítimas Feridas";"Pleno dia";"Decrescente";"Sol";"Dupla";"Curva";"Rural";1;0;0;1;0;0;1;1
83508182;"17/10/16";"Segunda";"12:45:00";"RS";386;"332,8";"MARQUES DE SOUZA";"Velocidade incompatível";"Saída de Pista";"Com Vítimas Feridas";"Pleno dia";"Crescente";"Chuva";"Simples";"Curva";"Rural";1;0;1;0;0;0;1;1
83508183;"21/06/16";"Terça";"19:00:00";"BA";110;"357";"CATU";"Outras";"Colisão frontal";"Com Vítimas Feridas";"Plena noite";"Decrescente";"Ignorada";"Simples";"Reta";"Rural";2;0;1;0;0;1;1;2
83508184;"14/10/16";"Sexta";"01:50:00";"MG";381;"922";"CAMANDUCAIA";"Defeito mecânico em veículo";"Colisão com objeto fixo";"Sem Vítimas";"Plena noite";"Decrescente";"Chuva";"Dupla";"Reta";"Rural";1;0;0;0;1;0;0;1
83508185;"17/10/16";"Segunda";"14:15:00";"RN";304;"304,1";"MACAIBA";"Outras";"Capotamento";"Com Vítimas Feridas";"Pleno dia";"Crescente";"Ceu Claro";"Dupla";"Reta";"Rural";1;0;1;0;0;0;1;1
83508186;"16/10/16";"Domingo";"03:00:00";"MG";365;"78,1";"JEQUITAI";"Animais na Pista";"Atropelamento de animal";"Com Vítimas Feridas";"Plena noite";"Decrescente";"Ignorada";"Simples";"Reta";"Rural";5;0;2;0;3;0;2;1
83508188;"17/10/16";"Segunda";"17:10:00";"PR";376;"590";"CURITIBA";"Falta de atenção";"Colisão lateral";"Sem Vítimas";"Pleno dia";"Crescente";"Ceu Claro";"Dupla";"Reta";"Urbano";2;0;0;0;2;0;0;2
83508189;"17/10/16";"Segunda";"15:20:00";"RS";285;"486,6";"ENTRE IJUIS";"Velocidade incompatível";"Colisão lateral";"Com Vítimas Feridas";"Pleno dia";"Crescente";"Chuva";"Simples";"Curva";"Rural";3;0;1;0;2;0;1;2
83508190;"14/10/16";"Sexta";"01:30:00";"MG";381;"636,3";"SANTO ANTONIO DO AMPARO";"Outras";"Colisão com objeto fixo";"Sem Vítimas";"Plena noite";"Decrescente";"Chuva";"Dupla";"Curva";"Rural";1;0;0;0;1;0;0;1
83508191;"17/10/16";"Segunda";"07:30:00";"SC";153;"39,9";"VARGEM BONITA";"Outras";"Saída de Pista";"Com Vítimas Fatais";"Amanhecer";"Crescente";"Ceu Claro";"Simples";"Reta";"Rural";2;1;0;1;0;0;1;1
83508192;"17/10/16";"Segunda";"14:50:00";"SC";101;"45";"JOINVILLE";"Falta de atenção";"Colisão Transversal";"Com Vítimas Feridas";"Pleno dia";"Crescente";"Sol";"Dupla";"Cruzamento";"Urbano";3;0;1;0;2;0;1;2
83508193;"13/10/16";"Quinta";"08:02:00";"BA";242;"363";"PALMEIRAS";"Velocidade incompatível";"Saída de Pista";"Com Vítimas Feridas";"Pleno dia";"Crescente";"Chuva";"Simples";"Curva";"Rural";2;0;1;0;1;0;1;1
83508194;"17/10/16";"Segunda";"17:15:00";"PA";316;"6";"ANANINDEUA";"Outras";"Colisão lateral";"Com Vítimas Feridas";"Pleno dia";"Crescente";"Ceu Claro";"Dupla";"Reta";"Urbano";2;0;1;0;1;0;1;2
83508195;"17/10/16";"Segunda";"15:45:00";"SC";101;"193";"BIGUACU";"Outras";"Saída de Pista";"Sem Vítimas";"Pleno dia";"Crescente";"Ceu Claro";"Dupla";"Curva";"Urbano";2;0;0;0;1;1;0;2