"id";"data_inversa";"dia_semana";"horario";"uf";"br";"km";"municipio";"causa_acidente";"tipo_acidente";"classificacao_acidente";"fase_dia";"sentido_via";"condicao_metereologica";"tipo_pista";"tracado_via";"uso_solo";"pessoas";"mortos";"feridos_leves";"feridos_graves";"ilesos";"ignorados";"feridos";"veiculos"
83508196;"11/10/16";"Terça";"23:30:00";"SP";488;"5,3";"APARECIDA";"Falta de atenção";"Colisão Transversal";"Com Vítimas Feridas";"Plena noite";"Crescente";"Nublado";"Dupla";"Cruzamento";"Urbano";2;0;1;0;1;0;1;2
83508197;"17/10/16";"Segunda";"17:20:00";"MG";40;"780,9";"JUIZ DE FORA";"Falta de atenção";"Colisão lateral";"Com Vítimas Feridas";"Pleno dia";"Crescente";"Ceu Claro";"Dupla";"Reta";"Urbano";3;0;2;0;1;0;2;2
83508198;"13/10/16";"Quinta";"11:00:00";"GO";153;"177";"CAMPINORTE";"Falta de atenção";"Colisão Transversal";"Com Vítimas Feridas";"Pleno dia";"Decrescente";"Sol";"Simples";"Reta";"Urbano";2;0;1;0;1;0;1;2
83508199;"17/10/16";"Segunda";"16:30:00";"PE";232;"137";"CARUARU";"Não guardar distância de segurança";"Colisão traseira";"Sem Vítimas";"Pleno dia";"Decrescente";"Ceu Claro";"Dupla";"Reta";"Rural";2;0;0;0;2;0;0;2
83508201;"17/10/16";"Segunda";"19:40:00";"SC";101;"27";"JOINVILLE";"Ingestão de álcool";"Queda de motocicleta / bicicleta / veículo";"Com Vítimas Feridas";"Anoitecer";"Decrescente";"Ceu Claro";"Dupla";"Reta";"Urbano";1;0;1;0;0;0;1;1
83508202;"13/10/16";"Quinta";"19:00:00";"AL";101;"19,8";"JOAQUIM GOMES";"Falta de atenção";"Colisão traseira";"Sem Vítimas";"Plena noite";"Crescente";"Nublado";"Dupla";"Curva";"Rural";2;0;0;0;2;0;0;2
83508203;"17/10/16";"Segunda";"00:30:00";"MG";381;"243,5";"SANTANA DO PARAISO";"Dormindo";"Saída de Pista";"Com Vítimas Feridas";"Plena noite";"Decrescente";"Ceu Claro";"Simples";"Reta";"Rural";1;0;1;0;0;0;1;1
83508204;"13/10/16";"Quinta";"11:40:00";"AL";101;"51,8";"FLEXEIRAS";"Velocidade incompatível";"Tombamento";"Sem Vítimas";"Pleno dia";"Decrescente";"Ceu Claro";"Simples";"Curva";"Rural";1;0;0;0;1;0;0;1
83508205;"17/10/16";"Segunda";"18:30:00";"PE";232;"133";"CARUARU";"Desobediência à sinalização";"Colisão traseira";"Sem Vítimas";"Plena noite";"Decrescente";"Ceu Claro";"Dupla";"Reta";"Urbano";2;0;0;0;2;0;0;2
83508206;"11/10/16";"Terça";"18:00:00";"PE";101;"116,9";"IPOJUCA";"Outras";"Capotamento";"Sem Vítimas";"Anoitecer";"Crescente";"Ceu Claro";"Dupla";"Curva";"Rural";3;0;0;0;3;0;0;3
83508207;"17/10/16";"Segunda";"12:00:00";"MT";70;"88";"GENERAL CARNEIRO";"Defeito mecânico em veículo";"Incêndio";"Sem Vítimas";"Pleno dia";"Decrescente";"Ceu Claro";"Simples";"Reta";"Rural";1;0;0;0;1;0;0;1
83508208;"17/10/16";"Segunda";"16:00:00";"PA";230;"112,7";"MARABA";"Defeito mecânico em veículo";"Colisão Transversal";"Com Vítimas Feridas";"Pleno dia";"Crescente";"Ceu Claro";"Simples";"Reta";"Urbano";3;0;0;1;1;1;1;2
83508209;"13/10/16";"Quinta";"20:45:00";"SP";116;"196";"ARUJA";"Velocidade incompatível";"Atropelamento de pessoa";"Com Vítimas Fatais";"Plena noite";"Decrescente";"Chuva";"Dupla";"Reta";"Urbano";2;1;0;0;0;1;0;1
83508211;"17/10/16";"Segunda";"18:00:00";"MA";135;"2,8";"SAO LUIS";"Outras";"Colisão lateral";"Com Vítimas Feridas";"Anoitecer";"Crescente";"Ceu Claro";"Dupla";"Curva";"Urbano";3;0;2;0;1;0;2;2
83508212;"17/10/16";"Segunda";"17:37:00";"RO";364;"214";"PIMENTA BUENO";"Outras";"Tombamento";"Com Vítimas Feridas";"Pleno dia";"Crescente";"Sol";"Simples";"Reta";"Rural";1;0;1;0;0;0;1;1
83508213;"15/10/16";"Sábado";"19:30:00";"MG";40;"14,8";"PARACATU";"Velocidade incompatível";"Saída de Pista";"Ignorado";"Plena noite";"Crescente";"Ceu Claro";"Simples";"Reta";"Rural";1;0;0;0;0;1;0;1
83508214;"09/10/16";"Domingo";"17:10:00";"ES";101;"270,6";"SERRA";"Outras";"Queda de motocicleta / bicicleta / veículo";"Com Vítimas Feridas";"Pleno dia";"Decrescente";"Sol";"Dupla";"Cruzamento";"Urbano";4;0;2;0;0;2;2;2
83508215;"09/10/16";"Domingo";"04:30:00";"CE";222;"267";"COREAU";"Ingestão de álcool";"Queda de motocicleta / bicicleta / veículo";"Com Vítimas Fatais";"Plena noite";"Decrescente";"Ceu Claro";"Simples";"Reta";"Rural";8;2;0;0;5;1;0;4
83508216;"17/10/16";"Segunda";"18:00:00";"SC";282;"540,8";"CHAPECO";"Outras";"Colisão frontal";"Com Vítimas Feridas";"Pleno dia";"Decrescente";"Chuva";"Simples";"Curva";"Rural";3;0;1;0;2;0;1;2
83508217;"17/10/16";"Segunda";"12:05:00";"MG";381;"494,9";"BETIM";"Falta de atenção";"Queda de motocicleta / bicicleta / veículo";"Com Vítimas Feridas";"Pleno dia";"Crescente";"Sol";"Múltipla";"Reta";"Urbano";1;0;0;1;0;0;1;1
83508218;"17/10/16";"Segunda";"18:50:00";"PB";101;"38";"MAMANGUAPE";"Não guardar distância de segurança";"Colisão traseira";"Com Vítimas Feridas";"Plena noite";"Crescente";"Ceu Claro";"Dupla";"Reta";"Urbano";3;0;1;0;2;0;1;2
83508219;"17/10/16";"Segunda";"14:15:00";"PR";369;"511";"CASCAVEL";"Outras";"Colisão traseira";"Sem Vítimas";"Pleno dia";"Decrescente";"Nublado";"Simples";"Reta";"Rural";4;0;0;0;4;0;0;3
83508220;"17/10/16";"Segunda";"16:10:00";"PE";408;"86,8";"SAO LOURENCO DA MATA";"Dormindo";"Colisão com objeto fixo";"Com Vítimas Feridas";"Pleno dia";"Decrescente";"Sol";"Dupla";"Reta";"Rural";1;0;1;0;0;0;1;1
83508221;"17/10/16";"Segunda";"17:00:00";"PE";232;"421";"SERRA TALHADA";"Defeito mecânico em veículo";"Saída de Pista";"Sem Vítimas";"Pleno dia";"Decrescente";"Ceu Claro";"Simples";"Reta";"Rural";1;0;0;0;1;0;0;1
83508222;"17/10/16";"Segunda";"06:40:00";"GO";50;"307,9";"CUMARI";"Dormindo";"Colisão Transversal";"Sem Vítimas";"Amanhecer";"Decrescente";"Ceu Claro";"Simples";"Curva";"Rural";4;0;0;0;4;0;0;2
83508223;"17/10/16";"Segunda";"18:50:00";"MT";70;"529";"VARZEA GRANDE";"Falta de atenção";"Queda de motocicleta / bicicleta / veículo";"Com Vítimas Feridas";"Plena noite";"Crescente";"Ceu Claro";"Simples";"Reta";"Rural";2;0;1;0;1;0;1;1
83508224;"12/10/16";"Quarta";"22:30:00";"PE";232;"444";"SERRA TALHADA";"Dormindo";"Saída de Pista";"Sem Vítimas";"Plena noite";"Crescente";"Ceu Claro";"Simples";"Reta";"Rural";1;0;0;0;1;0;0;1
83508225;"17/10/16";"Segunda";"20:30:00";"SC";101;"200";"SAO JOSE";"Outras";"Colisão traseira";"Com Vítimas Feridas";"Plena noite";"Crescente";"Chuva";"Dupla";"Reta";"Urbano";2;0;1;0;1;0;1;2
83508226;"02/10/16";"Domingo";"20:00:00";"GO";40;"69,2";"CRISTALINA";"Outras";"Saída de Pista";"Com Vítimas Feridas";"Plena noite";"Decrescente";"Chuva";"Simples";"Reta";"Rural";1;0;1;0;0;0;1;1
83508227;"17/10/16";"Segunda";"08:00:00";"MG";116;"277";"TEOFILO OTONI";"Falta de atenção";"Colisão lateral";"Sem Vítimas";"Plena noite";"Crescente";"Ceu Claro";"Dupla";"Reta";"Rural";2;0;0;0;2;0;0;2
83508228;"17/10/16";"Segunda";"20:00:00";"SC";101;"211,4";"PALHOCA";"Outras";"Colisão lateral";"Sem Vítimas";"Plena noite";"Crescente";"Chuva";"Múltipla";"Reta";"Urbano";2;0;0;0;1;1;0;2
83508229;"17/10/16";"Segunda";"11:00:00";"SP";116;"223";"GUARULHOS";"Não guardar distância de segurança";"Colisão com objeto fixo";"Com Vítimas Feridas";"Pleno dia";"Crescente";"Sol";"Múltipla";"Reta";"Urbano";1;0;1;0;0;0;1;1
83508230;"17/10/16";"Segunda";"10:00:00";"MG";365;"440,9";"GUIMARANIA";"Ultrapassagem indevida";"Colisão lateral";"Com Vítimas Feridas";"Pleno dia";"Crescente";"Ceu Claro";"Simples";"Curva";"Rural";5;0;3;0;2;0;3;3
83508231;"07/10/16";"Sexta";"18:00:00";"PB";104;"113,2";"LAGOA SECA";"Ingestão de álcool";"Colisão traseira";"Sem Vítimas";"Plena noite";"Crescente";"Ceu Claro";"Simples";"Reta";"Urbano";3;0;0;0;3;0;0;3
83508232;"17/10/16";"Segunda";"17:00:00";"SE";101;"58,5";"ROSARIO DO CATETE";"Outras";"Capotamento";"Com Vítimas Feridas";"Anoitecer";"Crescente";"Ceu Claro";"Simples";"Cruzamento";"Rural";2;0;1;0;1;0;1;2
83508233;"17/10/16";"Segunda";"19:30:00";"SC";101;"211,4";"PALHOCA";"Outras";"Colisão lateral";"Sem Vítimas";"Plena noite";"Crescente";"Chuva";"Múltipla";"Reta";"Urbano";2;0;0;0;2;0;0;2
83508234;"17/10/16";"Segunda";"19:00:00";"CE";20;"406,6";"CAUCAIA";"Outras";"Saída de Pista";"Ignorado";"Plena noite";"Decrescente";"Ceu Claro";"Múltipla";"Curva";"Urbano";1;0;0;0;0;1;0;1
83508235;"17/10/16";"Segunda";"21:10:00";"PR";272;"361";"CAMPO MOURAO";"Desobediência à sinalização";"Colisão lateral";"Com Vítimas Feridas";"Plena noite";"Decrescente";"Ceu Claro";"Simples";"Cruzamento";"Urbano";3;0;1;0;2;0;1;2
83508236;"17/10/16";"Segunda";"19:20:00";"BA";101;"875,7";"TEIXEIRA DE FREITAS";"Outras";"Colisão lateral";"Com Vítimas Feridas";"Plena noite";"Decrescente";"Ceu Claro";"Simples";"Reta";"Urbano";2;0;0;1;1;0;1;2
83508237;"17/10/16";"Segunda";"17:55:00";"MG";354;"752,9";"ITAMONTE";"Falta de atenção";"Queda de motocicleta / bicicleta / veículo";"Com Vítimas Fatais";"Anoitecer";"Decrescente";"Nublado";"Simples";"Reta";"Urbano";4;1;0;0;2;1;0;3
83508238;"17/10/16";"Segunda";"10:30:00";"ES";101;"8,9";"PEDRO CANARIO";"Outras";"Saída de Pista";"Com Vítimas Feridas";"Pleno dia";"Crescente";"Ceu Claro";"Simples";"Reta";"Rural";1;0;1;0;0;0;1;1
83508239;"17/10/16";"Segunda";"18:20:00";"BA";324;"488,8";"SANTA BARBARA";"Outras";"Incêndio";"Sem Vítimas";"Plena noite";"Crescente";"Ceu Claro";"Simples";"Reta";"Rural";2;0;0;0;2;0;0;1
83508240;"17/10/16";"Segunda";"18:30:00";"SP";116;"104,6";"TAUBATE";"Outras";"Colisão traseira";"Sem Vítimas";"Anoitecer";"Crescente";"Chuva";"Dupla";"Reta";"Urbano";2;0;0;0;2;0;0;2
83508241;"17/10/16";"Segunda";"18:15:00";"PR";277;"344";"GUARAPUAVA";"Não guardar distância de segurança";"Colisão traseira";"Sem Vítimas";"Anoitecer";"Decrescente";"Nublado";"Simples";"Reta";"Urbano";5;0;0;0;4;1;0;5
83508242;"17/10/16";"Segunda";"08:00:00";"MG";116;"418,6";"GOVERNADOR VALADARES";"Falta de atenção";"Colisão Transversal";"Com Vítimas Feridas";"Pleno dia";"Crescente";"Ceu Claro";"Simples";"Reta";"Urbano";2;0;0;1;1;0;1;2
83508243;"17/10/16";"Segunda";"18:30:00";"PE";232;"411,8";"SERRA TALHADA";"Falta de atenção";"Colisão Transversal";"Com Vítimas Feridas";"Anoitecer";"Crescente";"Ceu Claro";"Simples";"Reta";"Urbano";2;0;0;1;1;0;1;2
83508244;"15/10/16";"Sábado";"17:25:00";"RO";364;"677";"PORTO VELHO";"Falta de atenção";"Colisão lateral";"Com Vítimas Feridas";"Plena noite";"Decrescente";"Ceu Claro";"Simples";"Reta";"Rural";2;0;1;0;1;0;1;2
83508245;"17/10/16";"Segunda";"09:10:00";"RN";406;"29";"GUAMARE";"Outras";"Colisão Transversal";"Com Vítimas Feridas";"Pleno dia";"Decrescente";"Ceu Claro";"Simples";"Reta";"Rural";3;0;1;1;1;0;2;2
83508246;"17/10/16";"Segunda";"18:00:00";"RN";101;"27,4";"RIO DO FOGO";"Animais na Pista";"Atropelamento de animal";"Com Vítimas Feridas";"Anoitecer";"Crescente";"Ceu Claro";"Simples";"Reta";"Rural";2;0;1;1;0;0;2;1
83508247;"17/10/16";"Segunda";"17:45:00";"PE";104;"38,7";"CARUARU";"Falta de atenção";"Atropelamento de animal";"Com Vítimas Feridas";"Anoitecer";"Decrescente";"Ceu Claro";"Dupla";"Reta";"Rural";2;0;1;0;1;0;1;1
83508248;"17/10/16";"Segunda";"13:00:00";"MS";262;"13";"TRES LAGOAS";"Ingestão de álcool";"Colisão traseira";"Com Vítimas Feridas";"Pleno dia";"Crescente";"Ceu Claro";"Simples";"Reta";"Urbano";2;0;1;0;1;0;1;2
83508249;"17/10/16";"Segunda";"16:50:00";"RS";116;"153,7";"CAXIAS DO SUL";"Velocidade incompatível";"Tombamento";"Sem Vítimas";"Pleno dia";"Decrescente";"Chuva";"Dupla";"Cruzamento";"Urbano";1;0;0;0;1;0;0;1
83508250;"17/10/16";"Segunda";"16:30:00";"ES";101;"298,3";"VIANA";"Outras";"Queda de motocicleta / bicicleta / veículo";"Com Vítimas Feridas";"Pleno dia";"Crescente";"Ceu Claro";"Dupla";"Reta";"Urbano";1;0;0;1;0;0;1;1
83508251;"17/10/16";"Segunda";"17:00:00";"PE";232;"36";"MORENO";"Outras";"Colisão traseira";"Sem Vítimas";"Pleno dia";"Decrescente";"Ceu Claro";"Dupla";"Reta";"Urbano";2;0;0;0;2;0;0;2
83508252;"17/10/16";"Segunda";"16:15:00";"PR";376;"323,9";"ORTIGUEIRA";"Velocidade incompatível";"Saída de Pista";"Com Vítimas Feridas";"Pleno dia";"Crescente";"Chuva";"Simples";"Curva";"Rural";1;0;1;0;0;0;1;1
83508253;"17/10/16";"Segunda";"18:45:00";"SC";470;"36,8";"GASPAR";"Não guardar distância de segurança";"Colisão traseira";"Com Vítimas Feridas";"Pleno dia";"Crescente";"Chuva";"Simples";"Reta";"Urbano";2;0;0;1;1;0;1;2
83508254;"15/10/16";"Sábado";"21:45:00";"GO";153;"132,4";"ESTRELA DO NORTE";"Outras";"Colisão traseira";"Com Vítimas Fatais";"Plena noite";"Crescente";"Ceu Claro";"Simples";"Reta";"Rural";2;1;0;0;1;0;0;2
83508255;"17/10/16";"Segunda";"19:05:00";"SC";470;"34,4";"GASPAR";"Não guardar distância de segurança";"Colisão traseira";"Sem Vítimas";"Anoitecer";"Crescente";"Chuva";"Simples";"Reta";"Urbano";2;0;0;0;2;0;0;2
83508256;"09/10/16";"Domingo";"17:45:00";"ES";101;"138";"LINHARES";"Falta de atenção";"Queda de motocicleta / bicicleta / veículo";"Com Vítimas Feridas";"Anoitecer";"Crescente";"Ceu Claro";"Múltipla";"Reta";"Rural";2;0;1;1;0;0;2;1
83508257;"17/10/16";"Segunda";"20:00:00";"RJ";101;"459";"ANGRA DOS REIS";"Velocidade incompatível";"Saída de Pista";"Com Vítimas Feridas";"Plena noite";"Decrescente";"Ceu Claro";"Simples";"Curva";"Urbano";4;0;2;0;2;0;2;1
83508258;"17/10/16";"Segunda";"13:30:00";"RO";364;"344";"JI-PARANA";"Falta de atenção";"Queda de motocicleta / bicicleta / veículo";"Com Vítimas Feridas";"Pleno dia";"Crescente";"Ceu Claro";"Dupla";"Reta";"Urbano";2;0;1;0;1;0;1;2
83508259;"13/10/16";"Quinta";"20:30:00";"ES";101;"267,7";"SERRA";"Outras";"Queda de motocicleta / bicicleta / veículo";"Com Vítimas Feridas";"Plena noite";"Crescente";"Ceu Claro";"Dupla";"Reta";"Urbano";2;0;2;0;0;0;2;1
83508260;"17/10/16";"Segunda";"22:30:00";"RS";287;"250,4";"SANTA MARIA";"Desobediência à sinalização";"Colisão Transversal";"Com Vítimas Feridas";"Plena noite";"Crescente";"Nublado";"Simples";"Cruzamento";"Urbano";3;0;2;0;1;0;2;2
83508261;"17/10/16";"Segunda";"19:50:00";"MG";40;"532,5";"BELO HORIZONTE";"Outras";"Capotamento";"Ignorado";"Plena noite";"Crescente";"Ceu Claro";"Dupla";"Reta";"Urbano";1;0;0;0;0;1;0;1
83508262;"17/10/16";"Segunda";"18:30:00";"SC";280;"86,7";"CORUPA";"Falta de atenção";"Colisão frontal";"Com Vítimas Feridas";"Anoitecer";"Decrescente";"Chuva";"Simples";"Curva";"Urbano";2;0;1;1;0;0;2;2
83508263;"17/10/16";"Segunda";"21:20:00";"RS";116;"249";"SAO LEOPOLDO";"Outras";"Tombamento";"Com Vítimas Feridas";"Plena noite";"Decrescente";"Nublado";"Dupla";"Reta";"Urbano";1;0;1;0;0;0;1;1
83508264;"15/05/16";"Domingo";"02:05:00";"PE";101;"41,8";"IGARASSU";"Ingestão de álcool";"Colisão com objeto fixo";"Com Vítimas Fatais";"Plena noite";"Crescente";"Ceu Claro";"Múltipla";"Reta";"Urbano";3;1;0;0;1;1;0;1
83508265;"17/10/16";"Segunda";"18:00:00";"PE";101;"10";"GOIANA";"Outras";"Colisão traseira";"Com Vítimas Fatais";"Plena noite";"Crescente";"Vento";"Múltipla";"Reta";"Rural";2;1;0;0;1;0;0;2
83508266;"17/10/16";"Segunda";"19:30:00";"PI";316;"38";"LAGOA DO PIAUI";"Não guardar distância de segurança";"Colisão traseira";"Com Vítimas Feridas";"Plena noite";"Decrescente";"Ceu Claro";"Simples";"Reta";"Rural";3;0;1;0;2;0;1;2
83508267;"17/10/16";"Segunda";"20:40:00";"MS";163;"620,1";"SAO GABRIEL DO OESTE";"Outras";"Queda de motocicleta / bicicleta / veículo";"Com Vítimas Feridas";"Plena noite";"Crescente";"Nublado";"Dupla";"Reta";"Rural";1;0;1;0;0;0;1;1
83508268;"17/10/16";"Segunda";"15:30:00";"ES";101;"264,1";"SERRA";"Desobediência à sinalização";"Colisão Transversal";"Com Vítimas Feridas";"Pleno dia";"Decrescente";"Sol";"Dupla";"Cruzamento";"Urbano";2;0;1;0;1;0;1;2
83508269;"14/10/16";"Sexta";"19:30:00";"MT";163;"694";"SORRISO";"Falta de atenção";"Colisão Transversal";"Sem Vítimas";"Anoitecer";"Decrescente";"Ceu Claro";"Simples";"Cruzamento";"Rural";2;0;0;0;2;0;0;2
83508270;"17/10/16";"Segunda";"21:00:00";"BA";242;"207";"ITABERABA";"Animais na Pista";"Atropelamento de animal";"Sem Vítimas";"Plena noite";"Crescente";"Ceu Claro";"Simples";"Reta";"Rural";1;0;0;0;1;0;0;1
83508271;"17/10/16";"Segunda";"21:45:00";"GO";153;"496";"GOIANIA";"Falta de atenção";"Colisão lateral";"Com Vítimas Feridas";"Plena noite";"Decrescente";"Ceu Claro";"Dupla";"Reta";"Urbano";2;0;1;0;1;0;1;2
83508272;"17/10/16";"Segunda";"22:00:00";"PR";476;"120";"COLOMBO";"Outras";"Queda de motocicleta / bicicleta / veículo";"Com Vítimas Feridas";"Plena noite";"Crescente";"Chuva";"Múltipla";"Reta";"Urbano";1;0;0;1;0;0;1;1
83508273;"01/10/16";"Sábado";"16:00:00";"MG";40;"457,5";"CAETANOPOLIS";"Outras";"Capotamento";"Com Vítimas Feridas";"Pleno dia";"Decrescente";"Chuva";"Dupla";"Curva";"Rural";3;0;2;0;1;0;2;1
83508274;"17/10/16";"Segunda";"18:50:00";"PI";316;"312,6";"PICOS";"Falta de atenção";"Colisão lateral";"Com Vítimas Feridas";"Plena noite";"Crescente";"Ceu Claro";"Simples";"Reta";"Urbano";2;0;1;1;0;0;2;2
83508275;"17/10/16";"Segunda";"22:20:00";"MG";116;"245";"TEOFILO OTONI";"Outras";"Derramamento de Carga";"Sem Vítimas";"Plena noite";"Decrescente";"Nublado";"Simples";"Curva";"Rural";2;0;0;0;1;1;0;2
83508276;"17/10/16";"Segunda";"22:30:00";"MT";158;"769,7";"BARRA DO GARCAS";"Animais na Pista";"Atropelamento de animal";"Sem Vítimas";"Plena noite";"Crescente";"Ceu Claro";"Simples";"Reta";"Rural";1;0;0;0;1;0;0;1
83508277;"17/10/16";"Segunda";"10:00:00";"RJ";465;"21";"NOVA IGUACU";"Falta de atenção";"Colisão lateral";"Com Vítimas Feridas";"Pleno dia";"Crescente";"Ceu Claro";"Simples";"Reta";"Urbano";2;0;0;1;1;0;1;2
83508278;"17/10/16";"Segunda";"18:20:00";"AC";364;"139";"RIO BRANCO";"Falta de atenção";"Colisão lateral";"Sem Vítimas";"Anoitecer";"Decrescente";"Ceu Claro";"Dupla";"Curva";"Urbano";2;0;0;0;2;0;0;2
83508279;"17/10/16";"Segunda";"18:15:00";"MG";381;"382";"SAO GONCALO DO RIO ABAIXO";"Defeito mecânico em veículo";"Colisão frontal";"Sem Vítimas";"Anoitecer";"Crescente";"Ceu Claro";"Simples";"Reta";"Urbano";2;0;0;0;2;0;0;2
83508280;"02/10/16";"Domingo";"02:30:00";"MG";40;"503,9";"ESMERALDAS";"Outras";"Derramamento de Carga";"Sem Vítimas";"Plena noite";"Crescente";"Nublado";"Dupla";"Reta";"Rural";1;0;0;0;1;0;0;1
83508281;"17/10/16";"Segunda";"16:30:00";"RS";285;"151,1";"MUITOS CAPOES";"Velocidade incompatível";"Saída de Pista";"Sem Vítimas";"Pleno dia";"Crescente";"Chuva";"Simples";"Curva";"Rural";1;0;0;0;1;0;0;1
83508282;"17/10/16";"Segunda";"17:40:00";"PE";101;"41";"IGARASSU";"Falta de atenção";"Colisão traseira";"Com Vítimas Feridas";"Anoitecer";"Crescente";"Ceu Claro";"Simples";"Reta";"Urbano";6;0;3;0;3;0;3;3
83508283;"17/10/16";"Segunda";"14:20:00";"BA";324;"521";"FEIRA DE SANTANA";"Outras";"Atropelamento de pessoa";"Com Vítimas Feridas";"Pleno dia";"Decrescente";"Ceu Claro";"Dupla";"Reta";"Rural";2;0;0;1;1;0;1;1
83508284;"13/10/16";"Quinta";"18:40:00";"RN";304;"56,2";"MOSSORO";"Outras";"Queda de motocicleta / bicicleta / veículo";"Com Vítimas Feridas";"Plena noite";"Crescente";"Ceu Claro";"Simples";"Reta";"Rural";1;0;0;1;0;0;1;1
83508285;"17/10/16";"Segunda";"19:00:00";"BA";415;"32";"ILHEUS";"Ultrapassagem indevida";"Queda de motocicleta / bicicleta / veículo";"Com Vítimas Feridas";"Plena noite";"Crescente";"Ceu Claro";"Simples";"Reta";"Rural";2;0;2;0;0;0;2;1
83508286;"17/10/16";"Segunda";"16:00:00";"SP";153;"161,8";"PROMISSAO";"Falta de atenção";"Colisão Transversal";"Com Vítimas Fatais";"Pleno dia";"Crescente";"Ceu Claro";"Simples";"Cruzamento";"Rural";2;1;0;0;1;0;0;2
83508287;"13/10/16";"Quinta";"09:10:00";"SP";116;"565,9";"BARRA DO TURVO";"Velocidade incompatível";"Capotamento";"Sem Vítimas";"Pleno dia";"Crescente";"Chuva";"Dupla";"Curva";"Rural";2;0;0;0;2;0;0;1
83508288;"17/10/16";"Segunda";"11:40:00";"MS";262;"0,4";"TRES LAGOAS";"Falta de atenção";"Colisão lateral";"Com Vítimas Feridas";"Pleno dia";"Decrescente";"Ceu Claro";"Dupla";"Reta";"Urbano";4;0;2;0;2;0;2;3
83508289;"17/06/16";"Sexta";"21:10:00";"GO";20;"74";"VILA BOA";"Outras";"Atropelamento de pessoa";"Com Vítimas Feridas";"Plena noite";"Crescente";"Ceu Claro";"Simples";"Reta";"Urbano";2;0;1;0;1;0;1;1
83508290;"06/10/16";"Quinta";"03:30:00";"MG";153;"42";"CENTRALINA";"Dormindo";"Saída de Pista";"Sem Vítimas";"Plena noite";"Crescente";"Ceu Claro";"Dupla";"Curva";"Rural";1;0;0;0;1;0;0;1
83508291;"17/10/16";"Segunda";"15:50:00";"SC";470;"45,7";"GASPAR";"Ultrapassagem indevida";"Colisão lateral";"Com Vítimas Feridas";"Pleno dia";"Crescente";"Sol";"Simples";"Reta";"Rural";4;0;1;1;2;0;2;3
83508292;"13/10/16";"Quinta";"21:20:00";"RN";304;"117,4";"ITAJA";"Animais na Pista";"Atropelamento de animal";"Com Vítimas Feridas";"Plena noite";"Crescente";"Ceu Claro";"Simples";"Reta";"Rural";1;0;1;0;0;0;1;1
83508293;"18/10/16";"Terça";"00:45:00";"MG";153;"219,9";"FRUTAL";"Dormindo";"Colisão traseira";"Com Vítimas Feridas";"Plena noite";"Crescente";"Nublado";"Simples";"Reta";"Urbano";2;0;0;1;1;0;1;2
83508294;"17/10/16";"Segunda";"10:20:00";"PB";230;"32,6";"BAYEUX";"Falta de atenção";"Atropelamento de pessoa";"Com Vítimas Feridas";"Pleno dia";"Decrescente";"Sol";"Dupla";"Reta";"Urbano";2;0;0;1;1;0;1;1
83508295;"17/10/16";"Segunda";"18:30:00";"SC";470;"91,5";"ASCURRA";"Falta de atenção";"Colisão Transversal";"Com Vítimas Feridas";"Anoitecer";"Decrescente";"Nublado";"Simples";"Reta";"Rural";3;0;1;0;2;0;1;2
83508296;"17/10/16";"Segunda";"20:30:00";"GO";40;"41";"LUZIANIA";"Outras";"Saída de Pista";"Com Vítimas Feridas";"Plena noite";"Decrescente";"Ceu Claro";"Simples";"Curva";"Rural";1;0;1;0;0;0;1;1
83508297;"17/10/16";"Segunda";"23:45:00";"PE";101;"71,8";"RECIFE";"Outras";"Atropelamento de pessoa";"Com Vítimas Feridas";"Pleno dia";"Decrescente";"Ceu Claro";"Dupla";"Reta";"Urbano";2;0;0;1;0;1;1;1
83508298;"17/10/16";"Segunda";"20:30:00";"SP";459;"17";"PIQUETE";"Outras";"Colisão lateral";"Com Vítimas Feridas";"Plena noite";"Crescente";"Ceu Claro";"Simples";"Curva";"Rural";2;0;0;1;1;0;1;2
83508299;"17/10/16";"Segunda";"22:50:00";"MG";135;"482,6";"JOAQUIM FELICIO";"Velocidade incompatível";"Colisão traseira";"Sem Vítimas";"Plena noite";"Crescente";"Ceu Claro";"Simples";"Curva";"Rural";2;0;0;0;2;0;0;2
83508300;"14/10/16";"Sexta";"05:00:00";"MG";262;"749";"SACRAMENTO";"Dormindo";"Saída de Pista";"Com Vítimas Feridas";"Amanhecer";"Decrescente";"Chuva";"Simples";"Curva";"Rural";1;0;1;0;0;0;1;1
83508301;"17/10/16";"Segunda";"21:25:00";"SP";116;"119,1";"TAUBATE";"Falta de atenção";"Colisão traseira";"Com Vítimas Feridas";"Plena noite";"Decrescente";"Nublado";"Dupla";"Reta";"Rural";4;0;1;2;1;0;3;3
83508302;"18/10/16";"Terça";"04:00:00";"MG";381;"946,5";"EXTREMA";"Velocidade incompatível";"Tombamento";"Sem Vítimas";"Plena noite";"Crescente";"Nublado";"Dupla";"Curva";"Rural";1;0;0;0;1;0;0;1
83508303;"18/10/16";"Terça";"03:40:00";"MS";163;"433,5";"CAMPO GRANDE";"Velocidade incompatível";"Saída de Pista";"Sem Vítimas";"Plena noite";"Decrescente";"Ceu Claro";"Simples";"Reta";"Rural";1;0;0;0;1;0;0;1