"id";"data_inversa";"dia_semana";"horario";"uf";"br";"km";"municipio";"causa_acidente";"tipo_acidente";"classificacao_acidente";"fase_dia";"sentido_via";"condicao_metereologica";"tipo_pista";"tracado_via";"uso_solo";"pessoas";"mortos";"feridos_leves";"feridos_graves";"ilesos";"ignorados";"feridos";"veiculos"
83508417;"08/10/16";"Sábado";"19:20:00";"SP";116;"207,3";"GUARULHOS";"Outras";"Saída de Pista";"Com Vítimas Feridas";"Plena noite";"Crescente";"Nublado";"Dupla";"Reta";"Urbano";2;0;2;0;0;0;2;1
83508418;"14/10/16";"Sexta";"08:00:00";"RO";364;"384";"OURO PRETO DO OESTE";"Falta de atenção";"Colisão traseira";"Sem Vítimas";"Pleno dia";"Crescente";"Sol";"Simples";"Reta";"Urbano";2;0;0;0;2;0;0;2
83508419;"15/10/16";"Sábado";"17:40:00";"DF";20;"20,9";"BRASILIA";"Outras";"Saída de Pista";"Com Vítimas Feridas";"Pleno dia";"Decrescente";"Ceu Claro";"Dupla";"Reta";"Urbano";3;0;1;0;2;0;1;1
83508420;"18/10/16";"Terça";"11:10:00";"RS";472;"586";"URUGUAIANA";"Defeito na via";"Saída de Pista";"Sem Vítimas";"Pleno dia";"Decrescente";"Chuva";"Simples";"Curva";"Urbano";2;0;0;0;2;0;0;1
83508421;"18/10/16";"Terça";"10:45:00";"MT";364;"121,5";"PEDRA PRETA";"Falta de atenção";"Colisão traseira";"Sem Vítimas";"Pleno dia";"Crescente";"Ceu Claro";"Simples";"Reta";"Rural";3;0;0;0;3;0;0;3
83508422;"15/10/16";"Sábado";"17:00:00";"MT";70;"214";"GENERAL CARNEIRO";"Ingestão de álcool";"Tombamento";"Com Vítimas Feridas";"Pleno dia";"Decrescente";"Ceu Claro";"Simples";"Curva";"Rural";1;0;1;0;0;0;1;1
83508423;"18/10/16";"Terça";"09:00:00";"MG";40;"629,9";"CONSELHEIRO LAFAIETE";"Falta de atenção";"Colisão Transversal";"Com Vítimas Feridas";"Pleno dia";"Crescente";"Ceu Claro";"Simples";"Reta";"Urbano";3;0;1;0;2;0;1;2
83508424;"18/10/16";"Terça";"15:30:00";"RS";285;"461,7";"IJUI";"Desobediência à sinalização";"Colisão Transversal";"Sem Vítimas";"Pleno dia";"Decrescente";"Chuva";"Simples";"Cruzamento";"Urbano";2;0;0;0;2;0;0;2
83508425;"15/10/16";"Sábado";"23:00:00";"MT";70;"281";"PRIMAVERA DO LESTE";"Outras";"Queda de motocicleta / bicicleta / veículo";"Com Vítimas Feridas";"Plena noite";"Crescente";"Ceu Claro";"Simples";"Reta";"Urbano";2;0;1;0;1;0;1;1
83508426;"18/10/16";"Terça";"09:30:00";"RS";287;"294,6";"SAO PEDRO DO SUL";"Velocidade incompatível";"Saída de Pista";"Sem Vítimas";"Pleno dia";"Decrescente";"Chuva";"Simples";"Reta";"Rural";1;0;0;0;1;0;0;1
83508427;"17/10/16";"Segunda";"18:40:00";"BA";101;"257";"CONCEICAO DO ALMEIDA";"Outras";"Capotamento";"Sem Vítimas";"Plena noite";"Decrescente";"Ceu Claro";"Simples";"Reta";"Rural";1;0;0;0;1;0;0;1
83508428;"18/10/16";"Terça";"08:00:00";"PB";230;"18,3";"JOAO PESSOA";"Falta de atenção";"Colisão traseira";"Com Vítimas Feridas";"Pleno dia";"Decrescente";"Sol";"Dupla";"Reta";"Urbano";2;0;1;0;1;0;1;2
83508429;"17/10/16";"Segunda";"01:10:00";"MG";251;"472,1";"FRANCISCO SA";"Velocidade incompatível";"Tombamento";"Com Vítimas Feridas";"Plena noite";"Crescente";"Ceu Claro";"Simples";"Curva";"Rural";1;0;1;0;0;0;1;1
83508430;"15/10/16";"Sábado";"14:30:00";"PE";428;"189";"PETROLINA";"Falta de atenção";"Colisão traseira";"Com Vítimas Feridas";"Pleno dia";"Crescente";"Ceu Claro";"Simples";"Reta";"Urbano";2;0;1;0;1;0;1;2
83508431;"18/10/16";"Terça";"14:50:00";"MT";163;"742";"SORRISO";"Falta de atenção";"Queda de motocicleta / bicicleta / veículo";"Com Vítimas Feridas";"Pleno dia";"Decrescente";"Ceu Claro";"Simples";"Reta";"Rural";1;0;1;0;0;0;1;1
83508432;"15/10/16";"Sábado";"06:15:00";"TO";153;"579,6";"SANTA RITA DO TOCANTINS";"Velocidade incompatível";"Colisão traseira";"Com Vítimas Feridas";"Amanhecer";"Decrescente";"Ceu Claro";"Simples";"Reta";"Rural";4;0;1;1;2;0;2;3
83508434;"16/10/16";"Domingo";"17:52:00";"MG";40;"52,7";"PARACATU";"Dormindo";"Colisão frontal";"Com Vítimas Fatais";"Anoitecer";"Decrescente";"Ceu Claro";"Simples";"Reta";"Rural";5;1;2;0;2;0;2;3
83508593;"17/10/16";"Segunda";"13:00:00";"PA";316;"171,2";"CAPANEMA";"Outras";"Capotamento";"Com Vítimas Feridas";"Pleno dia";"Decrescente";"Sol";"Simples";"Reta";"Rural";3;0;1;1;0;1;2;2
83508594;"18/10/16";"Terça";"17:00:00";"BA";116;"785,3";"PLANALTO";"Outras";"Capotamento";"Sem Vítimas";"Pleno dia";"Crescente";"Nublado";"Simples";"Reta";"Rural";1;0;0;0;1;0;0;1
83508595;"18/10/16";"Terça";"14:00:00";"RN";226;"12,8";"MACAIBA";"Outras";"Colisão Transversal";"Com Vítimas Feridas";"Pleno dia";"Crescente";"Ceu Claro";"Simples";"Reta";"Urbano";2;0;1;0;1;0;1;2
83508596;"18/10/16";"Terça";"17:10:00";"BA";367;"83";"EUNAPOLIS";"Desobediência à sinalização";"Atropelamento de pessoa";"Com Vítimas Feridas";"Pleno dia";"Crescente";"Ceu Claro";"Simples";"Reta";"Urbano";2;0;0;1;1;0;1;1
83508597;"18/10/16";"Terça";"22:00:00";"SC";470;"193,5";"POUSO REDONDO";"Velocidade incompatível";"Colisão frontal";"Com Vítimas Feridas";"Plena noite";"Crescente";"Chuva";"Simples";"Curva";"Rural";2;0;0;1;1;0;1;2
83508598;"18/10/16";"Terça";"17:40:00";"CE";20;"263";"ITATIRA";"Ultrapassagem indevida";"Colisão frontal";"Com Vítimas Fatais";"Anoitecer";"Crescente";"Ceu Claro";"Simples";"Reta";"Urbano";4;1;0;1;2;0;1;2
83508599;"18/10/16";"Terça";"22:40:00";"MT";70;"532";"VARZEA GRANDE";"Outras";"Saída de Pista";"Com Vítimas Feridas";"Plena noite";"Decrescente";"Nublado";"Simples";"Reta";"Rural";2;0;1;0;1;0;1;1
83508600;"18/10/16";"Terça";"22:40:00";"MS";163;"18";"MUNDO NOVO";"Outras";"Colisão com objeto fixo";"Ignorado";"Plena noite";"Crescente";"Ceu Claro";"Simples";"Curva";"Urbano";2;0;0;0;0;2;0;1
83508601;"18/10/16";"Terça";"18:30:00";"PR";277;"108";"CAMPO LARGO";"Falta de atenção";"Queda de motocicleta / bicicleta / veículo";"Com Vítimas Feridas";"Anoitecer";"Decrescente";"Nublado";"Dupla";"Reta";"Urbano";1;0;1;0;0;0;1;1
83508602;"14/10/16";"Sexta";"20:30:00";"MG";116;"94,5";"MEDINA";"Velocidade incompatível";"Capotamento";"Sem Vítimas";"Plena noite";"Decrescente";"Ceu Claro";"Simples";"Curva";"Rural";1;0;0;0;1;0;0;1
83508603;"18/10/16";"Terça";"19:30:00";"PR";376;"673";"GUARATUBA";"Defeito mecânico em veículo";"Saída de Pista";"Sem Vítimas";"Plena noite";"Crescente";"Nublado";"Dupla";"Reta";"Rural";1;0;0;0;1;0;0;1
83508604;"18/10/16";"Terça";"14:30:00";"MT";364;"266";"JACIARA";"Ultrapassagem indevida";"Colisão frontal";"Com Vítimas Feridas";"Pleno dia";"Crescente";"Ceu Claro";"Simples";"Reta";"Rural";2;0;2;0;0;0;2;2
83508605;"18/10/16";"Terça";"15:30:00";"SE";101;"3";"PROPRIA";"Não guardar distância de segurança";"Colisão traseira";"Sem Vítimas";"Pleno dia";"Crescente";"Sol";"Simples";"Reta";"Rural";2;0;0;0;2;0;0;2
83508606;"18/10/16";"Terça";"14:40:00";"GO";40;"22,1";"LUZIANIA";"Falta de atenção";"Colisão Transversal";"Com Vítimas Feridas";"Pleno dia";"Crescente";"Ceu Claro";"Dupla";"Reta";"Urbano";2;0;1;0;1;0;1;2
83508607;"19/10/16";"Quarta";"00:20:00";"RJ";40;"64";"PETROPOLIS";"Outras";"Colisão com bicicleta";"Com Vítimas Feridas";"Plena noite";"Decrescente";"Ceu Claro";"Dupla";"Reta";"Rural";2;0;0;1;0;1;1;2
83508608;"18/10/16";"Terça";"19:45:00";"PI";343;"6,6";"PARNAIBA";"Animais na Pista";"Atropelamento de animal";"Com Vítimas Feridas";"Plena noite";"Crescente";"Ceu Claro";"Simples";"Reta";"Urbano";1;0;0;1;0;0;1;1
83508610;"18/10/16";"Terça";"23:15:00";"RS";116;"300,2";"GUAIBA";"Falta de atenção";"Colisão traseira";"Com Vítimas Feridas";"Plena noite";"Crescente";"Nublado";"Dupla";"Reta";"Urbano";2;0;1;0;1;0;1;2
83508613;"02/10/16";"Domingo";"16:30:00";"SC";101;"394,9";"CRICIUMA";"Animais na Pista";"Atropelamento de animal";"Com Vítimas Feridas";"Pleno dia";"Crescente";"Ceu Claro";"Dupla";"Reta";"Rural";1;0;1;0;0;0;1;1
83508614;"18/10/16";"Terça";"17:00:00";"GO";60;"102";"ANAPOLIS";"Outras";"Tombamento";"Sem Vítimas";"Pleno dia";"Crescente";"Chuva";"Dupla";"Curva";"Rural";2;0;0;0;2;0;0;1
83508615;"18/10/16";"Terça";"12:20:00";"RS";468;"30";"PALMEIRA DAS MISSOES";"Velocidade incompatível";"Saída de Pista";"Com Vítimas Feridas";"Pleno dia";"Crescente";"Chuva";"Simples";"Curva";"Rural";1;0;1;0;0;0;1;1
83508616;"18/10/16";"Terça";"14:20:00";"PR";376;"204,4";"APUCARANA";"Defeito mecânico em veículo";"Queda de motocicleta / bicicleta / veículo";"Com Vítimas Feridas";"Pleno dia";"Decrescente";"Ceu Claro";"Dupla";"Curva";"Rural";2;0;2;0;0;0;2;1
83508617;"18/10/16";"Terça";"20:00:00";"BA";101;"878";"TEIXEIRA DE FREITAS";"Animais na Pista";"Atropelamento de animal";"Com Vítimas Feridas";"Plena noite";"Decrescente";"Ceu Claro";"Simples";"Reta";"Urbano";1;0;1;0;0;0;1;1
83508618;"18/10/16";"Terça";"09:00:00";"PE";408;"74,5";"PAUDALHO";"Desobediência à sinalização";"Colisão Transversal";"Sem Vítimas";"Pleno dia";"Decrescente";"Ceu Claro";"Múltipla";"Reta";"Urbano";2;0;0;0;2;0;0;2
83508619;"18/10/16";"Terça";"20:00:00";"AL";104;"1,5";"SAO JOSE DA LAJE";"Falta de atenção";"Tombamento";"Sem Vítimas";"Plena noite";"Crescente";"Ceu Claro";"Simples";"Curva";"Rural";1;0;0;0;1;0;0;1
83508620;"18/10/16";"Terça";"11:45:00";"SC";101;"287,8";"IMBITUBA";"Falta de atenção";"Colisão lateral";"Sem Vítimas";"Pleno dia";"Crescente";"Nublado";"Dupla";"Reta";"Urbano";2;0;0;0;2;0;0;2
83508621;"18/10/16";"Terça";"23:00:00";"RO";364;"37";"VILHENA";"Falta de atenção";"Tombamento";"Com Vítimas Feridas";"Plena noite";"Decrescente";"Ceu Claro";"Simples";"Reta";"Rural";2;0;1;0;1;0;1;1
83508622;"18/10/16";"Terça";"17:00:00";"MS";163;"266,8";"DOURADOS";"Falta de atenção";"Queda de motocicleta / bicicleta / veículo";"Com Vítimas Feridas";"Pleno dia";"Decrescente";"Sol";"Dupla";"Reta";"Urbano";1;0;1;0;0;0;1;1
83508623;"18/10/16";"Terça";"11:20:00";"RS";386;"270,5";"FONTOURA XAVIER";"Velocidade incompatível";"Colisão frontal";"Com Vítimas Feridas";"Pleno dia";"Crescente";"Chuva";"Simples";"Curva";"Rural";3;0;1;1;1;0;2;2
83508624;"15/10/16";"Sábado";"14:30:00";"MG";262;"408";"IGARATINGA";"Velocidade incompatível";"Saída de Pista";"Com Vítimas Feridas";"Pleno dia";"Decrescente";"Chuva";"Dupla";"Curva";"Rural";1;0;1;0;0;0;1;1
83508625;"03/10/16";"Segunda";"01:40:00";"RN";406;"168";"SAO GONCALO DO AMARANTE";"Animais na Pista";"Atropelamento de animal";"Sem Vítimas";"Plena noite";"Crescente";"Ceu Claro";"Dupla";"Reta";"Rural";1;0;0;0;1;0;0;1
83508626;"18/10/16";"Terça";"19:30:00";"SE";101;"102";"SAO CRISTOVAO";"Animais na Pista";"Atropelamento de animal";"Sem Vítimas";"Plena noite";"Crescente";"Ceu Claro";"Dupla";"Reta";"Rural";1;0;0;0;1;0;0;1
83508627;"19/10/16";"Quarta";"01:40:00";"MA";135;"0,1";"SAO LUIS";"Outras";"Saída de Pista";"Ignorado";"Plena noite";"Decrescente";"Ceu Claro";"Dupla";"Reta";"Urbano";1;0;0;0;0;1;0;1
83508628;"18/10/16";"Terça";"14:00:00";"SP";381;"33,9";"ATIBAIA";"Velocidade incompatível";"Colisão lateral";"Sem Vítimas";"Pleno dia";"Decrescente";"Ceu Claro";"Múltipla";"Curva";"Urbano";4;0;0;0;4;0;0;4
83508629;"14/10/16";"Sexta";"23:20:00";"RN";406;"107,3";"JOAO CAMARA";"Outras";"Saída de Pista";"Com Vítimas Feridas";"Plena noite";"Decrescente";"Ceu Claro";"Simples";"Reta";"Rural";1;0;0;1;0;0;1;1
83508630;"15/10/16";"Sábado";"04:30:00";"RR";174;"483";"BOA VISTA";"Defeito mecânico em veículo";"Queda de motocicleta / bicicleta / veículo";"Com Vítimas Feridas";"Plena noite";"Decrescente";"Ceu Claro";"Simples";"Curva";"Rural";2;0;1;0;1;0;1;1
83508631;"18/10/16";"Terça";"12:50:00";"RS";287;"284,3";"SAO PEDRO DO SUL";"Velocidade incompatível";"Colisão lateral";"Sem Vítimas";"Pleno dia";"Crescente";"Chuva";"Simples";"Reta";"Rural";2;0;0;0;2;0;0;2
83508632;"18/10/16";"Terça";"17:00:00";"MG";40;"566";"NOVA LIMA";"Outras";"Colisão frontal";"Com Vítimas Fatais";"Pleno dia";"Decrescente";"Chuva";"Simples";"Reta";"Rural";3;1;0;0;2;0;0;2
83508633;"18/10/16";"Terça";"19:30:00";"SC";101;"254";"PAULO LOPES";"Outras";"Colisão lateral";"Sem Vítimas";"Pleno dia";"Crescente";"Nublado";"Dupla";"Curva";"Urbano";2;0;0;0;2;0;0;2
83508634;"18/10/16";"Terça";"18:40:00";"RN";304;"32,1";"MOSSORO";"Outras";"Colisão Transversal";"Com Vítimas Feridas";"Plena noite";"Crescente";"Ceu Claro";"Simples";"Reta";"Urbano";3;0;2;0;1;0;2;2
83508635;"18/10/16";"Terça";"07:30:00";"MT";70;"246";"PRIMAVERA DO LESTE";"Outras";"Saída de Pista";"Com Vítimas Fatais";"Pleno dia";"Decrescente";"Ceu Claro";"Simples";"Reta";"Rural";1;1;0;0;0;0;0;1
83508636;"18/10/16";"Terça";"17:40:00";"SP";116;"302,7";"SAO LOURENCO DA SERRA";"Defeito mecânico em veículo";"Queda de motocicleta / bicicleta / veículo";"Com Vítimas Feridas";"Pleno dia";"Crescente";"Ceu Claro";"Dupla";"Reta";"Rural";1;0;0;1;0;0;1;1
83508637;"18/10/16";"Terça";"17:30:00";"PR";376;"131,5";"NOVA ESPERANCA";"Falta de atenção";"Colisão Transversal";"Com Vítimas Feridas";"Pleno dia";"Decrescente";"Ceu Claro";"Simples";"Reta";"Rural";4;0;0;3;1;0;3;2
83508638;"15/10/16";"Sábado";"05:55:00";"SC";116;"11";"MAFRA";"Dormindo";"Saída de Pista";"Sem Vítimas";"Amanhecer";"Crescente";"Nublado";"Simples";"Reta";"Rural";1;0;0;0;1;0;0;1
83508639;"18/10/16";"Terça";"17:40:00";"PB";230;"21";"JOAO PESSOA";"Não guardar distância de segurança";"Colisão traseira";"Com Vítimas Feridas";"Anoitecer";"Crescente";"Ceu Claro";"Dupla";"Reta";"Urbano";2;0;0;1;1;0;1;2
83508640;"18/10/16";"Terça";"22:00:00";"MG";135;"484";"JOAQUIM FELICIO";"Velocidade incompatível";"Capotamento";"Com Vítimas Feridas";"Plena noite";"Crescente";"Ceu Claro";"Simples";"Reta";"Rural";1;0;1;0;0;0;1;1
83508641;"18/10/16";"Terça";"18:20:00";"SP";116;"488,7";"CAJATI";"Falta de atenção";"Colisão traseira";"Sem Vítimas";"Anoitecer";"Crescente";"Ceu Claro";"Simples";"Reta";"Urbano";3;0;0;0;3;0;0;3
83508642;"18/10/16";"Terça";"08:00:00";"MG";116;"274,5";"TEOFILO OTONI";"Falta de atenção";"Colisão lateral";"Sem Vítimas";"Pleno dia";"Crescente";"Sol";"Dupla";"Reta";"Urbano";2;0;0;0;2;0;0;2
83508643;"18/10/16";"Terça";"12:45:00";"PR";376;"17";"SARANDI";"Velocidade incompatível";"Tombamento";"Sem Vítimas";"Pleno dia";"Crescente";"Ceu Claro";"Dupla";"Curva";"Urbano";1;0;0;0;1;0;0;1
83508644;"14/10/16";"Sexta";"18:15:00";"AL";104;"83";"RIO LARGO";"Outras";"Colisão traseira";"Com Vítimas Feridas";"Plena noite";"Decrescente";"Ceu Claro";"Dupla";"Reta";"Rural";3;0;2;0;0;1;2;2
83508645;"18/10/16";"Terça";"20:00:00";"PR";476;"140";"CURITIBA";"Falta de atenção";"Colisão traseira";"Com Vítimas Feridas";"Plena noite";"Crescente";"Chuva";"Dupla";"Reta";"Urbano";4;0;1;0;3;0;1;2
83508646;"18/10/16";"Terça";"19:00:00";"PB";230;"482,2";"MARIZOPOLIS";"Animais na Pista";"Atropelamento de animal";"Com Vítimas Feridas";"Pleno dia";"Crescente";"Ceu Claro";"Simples";"Reta";"Rural";1;0;1;0;0;0;1;1
83508647;"18/10/16";"Terça";"16:15:00";"MG";381;"531";"ITATIAIUCU";"Outras";"Colisão lateral";"Com Vítimas Feridas";"Pleno dia";"Decrescente";"Ceu Claro";"Dupla";"Reta";"Rural";3;0;1;0;1;1;1;2
83508648;"15/10/16";"Sábado";"22:30:00";"MG";381;"187";"PERIQUITO";"Animais na Pista";"Saída de Pista";"Com Vítimas Feridas";"Plena noite";"Crescente";"Ceu Claro";"Simples";"Reta";"Rural";4;0;0;4;0;0;4;1
83508649;"14/10/16";"Sexta";"12:50:00";"RJ";116;"66";"TERESOPOLIS";"Outras";"Colisão frontal";"Com Vítimas Feridas";"Pleno dia";"Decrescente";"Ceu Claro";"Simples";"Curva";"Urbano";2;0;1;1;0;0;2;2
83508650;"18/10/16";"Terça";"15:40:00";"PR";373;"438,6";"CHOPINZINHO";"Velocidade incompatível";"Saída de Pista";"Com Vítimas Feridas";"Pleno dia";"Decrescente";"Chuva";"Simples";"Curva";"Rural";3;0;1;1;1;0;2;1
83508651;"18/10/16";"Terça";"09:45:00";"SC";101;"182,8";"BIGUACU";"Outras";"Queda de motocicleta / bicicleta / veículo";"Com Vítimas Feridas";"Pleno dia";"Decrescente";"Ceu Claro";"Dupla";"Reta";"Urbano";1;0;0;1;0;0;1;1
83508652;"18/10/16";"Terça";"16:15:00";"SP";116;"488";"CAJATI";"Falta de atenção";"Colisão lateral";"Sem Vítimas";"Pleno dia";"Decrescente";"Sol";"Dupla";"Reta";"Urbano";2;0;0;0;2;0;0;2
83508653;"18/10/16";"Terça";"17:30:00";"SE";235;"3";"ARACAJU";"Não guardar distância de segurança";"Colisão traseira";"Com Vítimas Feridas";"Pleno dia";"Crescente";"Ceu Claro";"Dupla";"Reta";"Urbano";3;0;1;0;2;0;1;2
83508654;"18/10/16";"Terça";"14:00:00";"MG";116;"378";"MATHIAS LOBATO";"Outras";"Colisão Transversal";"Sem Vítimas";"Pleno dia";"Crescente";"Ceu Claro";"Simples";"Reta";"Rural";2;0;0;0;2;0;0;2
83508655;"18/10/16";"Terça";"07:11:00";"PB";230;"23,9";"JOAO PESSOA";"Não guardar distância de segurança";"Colisão traseira";"Com Vítimas Fatais";"Pleno dia";"Decrescente";"Sol";"Dupla";"Reta";"Urbano";5;1;1;0;3;0;1;3
83508656;"18/10/16";"Terça";"18:30:00";"RO";364;"519";"ARIQUEMES";"Falta de atenção";"Colisão traseira";"Com Vítimas Feridas";"Anoitecer";"Decrescente";"Ceu Claro";"Simples";"Cruzamento";"Rural";2;0;1;0;1;0;1;2
83508657;"15/10/16";"Sábado";"03:30:00";"SP";116;"282";"EMBU";"Velocidade incompatível";"Saída de Pista";"Com Vítimas Fatais";"Plena noite";"Decrescente";"Nublado";"Dupla";"Reta";"Urbano";2;1;1;0;0;0;1;1
83508658;"11/09/16";"Domingo";"20:00:00";"RJ";101;"48";"CAMPOS DOS GOYTACAZES";"Outras";"Colisão com bicicleta";"Com Vítimas Feridas";"Plena noite";"Crescente";"Ceu Claro";"Simples";"Reta";"Rural";2;0;1;0;1;0;1;2
83508659;"15/10/16";"Sábado";"04:25:00";"RJ";116;"77";"TERESOPOLIS";"Outras";"Capotamento";"Sem Vítimas";"Plena noite";"Crescente";"Ceu Claro";"Simples";"Reta";"Urbano";2;0;0;0;2;0;0;1
83508660;"18/10/16";"Terça";"15:30:00";"MG";116;"804";"ALEM PARAIBA";"Falta de atenção";"Colisão Transversal";"Sem Vítimas";"Pleno dia";"Crescente";"Ceu Claro";"Simples";"Reta";"Rural";2;0;0;0;2;0;0;2
83508662;"19/10/16";"Quarta";"00:20:00";"CE";222;"162,8";"IRAUCUBA";"Não guardar distância de segurança";"Colisão traseira";"Sem Vítimas";"Plena noite";"Crescente";"Ceu Claro";"Simples";"Reta";"Rural";2;0;0;0;2;0;0;2
83508663;"18/10/16";"Terça";"14:00:00";"RS";392;"211,1";"SANTANA DA BOA VISTA";"Falta de atenção";"Saída de Pista";"Sem Vítimas";"Pleno dia";"Crescente";"Chuva";"Simples";"Reta";"Rural";2;0;0;0;2;0;0;1
83508664;"18/10/16";"Terça";"20:40:00";"MT";364;"57";"ALTO GARCAS";"Falta de atenção";"Saída de Pista";"Com Vítimas Feridas";"Plena noite";"Decrescente";"Ceu Claro";"Simples";"Reta";"Rural";1;0;1;0;0;0;1;1
83508665;"25/09/16";"Domingo";"05:00:00";"SC";470;"70,9";"INDAIAL";"Falta de atenção";"Saída de Pista";"Sem Vítimas";"Amanhecer";"Decrescente";"Nublado";"Simples";"Cruzamento";"Urbano";1;0;0;0;1;0;0;1
83508666;"18/10/16";"Terça";"19:50:00";"BA";116;"13";"VITORIA DA CONQUISTA";"Outras";"Colisão Transversal";"Sem Vítimas";"Plena noite";"Decrescente";"Ceu Claro";"Simples";"Reta";"Urbano";2;0;0;0;2;0;0;2
83508667;"19/10/16";"Quarta";"05:00:00";"SP";116;"226";"GUARULHOS";"Velocidade incompatível";"Colisão traseira";"Com Vítimas Feridas";"Plena noite";"Decrescente";"Nublado";"Múltipla";"Reta";"Urbano";2;0;1;0;1;0;1;2
83508668;"18/10/16";"Terça";"15:30:00";"MG";381;"181";"GOVERNADOR VALADARES";"Defeito mecânico em veículo";"Capotamento";"Com Vítimas Feridas";"Pleno dia";"Decrescente";"Ceu Claro";"Simples";"Curva";"Rural";1;0;1;0;0;0;1;1
83508669;"18/10/16";"Terça";"21:30:00";"BA";116;"824";"VITORIA DA CONQUISTA";"Falta de atenção";"Colisão lateral";"Sem Vítimas";"Plena noite";"Crescente";"Ceu Claro";"Dupla";"Reta";"Urbano";2;0;0;0;2;0;0;2
83508670;"18/10/16";"Terça";"15:20:00";"PR";277;"589";"CASCAVEL";"Desobediência à sinalização";"Colisão Transversal";"Com Vítimas Feridas";"Pleno dia";"Decrescente";"Ceu Claro";"Simples";"Reta";"Urbano";3;0;2;0;1;0;2;2
83508671;"18/10/16";"Terça";"14:30:00";"RS";285;"486,7";"ENTRE IJUIS";"Defeito na via";"Saída de Pista";"Com Vítimas Feridas";"Pleno dia";"Crescente";"Chuva";"Múltipla";"Curva";"Rural";2;0;1;0;1;0;1;1
83508672;"16/10/16";"Domingo";"02:00:00";"SP";116;"159";"JACAREI";"Outras";"Colisão traseira";"Sem Vítimas";"Plena noite";"Crescente";"Nublado";"Dupla";"Reta";"Urbano";2;0;0;0;1;1;0;2
83508673;"19/10/16";"Quarta";"04:00:00";"BA";116;"426,6";"FEIRA DE SANTANA";"Animais na Pista";"Atropelamento de animal";"Sem Vítimas";"Amanhecer";"Crescente";"Ceu Claro";"Simples";"Reta";"Urbano";1;0;0;0;1;0;0;1
83508674;"18/10/16";"Terça";"21:30:00";"MS";163;"626";"SAO GABRIEL DO OESTE";"Falta de atenção";"Colisão traseira";"Com Vítimas Fatais";"Plena noite";"Crescente";"Ceu Claro";"Simples";"Reta";"Rural";4;1;0;2;1;0;2;2
83508675;"18/10/16";"Terça";"14:00:00";"BA";407;"231";"CAPIM GROSSO";"Falta de atenção";"Colisão frontal";"Com Vítimas Feridas";"Pleno dia";"Decrescente";"Ceu Claro";"Simples";"Curva";"Urbano";2;0;0;1;1;0;1;2
83508676;"16/10/16";"Domingo";"21:00:00";"SC";101;"231";"PALHOCA";"Falta de atenção";"Colisão traseira";"Sem Vítimas";"Plena noite";"Decrescente";"Chuva";"Dupla";"Reta";"Urbano";2;0;0;0;2;0;0;2
83508677;"16/10/16";"Domingo";"01:55:00";"PR";376;"161,1";"MARINGA";"Velocidade incompatível";"Colisão traseira";"Sem Vítimas";"Plena noite";"Crescente";"Ceu Claro";"Dupla";"Reta";"Urbano";2;0;0;0;2;0;0;2
83508678;"18/10/16";"Terça";"03:30:00";"BA";324;"512";"FEIRA DE SANTANA";"Outras";"Colisão com objeto fixo";"Sem Vítimas";"Plena noite";"Crescente";"Ceu Claro";"Simples";"Reta";"Urbano";1;0;0;0;1;0;0;1
83508679;"11/10/16";"Terça";"16:55:00";"MG";116;"576,3";"MANHUACU";"Velocidade incompatível";"Tombamento";"Com Vítimas Feridas";"Anoitecer";"Crescente";"Ceu Claro";"Simples";"Curva";"Rural";1;0;1;0;0;0;1;1
83508680;"10/10/16";"Segunda";"06:40:00";"CE";116;"17";"EUSEBIO";"Falta de atenção";"Atropelamento de pessoa";"Com Vítimas Feridas";"Pleno dia";"Decrescente";"Ceu Claro";"Dupla";"Reta";"Urbano";2;0;2;0;0;0;2;1
83508681;"13/10/16";"Quinta";"22:30:00";"MG";40;"435";"PARAOPEBA";"Velocidade incompatível";"Colisão traseira";"Com Vítimas Fatais";"Plena noite";"Decrescente";"Ceu Claro";"Dupla";"Reta";"Rural";6;2;0;2;2;0;2;2
83508682;"19/10/16";"Quarta";"04:30:00";"AL";316;"197,4";"MARIBONDO";"Dormindo";"Colisão frontal";"Com Vítimas Feridas";"Amanhecer";"Crescente";"Ceu Claro";"Simples";"Reta";"Rural";2;0;0;1;1;0;1;2
83508683;"15/10/16";"Sábado";"20:00:00";"RN";101;"160,5";"CANGUARETAMA";"Desobediência à sinalização";"Colisão frontal";"Com Vítimas Feridas";"Plena noite";"Decrescente";"Ceu Claro";"Dupla";"Reta";"Urbano";2;0;0;1;1;0;1;2
83508684;"19/10/16";"Quarta";"08:03:00";"SC";101;"210,9";"SAO JOSE";"Falta de atenção";"Colisão lateral";"Com Vítimas Feridas";"Pleno dia";"Decrescente";"Ceu Claro";"Simples";"Reta";"Urbano";2;0;1;0;1;0;1;2
83508685;"19/10/16";"Quarta";"06:35:00";"RJ";393;"178";"PARAIBA DO SUL";"Outras";"Colisão Transversal";"Com Vítimas Feridas";"Amanhecer";"Crescente";"Ceu Claro";"Simples";"Reta";"Urbano";2;0;1;0;1;0;1;2
83508686;"17/10/16";"Segunda";"16:00:00";"RS";290;"198,9";"RIO PARDO";"Outras";"Saída de Pista";"Sem Vítimas";"Pleno dia";"Decrescente";"Chuva";"Múltipla";"Reta";"Rural";1;0;0;0;1;0;0;1