"id";"data_inversa";"dia_semana";"horario";"uf";"br";"km";"municipio";"causa_acidente";"tipo_acidente";"classificacao_acidente";"fase_dia";"sentido_via";"condicao_metereologica";"tipo_pista";"tracado_via";"uso_solo";"pessoas";"mortos";"feridos_leves";"feridos_graves";"ilesos";"ignorados";"feridos";"veiculos"
83508687;"15/10/16";"Sábado";"15:05:00";"PR";376;"344";"ORTIGUEIRA";"Falta de atenção";"Colisão Transversal";"Sem Vítimas";"Pleno dia";"Decrescente";"Ceu Claro";"Simples";"Curva";"Rural";2;0;0;0;2;0;0;2
83508688;"14/10/16";"Sexta";"22:00:00";"AC";364;"124";"RIO BRANCO";"Falta de atenção";"Colisão traseira";"Sem Vítimas";"Plena noite";"Crescente";"Ceu Claro";"Dupla";"Reta";"Urbano";3;0;0;0;2;1;0;2
83508689;"16/10/16";"Domingo";"02:30:00";"SC";470;"193,6";"POUSO REDONDO";"Dormindo";"Capotamento";"Com Vítimas Feridas";"Plena noite";"Decrescente";"Nublado";"Simples";"Reta";"Rural";4;0;4;0;0;0;4;1
83508690;"14/10/16";"Sexta";"14:40:00";"PR";369;"154";"LONDRINA";"Não guardar distância de segurança";"Colisão traseira";"Com Vítimas Feridas";"Pleno dia";"Decrescente";"Ceu Claro";"Múltipla";"Reta";"Urbano";2;0;1;0;1;0;1;2
83508691;"10/10/16";"Segunda";"17:55:00";"CE";20;"416";"MARACANAU";"Não guardar distância de segurança";"Colisão traseira";"Com Vítimas Feridas";"Anoitecer";"Crescente";"Ceu Claro";"Simples";"Reta";"Urbano";2;0;0;1;1;0;1;2
83508692;"15/10/16";"Sábado";"21:30:00";"SP";381;"76";"MAIRIPORA";"Falta de atenção";"Colisão lateral";"Com Vítimas Feridas";"Plena noite";"Crescente";"Nublado";"Dupla";"Curva";"Rural";4;0;3;0;1;0;3;2
83508693;"18/10/16";"Terça";"20:35:00";"RS";386;"388";"TRIUNFO";"Desobediência à sinalização";"Colisão Transversal";"Com Vítimas Feridas";"Plena noite";"Crescente";"Nublado";"Dupla";"Reta";"Urbano";2;0;1;0;1;0;1;2
83508694;"12/10/16";"Quarta";"06:12:00";"PR";369;"500";"CORBELIA";"Não guardar distância de segurança";"Colisão traseira";"Com Vítimas Feridas";"Amanhecer";"Decrescente";"Ceu Claro";"Simples";"Reta";"Urbano";4;0;1;0;3;0;1;2
83508695;"18/10/16";"Terça";"16:00:00";"MA";316;"261";"SANTA INES";"Falta de atenção";"Colisão frontal";"Com Vítimas Feridas";"Pleno dia";"Crescente";"Ceu Claro";"Simples";"Reta";"Rural";2;0;0;1;1;0;1;2
83508696;"16/10/16";"Domingo";"18:45:00";"PB";230;"3,5";"CABEDELO";"Falta de atenção";"Colisão traseira";"Sem Vítimas";"Plena noite";"Crescente";"Ceu Claro";"Dupla";"Reta";"Urbano";2;0;0;0;2;0;0;2
83508697;"19/10/16";"Quarta";"03:10:00";"SP";116;"371,9";"MIRACATU";"Dormindo";"Saída de Pista";"Sem Vítimas";"Plena noite";"Decrescente";"Nublado";"Dupla";"Reta";"Rural";1;0;0;0;1;0;0;1
83508698;"19/10/16";"Quarta";"04:30:00";"BA";407;"210";"CAPIM GROSSO";"Animais na Pista";"Atropelamento de animal";"Sem Vítimas";"Plena noite";"Crescente";"Ceu Claro";"Simples";"Reta";"Rural";1;0;0;0;1;0;0;1
83508699;"18/10/16";"Terça";"16:15:00";"RJ";40;"111";"DUQUE DE CAXIAS";"Outras";"Queda de motocicleta / bicicleta / veículo";"Com Vítimas Feridas";"Pleno dia";"Decrescente";"Sol";"Dupla";"Reta";"Urbano";1;0;1;0;0;0;1;1
83508700;"16/10/16";"Domingo";"01:00:00";"SC";480;"124,9";"CHAPECO";"Falta de atenção";"Colisão traseira";"Com Vítimas Feridas";"Plena noite";"Crescente";"Nublado";"Dupla";"Reta";"Urbano";3;0;1;0;2;0;1;2
83508701;"12/10/16";"Quarta";"17:00:00";"DF";60;"6";"BRASILIA";"Ingestão de álcool";"Colisão traseira";"Com Vítimas Feridas";"Pleno dia";"Crescente";"Sol";"Dupla";"Reta";"Urbano";3;0;0;1;2;0;1;2
83508703;"15/10/16";"Sábado";"23:50:00";"ES";101;"440,2";"MIMOSO DO SUL";"Falta de atenção";"Colisão lateral";"Com Vítimas Feridas";"Plena noite";"Decrescente";"Ceu Claro";"Simples";"Curva";"Rural";4;0;0;1;3;0;1;2
83508704;"19/10/16";"Quarta";"06:40:00";"PE";101;"76,5";"RECIFE";"Não guardar distância de segurança";"Colisão traseira";"Sem Vítimas";"Pleno dia";"Decrescente";"Nublado";"Dupla";"Reta";"Urbano";2;0;0;0;2;0;0;2
83508705;"15/10/16";"Sábado";"19:20:00";"MG";381;"763,8";"CAMPANHA";"Velocidade incompatível";"Colisão traseira";"Sem Vítimas";"Pleno dia";"Crescente";"Nublado";"Dupla";"Reta";"Rural";3;0;0;0;3;0;0;2
83508706;"19/10/16";"Quarta";"06:10:00";"MT";364;"238";"JUSCIMEIRA";"Ultrapassagem indevida";"Colisão lateral";"Com Vítimas Feridas";"Pleno dia";"Decrescente";"Sol";"Simples";"Reta";"Rural";3;0;2;0;1;0;2;2
83508707;"15/10/16";"Sábado";"06:20:00";"RS";290;"105,5";"ELDORADO DO SUL";"Dormindo";"Saída de Pista";"Sem Vítimas";"Pleno dia";"Decrescente";"Nublado";"Dupla";"Reta";"Urbano";1;0;0;0;1;0;0;1
83508708;"16/10/16";"Domingo";"02:30:00";"TO";153;"410";"MIRANORTE";"Velocidade incompatível";"Queda de motocicleta / bicicleta / veículo";"Com Vítimas Feridas";"Plena noite";"Crescente";"Ceu Claro";"Dupla";"Reta";"Rural";2;0;0;2;0;0;2;1
83508709;"19/10/16";"Quarta";"08:51:00";"SC";101;"202,3";"SAO JOSE";"Falta de atenção";"Colisão traseira";"Com Vítimas Feridas";"Pleno dia";"Decrescente";"Chuva";"Dupla";"Reta";"Urbano";2;0;1;0;1;0;1;2
83508710;"16/10/16";"Domingo";"02:00:00";"BA";407;"1";"JUAZEIRO";"Ingestão de álcool";"Queda de motocicleta / bicicleta / veículo";"Com Vítimas Feridas";"Plena noite";"Decrescente";"Ceu Claro";"Simples";"Reta";"Urbano";2;0;2;0;0;0;2;1
83508711;"17/10/16";"Segunda";"02:30:00";"MT";174;"118";"PORTO ESPERIDIAO";"Animais na Pista";"Atropelamento de animal";"Sem Vítimas";"Plena noite";"Decrescente";"Ceu Claro";"Simples";"Reta";"Rural";1;0;0;0;1;0;0;1
83508712;"14/10/16";"Sexta";"11:30:00";"SP";116;"162,1";"SAO JOSE DOS CAMPOS";"Falta de atenção";"Colisão com objeto fixo";"Sem Vítimas";"Plena noite";"Crescente";"Ceu Claro";"Múltipla";"Curva";"Urbano";1;0;0;0;1;0;0;1
83508713;"17/10/16";"Segunda";"10:00:00";"MG";40;"513";"RIBEIRAO DAS NEVES";"Dormindo";"Colisão lateral";"Com Vítimas Feridas";"Pleno dia";"Decrescente";"Ceu Claro";"Dupla";"Curva";"Urbano";4;0;3;1;0;0;4;2
83508714;"16/10/16";"Domingo";"05:00:00";"RJ";116;"257";"PIRAI";"Animais na Pista";"Atropelamento de animal";"Sem Vítimas";"Plena noite";"Decrescente";"Nevoeiro/neblina";"Dupla";"Curva";"Urbano";1;0;0;0;1;0;0;1
83508715;"18/10/16";"Terça";"21:30:00";"RO";364;"23";"VILHENA";"Animais na Pista";"Saída de Pista";"Com Vítimas Feridas";"Plena noite";"Decrescente";"Ceu Claro";"Simples";"Reta";"Rural";2;0;2;0;0;0;2;1
83508716;"07/10/16";"Sexta";"06:20:00";"MT";70;"240";"PRIMAVERA DO LESTE";"Falta de atenção";"Tombamento";"Com Vítimas Feridas";"Pleno dia";"Decrescente";"Ceu Claro";"Simples";"Curva";"Rural";1;0;0;1;0;0;1;1
83508717;"15/10/16";"Sábado";"22:10:00";"MS";163;"481,5";"CAMPO GRANDE";"Ingestão de álcool";"Colisão com objeto fixo";"Com Vítimas Feridas";"Plena noite";"Decrescente";"Ceu Claro";"Simples";"Reta";"Urbano";1;0;0;1;0;0;1;1
83508718;"17/10/16";"Segunda";"08:40:00";"BA";116;"726,7";"MANOEL VITORINO";"Outras";"Incêndio";"Sem Vítimas";"Pleno dia";"Decrescente";"Nublado";"Simples";"Reta";"Rural";1;0;0;0;1;0;0;1
83508719;"15/10/16";"Sábado";"18:20:00";"MG";262;"51";"MANHUACU";"Ingestão de álcool";"Colisão Transversal";"Sem Vítimas";"Pleno dia";"Crescente";"Chuva";"Simples";"Reta";"Urbano";2;0;0;0;2;0;0;2
83508721;"19/10/16";"Quarta";"08:50:00";"RJ";116;"220";"BARRA MANSA";"Outras";"Colisão com objeto fixo";"Sem Vítimas";"Pleno dia";"Decrescente";"Ceu Claro";"Simples";"Curva";"Rural";1;0;0;0;1;0;0;1
83508722;"15/10/16";"Sábado";"12:30:00";"MG";381;"529,3";"BRUMADINHO";"Outras";"Derramamento de Carga";"Sem Vítimas";"Pleno dia";"Decrescente";"Nublado";"Dupla";"Curva";"Rural";1;0;0;0;1;0;0;1
83508723;"19/10/16";"Quarta";"08:00:00";"SC";101;"216,5";"PALHOCA";"Outras";"Colisão Transversal";"Com Vítimas Feridas";"Pleno dia";"Decrescente";"Nublado";"Dupla";"Reta";"Urbano";2;0;0;1;1;0;1;2
83508724;"15/10/16";"Sábado";"14:40:00";"RO";364;"342,9";"JI-PARANA";"Falta de atenção";"Colisão traseira";"Com Vítimas Feridas";"Pleno dia";"Crescente";"Sol";"Dupla";"Reta";"Urbano";2;0;1;0;1;0;1;2
83508725;"12/10/16";"Quarta";"21:45:00";"ES";101;"260,3";"SERRA";"Velocidade incompatível";"Saída de Pista";"Com Vítimas Feridas";"Plena noite";"Crescente";"Nublado";"Simples";"Curva";"Rural";1;0;0;1;0;0;1;1
83508726;"11/10/16";"Terça";"18:35:00";"PR";376;"489,9";"PONTA GROSSA";"Falta de atenção";"Colisão lateral";"Sem Vítimas";"Plena noite";"Crescente";"Sol";"Dupla";"Reta";"Urbano";2;0;0;0;1;1;0;2
83508727;"16/10/16";"Domingo";"17:00:00";"MG";262;"377,4";"JUATUBA";"Defeito mecânico em veículo";"Saída de Pista";"Com Vítimas Feridas";"Pleno dia";"Decrescente";"Ceu Claro";"Dupla";"Reta";"Urbano";1;0;1;0;0;0;1;1
83508728;"10/10/16";"Segunda";"12:00:00";"ES";262;"95";"DOMINGOS MARTINS";"Falta de atenção";"Colisão Transversal";"Sem Vítimas";"Pleno dia";"Crescente";"Sol";"Simples";"Reta";"Urbano";2;0;0;0;2;0;0;2
83508729;"17/10/16";"Segunda";"00:20:00";"PI";316;"312";"PICOS";"Ingestão de álcool";"Colisão frontal";"Com Vítimas Feridas";"Plena noite";"Decrescente";"Ceu Claro";"Simples";"Reta";"Urbano";2;0;1;0;1;0;1;2
83508730;"17/10/16";"Segunda";"03:45:00";"DF";20;"12";"BRASILIA";"Outras";"Capotamento";"Com Vítimas Feridas";"Plena noite";"Decrescente";"Ignorada";"Dupla";"Reta";"Urbano";1;0;1;0;0;0;1;1
83508731;"25/09/16";"Domingo";"23:00:00";"RJ";116;"214,4";"SEROPEDICA";"Outras";"Saída de Pista";"Sem Vítimas";"Plena noite";"Decrescente";"Nublado";"Múltipla";"Curva";"Urbano";1;0;0;0;1;0;0;1
83508732;"15/10/16";"Sábado";"13:30:00";"MG";153;"22";"CENTRALINA";"Falta de atenção";"Tombamento";"Com Vítimas Feridas";"Pleno dia";"Crescente";"Ceu Claro";"Dupla";"Reta";"Rural";1;0;1;0;0;0;1;1
83508733;"03/10/16";"Segunda";"17:00:00";"RJ";116;"250";"PIRAI";"Outras";"Saída de Pista";"Com Vítimas Feridas";"Pleno dia";"Decrescente";"Chuva";"Dupla";"Curva";"Rural";1;0;1;0;0;0;1;1
83508734;"15/10/16";"Sábado";"18:00:00";"MG";40;"524";"CONTAGEM";"Não guardar distância de segurança";"Colisão traseira";"Com Vítimas Feridas";"Anoitecer";"Decrescente";"Nublado";"Dupla";"Reta";"Urbano";3;0;1;0;2;0;1;2
83508735;"15/10/16";"Sábado";"20:40:00";"SC";101;"279";"IMBITUBA";"Outras";"Saída de Pista";"Com Vítimas Feridas";"Plena noite";"Crescente";"Ceu Claro";"Dupla";"Reta";"Urbano";1;0;0;1;0;0;1;1
83508736;"11/10/16";"Terça";"18:50:00";"RJ";40;"65";"PETROPOLIS";"Velocidade incompatível";"Saída de Pista";"Sem Vítimas";"Plena noite";"Decrescente";"Nublado";"Dupla";"Reta";"Urbano";1;0;0;0;1;0;0;1
83508737;"19/10/16";"Quarta";"06:30:00";"MA";135;"81,7";"ITAPECURU MIRIM";"Outras";"Capotamento";"Sem Vítimas";"Plena noite";"Decrescente";"Ceu Claro";"Simples";"Reta";"Rural";1;0;0;0;1;0;0;1
83508738;"19/10/16";"Quarta";"10:15:00";"RJ";116;"280";"BARRA MANSA";"Falta de atenção";"Colisão traseira";"Sem Vítimas";"Pleno dia";"Crescente";"Sol";"Dupla";"Reta";"Rural";2;0;0;0;2;0;0;2
83508739;"18/10/16";"Terça";"23:50:00";"SC";101;"133,4";"BALNEARIO CAMBORIU";"Velocidade incompatível";"Colisão traseira";"Com Vítimas Feridas";"Plena noite";"Decrescente";"Nublado";"Dupla";"Reta";"Urbano";3;0;1;0;2;0;1;3
83508741;"15/05/16";"Domingo";"21:45:00";"BA";101;"444,5";"UBAITABA";"Outras";"Colisão com objeto fixo";"Com Vítimas Feridas";"Plena noite";"Decrescente";"Chuva";"Simples";"Curva";"Rural";2;0;2;0;0;0;2;1
83508742;"19/10/16";"Quarta";"06:40:00";"RS";158;"326,3";"SANTA MARIA";"Falta de atenção";"Colisão Transversal";"Sem Vítimas";"Amanhecer";"Decrescente";"Chuva";"Simples";"Cruzamento";"Urbano";2;0;0;0;2;0;0;2
83508743;"03/10/16";"Segunda";"18:53:00";"SP";381;"73,3";"MAIRIPORA";"Outras";"Capotamento";"Sem Vítimas";"Plena noite";"Decrescente";"Chuva";"Dupla";"Curva";"Rural";1;0;0;0;1;0;0;1
83508744;"19/10/16";"Quarta";"10:00:00";"SC";101;"41";"JOINVILLE";"Não guardar distância de segurança";"Colisão lateral";"Sem Vítimas";"Pleno dia";"Crescente";"Nublado";"Múltipla";"Reta";"Rural";2;0;0;0;2;0;0;2
83508745;"19/10/16";"Quarta";"11:00:00";"ES";101;"254";"SERRA";"Outras";"Atropelamento de pessoa";"Com Vítimas Feridas";"Pleno dia";"Crescente";"Ceu Claro";"Simples";"Reta";"Urbano";2;0;1;0;0;1;1;1
83508746;"03/10/16";"Segunda";"14:40:00";"PR";376;"629,5";"SAO JOSE DOS PINHAIS";"Velocidade incompatível";"Colisão com objeto fixo";"Com Vítimas Feridas";"Pleno dia";"Crescente";"Nublado";"Dupla";"Reta";"Rural";1;0;1;0;0;0;1;1
83508747;"19/10/16";"Quarta";"09:15:00";"PR";277;"720,9";"FOZ DO IGUACU";"Outras";"Queda de motocicleta / bicicleta / veículo";"Com Vítimas Feridas";"Pleno dia";"Crescente";"Ceu Claro";"Dupla";"Reta";"Urbano";1;0;1;0;0;0;1;1
83508748;"19/10/16";"Quarta";"10:30:00";"MG";381;"520";"IGARAPE";"Falta de atenção";"Colisão lateral";"Sem Vítimas";"Pleno dia";"Crescente";"Ceu Claro";"Dupla";"Curva";"Rural";2;0;0;0;2;0;0;2
83508749;"15/10/16";"Sábado";"16:10:00";"RN";304;"287";"MACAIBA";"Outras";"Colisão traseira";"Com Vítimas Feridas";"Pleno dia";"Decrescente";"Ceu Claro";"Simples";"Reta";"Rural";2;0;1;0;1;0;1;2
83508750;"19/10/16";"Quarta";"10:10:00";"RJ";40;"31,8";"AREAL";"Velocidade incompatível";"Tombamento";"Com Vítimas Feridas";"Pleno dia";"Crescente";"Sol";"Dupla";"Curva";"Rural";1;0;1;0;0;0;1;1
83508751;"15/10/16";"Sábado";"15:30:00";"PR";376;"244";"APUCARANA";"Velocidade incompatível";"Colisão Transversal";"Com Vítimas Feridas";"Pleno dia";"Decrescente";"Nublado";"Simples";"Cruzamento";"Urbano";2;0;0;1;1;0;1;2
83508752;"19/10/16";"Quarta";"09:30:00";"PR";116;"18,5";"COLOMBO";"Não guardar distância de segurança";"Colisão traseira";"Sem Vítimas";"Pleno dia";"Decrescente";"Ceu Claro";"Dupla";"Reta";"Urbano";3;0;0;0;3;0;0;3
83508753;"18/10/16";"Terça";"15:00:00";"RS";290;"130";"ELDORADO DO SUL";"Falta de atenção";"Colisão Transversal";"Com Vítimas Feridas";"Pleno dia";"Crescente";"Chuva";"Simples";"Cruzamento";"Rural";4;0;2;0;2;0;2;2
83508754;"19/10/16";"Quarta";"07:20:00";"RS";116;"233,7";"NOVO HAMBURGO";"Falta de atenção";"Colisão lateral";"Sem Vítimas";"Pleno dia";"Decrescente";"Chuva";"Simples";"Reta";"Urbano";8;0;0;0;8;0;0;3
83508755;"19/10/16";"Quarta";"11:50:00";"RS";153;"46";"ERECHIM";"Outras";"Atropelamento de pessoa";"Com Vítimas Feridas";"Pleno dia";"Crescente";"Nublado";"Múltipla";"Reta";"Urbano";3;0;0;1;2;0;1;2
83508756;"19/10/16";"Quarta";"10:40:00";"MG";40;"616,8";"CONGONHAS";"Falta de atenção";"Colisão Transversal";"Com Vítimas Feridas";"Pleno dia";"Crescente";"Ceu Claro";"Simples";"Curva";"Urbano";3;0;1;0;2;0;1;2
83508757;"19/10/16";"Quarta";"11:45:00";"PR";277;"723,8";"FOZ DO IGUACU";"Falta de atenção";"Colisão Transversal";"Com Vítimas Feridas";"Pleno dia";"Crescente";"Nublado";"Dupla";"Reta";"Urbano";2;0;1;0;1;0;1;2
83508758;"11/10/16";"Terça";"22:30:00";"BA";324;"565";"SAO SEBASTIAO DO PASSE";"Não guardar distância de segurança";"Colisão traseira";"Com Vítimas Feridas";"Plena noite";"Decrescente";"Nublado";"Dupla";"Reta";"Urbano";3;0;2;0;1;0;2;2
83508760;"06/10/16";"Quinta";"06:30:00";"ES";262;"64";"MARECHAL FLORIANO";"Outras";"Capotamento";"Sem Vítimas";"Pleno dia";"Crescente";"Chuva";"Simples";"Curva";"Rural";1;0;0;0;1;0;0;1
83508761;"16/10/16";"Domingo";"06:20:00";"RS";158;"160";"PANAMBI";"Velocidade incompatível";"Saída de Pista";"Com Vítimas Feridas";"Amanhecer";"Crescente";"Ceu Claro";"Simples";"Cruzamento";"Rural";1;0;0;1;0;0;1;1
83508762;"17/10/16";"Segunda";"01:15:00";"ES";259;"6,5";"JOAO NEIVA";"Velocidade incompatível";"Capotamento";"Com Vítimas Feridas";"Plena noite";"Crescente";"Nublado";"Simples";"Curva";"Rural";1;0;1;0;0;0;1;1
83508763;"19/10/16";"Quarta";"09:20:00";"PR";369;"165,8";"CAMBE";"Velocidade incompatível";"Capotamento";"Com Vítimas Feridas";"Pleno dia";"Crescente";"Ceu Claro";"Dupla";"Reta";"Rural";1;0;1;0;0;0;1;1
83508764;"16/10/16";"Domingo";"11:30:00";"BA";116;"823,7";"VITORIA DA CONQUISTA";"Desobediência à sinalização";"Colisão Transversal";"Sem Vítimas";"Pleno dia";"Decrescente";"Sol";"Dupla";"Reta";"Urbano";2;0;0;0;2;0;0;2
83508766;"19/10/16";"Quarta";"08:45:00";"PE";232;"5";"RECIFE";"Outras";"Queda de motocicleta / bicicleta / veículo";"Com Vítimas Feridas";"Pleno dia";"Decrescente";"Ceu Claro";"Múltipla";"Curva";"Urbano";1;0;1;0;0;0;1;1
83508767;"16/10/16";"Domingo";"03:40:00";"MG";135;"394,9";"BOCAIUVA";"Ultrapassagem indevida";"Colisão frontal";"Com Vítimas Fatais";"Plena noite";"Decrescente";"Ceu Claro";"Simples";"Reta";"Rural";10;1;1;8;0;0;9;2
83508768;"19/10/16";"Quarta";"07:15:00";"RS";116;"238";"NOVO HAMBURGO";"Não guardar distância de segurança";"Colisão traseira";"Sem Vítimas";"Pleno dia";"Crescente";"Chuva";"Dupla";"Reta";"Urbano";3;0;0;0;3;0;0;3
83508769;"19/10/16";"Quarta";"12:00:00";"PE";101;"38";"IGARASSU";"Outras";"Colisão traseira";"Com Vítimas Feridas";"Pleno dia";"Decrescente";"Ceu Claro";"Dupla";"Reta";"Urbano";2;0;0;1;0;1;1;2
83508770;"19/10/16";"Quarta";"10:00:00";"PR";476;"142";"CURITIBA";"Falta de atenção";"Colisão traseira";"Com Vítimas Feridas";"Pleno dia";"Crescente";"Ceu Claro";"Dupla";"Reta";"Urbano";2;0;1;0;1;0;1;2
83508771;"19/10/16";"Quarta";"12:05:00";"RS";158;"0";"SANTANA DO LIVRAMENTO";"Outras";"Colisão Transversal";"Com Vítimas Feridas";"Pleno dia";"Decrescente";"Chuva";"Simples";"Cruzamento";"Urbano";2;0;1;0;1;0;1;2
83508772;"19/10/16";"Quarta";"12:10:00";"SC";470;"129,9";"LONTRAS";"Outras";"Colisão Transversal";"Com Vítimas Feridas";"Pleno dia";"Crescente";"Ceu Claro";"Simples";"Curva";"Urbano";2;0;1;0;1;0;1;2
83508773;"08/10/16";"Sábado";"03:10:00";"RS";472;"135";"TRES DE MAIO";"Ingestão de álcool";"Colisão frontal";"Com Vítimas Fatais";"Plena noite";"Crescente";"Ceu Claro";"Simples";"Curva";"Rural";2;1;1;0;0;0;1;2
83508774;"17/10/16";"Segunda";"22:00:00";"PR";158;"3";"CAMPO MOURAO";"Desobediência à sinalização";"Colisão Transversal";"Com Vítimas Feridas";"Plena noite";"Crescente";"Ceu Claro";"Simples";"Cruzamento";"Urbano";3;0;0;2;1;0;2;2
83508775;"11/10/16";"Terça";"06:30:00";"MG";381;"707";"NEPOMUCENO";"Velocidade incompatível";"Saída de Pista";"Sem Vítimas";"Pleno dia";"Decrescente";"Sol";"Dupla";"Curva";"Rural";1;0;0;0;1;0;0;1
83508776;"19/10/16";"Quarta";"10:15:00";"SE";101;"117,6";"ITAPORANGA DAJUDA";"Falta de atenção";"Colisão traseira";"Com Vítimas Feridas";"Pleno dia";"Crescente";"Ceu Claro";"Dupla";"Reta";"Rural";4;0;2;0;2;0;2;2
83508777;"19/10/16";"Quarta";"10:00:00";"PR";116;"23,3";"ANTONINA";"Outras";"Derramamento de Carga";"Sem Vítimas";"Pleno dia";"Decrescente";"Sol";"Dupla";"Curva";"Rural";1;0;0;0;1;0;0;1
83508778;"19/10/16";"Quarta";"09:20:00";"SP";153;"71,9";"SAO JOSE DO RIO PRETO";"Outras";"Colisão traseira";"Com Vítimas Feridas";"Pleno dia";"Crescente";"Sol";"Simples";"Reta";"Rural";2;0;1;0;1;0;1;2
83508779;"15/10/16";"Sábado";"18:00:00";"PR";376;"474";"PONTA GROSSA";"Velocidade incompatível";"Colisão com objeto fixo";"Sem Vítimas";"Anoitecer";"Crescente";"Nublado";"Dupla";"Curva";"Rural";1;0;0;0;1;0;0;1
83508780;"19/10/16";"Quarta";"11:30:00";"DF";20;"6";"BRASILIA";"Falta de atenção";"Colisão traseira";"Com Vítimas Feridas";"Pleno dia";"Crescente";"Ceu Claro";"Dupla";"Reta";"Urbano";2;0;1;0;1;0;1;2
83508781;"11/10/16";"Terça";"23:30:00";"MG";262;"794";"UBERABA";"Ingestão de álcool";"Colisão frontal";"Com Vítimas Feridas";"Plena noite";"Decrescente";"Nublado";"Simples";"Reta";"Rural";2;0;1;0;1;0;1;2
83508782;"19/10/16";"Quarta";"12:00:00";"SC";101;"43";"JOINVILLE";"Defeito mecânico em veículo";"Saída de Pista";"Sem Vítimas";"Pleno dia";"Decrescente";"Nublado";"Dupla";"Reta";"Urbano";1;0;0;0;1;0;0;1
83508784;"19/10/16";"Quarta";"08:13:00";"BA";116;"419";"FEIRA DE SANTANA";"Não guardar distância de segurança";"Colisão traseira";"Com Vítimas Feridas";"Pleno dia";"Crescente";"Ceu Claro";"Dupla";"Reta";"Urbano";3;0;1;0;1;1;1;3
83508785;"09/09/16";"Sexta";"20:30:00";"PR";476;"130,7";"CURITIBA";"Outras";"Atropelamento de pessoa";"Com Vítimas Feridas";"Plena noite";"Crescente";"Nevoeiro/neblina";"Dupla";"Reta";"Urbano";2;0;1;0;1;0;1;1
83508786;"19/10/16";"Quarta";"11:10:00";"RN";101;"82,8";"NATAL";"Falta de atenção";"Colisão lateral";"Com Vítimas Feridas";"Pleno dia";"Decrescente";"Sol";"Dupla";"Reta";"Urbano";3;0;2;0;0;1;2;2
83508788;"14/10/16";"Sexta";"19:55:00";"MG";381;"884,3";"ESTIVA";"Velocidade incompatível";"Saída de Pista";"Sem Vítimas";"Plena noite";"Decrescente";"Chuva";"Dupla";"Reta";"Rural";1;0;0;0;1;0;0;1
83508789;"19/10/16";"Quarta";"12:40:00";"BA";116;"754";"POCOES";"Dormindo";"Saída de Pista";"Sem Vítimas";"Pleno dia";"Crescente";"Ceu Claro";"Simples";"Reta";"Rural";1;0;0;0;1;0;0;1
83508790;"19/10/16";"Quarta";"11:00:00";"RN";101;"127,8";"SAO JOSE DE MIPIBU";"Velocidade incompatível";"Capotamento";"Ignorado";"Pleno dia";"Decrescente";"Ceu Claro";"Dupla";"Reta";"Rural";1;0;0;0;0;1;0;1
83508792;"11/10/16";"Terça";"15:00:00";"MG";153;"41";"MONTE ALEGRE DE MINAS";"Dormindo";"Saída de Pista";"Sem Vítimas";"Pleno dia";"Decrescente";"Ceu Claro";"Dupla";"Reta";"Urbano";1;0;0;0;1;0;0;1
83508793;"19/10/16";"Quarta";"15:10:00";"RJ";495;"24";"PETROPOLIS";"Velocidade incompatível";"Saída de Pista";"Com Vítimas Feridas";"Pleno dia";"Crescente";"Sol";"Dupla";"Curva";"Urbano";2;0;2;0;0;0;2;1
83508794;"14/10/16";"Sexta";"20:10:00";"BA";324;"556";"AMELIA RODRIGUES";"Animais na Pista";"Atropelamento de animal";"Com Vítimas Feridas";"Plena noite";"Crescente";"Ceu Claro";"Dupla";"Reta";"Rural";2;0;1;0;1;0;1;1
83508795;"19/10/16";"Quarta";"13:30:00";"MG";116;"529";"CARATINGA";"Desobediência à sinalização";"Colisão Transversal";"Com Vítimas Feridas";"Pleno dia";"Crescente";"Ceu Claro";"Dupla";"Reta";"Urbano";2;0;0;1;1;0;1;2
83508796;"15/10/16";"Sábado";"22:15:00";"RO";364;"198,1";"PIMENTA BUENO";"Ingestão de álcool";"Saída de Pista";"Com Vítimas Feridas";"Plena noite";"Crescente";"Ceu Claro";"Simples";"Reta";"Urbano";1;0;1;0;0;0;1;1
83508797;"19/10/16";"Quarta";"09:30:00";"MS";60;"474,8";"MARACAJU";"Outras";"Atropelamento de pessoa";"Com Vítimas Fatais";"Pleno dia";"Crescente";"Sol";"Simples";"Reta";"Rural";2;1;0;0;1;0;0;1
83508799;"19/10/16";"Quarta";"11:30:00";"MG";116;"693,4";"MURIAE";"Outras";"Queda de motocicleta / bicicleta / veículo";"Com Vítimas Feridas";"Pleno dia";"Decrescente";"Ceu Claro";"Simples";"Reta";"Rural";1;0;1;0;0;0;1;1
83508800;"15/10/16";"Sábado";"20:20:00";"ES";259;"20,3";"JOAO NEIVA";"Outras";"Colisão lateral";"Com Vítimas Feridas";"Plena noite";"Decrescente";"Nublado";"Simples";"Cruzamento";"Rural";3;0;0;2;1;0;2;2
83508802;"14/10/16";"Sexta";"06:10:00";"DF";70;"9";"BRASILIA";"Falta de atenção";"Colisão traseira";"Com Vítimas Feridas";"Pleno dia";"Decrescente";"Ceu Claro";"Dupla";"Reta";"Urbano";2;0;1;0;1;0;1;2
83508803;"15/10/16";"Sábado";"23:00:00";"PI";343;"600,6";"FLORIANO";"Falta de atenção";"Colisão traseira";"Com Vítimas Feridas";"Plena noite";"Decrescente";"Ceu Claro";"Simples";"Reta";"Urbano";2;0;1;0;1;0;1;2