"id";"data_inversa";"dia_semana";"horario";"uf";"br";"km";"municipio";"causa_acidente";"tipo_acidente";"classificacao_acidente";"fase_dia";"sentido_via";"condicao_metereologica";"tipo_pista";"tracado_via";"uso_solo";"pessoas";"mortos";"feridos_leves";"feridos_graves";"ilesos";"ignorados";"feridos";"veiculos"
83509082;"28/09/16";"Quarta";"04:40:00";"RJ";116;"323";"ITATIAIA";"Dormindo";"Colisão traseira";"Com Vítimas Feridas";"Plena noite";"Crescente";"Nublado";"Dupla";"Reta";"Rural";2;0;1;0;1;0;1;2
83509083;"18/10/16";"Terça";"11:23:00";"MG";381;"497";"BETIM";"Outras";"Capotamento";"Com Vítimas Feridas";"Pleno dia";"Decrescente";"Sol";"Dupla";"Curva";"Urbano";2;0;2;0;0;0;2;1
83509085;"20/09/16";"Terça";"12:17:00";"MT";163;"778";"SORRISO";"Outras";"Saída de Pista";"Sem Vítimas";"Pleno dia";"Crescente";"Sol";"Simples";"Reta";"Rural";1;0;0;0;1;0;0;1
83509086;"18/10/16";"Terça";"12:40:00";"BA";324;"616,5";"SALVADOR";"Defeito mecânico em veículo";"Saída de Pista";"Com Vítimas Feridas";"Pleno dia";"Decrescente";"Ceu Claro";"Múltipla";"Cruzamento";"Urbano";2;0;2;0;0;0;2;1
83509087;"29/09/16";"Quinta";"20:20:00";"MG";116;"202,2";"CARAI";"Falta de atenção";"Atropelamento de pessoa";"Com Vítimas Fatais";"Plena noite";"Crescente";"Ceu Claro";"Simples";"Reta";"Rural";2;1;0;0;1;0;0;1
83509088;"16/10/16";"Domingo";"23:55:00";"BA";101;"371";"GANDU";"Outras";"Colisão lateral";"Com Vítimas Feridas";"Plena noite";"Crescente";"Ceu Claro";"Simples";"Reta";"Rural";2;0;0;1;0;1;1;2
83509089;"20/10/16";"Quinta";"10:00:00";"MG";365;"664,7";"MONTE ALEGRE DE MINAS";"Velocidade incompatível";"Saída de Pista";"Com Vítimas Feridas";"Pleno dia";"Decrescente";"Chuva";"Dupla";"Curva";"Rural";2;0;1;1;0;0;2;1
83509090;"16/10/16";"Domingo";"22:00:00";"MG";40;"572";"ITABIRITO";"Outras";"Colisão com objeto fixo";"Sem Vítimas";"Plena noite";"Decrescente";"Nublado";"Simples";"Reta";"Rural";1;0;0;0;1;0;0;1
83509091;"20/10/16";"Quinta";"08:00:00";"PR";116;"115";"CURITIBA";"Falta de atenção";"Colisão lateral";"Com Vítimas Feridas";"Pleno dia";"Crescente";"Nublado";"Dupla";"Reta";"Urbano";2;0;1;0;1;0;1;2
83509092;"20/10/16";"Quinta";"10:40:00";"MT";364;"402";"CUIABA";"Falta de atenção";"Colisão lateral";"Sem Vítimas";"Pleno dia";"Crescente";"Chuva";"Simples";"Reta";"Urbano";2;0;0;0;2;0;0;2
83509093;"16/10/16";"Domingo";"06:30:00";"SC";101;"351,3";"JAGUARUNA";"Ingestão de álcool";"Saída de Pista";"Com Vítimas Feridas";"Amanhecer";"Crescente";"Ceu Claro";"Dupla";"Reta";"Urbano";1;0;1;0;0;0;1;1
83509094;"20/10/16";"Quinta";"09:50:00";"CE";20;"416";"MARACANAU";"Falta de atenção";"Colisão Transversal";"Sem Vítimas";"Pleno dia";"Crescente";"Ceu Claro";"Simples";"Reta";"Urbano";2;0;0;0;2;0;0;2
83509095;"20/10/16";"Quinta";"14:00:00";"RS";386;"427";"NOVA SANTA RITA";"Defeito mecânico em veículo";"Queda de motocicleta / bicicleta / veículo";"Com Vítimas Feridas";"Pleno dia";"Crescente";"Sol";"Simples";"Reta";"Rural";2;0;1;0;1;0;1;1
83509096;"16/10/16";"Domingo";"23:40:00";"RJ";116;"169";"SAO JOAO DE MERITI";"Falta de atenção";"Colisão traseira";"Com Vítimas Feridas";"Plena noite";"Decrescente";"Nublado";"Dupla";"Reta";"Urbano";3;0;1;1;0;1;2;2
83509097;"18/10/16";"Terça";"18:00:00";"ES";262;"29,1";"DOMINGOS MARTINS";"Velocidade incompatível";"Tombamento";"Com Vítimas Feridas";"Anoitecer";"Crescente";"Ceu Claro";"Simples";"Curva";"Rural";1;0;1;0;0;0;1;1
83509099;"14/10/16";"Sexta";"22:25:00";"PR";158;"526";"PATO BRANCO";"Animais na Pista";"Atropelamento de animal";"Com Vítimas Feridas";"Plena noite";"Decrescente";"Nublado";"Dupla";"Reta";"Urbano";2;0;2;0;0;0;2;1
83509100;"20/10/16";"Quinta";"08:30:00";"RJ";116;"317";"ITATIAIA";"Ingestão de álcool";"Colisão com objeto fixo";"Com Vítimas Feridas";"Pleno dia";"Decrescente";"Ceu Claro";"Dupla";"Reta";"Urbano";2;0;1;0;1;0;1;1
83509101;"16/10/16";"Domingo";"17:20:00";"SC";101;"280,7";"IMBITUBA";"Falta de atenção";"Colisão traseira";"Com Vítimas Feridas";"Pleno dia";"Crescente";"Chuva";"Dupla";"Reta";"Rural";2;0;1;0;1;0;1;2
83509102;"17/10/16";"Segunda";"05:45:00";"RN";101;"96";"NATAL";"Não guardar distância de segurança";"Colisão traseira";"Com Vítimas Feridas";"Amanhecer";"Decrescente";"Chuva";"Múltipla";"Curva";"Urbano";2;0;1;0;1;0;1;2
83509103;"20/10/16";"Quinta";"14:00:00";"RS";290;"87,5";"PORTO ALEGRE";"Dormindo";"Saída de Pista";"Sem Vítimas";"Pleno dia";"Decrescente";"Ceu Claro";"Dupla";"Reta";"Rural";2;0;0;0;2;0;0;1
83509104;"12/10/16";"Quarta";"23:14:00";"MT";364;"259";"JUSCIMEIRA";"Ultrapassagem indevida";"Colisão lateral";"Com Vítimas Fatais";"Plena noite";"Crescente";"Ceu Claro";"Simples";"Reta";"Urbano";2;1;0;0;1;0;0;2
83509105;"20/10/16";"Quinta";"09:45:00";"PE";101;"77";"RECIFE";"Falta de atenção";"Colisão lateral";"Com Vítimas Feridas";"Pleno dia";"Crescente";"Ceu Claro";"Dupla";"Reta";"Urbano";2;0;1;0;1;0;1;2
83509107;"20/10/16";"Quinta";"11:45:00";"MG";364;"32,4";"FRUTAL";"Outras";"Colisão frontal";"Com Vítimas Fatais";"Pleno dia";"Decrescente";"Ceu Claro";"Simples";"Reta";"Urbano";2;1;0;0;1;0;0;2
83509108;"20/10/16";"Quinta";"10:30:00";"BA";116;"549";"MILAGRES";"Defeito mecânico em veículo";"Incêndio";"Sem Vítimas";"Pleno dia";"Crescente";"Ceu Claro";"Simples";"Reta";"Rural";1;0;0;0;1;0;0;1
83509109;"26/09/16";"Segunda";"21:30:00";"SC";116;"300";"CAPAO ALTO";"Ultrapassagem indevida";"Colisão lateral";"Sem Vítimas";"Plena noite";"Crescente";"Ceu Claro";"Simples";"Reta";"Rural";3;0;0;0;3;0;0;3
83509110;"20/10/16";"Quinta";"12:25:00";"SP";116;"498,5";"CAJATI";"Outras";"Incêndio";"Sem Vítimas";"Pleno dia";"Decrescente";"Ceu Claro";"Múltipla";"Curva";"Rural";1;0;0;0;1;0;0;1
83509111;"15/07/16";"Sexta";"05:00:00";"BA";101;"625,5";"MASCOTE";"Outras";"Colisão frontal";"Com Vítimas Feridas";"Amanhecer";"Decrescente";"Ignorada";"Simples";"Reta";"Rural";2;0;0;2;0;0;2;2
83509112;"20/10/16";"Quinta";"11:10:00";"MG";50;"17";"ARAGUARI";"Falta de atenção";"Capotamento";"Com Vítimas Feridas";"Pleno dia";"Crescente";"Nublado";"Dupla";"Curva";"Rural";1;0;1;0;0;0;1;1
83509113;"20/10/16";"Quinta";"08:00:00";"MG";50;"116";"UBERABA";"Velocidade incompatível";"Saída de Pista";"Com Vítimas Feridas";"Pleno dia";"Crescente";"Chuva";"Dupla";"Reta";"Rural";2;0;2;0;0;0;2;1
83509114;"04/10/16";"Terça";"20:00:00";"PE";101;"195";"PALMARES";"Outras";"Colisão lateral";"Com Vítimas Feridas";"Plena noite";"Crescente";"Nublado";"Dupla";"Curva";"Rural";2;0;2;0;0;0;2;2
83509115;"20/10/16";"Quinta";"11:40:00";"MT";364;"480";"JANGADA";"Outras";"Colisão com objeto fixo";"Sem Vítimas";"Pleno dia";"Crescente";"Chuva";"Simples";"Reta";"Rural";1;0;0;0;1;0;0;1
83509116;"15/10/16";"Sábado";"08:30:00";"AL";101;"80";"RIO LARGO";"Falta de atenção";"Colisão traseira";"Sem Vítimas";"Pleno dia";"Decrescente";"Ceu Claro";"Simples";"Reta";"Rural";3;0;0;0;3;0;0;3
83509117;"20/10/16";"Quinta";"08:45:00";"SP";381;"61";"MAIRIPORA";"Velocidade incompatível";"Capotamento";"Sem Vítimas";"Pleno dia";"Crescente";"Nublado";"Dupla";"Curva";"Rural";1;0;0;0;1;0;0;1
83509118;"20/10/16";"Quinta";"13:15:00";"MT";163;"53";"RONDONOPOLIS";"Outras";"Saída de Pista";"Com Vítimas Feridas";"Pleno dia";"Crescente";"Chuva";"Dupla";"Reta";"Rural";1;0;1;0;0;0;1;1
83509119;"20/10/16";"Quinta";"06:50:00";"MG";356;"285,7";"PATROCINIO DO MURIAE";"Desobediência à sinalização";"Colisão Transversal";"Com Vítimas Feridas";"Amanhecer";"Decrescente";"Ceu Claro";"Simples";"Cruzamento";"Urbano";2;0;1;0;1;0;1;2
83509120;"20/10/16";"Quinta";"11:05:00";"TO";153;"138";"ARAGUAINA";"Outras";"Saída de Pista";"Ignorado";"Pleno dia";"Crescente";"Ceu Claro";"Dupla";"Reta";"Urbano";1;0;0;0;0;1;0;1
83509121;"14/10/16";"Sexta";"01:30:00";"BA";116;"498";"ITATIM";"Dormindo";"Saída de Pista";"Sem Vítimas";"Plena noite";"Decrescente";"Ceu Claro";"Simples";"Reta";"Rural";1;0;0;0;1;0;0;1
83509122;"20/10/16";"Quinta";"08:20:00";"SC";101;"114,8";"ITAJAI";"Outras";"Colisão lateral";"Com Vítimas Feridas";"Pleno dia";"Crescente";"Nublado";"Dupla";"Curva";"Urbano";2;0;1;0;1;0;1;2
83509123;"17/10/16";"Segunda";"20:30:00";"BA";330;"694,4";"JEQUIE";"Falta de atenção";"Saída de Pista";"Sem Vítimas";"Plena noite";"Decrescente";"Ceu Claro";"Simples";"Curva";"Rural";1;0;0;0;1;0;0;1
83509124;"20/10/16";"Quinta";"12:00:00";"MA";10;"248";"IMPERATRIZ";"Não guardar distância de segurança";"Colisão traseira";"Sem Vítimas";"Pleno dia";"Decrescente";"Ceu Claro";"Simples";"Reta";"Urbano";2;0;0;0;2;0;0;2
83509125;"20/10/16";"Quinta";"14:24:00";"SP";153;"63,9";"SAO JOSE DO RIO PRETO";"Falta de atenção";"Colisão traseira";"Sem Vítimas";"Pleno dia";"Crescente";"Chuva";"Dupla";"Reta";"Urbano";2;0;0;0;2;0;0;2
83509126;"20/10/16";"Quinta";"14:25:00";"MG";381;"503,5";"BETIM";"Velocidade incompatível";"Colisão lateral";"Com Vítimas Feridas";"Pleno dia";"Decrescente";"Chuva";"Dupla";"Curva";"Urbano";3;0;2;0;1;0;2;3
83509127;"20/10/16";"Quinta";"11:20:00";"MG";116;"710,8";"MURIAE";"Velocidade incompatível";"Tombamento";"Com Vítimas Feridas";"Pleno dia";"Decrescente";"Sol";"Simples";"Curva";"Rural";1;0;1;0;0;0;1;1
83509129;"20/10/16";"Quinta";"13:10:00";"PR";277;"685,1";"SAO MIGUEL DO IGUACU";"Falta de atenção";"Colisão traseira";"Com Vítimas Feridas";"Pleno dia";"Decrescente";"Nublado";"Dupla";"Reta";"Rural";6;0;1;0;5;0;1;2
83509130;"02/10/16";"Domingo";"00:20:00";"BA";242;"392";"SEABRA";"Outras";"Colisão com objeto fixo";"Com Vítimas Fatais";"Plena noite";"Decrescente";"Ceu Claro";"Simples";"Reta";"Rural";2;1;0;0;1;0;0;2
83509131;"15/10/16";"Sábado";"08:35:00";"DF";20;"6";"BRASILIA";"Ingestão de álcool";"Colisão traseira";"Com Vítimas Feridas";"Pleno dia";"Decrescente";"Ceu Claro";"Dupla";"Reta";"Urbano";2;0;1;0;1;0;1;2
83509132;"20/10/16";"Quinta";"15:00:00";"PR";277;"436,1";"VIRMOND";"Velocidade incompatível";"Saída de Pista";"Sem Vítimas";"Pleno dia";"Decrescente";"Nublado";"Múltipla";"Curva";"Rural";2;0;0;0;2;0;0;2
83509133;"20/10/16";"Quinta";"10:30:00";"RJ";465;"21";"SEROPEDICA";"Outras";"Colisão lateral";"Com Vítimas Feridas";"Pleno dia";"Decrescente";"Ceu Claro";"Simples";"Reta";"Rural";3;0;2;0;1;0;2;2
83509134;"16/10/16";"Domingo";"21:30:00";"SC";101;"273";"IMBITUBA";"Falta de atenção";"Saída de Pista";"Sem Vítimas";"Plena noite";"Decrescente";"Chuva";"Dupla";"Curva";"Urbano";3;0;0;0;3;0;0;1
83509135;"28/09/16";"Quarta";"20:00:00";"BA";101;"65,2";"ENTRE RIOS";"Defeito na via";"Tombamento";"Com Vítimas Feridas";"Plena noite";"Decrescente";"Nublado";"Simples";"Curva";"Urbano";1;0;1;0;0;0;1;1
83509136;"20/10/16";"Quinta";"15:10:00";"PR";153;"47,5";"SANTO ANTONIO DA PLATINA";"Outras";"Colisão lateral";"Sem Vítimas";"Pleno dia";"Crescente";"Ceu Claro";"Simples";"Curva";"Rural";16;0;0;0;16;0;0;2
83509138;"19/10/16";"Quarta";"09:10:00";"SP";116;"165";"JACAREI";"Outras";"Colisão traseira";"Sem Vítimas";"Pleno dia";"Decrescente";"Ceu Claro";"Dupla";"Reta";"Urbano";2;0;0;0;2;0;0;2
83509139;"20/10/16";"Quinta";"09:20:00";"SC";116;"181,5";"SAO CRISTOVAO DO SUL";"Velocidade incompatível";"Tombamento";"Com Vítimas Feridas";"Pleno dia";"Decrescente";"Nublado";"Simples";"Curva";"Urbano";1;0;1;0;0;0;1;1
83509140;"20/10/16";"Quinta";"15:20:00";"PR";376;"664";"GUARATUBA";"Defeito mecânico em veículo";"Incêndio";"Sem Vítimas";"Pleno dia";"Decrescente";"Chuva";"Dupla";"Reta";"Rural";2;0;0;0;2;0;0;2
83509141;"20/10/16";"Quinta";"10:30:00";"MG";381;"452";"SABARA";"Falta de atenção";"Colisão traseira";"Sem Vítimas";"Pleno dia";"Crescente";"Nublado";"Simples";"Reta";"Rural";2;0;0;0;2;0;0;2
83509142;"20/10/16";"Quinta";"15:30:00";"PE";101;"67,1";"RECIFE";"Outras";"Colisão lateral";"Com Vítimas Feridas";"Pleno dia";"Crescente";"Ceu Claro";"Dupla";"Reta";"Urbano";2;0;1;0;1;0;1;2
83509143;"20/10/16";"Quinta";"14:00:00";"BA";324;"513";"FEIRA DE SANTANA";"Falta de atenção";"Atropelamento de pessoa";"Com Vítimas Feridas";"Pleno dia";"Decrescente";"Ceu Claro";"Simples";"Reta";"Urbano";2;0;2;0;0;0;2;1
83509144;"08/05/16";"Domingo";"22:30:00";"BA";116;"577";"BREJOES";"Falta de atenção";"Atropelamento de pessoa";"Com Vítimas Fatais";"Plena noite";"Decrescente";"Ceu Claro";"Simples";"Reta";"Rural";2;1;0;1;0;0;1;1
83509145;"16/10/16";"Domingo";"23:50:00";"RJ";101;"297,7";"ITABORAI";"Outras";"Colisão traseira";"Com Vítimas Feridas";"Plena noite";"Decrescente";"Ceu Claro";"Simples";"Reta";"Urbano";3;0;1;0;2;0;1;3
83509146;"20/10/16";"Quinta";"12:15:00";"GO";40;"7,8";"LUZIANIA";"Falta de atenção";"Atropelamento de pessoa";"Com Vítimas Feridas";"Pleno dia";"Decrescente";"Ceu Claro";"Dupla";"Reta";"Urbano";2;0;1;0;1;0;1;1
83509147;"20/10/16";"Quinta";"14:03:00";"MA";135;"73";"SANTA RITA";"Outras";"Atropelamento de pessoa";"Com Vítimas Feridas";"Pleno dia";"Decrescente";"Ceu Claro";"Simples";"Reta";"Rural";2;0;1;0;0;1;1;1
83509148;"20/10/16";"Quinta";"15:10:00";"RJ";116;"287,6";"BARRA MANSA";"Outras";"Saída de Pista";"Sem Vítimas";"Pleno dia";"Decrescente";"Ceu Claro";"Simples";"Curva";"Rural";1;0;0;0;1;0;0;1
83509149;"20/10/16";"Quinta";"16:30:00";"MG";262;"30";"REDUTO";"Falta de atenção";"Colisão traseira";"Sem Vítimas";"Pleno dia";"Crescente";"Sol";"Simples";"Reta";"Rural";2;0;0;0;2;0;0;2
83509150;"09/10/16";"Domingo";"00:32:00";"SP";116;"145";"SAO JOSE DOS CAMPOS";"Outras";"Colisão com objeto móvel";"Com Vítimas Feridas";"Plena noite";"Decrescente";"Ceu Claro";"Múltipla";"Reta";"Urbano";4;0;1;0;3;0;1;1
83509151;"20/10/16";"Quinta";"15:00:00";"RS";158;"115,7";"PALMEIRA DAS MISSOES";"Velocidade incompatível";"Saída de Pista";"Com Vítimas Feridas";"Pleno dia";"Decrescente";"Ceu Claro";"Simples";"Curva";"Rural";1;0;1;0;0;0;1;1
83509152;"20/10/16";"Quinta";"14:00:00";"PR";376;"436";"TIBAGI";"Velocidade incompatível";"Colisão traseira";"Sem Vítimas";"Pleno dia";"Decrescente";"Sol";"Simples";"Reta";"Rural";3;0;0;0;3;0;0;3
83509153;"16/10/16";"Domingo";"17:45:00";"MG";40;"470,3";"SETE LAGOAS";"Outras";"Saída de Pista";"Sem Vítimas";"Pleno dia";"Crescente";"Chuva";"Dupla";"Reta";"Urbano";1;0;0;0;1;0;0;1
83509154;"01/10/16";"Sábado";"03:00:00";"BA";324;"514";"FEIRA DE SANTANA";"Falta de atenção";"Colisão Transversal";"Com Vítimas Feridas";"Plena noite";"Decrescente";"Nublado";"Simples";"Reta";"Urbano";2;0;1;0;1;0;1;2
83509155;"20/10/16";"Quinta";"16:30:00";"RS";480;"72,1";"ERECHIM";"Falta de atenção";"Colisão Transversal";"Com Vítimas Feridas";"Pleno dia";"Crescente";"Sol";"Simples";"Reta";"Urbano";3;0;0;1;2;0;1;2
83509156;"20/10/16";"Quinta";"09:00:00";"MT";163;"982";"TERRA NOVA DO NORTE";"Velocidade incompatível";"Saída de Pista";"Com Vítimas Feridas";"Plena noite";"Crescente";"Chuva";"Simples";"Curva";"Rural";2;0;2;0;0;0;2;1
83509157;"20/10/16";"Quinta";"17:00:00";"RJ";116;"196";"QUEIMADOS";"Outras";"Queda de motocicleta / bicicleta / veículo";"Com Vítimas Feridas";"Pleno dia";"Decrescente";"Ceu Claro";"Dupla";"Reta";"Rural";1;0;0;1;0;0;1;1
83509158;"20/10/16";"Quinta";"16:50:00";"SC";163;"68,7";"SAO MIGUEL DOESTE";"Outras";"Colisão Transversal";"Sem Vítimas";"Pleno dia";"Decrescente";"Nublado";"Dupla";"Cruzamento";"Urbano";3;0;0;0;3;0;0;3
83509159;"19/10/16";"Quarta";"10:25:00";"MG";381;"897,8";"CAMBUI";"Falta de atenção";"Atropelamento de pessoa";"Com Vítimas Feridas";"Pleno dia";"Decrescente";"Ceu Claro";"Dupla";"Reta";"Urbano";3;0;0;1;2;0;1;1
83509160;"20/10/16";"Quinta";"11:20:00";"SP";116;"279";"EMBU";"Falta de atenção";"Colisão lateral";"Com Vítimas Feridas";"Pleno dia";"Decrescente";"Sol";"Dupla";"Reta";"Urbano";2;0;1;0;0;1;1;2
83509161;"18/10/16";"Terça";"00:50:00";"GO";40;"0,4";"VALPARAISO DE GOIAS";"Ingestão de álcool";"Colisão traseira";"Sem Vítimas";"Plena noite";"Crescente";"Ceu Claro";"Dupla";"Reta";"Urbano";3;0;0;0;3;0;0;2
83509162;"18/10/16";"Terça";"14:40:00";"AM";174;"959";"MANAUS";"Dormindo";"Saída de Pista";"Com Vítimas Feridas";"Pleno dia";"Crescente";"Ceu Claro";"Simples";"Reta";"Rural";1;0;1;0;0;0;1;1
83509163;"20/10/16";"Quinta";"13:00:00";"PE";101;"63";"RECIFE";"Defeito mecânico em veículo";"Colisão lateral";"Sem Vítimas";"Pleno dia";"Crescente";"Sol";"Dupla";"Reta";"Urbano";2;0;0;0;2;0;0;2
83509164;"24/09/16";"Sábado";"18:08:00";"BA";324;"621";"SALVADOR";"Outras";"Atropelamento de pessoa";"Com Vítimas Feridas";"Anoitecer";"Decrescente";"Nublado";"Dupla";"Reta";"Urbano";2;0;1;0;0;1;1;1
83509165;"20/10/16";"Quinta";"14:00:00";"PI";343;"2";"TERESINA";"Não guardar distância de segurança";"Colisão traseira";"Com Vítimas Feridas";"Pleno dia";"Crescente";"Sol";"Dupla";"Reta";"Urbano";3;0;1;0;2;0;1;2
83509166;"20/10/16";"Quinta";"17:30:00";"PR";376;"182,1";"SARANDI";"Outras";"Queda de motocicleta / bicicleta / veículo";"Com Vítimas Feridas";"Pleno dia";"Decrescente";"Chuva";"Dupla";"Curva";"Urbano";1;0;1;0;0;0;1;1
83509167;"16/10/16";"Domingo";"23:10:00";"SC";282;"170";"BOCAINA DO SUL";"Falta de atenção";"Colisão traseira";"Com Vítimas Feridas";"Plena noite";"Crescente";"Chuva";"Simples";"Reta";"Rural";7;0;2;4;1;0;6;3
83509168;"16/10/16";"Domingo";"20:50:00";"ES";101;"263,2";"SERRA";"Não guardar distância de segurança";"Colisão traseira";"Com Vítimas Feridas";"Plena noite";"Decrescente";"Ceu Claro";"Dupla";"Reta";"Urbano";3;0;1;1;1;0;2;2
83509169;"20/10/16";"Quinta";"14:00:00";"MG";381;"554,9";"ITAGUARA";"Outras";"Capotamento";"Sem Vítimas";"Pleno dia";"Decrescente";"Nublado";"Dupla";"Reta";"Rural";1;0;0;0;1;0;0;1
83509170;"20/10/16";"Quinta";"14:10:00";"RS";153;"524,8";"CACAPAVA DO SUL";"Dormindo";"Saída de Pista";"Com Vítimas Feridas";"Pleno dia";"Decrescente";"Nublado";"Simples";"Reta";"Rural";1;0;1;0;0;0;1;1
83509171;"20/10/16";"Quinta";"14:20:00";"PR";467;"108";"CASCAVEL";"Outras";"Saída de Pista";"Com Vítimas Feridas";"Pleno dia";"Crescente";"Chuva";"Dupla";"Reta";"Urbano";1;0;1;0;0;0;1;1
83509172;"20/10/16";"Quinta";"15:35:00";"RS";471;"145,2";"SANTA CRUZ DO SUL";"Ultrapassagem indevida";"Tombamento";"Com Vítimas Feridas";"Pleno dia";"Crescente";"Ceu Claro";"Simples";"Curva";"Urbano";1;0;1;0;0;0;1;1
83509173;"14/10/16";"Sexta";"19:30:00";"GO";20;"21,5";"FORMOSA";"Falta de atenção";"Colisão Transversal";"Com Vítimas Feridas";"Plena noite";"Decrescente";"Ceu Claro";"Simples";"Reta";"Rural";5;0;2;0;3;0;2;2
83509174;"20/10/16";"Quinta";"11:30:00";"BA";415;"58";"ITABUNA";"Velocidade incompatível";"Colisão frontal";"Com Vítimas Feridas";"Pleno dia";"Decrescente";"Chuva";"Simples";"Curva";"Rural";3;0;2;0;1;0;2;2
83509175;"17/10/16";"Segunda";"05:15:00";"SP";116;"92";"PINDAMONHANGABA";"Outras";"Atropelamento de animal";"Com Vítimas Feridas";"Amanhecer";"Decrescente";"Ceu Claro";"Dupla";"Reta";"Urbano";1;0;1;0;0;0;1;1
83509176;"20/10/16";"Quinta";"12:56:00";"MT";163;"586";"NOVA MUTUM";"Falta de atenção";"Colisão lateral";"Sem Vítimas";"Pleno dia";"Decrescente";"Nublado";"Simples";"Reta";"Rural";2;0;0;0;2;0;0;2
83509177;"16/10/16";"Domingo";"18:00:00";"MG";40;"461,7";"SETE LAGOAS";"Velocidade incompatível";"Colisão traseira";"Com Vítimas Feridas";"Pleno dia";"Crescente";"Chuva";"Dupla";"Reta";"Rural";3;0;1;0;2;0;1;3
83509178;"20/10/16";"Quinta";"13:00:00";"GO";153;"91";"SANTA TEREZA DE GOIAS";"Ingestão de álcool";"Saída de Pista";"Ignorado";"Pleno dia";"Crescente";"Ceu Claro";"Simples";"Curva";"Urbano";1;0;0;0;0;1;0;1
83509179;"20/10/16";"Quinta";"13:20:00";"MS";262;"287,6";"CAMPO GRANDE";"Desobediência à sinalização";"Colisão lateral";"Sem Vítimas";"Pleno dia";"Decrescente";"Sol";"Simples";"Curva";"Rural";3;0;0;0;3;0;0;2
83509180;"17/10/16";"Segunda";"07:30:00";"RJ";40;"79";"PETROPOLIS";"Outras";"Capotamento";"Com Vítimas Feridas";"Pleno dia";"Crescente";"Ceu Claro";"Simples";"Curva";"Rural";2;0;1;0;1;0;1;1
83509181;"16/10/16";"Domingo";"17:00:00";"ES";262;"70";"MARECHAL FLORIANO";"Dormindo";"Saída de Pista";"Com Vítimas Feridas";"Pleno dia";"Decrescente";"Ceu Claro";"Simples";"Curva";"Rural";5;0;1;1;2;1;2;1
83509182;"20/10/16";"Quinta";"18:00:00";"SP";116;"77,7";"ROSEIRA";"Outras";"Colisão traseira";"Com Vítimas Feridas";"Anoitecer";"Decrescente";"Ceu Claro";"Dupla";"Reta";"Urbano";2;0;1;0;1;0;1;2
83509183;"20/10/16";"Quinta";"17:00:00";"RJ";101;"485";"ANGRA DOS REIS";"Outras";"Colisão traseira";"Sem Vítimas";"Pleno dia";"Decrescente";"Nublado";"Simples";"Curva";"Rural";2;0;0;0;2;0;0;2
83509184;"20/10/16";"Quinta";"13:10:00";"GO";60;"200";"GUAPO";"Outras";"Saída de Pista";"Sem Vítimas";"Pleno dia";"Crescente";"Chuva";"Dupla";"Reta";"Rural";1;0;0;0;1;0;0;1
83509185;"20/10/16";"Quinta";"08:00:00";"MG";267;"287,9";"AIURUOCA";"Outras";"Saída de Pista";"Com Vítimas Feridas";"Pleno dia";"Crescente";"Sol";"Simples";"Curva";"Rural";1;0;1;0;0;0;1;1
83509186;"20/10/16";"Quinta";"16:20:00";"PR";116;"11";"COLOMBO";"Falta de atenção";"Queda de motocicleta / bicicleta / veículo";"Com Vítimas Feridas";"Pleno dia";"Decrescente";"Chuva";"Dupla";"Reta";"Rural";1;0;1;0;0;0;1;1
83509187;"20/10/16";"Quinta";"17:23:00";"PR";116;"17";"COLOMBO";"Falta de atenção";"Colisão Transversal";"Com Vítimas Feridas";"Pleno dia";"Decrescente";"Chuva";"Múltipla";"Reta";"Urbano";3;0;1;0;1;1;1;2
83509188;"18/10/16";"Terça";"18:30:00";"MT";364;"265,5";"SAO PEDRO DA CIPA";"Defeito mecânico em veículo";"Incêndio";"Sem Vítimas";"Anoitecer";"Decrescente";"Ceu Claro";"Simples";"Reta";"Rural";1;0;0;0;1;0;0;1
83509189;"20/10/16";"Quinta";"09:05:00";"GO";60;"196,4";"GUAPO";"Falta de atenção";"Saída de Pista";"Sem Vítimas";"Pleno dia";"Crescente";"Chuva";"Dupla";"Reta";"Rural";1;0;0;0;1;0;0;1
83509191;"20/10/16";"Quinta";"17:40:00";"RS";116;"245";"SAO LEOPOLDO";"Outras";"Colisão com bicicleta";"Com Vítimas Feridas";"Pleno dia";"Crescente";"Ceu Claro";"Múltipla";"Reta";"Urbano";2;0;1;0;0;1;1;2
83509192;"20/10/16";"Quinta";"16:40:00";"RS";470;"190,1";"VERANOPOLIS";"Falta de atenção";"Colisão frontal";"Com Vítimas Feridas";"Pleno dia";"Decrescente";"Sol";"Simples";"Reta";"Rural";2;0;1;0;1;0;1;2
83509193;"16/10/16";"Domingo";"16:15:00";"SC";101;"203";"SAO JOSE";"Falta de atenção";"Colisão Transversal";"Com Vítimas Feridas";"Pleno dia";"Decrescente";"Sol";"Dupla";"Reta";"Urbano";2;0;1;0;1;0;1;2
83509194;"20/10/16";"Quinta";"08:47:00";"RO";319;"61,5";"PORTO VELHO";"Falta de atenção";"Colisão traseira";"Sem Vítimas";"Pleno dia";"Decrescente";"Ceu Claro";"Dupla";"Cruzamento";"Urbano";2;0;0;0;2;0;0;2
83509195;"20/10/16";"Quinta";"17:55:00";"SP";116;"77,4";"ROSEIRA";"Outras";"Colisão lateral";"Com Vítimas Feridas";"Anoitecer";"Decrescente";"Ceu Claro";"Dupla";"Reta";"Urbano";3;0;2;0;0;1;2;2
83509196;"03/10/16";"Segunda";"11:00:00";"BA";101;"430";"MARAU";"Não guardar distância de segurança";"Colisão traseira";"Sem Vítimas";"Pleno dia";"Decrescente";"Chuva";"Simples";"Reta";"Rural";2;0;0;0;2;0;0;2