"id";"data_inversa";"dia_semana";"horario";"uf";"br";"km";"municipio";"causa_acidente";"tipo_acidente";"classificacao_acidente";"fase_dia";"sentido_via";"condicao_metereologica";"tipo_pista";"tracado_via";"uso_solo";"pessoas";"mortos";"feridos_leves";"feridos_graves";"ilesos";"ignorados";"feridos";"veiculos"
83509197;"20/10/16";"Quinta";"14:00:00";"PR";277;"68";"SAO JOSE DOS PINHAIS";"Falta de atenção";"Saída de Pista";"Sem Vítimas";"Pleno dia";"Decrescente";"Nevoeiro/neblina";"Dupla";"Reta";"Urbano";1;0;0;0;1;0;0;1
83509198;"20/10/16";"Quinta";"11:00:00";"ES";101;"180,2";"ARACRUZ";"Falta de atenção";"Colisão traseira";"Com Vítimas Feridas";"Pleno dia";"Decrescente";"Sol";"Simples";"Reta";"Rural";3;0;1;0;2;0;1;3
83509199;"07/10/16";"Sexta";"22:55:00";"MT";364;"499";"JANGADA";"Ingestão de álcool";"Colisão traseira";"Sem Vítimas";"Plena noite";"Decrescente";"Ceu Claro";"Simples";"Reta";"Rural";2;0;0;0;2;0;0;2
83509200;"20/10/16";"Quinta";"14:00:00";"GO";60;"168";"GOIANIA";"Outras";"Colisão traseira";"Com Vítimas Feridas";"Pleno dia";"Crescente";"Nublado";"Dupla";"Reta";"Urbano";2;0;0;1;1;0;1;2
83509201;"20/10/16";"Quinta";"18:30:00";"SC";470;"62,8";"BLUMENAU";"Desobediência à sinalização";"Colisão Transversal";"Com Vítimas Feridas";"Pleno dia";"Decrescente";"Nublado";"Simples";"Cruzamento";"Urbano";2;0;1;0;1;0;1;2
83509202;"17/10/16";"Segunda";"17:30:00";"CE";116;"14,5";"FORTALEZA";"Falta de atenção";"Colisão lateral";"Sem Vítimas";"Anoitecer";"Decrescente";"Ceu Claro";"Dupla";"Reta";"Urbano";2;0;0;0;1;1;0;2
83509203;"16/10/16";"Domingo";"18:10:00";"PE";232;"132,9";"CARUARU";"Animais na Pista";"Atropelamento de animal";"Sem Vítimas";"Plena noite";"Crescente";"Ceu Claro";"Dupla";"Reta";"Urbano";1;0;0;0;1;0;0;1
83509204;"20/10/16";"Quinta";"11:00:00";"SC";280;"102";"SAO BENTO DO SUL";"Velocidade incompatível";"Saída de Pista";"Com Vítimas Feridas";"Pleno dia";"Decrescente";"Ceu Claro";"Simples";"Curva";"Urbano";1;0;0;1;0;0;1;1
83509205;"20/10/16";"Quinta";"08:23:00";"RJ";40;"90";"PETROPOLIS";"Outras";"Capotamento";"Com Vítimas Feridas";"Pleno dia";"Crescente";"Nevoeiro/neblina";"Simples";"Reta";"Urbano";1;0;1;0;0;0;1;1
83509206;"20/10/16";"Quinta";"09:30:00";"GO";60;"197,5";"GUAPO";"Falta de atenção";"Saída de Pista";"Sem Vítimas";"Pleno dia";"Crescente";"Chuva";"Dupla";"Reta";"Rural";1;0;0;0;1;0;0;1
83509207;"16/10/16";"Domingo";"12:00:00";"RJ";101;"156";"MACAE";"Outras";"Colisão lateral";"Com Vítimas Feridas";"Pleno dia";"Decrescente";"Sol";"Simples";"Reta";"Rural";3;0;2;0;1;0;2;2
83509208;"20/10/16";"Quinta";"17:00:00";"MG";381;"483,8";"BETIM";"Outras";"Colisão lateral";"Com Vítimas Feridas";"Pleno dia";"Crescente";"Chuva";"Múltipla";"Curva";"Urbano";2;0;1;0;1;0;1;2
83509209;"20/10/16";"Quinta";"16:30:00";"BA";407;"2";"JUAZEIRO";"Falta de atenção";"Colisão lateral";"Sem Vítimas";"Pleno dia";"Decrescente";"Ceu Claro";"Simples";"Cruzamento";"Urbano";2;0;0;0;2;0;0;2
83509211;"19/10/16";"Quarta";"19:30:00";"GO";364;"298";"MINEIROS";"Desobediência à sinalização";"Colisão Transversal";"Sem Vítimas";"Anoitecer";"Decrescente";"Ceu Claro";"Dupla";"Reta";"Urbano";2;0;0;0;2;0;0;2
83509212;"20/10/16";"Quinta";"18:35:00";"SC";101;"38,8";"JOINVILLE";"Falta de atenção";"Colisão traseira";"Com Vítimas Feridas";"Anoitecer";"Crescente";"Chuva";"Dupla";"Reta";"Urbano";2;0;1;0;1;0;1;2
83509213;"20/10/16";"Quinta";"09:30:00";"MA";10;"251";"IMPERATRIZ";"Falta de atenção";"Colisão traseira";"Sem Vítimas";"Pleno dia";"Crescente";"Sol";"Dupla";"Reta";"Urbano";2;0;0;0;2;0;0;2
83509214;"20/10/16";"Quinta";"16:50:00";"BA";116;"423";"FEIRA DE SANTANA";"Falta de atenção";"Colisão traseira";"Com Vítimas Feridas";"Pleno dia";"Decrescente";"Ceu Claro";"Simples";"Cruzamento";"Urbano";2;0;1;0;1;0;1;2
83509215;"18/10/16";"Terça";"09:55:00";"PB";230;"22,1";"JOAO PESSOA";"Falta de atenção";"Colisão traseira";"Sem Vítimas";"Pleno dia";"Decrescente";"Ceu Claro";"Dupla";"Reta";"Urbano";4;0;0;0;4;0;0;4
83509216;"20/10/16";"Quinta";"15:30:00";"SP";116;"356,7";"MIRACATU";"Desobediência à sinalização";"Colisão lateral";"Com Vítimas Feridas";"Pleno dia";"Crescente";"Nublado";"Simples";"Curva";"Rural";2;0;1;0;1;0;1;2
83509217;"20/10/16";"Quinta";"09:40:00";"GO";60;"202,1";"GUAPO";"Falta de atenção";"Saída de Pista";"Sem Vítimas";"Pleno dia";"Crescente";"Chuva";"Dupla";"Reta";"Rural";1;0;0;0;1;0;0;1
83509218;"20/10/16";"Quinta";"09:00:00";"RJ";393;"165";"TRES RIOS";"Não guardar distância de segurança";"Colisão traseira";"Sem Vítimas";"Pleno dia";"Crescente";"Ceu Claro";"Simples";"Curva";"Rural";5;0;0;0;3;2;0;5
83509219;"20/10/16";"Quinta";"15:00:00";"RJ";116;"12";"TERESOPOLIS";"Outras";"Tombamento";"Com Vítimas Feridas";"Pleno dia";"Crescente";"Ceu Claro";"Simples";"Curva";"Rural";1;0;1;0;0;0;1;1
83509220;"20/10/16";"Quinta";"19:40:00";"RJ";101;"319";"SAO GONCALO";"Outras";"Colisão traseira";"Com Vítimas Feridas";"Plena noite";"Decrescente";"Ceu Claro";"Dupla";"Reta";"Urbano";4;0;2;0;2;0;2;3
83509221;"20/10/16";"Quinta";"16:45:00";"MG";116;"751,5";"LEOPOLDINA";"Ultrapassagem indevida";"Colisão lateral";"Com Vítimas Feridas";"Pleno dia";"Crescente";"Ceu Claro";"Simples";"Reta";"Rural";2;0;1;0;1;0;1;2
83509222;"20/10/16";"Quinta";"15:45:00";"MG";116;"273,2";"TEOFILO OTONI";"Falta de atenção";"Colisão frontal";"Com Vítimas Feridas";"Pleno dia";"Decrescente";"Sol";"Simples";"Reta";"Rural";2;0;1;0;1;0;1;2
83509223;"20/10/16";"Quinta";"19:20:00";"SC";470;"25";"ILHOTA";"Falta de atenção";"Queda de motocicleta / bicicleta / veículo";"Com Vítimas Feridas";"Plena noite";"Decrescente";"Chuva";"Simples";"Curva";"Rural";1;0;0;1;0;0;1;1
83509224;"20/10/16";"Quinta";"17:30:00";"MA";10;"256";"IMPERATRIZ";"Falta de atenção";"Colisão traseira";"Sem Vítimas";"Pleno dia";"Decrescente";"Ceu Claro";"Simples";"Reta";"Urbano";4;0;0;0;3;1;0;3
83509225;"20/10/16";"Quinta";"15:35:00";"RO";364;"181,8";"PIMENTA BUENO";"Defeito na via";"Saída de Pista";"Com Vítimas Feridas";"Pleno dia";"Crescente";"Nublado";"Simples";"Reta";"Rural";4;0;3;1;0;0;4;1
83509226;"16/10/16";"Domingo";"17:30:00";"CE";222;"11";"CAUCAIA";"Outras";"Colisão traseira";"Ignorado";"Pleno dia";"Decrescente";"Ceu Claro";"Dupla";"Reta";"Urbano";2;0;0;0;0;2;0;2
83509227;"20/10/16";"Quinta";"18:15:00";"MG";381;"478,4";"CONTAGEM";"Não guardar distância de segurança";"Colisão lateral";"Com Vítimas Feridas";"Pleno dia";"Crescente";"Nublado";"Dupla";"Reta";"Urbano";2;0;1;0;1;0;1;2
83509228;"20/10/16";"Quinta";"07:30:00";"MG";365;"438,9";"PATOS DE MINAS";"Defeito mecânico em veículo";"Colisão com objeto móvel";"Com Vítimas Fatais";"Pleno dia";"Crescente";"Chuva";"Simples";"Reta";"Rural";4;2;0;0;2;0;0;3
83509229;"15/10/16";"Sábado";"22:05:00";"GO";70;"6";"AGUAS LINDAS DE GOIAS";"Desobediência à sinalização";"Atropelamento de pessoa";"Com Vítimas Feridas";"Plena noite";"Decrescente";"Ceu Claro";"Dupla";"Reta";"Urbano";2;0;0;1;0;1;1;1
83509230;"20/10/16";"Quinta";"13:15:00";"PE";232;"66,7";"GRAVATA";"Defeito mecânico em veículo";"Tombamento";"Sem Vítimas";"Pleno dia";"Decrescente";"Sol";"Simples";"Curva";"Rural";1;0;0;0;1;0;0;1
83509231;"17/10/16";"Segunda";"20:30:00";"ES";101;"68";"SAO MATEUS";"Outras";"Colisão com objeto fixo";"Sem Vítimas";"Plena noite";"Decrescente";"Ceu Claro";"Simples";"Reta";"Urbano";1;0;0;0;1;0;0;1
83509232;"20/10/16";"Quinta";"19:20:00";"PR";277;"128";"BALSA NOVA";"Velocidade incompatível";"Capotamento";"Sem Vítimas";"Anoitecer";"Decrescente";"Chuva";"Dupla";"Curva";"Rural";1;0;0;0;1;0;0;1
83509233;"16/10/16";"Domingo";"20:00:00";"RN";101;"57";"CEARA-MIRIM";"Outras";"Colisão frontal";"Com Vítimas Feridas";"Plena noite";"Crescente";"Ceu Claro";"Simples";"Reta";"Rural";2;0;0;1;0;1;1;2
83509234;"20/10/16";"Quinta";"18:50:00";"DF";70;"7,8";"BRASILIA";"Falta de atenção";"Colisão traseira";"Com Vítimas Feridas";"Anoitecer";"Crescente";"Ceu Claro";"Dupla";"Reta";"Rural";4;0;1;0;3;0;1;2
83509235;"20/10/16";"Quinta";"09:00:00";"SC";101;"149";"ITAPEMA";"Desobediência à sinalização";"Colisão Transversal";"Com Vítimas Feridas";"Pleno dia";"Decrescente";"Ceu Claro";"Dupla";"Cruzamento";"Urbano";3;0;2;0;1;0;2;2
83509236;"20/10/16";"Quinta";"20:10:00";"RJ";101;"118";"CAMPOS DOS GOYTACAZES";"Ingestão de álcool";"Queda de motocicleta / bicicleta / veículo";"Com Vítimas Feridas";"Plena noite";"Crescente";"Ceu Claro";"Simples";"Reta";"Rural";1;0;1;0;0;0;1;1
83509237;"20/10/16";"Quinta";"16:00:00";"SC";101;"216,7";"PALHOCA";"Falta de atenção";"Colisão com bicicleta";"Com Vítimas Feridas";"Pleno dia";"Crescente";"Sol";"Dupla";"Reta";"Urbano";2;0;0;1;1;0;1;2
83509238;"20/10/16";"Quinta";"18:30:00";"RJ";101;"294";"ITABORAI";"Outras";"Atropelamento de pessoa";"Com Vítimas Feridas";"Pleno dia";"Crescente";"Ceu Claro";"Dupla";"Reta";"Urbano";2;0;0;1;1;0;1;1
83509239;"20/10/16";"Quinta";"17:00:00";"MA";316;"509";"CAXIAS";"Falta de atenção";"Colisão traseira";"Sem Vítimas";"Pleno dia";"Crescente";"Ceu Claro";"Simples";"Reta";"Rural";3;0;0;0;3;0;0;3
83509240;"20/10/16";"Quinta";"11:50:00";"RS";392;"345,8";"SANTA MARIA";"Falta de atenção";"Colisão traseira";"Sem Vítimas";"Pleno dia";"Crescente";"Nublado";"Simples";"Reta";"Rural";4;0;0;0;4;0;0;2
83509241;"20/10/16";"Quinta";"18:45:00";"SP";116;"216";"GUARULHOS";"Outras";"Colisão com objeto fixo";"Com Vítimas Feridas";"Plena noite";"Decrescente";"Nublado";"Múltipla";"Reta";"Urbano";1;0;1;0;0;0;1;1
83509242;"20/10/16";"Quinta";"20:30:00";"ES";101;"67";"SAO MATEUS";"Falta de atenção";"Colisão Transversal";"Com Vítimas Feridas";"Plena noite";"Crescente";"Ceu Claro";"Múltipla";"Reta";"Urbano";2;0;1;0;0;1;1;2
83509243;"20/10/16";"Quinta";"17:30:00";"MG";251;"304";"SALINAS";"Outras";"Saída de Pista";"Sem Vítimas";"Pleno dia";"Crescente";"Ceu Claro";"Simples";"Reta";"Rural";1;0;0;0;1;0;0;1
83509244;"20/10/16";"Quinta";"10:25:00";"MT";364;"485,3";"JANGADA";"Falta de atenção";"Saída de Pista";"Sem Vítimas";"Pleno dia";"Decrescente";"Chuva";"Simples";"Reta";"Rural";1;0;0;0;1;0;0;1
83509245;"20/10/16";"Quinta";"17:20:00";"MT";163;"843";"SINOP";"Defeito mecânico em veículo";"Queda de motocicleta / bicicleta / veículo";"Com Vítimas Fatais";"Anoitecer";"Crescente";"Nublado";"Simples";"Reta";"Urbano";3;1;1;0;1;0;1;2
83509247;"20/10/16";"Quinta";"22:00:00";"MG";381;"490";"BETIM";"Velocidade incompatível";"Colisão Transversal";"Sem Vítimas";"Plena noite";"Crescente";"Nublado";"Múltipla";"Reta";"Urbano";2;0;0;0;1;1;0;2
83509248;"20/10/16";"Quinta";"14:30:00";"MG";365;"185";"BURITIZEIRO";"Não guardar distância de segurança";"Colisão traseira";"Sem Vítimas";"Pleno dia";"Decrescente";"Sol";"Simples";"Reta";"Rural";2;0;0;0;2;0;0;2
83509249;"20/10/16";"Quinta";"14:20:00";"MG";381;"821,5";"CAREACU";"Não guardar distância de segurança";"Tombamento";"Sem Vítimas";"Pleno dia";"Crescente";"Nublado";"Dupla";"Reta";"Rural";1;0;0;0;1;0;0;1
83509250;"20/10/16";"Quinta";"21:50:00";"SC";470;"66,7";"INDAIAL";"Falta de atenção";"Colisão lateral";"Com Vítimas Feridas";"Plena noite";"Crescente";"Nublado";"Simples";"Reta";"Urbano";2;0;1;0;1;0;1;2
83509251;"20/10/16";"Quinta";"20:00:00";"PR";116;"41,7";"CAMPINA GRANDE DO SUL";"Falta de atenção";"Colisão Transversal";"Sem Vítimas";"Plena noite";"Decrescente";"Chuva";"Dupla";"Reta";"Rural";4;0;0;0;4;0;0;3
83509252;"20/10/16";"Quinta";"19:30:00";"PE";104;"48,4";"CARUARU";"Falta de atenção";"Saída de Pista";"Sem Vítimas";"Plena noite";"Decrescente";"Ceu Claro";"Dupla";"Reta";"Rural";2;0;0;0;2;0;0;1
83509253;"20/10/16";"Quinta";"22:00:00";"PR";369;"151";"LONDRINA";"Velocidade incompatível";"Colisão com objeto fixo";"Sem Vítimas";"Plena noite";"Decrescente";"Chuva";"Dupla";"Reta";"Urbano";1;0;0;0;1;0;0;1
83509254;"20/10/16";"Quinta";"21:15:00";"SC";280;"51,4";"GUARAMIRIM";"Outras";"Saída de Pista";"Sem Vítimas";"Plena noite";"Crescente";"Chuva";"Simples";"Curva";"Urbano";1;0;0;0;1;0;0;1
83509255;"20/10/16";"Quinta";"22:00:00";"SC";101;"413,7";"ARARANGUA";"Desobediência à sinalização";"Colisão Transversal";"Sem Vítimas";"Plena noite";"Crescente";"Nublado";"Simples";"Cruzamento";"Urbano";2;0;0;0;2;0;0;2
83509256;"20/10/16";"Quinta";"19:05:00";"MA";10;"248";"IMPERATRIZ";"Desobediência à sinalização";"Colisão lateral";"Sem Vítimas";"Plena noite";"Decrescente";"Ceu Claro";"Simples";"Reta";"Urbano";3;0;0;0;3;0;0;3
83509257;"20/10/16";"Quinta";"16:50:00";"MS";262;"237,3";"RIBAS DO RIO PARDO";"Falta de atenção";"Colisão Transversal";"Com Vítimas Feridas";"Anoitecer";"Crescente";"Nublado";"Simples";"Reta";"Urbano";2;0;0;1;1;0;1;2
83509258;"20/10/16";"Quinta";"08:00:00";"MS";158;"325";"TRES LAGOAS";"Defeito mecânico em veículo";"Tombamento";"Sem Vítimas";"Pleno dia";"Decrescente";"Ceu Claro";"Simples";"Reta";"Rural";1;0;0;0;1;0;0;1
83509259;"20/10/16";"Quinta";"22:30:00";"SC";101;"40";"JOINVILLE";"Falta de atenção";"Colisão traseira";"Sem Vítimas";"Plena noite";"Crescente";"Nublado";"Dupla";"Curva";"Urbano";2;0;0;0;2;0;0;2
83509260;"20/10/16";"Quinta";"14:30:00";"GO";60;"165";"GOIANIA";"Velocidade incompatível";"Colisão traseira";"Com Vítimas Feridas";"Pleno dia";"Crescente";"Sol";"Dupla";"Reta";"Urbano";2;0;1;0;1;0;1;2
83509261;"19/10/16";"Quarta";"04:30:00";"TO";153;"338";"GUARAI";"Falta de atenção";"Colisão frontal";"Com Vítimas Fatais";"Plena noite";"Decrescente";"Ceu Claro";"Simples";"Reta";"Rural";3;1;2;0;0;0;2;2
83509262;"20/10/16";"Quinta";"20:10:00";"SC";101;"40,1";"JOINVILLE";"Defeito mecânico em veículo";"Colisão com objeto fixo";"Sem Vítimas";"Plena noite";"Crescente";"Nublado";"Dupla";"Curva";"Urbano";6;0;0;0;6;0;0;6
83509263;"20/10/16";"Quinta";"12:05:00";"RS";470;"244,9";"BARAO";"Desobediência à sinalização";"Colisão Transversal";"Com Vítimas Feridas";"Pleno dia";"Decrescente";"Sol";"Simples";"Reta";"Urbano";2;0;1;0;1;0;1;2
83509264;"20/10/16";"Quinta";"12:20:00";"ES";262;"4";"CARIACICA";"Falta de atenção";"Colisão lateral";"Com Vítimas Feridas";"Pleno dia";"Crescente";"Ceu Claro";"Múltipla";"Reta";"Urbano";2;0;1;0;1;0;1;2
83509266;"20/10/16";"Quinta";"17:40:00";"RN";110;"125,9";"CAMPO GRANDE";"Outras";"Colisão traseira";"Com Vítimas Fatais";"Anoitecer";"Crescente";"Ceu Claro";"Simples";"Reta";"Rural";3;1;0;0;1;1;0;2
83509267;"20/10/16";"Quinta";"11:45:00";"RO";364;"305,3";"PRESIDENTE MEDICI";"Defeito mecânico em veículo";"Queda de motocicleta / bicicleta / veículo";"Com Vítimas Feridas";"Pleno dia";"Crescente";"Sol";"Simples";"Reta";"Urbano";1;0;1;0;0;0;1;1
83509268;"20/10/16";"Quinta";"23:00:00";"PE";232;"6";"RECIFE";"Outras";"Queda de motocicleta / bicicleta / veículo";"Com Vítimas Feridas";"Plena noite";"Crescente";"Ceu Claro";"Dupla";"Reta";"Urbano";1;0;0;1;0;0;1;1
83509269;"20/10/16";"Quinta";"15:30:00";"RS";290;"119,6";"ELDORADO DO SUL";"Ultrapassagem indevida";"Saída de Pista";"Com Vítimas Feridas";"Pleno dia";"Decrescente";"Nublado";"Simples";"Reta";"Rural";5;0;0;5;0;0;5;1
83509270;"20/10/16";"Quinta";"20:00:00";"MS";163;"562";"BANDEIRANTES";"Ultrapassagem indevida";"Capotamento";"Com Vítimas Feridas";"Plena noite";"Crescente";"Chuva";"Simples";"Reta";"Rural";4;0;2;0;2;0;2;1
83509271;"21/10/16";"Sexta";"01:30:00";"SP";116;"23,7";"LAVRINHAS";"Dormindo";"Colisão traseira";"Sem Vítimas";"Plena noite";"Crescente";"Ceu Claro";"Múltipla";"Reta";"Rural";2;0;0;0;2;0;0;2
83509272;"20/10/16";"Quinta";"22:00:00";"PI";316;"315,5";"PICOS";"Ingestão de álcool";"Colisão traseira";"Com Vítimas Feridas";"Plena noite";"Decrescente";"Ceu Claro";"Simples";"Reta";"Urbano";3;0;2;0;0;1;2;2
83509273;"20/10/16";"Quinta";"22:30:00";"RS";386;"59,5";"SEBERI";"Desobediência à sinalização";"Colisão frontal";"Com Vítimas Feridas";"Plena noite";"Decrescente";"Ceu Claro";"Simples";"Curva";"Rural";4;0;2;2;0;0;4;2
83509274;"20/10/16";"Quinta";"15:40:00";"RN";101;"127";"SAO JOSE DE MIPIBU";"Falta de atenção";"Colisão traseira";"Sem Vítimas";"Pleno dia";"Decrescente";"Ceu Claro";"Dupla";"Curva";"Rural";2;0;0;0;2;0;0;2
83509275;"20/10/16";"Quinta";"18:10:00";"RN";226;"322,1";"JANDUIS";"Outras";"Colisão lateral";"Com Vítimas Feridas";"Plena noite";"Decrescente";"Ceu Claro";"Simples";"Reta";"Rural";2;0;1;0;1;0;1;2
83509276;"20/10/16";"Quinta";"22:00:00";"BA";101;"536";"SAO JOSE DA VITORIA";"Velocidade incompatível";"Saída de Pista";"Com Vítimas Fatais";"Plena noite";"Decrescente";"Nublado";"Simples";"Curva";"Rural";1;1;0;0;0;0;0;1
83509277;"20/10/16";"Quinta";"08:20:00";"PB";101;"61,3";"SANTA RITA";"Defeito mecânico em veículo";"Capotamento";"Sem Vítimas";"Pleno dia";"Decrescente";"Ceu Claro";"Dupla";"Reta";"Rural";1;0;0;0;1;0;0;1
83509278;"20/10/16";"Quinta";"19:00:00";"MT";70;"181,5";"GENERAL CARNEIRO";"Falta de atenção";"Colisão frontal";"Com Vítimas Fatais";"Anoitecer";"Crescente";"Ceu Claro";"Simples";"Reta";"Rural";5;4;0;0;1;0;0;2
83509279;"20/10/16";"Quinta";"21:50:00";"BA";420;"338,6";"JAGUAQUARA";"Ingestão de álcool";"Capotamento";"Com Vítimas Fatais";"Plena noite";"Decrescente";"Ceu Claro";"Simples";"Reta";"Urbano";5;2;0;3;0;0;3;1
83509280;"26/09/16";"Segunda";"11:30:00";"AM";230;"459";"MANICORE";"Defeito na via";"Capotamento";"Sem Vítimas";"Pleno dia";"Crescente";"Ceu Claro";"Simples";"Reta";"Rural";1;0;0;0;1;0;0;1
83509281;"21/10/16";"Sexta";"02:50:00";"PR";277;"48";"MORRETES";"Dormindo";"Colisão com objeto fixo";"Sem Vítimas";"Plena noite";"Decrescente";"Nevoeiro/neblina";"Dupla";"Curva";"Rural";1;0;0;0;1;0;0;1
83509282;"20/10/16";"Quinta";"23:30:00";"BA";110;"366";"CATU";"Outras";"Capotamento";"Com Vítimas Feridas";"Plena noite";"Decrescente";"Ceu Claro";"Simples";"Reta";"Rural";1;0;1;0;0;0;1;1
83509283;"21/10/16";"Sexta";"02:20:00";"RS";116;"310,7";"GUAIBA";"Velocidade incompatível";"Saída de Pista";"Com Vítimas Feridas";"Plena noite";"Crescente";"Ceu Claro";"Simples";"Reta";"Rural";2;0;2;0;0;0;2;1
83509284;"21/10/16";"Sexta";"03:05:00";"RS";287;"233";"SANTA MARIA";"Ingestão de álcool";"Colisão com objeto fixo";"Sem Vítimas";"Plena noite";"Crescente";"Nublado";"Dupla";"Curva";"Urbano";2;0;0;0;2;0;0;1
83509285;"21/10/16";"Sexta";"00:45:00";"SC";101;"176,6";"BIGUACU";"Defeito mecânico em veículo";"Queda de motocicleta / bicicleta / veículo";"Com Vítimas Feridas";"Plena noite";"Crescente";"Nublado";"Dupla";"Reta";"Rural";2;0;2;0;0;0;2;1
83509286;"21/10/16";"Sexta";"02:45:00";"BA";116;"434";"FEIRA DE SANTANA";"Outras";"Tombamento";"Sem Vítimas";"Plena noite";"Decrescente";"Ceu Claro";"Dupla";"Curva";"Rural";1;0;0;0;1;0;0;1
83509287;"20/10/16";"Quinta";"15:20:00";"PI";343;"562";"FLORIANO";"Defeito mecânico em veículo";"Saída de Pista";"Com Vítimas Feridas";"Pleno dia";"Crescente";"Ceu Claro";"Simples";"Reta";"Rural";5;0;1;0;4;0;1;1
83509288;"20/10/16";"Quinta";"20:20:00";"RS";386;"62";"SEBERI";"Defeito mecânico em veículo";"Danos Eventuais";"Sem Vítimas";"Plena noite";"Crescente";"Ceu Claro";"Simples";"Reta";"Rural";2;0;0;0;2;0;0;2
83509289;"20/10/16";"Quinta";"09:50:00";"GO";60;"201,8";"GUAPO";"Outras";"Colisão com objeto fixo";"Sem Vítimas";"Pleno dia";"Decrescente";"Chuva";"Dupla";"Reta";"Rural";1;0;0;0;1;0;0;1
83509290;"20/10/16";"Quinta";"21:40:00";"PE";101;"159";"GAMELEIRA";"Falta de atenção";"Colisão traseira";"Sem Vítimas";"Plena noite";"Crescente";"Ceu Claro";"Dupla";"Reta";"Rural";3;0;0;0;3;0;0;3
83509291;"18/10/16";"Terça";"20:30:00";"BA";324;"574";"SAO SEBASTIAO DO PASSE";"Velocidade incompatível";"Tombamento";"Com Vítimas Feridas";"Plena noite";"Decrescente";"Ceu Claro";"Dupla";"Curva";"Rural";1;0;1;0;0;0;1;1
83509292;"21/10/16";"Sexta";"05:05:00";"PR";376;"657";"TIJUCAS DO SUL";"Falta de atenção";"Saída de Pista";"Com Vítimas Feridas";"Amanhecer";"Decrescente";"Nevoeiro/neblina";"Dupla";"Curva";"Rural";3;0;2;0;1;0;2;1
83509293;"20/10/16";"Quinta";"11:05:00";"PR";376;"597,5";"CURITIBA";"Falta de atenção";"Colisão lateral";"Sem Vítimas";"Pleno dia";"Crescente";"Ceu Claro";"Dupla";"Reta";"Urbano";2;0;0;0;2;0;0;2
83509294;"20/10/16";"Quinta";"12:45:00";"RJ";101;"49";"CAMPOS DOS GOYTACAZES";"Falta de atenção";"Colisão Transversal";"Com Vítimas Feridas";"Pleno dia";"Decrescente";"Sol";"Simples";"Reta";"Rural";3;0;2;0;1;0;2;2
83509295;"20/10/16";"Quinta";"17:30:00";"MG";50;"178,4";"UBERABA";"Falta de atenção";"Colisão lateral";"Com Vítimas Feridas";"Pleno dia";"Decrescente";"Ceu Claro";"Dupla";"Reta";"Urbano";2;0;1;0;1;0;1;2
83509296;"21/10/16";"Sexta";"05:20:00";"MG";50;"17";"ARAGUARI";"Dormindo";"Tombamento";"Sem Vítimas";"Plena noite";"Decrescente";"Ignorada";"Dupla";"Curva";"Rural";1;0;0;0;1;0;0;1
83509297;"16/10/16";"Domingo";"16:25:00";"MG";40;"762,6";"JUIZ DE FORA";"Velocidade incompatível";"Saída de Pista";"Com Vítimas Feridas";"Pleno dia";"Decrescente";"Chuva";"Simples";"Curva";"Rural";3;0;1;1;1;0;2;1
83509298;"20/10/16";"Quinta";"19:30:00";"RN";101;"147";"GOIANINHA";"Outras";"Atropelamento de pessoa";"Com Vítimas Feridas";"Plena noite";"Crescente";"Ceu Claro";"Dupla";"Reta";"Urbano";2;0;1;0;1;0;1;1
83509299;"20/10/16";"Quinta";"19:00:00";"PR";376;"178,4";"MARINGA";"Não guardar distância de segurança";"Colisão traseira";"Com Vítimas Feridas";"Pleno dia";"Decrescente";"Ceu Claro";"Dupla";"Reta";"Urbano";3;0;1;0;2;0;1;3
83509300;"17/10/16";"Segunda";"20:00:00";"PR";277;"78,1";"CURITIBA";"Falta de atenção";"Colisão traseira";"Com Vítimas Feridas";"Plena noite";"Decrescente";"Chuva";"Dupla";"Reta";"Urbano";2;0;0;1;0;1;1;2
83509301;"10/08/16";"Quarta";"07:15:00";"PR";277;"80,3";"CURITIBA";"Velocidade incompatível";"Colisão lateral";"Com Vítimas Feridas";"Pleno dia";"Crescente";"Sol";"Dupla";"Reta";"Urbano";2;0;1;0;1;0;1;2
83509302;"20/10/16";"Quinta";"23:40:00";"SP";116;"393,6";"MIRACATU";"Velocidade incompatível";"Saída de Pista";"Sem Vítimas";"Plena noite";"Decrescente";"Chuva";"Dupla";"Reta";"Rural";1;0;0;0;1;0;0;1
83509303;"20/10/16";"Quinta";"22:40:00";"MG";381;"488,9";"BETIM";"Falta de atenção";"Colisão lateral";"Sem Vítimas";"Plena noite";"Crescente";"Nublado";"Múltipla";"Reta";"Urbano";2;0;0;0;2;0;0;2
83509304;"17/10/16";"Segunda";"18:30:00";"PR";476;"126";"CURITIBA";"Não guardar distância de segurança";"Colisão traseira";"Com Vítimas Feridas";"Pleno dia";"Decrescente";"Nublado";"Dupla";"Reta";"Urbano";2;0;1;0;1;0;1;2
83509305;"20/10/16";"Quinta";"16:20:00";"SP";116;"340";"MIRACATU";"Falta de atenção";"Saída de Pista";"Sem Vítimas";"Pleno dia";"Decrescente";"Chuva";"Múltipla";"Curva";"Rural";1;0;0;0;1;0;0;1
83509306;"18/10/16";"Terça";"03:15:00";"MG";262;"359,6";"BETIM";"Ingestão de álcool";"Colisão traseira";"Com Vítimas Feridas";"Plena noite";"Crescente";"Ceu Claro";"Dupla";"Reta";"Rural";2;0;1;0;1;0;1;2