"id";"data_inversa";"dia_semana";"horario";"uf";"br";"km";"municipio";"causa_acidente";"tipo_acidente";"classificacao_acidente";"fase_dia";"sentido_via";"condicao_metereologica";"tipo_pista";"tracado_via";"uso_solo";"pessoas";"mortos";"feridos_leves";"feridos_graves";"ilesos";"ignorados";"feridos";"veiculos"
83509423;"16/10/16";"Domingo";"05:20:00";"RS";287;"317,5";"SAO VICENTE DO SUL";"Velocidade incompatível";"Saída de Pista";"Com Vítimas Feridas";"Plena noite";"Crescente";"Chuva";"Simples";"Reta";"Rural";3;0;0;3;0;0;3;1
83509424;"21/10/16";"Sexta";"09:10:00";"PI";316;"1,3";"TERESINA";"Outras";"Colisão Transversal";"Com Vítimas Feridas";"Plena noite";"Crescente";"Sol";"Dupla";"Cruzamento";"Urbano";6;0;4;0;2;0;4;2
83509425;"14/10/16";"Sexta";"03:45:00";"SC";116;"107,5";"MONTE CASTELO";"Velocidade incompatível";"Tombamento";"Com Vítimas Feridas";"Plena noite";"Decrescente";"Nublado";"Simples";"Curva";"Rural";3;0;2;1;0;0;3;1
83509426;"17/10/16";"Segunda";"15:00:00";"RO";364;"473";"ARIQUEMES";"Defeito mecânico em veículo";"Colisão com objeto móvel";"Com Vítimas Feridas";"Pleno dia";"Crescente";"Ceu Claro";"Simples";"Reta";"Rural";2;0;1;0;1;0;1;2
83509427;"21/10/16";"Sexta";"12:10:00";"MG";381;"481,7";"BETIM";"Outras";"Queda de motocicleta / bicicleta / veículo";"Com Vítimas Feridas";"Pleno dia";"Decrescente";"Sol";"Dupla";"Reta";"Urbano";1;0;0;1;0;0;1;1
83509428;"21/10/16";"Sexta";"07:30:00";"PA";316;"11";"MARITUBA";"Não guardar distância de segurança";"Colisão traseira";"Sem Vítimas";"Pleno dia";"Crescente";"Ceu Claro";"Dupla";"Reta";"Urbano";5;0;0;0;5;0;0;2
83509429;"21/10/16";"Sexta";"09:35:00";"BA";324;"515,9";"FEIRA DE SANTANA";"Falta de atenção";"Colisão Transversal";"Com Vítimas Feridas";"Pleno dia";"Decrescente";"Ceu Claro";"Simples";"Reta";"Urbano";3;0;2;0;1;0;2;2
83509430;"21/10/16";"Sexta";"09:20:00";"PR";277;"1";"PARANAGUA";"Falta de atenção";"Colisão lateral";"Sem Vítimas";"Pleno dia";"Crescente";"Chuva";"Simples";"Cruzamento";"Urbano";3;0;0;0;3;0;0;2
83509431;"16/10/16";"Domingo";"02:50:00";"BA";116;"339";"TEOFILANDIA";"Ultrapassagem indevida";"Colisão frontal";"Com Vítimas Fatais";"Plena noite";"Crescente";"Ceu Claro";"Simples";"Reta";"Rural";2;1;0;0;1;0;0;2
83509432;"21/10/16";"Sexta";"08:35:00";"GO";153;"352";"JARAGUA";"Velocidade incompatível";"Saída de Pista";"Com Vítimas Feridas";"Pleno dia";"Decrescente";"Chuva";"Simples";"Curva";"Rural";2;0;2;0;0;0;2;1
83509433;"19/10/16";"Quarta";"21:40:00";"MG";135;"491,1";"JOAQUIM FELICIO";"Velocidade incompatível";"Incêndio";"Com Vítimas Fatais";"Plena noite";"Crescente";"Ceu Claro";"Simples";"Reta";"Rural";3;2;0;0;1;0;0;2
83509434;"21/10/16";"Sexta";"08:00:00";"GO";60;"1,4";"SANTO ANTONIO DO DESCOBERTO";"Outras";"Colisão com objeto fixo";"Com Vítimas Feridas";"Pleno dia";"Decrescente";"Chuva";"Dupla";"Curva";"Rural";1;0;1;0;0;0;1;1
83509435;"25/09/16";"Domingo";"09:00:00";"RJ";40;"73";"PETROPOLIS";"Outras";"Saída de Pista";"Sem Vítimas";"Pleno dia";"Decrescente";"Chuva";"Simples";"Curva";"Rural";1;0;0;0;1;0;0;1
83509436;"21/10/16";"Sexta";"12:20:00";"SP";116;"458";"PARIQUERA-ACU";"Defeito mecânico em veículo";"Colisão com objeto fixo";"Com Vítimas Feridas";"Pleno dia";"Decrescente";"Nublado";"Múltipla";"Cruzamento";"Rural";1;0;0;1;0;0;1;1
83509437;"21/10/16";"Sexta";"10:00:00";"SC";282;"210,4";"LAGES";"Outras";"Colisão traseira";"Sem Vítimas";"Pleno dia";"Decrescente";"Nublado";"Simples";"Reta";"Rural";3;0;0;0;3;0;0;3
83509438;"21/10/16";"Sexta";"15:45:00";"PR";476;"145";"CURITIBA";"Desobediência à sinalização";"Colisão Transversal";"Com Vítimas Feridas";"Pleno dia";"Decrescente";"Chuva";"Dupla";"Reta";"Rural";2;0;1;0;1;0;1;2
83509439;"18/10/16";"Terça";"16:00:00";"RJ";101;"279";"TANGUA";"Outras";"Queda de motocicleta / bicicleta / veículo";"Com Vítimas Feridas";"Pleno dia";"Crescente";"Ceu Claro";"Dupla";"Reta";"Urbano";1;0;1;0;0;0;1;1
83509440;"21/10/16";"Sexta";"15:00:00";"MT";364;"207,1";"RONDONOPOLIS";"Defeito mecânico em veículo";"Queda de motocicleta / bicicleta / veículo";"Com Vítimas Feridas";"Pleno dia";"Decrescente";"Sol";"Dupla";"Reta";"Urbano";2;0;2;0;0;0;2;1
83509441;"21/10/16";"Sexta";"08:35:00";"MT";163;"609";"NOVA MUTUM";"Velocidade incompatível";"Saída de Pista";"Com Vítimas Feridas";"Pleno dia";"Crescente";"Sol";"Simples";"Reta";"Rural";1;0;1;0;0;0;1;1
83509442;"18/10/16";"Terça";"22:30:00";"MA";230;"3";"BARAO DE GRAJAU";"Falta de atenção";"Colisão Transversal";"Com Vítimas Feridas";"Plena noite";"Crescente";"Ceu Claro";"Simples";"Reta";"Urbano";2;0;0;2;0;0;2;2
83509443;"21/10/16";"Sexta";"12:25:00";"MG";262;"356,8";"BETIM";"Velocidade incompatível";"Saída de Pista";"Com Vítimas Feridas";"Pleno dia";"Crescente";"Sol";"Dupla";"Reta";"Rural";1;0;1;0;0;0;1;1
83509444;"21/10/16";"Sexta";"11:50:00";"SC";101;"213,9";"PALHOCA";"Não guardar distância de segurança";"Queda de motocicleta / bicicleta / veículo";"Com Vítimas Feridas";"Pleno dia";"Decrescente";"Nublado";"Dupla";"Reta";"Urbano";1;0;1;0;0;0;1;1
83509445;"14/10/16";"Sexta";"08:50:00";"RJ";101;"284";"ITABORAI";"Outras";"Tombamento";"Com Vítimas Feridas";"Pleno dia";"Decrescente";"Ceu Claro";"Dupla";"Reta";"Urbano";1;0;1;0;0;0;1;1
83509446;"21/10/16";"Sexta";"16:10:00";"RS";287;"234,5";"SANTA MARIA";"Falta de atenção";"Atropelamento de pessoa";"Com Vítimas Feridas";"Pleno dia";"Decrescente";"Nublado";"Simples";"Reta";"Urbano";2;0;1;0;1;0;1;1
83509447;"21/10/16";"Sexta";"12:45:00";"MG";381;"493,8";"BETIM";"Velocidade incompatível";"Capotamento";"Sem Vítimas";"Pleno dia";"Decrescente";"Sol";"Múltipla";"Reta";"Urbano";2;0;0;0;1;1;0;2
83509448;"18/10/16";"Terça";"04:30:00";"SP";116;"380";"MIRACATU";"Velocidade incompatível";"Saída de Pista";"Com Vítimas Feridas";"Plena noite";"Decrescente";"Nublado";"Dupla";"Curva";"Rural";3;0;1;0;2;0;1;1
83509449;"21/10/16";"Sexta";"15:30:00";"PR";277;"61";"SAO JOSE DOS PINHAIS";"Ingestão de álcool";"Colisão Transversal";"Sem Vítimas";"Pleno dia";"Decrescente";"Nublado";"Dupla";"Cruzamento";"Rural";2;0;0;0;2;0;0;2
83509450;"21/10/16";"Sexta";"12:45:00";"BA";101;"273,4";"SANTO ANTONIO DE JESUS";"Ultrapassagem indevida";"Colisão frontal";"Com Vítimas Feridas";"Pleno dia";"Crescente";"Sol";"Simples";"Reta";"Rural";16;0;15;0;0;1;15;2
83509451;"17/10/16";"Segunda";"16:40:00";"MG";381;"923";"CAMANDUCAIA";"Velocidade incompatível";"Capotamento";"Sem Vítimas";"Pleno dia";"Crescente";"Chuva";"Dupla";"Curva";"Rural";1;0;0;0;1;0;0;1
83509452;"21/10/16";"Sexta";"15:20:00";"MG";153;"205,6";"FRUTAL";"Velocidade incompatível";"Saída de Pista";"Sem Vítimas";"Pleno dia";"Crescente";"Chuva";"Simples";"Reta";"Rural";4;0;0;0;4;0;0;1
83509453;"21/10/16";"Sexta";"12:00:00";"RO";319;"55,5";"PORTO VELHO";"Falta de atenção";"Colisão Transversal";"Sem Vítimas";"Pleno dia";"Crescente";"Nublado";"Simples";"Cruzamento";"Urbano";3;0;0;0;3;0;0;3
83509454;"21/10/16";"Sexta";"16:15:00";"SP";116;"220";"GUARULHOS";"Não guardar distância de segurança";"Colisão traseira";"Sem Vítimas";"Pleno dia";"Decrescente";"Ceu Claro";"Múltipla";"Reta";"Urbano";2;0;0;0;2;0;0;2
83509455;"21/10/16";"Sexta";"10:00:00";"MT";163;"840";"SINOP";"Desobediência à sinalização";"Colisão traseira";"Com Vítimas Feridas";"Pleno dia";"Decrescente";"Ceu Claro";"Simples";"Reta";"Urbano";8;0;3;0;5;0;3;4
83509456;"21/10/16";"Sexta";"05:50:00";"PA";316;"12";"MARITUBA";"Ingestão de álcool";"Colisão lateral";"Com Vítimas Fatais";"Amanhecer";"Decrescente";"Sol";"Dupla";"Reta";"Urbano";5;1;2;0;2;0;2;3
83509457;"21/10/16";"Sexta";"08:40:00";"MG";116;"386,3";"GOVERNADOR VALADARES";"Dormindo";"Colisão frontal";"Com Vítimas Fatais";"Pleno dia";"Crescente";"Ceu Claro";"Simples";"Reta";"Rural";6;1;3;0;2;0;3;5
83509458;"21/10/16";"Sexta";"12:50:00";"SC";280;"130,1";"RIO NEGRINHO";"Outras";"Colisão Transversal";"Com Vítimas Feridas";"Pleno dia";"Crescente";"Nublado";"Simples";"Cruzamento";"Urbano";2;0;1;0;1;0;1;2
83509459;"21/10/16";"Sexta";"14:45:00";"MT";364;"308,5";"JACIARA";"Ultrapassagem indevida";"Colisão lateral";"Sem Vítimas";"Pleno dia";"Crescente";"Ceu Claro";"Simples";"Curva";"Rural";3;0;0;0;3;0;0;2
83509460;"21/10/16";"Sexta";"14:00:00";"SC";280;"99,8";"SAO BENTO DO SUL";"Velocidade incompatível";"Saída de Pista";"Com Vítimas Feridas";"Pleno dia";"Crescente";"Chuva";"Simples";"Curva";"Rural";1;0;1;0;0;0;1;1
83509461;"21/10/16";"Sexta";"12:30:00";"SC";101;"164";"TIJUCAS";"Falta de atenção";"Colisão Transversal";"Com Vítimas Feridas";"Pleno dia";"Decrescente";"Nublado";"Simples";"Cruzamento";"Urbano";2;0;1;0;1;0;1;2
83509463;"18/10/16";"Terça";"05:30:00";"SC";101;"164";"TIJUCAS";"Falta de atenção";"Colisão traseira";"Com Vítimas Feridas";"Plena noite";"Decrescente";"Ceu Claro";"Dupla";"Reta";"Urbano";2;0;0;1;1;0;1;2
83509464;"27/09/16";"Terça";"09:00:00";"SC";101;"211,8";"PALHOCA";"Não guardar distância de segurança";"Colisão traseira";"Com Vítimas Feridas";"Pleno dia";"Crescente";"Ceu Claro";"Dupla";"Reta";"Urbano";3;0;0;1;2;0;1;3
83509465;"17/10/16";"Segunda";"11:52:00";"PR";376;"678,5";"SAO JOSE DOS PINHAIS";"Defeito na via";"Capotamento";"Sem Vítimas";"Pleno dia";"Decrescente";"Ceu Claro";"Dupla";"Reta";"Urbano";1;0;0;0;1;0;0;1
83509466;"21/10/16";"Sexta";"13:00:00";"BA";116;"417,1";"FEIRA DE SANTANA";"Ultrapassagem indevida";"Colisão Transversal";"Com Vítimas Feridas";"Pleno dia";"Crescente";"Ceu Claro";"Simples";"Reta";"Urbano";3;0;2;0;1;0;2;2
83509467;"16/10/16";"Domingo";"18:00:00";"SC";101;"260";"GAROPABA";"Outras";"Colisão com objeto fixo";"Sem Vítimas";"Anoitecer";"Crescente";"Chuva";"Dupla";"Curva";"Rural";1;0;0;0;1;0;0;1
83509468;"21/10/16";"Sexta";"18:15:00";"RS";386;"340,6";"LAJEADO";"Não guardar distância de segurança";"Colisão traseira";"Com Vítimas Feridas";"Pleno dia";"Crescente";"Sol";"Simples";"Reta";"Urbano";2;0;1;0;1;0;1;2
83509469;"09/06/16";"Quinta";"14:50:00";"CE";116;"189,3";"LIMOEIRO DO NORTE";"Outras";"Queda de motocicleta / bicicleta / veículo";"Com Vítimas Feridas";"Amanhecer";"Decrescente";"Ceu Claro";"Simples";"Reta";"Rural";1;0;0;1;0;0;1;1
83509471;"15/08/16";"Segunda";"14:15:00";"SC";101;"57,8";"ARAQUARI";"Velocidade incompatível";"Capotamento";"Sem Vítimas";"Pleno dia";"Decrescente";"Chuva";"Dupla";"Curva";"Rural";1;0;0;0;1;0;0;1
83509472;"21/10/16";"Sexta";"08:30:00";"MA";222;"611,6";"ACAILANDIA";"Velocidade incompatível";"Tombamento";"Com Vítimas Feridas";"Pleno dia";"Decrescente";"Nublado";"Simples";"Curva";"Rural";1;0;1;0;0;0;1;1
83509473;"21/10/16";"Sexta";"16:00:00";"MG";262;"864";"CAMPO FLORIDO";"Falta de atenção";"Colisão com objeto fixo";"Sem Vítimas";"Pleno dia";"Crescente";"Ceu Claro";"Dupla";"Reta";"Rural";1;0;0;0;1;0;0;1
83509474;"19/10/16";"Quarta";"22:00:00";"SP";116;"156";"SAO JOSE DOS CAMPOS";"Outras";"Colisão traseira";"Sem Vítimas";"Plena noite";"Crescente";"Nublado";"Dupla";"Reta";"Rural";2;0;0;0;2;0;0;2
83509475;"21/10/16";"Sexta";"16:00:00";"RS";386;"174";"CARAZINHO";"Falta de atenção";"Colisão Transversal";"Com Vítimas Feridas";"Pleno dia";"Crescente";"Sol";"Simples";"Reta";"Urbano";3;0;3;0;0;0;3;2
83509476;"20/10/16";"Quinta";"00:15:00";"SC";101;"382";"ICARA";"Outras";"Colisão traseira";"Com Vítimas Fatais";"Plena noite";"Crescente";"Nublado";"Dupla";"Reta";"Urbano";4;1;1;1;1;0;2;4
83509478;"09/10/16";"Domingo";"20:20:00";"ES";101;"268,9";"SERRA";"Outras";"Colisão com objeto fixo";"Sem Vítimas";"Plena noite";"Crescente";"Ceu Claro";"Múltipla";"Reta";"Urbano";1;0;0;0;1;0;0;1
83509479;"21/10/16";"Sexta";"12:30:00";"MG";381;"525,2";"BRUMADINHO";"Defeito mecânico em veículo";"Colisão traseira";"Sem Vítimas";"Pleno dia";"Crescente";"Sol";"Dupla";"Reta";"Rural";2;0;0;0;2;0;0;2
83509480;"21/10/16";"Sexta";"09:40:00";"SP";116;"209,8";"GUARULHOS";"Não guardar distância de segurança";"Colisão traseira";"Com Vítimas Feridas";"Pleno dia";"Crescente";"Ceu Claro";"Dupla";"Reta";"Urbano";5;0;1;0;4;0;1;4
83509481;"21/10/16";"Sexta";"15:50:00";"PE";101;"67,9";"RECIFE";"Não guardar distância de segurança";"Colisão traseira";"Com Vítimas Feridas";"Pleno dia";"Crescente";"Ceu Claro";"Dupla";"Reta";"Urbano";4;0;2;0;2;0;2;3
83509482;"21/10/16";"Sexta";"17:10:00";"RS";392;"658,2";"CERRO LARGO";"Não guardar distância de segurança";"Colisão traseira";"Com Vítimas Feridas";"Pleno dia";"Crescente";"Sol";"Simples";"Reta";"Rural";2;0;0;1;1;0;1;2
83509483;"21/10/16";"Sexta";"14:30:00";"BA";116;"404,8";"FEIRA DE SANTANA";"Ultrapassagem indevida";"Colisão frontal";"Com Vítimas Feridas";"Pleno dia";"Crescente";"Ceu Claro";"Simples";"Reta";"Rural";2;0;0;1;1;0;1;2
83509484;"21/10/16";"Sexta";"17:20:00";"MG";146;"509,9";"POCOS DE CALDAS";"Velocidade incompatível";"Saída de Pista";"Sem Vítimas";"Pleno dia";"Decrescente";"Chuva";"Simples";"Curva";"Rural";1;0;0;0;1;0;0;1
83509485;"21/10/16";"Sexta";"13:40:00";"SP";153;"295";"OCAUCU";"Outras";"Saída de Pista";"Com Vítimas Feridas";"Pleno dia";"Crescente";"Chuva";"Simples";"Reta";"Rural";1;0;1;0;0;0;1;1
83509487;"21/10/16";"Sexta";"16:00:00";"MG";381;"839";"SAO SEBASTIAO DA BELA VISTA";"Dormindo";"Saída de Pista";"Sem Vítimas";"Pleno dia";"Decrescente";"Ceu Claro";"Dupla";"Reta";"Rural";1;0;0;0;1;0;0;1
83509488;"21/10/16";"Sexta";"05:34:00";"BA";324;"560,6";"SAO SEBASTIAO DO PASSE";"Dormindo";"Saída de Pista";"Com Vítimas Feridas";"Amanhecer";"Crescente";"Nublado";"Dupla";"Reta";"Rural";2;0;2;0;0;0;2;1
83509489;"21/10/16";"Sexta";"18:35:00";"RS";386;"340";"LAJEADO";"Falta de atenção";"Colisão Transversal";"Com Vítimas Feridas";"Pleno dia";"Decrescente";"Sol";"Simples";"Reta";"Rural";2;0;1;0;1;0;1;2
83509490;"21/10/16";"Sexta";"10:50:00";"SC";282;"72";"RANCHO QUEIMADO";"Velocidade incompatível";"Capotamento";"Com Vítimas Feridas";"Pleno dia";"Decrescente";"Chuva";"Simples";"Curva";"Rural";3;0;1;0;2;0;1;1
83509491;"21/10/16";"Sexta";"14:20:00";"MG";381;"817,2";"CAREACU";"Velocidade incompatível";"Colisão traseira";"Com Vítimas Feridas";"Pleno dia";"Crescente";"Ceu Claro";"Dupla";"Reta";"Urbano";2;0;1;0;0;1;1;2
83509492;"21/10/16";"Sexta";"16:50:00";"RJ";116;"83";"TERESOPOLIS";"Ultrapassagem indevida";"Colisão frontal";"Com Vítimas Feridas";"Pleno dia";"Decrescente";"Nublado";"Simples";"Reta";"Rural";5;0;3;1;1;0;4;2
83509493;"21/10/16";"Sexta";"17:00:00";"SC";470;"127,3";"LONTRAS";"Falta de atenção";"Atropelamento de pessoa";"Com Vítimas Feridas";"Pleno dia";"Crescente";"Nublado";"Simples";"Curva";"Urbano";2;0;1;0;1;0;1;1
83509494;"21/10/16";"Sexta";"12:00:00";"MG";267;"38,7";"ARGIRITA";"Dormindo";"Saída de Pista";"Com Vítimas Feridas";"Pleno dia";"Crescente";"Sol";"Simples";"Curva";"Rural";4;0;2;2;0;0;4;1
83509495;"21/10/16";"Sexta";"14:30:00";"MG";116;"564,5";"MANHUACU";"Outras";"Capotamento";"Com Vítimas Feridas";"Pleno dia";"Decrescente";"Chuva";"Simples";"Curva";"Rural";1;0;1;0;0;0;1;1
83509496;"21/10/16";"Sexta";"10:25:00";"CE";20;"429,5";"FORTALEZA";"Não guardar distância de segurança";"Colisão traseira";"Sem Vítimas";"Pleno dia";"Decrescente";"Sol";"Dupla";"Reta";"Urbano";2;0;0;0;2;0;0;2
83509497;"21/10/16";"Sexta";"17:50:00";"PB";427;"30";"POMBAL";"Falta de atenção";"Queda de motocicleta / bicicleta / veículo";"Com Vítimas Feridas";"Anoitecer";"Decrescente";"Ceu Claro";"Simples";"Reta";"Rural";2;0;0;1;1;0;1;1
83509498;"21/10/16";"Sexta";"12:15:00";"BA";242;"377";"SEABRA";"Velocidade incompatível";"Tombamento";"Com Vítimas Feridas";"Pleno dia";"Decrescente";"Sol";"Simples";"Curva";"Rural";1;0;0;1;0;0;1;1
83509499;"21/10/16";"Sexta";"14:40:00";"PR";163;"172,1";"LINDOESTE";"Outras";"Incêndio";"Sem Vítimas";"Pleno dia";"Crescente";"Sol";"Simples";"Curva";"Urbano";1;0;0;0;1;0;0;1
83509501;"21/10/16";"Sexta";"14:30:00";"PR";163;"151";"SANTA LUCIA";"Falta de atenção";"Colisão Transversal";"Com Vítimas Feridas";"Pleno dia";"Decrescente";"Sol";"Simples";"Cruzamento";"Urbano";2;0;1;0;1;0;1;2
83509502;"21/10/16";"Sexta";"16:00:00";"GO";60;"453";"JATAI";"Falta de atenção";"Saída de Pista";"Sem Vítimas";"Pleno dia";"Decrescente";"Ceu Claro";"Dupla";"Reta";"Rural";1;0;0;0;1;0;0;1
83509503;"21/10/16";"Sexta";"16:03:00";"MT";364;"438";"VARZEA GRANDE";"Não guardar distância de segurança";"Colisão traseira";"Sem Vítimas";"Pleno dia";"Crescente";"Sol";"Dupla";"Reta";"Urbano";2;0;0;0;2;0;0;2
83509504;"21/10/16";"Sexta";"17:15:00";"RS";158;"95,8";"PALMEIRA DAS MISSOES";"Não guardar distância de segurança";"Colisão traseira";"Sem Vítimas";"Pleno dia";"Decrescente";"Sol";"Simples";"Cruzamento";"Rural";3;0;0;0;3;0;0;3
83509505;"18/10/16";"Terça";"00:48:00";"BA";101;"171";"FEIRA DE SANTANA";"Outras";"Colisão frontal";"Com Vítimas Fatais";"Plena noite";"Crescente";"Ceu Claro";"Simples";"Reta";"Rural";2;1;0;0;1;0;0;2
83509506;"21/10/16";"Sexta";"10:35:00";"PR";376;"302,4";"MAUA DA SERRA";"Falta de atenção";"Tombamento";"Com Vítimas Feridas";"Pleno dia";"Crescente";"Ceu Claro";"Dupla";"Curva";"Urbano";3;0;0;1;2;0;1;1
83509507;"13/10/16";"Quinta";"06:50:00";"ES";101;"260,5";"SERRA";"Desobediência à sinalização";"Colisão traseira";"Com Vítimas Feridas";"Amanhecer";"Crescente";"Ceu Claro";"Dupla";"Curva";"Urbano";3;0;1;0;2;0;1;2
83509508;"21/10/16";"Sexta";"18:30:00";"RJ";40;"86";"PETROPOLIS";"Outras";"Colisão lateral";"Com Vítimas Feridas";"Anoitecer";"Decrescente";"Chuva";"Simples";"Curva";"Urbano";6;0;0;1;5;0;1;2
83509509;"21/10/16";"Sexta";"17:00:00";"RJ";40;"75";"PETROPOLIS";"Outras";"Colisão com objeto fixo";"Sem Vítimas";"Anoitecer";"Crescente";"Chuva";"Simples";"Curva";"Urbano";1;0;0;0;1;0;0;1
83509510;"21/10/16";"Sexta";"17:09:00";"PR";369;"484,1";"CORBELIA";"Outras";"Queda de motocicleta / bicicleta / veículo";"Com Vítimas Feridas";"Pleno dia";"Decrescente";"Ceu Claro";"Simples";"Curva";"Rural";2;0;2;0;0;0;2;1
83509511;"21/10/16";"Sexta";"17:00:00";"PR";116;"109";"CURITIBA";"Falta de atenção";"Colisão lateral";"Sem Vítimas";"Pleno dia";"Crescente";"Chuva";"Dupla";"Reta";"Rural";2;0;0;0;2;0;0;2
83509512;"21/10/16";"Sexta";"15:35:00";"PR";369;"447,8";"UBIRATA";"Outras";"Colisão lateral";"Sem Vítimas";"Pleno dia";"Crescente";"Nublado";"Simples";"Reta";"Rural";2;0;0;0;2;0;0;2
83509513;"21/10/16";"Sexta";"19:40:00";"RJ";101;"405";"ITAGUAI";"Velocidade incompatível";"Saída de Pista";"Com Vítimas Feridas";"Plena noite";"Decrescente";"Chuva";"Dupla";"Reta";"Urbano";2;0;1;0;1;0;1;1
83509514;"21/10/16";"Sexta";"05:45:00";"DF";70;"6,6";"BRASILIA";"Velocidade incompatível";"Saída de Pista";"Com Vítimas Feridas";"Amanhecer";"Decrescente";"Chuva";"Dupla";"Reta";"Urbano";2;0;0;1;1;0;1;1
83509515;"21/10/16";"Sexta";"18:20:00";"MG";251;"522";"MONTES CLAROS";"Não guardar distância de segurança";"Colisão traseira";"Sem Vítimas";"Anoitecer";"Crescente";"Ceu Claro";"Simples";"Reta";"Rural";2;0;0;0;2;0;0;2
83509516;"21/10/16";"Sexta";"01:30:00";"SC";101;"364,5";"SANGAO";"Falta de atenção";"Colisão traseira";"Sem Vítimas";"Plena noite";"Decrescente";"Ceu Claro";"Dupla";"Reta";"Rural";2;0;0;0;2;0;0;2
83509517;"21/10/16";"Sexta";"15:50:00";"PI";343;"345,5";"TERESINA";"Desobediência à sinalização";"Colisão lateral";"Com Vítimas Feridas";"Pleno dia";"Decrescente";"Ceu Claro";"Simples";"Reta";"Urbano";2;0;0;1;1;0;1;2
83509518;"21/10/16";"Sexta";"11:10:00";"PR";476;"281";"SAO MATEUS DO SUL";"Outras";"Tombamento";"Sem Vítimas";"Pleno dia";"Crescente";"Nublado";"Simples";"Reta";"Rural";1;0;0;0;1;0;0;1
83509519;"21/10/16";"Sexta";"19:00:00";"DF";80;"5,3";"BRASILIA";"Falta de atenção";"Colisão lateral";"Sem Vítimas";"Plena noite";"Decrescente";"Nublado";"Simples";"Reta";"Rural";2;0;0;0;2;0;0;2
83509520;"21/10/16";"Sexta";"07:40:00";"MG";116;"519,2";"UBAPORANGA";"Velocidade incompatível";"Tombamento";"Com Vítimas Feridas";"Pleno dia";"Decrescente";"Ceu Claro";"Simples";"Curva";"Rural";1;0;0;1;0;0;1;1
83509521;"21/10/16";"Sexta";"08:15:00";"PI";316;"270,4";"IPIRANGA DO PIAUI";"Outras";"Capotamento";"Com Vítimas Feridas";"Pleno dia";"Decrescente";"Nublado";"Simples";"Reta";"Rural";1;0;1;0;0;0;1;1
83509522;"21/10/16";"Sexta";"20:20:00";"PR";277;"119,9";"CAMPO LARGO";"Falta de atenção";"Atropelamento de pessoa";"Com Vítimas Feridas";"Plena noite";"Crescente";"Nublado";"Dupla";"Reta";"Urbano";2;0;0;1;1;0;1;1
83509523;"13/10/16";"Quinta";"16:20:00";"RJ";101;"40";"CAMPOS DOS GOYTACAZES";"Defeito mecânico em veículo";"Colisão com objeto fixo";"Sem Vítimas";"Anoitecer";"Crescente";"Ceu Claro";"Simples";"Reta";"Urbano";1;0;0;0;1;0;0;1
83509524;"21/10/16";"Sexta";"20:20:00";"MG";381;"457,4";"BELO HORIZONTE";"Ingestão de álcool";"Colisão lateral";"Sem Vítimas";"Plena noite";"Decrescente";"Nublado";"Simples";"Reta";"Urbano";2;0;0;0;2;0;0;2
83509525;"21/10/16";"Sexta";"17:20:00";"MG";381;"290";"ANTONIO DIAS";"Defeito mecânico em veículo";"Colisão com objeto fixo";"Sem Vítimas";"Plena noite";"Decrescente";"Ceu Claro";"Simples";"Curva";"Rural";1;0;0;0;1;0;0;1
83509526;"21/10/16";"Sexta";"18:56:00";"RS";293;"5";"PELOTAS";"Falta de atenção";"Queda de motocicleta / bicicleta / veículo";"Com Vítimas Feridas";"Pleno dia";"Crescente";"Nublado";"Simples";"Curva";"Urbano";1;0;1;0;0;0;1;1
83509527;"21/10/16";"Sexta";"19:35:00";"MG";153;"27,5";"CENTRALINA";"Outras";"Tombamento";"Com Vítimas Feridas";"Anoitecer";"Decrescente";"Nublado";"Dupla";"Reta";"Rural";1;0;1;0;0;0;1;1
83509528;"21/10/16";"Sexta";"17:05:00";"MG";40;"581";"ITABIRITO";"Outras";"Saída de Pista";"Com Vítimas Feridas";"Pleno dia";"Crescente";"Nublado";"Simples";"Curva";"Rural";2;0;1;0;1;0;1;1
83509529;"21/10/16";"Sexta";"17:20:00";"PE";101;"46";"IGARASSU";"Desobediência à sinalização";"Atropelamento de pessoa";"Com Vítimas Feridas";"Pleno dia";"Decrescente";"Vento";"Dupla";"Reta";"Urbano";2;0;1;0;1;0;1;1
83509530;"21/10/16";"Sexta";"20:20:00";"MG";365;"630,9";"UBERLANDIA";"Ingestão de álcool";"Tombamento";"Com Vítimas Feridas";"Plena noite";"Crescente";"Ceu Claro";"Dupla";"Reta";"Urbano";1;0;0;1;0;0;1;1
83509531;"21/10/16";"Sexta";"19:10:00";"PE";101;"21";"GOIANA";"Outras";"Queda de motocicleta / bicicleta / veículo";"Com Vítimas Feridas";"Plena noite";"Decrescente";"Ceu Claro";"Dupla";"Reta";"Rural";1;0;0;1;0;0;1;1
83509532;"21/10/16";"Sexta";"07:30:00";"MG";381;"510";"SAO JOAQUIM DE BICAS";"Falta de atenção";"Colisão frontal";"Ignorado";"Pleno dia";"Decrescente";"Ceu Claro";"Múltipla";"Reta";"Urbano";2;0;0;0;0;2;0;2
83509533;"21/10/16";"Sexta";"21:10:00";"RS";116;"267";"CANOAS";"Desobediência à sinalização";"Tombamento";"Com Vítimas Feridas";"Plena noite";"Decrescente";"Ceu Claro";"Simples";"Reta";"Urbano";2;0;2;0;0;0;2;1