"id";"data_inversa";"dia_semana";"horario";"uf";"br";"km";"municipio";"causa_acidente";"tipo_acidente";"classificacao_acidente";"fase_dia";"sentido_via";"condicao_metereologica";"tipo_pista";"tracado_via";"uso_solo";"pessoas";"mortos";"feridos_leves";"feridos_graves";"ilesos";"ignorados";"feridos";"veiculos"
83509648;"22/10/16";"Sábado";"09:00:00";"RS";470;"216,7";"BENTO GONCALVES";"Falta de atenção";"Colisão Transversal";"Sem Vítimas";"Pleno dia";"Crescente";"Ceu Claro";"Dupla";"Reta";"Urbano";2;0;0;0;2;0;0;2
83509649;"22/10/16";"Sábado";"08:40:00";"MG";262;"185";"SAO DOMINGOS DO PRATA";"Desobediência à sinalização";"Colisão traseira";"Sem Vítimas";"Pleno dia";"Crescente";"Nublado";"Simples";"Curva";"Rural";2;0;0;0;2;0;0;2
83509650;"18/10/16";"Terça";"06:10:00";"MG";40;"718,2";"BARBACENA";"Velocidade incompatível";"Saída de Pista";"Sem Vítimas";"Amanhecer";"Crescente";"Ignorada";"Dupla";"Curva";"Rural";1;0;0;0;1;0;0;1
83509651;"18/10/16";"Terça";"15:15:00";"MG";116;"716,2";"MURIAE";"Velocidade incompatível";"Colisão com objeto fixo";"Com Vítimas Feridas";"Pleno dia";"Crescente";"Ceu Claro";"Simples";"Curva";"Rural";1;0;1;0;0;0;1;1
83509652;"17/10/16";"Segunda";"17:15:00";"MG";262;"406,8";"PARA DE MINAS";"Não guardar distância de segurança";"Colisão traseira";"Com Vítimas Feridas";"Pleno dia";"Crescente";"Sol";"Dupla";"Reta";"Rural";2;0;1;0;0;1;1;2
83509653;"22/10/16";"Sábado";"06:45:00";"PR";376;"182";"MARINGA";"Falta de atenção";"Colisão lateral";"Com Vítimas Feridas";"Pleno dia";"Crescente";"Ceu Claro";"Dupla";"Cruzamento";"Urbano";2;0;1;0;1;0;1;2
83509654;"22/10/16";"Sábado";"09:10:00";"SP";116;"60,5";"GUARATINGUETA";"Outras";"Colisão lateral";"Sem Vítimas";"Pleno dia";"Crescente";"Nublado";"Dupla";"Reta";"Rural";2;0;0;0;1;1;0;2
83509655;"21/10/16";"Sexta";"23:00:00";"MT";163;"834,7";"SINOP";"Ingestão de álcool";"Colisão com objeto fixo";"Com Vítimas Feridas";"Plena noite";"Decrescente";"Ceu Claro";"Simples";"Reta";"Urbano";1;0;1;0;0;0;1;1
83509656;"14/10/16";"Sexta";"07:00:00";"PA";230;"88,2";"MARABA";"Outras";"Colisão traseira";"Com Vítimas Fatais";"Plena noite";"Crescente";"Nublado";"Simples";"Reta";"Rural";2;1;0;0;0;1;0;2
83509657;"21/10/16";"Sexta";"00:10:00";"PA";316;"1,6";"ANANINDEUA";"Falta de atenção";"Colisão traseira";"Com Vítimas Feridas";"Plena noite";"Crescente";"Ceu Claro";"Dupla";"Reta";"Urbano";3;0;0;1;2;0;1;2
83509658;"22/10/16";"Sábado";"09:45:00";"ES";101;"107";"SOORETAMA";"Defeito mecânico em veículo";"Queda de motocicleta / bicicleta / veículo";"Com Vítimas Feridas";"Pleno dia";"Crescente";"Nublado";"Simples";"Reta";"Rural";2;0;1;0;1;0;1;1
83509659;"22/10/16";"Sábado";"01:00:00";"RS";285;"166,4";"MUITOS CAPOES";"Dormindo";"Saída de Pista";"Sem Vítimas";"Plena noite";"Crescente";"Nublado";"Simples";"Curva";"Rural";2;0;0;0;2;0;0;1
83509660;"18/10/16";"Terça";"23:00:00";"RJ";101;"476";"ANGRA DOS REIS";"Outras";"Colisão frontal";"Com Vítimas Feridas";"Plena noite";"Crescente";"Ceu Claro";"Simples";"Curva";"Urbano";2;0;0;1;1;0;1;2
83509661;"18/10/16";"Terça";"19:00:00";"PB";230;"263,4";"JUNCO DO SERIDO";"Falta de atenção";"Colisão Transversal";"Com Vítimas Feridas";"Plena noite";"Crescente";"Ceu Claro";"Simples";"Reta";"Rural";2;0;1;0;0;1;1;2
83509662;"18/10/16";"Terça";"15:30:00";"BA";116;"14,5";"VITORIA DA CONQUISTA";"Outras";"Colisão Transversal";"Sem Vítimas";"Pleno dia";"Decrescente";"Ceu Claro";"Simples";"Reta";"Urbano";3;0;0;0;3;0;0;2
83509663;"19/10/16";"Quarta";"06:00:00";"CE";116;"114";"RUSSAS";"Falta de atenção";"Colisão Transversal";"Sem Vítimas";"Amanhecer";"Crescente";"Ceu Claro";"Simples";"Reta";"Urbano";2;0;0;0;1;1;0;2
83509664;"19/10/16";"Quarta";"00:15:00";"RN";101;"124";"SAO JOSE DE MIPIBU";"Outras";"Colisão traseira";"Com Vítimas Feridas";"Plena noite";"Crescente";"Ceu Claro";"Múltipla";"Reta";"Urbano";2;0;0;1;1;0;1;2
83509665;"11/10/16";"Terça";"21:00:00";"BA";324;"560";"SAO SEBASTIAO DO PASSE";"Outras";"Colisão lateral";"Com Vítimas Feridas";"Plena noite";"Decrescente";"Nublado";"Dupla";"Reta";"Rural";3;0;1;1;0;1;2;2
83509666;"09/10/16";"Domingo";"13:23:00";"MS";163;"616,8";"SAO GABRIEL DO OESTE";"Defeito mecânico em veículo";"Queda de motocicleta / bicicleta / veículo";"Com Vítimas Feridas";"Pleno dia";"Crescente";"Ceu Claro";"Simples";"Reta";"Urbano";1;0;1;0;0;0;1;1
83509667;"18/10/16";"Terça";"18:30:00";"RJ";101;"455";"MANGARATIBA";"Ingestão de álcool";"Colisão Transversal";"Com Vítimas Feridas";"Pleno dia";"Crescente";"Ceu Claro";"Simples";"Reta";"Urbano";5;0;4;0;1;0;4;2
83509668;"22/10/16";"Sábado";"10:45:00";"PR";277;"730";"FOZ DO IGUACU";"Outras";"Atropelamento de pessoa";"Com Vítimas Feridas";"Pleno dia";"Decrescente";"Ceu Claro";"Dupla";"Reta";"Urbano";2;0;1;0;1;0;1;1
83509669;"18/10/16";"Terça";"01:50:00";"MT";364;"264,5";"SAO PEDRO DA CIPA";"Outras";"Saída de Pista";"Sem Vítimas";"Plena noite";"Crescente";"Nublado";"Simples";"Reta";"Urbano";1;0;0;0;1;0;0;1
83509670;"20/10/16";"Quinta";"03:00:00";"RJ";101;"156";"MACAE";"Falta de atenção";"Saída de Pista";"Com Vítimas Feridas";"Plena noite";"Crescente";"Nublado";"Simples";"Reta";"Rural";1;0;1;0;0;0;1;1
83509671;"10/10/16";"Segunda";"16:30:00";"RJ";40;"84";"PETROPOLIS";"Outras";"Tombamento";"Com Vítimas Feridas";"Pleno dia";"Decrescente";"Ceu Claro";"Simples";"Curva";"Rural";2;0;1;0;1;0;1;1
83509672;"16/10/16";"Domingo";"16:00:00";"SP";459;"10";"PIQUETE";"Defeito mecânico em veículo";"Colisão frontal";"Com Vítimas Feridas";"Pleno dia";"Crescente";"Chuva";"Simples";"Curva";"Rural";7;0;6;1;0;0;7;2
83509673;"22/10/16";"Sábado";"05:15:00";"MS";163;"578";"BANDEIRANTES";"Dormindo";"Colisão com objeto fixo";"Ignorado";"Pleno dia";"Decrescente";"Ceu Claro";"Simples";"Reta";"Rural";1;0;0;0;0;1;0;1
83509674;"22/10/16";"Sábado";"09:00:00";"PA";316;"61";"CASTANHAL";"Outras";"Colisão lateral";"Com Vítimas Feridas";"Pleno dia";"Decrescente";"Sol";"Dupla";"Reta";"Urbano";3;0;1;0;2;0;1;3
83509675;"20/10/16";"Quinta";"23:30:00";"SC";282;"326";"CAMPOS NOVOS";"Outras";"Colisão lateral";"Com Vítimas Feridas";"Plena noite";"Crescente";"Nublado";"Simples";"Reta";"Rural";2;0;0;1;1;0;1;2
83509676;"22/10/16";"Sábado";"09:50:00";"SP";381;"73";"SAO PAULO";"Desobediência à sinalização";"Colisão traseira";"Com Vítimas Feridas";"Pleno dia";"Crescente";"Chuva";"Dupla";"Curva";"Rural";3;0;1;0;2;0;1;2
83509677;"22/10/16";"Sábado";"10:00:00";"MT";364;"434";"VARZEA GRANDE";"Desobediência à sinalização";"Colisão Transversal";"Com Vítimas Feridas";"Pleno dia";"Crescente";"Ceu Claro";"Simples";"Reta";"Urbano";2;0;1;0;1;0;1;2
83509678;"22/10/16";"Sábado";"08:40:00";"RJ";101;"447";"MANGARATIBA";"Outras";"Saída de Pista";"Sem Vítimas";"Pleno dia";"Crescente";"Chuva";"Simples";"Curva";"Rural";1;0;0;0;1;0;0;1
83509679;"02/10/16";"Domingo";"19:10:00";"GO";414;"438,9";"ANAPOLIS";"Falta de atenção";"Colisão Transversal";"Com Vítimas Feridas";"Plena noite";"Decrescente";"Ceu Claro";"Simples";"Reta";"Urbano";3;0;1;1;1;0;2;2
83509680;"15/10/16";"Sábado";"23:40:00";"BA";324;"592";"CANDEIAS";"Defeito mecânico em veículo";"Saída de Pista";"Com Vítimas Feridas";"Pleno dia";"Crescente";"Ceu Claro";"Dupla";"Reta";"Rural";46;0;16;4;12;14;20;1
83509681;"18/10/16";"Terça";"17:10:00";"PE";232;"188,3";"SANHARO";"Defeito mecânico em veículo";"Saída de Pista";"Com Vítimas Fatais";"Anoitecer";"Decrescente";"Ceu Claro";"Simples";"Reta";"Rural";1;1;0;0;0;0;0;1
83509682;"18/10/16";"Terça";"08:35:00";"RS";116;"265";"CANOAS";"Falta de atenção";"Colisão traseira";"Sem Vítimas";"Pleno dia";"Crescente";"Chuva";"Dupla";"Reta";"Urbano";6;0;0;0;6;0;0;6
83509683;"18/10/16";"Terça";"11:40:00";"ES";262;"40,5";"DOMINGOS MARTINS";"Desobediência à sinalização";"Colisão traseira";"Com Vítimas Feridas";"Pleno dia";"Decrescente";"Ceu Claro";"Dupla";"Cruzamento";"Rural";3;0;1;0;2;0;1;3
83509684;"22/10/16";"Sábado";"09:20:00";"MT";364;"605";"DIAMANTINO";"Defeito na via";"Tombamento";"Com Vítimas Feridas";"Pleno dia";"Decrescente";"Ceu Claro";"Simples";"Curva";"Rural";1;0;1;0;0;0;1;1
83509685;"22/10/16";"Sábado";"08:50:00";"PE";101;"49,4";"ABREU E LIMA";"Não guardar distância de segurança";"Colisão traseira";"Sem Vítimas";"Pleno dia";"Decrescente";"Sol";"Múltipla";"Reta";"Urbano";3;0;0;0;1;2;0;3
83509686;"22/10/16";"Sábado";"11:50:00";"SP";116;"340";"MIRACATU";"Velocidade incompatível";"Saída de Pista";"Sem Vítimas";"Pleno dia";"Decrescente";"Chuva";"Múltipla";"Reta";"Rural";1;0;0;0;1;0;0;1
83509687;"21/10/16";"Sexta";"03:15:00";"MG";364;"31,9";"FRUTAL";"Velocidade incompatível";"Capotamento";"Sem Vítimas";"Plena noite";"Crescente";"Nublado";"Dupla";"Reta";"Rural";1;0;0;0;1;0;0;1
83509688;"18/10/16";"Terça";"10:40:00";"RS";386;"165";"CARAZINHO";"Velocidade incompatível";"Saída de Pista";"Sem Vítimas";"Pleno dia";"Crescente";"Chuva";"Dupla";"Curva";"Rural";1;0;0;0;1;0;0;1
83509689;"18/10/16";"Terça";"18:30:00";"BA";420;"261";"MUTUIPE";"Outras";"Colisão frontal";"Sem Vítimas";"Plena noite";"Decrescente";"Ceu Claro";"Simples";"Curva";"Rural";2;0;0;0;2;0;0;2
83509690;"22/10/16";"Sábado";"05:00:00";"MS";262;"211";"RIBAS DO RIO PARDO";"Defeito mecânico em veículo";"Incêndio";"Sem Vítimas";"Amanhecer";"Decrescente";"Ceu Claro";"Simples";"Reta";"Rural";1;0;0;0;1;0;0;1
83509691;"22/10/16";"Sábado";"10:00:00";"ES";101;"283,2";"CARIACICA";"Velocidade incompatível";"Capotamento";"Com Vítimas Feridas";"Pleno dia";"Decrescente";"Nublado";"Múltipla";"Reta";"Urbano";2;0;0;2;0;0;2;1
83509692;"22/10/16";"Sábado";"12:15:00";"RS";377;"79,4";"CRUZ ALTA";"Falta de atenção";"Saída de Pista";"Sem Vítimas";"Pleno dia";"Crescente";"Ceu Claro";"Simples";"Curva";"Rural";1;0;0;0;1;0;0;1
83509693;"19/10/16";"Quarta";"02:10:00";"RJ";116;"99";"TERESOPOLIS";"Dormindo";"Tombamento";"Com Vítimas Feridas";"Plena noite";"Crescente";"Ceu Claro";"Simples";"Reta";"Rural";3;0;1;0;2;0;1;1
83509694;"20/10/16";"Quinta";"14:20:00";"MG";135;"605,5";"CURVELO";"Ultrapassagem indevida";"Colisão frontal";"Com Vítimas Feridas";"Pleno dia";"Decrescente";"Ceu Claro";"Simples";"Reta";"Rural";2;0;2;0;0;0;2;2
83509695;"22/10/16";"Sábado";"12:50:00";"MG";40;"553";"NOVA LIMA";"Outras";"Saída de Pista";"Sem Vítimas";"Pleno dia";"Decrescente";"Chuva";"Simples";"Reta";"Urbano";1;0;0;0;1;0;0;1
83509697;"27/08/16";"Sábado";"16:45:00";"ES";101;"361,9";"ANCHIETA";"Dormindo";"Colisão frontal";"Com Vítimas Feridas";"Pleno dia";"Decrescente";"Ceu Claro";"Simples";"Reta";"Rural";3;0;1;1;1;0;2;2
83509700;"22/10/16";"Sábado";"08:05:00";"ES";101;"379,4";"RIO NOVO DO SUL";"Falta de atenção";"Colisão Transversal";"Com Vítimas Feridas";"Pleno dia";"Decrescente";"Nublado";"Simples";"Reta";"Rural";2;0;1;1;0;0;2;2
83509701;"22/10/16";"Sábado";"10:00:00";"TO";153;"520,2";"PUGMIL";"Defeito na via";"Saída de Pista";"Com Vítimas Feridas";"Pleno dia";"Decrescente";"Ceu Claro";"Simples";"Reta";"Rural";1;0;1;0;0;0;1;1
83509702;"22/10/16";"Sábado";"10:30:00";"MS";163;"322";"RIO BRILHANTE";"Animais na Pista";"Colisão traseira";"Sem Vítimas";"Pleno dia";"Crescente";"Ceu Claro";"Simples";"Reta";"Rural";2;0;0;0;2;0;0;2
83509703;"21/10/16";"Sexta";"21:40:00";"PA";10;"91";"ULIANOPOLIS";"Outras";"Colisão lateral";"Com Vítimas Feridas";"Plena noite";"Decrescente";"Ceu Claro";"Simples";"Reta";"Rural";4;0;1;1;1;1;2;3
83509704;"22/10/16";"Sábado";"10:15:00";"PR";163;"51";"PRANCHITA";"Falta de atenção";"Colisão lateral";"Com Vítimas Feridas";"Pleno dia";"Crescente";"Ceu Claro";"Simples";"Reta";"Rural";6;0;2;1;3;0;3;2
83509705;"22/10/16";"Sábado";"11:05:00";"ES";101;"279,5";"SERRA";"Outras";"Tombamento";"Com Vítimas Fatais";"Pleno dia";"Decrescente";"Chuva";"Dupla";"Cruzamento";"Urbano";1;1;0;0;0;0;0;1
83509706;"22/10/16";"Sábado";"10:15:00";"RJ";356;"107";"CARDOSO MOREIRA";"Não guardar distância de segurança";"Colisão traseira";"Sem Vítimas";"Pleno dia";"Decrescente";"Nublado";"Simples";"Reta";"Rural";4;0;0;0;4;0;0;4
83509707;"22/10/16";"Sábado";"06:15:00";"MG";262;"418,2";"PARA DE MINAS";"Ingestão de álcool";"Colisão lateral";"Com Vítimas Feridas";"Pleno dia";"Decrescente";"Ceu Claro";"Dupla";"Reta";"Rural";7;0;4;0;3;0;4;2
83509708;"22/10/16";"Sábado";"05:30:00";"ES";259;"18,2";"JOAO NEIVA";"Desobediência à sinalização";"Colisão traseira";"Com Vítimas Feridas";"Amanhecer";"Crescente";"Nublado";"Simples";"Curva";"Urbano";3;0;2;0;1;0;2;2
83509709;"17/10/16";"Segunda";"19:45:00";"PR";476;"353";"UNIAO DA VITORIA";"Outras";"Saída de Pista";"Com Vítimas Feridas";"Anoitecer";"Decrescente";"Chuva";"Simples";"Reta";"Rural";1;0;1;0;0;0;1;1
83509710;"09/09/16";"Sexta";"12:00:00";"BA";101;"562";"ARATACA";"Outras";"Saída de Pista";"Sem Vítimas";"Pleno dia";"Crescente";"Ceu Claro";"Simples";"Curva";"Rural";2;0;0;0;2;0;0;1
83509711;"22/10/16";"Sábado";"10:15:00";"ES";101;"277,1";"SERRA";"Outras";"Colisão lateral";"Com Vítimas Feridas";"Pleno dia";"Crescente";"Chuva";"Dupla";"Reta";"Urbano";2;0;0;1;1;0;1;2
83509712;"22/10/16";"Sábado";"09:00:00";"PR";376;"595,7";"CURITIBA";"Ingestão de álcool";"Colisão com objeto fixo";"Sem Vítimas";"Pleno dia";"Decrescente";"Nublado";"Dupla";"Reta";"Urbano";1;0;0;0;1;0;0;1
83509713;"18/10/16";"Terça";"16:40:00";"SC";282;"193,1";"LAGES";"Falta de atenção";"Saída de Pista";"Ignorado";"Pleno dia";"Crescente";"Chuva";"Simples";"Reta";"Rural";1;0;0;0;0;1;0;1
83509714;"22/10/16";"Sábado";"12:48:00";"PR";476;"128";"CURITIBA";"Outras";"Incêndio";"Sem Vítimas";"Pleno dia";"Decrescente";"Nublado";"Dupla";"Reta";"Urbano";1;0;0;0;1;0;0;1
83509715;"22/10/16";"Sábado";"12:30:00";"MT";163;"536";"DIAMANTINO";"Outras";"Saída de Pista";"Sem Vítimas";"Pleno dia";"Decrescente";"Nublado";"Simples";"Reta";"Rural";2;0;0;0;2;0;0;1
83509716;"22/10/16";"Sábado";"09:15:00";"GO";60;"42";"ALEXANIA";"Outras";"Incêndio";"Sem Vítimas";"Pleno dia";"Crescente";"Ceu Claro";"Dupla";"Reta";"Rural";1;0;0;0;1;0;0;1
83509717;"22/10/16";"Sábado";"14:00:00";"MG";153;"213";"FRUTAL";"Outras";"Saída de Pista";"Sem Vítimas";"Pleno dia";"Decrescente";"Sol";"Simples";"Curva";"Urbano";1;0;0;0;1;0;0;1
83509718;"22/10/16";"Sábado";"09:00:00";"MG";459;"64,4";"SENADOR JOSE BENTO";"Outras";"Colisão lateral";"Com Vítimas Feridas";"Pleno dia";"Crescente";"Ceu Claro";"Simples";"Curva";"Rural";2;0;0;1;1;0;1;2
83509719;"22/10/16";"Sábado";"13:30:00";"MG";381;"902";"CAMBUI";"Velocidade incompatível";"Colisão lateral";"Sem Vítimas";"Pleno dia";"Decrescente";"Nublado";"Dupla";"Curva";"Rural";2;0;0;0;2;0;0;2
83509720;"28/09/16";"Quarta";"14:20:00";"SC";101;"368,9";"SANGAO";"Outras";"Colisão lateral";"Com Vítimas Feridas";"Pleno dia";"Crescente";"Sol";"Dupla";"Reta";"Rural";5;0;2;0;3;0;2;2
83509721;"17/10/16";"Segunda";"19:10:00";"RN";304;"79,7";"MOSSORO";"Ingestão de álcool";"Colisão lateral";"Com Vítimas Fatais";"Pleno dia";"Decrescente";"Ceu Claro";"Simples";"Reta";"Urbano";2;1;0;0;0;1;0;2
83509722;"18/10/16";"Terça";"18:10:00";"SP";116;"148,3";"SAO JOSE DOS CAMPOS";"Ultrapassagem indevida";"Colisão traseira";"Com Vítimas Feridas";"Pleno dia";"Decrescente";"Nublado";"Múltipla";"Reta";"Urbano";3;0;0;1;2;0;1;3
83509723;"19/10/16";"Quarta";"14:10:00";"MG";381;"482,9";"BETIM";"Outras";"Colisão traseira";"Com Vítimas Feridas";"Pleno dia";"Crescente";"Ceu Claro";"Múltipla";"Reta";"Urbano";2;0;1;0;1;0;1;2
83509724;"22/10/16";"Sábado";"12:50:00";"MG";381;"519,2";"IGARAPE";"Outras";"Colisão com objeto fixo";"Sem Vítimas";"Pleno dia";"Decrescente";"Ignorada";"Dupla";"Curva";"Rural";1;0;0;0;1;0;0;1
83509725;"22/10/16";"Sábado";"13:50:00";"MG";116;"511";"UBAPORANGA";"Falta de atenção";"Colisão Transversal";"Sem Vítimas";"Pleno dia";"Crescente";"Nublado";"Simples";"Reta";"Urbano";2;0;0;0;2;0;0;2
83509726;"22/10/16";"Sábado";"12:00:00";"MG";262;"409,1";"IGARATINGA";"Velocidade incompatível";"Colisão traseira";"Sem Vítimas";"Pleno dia";"Crescente";"Nublado";"Dupla";"Curva";"Rural";2;0;0;0;2;0;0;2
83509727;"22/10/16";"Sábado";"13:30:00";"MG";381;"533,4";"ITATIAIUCU";"Velocidade incompatível";"Capotamento";"Com Vítimas Feridas";"Pleno dia";"Crescente";"Chuva";"Dupla";"Curva";"Rural";2;0;1;0;1;0;1;1
83509728;"22/10/16";"Sábado";"12:40:00";"MG";40;"554";"NOVA LIMA";"Velocidade incompatível";"Capotamento";"Com Vítimas Feridas";"Pleno dia";"Crescente";"Nublado";"Simples";"Curva";"Urbano";1;0;1;0;0;0;1;1
83509729;"22/10/16";"Sábado";"14:00:00";"SP";116;"110,9";"TAUBATE";"Não guardar distância de segurança";"Colisão traseira";"Com Vítimas Feridas";"Pleno dia";"Decrescente";"Nublado";"Dupla";"Reta";"Urbano";4;0;2;0;2;0;2;2
83509731;"19/10/16";"Quarta";"17:40:00";"MG";381;"899,9";"CAMBUI";"Outras";"Colisão com objeto fixo";"Com Vítimas Feridas";"Pleno dia";"Decrescente";"Nublado";"Dupla";"Curva";"Rural";1;0;1;0;0;0;1;1
83509732;"22/10/16";"Sábado";"14:30:00";"RJ";493;"25";"MAGE";"Falta de atenção";"Colisão lateral";"Sem Vítimas";"Pleno dia";"Crescente";"Chuva";"Dupla";"Reta";"Urbano";2;0;0;0;2;0;0;2
83509733;"22/10/16";"Sábado";"14:50:00";"BA";242;"383";"SEABRA";"Falta de atenção";"Saída de Pista";"Sem Vítimas";"Pleno dia";"Crescente";"Ceu Claro";"Simples";"Curva";"Rural";1;0;0;0;1;0;0;1
83509734;"22/10/16";"Sábado";"12:00:00";"PE";232;"58";"POMBOS";"Desobediência à sinalização";"Colisão frontal";"Com Vítimas Fatais";"Pleno dia";"Decrescente";"Ceu Claro";"Dupla";"Reta";"Urbano";2;1;1;0;0;0;1;2
83509736;"22/10/16";"Sábado";"10:45:00";"RJ";101;"66";"CAMPOS DOS GOYTACAZES";"Outras";"Queda de motocicleta / bicicleta / veículo";"Com Vítimas Feridas";"Pleno dia";"Crescente";"Nublado";"Simples";"Curva";"Urbano";1;0;1;0;0;0;1;1
83509737;"22/10/16";"Sábado";"09:25:00";"RO";364;"236";"CACOAL";"Falta de atenção";"Colisão Transversal";"Com Vítimas Feridas";"Pleno dia";"Decrescente";"Sol";"Simples";"Reta";"Urbano";2;0;1;0;1;0;1;2
83509738;"22/10/16";"Sábado";"10:00:00";"PE";101;"77";"RECIFE";"Outras";"Colisão traseira";"Com Vítimas Feridas";"Pleno dia";"Crescente";"Sol";"Dupla";"Reta";"Urbano";2;0;1;0;1;0;1;2
83509739;"22/10/16";"Sábado";"06:30:00";"PE";232;"5,6";"RECIFE";"Não guardar distância de segurança";"Colisão traseira";"Sem Vítimas";"Pleno dia";"Crescente";"Nublado";"Dupla";"Reta";"Urbano";3;0;0;0;3;0;0;3
83509740;"22/10/16";"Sábado";"14:30:00";"SC";280;"168,2";"MAFRA";"Não guardar distância de segurança";"Colisão traseira";"Com Vítimas Feridas";"Pleno dia";"Decrescente";"Ceu Claro";"Simples";"Reta";"Rural";2;0;1;0;1;0;1;2
83509741;"22/10/16";"Sábado";"08:30:00";"PR";277;"84";"CURITIBA";"Outras";"Queda de motocicleta / bicicleta / veículo";"Com Vítimas Feridas";"Pleno dia";"Decrescente";"Nublado";"Dupla";"Curva";"Urbano";1;0;1;0;0;0;1;1
83509742;"22/10/16";"Sábado";"15:10:00";"RS";116;"45,9";"VACARIA";"Outras";"Tombamento";"Com Vítimas Feridas";"Pleno dia";"Decrescente";"Ceu Claro";"Simples";"Reta";"Rural";2;0;1;0;0;1;1;2
83509743;"22/10/16";"Sábado";"08:50:00";"GO";60;"42";"ALEXANIA";"Velocidade incompatível";"Saída de Pista";"Com Vítimas Fatais";"Pleno dia";"Crescente";"Nublado";"Dupla";"Reta";"Rural";5;1;2;2;0;0;4;1
83509744;"22/10/16";"Sábado";"13:50:00";"RJ";40;"33,3";"AREAL";"Outras";"Tombamento";"Com Vítimas Feridas";"Pleno dia";"Decrescente";"Nublado";"Dupla";"Curva";"Rural";1;0;0;1;0;0;1;1
83509745;"22/10/16";"Sábado";"13:45:00";"BA";116;"478";"RAFAEL JAMBEIRO";"Defeito mecânico em veículo";"Tombamento";"Sem Vítimas";"Pleno dia";"Crescente";"Sol";"Simples";"Reta";"Rural";1;0;0;0;1;0;0;1
83509746;"21/09/16";"Quarta";"00:10:00";"RO";319;"57";"PORTO VELHO";"Outras";"Atropelamento de pessoa";"Com Vítimas Feridas";"Plena noite";"Decrescente";"Ignorada";"Simples";"Reta";"Urbano";2;0;0;1;0;1;1;1
83509748;"22/10/16";"Sábado";"13:45:00";"BA";101;"475";"URUCUCA";"Outras";"Saída de Pista";"Sem Vítimas";"Pleno dia";"Crescente";"Chuva";"Simples";"Reta";"Rural";1;0;0;0;1;0;0;1
83509749;"22/10/16";"Sábado";"12:50:00";"ES";101;"393,4";"RIO NOVO DO SUL";"Defeito mecânico em veículo";"Saída de Pista";"Sem Vítimas";"Pleno dia";"Decrescente";"Chuva";"Simples";"Curva";"Rural";1;0;0;0;1;0;0;1
83509750;"22/10/16";"Sábado";"12:30:00";"RJ";101;"102";"CAMPOS DOS GOYTACAZES";"Não guardar distância de segurança";"Colisão traseira";"Sem Vítimas";"Pleno dia";"Decrescente";"Nevoeiro/neblina";"Dupla";"Reta";"Rural";3;0;0;0;2;1;0;2
83509751;"22/10/16";"Sábado";"07:00:00";"BA";20;"27";"CORRENTINA";"Ultrapassagem indevida";"Colisão frontal";"Com Vítimas Fatais";"Pleno dia";"Decrescente";"Ceu Claro";"Simples";"Reta";"Urbano";6;2;0;4;0;0;4;2
83509752;"22/10/16";"Sábado";"14:40:00";"ES";101;"279,5";"SERRA";"Falta de atenção";"Tombamento";"Com Vítimas Feridas";"Pleno dia";"Decrescente";"Chuva";"Dupla";"Cruzamento";"Urbano";2;0;0;1;1;0;1;1
83509753;"22/10/16";"Sábado";"15:20:00";"RS";386;"436";"NOVA SANTA RITA";"Defeito mecânico em veículo";"Incêndio";"Sem Vítimas";"Pleno dia";"Decrescente";"Sol";"Dupla";"Reta";"Urbano";1;0;0;0;1;0;0;1
83509754;"22/10/16";"Sábado";"09:40:00";"SP";116;"282";"EMBU";"Outras";"Atropelamento de pessoa";"Com Vítimas Feridas";"Pleno dia";"Crescente";"Nublado";"Dupla";"Reta";"Urbano";2;0;1;0;1;0;1;1
83509755;"22/10/16";"Sábado";"15:00:00";"PE";428;"155";"PETROLINA";"Animais na Pista";"Atropelamento de animal";"Sem Vítimas";"Pleno dia";"Crescente";"Ceu Claro";"Simples";"Reta";"Rural";1;0;0;0;1;0;0;1
83509756;"21/10/16";"Sexta";"00:30:00";"RR";174;"505,2";"BOA VISTA";"Ingestão de álcool";"Colisão com objeto fixo";"Com Vítimas Feridas";"Plena noite";"Crescente";"Ceu Claro";"Dupla";"Reta";"Urbano";1;0;0;1;0;0;1;1
83509757;"22/10/16";"Sábado";"13:10:00";"SP";116;"519";"CAJATI";"Outras";"Atropelamento de pessoa";"Com Vítimas Feridas";"Pleno dia";"Decrescente";"Nublado";"Múltipla";"Reta";"Urbano";2;0;1;0;1;0;1;1
83509758;"22/10/16";"Sábado";"17:50:00";"RS";158;"560";"SANTANA DO LIVRAMENTO";"Defeito mecânico em veículo";"Colisão com objeto fixo";"Sem Vítimas";"Pleno dia";"Crescente";"Ceu Claro";"Simples";"Reta";"Rural";1;0;0;0;1;0;0;1
83509759;"22/10/16";"Sábado";"14:30:00";"MS";163;"484";"CAMPO GRANDE";"Defeito mecânico em veículo";"Colisão traseira";"Sem Vítimas";"Pleno dia";"Decrescente";"Ceu Claro";"Simples";"Reta";"Urbano";2;0;0;0;2;0;0;2
83509760;"22/10/16";"Sábado";"17:30:00";"PR";277;"104";"CAMPO LARGO";"Falta de atenção";"Colisão com bicicleta";"Com Vítimas Feridas";"Pleno dia";"Decrescente";"Nublado";"Dupla";"Reta";"Urbano";2;0;1;0;1;0;1;2
83509761;"22/10/16";"Sábado";"16:30:00";"GO";60;"210";"GUAPO";"Dormindo";"Saída de Pista";"Sem Vítimas";"Pleno dia";"Decrescente";"Ceu Claro";"Dupla";"Reta";"Rural";1;0;0;0;1;0;0;1