"id";"data_inversa";"dia_semana";"horario";"uf";"br";"km";"municipio";"causa_acidente";"tipo_acidente";"classificacao_acidente";"fase_dia";"sentido_via";"condicao_metereologica";"tipo_pista";"tracado_via";"uso_solo";"pessoas";"mortos";"feridos_leves";"feridos_graves";"ilesos";"ignorados";"feridos";"veiculos"
83509762;"18/10/16";"Terça";"07:43:00";"RO";364;"709";"PORTO VELHO";"Falta de atenção";"Colisão traseira";"Sem Vítimas";"Pleno dia";"Decrescente";"Ceu Claro";"Dupla";"Reta";"Urbano";3;0;0;0;3;0;0;3
83509763;"22/10/16";"Sábado";"10:20:00";"PE";232;"253";"ARCOVERDE";"Falta de atenção";"Colisão Transversal";"Com Vítimas Feridas";"Pleno dia";"Decrescente";"Sol";"Simples";"Reta";"Urbano";2;0;0;1;1;0;1;2
83509764;"22/10/16";"Sábado";"15:40:00";"ES";262;"24,1";"VIANA";"Velocidade incompatível";"Saída de Pista";"Com Vítimas Feridas";"Pleno dia";"Crescente";"Chuva";"Simples";"Curva";"Rural";1;0;1;0;0;0;1;1
83509765;"22/10/16";"Sábado";"11:30:00";"PR";376;"3";"SAO JOSE DOS PINHAIS";"Não guardar distância de segurança";"Colisão traseira";"Com Vítimas Feridas";"Pleno dia";"Crescente";"Nublado";"Dupla";"Reta";"Urbano";2;0;1;0;1;0;1;2
83509768;"22/10/16";"Sábado";"17:00:00";"SP";116;"362";"MIRACATU";"Velocidade incompatível";"Colisão com objeto fixo";"Com Vítimas Feridas";"Pleno dia";"Crescente";"Chuva";"Dupla";"Curva";"Rural";1;0;1;0;0;0;1;1
83509772;"22/10/16";"Sábado";"18:30:00";"SC";280;"53,4";"GUARAMIRIM";"Defeito mecânico em veículo";"Danos Eventuais";"Sem Vítimas";"Pleno dia";"Crescente";"Ceu Claro";"Simples";"Reta";"Urbano";1;0;0;0;1;0;0;1
83509773;"22/10/16";"Sábado";"16:00:00";"RS";386;"31";"FREDERICO WESTPHALEN";"Ingestão de álcool";"Colisão traseira";"Sem Vítimas";"Pleno dia";"Crescente";"Ceu Claro";"Dupla";"Reta";"Urbano";2;0;0;0;2;0;0;2
83509774;"19/05/16";"Quinta";"10:30:00";"RS";392;"117,5";"CANGUCU";"Defeito mecânico em veículo";"Colisão lateral";"Sem Vítimas";"Pleno dia";"Crescente";"Ceu Claro";"Simples";"Reta";"Urbano";3;0;0;0;3;0;0;3
83509775;"22/10/16";"Sábado";"16:00:00";"PA";316;"40";"SANTA ISABEL DO PARA";"Ingestão de álcool";"Colisão lateral";"Sem Vítimas";"Pleno dia";"Crescente";"Sol";"Dupla";"Reta";"Rural";2;0;0;0;2;0;0;2
83509776;"22/10/16";"Sábado";"15:50:00";"ES";262;"27,9";"VIANA";"Velocidade incompatível";"Colisão Transversal";"Com Vítimas Feridas";"Pleno dia";"Crescente";"Chuva";"Simples";"Curva";"Rural";4;0;2;1;1;0;3;2
83509777;"22/10/16";"Sábado";"13:30:00";"DF";20;"17";"BRASILIA";"Defeito mecânico em veículo";"Capotamento";"Sem Vítimas";"Pleno dia";"Crescente";"Ceu Claro";"Dupla";"Reta";"Rural";1;0;0;0;1;0;0;1
83509778;"22/10/16";"Sábado";"15:30:00";"SP";116;"271,5";"TABOAO DA SERRA";"Outras";"Colisão traseira";"Com Vítimas Feridas";"Pleno dia";"Crescente";"Nublado";"Dupla";"Reta";"Urbano";2;0;1;0;1;0;1;2
83509779;"22/10/16";"Sábado";"14:20:00";"ES";262;"195";"IUNA";"Outras";"Atropelamento de pessoa";"Com Vítimas Fatais";"Pleno dia";"Decrescente";"Nublado";"Simples";"Curva";"Rural";2;1;0;0;1;0;0;1
83509780;"14/10/16";"Sexta";"14:30:00";"RN";304;"300,1";"MACAIBA";"Falta de atenção";"Colisão lateral";"Com Vítimas Feridas";"Pleno dia";"Crescente";"Ceu Claro";"Dupla";"Cruzamento";"Rural";2;0;1;0;0;1;1;2
83509781;"22/10/16";"Sábado";"17:00:00";"MG";153;"22";"CENTRALINA";"Defeito mecânico em veículo";"Incêndio";"Sem Vítimas";"Pleno dia";"Crescente";"Ceu Claro";"Dupla";"Reta";"Rural";1;0;0;0;1;0;0;1
83509782;"22/10/16";"Sábado";"14:00:00";"SP";116;"551";"BARRA DO TURVO";"Falta de atenção";"Colisão com bicicleta";"Com Vítimas Feridas";"Pleno dia";"Crescente";"Nublado";"Simples";"Curva";"Rural";2;0;0;1;0;1;1;2
83509783;"22/10/16";"Sábado";"13:40:00";"PR";116;"116";"CURITIBA";"Falta de atenção";"Colisão traseira";"Com Vítimas Feridas";"Pleno dia";"Crescente";"Ceu Claro";"Dupla";"Reta";"Rural";2;0;1;0;0;1;1;2
83509784;"22/10/16";"Sábado";"16:02:00";"PR";369;"181,9";"ARAPONGAS";"Outras";"Queda de motocicleta / bicicleta / veículo";"Com Vítimas Feridas";"Pleno dia";"Crescente";"Ceu Claro";"Simples";"Reta";"Urbano";2;0;2;0;0;0;2;1
83509785;"22/10/16";"Sábado";"13:07:00";"RJ";101;"195";"CASIMIRO DE ABREU";"Outras";"Saída de Pista";"Sem Vítimas";"Pleno dia";"Decrescente";"Chuva";"Dupla";"Curva";"Rural";1;0;0;0;1;0;0;1
83509786;"19/10/16";"Quarta";"21:30:00";"DF";70;"10";"BRASILIA";"Ingestão de álcool";"Colisão lateral";"Com Vítimas Feridas";"Plena noite";"Decrescente";"Chuva";"Dupla";"Reta";"Urbano";5;0;1;0;4;0;1;2
83509787;"22/10/16";"Sábado";"15:00:00";"PR";277;"714,2";"SANTA TEREZINHA DE ITAIPU";"Outras";"Colisão traseira";"Com Vítimas Feridas";"Pleno dia";"Decrescente";"Ceu Claro";"Dupla";"Reta";"Rural";3;0;1;0;2;0;1;2
83509788;"22/10/16";"Sábado";"10:20:00";"SP";116;"204";"ARUJA";"Falta de atenção";"Colisão lateral";"Sem Vítimas";"Pleno dia";"Decrescente";"Nublado";"Dupla";"Reta";"Urbano";2;0;0;0;2;0;0;2
83509789;"22/10/16";"Sábado";"15:00:00";"MT";70;"1";"BARRA DO GARCAS";"Não guardar distância de segurança";"Colisão traseira";"Com Vítimas Feridas";"Pleno dia";"Crescente";"Ceu Claro";"Simples";"Reta";"Urbano";3;0;2;1;0;0;3;2
83509790;"22/10/16";"Sábado";"17:00:00";"AL";316;"143,5";"ESTRELA DE ALAGOAS";"Falta de atenção";"Colisão Transversal";"Com Vítimas Feridas";"Anoitecer";"Crescente";"Ceu Claro";"Simples";"Reta";"Rural";2;0;0;1;1;0;1;2
83509791;"01/10/16";"Sábado";"00:45:00";"TO";153;"519,2";"PUGMIL";"Defeito na via";"Saída de Pista";"Com Vítimas Fatais";"Plena noite";"Decrescente";"Ceu Claro";"Simples";"Reta";"Rural";5;1;1;3;0;0;4;1
83509792;"22/10/16";"Sábado";"17:03:00";"PB";104;"89";"REMIGIO";"Falta de atenção";"Colisão Transversal";"Com Vítimas Feridas";"Anoitecer";"Crescente";"Ceu Claro";"Simples";"Reta";"Urbano";3;0;2;0;1;0;2;2
83509793;"22/10/16";"Sábado";"13:00:00";"MS";163;"487";"CAMPO GRANDE";"Outras";"Colisão traseira";"Sem Vítimas";"Pleno dia";"Crescente";"Ceu Claro";"Simples";"Reta";"Urbano";2;0;0;0;2;0;0;2
83509794;"22/10/16";"Sábado";"17:15:00";"SP";116;"133,9";"CACAPAVA";"Falta de atenção";"Colisão lateral";"Sem Vítimas";"Pleno dia";"Crescente";"Nublado";"Dupla";"Reta";"Urbano";2;0;0;0;2;0;0;2
83509795;"22/10/16";"Sábado";"16:30:00";"BA";116;"165";"CANUDOS";"Falta de atenção";"Colisão traseira";"Sem Vítimas";"Pleno dia";"Crescente";"Ceu Claro";"Simples";"Reta";"Rural";2;0;0;0;2;0;0;2
83509796;"22/10/16";"Sábado";"16:00:00";"PA";10;"320";"SAO MIGUEL DO GUAMA";"Desobediência à sinalização";"Colisão Transversal";"Com Vítimas Fatais";"Pleno dia";"Decrescente";"Ceu Claro";"Simples";"Reta";"Urbano";2;1;0;0;1;0;0;2
83509797;"22/10/16";"Sábado";"19:50:00";"SC";280;"55,5";"GUARAMIRIM";"Desobediência à sinalização";"Colisão Transversal";"Sem Vítimas";"Anoitecer";"Crescente";"Ceu Claro";"Simples";"Cruzamento";"Urbano";2;0;0;0;2;0;0;2
83509798;"22/10/16";"Sábado";"06:10:00";"ES";101;"260,6";"SERRA";"Outras";"Colisão Transversal";"Com Vítimas Fatais";"Pleno dia";"Crescente";"Nublado";"Dupla";"Curva";"Urbano";3;1;0;0;2;0;0;2
83509799;"22/10/16";"Sábado";"05:30:00";"MT";158;"525";"CANARANA";"Outras";"Saída de Pista";"Com Vítimas Feridas";"Plena noite";"Crescente";"Ceu Claro";"Simples";"Curva";"Rural";2;0;2;0;0;0;2;1
83509800;"18/10/16";"Terça";"17:11:00";"SC";101;"243";"PALHOCA";"Outras";"Colisão com objeto fixo";"Sem Vítimas";"Pleno dia";"Decrescente";"Ceu Claro";"Múltipla";"Reta";"Rural";1;0;0;0;1;0;0;1
83509801;"18/10/16";"Terça";"08:40:00";"RS";116;"223";"DOIS IRMAOS";"Outras";"Saída de Pista";"Com Vítimas Feridas";"Pleno dia";"Crescente";"Chuva";"Múltipla";"Curva";"Urbano";1;0;1;0;0;0;1;1
83509802;"22/10/16";"Sábado";"19:20:00";"MG";381;"533,4";"ITATIAIUCU";"Velocidade incompatível";"Saída de Pista";"Com Vítimas Feridas";"Plena noite";"Decrescente";"Chuva";"Dupla";"Curva";"Rural";2;0;2;0;0;0;2;1
83509803;"14/10/16";"Sexta";"18:55:00";"BA";415;"61,5";"ITAPE";"Velocidade incompatível";"Saída de Pista";"Sem Vítimas";"Plena noite";"Crescente";"Nublado";"Simples";"Curva";"Rural";1;0;0;0;1;0;0;1
83509804;"18/10/16";"Terça";"22:30:00";"PR";116;"165";"QUITANDINHA";"Falta de atenção";"Colisão traseira";"Com Vítimas Feridas";"Plena noite";"Decrescente";"Chuva";"Simples";"Reta";"Rural";3;0;2;0;1;0;2;2
83509805;"22/10/16";"Sábado";"17:00:00";"MA";222;"662";"ACAILANDIA";"Desobediência à sinalização";"Colisão Transversal";"Com Vítimas Feridas";"Anoitecer";"Decrescente";"Ceu Claro";"Simples";"Reta";"Urbano";2;0;1;0;0;1;1;2
83509806;"22/10/16";"Sábado";"13:45:00";"MG";50;"17,1";"ARAGUARI";"Defeito mecânico em veículo";"Saída de Pista";"Com Vítimas Feridas";"Pleno dia";"Decrescente";"Sol";"Dupla";"Curva";"Rural";2;0;0;2;0;0;2;1
83509807;"22/10/16";"Sábado";"19:20:00";"RS";392;"352,2";"SANTA MARIA";"Desobediência à sinalização";"Colisão Transversal";"Com Vítimas Feridas";"Anoitecer";"Decrescente";"Ceu Claro";"Simples";"Reta";"Urbano";4;0;2;0;2;0;2;2
83509808;"22/10/16";"Sábado";"14:10:00";"BA";116;"929,8";"ENCRUZILHADA";"Falta de atenção";"Colisão traseira";"Sem Vítimas";"Pleno dia";"Crescente";"Ceu Claro";"Simples";"Curva";"Rural";2;0;0;0;2;0;0;2
83509809;"22/10/16";"Sábado";"19:00:00";"MG";381;"178,5";"GOVERNADOR VALADARES";"Defeito mecânico em veículo";"Colisão traseira";"Com Vítimas Feridas";"Anoitecer";"Decrescente";"Ceu Claro";"Simples";"Reta";"Rural";3;0;0;2;1;0;2;2
83509810;"22/10/16";"Sábado";"15:55:00";"MG";267;"154,8";"LIMA DUARTE";"Desobediência à sinalização";"Colisão Transversal";"Com Vítimas Feridas";"Pleno dia";"Decrescente";"Nublado";"Simples";"Reta";"Urbano";2;0;1;0;1;0;1;2
83509811;"22/10/16";"Sábado";"19:10:00";"MG";381;"533";"ITATIAIUCU";"Velocidade incompatível";"Colisão com objeto fixo";"Com Vítimas Feridas";"Plena noite";"Crescente";"Chuva";"Dupla";"Curva";"Rural";1;0;1;0;0;0;1;1
83509812;"22/10/16";"Sábado";"20:10:00";"PR";277;"726,2";"FOZ DO IGUACU";"Outras";"Queda de motocicleta / bicicleta / veículo";"Com Vítimas Feridas";"Plena noite";"Decrescente";"Ceu Claro";"Dupla";"Reta";"Urbano";1;0;1;0;0;0;1;1
83509813;"22/10/16";"Sábado";"09:00:00";"PE";101;"93,9";"CABO DE SANTO AGOSTINHO";"Não guardar distância de segurança";"Colisão traseira";"Sem Vítimas";"Pleno dia";"Decrescente";"Ceu Claro";"Dupla";"Reta";"Rural";2;0;0;0;2;0;0;2
83509815;"22/10/16";"Sábado";"18:30:00";"MG";381;"532";"ITATIAIUCU";"Velocidade incompatível";"Capotamento";"Com Vítimas Feridas";"Anoitecer";"Crescente";"Chuva";"Dupla";"Curva";"Rural";3;0;3;0;0;0;3;1
83509817;"17/10/16";"Segunda";"21:30:00";"ES";101;"180,5";"ARACRUZ";"Ingestão de álcool";"Queda de motocicleta / bicicleta / veículo";"Com Vítimas Feridas";"Plena noite";"Crescente";"Ceu Claro";"Simples";"Reta";"Rural";1;0;1;0;0;0;1;1
83509818;"22/10/16";"Sábado";"18:10:00";"PR";277;"593";"CASCAVEL";"Outras";"Capotamento";"Sem Vítimas";"Pleno dia";"Crescente";"Sol";"Simples";"Reta";"Urbano";1;0;0;0;1;0;0;1
83509819;"22/10/16";"Sábado";"09:30:00";"SP";116;"180,7";"GUARAREMA";"Defeito mecânico em veículo";"Queda de motocicleta / bicicleta / veículo";"Com Vítimas Feridas";"Pleno dia";"Decrescente";"Nublado";"Dupla";"Reta";"Rural";2;0;2;0;0;0;2;1
83509820;"22/10/16";"Sábado";"18:50:00";"BA";116;"8";"VITORIA DA CONQUISTA";"Defeito mecânico em veículo";"Colisão com objeto móvel";"Com Vítimas Feridas";"Plena noite";"Decrescente";"Ceu Claro";"Simples";"Reta";"Urbano";2;0;1;0;0;1;1;2
83509821;"22/10/16";"Sábado";"19:40:00";"BA";116;"779,4";"PLANALTO";"Outras";"Atropelamento de pessoa";"Com Vítimas Feridas";"Plena noite";"Crescente";"Ceu Claro";"Simples";"Reta";"Urbano";2;0;1;1;0;0;2;1
83509822;"22/10/16";"Sábado";"19:00:00";"GO";20;"7,5";"FORMOSA";"Falta de atenção";"Colisão Transversal";"Com Vítimas Feridas";"Plena noite";"Decrescente";"Ceu Claro";"Simples";"Reta";"Rural";2;0;1;0;1;0;1;2
83509823;"22/10/16";"Sábado";"20:30:00";"SC";470;"72,6";"INDAIAL";"Outras";"Atropelamento de pessoa";"Com Vítimas Feridas";"Plena noite";"Crescente";"Nublado";"Simples";"Reta";"Urbano";3;0;3;0;0;0;3;1
83509824;"22/10/16";"Sábado";"19:05:00";"RS";471;"175,3";"RIO PARDO";"Falta de atenção";"Colisão Transversal";"Com Vítimas Feridas";"Anoitecer";"Crescente";"Ceu Claro";"Simples";"Cruzamento";"Urbano";4;0;3;0;1;0;3;2
83509825;"21/10/16";"Sexta";"03:20:00";"RO";364;"208,8";"PIMENTA BUENO";"Falta de atenção";"Tombamento";"Sem Vítimas";"Plena noite";"Decrescente";"Chuva";"Simples";"Reta";"Rural";1;0;0;0;1;0;0;1
83509826;"22/10/16";"Sábado";"20:30:00";"PE";232;"5";"RECIFE";"Outras";"Queda de motocicleta / bicicleta / veículo";"Com Vítimas Feridas";"Plena noite";"Crescente";"Ceu Claro";"Dupla";"Reta";"Urbano";3;0;2;0;0;1;2;2
83509827;"22/10/16";"Sábado";"20:00:00";"SC";101;"330,5";"TUBARAO";"Velocidade incompatível";"Saída de Pista";"Com Vítimas Feridas";"Plena noite";"Crescente";"Ceu Claro";"Múltipla";"Reta";"Urbano";1;0;0;1;0;0;1;1
83509828;"22/10/16";"Sábado";"12:00:00";"BA";101;"32,1";"ESPLANADA";"Velocidade incompatível";"Tombamento";"Sem Vítimas";"Pleno dia";"Crescente";"Ceu Claro";"Simples";"Curva";"Rural";1;0;0;0;1;0;0;1
83509829;"22/10/16";"Sábado";"21:10:00";"RS";392;"35,4";"RIO GRANDE";"Outras";"Saída de Pista";"Sem Vítimas";"Plena noite";"Decrescente";"Ceu Claro";"Dupla";"Curva";"Rural";1;0;0;0;1;0;0;1
83509830;"22/10/16";"Sábado";"02:30:00";"MA";230;"163";"PASTOS BONS";"Dormindo";"Saída de Pista";"Com Vítimas Feridas";"Plena noite";"Crescente";"Ceu Claro";"Simples";"Reta";"Rural";1;0;1;0;0;0;1;1
83509831;"22/10/16";"Sábado";"19:10:00";"SC";470;"246";"CURITIBANOS";"Defeito na via";"Saída de Pista";"Sem Vítimas";"Plena noite";"Crescente";"Nevoeiro/neblina";"Simples";"Reta";"Rural";1;0;0;0;1;0;0;1
83509832;"02/10/16";"Domingo";"20:00:00";"ES";101;"292,7";"CARIACICA";"Velocidade incompatível";"Colisão com objeto fixo";"Com Vítimas Feridas";"Plena noite";"Crescente";"Nublado";"Dupla";"Curva";"Urbano";1;0;0;1;0;0;1;1
83509833;"22/10/16";"Sábado";"10:40:00";"MG";40;"711,5";"BARBACENA";"Outras";"Saída de Pista";"Com Vítimas Feridas";"Pleno dia";"Decrescente";"Chuva";"Dupla";"Curva";"Rural";3;0;1;0;2;0;1;1
83509834;"18/10/16";"Terça";"22:00:00";"MG";381;"925";"ITAPEVA";"Outras";"Derramamento de Carga";"Sem Vítimas";"Plena noite";"Crescente";"Ceu Claro";"Dupla";"Curva";"Rural";1;0;0;0;1;0;0;1
83509835;"22/10/16";"Sábado";"11:30:00";"ES";101;"149";"LINHARES";"Ingestão de álcool";"Atropelamento de pessoa";"Com Vítimas Feridas";"Pleno dia";"Decrescente";"Nublado";"Múltipla";"Cruzamento";"Urbano";2;0;1;0;1;0;1;1
83509836;"22/10/16";"Sábado";"10:00:00";"RR";174;"11";"RORAINOPOLIS";"Defeito na via";"Saída de Pista";"Com Vítimas Feridas";"Pleno dia";"Crescente";"Ceu Claro";"Simples";"Reta";"Rural";2;0;2;0;0;0;2;1
83509837;"22/10/16";"Sábado";"21:50:00";"SC";280;"237,4";"CANOINHAS";"Ingestão de álcool";"Saída de Pista";"Sem Vítimas";"Plena noite";"Decrescente";"Ceu Claro";"Simples";"Curva";"Rural";1;0;0;0;1;0;0;1
83509838;"22/10/16";"Sábado";"16:30:00";"RS";470;"155,7";"NOVA PRATA";"Desobediência à sinalização";"Colisão Transversal";"Sem Vítimas";"Pleno dia";"Decrescente";"Ceu Claro";"Simples";"Reta";"Urbano";4;0;0;0;4;0;0;2
83509839;"22/10/16";"Sábado";"20:30:00";"SC";101;"194,3";"BIGUACU";"Ultrapassagem indevida";"Colisão lateral";"Com Vítimas Fatais";"Plena noite";"Crescente";"Nublado";"Simples";"Reta";"Urbano";5;1;0;1;3;0;1;4
83509840;"22/10/16";"Sábado";"18:10:00";"AL";104;"92,7";"RIO LARGO";"Desobediência à sinalização";"Colisão com bicicleta";"Com Vítimas Fatais";"Plena noite";"Decrescente";"Ceu Claro";"Dupla";"Reta";"Urbano";2;1;0;0;0;1;0;2
83509841;"22/10/16";"Sábado";"16:30:00";"MT";174;"351";"CONQUISTA DOESTE";"Falta de atenção";"Tombamento";"Com Vítimas Feridas";"Pleno dia";"Decrescente";"Chuva";"Simples";"Reta";"Rural";7;0;3;0;4;0;3;2
83509842;"22/10/16";"Sábado";"17:45:00";"PR";376;"171";"MARINGA";"Velocidade incompatível";"Colisão traseira";"Com Vítimas Feridas";"Anoitecer";"Decrescente";"Ceu Claro";"Dupla";"Reta";"Urbano";2;0;1;0;0;1;1;2
83509844;"22/10/16";"Sábado";"20:15:00";"RR";432;"216";"CANTA";"Ingestão de álcool";"Colisão com objeto móvel";"Com Vítimas Feridas";"Plena noite";"Crescente";"Ceu Claro";"Simples";"Reta";"Rural";3;0;0;1;2;0;1;1
83509845;"22/10/16";"Sábado";"21:20:00";"SP";381;"78";"SAO PAULO";"Falta de atenção";"Queda de motocicleta / bicicleta / veículo";"Com Vítimas Feridas";"Plena noite";"Crescente";"Nevoeiro/neblina";"Dupla";"Curva";"Rural";1;0;1;0;0;0;1;1
83509846;"22/10/16";"Sábado";"22:00:00";"PR";476;"148,3";"ARAUCARIA";"Outras";"Saída de Pista";"Ignorado";"Plena noite";"Crescente";"Nublado";"Dupla";"Reta";"Urbano";1;0;0;0;0;1;0;1
83509847;"22/10/16";"Sábado";"22:15:00";"PE";116;"82";"BELEM DE SAO FRANCISCO";"Defeito na via";"Tombamento";"Sem Vítimas";"Plena noite";"Decrescente";"Ignorada";"Simples";"Curva";"Rural";1;0;0;0;1;0;0;1
83509848;"22/10/16";"Sábado";"20:30:00";"CE";116;"428,3";"IPAUMIRIM";"Ingestão de álcool";"Tombamento";"Com Vítimas Feridas";"Plena noite";"Decrescente";"Chuva";"Simples";"Curva";"Rural";1;0;1;0;0;0;1;1
83509849;"22/10/16";"Sábado";"21:00:00";"GO";60;"165";"GOIANIA";"Defeito mecânico em veículo";"Incêndio";"Ignorado";"Plena noite";"Crescente";"Ceu Claro";"Dupla";"Reta";"Urbano";1;0;0;0;0;1;0;1
83509850;"22/10/16";"Sábado";"20:30:00";"MS";163;"485";"CAMPO GRANDE";"Ingestão de álcool";"Colisão traseira";"Sem Vítimas";"Plena noite";"Decrescente";"Ceu Claro";"Simples";"Reta";"Urbano";2;0;0;0;2;0;0;2
83509852;"22/10/16";"Sábado";"22:00:00";"SP";381;"52,8";"ATIBAIA";"Outras";"Queda de motocicleta / bicicleta / veículo";"Com Vítimas Feridas";"Plena noite";"Decrescente";"Nublado";"Dupla";"Curva";"Rural";1;0;1;0;0;0;1;1
83509853;"22/10/16";"Sábado";"22:00:00";"GO";60;"214,5";"VARJAO";"Outras";"Colisão com objeto fixo";"Sem Vítimas";"Plena noite";"Decrescente";"Ceu Claro";"Dupla";"Reta";"Rural";1;0;0;0;1;0;0;1
83509854;"22/10/16";"Sábado";"20:00:00";"BA";407;"5,1";"JUAZEIRO";"Ingestão de álcool";"Colisão traseira";"Sem Vítimas";"Plena noite";"Decrescente";"Ceu Claro";"Simples";"Reta";"Urbano";2;0;0;0;2;0;0;2
83509855;"22/10/16";"Sábado";"21:45:00";"RN";406;"167";"SAO GONCALO DO AMARANTE";"Ingestão de álcool";"Colisão lateral";"Sem Vítimas";"Plena noite";"Decrescente";"Ceu Claro";"Dupla";"Reta";"Rural";2;0;0;0;2;0;0;2
83509856;"22/10/16";"Sábado";"23:40:00";"SC";470;"74";"INDAIAL";"Falta de atenção";"Saída de Pista";"Ignorado";"Plena noite";"Crescente";"Ceu Claro";"Simples";"Reta";"Urbano";1;0;0;0;0;1;0;1
83509857;"22/10/16";"Sábado";"23:30:00";"RJ";101;"430";"MANGARATIBA";"Outras";"Capotamento";"Com Vítimas Feridas";"Plena noite";"Decrescente";"Nublado";"Simples";"Curva";"Rural";3;0;1;2;0;0;3;1
83509858;"22/10/16";"Sábado";"23:00:00";"PE";407;"129";"PETROLINA";"Desobediência à sinalização";"Colisão Transversal";"Com Vítimas Feridas";"Plena noite";"Decrescente";"Ignorada";"Dupla";"Cruzamento";"Urbano";2;0;1;0;1;0;1;2
83509859;"22/10/16";"Sábado";"08:50:00";"PR";487;"6,5";"VILA ALTA";"Outras";"Colisão traseira";"Sem Vítimas";"Pleno dia";"Decrescente";"Ceu Claro";"Simples";"Reta";"Rural";3;0;0;0;3;0;0;2
83509860;"22/10/16";"Sábado";"21:45:00";"PA";316;"13";"MARITUBA";"Falta de atenção";"Atropelamento de pessoa";"Com Vítimas Fatais";"Plena noite";"Crescente";"Nublado";"Dupla";"Reta";"Rural";2;1;0;0;0;1;0;1
83509861;"22/10/16";"Sábado";"23:45:00";"SP";116;"470";"JACUPIRANGA";"Velocidade incompatível";"Capotamento";"Ignorado";"Plena noite";"Decrescente";"Chuva";"Simples";"Reta";"Rural";1;0;0;0;0;1;0;1
83509862;"22/10/16";"Sábado";"23:55:00";"MG";365;"654";"UBERLANDIA";"Outras";"Capotamento";"Com Vítimas Feridas";"Plena noite";"Decrescente";"Vento";"Dupla";"Reta";"Rural";1;0;1;0;0;0;1;1
83509863;"22/10/16";"Sábado";"21:15:00";"RO";364;"342,5";"JI-PARANA";"Não guardar distância de segurança";"Colisão traseira";"Com Vítimas Feridas";"Plena noite";"Decrescente";"Ignorada";"Dupla";"Reta";"Urbano";2;0;1;0;1;0;1;2
83509864;"22/10/16";"Sábado";"06:50:00";"RS";116;"268";"CANOAS";"Não guardar distância de segurança";"Colisão com objeto fixo";"Com Vítimas Feridas";"Amanhecer";"Crescente";"Ceu Claro";"Dupla";"Reta";"Urbano";2;0;2;0;0;0;2;1
83509865;"22/10/16";"Sábado";"23:30:00";"PB";361;"4,7";"PATOS";"Animais na Pista";"Atropelamento de animal";"Com Vítimas Feridas";"Plena noite";"Decrescente";"Ceu Claro";"Simples";"Reta";"Urbano";1;0;1;0;0;0;1;1
83509866;"23/10/16";"Domingo";"00:15:00";"SC";470;"68";"INDAIAL";"Ingestão de álcool";"Colisão com objeto fixo";"Com Vítimas Feridas";"Plena noite";"Crescente";"Ceu Claro";"Simples";"Reta";"Urbano";2;0;1;1;0;0;2;1
83509867;"22/10/16";"Sábado";"17:30:00";"GO";153;"554,9";"PIRACANJUBA";"Outras";"Incêndio";"Sem Vítimas";"Pleno dia";"Decrescente";"Ceu Claro";"Simples";"Reta";"Rural";1;0;0;0;1;0;0;1
83509868;"23/10/16";"Domingo";"00:19:00";"SC";480;"130,5";"CHAPECO";"Outras";"Atropelamento de pessoa";"Com Vítimas Fatais";"Plena noite";"Decrescente";"Ceu Claro";"Dupla";"Curva";"Urbano";4;1;1;0;2;0;1;2
83509869;"22/10/16";"Sábado";"16:35:00";"MG";116;"281";"TEOFILO OTONI";"Falta de atenção";"Queda de motocicleta / bicicleta / veículo";"Com Vítimas Feridas";"Pleno dia";"Decrescente";"Ceu Claro";"Simples";"Reta";"Rural";1;0;1;0;0;0;1;1
83509870;"22/10/16";"Sábado";"20:30:00";"RS";285;"21,2";"SAO JOSE DOS AUSENTES";"Velocidade incompatível";"Colisão com objeto fixo";"Com Vítimas Feridas";"Plena noite";"Crescente";"Nevoeiro/neblina";"Simples";"Cruzamento";"Urbano";3;0;0;3;0;0;3;1
83509871;"22/10/16";"Sábado";"23:59:00";"MG";40;"449,3";"CAETANOPOLIS";"Animais na Pista";"Atropelamento de pessoa";"Com Vítimas Fatais";"Plena noite";"Decrescente";"Ceu Claro";"Dupla";"Reta";"Rural";3;1;0;0;2;0;0;2
83509872;"22/10/16";"Sábado";"20:30:00";"MT";70;"120";"GENERAL CARNEIRO";"Animais na Pista";"Atropelamento de animal";"Sem Vítimas";"Plena noite";"Crescente";"Ceu Claro";"Simples";"Reta";"Rural";1;0;0;0;1;0;0;1
83509873;"22/10/16";"Sábado";"19:00:00";"GO";153;"583,9";"PIRACANJUBA";"Velocidade incompatível";"Saída de Pista";"Sem Vítimas";"Anoitecer";"Crescente";"Chuva";"Dupla";"Reta";"Rural";5;0;0;0;5;0;0;1
83509874;"22/10/16";"Sábado";"21:20:00";"PR";116;"23";"ANTONINA";"Outras";"Colisão com objeto fixo";"Ignorado";"Plena noite";"Decrescente";"Chuva";"Dupla";"Curva";"Rural";1;0;0;0;0;1;0;1
83509876;"22/10/16";"Sábado";"21:20:00";"SP";153;"114";"JOSE BONIFACIO";"Ultrapassagem indevida";"Colisão lateral";"Com Vítimas Feridas";"Plena noite";"Crescente";"Nublado";"Simples";"Reta";"Rural";2;0;0;1;0;1;1;2
83509877;"15/10/16";"Sábado";"01:35:00";"BA";110;"368,1";"CATU";"Outras";"Colisão lateral";"Com Vítimas Feridas";"Plena noite";"Crescente";"Ceu Claro";"Dupla";"Cruzamento";"Urbano";2;0;1;0;1;0;1;2