"id";"data_inversa";"dia_semana";"horario";"uf";"br";"km";"municipio";"causa_acidente";"tipo_acidente";"classificacao_acidente";"fase_dia";"sentido_via";"condicao_metereologica";"tipo_pista";"tracado_via";"uso_solo";"pessoas";"mortos";"feridos_leves";"feridos_graves";"ilesos";"ignorados";"feridos";"veiculos"
83509878;"23/10/16";"Domingo";"00:12:00";"MG";381;"489,1";"BETIM";"Outras";"Capotamento";"Com Vítimas Feridas";"Plena noite";"Crescente";"Nublado";"Dupla";"Reta";"Urbano";2;0;2;0;0;0;2;1
83509879;"22/10/16";"Sábado";"19:00:00";"GO";153;"591";"PIRACANJUBA";"Velocidade incompatível";"Saída de Pista";"Com Vítimas Feridas";"Anoitecer";"Crescente";"Nublado";"Dupla";"Curva";"Rural";4;0;2;0;2;0;2;1
83509880;"22/10/16";"Sábado";"23:27:00";"PR";277;"616,7";"CEU AZUL";"Falta de atenção";"Colisão frontal";"Com Vítimas Feridas";"Plena noite";"Decrescente";"Nublado";"Simples";"Reta";"Rural";2;0;0;2;0;0;2;2
83509881;"22/10/16";"Sábado";"21:30:00";"MS";267;"483";"JARDIM";"Falta de atenção";"Colisão lateral";"Com Vítimas Feridas";"Plena noite";"Decrescente";"Ceu Claro";"Simples";"Reta";"Urbano";3;0;1;0;1;1;1;2
83509882;"22/10/16";"Sábado";"23:25:00";"BA";324;"621";"SALVADOR";"Outras";"Colisão com objeto fixo";"Sem Vítimas";"Plena noite";"Decrescente";"Ceu Claro";"Múltipla";"Curva";"Urbano";1;0;0;0;1;0;0;1
83509883;"22/10/16";"Sábado";"20:30:00";"MS";267;"482";"JARDIM";"Ingestão de álcool";"Colisão traseira";"Sem Vítimas";"Plena noite";"Decrescente";"Ceu Claro";"Simples";"Reta";"Urbano";4;0;0;0;4;0;0;2
83509884;"22/10/16";"Sábado";"16:00:00";"PR";277;"94,3";"CURITIBA";"Falta de atenção";"Colisão Transversal";"Com Vítimas Feridas";"Pleno dia";"Decrescente";"Nublado";"Múltipla";"Reta";"Urbano";3;0;2;0;0;1;2;2
83509885;"22/10/16";"Sábado";"07:30:00";"SP";116;"221";"GUARULHOS";"Falta de atenção";"Colisão lateral";"Sem Vítimas";"Pleno dia";"Crescente";"Ceu Claro";"Múltipla";"Reta";"Urbano";3;0;0;0;3;0;0;3
83509886;"22/10/16";"Sábado";"19:00:00";"BA";110;"365";"CATU";"Outras";"Atropelamento de animal";"Com Vítimas Feridas";"Plena noite";"Decrescente";"Ceu Claro";"Simples";"Reta";"Rural";2;0;1;0;1;0;1;1
83509887;"22/07/16";"Sexta";"07:19:00";"SP";116;"40,3";"CACHOEIRA PAULISTA";"Outras";"Colisão com objeto fixo";"Sem Vítimas";"Pleno dia";"Decrescente";"Chuva";"Dupla";"Reta";"Rural";1;0;0;0;1;0;0;1
83509888;"22/10/16";"Sábado";"22:20:00";"MS";163;"22";"MUNDO NOVO";"Animais na Pista";"Colisão com objeto fixo";"Sem Vítimas";"Plena noite";"Decrescente";"Ceu Claro";"Simples";"Reta";"Urbano";2;0;0;0;2;0;0;1
83509889;"22/10/16";"Sábado";"18:10:00";"ES";101;"132,8";"LINHARES";"Outras";"Colisão frontal";"Com Vítimas Fatais";"Anoitecer";"Crescente";"Nublado";"Simples";"Reta";"Urbano";6;1;1;3;1;0;4;3
83509890;"22/10/16";"Sábado";"23:00:00";"RO";364;"244,5";"CACOAL";"Defeito na via";"Tombamento";"Com Vítimas Feridas";"Plena noite";"Crescente";"Ceu Claro";"Simples";"Reta";"Rural";1;0;1;0;0;0;1;1
83509891;"23/10/16";"Domingo";"02:50:00";"PE";101;"48";"ABREU E LIMA";"Defeito na via";"Colisão com objeto fixo";"Com Vítimas Feridas";"Plena noite";"Decrescente";"Ceu Claro";"Dupla";"Reta";"Urbano";3;0;1;2;0;0;3;1
83509892;"22/10/16";"Sábado";"18:35:00";"SP";116;"229";"SAO PAULO";"Outras";"Colisão lateral";"Com Vítimas Feridas";"Pleno dia";"Decrescente";"Sol";"Múltipla";"Reta";"Urbano";2;0;1;0;1;0;1;2
83509893;"22/10/16";"Sábado";"21:30:00";"ES";262;"159";"IBATIBA";"Falta de atenção";"Queda de motocicleta / bicicleta / veículo";"Com Vítimas Feridas";"Plena noite";"Crescente";"Ceu Claro";"Simples";"Reta";"Urbano";2;0;2;0;0;0;2;1
83509894;"22/10/16";"Sábado";"18:00:00";"RN";405;"3,1";"MOSSORO";"Outras";"Colisão Transversal";"Com Vítimas Feridas";"Anoitecer";"Crescente";"Ignorada";"Simples";"Reta";"Urbano";2;0;0;2;0;0;2;2
83509895;"18/10/16";"Terça";"16:30:00";"MA";135;"38,5";"BACABEIRA";"Outras";"Saída de Pista";"Com Vítimas Feridas";"Pleno dia";"Decrescente";"Ceu Claro";"Simples";"Reta";"Rural";1;0;1;0;0;0;1;1
83509896;"23/10/16";"Domingo";"00:38:00";"SC";470;"61";"BLUMENAU";"Ingestão de álcool";"Colisão traseira";"Sem Vítimas";"Plena noite";"Decrescente";"Ceu Claro";"Simples";"Reta";"Urbano";2;0;0;0;2;0;0;2
83509897;"22/10/16";"Sábado";"12:00:00";"MG";381;"270";"CORONEL FABRICIANO";"Outras";"Queda de motocicleta / bicicleta / veículo";"Com Vítimas Fatais";"Pleno dia";"Crescente";"Nublado";"Simples";"Reta";"Rural";2;1;0;0;1;0;0;2
83509898;"23/10/16";"Domingo";"03:50:00";"RS";116;"263";"CANOAS";"Velocidade incompatível";"Capotamento";"Sem Vítimas";"Plena noite";"Crescente";"Ceu Claro";"Dupla";"Reta";"Urbano";2;0;0;0;2;0;0;1
83509899;"23/10/16";"Domingo";"03:00:00";"ES";101;"208,7";"IBIRACU";"Outras";"Saída de Pista";"Com Vítimas Feridas";"Amanhecer";"Crescente";"Nublado";"Simples";"Reta";"Urbano";2;0;0;2;0;0;2;1
83509900;"23/10/16";"Domingo";"02:45:00";"DF";70;"15";"BRASILIA";"Ingestão de álcool";"Capotamento";"Sem Vítimas";"Plena noite";"Decrescente";"Ceu Claro";"Dupla";"Reta";"Rural";1;0;0;0;1;0;0;1
83509901;"18/10/16";"Terça";"20:00:00";"SC";101;"129";"BALNEARIO CAMBORIU";"Outras";"Atropelamento de pessoa";"Com Vítimas Feridas";"Anoitecer";"Crescente";"Ignorada";"Dupla";"Reta";"Urbano";2;0;0;1;1;0;1;1
83509902;"22/10/16";"Sábado";"22:35:00";"SC";280;"24";"ARAQUARI";"Falta de atenção";"Colisão Transversal";"Com Vítimas Feridas";"Plena noite";"Crescente";"Vento";"Simples";"Reta";"Rural";2;0;0;1;1;0;1;2
83509903;"23/10/16";"Domingo";"04:10:00";"MS";262;"17,7";"TRES LAGOAS";"Dormindo";"Tombamento";"Sem Vítimas";"Plena noite";"Decrescente";"Ignorada";"Simples";"Reta";"Rural";1;0;0;0;1;0;0;1
83509904;"23/10/16";"Domingo";"04:30:00";"SC";470;"72";"INDAIAL";"Velocidade incompatível";"Queda de motocicleta / bicicleta / veículo";"Com Vítimas Feridas";"Plena noite";"Decrescente";"Nublado";"Simples";"Cruzamento";"Urbano";2;0;0;2;0;0;2;1
83509905;"22/10/16";"Sábado";"21:15:00";"CE";116;"65";"CHOROZINHO";"Ingestão de álcool";"Atropelamento de pessoa";"Com Vítimas Feridas";"Plena noite";"Decrescente";"Ceu Claro";"Dupla";"Reta";"Urbano";2;0;1;0;1;0;1;1
83509906;"22/10/16";"Sábado";"23:20:00";"RS";386;"393,7";"TRIUNFO";"Falta de atenção";"Colisão traseira";"Sem Vítimas";"Plena noite";"Decrescente";"Ceu Claro";"Dupla";"Curva";"Rural";2;0;0;0;2;0;0;2
83509907;"14/10/16";"Sexta";"23:25:00";"PR";277;"110,2";"CAMPO LARGO";"Outras";"Colisão lateral";"Sem Vítimas";"Plena noite";"Decrescente";"Nublado";"Dupla";"Reta";"Urbano";2;0;0;0;2;0;0;2
83509908;"22/10/16";"Sábado";"23:10:00";"RO";319;"63,6";"PORTO VELHO";"Falta de atenção";"Colisão Transversal";"Com Vítimas Feridas";"Plena noite";"Decrescente";"Ceu Claro";"Dupla";"Cruzamento";"Urbano";2;0;0;1;1;0;1;2
83509909;"22/10/16";"Sábado";"18:00:00";"BA";101;"476,8";"URUCUCA";"Outras";"Capotamento";"Com Vítimas Feridas";"Plena noite";"Crescente";"Nublado";"Simples";"Reta";"Rural";2;0;1;0;1;0;1;1
83509910;"22/10/16";"Sábado";"00:10:00";"MG";381;"489,1";"BETIM";"Defeito mecânico em veículo";"Colisão traseira";"Com Vítimas Feridas";"Plena noite";"Crescente";"Nublado";"Dupla";"Reta";"Urbano";8;0;7;0;1;0;7;2
83509911;"22/10/16";"Sábado";"18:30:00";"MT";364;"584";"DIAMANTINO";"Outras";"Saída de Pista";"Sem Vítimas";"Anoitecer";"Decrescente";"Chuva";"Dupla";"Reta";"Rural";3;0;0;0;3;0;0;1
83509913;"23/10/16";"Domingo";"04:50:00";"SC";101;"158,3";"PORTO BELO";"Velocidade incompatível";"Colisão com objeto fixo";"Sem Vítimas";"Plena noite";"Decrescente";"Nublado";"Dupla";"Reta";"Rural";1;0;0;0;1;0;0;1
83509914;"22/10/16";"Sábado";"20:30:00";"PR";476;"113";"COLOMBO";"Velocidade incompatível";"Saída de Pista";"Com Vítimas Feridas";"Plena noite";"Decrescente";"Nublado";"Simples";"Curva";"Rural";1;0;1;0;0;0;1;1
83509915;"23/10/16";"Domingo";"04:40:00";"RS";290;"88,1";"PORTO ALEGRE";"Dormindo";"Colisão traseira";"Com Vítimas Feridas";"Plena noite";"Decrescente";"Ceu Claro";"Múltipla";"Reta";"Rural";3;0;0;1;2;0;1;2
83509916;"23/10/16";"Domingo";"04:20:00";"SC";470;"68";"INDAIAL";"Velocidade incompatível";"Saída de Pista";"Sem Vítimas";"Plena noite";"Crescente";"Nublado";"Simples";"Cruzamento";"Rural";1;0;0;0;1;0;0;1
83509917;"23/10/16";"Domingo";"05:00:00";"DF";70;"16";"BRASILIA";"Falta de atenção";"Colisão traseira";"Sem Vítimas";"Plena noite";"Crescente";"Ceu Claro";"Dupla";"Reta";"Rural";3;0;0;0;3;0;0;2
83509918;"22/10/16";"Sábado";"22:00:00";"SP";116;"227";"GUARULHOS";"Não guardar distância de segurança";"Capotamento";"Sem Vítimas";"Plena noite";"Crescente";"Nublado";"Múltipla";"Curva";"Urbano";2;0;0;0;1;1;0;2
83509919;"22/10/16";"Sábado";"23:30:00";"SP";116;"329";"JUQUITIBA";"Falta de atenção";"Colisão com objeto fixo";"Sem Vítimas";"Plena noite";"Decrescente";"Chuva";"Dupla";"Curva";"Rural";1;0;0;0;1;0;0;1
83509920;"22/10/16";"Sábado";"22:00:00";"PR";277;"584,7";"CASCAVEL";"Não guardar distância de segurança";"Colisão traseira";"Com Vítimas Feridas";"Plena noite";"Decrescente";"Ceu Claro";"Múltipla";"Reta";"Urbano";4;0;0;1;3;0;1;2
83509921;"10/02/16";"Quarta";"06:00:00";"PE";232;"74,7";"VITORIA DE SANTO ANTAO";"Defeito mecânico em veículo";"Colisão lateral";"Sem Vítimas";"Amanhecer";"Decrescente";"Nublado";"Dupla";"Reta";"Urbano";2;0;0;0;2;0;0;2
83509922;"23/10/16";"Domingo";"05:15:00";"SC";101;"39,6";"JOINVILLE";"Ingestão de álcool";"Colisão traseira";"Com Vítimas Feridas";"Plena noite";"Decrescente";"Nublado";"Dupla";"Reta";"Urbano";3;0;2;0;1;0;2;2
83509923;"22/10/16";"Sábado";"12:10:00";"SC";101;"86,8";"BARRA VELHA";"Falta de atenção";"Saída de Pista";"Sem Vítimas";"Pleno dia";"Decrescente";"Sol";"Dupla";"Reta";"Urbano";3;0;0;0;3;0;0;2
83509924;"22/10/16";"Sábado";"07:30:00";"BA";116;"507,6";"SANTA TERESINHA";"Ultrapassagem indevida";"Colisão lateral";"Com Vítimas Feridas";"Pleno dia";"Crescente";"Ceu Claro";"Simples";"Curva";"Rural";3;0;2;0;1;0;2;2
83509925;"23/10/16";"Domingo";"04:20:00";"SC";101;"112,9";"ITAJAI";"Desobediência à sinalização";"Colisão frontal";"Com Vítimas Fatais";"Plena noite";"Decrescente";"Nublado";"Dupla";"Curva";"Urbano";2;1;0;0;1;0;0;2
83509926;"23/10/16";"Domingo";"04:35:00";"SC";101;"155";"PORTO BELO";"Velocidade incompatível";"Queda de motocicleta / bicicleta / veículo";"Com Vítimas Feridas";"Plena noite";"Decrescente";"Nublado";"Dupla";"Reta";"Rural";2;0;1;1;0;0;2;1
83509927;"23/10/16";"Domingo";"04:10:00";"MG";40;"602,9";"CONGONHAS";"Ingestão de álcool";"Colisão traseira";"Com Vítimas Feridas";"Plena noite";"Decrescente";"Nublado";"Simples";"Reta";"Urbano";2;0;1;0;1;0;1;2
83509928;"22/10/16";"Sábado";"15:00:00";"BA";101;"583";"CAMACAN";"Outras";"Colisão Transversal";"Com Vítimas Feridas";"Pleno dia";"Decrescente";"Ceu Claro";"Simples";"Reta";"Rural";3;0;2;0;0;1;2;2
83509929;"23/10/16";"Domingo";"02:00:00";"MG";381;"358";"JOAO MONLEVADE";"Desobediência à sinalização";"Colisão Transversal";"Sem Vítimas";"Plena noite";"Crescente";"Nublado";"Simples";"Reta";"Urbano";4;0;0;0;3;1;0;2
83509930;"23/10/16";"Domingo";"01:10:00";"SP";116;"279";"EMBU";"Não guardar distância de segurança";"Capotamento";"Com Vítimas Feridas";"Plena noite";"Crescente";"Nublado";"Dupla";"Reta";"Urbano";2;0;1;0;1;0;1;2
83509931;"23/10/16";"Domingo";"03:50:00";"SC";153;"106,9";"CONCORDIA";"Outras";"Queda de motocicleta / bicicleta / veículo";"Com Vítimas Feridas";"Plena noite";"Decrescente";"Ceu Claro";"Simples";"Reta";"Rural";1;0;0;1;0;0;1;1
83509932;"22/10/16";"Sábado";"17:30:00";"BA";101;"604";"CAMACAN";"Defeito na via";"Saída de Pista";"Com Vítimas Feridas";"Anoitecer";"Decrescente";"Ceu Claro";"Simples";"Reta";"Rural";2;0;1;0;1;0;1;1
83509933;"23/10/16";"Domingo";"00:30:00";"MS";158;"252,2";"TRES LAGOAS";"Outras";"Colisão frontal";"Com Vítimas Fatais";"Plena noite";"Crescente";"Ceu Claro";"Simples";"Curva";"Rural";3;1;0;0;2;0;0;3
83509935;"04/08/16";"Quinta";"18:00:00";"MG";381;"511";"IGARAPE";"Outras";"Queda de motocicleta / bicicleta / veículo";"Com Vítimas Feridas";"Anoitecer";"Crescente";"Nublado";"Múltipla";"Reta";"Urbano";2;0;2;0;0;0;2;1
83509936;"23/10/16";"Domingo";"04:30:00";"MG";153;"172,5";"COMENDADOR GOMES";"Falta de atenção";"Saída de Pista";"Com Vítimas Feridas";"Plena noite";"Decrescente";"Nublado";"Dupla";"Curva";"Rural";3;0;2;0;1;0;2;1
83509937;"19/10/16";"Quarta";"21:10:00";"RJ";116;"192";"QUEIMADOS";"Falta de atenção";"Colisão Transversal";"Com Vítimas Feridas";"Plena noite";"Decrescente";"Nublado";"Dupla";"Reta";"Urbano";4;0;1;0;3;0;1;2
83509938;"23/10/16";"Domingo";"07:05:00";"PR";277;"711";"SANTA TEREZINHA DE ITAIPU";"Ingestão de álcool";"Saída de Pista";"Ignorado";"Amanhecer";"Decrescente";"Ceu Claro";"Dupla";"Reta";"Rural";1;0;0;0;0;1;0;1
83509939;"18/10/16";"Terça";"15:00:00";"SC";163;"66,7";"SAO MIGUEL DOESTE";"Falta de atenção";"Colisão lateral";"Com Vítimas Feridas";"Pleno dia";"Decrescente";"Sol";"Dupla";"Reta";"Urbano";2;0;1;0;1;0;1;2
83509940;"23/10/16";"Domingo";"03:15:00";"PR";277;"75,3";"SAO JOSE DOS PINHAIS";"Velocidade incompatível";"Saída de Pista";"Com Vítimas Feridas";"Plena noite";"Decrescente";"Nublado";"Dupla";"Reta";"Urbano";3;0;2;1;0;0;3;1
83509941;"22/10/16";"Sábado";"20:50:00";"PR";376;"601,8";"CURITIBA";"Outras";"Saída de Pista";"Com Vítimas Feridas";"Plena noite";"Crescente";"Ceu Claro";"Dupla";"Reta";"Rural";1;0;0;1;0;0;1;1
83509942;"23/10/16";"Domingo";"04:45:00";"PR";277;"75,3";"SAO JOSE DOS PINHAIS";"Ingestão de álcool";"Colisão traseira";"Sem Vítimas";"Plena noite";"Decrescente";"Nublado";"Dupla";"Reta";"Urbano";2;0;0;0;2;0;0;2
83509943;"22/10/16";"Sábado";"22:55:00";"ES";101;"156";"LINHARES";"Outras";"Atropelamento de pessoa";"Com Vítimas Feridas";"Plena noite";"Crescente";"Nublado";"Simples";"Reta";"Urbano";2;0;1;0;0;1;1;1
83509945;"20/10/16";"Quinta";"05:15:00";"RS";116;"302,5";"GUAIBA";"Outras";"Tombamento";"Com Vítimas Feridas";"Amanhecer";"Decrescente";"Nublado";"Dupla";"Reta";"Urbano";1;0;1;0;0;0;1;1
83509946;"23/10/16";"Domingo";"05:30:00";"PR";277;"98";"CURITIBA";"Animais na Pista";"Queda de motocicleta / bicicleta / veículo";"Com Vítimas Feridas";"Plena noite";"Crescente";"Nublado";"Dupla";"Reta";"Rural";1;0;0;1;0;0;1;1
83509947;"20/10/16";"Quinta";"04:40:00";"RS";290;"105,9";"ELDORADO DO SUL";"Outras";"Saída de Pista";"Sem Vítimas";"Plena noite";"Crescente";"Nublado";"Dupla";"Reta";"Urbano";1;0;0;0;1;0;0;1
83509948;"23/10/16";"Domingo";"05:40:00";"RJ";493;"8";"GUAPIMIRIM";"Ultrapassagem indevida";"Colisão traseira";"Sem Vítimas";"Amanhecer";"Crescente";"Nublado";"Simples";"Reta";"Rural";2;0;0;0;1;1;0;2
83509949;"23/10/16";"Domingo";"06:20:00";"PR";158;"414,8";"RIO BONITO DO IGUACU";"Ingestão de álcool";"Saída de Pista";"Com Vítimas Feridas";"Pleno dia";"Decrescente";"Ceu Claro";"Simples";"Curva";"Rural";3;0;1;2;0;0;3;1
83509950;"22/10/16";"Sábado";"20:30:00";"RJ";116;"242";"PIRAI";"Outras";"Colisão traseira";"Com Vítimas Fatais";"Plena noite";"Crescente";"Chuva";"Simples";"Curva";"Rural";2;1;0;0;0;1;0;2
83509951;"20/10/16";"Quinta";"05:50:00";"PE";408;"104";"JABOATAO DOS GUARARAPES";"Desobediência à sinalização";"Colisão Transversal";"Com Vítimas Feridas";"Pleno dia";"Crescente";"Ceu Claro";"Simples";"Reta";"Urbano";2;0;1;0;1;0;1;2
83509952;"20/10/16";"Quinta";"07:45:00";"SP";116;"171";"JACAREI";"Dormindo";"Colisão com objeto fixo";"Com Vítimas Feridas";"Amanhecer";"Decrescente";"Ceu Claro";"Dupla";"Reta";"Rural";2;0;1;0;1;0;1;1
83509954;"23/10/16";"Domingo";"06:30:00";"PR";277;"721";"FOZ DO IGUACU";"Falta de atenção";"Saída de Pista";"Sem Vítimas";"Amanhecer";"Crescente";"Sol";"Dupla";"Reta";"Urbano";2;0;0;0;2;0;0;2
83509955;"19/10/16";"Quarta";"11:45:00";"RS";290;"35,6";"SANTO ANTONIO DA PATRULHA";"Velocidade incompatível";"Saída de Pista";"Com Vítimas Feridas";"Pleno dia";"Crescente";"Chuva";"Dupla";"Reta";"Rural";2;0;1;1;0;0;2;1
83509956;"19/10/16";"Quarta";"18:10:00";"CE";222;"4,3";"CAUCAIA";"Falta de atenção";"Colisão frontal";"Com Vítimas Feridas";"Plena noite";"Decrescente";"Ceu Claro";"Dupla";"Reta";"Urbano";3;0;2;0;1;0;2;2
83509958;"19/10/16";"Quarta";"11:20:00";"ES";101;"160";"LINHARES";"Falta de atenção";"Danos Eventuais";"Com Vítimas Feridas";"Pleno dia";"Crescente";"Ceu Claro";"Simples";"Reta";"Rural";2;0;1;0;1;0;1;2
83509959;"07/10/16";"Sexta";"15:05:00";"CE";116;"4,5";"FORTALEZA";"Outras";"Atropelamento de pessoa";"Com Vítimas Feridas";"Pleno dia";"Crescente";"Ceu Claro";"Múltipla";"Reta";"Urbano";2;0;0;1;1;0;1;1
83509960;"21/10/16";"Sexta";"19:00:00";"MG";381;"200";"PERIQUITO";"Outras";"Capotamento";"Com Vítimas Feridas";"Plena noite";"Decrescente";"Ceu Claro";"Simples";"Reta";"Rural";3;0;0;3;0;0;3;1
83509961;"18/10/16";"Terça";"15:55:00";"DF";60;"10";"BRASILIA";"Velocidade incompatível";"Colisão com objeto fixo";"Com Vítimas Feridas";"Pleno dia";"Crescente";"Ceu Claro";"Dupla";"Reta";"Rural";2;0;2;0;0;0;2;1
83509962;"19/10/16";"Quarta";"09:20:00";"SC";101;"157,8";"PORTO BELO";"Falta de atenção";"Colisão traseira";"Com Vítimas Feridas";"Pleno dia";"Crescente";"Sol";"Dupla";"Reta";"Rural";4;0;1;0;3;0;1;2
83509963;"23/10/16";"Domingo";"07:50:00";"SC";282;"596,3";"CUNHA PORA";"Defeito mecânico em veículo";"Saída de Pista";"Com Vítimas Feridas";"Pleno dia";"Crescente";"Ceu Claro";"Simples";"Reta";"Rural";2;0;2;0;0;0;2;1
83509964;"23/10/16";"Domingo";"06:30:00";"SE";101;"93";"NOSSA SENHORA DO SOCORRO";"Falta de atenção";"Saída de Pista";"Sem Vítimas";"Pleno dia";"Decrescente";"Sol";"Dupla";"Reta";"Rural";1;0;0;0;1;0;0;1
83509965;"19/10/16";"Quarta";"06:20:00";"RJ";116;"76";"TERESOPOLIS";"Falta de atenção";"Colisão Transversal";"Com Vítimas Feridas";"Amanhecer";"Crescente";"Nevoeiro/neblina";"Simples";"Curva";"Urbano";2;0;0;1;1;0;1;2
83509966;"23/10/16";"Domingo";"04:30:00";"MG";50;"56";"UBERLANDIA";"Dormindo";"Saída de Pista";"Sem Vítimas";"Plena noite";"Crescente";"Ceu Claro";"Dupla";"Curva";"Rural";1;0;0;0;1;0;0;1
83509967;"23/10/16";"Domingo";"07:00:00";"RJ";101;"293";"ITABORAI";"Falta de atenção";"Colisão traseira";"Com Vítimas Feridas";"Pleno dia";"Crescente";"Nublado";"Dupla";"Cruzamento";"Rural";2;0;1;0;1;0;1;2
83509968;"19/10/16";"Quarta";"17:58:00";"PR";376;"661";"TIJUCAS DO SUL";"Velocidade incompatível";"Saída de Pista";"Sem Vítimas";"Pleno dia";"Crescente";"Nublado";"Dupla";"Curva";"Rural";1;0;0;0;1;0;0;1
83509969;"19/10/16";"Quarta";"09:10:00";"PE";101;"75";"RECIFE";"Não guardar distância de segurança";"Colisão traseira";"Sem Vítimas";"Pleno dia";"Decrescente";"Sol";"Dupla";"Reta";"Urbano";2;0;0;0;2;0;0;2
83509970;"23/10/16";"Domingo";"08:55:00";"PR";116;"57";"CAMPINA GRANDE DO SUL";"Dormindo";"Colisão com objeto fixo";"Sem Vítimas";"Pleno dia";"Crescente";"Nublado";"Dupla";"Reta";"Urbano";3;0;0;0;3;0;0;1
83509971;"23/10/16";"Domingo";"08:15:00";"PR";376;"660";"TIJUCAS DO SUL";"Velocidade incompatível";"Colisão com objeto fixo";"Sem Vítimas";"Pleno dia";"Crescente";"Chuva";"Simples";"Curva";"Rural";1;0;0;0;1;0;0;1
83509972;"21/10/16";"Sexta";"07:30:00";"RJ";116;"110";"GUAPIMIRIM";"Falta de atenção";"Colisão traseira";"Com Vítimas Fatais";"Pleno dia";"Decrescente";"Ceu Claro";"Dupla";"Reta";"Rural";3;1;0;1;1;0;1;2
83509973;"20/10/16";"Quinta";"06:40:00";"GO";153;"439,6";"ANAPOLIS";"Defeito na via";"Colisão com objeto fixo";"Sem Vítimas";"Pleno dia";"Decrescente";"Chuva";"Dupla";"Reta";"Urbano";1;0;0;0;1;0;0;1
83509974;"20/10/16";"Quinta";"05:00:00";"SP";116;"110";"TAUBATE";"Outras";"Colisão traseira";"Com Vítimas Fatais";"Plena noite";"Decrescente";"Nublado";"Dupla";"Reta";"Urbano";2;1;0;0;0;1;0;2
83509975;"19/10/16";"Quarta";"11:50:00";"RJ";116;"139";"DUQUE DE CAXIAS";"Defeito mecânico em veículo";"Incêndio";"Sem Vítimas";"Pleno dia";"Decrescente";"Nublado";"Dupla";"Reta";"Rural";1;0;0;0;1;0;0;1
83509976;"15/10/16";"Sábado";"12:00:00";"CE";116;"1";"FORTALEZA";"Outras";"Colisão lateral";"Com Vítimas Feridas";"Pleno dia";"Crescente";"Ceu Claro";"Dupla";"Reta";"Urbano";3;0;1;0;1;1;1;2
83509977;"20/10/16";"Quinta";"06:00:00";"SC";101;"131,9";"BALNEARIO CAMBORIU";"Falta de atenção";"Colisão traseira";"Com Vítimas Feridas";"Amanhecer";"Crescente";"Nublado";"Dupla";"Reta";"Urbano";3;0;0;1;1;1;1;2
83509978;"22/10/16";"Sábado";"02:50:00";"PR";153;"45,9";"SANTO ANTONIO DA PLATINA";"Outras";"Colisão lateral";"Com Vítimas Feridas";"Plena noite";"Crescente";"Ceu Claro";"Simples";"Reta";"Rural";6;0;1;0;5;0;1;2
83509979;"21/10/16";"Sexta";"04:45:00";"SC";101;"273,5";"IMBITUBA";"Velocidade incompatível";"Tombamento";"Com Vítimas Feridas";"Plena noite";"Decrescente";"Ceu Claro";"Dupla";"Reta";"Rural";2;0;1;1;0;0;2;1
83509980;"19/10/16";"Quarta";"08:57:00";"GO";60;"286,3";"ACREUNA";"Outras";"Colisão com objeto fixo";"Com Vítimas Feridas";"Pleno dia";"Crescente";"Ceu Claro";"Dupla";"Reta";"Rural";1;0;1;0;0;0;1;1
83509981;"23/10/16";"Domingo";"06:35:00";"MG";262;"412,9";"IGARATINGA";"Outras";"Colisão Transversal";"Com Vítimas Feridas";"Amanhecer";"Crescente";"Nublado";"Dupla";"Curva";"Urbano";3;0;1;0;2;0;1;2
83509982;"23/10/16";"Domingo";"08:20:00";"PE";104;"64";"CARUARU";"Falta de atenção";"Colisão traseira";"Com Vítimas Feridas";"Pleno dia";"Decrescente";"Sol";"Dupla";"Reta";"Urbano";2;0;1;1;0;0;2;2
83509983;"23/10/16";"Domingo";"06:30:00";"MS";60;"390,2";"SIDROLANDIA";"Dormindo";"Saída de Pista";"Com Vítimas Feridas";"Amanhecer";"Crescente";"Ceu Claro";"Simples";"Reta";"Rural";1;0;1;0;0;0;1;1
83509984;"19/10/16";"Quarta";"23:40:00";"RJ";116;"143";"DUQUE DE CAXIAS";"Outras";"Colisão com objeto fixo";"Sem Vítimas";"Plena noite";"Crescente";"Ignorada";"Dupla";"Reta";"Urbano";3;0;0;0;2;1;0;2
83509985;"15/10/16";"Sábado";"07:50:00";"RJ";101;"257";"RIO BONITO";"Falta de atenção";"Colisão lateral";"Com Vítimas Feridas";"Pleno dia";"Decrescente";"Ceu Claro";"Simples";"Reta";"Rural";3;0;2;0;1;0;2;2
83509986;"20/10/16";"Quinta";"16:30:00";"PA";230;"120";"MARABA";"Falta de atenção";"Colisão traseira";"Com Vítimas Feridas";"Pleno dia";"Decrescente";"Sol";"Dupla";"Reta";"Urbano";2;0;1;0;1;0;1;2
83509987;"23/10/16";"Domingo";"10:30:00";"RJ";101;"394,5";"RIO DE JANEIRO";"Falta de atenção";"Colisão traseira";"Sem Vítimas";"Pleno dia";"Crescente";"Nublado";"Dupla";"Reta";"Rural";2;0;0;0;2;0;0;2
83509988;"19/10/16";"Quarta";"20:20:00";"GO";153;"492,3";"GOIANIA";"Outras";"Queda de motocicleta / bicicleta / veículo";"Com Vítimas Feridas";"Plena noite";"Crescente";"Vento";"Dupla";"Curva";"Urbano";1;0;1;0;0;0;1;1
83509989;"20/10/16";"Quinta";"18:50:00";"BA";101;"940";"MUCURI";"Outras";"Atropelamento de animal";"Sem Vítimas";"Plena noite";"Crescente";"Ceu Claro";"Simples";"Reta";"Rural";1;0;0;0;1;0;0;1
83509991;"14/10/16";"Sexta";"18:10:00";"PE";423;"38,1";"CACHOEIRINHA";"Ultrapassagem indevida";"Colisão frontal";"Com Vítimas Feridas";"Plena noite";"Decrescente";"Ignorada";"Simples";"Reta";"Urbano";2;0;0;1;1;0;1;2