"id";"data_inversa";"dia_semana";"horario";"uf";"br";"km";"municipio";"causa_acidente";"tipo_acidente";"classificacao_acidente";"fase_dia";"sentido_via";"condicao_metereologica";"tipo_pista";"tracado_via";"uso_solo";"pessoas";"mortos";"feridos_leves";"feridos_graves";"ilesos";"ignorados";"feridos";"veiculos"
83509992;"23/10/16";"Domingo";"04:25:00";"PB";230;"409,4";"POMBAL";"Dormindo";"Tombamento";"Sem Vítimas";"Amanhecer";"Decrescente";"Ceu Claro";"Simples";"Reta";"Rural";1;0;0;0;1;0;0;1
83509993;"23/10/16";"Domingo";"09:00:00";"MT";364;"25,5";"ALTO ARAGUAIA";"Ultrapassagem indevida";"Tombamento";"Sem Vítimas";"Pleno dia";"Decrescente";"Ceu Claro";"Simples";"Reta";"Rural";1;0;0;0;1;0;0;1
83509994;"23/10/16";"Domingo";"09:20:00";"PB";230;"471,8";"SOUSA";"Outras";"Saída de Pista";"Com Vítimas Feridas";"Pleno dia";"Crescente";"Ceu Claro";"Simples";"Reta";"Rural";1;0;1;0;0;0;1;1
83509995;"18/10/16";"Terça";"09:45:00";"SC";101;"86,4";"BARRA VELHA";"Falta de atenção";"Colisão lateral";"Com Vítimas Feridas";"Pleno dia";"Crescente";"Ceu Claro";"Dupla";"Cruzamento";"Urbano";2;0;1;0;1;0;1;2
83509996;"19/10/16";"Quarta";"12:40:00";"RN";101;"98";"NATAL";"Falta de atenção";"Colisão lateral";"Com Vítimas Feridas";"Pleno dia";"Crescente";"Sol";"Dupla";"Reta";"Urbano";2;0;1;0;1;0;1;2
83509997;"15/10/16";"Sábado";"19:15:00";"CE";20;"408";"CAUCAIA";"Outras";"Colisão lateral";"Com Vítimas Feridas";"Plena noite";"Decrescente";"Ceu Claro";"Múltipla";"Reta";"Rural";2;0;1;0;1;0;1;2
83509998;"23/10/16";"Domingo";"08:30:00";"PR";487;"247,9";"IRETAMA";"Não guardar distância de segurança";"Colisão traseira";"Sem Vítimas";"Pleno dia";"Crescente";"Sol";"Simples";"Cruzamento";"Urbano";2;0;0;0;2;0;0;2
83509999;"19/10/16";"Quarta";"05:50:00";"GO";40;"13,7";"LUZIANIA";"Desobediência à sinalização";"Atropelamento de pessoa";"Com Vítimas Feridas";"Plena noite";"Decrescente";"Ceu Claro";"Dupla";"Reta";"Urbano";2;0;1;1;0;0;2;1
83510000;"23/10/16";"Domingo";"10:20:00";"SC";101;"24,2";"JOINVILLE";"Outras";"Atropelamento de pessoa";"Com Vítimas Feridas";"Pleno dia";"Crescente";"Nublado";"Dupla";"Reta";"Urbano";2;0;0;1;1;0;1;1
83510001;"23/10/16";"Domingo";"10:20:00";"SC";101;"201,2";"SAO JOSE";"Falta de atenção";"Colisão traseira";"Sem Vítimas";"Pleno dia";"Crescente";"Ceu Claro";"Dupla";"Reta";"Urbano";2;0;0;0;2;0;0;2
83510002;"23/10/16";"Domingo";"10:10:00";"PA";163;"1001";"SANTAREM";"Falta de atenção";"Colisão Transversal";"Com Vítimas Feridas";"Pleno dia";"Decrescente";"Ceu Claro";"Simples";"Reta";"Urbano";2;0;1;0;1;0;1;2
83510003;"23/10/16";"Domingo";"08:40:00";"RJ";40;"74";"PETROPOLIS";"Velocidade incompatível";"Saída de Pista";"Com Vítimas Feridas";"Pleno dia";"Decrescente";"Nublado";"Dupla";"Curva";"Urbano";2;0;2;0;0;0;2;1
83510004;"16/10/16";"Domingo";"19:00:00";"RN";101;"175,5";"CANGUARETAMA";"Defeito na via";"Queda de motocicleta / bicicleta / veículo";"Com Vítimas Feridas";"Amanhecer";"Crescente";"Ceu Claro";"Dupla";"Reta";"Rural";2;0;1;1;0;0;2;1
83510005;"22/10/16";"Sábado";"08:00:00";"AC";364;"135";"RIO BRANCO";"Falta de atenção";"Derramamento de Carga";"Sem Vítimas";"Pleno dia";"Decrescente";"Ceu Claro";"Dupla";"Cruzamento";"Urbano";1;0;0;0;1;0;0;1
83510006;"23/10/16";"Domingo";"11:00:00";"SC";282;"18";"PALHOCA";"Falta de atenção";"Saída de Pista";"Com Vítimas Feridas";"Pleno dia";"Crescente";"Ceu Claro";"Simples";"Reta";"Urbano";1;0;1;0;0;0;1;1
83510007;"19/10/16";"Quarta";"07:10:00";"SC";470;"60";"BLUMENAU";"Outras";"Colisão Transversal";"Sem Vítimas";"Pleno dia";"Crescente";"Sol";"Simples";"Reta";"Urbano";2;0;0;0;2;0;0;2
83510008;"20/10/16";"Quinta";"17:10:00";"GO";60;"1";"GOIANIA";"Outras";"Colisão lateral";"Sem Vítimas";"Pleno dia";"Decrescente";"Nublado";"Dupla";"Reta";"Urbano";2;0;0;0;2;0;0;2
83510009;"10/04/16";"Domingo";"16:00:00";"MA";222;"645";"ACAILANDIA";"Defeito na via";"Saída de Pista";"Com Vítimas Feridas";"Pleno dia";"Crescente";"Ceu Claro";"Simples";"Reta";"Rural";1;0;0;1;0;0;1;1
83510010;"20/10/16";"Quinta";"02:30:00";"SP";116;"198";"ARUJA";"Falta de atenção";"Colisão traseira";"Com Vítimas Feridas";"Plena noite";"Crescente";"Ceu Claro";"Múltipla";"Reta";"Urbano";2;0;1;0;1;0;1;2
83510011;"23/10/16";"Domingo";"11:00:00";"RJ";393;"238,7";"VASSOURAS";"Falta de atenção";"Colisão Transversal";"Com Vítimas Feridas";"Plena noite";"Decrescente";"Nublado";"Simples";"Cruzamento";"Rural";2;0;1;0;1;0;1;2
83510012;"23/10/16";"Domingo";"09:10:00";"RJ";101;"558";"PARATI";"Outras";"Queda de motocicleta / bicicleta / veículo";"Com Vítimas Feridas";"Pleno dia";"Crescente";"Nublado";"Simples";"Reta";"Rural";2;0;1;0;1;0;1;2
83510013;"07/10/16";"Sexta";"09:00:00";"PR";476;"67,5";"TUNAS DO PARANA";"Outras";"Capotamento";"Com Vítimas Feridas";"Pleno dia";"Decrescente";"Sol";"Simples";"Curva";"Rural";1;0;0;1;0;0;1;1
83510014;"23/10/16";"Domingo";"09:20:00";"PE";101;"178";"JOAQUIM NABUCO";"Falta de atenção";"Colisão Transversal";"Com Vítimas Feridas";"Pleno dia";"Crescente";"Nublado";"Dupla";"Curva";"Rural";2;0;0;1;1;0;1;2
83510015;"23/10/16";"Domingo";"09:00:00";"BA";101;"276";"SANTO ANTONIO DE JESUS";"Outras";"Saída de Pista";"Com Vítimas Feridas";"Pleno dia";"Decrescente";"Chuva";"Simples";"Curva";"Urbano";3;0;1;0;2;0;1;1
83510016;"19/10/16";"Quarta";"09:50:00";"PR";116;"77";"CAMPINA GRANDE DO SUL";"Falta de atenção";"Colisão traseira";"Sem Vítimas";"Pleno dia";"Crescente";"Sol";"Dupla";"Reta";"Rural";2;0;0;0;1;1;0;2
83510018;"21/10/16";"Sexta";"03:40:00";"RJ";116;"333";"RESENDE";"Outras";"Colisão traseira";"Com Vítimas Feridas";"Plena noite";"Decrescente";"Nublado";"Dupla";"Reta";"Rural";2;0;1;0;1;0;1;2
83510019;"22/10/16";"Sábado";"19:40:00";"MT";163;"838";"SINOP";"Falta de atenção";"Colisão Transversal";"Com Vítimas Feridas";"Plena noite";"Crescente";"Nublado";"Simples";"Reta";"Urbano";2;0;1;0;1;0;1;2
83510020;"23/10/16";"Domingo";"13:26:00";"RS";116;"37,7";"VACARIA";"Desobediência à sinalização";"Colisão Transversal";"Sem Vítimas";"Pleno dia";"Crescente";"Chuva";"Simples";"Reta";"Urbano";2;0;0;0;2;0;0;2
83510021;"23/10/16";"Domingo";"14:27:00";"MG";40;"545,1";"NOVA LIMA";"Falta de atenção";"Colisão traseira";"Com Vítimas Feridas";"Pleno dia";"Crescente";"Ceu Claro";"Dupla";"Reta";"Rural";3;0;2;0;0;1;2;2
83510022;"19/10/16";"Quarta";"07:30:00";"MG";40;"524,5";"CONTAGEM";"Falta de atenção";"Atropelamento de pessoa";"Com Vítimas Feridas";"Pleno dia";"Crescente";"Ceu Claro";"Dupla";"Reta";"Urbano";2;0;0;1;1;0;1;1
83510023;"23/10/16";"Domingo";"07:54:00";"RJ";101;"197";"CASIMIRO DE ABREU";"Outras";"Colisão traseira";"Com Vítimas Feridas";"Pleno dia";"Decrescente";"Nublado";"Dupla";"Reta";"Rural";3;0;1;0;2;0;1;2
83510024;"18/10/16";"Terça";"21:45:00";"MG";40;"751,7";"SANTOS DUMONT";"Velocidade incompatível";"Saída de Pista";"Com Vítimas Feridas";"Plena noite";"Decrescente";"Nublado";"Simples";"Curva";"Rural";1;0;1;0;0;0;1;1
83510025;"23/10/16";"Domingo";"11:40:00";"CE";222;"31";"CAUCAIA";"Defeito mecânico em veículo";"Incêndio";"Sem Vítimas";"Pleno dia";"Decrescente";"Ceu Claro";"Simples";"Reta";"Rural";1;0;0;0;1;0;0;1
83510026;"23/10/16";"Domingo";"15:00:00";"SP";116;"221";"GUARULHOS";"Outras";"Queda de motocicleta / bicicleta / veículo";"Com Vítimas Feridas";"Pleno dia";"Crescente";"Ceu Claro";"Múltipla";"Reta";"Urbano";2;0;2;0;0;0;2;1
83510027;"23/10/16";"Domingo";"12:30:00";"MG";153;"43";"CANAPOLIS";"Dormindo";"Saída de Pista";"Com Vítimas Feridas";"Pleno dia";"Decrescente";"Ceu Claro";"Dupla";"Reta";"Rural";1;0;1;0;0;0;1;1
83510028;"23/10/16";"Domingo";"11:00:00";"MG";381;"505";"BETIM";"Outras";"Colisão com objeto fixo";"Sem Vítimas";"Pleno dia";"Crescente";"Ceu Claro";"Múltipla";"Reta";"Urbano";1;0;0;0;1;0;0;1
83510029;"23/10/16";"Domingo";"11:50:00";"AL";101;"74,5";"RIO LARGO";"Outras";"Tombamento";"Com Vítimas Feridas";"Pleno dia";"Decrescente";"Chuva";"Simples";"Reta";"Rural";1;0;1;0;0;0;1;1
83510030;"20/10/16";"Quinta";"00:55:00";"MT";364;"474";"JANGADA";"Ingestão de álcool";"Tombamento";"Sem Vítimas";"Plena noite";"Decrescente";"Nublado";"Simples";"Curva";"Rural";1;0;0;0;1;0;0;1
83510031;"23/10/16";"Domingo";"11:00:00";"MG";365;"731";"CANAPOLIS";"Falta de atenção";"Saída de Pista";"Sem Vítimas";"Pleno dia";"Crescente";"Ceu Claro";"Simples";"Reta";"Rural";1;0;0;0;1;0;0;1
83510032;"18/10/16";"Terça";"08:40:00";"SP";116;"52,6";"LORENA";"Falta de atenção";"Capotamento";"Com Vítimas Feridas";"Pleno dia";"Crescente";"Ceu Claro";"Dupla";"Reta";"Urbano";2;0;0;1;1;0;1;1
83510033;"23/10/16";"Domingo";"14:10:00";"SC";101;"215,5";"PALHOCA";"Falta de atenção";"Colisão lateral";"Sem Vítimas";"Pleno dia";"Crescente";"Nublado";"Dupla";"Reta";"Urbano";2;0;0;0;2;0;0;2
83510034;"23/10/16";"Domingo";"09:40:00";"CE";222;"125";"ITAPAGE";"Falta de atenção";"Colisão lateral";"Com Vítimas Feridas";"Pleno dia";"Decrescente";"Ceu Claro";"Simples";"Curva";"Urbano";4;0;1;1;1;1;2;3
83510035;"20/10/16";"Quinta";"05:50:00";"ES";101;"253";"SERRA";"Desobediência à sinalização";"Colisão com bicicleta";"Com Vítimas Feridas";"Pleno dia";"Decrescente";"Ceu Claro";"Simples";"Reta";"Rural";2;0;0;1;0;1;1;2
83510036;"23/10/16";"Domingo";"09:10:00";"PR";376;"625";"SAO JOSE DOS PINHAIS";"Falta de atenção";"Colisão com objeto fixo";"Ignorado";"Pleno dia";"Crescente";"Nublado";"Dupla";"Reta";"Rural";1;0;0;0;0;1;0;1
83510037;"23/10/16";"Domingo";"04:30:00";"CE";116;"484";"MILAGRES";"Velocidade incompatível";"Saída de Pista";"Com Vítimas Feridas";"Plena noite";"Crescente";"Nublado";"Dupla";"Curva";"Rural";1;0;0;1;0;0;1;1
83510038;"23/10/16";"Domingo";"15:30:00";"PR";277;"38,5";"MORRETES";"Falta de atenção";"Colisão com objeto fixo";"Com Vítimas Feridas";"Pleno dia";"Crescente";"Nublado";"Dupla";"Curva";"Rural";1;0;1;0;0;0;1;1
83510039;"23/10/16";"Domingo";"15:30:00";"SC";101;"79";"ARAQUARI";"Falta de atenção";"Colisão lateral";"Sem Vítimas";"Pleno dia";"Crescente";"Nublado";"Múltipla";"Reta";"Rural";2;0;0;0;2;0;0;2
83510040;"23/10/16";"Domingo";"15:00:00";"BA";324;"611";"SIMOES FILHO";"Falta de atenção";"Colisão lateral";"Com Vítimas Feridas";"Pleno dia";"Crescente";"Sol";"Dupla";"Reta";"Urbano";4;0;3;0;1;0;3;2
83510041;"23/10/16";"Domingo";"16:24:00";"PR";277;"586";"CASCAVEL";"Outras";"Colisão traseira";"Sem Vítimas";"Pleno dia";"Decrescente";"Sol";"Simples";"Reta";"Urbano";4;0;0;0;3;1;0;4
83510042;"20/10/16";"Quinta";"02:00:00";"MG";262;"547,8";"LUZ";"Outras";"Tombamento";"Com Vítimas Feridas";"Plena noite";"Decrescente";"Ceu Claro";"Simples";"Curva";"Rural";2;0;1;0;1;0;1;1
83510043;"23/10/16";"Domingo";"13:00:00";"MT";70;"280";"PRIMAVERA DO LESTE";"Outras";"Capotamento";"Com Vítimas Feridas";"Pleno dia";"Decrescente";"Sol";"Simples";"Curva";"Rural";1;0;1;0;0;0;1;1
83510044;"23/10/16";"Domingo";"13:00:00";"CE";116;"484";"MILAGRES";"Falta de atenção";"Colisão Transversal";"Com Vítimas Feridas";"Pleno dia";"Crescente";"Ceu Claro";"Simples";"Reta";"Rural";2;0;1;0;1;0;1;2
83510045;"23/10/16";"Domingo";"16:15:00";"SC";101;"92";"BARRA VELHA";"Ultrapassagem indevida";"Queda de motocicleta / bicicleta / veículo";"Com Vítimas Feridas";"Pleno dia";"Decrescente";"Nublado";"Dupla";"Reta";"Rural";1;0;0;1;0;0;1;1
83510046;"23/10/16";"Domingo";"12:30:00";"MG";381;"511";"IGARAPE";"Não guardar distância de segurança";"Colisão traseira";"Com Vítimas Feridas";"Pleno dia";"Decrescente";"Ceu Claro";"Múltipla";"Reta";"Urbano";7;0;4;0;3;0;4;7
83510047;"19/10/16";"Quarta";"17:40:00";"MA";10;"252";"IMPERATRIZ";"Falta de atenção";"Colisão com bicicleta";"Com Vítimas Feridas";"Anoitecer";"Decrescente";"Ceu Claro";"Simples";"Cruzamento";"Urbano";2;0;0;2;0;0;2;2
83510048;"19/10/16";"Quarta";"13:25:00";"SC";101;"85,2";"BARRA VELHA";"Defeito na via";"Colisão com objeto móvel";"Sem Vítimas";"Pleno dia";"Decrescente";"Nublado";"Dupla";"Reta";"Urbano";1;0;0;0;1;0;0;1
83510049;"02/10/16";"Domingo";"11:40:00";"BA";101;"262";"SANTO ANTONIO DE JESUS";"Outras";"Colisão frontal";"Com Vítimas Feridas";"Pleno dia";"Crescente";"Ceu Claro";"Simples";"Curva";"Rural";2;0;1;0;1;0;1;2
83510050;"23/10/16";"Domingo";"16:20:00";"RS";377;"102,3";"CRUZ ALTA";"Falta de atenção";"Colisão lateral";"Com Vítimas Feridas";"Pleno dia";"Decrescente";"Ceu Claro";"Simples";"Reta";"Rural";2;0;1;0;1;0;1;2
83510052;"23/10/16";"Domingo";"16:25:00";"RS";386;"382,4";"TABAI";"Outras";"Colisão com objeto fixo";"Sem Vítimas";"Pleno dia";"Decrescente";"Sol";"Dupla";"Reta";"Rural";1;0;0;0;1;0;0;1
83510053;"23/10/16";"Domingo";"15:25:00";"SP";116;"212,5";"GUARULHOS";"Falta de atenção";"Colisão com objeto fixo";"Com Vítimas Feridas";"Pleno dia";"Crescente";"Sol";"Múltipla";"Reta";"Urbano";3;0;2;0;1;0;2;1
83510054;"23/10/16";"Domingo";"17:15:00";"MG";40;"567,5";"NOVA LIMA";"Falta de atenção";"Colisão com objeto móvel";"Com Vítimas Feridas";"Pleno dia";"Decrescente";"Ceu Claro";"Simples";"Curva";"Rural";5;0;1;0;4;0;1;2
83510055;"23/10/16";"Domingo";"12:45:00";"AL";104;"72,3";"MESSIAS";"Outras";"Saída de Pista";"Com Vítimas Feridas";"Pleno dia";"Crescente";"Chuva";"Simples";"Curva";"Rural";1;0;0;1;0;0;1;1
83510056;"23/10/16";"Domingo";"17:10:00";"RS";285;"312,9";"PASSO FUNDO";"Outras";"Saída de Pista";"Com Vítimas Feridas";"Pleno dia";"Decrescente";"Chuva";"Simples";"Reta";"Rural";2;0;1;0;1;0;1;1
83510057;"22/10/16";"Sábado";"20:30:00";"MG";251;"268";"CURRAL DE DENTRO";"Outras";"Saída de Pista";"Com Vítimas Feridas";"Plena noite";"Crescente";"Ceu Claro";"Simples";"Reta";"Rural";3;0;2;0;1;0;2;1
83510058;"23/10/16";"Domingo";"13:40:00";"PE";101;"67";"RECIFE";"Falta de atenção";"Colisão com bicicleta";"Com Vítimas Feridas";"Pleno dia";"Decrescente";"Ceu Claro";"Dupla";"Reta";"Urbano";2;0;0;1;1;0;1;2
83510059;"23/10/16";"Domingo";"11:00:00";"MG";267;"125,9";"JUIZ DE FORA";"Desobediência à sinalização";"Colisão Transversal";"Com Vítimas Feridas";"Pleno dia";"Decrescente";"Ceu Claro";"Simples";"Reta";"Rural";3;0;0;1;2;0;1;2
83510060;"23/10/16";"Domingo";"17:30:00";"SP";116;"294";"ITAPECERICA DA SERRA";"Ingestão de álcool";"Capotamento";"Com Vítimas Feridas";"Pleno dia";"Decrescente";"Nublado";"Dupla";"Reta";"Rural";4;0;1;0;3;0;1;2
83510061;"17/10/16";"Segunda";"13:20:00";"MG";40;"474,2";"SETE LAGOAS";"Outras";"Derramamento de Carga";"Sem Vítimas";"Pleno dia";"Crescente";"Sol";"Múltipla";"Curva";"Urbano";1;0;0;0;1;0;0;1
83510062;"23/10/16";"Domingo";"16:40:00";"RS";287;"343";"SAO VICENTE DO SUL";"Dormindo";"Capotamento";"Com Vítimas Feridas";"Pleno dia";"Decrescente";"Sol";"Simples";"Reta";"Rural";2;0;1;0;1;0;1;1
83510063;"21/10/16";"Sexta";"20:00:00";"PA";230;"24,6";"BREJO GRANDE DO ARAGUAIA";"Defeito mecânico em veículo";"Colisão traseira";"Com Vítimas Fatais";"Plena noite";"Decrescente";"Ignorada";"Simples";"Reta";"Rural";3;1;0;1;1;0;1;2
83510064;"19/10/16";"Quarta";"08:20:00";"MG";116;"703,2";"MURIAE";"Falta de atenção";"Colisão com bicicleta";"Com Vítimas Feridas";"Pleno dia";"Decrescente";"Sol";"Simples";"Reta";"Rural";2;0;1;0;1;0;1;2
83510065;"23/10/16";"Domingo";"13:45:00";"BA";116;"824";"VITORIA DA CONQUISTA";"Não guardar distância de segurança";"Colisão traseira";"Com Vítimas Feridas";"Pleno dia";"Decrescente";"Sol";"Dupla";"Reta";"Urbano";3;0;1;0;2;0;1;2
83510066;"23/10/16";"Domingo";"16:30:00";"SC";101;"158";"PORTO BELO";"Falta de atenção";"Colisão traseira";"Com Vítimas Feridas";"Pleno dia";"Crescente";"Sol";"Dupla";"Reta";"Rural";2;0;1;0;1;0;1;2
83510067;"22/10/16";"Sábado";"17:00:00";"MA";316;"491";"CODO";"Animais na Pista";"Saída de Pista";"Com Vítimas Feridas";"Pleno dia";"Decrescente";"Ceu Claro";"Simples";"Reta";"Urbano";2;0;2;0;0;0;2;1
83510068;"23/10/16";"Domingo";"17:50:00";"PA";163;"996";"SANTAREM";"Defeito na via";"Colisão Transversal";"Com Vítimas Feridas";"Pleno dia";"Decrescente";"Ceu Claro";"Simples";"Cruzamento";"Urbano";2;0;1;0;0;1;1;2
83510069;"22/10/16";"Sábado";"07:40:00";"AP";210;"2";"MACAPA";"Não guardar distância de segurança";"Colisão traseira";"Com Vítimas Feridas";"Pleno dia";"Crescente";"Ceu Claro";"Dupla";"Reta";"Urbano";3;0;1;0;2;0;1;3
83510070;"23/10/16";"Domingo";"05:00:00";"ES";101;"225";"IBIRACU";"Outras";"Capotamento";"Sem Vítimas";"Pleno dia";"Decrescente";"Nublado";"Simples";"Reta";"Rural";1;0;0;0;1;0;0;1
83510071;"23/10/16";"Domingo";"09:00:00";"BA";116;"641";"JAGUAQUARA";"Defeito mecânico em veículo";"Incêndio";"Com Vítimas Feridas";"Pleno dia";"Decrescente";"Ceu Claro";"Simples";"Reta";"Rural";1;0;1;0;0;0;1;1
83510072;"22/10/16";"Sábado";"16:00:00";"MA";135;"45";"BACABEIRA";"Falta de atenção";"Colisão lateral";"Sem Vítimas";"Pleno dia";"Crescente";"Ceu Claro";"Simples";"Reta";"Rural";2;0;0;0;2;0;0;2
83510073;"08/10/16";"Sábado";"11:30:00";"RJ";40;"100";"DUQUE DE CAXIAS";"Falta de atenção";"Queda de motocicleta / bicicleta / veículo";"Com Vítimas Feridas";"Pleno dia";"Crescente";"Ceu Claro";"Simples";"Reta";"Rural";1;0;1;0;0;0;1;1
83510074;"23/10/16";"Domingo";"16:00:00";"DF";70;"12";"BRASILIA";"Ingestão de álcool";"Saída de Pista";"Sem Vítimas";"Pleno dia";"Crescente";"Ceu Claro";"Dupla";"Reta";"Urbano";1;0;0;0;1;0;0;1
83510075;"21/10/16";"Sexta";"12:35:00";"DF";20;"32,8";"BRASILIA";"Falta de atenção";"Colisão traseira";"Com Vítimas Feridas";"Pleno dia";"Crescente";"Ceu Claro";"Dupla";"Reta";"Rural";3;0;1;0;2;0;1;3
83510076;"19/10/16";"Quarta";"23:00:00";"SC";280;"7";"SAO FRANCISCO DO SUL";"Outras";"Colisão lateral";"Sem Vítimas";"Plena noite";"Decrescente";"Chuva";"Simples";"Reta";"Urbano";2;0;0;0;2;0;0;2
83510077;"01/10/16";"Sábado";"19:30:00";"MG";365;"31,3";"MONTES CLAROS";"Ultrapassagem indevida";"Saída de Pista";"Com Vítimas Feridas";"Anoitecer";"Decrescente";"Ceu Claro";"Simples";"Reta";"Rural";1;0;1;0;0;0;1;1
83510078;"19/10/16";"Quarta";"17:00:00";"RJ";101;"395";"RIO DE JANEIRO";"Falta de atenção";"Colisão lateral";"Com Vítimas Feridas";"Pleno dia";"Decrescente";"Nublado";"Dupla";"Cruzamento";"Rural";2;0;1;0;1;0;1;2
83510081;"23/10/16";"Domingo";"19:30:00";"ES";101;"231";"FUNDAO";"Não guardar distância de segurança";"Colisão traseira";"Sem Vítimas";"Pleno dia";"Crescente";"Ceu Claro";"Simples";"Reta";"Urbano";4;0;0;0;2;2;0;2
83510082;"23/10/16";"Domingo";"17:50:00";"SP";381;"65,5";"MAIRIPORA";"Não guardar distância de segurança";"Colisão traseira";"Sem Vítimas";"Pleno dia";"Decrescente";"Sol";"Dupla";"Reta";"Urbano";2;0;0;0;2;0;0;2
83510083;"23/10/16";"Domingo";"19:00:00";"AL";316;"249";"ATALAIA";"Defeito mecânico em veículo";"Queda de motocicleta / bicicleta / veículo";"Com Vítimas Feridas";"Plena noite";"Crescente";"Ceu Claro";"Simples";"Reta";"Urbano";1;0;1;0;0;0;1;1
83510084;"23/10/16";"Domingo";"19:15:00";"ES";101;"421,7";"ATILIO VIVACQUA";"Não guardar distância de segurança";"Colisão lateral";"Com Vítimas Feridas";"Plena noite";"Crescente";"Ceu Claro";"Simples";"Reta";"Rural";2;0;1;0;0;1;1;2
83510085;"23/10/16";"Domingo";"18:15:00";"SC";282;"574";"PINHALZINHO";"Falta de atenção";"Colisão traseira";"Sem Vítimas";"Pleno dia";"Crescente";"Nublado";"Simples";"Reta";"Rural";2;0;0;0;2;0;0;2
83510086;"23/10/16";"Domingo";"10:05:00";"MG";116;"586,8";"MANHUACU";"Falta de atenção";"Colisão traseira";"Sem Vítimas";"Pleno dia";"Crescente";"Nublado";"Simples";"Curva";"Rural";2;0;0;0;1;1;0;2
83510087;"23/10/16";"Domingo";"18:43:00";"RJ";101;"190";"CASIMIRO DE ABREU";"Falta de atenção";"Colisão com objeto fixo";"Sem Vítimas";"Anoitecer";"Decrescente";"Nublado";"Dupla";"Reta";"Urbano";1;0;0;0;1;0;0;1
83510088;"23/10/16";"Domingo";"16:50:00";"PR";277;"333";"GUARAPUAVA";"Velocidade incompatível";"Tombamento";"Sem Vítimas";"Pleno dia";"Decrescente";"Sol";"Simples";"Curva";"Rural";1;0;0;0;1;0;0;1
83510089;"23/10/16";"Domingo";"18:10:00";"PI";343;"287,6";"ALTOS";"Animais na Pista";"Atropelamento de animal";"Sem Vítimas";"Anoitecer";"Crescente";"Ceu Claro";"Simples";"Reta";"Rural";3;0;0;0;3;0;0;1
83510090;"23/10/16";"Domingo";"17:30:00";"RN";304;"43,1";"MOSSORO";"Outras";"Colisão Transversal";"Com Vítimas Feridas";"Anoitecer";"Crescente";"Ceu Claro";"Dupla";"Cruzamento";"Rural";2;0;0;1;1;0;1;2
83510091;"23/10/16";"Domingo";"16:10:00";"AL";104;"64";"MURICI";"Defeito na via";"Colisão com objeto fixo";"Sem Vítimas";"Pleno dia";"Decrescente";"Chuva";"Simples";"Reta";"Rural";5;0;0;0;5;0;0;4
83510092;"23/10/16";"Domingo";"11:50:00";"MG";381;"511,1";"IGARAPE";"Velocidade incompatível";"Colisão traseira";"Com Vítimas Feridas";"Pleno dia";"Decrescente";"Ceu Claro";"Dupla";"Reta";"Urbano";2;0;0;1;1;0;1;2
83510093;"23/10/16";"Domingo";"17:00:00";"MS";163;"295,2";"RIO BRILHANTE";"Falta de atenção";"Saída de Pista";"Com Vítimas Feridas";"Pleno dia";"Decrescente";"Nublado";"Simples";"Reta";"Rural";1;0;1;0;0;0;1;1
83510094;"21/10/16";"Sexta";"22:30:00";"PI";135;"543";"SAO GONCALO DO GURGUEIA";"Defeito mecânico em veículo";"Tombamento";"Sem Vítimas";"Plena noite";"Decrescente";"Ceu Claro";"Simples";"Curva";"Rural";1;0;0;0;1;0;0;1
83510095;"23/10/16";"Domingo";"07:25:00";"RO";319;"64,1";"PORTO VELHO";"Falta de atenção";"Colisão Transversal";"Com Vítimas Feridas";"Pleno dia";"Crescente";"Ceu Claro";"Dupla";"Cruzamento";"Urbano";5;0;3;0;2;0;3;3
83510096;"23/10/16";"Domingo";"18:15:00";"MT";364;"270";"JACIARA";"Outras";"Tombamento";"Com Vítimas Feridas";"Anoitecer";"Decrescente";"Nublado";"Dupla";"Reta";"Rural";2;0;0;1;1;0;1;2
83510097;"23/10/16";"Domingo";"03:00:00";"PE";232;"40,5";"VITORIA DE SANTO ANTAO";"Outras";"Capotamento";"Ignorado";"Plena noite";"Decrescente";"Ignorada";"Dupla";"Reta";"Rural";1;0;0;0;0;1;0;1
83510098;"23/10/16";"Domingo";"03:50:00";"MT";364;"271,3";"JACIARA";"Desobediência à sinalização";"Colisão Transversal";"Com Vítimas Fatais";"Plena noite";"Decrescente";"Ceu Claro";"Dupla";"Reta";"Urbano";5;1;2;1;1;0;3;2
83510099;"23/10/16";"Domingo";"19:00:00";"PR";376;"225";"CAMBIRA";"Falta de atenção";"Colisão Transversal";"Com Vítimas Feridas";"Anoitecer";"Crescente";"Ceu Claro";"Dupla";"Reta";"Urbano";2;0;1;0;1;0;1;2
83510100;"23/10/16";"Domingo";"08:10:00";"RJ";393;"255";"BARRA DO PIRAI";"Outras";"Colisão frontal";"Com Vítimas Feridas";"Pleno dia";"Crescente";"Nublado";"Simples";"Reta";"Rural";2;0;2;0;0;0;2;2
83510101;"23/10/16";"Domingo";"18:20:00";"SC";116;"7";"MAFRA";"Desobediência à sinalização";"Colisão Transversal";"Com Vítimas Feridas";"Pleno dia";"Decrescente";"Nublado";"Múltipla";"Reta";"Urbano";2;0;1;0;1;0;1;2
83510102;"23/10/16";"Domingo";"17:42:00";"PR";369;"22,5";"CAMBARA";"Ingestão de álcool";"Saída de Pista";"Com Vítimas Feridas";"Pleno dia";"Decrescente";"Ceu Claro";"Simples";"Cruzamento";"Rural";5;0;4;1;0;0;5;1