"id";"data_inversa";"dia_semana";"horario";"uf";"br";"km";"municipio";"causa_acidente";"tipo_acidente";"classificacao_acidente";"fase_dia";"sentido_via";"condicao_metereologica";"tipo_pista";"tracado_via";"uso_solo";"pessoas";"mortos";"feridos_leves";"feridos_graves";"ilesos";"ignorados";"feridos";"veiculos"
83510103;"14/10/16";"Sexta";"13:07:00";"BA";101;"404";"IBIRAPITANGA";"Desobediência à sinalização";"Atropelamento de pessoa";"Com Vítimas Feridas";"Pleno dia";"Crescente";"Ceu Claro";"Simples";"Curva";"Urbano";2;0;0;1;0;1;1;1
83510104;"23/10/16";"Domingo";"16:25:00";"RS";386;"382,4";"TABAI";"Ingestão de álcool";"Saída de Pista";"Com Vítimas Feridas";"Pleno dia";"Crescente";"Ceu Claro";"Dupla";"Reta";"Rural";1;0;1;0;0;0;1;1
83510105;"23/10/16";"Domingo";"20:40:00";"SC";101;"425,7";"ARARANGUA";"Outras";"Colisão frontal";"Com Vítimas Feridas";"Plena noite";"Crescente";"Nublado";"Dupla";"Reta";"Rural";2;0;2;0;0;0;2;2
83510106;"23/10/16";"Domingo";"18:20:00";"MG";381;"876,7";"ESTIVA";"Velocidade incompatível";"Saída de Pista";"Sem Vítimas";"Anoitecer";"Decrescente";"Chuva";"Dupla";"Curva";"Rural";1;0;0;0;1;0;0;1
83510107;"23/10/16";"Domingo";"14:50:00";"MG";381;"948";"EXTREMA";"Outras";"Colisão com objeto fixo";"Sem Vítimas";"Pleno dia";"Crescente";"Chuva";"Dupla";"Curva";"Rural";1;0;0;0;1;0;0;1
83510108;"23/10/16";"Domingo";"20:20:00";"ES";101;"139";"LINHARES";"Falta de atenção";"Queda de motocicleta / bicicleta / veículo";"Com Vítimas Feridas";"Plena noite";"Decrescente";"Nublado";"Dupla";"Reta";"Urbano";1;0;1;0;0;0;1;1
83510109;"23/10/16";"Domingo";"19:05:00";"MS";163;"496,5";"CAMPO GRANDE";"Defeito mecânico em veículo";"Saída de Pista";"Com Vítimas Feridas";"Plena noite";"Decrescente";"Ceu Claro";"Simples";"Reta";"Rural";1;0;1;0;0;0;1;1
83510110;"23/10/16";"Domingo";"19:45:00";"MT";364;"437";"VARZEA GRANDE";"Falta de atenção";"Colisão com bicicleta";"Com Vítimas Feridas";"Plena noite";"Decrescente";"Ceu Claro";"Dupla";"Reta";"Urbano";2;0;1;0;0;1;1;2
83510111;"23/10/16";"Domingo";"19:20:00";"MS";262;"366";"CAMPO GRANDE";"Falta de atenção";"Colisão traseira";"Com Vítimas Feridas";"Anoitecer";"Crescente";"Ignorada";"Dupla";"Reta";"Urbano";2;0;0;1;1;0;1;2
83510112;"23/10/16";"Domingo";"11:20:00";"GO";414;"430,9";"ANAPOLIS";"Outras";"Saída de Pista";"Com Vítimas Feridas";"Pleno dia";"Decrescente";"Ceu Claro";"Simples";"Reta";"Rural";5;0;3;1;1;0;4;1
83510113;"23/10/16";"Domingo";"16:30:00";"SC";116;"170,6";"PONTE ALTA";"Ingestão de álcool";"Saída de Pista";"Com Vítimas Feridas";"Pleno dia";"Crescente";"Nublado";"Múltipla";"Reta";"Rural";1;0;1;0;0;0;1;1
83510115;"19/10/16";"Quarta";"18:00:00";"PR";158;"501";"CORONEL VIVIDA";"Outras";"Saída de Pista";"Sem Vítimas";"Pleno dia";"Crescente";"Nublado";"Simples";"Curva";"Rural";1;0;0;0;1;0;0;1
83510116;"23/10/16";"Domingo";"11:00:00";"BA";110;"137";"CICERO DANTAS";"Falta de atenção";"Capotamento";"Com Vítimas Feridas";"Pleno dia";"Decrescente";"Ceu Claro";"Simples";"Curva";"Rural";2;0;1;1;0;0;2;1
83510117;"23/10/16";"Domingo";"16:20:00";"AM";174;"968,9";"PRESIDENTE FIGUEIREDO";"Outras";"Saída de Pista";"Sem Vítimas";"Pleno dia";"Crescente";"Chuva";"Simples";"Reta";"Rural";4;0;0;0;4;0;0;1
83510118;"23/10/16";"Domingo";"18:30:00";"MG";40;"58,6";"PARACATU";"Ultrapassagem indevida";"Saída de Pista";"Com Vítimas Fatais";"Anoitecer";"Crescente";"Ceu Claro";"Simples";"Curva";"Rural";8;1;1;1;3;2;2;4
83510119;"23/10/16";"Domingo";"16:40:00";"SC";153;"50";"VARGEM BONITA";"Velocidade incompatível";"Colisão frontal";"Com Vítimas Feridas";"Pleno dia";"Decrescente";"Chuva";"Simples";"Curva";"Rural";4;0;3;0;1;0;3;2
83510120;"23/10/16";"Domingo";"18:35:00";"MG";381;"876,7";"ESTIVA";"Velocidade incompatível";"Colisão traseira";"Sem Vítimas";"Anoitecer";"Decrescente";"Chuva";"Dupla";"Curva";"Rural";2;0;0;0;2;0;0;2
83510121;"23/10/16";"Domingo";"21:16:00";"PA";316;"4";"ANANINDEUA";"Falta de atenção";"Queda de motocicleta / bicicleta / veículo";"Com Vítimas Feridas";"Plena noite";"Crescente";"Ceu Claro";"Simples";"Reta";"Urbano";1;0;0;1;0;0;1;1
83510122;"23/10/16";"Domingo";"13:50:00";"MG";40;"449,8";"CAETANOPOLIS";"Dormindo";"Colisão lateral";"Com Vítimas Feridas";"Pleno dia";"Crescente";"Sol";"Dupla";"Reta";"Rural";3;0;1;0;2;0;1;2
83510123;"23/10/16";"Domingo";"17:20:00";"PE";424;"94,4";"GARANHUNS";"Velocidade incompatível";"Colisão com objeto fixo";"Sem Vítimas";"Anoitecer";"Crescente";"Chuva";"Simples";"Reta";"Rural";1;0;0;0;1;0;0;1
83510124;"23/10/16";"Domingo";"16:40:00";"RO";364;"241,8";"CACOAL";"Ingestão de álcool";"Colisão frontal";"Sem Vítimas";"Pleno dia";"Crescente";"Chuva";"Simples";"Reta";"Urbano";2;0;0;0;2;0;0;2
83510125;"23/10/16";"Domingo";"21:30:00";"PR";277;"727";"FOZ DO IGUACU";"Ingestão de álcool";"Colisão com objeto fixo";"Com Vítimas Feridas";"Plena noite";"Crescente";"Ceu Claro";"Dupla";"Reta";"Urbano";3;0;1;2;0;0;3;1
83510127;"19/10/16";"Quarta";"21:15:00";"RN";110;"6";"AREIA BRANCA";"Outras";"Atropelamento de animal";"Com Vítimas Feridas";"Plena noite";"Decrescente";"Ceu Claro";"Simples";"Reta";"Rural";3;0;2;1;0;0;3;2
83510128;"23/10/16";"Domingo";"20:30:00";"RS";293;"158,8";"HULHA NEGRA";"Falta de atenção";"Colisão lateral";"Sem Vítimas";"Plena noite";"Decrescente";"Ceu Claro";"Simples";"Reta";"Rural";3;0;0;0;3;0;0;2
83510129;"23/10/16";"Domingo";"10:40:00";"GO";60;"112,8";"GOIANAPOLIS";"Defeito mecânico em veículo";"Queda de motocicleta / bicicleta / veículo";"Com Vítimas Feridas";"Pleno dia";"Crescente";"Sol";"Dupla";"Reta";"Rural";2;0;0;2;0;0;2;1
83510130;"23/10/16";"Domingo";"21:48:00";"PR";116;"19";"ANTONINA";"Falta de atenção";"Colisão com objeto fixo";"Com Vítimas Feridas";"Plena noite";"Decrescente";"Chuva";"Dupla";"Curva";"Urbano";5;0;3;0;2;0;3;1
83510131;"23/10/16";"Domingo";"18:20:00";"PR";467;"107,3";"CASCAVEL";"Velocidade incompatível";"Saída de Pista";"Com Vítimas Fatais";"Pleno dia";"Decrescente";"Ceu Claro";"Dupla";"Cruzamento";"Urbano";2;1;0;1;0;0;1;1
83510132;"23/10/16";"Domingo";"19:00:00";"PR";116;"14";"CAMPINA GRANDE DO SUL";"Velocidade incompatível";"Saída de Pista";"Com Vítimas Feridas";"Anoitecer";"Crescente";"Chuva";"Dupla";"Curva";"Rural";2;0;1;0;1;0;1;1
83510133;"23/10/16";"Domingo";"20:30:00";"PB";104;"112,9";"LAGOA SECA";"Ultrapassagem indevida";"Colisão frontal";"Com Vítimas Feridas";"Plena noite";"Decrescente";"Ceu Claro";"Simples";"Reta";"Urbano";2;0;0;1;1;0;1;2
83510134;"20/10/16";"Quinta";"07:10:00";"RJ";40;"92";"PETROPOLIS";"Velocidade incompatível";"Saída de Pista";"Com Vítimas Feridas";"Pleno dia";"Crescente";"Chuva";"Simples";"Curva";"Urbano";1;0;1;0;0;0;1;1
83510135;"23/10/16";"Domingo";"11:20:00";"RO";364;"1020";"PORTO VELHO";"Defeito mecânico em veículo";"Queda de motocicleta / bicicleta / veículo";"Com Vítimas Feridas";"Pleno dia";"Crescente";"Nublado";"Simples";"Reta";"Rural";3;0;0;1;0;2;1;1
83510136;"20/10/16";"Quinta";"06:05:00";"PR";376;"635";"SAO JOSE DOS PINHAIS";"Dormindo";"Colisão com objeto fixo";"Sem Vítimas";"Plena noite";"Crescente";"Nublado";"Dupla";"Reta";"Rural";1;0;0;0;1;0;0;1
83510137;"23/10/16";"Domingo";"21:55:00";"RS";386;"344";"LAJEADO";"Falta de atenção";"Colisão Transversal";"Com Vítimas Feridas";"Plena noite";"Crescente";"Ceu Claro";"Simples";"Reta";"Urbano";6;0;2;0;4;0;2;2
83510138;"23/10/16";"Domingo";"17:30:00";"MA";222;"674";"ACAILANDIA";"Falta de atenção";"Saída de Pista";"Com Vítimas Feridas";"Pleno dia";"Decrescente";"Ceu Claro";"Dupla";"Reta";"Rural";1;0;1;0;0;0;1;1
83510139;"23/10/16";"Domingo";"18:50:00";"RO";364;"341,7";"JI-PARANA";"Desobediência à sinalização";"Colisão com bicicleta";"Com Vítimas Feridas";"Anoitecer";"Crescente";"Ceu Claro";"Dupla";"Reta";"Urbano";2;0;1;0;1;0;1;2
83510140;"23/10/16";"Domingo";"20:50:00";"RS";158;"227";"CRUZ ALTA";"Outras";"Colisão lateral";"Com Vítimas Feridas";"Plena noite";"Crescente";"Ceu Claro";"Simples";"Curva";"Rural";3;0;3;0;0;0;3;2
83510141;"23/10/16";"Domingo";"19:15:00";"RS";392;"30,5";"RIO GRANDE";"Ingestão de álcool";"Saída de Pista";"Com Vítimas Feridas";"Pleno dia";"Crescente";"Ceu Claro";"Dupla";"Reta";"Rural";1;0;1;0;0;0;1;1
83510142;"13/10/16";"Quinta";"22:00:00";"SP";116;"200";"ARUJA";"Outras";"Saída de Pista";"Sem Vítimas";"Plena noite";"Decrescente";"Chuva";"Dupla";"Reta";"Rural";2;0;0;0;2;0;0;1
83510143;"23/10/16";"Domingo";"16:35:00";"PE";423;"83,8";"SAO JOAO";"Animais na Pista";"Colisão traseira";"Com Vítimas Feridas";"Pleno dia";"Crescente";"Chuva";"Simples";"Reta";"Rural";3;0;2;0;1;0;2;2
83510144;"23/10/16";"Domingo";"19:10:00";"RS";470;"216";"BENTO GONCALVES";"Falta de atenção";"Queda de motocicleta / bicicleta / veículo";"Com Vítimas Feridas";"Anoitecer";"Decrescente";"Ceu Claro";"Dupla";"Curva";"Rural";1;0;1;0;0;0;1;1
83510145;"23/10/16";"Domingo";"20:00:00";"BA";116;"646";"JAGUAQUARA";"Velocidade incompatível";"Colisão lateral";"Com Vítimas Fatais";"Plena noite";"Crescente";"Ceu Claro";"Simples";"Reta";"Rural";2;1;0;0;0;1;0;2
83510146;"23/10/16";"Domingo";"20:19:00";"MT";70;"4,9";"BARRA DO GARCAS";"Velocidade incompatível";"Saída de Pista";"Com Vítimas Feridas";"Plena noite";"Crescente";"Ceu Claro";"Dupla";"Curva";"Urbano";1;0;0;1;0;0;1;1
83510147;"23/10/16";"Domingo";"20:50:00";"PI";343;"330";"TERESINA";"Animais na Pista";"Atropelamento de animal";"Sem Vítimas";"Plena noite";"Crescente";"Nublado";"Simples";"Reta";"Rural";1;0;0;0;1;0;0;1
83510148;"23/10/16";"Domingo";"22:10:00";"SC";470;"154,4";"AGRONOMICA";"Outras";"Colisão frontal";"Com Vítimas Feridas";"Plena noite";"Crescente";"Nublado";"Simples";"Reta";"Urbano";4;0;2;1;1;0;3;2
83510149;"23/10/16";"Domingo";"20:00:00";"RO";364;"13,2";"VILHENA";"Falta de atenção";"Capotamento";"Sem Vítimas";"Anoitecer";"Decrescente";"Chuva";"Simples";"Cruzamento";"Urbano";1;0;0;0;1;0;0;1
83510150;"23/10/16";"Domingo";"18:20:00";"PE";407;"124";"PETROLINA";"Outras";"Atropelamento de pessoa";"Com Vítimas Feridas";"Anoitecer";"Decrescente";"Ceu Claro";"Simples";"Reta";"Urbano";3;0;0;1;2;0;1;1
83510151;"23/10/16";"Domingo";"20:01:00";"PA";316;"3";"ANANINDEUA";"Falta de atenção";"Colisão traseira";"Com Vítimas Feridas";"Plena noite";"Decrescente";"Ceu Claro";"Dupla";"Reta";"Urbano";3;0;1;1;0;1;2;2
83510152;"20/10/16";"Quinta";"17:00:00";"MG";365;"408";"PATOS DE MINAS";"Falta de atenção";"Colisão com bicicleta";"Com Vítimas Feridas";"Pleno dia";"Decrescente";"Ceu Claro";"Simples";"Reta";"Urbano";2;0;1;0;1;0;1;2
83510153;"23/10/16";"Domingo";"21:00:00";"RS";470;"25";"BARRACAO";"Outras";"Saída de Pista";"Com Vítimas Feridas";"Plena noite";"Crescente";"Chuva";"Simples";"Reta";"Rural";1;0;0;1;0;0;1;1
83510154;"23/10/16";"Domingo";"19:40:00";"MT";364;"608";"DIAMANTINO";"Ultrapassagem indevida";"Colisão frontal";"Com Vítimas Feridas";"Plena noite";"Crescente";"Ceu Claro";"Simples";"Reta";"Rural";6;0;3;1;2;0;4;2
83510155;"23/10/16";"Domingo";"17:50:00";"MT";174;"278";"PONTES E LACERDA";"Ultrapassagem indevida";"Colisão lateral";"Com Vítimas Fatais";"Pleno dia";"Crescente";"Chuva";"Simples";"Reta";"Rural";4;2;0;0;2;0;0;3
83510156;"16/10/16";"Domingo";"14:55:00";"RJ";393;"242,3";"VASSOURAS";"Falta de atenção";"Colisão lateral";"Com Vítimas Feridas";"Pleno dia";"Decrescente";"Ceu Claro";"Simples";"Curva";"Rural";2;0;0;1;1;0;1;2
83510157;"23/10/16";"Domingo";"23:58:00";"MG";40;"44,2";"PARACATU";"Outras";"Atropelamento de pessoa";"Com Vítimas Feridas";"Plena noite";"Crescente";"Nublado";"Simples";"Reta";"Urbano";2;0;1;0;1;0;1;1
83510158;"23/10/16";"Domingo";"15:45:00";"PA";230;"630";"ALTAMIRA";"Ultrapassagem indevida";"Saída de Pista";"Com Vítimas Feridas";"Pleno dia";"Crescente";"Ceu Claro";"Simples";"Reta";"Urbano";3;0;2;1;0;0;3;1
83510159;"23/10/16";"Domingo";"17:00:00";"PA";155;"291";"MARABA";"Ultrapassagem indevida";"Saída de Pista";"Com Vítimas Feridas";"Pleno dia";"Decrescente";"Ceu Claro";"Simples";"Reta";"Rural";6;0;3;0;3;0;3;2
83510160;"23/10/16";"Domingo";"23:20:00";"ES";101;"0,6";"SERRA";"Outras";"Saída de Pista";"Com Vítimas Feridas";"Plena noite";"Crescente";"Nublado";"Dupla";"Reta";"Urbano";2;0;1;1;0;0;2;1
83510162;"23/10/16";"Domingo";"18:30:00";"PE";104;"120";"PANELAS";"Animais na Pista";"Atropelamento de animal";"Com Vítimas Fatais";"Plena noite";"Decrescente";"Nublado";"Simples";"Reta";"Urbano";1;1;0;0;0;0;0;1
83510163;"23/10/16";"Domingo";"19:30:00";"MA";10;"35";"CAROLINA";"Outras";"Colisão frontal";"Com Vítimas Fatais";"Plena noite";"Crescente";"Ceu Claro";"Simples";"Reta";"Urbano";11;1;9;0;1;0;9;2
83510164;"23/10/16";"Domingo";"18:00:00";"RS";285;"635";"SANTO ANTONIO DAS MISSOES";"Ingestão de álcool";"Saída de Pista";"Sem Vítimas";"Anoitecer";"Crescente";"Ceu Claro";"Simples";"Reta";"Rural";1;0;0;0;1;0;0;1
83510165;"23/10/16";"Domingo";"18:40:00";"MT";163;"639";"NOVA MUTUM";"Outras";"Capotamento";"Com Vítimas Feridas";"Anoitecer";"Crescente";"Chuva";"Simples";"Reta";"Rural";2;0;1;0;1;0;1;1
83510166;"23/10/16";"Domingo";"23:40:00";"PE";232;"517,1";"SALGUEIRO";"Outras";"Queda de motocicleta / bicicleta / veículo";"Com Vítimas Feridas";"Plena noite";"Crescente";"Ceu Claro";"Simples";"Curva";"Rural";1;0;1;0;0;0;1;1
83510167;"24/10/16";"Segunda";"00:20:00";"SC";282;"577,9";"PINHALZINHO";"Ingestão de álcool";"Capotamento";"Com Vítimas Feridas";"Plena noite";"Crescente";"Ceu Claro";"Simples";"Reta";"Urbano";1;0;1;0;0;0;1;1
83510168;"23/10/16";"Domingo";"22:20:00";"PE";232;"320";"CUSTODIA";"Animais na Pista";"Atropelamento de animal";"Com Vítimas Feridas";"Plena noite";"Crescente";"Ceu Claro";"Simples";"Reta";"Rural";1;0;1;0;0;0;1;1
83510169;"19/10/16";"Quarta";"20:35:00";"GO";153;"341,5";"JARAGUA";"Outras";"Colisão com objeto fixo";"Sem Vítimas";"Plena noite";"Decrescente";"Nublado";"Simples";"Reta";"Rural";1;0;0;0;1;0;0;1
83510170;"23/10/16";"Domingo";"23:00:00";"RS";392;"116,4";"CANGUCU";"Outras";"Atropelamento de pessoa";"Com Vítimas Fatais";"Plena noite";"Crescente";"Ceu Claro";"Múltipla";"Curva";"Rural";2;1;0;0;0;1;0;1
83510171;"23/10/16";"Domingo";"20:30:00";"BA";101;"954";"MUCURI";"Falta de atenção";"Saída de Pista";"Com Vítimas Feridas";"Plena noite";"Decrescente";"Ceu Claro";"Simples";"Reta";"Rural";2;0;2;0;0;0;2;1
83510172;"23/10/16";"Domingo";"19:30:00";"PR";277;"673";"MEDIANEIRA";"Falta de atenção";"Colisão lateral";"Sem Vítimas";"Anoitecer";"Crescente";"Ceu Claro";"Dupla";"Reta";"Urbano";2;0;0;0;2;0;0;2
83510174;"19/10/16";"Quarta";"09:00:00";"MG";381;"693,4";"LAVRAS";"Defeito mecânico em veículo";"Colisão com objeto fixo";"Sem Vítimas";"Pleno dia";"Decrescente";"Sol";"Dupla";"Reta";"Rural";1;0;0;0;1;0;0;1
83510175;"23/10/16";"Domingo";"19:50:00";"SP";101;"49";"UBATUBA";"Falta de atenção";"Atropelamento de pessoa";"Com Vítimas Feridas";"Plena noite";"Decrescente";"Nublado";"Simples";"Reta";"Urbano";2;0;1;0;1;0;1;1
83510176;"23/10/16";"Domingo";"19:50:00";"BA";116;"423";"FEIRA DE SANTANA";"Ingestão de álcool";"Colisão traseira";"Com Vítimas Feridas";"Plena noite";"Decrescente";"Ceu Claro";"Simples";"Reta";"Urbano";2;0;0;1;1;0;1;2
83510177;"24/10/16";"Segunda";"02:00:00";"SP";116;"504,9";"CAJATI";"Falta de atenção";"Tombamento";"Sem Vítimas";"Plena noite";"Decrescente";"Chuva";"Dupla";"Curva";"Rural";1;0;0;0;1;0;0;1
83510178;"23/10/16";"Domingo";"23:00:00";"RJ";101;"65,5";"CAMPOS DOS GOYTACAZES";"Defeito mecânico em veículo";"Colisão com objeto fixo";"Sem Vítimas";"Plena noite";"Decrescente";"Nublado";"Simples";"Reta";"Urbano";1;0;0;0;1;0;0;1
83510179;"24/10/16";"Segunda";"02:10:00";"RS";290;"49,5";"GLORINHA";"Dormindo";"Colisão traseira";"Com Vítimas Feridas";"Plena noite";"Crescente";"Ceu Claro";"Dupla";"Reta";"Rural";3;0;1;1;1;0;2;2
83510180;"15/10/16";"Sábado";"09:00:00";"BA";407;"41";"JUAZEIRO";"Defeito mecânico em veículo";"Capotamento";"Ignorado";"Pleno dia";"Crescente";"Ceu Claro";"Simples";"Reta";"Rural";1;0;0;0;0;1;0;1
83510181;"23/10/16";"Domingo";"16:30:00";"RS";158;"328,8";"SANTA MARIA";"Outras";"Saída de Pista";"Com Vítimas Feridas";"Pleno dia";"Crescente";"Ceu Claro";"Simples";"Reta";"Urbano";2;0;2;0;0;0;2;1
83510182;"23/10/16";"Domingo";"11:40:00";"PR";116;"168,5";"QUITANDINHA";"Desobediência à sinalização";"Colisão Transversal";"Com Vítimas Feridas";"Pleno dia";"Crescente";"Sol";"Simples";"Reta";"Rural";3;0;2;1;0;0;3;2
83510183;"24/10/16";"Segunda";"02:10:00";"SE";101;"59,6";"ROSARIO DO CATETE";"Falta de atenção";"Saída de Pista";"Sem Vítimas";"Plena noite";"Crescente";"Chuva";"Simples";"Reta";"Rural";1;0;0;0;1;0;0;1
83510184;"23/10/16";"Domingo";"21:40:00";"PE";101;"71";"RECIFE";"Desobediência à sinalização";"Colisão Transversal";"Com Vítimas Feridas";"Plena noite";"Decrescente";"Ceu Claro";"Dupla";"Reta";"Urbano";2;0;0;1;0;1;1;2
83510185;"23/10/16";"Domingo";"14:40:00";"RS";472;"577";"URUGUAIANA";"Ingestão de álcool";"Colisão frontal";"Com Vítimas Feridas";"Pleno dia";"Decrescente";"Sol";"Simples";"Curva";"Urbano";3;0;2;0;1;0;2;2
83510186;"23/10/16";"Domingo";"16:10:00";"DF";251;"15,1";"BRASILIA";"Desobediência à sinalização";"Colisão Transversal";"Sem Vítimas";"Pleno dia";"Decrescente";"Ceu Claro";"Dupla";"Reta";"Rural";2;0;0;0;2;0;0;2
83510187;"23/10/16";"Domingo";"18:00:00";"MG";381;"908";"CAMBUI";"Velocidade incompatível";"Colisão com objeto fixo";"Com Vítimas Feridas";"Anoitecer";"Decrescente";"Chuva";"Dupla";"Curva";"Rural";1;0;1;0;0;0;1;1
83510188;"24/10/16";"Segunda";"00:50:00";"RJ";116;"185";"NOVA IGUACU";"Outras";"Colisão traseira";"Com Vítimas Feridas";"Plena noite";"Crescente";"Ceu Claro";"Dupla";"Curva";"Urbano";2;0;1;0;0;1;1;2
83510189;"23/10/16";"Domingo";"18:40:00";"AL";101;"74,8";"RIO LARGO";"Outras";"Tombamento";"Com Vítimas Feridas";"Plena noite";"Crescente";"Nublado";"Simples";"Reta";"Rural";2;0;0;1;1;0;1;1
83510190;"23/10/16";"Domingo";"20:50:00";"RJ";101;"76,5";"CAMPOS DOS GOYTACAZES";"Ingestão de álcool";"Colisão lateral";"Com Vítimas Feridas";"Plena noite";"Decrescente";"Nublado";"Simples";"Reta";"Rural";2;0;1;0;1;0;1;2
83510191;"23/10/16";"Domingo";"19:50:00";"PR";163;"143,6";"CAPITAO LEONIDAS MARQUES";"Falta de atenção";"Colisão Transversal";"Sem Vítimas";"Plena noite";"Crescente";"Ceu Claro";"Simples";"Cruzamento";"Rural";2;0;0;0;2;0;0;2
83510192;"23/10/16";"Domingo";"12:00:00";"BA";324;"1,8";"FEIRA DE SANTANA";"Outras";"Colisão com objeto fixo";"Sem Vítimas";"Pleno dia";"Decrescente";"Ceu Claro";"Dupla";"Reta";"Urbano";1;0;0;0;1;0;0;1
83510193;"24/10/16";"Segunda";"04:00:00";"PR";467;"104,9";"CASCAVEL";"Outras";"Saída de Pista";"Com Vítimas Feridas";"Plena noite";"Decrescente";"Ceu Claro";"Dupla";"Reta";"Rural";1;0;1;0;0;0;1;1
83510194;"23/10/16";"Domingo";"18:00:00";"BA";407;"181,9";"PONTO NOVO";"Ultrapassagem indevida";"Colisão frontal";"Com Vítimas Fatais";"Plena noite";"Decrescente";"Ceu Claro";"Simples";"Reta";"Rural";2;1;0;0;1;0;0;2
83510195;"24/10/16";"Segunda";"05:45:00";"SC";101;"148,6";"ITAPEMA";"Outras";"Colisão com objeto fixo";"Sem Vítimas";"Amanhecer";"Decrescente";"Nublado";"Dupla";"Reta";"Urbano";1;0;0;0;1;0;0;1
83510196;"20/10/16";"Quinta";"21:05:00";"PR";369;"151";"LONDRINA";"Velocidade incompatível";"Colisão traseira";"Com Vítimas Feridas";"Plena noite";"Decrescente";"Chuva";"Dupla";"Reta";"Urbano";3;0;0;1;2;0;1;3
83510197;"24/10/16";"Segunda";"02:00:00";"SP";381;"30";"ATIBAIA";"Animais na Pista";"Colisão com objeto fixo";"Sem Vítimas";"Plena noite";"Decrescente";"Nublado";"Simples";"Curva";"Rural";1;0;0;0;1;0;0;1
83510198;"23/10/16";"Domingo";"19:00:00";"BA";110;"74,3";"JEREMOABO";"Desobediência à sinalização";"Colisão frontal";"Com Vítimas Fatais";"Plena noite";"Crescente";"Ceu Claro";"Simples";"Reta";"Rural";4;1;0;0;3;0;0;2
83510199;"24/10/16";"Segunda";"06:50:00";"RS";285;"291,8";"PASSO FUNDO";"Outras";"Tombamento";"Ignorado";"Pleno dia";"Crescente";"Ceu Claro";"Dupla";"Cruzamento";"Urbano";1;0;0;0;0;1;0;1
83510200;"23/10/16";"Domingo";"21:45:00";"RJ";101;"80,4";"CAMPOS DOS GOYTACAZES";"Defeito mecânico em veículo";"Derramamento de Carga";"Sem Vítimas";"Plena noite";"Decrescente";"Nublado";"Simples";"Reta";"Urbano";1;0;0;0;1;0;0;1
83510202;"24/10/16";"Segunda";"04:50:00";"SP";116;"186";"SANTA ISABEL";"Outras";"Capotamento";"Sem Vítimas";"Plena noite";"Crescente";"Nublado";"Dupla";"Curva";"Rural";1;0;0;0;1;0;0;1
83510203;"20/10/16";"Quinta";"08:20:00";"SC";101;"362";"SANGAO";"Falta de atenção";"Colisão traseira";"Sem Vítimas";"Pleno dia";"Crescente";"Sol";"Dupla";"Reta";"Urbano";2;0;0;0;2;0;0;2
83510204;"23/10/16";"Domingo";"21:10:00";"SP";116;"324";"JUQUITIBA";"Outras";"Colisão lateral";"Sem Vítimas";"Plena noite";"Crescente";"Chuva";"Dupla";"Reta";"Urbano";2;0;0;0;2;0;0;2
83510205;"21/10/16";"Sexta";"21:10:00";"PB";230;"85,5";"CALDAS BRANDAO";"Outras";"Incêndio";"Sem Vítimas";"Plena noite";"Crescente";"Ceu Claro";"Dupla";"Reta";"Rural";1;0;0;0;1;0;0;1
83510206;"21/10/16";"Sexta";"05:20:00";"MG";135;"410";"BOCAIUVA";"Falta de atenção";"Colisão traseira";"Com Vítimas Feridas";"Amanhecer";"Crescente";"Ceu Claro";"Simples";"Reta";"Rural";2;0;1;0;0;1;1;2
83510207;"20/09/16";"Terça";"14:00:00";"SC";280;"46,1";"GUARAMIRIM";"Falta de atenção";"Colisão Transversal";"Com Vítimas Feridas";"Pleno dia";"Crescente";"Ceu Claro";"Simples";"Reta";"Urbano";4;0;0;3;1;0;3;2
83510209;"23/10/16";"Domingo";"15:50:00";"PR";116;"122";"CURITIBA";"Outras";"Queda de motocicleta / bicicleta / veículo";"Com Vítimas Fatais";"Pleno dia";"Decrescente";"Nublado";"Dupla";"Reta";"Urbano";2;1;1;0;0;0;1;1
83510210;"24/10/16";"Segunda";"05:30:00";"MS";60;"445,1";"SIDROLANDIA";"Animais na Pista";"Saída de Pista";"Sem Vítimas";"Amanhecer";"Crescente";"Nublado";"Simples";"Reta";"Rural";1;0;0;0;1;0;0;1
83510211;"20/10/16";"Quinta";"17:50:00";"SP";116;"227";"GUARULHOS";"Não guardar distância de segurança";"Colisão traseira";"Com Vítimas Feridas";"Anoitecer";"Decrescente";"Nublado";"Múltipla";"Reta";"Urbano";2;0;1;0;1;0;1;2
83510212;"23/10/16";"Domingo";"11:00:00";"MG";381;"704";"LAVRAS";"Dormindo";"Saída de Pista";"Sem Vítimas";"Pleno dia";"Crescente";"Ceu Claro";"Dupla";"Curva";"Rural";1;0;0;0;1;0;0;1
83510213;"24/10/16";"Segunda";"05:40:00";"PR";163;"102";"CAPANEMA";"Ingestão de álcool";"Saída de Pista";"Sem Vítimas";"Amanhecer";"Crescente";"Ceu Claro";"Simples";"Reta";"Rural";1;0;0;0;1;0;0;1
83510214;"21/10/16";"Sexta";"00:15:00";"PB";101;"110,9";"ALHANDRA";"Velocidade incompatível";"Capotamento";"Ignorado";"Plena noite";"Crescente";"Ceu Claro";"Dupla";"Reta";"Urbano";1;0;0;0;0;1;0;1