"id";"data_inversa";"dia_semana";"horario";"uf";"br";"km";"municipio";"causa_acidente";"tipo_acidente";"classificacao_acidente";"fase_dia";"sentido_via";"condicao_metereologica";"tipo_pista";"tracado_via";"uso_solo";"pessoas";"mortos";"feridos_leves";"feridos_graves";"ilesos";"ignorados";"feridos";"veiculos"
83510330;"24/10/16";"Segunda";"15:00:00";"SC";101;"201";"SAO JOSE";"Não guardar distância de segurança";"Colisão traseira";"Com Vítimas Feridas";"Pleno dia";"Crescente";"Ceu Claro";"Dupla";"Reta";"Urbano";2;0;1;0;1;0;1;2
83510331;"24/10/16";"Segunda";"13:50:00";"BA";116;"757,8";"POCOES";"Desobediência à sinalização";"Colisão Transversal";"Com Vítimas Feridas";"Pleno dia";"Crescente";"Ceu Claro";"Simples";"Reta";"Urbano";4;0;3;1;0;0;4;2
83510332;"24/10/16";"Segunda";"13:30:00";"BA";116;"909,9";"ENCRUZILHADA";"Dormindo";"Saída de Pista";"Sem Vítimas";"Pleno dia";"Decrescente";"Ceu Claro";"Simples";"Reta";"Urbano";1;0;0;0;1;0;0;1
83510333;"24/10/16";"Segunda";"13:30:00";"RS";386;"269,2";"FONTOURA XAVIER";"Falta de atenção";"Colisão Transversal";"Com Vítimas Feridas";"Pleno dia";"Crescente";"Ceu Claro";"Simples";"Reta";"Urbano";5;0;2;0;3;0;2;3
83510334;"24/10/16";"Segunda";"14:50:00";"RS";285;"576";"SAO LUIZ GONZAGA";"Outras";"Capotamento";"Com Vítimas Feridas";"Pleno dia";"Crescente";"Sol";"Simples";"Reta";"Rural";1;0;1;0;0;0;1;1
83510335;"17/10/16";"Segunda";"16:00:00";"CE";222;"303,2";"TIANGUA";"Outras";"Colisão com objeto fixo";"Sem Vítimas";"Pleno dia";"Crescente";"Ceu Claro";"Simples";"Curva";"Rural";2;0;0;0;2;0;0;2
83510336;"08/10/16";"Sábado";"20:30:00";"SC";470;"64";"INDAIAL";"Defeito na via";"Queda de motocicleta / bicicleta / veículo";"Com Vítimas Feridas";"Plena noite";"Crescente";"Nublado";"Simples";"Reta";"Urbano";2;0;2;0;0;0;2;1
83510337;"24/10/16";"Segunda";"07:40:00";"MG";381;"720,4";"CARMO DA CACHOEIRA";"Dormindo";"Saída de Pista";"Sem Vítimas";"Pleno dia";"Crescente";"Ceu Claro";"Dupla";"Reta";"Rural";1;0;0;0;1;0;0;1
83510339;"24/10/16";"Segunda";"16:45:00";"MS";267;"29,3";"BATAGUASSU";"Defeito mecânico em veículo";"Colisão Transversal";"Com Vítimas Feridas";"Pleno dia";"Decrescente";"Ceu Claro";"Dupla";"Reta";"Urbano";4;0;2;0;2;0;2;2
83510340;"23/10/16";"Domingo";"07:15:00";"RR";174;"502";"BOA VISTA";"Ingestão de álcool";"Colisão traseira";"Sem Vítimas";"Amanhecer";"Decrescente";"Nublado";"Dupla";"Reta";"Urbano";2;0;0;0;2;0;0;2
83510341;"24/10/16";"Segunda";"16:45:00";"PE";232;"6";"RECIFE";"Falta de atenção";"Colisão traseira";"Sem Vítimas";"Pleno dia";"Crescente";"Sol";"Dupla";"Reta";"Urbano";4;0;0;0;4;0;0;4
83510342;"24/10/16";"Segunda";"14:05:00";"MG";381;"483,8";"BETIM";"Ingestão de álcool";"Colisão lateral";"Sem Vítimas";"Pleno dia";"Crescente";"Sol";"Múltipla";"Curva";"Urbano";3;0;0;0;3;0;0;3
83510343;"24/10/16";"Segunda";"08:45:00";"RN";304;"303";"PARNAMIRIM";"Falta de atenção";"Colisão traseira";"Com Vítimas Feridas";"Pleno dia";"Crescente";"Ceu Claro";"Dupla";"Cruzamento";"Rural";2;0;1;0;1;0;1;2
83510344;"24/02/16";"Quarta";"19:00:00";"ES";101;"1,7";"VITORIA";"Defeito na via";"Queda de motocicleta / bicicleta / veículo";"Com Vítimas Feridas";"Plena noite";"Crescente";"Ignorada";"Simples";"Reta";"Urbano";1;0;0;1;0;0;1;1
83510345;"24/10/16";"Segunda";"16:40:00";"PE";101;"77";"RECIFE";"Falta de atenção";"Colisão Transversal";"Com Vítimas Feridas";"Pleno dia";"Crescente";"Sol";"Dupla";"Reta";"Urbano";2;0;1;0;1;0;1;2
83510346;"24/10/16";"Segunda";"18:00:00";"PA";316;"15";"MARITUBA";"Ingestão de álcool";"Queda de motocicleta / bicicleta / veículo";"Com Vítimas Feridas";"Pleno dia";"Decrescente";"Nublado";"Dupla";"Reta";"Urbano";3;0;2;0;1;0;2;2
83510347;"24/10/16";"Segunda";"19:10:00";"RS";285;"291,8";"PASSO FUNDO";"Falta de atenção";"Colisão traseira";"Com Vítimas Feridas";"Anoitecer";"Crescente";"Nevoeiro/neblina";"Dupla";"Cruzamento";"Urbano";3;0;1;0;2;0;1;2
83510348;"22/10/16";"Sábado";"04:30:00";"ES";262;"117,3";"CONCEICAO DO CASTELO";"Ingestão de álcool";"Colisão lateral";"Sem Vítimas";"Plena noite";"Crescente";"Nublado";"Simples";"Curva";"Rural";2;0;0;0;2;0;0;2
83510349;"24/10/16";"Segunda";"14:40:00";"SC";470;"55";"BLUMENAU";"Ultrapassagem indevida";"Queda de motocicleta / bicicleta / veículo";"Com Vítimas Feridas";"Pleno dia";"Crescente";"Nublado";"Simples";"Reta";"Urbano";2;0;2;0;0;0;2;1
83510350;"09/10/16";"Domingo";"19:00:00";"RJ";116;"184";"NOVA IGUACU";"Falta de atenção";"Colisão traseira";"Sem Vítimas";"Plena noite";"Decrescente";"Ignorada";"Simples";"Reta";"Urbano";4;0;0;0;4;0;0;4
83510351;"22/09/16";"Quinta";"22:30:00";"SC";101;"128,8";"BALNEARIO CAMBORIU";"Outras";"Colisão com objeto fixo";"Com Vítimas Feridas";"Plena noite";"Decrescente";"Ceu Claro";"Dupla";"Reta";"Rural";5;0;2;0;3;0;2;4
83510352;"24/10/16";"Segunda";"15:45:00";"AC";364;"136";"RIO BRANCO";"Falta de atenção";"Colisão com bicicleta";"Com Vítimas Feridas";"Pleno dia";"Decrescente";"Ceu Claro";"Dupla";"Curva";"Urbano";2;0;1;0;1;0;1;2
83510353;"24/10/16";"Segunda";"06:30:00";"RR";432;"99";"CANTA";"Falta de atenção";"Colisão frontal";"Sem Vítimas";"Amanhecer";"Decrescente";"Ceu Claro";"Simples";"Reta";"Rural";2;0;0;0;1;1;0;2
83510354;"21/10/16";"Sexta";"02:30:00";"SC";101;"136,2";"BALNEARIO CAMBORIU";"Defeito mecânico em veículo";"Tombamento";"Com Vítimas Feridas";"Plena noite";"Crescente";"Ceu Claro";"Dupla";"Reta";"Urbano";1;0;1;0;0;0;1;1
83510355;"22/10/16";"Sábado";"00:30:00";"MT";364;"294";"JACIARA";"Outras";"Capotamento";"Com Vítimas Feridas";"Plena noite";"Crescente";"Ceu Claro";"Simples";"Reta";"Rural";1;0;1;0;0;0;1;1
83510356;"24/10/16";"Segunda";"16:40:00";"SC";282;"503";"XANXERE";"Não guardar distância de segurança";"Colisão traseira";"Com Vítimas Feridas";"Pleno dia";"Crescente";"Chuva";"Simples";"Reta";"Urbano";3;0;1;0;2;0;1;2
83510357;"24/10/16";"Segunda";"17:00:00";"PR";376;"681";"GUARATUBA";"Outras";"Colisão com objeto fixo";"Sem Vítimas";"Pleno dia";"Crescente";"Nublado";"Dupla";"Reta";"Rural";1;0;0;0;1;0;0;1
83510358;"13/10/16";"Quinta";"00:10:00";"ES";262;"43";"DOMINGOS MARTINS";"Defeito mecânico em veículo";"Saída de Pista";"Com Vítimas Feridas";"Plena noite";"Decrescente";"Nublado";"Dupla";"Reta";"Rural";1;0;0;1;0;0;1;1
83510359;"24/10/16";"Segunda";"16:45:00";"RS";116;"66,4";"VACARIA";"Outras";"Colisão traseira";"Sem Vítimas";"Pleno dia";"Decrescente";"Granizo";"Simples";"Reta";"Rural";2;0;0;0;2;0;0;2
83510360;"24/10/16";"Segunda";"19:00:00";"SP";116;"31,7";"CRUZEIRO";"Defeito mecânico em veículo";"Saída de Pista";"Sem Vítimas";"Pleno dia";"Crescente";"Ceu Claro";"Dupla";"Reta";"Rural";1;0;0;0;1;0;0;1
83510361;"24/10/16";"Segunda";"16:40:00";"MT";70;"51";"BARRA DO GARCAS";"Defeito na via";"Saída de Pista";"Sem Vítimas";"Pleno dia";"Decrescente";"Nublado";"Simples";"Curva";"Rural";2;0;0;0;2;0;0;1
83510362;"24/10/16";"Segunda";"14:30:00";"MG";262;"35,2";"MANHUACU";"Falta de atenção";"Colisão traseira";"Com Vítimas Feridas";"Pleno dia";"Decrescente";"Sol";"Simples";"Reta";"Urbano";3;0;1;0;2;0;1;3
83510363;"24/10/16";"Segunda";"18:00:00";"SP";116;"518";"CAJATI";"Velocidade incompatível";"Tombamento";"Sem Vítimas";"Anoitecer";"Decrescente";"Nevoeiro/neblina";"Múltipla";"Reta";"Urbano";1;0;0;0;1;0;0;1
83510364;"24/10/16";"Segunda";"18:00:00";"RS";470;"217,8";"BENTO GONCALVES";"Falta de atenção";"Colisão Transversal";"Sem Vítimas";"Pleno dia";"Crescente";"Nublado";"Simples";"Curva";"Urbano";2;0;0;0;2;0;0;2
83510365;"24/10/16";"Segunda";"10:00:00";"MG";365;"682";"MONTE ALEGRE DE MINAS";"Falta de atenção";"Capotamento";"Com Vítimas Feridas";"Pleno dia";"Crescente";"Ceu Claro";"Dupla";"Reta";"Rural";3;0;3;0;0;0;3;1
83510366;"24/10/16";"Segunda";"07:26:00";"MG";262;"18";"REDUTO";"Velocidade incompatível";"Saída de Pista";"Sem Vítimas";"Pleno dia";"Crescente";"Chuva";"Simples";"Curva";"Rural";1;0;0;0;1;0;0;1
83510367;"24/10/16";"Segunda";"16:40:00";"SC";282;"353,5";"CAMPOS NOVOS";"Ultrapassagem indevida";"Colisão lateral";"Sem Vítimas";"Pleno dia";"Crescente";"Ceu Claro";"Simples";"Reta";"Urbano";2;0;0;0;1;1;0;2
83510368;"24/10/16";"Segunda";"10:20:00";"MT";364;"531,4";"ROSARIO OESTE";"Outras";"Saída de Pista";"Com Vítimas Feridas";"Pleno dia";"Crescente";"Nublado";"Simples";"Reta";"Rural";1;0;0;1;0;0;1;1
83510369;"24/10/16";"Segunda";"07:25:00";"PR";116;"91";"PIRAQUARA";"Outras";"Saída de Pista";"Sem Vítimas";"Pleno dia";"Decrescente";"Nublado";"Dupla";"Reta";"Rural";1;0;0;0;1;0;0;1
83510370;"24/10/16";"Segunda";"14:05:00";"MT";364;"163,6";"PEDRA PRETA";"Outras";"Saída de Pista";"Sem Vítimas";"Pleno dia";"Crescente";"Sol";"Simples";"Reta";"Rural";1;0;0;0;1;0;0;1
83510371;"13/10/16";"Quinta";"07:15:00";"SC";282;"0,2";"FLORIANOPOLIS";"Falta de atenção";"Colisão traseira";"Com Vítimas Feridas";"Pleno dia";"Decrescente";"Nublado";"Dupla";"Reta";"Urbano";2;0;1;0;1;0;1;2
83510372;"22/10/16";"Sábado";"03:05:00";"SC";101;"328,3";"CAPIVARI DE BAIXO";"Velocidade incompatível";"Capotamento";"Com Vítimas Feridas";"Plena noite";"Crescente";"Ceu Claro";"Dupla";"Reta";"Urbano";1;0;0;1;0;0;1;1
83510373;"24/10/16";"Segunda";"19:50:00";"RJ";101;"570";"PARATI";"Desobediência à sinalização";"Saída de Pista";"Com Vítimas Feridas";"Plena noite";"Crescente";"Chuva";"Simples";"Reta";"Urbano";2;0;1;0;1;0;1;2
83510374;"05/10/16";"Quarta";"12:00:00";"RS";153;"44,4";"ERECHIM";"Velocidade incompatível";"Tombamento";"Com Vítimas Feridas";"Pleno dia";"Crescente";"Nublado";"Múltipla";"Reta";"Urbano";3;0;2;0;1;0;2;1
83510375;"24/10/16";"Segunda";"07:45:00";"RS";290;"90";"PORTO ALEGRE";"Falta de atenção";"Colisão lateral";"Sem Vítimas";"Pleno dia";"Decrescente";"Sol";"Dupla";"Reta";"Rural";2;0;0;0;2;0;0;2
83510376;"24/10/16";"Segunda";"14:00:00";"RN";101;"81,8";"SAO GONCALO DO AMARANTE";"Desobediência à sinalização";"Colisão Transversal";"Com Vítimas Feridas";"Pleno dia";"Crescente";"Sol";"Dupla";"Reta";"Urbano";2;0;0;1;0;1;1;2
83510377;"24/10/16";"Segunda";"20:00:00";"SC";470;"13";"NAVEGANTES";"Defeito mecânico em veículo";"Colisão traseira";"Com Vítimas Feridas";"Plena noite";"Crescente";"Nublado";"Simples";"Reta";"Rural";4;0;1;1;2;0;2;3
83510378;"24/10/16";"Segunda";"18:20:00";"GO";60;"128";"GOIANAPOLIS";"Não guardar distância de segurança";"Colisão traseira";"Sem Vítimas";"Pleno dia";"Crescente";"Sol";"Dupla";"Curva";"Rural";2;0;0;0;2;0;0;2
83510379;"08/10/16";"Sábado";"23:00:00";"RJ";393;"243,8";"VASSOURAS";"Falta de atenção";"Colisão lateral";"Com Vítimas Feridas";"Plena noite";"Decrescente";"Nublado";"Simples";"Curva";"Rural";2;0;1;0;1;0;1;2
83510380;"23/10/16";"Domingo";"05:30:00";"PR";376;"493,7";"PONTA GROSSA";"Falta de atenção";"Saída de Pista";"Com Vítimas Feridas";"Amanhecer";"Crescente";"Nublado";"Dupla";"Reta";"Rural";2;0;1;0;0;1;1;1
83510381;"24/10/16";"Segunda";"16:00:00";"MS";262;"462,5";"DOIS IRMAOS DO BURITI";"Outras";"Colisão com objeto fixo";"Com Vítimas Fatais";"Pleno dia";"Decrescente";"Ceu Claro";"Simples";"Reta";"Rural";1;1;0;0;0;0;0;1
83510382;"20/10/16";"Quinta";"19:00:00";"PR";376;"339";"ORTIGUEIRA";"Velocidade incompatível";"Tombamento";"Com Vítimas Feridas";"Plena noite";"Crescente";"Chuva";"Simples";"Curva";"Rural";1;0;1;0;0;0;1;1
83510383;"24/10/16";"Segunda";"19:20:00";"MT";70;"0";"BARRA DO GARCAS";"Falta de atenção";"Colisão lateral";"Com Vítimas Feridas";"Plena noite";"Decrescente";"Ceu Claro";"Simples";"Curva";"Urbano";2;0;1;0;1;0;1;2
83510384;"24/10/16";"Segunda";"18:40:00";"RJ";40;"47";"PETROPOLIS";"Velocidade incompatível";"Saída de Pista";"Com Vítimas Feridas";"Plena noite";"Decrescente";"Ceu Claro";"Dupla";"Curva";"Rural";1;0;0;1;0;0;1;1
83510385;"24/10/16";"Segunda";"13:19:00";"TO";226;"29";"PALMEIRAS DO TOCANTINS";"Ultrapassagem indevida";"Derramamento de Carga";"Sem Vítimas";"Pleno dia";"Decrescente";"Sol";"Simples";"Curva";"Rural";1;0;0;0;1;0;0;1
83510386;"24/10/16";"Segunda";"21:40:00";"SC";116;"205,3";"PONTE ALTA";"Dormindo";"Saída de Pista";"Com Vítimas Feridas";"Plena noite";"Decrescente";"Nublado";"Simples";"Reta";"Rural";1;0;1;0;0;0;1;1
83510387;"24/10/16";"Segunda";"17:30:00";"PA";316;"67";"CASTANHAL";"Ultrapassagem indevida";"Colisão frontal";"Com Vítimas Feridas";"Pleno dia";"Decrescente";"Nublado";"Simples";"Curva";"Urbano";9;0;3;5;1;0;8;2
83510388;"16/10/16";"Domingo";"15:50:00";"PR";376;"528";"PONTA GROSSA";"Falta de atenção";"Colisão traseira";"Com Vítimas Feridas";"Pleno dia";"Crescente";"Ceu Claro";"Dupla";"Reta";"Rural";2;0;1;0;1;0;1;2
83510389;"20/10/16";"Quinta";"22:50:00";"MG";116;"532,6";"CARATINGA";"Outras";"Queda de motocicleta / bicicleta / veículo";"Com Vítimas Feridas";"Plena noite";"Crescente";"Ceu Claro";"Simples";"Curva";"Rural";1;0;1;0;0;0;1;1
83510390;"24/10/16";"Segunda";"19:50:00";"CE";222;"32,5";"CAUCAIA";"Ultrapassagem indevida";"Colisão frontal";"Com Vítimas Feridas";"Plena noite";"Crescente";"Ceu Claro";"Simples";"Reta";"Rural";2;0;0;1;1;0;1;2
83510391;"31/08/16";"Quarta";"12:00:00";"AC";364;"138";"RIO BRANCO";"Falta de atenção";"Colisão traseira";"Com Vítimas Feridas";"Pleno dia";"Decrescente";"Sol";"Dupla";"Reta";"Urbano";2;0;0;1;1;0;1;2
83510392;"24/10/16";"Segunda";"18:00:00";"RN";427;"82,1";"CAICO";"Defeito na via";"Saída de Pista";"Com Vítimas Feridas";"Anoitecer";"Decrescente";"Ceu Claro";"Simples";"Reta";"Rural";1;0;0;1;0;0;1;1
83510393;"24/10/16";"Segunda";"16:30:00";"MG";116;"462,2";"ENGENHEIRO CALDAS";"Não guardar distância de segurança";"Colisão lateral";"Com Vítimas Feridas";"Pleno dia";"Crescente";"Sol";"Simples";"Reta";"Rural";2;0;0;1;0;1;1;2
83510394;"24/10/16";"Segunda";"09:45:00";"RJ";40;"30";"TRES RIOS";"Velocidade incompatível";"Queda de motocicleta / bicicleta / veículo";"Com Vítimas Feridas";"Pleno dia";"Decrescente";"Nublado";"Dupla";"Curva";"Rural";1;0;1;0;0;0;1;1
83510395;"20/10/16";"Quinta";"10:00:00";"RJ";356;"50";"ITAPERUNA";"Falta de atenção";"Colisão Transversal";"Com Vítimas Feridas";"Pleno dia";"Decrescente";"Ceu Claro";"Simples";"Cruzamento";"Rural";2;0;1;0;1;0;1;2
83510397;"02/10/16";"Domingo";"02:35:00";"SC";280;"20,5";"ARAQUARI";"Outras";"Colisão traseira";"Com Vítimas Feridas";"Plena noite";"Crescente";"Nublado";"Simples";"Reta";"Rural";3;0;1;0;2;0;1;2
83510398;"24/10/16";"Segunda";"21:30:00";"RS";285;"424,7";"PANAMBI";"Velocidade incompatível";"Colisão frontal";"Sem Vítimas";"Plena noite";"Decrescente";"Chuva";"Simples";"Curva";"Rural";2;0;0;0;2;0;0;2
83510399;"24/10/16";"Segunda";"20:40:00";"RS";386;"40,6";"FREDERICO WESTPHALEN";"Falta de atenção";"Colisão com bicicleta";"Com Vítimas Feridas";"Plena noite";"Decrescente";"Chuva";"Simples";"Reta";"Rural";3;0;3;0;0;0;3;2
83510400;"24/10/16";"Segunda";"19:40:00";"MS";463;"74,9";"PONTA PORA";"Falta de atenção";"Saída de Pista";"Com Vítimas Feridas";"Plena noite";"Crescente";"Ceu Claro";"Simples";"Reta";"Rural";2;0;0;2;0;0;2;1
83510401;"24/10/16";"Segunda";"19:50:00";"RN";304;"41,3";"MOSSORO";"Falta de atenção";"Colisão traseira";"Com Vítimas Feridas";"Plena noite";"Decrescente";"Ceu Claro";"Dupla";"Reta";"Urbano";2;0;1;0;1;0;1;2
83510402;"24/10/16";"Segunda";"13:20:00";"MG";146;"567,5";"ANDRADAS";"Velocidade incompatível";"Tombamento";"Sem Vítimas";"Pleno dia";"Crescente";"Chuva";"Simples";"Curva";"Rural";1;0;0;0;1;0;0;1
83510403;"24/10/16";"Segunda";"14:00:00";"RJ";101;"106";"CAMPOS DOS GOYTACAZES";"Dormindo";"Saída de Pista";"Com Vítimas Feridas";"Pleno dia";"Decrescente";"Nublado";"Dupla";"Reta";"Rural";2;0;2;0;0;0;2;1
83510404;"24/10/16";"Segunda";"20:10:00";"PE";101;"74,1";"RECIFE";"Outras";"Colisão com objeto fixo";"Ignorado";"Plena noite";"Decrescente";"Ceu Claro";"Dupla";"Reta";"Urbano";1;0;0;0;0;1;0;1
83510405;"19/10/16";"Quarta";"23:20:00";"PR";369;"473,3";"NOVA AURORA";"Desobediência à sinalização";"Colisão Transversal";"Com Vítimas Feridas";"Plena noite";"Decrescente";"Ceu Claro";"Simples";"Reta";"Rural";2;0;0;1;1;0;1;2
83510406;"24/10/16";"Segunda";"20:15:00";"PR";277;"116";"CAMPO LARGO";"Ingestão de álcool";"Atropelamento de pessoa";"Com Vítimas Feridas";"Plena noite";"Decrescente";"Chuva";"Simples";"Reta";"Urbano";2;0;1;0;1;0;1;1
83510407;"24/10/16";"Segunda";"21:30:00";"PB";361;"4";"PATOS";"Ingestão de álcool";"Saída de Pista";"Com Vítimas Feridas";"Plena noite";"Crescente";"Ignorada";"Simples";"Reta";"Urbano";1;0;1;0;0;0;1;1
83510408;"16/10/16";"Domingo";"19:30:00";"CE";222;"42";"CAUCAIA";"Falta de atenção";"Colisão traseira";"Sem Vítimas";"Plena noite";"Decrescente";"Ceu Claro";"Simples";"Reta";"Rural";2;0;0;0;2;0;0;2
83510409;"24/10/16";"Segunda";"21:20:00";"DF";40;"3";"BRASILIA";"Animais na Pista";"Queda de motocicleta / bicicleta / veículo";"Com Vítimas Feridas";"Plena noite";"Decrescente";"Ceu Claro";"Dupla";"Reta";"Urbano";1;0;0;1;0;0;1;1
83510410;"24/10/16";"Segunda";"18:50:00";"MA";316;"264,6";"SANTA INES";"Animais na Pista";"Atropelamento de animal";"Com Vítimas Feridas";"Plena noite";"Decrescente";"Ceu Claro";"Simples";"Reta";"Urbano";2;0;0;1;1;0;1;2
83510411;"24/10/16";"Segunda";"21:50:00";"GO";20;"14";"FORMOSA";"Outras";"Capotamento";"Sem Vítimas";"Plena noite";"Crescente";"Ignorada";"Simples";"Reta";"Rural";1;0;0;0;1;0;0;1
83510412;"24/10/16";"Segunda";"19:00:00";"GO";153;"322,1";"RIANAPOLIS";"Ingestão de álcool";"Colisão traseira";"Com Vítimas Feridas";"Anoitecer";"Crescente";"Nublado";"Simples";"Reta";"Rural";3;0;0;2;1;0;2;2
83510413;"24/10/16";"Segunda";"21:20:00";"RO";364;"421";"JARU";"Falta de atenção";"Colisão Transversal";"Com Vítimas Feridas";"Plena noite";"Decrescente";"Ceu Claro";"Simples";"Reta";"Urbano";2;0;2;0;0;0;2;2
83510414;"24/10/16";"Segunda";"18:25:00";"SP";153;"331,5";"SALTO GRANDE";"Não guardar distância de segurança";"Colisão traseira";"Com Vítimas Feridas";"Anoitecer";"Crescente";"Chuva";"Simples";"Reta";"Rural";2;0;1;0;1;0;1;2
83510415;"24/10/16";"Segunda";"22:10:00";"PR";153;"105";"IBAITI";"Velocidade incompatível";"Colisão traseira";"Com Vítimas Feridas";"Plena noite";"Decrescente";"Chuva";"Dupla";"Reta";"Rural";2;0;1;0;0;1;1;2
83510416;"24/10/16";"Segunda";"18:15:00";"PR";277;"727,9";"FOZ DO IGUACU";"Velocidade incompatível";"Colisão com objeto fixo";"Ignorado";"Anoitecer";"Crescente";"Nublado";"Múltipla";"Reta";"Urbano";1;0;0;0;0;1;0;1
83510417;"24/10/16";"Segunda";"15:30:00";"MG";381;"914,9";"CAMANDUCAIA";"Dormindo";"Tombamento";"Sem Vítimas";"Pleno dia";"Crescente";"Ceu Claro";"Dupla";"Curva";"Rural";1;0;0;0;1;0;0;1
83510418;"24/10/16";"Segunda";"21:30:00";"PR";116;"112,9";"CURITIBA";"Outras";"Atropelamento de pessoa";"Com Vítimas Feridas";"Plena noite";"Crescente";"Nublado";"Dupla";"Reta";"Urbano";2;0;1;1;0;0;2;1
83510419;"24/10/16";"Segunda";"16:45:00";"PR";376;"360,8";"ORTIGUEIRA";"Outras";"Colisão Transversal";"Com Vítimas Fatais";"Pleno dia";"Decrescente";"Chuva";"Simples";"Reta";"Rural";2;1;0;0;1;0;0;2
83510420;"19/10/16";"Quarta";"17:00:00";"DF";40;"1";"BRASILIA";"Falta de atenção";"Colisão lateral";"Com Vítimas Feridas";"Pleno dia";"Crescente";"Ceu Claro";"Dupla";"Reta";"Urbano";2;0;1;0;1;0;1;2
83510421;"24/10/16";"Segunda";"23:20:00";"RJ";116;"278";"BARRA MANSA";"Outras";"Derramamento de Carga";"Sem Vítimas";"Plena noite";"Crescente";"Ceu Claro";"Dupla";"Curva";"Rural";1;0;0;0;1;0;0;1
83510422;"24/10/16";"Segunda";"17:14:00";"MA";402;"14,1";"ROSARIO";"Outras";"Capotamento";"Com Vítimas Feridas";"Anoitecer";"Decrescente";"Ceu Claro";"Simples";"Curva";"Rural";2;0;1;0;0;1;1;2
83510423;"24/10/16";"Segunda";"14:20:00";"PR";373;"173,1";"PONTA GROSSA";"Falta de atenção";"Atropelamento de pessoa";"Com Vítimas Feridas";"Pleno dia";"Decrescente";"Ceu Claro";"Dupla";"Curva";"Urbano";2;0;0;1;1;0;1;1
83510424;"25/10/16";"Terça";"00:30:00";"AL";101;"115,9";"PILAR";"Outras";"Colisão lateral";"Com Vítimas Feridas";"Plena noite";"Decrescente";"Ceu Claro";"Simples";"Reta";"Rural";2;0;0;1;0;1;1;2
83510425;"20/10/16";"Quinta";"09:00:00";"GO";60;"231,4";"CEZARINA";"Falta de atenção";"Capotamento";"Com Vítimas Feridas";"Pleno dia";"Decrescente";"Chuva";"Dupla";"Reta";"Rural";1;0;0;1;0;0;1;1
83510426;"24/10/16";"Segunda";"19:25:00";"CE";116;"16,9";"EUSEBIO";"Ingestão de álcool";"Colisão lateral";"Com Vítimas Feridas";"Plena noite";"Crescente";"Ceu Claro";"Dupla";"Reta";"Urbano";2;0;2;0;0;0;2;2
83510427;"24/10/16";"Segunda";"16:00:00";"CE";116;"535,9";"PENAFORTE";"Falta de atenção";"Colisão Transversal";"Com Vítimas Feridas";"Pleno dia";"Decrescente";"Ceu Claro";"Simples";"Reta";"Rural";2;0;1;0;1;0;1;2
83510428;"25/10/16";"Terça";"01:15:00";"PR";376;"464,1";"PONTA GROSSA";"Dormindo";"Saída de Pista";"Sem Vítimas";"Plena noite";"Crescente";"Chuva";"Dupla";"Reta";"Rural";1;0;0;0;1;0;0;1
83510429;"25/10/16";"Terça";"04:00:00";"SP";116;"338";"JUQUITIBA";"Velocidade incompatível";"Saída de Pista";"Sem Vítimas";"Plena noite";"Crescente";"Chuva";"Dupla";"Reta";"Rural";2;0;0;0;2;0;0;1
83510430;"21/10/16";"Sexta";"03:30:00";"BA";324;"614";"SALVADOR";"Velocidade incompatível";"Capotamento";"Ignorado";"Plena noite";"Crescente";"Ceu Claro";"Dupla";"Reta";"Urbano";1;0;0;0;0;1;0;1
83510431;"25/10/16";"Terça";"03:20:00";"PA";316;"15";"MARITUBA";"Dormindo";"Saída de Pista";"Sem Vítimas";"Plena noite";"Decrescente";"Ceu Claro";"Dupla";"Reta";"Urbano";1;0;0;0;1;0;0;1
83510432;"25/10/16";"Terça";"03:30:00";"PE";232;"84,1";"GRAVATA";"Animais na Pista";"Atropelamento de animal";"Sem Vítimas";"Plena noite";"Crescente";"Nublado";"Dupla";"Reta";"Rural";1;0;0;0;1;0;0;1
83510433;"25/10/16";"Terça";"05:00:00";"PR";153;"460";"UNIAO DA VITORIA";"Outras";"Atropelamento de pessoa";"Com Vítimas Feridas";"Plena noite";"Crescente";"Chuva";"Simples";"Reta";"Urbano";2;0;1;0;1;0;1;1
83510434;"25/10/16";"Terça";"04:20:00";"MG";116;"718,2";"MURIAE";"Velocidade incompatível";"Saída de Pista";"Com Vítimas Feridas";"Plena noite";"Crescente";"Nublado";"Simples";"Curva";"Rural";1;0;0;1;0;0;1;1
83510435;"24/10/16";"Segunda";"18:36:00";"RO";364;"305,2";"PRESIDENTE MEDICI";"Falta de atenção";"Atropelamento de pessoa";"Com Vítimas Feridas";"Plena noite";"Decrescente";"Chuva";"Simples";"Reta";"Urbano";2;0;0;1;1;0;1;1
83510436;"24/10/16";"Segunda";"09:00:00";"PR";277;"0,4";"PARANAGUA";"Não guardar distância de segurança";"Colisão com bicicleta";"Com Vítimas Fatais";"Pleno dia";"Crescente";"Sol";"Simples";"Reta";"Urbano";2;1;0;0;1;0;0;2
83510437;"25/10/16";"Terça";"05:00:00";"PR";277;"474,5";"NOVA LARANJEIRAS";"Outras";"Colisão Transversal";"Com Vítimas Fatais";"Amanhecer";"Decrescente";"Chuva";"Múltipla";"Curva";"Rural";4;2;0;1;1;0;1;2
83510438;"22/10/16";"Sábado";"05:45:00";"SP";116;"279";"EMBU";"Falta de atenção";"Queda de motocicleta / bicicleta / veículo";"Com Vítimas Fatais";"Amanhecer";"Crescente";"Nevoeiro/neblina";"Dupla";"Reta";"Urbano";3;2;0;0;0;1;0;2