"id";"data_inversa";"dia_semana";"horario";"uf";"br";"km";"municipio";"causa_acidente";"tipo_acidente";"classificacao_acidente";"fase_dia";"sentido_via";"condicao_metereologica";"tipo_pista";"tracado_via";"uso_solo";"pessoas";"mortos";"feridos_leves";"feridos_graves";"ilesos";"ignorados";"feridos";"veiculos"
83510439;"25/10/16";"Terça";"06:00:00";"SC";101;"170";"TIJUCAS";"Falta de atenção";"Colisão traseira";"Com Vítimas Feridas";"Amanhecer";"Decrescente";"Nevoeiro/neblina";"Dupla";"Reta";"Rural";2;0;0;1;1;0;1;2
83510440;"20/10/16";"Quinta";"22:40:00";"ES";262;"98";"DOMINGOS MARTINS";"Falta de atenção";"Colisão traseira";"Com Vítimas Feridas";"Plena noite";"Crescente";"Ceu Claro";"Simples";"Reta";"Rural";4;0;0;4;0;0;4;2
83510441;"25/10/16";"Terça";"06:30:00";"PR";376;"635";"SAO JOSE DOS PINHAIS";"Outras";"Saída de Pista";"Sem Vítimas";"Amanhecer";"Decrescente";"Chuva";"Dupla";"Curva";"Rural";1;0;0;0;1;0;0;1
83510442;"20/10/16";"Quinta";"14:00:00";"DF";70;"7";"BRASILIA";"Falta de atenção";"Colisão traseira";"Com Vítimas Feridas";"Pleno dia";"Decrescente";"Ceu Claro";"Dupla";"Reta";"Urbano";2;0;1;0;1;0;1;2
83510443;"25/10/16";"Terça";"01:30:00";"RJ";393;"259,6";"BARRA DO PIRAI";"Desobediência à sinalização";"Colisão lateral";"Com Vítimas Fatais";"Plena noite";"Decrescente";"Ceu Claro";"Simples";"Curva";"Rural";12;2;0;0;9;1;0;3
83510444;"24/10/16";"Segunda";"19:15:00";"RO";364;"198";"PIMENTA BUENO";"Falta de atenção";"Colisão lateral";"Sem Vítimas";"Plena noite";"Decrescente";"Ceu Claro";"Simples";"Reta";"Urbano";3;0;0;0;3;0;0;2
83510445;"21/10/16";"Sexta";"15:10:00";"MG";116;"557,3";"SANTA BARBARA DO LESTE";"Ultrapassagem indevida";"Colisão frontal";"Com Vítimas Feridas";"Pleno dia";"Crescente";"Chuva";"Simples";"Curva";"Rural";6;0;1;2;3;0;3;4
83510446;"22/10/16";"Sábado";"17:30:00";"TO";230;"126";"ARAGUATINS";"Falta de atenção";"Capotamento";"Com Vítimas Feridas";"Pleno dia";"Decrescente";"Nublado";"Simples";"Reta";"Rural";1;0;0;1;0;0;1;1
83510447;"22/10/16";"Sábado";"05:25:00";"GO";60;"122,8";"TEREZOPOLIS DE GOIAS";"Animais na Pista";"Saída de Pista";"Sem Vítimas";"Plena noite";"Crescente";"Ceu Claro";"Dupla";"Reta";"Rural";1;0;0;0;1;0;0;1
83510448;"21/10/16";"Sexta";"18:00:00";"PE";232;"10,5";"JABOATAO DOS GUARARAPES";"Outras";"Tombamento";"Com Vítimas Feridas";"Plena noite";"Decrescente";"Ceu Claro";"Simples";"Curva";"Rural";1;0;1;0;0;0;1;1
83510449;"20/10/16";"Quinta";"13:52:00";"SP";153;"268,5";"MARILIA";"Não guardar distância de segurança";"Colisão traseira";"Sem Vítimas";"Pleno dia";"Crescente";"Nublado";"Dupla";"Reta";"Rural";2;0;0;0;2;0;0;2
83510450;"24/10/16";"Segunda";"22:00:00";"SC";101;"37";"JOINVILLE";"Outras";"Incêndio";"Sem Vítimas";"Plena noite";"Decrescente";"Chuva";"Dupla";"Reta";"Urbano";1;0;0;0;1;0;0;1
83510452;"01/10/16";"Sábado";"19:30:00";"SC";101;"340";"TUBARAO";"Outras";"Colisão com objeto fixo";"Com Vítimas Feridas";"Plena noite";"Decrescente";"Ceu Claro";"Dupla";"Reta";"Urbano";1;0;1;0;0;0;1;1
83510453;"21/10/16";"Sexta";"19:00:00";"MG";262;"782";"UBERABA";"Defeito mecânico em veículo";"Tombamento";"Sem Vítimas";"Anoitecer";"Crescente";"Nublado";"Simples";"Reta";"Rural";1;0;0;0;1;0;0;1
83510454;"11/09/16";"Domingo";"09:30:00";"PR";476;"130,5";"CURITIBA";"Não guardar distância de segurança";"Colisão traseira";"Com Vítimas Feridas";"Pleno dia";"Crescente";"Sol";"Dupla";"Cruzamento";"Urbano";2;0;1;0;0;1;1;2
83510455;"25/10/16";"Terça";"05:35:00";"SP";116;"173,8";"JACAREI";"Outras";"Saída de Pista";"Com Vítimas Feridas";"Amanhecer";"Crescente";"Chuva";"Dupla";"Reta";"Rural";1;0;1;0;0;0;1;1
83510456;"21/10/16";"Sexta";"07:40:00";"MG";40;"521";"CONTAGEM";"Não guardar distância de segurança";"Colisão traseira";"Com Vítimas Feridas";"Pleno dia";"Crescente";"Ceu Claro";"Dupla";"Reta";"Urbano";2;0;1;0;1;0;1;2
83510457;"25/10/16";"Terça";"05:20:00";"SP";116;"344";"MIRACATU";"Dormindo";"Tombamento";"Sem Vítimas";"Plena noite";"Crescente";"Chuva";"Simples";"Reta";"Rural";1;0;0;0;1;0;0;1
83510458;"08/10/16";"Sábado";"18:15:00";"PB";230;"8,3";"CABEDELO";"Ingestão de álcool";"Atropelamento de pessoa";"Com Vítimas Feridas";"Plena noite";"Decrescente";"Ceu Claro";"Dupla";"Reta";"Urbano";2;0;1;0;1;0;1;1
83510459;"22/10/16";"Sábado";"05:50:00";"MG";381;"764,4";"CAMPANHA";"Dormindo";"Colisão traseira";"Sem Vítimas";"Amanhecer";"Crescente";"Nublado";"Dupla";"Reta";"Rural";2;0;0;0;2;0;0;2
83510461;"21/10/16";"Sexta";"19:10:00";"MG";381;"481";"CONTAGEM";"Falta de atenção";"Colisão lateral";"Com Vítimas Feridas";"Anoitecer";"Crescente";"Nublado";"Múltipla";"Reta";"Urbano";3;0;2;0;1;0;2;2
83510462;"25/10/16";"Terça";"07:30:00";"RJ";101;"394";"RIO DE JANEIRO";"Outras";"Atropelamento de pessoa";"Com Vítimas Fatais";"Pleno dia";"Crescente";"Sol";"Dupla";"Reta";"Urbano";3;1;2;0;0;0;2;2
83510463;"22/10/16";"Sábado";"06:40:00";"PR";376;"115,1";"ALTO PARANA";"Ultrapassagem indevida";"Colisão frontal";"Com Vítimas Feridas";"Amanhecer";"Decrescente";"Ignorada";"Simples";"Reta";"Rural";2;0;0;1;1;0;1;2
83510464;"22/10/16";"Sábado";"05:15:00";"PR";153;"509,7";"GENERAL CARNEIRO";"Dormindo";"Capotamento";"Com Vítimas Feridas";"Plena noite";"Decrescente";"Chuva";"Simples";"Curva";"Rural";2;0;2;0;0;0;2;1
83510465;"20/10/16";"Quinta";"15:20:00";"BA";116;"423";"FEIRA DE SANTANA";"Falta de atenção";"Colisão Transversal";"Sem Vítimas";"Pleno dia";"Crescente";"Ceu Claro";"Simples";"Reta";"Urbano";2;0;0;0;2;0;0;2
83510466;"25/10/16";"Terça";"03:58:00";"MG";381;"630,2";"OLIVEIRA";"Falta de atenção";"Colisão traseira";"Com Vítimas Fatais";"Plena noite";"Decrescente";"Ceu Claro";"Dupla";"Curva";"Rural";5;2;1;1;1;0;2;2
83510467;"21/10/16";"Sexta";"19:57:00";"SP";116;"109,9";"TAUBATE";"Outras";"Colisão traseira";"Com Vítimas Feridas";"Plena noite";"Crescente";"Chuva";"Dupla";"Reta";"Urbano";3;0;0;1;2;0;1;2
83510468;"22/10/16";"Sábado";"05:10:00";"PR";376;"502,9";"PONTA GROSSA";"Ingestão de álcool";"Capotamento";"Com Vítimas Feridas";"Plena noite";"Decrescente";"Nublado";"Simples";"Reta";"Urbano";3;0;3;0;0;0;3;1
83510469;"22/10/16";"Sábado";"04:30:00";"MG";262;"540,7";"LUZ";"Ingestão de álcool";"Colisão lateral";"Com Vítimas Feridas";"Plena noite";"Decrescente";"Nublado";"Simples";"Reta";"Rural";4;0;1;0;3;0;1;2
83510470;"23/10/16";"Domingo";"06:08:00";"ES";101;"150";"LINHARES";"Falta de atenção";"Colisão traseira";"Com Vítimas Feridas";"Pleno dia";"Crescente";"Nublado";"Simples";"Cruzamento";"Urbano";2;0;1;0;1;0;1;2
83510471;"25/10/16";"Terça";"07:30:00";"SP";116;"513,5";"CAJATI";"Velocidade incompatível";"Capotamento";"Sem Vítimas";"Pleno dia";"Decrescente";"Chuva";"Dupla";"Curva";"Rural";2;0;0;0;2;0;0;1
83510472;"23/10/16";"Domingo";"05:30:00";"MG";116;"755,2";"LEOPOLDINA";"Dormindo";"Capotamento";"Sem Vítimas";"Amanhecer";"Decrescente";"Nublado";"Simples";"Curva";"Rural";2;0;0;0;2;0;0;1
83510473;"24/10/16";"Segunda";"21:30:00";"RJ";465;"2";"SEROPEDICA";"Falta de atenção";"Colisão Transversal";"Com Vítimas Feridas";"Plena noite";"Decrescente";"Nublado";"Simples";"Reta";"Rural";2;0;0;1;1;0;1;2
83510474;"05/08/16";"Sexta";"23:55:00";"AL";104;"91,2";"RIO LARGO";"Outras";"Colisão Transversal";"Com Vítimas Feridas";"Plena noite";"Crescente";"Ceu Claro";"Dupla";"Reta";"Urbano";4;0;0;3;1;0;3;2
83510475;"14/10/16";"Sexta";"07:00:00";"RJ";40;"32";"AREAL";"Velocidade incompatível";"Capotamento";"Sem Vítimas";"Amanhecer";"Crescente";"Chuva";"Dupla";"Curva";"Rural";1;0;0;0;1;0;0;1
83510476;"18/10/16";"Terça";"22:20:00";"PR";277;"102";"CURITIBA";"Outras";"Queda de motocicleta / bicicleta / veículo";"Com Vítimas Feridas";"Plena noite";"Crescente";"Nublado";"Dupla";"Reta";"Urbano";1;0;1;0;0;0;1;1
83510477;"22/10/16";"Sábado";"06:20:00";"MG";40;"527";"CONTAGEM";"Falta de atenção";"Capotamento";"Com Vítimas Feridas";"Amanhecer";"Decrescente";"Ceu Claro";"Múltipla";"Reta";"Rural";2;0;1;0;1;0;1;1
83510478;"25/10/16";"Terça";"07:45:00";"RS";116;"247";"SAO LEOPOLDO";"Não guardar distância de segurança";"Colisão lateral";"Com Vítimas Feridas";"Pleno dia";"Decrescente";"Nublado";"Múltipla";"Reta";"Urbano";3;0;0;1;2;0;1;3
83510479;"22/10/16";"Sábado";"06:00:00";"MG";50;"36";"ARAGUARI";"Outras";"Saída de Pista";"Com Vítimas Feridas";"Amanhecer";"Crescente";"Ceu Claro";"Dupla";"Reta";"Urbano";3;0;1;1;0;1;2;1
83510480;"08/10/16";"Sábado";"13:30:00";"SP";153;"55,9";"SAO JOSE DO RIO PRETO";"Falta de atenção";"Colisão Transversal";"Com Vítimas Feridas";"Pleno dia";"Crescente";"Sol";"Simples";"Cruzamento";"Urbano";2;0;1;0;1;0;1;2
83510482;"22/10/16";"Sábado";"03:30:00";"MG";262;"450,3";"NOVA SERRANA";"Ingestão de álcool";"Colisão frontal";"Sem Vítimas";"Plena noite";"Crescente";"Chuva";"Simples";"Reta";"Rural";3;0;0;0;3;0;0;2
83510483;"25/10/16";"Terça";"07:40:00";"PR";277;"722,2";"FOZ DO IGUACU";"Outras";"Colisão Transversal";"Com Vítimas Feridas";"Pleno dia";"Crescente";"Nublado";"Dupla";"Reta";"Urbano";2;0;1;0;1;0;1;2
83510484;"21/10/16";"Sexta";"13:30:00";"MG";40;"521";"CONTAGEM";"Outras";"Queda de motocicleta / bicicleta / veículo";"Com Vítimas Feridas";"Pleno dia";"Decrescente";"Ceu Claro";"Dupla";"Reta";"Urbano";1;0;0;1;0;0;1;1
83510485;"21/10/16";"Sexta";"21:30:00";"SC";101;"135,1";"BALNEARIO CAMBORIU";"Ingestão de álcool";"Colisão traseira";"Sem Vítimas";"Plena noite";"Crescente";"Nublado";"Dupla";"Reta";"Urbano";4;0;0;0;4;0;0;3
83510486;"22/10/16";"Sábado";"03:30:00";"SC";101;"378,1";"ICARA";"Ingestão de álcool";"Capotamento";"Com Vítimas Feridas";"Plena noite";"Crescente";"Ceu Claro";"Dupla";"Reta";"Rural";2;0;2;0;0;0;2;1
83510487;"25/10/16";"Terça";"08:40:00";"ES";101;"146,7";"LINHARES";"Falta de atenção";"Colisão traseira";"Sem Vítimas";"Pleno dia";"Decrescente";"Ceu Claro";"Múltipla";"Cruzamento";"Urbano";2;0;0;0;2;0;0;2
83510488;"21/10/16";"Sexta";"19:15:00";"SC";163;"69,7";"SAO MIGUEL DOESTE";"Outras";"Queda de motocicleta / bicicleta / veículo";"Com Vítimas Feridas";"Pleno dia";"Decrescente";"Ceu Claro";"Dupla";"Cruzamento";"Urbano";2;0;1;0;1;0;1;1
83510489;"20/10/16";"Quinta";"13:30:00";"MG";40;"48,8";"PARACATU";"Outras";"Colisão traseira";"Com Vítimas Feridas";"Pleno dia";"Decrescente";"Chuva";"Simples";"Reta";"Rural";4;0;2;0;2;0;2;3
83510490;"25/10/16";"Terça";"07:00:00";"PB";230;"36,6";"SANTA RITA";"Desobediência à sinalização";"Queda de motocicleta / bicicleta / veículo";"Com Vítimas Feridas";"Pleno dia";"Decrescente";"Sol";"Múltipla";"Curva";"Urbano";1;0;1;0;0;0;1;1
83510491;"25/10/16";"Terça";"09:10:00";"RN";304;"47";"MOSSORO";"Desobediência à sinalização";"Colisão traseira";"Com Vítimas Feridas";"Pleno dia";"Crescente";"Ceu Claro";"Dupla";"Cruzamento";"Urbano";2;0;1;0;1;0;1;2
83510492;"25/10/16";"Terça";"07:45:00";"PR";373;"237,4";"IMBITUVA";"Dormindo";"Tombamento";"Com Vítimas Feridas";"Pleno dia";"Decrescente";"Chuva";"Simples";"Curva";"Rural";1;0;1;0;0;0;1;1
83510493;"14/10/16";"Sexta";"07:15:00";"RJ";40;"32";"AREAL";"Velocidade incompatível";"Capotamento";"Sem Vítimas";"Amanhecer";"Decrescente";"Chuva";"Dupla";"Curva";"Rural";4;0;0;0;4;0;0;1
83510494;"25/10/16";"Terça";"08:20:00";"SC";101;"332";"TUBARAO";"Outras";"Colisão lateral";"Sem Vítimas";"Pleno dia";"Crescente";"Nublado";"Dupla";"Reta";"Rural";2;0;0;0;2;0;0;2
83510495;"22/10/16";"Sábado";"04:30:00";"PR";373;"271,5";"PRUDENTOPOLIS";"Ingestão de álcool";"Colisão Transversal";"Com Vítimas Feridas";"Plena noite";"Crescente";"Ceu Claro";"Simples";"Reta";"Rural";3;0;1;1;0;1;2;2
83510496;"11/08/16";"Quinta";"20:10:00";"MG";116;"395";"GOVERNADOR VALADARES";"Desobediência à sinalização";"Colisão Transversal";"Com Vítimas Feridas";"Plena noite";"Crescente";"Ceu Claro";"Simples";"Reta";"Rural";5;0;1;2;2;0;3;2
83510497;"22/10/16";"Sábado";"15:30:00";"BA";116;"426";"FEIRA DE SANTANA";"Falta de atenção";"Colisão Transversal";"Com Vítimas Feridas";"Pleno dia";"Crescente";"Ceu Claro";"Simples";"Reta";"Urbano";2;0;1;0;1;0;1;2
83510498;"27/06/16";"Segunda";"00:50:00";"PR";153;"476";"PORTO VITORIA";"Falta de atenção";"Saída de Pista";"Com Vítimas Fatais";"Plena noite";"Decrescente";"Chuva";"Simples";"Curva";"Rural";3;1;0;2;0;0;2;1
83510499;"22/10/16";"Sábado";"08:00:00";"CE";222;"124,1";"ITAPAGE";"Falta de atenção";"Colisão lateral";"Com Vítimas Feridas";"Pleno dia";"Crescente";"Sol";"Simples";"Reta";"Urbano";2;0;0;1;1;0;1;2
83510500;"25/10/16";"Terça";"08:46:00";"SC";280;"275,6";"IRINEOPOLIS";"Falta de atenção";"Colisão lateral";"Com Vítimas Feridas";"Pleno dia";"Decrescente";"Chuva";"Simples";"Cruzamento";"Rural";3;0;1;0;2;0;1;3
83510501;"21/10/16";"Sexta";"09:00:00";"CE";20;"429,5";"FORTALEZA";"Falta de atenção";"Colisão traseira";"Sem Vítimas";"Pleno dia";"Crescente";"Ceu Claro";"Múltipla";"Reta";"Urbano";3;0;0;0;3;0;0;3
83510502;"24/10/16";"Segunda";"18:50:00";"SC";282;"4";"FLORIANOPOLIS";"Falta de atenção";"Colisão lateral";"Com Vítimas Feridas";"Anoitecer";"Decrescente";"Nublado";"Dupla";"Reta";"Urbano";2;0;1;0;1;0;1;2
83510503;"22/10/16";"Sábado";"01:55:00";"RJ";116;"260";"BARRA MANSA";"Dormindo";"Saída de Pista";"Com Vítimas Feridas";"Plena noite";"Crescente";"Nublado";"Dupla";"Reta";"Rural";25;0;25;0;0;0;25;1
83510504;"22/10/16";"Sábado";"02:30:00";"MG";381;"530,5";"ITATIAIUCU";"Falta de atenção";"Saída de Pista";"Com Vítimas Feridas";"Plena noite";"Decrescente";"Ignorada";"Dupla";"Reta";"Rural";2;0;2;0;0;0;2;1
83510505;"25/10/16";"Terça";"07:50:00";"ES";262;"24,2";"VIANA";"Falta de atenção";"Colisão traseira";"Com Vítimas Feridas";"Pleno dia";"Crescente";"Nublado";"Simples";"Curva";"Rural";2;0;1;0;0;1;1;2
83510507;"26/08/16";"Sexta";"20:40:00";"MA";222;"666,9";"ACAILANDIA";"Animais na Pista";"Atropelamento de animal";"Com Vítimas Feridas";"Plena noite";"Decrescente";"Ceu Claro";"Simples";"Reta";"Urbano";1;0;0;1;0;0;1;1
83510508;"21/10/16";"Sexta";"06:40:00";"MG";354;"713,4";"CAXAMBU";"Velocidade incompatível";"Tombamento";"Sem Vítimas";"Pleno dia";"Crescente";"Ceu Claro";"Simples";"Curva";"Rural";1;0;0;0;1;0;0;1
83510511;"21/10/16";"Sexta";"11:30:00";"MG";135;"569,6";"CORINTO";"Velocidade incompatível";"Colisão traseira";"Com Vítimas Feridas";"Plena noite";"Decrescente";"Ceu Claro";"Simples";"Reta";"Rural";4;0;0;2;2;0;2;2
83510512;"24/10/16";"Segunda";"16:30:00";"MG";365;"625,6";"UBERLANDIA";"Falta de atenção";"Colisão lateral";"Com Vítimas Feridas";"Pleno dia";"Decrescente";"Ceu Claro";"Dupla";"Reta";"Urbano";2;0;0;1;1;0;1;2
83510513;"25/10/16";"Terça";"09:40:00";"PR";376;"652";"TIJUCAS DO SUL";"Velocidade incompatível";"Capotamento";"Com Vítimas Feridas";"Pleno dia";"Crescente";"Chuva";"Simples";"Curva";"Rural";1;0;1;0;0;0;1;1
83510514;"10/10/16";"Segunda";"01:30:00";"SP";116;"136,5";"SAO JOSE DOS CAMPOS";"Defeito mecânico em veículo";"Colisão com objeto fixo";"Sem Vítimas";"Plena noite";"Crescente";"Ceu Claro";"Simples";"Curva";"Urbano";1;0;0;0;1;0;0;1
83510515;"25/10/16";"Terça";"08:35:00";"PR";153;"376,8";"RIO AZUL";"Dormindo";"Saída de Pista";"Sem Vítimas";"Pleno dia";"Crescente";"Nublado";"Simples";"Reta";"Rural";1;0;0;0;1;0;0;1
83510516;"08/10/16";"Sábado";"11:40:00";"GO";60;"34,9";"ALEXANIA";"Velocidade incompatível";"Capotamento";"Com Vítimas Fatais";"Pleno dia";"Crescente";"Ceu Claro";"Dupla";"Curva";"Rural";3;1;2;0;0;0;2;1
83510517;"25/10/16";"Terça";"10:15:00";"SC";101;"39";"JOINVILLE";"Falta de atenção";"Colisão lateral";"Com Vítimas Feridas";"Pleno dia";"Crescente";"Chuva";"Dupla";"Reta";"Urbano";4;0;2;0;2;0;2;3
83510518;"23/10/16";"Domingo";"05:20:00";"ES";101;"0,1";"SERRA";"Outras";"Tombamento";"Com Vítimas Fatais";"Pleno dia";"Crescente";"Ceu Claro";"Múltipla";"Curva";"Urbano";2;1;1;0;0;0;1;1
83510519;"25/10/16";"Terça";"09:00:00";"PB";230;"18";"JOAO PESSOA";"Falta de atenção";"Colisão traseira";"Sem Vítimas";"Pleno dia";"Crescente";"Ceu Claro";"Dupla";"Reta";"Urbano";4;0;0;0;4;0;0;4
83510520;"25/10/16";"Terça";"12:20:00";"PR";376;"178,7";"MARINGA";"Falta de atenção";"Colisão com bicicleta";"Com Vítimas Feridas";"Pleno dia";"Crescente";"Nublado";"Dupla";"Reta";"Urbano";2;0;1;0;1;0;1;2
83510521;"25/10/16";"Terça";"07:20:00";"SP";116;"207,4";"GUARULHOS";"Defeito na via";"Colisão com objeto fixo";"Com Vítimas Feridas";"Amanhecer";"Crescente";"Chuva";"Múltipla";"Reta";"Urbano";2;0;1;0;1;0;1;1
83510522;"25/10/16";"Terça";"07:40:00";"BA";116;"439";"FEIRA DE SANTANA";"Defeito mecânico em veículo";"Colisão com objeto móvel";"Sem Vítimas";"Pleno dia";"Crescente";"Sol";"Dupla";"Reta";"Rural";2;0;0;0;2;0;0;2
83510523;"25/10/16";"Terça";"11:00:00";"PR";369;"91,6";"CORNELIO PROCOPIO";"Outras";"Saída de Pista";"Com Vítimas Feridas";"Pleno dia";"Crescente";"Chuva";"Simples";"Curva";"Rural";1;0;1;0;0;0;1;1
83510524;"25/10/16";"Terça";"09:30:00";"BA";330;"709";"JEQUIE";"Outras";"Colisão com objeto fixo";"Sem Vítimas";"Pleno dia";"Decrescente";"Ceu Claro";"Simples";"Reta";"Urbano";1;0;0;0;1;0;0;1
83510525;"24/10/16";"Segunda";"06:00:00";"MG";116;"19,5";"CACHOEIRA DE PAJEU";"Dormindo";"Tombamento";"Sem Vítimas";"Amanhecer";"Crescente";"Sol";"Simples";"Reta";"Rural";1;0;0;0;1;0;0;1
83510526;"25/10/16";"Terça";"10:50:00";"SC";282;"653,4";"SAO MIGUEL DOESTE";"Velocidade incompatível";"Saída de Pista";"Com Vítimas Feridas";"Pleno dia";"Decrescente";"Nublado";"Simples";"Curva";"Rural";1;0;0;1;0;0;1;1
83510528;"15/10/16";"Sábado";"12:00:00";"RS";287;"241";"SANTA MARIA";"Outras";"Capotamento";"Com Vítimas Feridas";"Pleno dia";"Crescente";"Nublado";"Dupla";"Reta";"Urbano";1;0;1;0;0;0;1;1
83510529;"23/10/16";"Domingo";"00:30:00";"GO";20;"198";"POSSE";"Outras";"Colisão frontal";"Com Vítimas Fatais";"Plena noite";"Crescente";"Chuva";"Simples";"Reta";"Rural";4;2;0;1;0;1;1;2
83510530;"22/10/16";"Sábado";"04:15:00";"PR";277;"584";"CASCAVEL";"Ingestão de álcool";"Saída de Pista";"Sem Vítimas";"Plena noite";"Crescente";"Nublado";"Simples";"Reta";"Urbano";2;0;0;0;2;0;0;1
83510531;"25/10/16";"Terça";"09:35:00";"PA";316;"0";"ANANINDEUA";"Defeito mecânico em veículo";"Colisão traseira";"Com Vítimas Feridas";"Pleno dia";"Crescente";"Sol";"Múltipla";"Reta";"Urbano";3;0;1;0;2;0;1;2
83510533;"25/10/16";"Terça";"12:34:00";"SC";101;"216";"PALHOCA";"Desobediência à sinalização";"Colisão Transversal";"Com Vítimas Feridas";"Pleno dia";"Crescente";"Chuva";"Dupla";"Curva";"Urbano";2;0;0;1;0;1;1;2
83510534;"25/10/16";"Terça";"11:00:00";"SC";282;"218";"LAGES";"Falta de atenção";"Colisão lateral";"Sem Vítimas";"Pleno dia";"Crescente";"Chuva";"Simples";"Cruzamento";"Urbano";2;0;0;0;2;0;0;2
83510535;"25/10/16";"Terça";"09:30:00";"RN";110;"49,3";"MOSSORO";"Outras";"Colisão Transversal";"Sem Vítimas";"Pleno dia";"Decrescente";"Ceu Claro";"Dupla";"Reta";"Urbano";2;0;0;0;2;0;0;2
83510536;"22/10/16";"Sábado";"00:30:00";"RN";405;"158,4";"PAU DOS FERROS";"Ingestão de álcool";"Colisão lateral";"Com Vítimas Feridas";"Plena noite";"Crescente";"Ceu Claro";"Simples";"Reta";"Rural";4;0;1;1;2;0;2;2
83510537;"25/10/16";"Terça";"10:25:00";"BA";116;"426,7";"FEIRA DE SANTANA";"Velocidade incompatível";"Colisão traseira";"Com Vítimas Feridas";"Pleno dia";"Crescente";"Ceu Claro";"Simples";"Reta";"Urbano";3;0;2;0;1;0;2;3
83510538;"22/10/16";"Sábado";"23:30:00";"PR";476;"137";"CURITIBA";"Falta de atenção";"Atropelamento de pessoa";"Com Vítimas Feridas";"Plena noite";"Decrescente";"Nublado";"Dupla";"Reta";"Urbano";3;0;0;1;2;0;1;1
83510539;"22/10/16";"Sábado";"06:15:00";"PB";101;"47,5";"MAMANGUAPE";"Dormindo";"Saída de Pista";"Com Vítimas Feridas";"Pleno dia";"Decrescente";"Ceu Claro";"Dupla";"Reta";"Rural";4;0;0;3;0;1;3;1
83510540;"22/10/16";"Sábado";"07:25:00";"BA";242;"243";"RUY BARBOSA";"Velocidade incompatível";"Tombamento";"Com Vítimas Feridas";"Plena noite";"Decrescente";"Ceu Claro";"Simples";"Reta";"Rural";1;0;1;0;0;0;1;1
83510541;"25/10/16";"Terça";"08:45:00";"SC";280;"54,4";"GUARAMIRIM";"Não guardar distância de segurança";"Colisão frontal";"Com Vítimas Feridas";"Pleno dia";"Crescente";"Nevoeiro/neblina";"Simples";"Curva";"Urbano";4;0;1;0;2;1;1;4
83510542;"25/10/16";"Terça";"08:50:00";"SC";470;"58,7";"BLUMENAU";"Falta de atenção";"Colisão traseira";"Sem Vítimas";"Pleno dia";"Crescente";"Chuva";"Simples";"Curva";"Urbano";3;0;0;0;3;0;0;3
83510543;"21/10/16";"Sexta";"16:15:00";"SC";101;"129";"BALNEARIO CAMBORIU";"Não guardar distância de segurança";"Colisão lateral";"Com Vítimas Feridas";"Pleno dia";"Crescente";"Ceu Claro";"Dupla";"Reta";"Rural";2;0;1;0;1;0;1;2
83510544;"25/10/16";"Terça";"12:40:00";"BA";116;"438,9";"FEIRA DE SANTANA";"Falta de atenção";"Colisão com objeto fixo";"Sem Vítimas";"Pleno dia";"Crescente";"Ceu Claro";"Dupla";"Curva";"Rural";1;0;0;0;1;0;0;1
83510545;"24/10/16";"Segunda";"07:10:00";"PR";116;"116";"CURITIBA";"Não guardar distância de segurança";"Colisão lateral";"Com Vítimas Feridas";"Pleno dia";"Decrescente";"Ceu Claro";"Dupla";"Reta";"Urbano";2;0;1;0;1;0;1;2
83510546;"21/10/16";"Sexta";"17:40:00";"MG";40;"509";"RIBEIRAO DAS NEVES";"Outras";"Colisão traseira";"Com Vítimas Feridas";"Pleno dia";"Decrescente";"Ceu Claro";"Dupla";"Reta";"Urbano";26;0;22;2;2;0;24;2
83510547;"25/10/16";"Terça";"10:50:00";"PI";343;"345,2";"TERESINA";"Outras";"Colisão traseira";"Com Vítimas Feridas";"Pleno dia";"Crescente";"Ceu Claro";"Simples";"Reta";"Urbano";3;0;1;0;1;1;1;3
83510548;"22/10/16";"Sábado";"06:30:00";"CE";222;"116,1";"ITAPAGE";"Velocidade incompatível";"Saída de Pista";"Com Vítimas Feridas";"Amanhecer";"Crescente";"Nublado";"Simples";"Reta";"Urbano";1;0;1;0;0;0;1;1
83510549;"22/10/16";"Sábado";"04:30:00";"SC";101;"134";"BALNEARIO CAMBORIU";"Falta de atenção";"Saída de Pista";"Com Vítimas Feridas";"Plena noite";"Crescente";"Ceu Claro";"Dupla";"Reta";"Urbano";1;0;1;0;0;0;1;1
83510550;"25/10/16";"Terça";"12:15:00";"CE";222;"31,6";"CAUCAIA";"Outras";"Saída de Pista";"Sem Vítimas";"Pleno dia";"Crescente";"Ceu Claro";"Simples";"Reta";"Urbano";3;0;0;0;2;1;0;3
83510551;"25/10/16";"Terça";"13:25:00";"PR";376;"664,8";"GUARATUBA";"Velocidade incompatível";"Saída de Pista";"Sem Vítimas";"Pleno dia";"Decrescente";"Chuva";"Dupla";"Curva";"Rural";1;0;0;0;1;0;0;1
83510552;"11/06/16";"Sábado";"09:30:00";"RJ";40;"19";"TRES RIOS";"Não guardar distância de segurança";"Queda de motocicleta / bicicleta / veículo";"Com Vítimas Feridas";"Pleno dia";"Decrescente";"Ceu Claro";"Dupla";"Reta";"Urbano";2;0;0;1;1;0;1;2
83510553;"25/10/16";"Terça";"13:10:00";"MG";381;"654";"SANTO ANTONIO DO AMPARO";"Velocidade incompatível";"Capotamento";"Sem Vítimas";"Pleno dia";"Decrescente";"Chuva";"Dupla";"Curva";"Rural";2;0;0;0;2;0;0;1