"id";"data_inversa";"dia_semana";"horario";"uf";"br";"km";"municipio";"causa_acidente";"tipo_acidente";"classificacao_acidente";"fase_dia";"sentido_via";"condicao_metereologica";"tipo_pista";"tracado_via";"uso_solo";"pessoas";"mortos";"feridos_leves";"feridos_graves";"ilesos";"ignorados";"feridos";"veiculos"
83510782;"26/10/16";"Quarta";"11:00:00";"GO";153;"503";"GOIANIA";"Falta de atenção";"Colisão lateral";"Com Vítimas Feridas";"Pleno dia";"Decrescente";"Sol";"Dupla";"Reta";"Urbano";2;0;1;0;0;1;1;2
83510783;"26/10/16";"Quarta";"09:20:00";"BA";324;"616";"SALVADOR";"Defeito mecânico em veículo";"Queda de motocicleta / bicicleta / veículo";"Com Vítimas Feridas";"Pleno dia";"Decrescente";"Ceu Claro";"Múltipla";"Reta";"Urbano";1;0;1;0;0;0;1;1
83510784;"26/10/16";"Quarta";"08:24:00";"BA";324;"620";"SALVADOR";"Não guardar distância de segurança";"Colisão traseira";"Sem Vítimas";"Pleno dia";"Decrescente";"Ceu Claro";"Simples";"Reta";"Urbano";2;0;0;0;1;1;0;2
83510785;"23/10/16";"Domingo";"18:00:00";"RO";364;"423";"JARU";"Falta de atenção";"Colisão traseira";"Com Vítimas Feridas";"Anoitecer";"Crescente";"Ceu Claro";"Simples";"Reta";"Urbano";3;0;3;0;0;0;3;2
83510786;"22/10/16";"Sábado";"22:30:00";"PE";423;"65";"LAJEDO";"Falta de atenção";"Colisão Transversal";"Com Vítimas Fatais";"Plena noite";"Crescente";"Ceu Claro";"Simples";"Reta";"Rural";4;2;2;0;0;0;2;2
83510787;"23/10/16";"Domingo";"05:20:00";"RS";290;"104";"ELDORADO DO SUL";"Outras";"Colisão com objeto fixo";"Sem Vítimas";"Plena noite";"Crescente";"Ignorada";"Dupla";"Reta";"Rural";3;0;0;0;3;0;0;1
83510788;"26/10/16";"Quarta";"12:15:00";"SC";101;"139,2";"BALNEARIO CAMBORIU";"Velocidade incompatível";"Saída de Pista";"Com Vítimas Feridas";"Pleno dia";"Crescente";"Chuva";"Dupla";"Curva";"Rural";1;0;1;0;0;0;1;1
83510789;"26/10/16";"Quarta";"07:00:00";"MG";365;"726";"MONTE ALEGRE DE MINAS";"Velocidade incompatível";"Capotamento";"Com Vítimas Feridas";"Pleno dia";"Decrescente";"Ceu Claro";"Simples";"Reta";"Rural";1;0;1;0;0;0;1;1
83510790;"23/10/16";"Domingo";"04:20:00";"MG";40;"512";"RIBEIRAO DAS NEVES";"Dormindo";"Saída de Pista";"Com Vítimas Feridas";"Plena noite";"Decrescente";"Ceu Claro";"Dupla";"Reta";"Urbano";2;0;0;1;1;0;1;1
83510791;"26/10/16";"Quarta";"08:47:00";"MS";163;"540";"BANDEIRANTES";"Falta de atenção";"Colisão frontal";"Com Vítimas Feridas";"Pleno dia";"Crescente";"Ceu Claro";"Simples";"Reta";"Rural";2;0;2;0;0;0;2;2
83510792;"26/10/16";"Quarta";"14:00:00";"SC";101;"90,3";"BARRA VELHA";"Falta de atenção";"Colisão frontal";"Com Vítimas Feridas";"Pleno dia";"Decrescente";"Nublado";"Simples";"Reta";"Rural";2;0;1;0;1;0;1;2
83510793;"26/10/16";"Quarta";"14:15:00";"SC";101;"191";"BIGUACU";"Defeito mecânico em veículo";"Colisão com objeto fixo";"Com Vítimas Feridas";"Pleno dia";"Decrescente";"Chuva";"Dupla";"Curva";"Urbano";2;0;1;0;1;0;1;1
83510794;"26/10/16";"Quarta";"10:30:00";"MT";364;"269,9";"JACIARA";"Falta de atenção";"Colisão traseira";"Sem Vítimas";"Pleno dia";"Crescente";"Ceu Claro";"Dupla";"Reta";"Rural";2;0;0;0;2;0;0;2
83510795;"26/10/16";"Quarta";"12:15:00";"MT";364;"50";"ALTO GARCAS";"Defeito mecânico em veículo";"Colisão lateral";"Sem Vítimas";"Pleno dia";"Decrescente";"Nublado";"Simples";"Reta";"Rural";2;0;0;0;2;0;0;2
83510796;"26/10/16";"Quarta";"06:15:00";"PB";230;"38,9";"SANTA RITA";"Falta de atenção";"Colisão lateral";"Com Vítimas Feridas";"Pleno dia";"Decrescente";"Sol";"Dupla";"Reta";"Urbano";2;0;0;1;1;0;1;2
83510797;"26/10/16";"Quarta";"11:08:00";"SC";101;"213,2";"SAO JOSE";"Não guardar distância de segurança";"Colisão traseira";"Sem Vítimas";"Pleno dia";"Decrescente";"Chuva";"Múltipla";"Reta";"Urbano";2;0;0;0;2;0;0;2
83510798;"26/10/16";"Quarta";"10:55:00";"MG";381;"454";"BELO HORIZONTE";"Defeito mecânico em veículo";"Colisão traseira";"Com Vítimas Feridas";"Pleno dia";"Decrescente";"Ceu Claro";"Simples";"Reta";"Rural";4;0;1;0;3;0;1;3
83510799;"26/10/16";"Quarta";"13:40:00";"SC";116;"5,5";"MAFRA";"Ingestão de álcool";"Colisão Transversal";"Sem Vítimas";"Pleno dia";"Decrescente";"Nublado";"Simples";"Reta";"Urbano";5;0;0;0;5;0;0;2
83510800;"18/10/16";"Terça";"10:20:00";"ES";101;"373";"ICONHA";"Falta de atenção";"Saída de Pista";"Sem Vítimas";"Pleno dia";"Decrescente";"Ceu Claro";"Simples";"Curva";"Rural";1;0;0;0;1;0;0;1
83510801;"22/10/16";"Sábado";"21:30:00";"PI";343;"336,4";"TERESINA";"Falta de atenção";"Atropelamento de pessoa";"Com Vítimas Fatais";"Plena noite";"Crescente";"Ceu Claro";"Simples";"Reta";"Urbano";2;1;0;0;0;1;0;1
83510802;"22/10/16";"Sábado";"20:00:00";"MT";70;"4";"BARRA DO GARCAS";"Outras";"Queda de motocicleta / bicicleta / veículo";"Com Vítimas Feridas";"Plena noite";"Decrescente";"Ceu Claro";"Dupla";"Reta";"Urbano";1;0;1;0;0;0;1;1
83510803;"22/10/16";"Sábado";"12:25:00";"GO";153;"346,7";"JARAGUA";"Falta de atenção";"Colisão frontal";"Com Vítimas Feridas";"Pleno dia";"Decrescente";"Ceu Claro";"Simples";"Reta";"Rural";2;0;1;0;1;0;1;2
83510805;"26/10/16";"Quarta";"11:20:00";"RS";392;"5,2";"RIO GRANDE";"Falta de atenção";"Colisão Transversal";"Sem Vítimas";"Pleno dia";"Decrescente";"Nublado";"Simples";"Reta";"Urbano";2;0;0;0;2;0;0;2
83510806;"26/10/16";"Quarta";"14:20:00";"SC";282;"184";"BOCAINA DO SUL";"Outras";"Capotamento";"Sem Vítimas";"Pleno dia";"Crescente";"Chuva";"Simples";"Reta";"Urbano";1;0;0;0;1;0;0;1
83510807;"26/10/16";"Quarta";"12:00:00";"PR";116;"30";"CAMPINA GRANDE DO SUL";"Falta de atenção";"Tombamento";"Sem Vítimas";"Pleno dia";"Decrescente";"Nublado";"Dupla";"Reta";"Rural";1;0;0;0;1;0;0;1
83510808;"26/10/16";"Quarta";"13:05:00";"RJ";101;"68";"CAMPOS DOS GOYTACAZES";"Ingestão de álcool";"Colisão traseira";"Sem Vítimas";"Pleno dia";"Decrescente";"Ceu Claro";"Simples";"Reta";"Urbano";2;0;0;0;2;0;0;2
83510809;"26/10/16";"Quarta";"13:00:00";"PR";277;"3";"PARANAGUA";"Falta de atenção";"Colisão Transversal";"Com Vítimas Feridas";"Pleno dia";"Crescente";"Ceu Claro";"Dupla";"Cruzamento";"Urbano";2;0;2;0;0;0;2;2
83510810;"26/10/16";"Quarta";"12:00:00";"SC";101;"180";"BIGUACU";"Outras";"Colisão lateral";"Com Vítimas Feridas";"Pleno dia";"Decrescente";"Chuva";"Dupla";"Reta";"Urbano";2;0;1;0;1;0;1;2
83510811;"26/10/16";"Quarta";"13:15:00";"SC";470;"127,1";"IBIRAMA";"Falta de atenção";"Colisão traseira";"Sem Vítimas";"Pleno dia";"Decrescente";"Nublado";"Simples";"Reta";"Urbano";2;0;0;0;1;1;0;2
83510812;"26/10/16";"Quarta";"15:30:00";"MG";381;"477,8";"CONTAGEM";"Falta de atenção";"Colisão com objeto fixo";"Com Vítimas Feridas";"Pleno dia";"Crescente";"Ceu Claro";"Dupla";"Reta";"Urbano";1;0;1;0;0;0;1;1
83510813;"26/10/16";"Quarta";"10:00:00";"PR";369;"487,9";"CORBELIA";"Outras";"Saída de Pista";"Sem Vítimas";"Pleno dia";"Decrescente";"Chuva";"Simples";"Curva";"Rural";1;0;0;0;1;0;0;1
83510814;"24/10/16";"Segunda";"20:20:00";"PR";277;"12";"PARANAGUA";"Defeito mecânico em veículo";"Colisão com objeto fixo";"Sem Vítimas";"Plena noite";"Decrescente";"Chuva";"Dupla";"Reta";"Rural";1;0;0;0;1;0;0;1
83510815;"23/10/16";"Domingo";"03:10:00";"MG";40;"0,1";"PARACATU";"Velocidade incompatível";"Saída de Pista";"Ignorado";"Plena noite";"Decrescente";"Ceu Claro";"Simples";"Curva";"Rural";1;0;0;0;0;1;0;1
83510816;"26/10/16";"Quarta";"14:00:00";"SP";116;"210";"GUARULHOS";"Falta de atenção";"Colisão com bicicleta";"Com Vítimas Feridas";"Pleno dia";"Crescente";"Sol";"Dupla";"Reta";"Urbano";2;0;1;0;1;0;1;2
83510817;"24/10/16";"Segunda";"07:30:00";"RJ";40;"43";"AREAL";"Outras";"Colisão com objeto fixo";"Com Vítimas Feridas";"Amanhecer";"Decrescente";"Ceu Claro";"Dupla";"Reta";"Rural";1;0;1;0;0;0;1;1
83510818;"26/10/16";"Quarta";"06:30:00";"RN";427;"62,1";"JARDIM DO SERIDO";"Outras";"Queda de motocicleta / bicicleta / veículo";"Com Vítimas Feridas";"Pleno dia";"Crescente";"Ceu Claro";"Simples";"Curva";"Rural";1;0;0;1;0;0;1;1
83510819;"26/10/16";"Quarta";"15:30:00";"SC";116;"173,2";"SAO CRISTOVAO DO SUL";"Falta de atenção";"Tombamento";"Com Vítimas Feridas";"Pleno dia";"Decrescente";"Chuva";"Simples";"Reta";"Rural";1;0;1;0;0;0;1;1
83510820;"23/10/16";"Domingo";"23:00:00";"PE";101;"81,8";"JABOATAO DOS GUARARAPES";"Falta de atenção";"Colisão lateral";"Sem Vítimas";"Plena noite";"Decrescente";"Ceu Claro";"Dupla";"Reta";"Urbano";2;0;0;0;2;0;0;2
83510821;"17/10/16";"Segunda";"20:10:00";"PI";407;"486";"JAICOS";"Ultrapassagem indevida";"Colisão frontal";"Com Vítimas Fatais";"Plena noite";"Crescente";"Ceu Claro";"Simples";"Reta";"Rural";2;1;0;0;0;1;0;2
83510822;"26/10/16";"Quarta";"11:00:00";"GO";50;"98";"CRISTALINA";"Outras";"Colisão lateral";"Com Vítimas Feridas";"Pleno dia";"Crescente";"Ceu Claro";"Simples";"Reta";"Urbano";3;0;1;0;2;0;1;2
83510823;"26/10/16";"Quarta";"10:00:00";"SC";101;"142";"BALNEARIO CAMBORIU";"Falta de atenção";"Saída de Pista";"Sem Vítimas";"Pleno dia";"Crescente";"Nublado";"Múltipla";"Curva";"Urbano";1;0;0;0;1;0;0;1
83510824;"26/10/16";"Quarta";"15:15:00";"PR";116;"113";"CURITIBA";"Falta de atenção";"Colisão traseira";"Com Vítimas Feridas";"Pleno dia";"Crescente";"Nublado";"Dupla";"Reta";"Urbano";3;0;1;0;1;1;1;3
83510825;"26/10/16";"Quarta";"14:00:00";"MG";262;"37,3";"MANHUACU";"Ultrapassagem indevida";"Colisão Transversal";"Com Vítimas Feridas";"Pleno dia";"Crescente";"Ceu Claro";"Simples";"Curva";"Urbano";3;0;2;0;1;0;2;2
83510826;"21/10/16";"Sexta";"18:30:00";"RJ";101;"62";"CAMPOS DOS GOYTACAZES";"Falta de atenção";"Atropelamento de pessoa";"Com Vítimas Feridas";"Anoitecer";"Decrescente";"Ceu Claro";"Simples";"Reta";"Urbano";2;0;1;0;1;0;1;1
83510827;"26/10/16";"Quarta";"16:30:00";"MG";262;"579,9";"CORREGO DANTA";"Velocidade incompatível";"Tombamento";"Com Vítimas Feridas";"Pleno dia";"Crescente";"Ceu Claro";"Dupla";"Curva";"Urbano";1;0;1;0;0;0;1;1
83510828;"26/10/16";"Quarta";"15:00:00";"RJ";40;"100";"DUQUE DE CAXIAS";"Outras";"Queda de motocicleta / bicicleta / veículo";"Com Vítimas Feridas";"Pleno dia";"Decrescente";"Ceu Claro";"Simples";"Curva";"Rural";1;0;0;1;0;0;1;1
83510829;"22/10/16";"Sábado";"22:00:00";"PR";476;"271";"SAO MATEUS DO SUL";"Falta de atenção";"Colisão frontal";"Sem Vítimas";"Plena noite";"Decrescente";"Ceu Claro";"Simples";"Reta";"Urbano";2;0;0;0;2;0;0;2
83510830;"22/10/16";"Sábado";"05:00:00";"RS";470;"155,3";"NOVA PRATA";"Não guardar distância de segurança";"Colisão traseira";"Ignorado";"Plena noite";"Decrescente";"Nublado";"Simples";"Reta";"Urbano";2;0;0;0;0;2;0;2
83510831;"30/09/16";"Sexta";"18:50:00";"SC";101;"202";"SAO JOSE";"Falta de atenção";"Colisão traseira";"Com Vítimas Feridas";"Plena noite";"Crescente";"Ceu Claro";"Dupla";"Reta";"Urbano";4;0;1;0;3;0;1;3
83510832;"23/10/16";"Domingo";"01:24:00";"MG";381;"487";"BETIM";"Velocidade incompatível";"Colisão lateral";"Com Vítimas Feridas";"Plena noite";"Crescente";"Ceu Claro";"Dupla";"Reta";"Urbano";4;0;0;4;0;0;4;2
83510833;"26/10/16";"Quarta";"14:10:00";"RS";290;"638";"ALEGRETE";"Falta de atenção";"Colisão traseira";"Sem Vítimas";"Pleno dia";"Crescente";"Chuva";"Simples";"Reta";"Rural";2;0;0;0;2;0;0;2
83510834;"26/10/16";"Quarta";"09:50:00";"RJ";101;"297";"ITABORAI";"Outras";"Atropelamento de pessoa";"Com Vítimas Feridas";"Pleno dia";"Crescente";"Ceu Claro";"Dupla";"Reta";"Rural";2;0;1;0;1;0;1;1
83510836;"26/10/16";"Quarta";"15:30:00";"PA";316;"51";"SANTA MARIA DO PARA";"Outras";"Colisão Transversal";"Com Vítimas Feridas";"Pleno dia";"Decrescente";"Sol";"Dupla";"Reta";"Rural";3;0;1;0;2;0;1;2
83510837;"26/10/16";"Quarta";"18:30:00";"SC";101;"141,5";"BALNEARIO CAMBORIU";"Animais na Pista";"Queda de motocicleta / bicicleta / veículo";"Com Vítimas Feridas";"Pleno dia";"Crescente";"Chuva";"Simples";"Curva";"Rural";1;0;1;0;0;0;1;1
83510838;"26/10/16";"Quarta";"05:30:00";"MG";267;"204,2";"BOM JARDIM DE MINAS";"Outras";"Colisão traseira";"Com Vítimas Feridas";"Amanhecer";"Decrescente";"Nevoeiro/neblina";"Simples";"Curva";"Rural";4;0;0;1;3;0;1;4
83510839;"26/10/16";"Quarta";"15:52:00";"SC";101;"216,2";"PALHOCA";"Não guardar distância de segurança";"Colisão traseira";"Com Vítimas Feridas";"Pleno dia";"Decrescente";"Chuva";"Múltipla";"Reta";"Urbano";7;0;2;0;5;0;2;4
83510840;"26/10/16";"Quarta";"15:30:00";"CE";20;"416,5";"MARACANAU";"Outras";"Colisão lateral";"Sem Vítimas";"Pleno dia";"Decrescente";"Ceu Claro";"Simples";"Reta";"Urbano";2;0;0;0;2;0;0;2
83510841;"26/10/16";"Quarta";"17:30:00";"RS";285;"324,5";"CARAZINHO";"Defeito mecânico em veículo";"Colisão traseira";"Sem Vítimas";"Pleno dia";"Crescente";"Chuva";"Simples";"Reta";"Rural";5;0;0;0;4;1;0;2
83510842;"26/10/16";"Quarta";"18:00:00";"PA";163;"998";"SANTAREM";"Falta de atenção";"Colisão Transversal";"Com Vítimas Feridas";"Anoitecer";"Crescente";"Nublado";"Simples";"Reta";"Urbano";3;0;1;1;1;0;2;2
83510843;"26/10/16";"Quarta";"13:44:00";"DF";80;"19";"BRASILIA";"Falta de atenção";"Colisão lateral";"Com Vítimas Feridas";"Pleno dia";"Crescente";"Sol";"Dupla";"Reta";"Urbano";4;0;3;0;1;0;3;2
83510844;"26/10/16";"Quarta";"18:45:00";"PR";376;"246,9";"APUCARANA";"Defeito mecânico em veículo";"Saída de Pista";"Sem Vítimas";"Pleno dia";"Crescente";"Chuva";"Simples";"Reta";"Urbano";7;0;0;0;7;0;0;1
83510845;"26/10/16";"Quarta";"07:30:00";"ES";262;"57,5";"MARECHAL FLORIANO";"Velocidade incompatível";"Colisão com objeto fixo";"Com Vítimas Feridas";"Pleno dia";"Decrescente";"Chuva";"Simples";"Curva";"Rural";2;0;1;1;0;0;2;1
83510846;"26/10/16";"Quarta";"07:10:00";"RS";116;"2";"PORTO ALEGRE";"Falta de atenção";"Colisão lateral";"Com Vítimas Feridas";"Pleno dia";"Decrescente";"Ceu Claro";"Dupla";"Reta";"Urbano";2;0;1;0;1;0;1;2
83510847;"26/10/16";"Quarta";"15:30:00";"RJ";393;"258,7";"BARRA DO PIRAI";"Outras";"Colisão traseira";"Sem Vítimas";"Pleno dia";"Crescente";"Ceu Claro";"Simples";"Reta";"Rural";3;0;0;0;3;0;0;3
83510848;"26/10/16";"Quarta";"17:30:00";"PR";277;"33";"MORRETES";"Velocidade incompatível";"Capotamento";"Sem Vítimas";"Pleno dia";"Decrescente";"Nublado";"Dupla";"Curva";"Urbano";1;0;0;0;1;0;0;1
83510849;"26/10/16";"Quarta";"11:20:00";"BA";242;"412";"SEABRA";"Defeito mecânico em veículo";"Capotamento";"Com Vítimas Feridas";"Pleno dia";"Crescente";"Ceu Claro";"Simples";"Reta";"Rural";1;0;1;0;0;0;1;1
83510850;"26/10/16";"Quarta";"12:50:00";"RS";116;"242";"SAO LEOPOLDO";"Falta de atenção";"Colisão Transversal";"Sem Vítimas";"Pleno dia";"Decrescente";"Nublado";"Simples";"Cruzamento";"Urbano";2;0;0;0;2;0;0;2
83510851;"26/10/16";"Quarta";"13:50:00";"PR";369;"459,4";"UBIRATA";"Outras";"Saída de Pista";"Sem Vítimas";"Pleno dia";"Crescente";"Chuva";"Simples";"Curva";"Rural";1;0;0;0;1;0;0;1
83510852;"26/10/16";"Quarta";"16:00:00";"BA";101;"938";"MUCURI";"Falta de atenção";"Colisão traseira";"Com Vítimas Feridas";"Pleno dia";"Crescente";"Sol";"Simples";"Reta";"Urbano";2;0;1;0;1;0;1;2
83510853;"26/10/16";"Quarta";"17:30:00";"MS";163;"396";"NOVA ALVORADA DO SUL";"Falta de atenção";"Saída de Pista";"Sem Vítimas";"Pleno dia";"Crescente";"Chuva";"Simples";"Curva";"Rural";1;0;0;0;1;0;0;1
83510854;"20/09/16";"Terça";"17:20:00";"BA";415;"22";"ILHEUS";"Outras";"Queda de motocicleta / bicicleta / veículo";"Com Vítimas Feridas";"Anoitecer";"Crescente";"Ignorada";"Simples";"Reta";"Rural";1;0;1;0;0;0;1;1
83510855;"26/10/16";"Quarta";"17:30:00";"RS";386;"195";"SANTO ANTONIO DO PLANALTO";"Velocidade incompatível";"Saída de Pista";"Com Vítimas Feridas";"Pleno dia";"Crescente";"Chuva";"Simples";"Curva";"Rural";2;0;2;0;0;0;2;1
83510856;"26/10/16";"Quarta";"11:59:00";"SC";101;"180";"BIGUACU";"Outras";"Saída de Pista";"Com Vítimas Feridas";"Pleno dia";"Decrescente";"Chuva";"Múltipla";"Reta";"Urbano";2;0;2;0;0;0;2;1
83510857;"26/10/16";"Quarta";"17:00:00";"RS";116;"264";"CANOAS";"Não guardar distância de segurança";"Atropelamento de pessoa";"Com Vítimas Feridas";"Pleno dia";"Crescente";"Nublado";"Dupla";"Reta";"Urbano";7;0;0;4;1;2;4;4
83510858;"18/10/16";"Terça";"12:40:00";"PR";277;"51";"MORRETES";"Outras";"Colisão com objeto fixo";"Com Vítimas Feridas";"Pleno dia";"Decrescente";"Nublado";"Dupla";"Curva";"Rural";1;0;1;0;0;0;1;1
83510859;"26/10/16";"Quarta";"19:30:00";"SC";470;"53,5";"BLUMENAU";"Falta de atenção";"Colisão Transversal";"Com Vítimas Feridas";"Plena noite";"Crescente";"Chuva";"Simples";"Reta";"Urbano";2;0;1;0;1;0;1;2
83510860;"26/10/16";"Quarta";"18:30:00";"SC";282;"511,8";"XANXERE";"Não guardar distância de segurança";"Colisão traseira";"Sem Vítimas";"Pleno dia";"Decrescente";"Chuva";"Simples";"Reta";"Rural";2;0;0;0;2;0;0;2
83510861;"26/10/16";"Quarta";"18:20:00";"MG";40;"608";"CONGONHAS";"Desobediência à sinalização";"Colisão Transversal";"Sem Vítimas";"Pleno dia";"Crescente";"Ceu Claro";"Simples";"Reta";"Urbano";8;0;0;0;8;0;0;2
83510862;"26/10/16";"Quarta";"07:20:00";"PR";476;"142";"CURITIBA";"Outras";"Capotamento";"Ignorado";"Pleno dia";"Crescente";"Sol";"Dupla";"Reta";"Urbano";1;0;0;0;0;1;0;1
83510863;"26/10/16";"Quarta";"14:30:00";"SC";280;"23,5";"ARAQUARI";"Falta de atenção";"Atropelamento de pessoa";"Com Vítimas Feridas";"Pleno dia";"Crescente";"Chuva";"Simples";"Reta";"Urbano";2;0;0;1;1;0;1;1
83510864;"26/10/16";"Quarta";"18:30:00";"CE";116;"62,1";"CHOROZINHO";"Não guardar distância de segurança";"Colisão traseira";"Sem Vítimas";"Plena noite";"Crescente";"Ceu Claro";"Simples";"Reta";"Rural";3;0;0;0;3;0;0;3
83510865;"26/10/16";"Quarta";"17:05:00";"BA";101;"508";"ITABUNA";"Falta de atenção";"Colisão Transversal";"Com Vítimas Feridas";"Pleno dia";"Decrescente";"Sol";"Simples";"Reta";"Urbano";3;0;2;0;1;0;2;2
83510866;"26/10/16";"Quarta";"18:10:00";"MA";230;"305";"SAO RAIMUNDO DAS MANGABEIRAS";"Falta de atenção";"Colisão com bicicleta";"Com Vítimas Feridas";"Anoitecer";"Crescente";"Ceu Claro";"Simples";"Curva";"Rural";2;0;2;0;0;0;2;2
83510867;"26/10/16";"Quarta";"20:35:00";"PR";116;"142";"MANDIRITUBA";"Outras";"Colisão traseira";"Com Vítimas Feridas";"Plena noite";"Decrescente";"Chuva";"Dupla";"Reta";"Urbano";2;0;1;0;0;1;1;2
83510868;"26/10/16";"Quarta";"18:20:00";"SP";153;"256";"MARILIA";"Outras";"Colisão traseira";"Sem Vítimas";"Anoitecer";"Decrescente";"Ceu Claro";"Dupla";"Reta";"Urbano";2;0;0;0;2;0;0;2
83510869;"26/10/16";"Quarta";"18:30:00";"MG";153;"10";"ARAPORA";"Falta de atenção";"Saída de Pista";"Sem Vítimas";"Pleno dia";"Crescente";"Ceu Claro";"Dupla";"Reta";"Rural";1;0;0;0;1;0;0;1
83510870;"26/10/16";"Quarta";"15:40:00";"RO";364;"11";"VILHENA";"Ingestão de álcool";"Colisão com objeto fixo";"Sem Vítimas";"Pleno dia";"Crescente";"Ceu Claro";"Dupla";"Cruzamento";"Urbano";1;0;0;0;1;0;0;1
83510871;"22/10/16";"Sábado";"17:20:00";"MG";267;"114,5";"JUIZ DE FORA";"Outras";"Saída de Pista";"Sem Vítimas";"Pleno dia";"Decrescente";"Ignorada";"Simples";"Curva";"Rural";1;0;0;0;1;0;0;1
83510872;"26/10/16";"Quarta";"19:40:00";"MT";364;"385";"SANTO ANTONIO DO LEVERGER";"Velocidade incompatível";"Colisão traseira";"Sem Vítimas";"Plena noite";"Decrescente";"Chuva";"Simples";"Reta";"Rural";3;0;0;0;3;0;0;3
83510873;"26/10/16";"Quarta";"12:20:00";"AL";101;"111,9";"PILAR";"Desobediência à sinalização";"Colisão lateral";"Com Vítimas Feridas";"Pleno dia";"Crescente";"Ceu Claro";"Simples";"Reta";"Rural";3;0;1;0;2;0;1;2
83510874;"22/10/16";"Sábado";"14:00:00";"MG";116;"130,6";"ITAOBIM";"Ingestão de álcool";"Colisão lateral";"Com Vítimas Feridas";"Pleno dia";"Decrescente";"Ceu Claro";"Simples";"Reta";"Rural";2;0;1;0;1;0;1;2
83510875;"26/10/16";"Quarta";"18:40:00";"PE";232;"4,5";"RECIFE";"Não guardar distância de segurança";"Colisão traseira";"Sem Vítimas";"Plena noite";"Crescente";"Ceu Claro";"Múltipla";"Reta";"Urbano";5;0;0;0;4;1;0;5
83510876;"26/10/16";"Quarta";"20:10:00";"ES";101;"94";"JAGUARE";"Falta de atenção";"Atropelamento de pessoa";"Com Vítimas Feridas";"Plena noite";"Decrescente";"Ceu Claro";"Simples";"Cruzamento";"Urbano";2;0;1;0;1;0;1;1
83510877;"26/10/16";"Quarta";"17:30:00";"PB";230;"22,9";"JOAO PESSOA";"Não guardar distância de segurança";"Colisão com objeto fixo";"Com Vítimas Feridas";"Anoitecer";"Crescente";"Ceu Claro";"Dupla";"Reta";"Urbano";1;0;1;0;0;0;1;1
83510878;"22/10/16";"Sábado";"20:00:00";"ES";262;"5,5";"CARIACICA";"Desobediência à sinalização";"Colisão Transversal";"Com Vítimas Feridas";"Plena noite";"Decrescente";"Nublado";"Dupla";"Reta";"Urbano";2;0;1;0;1;0;1;2
83510879;"26/10/16";"Quarta";"18:00:00";"SC";101;"192,5";"BIGUACU";"Outras";"Saída de Pista";"Com Vítimas Feridas";"Pleno dia";"Crescente";"Chuva";"Múltipla";"Curva";"Urbano";1;0;1;0;0;0;1;1
83510880;"26/10/16";"Quarta";"17:00:00";"GO";50;"255,9";"CATALAO";"Outras";"Saída de Pista";"Com Vítimas Feridas";"Pleno dia";"Decrescente";"Sol";"Simples";"Reta";"Rural";1;0;0;1;0;0;1;1
83510881;"26/10/16";"Quarta";"14:00:00";"BA";101;"257";"SANTO ANTONIO DE JESUS";"Velocidade incompatível";"Saída de Pista";"Com Vítimas Feridas";"Pleno dia";"Decrescente";"Sol";"Simples";"Curva";"Rural";1;0;1;0;0;0;1;1
83510882;"26/10/16";"Quarta";"14:30:00";"SC";280;"163,1";"MAFRA";"Defeito mecânico em veículo";"Colisão traseira";"Sem Vítimas";"Pleno dia";"Decrescente";"Nublado";"Simples";"Reta";"Rural";2;0;0;0;2;0;0;2
83510883;"22/10/16";"Sábado";"20:00:00";"TO";153;"331";"GUARAI";"Ingestão de álcool";"Colisão traseira";"Sem Vítimas";"Plena noite";"Decrescente";"Ceu Claro";"Dupla";"Reta";"Urbano";4;0;0;0;4;0;0;4
83510884;"26/10/16";"Quarta";"19:15:00";"MG";116;"703";"MURIAE";"Ingestão de álcool";"Queda de motocicleta / bicicleta / veículo";"Com Vítimas Feridas";"Anoitecer";"Crescente";"Ceu Claro";"Simples";"Reta";"Urbano";1;0;1;0;0;0;1;1
83510885;"26/10/16";"Quarta";"17:20:00";"ES";101;"298,9";"VIANA";"Não guardar distância de segurança";"Colisão traseira";"Com Vítimas Feridas";"Pleno dia";"Decrescente";"Sol";"Dupla";"Reta";"Urbano";2;0;0;1;1;0;1;2
83510886;"22/10/16";"Sábado";"11:50:00";"PB";230;"25";"JOAO PESSOA";"Não guardar distância de segurança";"Colisão traseira";"Sem Vítimas";"Pleno dia";"Crescente";"Sol";"Múltipla";"Curva";"Urbano";2;0;0;0;2;0;0;2
83510887;"26/10/16";"Quarta";"18:50:00";"PI";316;"243,4";"INHUMA";"Falta de atenção";"Capotamento";"Sem Vítimas";"Plena noite";"Crescente";"Ceu Claro";"Simples";"Reta";"Rural";2;0;0;0;2;0;0;1
83510888;"26/10/16";"Quarta";"07:30:00";"BA";324;"618";"SALVADOR";"Não guardar distância de segurança";"Colisão traseira";"Com Vítimas Feridas";"Pleno dia";"Crescente";"Sol";"Múltipla";"Reta";"Urbano";3;0;2;0;1;0;2;2
83510889;"26/10/16";"Quarta";"08:00:00";"RR";174;"562";"BOA VISTA";"Defeito mecânico em veículo";"Saída de Pista";"Com Vítimas Feridas";"Amanhecer";"Decrescente";"Ceu Claro";"Simples";"Reta";"Rural";1;0;0;1;0;0;1;1