"id";"data_inversa";"dia_semana";"horario";"uf";"br";"km";"municipio";"causa_acidente";"tipo_acidente";"classificacao_acidente";"fase_dia";"sentido_via";"condicao_metereologica";"tipo_pista";"tracado_via";"uso_solo";"pessoas";"mortos";"feridos_leves";"feridos_graves";"ilesos";"ignorados";"feridos";"veiculos"
83510890;"26/10/16";"Quarta";"20:20:00";"PE";408;"89,3";"SAO LOURENCO DA MATA";"Outras";"Colisão Transversal";"Com Vítimas Feridas";"Plena noite";"Crescente";"Ceu Claro";"Dupla";"Reta";"Rural";6;0;4;2;0;0;6;2
83510891;"26/10/16";"Quarta";"08:50:00";"RN";226;"13,8";"MACAIBA";"Outras";"Colisão traseira";"Com Vítimas Feridas";"Pleno dia";"Crescente";"Ceu Claro";"Simples";"Reta";"Urbano";3;0;0;2;1;0;2;2
83510892;"26/10/16";"Quarta";"22:00:00";"CE";222;"1,5";"SOBRAL";"Ingestão de álcool";"Colisão com bicicleta";"Com Vítimas Feridas";"Plena noite";"Crescente";"Ceu Claro";"Dupla";"Reta";"Urbano";3;0;1;0;2;0;1;2
83510893;"26/10/16";"Quarta";"19:00:00";"PR";376;"543";"PALMEIRA";"Velocidade incompatível";"Capotamento";"Sem Vítimas";"Anoitecer";"Crescente";"Chuva";"Dupla";"Reta";"Rural";2;0;0;0;2;0;0;1
83510894;"26/10/16";"Quarta";"16:15:00";"RS";392;"220,6";"CACAPAVA DO SUL";"Velocidade incompatível";"Colisão frontal";"Com Vítimas Fatais";"Pleno dia";"Crescente";"Chuva";"Simples";"Curva";"Rural";2;1;0;1;0;0;1;2
83510895;"26/10/16";"Quarta";"15:20:00";"PR";376;"176,3";"MARINGA";"Não guardar distância de segurança";"Colisão traseira";"Com Vítimas Feridas";"Pleno dia";"Crescente";"Chuva";"Dupla";"Cruzamento";"Urbano";2;0;1;0;1;0;1;2
83510896;"26/10/16";"Quarta";"21:55:00";"SC";101;"237,8";"PALHOCA";"Outras";"Saída de Pista";"Sem Vítimas";"Plena noite";"Decrescente";"Chuva";"Simples";"Curva";"Rural";1;0;0;0;1;0;0;1
83510897;"26/10/16";"Quarta";"20:00:00";"MT";174;"573";"COMODORO";"Outras";"Colisão com objeto fixo";"Sem Vítimas";"Plena noite";"Decrescente";"Chuva";"Simples";"Reta";"Rural";1;0;0;0;1;0;0;1
83510898;"26/10/16";"Quarta";"20:40:00";"SC";280;"80";"CORUPA";"Falta de atenção";"Colisão Transversal";"Com Vítimas Feridas";"Plena noite";"Decrescente";"Nublado";"Simples";"Reta";"Rural";3;0;1;0;2;0;1;2
83510899;"26/10/16";"Quarta";"08:25:00";"CE";116;"4";"FORTALEZA";"Ultrapassagem indevida";"Colisão lateral";"Sem Vítimas";"Pleno dia";"Decrescente";"Ceu Claro";"Dupla";"Reta";"Urbano";2;0;0;0;2;0;0;2
83510900;"21/10/16";"Sexta";"16:00:00";"PB";101;"59,3";"SANTA RITA";"Defeito mecânico em veículo";"Colisão Transversal";"Sem Vítimas";"Pleno dia";"Crescente";"Ceu Claro";"Dupla";"Reta";"Rural";3;0;0;0;3;0;0;3
83510901;"26/10/16";"Quarta";"23:30:00";"RJ";116;"178";"NOVA IGUACU";"Falta de atenção";"Colisão traseira";"Sem Vítimas";"Plena noite";"Crescente";"Nublado";"Dupla";"Reta";"Urbano";2;0;0;0;2;0;0;2
83510902;"27/10/16";"Quinta";"00:05:00";"PR";376;"189";"MARIALVA";"Falta de atenção";"Colisão traseira";"Com Vítimas Feridas";"Plena noite";"Crescente";"Chuva";"Dupla";"Reta";"Rural";2;0;1;0;0;1;1;2
83510903;"26/10/16";"Quarta";"21:30:00";"PR";153;"518,8";"GENERAL CARNEIRO";"Velocidade incompatível";"Tombamento";"Com Vítimas Feridas";"Plena noite";"Decrescente";"Chuva";"Simples";"Curva";"Rural";1;0;1;0;0;0;1;1
83510904;"26/10/16";"Quarta";"22:00:00";"MG";262;"160";"SAO DOMINGOS DO PRATA";"Velocidade incompatível";"Saída de Pista";"Sem Vítimas";"Plena noite";"Decrescente";"Ceu Claro";"Múltipla";"Curva";"Rural";1;0;0;0;1;0;0;1
83510905;"27/10/16";"Quinta";"00:15:00";"PR";116;"71";"QUATRO BARRAS";"Velocidade incompatível";"Colisão lateral";"Com Vítimas Feridas";"Plena noite";"Crescente";"Chuva";"Dupla";"Curva";"Rural";2;0;1;0;1;0;1;2
83510906;"26/10/16";"Quarta";"22:00:00";"MT";364;"475,3";"JANGADA";"Ultrapassagem indevida";"Saída de Pista";"Sem Vítimas";"Plena noite";"Decrescente";"Chuva";"Simples";"Reta";"Rural";1;0;0;0;1;0;0;1
83510907;"26/10/16";"Quarta";"18:45:00";"RS";116;"243,6";"SAO LEOPOLDO";"Falta de atenção";"Colisão lateral";"Com Vítimas Feridas";"Pleno dia";"Crescente";"Nublado";"Múltipla";"Reta";"Urbano";3;0;1;0;2;0;1;2
83510908;"26/10/16";"Quarta";"19:00:00";"RR";401;"62";"BONFIM";"Outras";"Colisão com bicicleta";"Com Vítimas Fatais";"Plena noite";"Crescente";"Ceu Claro";"Simples";"Reta";"Rural";3;1;1;0;1;0;1;2
83510909;"26/10/16";"Quarta";"22:40:00";"SC";101;"202";"SAO JOSE";"Defeito mecânico em veículo";"Queda de motocicleta / bicicleta / veículo";"Com Vítimas Feridas";"Plena noite";"Crescente";"Chuva";"Dupla";"Reta";"Urbano";1;0;1;0;0;0;1;1
83510910;"26/10/16";"Quarta";"11:10:00";"MG";365;"214";"BURITIZEIRO";"Falta de atenção";"Colisão traseira";"Com Vítimas Feridas";"Pleno dia";"Decrescente";"Ceu Claro";"Simples";"Curva";"Rural";2;0;0;1;1;0;1;2
83510911;"26/10/16";"Quarta";"19:45:00";"MA";402;"57";"HUMBERTO DE CAMPOS";"Outras";"Atropelamento de animal";"Com Vítimas Feridas";"Plena noite";"Crescente";"Ceu Claro";"Simples";"Reta";"Rural";2;0;0;1;0;1;1;1
83510912;"27/10/16";"Quinta";"01:40:00";"SP";116;"191,4";"SANTA ISABEL";"Dormindo";"Colisão traseira";"Com Vítimas Feridas";"Plena noite";"Crescente";"Nublado";"Dupla";"Reta";"Rural";2;0;1;0;1;0;1;2
83510913;"27/10/16";"Quinta";"01:20:00";"MG";381;"542";"ITATIAIUCU";"Dormindo";"Colisão traseira";"Sem Vítimas";"Plena noite";"Decrescente";"Ceu Claro";"Dupla";"Curva";"Urbano";3;0;0;0;3;0;0;3
83510914;"27/10/16";"Quinta";"00:45:00";"SC";101;"0,4";"GARUVA";"Outras";"Tombamento";"Sem Vítimas";"Plena noite";"Crescente";"Nublado";"Dupla";"Reta";"Rural";1;0;0;0;1;0;0;1
83510915;"27/10/16";"Quinta";"03:00:00";"SC";282;"0,2";"FLORIANOPOLIS";"Dormindo";"Saída de Pista";"Sem Vítimas";"Plena noite";"Crescente";"Nublado";"Dupla";"Reta";"Urbano";1;0;0;0;1;0;0;1
83510916;"27/10/16";"Quinta";"03:10:00";"RJ";101;"180";"RIO DAS OSTRAS";"Outras";"Capotamento";"Com Vítimas Feridas";"Plena noite";"Crescente";"Nublado";"Simples";"Curva";"Rural";2;0;2;0;0;0;2;1
83510917;"27/10/16";"Quinta";"01:30:00";"MS";163;"307";"DOURADINA";"Outras";"Atropelamento de animal";"Com Vítimas Feridas";"Plena noite";"Crescente";"Chuva";"Simples";"Reta";"Rural";1;0;1;0;0;0;1;1
83510918;"26/10/16";"Quarta";"21:30:00";"SP";116;"271";"TABOAO DA SERRA";"Não guardar distância de segurança";"Colisão traseira";"Com Vítimas Feridas";"Plena noite";"Crescente";"Nublado";"Dupla";"Reta";"Urbano";3;0;0;1;2;0;1;2
83510919;"23/10/16";"Domingo";"18:45:00";"BA";324;"524";"FEIRA DE SANTANA";"Outras";"Colisão com objeto fixo";"Sem Vítimas";"Plena noite";"Decrescente";"Nublado";"Dupla";"Reta";"Urbano";1;0;0;0;1;0;0;1
83510920;"26/10/16";"Quarta";"14:00:00";"BA";324;"453";"RIACHAO DO JACUIPE";"Outras";"Saída de Pista";"Com Vítimas Feridas";"Pleno dia";"Decrescente";"Ceu Claro";"Simples";"Reta";"Rural";1;0;1;0;0;0;1;1
83510921;"27/10/16";"Quinta";"04:40:00";"MG";153;"51,5";"MONTE ALEGRE DE MINAS";"Outras";"Colisão com objeto fixo";"Sem Vítimas";"Plena noite";"Decrescente";"Chuva";"Dupla";"Curva";"Rural";1;0;0;0;1;0;0;1
83510922;"27/10/16";"Quinta";"01:45:00";"SP";116;"497,9";"CAJATI";"Falta de atenção";"Colisão lateral";"Sem Vítimas";"Plena noite";"Crescente";"Nublado";"Dupla";"Curva";"Rural";2;0;0;0;2;0;0;2
83510923;"26/10/16";"Quarta";"22:45:00";"ES";101;"268,1";"SERRA";"Falta de atenção";"Colisão traseira";"Com Vítimas Feridas";"Plena noite";"Decrescente";"Ceu Claro";"Múltipla";"Reta";"Urbano";2;0;1;0;0;1;1;2
83510924;"26/10/16";"Quarta";"22:48:00";"AL";101;"78,5";"RIO LARGO";"Não guardar distância de segurança";"Colisão traseira";"Sem Vítimas";"Plena noite";"Decrescente";"Ceu Claro";"Simples";"Reta";"Rural";2;0;0;0;2;0;0;2
83510925;"26/10/16";"Quarta";"17:30:00";"MG";381;"369";"SAO GONCALO DO RIO ABAIXO";"Não guardar distância de segurança";"Colisão traseira";"Com Vítimas Feridas";"Pleno dia";"Crescente";"Ceu Claro";"Simples";"Curva";"Rural";2;0;0;1;1;0;1;2
83510926;"27/10/16";"Quinta";"02:40:00";"SP";116;"445,2";"REGISTRO";"Outras";"Colisão traseira";"Com Vítimas Feridas";"Plena noite";"Crescente";"Nublado";"Dupla";"Reta";"Urbano";2;0;0;1;1;0;1;2
83510927;"27/10/16";"Quinta";"02:40:00";"SP";116;"445,2";"REGISTRO";"Não guardar distância de segurança";"Colisão traseira";"Sem Vítimas";"Plena noite";"Crescente";"Nublado";"Dupla";"Reta";"Urbano";3;0;0;0;3;0;0;3
83510928;"27/10/16";"Quinta";"02:40:00";"SP";116;"445,2";"REGISTRO";"Outras";"Colisão com objeto fixo";"Sem Vítimas";"Plena noite";"Crescente";"Nublado";"Dupla";"Reta";"Urbano";1;0;0;0;1;0;0;1
83510929;"26/10/16";"Quarta";"23:00:00";"GO";60;"178";"ABADIA DE GOIAS";"Animais na Pista";"Saída de Pista";"Com Vítimas Feridas";"Plena noite";"Decrescente";"Ceu Claro";"Dupla";"Reta";"Rural";1;0;1;0;0;0;1;1
83510930;"27/10/16";"Quinta";"02:35:00";"SP";116;"445,2";"REGISTRO";"Animais na Pista";"Atropelamento de animal";"Sem Vítimas";"Plena noite";"Crescente";"Nublado";"Dupla";"Reta";"Urbano";1;0;0;0;1;0;0;1
83510931;"26/10/16";"Quarta";"18:00:00";"PE";101;"90";"CABO DE SANTO AGOSTINHO";"Outras";"Colisão traseira";"Com Vítimas Feridas";"Plena noite";"Crescente";"Ceu Claro";"Dupla";"Reta";"Urbano";2;0;0;1;1;0;1;2
83510932;"27/10/16";"Quinta";"06:20:00";"SC";101;"127";"ITAJAI";"Outras";"Queda de motocicleta / bicicleta / veículo";"Com Vítimas Feridas";"Amanhecer";"Crescente";"Nublado";"Dupla";"Reta";"Urbano";1;0;1;0;0;0;1;1
83510933;"27/10/16";"Quinta";"03:45:00";"PE";232;"287";"SERTANIA";"Dormindo";"Colisão traseira";"Com Vítimas Fatais";"Plena noite";"Decrescente";"Vento";"Simples";"Reta";"Rural";2;1;0;0;1;0;0;2
83510934;"26/10/16";"Quarta";"12:30:00";"SC";101;"447,3";"SANTA ROSA DO SUL";"Não guardar distância de segurança";"Colisão traseira";"Com Vítimas Feridas";"Pleno dia";"Crescente";"Nublado";"Dupla";"Reta";"Rural";2;0;0;1;1;0;1;2
83510935;"26/10/16";"Quarta";"20:40:00";"RS";116;"115,8";"SAO MARCOS";"Desobediência à sinalização";"Colisão Transversal";"Sem Vítimas";"Plena noite";"Crescente";"Chuva";"Simples";"Cruzamento";"Urbano";2;0;0;0;2;0;0;2
83510936;"26/10/16";"Quarta";"14:45:00";"MG";365;"175,2";"PIRAPORA";"Falta de atenção";"Colisão Transversal";"Com Vítimas Feridas";"Pleno dia";"Decrescente";"Sol";"Simples";"Reta";"Rural";2;0;1;0;1;0;1;2
83510937;"24/10/16";"Segunda";"02:00:00";"RS";116;"249,9";"SAO LEOPOLDO";"Outras";"Saída de Pista";"Com Vítimas Fatais";"Plena noite";"Crescente";"Ceu Claro";"Dupla";"Curva";"Urbano";3;1;2;0;0;0;2;1
83510938;"26/10/16";"Quarta";"19:50:00";"GO";153;"502,1";"GOIANIA";"Não guardar distância de segurança";"Colisão lateral";"Sem Vítimas";"Plena noite";"Decrescente";"Ceu Claro";"Dupla";"Reta";"Urbano";2;0;0;0;2;0;0;2
83510939;"27/10/16";"Quinta";"07:15:00";"SC";101;"120,6";"ITAJAI";"Não guardar distância de segurança";"Saída de Pista";"Com Vítimas Feridas";"Pleno dia";"Decrescente";"Nublado";"Simples";"Reta";"Urbano";1;0;1;0;0;0;1;1
83510940;"26/10/16";"Quarta";"16:00:00";"MG";381;"343";"BELA VISTA DE MINAS";"Velocidade incompatível";"Tombamento";"Sem Vítimas";"Pleno dia";"Decrescente";"Ceu Claro";"Simples";"Curva";"Rural";1;0;0;0;1;0;0;1
83510941;"24/10/16";"Segunda";"07:30:00";"PR";467;"113";"CASCAVEL";"Outras";"Capotamento";"Com Vítimas Feridas";"Pleno dia";"Crescente";"Sol";"Dupla";"Curva";"Urbano";4;0;4;0;0;0;4;1
83510942;"26/10/16";"Quarta";"19:45:00";"GO";153;"502,1";"GOIANIA";"Falta de atenção";"Colisão lateral";"Sem Vítimas";"Anoitecer";"Decrescente";"Ceu Claro";"Dupla";"Reta";"Urbano";4;0;0;0;4;0;0;2
83510943;"26/10/16";"Quarta";"10:00:00";"MG";40;"125";"JOAO PINHEIRO";"Desobediência à sinalização";"Colisão Transversal";"Com Vítimas Feridas";"Pleno dia";"Crescente";"Ceu Claro";"Simples";"Reta";"Rural";2;0;1;0;1;0;1;2
83510944;"25/10/16";"Terça";"01:45:00";"MS";158;"320";"BRASILANDIA";"Defeito na via";"Tombamento";"Com Vítimas Feridas";"Plena noite";"Decrescente";"Chuva";"Simples";"Reta";"Rural";1;0;1;0;0;0;1;1
83510945;"25/09/16";"Domingo";"16:13:00";"PA";316;"4";"ANANINDEUA";"Falta de atenção";"Colisão traseira";"Com Vítimas Feridas";"Pleno dia";"Decrescente";"Ceu Claro";"Dupla";"Reta";"Urbano";8;0;2;0;3;3;2;5
83510946;"09/10/16";"Domingo";"00:45:00";"SP";381;"70";"MAIRIPORA";"Velocidade incompatível";"Tombamento";"Com Vítimas Feridas";"Plena noite";"Decrescente";"Ignorada";"Dupla";"Curva";"Rural";1;0;1;0;0;0;1;1
83510947;"26/10/16";"Quarta";"12:35:00";"RJ";116;"220";"PIRAI";"Outras";"Tombamento";"Sem Vítimas";"Pleno dia";"Crescente";"Sol";"Simples";"Curva";"Urbano";1;0;0;0;1;0;0;1
83510948;"26/10/16";"Quarta";"03:30:00";"RS";285;"152,8";"MUITOS CAPOES";"Ingestão de álcool";"Colisão com bicicleta";"Com Vítimas Feridas";"Plena noite";"Decrescente";"Ignorada";"Simples";"Curva";"Rural";2;0;1;0;0;1;1;2
83510949;"24/10/16";"Segunda";"05:20:00";"RS";392;"81,1";"PELOTAS";"Dormindo";"Saída de Pista";"Com Vítimas Feridas";"Plena noite";"Decrescente";"Chuva";"Simples";"Reta";"Urbano";4;0;3;0;1;0;3;1
83510950;"27/10/16";"Quinta";"05:50:00";"DF";20;"45,5";"BRASILIA";"Dormindo";"Colisão traseira";"Com Vítimas Feridas";"Amanhecer";"Decrescente";"Nublado";"Dupla";"Reta";"Rural";3;0;1;0;1;1;1;2
83510951;"27/10/16";"Quinta";"07:46:00";"SC";101;"204,5";"SAO JOSE";"Não guardar distância de segurança";"Colisão lateral";"Com Vítimas Feridas";"Pleno dia";"Crescente";"Nublado";"Dupla";"Reta";"Urbano";2;0;1;0;1;0;1;2
83510952;"23/10/16";"Domingo";"20:30:00";"MG";40;"728,2";"OLIVEIRA FORTES";"Velocidade incompatível";"Queda de motocicleta / bicicleta / veículo";"Com Vítimas Feridas";"Plena noite";"Crescente";"Nublado";"Dupla";"Curva";"Rural";1;0;0;1;0;0;1;1
83510953;"26/10/16";"Quarta";"19:30:00";"MT";70;"2,8";"BARRA DO GARCAS";"Falta de atenção";"Colisão traseira";"Com Vítimas Feridas";"Plena noite";"Crescente";"Nublado";"Dupla";"Reta";"Urbano";3;0;0;1;2;0;1;2
83510954;"21/10/16";"Sexta";"22:30:00";"SP";116;"362";"MIRACATU";"Velocidade incompatível";"Saída de Pista";"Sem Vítimas";"Plena noite";"Crescente";"Nublado";"Simples";"Reta";"Urbano";1;0;0;0;1;0;0;1
83510955;"27/10/16";"Quinta";"08:20:00";"PR";369;"84,4";"CORNELIO PROCOPIO";"Velocidade incompatível";"Saída de Pista";"Sem Vítimas";"Pleno dia";"Decrescente";"Chuva";"Simples";"Curva";"Rural";1;0;0;0;1;0;0;1
83510956;"25/10/16";"Terça";"04:00:00";"BA";101;"798";"ITAMARAJU";"Defeito mecânico em veículo";"Incêndio";"Sem Vítimas";"Pleno dia";"Decrescente";"Ceu Claro";"Simples";"Reta";"Rural";1;0;0;0;1;0;0;1
83510957;"23/10/16";"Domingo";"16:10:00";"PR";476;"115";"COLOMBO";"Desobediência à sinalização";"Colisão frontal";"Com Vítimas Feridas";"Pleno dia";"Crescente";"Ceu Claro";"Simples";"Reta";"Urbano";6;0;3;0;3;0;3;2
83510958;"27/10/16";"Quinta";"04:00:00";"MG";153;"98";"PRATA";"Velocidade incompatível";"Saída de Pista";"Sem Vítimas";"Plena noite";"Crescente";"Chuva";"Simples";"Curva";"Rural";1;0;0;0;1;0;0;1
83510959;"27/10/16";"Quinta";"07:40:00";"AL";316;"154";"PALMEIRA DOS INDIOS";"Outras";"Tombamento";"Com Vítimas Feridas";"Pleno dia";"Decrescente";"Ceu Claro";"Simples";"Reta";"Urbano";1;0;1;0;0;0;1;1
83510960;"26/10/16";"Quarta";"23:00:00";"MT";70;"611";"POCONE";"Outras";"Colisão frontal";"Com Vítimas Fatais";"Plena noite";"Crescente";"Chuva";"Simples";"Reta";"Rural";3;1;0;0;1;1;0;2
83510961;"27/10/16";"Quinta";"07:00:00";"MG";365;"646";"UBERLANDIA";"Velocidade incompatível";"Saída de Pista";"Com Vítimas Feridas";"Pleno dia";"Decrescente";"Chuva";"Dupla";"Curva";"Rural";1;0;1;0;0;0;1;1
83510962;"22/10/16";"Sábado";"11:55:00";"BA";324;"571,6";"SAO SEBASTIAO DO PASSE";"Defeito mecânico em veículo";"Capotamento";"Com Vítimas Feridas";"Pleno dia";"Crescente";"Ceu Claro";"Dupla";"Reta";"Rural";1;0;1;0;0;0;1;1
83510963;"23/10/16";"Domingo";"08:15:00";"RJ";101;"290";"ITABORAI";"Falta de atenção";"Saída de Pista";"Sem Vítimas";"Pleno dia";"Crescente";"Ceu Claro";"Dupla";"Reta";"Rural";1;0;0;0;1;0;0;1
83510964;"23/10/16";"Domingo";"23:45:00";"MG";153;"97";"PRATA";"Outras";"Saída de Pista";"Com Vítimas Feridas";"Plena noite";"Decrescente";"Ceu Claro";"Simples";"Reta";"Rural";1;0;1;0;0;0;1;1
83510965;"29/09/16";"Quinta";"06:30:00";"SC";101;"415,6";"ARARANGUA";"Dormindo";"Colisão traseira";"Sem Vítimas";"Amanhecer";"Crescente";"Ceu Claro";"Dupla";"Reta";"Urbano";2;0;0;0;2;0;0;2
83510966;"11/10/16";"Terça";"13:00:00";"MG";40;"502,8";"ESMERALDAS";"Outras";"Queda de motocicleta / bicicleta / veículo";"Com Vítimas Feridas";"Pleno dia";"Decrescente";"Ceu Claro";"Dupla";"Curva";"Rural";2;0;1;1;0;0;2;1
83510967;"24/10/16";"Segunda";"01:00:00";"MG";365;"752";"ITUIUTABA";"Outras";"Atropelamento de pessoa";"Com Vítimas Feridas";"Plena noite";"Decrescente";"Ceu Claro";"Simples";"Reta";"Rural";2;0;0;1;1;0;1;1
83510968;"17/08/16";"Quarta";"02:45:00";"MG";40;"477";"SETE LAGOAS";"Dormindo";"Colisão traseira";"Com Vítimas Feridas";"Plena noite";"Crescente";"Ceu Claro";"Dupla";"Reta";"Rural";2;0;0;1;1;0;1;2
83510969;"24/10/16";"Segunda";"02:00:00";"SE";235;"55";"ITABAIANA";"Animais na Pista";"Atropelamento de animal";"Com Vítimas Feridas";"Plena noite";"Crescente";"Chuva";"Simples";"Reta";"Rural";1;0;1;0;0;0;1;1
83510970;"02/08/16";"Terça";"16:30:00";"MA";135;"1";"SAO LUIS";"Falta de atenção";"Colisão lateral";"Sem Vítimas";"Pleno dia";"Crescente";"Sol";"Dupla";"Reta";"Urbano";3;0;0;0;3;0;0;2
83510971;"24/10/16";"Segunda";"01:00:00";"RJ";116;"178";"NOVA IGUACU";"Falta de atenção";"Colisão traseira";"Com Vítimas Fatais";"Plena noite";"Crescente";"Ceu Claro";"Dupla";"Reta";"Urbano";4;1;0;2;1;0;2;2
83510972;"27/10/16";"Quinta";"09:00:00";"RJ";101;"568";"PARATI";"Falta de atenção";"Capotamento";"Com Vítimas Feridas";"Pleno dia";"Crescente";"Nublado";"Simples";"Curva";"Rural";1;0;1;0;0;0;1;1
83510973;"19/10/16";"Quarta";"21:30:00";"SC";101;"143,5";"ITAPEMA";"Outras";"Atropelamento de pessoa";"Com Vítimas Fatais";"Plena noite";"Decrescente";"Chuva";"Dupla";"Curva";"Urbano";2;1;0;0;1;0;0;1
83510974;"27/10/16";"Quinta";"06:40:00";"SC";282;"46";"AGUAS MORNAS";"Velocidade incompatível";"Saída de Pista";"Sem Vítimas";"Amanhecer";"Decrescente";"Chuva";"Simples";"Curva";"Rural";1;0;0;0;1;0;0;1
83510975;"27/10/16";"Quinta";"08:10:00";"SP";116;"517,9";"CAJATI";"Outras";"Tombamento";"Com Vítimas Feridas";"Pleno dia";"Decrescente";"Ceu Claro";"Simples";"Curva";"Rural";1;0;1;0;0;0;1;1
83510976;"26/10/16";"Quarta";"11:00:00";"BA";101;"150,7";"CORACAO DE MARIA";"Não guardar distância de segurança";"Capotamento";"Com Vítimas Fatais";"Pleno dia";"Crescente";"Nublado";"Simples";"Curva";"Rural";1;1;0;0;0;0;0;1
83510977;"24/08/16";"Quarta";"17:00:00";"AL";316;"267,1";"SATUBA";"Desobediência à sinalização";"Colisão frontal";"Com Vítimas Feridas";"Anoitecer";"Decrescente";"Ceu Claro";"Simples";"Curva";"Urbano";11;0;0;3;8;0;3;2
83510978;"27/10/16";"Quinta";"05:30:00";"TO";153;"143";"ARAGUAINA";"Outras";"Incêndio";"Com Vítimas Feridas";"Amanhecer";"Crescente";"Nublado";"Simples";"Reta";"Urbano";1;0;1;0;0;0;1;1
83510979;"23/10/16";"Domingo";"19:35:00";"MG";459;"41,9";"SANTA RITA DE CALDAS";"Ingestão de álcool";"Atropelamento de pessoa";"Com Vítimas Fatais";"Plena noite";"Decrescente";"Ceu Claro";"Simples";"Reta";"Rural";2;1;0;1;0;0;1;1
83510980;"27/10/16";"Quinta";"06:30:00";"RJ";101;"322";"NITEROI";"Outras";"Colisão lateral";"Sem Vítimas";"Amanhecer";"Crescente";"Nublado";"Simples";"Reta";"Urbano";2;0;0;0;2;0;0;2
83510981;"24/10/16";"Segunda";"18:05:00";"MS";262;"11,3";"TRES LAGOAS";"Falta de atenção";"Colisão Transversal";"Com Vítimas Feridas";"Anoitecer";"Decrescente";"Ignorada";"Simples";"Reta";"Urbano";2;0;0;1;1;0;1;2
83510982;"27/10/16";"Quinta";"10:15:00";"PR";116;"142,8";"MANDIRITUBA";"Falta de atenção";"Colisão lateral";"Sem Vítimas";"Pleno dia";"Decrescente";"Chuva";"Dupla";"Reta";"Rural";2;0;0;0;2;0;0;2
83510983;"27/08/16";"Sábado";"18:30:00";"PI";343;"653";"JERUMENHA";"Animais na Pista";"Atropelamento de animal";"Com Vítimas Feridas";"Anoitecer";"Decrescente";"Ignorada";"Simples";"Reta";"Rural";1;0;0;1;0;0;1;1
83510984;"20/10/16";"Quinta";"19:00:00";"SP";116;"225";"GUARULHOS";"Outras";"Colisão com objeto fixo";"Sem Vítimas";"Anoitecer";"Crescente";"Chuva";"Múltipla";"Reta";"Urbano";2;0;0;0;2;0;0;2
83510985;"27/10/16";"Quinta";"06:00:00";"RO";364;"189,7";"PIMENTA BUENO";"Outras";"Saída de Pista";"Com Vítimas Feridas";"Amanhecer";"Decrescente";"Chuva";"Simples";"Curva";"Rural";2;0;2;0;0;0;2;1
83510986;"27/10/16";"Quinta";"11:00:00";"RJ";393;"169,6";"TRES RIOS";"Falta de atenção";"Queda de motocicleta / bicicleta / veículo";"Com Vítimas Feridas";"Pleno dia";"Decrescente";"Sol";"Simples";"Curva";"Rural";1;0;1;0;0;0;1;1
83510987;"24/10/16";"Segunda";"09:00:00";"RJ";116;"170,4";"SAO JOAO DE MERITI";"Outras";"Colisão com objeto fixo";"Com Vítimas Fatais";"Pleno dia";"Decrescente";"Sol";"Múltipla";"Reta";"Urbano";1;1;0;0;0;0;0;1
83510988;"15/09/16";"Quinta";"16:00:00";"RS";285;"121,8";"VACARIA";"Falta de atenção";"Atropelamento de pessoa";"Com Vítimas Feridas";"Pleno dia";"Crescente";"Sol";"Simples";"Cruzamento";"Urbano";2;0;0;1;1;0;1;1
83510989;"19/10/16";"Quarta";"21:30:00";"SC";101;"143,5";"ITAPEMA";"Falta de atenção";"Atropelamento de pessoa";"Com Vítimas Fatais";"Plena noite";"Decrescente";"Chuva";"Dupla";"Curva";"Rural";2;1;0;0;1;0;0;1
83510990;"27/10/16";"Quinta";"03:40:00";"AL";316;"196,8";"MARIBONDO";"Desobediência à sinalização";"Colisão frontal";"Com Vítimas Fatais";"Plena noite";"Crescente";"Ignorada";"Simples";"Reta";"Rural";3;1;0;2;0;0;2;2
83510991;"27/10/16";"Quinta";"06:15:00";"PR";277;"120";"CAMPO LARGO";"Outras";"Colisão frontal";"Com Vítimas Fatais";"Plena noite";"Decrescente";"Chuva";"Múltipla";"Curva";"Rural";4;2;1;1;0;0;2;2
83510992;"27/10/16";"Quinta";"10:30:00";"MG";381;"855,4";"POUSO ALEGRE";"Falta de atenção";"Saída de Pista";"Com Vítimas Feridas";"Pleno dia";"Decrescente";"Nublado";"Dupla";"Reta";"Rural";3;0;2;1;0;0;3;2
83510993;"27/10/16";"Quinta";"11:45:00";"RS";153;"647";"BAGE";"Animais na Pista";"Atropelamento de animal";"Sem Vítimas";"Pleno dia";"Decrescente";"Nublado";"Simples";"Reta";"Rural";1;0;0;0;1;0;0;1
83510994;"27/10/16";"Quinta";"09:00:00";"MA";316;"607";"TIMON";"Não guardar distância de segurança";"Colisão traseira";"Com Vítimas Feridas";"Pleno dia";"Crescente";"Ceu Claro";"Simples";"Reta";"Rural";2;0;0;1;1;0;1;2
83510995;"27/10/16";"Quinta";"08:15:00";"ES";101;"300";"VIANA";"Falta de atenção";"Colisão traseira";"Com Vítimas Feridas";"Pleno dia";"Decrescente";"Ceu Claro";"Dupla";"Reta";"Urbano";3;0;2;0;0;1;2;2
83510996;"27/10/16";"Quinta";"12:40:00";"RS";285;"458";"IJUI";"Falta de atenção";"Colisão Transversal";"Sem Vítimas";"Pleno dia";"Decrescente";"Ceu Claro";"Simples";"Reta";"Urbano";3;0;0;0;3;0;0;2