"id";"data_inversa";"dia_semana";"horario";"uf";"br";"km";"municipio";"causa_acidente";"tipo_acidente";"classificacao_acidente";"fase_dia";"sentido_via";"condicao_metereologica";"tipo_pista";"tracado_via";"uso_solo";"pessoas";"mortos";"feridos_leves";"feridos_graves";"ilesos";"ignorados";"feridos";"veiculos"
83511107;"23/10/16";"Domingo";"21:20:00";"SP";116;"43";"CANAS";"Outras";"Colisão com objeto fixo";"Com Vítimas Feridas";"Plena noite";"Crescente";"Ceu Claro";"Dupla";"Reta";"Rural";1;0;1;0;0;0;1;1
83511108;"27/10/16";"Quinta";"18:30:00";"RO";364;"342,7";"JI-PARANA";"Falta de atenção";"Colisão traseira";"Com Vítimas Feridas";"Plena noite";"Crescente";"Chuva";"Dupla";"Reta";"Urbano";2;0;0;1;1;0;1;2
83511109;"27/10/16";"Quinta";"18:00:00";"RJ";101;"117";"CAMPOS DOS GOYTACAZES";"Falta de atenção";"Tombamento";"Com Vítimas Feridas";"Pleno dia";"Crescente";"Nublado";"Dupla";"Reta";"Urbano";1;0;1;0;0;0;1;1
83511110;"23/10/16";"Domingo";"11:45:00";"ES";101;"358";"ANCHIETA";"Defeito mecânico em veículo";"Queda de motocicleta / bicicleta / veículo";"Com Vítimas Feridas";"Pleno dia";"Crescente";"Ceu Claro";"Simples";"Curva";"Rural";2;0;2;0;0;0;2;1
83511111;"25/10/16";"Terça";"20:45:00";"SP";116;"215";"GUARULHOS";"Velocidade incompatível";"Colisão com objeto fixo";"Sem Vítimas";"Plena noite";"Crescente";"Chuva";"Simples";"Reta";"Urbano";2;0;0;0;2;0;0;2
83511112;"27/10/16";"Quinta";"15:30:00";"GO";414;"346";"COCALZINHO DE GOIAS";"Outras";"Saída de Pista";"Sem Vítimas";"Plena noite";"Crescente";"Chuva";"Simples";"Curva";"Rural";1;0;0;0;1;0;0;1
83511113;"27/10/16";"Quinta";"16:10:00";"RS";158;"323,2";"SANTA MARIA";"Falta de atenção";"Colisão Transversal";"Sem Vítimas";"Pleno dia";"Crescente";"Sol";"Simples";"Cruzamento";"Urbano";3;0;0;0;3;0;0;3
83511114;"22/10/16";"Sábado";"22:00:00";"GO";70;"1";"AGUAS LINDAS DE GOIAS";"Ingestão de álcool";"Colisão lateral";"Sem Vítimas";"Plena noite";"Crescente";"Ceu Claro";"Simples";"Reta";"Urbano";2;0;0;0;2;0;0;2
83511115;"27/10/16";"Quinta";"11:30:00";"MT";364;"273";"JACIARA";"Ingestão de álcool";"Colisão traseira";"Sem Vítimas";"Pleno dia";"Crescente";"Nublado";"Dupla";"Curva";"Urbano";2;0;0;0;2;0;0;2
83511116;"27/10/16";"Quinta";"19:15:00";"MG";381;"924,5";"CAMANDUCAIA";"Velocidade incompatível";"Colisão com objeto fixo";"Com Vítimas Feridas";"Plena noite";"Crescente";"Chuva";"Dupla";"Curva";"Rural";2;0;1;0;1;0;1;1
83511117;"27/10/16";"Quinta";"11:35:00";"BA";101;"498,6";"ITABUNA";"Outras";"Capotamento";"Com Vítimas Feridas";"Pleno dia";"Decrescente";"Ceu Claro";"Simples";"Reta";"Rural";2;0;1;0;1;0;1;1
83511118;"27/10/16";"Quinta";"20:30:00";"MG";381;"502";"BETIM";"Não guardar distância de segurança";"Colisão lateral";"Com Vítimas Feridas";"Plena noite";"Crescente";"Ceu Claro";"Múltipla";"Reta";"Urbano";4;0;1;2;1;0;3;2
83511119;"27/10/16";"Quinta";"21:20:00";"RS";386;"336,2";"LAJEADO";"Não guardar distância de segurança";"Colisão traseira";"Sem Vítimas";"Plena noite";"Decrescente";"Ceu Claro";"Simples";"Curva";"Rural";3;0;0;0;3;0;0;2
83511120;"27/10/16";"Quinta";"09:40:00";"PE";232;"408,3";"SERRA TALHADA";"Falta de atenção";"Colisão Transversal";"Com Vítimas Feridas";"Pleno dia";"Decrescente";"Ceu Claro";"Simples";"Reta";"Urbano";4;0;1;1;2;0;2;2
83511121;"27/10/16";"Quinta";"18:30:00";"MG";267;"278";"AIURUOCA";"Velocidade incompatível";"Capotamento";"Sem Vítimas";"Anoitecer";"Crescente";"Chuva";"Simples";"Curva";"Rural";1;0;0;0;1;0;0;1
83511122;"24/10/16";"Segunda";"07:00:00";"RS";470;"255";"SALVADOR DO SUL";"Falta de atenção";"Colisão Transversal";"Com Vítimas Feridas";"Pleno dia";"Decrescente";"Ceu Claro";"Simples";"Curva";"Rural";2;0;1;0;1;0;1;2
83511123;"06/10/16";"Quinta";"18:00:00";"MG";116;"817,2";"ALEM PARAIBA";"Falta de atenção";"Colisão lateral";"Com Vítimas Feridas";"Anoitecer";"Crescente";"Ignorada";"Simples";"Reta";"Urbano";3;0;1;1;1;0;2;2
83511124;"27/10/16";"Quinta";"18:30:00";"SC";282;"508,3";"XANXERE";"Falta de atenção";"Colisão lateral";"Sem Vítimas";"Pleno dia";"Crescente";"Sol";"Simples";"Reta";"Rural";2;0;0;0;2;0;0;2
83511125;"27/10/16";"Quinta";"20:30:00";"RS";285;"339";"CARAZINHO";"Animais na Pista";"Atropelamento de animal";"Sem Vítimas";"Plena noite";"Decrescente";"Nublado";"Simples";"Reta";"Rural";1;0;0;0;1;0;0;1
83511126;"27/10/16";"Quinta";"08:30:00";"BA";330;"802,4";"UBATA";"Falta de atenção";"Colisão Transversal";"Com Vítimas Feridas";"Pleno dia";"Crescente";"Ceu Claro";"Simples";"Reta";"Urbano";2;0;1;0;1;0;1;2
83511128;"23/10/16";"Domingo";"17:00:00";"CE";20;"423,5";"MARACANAU";"Não guardar distância de segurança";"Colisão frontal";"Com Vítimas Feridas";"Pleno dia";"Crescente";"Sol";"Simples";"Reta";"Urbano";2;0;1;0;1;0;1;2
83511129;"27/10/16";"Quinta";"18:20:00";"DF";70;"5";"BRASILIA";"Falta de atenção";"Colisão lateral";"Com Vítimas Feridas";"Plena noite";"Crescente";"Nublado";"Dupla";"Reta";"Urbano";3;0;0;1;2;0;1;3
83511130;"27/10/16";"Quinta";"18:20:00";"PI";343;"3,3";"TERESINA";"Outras";"Colisão traseira";"Com Vítimas Feridas";"Plena noite";"Crescente";"Ceu Claro";"Múltipla";"Reta";"Urbano";2;0;1;0;1;0;1;2
83511131;"27/10/16";"Quinta";"15:50:00";"RJ";101;"297";"ITABORAI";"Falta de atenção";"Colisão lateral";"Com Vítimas Feridas";"Pleno dia";"Crescente";"Sol";"Dupla";"Curva";"Rural";2;0;1;0;0;1;1;2
83511132;"27/10/16";"Quinta";"19:45:00";"PB";230;"156,7";"CAMPINA GRANDE";"Animais na Pista";"Atropelamento de animal";"Com Vítimas Feridas";"Plena noite";"Crescente";"Ceu Claro";"Simples";"Reta";"Rural";2;0;1;1;0;0;2;1
83511133;"27/10/16";"Quinta";"12:40:00";"MG";116;"403";"GOVERNADOR VALADARES";"Velocidade incompatível";"Colisão traseira";"Sem Vítimas";"Pleno dia";"Crescente";"Ceu Claro";"Simples";"Reta";"Rural";2;0;0;0;2;0;0;2
83511134;"27/10/16";"Quinta";"18:20:00";"MG";116;"415";"GOVERNADOR VALADARES";"Velocidade incompatível";"Colisão traseira";"Com Vítimas Feridas";"Anoitecer";"Crescente";"Ceu Claro";"Simples";"Reta";"Urbano";4;0;1;1;2;0;2;2
83511135;"27/10/16";"Quinta";"15:20:00";"MS";158;"3";"CASSILANDIA";"Ingestão de álcool";"Colisão lateral";"Sem Vítimas";"Pleno dia";"Crescente";"Ceu Claro";"Simples";"Cruzamento";"Urbano";2;0;0;0;2;0;0;2
83511136;"27/10/16";"Quinta";"22:00:00";"MA";222;"350";"SANTA INES";"Ingestão de álcool";"Colisão traseira";"Com Vítimas Feridas";"Plena noite";"Decrescente";"Ceu Claro";"Simples";"Reta";"Rural";2;0;1;0;1;0;1;2
83511137;"19/10/16";"Quarta";"21:50:00";"RJ";101;"316";"SAO GONCALO";"Outras";"Incêndio";"Com Vítimas Fatais";"Plena noite";"Decrescente";"Ignorada";"Dupla";"Reta";"Rural";1;1;0;0;0;0;0;1
83511138;"27/10/16";"Quinta";"20:35:00";"SC";101;"327";"CAPIVARI DE BAIXO";"Ingestão de álcool";"Colisão com objeto móvel";"Com Vítimas Feridas";"Plena noite";"Decrescente";"Ceu Claro";"Simples";"Reta";"Urbano";2;0;1;0;1;0;1;2
83511139;"27/10/16";"Quinta";"18:30:00";"SP";116;"346";"MIRACATU";"Defeito mecânico em veículo";"Colisão traseira";"Sem Vítimas";"Anoitecer";"Crescente";"Ceu Claro";"Dupla";"Reta";"Urbano";2;0;0;0;1;1;0;2
83511140;"27/10/16";"Quinta";"13:30:00";"MA";230;"492";"RIACHAO";"Outras";"Saída de Pista";"Com Vítimas Fatais";"Pleno dia";"Decrescente";"Nublado";"Simples";"Reta";"Rural";2;1;1;0;0;0;1;1
83511141;"27/10/16";"Quinta";"19:40:00";"PE";423;"90,5";"GARANHUNS";"Falta de atenção";"Tombamento";"Com Vítimas Feridas";"Plena noite";"Decrescente";"Ceu Claro";"Simples";"Reta";"Rural";1;0;1;0;0;0;1;1
83511142;"27/10/16";"Quinta";"15:00:00";"MG";381;"405";"BOM JESUS DO AMPARO";"Outras";"Tombamento";"Com Vítimas Feridas";"Pleno dia";"Crescente";"Ceu Claro";"Simples";"Curva";"Rural";3;0;1;0;2;0;1;3
83511143;"28/10/16";"Sexta";"00:01:00";"SC";101;"198";"BIGUACU";"Defeito mecânico em veículo";"Queda de motocicleta / bicicleta / veículo";"Com Vítimas Feridas";"Plena noite";"Decrescente";"Vento";"Simples";"Reta";"Urbano";2;0;1;0;1;0;1;1
83511144;"27/10/16";"Quinta";"22:30:00";"RS";448;"18";"CANOAS";"Outras";"Colisão traseira";"Com Vítimas Feridas";"Plena noite";"Decrescente";"Ceu Claro";"Dupla";"Reta";"Urbano";3;0;2;0;1;0;2;3
83511145;"27/10/16";"Quinta";"16:00:00";"GO";364;"297,8";"MINEIROS";"Falta de atenção";"Colisão Transversal";"Com Vítimas Feridas";"Pleno dia";"Crescente";"Chuva";"Simples";"Curva";"Urbano";6;0;5;0;1;0;5;2
83511146;"23/10/16";"Domingo";"11:50:00";"ES";262;"1";"CARIACICA";"Outras";"Capotamento";"Sem Vítimas";"Pleno dia";"Decrescente";"Ceu Claro";"Dupla";"Reta";"Urbano";2;0;0;0;1;1;0;2
83511147;"27/10/16";"Quinta";"17:15:00";"RJ";116;"273";"BARRA MANSA";"Outras";"Queda de motocicleta / bicicleta / veículo";"Com Vítimas Feridas";"Pleno dia";"Crescente";"Chuva";"Dupla";"Curva";"Urbano";1;0;1;0;0;0;1;1
83511148;"27/10/16";"Quinta";"22:45:00";"MT";364;"272";"JACIARA";"Ingestão de álcool";"Colisão com objeto fixo";"Com Vítimas Feridas";"Plena noite";"Crescente";"Ceu Claro";"Dupla";"Reta";"Urbano";1;0;1;0;0;0;1;1
83511149;"27/10/16";"Quinta";"19:15:00";"PR";272;"385,1";"FAROL";"Ultrapassagem indevida";"Colisão lateral";"Com Vítimas Feridas";"Anoitecer";"Decrescente";"Ignorada";"Simples";"Curva";"Rural";2;0;1;0;1;0;1;2
83511150;"27/10/16";"Quinta";"19:00:00";"RS";285;"295";"PASSO FUNDO";"Não guardar distância de segurança";"Colisão traseira";"Com Vítimas Feridas";"Pleno dia";"Decrescente";"Ceu Claro";"Simples";"Reta";"Rural";3;0;1;0;1;1;1;3
83511151;"28/10/16";"Sexta";"01:00:00";"PR";376;"640";"TIJUCAS DO SUL";"Falta de atenção";"Atropelamento de pessoa";"Com Vítimas Feridas";"Plena noite";"Decrescente";"Ceu Claro";"Dupla";"Reta";"Rural";2;0;1;0;1;0;1;1
83511153;"27/10/16";"Quinta";"23:41:00";"PR";277;"599";"CASCAVEL";"Velocidade incompatível";"Colisão traseira";"Com Vítimas Feridas";"Plena noite";"Crescente";"Ceu Claro";"Dupla";"Reta";"Rural";5;0;3;1;1;0;4;3
83511154;"28/10/16";"Sexta";"00:20:00";"SC";101;"409,4";"ARARANGUA";"Outras";"Saída de Pista";"Ignorado";"Plena noite";"Crescente";"Ceu Claro";"Simples";"Curva";"Rural";1;0;0;0;0;1;0;1
83511155;"27/10/16";"Quinta";"19:40:00";"RS";287;"251";"SANTA MARIA";"Falta de atenção";"Queda de motocicleta / bicicleta / veículo";"Com Vítimas Feridas";"Anoitecer";"Crescente";"Nublado";"Simples";"Reta";"Urbano";1;0;1;0;0;0;1;1
83511156;"27/10/16";"Quinta";"16:30:00";"RS";471;"674";"SANTA VITORIA DO PALMAR";"Outras";"Colisão com objeto móvel";"Sem Vítimas";"Pleno dia";"Crescente";"Vento";"Simples";"Reta";"Urbano";1;0;0;0;1;0;0;1
83511157;"27/10/16";"Quinta";"18:10:00";"PI";230;"304";"FLORIANO";"Falta de atenção";"Colisão lateral";"Com Vítimas Fatais";"Plena noite";"Crescente";"Ceu Claro";"Simples";"Reta";"Urbano";4;1;0;0;3;0;0;2
83511158;"27/10/16";"Quinta";"23:30:00";"RS";285;"217";"CASEIROS";"Ultrapassagem indevida";"Colisão lateral";"Sem Vítimas";"Plena noite";"Crescente";"Chuva";"Simples";"Reta";"Rural";2;0;0;0;2;0;0;2
83511159;"27/10/16";"Quinta";"19:00:00";"RS";116;"447,3";"CRISTAL";"Ingestão de álcool";"Colisão Transversal";"Com Vítimas Feridas";"Pleno dia";"Decrescente";"Vento";"Simples";"Reta";"Rural";2;0;1;0;1;0;1;2
83511160;"28/10/16";"Sexta";"02:00:00";"SC";282;"1,2";"FLORIANOPOLIS";"Falta de atenção";"Capotamento";"Com Vítimas Feridas";"Plena noite";"Decrescente";"Ceu Claro";"Dupla";"Reta";"Urbano";3;0;2;0;0;1;2;1
83511161;"27/09/16";"Terça";"20:00:00";"PA";230;"120";"MARABA";"Falta de atenção";"Colisão Transversal";"Com Vítimas Feridas";"Plena noite";"Crescente";"Ceu Claro";"Dupla";"Cruzamento";"Urbano";3;0;0;1;2;0;1;2
83511162;"28/10/16";"Sexta";"03:15:00";"RS";290;"520,7";"CACEQUI";"Outras";"Tombamento";"Sem Vítimas";"Plena noite";"Crescente";"Ceu Claro";"Simples";"Reta";"Rural";1;0;0;0;1;0;0;1
83511163;"27/10/16";"Quinta";"17:00:00";"CE";222;"239,8";"SOBRAL";"Defeito mecânico em veículo";"Tombamento";"Com Vítimas Feridas";"Anoitecer";"Decrescente";"Ceu Claro";"Simples";"Reta";"Rural";1;0;1;0;0;0;1;1
83511164;"27/10/16";"Quinta";"22:00:00";"SC";101;"148,4";"ITAPEMA";"Outras";"Atropelamento de pessoa";"Com Vítimas Fatais";"Plena noite";"Crescente";"Nublado";"Dupla";"Reta";"Urbano";2;1;0;0;1;0;0;1
83511165;"28/10/16";"Sexta";"01:55:00";"RS";116;"50,4";"VACARIA";"Dormindo";"Saída de Pista";"Com Vítimas Feridas";"Plena noite";"Decrescente";"Ceu Claro";"Simples";"Curva";"Rural";2;0;1;0;1;0;1;1
83511166;"28/10/16";"Sexta";"03:15:00";"PR";272;"544";"GUAIRA";"Outras";"Capotamento";"Com Vítimas Feridas";"Plena noite";"Crescente";"Vento";"Simples";"Curva";"Rural";4;0;2;0;2;0;2;1
83511167;"27/10/16";"Quinta";"14:00:00";"SP";381;"79";"SAO PAULO";"Outras";"Colisão com objeto fixo";"Sem Vítimas";"Pleno dia";"Crescente";"Chuva";"Dupla";"Curva";"Urbano";1;0;0;0;1;0;0;1
83511168;"28/10/16";"Sexta";"02:40:00";"SC";101;"205,5";"SAO JOSE";"Velocidade incompatível";"Capotamento";"Com Vítimas Feridas";"Plena noite";"Crescente";"Ceu Claro";"Simples";"Reta";"Urbano";2;0;2;0;0;0;2;1
83511169;"27/10/16";"Quinta";"21:30:00";"PR";116;"108";"SAO JOSE DOS PINHAIS";"Animais na Pista";"Tombamento";"Com Vítimas Feridas";"Plena noite";"Crescente";"Nublado";"Dupla";"Reta";"Rural";2;0;2;0;0;0;2;1
83511170;"27/10/16";"Quinta";"18:20:00";"SP";381;"78,8";"SAO PAULO";"Falta de atenção";"Tombamento";"Com Vítimas Feridas";"Pleno dia";"Decrescente";"Nublado";"Dupla";"Curva";"Urbano";1;0;1;0;0;0;1;1
83511171;"27/10/16";"Quinta";"13:10:00";"MG";381;"403";"BOM JESUS DO AMPARO";"Outras";"Colisão frontal";"Com Vítimas Feridas";"Pleno dia";"Crescente";"Ceu Claro";"Simples";"Curva";"Rural";3;0;1;2;0;0;3;2
83511172;"02/09/16";"Sexta";"03:45:00";"BA";324;"535,3";"CONCEICAO DO JACUIPE";"Outras";"Colisão lateral";"Sem Vítimas";"Plena noite";"Crescente";"Chuva";"Dupla";"Reta";"Rural";4;0;0;0;4;0;0;2
83511173;"28/10/16";"Sexta";"03:15:00";"PR";476;"351,4";"PAULA FREITAS";"Desobediência à sinalização";"Tombamento";"Sem Vítimas";"Pleno dia";"Decrescente";"Ceu Claro";"Simples";"Curva";"Urbano";2;0;0;0;2;0;0;1
83511174;"27/10/16";"Quinta";"22:00:00";"AL";316;"248";"ATALAIA";"Velocidade incompatível";"Saída de Pista";"Sem Vítimas";"Plena noite";"Decrescente";"Ceu Claro";"Simples";"Reta";"Rural";1;0;0;0;1;0;0;1
83511175;"28/10/16";"Sexta";"02:50:00";"PB";101;"90,8";"JOAO PESSOA";"Outras";"Atropelamento de pessoa";"Com Vítimas Fatais";"Plena noite";"Crescente";"Ceu Claro";"Dupla";"Reta";"Urbano";2;1;0;0;0;1;0;1
83511176;"27/10/16";"Quinta";"15:10:00";"MG";50;"177";"UBERABA";"Outras";"Colisão com objeto fixo";"Com Vítimas Feridas";"Pleno dia";"Crescente";"Nublado";"Dupla";"Curva";"Urbano";1;0;0;1;0;0;1;1
83511177;"24/10/16";"Segunda";"05:35:00";"RJ";101;"300";"SAO GONCALO";"Outras";"Colisão traseira";"Sem Vítimas";"Amanhecer";"Decrescente";"Ceu Claro";"Dupla";"Reta";"Urbano";2;0;0;0;2;0;0;2
83511178;"27/10/16";"Quinta";"23:10:00";"MG";459;"86,2";"CONGONHAL";"Outras";"Colisão com bicicleta";"Com Vítimas Fatais";"Pleno dia";"Crescente";"Ceu Claro";"Simples";"Reta";"Urbano";4;1;1;0;2;0;1;3
83511179;"28/10/16";"Sexta";"05:20:00";"PR";376;"666";"GUARATUBA";"Defeito mecânico em veículo";"Tombamento";"Sem Vítimas";"Plena noite";"Crescente";"Ceu Claro";"Dupla";"Curva";"Rural";1;0;0;0;1;0;0;1
83511180;"27/10/16";"Quinta";"22:15:00";"SP";116;"284";"EMBU";"Outras";"Atropelamento de pessoa";"Com Vítimas Feridas";"Plena noite";"Decrescente";"Ceu Claro";"Dupla";"Reta";"Urbano";2;0;0;1;1;0;1;1
83511181;"28/10/16";"Sexta";"05:45:00";"PR";153;"331,1";"IRATI";"Ingestão de álcool";"Colisão com objeto fixo";"Sem Vítimas";"Amanhecer";"Crescente";"Ceu Claro";"Dupla";"Reta";"Urbano";1;0;0;0;1;0;0;1
83511182;"27/10/16";"Quinta";"18:50:00";"RN";226;"113,7";"SANTA CRUZ";"Outras";"Colisão frontal";"Com Vítimas Fatais";"Plena noite";"Crescente";"Ceu Claro";"Simples";"Curva";"Rural";6;1;0;5;0;0;5;2
83511183;"21/10/16";"Sexta";"12:50:00";"RS";392;"118";"CANGUCU";"Velocidade incompatível";"Colisão com objeto fixo";"Sem Vítimas";"Pleno dia";"Decrescente";"Ceu Claro";"Simples";"Cruzamento";"Urbano";1;0;0;0;1;0;0;1
83511184;"22/10/16";"Sábado";"20:30:00";"SC";101;"120";"ITAJAI";"Defeito na via";"Queda de motocicleta / bicicleta / veículo";"Com Vítimas Feridas";"Plena noite";"Crescente";"Ceu Claro";"Simples";"Reta";"Urbano";1;0;1;0;0;0;1;1
83511185;"23/10/16";"Domingo";"20:15:00";"MG";381;"356";"JOAO MONLEVADE";"Falta de atenção";"Colisão Transversal";"Com Vítimas Feridas";"Plena noite";"Crescente";"Ceu Claro";"Simples";"Reta";"Urbano";2;0;1;0;1;0;1;2
83511186;"27/10/16";"Quinta";"17:15:00";"TO";153;"433,9";"MIRACEMA DO TOCANTINS";"Velocidade incompatível";"Colisão frontal";"Com Vítimas Fatais";"Pleno dia";"Decrescente";"Chuva";"Simples";"Reta";"Rural";3;1;0;1;1;0;1;2
83511187;"23/10/16";"Domingo";"19:50:00";"RS";448;"0";"SAPUCAIA DO SUL";"Ingestão de álcool";"Saída de Pista";"Com Vítimas Feridas";"Anoitecer";"Decrescente";"Nublado";"Dupla";"Reta";"Urbano";4;0;4;0;0;0;4;1
83511188;"28/10/16";"Sexta";"03:10:00";"SP";116;"444";"REGISTRO";"Falta de atenção";"Colisão traseira";"Sem Vítimas";"Amanhecer";"Crescente";"Ceu Claro";"Dupla";"Reta";"Urbano";2;0;0;0;2;0;0;2
83511189;"28/10/16";"Sexta";"01:50:00";"SP";116;"42";"CACHOEIRA PAULISTA";"Falta de atenção";"Colisão lateral";"Com Vítimas Feridas";"Plena noite";"Decrescente";"Nublado";"Dupla";"Reta";"Rural";3;0;1;0;2;0;1;2
83511190;"27/10/16";"Quinta";"21:35:00";"RJ";116;"96";"GUAPIMIRIM";"Velocidade incompatível";"Capotamento";"Com Vítimas Feridas";"Plena noite";"Decrescente";"Chuva";"Simples";"Reta";"Rural";1;0;1;0;0;0;1;1
83511191;"28/10/16";"Sexta";"07:05:00";"RS";116;"523";"PELOTAS";"Desobediência à sinalização";"Colisão Transversal";"Com Vítimas Feridas";"Pleno dia";"Decrescente";"Nublado";"Simples";"Reta";"Urbano";2;0;1;0;1;0;1;2
83511192;"24/10/16";"Segunda";"19:55:00";"MG";381;"786,4";"SAO GONCALO DO SAPUCAI";"Velocidade incompatível";"Colisão com objeto fixo";"Sem Vítimas";"Plena noite";"Decrescente";"Chuva";"Dupla";"Curva";"Rural";1;0;0;0;1;0;0;1
83511193;"28/10/16";"Sexta";"04:00:00";"BA";101;"920";"NOVA VICOSA";"Animais na Pista";"Atropelamento de animal";"Sem Vítimas";"Plena noite";"Crescente";"Nublado";"Simples";"Reta";"Rural";1;0;0;0;1;0;0;1
83511194;"25/10/16";"Terça";"07:30:00";"MG";267;"277,8";"AIURUOCA";"Velocidade incompatível";"Saída de Pista";"Sem Vítimas";"Amanhecer";"Crescente";"Chuva";"Simples";"Curva";"Rural";1;0;0;0;1;0;0;1
83511195;"20/10/16";"Quinta";"17:00:00";"SC";101;"109";"PENHA";"Defeito mecânico em veículo";"Colisão com objeto móvel";"Sem Vítimas";"Pleno dia";"Crescente";"Chuva";"Dupla";"Reta";"Urbano";4;0;0;0;4;0;0;4
83511196;"28/10/16";"Sexta";"08:00:00";"RJ";465;"20";"NOVA IGUACU";"Falta de atenção";"Colisão Transversal";"Com Vítimas Feridas";"Pleno dia";"Crescente";"Nublado";"Simples";"Reta";"Urbano";3;0;1;0;2;0;1;2
83511197;"25/10/16";"Terça";"05:45:00";"AL";316;"243";"ATALAIA";"Dormindo";"Capotamento";"Com Vítimas Feridas";"Amanhecer";"Crescente";"Nublado";"Simples";"Reta";"Rural";1;0;1;0;0;0;1;1
83511198;"25/10/16";"Terça";"04:30:00";"TO";153;"218,1";"NOVA OLINDA";"Defeito mecânico em veículo";"Incêndio";"Sem Vítimas";"Plena noite";"Decrescente";"Ceu Claro";"Simples";"Curva";"Rural";1;0;0;0;1;0;0;1
83511199;"25/10/16";"Terça";"02:17:00";"SP";116;"112,7";"TAUBATE";"Defeito mecânico em veículo";"Colisão com objeto fixo";"Com Vítimas Feridas";"Plena noite";"Decrescente";"Nublado";"Dupla";"Reta";"Urbano";1;0;1;0;0;0;1;1
83511200;"24/10/16";"Segunda";"16:40:00";"MG";381;"946,5";"EXTREMA";"Velocidade incompatível";"Saída de Pista";"Com Vítimas Feridas";"Pleno dia";"Decrescente";"Chuva";"Dupla";"Curva";"Rural";2;0;0;1;1;0;1;1
83511201;"25/10/16";"Terça";"07:30:00";"SP";116;"221";"GUARULHOS";"Não guardar distância de segurança";"Colisão com objeto móvel";"Com Vítimas Feridas";"Amanhecer";"Crescente";"Nublado";"Múltipla";"Reta";"Urbano";1;0;1;0;0;0;1;1
83511202;"28/10/16";"Sexta";"06:50:00";"MG";262;"384";"MATEUS LEME";"Outras";"Colisão com objeto fixo";"Sem Vítimas";"Amanhecer";"Crescente";"Nublado";"Dupla";"Reta";"Rural";1;0;0;0;1;0;0;1
83511203;"24/10/16";"Segunda";"17:39:00";"ES";101;"320";"GUARAPARI";"Falta de atenção";"Colisão com objeto fixo";"Sem Vítimas";"Pleno dia";"Decrescente";"Ceu Claro";"Simples";"Reta";"Rural";1;0;0;0;1;0;0;1
83511204;"24/10/16";"Segunda";"15:40:00";"ES";101;"385,9";"RIO NOVO DO SUL";"Velocidade incompatível";"Tombamento";"Com Vítimas Feridas";"Pleno dia";"Crescente";"Nublado";"Simples";"Curva";"Rural";2;0;1;1;0;0;2;1
83511205;"28/10/16";"Sexta";"08:30:00";"MG";354;"745";"POUSO ALTO";"Falta de atenção";"Colisão Transversal";"Sem Vítimas";"Pleno dia";"Crescente";"Ceu Claro";"Simples";"Cruzamento";"Urbano";2;0;0;0;2;0;0;2
83511206;"25/10/16";"Terça";"06:00:00";"PR";163;"168";"LINDOESTE";"Outras";"Colisão com objeto fixo";"Com Vítimas Feridas";"Plena noite";"Crescente";"Chuva";"Simples";"Curva";"Rural";2;0;1;0;1;0;1;1
83511207;"25/10/16";"Terça";"07:30:00";"RS";116;"351";"BARRA DO RIBEIRO";"Outras";"Atropelamento de pessoa";"Com Vítimas Feridas";"Pleno dia";"Decrescente";"Sol";"Simples";"Curva";"Rural";2;0;1;0;1;0;1;1
83511208;"28/10/16";"Sexta";"07:15:00";"PR";116;"115";"CURITIBA";"Falta de atenção";"Colisão traseira";"Com Vítimas Feridas";"Pleno dia";"Decrescente";"Sol";"Dupla";"Reta";"Urbano";2;0;1;0;1;0;1;2
83511209;"24/10/16";"Segunda";"16:29:00";"PR";376;"312";"ORTIGUEIRA";"Velocidade incompatível";"Colisão lateral";"Sem Vítimas";"Pleno dia";"Decrescente";"Chuva";"Dupla";"Curva";"Rural";2;0;0;0;2;0;0;2
83511210;"28/10/16";"Sexta";"08:00:00";"MG";50;"176";"UBERABA";"Outras";"Queda de motocicleta / bicicleta / veículo";"Com Vítimas Feridas";"Pleno dia";"Decrescente";"Ceu Claro";"Dupla";"Reta";"Urbano";1;0;0;1;0;0;1;1
83511211;"28/10/16";"Sexta";"08:50:00";"RJ";101;"196";"CASIMIRO DE ABREU";"Outras";"Saída de Pista";"Com Vítimas Feridas";"Pleno dia";"Crescente";"Nublado";"Dupla";"Reta";"Rural";1;0;1;0;0;0;1;1
83511212;"28/10/16";"Sexta";"09:00:00";"RS";448;"20";"CANOAS";"Outras";"Colisão com objeto fixo";"Com Vítimas Feridas";"Pleno dia";"Crescente";"Nublado";"Dupla";"Reta";"Urbano";2;0;1;0;1;0;1;2
83511213;"28/10/16";"Sexta";"04:15:00";"MG";381;"516,9";"IGARAPE";"Não guardar distância de segurança";"Colisão traseira";"Com Vítimas Feridas";"Amanhecer";"Decrescente";"Ceu Claro";"Dupla";"Curva";"Rural";2;0;1;0;1;0;1;2
83511214;"24/10/16";"Segunda";"14:10:00";"MG";354;"745,5";"POUSO ALTO";"Desobediência à sinalização";"Colisão Transversal";"Com Vítimas Feridas";"Pleno dia";"Crescente";"Ceu Claro";"Simples";"Cruzamento";"Urbano";3;0;1;0;2;0;1;2
83511215;"25/10/16";"Terça";"00:30:00";"RJ";116;"247";"PIRAI";"Outras";"Colisão lateral";"Sem Vítimas";"Plena noite";"Decrescente";"Ceu Claro";"Dupla";"Reta";"Urbano";2;0;0;0;1;1;0;2