"id";"data_inversa";"dia_semana";"horario";"uf";"br";"km";"municipio";"causa_acidente";"tipo_acidente";"classificacao_acidente";"fase_dia";"sentido_via";"condicao_metereologica";"tipo_pista";"tracado_via";"uso_solo";"pessoas";"mortos";"feridos_leves";"feridos_graves";"ilesos";"ignorados";"feridos";"veiculos"
83511325;"28/10/16";"Sexta";"17:40:00";"RS";470;"340";"TRIUNFO";"Outras";"Capotamento";"Sem Vítimas";"Pleno dia";"Decrescente";"Nublado";"Dupla";"Curva";"Urbano";2;0;0;0;2;0;0;1
83511326;"23/10/16";"Domingo";"00:15:00";"MG";50;"56";"UBERLANDIA";"Falta de atenção";"Colisão traseira";"Com Vítimas Feridas";"Plena noite";"Decrescente";"Nublado";"Dupla";"Reta";"Rural";3;0;2;0;0;1;2;2
83511327;"28/10/16";"Sexta";"09:30:00";"RS";471;"532";"RIO GRANDE";"Defeito mecânico em veículo";"Tombamento";"Com Vítimas Feridas";"Pleno dia";"Crescente";"Ceu Claro";"Simples";"Reta";"Rural";3;0;3;0;0;0;3;1
83511328;"28/10/16";"Sexta";"11:40:00";"GO";50;"143,9";"IPAMERI";"Velocidade incompatível";"Colisão traseira";"Com Vítimas Feridas";"Pleno dia";"Decrescente";"Ceu Claro";"Simples";"Reta";"Rural";7;0;4;0;3;0;4;4
83511329;"28/10/16";"Sexta";"16:20:00";"MG";251;"471,8";"FRANCISCO SA";"Outras";"Capotamento";"Com Vítimas Feridas";"Pleno dia";"Crescente";"Chuva";"Simples";"Curva";"Rural";2;0;1;0;1;0;1;1
83511330;"28/10/16";"Sexta";"20:15:00";"PR";369;"3,5";"CAMPO MOURAO";"Defeito mecânico em veículo";"Saída de Pista";"Com Vítimas Feridas";"Plena noite";"Crescente";"Ceu Claro";"Simples";"Reta";"Urbano";2;0;2;0;0;0;2;1
83511332;"24/10/16";"Segunda";"16:00:00";"RJ";101;"208";"CASIMIRO DE ABREU";"Defeito mecânico em veículo";"Incêndio";"Sem Vítimas";"Pleno dia";"Decrescente";"Sol";"Simples";"Reta";"Rural";1;0;0;0;1;0;0;1
83511333;"28/10/16";"Sexta";"16:00:00";"SC";282;"401";"CATANDUVAS";"Defeito mecânico em veículo";"Saída de Pista";"Com Vítimas Feridas";"Pleno dia";"Crescente";"Sol";"Simples";"Curva";"Rural";1;0;1;0;0;0;1;1
83511334;"28/10/16";"Sexta";"17:50:00";"PE";232;"413,3";"SERRA TALHADA";"Outras";"Colisão Transversal";"Com Vítimas Feridas";"Anoitecer";"Crescente";"Ceu Claro";"Simples";"Reta";"Rural";3;0;1;1;1;0;2;2
83511335;"28/10/16";"Sexta";"09:25:00";"MG";50;"4";"ARAGUARI";"Dormindo";"Colisão com objeto fixo";"Com Vítimas Feridas";"Pleno dia";"Crescente";"Ceu Claro";"Dupla";"Curva";"Rural";1;0;0;1;0;0;1;1
83511336;"28/10/16";"Sexta";"17:30:00";"MT";364;"201,3";"RONDONOPOLIS";"Outras";"Colisão frontal";"Com Vítimas Fatais";"Pleno dia";"Decrescente";"Ceu Claro";"Simples";"Reta";"Urbano";2;1;0;0;1;0;0;2
83511337;"28/10/16";"Sexta";"07:40:00";"SP";381;"38";"ATIBAIA";"Defeito mecânico em veículo";"Queda de motocicleta / bicicleta / veículo";"Com Vítimas Feridas";"Pleno dia";"Crescente";"Sol";"Dupla";"Curva";"Urbano";2;0;1;0;1;0;1;1
83511338;"28/10/16";"Sexta";"15:10:00";"PR";376;"217";"JANDAIA DO SUL";"Ingestão de álcool";"Colisão Transversal";"Com Vítimas Feridas";"Pleno dia";"Crescente";"Sol";"Simples";"Reta";"Urbano";2;0;0;1;1;0;1;2
83511339;"28/10/16";"Sexta";"15:30:00";"SC";282;"539,6";"CHAPECO";"Velocidade incompatível";"Capotamento";"Com Vítimas Feridas";"Pleno dia";"Decrescente";"Sol";"Simples";"Curva";"Rural";1;0;0;1;0;0;1;1
83511340;"28/10/16";"Sexta";"18:50:00";"MG";381;"380";"SAO GONCALO DO RIO ABAIXO";"Não guardar distância de segurança";"Colisão traseira";"Com Vítimas Feridas";"Anoitecer";"Crescente";"Ceu Claro";"Simples";"Cruzamento";"Rural";3;0;1;0;2;0;1;3
83511341;"26/10/16";"Quarta";"16:00:00";"MG";40;"172,9";"JOAO PINHEIRO";"Falta de atenção";"Colisão com objeto fixo";"Sem Vítimas";"Pleno dia";"Decrescente";"Sol";"Simples";"Reta";"Rural";1;0;0;0;1;0;0;1
83511342;"25/10/16";"Terça";"07:40:00";"BA";110;"208";"CIPO";"Defeito mecânico em veículo";"Tombamento";"Sem Vítimas";"Pleno dia";"Decrescente";"Ceu Claro";"Simples";"Reta";"Rural";1;0;0;0;1;0;0;1
83511343;"28/10/16";"Sexta";"18:30:00";"PR";376;"245";"APUCARANA";"Falta de atenção";"Colisão lateral";"Com Vítimas Feridas";"Plena noite";"Crescente";"Ceu Claro";"Simples";"Cruzamento";"Urbano";3;0;1;0;2;0;1;2
83511344;"28/10/16";"Sexta";"20:00:00";"RJ";40;"91";"PETROPOLIS";"Outras";"Colisão com objeto fixo";"Sem Vítimas";"Plena noite";"Decrescente";"Chuva";"Simples";"Curva";"Rural";1;0;0;0;1;0;0;1
83511345;"20/10/16";"Quinta";"23:10:00";"SC";101;"211,7";"PALHOCA";"Desobediência à sinalização";"Colisão frontal";"Com Vítimas Feridas";"Plena noite";"Decrescente";"Nublado";"Dupla";"Cruzamento";"Urbano";2;0;1;0;1;0;1;2
83511346;"28/10/16";"Sexta";"17:15:00";"PR";277;"77";"SAO JOSE DOS PINHAIS";"Outras";"Colisão traseira";"Com Vítimas Feridas";"Pleno dia";"Decrescente";"Sol";"Dupla";"Reta";"Urbano";2;0;2;0;0;0;2;2
83511348;"28/10/16";"Sexta";"18:25:00";"SE";101;"42,1";"CAPELA";"Outras";"Colisão com objeto fixo";"Com Vítimas Feridas";"Plena noite";"Decrescente";"Ceu Claro";"Dupla";"Reta";"Rural";5;0;3;2;0;0;5;1
83511349;"28/10/16";"Sexta";"18:50:00";"PR";376;"224";"CAMBIRA";"Falta de atenção";"Colisão traseira";"Com Vítimas Feridas";"Anoitecer";"Decrescente";"Ceu Claro";"Dupla";"Reta";"Rural";2;0;1;0;1;0;1;2
83511350;"28/10/16";"Sexta";"20:30:00";"MG";116;"572,6";"MANHUACU";"Outras";"Saída de Pista";"Sem Vítimas";"Plena noite";"Decrescente";"Chuva";"Simples";"Curva";"Rural";1;0;0;0;1;0;0;1
83511351;"28/10/16";"Sexta";"19:30:00";"RS";116;"146,9";"CAXIAS DO SUL";"Falta de atenção";"Colisão com bicicleta";"Com Vítimas Feridas";"Anoitecer";"Crescente";"Ceu Claro";"Múltipla";"Cruzamento";"Urbano";2;0;1;0;1;0;1;2
83511352;"28/10/16";"Sexta";"17:30:00";"PB";230;"153,8";"CAMPINA GRANDE";"Falta de atenção";"Colisão traseira";"Com Vítimas Feridas";"Anoitecer";"Crescente";"Ceu Claro";"Simples";"Reta";"Urbano";2;0;1;0;0;1;1;2
83511353;"28/10/16";"Sexta";"19:00:00";"MS";262;"3";"TRES LAGOAS";"Falta de atenção";"Colisão Transversal";"Com Vítimas Feridas";"Anoitecer";"Crescente";"Ceu Claro";"Simples";"Curva";"Rural";3;0;2;0;1;0;2;2
83511354;"28/10/16";"Sexta";"15:40:00";"RN";101;"104";"PARNAMIRIM";"Ingestão de álcool";"Colisão Transversal";"Com Vítimas Feridas";"Pleno dia";"Crescente";"Ceu Claro";"Dupla";"Reta";"Urbano";4;0;0;2;2;0;2;2
83511355;"28/10/16";"Sexta";"21:00:00";"PR";376;"170";"MARINGA";"Ingestão de álcool";"Colisão traseira";"Sem Vítimas";"Plena noite";"Decrescente";"Ceu Claro";"Dupla";"Reta";"Urbano";2;0;0;0;2;0;0;2
83511356;"16/10/16";"Domingo";"16:00:00";"SC";101;"208";"SAO JOSE";"Falta de atenção";"Colisão traseira";"Sem Vítimas";"Pleno dia";"Decrescente";"Ceu Claro";"Dupla";"Reta";"Urbano";3;0;0;0;2;1;0;3
83511357;"28/10/16";"Sexta";"18:30:00";"GO";40;"7";"VALPARAISO DE GOIAS";"Outras";"Saída de Pista";"Com Vítimas Feridas";"Anoitecer";"Crescente";"Nublado";"Dupla";"Reta";"Urbano";1;0;1;0;0;0;1;1
83511358;"28/10/16";"Sexta";"16:30:00";"MG";381;"225";"BELO ORIENTE";"Não guardar distância de segurança";"Colisão traseira";"Sem Vítimas";"Pleno dia";"Decrescente";"Chuva";"Dupla";"Reta";"Rural";2;0;0;0;2;0;0;2
83511359;"28/10/16";"Sexta";"14:50:00";"MG";116;"504,3";"INHAPIM";"Outras";"Colisão traseira";"Sem Vítimas";"Pleno dia";"Crescente";"Chuva";"Simples";"Curva";"Rural";4;0;0;0;4;0;0;2
83511360;"28/10/16";"Sexta";"20:00:00";"RS";153;"46,5";"ERECHIM";"Ingestão de álcool";"Atropelamento de pessoa";"Com Vítimas Feridas";"Anoitecer";"Crescente";"Ceu Claro";"Simples";"Reta";"Urbano";2;0;0;1;0;1;1;1
83511361;"28/10/16";"Sexta";"13:30:00";"RJ";493;"19";"MAGE";"Outras";"Colisão Transversal";"Com Vítimas Feridas";"Pleno dia";"Crescente";"Chuva";"Simples";"Reta";"Urbano";2;0;1;0;1;0;1;2
83511362;"28/10/16";"Sexta";"15:00:00";"RJ";116;"178";"NOVA IGUACU";"Falta de atenção";"Colisão traseira";"Com Vítimas Feridas";"Pleno dia";"Decrescente";"Nublado";"Múltipla";"Reta";"Urbano";2;0;1;0;1;0;1;2
83511363;"28/10/16";"Sexta";"17:00:00";"GO";20;"106";"VILA BOA";"Outras";"Saída de Pista";"Com Vítimas Feridas";"Pleno dia";"Decrescente";"Chuva";"Simples";"Curva";"Rural";1;0;1;0;0;0;1;1
83511364;"28/10/16";"Sexta";"20:15:00";"BA";116;"456,5";"SANTO ESTEVAO";"Falta de atenção";"Colisão traseira";"Com Vítimas Feridas";"Plena noite";"Crescente";"Ceu Claro";"Dupla";"Reta";"Rural";3;0;1;1;0;1;2;2
83511365;"28/10/16";"Sexta";"21:40:00";"GO";153;"500";"GOIANIA";"Outras";"Queda de motocicleta / bicicleta / veículo";"Com Vítimas Feridas";"Plena noite";"Decrescente";"Ceu Claro";"Dupla";"Reta";"Urbano";2;0;2;0;0;0;2;1
83511366;"28/10/16";"Sexta";"22:20:00";"SC";470;"166";"TROMBUDO CENTRAL";"Não guardar distância de segurança";"Colisão traseira";"Sem Vítimas";"Plena noite";"Crescente";"Nublado";"Simples";"Reta";"Rural";2;0;0;0;2;0;0;2
83511367;"28/10/16";"Sexta";"21:15:00";"SC";470;"179";"POUSO REDONDO";"Falta de atenção";"Colisão traseira";"Sem Vítimas";"Plena noite";"Decrescente";"Ceu Claro";"Simples";"Reta";"Urbano";2;0;0;0;2;0;0;2
83511368;"28/10/16";"Sexta";"18:35:00";"BA";324;"529,6";"FEIRA DE SANTANA";"Falta de atenção";"Atropelamento de pessoa";"Com Vítimas Fatais";"Anoitecer";"Decrescente";"Ceu Claro";"Dupla";"Reta";"Urbano";2;1;0;0;1;0;0;1
83511369;"28/10/16";"Sexta";"17:30:00";"RN";101;"46";"MAXARANGUAPE";"Falta de atenção";"Colisão Transversal";"Com Vítimas Feridas";"Anoitecer";"Decrescente";"Ceu Claro";"Simples";"Cruzamento";"Rural";3;0;1;1;1;0;2;2
83511370;"28/10/16";"Sexta";"13:55:00";"PB";230;"41";"SANTA RITA";"Falta de atenção";"Colisão traseira";"Sem Vítimas";"Pleno dia";"Crescente";"Sol";"Dupla";"Reta";"Rural";2;0;0;0;2;0;0;2
83511371;"28/10/16";"Sexta";"22:15:00";"PR";476;"143,9";"CURITIBA";"Velocidade incompatível";"Saída de Pista";"Com Vítimas Feridas";"Plena noite";"Decrescente";"Ceu Claro";"Dupla";"Curva";"Urbano";1;0;1;0;0;0;1;1
83511372;"28/10/16";"Sexta";"19:05:00";"PR";277;"344";"GUARAPUAVA";"Outras";"Tombamento";"Sem Vítimas";"Anoitecer";"Decrescente";"Nublado";"Múltipla";"Curva";"Urbano";1;0;0;0;1;0;0;1
83511373;"28/10/16";"Sexta";"22:50:00";"MG";116;"775";"LEOPOLDINA";"Velocidade incompatível";"Saída de Pista";"Sem Vítimas";"Plena noite";"Decrescente";"Chuva";"Simples";"Curva";"Rural";1;0;0;0;1;0;0;1
83511374;"28/10/16";"Sexta";"18:55:00";"RS";290;"32";"SANTO ANTONIO DA PATRULHA";"Defeito mecânico em veículo";"Saída de Pista";"Com Vítimas Feridas";"Pleno dia";"Decrescente";"Nublado";"Dupla";"Reta";"Rural";2;0;1;0;1;0;1;1
83511375;"28/10/16";"Sexta";"16:30:00";"MA";230;"559";"CAROLINA";"Outras";"Atropelamento de pessoa";"Com Vítimas Fatais";"Pleno dia";"Decrescente";"Ceu Claro";"Simples";"Reta";"Rural";4;2;0;1;0;1;1;1
83511376;"26/10/16";"Quarta";"04:00:00";"AP";156;"250";"MACAPA";"Dormindo";"Saída de Pista";"Com Vítimas Fatais";"Plena noite";"Decrescente";"Ceu Claro";"Simples";"Curva";"Rural";4;2;1;1;0;0;2;1
83511377;"28/10/16";"Sexta";"20:30:00";"SP";381;"86,4";"SAO PAULO";"Falta de atenção";"Atropelamento de pessoa";"Com Vítimas Feridas";"Plena noite";"Crescente";"Ignorada";"Múltipla";"Reta";"Urbano";2;0;0;1;1;0;1;1
83511378;"28/10/16";"Sexta";"09:50:00";"PR";277;"413";"CANTAGALO";"Outras";"Queda de motocicleta / bicicleta / veículo";"Com Vítimas Feridas";"Pleno dia";"Decrescente";"Ceu Claro";"Simples";"Curva";"Rural";2;0;2;0;0;0;2;1
83511379;"28/10/16";"Sexta";"22:06:00";"RO";319;"64,1";"PORTO VELHO";"Falta de atenção";"Colisão Transversal";"Com Vítimas Feridas";"Plena noite";"Crescente";"Ceu Claro";"Dupla";"Reta";"Urbano";3;0;1;0;2;0;1;3
83511380;"28/10/16";"Sexta";"19:40:00";"MT";174;"108";"PORTO ESPERIDIAO";"Falta de atenção";"Colisão Transversal";"Com Vítimas Feridas";"Plena noite";"Crescente";"Ceu Claro";"Simples";"Reta";"Rural";3;0;2;0;1;0;2;2
83511381;"28/10/16";"Sexta";"19:00:00";"PE";232;"181,4";"BELO JARDIM";"Outras";"Colisão frontal";"Ignorado";"Plena noite";"Decrescente";"Nublado";"Simples";"Reta";"Rural";2;0;0;0;0;2;0;2
83511382;"28/10/16";"Sexta";"23:10:00";"RJ";40;"59";"PETROPOLIS";"Ingestão de álcool";"Saída de Pista";"Sem Vítimas";"Plena noite";"Crescente";"Ceu Claro";"Dupla";"Curva";"Rural";2;0;0;0;2;0;0;1
83511383;"28/10/16";"Sexta";"20:35:00";"PR";376;"15";"MARINGA";"Velocidade incompatível";"Tombamento";"Sem Vítimas";"Plena noite";"Crescente";"Ceu Claro";"Dupla";"Curva";"Urbano";1;0;0;0;1;0;0;1
83511384;"28/10/16";"Sexta";"21:09:00";"RO";364;"428";"JARU";"Desobediência à sinalização";"Colisão Transversal";"Com Vítimas Feridas";"Plena noite";"Crescente";"Ceu Claro";"Simples";"Reta";"Urbano";2;0;1;0;1;0;1;2
83511385;"28/10/16";"Sexta";"19:25:00";"MT";364;"269,7";"JACIARA";"Outras";"Colisão Transversal";"Com Vítimas Feridas";"Pleno dia";"Decrescente";"Ceu Claro";"Simples";"Reta";"Urbano";4;0;0;1;3;0;1;2
83511386;"28/10/16";"Sexta";"21:30:00";"TO";153;"728,8";"ALVORADA";"Ultrapassagem indevida";"Saída de Pista";"Sem Vítimas";"Plena noite";"Crescente";"Nublado";"Simples";"Reta";"Rural";1;0;0;0;1;0;0;1
83511387;"28/10/16";"Sexta";"22:50:00";"RS";290;"652";"URUGUAIANA";"Falta de atenção";"Colisão traseira";"Sem Vítimas";"Plena noite";"Crescente";"Ceu Claro";"Simples";"Reta";"Rural";2;0;0;0;2;0;0;2
83511388;"28/10/16";"Sexta";"18:50:00";"PI";230;"307";"FLORIANO";"Falta de atenção";"Colisão lateral";"Com Vítimas Feridas";"Plena noite";"Decrescente";"Ceu Claro";"Simples";"Reta";"Urbano";5;0;2;1;2;0;3;2
83511389;"28/10/16";"Sexta";"18:40:00";"ES";447;"12";"VILA VELHA";"Falta de atenção";"Queda de motocicleta / bicicleta / veículo";"Com Vítimas Feridas";"Anoitecer";"Crescente";"Chuva";"Dupla";"Reta";"Urbano";1;0;1;0;0;0;1;1
83511390;"29/10/16";"Sábado";"00:20:00";"PE";232;"441";"SAO JOSE DO BELMONTE";"Animais na Pista";"Atropelamento de animal";"Sem Vítimas";"Plena noite";"Decrescente";"Ceu Claro";"Simples";"Curva";"Rural";1;0;0;0;1;0;0;1
83511391;"28/10/16";"Sexta";"18:20:00";"AL";101;"133";"SAO MIGUEL DOS CAMPOS";"Outras";"Atropelamento de pessoa";"Com Vítimas Feridas";"Plena noite";"Decrescente";"Ceu Claro";"Simples";"Reta";"Rural";2;0;0;1;1;0;1;1
83511392;"24/10/16";"Segunda";"22:50:00";"PR";376;"291";"MAUA DA SERRA";"Outras";"Colisão Transversal";"Com Vítimas Feridas";"Plena noite";"Crescente";"Chuva";"Simples";"Reta";"Urbano";2;0;1;0;1;0;1;2
83511393;"28/10/16";"Sexta";"19:35:00";"RN";405;"176,2";"JOSE DA PENHA";"Falta de atenção";"Colisão traseira";"Com Vítimas Feridas";"Plena noite";"Decrescente";"Ceu Claro";"Simples";"Reta";"Rural";2;0;1;0;1;0;1;2
83511394;"28/10/16";"Sexta";"21:55:00";"AC";364;"125";"RIO BRANCO";"Outras";"Queda de motocicleta / bicicleta / veículo";"Com Vítimas Feridas";"Plena noite";"Decrescente";"Nublado";"Dupla";"Reta";"Urbano";1;0;1;0;0;0;1;1
83511395;"28/10/16";"Sexta";"20:00:00";"PE";232;"145";"SAO CAITANO";"Falta de atenção";"Atropelamento de pessoa";"Com Vítimas Feridas";"Plena noite";"Decrescente";"Ceu Claro";"Dupla";"Reta";"Urbano";2;0;1;0;0;1;1;1
83511396;"29/10/16";"Sábado";"01:10:00";"PA";163;"996";"SANTAREM";"Ingestão de álcool";"Colisão frontal";"Com Vítimas Feridas";"Plena noite";"Decrescente";"Ceu Claro";"Simples";"Reta";"Urbano";2;0;0;1;1;0;1;2
83511397;"29/10/16";"Sábado";"02:00:00";"SC";470;"128";"LONTRAS";"Falta de atenção";"Colisão frontal";"Com Vítimas Fatais";"Plena noite";"Decrescente";"Nublado";"Simples";"Curva";"Urbano";6;4;0;1;1;0;1;2
83511398;"29/10/16";"Sábado";"00:20:00";"MS";262;"374,9";"TERENOS";"Outras";"Colisão frontal";"Com Vítimas Fatais";"Plena noite";"Crescente";"Ceu Claro";"Simples";"Reta";"Rural";40;1;1;0;38;0;1;2
83511399;"28/10/16";"Sexta";"16:30:00";"PB";230;"16,4";"JOAO PESSOA";"Falta de atenção";"Colisão traseira";"Sem Vítimas";"Pleno dia";"Crescente";"Ceu Claro";"Dupla";"Reta";"Urbano";4;0;0;0;4;0;0;3
83511400;"22/10/16";"Sábado";"23:40:00";"GO";40;"9,2";"LUZIANIA";"Outras";"Colisão com objeto fixo";"Com Vítimas Feridas";"Plena noite";"Crescente";"Ceu Claro";"Dupla";"Reta";"Urbano";1;0;1;0;0;0;1;1
83511401;"28/10/16";"Sexta";"20:00:00";"AL";104;"51,5";"BRANQUINHA";"Outras";"Atropelamento de pessoa";"Com Vítimas Fatais";"Plena noite";"Decrescente";"Ceu Claro";"Simples";"Reta";"Rural";2;1;0;1;0;0;1;1
83511402;"29/10/16";"Sábado";"00:45:00";"SC";470;"68,8";"INDAIAL";"Outras";"Colisão Transversal";"Com Vítimas Feridas";"Plena noite";"Crescente";"Ceu Claro";"Simples";"Reta";"Urbano";5;0;1;3;1;0;4;2
83511403;"24/10/16";"Segunda";"19:20:00";"CE";222;"117,5";"ITAPAGE";"Não guardar distância de segurança";"Colisão lateral";"Com Vítimas Feridas";"Plena noite";"Decrescente";"Ceu Claro";"Simples";"Reta";"Rural";2;0;0;1;0;1;1;2
83511404;"28/10/16";"Sexta";"15:00:00";"BA";116;"496";"SANTA TERESINHA";"Outras";"Incêndio";"Sem Vítimas";"Pleno dia";"Crescente";"Ceu Claro";"Simples";"Reta";"Rural";1;0;0;0;1;0;0;1
83511405;"28/10/16";"Sexta";"14:40:00";"PR";373;"174,3";"PONTA GROSSA";"Falta de atenção";"Colisão traseira";"Com Vítimas Feridas";"Pleno dia";"Decrescente";"Ceu Claro";"Dupla";"Reta";"Urbano";3;0;1;0;1;1;1;3
83511406;"28/10/16";"Sexta";"22:00:00";"MT";364;"494,5";"JANGADA";"Falta de atenção";"Colisão traseira";"Sem Vítimas";"Plena noite";"Crescente";"Ceu Claro";"Simples";"Reta";"Urbano";2;0;0;0;2;0;0;2
83511407;"28/10/16";"Sexta";"20:00:00";"RN";427;"100,6";"CAICO";"Falta de atenção";"Colisão Transversal";"Com Vítimas Feridas";"Plena noite";"Crescente";"Ceu Claro";"Simples";"Reta";"Urbano";2;0;1;0;1;0;1;2
83511408;"29/10/16";"Sábado";"05:00:00";"SC";470;"71,4";"INDAIAL";"Outras";"Atropelamento de pessoa";"Com Vítimas Feridas";"Plena noite";"Crescente";"Ceu Claro";"Simples";"Reta";"Urbano";2;0;0;1;0;1;1;1
83511409;"28/10/16";"Sexta";"10:20:00";"ES";101;"267";"SERRA";"Não guardar distância de segurança";"Colisão lateral";"Com Vítimas Feridas";"Pleno dia";"Decrescente";"Sol";"Múltipla";"Reta";"Urbano";2;0;1;0;0;1;1;2
83511410;"28/10/16";"Sexta";"23:00:00";"SP";116;"58";"GUARATINGUETA";"Outras";"Saída de Pista";"Sem Vítimas";"Plena noite";"Crescente";"Nublado";"Dupla";"Reta";"Rural";1;0;0;0;1;0;0;1
83511411;"29/10/16";"Sábado";"04:00:00";"RJ";116;"226,3";"PIRAI";"Defeito mecânico em veículo";"Colisão com objeto fixo";"Sem Vítimas";"Plena noite";"Decrescente";"Chuva";"Simples";"Reta";"Rural";1;0;0;0;1;0;0;1
83511412;"29/10/16";"Sábado";"04:30:00";"PR";376;"184";"SARANDI";"Desobediência à sinalização";"Colisão traseira";"Com Vítimas Feridas";"Plena noite";"Decrescente";"Ceu Claro";"Dupla";"Curva";"Urbano";2;0;1;0;1;0;1;2
83511413;"28/10/16";"Sexta";"22:02:00";"MA";316;"569";"CAXIAS";"Ultrapassagem indevida";"Colisão lateral";"Com Vítimas Feridas";"Plena noite";"Decrescente";"Ceu Claro";"Simples";"Reta";"Rural";4;0;4;0;0;0;4;2
83511415;"28/10/16";"Sexta";"22:00:00";"CE";222;"4,8";"CAUCAIA";"Outras";"Colisão frontal";"Sem Vítimas";"Plena noite";"Crescente";"Ceu Claro";"Múltipla";"Reta";"Urbano";2;0;0;0;2;0;0;2
83511416;"28/10/16";"Sexta";"18:15:00";"BA";101;"196";"CONCEICAO DA FEIRA";"Outras";"Colisão traseira";"Sem Vítimas";"Plena noite";"Crescente";"Ceu Claro";"Simples";"Curva";"Rural";2;0;0;0;2;0;0;2
83511417;"29/10/16";"Sábado";"04:00:00";"PR";376;"208";"MANDAGUARI";"Ingestão de álcool";"Saída de Pista";"Sem Vítimas";"Plena noite";"Crescente";"Ceu Claro";"Simples";"Curva";"Rural";1;0;0;0;1;0;0;1
83511418;"29/10/16";"Sábado";"04:50:00";"SP";116;"70,9";"APARECIDA";"Falta de atenção";"Capotamento";"Sem Vítimas";"Plena noite";"Crescente";"Nublado";"Dupla";"Reta";"Rural";1;0;0;0;1;0;0;1
83511419;"28/10/16";"Sexta";"22:30:00";"BA";20;"151";"SAO DESIDERIO";"Defeito mecânico em veículo";"Colisão traseira";"Com Vítimas Fatais";"Plena noite";"Decrescente";"Ceu Claro";"Simples";"Reta";"Rural";3;1;0;0;2;0;0;2
83511420;"28/10/16";"Sexta";"17:40:00";"SP";116;"182";"GUARAREMA";"Falta de atenção";"Colisão traseira";"Sem Vítimas";"Pleno dia";"Decrescente";"Ceu Claro";"Múltipla";"Reta";"Urbano";2;0;0;0;2;0;0;2
83511421;"28/10/16";"Sexta";"22:30:00";"GO";153;"69";"PORANGATU";"Falta de atenção";"Colisão lateral";"Sem Vítimas";"Plena noite";"Decrescente";"Chuva";"Simples";"Reta";"Urbano";2;0;0;0;2;0;0;2
83511422;"29/10/16";"Sábado";"04:25:00";"PA";316;"64,4";"CASTANHAL";"Ingestão de álcool";"Colisão traseira";"Com Vítimas Feridas";"Plena noite";"Crescente";"Nublado";"Dupla";"Reta";"Urbano";3;0;0;1;0;2;1;2
83511423;"28/10/16";"Sexta";"22:20:00";"GO";414;"411,5";"ABADIANIA";"Defeito mecânico em veículo";"Colisão lateral";"Sem Vítimas";"Plena noite";"Decrescente";"Ceu Claro";"Simples";"Reta";"Rural";3;0;0;0;3;0;0;3
83511424;"28/10/16";"Sexta";"10:30:00";"ES";101;"268,9";"SERRA";"Não guardar distância de segurança";"Atropelamento de pessoa";"Com Vítimas Feridas";"Pleno dia";"Crescente";"Nublado";"Múltipla";"Reta";"Urbano";2;0;1;1;0;0;2;1
83511425;"28/10/16";"Sexta";"16:50:00";"SC";282;"57,5";"RANCHO QUEIMADO";"Falta de atenção";"Colisão Transversal";"Com Vítimas Feridas";"Pleno dia";"Crescente";"Ceu Claro";"Simples";"Cruzamento";"Rural";2;0;0;1;1;0;1;2
83511426;"28/10/16";"Sexta";"18:20:00";"MG";365;"11";"MONTES CLAROS";"Velocidade incompatível";"Saída de Pista";"Com Vítimas Feridas";"Plena noite";"Crescente";"Chuva";"Simples";"Curva";"Rural";2;0;0;2;0;0;2;1
83511427;"29/10/16";"Sábado";"05:50:00";"PR";476;"133";"CURITIBA";"Velocidade incompatível";"Colisão Transversal";"Sem Vítimas";"Pleno dia";"Crescente";"Ceu Claro";"Dupla";"Reta";"Urbano";2;0;0;0;2;0;0;2
83511430;"27/10/16";"Quinta";"19:10:00";"PA";316;"4";"ANANINDEUA";"Falta de atenção";"Colisão lateral";"Com Vítimas Feridas";"Anoitecer";"Crescente";"Ceu Claro";"Dupla";"Reta";"Urbano";3;0;2;0;1;0;2;2
83511431;"28/10/16";"Sexta";"21:50:00";"BA";324;"424";"RIACHAO DO JACUIPE";"Ingestão de álcool";"Colisão frontal";"Com Vítimas Feridas";"Plena noite";"Crescente";"Ceu Claro";"Simples";"Reta";"Rural";2;0;1;1;0;0;2;2
83511432;"21/10/16";"Sexta";"15:20:00";"ES";101;"241,6";"SERRA";"Falta de atenção";"Colisão com objeto fixo";"Sem Vítimas";"Pleno dia";"Decrescente";"Sol";"Múltipla";"Reta";"Urbano";1;0;0;0;1;0;0;1
83511433;"28/10/16";"Sexta";"15:00:00";"AL";101;"38";"JOAQUIM GOMES";"Outras";"Queda de motocicleta / bicicleta / veículo";"Com Vítimas Feridas";"Pleno dia";"Crescente";"Ceu Claro";"Dupla";"Reta";"Rural";2;0;1;1;0;0;2;1
83511434;"22/10/16";"Sábado";"05:00:00";"BA";324;"526";"FEIRA DE SANTANA";"Falta de atenção";"Colisão Transversal";"Com Vítimas Feridas";"Amanhecer";"Crescente";"Ceu Claro";"Dupla";"Reta";"Rural";7;0;6;0;1;0;6;2
83511435;"25/10/16";"Terça";"18:10:00";"GO";60;"163";"GOIANIA";"Falta de atenção";"Colisão traseira";"Com Vítimas Feridas";"Pleno dia";"Crescente";"Chuva";"Dupla";"Reta";"Urbano";4;0;0;1;3;0;1;2
83511436;"28/10/16";"Sexta";"18:45:00";"MG";116;"642,3";"FERVEDOURO";"Velocidade incompatível";"Saída de Pista";"Com Vítimas Feridas";"Anoitecer";"Crescente";"Nublado";"Simples";"Curva";"Rural";1;0;0;1;0;0;1;1