"id";"data_inversa";"dia_semana";"horario";"uf";"br";"km";"municipio";"causa_acidente";"tipo_acidente";"classificacao_acidente";"fase_dia";"sentido_via";"condicao_metereologica";"tipo_pista";"tracado_via";"uso_solo";"pessoas";"mortos";"feridos_leves";"feridos_graves";"ilesos";"ignorados";"feridos";"veiculos"
83511437;"28/10/16";"Sexta";"16:00:00";"MG";153;"0,5";"ARAPORA";"Defeito mecânico em veículo";"Saída de Pista";"Sem Vítimas";"Pleno dia";"Decrescente";"Ceu Claro";"Dupla";"Reta";"Urbano";1;0;0;0;1;0;0;1
83511438;"30/09/16";"Sexta";"22:00:00";"MG";262;"521";"LUZ";"Outras";"Saída de Pista";"Ignorado";"Plena noite";"Decrescente";"Ceu Claro";"Simples";"Reta";"Urbano";1;0;0;0;0;1;0;1
83511439;"29/10/16";"Sábado";"05:30:00";"PR";116;"89,2";"SAO JOSE DOS PINHAIS";"Dormindo";"Saída de Pista";"Com Vítimas Fatais";"Amanhecer";"Decrescente";"Nublado";"Dupla";"Reta";"Rural";1;1;0;0;0;0;0;1
83511440;"26/10/16";"Quarta";"07:30:00";"SP";116;"137,7";"SAO JOSE DOS CAMPOS";"Falta de atenção";"Colisão traseira";"Com Vítimas Feridas";"Pleno dia";"Crescente";"Ceu Claro";"Dupla";"Reta";"Urbano";8;0;4;0;4;0;4;4
83511441;"29/10/16";"Sábado";"06:00:00";"MG";116;"706,8";"MURIAE";"Dormindo";"Saída de Pista";"Com Vítimas Feridas";"Amanhecer";"Decrescente";"Nublado";"Simples";"Reta";"Urbano";5;0;5;0;0;0;5;1
83511442;"29/10/16";"Sábado";"07:30:00";"RS";158;"251,1";"JULIO DE CASTILHOS";"Dormindo";"Saída de Pista";"Sem Vítimas";"Amanhecer";"Crescente";"Ceu Claro";"Simples";"Reta";"Rural";1;0;0;0;1;0;0;1
83511443;"25/10/16";"Terça";"15:25:00";"SC";101;"107,8";"PENHA";"Outras";"Colisão traseira";"Sem Vítimas";"Pleno dia";"Decrescente";"Chuva";"Dupla";"Reta";"Rural";2;0;0;0;2;0;0;2
83511444;"25/10/16";"Terça";"19:20:00";"SP";381;"75";"SAO PAULO";"Velocidade incompatível";"Capotamento";"Sem Vítimas";"Anoitecer";"Decrescente";"Chuva";"Dupla";"Curva";"Rural";1;0;0;0;1;0;0;1
83511445;"26/10/16";"Quarta";"07:00:00";"MG";365;"0,1";"MONTES CLAROS";"Falta de atenção";"Colisão traseira";"Com Vítimas Feridas";"Pleno dia";"Crescente";"Ceu Claro";"Simples";"Reta";"Rural";3;0;2;0;1;0;2;2
83511446;"28/10/16";"Sexta";"22:50:00";"MT";364;"269,7";"JACIARA";"Animais na Pista";"Saída de Pista";"Sem Vítimas";"Plena noite";"Decrescente";"Ceu Claro";"Simples";"Reta";"Rural";1;0;0;0;1;0;0;1
83511447;"29/10/16";"Sábado";"07:00:00";"SC";470;"77,5";"INDAIAL";"Ultrapassagem indevida";"Colisão frontal";"Com Vítimas Feridas";"Pleno dia";"Crescente";"Ceu Claro";"Simples";"Reta";"Urbano";5;0;0;4;1;0;4;3
83511448;"29/10/16";"Sábado";"05:55:00";"SP";116;"273,2";"TABOAO DA SERRA";"Velocidade incompatível";"Colisão lateral";"Sem Vítimas";"Amanhecer";"Crescente";"Nublado";"Dupla";"Reta";"Urbano";2;0;0;0;2;0;0;2
83511449;"29/10/16";"Sábado";"04:00:00";"RO";364;"241,6";"CACOAL";"Ingestão de álcool";"Colisão com objeto fixo";"Com Vítimas Feridas";"Plena noite";"Decrescente";"Nublado";"Simples";"Reta";"Urbano";1;0;1;0;0;0;1;1
83511450;"29/10/16";"Sábado";"05:45:00";"RJ";101;"314";"SAO GONCALO";"Falta de atenção";"Colisão lateral";"Com Vítimas Feridas";"Pleno dia";"Crescente";"Ceu Claro";"Dupla";"Reta";"Urbano";2;0;1;0;1;0;1;2
83511451;"29/10/16";"Sábado";"05:30:00";"SP";153;"223";"MARILIA";"Outras";"Incêndio";"Sem Vítimas";"Pleno dia";"Decrescente";"Ceu Claro";"Simples";"Reta";"Rural";1;0;0;0;1;0;0;1
83511452;"05/10/16";"Quarta";"17:40:00";"RJ";40;"86";"PETROPOLIS";"Outras";"Colisão lateral";"Com Vítimas Feridas";"Pleno dia";"Decrescente";"Nublado";"Simples";"Reta";"Urbano";2;0;1;0;1;0;1;2
83511453;"29/10/16";"Sábado";"04:15:00";"TO";153;"84,3";"WANDERLANDIA";"Outras";"Incêndio";"Sem Vítimas";"Plena noite";"Crescente";"Ceu Claro";"Simples";"Reta";"Rural";1;0;0;0;1;0;0;1
83511454;"25/10/16";"Terça";"17:10:00";"SC";101;"254,8";"PAULO LOPES";"Velocidade incompatível";"Saída de Pista";"Sem Vítimas";"Pleno dia";"Decrescente";"Chuva";"Dupla";"Curva";"Rural";1;0;0;0;1;0;0;1
83511455;"29/10/16";"Sábado";"06:40:00";"PB";230;"132";"CAMPINA GRANDE";"Defeito mecânico em veículo";"Queda de motocicleta / bicicleta / veículo";"Com Vítimas Feridas";"Pleno dia";"Crescente";"Ceu Claro";"Dupla";"Reta";"Rural";2;0;1;1;0;0;2;1
83511456;"17/10/16";"Segunda";"19:30:00";"ES";101;"266,1";"SERRA";"Falta de atenção";"Atropelamento de pessoa";"Com Vítimas Feridas";"Plena noite";"Crescente";"Ceu Claro";"Múltipla";"Cruzamento";"Urbano";2;0;0;1;1;0;1;1
83511457;"29/10/16";"Sábado";"07:30:00";"PR";476;"127";"CURITIBA";"Ingestão de álcool";"Incêndio";"Ignorado";"Pleno dia";"Crescente";"Nublado";"Dupla";"Reta";"Urbano";1;0;0;0;0;1;0;1
83511458;"19/10/16";"Quarta";"19:55:00";"MT";364;"344,1";"RONDONOPOLIS";"Animais na Pista";"Atropelamento de animal";"Com Vítimas Feridas";"Plena noite";"Crescente";"Ceu Claro";"Simples";"Reta";"Rural";1;0;1;0;0;0;1;1
83511459;"21/10/16";"Sexta";"21:30:00";"ES";101;"0,5";"SERRA";"Falta de atenção";"Atropelamento de pessoa";"Com Vítimas Feridas";"Plena noite";"Crescente";"Ceu Claro";"Dupla";"Cruzamento";"Urbano";2;0;1;0;1;0;1;1
83511460;"27/10/16";"Quinta";"16:00:00";"MG";40;"528";"CONTAGEM";"Outras";"Capotamento";"Sem Vítimas";"Pleno dia";"Crescente";"Sol";"Dupla";"Reta";"Urbano";1;0;0;0;1;0;0;1
83511461;"26/10/16";"Quarta";"17:40:00";"MT";364;"484";"JANGADA";"Outras";"Queda de motocicleta / bicicleta / veículo";"Com Vítimas Feridas";"Anoitecer";"Decrescente";"Chuva";"Simples";"Reta";"Rural";2;0;2;0;0;0;2;1
83511462;"25/10/16";"Terça";"14:40:00";"MG";381;"921,3";"CAMANDUCAIA";"Velocidade incompatível";"Colisão traseira";"Com Vítimas Feridas";"Pleno dia";"Decrescente";"Ceu Claro";"Dupla";"Reta";"Rural";2;0;1;0;1;0;1;2
83511463;"07/10/16";"Sexta";"10:00:00";"PR";476;"321";"PAULO FRONTIN";"Defeito mecânico em veículo";"Saída de Pista";"Com Vítimas Feridas";"Plena noite";"Decrescente";"Chuva";"Simples";"Reta";"Rural";1;0;1;0;0;0;1;1
83511464;"25/10/16";"Terça";"14:15:00";"PR";373;"223,5";"IMBITUVA";"Falta de atenção";"Colisão Transversal";"Sem Vítimas";"Pleno dia";"Decrescente";"Ceu Claro";"Simples";"Reta";"Rural";2;0;0;0;2;0;0;2
83511465;"26/10/16";"Quarta";"13:00:00";"MT";158;"746";"BARRA DO GARCAS";"Outras";"Saída de Pista";"Com Vítimas Feridas";"Pleno dia";"Decrescente";"Ceu Claro";"Simples";"Reta";"Rural";1;0;1;0;0;0;1;1
83511466;"28/10/16";"Sexta";"21:40:00";"MT";163;"1031";"PEIXOTO DE AZEVEDO";"Velocidade incompatível";"Atropelamento de pessoa";"Com Vítimas Feridas";"Plena noite";"Crescente";"Nublado";"Simples";"Reta";"Urbano";2;0;0;1;0;1;1;1
83511467;"27/10/16";"Quinta";"17:50:00";"MG";381;"628,5";"OLIVEIRA";"Outras";"Colisão traseira";"Com Vítimas Feridas";"Pleno dia";"Decrescente";"Nublado";"Dupla";"Curva";"Rural";3;0;1;0;2;0;1;2
83511468;"29/10/16";"Sábado";"07:00:00";"SP";116;"549,9";"BARRA DO TURVO";"Velocidade incompatível";"Colisão com objeto fixo";"Sem Vítimas";"Amanhecer";"Decrescente";"Chuva";"Dupla";"Curva";"Rural";4;0;0;0;4;0;0;1
83511469;"29/10/16";"Sábado";"08:00:00";"SP";116;"547,8";"BARRA DO TURVO";"Outras";"Colisão com objeto fixo";"Sem Vítimas";"Pleno dia";"Decrescente";"Chuva";"Dupla";"Curva";"Urbano";4;0;0;0;4;0;0;1
83511470;"29/10/16";"Sábado";"07:20:00";"BA";116;"426";"FEIRA DE SANTANA";"Outras";"Colisão com objeto fixo";"Sem Vítimas";"Pleno dia";"Crescente";"Sol";"Simples";"Reta";"Urbano";1;0;0;0;1;0;0;1
83511471;"22/10/16";"Sábado";"03:00:00";"ES";101;"264,3";"SERRA";"Desobediência à sinalização";"Colisão Transversal";"Com Vítimas Feridas";"Plena noite";"Decrescente";"Nublado";"Múltipla";"Cruzamento";"Urbano";2;0;0;1;1;0;1;2
83511472;"19/10/16";"Quarta";"22:50:00";"MG";40;"591,3";"ITABIRITO";"Animais na Pista";"Capotamento";"Sem Vítimas";"Amanhecer";"Crescente";"Nublado";"Dupla";"Reta";"Rural";1;0;0;0;1;0;0;1
83511473;"29/10/16";"Sábado";"08:30:00";"MG";381;"342";"BELA VISTA DE MINAS";"Falta de atenção";"Saída de Pista";"Com Vítimas Feridas";"Pleno dia";"Decrescente";"Chuva";"Simples";"Curva";"Rural";2;0;2;0;0;0;2;1
83511474;"29/10/16";"Sábado";"07:00:00";"RJ";101;"314";"SAO GONCALO";"Dormindo";"Saída de Pista";"Com Vítimas Feridas";"Pleno dia";"Decrescente";"Nublado";"Dupla";"Reta";"Urbano";1;0;1;0;0;0;1;1
83511475;"29/10/16";"Sábado";"08:00:00";"PA";316;"8";"ANANINDEUA";"Dormindo";"Colisão traseira";"Sem Vítimas";"Pleno dia";"Crescente";"Ceu Claro";"Múltipla";"Reta";"Urbano";3;0;0;0;3;0;0;3
83511477;"26/10/16";"Quarta";"00:45:00";"SC";101;"261";"GAROPABA";"Velocidade incompatível";"Capotamento";"Com Vítimas Feridas";"Plena noite";"Decrescente";"Chuva";"Dupla";"Reta";"Rural";2;0;2;0;0;0;2;1
83511478;"28/10/16";"Sexta";"03:50:00";"PR";277;"590";"CASCAVEL";"Ingestão de álcool";"Colisão lateral";"Sem Vítimas";"Plena noite";"Crescente";"Ceu Claro";"Simples";"Reta";"Urbano";2;0;0;0;2;0;0;2
83511479;"08/10/16";"Sábado";"17:00:00";"SE";101;"93,7";"NOSSA SENHORA DO SOCORRO";"Falta de atenção";"Colisão traseira";"Sem Vítimas";"Anoitecer";"Crescente";"Ceu Claro";"Dupla";"Reta";"Urbano";3;0;0;0;3;0;0;2
83511480;"29/10/16";"Sábado";"10:45:00";"SC";101;"413,7";"ARARANGUA";"Desobediência à sinalização";"Colisão Transversal";"Com Vítimas Feridas";"Pleno dia";"Crescente";"Ceu Claro";"Simples";"Cruzamento";"Urbano";3;0;1;0;2;0;1;2
83511481;"29/10/16";"Sábado";"09:30:00";"PR";376;"151,8";"MANDAGUACU";"Outras";"Incêndio";"Sem Vítimas";"Pleno dia";"Crescente";"Ceu Claro";"Dupla";"Reta";"Rural";1;0;0;0;1;0;0;1
83511482;"25/10/16";"Terça";"21:00:00";"MG";40;"71";"PARACATU";"Outras";"Colisão traseira";"Sem Vítimas";"Plena noite";"Decrescente";"Ceu Claro";"Simples";"Curva";"Rural";3;0;0;0;3;0;0;3
83511483;"29/10/16";"Sábado";"11:00:00";"SC";101;"221";"PALHOCA";"Falta de atenção";"Colisão lateral";"Sem Vítimas";"Pleno dia";"Decrescente";"Sol";"Dupla";"Reta";"Rural";2;0;0;0;2;0;0;2
83511484;"27/10/16";"Quinta";"20:30:00";"PR";277;"550,7";"CATANDUVAS";"Ingestão de álcool";"Colisão lateral";"Com Vítimas Feridas";"Plena noite";"Decrescente";"Ceu Claro";"Simples";"Curva";"Rural";3;0;1;0;2;0;1;2
83511485;"28/10/16";"Sexta";"04:40:00";"BA";242;"626";"MUQUEM DO SAO FRANCISCO";"Ultrapassagem indevida";"Colisão lateral";"Sem Vítimas";"Amanhecer";"Decrescente";"Ceu Claro";"Simples";"Reta";"Rural";2;0;0;0;2;0;0;2
83511486;"29/10/16";"Sábado";"09:20:00";"RS";290;"97";"PORTO ALEGRE";"Falta de atenção";"Colisão traseira";"Com Vítimas Feridas";"Pleno dia";"Decrescente";"Sol";"Dupla";"Reta";"Urbano";2;0;1;0;0;1;1;2
83511487;"29/10/16";"Sábado";"10:20:00";"MG";381;"821,1";"CAREACU";"Outras";"Capotamento";"Com Vítimas Feridas";"Pleno dia";"Decrescente";"Ceu Claro";"Dupla";"Reta";"Rural";4;0;2;0;2;0;2;1
83511488;"29/10/16";"Sábado";"09:00:00";"MG";262;"188";"SAO DOMINGOS DO PRATA";"Velocidade incompatível";"Capotamento";"Com Vítimas Feridas";"Pleno dia";"Decrescente";"Chuva";"Simples";"Reta";"Rural";2;0;2;0;0;0;2;1
83511489;"28/10/16";"Sexta";"06:30:00";"SP";116;"51";"LORENA";"Falta de atenção";"Colisão com objeto fixo";"Com Vítimas Feridas";"Amanhecer";"Crescente";"Ceu Claro";"Simples";"Curva";"Rural";1;0;1;0;0;0;1;1
83511490;"29/10/16";"Sábado";"11:00:00";"MG";50;"36";"ARAGUARI";"Defeito mecânico em veículo";"Queda de motocicleta / bicicleta / veículo";"Com Vítimas Feridas";"Pleno dia";"Crescente";"Ceu Claro";"Dupla";"Reta";"Urbano";2;0;1;0;1;0;1;1
83511491;"29/10/16";"Sábado";"09:00:00";"BA";116;"465";"SANTO ESTEVAO";"Falta de atenção";"Colisão com objeto fixo";"Com Vítimas Feridas";"Pleno dia";"Decrescente";"Sol";"Simples";"Reta";"Urbano";2;0;0;1;1;0;1;1
83511492;"29/10/16";"Sábado";"06:30:00";"SC";101;"204,4";"SAO JOSE";"Velocidade incompatível";"Colisão com objeto fixo";"Sem Vítimas";"Pleno dia";"Crescente";"Ceu Claro";"Múltipla";"Reta";"Urbano";1;0;0;0;1;0;0;1
83511493;"29/10/16";"Sábado";"10:00:00";"SC";282;"345";"CAMPOS NOVOS";"Velocidade incompatível";"Saída de Pista";"Sem Vítimas";"Pleno dia";"Crescente";"Ceu Claro";"Simples";"Reta";"Rural";4;0;0;0;4;0;0;1
83511494;"26/10/16";"Quarta";"21:00:00";"MT";70;"571,7";"NOSSA SENHORA DO LIVRAMENTO";"Velocidade incompatível";"Saída de Pista";"Com Vítimas Feridas";"Plena noite";"Crescente";"Chuva";"Simples";"Curva";"Rural";2;0;2;0;0;0;2;1
83511495;"15/09/16";"Quinta";"21:19:00";"PR";277;"3";"FOZ DO IGUACU";"Desobediência à sinalização";"Colisão Transversal";"Com Vítimas Feridas";"Plena noite";"Crescente";"Ignorada";"Dupla";"Reta";"Urbano";3;0;1;1;1;0;2;2
83511496;"29/10/16";"Sábado";"08:40:00";"MG";251;"515,2";"MONTES CLAROS";"Velocidade incompatível";"Colisão com objeto fixo";"Com Vítimas Feridas";"Pleno dia";"Crescente";"Chuva";"Simples";"Reta";"Rural";4;0;2;0;2;0;2;1
83511497;"29/10/16";"Sábado";"10:40:00";"PR";116;"15";"CAMPINA GRANDE DO SUL";"Outras";"Saída de Pista";"Sem Vítimas";"Pleno dia";"Crescente";"Chuva";"Dupla";"Curva";"Rural";4;0;0;0;4;0;0;1
83511498;"29/10/16";"Sábado";"12:10:00";"PR";116;"122,5";"CURITIBA";"Velocidade incompatível";"Colisão traseira";"Com Vítimas Feridas";"Pleno dia";"Crescente";"Ceu Claro";"Dupla";"Curva";"Urbano";2;0;0;1;1;0;1;2
83511499;"29/10/16";"Sábado";"11:35:00";"GO";60;"84";"ANAPOLIS";"Outras";"Colisão lateral";"Com Vítimas Feridas";"Pleno dia";"Crescente";"Ceu Claro";"Dupla";"Reta";"Rural";2;0;2;0;0;0;2;2
83511500;"25/10/16";"Terça";"18:00:00";"MG";40;"726,9";"OLIVEIRA FORTES";"Velocidade incompatível";"Colisão com objeto fixo";"Com Vítimas Feridas";"Anoitecer";"Crescente";"Chuva";"Dupla";"Curva";"Rural";1;0;1;0;0;0;1;1
83511501;"29/10/16";"Sábado";"08:30:00";"RO";364;"700,9";"PORTO VELHO";"Defeito mecânico em veículo";"Queda de motocicleta / bicicleta / veículo";"Com Vítimas Feridas";"Pleno dia";"Crescente";"Ceu Claro";"Dupla";"Reta";"Urbano";2;0;2;0;0;0;2;1
83511502;"29/10/16";"Sábado";"13:45:00";"RS";116;"268,3";"CANOAS";"Não guardar distância de segurança";"Saída de Pista";"Sem Vítimas";"Pleno dia";"Crescente";"Ceu Claro";"Simples";"Reta";"Urbano";1;0;0;0;1;0;0;1
83511503;"29/10/16";"Sábado";"12:15:00";"SP";116;"503";"CAJATI";"Defeito mecânico em veículo";"Tombamento";"Sem Vítimas";"Pleno dia";"Decrescente";"Nublado";"Dupla";"Curva";"Rural";3;0;0;0;3;0;0;1
83511504;"29/10/16";"Sábado";"11:20:00";"PR";476;"117,1";"COLOMBO";"Falta de atenção";"Colisão traseira";"Com Vítimas Feridas";"Pleno dia";"Crescente";"Nublado";"Múltipla";"Reta";"Urbano";2;0;0;1;1;0;1;2
83511505;"29/10/16";"Sábado";"09:40:00";"MT";364;"338,6";"SANTO ANTONIO DO LEVERGER";"Falta de atenção";"Tombamento";"Sem Vítimas";"Pleno dia";"Decrescente";"Ceu Claro";"Simples";"Reta";"Rural";1;0;0;0;1;0;0;1
83511506;"29/10/16";"Sábado";"12:35:00";"PR";116;"121";"CURITIBA";"Outras";"Colisão Transversal";"Com Vítimas Feridas";"Pleno dia";"Crescente";"Sol";"Dupla";"Reta";"Rural";5;0;1;0;3;1;1;4
83511507;"29/10/16";"Sábado";"13:40:00";"SP";153;"60,8";"SAO JOSE DO RIO PRETO";"Falta de atenção";"Colisão com objeto móvel";"Com Vítimas Feridas";"Pleno dia";"Decrescente";"Sol";"Dupla";"Reta";"Urbano";1;0;0;1;0;0;1;1
83511508;"29/10/16";"Sábado";"13:40:00";"MG";40;"511";"RIBEIRAO DAS NEVES";"Falta de atenção";"Atropelamento de pessoa";"Com Vítimas Feridas";"Pleno dia";"Decrescente";"Nublado";"Dupla";"Reta";"Urbano";2;0;1;0;1;0;1;1
83511509;"29/10/16";"Sábado";"14:50:00";"SC";282;"16";"PALHOCA";"Não guardar distância de segurança";"Queda de motocicleta / bicicleta / veículo";"Com Vítimas Feridas";"Pleno dia";"Crescente";"Ceu Claro";"Simples";"Reta";"Urbano";1;0;1;0;0;0;1;1
83511510;"29/10/16";"Sábado";"13:00:00";"RJ";116;"172";"SAO JOAO DE MERITI";"Falta de atenção";"Atropelamento de pessoa";"Com Vítimas Feridas";"Pleno dia";"Crescente";"Nublado";"Dupla";"Reta";"Urbano";4;0;2;0;2;0;2;3
83511511;"29/10/16";"Sábado";"11:00:00";"RS";386;"253,2";"SOLEDADE";"Ultrapassagem indevida";"Colisão lateral";"Sem Vítimas";"Pleno dia";"Crescente";"Ceu Claro";"Simples";"Reta";"Urbano";2;0;0;0;2;0;0;2
83511512;"29/10/16";"Sábado";"12:00:00";"BA";116;"426";"FEIRA DE SANTANA";"Defeito mecânico em veículo";"Colisão traseira";"Sem Vítimas";"Plena noite";"Crescente";"Ceu Claro";"Simples";"Reta";"Urbano";4;0;0;0;4;0;0;3
83511513;"21/10/16";"Sexta";"08:20:00";"PA";316;"9";"MARITUBA";"Desobediência à sinalização";"Colisão com bicicleta";"Com Vítimas Feridas";"Pleno dia";"Crescente";"Sol";"Dupla";"Reta";"Urbano";3;0;2;0;0;1;2;2
83511514;"29/10/16";"Sábado";"11:35:00";"PR";277;"517,4";"GUARANIACU";"Ultrapassagem indevida";"Saída de Pista";"Sem Vítimas";"Pleno dia";"Decrescente";"Sol";"Simples";"Reta";"Rural";1;0;0;0;1;0;0;1
83511515;"29/10/16";"Sábado";"08:25:00";"RO";364;"860";"PORTO VELHO";"Animais na Pista";"Saída de Pista";"Sem Vítimas";"Pleno dia";"Decrescente";"Ceu Claro";"Simples";"Reta";"Rural";1;0;0;0;1;0;0;1
83511516;"29/10/16";"Sábado";"06:40:00";"MG";381;"808,4";"CAREACU";"Velocidade incompatível";"Capotamento";"Com Vítimas Feridas";"Amanhecer";"Decrescente";"Ceu Claro";"Dupla";"Reta";"Rural";1;0;1;0;0;0;1;1
83511517;"25/10/16";"Terça";"07:00:00";"SC";101;"157";"PORTO BELO";"Velocidade incompatível";"Colisão com objeto fixo";"Sem Vítimas";"Pleno dia";"Crescente";"Ceu Claro";"Múltipla";"Reta";"Urbano";1;0;0;0;1;0;0;1
83511518;"29/10/16";"Sábado";"15:40:00";"RS";386;"435,8";"NOVA SANTA RITA";"Desobediência à sinalização";"Colisão Transversal";"Sem Vítimas";"Pleno dia";"Decrescente";"Ceu Claro";"Dupla";"Cruzamento";"Urbano";2;0;0;0;2;0;0;2
83511519;"29/10/16";"Sábado";"13:30:00";"PR";476;"326";"PAULO FRONTIN";"Falta de atenção";"Colisão Transversal";"Sem Vítimas";"Pleno dia";"Crescente";"Sol";"Simples";"Reta";"Rural";2;0;0;0;2;0;0;2
83511520;"27/10/16";"Quinta";"13:41:00";"PR";163;"282,5";"MARECHAL CANDIDO RONDON";"Ingestão de álcool";"Tombamento";"Sem Vítimas";"Pleno dia";"Decrescente";"Ceu Claro";"Simples";"Reta";"Rural";1;0;0;0;1;0;0;1
83511521;"29/10/16";"Sábado";"15:40:00";"MG";381;"361";"JOAO MONLEVADE";"Falta de atenção";"Capotamento";"Sem Vítimas";"Pleno dia";"Decrescente";"Chuva";"Simples";"Curva";"Urbano";1;0;0;0;1;0;0;1
83511522;"29/10/16";"Sábado";"08:00:00";"PE";101;"43,2";"IGARASSU";"Falta de atenção";"Atropelamento de pessoa";"Com Vítimas Fatais";"Pleno dia";"Decrescente";"Nublado";"Simples";"Reta";"Urbano";3;1;0;0;2;0;0;1
83511523;"29/10/16";"Sábado";"15:45:00";"SC";101;"123,2";"ITAJAI";"Desobediência à sinalização";"Colisão Transversal";"Sem Vítimas";"Plena noite";"Decrescente";"Nublado";"Simples";"Cruzamento";"Urbano";2;0;0;0;2;0;0;2
83511524;"29/10/16";"Sábado";"13:45:00";"PR";277;"28";"MORRETES";"Outras";"Capotamento";"Com Vítimas Fatais";"Pleno dia";"Decrescente";"Nublado";"Dupla";"Curva";"Rural";2;1;1;0;0;0;1;1
83511525;"29/10/16";"Sábado";"12:40:00";"BA";110;"340";"ALAGOINHAS";"Falta de atenção";"Colisão Transversal";"Com Vítimas Feridas";"Pleno dia";"Crescente";"Ceu Claro";"Simples";"Cruzamento";"Urbano";4;0;3;0;1;0;3;2
83511526;"29/10/16";"Sábado";"07:30:00";"MG";381;"925,1";"ITAPEVA";"Velocidade incompatível";"Derramamento de Carga";"Sem Vítimas";"Pleno dia";"Crescente";"Ceu Claro";"Dupla";"Curva";"Rural";1;0;0;0;1;0;0;1
83511527;"29/10/16";"Sábado";"08:00:00";"GO";153;"302";"RIALMA";"Não guardar distância de segurança";"Colisão traseira";"Sem Vítimas";"Pleno dia";"Crescente";"Ceu Claro";"Simples";"Curva";"Urbano";2;0;0;0;2;0;0;2
83511528;"25/10/16";"Terça";"16:45:00";"SP";116;"227";"SAO PAULO";"Velocidade incompatível";"Colisão traseira";"Sem Vítimas";"Pleno dia";"Decrescente";"Chuva";"Múltipla";"Reta";"Urbano";3;0;0;0;2;1;0;3
83511529;"29/10/16";"Sábado";"14:00:00";"PR";376;"350,8";"ORTIGUEIRA";"Velocidade incompatível";"Colisão com objeto fixo";"Com Vítimas Feridas";"Pleno dia";"Decrescente";"Ceu Claro";"Simples";"Reta";"Urbano";2;0;1;0;0;1;1;1
83511530;"29/10/16";"Sábado";"16:45:00";"MG";40;"428";"PARAOPEBA";"Falta de atenção";"Colisão Transversal";"Sem Vítimas";"Pleno dia";"Crescente";"Ceu Claro";"Dupla";"Reta";"Rural";4;0;0;0;4;0;0;2
83511531;"17/10/16";"Segunda";"20:00:00";"RJ";116;"193,8";"QUEIMADOS";"Outras";"Colisão com bicicleta";"Com Vítimas Feridas";"Pleno dia";"Crescente";"Ceu Claro";"Dupla";"Reta";"Urbano";2;0;0;1;1;0;1;2
83511532;"13/10/16";"Quinta";"21:00:00";"RJ";116;"191";"QUEIMADOS";"Velocidade incompatível";"Colisão lateral";"Com Vítimas Feridas";"Plena noite";"Crescente";"Ceu Claro";"Dupla";"Reta";"Urbano";2;0;0;1;1;0;1;2
83511533;"29/10/16";"Sábado";"14:20:00";"GO";153;"573,7";"PROFESSOR JAMIL";"Defeito mecânico em veículo";"Queda de motocicleta / bicicleta / veículo";"Com Vítimas Feridas";"Pleno dia";"Crescente";"Sol";"Dupla";"Curva";"Rural";2;0;2;0;0;0;2;1
83511534;"29/10/16";"Sábado";"12:40:00";"MG";381;"347";"JOAO MONLEVADE";"Velocidade incompatível";"Saída de Pista";"Com Vítimas Feridas";"Pleno dia";"Decrescente";"Chuva";"Simples";"Curva";"Rural";2;0;2;0;0;0;2;1
83511535;"29/10/16";"Sábado";"16:10:00";"PR";376;"118,8";"ALTO PARANA";"Não guardar distância de segurança";"Colisão traseira";"Sem Vítimas";"Pleno dia";"Decrescente";"Sol";"Simples";"Reta";"Rural";4;0;0;0;4;0;0;4
83511536;"29/10/16";"Sábado";"15:00:00";"SC";280;"46,7";"GUARAMIRIM";"Outras";"Colisão Transversal";"Com Vítimas Feridas";"Pleno dia";"Decrescente";"Sol";"Simples";"Reta";"Rural";3;0;2;0;1;0;2;2
83511537;"28/10/16";"Sexta";"07:30:00";"GO";364;"190";"JATAI";"Desobediência à sinalização";"Colisão Transversal";"Com Vítimas Feridas";"Pleno dia";"Crescente";"Sol";"Múltipla";"Cruzamento";"Rural";19;0;14;3;2;0;17;2
83511538;"18/10/16";"Terça";"22:20:00";"SC";101;"203";"SAO JOSE";"Outras";"Colisão lateral";"Com Vítimas Feridas";"Plena noite";"Decrescente";"Nublado";"Dupla";"Curva";"Urbano";2;0;1;0;0;1;1;2
83511539;"29/10/16";"Sábado";"11:00:00";"RJ";116;"323,7";"ITATIAIA";"Não guardar distância de segurança";"Colisão com bicicleta";"Sem Vítimas";"Pleno dia";"Decrescente";"Ceu Claro";"Simples";"Reta";"Rural";2;0;0;0;2;0;0;2
83511540;"29/10/16";"Sábado";"16:00:00";"MG";50;"109,1";"UBERABA";"Outras";"Queda de motocicleta / bicicleta / veículo";"Com Vítimas Feridas";"Pleno dia";"Decrescente";"Ceu Claro";"Dupla";"Reta";"Rural";1;0;0;1;0;0;1;1
83511541;"29/10/16";"Sábado";"15:15:00";"PR";158;"510,1";"PATO BRANCO";"Ultrapassagem indevida";"Colisão frontal";"Com Vítimas Feridas";"Pleno dia";"Crescente";"Ceu Claro";"Simples";"Reta";"Rural";3;0;2;1;0;0;3;2
83511542;"29/10/16";"Sábado";"09:30:00";"ES";262;"52";"MARECHAL FLORIANO";"Velocidade incompatível";"Saída de Pista";"Com Vítimas Feridas";"Pleno dia";"Decrescente";"Chuva";"Simples";"Reta";"Rural";1;0;1;0;0;0;1;1
83511543;"29/10/16";"Sábado";"13:00:00";"MG";381;"314";"ANTONIO DIAS";"Velocidade incompatível";"Capotamento";"Com Vítimas Feridas";"Pleno dia";"Crescente";"Chuva";"Simples";"Curva";"Rural";2;0;2;0;0;0;2;1