"id";"data_inversa";"dia_semana";"horario";"uf";"br";"km";"municipio";"causa_acidente";"tipo_acidente";"classificacao_acidente";"fase_dia";"sentido_via";"condicao_metereologica";"tipo_pista";"tracado_via";"uso_solo";"pessoas";"mortos";"feridos_leves";"feridos_graves";"ilesos";"ignorados";"feridos";"veiculos"
83511544;"29/10/16";"Sábado";"16:40:00";"SC";282;"16";"PALHOCA";"Não guardar distância de segurança";"Colisão traseira";"Com Vítimas Feridas";"Pleno dia";"Crescente";"Ceu Claro";"Simples";"Reta";"Urbano";2;0;1;0;1;0;1;2
83511545;"29/10/16";"Sábado";"14:15:00";"MG";262;"22,1";"REDUTO";"Outras";"Saída de Pista";"Com Vítimas Feridas";"Pleno dia";"Crescente";"Chuva";"Simples";"Curva";"Rural";2;0;2;0;0;0;2;1
83511546;"29/10/16";"Sábado";"12:30:00";"MG";381;"291";"ANTONIO DIAS";"Velocidade incompatível";"Colisão lateral";"Com Vítimas Feridas";"Pleno dia";"Crescente";"Chuva";"Simples";"Curva";"Rural";3;0;1;0;2;0;1;3
83511547;"27/10/16";"Quinta";"19:40:00";"MG";40;"517";"RIBEIRAO DAS NEVES";"Animais na Pista";"Atropelamento de animal";"Com Vítimas Feridas";"Plena noite";"Decrescente";"Nublado";"Dupla";"Reta";"Urbano";2;0;1;0;1;0;1;2
83511548;"25/10/16";"Terça";"19:30:00";"ES";262;"104,7";"VENDA NOVA DO IMIGRANTE";"Outras";"Atropelamento de pessoa";"Com Vítimas Feridas";"Plena noite";"Crescente";"Chuva";"Simples";"Reta";"Urbano";2;0;0;1;0;1;1;1
83511549;"29/10/16";"Sábado";"16:30:00";"SC";470;"334";"CAMPOS NOVOS";"Velocidade incompatível";"Capotamento";"Com Vítimas Feridas";"Pleno dia";"Crescente";"Sol";"Simples";"Reta";"Rural";1;0;1;0;0;0;1;1
83511550;"27/10/16";"Quinta";"02:00:00";"BA";324;"403";"NOVA FATIMA";"Dormindo";"Colisão traseira";"Com Vítimas Feridas";"Plena noite";"Decrescente";"Ceu Claro";"Simples";"Reta";"Urbano";2;0;0;1;1;0;1;2
83511551;"29/10/16";"Sábado";"10:00:00";"PR";116;"38";"CAMPINA GRANDE DO SUL";"Velocidade incompatível";"Capotamento";"Sem Vítimas";"Pleno dia";"Crescente";"Chuva";"Dupla";"Curva";"Rural";1;0;0;0;1;0;0;1
83511552;"29/10/16";"Sábado";"06:50:00";"PA";316;"4";"ANANINDEUA";"Desobediência à sinalização";"Colisão lateral";"Sem Vítimas";"Pleno dia";"Decrescente";"Sol";"Dupla";"Reta";"Urbano";2;0;0;0;1;1;0;2
83511553;"29/10/16";"Sábado";"09:55:00";"GO";153;"697,7";"ITUMBIARA";"Outras";"Saída de Pista";"Com Vítimas Feridas";"Pleno dia";"Crescente";"Sol";"Dupla";"Reta";"Urbano";1;0;1;0;0;0;1;1
83511554;"29/10/16";"Sábado";"17:00:00";"SP";381;"54";"MAIRIPORA";"Falta de atenção";"Queda de motocicleta / bicicleta / veículo";"Com Vítimas Feridas";"Pleno dia";"Crescente";"Ceu Claro";"Dupla";"Reta";"Urbano";2;0;2;0;0;0;2;1
83511555;"29/10/16";"Sábado";"16:30:00";"SP";116;"145";"SAO JOSE DOS CAMPOS";"Não guardar distância de segurança";"Colisão traseira";"Sem Vítimas";"Pleno dia";"Decrescente";"Ceu Claro";"Múltipla";"Reta";"Urbano";2;0;0;0;2;0;0;2
83511556;"29/10/16";"Sábado";"14:24:00";"MT";364;"363";"SANTO ANTONIO DO LEVERGER";"Não guardar distância de segurança";"Colisão traseira";"Sem Vítimas";"Pleno dia";"Decrescente";"Ceu Claro";"Simples";"Reta";"Rural";2;0;0;0;2;0;0;2
83511557;"16/06/16";"Quinta";"06:30:00";"RJ";40;"45";"PETROPOLIS";"Não guardar distância de segurança";"Queda de motocicleta / bicicleta / veículo";"Ignorado";"Pleno dia";"Crescente";"Ceu Claro";"Dupla";"Reta";"Urbano";1;0;0;0;0;1;0;1
83511558;"29/10/16";"Sábado";"15:25:00";"BA";116;"563";"BREJOES";"Ingestão de álcool";"Colisão Transversal";"Com Vítimas Feridas";"Pleno dia";"Crescente";"Ceu Claro";"Simples";"Reta";"Rural";3;0;1;0;2;0;1;2
83511559;"29/10/16";"Sábado";"16:00:00";"BA";116;"422";"FEIRA DE SANTANA";"Falta de atenção";"Colisão lateral";"Com Vítimas Feridas";"Pleno dia";"Crescente";"Sol";"Simples";"Cruzamento";"Urbano";3;0;2;0;1;0;2;2
83511560;"29/10/16";"Sábado";"16:30:00";"MG";381;"342";"BELA VISTA DE MINAS";"Falta de atenção";"Colisão frontal";"Com Vítimas Feridas";"Pleno dia";"Crescente";"Chuva";"Simples";"Curva";"Urbano";5;0;5;0;0;0;5;2
83511561;"12/08/16";"Sexta";"21:30:00";"BA";324;"517,5";"FEIRA DE SANTANA";"Outras";"Queda de motocicleta / bicicleta / veículo";"Com Vítimas Feridas";"Plena noite";"Crescente";"Ceu Claro";"Simples";"Reta";"Urbano";1;0;1;0;0;0;1;1
83511562;"29/10/16";"Sábado";"13:30:00";"SP";116;"383";"MIRACATU";"Dormindo";"Capotamento";"Sem Vítimas";"Pleno dia";"Decrescente";"Nublado";"Dupla";"Reta";"Urbano";2;0;0;0;2;0;0;1
83511563;"29/10/16";"Sábado";"16:45:00";"RS";285;"519,8";"VITORIA DAS MISSOES";"Não guardar distância de segurança";"Colisão traseira";"Sem Vítimas";"Pleno dia";"Decrescente";"Sol";"Simples";"Curva";"Rural";3;0;0;0;3;0;0;2
83511564;"29/10/16";"Sábado";"13:45:00";"PR";277;"307,9";"GUARAPUAVA";"Velocidade incompatível";"Saída de Pista";"Sem Vítimas";"Pleno dia";"Crescente";"Ceu Claro";"Simples";"Curva";"Rural";1;0;0;0;1;0;0;1
83511565;"29/10/16";"Sábado";"18:40:00";"GO";153;"210";"URUACU";"Ingestão de álcool";"Colisão frontal";"Sem Vítimas";"Anoitecer";"Decrescente";"Sol";"Simples";"Reta";"Rural";2;0;0;0;2;0;0;2
83511566;"29/10/16";"Sábado";"15:45:00";"SP";116;"221";"GUARULHOS";"Não guardar distância de segurança";"Colisão traseira";"Sem Vítimas";"Pleno dia";"Crescente";"Ceu Claro";"Múltipla";"Reta";"Urbano";5;0;0;0;4;1;0;5
83511567;"29/10/16";"Sábado";"17:50:00";"GO";153;"502";"GOIANIA";"Falta de atenção";"Colisão traseira";"Sem Vítimas";"Pleno dia";"Decrescente";"Sol";"Dupla";"Reta";"Urbano";2;0;0;0;1;1;0;2
83511568;"21/10/16";"Sexta";"16:30:00";"CE";20;"424";"MARACANAU";"Falta de atenção";"Colisão traseira";"Sem Vítimas";"Anoitecer";"Crescente";"Ceu Claro";"Simples";"Reta";"Urbano";5;0;0;0;5;0;0;5
83511569;"29/10/16";"Sábado";"17:00:00";"TO";153;"338";"GUARAI";"Defeito mecânico em veículo";"Tombamento";"Com Vítimas Feridas";"Pleno dia";"Decrescente";"Ceu Claro";"Simples";"Reta";"Rural";2;0;2;0;0;0;2;1
83511570;"20/10/16";"Quinta";"17:10:00";"MG";262;"190";"SAO DOMINGOS DO PRATA";"Falta de atenção";"Capotamento";"Sem Vítimas";"Pleno dia";"Crescente";"Chuva";"Simples";"Reta";"Rural";1;0;0;0;1;0;0;1
83511571;"29/10/16";"Sábado";"19:35:00";"SP";153;"58,8";"SAO JOSE DO RIO PRETO";"Outras";"Colisão Transversal";"Com Vítimas Feridas";"Anoitecer";"Decrescente";"Ceu Claro";"Simples";"Cruzamento";"Urbano";2;0;1;0;1;0;1;2
83511572;"29/10/16";"Sábado";"17:15:00";"RS";101;"32";"TRES CACHOEIRAS";"Falta de atenção";"Colisão lateral";"Com Vítimas Feridas";"Pleno dia";"Decrescente";"Nublado";"Dupla";"Cruzamento";"Rural";4;0;2;0;2;0;2;2
83511573;"29/10/16";"Sábado";"17:30:00";"GO";60;"100";"ANAPOLIS";"Velocidade incompatível";"Colisão traseira";"Com Vítimas Feridas";"Pleno dia";"Decrescente";"Nublado";"Dupla";"Reta";"Urbano";5;0;2;0;3;0;2;2
83511574;"29/10/16";"Sábado";"17:40:00";"GO";60;"100";"ANAPOLIS";"Não guardar distância de segurança";"Colisão traseira";"Sem Vítimas";"Pleno dia";"Decrescente";"Ceu Claro";"Dupla";"Reta";"Urbano";3;0;0;0;3;0;0;3
83511575;"29/10/16";"Sábado";"18:30:00";"PR";376;"666";"GUARATUBA";"Velocidade incompatível";"Saída de Pista";"Com Vítimas Feridas";"Pleno dia";"Decrescente";"Nublado";"Dupla";"Curva";"Rural";1;0;1;0;0;0;1;1
83511576;"29/10/16";"Sábado";"08:20:00";"PR";476;"332";"PAULA FREITAS";"Defeito mecânico em veículo";"Colisão lateral";"Sem Vítimas";"Amanhecer";"Decrescente";"Ceu Claro";"Simples";"Reta";"Rural";2;0;0;0;2;0;0;2
83511577;"29/10/16";"Sábado";"07:30:00";"ES";101;"402,8";"ITAPEMIRIM";"Falta de atenção";"Tombamento";"Sem Vítimas";"Amanhecer";"Decrescente";"Chuva";"Simples";"Curva";"Rural";1;0;0;0;1;0;0;1
83511578;"29/10/16";"Sábado";"17:30:00";"PR";277;"501,3";"GUARANIACU";"Velocidade incompatível";"Saída de Pista";"Com Vítimas Feridas";"Pleno dia";"Crescente";"Sol";"Simples";"Curva";"Rural";3;0;1;2;0;0;3;1
83511579;"29/10/16";"Sábado";"18:45:00";"SC";101;"421,5";"ARARANGUA";"Outras";"Capotamento";"Com Vítimas Feridas";"Pleno dia";"Crescente";"Ceu Claro";"Dupla";"Reta";"Urbano";3;0;1;1;1;0;2;2
83511580;"29/10/16";"Sábado";"18:10:00";"SC";101;"416,7";"ARARANGUA";"Outras";"Colisão lateral";"Com Vítimas Feridas";"Pleno dia";"Crescente";"Sol";"Dupla";"Reta";"Urbano";3;0;2;0;1;0;2;2
83511581;"29/10/16";"Sábado";"12:15:00";"PR";163;"161";"LINDOESTE";"Defeito mecânico em veículo";"Tombamento";"Sem Vítimas";"Pleno dia";"Decrescente";"Sol";"Simples";"Reta";"Rural";1;0;0;0;1;0;0;1
83511582;"29/10/16";"Sábado";"12:40:00";"RJ";356;"88";"CARDOSO MOREIRA";"Velocidade incompatível";"Queda de motocicleta / bicicleta / veículo";"Com Vítimas Feridas";"Pleno dia";"Decrescente";"Nublado";"Simples";"Reta";"Rural";2;0;2;0;0;0;2;1
83511583;"29/10/16";"Sábado";"16:19:00";"SP";116;"207";"GUARULHOS";"Não guardar distância de segurança";"Colisão lateral";"Com Vítimas Feridas";"Pleno dia";"Crescente";"Ceu Claro";"Múltipla";"Reta";"Urbano";2;0;1;0;1;0;1;2
83511585;"29/10/16";"Sábado";"16:20:00";"CE";116;"7";"FORTALEZA";"Falta de atenção";"Colisão lateral";"Com Vítimas Feridas";"Pleno dia";"Decrescente";"Sol";"Múltipla";"Reta";"Urbano";3;0;2;0;1;0;2;2
83511586;"29/10/16";"Sábado";"06:10:00";"PI";343;"467,9";"SAO GONCALO DO PIAUI";"Defeito mecânico em veículo";"Incêndio";"Sem Vítimas";"Pleno dia";"Crescente";"Ceu Claro";"Simples";"Reta";"Rural";1;0;0;0;1;0;0;1
83511587;"29/10/16";"Sábado";"16:30:00";"CE";116;"350,2";"ICO";"Defeito mecânico em veículo";"Colisão com objeto móvel";"Sem Vítimas";"Pleno dia";"Crescente";"Ceu Claro";"Simples";"Reta";"Rural";3;0;0;0;3;0;0;3
83511588;"29/10/16";"Sábado";"19:30:00";"SC";101;"57";"ARAQUARI";"Ultrapassagem indevida";"Colisão com objeto fixo";"Com Vítimas Feridas";"Anoitecer";"Crescente";"Nublado";"Dupla";"Reta";"Rural";2;0;1;0;1;0;1;1
83511589;"29/10/16";"Sábado";"12:45:00";"PA";316;"2";"ANANINDEUA";"Outras";"Colisão Transversal";"Com Vítimas Feridas";"Pleno dia";"Crescente";"Ceu Claro";"Dupla";"Reta";"Urbano";3;0;2;0;1;0;2;3
83511590;"29/10/16";"Sábado";"19:05:00";"RS";392;"21,9";"RIO GRANDE";"Defeito mecânico em veículo";"Capotamento";"Sem Vítimas";"Pleno dia";"Crescente";"Ceu Claro";"Dupla";"Reta";"Urbano";2;0;0;0;2;0;0;1
83511591;"26/10/16";"Quarta";"06:00:00";"GO";153;"508";"APARECIDA DE GOIANIA";"Outras";"Colisão lateral";"Sem Vítimas";"Amanhecer";"Decrescente";"Ceu Claro";"Dupla";"Reta";"Urbano";2;0;0;0;2;0;0;2
83511592;"29/10/16";"Sábado";"18:20:00";"PR";369;"185";"ARAPONGAS";"Desobediência à sinalização";"Colisão Transversal";"Com Vítimas Feridas";"Pleno dia";"Crescente";"Ceu Claro";"Simples";"Cruzamento";"Urbano";5;0;1;0;4;0;1;2
83511593;"29/10/16";"Sábado";"18:40:00";"RN";101;"96,2";"NATAL";"Falta de atenção";"Colisão lateral";"Sem Vítimas";"Plena noite";"Decrescente";"Ceu Claro";"Dupla";"Cruzamento";"Urbano";2;0;0;0;2;0;0;2
83511594;"29/10/16";"Sábado";"19:30:00";"SC";101;"413,6";"ARARANGUA";"Outras";"Saída de Pista";"Com Vítimas Feridas";"Anoitecer";"Decrescente";"Ceu Claro";"Dupla";"Reta";"Rural";1;0;1;0;0;0;1;1
83511595;"29/10/16";"Sábado";"18:30:00";"MA";222;"670";"ACAILANDIA";"Falta de atenção";"Colisão traseira";"Com Vítimas Feridas";"Anoitecer";"Decrescente";"Ceu Claro";"Simples";"Reta";"Rural";3;0;0;2;0;1;2;2
83511596;"29/10/16";"Sábado";"17:00:00";"CE";116;"491,6";"BREJO SANTO";"Falta de atenção";"Colisão Transversal";"Com Vítimas Feridas";"Pleno dia";"Decrescente";"Sol";"Simples";"Reta";"Rural";3;0;0;1;2;0;1;2
83511597;"29/10/16";"Sábado";"20:15:00";"SC";116;"168";"PONTE ALTA DO NORTE";"Velocidade incompatível";"Colisão com objeto fixo";"Sem Vítimas";"Plena noite";"Crescente";"Ceu Claro";"Simples";"Reta";"Urbano";1;0;0;0;1;0;0;1
83511599;"29/10/16";"Sábado";"04:30:00";"PE";232;"220";"PESQUEIRA";"Falta de atenção";"Colisão frontal";"Com Vítimas Fatais";"Amanhecer";"Crescente";"Nublado";"Simples";"Reta";"Rural";3;2;0;1;0;0;1;2
83511600;"29/10/16";"Sábado";"11:45:00";"PR";277;"485";"NOVA LARANJEIRAS";"Outras";"Saída de Pista";"Com Vítimas Feridas";"Pleno dia";"Crescente";"Ceu Claro";"Simples";"Reta";"Urbano";1;0;0;1;0;0;1;1
83511601;"29/10/16";"Sábado";"15:55:00";"RS";392;"253,3";"CACAPAVA DO SUL";"Outras";"Saída de Pista";"Com Vítimas Feridas";"Pleno dia";"Crescente";"Sol";"Simples";"Curva";"Rural";1;0;1;0;0;0;1;1
83511602;"29/10/16";"Sábado";"18:45:00";"RJ";393;"216,1";"VASSOURAS";"Outras";"Colisão com bicicleta";"Com Vítimas Feridas";"Anoitecer";"Crescente";"Ceu Claro";"Simples";"Reta";"Rural";2;0;1;0;0;1;1;2
83511603;"29/10/16";"Sábado";"18:00:00";"SP";116;"567";"BARRA DO TURVO";"Outras";"Colisão Transversal";"Sem Vítimas";"Anoitecer";"Crescente";"Chuva";"Simples";"Curva";"Rural";2;0;0;0;2;0;0;2
83511604;"01/10/16";"Sábado";"16:00:00";"PE";423;"97";"GARANHUNS";"Outras";"Colisão traseira";"Com Vítimas Feridas";"Pleno dia";"Crescente";"Ceu Claro";"Simples";"Reta";"Urbano";2;0;1;0;1;0;1;2
83511605;"25/10/16";"Terça";"21:20:00";"ES";101;"67,6";"SAO MATEUS";"Desobediência à sinalização";"Colisão Transversal";"Com Vítimas Feridas";"Plena noite";"Decrescente";"Ceu Claro";"Simples";"Cruzamento";"Urbano";3;0;1;0;2;0;1;2
83511606;"29/10/16";"Sábado";"20:11:00";"RN";101;"112,1";"SAO JOSE DE MIPIBU";"Animais na Pista";"Atropelamento de animal";"Com Vítimas Feridas";"Anoitecer";"Crescente";"Ceu Claro";"Dupla";"Reta";"Rural";2;0;2;0;0;0;2;1
83511607;"29/10/16";"Sábado";"17:20:00";"RN";101;"98,8";"NATAL";"Animais na Pista";"Colisão traseira";"Com Vítimas Feridas";"Anoitecer";"Crescente";"Ceu Claro";"Dupla";"Reta";"Urbano";3;0;1;0;2;0;1;2
83511608;"29/10/16";"Sábado";"19:00:00";"BA";101;"714,8";"EUNAPOLIS";"Ingestão de álcool";"Colisão com bicicleta";"Com Vítimas Feridas";"Plena noite";"Crescente";"Nublado";"Simples";"Cruzamento";"Urbano";2;0;1;0;0;1;1;2
83511609;"29/10/16";"Sábado";"19:00:00";"PR";476;"130";"CURITIBA";"Falta de atenção";"Atropelamento de pessoa";"Sem Vítimas";"Plena noite";"Crescente";"Ceu Claro";"Dupla";"Reta";"Urbano";3;0;0;0;3;0;0;2
83511610;"26/10/16";"Quarta";"06:00:00";"PR";476;"124";"CURITIBA";"Outras";"Colisão frontal";"Com Vítimas Feridas";"Amanhecer";"Decrescente";"Ceu Claro";"Dupla";"Reta";"Urbano";2;0;0;2;0;0;2;2
83511611;"29/10/16";"Sábado";"17:50:00";"RN";101;"112";"SAO JOSE DE MIPIBU";"Animais na Pista";"Colisão traseira";"Com Vítimas Feridas";"Anoitecer";"Crescente";"Ceu Claro";"Dupla";"Reta";"Rural";4;0;2;0;2;0;2;3
83511612;"29/10/16";"Sábado";"21:50:00";"SP";116;"218";"GUARULHOS";"Velocidade incompatível";"Colisão traseira";"Com Vítimas Feridas";"Plena noite";"Crescente";"Ceu Claro";"Múltipla";"Reta";"Urbano";2;0;1;0;0;1;1;2
83511613;"29/10/16";"Sábado";"19:50:00";"BA";418;"85";"NOVA VICOSA";"Ingestão de álcool";"Saída de Pista";"Com Vítimas Feridas";"Plena noite";"Crescente";"Nublado";"Simples";"Reta";"Urbano";1;0;1;0;0;0;1;1
83511614;"29/10/16";"Sábado";"19:00:00";"GO";60;"201,5";"GUAPO";"Falta de atenção";"Capotamento";"Com Vítimas Feridas";"Plena noite";"Crescente";"Ceu Claro";"Dupla";"Reta";"Rural";2;0;2;0;0;0;2;1
83511616;"29/10/16";"Sábado";"14:00:00";"GO";153;"310,6";"RIALMA";"Outras";"Colisão com objeto fixo";"Sem Vítimas";"Pleno dia";"Crescente";"Chuva";"Simples";"Reta";"Rural";1;0;0;0;1;0;0;1
83511617;"29/10/16";"Sábado";"16:35:00";"GO";50;"135,4";"IPAMERI";"Defeito mecânico em veículo";"Saída de Pista";"Sem Vítimas";"Pleno dia";"Decrescente";"Ignorada";"Dupla";"Reta";"Rural";2;0;0;0;2;0;0;1
83511618;"29/10/16";"Sábado";"21:00:00";"SC";116;"18,9";"MAFRA";"Ingestão de álcool";"Colisão traseira";"Com Vítimas Feridas";"Plena noite";"Crescente";"Ceu Claro";"Simples";"Reta";"Rural";2;0;1;0;0;1;1;2
83511619;"29/10/16";"Sábado";"18:30:00";"RS";470;"254";"BARAO";"Outras";"Saída de Pista";"Sem Vítimas";"Pleno dia";"Crescente";"Ceu Claro";"Simples";"Curva";"Rural";1;0;0;0;1;0;0;1
83511620;"29/10/16";"Sábado";"07:00:00";"SC";101;"219";"PALHOCA";"Defeito mecânico em veículo";"Queda de motocicleta / bicicleta / veículo";"Com Vítimas Feridas";"Pleno dia";"Decrescente";"Ceu Claro";"Dupla";"Reta";"Urbano";2;0;2;0;0;0;2;1
83511621;"29/10/16";"Sábado";"21:00:00";"PE";232;"426";"SERRA TALHADA";"Ingestão de álcool";"Queda de motocicleta / bicicleta / veículo";"Com Vítimas Feridas";"Plena noite";"Decrescente";"Ceu Claro";"Simples";"Reta";"Rural";1;0;0;1;0;0;1;1
83511622;"29/10/16";"Sábado";"22:00:00";"RJ";116;"165";"RIO DE JANEIRO";"Outras";"Colisão lateral";"Sem Vítimas";"Plena noite";"Decrescente";"Ceu Claro";"Dupla";"Reta";"Urbano";3;0;0;0;3;0;0;3
83511623;"29/10/16";"Sábado";"14:20:00";"GO";153;"309";"RIALMA";"Falta de atenção";"Colisão traseira";"Com Vítimas Feridas";"Pleno dia";"Crescente";"Chuva";"Simples";"Reta";"Rural";2;0;0;1;1;0;1;2
83511624;"29/10/16";"Sábado";"20:15:00";"SC";101;"209";"SAO JOSE";"Falta de atenção";"Colisão traseira";"Com Vítimas Feridas";"Plena noite";"Decrescente";"Ceu Claro";"Dupla";"Reta";"Urbano";3;0;2;0;1;0;2;2
83511625;"29/10/16";"Sábado";"15:30:00";"MS";158;"106";"PARANAIBA";"Dormindo";"Saída de Pista";"Sem Vítimas";"Pleno dia";"Crescente";"Ceu Claro";"Simples";"Reta";"Rural";1;0;0;0;1;0;0;1
83511626;"29/10/16";"Sábado";"21:40:00";"RS";290;"74,7";"GRAVATAI";"Falta de atenção";"Saída de Pista";"Com Vítimas Feridas";"Plena noite";"Decrescente";"Ceu Claro";"Múltipla";"Reta";"Rural";2;0;1;0;1;0;1;1
83511627;"29/10/16";"Sábado";"18:00:00";"PR";277;"2";"PARANAGUA";"Desobediência à sinalização";"Colisão Transversal";"Sem Vítimas";"Pleno dia";"Decrescente";"Ceu Claro";"Simples";"Reta";"Urbano";2;0;0;0;2;0;0;2
83511628;"29/10/16";"Sábado";"22:30:00";"RS";116;"247";"SAO LEOPOLDO";"Animais na Pista";"Atropelamento de animal";"Com Vítimas Feridas";"Plena noite";"Crescente";"Ceu Claro";"Dupla";"Reta";"Urbano";2;0;2;0;0;0;2;1
83511629;"29/10/16";"Sábado";"20:00:00";"BA";116;"637,1";"JAGUAQUARA";"Falta de atenção";"Saída de Pista";"Com Vítimas Feridas";"Plena noite";"Decrescente";"Ceu Claro";"Simples";"Reta";"Rural";1;0;1;0;0;0;1;1
83511630;"29/10/16";"Sábado";"21:00:00";"PR";116;"119,4";"CURITIBA";"Defeito mecânico em veículo";"Incêndio";"Sem Vítimas";"Plena noite";"Decrescente";"Nublado";"Dupla";"Reta";"Urbano";1;0;0;0;1;0;0;1
83511631;"29/10/16";"Sábado";"14:20:00";"DF";40;"2";"BRASILIA";"Falta de atenção";"Colisão traseira";"Com Vítimas Feridas";"Pleno dia";"Crescente";"Nublado";"Múltipla";"Reta";"Urbano";2;0;1;0;1;0;1;2
83511632;"28/10/16";"Sexta";"08:52:00";"PB";230;"406,4";"POMBAL";"Falta de atenção";"Colisão Transversal";"Com Vítimas Feridas";"Pleno dia";"Decrescente";"Ceu Claro";"Simples";"Reta";"Urbano";4;0;0;1;1;2;1;3
83511633;"29/10/16";"Sábado";"18:50:00";"GO";60;"162";"GOIANIA";"Outras";"Colisão traseira";"Com Vítimas Feridas";"Pleno dia";"Crescente";"Ceu Claro";"Dupla";"Reta";"Urbano";3;0;1;0;2;0;1;3
83511634;"29/10/16";"Sábado";"11:00:00";"MG";381;"347";"JOAO MONLEVADE";"Falta de atenção";"Colisão frontal";"Com Vítimas Feridas";"Pleno dia";"Decrescente";"Chuva";"Simples";"Curva";"Rural";2;0;1;0;1;0;1;2
83511635;"29/10/16";"Sábado";"16:00:00";"MA";135;"5";"SAO LUIS";"Outras";"Saída de Pista";"Sem Vítimas";"Pleno dia";"Crescente";"Ceu Claro";"Dupla";"Reta";"Urbano";2;0;0;0;1;1;0;2
83511636;"29/10/16";"Sábado";"23:35:00";"PR";116;"105,5";"SAO JOSE DOS PINHAIS";"Velocidade incompatível";"Saída de Pista";"Sem Vítimas";"Plena noite";"Decrescente";"Nublado";"Simples";"Reta";"Rural";1;0;0;0;1;0;0;1
83511637;"29/10/16";"Sábado";"18:30:00";"RO";364;"801";"PORTO VELHO";"Falta de atenção";"Colisão lateral";"Com Vítimas Feridas";"Plena noite";"Decrescente";"Ceu Claro";"Simples";"Reta";"Urbano";2;0;1;0;1;0;1;2
83511638;"29/10/16";"Sábado";"15:50:00";"PB";230;"160";"CAMPINA GRANDE";"Velocidade incompatível";"Saída de Pista";"Com Vítimas Feridas";"Pleno dia";"Decrescente";"Ceu Claro";"Simples";"Reta";"Urbano";1;0;1;0;0;0;1;1
83511639;"29/10/16";"Sábado";"18:50:00";"RS";290;"211,1";"PANTANO GRANDE";"Velocidade incompatível";"Colisão Transversal";"Com Vítimas Feridas";"Pleno dia";"Decrescente";"Sol";"Simples";"Cruzamento";"Rural";2;0;1;0;1;0;1;2
83511640;"29/10/16";"Sábado";"22:00:00";"CE";222;"124,5";"ITAPAGE";"Falta de atenção";"Colisão com bicicleta";"Com Vítimas Feridas";"Plena noite";"Crescente";"Ceu Claro";"Simples";"Reta";"Urbano";3;0;2;0;0;1;2;2
83511641;"29/10/16";"Sábado";"20:00:00";"AC";364;"136";"RIO BRANCO";"Falta de atenção";"Colisão traseira";"Com Vítimas Feridas";"Plena noite";"Decrescente";"Ceu Claro";"Dupla";"Reta";"Urbano";2;0;1;0;1;0;1;2
83511642;"29/10/16";"Sábado";"18:50:00";"PE";104;"75,5";"CARUARU";"Outras";"Saída de Pista";"Com Vítimas Feridas";"Plena noite";"Crescente";"Ceu Claro";"Simples";"Curva";"Rural";1;0;1;0;0;0;1;1
83511643;"29/10/16";"Sábado";"22:00:00";"MT";364;"434";"VARZEA GRANDE";"Desobediência à sinalização";"Colisão Transversal";"Com Vítimas Feridas";"Plena noite";"Crescente";"Ceu Claro";"Simples";"Cruzamento";"Urbano";3;0;1;0;2;0;1;2
83511644;"29/10/16";"Sábado";"20:55:00";"PR";277;"672,9";"MEDIANEIRA";"Velocidade incompatível";"Colisão com objeto fixo";"Com Vítimas Feridas";"Plena noite";"Crescente";"Ceu Claro";"Dupla";"Reta";"Urbano";1;0;1;0;0;0;1;1
83511645;"20/10/16";"Quinta";"06:15:00";"GO";40;"8,5";"LUZIANIA";"Outras";"Capotamento";"Com Vítimas Feridas";"Amanhecer";"Crescente";"Nublado";"Dupla";"Reta";"Urbano";3;0;1;1;1;0;2;1
83511646;"29/10/16";"Sábado";"22:00:00";"AL";101;"146";"SAO MIGUEL DOS CAMPOS";"Outras";"Saída de Pista";"Sem Vítimas";"Plena noite";"Crescente";"Ceu Claro";"Simples";"Curva";"Rural";2;0;0;0;1;1;0;1
83511647;"25/10/16";"Terça";"13:50:00";"BA";101;"44,9";"ESPLANADA";"Defeito na via";"Tombamento";"Sem Vítimas";"Pleno dia";"Decrescente";"Sol";"Simples";"Curva";"Rural";1;0;0;0;1;0;0;1
83511648;"29/10/16";"Sábado";"22:45:00";"MA";135;"5";"SAO LUIS";"Outras";"Colisão lateral";"Sem Vítimas";"Plena noite";"Decrescente";"Ceu Claro";"Dupla";"Reta";"Rural";2;0;0;0;2;0;0;2
83511649;"29/10/16";"Sábado";"20:30:00";"RO";364;"20";"VILHENA";"Ingestão de álcool";"Saída de Pista";"Sem Vítimas";"Plena noite";"Crescente";"Ceu Claro";"Simples";"Reta";"Urbano";1;0;0;0;1;0;0;1
83511650;"29/10/16";"Sábado";"22:00:00";"SE";235;"9,5";"NOSSA SENHORA DO SOCORRO";"Ultrapassagem indevida";"Capotamento";"Com Vítimas Feridas";"Plena noite";"Decrescente";"Nublado";"Simples";"Reta";"Rural";2;0;0;2;0;0;2;1
83511651;"29/10/16";"Sábado";"17:49:00";"MT";174;"251";"JAURU";"Ingestão de álcool";"Colisão frontal";"Sem Vítimas";"Anoitecer";"Crescente";"Ceu Claro";"Simples";"Reta";"Rural";2;0;0;0;2;0;0;2
83511652;"29/10/16";"Sábado";"15:30:00";"MG";365;"49,6";"CLARO DOS POCOES";"Velocidade incompatível";"Saída de Pista";"Com Vítimas Feridas";"Pleno dia";"Crescente";"Chuva";"Simples";"Curva";"Urbano";2;0;0;2;0;0;2;1
83511653;"30/10/16";"Domingo";"01:00:00";"MG";50;"179";"UBERABA";"Falta de atenção";"Saída de Pista";"Ignorado";"Plena noite";"Crescente";"Ceu Claro";"Dupla";"Reta";"Urbano";1;0;0;0;0;1;0;1