"id";"data_inversa";"dia_semana";"horario";"uf";"br";"km";"municipio";"causa_acidente";"tipo_acidente";"classificacao_acidente";"fase_dia";"sentido_via";"condicao_metereologica";"tipo_pista";"tracado_via";"uso_solo";"pessoas";"mortos";"feridos_leves";"feridos_graves";"ilesos";"ignorados";"feridos";"veiculos"
83511654;"30/10/16";"Domingo";"00:10:00";"SC";470;"9,5";"NAVEGANTES";"Outras";"Colisão Transversal";"Sem Vítimas";"Plena noite";"Crescente";"Nublado";"Simples";"Cruzamento";"Rural";2;0;0;0;2;0;0;2
83511655;"30/10/16";"Domingo";"01:20:00";"SE";101;"102,5";"SAO CRISTOVAO";"Animais na Pista";"Atropelamento de animal";"Sem Vítimas";"Plena noite";"Crescente";"Nublado";"Dupla";"Curva";"Rural";2;0;0;0;2;0;0;1
83511656;"29/10/16";"Sábado";"22:30:00";"PE";424;"28";"VENTUROSA";"Ingestão de álcool";"Colisão frontal";"Com Vítimas Feridas";"Plena noite";"Crescente";"Ceu Claro";"Simples";"Reta";"Rural";3;0;0;2;1;0;2;2
83511657;"29/10/16";"Sábado";"18:50:00";"CE";116;"56,9";"PACAJUS";"Ultrapassagem indevida";"Queda de motocicleta / bicicleta / veículo";"Com Vítimas Feridas";"Plena noite";"Decrescente";"Ceu Claro";"Simples";"Reta";"Rural";2;0;1;0;0;1;1;2
83511659;"29/10/16";"Sábado";"16:00:00";"GO";153;"659";"GOIATUBA";"Dormindo";"Capotamento";"Com Vítimas Feridas";"Pleno dia";"Crescente";"Ceu Claro";"Dupla";"Reta";"Rural";1;0;1;0;0;0;1;1
83511660;"30/10/16";"Domingo";"01:00:00";"GO";60;"114";"GOIANAPOLIS";"Outras";"Colisão com objeto fixo";"Sem Vítimas";"Plena noite";"Crescente";"Ceu Claro";"Dupla";"Reta";"Rural";1;0;0;0;1;0;0;1
83511661;"29/10/16";"Sábado";"13:10:00";"PE";101;"67,8";"RECIFE";"Ingestão de álcool";"Colisão lateral";"Sem Vítimas";"Pleno dia";"Crescente";"Ceu Claro";"Dupla";"Reta";"Urbano";2;0;0;0;2;0;0;2
83511662;"27/10/16";"Quinta";"17:30:00";"SP";116;"28";"SILVEIRAS";"Defeito mecânico em veículo";"Colisão com objeto fixo";"Sem Vítimas";"Pleno dia";"Decrescente";"Ceu Claro";"Dupla";"Curva";"Rural";1;0;0;0;1;0;0;1
83511663;"30/10/16";"Domingo";"03:30:00";"SC";101;"207";"SAO JOSE";"Outras";"Colisão com objeto fixo";"Com Vítimas Feridas";"Plena noite";"Crescente";"Ceu Claro";"Múltipla";"Reta";"Urbano";1;0;1;0;0;0;1;1
83511664;"29/10/16";"Sábado";"13:00:00";"PI";316;"89,2";"BARRO DURO";"Outras";"Colisão frontal";"Com Vítimas Feridas";"Pleno dia";"Crescente";"Sol";"Simples";"Reta";"Rural";3;0;0;2;1;0;2;2
83511665;"29/10/16";"Sábado";"21:30:00";"SC";101;"45";"JOINVILLE";"Outras";"Colisão traseira";"Sem Vítimas";"Plena noite";"Crescente";"Ceu Claro";"Simples";"Reta";"Urbano";2;0;0;0;2;0;0;2
83511666;"29/10/16";"Sábado";"22:00:00";"ES";259;"22,5";"COLATINA";"Ingestão de álcool";"Saída de Pista";"Com Vítimas Feridas";"Plena noite";"Decrescente";"Nublado";"Simples";"Reta";"Urbano";1;0;0;1;0;0;1;1
83511667;"30/10/16";"Domingo";"02:30:00";"PE";428;"185,1";"PETROLINA";"Outras";"Colisão traseira";"Com Vítimas Feridas";"Plena noite";"Crescente";"Ceu Claro";"Simples";"Reta";"Urbano";2;0;1;0;0;1;1;2
83511668;"27/10/16";"Quinta";"10:30:00";"GO";452;"62";"RIO VERDE";"Defeito mecânico em veículo";"Saída de Pista";"Sem Vítimas";"Pleno dia";"Crescente";"Ceu Claro";"Simples";"Curva";"Rural";2;0;0;0;1;1;0;2
83511669;"29/10/16";"Sábado";"19:15:00";"GO";60;"36,6";"ALEXANIA";"Outras";"Capotamento";"Com Vítimas Feridas";"Anoitecer";"Crescente";"Chuva";"Dupla";"Curva";"Rural";1;0;1;0;0;0;1;1
83511670;"29/10/16";"Sábado";"20:30:00";"SE";101;"68";"MARUIM";"Velocidade incompatível";"Capotamento";"Ignorado";"Plena noite";"Decrescente";"Ignorada";"Simples";"Cruzamento";"Rural";1;0;0;0;0;1;0;1
83511671;"29/10/16";"Sábado";"19:30:00";"RN";304;"148,3";"ANGICOS";"Falta de atenção";"Colisão Transversal";"Sem Vítimas";"Plena noite";"Decrescente";"Ceu Claro";"Simples";"Reta";"Urbano";2;0;0;0;2;0;0;2
83511672;"29/10/16";"Sábado";"22:00:00";"PE";424;"4,2";"ARCOVERDE";"Velocidade incompatível";"Saída de Pista";"Sem Vítimas";"Plena noite";"Crescente";"Ceu Claro";"Simples";"Reta";"Rural";3;0;0;0;3;0;0;1
83511673;"29/10/16";"Sábado";"21:00:00";"RR";174;"503";"BOA VISTA";"Ingestão de álcool";"Colisão lateral";"Sem Vítimas";"Plena noite";"Decrescente";"Ignorada";"Dupla";"Reta";"Urbano";2;0;0;0;2;0;0;2
83511674;"30/10/16";"Domingo";"04:00:00";"RS";470;"224,8";"GARIBALDI";"Desobediência à sinalização";"Colisão frontal";"Com Vítimas Feridas";"Plena noite";"Crescente";"Ceu Claro";"Simples";"Reta";"Urbano";3;0;3;0;0;0;3;2
83511675;"30/10/16";"Domingo";"02:10:00";"AL";416;"38,5";"IBATEGUARA";"Ingestão de álcool";"Colisão com objeto fixo";"Com Vítimas Fatais";"Plena noite";"Crescente";"Ceu Claro";"Simples";"Curva";"Rural";1;1;0;0;0;0;0;1
83511676;"29/10/16";"Sábado";"19:30:00";"SC";470;"160,7";"TROMBUDO CENTRAL";"Falta de atenção";"Colisão Transversal";"Com Vítimas Feridas";"Anoitecer";"Crescente";"Nublado";"Simples";"Reta";"Urbano";3;0;2;0;1;0;2;2
83511677;"29/10/16";"Sábado";"22:05:00";"MG";116;"511";"UBAPORANGA";"Falta de atenção";"Colisão traseira";"Com Vítimas Feridas";"Plena noite";"Crescente";"Nublado";"Simples";"Reta";"Urbano";6;0;2;0;4;0;2;2
83511678;"30/10/16";"Domingo";"03:30:00";"MG";381;"336";"NOVA ERA";"Falta de atenção";"Capotamento";"Com Vítimas Feridas";"Plena noite";"Decrescente";"Chuva";"Simples";"Curva";"Rural";4;0;4;0;0;0;4;1
83511679;"29/10/16";"Sábado";"20:20:00";"RS";471;"163,9";"RIO PARDO";"Desobediência à sinalização";"Colisão Transversal";"Com Vítimas Feridas";"Plena noite";"Decrescente";"Ceu Claro";"Simples";"Cruzamento";"Rural";2;0;1;0;1;0;1;2
83511680;"29/10/16";"Sábado";"21:50:00";"PI";343;"346,4";"TERESINA";"Ingestão de álcool";"Colisão traseira";"Sem Vítimas";"Plena noite";"Decrescente";"Ceu Claro";"Simples";"Reta";"Urbano";2;0;0;0;2;0;0;2
83511681;"29/10/16";"Sábado";"19:00:00";"TO";153;"678";"CARIRI DO TOCANTINS";"Outras";"Colisão frontal";"Com Vítimas Fatais";"Plena noite";"Decrescente";"Ceu Claro";"Simples";"Reta";"Rural";2;1;0;0;1;0;0;2
83511682;"30/10/16";"Domingo";"00:30:00";"SC";101;"42";"JOINVILLE";"Dormindo";"Capotamento";"Sem Vítimas";"Plena noite";"Crescente";"Ceu Claro";"Dupla";"Reta";"Urbano";1;0;0;0;1;0;0;1
83511683;"30/10/16";"Domingo";"04:20:00";"PE";101;"67,8";"RECIFE";"Dormindo";"Queda de motocicleta / bicicleta / veículo";"Com Vítimas Feridas";"Amanhecer";"Decrescente";"Nublado";"Simples";"Reta";"Urbano";1;0;1;0;0;0;1;1
83511684;"25/10/16";"Terça";"19:34:00";"MG";365;"621,3";"UBERLANDIA";"Falta de atenção";"Tombamento";"Com Vítimas Feridas";"Plena noite";"Crescente";"Ceu Claro";"Simples";"Curva";"Urbano";1;0;1;0;0;0;1;1
83511685;"29/10/16";"Sábado";"17:45:00";"MG";365;"650";"UBERLANDIA";"Outras";"Queda de motocicleta / bicicleta / veículo";"Com Vítimas Feridas";"Pleno dia";"Crescente";"Sol";"Dupla";"Reta";"Rural";2;0;0;2;0;0;2;1
83511686;"27/10/16";"Quinta";"03:40:00";"RS";290;"38";"SANTO ANTONIO DA PATRULHA";"Dormindo";"Saída de Pista";"Com Vítimas Feridas";"Plena noite";"Decrescente";"Chuva";"Dupla";"Reta";"Rural";1;0;1;0;0;0;1;1
83511687;"29/10/16";"Sábado";"20:00:00";"SC";470;"197,4";"POUSO REDONDO";"Ultrapassagem indevida";"Derramamento de Carga";"Sem Vítimas";"Plena noite";"Crescente";"Nublado";"Simples";"Reta";"Rural";2;0;0;0;1;1;0;2
83511688;"29/10/16";"Sábado";"16:30:00";"GO";60;"357";"RIO VERDE";"Velocidade incompatível";"Saída de Pista";"Sem Vítimas";"Pleno dia";"Crescente";"Ceu Claro";"Dupla";"Curva";"Rural";4;0;0;0;4;0;0;1
83511689;"30/10/16";"Domingo";"05:40:00";"SP";116;"470";"JACUPIRANGA";"Dormindo";"Capotamento";"Com Vítimas Feridas";"Amanhecer";"Decrescente";"Ceu Claro";"Dupla";"Reta";"Rural";4;0;3;0;1;0;3;1
83511690;"29/10/16";"Sábado";"08:30:00";"MG";262;"117";"RIO CASCA";"Velocidade incompatível";"Saída de Pista";"Com Vítimas Feridas";"Amanhecer";"Decrescente";"Chuva";"Simples";"Curva";"Urbano";1;0;1;0;0;0;1;1
83511691;"29/10/16";"Sábado";"20:00:00";"PA";10;"178";"PARAGOMINAS";"Falta de atenção";"Colisão traseira";"Sem Vítimas";"Plena noite";"Decrescente";"Ceu Claro";"Simples";"Reta";"Rural";3;0;0;0;3;0;0;3
83511692;"29/10/16";"Sábado";"18:30:00";"PE";232;"181";"BELO JARDIM";"Outras";"Colisão Transversal";"Sem Vítimas";"Anoitecer";"Crescente";"Ceu Claro";"Simples";"Reta";"Urbano";2;0;0;0;2;0;0;2
83511693;"29/10/16";"Sábado";"20:45:00";"AL";104;"34,1";"UNIAO DOS PALMARES";"Outras";"Queda de motocicleta / bicicleta / veículo";"Com Vítimas Feridas";"Plena noite";"Crescente";"Ceu Claro";"Simples";"Reta";"Urbano";1;0;1;0;0;0;1;1
83511694;"30/10/16";"Domingo";"06:00:00";"BA";242;"580";"IBOTIRAMA";"Animais na Pista";"Atropelamento de animal";"Com Vítimas Feridas";"Amanhecer";"Decrescente";"Ceu Claro";"Simples";"Reta";"Rural";1;0;1;0;0;0;1;1
83511695;"29/10/16";"Sábado";"21:00:00";"PE";428;"85,3";"SANTA MARIA DA BOA VISTA";"Ingestão de álcool";"Colisão lateral";"Com Vítimas Fatais";"Plena noite";"Decrescente";"Ceu Claro";"Simples";"Reta";"Rural";3;1;1;0;0;1;1;2
83511696;"29/10/16";"Sábado";"12:40:00";"TO";153;"111,1";"WANDERLANDIA";"Velocidade incompatível";"Saída de Pista";"Com Vítimas Feridas";"Pleno dia";"Crescente";"Chuva";"Simples";"Reta";"Rural";2;0;1;0;1;0;1;1
83511697;"29/10/16";"Sábado";"15:15:00";"PR";153;"39";"SANTO ANTONIO DA PLATINA";"Velocidade incompatível";"Tombamento";"Sem Vítimas";"Pleno dia";"Crescente";"Ceu Claro";"Simples";"Cruzamento";"Urbano";1;0;0;0;1;0;0;1
83511698;"29/10/16";"Sábado";"06:00:00";"MT";158;"462,3";"CANARANA";"Outras";"Tombamento";"Com Vítimas Feridas";"Amanhecer";"Crescente";"Nublado";"Simples";"Reta";"Rural";1;0;1;0;0;0;1;1
83511699;"26/10/16";"Quarta";"03:25:00";"DF";70;"17";"BRASILIA";"Velocidade incompatível";"Capotamento";"Com Vítimas Feridas";"Plena noite";"Crescente";"Nublado";"Dupla";"Reta";"Rural";1;0;1;0;0;0;1;1
83511700;"30/10/16";"Domingo";"06:40:00";"MS";267;"233,9";"NOVA ALVORADA DO SUL";"Animais na Pista";"Capotamento";"Com Vítimas Feridas";"Pleno dia";"Crescente";"Ceu Claro";"Simples";"Reta";"Rural";1;0;1;0;0;0;1;1
83511701;"25/10/16";"Terça";"10:40:00";"DF";70;"3";"BRASILIA";"Outras";"Colisão Transversal";"Com Vítimas Feridas";"Pleno dia";"Decrescente";"Ceu Claro";"Dupla";"Reta";"Urbano";2;0;1;0;1;0;1;2
83511702;"30/10/16";"Domingo";"04:00:00";"MS";163;"414";"NOVA ALVORADA DO SUL";"Outras";"Colisão com objeto fixo";"Ignorado";"Plena noite";"Crescente";"Ignorada";"Simples";"Reta";"Rural";1;0;0;0;0;1;0;1
83511703;"27/10/16";"Quinta";"06:10:00";"PR";369;"457";"UBIRATA";"Outras";"Colisão lateral";"Com Vítimas Feridas";"Amanhecer";"Crescente";"Nublado";"Simples";"Curva";"Rural";15;0;2;0;13;0;2;2
83511705;"27/10/16";"Quinta";"00:15:00";"GO";153;"491,1";"GOIANIA";"Defeito mecânico em veículo";"Saída de Pista";"Sem Vítimas";"Plena noite";"Decrescente";"Ceu Claro";"Dupla";"Reta";"Urbano";1;0;0;0;1;0;0;1
83511706;"26/10/16";"Quarta";"07:40:00";"SC";470;"56,3";"BLUMENAU";"Falta de atenção";"Colisão Transversal";"Sem Vítimas";"Pleno dia";"Crescente";"Sol";"Simples";"Reta";"Urbano";2;0;0;0;2;0;0;2
83511707;"29/10/16";"Sábado";"18:40:00";"RJ";40;"109";"DUQUE DE CAXIAS";"Falta de atenção";"Colisão traseira";"Com Vítimas Feridas";"Anoitecer";"Crescente";"Nublado";"Múltipla";"Reta";"Urbano";2;0;1;0;1;0;1;2
83511708;"30/10/16";"Domingo";"04:00:00";"SC";282;"565";"NOVA ERECHIM";"Velocidade incompatível";"Saída de Pista";"Com Vítimas Feridas";"Plena noite";"Crescente";"Ceu Claro";"Simples";"Curva";"Rural";2;0;0;2;0;0;2;1
83511709;"18/10/16";"Terça";"17:00:00";"PB";230;"17,5";"JOAO PESSOA";"Desobediência à sinalização";"Colisão lateral";"Com Vítimas Feridas";"Pleno dia";"Crescente";"Sol";"Dupla";"Reta";"Urbano";3;0;2;0;1;0;2;2
83511710;"30/10/16";"Domingo";"08:45:00";"RJ";101;"296";"ITABORAI";"Outras";"Capotamento";"Ignorado";"Pleno dia";"Crescente";"Nublado";"Dupla";"Reta";"Urbano";1;0;0;0;0;1;0;1
83511711;"26/10/16";"Quarta";"16:30:00";"PE";101;"67";"RECIFE";"Outras";"Colisão lateral";"Com Vítimas Feridas";"Pleno dia";"Decrescente";"Sol";"Dupla";"Reta";"Urbano";2;0;1;0;0;1;1;2
83511712;"26/10/16";"Quarta";"20:30:00";"SE";101;"146,2";"ESTANCIA";"Outras";"Atropelamento de pessoa";"Com Vítimas Fatais";"Plena noite";"Decrescente";"Ceu Claro";"Dupla";"Reta";"Rural";3;1;0;0;2;0;0;2
83511713;"28/10/16";"Sexta";"08:30:00";"SC";101;"105,8";"PENHA";"Outras";"Colisão com objeto fixo";"Com Vítimas Feridas";"Pleno dia";"Crescente";"Sol";"Dupla";"Curva";"Rural";1;0;1;0;0;0;1;1
83511714;"26/10/16";"Quarta";"22:00:00";"TO";153;"583,7";"SANTA RITA DO TOCANTINS";"Falta de atenção";"Colisão lateral";"Com Vítimas Feridas";"Plena noite";"Decrescente";"Ceu Claro";"Simples";"Reta";"Rural";3;0;2;1;0;0;3;2
83511715;"30/10/16";"Domingo";"07:20:00";"SP";116;"213";"GUARULHOS";"Velocidade incompatível";"Colisão com objeto fixo";"Ignorado";"Pleno dia";"Decrescente";"Nublado";"Dupla";"Reta";"Urbano";1;0;0;0;0;1;0;1
83511716;"28/10/16";"Sexta";"16:00:00";"RN";405;"102";"SEVERIANO MELO";"Não guardar distância de segurança";"Colisão traseira";"Com Vítimas Feridas";"Pleno dia";"Crescente";"Ceu Claro";"Simples";"Reta";"Rural";3;0;1;0;2;0;1;2
83511717;"27/10/16";"Quinta";"05:00:00";"SC";101;"258,5";"PAULO LOPES";"Falta de atenção";"Saída de Pista";"Sem Vítimas";"Amanhecer";"Crescente";"Ignorada";"Dupla";"Curva";"Rural";3;0;0;0;3;0;0;3
83511718;"28/10/16";"Sexta";"01:46:00";"BA";324;"548";"AMELIA RODRIGUES";"Outras";"Colisão com objeto fixo";"Sem Vítimas";"Plena noite";"Crescente";"Ceu Claro";"Dupla";"Reta";"Rural";1;0;0;0;1;0;0;1
83511719;"29/10/16";"Sábado";"14:30:00";"PE";101;"112";"IPOJUCA";"Defeito mecânico em veículo";"Tombamento";"Sem Vítimas";"Pleno dia";"Crescente";"Sol";"Dupla";"Curva";"Rural";1;0;0;0;1;0;0;1
83511720;"30/10/16";"Domingo";"00:30:00";"PE";101;"187";"PALMARES";"Desobediência à sinalização";"Colisão frontal";"Com Vítimas Feridas";"Pleno dia";"Decrescente";"Ignorada";"Dupla";"Curva";"Rural";5;0;4;0;1;0;4;2
83511721;"27/10/16";"Quinta";"01:00:00";"GO";153;"294";"ANAPOLIS";"Falta de atenção";"Colisão Transversal";"Sem Vítimas";"Plena noite";"Crescente";"Ignorada";"Simples";"Reta";"Rural";3;0;0;0;1;2;0;2
83511722;"30/10/16";"Domingo";"07:00:00";"SC";101;"258";"PAULO LOPES";"Dormindo";"Colisão com objeto fixo";"Com Vítimas Feridas";"Pleno dia";"Decrescente";"Nublado";"Simples";"Reta";"Rural";4;0;2;2;0;0;4;1
83511723;"26/10/16";"Quarta";"20:30:00";"RJ";493;"21";"MAGE";"Falta de atenção";"Colisão frontal";"Com Vítimas Fatais";"Plena noite";"Crescente";"Nublado";"Simples";"Reta";"Urbano";3;1;0;0;2;0;0;3
83511724;"28/10/16";"Sexta";"18:00:00";"MG";381;"405";"NOVA UNIAO";"Outras";"Colisão traseira";"Sem Vítimas";"Pleno dia";"Decrescente";"Ceu Claro";"Simples";"Reta";"Rural";2;0;0;0;2;0;0;2
83511725;"26/10/16";"Quarta";"19:50:00";"RO";364;"271,3";"CACOAL";"Não guardar distância de segurança";"Colisão traseira";"Sem Vítimas";"Plena noite";"Decrescente";"Chuva";"Simples";"Reta";"Rural";2;0;0;0;2;0;0;2
83511726;"27/10/16";"Quinta";"05:00:00";"PR";277;"119,4";"CAMPO LARGO";"Velocidade incompatível";"Colisão traseira";"Com Vítimas Feridas";"Amanhecer";"Decrescente";"Nevoeiro/neblina";"Simples";"Curva";"Urbano";2;0;1;0;1;0;1;2
83511727;"30/10/16";"Domingo";"04:00:00";"MS";163;"431";"CAMPO GRANDE";"Dormindo";"Saída de Pista";"Sem Vítimas";"Plena noite";"Crescente";"Ceu Claro";"Simples";"Reta";"Rural";1;0;0;0;1;0;0;1
83511728;"26/10/16";"Quarta";"18:30:00";"PE";104;"71,8";"CARUARU";"Outras";"Tombamento";"Com Vítimas Feridas";"Plena noite";"Decrescente";"Nublado";"Dupla";"Reta";"Rural";3;0;2;1;0;0;3;1
83511729;"27/10/16";"Quinta";"08:20:00";"RJ";116;"143";"DUQUE DE CAXIAS";"Falta de atenção";"Colisão traseira";"Com Vítimas Feridas";"Pleno dia";"Crescente";"Nublado";"Dupla";"Reta";"Urbano";3;0;1;0;2;0;1;3
83511730;"22/10/16";"Sábado";"16:20:00";"MG";40;"728";"OLIVEIRA FORTES";"Outras";"Colisão com objeto fixo";"Sem Vítimas";"Pleno dia";"Crescente";"Nublado";"Dupla";"Reta";"Rural";1;0;0;0;1;0;0;1
83511731;"01/04/16";"Sexta";"07:15:00";"RN";226;"4";"NATAL";"Outras";"Colisão Transversal";"Com Vítimas Feridas";"Pleno dia";"Decrescente";"Sol";"Simples";"Reta";"Urbano";3;0;0;2;1;0;2;2
83511732;"25/10/16";"Terça";"16:15:00";"CE";116;"23";"ITAITINGA";"Defeito mecânico em veículo";"Queda de motocicleta / bicicleta / veículo";"Com Vítimas Feridas";"Pleno dia";"Decrescente";"Ceu Claro";"Múltipla";"Reta";"Urbano";1;0;0;1;0;0;1;1
83511733;"30/10/16";"Domingo";"08:15:00";"RS";285;"327,9";"CARAZINHO";"Outras";"Saída de Pista";"Ignorado";"Pleno dia";"Crescente";"Ceu Claro";"Simples";"Curva";"Rural";1;0;0;0;0;1;0;1
83511734;"26/10/16";"Quarta";"21:10:00";"RJ";101;"405";"ITAGUAI";"Falta de atenção";"Atropelamento de pessoa";"Com Vítimas Feridas";"Plena noite";"Decrescente";"Nublado";"Dupla";"Reta";"Urbano";2;0;0;1;1;0;1;1
83511735;"30/10/16";"Domingo";"09:00:00";"PA";316;"17";"MARITUBA";"Outras";"Tombamento";"Com Vítimas Feridas";"Pleno dia";"Crescente";"Sol";"Dupla";"Reta";"Rural";2;0;1;0;0;1;1;2
83511736;"27/10/16";"Quinta";"04:40:00";"PE";232;"163";"SANHARO";"Defeito mecânico em veículo";"Tombamento";"Ignorado";"Amanhecer";"Decrescente";"Ceu Claro";"Simples";"Reta";"Urbano";1;0;0;0;0;1;0;1
83511737;"30/10/16";"Domingo";"07:50:00";"PB";230;"147,7";"CAMPINA GRANDE";"Ingestão de álcool";"Saída de Pista";"Com Vítimas Feridas";"Pleno dia";"Decrescente";"Nublado";"Dupla";"Curva";"Urbano";1;0;1;0;0;0;1;1
83511738;"25/10/16";"Terça";"23:15:00";"GO";80;"6";"PADRE BERNARDO";"Outras";"Tombamento";"Com Vítimas Feridas";"Plena noite";"Crescente";"Ceu Claro";"Simples";"Curva";"Rural";1;0;1;0;0;0;1;1
83511739;"30/10/16";"Domingo";"09:30:00";"SC";101;"117";"ITAJAI";"Ingestão de álcool";"Colisão com objeto fixo";"Com Vítimas Feridas";"Pleno dia";"Crescente";"Ceu Claro";"Simples";"Reta";"Urbano";1;0;1;0;0;0;1;1
83511740;"27/10/16";"Quinta";"05:00:00";"RR";401;"1";"BOA VISTA";"Ingestão de álcool";"Colisão com objeto fixo";"Com Vítimas Feridas";"Amanhecer";"Crescente";"Ceu Claro";"Dupla";"Reta";"Urbano";1;0;1;0;0;0;1;1
83511741;"30/10/16";"Domingo";"08:00:00";"RJ";101;"317";"SAO GONCALO";"Defeito mecânico em veículo";"Tombamento";"Sem Vítimas";"Pleno dia";"Crescente";"Nublado";"Dupla";"Reta";"Urbano";1;0;0;0;1;0;0;1
83511742;"30/10/16";"Domingo";"07:30:00";"CE";116;"337";"JAGUARIBE";"Ingestão de álcool";"Saída de Pista";"Com Vítimas Feridas";"Pleno dia";"Decrescente";"Ceu Claro";"Simples";"Curva";"Rural";2;0;1;1;0;0;2;1
83511743;"30/10/16";"Domingo";"09:40:00";"RS";101;"24,5";"TRES CACHOEIRAS";"Falta de atenção";"Colisão frontal";"Com Vítimas Feridas";"Pleno dia";"Crescente";"Ceu Claro";"Dupla";"Reta";"Urbano";2;0;0;1;1;0;1;2
83511744;"27/10/16";"Quinta";"18:30:00";"MG";262;"575,8";"CORREGO DANTA";"Velocidade incompatível";"Tombamento";"Com Vítimas Feridas";"Pleno dia";"Decrescente";"Ceu Claro";"Simples";"Curva";"Rural";1;0;1;0;0;0;1;1
83511745;"26/10/16";"Quarta";"22:00:00";"RJ";101;"78";"CAMPOS DOS GOYTACAZES";"Não guardar distância de segurança";"Colisão traseira";"Com Vítimas Feridas";"Plena noite";"Decrescente";"Ceu Claro";"Simples";"Curva";"Rural";2;0;1;0;1;0;1;2
83511746;"30/10/16";"Domingo";"07:00:00";"CE";116;"46";"PACAJUS";"Ingestão de álcool";"Colisão lateral";"Com Vítimas Feridas";"Pleno dia";"Crescente";"Ceu Claro";"Dupla";"Reta";"Rural";3;0;1;0;2;0;1;2
83511747;"30/10/16";"Domingo";"03:40:00";"CE";116;"448,2";"BARRO";"Dormindo";"Colisão lateral";"Sem Vítimas";"Plena noite";"Crescente";"Ignorada";"Simples";"Reta";"Rural";2;0;0;0;1;1;0;2
83511748;"30/10/16";"Domingo";"08:45:00";"PR";277;"98,8";"CURITIBA";"Falta de atenção";"Colisão com bicicleta";"Com Vítimas Feridas";"Pleno dia";"Crescente";"Nublado";"Dupla";"Reta";"Urbano";2;0;1;0;1;0;1;2
83511749;"30/10/16";"Domingo";"09:10:00";"RO";364;"183,8";"PIMENTA BUENO";"Falta de atenção";"Colisão traseira";"Com Vítimas Feridas";"Pleno dia";"Decrescente";"Sol";"Simples";"Reta";"Rural";4;0;1;0;3;0;1;2
83511751;"28/10/16";"Sexta";"22:45:00";"PR";277;"237,3";"IRATI";"Dormindo";"Colisão com objeto fixo";"Sem Vítimas";"Plena noite";"Decrescente";"Ceu Claro";"Simples";"Reta";"Rural";1;0;0;0;1;0;0;1
83511752;"17/06/16";"Sexta";"10:00:00";"PR";476;"154,3";"ARAUCARIA";"Velocidade incompatível";"Colisão lateral";"Com Vítimas Feridas";"Pleno dia";"Crescente";"Nublado";"Dupla";"Reta";"Urbano";6;0;2;3;1;0;5;3
83511753;"27/10/16";"Quinta";"18:00:00";"MG";262;"547,8";"LUZ";"Velocidade incompatível";"Tombamento";"Com Vítimas Feridas";"Pleno dia";"Decrescente";"Ceu Claro";"Simples";"Curva";"Rural";1;0;1;0;0;0;1;1
83511754;"28/10/16";"Sexta";"22:35:00";"PA";163;"995";"SANTAREM";"Ingestão de álcool";"Atropelamento de pessoa";"Com Vítimas Feridas";"Plena noite";"Crescente";"Ceu Claro";"Simples";"Reta";"Rural";2;0;0;1;1;0;1;1
83511755;"30/10/16";"Domingo";"12:50:00";"RS";386;"133";"SARANDI";"Não guardar distância de segurança";"Saída de Pista";"Com Vítimas Feridas";"Pleno dia";"Crescente";"Sol";"Simples";"Reta";"Urbano";1;0;1;0;0;0;1;1
83511756;"27/10/16";"Quinta";"06:00:00";"RJ";116;"185";"NOVA IGUACU";"Outras";"Colisão traseira";"Com Vítimas Feridas";"Pleno dia";"Decrescente";"Nublado";"Múltipla";"Reta";"Urbano";3;0;2;0;0;1;2;2
83511757;"30/10/16";"Domingo";"07:30:00";"SC";101;"201";"SAO JOSE";"Falta de atenção";"Saída de Pista";"Com Vítimas Feridas";"Pleno dia";"Crescente";"Ceu Claro";"Múltipla";"Reta";"Urbano";2;0;2;0;0;0;2;1
83511758;"19/03/16";"Sábado";"18:30:00";"BA";101;"275";"SANTO ANTONIO DE JESUS";"Ultrapassagem indevida";"Colisão frontal";"Com Vítimas Fatais";"Anoitecer";"Decrescente";"Ceu Claro";"Simples";"Reta";"Rural";2;1;0;0;1;0;0;2
83511759;"30/10/16";"Domingo";"11:00:00";"MS";267;"14";"BATAGUASSU";"Falta de atenção";"Colisão traseira";"Sem Vítimas";"Pleno dia";"Crescente";"Sol";"Dupla";"Reta";"Urbano";5;0;0;0;5;0;0;3
83511760;"30/10/16";"Domingo";"07:50:00";"PA";316;"10";"MARITUBA";"Falta de atenção";"Colisão com bicicleta";"Com Vítimas Feridas";"Amanhecer";"Crescente";"Sol";"Dupla";"Reta";"Urbano";2;0;1;0;1;0;1;2
83511761;"30/10/16";"Domingo";"14:00:00";"ES";101;"301,5";"VIANA";"Velocidade incompatível";"Colisão com objeto fixo";"Sem Vítimas";"Pleno dia";"Crescente";"Chuva";"Múltipla";"Reta";"Urbano";1;0;0;0;1;0;0;1
83511762;"29/10/16";"Sábado";"18:40:00";"MG";40;"200";"SAO GONCALO DO ABAETE";"Outras";"Capotamento";"Sem Vítimas";"Anoitecer";"Decrescente";"Chuva";"Simples";"Reta";"Rural";2;0;0;0;2;0;0;1
83511763;"30/10/16";"Domingo";"09:30:00";"BA";101;"842,5";"TEIXEIRA DE FREITAS";"Outras";"Colisão frontal";"Com Vítimas Feridas";"Pleno dia";"Crescente";"Nublado";"Simples";"Curva";"Rural";2;0;1;0;1;0;1;2