"id";"data_inversa";"dia_semana";"horario";"uf";"br";"km";"municipio";"causa_acidente";"tipo_acidente";"classificacao_acidente";"fase_dia";"sentido_via";"condicao_metereologica";"tipo_pista";"tracado_via";"uso_solo";"pessoas";"mortos";"feridos_leves";"feridos_graves";"ilesos";"ignorados";"feridos";"veiculos"
83511764;"30/10/16";"Domingo";"13:00:00";"SC";153;"111,5";"CONCORDIA";"Falta de atenção";"Colisão Transversal";"Sem Vítimas";"Pleno dia";"Decrescente";"Ceu Claro";"Simples";"Reta";"Rural";2;0;0;0;2;0;0;2
83511765;"28/10/16";"Sexta";"22:00:00";"SC";116;"85,7";"MONTE CASTELO";"Ultrapassagem indevida";"Colisão Transversal";"Com Vítimas Feridas";"Plena noite";"Decrescente";"Ceu Claro";"Simples";"Reta";"Rural";3;0;1;0;2;0;1;2
83511766;"29/10/16";"Sábado";"06:45:00";"MG";262;"129";"RIO CASCA";"Velocidade incompatível";"Saída de Pista";"Sem Vítimas";"Amanhecer";"Crescente";"Chuva";"Simples";"Curva";"Rural";1;0;0;0;1;0;0;1
83511767;"30/10/16";"Domingo";"13:20:00";"PR";369;"134";"IBIPORA";"Defeito mecânico em veículo";"Saída de Pista";"Sem Vítimas";"Pleno dia";"Decrescente";"Ceu Claro";"Simples";"Reta";"Rural";1;0;0;0;1;0;0;1
83511768;"30/10/16";"Domingo";"11:30:00";"PB";230;"138";"CAMPINA GRANDE";"Falta de atenção";"Capotamento";"Sem Vítimas";"Pleno dia";"Decrescente";"Sol";"Dupla";"Curva";"Urbano";1;0;0;0;1;0;0;1
83511769;"30/10/16";"Domingo";"09:02:00";"PB";230;"32,1";"BAYEUX";"Defeito mecânico em veículo";"Queda de motocicleta / bicicleta / veículo";"Com Vítimas Feridas";"Pleno dia";"Decrescente";"Nublado";"Dupla";"Reta";"Urbano";2;0;1;1;0;0;2;1
83511770;"30/10/16";"Domingo";"09:15:00";"MG";40;"787";"JUIZ DE FORA";"Velocidade incompatível";"Saída de Pista";"Com Vítimas Feridas";"Pleno dia";"Decrescente";"Nevoeiro/neblina";"Dupla";"Curva";"Urbano";2;0;2;0;0;0;2;1
83511771;"30/10/16";"Domingo";"09:40:00";"PB";104;"112,5";"LAGOA SECA";"Não guardar distância de segurança";"Colisão lateral";"Com Vítimas Feridas";"Pleno dia";"Decrescente";"Ceu Claro";"Simples";"Curva";"Urbano";2;0;0;2;0;0;2;2
83511772;"30/10/16";"Domingo";"12:00:00";"PR";476;"138";"CURITIBA";"Falta de atenção";"Atropelamento de pessoa";"Com Vítimas Feridas";"Pleno dia";"Crescente";"Nublado";"Dupla";"Reta";"Urbano";2;0;2;0;0;0;2;1
83511773;"30/10/16";"Domingo";"13:00:00";"SC";282;"62";"RANCHO QUEIMADO";"Outras";"Queda de motocicleta / bicicleta / veículo";"Com Vítimas Feridas";"Pleno dia";"Decrescente";"Ceu Claro";"Simples";"Reta";"Rural";2;0;2;0;0;0;2;1
83511774;"23/10/16";"Domingo";"05:15:00";"RJ";116;"79";"TERESOPOLIS";"Outras";"Atropelamento de pessoa";"Com Vítimas Feridas";"Amanhecer";"Crescente";"Chuva";"Simples";"Reta";"Urbano";2;0;1;0;1;0;1;1
83511775;"30/10/16";"Domingo";"11:05:00";"ES";101;"290,5";"CARIACICA";"Falta de atenção";"Colisão lateral";"Sem Vítimas";"Pleno dia";"Crescente";"Chuva";"Dupla";"Reta";"Urbano";5;0;0;0;5;0;0;5
83511777;"30/10/16";"Domingo";"13:30:00";"ES";101;"386";"RIO NOVO DO SUL";"Velocidade incompatível";"Tombamento";"Com Vítimas Feridas";"Pleno dia";"Decrescente";"Nublado";"Simples";"Curva";"Rural";4;0;1;0;3;0;1;1
83511778;"30/10/16";"Domingo";"03:35:00";"MT";364;"337";"SANTO ANTONIO DO LEVERGER";"Outras";"Queda de motocicleta / bicicleta / veículo";"Com Vítimas Feridas";"Plena noite";"Decrescente";"Ceu Claro";"Simples";"Reta";"Rural";1;0;0;1;0;0;1;1
83511779;"30/10/16";"Domingo";"07:00:00";"RS";285;"433,4";"PEJUCARA";"Não guardar distância de segurança";"Colisão traseira";"Sem Vítimas";"Pleno dia";"Crescente";"Sol";"Simples";"Reta";"Rural";4;0;0;0;3;1;0;2
83511780;"30/10/16";"Domingo";"14:15:00";"SP";381;"84";"SAO PAULO";"Desobediência à sinalização";"Atropelamento de pessoa";"Com Vítimas Feridas";"Pleno dia";"Crescente";"Ceu Claro";"Dupla";"Reta";"Urbano";2;0;0;1;1;0;1;1
83511781;"30/10/16";"Domingo";"06:00:00";"RS";116;"577";"PEDRO OSORIO";"Ingestão de álcool";"Saída de Pista";"Sem Vítimas";"Amanhecer";"Decrescente";"Ceu Claro";"Simples";"Reta";"Rural";1;0;0;0;1;0;0;1
83511782;"30/10/16";"Domingo";"09:00:00";"GO";20;"240,5";"GUARANI DE GOIAS";"Outras";"Tombamento";"Sem Vítimas";"Pleno dia";"Crescente";"Chuva";"Simples";"Reta";"Rural";2;0;0;0;2;0;0;1
83511783;"30/10/16";"Domingo";"11:00:00";"MT";70;"228,1";"POXOREO";"Ultrapassagem indevida";"Colisão frontal";"Sem Vítimas";"Pleno dia";"Decrescente";"Ceu Claro";"Simples";"Reta";"Rural";3;0;0;0;2;1;0;2
83511784;"30/10/16";"Domingo";"12:00:00";"PE";101;"66,1";"RECIFE";"Não guardar distância de segurança";"Colisão traseira";"Com Vítimas Fatais";"Pleno dia";"Decrescente";"Ceu Claro";"Dupla";"Reta";"Urbano";6;1;0;0;5;0;0;3
83511785;"28/10/16";"Sexta";"00:10:00";"MG";116;"488";"INHAPIM";"Dormindo";"Saída de Pista";"Com Vítimas Feridas";"Plena noite";"Crescente";"Nublado";"Simples";"Curva";"Rural";1;0;1;0;0;0;1;1
83511786;"30/10/16";"Domingo";"13:40:00";"DF";80;"17";"BRASILIA";"Defeito mecânico em veículo";"Saída de Pista";"Com Vítimas Feridas";"Pleno dia";"Decrescente";"Sol";"Simples";"Reta";"Rural";2;0;1;0;1;0;1;1
83511787;"26/10/16";"Quarta";"13:15:00";"PR";373;"229,6";"IMBITUVA";"Falta de atenção";"Colisão Transversal";"Com Vítimas Feridas";"Pleno dia";"Crescente";"Nublado";"Simples";"Reta";"Urbano";5;0;3;0;2;0;3;2
83511788;"30/10/16";"Domingo";"15:30:00";"RS";386;"331,5";"MARQUES DE SOUZA";"Velocidade incompatível";"Tombamento";"Sem Vítimas";"Pleno dia";"Decrescente";"Ceu Claro";"Simples";"Curva";"Rural";1;0;0;0;1;0;0;1
83511789;"22/10/16";"Sábado";"15:00:00";"MG";50;"179";"UBERABA";"Velocidade incompatível";"Colisão com objeto fixo";"Sem Vítimas";"Pleno dia";"Crescente";"Chuva";"Dupla";"Reta";"Urbano";1;0;0;0;1;0;0;1
83511790;"30/10/16";"Domingo";"15:30:00";"CE";20;"427,9";"FORTALEZA";"Falta de atenção";"Saída de Pista";"Com Vítimas Feridas";"Pleno dia";"Decrescente";"Ceu Claro";"Dupla";"Reta";"Urbano";3;0;3;0;0;0;3;1
83511791;"29/10/16";"Sábado";"08:00:00";"MT";70;"312";"DOM AQUINO";"Defeito mecânico em veículo";"Capotamento";"Com Vítimas Feridas";"Pleno dia";"Crescente";"Ceu Claro";"Simples";"Reta";"Rural";5;0;5;0;0;0;5;1
83511792;"30/10/16";"Domingo";"16:25:00";"SC";163;"65,1";"SAO MIGUEL DOESTE";"Falta de atenção";"Colisão Transversal";"Com Vítimas Feridas";"Pleno dia";"Crescente";"Sol";"Dupla";"Reta";"Urbano";6;0;4;0;0;2;4;2
83511793;"30/10/16";"Domingo";"16:50:00";"SC";101;"111";"NAVEGANTES";"Outras";"Queda de motocicleta / bicicleta / veículo";"Com Vítimas Feridas";"Pleno dia";"Decrescente";"Nublado";"Dupla";"Reta";"Rural";2;0;1;1;0;0;2;1
83511794;"30/10/16";"Domingo";"16:30:00";"PE";232;"138,5";"SAO CAITANO";"Outras";"Queda de motocicleta / bicicleta / veículo";"Com Vítimas Feridas";"Pleno dia";"Crescente";"Ceu Claro";"Dupla";"Reta";"Rural";1;0;0;1;0;0;1;1
83511795;"30/10/16";"Domingo";"15:10:00";"MG";40;"236";"SAO GONCALO DO ABAETE";"Outras";"Saída de Pista";"Com Vítimas Feridas";"Pleno dia";"Decrescente";"Nublado";"Simples";"Reta";"Rural";2;0;0;2;0;0;2;1
83511796;"30/10/16";"Domingo";"15:30:00";"RJ";465;"20";"NOVA IGUACU";"Falta de atenção";"Atropelamento de pessoa";"Com Vítimas Feridas";"Pleno dia";"Decrescente";"Nublado";"Simples";"Reta";"Urbano";2;0;0;1;1;0;1;1
83511797;"30/07/16";"Sábado";"15:45:00";"MG";262;"525";"LUZ";"Velocidade incompatível";"Saída de Pista";"Com Vítimas Feridas";"Pleno dia";"Crescente";"Ceu Claro";"Simples";"Reta";"Rural";1;0;1;0;0;0;1;1
83511798;"30/10/16";"Domingo";"15:20:00";"SC";116;"257,5";"CAPAO ALTO";"Velocidade incompatível";"Colisão com objeto fixo";"Com Vítimas Feridas";"Pleno dia";"Crescente";"Ceu Claro";"Simples";"Reta";"Rural";2;0;2;0;0;0;2;1
83511799;"27/10/16";"Quinta";"23:30:00";"MT";364;"463";"VARZEA GRANDE";"Velocidade incompatível";"Saída de Pista";"Com Vítimas Fatais";"Plena noite";"Decrescente";"Ceu Claro";"Simples";"Curva";"Rural";1;1;0;0;0;0;0;1
83511800;"23/10/16";"Domingo";"05:15:00";"MG";50;"204,6";"DELTA";"Falta de atenção";"Saída de Pista";"Com Vítimas Feridas";"Plena noite";"Decrescente";"Nublado";"Dupla";"Reta";"Rural";1;0;1;0;0;0;1;1
83511801;"30/06/16";"Quinta";"14:37:00";"RO";319;"57";"PORTO VELHO";"Falta de atenção";"Colisão frontal";"Com Vítimas Feridas";"Pleno dia";"Decrescente";"Ceu Claro";"Simples";"Reta";"Rural";2;0;0;1;1;0;1;2
83511802;"26/10/16";"Quarta";"16:15:00";"RS";287;"236,1";"SANTA MARIA";"Falta de atenção";"Colisão Transversal";"Com Vítimas Feridas";"Pleno dia";"Crescente";"Nublado";"Simples";"Cruzamento";"Urbano";3;0;2;0;1;0;2;2
83511803;"30/10/16";"Domingo";"18:15:00";"PR";376;"166,6";"MARINGA";"Outras";"Saída de Pista";"Com Vítimas Feridas";"Pleno dia";"Decrescente";"Ceu Claro";"Dupla";"Reta";"Rural";1;0;1;0;0;0;1;1
83511804;"30/10/16";"Domingo";"17:40:00";"PR";277;"713,2";"SANTA TEREZINHA DE ITAIPU";"Falta de atenção";"Colisão lateral";"Com Vítimas Feridas";"Pleno dia";"Crescente";"Ceu Claro";"Dupla";"Reta";"Rural";6;0;3;0;3;0;3;2
83511805;"30/10/16";"Domingo";"18:00:00";"PR";376;"668";"GUARATUBA";"Outras";"Saída de Pista";"Sem Vítimas";"Anoitecer";"Crescente";"Chuva";"Dupla";"Curva";"Urbano";1;0;0;0;1;0;0;1
83511806;"30/10/16";"Domingo";"13:45:00";"RS";293;"425";"QUARAI";"Outras";"Colisão Transversal";"Com Vítimas Feridas";"Pleno dia";"Crescente";"Ceu Claro";"Simples";"Reta";"Rural";3;0;0;1;2;0;1;2
83511807;"30/10/16";"Domingo";"18:35:00";"MG";365;"725";"ITUIUTABA";"Outras";"Saída de Pista";"Sem Vítimas";"Pleno dia";"Crescente";"Chuva";"Simples";"Reta";"Rural";1;0;0;0;1;0;0;1
83511808;"29/10/16";"Sábado";"02:45:00";"MS";359;"514,7";"CORUMBA";"Não guardar distância de segurança";"Colisão Transversal";"Com Vítimas Feridas";"Plena noite";"Decrescente";"Ceu Claro";"Simples";"Reta";"Urbano";4;0;4;0;0;0;4;2
83511809;"30/10/16";"Domingo";"17:40:00";"GO";60;"260";"INDIARA";"Outras";"Saída de Pista";"Sem Vítimas";"Pleno dia";"Decrescente";"Chuva";"Dupla";"Reta";"Rural";2;0;0;0;1;1;0;1
83511810;"30/10/16";"Domingo";"16:55:00";"GO";60;"192";"GUAPO";"Velocidade incompatível";"Saída de Pista";"Com Vítimas Feridas";"Pleno dia";"Crescente";"Chuva";"Dupla";"Reta";"Rural";2;0;1;0;1;0;1;1
83511811;"30/10/16";"Domingo";"18:00:00";"MT";364;"57,3";"ALTO GARCAS";"Falta de atenção";"Colisão Transversal";"Com Vítimas Feridas";"Anoitecer";"Decrescente";"Ceu Claro";"Simples";"Reta";"Urbano";2;0;0;1;1;0;1;2
83511813;"30/10/16";"Domingo";"17:50:00";"PR";369;"132";"IBIPORA";"Outras";"Queda de motocicleta / bicicleta / veículo";"Com Vítimas Feridas";"Pleno dia";"Crescente";"Ceu Claro";"Dupla";"Reta";"Rural";2;0;2;0;0;0;2;1
83511814;"30/10/16";"Domingo";"18:00:00";"MT";174;"25";"CACERES";"Defeito na via";"Queda de motocicleta / bicicleta / veículo";"Com Vítimas Feridas";"Pleno dia";"Decrescente";"Sol";"Simples";"Reta";"Rural";1;0;1;0;0;0;1;1
83511815;"30/10/16";"Domingo";"19:35:00";"SP";153;"58,7";"SAO JOSE DO RIO PRETO";"Ingestão de álcool";"Saída de Pista";"Sem Vítimas";"Anoitecer";"Crescente";"Nublado";"Simples";"Reta";"Urbano";1;0;0;0;1;0;0;1
83511816;"30/10/16";"Domingo";"15:40:00";"MG";381;"496";"BETIM";"Outras";"Saída de Pista";"Com Vítimas Feridas";"Pleno dia";"Decrescente";"Sol";"Dupla";"Reta";"Urbano";4;0;2;2;0;0;4;1
83511817;"30/10/16";"Domingo";"14:30:00";"RS";392;"78,3";"PELOTAS";"Outras";"Tombamento";"Com Vítimas Feridas";"Pleno dia";"Crescente";"Ceu Claro";"Simples";"Reta";"Rural";2;0;2;0;0;0;2;1
83511818;"30/10/16";"Domingo";"10:20:00";"RS";471;"149,5";"SANTA CRUZ DO SUL";"Dormindo";"Saída de Pista";"Com Vítimas Feridas";"Pleno dia";"Crescente";"Sol";"Simples";"Curva";"Urbano";1;0;0;1;0;0;1;1
83511819;"30/10/16";"Domingo";"18:20:00";"CE";116;"64,3";"CHOROZINHO";"Desobediência à sinalização";"Colisão Transversal";"Com Vítimas Feridas";"Plena noite";"Crescente";"Ceu Claro";"Simples";"Curva";"Urbano";3;0;1;0;2;0;1;2
83511820;"30/10/16";"Domingo";"14:10:00";"AC";364;"125";"RIO BRANCO";"Desobediência à sinalização";"Colisão Transversal";"Com Vítimas Feridas";"Pleno dia";"Decrescente";"Sol";"Dupla";"Reta";"Urbano";3;0;2;0;1;0;2;2
83511821;"30/10/16";"Domingo";"17:20:00";"PA";308;"174";"TRACUATEUA";"Outras";"Saída de Pista";"Sem Vítimas";"Anoitecer";"Decrescente";"Ceu Claro";"Simples";"Reta";"Rural";1;0;0;0;1;0;0;1
83511822;"30/10/16";"Domingo";"17:30:00";"MG";381;"487";"BETIM";"Ingestão de álcool";"Queda de motocicleta / bicicleta / veículo";"Com Vítimas Feridas";"Pleno dia";"Decrescente";"Ceu Claro";"Dupla";"Reta";"Urbano";2;0;0;2;0;0;2;1
83511823;"30/10/16";"Domingo";"10:30:00";"MG";381;"481,5";"CONTAGEM";"Defeito mecânico em veículo";"Colisão lateral";"Com Vítimas Feridas";"Pleno dia";"Decrescente";"Ceu Claro";"Dupla";"Reta";"Urbano";2;0;1;0;1;0;1;2
83511824;"30/10/16";"Domingo";"19:30:00";"GO";60;"114";"TEREZOPOLIS DE GOIAS";"Desobediência à sinalização";"Saída de Pista";"Ignorado";"Plena noite";"Crescente";"Chuva";"Dupla";"Reta";"Urbano";1;0;0;0;0;1;0;1
83511825;"30/10/16";"Domingo";"18:10:00";"PI";343;"348";"TERESINA";"Outras";"Queda de motocicleta / bicicleta / veículo";"Com Vítimas Feridas";"Anoitecer";"Decrescente";"Ceu Claro";"Dupla";"Reta";"Urbano";2;0;1;0;1;0;1;1
83511826;"30/10/16";"Domingo";"14:15:00";"RS";116;"224,8";"DOIS IRMAOS";"Velocidade incompatível";"Colisão frontal";"Com Vítimas Feridas";"Pleno dia";"Crescente";"Ceu Claro";"Múltipla";"Curva";"Urbano";2;0;0;1;1;0;1;2
83511827;"29/10/16";"Sábado";"07:20:00";"RS";472;"530";"URUGUAIANA";"Falta de atenção";"Capotamento";"Sem Vítimas";"Pleno dia";"Crescente";"Ceu Claro";"Simples";"Reta";"Rural";1;0;0;0;1;0;0;1
83511828;"30/10/16";"Domingo";"14:30:00";"PR";373;"466";"CORONEL VIVIDA";"Outras";"Colisão frontal";"Com Vítimas Feridas";"Pleno dia";"Decrescente";"Sol";"Simples";"Curva";"Rural";2;0;0;2;0;0;2;2
83511829;"30/10/16";"Domingo";"18:35:00";"PI";316;"10,8";"TERESINA";"Outras";"Queda de motocicleta / bicicleta / veículo";"Com Vítimas Feridas";"Plena noite";"Decrescente";"Ceu Claro";"Simples";"Reta";"Urbano";3;0;1;1;1;0;2;1
83511830;"30/10/16";"Domingo";"19:15:00";"MS";262;"409";"TERENOS";"Ultrapassagem indevida";"Queda de motocicleta / bicicleta / veículo";"Com Vítimas Feridas";"Anoitecer";"Crescente";"Ceu Claro";"Simples";"Reta";"Rural";2;0;2;0;0;0;2;1
83511831;"27/10/16";"Quinta";"05:30:00";"SP";116;"214";"GUARULHOS";"Dormindo";"Colisão traseira";"Com Vítimas Feridas";"Amanhecer";"Decrescente";"Ceu Claro";"Múltipla";"Reta";"Urbano";2;0;2;0;0;0;2;2
83511832;"30/10/16";"Domingo";"17:35:00";"SP";116;"222,5";"GUARULHOS";"Defeito mecânico em veículo";"Colisão lateral";"Com Vítimas Feridas";"Pleno dia";"Decrescente";"Ceu Claro";"Múltipla";"Reta";"Urbano";4;0;1;0;3;0;1;2
83511833;"30/10/16";"Domingo";"20:00:00";"SP";101;"48,1";"UBATUBA";"Falta de atenção";"Atropelamento de pessoa";"Com Vítimas Feridas";"Plena noite";"Crescente";"Nublado";"Simples";"Reta";"Urbano";2;0;0;1;0;1;1;1
83511834;"30/10/16";"Domingo";"18:10:00";"GO";40;"5";"VALPARAISO DE GOIAS";"Velocidade incompatível";"Colisão traseira";"Com Vítimas Feridas";"Pleno dia";"Crescente";"Nublado";"Dupla";"Reta";"Urbano";3;0;1;0;2;0;1;2
83511835;"30/10/16";"Domingo";"18:15:00";"SP";116;"228";"SAO PAULO";"Não guardar distância de segurança";"Colisão traseira";"Com Vítimas Feridas";"Anoitecer";"Crescente";"Ceu Claro";"Dupla";"Reta";"Urbano";6;0;2;0;4;0;2;2
83511836;"30/10/16";"Domingo";"20:35:00";"PR";469;"15";"FOZ DO IGUACU";"Ingestão de álcool";"Saída de Pista";"Sem Vítimas";"Plena noite";"Decrescente";"Ceu Claro";"Simples";"Cruzamento";"Urbano";5;0;0;0;4;1;0;1
83511837;"30/10/16";"Domingo";"09:30:00";"MG";40;"717,5";"BARBACENA";"Velocidade incompatível";"Saída de Pista";"Sem Vítimas";"Pleno dia";"Decrescente";"Chuva";"Dupla";"Curva";"Rural";1;0;0;0;1;0;0;1
83511838;"30/10/16";"Domingo";"18:44:00";"MG";381;"700,8";"LAVRAS";"Velocidade incompatível";"Tombamento";"Com Vítimas Feridas";"Anoitecer";"Crescente";"Nublado";"Dupla";"Curva";"Rural";3;0;1;0;2;0;1;2
83511839;"18/10/16";"Terça";"18:50:00";"TO";153;"146";"ARAGUAINA";"Falta de atenção";"Colisão traseira";"Com Vítimas Feridas";"Anoitecer";"Decrescente";"Ceu Claro";"Simples";"Reta";"Urbano";3;0;2;0;1;0;2;2
83511840;"26/10/16";"Quarta";"20:00:00";"MG";116;"115,7";"ITAOBIM";"Falta de atenção";"Atropelamento de pessoa";"Com Vítimas Feridas";"Plena noite";"Decrescente";"Ceu Claro";"Simples";"Cruzamento";"Urbano";2;0;1;0;1;0;1;1
83511841;"30/10/16";"Domingo";"17:40:00";"MG";365;"620,5";"UBERLANDIA";"Desobediência à sinalização";"Colisão Transversal";"Sem Vítimas";"Pleno dia";"Crescente";"Nublado";"Múltipla";"Curva";"Urbano";2;0;0;0;2;0;0;2
83511842;"30/10/16";"Domingo";"21:20:00";"RN";406;"167";"SAO GONCALO DO AMARANTE";"Ingestão de álcool";"Colisão traseira";"Com Vítimas Feridas";"Plena noite";"Crescente";"Ceu Claro";"Dupla";"Reta";"Urbano";3;0;3;0;0;0;3;2
83511843;"30/10/16";"Domingo";"21:45:00";"MG";40;"435";"PARAOPEBA";"Falta de atenção";"Colisão traseira";"Sem Vítimas";"Plena noite";"Decrescente";"Ceu Claro";"Dupla";"Reta";"Rural";2;0;0;0;2;0;0;2
83511844;"27/10/16";"Quinta";"03:00:00";"MG";50;"61";"UBERLANDIA";"Outras";"Tombamento";"Sem Vítimas";"Plena noite";"Crescente";"Ceu Claro";"Dupla";"Reta";"Rural";1;0;0;0;1;0;0;1
83511845;"30/10/16";"Domingo";"18:50:00";"PR";277;"3";"PARANAGUA";"Outras";"Colisão com objeto fixo";"Com Vítimas Fatais";"Anoitecer";"Crescente";"Chuva";"Dupla";"Reta";"Urbano";5;1;1;2;1;0;3;2
83511846;"06/10/16";"Quinta";"19:55:00";"SC";101;"392,9";"CRICIUMA";"Outras";"Colisão com objeto fixo";"Com Vítimas Feridas";"Plena noite";"Crescente";"Chuva";"Dupla";"Reta";"Rural";1;0;1;0;0;0;1;1
83511847;"30/10/16";"Domingo";"17:30:00";"MG";251;"401";"GRAO MOGOL";"Defeito mecânico em veículo";"Colisão traseira";"Com Vítimas Feridas";"Pleno dia";"Crescente";"Sol";"Simples";"Reta";"Rural";2;0;1;0;1;0;1;2
83511848;"30/10/16";"Domingo";"16:00:00";"MG";267;"213,7";"BOM JARDIM DE MINAS";"Desobediência à sinalização";"Colisão Transversal";"Sem Vítimas";"Pleno dia";"Crescente";"Nublado";"Simples";"Cruzamento";"Urbano";2;0;0;0;2;0;0;2
83511849;"30/10/16";"Domingo";"17:40:00";"MS";163;"2";"MUNDO NOVO";"Falta de atenção";"Saída de Pista";"Com Vítimas Feridas";"Pleno dia";"Decrescente";"Ceu Claro";"Simples";"Reta";"Rural";2;0;1;0;1;0;1;1
83511850;"30/10/16";"Domingo";"19:50:00";"MG";50;"84";"UBERLANDIA";"Velocidade incompatível";"Saída de Pista";"Com Vítimas Feridas";"Plena noite";"Decrescente";"Granizo";"Dupla";"Reta";"Rural";3;0;1;0;2;0;1;1
83511851;"30/10/16";"Domingo";"23:00:00";"SC";282;"527,9";"XAXIM";"Ingestão de álcool";"Colisão com objeto fixo";"Com Vítimas Feridas";"Plena noite";"Decrescente";"Ceu Claro";"Simples";"Curva";"Rural";4;0;3;0;1;0;3;1
83511852;"30/10/16";"Domingo";"16:00:00";"PI";316;"316";"PICOS";"Ingestão de álcool";"Queda de motocicleta / bicicleta / veículo";"Com Vítimas Feridas";"Pleno dia";"Crescente";"Sol";"Dupla";"Reta";"Urbano";1;0;1;0;0;0;1;1
83511853;"22/10/16";"Sábado";"18:15:00";"CE";20;"208";"BOA VIAGEM";"Falta de atenção";"Colisão lateral";"Com Vítimas Feridas";"Plena noite";"Decrescente";"Ceu Claro";"Simples";"Reta";"Urbano";3;0;2;0;1;0;2;2
83511854;"30/10/16";"Domingo";"12:40:00";"BA";324;"518";"FEIRA DE SANTANA";"Ingestão de álcool";"Colisão traseira";"Com Vítimas Feridas";"Pleno dia";"Crescente";"Ceu Claro";"Dupla";"Reta";"Rural";2;0;1;0;1;0;1;2
83511855;"30/10/16";"Domingo";"22:30:00";"SC";282;"462,9";"PONTE SERRADA";"Ultrapassagem indevida";"Colisão lateral";"Sem Vítimas";"Plena noite";"Crescente";"Ceu Claro";"Simples";"Reta";"Rural";2;0;0;0;2;0;0;2
83511856;"30/09/16";"Sexta";"19:20:00";"ES";101;"264,5";"SERRA";"Outras";"Colisão com objeto fixo";"Ignorado";"Plena noite";"Crescente";"Nublado";"Múltipla";"Reta";"Urbano";1;0;0;0;0;1;0;1
83511858;"30/10/16";"Domingo";"20:20:00";"RS";158;"440,2";"ROSARIO DO SUL";"Falta de atenção";"Colisão lateral";"Com Vítimas Feridas";"Anoitecer";"Crescente";"Ceu Claro";"Simples";"Reta";"Rural";6;0;4;0;2;0;4;2
83511859;"30/10/16";"Domingo";"21:50:00";"SE";235;"3,4";"ARACAJU";"Não guardar distância de segurança";"Colisão traseira";"Com Vítimas Feridas";"Plena noite";"Decrescente";"Ceu Claro";"Dupla";"Reta";"Rural";3;0;0;1;0;2;1;3
83511860;"30/10/16";"Domingo";"21:10:00";"RN";110;"47,9";"MOSSORO";"Outras";"Colisão lateral";"Com Vítimas Feridas";"Plena noite";"Decrescente";"Ceu Claro";"Simples";"Reta";"Urbano";2;0;1;0;0;1;1;2
83511861;"30/10/16";"Domingo";"20:00:00";"GO";60;"3";"GOIANIA";"Ingestão de álcool";"Colisão lateral";"Sem Vítimas";"Plena noite";"Crescente";"Ignorada";"Dupla";"Cruzamento";"Urbano";2;0;0;0;2;0;0;2
83511862;"23/10/16";"Domingo";"00:30:00";"CE";20;"85";"TAUA";"Outras";"Colisão frontal";"Com Vítimas Fatais";"Plena noite";"Crescente";"Ceu Claro";"Simples";"Reta";"Rural";2;2;0;0;0;0;0;2
83511863;"30/10/16";"Domingo";"17:35:00";"BA";407;"4,8";"JUAZEIRO";"Outras";"Capotamento";"Com Vítimas Feridas";"Anoitecer";"Crescente";"Ignorada";"Simples";"Cruzamento";"Urbano";1;0;1;0;0;0;1;1
83511864;"30/06/16";"Quinta";"20:31:00";"RO";364;"673";"PORTO VELHO";"Outras";"Saída de Pista";"Com Vítimas Feridas";"Plena noite";"Crescente";"Chuva";"Simples";"Reta";"Rural";3;0;2;1;0;0;3;1
83511865;"30/10/16";"Domingo";"18:00:00";"RS";470;"214";"BENTO GONCALVES";"Falta de atenção";"Queda de motocicleta / bicicleta / veículo";"Com Vítimas Feridas";"Pleno dia";"Decrescente";"Ceu Claro";"Simples";"Curva";"Urbano";1;0;1;0;0;0;1;1
83511866;"30/10/16";"Domingo";"18:20:00";"ES";259;"41";"COLATINA";"Velocidade incompatível";"Colisão frontal";"Com Vítimas Fatais";"Plena noite";"Crescente";"Ignorada";"Simples";"Reta";"Rural";6;3;0;3;0;0;3;2
83511867;"30/10/16";"Domingo";"18:30:00";"GO";153;"496";"GOIANIA";"Outras";"Colisão lateral";"Sem Vítimas";"Pleno dia";"Decrescente";"Chuva";"Dupla";"Reta";"Urbano";2;0;0;0;2;0;0;2
83511868;"31/10/16";"Segunda";"00:30:00";"PR";116;"106";"SAO JOSE DOS PINHAIS";"Outras";"Capotamento";"Sem Vítimas";"Plena noite";"Decrescente";"Nublado";"Dupla";"Reta";"Rural";1;0;0;0;1;0;0;1
83511869;"30/10/16";"Domingo";"16:20:00";"RS";287;"236,2";"SANTA MARIA";"Não guardar distância de segurança";"Colisão traseira";"Com Vítimas Feridas";"Plena noite";"Decrescente";"Ceu Claro";"Simples";"Reta";"Urbano";3;0;1;0;2;0;1;3
83511870;"30/10/16";"Domingo";"17:50:00";"GO";153;"508,9";"APARECIDA DE GOIANIA";"Falta de atenção";"Colisão traseira";"Com Vítimas Feridas";"Pleno dia";"Decrescente";"Chuva";"Múltipla";"Reta";"Urbano";4;0;1;0;1;2;1;3
83511871;"30/10/16";"Domingo";"22:30:00";"PR";376;"166,7";"MARINGA";"Não guardar distância de segurança";"Colisão traseira";"Com Vítimas Feridas";"Plena noite";"Crescente";"Ceu Claro";"Dupla";"Reta";"Rural";3;0;0;1;2;0;1;3
83511872;"31/10/16";"Segunda";"01:10:00";"SP";116;"457,5";"REGISTRO";"Dormindo";"Colisão com objeto fixo";"Com Vítimas Feridas";"Plena noite";"Crescente";"Nublado";"Dupla";"Reta";"Rural";1;0;1;0;0;0;1;1