"id";"data_inversa";"dia_semana";"horario";"uf";"br";"km";"municipio";"causa_acidente";"tipo_acidente";"classificacao_acidente";"fase_dia";"sentido_via";"condicao_metereologica";"tipo_pista";"tracado_via";"uso_solo";"pessoas";"mortos";"feridos_leves";"feridos_graves";"ilesos";"ignorados";"feridos";"veiculos"
83511873;"30/10/16";"Domingo";"19:30:00";"PB";230;"71,5";"SOBRADO";"Defeito na via";"Queda de motocicleta / bicicleta / veículo";"Com Vítimas Feridas";"Plena noite";"Crescente";"Ceu Claro";"Dupla";"Reta";"Rural";2;0;2;0;0;0;2;1
83511874;"30/10/16";"Domingo";"21:30:00";"SC";101;"455";"SAO JOAO DO SUL";"Defeito mecânico em veículo";"Incêndio";"Sem Vítimas";"Plena noite";"Crescente";"Ceu Claro";"Dupla";"Reta";"Urbano";1;0;0;0;1;0;0;1
83511876;"31/10/16";"Segunda";"00:00:00";"CE";222;"0,6";"SOBRAL";"Outras";"Colisão com objeto fixo";"Com Vítimas Feridas";"Plena noite";"Decrescente";"Ceu Claro";"Dupla";"Reta";"Urbano";1;0;0;1;0;0;1;1
83511877;"30/10/16";"Domingo";"23:30:00";"MS";163;"487";"CAMPO GRANDE";"Ingestão de álcool";"Colisão traseira";"Com Vítimas Feridas";"Plena noite";"Decrescente";"Ceu Claro";"Simples";"Reta";"Urbano";2;0;1;0;0;1;1;2
83511878;"30/10/16";"Domingo";"18:00:00";"PR";376;"409,6";"TIBAGI";"Falta de atenção";"Colisão Transversal";"Com Vítimas Fatais";"Pleno dia";"Crescente";"Sol";"Simples";"Reta";"Urbano";4;1;0;2;1;0;2;2
83511879;"31/10/16";"Segunda";"02:45:00";"SP";381;"35";"ATIBAIA";"Dormindo";"Queda de motocicleta / bicicleta / veículo";"Com Vítimas Feridas";"Plena noite";"Crescente";"Ceu Claro";"Múltipla";"Reta";"Urbano";2;0;1;0;1;0;1;1
83511880;"30/10/16";"Domingo";"18:15:00";"BA";324;"614";"SALVADOR";"Ingestão de álcool";"Colisão traseira";"Sem Vítimas";"Anoitecer";"Decrescente";"Nublado";"Dupla";"Curva";"Urbano";2;0;0;0;2;0;0;2
83511881;"26/10/16";"Quarta";"11:35:00";"GO";153;"496,3";"GOIANIA";"Outras";"Saída de Pista";"Com Vítimas Feridas";"Pleno dia";"Crescente";"Ceu Claro";"Dupla";"Reta";"Urbano";1;0;1;0;0;0;1;1
83511882;"30/10/16";"Domingo";"14:20:00";"SE";235;"27";"AREIA BRANCA";"Outras";"Tombamento";"Com Vítimas Feridas";"Pleno dia";"Crescente";"Ceu Claro";"Simples";"Curva";"Urbano";2;0;1;0;1;0;1;1
83511883;"13/10/16";"Quinta";"18:00:00";"PR";376;"599";"CURITIBA";"Outras";"Danos Eventuais";"Sem Vítimas";"Pleno dia";"Crescente";"Ignorada";"Dupla";"Reta";"Urbano";2;0;0;0;2;0;0;2
83511884;"30/10/16";"Domingo";"23:30:00";"PB";230;"269,9";"JUNCO DO SERIDO";"Ingestão de álcool";"Colisão frontal";"Com Vítimas Fatais";"Plena noite";"Decrescente";"Ceu Claro";"Simples";"Reta";"Rural";2;1;0;0;1;0;0;2
83511885;"31/10/16";"Segunda";"03:00:00";"BA";407;"98";"JAGUARARI";"Dormindo";"Capotamento";"Com Vítimas Feridas";"Plena noite";"Decrescente";"Ceu Claro";"Simples";"Reta";"Rural";3;0;2;1;0;0;3;1
83511886;"30/10/16";"Domingo";"20:40:00";"RJ";116;"288,4";"BARRA MANSA";"Outras";"Colisão com bicicleta";"Com Vítimas Feridas";"Plena noite";"Crescente";"Ceu Claro";"Dupla";"Reta";"Rural";2;0;1;0;0;1;1;2
83511887;"30/10/16";"Domingo";"16:35:00";"BA";324;"571";"SAO SEBASTIAO DO PASSE";"Outras";"Colisão traseira";"Sem Vítimas";"Pleno dia";"Crescente";"Sol";"Dupla";"Reta";"Rural";2;0;0;0;2;0;0;2
83511888;"31/10/16";"Segunda";"01:00:00";"MS";60;"190";"CAMAPUA";"Defeito mecânico em veículo";"Incêndio";"Sem Vítimas";"Plena noite";"Crescente";"Ceu Claro";"Simples";"Reta";"Rural";3;0;0;0;3;0;0;1
83511890;"31/10/16";"Segunda";"06:50:00";"PB";101;"110";"ALHANDRA";"Não guardar distância de segurança";"Colisão traseira";"Sem Vítimas";"Pleno dia";"Decrescente";"Sol";"Dupla";"Reta";"Urbano";2;0;0;0;1;1;0;2
83511891;"31/10/16";"Segunda";"05:40:00";"SC";101;"32,5";"JOINVILLE";"Outras";"Colisão Transversal";"Com Vítimas Feridas";"Amanhecer";"Decrescente";"Nublado";"Dupla";"Reta";"Urbano";2;0;2;0;0;0;2;2
83511892;"30/10/16";"Domingo";"12:50:00";"MG";50;"72";"UBERLANDIA";"Outras";"Colisão Transversal";"Sem Vítimas";"Pleno dia";"Crescente";"Ceu Claro";"Simples";"Cruzamento";"Urbano";3;0;0;0;3;0;0;3
83511893;"31/10/16";"Segunda";"06:30:00";"SC";470;"59,7";"BLUMENAU";"Falta de atenção";"Colisão traseira";"Sem Vítimas";"Pleno dia";"Decrescente";"Nublado";"Simples";"Reta";"Urbano";4;0;0;0;4;0;0;4
83511894;"31/10/16";"Segunda";"04:00:00";"MG";40;"676,9";"CARANDAI";"Ingestão de álcool";"Saída de Pista";"Com Vítimas Feridas";"Plena noite";"Decrescente";"Ceu Claro";"Simples";"Reta";"Rural";2;0;2;0;0;0;2;1
83511895;"28/10/16";"Sexta";"06:35:00";"DF";40;"5";"BRASILIA";"Outras";"Colisão lateral";"Com Vítimas Feridas";"Amanhecer";"Decrescente";"Ceu Claro";"Dupla";"Reta";"Urbano";3;0;0;2;1;0;2;2
83511896;"31/10/16";"Segunda";"00:45:00";"MS";262;"233,1";"RIBAS DO RIO PARDO";"Ingestão de álcool";"Saída de Pista";"Com Vítimas Feridas";"Plena noite";"Crescente";"Ceu Claro";"Simples";"Reta";"Urbano";2;0;1;0;0;1;1;1
83511897;"29/10/16";"Sábado";"06:15:00";"GO";40;"1,8";"VALPARAISO DE GOIAS";"Falta de atenção";"Colisão com objeto fixo";"Sem Vítimas";"Amanhecer";"Crescente";"Ceu Claro";"Dupla";"Reta";"Urbano";1;0;0;0;1;0;0;1
83511898;"31/10/16";"Segunda";"00:25:00";"RJ";393;"257";"BARRA DO PIRAI";"Outras";"Queda de motocicleta / bicicleta / veículo";"Com Vítimas Feridas";"Plena noite";"Decrescente";"Nublado";"Simples";"Curva";"Urbano";1;0;1;0;0;0;1;1
83511899;"29/10/16";"Sábado";"12:30:00";"PA";10;"76";"ULIANOPOLIS";"Outras";"Saída de Pista";"Com Vítimas Feridas";"Pleno dia";"Crescente";"Ceu Claro";"Simples";"Reta";"Urbano";2;0;2;0;0;0;2;2
83511900;"30/10/16";"Domingo";"20:50:00";"AL";104;"87,1";"RIO LARGO";"Outras";"Colisão com bicicleta";"Com Vítimas Fatais";"Plena noite";"Crescente";"Ceu Claro";"Dupla";"Reta";"Urbano";2;1;0;0;0;1;0;2
83511901;"30/10/16";"Domingo";"14:45:00";"GO";60;"426";"RIO VERDE";"Velocidade incompatível";"Saída de Pista";"Sem Vítimas";"Pleno dia";"Decrescente";"Ceu Claro";"Dupla";"Curva";"Rural";1;0;0;0;1;0;0;1
83511902;"08/10/16";"Sábado";"20:00:00";"SC";470;"58";"BLUMENAU";"Falta de atenção";"Colisão Transversal";"Com Vítimas Feridas";"Plena noite";"Decrescente";"Ceu Claro";"Simples";"Reta";"Urbano";2;0;0;1;0;1;1;2
83511903;"27/10/16";"Quinta";"16:15:00";"MG";40;"727";"OLIVEIRA FORTES";"Velocidade incompatível";"Tombamento";"Ignorado";"Pleno dia";"Crescente";"Ignorada";"Dupla";"Curva";"Rural";1;0;0;0;0;1;0;1
83511904;"26/10/16";"Quarta";"23:15:00";"GO";40;"23,5";"LUZIANIA";"Ingestão de álcool";"Colisão com bicicleta";"Com Vítimas Feridas";"Plena noite";"Decrescente";"Nublado";"Dupla";"Curva";"Urbano";2;0;0;1;1;0;1;2
83511905;"30/10/16";"Domingo";"00:30:00";"MG";116;"303,8";"ITAMBACURI";"Não guardar distância de segurança";"Colisão traseira";"Sem Vítimas";"Plena noite";"Decrescente";"Chuva";"Simples";"Reta";"Urbano";2;0;0;0;2;0;0;2
83511906;"30/10/16";"Domingo";"19:00:00";"BA";110;"133";"CICERO DANTAS";"Outras";"Tombamento";"Sem Vítimas";"Anoitecer";"Decrescente";"Ceu Claro";"Simples";"Curva";"Rural";1;0;0;0;1;0;0;1
83511907;"27/10/16";"Quinta";"14:00:00";"PE";101;"67";"RECIFE";"Outras";"Colisão lateral";"Com Vítimas Feridas";"Pleno dia";"Decrescente";"Ceu Claro";"Múltipla";"Reta";"Urbano";3;0;2;0;0;1;2;2
83511908;"30/10/16";"Domingo";"22:20:00";"BA";116;"394,6";"SANTA BARBARA";"Falta de atenção";"Colisão Transversal";"Com Vítimas Feridas";"Plena noite";"Decrescente";"Ceu Claro";"Simples";"Reta";"Rural";2;0;0;2;0;0;2;2
83511909;"30/10/16";"Domingo";"23:30:00";"RJ";101;"102";"CAMPOS DOS GOYTACAZES";"Não guardar distância de segurança";"Colisão traseira";"Com Vítimas Feridas";"Plena noite";"Decrescente";"Nublado";"Dupla";"Reta";"Rural";3;0;2;0;0;1;2;2
83511910;"28/10/16";"Sexta";"06:30:00";"PR";376;"466";"PONTA GROSSA";"Ingestão de álcool";"Saída de Pista";"Sem Vítimas";"Amanhecer";"Decrescente";"Ceu Claro";"Dupla";"Curva";"Rural";1;0;0;0;1;0;0;1
83511911;"27/10/16";"Quinta";"13:05:00";"MG";356;"266,7";"MURIAE";"Falta de atenção";"Colisão Transversal";"Com Vítimas Feridas";"Pleno dia";"Decrescente";"Sol";"Simples";"Cruzamento";"Urbano";2;0;1;0;1;0;1;2
83511912;"31/10/16";"Segunda";"08:05:00";"SC";101;"38,6";"JOINVILLE";"Desobediência à sinalização";"Colisão Transversal";"Com Vítimas Feridas";"Pleno dia";"Decrescente";"Nublado";"Dupla";"Reta";"Urbano";2;0;1;0;1;0;1;2
83511913;"27/10/16";"Quinta";"02:40:00";"RJ";116;"330";"RESENDE";"Outras";"Colisão traseira";"Sem Vítimas";"Plena noite";"Decrescente";"Chuva";"Dupla";"Reta";"Rural";2;0;0;0;2;0;0;2
83511914;"28/10/16";"Sexta";"01:15:00";"MG";40;"702";"BARBACENA";"Ingestão de álcool";"Colisão com objeto fixo";"Com Vítimas Feridas";"Plena noite";"Crescente";"Ceu Claro";"Simples";"Reta";"Rural";1;0;1;0;0;0;1;1
83511915;"29/10/16";"Sábado";"22:15:00";"MG";251;"438,3";"GRAO MOGOL";"Ultrapassagem indevida";"Colisão lateral";"Com Vítimas Feridas";"Plena noite";"Decrescente";"Chuva";"Simples";"Reta";"Rural";3;0;1;0;2;0;1;2
83511916;"27/10/16";"Quinta";"23:35:00";"PR";376;"589,4";"CURITIBA";"Outras";"Colisão com objeto fixo";"Com Vítimas Feridas";"Plena noite";"Decrescente";"Ceu Claro";"Dupla";"Reta";"Urbano";2;0;1;0;1;0;1;2
83511917;"29/10/16";"Sábado";"21:25:00";"MG";251;"476";"FRANCISCO SA";"Velocidade incompatível";"Tombamento";"Sem Vítimas";"Plena noite";"Crescente";"Chuva";"Simples";"Reta";"Rural";1;0;0;0;1;0;0;1
83511918;"22/10/16";"Sábado";"23:50:00";"SE";101;"62";"ROSARIO DO CATETE";"Dormindo";"Colisão frontal";"Com Vítimas Feridas";"Plena noite";"Crescente";"Ceu Claro";"Simples";"Reta";"Rural";2;0;0;1;1;0;1;2
83511919;"29/10/16";"Sábado";"08:25:00";"PI";135;"250";"ALVORADA DO GURGUEIA";"Falta de atenção";"Colisão lateral";"Sem Vítimas";"Amanhecer";"Decrescente";"Ceu Claro";"Simples";"Reta";"Rural";5;0;0;0;5;0;0;2
83511920;"27/10/16";"Quinta";"11:30:00";"ES";101;"78,5";"SAO MATEUS";"Outras";"Queda de motocicleta / bicicleta / veículo";"Com Vítimas Feridas";"Pleno dia";"Decrescente";"Sol";"Simples";"Reta";"Urbano";1;0;1;0;0;0;1;1
83511921;"22/10/16";"Sábado";"16:50:00";"SC";101;"265";"PAULO LOPES";"Outras";"Queda de motocicleta / bicicleta / veículo";"Com Vítimas Feridas";"Pleno dia";"Decrescente";"Ceu Claro";"Dupla";"Reta";"Rural";2;0;2;0;0;0;2;1
83511922;"31/10/16";"Segunda";"07:45:00";"RS";153;"44,4";"ERECHIM";"Desobediência à sinalização";"Colisão Transversal";"Com Vítimas Feridas";"Pleno dia";"Decrescente";"Ceu Claro";"Múltipla";"Cruzamento";"Urbano";2;0;1;0;1;0;1;2
83511923;"31/10/16";"Segunda";"05:25:00";"MT";364;"262";"JUSCIMEIRA";"Animais na Pista";"Queda de motocicleta / bicicleta / veículo";"Com Vítimas Feridas";"Amanhecer";"Crescente";"Nublado";"Simples";"Reta";"Rural";1;0;0;1;0;0;1;1
83511924;"29/10/16";"Sábado";"22:03:00";"PR";369;"72";"SANTA MARIANA";"Desobediência à sinalização";"Colisão lateral";"Sem Vítimas";"Plena noite";"Crescente";"Ceu Claro";"Simples";"Curva";"Rural";2;0;0;0;1;1;0;2
83511925;"29/10/16";"Sábado";"03:10:00";"MG";116;"555,4";"SANTA BARBARA DO LESTE";"Dormindo";"Capotamento";"Com Vítimas Fatais";"Plena noite";"Decrescente";"Chuva";"Simples";"Curva";"Rural";2;1;0;0;1;0;0;1
83511926;"31/10/16";"Segunda";"08:30:00";"SC";101;"123";"ITAJAI";"Falta de atenção";"Colisão lateral";"Com Vítimas Feridas";"Pleno dia";"Crescente";"Nublado";"Dupla";"Reta";"Urbano";2;0;1;0;1;0;1;2
83511927;"28/10/16";"Sexta";"02:50:00";"MG";381;"784,9";"SAO GONCALO DO SAPUCAI";"Dormindo";"Tombamento";"Com Vítimas Feridas";"Plena noite";"Crescente";"Ceu Claro";"Dupla";"Curva";"Rural";1;0;0;1;0;0;1;1
83511928;"15/10/16";"Sábado";"23:10:00";"MG";365;"614";"UBERLANDIA";"Não guardar distância de segurança";"Colisão lateral";"Com Vítimas Feridas";"Plena noite";"Crescente";"Ignorada";"Simples";"Reta";"Rural";2;0;1;0;0;1;1;2
83511929;"31/10/16";"Segunda";"07:56:00";"SC";101;"200";"SAO JOSE";"Não guardar distância de segurança";"Colisão lateral";"Com Vítimas Feridas";"Pleno dia";"Crescente";"Nublado";"Dupla";"Reta";"Urbano";2;0;1;0;1;0;1;2
83511930;"27/10/16";"Quinta";"08:00:00";"ES";101;"36";"CONCEICAO DA BARRA";"Outras";"Queda de motocicleta / bicicleta / veículo";"Com Vítimas Feridas";"Pleno dia";"Decrescente";"Sol";"Simples";"Reta";"Rural";1;0;0;1;0;0;1;1
83511931;"27/10/16";"Quinta";"16:43:00";"BA";324;"543";"AMELIA RODRIGUES";"Outras";"Colisão com bicicleta";"Com Vítimas Feridas";"Pleno dia";"Crescente";"Ceu Claro";"Dupla";"Reta";"Urbano";2;0;1;0;1;0;1;2
83511932;"30/10/16";"Domingo";"06:00:00";"RJ";40;"100";"DUQUE DE CAXIAS";"Outras";"Capotamento";"Com Vítimas Feridas";"Pleno dia";"Crescente";"Ceu Claro";"Simples";"Reta";"Urbano";2;0;0;2;0;0;2;1
83511933;"31/10/16";"Segunda";"08:00:00";"DF";20;"9";"BRASILIA";"Falta de atenção";"Colisão lateral";"Com Vítimas Feridas";"Pleno dia";"Decrescente";"Ceu Claro";"Simples";"Reta";"Urbano";2;0;1;0;1;0;1;2
83511934;"27/10/16";"Quinta";"09:25:00";"MG";381;"900";"CAMBUI";"Velocidade incompatível";"Colisão traseira";"Com Vítimas Feridas";"Pleno dia";"Decrescente";"Nublado";"Dupla";"Reta";"Rural";5;0;1;0;4;0;1;2
83511936;"27/10/16";"Quinta";"16:00:00";"MG";381;"244";"SANTANA DO PARAISO";"Falta de atenção";"Colisão traseira";"Com Vítimas Feridas";"Pleno dia";"Crescente";"Ceu Claro";"Simples";"Reta";"Rural";2;0;1;0;1;0;1;2
83511937;"28/10/16";"Sexta";"18:20:00";"RJ";101;"56";"CAMPOS DOS GOYTACAZES";"Outras";"Colisão Transversal";"Com Vítimas Feridas";"Pleno dia";"Decrescente";"Ceu Claro";"Simples";"Reta";"Urbano";3;0;0;1;1;1;1;3
83511938;"27/10/16";"Quinta";"07:00:00";"AL";316;"86,6";"SANTANA DO IPANEMA";"Desobediência à sinalização";"Colisão Transversal";"Com Vítimas Feridas";"Pleno dia";"Decrescente";"Ceu Claro";"Simples";"Reta";"Urbano";2;0;1;0;1;0;1;2
83511939;"31/10/16";"Segunda";"07:40:00";"GO";153;"592,5";"PIRACANJUBA";"Dormindo";"Saída de Pista";"Com Vítimas Feridas";"Amanhecer";"Crescente";"Ceu Claro";"Dupla";"Reta";"Rural";1;0;1;0;0;0;1;1
83511940;"31/10/16";"Segunda";"08:40:00";"SC";101;"214";"PALHOCA";"Outras";"Colisão lateral";"Com Vítimas Feridas";"Pleno dia";"Decrescente";"Nublado";"Dupla";"Reta";"Urbano";2;0;1;0;1;0;1;2
83511941;"31/10/16";"Segunda";"07:30:00";"SC";470;"193,6";"POUSO REDONDO";"Falta de atenção";"Colisão frontal";"Com Vítimas Feridas";"Pleno dia";"Decrescente";"Chuva";"Simples";"Curva";"Rural";4;0;4;0;0;0;4;2
83511942;"27/10/16";"Quinta";"08:20:00";"PR";476;"200";"LAPA";"Defeito mecânico em veículo";"Danos Eventuais";"Sem Vítimas";"Pleno dia";"Decrescente";"Ceu Claro";"Simples";"Reta";"Urbano";3;0;0;0;3;0;0;3
83511943;"28/10/16";"Sexta";"16:00:00";"MT";364;"259";"JUSCIMEIRA";"Outras";"Colisão traseira";"Sem Vítimas";"Pleno dia";"Crescente";"Sol";"Simples";"Reta";"Rural";2;0;0;0;2;0;0;2
83511946;"11/10/16";"Terça";"21:45:00";"RJ";101;"318";"SAO GONCALO";"Falta de atenção";"Queda de motocicleta / bicicleta / veículo";"Com Vítimas Feridas";"Pleno dia";"Decrescente";"Ceu Claro";"Dupla";"Reta";"Urbano";1;0;1;0;0;0;1;1
83511947;"28/10/16";"Sexta";"17:30:00";"MT";364;"545";"ROSARIO OESTE";"Defeito mecânico em veículo";"Saída de Pista";"Com Vítimas Feridas";"Anoitecer";"Decrescente";"Ceu Claro";"Dupla";"Reta";"Rural";1;0;1;0;0;0;1;1
83511948;"31/10/16";"Segunda";"10:30:00";"RS";386;"435";"NOVA SANTA RITA";"Velocidade incompatível";"Colisão lateral";"Sem Vítimas";"Pleno dia";"Decrescente";"Ceu Claro";"Dupla";"Reta";"Rural";2;0;0;0;2;0;0;2
83511949;"27/10/16";"Quinta";"04:30:00";"AM";319;"94";"CAREIRO";"Falta de atenção";"Colisão traseira";"Sem Vítimas";"Plena noite";"Decrescente";"Ceu Claro";"Simples";"Reta";"Rural";2;0;0;0;2;0;0;2
83511950;"31/10/16";"Segunda";"04:40:00";"SP";116;"192";"SANTA ISABEL";"Outras";"Atropelamento de pessoa";"Com Vítimas Feridas";"Plena noite";"Decrescente";"Ceu Claro";"Dupla";"Reta";"Rural";2;0;0;1;1;0;1;1
83511951;"28/10/16";"Sexta";"08:20:00";"SP";153;"60,9";"SAO JOSE DO RIO PRETO";"Falta de atenção";"Colisão traseira";"Com Vítimas Feridas";"Pleno dia";"Crescente";"Sol";"Simples";"Reta";"Urbano";2;0;1;0;1;0;1;2
83511952;"31/10/16";"Segunda";"08:35:00";"RS";386;"34,7";"FREDERICO WESTPHALEN";"Velocidade incompatível";"Saída de Pista";"Ignorado";"Pleno dia";"Crescente";"Sol";"Simples";"Curva";"Urbano";1;0;0;0;0;1;0;1
83511953;"31/10/16";"Segunda";"08:40:00";"RS";386;"34,7";"FREDERICO WESTPHALEN";"Não guardar distância de segurança";"Colisão frontal";"Com Vítimas Feridas";"Pleno dia";"Crescente";"Sol";"Simples";"Reta";"Urbano";5;0;3;0;2;0;3;2
83511954;"12/09/16";"Segunda";"09:00:00";"CE";116;"34,1";"AQUIRAZ";"Ingestão de álcool";"Queda de motocicleta / bicicleta / veículo";"Com Vítimas Feridas";"Pleno dia";"Decrescente";"Ceu Claro";"Dupla";"Reta";"Rural";1;0;1;0;0;0;1;1
83511955;"31/10/16";"Segunda";"10:45:00";"PR";277;"713,8";"SANTA TEREZINHA DE ITAIPU";"Falta de atenção";"Tombamento";"Com Vítimas Feridas";"Pleno dia";"Crescente";"Ceu Claro";"Dupla";"Reta";"Rural";1;0;1;0;0;0;1;1
83511956;"31/10/16";"Segunda";"08:30:00";"MG";381;"278,4";"JAGUARACU";"Velocidade incompatível";"Colisão Transversal";"Com Vítimas Feridas";"Pleno dia";"Decrescente";"Nublado";"Simples";"Reta";"Urbano";2;0;0;1;1;0;1;2
83511957;"29/10/16";"Sábado";"03:00:00";"MG";116;"530,4";"CARATINGA";"Outras";"Colisão Transversal";"Com Vítimas Feridas";"Plena noite";"Crescente";"Chuva";"Simples";"Curva";"Urbano";3;0;0;1;2;0;1;2
83511958;"31/10/16";"Segunda";"10:00:00";"SC";101;"205,2";"SAO JOSE";"Não guardar distância de segurança";"Colisão traseira";"Com Vítimas Feridas";"Pleno dia";"Crescente";"Ceu Claro";"Múltipla";"Reta";"Urbano";2;0;1;0;1;0;1;2
83511959;"29/10/16";"Sábado";"00:30:00";"MG";381;"291";"ANTONIO DIAS";"Velocidade incompatível";"Saída de Pista";"Com Vítimas Feridas";"Plena noite";"Decrescente";"Chuva";"Simples";"Curva";"Rural";1;0;1;0;0;0;1;1
83511960;"30/10/16";"Domingo";"13:00:00";"MG";381;"553";"ITAGUARA";"Falta de atenção";"Colisão frontal";"Sem Vítimas";"Pleno dia";"Decrescente";"Ceu Claro";"Múltipla";"Reta";"Rural";2;0;0;0;2;0;0;2
83511961;"28/10/16";"Sexta";"19:10:00";"PR";277;"110";"CAMPO LARGO";"Outras";"Queda de motocicleta / bicicleta / veículo";"Com Vítimas Feridas";"Pleno dia";"Decrescente";"Nublado";"Dupla";"Reta";"Urbano";1;0;1;0;0;0;1;1
83511962;"31/10/16";"Segunda";"07:50:00";"MG";381;"317";"NOVA ERA";"Velocidade incompatível";"Colisão frontal";"Com Vítimas Feridas";"Pleno dia";"Decrescente";"Chuva";"Simples";"Curva";"Rural";2;0;0;1;1;0;1;2
83511963;"09/03/16";"Quarta";"23:00:00";"RS";290;"190,8";"MINAS DO LEAO";"Outras";"Saída de Pista";"Com Vítimas Feridas";"Plena noite";"Crescente";"Chuva";"Simples";"Reta";"Rural";1;0;1;0;0;0;1;1
83511964;"31/10/16";"Segunda";"07:40:00";"MG";262;"587";"CAMPOS ALTOS";"Velocidade incompatível";"Colisão lateral";"Com Vítimas Feridas";"Pleno dia";"Crescente";"Ceu Claro";"Simples";"Reta";"Rural";4;0;1;0;3;0;1;4
83511965;"31/10/16";"Segunda";"09:15:00";"GO";153;"494";"GOIANIA";"Falta de atenção";"Colisão traseira";"Sem Vítimas";"Pleno dia";"Crescente";"Nublado";"Simples";"Reta";"Urbano";4;0;0;0;4;0;0;2
83511966;"31/10/16";"Segunda";"05:20:00";"PB";104;"149,7";"QUEIMADAS";"Desobediência à sinalização";"Colisão frontal";"Com Vítimas Fatais";"Amanhecer";"Decrescente";"Ceu Claro";"Simples";"Reta";"Rural";2;1;0;0;1;0;0;2
83511967;"30/10/16";"Domingo";"22:30:00";"MG";381;"247,8";"SANTANA DO PARAISO";"Ingestão de álcool";"Colisão frontal";"Com Vítimas Feridas";"Plena noite";"Decrescente";"Ceu Claro";"Simples";"Reta";"Rural";2;0;2;0;0;0;2;2
83511968;"28/10/16";"Sexta";"19:30:00";"MG";40;"436";"PARAOPEBA";"Outras";"Saída de Pista";"Sem Vítimas";"Plena noite";"Decrescente";"Ceu Claro";"Dupla";"Reta";"Urbano";1;0;0;0;1;0;0;1
83511969;"31/10/16";"Segunda";"09:40:00";"PE";110;"97";"SERTANIA";"Outras";"Saída de Pista";"Sem Vítimas";"Pleno dia";"Crescente";"Sol";"Simples";"Reta";"Rural";2;0;0;0;1;1;0;2
83511970;"31/10/16";"Segunda";"09:00:00";"PR";369;"174,5";"ROLANDIA";"Falta de atenção";"Colisão lateral";"Com Vítimas Feridas";"Pleno dia";"Crescente";"Ceu Claro";"Dupla";"Reta";"Urbano";4;0;1;0;3;0;1;4
83511971;"31/10/16";"Segunda";"08:30:00";"PR";467;"77";"TOLEDO";"Falta de atenção";"Colisão lateral";"Com Vítimas Feridas";"Pleno dia";"Decrescente";"Ceu Claro";"Dupla";"Reta";"Rural";5;0;5;0;0;0;5;2
83511972;"31/10/16";"Segunda";"11:30:00";"GO";60;"431";"RIO VERDE";"Dormindo";"Colisão com objeto fixo";"Com Vítimas Feridas";"Pleno dia";"Decrescente";"Ceu Claro";"Dupla";"Reta";"Rural";1;0;1;0;0;0;1;1
83511973;"29/10/16";"Sábado";"06:15:00";"MG";381;"343";"BELA VISTA DE MINAS";"Velocidade incompatível";"Colisão frontal";"Sem Vítimas";"Amanhecer";"Crescente";"Chuva";"Simples";"Curva";"Rural";2;0;0;0;2;0;0;2
83511974;"31/10/16";"Segunda";"07:50:00";"PR";116;"116";"CURITIBA";"Falta de atenção";"Colisão traseira";"Com Vítimas Feridas";"Pleno dia";"Crescente";"Nublado";"Dupla";"Reta";"Urbano";2;0;1;0;1;0;1;2
83511975;"27/10/16";"Quinta";"06:00:00";"MS";262;"7";"TRES LAGOAS";"Ingestão de álcool";"Colisão Transversal";"Sem Vítimas";"Amanhecer";"Decrescente";"Ceu Claro";"Dupla";"Reta";"Urbano";3;0;0;0;3;0;0;2
83511976;"31/10/16";"Segunda";"10:45:00";"RJ";393;"195";"PARAIBA DO SUL";"Defeito mecânico em veículo";"Colisão com objeto fixo";"Sem Vítimas";"Pleno dia";"Decrescente";"Nublado";"Múltipla";"Reta";"Rural";1;0;0;0;1;0;0;1
83511977;"30/08/16";"Terça";"22:20:00";"PR";116;"68";"CAMPINA GRANDE DO SUL";"Outras";"Saída de Pista";"Com Vítimas Feridas";"Plena noite";"Decrescente";"Nublado";"Dupla";"Curva";"Rural";3;0;2;0;1;0;2;1
83511978;"31/10/16";"Segunda";"13:00:00";"MG";267;"309,1";"CAXAMBU";"Falta de atenção";"Colisão Transversal";"Sem Vítimas";"Pleno dia";"Crescente";"Ceu Claro";"Simples";"Reta";"Rural";2;0;0;0;2;0;0;2
83511979;"31/10/16";"Segunda";"10:30:00";"PR";376;"183,5";"SARANDI";"Não guardar distância de segurança";"Colisão traseira";"Com Vítimas Feridas";"Pleno dia";"Decrescente";"Ceu Claro";"Dupla";"Reta";"Urbano";2;0;1;0;1;0;1;2
83511980;"27/10/16";"Quinta";"03:30:00";"AL";101;"2,7";"NOVO LINO";"Falta de atenção";"Tombamento";"Sem Vítimas";"Amanhecer";"Decrescente";"Ceu Claro";"Dupla";"Curva";"Rural";1;0;0;0;1;0;0;1
83511981;"28/10/16";"Sexta";"18:30:00";"BA";324;"599";"SIMOES FILHO";"Falta de atenção";"Colisão com objeto fixo";"Sem Vítimas";"Plena noite";"Crescente";"Ceu Claro";"Múltipla";"Reta";"Urbano";1;0;0;0;1;0;0;1
83511983;"31/10/16";"Segunda";"08:00:00";"BA";367;"63,5";"PORTO SEGURO";"Falta de atenção";"Colisão frontal";"Com Vítimas Feridas";"Pleno dia";"Decrescente";"Chuva";"Simples";"Reta";"Rural";6;0;3;0;3;0;3;2
83511984;"31/10/16";"Segunda";"08:35:00";"MG";40;"525";"CONTAGEM";"Falta de atenção";"Colisão traseira";"Com Vítimas Feridas";"Pleno dia";"Crescente";"Sol";"Dupla";"Reta";"Urbano";2;0;1;0;1;0;1;2