"id";"data_inversa";"dia_semana";"horario";"uf";"br";"km";"municipio";"causa_acidente";"tipo_acidente";"classificacao_acidente";"fase_dia";"sentido_via";"condicao_metereologica";"tipo_pista";"tracado_via";"uso_solo";"pessoas";"mortos";"feridos_leves";"feridos_graves";"ilesos";"ignorados";"feridos";"veiculos"
83511985;"25/10/16";"Terça";"18:30:00";"PB";230;"189,5";"POCINHOS";"Ultrapassagem indevida";"Colisão frontal";"Sem Vítimas";"Plena noite";"Crescente";"Ceu Claro";"Simples";"Reta";"Rural";2;0;0;0;2;0;0;2
83511986;"31/10/16";"Segunda";"12:00:00";"RO";364;"342,7";"JI-PARANA";"Falta de atenção";"Colisão lateral";"Sem Vítimas";"Pleno dia";"Crescente";"Ceu Claro";"Múltipla";"Reta";"Urbano";2;0;0;0;2;0;0;2
83511987;"31/10/16";"Segunda";"12:45:00";"PR";487;"213,8";"LUIZIANA";"Outras";"Capotamento";"Sem Vítimas";"Pleno dia";"Crescente";"Sol";"Simples";"Reta";"Rural";1;0;0;0;1;0;0;1
83511988;"31/10/16";"Segunda";"14:20:00";"RS";386;"174";"CARAZINHO";"Desobediência à sinalização";"Colisão Transversal";"Com Vítimas Feridas";"Pleno dia";"Crescente";"Ceu Claro";"Simples";"Cruzamento";"Urbano";3;0;1;0;2;0;1;3
83511991;"31/10/16";"Segunda";"13:10:00";"CE";222;"164";"IRAUCUBA";"Defeito mecânico em veículo";"Queda de motocicleta / bicicleta / veículo";"Com Vítimas Feridas";"Pleno dia";"Decrescente";"Nublado";"Simples";"Reta";"Rural";1;0;0;1;0;0;1;1
83511992;"17/06/16";"Sexta";"18:11:00";"GO";153;"501";"GOIANIA";"Outras";"Queda de motocicleta / bicicleta / veículo";"Com Vítimas Feridas";"Anoitecer";"Crescente";"Ceu Claro";"Dupla";"Reta";"Urbano";1;0;1;0;0;0;1;1
83511993;"29/10/16";"Sábado";"06:40:00";"RJ";116;"276";"BARRA MANSA";"Outras";"Capotamento";"Sem Vítimas";"Amanhecer";"Crescente";"Nublado";"Múltipla";"Curva";"Rural";1;0;0;0;1;0;0;1
83511994;"31/10/16";"Segunda";"11:30:00";"RN";405;"10,2";"MOSSORO";"Outras";"Colisão lateral";"Com Vítimas Feridas";"Pleno dia";"Crescente";"Ceu Claro";"Simples";"Reta";"Rural";2;0;0;1;0;1;1;2
83511995;"31/10/16";"Segunda";"09:36:00";"MG";381;"491";"BETIM";"Outras";"Colisão com objeto fixo";"Com Vítimas Fatais";"Pleno dia";"Crescente";"Ceu Claro";"Dupla";"Reta";"Rural";2;1;0;0;1;0;0;2
83511996;"27/10/16";"Quinta";"07:00:00";"MT";163;"834";"SINOP";"Não guardar distância de segurança";"Colisão traseira";"Com Vítimas Feridas";"Pleno dia";"Decrescente";"Ceu Claro";"Dupla";"Curva";"Urbano";2;0;1;0;1;0;1;2
83511997;"08/08/16";"Segunda";"05:45:00";"MG";40;"688,1";"ALFREDO VASCONCELOS";"Outras";"Saída de Pista";"Com Vítimas Feridas";"Amanhecer";"Crescente";"Ceu Claro";"Simples";"Reta";"Rural";3;0;3;0;0;0;3;1
83511998;"31/10/16";"Segunda";"09:20:00";"TO";153;"184,1";"NOVA OLINDA";"Defeito na via";"Colisão lateral";"Sem Vítimas";"Pleno dia";"Crescente";"Nublado";"Simples";"Reta";"Rural";4;0;0;0;4;0;0;3
83511999;"31/10/16";"Segunda";"11:30:00";"GO";70;"7";"AGUAS LINDAS DE GOIAS";"Falta de atenção";"Colisão traseira";"Com Vítimas Feridas";"Pleno dia";"Decrescente";"Nublado";"Dupla";"Reta";"Rural";2;0;0;1;1;0;1;2
83512000;"31/10/16";"Segunda";"10:30:00";"MG";40;"760,9";"JUIZ DE FORA";"Desobediência à sinalização";"Colisão lateral";"Com Vítimas Feridas";"Pleno dia";"Decrescente";"Ceu Claro";"Simples";"Reta";"Rural";3;0;1;0;2;0;1;3
83512001;"31/10/16";"Segunda";"12:10:00";"CE";20;"348";"CARIDADE";"Falta de atenção";"Colisão Transversal";"Com Vítimas Feridas";"Pleno dia";"Decrescente";"Ceu Claro";"Simples";"Reta";"Urbano";2;0;1;0;1;0;1;2
83512002;"28/10/16";"Sexta";"00:10:00";"RJ";116;"319";"ITATIAIA";"Outras";"Colisão lateral";"Sem Vítimas";"Plena noite";"Crescente";"Nublado";"Dupla";"Reta";"Urbano";2;0;0;0;2;0;0;2
83512003;"31/10/16";"Segunda";"11:20:00";"ES";101;"291,9";"CARIACICA";"Falta de atenção";"Colisão com bicicleta";"Com Vítimas Feridas";"Pleno dia";"Decrescente";"Nublado";"Dupla";"Reta";"Urbano";2;0;1;0;1;0;1;2
83512004;"29/10/16";"Sábado";"01:20:00";"GO";70;"18,2";"COCALZINHO DE GOIAS";"Outras";"Colisão frontal";"Com Vítimas Fatais";"Plena noite";"Decrescente";"Ceu Claro";"Simples";"Reta";"Rural";2;1;0;0;1;0;0;2
83512005;"31/10/16";"Segunda";"15:25:00";"SC";101;"174,7";"BIGUACU";"Dormindo";"Colisão com objeto fixo";"Sem Vítimas";"Pleno dia";"Crescente";"Nublado";"Dupla";"Reta";"Urbano";1;0;0;0;1;0;0;1
83512006;"31/10/16";"Segunda";"07:40:00";"TO";242;"477";"FORMOSO DO ARAGUAIA";"Outras";"Colisão Transversal";"Com Vítimas Feridas";"Pleno dia";"Crescente";"Ceu Claro";"Simples";"Cruzamento";"Urbano";2;0;0;1;1;0;1;2
83512007;"31/10/16";"Segunda";"07:50:00";"MG";381;"482";"BETIM";"Outras";"Colisão traseira";"Com Vítimas Feridas";"Pleno dia";"Crescente";"Ceu Claro";"Dupla";"Reta";"Urbano";2;0;1;0;1;0;1;2
83512008;"29/10/16";"Sábado";"00:35:00";"SP";116;"97,3";"PINDAMONHANGABA";"Não guardar distância de segurança";"Colisão traseira";"Com Vítimas Feridas";"Plena noite";"Decrescente";"Nublado";"Dupla";"Reta";"Rural";5;0;4;0;1;0;4;2
83512009;"26/10/16";"Quarta";"03:00:00";"PE";101;"83";"JABOATAO DOS GUARARAPES";"Outras";"Capotamento";"Ignorado";"Plena noite";"Decrescente";"Ceu Claro";"Dupla";"Reta";"Urbano";1;0;0;0;0;1;0;1
83512010;"31/10/16";"Segunda";"09:00:00";"MT";163;"1038";"MATUPA";"Desobediência à sinalização";"Colisão lateral";"Com Vítimas Feridas";"Pleno dia";"Crescente";"Ceu Claro";"Dupla";"Curva";"Urbano";3;0;1;0;2;0;1;2
83512011;"31/10/16";"Segunda";"08:30:00";"MG";365;"569,4";"INDIANOPOLIS";"Defeito mecânico em veículo";"Saída de Pista";"Com Vítimas Feridas";"Pleno dia";"Crescente";"Ceu Claro";"Simples";"Reta";"Rural";6;0;6;0;0;0;6;1
83512012;"28/10/16";"Sexta";"03:00:00";"RN";110;"11";"AREIA BRANCA";"Velocidade incompatível";"Capotamento";"Com Vítimas Fatais";"Plena noite";"Decrescente";"Ceu Claro";"Simples";"Curva";"Rural";1;1;0;0;0;0;0;1
83512013;"31/10/16";"Segunda";"15:15:00";"PR";376;"505";"PONTA GROSSA";"Falta de atenção";"Saída de Pista";"Com Vítimas Feridas";"Pleno dia";"Decrescente";"Sol";"Dupla";"Reta";"Urbano";4;0;3;0;1;0;3;1
83512014;"31/10/16";"Segunda";"14:00:00";"GO";70;"3,9";"AGUAS LINDAS DE GOIAS";"Falta de atenção";"Queda de motocicleta / bicicleta / veículo";"Com Vítimas Feridas";"Pleno dia";"Decrescente";"Chuva";"Dupla";"Reta";"Urbano";1;0;1;0;0;0;1;1
83512015;"31/10/16";"Segunda";"14:00:00";"RJ";101;"303";"SAO GONCALO";"Outras";"Colisão traseira";"Com Vítimas Feridas";"Pleno dia";"Decrescente";"Ceu Claro";"Dupla";"Reta";"Urbano";3;0;2;0;1;0;2;2
83512016;"13/10/16";"Quinta";"02:15:00";"SC";101;"379";"ICARA";"Dormindo";"Saída de Pista";"Com Vítimas Feridas";"Plena noite";"Crescente";"Nublado";"Múltipla";"Reta";"Rural";1;0;1;0;0;0;1;1
83512017;"31/10/16";"Segunda";"11:30:00";"PR";476;"125,7";"CURITIBA";"Outras";"Saída de Pista";"Com Vítimas Feridas";"Pleno dia";"Crescente";"Ceu Claro";"Múltipla";"Reta";"Urbano";1;0;1;0;0;0;1;1
83512018;"30/10/16";"Domingo";"09:00:00";"BA";242;"659";"MUQUEM DO SAO FRANCISCO";"Outras";"Saída de Pista";"Sem Vítimas";"Amanhecer";"Crescente";"Ceu Claro";"Simples";"Reta";"Rural";1;0;0;0;1;0;0;1
83512019;"04/07/16";"Segunda";"04:30:00";"BA";324;"416";"RIACHAO DO JACUIPE";"Ingestão de álcool";"Colisão frontal";"Com Vítimas Fatais";"Plena noite";"Decrescente";"Ceu Claro";"Simples";"Reta";"Urbano";2;1;0;0;1;0;0;2
83512020;"30/10/16";"Domingo";"12:37:00";"SP";116;"146";"SAO JOSE DOS CAMPOS";"Falta de atenção";"Colisão traseira";"Sem Vítimas";"Pleno dia";"Crescente";"Sol";"Múltipla";"Reta";"Urbano";4;0;0;0;4;0;0;4
83512021;"31/10/16";"Segunda";"16:45:00";"SC";101;"28";"JOINVILLE";"Falta de atenção";"Colisão lateral";"Sem Vítimas";"Pleno dia";"Decrescente";"Ceu Claro";"Dupla";"Reta";"Rural";2;0;0;0;2;0;0;2
83512022;"30/10/16";"Domingo";"00:30:00";"MS";163;"248,5";"DOURADOS";"Velocidade incompatível";"Capotamento";"Ignorado";"Plena noite";"Crescente";"Ceu Claro";"Dupla";"Curva";"Rural";1;0;0;0;0;1;0;1
83512023;"31/10/16";"Segunda";"14:00:00";"MG";116;"522,3";"CARATINGA";"Falta de atenção";"Colisão Transversal";"Com Vítimas Feridas";"Pleno dia";"Crescente";"Sol";"Simples";"Reta";"Rural";3;0;0;1;2;0;1;2
83512024;"29/10/16";"Sábado";"18:15:00";"RS";468;"107";"TRES PASSOS";"Outras";"Colisão Transversal";"Com Vítimas Feridas";"Anoitecer";"Crescente";"Ceu Claro";"Simples";"Curva";"Rural";2;0;1;0;1;0;1;2
83512025;"29/10/16";"Sábado";"22:50:00";"RJ";40;"74";"PETROPOLIS";"Outras";"Capotamento";"Sem Vítimas";"Plena noite";"Decrescente";"Nublado";"Simples";"Curva";"Urbano";1;0;0;0;1;0;0;1
83512026;"31/10/16";"Segunda";"09:25:00";"GO";452;"182,3";"ITUMBIARA";"Falta de atenção";"Colisão Transversal";"Com Vítimas Feridas";"Pleno dia";"Crescente";"Ceu Claro";"Simples";"Reta";"Rural";3;0;2;1;0;0;3;2
83512027;"31/10/16";"Segunda";"16:10:00";"RJ";465;"15";"NOVA IGUACU";"Não guardar distância de segurança";"Colisão traseira";"Com Vítimas Feridas";"Pleno dia";"Decrescente";"Chuva";"Dupla";"Reta";"Urbano";2;0;1;0;0;1;1;2
83512028;"30/10/16";"Domingo";"01:50:00";"MG";267;"159";"LIMA DUARTE";"Velocidade incompatível";"Saída de Pista";"Com Vítimas Feridas";"Plena noite";"Crescente";"Nublado";"Simples";"Curva";"Rural";1;0;1;0;0;0;1;1
83512029;"31/10/16";"Segunda";"11:15:00";"PB";230;"422,6";"POMBAL";"Não guardar distância de segurança";"Colisão traseira";"Sem Vítimas";"Pleno dia";"Decrescente";"Ceu Claro";"Simples";"Reta";"Rural";2;0;0;0;2;0;0;2
83512030;"27/10/16";"Quinta";"03:30:00";"GO";60;"30";"ALEXANIA";"Outras";"Colisão traseira";"Com Vítimas Fatais";"Plena noite";"Decrescente";"Ceu Claro";"Simples";"Reta";"Urbano";3;1;0;1;1;0;1;2
83512031;"31/10/16";"Segunda";"13:00:00";"PR";376;"175,7";"MARINGA";"Falta de atenção";"Colisão Transversal";"Com Vítimas Feridas";"Pleno dia";"Decrescente";"Sol";"Múltipla";"Cruzamento";"Urbano";2;0;2;0;0;0;2;2
83512032;"29/10/16";"Sábado";"23:40:00";"TO";153;"395,6";"RIO DOS BOIS";"Defeito na via";"Tombamento";"Com Vítimas Feridas";"Plena noite";"Decrescente";"Ceu Claro";"Simples";"Reta";"Rural";1;0;1;0;0;0;1;1
83512033;"31/10/16";"Segunda";"13:00:00";"SP";116;"223";"GUARULHOS";"Outras";"Queda de motocicleta / bicicleta / veículo";"Com Vítimas Feridas";"Pleno dia";"Crescente";"Ceu Claro";"Múltipla";"Reta";"Urbano";1;0;1;0;0;0;1;1
83512034;"31/10/16";"Segunda";"13:10:00";"DF";20;"8";"BRASILIA";"Velocidade incompatível";"Colisão Transversal";"Com Vítimas Feridas";"Pleno dia";"Decrescente";"Ceu Claro";"Dupla";"Reta";"Urbano";4;0;1;1;2;0;2;3
83512035;"31/10/16";"Segunda";"11:00:00";"MG";116;"339,4";"CAMPANARIO";"Dormindo";"Colisão lateral";"Com Vítimas Feridas";"Pleno dia";"Crescente";"Nublado";"Simples";"Reta";"Rural";3;0;1;0;2;0;1;2
83512036;"31/10/16";"Segunda";"15:00:00";"PR";116;"92";"SAO JOSE DOS PINHAIS";"Outras";"Capotamento";"Com Vítimas Feridas";"Pleno dia";"Decrescente";"Nublado";"Dupla";"Reta";"Rural";1;0;1;0;0;0;1;1
83512037;"31/10/16";"Segunda";"16:40:00";"MG";262;"582";"CAMPOS ALTOS";"Velocidade incompatível";"Tombamento";"Sem Vítimas";"Pleno dia";"Decrescente";"Ceu Claro";"Simples";"Curva";"Rural";1;0;0;0;1;0;0;1
83512038;"31/10/16";"Segunda";"12:30:00";"RS";293;"98";"PINHEIRO MACHADO";"Ultrapassagem indevida";"Colisão lateral";"Com Vítimas Feridas";"Pleno dia";"Decrescente";"Ceu Claro";"Simples";"Reta";"Rural";2;0;0;1;1;0;1;2
83512039;"31/10/16";"Segunda";"12:35:00";"MG";116;"546,3";"SANTA BARBARA DO LESTE";"Falta de atenção";"Colisão frontal";"Com Vítimas Feridas";"Pleno dia";"Decrescente";"Nublado";"Simples";"Reta";"Urbano";4;0;2;0;2;0;2;2
83512040;"31/10/16";"Segunda";"16:20:00";"PR";116;"134,5";"FAZENDA RIO GRANDE";"Outras";"Colisão com objeto fixo";"Sem Vítimas";"Pleno dia";"Crescente";"Sol";"Múltipla";"Reta";"Rural";1;0;0;0;1;0;0;1
83512041;"27/10/16";"Quinta";"16:10:00";"ES";101;"14";"PEDRO CANARIO";"Outras";"Incêndio";"Com Vítimas Feridas";"Pleno dia";"Crescente";"Ceu Claro";"Simples";"Curva";"Rural";1;0;0;1;0;0;1;1
83512042;"31/10/16";"Segunda";"06:50:00";"MS";158;"99";"PARANAIBA";"Falta de atenção";"Colisão Transversal";"Com Vítimas Feridas";"Amanhecer";"Crescente";"Sol";"Simples";"Curva";"Rural";2;0;1;0;1;0;1;2
83512043;"31/10/16";"Segunda";"15:10:00";"PR";116;"93";"SAO JOSE DOS PINHAIS";"Defeito mecânico em veículo";"Queda de motocicleta / bicicleta / veículo";"Com Vítimas Feridas";"Pleno dia";"Decrescente";"Ceu Claro";"Múltipla";"Reta";"Rural";1;0;1;0;0;0;1;1
83512044;"27/10/16";"Quinta";"20:20:00";"ES";101;"267,4";"SERRA";"Outras";"Atropelamento de pessoa";"Com Vítimas Feridas";"Plena noite";"Crescente";"Ceu Claro";"Dupla";"Reta";"Urbano";2;0;0;1;1;0;1;1
83512045;"31/10/16";"Segunda";"14:25:00";"MG";262;"608";"CAMPOS ALTOS";"Dormindo";"Colisão frontal";"Com Vítimas Feridas";"Pleno dia";"Crescente";"Ceu Claro";"Simples";"Curva";"Rural";5;0;3;0;2;0;3;3
83512046;"27/10/16";"Quinta";"16:00:00";"ES";262;"80";"DOMINGOS MARTINS";"Velocidade incompatível";"Tombamento";"Sem Vítimas";"Pleno dia";"Decrescente";"Sol";"Simples";"Curva";"Rural";1;0;0;0;1;0;0;1
83512047;"26/10/16";"Quarta";"09:10:00";"PR";277;"116";"CAMPO LARGO";"Desobediência à sinalização";"Colisão Transversal";"Com Vítimas Feridas";"Pleno dia";"Decrescente";"Ceu Claro";"Dupla";"Reta";"Urbano";2;0;1;1;0;0;2;2
83512048;"31/10/16";"Segunda";"17:15:00";"MG";116;"702,9";"MURIAE";"Ultrapassagem indevida";"Colisão lateral";"Com Vítimas Feridas";"Pleno dia";"Crescente";"Sol";"Simples";"Reta";"Urbano";2;0;1;0;1;0;1;2
83512049;"31/10/16";"Segunda";"17:45:00";"RJ";393;"167,4";"TRES RIOS";"Falta de atenção";"Colisão Transversal";"Com Vítimas Feridas";"Pleno dia";"Decrescente";"Ceu Claro";"Simples";"Reta";"Urbano";2;0;1;0;1;0;1;2
83512050;"12/10/16";"Quarta";"20:51:00";"MG";365;"73";"JEQUITAI";"Animais na Pista";"Atropelamento de animal";"Com Vítimas Feridas";"Plena noite";"Decrescente";"Ceu Claro";"Simples";"Reta";"Rural";1;0;1;0;0;0;1;1
83512051;"23/10/16";"Domingo";"20:00:00";"RJ";40;"123";"DUQUE DE CAXIAS";"Velocidade incompatível";"Colisão lateral";"Com Vítimas Feridas";"Plena noite";"Decrescente";"Nublado";"Simples";"Curva";"Urbano";4;0;1;0;3;0;1;2
83512052;"31/10/16";"Segunda";"11:00:00";"BA";101;"36,5";"ESPLANADA";"Desobediência à sinalização";"Colisão Transversal";"Com Vítimas Feridas";"Pleno dia";"Decrescente";"Ceu Claro";"Simples";"Cruzamento";"Urbano";2;0;0;1;1;0;1;2
83512053;"31/10/16";"Segunda";"13:00:00";"BA";324;"592";"CANDEIAS";"Outras";"Atropelamento de pessoa";"Com Vítimas Fatais";"Pleno dia";"Crescente";"Ceu Claro";"Simples";"Reta";"Rural";2;1;0;0;1;0;0;1
83512054;"27/10/16";"Quinta";"17:40:00";"BA";242;"361";"PALMEIRAS";"Velocidade incompatível";"Colisão Transversal";"Com Vítimas Fatais";"Anoitecer";"Decrescente";"Sol";"Simples";"Curva";"Rural";6;2;1;0;0;3;1;2
83512055;"31/10/16";"Segunda";"16:15:00";"PR";116;"119";"CURITIBA";"Falta de atenção";"Colisão traseira";"Sem Vítimas";"Pleno dia";"Decrescente";"Ceu Claro";"Dupla";"Curva";"Urbano";2;0;0;0;2;0;0;2
83512056;"28/10/16";"Sexta";"22:00:00";"ES";101;"209,3";"IBIRACU";"Outras";"Tombamento";"Com Vítimas Feridas";"Plena noite";"Crescente";"Nublado";"Simples";"Curva";"Rural";2;0;0;1;1;0;1;1
83512057;"31/10/16";"Segunda";"07:50:00";"SC";282;"175";"BOCAINA DO SUL";"Falta de atenção";"Saída de Pista";"Sem Vítimas";"Plena noite";"Crescente";"Nublado";"Simples";"Reta";"Rural";1;0;0;0;1;0;0;1
83512058;"29/10/16";"Sábado";"13:00:00";"ES";101;"343";"GUARAPARI";"Defeito mecânico em veículo";"Capotamento";"Sem Vítimas";"Pleno dia";"Crescente";"Chuva";"Simples";"Curva";"Rural";1;0;0;0;1;0;0;1
83512059;"27/10/16";"Quinta";"17:00:00";"MG";262;"401,8";"PARA DE MINAS";"Falta de atenção";"Colisão lateral";"Sem Vítimas";"Pleno dia";"Crescente";"Sol";"Dupla";"Curva";"Rural";2;0;0;0;2;0;0;2
83512060;"31/10/16";"Segunda";"14:00:00";"SP";116;"214,8";"GUARULHOS";"Outras";"Queda de motocicleta / bicicleta / veículo";"Com Vítimas Feridas";"Pleno dia";"Crescente";"Ceu Claro";"Múltipla";"Reta";"Urbano";2;0;1;0;0;1;1;2
83512061;"31/10/16";"Segunda";"07:30:00";"SC";282;"0,6";"SAO JOSE";"Falta de atenção";"Queda de motocicleta / bicicleta / veículo";"Com Vítimas Feridas";"Amanhecer";"Decrescente";"Nublado";"Dupla";"Curva";"Urbano";1;0;1;0;0;0;1;1
83512062;"31/10/16";"Segunda";"09:30:00";"RS";116;"147,2";"CAXIAS DO SUL";"Velocidade incompatível";"Colisão traseira";"Com Vítimas Feridas";"Pleno dia";"Crescente";"Sol";"Dupla";"Reta";"Urbano";4;0;1;0;3;0;1;2
83512063;"27/10/16";"Quinta";"19:20:00";"MG";40;"511";"RIBEIRAO DAS NEVES";"Outras";"Colisão traseira";"Sem Vítimas";"Plena noite";"Decrescente";"Ignorada";"Dupla";"Reta";"Urbano";3;0;0;0;3;0;0;3
83512064;"31/10/16";"Segunda";"18:20:00";"PR";369;"190";"APUCARANA";"Defeito mecânico em veículo";"Queda de motocicleta / bicicleta / veículo";"Com Vítimas Feridas";"Pleno dia";"Crescente";"Ceu Claro";"Dupla";"Reta";"Rural";2;0;1;0;0;1;1;1
83512065;"31/10/16";"Segunda";"18:20:00";"MG";40;"726";"OLIVEIRA FORTES";"Velocidade incompatível";"Queda de motocicleta / bicicleta / veículo";"Com Vítimas Feridas";"Pleno dia";"Crescente";"Ceu Claro";"Dupla";"Curva";"Rural";1;0;1;0;0;0;1;1
83512066;"29/07/16";"Sexta";"07:00:00";"PB";230;"297,3";"SANTA LUZIA";"Falta de atenção";"Saída de Pista";"Com Vítimas Feridas";"Pleno dia";"Crescente";"Ceu Claro";"Simples";"Reta";"Rural";2;0;2;0;0;0;2;1
83512067;"26/10/16";"Quarta";"03:45:00";"SP";116;"45,6";"CANAS";"Falta de atenção";"Colisão traseira";"Sem Vítimas";"Plena noite";"Decrescente";"Nublado";"Dupla";"Reta";"Rural";2;0;0;0;2;0;0;2
83512068;"31/10/16";"Segunda";"15:50:00";"RN";427;"106,9";"CAICO";"Dormindo";"Tombamento";"Com Vítimas Feridas";"Pleno dia";"Crescente";"Ceu Claro";"Simples";"Reta";"Rural";2;0;1;0;1;0;1;1
83512070;"31/10/16";"Segunda";"09:00:00";"BA";101;"495";"ITABUNA";"Outras";"Colisão Transversal";"Com Vítimas Feridas";"Pleno dia";"Decrescente";"Ceu Claro";"Simples";"Reta";"Rural";3;0;2;0;1;0;2;2
83512071;"31/10/16";"Segunda";"18:10:00";"PR";376;"673";"GUARATUBA";"Defeito mecânico em veículo";"Saída de Pista";"Com Vítimas Feridas";"Pleno dia";"Crescente";"Nublado";"Dupla";"Reta";"Rural";1;0;1;0;0;0;1;1
83512072;"27/10/16";"Quinta";"22:47:00";"MT";364;"444";"VARZEA GRANDE";"Defeito mecânico em veículo";"Incêndio";"Sem Vítimas";"Plena noite";"Decrescente";"Ceu Claro";"Simples";"Reta";"Rural";1;0;0;0;1;0;0;1
83512073;"28/10/16";"Sexta";"23:10:00";"MG";267;"306,8";"CAXAMBU";"Animais na Pista";"Atropelamento de animal";"Com Vítimas Fatais";"Plena noite";"Crescente";"Ceu Claro";"Simples";"Reta";"Rural";2;1;1;0;0;0;1;1
83512074;"31/10/16";"Segunda";"17:38:00";"MG";40;"519";"CONTAGEM";"Falta de atenção";"Colisão com objeto móvel";"Sem Vítimas";"Pleno dia";"Decrescente";"Ceu Claro";"Dupla";"Reta";"Rural";3;0;0;0;2;1;0;3
83512075;"31/10/16";"Segunda";"08:30:00";"PR";116;"111";"CURITIBA";"Velocidade incompatível";"Colisão traseira";"Sem Vítimas";"Pleno dia";"Crescente";"Nublado";"Dupla";"Reta";"Rural";2;0;0;0;2;0;0;2
83512076;"28/10/16";"Sexta";"21:10:00";"MT";364;"237";"RONDONOPOLIS";"Outras";"Colisão lateral";"Com Vítimas Fatais";"Plena noite";"Decrescente";"Ceu Claro";"Simples";"Reta";"Urbano";2;1;0;0;1;0;0;2
83512077;"27/10/16";"Quinta";"14:00:00";"RJ";393;"290";"VOLTA REDONDA";"Falta de atenção";"Colisão traseira";"Com Vítimas Feridas";"Pleno dia";"Decrescente";"Ceu Claro";"Simples";"Reta";"Urbano";2;0;1;0;1;0;1;2
83512078;"31/10/16";"Segunda";"12:10:00";"PB";230;"28,6";"JOAO PESSOA";"Falta de atenção";"Colisão Transversal";"Sem Vítimas";"Pleno dia";"Crescente";"Sol";"Dupla";"Curva";"Urbano";4;0;0;0;4;0;0;4
83512079;"31/10/16";"Segunda";"08:45:00";"MG";146;"517,5";"POCOS DE CALDAS";"Falta de atenção";"Colisão traseira";"Sem Vítimas";"Pleno dia";"Crescente";"Nublado";"Simples";"Reta";"Rural";2;0;0;0;1;1;0;2
83512080;"31/10/16";"Segunda";"17:15:00";"PR";376;"315";"ORTIGUEIRA";"Velocidade incompatível";"Tombamento";"Sem Vítimas";"Pleno dia";"Crescente";"Ceu Claro";"Simples";"Curva";"Rural";1;0;0;0;1;0;0;1
83512081;"31/10/16";"Segunda";"17:02:00";"SC";282;"2,5";"FLORIANOPOLIS";"Defeito mecânico em veículo";"Colisão traseira";"Sem Vítimas";"Pleno dia";"Decrescente";"Nublado";"Dupla";"Reta";"Urbano";3;0;0;0;3;0;0;3
83512082;"31/10/16";"Segunda";"19:10:00";"PE";101;"81";"JABOATAO DOS GUARARAPES";"Falta de atenção";"Colisão lateral";"Sem Vítimas";"Plena noite";"Crescente";"Ceu Claro";"Dupla";"Cruzamento";"Urbano";2;0;0;0;2;0;0;2
83512083;"31/10/16";"Segunda";"14:00:00";"PR";376;"388";"IMBAU";"Falta de atenção";"Colisão traseira";"Com Vítimas Feridas";"Pleno dia";"Decrescente";"Ceu Claro";"Simples";"Reta";"Rural";3;0;1;0;2;0;1;2
83512084;"30/10/16";"Domingo";"12:35:00";"SP";116;"146";"SAO JOSE DOS CAMPOS";"Falta de atenção";"Colisão traseira";"Sem Vítimas";"Pleno dia";"Crescente";"Sol";"Múltipla";"Reta";"Urbano";2;0;0;0;2;0;0;2
83512085;"31/10/16";"Segunda";"15:45:00";"ES";101;"383,2";"RIO NOVO DO SUL";"Falta de atenção";"Saída de Pista";"Sem Vítimas";"Pleno dia";"Crescente";"Nublado";"Simples";"Reta";"Rural";1;0;0;0;1;0;0;1
83512086;"31/10/16";"Segunda";"17:30:00";"MG";262;"492,2";"MOEMA";"Desobediência à sinalização";"Colisão Transversal";"Com Vítimas Feridas";"Pleno dia";"Crescente";"Chuva";"Simples";"Reta";"Rural";4;0;1;1;2;0;2;2
83512087;"27/08/16";"Sábado";"22:00:00";"PR";376;"3,4";"APUCARANA";"Falta de atenção";"Colisão lateral";"Sem Vítimas";"Plena noite";"Crescente";"Ceu Claro";"Simples";"Reta";"Urbano";2;0;0;0;2;0;0;2
83512088;"31/10/16";"Segunda";"18:00:00";"SP";116;"211";"GUARULHOS";"Falta de atenção";"Colisão traseira";"Com Vítimas Feridas";"Pleno dia";"Decrescente";"Nublado";"Múltipla";"Reta";"Urbano";4;0;2;0;2;0;2;2
83512089;"31/10/16";"Segunda";"16:30:00";"RJ";116;"286";"BARRA MANSA";"Defeito mecânico em veículo";"Incêndio";"Sem Vítimas";"Pleno dia";"Decrescente";"Ceu Claro";"Dupla";"Reta";"Urbano";1;0;0;0;1;0;0;1
83512090;"31/10/16";"Segunda";"15:45:00";"AL";104;"46,8";"BRANQUINHA";"Falta de atenção";"Colisão Transversal";"Com Vítimas Feridas";"Pleno dia";"Decrescente";"Ceu Claro";"Simples";"Curva";"Urbano";2;0;0;1;1;0;1;2
83512091;"31/10/16";"Segunda";"19:05:00";"BA";324;"5";"FEIRA DE SANTANA";"Ingestão de álcool";"Colisão Transversal";"Com Vítimas Feridas";"Plena noite";"Crescente";"Ceu Claro";"Dupla";"Reta";"Urbano";2;0;1;1;0;0;2;2
83512093;"31/10/16";"Segunda";"12:45:00";"SC";101;"162";"TIJUCAS";"Outras";"Colisão Transversal";"Com Vítimas Feridas";"Pleno dia";"Decrescente";"Nublado";"Simples";"Reta";"Urbano";2;0;1;0;1;0;1;2
83512094;"31/10/16";"Segunda";"18:00:00";"AL";316;"252";"PILAR";"Falta de atenção";"Colisão Transversal";"Com Vítimas Feridas";"Plena noite";"Crescente";"Ceu Claro";"Simples";"Reta";"Rural";2;0;0;1;1;0;1;2