"id";"data_inversa";"dia_semana";"horario";"uf";"br";"km";"municipio";"causa_acidente";"tipo_acidente";"classificacao_acidente";"fase_dia";"sentido_via";"condicao_metereologica";"tipo_pista";"tracado_via";"uso_solo";"pessoas";"mortos";"feridos_leves";"feridos_graves";"ilesos";"ignorados";"feridos";"veiculos"
83512095;"31/10/16";"Segunda";"08:50:00";"RJ";101;"80,1";"CAMPOS DOS GOYTACAZES";"Falta de atenção";"Colisão com objeto fixo";"Sem Vítimas";"Pleno dia";"Crescente";"Nublado";"Simples";"Reta";"Urbano";3;0;0;0;3;0;0;2
83512096;"31/10/16";"Segunda";"20:00:00";"GO";153;"584";"PROFESSOR JAMIL";"Falta de atenção";"Capotamento";"Com Vítimas Feridas";"Plena noite";"Crescente";"Nublado";"Dupla";"Reta";"Rural";3;0;1;2;0;0;3;1
83512097;"31/10/16";"Segunda";"17:20:00";"PI";343;"298,8";"ALTOS";"Outras";"Capotamento";"Com Vítimas Feridas";"Anoitecer";"Crescente";"Chuva";"Simples";"Curva";"Rural";4;0;1;3;0;0;4;1
83512098;"31/10/16";"Segunda";"21:30:00";"SC";101;"127";"ITAJAI";"Desobediência à sinalização";"Saída de Pista";"Com Vítimas Feridas";"Plena noite";"Crescente";"Chuva";"Dupla";"Reta";"Urbano";3;0;1;0;0;2;1;3
83512099;"31/10/16";"Segunda";"09:00:00";"MG";365;"651,3";"UBERLANDIA";"Defeito mecânico em veículo";"Saída de Pista";"Sem Vítimas";"Pleno dia";"Crescente";"Sol";"Dupla";"Reta";"Rural";1;0;0;0;1;0;0;1
83512100;"31/10/16";"Segunda";"20:40:00";"RS";285;"290,5";"PASSO FUNDO";"Outras";"Colisão com objeto fixo";"Com Vítimas Feridas";"Plena noite";"Crescente";"Nublado";"Simples";"Cruzamento";"Urbano";1;0;1;0;0;0;1;1
83512101;"31/10/16";"Segunda";"18:15:00";"GO";60;"103,9";"ANAPOLIS";"Outras";"Saída de Pista";"Com Vítimas Feridas";"Pleno dia";"Decrescente";"Nublado";"Dupla";"Reta";"Rural";2;0;1;0;1;0;1;1
83512102;"31/10/16";"Segunda";"20:20:00";"PR";476;"129,1";"CURITIBA";"Falta de atenção";"Colisão Transversal";"Com Vítimas Feridas";"Plena noite";"Decrescente";"Nublado";"Múltipla";"Reta";"Urbano";2;0;0;1;1;0;1;2
83512103;"31/10/16";"Segunda";"16:30:00";"RS";287;"286";"SAO PEDRO DO SUL";"Falta de atenção";"Colisão Transversal";"Com Vítimas Feridas";"Pleno dia";"Decrescente";"Ceu Claro";"Simples";"Reta";"Rural";9;0;9;0;0;0;9;2
83512104;"31/10/16";"Segunda";"20:00:00";"BA";324;"583";"CANDEIAS";"Outras";"Saída de Pista";"Sem Vítimas";"Plena noite";"Crescente";"Vento";"Dupla";"Reta";"Urbano";1;0;0;0;1;0;0;1
83512105;"31/10/16";"Segunda";"18:30:00";"PR";476;"143";"CURITIBA";"Não guardar distância de segurança";"Colisão traseira";"Com Vítimas Feridas";"Anoitecer";"Crescente";"Nublado";"Dupla";"Curva";"Urbano";2;0;1;0;1;0;1;2
83512106;"31/10/16";"Segunda";"17:35:00";"ES";101;"408";"CACHOEIRO DE ITAPEMIRIM";"Defeito mecânico em veículo";"Tombamento";"Sem Vítimas";"Pleno dia";"Crescente";"Ceu Claro";"Simples";"Curva";"Rural";1;0;0;0;1;0;0;1
83512107;"31/10/16";"Segunda";"17:00:00";"MS";163;"557";"BANDEIRANTES";"Ingestão de álcool";"Capotamento";"Sem Vítimas";"Pleno dia";"Decrescente";"Chuva";"Simples";"Reta";"Rural";1;0;0;0;1;0;0;1
83512108;"31/10/16";"Segunda";"14:50:00";"RR";174;"502";"BOA VISTA";"Falta de atenção";"Atropelamento de pessoa";"Com Vítimas Feridas";"Pleno dia";"Crescente";"Ceu Claro";"Dupla";"Reta";"Rural";2;0;1;0;1;0;1;1
83512109;"31/10/16";"Segunda";"18:45:00";"BA";324;"437";"RIACHAO DO JACUIPE";"Outras";"Saída de Pista";"Ignorado";"Plena noite";"Crescente";"Ceu Claro";"Simples";"Reta";"Rural";1;0;0;0;0;1;0;1
83512110;"31/10/16";"Segunda";"10:50:00";"TO";153;"725,2";"FIGUEIROPOLIS";"Defeito na via";"Saída de Pista";"Com Vítimas Feridas";"Pleno dia";"Decrescente";"Sol";"Simples";"Reta";"Rural";1;0;1;0;0;0;1;1
83512112;"31/10/16";"Segunda";"12:00:00";"PB";104;"135,8";"QUEIMADAS";"Não guardar distância de segurança";"Colisão traseira";"Sem Vítimas";"Pleno dia";"Decrescente";"Ceu Claro";"Simples";"Reta";"Urbano";4;0;0;0;4;0;0;4
83512113;"31/10/16";"Segunda";"17:55:00";"MT";70;"157";"GENERAL CARNEIRO";"Outras";"Saída de Pista";"Sem Vítimas";"Anoitecer";"Crescente";"Chuva";"Simples";"Reta";"Rural";1;0;0;0;1;0;0;1
83512114;"31/10/16";"Segunda";"14:21:00";"RO";364;"708";"PORTO VELHO";"Falta de atenção";"Colisão lateral";"Sem Vítimas";"Pleno dia";"Crescente";"Chuva";"Dupla";"Cruzamento";"Urbano";2;0;0;0;2;0;0;2
83512115;"31/10/16";"Segunda";"14:50:00";"MS";163;"546";"BANDEIRANTES";"Velocidade incompatível";"Saída de Pista";"Sem Vítimas";"Pleno dia";"Crescente";"Chuva";"Simples";"Reta";"Rural";1;0;0;0;1;0;0;1
83512116;"31/10/16";"Segunda";"19:30:00";"SC";101;"328,6";"CAPIVARI DE BAIXO";"Desobediência à sinalização";"Colisão frontal";"Sem Vítimas";"Anoitecer";"Decrescente";"Ceu Claro";"Simples";"Reta";"Urbano";4;0;0;0;4;0;0;2
83512117;"31/10/16";"Segunda";"12:00:00";"AC";317;"255";"EPITACIOLANDIA";"Defeito mecânico em veículo";"Queda de motocicleta / bicicleta / veículo";"Com Vítimas Feridas";"Pleno dia";"Decrescente";"Ceu Claro";"Simples";"Reta";"Rural";2;0;2;0;0;0;2;1
83512118;"31/10/16";"Segunda";"21:45:00";"PI";316;"10,7";"TERESINA";"Desobediência à sinalização";"Colisão Transversal";"Com Vítimas Feridas";"Plena noite";"Decrescente";"Ceu Claro";"Simples";"Reta";"Urbano";2;0;0;1;1;0;1;2
83512119;"31/10/16";"Segunda";"22:52:00";"RJ";393;"216,9";"VASSOURAS";"Defeito mecânico em veículo";"Incêndio";"Sem Vítimas";"Plena noite";"Crescente";"Nublado";"Simples";"Reta";"Rural";1;0;0;0;1;0;0;1
83512120;"31/10/16";"Segunda";"01:00:00";"PE";104;"122,8";"PANELAS";"Outras";"Colisão com objeto móvel";"Com Vítimas Fatais";"Plena noite";"Crescente";"Ceu Claro";"Simples";"Curva";"Rural";1;1;0;0;0;0;0;1
83512121;"31/10/16";"Segunda";"07:10:00";"RO";364;"705,7";"PORTO VELHO";"Outras";"Colisão com objeto fixo";"Com Vítimas Feridas";"Plena noite";"Crescente";"Nublado";"Simples";"Reta";"Urbano";1;0;0;1;0;0;1;1
83512123;"31/10/16";"Segunda";"20:30:00";"PR";369;"55";"BANDEIRANTES";"Ingestão de álcool";"Colisão lateral";"Com Vítimas Feridas";"Plena noite";"Crescente";"Nublado";"Simples";"Cruzamento";"Urbano";2;0;1;0;1;0;1;2
83512124;"31/10/16";"Segunda";"13:55:00";"GO";153;"311,2";"RIALMA";"Outras";"Saída de Pista";"Sem Vítimas";"Pleno dia";"Crescente";"Chuva";"Simples";"Curva";"Rural";1;0;0;0;1;0;0;1
83512125;"28/10/16";"Sexta";"02:40:00";"MG";381;"641";"SANTO ANTONIO DO AMPARO";"Outras";"Atropelamento de animal";"Sem Vítimas";"Plena noite";"Decrescente";"Nublado";"Dupla";"Curva";"Rural";1;0;0;0;1;0;0;1
83512126;"27/10/16";"Quinta";"13:40:00";"AP";210;"234";"PEDRA BRANCA DO AMAPARI";"Outras";"Colisão frontal";"Com Vítimas Fatais";"Pleno dia";"Crescente";"Ceu Claro";"Simples";"Reta";"Rural";3;2;1;0;0;0;1;3
83512127;"29/10/16";"Sábado";"19:10:00";"PB";230;"29";"JOAO PESSOA";"Falta de atenção";"Atropelamento de pessoa";"Com Vítimas Feridas";"Plena noite";"Decrescente";"Ceu Claro";"Dupla";"Reta";"Urbano";2;0;0;1;0;1;1;1
83512128;"31/10/16";"Segunda";"20:00:00";"AM";319;"682";"HUMAITA";"Outras";"Saída de Pista";"Com Vítimas Feridas";"Plena noite";"Decrescente";"Nublado";"Simples";"Reta";"Rural";5;0;2;0;3;0;2;1
83512129;"31/10/16";"Segunda";"18:00:00";"RN";101;"125";"SAO JOSE DE MIPIBU";"Desobediência à sinalização";"Colisão frontal";"Com Vítimas Feridas";"Plena noite";"Crescente";"Ignorada";"Dupla";"Reta";"Urbano";2;0;1;1;0;0;2;2
83512130;"31/10/16";"Segunda";"14:30:00";"SC";101;"412,2";"ARARANGUA";"Desobediência à sinalização";"Colisão lateral";"Com Vítimas Feridas";"Pleno dia";"Decrescente";"Ceu Claro";"Simples";"Reta";"Urbano";2;0;2;0;0;0;2;2
83512131;"27/10/16";"Quinta";"14:50:00";"MG";381;"654";"SANTO ANTONIO DO AMPARO";"Velocidade incompatível";"Tombamento";"Com Vítimas Feridas";"Pleno dia";"Decrescente";"Sol";"Dupla";"Curva";"Rural";1;0;0;1;0;0;1;1
83512132;"23/10/16";"Domingo";"14:45:00";"PI";343;"3";"PARNAIBA";"Desobediência à sinalização";"Colisão frontal";"Com Vítimas Fatais";"Pleno dia";"Decrescente";"Sol";"Simples";"Curva";"Rural";2;1;0;0;1;0;0;2
83512133;"01/11/16";"Terça";"01:00:00";"PR";376;"503,9";"PONTA GROSSA";"Ingestão de álcool";"Atropelamento de pessoa";"Com Vítimas Fatais";"Plena noite";"Crescente";"Nublado";"Dupla";"Reta";"Urbano";2;1;0;0;1;0;0;1
83512134;"31/10/16";"Segunda";"22:30:00";"PR";373;"179,3";"PONTA GROSSA";"Ingestão de álcool";"Atropelamento de pessoa";"Com Vítimas Fatais";"Plena noite";"Crescente";"Ceu Claro";"Dupla";"Reta";"Urbano";2;1;0;0;1;0;0;1
83512135;"31/10/16";"Segunda";"22:30:00";"SP";153;"30,5";"NOVA GRANADA";"Outras";"Tombamento";"Sem Vítimas";"Plena noite";"Crescente";"Chuva";"Simples";"Curva";"Rural";1;0;0;0;1;0;0;1
83512136;"31/10/16";"Segunda";"23:30:00";"MG";381;"925,5";"ITAPEVA";"Velocidade incompatível";"Colisão com objeto fixo";"Sem Vítimas";"Plena noite";"Crescente";"Ceu Claro";"Dupla";"Curva";"Rural";1;0;0;0;1;0;0;1
83512137;"27/10/16";"Quinta";"14:15:00";"PB";230;"157,7";"CAMPINA GRANDE";"Outras";"Tombamento";"Ignorado";"Pleno dia";"Crescente";"Ceu Claro";"Simples";"Reta";"Urbano";1;0;0;0;0;1;0;1
83512138;"01/11/16";"Terça";"01:00:00";"BA";101;"431";"MARAU";"Animais na Pista";"Capotamento";"Com Vítimas Feridas";"Plena noite";"Crescente";"Nublado";"Simples";"Curva";"Rural";1;0;1;0;0;0;1;1
83512139;"28/10/16";"Sexta";"20:30:00";"BA";116;"373";"SERRINHA";"Outras";"Tombamento";"Com Vítimas Feridas";"Plena noite";"Crescente";"Ceu Claro";"Simples";"Reta";"Rural";1;0;0;1;0;0;1;1
83512140;"31/10/16";"Segunda";"20:30:00";"SC";101;"431,7";"SOMBRIO";"Outras";"Colisão traseira";"Com Vítimas Feridas";"Plena noite";"Crescente";"Nublado";"Dupla";"Reta";"Urbano";2;0;1;0;1;0;1;2
83512141;"31/10/16";"Segunda";"07:50:00";"MG";381;"372";"SAO GONCALO DO RIO ABAIXO";"Outras";"Colisão lateral";"Com Vítimas Feridas";"Pleno dia";"Decrescente";"Nublado";"Simples";"Curva";"Rural";3;0;2;0;1;0;2;2
83512142;"31/10/16";"Segunda";"22:20:00";"SP";116;"160";"JACAREI";"Animais na Pista";"Saída de Pista";"Sem Vítimas";"Plena noite";"Crescente";"Ceu Claro";"Dupla";"Reta";"Rural";1;0;0;0;1;0;0;1
83512143;"31/10/16";"Segunda";"14:30:00";"BA";101;"677,2";"ITAGIMIRIM";"Velocidade incompatível";"Colisão frontal";"Com Vítimas Fatais";"Pleno dia";"Crescente";"Chuva";"Simples";"Curva";"Rural";6;1;1;4;0;0;5;2
83512144;"31/10/16";"Segunda";"22:35:00";"BA";324;"515";"FEIRA DE SANTANA";"Outras";"Colisão lateral";"Com Vítimas Feridas";"Plena noite";"Crescente";"Ceu Claro";"Simples";"Reta";"Urbano";2;0;1;0;1;0;1;2
83512145;"31/10/16";"Segunda";"14:37:00";"AC";364;"132";"RIO BRANCO";"Ingestão de álcool";"Colisão lateral";"Sem Vítimas";"Pleno dia";"Crescente";"Ceu Claro";"Dupla";"Reta";"Urbano";2;0;0;0;2;0;0;2
83512146;"31/10/16";"Segunda";"07:00:00";"RS";158;"279,7";"JULIO DE CASTILHOS";"Falta de atenção";"Colisão lateral";"Com Vítimas Feridas";"Amanhecer";"Crescente";"Ceu Claro";"Simples";"Reta";"Rural";3;0;2;0;0;1;2;2
83512147;"31/10/16";"Segunda";"16:25:00";"MG";40;"434";"PARAOPEBA";"Outras";"Saída de Pista";"Com Vítimas Feridas";"Pleno dia";"Decrescente";"Ceu Claro";"Dupla";"Reta";"Rural";1;0;1;0;0;0;1;1
83512148;"31/10/16";"Segunda";"16:20:00";"ES";262;"27,3";"VIANA";"Defeito na via";"Tombamento";"Com Vítimas Feridas";"Pleno dia";"Crescente";"Nublado";"Simples";"Curva";"Rural";1;0;1;0;0;0;1;1
83512149;"01/11/16";"Terça";"04:50:00";"PR";376;"621,1";"SAO JOSE DOS PINHAIS";"Animais na Pista";"Atropelamento de animal";"Com Vítimas Feridas";"Plena noite";"Crescente";"Ceu Claro";"Dupla";"Reta";"Rural";3;0;1;0;2;0;1;2
83512150;"31/10/16";"Segunda";"23:00:00";"PR";116;"8";"CAMPINA GRANDE DO SUL";"Dormindo";"Saída de Pista";"Com Vítimas Feridas";"Plena noite";"Decrescente";"Ceu Claro";"Dupla";"Reta";"Rural";1;0;1;0;0;0;1;1
83512151;"16/10/16";"Domingo";"12:05:00";"GO";40;"45,6";"LUZIANIA";"Falta de atenção";"Colisão Transversal";"Sem Vítimas";"Pleno dia";"Crescente";"Ceu Claro";"Simples";"Reta";"Rural";2;0;0;0;2;0;0;2
83512152;"31/10/16";"Segunda";"19:15:00";"MG";365;"623";"UBERLANDIA";"Não guardar distância de segurança";"Colisão traseira";"Com Vítimas Feridas";"Plena noite";"Crescente";"Nublado";"Dupla";"Reta";"Urbano";2;0;0;1;1;0;1;2
83512153;"31/10/16";"Segunda";"13:45:00";"MG";116;"415";"GOVERNADOR VALADARES";"Não guardar distância de segurança";"Colisão traseira";"Com Vítimas Feridas";"Pleno dia";"Decrescente";"Ceu Claro";"Simples";"Reta";"Urbano";3;0;1;0;2;0;1;2
83512154;"31/10/16";"Segunda";"23:20:00";"MG";40;"697";"BARBACENA";"Não guardar distância de segurança";"Colisão traseira";"Com Vítimas Feridas";"Plena noite";"Crescente";"Nublado";"Dupla";"Reta";"Rural";2;0;1;0;1;0;1;2
83512155;"11/10/16";"Terça";"06:45:00";"AC";364;"204";"RIO BRANCO";"Defeito na via";"Saída de Pista";"Ignorado";"Amanhecer";"Crescente";"Chuva";"Simples";"Reta";"Rural";2;0;0;0;0;2;0;1
83512156;"29/10/16";"Sábado";"16:30:00";"MG";262;"587,5";"CAMPOS ALTOS";"Velocidade incompatível";"Tombamento";"Com Vítimas Feridas";"Pleno dia";"Crescente";"Sol";"Simples";"Curva";"Rural";3;0;1;0;2;0;1;3
83512157;"31/08/16";"Quarta";"18:00:00";"SP";116;"206";"GUARULHOS";"Falta de atenção";"Colisão traseira";"Sem Vítimas";"Pleno dia";"Crescente";"Chuva";"Simples";"Reta";"Urbano";3;0;0;0;3;0;0;3
83512158;"29/10/16";"Sábado";"01:30:00";"MG";381;"418";"NOVA UNIAO";"Outras";"Saída de Pista";"Com Vítimas Feridas";"Pleno dia";"Crescente";"Ceu Claro";"Simples";"Curva";"Urbano";4;0;3;1;0;0;4;1
83512159;"31/10/16";"Segunda";"17:30:00";"ES";101;"212,2";"IBIRACU";"Desobediência à sinalização";"Colisão frontal";"Com Vítimas Fatais";"Pleno dia";"Crescente";"Nublado";"Simples";"Cruzamento";"Urbano";2;1;1;0;0;0;1;2
83512160;"27/10/16";"Quinta";"10:10:00";"SP";116;"201";"ARUJA";"Outras";"Colisão com objeto fixo";"Sem Vítimas";"Pleno dia";"Decrescente";"Nublado";"Simples";"Reta";"Urbano";1;0;0;0;1;0;0;1
83512161;"24/10/16";"Segunda";"17:10:00";"ES";259;"62,3";"COLATINA";"Outras";"Colisão frontal";"Com Vítimas Feridas";"Plena noite";"Crescente";"Ceu Claro";"Simples";"Reta";"Urbano";2;0;0;2;0;0;2;2
83512162;"01/11/16";"Terça";"05:40:00";"PE";101;"70,4";"RECIFE";"Não guardar distância de segurança";"Colisão com objeto fixo";"Com Vítimas Feridas";"Pleno dia";"Crescente";"Nublado";"Múltipla";"Reta";"Urbano";1;0;1;0;0;0;1;1
83512163;"01/11/16";"Terça";"06:00:00";"SP";116;"513,5";"CAJATI";"Outras";"Tombamento";"Sem Vítimas";"Amanhecer";"Decrescente";"Ceu Claro";"Simples";"Curva";"Rural";2;0;0;0;2;0;0;2
83512164;"31/10/16";"Segunda";"21:50:00";"BA";116;"802";"VITORIA DA CONQUISTA";"Outras";"Colisão com bicicleta";"Com Vítimas Feridas";"Plena noite";"Decrescente";"Nevoeiro/neblina";"Simples";"Reta";"Rural";2;0;1;0;1;0;1;2
83512165;"27/10/16";"Quinta";"08:10:00";"DF";70;"1";"BRASILIA";"Falta de atenção";"Atropelamento de pessoa";"Com Vítimas Feridas";"Pleno dia";"Decrescente";"Ceu Claro";"Dupla";"Reta";"Urbano";2;0;0;1;1;0;1;1
83512166;"31/10/16";"Segunda";"16:30:00";"MG";381;"568,9";"ITAGUARA";"Falta de atenção";"Saída de Pista";"Sem Vítimas";"Pleno dia";"Decrescente";"Ceu Claro";"Dupla";"Reta";"Rural";1;0;0;0;1;0;0;1
83512167;"27/10/16";"Quinta";"18:10:00";"RJ";116;"126";"MAGE";"Velocidade incompatível";"Capotamento";"Com Vítimas Feridas";"Pleno dia";"Decrescente";"Ceu Claro";"Dupla";"Curva";"Urbano";2;0;1;0;1;0;1;1
83512168;"31/10/16";"Segunda";"17:00:00";"RJ";116;"278";"BARRA MANSA";"Outras";"Colisão traseira";"Sem Vítimas";"Pleno dia";"Decrescente";"Ceu Claro";"Dupla";"Reta";"Rural";5;0;0;0;5;0;0;5
83512169;"01/11/16";"Terça";"00:23:00";"PR";153;"141";"VENTANIA";"Defeito na via";"Capotamento";"Com Vítimas Feridas";"Plena noite";"Decrescente";"Ceu Claro";"Simples";"Curva";"Rural";2;0;1;0;1;0;1;1
83512170;"01/11/16";"Terça";"07:30:00";"PR";277;"4";"PARANAGUA";"Velocidade incompatível";"Colisão Transversal";"Com Vítimas Feridas";"Amanhecer";"Crescente";"Ceu Claro";"Dupla";"Cruzamento";"Urbano";2;0;1;0;1;0;1;2
83512171;"28/10/16";"Sexta";"21:15:00";"PR";153;"336,5";"IRATI";"Falta de atenção";"Colisão Transversal";"Com Vítimas Feridas";"Plena noite";"Crescente";"Ceu Claro";"Simples";"Reta";"Urbano";2;0;1;0;1;0;1;2
83512172;"30/10/16";"Domingo";"07:30:00";"PA";230;"627";"ALTAMIRA";"Não guardar distância de segurança";"Colisão lateral";"Com Vítimas Feridas";"Pleno dia";"Crescente";"Nublado";"Simples";"Reta";"Urbano";4;0;3;0;0;1;3;3
83512173;"31/10/16";"Segunda";"14:30:00";"PE";232;"145";"SAO CAITANO";"Outras";"Danos Eventuais";"Ignorado";"Pleno dia";"Decrescente";"Nublado";"Dupla";"Reta";"Urbano";1;0;0;0;0;1;0;1
83512174;"01/11/16";"Terça";"06:15:00";"CE";20;"426,7";"FORTALEZA";"Desobediência à sinalização";"Colisão Transversal";"Com Vítimas Feridas";"Pleno dia";"Crescente";"Ceu Claro";"Simples";"Reta";"Rural";3;0;1;1;1;0;2;2
83512175;"01/11/16";"Terça";"07:05:00";"PE";101;"69,8";"RECIFE";"Falta de atenção";"Colisão lateral";"Sem Vítimas";"Pleno dia";"Crescente";"Sol";"Múltipla";"Reta";"Urbano";2;0;0;0;2;0;0;2
83512176;"01/11/16";"Terça";"06:40:00";"BA";116;"421";"FEIRA DE SANTANA";"Falta de atenção";"Atropelamento de pessoa";"Com Vítimas Feridas";"Pleno dia";"Crescente";"Ceu Claro";"Dupla";"Reta";"Urbano";2;0;0;1;0;1;1;1
83512177;"01/11/16";"Terça";"03:30:00";"MS";262;"257,6";"RIBAS DO RIO PARDO";"Dormindo";"Saída de Pista";"Com Vítimas Feridas";"Plena noite";"Crescente";"Nublado";"Simples";"Curva";"Rural";3;0;2;1;0;0;3;1
83512178;"28/10/16";"Sexta";"14:00:00";"ES";101;"229,8";"FUNDAO";"Desobediência à sinalização";"Atropelamento de pessoa";"Com Vítimas Feridas";"Pleno dia";"Crescente";"Sol";"Múltipla";"Cruzamento";"Urbano";2;0;1;1;0;0;2;1
83512179;"24/10/16";"Segunda";"10:15:00";"MT";70;"700";"CACERES";"Falta de atenção";"Colisão traseira";"Sem Vítimas";"Pleno dia";"Decrescente";"Nublado";"Simples";"Reta";"Rural";3;0;0;0;3;0;0;3
83512180;"29/10/16";"Sábado";"03:30:00";"MG";381;"395";"SAO GONCALO DO RIO ABAIXO";"Outras";"Colisão lateral";"Com Vítimas Fatais";"Pleno dia";"Crescente";"Chuva";"Simples";"Curva";"Rural";2;1;1;0;0;0;1;2
83512181;"29/10/16";"Sábado";"21:25:00";"DF";60;"14,2";"BRASILIA";"Ingestão de álcool";"Colisão traseira";"Com Vítimas Feridas";"Plena noite";"Decrescente";"Nevoeiro/neblina";"Dupla";"Reta";"Rural";2;0;0;1;1;0;1;2
83512182;"29/10/16";"Sábado";"23:00:00";"MG";116;"514,9";"UBAPORANGA";"Falta de atenção";"Colisão traseira";"Com Vítimas Feridas";"Plena noite";"Crescente";"Ceu Claro";"Simples";"Reta";"Rural";4;0;2;0;2;0;2;2
83512184;"27/10/16";"Quinta";"17:45:00";"GO";20;"19";"FORMOSA";"Velocidade incompatível";"Capotamento";"Sem Vítimas";"Pleno dia";"Decrescente";"Nublado";"Simples";"Reta";"Urbano";1;0;0;0;1;0;0;1
83512185;"28/10/16";"Sexta";"20:30:00";"MG";365;"113";"JEQUITAI";"Velocidade incompatível";"Colisão lateral";"Com Vítimas Feridas";"Plena noite";"Decrescente";"Nublado";"Simples";"Reta";"Rural";2;0;1;0;1;0;1;2
83512186;"01/11/16";"Terça";"05:10:00";"MG";40;"528";"CONTAGEM";"Falta de atenção";"Colisão com bicicleta";"Com Vítimas Feridas";"Plena noite";"Decrescente";"Ceu Claro";"Dupla";"Reta";"Urbano";2;0;1;0;0;1;1;2
83512187;"28/10/16";"Sexta";"16:20:00";"MG";356;"266,3";"MURIAE";"Falta de atenção";"Colisão lateral";"Com Vítimas Feridas";"Pleno dia";"Decrescente";"Sol";"Simples";"Cruzamento";"Urbano";3;0;2;0;1;0;2;2
83512188;"28/10/16";"Sexta";"19:10:00";"MG";365;"46,6";"CLARO DOS POCOES";"Velocidade incompatível";"Colisão lateral";"Com Vítimas Fatais";"Anoitecer";"Decrescente";"Chuva";"Simples";"Reta";"Rural";6;1;4;0;1;0;4;4
83512189;"29/10/16";"Sábado";"00:10:00";"ES";101;"375";"ICONHA";"Ingestão de álcool";"Colisão traseira";"Com Vítimas Feridas";"Plena noite";"Decrescente";"Chuva";"Simples";"Reta";"Rural";3;0;1;0;2;0;1;2
83512190;"28/10/16";"Sexta";"06:00:00";"MG";116;"436";"ENGENHEIRO CALDAS";"Dormindo";"Saída de Pista";"Com Vítimas Feridas";"Amanhecer";"Crescente";"Ceu Claro";"Simples";"Reta";"Rural";1;0;1;0;0;0;1;1
83512191;"29/10/16";"Sábado";"18:15:00";"SC";470;"74,5";"INDAIAL";"Falta de atenção";"Colisão frontal";"Com Vítimas Feridas";"Pleno dia";"Crescente";"Nublado";"Simples";"Reta";"Urbano";3;0;0;1;2;0;1;3
83512192;"28/10/16";"Sexta";"19:30:00";"PB";230;"61";"CRUZ DO ESPIRITO SANTO";"Outras";"Queda de motocicleta / bicicleta / veículo";"Com Vítimas Feridas";"Plena noite";"Crescente";"Ceu Claro";"Dupla";"Reta";"Rural";1;0;0;1;0;0;1;1
83512193;"28/10/16";"Sexta";"10:00:00";"MG";365;"3,5";"MONTES CLAROS";"Velocidade incompatível";"Colisão com objeto fixo";"Ignorado";"Pleno dia";"Crescente";"Chuva";"Simples";"Reta";"Rural";1;0;0;0;0;1;0;1
83512194;"01/11/16";"Terça";"08:20:00";"PR";277;"652,1";"MATELANDIA";"Falta de atenção";"Colisão Transversal";"Com Vítimas Feridas";"Pleno dia";"Decrescente";"Ceu Claro";"Simples";"Reta";"Rural";3;0;2;0;1;0;2;2
83512195;"30/10/16";"Domingo";"04:20:00";"GO";153;"439";"ANAPOLIS";"Ingestão de álcool";"Capotamento";"Com Vítimas Feridas";"Plena noite";"Crescente";"Nublado";"Dupla";"Curva";"Urbano";2;0;1;1;0;0;2;1
83512196;"29/10/16";"Sábado";"03:15:00";"ES";101;"343,3";"GUARAPARI";"Defeito mecânico em veículo";"Colisão com objeto fixo";"Com Vítimas Feridas";"Plena noite";"Crescente";"Chuva";"Simples";"Curva";"Rural";1;0;1;0;0;0;1;1
83512197;"01/11/16";"Terça";"07:20:00";"SC";101;"115,2";"ITAJAI";"Falta de atenção";"Colisão lateral";"Com Vítimas Feridas";"Pleno dia";"Decrescente";"Nublado";"Dupla";"Cruzamento";"Urbano";2;0;1;0;1;0;1;2
83512198;"01/11/16";"Terça";"07:00:00";"MS";60;"390";"CAMPO GRANDE";"Não guardar distância de segurança";"Colisão lateral";"Com Vítimas Feridas";"Pleno dia";"Decrescente";"Ceu Claro";"Simples";"Reta";"Rural";2;0;1;0;1;0;1;2
83512199;"29/10/16";"Sábado";"01:15:00";"SC";470;"78,6";"INDAIAL";"Ultrapassagem indevida";"Colisão frontal";"Com Vítimas Feridas";"Plena noite";"Crescente";"Ceu Claro";"Simples";"Reta";"Rural";6;0;0;4;1;1;4;3
83512200;"30/10/16";"Domingo";"18:45:00";"SC";282;"209";"LAGES";"Falta de atenção";"Colisão traseira";"Com Vítimas Feridas";"Anoitecer";"Crescente";"Ceu Claro";"Simples";"Reta";"Rural";5;0;2;0;3;0;2;3
83512201;"29/10/16";"Sábado";"19:45:00";"PR";163;"295";"MARECHAL CANDIDO RONDON";"Ingestão de álcool";"Colisão frontal";"Com Vítimas Feridas";"Plena noite";"Crescente";"Ceu Claro";"Simples";"Curva";"Rural";5;0;1;0;4;0;1;2
83512202;"01/11/16";"Terça";"09:30:00";"MG";153;"186";"FRUTAL";"Outras";"Saída de Pista";"Sem Vítimas";"Pleno dia";"Crescente";"Chuva";"Simples";"Reta";"Rural";2;0;0;0;2;0;0;1
83512203;"29/10/16";"Sábado";"05:30:00";"RJ";116;"172";"MESQUITA";"Falta de atenção";"Colisão traseira";"Com Vítimas Feridas";"Amanhecer";"Decrescente";"Nublado";"Dupla";"Reta";"Urbano";3;0;1;0;2;0;1;2
83512204;"28/10/16";"Sexta";"14:50:00";"SC";101;"72";"ARAQUARI";"Defeito mecânico em veículo";"Capotamento";"Sem Vítimas";"Pleno dia";"Crescente";"Ceu Claro";"Dupla";"Reta";"Urbano";1;0;0;0;1;0;0;1