"id";"data_inversa";"dia_semana";"horario";"uf";"br";"km";"municipio";"causa_acidente";"tipo_acidente";"classificacao_acidente";"fase_dia";"sentido_via";"condicao_metereologica";"tipo_pista";"tracado_via";"uso_solo";"pessoas";"mortos";"feridos_leves";"feridos_graves";"ilesos";"ignorados";"feridos";"veiculos"
83512320;"28/10/16";"Sexta";"23:00:00";"MA";230;"0,2";"BARAO DE GRAJAU";"Falta de atenção";"Colisão Transversal";"Com Vítimas Feridas";"Plena noite";"Decrescente";"Ceu Claro";"Simples";"Reta";"Urbano";3;0;1;1;1;0;2;2
83512321;"01/11/16";"Terça";"17:30:00";"BA";101;"728";"EUNAPOLIS";"Velocidade incompatível";"Saída de Pista";"Com Vítimas Feridas";"Anoitecer";"Crescente";"Nublado";"Simples";"Curva";"Rural";1;0;1;0;0;0;1;1
83512322;"01/11/16";"Terça";"12:45:00";"MS";267;"217,1";"NOVA ALVORADA DO SUL";"Velocidade incompatível";"Colisão traseira";"Com Vítimas Fatais";"Pleno dia";"Crescente";"Sol";"Simples";"Reta";"Rural";4;1;0;2;1;0;2;2
83512323;"01/11/16";"Terça";"18:20:00";"PI";343;"603";"FLORIANO";"Animais na Pista";"Atropelamento de animal";"Com Vítimas Feridas";"Plena noite";"Decrescente";"Ceu Claro";"Simples";"Reta";"Urbano";1;0;1;0;0;0;1;1
83512324;"01/11/16";"Terça";"13:00:00";"RN";304;"47,8";"MOSSORO";"Desobediência à sinalização";"Colisão Transversal";"Com Vítimas Feridas";"Pleno dia";"Decrescente";"Ceu Claro";"Dupla";"Cruzamento";"Urbano";3;0;2;1;0;0;3;2
83512325;"01/11/16";"Terça";"17:00:00";"SP";116;"201";"ARUJA";"Falta de atenção";"Atropelamento de pessoa";"Com Vítimas Feridas";"Pleno dia";"Crescente";"Ceu Claro";"Dupla";"Reta";"Rural";2;0;1;0;1;0;1;1
83512326;"01/10/16";"Sábado";"10:15:00";"SP";116;"505";"CAJATI";"Velocidade incompatível";"Colisão lateral";"Com Vítimas Feridas";"Pleno dia";"Decrescente";"Ceu Claro";"Dupla";"Reta";"Rural";3;0;1;0;2;0;1;3
83512327;"01/11/16";"Terça";"07:30:00";"SC";101;"215";"PALHOCA";"Falta de atenção";"Colisão lateral";"Sem Vítimas";"Pleno dia";"Decrescente";"Sol";"Dupla";"Reta";"Urbano";2;0;0;0;2;0;0;2
83512328;"01/11/16";"Terça";"16:40:00";"MA";10;"319";"ACAILANDIA";"Animais na Pista";"Colisão frontal";"Com Vítimas Feridas";"Plena noite";"Crescente";"Ceu Claro";"Simples";"Reta";"Urbano";2;0;0;1;0;1;1;2
83512329;"31/10/16";"Segunda";"02:50:00";"MG";116;"581,1";"MANHUACU";"Ingestão de álcool";"Tombamento";"Sem Vítimas";"Plena noite";"Decrescente";"Nublado";"Simples";"Curva";"Rural";1;0;0;0;1;0;0;1
83512330;"01/11/16";"Terça";"17:50:00";"MG";364;"14,5";"FRUTAL";"Defeito mecânico em veículo";"Saída de Pista";"Com Vítimas Feridas";"Pleno dia";"Decrescente";"Nublado";"Simples";"Reta";"Rural";1;0;1;0;0;0;1;1
83512331;"01/11/16";"Terça";"13:00:00";"GO";60;"97";"ANAPOLIS";"Não guardar distância de segurança";"Colisão traseira";"Sem Vítimas";"Pleno dia";"Decrescente";"Chuva";"Dupla";"Reta";"Urbano";2;0;0;0;2;0;0;2
83512332;"01/11/16";"Terça";"16:30:00";"PE";232;"331,7";"CUSTODIA";"Falta de atenção";"Colisão traseira";"Sem Vítimas";"Pleno dia";"Crescente";"Ceu Claro";"Simples";"Reta";"Urbano";2;0;0;0;2;0;0;2
83512333;"01/11/16";"Terça";"20:30:00";"SC";101;"27";"JOINVILLE";"Outras";"Atropelamento de pessoa";"Com Vítimas Fatais";"Plena noite";"Decrescente";"Ceu Claro";"Dupla";"Reta";"Urbano";2;1;0;0;0;1;0;1
83512334;"01/11/16";"Terça";"15:47:00";"SP";116;"2";"QUELUZ";"Outras";"Colisão com objeto móvel";"Com Vítimas Feridas";"Pleno dia";"Decrescente";"Ceu Claro";"Dupla";"Reta";"Rural";2;0;0;1;1;0;1;1
83512335;"28/10/16";"Sexta";"19:40:00";"SP";116;"54,5";"LORENA";"Ingestão de álcool";"Colisão lateral";"Com Vítimas Feridas";"Plena noite";"Crescente";"Nublado";"Dupla";"Reta";"Rural";2;0;1;1;0;0;2;2
83512336;"01/11/16";"Terça";"17:10:00";"MG";356;"269,7";"MURIAE";"Falta de atenção";"Colisão Transversal";"Com Vítimas Feridas";"Pleno dia";"Decrescente";"Sol";"Simples";"Reta";"Urbano";2;0;1;0;1;0;1;2
83512337;"01/11/16";"Terça";"18:00:00";"SC";101;"395,6";"CRICIUMA";"Falta de atenção";"Saída de Pista";"Com Vítimas Feridas";"Pleno dia";"Decrescente";"Nublado";"Dupla";"Reta";"Urbano";1;0;1;0;0;0;1;1
83512338;"01/11/16";"Terça";"16:30:00";"RS";392;"99";"MORRO REDONDO";"Outras";"Saída de Pista";"Sem Vítimas";"Pleno dia";"Crescente";"Chuva";"Múltipla";"Reta";"Rural";1;0;0;0;1;0;0;1
83512339;"27/10/16";"Quinta";"13:40:00";"GO";40;"70,6";"CRISTALINA";"Dormindo";"Saída de Pista";"Com Vítimas Fatais";"Plena noite";"Decrescente";"Ceu Claro";"Dupla";"Reta";"Rural";3;1;2;0;0;0;2;1
83512340;"01/11/16";"Terça";"20:15:00";"SC";101;"206";"SAO JOSE";"Falta de atenção";"Colisão traseira";"Com Vítimas Feridas";"Plena noite";"Crescente";"Ignorada";"Múltipla";"Reta";"Urbano";4;0;1;0;3;0;1;4
83512341;"01/11/16";"Terça";"19:40:00";"GO";153;"552,7";"PROFESSOR JAMIL";"Outras";"Saída de Pista";"Com Vítimas Feridas";"Plena noite";"Decrescente";"Nublado";"Dupla";"Reta";"Rural";1;0;1;0;0;0;1;1
83512342;"01/11/16";"Terça";"20:00:00";"MT";163;"509,7";"DIAMANTINO";"Ultrapassagem indevida";"Capotamento";"Sem Vítimas";"Plena noite";"Crescente";"Ceu Claro";"Simples";"Reta";"Rural";1;0;0;0;1;0;0;1
83512343;"01/11/16";"Terça";"16:45:00";"GO";50;"248,9";"CATALAO";"Falta de atenção";"Capotamento";"Com Vítimas Feridas";"Pleno dia";"Crescente";"Chuva";"Simples";"Curva";"Rural";1;0;1;0;0;0;1;1
83512345;"01/11/16";"Terça";"21:40:00";"RS";116;"238";"NOVO HAMBURGO";"Não guardar distância de segurança";"Colisão traseira";"Com Vítimas Feridas";"Pleno dia";"Crescente";"Ceu Claro";"Dupla";"Reta";"Urbano";2;0;1;0;1;0;1;2
83512346;"01/11/16";"Terça";"21:13:00";"MG";40;"509";"RIBEIRAO DAS NEVES";"Não guardar distância de segurança";"Colisão traseira";"Sem Vítimas";"Plena noite";"Decrescente";"Ceu Claro";"Dupla";"Reta";"Urbano";6;0;0;0;6;0;0;6
83512347;"01/11/16";"Terça";"19:00:00";"SC";101;"379,5";"ICARA";"Falta de atenção";"Colisão Transversal";"Com Vítimas Feridas";"Anoitecer";"Crescente";"Ceu Claro";"Simples";"Reta";"Urbano";2;0;1;0;1;0;1;2
83512348;"16/10/16";"Domingo";"14:00:00";"SC";101;"210,5";"SAO JOSE";"Falta de atenção";"Colisão lateral";"Sem Vítimas";"Pleno dia";"Decrescente";"Ceu Claro";"Dupla";"Reta";"Urbano";2;0;0;0;2;0;0;2
83512349;"01/11/16";"Terça";"12:30:00";"GO";153;"512";"APARECIDA DE GOIANIA";"Falta de atenção";"Colisão lateral";"Com Vítimas Feridas";"Pleno dia";"Decrescente";"Sol";"Dupla";"Reta";"Urbano";2;0;1;0;1;0;1;2
83512350;"01/11/16";"Terça";"22:00:00";"SC";101;"142";"ITAPEMA";"Falta de atenção";"Colisão lateral";"Com Vítimas Feridas";"Plena noite";"Crescente";"Ceu Claro";"Dupla";"Reta";"Rural";2;0;1;0;1;0;1;2
83512351;"18/09/16";"Domingo";"23:30:00";"PA";10;"304";"IRITUIA";"Defeito mecânico em veículo";"Saída de Pista";"Sem Vítimas";"Plena noite";"Crescente";"Ceu Claro";"Simples";"Curva";"Rural";1;0;0;0;1;0;0;1
83512352;"01/11/16";"Terça";"17:15:00";"RS";293;"71,6";"PIRATINI";"Ultrapassagem indevida";"Saída de Pista";"Sem Vítimas";"Pleno dia";"Decrescente";"Chuva";"Simples";"Reta";"Rural";4;0;0;0;4;0;0;2
83512353;"01/11/16";"Terça";"14:22:00";"ES";101;"135";"LINHARES";"Outras";"Colisão traseira";"Com Vítimas Feridas";"Plena noite";"Decrescente";"Chuva";"Simples";"Reta";"Rural";4;0;2;0;2;0;2;2
83512354;"31/10/16";"Segunda";"06:30:00";"BA";101;"822";"TEIXEIRA DE FREITAS";"Defeito mecânico em veículo";"Saída de Pista";"Com Vítimas Feridas";"Pleno dia";"Decrescente";"Ceu Claro";"Simples";"Reta";"Rural";2;0;1;0;1;0;1;2
83512355;"01/11/16";"Terça";"18:15:00";"MG";381;"858,3";"POUSO ALEGRE";"Outras";"Queda de motocicleta / bicicleta / veículo";"Com Vítimas Feridas";"Pleno dia";"Decrescente";"Ceu Claro";"Dupla";"Reta";"Rural";1;0;1;0;0;0;1;1
83512356;"01/11/16";"Terça";"19:40:00";"MS";163;"485";"CAMPO GRANDE";"Desobediência à sinalização";"Atropelamento de pessoa";"Com Vítimas Feridas";"Plena noite";"Crescente";"Ignorada";"Simples";"Reta";"Urbano";2;0;1;1;0;0;2;1
83512357;"01/11/16";"Terça";"19:25:00";"GO";153;"531";"HIDROLANDIA";"Ultrapassagem indevida";"Colisão frontal";"Com Vítimas Feridas";"Anoitecer";"Crescente";"Ignorada";"Dupla";"Reta";"Urbano";3;0;0;1;2;0;1;3
83512358;"01/11/16";"Terça";"13:10:00";"SC";101;"215,5";"PALHOCA";"Outras";"Colisão lateral";"Sem Vítimas";"Pleno dia";"Crescente";"Ceu Claro";"Dupla";"Reta";"Urbano";2;0;0;0;2;0;0;2
83512359;"01/11/16";"Terça";"22:45:00";"MS";163;"624,2";"SAO GABRIEL DO OESTE";"Dormindo";"Saída de Pista";"Com Vítimas Feridas";"Plena noite";"Crescente";"Ceu Claro";"Dupla";"Reta";"Rural";1;0;1;0;0;0;1;1
83512360;"29/10/16";"Sábado";"04:30:00";"SC";101;"243";"PALHOCA";"Outras";"Colisão com objeto fixo";"Ignorado";"Plena noite";"Crescente";"Ceu Claro";"Simples";"Reta";"Urbano";1;0;0;0;0;1;0;1
83512361;"01/11/16";"Terça";"22:45:00";"BA";324;"512";"FEIRA DE SANTANA";"Falta de atenção";"Colisão Transversal";"Com Vítimas Feridas";"Plena noite";"Crescente";"Ceu Claro";"Dupla";"Reta";"Urbano";2;0;0;1;1;0;1;2
83512362;"01/11/16";"Terça";"14:00:00";"BA";324;"514,9";"FEIRA DE SANTANA";"Falta de atenção";"Colisão frontal";"Com Vítimas Feridas";"Pleno dia";"Decrescente";"Ceu Claro";"Simples";"Curva";"Urbano";2;0;1;0;1;0;1;2
83512363;"01/11/16";"Terça";"20:45:00";"PB";104;"194,5";"ALCANTIL";"Animais na Pista";"Atropelamento de animal";"Com Vítimas Feridas";"Plena noite";"Decrescente";"Ceu Claro";"Simples";"Reta";"Rural";3;0;3;0;0;0;3;1
83512364;"01/11/16";"Terça";"19:50:00";"PE";116;"73,7";"CABROBO";"Animais na Pista";"Atropelamento de animal";"Com Vítimas Feridas";"Plena noite";"Crescente";"Ceu Claro";"Simples";"Curva";"Rural";5;0;0;1;4;0;1;2
83512365;"01/11/16";"Terça";"19:15:00";"MG";262;"364";"JUATUBA";"Outras";"Atropelamento de pessoa";"Com Vítimas Feridas";"Plena noite";"Crescente";"Ceu Claro";"Dupla";"Reta";"Rural";2;0;0;2;0;0;2;1
83512366;"01/11/16";"Terça";"09:15:00";"PE";104;"78";"AGRESTINA";"Desobediência à sinalização";"Colisão traseira";"Com Vítimas Feridas";"Pleno dia";"Decrescente";"Ceu Claro";"Simples";"Reta";"Rural";3;0;1;0;2;0;1;2
83512367;"01/11/16";"Terça";"21:00:00";"RS";287;"422,9";"UNISTALDA";"Outras";"Colisão lateral";"Sem Vítimas";"Plena noite";"Crescente";"Chuva";"Simples";"Curva";"Rural";2;0;0;0;2;0;0;2
83512368;"01/11/16";"Terça";"17:40:00";"SC";470;"40,1";"GASPAR";"Outras";"Colisão Transversal";"Com Vítimas Feridas";"Pleno dia";"Crescente";"Sol";"Simples";"Reta";"Urbano";2;0;0;1;1;0;1;2
83512369;"01/11/16";"Terça";"17:20:00";"PR";476;"131";"CURITIBA";"Falta de atenção";"Atropelamento de pessoa";"Com Vítimas Feridas";"Pleno dia";"Decrescente";"Ceu Claro";"Múltipla";"Reta";"Urbano";2;0;2;0;0;0;2;1
83512370;"16/10/16";"Domingo";"12:10:00";"AC";364;"156";"BUJARI";"Falta de atenção";"Colisão frontal";"Com Vítimas Feridas";"Pleno dia";"Crescente";"Ceu Claro";"Simples";"Reta";"Rural";7;0;5;1;1;0;6;2
83512371;"29/10/16";"Sábado";"20:30:00";"MT";70;"303";"PRIMAVERA DO LESTE";"Animais na Pista";"Saída de Pista";"Sem Vítimas";"Plena noite";"Crescente";"Ceu Claro";"Simples";"Reta";"Rural";3;0;0;0;3;0;0;1
83512373;"01/11/16";"Terça";"22:30:00";"PR";373;"175";"PONTA GROSSA";"Falta de atenção";"Colisão Transversal";"Com Vítimas Feridas";"Plena noite";"Crescente";"Ceu Claro";"Dupla";"Reta";"Urbano";2;0;0;1;1;0;1;2
83512374;"02/11/16";"Quarta";"02:00:00";"MG";146;"510";"POCOS DE CALDAS";"Defeito mecânico em veículo";"Tombamento";"Com Vítimas Feridas";"Plena noite";"Decrescente";"Nublado";"Simples";"Curva";"Rural";1;0;1;0;0;0;1;1
83512375;"01/11/16";"Terça";"17:40:00";"MG";381;"484,5";"BETIM";"Não guardar distância de segurança";"Queda de motocicleta / bicicleta / veículo";"Com Vítimas Feridas";"Pleno dia";"Crescente";"Sol";"Dupla";"Reta";"Urbano";1;0;1;0;0;0;1;1
83512376;"01/11/16";"Terça";"10:45:00";"MS";262;"109";"AGUA CLARA";"Outras";"Incêndio";"Sem Vítimas";"Pleno dia";"Crescente";"Ceu Claro";"Simples";"Reta";"Rural";1;0;0;0;1;0;0;1
83512377;"28/10/16";"Sexta";"17:50:00";"BA";101;"103";"ALAGOINHAS";"Outras";"Colisão frontal";"Com Vítimas Fatais";"Anoitecer";"Crescente";"Ceu Claro";"Dupla";"Reta";"Urbano";2;1;0;0;1;0;0;2
83512378;"01/11/16";"Terça";"21:00:00";"SP";116;"107";"TAUBATE";"Outras";"Queda de motocicleta / bicicleta / veículo";"Com Vítimas Feridas";"Plena noite";"Decrescente";"Nublado";"Dupla";"Reta";"Urbano";2;0;2;0;0;0;2;1
83512379;"01/11/16";"Terça";"21:30:00";"PA";316;"78";"SAO DOMINGOS DO CAPIM";"Falta de atenção";"Colisão frontal";"Com Vítimas Feridas";"Plena noite";"Decrescente";"Ceu Claro";"Simples";"Reta";"Rural";2;0;1;0;1;0;1;2
83512380;"02/11/16";"Quarta";"01:00:00";"RS";386;"401,4";"TRIUNFO";"Defeito na via";"Saída de Pista";"Sem Vítimas";"Plena noite";"Decrescente";"Chuva";"Dupla";"Cruzamento";"Rural";1;0;0;0;1;0;0;1
83512381;"02/11/16";"Quarta";"05:30:00";"SC";470;"144";"RIO DO SUL";"Outras";"Saída de Pista";"Com Vítimas Feridas";"Plena noite";"Crescente";"Nublado";"Simples";"Curva";"Urbano";1;0;1;0;0;0;1;1
83512382;"01/11/16";"Terça";"18:00:00";"AL";316;"260";"PILAR";"Falta de atenção";"Colisão Transversal";"Com Vítimas Fatais";"Plena noite";"Crescente";"Nublado";"Simples";"Reta";"Rural";3;1;0;1;0;1;1;2
83512383;"02/11/16";"Quarta";"02:20:00";"SC";470;"112,1";"APIUNA";"Outras";"Incêndio";"Com Vítimas Feridas";"Plena noite";"Crescente";"Nublado";"Simples";"Reta";"Urbano";1;0;1;0;0;0;1;1
83512384;"01/11/16";"Terça";"05:00:00";"MG";40;"466";"SETE LAGOAS";"Outras";"Danos Eventuais";"Sem Vítimas";"Plena noite";"Decrescente";"Ceu Claro";"Simples";"Reta";"Urbano";1;0;0;0;1;0;0;1
83512386;"28/10/16";"Sexta";"22:30:00";"PR";376;"182";"SARANDI";"Desobediência à sinalização";"Colisão com bicicleta";"Com Vítimas Feridas";"Plena noite";"Decrescente";"Ceu Claro";"Dupla";"Reta";"Urbano";2;0;1;0;1;0;1;2
83512387;"02/10/16";"Domingo";"05:50:00";"PA";163;"1000";"SANTAREM";"Falta de atenção";"Colisão Transversal";"Com Vítimas Feridas";"Amanhecer";"Decrescente";"Ceu Claro";"Dupla";"Reta";"Urbano";2;0;1;0;0;1;1;2
83512388;"02/11/16";"Quarta";"01:00:00";"MS";163;"617,3";"SAO GABRIEL DO OESTE";"Ingestão de álcool";"Colisão frontal";"Sem Vítimas";"Plena noite";"Decrescente";"Ceu Claro";"Dupla";"Reta";"Urbano";2;0;0;0;2;0;0;2
83512389;"02/11/16";"Quarta";"01:30:00";"PR";153;"34";"SANTO ANTONIO DA PLATINA";"Outras";"Colisão lateral";"Com Vítimas Feridas";"Plena noite";"Decrescente";"Ceu Claro";"Simples";"Curva";"Rural";6;0;1;0;5;0;1;2
83512390;"02/11/16";"Quarta";"02:10:00";"SC";163;"101";"SAO JOSE DO CEDRO";"Velocidade incompatível";"Colisão frontal";"Com Vítimas Feridas";"Plena noite";"Decrescente";"Chuva";"Simples";"Reta";"Urbano";4;0;3;0;1;0;3;2
83512391;"01/11/16";"Terça";"08:00:00";"GO";158;"25";"BOM JARDIM DE GOIAS";"Outras";"Capotamento";"Com Vítimas Feridas";"Pleno dia";"Crescente";"Ceu Claro";"Simples";"Reta";"Rural";2;0;1;1;0;0;2;1
83512392;"01/11/16";"Terça";"23:30:00";"RS";386;"126,9";"SARANDI";"Velocidade incompatível";"Saída de Pista";"Sem Vítimas";"Plena noite";"Decrescente";"Chuva";"Simples";"Curva";"Rural";1;0;0;0;1;0;0;1
83512393;"29/10/16";"Sábado";"03:30:00";"GO";40;"6,9";"VALPARAISO DE GOIAS";"Outras";"Capotamento";"Com Vítimas Feridas";"Pleno dia";"Decrescente";"Ceu Claro";"Dupla";"Reta";"Urbano";1;0;0;1;0;0;1;1
83512394;"31/10/16";"Segunda";"18:30:00";"PR";277;"2";"FOZ DO IGUACU";"Não guardar distância de segurança";"Colisão traseira";"Com Vítimas Feridas";"Pleno dia";"Crescente";"Ceu Claro";"Dupla";"Reta";"Urbano";2;0;0;1;1;0;1;2
83512395;"29/10/16";"Sábado";"19:00:00";"MG";50;"80";"UBERLANDIA";"Outras";"Capotamento";"Ignorado";"Plena noite";"Decrescente";"Nublado";"Dupla";"Reta";"Rural";1;0;0;0;0;1;0;1
83512396;"30/10/16";"Domingo";"07:30:00";"MG";381;"306";"ANTONIO DIAS";"Outras";"Capotamento";"Com Vítimas Feridas";"Pleno dia";"Decrescente";"Chuva";"Simples";"Curva";"Rural";1;0;1;0;0;0;1;1
83512397;"02/10/16";"Domingo";"02:00:00";"RJ";101;"295";"ITABORAI";"Falta de atenção";"Capotamento";"Com Vítimas Feridas";"Plena noite";"Crescente";"Ceu Claro";"Dupla";"Reta";"Urbano";2;0;2;0;0;0;2;1
83512398;"29/10/16";"Sábado";"22:30:00";"MG";365;"408";"PATOS DE MINAS";"Falta de atenção";"Colisão frontal";"Com Vítimas Feridas";"Plena noite";"Decrescente";"Chuva";"Simples";"Reta";"Urbano";3;0;1;1;1;0;2;2
83512399;"01/11/16";"Terça";"23:10:00";"SC";282;"450";"PONTE SERRADA";"Outras";"Atropelamento de pessoa";"Com Vítimas Feridas";"Plena noite";"Crescente";"Chuva";"Simples";"Reta";"Urbano";2;0;2;0;0;0;2;1
83512400;"30/10/16";"Domingo";"05:00:00";"PR";369;"145";"LONDRINA";"Dormindo";"Colisão com objeto fixo";"Com Vítimas Feridas";"Plena noite";"Decrescente";"Ceu Claro";"Dupla";"Reta";"Urbano";5;0;3;2;0;0;5;2
83512401;"28/10/16";"Sexta";"18:10:00";"SP";116;"158,3";"JACAREI";"Outras";"Colisão traseira";"Com Vítimas Feridas";"Anoitecer";"Decrescente";"Ceu Claro";"Múltipla";"Reta";"Urbano";7;0;3;0;4;0;3;4
83512402;"29/10/16";"Sábado";"18:00:00";"GO";153;"502,9";"GOIANIA";"Outras";"Colisão lateral";"Sem Vítimas";"Anoitecer";"Decrescente";"Ceu Claro";"Dupla";"Reta";"Urbano";2;0;0;0;1;1;0;2
83512403;"02/11/16";"Quarta";"06:10:00";"PI";316;"22";"TERESINA";"Falta de atenção";"Colisão lateral";"Com Vítimas Feridas";"Pleno dia";"Crescente";"Ceu Claro";"Simples";"Reta";"Rural";2;0;0;1;1;0;1;2
83512404;"26/10/16";"Quarta";"05:20:00";"RJ";101;"13";"CAMPOS DOS GOYTACAZES";"Não guardar distância de segurança";"Colisão traseira";"Com Vítimas Feridas";"Amanhecer";"Crescente";"Ceu Claro";"Simples";"Reta";"Rural";2;0;1;0;1;0;1;2
83512405;"30/10/16";"Domingo";"05:20:00";"PR";373;"231,1";"IMBITUVA";"Velocidade incompatível";"Capotamento";"Com Vítimas Fatais";"Amanhecer";"Decrescente";"Ceu Claro";"Simples";"Reta";"Rural";2;1;0;1;0;0;1;1
83512406;"25/10/16";"Terça";"10:00:00";"ES";101;"0,2";"SERRA";"Falta de atenção";"Colisão lateral";"Sem Vítimas";"Pleno dia";"Crescente";"Nublado";"Múltipla";"Cruzamento";"Urbano";2;0;0;0;2;0;0;2
83512407;"31/10/16";"Segunda";"17:00:00";"SC";101;"338";"TUBARAO";"Defeito na via";"Colisão com objeto fixo";"Com Vítimas Feridas";"Pleno dia";"Decrescente";"Sol";"Simples";"Reta";"Urbano";2;0;1;1;0;0;2;1
83512408;"30/10/16";"Domingo";"04:00:00";"MG";356;"265,5";"MURIAE";"Outras";"Colisão traseira";"Sem Vítimas";"Plena noite";"Decrescente";"Ceu Claro";"Simples";"Reta";"Urbano";2;0;0;0;1;1;0;2
83512409;"29/10/16";"Sábado";"16:30:00";"RS";290;"188";"RIO PARDO";"Defeito mecânico em veículo";"Colisão com objeto móvel";"Sem Vítimas";"Pleno dia";"Decrescente";"Ceu Claro";"Simples";"Reta";"Rural";2;0;0;0;2;0;0;2
83512410;"29/10/16";"Sábado";"22:47:00";"RN";101;"97";"NATAL";"Ingestão de álcool";"Colisão lateral";"Sem Vítimas";"Plena noite";"Crescente";"Ceu Claro";"Dupla";"Curva";"Urbano";2;0;0;0;2;0;0;2
83512411;"26/10/16";"Quarta";"00:15:00";"MG";40;"790,4";"JUIZ DE FORA";"Desobediência à sinalização";"Colisão com objeto fixo";"Sem Vítimas";"Plena noite";"Crescente";"Ceu Claro";"Dupla";"Reta";"Urbano";1;0;0;0;1;0;0;1
83512412;"01/11/16";"Terça";"23:35:00";"SC";280;"29";"ARAQUARI";"Ingestão de álcool";"Colisão Transversal";"Com Vítimas Fatais";"Pleno dia";"Decrescente";"Ceu Claro";"Simples";"Reta";"Urbano";2;1;0;0;1;0;0;2
83512413;"29/10/16";"Sábado";"23:25:00";"PR";376;"655,5";"TIJUCAS DO SUL";"Velocidade incompatível";"Capotamento";"Com Vítimas Feridas";"Plena noite";"Crescente";"Chuva";"Dupla";"Curva";"Rural";1;0;0;1;0;0;1;1
83512415;"29/10/16";"Sábado";"21:00:00";"MG";459;"93,8";"POUSO ALEGRE";"Ingestão de álcool";"Colisão frontal";"Com Vítimas Feridas";"Plena noite";"Decrescente";"Ceu Claro";"Simples";"Curva";"Rural";3;0;2;0;0;1;2;2
83512416;"01/11/16";"Terça";"18:50:00";"MG";262;"802";"UBERABA";"Velocidade incompatível";"Colisão com objeto fixo";"Com Vítimas Feridas";"Plena noite";"Decrescente";"Nublado";"Dupla";"Reta";"Urbano";3;0;1;1;1;0;2;2
83512417;"17/10/16";"Segunda";"16:12:00";"PR";376;"598,8";"CURITIBA";"Outras";"Queda de motocicleta / bicicleta / veículo";"Com Vítimas Feridas";"Pleno dia";"Decrescente";"Ceu Claro";"Dupla";"Reta";"Urbano";1;0;0;1;0;0;1;1
83512418;"02/11/16";"Quarta";"08:20:00";"PR";376;"182";"MARINGA";"Outras";"Colisão traseira";"Com Vítimas Feridas";"Pleno dia";"Decrescente";"Nublado";"Múltipla";"Cruzamento";"Urbano";3;0;2;0;1;0;2;2
83512419;"30/10/16";"Domingo";"06:50:00";"PE";101;"51,4";"ABREU E LIMA";"Velocidade incompatível";"Colisão com objeto fixo";"Com Vítimas Feridas";"Pleno dia";"Decrescente";"Nublado";"Múltipla";"Reta";"Urbano";2;0;2;0;0;0;2;1
83512420;"29/10/16";"Sábado";"22:00:00";"SP";116;"109";"TAUBATE";"Outras";"Saída de Pista";"Com Vítimas Feridas";"Plena noite";"Decrescente";"Ceu Claro";"Dupla";"Reta";"Urbano";1;0;1;0;0;0;1;1
83512421;"30/10/16";"Domingo";"05:15:00";"CE";116;"23,1";"ITAITINGA";"Outras";"Colisão com objeto fixo";"Sem Vítimas";"Pleno dia";"Decrescente";"Chuva";"Dupla";"Curva";"Rural";1;0;0;0;1;0;0;1
83512422;"29/10/16";"Sábado";"16:50:00";"ES";101;"257";"SERRA";"Ingestão de álcool";"Colisão lateral";"Com Vítimas Feridas";"Pleno dia";"Decrescente";"Chuva";"Dupla";"Reta";"Urbano";3;0;0;1;2;0;1;2
83512423;"29/10/16";"Sábado";"13:40:00";"RJ";116;"144";"DUQUE DE CAXIAS";"Falta de atenção";"Colisão com objeto fixo";"Sem Vítimas";"Pleno dia";"Decrescente";"Ceu Claro";"Dupla";"Reta";"Rural";1;0;0;0;1;0;0;1
83512424;"27/10/16";"Quinta";"16:00:00";"SP";116;"326";"JUQUITIBA";"Outras";"Incêndio";"Ignorado";"Pleno dia";"Crescente";"Sol";"Dupla";"Reta";"Urbano";1;0;0;0;0;1;0;1
83512425;"02/11/16";"Quarta";"09:00:00";"SC";282;"519,2";"XAXIM";"Falta de atenção";"Tombamento";"Sem Vítimas";"Pleno dia";"Crescente";"Chuva";"Simples";"Reta";"Rural";1;0;0;0;1;0;0;1
83512426;"29/10/16";"Sábado";"10:00:00";"RO";364;"396";"OURO PRETO DO OESTE";"Não guardar distância de segurança";"Colisão traseira";"Com Vítimas Feridas";"Pleno dia";"Decrescente";"Ceu Claro";"Simples";"Reta";"Rural";2;0;1;0;1;0;1;2
83512427;"30/10/16";"Domingo";"00:20:00";"GO";153;"497";"GOIANIA";"Velocidade incompatível";"Colisão com objeto fixo";"Sem Vítimas";"Plena noite";"Decrescente";"Ceu Claro";"Dupla";"Curva";"Urbano";1;0;0;0;1;0;0;1
83512428;"26/10/16";"Quarta";"11:55:00";"AL";101;"18,8";"NOVO LINO";"Outras";"Colisão traseira";"Com Vítimas Feridas";"Pleno dia";"Crescente";"Ceu Claro";"Dupla";"Curva";"Rural";3;0;0;1;2;0;1;3
83512429;"30/10/16";"Domingo";"02:20:00";"SE";235;"34,3";"AREIA BRANCA";"Ingestão de álcool";"Colisão lateral";"Sem Vítimas";"Plena noite";"Decrescente";"Ceu Claro";"Simples";"Reta";"Urbano";2;0;0;0;2;0;0;2
83512430;"02/11/16";"Quarta";"06:30:00";"PR";163;"30,9";"SANTO ANTONIO DO SUDOESTE";"Velocidade incompatível";"Colisão frontal";"Com Vítimas Fatais";"Amanhecer";"Decrescente";"Chuva";"Simples";"Curva";"Rural";3;1;0;0;2;0;0;2