"id";"data_inversa";"dia_semana";"horario";"uf";"br";"km";"municipio";"causa_acidente";"tipo_acidente";"classificacao_acidente";"fase_dia";"sentido_via";"condicao_metereologica";"tipo_pista";"tracado_via";"uso_solo";"pessoas";"mortos";"feridos_leves";"feridos_graves";"ilesos";"ignorados";"feridos";"veiculos"
83512769;"03/11/16";"Quinta";"07:40:00";"SP";116;"218,5";"GUARULHOS";"Outras";"Derramamento de Carga";"Com Vítimas Feridas";"Pleno dia";"Crescente";"Nublado";"Múltipla";"Curva";"Urbano";3;0;1;0;2;0;1;3
83512770;"03/11/16";"Quinta";"17:50:00";"RJ";101;"472";"ANGRA DOS REIS";"Não guardar distância de segurança";"Colisão traseira";"Sem Vítimas";"Anoitecer";"Crescente";"Chuva";"Simples";"Reta";"Urbano";3;0;0;0;3;0;0;2
83512771;"03/11/16";"Quinta";"17:30:00";"BA";407;"126";"SENHOR DO BONFIM";"Falta de atenção";"Queda de motocicleta / bicicleta / veículo";"Com Vítimas Feridas";"Anoitecer";"Decrescente";"Ceu Claro";"Dupla";"Reta";"Urbano";3;0;2;0;0;1;2;2
83512772;"03/11/16";"Quinta";"17:40:00";"RS";116;"248,4";"SAO LEOPOLDO";"Não guardar distância de segurança";"Colisão traseira";"Com Vítimas Feridas";"Pleno dia";"Decrescente";"Ceu Claro";"Múltipla";"Reta";"Urbano";2;0;0;1;1;0;1;2
83512773;"03/11/16";"Quinta";"13:35:00";"RO";364;"343";"JI-PARANA";"Falta de atenção";"Colisão traseira";"Com Vítimas Feridas";"Pleno dia";"Crescente";"Chuva";"Dupla";"Reta";"Urbano";2;0;1;0;1;0;1;2
83512774;"03/11/16";"Quinta";"17:40:00";"PR";116;"0,3";"QUATRO BARRAS";"Falta de atenção";"Colisão lateral";"Sem Vítimas";"Pleno dia";"Decrescente";"Nublado";"Dupla";"Reta";"Rural";2;0;0;0;2;0;0;2
83512775;"03/11/16";"Quinta";"17:10:00";"RJ";101;"457,7";"ANGRA DOS REIS";"Desobediência à sinalização";"Colisão Transversal";"Com Vítimas Feridas";"Pleno dia";"Crescente";"Chuva";"Simples";"Reta";"Rural";2;0;1;0;1;0;1;2
83512776;"03/11/16";"Quinta";"18:05:00";"GO";153;"584";"PROFESSOR JAMIL";"Velocidade incompatível";"Saída de Pista";"Com Vítimas Feridas";"Anoitecer";"Crescente";"Chuva";"Dupla";"Reta";"Rural";3;0;1;0;2;0;1;2
83512777;"03/11/16";"Quinta";"19:20:00";"PR";376;"178,3";"MARINGA";"Outras";"Colisão traseira";"Sem Vítimas";"Anoitecer";"Decrescente";"Ceu Claro";"Dupla";"Reta";"Urbano";3;0;0;0;3;0;0;3
83512778;"03/11/16";"Quinta";"19:50:00";"RS";116;"231";"IVOTI";"Outras";"Colisão Transversal";"Com Vítimas Feridas";"Plena noite";"Decrescente";"Ceu Claro";"Simples";"Cruzamento";"Urbano";5;0;3;0;2;0;3;2
83512779;"03/11/16";"Quinta";"11:10:00";"PB";101;"92,2";"JOAO PESSOA";"Falta de atenção";"Colisão traseira";"Sem Vítimas";"Pleno dia";"Decrescente";"Ceu Claro";"Dupla";"Reta";"Urbano";2;0;0;0;2;0;0;2
83512780;"03/11/16";"Quinta";"14:50:00";"SP";381;"79";"SAO PAULO";"Velocidade incompatível";"Capotamento";"Sem Vítimas";"Pleno dia";"Crescente";"Chuva";"Dupla";"Curva";"Urbano";1;0;0;0;1;0;0;1
83512781;"03/11/16";"Quinta";"17:45:00";"PR";277;"426,3";"CANTAGALO";"Velocidade incompatível";"Saída de Pista";"Sem Vítimas";"Pleno dia";"Crescente";"Sol";"Simples";"Curva";"Rural";1;0;0;0;1;0;0;1
83512782;"03/11/16";"Quinta";"20:15:00";"PA";316;"4";"ANANINDEUA";"Falta de atenção";"Atropelamento de pessoa";"Com Vítimas Feridas";"Plena noite";"Crescente";"Ceu Claro";"Dupla";"Reta";"Urbano";2;0;0;2;0;0;2;1
83512783;"03/11/16";"Quinta";"21:00:00";"MG";381;"297";"ANTONIO DIAS";"Defeito mecânico em veículo";"Colisão com objeto móvel";"Sem Vítimas";"Plena noite";"Decrescente";"Ceu Claro";"Simples";"Reta";"Rural";2;0;0;0;2;0;0;2
83512784;"03/11/16";"Quinta";"18:05:00";"PE";423;"105,5";"GARANHUNS";"Outras";"Colisão frontal";"Com Vítimas Feridas";"Plena noite";"Decrescente";"Ceu Claro";"Simples";"Reta";"Rural";7;0;5;1;1;0;6;2
83512785;"29/10/16";"Sábado";"14:00:00";"PR";376;"503";"PONTA GROSSA";"Falta de atenção";"Colisão lateral";"Sem Vítimas";"Pleno dia";"Crescente";"Ignorada";"Dupla";"Reta";"Urbano";2;0;0;0;2;0;0;2
83512786;"03/11/16";"Quinta";"20:34:00";"RJ";101;"334";"RIO DE JANEIRO";"Outras";"Atropelamento de pessoa";"Com Vítimas Feridas";"Plena noite";"Decrescente";"Nublado";"Simples";"Reta";"Urbano";3;0;1;0;2;0;1;2
83512787;"03/11/16";"Quinta";"18:30:00";"MG";262;"574";"CORREGO DANTA";"Outras";"Saída de Pista";"Com Vítimas Feridas";"Pleno dia";"Crescente";"Nublado";"Simples";"Curva";"Rural";2;0;2;0;0;0;2;1
83512788;"03/11/16";"Quinta";"14:00:00";"AC";317;"142,5";"CAPIXABA";"Animais na Pista";"Saída de Pista";"Sem Vítimas";"Pleno dia";"Crescente";"Chuva";"Simples";"Reta";"Rural";1;0;0;0;1;0;0;1
83512789;"03/11/16";"Quinta";"18:00:00";"RR";174;"506,5";"BOA VISTA";"Ultrapassagem indevida";"Colisão traseira";"Com Vítimas Feridas";"Plena noite";"Decrescente";"Ceu Claro";"Dupla";"Reta";"Urbano";3;0;2;0;1;0;2;2
83512790;"03/11/16";"Quinta";"18:00:00";"GO";153;"189";"URUACU";"Ultrapassagem indevida";"Capotamento";"Com Vítimas Feridas";"Pleno dia";"Crescente";"Ceu Claro";"Simples";"Reta";"Rural";3;0;1;0;2;0;1;1
83512791;"29/10/16";"Sábado";"19:10:00";"SC";116;"11,5";"MAFRA";"Ingestão de álcool";"Colisão traseira";"Com Vítimas Feridas";"Anoitecer";"Crescente";"Ceu Claro";"Simples";"Reta";"Rural";3;0;1;0;2;0;1;2
83512792;"31/10/16";"Segunda";"13:55:00";"SC";280;"49";"GUARAMIRIM";"Falta de atenção";"Colisão Transversal";"Com Vítimas Fatais";"Pleno dia";"Crescente";"Ceu Claro";"Simples";"Reta";"Rural";2;1;1;0;0;0;1;2
83512793;"31/10/16";"Segunda";"01:30:00";"AL";316;"250,3";"PILAR";"Ingestão de álcool";"Saída de Pista";"Com Vítimas Feridas";"Plena noite";"Decrescente";"Chuva";"Simples";"Cruzamento";"Urbano";2;0;1;1;0;0;2;1
83512794;"03/11/16";"Quinta";"18:00:00";"RN";101;"66,6";"EXTREMOZ";"Animais na Pista";"Atropelamento de animal";"Sem Vítimas";"Plena noite";"Crescente";"Ceu Claro";"Simples";"Reta";"Rural";1;0;0;0;1;0;0;1
83512795;"03/11/16";"Quinta";"12:50:00";"MG";116;"529,5";"CARATINGA";"Falta de atenção";"Colisão lateral";"Com Vítimas Feridas";"Pleno dia";"Crescente";"Sol";"Simples";"Reta";"Urbano";2;0;1;0;1;0;1;2
83512796;"03/11/16";"Quinta";"08:45:00";"BA";330;"736";"JEQUIE";"Velocidade incompatível";"Capotamento";"Sem Vítimas";"Pleno dia";"Decrescente";"Ceu Claro";"Simples";"Curva";"Rural";1;0;0;0;1;0;0;1
83512797;"03/11/16";"Quinta";"21:00:00";"MG";365;"634";"UBERLANDIA";"Falta de atenção";"Atropelamento de pessoa";"Com Vítimas Feridas";"Plena noite";"Decrescente";"Nublado";"Dupla";"Reta";"Rural";2;0;1;0;1;0;1;1
83512798;"31/10/16";"Segunda";"08:00:00";"MT";70;"83,5";"GENERAL CARNEIRO";"Velocidade incompatível";"Capotamento";"Com Vítimas Feridas";"Pleno dia";"Crescente";"Nublado";"Simples";"Curva";"Rural";1;0;1;0;0;0;1;1
83512799;"03/11/16";"Quinta";"15:45:00";"PB";230;"9,8";"CABEDELO";"Velocidade incompatível";"Capotamento";"Com Vítimas Feridas";"Pleno dia";"Decrescente";"Sol";"Dupla";"Curva";"Urbano";2;0;2;0;0;0;2;1
83512800;"03/11/16";"Quinta";"19:30:00";"SP";116;"224";"GUARULHOS";"Velocidade incompatível";"Colisão traseira";"Com Vítimas Feridas";"Plena noite";"Decrescente";"Chuva";"Dupla";"Reta";"Urbano";2;0;1;0;1;0;1;2
83512801;"03/11/16";"Quinta";"20:30:00";"SC";101;"213,6";"PALHOCA";"Outras";"Colisão lateral";"Sem Vítimas";"Plena noite";"Crescente";"Ceu Claro";"Múltipla";"Reta";"Urbano";4;0;0;0;4;0;0;2
83512802;"03/11/16";"Quinta";"18:30:00";"MG";381;"249";"SANTANA DO PARAISO";"Dormindo";"Colisão frontal";"Com Vítimas Feridas";"Anoitecer";"Decrescente";"Ceu Claro";"Simples";"Reta";"Rural";2;0;1;0;1;0;1;2
83512803;"03/11/16";"Quinta";"18:43:00";"PB";230;"144";"CAMPINA GRANDE";"Falta de atenção";"Colisão lateral";"Com Vítimas Feridas";"Anoitecer";"Crescente";"Ceu Claro";"Dupla";"Reta";"Urbano";2;0;1;0;1;0;1;2
83512804;"03/11/16";"Quinta";"19:15:00";"PR";369;"197,7";"APUCARANA";"Ingestão de álcool";"Colisão traseira";"Com Vítimas Feridas";"Anoitecer";"Crescente";"Ceu Claro";"Dupla";"Reta";"Rural";6;0;4;0;2;0;4;3
83512805;"03/11/16";"Quinta";"10:20:00";"GO";60;"109,7";"GOIANAPOLIS";"Falta de atenção";"Colisão traseira";"Com Vítimas Feridas";"Pleno dia";"Decrescente";"Sol";"Dupla";"Reta";"Rural";5;0;1;1;3;0;2;3
83512806;"03/11/16";"Quinta";"16:10:00";"SP";116;"199";"ARUJA";"Outras";"Saída de Pista";"Sem Vítimas";"Pleno dia";"Decrescente";"Chuva";"Múltipla";"Reta";"Rural";1;0;0;0;1;0;0;1
83512807;"03/11/16";"Quinta";"08:50:00";"SC";280;"90";"CORUPA";"Velocidade incompatível";"Saída de Pista";"Com Vítimas Feridas";"Pleno dia";"Decrescente";"Chuva";"Simples";"Curva";"Rural";1;0;0;1;0;0;1;1
83512808;"03/11/16";"Quinta";"18:30:00";"MG";267;"212";"BOM JARDIM DE MINAS";"Velocidade incompatível";"Saída de Pista";"Com Vítimas Feridas";"Anoitecer";"Crescente";"Chuva";"Simples";"Curva";"Urbano";1;0;1;0;0;0;1;1
83512809;"29/10/16";"Sábado";"22:30:00";"BA";407;"129";"SENHOR DO BONFIM";"Falta de atenção";"Colisão Transversal";"Com Vítimas Feridas";"Plena noite";"Crescente";"Ceu Claro";"Simples";"Cruzamento";"Urbano";3;0;0;2;0;1;2;2
83512810;"03/11/16";"Quinta";"18:15:00";"RO";364;"492";"ARIQUEMES";"Ultrapassagem indevida";"Colisão frontal";"Com Vítimas Feridas";"Anoitecer";"Crescente";"Ceu Claro";"Simples";"Curva";"Rural";4;0;3;1;0;0;4;2
83512811;"03/11/16";"Quinta";"19:00:00";"MG";40;"621";"CONSELHEIRO LAFAIETE";"Falta de atenção";"Saída de Pista";"Sem Vítimas";"Plena noite";"Crescente";"Nublado";"Simples";"Reta";"Rural";1;0;0;0;1;0;0;1
83512812;"03/11/16";"Quinta";"17:10:00";"RS";116;"219,1";"DOIS IRMAOS";"Falta de atenção";"Colisão lateral";"Com Vítimas Feridas";"Pleno dia";"Decrescente";"Ceu Claro";"Simples";"Reta";"Rural";2;0;0;1;1;0;1;2
83512813;"03/11/16";"Quinta";"19:30:00";"MS";163;"453,2";"CAMPO GRANDE";"Dormindo";"Saída de Pista";"Com Vítimas Feridas";"Plena noite";"Crescente";"Ceu Claro";"Dupla";"Reta";"Rural";1;0;1;0;0;0;1;1
83512814;"03/11/16";"Quinta";"21:17:00";"MS";158;"114";"APARECIDA DO TABOADO";"Falta de atenção";"Capotamento";"Com Vítimas Feridas";"Plena noite";"Crescente";"Nublado";"Simples";"Curva";"Rural";3;0;1;0;0;2;1;1
83512815;"03/11/16";"Quinta";"21:30:00";"SP";116;"216,6";"GUARULHOS";"Defeito mecânico em veículo";"Danos Eventuais";"Sem Vítimas";"Plena noite";"Crescente";"Chuva";"Múltipla";"Reta";"Urbano";3;0;0;0;3;0;0;1
83512816;"03/11/16";"Quinta";"15:45:00";"MG";356;"267,6";"MURIAE";"Desobediência à sinalização";"Colisão lateral";"Com Vítimas Feridas";"Pleno dia";"Decrescente";"Ceu Claro";"Simples";"Cruzamento";"Urbano";2;0;1;0;1;0;1;2
83512817;"03/11/16";"Quinta";"19:30:00";"MG";262;"127,5";"RIO CASCA";"Velocidade incompatível";"Tombamento";"Sem Vítimas";"Plena noite";"Decrescente";"Ceu Claro";"Simples";"Curva";"Rural";1;0;0;0;1;0;0;1
83512818;"03/11/16";"Quinta";"22:00:00";"SP";116;"227";"GUARULHOS";"Outras";"Queda de motocicleta / bicicleta / veículo";"Com Vítimas Feridas";"Plena noite";"Decrescente";"Chuva";"Múltipla";"Reta";"Urbano";2;0;2;0;0;0;2;1
83512819;"03/11/16";"Quinta";"14:45:00";"MG";365;"731,2";"CANAPOLIS";"Outras";"Colisão lateral";"Com Vítimas Feridas";"Pleno dia";"Decrescente";"Chuva";"Simples";"Reta";"Rural";2;0;1;0;1;0;1;2
83512820;"03/11/16";"Quinta";"21:00:00";"SP";116;"512,7";"CAJATI";"Defeito mecânico em veículo";"Incêndio";"Sem Vítimas";"Plena noite";"Crescente";"Chuva";"Dupla";"Reta";"Rural";1;0;0;0;1;0;0;1
83512821;"03/11/16";"Quinta";"14:10:00";"RJ";393;"239,3";"VASSOURAS";"Outras";"Colisão traseira";"Sem Vítimas";"Pleno dia";"Crescente";"Chuva";"Simples";"Reta";"Urbano";2;0;0;0;2;0;0;2
83512822;"31/10/16";"Segunda";"07:45:00";"MG";381;"673";"PERDOES";"Outras";"Capotamento";"Sem Vítimas";"Pleno dia";"Crescente";"Ceu Claro";"Dupla";"Reta";"Rural";1;0;0;0;1;0;0;1
83512824;"03/11/16";"Quinta";"23:55:00";"MA";10;"282,2";"IMPERATRIZ";"Animais na Pista";"Atropelamento de animal";"Com Vítimas Feridas";"Plena noite";"Crescente";"Ceu Claro";"Simples";"Reta";"Rural";1;0;0;1;0;0;1;1
83512825;"03/11/16";"Quinta";"18:30:00";"SC";101;"441,2";"SANTA ROSA DO SUL";"Falta de atenção";"Colisão traseira";"Com Vítimas Fatais";"Pleno dia";"Crescente";"Ceu Claro";"Dupla";"Reta";"Rural";2;1;0;0;1;0;0;2
83512826;"29/10/16";"Sábado";"19:40:00";"BA";324;"524";"FEIRA DE SANTANA";"Não guardar distância de segurança";"Queda de motocicleta / bicicleta / veículo";"Com Vítimas Feridas";"Plena noite";"Crescente";"Ceu Claro";"Dupla";"Reta";"Rural";1;0;0;1;0;0;1;1
83512827;"03/11/16";"Quinta";"23:40:00";"SP";116;"72";"APARECIDA";"Outras";"Capotamento";"Sem Vítimas";"Plena noite";"Crescente";"Chuva";"Dupla";"Reta";"Rural";1;0;0;0;1;0;0;1
83512828;"03/11/16";"Quinta";"14:40:00";"MG";381;"681";"PERDOES";"Dormindo";"Colisão lateral";"Sem Vítimas";"Pleno dia";"Decrescente";"Ceu Claro";"Dupla";"Reta";"Rural";2;0;0;0;2;0;0;2
83512830;"03/11/16";"Quinta";"13:45:00";"AL";316;"255";"PILAR";"Animais na Pista";"Atropelamento de animal";"Sem Vítimas";"Pleno dia";"Decrescente";"Nublado";"Simples";"Reta";"Urbano";2;0;0;0;2;0;0;1
83512831;"03/11/16";"Quinta";"23:45:00";"RS";290;"677,5";"URUGUAIANA";"Outras";"Saída de Pista";"Sem Vítimas";"Plena noite";"Decrescente";"Ceu Claro";"Simples";"Reta";"Rural";1;0;0;0;1;0;0;1
83512832;"06/10/16";"Quinta";"09:00:00";"SP";116;"282";"EMBU";"Não guardar distância de segurança";"Colisão traseira";"Sem Vítimas";"Pleno dia";"Decrescente";"Ceu Claro";"Dupla";"Reta";"Urbano";3;0;0;0;3;0;0;3
83512833;"04/11/16";"Sexta";"02:20:00";"PR";376;"37";"NOVA LONDRINA";"Defeito mecânico em veículo";"Colisão traseira";"Com Vítimas Feridas";"Plena noite";"Decrescente";"Ceu Claro";"Simples";"Reta";"Rural";2;0;1;0;1;0;1;2
83512834;"03/11/16";"Quinta";"08:30:00";"PR";376;"671";"GUARATUBA";"Falta de atenção";"Saída de Pista";"Sem Vítimas";"Pleno dia";"Crescente";"Chuva";"Dupla";"Reta";"Rural";1;0;0;0;1;0;0;1
83512835;"03/11/16";"Quinta";"17:25:00";"GO";153;"588,8";"PIRACANJUBA";"Velocidade incompatível";"Saída de Pista";"Sem Vítimas";"Pleno dia";"Decrescente";"Chuva";"Dupla";"Reta";"Rural";1;0;0;0;1;0;0;1
83512836;"03/11/16";"Quinta";"16:00:00";"MG";40;"509";"RIBEIRAO DAS NEVES";"Outras";"Queda de motocicleta / bicicleta / veículo";"Com Vítimas Feridas";"Pleno dia";"Decrescente";"Chuva";"Dupla";"Reta";"Urbano";1;0;1;0;0;0;1;1
83512837;"03/11/16";"Quinta";"18:30:00";"RS";290;"89,5";"PORTO ALEGRE";"Não guardar distância de segurança";"Colisão traseira";"Com Vítimas Feridas";"Pleno dia";"Decrescente";"Ceu Claro";"Múltipla";"Reta";"Urbano";3;0;2;0;1;0;2;2
83512838;"29/10/16";"Sábado";"16:40:00";"DF";251;"27,7";"BRASILIA";"Outras";"Colisão traseira";"Com Vítimas Feridas";"Pleno dia";"Crescente";"Ceu Claro";"Simples";"Reta";"Rural";4;0;0;1;3;0;1;4
83512839;"03/11/16";"Quinta";"10:30:00";"PA";316;"12";"MARITUBA";"Falta de atenção";"Colisão Transversal";"Com Vítimas Feridas";"Pleno dia";"Decrescente";"Ceu Claro";"Dupla";"Reta";"Urbano";4;0;1;0;3;0;1;2
83512840;"04/11/16";"Sexta";"02:00:00";"SC";101;"333,5";"TUBARAO";"Dormindo";"Colisão com objeto fixo";"Com Vítimas Feridas";"Plena noite";"Decrescente";"Nublado";"Dupla";"Curva";"Urbano";1;0;1;0;0;0;1;1
83512841;"03/11/16";"Quinta";"11:00:00";"PB";101;"71";"SANTA RITA";"Outras";"Saída de Pista";"Sem Vítimas";"Pleno dia";"Decrescente";"Nublado";"Dupla";"Reta";"Rural";1;0;0;0;1;0;0;1
83512842;"03/11/16";"Quinta";"19:15:00";"RS";290;"91";"PORTO ALEGRE";"Falta de atenção";"Colisão traseira";"Com Vítimas Feridas";"Anoitecer";"Decrescente";"Ceu Claro";"Múltipla";"Reta";"Rural";2;0;1;0;1;0;1;2
83512843;"03/11/16";"Quinta";"22:35:00";"PR";476;"150";"ARAUCARIA";"Falta de atenção";"Tombamento";"Sem Vítimas";"Pleno dia";"Decrescente";"Ceu Claro";"Dupla";"Reta";"Urbano";1;0;0;0;1;0;0;1
83512844;"03/11/16";"Quinta";"19:40:00";"PA";230;"679";"ALTAMIRA";"Falta de atenção";"Colisão traseira";"Com Vítimas Fatais";"Plena noite";"Crescente";"Ceu Claro";"Simples";"Reta";"Rural";2;1;0;0;0;1;0;2
83512845;"04/11/16";"Sexta";"04:30:00";"SP";381;"15";"ATIBAIA";"Falta de atenção";"Capotamento";"Sem Vítimas";"Plena noite";"Decrescente";"Nevoeiro/neblina";"Dupla";"Curva";"Rural";1;0;0;0;1;0;0;1
83512846;"30/10/16";"Domingo";"21:00:00";"RJ";116;"45";"TERESOPOLIS";"Outras";"Colisão traseira";"Com Vítimas Feridas";"Plena noite";"Crescente";"Ceu Claro";"Simples";"Reta";"Rural";2;0;1;0;0;1;1;2
83512847;"03/11/16";"Quinta";"21:00:00";"PI";402;"77,7";"LUIS CORREIA";"Outras";"Colisão com bicicleta";"Com Vítimas Fatais";"Plena noite";"Decrescente";"Ceu Claro";"Simples";"Reta";"Rural";2;1;0;0;1;0;0;2
83512848;"04/11/16";"Sexta";"05:00:00";"RS";158;"314,4";"ITAARA";"Outras";"Saída de Pista";"Sem Vítimas";"Plena noite";"Decrescente";"Ceu Claro";"Simples";"Curva";"Rural";1;0;0;0;1;0;0;1
83512849;"03/11/16";"Quinta";"17:35:00";"MG";381;"791,2";"SAO GONCALO DO SAPUCAI";"Velocidade incompatível";"Capotamento";"Com Vítimas Feridas";"Pleno dia";"Decrescente";"Chuva";"Dupla";"Reta";"Rural";2;0;1;0;1;0;1;1
83512850;"04/11/16";"Sexta";"05:20:00";"PR";376;"598,5";"CURITIBA";"Outras";"Queda de motocicleta / bicicleta / veículo";"Com Vítimas Feridas";"Plena noite";"Crescente";"Nublado";"Dupla";"Reta";"Urbano";1;0;1;0;0;0;1;1
83512851;"03/11/16";"Quinta";"21:45:00";"RS";471;"148,2";"SANTA CRUZ DO SUL";"Desobediência à sinalização";"Colisão Transversal";"Com Vítimas Fatais";"Plena noite";"Decrescente";"Ceu Claro";"Simples";"Reta";"Urbano";8;1;2;4;1;0;6;3
83512852;"04/11/16";"Sexta";"02:00:00";"MG";116;"164,7";"PADRE PARAISO";"Outras";"Derramamento de Carga";"Sem Vítimas";"Plena noite";"Crescente";"Nublado";"Simples";"Curva";"Rural";1;0;0;0;1;0;0;1
83512854;"16/10/16";"Domingo";"19:50:00";"ES";101;"293";"CARIACICA";"Velocidade incompatível";"Colisão traseira";"Com Vítimas Feridas";"Plena noite";"Crescente";"Ceu Claro";"Dupla";"Reta";"Urbano";4;0;1;1;2;0;2;2
83512855;"02/11/16";"Quarta";"18:20:00";"GO";70;"1,9";"AGUAS LINDAS DE GOIAS";"Falta de atenção";"Colisão traseira";"Sem Vítimas";"Pleno dia";"Crescente";"Chuva";"Dupla";"Curva";"Rural";2;0;0;0;2;0;0;2
83512856;"31/10/16";"Segunda";"16:35:00";"MG";40;"461,5";"SETE LAGOAS";"Outras";"Tombamento";"Sem Vítimas";"Pleno dia";"Crescente";"Sol";"Dupla";"Curva";"Rural";1;0;0;0;1;0;0;1
83512857;"04/11/16";"Sexta";"03:50:00";"PB";230;"52,8";"SANTA RITA";"Dormindo";"Saída de Pista";"Com Vítimas Feridas";"Plena noite";"Decrescente";"Nublado";"Dupla";"Curva";"Rural";1;0;1;0;0;0;1;1
83512858;"30/10/16";"Domingo";"22:00:00";"PE";407;"121";"PETROLINA";"Falta de atenção";"Colisão Transversal";"Com Vítimas Feridas";"Plena noite";"Decrescente";"Ceu Claro";"Simples";"Reta";"Rural";2;0;0;1;1;0;1;2
83512859;"03/11/16";"Quinta";"17:30:00";"RS";386;"293,3";"SAO JOSE DO HERVAL";"Não guardar distância de segurança";"Colisão lateral";"Sem Vítimas";"Pleno dia";"Decrescente";"Sol";"Simples";"Curva";"Rural";3;0;0;0;3;0;0;2
83512860;"04/11/16";"Sexta";"06:02:00";"CE";116;"54";"PACAJUS";"Velocidade incompatível";"Saída de Pista";"Sem Vítimas";"Pleno dia";"Decrescente";"Ceu Claro";"Dupla";"Curva";"Rural";1;0;0;0;1;0;0;1
83512861;"01/11/16";"Terça";"14:30:00";"SC";101;"209,5";"SAO JOSE";"Não guardar distância de segurança";"Colisão traseira";"Com Vítimas Feridas";"Pleno dia";"Decrescente";"Ceu Claro";"Múltipla";"Reta";"Urbano";3;0;1;0;2;0;1;2
83512862;"03/11/16";"Quinta";"22:30:00";"PB";361;"22,3";"SANTA TERESINHA";"Outras";"Colisão com objeto móvel";"Com Vítimas Feridas";"Plena noite";"Crescente";"Ceu Claro";"Simples";"Reta";"Rural";2;0;0;1;0;1;1;2
83512863;"04/11/16";"Sexta";"06:15:00";"RN";101;"106";"PARNAMIRIM";"Falta de atenção";"Colisão traseira";"Com Vítimas Feridas";"Pleno dia";"Crescente";"Ceu Claro";"Dupla";"Reta";"Urbano";2;0;1;0;0;1;1;2
83512864;"04/11/16";"Sexta";"05:00:00";"RJ";40;"13,1";"TRES RIOS";"Defeito na via";"Colisão com objeto fixo";"Sem Vítimas";"Amanhecer";"Crescente";"Chuva";"Dupla";"Curva";"Rural";1;0;0;0;1;0;0;1
83512865;"03/11/16";"Quinta";"18:10:00";"SP";116;"147";"SAO JOSE DOS CAMPOS";"Falta de atenção";"Colisão lateral";"Com Vítimas Feridas";"Anoitecer";"Decrescente";"Chuva";"Dupla";"Reta";"Urbano";2;0;1;0;1;0;1;2
83512866;"31/10/16";"Segunda";"12:20:00";"RJ";116;"40";"TERESOPOLIS";"Falta de atenção";"Colisão Transversal";"Com Vítimas Feridas";"Pleno dia";"Crescente";"Nublado";"Simples";"Reta";"Urbano";3;0;0;2;1;0;2;2
83512867;"01/11/16";"Terça";"05:05:00";"RJ";356;"39";"ITAPERUNA";"Animais na Pista";"Atropelamento de animal";"Sem Vítimas";"Amanhecer";"Decrescente";"Nublado";"Simples";"Reta";"Rural";1;0;0;0;1;0;0;1
83512868;"03/11/16";"Quinta";"22:20:00";"RJ";116;"125";"MAGE";"Outras";"Saída de Pista";"Sem Vítimas";"Plena noite";"Decrescente";"Chuva";"Dupla";"Curva";"Rural";1;0;0;0;1;0;0;1
83512869;"04/11/16";"Sexta";"06:55:00";"PE";232;"408";"SERRA TALHADA";"Falta de atenção";"Colisão Transversal";"Sem Vítimas";"Pleno dia";"Crescente";"Ceu Claro";"Simples";"Cruzamento";"Urbano";2;0;0;0;2;0;0;2
83512870;"30/10/16";"Domingo";"15:00:00";"MS";262;"61";"TRES LAGOAS";"Falta de atenção";"Saída de Pista";"Sem Vítimas";"Pleno dia";"Crescente";"Ceu Claro";"Simples";"Reta";"Rural";1;0;0;0;1;0;0;1
83512871;"31/10/16";"Segunda";"14:00:00";"ES";101;"265";"SERRA";"Outras";"Colisão traseira";"Com Vítimas Feridas";"Pleno dia";"Decrescente";"Ceu Claro";"Dupla";"Reta";"Urbano";3;0;0;1;2;0;1;3
83512872;"31/10/16";"Segunda";"19:00:00";"MG";381;"252,5";"SANTANA DO PARAISO";"Falta de atenção";"Colisão traseira";"Com Vítimas Feridas";"Plena noite";"Crescente";"Ceu Claro";"Simples";"Reta";"Rural";2;0;0;1;1;0;1;2
83512873;"04/11/16";"Sexta";"08:15:00";"RS";101;"75";"OSORIO";"Falta de atenção";"Colisão Transversal";"Sem Vítimas";"Pleno dia";"Decrescente";"Ceu Claro";"Dupla";"Reta";"Rural";2;0;0;0;2;0;0;2
83512874;"03/11/16";"Quinta";"19:15:00";"MT";174;"269";"VALE DE SAO DOMINGOS";"Falta de atenção";"Saída de Pista";"Com Vítimas Feridas";"Anoitecer";"Decrescente";"Ceu Claro";"Simples";"Reta";"Rural";1;0;1;0;0;0;1;1
83512875;"04/11/16";"Sexta";"06:30:00";"RJ";40;"56";"PETROPOLIS";"Velocidade incompatível";"Capotamento";"Com Vítimas Feridas";"Amanhecer";"Crescente";"Chuva";"Dupla";"Reta";"Rural";2;0;1;0;1;0;1;1
83512876;"31/10/16";"Segunda";"19:30:00";"TO";226;"2";"AGUIARNOPOLIS";"Falta de atenção";"Colisão Transversal";"Sem Vítimas";"Plena noite";"Crescente";"Ceu Claro";"Simples";"Cruzamento";"Urbano";5;0;0;0;4;1;0;2
83512877;"04/11/16";"Sexta";"08:00:00";"PR";277;"1";"FOZ DO IGUACU";"Falta de atenção";"Colisão com bicicleta";"Com Vítimas Feridas";"Pleno dia";"Crescente";"Ceu Claro";"Dupla";"Reta";"Urbano";2;0;1;0;1;0;1;2
83512878;"31/10/16";"Segunda";"06:15:00";"DF";20;"13";"BRASILIA";"Falta de atenção";"Colisão lateral";"Com Vítimas Feridas";"Amanhecer";"Decrescente";"Ceu Claro";"Dupla";"Reta";"Urbano";4;0;2;0;2;0;2;2