"id";"data_inversa";"dia_semana";"horario";"uf";"br";"km";"municipio";"causa_acidente";"tipo_acidente";"classificacao_acidente";"fase_dia";"sentido_via";"condicao_metereologica";"tipo_pista";"tracado_via";"uso_solo";"pessoas";"mortos";"feridos_leves";"feridos_graves";"ilesos";"ignorados";"feridos";"veiculos"
83512879;"03/11/16";"Quinta";"16:15:00";"RN";101;"97";"NATAL";"Falta de atenção";"Colisão lateral";"Sem Vítimas";"Pleno dia";"Crescente";"Sol";"Dupla";"Reta";"Urbano";2;0;0;0;2;0;0;2
83512880;"31/10/16";"Segunda";"17:15:00";"MT";364;"357";"SANTO ANTONIO DO LEVERGER";"Outras";"Saída de Pista";"Sem Vítimas";"Pleno dia";"Decrescente";"Chuva";"Dupla";"Curva";"Rural";2;0;0;0;2;0;0;1
83512881;"01/11/16";"Terça";"18:30:00";"SP";116;"147";"SAO JOSE DOS CAMPOS";"Não guardar distância de segurança";"Colisão traseira";"Sem Vítimas";"Anoitecer";"Decrescente";"Chuva";"Dupla";"Reta";"Rural";4;0;0;0;3;1;0;4
83512882;"28/10/16";"Sexta";"15:00:00";"BA";101;"908";"IBIRAPUA";"Outras";"Colisão traseira";"Sem Vítimas";"Pleno dia";"Crescente";"Nublado";"Simples";"Reta";"Rural";2;0;0;0;2;0;0;2
83512883;"04/11/16";"Sexta";"09:00:00";"MG";116;"527,7";"CARATINGA";"Desobediência à sinalização";"Colisão Transversal";"Com Vítimas Feridas";"Pleno dia";"Decrescente";"Ceu Claro";"Dupla";"Reta";"Urbano";2;0;1;0;1;0;1;2
83512884;"09/10/16";"Domingo";"16:20:00";"AL";104;"86,7";"RIO LARGO";"Desobediência à sinalização";"Colisão frontal";"Com Vítimas Feridas";"Pleno dia";"Crescente";"Ceu Claro";"Dupla";"Reta";"Rural";3;0;0;2;1;0;2;2
83512885;"23/10/16";"Domingo";"11:26:00";"PR";116;"102";"SAO JOSE DOS PINHAIS";"Falta de atenção";"Colisão traseira";"Com Vítimas Feridas";"Pleno dia";"Decrescente";"Nublado";"Dupla";"Cruzamento";"Rural";3;0;2;0;1;0;2;2
83512886;"04/10/16";"Terça";"11:40:00";"GO";20;"63";"FORMOSA";"Outras";"Saída de Pista";"Com Vítimas Feridas";"Pleno dia";"Decrescente";"Chuva";"Dupla";"Reta";"Rural";2;0;0;1;1;0;1;1
83512887;"18/04/16";"Segunda";"16:30:00";"PR";277;"116";"CAMPO LARGO";"Ultrapassagem indevida";"Colisão lateral";"Com Vítimas Feridas";"Pleno dia";"Decrescente";"Ceu Claro";"Dupla";"Reta";"Rural";3;0;0;2;1;0;2;2
83512888;"31/10/16";"Segunda";"08:00:00";"PE";232;"53,6";"VITORIA DE SANTO ANTAO";"Falta de atenção";"Capotamento";"Com Vítimas Feridas";"Pleno dia";"Crescente";"Ceu Claro";"Dupla";"Curva";"Rural";1;0;1;0;0;0;1;1
83512889;"04/11/16";"Sexta";"08:28:00";"PA";10;"18";"DOM ELISEU";"Ingestão de álcool";"Colisão traseira";"Com Vítimas Feridas";"Pleno dia";"Decrescente";"Ceu Claro";"Simples";"Reta";"Urbano";3;0;1;0;1;1;1;3
83512890;"31/10/16";"Segunda";"23:25:00";"GO";153;"521,5";"HIDROLANDIA";"Ingestão de álcool";"Saída de Pista";"Sem Vítimas";"Plena noite";"Crescente";"Chuva";"Dupla";"Reta";"Urbano";1;0;0;0;1;0;0;1
83512891;"03/11/16";"Quinta";"15:28:00";"RJ";40;"109";"DUQUE DE CAXIAS";"Outras";"Colisão lateral";"Sem Vítimas";"Pleno dia";"Decrescente";"Ceu Claro";"Dupla";"Reta";"Rural";2;0;0;0;2;0;0;2
83512892;"04/11/16";"Sexta";"06:30:00";"MT";163;"829";"SINOP";"Falta de atenção";"Colisão Transversal";"Com Vítimas Feridas";"Amanhecer";"Crescente";"Sol";"Dupla";"Cruzamento";"Urbano";5;0;1;0;4;0;1;2
83512893;"04/11/16";"Sexta";"08:00:00";"PB";104;"134,8";"QUEIMADAS";"Falta de atenção";"Colisão traseira";"Sem Vítimas";"Pleno dia";"Decrescente";"Ceu Claro";"Simples";"Reta";"Urbano";2;0;0;0;2;0;0;2
83512894;"04/11/16";"Sexta";"08:30:00";"RJ";40;"94";"PETROPOLIS";"Falta de atenção";"Colisão Transversal";"Com Vítimas Feridas";"Pleno dia";"Crescente";"Chuva";"Simples";"Reta";"Rural";2;0;1;0;1;0;1;2
83512896;"04/11/16";"Sexta";"11:20:00";"RS";101;"43,7";"TERRA DE AREIA";"Falta de atenção";"Saída de Pista";"Com Vítimas Feridas";"Pleno dia";"Crescente";"Ceu Claro";"Dupla";"Reta";"Rural";1;0;1;0;0;0;1;1
83512897;"04/11/16";"Sexta";"08:40:00";"RJ";116;"224";"PIRAI";"Velocidade incompatível";"Capotamento";"Sem Vítimas";"Pleno dia";"Crescente";"Chuva";"Dupla";"Curva";"Rural";1;0;0;0;1;0;0;1
83512898;"04/11/16";"Sexta";"10:50:00";"PE";232;"420";"SERRA TALHADA";"Falta de atenção";"Colisão traseira";"Sem Vítimas";"Pleno dia";"Crescente";"Ceu Claro";"Simples";"Reta";"Rural";2;0;0;0;2;0;0;2
83512899;"04/11/16";"Sexta";"12:15:00";"MG";153;"58,1";"MONTE ALEGRE DE MINAS";"Defeito mecânico em veículo";"Colisão traseira";"Sem Vítimas";"Pleno dia";"Decrescente";"Chuva";"Simples";"Reta";"Rural";2;0;0;0;2;0;0;2
83512900;"04/11/16";"Sexta";"12:00:00";"RS";116;"146,1";"CAXIAS DO SUL";"Não guardar distância de segurança";"Colisão traseira";"Sem Vítimas";"Pleno dia";"Crescente";"Ceu Claro";"Dupla";"Cruzamento";"Urbano";2;0;0;0;1;1;0;2
83512901;"04/11/16";"Sexta";"11:00:00";"RJ";101;"418";"MANGARATIBA";"Defeito na via";"Colisão Transversal";"Com Vítimas Feridas";"Pleno dia";"Crescente";"Chuva";"Simples";"Reta";"Urbano";3;0;2;0;1;0;2;2
83512902;"31/10/16";"Segunda";"22:35:00";"SC";101;"98,8";"PICARRAS";"Outras";"Colisão com objeto fixo";"Sem Vítimas";"Plena noite";"Decrescente";"Chuva";"Dupla";"Reta";"Rural";1;0;0;0;1;0;0;1
83512904;"04/11/16";"Sexta";"10:45:00";"MG";116;"776,7";"LEOPOLDINA";"Falta de atenção";"Saída de Pista";"Sem Vítimas";"Pleno dia";"Decrescente";"Nublado";"Simples";"Curva";"Rural";1;0;0;0;1;0;0;1
83512905;"04/11/16";"Sexta";"10:55:00";"MG";40;"816,6";"SIMAO PEREIRA";"Falta de atenção";"Colisão com objeto fixo";"Sem Vítimas";"Pleno dia";"Crescente";"Nublado";"Dupla";"Reta";"Rural";1;0;0;0;1;0;0;1
83512906;"31/10/16";"Segunda";"14:30:00";"SP";116;"136";"SAO JOSE DOS CAMPOS";"Falta de atenção";"Colisão traseira";"Sem Vítimas";"Pleno dia";"Crescente";"Sol";"Múltipla";"Reta";"Urbano";2;0;0;0;2;0;0;2
83512907;"04/11/16";"Sexta";"11:20:00";"RJ";40;"34,5";"AREAL";"Velocidade incompatível";"Capotamento";"Com Vítimas Feridas";"Pleno dia";"Crescente";"Chuva";"Dupla";"Curva";"Rural";2;0;2;0;0;0;2;1
83512908;"04/11/16";"Sexta";"12:30:00";"SC";101;"123";"ITAJAI";"Outras";"Colisão Transversal";"Com Vítimas Feridas";"Pleno dia";"Crescente";"Ceu Claro";"Múltipla";"Cruzamento";"Urbano";2;0;1;0;1;0;1;2
83512909;"04/11/16";"Sexta";"07:30:00";"RS";293;"249,3";"DOM PEDRITO";"Outras";"Colisão com objeto móvel";"Com Vítimas Feridas";"Amanhecer";"Crescente";"Ceu Claro";"Simples";"Reta";"Urbano";2;0;1;0;0;1;1;2
83512910;"04/11/16";"Sexta";"12:00:00";"RJ";40;"105";"DUQUE DE CAXIAS";"Desobediência à sinalização";"Colisão frontal";"Com Vítimas Feridas";"Pleno dia";"Decrescente";"Chuva";"Múltipla";"Reta";"Urbano";3;0;1;0;2;0;1;2
83512911;"04/11/16";"Sexta";"08:30:00";"RJ";116;"250";"PIRAI";"Outras";"Tombamento";"Sem Vítimas";"Pleno dia";"Crescente";"Nublado";"Dupla";"Reta";"Urbano";1;0;0;0;1;0;0;1
83512912;"03/11/16";"Quinta";"20:10:00";"PR";376;"303,6";"MAUA DA SERRA";"Velocidade incompatível";"Tombamento";"Com Vítimas Feridas";"Plena noite";"Crescente";"Ceu Claro";"Dupla";"Curva";"Rural";2;0;2;0;0;0;2;1
83512913;"04/11/16";"Sexta";"11:15:00";"RS";116;"151,7";"CAXIAS DO SUL";"Ingestão de álcool";"Atropelamento de pessoa";"Com Vítimas Feridas";"Pleno dia";"Decrescente";"Sol";"Dupla";"Curva";"Urbano";2;0;0;1;1;0;1;1
83512914;"30/10/16";"Domingo";"17:50:00";"GO";153;"434,1";"ANAPOLIS";"Ingestão de álcool";"Colisão traseira";"Com Vítimas Feridas";"Pleno dia";"Crescente";"Chuva";"Dupla";"Curva";"Urbano";7;0;2;0;5;0;2;2
83512915;"31/10/16";"Segunda";"15:00:00";"SP";116;"385";"MIRACATU";"Defeito mecânico em veículo";"Queda de motocicleta / bicicleta / veículo";"Com Vítimas Feridas";"Pleno dia";"Decrescente";"Sol";"Dupla";"Reta";"Rural";2;0;2;0;0;0;2;1
83512916;"02/11/16";"Quarta";"03:07:00";"SC";101;"204,4";"SAO JOSE";"Ingestão de álcool";"Colisão com objeto fixo";"Com Vítimas Feridas";"Plena noite";"Crescente";"Ceu Claro";"Múltipla";"Curva";"Urbano";1;0;0;1;0;0;1;1
83512917;"31/10/16";"Segunda";"12:40:00";"RN";427;"99,5";"CAICO";"Desobediência à sinalização";"Colisão Transversal";"Com Vítimas Feridas";"Pleno dia";"Decrescente";"Ceu Claro";"Simples";"Reta";"Urbano";4;0;1;0;3;0;1;2
83512918;"01/11/16";"Terça";"00:40:00";"MG";50;"164,6";"UBERABA";"Dormindo";"Colisão com objeto fixo";"Sem Vítimas";"Plena noite";"Crescente";"Chuva";"Dupla";"Reta";"Rural";1;0;0;0;1;0;0;1
83512919;"04/11/16";"Sexta";"12:30:00";"SC";282;"220,2";"LAGES";"Falta de atenção";"Colisão traseira";"Sem Vítimas";"Pleno dia";"Crescente";"Ceu Claro";"Simples";"Curva";"Urbano";2;0;0;0;2;0;0;2
83512920;"04/11/16";"Sexta";"05:30:00";"MT";163;"1068";"GUARANTA DO NORTE";"Outras";"Colisão com objeto móvel";"Com Vítimas Feridas";"Amanhecer";"Decrescente";"Nublado";"Simples";"Reta";"Urbano";3;0;1;1;1;0;2;3
83512921;"04/11/16";"Sexta";"13:45:00";"RJ";40;"14";"TRES RIOS";"Velocidade incompatível";"Colisão com objeto fixo";"Com Vítimas Feridas";"Pleno dia";"Crescente";"Chuva";"Dupla";"Curva";"Rural";2;0;2;0;0;0;2;1
83512922;"04/11/16";"Sexta";"13:30:00";"MG";40;"554,3";"NOVA LIMA";"Não guardar distância de segurança";"Saída de Pista";"Sem Vítimas";"Pleno dia";"Crescente";"Chuva";"Dupla";"Reta";"Rural";1;0;0;0;1;0;0;1
83512923;"04/11/16";"Sexta";"08:10:00";"PB";230;"17,5";"JOAO PESSOA";"Falta de atenção";"Colisão traseira";"Com Vítimas Feridas";"Pleno dia";"Crescente";"Sol";"Dupla";"Curva";"Urbano";2;0;1;0;1;0;1;2
83512924;"04/11/16";"Sexta";"09:10:00";"MG";381;"494";"BETIM";"Falta de atenção";"Colisão traseira";"Sem Vítimas";"Pleno dia";"Decrescente";"Ceu Claro";"Múltipla";"Reta";"Urbano";2;0;0;0;2;0;0;2
83512925;"31/10/16";"Segunda";"21:10:00";"PR";376;"664";"GUARATUBA";"Outras";"Saída de Pista";"Sem Vítimas";"Plena noite";"Crescente";"Chuva";"Dupla";"Reta";"Rural";1;0;0;0;1;0;0;1
83512926;"04/11/16";"Sexta";"11:30:00";"SC";153;"103,3";"CONCORDIA";"Animais na Pista";"Capotamento";"Com Vítimas Feridas";"Pleno dia";"Decrescente";"Ceu Claro";"Simples";"Curva";"Rural";1;0;1;0;0;0;1;1
83512927;"04/11/16";"Sexta";"08:50:00";"PE";232;"57,7";"POMBOS";"Velocidade incompatível";"Capotamento";"Com Vítimas Feridas";"Pleno dia";"Crescente";"Ceu Claro";"Dupla";"Reta";"Rural";2;0;1;1;0;0;2;1
83512928;"18/07/16";"Segunda";"09:50:00";"SC";280;"230,3";"CANOINHAS";"Falta de atenção";"Colisão Transversal";"Com Vítimas Fatais";"Pleno dia";"Crescente";"Ceu Claro";"Simples";"Cruzamento";"Urbano";5;1;2;1;1;0;3;2
83512929;"04/11/16";"Sexta";"13:20:00";"MG";40;"545";"NOVA LIMA";"Velocidade incompatível";"Capotamento";"Com Vítimas Feridas";"Pleno dia";"Crescente";"Chuva";"Dupla";"Curva";"Urbano";1;0;1;0;0;0;1;1
83512930;"04/11/16";"Sexta";"07:30:00";"PE";232;"8";"RECIFE";"Não guardar distância de segurança";"Colisão traseira";"Com Vítimas Feridas";"Pleno dia";"Decrescente";"Ceu Claro";"Dupla";"Reta";"Urbano";4;0;1;0;3;0;1;4
83512931;"04/11/16";"Sexta";"14:30:00";"MG";40;"556";"NOVA LIMA";"Velocidade incompatível";"Colisão com objeto fixo";"Com Vítimas Feridas";"Pleno dia";"Crescente";"Chuva";"Dupla";"Reta";"Rural";5;0;2;0;3;0;2;2
83512932;"04/11/16";"Sexta";"10:40:00";"RS";116;"510";"PELOTAS";"Defeito mecânico em veículo";"Colisão com objeto fixo";"Sem Vítimas";"Pleno dia";"Decrescente";"Ceu Claro";"Simples";"Reta";"Rural";1;0;0;0;1;0;0;1
83512933;"04/11/16";"Sexta";"13:50:00";"MG";50;"156,5";"UBERABA";"Velocidade incompatível";"Saída de Pista";"Com Vítimas Feridas";"Pleno dia";"Crescente";"Chuva";"Dupla";"Reta";"Rural";1;0;1;0;0;0;1;1
83512934;"02/11/16";"Quarta";"00:40:00";"RN";101;"96,9";"NATAL";"Falta de atenção";"Colisão Transversal";"Sem Vítimas";"Plena noite";"Decrescente";"Ceu Claro";"Dupla";"Reta";"Urbano";2;0;0;0;2;0;0;2
83512935;"04/11/16";"Sexta";"14:20:00";"SC";470;"145,2";"RIO DO SUL";"Outras";"Colisão frontal";"Com Vítimas Feridas";"Pleno dia";"Decrescente";"Sol";"Simples";"Reta";"Urbano";2;0;1;1;0;0;2;2
83512936;"04/11/16";"Sexta";"12:10:00";"MG";381;"808,2";"CAREACU";"Defeito mecânico em veículo";"Saída de Pista";"Sem Vítimas";"Pleno dia";"Crescente";"Chuva";"Dupla";"Reta";"Urbano";1;0;0;0;1;0;0;1
83512937;"04/11/16";"Sexta";"11:30:00";"BA";110;"321";"ALAGOINHAS";"Velocidade incompatível";"Saída de Pista";"Com Vítimas Fatais";"Pleno dia";"Crescente";"Ceu Claro";"Simples";"Curva";"Rural";1;1;0;0;0;0;0;1
83512938;"04/11/16";"Sexta";"14:30:00";"RS";290;"99";"PORTO ALEGRE";"Falta de atenção";"Colisão traseira";"Com Vítimas Feridas";"Pleno dia";"Decrescente";"Ceu Claro";"Dupla";"Reta";"Urbano";5;0;1;0;4;0;1;2
83512939;"04/11/16";"Sexta";"09:30:00";"RO";319;"62,2";"PORTO VELHO";"Falta de atenção";"Colisão com bicicleta";"Com Vítimas Feridas";"Pleno dia";"Decrescente";"Sol";"Simples";"Reta";"Urbano";2;0;1;0;1;0;1;2
83512940;"24/07/16";"Domingo";"01:05:00";"PR";476;"147,7";"ARAUCARIA";"Ingestão de álcool";"Saída de Pista";"Com Vítimas Fatais";"Plena noite";"Crescente";"Nublado";"Dupla";"Reta";"Rural";3;1;2;0;0;0;2;2
83512941;"31/10/16";"Segunda";"07:00:00";"BA";324;"616";"SALVADOR";"Defeito mecânico em veículo";"Colisão traseira";"Sem Vítimas";"Pleno dia";"Crescente";"Ceu Claro";"Dupla";"Reta";"Urbano";8;0;0;0;8;0;0;3
83512943;"04/11/16";"Sexta";"14:00:00";"PR";476;"135";"CURITIBA";"Falta de atenção";"Colisão traseira";"Com Vítimas Feridas";"Pleno dia";"Decrescente";"Ceu Claro";"Múltipla";"Reta";"Urbano";2;0;1;0;1;0;1;2
83512944;"04/11/16";"Sexta";"14:30:00";"SC";470;"76,4";"INDAIAL";"Não guardar distância de segurança";"Colisão traseira";"Com Vítimas Feridas";"Pleno dia";"Crescente";"Ceu Claro";"Simples";"Reta";"Rural";2;0;1;0;1;0;1;2
83512945;"30/10/16";"Domingo";"18:30:00";"GO";60;"91";"ANAPOLIS";"Outras";"Saída de Pista";"Com Vítimas Fatais";"Anoitecer";"Crescente";"Chuva";"Dupla";"Reta";"Urbano";2;1;1;0;0;0;1;1
83512946;"04/11/16";"Sexta";"16:30:00";"SC";470;"66,4";"INDAIAL";"Desobediência à sinalização";"Colisão lateral";"Com Vítimas Feridas";"Pleno dia";"Crescente";"Vento";"Simples";"Reta";"Rural";3;0;1;0;2;0;1;2
83512948;"04/11/16";"Sexta";"15:40:00";"RS";116;"253";"SAPUCAIA DO SUL";"Outras";"Colisão lateral";"Com Vítimas Feridas";"Pleno dia";"Decrescente";"Sol";"Dupla";"Reta";"Urbano";4;0;2;0;2;0;2;3
83512949;"04/11/16";"Sexta";"16:20:00";"SC";101;"240";"PALHOCA";"Outras";"Capotamento";"Com Vítimas Feridas";"Pleno dia";"Crescente";"Ceu Claro";"Dupla";"Curva";"Rural";1;0;1;0;0;0;1;1
83512950;"04/11/16";"Sexta";"17:00:00";"RJ";40;"31";"TRES RIOS";"Velocidade incompatível";"Capotamento";"Com Vítimas Feridas";"Pleno dia";"Decrescente";"Chuva";"Dupla";"Curva";"Rural";1;0;1;0;0;0;1;1
83512951;"04/11/16";"Sexta";"09:15:00";"TO";153;"415,2";"MIRANORTE";"Velocidade incompatível";"Tombamento";"Sem Vítimas";"Pleno dia";"Decrescente";"Ceu Claro";"Simples";"Curva";"Urbano";1;0;0;0;1;0;0;1
83512952;"04/11/16";"Sexta";"14:40:00";"BA";101;"105";"ALAGOINHAS";"Defeito na via";"Colisão lateral";"Com Vítimas Feridas";"Pleno dia";"Decrescente";"Ceu Claro";"Simples";"Reta";"Urbano";2;0;1;0;1;0;1;2
83512953;"04/11/16";"Sexta";"09:40:00";"CE";116;"2,9";"FORTALEZA";"Falta de atenção";"Colisão traseira";"Com Vítimas Feridas";"Pleno dia";"Crescente";"Sol";"Múltipla";"Reta";"Urbano";2;0;1;0;1;0;1;2
83512954;"04/11/16";"Sexta";"16:45:00";"BA";110;"2";"PAULO AFONSO";"Animais na Pista";"Capotamento";"Sem Vítimas";"Pleno dia";"Decrescente";"Ceu Claro";"Simples";"Cruzamento";"Urbano";1;0;0;0;1;0;0;1
83512955;"01/11/16";"Terça";"20:30:00";"SC";282;"270";"SAO JOSE DO CERRITO";"Falta de atenção";"Colisão lateral";"Sem Vítimas";"Plena noite";"Decrescente";"Ceu Claro";"Simples";"Reta";"Rural";2;0;0;0;2;0;0;2
83512956;"04/11/16";"Sexta";"14:30:00";"MG";251;"477,1";"FRANCISCO SA";"Defeito mecânico em veículo";"Colisão traseira";"Sem Vítimas";"Pleno dia";"Decrescente";"Sol";"Simples";"Reta";"Urbano";2;0;0;0;2;0;0;2
83512957;"04/11/16";"Sexta";"15:55:00";"MG";40;"606,3";"CONGONHAS";"Falta de atenção";"Colisão traseira";"Sem Vítimas";"Pleno dia";"Decrescente";"Chuva";"Simples";"Curva";"Urbano";2;0;0;0;2;0;0;2
83512958;"04/11/16";"Sexta";"16:30:00";"GO";153;"371,7";"GOIANIA";"Outras";"Colisão Transversal";"Com Vítimas Feridas";"Pleno dia";"Decrescente";"Nublado";"Dupla";"Reta";"Urbano";2;0;0;1;0;1;1;2
83512959;"04/11/16";"Sexta";"16:26:00";"RJ";101;"158";"MACAE";"Outras";"Colisão com objeto fixo";"Sem Vítimas";"Pleno dia";"Crescente";"Chuva";"Simples";"Reta";"Rural";1;0;0;0;1;0;0;1
83512960;"04/11/16";"Sexta";"16:45:00";"MG";50;"27,1";"ARAGUARI";"Outras";"Queda de motocicleta / bicicleta / veículo";"Com Vítimas Feridas";"Pleno dia";"Decrescente";"Chuva";"Dupla";"Reta";"Rural";1;0;1;0;0;0;1;1
83512961;"04/11/16";"Sexta";"15:15:00";"MG";262;"594";"CAMPOS ALTOS";"Velocidade incompatível";"Capotamento";"Com Vítimas Feridas";"Pleno dia";"Decrescente";"Chuva";"Simples";"Curva";"Rural";1;0;1;0;0;0;1;1
83512962;"04/11/16";"Sexta";"15:35:00";"MG";262;"430,8";"SAO GONCALO DO PARA";"Velocidade incompatível";"Saída de Pista";"Sem Vítimas";"Pleno dia";"Decrescente";"Chuva";"Simples";"Curva";"Rural";1;0;0;0;1;0;0;1
83512963;"04/11/16";"Sexta";"17:10:00";"MG";381;"880,5";"ESTIVA";"Velocidade incompatível";"Saída de Pista";"Sem Vítimas";"Pleno dia";"Decrescente";"Chuva";"Dupla";"Reta";"Rural";1;0;0;0;1;0;0;1
83512964;"02/11/16";"Quarta";"18:20:00";"PR";116;"18";"ANTONINA";"Velocidade incompatível";"Saída de Pista";"Sem Vítimas";"Pleno dia";"Decrescente";"Chuva";"Dupla";"Curva";"Rural";1;0;0;0;1;0;0;1
83512965;"30/10/16";"Domingo";"01:00:00";"BA";116;"625,8";"JAGUAQUARA";"Velocidade incompatível";"Capotamento";"Ignorado";"Plena noite";"Crescente";"Ceu Claro";"Simples";"Curva";"Rural";1;0;0;0;0;1;0;1
83512966;"04/11/16";"Sexta";"16:50:00";"MG";40;"547";"NOVA LIMA";"Velocidade incompatível";"Queda de motocicleta / bicicleta / veículo";"Com Vítimas Feridas";"Pleno dia";"Decrescente";"Chuva";"Dupla";"Reta";"Urbano";1;0;1;0;0;0;1;1
83512967;"05/10/16";"Quarta";"13:15:00";"MG";40;"746";"SANTOS DUMONT";"Defeito mecânico em veículo";"Incêndio";"Sem Vítimas";"Pleno dia";"Decrescente";"Nublado";"Simples";"Curva";"Urbano";1;0;0;0;1;0;0;1
83512968;"04/11/16";"Sexta";"12:00:00";"BA";101;"510,7";"ITABUNA";"Velocidade incompatível";"Colisão frontal";"Com Vítimas Feridas";"Pleno dia";"Crescente";"Ceu Claro";"Simples";"Curva";"Rural";2;0;1;0;1;0;1;2
83512969;"04/11/16";"Sexta";"17:45:00";"SC";101;"136";"BALNEARIO CAMBORIU";"Falta de atenção";"Colisão traseira";"Sem Vítimas";"Pleno dia";"Decrescente";"Ceu Claro";"Dupla";"Reta";"Urbano";3;0;0;0;3;0;0;2
83512970;"04/11/16";"Sexta";"16:00:00";"ES";101;"147,5";"LINHARES";"Falta de atenção";"Colisão traseira";"Com Vítimas Feridas";"Pleno dia";"Crescente";"Ceu Claro";"Múltipla";"Reta";"Urbano";2;0;1;0;1;0;1;2
83512971;"04/11/16";"Sexta";"12:30:00";"MT";70;"286";"PRIMAVERA DO LESTE";"Outras";"Colisão traseira";"Sem Vítimas";"Pleno dia";"Decrescente";"Ceu Claro";"Simples";"Reta";"Rural";2;0;0;0;2;0;0;2
83512972;"03/11/16";"Quinta";"20:15:00";"RJ";116;"279";"BARRA MANSA";"Outras";"Colisão traseira";"Sem Vítimas";"Plena noite";"Crescente";"Chuva";"Dupla";"Curva";"Urbano";4;0;0;0;4;0;0;4
83512973;"04/11/16";"Sexta";"17:30:00";"MG";365;"9,2";"MONTES CLAROS";"Velocidade incompatível";"Colisão traseira";"Com Vítimas Feridas";"Pleno dia";"Decrescente";"Ceu Claro";"Simples";"Curva";"Rural";2;0;1;0;0;1;1;2
83512974;"04/11/16";"Sexta";"14:35:00";"TO";153;"498";"PARAISO DO TOCANTINS";"Falta de atenção";"Colisão traseira";"Sem Vítimas";"Pleno dia";"Crescente";"Sol";"Simples";"Reta";"Rural";3;0;0;0;3;0;0;3
83512975;"04/11/16";"Sexta";"16:00:00";"RJ";116;"301";"RESENDE";"Outras";"Colisão com objeto fixo";"Sem Vítimas";"Pleno dia";"Crescente";"Chuva";"Simples";"Reta";"Rural";1;0;0;0;1;0;0;1
83512976;"04/11/16";"Sexta";"16:00:00";"RS";290;"253,7";"CACHOEIRA DO SUL";"Outras";"Saída de Pista";"Sem Vítimas";"Pleno dia";"Decrescente";"Sol";"Simples";"Reta";"Rural";2;0;0;0;2;0;0;1
83512977;"04/11/16";"Sexta";"16:00:00";"MA";135;"38";"BACABEIRA";"Não guardar distância de segurança";"Colisão traseira";"Sem Vítimas";"Pleno dia";"Crescente";"Ceu Claro";"Simples";"Reta";"Rural";2;0;0;0;2;0;0;2
83512978;"04/11/16";"Sexta";"13:10:00";"SC";282;"536,5";"CHAPECO";"Outras";"Saída de Pista";"Com Vítimas Feridas";"Pleno dia";"Crescente";"Sol";"Simples";"Reta";"Rural";2;0;1;0;1;0;1;2
83512979;"14/10/16";"Sexta";"08:30:00";"MG";381;"656,4";"SANTO ANTONIO DO AMPARO";"Outras";"Colisão com objeto fixo";"Sem Vítimas";"Pleno dia";"Crescente";"Chuva";"Dupla";"Curva";"Rural";1;0;0;0;1;0;0;1
83512980;"04/11/16";"Sexta";"17:10:00";"PR";376;"169,2";"MARINGA";"Falta de atenção";"Colisão lateral";"Com Vítimas Feridas";"Pleno dia";"Decrescente";"Ceu Claro";"Dupla";"Reta";"Rural";3;0;2;0;1;0;2;2
83512981;"04/11/16";"Sexta";"10:00:00";"RJ";101;"237,8";"SILVA JARDIM";"Outras";"Colisão com objeto fixo";"Com Vítimas Feridas";"Pleno dia";"Decrescente";"Chuva";"Simples";"Reta";"Rural";1;0;1;0;0;0;1;1
83512982;"04/11/16";"Sexta";"16:05:00";"MG";267;"25";"ARGIRITA";"Outras";"Colisão frontal";"Com Vítimas Feridas";"Pleno dia";"Decrescente";"Chuva";"Simples";"Reta";"Rural";2;0;1;0;1;0;1;2
83512983;"29/10/16";"Sábado";"05:30:00";"PE";232;"374,3";"FLORES";"Outras";"Saída de Pista";"Com Vítimas Feridas";"Pleno dia";"Crescente";"Ceu Claro";"Simples";"Reta";"Rural";1;0;0;1;0;0;1;1
83512984;"04/11/16";"Sexta";"18:40:00";"SC";280;"131,1";"RIO NEGRINHO";"Outras";"Colisão traseira";"Com Vítimas Feridas";"Pleno dia";"Crescente";"Sol";"Simples";"Reta";"Urbano";2;0;1;0;1;0;1;2
83512985;"04/11/16";"Sexta";"17:00:00";"RJ";116;"218,2";"SEROPEDICA";"Outras";"Colisão com objeto fixo";"Sem Vítimas";"Pleno dia";"Decrescente";"Chuva";"Dupla";"Curva";"Rural";1;0;0;0;1;0;0;1
83512987;"04/11/16";"Sexta";"14:50:00";"SC";282;"526,4";"XAXIM";"Outras";"Saída de Pista";"Com Vítimas Feridas";"Pleno dia";"Crescente";"Ceu Claro";"Simples";"Reta";"Rural";2;0;1;0;1;0;1;1
83512988;"04/11/16";"Sexta";"14:55:00";"MG";40;"824,9";"SIMAO PEREIRA";"Velocidade incompatível";"Colisão com objeto fixo";"Com Vítimas Feridas";"Pleno dia";"Crescente";"Chuva";"Dupla";"Curva";"Rural";1;0;1;0;0;0;1;1
83512989;"03/11/16";"Quinta";"17:30:00";"MT";158;"477,5";"CANARANA";"Animais na Pista";"Atropelamento de animal";"Sem Vítimas";"Anoitecer";"Crescente";"Ceu Claro";"Simples";"Reta";"Rural";1;0;0;0;1;0;0;1
83512990;"04/11/16";"Sexta";"16:40:00";"RS";290;"98";"PORTO ALEGRE";"Outras";"Colisão traseira";"Sem Vítimas";"Pleno dia";"Crescente";"Sol";"Dupla";"Reta";"Urbano";2;0;0;0;2;0;0;2
83512991;"02/11/16";"Quarta";"20:10:00";"GO";70;"40,8";"COCALZINHO DE GOIAS";"Animais na Pista";"Saída de Pista";"Com Vítimas Feridas";"Plena noite";"Crescente";"Nublado";"Simples";"Reta";"Urbano";2;0;1;1;0;0;2;1
83512992;"19/04/16";"Terça";"00:50:00";"RS";285;"137,5";"VACARIA";"Dormindo";"Saída de Pista";"Sem Vítimas";"Plena noite";"Decrescente";"Ceu Claro";"Simples";"Reta";"Rural";1;0;0;0;1;0;0;1