"id";"data_inversa";"dia_semana";"horario";"uf";"br";"km";"municipio";"causa_acidente";"tipo_acidente";"classificacao_acidente";"fase_dia";"sentido_via";"condicao_metereologica";"tipo_pista";"tracado_via";"uso_solo";"pessoas";"mortos";"feridos_leves";"feridos_graves";"ilesos";"ignorados";"feridos";"veiculos"
83513213;"05/11/16";"Sábado";"11:15:00";"SE";235;"30";"AREIA BRANCA";"Falta de atenção";"Colisão lateral";"Com Vítimas Feridas";"Pleno dia";"Decrescente";"Ceu Claro";"Simples";"Reta";"Rural";3;0;2;0;0;1;2;2
83513214;"05/11/16";"Sábado";"12:30:00";"MG";381;"419";"CAETE";"Outras";"Colisão traseira";"Com Vítimas Feridas";"Pleno dia";"Crescente";"Nublado";"Simples";"Reta";"Rural";2;0;1;0;1;0;1;2
83513215;"05/11/16";"Sábado";"10:30:00";"PA";316;"35";"SANTA ISABEL DO PARA";"Falta de atenção";"Colisão Transversal";"Com Vítimas Feridas";"Pleno dia";"Decrescente";"Nublado";"Dupla";"Reta";"Urbano";7;0;3;0;4;0;3;2
83513216;"05/11/16";"Sábado";"11:50:00";"MT";364;"436";"VARZEA GRANDE";"Falta de atenção";"Colisão Transversal";"Sem Vítimas";"Pleno dia";"Decrescente";"Ceu Claro";"Simples";"Reta";"Urbano";2;0;0;0;2;0;0;2
83513217;"25/10/16";"Terça";"05:10:00";"PR";116;"58,9";"CAMPINA GRANDE DO SUL";"Outras";"Tombamento";"Sem Vítimas";"Plena noite";"Decrescente";"Ceu Claro";"Dupla";"Reta";"Rural";1;0;0;0;1;0;0;1
83513218;"05/11/16";"Sábado";"13:00:00";"ES";101;"146,7";"LINHARES";"Falta de atenção";"Colisão lateral";"Com Vítimas Feridas";"Pleno dia";"Decrescente";"Nublado";"Múltipla";"Reta";"Urbano";2;0;0;1;1;0;1;2
83513219;"05/11/16";"Sábado";"11:10:00";"BA";101;"535";"SAO JOSE DA VITORIA";"Outras";"Queda de motocicleta / bicicleta / veículo";"Com Vítimas Feridas";"Pleno dia";"Decrescente";"Chuva";"Simples";"Curva";"Rural";2;0;0;1;0;1;1;2
83513220;"05/11/16";"Sábado";"11:25:00";"BA";242;"409";"IBITIARA";"Não guardar distância de segurança";"Colisão lateral";"Com Vítimas Feridas";"Pleno dia";"Crescente";"Ceu Claro";"Simples";"Reta";"Rural";2;0;0;1;1;0;1;2
83513221;"05/11/16";"Sábado";"10:35:00";"PB";230;"155";"CAMPINA GRANDE";"Ingestão de álcool";"Colisão traseira";"Com Vítimas Fatais";"Pleno dia";"Crescente";"Nublado";"Simples";"Curva";"Urbano";2;1;0;0;1;0;0;2
83513222;"05/11/16";"Sábado";"08:30:00";"SP";381;"85";"SAO PAULO";"Falta de atenção";"Colisão com bicicleta";"Com Vítimas Fatais";"Pleno dia";"Decrescente";"Ceu Claro";"Dupla";"Reta";"Urbano";2;1;0;0;0;1;0;2
83513223;"02/11/16";"Quarta";"17:55:00";"MG";50;"185";"UBERABA";"Defeito mecânico em veículo";"Queda de motocicleta / bicicleta / veículo";"Com Vítimas Feridas";"Pleno dia";"Decrescente";"Ceu Claro";"Dupla";"Reta";"Rural";1;0;1;0;0;0;1;1
83513224;"05/11/16";"Sábado";"12:30:00";"MG";381;"528";"BRUMADINHO";"Velocidade incompatível";"Queda de motocicleta / bicicleta / veículo";"Com Vítimas Feridas";"Pleno dia";"Crescente";"Chuva";"Dupla";"Curva";"Rural";2;0;1;0;1;0;1;1
83513225;"05/11/16";"Sábado";"11:00:00";"ES";101;"232,9";"FUNDAO";"Outras";"Colisão Transversal";"Com Vítimas Feridas";"Pleno dia";"Crescente";"Ceu Claro";"Simples";"Reta";"Rural";5;0;0;4;1;0;4;2
83513226;"05/11/16";"Sábado";"12:20:00";"ES";101;"229";"FUNDAO";"Falta de atenção";"Colisão traseira";"Com Vítimas Feridas";"Pleno dia";"Crescente";"Nublado";"Simples";"Reta";"Urbano";3;0;0;1;2;0;1;3
83513227;"05/11/16";"Sábado";"11:00:00";"PR";476;"122,6";"CURITIBA";"Falta de atenção";"Colisão traseira";"Com Vítimas Feridas";"Pleno dia";"Decrescente";"Sol";"Múltipla";"Reta";"Urbano";4;0;0;2;1;1;2;4
83513228;"05/11/16";"Sábado";"10:30:00";"BA";110;"140";"CICERO DANTAS";"Falta de atenção";"Colisão Transversal";"Sem Vítimas";"Pleno dia";"Crescente";"Ceu Claro";"Simples";"Cruzamento";"Rural";3;0;0;0;3;0;0;2
83513229;"05/11/16";"Sábado";"12:20:00";"SE";101;"163,9";"SANTA LUZIA DO ITANHY";"Defeito mecânico em veículo";"Tombamento";"Sem Vítimas";"Pleno dia";"Crescente";"Ceu Claro";"Simples";"Curva";"Rural";1;0;0;0;1;0;0;1
83513230;"05/11/16";"Sábado";"12:40:00";"SP";116;"219";"GUARULHOS";"Falta de atenção";"Colisão traseira";"Com Vítimas Feridas";"Pleno dia";"Crescente";"Nublado";"Múltipla";"Reta";"Urbano";2;0;1;0;1;0;1;2
83513231;"05/11/16";"Sábado";"10:00:00";"MA";402;"33,7";"AXIXA";"Falta de atenção";"Colisão traseira";"Sem Vítimas";"Pleno dia";"Crescente";"Ceu Claro";"Simples";"Reta";"Rural";3;0;0;0;3;0;0;2
83513232;"05/11/16";"Sábado";"10:00:00";"CE";222;"8";"CAUCAIA";"Outras";"Capotamento";"Sem Vítimas";"Pleno dia";"Crescente";"Sol";"Múltipla";"Reta";"Urbano";1;0;0;0;1;0;0;1
83513233;"05/11/16";"Sábado";"14:35:00";"PR";376;"221";"CAMBIRA";"Outras";"Saída de Pista";"Com Vítimas Feridas";"Pleno dia";"Decrescente";"Ceu Claro";"Dupla";"Reta";"Rural";1;0;0;1;0;0;1;1
83513234;"05/11/16";"Sábado";"10:15:00";"PR";369;"184,3";"ARAPONGAS";"Outras";"Colisão lateral";"Com Vítimas Feridas";"Pleno dia";"Decrescente";"Sol";"Simples";"Reta";"Urbano";2;0;0;1;1;0;1;2
83513235;"05/11/16";"Sábado";"15:40:00";"SC";470;"12,1";"NAVEGANTES";"Falta de atenção";"Colisão Transversal";"Com Vítimas Feridas";"Pleno dia";"Crescente";"Nublado";"Simples";"Reta";"Urbano";2;0;0;1;1;0;1;2
83513236;"05/11/16";"Sábado";"08:30:00";"PR";277;"4,9";"PARANAGUA";"Ingestão de álcool";"Colisão lateral";"Sem Vítimas";"Pleno dia";"Decrescente";"Ceu Claro";"Dupla";"Reta";"Urbano";4;0;0;0;3;1;0;4
83513237;"24/10/16";"Segunda";"07:00:00";"RN";406;"150";"CEARA-MIRIM";"Outras";"Colisão Transversal";"Com Vítimas Feridas";"Pleno dia";"Crescente";"Ceu Claro";"Simples";"Reta";"Urbano";2;0;0;1;1;0;1;2
83513238;"05/11/16";"Sábado";"11:40:00";"GO";40;"74";"CRISTALINA";"Falta de atenção";"Colisão traseira";"Com Vítimas Feridas";"Pleno dia";"Decrescente";"Sol";"Simples";"Curva";"Rural";5;0;3;0;2;0;3;2
83513239;"05/11/16";"Sábado";"08:00:00";"RO";364;"238,9";"CACOAL";"Falta de atenção";"Colisão lateral";"Com Vítimas Feridas";"Pleno dia";"Decrescente";"Sol";"Simples";"Reta";"Urbano";2;0;0;1;1;0;1;2
83513240;"03/11/16";"Quinta";"10:35:00";"MT";163;"1018";"TERRA NOVA DO NORTE";"Falta de atenção";"Colisão traseira";"Com Vítimas Feridas";"Pleno dia";"Decrescente";"Sol";"Simples";"Reta";"Urbano";2;0;1;0;1;0;1;2
83513241;"05/11/16";"Sábado";"15:20:00";"RJ";116;"296";"PORTO REAL";"Outras";"Colisão com objeto fixo";"Sem Vítimas";"Pleno dia";"Crescente";"Chuva";"Dupla";"Reta";"Rural";2;0;0;0;2;0;0;1
83513242;"02/11/16";"Quarta";"17:30:00";"CE";222;"42";"CAUCAIA";"Falta de atenção";"Colisão traseira";"Sem Vítimas";"Anoitecer";"Decrescente";"Ceu Claro";"Dupla";"Reta";"Rural";5;0;0;0;5;0;0;2
83513243;"05/11/16";"Sábado";"08:00:00";"CE";116;"542,3";"PENAFORTE";"Defeito na via";"Saída de Pista";"Com Vítimas Fatais";"Pleno dia";"Decrescente";"Sol";"Simples";"Reta";"Rural";5;1;3;1;0;0;4;1
83513244;"05/11/16";"Sábado";"09:10:00";"RJ";40;"96";"DUQUE DE CAXIAS";"Outras";"Capotamento";"Com Vítimas Feridas";"Pleno dia";"Crescente";"Chuva";"Simples";"Curva";"Urbano";3;0;2;0;1;0;2;1
83513245;"05/11/16";"Sábado";"15:10:00";"SC";280;"278,3";"IRINEOPOLIS";"Outras";"Capotamento";"Com Vítimas Feridas";"Pleno dia";"Crescente";"Ceu Claro";"Simples";"Curva";"Rural";1;0;0;1;0;0;1;1
83513246;"05/11/16";"Sábado";"10:30:00";"CE";20;"416,4";"MARACANAU";"Ultrapassagem indevida";"Colisão traseira";"Sem Vítimas";"Pleno dia";"Crescente";"Ceu Claro";"Simples";"Reta";"Urbano";2;0;0;0;2;0;0;2
83513247;"05/11/16";"Sábado";"08:20:00";"MS";163;"475,8";"CAMPO GRANDE";"Falta de atenção";"Colisão Transversal";"Com Vítimas Feridas";"Pleno dia";"Crescente";"Ceu Claro";"Simples";"Reta";"Urbano";8;0;1;0;7;0;1;2
83513248;"05/11/16";"Sábado";"11:45:00";"PE";232;"98,2";"BEZERROS";"Outras";"Atropelamento de pessoa";"Com Vítimas Feridas";"Pleno dia";"Crescente";"Sol";"Múltipla";"Reta";"Urbano";3;0;2;1;0;0;3;1
83513249;"01/11/16";"Terça";"18:10:00";"SC";101;"213,7";"PALHOCA";"Falta de atenção";"Colisão lateral";"Com Vítimas Feridas";"Pleno dia";"Decrescente";"Sol";"Dupla";"Reta";"Urbano";2;0;1;0;1;0;1;2
83513250;"05/11/16";"Sábado";"15:20:00";"DF";20;"22";"BRASILIA";"Falta de atenção";"Atropelamento de pessoa";"Com Vítimas Feridas";"Pleno dia";"Crescente";"Ceu Claro";"Dupla";"Curva";"Rural";2;0;1;0;1;0;1;1
83513251;"07/07/16";"Quinta";"19:40:00";"AC";364;"130,5";"RIO BRANCO";"Falta de atenção";"Colisão com bicicleta";"Com Vítimas Feridas";"Plena noite";"Crescente";"Ignorada";"Simples";"Curva";"Rural";2;0;0;1;0;1;1;2
83513252;"05/11/16";"Sábado";"14:30:00";"PR";376;"200";"MARIALVA";"Velocidade incompatível";"Colisão traseira";"Com Vítimas Feridas";"Pleno dia";"Crescente";"Ceu Claro";"Dupla";"Reta";"Urbano";2;0;1;0;1;0;1;2
83513253;"05/11/16";"Sábado";"14:40:00";"MG";116;"785,5";"LEOPOLDINA";"Falta de atenção";"Colisão traseira";"Sem Vítimas";"Pleno dia";"Crescente";"Nublado";"Simples";"Curva";"Rural";2;0;0;0;2;0;0;2
83513254;"05/11/16";"Sábado";"09:00:00";"MS";267;"144,3";"NOVA ANDRADINA";"Dormindo";"Colisão lateral";"Com Vítimas Feridas";"Pleno dia";"Crescente";"Ceu Claro";"Simples";"Reta";"Rural";2;0;0;1;1;0;1;2
83513255;"05/11/16";"Sábado";"14:30:00";"MG";381;"724,2";"CARMO DA CACHOEIRA";"Outras";"Saída de Pista";"Sem Vítimas";"Pleno dia";"Decrescente";"Nublado";"Dupla";"Curva";"Rural";1;0;0;0;1;0;0;1
83513256;"05/11/16";"Sábado";"15:00:00";"PR";369;"468";"CORBELIA";"Falta de atenção";"Queda de motocicleta / bicicleta / veículo";"Com Vítimas Feridas";"Pleno dia";"Crescente";"Ceu Claro";"Dupla";"Reta";"Rural";1;0;0;1;0;0;1;1
83513257;"05/11/16";"Sábado";"13:00:00";"MG";381;"489,5";"BETIM";"Ingestão de álcool";"Colisão traseira";"Sem Vítimas";"Pleno dia";"Decrescente";"Nublado";"Múltipla";"Reta";"Urbano";2;0;0;0;2;0;0;2
83513258;"02/11/16";"Quarta";"05:00:00";"BA";324;"523";"FEIRA DE SANTANA";"Outras";"Queda de motocicleta / bicicleta / veículo";"Com Vítimas Feridas";"Pleno dia";"Decrescente";"Ceu Claro";"Dupla";"Reta";"Urbano";1;0;1;0;0;0;1;1
83513259;"05/11/16";"Sábado";"14:15:00";"MG";50;"63";"UBERLANDIA";"Defeito mecânico em veículo";"Capotamento";"Com Vítimas Feridas";"Pleno dia";"Decrescente";"Sol";"Dupla";"Reta";"Rural";3;0;3;0;0;0;3;1
83513260;"05/11/16";"Sábado";"09:00:00";"MG";50;"81";"UBERLANDIA";"Não guardar distância de segurança";"Colisão traseira";"Com Vítimas Feridas";"Pleno dia";"Crescente";"Sol";"Dupla";"Reta";"Urbano";3;0;2;0;1;0;2;2
83513261;"30/10/16";"Domingo";"18:30:00";"SE";235;"29,5";"AREIA BRANCA";"Ultrapassagem indevida";"Colisão frontal";"Com Vítimas Fatais";"Plena noite";"Crescente";"Ceu Claro";"Simples";"Reta";"Rural";7;1;2;2;1;1;4;3
83513262;"05/11/16";"Sábado";"07:50:00";"RO";319;"59,5";"PORTO VELHO";"Desobediência à sinalização";"Colisão Transversal";"Com Vítimas Feridas";"Pleno dia";"Decrescente";"Nublado";"Dupla";"Cruzamento";"Urbano";2;0;1;1;0;0;2;2
83513263;"05/11/16";"Sábado";"14:00:00";"GO";60;"7";"APARECIDA DE GOIANIA";"Outras";"Colisão lateral";"Com Vítimas Feridas";"Pleno dia";"Crescente";"Sol";"Dupla";"Reta";"Urbano";4;0;0;1;3;0;1;2
83513264;"05/11/16";"Sábado";"05:00:00";"PE";104;"102,9";"CUPIRA";"Outras";"Saída de Pista";"Sem Vítimas";"Amanhecer";"Decrescente";"Ceu Claro";"Simples";"Reta";"Rural";2;0;0;0;2;0;0;1
83513265;"05/11/16";"Sábado";"14:42:00";"PR";376;"196";"MARIALVA";"Falta de atenção";"Saída de Pista";"Com Vítimas Feridas";"Pleno dia";"Decrescente";"Ceu Claro";"Dupla";"Reta";"Rural";1;0;0;1;0;0;1;1
83513266;"05/11/16";"Sábado";"16:00:00";"CE";222;"1";"SOBRAL";"Falta de atenção";"Atropelamento de pessoa";"Com Vítimas Feridas";"Pleno dia";"Crescente";"Ceu Claro";"Simples";"Reta";"Urbano";2;0;0;1;1;0;1;1
83513267;"05/11/16";"Sábado";"17:10:00";"MG";262;"465";"ARAUJOS";"Outras";"Queda de motocicleta / bicicleta / veículo";"Com Vítimas Feridas";"Pleno dia";"Crescente";"Chuva";"Simples";"Reta";"Rural";2;0;2;0;0;0;2;1
83513268;"30/10/16";"Domingo";"16:00:00";"BA";101;"839";"TEIXEIRA DE FREITAS";"Outras";"Saída de Pista";"Com Vítimas Feridas";"Pleno dia";"Crescente";"Nublado";"Simples";"Curva";"Rural";1;0;1;0;0;0;1;1
83513269;"05/11/16";"Sábado";"16:50:00";"RS";377;"77,4";"CRUZ ALTA";"Velocidade incompatível";"Saída de Pista";"Com Vítimas Fatais";"Pleno dia";"Decrescente";"Ceu Claro";"Simples";"Curva";"Rural";1;1;0;0;0;0;0;1
83513270;"05/11/16";"Sábado";"17:30:00";"SC";470;"127";"IBIRAMA";"Falta de atenção";"Colisão traseira";"Com Vítimas Feridas";"Pleno dia";"Crescente";"Sol";"Simples";"Reta";"Urbano";4;0;4;0;0;0;4;2
83513271;"05/11/16";"Sábado";"16:45:00";"PR";369;"459";"UBIRATA";"Outras";"Colisão traseira";"Com Vítimas Feridas";"Pleno dia";"Decrescente";"Ceu Claro";"Dupla";"Curva";"Rural";4;0;1;1;2;0;2;4
83513272;"05/11/16";"Sábado";"17:23:00";"RJ";40;"25";"TRES RIOS";"Outras";"Capotamento";"Com Vítimas Feridas";"Pleno dia";"Decrescente";"Chuva";"Dupla";"Curva";"Rural";3;0;3;0;0;0;3;1
83513273;"30/10/16";"Domingo";"05:50:00";"SP";116;"271,1";"TABOAO DA SERRA";"Outras";"Colisão com objeto fixo";"Com Vítimas Feridas";"Pleno dia";"Crescente";"Ceu Claro";"Dupla";"Reta";"Urbano";2;0;1;0;1;0;1;1
83513275;"05/11/16";"Sábado";"16:50:00";"PE";101;"57";"PAULISTA";"Falta de atenção";"Colisão Transversal";"Com Vítimas Feridas";"Pleno dia";"Decrescente";"Sol";"Dupla";"Reta";"Urbano";2;0;0;1;1;0;1;2
83513277;"05/11/16";"Sábado";"13:10:00";"PA";163;"1001";"SANTAREM";"Falta de atenção";"Colisão Transversal";"Com Vítimas Feridas";"Pleno dia";"Crescente";"Ceu Claro";"Dupla";"Reta";"Urbano";2;0;1;0;1;0;1;2
83513278;"05/11/16";"Sábado";"16:45:00";"SC";280;"66";"JARAGUA DO SUL";"Não guardar distância de segurança";"Colisão traseira";"Sem Vítimas";"Pleno dia";"Decrescente";"Ceu Claro";"Simples";"Reta";"Urbano";6;0;0;0;6;0;0;4
83513279;"05/11/16";"Sábado";"14:50:00";"RR";401;"0";"BOA VISTA";"Falta de atenção";"Colisão Transversal";"Com Vítimas Feridas";"Pleno dia";"Decrescente";"Chuva";"Dupla";"Reta";"Urbano";3;0;1;0;2;0;1;2
83513280;"05/11/16";"Sábado";"16:00:00";"RS";290;"279,3";"CACHOEIRA DO SUL";"Falta de atenção";"Colisão Transversal";"Sem Vítimas";"Pleno dia";"Decrescente";"Ceu Claro";"Simples";"Reta";"Rural";2;0;0;0;2;0;0;2
83513281;"05/11/16";"Sábado";"16:30:00";"RJ";116;"121";"MAGE";"Outras";"Capotamento";"Sem Vítimas";"Pleno dia";"Crescente";"Chuva";"Dupla";"Reta";"Rural";1;0;0;0;1;0;0;1
83513282;"05/11/16";"Sábado";"13:00:00";"RJ";116;"228";"PIRAI";"Velocidade incompatível";"Capotamento";"Com Vítimas Feridas";"Pleno dia";"Decrescente";"Chuva";"Dupla";"Curva";"Rural";1;0;1;0;0;0;1;1
83513283;"05/11/16";"Sábado";"15:45:00";"PR";376;"155";"MANDAGUACU";"Desobediência à sinalização";"Colisão Transversal";"Com Vítimas Feridas";"Pleno dia";"Decrescente";"Sol";"Simples";"Reta";"Urbano";2;0;0;1;1;0;1;2
83513284;"05/11/16";"Sábado";"12:30:00";"SC";101;"326,6";"CAPIVARI DE BAIXO";"Outras";"Queda de motocicleta / bicicleta / veículo";"Com Vítimas Feridas";"Pleno dia";"Decrescente";"Ceu Claro";"Dupla";"Reta";"Urbano";1;0;1;0;0;0;1;1
83513285;"05/11/16";"Sábado";"17:00:00";"RS";116;"511,9";"PELOTAS";"Outras";"Queda de motocicleta / bicicleta / veículo";"Com Vítimas Feridas";"Pleno dia";"Crescente";"Ceu Claro";"Múltipla";"Curva";"Rural";1;0;1;0;0;0;1;1
83513286;"04/11/16";"Sexta";"03:00:00";"PB";230;"220";"SOLEDADE";"Outras";"Capotamento";"Com Vítimas Feridas";"Plena noite";"Crescente";"Ceu Claro";"Simples";"Reta";"Rural";1;0;1;0;0;0;1;1
83513287;"05/11/16";"Sábado";"14:11:00";"MG";267;"87,2";"JUIZ DE FORA";"Outras";"Colisão frontal";"Com Vítimas Feridas";"Pleno dia";"Decrescente";"Chuva";"Simples";"Curva";"Rural";3;0;1;0;1;1;1;2
83513288;"05/11/16";"Sábado";"12:40:00";"GO";40;"2,5";"VALPARAISO DE GOIAS";"Falta de atenção";"Colisão lateral";"Com Vítimas Feridas";"Pleno dia";"Decrescente";"Ceu Claro";"Dupla";"Reta";"Urbano";2;0;0;1;1;0;1;2
83513289;"05/11/16";"Sábado";"10:00:00";"RJ";116;"191";"QUEIMADOS";"Outras";"Capotamento";"Com Vítimas Feridas";"Pleno dia";"Decrescente";"Chuva";"Dupla";"Curva";"Urbano";4;0;3;0;1;0;3;3
83513290;"05/11/16";"Sábado";"10:15:00";"BA";242;"392";"SEABRA";"Falta de atenção";"Atropelamento de pessoa";"Com Vítimas Feridas";"Pleno dia";"Crescente";"Ceu Claro";"Simples";"Reta";"Urbano";2;0;1;0;1;0;1;1
83513291;"01/11/16";"Terça";"21:30:00";"MG";50;"18";"UBERLANDIA";"Defeito mecânico em veículo";"Colisão com objeto fixo";"Com Vítimas Feridas";"Plena noite";"Decrescente";"Ceu Claro";"Dupla";"Reta";"Urbano";1;0;1;0;0;0;1;1
83513292;"05/11/16";"Sábado";"13:30:00";"MG";262;"381,8";"MATEUS LEME";"Velocidade incompatível";"Queda de motocicleta / bicicleta / veículo";"Com Vítimas Feridas";"Pleno dia";"Crescente";"Ceu Claro";"Dupla";"Curva";"Rural";2;0;1;1;0;0;2;1
83513293;"05/11/16";"Sábado";"10:00:00";"BA";330;"745";"JEQUIE";"Outras";"Saída de Pista";"Com Vítimas Fatais";"Pleno dia";"Decrescente";"Chuva";"Simples";"Reta";"Rural";1;1;0;0;0;0;0;1
83513294;"05/11/16";"Sábado";"12:30:00";"BA";116;"662";"JEQUIE";"Velocidade incompatível";"Capotamento";"Com Vítimas Feridas";"Pleno dia";"Crescente";"Nublado";"Simples";"Reta";"Rural";1;0;1;0;0;0;1;1
83513295;"05/11/16";"Sábado";"17:40:00";"RJ";40;"35";"AREAL";"Falta de atenção";"Colisão com objeto fixo";"Sem Vítimas";"Plena noite";"Decrescente";"Chuva";"Dupla";"Curva";"Rural";1;0;0;0;1;0;0;1
83513296;"02/11/16";"Quarta";"03:00:00";"SP";116;"227";"GUARULHOS";"Outras";"Queda de motocicleta / bicicleta / veículo";"Com Vítimas Feridas";"Plena noite";"Crescente";"Nublado";"Múltipla";"Reta";"Urbano";3;0;2;0;1;0;2;2
83513297;"05/11/16";"Sábado";"11:00:00";"MG";40;"717";"BARBACENA";"Velocidade incompatível";"Colisão com objeto fixo";"Sem Vítimas";"Pleno dia";"Decrescente";"Chuva";"Dupla";"Curva";"Urbano";1;0;0;0;1;0;0;1
83513298;"05/11/16";"Sábado";"08:20:00";"GO";60;"165";"GOIANIA";"Desobediência à sinalização";"Colisão lateral";"Com Vítimas Feridas";"Amanhecer";"Decrescente";"Nublado";"Dupla";"Reta";"Urbano";3;0;1;1;1;0;2;2
83513299;"05/11/16";"Sábado";"16:30:00";"SC";470;"61";"BLUMENAU";"Defeito mecânico em veículo";"Colisão frontal";"Com Vítimas Feridas";"Pleno dia";"Decrescente";"Sol";"Simples";"Curva";"Urbano";7;0;5;1;1;0;6;3
83513300;"05/11/16";"Sábado";"18:00:00";"PR";116;"117";"CURITIBA";"Desobediência à sinalização";"Colisão Transversal";"Com Vítimas Feridas";"Anoitecer";"Crescente";"Ceu Claro";"Dupla";"Reta";"Urbano";2;0;1;0;1;0;1;2
83513301;"05/11/16";"Sábado";"16:30:00";"RJ";101;"166";"MACAE";"Outras";"Colisão com objeto fixo";"Sem Vítimas";"Pleno dia";"Crescente";"Chuva";"Simples";"Reta";"Rural";1;0;0;0;1;0;0;1
83513302;"05/11/16";"Sábado";"16:30:00";"BA";324;"624";"SALVADOR";"Outras";"Capotamento";"Ignorado";"Pleno dia";"Decrescente";"Ceu Claro";"Dupla";"Reta";"Urbano";1;0;0;0;0;1;0;1
83513303;"05/11/16";"Sábado";"17:45:00";"MG";354;"730";"POUSO ALTO";"Falta de atenção";"Colisão Transversal";"Com Vítimas Feridas";"Pleno dia";"Decrescente";"Ceu Claro";"Simples";"Reta";"Rural";2;0;1;0;1;0;1;2
83513304;"05/11/16";"Sábado";"11:40:00";"RS";290;"61";"GRAVATAI";"Outras";"Colisão com objeto móvel";"Com Vítimas Feridas";"Pleno dia";"Decrescente";"Ceu Claro";"Múltipla";"Reta";"Rural";2;0;2;0;0;0;2;2
83513305;"05/11/16";"Sábado";"16:10:00";"MG";40;"673,5";"CARANDAI";"Desobediência à sinalização";"Colisão traseira";"Sem Vítimas";"Pleno dia";"Crescente";"Chuva";"Simples";"Curva";"Rural";2;0;0;0;2;0;0;2
83513306;"05/11/16";"Sábado";"14:40:00";"RS";285;"93,8";"MONTE ALEGRE DOS CAMPOS";"Falta de atenção";"Colisão lateral";"Com Vítimas Feridas";"Pleno dia";"Decrescente";"Ceu Claro";"Simples";"Reta";"Rural";2;0;1;0;1;0;1;2
83513307;"05/11/16";"Sábado";"17:40:00";"RS";158;"521,4";"SANTANA DO LIVRAMENTO";"Outras";"Colisão com objeto móvel";"Sem Vítimas";"Pleno dia";"Crescente";"Ceu Claro";"Simples";"Reta";"Rural";2;0;0;0;2;0;0;2
83513308;"05/11/16";"Sábado";"15:10:00";"MG";40;"638,5";"CONSELHEIRO LAFAIETE";"Velocidade incompatível";"Saída de Pista";"Com Vítimas Feridas";"Pleno dia";"Decrescente";"Chuva";"Simples";"Curva";"Rural";2;0;1;0;1;0;1;1
83513309;"04/11/16";"Sexta";"21:00:00";"SP";116;"219";"GUARULHOS";"Outras";"Colisão traseira";"Com Vítimas Feridas";"Plena noite";"Crescente";"Ceu Claro";"Múltipla";"Reta";"Urbano";2;0;0;1;1;0;1;2
83513310;"05/11/16";"Sábado";"16:50:00";"PR";376;"216,8";"JANDAIA DO SUL";"Outras";"Colisão frontal";"Com Vítimas Fatais";"Pleno dia";"Crescente";"Sol";"Simples";"Curva";"Urbano";3;1;0;0;2;0;0;2
83513311;"05/11/16";"Sábado";"17:00:00";"SP";116;"564";"BARRA DO TURVO";"Velocidade incompatível";"Tombamento";"Com Vítimas Feridas";"Anoitecer";"Crescente";"Nublado";"Dupla";"Reta";"Rural";2;0;1;0;1;0;1;1
83513312;"05/11/16";"Sábado";"17:40:00";"RJ";101;"320";"NITEROI";"Outras";"Colisão com objeto fixo";"Sem Vítimas";"Pleno dia";"Crescente";"Chuva";"Dupla";"Curva";"Urbano";1;0;0;0;1;0;0;1
83513313;"16/10/16";"Domingo";"23:15:00";"BA";324;"7";"FEIRA DE SANTANA";"Falta de atenção";"Colisão com objeto fixo";"Com Vítimas Feridas";"Plena noite";"Decrescente";"Ceu Claro";"Dupla";"Curva";"Urbano";1;0;1;0;0;0;1;1
83513314;"05/11/16";"Sábado";"09:20:00";"SC";282;"5";"SAO JOSE";"Falta de atenção";"Colisão traseira";"Sem Vítimas";"Amanhecer";"Decrescente";"Ceu Claro";"Dupla";"Reta";"Urbano";2;0;0;0;2;0;0;2
83513315;"05/11/16";"Sábado";"16:40:00";"MS";60;"597,8";"JARDIM";"Falta de atenção";"Colisão Transversal";"Com Vítimas Feridas";"Pleno dia";"Crescente";"Ceu Claro";"Simples";"Reta";"Urbano";3;0;3;0;0;0;3;2
83513316;"05/11/16";"Sábado";"17:30:00";"RS";392;"347,9";"SANTA MARIA";"Falta de atenção";"Colisão Transversal";"Com Vítimas Feridas";"Pleno dia";"Crescente";"Sol";"Simples";"Reta";"Urbano";2;0;1;0;1;0;1;2
83513317;"05/11/16";"Sábado";"17:00:00";"MT";364;"263";"SAO PEDRO DA CIPA";"Ultrapassagem indevida";"Queda de motocicleta / bicicleta / veículo";"Com Vítimas Feridas";"Pleno dia";"Crescente";"Nublado";"Simples";"Reta";"Urbano";1;0;1;0;0;0;1;1
83513318;"05/11/16";"Sábado";"17:30:00";"RJ";101;"429";"MANGARATIBA";"Velocidade incompatível";"Capotamento";"Com Vítimas Feridas";"Pleno dia";"Decrescente";"Chuva";"Simples";"Curva";"Urbano";3;0;1;0;2;0;1;1
83513319;"05/11/16";"Sábado";"11:00:00";"MG";381;"496";"BETIM";"Outras";"Colisão traseira";"Com Vítimas Feridas";"Pleno dia";"Crescente";"Ceu Claro";"Dupla";"Reta";"Urbano";3;0;1;0;1;1;1;3
83513320;"05/11/16";"Sábado";"18:45:00";"SC";101;"435";"SOMBRIO";"Falta de atenção";"Colisão Transversal";"Com Vítimas Feridas";"Pleno dia";"Decrescente";"Ceu Claro";"Dupla";"Reta";"Rural";3;0;1;1;1;0;2;2
83513321;"02/11/16";"Quarta";"14:30:00";"SP";381;"52";"ATIBAIA";"Falta de atenção";"Tombamento";"Sem Vítimas";"Pleno dia";"Crescente";"Chuva";"Múltipla";"Curva";"Urbano";1;0;0;0;1;0;0;1