"id";"data_inversa";"dia_semana";"horario";"uf";"br";"km";"municipio";"causa_acidente";"tipo_acidente";"classificacao_acidente";"fase_dia";"sentido_via";"condicao_metereologica";"tipo_pista";"tracado_via";"uso_solo";"pessoas";"mortos";"feridos_leves";"feridos_graves";"ilesos";"ignorados";"feridos";"veiculos"
83513322;"05/11/16";"Sábado";"11:20:00";"PB";104;"134";"QUEIMADAS";"Falta de atenção";"Saída de Pista";"Com Vítimas Feridas";"Pleno dia";"Decrescente";"Ceu Claro";"Simples";"Reta";"Rural";2;0;1;1;0;0;2;1
83513323;"05/11/16";"Sábado";"17:00:00";"BA";101;"217";"CRUZ DAS ALMAS";"Ultrapassagem indevida";"Colisão lateral";"Com Vítimas Feridas";"Pleno dia";"Decrescente";"Ceu Claro";"Simples";"Reta";"Urbano";3;0;3;0;0;0;3;2
83513324;"29/10/16";"Sábado";"21:10:00";"MG";262;"800";"UBERABA";"Falta de atenção";"Queda de motocicleta / bicicleta / veículo";"Com Vítimas Feridas";"Plena noite";"Decrescente";"Ceu Claro";"Dupla";"Reta";"Urbano";2;0;2;0;0;0;2;1
83513325;"05/11/16";"Sábado";"11:20:00";"RJ";101;"431";"MANGARATIBA";"Velocidade incompatível";"Capotamento";"Sem Vítimas";"Pleno dia";"Decrescente";"Chuva";"Simples";"Curva";"Rural";1;0;0;0;1;0;0;1
83513326;"05/11/16";"Sábado";"18:00:00";"RS";472;"481,5";"ITAQUI";"Falta de atenção";"Colisão Transversal";"Sem Vítimas";"Pleno dia";"Decrescente";"Ceu Claro";"Simples";"Cruzamento";"Rural";3;0;0;0;3;0;0;2
83513327;"05/11/16";"Sábado";"11:10:00";"RO";364;"603";"CANDEIAS DO JAMARI";"Falta de atenção";"Colisão traseira";"Sem Vítimas";"Pleno dia";"Decrescente";"Sol";"Dupla";"Reta";"Rural";3;0;0;0;3;0;0;3
83513329;"05/11/16";"Sábado";"21:35:00";"SC";280;"52";"GUARAMIRIM";"Ingestão de álcool";"Tombamento";"Com Vítimas Feridas";"Plena noite";"Crescente";"Ignorada";"Simples";"Reta";"Urbano";2;0;2;0;0;0;2;1
83513330;"05/11/16";"Sábado";"17:30:00";"PI";135;"329";"SANTA LUZ";"Ingestão de álcool";"Colisão frontal";"Com Vítimas Fatais";"Pleno dia";"Decrescente";"Sol";"Simples";"Curva";"Rural";2;1;0;0;1;0;0;2
83513331;"05/11/16";"Sábado";"12:10:00";"GO";40;"14";"LUZIANIA";"Outras";"Capotamento";"Com Vítimas Feridas";"Pleno dia";"Crescente";"Ceu Claro";"Dupla";"Curva";"Urbano";1;0;1;0;0;0;1;1
83513333;"04/11/16";"Sexta";"19:00:00";"MG";146;"513,5";"POCOS DE CALDAS";"Defeito mecânico em veículo";"Saída de Pista";"Com Vítimas Fatais";"Anoitecer";"Decrescente";"Ceu Claro";"Simples";"Curva";"Rural";2;1;1;0;0;0;1;1
83513334;"05/11/16";"Sábado";"20:05:00";"PE";232;"410";"SERRA TALHADA";"Ingestão de álcool";"Colisão com bicicleta";"Com Vítimas Feridas";"Plena noite";"Crescente";"Ceu Claro";"Simples";"Reta";"Urbano";3;0;2;1;0;0;3;2
83513335;"02/11/16";"Quarta";"00:30:00";"ES";101;"14";"PEDRO CANARIO";"Falta de atenção";"Queda de motocicleta / bicicleta / veículo";"Com Vítimas Feridas";"Plena noite";"Crescente";"Nublado";"Simples";"Curva";"Rural";1;0;1;0;0;0;1;1
83513336;"05/11/16";"Sábado";"20:30:00";"GO";153;"510,1";"APARECIDA DE GOIANIA";"Outras";"Atropelamento de pessoa";"Com Vítimas Feridas";"Plena noite";"Decrescente";"Ignorada";"Dupla";"Reta";"Urbano";2;0;0;1;1;0;1;1
83513337;"01/11/16";"Terça";"17:00:00";"RN";406;"152";"CEARA-MIRIM";"Outras";"Colisão Transversal";"Sem Vítimas";"Anoitecer";"Decrescente";"Ceu Claro";"Simples";"Cruzamento";"Urbano";3;0;0;0;2;1;0;3
83513338;"05/11/16";"Sábado";"19:30:00";"MS";163;"682,5";"RIO VERDE DE MATO GROSSO";"Velocidade incompatível";"Colisão traseira";"Com Vítimas Feridas";"Plena noite";"Decrescente";"Ceu Claro";"Simples";"Reta";"Urbano";3;0;1;0;2;0;1;2
83513339;"05/11/16";"Sábado";"18:00:00";"PE";232;"197";"SANHARO";"Velocidade incompatível";"Capotamento";"Com Vítimas Feridas";"Plena noite";"Crescente";"Ceu Claro";"Simples";"Reta";"Urbano";1;0;1;0;0;0;1;1
83513340;"05/11/16";"Sábado";"20:45:00";"SC";101;"88";"BARRA VELHA";"Não guardar distância de segurança";"Colisão traseira";"Com Vítimas Feridas";"Plena noite";"Decrescente";"Ceu Claro";"Simples";"Reta";"Urbano";2;0;1;0;1;0;1;2
83513341;"05/11/16";"Sábado";"21:40:00";"PR";376;"651";"TIJUCAS DO SUL";"Velocidade incompatível";"Tombamento";"Com Vítimas Feridas";"Plena noite";"Crescente";"Ceu Claro";"Dupla";"Reta";"Rural";1;0;1;0;0;0;1;1
83513342;"05/11/16";"Sábado";"18:57:00";"RJ";40;"43";"AREAL";"Falta de atenção";"Colisão com objeto fixo";"Com Vítimas Feridas";"Pleno dia";"Decrescente";"Chuva";"Dupla";"Reta";"Rural";5;0;5;0;0;0;5;1
83513343;"05/11/16";"Sábado";"19:59:00";"MG";262;"388";"FLORESTAL";"Velocidade incompatível";"Saída de Pista";"Com Vítimas Feridas";"Plena noite";"Crescente";"Chuva";"Dupla";"Curva";"Rural";1;0;1;0;0;0;1;1
83513344;"02/11/16";"Quarta";"21:30:00";"MG";262;"801";"UBERABA";"Falta de atenção";"Atropelamento de pessoa";"Com Vítimas Feridas";"Plena noite";"Decrescente";"Ceu Claro";"Dupla";"Reta";"Urbano";2;0;1;1;0;0;2;1
83513345;"05/11/16";"Sábado";"17:50:00";"SP";116;"139";"SAO JOSE DOS CAMPOS";"Falta de atenção";"Colisão traseira";"Com Vítimas Feridas";"Pleno dia";"Crescente";"Nublado";"Dupla";"Reta";"Urbano";5;0;3;0;2;0;3;2
83513346;"05/11/16";"Sábado";"21:20:00";"RJ";40;"13";"TRES RIOS";"Falta de atenção";"Colisão com objeto fixo";"Com Vítimas Feridas";"Plena noite";"Crescente";"Chuva";"Dupla";"Curva";"Rural";2;0;2;0;0;0;2;1
83513347;"05/11/16";"Sábado";"19:15:00";"SE";235;"48";"ITABAIANA";"Falta de atenção";"Colisão traseira";"Sem Vítimas";"Plena noite";"Decrescente";"Nublado";"Simples";"Reta";"Rural";3;0;0;0;3;0;0;2
83513348;"05/11/16";"Sábado";"18:45:00";"MT";364;"529";"ROSARIO OESTE";"Defeito mecânico em veículo";"Saída de Pista";"Sem Vítimas";"Anoitecer";"Decrescente";"Ceu Claro";"Simples";"Reta";"Rural";1;0;0;0;1;0;0;1
83513349;"31/10/16";"Segunda";"18:50:00";"RJ";101;"200";"CASIMIRO DE ABREU";"Outras";"Colisão lateral";"Sem Vítimas";"Anoitecer";"Crescente";"Ceu Claro";"Dupla";"Reta";"Rural";2;0;0;0;2;0;0;2
83513350;"05/11/16";"Sábado";"20:30:00";"RJ";40;"13";"TRES RIOS";"Falta de atenção";"Colisão com objeto fixo";"Sem Vítimas";"Plena noite";"Crescente";"Chuva";"Dupla";"Curva";"Rural";1;0;0;0;1;0;0;1
83513351;"05/11/16";"Sábado";"22:20:00";"MG";262;"59,9";"MANHUACU";"Outras";"Saída de Pista";"Com Vítimas Feridas";"Plena noite";"Decrescente";"Nublado";"Simples";"Curva";"Rural";1;0;1;0;0;0;1;1
83513352;"05/11/16";"Sábado";"20:00:00";"BA";407;"4";"JUAZEIRO";"Outras";"Colisão Transversal";"Com Vítimas Feridas";"Plena noite";"Decrescente";"Ceu Claro";"Simples";"Reta";"Urbano";2;0;0;1;1;0;1;2
83513353;"05/11/16";"Sábado";"09:30:00";"GO";60;"11";"SANTO ANTONIO DO DESCOBERTO";"Defeito mecânico em veículo";"Saída de Pista";"Sem Vítimas";"Pleno dia";"Decrescente";"Ceu Claro";"Dupla";"Curva";"Rural";1;0;0;0;1;0;0;1
83513354;"05/11/16";"Sábado";"23:00:00";"PR";369;"138";"IBIPORA";"Falta de atenção";"Atropelamento de pessoa";"Com Vítimas Feridas";"Plena noite";"Crescente";"Ceu Claro";"Simples";"Reta";"Urbano";2;0;1;0;1;0;1;1
83513355;"05/11/16";"Sábado";"19:40:00";"PI";343;"445";"AGUA BRANCA";"Outras";"Colisão lateral";"Com Vítimas Feridas";"Plena noite";"Crescente";"Ceu Claro";"Simples";"Reta";"Rural";2;0;0;1;0;1;1;2
83513356;"05/11/16";"Sábado";"20:40:00";"ES";101;"344";"GUARAPARI";"Outras";"Queda de motocicleta / bicicleta / veículo";"Com Vítimas Feridas";"Plena noite";"Crescente";"Ceu Claro";"Simples";"Reta";"Rural";3;0;0;2;0;1;2;1
83513357;"05/11/16";"Sábado";"17:35:00";"MS";163;"799,9";"PEDRO GOMES";"Velocidade incompatível";"Colisão frontal";"Com Vítimas Fatais";"Pleno dia";"Crescente";"Ceu Claro";"Simples";"Reta";"Rural";11;2;6;3;0;0;9;2
83513358;"05/11/16";"Sábado";"16:30:00";"AL";104;"40,1";"UNIAO DOS PALMARES";"Ingestão de álcool";"Colisão traseira";"Com Vítimas Feridas";"Pleno dia";"Decrescente";"Ceu Claro";"Simples";"Curva";"Rural";3;0;1;1;1;0;2;2
83513359;"05/11/16";"Sábado";"21:10:00";"PR";369;"56";"BANDEIRANTES";"Desobediência à sinalização";"Colisão Transversal";"Com Vítimas Feridas";"Plena noite";"Crescente";"Ceu Claro";"Simples";"Cruzamento";"Urbano";3;0;1;1;1;0;2;2
83513360;"05/11/16";"Sábado";"23:40:00";"MG";116;"705,3";"MURIAE";"Falta de atenção";"Atropelamento de pessoa";"Com Vítimas Feridas";"Plena noite";"Crescente";"Nublado";"Simples";"Reta";"Urbano";2;0;0;1;1;0;1;1
83513361;"05/11/16";"Sábado";"17:40:00";"MT";174;"232";"JAURU";"Falta de atenção";"Saída de Pista";"Com Vítimas Feridas";"Pleno dia";"Crescente";"Ceu Claro";"Simples";"Reta";"Rural";1;0;1;0;0;0;1;1
83513362;"05/11/16";"Sábado";"23:40:00";"RS";392;"267";"CACAPAVA DO SUL";"Animais na Pista";"Atropelamento de animal";"Sem Vítimas";"Plena noite";"Crescente";"Ceu Claro";"Simples";"Curva";"Rural";1;0;0;0;1;0;0;1
83513363;"05/11/16";"Sábado";"19:30:00";"RO";174;"15";"VILHENA";"Outras";"Atropelamento de pessoa";"Com Vítimas Feridas";"Plena noite";"Crescente";"Chuva";"Simples";"Reta";"Urbano";3;0;2;0;1;0;2;2
83513364;"05/11/16";"Sábado";"20:00:00";"RO";174;"14";"VILHENA";"Falta de atenção";"Colisão Transversal";"Com Vítimas Feridas";"Plena noite";"Crescente";"Chuva";"Dupla";"Cruzamento";"Urbano";2;0;1;0;1;0;1;2
83513365;"05/11/16";"Sábado";"21:30:00";"MG";267;"57,5";"GUARARA";"Ingestão de álcool";"Colisão com objeto fixo";"Sem Vítimas";"Plena noite";"Decrescente";"Chuva";"Simples";"Reta";"Urbano";1;0;0;0;1;0;0;1
83513366;"05/11/16";"Sábado";"19:00:00";"MT";364;"135";"PEDRA PRETA";"Outras";"Queda de motocicleta / bicicleta / veículo";"Com Vítimas Feridas";"Plena noite";"Crescente";"Ceu Claro";"Simples";"Curva";"Rural";2;0;2;0;0;0;2;1
83513367;"05/11/16";"Sábado";"18:04:00";"ES";259;"99,1";"BAIXO GUANDU";"Falta de atenção";"Colisão Transversal";"Com Vítimas Feridas";"Anoitecer";"Crescente";"Ceu Claro";"Simples";"Curva";"Urbano";2;0;1;1;0;0;2;2
83513368;"05/11/16";"Sábado";"16:30:00";"MG";365;"368";"PATOS DE MINAS";"Velocidade incompatível";"Tombamento";"Com Vítimas Feridas";"Pleno dia";"Decrescente";"Chuva";"Simples";"Curva";"Rural";1;0;1;0;0;0;1;1
83513369;"05/11/16";"Sábado";"22:30:00";"PR";116;"100,1";"SAO JOSE DOS PINHAIS";"Outras";"Atropelamento de pessoa";"Com Vítimas Fatais";"Plena noite";"Decrescente";"Nublado";"Dupla";"Reta";"Urbano";2;1;0;0;0;1;0;1
83513370;"05/11/16";"Sábado";"21:30:00";"RN";101;"103,2";"PARNAMIRIM";"Outras";"Atropelamento de pessoa";"Com Vítimas Feridas";"Plena noite";"Decrescente";"Ceu Claro";"Múltipla";"Reta";"Urbano";2;0;0;1;0;1;1;1
83513371;"05/11/16";"Sábado";"21:30:00";"PR";476;"142,5";"CURITIBA";"Falta de atenção";"Colisão frontal";"Com Vítimas Feridas";"Plena noite";"Decrescente";"Nublado";"Dupla";"Reta";"Rural";5;0;1;1;3;0;2;2
83513372;"05/11/16";"Sábado";"17:52:00";"PB";230;"352,1";"PATOS";"Animais na Pista";"Atropelamento de animal";"Com Vítimas Feridas";"Plena noite";"Decrescente";"Ceu Claro";"Simples";"Reta";"Rural";2;0;0;1;1;0;1;2
83513373;"01/11/16";"Terça";"16:40:00";"SC";280;"1";"SAO FRANCISCO DO SUL";"Falta de atenção";"Colisão Transversal";"Com Vítimas Feridas";"Pleno dia";"Decrescente";"Ceu Claro";"Simples";"Reta";"Urbano";3;0;1;0;2;0;1;3
83513374;"05/11/16";"Sábado";"21:20:00";"PB";230;"69";"SOBRADO";"Falta de atenção";"Colisão traseira";"Com Vítimas Feridas";"Plena noite";"Crescente";"Ceu Claro";"Dupla";"Reta";"Urbano";2;0;1;0;1;0;1;2
83513375;"06/11/16";"Domingo";"01:00:00";"MG";153;"209,9";"FRUTAL";"Falta de atenção";"Saída de Pista";"Sem Vítimas";"Plena noite";"Crescente";"Ceu Claro";"Dupla";"Reta";"Rural";1;0;0;0;1;0;0;1
83513376;"06/11/16";"Domingo";"00:40:00";"RJ";40;"16";"TRES RIOS";"Falta de atenção";"Colisão lateral";"Com Vítimas Feridas";"Plena noite";"Decrescente";"Chuva";"Dupla";"Curva";"Rural";8;0;1;0;7;0;1;4
83513377;"06/11/16";"Domingo";"01:15:00";"PR";376;"177";"MARINGA";"Falta de atenção";"Colisão Transversal";"Com Vítimas Feridas";"Pleno dia";"Crescente";"Ceu Claro";"Dupla";"Reta";"Urbano";2;0;1;0;1;0;1;2
83513378;"05/11/16";"Sábado";"15:50:00";"MS";163;"490";"CAMPO GRANDE";"Velocidade incompatível";"Capotamento";"Sem Vítimas";"Pleno dia";"Decrescente";"Ceu Claro";"Simples";"Curva";"Urbano";3;0;0;0;3;0;0;1
83513379;"05/11/16";"Sábado";"21:45:00";"ES";101;"295";"CARIACICA";"Outras";"Atropelamento de pessoa";"Com Vítimas Feridas";"Plena noite";"Decrescente";"Ceu Claro";"Múltipla";"Reta";"Urbano";2;0;1;1;0;0;2;1
83513380;"06/11/16";"Domingo";"03:40:00";"RS";386;"393";"TRIUNFO";"Dormindo";"Saída de Pista";"Sem Vítimas";"Plena noite";"Crescente";"Chuva";"Dupla";"Reta";"Rural";1;0;0;0;1;0;0;1
83513381;"05/11/16";"Sábado";"21:00:00";"PR";376;"161";"MARINGA";"Falta de atenção";"Colisão Transversal";"Com Vítimas Feridas";"Plena noite";"Crescente";"Ceu Claro";"Dupla";"Cruzamento";"Urbano";3;0;1;0;2;0;1;2
83513382;"06/11/16";"Domingo";"03:10:00";"DF";20;"16";"BRASILIA";"Outras";"Saída de Pista";"Com Vítimas Feridas";"Plena noite";"Crescente";"Ceu Claro";"Dupla";"Reta";"Urbano";4;0;4;0;0;0;4;1
83513383;"05/11/16";"Sábado";"19:00:00";"RS";290;"308,5";"CACAPAVA DO SUL";"Falta de atenção";"Colisão Transversal";"Sem Vítimas";"Pleno dia";"Crescente";"Ceu Claro";"Simples";"Cruzamento";"Rural";2;0;0;0;2;0;0;2
83513384;"06/11/16";"Domingo";"04:30:00";"SP";116;"439,7";"REGISTRO";"Falta de atenção";"Colisão com objeto fixo";"Sem Vítimas";"Plena noite";"Crescente";"Ceu Claro";"Dupla";"Reta";"Urbano";1;0;0;0;1;0;0;1
83513385;"05/11/16";"Sábado";"23:30:00";"BA";367;"26,6";"PORTO SEGURO";"Falta de atenção";"Colisão traseira";"Sem Vítimas";"Plena noite";"Crescente";"Nublado";"Simples";"Reta";"Urbano";2;0;0;0;2;0;0;2
83513386;"05/11/16";"Sábado";"20:40:00";"RJ";116;"169";"SAO JOAO DE MERITI";"Não guardar distância de segurança";"Colisão traseira";"Com Vítimas Feridas";"Plena noite";"Crescente";"Chuva";"Múltipla";"Reta";"Urbano";4;0;2;0;2;0;2;2
83513387;"05/11/16";"Sábado";"21:30:00";"RS";290;"89";"PORTO ALEGRE";"Falta de atenção";"Colisão traseira";"Com Vítimas Feridas";"Plena noite";"Crescente";"Ceu Claro";"Dupla";"Reta";"Rural";2;0;2;0;0;0;2;2
83513388;"05/11/16";"Sábado";"05:30:00";"MG";40;"432,8";"PARAOPEBA";"Dormindo";"Capotamento";"Com Vítimas Feridas";"Plena noite";"Decrescente";"Ceu Claro";"Dupla";"Reta";"Rural";3;0;2;0;1;0;2;1
83513389;"05/11/16";"Sábado";"10:00:00";"MG";116;"240";"TEOFILO OTONI";"Defeito mecânico em veículo";"Saída de Pista";"Sem Vítimas";"Pleno dia";"Crescente";"Ceu Claro";"Dupla";"Curva";"Rural";3;0;0;0;3;0;0;1
83513390;"06/11/16";"Domingo";"00:35:00";"PR";277;"77";"SAO JOSE DOS PINHAIS";"Animais na Pista";"Atropelamento de animal";"Sem Vítimas";"Plena noite";"Decrescente";"Ceu Claro";"Dupla";"Reta";"Urbano";1;0;0;0;1;0;0;1
83513391;"05/11/16";"Sábado";"23:15:00";"MG";146;"507,2";"POCOS DE CALDAS";"Velocidade incompatível";"Colisão frontal";"Com Vítimas Fatais";"Plena noite";"Crescente";"Chuva";"Simples";"Curva";"Rural";2;1;0;0;1;0;0;2
83513392;"05/11/16";"Sábado";"22:00:00";"RS";285;"336";"CARAZINHO";"Falta de atenção";"Queda de motocicleta / bicicleta / veículo";"Com Vítimas Feridas";"Plena noite";"Decrescente";"Ceu Claro";"Simples";"Reta";"Urbano";1;0;1;0;0;0;1;1
83513393;"05/11/16";"Sábado";"22:20:00";"MS";262;"6";"TRES LAGOAS";"Ingestão de álcool";"Colisão com bicicleta";"Com Vítimas Feridas";"Plena noite";"Crescente";"Ceu Claro";"Dupla";"Reta";"Urbano";2;0;1;0;1;0;1;2
83513394;"05/11/16";"Sábado";"16:00:00";"BA";110;"371";"CATU";"Falta de atenção";"Colisão Transversal";"Sem Vítimas";"Pleno dia";"Crescente";"Ceu Claro";"Simples";"Cruzamento";"Rural";2;0;0;0;2;0;0;2
83513395;"05/11/16";"Sábado";"18:00:00";"PR";376;"631";"SAO JOSE DOS PINHAIS";"Ingestão de álcool";"Colisão traseira";"Sem Vítimas";"Pleno dia";"Decrescente";"Ceu Claro";"Dupla";"Reta";"Rural";2;0;0;0;2;0;0;2
83513396;"05/11/16";"Sábado";"13:00:00";"BA";101;"508";"ITABUNA";"Outras";"Colisão frontal";"Com Vítimas Feridas";"Pleno dia";"Crescente";"Nublado";"Simples";"Cruzamento";"Urbano";3;0;1;1;0;1;2;2
83513397;"06/11/16";"Domingo";"03:20:00";"RS";290;"28,3";"SANTO ANTONIO DA PATRULHA";"Ingestão de álcool";"Saída de Pista";"Com Vítimas Feridas";"Plena noite";"Crescente";"Ceu Claro";"Múltipla";"Reta";"Rural";1;0;1;0;0;0;1;1
83513398;"05/11/16";"Sábado";"20:00:00";"PR";116;"18";"CURITIBA";"Ultrapassagem indevida";"Colisão lateral";"Com Vítimas Feridas";"Anoitecer";"Decrescente";"Ceu Claro";"Dupla";"Reta";"Urbano";3;0;2;0;0;1;2;2
83513399;"05/11/16";"Sábado";"18:20:00";"SC";101;"429,7";"SOMBRIO";"Velocidade incompatível";"Colisão com objeto fixo";"Com Vítimas Feridas";"Pleno dia";"Crescente";"Ceu Claro";"Dupla";"Curva";"Rural";1;0;0;1;0;0;1;1
83513400;"05/11/16";"Sábado";"21:40:00";"BA";407;"143";"SENHOR DO BONFIM";"Ingestão de álcool";"Colisão frontal";"Com Vítimas Fatais";"Plena noite";"Decrescente";"Ceu Claro";"Simples";"Reta";"Rural";2;1;0;0;1;0;0;2
83513401;"05/11/16";"Sábado";"17:30:00";"SP";116;"271,3";"TABOAO DA SERRA";"Velocidade incompatível";"Colisão lateral";"Sem Vítimas";"Pleno dia";"Decrescente";"Nublado";"Dupla";"Reta";"Urbano";3;0;0;0;3;0;0;3
83513402;"06/11/16";"Domingo";"03:45:00";"ES";101;"89,7";"SAO MATEUS";"Outras";"Colisão traseira";"Com Vítimas Fatais";"Plena noite";"Crescente";"Ceu Claro";"Simples";"Reta";"Rural";2;1;0;0;0;1;0;2
83513403;"05/11/16";"Sábado";"18:50:00";"BA";116;"815,8";"VITORIA DA CONQUISTA";"Falta de atenção";"Colisão Transversal";"Com Vítimas Feridas";"Plena noite";"Decrescente";"Nublado";"Simples";"Reta";"Urbano";2;0;0;1;0;1;1;2
83513404;"05/11/16";"Sábado";"20:15:00";"MG";40;"233";"SAO GONCALO DO ABAETE";"Outras";"Capotamento";"Com Vítimas Feridas";"Plena noite";"Crescente";"Chuva";"Simples";"Reta";"Rural";2;0;1;0;1;0;1;1
83513405;"05/11/16";"Sábado";"23:05:00";"MS";163;"238,1";"CAARAPO";"Dormindo";"Capotamento";"Com Vítimas Feridas";"Plena noite";"Crescente";"Ceu Claro";"Simples";"Reta";"Rural";2;0;2;0;0;0;2;1
83513406;"05/11/16";"Sábado";"19:45:00";"MG";381;"582";"CARMOPOLIS DE MINAS";"Falta de atenção";"Colisão traseira";"Com Vítimas Feridas";"Plena noite";"Crescente";"Chuva";"Dupla";"Reta";"Rural";3;0;2;0;1;0;2;2
83513407;"03/11/16";"Quinta";"01:30:00";"MG";50;"35";"ARAGUARI";"Dormindo";"Capotamento";"Com Vítimas Feridas";"Plena noite";"Crescente";"Nublado";"Dupla";"Reta";"Urbano";1;0;0;1;0;0;1;1
83513409;"05/11/16";"Sábado";"21:20:00";"MG";262;"444";"NOVA SERRANA";"Falta de atenção";"Saída de Pista";"Com Vítimas Feridas";"Plena noite";"Decrescente";"Chuva";"Simples";"Reta";"Urbano";2;0;2;0;0;0;2;1
83513410;"05/11/16";"Sábado";"22:32:00";"RJ";101;"258";"RIO BONITO";"Outras";"Atropelamento de pessoa";"Com Vítimas Fatais";"Plena noite";"Crescente";"Chuva";"Simples";"Reta";"Rural";2;1;0;0;1;0;0;1
83513411;"05/11/16";"Sábado";"22:10:00";"MG";381;"808,5";"SAO GONCALO DO SAPUCAI";"Outras";"Capotamento";"Com Vítimas Feridas";"Plena noite";"Crescente";"Nublado";"Dupla";"Curva";"Rural";5;0;5;0;0;0;5;1
83513412;"02/11/16";"Quarta";"20:40:00";"CE";222;"8,2";"CAUCAIA";"Falta de atenção";"Colisão traseira";"Sem Vítimas";"Plena noite";"Crescente";"Ceu Claro";"Dupla";"Reta";"Urbano";2;0;0;0;2;0;0;2
83513413;"06/11/16";"Domingo";"02:30:00";"MG";262;"437,1";"NOVA SERRANA";"Outras";"Saída de Pista";"Com Vítimas Feridas";"Plena noite";"Decrescente";"Chuva";"Dupla";"Curva";"Rural";1;0;0;1;0;0;1;1
83513414;"25/10/16";"Terça";"07:05:00";"ES";101;"266,2";"SERRA";"Falta de atenção";"Colisão lateral";"Com Vítimas Feridas";"Pleno dia";"Crescente";"Sol";"Dupla";"Cruzamento";"Urbano";2;0;1;0;1;0;1;2
83513415;"06/11/16";"Domingo";"05:30:00";"RS";472;"151,8";"SANTA ROSA";"Outras";"Saída de Pista";"Com Vítimas Feridas";"Amanhecer";"Crescente";"Ceu Claro";"Simples";"Reta";"Rural";1;0;1;0;0;0;1;1
83513416;"02/11/16";"Quarta";"18:00:00";"CE";116;"18";"EUSEBIO";"Outras";"Atropelamento de pessoa";"Com Vítimas Fatais";"Plena noite";"Crescente";"Ignorada";"Dupla";"Reta";"Urbano";2;1;0;0;1;0;0;1
83513417;"05/11/16";"Sábado";"17:55:00";"BA";116;"14";"VITORIA DA CONQUISTA";"Outras";"Colisão frontal";"Com Vítimas Feridas";"Anoitecer";"Decrescente";"Ceu Claro";"Simples";"Curva";"Urbano";2;0;1;0;1;0;1;2
83513418;"03/11/16";"Quinta";"03:00:00";"MG";381;"939,5";"EXTREMA";"Velocidade incompatível";"Capotamento";"Ignorado";"Plena noite";"Decrescente";"Nublado";"Dupla";"Curva";"Rural";1;0;0;0;0;1;0;1
83513419;"03/11/16";"Quinta";"04:00:00";"CE";222;"68";"SAO GONCALO DO AMARANTE";"Animais na Pista";"Atropelamento de animal";"Com Vítimas Feridas";"Amanhecer";"Decrescente";"Ceu Claro";"Simples";"Reta";"Rural";1;0;1;0;0;0;1;1
83513420;"06/11/16";"Domingo";"04:00:00";"PR";153;"43";"SANTO ANTONIO DA PLATINA";"Velocidade incompatível";"Colisão com objeto fixo";"Ignorado";"Plena noite";"Decrescente";"Ceu Claro";"Simples";"Cruzamento";"Rural";1;0;0;0;0;1;0;1
83513421;"02/11/16";"Quarta";"21:10:00";"SC";153;"4,3";"AGUA DOCE";"Ingestão de álcool";"Colisão com objeto fixo";"Com Vítimas Feridas";"Plena noite";"Decrescente";"Ceu Claro";"Simples";"Curva";"Rural";1;0;1;0;0;0;1;1
83513422;"08/10/16";"Sábado";"21:30:00";"BA";116;"382";"SANTA BARBARA";"Outras";"Capotamento";"Com Vítimas Fatais";"Plena noite";"Crescente";"Ceu Claro";"Simples";"Reta";"Rural";3;1;2;0;0;0;2;1
83513423;"06/11/16";"Domingo";"05:50:00";"PR";376;"3,6";"SAO JOSE DOS PINHAIS";"Falta de atenção";"Colisão traseira";"Sem Vítimas";"Amanhecer";"Decrescente";"Ceu Claro";"Dupla";"Reta";"Urbano";5;0;0;0;5;0;0;2
83513424;"04/11/16";"Sexta";"17:20:00";"PA";316;"8";"ANANINDEUA";"Outras";"Queda de motocicleta / bicicleta / veículo";"Com Vítimas Feridas";"Anoitecer";"Crescente";"Ceu Claro";"Dupla";"Reta";"Urbano";1;0;1;0;0;0;1;1
83513425;"02/11/16";"Quarta";"21:16:00";"PR";369;"131,9";"IBIPORA";"Outras";"Colisão com objeto fixo";"Com Vítimas Feridas";"Plena noite";"Decrescente";"Ceu Claro";"Dupla";"Curva";"Rural";1;0;0;1;0;0;1;1
83513426;"06/11/16";"Domingo";"02:15:00";"RJ";393;"287,5";"VOLTA REDONDA";"Outras";"Colisão com objeto fixo";"Com Vítimas Feridas";"Plena noite";"Decrescente";"Chuva";"Simples";"Reta";"Urbano";1;0;1;0;0;0;1;1
83513427;"04/11/16";"Sexta";"02:00:00";"PR";116;"124";"FAZENDA RIO GRANDE";"Velocidade incompatível";"Capotamento";"Ignorado";"Plena noite";"Crescente";"Nublado";"Dupla";"Reta";"Rural";1;0;0;0;0;1;0;1
83513428;"03/11/16";"Quinta";"04:00:00";"PR";373;"233,7";"IMBITUVA";"Ingestão de álcool";"Saída de Pista";"Sem Vítimas";"Plena noite";"Decrescente";"Ceu Claro";"Simples";"Reta";"Urbano";1;0;0;0;1;0;0;1
83513429;"06/11/16";"Domingo";"07:30:00";"SP";116;"271,8";"TABOAO DA SERRA";"Falta de atenção";"Saída de Pista";"Sem Vítimas";"Pleno dia";"Decrescente";"Nublado";"Dupla";"Reta";"Urbano";1;0;0;0;1;0;0;1
83513430;"05/11/16";"Sábado";"20:10:00";"RJ";493;"11";"MAGE";"Defeito na via";"Colisão frontal";"Com Vítimas Fatais";"Plena noite";"Crescente";"Chuva";"Simples";"Reta";"Rural";4;1;1;0;2;0;1;2