"id";"data_inversa";"dia_semana";"horario";"uf";"br";"km";"municipio";"causa_acidente";"tipo_acidente";"classificacao_acidente";"fase_dia";"sentido_via";"condicao_metereologica";"tipo_pista";"tracado_via";"uso_solo";"pessoas";"mortos";"feridos_leves";"feridos_graves";"ilesos";"ignorados";"feridos";"veiculos"
83513431;"06/11/16";"Domingo";"07:15:00";"PR";376;"200,3";"MANDAGUARI";"Ingestão de álcool";"Colisão com objeto fixo";"Sem Vítimas";"Amanhecer";"Crescente";"Sol";"Dupla";"Reta";"Rural";1;0;0;0;1;0;0;1
83513432;"27/09/16";"Terça";"10:30:00";"RN";406;"96";"JOAO CAMARA";"Defeito mecânico em veículo";"Colisão lateral";"Sem Vítimas";"Pleno dia";"Crescente";"Ceu Claro";"Simples";"Reta";"Rural";2;0;0;0;2;0;0;2
83513433;"29/10/16";"Sábado";"21:40:00";"ES";101;"269,2";"SERRA";"Outras";"Colisão traseira";"Sem Vítimas";"Plena noite";"Crescente";"Chuva";"Dupla";"Cruzamento";"Urbano";2;0;0;0;2;0;0;2
83513434;"02/11/16";"Quarta";"19:20:00";"RJ";393;"280,1";"BARRA DO PIRAI";"Falta de atenção";"Colisão frontal";"Com Vítimas Feridas";"Plena noite";"Decrescente";"Nublado";"Simples";"Reta";"Urbano";3;0;0;2;1;0;2;2
83513435;"04/11/16";"Sexta";"20:30:00";"MS";158;"174";"APARECIDA DO TABOADO";"Animais na Pista";"Atropelamento de animal";"Sem Vítimas";"Plena noite";"Crescente";"Nublado";"Simples";"Reta";"Rural";1;0;0;0;1;0;0;1
83513436;"02/11/16";"Quarta";"20:00:00";"RS";470;"15";"BARRACAO";"Outras";"Colisão traseira";"Sem Vítimas";"Plena noite";"Crescente";"Nublado";"Simples";"Reta";"Rural";2;0;0;0;2;0;0;2
83513437;"02/11/16";"Quarta";"18:00:00";"BA";116;"410";"FEIRA DE SANTANA";"Outras";"Queda de motocicleta / bicicleta / veículo";"Com Vítimas Feridas";"Anoitecer";"Crescente";"Ceu Claro";"Simples";"Reta";"Rural";1;0;1;0;0;0;1;1
83513438;"05/11/16";"Sábado";"17:00:00";"GO";60;"116";"TEREZOPOLIS DE GOIAS";"Outras";"Colisão lateral";"Sem Vítimas";"Pleno dia";"Crescente";"Ceu Claro";"Dupla";"Reta";"Rural";2;0;0;0;2;0;0;2
83513439;"06/11/16";"Domingo";"02:30:00";"PR";153;"311,6";"IMBITUVA";"Outras";"Atropelamento de pessoa";"Com Vítimas Fatais";"Plena noite";"Decrescente";"Nublado";"Simples";"Curva";"Rural";2;1;0;1;0;0;1;1
83513440;"30/10/16";"Domingo";"17:50:00";"RJ";116;"273";"BARRA MANSA";"Falta de atenção";"Colisão traseira";"Com Vítimas Feridas";"Pleno dia";"Crescente";"Ceu Claro";"Dupla";"Curva";"Rural";4;0;1;0;3;0;1;3
83513441;"03/11/16";"Quinta";"02:00:00";"MG";381;"682,4";"PERDOES";"Dormindo";"Saída de Pista";"Com Vítimas Feridas";"Plena noite";"Crescente";"Ceu Claro";"Dupla";"Reta";"Rural";1;0;1;0;0;0;1;1
83513442;"29/10/16";"Sábado";"00:45:00";"RS";293;"77,6";"CERRITO";"Animais na Pista";"Capotamento";"Sem Vítimas";"Plena noite";"Decrescente";"Nublado";"Simples";"Reta";"Rural";2;0;0;0;2;0;0;1
83513443;"04/11/16";"Sexta";"20:00:00";"BA";135;"102";"RIACHAO DAS NEVES";"Outras";"Saída de Pista";"Com Vítimas Feridas";"Plena noite";"Crescente";"Ceu Claro";"Simples";"Reta";"Rural";3;0;3;0;0;0;3;1
83513444;"06/11/16";"Domingo";"08:05:00";"RJ";116;"304";"RESENDE";"Outras";"Saída de Pista";"Sem Vítimas";"Pleno dia";"Crescente";"Nublado";"Dupla";"Reta";"Rural";1;0;0;0;1;0;0;1
83513445;"26/10/16";"Quarta";"23:35:00";"PR";376;"540";"PALMEIRA";"Falta de atenção";"Colisão lateral";"Sem Vítimas";"Plena noite";"Crescente";"Nublado";"Dupla";"Reta";"Rural";2;0;0;0;2;0;0;2
83513446;"03/11/16";"Quinta";"06:20:00";"RJ";493;"21";"MAGE";"Falta de atenção";"Colisão Transversal";"Com Vítimas Feridas";"Amanhecer";"Decrescente";"Ceu Claro";"Simples";"Reta";"Urbano";2;0;0;1;1;0;1;2
83513447;"05/11/16";"Sábado";"07:40:00";"RJ";116;"87";"GUAPIMIRIM";"Outras";"Saída de Pista";"Sem Vítimas";"Pleno dia";"Decrescente";"Chuva";"Simples";"Curva";"Rural";1;0;0;0;1;0;0;1
83513448;"02/11/16";"Quarta";"22:40:00";"GO";153;"605";"MORRINHOS";"Dormindo";"Saída de Pista";"Sem Vítimas";"Plena noite";"Decrescente";"Ceu Claro";"Dupla";"Reta";"Rural";1;0;0;0;1;0;0;1
83513449;"29/10/16";"Sábado";"13:20:00";"GO";452;"52";"RIO VERDE";"Outras";"Colisão traseira";"Sem Vítimas";"Pleno dia";"Crescente";"Ceu Claro";"Simples";"Reta";"Urbano";2;0;0;0;2;0;0;2
83513450;"06/11/16";"Domingo";"09:45:00";"RS";290;"54,7";"GLORINHA";"Falta de atenção";"Saída de Pista";"Sem Vítimas";"Pleno dia";"Decrescente";"Sol";"Dupla";"Reta";"Rural";1;0;0;0;1;0;0;1
83513451;"03/11/16";"Quinta";"11:15:00";"RS";293;"1";"PELOTAS";"Outras";"Colisão traseira";"Com Vítimas Feridas";"Pleno dia";"Crescente";"Ceu Claro";"Simples";"Reta";"Urbano";5;0;1;0;4;0;1;2
83513452;"06/11/16";"Domingo";"08:30:00";"MT";163;"118";"RONDONOPOLIS";"Falta de atenção";"Colisão Transversal";"Com Vítimas Feridas";"Pleno dia";"Crescente";"Ceu Claro";"Simples";"Reta";"Urbano";2;0;1;0;1;0;1;2
83513453;"02/11/16";"Quarta";"20:30:00";"ES";101;"269,5";"SERRA";"Desobediência à sinalização";"Colisão Transversal";"Com Vítimas Feridas";"Plena noite";"Crescente";"Nublado";"Dupla";"Cruzamento";"Urbano";3;0;1;0;1;1;1;2
83513454;"06/11/16";"Domingo";"05:00:00";"RJ";40;"43";"AREAL";"Falta de atenção";"Capotamento";"Com Vítimas Feridas";"Amanhecer";"Crescente";"Chuva";"Dupla";"Curva";"Rural";2;0;1;0;1;0;1;1
83513455;"06/11/16";"Domingo";"10:50:00";"RS";290;"17,4";"SANTO ANTONIO DA PATRULHA";"Defeito mecânico em veículo";"Queda de motocicleta / bicicleta / veículo";"Com Vítimas Feridas";"Pleno dia";"Decrescente";"Ceu Claro";"Dupla";"Reta";"Rural";1;0;1;0;0;0;1;1
83513456;"02/11/16";"Quarta";"08:00:00";"RJ";493;"0,1";"ITABORAI";"Desobediência à sinalização";"Colisão Transversal";"Com Vítimas Feridas";"Pleno dia";"Crescente";"Sol";"Simples";"Reta";"Urbano";2;0;0;1;0;1;1;2
83513457;"05/11/16";"Sábado";"04:56:00";"RO";319;"60,9";"PORTO VELHO";"Falta de atenção";"Colisão com objeto fixo";"Com Vítimas Feridas";"Amanhecer";"Decrescente";"Nublado";"Dupla";"Cruzamento";"Urbano";3;0;1;1;0;1;2;1
83513458;"06/11/16";"Domingo";"09:00:00";"SP";116;"317";"JUQUITIBA";"Defeito mecânico em veículo";"Queda de motocicleta / bicicleta / veículo";"Com Vítimas Feridas";"Pleno dia";"Decrescente";"Ceu Claro";"Dupla";"Curva";"Rural";2;0;2;0;0;0;2;1
83513459;"06/11/16";"Domingo";"11:10:00";"RS";116;"255";"SAPUCAIA DO SUL";"Falta de atenção";"Colisão lateral";"Com Vítimas Feridas";"Pleno dia";"Crescente";"Ceu Claro";"Dupla";"Reta";"Urbano";2;0;1;0;1;0;1;2
83513460;"05/11/16";"Sábado";"00:20:00";"BA";135;"129";"RIACHAO DAS NEVES";"Defeito mecânico em veículo";"Saída de Pista";"Sem Vítimas";"Plena noite";"Decrescente";"Ceu Claro";"Simples";"Reta";"Urbano";1;0;0;0;1;0;0;1
83513461;"01/11/16";"Terça";"17:40:00";"CE";222;"10";"CAUCAIA";"Defeito mecânico em veículo";"Queda de motocicleta / bicicleta / veículo";"Com Vítimas Feridas";"Anoitecer";"Decrescente";"Ceu Claro";"Dupla";"Reta";"Urbano";2;0;2;0;0;0;2;1
83513462;"06/11/16";"Domingo";"06:20:00";"RS";116;"249,6";"SAO LEOPOLDO";"Velocidade incompatível";"Colisão lateral";"Com Vítimas Fatais";"Amanhecer";"Crescente";"Ceu Claro";"Múltipla";"Curva";"Urbano";3;1;1;0;1;0;1;2
83513463;"02/11/16";"Quarta";"08:30:00";"CE";116;"26";"ITAITINGA";"Falta de atenção";"Colisão traseira";"Sem Vítimas";"Pleno dia";"Crescente";"Ceu Claro";"Múltipla";"Reta";"Urbano";2;0;0;0;2;0;0;2
83513465;"06/11/16";"Domingo";"10:00:00";"GO";153;"659";"MORRINHOS";"Falta de atenção";"Colisão traseira";"Com Vítimas Feridas";"Pleno dia";"Crescente";"Chuva";"Dupla";"Reta";"Rural";3;0;1;0;2;0;1;2
83513466;"06/11/16";"Domingo";"09:10:00";"CE";20;"410,4";"CAUCAIA";"Falta de atenção";"Colisão Transversal";"Com Vítimas Feridas";"Pleno dia";"Decrescente";"Ceu Claro";"Simples";"Reta";"Urbano";2;0;1;0;1;0;1;2
83513467;"06/11/16";"Domingo";"07:30:00";"BA";135;"166";"BARREIRAS";"Não guardar distância de segurança";"Saída de Pista";"Com Vítimas Fatais";"Pleno dia";"Decrescente";"Ceu Claro";"Simples";"Reta";"Rural";5;3;1;1;0;0;2;1
83513468;"06/11/16";"Domingo";"09:30:00";"BA";116;"674,9";"JEQUIE";"Falta de atenção";"Colisão frontal";"Com Vítimas Feridas";"Pleno dia";"Crescente";"Nublado";"Simples";"Reta";"Urbano";2;0;0;1;1;0;1;2
83513469;"06/11/16";"Domingo";"11:10:00";"GO";50;"274,9";"CATALAO";"Falta de atenção";"Colisão Transversal";"Com Vítimas Feridas";"Pleno dia";"Crescente";"Nublado";"Simples";"Reta";"Rural";3;0;2;0;1;0;2;2
83513470;"02/11/16";"Quarta";"17:30:00";"SC";282;"17,5";"PALHOCA";"Falta de atenção";"Colisão lateral";"Sem Vítimas";"Pleno dia";"Crescente";"Nublado";"Simples";"Reta";"Urbano";2;0;0;0;2;0;0;2
83513471;"06/11/16";"Domingo";"11:00:00";"MG";381;"425,2";"CAETE";"Não guardar distância de segurança";"Colisão traseira";"Com Vítimas Feridas";"Pleno dia";"Decrescente";"Nublado";"Simples";"Reta";"Urbano";2;0;1;0;1;0;1;2
83513472;"01/11/16";"Terça";"10:00:00";"MT";163;"950";"NOVA SANTA HELENA";"Ultrapassagem indevida";"Colisão frontal";"Com Vítimas Feridas";"Pleno dia";"Decrescente";"Sol";"Simples";"Curva";"Rural";2;0;2;0;0;0;2;2
83513475;"04/11/16";"Sexta";"06:30:00";"PE";104;"126";"PANELAS";"Outras";"Capotamento";"Com Vítimas Feridas";"Pleno dia";"Crescente";"Ceu Claro";"Simples";"Curva";"Rural";1;0;0;1;0;0;1;1
83513476;"06/11/16";"Domingo";"07:30:00";"MG";153;"237,4";"FRONTEIRA";"Outras";"Saída de Pista";"Sem Vítimas";"Pleno dia";"Decrescente";"Nublado";"Simples";"Reta";"Rural";1;0;0;0;1;0;0;1
83513477;"06/11/16";"Domingo";"09:04:00";"RR";174;"502,5";"BOA VISTA";"Falta de atenção";"Colisão traseira";"Com Vítimas Feridas";"Pleno dia";"Decrescente";"Nublado";"Dupla";"Reta";"Urbano";2;0;1;0;1;0;1;2
83513478;"06/11/16";"Domingo";"09:45:00";"PE";408;"99";"SAO LOURENCO DA MATA";"Outras";"Colisão traseira";"Com Vítimas Feridas";"Pleno dia";"Decrescente";"Chuva";"Dupla";"Reta";"Rural";3;0;1;0;2;0;1;2
83513479;"06/11/16";"Domingo";"09:00:00";"PE";408;"99";"SAO LOURENCO DA MATA";"Outras";"Saída de Pista";"Com Vítimas Feridas";"Pleno dia";"Decrescente";"Chuva";"Dupla";"Curva";"Rural";1;0;0;1;0;0;1;1
83513480;"06/11/16";"Domingo";"08:00:00";"RS";116;"492";"PELOTAS";"Outras";"Capotamento";"Com Vítimas Feridas";"Pleno dia";"Decrescente";"Ceu Claro";"Simples";"Curva";"Rural";1;0;1;0;0;0;1;1
83513482;"02/11/16";"Quarta";"14:30:00";"MG";381;"908,2";"CAMBUI";"Velocidade incompatível";"Tombamento";"Sem Vítimas";"Pleno dia";"Decrescente";"Nublado";"Dupla";"Curva";"Rural";1;0;0;0;1;0;0;1
83513483;"06/11/16";"Domingo";"09:20:00";"PR";476;"121";"CURITIBA";"Outras";"Colisão lateral";"Sem Vítimas";"Pleno dia";"Crescente";"Nublado";"Simples";"Reta";"Urbano";3;0;0;0;3;0;0;2
83513484;"02/11/16";"Quarta";"07:40:00";"CE";222;"8";"CAUCAIA";"Falta de atenção";"Colisão traseira";"Com Vítimas Feridas";"Pleno dia";"Crescente";"Sol";"Dupla";"Reta";"Urbano";2;0;1;0;1;0;1;2
83513485;"04/11/16";"Sexta";"07:15:00";"PR";116;"209";"RIO NEGRO";"Velocidade incompatível";"Queda de motocicleta / bicicleta / veículo";"Com Vítimas Feridas";"Amanhecer";"Crescente";"Chuva";"Simples";"Curva";"Urbano";1;0;1;0;0;0;1;1
83513486;"02/11/16";"Quarta";"15:40:00";"PE";101;"72,1";"RECIFE";"Outras";"Colisão lateral";"Com Vítimas Feridas";"Pleno dia";"Decrescente";"Ceu Claro";"Dupla";"Reta";"Urbano";2;0;0;1;0;1;1;2
83513487;"02/11/16";"Quarta";"17:00:00";"MG";365;"207,5";"BURITIZEIRO";"Outras";"Saída de Pista";"Com Vítimas Feridas";"Plena noite";"Decrescente";"Chuva";"Simples";"Reta";"Rural";1;0;1;0;0;0;1;1
83513488;"06/11/16";"Domingo";"11:37:00";"PB";230;"7,1";"CABEDELO";"Falta de atenção";"Atropelamento de pessoa";"Com Vítimas Feridas";"Pleno dia";"Decrescente";"Nublado";"Dupla";"Reta";"Urbano";2;0;0;1;1;0;1;1
83513489;"06/11/16";"Domingo";"08:30:00";"MG";40;"671";"CARANDAI";"Velocidade incompatível";"Colisão com objeto fixo";"Sem Vítimas";"Pleno dia";"Crescente";"Nublado";"Simples";"Curva";"Rural";1;0;0;0;1;0;0;1
83513490;"03/11/16";"Quinta";"01:15:00";"RJ";101;"276,7";"TANGUA";"Ingestão de álcool";"Colisão com objeto fixo";"Sem Vítimas";"Plena noite";"Decrescente";"Ceu Claro";"Dupla";"Reta";"Rural";2;0;0;0;2;0;0;1
83513491;"06/11/16";"Domingo";"11:30:00";"PE";232;"409,7";"SERRA TALHADA";"Ingestão de álcool";"Colisão lateral";"Com Vítimas Feridas";"Pleno dia";"Decrescente";"Ceu Claro";"Simples";"Reta";"Urbano";3;0;2;0;1;0;2;2
83513492;"30/10/16";"Domingo";"01:40:00";"BA";407;"208,8";"CAEM";"Outras";"Colisão frontal";"Com Vítimas Fatais";"Plena noite";"Decrescente";"Nublado";"Simples";"Reta";"Rural";2;1;0;0;1;0;0;2
83513493;"30/10/16";"Domingo";"06:30:00";"MG";135;"601,5";"CORINTO";"Defeito mecânico em veículo";"Saída de Pista";"Sem Vítimas";"Amanhecer";"Crescente";"Nublado";"Simples";"Reta";"Rural";1;0;0;0;1;0;0;1
83513494;"06/11/16";"Domingo";"15:40:00";"MG";381;"483,9";"BETIM";"Falta de atenção";"Capotamento";"Com Vítimas Feridas";"Pleno dia";"Crescente";"Nublado";"Dupla";"Reta";"Urbano";4;0;2;0;2;0;2;2
83513495;"04/11/16";"Sexta";"16:10:00";"GO";40;"2,8";"VALPARAISO DE GOIAS";"Falta de atenção";"Colisão lateral";"Sem Vítimas";"Pleno dia";"Crescente";"Sol";"Dupla";"Reta";"Urbano";7;0;0;0;7;0;0;2
83513496;"02/11/16";"Quarta";"12:00:00";"ES";101;"335";"GUARAPARI";"Velocidade incompatível";"Tombamento";"Com Vítimas Feridas";"Pleno dia";"Decrescente";"Sol";"Simples";"Curva";"Rural";1;0;1;0;0;0;1;1
83513497;"06/11/16";"Domingo";"16:30:00";"PR";277;"122,5";"CAMPO LARGO";"Outras";"Colisão lateral";"Sem Vítimas";"Pleno dia";"Crescente";"Ceu Claro";"Dupla";"Reta";"Rural";2;0;0;0;2;0;0;2
83513498;"06/11/16";"Domingo";"14:45:00";"RS";285;"334,5";"CARAZINHO";"Falta de atenção";"Colisão lateral";"Sem Vítimas";"Pleno dia";"Decrescente";"Sol";"Simples";"Curva";"Rural";2;0;0;0;2;0;0;2
83513499;"06/11/16";"Domingo";"14:15:00";"BA";242;"780";"BARREIRAS";"Animais na Pista";"Atropelamento de animal";"Sem Vítimas";"Plena noite";"Decrescente";"Ceu Claro";"Simples";"Curva";"Rural";1;0;0;0;1;0;0;1
83513500;"06/11/16";"Domingo";"09:50:00";"SC";101;"122,8";"ITAJAI";"Outras";"Colisão lateral";"Sem Vítimas";"Pleno dia";"Crescente";"Nublado";"Dupla";"Reta";"Urbano";2;0;0;0;2;0;0;2
83513501;"06/11/16";"Domingo";"15:35:00";"RS";116;"588,3";"ARROIO GRANDE";"Dormindo";"Saída de Pista";"Com Vítimas Feridas";"Pleno dia";"Crescente";"Sol";"Simples";"Reta";"Rural";2;0;1;0;1;0;1;1
83513502;"06/11/16";"Domingo";"15:45:00";"ES";101;"143,7";"LINHARES";"Defeito mecânico em veículo";"Queda de motocicleta / bicicleta / veículo";"Com Vítimas Feridas";"Pleno dia";"Decrescente";"Nublado";"Múltipla";"Reta";"Urbano";1;0;1;0;0;0;1;1
83513503;"06/11/16";"Domingo";"16:15:00";"ES";101;"402,6";"ITAPEMIRIM";"Falta de atenção";"Colisão Transversal";"Com Vítimas Feridas";"Pleno dia";"Decrescente";"Nublado";"Simples";"Curva";"Rural";3;0;1;1;1;0;2;2
83513504;"06/11/16";"Domingo";"14:30:00";"MG";381;"775";"CAMPANHA";"Velocidade incompatível";"Saída de Pista";"Com Vítimas Fatais";"Pleno dia";"Decrescente";"Ceu Claro";"Dupla";"Reta";"Rural";2;1;0;1;0;0;1;1
83513505;"01/11/16";"Terça";"14:35:00";"MG";116;"606,5";"SAO JOAO DO MANHUACU";"Dormindo";"Saída de Pista";"Com Vítimas Feridas";"Pleno dia";"Crescente";"Sol";"Simples";"Reta";"Rural";2;0;0;1;1;0;1;2
83513506;"06/11/16";"Domingo";"15:20:00";"RJ";101;"322";"NITEROI";"Outras";"Colisão traseira";"Com Vítimas Feridas";"Pleno dia";"Decrescente";"Nublado";"Dupla";"Reta";"Urbano";4;0;2;0;1;1;2;2
83513507;"06/11/16";"Domingo";"17:00:00";"PR";116;"146";"MANDIRITUBA";"Falta de atenção";"Saída de Pista";"Com Vítimas Feridas";"Pleno dia";"Decrescente";"Ceu Claro";"Simples";"Reta";"Rural";3;0;3;0;0;0;3;1
83513508;"06/11/16";"Domingo";"17:00:00";"SP";116;"269,7";"TABOAO DA SERRA";"Falta de atenção";"Atropelamento de pessoa";"Com Vítimas Feridas";"Pleno dia";"Decrescente";"Ceu Claro";"Dupla";"Reta";"Urbano";2;0;2;0;0;0;2;1
83513509;"06/11/16";"Domingo";"15:30:00";"PR";369;"55,5";"BANDEIRANTES";"Outras";"Colisão Transversal";"Com Vítimas Feridas";"Pleno dia";"Crescente";"Ceu Claro";"Simples";"Cruzamento";"Urbano";3;0;0;2;1;0;2;2
83513510;"06/11/16";"Domingo";"16:50:00";"RJ";101;"564";"PARATI";"Falta de atenção";"Colisão lateral";"Com Vítimas Feridas";"Pleno dia";"Decrescente";"Nublado";"Simples";"Curva";"Rural";2;0;1;0;1;0;1;2
83513511;"06/11/16";"Domingo";"16:30:00";"SP";116;"201";"ARUJA";"Ingestão de álcool";"Colisão lateral";"Sem Vítimas";"Pleno dia";"Crescente";"Chuva";"Dupla";"Reta";"Rural";2;0;0;0;2;0;0;2
83513512;"06/11/16";"Domingo";"13:20:00";"PE";101;"147";"RIBEIRAO";"Outras";"Colisão Transversal";"Com Vítimas Feridas";"Pleno dia";"Decrescente";"Ceu Claro";"Simples";"Reta";"Rural";3;0;1;1;1;0;2;2
83513513;"06/11/16";"Domingo";"12:00:00";"BA";407;"4,1";"JUAZEIRO";"Falta de atenção";"Colisão lateral";"Com Vítimas Feridas";"Pleno dia";"Decrescente";"Ceu Claro";"Simples";"Reta";"Urbano";2;0;1;0;0;1;1;2
83513515;"06/11/16";"Domingo";"16:00:00";"PB";101;"98";"ALHANDRA";"Velocidade incompatível";"Colisão com objeto fixo";"Sem Vítimas";"Pleno dia";"Decrescente";"Chuva";"Dupla";"Reta";"Rural";1;0;0;0;1;0;0;1
83513516;"06/11/16";"Domingo";"09:45:00";"SP";381;"24";"BRAGANCA PAULISTA";"Não guardar distância de segurança";"Colisão traseira";"Com Vítimas Feridas";"Pleno dia";"Decrescente";"Nublado";"Dupla";"Reta";"Urbano";3;0;1;0;2;0;1;3
83513517;"06/11/16";"Domingo";"03:30:00";"PA";230;"121";"MARABA";"Velocidade incompatível";"Colisão Transversal";"Com Vítimas Fatais";"Plena noite";"Decrescente";"Ceu Claro";"Dupla";"Reta";"Urbano";4;1;0;1;1;1;1;2
83513518;"06/11/16";"Domingo";"13:30:00";"SC";282;"335,7";"CAMPOS NOVOS";"Falta de atenção";"Colisão Transversal";"Com Vítimas Feridas";"Pleno dia";"Decrescente";"Ceu Claro";"Simples";"Cruzamento";"Urbano";7;0;5;0;2;0;5;2
83513519;"06/11/16";"Domingo";"17:20:00";"SP";116;"152";"SAO JOSE DOS CAMPOS";"Outras";"Colisão lateral";"Com Vítimas Feridas";"Anoitecer";"Decrescente";"Nublado";"Múltipla";"Reta";"Urbano";3;0;1;0;2;0;1;2
83513520;"06/11/16";"Domingo";"13:00:00";"RO";319;"61,5";"PORTO VELHO";"Desobediência à sinalização";"Colisão Transversal";"Com Vítimas Feridas";"Pleno dia";"Decrescente";"Ceu Claro";"Dupla";"Reta";"Urbano";4;0;1;0;3;0;1;2
83513521;"06/11/16";"Domingo";"10:30:00";"MG";116;"511,7";"UBAPORANGA";"Ultrapassagem indevida";"Saída de Pista";"Com Vítimas Feridas";"Pleno dia";"Crescente";"Nublado";"Simples";"Reta";"Rural";3;0;3;0;0;0;3;1
83513522;"01/11/16";"Terça";"02:15:00";"PR";376;"679";"GUARATUBA";"Velocidade incompatível";"Tombamento";"Com Vítimas Feridas";"Plena noite";"Crescente";"Ceu Claro";"Dupla";"Curva";"Rural";1;0;1;0;0;0;1;1
83513523;"06/11/16";"Domingo";"16:35:00";"RS";153;"20,8";"SEVERIANO DE ALMEIDA";"Falta de atenção";"Colisão lateral";"Com Vítimas Feridas";"Pleno dia";"Decrescente";"Ceu Claro";"Simples";"Cruzamento";"Rural";3;0;0;1;2;0;1;2
83513524;"06/11/16";"Domingo";"16:30:00";"BA";407;"1";"JUAZEIRO";"Não guardar distância de segurança";"Colisão traseira";"Com Vítimas Feridas";"Pleno dia";"Crescente";"Ceu Claro";"Simples";"Reta";"Urbano";3;0;2;0;1;0;2;2
83513525;"06/11/16";"Domingo";"16:40:00";"PE";232;"56,5";"VITORIA DE SANTO ANTAO";"Outras";"Colisão lateral";"Sem Vítimas";"Pleno dia";"Decrescente";"Ceu Claro";"Simples";"Curva";"Rural";3;0;0;0;3;0;0;3
83513526;"04/11/16";"Sexta";"08:00:00";"PI";135;"380";"BOM JESUS";"Defeito na via";"Tombamento";"Sem Vítimas";"Pleno dia";"Decrescente";"Ceu Claro";"Simples";"Reta";"Rural";1;0;0;0;1;0;0;1
83513527;"06/11/16";"Domingo";"17:40:00";"PR";277;"342,5";"GUARAPUAVA";"Falta de atenção";"Atropelamento de pessoa";"Com Vítimas Feridas";"Pleno dia";"Decrescente";"Sol";"Dupla";"Curva";"Urbano";2;0;1;0;1;0;1;1
83513528;"06/11/16";"Domingo";"15:30:00";"PI";316;"0,3";"TERESINA";"Outras";"Saída de Pista";"Com Vítimas Feridas";"Pleno dia";"Decrescente";"Sol";"Simples";"Reta";"Urbano";3;0;1;2;0;0;3;1
83513529;"06/11/16";"Domingo";"15:45:00";"BA";101;"128";"TEODORO SAMPAIO";"Outras";"Colisão lateral";"Com Vítimas Feridas";"Pleno dia";"Decrescente";"Ceu Claro";"Simples";"Reta";"Rural";6;0;5;0;1;0;5;2
83513530;"06/11/16";"Domingo";"18:00:00";"MG";50;"129";"UBERABA";"Falta de atenção";"Saída de Pista";"Com Vítimas Feridas";"Pleno dia";"Decrescente";"Ceu Claro";"Dupla";"Reta";"Rural";2;0;1;0;1;0;1;1
83513531;"06/11/16";"Domingo";"16:50:00";"MT";174;"259,8";"PONTES E LACERDA";"Falta de atenção";"Queda de motocicleta / bicicleta / veículo";"Com Vítimas Feridas";"Pleno dia";"Crescente";"Ceu Claro";"Simples";"Reta";"Rural";1;0;1;0;0;0;1;1
83513532;"06/11/16";"Domingo";"16:30:00";"SP";381;"73";"SAO PAULO";"Velocidade incompatível";"Queda de motocicleta / bicicleta / veículo";"Com Vítimas Feridas";"Pleno dia";"Crescente";"Chuva";"Dupla";"Curva";"Urbano";1;0;0;1;0;0;1;1
83513533;"28/10/16";"Sexta";"18:00:00";"BA";116;"683,3";"JEQUIE";"Falta de atenção";"Tombamento";"Com Vítimas Feridas";"Anoitecer";"Decrescente";"Ceu Claro";"Simples";"Reta";"Rural";1;0;1;0;0;0;1;1
83513534;"02/11/16";"Quarta";"07:30:00";"RN";101;"82,9";"NATAL";"Falta de atenção";"Atropelamento de pessoa";"Com Vítimas Fatais";"Plena noite";"Decrescente";"Ceu Claro";"Dupla";"Reta";"Urbano";2;1;0;1;0;0;1;1
83513535;"06/11/16";"Domingo";"19:25:00";"RS";386;"343,8";"LAJEADO";"Não guardar distância de segurança";"Colisão traseira";"Sem Vítimas";"Anoitecer";"Crescente";"Ceu Claro";"Simples";"Reta";"Urbano";2;0;0;0;2;0;0;2
83513536;"06/11/16";"Domingo";"19:35:00";"RJ";393;"176";"TRES RIOS";"Outras";"Incêndio";"Ignorado";"Plena noite";"Crescente";"Nublado";"Simples";"Reta";"Urbano";1;0;0;0;0;1;0;1
83513537;"06/11/16";"Domingo";"11:50:00";"PI";343;"259,5";"CAMPO MAIOR";"Outras";"Colisão lateral";"Com Vítimas Feridas";"Pleno dia";"Crescente";"Sol";"Simples";"Curva";"Rural";4;0;1;2;1;0;3;2
83513538;"06/11/16";"Domingo";"16:40:00";"GO";40;"94,9";"CRISTALINA";"Desobediência à sinalização";"Colisão Transversal";"Com Vítimas Feridas";"Pleno dia";"Crescente";"Nublado";"Simples";"Reta";"Urbano";5;0;3;0;2;0;3;2
83513539;"06/11/16";"Domingo";"16:45:00";"BA";110;"58";"JEREMOABO";"Outras";"Saída de Pista";"Sem Vítimas";"Pleno dia";"Decrescente";"Chuva";"Simples";"Curva";"Rural";4;0;0;0;4;0;0;1
83513540;"06/11/16";"Domingo";"19:10:00";"SC";101;"18";"JOINVILLE";"Defeito mecânico em veículo";"Incêndio";"Sem Vítimas";"Pleno dia";"Crescente";"Ceu Claro";"Dupla";"Reta";"Rural";1;0;0;0;1;0;0;1
83513541;"06/11/16";"Domingo";"17:00:00";"BA";101;"709,6";"EUNAPOLIS";"Falta de atenção";"Colisão Transversal";"Sem Vítimas";"Pleno dia";"Crescente";"Nublado";"Simples";"Reta";"Rural";2;0;0;0;2;0;0;2
83513542;"06/11/16";"Domingo";"17:40:00";"BA";116;"562,5";"NOVA ITARANA";"Falta de atenção";"Colisão com objeto fixo";"Sem Vítimas";"Anoitecer";"Crescente";"Nublado";"Simples";"Reta";"Rural";1;0;0;0;1;0;0;1