"id";"data_inversa";"dia_semana";"horario";"uf";"br";"km";"municipio";"causa_acidente";"tipo_acidente";"classificacao_acidente";"fase_dia";"sentido_via";"condicao_metereologica";"tipo_pista";"tracado_via";"uso_solo";"pessoas";"mortos";"feridos_leves";"feridos_graves";"ilesos";"ignorados";"feridos";"veiculos"
83513543;"06/11/16";"Domingo";"20:20:00";"SC";280;"141";"RIO NEGRINHO";"Não guardar distância de segurança";"Colisão traseira";"Com Vítimas Feridas";"Plena noite";"Decrescente";"Nublado";"Simples";"Reta";"Rural";2;0;1;0;0;1;1;2
83513544;"06/11/16";"Domingo";"18:30:00";"SC";101;"431";"SOMBRIO";"Velocidade incompatível";"Colisão traseira";"Com Vítimas Feridas";"Pleno dia";"Decrescente";"Ceu Claro";"Dupla";"Reta";"Rural";3;0;2;0;0;1;2;2
83513545;"06/11/16";"Domingo";"12:35:00";"RN";101;"31";"RIO DO FOGO";"Defeito mecânico em veículo";"Incêndio";"Sem Vítimas";"Pleno dia";"Decrescente";"Sol";"Simples";"Reta";"Rural";1;0;0;0;1;0;0;1
83513546;"04/11/16";"Sexta";"20:00:00";"RS";116;"560,3";"PEDRO OSORIO";"Animais na Pista";"Tombamento";"Sem Vítimas";"Anoitecer";"Decrescente";"Ceu Claro";"Simples";"Reta";"Rural";2;0;0;0;2;0;0;1
83513547;"06/11/16";"Domingo";"19:15:00";"SP";381;"75";"SAO PAULO";"Outras";"Capotamento";"Com Vítimas Feridas";"Anoitecer";"Decrescente";"Chuva";"Dupla";"Curva";"Rural";1;0;1;0;0;0;1;1
83513548;"06/11/16";"Domingo";"16:15:00";"ES";262;"115";"CONCEICAO DO CASTELO";"Desobediência à sinalização";"Colisão Transversal";"Com Vítimas Feridas";"Pleno dia";"Crescente";"Nublado";"Simples";"Cruzamento";"Rural";3;0;2;0;0;1;2;2
83513549;"06/11/16";"Domingo";"16:30:00";"MT";364;"278";"JACIARA";"Outras";"Saída de Pista";"Sem Vítimas";"Pleno dia";"Decrescente";"Chuva";"Simples";"Curva";"Rural";1;0;0;0;1;0;0;1
83513550;"03/11/16";"Quinta";"03:00:00";"MG";381;"941,4";"EXTREMA";"Velocidade incompatível";"Tombamento";"Sem Vítimas";"Plena noite";"Decrescente";"Chuva";"Dupla";"Curva";"Rural";1;0;0;0;1;0;0;1
83513551;"28/10/16";"Sexta";"18:00:00";"MA";135;"7";"SAO LUIS";"Não guardar distância de segurança";"Colisão traseira";"Sem Vítimas";"Pleno dia";"Crescente";"Ceu Claro";"Dupla";"Reta";"Urbano";2;0;0;0;2;0;0;2
83513552;"06/11/16";"Domingo";"17:30:00";"MG";381;"349";"JOAO MONLEVADE";"Falta de atenção";"Saída de Pista";"Sem Vítimas";"Pleno dia";"Crescente";"Ceu Claro";"Simples";"Reta";"Rural";1;0;0;0;1;0;0;1
83513553;"06/11/16";"Domingo";"21:10:00";"RS";101;"85,6";"OSORIO";"Falta de atenção";"Atropelamento de pessoa";"Com Vítimas Feridas";"Plena noite";"Crescente";"Ceu Claro";"Dupla";"Reta";"Urbano";2;0;2;0;0;0;2;1
83513554;"06/11/16";"Domingo";"20:00:00";"PR";476;"124";"CURITIBA";"Falta de atenção";"Colisão lateral";"Com Vítimas Feridas";"Anoitecer";"Crescente";"Nublado";"Dupla";"Reta";"Urbano";3;0;1;0;1;1;1;2
83513555;"28/10/16";"Sexta";"17:30:00";"SP";116;"210";"GUARULHOS";"Desobediência à sinalização";"Colisão com bicicleta";"Com Vítimas Feridas";"Anoitecer";"Decrescente";"Ceu Claro";"Múltipla";"Reta";"Urbano";2;0;2;0;0;0;2;2
83513556;"06/11/16";"Domingo";"10:25:00";"MG";381;"389";"SAO GONCALO DO RIO ABAIXO";"Outras";"Queda de motocicleta / bicicleta / veículo";"Com Vítimas Feridas";"Pleno dia";"Decrescente";"Ceu Claro";"Simples";"Reta";"Urbano";1;0;0;1;0;0;1;1
83513557;"25/04/16";"Segunda";"17:50:00";"SC";282;"337,8";"CAMPOS NOVOS";"Desobediência à sinalização";"Colisão traseira";"Com Vítimas Feridas";"Anoitecer";"Decrescente";"Ceu Claro";"Simples";"Reta";"Urbano";2;0;1;0;1;0;1;2
83513558;"06/11/16";"Domingo";"17:30:00";"RO";364;"680";"CANDEIAS DO JAMARI";"Ingestão de álcool";"Colisão lateral";"Sem Vítimas";"Anoitecer";"Decrescente";"Chuva";"Simples";"Reta";"Rural";3;0;0;0;3;0;0;2
83513559;"06/11/16";"Domingo";"19:50:00";"GO";60;"189,9";"GUAPO";"Outras";"Colisão traseira";"Com Vítimas Feridas";"Anoitecer";"Decrescente";"Ceu Claro";"Dupla";"Reta";"Urbano";2;0;0;1;0;1;1;2
83513560;"06/11/16";"Domingo";"13:00:00";"MG";116;"408,6";"GOVERNADOR VALADARES";"Falta de atenção";"Colisão com bicicleta";"Com Vítimas Feridas";"Pleno dia";"Crescente";"Sol";"Simples";"Cruzamento";"Urbano";2;0;0;1;1;0;1;2
83513562;"06/11/16";"Domingo";"20:15:00";"ES";101;"297";"CARIACICA";"Defeito mecânico em veículo";"Incêndio";"Sem Vítimas";"Plena noite";"Decrescente";"Nublado";"Dupla";"Reta";"Urbano";1;0;0;0;1;0;0;1
83513563;"06/11/16";"Domingo";"14:35:00";"RS";116;"28,3";"VACARIA";"Falta de atenção";"Colisão traseira";"Com Vítimas Feridas";"Pleno dia";"Decrescente";"Sol";"Simples";"Reta";"Rural";3;0;1;1;1;0;2;2
83513564;"06/11/16";"Domingo";"21:45:00";"RS";392;"51";"RIO GRANDE";"Animais na Pista";"Atropelamento de animal";"Sem Vítimas";"Plena noite";"Decrescente";"Ceu Claro";"Dupla";"Reta";"Rural";1;0;0;0;1;0;0;1
83513565;"02/11/16";"Quarta";"08:00:00";"MG";365;"617";"UBERLANDIA";"Ingestão de álcool";"Colisão lateral";"Com Vítimas Feridas";"Pleno dia";"Crescente";"Sol";"Simples";"Reta";"Rural";6;0;4;0;2;0;4;2
83513566;"03/11/16";"Quinta";"15:00:00";"SP";116;"386";"MIRACATU";"Outras";"Tombamento";"Sem Vítimas";"Pleno dia";"Crescente";"Chuva";"Dupla";"Curva";"Rural";1;0;0;0;1;0;0;1
83513567;"06/11/16";"Domingo";"20:50:00";"MG";381;"860";"POUSO ALEGRE";"Outras";"Tombamento";"Com Vítimas Feridas";"Plena noite";"Decrescente";"Chuva";"Dupla";"Curva";"Rural";1;0;1;0;0;0;1;1
83513568;"06/11/16";"Domingo";"19:50:00";"PR";369;"185";"ARAPONGAS";"Ingestão de álcool";"Colisão traseira";"Com Vítimas Feridas";"Anoitecer";"Crescente";"Nublado";"Simples";"Cruzamento";"Urbano";5;0;2;0;3;0;2;2
83513569;"06/11/16";"Domingo";"22:00:00";"SC";101;"154";"PORTO BELO";"Outras";"Saída de Pista";"Com Vítimas Feridas";"Plena noite";"Decrescente";"Ceu Claro";"Dupla";"Reta";"Rural";2;0;0;2;0;0;2;1
83513570;"06/11/16";"Domingo";"21:00:00";"RJ";465;"16";"SEROPEDICA";"Outras";"Saída de Pista";"Ignorado";"Plena noite";"Crescente";"Ceu Claro";"Simples";"Curva";"Urbano";1;0;0;0;0;1;0;1
83513571;"06/11/16";"Domingo";"18:40:00";"PE";424;"86";"GARANHUNS";"Ingestão de álcool";"Colisão Transversal";"Com Vítimas Feridas";"Plena noite";"Decrescente";"Ceu Claro";"Simples";"Cruzamento";"Rural";3;0;0;1;1;1;1;2
83513572;"06/11/16";"Domingo";"19:15:00";"RJ";40;"106";"DUQUE DE CAXIAS";"Outras";"Colisão lateral";"Sem Vítimas";"Anoitecer";"Decrescente";"Nublado";"Dupla";"Reta";"Urbano";5;0;0;0;4;1;0;3
83513573;"06/11/16";"Domingo";"21:50:00";"PR";376;"3";"APUCARANA";"Outras";"Colisão com objeto fixo";"Ignorado";"Plena noite";"Decrescente";"Ceu Claro";"Dupla";"Curva";"Urbano";1;0;0;0;0;1;0;1
83513574;"06/11/16";"Domingo";"16:30:00";"RS";153;"53";"ERECHIM";"Falta de atenção";"Saída de Pista";"Sem Vítimas";"Pleno dia";"Decrescente";"Sol";"Múltipla";"Reta";"Rural";1;0;0;0;1;0;0;1
83513576;"17/10/16";"Segunda";"20:10:00";"RJ";116;"193";"QUEIMADOS";"Outras";"Atropelamento de pessoa";"Com Vítimas Fatais";"Plena noite";"Crescente";"Ceu Claro";"Dupla";"Reta";"Urbano";2;1;0;0;0;1;0;1
83513577;"06/11/16";"Domingo";"08:25:00";"PE";232;"6,5";"RECIFE";"Ingestão de álcool";"Colisão traseira";"Com Vítimas Feridas";"Pleno dia";"Decrescente";"Chuva";"Dupla";"Reta";"Urbano";5;0;1;0;4;0;1;2
83513578;"06/11/16";"Domingo";"16:30:00";"GO";414;"438";"ANAPOLIS";"Desobediência à sinalização";"Colisão Transversal";"Com Vítimas Feridas";"Pleno dia";"Decrescente";"Nublado";"Simples";"Reta";"Urbano";5;0;2;2;1;0;4;2
83513579;"06/11/16";"Domingo";"19:40:00";"RS";153;"11,8";"SEVERIANO DE ALMEIDA";"Falta de atenção";"Colisão lateral";"Com Vítimas Feridas";"Anoitecer";"Decrescente";"Ceu Claro";"Simples";"Reta";"Rural";2;0;0;1;1;0;1;2
83513580;"06/11/16";"Domingo";"17:00:00";"RO";364;"792";"PORTO VELHO";"Outras";"Saída de Pista";"Com Vítimas Feridas";"Pleno dia";"Decrescente";"Chuva";"Simples";"Curva";"Rural";4;0;1;0;3;0;1;1
83513581;"06/11/16";"Domingo";"09:45:00";"SC";282;"78";"RANCHO QUEIMADO";"Falta de atenção";"Colisão traseira";"Sem Vítimas";"Plena noite";"Crescente";"Nublado";"Simples";"Curva";"Rural";2;0;0;0;2;0;0;2
83513582;"06/11/16";"Domingo";"06:30:00";"MS";267;"428,7";"MARACAJU";"Falta de atenção";"Colisão traseira";"Com Vítimas Feridas";"Pleno dia";"Crescente";"Ceu Claro";"Simples";"Reta";"Rural";5;0;4;0;1;0;4;2
83513584;"06/11/16";"Domingo";"21:00:00";"RJ";101;"414";"MANGARATIBA";"Defeito mecânico em veículo";"Colisão lateral";"Sem Vítimas";"Plena noite";"Crescente";"Ceu Claro";"Simples";"Reta";"Urbano";2;0;0;0;2;0;0;2
83513585;"06/11/16";"Domingo";"20:00:00";"PE";424;"30";"VENTUROSA";"Outras";"Colisão Transversal";"Sem Vítimas";"Plena noite";"Decrescente";"Vento";"Simples";"Reta";"Urbano";4;0;0;0;2;2;0;2
83513586;"06/11/16";"Domingo";"19:00:00";"PE";232;"185,4";"BELO JARDIM";"Outras";"Colisão traseira";"Com Vítimas Feridas";"Plena noite";"Crescente";"Nublado";"Simples";"Reta";"Rural";6;0;3;0;0;3;3;2
83513587;"05/11/16";"Sábado";"10:00:00";"RO";364;"480";"ARIQUEMES";"Outras";"Colisão frontal";"Com Vítimas Fatais";"Pleno dia";"Decrescente";"Sol";"Simples";"Reta";"Rural";2;1;0;0;1;0;0;2
83513588;"06/11/16";"Domingo";"21:20:00";"AL";104;"37";"UNIAO DOS PALMARES";"Animais na Pista";"Atropelamento de animal";"Sem Vítimas";"Plena noite";"Crescente";"Ceu Claro";"Simples";"Reta";"Rural";1;0;0;0;1;0;0;1
83513589;"06/11/16";"Domingo";"21:20:00";"PR";158;"496";"PATO BRANCO";"Falta de atenção";"Colisão frontal";"Com Vítimas Feridas";"Plena noite";"Decrescente";"Ceu Claro";"Simples";"Reta";"Rural";2;0;0;1;1;0;1;2
83513590;"06/11/16";"Domingo";"18:30:00";"RS";116;"118,5";"SAO MARCOS";"Falta de atenção";"Capotamento";"Com Vítimas Feridas";"Pleno dia";"Decrescente";"Sol";"Simples";"Curva";"Rural";1;0;1;0;0;0;1;1
83513591;"06/11/16";"Domingo";"23:30:00";"PR";476;"128";"CURITIBA";"Ingestão de álcool";"Capotamento";"Sem Vítimas";"Plena noite";"Decrescente";"Ceu Claro";"Dupla";"Reta";"Urbano";2;0;0;0;1;1;0;1
83513595;"06/11/16";"Domingo";"22:50:00";"SC";282;"568,3";"NOVA ERECHIM";"Ingestão de álcool";"Saída de Pista";"Com Vítimas Feridas";"Plena noite";"Decrescente";"Ceu Claro";"Simples";"Reta";"Urbano";2;0;2;0;0;0;2;1
83513596;"06/11/16";"Domingo";"23:20:00";"SP";116;"293,5";"ITAPECERICA DA SERRA";"Defeito mecânico em veículo";"Colisão Transversal";"Sem Vítimas";"Plena noite";"Crescente";"Nublado";"Dupla";"Reta";"Rural";2;0;0;0;2;0;0;2
83513597;"07/11/16";"Segunda";"00:15:00";"AL";101;"135";"SAO MIGUEL DOS CAMPOS";"Animais na Pista";"Atropelamento de animal";"Sem Vítimas";"Plena noite";"Decrescente";"Ceu Claro";"Simples";"Reta";"Urbano";1;0;0;0;1;0;0;1
83513599;"06/11/16";"Domingo";"20:05:00";"RO";364;"224";"PIMENTA BUENO";"Outras";"Colisão traseira";"Sem Vítimas";"Plena noite";"Decrescente";"Ceu Claro";"Simples";"Reta";"Rural";2;0;0;0;2;0;0;2
83513600;"06/11/16";"Domingo";"15:50:00";"SC";470;"96";"APIUNA";"Defeito mecânico em veículo";"Saída de Pista";"Com Vítimas Feridas";"Pleno dia";"Decrescente";"Ceu Claro";"Simples";"Reta";"Urbano";2;0;1;0;1;0;1;1
83513601;"30/10/16";"Domingo";"06:00:00";"PA";316;"248";"CACHOEIRA DO PIRIA";"Outras";"Colisão com objeto móvel";"Com Vítimas Fatais";"Amanhecer";"Crescente";"Ceu Claro";"Simples";"Reta";"Rural";3;1;0;0;0;2;0;2
83513602;"06/11/16";"Domingo";"19:00:00";"SC";101;"93";"BARRA VELHA";"Velocidade incompatível";"Saída de Pista";"Sem Vítimas";"Anoitecer";"Decrescente";"Nublado";"Dupla";"Curva";"Rural";1;0;0;0;1;0;0;1
83513603;"01/11/16";"Terça";"20:00:00";"SE";101;"125,3";"ITAPORANGA DAJUDA";"Outras";"Colisão com objeto fixo";"Com Vítimas Feridas";"Plena noite";"Decrescente";"Ceu Claro";"Dupla";"Reta";"Rural";1;0;0;1;0;0;1;1
83513604;"07/11/16";"Segunda";"01:35:00";"PR";116;"117";"FAZENDA RIO GRANDE";"Outras";"Colisão com objeto fixo";"Com Vítimas Feridas";"Plena noite";"Crescente";"Ceu Claro";"Dupla";"Reta";"Urbano";1;0;1;0;0;0;1;1
83513605;"06/11/16";"Domingo";"15:00:00";"MA";226;"226";"TUNTUM";"Dormindo";"Saída de Pista";"Com Vítimas Feridas";"Pleno dia";"Decrescente";"Ceu Claro";"Simples";"Curva";"Rural";1;0;1;0;0;0;1;1
83513606;"07/11/16";"Segunda";"01:30:00";"PR";369;"235";"JANDAIA DO SUL";"Outras";"Colisão frontal";"Com Vítimas Feridas";"Plena noite";"Decrescente";"Ceu Claro";"Simples";"Reta";"Rural";3;0;1;0;2;0;1;2
83513607;"06/11/16";"Domingo";"16:20:00";"TO";153;"770,6";"ALVORADA";"Defeito na via";"Saída de Pista";"Com Vítimas Feridas";"Pleno dia";"Decrescente";"Ceu Claro";"Simples";"Reta";"Rural";1;0;1;0;0;0;1;1
83513608;"03/11/16";"Quinta";"07:30:00";"RS";116;"142";"CAXIAS DO SUL";"Desobediência à sinalização";"Colisão traseira";"Sem Vítimas";"Pleno dia";"Crescente";"Sol";"Dupla";"Reta";"Urbano";2;0;0;0;2;0;0;2
83513609;"06/11/16";"Domingo";"18:15:00";"MG";381;"510";"SAO JOAQUIM DE BICAS";"Falta de atenção";"Capotamento";"Sem Vítimas";"Pleno dia";"Decrescente";"Ceu Claro";"Dupla";"Reta";"Urbano";1;0;0;0;1;0;0;1
83513610;"06/11/16";"Domingo";"22:10:00";"BA";116;"817,6";"VITORIA DA CONQUISTA";"Não guardar distância de segurança";"Colisão traseira";"Sem Vítimas";"Plena noite";"Crescente";"Nublado";"Simples";"Reta";"Urbano";2;0;0;0;2;0;0;2
83513611;"06/11/16";"Domingo";"20:50:00";"AL";104;"64";"MURICI";"Animais na Pista";"Atropelamento de animal";"Com Vítimas Feridas";"Plena noite";"Crescente";"Nublado";"Simples";"Reta";"Rural";2;0;1;0;1;0;1;1
83513612;"06/11/16";"Domingo";"23:20:00";"MG";381;"459";"BELO HORIZONTE";"Outras";"Colisão traseira";"Com Vítimas Feridas";"Plena noite";"Crescente";"Nublado";"Dupla";"Reta";"Urbano";3;0;0;1;2;0;1;2
83513613;"02/11/16";"Quarta";"13:10:00";"PA";230;"622";"ALTAMIRA";"Velocidade incompatível";"Saída de Pista";"Com Vítimas Feridas";"Pleno dia";"Crescente";"Ceu Claro";"Simples";"Reta";"Rural";2;0;1;1;0;0;2;1
83513616;"07/11/16";"Segunda";"04:20:00";"SC";101;"202,9";"SAO JOSE";"Ingestão de álcool";"Colisão com objeto fixo";"Com Vítimas Feridas";"Plena noite";"Decrescente";"Ceu Claro";"Dupla";"Reta";"Urbano";1;0;1;0;0;0;1;1
83513617;"07/11/16";"Segunda";"00:30:00";"GO";50;"277,7";"CATALAO";"Outras";"Colisão com objeto fixo";"Ignorado";"Plena noite";"Crescente";"Ignorada";"Simples";"Reta";"Urbano";1;0;0;0;0;1;0;1
83513618;"06/11/16";"Domingo";"19:20:00";"AL";316;"252,9";"PILAR";"Ingestão de álcool";"Queda de motocicleta / bicicleta / veículo";"Com Vítimas Feridas";"Plena noite";"Decrescente";"Ceu Claro";"Simples";"Reta";"Urbano";2;0;1;0;0;1;1;1
83513619;"06/11/16";"Domingo";"22:15:00";"PR";277;"116";"CAMPO LARGO";"Ingestão de álcool";"Saída de Pista";"Com Vítimas Feridas";"Plena noite";"Decrescente";"Ceu Claro";"Dupla";"Reta";"Urbano";1;0;1;0;0;0;1;1
83513620;"06/11/16";"Domingo";"23:10:00";"PI";343;"3,4";"TERESINA";"Outras";"Colisão lateral";"Sem Vítimas";"Plena noite";"Decrescente";"Ceu Claro";"Múltipla";"Reta";"Urbano";2;0;0;0;2;0;0;2
83513621;"06/11/16";"Domingo";"23:40:00";"RJ";40;"53";"PETROPOLIS";"Velocidade incompatível";"Queda de motocicleta / bicicleta / veículo";"Com Vítimas Feridas";"Plena noite";"Crescente";"Nublado";"Simples";"Curva";"Urbano";2;0;2;0;0;0;2;1
83513622;"06/11/16";"Domingo";"18:00:00";"CE";116;"5";"FORTALEZA";"Falta de atenção";"Colisão traseira";"Sem Vítimas";"Anoitecer";"Decrescente";"Ceu Claro";"Múltipla";"Reta";"Urbano";4;0;0;0;4;0;0;4
83513623;"06/11/16";"Domingo";"19:10:00";"RS";472;"588";"URUGUAIANA";"Defeito mecânico em veículo";"Saída de Pista";"Ignorado";"Pleno dia";"Crescente";"Ceu Claro";"Simples";"Curva";"Rural";1;0;0;0;0;1;0;1
83513624;"06/11/16";"Domingo";"16:20:00";"MS";267;"141,5";"NOVA ANDRADINA";"Defeito na via";"Queda de motocicleta / bicicleta / veículo";"Com Vítimas Feridas";"Pleno dia";"Crescente";"Ceu Claro";"Simples";"Reta";"Rural";1;0;1;0;0;0;1;1
83513625;"06/11/16";"Domingo";"22:55:00";"GO";60;"61";"ABADIANIA";"Não guardar distância de segurança";"Colisão traseira";"Com Vítimas Feridas";"Plena noite";"Decrescente";"Nublado";"Dupla";"Reta";"Urbano";2;0;1;0;1;0;1;2
83513626;"06/11/16";"Domingo";"20:05:00";"BA";101;"758,5";"ITABELA";"Outras";"Colisão com objeto fixo";"Com Vítimas Feridas";"Plena noite";"Decrescente";"Chuva";"Simples";"Reta";"Rural";3;0;1;0;2;0;1;2
83513627;"07/11/16";"Segunda";"05:00:00";"RJ";101;"312";"SAO GONCALO";"Outras";"Colisão com objeto fixo";"Com Vítimas Feridas";"Amanhecer";"Crescente";"Ceu Claro";"Dupla";"Reta";"Urbano";1;0;1;0;0;0;1;1
83513628;"06/11/16";"Domingo";"23:30:00";"MG";381;"374,5";"SAO GONCALO DO RIO ABAIXO";"Ultrapassagem indevida";"Colisão frontal";"Com Vítimas Feridas";"Plena noite";"Crescente";"Nublado";"Simples";"Reta";"Rural";3;0;1;2;0;0;3;2
83513629;"07/11/16";"Segunda";"00:55:00";"PR";376;"590,9";"CURITIBA";"Velocidade incompatível";"Colisão traseira";"Sem Vítimas";"Plena noite";"Decrescente";"Ceu Claro";"Dupla";"Reta";"Urbano";2;0;0;0;1;1;0;2
83513630;"06/11/16";"Domingo";"20:15:00";"RJ";116;"274,6";"BARRA MANSA";"Desobediência à sinalização";"Colisão lateral";"Sem Vítimas";"Plena noite";"Decrescente";"Nublado";"Simples";"Cruzamento";"Urbano";2;0;0;0;2;0;0;2
83513631;"06/11/16";"Domingo";"19:10:00";"GO";20;"192,8";"SIMOLANDIA";"Falta de atenção";"Atropelamento de animal";"Com Vítimas Feridas";"Anoitecer";"Crescente";"Ceu Claro";"Simples";"Reta";"Rural";2;0;0;1;1;0;1;1
83513632;"03/11/16";"Quinta";"21:00:00";"SC";101;"201";"SAO JOSE";"Falta de atenção";"Colisão lateral";"Com Vítimas Feridas";"Plena noite";"Crescente";"Nublado";"Dupla";"Reta";"Urbano";2;0;1;0;1;0;1;2
83513633;"06/11/16";"Domingo";"19:40:00";"MG";381;"561,1";"ITAGUARA";"Velocidade incompatível";"Capotamento";"Com Vítimas Fatais";"Plena noite";"Crescente";"Ceu Claro";"Dupla";"Curva";"Rural";1;1;0;0;0;0;0;1
83513634;"06/11/16";"Domingo";"00:30:00";"PE";101;"180";"PALMARES";"Outras";"Saída de Pista";"Com Vítimas Feridas";"Plena noite";"Crescente";"Ceu Claro";"Dupla";"Reta";"Rural";1;0;1;0;0;0;1;1
83513635;"07/11/16";"Segunda";"00:15:00";"BA";116;"910,1";"ENCRUZILHADA";"Velocidade incompatível";"Colisão traseira";"Sem Vítimas";"Plena noite";"Decrescente";"Nublado";"Simples";"Curva";"Rural";2;0;0;0;2;0;0;2
83513636;"06/11/16";"Domingo";"19:30:00";"BA";110;"344";"ALAGOINHAS";"Outras";"Capotamento";"Com Vítimas Feridas";"Plena noite";"Crescente";"Ceu Claro";"Simples";"Curva";"Rural";2;0;1;0;0;1;1;2
83513637;"06/11/16";"Domingo";"13:45:00";"MG";381;"501";"BETIM";"Outras";"Capotamento";"Com Vítimas Feridas";"Pleno dia";"Decrescente";"Ceu Claro";"Dupla";"Reta";"Rural";2;0;2;0;0;0;2;1
83513638;"07/11/16";"Segunda";"06:00:00";"DF";20;"17";"BRASILIA";"Outras";"Saída de Pista";"Ignorado";"Plena noite";"Crescente";"Ignorada";"Dupla";"Reta";"Rural";1;0;0;0;0;1;0;1
83513639;"03/11/16";"Quinta";"19:50:00";"PE";101;"71";"RECIFE";"Desobediência à sinalização";"Colisão Transversal";"Sem Vítimas";"Plena noite";"Crescente";"Ceu Claro";"Dupla";"Reta";"Urbano";2;0;0;0;2;0;0;2
83513640;"06/11/16";"Domingo";"16:55:00";"PE";232;"78";"GRAVATA";"Outras";"Colisão com objeto fixo";"Com Vítimas Fatais";"Pleno dia";"Crescente";"Ceu Claro";"Simples";"Reta";"Urbano";1;1;0;0;0;0;0;1
83513641;"04/11/16";"Sexta";"16:15:00";"DF";20;"9";"BRASILIA";"Falta de atenção";"Colisão traseira";"Sem Vítimas";"Pleno dia";"Crescente";"Ceu Claro";"Dupla";"Reta";"Urbano";2;0;0;0;2;0;0;2
83513643;"03/11/16";"Quinta";"18:00:00";"PR";369;"510";"CASCAVEL";"Ingestão de álcool";"Saída de Pista";"Sem Vítimas";"Pleno dia";"Decrescente";"Sol";"Simples";"Reta";"Rural";1;0;0;0;1;0;0;1
83513644;"04/11/16";"Sexta";"06:30:00";"MG";381;"483,5";"CONTAGEM";"Falta de atenção";"Colisão lateral";"Com Vítimas Feridas";"Amanhecer";"Decrescente";"Ceu Claro";"Múltipla";"Reta";"Urbano";2;0;1;0;1;0;1;2
83513645;"07/11/16";"Segunda";"07:40:00";"RS";386;"292,1";"POUSO NOVO";"Não guardar distância de segurança";"Colisão traseira";"Sem Vítimas";"Pleno dia";"Crescente";"Sol";"Simples";"Reta";"Rural";2;0;0;0;2;0;0;2
83513646;"04/11/16";"Sexta";"05:00:00";"MG";116;"754,4";"LEOPOLDINA";"Dormindo";"Saída de Pista";"Com Vítimas Feridas";"Plena noite";"Crescente";"Nublado";"Simples";"Curva";"Rural";1;0;1;0;0;0;1;1
83513647;"05/10/16";"Quarta";"14:20:00";"PR";158;"205,8";"PEABIRU";"Ultrapassagem indevida";"Colisão lateral";"Com Vítimas Feridas";"Pleno dia";"Decrescente";"Sol";"Dupla";"Reta";"Rural";2;0;0;1;1;0;1;2
83513648;"04/11/16";"Sexta";"01:15:00";"PR";116;"140";"MANDIRITUBA";"Animais na Pista";"Atropelamento de animal";"Com Vítimas Feridas";"Plena noite";"Decrescente";"Nublado";"Simples";"Reta";"Urbano";1;0;1;0;0;0;1;1
83513649;"06/11/16";"Domingo";"04:20:00";"GO";70;"1";"AGUAS LINDAS DE GOIAS";"Dormindo";"Saída de Pista";"Com Vítimas Feridas";"Plena noite";"Crescente";"Nublado";"Dupla";"Curva";"Rural";3;0;3;0;0;0;3;1
83513650;"07/11/16";"Segunda";"06:20:00";"CE";222;"20,1";"CAUCAIA";"Defeito na via";"Tombamento";"Com Vítimas Feridas";"Pleno dia";"Decrescente";"Sol";"Simples";"Cruzamento";"Rural";2;0;0;2;0;0;2;1
83513651;"07/11/16";"Segunda";"00:20:00";"PE";232;"105";"BEZERROS";"Falta de atenção";"Saída de Pista";"Ignorado";"Plena noite";"Crescente";"Ceu Claro";"Dupla";"Reta";"Rural";1;0;0;0;0;1;0;1
83513653;"21/10/16";"Sexta";"11:35:00";"SC";101;"207,7";"SAO JOSE";"Não guardar distância de segurança";"Colisão traseira";"Com Vítimas Feridas";"Pleno dia";"Decrescente";"Ignorada";"Dupla";"Reta";"Urbano";2;0;1;0;1;0;1;2
83513654;"03/11/16";"Quinta";"19:15:00";"RS";116;"480,8";"TURUCU";"Outras";"Colisão Transversal";"Sem Vítimas";"Pleno dia";"Crescente";"Ceu Claro";"Simples";"Reta";"Urbano";2;0;0;0;2;0;0;2
83513655;"06/11/16";"Domingo";"12:00:00";"PE";101;"108";"CABO DE SANTO AGOSTINHO";"Velocidade incompatível";"Saída de Pista";"Com Vítimas Feridas";"Pleno dia";"Crescente";"Chuva";"Dupla";"Curva";"Rural";2;0;2;0;0;0;2;1
83513656;"04/11/16";"Sexta";"01:50:00";"PR";158;"3";"CAMPO MOURAO";"Não guardar distância de segurança";"Colisão traseira";"Com Vítimas Feridas";"Plena noite";"Crescente";"Ceu Claro";"Simples";"Reta";"Urbano";2;0;1;0;1;0;1;2
83513657;"07/11/16";"Segunda";"00:30:00";"AL";101;"164";"CAMPO ALEGRE";"Ingestão de álcool";"Saída de Pista";"Sem Vítimas";"Plena noite";"Crescente";"Ceu Claro";"Dupla";"Curva";"Rural";3;0;0;0;3;0;0;1
83513659;"03/11/16";"Quinta";"07:30:00";"RS";290;"175,5";"BUTIA";"Animais na Pista";"Atropelamento de animal";"Com Vítimas Feridas";"Pleno dia";"Decrescente";"Sol";"Simples";"Reta";"Urbano";2;0;2;0;0;0;2;1
83513660;"02/11/16";"Quarta";"19:40:00";"GO";70;"3";"AGUAS LINDAS DE GOIAS";"Falta de atenção";"Colisão traseira";"Sem Vítimas";"Plena noite";"Crescente";"Chuva";"Dupla";"Reta";"Urbano";5;0;0;0;4;1;0;3
83513661;"07/11/16";"Segunda";"08:20:00";"RS";101;"68,5";"OSORIO";"Ingestão de álcool";"Capotamento";"Com Vítimas Feridas";"Pleno dia";"Decrescente";"Sol";"Dupla";"Reta";"Rural";1;0;1;0;0;0;1;1