"id";"data_inversa";"dia_semana";"horario";"uf";"br";"km";"municipio";"causa_acidente";"tipo_acidente";"classificacao_acidente";"fase_dia";"sentido_via";"condicao_metereologica";"tipo_pista";"tracado_via";"uso_solo";"pessoas";"mortos";"feridos_leves";"feridos_graves";"ilesos";"ignorados";"feridos";"veiculos"
83513662;"07/11/16";"Segunda";"07:10:00";"PR";376;"178,3";"MARINGA";"Falta de atenção";"Colisão com bicicleta";"Com Vítimas Feridas";"Pleno dia";"Decrescente";"Ceu Claro";"Dupla";"Cruzamento";"Urbano";2;0;0;1;1;0;1;2
83513664;"07/11/16";"Segunda";"08:00:00";"MT";364;"247,9";"JUSCIMEIRA";"Outras";"Colisão frontal";"Com Vítimas Feridas";"Pleno dia";"Decrescente";"Ceu Claro";"Simples";"Reta";"Rural";2;0;0;1;1;0;1;2
83513665;"04/11/16";"Sexta";"16:20:00";"RN";110;"47,2";"MOSSORO";"Falta de atenção";"Colisão traseira";"Com Vítimas Feridas";"Pleno dia";"Crescente";"Ceu Claro";"Simples";"Cruzamento";"Urbano";3;0;1;0;2;0;1;2
83513666;"07/11/16";"Segunda";"08:19:00";"MG";40;"299";"TRES MARIAS";"Velocidade incompatível";"Capotamento";"Com Vítimas Feridas";"Amanhecer";"Decrescente";"Chuva";"Simples";"Curva";"Rural";4;0;4;0;0;0;4;1
83513667;"03/11/16";"Quinta";"22:10:00";"ES";101;"263,1";"SERRA";"Ultrapassagem indevida";"Colisão lateral";"Com Vítimas Feridas";"Plena noite";"Decrescente";"Ceu Claro";"Dupla";"Reta";"Urbano";2;0;1;0;0;1;1;2
83513668;"03/11/16";"Quinta";"06:30:00";"PR";476;"138";"CURITIBA";"Falta de atenção";"Colisão traseira";"Sem Vítimas";"Pleno dia";"Decrescente";"Nublado";"Dupla";"Reta";"Urbano";3;0;0;0;3;0;0;3
83513669;"07/11/16";"Segunda";"05:50:00";"CE";20;"303";"CANINDE";"Falta de atenção";"Colisão lateral";"Com Vítimas Feridas";"Amanhecer";"Decrescente";"Ceu Claro";"Simples";"Reta";"Urbano";2;0;0;1;1;0;1;2
83513670;"03/11/16";"Quinta";"23:00:00";"MG";381;"730,8";"CARMO DA CACHOEIRA";"Falta de atenção";"Colisão traseira";"Sem Vítimas";"Plena noite";"Crescente";"Nublado";"Dupla";"Curva";"Rural";2;0;0;0;2;0;0;2
83513671;"01/11/16";"Terça";"08:00:00";"SP";116;"223";"GUARULHOS";"Outras";"Queda de motocicleta / bicicleta / veículo";"Com Vítimas Feridas";"Pleno dia";"Crescente";"Ceu Claro";"Múltipla";"Reta";"Urbano";3;0;2;0;1;0;2;2
83513672;"07/11/16";"Segunda";"08:30:00";"SC";470;"140,2";"RIO DO SUL";"Outras";"Colisão com objeto fixo";"Com Vítimas Feridas";"Pleno dia";"Crescente";"Nublado";"Simples";"Reta";"Urbano";1;0;1;0;0;0;1;1
83513673;"07/11/16";"Segunda";"09:00:00";"PR";277;"81,6";"CURITIBA";"Não guardar distância de segurança";"Colisão traseira";"Com Vítimas Feridas";"Pleno dia";"Crescente";"Sol";"Dupla";"Reta";"Urbano";3;0;2;0;1;0;2;2
83513674;"18/10/16";"Terça";"11:30:00";"RN";406;"20";"MACAU";"Dormindo";"Capotamento";"Com Vítimas Fatais";"Pleno dia";"Crescente";"Sol";"Simples";"Reta";"Rural";4;1;1;2;0;0;3;1
83513675;"03/11/16";"Quinta";"18:30:00";"RJ";116;"105";"GUAPIMIRIM";"Falta de atenção";"Colisão com objeto fixo";"Com Vítimas Fatais";"Anoitecer";"Decrescente";"Chuva";"Dupla";"Curva";"Rural";2;2;0;0;0;0;0;1
83513676;"03/11/16";"Quinta";"22:00:00";"PE";101;"45";"IGARASSU";"Defeito na via";"Colisão com objeto fixo";"Sem Vítimas";"Plena noite";"Decrescente";"Ceu Claro";"Múltipla";"Reta";"Urbano";1;0;0;0;1;0;0;1
83513677;"07/11/16";"Segunda";"07:45:00";"PR";277;"129,5";"BALSA NOVA";"Velocidade incompatível";"Colisão com objeto fixo";"Sem Vítimas";"Pleno dia";"Decrescente";"Ceu Claro";"Simples";"Curva";"Rural";1;0;0;0;1;0;0;1
83513679;"04/11/16";"Sexta";"15:50:00";"AL";416;"47,3";"IBATEGUARA";"Velocidade incompatível";"Saída de Pista";"Com Vítimas Fatais";"Pleno dia";"Decrescente";"Ceu Claro";"Simples";"Curva";"Rural";1;1;0;0;0;0;0;1
83513680;"03/11/16";"Quinta";"21:10:00";"RJ";493;"22";"MAGE";"Falta de atenção";"Atropelamento de pessoa";"Com Vítimas Feridas";"Plena noite";"Crescente";"Ceu Claro";"Simples";"Reta";"Rural";2;0;1;0;1;0;1;1
83513681;"06/11/16";"Domingo";"15:20:00";"PE";116;"34,8";"SALGUEIRO";"Defeito mecânico em veículo";"Incêndio";"Sem Vítimas";"Pleno dia";"Decrescente";"Ceu Claro";"Simples";"Reta";"Rural";2;0;0;0;2;0;0;1
83513682;"07/11/16";"Segunda";"04:50:00";"PE";408;"63";"CARPINA";"Outras";"Colisão Transversal";"Com Vítimas Feridas";"Amanhecer";"Crescente";"Ceu Claro";"Simples";"Reta";"Urbano";7;0;2;4;1;0;6;2
83513683;"22/10/16";"Sábado";"20:00:00";"SC";101;"122";"ITAJAI";"Defeito na via";"Queda de motocicleta / bicicleta / veículo";"Com Vítimas Feridas";"Plena noite";"Crescente";"Nublado";"Dupla";"Reta";"Urbano";1;0;1;0;0;0;1;1
83513684;"25/09/16";"Domingo";"07:00:00";"PE";116;"41";"SALGUEIRO";"Outras";"Queda de motocicleta / bicicleta / veículo";"Com Vítimas Fatais";"Pleno dia";"Crescente";"Ceu Claro";"Simples";"Curva";"Rural";1;1;0;0;0;0;0;1
83513690;"07/11/16";"Segunda";"06:00:00";"RN";406;"150,7";"CEARA-MIRIM";"Falta de atenção";"Atropelamento de pessoa";"Com Vítimas Feridas";"Amanhecer";"Crescente";"Nublado";"Simples";"Reta";"Urbano";2;0;0;1;1;0;1;1
83513694;"07/11/16";"Segunda";"10:40:00";"RJ";116;"283";"BARRA MANSA";"Falta de atenção";"Colisão traseira";"Sem Vítimas";"Pleno dia";"Crescente";"Ceu Claro";"Dupla";"Reta";"Rural";2;0;0;0;2;0;0;2
83513695;"07/11/16";"Segunda";"09:40:00";"MS";163;"482";"CAMPO GRANDE";"Falta de atenção";"Colisão lateral";"Com Vítimas Feridas";"Pleno dia";"Decrescente";"Ceu Claro";"Simples";"Reta";"Urbano";2;0;0;1;1;0;1;2
83513696;"04/11/16";"Sexta";"21:15:00";"MG";381;"508,3";"SAO JOAQUIM DE BICAS";"Ingestão de álcool";"Colisão traseira";"Com Vítimas Fatais";"Plena noite";"Crescente";"Chuva";"Dupla";"Curva";"Urbano";9;1;2;0;6;0;2;6
83513697;"04/11/16";"Sexta";"05:20:00";"MG";40;"462,3";"SETE LAGOAS";"Velocidade incompatível";"Colisão lateral";"Sem Vítimas";"Plena noite";"Crescente";"Nublado";"Dupla";"Curva";"Rural";2;0;0;0;2;0;0;2
83513698;"05/11/16";"Sábado";"06:15:00";"PR";376;"156,6";"MANDAGUACU";"Outras";"Colisão com objeto fixo";"Com Vítimas Feridas";"Amanhecer";"Crescente";"Ceu Claro";"Dupla";"Curva";"Urbano";1;0;0;1;0;0;1;1
83513699;"07/11/16";"Segunda";"09:40:00";"GO";50;"270,7";"CATALAO";"Defeito mecânico em veículo";"Tombamento";"Com Vítimas Feridas";"Pleno dia";"Crescente";"Sol";"Simples";"Reta";"Rural";1;0;1;0;0;0;1;1
83513700;"04/11/16";"Sexta";"18:20:00";"RN";304;"61,9";"MOSSORO";"Outras";"Colisão Transversal";"Com Vítimas Feridas";"Plena noite";"Crescente";"Ceu Claro";"Simples";"Reta";"Rural";3;0;2;0;0;1;2;2
83513701;"07/11/16";"Segunda";"10:50:00";"SC";101;"39,4";"JOINVILLE";"Não guardar distância de segurança";"Colisão lateral";"Com Vítimas Feridas";"Pleno dia";"Crescente";"Nublado";"Dupla";"Curva";"Urbano";4;0;1;0;3;0;1;2
83513702;"07/11/16";"Segunda";"07:20:00";"MG";40;"469,9";"SETE LAGOAS";"Animais na Pista";"Atropelamento de animal";"Sem Vítimas";"Pleno dia";"Decrescente";"Nublado";"Dupla";"Reta";"Rural";1;0;0;0;1;0;0;1
83513703;"03/11/16";"Quinta";"12:55:00";"SP";153;"62,5";"SAO JOSE DO RIO PRETO";"Falta de atenção";"Colisão traseira";"Com Vítimas Feridas";"Pleno dia";"Crescente";"Sol";"Dupla";"Reta";"Urbano";4;0;1;0;3;0;1;3
83513704;"07/11/16";"Segunda";"07:30:00";"SC";101;"330,7";"TUBARAO";"Defeito mecânico em veículo";"Colisão com objeto fixo";"Com Vítimas Feridas";"Pleno dia";"Crescente";"Ceu Claro";"Dupla";"Reta";"Urbano";1;0;1;0;0;0;1;1
83513705;"07/11/16";"Segunda";"08:00:00";"ES";101;"297,9";"VIANA";"Outras";"Colisão lateral";"Sem Vítimas";"Pleno dia";"Decrescente";"Nublado";"Dupla";"Reta";"Urbano";2;0;0;0;2;0;0;2
83513706;"05/11/16";"Sábado";"22:50:00";"BA";242;"677";"IBOTIRAMA";"Outras";"Atropelamento de pessoa";"Com Vítimas Fatais";"Plena noite";"Crescente";"Ceu Claro";"Simples";"Reta";"Rural";2;1;0;0;0;1;0;1
83513707;"27/09/16";"Terça";"16:00:00";"MG";365;"254";"BURITIZEIRO";"Outras";"Capotamento";"Com Vítimas Feridas";"Pleno dia";"Crescente";"Chuva";"Dupla";"Curva";"Rural";2;0;2;0;0;0;2;1
83513708;"07/11/16";"Segunda";"08:45:00";"PR";376;"5,2";"APUCARANA";"Ingestão de álcool";"Colisão traseira";"Sem Vítimas";"Pleno dia";"Decrescente";"Ceu Claro";"Dupla";"Reta";"Urbano";2;0;0;0;1;1;0;2
83513709;"03/11/16";"Quinta";"18:00:00";"PE";104;"61";"CARUARU";"Animais na Pista";"Capotamento";"Com Vítimas Feridas";"Anoitecer";"Crescente";"Ceu Claro";"Dupla";"Reta";"Urbano";2;0;2;0;0;0;2;1
83513710;"07/11/16";"Segunda";"10:15:00";"PE";101;"50";"ABREU E LIMA";"Falta de atenção";"Colisão Transversal";"Com Vítimas Feridas";"Amanhecer";"Crescente";"Ceu Claro";"Múltipla";"Reta";"Urbano";2;0;1;0;0;1;1;2
83513711;"05/11/16";"Sábado";"20:20:00";"DF";70;"12";"BRASILIA";"Outras";"Capotamento";"Com Vítimas Feridas";"Anoitecer";"Crescente";"Ceu Claro";"Dupla";"Reta";"Rural";2;0;1;0;1;0;1;1
83513712;"07/11/16";"Segunda";"11:50:00";"BA";101;"264";"SANTO ANTONIO DE JESUS";"Falta de atenção";"Colisão Transversal";"Sem Vítimas";"Pleno dia";"Decrescente";"Nublado";"Simples";"Reta";"Rural";2;0;0;0;2;0;0;2
83513713;"05/11/16";"Sábado";"05:50:00";"SP";381;"83,9";"SAO PAULO";"Velocidade incompatível";"Colisão com objeto fixo";"Com Vítimas Feridas";"Amanhecer";"Decrescente";"Sol";"Múltipla";"Reta";"Urbano";1;0;0;1;0;0;1;1
83513714;"07/11/16";"Segunda";"12:00:00";"ES";262;"2,4";"CARIACICA";"Velocidade incompatível";"Colisão traseira";"Com Vítimas Feridas";"Pleno dia";"Crescente";"Chuva";"Dupla";"Cruzamento";"Urbano";3;0;1;0;2;0;1;3
83513715;"03/11/16";"Quinta";"14:30:00";"RJ";393;"243,4";"VASSOURAS";"Outras";"Colisão frontal";"Sem Vítimas";"Plena noite";"Decrescente";"Chuva";"Simples";"Curva";"Rural";2;0;0;0;2;0;0;2
83513716;"07/11/16";"Segunda";"10:15:00";"MG";40;"599";"OURO PRETO";"Velocidade incompatível";"Tombamento";"Sem Vítimas";"Pleno dia";"Crescente";"Ceu Claro";"Simples";"Curva";"Rural";1;0;0;0;1;0;0;1
83513718;"29/10/16";"Sábado";"07:40:00";"DF";70;"10";"BRASILIA";"Outras";"Colisão traseira";"Com Vítimas Feridas";"Pleno dia";"Decrescente";"Nublado";"Dupla";"Reta";"Urbano";2;0;1;0;1;0;1;2
83513719;"07/11/16";"Segunda";"07:50:00";"PR";163;"156";"SANTA LUCIA";"Outras";"Capotamento";"Sem Vítimas";"Pleno dia";"Decrescente";"Ceu Claro";"Simples";"Curva";"Rural";1;0;0;0;1;0;0;1
83513720;"07/11/16";"Segunda";"13:20:00";"ES";101;"148,9";"LINHARES";"Falta de atenção";"Colisão lateral";"Com Vítimas Feridas";"Pleno dia";"Decrescente";"Chuva";"Múltipla";"Reta";"Urbano";3;0;1;0;2;0;1;3
83513721;"07/11/16";"Segunda";"07:50:00";"RJ";101;"500";"ANGRA DOS REIS";"Falta de atenção";"Colisão Transversal";"Com Vítimas Feridas";"Pleno dia";"Decrescente";"Ceu Claro";"Simples";"Reta";"Rural";2;0;1;1;0;0;2;2
83513722;"04/11/16";"Sexta";"19:00:00";"MT";163;"676";"LUCAS DO RIO VERDE";"Falta de atenção";"Saída de Pista";"Com Vítimas Feridas";"Anoitecer";"Crescente";"Chuva";"Simples";"Reta";"Rural";2;0;2;0;0;0;2;1
83513724;"07/11/16";"Segunda";"07:30:00";"PB";101;"12,6";"MAMANGUAPE";"Outras";"Saída de Pista";"Sem Vítimas";"Pleno dia";"Decrescente";"Chuva";"Dupla";"Curva";"Rural";1;0;0;0;1;0;0;1
83513725;"07/11/16";"Segunda";"11:40:00";"ES";101;"280,3";"SERRA";"Outras";"Capotamento";"Sem Vítimas";"Pleno dia";"Crescente";"Chuva";"Dupla";"Curva";"Urbano";1;0;0;0;1;0;0;1
83513726;"24/09/16";"Sábado";"06:20:00";"BA";324;"594";"CANDEIAS";"Defeito mecânico em veículo";"Saída de Pista";"Sem Vítimas";"Amanhecer";"Decrescente";"Ceu Claro";"Dupla";"Reta";"Rural";1;0;0;0;1;0;0;1
83513727;"03/11/16";"Quinta";"18:15:00";"RS";287;"248";"SANTA MARIA";"Desobediência à sinalização";"Colisão Transversal";"Com Vítimas Feridas";"Pleno dia";"Crescente";"Ceu Claro";"Simples";"Reta";"Urbano";3;0;2;0;1;0;2;2
83513728;"07/11/16";"Segunda";"10:45:00";"RS";470;"213";"BENTO GONCALVES";"Falta de atenção";"Colisão Transversal";"Com Vítimas Feridas";"Pleno dia";"Decrescente";"Ceu Claro";"Simples";"Reta";"Urbano";3;0;2;0;1;0;2;2
83513729;"07/11/16";"Segunda";"10:40:00";"PE";428;"190,4";"PETROLINA";"Não guardar distância de segurança";"Colisão traseira";"Com Vítimas Feridas";"Pleno dia";"Decrescente";"Sol";"Simples";"Reta";"Urbano";2;0;1;0;1;0;1;2
83513730;"07/11/16";"Segunda";"07:20:00";"CE";116;"2";"FORTALEZA";"Não guardar distância de segurança";"Colisão traseira";"Sem Vítimas";"Pleno dia";"Decrescente";"Ceu Claro";"Dupla";"Reta";"Urbano";4;0;0;0;2;2;0;4
83513731;"06/11/16";"Domingo";"21:30:00";"GO";364;"136";"APARECIDA DO RIO DOCE";"Ingestão de álcool";"Atropelamento de animal";"Com Vítimas Feridas";"Plena noite";"Crescente";"Ceu Claro";"Simples";"Reta";"Rural";1;0;1;0;0;0;1;1
83513732;"30/10/16";"Domingo";"06:30:00";"BA";242;"297";"ANDARAI";"Outras";"Saída de Pista";"Sem Vítimas";"Amanhecer";"Decrescente";"Ceu Claro";"Simples";"Curva";"Rural";1;0;0;0;1;0;0;1
83513733;"04/11/16";"Sexta";"19:30:00";"PE";232;"65";"GRAVATA";"Falta de atenção";"Saída de Pista";"Sem Vítimas";"Plena noite";"Decrescente";"Ceu Claro";"Dupla";"Curva";"Rural";1;0;0;0;1;0;0;1
83513734;"07/11/16";"Segunda";"08:40:00";"RJ";101;"394";"RIO DE JANEIRO";"Outras";"Colisão traseira";"Com Vítimas Feridas";"Pleno dia";"Crescente";"Nublado";"Dupla";"Reta";"Urbano";2;0;1;0;1;0;1;2
83513735;"07/11/16";"Segunda";"08:58:00";"RO";319;"62";"PORTO VELHO";"Falta de atenção";"Colisão lateral";"Sem Vítimas";"Pleno dia";"Crescente";"Ceu Claro";"Simples";"Cruzamento";"Urbano";2;0;0;0;2;0;0;2
83513736;"03/11/16";"Quinta";"22:30:00";"DF";80;"3";"BRASILIA";"Outras";"Atropelamento de animal";"Com Vítimas Feridas";"Plena noite";"Crescente";"Ceu Claro";"Simples";"Reta";"Rural";2;0;1;0;1;0;1;1
83513737;"07/11/16";"Segunda";"07:45:00";"MG";40;"633,5";"CONSELHEIRO LAFAIETE";"Falta de atenção";"Colisão Transversal";"Com Vítimas Feridas";"Pleno dia";"Crescente";"Nublado";"Simples";"Reta";"Urbano";2;0;1;0;1;0;1;2
83513738;"07/11/16";"Segunda";"13:45:00";"SC";101;"132,9";"BALNEARIO CAMBORIU";"Falta de atenção";"Colisão lateral";"Com Vítimas Feridas";"Pleno dia";"Crescente";"Nublado";"Simples";"Reta";"Urbano";4;0;2;0;1;1;2;3
83513739;"07/11/16";"Segunda";"08:10:00";"RO";364;"16";"VILHENA";"Não guardar distância de segurança";"Colisão traseira";"Com Vítimas Feridas";"Plena noite";"Decrescente";"Ceu Claro";"Dupla";"Reta";"Urbano";3;0;1;0;2;0;1;2
83513740;"22/10/16";"Sábado";"17:40:00";"PE";101;"58";"PAULISTA";"Outras";"Queda de motocicleta / bicicleta / veículo";"Com Vítimas Feridas";"Pleno dia";"Decrescente";"Sol";"Dupla";"Reta";"Rural";2;0;0;1;0;1;1;1
83513741;"07/11/16";"Segunda";"14:50:00";"RJ";40;"103,8";"DUQUE DE CAXIAS";"Falta de atenção";"Colisão traseira";"Sem Vítimas";"Pleno dia";"Decrescente";"Ceu Claro";"Múltipla";"Reta";"Urbano";2;0;0;0;2;0;0;2
83513742;"28/10/16";"Sexta";"07:30:00";"PB";101;"96,1";"ALHANDRA";"Falta de atenção";"Colisão lateral";"Com Vítimas Feridas";"Pleno dia";"Crescente";"Sol";"Dupla";"Reta";"Urbano";2;0;1;0;1;0;1;2
83513743;"07/11/16";"Segunda";"10:30:00";"PB";101;"30";"MAMANGUAPE";"Falta de atenção";"Colisão traseira";"Sem Vítimas";"Plena noite";"Crescente";"Ceu Claro";"Dupla";"Cruzamento";"Rural";2;0;0;0;2;0;0;2
83513744;"07/11/16";"Segunda";"07:45:00";"RJ";493;"7,5";"ITABORAI";"Outras";"Saída de Pista";"Com Vítimas Feridas";"Pleno dia";"Crescente";"Ceu Claro";"Simples";"Reta";"Rural";1;0;0;1;0;0;1;1
83513745;"07/11/16";"Segunda";"14:50:00";"SP";381;"53,9";"MAIRIPORA";"Falta de atenção";"Tombamento";"Sem Vítimas";"Pleno dia";"Crescente";"Ceu Claro";"Dupla";"Reta";"Rural";1;0;0;0;1;0;0;1
83513746;"07/11/16";"Segunda";"07:40:00";"CE";116;"11";"FORTALEZA";"Não guardar distância de segurança";"Colisão traseira";"Com Vítimas Feridas";"Pleno dia";"Crescente";"Ceu Claro";"Dupla";"Reta";"Urbano";2;0;1;0;1;0;1;2
83513747;"07/11/16";"Segunda";"13:30:00";"MG";262;"597";"CAMPOS ALTOS";"Velocidade incompatível";"Colisão frontal";"Com Vítimas Feridas";"Pleno dia";"Crescente";"Chuva";"Simples";"Curva";"Rural";2;0;1;0;1;0;1;2
83513749;"03/11/16";"Quinta";"18:50:00";"RO";364;"13";"VILHENA";"Ingestão de álcool";"Colisão lateral";"Com Vítimas Feridas";"Anoitecer";"Crescente";"Ceu Claro";"Dupla";"Reta";"Urbano";2;0;1;0;1;0;1;2
83513750;"07/11/16";"Segunda";"15:50:00";"PR";277;"729";"FOZ DO IGUACU";"Falta de atenção";"Colisão traseira";"Sem Vítimas";"Pleno dia";"Crescente";"Sol";"Simples";"Reta";"Urbano";2;0;0;0;2;0;0;2
83513751;"03/11/16";"Quinta";"19:00:00";"MG";365;"402,5";"PATOS DE MINAS";"Outras";"Colisão frontal";"Com Vítimas Feridas";"Plena noite";"Decrescente";"Chuva";"Simples";"Reta";"Rural";6;0;6;0;0;0;6;2
83513752;"06/11/16";"Domingo";"02:00:00";"MG";50;"83,8";"ARAGUARI";"Velocidade incompatível";"Saída de Pista";"Com Vítimas Feridas";"Plena noite";"Decrescente";"Ceu Claro";"Simples";"Cruzamento";"Rural";1;0;0;1;0;0;1;1
83513753;"07/11/16";"Segunda";"07:45:00";"SC";101;"216";"PALHOCA";"Falta de atenção";"Colisão traseira";"Com Vítimas Feridas";"Pleno dia";"Decrescente";"Sol";"Dupla";"Reta";"Urbano";3;0;1;0;2;0;1;3
83513755;"07/11/16";"Segunda";"07:00:00";"PB";230;"33";"BAYEUX";"Não guardar distância de segurança";"Colisão traseira";"Com Vítimas Feridas";"Pleno dia";"Decrescente";"Sol";"Dupla";"Reta";"Urbano";2;0;1;0;1;0;1;2
83513756;"30/10/16";"Domingo";"18:00:00";"PE";101;"149";"RIBEIRAO";"Ingestão de álcool";"Colisão frontal";"Com Vítimas Feridas";"Plena noite";"Decrescente";"Ceu Claro";"Simples";"Reta";"Urbano";2;0;0;1;1;0;1;2
83513757;"29/09/16";"Quinta";"05:15:00";"PE";101;"67,4";"RECIFE";"Não guardar distância de segurança";"Colisão traseira";"Sem Vítimas";"Pleno dia";"Decrescente";"Sol";"Dupla";"Reta";"Urbano";2;0;0;0;2;0;0;2
83513758;"07/11/16";"Segunda";"09:00:00";"ES";101;"1,7";"PEDRO CANARIO";"Defeito mecânico em veículo";"Danos Eventuais";"Com Vítimas Feridas";"Pleno dia";"Crescente";"Chuva";"Simples";"Curva";"Rural";2;0;1;1;0;0;2;1
83513759;"07/11/16";"Segunda";"14:10:00";"PR";153;"335";"IRATI";"Falta de atenção";"Colisão traseira";"Com Vítimas Feridas";"Pleno dia";"Crescente";"Ceu Claro";"Simples";"Reta";"Urbano";2;0;1;0;1;0;1;2
83513760;"07/11/16";"Segunda";"14:00:00";"GO";70;"1";"AGUAS LINDAS DE GOIAS";"Outras";"Colisão lateral";"Com Vítimas Feridas";"Pleno dia";"Crescente";"Nublado";"Dupla";"Curva";"Rural";4;0;3;0;1;0;3;2
83513761;"07/11/16";"Segunda";"13:40:00";"ES";262;"57,1";"MARECHAL FLORIANO";"Outras";"Colisão frontal";"Com Vítimas Feridas";"Pleno dia";"Crescente";"Chuva";"Simples";"Curva";"Rural";3;0;2;0;1;0;2;2
83513762;"07/01/16";"Quinta";"13:30:00";"AL";104;"93,7";"RIO LARGO";"Falta de atenção";"Colisão lateral";"Com Vítimas Feridas";"Pleno dia";"Decrescente";"Ceu Claro";"Dupla";"Reta";"Urbano";3;0;2;0;1;0;2;2
83513763;"07/11/16";"Segunda";"14:50:00";"GO";60;"445";"JATAI";"Defeito mecânico em veículo";"Capotamento";"Com Vítimas Feridas";"Pleno dia";"Decrescente";"Ceu Claro";"Dupla";"Reta";"Rural";3;0;2;0;1;0;2;1
83513764;"14/10/16";"Sexta";"10:00:00";"RN";101;"100";"PARNAMIRIM";"Falta de atenção";"Colisão lateral";"Com Vítimas Feridas";"Pleno dia";"Decrescente";"Ceu Claro";"Dupla";"Reta";"Urbano";2;0;1;0;1;0;1;2
83513765;"07/11/16";"Segunda";"13:15:00";"PR";163;"0";"BARRACAO";"Desobediência à sinalização";"Colisão Transversal";"Sem Vítimas";"Plena noite";"Crescente";"Ceu Claro";"Simples";"Cruzamento";"Rural";2;0;0;0;2;0;0;2
83513766;"07/11/16";"Segunda";"11:00:00";"SC";470;"99,7";"APIUNA";"Falta de atenção";"Atropelamento de pessoa";"Com Vítimas Feridas";"Pleno dia";"Decrescente";"Ceu Claro";"Simples";"Reta";"Urbano";2;0;1;0;1;0;1;1
83513767;"03/11/16";"Quinta";"17:35:00";"RJ";116;"80,5";"TERESOPOLIS";"Outras";"Colisão frontal";"Com Vítimas Fatais";"Pleno dia";"Decrescente";"Chuva";"Simples";"Reta";"Urbano";2;1;0;0;1;0;0;2
83513768;"03/11/16";"Quinta";"19:10:00";"MG";50;"178,8";"UBERABA";"Falta de atenção";"Tombamento";"Com Vítimas Feridas";"Plena noite";"Crescente";"Chuva";"Dupla";"Reta";"Urbano";1;0;1;0;0;0;1;1
83513769;"07/11/16";"Segunda";"11:15:00";"ES";262;"4,5";"CARIACICA";"Não guardar distância de segurança";"Colisão traseira";"Com Vítimas Feridas";"Pleno dia";"Decrescente";"Chuva";"Múltipla";"Reta";"Urbano";4;0;1;0;3;0;1;2
83513770;"07/11/16";"Segunda";"14:40:00";"GO";452;"71,5";"MAURILANDIA";"Outras";"Colisão frontal";"Com Vítimas Feridas";"Pleno dia";"Crescente";"Sol";"Simples";"Reta";"Rural";4;0;2;0;2;0;2;2
83513771;"07/11/16";"Segunda";"16:00:00";"PR";476;"131";"CURITIBA";"Falta de atenção";"Colisão traseira";"Com Vítimas Feridas";"Pleno dia";"Decrescente";"Ceu Claro";"Dupla";"Reta";"Urbano";2;0;1;0;1;0;1;2
83513772;"07/11/16";"Segunda";"16:20:00";"MG";365;"710";"MONTE ALEGRE DE MINAS";"Ultrapassagem indevida";"Colisão frontal";"Com Vítimas Feridas";"Pleno dia";"Crescente";"Ceu Claro";"Simples";"Reta";"Rural";2;0;0;1;1;0;1;2
83513773;"07/11/16";"Segunda";"15:00:00";"MT";163;"45";"ITIQUIRA";"Falta de atenção";"Saída de Pista";"Com Vítimas Feridas";"Pleno dia";"Crescente";"Chuva";"Dupla";"Reta";"Rural";2;0;1;0;1;0;1;1
83513774;"02/11/16";"Quarta";"16:30:00";"RJ";101;"48";"CAMPOS DOS GOYTACAZES";"Falta de atenção";"Colisão lateral";"Com Vítimas Feridas";"Pleno dia";"Crescente";"Ceu Claro";"Simples";"Reta";"Rural";2;0;1;0;0;1;1;2
83513775;"17/06/16";"Sexta";"18:00:00";"RJ";116;"240";"PIRAI";"Outras";"Saída de Pista";"Com Vítimas Feridas";"Anoitecer";"Decrescente";"Ceu Claro";"Dupla";"Curva";"Rural";3;0;0;1;1;1;1;2
83513776;"07/11/16";"Segunda";"09:20:00";"SP";116;"456,6";"REGISTRO";"Defeito mecânico em veículo";"Colisão lateral";"Sem Vítimas";"Pleno dia";"Decrescente";"Sol";"Dupla";"Reta";"Rural";3;0;0;0;3;0;0;2
83513777;"07/11/16";"Segunda";"14:50:00";"PE";101;"77";"RECIFE";"Outras";"Colisão com objeto fixo";"Com Vítimas Feridas";"Pleno dia";"Crescente";"Ceu Claro";"Dupla";"Reta";"Urbano";2;0;1;0;1;0;1;1
83513778;"07/11/16";"Segunda";"09:00:00";"RJ";101;"69,5";"CAMPOS DOS GOYTACAZES";"Não guardar distância de segurança";"Colisão com objeto fixo";"Sem Vítimas";"Pleno dia";"Decrescente";"Ceu Claro";"Simples";"Reta";"Rural";1;0;0;0;1;0;0;1
83513779;"14/10/16";"Sexta";"17:00:00";"MG";40;"803,4";"MATIAS BARBOSA";"Velocidade incompatível";"Colisão traseira";"Com Vítimas Feridas";"Anoitecer";"Crescente";"Chuva";"Dupla";"Reta";"Rural";5;0;2;1;2;0;3;2
83513780;"07/11/16";"Segunda";"00:10:00";"GO";153;"525";"HIDROLANDIA";"Ingestão de álcool";"Queda de motocicleta / bicicleta / veículo";"Com Vítimas Feridas";"Plena noite";"Decrescente";"Ceu Claro";"Dupla";"Reta";"Rural";1;0;1;0;0;0;1;1
83513781;"07/11/16";"Segunda";"15:15:00";"MG";365;"18,3";"MONTES CLAROS";"Velocidade incompatível";"Capotamento";"Com Vítimas Feridas";"Pleno dia";"Decrescente";"Chuva";"Simples";"Curva";"Rural";3;0;3;0;0;0;3;1
83513783;"07/11/16";"Segunda";"16:50:00";"SP";116;"397,5";"MIRACATU";"Velocidade incompatível";"Colisão traseira";"Sem Vítimas";"Pleno dia";"Crescente";"Sol";"Dupla";"Reta";"Rural";3;0;0;0;2;1;0;3