"id";"data_inversa";"dia_semana";"horario";"uf";"br";"km";"municipio";"causa_acidente";"tipo_acidente";"classificacao_acidente";"fase_dia";"sentido_via";"condicao_metereologica";"tipo_pista";"tracado_via";"uso_solo";"pessoas";"mortos";"feridos_leves";"feridos_graves";"ilesos";"ignorados";"feridos";"veiculos"
83513784;"07/11/16";"Segunda";"08:55:00";"MG";116;"277";"TEOFILO OTONI";"Falta de atenção";"Colisão Transversal";"Sem Vítimas";"Pleno dia";"Crescente";"Sol";"Dupla";"Reta";"Urbano";2;0;0;0;2;0;0;2
83513785;"30/10/16";"Domingo";"13:30:00";"MG";50;"203";"DELTA";"Ingestão de álcool";"Colisão traseira";"Sem Vítimas";"Pleno dia";"Crescente";"Ceu Claro";"Dupla";"Reta";"Rural";2;0;0;0;1;1;0;2
83513786;"06/11/16";"Domingo";"18:45:00";"PE";116;"54,7";"SALGUEIRO";"Falta de atenção";"Colisão Transversal";"Com Vítimas Fatais";"Plena noite";"Crescente";"Ceu Claro";"Simples";"Reta";"Rural";5;2;0;2;1;0;2;2
83513787;"06/11/16";"Domingo";"19:30:00";"GO";153;"508,5";"APARECIDA DE GOIANIA";"Ingestão de álcool";"Queda de motocicleta / bicicleta / veículo";"Com Vítimas Feridas";"Plena noite";"Crescente";"Ceu Claro";"Dupla";"Curva";"Urbano";1;0;0;1;0;0;1;1
83513789;"07/11/16";"Segunda";"17:30:00";"SP";153;"294,1";"OCAUCU";"Falta de atenção";"Capotamento";"Sem Vítimas";"Pleno dia";"Decrescente";"Nublado";"Simples";"Reta";"Rural";2;0;0;0;2;0;0;1
83513791;"07/11/16";"Segunda";"12:15:00";"MG";262;"607,7";"CAMPOS ALTOS";"Velocidade incompatível";"Capotamento";"Com Vítimas Feridas";"Pleno dia";"Crescente";"Chuva";"Simples";"Curva";"Rural";1;0;1;0;0;0;1;1
83513792;"04/11/16";"Sexta";"01:20:00";"MG";153;"58";"MONTE ALEGRE DE MINAS";"Defeito mecânico em veículo";"Saída de Pista";"Sem Vítimas";"Plena noite";"Crescente";"Nublado";"Dupla";"Curva";"Rural";1;0;0;0;1;0;0;1
83513793;"07/11/16";"Segunda";"16:00:00";"SC";280;"189";"MAFRA";"Dormindo";"Colisão com objeto fixo";"Sem Vítimas";"Pleno dia";"Decrescente";"Sol";"Simples";"Reta";"Rural";1;0;0;0;1;0;0;1
83513794;"07/11/16";"Segunda";"17:55:00";"PR";376;"615,5";"SAO JOSE DOS PINHAIS";"Velocidade incompatível";"Saída de Pista";"Sem Vítimas";"Pleno dia";"Decrescente";"Ceu Claro";"Dupla";"Curva";"Rural";1;0;0;0;1;0;0;1
83513795;"07/11/16";"Segunda";"18:05:00";"SC";470;"59";"BLUMENAU";"Desobediência à sinalização";"Colisão Transversal";"Com Vítimas Feridas";"Pleno dia";"Decrescente";"Sol";"Simples";"Reta";"Urbano";2;0;1;0;1;0;1;2
83513796;"07/11/16";"Segunda";"16:00:00";"RJ";40;"92";"PETROPOLIS";"Outras";"Tombamento";"Com Vítimas Feridas";"Pleno dia";"Crescente";"Nublado";"Simples";"Curva";"Rural";1;0;1;0;0;0;1;1
83513797;"07/11/16";"Segunda";"17:20:00";"MG";40;"445,1";"PARAOPEBA";"Falta de atenção";"Saída de Pista";"Com Vítimas Feridas";"Pleno dia";"Decrescente";"Ceu Claro";"Dupla";"Reta";"Rural";2;0;0;1;1;0;1;1
83513798;"07/11/16";"Segunda";"12:00:00";"ES";101;"280,3";"SERRA";"Outras";"Capotamento";"Com Vítimas Feridas";"Pleno dia";"Crescente";"Ceu Claro";"Dupla";"Curva";"Urbano";1;0;0;1;0;0;1;1
83513799;"07/11/16";"Segunda";"18:00:00";"RJ";40;"93";"PETROPOLIS";"Velocidade incompatível";"Colisão com objeto fixo";"Com Vítimas Feridas";"Pleno dia";"Decrescente";"Chuva";"Simples";"Curva";"Rural";1;0;1;0;0;0;1;1
83513800;"07/11/16";"Segunda";"07:00:00";"SP";116;"146";"SAO JOSE DOS CAMPOS";"Falta de atenção";"Colisão traseira";"Com Vítimas Feridas";"Pleno dia";"Decrescente";"Nublado";"Simples";"Reta";"Urbano";4;0;1;0;3;0;1;4
83513802;"06/11/16";"Domingo";"21:30:00";"RO";364;"381";"OURO PRETO DO OESTE";"Ingestão de álcool";"Saída de Pista";"Sem Vítimas";"Plena noite";"Crescente";"Ceu Claro";"Simples";"Curva";"Rural";1;0;0;0;1;0;0;1
83513804;"07/11/16";"Segunda";"18:20:00";"ES";101;"148,7";"LINHARES";"Falta de atenção";"Colisão com objeto fixo";"Sem Vítimas";"Plena noite";"Decrescente";"Chuva";"Simples";"Cruzamento";"Urbano";1;0;0;0;1;0;0;1
83513805;"07/11/16";"Segunda";"07:00:00";"MA";10;"87";"ESTREITO";"Velocidade incompatível";"Saída de Pista";"Com Vítimas Feridas";"Amanhecer";"Crescente";"Chuva";"Simples";"Reta";"Rural";1;0;1;0;0;0;1;1
83513806;"07/11/16";"Segunda";"17:30:00";"SC";470;"149";"RIO DO SUL";"Falta de atenção";"Colisão frontal";"Com Vítimas Fatais";"Pleno dia";"Crescente";"Ceu Claro";"Simples";"Reta";"Urbano";3;1;0;0;1;1;0;3
83513807;"07/11/16";"Segunda";"15:30:00";"PR";116;"202";"RIO NEGRO";"Falta de atenção";"Colisão Transversal";"Com Vítimas Feridas";"Pleno dia";"Crescente";"Ceu Claro";"Simples";"Curva";"Rural";2;0;1;0;1;0;1;2
83513808;"07/11/16";"Segunda";"17:30:00";"SP";116;"68,8";"APARECIDA";"Outras";"Colisão com objeto fixo";"Sem Vítimas";"Pleno dia";"Crescente";"Nublado";"Dupla";"Reta";"Urbano";1;0;0;0;1;0;0;1
83513809;"07/11/16";"Segunda";"15:10:00";"MG";381;"676";"PERDOES";"Outras";"Derramamento de Carga";"Com Vítimas Feridas";"Pleno dia";"Decrescente";"Sol";"Simples";"Reta";"Rural";2;0;1;0;1;0;1;1
83513810;"07/11/16";"Segunda";"12:00:00";"MT";70;"76,5";"GENERAL CARNEIRO";"Defeito mecânico em veículo";"Incêndio";"Sem Vítimas";"Pleno dia";"Crescente";"Ceu Claro";"Simples";"Reta";"Rural";1;0;0;0;1;0;0;1
83513811;"07/11/16";"Segunda";"15:40:00";"ES";101;"366,5";"ANCHIETA";"Falta de atenção";"Atropelamento de pessoa";"Com Vítimas Feridas";"Pleno dia";"Crescente";"Ceu Claro";"Simples";"Reta";"Rural";2;0;1;0;1;0;1;1
83513812;"07/11/16";"Segunda";"11:00:00";"RJ";393;"106";"SAPUCAIA";"Falta de atenção";"Colisão lateral";"Com Vítimas Feridas";"Pleno dia";"Decrescente";"Nublado";"Simples";"Cruzamento";"Urbano";3;0;1;0;1;1;1;3
83513813;"07/11/16";"Segunda";"18:20:00";"SC";101;"43,3";"JOINVILLE";"Outras";"Queda de motocicleta / bicicleta / veículo";"Com Vítimas Feridas";"Pleno dia";"Crescente";"Ceu Claro";"Dupla";"Reta";"Urbano";1;0;1;0;0;0;1;1
83513814;"07/11/16";"Segunda";"18:30:00";"PR";467;"112,3";"CASCAVEL";"Desobediência à sinalização";"Colisão Transversal";"Com Vítimas Feridas";"Pleno dia";"Decrescente";"Ceu Claro";"Simples";"Cruzamento";"Urbano";2;0;2;0;0;0;2;2
83513815;"07/11/16";"Segunda";"17:00:00";"PE";101;"50,5";"ABREU E LIMA";"Outras";"Atropelamento de pessoa";"Com Vítimas Feridas";"Anoitecer";"Crescente";"Ceu Claro";"Simples";"Reta";"Urbano";2;0;0;1;1;0;1;1
83513816;"07/11/16";"Segunda";"18:36:00";"PA";316;"3";"ANANINDEUA";"Ultrapassagem indevida";"Colisão lateral";"Com Vítimas Feridas";"Plena noite";"Crescente";"Nublado";"Dupla";"Reta";"Urbano";2;0;1;0;0;1;1;2
83513817;"07/11/16";"Segunda";"16:44:00";"MS";262;"375,8";"TERENOS";"Defeito mecânico em veículo";"Danos Eventuais";"Sem Vítimas";"Plena noite";"Crescente";"Nublado";"Simples";"Reta";"Rural";1;0;0;0;1;0;0;1
83513818;"07/11/16";"Segunda";"18:20:00";"SC";470;"8";"NAVEGANTES";"Desobediência à sinalização";"Colisão Transversal";"Com Vítimas Feridas";"Pleno dia";"Crescente";"Ceu Claro";"Simples";"Reta";"Urbano";3;0;3;0;0;0;3;2
83513819;"07/11/16";"Segunda";"08:30:00";"MG";381;"443";"SABARA";"Outras";"Colisão frontal";"Com Vítimas Feridas";"Pleno dia";"Crescente";"Chuva";"Simples";"Curva";"Rural";5;0;2;1;2;0;3;3
83513820;"07/11/16";"Segunda";"14:15:00";"MT";174;"297";"PONTES E LACERDA";"Defeito mecânico em veículo";"Colisão frontal";"Sem Vítimas";"Pleno dia";"Decrescente";"Ceu Claro";"Simples";"Reta";"Rural";2;0;0;0;2;0;0;2
83513821;"07/11/16";"Segunda";"18:00:00";"DF";60;"4";"BRASILIA";"Defeito na via";"Colisão traseira";"Com Vítimas Feridas";"Anoitecer";"Decrescente";"Nublado";"Dupla";"Reta";"Urbano";2;0;1;0;1;0;1;2
83513822;"07/11/16";"Segunda";"16:00:00";"MT";163;"757,8";"SORRISO";"Outras";"Queda de motocicleta / bicicleta / veículo";"Com Vítimas Feridas";"Pleno dia";"Crescente";"Nublado";"Dupla";"Reta";"Rural";2;0;2;0;0;0;2;1
83513823;"07/11/16";"Segunda";"13:00:00";"GO";153;"115";"SANTA TEREZA DE GOIAS";"Defeito mecânico em veículo";"Colisão com objeto fixo";"Com Vítimas Feridas";"Pleno dia";"Crescente";"Chuva";"Simples";"Reta";"Rural";1;0;0;1;0;0;1;1
83513824;"03/11/16";"Quinta";"19:15:00";"AC";364;"131";"RIO BRANCO";"Falta de atenção";"Colisão lateral";"Com Vítimas Feridas";"Plena noite";"Crescente";"Chuva";"Simples";"Reta";"Urbano";2;0;0;1;1;0;1;2
83513825;"07/11/16";"Segunda";"16:30:00";"PR";373;"261,9";"PRUDENTOPOLIS";"Velocidade incompatível";"Tombamento";"Sem Vítimas";"Pleno dia";"Decrescente";"Ceu Claro";"Simples";"Curva";"Rural";1;0;0;0;1;0;0;1
83513826;"03/11/16";"Quinta";"13:10:00";"MG";135;"511,5";"BUENOPOLIS";"Defeito mecânico em veículo";"Saída de Pista";"Sem Vítimas";"Pleno dia";"Decrescente";"Nublado";"Simples";"Reta";"Rural";1;0;0;0;1;0;0;1
83513827;"07/11/16";"Segunda";"16:00:00";"PB";230;"31,1";"BAYEUX";"Velocidade incompatível";"Tombamento";"Com Vítimas Feridas";"Pleno dia";"Decrescente";"Ceu Claro";"Dupla";"Reta";"Urbano";2;0;2;0;0;0;2;1
83513828;"07/11/16";"Segunda";"16:30:00";"GO";20;"228,7";"POSSE";"Outras";"Capotamento";"Com Vítimas Feridas";"Pleno dia";"Decrescente";"Chuva";"Simples";"Reta";"Rural";1;0;0;1;0;0;1;1
83513829;"03/11/16";"Quinta";"15:35:00";"MG";40;"660";"CARANDAI";"Outras";"Colisão frontal";"Com Vítimas Feridas";"Pleno dia";"Crescente";"Chuva";"Simples";"Curva";"Urbano";3;0;1;0;2;0;1;2
83513830;"07/11/16";"Segunda";"17:20:00";"SC";470;"59";"BLUMENAU";"Outras";"Danos Eventuais";"Com Vítimas Feridas";"Pleno dia";"Crescente";"Ceu Claro";"Simples";"Cruzamento";"Urbano";1;0;1;0;0;0;1;1
83513831;"07/11/16";"Segunda";"14:45:00";"RJ";40;"2,8";"COMENDADOR LEVY GASPARIAN";"Velocidade incompatível";"Saída de Pista";"Sem Vítimas";"Pleno dia";"Crescente";"Chuva";"Dupla";"Curva";"Rural";2;0;0;0;2;0;0;1
83513832;"07/11/16";"Segunda";"18:20:00";"PE";316;"87,4";"OURICURI";"Outras";"Colisão com bicicleta";"Com Vítimas Feridas";"Plena noite";"Decrescente";"Ignorada";"Simples";"Reta";"Rural";4;0;1;0;3;0;1;3
83513833;"04/11/16";"Sexta";"08:10:00";"SC";282;"3,9";"FLORIANOPOLIS";"Não guardar distância de segurança";"Colisão lateral";"Com Vítimas Feridas";"Pleno dia";"Decrescente";"Nublado";"Dupla";"Reta";"Urbano";2;0;1;0;1;0;1;2
83513834;"07/11/16";"Segunda";"07:15:00";"CE";116;"491";"MILAGRES";"Outras";"Tombamento";"Com Vítimas Feridas";"Pleno dia";"Decrescente";"Ceu Claro";"Simples";"Reta";"Rural";1;0;0;1;0;0;1;1
83513835;"07/11/16";"Segunda";"17:45:00";"SC";282;"512,3";"XANXERE";"Falta de atenção";"Colisão frontal";"Sem Vítimas";"Pleno dia";"Decrescente";"Nublado";"Simples";"Reta";"Rural";3;0;0;0;3;0;0;3
83513836;"07/11/16";"Segunda";"18:50:00";"RN";427;"98,3";"CAICO";"Velocidade incompatível";"Colisão frontal";"Com Vítimas Feridas";"Plena noite";"Decrescente";"Ceu Claro";"Simples";"Reta";"Urbano";3;0;2;0;1;0;2;2
83513837;"07/11/16";"Segunda";"14:30:00";"MG";381;"392";"BARAO DE COCAIS";"Outras";"Colisão lateral";"Com Vítimas Feridas";"Pleno dia";"Crescente";"Nublado";"Simples";"Curva";"Rural";5;0;2;1;2;0;3;3
83513838;"05/10/16";"Quarta";"16:00:00";"AM";230;"540";"HUMAITA";"Defeito mecânico em veículo";"Incêndio";"Sem Vítimas";"Pleno dia";"Crescente";"Sol";"Simples";"Reta";"Rural";1;0;0;0;1;0;0;1
83513839;"07/11/16";"Segunda";"19:00:00";"MA";222;"675";"ACAILANDIA";"Falta de atenção";"Colisão traseira";"Sem Vítimas";"Plena noite";"Decrescente";"Ceu Claro";"Simples";"Reta";"Urbano";2;0;0;0;2;0;0;2
83513840;"31/10/16";"Segunda";"15:00:00";"RJ";101;"309";"ITABORAI";"Outras";"Colisão traseira";"Com Vítimas Feridas";"Pleno dia";"Decrescente";"Ceu Claro";"Dupla";"Reta";"Urbano";2;0;1;0;1;0;1;2
83513841;"07/11/16";"Segunda";"16:30:00";"MG";262;"73,5";"MATIPO";"Falta de atenção";"Colisão Transversal";"Com Vítimas Feridas";"Pleno dia";"Crescente";"Ceu Claro";"Simples";"Reta";"Rural";7;0;1;1;5;0;2;2
83513842;"07/11/16";"Segunda";"18:00:00";"MT";364;"345";"SANTO ANTONIO DO LEVERGER";"Velocidade incompatível";"Tombamento";"Sem Vítimas";"Pleno dia";"Crescente";"Ceu Claro";"Simples";"Reta";"Rural";1;0;0;0;1;0;0;1
83513843;"07/11/16";"Segunda";"18:20:00";"ES";262;"163";"IBATIBA";"Falta de atenção";"Queda de motocicleta / bicicleta / veículo";"Com Vítimas Feridas";"Anoitecer";"Crescente";"Nublado";"Simples";"Curva";"Rural";1;0;0;1;0;0;1;1
83513844;"07/11/16";"Segunda";"16:00:00";"MG";381;"908";"CAMBUI";"Velocidade incompatível";"Saída de Pista";"Com Vítimas Feridas";"Pleno dia";"Crescente";"Chuva";"Dupla";"Curva";"Rural";2;0;1;0;1;0;1;1
83513845;"07/11/16";"Segunda";"14:00:00";"SC";282;"399";"JOACABA";"Outras";"Saída de Pista";"Com Vítimas Feridas";"Pleno dia";"Decrescente";"Chuva";"Simples";"Curva";"Rural";2;0;1;0;1;0;1;2
83513846;"07/11/16";"Segunda";"16:48:00";"MG";262;"33,1";"MANHUACU";"Falta de atenção";"Colisão Transversal";"Com Vítimas Feridas";"Pleno dia";"Crescente";"Sol";"Simples";"Reta";"Rural";2;0;1;0;1;0;1;2
83513847;"03/11/16";"Quinta";"18:30:00";"SP";116;"82,8";"ROSEIRA";"Outras";"Colisão com objeto fixo";"Sem Vítimas";"Anoitecer";"Decrescente";"Chuva";"Múltipla";"Reta";"Rural";1;0;0;0;1;0;0;1
83513848;"07/11/16";"Segunda";"19:00:00";"PI";343;"599";"FLORIANO";"Falta de atenção";"Colisão lateral";"Com Vítimas Feridas";"Plena noite";"Crescente";"Ceu Claro";"Dupla";"Reta";"Urbano";2;0;1;0;1;0;1;2
83513849;"07/11/16";"Segunda";"20:40:00";"SC";163;"72,5";"SAO MIGUEL DOESTE";"Ultrapassagem indevida";"Colisão lateral";"Com Vítimas Feridas";"Plena noite";"Decrescente";"Ceu Claro";"Simples";"Curva";"Rural";2;0;1;0;0;1;1;2
83513850;"07/11/16";"Segunda";"17:30:00";"BA";242;"814";"BARREIRAS";"Defeito mecânico em veículo";"Saída de Pista";"Sem Vítimas";"Pleno dia";"Crescente";"Sol";"Simples";"Curva";"Rural";1;0;0;0;1;0;0;1
83513851;"07/11/16";"Segunda";"18:35:00";"PR";277;"118";"CAMPO LARGO";"Falta de atenção";"Colisão Transversal";"Com Vítimas Feridas";"Plena noite";"Decrescente";"Chuva";"Simples";"Cruzamento";"Urbano";4;0;2;0;2;0;2;2
83513852;"07/11/16";"Segunda";"18:20:00";"AL";101;"139";"SAO MIGUEL DOS CAMPOS";"Desobediência à sinalização";"Colisão Transversal";"Sem Vítimas";"Plena noite";"Crescente";"Nublado";"Simples";"Reta";"Urbano";2;0;0;0;1;1;0;2
83513853;"07/11/16";"Segunda";"20:00:00";"SP";116;"230";"SAO PAULO";"Outras";"Queda de motocicleta / bicicleta / veículo";"Com Vítimas Feridas";"Plena noite";"Decrescente";"Ceu Claro";"Múltipla";"Reta";"Urbano";2;0;1;0;1;0;1;1
83513854;"07/11/16";"Segunda";"17:30:00";"PB";230;"502,5";"CAJAZEIRAS";"Falta de atenção";"Colisão Transversal";"Com Vítimas Feridas";"Anoitecer";"Crescente";"Ceu Claro";"Simples";"Reta";"Urbano";3;0;1;0;1;1;1;2
83513855;"03/11/16";"Quinta";"19:30:00";"PR";277;"4";"PARANAGUA";"Não guardar distância de segurança";"Colisão traseira";"Com Vítimas Feridas";"Plena noite";"Decrescente";"Ceu Claro";"Dupla";"Reta";"Urbano";2;0;1;0;1;0;1;2
83513856;"19/06/16";"Domingo";"13:40:00";"PB";230;"28";"JOAO PESSOA";"Velocidade incompatível";"Queda de motocicleta / bicicleta / veículo";"Com Vítimas Feridas";"Pleno dia";"Decrescente";"Nublado";"Simples";"Curva";"Urbano";1;0;1;0;0;0;1;1
83513857;"07/11/16";"Segunda";"17:45:00";"PB";230;"33,7";"BAYEUX";"Velocidade incompatível";"Colisão traseira";"Sem Vítimas";"Anoitecer";"Crescente";"Ceu Claro";"Dupla";"Reta";"Urbano";2;0;0;0;2;0;0;2
83513858;"30/10/16";"Domingo";"10:00:00";"SC";101;"110";"NAVEGANTES";"Desobediência à sinalização";"Colisão traseira";"Sem Vítimas";"Pleno dia";"Decrescente";"Sol";"Simples";"Reta";"Urbano";4;0;0;0;4;0;0;4
83513859;"07/11/16";"Segunda";"15:50:00";"AL";424;"107";"MARECHAL DEODORO";"Outras";"Colisão com bicicleta";"Com Vítimas Feridas";"Pleno dia";"Decrescente";"Sol";"Simples";"Reta";"Rural";3;0;1;1;1;0;2;2
83513860;"07/11/16";"Segunda";"19:30:00";"MG";116;"277,8";"TEOFILO OTONI";"Falta de atenção";"Colisão Transversal";"Com Vítimas Feridas";"Plena noite";"Crescente";"Chuva";"Múltipla";"Reta";"Urbano";2;0;1;0;1;0;1;2
83513862;"07/11/16";"Segunda";"14:30:00";"MT";158;"703,8";"BARRA DO GARCAS";"Animais na Pista";"Saída de Pista";"Com Vítimas Feridas";"Pleno dia";"Decrescente";"Ceu Claro";"Simples";"Reta";"Rural";1;0;1;0;0;0;1;1
83513863;"27/10/16";"Quinta";"14:15:00";"BA";324;"524,4";"FEIRA DE SANTANA";"Velocidade incompatível";"Colisão com objeto fixo";"Sem Vítimas";"Pleno dia";"Decrescente";"Sol";"Dupla";"Reta";"Urbano";1;0;0;0;1;0;0;1
83513864;"07/11/16";"Segunda";"10:00:00";"MG";146;"550,9";"ANDRADAS";"Dormindo";"Capotamento";"Com Vítimas Feridas";"Pleno dia";"Decrescente";"Ceu Claro";"Simples";"Curva";"Rural";3;0;3;0;0;0;3;1
83513865;"07/11/16";"Segunda";"20:15:00";"ES";101;"174";"ARACRUZ";"Desobediência à sinalização";"Colisão frontal";"Com Vítimas Feridas";"Plena noite";"Decrescente";"Chuva";"Simples";"Reta";"Urbano";2;0;0;1;1;0;1;2
83513866;"05/11/16";"Sábado";"22:00:00";"PI";407;"423,2";"PICOS";"Ingestão de álcool";"Colisão com bicicleta";"Com Vítimas Feridas";"Plena noite";"Crescente";"Ceu Claro";"Simples";"Reta";"Urbano";4;0;2;0;2;0;2;2
83513867;"03/11/16";"Quinta";"15:30:00";"MG";381;"850,8";"POUSO ALEGRE";"Falta de atenção";"Colisão Transversal";"Com Vítimas Feridas";"Pleno dia";"Crescente";"Chuva";"Dupla";"Reta";"Urbano";3;0;1;0;2;0;1;3
83513868;"07/11/16";"Segunda";"18:30:00";"SP";116;"276,5";"EMBU";"Não guardar distância de segurança";"Colisão traseira";"Com Vítimas Feridas";"Pleno dia";"Decrescente";"Nublado";"Dupla";"Reta";"Urbano";3;0;1;1;1;0;2;2
83513869;"07/11/16";"Segunda";"21:40:00";"MG";381;"529";"BRUMADINHO";"Velocidade incompatível";"Colisão com objeto fixo";"Sem Vítimas";"Plena noite";"Decrescente";"Chuva";"Simples";"Curva";"Rural";1;0;0;0;1;0;0;1
83513870;"07/11/16";"Segunda";"02:40:00";"RS";472;"463,9";"ITAQUI";"Dormindo";"Saída de Pista";"Com Vítimas Feridas";"Plena noite";"Crescente";"Ceu Claro";"Simples";"Reta";"Rural";4;0;2;1;1;0;3;1
83513871;"07/11/16";"Segunda";"14:00:00";"SC";282;"5";"SAO JOSE";"Falta de atenção";"Colisão traseira";"Sem Vítimas";"Pleno dia";"Decrescente";"Ceu Claro";"Dupla";"Reta";"Urbano";3;0;0;0;3;0;0;3
83513872;"07/11/16";"Segunda";"18:40:00";"MG";365;"409";"PATOS DE MINAS";"Outras";"Saída de Pista";"Com Vítimas Feridas";"Anoitecer";"Crescente";"Chuva";"Simples";"Curva";"Rural";1;0;1;0;0;0;1;1
83513873;"07/11/16";"Segunda";"14:30:00";"MG";116;"276,4";"TEOFILO OTONI";"Ingestão de álcool";"Colisão lateral";"Com Vítimas Feridas";"Pleno dia";"Crescente";"Nublado";"Simples";"Reta";"Urbano";2;0;1;0;1;0;1;2
83513874;"07/11/16";"Segunda";"18:30:00";"RJ";116;"243";"PIRAI";"Outras";"Tombamento";"Sem Vítimas";"Anoitecer";"Decrescente";"Chuva";"Simples";"Curva";"Urbano";1;0;0;0;1;0;0;1
83513875;"07/11/16";"Segunda";"21:50:00";"RS";285;"447";"BOZANO";"Outras";"Saída de Pista";"Com Vítimas Feridas";"Plena noite";"Decrescente";"Ceu Claro";"Simples";"Reta";"Rural";1;0;0;1;0;0;1;1
83513876;"07/11/16";"Segunda";"08:20:00";"MA";316;"480";"CODO";"Outras";"Atropelamento de pessoa";"Com Vítimas Fatais";"Pleno dia";"Crescente";"Ceu Claro";"Simples";"Reta";"Rural";3;1;0;0;2;0;0;1
83513877;"07/11/16";"Segunda";"18:20:00";"BA";101;"503,5";"ITABUNA";"Outras";"Queda de motocicleta / bicicleta / veículo";"Com Vítimas Feridas";"Anoitecer";"Decrescente";"Ceu Claro";"Simples";"Cruzamento";"Rural";2;0;2;0;0;0;2;1
83513878;"07/11/16";"Segunda";"20:00:00";"SE";235;"99";"CARIRA";"Falta de atenção";"Colisão lateral";"Com Vítimas Feridas";"Plena noite";"Decrescente";"Ceu Claro";"Simples";"Reta";"Rural";3;0;2;1;0;0;3;2
83513879;"07/11/16";"Segunda";"14:55:00";"PE";101;"47";"IGARASSU";"Falta de atenção";"Colisão Transversal";"Com Vítimas Feridas";"Pleno dia";"Decrescente";"Sol";"Múltipla";"Reta";"Urbano";2;0;1;0;1;0;1;2
83513880;"07/11/16";"Segunda";"23:15:00";"SC";470;"10,8";"NAVEGANTES";"Dormindo";"Colisão lateral";"Com Vítimas Feridas";"Plena noite";"Crescente";"Ceu Claro";"Simples";"Curva";"Urbano";4;0;2;0;2;0;2;2
83513881;"07/11/16";"Segunda";"17:40:00";"RJ";116;"220";"PIRAI";"Outras";"Tombamento";"Sem Vítimas";"Plena noite";"Crescente";"Chuva";"Dupla";"Curva";"Rural";1;0;0;0;1;0;0;1
83513882;"07/11/16";"Segunda";"21:40:00";"MG";262;"355,8";"BETIM";"Outras";"Queda de motocicleta / bicicleta / veículo";"Com Vítimas Feridas";"Plena noite";"Decrescente";"Chuva";"Dupla";"Curva";"Rural";2;0;2;0;0;0;2;1
83513883;"07/11/16";"Segunda";"15:00:00";"RN";101;"2,5";"TOUROS";"Outras";"Colisão frontal";"Com Vítimas Feridas";"Plena noite";"Crescente";"Ceu Claro";"Simples";"Reta";"Rural";3;0;0;3;0;0;3;2
83513884;"04/11/16";"Sexta";"16:00:00";"MT";364;"403";"CUIABA";"Outras";"Colisão Transversal";"Com Vítimas Feridas";"Pleno dia";"Crescente";"Ceu Claro";"Dupla";"Reta";"Urbano";2;0;0;1;1;0;1;2
83513885;"07/11/16";"Segunda";"15:50:00";"AL";104;"32";"UNIAO DOS PALMARES";"Defeito mecânico em veículo";"Tombamento";"Sem Vítimas";"Pleno dia";"Decrescente";"Sol";"Simples";"Reta";"Rural";1;0;0;0;1;0;0;1
83513886;"04/11/16";"Sexta";"03:10:00";"CE";116;"17,2";"EUSEBIO";"Animais na Pista";"Atropelamento de animal";"Com Vítimas Feridas";"Plena noite";"Decrescente";"Ceu Claro";"Simples";"Reta";"Rural";1;0;0;1;0;0;1;1
83513887;"07/11/16";"Segunda";"22:20:00";"RS";290;"179,2";"BUTIA";"Animais na Pista";"Tombamento";"Com Vítimas Feridas";"Plena noite";"Crescente";"Ceu Claro";"Simples";"Reta";"Urbano";2;0;0;1;0;1;1;2
83513889;"03/11/16";"Quinta";"12:20:00";"CE";222;"222,2";"SOBRAL";"Não guardar distância de segurança";"Colisão traseira";"Sem Vítimas";"Pleno dia";"Decrescente";"Ceu Claro";"Simples";"Reta";"Urbano";2;0;0;0;2;0;0;2
83513890;"07/11/16";"Segunda";"20:00:00";"MG";364;"4,2";"PLANURA";"Outras";"Atropelamento de pessoa";"Com Vítimas Fatais";"Plena noite";"Crescente";"Ceu Claro";"Simples";"Reta";"Urbano";2;1;0;0;0;1;0;1
83513891;"07/11/16";"Segunda";"19:10:00";"SE";101;"146";"ESTANCIA";"Animais na Pista";"Queda de motocicleta / bicicleta / veículo";"Com Vítimas Feridas";"Plena noite";"Decrescente";"Ignorada";"Dupla";"Reta";"Rural";2;0;0;1;1;0;1;2
83513892;"07/11/16";"Segunda";"20:20:00";"RN";304;"35,5";"MOSSORO";"Desobediência à sinalização";"Colisão traseira";"Com Vítimas Feridas";"Plena noite";"Crescente";"Ceu Claro";"Múltipla";"Cruzamento";"Urbano";3;0;3;0;0;0;3;2
83513893;"01/11/16";"Terça";"17:00:00";"MG";116;"70";"MEDINA";"Outras";"Tombamento";"Com Vítimas Feridas";"Pleno dia";"Decrescente";"Nublado";"Simples";"Reta";"Rural";1;0;0;1;0;0;1;1
83513894;"07/11/16";"Segunda";"16:43:00";"PR";373;"414,5";"CANDOI";"Velocidade incompatível";"Colisão traseira";"Com Vítimas Feridas";"Pleno dia";"Decrescente";"Ceu Claro";"Simples";"Reta";"Urbano";3;0;0;1;2;0;1;3
83513895;"07/11/16";"Segunda";"20:10:00";"PR";376;"1,8";"SAO JOSE DOS PINHAIS";"Outras";"Colisão com objeto móvel";"Sem Vítimas";"Plena noite";"Decrescente";"Ceu Claro";"Dupla";"Reta";"Urbano";2;0;0;0;2;0;0;2
83513896;"07/11/16";"Segunda";"08:45:00";"CE";116;"13";"FORTALEZA";"Outras";"Colisão com objeto móvel";"Com Vítimas Feridas";"Pleno dia";"Decrescente";"Ceu Claro";"Dupla";"Reta";"Urbano";1;0;1;0;0;0;1;1