"id";"data_inversa";"dia_semana";"horario";"uf";"br";"km";"municipio";"causa_acidente";"tipo_acidente";"classificacao_acidente";"fase_dia";"sentido_via";"condicao_metereologica";"tipo_pista";"tracado_via";"uso_solo";"pessoas";"mortos";"feridos_leves";"feridos_graves";"ilesos";"ignorados";"feridos";"veiculos"
83513897;"30/10/16";"Domingo";"09:00:00";"ES";262;"66";"MARECHAL FLORIANO";"Dormindo";"Colisão com objeto fixo";"Com Vítimas Feridas";"Pleno dia";"Decrescente";"Chuva";"Simples";"Reta";"Rural";1;0;1;0;0;0;1;1
83513898;"07/11/16";"Segunda";"08:55:00";"PB";101;"95,8";"ALHANDRA";"Velocidade incompatível";"Capotamento";"Com Vítimas Feridas";"Pleno dia";"Decrescente";"Ceu Claro";"Dupla";"Cruzamento";"Rural";1;0;1;0;0;0;1;1
83513899;"03/11/16";"Quinta";"11:45:00";"ES";262;"104";"VENDA NOVA DO IMIGRANTE";"Falta de atenção";"Colisão Transversal";"Com Vítimas Feridas";"Pleno dia";"Decrescente";"Sol";"Múltipla";"Reta";"Urbano";2;0;0;1;1;0;1;2
83513901;"07/11/16";"Segunda";"17:15:00";"ES";259;"63";"COLATINA";"Desobediência à sinalização";"Colisão Transversal";"Com Vítimas Feridas";"Pleno dia";"Decrescente";"Nublado";"Simples";"Cruzamento";"Urbano";3;0;2;0;1;0;2;2
83513902;"07/11/16";"Segunda";"15:30:00";"MG";116;"771,3";"LEOPOLDINA";"Velocidade incompatível";"Saída de Pista";"Sem Vítimas";"Pleno dia";"Decrescente";"Chuva";"Simples";"Curva";"Rural";1;0;0;0;1;0;0;1
83513903;"08/11/16";"Terça";"01:30:00";"PB";101;"116,5";"CAAPORA";"Animais na Pista";"Colisão com objeto fixo";"Sem Vítimas";"Plena noite";"Crescente";"Ceu Claro";"Dupla";"Curva";"Rural";1;0;0;0;1;0;0;1
83513904;"08/11/16";"Terça";"04:00:00";"GO";50;"296,6";"CATALAO";"Velocidade incompatível";"Saída de Pista";"Com Vítimas Feridas";"Plena noite";"Decrescente";"Nublado";"Simples";"Curva";"Rural";7;0;7;0;0;0;7;1
83513905;"07/11/16";"Segunda";"20:20:00";"RO";364;"50";"VILHENA";"Defeito mecânico em veículo";"Derramamento de Carga";"Sem Vítimas";"Plena noite";"Crescente";"Ceu Claro";"Simples";"Reta";"Rural";1;0;0;0;1;0;0;1
83513906;"07/11/16";"Segunda";"21:25:00";"MG";381;"503,8";"BETIM";"Ingestão de álcool";"Atropelamento de pessoa";"Com Vítimas Feridas";"Plena noite";"Crescente";"Chuva";"Dupla";"Curva";"Urbano";2;0;0;1;1;0;1;1
83513907;"07/11/16";"Segunda";"16:50:00";"PR";277;"24";"MORRETES";"Defeito mecânico em veículo";"Colisão lateral";"Com Vítimas Feridas";"Pleno dia";"Crescente";"Ceu Claro";"Dupla";"Reta";"Urbano";2;0;1;0;1;0;1;2
83513908;"08/11/16";"Terça";"05:00:00";"SC";282;"527,9";"CORDILHEIRA ALTA";"Dormindo";"Colisão com objeto fixo";"Sem Vítimas";"Amanhecer";"Crescente";"Ceu Claro";"Simples";"Curva";"Rural";1;0;0;0;1;0;0;1
83513909;"08/11/16";"Terça";"06:15:00";"SC";101;"123,4";"ITAJAI";"Falta de atenção";"Colisão lateral";"Com Vítimas Feridas";"Amanhecer";"Decrescente";"Nublado";"Dupla";"Reta";"Urbano";2;0;1;0;1;0;1;2
83513910;"04/11/16";"Sexta";"21:00:00";"SP";116;"158";"JACAREI";"Outras";"Derramamento de Carga";"Sem Vítimas";"Plena noite";"Crescente";"Nublado";"Dupla";"Reta";"Urbano";1;0;0;0;1;0;0;1
83513911;"08/11/16";"Terça";"00:20:00";"MG";262;"450,1";"NOVA SERRANA";"Dormindo";"Colisão lateral";"Sem Vítimas";"Plena noite";"Crescente";"Nublado";"Simples";"Reta";"Rural";2;0;0;0;2;0;0;2
83513912;"08/11/16";"Terça";"03:00:00";"MG";365;"73,3";"JEQUITAI";"Animais na Pista";"Atropelamento de animal";"Sem Vítimas";"Plena noite";"Crescente";"Ceu Claro";"Simples";"Reta";"Rural";1;0;0;0;1;0;0;1
83513913;"07/11/16";"Segunda";"06:45:00";"RJ";40;"123";"DUQUE DE CAXIAS";"Falta de atenção";"Colisão lateral";"Com Vítimas Feridas";"Pleno dia";"Crescente";"Ceu Claro";"Múltipla";"Reta";"Urbano";3;0;2;0;0;1;2;2
83513914;"06/11/16";"Domingo";"15:50:00";"SC";101;"216,9";"PALHOCA";"Ingestão de álcool";"Colisão lateral";"Com Vítimas Feridas";"Pleno dia";"Decrescente";"Nublado";"Múltipla";"Reta";"Rural";2;0;1;0;1;0;1;2
83513915;"08/11/16";"Terça";"05:30:00";"PA";316;"49";"SANTA ISABEL DO PARA";"Falta de atenção";"Colisão traseira";"Sem Vítimas";"Amanhecer";"Crescente";"Ceu Claro";"Dupla";"Reta";"Urbano";2;0;0;0;2;0;0;2
83513916;"08/11/16";"Terça";"07:40:00";"PR";376;"249,8";"APUCARANA";"Falta de atenção";"Colisão Transversal";"Com Vítimas Feridas";"Pleno dia";"Decrescente";"Ceu Claro";"Simples";"Curva";"Urbano";3;0;1;0;2;0;1;2
83513917;"04/11/16";"Sexta";"09:45:00";"CE";222;"1,6";"FORTALEZA";"Falta de atenção";"Colisão traseira";"Com Vítimas Feridas";"Pleno dia";"Decrescente";"Ceu Claro";"Múltipla";"Reta";"Urbano";4;0;2;0;2;0;2;3
83513918;"04/11/16";"Sexta";"21:30:00";"SC";470;"141,9";"RIO DO SUL";"Falta de atenção";"Colisão Transversal";"Com Vítimas Feridas";"Plena noite";"Decrescente";"Nublado";"Simples";"Cruzamento";"Urbano";2;0;0;1;1;0;1;2
83513919;"08/11/16";"Terça";"06:30:00";"PA";316;"6";"ANANINDEUA";"Desobediência à sinalização";"Colisão frontal";"Com Vítimas Feridas";"Pleno dia";"Crescente";"Sol";"Dupla";"Reta";"Urbano";2;0;0;1;1;0;1;2
83513920;"08/11/16";"Terça";"06:00:00";"PE";101;"69,4";"RECIFE";"Outras";"Colisão lateral";"Sem Vítimas";"Amanhecer";"Decrescente";"Ceu Claro";"Múltipla";"Reta";"Urbano";2;0;0;0;2;0;0;2
83513921;"08/11/16";"Terça";"03:35:00";"MG";381;"673,5";"PERDOES";"Dormindo";"Colisão traseira";"Com Vítimas Feridas";"Plena noite";"Decrescente";"Ignorada";"Dupla";"Reta";"Rural";3;0;1;1;1;0;2;2
83513922;"01/11/16";"Terça";"20:54:00";"MG";135;"585";"CORINTO";"Outras";"Capotamento";"Com Vítimas Feridas";"Plena noite";"Crescente";"Ceu Claro";"Simples";"Reta";"Rural";3;0;2;0;1;0;2;1
83513923;"23/10/16";"Domingo";"15:30:00";"SC";282;"53";"AGUAS MORNAS";"Falta de atenção";"Colisão lateral";"Com Vítimas Feridas";"Pleno dia";"Crescente";"Sol";"Simples";"Reta";"Rural";2;0;1;0;1;0;1;2
83513924;"06/11/16";"Domingo";"21:05:00";"MA";222;"285,3";"VITORIA DO MEARIM";"Outras";"Colisão frontal";"Com Vítimas Fatais";"Plena noite";"Crescente";"Ignorada";"Simples";"Reta";"Urbano";2;1;0;0;1;0;0;2
83513925;"04/11/16";"Sexta";"17:00:00";"MG";381;"454";"SABARA";"Outras";"Queda de motocicleta / bicicleta / veículo";"Com Vítimas Feridas";"Pleno dia";"Decrescente";"Ceu Claro";"Simples";"Curva";"Rural";2;0;0;1;1;0;1;2
83513926;"30/10/16";"Domingo";"18:30:00";"SC";280;"5,6";"SAO FRANCISCO DO SUL";"Outras";"Colisão traseira";"Com Vítimas Feridas";"Pleno dia";"Crescente";"Ceu Claro";"Simples";"Reta";"Urbano";4;0;2;0;1;1;2;4
83513927;"08/11/16";"Terça";"07:00:00";"MG";262;"142,3";"RIO CASCA";"Velocidade incompatível";"Saída de Pista";"Ignorado";"Pleno dia";"Decrescente";"Ignorada";"Simples";"Curva";"Rural";1;0;0;0;0;1;0;1
83513928;"08/11/16";"Terça";"07:10:00";"MS";163;"264";"DOURADOS";"Falta de atenção";"Colisão Transversal";"Com Vítimas Feridas";"Pleno dia";"Decrescente";"Ceu Claro";"Dupla";"Cruzamento";"Urbano";3;0;1;0;2;0;1;2
83513929;"07/11/16";"Segunda";"21:20:00";"RJ";116;"137";"MAGE";"Ultrapassagem indevida";"Colisão com objeto fixo";"Sem Vítimas";"Plena noite";"Crescente";"Ceu Claro";"Dupla";"Reta";"Urbano";1;0;0;0;1;0;0;1
83513930;"03/11/16";"Quinta";"12:50:00";"MG";116;"525,7";"CARATINGA";"Não guardar distância de segurança";"Colisão traseira";"Sem Vítimas";"Pleno dia";"Crescente";"Sol";"Simples";"Reta";"Urbano";2;0;0;0;2;0;0;2
83513931;"02/11/16";"Quarta";"17:38:00";"RJ";116;"273,2";"BARRA MANSA";"Outras";"Colisão com objeto fixo";"Sem Vítimas";"Pleno dia";"Crescente";"Chuva";"Dupla";"Curva";"Urbano";2;0;0;0;1;1;0;2
83513932;"08/11/16";"Terça";"08:00:00";"RJ";116;"167";"SAO JOAO DE MERITI";"Outras";"Colisão lateral";"Sem Vítimas";"Pleno dia";"Crescente";"Ceu Claro";"Múltipla";"Reta";"Urbano";2;0;0;0;2;0;0;2
83513933;"24/10/16";"Segunda";"20:00:00";"PR";376;"495,4";"PONTA GROSSA";"Velocidade incompatível";"Colisão com objeto fixo";"Sem Vítimas";"Plena noite";"Decrescente";"Chuva";"Dupla";"Curva";"Urbano";1;0;0;0;1;0;0;1
83513934;"31/10/16";"Segunda";"11:10:00";"PR";369;"22,5";"CAMBARA";"Desobediência à sinalização";"Colisão Transversal";"Com Vítimas Feridas";"Pleno dia";"Crescente";"Ceu Claro";"Simples";"Cruzamento";"Rural";3;0;1;0;2;0;1;2
83513935;"05/11/16";"Sábado";"03:50:00";"SP";116;"376";"MIRACATU";"Outras";"Saída de Pista";"Sem Vítimas";"Plena noite";"Decrescente";"Ceu Claro";"Simples";"Reta";"Rural";1;0;0;0;1;0;0;1
83513936;"08/11/16";"Terça";"09:10:00";"MG";381;"337";"NOVA ERA";"Velocidade incompatível";"Capotamento";"Sem Vítimas";"Pleno dia";"Crescente";"Chuva";"Simples";"Curva";"Rural";1;0;0;0;1;0;0;1
83513937;"04/11/16";"Sexta";"16:40:00";"MG";381;"496";"BETIM";"Outras";"Colisão lateral";"Sem Vítimas";"Pleno dia";"Crescente";"Chuva";"Múltipla";"Reta";"Urbano";2;0;0;0;2;0;0;2
83513938;"07/11/16";"Segunda";"04:30:00";"TO";153;"484,8";"PARAISO DO TOCANTINS";"Ingestão de álcool";"Colisão traseira";"Sem Vítimas";"Plena noite";"Crescente";"Nublado";"Simples";"Curva";"Rural";2;0;0;0;2;0;0;2
83513939;"07/11/16";"Segunda";"18:40:00";"BA";324;"516";"FEIRA DE SANTANA";"Desobediência à sinalização";"Colisão Transversal";"Com Vítimas Feridas";"Anoitecer";"Crescente";"Ceu Claro";"Simples";"Reta";"Urbano";3;0;1;0;2;0;1;3
83513940;"05/11/16";"Sábado";"06:10:00";"MA";316;"555";"CAXIAS";"Falta de atenção";"Colisão Transversal";"Sem Vítimas";"Pleno dia";"Decrescente";"Ceu Claro";"Simples";"Curva";"Rural";2;0;0;0;2;0;0;2
83513941;"06/11/16";"Domingo";"17:40:00";"SP";116;"187,9";"SANTA ISABEL";"Outras";"Saída de Pista";"Com Vítimas Feridas";"Pleno dia";"Crescente";"Chuva";"Dupla";"Curva";"Rural";2;0;1;1;0;0;2;1
83513942;"04/11/16";"Sexta";"19:00:00";"PE";101;"142";"RIBEIRAO";"Outras";"Colisão traseira";"Sem Vítimas";"Plena noite";"Crescente";"Ceu Claro";"Dupla";"Reta";"Rural";2;0;0;0;1;1;0;2
83513943;"27/10/16";"Quinta";"21:00:00";"PI";316;"2,5";"TERESINA";"Outras";"Colisão traseira";"Sem Vítimas";"Plena noite";"Crescente";"Ceu Claro";"Múltipla";"Reta";"Urbano";2;0;0;0;1;1;0;2
83513944;"01/11/16";"Terça";"23:30:00";"SP";116;"225,8";"GUARULHOS";"Não guardar distância de segurança";"Colisão traseira";"Com Vítimas Feridas";"Plena noite";"Crescente";"Nublado";"Múltipla";"Reta";"Urbano";2;0;1;0;0;1;1;2
83513945;"04/11/16";"Sexta";"08:50:00";"AL";101;"180,3";"JUNQUEIRO";"Falta de atenção";"Tombamento";"Sem Vítimas";"Pleno dia";"Decrescente";"Ceu Claro";"Dupla";"Curva";"Rural";1;0;0;0;1;0;0;1
83513946;"03/11/16";"Quinta";"17:40:00";"DF";40;"0";"BRASILIA";"Outras";"Colisão lateral";"Com Vítimas Feridas";"Pleno dia";"Crescente";"Ceu Claro";"Dupla";"Reta";"Urbano";2;0;1;0;1;0;1;2
83513947;"05/11/16";"Sábado";"20:40:00";"MS";163;"258,5";"DOURADOS";"Desobediência à sinalização";"Colisão Transversal";"Com Vítimas Feridas";"Plena noite";"Crescente";"Ceu Claro";"Dupla";"Cruzamento";"Urbano";3;0;1;0;2;0;1;2
83513948;"14/06/16";"Terça";"21:35:00";"PR";116;"102";"SAO JOSE DOS PINHAIS";"Falta de atenção";"Colisão traseira";"Com Vítimas Feridas";"Plena noite";"Crescente";"Nevoeiro/neblina";"Dupla";"Reta";"Rural";3;0;0;2;1;0;2;3
83513950;"27/10/16";"Quinta";"17:50:00";"RJ";101;"294";"ITABORAI";"Falta de atenção";"Colisão lateral";"Com Vítimas Feridas";"Pleno dia";"Crescente";"Sol";"Dupla";"Reta";"Rural";3;0;2;0;1;0;2;2
83513951;"08/11/16";"Terça";"09:05:00";"SC";470;"53,5";"BLUMENAU";"Falta de atenção";"Colisão lateral";"Com Vítimas Feridas";"Pleno dia";"Crescente";"Sol";"Simples";"Curva";"Urbano";2;0;1;0;1;0;1;2
83513952;"08/11/16";"Terça";"10:30:00";"MG";40;"554";"NOVA LIMA";"Falta de atenção";"Colisão com objeto móvel";"Com Vítimas Feridas";"Pleno dia";"Decrescente";"Ceu Claro";"Dupla";"Reta";"Rural";3;0;1;0;2;0;1;2
83513954;"05/11/16";"Sábado";"06:05:00";"RJ";116;"53";"TERESOPOLIS";"Velocidade incompatível";"Saída de Pista";"Sem Vítimas";"Amanhecer";"Crescente";"Nublado";"Simples";"Curva";"Rural";1;0;0;0;1;0;0;1
83513955;"08/11/16";"Terça";"05:10:00";"MG";381;"403";"BOM JESUS DO AMPARO";"Velocidade incompatível";"Colisão frontal";"Com Vítimas Fatais";"Plena noite";"Decrescente";"Chuva";"Simples";"Curva";"Rural";3;1;0;1;1;0;1;2
83513957;"04/11/16";"Sexta";"18:00:00";"RJ";40;"86";"PETROPOLIS";"Outras";"Tombamento";"Com Vítimas Feridas";"Pleno dia";"Crescente";"Chuva";"Simples";"Curva";"Rural";1;0;0;1;0;0;1;1
83513958;"04/11/16";"Sexta";"15:30:00";"PA";10;"319";"SAO MIGUEL DO GUAMA";"Falta de atenção";"Colisão traseira";"Com Vítimas Feridas";"Pleno dia";"Decrescente";"Ceu Claro";"Simples";"Curva";"Rural";2;0;0;1;1;0;1;2
83513959;"08/11/16";"Terça";"09:45:00";"PE";101;"69";"RECIFE";"Falta de atenção";"Colisão lateral";"Sem Vítimas";"Pleno dia";"Crescente";"Sol";"Dupla";"Reta";"Urbano";2;0;0;0;2;0;0;2
83513960;"04/11/16";"Sexta";"17:45:00";"PB";230;"214";"SOLEDADE";"Outras";"Queda de motocicleta / bicicleta / veículo";"Com Vítimas Feridas";"Anoitecer";"Decrescente";"Vento";"Simples";"Reta";"Urbano";2;0;0;2;0;0;2;1
83513961;"03/11/16";"Quinta";"19:50:00";"DF";20;"16,8";"BRASILIA";"Outras";"Atropelamento de pessoa";"Com Vítimas Fatais";"Plena noite";"Decrescente";"Ceu Claro";"Dupla";"Reta";"Urbano";2;1;0;0;1;0;0;1
83513962;"08/11/16";"Terça";"09:45:00";"SP";116;"229";"SAO PAULO";"Outras";"Colisão traseira";"Com Vítimas Feridas";"Pleno dia";"Crescente";"Ceu Claro";"Múltipla";"Reta";"Urbano";3;0;1;0;2;0;1;3
83513963;"08/11/16";"Terça";"09:00:00";"SC";101;"209,9";"SAO JOSE";"Falta de atenção";"Queda de motocicleta / bicicleta / veículo";"Com Vítimas Feridas";"Pleno dia";"Decrescente";"Ceu Claro";"Dupla";"Reta";"Urbano";1;0;1;0;0;0;1;1
83513964;"04/11/16";"Sexta";"12:20:00";"ES";262;"1,9";"CARIACICA";"Desobediência à sinalização";"Colisão lateral";"Com Vítimas Feridas";"Pleno dia";"Crescente";"Ceu Claro";"Dupla";"Cruzamento";"Urbano";3;0;2;0;1;0;2;2
83513966;"08/11/16";"Terça";"09:00:00";"MG";50;"200";"DELTA";"Falta de atenção";"Saída de Pista";"Sem Vítimas";"Pleno dia";"Decrescente";"Ceu Claro";"Dupla";"Reta";"Rural";1;0;0;0;1;0;0;1
83513967;"01/11/16";"Terça";"17:30:00";"PR";373;"422,6";"CANDOI";"Outras";"Colisão Transversal";"Com Vítimas Fatais";"Pleno dia";"Decrescente";"Ceu Claro";"Simples";"Curva";"Rural";2;1;0;0;1;0;0;2
83513968;"04/11/16";"Sexta";"22:35:00";"AL";104;"32,3";"UNIAO DOS PALMARES";"Outras";"Saída de Pista";"Sem Vítimas";"Plena noite";"Decrescente";"Chuva";"Simples";"Curva";"Rural";1;0;0;0;1;0;0;1
83513970;"04/11/16";"Sexta";"18:50:00";"RO";364;"388";"OURO PRETO DO OESTE";"Outras";"Colisão frontal";"Com Vítimas Fatais";"Anoitecer";"Crescente";"Ceu Claro";"Simples";"Reta";"Rural";3;1;0;0;2;0;0;2
83513971;"08/11/16";"Terça";"09:00:00";"SP";116;"228";"SAO PAULO";"Outras";"Colisão lateral";"Com Vítimas Feridas";"Pleno dia";"Crescente";"Ceu Claro";"Múltipla";"Reta";"Urbano";2;0;1;0;1;0;1;2
83513972;"08/11/16";"Terça";"09:40:00";"PR";369;"372,7";"CAMPO MOURAO";"Outras";"Saída de Pista";"Com Vítimas Feridas";"Pleno dia";"Crescente";"Sol";"Simples";"Curva";"Rural";8;0;6;2;0;0;8;1
83513973;"03/11/16";"Quinta";"16:00:00";"RS";158;"324,9";"SANTA MARIA";"Não guardar distância de segurança";"Colisão traseira";"Sem Vítimas";"Pleno dia";"Crescente";"Ceu Claro";"Simples";"Reta";"Urbano";2;0;0;0;1;1;0;2
83513974;"08/11/16";"Terça";"10:10:00";"SC";101;"398,9";"MARACAJA";"Falta de atenção";"Colisão Transversal";"Sem Vítimas";"Pleno dia";"Decrescente";"Ceu Claro";"Simples";"Cruzamento";"Urbano";2;0;0;0;2;0;0;2
83513975;"05/11/16";"Sábado";"22:45:00";"MG";116;"275";"TEOFILO OTONI";"Outras";"Colisão Transversal";"Com Vítimas Feridas";"Plena noite";"Decrescente";"Nublado";"Simples";"Reta";"Urbano";3;0;1;0;1;1;1;2
83513976;"08/11/16";"Terça";"09:40:00";"SP";116;"227";"GUARULHOS";"Outras";"Colisão lateral";"Com Vítimas Feridas";"Pleno dia";"Crescente";"Sol";"Múltipla";"Reta";"Urbano";2;0;1;0;1;0;1;2
83513977;"08/11/16";"Terça";"11:40:00";"MG";381;"352";"JOAO MONLEVADE";"Outras";"Colisão Transversal";"Sem Vítimas";"Pleno dia";"Crescente";"Chuva";"Simples";"Curva";"Rural";2;0;0;0;2;0;0;2
83513978;"08/11/16";"Terça";"08:55:00";"SP";381;"54";"MAIRIPORA";"Falta de atenção";"Colisão lateral";"Com Vítimas Feridas";"Pleno dia";"Crescente";"Ceu Claro";"Dupla";"Reta";"Urbano";4;0;1;0;3;0;1;3
83513979;"06/11/16";"Domingo";"04:00:00";"AL";423;"105";"DELMIRO GOUVEIA";"Outras";"Atropelamento de animal";"Com Vítimas Feridas";"Amanhecer";"Crescente";"Sol";"Simples";"Reta";"Rural";2;0;1;1;0;0;2;1
83513980;"20/10/16";"Quinta";"09:15:00";"PR";116;"30";"CAMPINA GRANDE DO SUL";"Falta de atenção";"Tombamento";"Com Vítimas Feridas";"Pleno dia";"Decrescente";"Ceu Claro";"Múltipla";"Curva";"Rural";1;0;1;0;0;0;1;1
83513981;"01/11/16";"Terça";"08:10:00";"PR";376;"182";"SARANDI";"Outras";"Colisão lateral";"Com Vítimas Feridas";"Pleno dia";"Decrescente";"Ceu Claro";"Dupla";"Reta";"Urbano";3;0;0;1;2;0;1;3
83513982;"08/11/16";"Terça";"11:10:00";"PE";408;"94,6";"SAO LOURENCO DA MATA";"Outras";"Capotamento";"Com Vítimas Feridas";"Pleno dia";"Crescente";"Sol";"Dupla";"Curva";"Rural";1;0;1;0;0;0;1;1
83513983;"05/11/16";"Sábado";"02:00:00";"MG";381;"493";"BETIM";"Velocidade incompatível";"Saída de Pista";"Com Vítimas Feridas";"Pleno dia";"Decrescente";"Chuva";"Dupla";"Reta";"Urbano";1;0;1;0;0;0;1;1
83513984;"04/11/16";"Sexta";"15:15:00";"MG";116;"782,1";"LEOPOLDINA";"Velocidade incompatível";"Tombamento";"Com Vítimas Feridas";"Pleno dia";"Decrescente";"Chuva";"Simples";"Curva";"Rural";1;0;1;0;0;0;1;1
83513985;"08/11/16";"Terça";"12:30:00";"BA";116;"696";"JEQUIE";"Velocidade incompatível";"Capotamento";"Com Vítimas Feridas";"Pleno dia";"Crescente";"Chuva";"Simples";"Curva";"Rural";1;0;1;0;0;0;1;1
83513987;"08/11/16";"Terça";"10:40:00";"PR";272;"363,2";"CAMPO MOURAO";"Falta de atenção";"Atropelamento de pessoa";"Com Vítimas Feridas";"Pleno dia";"Decrescente";"Ceu Claro";"Dupla";"Reta";"Urbano";2;0;1;0;1;0;1;1
83513989;"05/11/16";"Sábado";"19:40:00";"SC";101;"206";"SAO JOSE";"Outras";"Colisão lateral";"Com Vítimas Feridas";"Anoitecer";"Crescente";"Ignorada";"Múltipla";"Reta";"Urbano";4;0;1;0;3;0;1;2
83513990;"08/11/16";"Terça";"07:35:00";"MG";116;"763,3";"LEOPOLDINA";"Desobediência à sinalização";"Colisão Transversal";"Com Vítimas Fatais";"Pleno dia";"Decrescente";"Nublado";"Simples";"Cruzamento";"Urbano";2;1;0;0;1;0;0;2
83513991;"08/11/16";"Terça";"10:20:00";"MG";50;"194,9";"UBERABA";"Defeito mecânico em veículo";"Saída de Pista";"Com Vítimas Feridas";"Pleno dia";"Crescente";"Sol";"Dupla";"Reta";"Rural";1;0;1;0;0;0;1;1
83513992;"08/11/16";"Terça";"12:20:00";"PA";163;"996";"SANTAREM";"Falta de atenção";"Colisão Transversal";"Sem Vítimas";"Pleno dia";"Crescente";"Ceu Claro";"Simples";"Reta";"Urbano";2;0;0;0;2;0;0;2
83513993;"08/11/16";"Terça";"13:30:00";"MG";40;"566,5";"NOVA LIMA";"Velocidade incompatível";"Colisão frontal";"Com Vítimas Feridas";"Pleno dia";"Decrescente";"Chuva";"Simples";"Curva";"Rural";5;0;2;0;3;0;2;2
83513995;"08/11/16";"Terça";"12:30:00";"SC";101;"362";"SANGAO";"Falta de atenção";"Colisão com objeto fixo";"Com Vítimas Feridas";"Pleno dia";"Decrescente";"Ceu Claro";"Dupla";"Reta";"Rural";1;0;1;0;0;0;1;1
83513996;"08/11/16";"Terça";"12:20:00";"PA";316;"0";"BELEM";"Outras";"Colisão com bicicleta";"Com Vítimas Feridas";"Pleno dia";"Decrescente";"Nublado";"Dupla";"Reta";"Urbano";2;0;0;1;1;0;1;2
83513997;"05/11/16";"Sábado";"04:40:00";"RJ";40;"105";"DUQUE DE CAXIAS";"Outras";"Saída de Pista";"Sem Vítimas";"Plena noite";"Decrescente";"Chuva";"Múltipla";"Reta";"Urbano";6;0;0;0;6;0;0;1
83513998;"08/11/16";"Terça";"13:45:00";"RS";290;"97";"PORTO ALEGRE";"Outras";"Queda de motocicleta / bicicleta / veículo";"Com Vítimas Feridas";"Pleno dia";"Decrescente";"Ceu Claro";"Dupla";"Reta";"Urbano";3;0;1;0;2;0;1;2
83513999;"03/11/16";"Quinta";"18:50:00";"PR";277;"722";"FOZ DO IGUACU";"Falta de atenção";"Colisão Transversal";"Com Vítimas Feridas";"Pleno dia";"Decrescente";"Ceu Claro";"Dupla";"Cruzamento";"Urbano";2;0;1;0;1;0;1;2
83514000;"08/11/16";"Terça";"13:30:00";"RJ";40;"1";"COMENDADOR LEVY GASPARIAN";"Velocidade incompatível";"Colisão com objeto fixo";"Sem Vítimas";"Pleno dia";"Decrescente";"Nublado";"Dupla";"Curva";"Rural";1;0;0;0;1;0;0;1
83514001;"07/11/16";"Segunda";"05:20:00";"MG";365;"98";"JEQUITAI";"Velocidade incompatível";"Colisão com objeto fixo";"Sem Vítimas";"Amanhecer";"Crescente";"Chuva";"Simples";"Reta";"Rural";1;0;0;0;1;0;0;1
83514002;"07/11/16";"Segunda";"06:50:00";"BA";242;"187";"ITABERABA";"Defeito mecânico em veículo";"Queda de motocicleta / bicicleta / veículo";"Com Vítimas Feridas";"Pleno dia";"Decrescente";"Nublado";"Simples";"Reta";"Rural";2;0;0;1;1;0;1;1
83514004;"08/11/16";"Terça";"10:00:00";"RS";116;"138,3";"CAXIAS DO SUL";"Falta de atenção";"Colisão lateral";"Sem Vítimas";"Pleno dia";"Crescente";"Ceu Claro";"Simples";"Reta";"Urbano";2;0;0;0;2;0;0;2
83514005;"08/11/16";"Terça";"12:45:00";"MS";158;"94,4";"PARANAIBA";"Falta de atenção";"Colisão Transversal";"Com Vítimas Feridas";"Pleno dia";"Decrescente";"Nublado";"Dupla";"Curva";"Urbano";3;0;1;0;2;0;1;2
83514006;"05/11/16";"Sábado";"19:15:00";"RN";304;"69,3";"LAJES";"Ultrapassagem indevida";"Colisão frontal";"Com Vítimas Feridas";"Plena noite";"Decrescente";"Ceu Claro";"Simples";"Reta";"Rural";3;0;2;1;0;0;3;2
83514007;"08/11/16";"Terça";"11:10:00";"MT";163;"944,9";"ITAUBA";"Ultrapassagem indevida";"Colisão lateral";"Com Vítimas Feridas";"Pleno dia";"Crescente";"Ceu Claro";"Simples";"Reta";"Rural";5;0;2;0;3;0;2;3
83514008;"04/11/16";"Sexta";"07:00:00";"SC";116;"140";"SANTA CECILIA";"Animais na Pista";"Colisão com objeto móvel";"Com Vítimas Feridas";"Pleno dia";"Crescente";"Nublado";"Simples";"Reta";"Rural";1;0;1;0;0;0;1;1
83514009;"06/11/16";"Domingo";"09:00:00";"SP";488;"2,4";"APARECIDA";"Falta de atenção";"Colisão lateral";"Com Vítimas Feridas";"Pleno dia";"Decrescente";"Sol";"Dupla";"Reta";"Urbano";3;0;1;0;2;0;1;3
83514010;"08/11/16";"Terça";"07:30:00";"BA";324;"618";"SALVADOR";"Não guardar distância de segurança";"Colisão traseira";"Com Vítimas Feridas";"Pleno dia";"Crescente";"Ceu Claro";"Dupla";"Reta";"Urbano";2;0;1;0;1;0;1;2
83514011;"04/11/16";"Sexta";"19:20:00";"BA";110;"368";"CATU";"Outras";"Colisão frontal";"Com Vítimas Feridas";"Plena noite";"Decrescente";"Ceu Claro";"Simples";"Reta";"Urbano";3;0;2;1;0;0;3;2
83514012;"08/11/16";"Terça";"11:35:00";"RN";101;"84";"SAO GONCALO DO AMARANTE";"Falta de atenção";"Atropelamento de pessoa";"Com Vítimas Feridas";"Pleno dia";"Crescente";"Sol";"Dupla";"Reta";"Urbano";2;0;0;1;1;0;1;1
83514013;"08/11/16";"Terça";"09:30:00";"MG";381;"320,3";"NAQUE";"Outras";"Tombamento";"Com Vítimas Feridas";"Pleno dia";"Decrescente";"Ceu Claro";"Simples";"Reta";"Rural";1;0;1;0;0;0;1;1