"id";"data_inversa";"dia_semana";"horario";"uf";"br";"km";"municipio";"causa_acidente";"tipo_acidente";"classificacao_acidente";"fase_dia";"sentido_via";"condicao_metereologica";"tipo_pista";"tracado_via";"uso_solo";"pessoas";"mortos";"feridos_leves";"feridos_graves";"ilesos";"ignorados";"feridos";"veiculos"
83514124;"08/11/16";"Terça";"08:40:00";"ES";262;"20,5";"VIANA";"Velocidade incompatível";"Tombamento";"Com Vítimas Feridas";"Pleno dia";"Decrescente";"Nublado";"Simples";"Cruzamento";"Urbano";3;0;1;1;1;0;2;1
83514125;"08/11/16";"Terça";"21:40:00";"PR";277;"64";"SAO JOSE DOS PINHAIS";"Falta de atenção";"Atropelamento de pessoa";"Com Vítimas Feridas";"Plena noite";"Crescente";"Ceu Claro";"Dupla";"Reta";"Rural";2;0;1;0;1;0;1;1
83514126;"08/11/16";"Terça";"13:30:00";"BA";242;"814";"BARREIRAS";"Falta de atenção";"Saída de Pista";"Com Vítimas Feridas";"Pleno dia";"Decrescente";"Ceu Claro";"Simples";"Reta";"Urbano";1;0;1;0;0;0;1;1
83514127;"08/11/16";"Terça";"18:10:00";"SE";101;"147,9";"ESTANCIA";"Outras";"Atropelamento de pessoa";"Com Vítimas Feridas";"Plena noite";"Crescente";"Ceu Claro";"Dupla";"Curva";"Rural";2;0;0;1;1;0;1;1
83514128;"08/11/16";"Terça";"18:00:00";"PE";232;"76";"GRAVATA";"Animais na Pista";"Atropelamento de animal";"Com Vítimas Feridas";"Plena noite";"Crescente";"Ceu Claro";"Dupla";"Reta";"Urbano";2;0;2;0;0;0;2;1
83514129;"08/11/16";"Terça";"19:10:00";"MG";262;"34,5";"MANHUACU";"Falta de atenção";"Colisão Transversal";"Com Vítimas Feridas";"Anoitecer";"Decrescente";"Chuva";"Simples";"Reta";"Urbano";2;0;1;0;1;0;1;2
83514130;"08/11/16";"Terça";"10:30:00";"SC";101;"333";"TUBARAO";"Desobediência à sinalização";"Colisão Transversal";"Com Vítimas Feridas";"Pleno dia";"Crescente";"Sol";"Simples";"Cruzamento";"Urbano";2;0;1;0;1;0;1;2
83514131;"08/11/16";"Terça";"18:40:00";"SC";101;"18";"GARUVA";"Defeito mecânico em veículo";"Tombamento";"Sem Vítimas";"Pleno dia";"Decrescente";"Ceu Claro";"Dupla";"Reta";"Rural";1;0;0;0;1;0;0;1
83514132;"08/11/16";"Terça";"17:10:00";"ES";101;"295,1";"CARIACICA";"Falta de atenção";"Colisão traseira";"Com Vítimas Feridas";"Pleno dia";"Decrescente";"Chuva";"Dupla";"Reta";"Urbano";2;0;1;0;0;1;1;2
83514133;"04/11/16";"Sexta";"16:30:00";"TO";153;"330";"GUARAI";"Falta de atenção";"Colisão lateral";"Sem Vítimas";"Pleno dia";"Crescente";"Sol";"Simples";"Reta";"Urbano";2;0;0;0;2;0;0;2
83514134;"08/11/16";"Terça";"18:45:00";"PI";316;"324";"PICOS";"Falta de atenção";"Saída de Pista";"Com Vítimas Feridas";"Plena noite";"Decrescente";"Ceu Claro";"Simples";"Reta";"Rural";2;0;0;1;1;0;1;1
83514135;"08/11/16";"Terça";"16:40:00";"MG";116;"735";"LARANJAL";"Ultrapassagem indevida";"Capotamento";"Com Vítimas Feridas";"Pleno dia";"Crescente";"Chuva";"Simples";"Reta";"Urbano";1;0;1;0;0;0;1;1
83514136;"08/11/16";"Terça";"22:30:00";"RJ";116;"164,9";"RIO DE JANEIRO";"Defeito mecânico em veículo";"Colisão traseira";"Sem Vítimas";"Plena noite";"Crescente";"Nublado";"Múltipla";"Reta";"Urbano";5;0;0;0;2;3;0;4
83514137;"08/11/16";"Terça";"17:00:00";"MA";230;"499";"RIACHAO";"Outras";"Saída de Pista";"Sem Vítimas";"Pleno dia";"Decrescente";"Ceu Claro";"Simples";"Curva";"Rural";1;0;0;0;1;0;0;1
83514138;"08/11/16";"Terça";"16:56:00";"MG";381;"331";"NOVA ERA";"Outras";"Colisão traseira";"Com Vítimas Feridas";"Pleno dia";"Decrescente";"Chuva";"Dupla";"Curva";"Urbano";3;0;1;0;2;0;1;2
83514139;"08/11/16";"Terça";"18:00:00";"PE";104;"94,7";"AGRESTINA";"Dormindo";"Colisão traseira";"Com Vítimas Feridas";"Plena noite";"Crescente";"Ceu Claro";"Simples";"Reta";"Rural";3;0;0;1;2;0;1;3
83514140;"08/11/16";"Terça";"18:05:00";"AL";316;"238,6";"ATALAIA";"Outras";"Atropelamento de pessoa";"Com Vítimas Fatais";"Plena noite";"Decrescente";"Nublado";"Simples";"Reta";"Urbano";2;1;0;0;0;1;0;1
83514141;"08/11/16";"Terça";"22:30:00";"SC";280;"51,4";"GUARAMIRIM";"Defeito na via";"Queda de motocicleta / bicicleta / veículo";"Com Vítimas Feridas";"Plena noite";"Crescente";"Ceu Claro";"Simples";"Curva";"Urbano";1;0;1;0;0;0;1;1
83514142;"08/11/16";"Terça";"18:00:00";"SC";282;"594,3";"SAUDADES";"Velocidade incompatível";"Colisão frontal";"Com Vítimas Feridas";"Pleno dia";"Crescente";"Chuva";"Simples";"Curva";"Rural";5;0;3;0;2;0;3;2
83514143;"08/11/16";"Terça";"19:10:00";"SP";101;"47";"UBATUBA";"Falta de atenção";"Colisão lateral";"Com Vítimas Feridas";"Plena noite";"Crescente";"Nublado";"Simples";"Cruzamento";"Urbano";2;0;1;0;1;0;1;2
83514144;"08/11/16";"Terça";"21:20:00";"PA";316;"13,3";"MARITUBA";"Outras";"Colisão com bicicleta";"Sem Vítimas";"Plena noite";"Decrescente";"Ignorada";"Dupla";"Reta";"Urbano";2;0;0;0;1;1;0;2
83514145;"08/11/16";"Terça";"21:40:00";"SC";282;"16";"PALHOCA";"Ingestão de álcool";"Colisão Transversal";"Com Vítimas Feridas";"Plena noite";"Decrescente";"Nublado";"Simples";"Reta";"Urbano";2;0;2;0;0;0;2;2
83514146;"08/11/16";"Terça";"20:30:00";"MT";364;"446";"VARZEA GRANDE";"Defeito na via";"Saída de Pista";"Sem Vítimas";"Plena noite";"Crescente";"Chuva";"Simples";"Curva";"Rural";1;0;0;0;1;0;0;1
83514147;"08/11/16";"Terça";"23:45:00";"RS";386;"344";"LAJEADO";"Falta de atenção";"Colisão com objeto fixo";"Com Vítimas Feridas";"Plena noite";"Decrescente";"Chuva";"Simples";"Reta";"Urbano";1;0;0;1;0;0;1;1
83514148;"08/11/16";"Terça";"17:45:00";"RS";468;"98";"TRES PASSOS";"Ultrapassagem indevida";"Colisão lateral";"Sem Vítimas";"Pleno dia";"Decrescente";"Nublado";"Simples";"Reta";"Rural";3;0;0;0;3;0;0;3
83514149;"08/11/16";"Terça";"22:00:00";"BA";101;"84";"ENTRE RIOS";"Outras";"Queda de motocicleta / bicicleta / veículo";"Ignorado";"Plena noite";"Crescente";"Ceu Claro";"Simples";"Reta";"Rural";1;0;0;0;0;1;0;1
83514150;"08/11/16";"Terça";"20:50:00";"SC";470;"28";"GASPAR";"Velocidade incompatível";"Saída de Pista";"Com Vítimas Feridas";"Plena noite";"Crescente";"Ceu Claro";"Simples";"Reta";"Urbano";1;0;0;1;0;0;1;1
83514151;"08/11/16";"Terça";"21:55:00";"SC";470;"55,7";"BLUMENAU";"Ingestão de álcool";"Colisão Transversal";"Com Vítimas Feridas";"Plena noite";"Decrescente";"Ceu Claro";"Simples";"Curva";"Urbano";2;0;1;0;1;0;1;2
83514152;"08/11/16";"Terça";"17:45:00";"BA";101;"134";"TEODORO SAMPAIO";"Velocidade incompatível";"Capotamento";"Com Vítimas Feridas";"Anoitecer";"Crescente";"Nublado";"Simples";"Curva";"Rural";1;0;1;0;0;0;1;1
83514153;"08/11/16";"Terça";"22:30:00";"BA";101;"122";"ALAGOINHAS";"Animais na Pista";"Atropelamento de animal";"Sem Vítimas";"Plena noite";"Crescente";"Ceu Claro";"Simples";"Curva";"Rural";1;0;0;0;1;0;0;1
83514154;"08/11/16";"Terça";"11:50:00";"SC";282;"38,6";"AGUAS MORNAS";"Falta de atenção";"Colisão Transversal";"Sem Vítimas";"Plena noite";"Decrescente";"Nublado";"Simples";"Curva";"Rural";2;0;0;0;2;0;0;2
83514155;"08/11/16";"Terça";"19:50:00";"PA";10;"268";"MAE DO RIO";"Outras";"Colisão frontal";"Com Vítimas Feridas";"Plena noite";"Decrescente";"Ceu Claro";"Simples";"Reta";"Rural";4;0;0;1;1;2;1;2
83514156;"06/11/16";"Domingo";"02:30:00";"GO";40;"12,2";"LUZIANIA";"Outras";"Colisão com objeto fixo";"Sem Vítimas";"Plena noite";"Crescente";"Ceu Claro";"Dupla";"Reta";"Urbano";1;0;0;0;1;0;0;1
83514157;"09/11/16";"Quarta";"00:10:00";"MS";163;"727,6";"COXIM";"Falta de atenção";"Colisão com objeto fixo";"Com Vítimas Feridas";"Plena noite";"Decrescente";"Ceu Claro";"Simples";"Reta";"Rural";1;0;0;1;0;0;1;1
83514158;"08/11/16";"Terça";"14:00:00";"ES";259;"22,3";"JOAO NEIVA";"Outras";"Colisão lateral";"Com Vítimas Feridas";"Pleno dia";"Decrescente";"Chuva";"Simples";"Curva";"Rural";2;0;2;0;0;0;2;2
83514159;"08/11/16";"Terça";"11:55:00";"MG";381;"351,5";"JOAO MONLEVADE";"Velocidade incompatível";"Colisão frontal";"Com Vítimas Feridas";"Pleno dia";"Decrescente";"Chuva";"Simples";"Curva";"Rural";2;0;1;0;1;0;1;2
83514160;"08/11/16";"Terça";"23:10:00";"SC";101;"380,1";"ICARA";"Dormindo";"Colisão traseira";"Com Vítimas Feridas";"Plena noite";"Crescente";"Ceu Claro";"Dupla";"Reta";"Rural";2;0;0;1;1;0;1;2
83514161;"08/11/16";"Terça";"22:30:00";"SP";116;"489,9";"CAJATI";"Falta de atenção";"Colisão traseira";"Sem Vítimas";"Plena noite";"Crescente";"Ceu Claro";"Dupla";"Reta";"Urbano";2;0;0;0;2;0;0;2
83514162;"08/11/16";"Terça";"13:00:00";"MS";262;"8";"TRES LAGOAS";"Outras";"Colisão com objeto fixo";"Sem Vítimas";"Pleno dia";"Decrescente";"Ceu Claro";"Dupla";"Reta";"Urbano";1;0;0;0;1;0;0;1
83514163;"08/11/16";"Terça";"23:15:00";"SP";116;"507,3";"CAJATI";"Defeito mecânico em veículo";"Derramamento de Carga";"Sem Vítimas";"Plena noite";"Decrescente";"Ceu Claro";"Simples";"Curva";"Rural";2;0;0;0;2;0;0;2
83514164;"08/11/16";"Terça";"23:00:00";"SP";381;"24,4";"BRAGANCA PAULISTA";"Dormindo";"Colisão traseira";"Com Vítimas Feridas";"Plena noite";"Crescente";"Ceu Claro";"Dupla";"Reta";"Urbano";2;0;0;1;1;0;1;2
83514165;"08/11/16";"Terça";"18:00:00";"SP";153;"74";"SAO JOSE DO RIO PRETO";"Outras";"Queda de motocicleta / bicicleta / veículo";"Com Vítimas Feridas";"Pleno dia";"Decrescente";"Sol";"Simples";"Reta";"Urbano";1;0;1;0;0;0;1;1
83514166;"08/11/16";"Terça";"18:20:00";"PB";230;"150,2";"CAMPINA GRANDE";"Outras";"Capotamento";"Sem Vítimas";"Anoitecer";"Crescente";"Ceu Claro";"Dupla";"Reta";"Urbano";1;0;0;0;1;0;0;1
83514167;"09/11/16";"Quarta";"02:30:00";"PR";277;"620,8";"CEU AZUL";"Falta de atenção";"Colisão traseira";"Sem Vítimas";"Plena noite";"Crescente";"Ceu Claro";"Simples";"Reta";"Rural";2;0;0;0;2;0;0;2
83514168;"09/11/16";"Quarta";"02:00:00";"PR";277;"305,7";"PRUDENTOPOLIS";"Velocidade incompatível";"Colisão traseira";"Com Vítimas Feridas";"Plena noite";"Decrescente";"Nublado";"Simples";"Reta";"Rural";15;0;11;2;1;1;13;2
83514169;"08/11/16";"Terça";"18:30:00";"BA";101;"687";"ITAGIMIRIM";"Outras";"Atropelamento de animal";"Ignorado";"Plena noite";"Crescente";"Nublado";"Simples";"Reta";"Rural";1;0;0;0;0;1;0;1
83514170;"09/11/16";"Quarta";"01:50:00";"ES";101;"269";"SERRA";"Falta de atenção";"Colisão com objeto fixo";"Sem Vítimas";"Plena noite";"Crescente";"Nublado";"Dupla";"Reta";"Urbano";1;0;0;0;1;0;0;1
83514171;"08/11/16";"Terça";"20:55:00";"TO";153;"701";"CARIRI DO TOCANTINS";"Animais na Pista";"Atropelamento de animal";"Sem Vítimas";"Plena noite";"Decrescente";"Ceu Claro";"Simples";"Reta";"Rural";1;0;0;0;1;0;0;1
83514172;"08/11/16";"Terça";"12:15:00";"PR";369;"149,8";"LONDRINA";"Velocidade incompatível";"Colisão traseira";"Sem Vítimas";"Pleno dia";"Decrescente";"Ceu Claro";"Dupla";"Reta";"Urbano";4;0;0;0;3;1;0;2
83514173;"08/11/16";"Terça";"21:30:00";"PR";373;"260";"PRUDENTOPOLIS";"Outras";"Colisão frontal";"Com Vítimas Fatais";"Plena noite";"Decrescente";"Nublado";"Simples";"Reta";"Urbano";2;2;0;0;0;0;0;2
83514174;"09/11/16";"Quarta";"01:50:00";"ES";259;"51,7";"COLATINA";"Dormindo";"Capotamento";"Com Vítimas Feridas";"Plena noite";"Crescente";"Nublado";"Simples";"Reta";"Rural";1;0;1;0;0;0;1;1
83514175;"08/11/16";"Terça";"11:10:00";"PR";376;"596";"CURITIBA";"Falta de atenção";"Colisão lateral";"Sem Vítimas";"Pleno dia";"Decrescente";"Ceu Claro";"Dupla";"Reta";"Urbano";2;0;0;0;2;0;0;2
83514176;"08/11/16";"Terça";"20:25:00";"SP";116;"511,1";"CAJATI";"Defeito mecânico em veículo";"Colisão traseira";"Com Vítimas Feridas";"Plena noite";"Decrescente";"Nublado";"Simples";"Curva";"Rural";2;0;0;1;1;0;1;2
83514177;"07/11/16";"Segunda";"21:45:00";"GO";60;"184";"ABADIA DE GOIAS";"Outras";"Saída de Pista";"Ignorado";"Plena noite";"Crescente";"Ceu Claro";"Dupla";"Reta";"Rural";1;0;0;0;0;1;0;1
83514178;"08/11/16";"Terça";"11:10:00";"PR";487;"172,8";"ARARUNA";"Defeito mecânico em veículo";"Incêndio";"Sem Vítimas";"Pleno dia";"Crescente";"Ceu Claro";"Simples";"Reta";"Rural";1;0;0;0;1;0;0;1
83514179;"05/11/16";"Sábado";"17:55:00";"GO";153;"605";"MORRINHOS";"Ingestão de álcool";"Capotamento";"Com Vítimas Feridas";"Pleno dia";"Crescente";"Ceu Claro";"Dupla";"Reta";"Rural";2;0;1;1;0;0;2;1
83514180;"09/11/16";"Quarta";"01:30:00";"BA";101;"428,6";"MARAU";"Velocidade incompatível";"Colisão com objeto fixo";"Sem Vítimas";"Plena noite";"Decrescente";"Chuva";"Simples";"Curva";"Rural";3;0;0;0;1;2;0;1
83514181;"04/11/16";"Sexta";"10:30:00";"RJ";393;"281";"VOLTA REDONDA";"Outras";"Queda de motocicleta / bicicleta / veículo";"Com Vítimas Feridas";"Pleno dia";"Crescente";"Chuva";"Simples";"Reta";"Urbano";1;0;1;0;0;0;1;1
83514183;"08/11/16";"Terça";"17:35:00";"AL";104;"32,1";"UNIAO DOS PALMARES";"Ultrapassagem indevida";"Colisão com bicicleta";"Com Vítimas Fatais";"Anoitecer";"Crescente";"Ceu Claro";"Simples";"Curva";"Rural";3;1;0;0;0;2;0;3
83514184;"07/11/16";"Segunda";"21:30:00";"MG";381;"753,8";"TRES CORACOES";"Falta de atenção";"Colisão traseira";"Com Vítimas Feridas";"Plena noite";"Crescente";"Nublado";"Dupla";"Reta";"Rural";4;0;1;2;1;0;3;2
83514185;"03/11/16";"Quinta";"07:30:00";"PR";158;"205";"PEABIRU";"Não guardar distância de segurança";"Colisão lateral";"Com Vítimas Feridas";"Pleno dia";"Crescente";"Granizo";"Dupla";"Reta";"Rural";2;0;1;0;1;0;1;2
83514186;"31/10/16";"Segunda";"06:30:00";"BA";415;"27,5";"ILHEUS";"Velocidade incompatível";"Capotamento";"Sem Vítimas";"Pleno dia";"Crescente";"Chuva";"Simples";"Curva";"Rural";1;0;0;0;1;0;0;1
83514187;"09/11/16";"Quarta";"04:20:00";"RJ";40;"31";"AREAL";"Dormindo";"Colisão com objeto fixo";"Com Vítimas Feridas";"Plena noite";"Decrescente";"Nublado";"Dupla";"Curva";"Rural";1;0;1;0;0;0;1;1
83514188;"04/11/16";"Sexta";"20:50:00";"RJ";40;"82";"PETROPOLIS";"Velocidade incompatível";"Capotamento";"Com Vítimas Feridas";"Plena noite";"Crescente";"Chuva";"Simples";"Curva";"Urbano";2;0;1;0;1;0;1;1
83514189;"15/09/16";"Quinta";"06:50:00";"PA";316;"9";"MARITUBA";"Falta de atenção";"Colisão lateral";"Com Vítimas Feridas";"Pleno dia";"Crescente";"Ignorada";"Dupla";"Reta";"Urbano";3;0;1;0;2;0;1;3
83514190;"08/11/16";"Terça";"14:20:00";"SP";116;"188";"SANTA ISABEL";"Não guardar distância de segurança";"Colisão lateral";"Com Vítimas Feridas";"Pleno dia";"Decrescente";"Ceu Claro";"Dupla";"Reta";"Rural";4;0;2;0;2;0;2;2
83514191;"08/11/16";"Terça";"16:40:00";"MG";135;"603,7";"CURVELO";"Outras";"Saída de Pista";"Com Vítimas Feridas";"Pleno dia";"Crescente";"Chuva";"Simples";"Reta";"Rural";1;0;1;0;0;0;1;1
83514192;"27/10/16";"Quinta";"17:00:00";"PE";407;"12,9";"PETROLINA";"Não guardar distância de segurança";"Colisão traseira";"Com Vítimas Feridas";"Pleno dia";"Decrescente";"Ceu Claro";"Simples";"Reta";"Urbano";2;0;1;0;1;0;1;2
83514193;"08/11/16";"Terça";"20:00:00";"MG";381;"529,7";"BRUMADINHO";"Velocidade incompatível";"Tombamento";"Com Vítimas Feridas";"Plena noite";"Decrescente";"Nublado";"Dupla";"Curva";"Rural";1;0;1;0;0;0;1;1
83514194;"08/11/16";"Terça";"22:30:00";"RJ";101;"564";"PARATI";"Outras";"Tombamento";"Com Vítimas Feridas";"Plena noite";"Decrescente";"Ceu Claro";"Simples";"Curva";"Rural";1;0;0;1;0;0;1;1
83514195;"09/11/16";"Quarta";"07:05:00";"SC";101;"123";"ITAJAI";"Falta de atenção";"Colisão lateral";"Com Vítimas Feridas";"Pleno dia";"Decrescente";"Nublado";"Dupla";"Cruzamento";"Urbano";2;0;1;0;1;0;1;2
83514197;"06/11/16";"Domingo";"02:00:00";"MG";135;"580,6";"CORINTO";"Dormindo";"Colisão frontal";"Com Vítimas Feridas";"Plena noite";"Decrescente";"Nublado";"Simples";"Reta";"Rural";3;0;0;1;2;0;1;2
83514198;"06/11/16";"Domingo";"03:25:00";"PR";369;"163,3";"CAMBE";"Ingestão de álcool";"Saída de Pista";"Com Vítimas Feridas";"Plena noite";"Crescente";"Ceu Claro";"Dupla";"Reta";"Urbano";2;0;2;0;0;0;2;1
83514199;"09/11/16";"Quarta";"06:00:00";"RS";158;"261,5";"JULIO DE CASTILHOS";"Defeito na via";"Saída de Pista";"Sem Vítimas";"Amanhecer";"Decrescente";"Chuva";"Simples";"Reta";"Rural";1;0;0;0;1;0;0;1
83514200;"08/11/16";"Terça";"15:10:00";"SP";116;"146";"SAO JOSE DOS CAMPOS";"Não guardar distância de segurança";"Colisão traseira";"Sem Vítimas";"Pleno dia";"Crescente";"Sol";"Dupla";"Reta";"Urbano";2;0;0;0;2;0;0;2
83514201;"09/11/16";"Quarta";"07:15:00";"PR";116;"125";"FAZENDA RIO GRANDE";"Falta de atenção";"Colisão lateral";"Com Vítimas Feridas";"Plena noite";"Decrescente";"Nublado";"Dupla";"Reta";"Rural";2;0;1;0;1;0;1;2
83514202;"06/11/16";"Domingo";"05:00:00";"MG";153;"115,3";"PRATA";"Ultrapassagem indevida";"Colisão traseira";"Com Vítimas Feridas";"Plena noite";"Crescente";"Ceu Claro";"Simples";"Reta";"Rural";3;0;1;0;2;0;1;2
83514203;"06/11/16";"Domingo";"03:25:00";"SC";282;"497,7";"XANXERE";"Velocidade incompatível";"Capotamento";"Com Vítimas Feridas";"Plena noite";"Crescente";"Ceu Claro";"Dupla";"Curva";"Urbano";1;0;0;1;0;0;1;1
83514204;"05/11/16";"Sábado";"21:10:00";"PR";277;"113";"CAMPO LARGO";"Outras";"Colisão lateral";"Com Vítimas Feridas";"Plena noite";"Decrescente";"Ceu Claro";"Dupla";"Reta";"Rural";3;0;0;2;1;0;2;2
83514205;"17/10/16";"Segunda";"03:30:00";"PR";376;"492";"PONTA GROSSA";"Velocidade incompatível";"Colisão traseira";"Sem Vítimas";"Plena noite";"Decrescente";"Ceu Claro";"Dupla";"Reta";"Urbano";2;0;0;0;1;1;0;2
83514206;"05/11/16";"Sábado";"20:40:00";"SP";153;"54,3";"SAO JOSE DO RIO PRETO";"Falta de atenção";"Colisão Transversal";"Com Vítimas Feridas";"Plena noite";"Crescente";"Nublado";"Simples";"Reta";"Rural";5;0;1;0;4;0;1;2
83514207;"07/11/16";"Segunda";"05:30:00";"RS";392;"33,8";"RIO GRANDE";"Falta de atenção";"Colisão traseira";"Sem Vítimas";"Amanhecer";"Decrescente";"Nublado";"Dupla";"Reta";"Urbano";2;0;0;0;2;0;0;2
83514208;"09/11/16";"Quarta";"07:50:00";"GO";60;"97";"ANAPOLIS";"Falta de atenção";"Colisão traseira";"Com Vítimas Feridas";"Pleno dia";"Crescente";"Sol";"Dupla";"Reta";"Urbano";2;0;1;0;1;0;1;2
83514209;"06/11/16";"Domingo";"05:05:00";"GO";153;"435";"ANAPOLIS";"Ingestão de álcool";"Capotamento";"Com Vítimas Fatais";"Anoitecer";"Decrescente";"Nublado";"Dupla";"Reta";"Urbano";1;1;0;0;0;0;0;1
83514210;"09/11/16";"Quarta";"07:45:00";"GO";153;"508,9";"APARECIDA DE GOIANIA";"Falta de atenção";"Colisão traseira";"Com Vítimas Feridas";"Pleno dia";"Decrescente";"Sol";"Dupla";"Reta";"Urbano";2;0;1;0;1;0;1;2
83514211;"06/11/16";"Domingo";"05:30:00";"RS";116;"257";"ESTEIO";"Velocidade incompatível";"Colisão com objeto fixo";"Ignorado";"Plena noite";"Decrescente";"Ceu Claro";"Dupla";"Curva";"Urbano";1;0;0;0;0;1;0;1
83514212;"06/11/16";"Domingo";"05:15:00";"MG";381;"945";"EXTREMA";"Falta de atenção";"Colisão traseira";"Com Vítimas Feridas";"Amanhecer";"Decrescente";"Ceu Claro";"Dupla";"Reta";"Rural";2;0;1;0;1;0;1;2
83514213;"01/11/16";"Terça";"21:40:00";"PE";101;"75";"RECIFE";"Outras";"Queda de motocicleta / bicicleta / veículo";"Com Vítimas Feridas";"Plena noite";"Decrescente";"Ceu Claro";"Dupla";"Curva";"Urbano";1;0;1;0;0;0;1;1
83514214;"07/11/16";"Segunda";"21:55:00";"DF";70;"9";"BRASILIA";"Falta de atenção";"Colisão traseira";"Com Vítimas Feridas";"Plena noite";"Decrescente";"Nublado";"Dupla";"Reta";"Urbano";6;0;2;0;4;0;2;2
83514215;"01/11/16";"Terça";"21:20:00";"MG";381;"796,3";"SAO GONCALO DO SAPUCAI";"Defeito mecânico em veículo";"Saída de Pista";"Com Vítimas Feridas";"Plena noite";"Crescente";"Nublado";"Dupla";"Reta";"Rural";1;0;1;0;0;0;1;1
83514216;"07/11/16";"Segunda";"21:10:00";"MG";135;"651";"CURVELO";"Outras";"Colisão lateral";"Com Vítimas Feridas";"Plena noite";"Decrescente";"Chuva";"Simples";"Reta";"Rural";2;0;1;0;1;0;1;2
83514217;"06/11/16";"Domingo";"05:00:00";"ES";101;"180,5";"ARACRUZ";"Outras";"Colisão lateral";"Sem Vítimas";"Amanhecer";"Decrescente";"Ceu Claro";"Simples";"Reta";"Rural";2;0;0;0;1;1;0;2
83514218;"28/10/16";"Sexta";"20:30:00";"PE";232;"181";"BELO JARDIM";"Falta de atenção";"Colisão frontal";"Com Vítimas Feridas";"Plena noite";"Crescente";"Ceu Claro";"Simples";"Reta";"Urbano";2;0;0;1;1;0;1;2
83514219;"31/10/16";"Segunda";"13:30:00";"GO";60;"30,6";"ALEXANIA";"Outras";"Colisão traseira";"Com Vítimas Feridas";"Pleno dia";"Crescente";"Ceu Claro";"Dupla";"Reta";"Rural";2;0;0;1;1;0;1;2
83514220;"09/11/16";"Quarta";"07:20:00";"PR";277;"81";"CURITIBA";"Falta de atenção";"Colisão traseira";"Com Vítimas Feridas";"Pleno dia";"Crescente";"Ceu Claro";"Dupla";"Reta";"Urbano";3;0;1;0;2;0;1;3
83514221;"08/11/16";"Terça";"17:05:00";"DF";60;"1,5";"BRASILIA";"Não guardar distância de segurança";"Colisão traseira";"Com Vítimas Feridas";"Pleno dia";"Decrescente";"Ceu Claro";"Dupla";"Reta";"Urbano";2;0;0;1;1;0;1;2
83514222;"06/11/16";"Domingo";"05:00:00";"GO";60;"68";"ABADIANIA";"Falta de atenção";"Colisão lateral";"Com Vítimas Feridas";"Amanhecer";"Crescente";"Ceu Claro";"Dupla";"Reta";"Rural";2;0;1;0;0;1;1;2
83514223;"12/10/16";"Quarta";"19:15:00";"PE";101;"48,8";"ABREU E LIMA";"Ingestão de álcool";"Colisão traseira";"Sem Vítimas";"Plena noite";"Crescente";"Nublado";"Múltipla";"Reta";"Urbano";2;0;0;0;2;0;0;2
83514224;"30/07/16";"Sábado";"18:30:00";"RJ";356;"76";"ITALVA";"Outras";"Atropelamento de pessoa";"Com Vítimas Feridas";"Anoitecer";"Crescente";"Ceu Claro";"Simples";"Reta";"Rural";2;0;1;0;0;1;1;1
83514225;"09/11/16";"Quarta";"08:50:00";"SC";101;"20,1";"JOINVILLE";"Falta de atenção";"Colisão lateral";"Sem Vítimas";"Pleno dia";"Crescente";"Chuva";"Dupla";"Reta";"Rural";3;0;0;0;3;0;0;3
83514226;"05/11/16";"Sábado";"21:05:00";"BA";116;"834,6";"VITORIA DA CONQUISTA";"Não guardar distância de segurança";"Colisão traseira";"Com Vítimas Feridas";"Plena noite";"Crescente";"Ceu Claro";"Simples";"Reta";"Rural";7;0;4;0;3;0;4;3
83514227;"09/11/16";"Quarta";"08:02:00";"SC";163;"0,9";"DIONISIO CERQUEIRA";"Falta de atenção";"Colisão Transversal";"Com Vítimas Feridas";"Pleno dia";"Decrescente";"Nublado";"Simples";"Reta";"Urbano";2;0;1;0;1;0;1;2
83514228;"09/11/16";"Quarta";"07:35:00";"MS";262;"410,4";"TERENOS";"Não guardar distância de segurança";"Colisão traseira";"Com Vítimas Feridas";"Pleno dia";"Decrescente";"Ceu Claro";"Simples";"Reta";"Rural";10;0;3;0;7;0;3;3
83514229;"09/11/16";"Quarta";"06:50:00";"PR";476;"124";"CURITIBA";"Falta de atenção";"Colisão lateral";"Com Vítimas Feridas";"Pleno dia";"Decrescente";"Ceu Claro";"Dupla";"Reta";"Urbano";2;0;0;1;0;1;1;2
83514230;"07/11/16";"Segunda";"18:30:00";"BA";101;"728";"EUNAPOLIS";"Defeito mecânico em veículo";"Saída de Pista";"Com Vítimas Feridas";"Plena noite";"Crescente";"Ignorada";"Simples";"Curva";"Rural";4;0;1;0;3;0;1;1
83514231;"02/11/16";"Quarta";"10:10:00";"SP";116;"346,9";"MIRACATU";"Velocidade incompatível";"Colisão com objeto fixo";"Com Vítimas Feridas";"Pleno dia";"Crescente";"Ceu Claro";"Dupla";"Curva";"Rural";4;0;1;1;2;0;2;3
83514232;"05/11/16";"Sábado";"10:00:00";"MG";365;"438,9";"PATOS DE MINAS";"Dormindo";"Saída de Pista";"Sem Vítimas";"Pleno dia";"Crescente";"Chuva";"Simples";"Reta";"Rural";1;0;0;0;1;0;0;1