"id";"data_inversa";"dia_semana";"horario";"uf";"br";"km";"municipio";"causa_acidente";"tipo_acidente";"classificacao_acidente";"fase_dia";"sentido_via";"condicao_metereologica";"tipo_pista";"tracado_via";"uso_solo";"pessoas";"mortos";"feridos_leves";"feridos_graves";"ilesos";"ignorados";"feridos";"veiculos"
83514233;"06/11/16";"Domingo";"15:45:00";"GO";20;"3";"FORMOSA";"Falta de atenção";"Capotamento";"Com Vítimas Feridas";"Pleno dia";"Decrescente";"Chuva";"Dupla";"Reta";"Urbano";6;0;4;2;0;0;6;1
83514235;"09/11/16";"Quarta";"08:10:00";"ES";101;"447,9";"MIMOSO DO SUL";"Velocidade incompatível";"Tombamento";"Com Vítimas Feridas";"Pleno dia";"Crescente";"Nublado";"Simples";"Curva";"Rural";1;0;1;0;0;0;1;1
83514236;"05/11/16";"Sábado";"20:30:00";"TO";153;"373";"FORTALEZA DO TABOCAO";"Outras";"Tombamento";"Sem Vítimas";"Plena noite";"Crescente";"Ceu Claro";"Simples";"Reta";"Rural";2;0;0;0;2;0;0;2
83514237;"08/11/16";"Terça";"11:20:00";"MT";364;"276,6";"JACIARA";"Velocidade incompatível";"Tombamento";"Com Vítimas Feridas";"Pleno dia";"Decrescente";"Ceu Claro";"Simples";"Reta";"Rural";1;0;1;0;0;0;1;1
83514238;"09/11/16";"Quarta";"10:20:00";"SC";101;"54,9";"JOINVILLE";"Velocidade incompatível";"Colisão com objeto fixo";"Sem Vítimas";"Pleno dia";"Crescente";"Chuva";"Dupla";"Reta";"Rural";1;0;0;0;1;0;0;1
83514239;"09/11/16";"Quarta";"07:30:00";"CE";116;"32,1";"AQUIRAZ";"Falta de atenção";"Saída de Pista";"Sem Vítimas";"Pleno dia";"Decrescente";"Chuva";"Dupla";"Curva";"Urbano";1;0;0;0;1;0;0;1
83514240;"05/11/16";"Sábado";"12:40:00";"RJ";116;"273";"BARRA MANSA";"Defeito na via";"Colisão com objeto fixo";"Sem Vítimas";"Pleno dia";"Decrescente";"Nublado";"Dupla";"Curva";"Rural";1;0;0;0;1;0;0;1
83514241;"09/11/16";"Quarta";"10:30:00";"RJ";101;"401";"ITAGUAI";"Outras";"Colisão com objeto fixo";"Sem Vítimas";"Pleno dia";"Decrescente";"Ceu Claro";"Dupla";"Reta";"Urbano";2;0;0;0;2;0;0;1
83514242;"09/11/16";"Quarta";"07:30:00";"MS";163;"485,4";"CAMPO GRANDE";"Desobediência à sinalização";"Colisão lateral";"Com Vítimas Feridas";"Pleno dia";"Decrescente";"Ceu Claro";"Simples";"Reta";"Urbano";3;0;0;2;1;0;2;2
83514243;"05/11/16";"Sábado";"19:10:00";"PR";487;"190,1";"CAMPO MOURAO";"Desobediência à sinalização";"Colisão lateral";"Com Vítimas Feridas";"Pleno dia";"Crescente";"Sol";"Dupla";"Cruzamento";"Urbano";3;0;1;0;2;0;1;2
83514244;"04/11/16";"Sexta";"21:30:00";"SP";116;"106";"TAUBATE";"Outras";"Capotamento";"Com Vítimas Feridas";"Plena noite";"Crescente";"Ceu Claro";"Dupla";"Reta";"Rural";2;0;2;0;0;0;2;1
83514246;"09/11/16";"Quarta";"11:30:00";"PR";376;"664";"GUARATUBA";"Velocidade incompatível";"Saída de Pista";"Sem Vítimas";"Pleno dia";"Decrescente";"Chuva";"Dupla";"Curva";"Rural";1;0;0;0;1;0;0;1
83514247;"09/11/16";"Quarta";"07:40:00";"PR";369;"190,3";"ARAPONGAS";"Ingestão de álcool";"Colisão traseira";"Sem Vítimas";"Pleno dia";"Decrescente";"Nublado";"Dupla";"Reta";"Rural";3;0;0;0;3;0;0;3
83514248;"07/11/16";"Segunda";"14:00:00";"RJ";493;"5";"ITABORAI";"Outras";"Colisão lateral";"Com Vítimas Feridas";"Pleno dia";"Crescente";"Ceu Claro";"Simples";"Reta";"Rural";2;0;1;0;1;0;1;2
83514249;"02/11/16";"Quarta";"05:30:00";"RR";401;"1,6";"BOA VISTA";"Ingestão de álcool";"Queda de motocicleta / bicicleta / veículo";"Com Vítimas Feridas";"Amanhecer";"Crescente";"Ceu Claro";"Dupla";"Reta";"Urbano";1;0;1;0;0;0;1;1
83514250;"09/11/16";"Quarta";"11:00:00";"SC";470;"236,9";"SAO CRISTOVAO DO SUL";"Velocidade incompatível";"Capotamento";"Com Vítimas Feridas";"Pleno dia";"Decrescente";"Chuva";"Simples";"Curva";"Rural";1;0;1;0;0;0;1;1
83514251;"09/11/16";"Quarta";"12:10:00";"PR";476;"263";"SAO MATEUS DO SUL";"Velocidade incompatível";"Colisão frontal";"Sem Vítimas";"Pleno dia";"Decrescente";"Chuva";"Simples";"Curva";"Rural";2;0;0;0;2;0;0;2
83514252;"09/11/16";"Quarta";"08:30:00";"SC";280;"148";"MAFRA";"Velocidade incompatível";"Saída de Pista";"Sem Vítimas";"Pleno dia";"Decrescente";"Chuva";"Simples";"Curva";"Urbano";1;0;0;0;1;0;0;1
83514253;"05/11/16";"Sábado";"19:00:00";"MG";381;"518";"IGARAPE";"Outras";"Saída de Pista";"Sem Vítimas";"Plena noite";"Decrescente";"Chuva";"Dupla";"Reta";"Rural";1;0;0;0;1;0;0;1
83514254;"09/11/16";"Quarta";"08:50:00";"CE";116;"32,8";"AQUIRAZ";"Outras";"Saída de Pista";"Sem Vítimas";"Pleno dia";"Decrescente";"Chuva";"Simples";"Curva";"Rural";1;0;0;0;1;0;0;1
83514255;"05/11/16";"Sábado";"22:30:00";"PR";476;"140,3";"CURITIBA";"Falta de atenção";"Colisão traseira";"Sem Vítimas";"Plena noite";"Crescente";"Ceu Claro";"Múltipla";"Reta";"Urbano";4;0;0;0;3;1;0;4
83514256;"09/11/16";"Quarta";"09:00:00";"PE";101;"94";"CABO DE SANTO AGOSTINHO";"Falta de atenção";"Colisão frontal";"Com Vítimas Feridas";"Pleno dia";"Decrescente";"Sol";"Simples";"Reta";"Urbano";2;0;0;1;0;1;1;2
83514257;"05/11/16";"Sábado";"23:05:00";"PE";232;"130";"CARUARU";"Ingestão de álcool";"Colisão com objeto fixo";"Sem Vítimas";"Plena noite";"Decrescente";"Ceu Claro";"Dupla";"Curva";"Urbano";1;0;0;0;1;0;0;1
83514258;"09/11/16";"Quarta";"11:35:00";"PR";376;"474,2";"PONTA GROSSA";"Outras";"Saída de Pista";"Sem Vítimas";"Pleno dia";"Decrescente";"Chuva";"Dupla";"Curva";"Rural";1;0;0;0;1;0;0;1
83514259;"05/11/16";"Sábado";"21:00:00";"SE";101;"99,5";"SAO CRISTOVAO";"Outras";"Colisão com objeto fixo";"Sem Vítimas";"Plena noite";"Crescente";"Ceu Claro";"Dupla";"Curva";"Urbano";2;0;0;0;1;1;0;2
83514260;"04/11/16";"Sexta";"07:50:00";"DF";20;"14,8";"BRASILIA";"Não guardar distância de segurança";"Colisão traseira";"Com Vítimas Feridas";"Pleno dia";"Decrescente";"Ceu Claro";"Dupla";"Reta";"Rural";2;0;1;0;1;0;1;2
83514261;"09/11/16";"Quarta";"09:20:00";"ES";101;"385,7";"RIO NOVO DO SUL";"Velocidade incompatível";"Saída de Pista";"Com Vítimas Feridas";"Pleno dia";"Decrescente";"Ceu Claro";"Simples";"Curva";"Rural";1;0;0;1;0;0;1;1
83514262;"09/11/16";"Quarta";"12:20:00";"SC";101;"139,6";"BALNEARIO CAMBORIU";"Outras";"Colisão com objeto fixo";"Com Vítimas Feridas";"Pleno dia";"Decrescente";"Chuva";"Dupla";"Curva";"Urbano";1;0;1;0;0;0;1;1
83514263;"07/11/16";"Segunda";"06:00:00";"MT";163;"593";"NOVA MUTUM";"Velocidade incompatível";"Saída de Pista";"Sem Vítimas";"Amanhecer";"Crescente";"Chuva";"Dupla";"Curva";"Urbano";1;0;0;0;1;0;0;1
83514264;"09/11/16";"Quarta";"12:50:00";"PR";277;"660";"MATELANDIA";"Defeito mecânico em veículo";"Queda de motocicleta / bicicleta / veículo";"Com Vítimas Feridas";"Pleno dia";"Decrescente";"Ceu Claro";"Dupla";"Curva";"Rural";1;0;1;0;0;0;1;1
83514265;"09/11/16";"Quarta";"10:45:00";"PR";376;"656";"TIJUCAS DO SUL";"Velocidade incompatível";"Colisão com objeto fixo";"Com Vítimas Feridas";"Pleno dia";"Decrescente";"Chuva";"Dupla";"Curva";"Rural";1;0;1;0;0;0;1;1
83514266;"01/08/16";"Segunda";"13:40:00";"PA";316;"11";"MARITUBA";"Não guardar distância de segurança";"Colisão traseira";"Com Vítimas Feridas";"Pleno dia";"Decrescente";"Sol";"Dupla";"Reta";"Urbano";4;0;2;0;2;0;2;3
83514267;"01/11/16";"Terça";"18:47:00";"RS";116;"473,2";"SAO LOURENCO DO SUL";"Não guardar distância de segurança";"Colisão traseira";"Sem Vítimas";"Anoitecer";"Decrescente";"Chuva";"Simples";"Reta";"Rural";2;0;0;0;2;0;0;2
83514268;"09/11/16";"Quarta";"12:40:00";"PR";376;"650,6";"TIJUCAS DO SUL";"Velocidade incompatível";"Colisão com objeto fixo";"Sem Vítimas";"Pleno dia";"Crescente";"Chuva";"Dupla";"Curva";"Rural";1;0;0;0;1;0;0;1
83514269;"09/11/16";"Quarta";"12:30:00";"MS";163;"626";"SAO GABRIEL DO OESTE";"Defeito mecânico em veículo";"Queda de motocicleta / bicicleta / veículo";"Com Vítimas Feridas";"Pleno dia";"Crescente";"Ceu Claro";"Dupla";"Reta";"Rural";2;0;2;0;0;0;2;1
83514270;"09/11/16";"Quarta";"10:30:00";"SC";282;"51,9";"AGUAS MORNAS";"Velocidade incompatível";"Colisão lateral";"Com Vítimas Feridas";"Pleno dia";"Crescente";"Chuva";"Simples";"Reta";"Rural";5;0;1;0;4;0;1;4
83514271;"09/11/16";"Quarta";"10:15:00";"PR";376;"520";"PONTA GROSSA";"Velocidade incompatível";"Capotamento";"Com Vítimas Feridas";"Pleno dia";"Decrescente";"Chuva";"Dupla";"Curva";"Urbano";3;0;3;0;0;0;3;1
83514272;"09/11/16";"Quarta";"10:00:00";"MS";163;"715,8";"RIO VERDE DE MATO GROSSO";"Velocidade incompatível";"Saída de Pista";"Com Vítimas Fatais";"Pleno dia";"Crescente";"Nublado";"Simples";"Reta";"Rural";1;1;0;0;0;0;0;1
83514273;"01/11/16";"Terça";"09:40:00";"PA";10;"354";"SANTA MARIA DO PARA";"Falta de atenção";"Colisão lateral";"Com Vítimas Feridas";"Pleno dia";"Decrescente";"Ceu Claro";"Dupla";"Reta";"Urbano";3;0;1;1;1;0;2;2
83514274;"09/11/16";"Quarta";"13:00:00";"MA";316;"262";"SANTA INES";"Falta de atenção";"Colisão traseira";"Com Vítimas Feridas";"Pleno dia";"Decrescente";"Ceu Claro";"Simples";"Reta";"Urbano";2;0;1;0;1;0;1;2
83514275;"09/11/16";"Quarta";"10:00:00";"SC";101;"205";"SAO JOSE";"Falta de atenção";"Colisão lateral";"Com Vítimas Feridas";"Pleno dia";"Crescente";"Chuva";"Dupla";"Reta";"Urbano";2;0;1;0;1;0;1;2
83514276;"09/11/16";"Quarta";"12:00:00";"RJ";40;"113";"DUQUE DE CAXIAS";"Falta de atenção";"Colisão lateral";"Sem Vítimas";"Pleno dia";"Decrescente";"Ceu Claro";"Dupla";"Reta";"Urbano";3;0;0;0;3;0;0;2
83514277;"09/11/16";"Quarta";"11:45:00";"PI";316;"315";"PICOS";"Falta de atenção";"Colisão Transversal";"Com Vítimas Feridas";"Pleno dia";"Decrescente";"Ceu Claro";"Simples";"Cruzamento";"Urbano";2;0;1;0;1;0;1;2
83514278;"09/11/16";"Quarta";"15:00:00";"PR";116;"58";"CAMPINA GRANDE DO SUL";"Velocidade incompatível";"Saída de Pista";"Sem Vítimas";"Pleno dia";"Decrescente";"Nublado";"Dupla";"Reta";"Rural";1;0;0;0;1;0;0;1
83514279;"09/11/16";"Quarta";"12:00:00";"PR";153;"42";"SANTO ANTONIO DA PLATINA";"Falta de atenção";"Colisão Transversal";"Com Vítimas Feridas";"Pleno dia";"Crescente";"Nublado";"Simples";"Reta";"Urbano";6;0;2;0;4;0;2;2
83514280;"06/11/16";"Domingo";"04:30:00";"MG";381;"937";"EXTREMA";"Outras";"Tombamento";"Sem Vítimas";"Plena noite";"Decrescente";"Nublado";"Dupla";"Reta";"Rural";1;0;0;0;1;0;0;1
83514281;"09/11/16";"Quarta";"11:30:00";"PR";376;"664";"GUARATUBA";"Velocidade incompatível";"Saída de Pista";"Com Vítimas Feridas";"Pleno dia";"Decrescente";"Chuva";"Dupla";"Curva";"Rural";1;0;1;0;0;0;1;1
83514282;"06/11/16";"Domingo";"22:20:00";"PA";230;"128";"MARABA";"Falta de atenção";"Colisão frontal";"Com Vítimas Fatais";"Plena noite";"Decrescente";"Ceu Claro";"Simples";"Reta";"Rural";2;1;0;0;0;1;0;2
83514283;"09/11/16";"Quarta";"12:35:00";"SC";101;"190,9";"BIGUACU";"Velocidade incompatível";"Capotamento";"Sem Vítimas";"Pleno dia";"Decrescente";"Chuva";"Múltipla";"Curva";"Urbano";2;0;0;0;2;0;0;1
83514284;"07/11/16";"Segunda";"10:15:00";"MT";364;"316";"JACIARA";"Falta de atenção";"Colisão traseira";"Com Vítimas Feridas";"Pleno dia";"Crescente";"Ceu Claro";"Dupla";"Reta";"Rural";5;0;1;0;4;0;1;2
83514285;"09/11/16";"Quarta";"06:30:00";"MG";365;"639,1";"UBERLANDIA";"Falta de atenção";"Colisão lateral";"Com Vítimas Feridas";"Pleno dia";"Decrescente";"Sol";"Dupla";"Reta";"Rural";3;0;0;1;1;1;1;2
83514286;"09/11/16";"Quarta";"15:30:00";"RS";386;"398,5";"TRIUNFO";"Velocidade incompatível";"Saída de Pista";"Sem Vítimas";"Pleno dia";"Crescente";"Chuva";"Dupla";"Reta";"Rural";1;0;0;0;1;0;0;1
83514287;"09/11/16";"Quarta";"15:40:00";"RS";386;"397,5";"TRIUNFO";"Velocidade incompatível";"Saída de Pista";"Sem Vítimas";"Pleno dia";"Decrescente";"Chuva";"Simples";"Reta";"Rural";1;0;0;0;1;0;0;1
83514288;"09/11/16";"Quarta";"11:00:00";"CE";20;"426,7";"FORTALEZA";"Outras";"Saída de Pista";"Sem Vítimas";"Pleno dia";"Decrescente";"Chuva";"Múltipla";"Reta";"Urbano";1;0;0;0;1;0;0;1
83514291;"09/11/16";"Quarta";"14:20:00";"SC";101;"101,1";"PICARRAS";"Velocidade incompatível";"Colisão traseira";"Com Vítimas Feridas";"Pleno dia";"Crescente";"Chuva";"Dupla";"Reta";"Urbano";4;0;1;0;3;0;1;4
83514292;"04/11/16";"Sexta";"08:00:00";"BA";324;"618";"SALVADOR";"Falta de atenção";"Colisão lateral";"Com Vítimas Feridas";"Pleno dia";"Crescente";"Ceu Claro";"Dupla";"Reta";"Urbano";2;0;1;0;1;0;1;2
83514293;"06/11/16";"Domingo";"11:55:00";"MG";251;"473";"FRANCISCO SA";"Velocidade incompatível";"Colisão traseira";"Sem Vítimas";"Pleno dia";"Crescente";"Ceu Claro";"Simples";"Curva";"Rural";3;0;0;0;3;0;0;3
83514294;"09/11/16";"Quarta";"13:40:00";"MG";40;"651";"CRISTIANO OTONI";"Outras";"Saída de Pista";"Com Vítimas Feridas";"Pleno dia";"Crescente";"Ceu Claro";"Simples";"Curva";"Urbano";1;0;1;0;0;0;1;1
83514295;"06/11/16";"Domingo";"18:00:00";"RJ";116;"293,2";"PORTO REAL";"Falta de atenção";"Colisão com objeto fixo";"Sem Vítimas";"Pleno dia";"Decrescente";"Nublado";"Dupla";"Reta";"Rural";1;0;0;0;1;0;0;1
83514296;"03/09/16";"Sábado";"22:15:00";"MT";70;"535";"NOSSA SENHORA DO LIVRAMENTO";"Ingestão de álcool";"Capotamento";"Com Vítimas Feridas";"Plena noite";"Decrescente";"Vento";"Simples";"Reta";"Rural";1;0;1;0;0;0;1;1
83514297;"09/11/16";"Quarta";"16:00:00";"RS";290;"130,4";"ELDORADO DO SUL";"Desobediência à sinalização";"Colisão Transversal";"Com Vítimas Feridas";"Pleno dia";"Crescente";"Chuva";"Dupla";"Reta";"Rural";2;0;0;1;1;0;1;2
83514298;"09/11/16";"Quarta";"08:40:00";"RS";386;"416,9";"MONTENEGRO";"Outras";"Atropelamento de pessoa";"Com Vítimas Feridas";"Pleno dia";"Decrescente";"Chuva";"Simples";"Reta";"Rural";2;0;1;1;0;0;2;1
83514299;"05/11/16";"Sábado";"21:30:00";"GO";153;"506,1";"APARECIDA DE GOIANIA";"Outras";"Saída de Pista";"Sem Vítimas";"Plena noite";"Decrescente";"Ceu Claro";"Dupla";"Reta";"Urbano";1;0;0;0;1;0;0;1
83514300;"28/09/16";"Quarta";"23:05:00";"RJ";393;"181";"PARAIBA DO SUL";"Outras";"Queda de motocicleta / bicicleta / veículo";"Com Vítimas Feridas";"Plena noite";"Crescente";"Nublado";"Simples";"Reta";"Rural";1;0;1;0;0;0;1;1
83514301;"09/11/16";"Quarta";"14:05:00";"PA";316;"23";"BENEVIDES";"Falta de atenção";"Colisão lateral";"Com Vítimas Feridas";"Pleno dia";"Decrescente";"Ceu Claro";"Dupla";"Curva";"Rural";4;0;3;0;1;0;3;2
83514303;"09/11/16";"Quarta";"08:15:00";"RO";364;"514";"ARIQUEMES";"Falta de atenção";"Colisão lateral";"Com Vítimas Feridas";"Pleno dia";"Decrescente";"Nublado";"Simples";"Reta";"Rural";3;0;2;0;0;1;2;2
83514304;"05/11/16";"Sábado";"18:45:00";"RS";448;"7";"ESTEIO";"Outras";"Colisão com objeto fixo";"Sem Vítimas";"Pleno dia";"Crescente";"Ceu Claro";"Dupla";"Reta";"Rural";2;0;0;0;2;0;0;1
83514305;"07/11/16";"Segunda";"05:00:00";"MA";135;"17,3";"SAO LUIS";"Animais na Pista";"Capotamento";"Com Vítimas Feridas";"Plena noite";"Decrescente";"Ceu Claro";"Dupla";"Reta";"Rural";2;0;0;1;1;0;1;1
83514306;"09/11/16";"Quarta";"12:40:00";"MT";70;"520";"VARZEA GRANDE";"Não guardar distância de segurança";"Colisão traseira";"Com Vítimas Feridas";"Pleno dia";"Crescente";"Sol";"Simples";"Reta";"Urbano";5;0;1;0;4;0;1;2
83514307;"09/11/16";"Quarta";"12:18:00";"MG";381;"481,3";"CONTAGEM";"Não guardar distância de segurança";"Colisão traseira";"Com Vítimas Feridas";"Pleno dia";"Decrescente";"Nublado";"Múltipla";"Curva";"Urbano";2;0;0;1;1;0;1;2
83514308;"09/11/16";"Quarta";"09:40:00";"SC";470;"146,5";"RIO DO SUL";"Defeito mecânico em veículo";"Saída de Pista";"Sem Vítimas";"Pleno dia";"Decrescente";"Chuva";"Simples";"Reta";"Rural";1;0;0;0;1;0;0;1
83514310;"01/11/16";"Terça";"15:00:00";"RJ";101;"282";"ITABORAI";"Outras";"Tombamento";"Sem Vítimas";"Pleno dia";"Decrescente";"Ceu Claro";"Simples";"Curva";"Rural";1;0;0;0;1;0;0;1
83514311;"06/11/16";"Domingo";"01:00:00";"MG";262;"382";"MATEUS LEME";"Velocidade incompatível";"Saída de Pista";"Ignorado";"Plena noite";"Crescente";"Chuva";"Dupla";"Curva";"Rural";1;0;0;0;0;1;0;1
83514312;"07/11/16";"Segunda";"07:40:00";"RJ";40;"110";"DUQUE DE CAXIAS";"Outras";"Colisão traseira";"Com Vítimas Feridas";"Pleno dia";"Crescente";"Sol";"Dupla";"Reta";"Urbano";6;0;2;0;4;0;2;5
83514313;"09/11/16";"Quarta";"14:00:00";"SP";116;"10,3";"ROSEIRA";"Falta de atenção";"Colisão traseira";"Sem Vítimas";"Pleno dia";"Decrescente";"Ceu Claro";"Dupla";"Reta";"Urbano";3;0;0;0;3;0;0;3
83514314;"09/11/16";"Quarta";"15:10:00";"SC";470;"149,2";"AGRONOMICA";"Falta de atenção";"Colisão Transversal";"Sem Vítimas";"Pleno dia";"Decrescente";"Chuva";"Simples";"Reta";"Rural";5;0;0;0;5;0;0;4
83514315;"09/11/16";"Quarta";"16:00:00";"SC";470;"118";"IBIRAMA";"Outras";"Capotamento";"Sem Vítimas";"Pleno dia";"Crescente";"Chuva";"Simples";"Curva";"Urbano";1;0;0;0;1;0;0;1
83514316;"06/09/16";"Terça";"14:50:00";"ES";101;"269";"SERRA";"Outras";"Colisão lateral";"Com Vítimas Feridas";"Pleno dia";"Crescente";"Ceu Claro";"Múltipla";"Reta";"Urbano";2;0;1;0;0;1;1;2
83514317;"04/10/16";"Terça";"09:30:00";"RJ";116;"80";"TERESOPOLIS";"Velocidade incompatível";"Colisão Transversal";"Com Vítimas Feridas";"Pleno dia";"Crescente";"Chuva";"Simples";"Reta";"Rural";2;0;1;0;1;0;1;2
83514318;"01/10/16";"Sábado";"05:30:00";"MA";135;"480";"PARAIBANO";"Defeito mecânico em veículo";"Tombamento";"Sem Vítimas";"Amanhecer";"Decrescente";"Ceu Claro";"Simples";"Reta";"Rural";1;0;0;0;1;0;0;1
83514319;"04/11/16";"Sexta";"16:55:00";"RO";364;"198,6";"PIMENTA BUENO";"Falta de atenção";"Tombamento";"Com Vítimas Feridas";"Pleno dia";"Decrescente";"Sol";"Simples";"Reta";"Urbano";1;0;1;0;0;0;1;1
83514320;"09/11/16";"Quarta";"14:00:00";"GO";20;"148,1";"ALVORADA DO NORTE";"Falta de atenção";"Colisão traseira";"Sem Vítimas";"Pleno dia";"Crescente";"Ceu Claro";"Simples";"Reta";"Rural";2;0;0;0;1;1;0;2
83514322;"09/11/16";"Quarta";"10:30:00";"SC";470;"142,7";"RIO DO SUL";"Falta de atenção";"Colisão traseira";"Com Vítimas Feridas";"Pleno dia";"Crescente";"Chuva";"Simples";"Reta";"Urbano";3;0;1;0;2;0;1;3
83514323;"09/11/16";"Quarta";"11:00:00";"MG";381;"427";"SABARA";"Outras";"Colisão frontal";"Com Vítimas Fatais";"Pleno dia";"Crescente";"Ceu Claro";"Simples";"Curva";"Urbano";7;1;0;4;2;0;4;3
83514325;"09/11/16";"Quarta";"13:00:00";"PR";376;"657,9";"TIJUCAS DO SUL";"Velocidade incompatível";"Saída de Pista";"Sem Vítimas";"Pleno dia";"Decrescente";"Chuva";"Dupla";"Curva";"Rural";1;0;0;0;1;0;0;1
83514326;"09/11/16";"Quarta";"15:35:00";"PE";232;"14";"JABOATAO DOS GUARARAPES";"Outras";"Colisão traseira";"Sem Vítimas";"Pleno dia";"Crescente";"Sol";"Dupla";"Reta";"Urbano";2;0;0;0;2;0;0;2
83514327;"05/11/16";"Sábado";"07:10:00";"ES";101;"15";"PEDRO CANARIO";"Desobediência à sinalização";"Colisão Transversal";"Com Vítimas Feridas";"Plena noite";"Decrescente";"Nublado";"Simples";"Cruzamento";"Urbano";2;0;0;1;0;1;1;2
83514328;"09/11/16";"Quarta";"16:00:00";"PR";277;"33";"MORRETES";"Velocidade incompatível";"Colisão com objeto fixo";"Sem Vítimas";"Pleno dia";"Decrescente";"Chuva";"Dupla";"Reta";"Rural";1;0;0;0;1;0;0;1
83514329;"09/11/16";"Quarta";"13:40:00";"PR";277;"128";"BALSA NOVA";"Outras";"Capotamento";"Com Vítimas Feridas";"Pleno dia";"Decrescente";"Nublado";"Dupla";"Curva";"Urbano";2;0;2;0;0;0;2;1
83514330;"09/11/16";"Quarta";"14:56:00";"RJ";116;"313";"ITATIAIA";"Defeito mecânico em veículo";"Queda de motocicleta / bicicleta / veículo";"Com Vítimas Feridas";"Pleno dia";"Crescente";"Ceu Claro";"Dupla";"Reta";"Rural";1;0;1;0;0;0;1;1
83514331;"09/11/16";"Quarta";"17:00:00";"PR";376;"32,3";"ORTIGUEIRA";"Defeito mecânico em veículo";"Saída de Pista";"Sem Vítimas";"Pleno dia";"Crescente";"Ceu Claro";"Simples";"Reta";"Rural";1;0;0;0;1;0;0;1
83514332;"09/11/16";"Quarta";"13:00:00";"RO";364;"790";"PORTO VELHO";"Defeito mecânico em veículo";"Colisão lateral";"Sem Vítimas";"Pleno dia";"Decrescente";"Sol";"Simples";"Reta";"Rural";2;0;0;0;2;0;0;2
83514333;"08/11/16";"Terça";"10:00:00";"MG";381;"288,9";"ANTONIO DIAS";"Falta de atenção";"Colisão Transversal";"Com Vítimas Feridas";"Pleno dia";"Decrescente";"Nublado";"Simples";"Reta";"Rural";3;0;1;1;1;0;2;2
83514334;"09/11/16";"Quarta";"09:35:00";"ES";262;"47";"MARECHAL FLORIANO";"Falta de atenção";"Colisão Transversal";"Com Vítimas Feridas";"Pleno dia";"Crescente";"Sol";"Simples";"Cruzamento";"Urbano";2;0;0;1;1;0;1;2
83514335;"09/11/16";"Quarta";"15:30:00";"MG";381;"304";"ANTONIO DIAS";"Defeito mecânico em veículo";"Tombamento";"Sem Vítimas";"Pleno dia";"Decrescente";"Ceu Claro";"Simples";"Curva";"Rural";1;0;0;0;1;0;0;1
83514336;"09/11/16";"Quarta";"11:40:00";"SC";470;"68";"INDAIAL";"Não guardar distância de segurança";"Colisão frontal";"Com Vítimas Feridas";"Pleno dia";"Crescente";"Chuva";"Simples";"Reta";"Urbano";3;0;0;2;1;0;2;2
83514337;"09/11/16";"Quarta";"10:30:00";"RJ";493;"17";"MAGE";"Falta de atenção";"Colisão traseira";"Sem Vítimas";"Pleno dia";"Decrescente";"Ceu Claro";"Simples";"Reta";"Urbano";2;0;0;0;2;0;0;2
83514338;"09/11/16";"Quarta";"15:34:00";"MT";364;"205";"RONDONOPOLIS";"Falta de atenção";"Colisão Transversal";"Com Vítimas Feridas";"Pleno dia";"Decrescente";"Nublado";"Dupla";"Reta";"Urbano";2;0;2;0;0;0;2;2
83514339;"09/11/16";"Quarta";"17:50:00";"RS";386;"344,3";"LAJEADO";"Falta de atenção";"Colisão traseira";"Com Vítimas Feridas";"Pleno dia";"Decrescente";"Chuva";"Dupla";"Reta";"Urbano";2;0;1;0;1;0;1;2
83514340;"09/11/16";"Quarta";"08:40:00";"PB";230;"59,9";"CRUZ DO ESPIRITO SANTO";"Defeito mecânico em veículo";"Capotamento";"Com Vítimas Feridas";"Pleno dia";"Crescente";"Ceu Claro";"Dupla";"Reta";"Rural";1;0;1;0;0;0;1;1
83514341;"06/11/16";"Domingo";"08:20:00";"ES";262;"76";"DOMINGOS MARTINS";"Falta de atenção";"Saída de Pista";"Com Vítimas Feridas";"Pleno dia";"Crescente";"Ceu Claro";"Simples";"Curva";"Rural";1;0;0;1;0;0;1;1
83514342;"09/11/16";"Quarta";"09:30:00";"MT";70;"287";"PRIMAVERA DO LESTE";"Não guardar distância de segurança";"Colisão traseira";"Sem Vítimas";"Pleno dia";"Crescente";"Ceu Claro";"Simples";"Reta";"Rural";2;0;0;0;2;0;0;2
83514343;"09/11/16";"Quarta";"15:20:00";"BA";101;"503";"ITABUNA";"Falta de atenção";"Colisão Transversal";"Sem Vítimas";"Pleno dia";"Decrescente";"Ceu Claro";"Simples";"Curva";"Rural";2;0;0;0;2;0;0;2
83514344;"26/05/16";"Quinta";"19:50:00";"AL";104;"46,7";"BRANQUINHA";"Outras";"Saída de Pista";"Com Vítimas Feridas";"Plena noite";"Crescente";"Nublado";"Simples";"Reta";"Rural";3;0;3;0;0;0;3;1
83514345;"09/11/16";"Quarta";"11:50:00";"RJ";493;"23";"MAGE";"Desobediência à sinalização";"Colisão Transversal";"Com Vítimas Feridas";"Pleno dia";"Crescente";"Sol";"Simples";"Reta";"Urbano";3;0;3;0;0;0;3;2
83514346;"05/11/16";"Sábado";"12:00:00";"SP";116;"227,4";"SAO PAULO";"Falta de atenção";"Colisão traseira";"Com Vítimas Feridas";"Pleno dia";"Decrescente";"Ceu Claro";"Múltipla";"Reta";"Urbano";2;0;1;0;1;0;1;2
83514347;"01/11/16";"Terça";"16:50:00";"GO";70;"7";"AGUAS LINDAS DE GOIAS";"Falta de atenção";"Atropelamento de pessoa";"Com Vítimas Feridas";"Pleno dia";"Crescente";"Sol";"Dupla";"Reta";"Urbano";2;0;1;0;1;0;1;1