"id";"data_inversa";"dia_semana";"horario";"uf";"br";"km";"municipio";"causa_acidente";"tipo_acidente";"classificacao_acidente";"fase_dia";"sentido_via";"condicao_metereologica";"tipo_pista";"tracado_via";"uso_solo";"pessoas";"mortos";"feridos_leves";"feridos_graves";"ilesos";"ignorados";"feridos";"veiculos"
83514348;"09/11/16";"Quarta";"05:00:00";"RS";285;"151,1";"MUITOS CAPOES";"Velocidade incompatível";"Colisão com objeto fixo";"Sem Vítimas";"Plena noite";"Decrescente";"Chuva";"Simples";"Curva";"Rural";2;0;0;0;2;0;0;1
83514349;"09/11/16";"Quarta";"16:05:00";"RS";290;"329,1";"CACAPAVA DO SUL";"Falta de atenção";"Colisão Transversal";"Sem Vítimas";"Pleno dia";"Crescente";"Ceu Claro";"Simples";"Cruzamento";"Rural";2;0;0;0;2;0;0;2
83514350;"06/11/16";"Domingo";"01:52:00";"SP";116;"35";"CRUZEIRO";"Outras";"Colisão traseira";"Sem Vítimas";"Plena noite";"Decrescente";"Nublado";"Dupla";"Reta";"Rural";2;0;0;0;2;0;0;2
83514351;"09/11/16";"Quarta";"14:20:00";"PR";277;"80";"CURITIBA";"Falta de atenção";"Colisão traseira";"Com Vítimas Feridas";"Pleno dia";"Decrescente";"Nublado";"Dupla";"Reta";"Urbano";2;0;1;0;1;0;1;2
83514352;"09/11/16";"Quarta";"08:46:00";"RO";364;"710";"PORTO VELHO";"Ingestão de álcool";"Colisão com objeto fixo";"Com Vítimas Feridas";"Pleno dia";"Crescente";"Sol";"Dupla";"Reta";"Rural";3;0;1;2;0;0;3;1
83514353;"06/11/16";"Domingo";"10:55:00";"GO";60;"243,2";"INDIARA";"Defeito mecânico em veículo";"Colisão com objeto fixo";"Com Vítimas Feridas";"Pleno dia";"Decrescente";"Sol";"Dupla";"Curva";"Rural";2;0;2;0;0;0;2;1
83514354;"09/11/16";"Quarta";"18:40:00";"RJ";116;"224";"PIRAI";"Outras";"Colisão Transversal";"Sem Vítimas";"Pleno dia";"Crescente";"Chuva";"Dupla";"Curva";"Rural";2;0;0;0;2;0;0;2
83514355;"05/11/16";"Sábado";"00:20:00";"GO";60;"30";"ALEXANIA";"Outras";"Colisão traseira";"Com Vítimas Fatais";"Plena noite";"Crescente";"Ceu Claro";"Dupla";"Reta";"Rural";2;1;0;0;0;1;0;2
83514356;"06/11/16";"Domingo";"05:00:00";"SP";116;"221";"GUARULHOS";"Outras";"Colisão com objeto fixo";"Sem Vítimas";"Plena noite";"Crescente";"Nublado";"Múltipla";"Reta";"Urbano";1;0;0;0;1;0;0;1
83514357;"07/11/16";"Segunda";"19:30:00";"RR";174;"506";"BOA VISTA";"Ingestão de álcool";"Queda de motocicleta / bicicleta / veículo";"Sem Vítimas";"Plena noite";"Decrescente";"Ceu Claro";"Dupla";"Reta";"Urbano";1;0;0;0;1;0;0;1
83514358;"09/11/16";"Quarta";"07:08:00";"RJ";101;"282";"ITABORAI";"Outras";"Colisão traseira";"Com Vítimas Fatais";"Amanhecer";"Decrescente";"Ceu Claro";"Dupla";"Reta";"Urbano";3;1;1;0;0;1;1;3
83514359;"09/11/16";"Quarta";"14:46:00";"PE";101;"82,3";"JABOATAO DOS GUARARAPES";"Falta de atenção";"Colisão lateral";"Com Vítimas Feridas";"Pleno dia";"Crescente";"Ceu Claro";"Dupla";"Reta";"Urbano";2;0;1;0;1;0;1;2
83514360;"09/11/16";"Quarta";"08:50:00";"MA";230;"227";"SAO DOMINGOS DO AZEITAO";"Outras";"Colisão lateral";"Sem Vítimas";"Pleno dia";"Crescente";"Chuva";"Simples";"Curva";"Rural";2;0;0;0;2;0;0;2
83514361;"09/11/16";"Quarta";"10:55:00";"SC";480;"123,5";"CHAPECO";"Falta de atenção";"Colisão lateral";"Sem Vítimas";"Pleno dia";"Crescente";"Ceu Claro";"Dupla";"Reta";"Urbano";2;0;0;0;2;0;0;2
83514362;"09/11/16";"Quarta";"14:00:00";"RO";364;"344,3";"JI-PARANA";"Falta de atenção";"Colisão traseira";"Sem Vítimas";"Pleno dia";"Decrescente";"Chuva";"Dupla";"Reta";"Urbano";5;0;0;0;5;0;0;2
83514363;"09/11/16";"Quarta";"20:10:00";"RS";470;"287";"MONTENEGRO";"Falta de atenção";"Colisão Transversal";"Sem Vítimas";"Plena noite";"Crescente";"Chuva";"Simples";"Reta";"Urbano";2;0;0;0;2;0;0;2
83514364;"09/11/16";"Quarta";"12:00:00";"CE";402;"269,7";"ITAPIPOCA";"Não guardar distância de segurança";"Colisão lateral";"Com Vítimas Feridas";"Pleno dia";"Crescente";"Nublado";"Simples";"Reta";"Rural";2;0;0;1;1;0;1;2
83514365;"09/11/16";"Quarta";"17:50:00";"GO";153;"500,5";"GOIANIA";"Falta de atenção";"Colisão traseira";"Sem Vítimas";"Pleno dia";"Crescente";"Ceu Claro";"Múltipla";"Reta";"Urbano";6;0;0;0;6;0;0;3
83514366;"09/11/16";"Quarta";"14:00:00";"ES";262;"3,7";"CARIACICA";"Falta de atenção";"Colisão traseira";"Sem Vítimas";"Pleno dia";"Crescente";"Ceu Claro";"Dupla";"Reta";"Urbano";3;0;0;0;3;0;0;3
83514367;"09/11/16";"Quarta";"09:15:00";"MG";146;"490,7";"BOTELHOS";"Falta de atenção";"Colisão Transversal";"Sem Vítimas";"Pleno dia";"Decrescente";"Sol";"Simples";"Reta";"Rural";4;0;0;0;4;0;0;2
83514368;"06/11/16";"Domingo";"21:40:00";"AM";319;"705";"HUMAITA";"Falta de atenção";"Colisão com objeto fixo";"Com Vítimas Feridas";"Plena noite";"Decrescente";"Ceu Claro";"Simples";"Reta";"Rural";1;0;0;1;0;0;1;1
83514369;"09/11/16";"Quarta";"13:50:00";"PR";277;"309,4";"GUARAPUAVA";"Outras";"Saída de Pista";"Sem Vítimas";"Pleno dia";"Crescente";"Chuva";"Simples";"Curva";"Rural";1;0;0;0;1;0;0;1
83514370;"09/11/16";"Quarta";"15:00:00";"PR";373;"455";"CHOPINZINHO";"Defeito mecânico em veículo";"Saída de Pista";"Sem Vítimas";"Pleno dia";"Decrescente";"Ceu Claro";"Simples";"Curva";"Rural";1;0;0;0;1;0;0;1
83514371;"08/11/16";"Terça";"12:15:00";"TO";153;"395";"RIO DOS BOIS";"Outras";"Saída de Pista";"Sem Vítimas";"Pleno dia";"Decrescente";"Sol";"Simples";"Reta";"Rural";1;0;0;0;1;0;0;1
83514372;"09/11/16";"Quarta";"12:55:00";"SC";101;"293";"IMBITUBA";"Velocidade incompatível";"Saída de Pista";"Ignorado";"Pleno dia";"Crescente";"Chuva";"Dupla";"Curva";"Rural";1;0;0;0;0;1;0;1
83514373;"09/11/16";"Quarta";"16:10:00";"RN";101;"104";"PARNAMIRIM";"Falta de atenção";"Colisão traseira";"Com Vítimas Feridas";"Pleno dia";"Crescente";"Sol";"Dupla";"Cruzamento";"Urbano";2;0;1;0;1;0;1;2
83514374;"09/11/16";"Quarta";"15:15:00";"PR";277;"434";"VIRMOND";"Outras";"Queda de motocicleta / bicicleta / veículo";"Com Vítimas Feridas";"Pleno dia";"Decrescente";"Ceu Claro";"Simples";"Curva";"Rural";1;0;0;1;0;0;1;1
83514375;"09/11/16";"Quarta";"17:55:00";"MG";267;"290";"BAEPENDI";"Falta de atenção";"Colisão traseira";"Sem Vítimas";"Pleno dia";"Crescente";"Sol";"Simples";"Reta";"Rural";3;0;0;0;3;0;0;2
83514376;"09/11/16";"Quarta";"20:45:00";"SC";101;"32";"JOINVILLE";"Outras";"Colisão traseira";"Com Vítimas Feridas";"Plena noite";"Decrescente";"Vento";"Dupla";"Curva";"Rural";2;0;1;0;0;1;1;2
83514377;"09/11/16";"Quarta";"15:30:00";"SE";235;"17";"LARANJEIRAS";"Outras";"Queda de motocicleta / bicicleta / veículo";"Com Vítimas Feridas";"Pleno dia";"Decrescente";"Sol";"Simples";"Reta";"Rural";2;0;2;0;0;0;2;1
83514378;"10/08/16";"Quarta";"13:00:00";"PA";316;"6";"ANANINDEUA";"Falta de atenção";"Colisão Transversal";"Com Vítimas Feridas";"Pleno dia";"Crescente";"Ceu Claro";"Dupla";"Reta";"Urbano";8;0;2;0;2;4;2;3
83514379;"09/11/16";"Quarta";"17:15:00";"SP";116;"444,7";"REGISTRO";"Ingestão de álcool";"Colisão traseira";"Sem Vítimas";"Anoitecer";"Crescente";"Nublado";"Múltipla";"Reta";"Urbano";2;0;0;0;2;0;0;2
83514380;"09/11/16";"Quarta";"21:20:00";"RS";285;"292,8";"PASSO FUNDO";"Desobediência à sinalização";"Colisão traseira";"Com Vítimas Feridas";"Plena noite";"Decrescente";"Nublado";"Simples";"Cruzamento";"Urbano";3;0;1;0;2;0;1;2
83514382;"09/11/16";"Quarta";"14:00:00";"AL";104;"87,8";"RIO LARGO";"Não guardar distância de segurança";"Colisão traseira";"Sem Vítimas";"Pleno dia";"Crescente";"Sol";"Dupla";"Reta";"Urbano";5;0;0;0;5;0;0;5
83514384;"09/11/16";"Quarta";"15:35:00";"ES";101;"159,1";"LINHARES";"Falta de atenção";"Colisão Transversal";"Com Vítimas Feridas";"Pleno dia";"Crescente";"Nublado";"Simples";"Cruzamento";"Urbano";2;0;1;0;1;0;1;2
83514385;"09/11/16";"Quarta";"12:00:00";"ES";101;"64,9";"SAO MATEUS";"Ingestão de álcool";"Colisão com bicicleta";"Com Vítimas Feridas";"Pleno dia";"Crescente";"Chuva";"Simples";"Reta";"Rural";2;0;1;0;1;0;1;2
83514386;"09/11/16";"Quarta";"15:45:00";"GO";153;"506,9";"APARECIDA DE GOIANIA";"Outras";"Colisão traseira";"Com Vítimas Feridas";"Pleno dia";"Crescente";"Sol";"Dupla";"Reta";"Urbano";2;0;0;1;1;0;1;2
83514387;"09/11/16";"Quarta";"11:00:00";"SP";116;"205";"ARUJA";"Não guardar distância de segurança";"Colisão traseira";"Sem Vítimas";"Pleno dia";"Decrescente";"Ceu Claro";"Múltipla";"Reta";"Urbano";2;0;0;0;2;0;0;2
83514388;"04/11/16";"Sexta";"23:50:00";"CE";222;"273";"FRECHEIRINHA";"Dormindo";"Colisão frontal";"Com Vítimas Feridas";"Plena noite";"Crescente";"Ceu Claro";"Simples";"Reta";"Rural";2;0;0;1;1;0;1;2
83514389;"09/11/16";"Quarta";"14:00:00";"PR";277;"128";"BALSA NOVA";"Outras";"Capotamento";"Sem Vítimas";"Pleno dia";"Decrescente";"Sol";"Dupla";"Curva";"Rural";1;0;0;0;1;0;0;1
83514390;"09/11/16";"Quarta";"07:45:00";"SP";116;"227";"GUARULHOS";"Falta de atenção";"Colisão lateral";"Com Vítimas Feridas";"Pleno dia";"Decrescente";"Ceu Claro";"Múltipla";"Reta";"Urbano";3;0;2;0;1;0;2;3
83514391;"09/11/16";"Quarta";"13:30:00";"TO";153;"308";"GUARAI";"Velocidade incompatível";"Saída de Pista";"Com Vítimas Fatais";"Pleno dia";"Decrescente";"Ceu Claro";"Simples";"Reta";"Rural";2;1;0;1;0;0;1;1
83514392;"05/11/16";"Sábado";"13:30:00";"RJ";101;"140";"MACAE";"Outras";"Saída de Pista";"Com Vítimas Feridas";"Pleno dia";"Crescente";"Chuva";"Dupla";"Reta";"Rural";3;0;2;1;0;0;3;1
83514393;"09/11/16";"Quarta";"18:00:00";"RN";101;"106";"PARNAMIRIM";"Desobediência à sinalização";"Atropelamento de pessoa";"Com Vítimas Feridas";"Plena noite";"Crescente";"Ceu Claro";"Dupla";"Cruzamento";"Urbano";2;0;1;0;0;1;1;1
83514394;"09/11/16";"Quarta";"21:10:00";"PR";277;"71";"SAO JOSE DOS PINHAIS";"Falta de atenção";"Saída de Pista";"Sem Vítimas";"Plena noite";"Crescente";"Chuva";"Dupla";"Reta";"Rural";1;0;0;0;1;0;0;1
83514395;"09/11/16";"Quarta";"15:40:00";"PR";369;"88,6";"CORNELIO PROCOPIO";"Outras";"Saída de Pista";"Com Vítimas Feridas";"Pleno dia";"Crescente";"Chuva";"Dupla";"Curva";"Urbano";2;0;0;1;1;0;1;1
83514396;"08/11/16";"Terça";"08:00:00";"AL";316;"179,3";"BELEM";"Falta de atenção";"Saída de Pista";"Com Vítimas Feridas";"Pleno dia";"Decrescente";"Ceu Claro";"Simples";"Reta";"Rural";1;0;1;0;0;0;1;1
83514397;"14/10/16";"Sexta";"23:10:00";"PR";163;"245";"TOLEDO";"Ingestão de álcool";"Colisão frontal";"Com Vítimas Feridas";"Plena noite";"Crescente";"Ceu Claro";"Simples";"Curva";"Rural";3;0;1;2;0;0;3;2
83514398;"09/11/16";"Quarta";"22:10:00";"MG";116;"276,1";"TEOFILO OTONI";"Desobediência à sinalização";"Colisão Transversal";"Com Vítimas Feridas";"Plena noite";"Decrescente";"Nublado";"Múltipla";"Cruzamento";"Urbano";2;0;1;0;1;0;1;2
83514399;"09/11/16";"Quarta";"16:50:00";"SC";101;"240,8";"PALHOCA";"Outras";"Saída de Pista";"Com Vítimas Feridas";"Pleno dia";"Decrescente";"Nublado";"Dupla";"Reta";"Rural";1;0;1;0;0;0;1;1
83514400;"06/11/16";"Domingo";"06:45:00";"SP";116;"225,6";"GUARULHOS";"Dormindo";"Colisão com objeto fixo";"Sem Vítimas";"Amanhecer";"Crescente";"Nublado";"Múltipla";"Curva";"Urbano";1;0;0;0;1;0;0;1
83514401;"05/11/16";"Sábado";"20:00:00";"SP";153;"37,7";"ONDA VERDE";"Ingestão de álcool";"Colisão traseira";"Com Vítimas Feridas";"Plena noite";"Decrescente";"Nublado";"Simples";"Reta";"Rural";2;0;1;0;1;0;1;2
83514402;"09/11/16";"Quarta";"18:50:00";"RJ";393;"275";"BARRA DO PIRAI";"Falta de atenção";"Colisão traseira";"Com Vítimas Fatais";"Anoitecer";"Decrescente";"Granizo";"Simples";"Reta";"Rural";3;1;0;0;1;1;0;3
83514403;"09/11/16";"Quarta";"18:45:00";"MG";40;"667,9";"CARANDAI";"Não guardar distância de segurança";"Colisão lateral";"Com Vítimas Feridas";"Anoitecer";"Decrescente";"Ceu Claro";"Simples";"Curva";"Urbano";3;0;0;2;1;0;2;2
83514404;"09/11/16";"Quarta";"22:00:00";"RS";290;"92";"PORTO ALEGRE";"Falta de atenção";"Atropelamento de pessoa";"Com Vítimas Fatais";"Plena noite";"Decrescente";"Nublado";"Múltipla";"Reta";"Urbano";2;1;0;0;1;0;0;1
83514405;"05/11/16";"Sábado";"19:00:00";"SC";101;"235";"PALHOCA";"Falta de atenção";"Colisão traseira";"Sem Vítimas";"Pleno dia";"Decrescente";"Ceu Claro";"Dupla";"Reta";"Rural";2;0;0;0;2;0;0;2
83514406;"29/09/16";"Quinta";"17:10:00";"MA";10;"286,9";"IMPERATRIZ";"Falta de atenção";"Colisão Transversal";"Com Vítimas Feridas";"Pleno dia";"Decrescente";"Sol";"Simples";"Reta";"Rural";3;0;2;0;1;0;2;2
83514407;"03/11/16";"Quinta";"16:30:00";"SC";101;"140";"BALNEARIO CAMBORIU";"Defeito mecânico em veículo";"Colisão traseira";"Sem Vítimas";"Pleno dia";"Crescente";"Ignorada";"Múltipla";"Reta";"Urbano";2;0;0;0;2;0;0;2
83514408;"05/11/16";"Sábado";"23:00:00";"SC";116;"105,7";"MONTE CASTELO";"Falta de atenção";"Saída de Pista";"Com Vítimas Feridas";"Plena noite";"Decrescente";"Nevoeiro/neblina";"Simples";"Curva";"Rural";1;0;1;0;0;0;1;1
83514409;"07/11/16";"Segunda";"18:40:00";"RS";472;"144,1";"TRES DE MAIO";"Velocidade incompatível";"Colisão traseira";"Com Vítimas Feridas";"Pleno dia";"Crescente";"Sol";"Simples";"Reta";"Rural";2;0;1;0;1;0;1;2
83514410;"09/11/16";"Quarta";"20:30:00";"RJ";101;"428";"MANGARATIBA";"Velocidade incompatível";"Capotamento";"Com Vítimas Feridas";"Plena noite";"Decrescente";"Nublado";"Simples";"Curva";"Rural";2;0;2;0;0;0;2;1
83514411;"09/11/16";"Quarta";"15:20:00";"TO";153;"218";"COLINAS DO TOCANTINS";"Outras";"Saída de Pista";"Com Vítimas Feridas";"Pleno dia";"Crescente";"Chuva";"Simples";"Reta";"Rural";3;0;2;1;0;0;3;1
83514412;"09/11/16";"Quarta";"21:10:00";"BA";101;"817";"ITAMARAJU";"Outras";"Saída de Pista";"Sem Vítimas";"Plena noite";"Crescente";"Ceu Claro";"Simples";"Curva";"Rural";5;0;0;0;5;0;0;1
83514413;"09/11/16";"Quarta";"20:20:00";"RJ";101;"409";"ITAGUAI";"Outras";"Capotamento";"Sem Vítimas";"Plena noite";"Crescente";"Nublado";"Dupla";"Reta";"Urbano";3;0;0;0;3;0;0;1
83514414;"10/11/16";"Quinta";"05:15:00";"PA";163;"998";"SANTAREM";"Outras";"Colisão frontal";"Com Vítimas Feridas";"Amanhecer";"Decrescente";"Ceu Claro";"Simples";"Reta";"Urbano";3;0;1;1;1;0;2;2
83514415;"21/09/16";"Quarta";"08:05:00";"PR";277;"255,8";"IRATI";"Outras";"Colisão lateral";"Com Vítimas Feridas";"Pleno dia";"Decrescente";"Ceu Claro";"Simples";"Reta";"Rural";3;0;2;1;0;0;3;2
83514416;"10/11/16";"Quinta";"01:48:00";"SP";116;"373";"MIRACATU";"Outras";"Tombamento";"Com Vítimas Feridas";"Plena noite";"Crescente";"Chuva";"Dupla";"Reta";"Rural";1;0;1;0;0;0;1;1
83514417;"10/11/16";"Quinta";"05:00:00";"BA";101;"382";"IBIRAPITANGA";"Outras";"Tombamento";"Sem Vítimas";"Pleno dia";"Crescente";"Nublado";"Simples";"Curva";"Rural";1;0;0;0;1;0;0;1
83514418;"09/11/16";"Quarta";"19:20:00";"BA";101;"497";"ITABUNA";"Outras";"Colisão frontal";"Sem Vítimas";"Plena noite";"Crescente";"Nublado";"Simples";"Reta";"Rural";2;0;0;0;2;0;0;2
83514419;"06/11/16";"Domingo";"15:00:00";"MG";381;"936,5";"EXTREMA";"Velocidade incompatível";"Colisão traseira";"Sem Vítimas";"Pleno dia";"Crescente";"Chuva";"Dupla";"Reta";"Rural";4;0;0;0;4;0;0;4
83514420;"10/11/16";"Quinta";"05:00:00";"MG";40;"607,3";"CONGONHAS";"Dormindo";"Saída de Pista";"Sem Vítimas";"Amanhecer";"Decrescente";"Chuva";"Simples";"Reta";"Rural";1;0;0;0;1;0;0;1
83514421;"10/11/16";"Quinta";"06:50:00";"MT";364;"49";"ALTO GARCAS";"Falta de atenção";"Saída de Pista";"Sem Vítimas";"Pleno dia";"Decrescente";"Sol";"Simples";"Reta";"Rural";1;0;0;0;1;0;0;1
83514422;"07/11/16";"Segunda";"02:15:00";"MG";267;"263,2";"AIURUOCA";"Velocidade incompatível";"Saída de Pista";"Com Vítimas Feridas";"Plena noite";"Crescente";"Ceu Claro";"Simples";"Curva";"Rural";2;0;2;0;0;0;2;1
83514423;"04/11/16";"Sexta";"23:50:00";"MG";267;"31,3";"ARGIRITA";"Velocidade incompatível";"Capotamento";"Sem Vítimas";"Plena noite";"Decrescente";"Chuva";"Simples";"Curva";"Rural";1;0;0;0;1;0;0;1
83514425;"07/11/16";"Segunda";"00:25:00";"PR";277;"178,1";"PALMEIRA";"Outras";"Colisão frontal";"Com Vítimas Fatais";"Plena noite";"Decrescente";"Ceu Claro";"Simples";"Reta";"Rural";2;1;0;0;1;0;0;2
83514426;"10/11/16";"Quinta";"08:00:00";"PR";277;"116";"CAMPO LARGO";"Dormindo";"Capotamento";"Com Vítimas Feridas";"Amanhecer";"Crescente";"Nublado";"Dupla";"Reta";"Rural";1;0;0;1;0;0;1;1
83514427;"09/11/16";"Quarta";"19:50:00";"SP";116;"278";"EMBU";"Outras";"Queda de motocicleta / bicicleta / veículo";"Com Vítimas Feridas";"Plena noite";"Crescente";"Chuva";"Dupla";"Reta";"Urbano";1;0;1;0;0;0;1;1
83514428;"23/10/16";"Domingo";"08:50:00";"MG";40;"734,7";"SANTOS DUMONT";"Velocidade incompatível";"Saída de Pista";"Sem Vítimas";"Pleno dia";"Decrescente";"Chuva";"Simples";"Curva";"Rural";1;0;0;0;1;0;0;1
83514429;"09/11/16";"Quarta";"22:20:00";"SC";101;"10,6";"GARUVA";"Falta de atenção";"Colisão com objeto fixo";"Sem Vítimas";"Plena noite";"Decrescente";"Nublado";"Dupla";"Curva";"Rural";1;0;0;0;1;0;0;1
83514430;"10/11/16";"Quinta";"05:50:00";"RJ";101;"49,6";"CAMPOS DOS GOYTACAZES";"Outras";"Atropelamento de pessoa";"Com Vítimas Fatais";"Amanhecer";"Crescente";"Chuva";"Simples";"Reta";"Urbano";2;1;0;0;1;0;0;1
83514431;"09/11/16";"Quarta";"00:45:00";"RJ";116;"269";"BARRA MANSA";"Outras";"Colisão com objeto fixo";"Sem Vítimas";"Plena noite";"Crescente";"Chuva";"Dupla";"Curva";"Urbano";1;0;0;0;1;0;0;1
83514432;"24/10/16";"Segunda";"11:40:00";"RJ";116;"182";"NOVA IGUACU";"Falta de atenção";"Colisão lateral";"Com Vítimas Feridas";"Plena noite";"Decrescente";"Ceu Claro";"Múltipla";"Reta";"Urbano";2;0;1;0;1;0;1;2
83514433;"10/11/16";"Quinta";"07:15:00";"DF";20;"0";"BRASILIA";"Outras";"Colisão lateral";"Com Vítimas Feridas";"Amanhecer";"Decrescente";"Nublado";"Dupla";"Reta";"Urbano";3;0;2;0;1;0;2;2
83514434;"20/10/16";"Quinta";"12:10:00";"BA";116;"380";"SANTA BARBARA";"Outras";"Colisão lateral";"Sem Vítimas";"Pleno dia";"Crescente";"Ceu Claro";"Simples";"Reta";"Rural";2;0;0;0;2;0;0;2
83514435;"09/11/16";"Quarta";"23:30:00";"RO";364;"150";"PIMENTA BUENO";"Animais na Pista";"Atropelamento de animal";"Sem Vítimas";"Plena noite";"Decrescente";"Nublado";"Simples";"Reta";"Rural";5;0;0;0;5;0;0;1
83514436;"06/11/16";"Domingo";"09:20:00";"MG";262;"465,5";"BOM DESPACHO";"Falta de atenção";"Capotamento";"Com Vítimas Feridas";"Pleno dia";"Crescente";"Nublado";"Simples";"Reta";"Rural";2;0;1;1;0;0;2;1
83514437;"06/11/16";"Domingo";"11:30:00";"BA";116;"421";"FEIRA DE SANTANA";"Falta de atenção";"Atropelamento de pessoa";"Com Vítimas Feridas";"Pleno dia";"Crescente";"Ceu Claro";"Dupla";"Reta";"Urbano";2;0;1;0;0;1;1;1
83514438;"29/10/16";"Sábado";"20:00:00";"SC";101;"206,8";"SAO JOSE";"Defeito mecânico em veículo";"Queda de motocicleta / bicicleta / veículo";"Com Vítimas Feridas";"Plena noite";"Decrescente";"Nublado";"Dupla";"Reta";"Urbano";2;0;1;1;0;0;2;1
83514439;"10/11/16";"Quinta";"03:30:00";"SP";116;"120,5";"CACAPAVA";"Outras";"Capotamento";"Ignorado";"Plena noite";"Decrescente";"Ceu Claro";"Dupla";"Reta";"Rural";1;0;0;0;0;1;0;1
83514440;"05/11/16";"Sábado";"21:40:00";"SP";116;"276";"EMBU";"Falta de atenção";"Colisão traseira";"Com Vítimas Feridas";"Plena noite";"Decrescente";"Nublado";"Múltipla";"Reta";"Urbano";2;0;1;0;0;1;1;2
83514441;"10/11/16";"Quinta";"01:40:00";"RJ";40;"117";"DUQUE DE CAXIAS";"Dormindo";"Colisão com objeto fixo";"Com Vítimas Feridas";"Plena noite";"Crescente";"Chuva";"Múltipla";"Reta";"Urbano";1;0;1;0;0;0;1;1
83514442;"10/11/16";"Quinta";"08:40:00";"RS";293;"172,8";"BAGE";"Desobediência à sinalização";"Colisão Transversal";"Com Vítimas Feridas";"Pleno dia";"Decrescente";"Nublado";"Simples";"Cruzamento";"Rural";2;0;1;0;1;0;1;2
83514443;"10/11/16";"Quinta";"04:40:00";"MG";40;"697";"BARBACENA";"Falta de atenção";"Colisão Transversal";"Sem Vítimas";"Plena noite";"Decrescente";"Chuva";"Dupla";"Curva";"Rural";2;0;0;0;2;0;0;2
83514444;"09/11/16";"Quarta";"15:20:00";"TO";153;"133,5";"ARAGUAINA";"Falta de atenção";"Colisão traseira";"Sem Vítimas";"Pleno dia";"Decrescente";"Chuva";"Simples";"Reta";"Urbano";3;0;0;0;3;0;0;2
83514446;"06/11/16";"Domingo";"22:15:00";"SC";282;"334,2";"CAMPOS NOVOS";"Ingestão de álcool";"Colisão frontal";"Com Vítimas Fatais";"Plena noite";"Decrescente";"Ceu Claro";"Simples";"Curva";"Urbano";4;1;0;2;1;0;2;2
83514447;"29/10/16";"Sábado";"20:30:00";"SC";101;"207";"SAO JOSE";"Falta de atenção";"Colisão lateral";"Com Vítimas Feridas";"Plena noite";"Decrescente";"Chuva";"Dupla";"Reta";"Urbano";2;0;1;0;1;0;1;2
83514448;"05/11/16";"Sábado";"02:40:00";"RN";304;"98";"ASSU";"Desobediência à sinalização";"Colisão Transversal";"Com Vítimas Fatais";"Plena noite";"Decrescente";"Ceu Claro";"Simples";"Reta";"Rural";3;1;0;2;0;0;2;2
83514449;"10/11/16";"Quinta";"05:00:00";"MG";381;"668";"PERDOES";"Dormindo";"Tombamento";"Sem Vítimas";"Plena noite";"Decrescente";"Nublado";"Dupla";"Reta";"Rural";1;0;0;0;1;0;0;1
83514450;"10/11/16";"Quinta";"05:15:00";"SP";116;"216";"GUARULHOS";"Velocidade incompatível";"Colisão Transversal";"Sem Vítimas";"Amanhecer";"Decrescente";"Ignorada";"Dupla";"Reta";"Urbano";2;0;0;0;2;0;0;2
83514451;"06/11/16";"Domingo";"21:20:00";"SC";282;"500,8";"XANXERE";"Falta de atenção";"Saída de Pista";"Com Vítimas Feridas";"Plena noite";"Crescente";"Ceu Claro";"Múltipla";"Reta";"Urbano";1;0;1;0;0;0;1;1
83514452;"06/11/16";"Domingo";"20:00:00";"MT";163;"746";"SORRISO";"Falta de atenção";"Queda de motocicleta / bicicleta / veículo";"Com Vítimas Feridas";"Plena noite";"Decrescente";"Nublado";"Dupla";"Curva";"Rural";1;0;1;0;0;0;1;1
83514453;"11/09/16";"Domingo";"14:30:00";"PR";476;"129,7";"CURITIBA";"Falta de atenção";"Colisão lateral";"Sem Vítimas";"Pleno dia";"Crescente";"Ceu Claro";"Múltipla";"Reta";"Urbano";6;0;0;0;6;0;0;2
83514454;"10/11/16";"Quinta";"07:10:00";"MS";463;"2";"DOURADOS";"Falta de atenção";"Colisão lateral";"Com Vítimas Feridas";"Pleno dia";"Decrescente";"Ceu Claro";"Simples";"Reta";"Urbano";2;0;2;0;0;0;2;2
83514455;"10/11/16";"Quinta";"01:05:00";"MG";40;"701,5";"BARBACENA";"Não guardar distância de segurança";"Colisão com bicicleta";"Com Vítimas Feridas";"Plena noite";"Decrescente";"Nublado";"Dupla";"Reta";"Urbano";3;0;2;1;0;0;3;2
83514456;"10/11/16";"Quinta";"08:05:00";"PB";230;"516,5";"CAJAZEIRAS";"Falta de atenção";"Colisão lateral";"Com Vítimas Feridas";"Pleno dia";"Decrescente";"Ceu Claro";"Simples";"Reta";"Urbano";4;0;2;0;2;0;2;3
83514457;"02/11/16";"Quarta";"21:00:00";"BA";324;"514";"FEIRA DE SANTANA";"Ingestão de álcool";"Colisão traseira";"Com Vítimas Feridas";"Plena noite";"Decrescente";"Ceu Claro";"Simples";"Cruzamento";"Urbano";3;0;1;1;1;0;2;2
83514458;"07/11/16";"Segunda";"00:20:00";"RJ";393;"282,1";"VOLTA REDONDA";"Dormindo";"Colisão frontal";"Com Vítimas Feridas";"Plena noite";"Decrescente";"Nublado";"Simples";"Reta";"Urbano";4;0;2;1;1;0;3;2
83514459;"06/11/16";"Domingo";"23:00:00";"RJ";101;"407";"ITAGUAI";"Falta de atenção";"Colisão Transversal";"Com Vítimas Feridas";"Plena noite";"Crescente";"Nublado";"Dupla";"Reta";"Urbano";5;0;3;0;2;0;3;2
83514460;"10/11/16";"Quinta";"06:30:00";"DF";20;"46";"BRASILIA";"Outras";"Saída de Pista";"Com Vítimas Feridas";"Plena noite";"Crescente";"Ignorada";"Dupla";"Reta";"Rural";2;0;1;0;0;1;1;1